Date,Open,High,Low,Close,Volume,Dividends,Stock Splits
2005-06-24 00:00:00+09:00,47477.11277173913,54598.6796875,47081.47016530797,54598.6796875,499325,0.0,0.0
2005-06-27 00:00:00+09:00,56181.24727393617,56774.711153590426,46488.00390625,46488.00390625,476825,0.0,0.0
2005-06-28 00:00:00+09:00,48268.39663993363,48268.39663993363,41542.472517975664,44707.61328125,243575,0.0,0.0
2005-06-29 00:00:00+09:00,43718.50585061659,45498.897491591924,43125.04197029148,44114.1484375,123375,0.0,0.0
2005-06-30 00:00:00+09:00,44509.791024383405,46685.82525224215,43916.3271440583,44114.1484375,136375,0.0,0.0
2005-07-01 00:00:00+09:00,44114.1484375,45301.07619815022,43520.684557174885,44114.1484375,59475,0.0,0.0
2005-07-04 00:00:00+09:00,44311.9725877193,45696.72173108553,43718.50866913377,45103.2578125,70200,0.0,0.0
2005-07-05 00:00:00+09:00,45894.54487179487,48861.86458333333,45894.54487179487,46290.1875,144725,0.0,0.0
2005-07-06 00:00:00+09:00,47081.46978943133,47477.112392703864,44905.43547143241,46092.36328125,69600,0.0,0.0
2005-07-07 00:00:00+09:00,45696.721662850214,46685.82819234914,45301.07905105065,45894.54296875,51750,0.0,0.0
2005-07-08 00:00:00+09:00,45894.54203056768,45894.54203056768,44707.61421943231,45301.078125,56825,0.0,0.0
2005-07-11 00:00:00+09:00,46092.367072125526,48070.58025118671,45498.90311840717,46883.65234375,139750,0.0,0.0
2005-07-12 00:00:00+09:00,47081.470874451756,47279.29218064693,45103.2578125,45103.2578125,49975,0.0,0.0
2005-07-13 00:00:00+09:00,44905.4375,45894.544052863435,44707.61618942731,44905.4375,43375,0.0,0.0
2005-07-14 00:00:00+09:00,44114.15149377893,44509.794108072914,42135.938422309024,42729.40234375,83550,0.0,0.0
2005-07-15 00:00:00+09:00,43916.328160837154,44707.61335292431,42927.221670728206,43125.04296875,100800,0.0,0.0
2005-07-18 00:00:00+09:00,42927.22372494104,44114.15156987028,41938.1171875,41938.1171875,66925,0.0,0.0
2005-07-19 00:00:00+09:00,42729.40135368663,43916.32916906682,42531.580051123274,42927.22265625,65375,0.0,0.0
2005-07-20 00:00:00+09:00,43125.0440140845,43520.68661971831,41344.652288732395,42135.9375,60075,0.0,0.0
2005-07-21 00:00:00+09:00,41740.29494991029,42927.22276839115,40355.545828349284,41344.65234375,81275,0.0,0.0
2005-07-22 00:00:00+09:00,40751.188549440296,40751.188549440296,39168.61812033582,39762.08203125,52625,0.0,0.0
2005-07-25 00:00:00+09:00,38772.97225665449,38772.97225665449,37150.83770305976,37902.55859375,175875,0.0,0.0
2005-07-26 00:00:00+09:00,37546.482574903355,38970.795928640466,37546.482574903355,38377.33203125,100925,0.0,0.0
2005-07-27 00:00:00+09:00,38733.412147671566,41344.65341605392,38496.02657781863,40355.546875,151700,0.0,0.0
2005-07-28 00:00:00+09:00,40949.008255234454,41344.650847072466,39445.56640625,39445.56640625,91200,0.0,0.0
2005-07-29 00:00:00+09:00,39762.08264184619,40157.725255197896,38772.97610846693,39485.1328125,71925,0.0,0.0
2005-08-01 00:00:00+09:00,39406.00548007246,40949.01171875,39089.49137983092,40949.01171875,57125,0.0,0.0
2005-08-02 00:00:00+09:00,41344.65434405193,41344.65434405193,40157.72646814614,40949.01171875,71650,0.0,0.0
2005-08-03 00:00:00+09:00,40751.19005378055,40949.01136472123,38416.89858468049,38852.10546875,57025,0.0,0.0
2005-08-04 00:00:00+09:00,39762.08530016447,39959.90662006579,37190.40814144737,37586.05078125,90175,0.0,0.0
2005-08-05 00:00:00+09:00,37348.661625971145,37348.661625971145,35212.19157533296,35647.3984375,57700,0.0,0.0
2005-08-08 00:00:00+09:00,34420.90762867647,35726.52826286765,34223.086320465685,34302.21484375,80025,0.0,0.0
2005-08-09 00:00:00+09:00,33669.186579508074,34025.26493346292,32442.694471441388,33075.72265625,121450,0.0,0.0
2005-08-10 00:00:00+09:00,33985.6974609375,37586.044921875,33787.876171875,34816.546875,200800,0.0,0.0
2005-08-11 00:00:00+09:00,35212.1937426557,35251.7580052879,33629.62323736781,33669.1875,76750,0.0,0.0
2005-08-12 00:00:00+09:00,33669.18720785585,33669.18720785585,32205.309503166463,32798.7734375,109150,0.0,0.0
2005-08-15 00:00:00+09:00,32798.7734375,32798.7734375,32798.7734375,32798.7734375,0,0.0,0.0
2005-08-16 00:00:00+09:00,32244.872132120254,33787.878283227845,31137.07284414557,31255.765625,216975,0.0,0.0
2005-08-17 00:00:00+09:00,30978.81596734551,31928.358219218168,30899.687446356118,31690.97265625,79550,0.0,0.0
2005-08-18 00:00:00+09:00,31651.407090053763,31888.792643229164,29277.55155829973,29435.80859375,90725,0.0,0.0
2005-08-19 00:00:00+09:00,29000.60304595105,30741.43051392083,28248.882093873195,30108.40234375,223150,0.0,0.0
2005-08-22 00:00:00+09:00,30464.480661275942,30701.8662248703,29950.145273488164,30504.044921875,67775,0.0,0.0
2005-08-23 00:00:00+09:00,30504.04465576172,31770.10098388672,30306.223354492187,31651.408203125,78050,0.0,0.0
2005-08-24 00:00:00+09:00,31651.40825320513,31967.92233573718,30622.73748497596,30860.123046875,46175,0.0,0.0
2005-08-25 00:00:00+09:00,30543.610026903974,30780.995597061257,29871.017578125,29871.017578125,34225,0.0,0.0
2005-08-26 00:00:00+09:00,29871.016396986164,30464.480298913044,29514.93805583004,30029.2734375,36675,0.0,0.0
2005-08-29 00:00:00+09:00,29158.858596947473,30029.272286408595,28921.47304527626,29000.6015625,24725,0.0,0.0
2005-08-30 00:00:00+09:00,29791.88806794819,30187.530671772205,29000.602860300165,30068.837890625,34600,0.0,0.0
2005-08-31 00:00:00+09:00,29673.195213607596,31572.27970727848,29673.195213607596,31255.765625,38325,0.0,0.0
2005-09-01 00:00:00+09:00,32007.486767639853,32007.486767639853,31057.944514953382,31295.330078125,24175,0.0,0.0
2005-09-02 00:00:00+09:00,31651.40839575531,32363.565084659804,31572.279874765918,31690.97265625,42575,0.0,0.0
2005-09-05 00:00:00+09:00,32047.051704545454,32719.644147727275,31374.459261363638,32640.515625,45150,0.0,0.0
2005-09-06 00:00:00+09:00,32798.77150583791,32877.900025755494,32047.050566620877,32403.12890625,31550,0.0,0.0
2005-09-07 00:00:00+09:00,32442.69454656863,32640.515854779413,32047.05193014706,32284.4375,28375,0.0,0.0
2005-09-08 00:00:00+09:00,32205.308698381697,32363.56574358259,30860.123814174105,31018.380859375,46175,0.0,0.0
2005-09-09 00:00:00+09:00,30860.122089460783,31176.636162173203,30187.529684946894,30266.658203125,38200,0.0,0.0
2005-09-12 00:00:00+09:00,30068.83979301948,30860.12505073052,30068.83979301948,30464.482421875,34100,0.0,0.0
2005-09-13 00:00:00+09:00,31057.944735553865,31849.22995174632,30820.55917069613,30939.251953125,35125,0.0,0.0
2005-09-14 00:00:00+09:00,30662.30167341821,32047.05078125,30187.530550733027,32047.05078125,47825,0.0,0.0
2005-09-15 00:00:00+09:00,31967.92169855709,32640.514110531683,31176.636507998748,31532.71484375,57225,0.0,0.0
2005-09-16 00:00:00+09:00,31611.844611810553,32996.59375,31414.023306354917,32996.59375,70875,0.0,0.0
2005-09-19 00:00:00+09:00,32996.59375,32996.59375,32996.59375,32996.59375,0,0.0,0.0
2005-09-20 00:00:00+09:00,33233.98191883313,33550.49603234583,32324.00384248413,32719.646484375,68875,0.0,0.0
2005-09-21 00:00:00+09:00,32403.12857121585,32561.385609414705,31097.508006075284,31137.072265625,67100,0.0,0.0
2005-09-22 00:00:00+09:00,30899.686900182423,31453.586537317577,30741.429861000954,31176.63671875,29700,0.0,0.0
2005-09-23 00:00:00+09:00,31216.202237913123,31374.45928347922,30227.095703125,30227.095703125,53750,0.0,0.0
2005-09-26 00:00:00+09:00,29752.32494288512,30543.61018072781,29752.32494288512,30306.224609375,29450,0.0,0.0
2005-09-27 00:00:00+09:00,30108.40234375,30543.609210742445,30029.273822478648,30108.40234375,34750,0.0,0.0
2005-09-28 00:00:00+09:00,30227.09684456169,30978.817839387175,30227.09684456169,30464.482421875,31925,0.0,0.0
2005-09-29 00:00:00+09:00,30266.6579987282,30860.121881056202,30266.6579987282,30622.736328125,34200,0.0,0.0
2005-09-30 00:00:00+09:00,30860.123591188523,31611.844550461065,30662.302286116803,31374.458984375,53825,0.0,0.0
2005-10-03 00:00:00+09:00,31374.458984375,31374.458984375,31374.458984375,31374.458984375,0,0.0,0.0
2005-10-04 00:00:00+09:00,31453.587443784592,32403.129706238466,31374.458921913436,32165.744140625,62050,0.0,0.0
2005-10-05 00:00:00+09:00,32126.181450369917,32126.181450369917,31374.460455841556,32086.6171875,76025,0.0,0.0
2005-10-06 00:00:00+09:00,32165.74353801448,33233.97856326219,32047.0507574314,32442.693359375,87725,0.0,0.0
2005-10-07 00:00:00+09:00,32086.616422707557,32561.387565830235,31651.40954151177,31928.359375,40425,0.0,0.0
2005-10-10 00:00:00+09:00,32007.486905403322,32640.51507658559,31730.537080511083,32126.1796875,53275,0.0,0.0
2005-10-11 00:00:00+09:00,32442.695130813954,34579.16529796512,32244.8738190407,34025.265625,186775,0.0,0.0
2005-10-12 00:00:00+09:00,34143.95787522137,34935.24310987308,33233.9798553719,33510.9296875,106100,0.0,0.0
2005-10-13 00:00:00+09:00,33273.54396400269,33748.31510260915,32561.387256093,33075.72265625,72325,0.0,0.0
2005-10-14 00:00:00+09:00,33233.979545454546,33590.057897727274,32403.130056818183,32640.515625,70950,0.0,0.0
2005-10-17 00:00:00+09:00,32838.33818202836,32877.902444898275,31888.795873150433,32086.6171875,52825,0.0,0.0
2005-10-18 00:00:00+09:00,32047.051166102217,32719.643597983373,32047.051166102217,32126.1796875,58650,0.0,0.0
2005-10-19 00:00:00+09:00,31928.35812859786,31967.922388980263,29871.01658871299,30068.837890625,53375,0.0,0.0
2005-10-20 00:00:00+09:00,30345.786721303106,30622.73653492647,29950.14413041258,30266.658203125,44975,0.0,0.0
2005-10-21 00:00:00+09:00,29831.453466669387,30583.174442619944,29673.196419100852,30306.224609375,29450,0.0,0.0
2005-10-24 00:00:00+09:00,30187.53155851911,31453.58792794586,30187.53155851911,31057.9453125,36925,0.0,0.0
2005-10-25 00:00:00+09:00,31453.587538912838,31493.151799968073,30899.687884139526,30978.81640625,25750,0.0,0.0
2005-10-26 00:00:00+09:00,30978.81640625,31137.073450470947,30662.30231780811,30978.81640625,13475,0.0,0.0
2005-10-27 00:00:00+09:00,30978.814628031716,32798.7705321051,30939.25036924751,31809.6640625,57775,0.0,0.0
2005-10-28 00:00:00+09:00,31453.58692642405,31809.66526898734,30860.1230221519,31255.765625,29450,0.0,0.0
2005-10-31 00:00:00+09:00,31295.33065373111,32165.744401369648,31018.38082493703,31414.0234375,23775,0.0,0.0
2005-11-01 00:00:00+09:00,31809.665196265243,33669.18542540015,31651.408155487803,32442.693359375,145250,0.0,0.0
2005-11-02 00:00:00+09:00,32640.514466002747,33075.72132554945,32324.000386332416,32403.12890625,38325,0.0,0.0
2005-11-03 00:00:00+09:00,32640.517198416615,33154.85262093712,32442.695882062577,32561.388671875,48125,0.0,0.0
2005-11-04 00:00:00+09:00,32600.949424846625,32838.33497891104,31809.664244631902,32244.87109375,45150,0.0,0.0
2005-11-07 00:00:00+09:00,32363.564259485924,32482.257037943695,31809.664626682985,32324.0,39750,0.0,0.0
2005-11-08 00:00:00+09:00,32205.307525101864,33985.69921875,32165.743265243014,33985.69921875,112575,0.0,0.0
2005-11-09 00:00:00+09:00,34302.21570211516,34302.21570211516,33075.72356051704,33669.1875,70025,0.0,0.0
2005-11-10 00:00:00+09:00,33787.87899894068,35014.37109375,33431.800648834746,35014.37109375,103225,0.0,0.0
2005-11-11 00:00:00+09:00,35014.37070887599,36280.42705089185,34579.16384130804,34935.2421875,131100,0.0,0.0
2005-11-14 00:00:00+09:00,35884.78696006586,38693.84966587035,35686.965642755684,38298.20703125,327200,0.0,0.0
2005-11-15 00:00:00+09:00,38772.97245872033,39326.87206527348,37190.40215428277,38337.765625,188750,0.0,0.0
2005-11-16 00:00:00+09:00,37783.8671875,38377.33107002618,36992.58201079843,37783.8671875,98300,0.0,0.0
2005-11-17 00:00:00+09:00,37586.04593579235,37744.302971311474,36003.475580601094,36201.296875,116600,0.0,0.0
2005-11-18 00:00:00+09:00,36003.47861842105,37309.09927161654,36003.47861842105,36834.328125,93000,0.0,0.0
2005-11-21 00:00:00+09:00,36082.605252443,37229.96879665445,35726.526911135996,36438.68359375,98875,0.0,0.0
2005-11-22 00:00:00+09:00,36517.81357020548,37546.484375,35845.22112091675,37546.484375,108275,0.0,0.0
2005-11-23 00:00:00+09:00,38575.15273157625,42333.7573567042,38377.33143551689,38654.28125,411800,0.0,0.0
2005-11-24 00:00:00+09:00,38772.97462951031,38931.231668814435,37388.22553559923,38377.33203125,144350,0.0,0.0
2005-11-25 00:00:00+09:00,38456.460722477066,39959.9026025739,37981.68960244648,38812.5390625,133375,0.0,0.0
2005-11-28 00:00:00+09:00,39524.695449029125,41938.11529126214,39485.13118932039,40751.1875,246100,0.0,0.0
2005-11-29 00:00:00+09:00,40355.54679600607,40355.54679600607,38812.5405949823,39129.0546875,112800,0.0,0.0
2005-11-30 00:00:00+09:00,39366.43837425595,41542.47265625,39287.309854910716,41542.47265625,140450,0.0,0.0
2005-12-01 00:00:00+09:00,40751.18746279762,42531.57914806547,40355.544866071425,41542.47265625,117250,0.0,0.0
2005-12-02 00:00:00+09:00,42531.57914806547,43125.04304315476,41146.83005952381,41542.47265625,102025,0.0,0.0
2005-12-05 00:00:00+09:00,42729.40040887851,44509.792092581774,41542.47261974299,42333.7578125,188550,0.0,0.0
2005-12-06 00:00:00+09:00,42927.223881740196,43322.86649816177,40355.546875,40355.546875,138400,0.0,0.0
2005-12-07 00:00:00+09:00,40355.54296875,41146.828125,38614.715625000004,41146.828125,122100,0.0,0.0
2005-12-08 00:00:00+09:00,40355.544866071425,41938.11525297619,39762.08097098214,41542.47265625,63325,0.0,0.0
2005-12-09 00:00:00+09:00,41146.83210784314,41938.11734068627,40157.72556678922,40355.546875,52750,0.0,0.0
2005-12-12 00:00:00+09:00,39762.0791015625,42135.9345703125,39762.0791015625,41146.828125,74625,0.0,0.0
2005-12-13 00:00:00+09:00,41146.83210784314,41542.474724264706,39762.08295036765,40355.546875,78575,0.0,0.0
2005-12-14 00:00:00+09:00,40553.366239944306,41146.83013613861,39959.90234375,39959.90234375,53750,0.0,0.0
2005-12-15 00:00:00+09:00,39959.90394852204,40157.725255197896,39168.61872181864,39485.1328125,88750,0.0,0.0
2005-12-16 00:00:00+09:00,38179.512715657555,39089.49073893229,37427.791739908855,37981.69140625,61425,0.0,0.0
2005-12-19 00:00:00+09:00,38060.81787592822,40751.18753867574,38060.81787592822,39959.90234375,77875,0.0,0.0
2005-12-20 00:00:00+09:00,38970.79588857323,40157.72368213384,38970.79588857323,39168.6171875,34100,0.0,0.0
2005-12-21 00:00:00+09:00,38891.66725818452,41542.47265625,38891.66725818452,41542.47265625,71425,0.0,0.0
2005-12-22 00:00:00+09:00,42135.93873046875,42333.7600390625,39485.1331953125,39564.26171875,68425,0.0,0.0
2005-12-23 00:00:00+09:00,39247.74861809045,39762.0840334485,38179.513524654525,39366.44140625,40000,0.0,0.0
2005-12-26 00:00:00+09:00,39208.18459606364,39564.26296272819,38931.23475532454,39010.36328125,33150,0.0,0.0
2005-12-27 00:00:00+09:00,38812.54309475807,39129.05720766129,37744.30796370968,38021.2578125,43475,0.0,0.0
2005-12-28 00:00:00+09:00,37427.789624608966,38021.25351929093,37190.404066736184,37942.125,46425,0.0,0.0
2005-12-29 00:00:00+09:00,37625.61147280093,38456.4609375,37546.4829523534,38456.4609375,44650,0.0,0.0
2006-01-02 00:00:00+09:00,38377.33280127054,39010.3609711884,37902.56167383214,38535.58984375,45425,0.0,0.0
2006-01-03 00:00:00+09:00,39049.927304491204,40157.726660646986,38772.97746545226,39366.44140625,61775,0.0,0.0
2006-01-04 00:00:00+09:00,39564.26282051282,39564.26282051282,38416.89919871795,38575.15625,57675,0.0,0.0
2006-01-05 00:00:00+09:00,38377.33528508193,38693.8493905259,37111.278863306026,37427.79296875,61200,0.0,0.0
2006-01-06 00:00:00+09:00,36873.89045534745,37783.86843868757,36359.55507345955,36438.68359375,78075,0.0,0.0
2006-01-09 00:00:00+09:00,36043.042821180556,36755.19953993055,35172.629053819444,35607.8359375,69250,0.0,0.0
2006-01-10 00:00:00+09:00,35053.93261609147,35884.78203475729,34935.23984199635,35251.75390625,46250,0.0,0.0
2006-01-11 00:00:00+09:00,35251.75588376135,35884.78404777951,34816.549020998864,34856.11328125,44500,0.0,0.0
2006-01-12 00:00:00+09:00,34856.116932935394,36082.60912921348,34856.116932935394,35212.1953125,46800,0.0,0.0
2006-01-13 00:00:00+09:00,35251.75541519315,36834.325804202934,35093.49837629216,36359.5546875,56050,0.0,0.0
2006-01-16 00:00:00+09:00,36794.761935057,36794.761935057,35924.34821186211,36438.68359375,31525,0.0,0.0
2006-01-17 00:00:00+09:00,36438.68672404063,36478.25098758465,34618.7306010158,35053.9375,57950,0.0,0.0
2006-01-18 00:00:00+09:00,34223.08477790309,34539.59885677387,31809.66492651339,33985.69921875,60475,0.0,0.0
2006-01-19 00:00:00+09:00,33036.15839469946,33629.62231795753,32086.61611748654,33075.72265625,32150,0.0,0.0
2006-01-20 00:00:00+09:00,32719.64322998047,33431.799914550786,31057.94429931641,31651.408203125,45150,0.0,0.0
2006-01-23 00:00:00+09:00,29277.552875905796,30464.480695199276,27299.33984375,27299.33984375,45650,0.0,0.0
2006-01-24 00:00:00+09:00,26864.133798491377,28684.08984375,26231.105608836206,28684.08984375,64425,0.0,0.0
2006-01-25 00:00:00+09:00,28881.910749162947,32957.02966308594,28684.08944266183,31018.380859375,63850,0.0,0.0
2006-01-26 00:00:00+09:00,32047.052686737807,32403.13104992378,30464.482183689026,30820.560546875,32975,0.0,0.0
2006-01-27 00:00:00+09:00,31295.329669899875,31651.408010012517,30662.301509699624,31611.84375,40425,0.0,0.0
2006-01-31 00:00:00+09:00,32244.87109375,32719.642201878833,31453.585913535277,32244.87109375,51150,0.0,0.0
2006-02-01 00:00:00+09:00,31295.331550598145,32047.052536010742,29871.018104553223,30385.353515625,30450,0.0,0.0
2006-02-02 00:00:00+09:00,30543.60896434295,31849.22955478766,28961.038551682694,30860.123046875,63350,0.0,0.0
2006-02-03 00:00:00+09:00,30108.40120642007,30108.40120642007,28842.34491390306,29079.73046875,51850,0.0,0.0
2006-02-06 00:00:00+09:00,28288.445699311367,29158.859413136335,27971.931621556836,28367.57421875,44875,0.0,0.0
2006-02-07 00:00:00+09:00,28367.57578944493,28763.21840854458,28130.19021798514,28288.447265625,33950,0.0,0.0
2006-02-08 00:00:00+09:00,28169.752548758865,28961.037732712764,27892.802734375,27892.802734375,41775,0.0,0.0
2006-02-09 00:00:00+09:00,29277.553310060564,29871.01722850774,28802.782175302826,29396.24609375,53125,0.0,0.0
2006-02-10 00:00:00+09:00,29673.19619455645,30741.43125756048,29673.19619455645,30662.302734375,45925,0.0,0.0
2006-02-13 00:00:00+09:00,31453.587147887323,31809.665492957745,30860.12323943662,30899.6875,43275,0.0,0.0
2006-02-14 00:00:00+09:00,30464.480823409525,30978.81621393462,29673.19560721707,30939.251953125,21000,0.0,0.0
2006-02-15 00:00:00+09:00,31651.40825320513,31770.10103415465,30385.351923076923,30860.123046875,29725,0.0,0.0
2006-02-16 00:00:00+09:00,30662.303116453506,31057.945737310973,30345.789019767533,30741.431640625,14575,0.0,0.0
2006-02-17 00:00:00+09:00,30741.432262073864,30860.12505073052,29871.018478591723,30464.482421875,20825,0.0,0.0
2006-02-20 00:00:00+09:00,30345.787662760416,30860.123046875,30029.273580228368,30860.123046875,21100,0.0,0.0
2006-02-21 00:00:00+09:00,30860.123185861426,32363.565084659804,30464.480580914482,31690.97265625,48625,0.0,0.0
2006-02-22 00:00:00+09:00,31453.58692642405,31730.536748417722,30820.558761867087,31255.765625,23300,0.0,0.0
2006-02-23 00:00:00+09:00,31216.201293349848,32482.25761956936,31097.508512766766,32442.693359375,37200,0.0,0.0
2006-02-24 00:00:00+09:00,32442.692203047263,32759.206273320895,31572.278509794778,31809.6640625,26225,0.0,0.0
2006-02-27 00:00:00+09:00,32007.486545410156,32007.486545410156,31216.20134033203,31651.408203125,23525,0.0,0.0
2006-02-28 00:00:00+09:00,31651.407413151366,31888.79296875,31255.764820486973,31888.79296875,27150,0.0,0.0
2006-03-02 00:00:00+09:00,31770.10117723939,32086.615261196945,31690.97265625,31690.97265625,14575,0.0,0.0
2006-03-03 00:00:00+09:00,31216.200421262256,31651.40727124183,30227.093944035947,30266.658203125,31800,0.0,0.0
2006-03-06 00:00:00+09:00,30345.789253234863,31097.51023864746,30306.224990844727,30385.353515625,15950,0.0,0.0
2006-03-07 00:00:00+09:00,30068.837697628456,30860.122900197628,29514.93805583004,30029.2734375,24550,0.0,0.0
2006-03-08 00:00:00+09:00,29396.245086267314,30385.351583113457,29396.245086267314,29989.708984375,20600,0.0,0.0
2006-03-09 00:00:00+09:00,30187.530597310128,31414.02266613924,30187.530597310128,31255.765625,21975,0.0,0.0
2006-03-10 00:00:00+09:00,31018.37906441718,32244.87109375,31018.37906441718,32244.87109375,25275,0.0,0.0
2006-03-13 00:00:00+09:00,32680.080191115703,35330.88572719893,32244.87331205726,33510.9296875,83650,0.0,0.0
2006-03-14 00:00:00+09:00,33510.92836031627,33510.92836031627,32284.436295180723,32838.3359375,35075,0.0,0.0
2006-03-15 00:00:00+09:00,32877.90354113135,33392.238975589484,32442.696635051394,32719.646484375,17975,0.0,0.0
2006-03-16 00:00:00+09:00,32680.07995923913,33233.979619565216,31849.23046875,31849.23046875,22975,0.0,0.0
2006-03-17 00:00:00+09:00,31928.358049841772,32007.48657041139,31216.20136471519,31255.765625,14425,0.0,0.0
2006-03-20 00:00:00+09:00,32165.743586425782,32165.743586425782,31255.76560058594,31651.408203125,19225,0.0,0.0
2006-03-21 00:00:00+09:00,31334.893719059404,32007.486134746287,31334.893719059404,31967.921875,17025,0.0,0.0
2006-03-22 00:00:00+09:00,31770.099803715795,31849.228321284205,31374.457215873757,31809.6640625,17000,0.0,0.0
2006-03-23 00:00:00+09:00,32126.179326171878,32442.693408203126,31572.279682617187,31651.408203125,25525,0.0,0.0
2006-03-24 00:00:00+09:00,31651.409005037785,31849.230311319272,30978.81656368073,31414.0234375,22600,0.0,0.0
2006-03-27 00:00:00+09:00,30860.12400477707,31572.280712579617,30741.431220143313,31057.9453125,22300,0.0,0.0
2006-03-28 00:00:00+09:00,30504.044704026444,31216.20138972356,30266.659142127406,30860.123046875,12750,0.0,0.0
2006-03-29 00:00:00+09:00,30266.66019505381,30424.917241825333,29673.196269660595,29871.017578125,16075,0.0,0.0
2006-03-30 00:00:00+09:00,29910.582222176356,30227.096319765522,29673.196648984478,29950.146484375,15825,0.0,0.0
2006-03-31 00:00:00+09:00,30147.96718034195,30266.659964516526,29989.71013477585,30227.095703125,11675,0.0,0.0
2006-04-03 00:00:00+09:00,30860.123046875,31057.944348457535,30543.60896434295,30860.123046875,22750,0.0,0.0
2006-04-04 00:00:00+09:00,30978.81640625,31097.50918941571,30662.30231780811,30978.81640625,15825,0.0,0.0
2006-04-05 00:00:00+09:00,31018.3800390625,31849.229504394534,31018.3800390625,31651.408203125,16300,0.0,0.0
2006-04-06 00:00:00+09:00,32047.052396616542,32047.052396616542,31255.767152255637,31572.28125,22525,0.0,0.0
2006-04-07 00:00:00+09:00,31572.280751008064,31572.280751008064,30662.302734375,30662.302734375,22875,0.0,0.0
2006-04-10 00:00:00+09:00,30662.30097505235,30899.68653098824,30385.351159793812,30701.865234375,16225,0.0,0.0
2006-04-11 00:00:00+09:00,30583.172841520725,30939.251179908417,30266.658762953888,30780.994140625,16825,0.0,0.0
2006-04-12 00:00:00+09:00,30464.47985327986,31255.76504427414,30464.47985327986,31137.072265625,15450,0.0,0.0
2006-04-13 00:00:00+09:00,30899.688456683365,31216.20255098998,30662.302885953402,31097.509765625,13700,0.0,0.0
2006-04-14 00:00:00+09:00,31057.94429931641,31770.10098388672,29831.452231445313,31651.408203125,76350,0.0,0.0
2006-04-17 00:00:00+09:00,31374.458706375455,32759.20782960766,31374.458706375455,32521.822265625,59225,0.0,0.0
2006-04-18 00:00:00+09:00,32363.56481551205,32877.900197665665,32244.87203501506,32838.3359375,37300,0.0,0.0
2006-04-19 00:00:00+09:00,32838.33495508982,33233.97754491018,32363.563847305388,33036.15625,29850,0.0,0.0
2006-04-20 00:00:00+09:00,32561.386781989415,32838.33660881071,31690.97304055106,31770.1015625,14400,0.0,0.0
2006-04-21 00:00:00+09:00,31414.022641601565,32007.486545410156,31374.458381347657,31651.408203125,17475,0.0,0.0
2006-04-24 00:00:00+09:00,31453.588082011618,31611.84512896514,30741.43137072079,31493.15234375,12800,0.0,0.0
2006-04-25 00:00:00+09:00,30860.123046875,31572.27973257212,30701.866005608976,30860.123046875,16250,0.0,0.0
2006-04-26 00:00:00+09:00,30543.60893987342,31255.765625,30543.60893987342,31255.765625,12275,0.0,0.0
2006-04-27 00:00:00+09:00,30860.122831511406,31255.7654319154,30464.480231107413,31216.201171875,12350,0.0,0.0
2006-04-28 00:00:00+09:00,30899.689313616072,30939.253576501626,29712.761427049514,30464.482421875,10800,0.0,0.0
2006-05-02 00:00:00+09:00,30187.5318236986,30701.867228296345,29277.553800179507,30306.224609375,38300,0.0,0.0
2006-05-03 00:00:00+09:00,30424.916428835415,30424.916428835415,30068.838083114326,30108.40234375,6925,0.0,0.0
2006-05-04 00:00:00+09:00,29752.32479304636,30266.66019505381,29633.632007967717,29871.017578125,11500,0.0,0.0
2006-05-08 00:00:00+09:00,29791.88770575702,30108.40178496825,29198.423807235962,29594.06640625,10425,0.0,0.0
2006-05-09 00:00:00+09:00,29396.24414861869,29673.19395890177,28881.908786664393,29000.6015625,10725,0.0,0.0
2006-05-10 00:00:00+09:00,28881.910183376734,29396.24557020399,28288.446275499133,28486.267578125,13800,0.0,0.0
2006-05-11 00:00:00+09:00,28684.089614909743,29435.810584128067,28486.268307220707,29040.16796875,13800,0.0,0.0
2006-05-12 00:00:00+09:00,28328.01050941781,28881.91015625,28051.060686001714,28881.91015625,14875,0.0,0.0
2006-05-15 00:00:00+09:00,28684.088880750867,28684.088880750867,27932.36793077257,28486.267578125,10625,0.0,0.0
2006-05-16 00:00:00+09:00,28604.96136090472,28604.96136090472,27536.726289335664,28288.447265625,12125,0.0,0.0
2006-05-17 00:00:00+09:00,28090.62384613653,28090.62384613653,27220.210149495677,27457.595703125,25050,0.0,0.0
2006-05-18 00:00:00+09:00,27220.21121016692,27299.339731126707,25162.86966521244,26072.84765625,33175,0.0,0.0
2006-05-19 00:00:00+09:00,25321.126707132018,26072.84765625,25162.86966521244,26072.84765625,21550,0.0,0.0
2006-05-22 00:00:00+09:00,26072.84917892616,26705.877383573836,25875.027864973763,26389.36328125,16625,0.0,0.0
2006-05-23 00:00:00+09:00,25716.769311930955,26072.84765625,25281.562446652126,26072.84765625,11875,0.0,0.0
2006-05-24 00:00:00+09:00,25400.25508792124,26033.28325210619,25123.30526609032,25241.998046875,11250,0.0,0.0
2006-05-25 00:00:00+09:00,25241.998596398305,25479.384163135594,23263.785540254237,23342.9140625,33625,0.0,0.0
2006-05-26 00:00:00+09:00,23778.120168050133,23975.941467285156,22512.063852945965,22789.013671875,38075,0.0,0.0
2006-05-29 00:00:00+09:00,22551.627921195653,23145.091813858697,22551.627921195653,22749.44921875,30925,0.0,0.0
2006-05-30 00:00:00+09:00,22749.449852290545,23184.656719030016,20969.05812471998,22076.857421875,34825,0.0,0.0
2006-05-31 00:00:00+09:00,22076.857421875,22076.857421875,22076.857421875,22076.857421875,0,0.0,0.0
2006-06-01 00:00:00+09:00,21483.391992187502,21997.72734375,20454.7212890625,20573.4140625,21125,0.0,0.0
2006-06-02 00:00:00+09:00,20415.157620614034,20692.107433296784,19623.872441520467,20296.46484375,73775,0.0,0.0
2006-06-05 00:00:00+09:00,20177.77210306677,20296.464880143634,19109.537109375,19109.537109375,39775,0.0,0.0
2006-06-07 00:00:00+09:00,18397.38204520089,18595.20335751488,16616.990234375,16616.990234375,88900,0.0,0.0
2006-06-08 00:00:00+09:00,16656.55399870562,17705.006922614644,16063.090079511834,16715.900390625,32875,0.0,0.0
2006-06-09 00:00:00+09:00,17408.27363689095,17962.17325261021,16933.502537703014,17052.1953125,43225,0.0,0.0
2006-06-12 00:00:00+09:00,17170.888451986753,17962.17363410596,17012.631415562915,17922.609375,34050,0.0,0.0
2006-06-13 00:00:00+09:00,17250.017551849778,17803.91719801009,17250.017551849778,17645.66015625,28100,0.0,0.0
2006-06-14 00:00:00+09:00,17526.967324973175,18614.98448397264,17408.274543991418,18436.9453125,24850,0.0,0.0
2006-06-15 00:00:00+09:00,18990.844357451402,19069.97287560745,17942.391491883773,18318.251953125,22650,0.0,0.0
2006-06-16 00:00:00+09:00,18793.025390625,19089.757370476975,18278.68995888158,18793.025390625,26975,0.0,0.0
2006-06-19 00:00:00+09:00,18436.94385229673,18832.586424234425,18298.468952118532,18733.67578125,13875,0.0,0.0
2006-06-20 00:00:00+09:00,18733.677522458755,18733.677522458755,17329.146261535236,17685.224609375,27750,0.0,0.0
2006-06-21 00:00:00+09:00,17428.058091139956,17843.482858352145,17170.890378103835,17526.96875,12150,0.0,0.0
2006-06-22 00:00:00+09:00,17645.660211267605,17883.045774647886,16854.375,16854.375,17950,0.0,0.0
2006-06-23 00:00:00+09:00,16636.772365606397,16854.375809151785,16438.95105329241,16616.990234375,20325,0.0,0.0
2006-06-26 00:00:00+09:00,16616.99018895349,17329.146911337208,16616.99018895349,17012.6328125,14475,0.0,0.0
2006-06-27 00:00:00+09:00,17032.4147943392,17368.71102140513,16518.079388238366,16577.42578125,24100,0.0,0.0
2006-06-28 00:00:00+09:00,16300.47421875,17606.0947265625,16300.47421875,17408.2734375,30700,0.0,0.0
2006-06-29 00:00:00+09:00,17764.35195225887,17962.173243486697,17408.27362804878,17843.48046875,11050,0.0,0.0
2006-06-30 00:00:00+09:00,18239.124617034315,18793.02428002451,17981.956916360294,18159.99609375,18100,0.0,0.0
2006-07-03 00:00:00+09:00,18476.510819966814,18476.510819966814,17685.225560011062,17883.046875,15675,0.0,0.0
2006-07-04 00:00:00+09:00,18318.25229945232,19564.526483972295,17962.17396101804,19188.666015625,42200,0.0,0.0
2006-07-05 00:00:00+09:00,19069.973841200313,19327.14153822895,18516.074186061716,18911.716796875,27950,0.0,0.0
2006-07-06 00:00:00+09:00,18990.84462982273,19465.615745568302,18733.676942127215,18971.0625,21700,0.0,0.0
2006-07-07 00:00:00+09:00,19386.487207929007,19584.3085059691,19069.97313106486,19366.705078125,26200,0.0,0.0
2006-07-10 00:00:00+09:00,19465.617623321283,19900.82452140367,18891.93580312177,19149.103515625,47025,0.0,0.0
2006-07-11 00:00:00+09:00,18990.84554904051,19307.35964152452,18555.638671875,18555.638671875,23600,0.0,0.0
2006-07-12 00:00:00+09:00,18555.63980674342,18951.282446546054,18555.63980674342,18793.025390625,13850,0.0,0.0
2006-07-13 00:00:00+09:00,18338.034853034664,18990.845155246254,18338.034853034664,18476.509765625,15075,0.0,0.0
2006-07-14 00:00:00+09:00,17863.26337139423,18357.81662087912,17685.22420157967,18001.73828125,14525,0.0,0.0
2006-07-18 00:00:00+09:00,17487.403566734814,17764.353396977218,16933.50390625,16933.50390625,17850,0.0,0.0
2006-07-19 00:00:00+09:00,16953.285026903974,18555.637520695363,16953.285026903974,17922.609375,41025,0.0,0.0
2006-07-20 00:00:00+09:00,18159.99514358108,20138.208122184686,18159.99514358108,19762.34765625,54600,0.0,0.0
2006-07-21 00:00:00+09:00,19584.31016655046,20969.059370245945,18990.846222109532,19505.181640625,57800,0.0,0.0
2006-07-24 00:00:00+09:00,19109.537109375,19188.665627426242,18793.02303717003,19109.537109375,15525,0.0,0.0
2006-07-25 00:00:00+09:00,19426.050385731993,19782.12870237474,18516.072465422756,18951.279296875,19975,0.0,0.0
2006-07-26 00:00:00+09:00,18832.588002342207,20296.465641179733,18832.588002342207,20059.080078125,48475,0.0,0.0
2006-07-27 00:00:00+09:00,20138.2072265625,20771.2353515625,19663.4361328125,20573.4140625,25025,0.0,0.0
2006-07-28 00:00:00+09:00,20850.365288307446,20850.365288307446,19979.951557106753,20059.080078125,17575,0.0,0.0
2006-07-31 00:00:00+09:00,20454.7230745027,20533.851597034627,19900.823416779225,20138.208984375,18900,0.0,0.0
2006-08-01 00:00:00+09:00,20375.59376933787,20375.59376933787,19703.00135365099,19979.951171875,13150,0.0,0.0
2006-08-02 00:00:00+09:00,19465.616170488163,20138.208599143243,19465.616170488163,20059.080078125,14000,0.0,0.0
2006-08-03 00:00:00+09:00,20059.081781431687,20415.16015625,20059.081781431687,20415.16015625,16925,0.0,0.0
2006-08-04 00:00:00+09:00,20454.722288830446,21562.521561726484,19703.00135365099,19979.951171875,51300,0.0,0.0
2006-08-07 00:00:00+09:00,19623.87335025381,19861.25891497462,19485.3984375,19485.3984375,21325,0.0,0.0
2006-08-08 00:00:00+09:00,19485.396771839118,19604.089544053368,18614.98310893463,18951.279296875,51400,0.0,0.0
2006-08-09 00:00:00+09:00,18674.33043395749,20019.515253352733,18674.33043395749,19544.744140625,64275,0.0,0.0
2006-08-10 00:00:00+09:00,19900.822892554013,19900.822892554013,19089.755557966822,19228.23046875,33000,0.0,0.0
2006-08-11 00:00:00+09:00,19485.398858762255,20256.901960784315,19208.449027267157,20177.7734375,27650,0.0,0.0
2006-08-14 00:00:00+09:00,20573.41653963415,21325.137528582316,20533.852277057926,21087.751953125,74425,0.0,0.0
2006-08-16 00:00:00+09:00,21522.958841463416,21522.958841463416,20494.288014481706,21087.751953125,40050,0.0,0.0
2006-08-17 00:00:00+09:00,21087.752227618243,22155.98733108108,20771.238122888513,21958.166015625,61725,0.0,0.0
2006-08-18 00:00:00+09:00,21602.08712667205,21681.215650945574,20969.05893248386,21443.830078125,47775,0.0,0.0
2006-08-21 00:00:00+09:00,21087.750796815704,21325.136359256405,20573.415411527516,20850.365234375,25050,0.0,0.0
2006-08-22 00:00:00+09:00,20692.108763266508,21166.879901238208,20494.2874557783,20969.05859375,22500,0.0,0.0
2006-08-23 00:00:00+09:00,20969.05897556391,21443.83012218045,20889.93045112782,21048.1875,17200,0.0,0.0
2006-08-24 00:00:00+09:00,20969.059213671128,20969.059213671128,20494.28806166348,20692.109375,15275,0.0,0.0
2006-08-25 00:00:00+09:00,20692.109375,21008.62347633843,20612.98084966539,20692.109375,10200,0.0,0.0
2006-08-28 00:00:00+09:00,20612.980084898845,20929.49417449422,20415.158778901736,20533.8515625,15625,0.0,0.0
2006-08-29 00:00:00+09:00,20612.98046875,21562.522755218328,20256.902111324376,20612.98046875,72075,0.0,0.0
2006-08-30 00:00:00+09:00,20731.672674348454,20850.36545683518,20336.030066059364,20494.287109375,14325,0.0,0.0
2006-08-31 00:00:00+09:00,20573.415221007606,21008.622081451995,20415.158180846007,20810.80078125,24775,0.0,0.0
2006-09-01 00:00:00+09:00,20612.980019422543,21799.907851634973,20612.980019422543,21325.13671875,39625,0.0,0.0
2006-09-04 00:00:00+09:00,21522.958371143377,22037.293773394966,21048.18723060345,21799.908203125,31425,0.0,0.0
2006-09-05 00:00:00+09:00,21879.036651023423,22986.835975125876,21879.036651023423,22591.193359375,77800,0.0,0.0
2006-09-06 00:00:00+09:00,22551.62854922715,22868.142634128584,21799.907597586243,22076.857421875,33825,0.0,0.0
2006-09-07 00:00:00+09:00,21799.908203125,22353.80786708825,21562.522632855038,21799.908203125,15950,0.0,0.0
2006-09-08 00:00:00+09:00,21641.651156278356,22235.115081953267,21641.651156278356,21799.908203125,17250,0.0,0.0
2006-09-11 00:00:00+09:00,21918.601223766145,22155.986796586716,21364.701553851475,21443.830078125,24675,0.0,0.0
2006-09-12 00:00:00+09:00,21404.266195858225,21681.2160357307,21325.13767018038,21522.958984375,26100,0.0,0.0
2006-09-13 00:00:00+09:00,21799.909208304714,22116.42331659226,21483.39510001717,21602.087890625,26500,0.0,0.0
2006-09-14 00:00:00+09:00,21641.650583086222,21760.343365077555,21008.622412465786,21681.21484375,36600,0.0,0.0
2006-09-15 00:00:00+09:00,21483.39255731017,22314.241993228243,21483.39255731017,22274.677734375,40075,0.0,0.0
2006-09-18 00:00:00+09:00,22709.88458176066,22749.4488406139,22274.677734375,22274.677734375,26900,0.0,0.0
2006-09-19 00:00:00+09:00,22195.54975469283,23184.65625,22037.292715443684,23184.65625,56800,0.0,0.0
2006-09-20 00:00:00+09:00,23263.784769624574,23501.170328498294,22749.449392064846,23184.65625,67300,0.0,0.0
2006-09-21 00:00:00+09:00,23619.863924434267,23619.863924434267,22907.707223195044,22947.271484375,35625,0.0,0.0
2006-09-22 00:00:00+09:00,22947.272592905407,22947.272592905407,21958.166015625,21958.166015625,30225,0.0,0.0
2006-09-25 00:00:00+09:00,21879.034570312502,22155.984375,21522.95625,21760.341796875,24875,0.0,0.0
2006-09-26 00:00:00+09:00,21760.342800817758,22076.85687792056,21087.750386974298,21166.87890625,55925,0.0,0.0
2006-09-27 00:00:00+09:00,21562.522712894304,21641.651236611346,20771.23747572387,21008.623046875,27450,0.0,0.0
2006-09-28 00:00:00+09:00,20929.494902820123,21364.701791158535,20771.237852515245,21087.751953125,21950,0.0,0.0
2006-09-29 00:00:00+09:00,21087.75040550595,21325.135963541667,20771.236328125,20771.236328125,24950,0.0,0.0
2006-10-02 00:00:00+09:00,20573.415029761905,20969.057626488095,20573.415029761905,20771.236328125,12400,0.0,0.0
2006-10-04 00:00:00+09:00,20771.236328125,20969.057626488095,20375.59373139881,20771.236328125,13650,0.0,0.0
2006-10-09 00:00:00+09:00,20256.901315789473,20771.23670076069,17724.78865131579,18041.302734375,56350,0.0,0.0
2006-10-10 00:00:00+09:00,18080.86715822404,18793.02385154577,18080.86715822404,18476.509765625,21775,0.0,0.0
2006-10-11 00:00:00+09:00,18199.55917589093,18535.85537805413,17902.82723280575,18318.251953125,23000,0.0,0.0
2006-10-12 00:00:00+09:00,18001.73842486213,18990.844931722688,18001.73842486213,18832.587890625,18600,0.0,0.0
2006-10-13 00:00:00+09:00,18931.498706606137,19544.744746214066,18931.498706606137,19267.794921875,17450,0.0,0.0
2006-10-16 00:00:00+09:00,19307.36027584493,19900.82421875,19307.36027584493,19900.82421875,9175,0.0,0.0
2006-10-17 00:00:00+09:00,19979.95220822704,19979.95220822704,19109.538448660714,19386.48828125,11575,0.0,0.0
2006-10-18 00:00:00+09:00,19366.70592356588,19742.56640625,18990.845440881763,19742.56640625,9400,0.0,0.0
2006-10-19 00:00:00+09:00,19406.270220235812,19742.566442197087,19228.231043903375,19346.923828125,8225,0.0,0.0
2006-10-20 00:00:00+09:00,19346.92401945153,19623.873852040815,19267.795495854592,19386.48828125,14400,0.0,0.0
2006-10-23 00:00:00+09:00,19465.616804846937,19762.348768335458,19346.92401945153,19386.48828125,7200,0.0,0.0
2006-10-24 00:00:00+09:00,19406.270220235812,19663.437919382668,19346.923828125,19346.923828125,11625,0.0,0.0
2006-10-25 00:00:00+09:00,19188.668094758064,19544.746471774193,18951.282510080644,19010.62890625,21850,0.0,0.0
2006-10-26 00:00:00+09:00,19010.626670869595,19149.101578982067,18733.676854644647,18753.458984375,21975,0.0,0.0
2006-10-27 00:00:00+09:00,18990.84523809524,19050.191629464287,18476.50984623016,18694.11328125,11600,0.0,0.0
2006-10-30 00:00:00+09:00,18377.59775390625,18793.0224609375,18377.59775390625,18595.201171875,11150,0.0,0.0
2006-10-31 00:00:00+09:00,18595.204133064515,19188.668094758064,18595.204133064515,19010.62890625,12825,0.0,0.0
2006-11-01 00:00:00+09:00,19069.973808913935,19386.487897028688,18793.023981813523,19307.359375,17025,0.0,0.0
2006-11-02 00:00:00+09:00,19267.794535277062,19287.576665190078,19010.62684640786,19188.666015625,7825,0.0,0.0
2006-11-03 00:00:00+09:00,19069.97342785494,19287.57685908565,18990.84490740741,19228.23046875,6700,0.0,0.0
2006-11-06 00:00:00+09:00,19030.40988671875,19782.130859375,18793.02431640625,19782.130859375,12250,0.0,0.0
2006-11-07 00:00:00+09:00,19742.566905840886,20138.209529204432,19524.963462990938,19643.65625,7275,0.0,0.0
2006-11-08 00:00:00+09:00,19940.386329681274,20019.51484686255,19703.000778137448,19861.2578125,13250,0.0,0.0
2006-11-09 00:00:00+09:00,20138.208984375,20217.337506906926,19604.091457284503,20138.208984375,19275,0.0,0.0
2006-11-10 00:00:00+09:00,19821.6953125,20415.159244011975,19821.6953125,19821.6953125,19825,0.0,0.0
2006-11-13 00:00:00+09:00,19940.387678045186,20177.77324564096,19584.309326651524,20138.208984375,21775,0.0,0.0
2006-11-14 00:00:00+09:00,19940.38786764706,21641.651118259804,19940.38786764706,20177.7734375,53750,0.0,0.0
2006-11-15 00:00:00+09:00,20375.595892381298,20573.417211724805,20059.081781431687,20415.16015625,15775,0.0,0.0
2006-11-16 00:00:00+09:00,20415.15800970874,20494.286529126213,20138.208191747573,20375.59375,14750,0.0,0.0
2006-11-17 00:00:00+09:00,20296.46596245865,21048.18692403119,20059.080395646266,20929.494140625,31025,0.0,0.0
2006-11-20 00:00:00+09:00,20889.930302303263,21206.444397792704,20573.416206813818,20612.98046875,9750,0.0,0.0
2006-11-21 00:00:00+09:00,20415.15722847358,20850.36406861546,20217.3359375,20217.3359375,7050,0.0,0.0
2006-11-22 00:00:00+09:00,20177.77223051264,21166.878712400514,20177.77223051264,21127.314453125,20325,0.0,0.0
2006-11-23 00:00:00+09:00,21166.88047827744,21285.573266006097,20889.930640243903,21087.751953125,14325,0.0,0.0
2006-11-24 00:00:00+09:00,20929.493755188567,21285.57209884962,20573.415411527516,20850.365234375,14925,0.0,0.0
2006-11-27 00:00:00+09:00,20850.36484747024,21087.75040550595,20692.10780877976,20771.236328125,13950,0.0,0.0
2006-11-28 00:00:00+09:00,20573.415029761905,20850.36484747024,20177.772433035712,20771.236328125,11525,0.0,0.0
2006-11-29 00:00:00+09:00,20969.057626488095,21166.87892485119,20573.415029761905,20771.236328125,12275,0.0,0.0
2006-11-30 00:00:00+09:00,20771.237129696532,20969.05843569364,20375.594517702313,20533.8515625,11200,0.0,0.0
2006-12-01 00:00:00+09:00,20415.15800970874,20573.41504854369,19782.129854368934,20375.59375,23575,0.0,0.0
2006-12-04 00:00:00+09:00,20336.02931237599,20336.02931237599,19782.129681299604,19940.38671875,10300,0.0,0.0
2006-12-05 00:00:00+09:00,19821.695600200987,19979.952650901192,19069.974609375,19069.974609375,18550,0.0,0.0
2006-12-06 00:00:00+09:00,19109.53806992828,19386.487897028688,18120.43154456967,19307.359375,29100,0.0,0.0
2006-12-07 00:00:00+09:00,19426.05282560377,19426.05282560377,18634.767578125,18634.767578125,10125,0.0,0.0
2006-12-08 00:00:00+09:00,18634.766667250562,18634.766667250562,17487.403114489913,17645.66015625,31000,0.0,0.0
2006-12-11 00:00:00+09:00,17803.91742348398,18278.688554776887,17111.54285701516,17289.58203125,20150,0.0,0.0
2006-12-12 00:00:00+09:00,17210.45287637699,17526.96695226438,16082.87148102815,16162.0,33050,0.0,0.0
2006-12-13 00:00:00+09:00,16458.732240853657,16616.989281631097,16201.564549590319,16221.3466796875,10025,0.0,0.0
2006-12-14 00:00:00+09:00,16241.129385073018,16577.42560863726,16221.34725427512,16340.0400390625,15250,0.0,0.0
2006-12-15 00:00:00+09:00,16221.347235720694,16854.375420529304,16221.347235720694,16537.861328125,19950,0.0,0.0
2006-12-18 00:00:00+09:00,16537.860620998254,17032.41386923385,16537.860620998254,16992.849609375,14625,0.0,0.0
2006-12-19 00:00:00+09:00,17210.453428266224,17210.453428266224,16577.425256192062,17071.978515625,15425,0.0,0.0
2006-12-20 00:00:00+09:00,16854.37440459007,17329.145514578522,16854.37440459007,17131.32421875,15925,0.0,0.0
2006-12-21 00:00:00+09:00,17131.325913137458,17329.147228531652,16696.119019270223,16874.158203125,17100,0.0,0.0
2006-12-22 00:00:00+09:00,16735.683021763394,17071.979252697172,16518.079578218007,16616.990234375,18975,0.0,0.0
2006-12-26 00:00:00+09:00,16735.683021763394,16973.06859654018,16221.347609747025,16616.990234375,15200,0.0,0.0
2006-12-27 00:00:00+09:00,16379.60394424096,16696.11803012001,15825.704293952618,15865.2685546875,12575,0.0,0.0
2006-12-28 00:00:00+09:00,15885.051542270347,16142.219250924785,15746.576622225648,16043.30859375,30750,0.0,0.0
2007-01-02 00:00:00+09:00,16537.86046511628,16537.86046511628,16023.525091799265,16162.0,11500,0.0,0.0
2007-01-03 00:00:00+09:00,16221.347080390049,16498.29690859183,15983.961513359951,16102.654296875,11200,0.0,0.0
2007-01-04 00:00:00+09:00,16023.525178328804,16616.989073822464,15964.178788779438,16379.603515625,17775,0.0,0.0
2007-01-05 00:00:00+09:00,16577.426296657984,17091.76171875,16340.040717230902,17091.76171875,17475,0.0,0.0
2007-01-08 00:00:00+09:00,17012.631824712644,17645.659985632185,16814.810524425287,17210.453125,30000,0.0,0.0
2007-01-09 00:00:00+09:00,16933.504057517082,17487.403722949886,16933.504057517082,17368.7109375,15275,0.0,0.0
2007-01-10 00:00:00+09:00,17408.274139439905,17566.531177071178,16597.20682157964,16953.28515625,17150,0.0,0.0
2007-01-11 00:00:00+09:00,16656.554224800682,17487.403722949886,16656.554224800682,17368.7109375,32475,0.0,0.0
2007-01-12 00:00:00+09:00,17408.274337892897,17526.96711746944,16953.28534951615,16992.849609375,13325,0.0,0.0
2007-01-15 00:00:00+09:00,17309.364585609703,17408.275240384617,16656.55426409528,16973.068359375,23050,0.0,0.0
2007-01-16 00:00:00+09:00,16795.028800589138,17250.017802254097,16795.028800589138,16893.939453125,12875,0.0,0.0
2007-01-17 00:00:00+09:00,16913.721812855114,16913.721812855114,16537.861328125,16537.861328125,16600,0.0,0.0
2007-01-18 00:00:00+09:00,16419.168352817745,16795.028833183453,16359.821961181056,16498.296875,6075,0.0,0.0
2007-01-19 00:00:00+09:00,16419.168204975842,16419.168204975842,15746.575772482856,15865.2685546875,23700,0.0,0.0
2007-01-22 00:00:00+09:00,15627.8828125,16003.743285205695,15271.80446993671,15627.8828125,12750,0.0,0.0
2007-01-23 00:00:00+09:00,15608.101708350243,15647.665971235796,14975.073502181413,15232.2412109375,11950,0.0,0.0
2007-01-24 00:00:00+09:00,14955.290586037403,15528.972367776933,14955.290586037403,15469.6259765625,5550,0.0,0.0
2007-01-25 00:00:00+09:00,15430.06252536526,15588.319576907468,15093.766290838068,15232.2412109375,12225,0.0,0.0
2007-01-26 00:00:00+09:00,14975.071979481687,15172.893273794522,14698.122167443717,14717.904296875,10925,0.0,0.0
2007-01-29 00:00:00+09:00,14757.468913178824,15627.882629237629,14658.558263626686,15390.4970703125,12750,0.0,0.0
2007-01-30 00:00:00+09:00,15390.497876040308,15627.883447393115,15054.201649957166,15153.1123046875,6825,0.0,0.0
2007-01-31 00:00:00+09:00,14994.854684930098,15390.497288754112,14797.033383018092,15034.4189453125,8825,0.0,0.0
2007-02-01 00:00:00+09:00,15034.4189453125,15172.893856650904,14955.290424547697,15034.4189453125,4650,0.0,0.0
2007-02-02 00:00:00+09:00,14935.507515230327,15311.36796925599,14836.5968694341,15271.8037109375,10625,0.0,0.0
2007-02-05 00:00:00+09:00,15568.536917794587,15983.961664012739,15311.369217754778,15528.97265625,20725,0.0,0.0
2007-02-06 00:00:00+09:00,15528.971390007691,15528.971390007691,15232.23945261901,15271.8037109375,7225,0.0,0.0
2007-02-07 00:00:00+09:00,15153.112422081407,15311.36947087599,14915.726848889532,14975.0732421875,7750,0.0,0.0
2007-02-08 00:00:00+09:00,15034.418958333334,15113.547479166666,14816.815526041666,14836.59765625,14425,0.0,0.0
2007-02-09 00:00:00+09:00,14777.251552384212,15073.98351126743,14777.251552384212,14895.9443359375,10225,0.0,0.0
2007-02-12 00:00:00+09:00,15133.329206194196,15153.111335875496,14856.379390656002,14955.2900390625,11775,0.0,0.0
2007-02-13 00:00:00+09:00,14955.290955987595,16498.297165732347,14915.726694199268,15548.7548828125,24275,0.0,0.0
2007-02-14 00:00:00+09:00,15588.317960976368,15924.614160642102,15588.317960976368,15904.83203125,14100,0.0,0.0
2007-02-15 00:00:00+09:00,16122.43646194112,16122.43646194112,15647.665326865555,15707.01171875,9750,0.0,0.0
2007-02-16 00:00:00+09:00,15983.961626552795,15983.961626552795,15588.319012034162,15924.615234375,5400,0.0,0.0
2007-02-20 00:00:00+09:00,16122.436053466798,16122.436053466798,15766.357711181641,15825.7041015625,7500,0.0,0.0
2007-02-21 00:00:00+09:00,15924.614633413461,16399.385752918955,15904.832503434065,16201.564453125,14175,0.0,0.0
2007-02-22 00:00:00+09:00,16241.128502557498,16715.89961590875,16043.307205327808,16557.642578125,12925,0.0,0.0
2007-02-23 00:00:00+09:00,16419.168320952867,16933.503714139344,16419.168320952867,16893.939453125,18725,0.0,0.0
2007-02-26 00:00:00+09:00,16874.157103372276,17368.71035962586,16814.810712621846,17250.017578125,20100,0.0,0.0
2007-02-27 00:00:00+09:00,17368.711491610495,17368.711491610495,16537.861966954864,16874.158203125,20350,0.0,0.0
2007-02-28 00:00:00+09:00,15509.191202156744,17289.583049343106,15509.191202156744,16280.6943359375,35075,0.0,0.0
2007-03-01 00:00:00+09:00,16280.6943359375,16280.6943359375,16280.6943359375,16280.6943359375,0,0.0,0.0
2007-03-05 00:00:00+09:00,15924.615499407855,16399.386644731818,15924.615499407855,16181.783203125,13775,0.0,0.0
2007-03-06 00:00:00+09:00,16023.524798050667,16419.167385656856,16023.524798050667,16300.474609375,15250,0.0,0.0
2007-03-07 00:00:00+09:00,16320.25684192868,16478.513877971625,16003.742769842791,16122.435546875,13325,0.0,0.0
2007-03-08 00:00:00+09:00,16043.307028853527,16260.910453412576,15983.960640337424,16122.435546875,5500,0.0,0.0
2007-03-09 00:00:00+09:00,16142.218731083534,16379.604300658293,16142.218731083534,16340.0400390625,15075,0.0,0.0
2007-03-12 00:00:00+09:00,16656.555223605654,16656.555223605654,16221.348317525697,16359.8232421875,13600,0.0,0.0
2007-03-13 00:00:00+09:00,16241.129289772727,16537.86125,16162.000767045454,16320.2578125,12150,0.0,0.0
2007-03-14 00:00:00+09:00,15865.268361816406,16102.653923339845,15687.229190673828,15825.7041015625,22225,0.0,0.0
2007-03-15 00:00:00+09:00,15825.703679078015,17170.888491799644,15825.703679078015,16735.681640625,81375,0.0,0.0
2007-03-16 00:00:00+09:00,17526.966308045736,17962.1731463945,17091.759469696968,17625.876953125,85925,0.0,0.0
2007-03-19 00:00:00+09:00,17803.916114267675,17803.916114267675,17131.323727728675,17625.876953125,47000,0.0,0.0
2007-03-20 00:00:00+09:00,17823.6987272351,18120.4306705298,17606.095302152316,17922.609375,53300,0.0,0.0
2007-03-21 00:00:00+09:00,18061.08480464316,18061.08480464316,17348.928120122728,17428.056640625,31800,0.0,0.0
2007-03-22 00:00:00+09:00,17606.09689448696,17606.09689448696,17230.23639898668,17447.83984375,25600,0.0,0.0
2007-03-23 00:00:00+09:00,17348.92705078125,17526.966210937502,17012.630859375,17408.2734375,22700,0.0,0.0
2007-03-26 00:00:00+09:00,17408.274927745664,17408.274927745664,17012.632315751445,17111.54296875,22125,0.0,0.0
2007-03-27 00:00:00+09:00,16933.503219586728,17131.324518880967,16854.374699869033,16992.849609375,24975,0.0,0.0
2007-03-28 00:00:00+09:00,16814.812280362003,17052.197865496524,16181.784053336609,16359.8232421875,23625,0.0,0.0
2007-03-29 00:00:00+09:00,16280.692848061615,17052.195911335497,16280.692848061615,16775.24609375,22900,0.0,0.0
2007-03-30 00:00:00+09:00,17012.632174566555,17843.48165285934,16775.246609340047,17685.224609375,40925,0.0,0.0
2007-04-02 00:00:00+09:00,17685.224640660756,17764.353162542906,17210.45350936785,17289.58203125,26575,0.0,0.0
2007-04-03 00:00:00+09:00,17091.759959584295,17408.274032909932,17032.41357083574,17131.32421875,14250,0.0,0.0
2007-04-04 00:00:00+09:00,17230.234277343752,17744.56962890625,17230.234277343752,17408.2734375,25125,0.0,0.0
2007-04-05 00:00:00+09:00,17348.927644161377,17625.877458321305,17071.977830001444,17131.32421875,27000,0.0,0.0
2007-04-06 00:00:00+09:00,17190.671410732582,17368.710585297133,16874.157322617826,16893.939453125,16800,0.0,0.0
2007-04-09 00:00:00+09:00,17170.889668924825,17170.889668924825,16814.81131173514,16973.068359375,13775,0.0,0.0
2007-04-10 00:00:00+09:00,16814.81135329654,17052.19692534308,16577.42578125,16577.42578125,31975,0.0,0.0
2007-04-11 00:00:00+09:00,16518.07881281926,16775.24650691106,16458.732421875,16458.732421875,21150,0.0,0.0
2007-04-12 00:00:00+09:00,16340.039151172343,16715.89961590875,16340.039151172343,16557.642578125,13650,0.0,0.0
2007-04-13 00:00:00+09:00,16814.809963714455,16874.156351821683,16557.64228191647,16696.1171875,20700,0.0,0.0
2007-04-16 00:00:00+09:00,16735.681627092956,17230.23486666426,16616.988849595844,17131.32421875,22500,0.0,0.0
2007-04-17 00:00:00+09:00,16992.848347424373,17645.658586615296,16755.4628059004,17329.14453125,35250,0.0,0.0
2007-04-18 00:00:00+09:00,17289.58139985183,18417.162795494343,17131.32436186692,18357.81640625,119000,0.0,0.0
2007-04-19 00:00:00+09:00,18516.0740263651,19782.13037004818,18436.945504884905,18476.509765625,255150,0.0,0.0
2007-04-20 00:00:00+09:00,18239.124727376304,19485.398976643883,18239.124727376304,18990.845703125,81050,0.0,0.0
2007-04-23 00:00:00+09:00,19149.103448275862,19386.489028213167,18694.114420062695,18931.5,95850,0.0,0.0
2007-04-24 00:00:00+09:00,18832.587556306305,19900.822564752252,18713.89477759009,19762.34765625,62800,0.0,0.0
2007-04-25 00:00:00+09:00,19782.130899234693,19782.130899234693,19208.449103156887,19386.48828125,48925,0.0,0.0
2007-04-26 00:00:00+09:00,19386.48663585209,19663.43644493569,18456.7265625,18456.7265625,55475,0.0,0.0
2007-04-27 00:00:00+09:00,18456.727161826715,18535.855681277204,17843.48113608542,18179.77734375,37300,0.0,0.0
2007-04-30 00:00:00+09:00,18516.07355141458,18516.07355141458,17803.916876360174,18179.77734375,20325,0.0,0.0
2007-05-02 00:00:00+09:00,18199.5609789823,18239.125241980088,17487.404245022124,17883.046875,44325,0.0,0.0
2007-05-03 00:00:00+09:00,18001.737404426207,18001.737404426207,17606.094824109146,17625.876953125,17100,0.0,0.0
2007-05-04 00:00:00+09:00,17665.44305121528,18239.124852430556,17625.8787890625,17803.91796875,53125,0.0,0.0
2007-05-07 00:00:00+09:00,18080.867299723755,18159.995821823206,17803.91747237569,17902.828125,18250,0.0,0.0
2007-05-08 00:00:00+09:00,17863.264601934523,18021.521652671487,17289.58279301304,17447.83984375,30075,0.0,0.0
2007-05-09 00:00:00+09:00,17408.274814073226,17408.274814073226,17170.889248426774,17289.58203125,12800,0.0,0.0
2007-05-10 00:00:00+09:00,17289.58027432934,17645.658586615296,17230.233888948344,17329.14453125,20525,0.0,0.0
2007-05-11 00:00:00+09:00,17329.145928308822,17586.313619025736,16616.98924632353,16814.810546875,31975,0.0,0.0
2007-05-14 00:00:00+09:00,17091.760170990565,17091.760170990565,16577.424795474646,16775.24609375,17325,0.0,0.0
2007-05-15 00:00:00+09:00,16973.066800586403,16973.066800586403,16537.859959545724,16656.552734375,13500,0.0,0.0
2007-05-16 00:00:00+09:00,16656.55292876185,16755.463575607228,16419.167376332938,16696.1171875,15525,0.0,0.0
2007-05-17 00:00:00+09:00,16755.465034691548,16814.811427966724,16419.168806132213,16795.029296875,22075,0.0,0.0
2007-05-18 00:00:00+09:00,16933.503327205883,17012.63184742647,16597.207116268382,16814.810546875,8500,0.0,0.0
2007-05-21 00:00:00+09:00,16834.592980797748,16854.375111209964,16616.989546263347,16676.3359375,15350,0.0,0.0
2007-05-22 00:00:00+09:00,16676.336479504127,16775.24713477995,15786.1405820217,16181.783203125,48225,0.0,0.0
2007-05-23 00:00:00+09:00,16280.692885597153,16537.86057394802,15983.9609375,15983.9609375,26225,0.0,0.0
2007-05-25 00:00:00+09:00,15983.960548818408,16122.435454563121,15667.446478544776,15904.83203125,18650,0.0,0.0
2007-05-28 00:00:00+09:00,15865.268729844902,16379.604125076781,15865.268729844902,16102.654296875,15600,0.0,0.0
2007-05-29 00:00:00+09:00,16102.65389910442,16340.039460270578,15924.6147282298,16221.3466796875,24600,0.0,0.0
2007-05-30 00:00:00+09:00,16221.346091853762,16399.385256276546,16063.089056811286,16300.474609375,15525,0.0,0.0
2007-05-31 00:00:00+09:00,16438.950122974536,16458.73225308642,16023.525390625,16023.525390625,18150,0.0,0.0
2007-06-01 00:00:00+09:00,16161.999713347326,16280.692489699937,15904.83203125,15904.83203125,18100,0.0,0.0
2007-06-04 00:00:00+09:00,16023.526271824783,16162.001190223269,15865.269222226514,16003.744140625,19175,0.0,0.0
2007-06-05 00:00:00+09:00,16003.743467259586,16142.218379831671,15786.140033217736,15865.2685546875,13075,0.0,0.0
2007-06-07 00:00:00+09:00,15627.88280029297,16102.653923339845,15568.53640991211,15825.7041015625,17550,0.0,0.0
2007-06-08 00:00:00+09:00,15825.704089506173,16063.089650848766,15707.011308834877,16023.525390625,23475,0.0,0.0
2007-06-11 00:00:00+09:00,16181.782677194544,16775.24658956109,16023.525633896797,16676.3359375,32050,0.0,0.0
2007-06-12 00:00:00+09:00,16795.028242470562,16795.028242470562,16280.692866376057,16379.603515625,17050,0.0,0.0
2007-06-13 00:00:00+09:00,16379.605374282044,16478.51603475476,16102.655524958434,16359.8232421875,14175,0.0,0.0
2007-06-14 00:00:00+09:00,16478.513572131087,16656.552734375,16359.820797301812,16656.552734375,19050,0.0,0.0
2007-06-15 00:00:00+09:00,16656.554423627866,16913.722128505728,16340.040325316646,16399.38671875,24700,0.0,0.0
2007-06-18 00:00:00+09:00,16498.2955078125,17487.401953125,16498.2955078125,17408.2734375,68550,0.0,0.0
2007-06-19 00:00:00+09:00,17625.8783753241,18298.470816133326,17329.146416143558,18120.431640625,101200,0.0,0.0
2007-06-20 00:00:00+09:00,18199.558802204177,18278.687318735498,16992.84892510151,17052.1953125,46625,0.0,0.0
2007-06-21 00:00:00+09:00,16735.681729507,17250.017101808633,16557.64256217182,16953.28515625,32625,0.0,0.0
2007-06-22 00:00:00+09:00,17052.19735204646,17922.61113799779,17052.19735204646,17883.046875,37475,0.0,0.0
2007-06-25 00:00:00+09:00,17803.91827932531,17981.95746211856,17447.8399137388,17665.443359375,26375,0.0,0.0
2007-06-26 00:00:00+09:00,17645.660811844406,17724.789335664336,16656.55426409528,16973.068359375,25225,0.0,0.0
2007-06-27 00:00:00+09:00,17170.890231092435,17170.890231092435,16260.912177370947,16478.515625,25500,0.0,0.0
2007-06-28 00:00:00+09:00,16419.168806132213,16874.1578212419,16419.168806132213,16795.029296875,12750,0.0,0.0
2007-06-29 00:00:00+09:00,17012.6328125,17289.58264898256,16696.118713662792,17012.6328125,16875,0.0,0.0
2007-07-02 00:00:00+09:00,16814.81131173514,17012.632621284964,16814.81131173514,16973.068359375,6750,0.0,0.0
2007-07-03 00:00:00+09:00,17032.415015517363,17507.18616577569,16814.811571648966,17230.236328125,22850,0.0,0.0
2007-07-04 00:00:00+09:00,17368.711491610495,17368.711491610495,16814.811808506744,16874.158203125,19075,0.0,0.0
2007-07-05 00:00:00+09:00,16973.066702391698,16973.066702391698,16300.474315583633,16438.94921875,17025,0.0,0.0
2007-07-06 00:00:00+09:00,16458.73265895954,17111.54296875,16221.347091763006,17111.54296875,27325,0.0,0.0
2007-07-09 00:00:00+09:00,17269.800903320312,17606.097140842012,17091.76171875,17091.76171875,47050,0.0,0.0
2007-07-10 00:00:00+09:00,17250.018226237346,17843.48215603909,17111.543309283607,17586.314453125,47725,0.0,0.0
2007-07-11 00:00:00+09:00,17546.749335488505,17546.749335488505,17170.888864942528,17210.453125,34575,0.0,0.0
2007-07-12 00:00:00+09:00,17210.453736492407,17388.49291307681,16893.9396447868,16933.50390625,24300,0.0,0.0
2007-07-13 00:00:00+09:00,17111.543120607803,17210.45377448415,16419.168543473384,16537.861328125,35625,0.0,0.0
2007-07-16 00:00:00+09:00,16735.68144623815,16795.02783434538,16260.910341380331,16696.1171875,25625,0.0,0.0
2007-07-18 00:00:00+09:00,16696.117802019817,16795.028452505718,16221.3466796875,16221.3466796875,17500,0.0,0.0
2007-07-19 00:00:00+09:00,16221.34746523533,16478.515168952476,16102.65467890434,16181.783203125,15250,0.0,0.0
2007-07-20 00:00:00+09:00,16221.34746523533,16399.386644731818,15924.615499407855,16181.783203125,25700,0.0,0.0
2007-07-23 00:00:00+09:00,15964.178719514586,16221.346406446048,15627.882513527291,15766.357421875,32800,0.0,0.0
2007-07-24 00:00:00+09:00,15786.140572212838,15805.92270325571,15291.587296141006,15370.7158203125,24400,0.0,0.0
2007-07-25 00:00:00+09:00,15113.547251566517,15489.407719864637,14856.379562730961,15390.4970703125,15625,0.0,0.0
2007-07-26 00:00:00+09:00,15410.279393279248,15588.318564703526,15350.933002804488,15430.0615234375,13025,0.0,0.0
2007-07-27 00:00:00+09:00,15034.41905584221,15627.882965941244,14856.3798828125,14856.3798828125,33400,0.0,0.0
2007-07-30 00:00:00+09:00,14717.904791102841,14994.854612440799,14559.647750338296,14618.994140625,29875,0.0,0.0
2007-07-31 00:00:00+09:00,14638.776559341308,14895.94425565406,14579.430167884519,14678.3408203125,15675,0.0,0.0
2007-08-01 00:00:00+09:00,14737.687422832936,15252.022822824421,14440.955461299387,14520.083984375,23000,0.0,0.0
2007-08-02 00:00:00+09:00,14638.776184752747,14876.161744505494,14322.262105082418,14401.390625,12800,0.0,0.0
2007-08-03 00:00:00+09:00,14480.519798657719,14955.290939597315,14480.519798657719,14737.6875,8250,0.0,0.0
2007-08-06 00:00:00+09:00,14994.855633624189,15291.587605265828,14797.03431919643,15232.2412109375,16800,0.0,0.0
2007-08-07 00:00:00+09:00,15232.240522416721,15430.061827902653,14915.72643363923,15291.5869140625,16650,0.0,0.0
2007-08-08 00:00:00+09:00,15291.586137918708,15370.714656096814,15054.200583384396,15133.3291015625,13325,0.0,0.0
2007-08-09 00:00:00+09:00,15113.548233032227,15410.280200958252,15073.98397064209,15192.6767578125,14975,0.0,0.0
2007-08-10 00:00:00+09:00,14915.725982829212,15034.418762533423,14757.468943223597,14797.033203125,11225,0.0,0.0
2007-08-13 00:00:00+09:00,14797.033203125,14797.033203125,14797.033203125,14797.033203125,0,0.0,0.0
2007-08-14 00:00:00+09:00,14876.16228321335,15430.0619426947,14777.25162973454,15113.5478515625,14550,0.0,0.0
2007-08-16 00:00:00+09:00,14955.290016698473,14955.290016698473,12897.948532919847,12957.294921875,23950,0.0,0.0
2007-08-17 00:00:00+09:00,13056.206184184866,13372.720273498438,12502.306527886114,12680.345703125,13875,0.0,0.0
2007-08-20 00:00:00+09:00,12680.344818023037,13333.155081665409,12680.344818023037,13095.76953125,15350,0.0,0.0
2007-08-21 00:00:00+09:00,12957.295610860812,13412.284617043711,12660.563650306749,12897.94921875,16075,0.0,0.0
2007-08-22 00:00:00+09:00,12818.820448369566,13847.49122509058,12818.820448369566,13649.669921875,20700,0.0,0.0
2007-08-23 00:00:00+09:00,13887.055471540178,14203.569556361606,13689.234168526786,13847.4912109375,11550,0.0,0.0
2007-08-24 00:00:00+09:00,13689.233977659384,13946.401667991135,13570.541197506267,13807.9267578125,1250,0.0,0.0
2007-08-27 00:00:00+09:00,13847.491828762755,14045.313140602224,13570.5419921875,13570.5419921875,10675,0.0,0.0
2007-08-28 00:00:00+09:00,13471.630617611265,15212.458068932545,13471.630617611265,14223.3515625,128050,0.0,0.0
2007-08-29 00:00:00+09:00,14144.222956942973,14144.222956942973,13550.75905665166,14005.748046875,14625,0.0,0.0
2007-08-30 00:00:00+09:00,14243.13440598442,14618.994897253453,13807.927521357118,13966.1845703125,15425,0.0,0.0
2007-08-31 00:00:00+09:00,14124.441619267884,14381.60932382038,13887.05604583481,13966.1845703125,13950,0.0,0.0
2007-09-03 00:00:00+09:00,14045.313214557927,14124.441739710366,13649.670588795732,13788.1455078125,9900,0.0,0.0
2007-09-04 00:00:00+09:00,13807.926769167878,14243.13363008721,13570.541208666426,13610.10546875,8725,0.0,0.0
2007-09-05 00:00:00+09:00,13491.412989858663,13807.927077597284,13214.463163087372,13471.630859375,21200,0.0,0.0
2007-09-06 00:00:00+09:00,13254.027726261127,13451.84903560831,13174.899202522254,13333.15625,10625,0.0,0.0
2007-09-07 00:00:00+09:00,13095.770205647423,13293.591507847534,13095.770205647423,13234.2451171875,15250,0.0,0.0
2007-09-10 00:00:00+09:00,12858.38552550342,13135.335367591186,12660.564209726444,13016.642578125,9625,0.0,0.0
2007-09-11 00:00:00+09:00,12779.256999192628,13016.642578125,12719.910604459536,13016.642578125,13175,0.0,0.0
2007-09-12 00:00:00+09:00,13095.770134066359,13254.02717496142,12660.563271604939,12818.8203125,10975,0.0,0.0
2007-09-13 00:00:00+09:00,12680.345989724863,12897.949431046196,12620.999596637228,12739.6923828125,6600,0.0,0.0
2007-09-14 00:00:00+09:00,12759.474749929723,13194.681640625,12700.128355744002,13194.681640625,15575,0.0,0.0
2007-09-17 00:00:00+09:00,13214.46309777462,13234.245228160511,12897.949011600378,13056.2060546875,5825,0.0,0.0
2007-09-18 00:00:00+09:00,12799.037989188275,13036.423546947562,12640.780950682083,12779.255859375,10925,0.0,0.0
2007-09-19 00:00:00+09:00,12897.948943661971,12977.077464788732,12423.177816901409,12640.78125,11850,0.0,0.0
2007-09-20 00:00:00+09:00,12462.741920433484,12660.563220757826,11928.624409557764,12007.7529296875,20075,0.0,0.0
2007-09-21 00:00:00+09:00,11928.624409557764,12106.66357984967,11928.624409557764,12007.7529296875,9050,0.0,0.0
2007-09-27 00:00:00+09:00,12264.92052134901,12502.306079826732,11987.970703125,11987.970703125,11525,0.0,0.0
2007-09-28 00:00:00+09:00,11869.277923886139,12581.434599319306,11809.931534266707,11987.970703125,22925,0.0,0.0
2007-10-01 00:00:00+09:00,12225.35684742647,12522.088809742647,12027.535539215687,12106.6640625,13650,0.0,0.0
2007-10-02 00:00:00+09:00,12423.177550476867,12423.177550476867,12027.534953327922,12185.7919921875,6150,0.0,0.0
2007-10-04 00:00:00+09:00,12363.831160904525,12363.831160904525,11987.970693613028,12185.7919921875,4875,0.0,0.0
2007-10-05 00:00:00+09:00,12007.7530260588,12185.792197779605,11908.842375102797,12027.53515625,12875,0.0,0.0
2007-10-08 00:00:00+09:00,12027.535169314382,12245.13860165395,11829.7138671875,11829.7138671875,14400,0.0,0.0
2007-10-09 00:00:00+09:00,11869.27815473616,12027.535196799307,11275.81424699935,11434.0712890625,19175,0.0,0.0
2007-10-10 00:00:00+09:00,11354.942479619565,11394.506739130435,10959.29988451087,11374.724609375,28550,0.0,0.0
2007-10-11 00:00:00+09:00,11216.467935921582,11651.6748046875,11216.467935921582,11651.6748046875,8575,0.0,0.0
2007-10-12 00:00:00+09:00,11671.457131644276,12858.384975540304,11631.892870181075,12700.1279296875,33100,0.0,0.0
2007-10-15 00:00:00+09:00,12700.12806008902,13570.541821216617,12502.30675074184,13333.15625,30250,0.0,0.0
2007-10-16 00:00:00+09:00,13056.206085205078,13234.245259094238,12304.48512878418,12660.5634765625,26750,0.0,0.0
2007-10-17 00:00:00+09:00,12502.307046226038,12878.167542868909,12146.228680985423,12383.6142578125,10525,0.0,0.0
2007-10-18 00:00:00+09:00,12522.089105373476,12977.078125,12264.921398628048,12977.078125,13050,0.0,0.0
2007-10-19 00:00:00+09:00,12502.306196994838,13669.45187044847,12502.306196994838,13412.2841796875,19900,0.0,0.0
2007-10-22 00:00:00+09:00,12977.077037037037,13649.669444444446,12522.088055555556,13352.9375,16150,0.0,0.0
2007-10-23 00:00:00+09:00,13629.888408954326,13629.888408954326,12878.167422683988,13372.720703125,12775,0.0,0.0
2007-10-24 00:00:00+09:00,13530.977183948864,13530.977183948864,12739.691968513258,13056.2060546875,7425,0.0,0.0
2007-10-25 00:00:00+09:00,13056.20518191425,13075.987310977758,12185.791503119968,12284.7021484375,17650,0.0,0.0
2007-10-26 00:00:00+09:00,11987.970950704224,13451.848591549295,11750.585387323943,12640.78125,31500,0.0,0.0
2007-10-29 00:00:00+09:00,12640.781706923739,12957.295802871751,12264.921217985473,12937.513671875,21050,0.0,0.0
2007-10-30 00:00:00+09:00,12640.78134613037,13016.64182434082,12363.831520080566,12660.5634765625,5275,0.0,0.0
2007-10-31 00:00:00+09:00,12838.602287670174,12838.602287670174,11987.970703125,11987.970703125,8175,0.0,0.0
2007-11-01 00:00:00+09:00,12126.446193321079,12324.267501531864,11987.97127757353,12106.6640625,5275,0.0,0.0
2007-11-02 00:00:00+09:00,12027.534993489584,12146.2277730306,11295.596186319988,11394.5068359375,13375,0.0,0.0
2007-11-05 00:00:00+09:00,11335.160828057651,11869.278353987069,11117.557391567889,11473.6357421875,10550,0.0,0.0
2007-11-06 00:00:00+09:00,11256.031916595563,11691.238774530717,11256.031916595563,11592.328125,7500,0.0,0.0
2007-11-07 00:00:00+09:00,12047.316708279639,12047.316708279639,11434.070701782646,11513.19921875,20700,0.0,0.0
2007-11-08 00:00:00+09:00,11097.775061782526,13036.42382480336,11097.775061782526,11631.892578125,10375,0.0,0.0
2007-11-09 00:00:00+09:00,11691.238968829719,11948.406661883504,11592.328317655187,11631.892578125,6950,0.0,0.0
2007-11-12 00:00:00+09:00,11176.903501408146,11592.32823331889,11176.903501408146,11414.2890625,3700,0.0,0.0
2007-11-13 00:00:00+09:00,11354.942863503886,11552.764167746114,11275.814341806994,11453.853515625,3225,0.0,0.0
2007-11-14 00:00:00+09:00,11473.635894674004,11987.971296849046,11473.635894674004,11908.8427734375,9650,0.0,0.0
2007-11-15 00:00:00+09:00,11730.803422934323,12205.5745564089,11473.635725635593,11671.45703125,13675,0.0,0.0
2007-11-16 00:00:00+09:00,11631.89275390625,11869.2783203125,11631.89275390625,11869.2783203125,6475,0.0,0.0
2007-11-19 00:00:00+09:00,11711.021276041667,12067.099625651043,11711.021276041667,11869.2783203125,11425,0.0,0.0
2007-11-20 00:00:00+09:00,11572.546378442798,11908.842597987288,11552.764247881356,11671.45703125,7375,0.0,0.0
2007-11-21 00:00:00+09:00,11730.80343985722,11869.278353987069,11256.032305697738,11473.6357421875,6625,0.0,0.0
2007-11-22 00:00:00+09:00,11532.981940351967,11612.110461383541,11117.557204936202,11434.0712890625,11575,0.0,0.0
2007-11-23 00:00:00+09:00,11176.903894962237,11532.982249138026,11077.993241024518,11295.5966796875,14125,0.0,0.0
2007-11-26 00:00:00+09:00,11295.596008080438,11295.596008080438,10899.953415853452,10959.2998046875,11575,0.0,0.0
2007-11-27 00:00:00+09:00,10899.95402379919,11216.468115234375,10029.54027235243,10682.3505859375,10800,0.0,0.0
2007-11-28 00:00:00+09:00,10464.74689086678,10484.52902109526,10049.322156068665,10227.361328125,13250,0.0,0.0
2007-11-29 00:00:00+09:00,10128.450511945392,11671.456644624574,10128.450511945392,11592.328125,15225,0.0,0.0
2007-11-30 00:00:00+09:00,11592.327735717354,11592.327735717354,11058.210246187715,11513.19921875,6850,0.0,0.0
2007-12-03 00:00:00+09:00,11176.904246794871,11809.932451923076,11077.99358974359,11572.546875,7150,0.0,0.0
2007-12-04 00:00:00+09:00,11216.467656783276,11671.456644624574,11216.467656783276,11592.328125,2975,0.0,0.0
2007-12-05 00:00:00+09:00,11671.456644624574,11750.585164249147,11374.724696032423,11592.328125,4775,0.0,0.0
2007-12-06 00:00:00+09:00,11592.327828572934,12027.534675379427,11315.378016968803,11730.802734375,2875,0.0,0.0
2007-12-07 00:00:00+09:00,11790.150133964342,12344.0498046875,11414.289643116486,12344.0498046875,15225,0.0,0.0
2007-12-10 00:00:00+09:00,12185.792489259411,12344.049534574468,11908.84265995806,12086.8818359375,7500,0.0,0.0
2007-12-11 00:00:00+09:00,12185.792605377907,12185.792605377907,11671.457203202866,11908.8427734375,4775,0.0,0.0
2007-12-12 00:00:00+09:00,11691.238860317211,11948.406550984088,11513.199689855528,11809.931640625,4450,0.0,0.0
2007-12-13 00:00:00+09:00,11869.278114720395,12027.53515625,11711.02107319079,12027.53515625,4600,0.0,0.0
2007-12-14 00:00:00+09:00,12027.53485,12403.3953140625,12027.53485,12363.8310546875,5825,0.0,0.0
2007-12-17 00:00:00+09:00,12304.485920705612,12640.782159695958,12067.10034024184,12423.1787109375,11450,0.0,0.0
2007-12-18 00:00:00+09:00,12423.177747016585,12423.177747016585,11948.40662292678,12225.3564453125,425,0.0,0.0
2007-12-20 00:00:00+09:00,12264.921109068628,12620.99946384804,12106.6640625,12106.6640625,8325,0.0,0.0
2007-12-21 00:00:00+09:00,12106.664231520432,12680.346033340846,12106.664231520432,12344.0498046875,11500,0.0,0.0
2007-12-24 00:00:00+09:00,12383.614066882012,12620.999640049078,11176.904069949418,12344.0498046875,15525,0.0,0.0
2007-12-26 00:00:00+09:00,12522.089054608587,12719.91036668771,11750.5859375,11750.5859375,16950,0.0,0.0
2007-12-27 00:00:00+09:00,11750.584948213558,12581.434388996337,11730.802818671113,12146.2275390625,2575,0.0,0.0
2007-12-28 00:00:00+09:00,11691.23894299959,12344.04923930921,11691.23894299959,12027.53515625,1754,0.0,0.0
2008-01-02 00:00:00+09:00,11869.278531461148,12383.613934491132,11513.200175517313,11711.021484375,4875,0.0,0.0
2008-01-03 00:00:00+09:00,11394.506739130435,11473.635258152173,11315.378220108696,11374.724609375,7396,0.0,0.0
2008-01-04 00:00:00+09:00,11869.278127612877,11869.278127612877,11335.160611870297,11829.7138671875,3413,0.0,0.0
2008-01-07 00:00:00+09:00,11809.931962217133,11809.931962217133,11335.160828057651,11473.6357421875,2655,0.0,0.0
2008-01-08 00:00:00+09:00,11354.942848710738,12304.485107836375,11256.032196718485,11651.6748046875,800,0.0,0.0
2008-01-09 00:00:00+09:00,11790.149434407553,11790.149434407553,11374.724706013998,11394.5068359375,2522,0.0,0.0
2008-01-10 00:00:00+09:00,12027.535398706897,12027.535398706897,11275.814436287716,11473.6357421875,2613,0.0,0.0
2008-01-11 00:00:00+09:00,11473.635549578286,11631.892591641436,11295.596377257245,11434.0712890625,7037,0.0,0.0
2008-01-14 00:00:00+09:00,11869.278798204788,11869.278798204788,11077.993544991135,11157.1220703125,2681,0.0,0.0
2008-01-15 00:00:00+09:00,11157.120991492147,11671.456356348168,11077.992473821989,11335.16015625,9442,0.0,0.0
2008-01-16 00:00:00+09:00,11335.16015625,11414.288673920157,11157.120991492147,11335.16015625,5794,0.0,0.0
2008-01-17 00:00:00+09:00,11196.685913927802,11770.367701037178,11196.685913927802,11473.6357421875,2400,0.0,0.0
2008-01-18 00:00:00+09:00,11196.685526877132,11592.328125,11196.685526877132,11592.328125,2865,0.0,0.0
2008-01-21 00:00:00+09:00,11275.815088639267,11869.279040672913,11275.815088639267,11612.111328125,1201,0.0,0.0
2008-01-22 00:00:00+09:00,11513.200038364956,11513.200038364956,9871.283194405692,11077.9931640625,11585,0.0,0.0
2008-01-23 00:00:00+09:00,11176.903406778973,11473.635355631512,11077.992757161459,11394.5068359375,3934,0.0,0.0
2008-01-24 00:00:00+09:00,11275.814676616916,12027.535655058044,11216.46828358209,11928.625,8734,0.0,0.0
2008-01-25 00:00:00+09:00,11869.278102245145,12462.742007357403,11612.110410029834,12225.3564453125,21752,0.0,0.0
2008-01-28 00:00:00+09:00,12225.356233416864,12700.127349277713,12067.09919479658,12581.4345703125,24034,0.0,0.0
2008-01-29 00:00:00+09:00,12581.43456124226,12858.384378628096,12423.177522736069,12779.255859375,16329,0.0,0.0
2008-01-30 00:00:00+09:00,12818.820520019532,12878.166911315919,11671.456954956055,12660.5634765625,10696,0.0,0.0
2008-01-31 00:00:00+09:00,12620.998926854396,12620.998926854396,11869.277987637362,12601.216796875,3324,0.0,0.0
2008-02-01 00:00:00+09:00,12581.435002561475,12581.435002561475,12067.099609375,12067.099609375,1509,0.0,0.0
2008-02-04 00:00:00+09:00,11829.713628337848,12977.07715750774,11829.713628337848,12779.255859375,22567,0.0,0.0
2008-02-05 00:00:00+09:00,12700.127236402672,13254.026866650764,12462.741680582061,12957.294921875,33432,0.0,0.0
2008-02-11 00:00:00+09:00,13056.205570133588,13056.205570133588,12660.562977099236,12957.294921875,7672,0.0,0.0
2008-02-12 00:00:00+09:00,12957.294727459801,13056.205374234303,12660.562787136294,12917.73046875,2738,0.0,0.0
2008-02-13 00:00:00+09:00,12917.73131452288,13451.848842075893,12917.73131452288,13293.591796875,29844,0.0,0.0
2008-02-14 00:00:00+09:00,13293.59148222061,13768.362606585632,13254.027221856859,13629.8876953125,21710,0.0,0.0
2008-02-15 00:00:00+09:00,13432.066694063875,13629.888000309293,13075.988342822122,13491.4130859375,3014,0.0,0.0
2008-02-18 00:00:00+09:00,13550.759884083765,13689.234802607249,12858.385291466346,13372.720703125,11017,0.0,0.0
2008-02-19 00:00:00+09:00,13115.551838020083,13827.70849890805,13115.551838020083,13728.7978515625,14196,0.0,0.0
2008-02-20 00:00:00+09:00,13807.927332097834,13946.402248035778,13273.809799194336,13926.6201171875,16034,0.0,0.0
2008-02-21 00:00:00+09:00,13847.491239659927,13926.619761029413,13412.284372127759,13451.8486328125,8611,0.0,0.0
2008-02-22 00:00:00+09:00,13333.155648164971,13748.580379042514,13333.155648164971,13610.10546875,6522,0.0,0.0
2008-02-25 00:00:00+09:00,13333.155850758272,14421.173019588696,13254.027329388788,13451.8486328125,28038,0.0,0.0
2008-02-26 00:00:00+09:00,13788.144931202514,13887.055583506693,13372.720191524964,13669.4521484375,4273,0.0,0.0
2008-02-27 00:00:00+09:00,13451.848867023142,14223.351963808293,13293.591821528751,14104.6591796875,19778,0.0,0.0
2008-02-28 00:00:00+09:00,14322.262519750702,14322.262519750702,14025.530561468575,14084.876953125,4851,0.0,0.0
2008-02-29 00:00:00+09:00,14084.877477134147,14361.827315167684,13254.027963033537,13788.1455078125,20975,0.0,0.0
2008-03-03 00:00:00+09:00,13887.05550034467,13887.05550034467,13254.027329388788,13451.8486328125,9526,0.0,0.0
2008-03-04 00:00:00+09:00,13550.759187453978,13550.759187453978,13234.245104243373,13432.06640625,3089,0.0,0.0
2008-03-05 00:00:00+09:00,13649.670130933835,13748.580784056543,13155.11686532029,13491.4130859375,2955,0.0,0.0
2008-03-06 00:00:00+09:00,13570.541686395203,14045.312824111652,13412.28464048972,13709.0166015625,3646,0.0,0.0
2008-03-07 00:00:00+09:00,13451.84920508382,13689.23477929118,13293.592155612245,13570.5419921875,1019,0.0,0.0
2008-03-10 00:00:00+09:00,13649.669936236214,13689.234196920957,13056.206025965073,13451.8486328125,13237,0.0,0.0
2008-03-11 00:00:00+09:00,13412.284773738873,13412.284773738873,12878.167238501483,13333.15625,5002,0.0,0.0
2008-03-12 00:00:00+09:00,13451.84901544225,13847.491633543494,13254.02770639163,13530.9775390625,5873,0.0,0.0
2008-03-13 00:00:00+09:00,13491.413056991028,13530.977318155226,12462.742266721918,12680.345703125,10599,0.0,0.0
2008-03-14 00:00:00+09:00,13075.988781440548,13451.849275914634,12660.564024390244,12977.078125,2390,0.0,0.0
2008-03-17 00:00:00+09:00,12977.077353395061,12977.077353395061,12442.95984037423,12818.8203125,2771,0.0,0.0
2008-03-18 00:00:00+09:00,12680.345591947116,13016.64180889423,12264.920853365385,12858.384765625,2282,0.0,0.0
2008-03-19 00:00:00+09:00,13056.206650152439,13214.463700457318,12581.435499237805,12977.078125,3632,0.0,0.0
2008-03-20 00:00:00+09:00,12977.077548076923,13115.5524609375,12502.30641826923,12858.384765625,4381,0.0,0.0
2008-03-21 00:00:00+09:00,12700.12772235577,13135.334591346154,12561.652809495192,12858.384765625,3519,0.0,0.0
2008-03-24 00:00:00+09:00,12620.999215698243,13016.64182434082,12462.742172241211,12660.5634765625,2664,0.0,0.0
2008-03-25 00:00:00+09:00,12502.305939885497,13016.641310830153,12324.266773020037,12957.294921875,3202,0.0,0.0
2008-03-26 00:00:00+09:00,12957.29594457431,12957.29594457431,12344.049876968504,12561.6533203125,4309,0.0,0.0
2008-03-27 00:00:00+09:00,12620.999133669515,12620.999133669515,12264.920788205483,12442.9599609375,1813,0.0,0.0
2008-03-28 00:00:00+09:00,12620.99906198602,12620.99906198602,11908.842375102797,12027.53515625,3612,0.0,0.0
2008-03-31 00:00:00+09:00,11968.188647889254,13056.205797697368,11968.188647889254,12403.3955078125,3243,0.0,0.0
2008-04-01 00:00:00+09:00,12620.999505120355,12620.999505120355,11196.686081345017,11711.021484375,65617,0.0,0.0
2008-04-02 00:00:00+09:00,11750.585537109375,12007.75323404948,11354.942926432292,11869.2783203125,6876,0.0,0.0
2008-04-03 00:00:00+09:00,12027.535143608415,12423.177747016585,11552.764019518609,12225.3564453125,12294,0.0,0.0
2008-04-04 00:00:00+09:00,12007.752989383327,12818.820324745298,12007.752989383327,12620.9990234375,14117,0.0,0.0
2008-04-07 00:00:00+09:00,12640.780764799389,12640.780764799389,12067.099008650433,12541.8701171875,10383,0.0,0.0
2008-04-08 00:00:00+09:00,12541.870417788077,12581.4346777811,12086.881427868322,12403.3955078125,5431,0.0,0.0
2008-04-10 00:00:00+09:00,12403.395891627872,12640.781458931755,11869.278365194135,12482.5244140625,44159,0.0,0.0
2008-04-11 00:00:00+09:00,12462.74251567598,12462.74251567598,11928.624979289865,12126.4462890625,2170,0.0,0.0
2008-04-14 00:00:00+09:00,12245.13860165395,12601.216945482336,11671.456825485995,11829.7138671875,17625,0.0,0.0
2008-04-15 00:00:00+09:00,12225.356471441262,12225.356471441262,11612.110434847931,11829.7138671875,361,0.0,0.0
2008-04-16 00:00:00+09:00,11869.278606965174,12047.317786069652,11572.546641791045,11928.625,5233,0.0,0.0
2008-04-17 00:00:00+09:00,12067.099027317881,12067.099027317881,11513.199399834437,11948.40625,1116,0.0,0.0
2008-04-18 00:00:00+09:00,11948.406745617696,12205.574440473707,11750.585441882304,11849.49609375,3268,0.0,0.0
2008-04-21 00:00:00+09:00,11730.803406575522,12442.960105794271,11730.803406575522,11869.2783203125,2782,0.0,0.0
2008-04-22 00:00:00+09:00,11849.496785208683,11869.278916736577,11612.111206873951,11790.150390625,1697,0.0,0.0
2008-04-23 00:00:00+09:00,11790.149662578404,11790.149662578404,10899.953798793122,11038.4287109375,15727,0.0,0.0
2008-04-24 00:00:00+09:00,10741.696910358298,11750.585570447198,10741.696910358298,11473.6357421875,20224,0.0,0.0
2008-04-25 00:00:00+09:00,11473.635376854765,11671.45667645571,10998.8642578125,10998.8642578125,3536,0.0,0.0
2008-04-28 00:00:00+09:00,11236.250595633866,11532.982565588985,10880.172231687722,11157.1220703125,2924,0.0,0.0
2008-04-29 00:00:00+09:00,11295.596404919914,11453.853447370631,11038.4287109375,11038.4287109375,3757,0.0,0.0
2008-04-30 00:00:00+09:00,11275.814470563615,11434.071515764508,10781.261204310826,11077.9931640625,2038,0.0,0.0
2008-05-01 00:00:00+09:00,11077.9931640625,11077.9931640625,11077.9931640625,11077.9931640625,0,0.0,0.0
2008-05-02 00:00:00+09:00,10998.864515867876,11453.853515625,10959.300255019429,11453.853515625,4858,0.0,0.0
2008-05-05 00:00:00+09:00,11453.853515625,11453.853515625,11453.853515625,11453.853515625,0,0.0,0.0
2008-05-06 00:00:00+09:00,11157.121492775537,11671.456880740367,10801.043147261424,11038.4287109375,15535,0.0,0.0
2008-05-07 00:00:00+09:00,11117.557037573066,11374.724727054294,10840.607218131743,10998.8642578125,7937,0.0,0.0
2008-05-08 00:00:00+09:00,11256.03134765625,11256.03134765625,10365.835546875,10880.1708984375,12156,0.0,0.0
2008-05-09 00:00:00+09:00,11058.21005859375,11058.21005859375,10662.56748046875,10880.1708984375,1425,0.0,0.0
2008-05-12 00:00:00+09:00,10880.1708984375,10880.1708984375,10880.1708984375,10880.1708984375,0,0.0,0.0
2008-05-13 00:00:00+09:00,11097.775607638889,11829.71446233165,10840.607901936028,11750.5859375,28516,0.0,0.0
2008-05-14 00:00:00+09:00,11770.367587078204,11829.713978273556,11473.635631101442,11651.6748046875,1008,0.0,0.0
2008-05-15 00:00:00+09:00,11651.674023107022,11809.931055678933,11473.63486146362,11691.23828125,2105,0.0,0.0
2008-05-16 00:00:00+09:00,11691.239145507812,12126.446017252605,11473.635709635417,11869.2783203125,11790,0.0,0.0
2008-05-19 00:00:00+09:00,12047.317786069652,12185.792703150912,11790.150082918739,11928.625,5625,0.0,0.0
2008-05-20 00:00:00+09:00,11948.40625,12185.79180463576,11651.674306705298,11948.40625,2691,0.0,0.0
2008-05-21 00:00:00+09:00,11948.406810735887,12344.049420362902,11513.199940146169,12264.9208984375,16890,0.0,0.0
2008-05-22 00:00:00+09:00,12264.92094809322,12264.92094809322,11374.72507282839,11671.45703125,10798,0.0,0.0
2008-05-23 00:00:00+09:00,11592.3288151265,11829.714388132505,11374.72537320433,11532.982421875,1005,0.0,0.0
2008-05-26 00:00:00+09:00,11671.456644624574,12185.7920221843,10880.17144837884,11592.328125,36342,0.0,0.0
2008-05-27 00:00:00+09:00,11869.277556046196,12106.66310716712,10880.171093042345,10919.7353515625,19245,0.0,0.0
2008-05-28 00:00:00+09:00,11196.685712957058,11711.021099064626,10840.607368728743,11631.892578125,11357,0.0,0.0
2008-05-29 00:00:00+09:00,11869.279040672913,11869.279040672913,11275.815088639267,11612.111328125,3280,0.0,0.0
2008-05-30 00:00:00+09:00,11473.636217948717,11671.457532051281,11295.597035256409,11572.546875,453,0.0,0.0
2008-06-02 00:00:00+09:00,11137.339556012834,11572.54643031529,11077.9931640625,11077.9931640625,4040,0.0,0.0
2008-06-03 00:00:00+09:00,11434.071106172703,11434.071106172703,10899.953597752872,11196.685546875,591,0.0,0.0
2008-06-04 00:00:00+09:00,11394.507056451612,11671.456880740367,10959.300189712141,11038.4287109375,1696,0.0,0.0
2008-06-05 00:00:00+09:00,11117.557807651818,11434.071908937278,10919.736494348404,11157.1220703125,3016,0.0,0.0
2008-06-06 00:00:00+09:00,11157.1220703125,11157.1220703125,11157.1220703125,11157.1220703125,0,0.0,0.0
2008-06-09 00:00:00+09:00,11196.685913927802,11552.764264547413,10781.261171538254,11473.6357421875,6540,0.0,0.0
2008-06-10 00:00:00+09:00,11354.94229088033,11592.32784399978,11097.774608334259,11137.3388671875,805,0.0,0.0
2008-06-11 00:00:00+09:00,10939.518249511719,11157.121686662946,10899.953988211495,11077.9931640625,2534,0.0,0.0
2008-06-12 00:00:00+09:00,11275.81418889968,11275.81418889968,10682.350284220749,10820.8251953125,2269,0.0,0.0
2008-06-13 00:00:00+09:00,11077.993594898897,11077.993594898897,10543.876046573414,10761.4794921875,2023,0.0,0.0
2008-06-16 00:00:00+09:00,10761.478780864198,11216.4677734375,10484.528959297839,11216.4677734375,5695,0.0,0.0
2008-06-17 00:00:00+09:00,11196.685725967776,11453.853419320392,10880.171641841478,11434.0712890625,7087,0.0,0.0
2008-06-18 00:00:00+09:00,11394.506944444445,11394.506944444445,10899.953691647377,11216.4677734375,1348,0.0,0.0
2008-06-19 00:00:00+09:00,11176.903623081877,11176.903623081877,10899.953798793122,11038.4287109375,2936,0.0,0.0
2008-06-20 00:00:00+09:00,11315.378849534936,11315.378849534936,10899.9541015625,10899.9541015625,3230,0.0,0.0
2008-06-23 00:00:00+09:00,10998.86442338884,11434.0712890625,10682.350339262543,11434.0712890625,9677,0.0,0.0
2008-06-24 00:00:00+09:00,11275.814470563615,11453.85364641462,10781.261204310826,11077.9931640625,2365,0.0,0.0
2008-06-25 00:00:00+09:00,11077.9931640625,11216.468078613281,10919.736118861607,11077.9931640625,1976,0.0,0.0
2008-06-26 00:00:00+09:00,11077.992971550178,11077.992971550178,10899.953798793122,11038.4287109375,6084,0.0,0.0
2008-06-27 00:00:00+09:00,11038.428323132897,11038.428323132897,10741.696378962657,10959.2998046875,518,0.0,0.0
2008-06-30 00:00:00+09:00,10801.042767796705,11077.992582355595,10721.914249351308,10959.2998046875,1651,0.0,0.0
2008-07-01 00:00:00+09:00,10721.914719364937,11058.2109375,10682.350458407871,11058.2109375,7621,0.0,0.0
2008-07-02 00:00:00+09:00,10721.914271230917,11038.428345658396,10365.8359375,10365.8359375,2807,0.0,0.0
2008-07-03 00:00:00+09:00,10682.350708007812,10880.172017415365,8822.830399576824,9495.4228515625,16441,0.0,0.0
2008-07-04 00:00:00+09:00,9732.807421875,10306.48916015625,9614.1146484375,10286.70703125,15858,0.0,0.0
2008-07-07 00:00:00+09:00,10009.75741588841,10642.785552861591,10009.75741588841,10326.271484375,4955,0.0,0.0
2008-07-08 00:00:00+09:00,10207.579279119318,10880.171712239582,9891.065192945076,10444.96484375,7458,0.0,0.0
2008-07-09 00:00:00+09:00,10721.914149228463,12007.752561958814,10444.964337255773,11137.3388671875,228748,0.0,0.0
2008-07-10 00:00:00+09:00,10642.786659588954,10781.261578951635,9534.9873046875,9534.9873046875,53193,0.0,0.0
2008-07-11 00:00:00+09:00,9653.67987882653,9970.193973214286,9396.51217713648,9693.244140625,18198,0.0,0.0
2008-07-14 00:00:00+09:00,9515.204447044516,9713.02574531987,8249.148138082252,8387.623046875,35390,0.0,0.0
2008-07-15 00:00:00+09:00,8308.494623161765,8862.394264705881,8308.494623161765,8407.4052734375,19980,0.0,0.0
2008-07-16 00:00:00+09:00,8387.623524912588,8506.316310642482,8110.673691542832,8486.5341796875,5474,0.0,0.0
2008-07-17 00:00:00+09:00,8486.533971860697,9060.215755506293,8348.059058566934,8644.791015625,8513,0.0,0.0
2008-07-18 00:00:00+09:00,8446.969949473505,9218.473059612772,8446.969949473505,9099.7802734375,15617,0.0,0.0
2008-07-21 00:00:00+09:00,9099.779296875,9356.946972656251,8901.9580078125,9297.6005859375,10392,0.0,0.0
2008-07-22 00:00:00+09:00,9099.780158915246,9475.640643740006,8901.95885111274,9277.8193359375,12583,0.0,0.0
2008-07-23 00:00:00+09:00,9297.600490116127,9495.421777139874,9040.432816985256,9475.6396484375,10115,0.0,0.0
2008-07-24 00:00:00+09:00,10088.886542262802,10464.747021288278,8565.662495685869,9851.5009765625,25591,0.0,0.0
2008-07-25 00:00:00+09:00,9792.154652957834,9792.154652957834,8981.087297864357,9060.2158203125,5980,0.0,0.0
2008-07-28 00:00:00+09:00,9060.21603298611,9475.640785590278,8882.176853298612,8901.958984375,7717,0.0,0.0
2008-07-29 00:00:00+09:00,8704.13671875,9099.779296875,8664.572460937501,8704.13671875,2525,0.0,0.0
2008-07-30 00:00:00+09:00,9060.215039062501,9060.215039062501,8704.13671875,8704.13671875,1400,0.0,0.0
2008-07-31 00:00:00+09:00,8783.265710851649,9079.997660542582,8664.572930975275,9000.869140625,2900,0.0,0.0
2008-08-01 00:00:00+09:00,9040.433948037791,9040.433948037791,8407.405750363372,8506.31640625,6550,0.0,0.0
2008-08-04 00:00:00+09:00,8308.494546720296,8506.315845451732,7991.98046875,7991.98046875,6575,0.0,0.0
2008-08-05 00:00:00+09:00,7991.980946286675,8605.227008996791,7715.031111514365,8090.8916015625,12075,0.0,0.0
2008-08-06 00:00:00+09:00,8268.930393066406,8664.57299560547,7912.85205078125,7912.85205078125,2250,0.0,0.0
2008-08-07 00:00:00+09:00,7912.851756840796,8308.494344682837,7873.287498056592,7952.416015625,1350,0.0,0.0
2008-08-08 00:00:00+09:00,8110.673050761816,8268.930085898632,7952.416015625,7952.416015625,1200,0.0,0.0
2008-08-11 00:00:00+09:00,7952.416407711191,8189.80197212048,7912.852146976309,7932.63427734375,650,0.0,0.0
2008-08-12 00:00:00+09:00,7813.941606794085,8090.891435895647,7734.813084193638,7754.59521484375,500,0.0,0.0
2008-08-13 00:00:00+09:00,7912.852443609022,8011.7630991541355,7596.338345864661,7893.0703125,1250,0.0,0.0
2008-08-14 00:00:00+09:00,7912.85215435606,7912.85215435606,7596.338068181818,7833.7236328125,7075,0.0,0.0
2008-08-15 00:00:00+09:00,7833.7236328125,7833.7236328125,7833.7236328125,7833.7236328125,0,0.0,0.0
2008-08-18 00:00:00+09:00,7833.723640305307,7833.723640305307,7477.6452930187015,7734.81298828125,3445,0.0,0.0
2008-08-19 00:00:00+09:00,7319.388020833333,7438.08079954955,6587.44921875,6587.44921875,35577,0.0,0.0
2008-08-20 00:00:00+09:00,6725.924613997781,6923.745926174187,6172.024939903847,6686.3603515625,6732,0.0,0.0
2008-08-21 00:00:00+09:00,6725.9245388952595,6725.9245388952595,6290.717656966743,6468.7568359375,9418,0.0,0.0
2008-08-22 00:00:00+09:00,6330.281754032258,6488.538797883064,5934.6391444052415,6132.46044921875,12411,0.0,0.0
2008-08-25 00:00:00+09:00,6013.767637310606,6607.23154888731,6013.767637310606,6528.10302734375,1782,0.0,0.0
2008-08-26 00:00:00+09:00,5974.203405367944,6488.538797883064,5974.203405367944,6132.46044921875,11065,0.0,0.0
2008-08-27 00:00:00+09:00,5993.98525455298,6112.678031870861,5934.63886589404,5974.203125,3299,0.0,0.0
2008-08-28 00:00:00+09:00,5974.203125,6132.460161423841,5538.996274834437,5974.203125,5228,0.0,0.0
2008-08-29 00:00:00+09:00,5993.9852291403995,6864.39892578125,5934.638840733069,6864.39892578125,86693,0.0,0.0
2008-09-01 00:00:00+09:00,7319.388510338345,7893.0703125,7161.131461466165,7893.0703125,256812,0.0,0.0
2008-09-02 00:00:00+09:00,8308.494694890202,8565.66238782728,6725.924276815878,7319.38818359375,483426,0.0,0.0
2008-09-03 00:00:00+09:00,7477.645685369318,7952.416839995942,6983.092399299919,7616.12060546875,290112,0.0,0.0
2008-09-04 00:00:00+09:00,7358.952369493194,7556.773669748388,6686.359948625537,6903.96337890625,332427,0.0,0.0
2008-09-05 00:00:00+09:00,6686.360055721508,6765.488577090993,6172.024666819853,6725.92431640625,79556,0.0,0.0
2008-09-08 00:00:00+09:00,6528.103106098791,6963.30997983871,6468.7567142251655,6745.70654296875,49499,0.0,0.0
2008-09-09 00:00:00+09:00,6686.359670033989,7556.7733548904835,6211.5885692031725,6547.884765625,157182,0.0,0.0
2008-09-10 00:00:00+09:00,6369.846114474478,6369.846114474478,5934.639237088022,6152.24267578125,51731,0.0,0.0
2008-09-11 00:00:00+09:00,6330.281453583062,6330.281453583062,5815.946085479438,6073.11376953125,39675,0.0,0.0
2008-09-12 00:00:00+09:00,5993.9854416337985,6112.67822265625,5776.382009759304,6112.67822265625,56484,0.0,0.0
2008-09-15 00:00:00+09:00,6112.67822265625,6112.67822265625,6112.67822265625,6112.67822265625,0,0.0,0.0
2008-09-16 00:00:00+09:00,5400.521651064117,5835.728524043642,5400.521651064117,5736.81787109375,16719,0.0,0.0
2008-09-17 00:00:00+09:00,5776.382042253521,6053.3318661971825,5538.9964788732395,5618.125,44976,0.0,0.0
2008-09-18 00:00:00+09:00,5064.2255000000005,5301.6110703125,4787.27566796875,4945.53271484375,51297,0.0,0.0
2008-09-19 00:00:00+09:00,5222.482343119959,5222.482343119959,4886.186131631174,4905.96826171875,37141,0.0,0.0
2008-09-22 00:00:00+09:00,5044.443359375,5420.30384497549,5004.879097732844,5044.443359375,44861,0.0,0.0
2008-09-23 00:00:00+09:00,4925.750466086648,5222.482421875,4886.186205314867,5222.482421875,28732,0.0,0.0
2008-09-24 00:00:00+09:00,5222.482031250001,5380.7390625,5044.44287109375,5143.353515625,34469,0.0,0.0
2008-09-25 00:00:00+09:00,5301.611358406008,5301.611358406008,4965.315115522045,5103.7900390625,98429,0.0,0.0
2008-09-26 00:00:00+09:00,5262.046996595331,5262.046996595331,4965.315023103113,5084.0078125,21044,0.0,0.0
2008-09-29 00:00:00+09:00,5103.789568865741,5717.035602334105,4807.0576171875,4807.0576171875,515817,0.0,0.0
2008-09-30 00:00:00+09:00,4193.81161971831,4352.068661971831,4094.900968309859,4213.59375,191263,0.0,0.0
2008-10-01 00:00:00+09:00,4292.722172575177,4352.068562057783,4193.8115234375,4193.8115234375,44536,0.0,0.0
2008-10-02 00:00:00+09:00,4174.02945678711,4292.722237548828,3877.2975048828125,3956.426025390625,45140,0.0,0.0
2008-10-03 00:00:00+09:00,3956.426025390625,3956.426025390625,3956.426025390625,3956.426025390625,0,0.0,0.0
2008-10-06 00:00:00+09:00,3956.426025390625,4035.5545458984375,3817.9511145019533,3956.426025390625,18644,0.0,0.0
2008-10-07 00:00:00+09:00,3956.425878420398,4094.900784165112,3699.2581963230723,3976.2080078125,40122,0.0,0.0
2008-10-08 00:00:00+09:00,3817.9510284908233,3956.4259362599205,3639.9118613591268,3738.822509765625,13959,0.0,0.0
2008-10-09 00:00:00+09:00,3798.1690935863876,3897.0797470651996,3600.347786628763,3778.386962890625,5260,0.0,0.0
2008-10-10 00:00:00+09:00,3738.8225059902543,3837.733154296875,3343.1799127637723,3837.733154296875,9568,0.0,0.0
2008-10-13 00:00:00+09:00,3798.169034090909,4035.554598721591,3758.6047733191285,3916.86181640625,10296,0.0,0.0
2008-10-14 00:00:00+09:00,3936.644033394608,4292.72238817402,3936.644033394608,4035.5546875,36378,0.0,0.0
2008-10-15 00:00:00+09:00,4134.4653416053925,4134.4653416053925,3936.644033394608,4035.5546875,12145,0.0,0.0
2008-10-16 00:00:00+09:00,4035.5543484860755,4035.5543484860755,3798.1687985751296,3817.950927734375,5942,0.0,0.0
2008-10-17 00:00:00+09:00,3877.297650361181,3936.64404296875,3600.347818192525,3936.64404296875,8194,0.0,0.0
2008-10-20 00:00:00+09:00,3995.9902919671476,3995.9902919671476,3639.9119491185897,3857.515380859375,6418,0.0,0.0
2008-10-21 00:00:00+09:00,3817.951126901727,3956.4260382401317,3560.7834344161183,3758.604736328125,8528,0.0,0.0
2008-10-22 00:00:00+09:00,3857.515239100302,3857.515239100302,3461.87265047463,3679.47607421875,13803,0.0,0.0
2008-10-23 00:00:00+09:00,3679.476251775568,3679.476251775568,3264.051513671875,3264.051513671875,4701,0.0,0.0
2008-10-24 00:00:00+09:00,3264.0516695063166,3264.0516695063166,2789.280517578125,2789.280517578125,31625,0.0,0.0
2008-10-27 00:00:00+09:00,2749.716082173009,2749.716082173009,2373.8556105090724,2452.984130859375,14873,0.0,0.0
2008-10-28 00:00:00+09:00,2749.716123638731,2769.498254024621,2294.7271247632575,2611.2412109375,9181,0.0,0.0
2008-10-29 00:00:00+09:00,2809.062396523179,2987.1015625,2413.4198054635763,2987.1015625,24695,0.0,0.0
2008-10-30 00:00:00+09:00,3303.615810151734,3422.30859375,2947.5374593569363,3422.30859375,29302,0.0,0.0
2008-10-31 00:00:00+09:00,3422.308556758996,3422.308556758996,3086.0123401988635,3264.051513671875,30889,0.0,0.0
2008-11-03 00:00:00+09:00,3323.397912597656,3560.783477783203,3165.140869140625,3165.140869140625,28936,0.0,0.0
2008-11-04 00:00:00+09:00,3244.26953125,3362.9623189786585,3086.012480945122,3244.26953125,10904,0.0,0.0
2008-11-05 00:00:00+09:00,3165.141006097561,3461.8729754192073,3165.141006097561,3244.26953125,23184,0.0,0.0
2008-11-06 00:00:00+09:00,3184.9229753521126,3303.6157570422533,2809.0625,2809.0625,7621,0.0,0.0
2008-11-07 00:00:00+09:00,2848.6266994724024,3184.9229070490055,2551.8947516106937,3046.447998046875,5448,0.0,0.0
2008-11-10 00:00:00+09:00,3145.3588444636416,3244.26949994992,2987.1017956855967,3086.012451171875,2294,0.0,0.0
2008-11-11 00:00:00+09:00,3086.012213720034,3125.576472870291,2809.062399668236,2888.19091796875,5738,0.0,0.0
2008-11-12 00:00:00+09:00,2947.5374050010632,2947.5374050010632,2769.498232886905,2907.97314453125,3205,0.0,0.0
2008-11-13 00:00:00+09:00,2907.9730475438782,2907.9730475438782,2650.805363067209,2888.19091796875,2419,0.0,0.0
2008-11-14 00:00:00+09:00,2907.9732503824303,2967.319643247378,2650.8055479676573,2828.8447265625,8468,0.0,0.0
2008-11-17 00:00:00+09:00,2749.7161091549297,2888.1910211267605,2749.7161091549297,2809.0625,5256,0.0,0.0
2008-11-18 00:00:00+09:00,2749.715967150702,2868.408742711164,2690.369579370471,2729.933837890625,914,0.0,0.0
2008-11-19 00:00:00+09:00,2769.498151240458,2809.0624105438933,2591.458984375,2591.458984375,6752,0.0,0.0
2008-11-20 00:00:00+09:00,2729.934069824219,2729.934069824219,2215.598665364583,2373.855712890625,18939,0.0,0.0
2008-11-21 00:00:00+09:00,2413.419947193287,2729.934038628472,2294.7271629050924,2670.587646484375,10375,0.0,0.0
2008-11-24 00:00:00+09:00,2710.1518990652903,3006.883858816964,2571.676984514509,2769.498291015625,2873,0.0,0.0
2008-11-25 00:00:00+09:00,2769.498246464416,2888.191028455748,2571.676943145529,2710.15185546875,5069,0.0,0.0
2008-11-26 00:00:00+09:00,2769.498291015625,2947.5374668666295,2571.676984514509,2769.498291015625,18813,0.0,0.0
2008-11-27 00:00:00+09:00,2927.7553813374125,2927.7553813374125,2690.369809877622,2828.8447265625,1908,0.0,0.0
2008-11-28 00:00:00+09:00,2848.626658818493,2907.9730475438782,2670.587492642337,2888.19091796875,9338,0.0,0.0
2008-12-01 00:00:00+09:00,2947.537449544271,2987.1017106119793,2769.4982747395834,2967.319580078125,9306,0.0,0.0
2008-12-02 00:00:00+09:00,2967.319580078125,2967.319580078125,2967.319580078125,2967.319580078125,0,0.0,0.0
2008-12-03 00:00:00+09:00,2967.319580078125,2967.319580078125,2967.319580078125,2967.319580078125,0,0.0,0.0
2008-12-04 00:00:00+09:00,2967.319597516741,3145.3587733677455,2532.112723214286,2769.498291015625,35697,0.0,0.0
2008-12-05 00:00:00+09:00,2769.498246464416,2769.498246464416,2571.676943145529,2710.15185546875,6269,0.0,0.0
2008-12-08 00:00:00+09:00,2769.498254024621,2769.498254024621,2611.2412109375,2611.2412109375,45956,0.0,0.0
2008-12-09 00:00:00+09:00,2611.2411140267177,2670.5875029818703,2571.6768547232823,2591.458984375,14402,0.0,0.0
2008-12-10 00:00:00+09:00,2769.4983000578704,2769.4983000578704,2492.5484700520833,2670.587646484375,12255,0.0,0.0
2008-12-11 00:00:00+09:00,2571.6770441729323,2670.587699718045,2512.3306508458645,2631.0234375,10473,0.0,0.0
2008-12-12 00:00:00+09:00,2631.0233212425596,2967.3195352359694,2532.1126700680275,2907.97314453125,9919,0.0,0.0
2008-12-15 00:00:00+09:00,2888.191014296344,2927.7552747661566,2571.6769305378402,2907.97314453125,22224,0.0,0.0
2008-12-16 00:00:00+09:00,2769.498096410779,2848.626613451087,2690.369579370471,2729.933837890625,2005,0.0,0.0
2008-12-17 00:00:00+09:00,2690.369777199074,2809.0625614872683,2551.8948621961804,2670.587646484375,6836,0.0,0.0
2008-12-18 00:00:00+09:00,2690.3698308270677,2690.3698308270677,2532.1127819548874,2631.0234375,4883,0.0,0.0
2008-12-19 00:00:00+09:00,2650.805479515256,2650.805479515256,2413.4199141855315,2512.33056640625,5833,0.0,0.0
2008-12-22 00:00:00+09:00,2512.3303710937503,2571.6767578125,2373.85546875,2571.6767578125,4440,0.0,0.0
2008-12-23 00:00:00+09:00,2591.45908055161,2611.2412109375,2551.8948197798295,2611.2412109375,3153,0.0,0.0
2008-12-24 00:00:00+09:00,2749.7161693431713,2749.7161693431713,2631.0233850549766,2670.587646484375,700,0.0,0.0
2008-12-25 00:00:00+09:00,2670.587646484375,2670.587646484375,2670.587646484375,2670.587646484375,0,0.0,0.0
2008-12-26 00:00:00+09:00,2670.5877113342285,2670.5877113342285,2532.11279296875,2532.11279296875,1475,0.0,0.0
2008-12-29 00:00:00+09:00,2472.766399383545,2532.11279296875,2472.766399383545,2532.11279296875,93,0.0,0.0
2008-12-30 00:00:00+09:00,2571.676894812275,2769.498194413219,2492.5483749718974,2749.716064453125,3313,0.0,0.0
2008-12-31 00:00:00+09:00,2749.716064453125,2749.716064453125,2749.716064453125,2749.716064453125,0,0.0,0.0
2009-01-02 00:00:00+09:00,2749.7161026519984,2967.3195352359694,2512.330539833121,2907.97314453125,2521,0.0,0.0
2009-01-05 00:00:00+09:00,2868.4087883936213,2947.537306694135,2650.805363067209,2888.19091796875,3714,0.0,0.0
2009-01-06 00:00:00+09:00,2888.19104309082,3283.8336517333983,2769.498260498047,3165.140869140625,549332,0.0,0.0
2009-01-07 00:00:00+09:00,3165.140830592105,3165.140830592105,2848.6267475328946,3006.8837890625,126373,0.0,0.0
2009-01-08 00:00:00+09:00,2888.1910579427085,2967.319580078125,2690.369752604167,2967.319580078125,95186,0.0,0.0
2009-01-09 00:00:00+09:00,3006.88369205298,3006.88369205298,2809.062396523179,2987.1015625,36568,0.0,0.0
2009-01-12 00:00:00+09:00,2828.844529243365,2967.319436269264,2828.844529243365,2888.19091796875,30108,0.0,0.0
2009-01-13 00:00:00+09:00,2888.1909688313804,2967.3194885253906,2848.626708984375,2848.626708984375,28768,0.0,0.0
2009-01-14 00:00:00+09:00,2868.4088908450703,2947.537411971831,2710.151848591549,2809.0625,22962,0.0,0.0
2009-01-15 00:00:00+09:00,2848.6267199160447,2848.6267199160447,2492.5483799265394,2650.805419921875,18781,0.0,0.0
2009-01-16 00:00:00+09:00,2769.498291015625,2769.498291015625,2571.676984514509,2769.498291015625,12568,0.0,0.0
2009-01-19 00:00:00+09:00,2670.587450110394,2789.280225670856,2670.587450110394,2729.933837890625,17501,0.0,0.0
2009-01-20 00:00:00+09:00,2769.498398724724,2769.498398724724,2650.8056102079504,2690.369873046875,6474,0.0,0.0
2009-01-21 00:00:00+09:00,2690.36953125,2690.36953125,2571.6767578125,2571.6767578125,6738,0.0,0.0
2009-01-22 00:00:00+09:00,2670.58740234375,2670.58740234375,2571.6767578125,2571.6767578125,3342,0.0,0.0
2009-01-23 00:00:00+09:00,2611.2412269467213,2611.2412269467213,2235.3807473104507,2413.419921875,10626,0.0,0.0
2009-01-28 00:00:00+09:00,2334.2914810180664,2532.11279296875,2334.2914810180664,2532.11279296875,6587,0.0,0.0
2009-01-29 00:00:00+09:00,2512.33056640625,2611.2412186269685,2452.984175073819,2512.33056640625,15379,0.0,0.0
2009-01-30 00:00:00+09:00,2551.894728887649,2551.894728887649,2393.6376914372518,2492.54833984375,4095,0.0,0.0
2009-02-02 00:00:00+09:00,2551.894760131836,2848.626708984375,2492.548370361328,2848.626708984375,180565,0.0,0.0
2009-02-03 00:00:00+09:00,2967.3194885253906,3184.9229176839194,2749.7160593668623,2848.626708984375,257340,0.0,0.0
2009-02-04 00:00:00+09:00,2868.408785182119,2987.1015625,2710.1517487582782,2987.1015625,88910,0.0,0.0
2009-02-05 00:00:00+09:00,3382.744303894043,3382.744303894043,3066.2302169799805,3165.140869140625,257755,0.0,0.0
2009-02-06 00:00:00+09:00,3165.1407771915583,3184.9229070490055,2947.5373487596385,3046.447998046875,89294,0.0,0.0
2009-02-09 00:00:00+09:00,3046.448110856681,3046.448110856681,2809.0625437769395,2868.408935546875,88544,0.0,0.0
2009-02-10 00:00:00+09:00,2868.4088293298496,3066.230127904322,2828.844569614955,3046.447998046875,62034,0.0,0.0
2009-02-11 00:00:00+09:00,2848.6267538265306,2967.3195352359694,2828.8446235916244,2907.97314453125,28271,0.0,0.0
2009-02-12 00:00:00+09:00,2848.6268229166667,2868.4089536313654,2551.8948621961804,2670.587646484375,96150,0.0,0.0
2009-02-13 00:00:00+09:00,2670.587646484375,2670.587646484375,2670.587646484375,2670.587646484375,0,0.0,0.0
2009-02-16 00:00:00+09:00,2670.587646484375,2670.587646484375,2670.587646484375,2670.587646484375,0,0.0,0.0
2009-02-17 00:00:00+09:00,2670.587646484375,2670.587646484375,2670.587646484375,2670.587646484375,0,0.0,0.25
2009-02-18 00:00:00+09:00,2670.587646484375,2670.587646484375,2670.587646484375,2670.587646484375,0,0.0,0.0
2009-02-19 00:00:00+09:00,2670.587646484375,2670.587646484375,2670.587646484375,2670.587646484375,0,0.0,0.0
2009-02-20 00:00:00+09:00,2670.587646484375,2670.587646484375,2670.587646484375,2670.587646484375,0,0.0,0.0
2009-02-23 00:00:00+09:00,2670.587646484375,2670.587646484375,2670.587646484375,2670.587646484375,0,0.0,0.0
2009-02-24 00:00:00+09:00,2670.587646484375,2670.587646484375,2670.587646484375,2670.587646484375,0,0.0,0.0
2009-02-25 00:00:00+09:00,2670.587646484375,2670.587646484375,2670.587646484375,2670.587646484375,0,0.0,0.0
2009-02-26 00:00:00+09:00,2670.587646484375,2670.587646484375,2670.587646484375,2670.587646484375,0,0.0,0.0
2009-02-27 00:00:00+09:00,2670.587646484375,2670.587646484375,2670.587646484375,2670.587646484375,0,0.0,0.0
2009-03-02 00:00:00+09:00,2670.587646484375,2670.587646484375,2670.587646484375,2670.587646484375,0,0.0,0.0
2009-03-03 00:00:00+09:00,2670.587646484375,2670.587646484375,2670.587646484375,2670.587646484375,0,0.0,0.0
2009-03-04 00:00:00+09:00,2670.587646484375,2670.587646484375,2670.587646484375,2670.587646484375,0,0.0,0.0
2009-03-05 00:00:00+09:00,2670.587646484375,2670.587646484375,2670.587646484375,2670.587646484375,0,0.0,0.0
2009-03-06 00:00:00+09:00,2670.587646484375,2670.587646484375,2670.587646484375,2670.587646484375,0,0.0,0.0
2009-03-09 00:00:00+09:00,2670.587646484375,2670.587646484375,2670.587646484375,2670.587646484375,0,0.0,0.0
2009-03-10 00:00:00+09:00,2670.587646484375,2670.587646484375,2670.587646484375,2670.587646484375,0,0.0,0.0
2009-03-11 00:00:00+09:00,2670.587646484375,2670.587646484375,2670.587646484375,2670.587646484375,0,0.0,0.0
2009-03-12 00:00:00+09:00,2670.587646484375,2670.587646484375,2670.587646484375,2670.587646484375,0,0.0,0.0
2009-03-13 00:00:00+09:00,3461.8728099149816,3981.153731402229,3061.2846704819626,3362.962158203125,461999,0.0,0.0
2009-03-16 00:00:00+09:00,3214.5963343178355,3417.3631800209605,3125.5767435213415,3244.26953125,126954,0.0,0.0
2009-03-17 00:00:00+09:00,3308.5611842497615,3308.5611842497615,3120.6309525584447,3239.32373046875,63572,0.0,0.0
2009-03-18 00:00:00+09:00,3264.0514800095248,3437.145119100939,3179.977426736552,3407.471923828125,65357,0.0,0.0
2009-03-19 00:00:00+09:00,3451.9817233919566,3600.3477000420403,3303.6157467418725,3308.561279296875,63049,0.0,0.0
2009-03-20 00:00:00+09:00,3362.962137401906,3362.962137401906,3184.922965421805,3308.561279296875,18884,0.0,0.0
2009-03-23 00:00:00+09:00,3249.2149158824573,3283.833644057765,3175.031926935369,3264.051513671875,1130,0.0,0.0
2009-03-24 00:00:00+09:00,3600.3477666231574,4025.66357421875,3570.674570744395,4025.66357421875,2033307,0.0,0.0
2009-03-25 00:00:00+09:00,4228.430347711267,4535.053367077465,4050.391175176056,4213.59375,1080047,0.0,0.0
2009-03-26 00:00:00+09:00,4213.593992773656,4549.89022693869,3981.1539485713533,4416.36083984375,493893,0.0,0.0
2009-03-27 00:00:00+09:00,4470.761107415132,4624.072605567642,4055.3364027438147,4297.66748046875,395652,0.0,0.0
2009-03-30 00:00:00+09:00,4297.667763612329,4312.504361185213,4000.93581215463,4055.336669921875,160682,0.0,0.0
2009-03-31 00:00:00+09:00,4055.336701766304,4663.63720703125,4005.881376135008,4663.63720703125,1044019,0.0,0.0
2009-04-01 00:00:00+09:00,4836.731075213973,4896.077468774881,4455.925049864815,4658.69189453125,763731,0.0,0.0
2009-04-02 00:00:00+09:00,4658.69155149822,4732.874537987045,4515.271110953157,4688.36474609375,322150,0.0,0.0
2009-04-03 00:00:00+09:00,4663.637516719358,5192.809536113813,4549.890260214008,5084.0078125,669777,0.0,0.0
2009-04-06 00:00:00+09:00,5212.591271924407,5380.739377470356,4994.987841217885,5004.87890625,665328,0.0,0.0
2009-04-07 00:00:00+09:00,4965.314403436888,5173.0267589591485,4915.859080693493,5054.333984375,368347,0.0,0.0
2009-04-08 00:00:00+09:00,5123.571825325144,5252.155674223266,4945.532649927746,5133.462890625,741893,0.0,0.0
2009-04-09 00:00:00+09:00,5212.591159549099,5608.233752304249,5093.8983817225535,5281.82861328125,869998,0.0,0.0
2009-04-10 00:00:00+09:00,5479.650167252481,5479.650167252481,5064.225425330813,5232.37353515625,514978,0.0,0.0
2009-04-13 00:00:00+09:00,5242.264614172149,5776.3821408991225,5093.898634525767,5637.9072265625,1274672,0.0,0.0
2009-04-14 00:00:00+09:00,5637.906883998691,5806.054984047775,5380.739201570681,5667.580078125,769833,0.0,0.0
2009-04-15 00:00:00+09:00,5717.036062835888,6508.321331048467,5697.253931130573,6211.58935546875,1818897,0.0,0.0
2009-04-16 00:00:00+09:00,6231.37092590332,6369.845835367839,5637.907028198242,5697.25341796875,839477,0.0,0.0
2009-04-17 00:00:00+09:00,5865.401686885063,5865.401686885063,5074.116467743739,5529.10546875,498835,0.0,0.0
2009-04-20 00:00:00+09:00,5519.214107493455,5677.47114283377,5084.007260307591,5667.580078125,203457,0.0,0.0
2009-04-21 00:00:00+09:00,5489.541340007649,5786.273304332386,5489.541340007649,5657.689453125,322800,0.0,0.0
2009-04-22 00:00:00+09:00,5697.253403465346,6023.658546372215,5618.124883972772,5993.9853515625,564089,0.0,0.0
2009-04-23 00:00:00+09:00,6092.896204427084,6092.896204427084,5786.273181152344,5934.63916015625,453895,0.0,0.0
2009-04-24 00:00:00+09:00,5934.6389311393805,6003.876385336007,5499.4320761891595,5588.45166015625,244138,0.0,0.0
2009-04-27 00:00:00+09:00,5588.452161634291,5697.2538851351355,5390.630846178209,5489.54150390625,241824,0.0,0.0
2009-04-28 00:00:00+09:00,5637.907390594482,5825.837636947632,5044.443454742432,5064.2255859375,643330,0.0,0.0
2009-04-29 00:00:00+09:00,5074.116619039726,5360.95751953125,5074.116619039726,5360.95751953125,192478,0.0,0.0
2009-04-30 00:00:00+09:00,5341.175244955937,5608.234007203734,5331.2841796875,5331.2841796875,260167,0.0,0.0
2009-05-04 00:00:00+09:00,5360.957423683449,5420.303815827546,5232.373574037905,5341.17529296875,191096,0.0,0.0
2009-05-06 00:00:00+09:00,5410.412693711578,5637.907194544057,5291.719910668545,5430.19482421875,306305,0.0,0.0
2009-05-07 00:00:00+09:00,5548.887419084821,5548.887419084821,5024.660978422619,5192.80908203125,411425,0.0,0.0
2009-05-08 00:00:00+09:00,5192.809438705444,5222.482635498047,4797.166814804077,5064.2255859375,318241,0.0,0.0
2009-05-11 00:00:00+09:00,5093.898293544572,5143.353616782868,4831.785080381598,4965.314453125,230840,0.0,0.0
2009-05-12 00:00:00+09:00,4876.2951928287575,5133.462890625,4876.2951928287575,5133.462890625,158304,0.0,0.0
2009-05-13 00:00:00+09:00,5143.353748566514,5568.66953931336,5044.4430995556195,5390.63037109375,372546,0.0,0.0
2009-05-14 00:00:00+09:00,5341.175447789634,5707.1448766196645,5222.482660060976,5677.4716796875,718064,0.0,0.0
2009-05-15 00:00:00+09:00,5687.362553111294,5776.3821408991225,5469.759116296601,5637.9072265625,500437,0.0,0.0
2009-05-18 00:00:00+09:00,5548.887838160738,5637.907429147274,5380.739721852837,5578.56103515625,205846,0.0,0.0
2009-05-19 00:00:00+09:00,5707.1445862676055,5736.817781690141,5440.085827464789,5618.125,297443,0.0,0.0
2009-05-20 00:00:00+09:00,5667.58059106692,5984.094690393519,5637.90739425505,5875.29296875,1223401,0.0,0.0
2009-05-21 00:00:00+09:00,5924.7479230482795,5924.7479230482795,5469.758933966108,5499.43212890625,465679,0.0,0.0
2009-05-22 00:00:00+09:00,5311.502016281069,5380.7394727316605,5054.334320893158,5123.57177734375,339938,0.0,0.0
2009-05-25 00:00:00+09:00,5123.5717850332185,5252.155632920153,4629.018523929626,5024.6611328125,279133,0.0,0.0
2009-05-26 00:00:00+09:00,5103.78976171875,5103.78976171875,4752.656938964844,4945.53271484375,263934,0.0,0.0
2009-05-27 00:00:00+09:00,5034.552156690141,5093.898547535211,4747.711267605634,4915.859375,157628,0.0,0.0
2009-05-28 00:00:00+09:00,4866.404171941631,4866.404171941631,4352.068771655117,4638.90966796875,151703,0.0,0.0
2009-05-29 00:00:00+09:00,4569.671976097879,4633.963897839517,4401.523873081291,4490.54345703125,164926,0.0,0.0
2009-06-01 00:00:00+09:00,4539.9990234375,4604.290948606005,4401.524107689951,4539.9990234375,77723,0.0,0.0
2009-06-02 00:00:00+09:00,4757.602434216833,4856.513087734855,4638.9096499952075,4836.73095703125,163854,0.0,0.0
2009-06-03 00:00:00+09:00,4668.58251953125,4782.329763121525,4579.562937591036,4668.58251953125,164925,0.0,0.0
2009-06-04 00:00:00+09:00,4663.636889648437,4663.636889648437,4342.177294921875,4352.068359375,145549,0.0,0.0
2009-06-05 00:00:00+09:00,4406.469721897392,4673.528492921477,4272.94033638535,4658.69189453125,150511,0.0,0.0
2009-06-08 00:00:00+09:00,4658.691876174812,4658.691876174812,4549.890155075188,4604.291015625,35394,0.0,0.0
2009-06-09 00:00:00+09:00,4154.247516134511,4727.929315981657,4154.247516134511,4549.89013671875,560731,0.0,0.0
2009-06-10 00:00:00+09:00,4549.88960154619,4742.765356394344,4549.88960154619,4737.81982421875,121792,0.0,0.0
2009-06-11 00:00:00+09:00,4757.602434216833,4881.24075111436,4737.820303513228,4836.73095703125,139311,0.0,0.0
2009-06-12 00:00:00+09:00,4836.730860778684,4930.695979750866,4698.25594860915,4816.94873046875,279241,0.0,0.0
2009-06-15 00:00:00+09:00,4886.186023974236,5212.5911632275765,4762.547713651002,5182.91796875,500534,0.0,0.0
2009-06-16 00:00:00+09:00,5123.571722678487,5291.719829407318,5004.878941458136,5212.59130859375,370934,0.0,0.0
2009-06-17 00:00:00+09:00,5212.591198620496,5331.283977336711,4886.1860571509005,4940.5869140625,448134,0.0,0.0
2009-06-18 00:00:00+09:00,4945.532473169192,4994.987797900883,4787.275434027778,4896.0771484375,252395,0.0,0.0
2009-06-19 00:00:00+09:00,4945.532424247216,5044.4430727321605,4619.127284246901,4886.18603515625,219759,0.0,0.0
2009-06-22 00:00:00+09:00,4841.676644859473,4994.988162725298,4708.147258331172,4767.49365234375,257065,0.0,0.0
2009-06-23 00:00:00+09:00,4431.19738372093,4535.053572401889,4164.138612827035,4253.158203125,136775,0.0,0.0
2009-06-24 00:00:00+09:00,4272.93989385392,4401.523733252301,4104.791796179113,4164.13818359375,130682,0.0,0.0
2009-06-25 00:00:00+09:00,4164.138722098214,4401.524302455357,4144.356590401786,4327.34130859375,97246,0.0,0.0
2009-06-26 00:00:00+09:00,4347.1231632104655,4510.325739303691,4193.811652335012,4421.30615234375,71873,0.0,0.0
2009-06-29 00:00:00+09:00,4450.979262408088,4450.979262408088,4203.70263671875,4203.70263671875,61472,0.0,0.0
2009-06-30 00:00:00+09:00,4208.648040873778,4426.25146484375,4188.865911421963,4426.25146484375,159046,0.0,0.0
2009-07-01 00:00:00+09:00,4431.19701986755,4500.43447330298,4352.068501655629,4480.65234375,74947,0.0,0.0
2009-07-02 00:00:00+09:00,4510.32606082776,4510.32606082776,4381.742203830477,4436.14306640625,44398,0.0,0.0
2009-07-03 00:00:00+09:00,4302.6136439732145,4421.306434151786,4253.158314732143,4327.34130859375,72301,0.0,0.0
2009-07-06 00:00:00+09:00,4327.341107090124,4381.741966722114,4124.574266643615,4134.46533203125,99201,0.0,0.0
2009-07-07 00:00:00+09:00,4164.13853783701,4292.72238817402,4124.574276194853,4287.77685546875,90258,0.0,0.0
2009-07-08 00:00:00+09:00,4302.613531068314,4302.613531068314,4164.138612827035,4253.158203125,35748,0.0,0.0
2009-07-09 00:00:00+09:00,4297.66770503206,4500.434535764299,4005.881290075914,4193.8115234375,224996,0.0,0.0
2009-07-10 00:00:00+09:00,4208.648322438509,4263.049182070499,4104.792135868346,4134.46533203125,31414,0.0,0.0
2009-07-13 00:00:00+09:00,4134.465199762658,4134.465199762658,3906.970703125,3906.970703125,98982,0.0,0.0
2009-07-14 00:00:00+09:00,3956.426320528211,4139.411037852641,3916.862057322929,4119.62890625,207041,0.0,0.0
2009-07-15 00:00:00+09:00,4065.2278192238728,4263.049124295594,4065.2278192238728,4223.48486328125,161163,0.0,0.0
2009-07-16 00:00:00+09:00,4154.247313488142,4154.247313488142,3709.149387042984,3753.6591796875,188035,0.0,0.0
2009-07-17 00:00:00+09:00,3728.9315475876265,3842.6787963867187,3531.110245328336,3659.694091796875,133348,0.0,0.0
2009-07-20 00:00:00+09:00,3694.3128196922507,3728.9315475876265,3605.29323367557,3659.694091796875,90317,0.0,0.0
2009-07-21 00:00:00+09:00,3684.4217481111223,3798.1689967105262,3679.4762155633225,3758.604736328125,56713,0.0,0.0
2009-07-22 00:00:00+09:00,3758.6045946995855,3808.059918314054,3442.090523566989,3580.5654296875,195701,0.0,0.0
2009-07-23 00:00:00+09:00,3585.511158443884,3644.8575500319207,3511.3281689588384,3570.674560546875,53499,0.0,0.0
2009-07-24 00:00:00+09:00,3570.6746037870403,3709.149519169363,3521.219276864782,3630.02099609375,71941,0.0,0.0
2009-07-27 00:00:00+09:00,3570.6746037870403,3699.2584537849116,3570.6746037870403,3630.02099609375,70332,0.0,0.0
2009-07-28 00:00:00+09:00,3649.802922514296,4154.24722887806,3649.802922514296,3837.733154296875,418578,0.0,0.0
2009-07-29 00:00:00+09:00,3956.426105523627,3956.426105523627,3793.2235286707773,3872.35205078125,121668,0.0,0.0
2009-07-30 00:00:00+09:00,3941.5894277954103,3956.426025390625,3783.3323867797853,3956.426025390625,66843,0.0,0.0
2009-07-31 00:00:00+09:00,3956.4259527917193,4050.3910691705223,3778.386784916092,3941.58935546875,58899,0.0,0.0
2009-08-03 00:00:00+09:00,3941.5892851284925,3966.316946892159,3817.9509763101582,3827.842041015625,98866,0.0,0.0
2009-08-04 00:00:00+09:00,3867.40645916913,3902.0251870645056,3649.8030266839105,3659.694091796875,88673,0.0,0.0
2009-08-05 00:00:00+09:00,3511.328275340947,3699.2585210634206,3501.4372097766063,3694.31298828125,250425,0.0,0.0
2009-08-06 00:00:00+09:00,3689.367185562376,3783.332301548549,3605.293134416853,3738.822509765625,109201,0.0,0.0
2009-08-07 00:00:00+09:00,3719.0404759457238,3976.208168431332,3669.585150467722,3758.604736328125,577308,0.0,0.0
2009-08-10 00:00:00+09:00,3808.060242271168,3857.5155700928717,3689.36745549908,3694.31298828125,178173,0.0,0.0
2009-08-11 00:00:00+09:00,3659.694288300305,3738.822813452744,3560.783631859756,3649.80322265625,159226,0.0,0.0
2009-08-12 00:00:00+09:00,3659.6940647425736,3748.7136501011764,3600.3476745035045,3704.203857421875,93894,0.0,0.0
2009-08-13 00:00:00+09:00,3704.2038721329127,3887.188576096755,3669.5851443559695,3857.515380859375,243900,0.0,0.0
2009-08-14 00:00:00+09:00,3897.0796620673987,4114.6830949747155,3817.9511410101927,3911.916259765625,518932,0.0,0.0
2009-08-17 00:00:00+09:00,3911.91624530993,3911.91624530993,3669.585150467722,3758.604736328125,149434,0.0,0.0
2009-08-18 00:00:00+09:00,3753.65920703125,3753.65920703125,3550.8923723958333,3709.1494140625,225413,0.0,0.0
2009-08-19 00:00:00+09:00,3659.694091796875,3709.1494173616975,3570.674505780194,3659.694091796875,98004,0.0,0.0
2009-08-20 00:00:00+09:00,3649.8030087360917,3699.258334057719,3521.2191628998607,3555.837890625,126418,0.0,0.0
2009-08-21 00:00:00+09:00,3560.7834616268383,3600.347722311581,3303.615767176011,3362.962158203125,173171,0.0,0.0
2009-08-24 00:00:00+09:00,3362.961990333078,3461.8726371075804,3229.4326171875,3229.4326171875,158114,0.0,0.0
2009-08-25 00:00:00+09:00,3234.378394446896,3358.0167122774346,2972.2651606461536,2977.210693359375,415636,0.0,0.0
2009-08-26 00:00:00+09:00,3066.230121057469,3194.81396484375,2972.2650044444176,3194.81396484375,196006,0.0,0.0
2009-08-27 00:00:00+09:00,3194.814161217731,3254.1605543053665,3066.230309527853,3184.923095703125,136853,0.0,0.0
2009-08-28 00:00:00+09:00,3184.9231557632784,3184.9231557632784,3041.50270309692,3095.903564453125,141710,0.0,0.0
2009-08-31 00:00:00+09:00,3095.903516720503,3140.4133116893277,3016.7749923314805,3086.012451171875,66534,0.0,0.0
2009-09-01 00:00:00+09:00,3145.358731356534,3264.051513671875,3066.2302098129735,3264.051513671875,100475,0.0,0.0
2009-09-02 00:00:00+09:00,3244.2694887907605,3313.5069473930025,3120.631169858186,3184.923095703125,108421,0.0,0.0
2009-09-03 00:00:00+09:00,3184.9228796875,3259.105866015625,3066.2301015625003,3090.957763671875,106693,0.0,0.0
2009-09-04 00:00:00+09:00,3140.4133116893277,3140.4133116893277,3036.557123428736,3086.012451171875,79440,0.0,0.0
2009-09-07 00:00:00+09:00,3066.2301369783977,3348.12548828125,3036.556942104413,3348.12548828125,210757,0.0,0.0
2009-09-08 00:00:00+09:00,3422.3086045556706,3719.040564488243,3412.4175392245847,3575.6201171875,514795,0.0,0.0
2009-09-09 00:00:00+09:00,3600.3476617673023,3600.3476617673023,3353.0710366459216,3501.43701171875,169318,0.0,0.0
2009-09-10 00:00:00+09:00,3570.6744793839703,3783.3323777406335,3476.7093615054446,3704.203857421875,344269,0.0,0.0
2009-09-11 00:00:00+09:00,3748.7137270205103,3783.332455370304,3536.0558243003493,3669.585205078125,250735,0.0,0.0
2009-09-14 00:00:00+09:00,3699.258362676056,3817.9511443661972,3511.328125,3511.328125,220658,0.0,0.0
2009-09-15 00:00:00+09:00,3605.29326098399,3659.6941195173563,3511.328141699085,3615.184326171875,186638,0.0,0.0
2009-09-16 00:00:00+09:00,3684.4217579462756,3694.312823068279,3491.5459880672092,3610.23876953125,185954,0.0,0.0
2009-09-17 00:00:00+09:00,3659.6941359499665,3778.386918737533,3541.0013531624,3719.04052734375,408897,0.0,0.0
2009-09-18 00:00:00+09:00,3758.604736328125,3877.2975174753287,3738.822606136924,3758.604736328125,299742,0.0,0.0
2009-09-21 00:00:00+09:00,3798.1688508064517,3803.1143831642726,3669.5850095031083,3679.47607421875,164644,0.0,0.0
2009-09-22 00:00:00+09:00,3679.476323646497,3906.9708275278663,3679.476323646497,3882.2431640625,362074,0.0,0.0
2009-09-23 00:00:00+09:00,3902.0251980633802,3946.534991197183,3817.9511443661972,3862.4609375,219440,0.0,0.0
2009-09-24 00:00:00+09:00,3897.0795472160216,3897.0795472160216,3709.1493152436756,3738.822509765625,156280,0.0,0.0
2009-09-25 00:00:00+09:00,3664.639523460751,3773.4412367078994,3570.6744074745784,3738.822509765625,82785,0.0,0.0
2009-09-28 00:00:00+09:00,3684.4215992789955,4015.772266596704,3684.4215992789955,3976.2080078125,494689,0.0,0.0
2009-09-29 00:00:00+09:00,4154.247326660156,4396.578420715332,3887.188569946289,3956.426025390625,1020330,0.0,0.0
2009-09-30 00:00:00+09:00,3971.262762331495,4277.885790058211,3887.1887063419117,4035.5546875,1615249,0.0,0.0
2009-10-01 00:00:00+09:00,4065.227848597935,4124.57424054827,3763.550356183733,3877.297607421875,274007,0.0,0.0
2009-10-05 00:00:00+09:00,3906.9707452977395,3906.9707452977395,3639.9119854925775,3664.6396484375,299190,0.0,0.0
2009-10-06 00:00:00+09:00,3709.1494173616975,3719.040482474662,3580.5655708931586,3659.694091796875,218069,0.0,0.0
2009-10-07 00:00:00+09:00,3659.6940885416666,3793.2234674479164,3630.0208932291666,3709.1494140625,140323,0.0,0.0
2009-10-08 00:00:00+09:00,3709.1494140625,3778.3868697916664,3615.1842955729167,3709.1494140625,95649,0.0,0.0
2009-10-09 00:00:00+09:00,3748.7136952303713,3808.0600861838866,3684.4217716973967,3763.55029296875,108839,0.0,0.0
2009-10-12 00:00:00+09:00,3753.6592866911997,3961.37165828676,3753.6592866911997,3926.7529296875,289715,0.0,0.0
2009-10-13 00:00:00+09:00,3956.425926643921,4065.2276396266284,3887.188472927652,3986.09912109375,432738,0.0,0.0
2009-10-14 00:00:00+09:00,3986.0992727568655,4035.554598721591,3911.9162838097773,3916.86181640625,193204,0.0,0.0
2009-10-15 00:00:00+09:00,3961.3716261747577,4099.846539449281,3926.7528978561268,4020.718017578125,312590,0.0,0.0
2009-10-16 00:00:00+09:00,4055.3368333035146,4119.628758709546,3857.5155243618797,3887.188720703125,221828,0.0,0.0
2009-10-19 00:00:00+09:00,3887.188672746931,3902.0252707345144,3778.386954171317,3877.297607421875,102655,0.0,0.0
2009-10-20 00:00:00+09:00,3872.351907861901,3877.2974403112776,3748.713596627485,3793.223388671875,115371,0.0,0.0
2009-10-21 00:00:00+09:00,3763.550309515365,3941.5894831586675,3763.550309515365,3867.406494140625,88516,0.0,0.0
2009-10-22 00:00:00+09:00,3817.951102396245,3931.698350265563,3461.8727612401185,3753.6591796875,87293,0.0,0.0
2009-10-23 00:00:00+09:00,3768.4957556087065,3798.1689505347595,3659.6940408798464,3699.25830078125,97403,0.0,0.0
2009-10-26 00:00:00+09:00,3659.6941359499665,3783.332451353682,3610.2388097884805,3719.04052734375,72805,0.0,0.0
2009-10-27 00:00:00+09:00,3803.114602105177,3803.114602105177,3659.694155471822,3773.44140625,62333,0.0,0.0
2009-10-28 00:00:00+09:00,3719.0404858732877,3852.569865020334,3491.5459880672092,3610.23876953125,107009,0.0,0.0
2009-10-29 00:00:00+09:00,3605.293313180757,3605.293313180757,3461.8728658800137,3575.6201171875,70159,0.0,0.0
2009-10-30 00:00:00+09:00,3590.4567255885277,3753.6593040243697,3570.674594869032,3728.931640625,101851,0.0,0.0
2009-11-02 00:00:00+09:00,3634.9665478187917,3714.095071308725,3590.4567533557047,3684.421875,109746,0.0,0.0
2009-11-03 00:00:00+09:00,3733.8770135558475,3733.8770135558475,3496.491455078125,3496.491455078125,126562,0.0,0.0
2009-11-04 00:00:00+09:00,3555.8380990377286,3684.4219524104424,3496.4917051733996,3649.80322265625,114525,0.0,0.0
2009-11-05 00:00:00+09:00,3709.1494108501233,3862.4609198319285,3679.4762155633225,3758.604736328125,311748,0.0,0.0
2009-11-06 00:00:00+09:00,3867.406599956144,3867.406599956144,3733.87721607019,3788.278076171875,79013,0.0,0.0
2009-11-09 00:00:00+09:00,3778.3869966442953,3778.3869966442953,3630.0210151006713,3684.421875,85026,0.0,0.0
2009-11-10 00:00:00+09:00,3684.4217614067925,3733.8770870632598,3560.783447265625,3560.783447265625,127429,0.0,0.0
2009-11-11 00:00:00+09:00,3545.946949678309,3639.9120710784314,3511.328220741422,3531.1103515625,67055,0.0,0.0
2009-11-12 00:00:00+09:00,3560.783582508993,3590.456779029901,3362.9622723696043,3437.145263671875,210000,0.0,0.0
2009-11-13 00:00:00+09:00,3461.8728637695312,3461.8728637695312,3268.997089930943,3323.39794921875,142238,0.0,0.0
2009-11-16 00:00:00+09:00,3338.2345191182544,3397.5809105692456,3268.997062425431,3367.90771484375,77024,0.0,0.0
2009-11-17 00:00:00+09:00,3432.199667794364,3432.199667794364,3259.1060246058873,3323.39794921875,87505,0.0,0.0
2009-11-18 00:00:00+09:00,3323.3978940217394,3417.3630130491397,3259.105970476676,3412.41748046875,81882,0.0,0.0
2009-11-19 00:00:00+09:00,3432.1995651560196,3437.1450976706537,3313.506784804803,3353.071044921875,36169,0.0,0.0
2009-11-20 00:00:00+09:00,3442.0906795726105,3442.0906795726105,3328.343430103975,3362.962158203125,76952,0.0,0.0
2009-11-23 00:00:00+09:00,3362.962190336611,3392.635386133699,3264.051537679652,3268.9970703125,69777,0.0,0.0
2009-11-24 00:00:00+09:00,3288.7792049941195,3343.180064024097,3194.8140848514304,3219.541748046875,91174,0.0,0.0
2009-11-25 00:00:00+09:00,3224.4873046875,3278.888164122412,3194.8141086320934,3224.4873046875,49919,0.0,0.0
2009-11-26 00:00:00+09:00,3264.051510027985,3407.4719551655785,3214.59618411847,3313.5068359375,58952,0.0,0.0
2009-11-27 00:00:00+09:00,3318.4522835867742,3318.4522835867742,2873.3543617942114,3046.447998046875,98379,0.0,0.0
2009-11-30 00:00:00+09:00,3264.051600451718,3264.051600451718,3076.1213567893465,3130.522216796875,63777,0.0,0.0
2009-12-01 00:00:00+09:00,3086.012435493119,3234.37841796875,3086.012435493119,3234.37841796875,73873,0.0,0.0
2009-12-02 00:00:00+09:00,3283.833447413142,3293.724512013784,3165.140672205438,3273.9423828125,33775,0.0,0.0
2009-12-03 00:00:00+09:00,3264.0517103200987,3313.5070392643424,3219.541914270279,3254.16064453125,41296,0.0,0.0
2009-12-04 00:00:00+09:00,3214.596381375855,3318.452572158767,3214.596381375855,3254.16064453125,34623,0.0,0.0
2009-12-07 00:00:00+09:00,3348.1256460710006,3501.4371601451526,3273.9426553899593,3481.655029296875,144947,0.0,0.0
2009-12-08 00:00:00+09:00,3536.0557878521126,3550.8923855633802,3422.308538732394,3511.328125,95460,0.0,0.0
2009-12-09 00:00:00+09:00,3516.273609226033,3516.273609226033,3432.1995566847636,3501.43701171875,57277,0.0,0.0
2009-12-10 00:00:00+09:00,3501.4371118790064,3565.729036249666,3461.872850727831,3471.763916015625,35104,0.0,0.0
2009-12-11 00:00:00+09:00,3555.837962649866,3605.2932889732297,3456.927310003138,3570.674560546875,90873,0.0,0.0
2009-12-14 00:00:00+09:00,3605.2932889732297,3605.2932889732297,3461.872842635474,3570.674560546875,56311,0.0,0.0
2009-12-15 00:00:00+09:00,3630.0209826724067,4104.792119370705,3501.437133149951,3778.386962890625,1669363,0.0,0.0
2009-12-16 00:00:00+09:00,3778.3868602263624,3926.7528364132613,3778.3868602263624,3857.515380859375,513821,0.0,0.0
2009-12-17 00:00:00+09:00,3906.9705586593586,3946.5348174812257,3798.1688468992247,3827.842041015625,234075,0.0,0.0
2009-12-18 00:00:00+09:00,3808.060238486842,4055.336877349624,3699.258517387218,3946.53515625,234727,0.0,0.0
2009-12-21 00:00:00+09:00,4035.554702409351,4035.554702409351,3877.297655256043,3887.188720703125,288046,0.0,0.0
2009-12-22 00:00:00+09:00,3897.0796350097658,4025.6634808349613,3817.9511145019533,3956.426025390625,368830,0.0,0.0
2009-12-23 00:00:00+09:00,3946.535060315649,3971.2627236008343,3659.6941662074937,3926.7529296875,193162,0.0,0.0
2009-12-24 00:00:00+09:00,3857.515303971926,3951.4804203507297,3857.515303971926,3941.58935546875,225798,0.0,0.0
2009-12-28 00:00:00+09:00,3921.807449767911,3941.5895806620747,3857.5155243618797,3887.188720703125,127485,0.0,0.0
2009-12-29 00:00:00+09:00,3867.4065755208335,4109.737678079045,3832.7878465839462,4035.5546875,332209,0.0,0.0
2009-12-30 00:00:00+09:00,4035.554393583131,4134.465040484678,3986.099070132357,4075.11865234375,161552,0.0,0.0
2010-01-04 00:00:00+09:00,4055.3365229634405,4119.628443449446,3991.0446024774346,4075.11865234375,180979,0.0,0.0
2010-01-05 00:00:00+09:00,4104.792342691873,4510.326044018058,4104.792342691873,4381.7421875,620775,0.0,0.0
2010-01-06 00:00:00+09:00,4510.325635302198,4574.617557735233,4322.39540049794,4500.4345703125,363094,0.0,0.0
2010-01-07 00:00:00+09:00,4500.434300605941,4629.01813776611,4297.66748046875,4297.66748046875,290479,0.0,0.0
2010-01-08 00:00:00+09:00,4386.687607074304,4386.687607074304,4169.0841632059055,4307.55908203125,135686,0.0,0.0
2010-01-11 00:00:00+09:00,4342.17763060158,4614.18192409029,4342.17763060158,4421.30615234375,265172,0.0,0.0
2010-01-12 00:00:00+09:00,4441.088486305981,4485.598281825751,4248.212705720309,4361.9599609375,174351,0.0,0.0
2010-01-13 00:00:00+09:00,4391.6330224153035,4416.360685829804,4154.247453636098,4233.3759765625,148389,0.0,0.0
2010-01-14 00:00:00+09:00,4233.3759765625,4282.831303391501,4164.138519001898,4233.3759765625,93351,0.0,0.0
2010-01-15 00:00:00+09:00,4243.266985930349,4490.543616812071,4203.7027249892735,4322.3955078125,251602,0.0,0.0
2010-01-18 00:00:00+09:00,4302.613259649665,4371.850714402648,4223.484739931971,4248.21240234375,130290,0.0,0.0
2010-01-19 00:00:00+09:00,4208.64848501154,4282.8314782843645,4144.356557508427,4218.53955078125,178050,0.0,0.0
2010-01-20 00:00:00+09:00,4178.9749638219655,4272.9400813516895,3951.48046875,3951.48046875,229900,0.0,0.0
2010-01-21 00:00:00+09:00,3956.4261171683047,4080.064433329814,3808.0601377744933,4025.66357421875,118342,0.0,0.0
2010-01-22 00:00:00+09:00,4025.663519052359,4213.593757042518,3951.4805303720327,4114.68310546875,256181,0.0,0.0
2010-01-25 00:00:00+09:00,3991.044969556358,4134.46542075479,3941.589641556899,4000.93603515625,136071,0.0,0.0
2010-01-26 00:00:00+09:00,3986.099220581055,4070.1732736206054,3808.0600494384767,3956.426025390625,137964,0.0,0.0
2010-01-27 00:00:00+09:00,3887.188576096755,3956.426031650641,3793.223457845052,3857.515380859375,92250,0.0,0.0
2010-01-28 00:00:00+09:00,3857.5152351320253,3906.9705586593586,3728.931393960958,3827.842041015625,83123,0.0,0.0
2010-01-29 00:00:00+09:00,3738.8227251838234,3808.0601830575984,3526.1648188572303,3531.1103515625,89667,0.0,0.0
2010-02-01 00:00:00+09:00,3615.184462074518,3615.184462074518,3387.6899542011556,3491.546142578125,99904,0.0,0.0
2010-02-02 00:00:00+09:00,3491.5460113233157,3649.8030543294717,3491.5460113233157,3615.184326171875,63400,0.0,0.0
2010-02-03 00:00:00+09:00,3610.238766232052,3728.9315475876265,3605.29323367557,3659.694091796875,72930,0.0,0.0
2010-02-04 00:00:00+09:00,3709.149586627761,3728.9317177564426,3595.4023326378433,3694.31298828125,35163,0.0,0.0
2010-02-05 00:00:00+09:00,3531.1101538287708,3595.4020753970817,3432.1995052621382,3590.45654296875,49853,0.0,0.0
2010-02-08 00:00:00+09:00,3620.1297889645716,3659.6940489532553,3086.01227911734,3550.892333984375,62474,0.0,0.0
2010-02-09 00:00:00+09:00,3550.892361187632,3550.892361187632,3392.6353200204953,3506.382568359375,45301,0.0,0.0
2010-02-10 00:00:00+09:00,3570.6745123969185,3575.6200449625653,3461.872795952691,3560.783447265625,26662,0.0,0.0
2010-02-11 00:00:00+09:00,3580.565745357634,3595.40234375,3486.6006222059837,3595.40234375,29560,0.0,0.0
2010-02-12 00:00:00+09:00,3639.9118894165535,3649.8029543334465,3580.5654999151966,3644.857421875,27973,0.0,0.0
2010-02-16 00:00:00+09:00,3649.8030202765212,3822.896659449527,3575.620032059519,3758.604736328125,72407,0.0,0.0
2010-02-17 00:00:00+09:00,3822.896805327493,3822.896805327493,3709.1495523876065,3788.278076171875,37052,0.0,0.0
2010-02-18 00:00:00+09:00,3808.0600618061267,3808.0600618061267,3709.1494108501233,3758.604736328125,18847,0.0,0.0
2010-02-19 00:00:00+09:00,3758.60474292652,3788.2779382654135,3605.29323367557,3659.694091796875,55424,0.0,0.0
2010-02-22 00:00:00+09:00,3748.713861465454,3822.8968534469604,3659.6942710876465,3798.169189453125,58566,0.0,0.0
2010-02-23 00:00:00+09:00,3798.1691710700134,3798.1691710700134,3709.1495811230598,3743.768310546875,22664,0.0,0.0
2010-02-24 00:00:00+09:00,3832.7879190444946,3911.916443824768,3699.258533477783,3798.169189453125,92978,0.0,0.0
2010-02-25 00:00:00+09:00,3852.570050239563,3857.51558303833,3699.258533477783,3798.169189453125,26378,0.0,0.0
2010-02-26 00:00:00+09:00,3842.6786640242035,3842.6786640242035,3674.5305628957312,3783.332275390625,24114,0.0,0.0
2010-03-02 00:00:00+09:00,3817.9511837200976,3817.9511837200976,3664.6396724567257,3669.585205078125,47476,0.0,0.0
2010-03-03 00:00:00+09:00,3659.6941158485156,3733.8771046832826,3630.0209203146087,3664.6396484375,21580,0.0,0.0
2010-03-04 00:00:00+09:00,3664.63962109375,3758.6047395833334,3649.8030234375,3709.1494140625,44498,0.0,0.0
2010-03-05 00:00:00+09:00,3748.7136256580047,3758.604690633356,3630.0208459537935,3699.25830078125,28865,0.0,0.0
2010-03-08 00:00:00+09:00,3699.2585508765246,3704.204083698552,3605.2934272580032,3649.80322265625,52643,0.0,0.0
2010-03-09 00:00:00+09:00,3649.8030543294717,3654.7485869234138,3555.8379350445666,3615.184326171875,30504,0.0,0.0
2010-03-10 00:00:00+09:00,3649.8030266839105,3659.694091796875,3570.674505780194,3659.694091796875,24739,0.0,0.0
2010-03-11 00:00:00+09:00,3610.238786435794,3798.1690246338217,3610.238786435794,3714.094970703125,369698,0.0,0.0
2010-03-12 00:00:00+09:00,3778.386848253552,3783.332380777444,3570.6744822500846,3654.74853515625,240447,0.0,0.0
2010-03-15 00:00:00+09:00,3654.7487554782774,3694.313018054497,3214.5963343178355,3447.036376953125,264991,0.0,0.0
2010-03-16 00:00:00+09:00,3461.872805621715,3808.0600861838866,3372.8532191914423,3763.55029296875,349919,0.0,0.0
2010-03-17 00:00:00+09:00,3763.5503840095766,3911.9163649823586,3709.1495243195563,3832.787841796875,288434,0.0,0.0
2010-03-18 00:00:00+09:00,3808.0598631547523,3936.643702689848,3758.6045402566388,3817.950927734375,84785,0.0,0.0
2010-03-19 00:00:00+09:00,3798.1687985751296,3897.079444371357,3748.713475677016,3817.950927734375,277173,0.0,0.0
2010-03-22 00:00:00+09:00,3832.7878134591238,3995.9903913225444,3832.7878134591238,3877.297607421875,374803,0.0,0.0
2010-03-23 00:00:00+09:00,3877.297583413155,4005.8814318426726,3857.5154528855364,3872.35205078125,421111,0.0,0.0
2010-03-24 00:00:00+09:00,3872.3521996474847,3946.5351919778964,3639.912157012195,3649.80322265625,184963,0.0,0.0
2010-03-25 00:00:00+09:00,3704.2039294953042,3748.7137230406415,3625.0754076369262,3719.04052734375,77628,0.0,0.0
2010-03-26 00:00:00+09:00,3709.149404672476,3857.515380859375,3639.9119491185897,3857.515380859375,225753,0.0,0.0
2010-03-29 00:00:00+09:00,3867.406402668412,3946.534922416103,3709.1493631730295,3748.713623046875,95192,0.0,0.0
2010-03-30 00:00:00+09:00,3758.604647673708,3847.624231434401,3521.2190909785263,3541.001220703125,245946,0.0,0.0
2010-03-31 00:00:00+09:00,3590.456828791921,3590.456828791921,3377.798917444741,3447.036376953125,169756,0.0,0.0
2010-04-01 00:00:00+09:00,3506.3826733433666,3506.3826733433666,3422.3086177060786,3427.254150390625,88461,0.0,0.0
2010-04-02 00:00:00+09:00,3486.600414211467,3511.328076723605,3367.9076341532045,3501.43701171875,100534,0.0,0.0
2010-04-05 00:00:00+09:00,3466.8184958915035,3526.164889544425,3273.9427165195084,3343.18017578125,78773,0.0,0.0
2010-04-06 00:00:00+09:00,3343.180122955501,3412.417581123218,3318.452459324173,3382.744384765625,57711,0.0,0.0
2010-04-07 00:00:00+09:00,3367.9075896164463,3471.763770794046,3367.9075896164463,3442.090576171875,33231,0.0,0.0
2010-04-08 00:00:00+09:00,3422.3085585341537,3605.2932646985523,3422.3085585341537,3565.72900390625,92889,0.0,0.0
2010-04-09 00:00:00+09:00,3560.783447265625,3585.5111100938584,3471.7638610839845,3560.783447265625,48461,0.0,0.0
2010-04-12 00:00:00+09:00,3560.783585258152,3659.694240404212,3476.7095283840013,3639.912109375,60537,0.0,0.0
2010-04-13 00:00:00+09:00,3565.7291941283006,3649.8032527970677,3545.947062676826,3605.29345703125,26282,0.0,0.0
2010-04-14 00:00:00+09:00,3630.0208932291666,3758.6047395833334,3541.0013072916668,3709.1494140625,190005,0.0,0.0
2010-04-15 00:00:00+09:00,3758.6047843873034,3808.0601104976627,3689.3673278328006,3768.495849609375,114906,0.0,0.0
2010-04-16 00:00:00+09:00,3808.060089802139,3808.060089802139,3659.69411227738,3714.094970703125,65683,0.0,0.0
2010-04-19 00:00:00+09:00,3659.694192247105,3659.694192247105,3610.2388653248468,3630.02099609375,40928,0.0,0.0
2010-04-20 00:00:00+09:00,3634.9665383731617,3699.258463541667,3412.4175666360293,3531.1103515625,48194,0.0,0.0
2010-04-21 00:00:00+09:00,3560.7834115612645,3827.8421674283595,3536.055748980978,3753.6591796875,173714,0.0,0.0
2010-04-22 00:00:00+09:00,3753.659394264221,3822.8968534469604,3723.9861974716187,3798.169189453125,106667,0.0,0.0
2010-04-23 00:00:00+09:00,3857.5155344831105,3906.9708618482787,3763.5504124892914,3788.278076171875,97335,0.0,0.0
2010-04-26 00:00:00+09:00,3832.7879190444946,3832.7879190444946,3738.82279586792,3798.169189453125,78602,0.0,0.0
2010-04-27 00:00:00+09:00,3778.386810457646,4005.881304281012,3753.659148085541,3897.07958984375,398546,0.0,0.0
2010-04-28 00:00:00+09:00,3857.5153747558597,4055.3366760253907,3822.8966470336914,3956.426025390625,798528,0.0,0.0
2010-04-29 00:00:00+09:00,4104.792105340838,4129.5197686260235,3926.7529296875,3926.7529296875,503710,0.0,0.0
2010-04-30 00:00:00+09:00,4015.7726085069444,4490.543754340278,3976.2083463541667,4450.9794921875,1851652,0.0,0.0
2010-05-03 00:00:00+09:00,4648.800789295829,4881.24082876062,4500.434806658728,4802.1123046875,2294889,0.0,0.0
2010-05-04 00:00:00+09:00,4896.077202690973,4925.7503978587965,4599.345251012732,4807.0576171875,1099066,0.0,0.0
2010-05-06 00:00:00+09:00,4648.800539734543,4747.711189516129,4559.780954931116,4599.34521484375,588515,0.0,0.0
2010-05-07 00:00:00+09:00,4302.613676447533,4520.217126750627,4223.485149064591,4436.14306640625,900028,0.0,0.0
2010-05-10 00:00:00+09:00,4510.3256712841385,4718.038037724856,4292.7222397748155,4708.14697265625,1241266,0.0,0.0
2010-05-11 00:00:00+09:00,4747.711116412213,4816.948570193225,4411.414912333015,4535.05322265625,933176,0.0,0.0
2010-05-12 00:00:00+09:00,4539.999241676072,4688.36522996614,4381.7421875,4381.7421875,634165,0.0,0.0
2010-05-13 00:00:00+09:00,4386.687607074304,4426.251869595831,4218.539491357814,4307.55908203125,870526,0.0,0.0
2010-05-14 00:00:00+09:00,4376.796160506378,4678.473635976309,4352.068498582614,4579.56298828125,1153049,0.0,0.0
2010-05-17 00:00:00+09:00,4599.345736042837,4772.439392775632,4401.5244140625,4401.5244140625,763238,0.0,0.0
2010-05-18 00:00:00+09:00,4510.325534894709,4737.820024593345,4282.8310451960715,4579.56298828125,1134516,0.0,0.0
2010-05-19 00:00:00+09:00,4643.855228595345,5182.918295599489,4539.999041374362,4846.6220703125,3224437,0.0,0.0
2010-05-20 00:00:00+09:00,4836.731072856104,4836.731072856104,4203.702875181686,4253.158203125,1233883,0.0,0.0
2010-05-24 00:00:00+09:00,4253.157840568862,4401.523811751497,4129.51953125,4129.51953125,401490,0.0,0.0
2010-05-25 00:00:00+09:00,4055.3367668741807,4114.683158584535,3630.0209596166446,3773.44140625,746753,0.0,0.0
2010-05-26 00:00:00+09:00,3808.0602281192696,4055.3368663088327,3768.49596600894,4045.44580078125,379427,0.0,0.0
2010-05-27 00:00:00+09:00,4025.663787804716,4124.574445981736,3916.862063809994,4070.173583984375,265530,0.0,0.0
2010-05-28 00:00:00+09:00,4164.1385085227275,4193.811704545455,4030.6091264204547,4080.064453125,473696,0.0,0.0
2010-05-31 00:00:00+09:00,4015.7726041985024,4094.901128419163,3951.4806782692162,4045.44580078125,309757,0.0,0.0
2010-06-01 00:00:00+09:00,4104.7919921875,4282.831162932982,4055.336666980422,4104.7919921875,505424,0.0,0.0
2010-06-03 00:00:00+09:00,4144.356388270297,4258.103639977,4114.683192172897,4233.3759765625,372408,0.0,0.0
2010-06-04 00:00:00+09:00,4253.158050574646,4282.83124627633,3966.317158791705,4020.718017578125,462805,0.0,0.0
2010-06-07 00:00:00+09:00,3877.297684403153,3877.297684403153,3773.4414964280686,3842.678955078125,272768,0.0,0.0
2010-06-08 00:00:00+09:00,3877.2976868123474,4213.593914750153,3877.2976868123474,4045.44580078125,681805,0.0,0.0
2010-06-09 00:00:00+09:00,4094.9010950918414,4094.9010950918414,3862.4610570854206,3887.188720703125,332616,0.0,0.0
2010-06-10 00:00:00+09:00,3926.7526381102252,3946.5347672694706,3808.0598631547523,3817.950927734375,168507,0.0,0.0
2010-06-11 00:00:00+09:00,3877.2975079113926,3946.53496340981,3803.1145198773734,3906.970703125,203530,0.0,0.0
2010-06-14 00:00:00+09:00,3946.535089072452,3986.0993506170385,3847.6244352109875,3882.2431640625,152167,0.0,0.0
2010-06-15 00:00:00+09:00,3867.406325954861,3902.025052657782,3783.332275390625,3783.332275390625,210629,0.0,0.0
2010-06-16 00:00:00+09:00,3827.8420668658086,3827.8420668658086,3560.783318014706,3783.332275390625,274098,0.0,0.0
2010-06-17 00:00:00+09:00,3902.0252015822593,3946.5349947562013,3768.495822060433,3813.005615234375,229513,0.0,0.0
2010-06-18 00:00:00+09:00,3817.9511174841773,3906.970703125,3783.3323897349683,3906.970703125,96079,0.0,0.0
2010-06-21 00:00:00+09:00,3911.9162875514503,3941.5894831586675,3808.0601029261907,3867.406494140625,138220,0.0,0.0
2010-06-22 00:00:00+09:00,3847.6242456150176,3847.6242456150176,3748.713596627485,3793.223388671875,119135,0.0,0.0
2010-06-23 00:00:00+09:00,3793.2235410571257,3813.00567164934,3669.5852248557853,3723.986083984375,180034,0.0,0.0
2010-06-24 00:00:00+09:00,3733.8772806307165,3738.822813452744,3639.912157012195,3649.80322265625,136862,0.0,0.0
2010-06-25 00:00:00+09:00,3620.1299496644297,3728.931669463087,3605.293351510067,3684.421875,137434,0.0,0.0
2010-06-28 00:00:00+09:00,3684.4216550770775,3709.149317191689,3625.0752660020107,3689.3671875,117862,0.0,0.0
2010-06-29 00:00:00+09:00,3654.74851645467,3738.822568930623,3550.892333984375,3550.892333984375,147193,0.0,0.0
2010-06-30 00:00:00+09:00,3451.981881954903,3813.0057750533383,3165.140980589023,3694.31298828125,434313,0.0,0.0
2010-07-01 00:00:00+09:00,3610.238821605566,3689.367343722948,3531.110299488184,3570.674560546875,138031,0.0,0.0
2010-07-02 00:00:00+09:00,3639.9121389270977,3639.9121389270977,3506.3827533958047,3595.40234375,67046,0.0,0.0
2010-07-05 00:00:00+09:00,3590.4566910762205,3659.69414792893,3550.8924300175295,3570.674560546875,85349,0.0,0.0
2010-07-06 00:00:00+09:00,3634.9665931939403,3634.9665931939403,3491.546142578125,3491.546142578125,83164,0.0,0.0
2010-07-07 00:00:00+09:00,3555.8380687162494,3590.4567981752393,3471.7640114587025,3491.546142578125,69688,0.0,0.0
2010-07-08 00:00:00+09:00,3555.837975298049,3570.6745732478325,3407.471995800217,3422.30859375,108091,0.0,0.0
2010-07-09 00:00:00+09:00,3422.3085606971154,3471.76388671875,3214.59619140625,3214.59619140625,332276,0.0,0.0
2010-07-12 00:00:00+09:00,3179.977482921237,3318.4523966409797,3179.977482921237,3268.9970703125,110051,0.0,0.0
2010-07-13 00:00:00+09:00,3273.9427281821645,3343.180187690549,3244.26953125,3244.26953125,140707,0.0,0.0
2010-07-14 00:00:00+09:00,3249.214895629883,3565.7289798312718,3249.214895629883,3560.783447265625,488753,0.0,0.0
2010-07-15 00:00:00+09:00,3560.783398981546,3630.0208539617424,3461.8727490098363,3550.892333984375,293967,0.0,0.0
2010-07-16 00:00:00+09:00,3595.402182268415,3595.402182268415,3451.981737583705,3461.872802734375,65733,0.0,0.0
2010-07-19 00:00:00+09:00,3392.63537403333,3447.0362328006286,3343.180047881241,3417.363037109375,75277,0.0,0.0
2010-07-20 00:00:00+09:00,3422.3085980457295,3422.3085980457295,3358.0166735159687,3372.853271484375,47581,0.0,0.0
2010-07-21 00:00:00+09:00,3343.1798609781777,3397.580716704154,3204.7049554938744,3229.4326171875,222483,0.0,0.0
2010-07-22 00:00:00+09:00,3254.160354283572,3308.5612112700755,3135.467575403928,3194.81396484375,146980,0.0,0.0
2010-07-23 00:00:00+09:00,3219.541763305664,3338.2345472063334,3175.031969342913,3323.39794921875,73774,0.0,0.0
2010-07-26 00:00:00+09:00,3333.2890385575315,3456.927356011446,3278.8881788778094,3328.343505859375,52576,0.0,0.0
2010-07-27 00:00:00+09:00,3367.907727219542,3367.907727219542,3204.7051501296082,3219.541748046875,68911,0.0,0.0
2010-07-28 00:00:00+09:00,3219.541772011599,3293.724762150115,3204.7051739838957,3224.4873046875,70394,0.0,0.0
2010-07-29 00:00:00+09:00,3214.596239335698,3268.9970987706097,3194.8141086320934,3224.4873046875,53382,0.0,0.0
2010-07-30 00:00:00+09:00,3259.1059113728024,3259.1059113728024,3175.0318590308634,3199.759521484375,28426,0.0,0.0
2010-08-02 00:00:00+09:00,3199.7595973968505,3219.5417278289797,3140.413206100464,3165.140869140625,67651,0.0,0.0
2010-08-03 00:00:00+09:00,3303.615770755597,3481.654944029851,3264.051510027985,3313.5068359375,310742,0.0,0.0
2010-08-04 00:00:00+09:00,3264.051462504678,3353.071047845715,3244.269332428892,3303.61572265625,48797,0.0,0.0
2010-08-05 00:00:00+09:00,3353.0711451939173,3353.0711451939173,3234.3783612932475,3323.39794921875,76432,0.0,0.0
2010-08-06 00:00:00+09:00,3461.872661544616,3461.872661544616,3278.887963720115,3283.83349609375,80869,0.0,0.0
2010-08-09 00:00:00+09:00,3313.5068396366005,3323.3979048295455,3264.051513671875,3264.051513671875,84672,0.0,0.0
2010-08-10 00:00:00+09:00,3184.9230237178235,3298.6702745648886,3155.249827844676,3170.08642578125,158887,0.0,0.0
2010-08-11 00:00:00+09:00,3194.8140647888185,3194.8140647888185,3110.7400104522703,3165.140869140625,59288,0.0,0.0
2010-08-12 00:00:00+09:00,3155.2497870178713,3155.2497870178713,3051.3936028056846,3061.28466796875,90051,0.0,0.0
2010-08-13 00:00:00+09:00,3061.284569140625,3110.739893359375,3036.55690703125,3090.957763671875,49591,0.0,0.0
2010-08-16 00:00:00+09:00,3090.957763671875,3135.46755546875,3061.284569140625,3090.957763671875,35427,0.0,0.0
2010-08-17 00:00:00+09:00,3066.2302169799805,3179.9774669647218,3066.2302169799805,3165.140869140625,39080,0.0,0.0
2010-08-18 00:00:00+09:00,3199.7597237173964,3199.7597237173964,3105.7946004552164,3140.413330078125,61246,0.0,0.0
2010-08-19 00:00:00+09:00,3110.7401276344476,3313.506972202035,3105.794594840116,3189.86865234375,147905,0.0,0.0
2010-08-20 00:00:00+09:00,3145.358810021384,3219.5418008237752,3145.358810021384,3179.9775390625,48542,0.0,0.0
2010-08-23 00:00:00+09:00,3179.9773969391695,3214.5961244330642,3095.9033444539973,3100.848876953125,78655,0.0,0.0
2010-08-24 00:00:00+09:00,3100.8489529517387,3105.7944855720766,3061.284691989037,3066.230224609375,36712,0.0,0.0
2010-08-25 00:00:00+09:00,3056.339163358094,3086.0123591188526,3016.77490234375,3016.77490234375,44126,0.0,0.0
2010-08-26 00:00:00+09:00,3016.77490234375,3145.3587506403687,3006.883837090164,3016.77490234375,48271,0.0,0.0
2010-08-27 00:00:00+09:00,2972.26513671875,3036.5570614730655,2967.319604045341,2972.26513671875,67585,0.0,0.0
2010-08-30 00:00:00+09:00,2977.210688572304,3041.502613740809,2977.210688572304,3026.666015625,22996,0.0,0.0
2010-08-31 00:00:00+09:00,2967.31943294702,3036.55688638245,2967.31943294702,2987.1015625,28266,0.0,0.0
2010-09-01 00:00:00+09:00,3001.938159664735,3036.55688638245,2967.31943294702,2987.1015625,57952,0.0,0.0
2010-09-02 00:00:00+09:00,3046.448073814655,3046.448073814655,2982.156150178956,3011.829345703125,13721,0.0,0.0
2010-09-03 00:00:00+09:00,3046.4481096431355,3214.596219590971,2987.101717896841,3170.08642578125,129832,0.0,0.0
2010-09-06 00:00:00+09:00,3224.487280685964,3259.106009159586,3155.249823738719,3219.541748046875,44289,0.0,0.0
2010-09-07 00:00:00+09:00,3219.5417522364955,3283.833676628315,3165.1408931357255,3170.08642578125,30006,0.0,0.0
2010-09-08 00:00:00+09:00,3145.3588571947676,3244.2695130813954,3145.3588571947676,3189.86865234375,37723,0.0,0.0
2010-09-09 00:00:00+09:00,3224.4872643849208,3224.4872643849208,3115.685546875,3115.685546875,23917,0.0,0.0
2010-09-10 00:00:00+09:00,3115.6854717548076,3214.596121651786,3076.1212117960163,3150.30419921875,53484,0.0,0.0
2010-09-13 00:00:00+09:00,3165.140869140625,3204.705130004883,3095.903412628174,3165.140869140625,23776,0.0,0.0
2010-09-14 00:00:00+09:00,3179.977573883839,3179.977573883839,3061.2847873003057,3086.012451171875,47892,0.0,0.0
2010-09-15 00:00:00+09:00,3095.903396039479,3095.903396039479,3016.7748747349556,3061.28466796875,47636,0.0,0.0
2010-09-16 00:00:00+09:00,3036.557123428736,3086.012451171875,3016.7749923314805,3086.012451171875,29333,0.0,0.0
2010-09-17 00:00:00+09:00,3090.957863457946,3090.957863457946,3016.7748747349556,3061.28466796875,34318,0.0,0.0
2010-09-20 00:00:00+09:00,3051.3935575029604,3066.230155027286,2996.9926999137665,3001.938232421875,49535,0.0,0.0
2010-09-24 00:00:00+09:00,2996.99267578125,3031.611403059251,2992.047143312964,2996.99267578125,28710,0.0,0.0
2010-09-27 00:00:00+09:00,3036.556935527537,3046.4480004641086,2957.4284160349625,2996.99267578125,111634,0.0,0.0
2010-09-28 00:00:00+09:00,2972.2650886242695,2992.047218997809,2952.4829582507305,2962.3740234375,49221,0.0,0.0
2010-09-29 00:00:00+09:00,2957.4284635844983,3026.6659192537004,2957.4284635844983,3006.8837890625,78734,0.0,0.0
2010-09-30 00:00:00+09:00,3016.7747568294703,3031.6113539942053,2967.31943294702,2987.1015625,49291,0.0,0.0
2010-10-01 00:00:00+09:00,2962.3740234375,3016.774881964733,2962.3740234375,2962.3740234375,62781,0.0,0.0
2010-10-04 00:00:00+09:00,2947.5375207296847,2996.9928482587065,2922.8098569651743,2982.15625,94024,0.0,0.0
2010-10-05 00:00:00+09:00,2992.047218997809,2992.047218997809,2942.591893063961,2962.3740234375,45906,0.0,0.0
2010-10-06 00:00:00+09:00,3006.883845338983,3006.883845338983,2917.8642578125,2917.8642578125,86132,0.0,0.0
2010-10-07 00:00:00+09:00,2927.7551995798317,3011.8292509191174,2907.973069852941,2942.591796875,70739,0.0,0.0
2010-10-08 00:00:00+09:00,2977.210597009563,3011.829324881767,2947.5374016905307,2957.428466796875,40515,0.0,0.0
2010-10-11 00:00:00+09:00,2957.4284426690742,2996.992702771671,2942.5918451306006,2952.48291015625,58941,0.0,0.0
2010-10-12 00:00:00+09:00,2952.4829582507305,2972.2650886242695,2942.591893063961,2962.3740234375,39694,0.0,0.0
2010-10-13 00:00:00+09:00,2957.4284908441155,2967.319556030885,2878.2999693499582,2962.3740234375,61776,0.0,0.0
2010-10-14 00:00:00+09:00,2962.373828455478,3001.938086598456,2917.8640380446277,2922.8095703125,108502,0.0,0.0
2010-10-15 00:00:00+09:00,2922.809786376953,2987.1017106119793,2907.9731884765624,2967.319580078125,61149,0.0,0.0
2010-10-18 00:00:00+09:00,2967.319739541126,3115.6857265181825,2967.319739541126,3051.393798828125,142026,0.0,0.0
2010-10-19 00:00:00+09:00,3056.339207100332,3199.7596553299586,3046.4481417051848,3076.121337890625,189397,0.0,0.0
2010-10-20 00:00:00+09:00,3066.2302030675555,3451.9817447437963,2987.10168169807,3362.962158203125,689017,0.0,0.0
2010-10-21 00:00:00+09:00,3387.6896990740743,3412.4173611111114,3298.670115740741,3338.234375,186700,0.0,0.0
2010-10-22 00:00:00+09:00,3387.689675940089,3387.689675940089,3204.7049781155874,3283.83349609375,244848,0.0,0.0
2010-10-25 00:00:00+09:00,3318.4522453703703,3402.5262962962966,3298.670115740741,3338.234375,149699,0.0,0.0
2010-10-26 00:00:00+09:00,3382.744295987216,3402.526426373106,3239.3238506895123,3264.051513671875,167279,0.0,0.0
2010-10-27 00:00:00+09:00,3264.0515807833394,3328.343505859375,3204.705188405461,3328.343505859375,191957,0.0,0.0
2010-10-28 00:00:00+09:00,3283.833640391791,3362.962161847015,3249.2149122551305,3313.5068359375,153601,0.0,0.0
2010-10-29 00:00:00+09:00,3333.288982650823,3437.1451675702106,3214.596199885809,3417.363037109375,465936,0.0,0.0
2010-11-01 00:00:00+09:00,3471.7638998829843,3481.6549651248165,3323.3979212555064,3367.90771484375,180289,0.0,0.0
2010-11-02 00:00:00+09:00,3412.417491566051,3422.308556758996,3264.051513671875,3264.051513671875,192831,0.0,0.0
2010-11-03 00:00:00+09:00,3268.9970462683473,3293.72470925071,3229.4327854965672,3264.051513671875,138421,0.0,0.0
2010-11-04 00:00:00+09:00,3268.9969212962965,3382.744166666667,3234.3781944444445,3338.234375,257221,0.0,0.0
2010-11-05 00:00:00+09:00,3382.7443608162516,3432.19968772877,3333.2890339037335,3377.798828125,172117,0.0,0.0
2010-11-08 00:00:00+09:00,3427.2539565037637,3427.2539565037637,3343.179905622719,3387.689697265625,101830,0.0,0.0
2010-11-09 00:00:00+09:00,3407.4719758110773,3407.4719758110773,3338.2345191182544,3367.90771484375,112120,0.0,0.0
2010-11-10 00:00:00+09:00,3392.635340033637,3575.6200449625653,3348.125546942817,3560.783447265625,556773,0.0,0.0
2010-11-11 00:00:00+09:00,3580.5655845424103,3590.45664969308,3422.3085421316964,3461.872802734375,335226,0.0,0.0
2010-11-12 00:00:00+09:00,3511.32813207654,3610.23878368433,3273.9425682178444,3412.41748046875,523214,0.0,0.0
2010-11-15 00:00:00+09:00,3412.417496950817,3580.56560549622,3402.5264317422643,3516.273681640625,440330,0.0,0.0
2010-11-16 00:00:00+09:00,3545.946842997783,3659.694091796875,3486.600452319996,3659.694091796875,509070,0.0,0.0
2010-11-17 00:00:00+09:00,3610.238874846814,3827.8423138786766,3511.328220741422,3531.1103515625,743726,0.0,0.0
2010-11-18 00:00:00+09:00,3516.2737534466914,3565.7290804993872,3451.981828278186,3531.1103515625,196956,0.0,0.0
2010-11-19 00:00:00+09:00,3521.21920335695,3679.476246204453,3521.21920335695,3664.6396484375,240110,0.0,0.0
2010-11-22 00:00:00+09:00,3709.1494173616975,3738.822612700591,3615.1842987885343,3659.694091796875,215435,0.0,0.0
2010-11-23 00:00:00+09:00,3679.4761226541555,3723.9859144604557,3634.9663308478553,3689.3671875,259863,0.0,0.0
2010-11-24 00:00:00+09:00,3451.9816349754647,3644.8573996803975,3412.417375548812,3590.45654296875,353283,0.0,0.0
2010-11-25 00:00:00+09:00,3654.7485528243215,3827.842191997327,3610.23875989412,3758.604736328125,460607,0.0,0.0
2010-11-26 00:00:00+09:00,3803.1145900038423,3877.2975794057375,3570.6745565445694,3620.1298828125,590175,0.0,0.0
2010-11-29 00:00:00+09:00,3620.129848164422,3827.842216501725,3620.129848164422,3763.55029296875,505590,0.0,0.0
2010-11-30 00:00:00+09:00,3748.713576575067,3837.7331601876676,3634.9663308478553,3689.3671875,396245,0.0,0.0
2010-12-01 00:00:00+09:00,3689.3672140010176,3743.768071043928,3630.0208244996606,3644.857421875,170757,0.0,0.0
2010-12-02 00:00:00+09:00,3674.530588301401,3798.168898809524,3664.639523460751,3738.822509765625,311829,0.0,0.0
2010-12-03 00:00:00+09:00,3783.3322537329886,3793.2233184486304,3649.8028800718243,3679.47607421875,213317,0.0,0.0
2010-12-06 00:00:00+09:00,3699.2585508765246,3728.931747808689,3644.8576898342226,3649.80322265625,189940,0.0,0.0
2010-12-07 00:00:00+09:00,3649.8030119170926,3709.149402354769,3506.382568359375,3506.382568359375,350335,0.0,0.0
2010-12-08 00:00:00+09:00,3506.3825414971056,3590.4565939730587,3432.1995540183234,3550.892333984375,181288,0.0,0.0
2010-12-09 00:00:00+09:00,3585.511211320466,3610.238874846814,3486.6005572150734,3531.1103515625,145990,0.0,0.0
2010-12-10 00:00:00+09:00,3541.0013446620073,3610.238801121879,3506.3826164320717,3516.273681640625,97626,0.0,0.0
2010-12-13 00:00:00+09:00,3516.2735089886914,3590.4564944103936,3471.76371773567,3580.5654296875,128230,0.0,0.0
2010-12-14 00:00:00+09:00,3595.402178697183,3595.402178697183,3511.328125,3511.328125,108826,0.0,0.0
2010-12-15 00:00:00+09:00,3555.8380199779162,3555.8380199779162,3456.927365736528,3481.655029296875,109845,0.0,0.0
2010-12-16 00:00:00+09:00,3496.4914600533343,3496.4914600533343,3343.1799533183225,3397.580810546875,172973,0.0,0.0
2010-12-17 00:00:00+09:00,3451.981813813357,3456.9273464979033,3392.635421598801,3427.254150390625,76184,0.0,0.0
2010-12-20 00:00:00+09:00,3362.962161847015,3417.3630203474813,3224.487249300373,3313.5068359375,208433,0.0,0.0
2010-12-21 00:00:00+09:00,3293.724556606853,3466.8181894615677,3293.724556606853,3432.199462890625,114641,0.0,0.0
2010-12-22 00:00:00+09:00,3407.4719055541264,3432.199568148859,3293.724657618357,3303.61572265625,81153,0.0,0.0
2010-12-23 00:00:00+09:00,3456.927430282683,3456.927430282683,3313.5069789547892,3343.18017578125,121450,0.0,0.0
2010-12-24 00:00:00+09:00,3323.397852732036,3382.744242959394,3264.051462504678,3303.61572265625,110332,0.0,0.0
2010-12-27 00:00:00+09:00,3362.9622254915225,3511.328206027913,3303.615833276966,3427.254150390625,140252,0.0,0.0
2010-12-28 00:00:00+09:00,3427.254233456222,3437.1452990650428,3338.23464297684,3343.18017578125,81100,0.0,0.0
2010-12-29 00:00:00+09:00,3348.125533282497,3486.6004445556287,3343.1800007370284,3407.471923828125,62640,0.0,0.0
2010-12-30 00:00:00+09:00,3437.1450919339854,3471.763819478644,3412.4174294020863,3451.981689453125,86102,0.0,0.0
2011-01-03 00:00:00+09:00,3526.1646954320236,3580.5655532858136,3456.9272399817455,3555.837890625,123657,0.0,0.0
2011-01-04 00:00:00+09:00,3580.56557416524,3788.277941727312,3560.783443921233,3610.23876953125,541728,0.0,0.0
2011-01-05 00:00:00+09:00,3630.021121345593,3649.8032527970677,3531.11046408822,3605.29345703125,139219,0.0,0.0
2011-01-06 00:00:00+09:00,3620.1297862293954,3639.9119162087914,3521.2191363324173,3600.34765625,156397,0.0,0.0
2011-01-07 00:00:00+09:00,3600.347704409247,3684.4217579462756,3550.89237879923,3610.23876953125,214559,0.0,0.0
2011-01-10 00:00:00+09:00,3659.694240404212,3674.5308386761208,3545.9469869862432,3639.912109375,129050,0.0,0.0
2011-01-11 00:00:00+09:00,3684.4218069608096,3684.4218069608096,3580.565621798156,3620.1298828125,106981,0.0,0.0
2011-01-12 00:00:00+09:00,3615.1841790231715,3654.748438164328,3585.5109846673045,3634.96630859375,86434,0.0,0.0
2011-01-13 00:00:00+09:00,3659.694098578559,3659.694098578559,3526.164719306098,3560.783447265625,140380,0.0,0.0
2011-01-14 00:00:00+09:00,3560.7834676385087,3620.129858765817,3536.055804668797,3615.184326171875,73698,0.0,0.0
2011-01-17 00:00:00+09:00,3625.0753214631573,3630.0208539617424,3541.0012689872037,3550.892333984375,69009,0.0,0.0
2011-01-18 00:00:00+09:00,3536.055791364397,3570.674519391741,3442.0906724330357,3461.872802734375,118455,0.0,0.0
2011-01-19 00:00:00+09:00,3461.872945898991,3516.2738064774035,3382.7444214212996,3491.546142578125,123264,0.0,0.0
2011-01-20 00:00:00+09:00,3486.600368105132,3486.600368105132,3417.362913986732,3442.090576171875,60138,0.0,0.0
2011-01-21 00:00:00+09:00,3422.308694822795,3481.655088374636,3362.962301270955,3392.635498046875,93982,0.0,0.0
2011-01-24 00:00:00+09:00,3377.7985819006713,3555.837745807588,3377.7985819006713,3476.709228515625,57634,0.0,0.0
2011-01-25 00:00:00+09:00,3481.6548093971633,3511.3280037954346,3447.0360825991797,3486.600341796875,70514,0.0,0.0
2011-01-26 00:00:00+09:00,3531.110182356126,3531.110182356126,3466.8182602684096,3496.491455078125,39134,0.0,0.0
2011-01-27 00:00:00+09:00,3496.4916594132133,3669.585305918818,3481.655061141304,3639.912109375,223913,0.0,0.0
2011-01-28 00:00:00+09:00,3644.8575941704275,3689.3673884004597,3580.5656691714917,3630.02099609375,135934,0.0,0.0
2011-01-31 00:00:00+09:00,3580.565697737069,3625.075492322198,3496.4916412984912,3585.51123046875,98108,0.0,0.0
2011-02-01 00:00:00+09:00,3634.9664565476446,3654.7485869234138,3575.620065420336,3615.184326171875,94580,0.0,0.0
2011-02-07 00:00:00+09:00,3615.184269237895,3763.5502447196145,3560.7834115612645,3753.6591796875,307824,0.0,0.0
2011-02-08 00:00:00+09:00,3758.6047922633084,3803.1145858559003,3659.694139835327,3669.585205078125,137516,0.0,0.0
2011-02-09 00:00:00+09:00,3659.6942214439655,3714.0950814924568,3585.51123046875,3585.51123046875,95871,0.0,0.0
2011-02-10 00:00:00+09:00,3560.783503605769,3625.0754279764287,3471.763916015625,3471.763916015625,102634,0.0,0.0
2011-02-11 00:00:00+09:00,3456.927150932368,3541.0012018134125,3367.907567646556,3387.689697265625,152058,0.0,0.0
2011-02-14 00:00:00+09:00,3402.5263671875,3461.8727573128635,3402.5263671875,3402.5263671875,59287,0.0,0.0
2011-02-15 00:00:00+09:00,3377.7986068505716,3447.0360599924575,3377.7986068505716,3432.199462890625,70367,0.0,0.0
2011-02-16 00:00:00+09:00,3407.472000077323,3451.981793982542,3367.9077388282394,3372.853271484375,76354,0.0,0.0
2011-02-17 00:00:00+09:00,3348.1256607010387,3447.036315374629,3234.3784078264093,3333.2890625,114991,0.0,0.0
2011-02-18 00:00:00+09:00,3333.2890385575315,3348.1256366520015,3264.0515807833394,3328.343505859375,124532,0.0,0.0
2011-02-21 00:00:00+09:00,3303.6158029113863,3328.343466106831,3179.9774869341636,3219.541748046875,175645,0.0,0.0
2011-02-22 00:00:00+09:00,3224.487235915493,3224.487235915493,3105.794454225352,3160.1953125,108558,0.0,0.0
2011-02-23 00:00:00+09:00,3110.7400067608173,3214.59619140625,3105.794474158654,3214.59619140625,71752,0.0,0.0
2011-02-24 00:00:00+09:00,3184.9230477876754,3224.487309250876,3175.031982421875,3175.031982421875,47966,0.0,0.0
2011-02-25 00:00:00+09:00,3150.3043513538573,3348.1256607010387,3135.467753152819,3333.2890625,92532,0.0,0.0
2011-02-28 00:00:00+09:00,3333.288973858173,3362.962169471154,3165.1408653846156,3214.59619140625,24693,0.0,0.0
2011-03-02 00:00:00+09:00,3170.0864056299606,3239.323862227183,3110.7400142609126,3115.685546875,365462,0.0,0.0
2011-03-03 00:00:00+09:00,3071.1757728707585,3224.48728488202,3071.1757728707585,3170.08642578125,50969,0.0,0.0
2011-03-04 00:00:00+09:00,3165.1409170560746,3214.596243885076,3160.1953843731744,3175.031982421875,83745,0.0,0.0
2011-03-07 00:00:00+09:00,3204.7050320607314,3204.7050320607314,3130.5220452074736,3145.358642578125,72867,0.0,0.0
2011-03-08 00:00:00+09:00,3120.6310794890874,3175.031938244048,3066.230220734127,3115.685546875,92375,0.0,0.0
2011-03-09 00:00:00+09:00,3160.1952175781253,3165.14075,3066.2301015625003,3090.957763671875,89643,0.0,0.0
2011-03-10 00:00:00+09:00,3086.012306583738,3105.7944367541463,3016.7748509873077,3056.339111328125,85741,0.0,0.0
2011-03-11 00:00:00+09:00,2982.1561466642265,3066.2302005502825,2972.265081501161,3061.28466796875,34402,0.0,0.0
2011-03-14 00:00:00+09:00,3056.3389923455943,3056.3389923455943,2868.4087630427907,2932.70068359375,112470,0.0,0.0
2011-03-15 00:00:00+09:00,2878.3001398859797,2952.48313318201,2650.8056271114865,2744.770751953125,138390,0.0,0.0
2011-03-16 00:00:00+09:00,2804.117068036171,2823.8991990276077,2720.0430113225643,2779.389404296875,41461,0.0,0.0
2011-03-17 00:00:00+09:00,2700.2606693499656,2769.498122410221,2601.3500221210293,2685.424072265625,112482,0.0,0.0
2011-03-18 00:00:00+09:00,2645.8599703604714,2818.95361328125,2640.9144377055923,2818.95361328125,84601,0.0,0.0
2011-03-21 00:00:00+09:00,2823.898924955055,2947.537231651861,2784.3346668120766,2922.8095703125,69768,0.0,0.0
2011-03-22 00:00:00+09:00,2903.0274662397983,2952.4827893443944,2868.408740066581,2878.2998046875,33381,0.0,0.0
2011-03-23 00:00:00+09:00,2818.953558474171,2996.9927305883293,2818.953558474171,2907.97314453125,68931,0.0,0.0
2011-03-24 00:00:00+09:00,2992.047170258846,2992.047170258846,2917.864182566478,2952.48291015625,44195,0.0,0.0
2011-03-25 00:00:00+09:00,2996.9926515689567,2996.9926515689567,2932.7007300006458,2992.047119140625,23882,0.0,0.0
2011-03-28 00:00:00+09:00,3016.7749792703153,3016.7749792703153,2932.7009224709786,2982.15625,52228,0.0,0.0
2011-03-29 00:00:00+09:00,2947.5372806439714,2982.156007094488,2883.245360093012,2932.70068359375,64782,0.0,0.0
2011-03-30 00:00:00+09:00,2992.047170258846,2992.047170258846,2888.190987489531,2952.48291015625,65435,0.0,0.0
2011-03-31 00:00:00+09:00,2927.75517384106,3046.44795115894,2927.75517384106,2987.1015625,48835,0.0,0.0
2011-04-01 00:00:00+09:00,2977.2107588605186,3046.4482183689024,2967.3196932164633,3041.502685546875,56051,0.0,0.0
2011-04-04 00:00:00+09:00,3086.0123550907256,3135.467681294103,3051.393626748362,3066.230224609375,57986,0.0,0.0
2011-04-05 00:00:00+09:00,3036.5569811577166,3105.7944367541463,3036.5569811577166,3056.339111328125,40179,0.0,0.0
2011-04-06 00:00:00+09:00,3061.284661091549,3214.596170774648,3056.3391285211264,3160.1953125,82001,0.0,0.0
2011-04-07 00:00:00+09:00,3170.086377640845,3204.7051056338028,3105.794454225352,3160.1953125,37863,0.0,0.0
2011-04-08 00:00:00+09:00,3155.249958659894,3155.249958659894,3081.0669659014325,3095.903564453125,32572,0.0,0.0
2011-04-11 00:00:00+09:00,3076.1212898500503,3076.1212898500503,3021.7204310263355,3066.230224609375,51962,0.0,0.0
2011-04-12 00:00:00+09:00,3066.2303067993366,3066.2303067993366,2967.3196517412935,2982.15625,37204,0.0,0.0
2011-04-13 00:00:00+09:00,2932.7007320115545,3046.4479779411763,2907.973069852941,2942.591796875,61660,0.0,0.0
2011-04-14 00:00:00+09:00,2942.5919363268463,3046.4481223148528,2937.646403660751,3021.720458984375,45240,0.0,0.0
2011-04-15 00:00:00+09:00,3016.775021436738,3264.0516625381097,2962.374160394436,3244.26953125,68302,0.0,0.0
2011-04-18 00:00:00+09:00,3234.3782763824943,3244.269341447884,3071.175702803561,3155.249755859375,68707,0.0,0.0
2011-04-19 00:00:00+09:00,3135.467506176013,3179.977297273149,2996.9926005404795,3081.066650390625,51435,0.0,0.0
2011-04-20 00:00:00+09:00,3086.0122054909307,3140.4130616774696,3046.447946446175,3135.467529296875,60289,0.0,0.0
2011-04-21 00:00:00+09:00,3145.358708151555,3422.308531510812,3135.4676430315817,3259.10595703125,323129,0.0,0.0
2011-04-22 00:00:00+09:00,3259.1059359326773,3273.9425335165897,3170.086350429205,3204.705078125,70676,0.0,0.0
2011-04-25 00:00:00+09:00,3204.7051339285717,3224.4872643849208,3105.7944816468257,3115.685546875,58499,0.0,0.0
2011-04-26 00:00:00+09:00,3095.903440254804,3184.92302799376,3066.2302443418184,3120.631103515625,60238,0.0,0.0
2011-04-27 00:00:00+09:00,3120.6311184935776,3264.0515660947085,3120.6311184935776,3224.4873046875,92846,0.0,0.0
2011-04-28 00:00:00+09:00,3224.487159563661,3264.051419190209,3071.1756535107875,3194.81396484375,28788,0.0,0.0
2011-04-29 00:00:00+09:00,3194.81399167239,3244.269316620879,3061.28461431147,3150.30419921875,40251,0.0,0.0
2011-05-02 00:00:00+09:00,3086.0124080882356,3140.413267846201,3011.8294175091914,3026.666015625,114214,0.0,0.0
2011-05-03 00:00:00+09:00,3001.938208249536,3086.012260210396,2977.2105459081063,2996.99267578125,34439,0.0,0.0
2011-05-04 00:00:00+09:00,2992.047243245443,3105.7944938151045,2967.319580078125,2967.319580078125,56998,0.0,0.0
2011-05-06 00:00:00+09:00,2972.2650850042332,3031.6114760525707,2952.4829546547876,3011.829345703125,43647,0.0,0.0
2011-05-09 00:00:00+09:00,2977.2105727203725,3061.28462543839,2947.5373776434253,2952.48291015625,39630,0.0,0.0
2011-05-11 00:00:00+09:00,2952.4829821777344,3011.829373779297,2917.86425374349,2967.319580078125,41548,0.0,0.0
2011-05-12 00:00:00+09:00,2967.3194590336134,2977.210523897059,2888.1909401260505,2942.591796875,20060,0.0,0.0
2011-05-13 00:00:00+09:00,2917.864364996189,3061.2848168349847,2917.864364996189,3041.502685546875,29912,0.0,0.0
2011-05-16 00:00:00+09:00,2992.047143312964,3051.3935329323945,2967.3194809715346,2996.99267578125,36550,0.0,0.0
2011-05-17 00:00:00+09:00,2907.973069852941,3011.8292509191174,2907.973069852941,2942.591796875,34508,0.0,0.0
2011-05-18 00:00:00+09:00,2937.6462370533895,3095.903273392966,2937.6462370533895,3036.556884765625,71782,0.0,0.0
2011-05-19 00:00:00+09:00,3066.230232747396,3076.121298014323,2937.6463842773437,2967.319580078125,24436,0.0,0.0
2011-05-20 00:00:00+09:00,3006.883845338983,3006.883845338983,2898.0821272510593,2917.8642578125,15392,0.0,0.0
2011-05-23 00:00:00+09:00,2917.864321236933,2992.0473124548207,2482.6574394253225,2779.389404296875,60781,0.0,0.0
2011-05-24 00:00:00+09:00,2779.3892593932665,2893.1365066638095,2729.9339344930304,2749.716064453125,35147,0.0,0.0
2011-05-25 00:00:00+09:00,2739.824853515625,2833.789965820313,2700.260595703125,2720.042724609375,33409,0.0,0.0
2011-05-26 00:00:00+09:00,2749.716088560368,2809.0624789609515,2715.097360826694,2754.66162109375,12074,0.0,0.0
2011-05-27 00:00:00+09:00,2769.4983682753164,2858.517958684166,2729.9341058713835,2734.879638671875,30353,0.0,0.0
2011-05-30 00:00:00+09:00,2739.825152970768,2794.226013408816,2650.8055631630536,2680.478759765625,36630,0.0,0.0
2011-05-31 00:00:00+09:00,2660.6964362783824,2715.0972927822154,2621.1321770028676,2640.914306640625,36262,0.0,0.0
2011-06-01 00:00:00+09:00,2720.0430027733637,2720.0430027733637,2621.1323481270597,2626.077880859375,25521,0.0,0.0
2011-06-02 00:00:00+09:00,2576.622313550572,2769.498072146488,2561.7857167355014,2675.532958984375,42255,0.0,0.0
2011-06-03 00:00:00+09:00,2715.0973344674803,2893.136503940758,2690.369672040636,2799.17138671875,83024,0.0,0.0
2011-06-07 00:00:00+09:00,3214.59619140625,3214.59619140625,3214.59619140625,3214.59619140625,265752,0.0,0.0
2011-06-08 00:00:00+09:00,3560.7836031626507,3694.31298828125,3481.655078647925,3694.31298828125,4149578,0.0,0.0
2011-06-09 00:00:00+09:00,3728.9314005309047,3783.3322565068197,3348.1254086994995,3580.5654296875,4177758,0.0,0.0
2011-06-10 00:00:00+09:00,3679.4762476679102,3857.515420942164,3273.942575209888,3313.5068359375,4148055,0.0,0.0
2011-06-13 00:00:00+09:00,3382.744336796646,3550.892447105251,3219.541759144176,3372.853271484375,1820463,0.0,0.0
2011-06-14 00:00:00+09:00,3362.9621071039246,3432.1995622501818,3259.1059243845384,3402.5263671875,687630,0.0,0.0
2011-06-15 00:00:00+09:00,3402.5265636388485,3437.1452932107554,3283.833776535168,3392.635498046875,665786,0.0,0.0
2011-06-16 00:00:00+09:00,3293.724705573694,3501.4370743936565,3288.7791729827427,3313.5068359375,930735,0.0,0.0
2011-06-17 00:00:00+09:00,3392.6352654223174,3427.253992620504,3076.121188181751,3145.358642578125,835872,0.0,0.0
2011-06-20 00:00:00+09:00,3165.1408854166666,3165.1408854166666,2967.319580078125,2967.319580078125,476791,0.0,0.0
2011-06-21 00:00:00+09:00,2987.1015609095075,3041.502417151237,2922.8096398965545,3036.556884765625,368771,0.0,0.0
2011-06-22 00:00:00+09:00,3066.2300790792956,3120.630935321025,2967.31943136706,3036.556884765625,560134,0.0,0.0
2011-06-23 00:00:00+09:00,3026.6659716796876,3056.339167480469,2932.7008516438805,2967.319580078125,322480,0.0,0.0
2011-06-24 00:00:00+09:00,3214.5961772531705,3412.41748046875,3214.5961772531705,3412.41748046875,889951,0.0,0.0
2011-06-27 00:00:00+09:00,3704.2039664916147,3827.8422831301864,3471.7639312110996,3575.6201171875,2925270,0.0,0.0
2011-06-28 00:00:00+09:00,3565.729134275961,3723.986183231343,3427.254216440001,3491.546142578125,1302574,0.0,0.0
2011-06-29 00:00:00+09:00,3565.7288769269435,4010.8267949899464,3536.0556823894103,3689.3671875,3253395,0.0,0.0
2011-06-30 00:00:00+09:00,3659.6939929624664,3768.495706266756,3570.674409349866,3689.3671875,869664,0.0,0.0
2011-07-01 00:00:00+09:00,3768.4957556087065,3902.0251327759443,3689.3672358058993,3699.25830078125,1275390,0.0,0.0
2011-07-04 00:00:00+09:00,3679.4762901518925,3788.278008409072,3570.6745718947127,3723.986083984375,482041,0.0,0.0
2011-07-05 00:00:00+09:00,3817.9512000327654,3926.752918168414,3738.8226777522937,3773.44140625,868333,0.0,0.0
2011-07-06 00:00:00+09:00,3822.896732675295,3877.297591743119,3733.877145109764,3773.44140625,384029,0.0,0.0
2011-07-07 00:00:00+09:00,3837.7334196671195,3837.7334196671195,3610.238912831182,3639.912109375,572922,0.0,0.0
2011-07-08 00:00:00+09:00,3639.911961570946,3714.0949499181797,3610.238766232052,3659.694091796875,290578,0.0,0.0
2011-07-11 00:00:00+09:00,3694.3128760326867,3897.0797139407728,3664.6396802412596,3872.35205078125,892797,0.0,0.0
2011-07-12 00:00:00+09:00,3847.624469010077,4055.3368439437827,3788.278076171875,3788.278076171875,1034222,0.0,0.0
2011-07-13 00:00:00+09:00,3837.7332354597797,3882.243028139081,3679.476194822263,3704.203857421875,337304,0.0,0.0
2011-07-14 00:00:00+09:00,3758.6047395833334,3773.4413372395834,3639.911958333333,3709.1494140625,227613,0.0,0.0
2011-07-15 00:00:00+09:00,3728.9315318433546,3916.8617681962023,3709.1494017009495,3906.970703125,380919,0.0,0.0
2011-07-18 00:00:00+09:00,4000.9357453064767,4490.54345703125,3906.970628914854,4490.54345703125,2460008,0.0,0.0
2011-07-19 00:00:00+09:00,4599.345276152607,4688.364862142657,4352.068648402466,4411.4150390625,2059650,0.0,0.0
2011-07-20 00:00:00+09:00,4475.7066650390625,4673.5279541015625,4352.068359375,4352.068359375,1321107,0.0,0.0
2011-07-21 00:00:00+09:00,4357.014122327548,4431.19710965435,4094.9009004395116,4149.3017578125,889843,0.0,0.0
2011-07-22 00:00:00+09:00,4223.484967089074,4436.142875268033,4114.683246625422,4396.57861328125,1049027,0.0,0.0
2011-07-25 00:00:00+09:00,4352.0686403834725,4426.251628571827,4159.19287109375,4159.19287109375,447323,0.0,0.0
2011-07-26 00:00:00+09:00,4109.737678079045,4238.321528416054,3995.990425857843,4035.5546875,494899,0.0,0.0
2011-07-27 00:00:00+09:00,4094.900638571826,4619.127048823775,4075.118509883074,4441.087890625,1405407,0.0,0.0
2011-07-28 00:00:00+09:00,4381.742203830477,4589.454588210702,4287.777077563232,4436.14306640625,572454,0.0,0.0
2011-07-29 00:00:00+09:00,4500.434880332341,4737.820456437784,4322.39569825326,4361.9599609375,1013980,0.0,0.0
2011-08-01 00:00:00+09:00,4361.959714515187,4777.384449230919,4361.959714515187,4762.5478515625,871802,0.0,0.0
2011-08-02 00:00:00+09:00,4698.256252683998,4747.71158165962,4564.726864449822,4678.47412109375,578559,0.0,0.0
2011-08-03 00:00:00+09:00,4549.889950602578,4609.236341262612,4411.4150390625,4411.4150390625,536451,0.0,0.0
2011-08-04 00:00:00+09:00,4450.9791033300335,4678.473590833569,4357.0139889264,4371.8505859375,428004,0.0,0.0
2011-08-05 00:00:00+09:00,3768.4958846623113,4193.811693167507,3768.4958846623113,3926.7529296875,697679,0.0,0.0
2011-08-08 00:00:00+09:00,3758.6045946995855,4124.573989446651,3362.9620057838397,3580.5654296875,861555,0.0,0.0
2011-08-09 00:00:00+09:00,3293.724904858503,3471.764088904909,3046.4482603496067,3456.927490234375,723817,0.0,0.0
2011-08-10 00:00:00+09:00,3699.258306146978,3748.713631095467,3600.34765625,3600.34765625,466991,0.0,0.0
2011-08-11 00:00:00+09:00,3382.7444502667686,3699.2585508765246,3348.125720512576,3649.80322265625,444813,0.0,0.0
2011-08-12 00:00:00+09:00,3788.2779708629505,3882.2430902446686,3555.8379387081745,3565.72900390625,448993,0.0,0.0
2011-08-16 00:00:00+09:00,3773.441327686799,3906.9707062550083,3719.040469751603,3857.515380859375,288298,0.0,0.0
2011-08-17 00:00:00+09:00,3857.5153325333386,3926.7527872198343,3753.659150503595,3847.624267578125,290567,0.0,0.0
2011-08-18 00:00:00+09:00,3931.6985420558763,3936.644074813179,3560.783585258152,3639.912109375,465913,0.0,0.0
2011-08-19 00:00:00+09:00,3387.6898324819713,3506.3826149338943,3204.705126201923,3214.59619140625,492118,0.0,0.0
2011-08-22 00:00:00+09:00,3165.140897385103,3353.0711381673436,3066.2302443418184,3120.631103515625,321741,0.0,0.0
2011-08-23 00:00:00+09:00,3184.9230346679688,3392.6354064941406,3184.9230346679688,3323.39794921875,227099,0.0,0.0
2011-08-24 00:00:00+09:00,3451.9817523378315,3456.9272849343038,3229.4327854965672,3264.051513671875,190128,0.0,0.0
2011-08-25 00:00:00+09:00,3353.0708996176363,3392.635158020204,3268.996850512179,3273.9423828125,135575,0.0,0.0
2011-08-26 00:00:00+09:00,3224.4872258618275,3402.5263978419284,3224.4872258618275,3308.561279296875,93837,0.0,0.0
2011-08-29 00:00:00+09:00,3377.7986758392635,3630.020831721844,3313.506753751547,3496.491455078125,182050,0.0,0.0
2011-08-30 00:00:00+09:00,3580.565634181357,3610.2388300447383,3471.763916015625,3471.763916015625,100326,0.0,0.0
2011-08-31 00:00:00+09:00,3531.110160038389,3531.110160038389,3432.199511297818,3442.090576171875,118960,0.0,0.0
2011-09-01 00:00:00+09:00,3521.219417806688,3590.456878269179,3432.1998257834853,3456.927490234375,183139,0.0,0.0
2011-09-02 00:00:00+09:00,3461.8729135756676,3501.437175445104,3273.942669695846,3333.2890625,173689,0.0,0.0
2011-09-05 00:00:00+09:00,3264.051517427885,3328.3434412560096,3194.8140609975962,3214.59619140625,118191,0.0,0.0
2011-09-06 00:00:00+09:00,3165.1409170560746,3239.3239072995766,3056.339198032272,3175.031982421875,140021,0.0,0.0
2011-09-07 00:00:00+09:00,3264.051537679652,3362.962190336611,3229.4328092497162,3268.9970703125,110383,0.0,0.0
2011-09-08 00:00:00+09:00,3298.6701463634386,3348.1254708966235,3170.0863025771578,3194.81396484375,105780,0.0,0.0
2011-09-09 00:00:00+09:00,3194.8141372229784,3249.2149971447316,3165.1409409020216,3179.9775390625,57922,0.0,0.0
2011-09-14 00:00:00+09:00,3234.378180190096,3234.378180190096,3036.556884765625,3036.556884765625,105958,0.0,0.0
2011-09-15 00:00:00+09:00,3036.5570369466145,3140.413222249349,2922.809786376953,2967.319580078125,146011,0.0,0.0
2011-09-16 00:00:00+09:00,3061.2844960659368,3239.3236590035353,2977.210446900959,3125.576416015625,120632,0.0,0.0
2011-09-19 00:00:00+09:00,3120.6308837118027,3264.0513205226466,3105.7942868003365,3125.576416015625,68122,0.0,0.0
2011-09-20 00:00:00+09:00,3155.2498077876985,3155.2498077876985,3056.3391555059525,3115.685546875,56878,0.0,0.0
2011-09-21 00:00:00+09:00,3120.6310281305105,3244.269341447884,3110.7399630651203,3155.249755859375,68132,0.0,0.0
2011-09-22 00:00:00+09:00,3115.6856478177583,3150.3043772379556,3016.7749923314805,3086.012451171875,90188,0.0,0.0
2011-09-23 00:00:00+09:00,2962.373956044515,3001.9382158915205,2848.626708984375,2848.626708984375,121930,0.0,0.0
2011-09-26 00:00:00+09:00,2878.2998124688743,2937.6462003548304,2482.6572265625,2482.6572265625,200530,0.0,0.0
2011-09-27 00:00:00+09:00,2551.8947931215084,2715.0973671002093,2551.8947931215084,2655.7509765625,136161,0.0,0.0
2011-09-28 00:00:00+09:00,2670.5875010972613,2739.8249548294125,2640.914306640625,2640.914306640625,104650,0.0,0.0
2011-09-29 00:00:00+09:00,2571.6770388895297,2690.3698252998156,2571.6770388895297,2680.478759765625,95004,0.0,0.0
2011-09-30 00:00:00+09:00,2724.988520603554,2868.408969056373,2680.4787262561276,2774.44384765625,84075,0.0,0.0
2011-10-04 00:00:00+09:00,2660.696533203125,2660.696533203125,2383.7467081856994,2660.696533203125,81028,0.0,0.0
2011-10-05 00:00:00+09:00,2640.9144103296935,2675.533138554989,2497.4939648248974,2561.785888671875,90821,0.0,0.0
2011-10-06 00:00:00+09:00,2700.260707720588,2942.591796875,2611.2411239495796,2942.591796875,189894,0.0,0.0
2011-10-07 00:00:00+09:00,3071.1759472500744,3155.250006997661,2922.809959460216,3105.794677734375,231018,0.0,0.0
2011-10-10 00:00:00+09:00,3130.5222302358084,3283.8337454606267,3061.284771747181,3234.37841796875,261851,0.0,0.0
2011-10-11 00:00:00+09:00,3372.8533349460054,3447.0363261838206,3214.5962869719992,3234.37841796875,205071,0.0,0.0
2011-10-12 00:00:00+09:00,3268.9970857055305,3402.5264674211876,3165.1408999266864,3372.853271484375,208769,0.0,0.0
2011-10-13 00:00:00+09:00,3432.1996005588107,3728.931554497613,3362.962144639757,3560.783447265625,487387,0.0,0.0
2011-10-14 00:00:00+09:00,3560.7836031626507,3728.9317177564426,3526.164873687458,3694.31298828125,346634,0.0,0.0
2011-10-17 00:00:00+09:00,3714.095149342607,4025.6637171303355,3630.0210913681403,3852.570068359375,886302,0.0,0.0
2011-10-18 00:00:00+09:00,3709.1494663566314,3971.2626953125,3709.1494663566314,3971.2626953125,333191,0.0,0.0
2011-10-19 00:00:00+09:00,4124.574227147958,4391.632990056818,3857.515464239097,4025.66357421875,1576064,0.0,0.0
2011-10-20 00:00:00+09:00,4094.901123046875,4094.901123046875,3511.328257685122,3639.912109375,664418,0.0,0.0
2011-10-21 00:00:00+09:00,3743.768132449419,3887.188576096755,3654.74854673728,3857.515380859375,424051,0.0,0.0
2011-10-24 00:00:00+09:00,3986.0992971951846,4045.4456887167007,3817.9511878842213,3921.807373046875,568993,0.0,0.0
2011-10-25 00:00:00+09:00,3946.5349765625,4000.9358346354165,3684.421751302083,3709.1494140625,307934,0.0,0.0
2011-10-26 00:00:00+09:00,3610.238851976644,3822.8967569560905,3545.9469272154165,3778.386962890625,268199,0.0,0.0
2011-10-27 00:00:00+09:00,3813.005594353927,3931.6983755011306,3709.1494108501233,3758.604736328125,331814,0.0,0.0
2011-10-28 00:00:00+09:00,3857.5154999361375,3857.5154999361375,3630.02099609375,3630.02099609375,239697,0.0,0.0
2011-10-31 00:00:00+09:00,3630.020896457981,3704.2038848052152,3615.1842987885343,3659.694091796875,119995,0.0,0.0
2011-11-01 00:00:00+09:00,3659.694033429065,3847.624267578125,3585.5110462649623,3847.624267578125,225442,0.0,0.0
2011-11-02 00:00:00+09:00,3783.3325287325297,3976.208304707129,3669.585276234689,3936.64404296875,505666,0.0,0.0
2011-11-03 00:00:00+09:00,3995.9902472584104,3995.9902472584104,3699.258298204568,3748.713623046875,263926,0.0,0.0
2011-11-04 00:00:00+09:00,3867.406375412524,3931.6982972544206,3728.9314668299785,3793.223388671875,386998,0.0,0.0
2011-11-07 00:00:00+09:00,3788.2779164255403,4050.3911404079863,3788.2779164255403,4005.88134765625,705941,0.0,0.0
2011-11-08 00:00:00+09:00,4060.2823609011857,4089.95555720497,3911.9163793822627,3936.64404296875,413871,0.0,0.0
2011-11-09 00:00:00+09:00,4094.900823650404,4396.5782997889,3926.7527221961604,4282.8310546875,884237,0.0,0.0
2011-11-10 00:00:00+09:00,4164.138797883064,4302.613722278226,4035.5549395161293,4292.72265625,528577,0.0,0.0
2011-11-11 00:00:00+09:00,4441.088426649306,4549.890147569445,4342.177771267361,4450.9794921875,533472,0.0,0.0
2011-11-14 00:00:00+09:00,4490.543725075632,4505.380323286235,4371.850939390814,4495.4892578125,429898,0.0,0.0
2011-11-15 00:00:00+09:00,4465.816090494792,4510.325885416667,4352.068836805555,4450.9794921875,348945,0.0,0.0
2011-11-16 00:00:00+09:00,4450.979278252696,4500.434603566615,4357.01416015625,4357.01416015625,379397,0.0,0.0
2011-11-17 00:00:00+09:00,4450.979461669922,4747.71142578125,4352.068806966146,4747.71142578125,742107,0.0,0.0
2011-11-18 00:00:00+09:00,4619.1273448000675,4698.2558646253365,4584.508617376512,4599.34521484375,299224,0.0,0.0
2011-11-21 00:00:00+09:00,4554.835511705478,4599.345304979473,4342.177610507502,4366.9052734375,369120,0.0,0.0
2011-11-22 00:00:00+09:00,4228.43012230028,4549.889722241238,4183.920331539225,4515.27099609375,405302,0.0,0.0
2011-11-23 00:00:00+09:00,4549.889964788732,4549.889964788732,4213.59375,4213.59375,262050,0.0,0.0
2011-11-24 00:00:00+09:00,4154.247046713176,4386.687060041175,4154.247046713176,4297.66748046875,284196,0.0,0.0
2011-11-25 00:00:00+09:00,4322.395487443873,4629.018508292294,4159.192911831004,4267.99462890625,573622,0.0,0.0
2011-11-28 00:00:00+09:00,4352.068655031537,4446.033773719718,4282.831199156035,4312.50439453125,236943,0.0,0.0
2011-11-29 00:00:00+09:00,4401.523681640625,4421.305810546875,4277.8853759765625,4352.068359375,170277,0.0,0.0
2011-11-30 00:00:00+09:00,4386.687457410358,4421.30618593558,4025.66357421875,4025.66357421875,435120,0.0,0.0
2011-12-01 00:00:00+09:00,4144.356357733799,4154.24742302672,3808.0601377744933,4025.66357421875,712259,0.0,0.0
2011-12-02 00:00:00+09:00,3986.09912109375,4065.2276396266284,3956.425926643921,3986.09912109375,127327,0.0,0.0
2011-12-05 00:00:00+09:00,3986.099617050522,4139.411140783234,3941.5898198377986,4089.955810546875,398339,0.0,0.0
2011-12-06 00:00:00+09:00,4104.79220512218,4154.247532894737,3936.6440906954886,3946.53515625,215656,0.0,0.0
2011-12-07 00:00:00+09:00,3951.4804959454113,4015.772418908228,3887.188572982595,3906.970703125,128445,0.0,0.0
2011-12-08 00:00:00+09:00,3906.97097903539,4366.9055373268975,3872.3522488414055,4218.53955078125,505137,0.0,0.0
2011-12-09 00:00:00+09:00,4149.301873879354,4287.77678742956,4055.3367539702867,4223.48486328125,283269,0.0,0.0
2011-12-12 00:00:00+09:00,4391.632691688144,4411.414820929983,4253.157786995275,4317.44970703125,299741,0.0,0.0
2011-12-13 00:00:00+09:00,4302.613187749335,4322.395317348182,4080.0642297623003,4183.92041015625,224875,0.0,0.0
2011-12-14 00:00:00+09:00,4203.702516841317,4267.994437687125,4045.4454809131735,4129.51953125,160177,0.0,0.0
2011-12-15 00:00:00+09:00,3976.208247754146,4124.574227147958,3966.3171824612255,4025.66357421875,140515,0.0,0.0
2011-12-16 00:00:00+09:00,4075.11865234375,4124.573975794524,4025.663328892976,4075.11865234375,83770,0.0,0.0
2011-12-19 00:00:00+09:00,4149.301763178228,4149.301763178228,3466.8182788890795,3600.34765625,619718,0.0,0.0
2011-12-20 00:00:00+09:00,3649.802999702729,3748.7136501011764,3175.0318777901784,3704.203857421875,211849,0.0,0.0
2011-12-21 00:00:00+09:00,3857.515283958199,3931.6982701881643,3788.2778301435646,3837.733154296875,218811,0.0,0.0
2011-12-22 00:00:00+09:00,3877.297762784091,3877.297762784091,3723.986244102577,3808.060302734375,146709,0.0,0.0
2011-12-23 00:00:00+09:00,3837.733056893621,3897.079444371357,3738.8224110973933,3817.950927734375,122113,0.0,0.0
2011-12-26 00:00:00+09:00,3808.0601879397764,3817.951253362997,3733.877197265625,3733.877197265625,101432,0.0,0.0
2011-12-27 00:00:00+09:00,3748.7139084060473,3877.297762784091,3630.0211197493913,3808.060302734375,137147,0.0,0.0
2011-12-28 00:00:00+09:00,3817.951228862732,3897.079751740716,3728.931640625,3728.931640625,124462,0.0,0.0
2011-12-29 00:00:00+09:00,3684.421751302083,3808.0600651041664,3664.63962109375,3709.1494140625,97738,0.0,0.0
2012-01-02 00:00:00+09:00,3778.3868602263624,3916.861771334135,3728.9315348307296,3857.515380859375,136240,0.0,0.0
2012-01-03 00:00:00+09:00,3906.970771228985,4085.0099456141033,3882.243108119941,3971.2626953125,241055,0.0,0.0
2012-01-04 00:00:00+09:00,4104.792096562116,4124.574227147958,3986.099313047067,4025.66357421875,239828,0.0,0.0
2012-01-05 00:00:00+09:00,4085.009941598439,4085.009941598439,3995.9903544933886,4020.718017578125,133775,0.0,0.0
2012-01-06 00:00:00+09:00,4055.33681356878,4233.375990749849,3971.26275767772,4085.010009765625,233581,0.0,0.0
2012-01-09 00:00:00+09:00,4080.0646430447177,4154.247636554622,3995.990583733493,4119.62890625,204650,0.0,0.0
2012-01-10 00:00:00+09:00,4218.539564263205,4282.831491971789,4119.62890625,4119.62890625,394345,0.0,0.0
2012-01-11 00:00:00+09:00,4085.0098407451924,4188.8660231370195,3995.990255837912,4050.39111328125,203773,0.0,0.0
2012-01-12 00:00:00+09:00,4099.846468811035,4099.846468811035,3862.460907287598,3956.426025390625,277689,0.0,0.0
2012-01-13 00:00:00+09:00,4025.663664444633,4549.89013671875,3961.3717385996943,4549.89013671875,1294465,0.0,0.0
2012-01-16 00:00:00+09:00,4812.00337019664,5232.373654335093,4767.4935754055105,4802.1123046875,5397734,0.0,0.0
2012-01-17 00:00:00+09:00,4866.403802981322,5331.283841071001,4797.1663504998805,5163.1357421875,3790479,0.0,0.0
2012-01-18 00:00:00+09:00,5331.283740234375,5558.77822265625,5054.333935546875,5143.353515625,2900565,0.0,0.0
2012-01-19 00:00:00+09:00,5143.3537529205605,5479.64995984229,5074.116298554322,5291.7197265625,1754663,0.0,0.0
2012-01-20 00:00:00+09:00,5242.264406622024,5360.957185639881,5143.353757440476,5192.80908203125,881407,0.0,0.0
2012-01-25 00:00:00+09:00,5143.353709446565,5440.085654222328,5113.680514968988,5182.91796875,614623,0.0,0.0
2012-01-26 00:00:00+09:00,5370.8482948417095,5578.560659835588,5242.264449845499,5301.61083984375,1503344,0.0,0.0
2012-01-27 00:00:00+09:00,5281.828751642482,5410.41259765625,5202.700231018624,5410.41259765625,547344,0.0,0.0
2012-01-30 00:00:00+09:00,5430.194881184895,5687.362580475983,5311.502096896701,5341.17529296875,1286024,0.0,0.0
2012-01-31 00:00:00+09:00,5311.50165355148,6142.35107421875,5311.50165355148,6142.35107421875,2686412,0.0,0.0
2012-02-01 00:00:00+09:00,6231.370991195631,6478.647617830378,6102.787145345562,6310.49951171875,2416735,0.0,0.0
2012-02-02 00:00:00+09:00,6330.281400481541,6458.865241428823,6102.786912651735,6162.13330078125,1489277,0.0,0.0
2012-02-03 00:00:00+09:00,6162.1335965897615,6300.608508872678,6053.331879796042,6122.5693359375,630913,0.0,0.0
2012-02-06 00:00:00+09:00,6162.13345548422,6320.390494469369,5944.530026879641,5993.9853515625,643391,0.0,0.0
2012-02-07 00:00:00+09:00,6053.3315825995405,6508.320557762251,5924.7477417926875,6458.865234375,1225653,0.0,0.0
2012-02-08 00:00:00+09:00,6359.954982144598,6478.647765637188,6231.371133360959,6340.1728515625,873510,0.0,0.0
2012-02-09 00:00:00+09:00,6290.717429577465,6389.628080985915,6122.569322183098,6320.390625,530024,0.0,0.0
2012-02-10 00:00:00+09:00,6389.628226306951,6498.429945330753,6290.717572648949,6350.06396484375,577037,0.0,0.0
2012-02-13 00:00:00+09:00,6350.064003776474,6419.301461761576,5944.530321292307,5954.42138671875,738694,0.0,0.0
2012-02-14 00:00:00+09:00,5964.312060223509,6083.004837541391,5815.946088576159,5974.203125,692789,0.0,0.0
2012-02-15 00:00:00+09:00,5835.728218129139,6003.87631932947,5697.253311258278,5974.203125,596765,0.0,0.0
2012-02-16 00:00:00+09:00,5984.094296608361,6023.658556420648,5796.1640625,5796.1640625,259193,0.0,0.0
2012-02-17 00:00:00+09:00,5845.619707969584,5904.966100943894,5529.105612106595,5558.77880859375,681610,0.0,0.0
2012-02-20 00:00:00+09:00,5558.77851355455,5697.253423144876,5489.541058759386,5598.3427734375,288083,0.0,0.0
2012-02-21 00:00:00+09:00,5558.7784655005535,5687.362309008573,5489.541011303927,5588.45166015625,209833,0.0,0.0
2012-02-22 00:00:00+09:00,5538.996447714401,6172.024613167476,5538.996447714401,6112.67822265625,707409,0.0,0.0
2012-02-23 00:00:00+09:00,6033.549767696496,6636.9047444661455,6033.549767696496,6528.10302734375,1345043,0.0,0.0
2012-02-24 00:00:00+09:00,6716.03327373798,6716.03327373798,6300.60853515625,6429.1923828125,1192449,0.0,0.0
2012-02-27 00:00:00+09:00,6330.281786271451,6508.320961510335,6280.826459816205,6340.1728515625,494336,0.0,0.0
2012-02-28 00:00:00+09:00,6379.736812678912,6646.7955629770995,6379.736812678912,6478.6474609375,693275,0.0,0.0
2012-02-29 00:00:00+09:00,6528.102943157328,6646.795723942007,6310.49951171875,6310.49951171875,499578,0.0,0.0
2012-03-02 00:00:00+09:00,6320.390479897553,6458.8653886903,6122.5691816222,6290.71728515625,426110,0.0,0.0
2012-03-05 00:00:00+09:00,6201.697898065477,6409.4102678571435,6201.697898065477,6231.37109375,270414,0.0,0.0
2012-03-06 00:00:00+09:00,6320.390416666667,6676.46875,6241.261898148148,6676.46875,863640,0.0,0.0
2012-03-07 00:00:00+09:00,6607.231377629951,7022.656104965965,6557.776052947092,6992.98291015625,1557025,0.0,0.0
2012-03-08 00:00:00+09:00,7082.003001143293,7151.240460651677,6775.379966177592,6894.07275390625,944950,0.0,0.0
2012-03-09 00:00:00+09:00,6923.745411839978,7022.656060580549,6874.2900874696925,6884.18115234375,456831,0.0,0.0
2012-03-12 00:00:00+09:00,6874.290717347327,7180.913756538358,6795.1621911044795,6913.85498046875,542963,0.0,0.0
2012-03-13 00:00:00+09:00,6953.418794014085,7141.349031690141,6923.745598591549,7022.65625,416029,0.0,0.0
2012-03-14 00:00:00+09:00,7042.438452872305,7388.625736370241,7032.547387629506,7339.17041015625,700348,0.0,0.0
2012-03-15 00:00:00+09:00,7408.407756604646,7685.357579281455,7279.823910361842,7517.20947265625,986572,0.0,0.0
2012-03-16 00:00:00+09:00,7576.555755693686,7833.7234445292415,7536.9914958728305,7695.24853515625,576462,0.0,0.0
2012-03-19 00:00:00+09:00,7764.48605020998,7764.48605020998,7457.863034214427,7507.318359375,454001,0.0,0.0
2012-03-20 00:00:00+09:00,7418.299077181208,7467.754404362416,7240.259899328859,7368.84375,590738,0.0,0.0
2012-03-21 00:00:00+09:00,7299.606053367821,7438.080964949324,7269.9328580289275,7319.38818359375,305346,0.0,0.0
2012-03-22 00:00:00+09:00,7230.368410220816,7388.625447927428,7121.56669679752,7180.9130859375,373035,0.0,0.0
2012-03-23 00:00:00+09:00,7180.913034119898,7269.9326171875,7052.329191911139,7269.9326171875,230682,0.0,0.0
2012-03-26 00:00:00+09:00,7171.022213452483,7358.952450770548,7072.111562232449,7220.4775390625,203599,0.0,0.0
2012-03-27 00:00:00+09:00,7220.477566011005,7626.011237526692,7220.477566011005,7527.1005859375,494722,0.0,0.0
2012-03-28 00:00:00+09:00,7586.446836094168,7586.446836094168,7260.041691907587,7398.5166015625,291749,0.0,0.0
2012-03-29 00:00:00+09:00,7299.606173740344,7388.625761224983,6933.63675852572,7042.4384765625,376514,0.0,0.0
2012-03-30 00:00:00+09:00,6923.745604835442,7715.030816816635,6923.745604835442,7626.01123046875,606643,0.0,0.0
2012-04-02 00:00:00+09:00,7705.139585589418,8061.217923306002,7645.793195969987,7991.98046875,966038,0.0,0.0
2012-04-03 00:00:00+09:00,7982.089512460443,8011.762707674051,7764.4860808939875,7813.94140625,354165,0.0,0.0
2012-04-04 00:00:00+09:00,7744.703944702149,8189.801872558594,7665.575424194336,7912.85205078125,664227,0.0,0.0
2012-04-05 00:00:00+09:00,7813.941788063909,8051.32736137218,7705.140066964285,7893.0703125,354634,0.0,0.0
2012-04-06 00:00:00+09:00,7962.307370032793,8170.019736207561,7813.941394193673,8011.7626953125,506557,0.0,0.0
2012-04-09 00:00:00+09:00,7982.089359757293,8081.000008577086,7843.614451409583,7883.1787109375,240783,0.0,0.0
2012-04-10 00:00:00+09:00,7715.030992040094,7991.980822523585,7715.030992040094,7863.39697265625,559419,0.0,0.0
2012-04-12 00:00:00+09:00,7823.832471321202,7902.960991890823,7606.229039754747,7813.94140625,231186,0.0,0.0
2012-04-13 00:00:00+09:00,7863.396806925753,8189.801957401915,7813.941481096031,8130.45556640625,436052,0.0,0.0
2012-04-16 00:00:00+09:00,8130.4554759837965,8308.49464699074,8011.7626953125,8011.7626953125,310247,0.0,0.0
2012-04-17 00:00:00+09:00,7962.307125910659,8140.346291458973,7823.832219373083,8061.2177734375,344396,0.0,0.0
2012-04-18 00:00:00+09:00,8209.583930832838,8298.603515625,8100.78221608686,8298.603515625,549795,0.0,0.0
2012-04-19 00:00:00+09:00,8338.167939995044,8852.503328938987,8288.71261413505,8733.810546875,957896,0.0,0.0
2012-04-20 00:00:00+09:00,8763.482959149522,8951.413180621124,8674.463380557709,8773.3740234375,383217,0.0,0.0
2012-04-23 00:00:00+09:00,8803.04736328125,8872.284814453125,8605.22607421875,8704.13671875,288009,0.0,0.0
2012-04-24 00:00:00+09:00,8694.245654296876,8793.156298828126,8545.8796875,8704.13671875,273103,0.0,0.0
2012-04-25 00:00:00+09:00,8852.503739191661,9099.780379951206,8595.336032801735,8615.1181640625,444394,0.0,0.0
2012-04-26 00:00:00+09:00,8595.335705366291,8704.137423155738,8308.494813012296,8446.9697265625,490763,0.0,0.0
2012-04-27 00:00:00+09:00,8417.296570177023,8555.771484375,8308.494851878613,8555.771484375,340783,0.0,0.0
2012-04-30 00:00:00+09:00,8664.572607925258,8773.37431875537,8476.642380127792,8634.8994140625,344380,0.0,0.0
2012-05-02 00:00:00+09:00,8704.137255249716,8753.592580563634,8625.008734747445,8714.0283203125,243997,0.0,0.0
2012-05-03 00:00:00+09:00,8714.028551374162,8892.067727225167,8644.791094098771,8862.39453125,297462,0.0,0.0
2012-05-04 00:00:00+09:00,8931.630999839468,8931.630999839468,8496.424173712187,8664.572265625,394938,0.0,0.0
2012-05-07 00:00:00+09:00,8506.316596137152,8625.009385850693,8456.861267089844,8545.880859375,176759,0.0,0.0
2012-05-08 00:00:00+09:00,8605.226448496007,8981.0869140625,8565.662188962693,8981.0869140625,429235,0.0,0.0
2012-05-09 00:00:00+09:00,8901.959174502212,9040.434094994469,8733.811056761615,8941.5234375,326237,0.0,0.0
2012-05-10 00:00:00+09:00,8911.84955571772,9089.88872553228,8822.829970810439,9000.869140625,313272,0.0,0.0
2012-05-11 00:00:00+09:00,9089.888935131781,9089.888935131781,8822.830174251958,8842.6123046875,196140,0.0,0.0
2012-05-14 00:00:00+09:00,8882.176936082808,8882.176936082808,8595.336032801735,8615.1181640625,274303,0.0,0.0
2012-05-15 00:00:00+09:00,8486.534200663784,8486.534200663784,8011.763056570704,8288.712890625,557826,0.0,0.0
2012-05-16 00:00:00+09:00,8189.801726790819,8298.603440552533,7784.26806640625,7784.26806640625,473577,0.0,0.0
2012-05-17 00:00:00+09:00,7784.2682925069275,8041.435987049723,7626.0112497113605,8031.544921875,297919,0.0,0.0
2012-05-18 00:00:00+09:00,7576.556000111174,7833.7236972428855,7438.081086271022,7645.79345703125,396014,0.0,0.0
2012-05-21 00:00:00+09:00,7715.030719176691,7804.05030439796,7527.100483709566,7606.22900390625,160262,0.0,0.0
2012-05-22 00:00:00+09:00,7764.485966042044,8239.257082436972,7724.921706342467,8189.8017578125,431030,0.0,0.0
2012-05-23 00:00:00+09:00,8170.019883196878,8209.584144132457,8021.653904688461,8041.43603515625,304570,0.0,0.0
2012-05-24 00:00:00+09:00,8041.436140091227,8209.584251261645,7863.396963557841,7962.3076171875,211421,0.0,0.0
2012-05-25 00:00:00+09:00,7962.3076461533365,8189.802150329147,7893.070188360699,8170.02001953125,247019,0.0,0.0
2012-05-29 00:00:00+09:00,8229.366402511961,8387.623448714114,8100.782552472712,8268.9306640625,295006,0.0,0.0
2012-05-30 00:00:00+09:00,8387.623155120482,8565.662325865964,8179.910789250754,8209.583984375,444544,0.0,0.0
2012-05-31 00:00:00+09:00,8090.891673642113,8377.732576497396,8061.218476795015,8308.4951171875,167668,0.0,0.0
2012-06-01 00:00:00+09:00,8357.94955862094,8634.899366480568,8298.603171222447,8526.09765625,368123,0.0,0.0
2012-06-04 00:00:00+09:00,8209.583996431327,8348.058907214507,7764.486068913966,8011.7626953125,422319,0.0,0.0
2012-06-05 00:00:00+09:00,8051.327302122057,8209.584349829616,7873.288123451053,7982.08984375,247475,0.0,0.0
2012-06-07 00:00:00+09:00,8090.891505821079,8278.821748621323,8061.218309589461,8071.109375,195449,0.0,0.0
2012-06-08 00:00:00+09:00,8120.564631870815,8170.019958496094,7596.338169642857,7754.59521484375,358762,0.0,0.0
2012-06-11 00:00:00+09:00,7804.050287468711,7922.743067506258,7724.9217674436795,7902.9609375,198957,0.0,0.0
2012-06-12 00:00:00+09:00,7764.4859323537485,7902.960840701459,7645.793153769997,7883.1787109375,153738,0.0,0.0
2012-06-13 00:00:00+09:00,8021.653468497357,8051.32666258551,7912.851756840796,7952.416015625,170334,0.0,0.0
2012-06-14 00:00:00+09:00,8011.763113502714,8308.495080669481,8011.763113502714,8199.693359375,449323,0.0,0.0
2012-06-15 00:00:00+09:00,8278.82173891968,8348.059196712318,8071.109365541767,8170.02001953125,241853,0.0,0.0
2012-06-18 00:00:00+09:00,8377.732090079067,8377.732090079067,8199.692919333585,8209.583984375,269715,0.0,0.0
2012-06-19 00:00:00+09:00,8219.475298295454,8288.712755681818,8140.346775568182,8160.12890625,153167,0.0,0.0
2012-06-20 00:00:00+09:00,8338.168291242733,8862.39476744186,8328.27722565407,8506.31640625,765423,0.0,0.0
2012-06-21 00:00:00+09:00,8605.227287946429,8812.939670758928,8585.44515625,8654.6826171875,578348,0.0,0.0
2012-06-22 00:00:00+09:00,8506.31630452474,9495.4228515625,8446.969911702474,9495.4228515625,1576803,0.0,0.0
2012-06-25 00:00:00+09:00,9614.116147203948,10187.797974917763,9347.057365337172,9396.5126953125,1948954,0.0,0.0
2012-06-26 00:00:00+09:00,9396.512726814517,9653.680443548388,9248.146736391129,9505.314453125,791454,0.0,0.0
2012-06-27 00:00:00+09:00,9594.333821270482,9614.11595286073,9297.601847416756,9356.9482421875,590595,0.0,0.0
2012-06-28 00:00:00+09:00,9356.94801456767,9396.512276785714,9030.542851268798,9208.58203125,431399,0.0,0.0
2012-06-29 00:00:00+09:00,9258.036328125001,9396.51123046875,9050.323974609375,9297.6005859375,366441,0.0,0.0
2012-07-02 00:00:00+09:00,9396.512470755348,9485.532062583556,9248.146484375,9248.146484375,291775,0.0,0.0
2012-07-03 00:00:00+09:00,9297.601913578255,9643.789218871061,9208.582320788675,9574.5517578125,729956,0.0,0.0
2012-07-04 00:00:00+09:00,9653.679344356486,9821.827447690564,9495.422305924412,9683.3525390625,669045,0.0,0.0
2012-07-05 00:00:00+09:00,9851.5009765625,10088.886542262802,9643.788606574737,9851.5009765625,1142174,0.0,0.0
2012-07-06 00:00:00+09:00,9940.520776865433,9989.97610411352,9604.224551578443,9693.244140625,373272,0.0,0.0
2012-07-09 00:00:00+09:00,9564.660623885109,9624.007018655853,9356.9482421875,9356.9482421875,422019,0.0,0.0
2012-07-10 00:00:00+09:00,9347.055908203125,9426.184423828125,9129.452490234375,9297.6005859375,310817,0.0,0.0
2012-07-11 00:00:00+09:00,9376.73037377775,9455.858900138743,9218.47332105576,9356.9482421875,260165,0.0,0.0
2012-07-12 00:00:00+09:00,9396.511784490363,9396.511784490363,8921.740662747692,9109.6708984375,348951,0.0,0.0
2012-07-13 00:00:00+09:00,9099.780497994652,9267.92861589238,8318.386303058156,9248.146484375,376484,0.0,0.0
2012-07-16 00:00:00+09:00,9327.27451016865,9534.986879960317,9327.27451016865,9347.056640625,240763,0.0,0.0
2012-07-17 00:00:00+09:00,9356.948037441685,9356.948037441685,9010.7607421875,9010.7607421875,210744,0.0,0.0
2012-07-18 00:00:00+09:00,8961.305461125861,9139.344642472732,8585.444967171354,8615.1181640625,340227,0.0,0.0
2012-07-19 00:00:00+09:00,8714.029012276786,8832.721802455357,8397.514905133929,8654.6826171875,323387,0.0,0.0
2012-07-20 00:00:00+09:00,8931.632217557972,9258.037381654774,8901.959020821898,9010.7607421875,484444,0.0,0.0
2012-07-23 00:00:00+09:00,9010.760429329948,9010.760429329948,8625.008885154462,8644.791015625,331259,0.0,0.0
2012-07-24 00:00:00+09:00,8545.879934210527,8684.3548405519,8011.762438322368,8456.8603515625,563595,0.0,0.0
2012-07-25 00:00:00+09:00,8367.841510881697,8585.444954427083,8081.000608026414,8308.4951171875,177105,0.0,0.0
2012-07-26 00:00:00+09:00,8308.49467709572,8427.187458197088,8259.039351636817,8318.3857421875,168199,0.0,0.0
2012-07-27 00:00:00+09:00,8377.73221479396,8585.444583755794,8377.73221479396,8535.9892578125,159924,0.0,0.0
2012-07-30 00:00:00+09:00,8555.770952125296,8605.226275547986,8278.821140958235,8348.05859375,189377,0.0,0.0
2012-07-31 00:00:00+09:00,8318.385445221125,8516.206739994517,8110.673085709064,8456.8603515625,213409,0.0,0.0
2012-08-01 00:00:00+09:00,8437.078620811091,8555.771403284401,8298.603707925564,8338.16796875,136331,0.0,0.0
2012-08-02 00:00:00+09:00,8308.494386227545,8387.622904191616,8160.12841504491,8259.0390625,125783,0.0,0.0
2012-08-03 00:00:00+09:00,8110.67346900949,8338.16796875,8110.67346900949,8338.16796875,104081,0.0,0.0
2012-08-06 00:00:00+09:00,8446.969522270114,8605.2265625,8338.16780711207,8605.2265625,173748,0.0,0.0
2012-08-07 00:00:00+09:00,8595.334816013841,8822.829293307648,8595.334816013841,8664.572265625,314848,0.0,0.0
2012-08-08 00:00:00+09:00,8901.95865479898,8901.95865479898,8694.246286187004,8733.810546875,341376,0.0,0.0
2012-08-09 00:00:00+09:00,8763.483687464966,8832.721143235007,8644.790906144899,8822.830078125,269150,0.0,0.0
2012-08-10 00:00:00+09:00,8852.503165779533,9079.997660542582,8793.156775841346,9000.869140625,325708,0.0,0.0
2012-08-13 00:00:00+09:00,9089.888671875,9297.601035432535,9060.215477081067,9089.888671875,355663,0.0,0.0
2012-08-14 00:00:00+09:00,9188.799959327549,9297.601681127982,9050.325040672451,9119.5625,374132,0.0,0.0
2012-08-16 00:00:00+09:00,9079.998237527116,9188.799959327549,8911.850122017355,9119.5625,266640,0.0,0.0
2012-08-17 00:00:00+09:00,9178.909176421404,9258.037703804348,8852.504000966765,8872.2861328125,365774,0.0,0.0
2012-08-20 00:00:00+09:00,8793.156882794983,8961.30498966508,8674.464101474916,8822.830078125,309934,0.0,0.0
2012-08-21 00:00:00+09:00,8832.721263724661,9238.254938766891,8832.721263724661,9149.2353515625,648112,0.0,0.0
2012-08-22 00:00:00+09:00,9099.779396480044,9149.234719287002,8872.284911568044,8921.740234375,360885,0.0,0.0
2012-08-23 00:00:00+09:00,8921.740038627506,9089.888132481905,8753.591944773107,8882.17578125,421495,0.0,0.0
2012-08-24 00:00:00+09:00,8753.593466696886,8832.7219952094,8674.464938184372,8694.2470703125,293858,0.0,0.0
2012-08-27 00:00:00+09:00,8189.8018855168275,8298.60360138722,7576.555850610978,7715.03076171875,1388083,0.0,0.0
2012-08-28 00:00:00+09:00,7794.159025115031,8110.67309720092,7794.159025115031,8061.2177734375,796003,0.0,0.0
2012-08-29 00:00:00+09:00,8199.693373001453,8506.31640625,7991.980995639535,8506.31640625,635141,0.0,0.0
2012-08-30 00:00:00+09:00,8456.861078306687,8634.900258902617,8367.84148800872,8506.31640625,444539,0.0,0.0
2012-08-31 00:00:00+09:00,8506.316362847223,8961.305377604167,8506.316362847223,8901.958984375,746194,0.0,0.0
2012-09-03 00:00:00+09:00,9198.691343849841,9396.512663072417,8961.305760782749,9287.7109375,912492,0.0,0.0
2012-09-04 00:00:00+09:00,9347.05616598289,9366.838295434707,8842.611864961593,8852.5029296875,603176,0.0,0.0
2012-09-05 00:00:00+09:00,8892.067479276498,9089.888780261515,8822.830023931743,8911.849609375,392906,0.0,0.0
2012-09-06 00:00:00+09:00,9040.43359375,9099.779984956236,8842.612289729212,9040.43359375,309928,0.0,0.0
2012-09-07 00:00:00+09:00,9159.126376162472,9198.69063696663,9000.869332945842,9040.43359375,276001,0.0,0.0
2012-09-10 00:00:00+09:00,9060.215585113763,9109.670910360017,8852.503219079495,8911.849609375,206591,0.0,0.0
2012-09-11 00:00:00+09:00,8990.978340174788,8990.978340174788,8605.226794226695,8753.5927734375,509460,0.0,0.0
2012-09-12 00:00:00+09:00,8812.939704430022,8862.395033860044,8733.811177341986,8763.484375,317253,0.0,0.0
2012-09-13 00:00:00+09:00,8812.939083094945,8901.958669792873,8437.078605925912,8535.9892578125,556383,0.0,0.0
2012-09-14 00:00:00+09:00,8704.13697002924,8704.13697002924,8288.712251005118,8456.8603515625,508295,0.0,0.0
2012-09-17 00:00:00+09:00,8545.880183823529,8654.681899126837,8397.514208409926,8407.4052734375,269567,0.0,0.0
2012-09-18 00:00:00+09:00,8407.405938042535,8565.662990993924,8288.713148328992,8545.880859375,367461,0.0,0.0
2012-09-19 00:00:00+09:00,8545.88082502931,8545.88082502931,8377.732706944242,8437.0791015625,213612,0.0,0.0
2012-09-20 00:00:00+09:00,8437.078933108412,8466.75212982509,8120.564834797195,8199.693359375,347408,0.0,0.0
2012-09-21 00:00:00+09:00,8229.366411924939,8278.82173891968,8031.545103945975,8170.02001953125,341493,0.0,0.0
2012-09-24 00:00:00+09:00,8170.020047778926,8407.405618174438,7991.98086998229,8377.732421875,408052,0.0,0.0
2012-09-25 00:00:00+09:00,8437.078735795454,8446.969801136363,8150.237840909091,8160.12890625,190231,0.0,0.0
2012-09-26 00:00:00+09:00,8179.910871478873,8654.681998239435,8021.653829225352,8427.1875,657573,0.0,0.0
2012-09-27 00:00:00+09:00,8407.405220005094,8496.4248046875,8278.821375463838,8496.4248046875,201652,0.0,0.0
2012-09-28 00:00:00+09:00,8565.662281078297,9099.779790521978,8555.771216088599,9000.869140625,794392,0.0,0.0
2012-10-02 00:00:00+09:00,8990.978267744804,9376.729810585339,8951.414006940646,9040.43359375,704029,0.0,0.0
2012-10-04 00:00:00+09:00,9159.12647337268,9297.601387656932,9020.651559088428,9060.2158203125,530043,0.0,0.0
2012-10-05 00:00:00+09:00,9198.690887451172,9534.98711344401,9000.869578043621,9495.4228515625,1431910,0.0,0.0
2012-10-08 00:00:00+09:00,9732.808440022704,10039.431470145371,9643.788850632252,9802.0458984375,1352922,0.0,0.0
2012-10-09 00:00:00+09:00,9881.173891551225,9989.97560607281,9505.31342320393,9594.3330078125,696791,0.0,0.0
2012-10-10 00:00:00+09:00,9455.858140609073,9792.154350630733,9317.383230600153,9703.134765625,550963,0.0,0.0
2012-10-11 00:00:00+09:00,9683.35284265706,9841.609886050841,9416.294081930051,9544.8779296875,528143,0.0,0.0
2012-10-12 00:00:00+09:00,9534.986821646342,10187.797122713415,9505.313626143292,10138.341796875,1276363,0.0,0.0
2012-10-15 00:00:00+09:00,10286.708257850241,10632.895554989433,9881.17456691576,10237.2529296875,1435588,0.0,0.0
2012-10-16 00:00:00+09:00,10286.707760167465,10435.073737477573,9831.718763083134,10336.1630859375,759211,0.0,0.0
2012-10-17 00:00:00+09:00,10336.162858717513,10583.439482131807,9881.17387163521,9989.9755859375,785880,0.0,0.0
2012-10-18 00:00:00+09:00,9989.975848667513,10138.341826618022,9653.679631979696,9742.69921875,678278,0.0,0.0
2012-10-19 00:00:00+09:00,9544.878008841502,9821.827837077319,9327.274572370505,9762.4814453125,495541,0.0,0.0
2012-10-22 00:00:00+09:00,9683.352335090825,10088.885987530788,9544.877429379618,10039.4306640625,510460,0.0,0.0
2012-10-23 00:00:00+09:00,10138.341769366198,10632.89502640845,10039.431117957745,10533.984375,1048800,0.0,0.0
2012-10-24 00:00:00+09:00,10484.528804030373,10830.716075861565,10336.162830388435,10583.439453125,893091,0.0,0.0
2012-10-25 00:00:00+09:00,10632.894787016368,10781.26076078869,10237.252190290179,10385.6181640625,558512,0.0,0.0
2012-10-26 00:00:00+09:00,10237.251957935652,10435.073251808804,9891.064693657636,10039.4306640625,505413,0.0,0.0
2012-10-29 00:00:00+09:00,10187.797372855392,10336.16335401348,9891.065410539217,10088.88671875,483397,0.0,0.0
2012-10-30 00:00:00+09:00,9940.520017125924,10237.251957935652,9792.154046721058,10039.4306640625,727677,0.0,0.0
2012-10-31 00:00:00+09:00,10286.708026960785,10583.439989276962,10088.88671875,10088.88671875,773470,0.0,0.0
2012-11-01 00:00:00+09:00,10138.34181145056,10138.34181145056,9831.718790811567,9940.5205078125,442507,0.0,0.0
2012-11-02 00:00:00+09:00,10187.797318070023,10682.3505859375,10088.886664496527,10682.3505859375,764908,0.0,0.0
2012-11-05 00:00:00+09:00,10632.895259150751,11028.537873444733,10533.984605577256,10682.3505859375,873693,0.0,0.0
2012-11-06 00:00:00+09:00,10731.805677816901,10830.716329225352,10385.618397887323,10533.984375,583753,0.0,0.0
2012-11-07 00:00:00+09:00,10533.984137834821,10583.439462425595,10187.796865699405,10385.6181640625,532712,0.0,0.0
2012-11-08 00:00:00+09:00,10088.886640468436,10533.984580489103,9713.026157784318,9871.283203125,1582592,0.0,0.0
2012-11-09 00:00:00+09:00,9871.282797330097,10237.252199635923,9643.788304004855,10187.796875,746883,0.0,0.0
2012-11-12 00:00:00+09:00,10187.797745988175,10979.0830078125,10187.797745988175,10979.0830078125,1437588,0.0,0.0
2012-11-13 00:00:00+09:00,11176.903817313058,11424.180450439453,10880.171857561383,11077.9931640625,1467837,0.0,0.0
2012-11-14 00:00:00+09:00,11176.9033203125,11374.724618017146,10979.082022607854,11176.9033203125,943136,0.0,0.0
2012-11-15 00:00:00+09:00,10979.082493832237,11473.635759320176,10682.350534539473,11275.814453125,1226150,0.0,0.0
2012-11-16 00:00:00+09:00,11077.992972488039,11176.90362402811,10088.886457087321,10336.1630859375,1408480,0.0,0.0
2012-11-19 00:00:00+09:00,10385.618625217014,10830.716566297742,10237.25264485677,10682.3505859375,758970,0.0,0.0
2012-11-20 00:00:00+09:00,11127.447743517287,12067.09888630319,10979.081773603722,11622.0009765625,3892074,0.0,0.0
2012-11-21 00:00:00+09:00,11720.91258744116,11968.189224307009,11473.635950575313,11819.8232421875,1087730,0.0,0.0
2012-11-22 00:00:00+09:00,12067.09913340336,12215.465106355041,11671.456538865546,11770.3671875,1124140,0.0,0.0
2012-11-23 00:00:00+09:00,11968.188711734694,12363.83131377551,11869.27806122449,12116.5546875,1317064,0.0,0.0
2012-11-26 00:00:00+09:00,12264.921167695475,12611.108458719136,11968.189203960907,12017.64453125,986007,0.0,0.0
2012-11-27 00:00:00+09:00,12017.644074403166,12116.554725221298,11424.180169494368,11523.0908203125,918590,0.0,0.0
2012-11-28 00:00:00+09:00,11374.725041623975,12067.099609375,11127.448410284323,12067.099609375,727272,0.0,0.0
2012-11-29 00:00:00+09:00,12017.644551680178,12215.465861172856,11572.546605321653,11819.8232421875,828904,0.0,0.0
2012-11-30 00:00:00+09:00,11819.822947668652,12561.652839781747,11622.001643105159,12462.7421875,1517546,0.0,0.0
2012-12-03 00:00:00+09:00,12858.38425925926,13501.303472222222,12710.018287037037,13352.9375,2166102,0.0,0.0
2012-12-04 00:00:00+09:00,13352.937736092033,13748.580335679944,13155.116436298076,13501.3037109375,1173948,0.0,0.0
2012-12-05 00:00:00+09:00,13501.30395866843,13501.30395866843,13006.750700109145,13451.8486328125,804893,0.0,0.0
2012-12-06 00:00:00+09:00,13501.30452852471,13600.215184411338,12710.019281431687,12759.474609375,1052567,0.0,0.0
2012-12-07 00:00:00+09:00,12808.929454803467,13006.750759124756,11968.188911437988,12660.5634765625,1325711,0.0,0.0
2012-12-10 00:00:00+09:00,12710.019237546992,13155.1171875,12215.465959821428,13155.1171875,753670,0.0,0.0
2012-12-11 00:00:00+09:00,13105.66142733135,13155.116753472223,12314.376209077382,12462.7421875,629939,0.0,0.0
2012-12-12 00:00:00+09:00,12363.831535218254,12660.563492063493,12166.010230654763,12462.7421875,632248,0.0,0.0
2012-12-13 00:00:00+09:00,12363.831032323473,13105.66089426288,12166.009735806298,12957.294921875,1338634,0.0,0.0
2012-12-14 00:00:00+09:00,12858.384780883789,13006.750759124756,12512.197498321533,12660.5634765625,433661,0.0,0.0
2012-12-17 00:00:00+09:00,12710.018850858094,12957.295482197746,11968.18895683914,12067.099609375,763327,0.0,0.0
2012-12-18 00:00:00+09:00,12116.554699656379,12166.010024961099,11473.63547069502,11918.7333984375,853452,0.0,0.0
2012-12-20 00:00:00+09:00,11968.18876228166,12067.099413209608,11127.448229394106,11325.26953125,953661,0.0,0.0
2012-12-21 00:00:00+09:00,11275.813960597827,11572.545906929348,11127.447987432066,11374.724609375,654690,0.0,0.0
2012-12-24 00:00:00+09:00,11473.635006648936,11869.277593085106,11325.269036735372,11622.0009765625,522678,0.0,0.0
2012-12-26 00:00:00+09:00,11770.367460425765,11819.822785889737,11226.358880322052,11325.26953125,670337,0.0,0.0
2012-12-27 00:00:00+09:00,11424.180324554443,12759.474128723145,11374.724998474121,12660.5634765625,1638656,0.0,0.0
2012-12-28 00:00:00+09:00,12314.376194000244,13105.6614112854,11968.188911437988,12660.5634765625,2324623,0.0,0.0
2013-01-02 00:00:00+09:00,13155.117232921511,13204.572560864826,12710.019281431687,12759.474609375,902832,0.0,0.0
2013-01-03 00:00:00+09:00,13155.116721754808,13303.482699819711,12759.474113581731,12858.384765625,1012907,0.0,0.0
2013-01-04 00:00:00+09:00,12858.384026802434,13303.481935422518,12512.196764542368,13204.5712890625,846355,0.0,0.0
2013-01-07 00:00:00+09:00,13501.303472222222,13550.758796296297,13155.116203703705,13352.9375,673327,0.0,0.0
2013-01-08 00:00:00+09:00,13550.75925641741,14243.133816964284,13352.937953404016,13847.4912109375,2189211,0.0,0.0
2013-01-09 00:00:00+09:00,13896.94703729204,13995.857692361735,13649.670399617806,13748.5810546875,630339,0.0,0.0
2013-01-10 00:00:00+09:00,13748.580085253194,13946.401381443888,13303.482168824134,13550.7587890625,750797,0.0,0.0
2013-01-11 00:00:00+09:00,13451.848140967153,13649.669437157847,13155.116196681114,13550.7587890625,909733,0.0,0.0
2013-01-14 00:00:00+09:00,13501.303988370028,13550.759314334753,13056.2060546875,13056.2060546875,564126,0.0,0.0
2013-01-15 00:00:00+09:00,12957.295417668269,13402.39335186298,12858.384765625,12858.384765625,399151,0.0,0.0
2013-01-16 00:00:00+09:00,12858.385220864662,13303.48317081767,12710.019237546992,13155.1171875,618907,0.0,0.0
2013-01-17 00:00:00+09:00,13254.02734375,13501.303973297574,12907.840062383395,13254.02734375,391747,0.0,0.0
2013-01-18 00:00:00+09:00,13402.393722000656,14144.2236328125,13254.027739838286,14144.2236328125,1648530,0.0,0.0
2013-01-21 00:00:00+09:00,14342.044454225352,14391.499779929576,14045.3125,14045.3125,757120,0.0,0.0
2013-01-22 00:00:00+09:00,14045.312447916665,14935.508307291666,14045.312447916665,14836.59765625,1513248,0.0,0.0
2013-01-23 00:00:00+09:00,14935.508573887711,14935.508573887711,14539.865962658898,14589.3212890625,696531,0.0,0.0
2013-01-24 00:00:00+09:00,14589.32155845905,14589.32155845905,14193.678939924568,14342.044921875,491851,0.0,0.0
2013-01-25 00:00:00+09:00,14391.499779929576,14539.865757042253,13600.214568661971,14045.3125,654311,0.0,0.0
2013-01-28 00:00:00+09:00,14045.31252830616,14094.767854110054,13451.84861865942,13649.669921875,573304,0.0,0.0
2013-01-29 00:00:00+09:00,13847.491867534129,14490.4111328125,13798.036539435794,14490.4111328125,912394,0.0,0.0
2013-01-30 00:00:00+09:00,14440.95484158737,14589.32081598724,14193.678217587587,14292.5888671875,475096,0.0,0.0
2013-01-31 00:00:00+09:00,14342.044172190657,14688.2314453125,14193.678197995581,14688.2314453125,667715,0.0,0.0
2013-02-01 00:00:00+09:00,14638.7763671875,14787.142343881967,14391.499739363386,14638.7763671875,435925,0.0,0.0
2013-02-04 00:00:00+09:00,14638.776906687062,14688.23223407452,14094.768305425043,14144.2236328125,576857,0.0,0.0
2013-02-05 00:00:00+09:00,13896.946751823823,14292.589363975392,13847.491425304877,14193.6787109375,357582,0.0,0.0
2013-02-06 00:00:00+09:00,14342.044882550335,14737.6875,13995.857592281878,14737.6875,818920,0.0,0.0
2013-02-07 00:00:00+09:00,14787.142343881967,14935.508320576435,14589.321041622678,14638.7763671875,547679,0.0,0.0
2013-02-08 00:00:00+09:00,14589.321789009173,15133.33039809087,14490.4111328125,14490.4111328125,618494,0.0,0.0
2013-02-12 00:00:00+09:00,14589.321305841924,14737.687285223366,14193.678694158074,14391.5,323936,0.0,0.0
2013-02-13 00:00:00+09:00,14490.41086409396,14836.598154362417,14342.044882550335,14737.6875,557869,0.0,0.0
2013-02-14 00:00:00+09:00,14688.23237704918,15232.240983606558,14539.866393442624,15083.875,993474,0.0,0.0
2013-02-15 00:00:00+09:00,15281.695808733713,15380.606461217427,15034.41917752443,15182.78515625,672363,0.0,0.0
2013-02-18 00:00:00+09:00,15281.696021596337,15578.427983180733,15133.33004080414,15528.97265625,560040,0.0,0.0
2013-02-19 00:00:00+09:00,15479.51703758123,16320.257579558487,15430.06171158257,16171.8916015625,1096516,0.0,0.0
2013-02-20 00:00:00+09:00,16270.802253559825,16666.44486154912,16023.525623566515,16171.8916015625,985949,0.0,0.0
2013-02-21 00:00:00+09:00,16419.16873798077,16666.44537560096,16072.9814453125,16072.9814453125,859235,0.0,0.0
2013-02-22 00:00:00+09:00,15924.614764636075,16023.525415348102,15528.972161787975,15627.8828125,894663,0.0,0.0
2013-02-25 00:00:00+09:00,15825.703366873064,16171.890628023413,15726.792720830108,15974.0693359375,531499,0.0,0.0
2013-02-26 00:00:00+09:00,15825.703604294478,16369.7121656921,15726.792956767638,16122.435546875,430212,0.0,0.0
2013-02-27 00:00:00+09:00,16221.347195263976,16419.16850252329,15875.159907560172,15924.615234375,307505,0.0,0.0
2013-02-28 00:00:00+09:00,16023.52515332944,16023.52515332944,15380.605934214369,15875.1591796875,524961,0.0,0.0
2013-03-04 00:00:00+09:00,15776.2490234375,16023.525653898903,15528.972392976098,15776.2490234375,317681,0.0,0.0
2013-03-05 00:00:00+09:00,15875.159907560172,16270.802522078804,15726.793927115683,15924.615234375,557848,0.0,0.0
2013-03-06 00:00:00+09:00,16320.257100613318,16419.167749707944,15825.703855140187,15875.1591796875,601041,0.0,0.0
2013-03-07 00:00:00+09:00,15776.248827482525,15776.248827482525,14984.963619834498,15034.4189453125,934745,0.0,0.0
2013-03-08 00:00:00+09:00,15083.873777701185,15182.784425423815,14490.4098913654,15133.3291015625,649480,0.0,0.0
2013-03-11 00:00:00+09:00,15083.874270790502,15083.874270790502,14539.865690532482,15034.4189453125,489441,0.0,0.0
2013-03-12 00:00:00+09:00,15034.418708471761,15182.784682568521,14836.59740967608,14886.052734375,354690,0.0,0.0
2013-03-13 00:00:00+09:00,14984.964116178602,15331.151405991308,14886.0534619464,14935.5087890625,535101,0.0,0.0
2013-03-14 00:00:00+09:00,15034.418708471761,15034.418708471761,14391.499487385798,14886.052734375,1167258,0.0,0.0
2013-03-15 00:00:00+09:00,14984.964060011944,15578.427983180733,14984.964060011944,15528.97265625,1380783,0.0,0.0
2013-03-18 00:00:00+09:00,15528.971965751263,15677.337939946337,14688.2314453125,14688.2314453125,917429,0.0,0.0
2013-03-19 00:00:00+09:00,14984.963851282573,15331.151134975571,14836.597872557004,15182.78515625,472390,0.0,0.0
2013-03-20 00:00:00+09:00,15133.329609375,15232.240260416665,14638.776354166666,14836.59765625,456792,0.0,0.0
2013-03-21 00:00:00+09:00,15182.785424643005,15528.972714455713,14886.0534619464,14935.5087890625,478144,0.0,0.0
2013-03-22 00:00:00+09:00,14886.052715412621,15380.605961771846,14737.686741504855,15281.6953125,393481,0.0,0.0
2013-03-25 00:00:00+09:00,15430.061803836634,15430.061803836634,14886.053214598804,14984.9638671875,350001,0.0,0.0
2013-03-26 00:00:00+09:00,14984.964279993099,15776.249522500986,14935.508952336357,15677.3388671875,972473,0.0,0.0
2013-03-27 00:00:00+09:00,15825.703855140187,16122.435802424065,15627.882556950935,15875.1591796875,840194,0.0,0.0
2013-03-28 00:00:00+09:00,15974.070327806623,15974.070327806623,15578.427719068379,15776.2490234375,306216,0.0,0.0
2013-03-29 00:00:00+09:00,15825.704599056604,15974.07057967276,15627.883291568396,15726.7939453125,296244,0.0,0.0
2013-04-01 00:00:00+09:00,15776.249522500986,15875.160177814472,15528.972884217272,15677.3388671875,260898,0.0,0.0
2013-04-02 00:00:00+09:00,15578.426751765672,16320.256597087848,15578.426751765672,15974.0693359375,964811,0.0,0.0
2013-04-03 00:00:00+09:00,16023.525653898903,16122.436306083464,15726.79369734522,15776.2490234375,605452,0.0,0.0
2013-04-04 00:00:00+09:00,15627.883539530758,15776.249522500986,14984.964279993099,15677.3388671875,636595,0.0,0.0
2013-04-05 00:00:00+09:00,15677.33893442623,15875.16024590164,15034.419672131147,15083.875,528340,0.0,0.0
2013-04-08 00:00:00+09:00,14886.05302259657,15281.695627848307,13995.857160780164,14243.1337890625,528848,0.0,0.0
2013-04-09 00:00:00+09:00,14094.767567987672,14539.865491187284,13748.580294387975,14292.5888671875,494355,0.0,0.0
2013-04-10 00:00:00+09:00,14539.865962658898,14984.963900291314,14440.955309851695,14589.3212890625,658379,0.0,0.0
2013-04-11 00:00:00+09:00,14886.0534619464,15083.874770410803,14440.95551790149,14935.5087890625,478545,0.0,0.0
2013-04-12 00:00:00+09:00,15083.874770410803,15281.696078875208,14787.142807714197,14935.5087890625,346203,0.0,0.0
2013-04-15 00:00:00+09:00,14984.963594876803,15528.972174228767,14935.50826948117,15430.0615234375,524034,0.0,0.0
2013-04-16 00:00:00+09:00,15182.785611771165,15479.517578125,15083.874956319887,15479.517578125,393049,0.0,0.0
2013-04-17 00:00:00+09:00,15677.338386656747,15974.070343501984,15331.151103670636,15578.427734375,665076,0.0,0.0
2013-04-18 00:00:00+09:00,15479.51682434082,16023.525402832032,15430.061499023439,15825.7041015625,704811,0.0,0.0
2013-04-19 00:00:00+09:00,15776.248827482525,15924.61480391653,14836.597643400493,15034.4189453125,586707,0.0,0.0
2013-04-22 00:00:00+09:00,15232.240174828506,16221.3466796875,15083.874199099657,16221.3466796875,739539,0.0,0.0
2013-04-23 00:00:00+09:00,16369.71433933934,16765.356981981982,16320.259009009009,16468.625,1047788,0.0,0.0
2013-04-24 00:00:00+09:00,16765.35497617302,16963.17627382698,16518.07835410557,16864.265625,638223,0.0,0.0
2013-04-25 00:00:00+09:00,16765.355002730816,16864.265651714475,16221.34643332067,16270.8017578125,525969,0.0,0.0
2013-04-26 00:00:00+09:00,16369.713071260838,17259.908948247834,16369.713071260838,17111.54296875,735567,0.0,0.0
2013-04-29 00:00:00+09:00,17259.909706404884,17408.275692419826,16913.722405703353,16963.177734375,466308,0.0,0.0
2013-04-30 00:00:00+09:00,17111.542779928248,17160.998105881798,16221.346912764351,16369.712890625,572863,0.0,0.0
2013-05-02 00:00:00+09:00,16419.16746619152,17012.631350511696,16221.346171418129,16913.720703125,625158,0.0,0.0
2013-05-03 00:00:00+09:00,17309.365234375,17556.641880580355,16913.72260044643,17309.365234375,808439,0.0,0.0
2013-05-06 00:00:00+09:00,17309.364780159885,17358.8201081032,16814.811500726744,17012.6328125,400821,0.0,0.0
2013-05-07 00:00:00+09:00,17408.275892857142,17655.5525390625,17160.999246651787,17309.365234375,555061,0.0,0.0
2013-05-08 00:00:00+09:00,17606.09649003623,17606.09649003623,16864.26658174819,17062.087890625,471397,0.0,0.0
2013-05-09 00:00:00+09:00,16913.722202845984,17160.998843238467,16122.43695359003,16616.990234375,777669,0.0,0.0
2013-05-10 00:00:00+09:00,16419.16747754491,16765.354743637723,16270.801506362275,16518.078125,278859,0.0,0.0
2013-05-13 00:00:00+09:00,16320.257354736328,16567.533981323242,15825.7041015625,15825.7041015625,461018,0.0,0.0
2013-05-14 00:00:00+09:00,15974.070102789465,16171.891404371996,15083.87424566807,15430.0615234375,925512,0.0,0.0
2013-05-15 00:00:00+09:00,15825.703604294478,16320.25684192868,15726.792956767638,16122.435546875,703227,0.0,0.0
2013-05-16 00:00:00+09:00,16320.2573301734,16765.355257359945,16221.3466796875,16221.3466796875,445663,0.0,0.0
2013-05-20 00:00:00+09:00,16171.891126971379,16221.346451518692,15825.703855140187,15875.1591796875,290362,0.0,0.0
2013-05-21 00:00:00+09:00,16171.892100360577,16468.624065504806,15924.615462740385,16072.9814453125,383742,0.0,0.0
2013-05-22 00:00:00+09:00,16270.8017578125,16518.078380271658,16171.891108828839,16270.8017578125,415874,0.0,0.0
2013-05-23 00:00:00+09:00,16072.980979991184,16171.891632175744,15726.79369734522,15776.2490234375,456149,0.0,0.0
2013-05-24 00:00:00+09:00,15726.79396397293,15875.159944765128,15281.696021596337,15528.97265625,638141,0.0,0.0
2013-05-27 00:00:00+09:00,15726.793653228853,16419.16821657855,15627.883001321752,16369.712890625,574469,0.0,0.0
2013-05-28 00:00:00+09:00,16616.98949115044,16913.72144634956,16468.623513550883,16765.35546875,613870,0.0,0.0
2013-05-29 00:00:00+09:00,16913.72071482036,16913.72071482036,16369.712153817365,16518.078125,444308,0.0,0.0
2013-05-30 00:00:00+09:00,16419.16823155581,16518.078883553135,16023.525623566515,16171.8916015625,353804,0.0,0.0
2013-05-31 00:00:00+09:00,16171.891832386364,16320.2578125,15677.33856534091,16320.2578125,464943,0.0,0.0
2013-06-03 00:00:00+09:00,16221.346451518692,16221.346451518692,15875.1591796875,15875.1591796875,177918,0.0,0.0
2013-06-04 00:00:00+09:00,15924.614764636075,16122.436066060127,15479.516836431962,15627.8828125,243561,0.0,0.0
2013-06-05 00:00:00+09:00,15578.4274996244,15627.882825020033,15083.87424566807,15430.0615234375,257651,0.0,0.0
2013-06-07 00:00:00+09:00,15479.517518407149,15578.428173476843,13155.117124269334,13748.5810546875,1961419,0.0,0.0
2013-06-10 00:00:00+09:00,13649.670170454545,14243.13409090909,13451.848863636364,13600.21484375,1000217,0.0,0.0
2013-06-11 00:00:00+09:00,13699.125220070422,14144.22315140845,13105.661311619719,14045.3125,961640,0.0,0.0
2013-06-12 00:00:00+09:00,14292.589101294949,14638.776380565068,14045.312473244863,14440.955078125,904099,0.0,0.0
2013-06-13 00:00:00+09:00,14342.044172190657,14737.686770044193,14193.678197995581,14688.2314453125,551979,0.0,0.0
2013-06-14 00:00:00+09:00,14836.598429500853,14836.598429500853,14342.04514851749,14490.4111328125,322417,0.0,0.0
2013-06-17 00:00:00+09:00,14589.321579299607,14688.23223407452,13352.9383946132,14144.2236328125,396120,0.0,0.0
2013-06-18 00:00:00+09:00,14045.312978037588,14243.134287587412,13550.759704163025,14144.2236328125,453554,0.0,0.0
2013-06-19 00:00:00+09:00,14292.588649777601,14292.588649777601,13550.7587890625,13550.7587890625,452701,0.0,0.0
2013-06-20 00:00:00+09:00,13303.482655244716,13748.58058794807,12957.295374253217,13451.8486328125,487331,0.0,0.0
2013-06-21 00:00:00+09:00,13056.206012228262,13649.669921875,12611.108079993206,13649.669921875,409858,0.0,0.0
2013-06-24 00:00:00+09:00,13649.670246138996,13748.580900096526,12808.9296875,12808.9296875,337362,0.0,0.0
2013-06-25 00:00:00+09:00,12660.564102564102,12907.840745192307,11424.180889423076,11572.546875,830765,0.0,0.0
2013-06-26 00:00:00+09:00,11968.18872374222,12314.37600087526,11572.54612130446,11918.7333984375,623974,0.0,0.0
2013-06-27 00:00:00+09:00,12363.83126795977,13254.027119252873,12314.375942887931,12907.83984375,716157,0.0,0.0
2013-06-28 00:00:00+09:00,13155.116469109194,13155.116469109194,12611.107893318966,12907.83984375,383755,0.0,0.0
2013-07-01 00:00:00+09:00,12759.474070829505,13501.30395866843,12710.018744973577,13451.8486328125,336512,0.0,0.0
2013-07-02 00:00:00+09:00,13550.758551322566,13649.669197682584,13006.749996342463,13204.5712890625,352282,0.0,0.0
2013-07-03 00:00:00+09:00,13006.750493893678,13402.39309446839,12907.83984375,12907.83984375,303336,0.0,0.0
2013-07-04 00:00:00+09:00,13056.20606971154,13254.027373798077,12363.831505408654,12858.384765625,558608,0.0,0.0
2013-07-05 00:00:00+09:00,12759.473399544535,12957.294692560728,12116.554197241903,12215.46484375,700752,0.0,0.0
2013-07-08 00:00:00+09:00,12116.554935642931,12363.831566982582,11720.912325499488,12067.099609375,457236,0.0,0.0
2013-07-09 00:00:00+09:00,12264.921398628048,12462.742711509147,12067.100085746952,12166.0107421875,297056,0.0,0.0
2013-07-10 00:00:00+09:00,12363.831843292364,12462.742498038702,11622.001932694822,11819.8232421875,377678,0.0,0.0
2013-07-11 00:00:00+09:00,12166.010436776061,12808.9296875,12067.099782818534,12808.9296875,414175,0.0,0.0
2013-07-12 00:00:00+09:00,12907.840091646634,12957.295417668269,12611.108135516826,12858.384765625,289570,0.0,0.0
2013-07-15 00:00:00+09:00,12759.473891427866,12858.384541749012,12413.286615303854,12512.197265625,333668,0.0,0.0
2013-07-16 00:00:00+09:00,12611.107915946146,12660.56324110672,12363.83129014328,12512.197265625,265320,0.0,0.0
2013-07-17 00:00:00+09:00,12512.197926456767,13352.938498590225,12512.197926456767,13155.1171875,758249,0.0,0.0
2013-07-18 00:00:00+09:00,13105.661121921468,13352.937746863383,13006.750471944702,13303.482421875,768079,0.0,0.0
2013-07-19 00:00:00+09:00,13352.938264912073,13352.938264912073,12858.384995841254,13006.7509765625,371310,0.0,0.0
2013-07-22 00:00:00+09:00,13006.750482753538,13155.116457841981,12858.384507665094,13105.6611328125,196919,0.0,0.0
2013-07-23 00:00:00+09:00,13105.6611328125,13254.027107900944,12957.295157724056,13105.6611328125,268889,0.0,0.0
2013-07-24 00:00:00+09:00,13155.116446909851,13303.482421875,12907.839821967937,13303.482421875,234869,0.0,0.0
2013-07-25 00:00:00+09:00,13204.572032581676,13303.482684511126,13056.2060546875,13056.2060546875,268808,0.0,0.0
2013-07-26 00:00:00+09:00,13204.572303330116,13204.572303330116,12710.019033542472,12808.9296875,186973,0.0,0.0
2013-07-29 00:00:00+09:00,12907.840593204943,13204.572560864826,12759.474609375,12759.474609375,267618,0.0,0.0
2013-07-30 00:00:00+09:00,12858.38473647388,13451.84864738806,12759.47408465485,13254.02734375,579806,0.0,0.0
2013-07-31 00:00:00+09:00,13352.9375,13600.21412037037,13254.026851851851,13352.9375,443852,0.0,0.0
2013-08-01 00:00:00+09:00,13303.482684511126,13352.938010475851,13006.750728722775,13056.2060546875,261342,0.0,0.0
2013-08-02 00:00:00+09:00,13204.572247607242,13402.3935546875,13155.116920837178,13402.3935546875,277562,0.0,0.0
2013-08-05 00:00:00+09:00,13352.937981100644,13550.759284524358,13254.027329388788,13451.8486328125,225134,0.0,0.0
2013-08-06 00:00:00+09:00,13550.759284524358,13550.759284524358,13155.116677676931,13451.8486328125,240357,0.0,0.0
2013-08-07 00:00:00+09:00,13303.482400722023,13946.401624548736,13155.116425992781,13699.125,528830,0.0,0.0
2013-08-08 00:00:00+09:00,14094.767854110054,14292.589157325634,13600.214596071106,13649.669921875,704982,0.0,0.0
2013-08-09 00:00:00+09:00,13649.670623887901,13896.947265625,13550.75996719306,13896.947265625,371833,0.0,0.0
2013-08-12 00:00:00+09:00,13798.036168848017,14094.768129468404,13402.3935546875,13402.3935546875,873723,0.0,0.0
2013-08-13 00:00:00+09:00,13649.669437157847,13649.669437157847,13105.66087263344,13550.7587890625,570694,0.0,0.0
2013-08-14 00:00:00+09:00,13550.759046816915,13699.125021782063,13303.482421875,13303.482421875,351970,0.0,0.0
2013-08-16 00:00:00+09:00,13056.205807783019,13303.482432930425,12858.384507665094,13105.6611328125,314413,0.0,0.0
2013-08-19 00:00:00+09:00,13105.66089426288,13254.026866650764,12858.384273616412,12957.294921875,211008,0.0,0.0
2013-08-20 00:00:00+09:00,12957.29594457431,13254.027912770669,12462.742664247047,12561.6533203125,353239,0.0,0.0
2013-08-21 00:00:00+09:00,12660.563524590163,12710.018850858094,11819.822978035349,12067.099609375,480902,0.0,0.0
2013-08-22 00:00:00+09:00,12017.644551680178,12166.010533799687,11572.546605321653,11819.8232421875,308614,0.0,0.0
2013-08-23 00:00:00+09:00,12017.644757526677,12314.376726848324,12017.644757526677,12166.0107421875,288819,0.0,0.0
2013-08-26 00:00:00+09:00,12363.830813512146,12363.830813512146,12116.554197241903,12215.46484375,247183,0.0,0.0
2013-08-27 00:00:00+09:00,12215.465604654948,12314.376257324218,11819.822993977865,11869.2783203125,235270,0.0,0.0
2013-08-28 00:00:00+09:00,11424.17991727941,11968.188484768907,11424.17991727941,11770.3671875,286489,0.0,0.0
2013-08-29 00:00:00+09:00,11770.367684057204,11968.188989671611,11622.001704846398,11671.45703125,247555,0.0,0.0
2013-08-30 00:00:00+09:00,11770.367914814331,11918.733896933838,11523.091277948482,11819.8232421875,215254,0.0,0.0
2013-09-02 00:00:00+09:00,11968.189429306403,12166.0107421875,11819.823444645579,12166.0107421875,266842,0.0,0.0
2013-09-03 00:00:00+09:00,12264.920422262398,12264.920422262398,11918.733152279185,11968.1884765625,201924,0.0,0.0
2013-09-04 00:00:00+09:00,11968.189224307009,11968.189224307009,11523.091277948482,11819.8232421875,378942,0.0,0.0
2013-09-05 00:00:00+09:00,11968.18872374222,11968.18872374222,11720.91209721862,11918.7333984375,195252,0.0,0.0
2013-09-06 00:00:00+09:00,12166.0107421875,12264.921398628048,11968.189429306403,12166.0107421875,273636,0.0,0.0
2013-09-09 00:00:00+09:00,12215.465861172856,12264.921188546024,11819.8232421875,11819.8232421875,194869,0.0,0.0
2013-09-10 00:00:00+09:00,11918.733630571209,12067.099609375,11770.367651767418,12067.099609375,247807,0.0,0.0
2013-09-11 00:00:00+09:00,12166.0107421875,12264.921398628048,11918.73410108613,12166.0107421875,247263,0.0,0.0
2013-09-12 00:00:00+09:00,12264.920422262398,12314.375746545713,11918.733152279185,11968.1884765625,211688,0.0,0.0
2013-09-13 00:00:00+09:00,11968.188972981772,12116.554951985678,11869.2783203125,11869.2783203125,124301,0.0,0.0
2013-09-16 00:00:00+09:00,11869.278288810483,12264.9208984375,11869.278288810483,12264.9208984375,305802,0.0,0.0
2013-09-17 00:00:00+09:00,12264.92091444672,12264.92091444672,12017.644283107069,12067.099609375,226072,0.0,0.0
2013-09-23 00:00:00+09:00,12116.555721749737,12264.921710179326,11671.45775646097,11720.9130859375,376544,0.0,0.0
2013-09-24 00:00:00+09:00,11671.457260067991,11918.733896933838,11572.546605321653,11819.8232421875,236089,0.0,0.0
2013-09-25 00:00:00+09:00,11869.277593085106,11869.277593085106,11572.54565325798,11622.0009765625,230151,0.0,0.0
2013-09-26 00:00:00+09:00,11720.912295386905,12462.7421875,11720.912295386905,12462.7421875,822188,0.0,0.0
2013-09-27 00:00:00+09:00,12808.929668934174,13105.661630376664,12660.563688212927,13006.7509765625,1019471,0.0,0.0
2013-09-30 00:00:00+09:00,13056.205807783019,13352.937757959906,12858.384507665094,13105.6611328125,749897,0.0,0.0
2013-10-01 00:00:00+09:00,13006.750246004294,13155.116218392175,12561.652328840648,12957.294921875,461489,0.0,0.0
2013-10-02 00:00:00+09:00,13204.57154252147,13204.57154252147,12759.473625357825,12957.294921875,365658,0.0,0.0
2013-10-04 00:00:00+09:00,12858.38451867816,13105.661144037356,12660.563218390804,12907.83984375,267326,0.0,0.0
2013-10-07 00:00:00+09:00,13105.66087962963,13501.303472222222,13006.750231481481,13352.9375,698736,0.0,0.0
2013-10-08 00:00:00+09:00,13254.027358546402,13352.938010475851,12808.929424863873,13056.2060546875,565560,0.0,0.0
2013-10-10 00:00:00+09:00,12907.839597745706,13155.116218392175,12759.473625357825,12957.294921875,301038,0.0,0.0
2013-10-11 00:00:00+09:00,13105.661121921468,13451.848396840149,13006.750471944702,13303.482421875,561888,0.0,0.0
2013-10-14 00:00:00+09:00,13501.303721828532,13798.03567175883,13303.482421875,13303.482421875,711227,0.0,0.0
2013-10-15 00:00:00+09:00,13155.115985576924,13204.571308830971,12116.554197241903,12215.46484375,1709750,0.0,0.0
2013-10-16 00:00:00+09:00,12116.554968882416,12215.465621689618,11671.45703125,11671.45703125,760179,0.0,0.0
2013-10-17 00:00:00+09:00,11819.8232421875,11968.189224307009,11473.635950575313,11819.8232421875,427142,0.0,0.0
2013-10-18 00:00:00+09:00,11869.278336864407,12017.644316075211,11622.001704846398,11671.45703125,279800,0.0,0.0
2013-10-21 00:00:00+09:00,11671.45629986702,11770.366946476064,11473.635006648936,11622.0009765625,348988,0.0,0.0
2013-10-22 00:00:00+09:00,11622.001932694822,12017.644551680178,11622.001932694822,11819.8232421875,332309,0.0,0.0
2013-10-23 00:00:00+09:00,11869.27785326087,11918.733177649458,11374.724609375,11374.724609375,426722,0.0,0.0
2013-10-24 00:00:00+09:00,11325.269797188896,11374.725123814174,10731.805877685547,11077.9931640625,936333,0.0,0.0
2013-10-25 00:00:00+09:00,11176.904091752283,11176.904091752283,10731.806141195777,10830.716796875,476400,0.0,0.0
2013-10-28 00:00:00+09:00,10830.716041100544,11473.635258152173,10830.716041100544,11374.724609375,609226,0.0,0.0
2013-10-29 00:00:00+09:00,11572.54565325798,11918.732916389628,11523.090329953457,11622.0009765625,689466,0.0,0.0
2013-10-30 00:00:00+09:00,11622.002426984442,11770.36841541403,11424.181109078323,11720.9130859375,350332,0.0,0.0
2013-10-31 00:00:00+09:00,11671.456555706522,11671.456555706522,11374.724609375,11374.724609375,317436,0.0,0.0
2013-11-01 00:00:00+09:00,11374.7245703125,12363.8310546875,11374.7245703125,12363.8310546875,944647,0.0,0.0
2013-11-04 00:00:00+09:00,12561.652855657761,12611.108181861138,12166.010246030746,12264.9208984375,548540,0.0,0.0
2013-11-05 00:00:00+09:00,12264.9208984375,12462.742203251008,11968.188941217237,12264.9208984375,517253,0.0,0.0
2013-11-06 00:00:00+09:00,12363.831822273663,12462.742476851852,11968.189203960907,12017.64453125,331509,0.0,0.0
2013-11-07 00:00:00+09:00,12017.644074403166,12067.099399812232,11424.180169494368,11523.0908203125,391620,0.0,0.0
2013-11-08 00:00:00+09:00,11424.180415712553,11869.278353987069,11275.814436287716,11473.6357421875,240948,0.0,0.0
2013-11-11 00:00:00+09:00,11572.54643031529,11671.457083565849,10929.627184186662,11077.9931640625,319885,0.0,0.0
2013-11-12 00:00:00+09:00,10880.171373755531,11622.001240147954,10880.171373755531,11176.9033203125,297437,0.0,0.0
2013-11-13 00:00:00+09:00,11374.725123814174,11671.457083565849,10979.082510811942,11077.9931640625,455699,0.0,0.0
2013-11-14 00:00:00+09:00,11176.904047356828,11325.270030286343,10979.082736784141,11226.359375,283716,0.0,0.0
2013-11-15 00:00:00+09:00,11374.724372897981,11473.635019618834,10979.081786014574,11028.537109375,332841,0.0,0.0
2013-11-18 00:00:00+09:00,11077.992708333333,11127.448032924107,10237.252190290179,10385.6181640625,747996,0.0,0.0
2013-11-19 00:00:00+09:00,10336.163586012983,10583.440226826691,10039.431617036535,10237.2529296875,627258,0.0,0.0
2013-11-20 00:00:00+09:00,10237.25244855183,10484.529077743902,10138.341796875,10138.341796875,373600,0.0,0.0
2013-11-21 00:00:00+09:00,10237.251957935652,10385.617928340516,9940.520017125924,10039.4306640625,338107,0.0,0.0
2013-11-22 00:00:00+09:00,10187.79638671875,10385.61767578125,10088.8857421875,10286.70703125,437909,0.0,0.0
2013-11-25 00:00:00+09:00,10336.162590843023,10781.26050145349,10237.251944040698,10632.89453125,413734,0.0,0.0
2013-11-26 00:00:00+09:00,10583.439950619104,10731.80593123526,10484.529296875,10484.529296875,274628,0.0,0.0
2013-11-27 00:00:00+09:00,10632.894777672313,10830.716075861565,10484.528804030373,10583.439453125,294123,0.0,0.0
2013-11-28 00:00:00+09:00,10682.350534539473,11275.814453125,10583.439881441886,11275.814453125,724055,0.0,0.0
2013-11-29 00:00:00+09:00,11226.359126576206,11374.725106222588,10979.082493832237,11275.814453125,361576,0.0,0.0
2013-12-02 00:00:00+09:00,11424.180450439453,11523.09110369001,10979.082510811942,11077.9931640625,260201,0.0,0.0
2013-12-03 00:00:00+09:00,11176.903554858078,11424.180182177948,10979.082253002183,11325.26953125,468130,0.0,0.0
2013-12-04 00:00:00+09:00,11275.81421875,11523.090846354165,11028.537591145832,11127.4482421875,270974,0.0,0.0
2013-12-05 00:00:00+09:00,11127.448490687779,11275.814470563615,11028.537837437221,11077.9931640625,151592,0.0,0.0
2013-12-06 00:00:00+09:00,11028.537632042253,11127.448283450703,10533.984375,10533.984375,333308,0.0,0.0
2013-12-09 00:00:00+09:00,10781.260989703342,10979.082292266705,10682.350338421658,10731.8056640625,229288,0.0,0.0
2013-12-10 00:00:00+09:00,10682.350338421658,10781.260989703342,10484.529035858295,10731.8056640625,153481,0.0,0.0
2013-12-11 00:00:00+09:00,10632.895277491156,10880.171911851416,10484.529296875,10484.529296875,154436,0.0,0.0
2013-12-12 00:00:00+09:00,10286.707497133028,10781.2607421875,10286.707497133028,10781.2607421875,166100,0.0,0.0
2013-12-13 00:00:00+09:00,10682.350093176605,10929.626715703842,10533.984119660263,10781.2607421875,104343,0.0,0.0
2013-12-16 00:00:00+09:00,10731.805677816901,11077.992957746479,10533.984375,10533.984375,154619,0.0,0.0
2013-12-17 00:00:00+09:00,10830.715829569017,10830.715829569017,10435.0732421875,10435.0732421875,120798,0.0,0.0
2013-12-18 00:00:00+09:00,10533.984389017643,10731.805692097787,10336.1630859375,10336.1630859375,163419,0.0,0.0
2013-12-19 00:00:00+09:00,10583.439472087379,10632.894796723302,10187.796875,10187.796875,160682,0.0,0.0
2013-12-20 00:00:00+09:00,10237.25266251474,10583.439950619104,10187.797335642688,10484.529296875,186237,0.0,0.0
2013-12-23 00:00:00+09:00,10583.439207848838,10781.26050145349,10484.528561046513,10632.89453125,176182,0.0,0.0
2013-12-24 00:00:00+09:00,10632.894777672313,10731.80542676694,10484.528804030373,10583.439453125,161810,0.0,0.0
2013-12-26 00:00:00+09:00,10583.439462425595,10632.894787016368,10385.6181640625,10385.6181640625,165537,0.0,0.0
2013-12-27 00:00:00+09:00,10435.07347064937,10781.2607421875,10286.707497133028,10781.2607421875,190202,0.0,0.0
2013-12-30 00:00:00+09:00,10781.26050145349,10781.26050145349,10484.528561046513,10632.89453125,173861,0.0,0.0
2014-01-02 00:00:00+09:00,10632.895070545708,10682.350396455224,9891.065181902984,9940.5205078125,725396,0.0,0.0
2014-01-03 00:00:00+09:00,9989.97639808887,10088.88705549569,9742.699754571819,9752.5908203125,477513,0.0,0.0
2014-01-06 00:00:00+09:00,9792.155335115132,9841.61066509046,9366.839497327303,9396.5126953125,533287,0.0,0.0
2014-01-07 00:00:00+09:00,9307.4921875,9584.4420081695,9258.036862380446,9307.4921875,485332,0.0,0.0
2014-01-08 00:00:00+09:00,9366.838139637612,9386.620268760395,8921.740234375,8921.740234375,759986,0.0,0.0
2014-01-09 00:00:00+09:00,9000.869485167448,9129.453334955555,8951.414158325868,8971.1962890625,633129,0.0,0.0
2014-01-10 00:00:00+09:00,9000.868601211881,9139.343502768987,8506.315381365075,8595.3349609375,851206,0.0,0.0
2014-01-13 00:00:00+09:00,8605.227506144663,8872.286290818118,8605.227506144663,8803.048828125,592332,0.0,0.0
2014-01-14 00:00:00+09:00,8822.830439028532,9178.908797554348,8733.810849397078,9099.7802734375,679272,0.0,0.0
2014-01-15 00:00:00+09:00,9188.798977532566,9198.690042093958,8862.393847006651,8921.740234375,426404,0.0,0.0
2014-01-16 00:00:00+09:00,8961.305319203795,9139.344497731023,8931.63212278259,8990.978515625,334404,0.0,0.0
2014-01-17 00:00:00+09:00,9079.99777307243,9673.46167980919,9000.869252174196,9525.095703125,1486179,0.0,0.0
2014-01-20 00:00:00+09:00,9624.006097585083,9841.60952425196,9465.749060009173,9772.3720703125,743386,0.0,0.0
2014-01-21 00:00:00+09:00,9811.936887254902,10138.342045802696,9811.936887254902,10088.88671875,863034,0.0,0.0
2014-01-22 00:00:00+09:00,10138.342045802696,10237.25269990809,9861.392214307598,10088.88671875,438039,0.0,0.0
2014-01-23 00:00:00+09:00,10088.886485541045,10138.34181145056,9881.174116721082,9940.5205078125,327692,0.0,0.0
2014-01-24 00:00:00+09:00,9940.520563700113,10088.886542262802,9732.80819371235,9851.5009765625,328380,0.0,0.0
2014-01-27 00:00:00+09:00,9574.550488890332,9722.916457209914,9445.96664968003,9515.2041015625,261457,0.0,0.0
2014-01-28 00:00:00+09:00,9515.204790059493,9732.8082260068,9416.294137356172,9455.8583984375,306342,0.0,0.0
2014-01-29 00:00:00+09:00,9584.441862961341,9663.570381953798,9178.908203125,9178.908203125,586231,0.0,0.0
2014-02-03 00:00:00+09:00,9149.235310961434,9238.254897770788,8901.958680935448,9040.43359375,551372,0.0,0.0
2014-02-04 00:00:00+09:00,8822.830198479729,9169.017482052364,8773.374872255068,9149.2353515625,248497,0.0,0.0
2014-02-05 00:00:00+09:00,9218.473278484513,9248.146475732854,8921.741306001106,8941.5234375,367181,0.0,0.0
2014-02-06 00:00:00+09:00,9010.760607382772,9386.62109375,8971.196345659904,9386.62109375,408164,0.0,0.0
2014-02-07 00:00:00+09:00,9495.421875,9564.659326171875,9178.9078125,9297.6005859375,316825,0.0,0.0
2014-02-10 00:00:00+09:00,9386.620362362619,9406.402491682667,9208.58119848219,9337.1650390625,235094,0.0,0.0
2014-02-11 00:00:00+09:00,9386.62073808835,9683.352689766589,9277.819022472993,9614.115234375,500077,0.0,0.0
2014-02-12 00:00:00+09:00,9713.02632997554,9732.808460993821,9505.3139542836,9604.224609375,259973,0.0,0.0
2014-02-13 00:00:00+09:00,9624.00724546371,9633.898311491936,9396.512726814517,9505.314453125,355032,0.0,0.0
2014-02-14 00:00:00+09:00,9594.333073193411,9673.461593384698,9297.60112247609,9307.4921875,490216,0.0,0.0
2014-02-17 00:00:00+09:00,9307.492570304268,9445.967486334299,9297.601504873552,9386.62109375,184696,0.0,0.0
2014-02-18 00:00:00+09:00,9455.8583984375,9544.87798587049,9386.620941545176,9455.8583984375,174069,0.0,0.0
2014-02-19 00:00:00+09:00,9465.749524439503,9871.283203125,9455.858459105712,9871.283203125,522874,0.0,0.0
2014-02-20 00:00:00+09:00,9881.173338332044,10088.885690789473,9584.44140625,9584.44140625,485780,0.0,0.0
2014-02-21 00:00:00+09:00,9643.788313157487,9989.9755859375,9643.788313157487,9989.9755859375,363671,0.0,0.0
2014-02-24 00:00:00+09:00,9861.391916942497,9989.97576340213,9505.313572900443,9525.095703125,699047,0.0,0.0
2014-02-25 00:00:00+09:00,9554.76922640272,9604.224553661532,9079.99808471811,9188.7998046875,659914,0.0,0.0
2014-02-26 00:00:00+09:00,9099.780058262711,9099.780058262711,8733.81064287606,8753.5927734375,1053932,0.0,0.0
2014-02-27 00:00:00+09:00,8793.156552677267,8852.502941109284,8357.949704175804,8456.8603515625,841143,0.0,0.0
2014-02-28 00:00:00+09:00,8506.315480219615,8526.097609243381,8219.474609375,8219.474609375,777538,0.0,0.0
2014-03-03 00:00:00+09:00,8209.584080622746,8348.058992826021,8150.237689678485,8229.3662109375,431403,0.0,0.0
2014-03-04 00:00:00+09:00,8140.346944245068,8417.296779529226,8140.346944245068,8397.5146484375,303925,0.0,0.0
2014-03-05 00:00:00+09:00,8466.752069659906,8466.752069659906,8268.930759621122,8288.712890625,305090,0.0,0.0
2014-03-06 00:00:00+09:00,8318.385601836126,8328.276666761021,8160.128563037817,8189.8017578125,301437,0.0,0.0
2014-03-07 00:00:00+09:00,8229.36695133011,8268.931215519196,8140.347356904664,8179.91162109375,286668,0.0,0.0
2014-03-10 00:00:00+09:00,8199.692816104138,8199.692816104138,7240.259519165536,7289.71484375,2321654,0.0,0.0
2014-03-11 00:00:00+09:00,7368.843306284102,7527.100343734499,7309.496917240203,7477.64501953125,436408,0.0,0.0
2014-03-12 00:00:00+09:00,7418.298687669607,7527.100401755428,7220.477389331751,7289.71484375,365063,0.0,0.0
2014-03-13 00:00:00+09:00,7289.715131592782,7517.209633664199,7161.131282595895,7349.0615234375,408757,0.0,0.0
2014-03-14 00:00:00+09:00,7319.388422818792,7477.645469798657,7240.259899328859,7368.84375,233368,0.0,0.0
2014-03-17 00:00:00+09:00,7457.862848107993,7457.862848107993,7171.021969334609,7269.9326171875,263197,0.0,0.0
2014-03-18 00:00:00+09:00,7319.388413182947,7477.64545995447,7309.497347759727,7467.75439453125,242054,0.0,0.0
2014-03-19 00:00:00+09:00,7517.209721647351,7546.882917917012,7368.8437402990485,7467.75439453125,222400,0.0,0.0
2014-03-20 00:00:00+09:00,7497.427153150134,7497.427153150134,7319.387985924933,7378.734375,191377,0.0,0.0
2014-03-21 00:00:00+09:00,7447.9720300622885,7447.9720300622885,7309.4971184807855,7319.38818359375,221337,0.0,0.0
2014-03-24 00:00:00+09:00,7339.170259564837,7438.080909963284,7279.823869325768,7408.40771484375,213114,0.0,0.0
2014-03-25 00:00:00+09:00,7477.645411969495,7596.338196286471,7398.516889091512,7457.86328125,308263,0.0,0.0
2014-03-26 00:00:00+09:00,7556.773853739754,7942.52539862961,7527.1006579789955,7843.61474609375,916535,0.0,0.0
2014-03-27 00:00:00+09:00,7922.743413110474,8110.673656367776,7774.377431591552,7873.2880859375,593239,0.0,0.0
2014-03-28 00:00:00+09:00,7873.287845192003,7922.743170852757,7705.13973794544,7823.83251953125,376090,0.0,0.0
2014-03-31 00:00:00+09:00,7804.05034743089,7991.980583934295,7665.575436323117,7715.03076171875,373230,0.0,0.0
2014-04-01 00:00:00+09:00,7764.486434327743,7764.486434327743,7635.902582549067,7685.35791015625,191560,0.0,0.0
2014-04-02 00:00:00+09:00,7715.030755537975,7902.960991890823,7645.793300039557,7813.94140625,471548,0.0,0.0
2014-04-03 00:00:00+09:00,7813.941761934926,7843.614958499235,7685.35791015625,7685.35791015625,286569,0.0,0.0
2014-04-04 00:00:00+09:00,7705.139696639624,7942.5252585386625,7616.120110927484,7715.03076171875,1150078,0.0,0.0
2014-04-07 00:00:00+09:00,7705.139547306821,7922.742974830249,7675.466352644536,7784.26806640625,565258,0.0,0.0
2014-04-08 00:00:00+09:00,7843.614595336914,8031.544831542969,7823.832465209961,7912.85205078125,624392,0.0,0.0
2014-04-09 00:00:00+09:00,7922.743177816901,7932.634242957746,7724.921875,7724.921875,387498,0.0,0.0
2014-04-10 00:00:00+09:00,7794.159131293678,7833.723390843393,7685.3574175319645,7784.26806640625,196359,0.0,0.0
2014-04-11 00:00:00+09:00,7675.466730542453,7932.634430277122,7675.466730542453,7863.39697265625,415057,0.0,0.0
2014-04-14 00:00:00+09:00,7942.525838460384,8249.14887830132,7922.743706857743,8239.2578125,1116338,0.0,0.0
2014-04-15 00:00:00+09:00,8318.3861086969,8318.3861086969,8090.8916015625,8090.8916015625,520933,0.0,0.0
2014-04-16 00:00:00+09:00,8140.346687495195,8140.346687495195,7982.089643752883,8041.43603515625,258537,0.0,0.0
2014-04-17 00:00:00+09:00,8110.6741587628485,8288.71334761374,8081.000960621032,8179.91162109375,439113,0.0,0.0
2014-04-18 00:00:00+09:00,8229.3662109375,8298.603667039137,8130.4555593637315,8229.3662109375,360983,0.0,0.0
2014-04-21 00:00:00+09:00,8249.148299520402,8278.821494842417,8071.109127588307,8120.564453125,312200,0.0,0.0
2014-04-22 00:00:00+09:00,8140.346291458973,8160.12842096434,8001.8713849213955,8061.2177734375,207332,0.0,0.0
2014-04-23 00:00:00+09:00,8100.782336288624,8100.782336288624,7902.961033815153,7922.7431640625,322191,0.0,0.0
2014-04-24 00:00:00+09:00,7991.980941320785,8001.872006842222,7685.35791015625,7685.35791015625,364246,0.0,0.0
2014-04-25 00:00:00+09:00,7685.357328048407,7823.83223486009,7536.99135646446,7566.66455078125,233864,0.0,0.0
2014-04-28 00:00:00+09:00,7477.644822194787,7645.792920048373,7457.862693035541,7635.90185546875,174896,0.0,0.0
2014-04-29 00:00:00+09:00,7606.229009696146,7675.466464920948,7447.971969182312,7507.318359375,274392,0.0,0.0
2014-04-30 00:00:00+09:00,7566.66470087298,7606.228960746826,7497.42724609375,7497.42724609375,176205,0.0,0.0
2014-05-02 00:00:00+09:00,7477.645212273848,7586.446928325452,7467.754147178248,7517.20947265625,83084,0.0,0.0
2014-05-07 00:00:00+09:00,7517.20953525641,7556.773795968286,7319.388231697031,7329.279296875,163808,0.0,0.0
2014-05-08 00:00:00+09:00,7309.497197084522,7358.952523181169,6824.835001337375,6933.63671875,333924,0.0,0.0
2014-05-09 00:00:00+09:00,6854.507861046694,6953.418508392246,6824.8346668430295,6864.39892578125,166402,0.0,0.0
2014-05-12 00:00:00+09:00,6913.854249454025,6953.418508392246,6854.507861046694,6864.39892578125,129280,0.0,0.0
2014-05-13 00:00:00+09:00,6874.290327434022,7042.438436162624,6874.290327434022,6933.63671875,132564,0.0,0.0
2014-05-14 00:00:00+09:00,7002.873877992021,7002.873877992021,6903.963229997784,6973.20068359375,137172,0.0,0.0
2014-05-15 00:00:00+09:00,6973.201011594312,7190.804447417114,6953.418881064967,7141.34912109375,197135,0.0,0.0
2014-05-16 00:00:00+09:00,7200.695529513889,7200.695529513889,6913.854636167868,6943.52783203125,175093,0.0,0.0
2014-05-19 00:00:00+09:00,6933.636716461181,6992.983107757568,6280.826412200928,6330.28173828125,581624,0.0,0.0
2014-05-20 00:00:00+09:00,6330.2815,6409.41001875,6063.22274921875,6181.91552734375,315485,0.0,0.0
2014-05-21 00:00:00+09:00,6112.67844211703,6369.846143565319,6112.67844211703,6359.955078125,170850,0.0,0.0
2014-05-22 00:00:00+09:00,6369.845706205639,6399.518900489205,6261.043993832561,6270.93505859375,108406,0.0,0.0
2014-05-23 00:00:00+09:00,6270.935470281863,6716.033413756128,6270.935470281863,6557.7763671875,328563,0.0,0.0
2014-05-26 00:00:00+09:00,6617.122315923852,6716.032963396555,6528.102733198419,6567.6669921875,173747,0.0,0.0
2014-05-27 00:00:00+09:00,6577.558109196088,6676.468757454675,6409.410007156488,6478.6474609375,149235,0.0,0.0
2014-05-28 00:00:00+09:00,6478.647805430406,6617.122720355636,6448.974609375,6448.974609375,111710,0.0,0.0
2014-05-29 00:00:00+09:00,6478.647557553272,6577.55820728691,6448.974362633181,6498.4296875,99654,0.0,0.0
2014-05-30 00:00:00+09:00,6498.43026519581,6557.776660311753,6211.58935546875,6211.58935546875,232318,0.0,0.0
2014-06-02 00:00:00+09:00,6181.915332345763,6310.499171258555,5984.094041710699,6142.35107421875,231254,0.0,0.0
2014-06-03 00:00:00+09:00,6053.33203125,6181.91588158701,5984.0945733762255,6053.33203125,138536,0.0,0.0
2014-06-05 00:00:00+09:00,5944.530128912782,6043.440779976223,5885.183738274718,5914.85693359375,217288,0.0,0.0
2014-06-09 00:00:00+09:00,5865.401750662957,6043.440926905678,5865.401750662957,5944.5302734375,69838,0.0,0.0
2014-06-10 00:00:00+09:00,5944.530022162895,6132.460255808644,5944.530022162895,6092.89599609375,91559,0.0,0.0
2014-06-11 00:00:00+09:00,6092.896471894967,6221.480326009634,6092.896471894967,6191.80712890625,93794,0.0,0.0
2014-06-12 00:00:00+09:00,6181.9161240440135,6191.807189842483,6083.005466059309,6102.78759765625,70677,0.0,0.0
2014-06-13 00:00:00+09:00,6102.787386299122,6270.935499049665,6043.440993563636,6261.04443359375,99559,0.0,0.0
2014-06-16 00:00:00+09:00,6320.3904351562505,6320.3904351562505,6132.460203125001,6181.91552734375,62052,0.0,0.0
2014-06-17 00:00:00+09:00,6152.242713578693,6290.717629961493,6142.351648122779,6261.04443359375,121315,0.0,0.0
2014-06-18 00:00:00+09:00,6261.0444922814,6320.390885573167,6172.02490234375,6172.02490234375,60484,0.0,0.0
2014-06-19 00:00:00+09:00,6211.58867632838,6211.58867632838,6043.44057521758,6073.11376953125,92630,0.0,0.0
2014-06-20 00:00:00+09:00,6053.331935194672,6092.896196209016,6013.767674180328,6033.5498046875,72549,0.0,0.0
2014-06-23 00:00:00+09:00,5984.0945632319945,6063.22308638217,5598.3430128748905,5647.79833984375,223521,0.0,0.0
2014-06-24 00:00:00+09:00,5489.54116000924,5628.016072153618,5430.194769090222,5519.21435546875,283744,0.0,0.0
2014-06-25 00:00:00+09:00,5519.214508776656,5598.343032199978,5430.1949199254195,5449.97705078125,117188,0.0,0.0
2014-06-26 00:00:00+09:00,5459.867868986061,5598.342778706722,5459.867868986061,5499.43212890625,74450,0.0,0.0
2014-06-27 00:00:00+09:00,5459.868019979508,5538.996542008196,5301.610975922131,5430.19482421875,152572,0.0,0.0
2014-06-30 00:00:00+09:00,5420.303949338833,5519.214605348667,5420.303949338833,5469.75927734375,93741,0.0,0.0
2014-07-01 00:00:00+09:00,5479.650378504543,5657.6895604776155,5479.650378504543,5578.56103515625,92708,0.0,0.0
2014-07-02 00:00:00+09:00,5647.798098291189,5687.3623581741385,5558.77851355455,5598.3427734375,89128,0.0,0.0
2014-07-03 00:00:00+09:00,5618.12520156806,5618.12520156806,5519.214546610876,5558.77880859375,68545,0.0,0.0
2014-07-04 00:00:00+09:00,5578.561110337318,6251.153584633306,5578.561110337318,6102.78759765625,672403,0.0,0.0
2014-07-07 00:00:00+09:00,6083.005444827496,6083.005444827496,5885.184129548553,5895.0751953125,245784,0.0,0.0
2014-07-08 00:00:00+09:00,5904.965956390881,6132.46045722336,5855.510630122951,6033.5498046875,184560,0.0,0.0
2014-07-09 00:00:00+09:00,5984.094656919821,6409.410475510817,5934.639329176683,6172.02490234375,285993,0.0,0.0
2014-07-10 00:00:00+09:00,6201.69775390625,6340.172663881828,6073.113908928927,6201.69775390625,214991,0.0,0.0
2014-07-11 00:00:00+09:00,6201.698289616093,6241.262553026721,6033.55017012092,6211.58935546875,175317,0.0,0.0
2014-07-14 00:00:00+09:00,6251.153248697917,6330.281770833333,5914.857029622396,5934.63916015625,253277,0.0,0.0
2014-07-15 00:00:00+09:00,5954.4216520709115,6033.550179008731,5806.0556640625,5806.0556640625,134031,0.0,0.0
2014-07-16 00:00:00+09:00,5815.9463371445245,5914.856989136778,5598.342902761566,5825.83740234375,222263,0.0,0.0
2014-07-17 00:00:00+09:00,5855.510442450495,6063.222806118502,5835.728312577351,5993.9853515625,98150,0.0,0.0
2014-07-18 00:00:00+09:00,5984.094494835806,5993.985560116525,5835.728515625,5835.728515625,77205,0.0,0.0
2014-07-21 00:00:00+09:00,5944.529978854597,6112.678081417872,5855.510395144628,5984.09423828125,142625,0.0,0.0
2014-07-22 00:00:00+09:00,5984.094286625928,6033.549611308787,5944.530026879641,5993.9853515625,103251,0.0,0.0
2014-07-23 00:00:00+09:00,6033.54956670168,6073.113826155462,5855.510399159663,5885.18359375,126803,0.0,0.0
2014-07-24 00:00:00+09:00,5885.184058212652,5954.421517721037,5657.68954839939,5677.4716796875,156247,0.0,0.0
2014-07-25 00:00:00+09:00,5687.36259210951,5885.183899661145,5687.36259210951,5746.708984375,82905,0.0,0.0
2014-07-28 00:00:00+09:00,5766.491282794493,5796.164479790004,5578.56103515625,5578.56103515625,100728,0.0,0.0
2014-07-29 00:00:00+09:00,5588.451998485484,5637.9073259057095,5123.571920735364,5153.2451171875,405726,0.0,0.0
2014-07-30 00:00:00+09:00,5173.026972253544,5232.373361992591,4767.493309036727,4797.16650390625,494554,0.0,0.0
2014-07-31 00:00:00+09:00,4797.166416597682,4826.8396109271525,4386.687228373345,4480.65234375,572145,0.0,0.0
2014-08-01 00:00:00+09:00,4401.523753037719,4599.345045309077,4381.741623810583,4515.27099609375,150687,0.0,0.0
2014-08-04 00:00:00+09:00,4460.870211047179,4638.909376898286,4460.870211047179,4579.56298828125,159966,0.0,0.0
2014-08-05 00:00:00+09:00,4629.018671875,4638.909737413194,4431.197361111112,4450.9794921875,155243,0.0,0.0
2014-08-06 00:00:00+09:00,4416.360785337936,4485.598244458575,4248.2126703306685,4253.158203125,313468,0.0,0.0
2014-08-07 00:00:00+09:00,4297.667966096297,4663.637390136719,4243.2671057659645,4549.89013671875,624868,0.0,0.0
2014-08-08 00:00:00+09:00,4643.855270182292,4643.855270182292,4352.068836805555,4450.9794921875,287555,0.0,0.0
2014-08-11 00:00:00+09:00,4460.870392571489,4525.162316189482,4352.068675679501,4366.9052734375,128311,0.0,0.0
2014-08-12 00:00:00+09:00,4376.796345981496,4411.415074141802,4263.049096311921,4267.99462890625,155617,0.0,0.0
2014-08-13 00:00:00+09:00,4272.9401071225875,4357.01416015625,4258.103509528412,4357.01416015625,89857,0.0,0.0
2014-08-14 00:00:00+09:00,4327.340999119718,4589.454225352112,4307.558868838028,4564.7265625,204266,0.0,0.0
2014-08-18 00:00:00+09:00,4604.291204905485,4663.637600672258,4520.2171442358895,4643.85546875,151019,0.0,0.0
2014-08-19 00:00:00+09:00,4658.69191246393,4747.711503147953,4544.944657701009,4713.0927734375,189509,0.0,0.0
2014-08-20 00:00:00+09:00,4678.473685429014,4693.3102827401,4549.889842066272,4589.4541015625,167681,0.0,0.0
2014-08-21 00:00:00+09:00,4619.127655773628,5271.93798828125,4579.563393197409,5271.93798828125,1481779,0.0,0.0
2014-08-22 00:00:00+09:00,5390.630176142271,5430.194434315793,5153.244627101144,5351.06591796875,1084031,0.0,0.0
2014-08-25 00:00:00+09:00,5311.502135742187,5410.412790039062,4945.53271484375,4945.53271484375,509872,0.0,0.0
2014-08-26 00:00:00+09:00,5004.879097732844,5321.393190870098,4945.532705269608,5044.443359375,455644,0.0,0.0
2014-08-27 00:00:00+09:00,5113.680827148438,5192.809350585938,4935.641649414062,4945.53271484375,252087,0.0,0.0
2014-08-28 00:00:00+09:00,5291.720292438832,5628.016535322796,5103.7900390625,5103.7900390625,977253,0.0,0.0
2014-08-29 00:00:00+09:00,5103.789694725434,5222.4824783237,5054.334368226157,5133.462890625,126583,0.0,0.0
2014-09-01 00:00:00+09:00,4975.206031387773,5034.55242540035,4747.711521006224,4767.49365234375,364146,0.0,0.0
2014-09-02 00:00:00+09:00,4747.71103277439,4994.987649064723,4747.71103277439,4866.40380859375,166211,0.0,0.0
2014-09-03 00:00:00+09:00,4886.185989664208,4965.31450771545,4629.018305997671,4777.38427734375,186950,0.0,0.0
2014-09-04 00:00:00+09:00,4802.112119294718,5163.135996440458,4802.112119294718,5014.77001953125,442032,0.0,0.0
2014-09-05 00:00:00+09:00,5034.552149785811,5113.680670804056,4930.695965949365,5014.77001953125,175204,0.0,0.0
2014-09-11 00:00:00+09:00,5084.007475422214,5173.027061567739,4994.987889276688,5014.77001953125,180527,0.0,0.0
2014-09-12 00:00:00+09:00,4985.096484375,5232.373095703125,4876.294775390626,5143.353515625,298429,0.0,0.0
2014-09-15 00:00:00+09:00,5271.937616398359,5380.739330808081,4876.2950185448235,4896.0771484375,370198,0.0,0.0
2014-09-16 00:00:00+09:00,4861.4586492800245,5074.116555606618,4802.112256816789,5044.443359375,330049,0.0,0.0
2014-09-17 00:00:00+09:00,5044.443454742432,5103.789848327637,4905.968536376953,5064.2255859375,376504,0.0,0.0
2014-09-18 00:00:00+09:00,5153.2451070724455,5578.5609220515535,5143.354041607815,5252.15576171875,1452474,0.0,0.0
2014-09-19 00:00:00+09:00,5321.392872556765,5489.5409744777035,5252.155418824614,5281.82861328125,408455,0.0,0.0
2014-09-22 00:00:00+09:00,5281.828968480086,5331.284295900312,5143.354051703454,5153.2451171875,254997,0.0,0.0
2014-09-23 00:00:00+09:00,5123.5720536733015,5192.809513858076,4861.458811545227,4876.29541015625,467770,0.0,0.0
2014-09-24 00:00:00+09:00,4910.913947169766,4940.587143225172,4792.221162948141,4836.73095703125,162440,0.0,0.0
2014-09-25 00:00:00+09:00,4905.968119177019,4945.53237820264,4777.38427734375,4777.38427734375,143343,0.0,0.0
2014-09-26 00:00:00+09:00,4698.256156905189,4777.384681653065,4638.909763344281,4658.69189453125,232985,0.0,0.0
2014-09-29 00:00:00+09:00,4658.691306201281,4737.819820956292,4416.360229764059,4441.087890625,194571,0.0,0.0
2014-09-30 00:00:00+09:00,4396.578631727431,4564.7267458767365,4396.578631727431,4450.9794921875,130540,0.0,0.0
2014-10-01 00:00:00+09:00,4411.4149422860355,4530.107721002252,4391.6328125,4391.6328125,138925,0.0,0.0
2014-10-02 00:00:00+09:00,4302.613177773179,4505.380005691225,4272.939983443708,4480.65234375,112515,0.0,0.0
2014-10-06 00:00:00+09:00,4485.5980841944365,4530.107877753147,4322.3955078125,4322.3955078125,89588,0.0,0.0
2014-10-07 00:00:00+09:00,4302.613491062641,4470.761604506468,4297.667958314293,4396.57861328125,168042,0.0,0.0
2014-10-08 00:00:00+09:00,4322.395640190973,4450.9794921875,4322.395640190973,4450.9794921875,96981,0.0,0.0
2014-10-10 00:00:00+09:00,4391.633121366279,4431.19738372093,4154.247547238372,4253.158203125,177269,0.0,0.0
2014-10-13 00:00:00+09:00,4169.083917980659,4233.375840796494,4045.445604873285,4055.336669921875,152328,0.0,0.0
2014-10-14 00:00:00+09:00,3956.425826566125,4263.048828125,3956.425826566125,4263.048828125,156249,0.0,0.0
2014-10-15 00:00:00+09:00,4213.593410704343,4470.76108365813,4213.593410704343,4441.087890625,150271,0.0,0.0
2014-10-16 00:00:00+09:00,4332.286612374442,4510.325788225447,4272.940220424107,4431.197265625,111102,0.0,0.0
2014-10-17 00:00:00+09:00,4381.741938999721,4520.2168535505025,4332.286612374442,4431.197265625,97538,0.0,0.0
2014-10-20 00:00:00+09:00,4460.870714588036,4480.652846360045,4361.960055727991,4381.7421875,78103,0.0,0.0
2014-10-21 00:00:00+09:00,4386.687686496311,4441.088548448351,4223.4851006401905,4272.9404296875,138396,0.0,0.0
2014-10-22 00:00:00+09:00,4282.8312342452555,4312.504429863582,4099.846527932236,4169.083984375,231004,0.0,0.0
2014-10-23 00:00:00+09:00,4174.029689825149,4277.885878789993,4099.846697707403,4154.24755859375,179118,0.0,0.0
2014-10-24 00:00:00+09:00,4510.3257556352455,4718.038125960553,4213.593798027664,4223.48486328125,1104867,0.0,0.0
2014-10-27 00:00:00+09:00,4253.157863752216,4292.722122949911,4139.410618558843,4183.92041015625,157362,0.0,0.0
2014-10-28 00:00:00+09:00,4183.920480073123,4272.940064755529,4139.410687731919,4248.21240234375,97143,0.0,0.0
2014-10-29 00:00:00+09:00,4253.158203125,4327.341195039971,4193.811809593023,4253.158203125,137943,0.0,0.0
2014-10-30 00:00:00+09:00,4253.158214750744,4322.39567406064,4134.465427362351,4154.24755859375,205942,0.0,0.0
2014-10-31 00:00:00+09:00,4169.083887766315,4228.430277627756,4030.608978089616,4149.3017578125,159927,0.0,0.0
2014-11-03 00:00:00+09:00,4169.0841172855335,4174.029650046252,3842.678955078125,3842.678955078125,263370,0.0,0.0
2014-11-04 00:00:00+09:00,3768.4957743670757,3887.1885546621015,3620.129798998293,3803.114501953125,243203,0.0,0.0
2014-11-05 00:00:00+09:00,3699.258319194977,3837.7332295391743,3644.8574615597568,3803.114501953125,227205,0.0,0.0
2014-11-06 00:00:00+09:00,3803.1145359348607,3832.787731273754,3575.6200383366763,3659.694091796875,252534,0.0,0.0
2014-11-07 00:00:00+09:00,3793.223454806171,3931.6983658030063,3694.3128040941456,3906.970703125,336433,0.0,0.0
2014-11-10 00:00:00+09:00,3906.9708421719783,3911.9163748835886,3709.1495337075744,3733.877197265625,230116,0.0,0.0
2014-11-11 00:00:00+09:00,3753.6592556567903,3813.0056470505733,3684.4217990307097,3719.04052734375,139596,0.0,0.0
2014-11-12 00:00:00+09:00,3753.6592676155415,3872.35205078125,3704.203941296496,3872.35205078125,173773,0.0,0.0
2014-11-13 00:00:00+09:00,3872.35205078125,3916.8618444683907,3817.9511918303,3872.35205078125,126670,0.0,0.0
2014-11-14 00:00:00+09:00,3872.35205078125,3872.35205078125,3758.604800247446,3872.35205078125,89988,0.0,0.0
2014-11-17 00:00:00+09:00,3936.643702689848,3936.643702689848,3808.0598631547523,3817.950927734375,58451,0.0,0.0
2014-11-18 00:00:00+09:00,3817.951195878477,3867.40652224996,3783.3324674184387,3822.896728515625,77666,0.0,0.0
2014-11-19 00:00:00+09:00,3862.461022981598,3862.461022981598,3723.9861079451257,3728.931640625,63675,0.0,0.0
2014-11-20 00:00:00+09:00,3699.2581998445576,3897.079493953892,3699.2581998445576,3827.842041015625,271360,0.0,0.0
2014-11-21 00:00:00+09:00,3837.7333418608314,4020.718050171206,3837.7333418608314,3926.7529296875,296159,0.0,0.0
2014-11-24 00:00:00+09:00,4000.9357937656446,4035.554521276596,3906.97067623592,3951.48046875,239269,0.0,0.0
2014-11-25 00:00:00+09:00,3956.426080962276,4000.935874373102,3862.460961539422,3867.406494140625,205350,0.0,0.0
2014-11-26 00:00:00+09:00,3966.317138671875,4233.3758986323255,3966.317138671875,3966.317138671875,1015596,0.0,0.0
2014-11-27 00:00:00+09:00,3995.9903099641074,4065.227765829822,3956.4260494694136,3961.37158203125,249006,0.0,0.0
2014-11-28 00:00:00+09:00,3986.0994857193587,3986.0994857193587,3808.060302734375,3808.060302734375,223334,0.0,0.0
2014-12-01 00:00:00+09:00,3758.6045919438843,3793.2233184486304,3590.4564917779735,3679.47607421875,331066,0.0,0.0
2014-12-02 00:00:00+09:00,3704.203857421875,3733.8770525414093,3639.911934662884,3704.203857421875,171499,0.0,0.0
2014-12-03 00:00:00+09:00,3709.1494818971164,3857.5154611730013,3709.1494818971164,3773.44140625,118813,0.0,0.0
2014-12-04 00:00:00+09:00,3817.951044444009,4010.8268096426054,3733.876992947185,3941.58935546875,365386,0.0,0.0
2014-12-05 00:00:00+09:00,3941.5893576402673,4035.5544740708383,3892.134033203125,3892.134033203125,153699,0.0,0.0
2014-12-08 00:00:00+09:00,3931.6983539627263,4174.02944747741,3931.6983539627263,4104.7919921875,601503,0.0,0.0
2014-12-09 00:00:00+09:00,4104.791913561115,4238.3212890625,4015.772329893524,4238.3212890625,628436,0.0,0.0
2014-12-10 00:00:00+09:00,4347.123089145741,4495.489064884503,4213.593710980855,4455.9248046875,1027756,0.0,0.0
2014-12-11 00:00:00+09:00,4446.033810648679,5123.57177734375,4376.796354198087,5123.57177734375,2137459,0.0,0.0
2014-12-12 00:00:00+09:00,5301.610546875,5707.144189453125,5212.590966796875,5440.08544921875,3485651,0.0,0.0
2014-12-15 00:00:00+09:00,5360.9571677959075,5845.61934717229,5341.1750380254425,5588.45166015625,1960963,0.0,0.0
2014-12-16 00:00:00+09:00,5489.541255405971,5677.471496582031,5262.0467529296875,5538.99658203125,1354789,0.0,0.0
2014-12-17 00:00:00+09:00,5529.105633612488,5637.907354488584,5321.3932573944885,5360.95751953125,1210298,0.0,0.0
2014-12-18 00:00:00+09:00,5400.5217927631575,5420.30392387218,4994.988105028196,5262.046875,1594142,0.0,0.0
2014-12-19 00:00:00+09:00,5242.264503898838,5380.7394153225805,5133.462787780183,5212.59130859375,700143,0.0,0.0
2014-12-22 00:00:00+09:00,5321.392975433698,5469.758950585195,5192.8091303024,5202.7001953125,864137,0.0,0.0
2014-12-23 00:00:00+09:00,5271.937874023438,5341.17533203125,4945.53271484375,4945.53271484375,716695,0.0,0.0
2014-12-24 00:00:00+09:00,5034.552130615689,5360.957278573092,4896.077219361034,5311.501953125,964549,0.0,0.0
2014-12-26 00:00:00+09:00,5291.719918613752,5598.342941935297,5143.3539395871985,5331.2841796875,1006480,0.0,0.0
2014-12-29 00:00:00+09:00,5242.264259309148,5479.64981067409,5113.680418986471,5163.1357421875,417429,0.0,0.0
2014-12-30 00:00:00+09:00,5202.700386939859,5252.155713811911,5074.116537072524,5242.2646484375,195150,0.0,0.0
2015-01-02 00:00:00+09:00,5380.739455049261,6023.65869140625,5370.848389874538,6023.65869140625,2311878,0.0,0.0
2015-01-05 00:00:00+09:00,6191.806792078958,6300.608508872678,6053.331879796042,6122.5693359375,1629445,0.0,0.0
2015-01-06 00:00:00+09:00,6023.658739433914,6172.024718237705,5796.164238601435,6033.5498046875,1045143,0.0,0.0
2015-01-07 00:00:00+09:00,6033.549984662961,6211.589164538261,5954.4214602739385,6172.02490234375,1050651,0.0,0.0
2015-01-08 00:00:00+09:00,6330.281508264463,6666.577713391012,5984.09423828125,5984.09423828125,2349412,0.0,0.0
2015-01-09 00:00:00+09:00,6152.242805660775,6172.024936868687,5815.946575126263,5875.29296875,1108265,0.0,0.0
2015-01-12 00:00:00+09:00,5825.837347636653,6053.331845082567,5825.837347636653,5914.85693359375,759291,0.0,0.0
2015-01-13 00:00:00+09:00,5885.1839591072985,5993.985679359703,5608.234125737544,5657.689453125,575084,0.0,0.0
2015-01-14 00:00:00+09:00,5707.144519799518,5993.985405543342,5657.689194671273,5904.9658203125,608281,0.0,0.0
2015-01-15 00:00:00+09:00,5914.8567765625,6350.0636296875,5865.40145234375,6181.91552734375,1530308,0.0,0.0
2015-01-16 00:00:00+09:00,6191.806785013414,6300.608501682978,6013.767612281399,6221.47998046875,850987,0.0,0.0
2015-01-19 00:00:00+09:00,6429.192398313492,6686.360094246032,6221.480028521825,6231.37109375,1361375,0.0,0.0
2015-01-20 00:00:00+09:00,6251.153201941288,6528.10302734375,6112.678289240057,6528.10302734375,827304,0.0,0.0
2015-01-21 00:00:00+09:00,6547.884914718511,6557.77597954437,6359.954683027195,6478.6474609375,554022,0.0,0.0
2015-01-22 00:00:00+09:00,6498.429945330753,6716.033383378359,6231.371180454147,6350.06396484375,952468,0.0,0.0
2015-01-23 00:00:00+09:00,6439.0836016475505,6528.10319061042,6320.390816363724,6359.955078125,429610,0.0,0.0
2015-01-26 00:00:00+09:00,6310.499215209593,6547.884765625,6310.499215209593,6547.884765625,399458,0.0,0.0
2015-01-27 00:00:00+09:00,6686.359670033989,6814.943509842335,6537.993701024358,6547.884765625,922060,0.0,0.0
2015-01-28 00:00:00+09:00,6508.320936859631,6706.142241931352,6389.628153816599,6636.90478515625,557360,0.0,0.0
2015-01-29 00:00:00+09:00,6577.55820728691,6716.033116914003,6498.4296875,6498.4296875,326867,0.0,0.0
2015-01-30 00:00:00+09:00,6528.1028430866745,6577.558167655513,6251.153025501179,6290.71728515625,391218,0.0,0.0
2015-02-02 00:00:00+09:00,6191.80712890625,6409.41057433107,6092.896471894967,6191.80712890625,349539,0.0,0.0
2015-02-03 00:00:00+09:00,6201.6980776579485,6399.5193879500675,6172.02488111413,6369.84619140625,276230,0.0,0.0
2015-02-04 00:00:00+09:00,6369.845965014136,6488.53874697092,6122.5693359375,6122.5693359375,397382,0.0,0.0
2015-02-05 00:00:00+09:00,6152.242796148256,6379.7373046875,6112.678533793604,6379.7373046875,355576,0.0,0.0
2015-02-06 00:00:00+09:00,6379.737072172619,6379.737072172619,6172.0247023809525,6231.37109375,287945,0.0,0.0
2015-02-09 00:00:00+09:00,6231.371198076292,6251.153328863836,5598.3430128748905,5647.79833984375,800195,0.0,0.0
2015-02-10 00:00:00+09:00,5677.4717147435895,5964.312620192308,5519.214663461538,5786.2734375,821313,0.0,0.0
2015-02-11 00:00:00+09:00,5845.619831730769,5934.639423076923,5776.382371794872,5786.2734375,201413,0.0,0.0
2015-02-12 00:00:00+09:00,5776.381937662761,5865.401522318522,5598.342768351237,5697.25341796875,200521,0.0,0.0
2015-02-13 00:00:00+09:00,5697.253272251309,5796.163919339006,5618.124754581152,5667.580078125,209887,0.0,0.0
2015-02-16 00:00:00+09:00,5687.362252849422,5904.965678175835,5667.580123274293,5776.3818359375,152901,0.0,0.0
2015-02-17 00:00:00+09:00,5924.7481116985455,5924.7481116985455,5687.362544618803,5736.81787109375,151269,0.0,0.0
2015-02-23 00:00:00+09:00,5341.1753638611335,6073.114210019882,5341.1753638611335,6063.22314453125,766419,0.0,0.0
2015-02-24 00:00:00+09:00,6112.678052292427,6903.963237055201,6092.895922673358,6775.37939453125,1557504,0.0,0.0
2015-02-25 00:00:00+09:00,6844.61670364426,6854.507768244902,6528.102636423716,6547.884765625,613502,0.0,0.0
2015-02-26 00:00:00+09:00,6636.90454321509,6706.141997466216,6478.647504926802,6587.44921875,295021,0.0,0.0
2015-02-27 00:00:00+09:00,6528.102733198419,6686.359769154744,6458.8652799675265,6567.6669921875,289537,0.0,0.0
2015-03-02 00:00:00+09:00,6646.795925817757,6903.963625328563,6280.826507283148,6350.06396484375,1167189,0.0,0.0
2015-03-03 00:00:00+09:00,6429.1923346614985,6448.974464921995,6280.826357707771,6419.30126953125,588950,0.0,0.0
2015-03-04 00:00:00+09:00,6478.6477013790245,6913.8545698686075,6478.6477013790245,6528.10302734375,1081140,0.0,0.0
2015-03-05 00:00:00+09:00,6577.55820728691,6824.834831621004,6488.538622526636,6498.4296875,435872,0.0,0.0
2015-03-06 00:00:00+09:00,6547.885339391692,6725.924517804155,6508.321077522255,6666.578125,495882,0.0,0.0
2015-03-09 00:00:00+09:00,6577.558212634032,6735.815252336505,6399.51904296875,6399.51904296875,392953,0.0,0.0
2015-03-10 00:00:00+09:00,6439.083711341994,6834.726335694804,6261.044530383228,6686.3603515625,1183887,0.0,0.0
2015-03-11 00:00:00+09:00,6528.103126643584,7052.32958984375,6498.429930613385,7052.32958984375,1169084,0.0,0.0
2015-03-12 00:00:00+09:00,7269.932738724755,7665.575336750591,6745.706296340521,6795.16162109375,2544327,0.0,0.0
2015-03-13 00:00:00+09:00,6913.854485989289,7091.893657302318,6755.597444822152,7012.76513671875,811735,0.0,0.0
2015-03-16 00:00:00+09:00,7072.111868007967,7497.427686643412,7072.111868007967,7487.53662109375,1506954,0.0,0.0
2015-03-17 00:00:00+09:00,7487.536229310771,7645.793269824605,7358.95238389328,7507.318359375,952803,0.0,0.0
2015-03-18 00:00:00+09:00,7418.29929104099,7655.684868354302,7388.626093876826,7616.12060546875,1494359,0.0,0.0
2015-03-19 00:00:00+09:00,7507.3184140625,7626.0111953125,7190.804330729166,7418.298828125,2268721,0.0,0.0
2015-03-20 00:00:00+09:00,7299.605868376832,7388.625452137526,7032.547117094754,7082.00244140625,1035380,0.0,0.0
2015-03-23 00:00:00+09:00,7032.547525167785,7428.19014261745,7002.87432885906,7368.84375,867307,0.0,0.0
2015-03-24 00:00:00+09:00,7536.991609375,7576.555869791667,7408.407763020833,7418.298828125,662455,0.0,0.0
2015-03-25 00:00:00+09:00,7527.100233694808,8140.346244849969,7477.6449102145525,7952.416015625,2602448,0.0,0.0
2015-03-26 00:00:00+09:00,7893.069861778846,8308.494591346154,7833.723471840659,8100.7822265625,1522382,0.0,0.0
2015-03-27 00:00:00+09:00,8179.910746480083,8417.296306232829,7922.74305674794,8100.7822265625,861418,0.0,0.0
2015-03-30 00:00:00+09:00,8100.7820265718565,8328.276515718562,8001.871379116767,8259.0390625,552218,0.0,0.0
2015-03-31 00:00:00+09:00,8288.71252319336,8288.71252319336,7853.505660400391,7912.85205078125,837011,0.0,0.0
2015-04-01 00:00:00+09:00,7893.069634962451,7912.851764373385,7507.318111449249,7655.68408203125,799770,0.0,0.0
2015-04-02 00:00:00+09:00,7645.792920048373,7794.158888742714,7497.426951354032,7635.90185546875,584273,0.0,0.0
2015-04-03 00:00:00+09:00,7616.120110927484,7764.486087114384,7536.991590294471,7715.03076171875,578769,0.0,0.0
2015-04-06 00:00:00+09:00,7754.595022035257,7982.0895188551685,7665.575436323117,7715.03076171875,710837,0.0,0.0
2015-04-07 00:00:00+09:00,7813.941558409164,8021.653928949154,7685.357709979646,7744.7041015625,791052,0.0,0.0
2015-04-08 00:00:00+09:00,7843.6147211029775,7843.6147211029775,7527.100633996679,7536.99169921875,690520,0.0,0.0
2015-04-09 00:00:00+09:00,7635.902309940912,7754.5950919607185,7220.477572871588,7428.18994140625,752873,0.0,0.0
2015-04-10 00:00:00+09:00,7467.7538657847035,7497.427059953384,7141.348729929213,7161.130859375,899735,0.0,0.0
2015-04-13 00:00:00+09:00,7151.240194599281,7190.804455703564,6933.63675852572,7042.4384765625,656458,0.0,0.0
2015-04-14 00:00:00+09:00,7151.239891367511,7368.843318214102,7042.438177944215,7180.9130859375,682306,0.0,0.0
2015-04-15 00:00:00+09:00,7210.586487676056,7279.8239436619715,6973.200924295775,7022.65625,593765,0.0,0.0
2015-04-16 00:00:00+09:00,7171.0220251669425,7210.58628461614,7012.764987370155,7082.00244140625,466796,0.0,0.0
2015-04-17 00:00:00+09:00,7052.32958984375,7151.2402432777435,7012.765328470153,7052.32958984375,370141,0.0,0.0
2015-04-20 00:00:00+09:00,7042.438835613376,7111.676296075867,6854.508585786615,6913.85498046875,482806,0.0,0.0
2015-04-21 00:00:00+09:00,6923.745399664256,7447.971837067407,6923.745399664256,7180.9130859375,933801,0.0,0.0
2015-04-22 00:00:00+09:00,7230.368632529438,7279.823958333333,6458.865549988677,6824.8349609375,900075,0.0,0.0
2015-04-23 00:00:00+09:00,7022.656295072115,7022.656295072115,6409.410252403846,6429.1923828125,633750,0.0,0.0
2015-04-24 00:00:00+09:00,6429.192705733326,6607.231888353634,6132.460734699481,6191.80712890625,636044,0.0,0.0
2015-04-27 00:00:00+09:00,6201.698135303887,6409.410513041338,6201.698135303887,6280.82666015625,263793,0.0,0.0
2015-04-28 00:00:00+09:00,6340.172663881828,6359.954793878339,6132.4602989184605,6201.69775390625,273865,0.0,0.0
2015-04-29 00:00:00+09:00,6270.935379231772,6270.935379231772,5895.074899088542,5934.63916015625,505052,0.0,0.0
2015-04-30 00:00:00+09:00,5944.530586203684,6013.768047274276,5766.491400593591,5806.0556640625,354608,0.0,0.0
2015-05-04 00:00:00+09:00,5786.273107394366,5904.965889084507,5578.56073943662,5618.125,340396,0.0,0.0
2015-05-06 00:00:00+09:00,5578.560965641081,5786.2733420213335,5400.521785886578,5766.4912109375,421589,0.0,0.0
2015-05-07 00:00:00+09:00,5766.490720186024,5865.4013671875,5538.996232082631,5865.4013671875,263923,0.0,0.0
2015-05-08 00:00:00+09:00,5865.401621465452,5974.203337883867,5717.03564453125,5717.03564453125,240415,0.0,0.0
2015-05-11 00:00:00+09:00,5766.491075589364,5796.164271518641,5618.125095942983,5637.9072265625,175030,0.0,0.0
2015-05-12 00:00:00+09:00,5726.926644389672,6172.02457011944,5628.015994227502,6003.87646484375,789157,0.0,0.0
2015-05-13 00:00:00+09:00,6102.7870165612085,6102.7870165612085,5845.619330287965,5984.09423828125,315038,0.0,0.0
2015-05-14 00:00:00+09:00,5934.639168432203,6083.005147643009,5796.164254502119,5835.728515625,309082,0.0,0.0
2015-05-15 00:00:00+09:00,5895.074844134852,6092.89614762931,5796.164192387623,6023.65869140625,399618,0.0,0.0
2015-05-18 00:00:00+09:00,6033.549787524715,6122.569374553767,5568.669721928548,5628.01611328125,501194,0.0,0.0
2015-05-19 00:00:00+09:00,5489.541215740266,5697.2535860655735,5430.19482421875,5430.19482421875,377288,0.0,0.0
2015-05-20 00:00:00+09:00,5459.8679716012775,5637.9071445882755,5291.719863780223,5420.3037109375,402997,0.0,0.0
2015-05-21 00:00:00+09:00,5469.759312839373,5608.234232151762,5360.957590522496,5578.56103515625,254688,0.0,0.0
2015-05-22 00:00:00+09:00,5578.560803022541,5588.451868276127,5400.521628457992,5430.19482421875,274722,0.0,0.0
2015-05-26 00:00:00+09:00,5449.976798876436,5697.253423144876,5163.135914725044,5598.3427734375,342061,0.0,0.0
2015-05-27 00:00:00+09:00,5588.451966772062,5588.451966772062,5410.412789069589,5449.97705078125,154811,0.0,0.0
2015-05-28 00:00:00+09:00,5459.867578125,5578.5603515625,5281.82841796875,5440.08544921875,291834,0.0,0.0
2015-05-29 00:00:00+09:00,5469.7589701581455,5756.59985647747,5380.7393847487,5707.14453125,400199,0.0,0.0
2015-06-01 00:00:00+09:00,5717.035637887968,6013.767591411564,5568.66966112617,5815.9462890625,301621,0.0,0.0
2015-06-02 00:00:00+09:00,5904.966060465347,5904.966060465347,5440.085985353335,5449.97705078125,272476,0.0,0.0
2015-06-03 00:00:00+09:00,5291.719948904854,5677.471496582031,5291.719948904854,5538.99658203125,257721,0.0,0.0
2015-06-04 00:00:00+09:00,5538.996573464912,5736.817879660088,5538.996573464912,5637.9072265625,124006,0.0,0.0
2015-06-05 00:00:00+09:00,5637.90713028169,5736.817781690141,5499.432218309859,5618.125,139019,0.0,0.0
2015-06-08 00:00:00+09:00,5608.233544921875,5608.233544921875,5420.303320312501,5440.08544921875,190079,0.0,0.0
2015-06-09 00:00:00+09:00,5420.303758965164,5538.996542008196,5390.630563204406,5430.19482421875,122513,0.0,0.0
2015-06-10 00:00:00+09:00,5459.867879839086,5509.3232048376285,5301.61083984375,5301.61083984375,276422,0.0,0.0
2015-06-11 00:00:00+09:00,5410.412789069589,5687.362621051214,5370.848527357929,5449.97705078125,429517,0.0,0.0
2015-06-12 00:00:00+09:00,5459.868045520231,5509.3233720195085,4994.987976427024,5133.462890625,398454,0.0,0.0
2015-06-15 00:00:00+09:00,4994.987788228155,5311.501865898059,4994.987788228155,5093.8984375,168080,0.0,0.0
2015-06-16 00:00:00+09:00,5024.66108465853,5232.373452331422,5014.77001953125,5014.77001953125,159484,0.0,0.0
2015-06-17 00:00:00+09:00,4994.987597082925,5173.0267589591485,4747.710983365949,5054.333984375,479180,0.0,0.0
2015-06-18 00:00:00+09:00,5093.898447364268,5212.591226720328,4896.0771484375,4896.0771484375,214435,0.0,0.0
2015-06-19 00:00:00+09:00,4896.077416474836,5004.879136840944,4876.29528549918,4901.02294921875,172123,0.0,0.0
2015-06-22 00:00:00+09:00,4975.20579923534,5232.373494623251,4915.859407991977,5123.57177734375,465651,0.0,0.0
2015-06-23 00:00:00+09:00,5182.91831975645,5746.7090530124,5133.462992277858,5558.77880859375,815471,0.0,0.0
2015-06-24 00:00:00+09:00,5499.431980600578,5875.2924397063725,5499.431980600578,5568.66943359375,688077,0.0,0.0
2015-06-25 00:00:00+09:00,5598.342815749566,5746.708791431975,5548.887490522097,5707.14453125,335380,0.0,0.0
2015-06-26 00:00:00+09:00,5707.144675208782,5766.491066978718,5499.432304014009,5736.81787109375,480209,0.0,0.0
2015-06-29 00:00:00+09:00,5608.233854834713,5608.233854834713,5301.61083984375,5301.61083984375,316649,0.0,0.0
2015-06-30 00:00:00+09:00,5202.7000877848595,5538.9962911777975,5192.809022979185,5479.64990234375,209430,0.0,0.0
2015-07-01 00:00:00+09:00,5449.976611151212,5558.7783220816345,5370.848094110904,5459.86767578125,305867,0.0,0.0
2015-07-02 00:00:00+09:00,5489.540821576074,5608.233596096638,5321.39272433861,5351.06591796875,245371,0.0,0.0
2015-07-03 00:00:00+09:00,5380.7394153225805,5400.521545525972,5103.789592475095,5212.59130859375,275997,0.0,0.0
2015-07-06 00:00:00+09:00,5143.353973572144,5173.027169573522,4915.859470894915,4935.6416015625,297227,0.0,0.0
2015-07-07 00:00:00+09:00,4975.2059015012255,5113.6808172487745,4846.622051164216,5044.443359375,232952,0.0,0.0
2015-07-08 00:00:00+09:00,5084.007524144931,5173.027111143578,4975.205806702141,5024.6611328125,169622,0.0,0.0
2015-07-09 00:00:00+09:00,4975.205959175399,4975.205959175399,4797.166779721806,4955.423828125,221822,0.0,0.0
2015-07-10 00:00:00+09:00,4945.53282202744,5430.195038586128,4945.53282202744,5271.93798828125,325421,0.0,0.0
2015-07-13 00:00:00+09:00,5291.72011956936,5370.848644721799,5262.046922637195,5271.93798828125,119574,0.0,0.0
2015-07-14 00:00:00+09:00,5380.7390625,5509.322900390625,5291.719482421875,5440.08544921875,276342,0.0,0.0
2015-07-15 00:00:00+09:00,5529.10542062192,5548.887550928259,5351.066247864863,5519.21435546875,228843,0.0,0.0
2015-07-16 00:00:00+09:00,5499.432265350396,5687.362504633952,5440.085873997694,5628.01611328125,302259,0.0,0.0
2015-07-17 00:00:00+09:00,5637.907033320451,5687.3623581741385,5440.085733905698,5598.3427734375,238977,0.0,0.0
2015-07-20 00:00:00+09:00,5736.817774789143,5845.619491207558,5647.7981886286225,5717.03564453125,385461,0.0,0.0
2015-07-21 00:00:00+09:00,5736.81773872307,5736.81773872307,5430.194721653388,5509.3232421875,298390,0.0,0.0
2015-07-22 00:00:00+09:00,5449.9769714009335,5558.778689523275,5212.591404588552,5232.37353515625,332744,0.0,0.0
2015-07-23 00:00:00+09:00,5222.482319846082,5400.521489840835,5173.02699484754,5301.61083984375,157911,0.0,0.0
2015-07-24 00:00:00+09:00,5252.155514845207,5341.175099842584,5222.482319846082,5301.61083984375,113597,0.0,0.0
2015-07-27 00:00:00+09:00,5202.700225117818,5538.996437387791,5202.700225117818,5509.3232421875,338928,0.0,0.0
2015-07-28 00:00:00+09:00,5420.303513509702,5489.540967149424,5262.046476618908,5479.64990234375,204493,0.0,0.0
2015-07-29 00:00:00+09:00,5558.778903825909,5588.452100821421,5420.30398451352,5578.56103515625,252621,0.0,0.0
2015-07-30 00:00:00+09:00,5736.817758983634,5746.70882408533,5163.135983085271,5212.59130859375,797493,0.0,0.0
2015-07-31 00:00:00+09:00,5182.9180652923005,5360.957235474097,5093.898480201402,5202.7001953125,163471,0.0,0.0
2015-08-03 00:00:00+09:00,5212.591171022445,5262.046495225694,4975.20561484685,4985.0966796875,194311,0.0,0.0
2015-08-04 00:00:00+09:00,5074.116498825867,5232.373543623555,5024.66117232659,5133.462890625,343163,0.0,0.0
2015-08-05 00:00:00+09:00,5123.571920735364,5222.482575575816,5054.334462347048,5153.2451171875,158373,0.0,0.0
2015-08-06 00:00:00+09:00,5173.027331840702,5311.502250857469,5123.572003620427,5271.93798828125,172462,0.0,0.0
2015-08-07 00:00:00+09:00,5262.046476618908,5479.64990234375,5192.809022979185,5479.64990234375,198969,0.0,0.0
2015-08-10 00:00:00+09:00,5529.105378592036,5529.105378592036,5311.501946876428,5410.41259765625,185172,0.0,0.0
2015-08-11 00:00:00+09:00,5331.283740234375,5440.08544921875,5242.26416015625,5440.08544921875,282501,0.0,0.0
2015-08-12 00:00:00+09:00,5410.412617489725,5459.867943060928,5064.225338491296,5113.6806640625,320697,0.0,0.0
2015-08-13 00:00:00+09:00,5103.789545211502,5380.739365494296,5044.443155150903,5202.7001953125,415415,0.0,0.0
2015-08-14 00:00:00+09:00,5202.7001953125,5202.7001953125,5202.7001953125,5202.7001953125,0,0.0,0.0
2015-08-17 00:00:00+09:00,5252.155632920153,5271.937763364296,5024.6611328125,5024.6611328125,182201,0.0,0.0
2015-08-18 00:00:00+09:00,5054.333987420413,5084.007181084329,4747.710986226612,4757.60205078125,353244,0.0,0.0
2015-08-19 00:00:00+09:00,4767.493383022702,4802.112110907721,4253.157997302411,4411.4150390625,247918,0.0,0.0
2015-08-20 00:00:00+09:00,4272.940091911764,4589.454172794118,4203.70263671875,4203.70263671875,224362,0.0,0.0
2015-08-21 00:00:00+09:00,3817.951093898527,4025.6634591106226,3817.951093898527,3902.025146484375,275141,0.0,0.0
2015-08-24 00:00:00+09:00,3590.4566039245365,4119.628582739861,3590.4566039245365,3803.114501953125,367823,0.0,0.0
2015-08-25 00:00:00+09:00,3867.4065755208335,4075.118949142157,3803.1146503523287,4035.5546875,214891,0.0,0.0
2015-08-26 00:00:00+09:00,4035.554484817217,4208.648120808151,4035.554484817217,4193.8115234375,159855,0.0,0.0
2015-08-27 00:00:00+09:00,4253.158422577248,4505.380608102177,4228.430757329706,4401.5244140625,196356,0.0,0.0
2015-08-28 00:00:00+09:00,4520.216480122404,4520.216480122404,4396.578173773323,4406.46923828125,102744,0.0,0.0
2015-08-31 00:00:00+09:00,4371.85078528168,4426.251643469574,4258.103536343356,4312.50439453125,139042,0.0,0.0
2015-09-01 00:00:00+09:00,4272.940086206896,4411.414996408046,4267.994553699713,4302.61328125,72018,0.0,0.0
2015-09-02 00:00:00+09:00,4169.083996665832,4342.177638283038,4139.410800960026,4322.3955078125,92637,0.0,0.0
2015-09-03 00:00:00+09:00,4401.52422362174,4406.469756457271,4312.5046325821995,4361.9599609375,64427,0.0,0.0
2015-09-04 00:00:00+09:00,4361.959671336207,4549.889906609195,4253.157956178161,4302.61328125,165185,0.0,0.0
2015-09-07 00:00:00+09:00,4297.668076938929,4297.668076938929,4164.138689047846,4218.53955078125,85656,0.0,0.0
2015-09-08 00:00:00+09:00,4302.613347185789,4337.232075266595,4065.227783203125,4065.227783203125,62175,0.0,0.0
2015-09-09 00:00:00+09:00,4164.1385085227275,4213.593835227272,4050.391257102273,4080.064453125,156523,0.0,0.0
2015-09-10 00:00:00+09:00,4005.8813820422533,4243.266945422535,4005.8813820422533,4213.59375,95197,0.0,0.0
2015-09-11 00:00:00+09:00,4178.9750028911385,4678.473790218955,4178.9750028911385,4510.32568359375,358929,0.0,0.0
2015-09-14 00:00:00+09:00,4510.325591216216,4594.399642806869,4352.068552927928,4391.6328125,138524,0.0,0.0
2015-09-15 00:00:00+09:00,4446.0335471032,4485.597805586877,4302.613110099871,4317.44970703125,80435,0.0,0.0
2015-09-16 00:00:00+09:00,4337.232125595869,4465.8159742452335,4327.341060315149,4376.79638671875,111786,0.0,0.0
2015-09-17 00:00:00+09:00,4401.524029694651,4485.5980841944365,4322.3955078125,4322.3955078125,78306,0.0,0.0
2015-09-18 00:00:00+09:00,4401.523952938777,4401.523952938777,4302.613302310939,4357.01416015625,135560,0.0,0.0
2015-09-21 00:00:00+09:00,4352.068508227483,4371.850637810335,4258.103392708935,4282.8310546875,83532,0.0,0.0
2015-09-22 00:00:00+09:00,4287.776712966068,4915.8593456612125,4277.8856478842545,4609.236328125,718320,0.0,0.0
2015-09-23 00:00:00+09:00,4698.25606080953,4985.096957153691,4658.691799244818,4891.1318359375,576917,0.0,0.0
2015-09-24 00:00:00+09:00,4930.69625400641,5004.8792467948715,4752.657071314103,4821.89453125,294877,0.0,0.0
2015-09-25 00:00:00+09:00,4752.656995349892,4871.349781914301,4698.256134841204,4856.51318359375,74896,0.0,0.0
2015-09-30 00:00:00+09:00,4777.384106520898,4846.621557340041,4658.691333688081,4792.220703125,79415,0.0,0.0
2015-10-01 00:00:00+09:00,4866.404096856175,5044.443271131401,4757.602379243537,4925.75048828125,181518,0.0,0.0
2015-10-02 00:00:00+09:00,4935.641408222854,5054.334187578914,4861.458421125316,4896.0771484375,107356,0.0,0.0
2015-10-05 00:00:00+09:00,4896.077416474836,4985.097005865287,4816.948892572213,4901.02294921875,72614,0.0,0.0
2015-10-06 00:00:00+09:00,4901.022764106323,5202.700250090667,4901.022764106323,5113.6806640625,318392,0.0,0.0
2015-10-07 00:00:00+09:00,5173.027054747945,5242.26451054763,4994.98788269161,5113.6806640625,228276,0.0,0.0
2015-10-08 00:00:00+09:00,5064.225409836065,5489.541215740266,5054.334344582479,5430.19482421875,585267,0.0,0.0
2015-10-12 00:00:00+09:00,5430.19482421875,5548.887607261783,5331.284171682889,5430.19482421875,311265,0.0,0.0
2015-10-13 00:00:00+09:00,5351.066120721726,5430.194640066964,5182.918017113095,5192.80908203125,181040,0.0,0.0
2015-10-14 00:00:00+09:00,5103.789944066148,5202.700601896887,4945.5328915369655,5084.0078125,186334,0.0,0.0
2015-10-15 00:00:00+09:00,5084.0074687197775,5222.482380319149,5044.443208262815,5113.6806640625,81299,0.0,0.0
2015-10-16 00:00:00+09:00,5192.8088880565065,5192.8088880565065,5054.333984375,5054.333984375,75272,0.0,0.0
2015-10-19 00:00:00+09:00,5084.007907128149,5173.027500832728,5044.4436432594475,5103.7900390625,87713,0.0,0.0
2015-10-20 00:00:00+09:00,5212.591536518393,5430.194978270583,5153.24514331325,5360.95751953125,268817,0.0,0.0
2015-10-21 00:00:00+09:00,5390.630776009909,5390.630776009909,5242.2647913490855,5271.93798828125,122197,0.0,0.0
2015-10-22 00:00:00+09:00,5271.937505710892,5331.283894142909,5064.225146198831,5074.1162109375,134377,0.0,0.0
2015-10-23 00:00:00+09:00,5103.789354346264,5192.808936108117,5054.334031145235,5163.1357421875,111491,0.0,0.0
2015-10-26 00:00:00+09:00,5192.809184976427,5271.937705890353,5113.6806640625,5113.6806640625,105469,0.0,0.0
2015-10-27 00:00:00+09:00,5113.680522615948,5133.462652297247,4945.532420324901,4985.0966796875,199385,0.0,0.0
2015-10-28 00:00:00+09:00,4994.988041992187,5044.443369140625,4876.295256835938,4945.53271484375,104389,0.0,0.0
2015-10-29 00:00:00+09:00,5004.878941458136,5212.59130859375,4985.096811254744,5212.59130859375,218278,0.0,0.0
2015-10-30 00:00:00+09:00,5252.155704752604,5449.977011899595,5242.264639395255,5341.17529296875,470327,0.0,0.0
2015-11-02 00:00:00+09:00,5341.175154915797,5360.957285119189,5143.353852881879,5212.59130859375,161175,0.0,0.0
2015-11-03 00:00:00+09:00,5232.373527003131,5351.066310224374,5044.44328690283,5331.2841796875,169159,0.0,0.0
2015-11-04 00:00:00+09:00,5380.7390625,5440.08544921875,5262.0462890625,5440.08544921875,240205,0.0,0.0
2015-11-05 00:00:00+09:00,5509.323346247438,5509.323346247438,5331.284171682889,5430.19482421875,181215,0.0,0.0
2015-11-06 00:00:00+09:00,5390.63037109375,5489.541020104644,5242.264397577408,5390.63037109375,166894,0.0,0.0
2015-11-09 00:00:00+09:00,5380.739464962121,5380.739464962121,5153.2449655243845,5222.482421875,175769,0.0,0.0
2015-11-10 00:00:00+09:00,5113.6808172487745,5202.700405943628,4896.077378216912,5044.443359375,210647,0.0,0.0
2015-11-11 00:00:00+09:00,5044.443417851796,5380.739645708582,4940.5872298372005,4955.423828125,467996,0.0,0.0
2015-11-12 00:00:00+09:00,5024.661218718403,5024.661218718403,4891.1318359375,4891.1318359375,221265,0.0,0.0
2015-11-13 00:00:00+09:00,4866.404092261905,4891.1317553323415,4643.855124627977,4673.5283203125,196760,0.0,0.0
2015-11-16 00:00:00+09:00,4549.890372983871,4549.890372983871,4292.72265625,4292.72265625,364897,0.0,0.0
2015-11-17 00:00:00+09:00,4361.959942998349,4436.142935226212,4307.55908203125,4307.55908203125,161821,0.0,0.0
2015-11-18 00:00:00+09:00,4352.068311525612,4520.216405380012,4312.504054148107,4441.087890625,199796,0.0,0.0
2015-11-19 00:00:00+09:00,4441.088255078557,4569.672102107558,4431.197189922481,4465.81591796875,96046,0.0,0.0
2015-11-20 00:00:00+09:00,4500.43447330298,4500.43447330298,4411.41489031457,4480.65234375,77570,0.0,0.0
2015-11-23 00:00:00+09:00,4485.598221571181,4535.053549262153,4450.9794921875,4450.9794921875,81949,0.0,0.0
2015-11-24 00:00:00+09:00,4490.543286598625,4505.379883360515,4352.0683834876545,4406.46923828125,84155,0.0,0.0
2015-11-25 00:00:00+09:00,4406.469213867188,4446.033471679688,4332.286230468751,4352.068359375,119465,0.0,0.0
2015-11-26 00:00:00+09:00,4426.251494163179,4426.251494163179,4282.8310546875,4282.8310546875,234413,0.0,0.0
2015-11-27 00:00:00+09:00,4332.286601336706,4342.17766663656,4267.994676887644,4277.8857421875,154201,0.0,0.0
2015-11-30 00:00:00+09:00,4282.831292613637,4322.395553977272,4055.336789772727,4080.064453125,132958,0.0,0.0
2015-12-01 00:00:00+09:00,4094.901061441297,4282.831303391501,4094.901061441297,4233.3759765625,128547,0.0,0.0
2015-12-02 00:00:00+09:00,4233.375634425754,4347.12287693953,4164.138182460847,4263.048828125,111710,0.0,0.0
2015-12-03 00:00:00+09:00,4263.049250266858,4263.049250266858,4144.356463716505,4198.75732421875,62793,0.0,0.0
2015-12-04 00:00:00+09:00,4104.791986443014,4243.266896829044,4080.064323874081,4203.70263671875,88674,0.0,0.0
2015-12-07 00:00:00+09:00,4282.831351753715,4282.831351753715,4154.247500546328,4243.26708984375,83123,0.0,0.0
2015-12-08 00:00:00+09:00,4243.267100331892,4272.940296837709,4085.0100523008655,4144.3564453125,120035,0.0,0.0
2015-12-09 00:00:00+09:00,4144.356349295564,4174.029545113909,4060.2822944769187,4124.57421875,61913,0.0,0.0
2015-12-10 00:00:00+09:00,4075.1188923860914,4218.539338841427,4070.1733597497005,4124.57421875,58196,0.0,0.0
2015-12-11 00:00:00+09:00,4302.613195787753,5242.264353488527,4302.613195787753,4633.9638671875,2221335,0.0,0.0
2015-12-14 00:00:00+09:00,4505.380054356243,4589.454105864537,4381.741743314634,4490.54345703125,299040,0.0,0.0
2015-12-15 00:00:00+09:00,4569.672074167352,4633.963997288754,4416.360565185547,4510.32568359375,276800,0.0,0.0
2015-12-16 00:00:00+09:00,4495.489247826124,4708.147155039021,4495.489247826124,4594.39990234375,238453,0.0,0.0
2015-12-17 00:00:00+09:00,4698.256011702057,4737.8202728532315,4589.454293536324,4629.0185546875,166150,0.0,0.0
2015-12-18 00:00:00+09:00,4549.890184381779,4643.855307754881,4500.4348562906725,4559.78125,155140,0.0,0.0
2015-12-21 00:00:00+09:00,4559.780954931116,4604.29074733283,4480.652435105847,4599.34521484375,112423,0.0,0.0
2015-12-22 00:00:00+09:00,4678.473957669005,4945.532724808673,4589.454368622449,4846.6220703125,457022,0.0,0.0
2015-12-23 00:00:00+09:00,4945.532527970679,5024.66104841821,4787.275487075617,4807.0576171875,271409,0.0,0.0
2015-12-24 00:00:00+09:00,4807.057818603515,4816.948884073893,4732.874827575683,4747.71142578125,148231,0.0,0.0
2015-12-28 00:00:00+09:00,4727.92910910676,4727.92910910676,4569.672067797747,4609.236328125,160964,0.0,0.0
2015-12-29 00:00:00+09:00,4564.7264774283185,4831.785231254027,4564.7264774283185,4797.16650390625,154693,0.0,0.0
2015-12-30 00:00:00+09:00,4925.750385993083,5004.87890625,4797.166540575593,5004.87890625,281592,0.0,0.0
2016-01-04 00:00:00+09:00,5014.77019056762,5311.502154506532,4871.3497413304785,5252.15576171875,670059,0.0,0.0
2016-01-05 00:00:00+09:00,5103.78945014313,5222.482228053435,5004.878801884542,5182.91796875,484366,0.0,0.0
2016-01-06 00:00:00+09:00,5321.39306640625,5529.105435169319,5202.700284255925,5321.39306640625,1023215,0.0,0.0
2016-01-07 00:00:00+09:00,5301.610746660305,5410.412459744752,5173.026903924141,5182.91796875,300201,0.0,0.0
2016-01-08 00:00:00+09:00,5044.44287109375,5143.353515625,4896.076904296875,5143.353515625,402204,0.0,0.0
2016-01-11 00:00:00+09:00,5084.007524144931,5212.591372031866,4985.096871924213,5024.6611328125,194666,0.0,0.0
2016-01-12 00:00:00+09:00,5034.5523523265965,5084.007679952595,4856.513172873004,4955.423828125,177602,0.0,0.0
2016-01-13 00:00:00+09:00,4994.987737058683,5182.91796875,4994.987737058683,5182.91796875,188539,0.0,0.0
2016-01-14 00:00:00+09:00,5084.007621017157,5291.719994638481,5044.443359375,5044.443359375,311779,0.0,0.0
2016-01-15 00:00:00+09:00,5143.353767017326,5212.591221573329,4945.532468285891,4994.98779296875,189920,0.0,0.0
2016-01-18 00:00:00+09:00,4935.641917620518,5202.700698734254,4925.750851653343,5103.7900390625,335519,0.0,0.0
2016-01-19 00:00:00+09:00,5044.443117651609,5133.462702080755,4945.532468285891,4994.98779296875,198333,0.0,0.0
2016-01-20 00:00:00+09:00,5044.443549367705,5400.521917558366,4994.988220452335,5084.0078125,799804,0.0,0.0
2016-01-21 00:00:00+09:00,5113.680418986471,5252.155323949353,5014.769772584411,5163.1357421875,275043,0.0,0.0
2016-01-22 00:00:00+09:00,5212.591606417303,5262.046934751434,5084.0077527485655,5173.02734375,236879,0.0,0.0
2016-01-25 00:00:00+09:00,5202.700243492054,5301.610894509014,5123.571722678487,5212.59130859375,369482,0.0,0.0
2016-01-26 00:00:00+09:00,5262.046798406863,5608.234087775735,5202.700405943628,5548.8876953125,973285,0.0,0.0
2016-01-27 00:00:00+09:00,5657.689273273425,6152.242531426696,5558.77862164277,6122.5693359375,2129901,0.0,0.0
2016-01-28 00:00:00+09:00,6122.569574600611,6172.02490234375,5914.857198079427,6172.02490234375,992675,0.0,0.0
2016-01-29 00:00:00+09:00,6102.787065864789,6191.8066502939355,5954.4210918162125,5993.9853515625,583870,0.0,0.0
2016-02-01 00:00:00+09:00,5964.312596097906,6033.5500557541,5578.56103515625,5578.56103515625,780151,0.0,0.0
2016-02-02 00:00:00+09:00,5578.56092930507,5677.471584079983,5410.412816187719,5657.689453125,657120,0.0,0.0
2016-02-03 00:00:00+09:00,5637.906833923969,5875.292384826031,5588.451510819373,5756.599609375,645396,0.0,0.0
2016-02-04 00:00:00+09:00,5756.599802687713,5954.421101749147,5736.81767278157,5796.1640625,486175,0.0,0.0
2016-02-05 00:00:00+09:00,5806.05513782299,5875.292592618154,5598.3427734375,5598.3427734375,222302,0.0,0.0
2016-02-11 00:00:00+09:00,5400.521240685652,5519.214015206216,5351.06591796875,5351.06591796875,275326,0.0,0.0
2016-02-12 00:00:00+09:00,5212.591388639857,5291.719910668545,4826.83984375,4826.83984375,561662,0.0,0.0
2016-02-15 00:00:00+09:00,4876.294867621527,5182.917871467912,4876.294867621527,5163.1357421875,274423,0.0,0.0
2016-02-16 00:00:00+09:00,5163.136278083174,5351.066525752868,5163.136278083174,5173.02734375,179885,0.0,0.0
2016-02-17 00:00:00+09:00,5242.264962602955,5301.611358406008,5034.552577292272,5103.7900390625,165178,0.0,0.0
2016-02-18 00:00:00+09:00,5182.918153897537,5380.7394574814125,5103.789632463987,5321.39306640625,269953,0.0,0.0
2016-02-19 00:00:00+09:00,5370.84823268114,5588.45166015625,5301.6107784845135,5588.45166015625,373651,0.0,0.0
2016-02-22 00:00:00+09:00,5608.234087775735,5657.689414828432,5420.30384497549,5548.8876953125,315581,0.0,0.0
2016-02-23 00:00:00+09:00,5558.778428209855,5598.342687485369,5242.264354005735,5281.82861328125,252065,0.0,0.0
2016-02-24 00:00:00+09:00,5262.046875,5449.977120535714,5252.155809445489,5262.046875,226506,0.0,0.0
2016-02-25 00:00:00+09:00,5321.392969843167,5390.630424841126,5281.828709844333,5301.61083984375,173431,0.0,0.0
2016-02-26 00:00:00+09:00,5440.085975796569,5974.203507965686,5440.085975796569,5548.8876953125,1821633,0.0,0.0
2016-02-29 00:00:00+09:00,5548.887400615321,5687.362309008573,5440.0856868777655,5588.45166015625,394739,0.0,0.0
2016-03-02 00:00:00+09:00,5786.273064056889,5815.946259257181,5499.432177120736,5509.3232421875,544641,0.0,0.0
2016-03-03 00:00:00+09:00,5509.3232484360715,5568.669638903964,5281.828751642482,5410.41259765625,431128,0.0,0.0
2016-03-04 00:00:00+09:00,5410.412645771556,5519.214362596943,5341.175189609945,5420.3037109375,296421,0.0,0.0
2016-03-07 00:00:00+09:00,5489.541124738128,5548.887515275838,5311.501953125,5311.501953125,220789,0.0,0.0
2016-03-08 00:00:00+09:00,5341.175302181604,5351.0663675560145,5222.482517688679,5242.2646484375,162350,0.0,0.0
2016-03-09 00:00:00+09:00,5212.591594416921,5410.412907298019,5212.591594416921,5271.93798828125,193360,0.0,0.0
2016-03-10 00:00:00+09:00,5331.284089814101,5331.284089814101,5192.809178390358,5212.59130859375,238168,0.0,0.0
2016-03-11 00:00:00+09:00,5202.70029148911,5271.9377478397255,5182.91816110322,5222.482421875,182833,0.0,0.0
2016-03-14 00:00:00+09:00,5291.719586497758,5301.610651145418,4965.314453125,4965.314453125,474873,0.0,0.0
2016-03-15 00:00:00+09:00,4955.423676257998,5113.680719811147,4955.423676257998,5024.6611328125,205719,0.0,0.0
2016-03-16 00:00:00+09:00,5074.116110754101,5440.085498859173,5054.333981667341,5351.06591796875,843335,0.0,0.0
2016-03-17 00:00:00+09:00,5400.521580605611,5509.3232974309985,5311.501994112112,5420.3037109375,406859,0.0,0.0
2016-03-18 00:00:00+09:00,5420.303854497504,5499.432377920826,5351.0663965020985,5449.97705078125,261905,0.0,0.0
2016-03-21 00:00:00+09:00,5519.214508776656,5529.105574204571,5380.739592785844,5449.97705078125,252406,0.0,0.0
2016-03-22 00:00:00+09:00,5459.8679716012775,5489.54116709911,5351.066254775889,5420.3037109375,153852,0.0,0.0
2016-03-23 00:00:00+09:00,5420.3035571073015,5667.580179238109,5370.84823268114,5588.45166015625,514324,0.0,0.0
2016-03-24 00:00:00+09:00,5548.887158203125,5628.015673828125,5400.52119140625,5440.08544921875,262221,0.0,0.0
2016-03-25 00:00:00+09:00,5440.085704985119,5469.758899739583,5133.462692522321,5192.80908203125,390711,0.0,0.0
2016-03-28 00:00:00+09:00,5192.809321565448,5331.284236807193,5173.027190816627,5242.2646484375,111067,0.0,0.0
2016-03-29 00:00:00+09:00,5202.700250090667,5311.501966347316,5084.0074687197775,5113.6806640625,239691,0.0,0.0
2016-03-30 00:00:00+09:00,5202.699949818046,5380.739111598891,5153.244627101144,5351.06591796875,262755,0.0,0.0
2016-03-31 00:00:00+09:00,5351.066067013401,5440.08565038331,5262.046483643492,5281.82861328125,124967,0.0,0.0
2016-04-01 00:00:00+09:00,5291.719863780223,5420.3037109375,5222.482407618613,5420.3037109375,281064,0.0,0.0
2016-04-04 00:00:00+09:00,5440.085889472336,5469.759085233094,5341.175236936475,5430.19482421875,199190,0.0,0.0
2016-04-05 00:00:00+09:00,5430.194783377381,5449.976913735769,5301.610936047862,5321.39306640625,145478,0.0,0.0
2016-04-06 00:00:00+09:00,5410.412255859375,5608.233544921875,5380.7390625,5440.08544921875,453115,0.0,0.0
2016-04-07 00:00:00+09:00,5489.540771484375,5519.213964843751,5301.610546875,5440.08544921875,267502,0.0,0.0
2016-04-08 00:00:00+09:00,5430.19483237187,5430.19483237187,5321.393114419063,5331.2841796875,185599,0.0,0.0
2016-04-11 00:00:00+09:00,5341.175517314189,5519.214701224662,5321.3933857685815,5489.54150390625,307391,0.0,0.0
2016-04-12 00:00:00+09:00,5568.670030088682,5657.689622043919,5449.977240815034,5489.54150390625,403800,0.0,0.0
2016-04-14 00:00:00+09:00,5538.996298572098,5548.887363390976,4994.987733533766,5281.82861328125,408386,0.0,0.0
2016-04-15 00:00:00+09:00,5252.15576171875,5331.284285435793,5123.571910678555,5252.15576171875,197871,0.0,0.0
2016-04-18 00:00:00+09:00,5252.155713811911,5420.303825176887,5163.136125442217,5242.2646484375,195957,0.0,0.0
2016-04-19 00:00:00+09:00,5351.066261943832,5370.848392302219,5242.2645449727,5321.39306640625,119421,0.0,0.0
2016-04-20 00:00:00+09:00,5341.174950362569,5548.8873095433355,5311.5017561938885,5370.84814453125,435537,0.0,0.0
2016-04-21 00:00:00+09:00,5430.194721653388,5538.996437387791,5351.066201119277,5509.3232421875,405398,0.0,0.0
2016-04-22 00:00:00+09:00,5479.650190080915,5618.125104631697,5440.085928780692,5538.99658203125,233800,0.0,0.0
2016-04-25 00:00:00+09:00,5608.234039306641,5637.9072352818075,5519.214451381138,5538.99658203125,225953,0.0,0.0
2016-04-26 00:00:00+09:00,5479.65015048668,5538.996542008196,5390.630563204406,5430.19482421875,205124,0.0,0.0
2016-04-27 00:00:00+09:00,5400.52137401006,5806.055030300193,5360.957114859803,5776.3818359375,1045866,0.0,0.0
2016-04-28 00:00:00+09:00,5845.6191909632735,5895.07451406787,5746.708544754081,5756.599609375,704119,0.0,0.0
2016-04-29 00:00:00+09:00,5677.471431751943,5736.817823024611,5548.887583994495,5726.9267578125,379655,0.0,0.0
2016-05-02 00:00:00+09:00,5746.7089123335045,5786.273173347849,5351.066302190062,5430.19482421875,383084,0.0,0.0
2016-05-03 00:00:00+09:00,5509.323433670344,5657.689414828432,5499.432368259804,5548.8876953125,248875,0.0,0.0
2016-05-04 00:00:00+09:00,5519.214605348667,5568.669933353583,5440.0860805408,5469.75927734375,170239,0.0,0.0
2016-05-09 00:00:00+09:00,5449.976513671875,5548.887158203125,5420.303320312501,5440.08544921875,187542,0.0,0.0
2016-05-10 00:00:00+09:00,5360.957260320216,5726.9266673900465,5360.957260320216,5608.23388671875,451665,0.0,0.0
2016-05-11 00:00:00+09:00,5746.708803789834,5746.708803789834,5499.432177120736,5509.3232421875,420116,0.0,0.0
2016-05-12 00:00:00+09:00,5489.541408545717,5568.669933353583,5449.977146141783,5469.75927734375,222047,0.0,0.0
2016-05-13 00:00:00+09:00,5469.758923848471,5815.946197509766,5469.758923848471,5697.25341796875,982753,0.0,0.0
2016-05-16 00:00:00+09:00,5726.926415512243,5875.292384826031,5657.688963165808,5756.599609375,671189,0.0,0.0
2016-05-17 00:00:00+09:00,5825.837417790257,5835.728483015708,5628.01611328125,5628.01611328125,431765,0.0,0.0
2016-05-18 00:00:00+09:00,5548.887158203125,5608.233544921875,5410.412255859375,5440.08544921875,361186,0.0,0.0
2016-05-19 00:00:00+09:00,5400.521911951014,5538.99683277027,5370.8487146326015,5489.54150390625,327028,0.0,0.0
2016-05-20 00:00:00+09:00,5400.521580605611,5519.214362596943,5390.630515439667,5420.3037109375,225251,0.0,0.0
2016-05-23 00:00:00+09:00,5440.085985353335,5519.214508776656,5380.739592785844,5449.97705078125,203045,0.0,0.0
2016-05-24 00:00:00+09:00,5420.303825176887,5469.759152048939,5192.809321565448,5242.2646484375,462912,0.0,0.0
2016-05-25 00:00:00+09:00,5311.5022258758545,5321.393291473389,5054.334520339966,5064.2255859375,381947,0.0,0.0
2016-05-26 00:00:00+09:00,5084.007564125723,5202.700347723989,4994.987976427024,5133.462890625,349369,0.0,0.0
2016-05-27 00:00:00+09:00,5192.809321565448,5301.6110406839625,5123.571863944575,5242.2646484375,225219,0.0,0.0
2016-05-30 00:00:00+09:00,5232.373438797142,5291.719829407318,5113.6806575767905,5212.59130859375,185136,0.0,0.0
2016-05-31 00:00:00+09:00,5212.59121186756,5311.501861049107,5163.135887276786,5192.80908203125,170592,0.0,0.0
2016-06-01 00:00:00+09:00,5281.828853345315,5390.630571298122,5202.700331197821,5331.2841796875,286341,0.0,0.0
2016-06-02 00:00:00+09:00,5390.630602155413,5588.451908656529,5360.957406180245,5538.99658203125,654211,0.0,0.0
2016-06-03 00:00:00+09:00,5568.66943359375,5707.144339580096,5479.649851173956,5568.66943359375,543540,0.0,0.0
2016-06-07 00:00:00+09:00,5637.906879084107,5865.4013671875,5548.887296782778,5865.4013671875,982334,0.0,0.0
2016-06-08 00:00:00+09:00,5934.63886589404,6043.44057843543,5825.837153352649,5974.203125,1074763,0.0,0.0
2016-06-09 00:00:00+09:00,6003.876575929807,6073.114032324384,5687.3624895545945,5825.83740234375,746134,0.0,0.0
2016-06-10 00:00:00+09:00,5786.272842627659,6162.13330078125,5756.599648562901,6162.13330078125,1077191,0.0,0.0
2016-06-13 00:00:00+09:00,6112.678031870861,6181.915485306291,5954.42099544702,5974.203125,681949,0.0,0.0
2016-06-14 00:00:00+09:00,5974.203535372236,6409.410415432465,5786.273291709864,6261.04443359375,961821,0.0,0.0
2016-06-15 00:00:00+09:00,6350.063868713379,6617.122629547119,6122.569368743896,6330.28173828125,1363140,0.0,0.0
2016-06-16 00:00:00+09:00,6300.608516298491,6399.51916804572,5984.094430707358,6023.65869140625,559630,0.0,0.0
2016-06-17 00:00:00+09:00,6142.351705697866,6359.955147767678,6023.658919114333,6172.02490234375,533964,0.0,0.0
2016-06-20 00:00:00+09:00,6211.589164538261,6251.1534267327725,6102.7874435033555,6172.02490234375,247292,0.0,0.0
2016-06-21 00:00:00+09:00,6231.370966158919,6429.192266671901,5895.074755286851,5904.9658203125,815603,0.0,0.0
2016-06-22 00:00:00+09:00,5904.965956390881,6152.242587730533,5885.183825883709,6033.5498046875,623524,0.0,0.0
2016-06-23 00:00:00+09:00,6053.331943359375,6063.2230086263025,5825.837442220052,5934.63916015625,399722,0.0,0.0
2016-06-24 00:00:00+09:00,6033.549475119338,6063.222669259269,5410.412398180784,5568.66943359375,1254661,0.0,0.0
2016-06-27 00:00:00+09:00,5380.739574211909,5707.144732206381,5360.957443424365,5647.79833984375,420913,0.0,0.0
2016-06-28 00:00:00+09:00,5558.7783169566155,5806.054932479597,5558.7783169566155,5756.599609375,302233,0.0,0.0
2016-06-29 00:00:00+09:00,5825.837311795927,5875.292637023397,5657.68920602253,5707.14453125,478213,0.0,0.0
2016-06-30 00:00:00+09:00,5786.273149085168,5835.7284751457255,5687.362496964054,5726.9267578125,232761,0.0,0.0
2016-07-01 00:00:00+09:00,5766.4912109375,5855.510800814751,5667.5805555183315,5766.4912109375,350621,0.0,0.0
2016-07-04 00:00:00+09:00,5825.837795796955,5845.619927531409,5736.818202991908,5806.0556640625,291837,0.0,0.0
2016-07-05 00:00:00+09:00,5806.0549789866145,6053.331596490304,5707.14433198514,5865.4013671875,765656,0.0,0.0
2016-07-06 00:00:00+09:00,5845.6191909632735,5855.510255584192,5637.906833923969,5756.599609375,359819,0.0,0.0
2016-07-07 00:00:00+09:00,5776.381932593857,5904.965776983789,5776.381932593857,5796.1640625,229008,0.0,0.0
2016-07-08 00:00:00+09:00,5845.619424584277,6043.440724908618,5786.273034486975,6003.87646484375,798287,0.0,0.0
2016-07-11 00:00:00+09:00,6132.460158158591,6231.370805870827,6013.767380903909,6073.11376953125,759556,0.0,0.0
2016-07-12 00:00:00+09:00,6073.114152620076,6181.91587196669,6033.54989103949,6152.24267578125,336412,0.0,0.0
2016-07-13 00:00:00+09:00,6181.915482014709,6270.935064955721,6053.331639988803,6073.11376953125,528818,0.0,0.0
2016-07-14 00:00:00+09:00,6092.896152052239,6646.795802238806,5984.0944350513055,6627.013671875,2489684,0.0,0.0
2016-07-15 00:00:00+09:00,6597.340524141906,6765.488633452869,6498.429871606045,6636.90478515625,1193614,0.0,0.0
2016-07-18 00:00:00+09:00,6676.468841685999,7339.1701933792765,6676.468841685999,6795.16162109375,3778950,0.0,0.0
2016-07-19 00:00:00+09:00,6805.052816901408,7121.566901408451,6755.5974911971825,7022.65625,1391550,0.0,0.0
2016-07-20 00:00:00+09:00,7190.804308031778,7269.932828615347,6933.636616135182,7012.76513671875,1104215,0.0,0.0
2016-07-21 00:00:00+09:00,7042.438619973776,7398.516977163462,6933.636899721372,7072.11181640625,1180453,0.0,0.0
2016-07-22 00:00:00+09:00,7141.349073010575,7329.279311774012,7042.438421029819,7131.4580078125,589861,0.0,0.0
2016-07-25 00:00:00+09:00,7101.7847352934505,7190.804321111892,6795.161717474374,6814.94384765625,741308,0.0,0.0
2016-07-26 00:00:00+09:00,6913.854942290381,7388.626097125772,6854.508547935957,7210.5869140625,953785,0.0,0.0
2016-07-27 00:00:00+09:00,7151.240047739994,7289.714958761239,6953.418746281073,7012.76513671875,469739,0.0,0.0
2016-07-28 00:00:00+09:00,7022.656344750566,7675.46665285414,7012.76527947627,7645.79345703125,2106922,0.0,0.0
2016-07-29 00:00:00+09:00,7655.684522305547,7754.595175048513,7527.100673739691,7645.79345703125,862933,0.0,0.0
2016-08-01 00:00:00+09:00,7675.466556217575,7912.852119811932,7319.388210826038,7626.01123046875,1343108,0.0,0.0
2016-08-02 00:00:00+09:00,7695.248822893415,7902.961194719587,7586.447104317801,7754.59521484375,1012611,0.0,0.0
2016-08-03 00:00:00+09:00,7754.5950919607185,7774.377222297353,7428.18994140625,7428.18994140625,730735,0.0,0.0
2016-08-04 00:00:00+09:00,7418.299030807783,7972.198691774764,7151.240265698702,7863.39697265625,2095450,0.0,0.0
2016-08-05 00:00:00+09:00,8001.8719171262255,8209.584290747549,7794.159543504902,8071.109375,1480086,0.0,0.0
2016-08-08 00:00:00+09:00,8140.346793720885,8308.494904891304,7804.050571380047,7962.3076171875,871236,0.0,0.0
2016-08-09 00:00:00+09:00,7893.07022677123,8150.237928395356,7715.031048723759,7774.37744140625,560531,0.0,0.0
2016-08-10 00:00:00+09:00,7863.396340800074,7883.178469959319,7546.882274252146,7635.90185546875,482584,0.0,0.0
2016-08-11 00:00:00+09:00,7635.902487399193,7843.6148607610885,7507.318637222782,7665.57568359375,388827,0.0,0.0
2016-08-12 00:00:00+09:00,7774.377165141858,7863.396751002261,7447.972016987048,7517.20947265625,535815,0.0,0.0
2016-08-16 00:00:00+09:00,7467.754258312626,7655.684497925791,7339.17041015625,7339.17041015625,463263,0.0,0.0
2016-08-17 00:00:00+09:00,7339.170192040768,7833.723439482868,7230.368477603506,7794.1591796875,969118,0.0,0.0
2016-08-18 00:00:00+09:00,7764.485989842746,7942.525159036592,7665.575340290608,7695.24853515625,499570,0.0,0.0
2016-08-19 00:00:00+09:00,7734.81288568038,7853.50566653481,7626.011169897152,7813.94140625,262619,0.0,0.0
2016-08-22 00:00:00+09:00,7833.723345884342,7863.396540376329,7675.46630859375,7675.46630859375,263873,0.0,0.0
2016-08-23 00:00:00+09:00,7675.466628411388,7734.813019868177,7269.932953456662,7339.17041015625,637377,0.0,0.0
2016-08-24 00:00:00+09:00,7378.734702653997,7695.2487917758845,7339.170441513761,7546.8828125,440317,0.0,0.0
2016-08-25 00:00:00+09:00,7606.22874672899,8278.82114565951,7576.555552658525,8150.2373046875,2247975,0.0,0.0
2016-08-26 00:00:00+09:00,8278.821599432762,8901.958709067487,7438.0810546875,7438.0810546875,4426191,0.0,0.0
2016-08-29 00:00:00+09:00,7339.170544029387,7665.575702995654,7131.458170141764,7467.75439453125,1087658,0.0,0.0
2016-08-30 00:00:00+09:00,7635.9022290039065,8209.584002685548,7566.664773559571,7912.85205078125,1564402,0.0,0.0
2016-08-31 00:00:00+09:00,8021.654047947304,8357.950271905638,7912.852328431372,8071.109375,1528323,0.0,0.0
2016-09-01 00:00:00+09:00,7982.090300148315,8288.71334761374,7853.506441533782,8179.91162109375,631272,0.0,0.0
2016-09-02 00:00:00+09:00,8110.673401412298,8308.494703885768,7912.852098938827,7922.7431640625,619461,0.0,0.0
2016-09-05 00:00:00+09:00,7982.089860064887,8328.277152632758,7982.089860064887,8288.712890625,700618,0.0,0.0
2016-09-06 00:00:00+09:00,8328.27672132555,8427.187371222528,8011.762641655219,8100.7822265625,567165,0.0,0.0
2016-09-07 00:00:00+09:00,8120.564214436647,8160.1284737030865,7883.178658838012,7972.1982421875,408025,0.0,0.0
2016-09-08 00:00:00+09:00,8061.217632392528,8061.217632392528,7556.773338831768,7635.90185546875,602807,0.0,0.0
2016-09-09 00:00:00+09:00,7566.664879840353,7754.595118686061,7457.86316261389,7734.81298828125,323267,0.0,0.0
2016-09-12 00:00:00+09:00,7438.080776449022,7586.446749383511,7082.00244140625,7082.00244140625,696752,0.0,0.0
2016-09-13 00:00:00+09:00,7299.606053367821,7408.4077696104305,7151.240076673353,7319.38818359375,291371,0.0,0.0
2016-09-19 00:00:00+09:00,7319.38818359375,7398.516704497466,7171.022206899282,7319.38818359375,246542,0.0,0.0
2016-09-20 00:00:00+09:00,7279.8240662853295,7388.625784667312,7171.0223479033475,7349.0615234375,260844,0.0,0.0
2016-09-21 00:00:00+09:00,7408.407682881049,7507.318332852759,6913.854433022501,7101.78466796875,721558,0.0,0.0
2016-09-22 00:00:00+09:00,7180.913333802878,7230.368659793256,6943.527769049064,7131.4580078125,423948,0.0,0.0
2016-09-23 00:00:00+09:00,7190.804623566772,7200.695689073741,6874.29052734375,6874.29052734375,490245,0.0,0.0
2016-09-26 00:00:00+09:00,6923.745514625727,7042.438294876453,6785.270604333213,6805.052734375,285672,0.0,0.0
2016-09-27 00:00:00+09:00,6775.379872274056,6953.419051399505,6656.687086190423,6874.29052734375,503451,0.0,0.0
2016-09-28 00:00:00+09:00,6468.7568415580035,6963.310116906475,6448.974710544065,6874.29052734375,733065,0.0,0.0
2016-09-29 00:00:00+09:00,6943.527675156467,7200.695366828929,6903.963414899165,7111.67578125,388242,0.0,0.0
2016-09-30 00:00:00+09:00,7062.220632961419,7072.111698273689,6666.578020470583,6745.70654296875,483768,0.0,0.0
2016-10-04 00:00:00+09:00,6814.94405805976,6864.399385041326,6627.013815529811,6656.68701171875,201495,0.0,0.0
2016-10-05 00:00:00+09:00,6607.231357633514,6656.686682166699,6379.7368647808635,6389.6279296875,590295,0.0,0.0
2016-10-06 00:00:00+09:00,6448.974637635652,6547.885291587118,6112.678414200664,6152.24267578125,671404,0.0,0.0
2016-10-07 00:00:00+09:00,6201.698158822409,6340.173077839177,6073.114305449695,6083.00537109375,343007,0.0,0.0
2016-10-10 00:00:00+09:00,6063.223155058043,6172.024875621891,5835.728648424544,5964.3125,485243,0.0,0.0
2016-10-11 00:00:00+09:00,5964.312709152318,6795.162240775528,5904.9663140363755,6211.58935546875,2198178,0.0,0.0
2016-10-12 00:00:00+09:00,6231.370960216742,6231.370960216742,5944.530074746448,6003.87646484375,474573,0.0,0.0
2016-10-13 00:00:00+09:00,6013.767598399653,6073.113989173335,5707.144579402303,5717.03564453125,501666,0.0,0.0
2016-10-14 00:00:00+09:00,5667.5804140288255,5954.421307583513,5667.5804140288255,5736.81787109375,479563,0.0,0.0
2016-10-17 00:00:00+09:00,5815.9462890625,5845.6194844148595,5717.035637887968,5815.9462890625,144352,0.0,0.0
2016-10-18 00:00:00+09:00,5766.4908237092395,5835.728277853261,5687.3623046875,5687.3623046875,185359,0.0,0.0
2016-10-19 00:00:00+09:00,5726.926607828498,5904.965776983789,5697.253412969283,5796.1640625,216049,0.0,0.0
2016-10-20 00:00:00+09:00,5835.728265431301,6023.658497707903,5806.055070861312,5984.09423828125,292336,0.0,0.0
2016-10-21 00:00:00+09:00,5984.094143589271,6013.767337689714,5825.83710838691,5865.4013671875,218680,0.0,0.0
2016-10-24 00:00:00+09:00,5865.401655754383,5964.312307622079,5855.510590567613,5924.748046875,109788,0.0,0.0
2016-10-25 00:00:00+09:00,5984.094151552787,5984.094151552787,5509.323045313888,5568.66943359375,475014,0.0,0.0
2016-10-26 00:00:00+09:00,5568.669737768955,5568.669737768955,5311.502041175717,5430.19482421875,393605,0.0,0.0
2016-10-27 00:00:00+09:00,5469.7589759355715,5657.689211998457,5440.085780767747,5608.23388671875,167527,0.0,0.0
2016-10-28 00:00:00+09:00,5588.451762721611,5657.689218188958,5440.085786720152,5509.3232421875,125377,0.0,0.0
2016-10-31 00:00:00+09:00,5509.322998931442,5548.887257451596,5311.501706330672,5459.86767578125,115874,0.0,0.0
2016-11-01 00:00:00+09:00,5390.630811803481,5588.452125998105,5341.175483254826,5380.73974609375,135402,0.0,0.0
2016-11-02 00:00:00+09:00,5360.957553863525,5410.412881851196,5004.879192352295,5064.2255859375,360235,0.0,0.0
2016-11-03 00:00:00+09:00,4955.423523995536,5271.937601376488,4955.423523995536,5192.80908203125,263704,0.0,0.0
2016-11-04 00:00:00+09:00,5192.809172049581,5370.848343662709,5163.135976780726,5311.501953125,91752,0.0,0.0
2016-11-07 00:00:00+09:00,5380.739111598891,5430.194434315793,5281.828466165088,5351.06591796875,142225,0.0,0.0
2016-11-08 00:00:00+09:00,5420.303320312501,5499.4318359375,5351.065869140625,5440.08544921875,137815,0.0,0.0
2016-11-09 00:00:00+09:00,5588.451756606867,6132.460334683642,5469.7589759355715,5608.23388671875,1216956,0.0,0.0
2016-11-10 00:00:00+09:00,5717.035788242255,5825.837507395654,5667.580461354346,5746.708984375,262031,0.0,0.0
2016-11-11 00:00:00+09:00,5776.382371794872,6350.064182692307,5628.016386217949,5786.2734375,606586,0.0,0.0
2016-11-14 00:00:00+09:00,5717.035608589542,5786.273064056889,5489.541112053972,5509.3232421875,286508,0.0,0.0
2016-11-15 00:00:00+09:00,5796.164129123653,6033.549690725987,5509.3232421875,5509.3232421875,706693,0.0,0.0
2016-11-16 00:00:00+09:00,5568.669620613085,5726.926661340988,5558.778555567591,5707.14453125,178170,0.0,0.0
2016-11-17 00:00:00+09:00,5687.362745331555,5726.927007907774,5608.234220179116,5677.4716796875,143921,0.0,0.0
2016-11-18 00:00:00+09:00,5687.36241338925,5717.035608589542,5509.3232421875,5509.3232421875,155043,0.0,0.0
2016-11-21 00:00:00+09:00,5558.77837426623,5558.77837426623,5291.719626748101,5370.84814453125,241230,0.0,0.0
2016-11-22 00:00:00+09:00,5390.630811803481,5479.650403191062,5341.175483254826,5380.73974609375,118354,0.0,0.0
2016-11-23 00:00:00+09:00,5410.412459744752,5459.867783874046,5093.898385317271,5182.91796875,290958,0.0,0.0
2016-11-24 00:00:00+09:00,5173.02716052462,5242.264617740054,4994.987984827788,5034.55224609375,252939,0.0,0.0
2016-11-25 00:00:00+09:00,4994.987643303999,5163.1357421875,4994.987643303999,5163.1357421875,135363,0.0,0.0
2016-11-28 00:00:00+09:00,5173.027307510376,5192.809438705444,5034.5523891448975,5064.2255859375,99435,0.0,0.0
2016-11-29 00:00:00+09:00,5044.44287109375,5222.482031250001,5024.660742187501,5143.353515625,120574,0.0,0.0
2016-11-30 00:00:00+09:00,5153.245060067807,5242.2646484375,5084.007602446934,5242.2646484375,91652,0.0,0.0
2016-12-01 00:00:00+09:00,5242.264733120965,5440.086043804774,5173.02727438163,5360.95751953125,184050,0.0,0.0
2016-12-02 00:00:00+09:00,5360.957492352447,5360.957492352447,5153.2451171875,5153.2451171875,133167,0.0,0.0
2016-12-05 00:00:00+09:00,5113.680876528193,5163.136204154192,4955.423828125,4955.423828125,170785,0.0,0.0
2016-12-06 00:00:00+09:00,4994.987984827788,5133.462899258657,4994.987984827788,5034.55224609375,114853,0.0,0.0
2016-12-07 00:00:00+09:00,5093.898589367003,5113.680719811147,4935.641545813854,5024.6611328125,98549,0.0,0.0
2016-12-08 00:00:00+09:00,5103.789354346264,5271.937453229765,5074.116160425647,5163.1357421875,146558,0.0,0.0
2016-12-09 00:00:00+09:00,5173.027143453155,5271.937796291647,5163.136078169306,5232.37353515625,97226,0.0,0.0
2016-12-12 00:00:00+09:00,5321.393268327068,5341.17539943609,5182.918350563909,5262.046875,101540,0.0,0.0
2016-12-13 00:00:00+09:00,5262.0462890625,5440.08544921875,5232.373095703125,5440.08544921875,125125,0.0,0.0
2016-12-14 00:00:00+09:00,5529.105226372123,5529.105226372123,5390.630319092678,5479.64990234375,112736,0.0,0.0
2016-12-15 00:00:00+09:00,5410.412544085825,5568.66958376658,5351.066154205541,5499.43212890625,226875,0.0,0.0
2016-12-16 00:00:00+09:00,5499.43218335809,5499.43218335809,5390.630467500286,5410.41259765625,149355,0.0,0.0
2016-12-19 00:00:00+09:00,5420.303751118068,5529.10546875,5370.848424921735,5529.10546875,123205,0.0,0.0
2016-12-20 00:00:00+09:00,5568.669620613085,5825.837311795927,5558.778555567591,5707.14453125,427777,0.0,0.0
2016-12-21 00:00:00+09:00,5707.144722864673,5815.946442018072,5647.798330599183,5746.708984375,137609,0.0,0.0
2016-12-22 00:00:00+09:00,5717.03550366427,5815.946152516593,5578.5605952710175,5588.45166015625,185222,0.0,0.0
2016-12-23 00:00:00+09:00,5598.342815749566,5776.381986568457,5588.451750704073,5707.14453125,163410,0.0,0.0
2016-12-26 00:00:00+09:00,5825.837367957746,5825.837367957746,5588.451804577465,5618.125,124368,0.0,0.0
2016-12-27 00:00:00+09:00,5628.01576930305,5904.965578688789,5628.01576930305,5756.599609375,446934,0.0,0.0
2016-12-28 00:00:00+09:00,5756.600087758657,5924.7482002876895,5746.709022315773,5855.5107421875,204468,0.0,0.0
2016-12-29 00:00:00+09:00,5865.401409335556,6102.786963844921,5806.055020708215,6073.11376953125,389156,0.0,0.0
2017-01-02 00:00:00+09:00,6102.7869576535395,6290.7171881161275,6102.7869576535395,6270.93505859375,558206,0.0,0.0
2017-01-03 00:00:00+09:00,6251.153272335579,6270.935402944236,6102.787292770652,6241.26220703125,392379,0.0,0.0
2017-01-04 00:00:00+09:00,6251.153232106854,6290.717493069556,6122.569383978074,6132.46044921875,186057,0.0,0.0
2017-01-05 00:00:00+09:00,6102.787358302696,6221.480143229167,6013.767769607844,6053.33203125,230894,0.0,0.0
2017-01-06 00:00:00+09:00,6102.7874435033555,6172.02490234375,6023.658919114333,6172.02490234375,257281,0.0,0.0
2017-01-09 00:00:00+09:00,6201.697857242023,6221.479987568154,6063.222944959107,6122.5693359375,234295,0.0,0.0
2017-01-10 00:00:00+09:00,6102.787120825481,6132.460315902428,5865.401560209903,5904.9658203125,309865,0.0,0.0
2017-01-11 00:00:00+09:00,5904.965868487406,5984.094389338158,5855.510542955685,5914.85693359375,253491,0.0,0.0
2017-01-12 00:00:00+09:00,5914.856784284608,6092.895951704545,5855.510395144628,5984.09423828125,298057,0.0,0.0
2017-01-13 00:00:00+09:00,5984.094095656143,6053.331548002578,5717.035350891323,5756.599609375,367705,0.0,0.0
2017-01-16 00:00:00+09:00,5756.600217129322,5756.600217129322,5548.887838160738,5578.56103515625,230402,0.0,0.0
2017-01-17 00:00:00+09:00,5578.560746387769,5667.580332766297,5479.650094856071,5519.21435546875,176070,0.0,0.0
2017-01-18 00:00:00+09:00,5509.323283450704,5657.68926056338,5449.976892605634,5618.125,137755,0.0,0.0
2017-01-19 00:00:00+09:00,5667.5803591561435,5865.401663140651,5538.9965115662135,5825.83740234375,337940,0.0,0.0
2017-01-20 00:00:00+09:00,5815.946598704269,5835.728729992378,5667.580614043445,5677.4716796875,153724,0.0,0.0
2017-01-23 00:00:00+09:00,5667.5803591561435,6003.876575929807,5667.5803591561435,5825.83740234375,584389,0.0,0.0
2017-01-24 00:00:00+09:00,5885.183772023929,6211.588922405089,5855.510576534733,6122.5693359375,1112246,0.0,0.0
2017-01-25 00:00:00+09:00,6231.370968438883,6725.9242199022865,6162.133513234006,6706.14208984375,2600306,0.0,0.0
2017-01-26 00:00:00+09:00,6745.706349960822,6775.379545048627,6567.667179433997,6706.14208984375,1073572,0.0,0.0
2017-01-31 00:00:00+09:00,6745.706600285568,6755.597665681881,6528.103161566679,6656.68701171875,513359,0.0,0.0
2017-02-01 00:00:00+09:00,6656.687178448933,7062.220869855183,6577.558653296494,6894.07275390625,1560982,0.0,0.0
2017-02-02 00:00:00+09:00,6933.636649101385,6963.309844461305,6458.865523342659,6518.2119140625,771357,0.0,0.0
2017-02-03 00:00:00+09:00,6597.340374521801,6765.488480019359,6448.97439908278,6706.14208984375,547820,0.0,0.0
2017-02-06 00:00:00+09:00,6716.033009259259,6963.30962962963,6676.46875,6676.46875,695766,0.0,0.0
2017-02-07 00:00:00+09:00,6755.59793378372,6844.617525883358,6429.19276275171,6508.3212890625,622771,0.0,0.0
2017-02-08 00:00:00+09:00,6567.667528195489,6587.449659304511,6330.281954887218,6577.55859375,332066,0.0,0.0
2017-02-09 00:00:00+09:00,6577.558010504403,6646.795463246554,6458.865234375,6458.865234375,285819,0.0,0.0
2017-02-10 00:00:00+09:00,6448.974513221154,6597.340491286058,6409.410252403846,6429.1923828125,291941,0.0,0.0
2017-02-13 00:00:00+09:00,6389.62798334478,6448.974373282967,6290.717333447802,6300.6083984375,363050,0.0,0.0
2017-02-14 00:00:00+09:00,6359.955058976716,6557.7763671875,6310.49973192402,6557.7763671875,440328,0.0,0.0
2017-02-15 00:00:00+09:00,6547.885359924503,6597.34068741638,6439.083639442374,6468.7568359375,407585,0.0,0.0
2017-02-16 00:00:00+09:00,6518.212222928779,6528.103288517442,6290.717714389535,6379.7373046875,352641,0.0,0.0
2017-02-17 00:00:00+09:00,6300.6085279060135,6557.7762229225855,6280.826397520123,6528.10302734375,360184,0.0,0.0
2017-02-20 00:00:00+09:00,6488.538612444609,6745.706301352475,6488.538612444609,6696.2509765625,589656,0.0,0.0
2017-02-21 00:00:00+09:00,6716.033160729323,6755.597420880895,6547.885055085142,6607.2314453125,312122,0.0,0.0
2017-02-22 00:00:00+09:00,6617.1226140802555,6706.142200816761,6528.10302734375,6528.10302734375,401771,0.0,0.0
2017-02-23 00:00:00+09:00,6567.667452371696,6567.667452371696,6350.064012684681,6359.955078125,359354,0.0,0.0
2017-02-24 00:00:00+09:00,6330.281400481541,6399.518853299308,6162.13330078125,6162.13330078125,303265,0.0,0.0
2017-02-27 00:00:00+09:00,6172.025092058121,6350.0642774059515,6152.242960352806,6211.58935546875,158192,0.0,0.0
2017-02-28 00:00:00+09:00,6211.588818904505,6340.172663881828,6191.806688907995,6201.69775390625,107730,0.0,0.0
2017-03-02 00:00:00+09:00,6280.826436027151,6280.826436027151,6033.5498046875,6033.5498046875,219891,0.0,0.0
2017-03-03 00:00:00+09:00,6043.440676245359,6073.113871055074,5885.18363726021,5993.9853515625,203943,0.0,0.0
2017-03-06 00:00:00+09:00,5993.985388942882,6211.588818904505,5944.5300639516045,6201.69775390625,162830,0.0,0.0
2017-03-07 00:00:00+09:00,6172.0244625000005,6320.3904351562505,6172.0244625000005,6181.91552734375,166979,0.0,0.0
2017-03-08 00:00:00+09:00,6251.153162317026,6468.756595182492,6142.351445884293,6419.30126953125,325194,0.0,0.0
2017-03-09 00:00:00+09:00,6488.5388707822085,6488.5388707822085,6369.846086560583,6448.974609375,216113,0.0,0.0
2017-03-10 00:00:00+09:00,6577.558360877404,6686.360078125,6429.1923828125,6429.1923828125,506740,0.0,0.0
2017-03-13 00:00:00+09:00,6399.519265311104,6676.469094412667,6359.955004010882,6646.7958984375,466428,0.0,0.0
2017-03-14 00:00:00+09:00,6646.795705464072,6725.924225767216,6567.667185160928,6607.2314453125,281131,0.0,0.0
2017-03-15 00:00:00+09:00,6607.231402207001,6636.9045971270925,6439.083297659818,6498.4296875,245218,0.0,0.0
2017-03-16 00:00:00+09:00,6567.667233043722,6627.013623703756,6478.647647053672,6617.12255859375,242482,0.0,0.0
2017-03-17 00:00:00+09:00,6646.795946322437,6716.033404096629,6557.776357755619,6656.68701171875,291058,0.0,0.0
2017-03-20 00:00:00+09:00,6706.142200816761,6716.0332660097065,6528.10302734375,6528.10302734375,213191,0.0,0.0
2017-03-21 00:00:00+09:00,6518.211822745605,6567.667147652627,6399.51904296875,6399.51904296875,204139,0.0,0.0
2017-03-22 00:00:00+09:00,6310.499750923406,6468.756797968507,6270.935489162131,6359.955078125,138739,0.0,0.0
2017-03-23 00:00:00+09:00,6359.954594546298,6429.192047364065,6112.677977339988,6162.13330078125,436197,0.0,0.0
2017-03-24 00:00:00+09:00,6162.13339765625,6221.47978671875,6043.44061953125,6181.91552734375,252395,0.0,0.0
2017-03-27 00:00:00+09:00,6241.261818287269,6300.608206416784,6162.13330078125,6162.13330078125,172693,0.0,0.0
2017-03-28 00:00:00+09:00,6201.698135303887,6379.737316221703,6191.807069697342,6280.82666015625,223058,0.0,0.0
2017-03-29 00:00:00+09:00,6350.063723385989,6429.192243303572,6270.935203468406,6300.6083984375,236985,0.0,0.0
2017-03-30 00:00:00+09:00,6310.499171258555,6310.499171258555,6073.113622496478,6142.35107421875,316707,0.0,0.0
2017-03-31 00:00:00+09:00,6201.69775390625,6270.935208894039,6152.242428914972,6201.69775390625,190066,0.0,0.0
2017-04-03 00:00:00+09:00,6211.588765846109,6290.71728515625,6122.5691816222,6290.71728515625,148311,0.0,0.0
2017-04-04 00:00:00+09:00,6359.954726210585,6666.577737894144,6300.608336852478,6587.44921875,838728,0.0,0.0
2017-04-05 00:00:00+09:00,6617.122855968045,6666.578183740601,6478.647938204887,6577.55859375,342863,0.0,0.0
2017-04-06 00:00:00+09:00,6597.340532219176,6597.340532219176,6439.083487968041,6537.994140625,284729,0.0,0.0
2017-04-07 00:00:00+09:00,6824.834675616529,6824.834675616529,6518.211668451148,6567.6669921875,806497,0.0,0.0
2017-04-10 00:00:00+09:00,6547.885245186942,6745.7065516880575,6448.974591936384,6646.7958984375,647821,0.0,0.0
2017-04-11 00:00:00+09:00,6716.033101488583,6874.290140698918,6547.884997327602,6795.16162109375,1012219,0.0,0.0
2017-04-12 00:00:00+09:00,6894.072717605458,6963.310176749272,6775.3799305017765,6785.27099609375,645216,0.0,0.0
2017-04-13 00:00:00+09:00,6725.924334691401,7161.131203406727,6725.924334691401,7131.4580078125,1652084,0.0,0.0
2017-04-14 00:00:00+09:00,7131.4581708041105,7161.131367076527,6963.31005859375,6963.31005859375,641139,0.0,0.0
2017-04-17 00:00:00+09:00,7022.656572386521,7230.368949879643,6992.983375601789,7190.8046875,797343,0.0,0.0
2017-04-18 00:00:00+09:00,7378.73463776439,7398.516768160541,7052.329486227895,7131.4580078125,737777,0.0,0.0
2017-04-19 00:00:00+09:00,7131.457819268255,7131.457819268255,6884.18119585396,6992.98291015625,568404,0.0,0.0
2017-04-20 00:00:00+09:00,7012.7648450002225,7230.368267553121,6953.41845703125,6953.41845703125,902034,0.0,0.0
2017-04-21 00:00:00+09:00,6992.98329258632,7072.11181640625,6785.2709175590035,7072.11181640625,606622,0.0,0.0
2017-04-24 00:00:00+09:00,7091.893794770386,7190.804447417114,6953.418881064967,7141.34912109375,606983,0.0,0.0
2017-04-25 00:00:00+09:00,7190.804002707197,7378.734231113574,7161.130808748295,7250.150390625,763281,0.0,0.0
2017-04-26 00:00:00+09:00,7299.605868376832,7319.387998101432,7082.00244140625,7082.00244140625,507985,0.0,0.0
2017-04-27 00:00:00+09:00,7141.348729929213,7220.477247712362,7032.547017977383,7161.130859375,358393,0.0,0.0
2017-04-28 00:00:00+09:00,7190.804203985792,7240.259528634938,7072.111424827842,7091.8935546875,189352,0.0,0.0
2017-05-02 00:00:00+09:00,7091.894006313076,7180.913596350479,6953.419088477116,6983.09228515625,251332,0.0,0.0
2017-05-04 00:00:00+09:00,7052.32914742317,7200.695118266574,7052.32914742317,7161.130859375,385454,0.0,0.0
2017-05-08 00:00:00+09:00,7368.843870162964,7665.575838088989,7339.170673370361,7596.33837890625,1572471,0.0,0.0
2017-05-10 00:00:00+09:00,7596.337842242503,7665.575296533776,7487.536128356217,7586.44677734375,416998,0.0,0.0
2017-05-11 00:00:00+09:00,7586.447025329109,7843.6147211029775,7408.407851331816,7536.99169921875,1039733,0.0,0.0
2017-05-12 00:00:00+09:00,7428.189699229222,7497.427153150134,7269.9326616957105,7378.734375,602181,0.0,0.0
2017-05-15 00:00:00+09:00,7378.734710895999,7517.209625041501,7339.170449711571,7447.97216796875,443718,0.0,0.0
2017-05-16 00:00:00+09:00,7368.843265040391,7408.407524181547,7220.477293261054,7269.9326171875,632800,0.0,0.0
2017-05-17 00:00:00+09:00,7269.933189790412,7418.299173255522,7269.933189790412,7388.6259765625,263873,0.0,0.0
2017-05-18 00:00:00+09:00,7171.022153887475,7418.298779883595,7171.022153887475,7408.40771484375,353949,0.0,0.0
2017-05-19 00:00:00+09:00,7408.4078110696155,7734.812961624084,7358.952485228029,7428.18994140625,962797,0.0,0.0
2017-05-22 00:00:00+09:00,7527.100641778175,7566.664902707364,7408.4078589906085,7438.0810546875,268813,0.0,0.0
2017-05-23 00:00:00+09:00,7408.408011744967,7428.19014261745,7289.715226510067,7368.84375,375819,0.0,0.0
2017-05-24 00:00:00+09:00,7408.407866855837,7418.298932098635,7309.497214427855,7339.17041015625,195256,0.0,0.0
2017-05-25 00:00:00+09:00,7358.952507368238,7378.73463776439,7111.675877416349,7131.4580078125,456330,0.0,0.0
2017-05-26 00:00:00+09:00,7121.5669905644045,7240.259773740478,7022.656337917677,7141.34912109375,289547,0.0,0.0
2017-05-29 00:00:00+09:00,7200.69559988079,7418.299038338726,7200.69559988079,7260.0419921875,580524,0.0,0.0
2017-05-30 00:00:00+09:00,7260.041953016943,7269.933018348029,7151.240234375,7151.240234375,286729,0.0,0.0
2017-05-31 00:00:00+09:00,7200.695215650827,7319.387993930785,7161.130956224173,7180.9130859375,323095,0.0,0.0
2017-06-01 00:00:00+09:00,7220.4779797882375,7269.933308416924,7101.78519107939,7210.5869140625,238378,0.0,0.0
2017-06-02 00:00:00+09:00,7250.150964765101,7457.863338926174,7240.259899328859,7368.84375,652009,0.0,0.0
2017-06-05 00:00:00+09:00,7398.516718207466,7398.516718207466,7091.893699137369,7121.56689453125,626879,0.0,0.0
2017-06-07 00:00:00+09:00,7161.131492614746,7626.0115756988525,7151.240427017212,7596.33837890625,1881247,0.0,0.0
2017-06-08 00:00:00+09:00,7576.55615899938,7982.08984375,7546.882962554213,7982.08984375,1944324,0.0,0.0
2017-06-09 00:00:00+09:00,8061.217923306002,8179.910702544864,7863.396624574567,7991.98046875,1152926,0.0,0.0
2017-06-12 00:00:00+09:00,7912.851949257425,8259.039222037438,7833.723429764851,7991.98046875,878195,0.0,0.0
2017-06-13 00:00:00+09:00,8041.43631021939,8387.623605247285,8041.43631021939,8199.693359375,997212,0.0,0.0
2017-06-14 00:00:00+09:00,8249.147997754491,8288.712256736526,8071.108832335329,8259.0390625,547211,0.0,0.0
2017-06-15 00:00:00+09:00,8357.950445265997,8427.187904575892,8170.020198567709,8308.4951171875,679065,0.0,0.0
2017-06-16 00:00:00+09:00,8308.494851878613,8684.35533327312,8209.584198880058,8555.771484375,783283,0.0,0.0
2017-06-19 00:00:00+09:00,8644.790627706408,8753.592340412097,8466.751461460739,8565.662109375,627819,0.0,0.0
2017-06-20 00:00:00+09:00,8684.355430453432,8684.355430453432,8496.425187653187,8575.5537109375,407791,0.0,0.0
2017-06-21 00:00:00+09:00,8545.879918032786,9297.600836748634,8259.039041154372,9050.32421875,1941604,0.0,0.0
2017-06-22 00:00:00+09:00,9238.255129942601,10138.342085857781,9178.908737244898,9693.244140625,5033646,0.0,0.0
2017-06-23 00:00:00+09:00,9614.115371192895,9940.52052268401,9426.185132455585,9742.69921875,1529426,0.0,0.0
2017-06-26 00:00:00+09:00,9989.975496979378,10138.341469706795,9693.243551524545,9772.3720703125,1118228,0.0,0.0
2017-06-27 00:00:00+09:00,9703.134676182826,10583.439453125,9643.788286726052,10583.439453125,2084388,0.0,0.0
2017-06-28 00:00:00+09:00,10484.529335171568,10731.805970435049,9989.976064644608,10088.88671875,1475623,0.0,0.0
2017-06-29 00:00:00+09:00,10286.707847013053,10385.618499388178,9782.263519899912,9851.5009765625,1404052,0.0,0.0
2017-06-30 00:00:00+09:00,9643.78855235541,10088.886485541045,9643.78855235541,9940.5205078125,667459,0.0,0.0
2017-07-03 00:00:00+09:00,9891.06476950594,9940.520093353469,9109.67065271497,9159.1259765625,1851926,0.0,0.0
2017-07-04 00:00:00+09:00,9238.254978799412,9604.224394447783,9149.235391209268,9258.037109375,1753317,0.0,0.0
2017-07-05 00:00:00+09:00,9356.947596216252,9624.006354247795,9317.383335767134,9525.095703125,905800,0.0,0.0
2017-07-06 00:00:00+09:00,9614.115559201759,9683.353016932637,9238.255074376999,9277.8193359375,683342,0.0,0.0
2017-07-07 00:00:00+09:00,9277.8193359375,9386.621055228878,9159.126551255997,9277.8193359375,468596,0.0,0.0
2017-07-10 00:00:00+09:00,9366.83915308565,9436.076612506558,9228.364234243834,9426.185546875,542638,0.0,0.0
2017-07-11 00:00:00+09:00,9525.095394143333,9624.006042057592,8071.108869803696,8565.662109375,3765061,0.0,0.0
2017-07-12 00:00:00+09:00,8437.077930586522,8783.265184479287,8437.077930586522,8595.3349609375,924193,0.0,0.0
2017-07-13 00:00:00+09:00,8714.028745905109,8714.028745905109,8338.168255162323,8397.5146484375,786021,0.0,0.0
2017-07-14 00:00:00+09:00,8377.732292770128,8842.612360963984,8219.475248278603,8753.5927734375,1113926,0.0,0.0
2017-07-17 00:00:00+09:00,8753.593275669642,9050.325251116072,8634.90048549107,8654.6826171875,883386,0.0,0.0
2017-07-18 00:00:00+09:00,8793.157459475267,9248.146484375,8654.682538853609,9248.146484375,1499840,0.0,0.0
2017-07-19 00:00:00+09:00,9366.83908012218,9643.788915648496,9099.780310150376,9208.58203125,1263852,0.0,0.0
2017-07-20 00:00:00+09:00,9248.14621480306,9732.808422851564,9248.14621480306,9495.4228515625,1355623,0.0,0.0
2017-07-21 00:00:00+09:00,9544.877489931096,9564.659619443906,9297.600871020963,9554.7685546875,502261,0.0,0.0
2017-07-24 00:00:00+09:00,9505.313700380068,9534.986896114864,9020.651503378378,9149.2353515625,910336,0.0,0.0
2017-07-25 00:00:00+09:00,9188.799529995502,9356.94763764881,8803.0479889085,8931.6318359375,733984,0.0,0.0
2017-07-26 00:00:00+09:00,8941.522315165545,9149.234669832,8704.136766975309,8812.9384765625,526939,0.0,0.0
2017-07-27 00:00:00+09:00,8961.305726118311,8981.087857964047,8714.029078046615,8872.2861328125,378177,0.0,0.0
2017-07-28 00:00:00+09:00,8852.503701853198,8852.503701853198,8387.623619186046,8506.31640625,722293,0.0,0.0
2017-07-31 00:00:00+09:00,8357.950422420057,8595.335996547965,8209.584438590116,8506.31640625,329998,0.0,0.0
2017-08-01 00:00:00+09:00,8565.662509605532,8684.355292648566,8446.9697265625,8446.9697265625,264052,0.0,0.0
2017-08-02 00:00:00+09:00,8526.098608453798,8862.394841269841,8506.316477111679,8723.919921875,471782,0.0,0.0
2017-08-03 00:00:00+09:00,8723.919056716475,8723.919056716475,8041.435593095798,8150.2373046875,901617,0.0,0.0
2017-08-04 00:00:00+09:00,8150.238031513872,8268.930818380579,7972.198851213811,8199.693359375,420831,0.0,0.0
2017-08-07 00:00:00+09:00,8160.129039099792,8397.514611146331,8150.237973597852,8288.712890625,289787,0.0,0.0
2017-08-08 00:00:00+09:00,8318.385445221125,8466.75141630117,8189.801603618421,8456.8603515625,252367,0.0,0.0
2017-08-09 00:00:00+09:00,8377.732253108663,8417.296514044241,8041.43603515625,8041.43603515625,497539,0.0,0.0
2017-08-10 00:00:00+09:00,7982.08948842244,8338.167829913404,7922.743098173946,8209.583984375,522668,0.0,0.0
2017-08-11 00:00:00+09:00,8001.871774220672,8170.019883196878,7972.198578518988,8041.43603515625,282046,0.0,0.0
2017-08-14 00:00:00+09:00,8071.108832335329,8377.731839446107,8061.21776758982,8259.0390625,416454,0.0,0.0
2017-08-16 00:00:00+09:00,8446.969938656026,8456.861004157965,8249.148628617244,8288.712890625,367122,0.0,0.0
2017-08-17 00:00:00+09:00,8318.386295284845,8951.414503249447,8278.822032287057,8941.5234375,1152037,0.0,0.0
2017-08-18 00:00:00+09:00,8822.82987592924,9089.888627779115,8664.57283779598,8981.0869140625,902665,0.0,0.0
2017-08-21 00:00:00+09:00,8981.0869140625,9228.363536145718,8901.958394995869,8981.0869140625,663559,0.0,0.0
2017-08-22 00:00:00+09:00,9060.216234959893,9248.146484375,8901.959182820856,9248.146484375,674724,0.0,0.0
2017-08-23 00:00:00+09:00,9366.838601640538,9485.531382231547,8911.849609375,8911.849609375,1124614,0.0,0.0
2017-08-24 00:00:00+09:00,9050.324208524215,9445.966796875,8951.413561436519,9445.966796875,2075138,0.0,0.0
2017-08-25 00:00:00+09:00,9475.640292906483,9525.095618026036,9267.927927404357,9307.4921875,862858,0.0,0.0
2017-08-28 00:00:00+09:00,9396.511639162307,9396.511639162307,8951.413719412514,8981.0869140625,716338,0.0,0.0
2017-08-29 00:00:00+09:00,8901.958438180087,9188.799321188111,8783.265659004352,9089.888671875,749146,0.0,0.0
2017-08-30 00:00:00+09:00,9169.017694152228,9218.473021520902,8951.414253730061,8990.978515625,373092,0.0,0.0
2017-08-31 00:00:00+09:00,9050.32460387324,9188.79951584507,8911.849691901409,9129.453125,570782,0.0,0.0
2017-09-01 00:00:00+09:00,9159.126883987832,9188.800081236172,8882.177043003318,8941.5234375,585677,0.0,0.0
2017-09-04 00:00:00+09:00,8526.09821771882,9050.324674260697,8526.09821771882,8842.6123046875,903532,0.0,0.0
2017-09-05 00:00:00+09:00,8842.613029233871,8931.632623487903,8535.989982358871,8585.4453125,693571,0.0,0.0
2017-09-06 00:00:00+09:00,8634.8994140625,8783.265383376289,8575.553026336986,8634.8994140625,306546,0.0,0.0
2017-09-07 00:00:00+09:00,8753.592236549066,8852.502883289733,8704.136913178732,8743.701171875,277919,0.0,0.0
2017-09-08 00:00:00+09:00,8743.70209770698,9178.908989448051,8684.355703378653,9139.3447265625,945524,0.0,0.0
2017-09-11 00:00:00+09:00,9327.274427816901,9327.274427816901,9050.32460387324,9129.453125,931257,0.0,0.0
2017-09-12 00:00:00+09:00,9129.453469981318,9208.581994098166,8981.087487262228,9099.7802734375,598242,0.0,0.0
2017-09-13 00:00:00+09:00,9169.018145966455,9525.096520567093,9089.889618277422,9287.7109375,2346973,0.0,0.0
2017-09-14 00:00:00+09:00,9426.18490355187,9683.35259242107,9347.056383899808,9594.3330078125,1575231,0.0,0.0
2017-09-15 00:00:00+09:00,9525.095970690632,9663.570886152385,9248.146139767125,9277.8193359375,800959,0.0,0.0
2017-09-18 00:00:00+09:00,9317.383673095703,9495.4228515625,9109.671298217774,9495.4228515625,680525,0.0,0.0
2017-09-19 00:00:00+09:00,9564.660100217725,9940.520579853996,9505.313708696209,9653.6796875,3027934,0.0,0.0
2017-09-20 00:00:00+09:00,9703.134946508633,9742.699207248728,9238.2548828125,9238.2548828125,1124880,0.0,0.0
2017-09-21 00:00:00+09:00,9149.234823511737,9218.472276230203,8634.899460460265,8743.701171875,1148809,0.0,0.0
2017-09-25 00:00:00+09:00,8288.71294952503,8545.880654402894,8011.763113502714,8199.693359375,772248,0.0,0.0
2017-09-26 00:00:00+09:00,8199.693359375,8199.693359375,8199.693359375,8199.693359375,0,0.0,0.0
2017-09-27 00:00:00+09:00,8397.514743683902,8446.970071974149,8249.14875881316,8417.296875,311557,0.0,0.0
2017-09-28 00:00:00+09:00,8506.316596137152,8733.811109754773,8417.297003851996,8545.880859375,431153,0.0,0.0
2017-09-29 00:00:00+09:00,8634.899562914983,8644.790627706408,8456.860396669314,8565.662109375,209931,0.0,0.0
2017-10-10 00:00:00+09:00,8644.79058757485,8654.68165232036,8259.0390625,8259.0390625,316363,0.0,0.0
2017-10-11 00:00:00+09:00,8308.494907272196,8516.207279954,8288.712776540595,8466.751953125,224296,0.0,0.0
2017-10-12 00:00:00+09:00,8466.751422155688,8486.533551646706,8259.0390625,8259.0390625,291139,0.0,0.0
2017-10-13 00:00:00+09:00,8278.821590874139,8318.385851762427,7487.536373108391,7536.99169921875,1441060,0.0,0.0
2017-10-16 00:00:00+09:00,7556.773879874466,7616.1202716012285,6894.072505592281,6943.52783203125,1113947,0.0,0.0
2017-10-17 00:00:00+09:00,7002.874320290305,7091.893909107555,6943.527927745472,6963.31005859375,635379,0.0,0.0
2017-10-18 00:00:00+09:00,6933.636530402793,6992.982920106669,6725.924166439228,6795.16162109375,651755,0.0,0.0
2017-10-19 00:00:00+09:00,6884.180998465211,7250.150390625,6805.052481241473,7250.150390625,483696,0.0,0.0
2017-10-20 00:00:00+09:00,7269.93257132683,7319.387894941298,7062.220212146063,7161.130859375,272922,0.0,0.0
2017-10-23 00:00:00+09:00,7319.388038500679,7447.9718824202855,7279.823778833107,7289.71484375,465238,0.0,0.0
2017-10-24 00:00:00+09:00,7289.71509189293,7358.952548668033,7220.477635117828,7240.259765625,192870,0.0,0.0
2017-10-25 00:00:00+09:00,7309.497377424569,7309.497377424569,7141.349264547413,7171.0224609375,206477,0.0,0.0
2017-10-26 00:00:00+09:00,7180.913292253521,7220.477552816901,6933.6366637323945,7022.65625,337991,0.0,0.0
2017-10-27 00:00:00+09:00,6973.200870349443,7220.47749695758,6973.200870349443,7111.67578125,268032,0.0,0.0
2017-10-30 00:00:00+09:00,7190.804203985792,7220.47739877528,7052.329294968184,7091.8935546875,217402,0.0,0.0
2017-10-31 00:00:00+09:00,7082.0025379744075,7111.67573296592,6943.527628014014,7101.78466796875,292017,0.0,0.0
2017-11-01 00:00:00+09:00,7101.78466796875,7121.566797963092,7012.765082994211,7101.78466796875,236301,0.0,0.0
2017-11-02 00:00:00+09:00,7101.784860035059,7309.497230593187,7032.54740318235,7141.34912109375,355983,0.0,0.0
2017-11-03 00:00:00+09:00,7220.477447934802,7220.477447934802,7072.111472977237,7101.78466796875,186812,0.0,0.0
2017-11-06 00:00:00+09:00,7151.2399929546045,7180.913187946117,7082.0025379744075,7101.78466796875,187534,0.0,0.0
2017-11-07 00:00:00+09:00,7101.784624458539,7151.239949141398,6913.854390663675,6992.98291015625,338078,0.0,0.0
2017-11-08 00:00:00+09:00,6983.091982693142,7161.131155056423,6953.4187872992625,7121.56689453125,255193,0.0,0.0
2017-11-09 00:00:00+09:00,7190.804602136145,7190.804602136145,7022.656489018794,7072.11181640625,241203,0.0,0.0
2017-11-10 00:00:00+09:00,7012.76516509185,7329.2792487067145,6953.418774414062,7319.38818359375,567710,0.0,0.0
2017-11-13 00:00:00+09:00,7418.298841502569,7418.298841502569,7190.80434369649,7220.4775390625,380542,0.0,0.0
2017-11-14 00:00:00+09:00,7240.259572458791,7349.061287345467,7141.348922561813,7200.6953125,362393,0.0,0.0
2017-11-15 00:00:00+09:00,7200.695173980496,7260.041562777039,6933.636424396055,6973.20068359375,663618,0.0,0.0
2017-11-16 00:00:00+09:00,6992.98295299987,7171.022122948946,6923.745498019673,7101.78466796875,316350,0.0,0.0
2017-11-17 00:00:00+09:00,7101.784874672346,7665.575595920707,7101.784874672346,7546.8828125,1472768,0.0,0.0
2017-11-20 00:00:00+09:00,7596.33837890625,7853.506084442139,7566.6651821136475,7596.33837890625,696073,0.0,0.0
2017-11-21 00:00:00+09:00,7685.357635782499,7685.357635782499,7398.516745901298,7428.18994140625,418010,0.0,0.0
2017-11-22 00:00:00+09:00,7467.75437563004,7734.813141381048,7428.190114037298,7665.57568359375,414654,0.0,0.0
2017-11-23 00:00:00+09:00,7685.357775303706,7774.377363434637,7527.100729737606,7556.77392578125,362293,0.0,0.0
2017-11-24 00:00:00+09:00,7566.665000207227,7705.1399152437,7408.40795445126,7457.86328125,402219,0.0,0.0
2017-11-27 00:00:00+09:00,7536.992020769817,7536.992020769817,7269.9332483803355,7299.6064453125,338056,0.0,0.0
2017-11-28 00:00:00+09:00,7299.6062537253065,7418.299038338726,7260.0419921875,7260.0419921875,218106,0.0,0.0
2017-11-29 00:00:00+09:00,7260.041702438187,7319.388092376374,7121.566792582417,7200.6953125,239492,0.0,0.0
2017-11-30 00:00:00+09:00,7299.606060038528,7477.6452322345895,7151.240083208477,7220.4775390625,471356,0.0,0.0
2017-12-01 00:00:00+09:00,7260.042060478584,7349.061649776006,7072.11181640625,7072.11181640625,399543,0.0,0.0
2017-12-04 00:00:00+09:00,7082.002494585396,7151.239949141398,6943.527585473391,6992.98291015625,355245,0.0,0.0
2017-12-05 00:00:00+09:00,6992.983102447037,7101.784819741121,6992.983102447037,7032.54736328125,205954,0.0,0.0
2017-12-06 00:00:00+09:00,7062.220320076778,7062.220320076778,6874.2900874696925,6884.18115234375,410357,0.0,0.0
2017-12-07 00:00:00+09:00,6903.963282091864,7022.656060580549,6627.0134656182645,6884.18115234375,396341,0.0,0.0
2017-12-08 00:00:00+09:00,6854.5079166666665,6923.74537037037,6676.46875,6676.46875,170644,0.0,0.0
2017-12-11 00:00:00+09:00,6676.46913318997,6884.181506222547,6587.449544747437,6755.59765625,176537,0.0,0.0
2017-12-12 00:00:00+09:00,6795.161737421757,6834.72599790165,6518.2119140625,6518.2119140625,294965,0.0,0.0
2017-12-13 00:00:00+09:00,6547.885397086466,6627.013921522556,6528.103265977444,6577.55859375,149730,0.0,0.0
2017-12-14 00:00:00+09:00,6577.55823889444,6824.834864416788,6557.776108852653,6805.052734375,281188,0.0,0.0
2017-12-15 00:00:00+09:00,6874.290335140421,6884.18140037084,6725.924356684153,6834.72607421875,189208,0.0,0.0
2017-12-18 00:00:00+09:00,6854.508163631664,6933.636685001149,6725.92431640625,6725.92431640625,135869,0.0,0.0
2017-12-19 00:00:00+09:00,6676.469085782854,6854.50826140373,6676.469085782854,6745.70654296875,223758,0.0,0.0
2017-12-21 00:00:00+09:00,6577.558628352608,6666.578218811515,6280.82666015625,6280.82666015625,346397,0.0,0.0
2017-12-22 00:00:00+09:00,6191.806540504239,6350.063576683261,6191.806540504239,6270.93505859375,355227,0.0,0.0
2017-12-26 00:00:00+09:00,6330.281544811321,6369.845804466391,6261.044090414947,6290.71728515625,202311,0.0,0.0
2017-12-27 00:00:00+09:00,6270.935299295775,6369.845950704225,6270.935299295775,6320.390625,153191,0.0,0.0
2017-12-28 00:00:00+09:00,6350.063861177885,6597.340491286058,6340.172795973558,6429.1923828125,244729,0.0,0.0
2018-01-02 00:00:00+09:00,6518.2119548740675,6627.013671875,6439.083433418843,6627.013671875,183111,0.0,0.0
2018-01-03 00:00:00+09:00,6656.686819033773,6696.2510794737955,6567.667233043722,6617.12255859375,195206,0.0,0.0
2018-01-04 00:00:00+09:00,6765.488731078195,6923.745777419205,6627.013815529811,6656.68701171875,330320,0.0,0.0
2018-01-05 00:00:00+09:00,6666.577932602612,6725.92432369403,6567.667280783582,6627.013671875,214611,0.0,0.0
2018-01-08 00:00:00+09:00,6646.796089127219,6795.162073259523,6597.340761083117,6686.3603515625,225143,0.0,0.0
2018-01-09 00:00:00+09:00,6706.142348345588,7101.784964767157,6706.142348345588,7062.220703125,990507,0.0,0.0
2018-01-10 00:00:00+09:00,7062.220220472352,7062.220220472352,6824.8346668430295,6864.39892578125,499094,0.0,0.0
2018-01-11 00:00:00+09:00,6745.706590867496,6894.072571605051,6725.924460102488,6755.59765625,273980,0.0,0.0
2018-01-12 00:00:00+09:00,6765.488186839124,6775.379251439766,6508.320507222433,6547.884765625,376553,0.0,0.0
2018-01-15 00:00:00+09:00,6607.231303673664,6607.231303673664,6399.51894233063,6478.6474609375,261850,0.0,0.0
2018-01-16 00:00:00+09:00,6478.647640717048,6716.033203125,6448.974445416053,6716.033203125,259455,0.0,0.0
2018-01-17 00:00:00+09:00,6735.815333325663,6795.161723927651,6617.122552121687,6716.033203125,230023,0.0,0.0
2018-01-18 00:00:00+09:00,6814.943589077201,7398.516407300067,6795.161459645917,7358.9521484375,1506783,0.0,0.0
2018-01-19 00:00:00+09:00,7457.863338926174,7457.863338926174,7190.804572147651,7368.84375,733584,0.0,0.0
2018-01-22 00:00:00+09:00,7368.843372722717,7368.843372722717,7072.111424827842,7091.8935546875,456136,0.0,0.0
2018-01-23 00:00:00+09:00,7091.893908448883,7497.42759080091,7091.893908448883,7467.75439453125,930349,0.0,0.0
2018-01-24 00:00:00+09:00,7467.7539546906,7606.228862459698,7368.843306284102,7477.64501953125,548605,0.0,0.0
2018-01-25 00:00:00+09:00,7477.64530788632,7616.120220995325,7428.18998177596,7536.99169921875,447503,0.0,0.0
2018-01-26 00:00:00+09:00,7536.991609375,7536.991609375,7358.9524375,7418.298828125,327122,0.0,0.0
2018-01-29 00:00:00+09:00,7418.299019811007,7586.447130926724,7408.40795445126,7457.86328125,388237,0.0,0.0
2018-01-30 00:00:00+09:00,7497.427383521806,7764.486142565459,7487.536318372041,7626.01123046875,969517,0.0,0.0
2018-01-31 00:00:00+09:00,7507.318182762633,8427.187209109043,7467.753923564938,8367.8408203125,3552383,0.0,0.0
2018-02-01 00:00:00+09:00,8605.22637549867,8605.22637549867,8268.930172318262,8367.8408203125,1942374,0.0,0.0
2018-02-02 00:00:00+09:00,8377.73253967506,8417.296801963963,8071.109506936067,8199.693359375,774773,0.0,0.0
2018-02-05 00:00:00+09:00,7972.198701234077,8110.673616640128,7734.813131966561,7764.486328125,633830,0.0,0.0
2018-02-06 00:00:00+09:00,7319.38857660061,7754.595464939024,7180.913657583842,7705.14013671875,973856,0.0,0.0
2018-02-07 00:00:00+09:00,7843.614325254662,7843.614325254662,7161.130859375,7161.130859375,910441,0.0,0.0
2018-02-08 00:00:00+09:00,7151.240083208477,7339.170320526541,7121.566887842466,7220.4775390625,364531,0.0,0.0
2018-02-09 00:00:00+09:00,6983.09189342779,7131.457868500618,6933.636568403514,7002.8740234375,389228,0.0,0.0
2018-02-12 00:00:00+09:00,7121.567228335626,7566.665180106603,7052.329769171252,7190.8046875,1074716,0.0,0.0
2018-02-13 00:00:00+09:00,7279.824277854195,7447.972392967676,7171.022556310179,7190.8046875,517550,0.0,0.0
2018-02-14 00:00:00+09:00,7279.823821858289,7447.971926439255,7171.022107129429,7398.5166015625,240761,0.0,0.0
2018-02-19 00:00:00+09:00,7467.754337650319,7586.447121824894,7349.061553475744,7556.77392578125,355302,0.0,0.0
2018-02-20 00:00:00+09:00,7606.229107208854,8209.584081902924,7527.1005859375,7527.1005859375,1625967,0.0,0.0
2018-02-21 00:00:00+09:00,7566.6647855318515,7774.37715219351,7527.1005252153445,7715.03076171875,368884,0.0,0.0
2018-02-22 00:00:00+09:00,7764.485989842746,7823.832379574028,7596.337885604113,7695.24853515625,422696,0.0,0.0
2018-02-23 00:00:00+09:00,7804.050501419995,7853.505827791479,7616.120261208361,7645.79345703125,271713,0.0,0.0
2018-02-26 00:00:00+09:00,7853.505699693834,7972.198481049409,7151.240076673353,7319.38818359375,1447001,0.0,0.0
2018-02-27 00:00:00+09:00,7319.388097906511,7398.516617883879,7091.893602971579,7101.78466796875,560606,0.0,0.0
2018-02-28 00:00:00+09:00,7121.566901408451,7269.932878521126,6983.09198943662,7022.65625,370263,0.0,0.0
2018-03-02 00:00:00+09:00,6864.399014435667,7091.893506268549,6864.399014435667,7082.00244140625,199023,0.0,0.0
2018-03-05 00:00:00+09:00,7052.329255202721,7141.348839069235,6854.507957721578,6884.18115234375,311333,0.0,0.0
2018-03-06 00:00:00+09:00,6963.309954353933,7052.3295418385715,6864.399301593224,7042.4384765625,229126,0.0,0.0
2018-03-07 00:00:00+09:00,7042.438444057525,7082.002704979197,6824.835008988332,6834.72607421875,259541,0.0,0.0
2018-03-08 00:00:00+09:00,6834.7260191127225,6973.200931222098,6834.7260191127225,6923.74560546875,158968,0.0,0.0
2018-03-09 00:00:00+09:00,6943.527681208127,7072.111527156426,6943.527681208127,7012.76513671875,180054,0.0,0.0
2018-03-12 00:00:00+09:00,7062.220967174088,7111.676296075867,6903.963914688394,6913.85498046875,500763,0.0,0.0
2018-03-13 00:00:00+09:00,6864.399075748272,6923.745465452147,6795.16162109375,6795.16162109375,297185,0.0,0.0
2018-03-14 00:00:00+09:00,6775.379834983781,6854.508358604029,6755.597704078718,6765.48876953125,222199,0.0,0.0
2018-03-15 00:00:00+09:00,6795.161626142449,6795.161626142449,6666.577781688516,6696.2509765625,268168,0.0,0.0
2018-03-16 00:00:00+09:00,6745.706301352475,6755.59736631047,6666.577781688516,6696.2509765625,179274,0.0,0.0
2018-03-19 00:00:00+09:00,6775.379834983781,6814.944096793905,6676.46918045847,6765.48876953125,241310,0.0,0.0
2018-03-20 00:00:00+09:00,6716.033203125,6755.597463526326,6676.468942723674,6716.033203125,161451,0.0,0.0
2018-03-21 00:00:00+09:00,6755.597617013113,6775.379747663225,6636.904833112444,6646.7958984375,202007,0.0,0.0
2018-03-22 00:00:00+09:00,6607.2316058227725,6666.57799749184,6419.301365537394,6439.08349609375,481130,0.0,0.0
2018-03-23 00:00:00+09:00,6379.737088563013,6379.737088563013,6013.767674180328,6033.5498046875,430763,0.0,0.0
2018-03-26 00:00:00+09:00,5845.619557239163,6191.806840662803,5845.619557239163,6132.46044921875,367308,0.0,0.0
2018-03-27 00:00:00+09:00,6172.024647887324,6340.17275528169,6172.024647887324,6320.390625,176399,0.0,0.0
2018-03-28 00:00:00+09:00,6211.588915316971,6320.3906319865355,6181.915719861635,6221.47998046875,127257,0.0,0.0
2018-03-29 00:00:00+09:00,6102.78763108952,6290.717882290008,6092.896565236862,6211.58935546875,132975,0.0,0.0
2018-03-30 00:00:00+09:00,6221.479826274671,6419.301124407411,6211.588761368034,6389.6279296875,111602,0.0,0.0
2018-04-02 00:00:00+09:00,6389.628245264771,6389.628245264771,6132.460544990957,6152.24267578125,167661,0.0,0.0
2018-04-03 00:00:00+09:00,6053.331879796042,6191.806792078958,6013.76761914378,6122.5693359375,98967,0.0,0.0
2018-04-04 00:00:00+09:00,6132.460260674505,6221.47984510365,5885.18363726021,5993.9853515625,274635,0.0,0.0
2018-04-05 00:00:00+09:00,6003.87660108997,6251.153232106854,6003.87660108997,6132.46044921875,166830,0.0,0.0
2018-04-06 00:00:00+09:00,6102.7870165612085,6142.351275987861,5984.09423828125,5984.09423828125,133171,0.0,0.0
2018-04-09 00:00:00+09:00,5964.312108567923,6073.113821991219,5904.965719427944,5984.09423828125,160317,0.0,0.0
2018-04-10 00:00:00+09:00,5964.3121126575625,5974.203177521008,5875.2925288865545,5885.18359375,183157,0.0,0.0
2018-04-11 00:00:00+09:00,5944.529927505344,6231.370805870827,5924.7477979628975,6073.11376953125,293347,0.0,0.0
2018-04-12 00:00:00+09:00,6122.569574600611,6191.807033441006,6043.441050211589,6172.02490234375,126152,0.0,0.0
2018-04-13 00:00:00+09:00,6221.47978671875,6251.15298125,6112.678073437501,6181.91552734375,130290,0.0,0.0
2018-04-16 00:00:00+09:00,6221.479973591549,6320.390625,6122.569322183098,6320.390625,150436,0.0,0.0
2018-04-17 00:00:00+09:00,6330.281834112149,6359.95503020955,6270.935441917348,6350.06396484375,149714,0.0,0.0
2018-04-18 00:00:00+09:00,6399.519447434793,6429.192644254429,6280.82666015625,6280.82666015625,220629,0.0,0.0
2018-04-19 00:00:00+09:00,6310.499600360577,6488.538774038461,6211.588948317308,6429.1923828125,327084,0.0,0.0
2018-04-20 00:00:00+09:00,6429.1923346614985,6478.64766031274,6389.628074140504,6419.30126953125,125795,0.0,0.0
2018-04-23 00:00:00+09:00,6429.192094772772,6429.192094772772,6191.806540504239,6270.93505859375,180347,0.0,0.0
2018-04-24 00:00:00+09:00,6261.044046093751,6290.717240625,6102.78700859375,6181.91552734375,153521,0.0,0.0
2018-04-25 00:00:00+09:00,6181.915930394831,6181.915930394831,6023.658882576723,6063.22314453125,176926,0.0,0.0
2018-04-26 00:00:00+09:00,6003.876939671545,6241.262518834836,6003.876939671545,6102.78759765625,148747,0.0,0.0
2018-04-27 00:00:00+09:00,6112.678116708432,6379.736869380159,6112.678116708432,6290.71728515625,213231,0.0,0.0
2018-04-30 00:00:00+09:00,6300.608913625658,6310.4999794241285,6073.114400260838,6102.78759765625,171146,0.0,0.0
2018-05-02 00:00:00+09:00,6092.896196209016,6102.787261462602,5954.421282658812,6033.5498046875,186929,0.0,0.0
2018-05-03 00:00:00+09:00,5974.203405367944,6201.6979059034775,5974.203405367944,6132.46044921875,115038,0.0,0.0
2018-05-04 00:00:00+09:00,6181.915482014709,6181.915482014709,6023.6584456751325,6073.11376953125,138215,0.0,0.0
2018-05-08 00:00:00+09:00,6083.004837541391,6102.786967094371,5974.203125,5974.203125,125399,0.0,0.0
2018-05-09 00:00:00+09:00,5944.530368988391,6023.658893034826,5796.164386401327,5964.3125,99732,0.0,0.0
2018-05-10 00:00:00+09:00,5964.312433273462,6152.24267578125,5964.312433273462,6152.24267578125,90239,0.0,0.0
2018-05-11 00:00:00+09:00,6152.242138750504,6191.806396877516,6083.004687028231,6142.35107421875,60152,0.0,0.0
2018-05-14 00:00:00+09:00,6142.351522476946,6201.697913998463,5993.985543673156,6033.5498046875,161427,0.0,0.0
2018-05-15 00:00:00+09:00,6073.114113965324,6142.351571290661,5993.9855913077945,6043.44091796875,105756,0.0,0.0
2018-05-16 00:00:00+09:00,6033.549821239407,6033.549821239407,5815.946385063559,5835.728515625,332079,0.0,0.0
2018-05-17 00:00:00+09:00,5806.055194190417,5895.074779791293,5479.650046987208,5509.3232421875,562840,0.0,0.0
2018-05-18 00:00:00+09:00,5558.77870408443,5647.798291872259,5499.4323122258775,5637.9072265625,176377,0.0,0.0
2018-05-21 00:00:00+09:00,5598.3427734375,5746.708747998565,5588.451708466762,5598.3427734375,149323,0.0,0.0
2018-05-23 00:00:00+09:00,5558.778602468101,5717.03564453125,5558.778602468101,5717.03564453125,103383,0.0,0.0
2018-05-24 00:00:00+09:00,5707.144732206381,5786.273255356557,5637.907274449978,5647.79833984375,80126,0.0,0.0
2018-05-25 00:00:00+09:00,5618.125007000448,5618.125007000448,5499.43222516241,5519.21435546875,118713,0.0,0.0
2018-05-28 00:00:00+09:00,5538.996437387791,5558.778567521319,5469.758981920444,5509.3232421875,153389,0.0,0.0
2018-05-29 00:00:00+09:00,5469.7593723606415,5538.99683277027,5459.868306587838,5489.54150390625,97165,0.0,0.0
2018-05-30 00:00:00+09:00,5529.105534758391,5529.105534758391,5271.937835467303,5341.17529296875,188649,0.0,0.0
2018-05-31 00:00:00+09:00,5360.957278573092,5420.303669110801,5222.4823673184355,5311.501953125,215379,0.0,0.0
2018-06-01 00:00:00+09:00,5311.502134790438,5479.650247064996,5291.720003934608,5449.97705078125,125718,0.0,0.0
2018-06-04 00:00:00+09:00,5469.7593723606415,5509.3236354518585,5360.957648859798,5489.54150390625,98989,0.0,0.0
2018-06-05 00:00:00+09:00,5499.431980600578,5588.451563020371,5479.649851173956,5568.66943359375,114477,0.0,0.0
2018-06-07 00:00:00+09:00,5618.124850543479,5687.3623046875,5568.669526154891,5687.3623046875,125625,0.0,0.0
2018-06-08 00:00:00+09:00,5786.272849586319,6013.767337689714,5667.580073184549,5865.4013671875,476633,0.0,0.0
2018-06-11 00:00:00+09:00,5835.728426078611,5885.183751723345,5717.03564453125,5717.03564453125,135760,0.0,0.0
2018-06-12 00:00:00+09:00,5717.035547892253,5815.946197509766,5657.689158121745,5697.25341796875,75707,0.0,0.0
2018-06-14 00:00:00+09:00,5687.362561907087,5707.144692557198,5538.99658203125,5538.99658203125,107167,0.0,0.0
2018-06-15 00:00:00+09:00,5449.976707926726,5618.124809623195,5449.976707926726,5479.64990234375,136406,0.0,0.0
2018-06-18 00:00:00+09:00,5449.976871034452,5479.65006633954,5182.918113288662,5212.59130859375,189557,0.0,0.0
2018-06-19 00:00:00+09:00,5232.373146251223,5311.501662640656,5054.333984375,5054.333984375,153940,0.0,0.0
2018-06-20 00:00:00+09:00,4994.987788228155,5163.135891990291,4994.987788228155,5093.8984375,118376,0.0,0.0
2018-06-21 00:00:00+09:00,5093.898447364268,5143.353772095959,4896.0771484375,4896.0771484375,117161,0.0,0.0
2018-06-22 00:00:00+09:00,4826.839949544271,4876.2952768961595,4713.092696634929,4747.71142578125,194009,0.0,0.0
2018-06-25 00:00:00+09:00,4713.092400307597,4945.532424247216,4713.092400307597,4886.18603515625,69689,0.0,0.0
2018-06-26 00:00:00+09:00,4787.275560298021,5133.462842550977,4777.384495090794,5123.57177734375,203078,0.0,0.0
2018-06-27 00:00:00+09:00,5123.571632281553,5262.046541262136,5044.443112864078,5093.8984375,119153,0.0,0.0
2018-06-28 00:00:00+09:00,5143.354051703454,5242.264706543906,5093.898724283229,5153.2451171875,100339,0.0,0.0
2018-06-29 00:00:00+09:00,5173.027103379886,5232.373494623251,5054.334320893158,5123.57177734375,87429,0.0,0.0
2018-07-02 00:00:00+09:00,5084.007275676169,5271.937505710892,5014.769822505483,5074.1162109375,189648,0.0,0.0
2018-07-03 00:00:00+09:00,5074.116361474802,5173.027011795948,4965.314646121541,5004.87890625,79877,0.0,0.0
2018-07-04 00:00:00+09:00,4975.205563550804,5084.007275676169,4975.205563550804,5074.1162109375,48328,0.0,0.0
2018-07-05 00:00:00+09:00,5064.225393700788,5202.700306809794,4965.314741480069,5024.6611328125,159415,0.0,0.0
2018-07-06 00:00:00+09:00,5034.552331378958,5212.59151009177,5024.661265894913,5153.2451171875,113713,0.0,0.0
2018-07-09 00:00:00+09:00,5153.245012885456,5271.937796291647,5084.007555898512,5232.37353515625,98554,0.0,0.0
2018-07-10 00:00:00+09:00,5291.7195307084685,5430.194434315793,5291.7195307084685,5351.06591796875,126470,0.0,0.0
2018-07-11 00:00:00+09:00,5341.175148393855,5341.175148393855,5262.046627676908,5311.501953125,59662,0.0,0.0
2018-07-12 00:00:00+09:00,5341.175196764638,5351.066261943832,5281.828805689475,5321.39306640625,59482,0.0,0.0
2018-07-13 00:00:00+09:00,5390.630467500286,5410.41259765625,5321.39301195441,5410.41259765625,76278,0.0,0.0
2018-07-16 00:00:00+09:00,5420.303369772412,5440.085498859173,5321.39272433861,5351.06591796875,41596,0.0,0.0
2018-07-17 00:00:00+09:00,5390.630716133822,5410.412847202203,5311.502191860298,5360.95751953125,45792,0.0,0.0
2018-07-18 00:00:00+09:00,5390.630473841946,5420.303669110801,5311.501953125,5311.501953125,46038,0.0,0.0
2018-07-19 00:00:00+09:00,5311.502106058372,5351.0663675560145,5192.809321565448,5242.2646484375,49150,0.0,0.0
2018-07-20 00:00:00+09:00,5202.700377965856,5390.630619755498,5202.700377965856,5341.17529296875,79369,0.0,0.0
2018-07-23 00:00:00+09:00,5301.610845413498,5420.303625534696,5192.8091303024,5202.7001953125,57614,0.0,0.0
2018-07-24 00:00:00+09:00,5202.700347723989,5222.4824783237,5123.571825325144,5133.462890625,71844,0.0,0.0
2018-07-25 00:00:00+09:00,5163.136154296875,5173.027219726562,4945.53271484375,4945.53271484375,123250,0.0,0.0
2018-07-26 00:00:00+09:00,4965.314598159034,5044.443117651609,4935.641403349319,4994.98779296875,65098,0.0,0.0
2018-07-27 00:00:00+09:00,5024.660927990402,5291.7196781001285,4945.532409439373,5281.82861328125,121154,0.0,0.0
2018-07-30 00:00:00+09:00,5291.7198782256155,5291.7198782256155,5202.70029148911,5222.482421875,50110,0.0,0.0
2018-07-31 00:00:00+09:00,5202.700237139199,5311.501953125,5173.027041870345,5311.501953125,34443,0.0,0.0
2018-08-01 00:00:00+09:00,5311.502049150627,5400.521636566558,5281.828853345315,5331.2841796875,73483,0.0,0.0
2018-08-02 00:00:00+09:00,5360.95751953125,5440.086043804774,5331.284322928679,5360.95751953125,86086,0.0,0.0
2018-08-03 00:00:00+09:00,5311.5017561938885,5410.412403422824,5311.5017561938885,5370.84814453125,17106,0.0,0.0
2018-08-06 00:00:00+09:00,5370.848621333917,5558.7788677526,5370.848621333917,5469.75927734375,137201,0.0,0.0
2018-08-07 00:00:00+09:00,5489.5412935434,5657.689405237522,5440.08596657454,5647.79833984375,204698,0.0,0.0
2018-08-08 00:00:00+09:00,5815.946048756545,5845.6192428828535,5628.015819289922,5667.580078125,528412,0.0,0.0
2018-08-09 00:00:00+09:00,5717.035700310304,5717.035700310304,5598.342917604899,5628.01611328125,114289,0.0,0.0
2018-08-10 00:00:00+09:00,5598.3425806017885,5637.9068391219425,5341.174900220788,5459.86767578125,228629,0.0,0.0
2018-08-13 00:00:00+09:00,5410.412610627669,5410.412610627669,5143.353852881879,5212.59130859375,150572,0.0,0.0
2018-08-14 00:00:00+09:00,5222.4824783237,5311.502066022399,5113.680760025289,5133.462890625,106681,0.0,0.0
2018-08-16 00:00:00+09:00,5054.334520339966,5202.7005043029785,5024.661323547363,5064.2255859375,96100,0.0,0.0
2018-08-17 00:00:00+09:00,5173.02734375,5242.264803417782,5133.463081082696,5173.02734375,120497,0.0,0.0
2018-08-20 00:00:00+09:00,5222.482536764706,5222.482536764706,5034.552293964461,5044.443359375,90729,0.0,0.0
2018-08-21 00:00:00+09:00,5064.225338491296,5113.6806640625,5034.552143148573,5113.6806640625,45410,0.0,0.0
2018-08-22 00:00:00+09:00,5133.462451171875,5173.026708984376,5093.898193359375,5143.353515625,56277,0.0,0.0
2018-08-23 00:00:00+09:00,5163.1364348655525,5173.027500832728,5054.334709226623,5103.7900390625,56294,0.0,0.0
2018-08-24 00:00:00+09:00,5054.3346151507785,5123.572075632296,5054.3346151507785,5084.0078125,45110,0.0,0.0
2018-08-27 00:00:00+09:00,5123.5717291767405,5123.5717291767405,5024.661078034333,5113.6806640625,74250,0.0,0.0
2018-08-28 00:00:00+09:00,5133.463236964026,5173.027500832728,5044.4436432594475,5103.7900390625,104037,0.0,0.0
2018-08-29 00:00:00+09:00,5084.007415191302,5202.7001953125,5084.007415191302,5202.7001953125,70490,0.0,0.0
2018-08-30 00:00:00+09:00,5212.591547227444,5291.720071663533,5173.027285009399,5262.046875,53042,0.0,0.0
2018-08-31 00:00:00+09:00,5242.26455226089,5262.04668264678,5173.0270959102745,5222.482421875,38682,0.0,0.0
2018-09-03 00:00:00+09:00,5281.82841796875,5281.82841796875,5054.333935546875,5143.353515625,66786,0.0,0.0
2018-09-04 00:00:00+09:00,5192.808837890625,5192.808837890625,5123.571386718751,5143.353515625,47674,0.0,0.0
2018-09-05 00:00:00+09:00,5143.3538594052225,5163.135989633704,5093.898533834018,5113.6806640625,52222,0.0,0.0
2018-09-06 00:00:00+09:00,5143.3538594052225,5153.244924519463,5064.225338491296,5113.6806640625,62620,0.0,0.0
2018-09-07 00:00:00+09:00,5113.6806640625,5113.6806640625,5004.878947805851,5113.6806640625,86291,0.0,0.0
2018-09-10 00:00:00+09:00,5084.007524144931,5133.4628502552905,4792.221100093811,5024.6611328125,103034,0.0,0.0
2018-09-11 00:00:00+09:00,5034.552101346344,5093.898491539031,4940.586983541255,5004.87890625,103660,0.0,0.0
2018-09-12 00:00:00+09:00,5004.878857905322,5044.443117651609,4940.586935817605,4994.98779296875,72274,0.0,0.0
2018-09-13 00:00:00+09:00,4975.2060546875,5034.552448978006,4930.6962589696195,4975.2060546875,60495,0.0,0.0
2018-09-14 00:00:00+09:00,4985.096776185771,5054.334231410573,4975.205711153656,5004.87890625,68297,0.0,0.0
2018-09-17 00:00:00+09:00,5004.879107421875,5034.552303710938,4910.913985839844,4945.53271484375,86610,0.0,0.0
2018-09-18 00:00:00+09:00,4896.077541637615,4935.641804600343,4841.676680063863,4876.29541015625,137069,0.0,0.0
2018-09-19 00:00:00+09:00,4851.567437573014,4905.968295690551,4747.711253894081,4762.5478515625,125532,0.0,0.0
2018-09-20 00:00:00+09:00,4762.547485096718,4836.730467730624,4698.255566814,4737.81982421875,117719,0.0,0.0
2018-09-21 00:00:00+09:00,4787.275724764511,4861.458716367267,4688.36506929417,4856.51318359375,58735,0.0,0.0
2018-09-27 00:00:00+09:00,4846.622022383052,4901.022881817964,4802.112228299942,4836.73095703125,50964,0.0,0.0
2018-09-28 00:00:00+09:00,4841.676317811863,4915.859305316641,4831.785252811225,4851.5673828125,47396,0.0,0.0
2018-10-01 00:00:00+09:00,4846.622022383052,4896.077349142063,4826.839891679448,4836.73095703125,50139,0.0,0.0
2018-10-02 00:00:00+09:00,4881.240925480769,4881.240925480769,4762.54813701923,4821.89453125,50473,0.0,0.0
2018-10-04 00:00:00+09:00,4807.057700892858,4816.948766121032,4638.909592013889,4673.5283203125,104224,0.0,0.0
2018-10-05 00:00:00+09:00,4584.508644327667,4742.765684908557,4530.107786627986,4554.83544921875,82515,0.0,0.0
2018-10-08 00:00:00+09:00,4515.271418185764,4599.345475260417,4401.524164496528,4450.9794921875,46343,0.0,0.0
2018-10-10 00:00:00+09:00,4441.087914224324,4470.761107415132,4183.920239903984,4297.66748046875,180168,0.0,0.0
2018-10-11 00:00:00+09:00,4277.885556915545,4277.885556915545,4035.5544675642595,4040.5,107646,0.0,0.0
2018-10-12 00:00:00+09:00,3956.426320528211,4144.356570753301,3956.426320528211,4119.62890625,101199,0.0,0.0
2018-10-15 00:00:00+09:00,4154.24755859375,4203.702886672247,4119.628828938802,4154.24755859375,35851,0.0,0.0
2018-10-16 00:00:00+09:00,4198.757452566964,4337.232374441965,4159.193189174107,4327.34130859375,40333,0.0,0.0
2018-10-17 00:00:00+09:00,4322.39569825326,4386.687625115151,4322.39569825326,4361.9599609375,42149,0.0,0.0
2018-10-18 00:00:00+09:00,4381.741871195498,4386.687403781498,4327.341012749504,4366.9052734375,40655,0.0,0.0
2018-10-19 00:00:00+09:00,4302.6131332190325,4371.8505859375,4302.6131332190325,4371.8505859375,33444,0.0,0.0
2018-10-22 00:00:00+09:00,4371.850806023499,4411.415066711495,4322.395480163505,4366.9052734375,30408,0.0,0.0
2018-10-23 00:00:00+09:00,4332.286841517857,4411.415368303571,4297.668111049107,4327.34130859375,62891,0.0,0.0
2018-10-24 00:00:00+09:00,4332.286476293103,4386.687333872126,4267.994553699713,4302.61328125,54476,0.0,0.0
2018-10-25 00:00:00+09:00,4213.593707643073,4213.593707643073,4075.118797063253,4104.7919921875,81934,0.0,0.0
2018-10-26 00:00:00+09:00,4104.792047510006,4381.741872402247,3951.480537301801,4015.7724609375,179619,0.0,0.0
2018-10-29 00:00:00+09:00,3911.91625217747,4154.247347445101,3659.694091796875,3659.694091796875,109401,0.0,0.0
2018-10-30 00:00:00+09:00,3476.7094255582556,3882.2430996632015,3476.7094255582556,3768.495849609375,160952,0.0,0.0
2018-10-31 00:00:00+09:00,3763.550302405607,4010.8269319986166,3758.6047698137468,3966.317138671875,106821,0.0,0.0
2018-11-01 00:00:00+09:00,4040.500116788424,4124.574170626127,4010.8269213162935,4114.68310546875,71837,0.0,0.0
2018-11-02 00:00:00+09:00,4089.9553889016543,4203.70263671875,4055.336661305147,4203.70263671875,78916,0.0,0.0
2018-11-05 00:00:00+09:00,4169.083984375,4169.083984375,4055.336734504745,4169.083984375,59617,0.0,0.0
2018-11-06 00:00:00+09:00,4183.920610386691,4183.920610386691,4109.737620840828,4124.57421875,29299,0.0,0.0
2018-11-07 00:00:00+09:00,4134.465303716715,4282.831283515163,4134.465303716715,4178.97509765625,82273,0.0,0.0
2018-11-08 00:00:00+09:00,4282.831399890988,4292.722465479651,4188.866276798692,4253.158203125,33068,0.0,0.0
2018-11-09 00:00:00+09:00,4203.702712596382,4253.158038626928,4114.6831257414,4169.083984375,33920,0.0,0.0
2018-11-12 00:00:00+09:00,4174.029398305404,4188.865995692746,3857.5153207087865,4094.90087890625,38184,0.0,0.0
2018-11-13 00:00:00+09:00,4005.8813684721376,4075.118824223508,3936.6439127207673,4060.2822265625,38416,0.0,0.0
2018-11-14 00:00:00+09:00,4099.846339987538,4109.737404740223,4030.60888671875,4030.60888671875,39339,0.0,0.0
2018-11-15 00:00:00+09:00,4035.554393583131,4104.791846414214,3986.099070132357,4075.11865234375,14375,0.0,0.0
2018-11-16 00:00:00+09:00,4085.0099497310453,4223.48486328125,4075.118884477459,4223.48486328125,88182,0.0,0.0
2018-11-19 00:00:00+09:00,4549.890170784884,4554.835703579215,4253.158203125,4253.158203125,323506,0.0,0.0
2018-11-20 00:00:00+09:00,4188.866012555479,4292.722194684953,4164.138350143699,4248.21240234375,32343,0.0,0.0
2018-11-21 00:00:00+09:00,4208.648190240273,4307.558841009727,4154.247332317073,4258.103515625,41796,0.0,0.0
2018-11-22 00:00:00+09:00,4322.395215523492,4322.395215523492,4263.048828125,4263.048828125,32294,0.0,0.0
2018-11-23 00:00:00+09:00,4302.613627115886,4302.613627115886,4253.158298068576,4272.9404296875,49701,0.0,0.0
2018-11-26 00:00:00+09:00,4277.88608782479,4411.415480161517,4243.267356478231,4401.5244140625,58827,0.0,0.0
2018-11-27 00:00:00+09:00,4401.524127099943,4520.216912549829,4312.504538012528,4342.177734375,144700,0.0,0.0
2018-11-28 00:00:00+09:00,4371.850751768868,4495.489064884503,4347.123089145741,4455.9248046875,95642,0.0,0.0
2018-11-29 00:00:00+09:00,4485.598124912807,4525.16238621303,4431.197265625,4431.197265625,34115,0.0,0.0
2018-11-30 00:00:00+09:00,4460.87034331548,4460.87034331548,4352.068627624858,4357.01416015625,20566,0.0,0.0
2018-12-03 00:00:00+09:00,4406.4695545170935,4431.197217561521,4361.959761037123,4421.30615234375,23770,0.0,0.0
2018-12-04 00:00:00+09:00,4421.306007179054,4426.251539625563,4386.687280053491,4391.6328125,19971,0.0,0.0
2018-12-05 00:00:00+09:00,4327.340625990875,4426.2512688706665,4287.776368838959,4386.68701171875,19856,0.0,0.0
2018-12-06 00:00:00+09:00,4386.687311849716,4450.979234120344,4208.648142484903,4248.21240234375,35914,0.0,0.0
2018-12-07 00:00:00+09:00,4272.940334302326,4307.559063862645,4228.4305391533435,4253.158203125,12784,0.0,0.0
2018-12-10 00:00:00+09:00,4233.37590821471,4277.885701642201,4124.574190947509,4169.083984375,45720,0.0,0.0
2018-12-11 00:00:00+09:00,4248.212663270883,4248.212663270883,4099.8466796875,4099.8466796875,25962,0.0,0.0
2018-12-12 00:00:00+09:00,4080.064519549896,4154.247510814439,4080.064519549896,4144.3564453125,22572,0.0,0.0
2018-12-13 00:00:00+09:00,4223.484766773897,4228.430299287684,4119.628583984375,4203.70263671875,14332,0.0,0.0
2018-12-14 00:00:00+09:00,4233.376064912545,4233.376064912545,4089.9556141152743,4099.8466796875,15631,0.0,0.0
2018-12-17 00:00:00+09:00,4159.192702210065,4159.192702210065,3961.3714084069707,4075.11865234375,24144,0.0,0.0
2018-12-18 00:00:00+09:00,3995.9901325533174,4174.029296875,3991.0446002110484,4174.029296875,29202,0.0,0.0
2018-12-19 00:00:00+09:00,4203.702969021268,4272.9404296875,4104.792310926649,4272.9404296875,42258,0.0,0.0
2018-12-20 00:00:00+09:00,4253.158407547639,4381.7422663804755,4193.812011163253,4347.12353515625,63461,0.0,0.0
2018-12-21 00:00:00+09:00,4347.123456898984,4381.7421875,4302.613660411964,4381.7421875,28386,0.0,0.0
2018-12-24 00:00:00+09:00,4376.79638671875,4376.79638671875,4253.1580707097455,4376.79638671875,55221,0.0,0.0
2018-12-26 00:00:00+09:00,4357.014275687081,4431.197265625,4263.049155099051,4431.197265625,70601,0.0,0.0
2018-12-27 00:00:00+09:00,4480.98583984375,4525.795698242187,4446.133727756076,4480.98583984375,56636,30.0,0.0
2018-12-28 00:00:00+09:00,4510.858900035511,4510.858900035511,4336.598346502131,4381.408203125,94033,0.0,0.0
2019-01-02 00:00:00+09:00,4381.408376736111,4485.964712999132,4346.556264648438,4480.98583984375,57472,0.0,0.0
2019-01-03 00:00:00+09:00,4421.239457044315,4500.901429243311,4356.51410463263,4466.04931640625,32004,0.0,0.0
2019-01-04 00:00:00+09:00,4411.28146248283,4545.711033009959,4331.619494763049,4530.7744140625,83047,0.0,0.0
2019-01-07 00:00:00+09:00,4550.6898702659355,4550.6898702659355,4466.049030228166,4510.85888671875,34232,0.0,0.0
2019-01-08 00:00:00+09:00,4480.985577759605,4555.668670722264,4451.11234057454,4471.02783203125,40180,0.0,0.0
2019-01-09 00:00:00+09:00,4401.323740788376,4510.858947007091,4396.3448677784345,4476.0068359375,73494,0.0,0.0
2019-01-10 00:00:00+09:00,4480.985649058361,4525.795505548945,4421.239173737583,4510.85888671875,77082,0.0,0.0
2019-01-11 00:00:00+09:00,4530.774753289474,4729.9296875,4510.859259868421,4729.9296875,238003,0.0,0.0
2019-01-14 00:00:00+09:00,4690.098450277453,4804.612531335183,4660.225211740654,4794.65478515625,125197,0.0,0.0
2019-01-15 00:00:00+09:00,4794.654794143022,4874.316763723798,4779.7181748466255,4869.337890625,124170,0.0,0.0
2019-01-16 00:00:00+09:00,4874.317020017002,4919.126880262305,4769.760679444625,4804.61279296875,211558,0.0,0.0
2019-01-17 00:00:00+09:00,4819.548994732785,4884.274342802544,4744.865900806141,4844.443359375,106717,0.0,0.0
2019-01-18 00:00:00+09:00,4849.422278619581,4944.020865163496,4784.696929931641,4939.0419921875,127663,0.0,0.0
2019-01-21 00:00:00+09:00,4968.915265554405,4968.915265554405,4904.189916403897,4958.95751953125,63928,0.0,0.0
2019-01-22 00:00:00+09:00,4963.936497279576,5018.7041015625,4924.10551234654,5018.7041015625,111633,0.0,0.0
2019-01-23 00:00:00+09:00,5018.704031249999,5018.704031249999,4729.92939453125,4978.873046875,83016,0.0,0.0
2019-01-24 00:00:00+09:00,4988.830828054967,5028.661812710097,4934.063224154164,4998.78857421875,74140,0.0,0.0
2019-01-25 00:00:00+09:00,4968.915370396206,5068.492832728794,4948.9998779296875,5018.7041015625,118212,0.0,0.0
2019-01-28 00:00:00+09:00,5028.661971830986,5028.661971830986,4899.211267605634,4949.0,91064,0.0,0.0
2019-01-29 00:00:00+09:00,4948.999773508095,4988.8307576007155,4844.443440264966,4958.95751953125,123195,0.0,0.0
2019-01-30 00:00:00+09:00,4919.126452323718,5058.5348942924065,4919.126452323718,5048.5771484375,105692,0.0,0.0
2019-01-31 00:00:00+09:00,5078.450421706164,5098.365913555992,4939.041978757367,5068.49267578125,128689,0.0,0.0
2019-02-01 00:00:00+09:00,5068.4930276166415,5068.4930276166415,4939.042321606787,4988.8310546875,68920,0.0,0.0
2019-02-07 00:00:00+09:00,4988.831098991011,5207.901526491614,4968.915605581865,5158.11279296875,191251,0.0,0.0
2019-02-08 00:00:00+09:00,5148.155012263808,5168.070505541425,5078.450785792151,5138.197265625,92036,0.0,0.0
2019-02-11 00:00:00+09:00,5108.3236112154445,5187.9855778620795,5098.365865384615,5178.02783203125,74152,0.0,0.0
2019-02-12 00:00:00+09:00,5337.351910215435,5357.267402417732,5197.94346479936,5257.68994140625,144300,0.0,0.0
2019-02-13 00:00:00+09:00,5267.64779194464,5327.394269736073,5178.028075257491,5317.4365234375,117080,0.0,0.0
2019-02-14 00:00:00+09:00,5337.352153482472,5426.971872477514,5257.690181042436,5397.0986328125,148615,0.0,0.0
2019-02-15 00:00:00+09:00,5407.056121450736,5705.788503851329,5397.098375370716,5665.95751953125,540372,0.0,0.0
2019-02-18 00:00:00+09:00,5725.704238917774,5904.943675962157,5715.746492415308,5805.3662109375,441784,0.0,0.0
2019-02-19 00:00:00+09:00,5845.197073622881,5904.943551377119,5695.830879237288,5875.0703125,270774,0.0,0.0
2019-02-20 00:00:00+09:00,5934.817007698542,6203.676167443274,5914.901514384116,6143.9296875,929898,0.0,0.0
2019-02-21 00:00:00+09:00,6223.591324550654,6263.422309027777,6004.52090992647,6094.140625,470680,0.0,0.0
2019-02-22 00:00:00+09:00,6024.436386718749,6243.50680078125,6024.436386718749,6223.59130859375,365688,0.0,0.0
2019-02-25 00:00:00+09:00,6253.464877852183,6313.211357576885,6084.18318529886,6273.38037109375,348283,0.0,0.0
2019-02-26 00:00:00+09:00,6293.295445583596,6333.126429416404,6183.760240043375,6313.2109375,229923,0.0,0.0
2019-02-27 00:00:00+09:00,6313.211094308923,6412.7885563642685,6143.929408814835,6263.42236328125,266016,0.0,0.0
2019-02-28 00:00:00+09:00,6263.422600097657,6263.422600097657,5885.028229980469,5974.64794921875,274088,0.0,0.0
2019-03-04 00:00:00+09:00,6014.47898095624,6213.633914100486,6014.47898095624,6143.9296875,113976,0.0,0.0
2019-03-05 00:00:00+09:00,6124.01416015625,6213.633879573171,6054.309933943089,6124.01416015625,114164,0.0,0.0
2019-03-06 00:00:00+09:00,6124.013778023098,6233.548983808877,6124.013778023098,6183.76025390625,102209,0.0,0.0
2019-03-07 00:00:00+09:00,6233.549142020089,6233.549142020089,5994.563232421875,6133.9716796875,157472,0.0,0.0
2019-03-08 00:00:00+09:00,6074.2251845881865,6133.9716618136445,5894.9857529118135,5984.60546875,139819,0.0,0.0
2019-03-11 00:00:00+09:00,6024.436577690973,6114.056295375632,5755.577424636995,5914.9013671875,116685,0.0,0.0
2019-03-12 00:00:00+09:00,5974.6475320778145,6213.6334333609275,5944.774294417425,6014.478515625,270351,0.0,0.0
2019-03-13 00:00:00+09:00,6163.844703926945,6263.422162794909,5904.94331087024,6014.478515625,401264,0.0,0.0
2019-03-14 00:00:00+09:00,6014.478672135851,6034.394164427692,5904.943464530728,5964.68994140625,134196,0.0,0.0
2019-03-15 00:00:00+09:00,5964.690202636719,5994.563442382813,5894.985976562501,5974.64794921875,128719,0.0,0.0
2019-03-18 00:00:00+09:00,6064.2677030341565,6163.8451694222385,5924.859250090843,5994.5634765625,166546,0.0,0.0
2019-03-19 00:00:00+09:00,6004.521154499373,6044.352140598871,5765.535237902383,5954.732421875,235376,0.0,0.0
2019-03-20 00:00:00+09:00,5954.732139980671,5964.68988603415,5785.450457071521,5795.408203125,107393,0.0,0.0
2019-03-21 00:00:00+09:00,5845.197231403579,5924.8592038928955,5775.493005475428,5825.28173828125,80646,0.0,0.0
2019-03-22 00:00:00+09:00,5904.943461991024,5904.943461991024,5337.3519319176885,5685.873046875,221874,0.0,0.0
2019-03-25 00:00:00+09:00,5576.337839316988,5725.70403144155,5486.718124042251,5685.873046875,100980,0.0,0.0
2019-03-26 00:00:00+09:00,5695.831020422149,5785.450739274945,5566.380315412554,5675.91552734375,58751,0.0,0.0
2019-03-27 00:00:00+09:00,5725.704306950645,6273.38037109375,5636.084587363592,6273.38037109375,1038662,0.0,0.0
2019-03-28 00:00:00+09:00,6263.42227282915,6283.337764952613,5984.605383100666,6074.22509765625,523862,0.0,0.0
2019-03-29 00:00:00+09:00,6094.140954213938,6213.633914100486,5885.02827441248,6143.9296875,268539,0.0,0.0
2019-04-01 00:00:00+09:00,6213.633836290952,6432.704260006338,6094.140877900741,6382.91552734375,672025,0.0,0.0
2019-04-02 00:00:00+09:00,6452.619648129921,6522.323872723917,6253.4647207185035,6323.1689453125,302758,0.0,0.0
2019-04-03 00:00:00+09:00,6323.169092193852,6323.169092193852,6054.309933943089,6124.01416015625,248299,0.0,0.0
2019-04-04 00:00:00+09:00,6124.0140026461695,6213.633719758064,6084.183017263104,6173.802734375,142716,0.0,0.0
2019-04-05 00:00:00+09:00,6452.619668157155,6522.3238929674935,6193.71826171875,6193.71826171875,457626,0.0,0.0
2019-04-08 00:00:00+09:00,6273.380206448986,6880.802734375,6223.591474651773,6880.802734375,2355864,0.0,0.0
2019-04-09 00:00:00+09:00,6840.971538740335,6870.8447769007735,6641.816617670747,6761.3095703125,677686,0.0,0.0
2019-04-10 00:00:00+09:00,6731.4365234375,6900.718211157082,6671.690045418824,6731.4365234375,361445,0.0,0.0
2019-04-11 00:00:00+09:00,6761.309520776721,6890.760218523551,6691.605298913043,6870.8447265625,372675,0.0,0.0
2019-04-12 00:00:00+09:00,6890.760326743784,7318.943410631043,6811.0983576484805,7209.408203125,1566590,0.0,0.0
2019-04-15 00:00:00+09:00,7259.197057237186,7468.309729667887,7050.084384806485,7139.7041015625,722089,0.0,0.0
2019-04-16 00:00:00+09:00,7089.915353454416,7149.661831152065,6930.591412927351,6990.337890625,320508,0.0,0.0
2019-04-17 00:00:00+09:00,7069.999930838349,7219.366126560287,7020.211198931038,7030.1689453125,305283,0.0,0.0
2019-04-18 00:00:00+09:00,6980.380302440145,7219.366218643517,6811.09861179609,6940.54931640625,398209,0.0,0.0
2019-04-19 00:00:00+09:00,6960.464527550247,7030.168750286803,6711.520874919695,6781.22509765625,265264,0.0,0.0
2019-04-22 00:00:00+09:00,6781.22509765625,6870.844812603249,6641.81665218314,6781.22509765625,141999,0.0,0.0
2019-04-23 00:00:00+09:00,6721.478586098582,6910.67576111469,6651.7743637242265,6761.3095703125,214213,0.0,0.0
2019-04-24 00:00:00+09:00,6741.39414806003,6900.718086566618,6721.478655746706,6801.140625,177106,0.0,0.0
2019-04-25 00:00:00+09:00,6781.225324563419,6910.6760282628675,6641.816874425551,6771.267578125,242050,0.0,0.0
2019-04-26 00:00:00+09:00,6691.60532134434,6731.4363053999605,6263.422242746414,6333.12646484375,447775,0.0,0.0
2019-04-29 00:00:00+09:00,6372.957759938838,6651.774661936162,6363.000013438933,6512.3662109375,189788,0.0,0.0
2019-04-30 00:00:00+09:00,6502.408464437595,6572.1126899369265,6422.74649243836,6512.3662109375,80450,0.0,0.0
2019-05-02 00:00:00+09:00,6532.281329487645,6870.844691076944,6532.281329487645,6850.92919921875,270752,0.0,0.0
2019-05-03 00:00:00+09:00,6860.887204988232,7209.4083257060665,6761.309741925994,7139.7041015625,474499,0.0,0.0
2019-05-07 00:00:00+09:00,7030.168753856664,7129.74621495945,6940.549038864157,7060.0419921875,165696,0.0,0.0
2019-05-08 00:00:00+09:00,6930.591485757743,6990.337964083241,6691.605572455752,6751.35205078125,229666,0.0,0.0
2019-05-09 00:00:00+09:00,6731.43641849347,6880.80261121152,6631.858956681437,6671.68994140625,278751,0.0,0.0
2019-05-10 00:00:00+09:00,6811.098264978767,6990.337693004523,6582.070106945855,6741.39404296875,244631,0.0,0.0
2019-05-13 00:00:00+09:00,6741.394319168246,7069.999950678662,6701.563333530619,6900.71826171875,355026,0.0,0.0
2019-05-14 00:00:00+09:00,6811.098215502362,6960.464404438817,6691.6052643531975,6850.92919921875,198138,0.0,0.0
2019-05-15 00:00:00+09:00,6910.675868907784,7129.746285501403,6870.8448840725805,7099.873046875,318218,0.0,0.0
2019-05-16 00:00:00+09:00,7229.323651288007,7229.323651288007,6631.85888671875,6631.85888671875,433366,0.0,0.0
2019-05-17 00:00:00+09:00,6761.309759660201,7358.774539600719,6711.521027998491,7010.25341796875,915718,0.0,0.0
2019-05-20 00:00:00+09:00,6980.380003827449,7279.112386302233,6910.67578125,6910.67578125,810198,0.0,0.0
2019-05-21 00:00:00+09:00,7010.253282912234,7538.013828358751,6910.6758215072305,7488.22509765625,2933368,0.0,0.0
2019-05-22 00:00:00+09:00,7617.675957737199,7796.915392036897,7328.901313587684,7438.4365234375,1998192,0.0,0.0
2019-05-23 00:00:00+09:00,7488.225066275707,7866.619418029,7338.858874794143,7747.12646484375,2145576,0.0,0.0
2019-05-24 00:00:00+09:00,7647.549288617886,7717.253513904768,7259.197176305259,7348.81689453125,1021263,0.0,0.0
2019-05-27 00:00:00+09:00,7408.5634209437085,7826.788775351822,7299.028209074917,7518.0986328125,1477120,0.0,0.0
2019-05-28 00:00:00+09:00,7508.140920419832,7707.295851995955,7159.619790161617,7538.01416015625,1111905,0.0,0.0
2019-05-29 00:00:00+09:00,7567.887137276785,7717.253330775669,7378.689958844866,7528.05615234375,672686,0.0,0.0
2019-05-30 00:00:00+09:00,7498.18284379675,7687.380020466257,7189.49271344124,7488.22509765625,878705,0.0,0.0
2019-05-31 00:00:00+09:00,7488.225239071038,7528.056224385246,7259.197073514345,7289.0703125,414578,0.0,0.0
2019-06-03 00:00:00+09:00,7219.36625765983,7508.140907966223,7119.788792036936,7388.64794921875,537651,0.0,0.0
2019-06-04 00:00:00+09:00,7388.647531627011,7478.267245622487,7229.323595635054,7428.478515625,519271,0.0,0.0
2019-06-05 00:00:00+09:00,7657.5068359375,7747.126551832737,7478.267404147025,7657.5068359375,1230659,0.0,0.0
2019-06-07 00:00:00+09:00,7776.999911614913,7946.281599831883,7637.591462495056,7866.61962890625,1411907,0.0,0.0
2019-06-10 00:00:00+09:00,8095.647387408088,8513.872713694853,8065.774149816177,8464.083984375,4047662,0.0,0.0
2019-06-11 00:00:00+09:00,8364.50650261976,8394.379740129116,8205.182569236527,8314.7177734375,1013249,0.0,0.0
2019-06-12 00:00:00+09:00,8304.760269964221,8334.633508345387,7956.239155517281,8175.3095703125,822479,0.0,0.0
2019-06-13 00:00:00+09:00,8155.3941650390625,8404.337820870536,8115.563180106026,8364.5068359375,805677,0.0,0.0
2019-06-14 00:00:00+09:00,8344.591396354796,8394.380127836625,8175.309709316571,8254.9716796875,384807,0.0,0.0
2019-06-17 00:00:00+09:00,8304.760673945784,8404.338140060241,8185.267714608434,8264.9296875,400883,0.0,0.0
2019-06-18 00:00:00+09:00,8324.675400831355,8643.323263064132,8314.71765513658,8384.421875,1437262,0.0,0.0
2019-06-19 00:00:00+09:00,8444.168583984376,8483.999567871095,7876.577063598633,7966.19677734375,1055704,0.0,0.0
2019-06-20 00:00:00+09:00,7976.15478515625,8075.7322481419715,7617.6759184076545,7976.15478515625,621229,0.0,0.0
2019-06-21 00:00:00+09:00,8115.563555015363,8414.295955813475,8015.986088082659,8304.7607421875,1093246,0.0,0.0
2019-06-24 00:00:00+09:00,8414.295774647888,8653.281690140846,8314.718309859156,8484.0,1034702,0.0,0.0
2019-06-25 00:00:00+09:00,8583.576934742647,8762.816360294119,8374.464271599265,8464.083984375,783881,0.0,0.0
2019-06-26 00:00:00+09:00,8384.422345577486,8563.661778143274,8225.098405519006,8513.873046875,473183,0.0,0.0
2019-06-27 00:00:00+09:00,8513.873304528945,8663.239502854014,8075.732456108741,8095.64794921875,849492,0.0,0.0
2019-06-28 00:00:00+09:00,8115.563353007147,8235.056310352038,7866.619691871959,8185.267578125,432400,0.0,0.0
2019-07-01 00:00:00+09:00,8135.478504075641,8254.971456399884,7458.3517742382555,7577.8447265625,1087015,0.0,0.0
2019-07-02 00:00:00+09:00,7498.1829646062415,7747.126622129689,7498.1829646062415,7697.337890625,525780,0.0,0.0
2019-07-03 00:00:00+09:00,7707.295641017259,7747.126626242155,6990.337906969142,7139.7041015625,1361244,0.0,0.0
2019-07-04 00:00:00+09:00,7099.873185029473,7328.901352288488,6920.6337497832865,7179.53515625,714404,0.0,0.0
2019-07-05 00:00:00+09:00,7169.577378798842,7179.535125158285,6791.183017140014,6880.802734375,706877,0.0,0.0
2019-07-08 00:00:00+09:00,6880.802554914817,6880.802554914817,6422.7462343271445,6502.408203125,1003691,0.0,0.0
2019-07-09 00:00:00+09:00,6492.450544084822,6641.816737583706,6333.126604352678,6412.78857421875,699724,0.0,0.0
2019-07-10 00:00:00+09:00,6492.450544084822,6552.197021484375,6372.957589285714,6412.78857421875,431633,0.0,0.0
2019-07-11 00:00:00+09:00,6482.492957746479,6482.492957746479,6283.338028169014,6363.0,359423,0.0,0.0
2019-07-12 00:00:00+09:00,6422.7462343271445,6651.77439462098,6273.380042831164,6502.408203125,637119,0.0,0.0
2019-07-15 00:00:00+09:00,6522.323839424071,6532.281585743802,5904.943567600723,6024.4365234375,1012379,0.0,0.0
2019-07-16 00:00:00+09:00,6024.436436755649,6193.718121755394,5984.605452049826,6114.05615234375,409251,0.0,0.0
2019-07-17 00:00:00+09:00,6124.0139866348145,6133.971732954546,5954.732299199381,6024.4365234375,265929,0.0,0.0
2019-07-18 00:00:00+09:00,5974.647791838843,6213.633703512397,5974.647791838843,6024.4365234375,407499,0.0,0.0
2019-07-19 00:00:00+09:00,6054.3098316912965,6153.887296028325,6004.521099522783,6064.267578125,187891,0.0,0.0
2019-07-22 00:00:00+09:00,6064.267421461472,6213.633614108306,5894.985736461726,6114.05615234375,260240,0.0,0.0
2019-07-23 00:00:00+09:00,6143.929284346731,6303.253220407586,5974.6476022820725,6054.3095703125,391997,0.0,0.0
2019-07-24 00:00:00+09:00,6074.225202287947,6074.225202287947,5665.957606724331,5855.15478515625,553231,0.0,0.0
2019-07-25 00:00:00+09:00,5835.239292689732,5964.689993722098,5745.619576590401,5855.15478515625,310031,0.0,0.0
2019-07-26 00:00:00+09:00,5855.1547501599825,5894.9857348549485,5715.746303727602,5835.2392578125,280631,0.0,0.0
2019-07-29 00:00:00+09:00,5845.196965279339,5865.112457494942,5536.5068359375,5536.5068359375,324765,0.0,0.0
2019-07-30 00:00:00+09:00,5476.760411553774,5865.112513463951,5476.760411553774,5705.78857421875,554653,0.0,0.0
2019-07-31 00:00:00+09:00,5715.74615158365,5885.02783203125,5526.548979318687,5885.02783203125,265694,0.0,0.0
2019-08-01 00:00:00+09:00,5855.154584813499,5924.858806061278,5586.29544571492,5606.2109375,262055,0.0,0.0
2019-08-02 00:00:00+09:00,5446.8872540448165,5954.732317950275,5377.183029587204,5894.98583984375,462627,0.0,0.0
2019-08-05 00:00:00+09:00,5875.070182532348,6064.267357902033,5347.309640711645,5387.140625,678116,0.0,0.0
2019-08-06 00:00:00+09:00,5088.408395361713,5456.8450110728345,4978.873185285433,5058.53515625,920991,0.0,0.0
2019-08-07 00:00:00+09:00,5148.154617224007,5347.309534718166,5138.196871349299,5327.39404296875,399357,0.0,0.0
2019-08-08 00:00:00+09:00,5506.633520631324,5924.858851312184,5407.056060945405,5904.943359375,795762,0.0,0.0
2019-08-09 00:00:00+09:00,6004.520961158486,6104.098423200915,5835.239275686356,5984.60546875,760748,0.0,0.0
2019-08-12 00:00:00+09:00,5974.647791838843,6044.352016076963,5815.323850723141,6024.4365234375,296693,0.0,0.0
2019-08-13 00:00:00+09:00,6014.4789010242475,6213.633831521739,5924.859182300376,5954.732421875,577125,0.0,0.0
2019-08-14 00:00:00+09:00,6094.140482719371,6133.9714662665565,5964.689786191018,6014.478515625,567092,0.0,0.0
2019-08-16 00:00:00+09:00,5964.690119574279,6034.3943446778185,5785.45068359375,5785.45068359375,411586,0.0,0.0
2019-08-19 00:00:00+09:00,5835.239309636712,6133.971697502073,5815.323817112355,6004.52099609375,540329,0.0,0.0
2019-08-20 00:00:00+09:00,6034.394373018105,6114.056344939137,5944.774654606946,6084.18310546875,354388,0.0,0.0
2019-08-21 00:00:00+09:00,6084.182736832575,6114.055974492963,5984.605277964611,6014.478515625,295945,0.0,0.0
2019-08-22 00:00:00+09:00,6074.225077140231,6074.225077140231,5924.85888671875,5924.85888671875,182254,0.0,0.0
2019-08-23 00:00:00+09:00,5825.281725431743,5924.859190823739,5675.91552734375,5675.91552734375,690202,0.0,0.0
2019-08-26 00:00:00+09:00,5357.267680448645,5546.464866189396,5257.690214269302,5417.01416015625,504821,0.0,0.0
2019-08-27 00:00:00+09:00,5616.168821218923,5636.084313492749,5357.267421659185,5407.05615234375,268629,0.0,0.0
2019-08-28 00:00:00+09:00,5387.140540660511,5566.379967151988,5387.140540660511,5476.76025390625,176281,0.0,0.0
2019-08-29 00:00:00+09:00,5516.591323937153,5516.591323937153,5297.520910351202,5387.140625,282683,0.0,0.0
2019-08-30 00:00:00+09:00,5476.760617706463,5606.211323215888,5426.971884818222,5546.46484375,345168,0.0,0.0
2019-09-02 00:00:00+09:00,5526.5490898296985,5655.999789231115,5426.971628751686,5536.5068359375,222154,0.0,0.0
2019-09-03 00:00:00+09:00,5546.464651925223,5725.704084123884,5516.591413225447,5576.337890625,250082,0.0,0.0
2019-09-04 00:00:00+09:00,5536.50700363005,5954.732352825126,5526.549257220644,5914.9013671875,489671,0.0,0.0
2019-09-05 00:00:00+09:00,6014.47876059322,6044.351999470338,5825.281581038135,5875.0703125,466239,0.0,0.0
2019-09-06 00:00:00+09:00,5974.647758152174,5974.647758152174,5725.7041015625,5725.7041015625,300171,0.0,0.0
2019-09-09 00:00:00+09:00,5725.70396033124,5855.154658564815,5646.0419921875,5646.0419921875,230074,0.0,0.0
2019-09-10 00:00:00+09:00,5646.042165666973,5765.535121554105,5626.126673019118,5745.61962890625,133311,0.0,0.0
2019-09-11 00:00:00+09:00,5755.577444263662,5845.197162253927,5695.830965603485,5785.45068359375,226997,0.0,0.0
2019-09-16 00:00:00+09:00,5805.3662109375,5845.1971969473625,5705.788745912842,5805.3662109375,132882,0.0,0.0
2019-09-17 00:00:00+09:00,5805.3659137594295,5815.323659752155,5725.703945817619,5775.49267578125,184230,0.0,0.0
2019-09-18 00:00:00+09:00,5775.492865444215,6054.309762396694,5755.5773728047525,6024.4365234375,418697,0.0,0.0
2019-09-19 00:00:00+09:00,6024.436488618107,6104.098458715536,5914.901279734141,6004.52099609375,287022,0.0,0.0
2019-09-20 00:00:00+09:00,6014.478859925881,6273.380267803485,5984.605620555389,6213.6337890625,534771,0.0,0.0
2019-09-23 00:00:00+09:00,6273.380302453575,6273.380302453575,6114.056358264277,6233.54931640625,337346,0.0,0.0
2019-09-24 00:00:00+09:00,6243.50680078125,6273.3800390625,6143.929339843749,6223.59130859375,247396,0.0,0.0
2019-09-25 00:00:00+09:00,6213.633703512397,6213.633703512397,6014.478777117769,6024.4365234375,360276,0.0,0.0
2019-09-26 00:00:00+09:00,6114.05641355437,6363.000078601372,6034.394440739329,6124.01416015625,653789,0.0,0.0
2019-09-27 00:00:00+09:00,6114.056010532694,6173.802486205652,6034.39404296875,6034.39404296875,244711,0.0,0.0
2019-09-30 00:00:00+09:00,6034.39421735491,6193.718157087053,6004.520978655134,6133.9716796875,338718,0.0,0.0
2019-10-01 00:00:00+09:00,6163.845098897366,6173.802845422241,5914.901435775502,5954.732421875,443189,0.0,0.0
2019-10-02 00:00:00+09:00,5894.985699379281,5974.647668289812,5685.873030989137,5815.32373046875,372575,0.0,0.0
2019-10-04 00:00:00+09:00,5755.577499657346,5795.408485814145,5616.1690481085525,5675.91552734375,309227,0.0,0.0
2019-10-07 00:00:00+09:00,5656.000125334224,5775.493085728609,5576.338151737968,5586.2958984375,225193,0.0,0.0
2019-10-08 00:00:00+09:00,5596.253501169858,5795.408430037113,5596.253501169858,5785.45068359375,178692,0.0,0.0
2019-10-10 00:00:00+09:00,5735.66162109375,5795.408096313477,5675.915145874023,5735.66162109375,88410,0.0,0.0
2019-10-11 00:00:00+09:00,5755.5771484375,5835.239115889923,5715.746164711289,5755.5771484375,98496,0.0,0.0
2019-10-14 00:00:00+09:00,5875.070366472366,5875.070366472366,5745.619663482297,5765.53515625,133320,0.0,0.0
2019-10-15 00:00:00+09:00,5775.493072872454,5875.070539646116,5725.704339485622,5865.11279296875,157283,0.0,0.0
2019-10-16 00:00:00+09:00,5894.985577939932,6044.3517665701675,5845.196848396521,5885.02783203125,352467,0.0,0.0
2019-10-17 00:00:00+09:00,5885.028182957225,5924.859168967088,5685.873252907912,5805.3662109375,222315,0.0,0.0
2019-10-18 00:00:00+09:00,5855.154664522059,6014.478600971639,5805.365934381565,5924.85888671875,292256,0.0,0.0
2019-10-21 00:00:00+09:00,6004.520870248067,6004.520870248067,5795.408203125,5795.408203125,217586,0.0,0.0
2019-10-22 00:00:00+09:00,5825.28133392334,5855.154571533203,5705.788383483887,5735.66162109375,228893,0.0,0.0
2019-10-23 00:00:00+09:00,5735.6620065789475,5855.154965049342,5675.91552734375,5675.91552734375,187380,0.0,0.0
2019-10-24 00:00:00+09:00,5695.831020422149,5755.577499657346,5665.957780804551,5675.91552734375,134524,0.0,0.0
2019-10-25 00:00:00+09:00,5695.830637613933,5805.365842183432,5675.915145874023,5735.66162109375,152299,0.0,0.0
2019-10-28 00:00:00+09:00,5775.493005475428,5835.239484842415,5665.957793302618,5825.28173828125,194698,0.0,0.0
2019-10-29 00:00:00+09:00,5835.239115889923,5904.943337410791,5735.661656574394,5755.5771484375,196402,0.0,0.0
2019-10-30 00:00:00+09:00,5775.492762149737,5825.281492857925,5586.295585458625,5685.873046875,159978,0.0,0.0
2019-10-31 00:00:00+09:00,5695.830722277337,5725.70396033124,5606.211008115631,5646.0419921875,128880,0.0,0.0
2019-11-01 00:00:00+09:00,5646.042046533872,5865.112461037832,5606.211062078606,5815.32373046875,245930,0.0,0.0
2019-11-04 00:00:00+09:00,5875.0703125,5904.943551377119,5815.323834745763,5875.0703125,159881,0.0,0.0
2019-11-05 00:00:00+09:00,5894.985770089285,5944.774501255581,5805.366053989956,5855.15478515625,228320,0.0,0.0
2019-11-06 00:00:00+09:00,5825.281630489343,6124.014021796489,5815.3238841124385,6044.35205078125,747565,0.0,0.0
2019-11-07 00:00:00+09:00,6014.4786889398465,6024.436435113588,5785.450526943792,5835.2392578125,441060,0.0,0.0
2019-11-08 00:00:00+09:00,5875.0703125,5914.901297669491,5825.281581038135,5875.0703125,135028,0.0,0.0
2019-11-11 00:00:00+09:00,5914.901069757297,5954.7320533920265,5825.281356579157,5885.02783203125,195914,0.0,0.0
2019-11-12 00:00:00+09:00,5894.985805084745,5934.816790254237,5825.281581038135,5875.0703125,83467,0.0,0.0
2019-11-13 00:00:00+09:00,5894.985821280992,6124.0139866348145,5865.112582321798,6024.4365234375,631561,0.0,0.0
2019-11-14 00:00:00+09:00,6133.971732954546,6153.887225594009,6014.478777117769,6024.4365234375,404455,0.0,0.0
2019-11-15 00:00:00+09:00,6084.182996879728,6601.985805124811,6024.436519005295,6582.0703125,1699584,0.0,0.0
2019-11-18 00:00:00+09:00,6751.351768232729,7428.478494250171,6671.6898004659715,7279.1123046875,4203561,0.0,0.0
2019-11-19 00:00:00+09:00,7308.985820887718,7577.844972337266,7129.746386588019,7438.4365234375,1958146,0.0,0.0
2019-11-20 00:00:00+09:00,7408.56328438755,7637.591450437165,7249.239342787818,7438.4365234375,993213,0.0,0.0
2019-11-21 00:00:00+09:00,7448.394407077814,7767.042296150663,7289.070462541391,7518.0986328125,1053697,0.0,0.0
2019-11-22 00:00:00+09:00,7557.929529639439,7717.253472293235,7289.070376411159,7607.71826171875,998917,0.0,0.0
2019-11-25 00:00:00+09:00,7757.084422674704,7876.577379121555,7557.929495263287,7587.802734375,617825,0.0,0.0
2019-11-26 00:00:00+09:00,7647.549261874197,7856.66193700357,7428.478840310093,7757.08447265625,832953,0.0,0.0
2019-11-27 00:00:00+09:00,7757.084541252594,7856.662006480484,7617.676089933549,7796.91552734375,553411,0.0,0.0
2019-11-28 00:00:00+09:00,7747.126603997694,7956.239275827966,7707.295618887166,7826.78857421875,602710,0.0,0.0
2019-11-29 00:00:00+09:00,7886.534945913461,8006.027899639424,7657.506784605369,7767.0419921875,469296,0.0,0.0
2019-12-02 00:00:00+09:00,7767.042133532072,7886.535089432566,7538.013968056126,7567.88720703125,629619,0.0,0.0
2019-12-03 00:00:00+09:00,7547.971561465558,8055.8166137541375,7448.394100232503,7896.49267578125,1529514,0.0,0.0
2019-12-04 00:00:00+09:00,7796.915433209084,7836.746418819348,7129.74642423717,7179.53515625,1302179,0.0,0.0
2019-12-05 00:00:00+09:00,7338.859148061695,7448.394359226795,7179.535204548823,7348.81689453125,537093,0.0,0.0
2019-12-06 00:00:00+09:00,7358.774680341036,7846.704259957694,7348.816933818247,7796.91552734375,794406,0.0,0.0
2019-12-09 00:00:00+09:00,7996.070172464622,7996.070172464622,7637.591310436321,7916.408203125,754363,0.0,0.0
2019-12-10 00:00:00+09:00,7866.619648387226,7906.450633948681,7587.802749457046,7737.1689453125,500564,0.0,0.0
2019-12-11 00:00:00+09:00,7866.6196131552415,8015.985808341734,7657.506939894153,7717.25341796875,661653,0.0,0.0
2019-12-12 00:00:00+09:00,7767.041879607909,8254.971433583278,7239.281341634552,7428.478515625,3148166,0.0,0.0
2019-12-13 00:00:00+09:00,7488.225112078059,7488.225112078059,7079.95751953125,7079.95751953125,1310137,0.0,0.0
2019-12-16 00:00:00+09:00,7139.70421116232,7209.408436375899,6791.183085094424,6920.6337890625,1183468,0.0,0.0
2019-12-17 00:00:00+09:00,6960.464467380414,7338.858816107819,6880.802499227277,7299.02783203125,1565149,0.0,0.0
2019-12-18 00:00:00+09:00,7269.154624237535,7289.070116358735,7020.210972722552,7040.12646484375,661458,0.0,0.0
2019-12-19 00:00:00+09:00,7040.126816210658,7129.746535228898,6870.845124731759,6960.46484375,508992,0.0,0.0
2019-12-20 00:00:00+09:00,6890.760308312764,7089.915230518336,6890.760308312764,7060.0419921875,487318,0.0,0.0
2019-12-23 00:00:00+09:00,7060.0422606705915,7109.830993115377,6751.3521195129215,6791.18310546875,511334,0.0,0.0
2019-12-24 00:00:00+09:00,6771.267646655701,6910.676098204495,6771.267646655701,6811.0986328125,244877,0.0,0.0
2019-12-26 00:00:00+09:00,6860.887323943662,7070.0,6840.971830985915,7070.0,337635,0.0,0.0
2019-12-27 00:00:00+09:00,7140.0,7290.0,7050.0,7190.0,450911,30.0,0.0
2019-12-30 00:00:00+09:00,7230.0,7450.0,7100.0,7400.0,536189,0.0,0.0
2020-01-02 00:00:00+09:00,7370.0,7480.0,7290.0,7450.0,408000,0.0,0.0
2020-01-03 00:00:00+09:00,7490.0,7600.0,7290.0,7340.0,503198,0.0,0.0
2020-01-06 00:00:00+09:00,7200.0,7520.0,7100.0,7500.0,702046,0.0,0.0
2020-01-07 00:00:00+09:00,7590.0,7710.0,7380.0,7490.0,841463,0.0,0.0
2020-01-08 00:00:00+09:00,7360.0,7490.0,7060.0,7310.0,752951,0.0,0.0
2020-01-09 00:00:00+09:00,7550.0,7730.0,7450.0,7720.0,784869,0.0,0.0
2020-01-10 00:00:00+09:00,7780.0,7780.0,7440.0,7490.0,606331,0.0,0.0
2020-01-13 00:00:00+09:00,7490.0,7500.0,7250.0,7360.0,470629,0.0,0.0
2020-01-14 00:00:00+09:00,7360.0,7640.0,7360.0,7480.0,703630,0.0,0.0
2020-01-15 00:00:00+09:00,7480.0,7680.0,7460.0,7570.0,459851,0.0,0.0
2020-01-16 00:00:00+09:00,7570.0,7920.0,7550.0,7810.0,1241591,0.0,0.0
2020-01-17 00:00:00+09:00,7980.0,8000.0,7620.0,7650.0,1180603,0.0,0.0
2020-01-20 00:00:00+09:00,7750.0,7770.0,7430.0,7530.0,862998,0.0,0.0
2020-01-21 00:00:00+09:00,7440.0,7550.0,7390.0,7430.0,291431,0.0,0.0
2020-01-22 00:00:00+09:00,7480.0,7550.0,7290.0,7540.0,454975,0.0,0.0
2020-01-23 00:00:00+09:00,7540.0,7540.0,7390.0,7460.0,321464,0.0,0.0
2020-01-28 00:00:00+09:00,7000.0,7170.0,6940.0,7110.0,632836,0.0,0.0
2020-01-29 00:00:00+09:00,7210.0,7230.0,7060.0,7070.0,247241,0.0,0.0
2020-01-30 00:00:00+09:00,7040.0,7100.0,6650.0,6700.0,562920,0.0,0.0
2020-01-31 00:00:00+09:00,6710.0,6800.0,6370.0,6430.0,553448,0.0,0.0
2020-02-03 00:00:00+09:00,6200.0,6580.0,6200.0,6540.0,460260,0.0,0.0
2020-02-04 00:00:00+09:00,6560.0,6700.0,6470.0,6690.0,351002,0.0,0.0
2020-02-05 00:00:00+09:00,6720.0,6820.0,6590.0,6600.0,359018,0.0,0.0
2020-02-06 00:00:00+09:00,6690.0,6770.0,6640.0,6690.0,228260,0.0,0.0
2020-02-07 00:00:00+09:00,6700.0,6750.0,6520.0,6610.0,255504,0.0,0.0
2020-02-10 00:00:00+09:00,6650.0,6900.0,6610.0,6860.0,818021,0.0,0.0
2020-02-11 00:00:00+09:00,6850.0,6850.0,6650.0,6820.0,518747,0.0,0.0
2020-02-12 00:00:00+09:00,6860.0,6960.0,6760.0,6910.0,516571,0.0,0.0
2020-02-13 00:00:00+09:00,7030.0,7090.0,6840.0,6880.0,516102,0.0,0.0
2020-02-14 00:00:00+09:00,6900.0,7440.0,6900.0,7440.0,1368777,0.0,0.0
2020-02-17 00:00:00+09:00,7670.0,7800.0,7480.0,7710.0,2318954,0.0,0.0
2020-02-18 00:00:00+09:00,7710.0,7770.0,7470.0,7580.0,984242,0.0,0.0
2020-02-19 00:00:00+09:00,7600.0,7640.0,7090.0,7350.0,1478648,0.0,0.0
2020-02-20 00:00:00+09:00,7430.0,7450.0,7090.0,7190.0,886205,0.0,0.0
2020-02-21 00:00:00+09:00,7020.0,7180.0,6950.0,6950.0,621469,0.0,0.0
2020-02-24 00:00:00+09:00,6670.0,6840.0,6450.0,6490.0,805723,0.0,0.0
2020-02-25 00:00:00+09:00,6520.0,6930.0,6490.0,6930.0,1061361,0.0,0.0
2020-02-26 00:00:00+09:00,6680.0,6850.0,6600.0,6820.0,672235,0.0,0.0
2020-02-27 00:00:00+09:00,6820.0,6850.0,6370.0,6440.0,846985,0.0,0.0
2020-02-28 00:00:00+09:00,6270.0,6300.0,5940.0,6130.0,763577,0.0,0.0
2020-03-02 00:00:00+09:00,6140.0,6290.0,5920.0,6290.0,864644,0.0,0.0
2020-03-03 00:00:00+09:00,6480.0,6530.0,6140.0,6200.0,673918,0.0,0.0
2020-03-04 00:00:00+09:00,6150.0,6440.0,6100.0,6430.0,462192,0.0,0.0
2020-03-05 00:00:00+09:00,6490.0,6510.0,6350.0,6450.0,508454,0.0,0.0
2020-03-06 00:00:00+09:00,6330.0,6460.0,6260.0,6280.0,398167,0.0,0.0
2020-03-09 00:00:00+09:00,6280.0,6280.0,6280.0,6280.0,0,0.0,0.0
2020-03-10 00:00:00+09:00,5600.0,5880.0,5540.0,5840.0,560099,0.0,0.0
2020-03-11 00:00:00+09:00,5840.0,5870.0,5450.0,5550.0,520833,0.0,0.0
2020-03-12 00:00:00+09:00,5550.0,5550.0,5550.0,5550.0,0,0.0,0.0
2020-03-13 00:00:00+09:00,4500.0,4765.0,4190.0,4500.0,1104818,0.0,0.0
2020-03-16 00:00:00+09:00,4550.0,4765.0,4250.0,4250.0,818005,0.0,0.0
2020-03-17 00:00:00+09:00,3850.0,4380.0,3850.0,4210.0,817417,0.0,0.0
2020-03-18 00:00:00+09:00,4300.0,4340.0,3845.0,3845.0,687576,0.0,0.0
2020-03-19 00:00:00+09:00,3960.0,4020.0,2980.0,3020.0,1515855,0.0,0.0
2020-03-20 00:00:00+09:00,3050.0,3500.0,3040.0,3445.0,1049979,0.0,0.0
2020-03-23 00:00:00+09:00,3130.0,3250.0,3025.0,3110.0,566445,0.0,0.0
2020-03-24 00:00:00+09:00,3285.0,3445.0,3180.0,3370.0,596221,0.0,0.0
2020-03-25 00:00:00+09:00,3535.0,3725.0,3500.0,3630.0,968765,0.0,0.0
2020-03-26 00:00:00+09:00,3650.0,4100.0,3555.0,3895.0,1774534,0.0,0.0
2020-03-27 00:00:00+09:00,4085.0,4180.0,3895.0,4095.0,827050,0.0,0.0
2020-03-30 00:00:00+09:00,3925.0,4150.0,3895.0,4125.0,468919,0.0,0.0
2020-03-31 00:00:00+09:00,4295.0,4295.0,4080.0,4150.0,616988,0.0,0.0
2020-04-01 00:00:00+09:00,4130.0,4390.0,4035.0,4060.0,596053,0.0,0.0
2020-04-02 00:00:00+09:00,4085.0,4230.0,3970.0,4185.0,663269,0.0,0.0
2020-04-03 00:00:00+09:00,4220.0,4370.0,4090.0,4195.0,622705,0.0,0.0
2020-04-06 00:00:00+09:00,4250.0,4475.0,4205.0,4410.0,910301,0.0,0.0
2020-04-07 00:00:00+09:00,4625.0,4680.0,4420.0,4600.0,844221,0.0,0.0
2020-04-08 00:00:00+09:00,4640.0,4905.0,4480.0,4760.0,705683,0.0,0.0
2020-04-09 00:00:00+09:00,4885.0,5060.0,4820.0,4915.0,832399,0.0,0.0
2020-04-10 00:00:00+09:00,4955.0,4990.0,4460.0,4820.0,624309,0.0,0.0
2020-04-13 00:00:00+09:00,4820.0,4835.0,4470.0,4470.0,593587,0.0,0.0
2020-04-14 00:00:00+09:00,4590.0,4730.0,4565.0,4680.0,409885,0.0,0.0
2020-04-16 00:00:00+09:00,4650.0,4825.0,4600.0,4825.0,367229,0.0,0.0
2020-04-17 00:00:00+09:00,4955.0,5050.0,4860.0,4940.0,663284,0.0,0.0
2020-04-20 00:00:00+09:00,4980.0,5030.0,4880.0,4915.0,468930,0.0,0.0
2020-04-21 00:00:00+09:00,4865.0,4910.0,4605.0,4795.0,562326,0.0,0.0
2020-04-22 00:00:00+09:00,4710.0,4820.0,4620.0,4805.0,240931,0.0,0.0
2020-04-23 00:00:00+09:00,4850.0,4890.0,4770.0,4780.0,340317,0.0,0.0
2020-04-24 00:00:00+09:00,4745.0,4795.0,4600.0,4610.0,421912,0.0,0.0
2020-04-27 00:00:00+09:00,4635.0,4790.0,4635.0,4785.0,338999,0.0,0.0
2020-04-28 00:00:00+09:00,4800.0,4920.0,4765.0,4810.0,484635,0.0,0.0
2020-04-29 00:00:00+09:00,4825.0,4920.0,4770.0,4820.0,386941,0.0,0.0
2020-05-04 00:00:00+09:00,4745.0,4840.0,4695.0,4710.0,280022,0.0,0.0
2020-05-06 00:00:00+09:00,4775.0,4925.0,4740.0,4910.0,409291,0.0,0.0
2020-05-07 00:00:00+09:00,4935.0,5200.0,4920.0,5170.0,1226299,0.0,0.0
2020-05-08 00:00:00+09:00,5300.0,5390.0,5150.0,5160.0,862107,0.0,0.0
2020-05-11 00:00:00+09:00,5170.0,5320.0,5030.0,5140.0,560017,0.0,0.0
2020-05-12 00:00:00+09:00,5170.0,5170.0,4975.0,5050.0,427088,0.0,0.0
2020-05-13 00:00:00+09:00,4920.0,5110.0,4920.0,5100.0,225964,0.0,0.0
2020-05-14 00:00:00+09:00,5080.0,5080.0,4930.0,4955.0,322729,0.0,0.0
2020-05-15 00:00:00+09:00,5020.0,5040.0,4910.0,4965.0,206088,0.0,0.0
2020-05-18 00:00:00+09:00,4970.0,4990.0,4810.0,4980.0,340592,0.0,0.0
2020-05-19 00:00:00+09:00,5120.0,5190.0,5070.0,5180.0,690384,0.0,0.0
2020-05-20 00:00:00+09:00,5130.0,5390.0,5130.0,5380.0,836232,0.0,0.0
2020-05-21 00:00:00+09:00,5470.0,5590.0,5290.0,5300.0,860847,0.0,0.0
2020-05-22 00:00:00+09:00,5340.0,5370.0,5100.0,5140.0,565268,0.0,0.0
2020-05-25 00:00:00+09:00,5230.0,5450.0,5230.0,5290.0,798412,0.0,0.0
2020-05-26 00:00:00+09:00,5300.0,5390.0,5200.0,5340.0,484344,0.0,0.0
2020-05-27 00:00:00+09:00,5500.0,5510.0,5320.0,5330.0,698683,0.0,0.0
2020-05-28 00:00:00+09:00,5400.0,5410.0,5030.0,5150.0,513715,0.0,0.0
2020-05-29 00:00:00+09:00,5100.0,5200.0,5040.0,5120.0,253339,0.0,0.0
2020-06-01 00:00:00+09:00,5120.0,5270.0,5120.0,5260.0,200047,0.0,0.0
2020-06-02 00:00:00+09:00,5240.0,5370.0,5200.0,5210.0,368933,0.0,0.0
2020-06-03 00:00:00+09:00,5240.0,5290.0,5190.0,5220.0,338796,0.0,0.0
2020-06-04 00:00:00+09:00,5280.0,5530.0,5220.0,5480.0,1415123,0.0,0.0
2020-06-05 00:00:00+09:00,5500.0,5500.0,5350.0,5450.0,532605,0.0,0.0
2020-06-08 00:00:00+09:00,5490.0,5500.0,5350.0,5360.0,329806,0.0,0.0
2020-06-09 00:00:00+09:00,5420.0,5560.0,5350.0,5420.0,846126,0.0,0.0
2020-06-10 00:00:00+09:00,5420.0,5450.0,5280.0,5290.0,443020,0.0,0.0
2020-06-11 00:00:00+09:00,5310.0,5340.0,5110.0,5150.0,425427,0.0,0.0
2020-06-12 00:00:00+09:00,4800.0,5040.0,4800.0,5030.0,499004,0.0,0.0
2020-06-15 00:00:00+09:00,5050.0,5050.0,4630.0,4745.0,499873,0.0,0.0
2020-06-16 00:00:00+09:00,4830.0,4905.0,4810.0,4880.0,268130,0.0,0.0
2020-06-17 00:00:00+09:00,4800.0,4965.0,4780.0,4870.0,213955,0.0,0.0
2020-06-18 00:00:00+09:00,4870.0,4955.0,4835.0,4900.0,142098,0.0,0.0
2020-06-19 00:00:00+09:00,4930.0,4955.0,4830.0,4905.0,157744,0.0,0.0
2020-06-22 00:00:00+09:00,4920.0,5060.0,4910.0,4950.0,199712,0.0,0.0
2020-06-23 00:00:00+09:00,5040.0,5050.0,4870.0,4890.0,120984,0.0,0.0
2020-06-24 00:00:00+09:00,4900.0,4945.0,4825.0,4850.0,192095,0.0,0.0
2020-06-25 00:00:00+09:00,4795.0,4795.0,4585.0,4720.0,275279,0.0,0.0
2020-06-26 00:00:00+09:00,4740.0,4765.0,4615.0,4660.0,186610,0.0,0.0
2020-06-29 00:00:00+09:00,4555.0,4640.0,4540.0,4575.0,154507,0.0,0.0
2020-06-30 00:00:00+09:00,4625.0,4640.0,4575.0,4615.0,111187,0.0,0.0
2020-07-01 00:00:00+09:00,4635.0,4730.0,4600.0,4610.0,139936,0.0,0.0
2020-07-02 00:00:00+09:00,4660.0,4690.0,4620.0,4650.0,51273,0.0,0.0
2020-07-03 00:00:00+09:00,4655.0,4675.0,4620.0,4655.0,93166,0.0,0.0
2020-07-06 00:00:00+09:00,4675.0,4685.0,4615.0,4685.0,118644,0.0,0.0
2020-07-07 00:00:00+09:00,4730.0,4910.0,4690.0,4895.0,369895,0.0,0.0
2020-07-08 00:00:00+09:00,4890.0,5310.0,4800.0,5120.0,1103966,0.0,0.0
2020-07-09 00:00:00+09:00,5150.0,5200.0,5030.0,5150.0,329873,0.0,0.0
2020-07-10 00:00:00+09:00,5200.0,5220.0,5010.0,5030.0,352488,0.0,0.0
2020-07-13 00:00:00+09:00,5120.0,5130.0,5030.0,5040.0,146547,0.0,0.0
2020-07-14 00:00:00+09:00,5010.0,5040.0,4935.0,4945.0,214546,0.0,0.0
2020-07-15 00:00:00+09:00,5030.0,5220.0,5010.0,5160.0,610887,0.0,0.0
2020-07-16 00:00:00+09:00,5190.0,5220.0,5000.0,5050.0,358945,0.0,0.0
2020-07-17 00:00:00+09:00,5060.0,5150.0,5030.0,5130.0,232692,0.0,0.0
2020-07-20 00:00:00+09:00,5180.0,5270.0,5120.0,5200.0,479882,0.0,0.0
2020-07-21 00:00:00+09:00,5260.0,5280.0,5120.0,5150.0,442699,0.0,0.0
2020-07-22 00:00:00+09:00,5130.0,5240.0,5070.0,5140.0,451553,0.0,0.0
2020-07-23 00:00:00+09:00,5310.0,6570.0,5300.0,6430.0,16796195,0.0,0.0
2020-07-24 00:00:00+09:00,6330.0,6660.0,6180.0,6600.0,5259620,0.0,0.0
2020-07-27 00:00:00+09:00,6530.0,7100.0,6320.0,6670.0,5049949,0.0,0.0
2020-07-28 00:00:00+09:00,6630.0,6890.0,6360.0,6520.0,2147913,0.0,0.0
2020-07-29 00:00:00+09:00,6500.0,6560.0,6330.0,6450.0,696243,0.0,0.0
2020-07-30 00:00:00+09:00,6450.0,6850.0,6450.0,6470.0,2334600,0.0,0.0
2020-07-31 00:00:00+09:00,6380.0,6450.0,6210.0,6330.0,1276026,0.0,0.0
2020-08-03 00:00:00+09:00,6340.0,6490.0,6100.0,6390.0,1311083,0.0,0.0
2020-08-04 00:00:00+09:00,6460.0,6630.0,6300.0,6460.0,1326529,0.0,0.0
2020-08-05 00:00:00+09:00,6620.0,7420.0,6550.0,6940.0,11759792,0.0,0.0
2020-08-06 00:00:00+09:00,7130.0,8120.0,7110.0,7530.0,12415695,0.0,0.0
2020-08-07 00:00:00+09:00,7530.0,7590.0,7050.0,7150.0,1964142,0.0,0.0
2020-08-10 00:00:00+09:00,7150.0,7320.0,6980.0,7290.0,1140459,0.0,0.0
2020-08-11 00:00:00+09:00,7160.0,7270.0,6950.0,6950.0,904649,0.0,0.0
2020-08-12 00:00:00+09:00,6850.0,6870.0,6400.0,6470.0,1697438,0.0,0.0
2020-08-13 00:00:00+09:00,6510.0,6730.0,6510.0,6510.0,728672,0.0,0.0
2020-08-14 00:00:00+09:00,6650.0,6670.0,6390.0,6580.0,710388,0.0,0.0
2020-08-18 00:00:00+09:00,6380.0,6490.0,5770.0,5850.0,1172768,0.0,0.0
2020-08-19 00:00:00+09:00,5880.0,6060.0,5720.0,6010.0,606334,0.0,0.0
2020-08-20 00:00:00+09:00,6010.0,6020.0,5470.0,5570.0,815482,0.0,0.0
2020-08-21 00:00:00+09:00,5740.0,5940.0,5400.0,5780.0,603816,0.0,0.0
2020-08-24 00:00:00+09:00,5700.0,6100.0,5590.0,6060.0,581371,0.0,0.0
2020-08-25 00:00:00+09:00,6110.0,6380.0,6100.0,6300.0,654670,0.0,0.0
2020-08-26 00:00:00+09:00,6310.0,6410.0,6130.0,6260.0,598367,0.0,0.0
2020-08-27 00:00:00+09:00,6370.0,6630.0,6200.0,6360.0,1083845,0.0,0.0
2020-08-28 00:00:00+09:00,6410.0,6780.0,6270.0,6590.0,1366940,0.0,0.0
2020-08-31 00:00:00+09:00,6590.0,6730.0,6380.0,6430.0,582955,0.0,0.0
2020-09-01 00:00:00+09:00,6500.0,6650.0,6410.0,6450.0,394867,0.0,0.0
2020-09-02 00:00:00+09:00,6570.0,6830.0,6500.0,6720.0,781477,0.0,0.0
2020-09-03 00:00:00+09:00,6720.0,6800.0,6670.0,6720.0,388234,0.0,0.0
2020-09-04 00:00:00+09:00,6400.0,6520.0,6370.0,6450.0,601292,0.0,0.0
2020-09-07 00:00:00+09:00,6480.0,6560.0,6320.0,6380.0,388065,0.0,0.0
2020-09-08 00:00:00+09:00,6400.0,7420.0,6400.0,7320.0,5585364,0.0,0.0
2020-09-09 00:00:00+09:00,7150.0,7540.0,7010.0,7430.0,2447859,0.0,0.0
2020-09-10 00:00:00+09:00,7750.0,8010.0,7290.0,7370.0,3171242,0.0,0.0
2020-09-11 00:00:00+09:00,7280.0,7690.0,7270.0,7390.0,985943,0.0,0.0
2020-09-14 00:00:00+09:00,7490.0,7500.0,7230.0,7290.0,584783,0.0,0.0
2020-09-15 00:00:00+09:00,7320.0,7430.0,7070.0,7300.0,599893,0.0,0.0
2020-09-16 00:00:00+09:00,7410.0,8130.0,7400.0,7450.0,4966156,0.0,0.0
2020-09-17 00:00:00+09:00,7490.0,7780.0,7460.0,7650.0,1059068,0.0,0.0
2020-09-18 00:00:00+09:00,7820.0,8170.0,7530.0,7630.0,3936937,0.0,0.0
2020-09-21 00:00:00+09:00,7460.0,7560.0,6960.0,7210.0,1197999,0.0,0.0
2020-09-22 00:00:00+09:00,7100.0,7130.0,6640.0,6710.0,1005851,0.0,0.0
2020-09-23 00:00:00+09:00,6830.0,7170.0,6560.0,6910.0,878539,0.0,0.0
2020-09-24 00:00:00+09:00,6690.0,6980.0,6610.0,6620.0,464506,0.0,0.0
2020-09-25 00:00:00+09:00,6840.0,6860.0,6530.0,6600.0,289702,0.0,0.0
2020-09-28 00:00:00+09:00,6720.0,6930.0,6720.0,6910.0,374756,0.0,0.0
2020-09-29 00:00:00+09:00,7050.0,7170.0,6910.0,7000.0,579698,0.0,0.0
2020-10-05 00:00:00+09:00,7040.0,7210.0,6970.0,7190.0,575859,0.0,0.0
2020-10-06 00:00:00+09:00,7290.0,7470.0,7210.0,7240.0,565592,0.0,0.0
2020-10-07 00:00:00+09:00,7170.0,7660.0,7070.0,7530.0,1540710,0.0,0.0
2020-10-08 00:00:00+09:00,7700.0,7830.0,7500.0,7530.0,1112497,0.0,0.0
2020-10-12 00:00:00+09:00,7630.0,7650.0,7290.0,7340.0,552058,0.0,0.0
2020-10-13 00:00:00+09:00,7400.0,7620.0,7340.0,7540.0,719106,0.0,0.0
2020-10-14 00:00:00+09:00,7530.0,7530.0,7170.0,7170.0,526250,0.0,0.0
2020-10-15 00:00:00+09:00,7140.0,7160.0,6730.0,6880.0,646820,0.0,0.0
2020-10-16 00:00:00+09:00,6920.0,6940.0,6440.0,6750.0,528975,0.0,0.0
2020-10-19 00:00:00+09:00,6700.0,6770.0,6550.0,6560.0,319709,0.0,0.0
2020-10-20 00:00:00+09:00,6520.0,6740.0,6450.0,6670.0,284650,0.0,0.0
2020-10-21 00:00:00+09:00,6680.0,6730.0,6580.0,6670.0,147037,0.0,0.0
2020-10-22 00:00:00+09:00,6590.0,6650.0,6450.0,6470.0,220711,0.0,0.0
2020-10-23 00:00:00+09:00,6620.0,6620.0,6450.0,6550.0,195067,0.0,0.0
2020-10-26 00:00:00+09:00,6580.0,6580.0,6170.0,6240.0,292114,0.0,0.0
2020-10-27 00:00:00+09:00,6140.0,6290.0,6020.0,6140.0,232249,0.0,0.0
2020-10-28 00:00:00+09:00,6060.0,6400.0,6060.0,6400.0,171734,0.0,0.0
2020-10-29 00:00:00+09:00,6200.0,6330.0,6160.0,6320.0,152174,0.0,0.0
2020-10-30 00:00:00+09:00,6310.0,6320.0,6100.0,6120.0,213325,0.0,0.0
2020-11-02 00:00:00+09:00,6130.0,6270.0,6000.0,6220.0,114857,0.0,0.0
2020-11-03 00:00:00+09:00,6240.0,6440.0,6240.0,6350.0,177147,0.0,0.0
2020-11-04 00:00:00+09:00,6410.0,6470.0,6240.0,6420.0,191272,0.0,0.0
2020-11-05 00:00:00+09:00,6490.0,6630.0,6410.0,6600.0,279316,0.0,0.0
2020-11-06 00:00:00+09:00,6550.0,6700.0,6390.0,6490.0,308737,0.0,0.0
2020-11-09 00:00:00+09:00,6510.0,6640.0,6510.0,6590.0,174058,0.0,0.0
2020-11-10 00:00:00+09:00,6550.0,6720.0,6500.0,6570.0,293637,0.0,0.0
2020-11-11 00:00:00+09:00,6560.0,6660.0,6470.0,6520.0,277018,0.0,0.0
2020-11-12 00:00:00+09:00,6530.0,6610.0,6500.0,6580.0,121213,0.0,0.0
2020-11-13 00:00:00+09:00,6520.0,6580.0,6410.0,6580.0,181206,0.0,0.0
2020-11-16 00:00:00+09:00,6650.0,6870.0,6610.0,6700.0,370701,0.0,0.0
2020-11-17 00:00:00+09:00,6710.0,6760.0,6600.0,6610.0,210346,0.0,0.0
2020-11-18 00:00:00+09:00,6630.0,6670.0,6550.0,6600.0,130233,0.0,0.0
2020-11-19 00:00:00+09:00,6600.0,6600.0,6470.0,6560.0,221894,0.0,0.0
2020-11-20 00:00:00+09:00,6600.0,6630.0,6550.0,6600.0,125715,0.0,0.0
2020-11-23 00:00:00+09:00,6610.0,6870.0,6540.0,6870.0,446228,0.0,0.0
2020-11-24 00:00:00+09:00,6990.0,7060.0,6860.0,6970.0,585118,0.0,0.0
2020-11-25 00:00:00+09:00,7070.0,7120.0,6870.0,6950.0,480911,0.0,0.0
2020-11-26 00:00:00+09:00,6980.0,7020.0,6830.0,6890.0,300489,0.0,0.0
2020-11-27 00:00:00+09:00,6960.0,7410.0,6860.0,7410.0,1403634,0.0,0.0
2020-11-30 00:00:00+09:00,7500.0,7720.0,7310.0,7540.0,1360354,0.0,0.0
2020-12-01 00:00:00+09:00,7770.0,8170.0,7740.0,7980.0,3942936,0.0,0.0
2020-12-02 00:00:00+09:00,7900.0,8120.0,7820.0,7980.0,1177854,0.0,0.0
2020-12-03 00:00:00+09:00,8030.0,8340.0,7920.0,8280.0,1166993,0.0,0.0
2020-12-04 00:00:00+09:00,8340.0,8360.0,7790.0,7800.0,1325348,0.0,0.0
2020-12-07 00:00:00+09:00,7700.0,7970.0,7570.0,7850.0,970210,0.0,0.0
2020-12-08 00:00:00+09:00,7800.0,7920.0,7740.0,7790.0,475059,0.0,0.0
2020-12-09 00:00:00+09:00,7730.0,7910.0,7650.0,7760.0,405989,0.0,0.0
2020-12-10 00:00:00+09:00,7680.0,8080.0,7660.0,7850.0,740247,0.0,0.0
2020-12-11 00:00:00+09:00,7850.0,8200.0,7850.0,8180.0,890966,0.0,0.0
2020-12-14 00:00:00+09:00,8210.0,8900.0,8210.0,8700.0,2973177,0.0,0.0
2020-12-15 00:00:00+09:00,8620.0,8780.0,8410.0,8670.0,886499,0.0,0.0
2020-12-16 00:00:00+09:00,8780.0,10100.0,8750.0,9480.0,6330738,0.0,0.0
2020-12-17 00:00:00+09:00,10200.0,10400.0,9320.0,9670.0,3729448,0.0,0.0
2020-12-18 00:00:00+09:00,9670.0,9800.0,9430.0,9630.0,912901,0.0,0.0
2020-12-21 00:00:00+09:00,9620.0,9830.0,9310.0,9690.0,908356,0.0,0.0
2020-12-22 00:00:00+09:00,9600.0,9610.0,9240.0,9370.0,945149,0.0,0.0
2020-12-23 00:00:00+09:00,9370.0,9860.0,9340.0,9690.0,1649974,0.0,0.0
2020-12-24 00:00:00+09:00,9650.0,11850.0,9630.0,11100.0,11600980,0.0,0.0
2020-12-28 00:00:00+09:00,10850.0,11800.0,10650.0,11700.0,4051841,0.0,0.0
2020-12-29 00:00:00+09:00,11550.0,11850.0,11550.0,11850.0,972173,0.0,0.0
2020-12-30 00:00:00+09:00,11700.0,11750.0,11550.0,11750.0,402685,0.0,0.0
2021-01-04 00:00:00+09:00,12000.0,12950.0,12000.0,12700.0,896802,0.0,0.0
2021-01-05 00:00:00+09:00,12700.0,13050.0,11550.0,12000.0,1776448,0.0,0.0
2021-01-06 00:00:00+09:00,12200.0,12200.0,11100.0,11800.0,1674510,0.0,0.0
2021-01-07 00:00:00+09:00,11800.0,11850.0,11400.0,11800.0,810581,0.0,0.0
2021-01-08 00:00:00+09:00,11800.0,12100.0,11400.0,12000.0,1109668,0.0,0.0
2021-01-11 00:00:00+09:00,12050.0,12550.0,11200.0,11750.0,1221089,0.0,0.0
2021-01-12 00:00:00+09:00,12000.0,12800.0,11700.0,12250.0,2514623,0.0,0.0
2021-01-13 00:00:00+09:00,12250.0,13650.0,12250.0,13500.0,3600074,0.0,0.0
2021-01-14 00:00:00+09:00,13450.0,13450.0,12450.0,13000.0,1943096,0.0,0.0
2021-01-15 00:00:00+09:00,12900.0,13250.0,12700.0,12900.0,1169399,0.0,0.0
2021-01-18 00:00:00+09:00,12600.0,12750.0,12050.0,12250.0,672068,0.0,0.0
2021-01-19 00:00:00+09:00,12300.0,12950.0,12150.0,12800.0,946720,0.0,0.0
2021-01-20 00:00:00+09:00,13000.0,13500.0,12800.0,13000.0,1301925,0.0,0.0
2021-01-21 00:00:00+09:00,13350.0,14150.0,12600.0,14000.0,2487048,0.0,0.0
2021-01-22 00:00:00+09:00,13900.0,14450.0,13150.0,13750.0,1560856,0.0,0.0
2021-01-25 00:00:00+09:00,13950.0,15300.0,13250.0,13650.0,4437118,0.0,0.0
2021-01-26 00:00:00+09:00,13700.0,13800.0,12950.0,13200.0,1398819,0.0,0.0
2021-01-27 00:00:00+09:00,13350.0,13500.0,12700.0,12800.0,864365,0.0,0.0
2021-01-28 00:00:00+09:00,12300.0,12500.0,11800.0,11850.0,1155396,0.0,0.0
2021-01-29 00:00:00+09:00,12100.0,12450.0,11400.0,11600.0,1123670,0.0,0.0
2021-02-01 00:00:00+09:00,11650.0,12000.0,11400.0,11800.0,1050495,0.0,0.0
2021-02-02 00:00:00+09:00,11850.0,11950.0,11400.0,11650.0,994705,0.0,0.0
2021-02-03 00:00:00+09:00,11750.0,12550.0,11650.0,12450.0,1518459,0.0,0.0
2021-02-04 00:00:00+09:00,12450.0,12500.0,11900.0,12250.0,917988,0.0,0.0
2021-02-05 00:00:00+09:00,12450.0,12450.0,11700.0,11800.0,654060,0.0,0.0
2021-02-08 00:00:00+09:00,11600.0,11650.0,10900.0,10950.0,1321765,0.0,0.0
2021-02-09 00:00:00+09:00,11050.0,11250.0,10800.0,10950.0,451689,0.0,0.0
2021-02-10 00:00:00+09:00,11250.0,11450.0,10800.0,11050.0,712661,0.0,0.0
2021-02-15 00:00:00+09:00,10900.0,11950.0,10500.0,11550.0,2309464,0.0,0.0
2021-02-16 00:00:00+09:00,12150.0,12800.0,11950.0,12400.0,5482215,0.0,0.0
2021-02-17 00:00:00+09:00,12500.0,12550.0,11800.0,12100.0,1459005,0.0,0.0
2021-02-18 00:00:00+09:00,12050.0,12100.0,11200.0,11350.0,1108065,0.0,0.0
2021-02-19 00:00:00+09:00,11250.0,11600.0,10900.0,11250.0,822189,0.0,0.0
2021-02-22 00:00:00+09:00,11250.0,11400.0,10700.0,10750.0,686784,0.0,0.0
2021-02-23 00:00:00+09:00,10550.0,10600.0,10000.0,10200.0,976638,0.0,0.0
2021-02-24 00:00:00+09:00,10300.0,10350.0,9460.0,9490.0,1304455,0.0,0.0
2021-02-25 00:00:00+09:00,9710.0,9940.0,9660.0,9900.0,805654,0.0,0.0
2021-02-26 00:00:00+09:00,9500.0,9580.0,9160.0,9250.0,1728911,0.0,0.0
2021-03-02 00:00:00+09:00,9460.0,9690.0,9030.0,9180.0,730667,0.0,0.0
2021-03-03 00:00:00+09:00,9120.0,9340.0,9050.0,9200.0,651576,0.0,0.0
2021-03-04 00:00:00+09:00,9130.0,9140.0,8830.0,9030.0,726287,0.0,0.0
2021-03-05 00:00:00+09:00,8950.0,8950.0,8620.0,8930.0,855569,0.0,0.0
2021-03-08 00:00:00+09:00,9060.0,9060.0,8450.0,8450.0,716817,0.0,0.0
2021-03-09 00:00:00+09:00,8400.0,8720.0,8100.0,8530.0,835982,0.0,0.0
2021-03-10 00:00:00+09:00,8690.0,8790.0,8300.0,8320.0,333017,0.0,0.0
2021-03-11 00:00:00+09:00,8330.0,8730.0,8330.0,8680.0,464044,0.0,0.0
2021-03-12 00:00:00+09:00,8750.0,9370.0,8740.0,8830.0,1482960,0.0,0.0
2021-03-15 00:00:00+09:00,8850.0,9250.0,8700.0,9090.0,584350,0.0,0.0
2021-03-16 00:00:00+09:00,9250.0,9450.0,9140.0,9350.0,505786,0.0,0.0
2021-03-17 00:00:00+09:00,9490.0,9950.0,9380.0,9950.0,1314878,0.0,0.0
2021-03-18 00:00:00+09:00,9970.0,10100.0,9670.0,9990.0,788967,0.0,0.0
2021-03-19 00:00:00+09:00,9810.0,10400.0,9690.0,10050.0,698706,0.0,0.0
2021-03-22 00:00:00+09:00,10250.0,10250.0,9820.0,9870.0,527010,0.0,0.0
2021-03-23 00:00:00+09:00,9960.0,9960.0,9450.0,9510.0,502850,0.0,0.0
2021-03-24 00:00:00+09:00,9500.0,9600.0,9350.0,9470.0,353443,0.0,0.0
2021-03-25 00:00:00+09:00,9360.0,9580.0,9100.0,9190.0,478639,0.0,0.0
2021-03-26 00:00:00+09:00,9200.0,9260.0,9000.0,9170.0,427892,0.0,0.0
2021-03-29 00:00:00+09:00,9210.0,9230.0,8810.0,8820.0,448392,0.0,0.0
2021-03-30 00:00:00+09:00,8860.0,9450.0,8850.0,9340.0,772623,0.0,0.0
2021-03-31 00:00:00+09:00,9400.0,9400.0,9050.0,9050.0,381878,0.0,0.0
2021-04-01 00:00:00+09:00,9150.0,9280.0,9070.0,9250.0,266189,0.0,0.0
2021-04-02 00:00:00+09:00,9350.0,9400.0,9200.0,9240.0,319883,0.0,0.0
2021-04-05 00:00:00+09:00,9360.0,9630.0,9260.0,9610.0,517580,0.0,0.0
2021-04-06 00:00:00+09:00,9760.0,9760.0,9330.0,9390.0,399892,0.0,0.0
2021-04-07 00:00:00+09:00,9400.0,9600.0,9300.0,9350.0,296250,0.0,0.0
2021-04-08 00:00:00+09:00,9320.0,9420.0,9100.0,9150.0,408560,0.0,0.0
2021-04-09 00:00:00+09:00,9200.0,9310.0,9150.0,9150.0,236863,0.0,0.0
2021-04-12 00:00:00+09:00,9300.0,9570.0,9270.0,9350.0,799205,0.0,0.0
2021-04-13 00:00:00+09:00,9350.0,9350.0,9180.0,9240.0,404486,0.0,0.0
2021-04-14 00:00:00+09:00,9280.0,9290.0,9070.0,9120.0,433832,0.0,0.0
2021-04-15 00:00:00+09:00,9100.0,9210.0,9020.0,9150.0,210832,0.0,0.0
2021-04-16 00:00:00+09:00,9220.0,9220.0,9090.0,9150.0,283853,0.0,0.0
2021-04-19 00:00:00+09:00,9120.0,9470.0,9120.0,9400.0,585161,0.0,0.0
2021-04-20 00:00:00+09:00,9390.0,9410.0,9290.0,9360.0,303384,0.0,0.0
2021-04-21 00:00:00+09:00,9330.0,9340.0,9100.0,9180.0,460176,0.0,0.0
2021-04-22 00:00:00+09:00,9210.0,9360.0,9190.0,9250.0,316378,0.0,0.0
2021-04-23 00:00:00+09:00,9250.0,9250.0,9090.0,9120.0,354944,0.0,0.0
2021-04-26 00:00:00+09:00,9100.0,9190.0,9010.0,9060.0,430385,0.0,0.0
2021-04-27 00:00:00+09:00,9140.0,9140.0,9040.0,9060.0,209615,0.0,0.0
2021-04-28 00:00:00+09:00,9070.0,9100.0,8720.0,8780.0,476562,0.0,0.0
2021-04-29 00:00:00+09:00,8790.0,8870.0,8470.0,8620.0,409139,0.0,0.0
2021-04-30 00:00:00+09:00,8600.0,8690.0,8350.0,8420.0,336964,0.0,0.0
2021-05-03 00:00:00+09:00,8350.0,8680.0,8340.0,8430.0,214245,0.0,0.0
2021-05-04 00:00:00+09:00,8360.0,8450.0,8140.0,8440.0,324009,0.0,0.0
2021-05-06 00:00:00+09:00,8400.0,8670.0,8370.0,8570.0,192755,0.0,0.0
2021-05-07 00:00:00+09:00,8570.0,8790.0,8510.0,8720.0,177683,0.0,0.0
2021-05-10 00:00:00+09:00,8720.0,8900.0,8710.0,8770.0,211873,0.0,0.0
2021-05-11 00:00:00+09:00,8600.0,8720.0,8460.0,8560.0,235452,0.0,0.0
2021-05-12 00:00:00+09:00,8560.0,8580.0,8290.0,8580.0,195894,0.0,0.0
2021-05-13 00:00:00+09:00,8460.0,8890.0,8360.0,8570.0,541441,0.0,0.0
2021-05-14 00:00:00+09:00,8650.0,8700.0,8430.0,8480.0,196135,0.0,0.0
2021-05-17 00:00:00+09:00,8370.0,8430.0,7580.0,7630.0,1233417,0.0,0.0
2021-05-18 00:00:00+09:00,7660.0,7770.0,7570.0,7630.0,251805,0.0,0.0
2021-05-20 00:00:00+09:00,7580.0,7770.0,7570.0,7650.0,141587,0.0,0.0
2021-05-21 00:00:00+09:00,7740.0,8100.0,7700.0,7780.0,689130,0.0,0.0
2021-05-24 00:00:00+09:00,7780.0,7790.0,7600.0,7620.0,238474,0.0,0.0
2021-05-25 00:00:00+09:00,7630.0,7720.0,7570.0,7670.0,222852,0.0,0.0
2021-05-26 00:00:00+09:00,7710.0,8400.0,7670.0,7840.0,923349,0.0,0.0
2021-05-27 00:00:00+09:00,7870.0,7910.0,7780.0,7820.0,187439,0.0,0.0
2021-05-28 00:00:00+09:00,7870.0,8330.0,7830.0,8260.0,721072,0.0,0.0
2021-05-31 00:00:00+09:00,8260.0,8280.0,8070.0,8120.0,369776,0.0,0.0
2021-06-01 00:00:00+09:00,8160.0,8220.0,8110.0,8190.0,154896,0.0,0.0
2021-06-02 00:00:00+09:00,8190.0,8500.0,8130.0,8450.0,491567,0.0,0.0
2021-06-03 00:00:00+09:00,8520.0,8550.0,8350.0,8540.0,316310,0.0,0.0
2021-06-04 00:00:00+09:00,8520.0,8520.0,8300.0,8390.0,257607,0.0,0.0
2021-06-07 00:00:00+09:00,8430.0,8780.0,8200.0,8280.0,578475,0.0,0.0
2021-06-08 00:00:00+09:00,8280.0,8310.0,8170.0,8190.0,146124,0.0,0.0
2021-06-09 00:00:00+09:00,8180.0,8280.0,8130.0,8130.0,141409,0.0,0.0
2021-06-10 00:00:00+09:00,8110.0,8820.0,8100.0,8260.0,1326715,0.0,0.0
2021-06-11 00:00:00+09:00,8300.0,8380.0,8260.0,8330.0,227761,0.0,0.0
2021-06-14 00:00:00+09:00,8360.0,8380.0,8200.0,8240.0,167983,0.0,0.0
2021-06-15 00:00:00+09:00,8250.0,8340.0,8150.0,8200.0,154648,0.0,0.0
2021-06-16 00:00:00+09:00,8200.0,8280.0,8170.0,8230.0,144184,0.0,0.0
2021-06-17 00:00:00+09:00,8180.0,8270.0,8130.0,8250.0,102629,0.0,0.0
2021-06-18 00:00:00+09:00,8340.0,8490.0,8300.0,8370.0,331054,0.0,0.0
2021-06-21 00:00:00+09:00,8360.0,8440.0,8130.0,8180.0,256340,0.0,0.0
2021-06-22 00:00:00+09:00,8210.0,8230.0,8140.0,8180.0,117384,0.0,0.0
2021-06-23 00:00:00+09:00,8180.0,8220.0,8020.0,8060.0,239962,0.0,0.0
2021-06-24 00:00:00+09:00,8070.0,8110.0,7950.0,7980.0,189719,0.0,0.0
2021-06-25 00:00:00+09:00,8000.0,8040.0,7940.0,7970.0,134968,0.0,0.0
2021-06-28 00:00:00+09:00,7950.0,8120.0,7930.0,8030.0,118248,0.0,0.0
2021-06-29 00:00:00+09:00,8000.0,8210.0,8000.0,8150.0,206885,0.0,0.0
2021-06-30 00:00:00+09:00,8190.0,8270.0,8120.0,8270.0,258583,0.0,0.0
2021-07-01 00:00:00+09:00,8280.0,8290.0,8090.0,8130.0,168122,0.0,0.0
2021-07-02 00:00:00+09:00,8150.0,8150.0,8040.0,8040.0,106183,0.0,0.0
2021-07-05 00:00:00+09:00,8040.0,8150.0,8010.0,8140.0,145615,0.0,0.0
2021-07-06 00:00:00+09:00,8170.0,8210.0,8090.0,8200.0,157157,0.0,0.0
2021-07-07 00:00:00+09:00,8170.0,8200.0,8050.0,8090.0,162718,0.0,0.0
2021-07-08 00:00:00+09:00,8090.0,8090.0,7840.0,7950.0,266183,0.0,0.0
2021-07-09 00:00:00+09:00,7850.0,7920.0,7590.0,7760.0,320741,0.0,0.0
2021-07-12 00:00:00+09:00,7840.0,7990.0,7790.0,7900.0,144392,0.0,0.0
2021-07-13 00:00:00+09:00,7920.0,9220.0,7920.0,8750.0,12986388,0.0,0.0
2021-07-14 00:00:00+09:00,8750.0,8920.0,8630.0,8900.0,2318906,0.0,0.0
2021-07-15 00:00:00+09:00,8910.0,9000.0,8780.0,8800.0,1357286,0.0,0.0
2021-07-16 00:00:00+09:00,8910.0,9070.0,8800.0,8850.0,1251105,0.0,0.0
2021-07-19 00:00:00+09:00,8880.0,8960.0,8730.0,8820.0,794964,0.0,0.0
2021-07-20 00:00:00+09:00,8640.0,8830.0,8620.0,8690.0,580028,0.0,0.0
2021-07-21 00:00:00+09:00,8750.0,8780.0,8540.0,8620.0,461270,0.0,0.0
2021-07-22 00:00:00+09:00,8670.0,8940.0,8660.0,8900.0,989497,0.0,0.0
2021-07-23 00:00:00+09:00,9100.0,9100.0,8750.0,8770.0,1076923,0.0,0.0
2021-07-26 00:00:00+09:00,8830.0,8990.0,8750.0,8790.0,529196,0.0,0.0
2021-07-27 00:00:00+09:00,8940.0,9660.0,8860.0,9110.0,6355178,0.0,0.0
2021-07-28 00:00:00+09:00,9000.0,9190.0,8810.0,8960.0,957889,0.0,0.0
2021-07-29 00:00:00+09:00,8960.0,9040.0,8790.0,8790.0,510869,0.0,0.0
2021-07-30 00:00:00+09:00,8800.0,8800.0,8580.0,8580.0,417478,0.0,0.0
2021-08-02 00:00:00+09:00,8580.0,8940.0,8570.0,8930.0,472846,0.0,0.0
2021-08-03 00:00:00+09:00,8950.0,9150.0,8760.0,9030.0,692709,0.0,0.0
2021-08-04 00:00:00+09:00,9090.0,9090.0,8910.0,8980.0,352681,0.0,0.0
2021-08-05 00:00:00+09:00,9040.0,9930.0,8930.0,9580.0,12419925,0.0,0.0
2021-08-06 00:00:00+09:00,9580.0,9630.0,9370.0,9520.0,1731163,0.0,0.0
2021-08-09 00:00:00+09:00,9540.0,10300.0,9420.0,10200.0,6522821,0.0,0.0
2021-08-10 00:00:00+09:00,10200.0,10400.0,9830.0,9980.0,2174253,0.0,0.0
2021-08-11 00:00:00+09:00,9900.0,9910.0,9490.0,9520.0,1488710,0.0,0.0
2021-08-12 00:00:00+09:00,9550.0,9950.0,9520.0,9620.0,1270848,0.0,0.0
2021-08-13 00:00:00+09:00,9700.0,9720.0,9170.0,9260.0,1092910,0.0,0.0
2021-08-17 00:00:00+09:00,9270.0,9450.0,8720.0,8750.0,1161494,0.0,0.0
2021-08-18 00:00:00+09:00,8540.0,8770.0,8430.0,8450.0,1103804,0.0,0.0
2021-08-19 00:00:00+09:00,8430.0,8430.0,7820.0,7840.0,1147263,0.0,0.0
2021-08-20 00:00:00+09:00,7840.0,8020.0,7060.0,7680.0,878824,0.0,0.0
2021-08-23 00:00:00+09:00,7750.0,7870.0,7600.0,7720.0,417379,0.0,0.0
2021-08-24 00:00:00+09:00,7800.0,8110.0,7800.0,8020.0,530203,0.0,0.0
2021-08-25 00:00:00+09:00,8100.0,8240.0,7950.0,8200.0,385873,0.0,0.0
2021-08-26 00:00:00+09:00,8220.0,8270.0,8010.0,8120.0,294955,0.0,0.0
2021-08-27 00:00:00+09:00,8050.0,8140.0,7950.0,8080.0,232188,0.0,0.0
2021-08-30 00:00:00+09:00,8110.0,8160.0,8010.0,8010.0,208903,0.0,0.0
2021-08-31 00:00:00+09:00,7960.0,8130.0,7880.0,8130.0,330325,0.0,0.0
2021-09-01 00:00:00+09:00,8120.0,8220.0,8040.0,8180.0,252314,0.0,0.0
2021-09-02 00:00:00+09:00,8180.0,8260.0,8120.0,8180.0,277418,0.0,0.0
2021-09-03 00:00:00+09:00,8270.0,8680.0,8200.0,8670.0,1038491,0.0,0.0
2021-09-06 00:00:00+09:00,8790.0,9200.0,8720.0,8840.0,1977801,0.0,0.0
2021-09-07 00:00:00+09:00,8840.0,8840.0,8560.0,8750.0,432162,0.0,0.0
2021-09-08 00:00:00+09:00,8810.0,8830.0,8380.0,8410.0,667102,0.0,0.0
2021-09-09 00:00:00+09:00,8320.0,8580.0,8280.0,8380.0,259051,0.0,0.0
2021-09-10 00:00:00+09:00,8430.0,8770.0,8360.0,8720.0,508681,0.0,0.0
2021-09-13 00:00:00+09:00,8660.0,8720.0,8380.0,8430.0,312621,0.0,0.0
2021-09-14 00:00:00+09:00,8490.0,8620.0,8400.0,8470.0,233134,0.0,0.0
2021-09-15 00:00:00+09:00,8430.0,8430.0,8280.0,8330.0,272380,0.0,0.0
2021-09-16 00:00:00+09:00,8360.0,8440.0,8300.0,8340.0,145369,0.0,0.0
2021-09-17 00:00:00+09:00,8330.0,8330.0,8120.0,8180.0,219860,0.0,0.0
2021-09-23 00:00:00+09:00,8050.0,8130.0,7960.0,8000.0,270439,0.0,0.0
2021-09-24 00:00:00+09:00,8010.0,8220.0,8010.0,8120.0,175418,0.0,0.0
2021-09-27 00:00:00+09:00,8090.0,8380.0,8020.0,8370.0,248393,0.0,0.0
2021-09-28 00:00:00+09:00,8310.0,8370.0,8080.0,8140.0,266720,0.0,0.0
2021-09-29 00:00:00+09:00,7960.0,8080.0,7840.0,8050.0,278909,0.0,0.0
2021-09-30 00:00:00+09:00,8020.0,8230.0,7990.0,8180.0,237733,0.0,0.0
2021-10-01 00:00:00+09:00,8100.0,8170.0,7880.0,7910.0,269862,0.0,0.0
2021-10-05 00:00:00+09:00,7720.0,7800.0,7430.0,7470.0,325428,0.0,0.0
2021-10-06 00:00:00+09:00,7530.0,7690.0,7000.0,7010.0,432340,0.0,0.0
2021-10-07 00:00:00+09:00,7010.0,7250.0,6980.0,7190.0,266484,0.0,0.0
2021-10-08 00:00:00+09:00,7220.0,7400.0,7140.0,7400.0,226742,0.0,0.0
2021-10-12 00:00:00+09:00,7260.0,7340.0,7050.0,7100.0,166601,0.0,0.0
2021-10-13 00:00:00+09:00,7130.0,7270.0,7090.0,7260.0,147018,0.0,0.0
2021-10-14 00:00:00+09:00,7270.0,7450.0,7250.0,7420.0,144079,0.0,0.0
2021-10-15 00:00:00+09:00,7460.0,7590.0,7370.0,7560.0,163097,0.0,0.0
2021-10-18 00:00:00+09:00,7600.0,7850.0,7450.0,7750.0,280463,0.0,0.0
2021-10-19 00:00:00+09:00,7770.0,7800.0,7630.0,7710.0,149580,0.0,0.0
2021-10-20 00:00:00+09:00,7710.0,7920.0,7670.0,7800.0,228563,0.0,0.0
2021-10-21 00:00:00+09:00,7850.0,7880.0,7570.0,7690.0,137219,0.0,0.0
2021-10-22 00:00:00+09:00,7630.0,7750.0,7560.0,7610.0,116601,0.0,0.0
2021-10-25 00:00:00+09:00,7610.0,7850.0,7500.0,7820.0,190616,0.0,0.0
2021-10-26 00:00:00+09:00,8070.0,8080.0,7850.0,7860.0,226398,0.0,0.0
2021-10-27 00:00:00+09:00,7860.0,8400.0,7860.0,8290.0,964944,0.0,0.0
2021-10-28 00:00:00+09:00,8350.0,8740.0,8330.0,8440.0,1236944,0.0,0.0
2021-10-29 00:00:00+09:00,8600.0,8670.0,8380.0,8450.0,368190,0.0,0.0
2021-11-01 00:00:00+09:00,8460.0,8600.0,8130.0,8500.0,482822,0.0,0.0
2021-11-02 00:00:00+09:00,8500.0,8920.0,8500.0,8660.0,953234,0.0,0.0
2021-11-03 00:00:00+09:00,8720.0,8730.0,8320.0,8400.0,509762,0.0,0.0
2021-11-04 00:00:00+09:00,8550.0,8590.0,8250.0,8430.0,345684,0.0,0.0
2021-11-05 00:00:00+09:00,8500.0,8500.0,8180.0,8310.0,270338,0.0,0.0
2021-11-08 00:00:00+09:00,8340.0,8550.0,8310.0,8550.0,291030,0.0,0.0
2021-11-09 00:00:00+09:00,8470.0,8650.0,8450.0,8530.0,239874,0.0,0.0
2021-11-10 00:00:00+09:00,8490.0,8590.0,8290.0,8350.0,269778,0.0,0.0
2021-11-11 00:00:00+09:00,8400.0,8850.0,8340.0,8810.0,854193,0.0,0.0
2021-11-12 00:00:00+09:00,8940.0,8950.0,8690.0,8830.0,644717,0.0,0.0
2021-11-15 00:00:00+09:00,9000.0,9360.0,8920.0,9340.0,2272407,0.0,0.0
2021-11-16 00:00:00+09:00,9140.0,9370.0,9010.0,9250.0,1189783,0.0,0.0
2021-11-17 00:00:00+09:00,9350.0,9570.0,9130.0,9180.0,1501305,0.0,0.0
2021-11-18 00:00:00+09:00,9210.0,9550.0,8980.0,9270.0,1238871,0.0,0.0
2021-11-19 00:00:00+09:00,9480.0,9750.0,9350.0,9400.0,1908294,0.0,0.0
2021-11-22 00:00:00+09:00,9500.0,9650.0,9270.0,9580.0,833327,0.0,0.0
2021-11-23 00:00:00+09:00,9590.0,9610.0,8780.0,8840.0,1187259,0.0,0.0
2021-11-24 00:00:00+09:00,8900.0,9030.0,8450.0,8540.0,848867,0.0,0.0
2021-11-25 00:00:00+09:00,8630.0,8700.0,8480.0,8510.0,373590,0.0,0.0
2021-11-26 00:00:00+09:00,8550.0,8610.0,8100.0,8120.0,658732,0.0,0.0
2021-11-29 00:00:00+09:00,7700.0,8060.0,7700.0,7910.0,517457,0.0,0.0
2021-11-30 00:00:00+09:00,8020.0,8150.0,7350.0,7390.0,657502,0.0,0.0
2021-12-01 00:00:00+09:00,7430.0,7720.0,7090.0,7620.0,493043,0.0,0.0
2021-12-02 00:00:00+09:00,7410.0,7910.0,7410.0,7790.0,371986,0.0,0.0
2021-12-03 00:00:00+09:00,7740.0,8000.0,7610.0,7980.0,283244,0.0,0.0
2021-12-06 00:00:00+09:00,7890.0,8850.0,7850.0,8390.0,1931467,0.0,0.0
2021-12-07 00:00:00+09:00,8430.0,8570.0,8310.0,8480.0,394459,0.0,0.0
2021-12-08 00:00:00+09:00,8600.0,8650.0,8340.0,8400.0,325314,0.0,0.0
2021-12-09 00:00:00+09:00,8340.0,8740.0,8340.0,8570.0,413475,0.0,0.0
2021-12-10 00:00:00+09:00,8520.0,8700.0,8220.0,8230.0,597897,0.0,0.0
2021-12-13 00:00:00+09:00,8290.0,8570.0,8270.0,8340.0,515515,0.0,0.0
2021-12-14 00:00:00+09:00,8280.0,8340.0,8030.0,8160.0,362988,0.0,0.0
2021-12-15 00:00:00+09:00,8150.0,8150.0,7930.0,7960.0,358637,0.0,0.0
2021-12-16 00:00:00+09:00,8100.0,8420.0,7970.0,8350.0,574965,0.0,0.0
2021-12-17 00:00:00+09:00,8340.0,8760.0,8270.0,8750.0,1048838,0.0,0.0
2021-12-20 00:00:00+09:00,8730.0,8980.0,8390.0,8390.0,586802,0.0,0.0
2021-12-21 00:00:00+09:00,8420.0,8710.0,8230.0,8600.0,541615,0.0,0.0
2021-12-22 00:00:00+09:00,8750.0,8760.0,8430.0,8430.0,322934,0.0,0.0
2021-12-23 00:00:00+09:00,8500.0,8750.0,8460.0,8610.0,492207,0.0,0.0
2021-12-24 00:00:00+09:00,8700.0,8750.0,8530.0,8580.0,302421,0.0,0.0
2021-12-27 00:00:00+09:00,8580.0,8660.0,8410.0,8450.0,343246,0.0,0.0
2021-12-28 00:00:00+09:00,8570.0,8770.0,8360.0,8360.0,666337,0.0,0.0
2021-12-29 00:00:00+09:00,8430.0,8530.0,8340.0,8420.0,268969,0.0,0.0
2021-12-30 00:00:00+09:00,8430.0,8700.0,8350.0,8650.0,478445,0.0,0.0
2022-01-04 00:00:00+09:00,8780.0,9080.0,8750.0,8790.0,1162206,0.0,0.0
2022-01-05 00:00:00+09:00,8750.0,8870.0,8510.0,8580.0,506723,0.0,0.0
2022-01-06 00:00:00+09:00,8400.0,8550.0,8220.0,8240.0,462154,0.0,0.0
2022-01-07 00:00:00+09:00,8370.0,8430.0,8270.0,8330.0,213225,0.0,0.0
2022-01-10 00:00:00+09:00,8340.0,8530.0,8220.0,8390.0,294950,0.0,0.0
2022-01-11 00:00:00+09:00,8430.0,8480.0,8230.0,8240.0,201764,0.0,0.0
2022-01-12 00:00:00+09:00,8320.0,8340.0,7920.0,8100.0,437109,0.0,0.0
2022-01-13 00:00:00+09:00,8060.0,8100.0,7930.0,8010.0,573131,0.0,0.0
2022-01-14 00:00:00+09:00,9140.0,9520.0,8830.0,8960.0,12795507,0.0,0.0
2022-01-17 00:00:00+09:00,9190.0,9650.0,9150.0,9410.0,9984358,0.0,0.0
2022-01-18 00:00:00+09:00,9540.0,9550.0,8940.0,9020.0,2343128,0.0,0.0
2022-01-19 00:00:00+09:00,8830.0,8960.0,8520.0,8560.0,1787247,0.0,0.0
2022-01-20 00:00:00+09:00,8630.0,8760.0,8140.0,8530.0,1918542,0.0,0.0
2022-01-21 00:00:00+09:00,8370.0,8480.0,8150.0,8180.0,877775,0.0,0.0
2022-01-24 00:00:00+09:00,8140.0,8160.0,7820.0,7840.0,629291,0.0,0.0
2022-01-25 00:00:00+09:00,7900.0,7970.0,7200.0,7360.0,1103627,0.0,0.0
2022-01-26 00:00:00+09:00,7360.0,7360.0,7360.0,7360.0,0,0.0,0.0
2022-01-27 00:00:00+09:00,7490.0,7700.0,7370.0,7380.0,535596,0.0,0.0
2022-01-28 00:00:00+09:00,7450.0,7860.0,7380.0,7850.0,563115,0.0,0.0
2022-02-03 00:00:00+09:00,7980.0,8020.0,7790.0,7800.0,354599,0.0,0.0
2022-02-04 00:00:00+09:00,7750.0,7920.0,7720.0,7910.0,261668,0.0,0.0
2022-02-07 00:00:00+09:00,7870.0,7870.0,7670.0,7770.0,278200,0.0,0.0
2022-02-08 00:00:00+09:00,7770.0,7770.0,7770.0,7770.0,0,0.0,0.0
2022-02-09 00:00:00+09:00,7770.0,7770.0,7770.0,7770.0,0,0.0,0.0
2022-02-10 00:00:00+09:00,7770.0,7770.0,7540.0,7550.0,233680,0.0,0.0
2022-02-11 00:00:00+09:00,7490.0,7520.0,7360.0,7370.0,236772,0.0,0.0
2022-02-14 00:00:00+09:00,7210.0,7290.0,7060.0,7070.0,329101,0.0,0.0
2022-02-15 00:00:00+09:00,7080.0,7160.0,7010.0,7150.0,174933,0.0,0.0
2022-02-16 00:00:00+09:00,7180.0,7340.0,7180.0,7330.0,152593,0.0,0.0
2022-02-17 00:00:00+09:00,7330.0,7440.0,7110.0,7280.0,257944,0.0,0.0
2022-02-18 00:00:00+09:00,7090.0,7300.0,7090.0,7270.0,129373,0.0,0.0
2022-02-21 00:00:00+09:00,7270.0,7270.0,7270.0,7270.0,0,0.0,0.0
2022-02-22 00:00:00+09:00,7270.0,7270.0,7270.0,7270.0,0,0.0,0.0
2022-02-23 00:00:00+09:00,7170.0,7210.0,7080.0,7210.0,120564,0.0,0.0
2022-02-24 00:00:00+09:00,7140.0,7170.0,6880.0,6900.0,313114,0.0,0.0
2022-02-25 00:00:00+09:00,7020.0,7080.0,6940.0,6970.0,217724,0.0,0.0
2022-02-28 00:00:00+09:00,6970.0,6970.0,6970.0,6970.0,0,0.0,0.0
2022-03-02 00:00:00+09:00,6980.0,7140.0,6950.0,7120.0,85520,0.0,0.0
2022-03-03 00:00:00+09:00,7160.0,7310.0,7130.0,7250.0,132165,0.0,0.0
2022-03-04 00:00:00+09:00,7250.0,7250.0,7250.0,7250.0,0,0.0,0.0
2022-03-07 00:00:00+09:00,7120.0,7120.0,6920.0,6950.0,175318,0.0,0.0
2022-03-08 00:00:00+09:00,6810.0,6980.0,6800.0,6860.0,112848,0.0,0.0
2022-03-10 00:00:00+09:00,6860.0,6860.0,6860.0,6860.0,0,0.0,0.0
2022-03-11 00:00:00+09:00,6880.0,6970.0,6810.0,6910.0,123895,0.0,0.0
2022-03-14 00:00:00+09:00,6900.0,6900.0,6770.0,6790.0,130289,0.0,0.0
2022-03-15 00:00:00+09:00,6790.0,6790.0,6790.0,6790.0,0,0.0,0.0
2022-03-16 00:00:00+09:00,6790.0,6790.0,6790.0,6790.0,0,0.0,0.0
2022-03-17 00:00:00+09:00,6790.0,6790.0,6790.0,6790.0,0,0.0,0.0
2022-03-18 00:00:00+09:00,6910.0,7040.0,6860.0,7020.0,130104,0.0,0.0
2022-03-21 00:00:00+09:00,7020.0,7020.0,7020.0,7020.0,0,0.0,0.0
2022-03-22 00:00:00+09:00,6900.0,6960.0,6870.0,6950.0,109136,0.0,0.0
2022-03-23 00:00:00+09:00,6980.0,7050.0,6970.0,7000.0,135406,0.0,0.0
2022-03-24 00:00:00+09:00,6930.0,7020.0,6880.0,6940.0,104070,0.0,0.0
2022-03-25 00:00:00+09:00,7000.0,7000.0,6850.0,6860.0,137070,0.0,0.0
2022-03-28 00:00:00+09:00,6860.0,6870.0,6720.0,6780.0,138725,0.0,0.0
2022-03-29 00:00:00+09:00,6810.0,6840.0,6780.0,6820.0,88682,0.0,0.0
2022-03-30 00:00:00+09:00,6840.0,6910.0,6810.0,6860.0,128221,0.0,0.0
2022-03-31 00:00:00+09:00,6840.0,6890.0,6800.0,6870.0,71007,0.0,0.0
2022-04-01 00:00:00+09:00,6850.0,6850.0,6760.0,6780.0,166443,0.0,0.0
2022-04-04 00:00:00+09:00,6850.0,6850.0,6700.0,6770.0,105369,0.0,0.0
2022-04-05 00:00:00+09:00,6820.0,7350.0,6760.0,6880.0,667593,0.0,0.0
2022-04-06 00:00:00+09:00,6880.0,6940.0,6770.0,6930.0,144988,0.0,0.0
2022-04-07 00:00:00+09:00,6870.0,6930.0,6830.0,6840.0,104354,0.0,0.0
2022-04-08 00:00:00+09:00,6870.0,6890.0,6790.0,6800.0,83644,0.0,0.0
2022-04-11 00:00:00+09:00,6920.0,7610.0,6850.0,7210.0,5061498,0.0,0.0
2022-04-12 00:00:00+09:00,7180.0,7190.0,7000.0,7090.0,430054,0.0,0.0
2022-04-13 00:00:00+09:00,7090.0,7170.0,7010.0,7130.0,264116,0.0,0.0
2022-04-14 00:00:00+09:00,7150.0,7440.0,7140.0,7310.0,541290,0.0,0.0
2022-04-15 00:00:00+09:00,7370.0,7380.0,7230.0,7360.0,286851,0.0,0.0
2022-04-18 00:00:00+09:00,7360.0,7360.0,7160.0,7200.0,200878,0.0,0.0
2022-04-19 00:00:00+09:00,7160.0,7270.0,7160.0,7230.0,133224,0.0,0.0
2022-04-20 00:00:00+09:00,7200.0,7290.0,7190.0,7240.0,139378,0.0,0.0
2022-04-21 00:00:00+09:00,7200.0,7300.0,7130.0,7170.0,163997,0.0,0.0
2022-04-22 00:00:00+09:00,7090.0,7140.0,6890.0,7050.0,250617,0.0,0.0
2022-04-25 00:00:00+09:00,6910.0,6960.0,6830.0,6830.0,169190,0.0,0.0
2022-04-26 00:00:00+09:00,6850.0,6950.0,6850.0,6880.0,94241,0.0,0.0
2022-04-27 00:00:00+09:00,6670.0,6800.0,6670.0,6780.0,119921,0.0,0.0
2022-04-28 00:00:00+09:00,6860.0,6860.0,6700.0,6720.0,74882,0.0,0.0
2022-04-29 00:00:00+09:00,6850.0,6850.0,6760.0,6830.0,70739,0.0,0.0
2022-05-02 00:00:00+09:00,6780.0,6920.0,6760.0,6910.0,70278,0.0,0.0
2022-05-03 00:00:00+09:00,6910.0,6980.0,6890.0,6900.0,71393,0.0,0.0
2022-05-04 00:00:00+09:00,6910.0,7000.0,6860.0,6920.0,111328,0.0,0.0
2022-05-06 00:00:00+09:00,6820.0,6900.0,6770.0,6780.0,134227,0.0,0.0
2022-05-10 00:00:00+09:00,6490.0,6630.0,6270.0,6510.0,188071,0.0,0.0
2022-05-11 00:00:00+09:00,6500.0,6510.0,6340.0,6490.0,80802,0.0,0.0
2022-05-12 00:00:00+09:00,6350.0,6440.0,6190.0,6210.0,163368,0.0,0.0
2022-05-13 00:00:00+09:00,6200.0,6340.0,6200.0,6280.0,71184,0.0,0.0
2022-05-16 00:00:00+09:00,6330.0,6360.0,6240.0,6240.0,60294,0.0,0.0
2022-05-17 00:00:00+09:00,6260.0,6420.0,6180.0,6360.0,92728,0.0,0.0
2022-05-18 00:00:00+09:00,6410.0,6490.0,6310.0,6330.0,84347,0.0,0.0
2022-05-19 00:00:00+09:00,6190.0,6300.0,6100.0,6200.0,97323,0.0,0.0
2022-05-20 00:00:00+09:00,6210.0,6330.0,6210.0,6280.0,51198,0.0,0.0
2022-05-23 00:00:00+09:00,6380.0,6450.0,6270.0,6290.0,86030,0.0,0.0
2022-05-24 00:00:00+09:00,6290.0,6300.0,6160.0,6190.0,72806,0.0,0.0
2022-05-25 00:00:00+09:00,6160.0,6230.0,6110.0,6140.0,103901,0.0,0.0
2022-05-26 00:00:00+09:00,6140.0,6260.0,6100.0,6120.0,81067,0.0,0.0
2022-05-27 00:00:00+09:00,6160.0,6210.0,6110.0,6120.0,66213,0.0,0.0
2022-05-30 00:00:00+09:00,6200.0,6210.0,6130.0,6190.0,82157,0.0,0.0
2022-05-31 00:00:00+09:00,6190.0,6250.0,6170.0,6250.0,71700,0.0,0.0
2022-06-02 00:00:00+09:00,6220.0,6240.0,6150.0,6160.0,65968,0.0,0.0
2022-06-03 00:00:00+09:00,6180.0,6200.0,6150.0,6180.0,50214,0.0,0.0
2022-06-07 00:00:00+09:00,6160.0,6170.0,5990.0,6010.0,152619,0.0,0.0
2022-06-08 00:00:00+09:00,6120.0,7790.0,6060.0,7400.0,11012763,0.0,0.0
2022-06-09 00:00:00+09:00,7900.0,7910.0,7030.0,7080.0,9840728,0.0,0.0
2022-06-10 00:00:00+09:00,7010.0,7350.0,6910.0,6930.0,2963480,0.0,0.0
2022-06-13 00:00:00+09:00,7120.0,7200.0,6640.0,6640.0,2078975,0.0,0.0
2022-06-14 00:00:00+09:00,6410.0,6570.0,6280.0,6570.0,953848,0.0,0.0
2022-06-15 00:00:00+09:00,6420.0,6550.0,6100.0,6100.0,694241,0.0,0.0
2022-06-16 00:00:00+09:00,6310.0,6450.0,6050.0,6050.0,594592,0.0,0.0
2022-06-17 00:00:00+09:00,5960.0,5960.0,5680.0,5920.0,439079,0.0,0.0
2022-06-20 00:00:00+09:00,5940.0,5940.0,5300.0,5410.0,561884,0.0,0.0
2022-06-21 00:00:00+09:00,5370.0,5460.0,5240.0,5400.0,285253,0.0,0.0
2022-06-22 00:00:00+09:00,5420.0,5500.0,5000.0,5400.0,389135,0.0,0.0
2022-06-23 00:00:00+09:00,5310.0,5370.0,4985.0,5190.0,379025,0.0,0.0
2022-06-24 00:00:00+09:00,5160.0,5650.0,5050.0,5420.0,584088,0.0,0.0
2022-06-27 00:00:00+09:00,5420.0,5590.0,5260.0,5550.0,411918,0.0,0.0
2022-06-28 00:00:00+09:00,5550.0,5570.0,5320.0,5550.0,266259,0.0,0.0
2022-06-29 00:00:00+09:00,5400.0,5710.0,5370.0,5590.0,339363,0.0,0.0
2022-06-30 00:00:00+09:00,5560.0,5560.0,5300.0,5390.0,228995,0.0,0.0
2022-07-01 00:00:00+09:00,5360.0,5410.0,5100.0,5350.0,206364,0.0,0.0
2022-07-04 00:00:00+09:00,5320.0,5370.0,5140.0,5340.0,169456,0.0,0.0
2022-07-05 00:00:00+09:00,5290.0,5380.0,5230.0,5340.0,274647,0.0,0.0
2022-07-06 00:00:00+09:00,5360.0,5360.0,5230.0,5280.0,137018,0.0,0.0
2022-07-07 00:00:00+09:00,5290.0,5360.0,5230.0,5240.0,298000,0.0,0.0
2022-07-08 00:00:00+09:00,5320.0,5640.0,5230.0,5340.0,688355,0.0,0.0
2022-07-11 00:00:00+09:00,5340.0,5350.0,5210.0,5310.0,209455,0.0,0.0
2022-07-12 00:00:00+09:00,5230.0,5250.0,5100.0,5240.0,182178,0.0,0.0
2022-07-13 00:00:00+09:00,5220.0,5260.0,5110.0,5240.0,146249,0.0,0.0
2022-07-14 00:00:00+09:00,5200.0,5240.0,5130.0,5220.0,98164,0.0,0.0
2022-07-15 00:00:00+09:00,5200.0,5250.0,5110.0,5220.0,108202,0.0,0.0
2022-07-18 00:00:00+09:00,5240.0,5300.0,5210.0,5240.0,290564,0.0,0.0
2022-07-19 00:00:00+09:00,5200.0,5350.0,5180.0,5330.0,189228,0.0,0.0
2022-07-20 00:00:00+09:00,5390.0,5430.0,5340.0,5350.0,187047,0.0,0.0
2022-07-21 00:00:00+09:00,5420.0,5450.0,5370.0,5400.0,113974,0.0,0.0
2022-07-22 00:00:00+09:00,5410.0,5450.0,5330.0,5330.0,154690,0.0,0.0
2022-07-25 00:00:00+09:00,5280.0,5380.0,5260.0,5340.0,104973,0.0,0.0
2022-07-26 00:00:00+09:00,5300.0,5420.0,5300.0,5340.0,74772,0.0,0.0
2022-07-27 00:00:00+09:00,5320.0,5380.0,5310.0,5370.0,62717,0.0,0.0
2022-07-28 00:00:00+09:00,5400.0,5540.0,5380.0,5450.0,122143,0.0,0.0
2022-07-29 00:00:00+09:00,5460.0,5510.0,5410.0,5430.0,123883,0.0,0.0
2022-08-01 00:00:00+09:00,5440.0,5500.0,5420.0,5480.0,125927,0.0,0.0
2022-08-02 00:00:00+09:00,5500.0,5510.0,5410.0,5430.0,105586,0.0,0.0
2022-08-03 00:00:00+09:00,5510.0,5960.0,5510.0,5650.0,2424950,0.0,0.0
2022-08-04 00:00:00+09:00,5690.0,5720.0,5610.0,5660.0,169696,0.0,0.0
2022-08-05 00:00:00+09:00,5630.0,5840.0,5630.0,5770.0,371139,0.0,0.0
2022-08-08 00:00:00+09:00,5740.0,5890.0,5650.0,5760.0,231183,0.0,0.0
2022-08-09 00:00:00+09:00,5800.0,5800.0,5640.0,5730.0,160118,0.0,0.0
2022-08-10 00:00:00+09:00,5700.0,5700.0,5550.0,5550.0,164345,0.0,0.0
2022-08-11 00:00:00+09:00,5580.0,5670.0,5580.0,5620.0,69388,0.0,0.0
2022-08-12 00:00:00+09:00,5620.0,5680.0,5610.0,5650.0,100389,0.0,0.0
2022-08-16 00:00:00+09:00,5720.0,5720.0,5630.0,5630.0,92033,0.0,0.0
2022-08-17 00:00:00+09:00,5490.0,5490.0,5060.0,5200.0,402298,0.0,0.0
2022-08-18 00:00:00+09:00,5200.0,5230.0,5170.0,5200.0,78097,0.0,0.0
2022-08-19 00:00:00+09:00,5300.0,5340.0,5230.0,5240.0,84587,0.0,0.0
2022-08-22 00:00:00+09:00,5230.0,5230.0,5110.0,5110.0,159187,0.0,0.0
2022-08-23 00:00:00+09:00,5100.0,5100.0,5020.0,5030.0,95230,0.0,0.0
2022-08-24 00:00:00+09:00,5060.0,5120.0,5020.0,5080.0,102514,0.0,0.0
2022-08-25 00:00:00+09:00,5510.0,5790.0,5200.0,5240.0,709988,0.0,0.0
2022-08-26 00:00:00+09:00,5250.0,5310.0,5160.0,5160.0,108736,0.0,0.0
2022-08-29 00:00:00+09:00,5020.0,5080.0,5000.0,5040.0,84668,0.0,0.0
2022-08-30 00:00:00+09:00,5060.0,5190.0,5060.0,5170.0,65933,0.0,0.0
2022-08-31 00:00:00+09:00,5110.0,5320.0,5080.0,5280.0,137665,0.0,0.0
2022-09-01 00:00:00+09:00,5280.0,5340.0,5120.0,5120.0,118141,0.0,0.0
2022-09-02 00:00:00+09:00,5150.0,5230.0,5100.0,5170.0,78115,0.0,0.0
2022-09-05 00:00:00+09:00,5160.0,5160.0,5010.0,5030.0,121729,0.0,0.0
2022-09-06 00:00:00+09:00,5030.0,5110.0,5030.0,5080.0,53179,0.0,0.0
2022-09-07 00:00:00+09:00,5070.0,5080.0,4985.0,4990.0,94605,0.0,0.0
2022-09-08 00:00:00+09:00,5020.0,5090.0,4995.0,5000.0,61878,0.0,0.0
2022-09-13 00:00:00+09:00,5030.0,5150.0,5030.0,5140.0,94512,0.0,0.0
2022-09-14 00:00:00+09:00,4950.0,5100.0,4950.0,5060.0,75613,0.0,0.0
2022-09-15 00:00:00+09:00,5090.0,5120.0,5000.0,5030.0,40327,0.0,0.0
2022-09-16 00:00:00+09:00,5030.0,5150.0,4935.0,4990.0,153865,0.0,0.0
2022-09-19 00:00:00+09:00,5000.0,5050.0,4830.0,4830.0,95692,0.0,0.0
2022-09-20 00:00:00+09:00,4920.0,4935.0,4835.0,4870.0,42708,0.0,0.0
2022-09-21 00:00:00+09:00,4815.0,5260.0,4815.0,5020.0,468429,0.0,0.0
2022-09-22 00:00:00+09:00,5030.0,5160.0,4960.0,5030.0,145177,0.0,0.0
2022-09-23 00:00:00+09:00,5090.0,5090.0,4850.0,4975.0,133720,0.0,0.0
2022-09-26 00:00:00+09:00,4830.0,4950.0,4600.0,4605.0,135442,0.0,0.0
2022-09-27 00:00:00+09:00,4560.0,4640.0,4370.0,4465.0,130754,0.0,0.0
2022-09-28 00:00:00+09:00,4550.0,4685.0,4120.0,4430.0,230913,0.0,0.0
2022-09-29 00:00:00+09:00,4550.0,4550.0,4225.0,4225.0,80613,0.0,0.0
2022-09-30 00:00:00+09:00,4120.0,4190.0,3950.0,4055.0,174549,0.0,0.0
2022-10-04 00:00:00+09:00,4070.0,4310.0,4070.0,4245.0,122083,0.0,0.0
2022-10-05 00:00:00+09:00,4265.0,4375.0,4080.0,4115.0,71690,0.0,0.0
2022-10-06 00:00:00+09:00,4110.0,4735.0,4110.0,4340.0,1107218,0.0,0.0
2022-10-07 00:00:00+09:00,4300.0,4370.0,4240.0,4300.0,104711,0.0,0.0
2022-10-11 00:00:00+09:00,4215.0,4215.0,3995.0,4000.0,139055,0.0,0.0
2022-10-12 00:00:00+09:00,3985.0,4020.0,3730.0,4000.0,77465,0.0,0.0
2022-10-13 00:00:00+09:00,3895.0,4000.0,3715.0,3795.0,183800,0.0,0.0
2022-10-14 00:00:00+09:00,3840.0,3940.0,3830.0,3930.0,84591,0.0,0.0
2022-10-17 00:00:00+09:00,3810.0,3970.0,3810.0,3930.0,70673,0.0,0.0
2022-10-18 00:00:00+09:00,4090.0,4090.0,3965.0,4050.0,101825,0.0,0.0
2022-10-19 00:00:00+09:00,4020.0,4075.0,3970.0,4045.0,56396,0.0,0.0
2022-10-20 00:00:00+09:00,3960.0,4060.0,3905.0,3920.0,56784,0.0,0.0
2022-10-21 00:00:00+09:00,3910.0,3925.0,3830.0,3895.0,49582,0.0,0.0
2022-10-24 00:00:00+09:00,4065.0,4070.0,3895.0,3895.0,89407,0.0,0.0
2022-10-25 00:00:00+09:00,3895.0,3970.0,3885.0,3950.0,64721,0.0,0.0
2022-10-26 00:00:00+09:00,3950.0,3970.0,3840.0,3950.0,73695,0.0,0.0
2022-10-27 00:00:00+09:00,3915.0,3960.0,3870.0,3950.0,47873,0.0,0.0
2022-10-28 00:00:00+09:00,3920.0,3950.0,3850.0,3940.0,45889,0.0,0.0
2022-10-31 00:00:00+09:00,3975.0,3975.0,3850.0,3930.0,55955,0.0,0.0
2022-11-01 00:00:00+09:00,3880.0,3985.0,3880.0,3970.0,71320,0.0,0.0
2022-11-02 00:00:00+09:00,3970.0,3970.0,3910.0,3940.0,45777,0.0,0.0
2022-11-03 00:00:00+09:00,3855.0,3935.0,3850.0,3930.0,45627,0.0,0.0
2022-11-04 00:00:00+09:00,3885.0,3925.0,3855.0,3920.0,42099,0.0,0.0
2022-11-07 00:00:00+09:00,3960.0,3985.0,3910.0,3970.0,61017,0.0,0.0
2022-11-08 00:00:00+09:00,3960.0,4075.0,3960.0,4065.0,124873,0.0,0.0
2022-11-09 00:00:00+09:00,4085.0,4140.0,4060.0,4100.0,112741,0.0,0.0
2022-11-10 00:00:00+09:00,4055.0,4065.0,4000.0,4060.0,42246,0.0,0.0
2022-11-11 00:00:00+09:00,4165.0,4165.0,4050.0,4095.0,108126,0.0,0.0
2022-11-14 00:00:00+09:00,4110.0,4200.0,4080.0,4130.0,96559,0.0,0.0
2022-11-15 00:00:00+09:00,4110.0,4170.0,4100.0,4160.0,83397,0.0,0.0
2022-11-16 00:00:00+09:00,4195.0,4195.0,4065.0,4105.0,45857,0.0,0.0
2022-11-17 00:00:00+09:00,4125.0,4125.0,3995.0,3995.0,71707,0.0,0.0
2022-11-18 00:00:00+09:00,4000.0,4060.0,3985.0,4005.0,43558,0.0,0.0
2022-11-21 00:00:00+09:00,4065.0,4065.0,3855.0,3885.0,85138,0.0,0.0
2022-11-22 00:00:00+09:00,3935.0,3935.0,3810.0,3880.0,48020,0.0,0.0
2022-11-23 00:00:00+09:00,3895.0,3975.0,3865.0,3925.0,54555,0.0,0.0
2022-11-24 00:00:00+09:00,3935.0,4010.0,3930.0,4005.0,58710,0.0,0.0
2022-11-25 00:00:00+09:00,4010.0,4050.0,3995.0,4000.0,50492,0.0,0.0
2022-11-28 00:00:00+09:00,4010.0,4030.0,3840.0,3905.0,69438,0.0,0.0
2022-11-29 00:00:00+09:00,3905.0,3920.0,3840.0,3910.0,60090,0.0,0.0
2022-11-30 00:00:00+09:00,3955.0,4010.0,3880.0,3985.0,54658,0.0,0.0
2022-12-01 00:00:00+09:00,4015.0,4045.0,3990.0,4030.0,60683,0.0,0.0
2022-12-02 00:00:00+09:00,4030.0,4475.0,3960.0,4085.0,932519,0.0,0.0
2022-12-05 00:00:00+09:00,4100.0,4115.0,4000.0,4010.0,66795,0.0,0.0
2022-12-06 00:00:00+09:00,4030.0,4030.0,3880.0,3890.0,91188,0.0,0.0
2022-12-07 00:00:00+09:00,3910.0,4190.0,3835.0,4080.0,329242,0.0,0.0
2022-12-08 00:00:00+09:00,4080.0,4100.0,3925.0,3930.0,85773,0.0,0.0
2022-12-09 00:00:00+09:00,3955.0,4195.0,3940.0,3955.0,215513,0.0,0.0
2022-12-12 00:00:00+09:00,3960.0,4040.0,3940.0,3995.0,55477,0.0,0.0
2022-12-13 00:00:00+09:00,3960.0,4020.0,3930.0,3930.0,73876,0.0,0.0
2022-12-14 00:00:00+09:00,3930.0,3970.0,3915.0,3935.0,57503,0.0,0.0
2022-12-15 00:00:00+09:00,3970.0,4060.0,3930.0,4000.0,98804,0.0,0.0
2022-12-16 00:00:00+09:00,3930.0,3970.0,3900.0,3925.0,87195,0.0,0.0
2022-12-19 00:00:00+09:00,3890.0,3930.0,3880.0,3885.0,43529,0.0,0.0
2022-12-20 00:00:00+09:00,3865.0,3895.0,3775.0,3775.0,89964,0.0,0.0
2022-12-21 00:00:00+09:00,3780.0,3890.0,3725.0,3890.0,74815,0.0,0.0
2022-12-22 00:00:00+09:00,3855.0,3890.0,3790.0,3790.0,68347,0.0,0.0
2022-12-23 00:00:00+09:00,3775.0,3855.0,3635.0,3850.0,232831,0.0,0.0
2022-12-26 00:00:00+09:00,3850.0,3920.0,3715.0,3810.0,101020,0.0,0.0
2022-12-27 00:00:00+09:00,3760.0,3780.0,3660.0,3750.0,189036,0.0,0.0
2022-12-28 00:00:00+09:00,3725.0,3750.0,3635.0,3750.0,271854,0.0,0.0
2022-12-29 00:00:00+09:00,3700.0,3740.0,3620.0,3665.0,81008,0.0,0.0
2023-01-02 00:00:00+09:00,3630.0,3690.0,3450.0,3460.0,126493,0.0,0.0
2023-01-03 00:00:00+09:00,3430.0,3480.0,3100.0,3480.0,124729,0.0,0.0
2023-01-04 00:00:00+09:00,3430.0,3550.0,3315.0,3520.0,61881,0.0,0.0
2023-01-05 00:00:00+09:00,3480.0,3560.0,3480.0,3530.0,20981,0.0,0.0
2023-01-06 00:00:00+09:00,3490.0,3590.0,3400.0,3575.0,50132,0.0,0.0
2023-01-09 00:00:00+09:00,3580.0,3630.0,3550.0,3620.0,86357,0.0,0.0
2023-01-10 00:00:00+09:00,3600.0,3650.0,3585.0,3635.0,67992,0.0,0.0
2023-01-11 00:00:00+09:00,3635.0,3740.0,3635.0,3690.0,90394,0.0,0.0
2023-01-12 00:00:00+09:00,3680.0,3745.0,3655.0,3700.0,49590,0.0,0.0
2023-01-13 00:00:00+09:00,3680.0,3745.0,3675.0,3705.0,56219,0.0,0.0
2023-01-16 00:00:00+09:00,3865.0,3870.0,3700.0,3715.0,141460,0.0,0.0
2023-01-17 00:00:00+09:00,3715.0,3830.0,3670.0,3690.0,96501,0.0,0.0
2023-01-18 00:00:00+09:00,3720.0,3755.0,3625.0,3745.0,84622,0.0,0.0
2023-01-19 00:00:00+09:00,3740.0,3745.0,3630.0,3680.0,60757,0.0,0.0
2023-01-20 00:00:00+09:00,3680.0,3685.0,3630.0,3685.0,47556,0.0,0.0
2023-01-25 00:00:00+09:00,3690.0,3780.0,3675.0,3780.0,661,0.0,0.0
2023-01-26 00:00:00+09:00,3765.0,3800.0,3725.0,3780.0,64149,0.0,0.0
2023-01-27 00:00:00+09:00,3760.0,3830.0,3760.0,3785.0,77811,0.0,0.0
2023-01-30 00:00:00+09:00,3800.0,3850.0,3790.0,3790.0,142,0.0,0.0
2023-01-31 00:00:00+09:00,3860.0,3860.0,3715.0,3780.0,575,0.0,0.0
2023-02-01 00:00:00+09:00,3785.0,3835.0,3760.0,3810.0,367,0.0,0.0
2023-02-02 00:00:00+09:00,3835.0,3890.0,3815.0,3880.0,675,0.0,0.0
2023-02-03 00:00:00+09:00,3885.0,3960.0,3855.0,3960.0,350,0.0,0.0
2023-02-06 00:00:00+09:00,3940.0,3950.0,3865.0,3940.0,186,0.0,0.0
2023-02-07 00:00:00+09:00,3880.0,3940.0,3865.0,3925.0,227,0.0,0.0
2023-02-08 00:00:00+09:00,3920.0,4005.0,3920.0,4005.0,1414,0.0,0.0
2023-02-09 00:00:00+09:00,3980.0,4050.0,3945.0,4025.0,301,0.0,0.0
2023-02-10 00:00:00+09:00,4015.0,4015.0,3900.0,3915.0,409,0.0,0.0
2023-02-13 00:00:00+09:00,3900.0,3990.0,3800.0,3975.0,2347,0.0,0.0
2023-02-14 00:00:00+09:00,3975.0,3975.0,3875.0,3920.0,33,0.0,0.0
2023-02-15 00:00:00+09:00,3925.0,3950.0,3760.0,3840.0,3,0.0,0.0
2023-02-16 00:00:00+09:00,3840.0,3895.0,3840.0,3870.0,53330,0.0,0.0
2023-02-17 00:00:00+09:00,3830.0,3870.0,3765.0,3810.0,51523,0.0,0.0
2023-02-20 00:00:00+09:00,3765.0,3900.0,3700.0,3785.0,107451,0.0,0.0
2023-02-21 00:00:00+09:00,3825.0,3825.0,3750.0,3760.0,97,0.0,0.0
2023-02-22 00:00:00+09:00,3725.0,3725.0,3600.0,3605.0,152,0.0,0.0
2023-02-23 00:00:00+09:00,3565.0,3635.0,3565.0,3605.0,100,0.0,0.0
2023-02-24 00:00:00+09:00,3625.0,3635.0,3540.0,3550.0,993,0.0,0.0
2023-02-27 00:00:00+09:00,3550.0,3675.0,3405.0,3625.0,198337,0.0,0.0
2023-02-28 00:00:00+09:00,3650.0,3670.0,3590.0,3615.0,96470,0.0,0.0
2023-03-02 00:00:00+09:00,3580.0,3600.0,3490.0,3500.0,105623,0.0,0.0
2023-03-03 00:00:00+09:00,3495.0,3535.0,3455.0,3485.0,78665,0.0,0.0
2023-03-06 00:00:00+09:00,3485.0,3485.0,3355.0,3400.0,112664,0.0,0.0
2023-03-07 00:00:00+09:00,3440.0,3510.0,3410.0,3510.0,159947,0.0,0.0
2023-03-08 00:00:00+09:00,3475.0,3495.0,3380.0,3420.0,67442,0.0,0.0
2023-03-09 00:00:00+09:00,3450.0,3450.0,3335.0,3350.0,85848,0.0,0.0
2023-03-10 00:00:00+09:00,3320.0,3340.0,3205.0,3315.0,115997,0.0,0.0
2023-03-13 00:00:00+09:00,3220.0,3315.0,3195.0,3305.0,78814,0.0,0.0
2023-03-14 00:00:00+09:00,3235.0,3300.0,3065.0,3070.0,169839,0.0,0.0
2023-03-15 00:00:00+09:00,3100.0,3300.0,3100.0,3300.0,167605,0.0,0.0
2023-03-16 00:00:00+09:00,3280.0,3285.0,3190.0,3280.0,115539,0.0,0.0
2023-03-17 00:00:00+09:00,3290.0,3440.0,3255.0,3440.0,125243,0.0,0.0
2023-03-20 00:00:00+09:00,3440.0,3440.0,3310.0,3395.0,109996,0.0,0.0
2023-03-21 00:00:00+09:00,3450.0,3450.0,3315.0,3385.0,88557,0.0,0.0
2023-03-22 00:00:00+09:00,3360.0,3385.0,3255.0,3335.0,103935,0.0,0.0
2023-03-23 00:00:00+09:00,3300.0,3320.0,3245.0,3290.0,106615,0.0,0.0
2023-03-24 00:00:00+09:00,3280.0,3400.0,3250.0,3330.0,88989,0.0,0.0
2023-03-27 00:00:00+09:00,3320.0,3350.0,3260.0,3285.0,92105,0.0,0.0
2023-03-28 00:00:00+09:00,3285.0,3415.0,3265.0,3400.0,75424,0.0,0.0
2023-03-29 00:00:00+09:00,3415.0,3420.0,3310.0,3325.0,52850,0.0,0.0
2023-03-30 00:00:00+09:00,3340.0,3400.0,3300.0,3380.0,66049,0.0,0.0
2023-03-31 00:00:00+09:00,3395.0,3415.0,3320.0,3350.0,59355,0.0,0.0
2023-04-03 00:00:00+09:00,3360.0,3360.0,3245.0,3245.0,76972,0.0,0.0
2023-04-04 00:00:00+09:00,3215.0,3285.0,3210.0,3215.0,75008,0.0,0.0
2023-04-05 00:00:00+09:00,3215.0,3255.0,3200.0,3245.0,68818,0.0,0.0
2023-04-06 00:00:00+09:00,3200.0,3200.0,3085.0,3150.0,207699,0.0,0.0
2023-04-07 00:00:00+09:00,3150.0,3170.0,3130.0,3130.0,93977,0.0,0.0
2023-04-10 00:00:00+09:00,3100.0,3120.0,2955.0,2990.0,242412,0.0,0.0
2023-04-11 00:00:00+09:00,2990.0,3030.0,2930.0,3010.0,103414,0.0,0.0
2023-04-12 00:00:00+09:00,3010.0,3100.0,2950.0,3075.0,142440,0.0,0.0
2023-04-13 00:00:00+09:00,3080.0,3095.0,3020.0,3035.0,70344,0.0,0.0
2023-04-14 00:00:00+09:00,3035.0,3070.0,3020.0,3060.0,91137,0.0,0.0
2023-04-17 00:00:00+09:00,3060.0,3060.0,2995.0,3020.0,99658,0.0,0.0
2023-04-18 00:00:00+09:00,2995.0,3075.0,2970.0,2985.0,90930,0.0,0.0
2023-04-19 00:00:00+09:00,2980.0,3025.0,2970.0,3005.0,96645,0.0,0.0
2023-04-20 00:00:00+09:00,3000.0,3000.0,2885.0,2885.0,162846,0.0,0.0
2023-04-21 00:00:00+09:00,2885.0,2945.0,2825.0,2910.0,126298,0.0,0.0
2023-04-24 00:00:00+09:00,2880.0,2900.0,2805.0,2895.0,113084,0.0,0.0
2023-04-25 00:00:00+09:00,2835.0,2890.0,2810.0,2890.0,91716,0.0,0.0
2023-04-26 00:00:00+09:00,2865.0,2935.0,2845.0,2850.0,90597,0.0,0.0
2023-04-27 00:00:00+09:00,2875.0,2875.0,2750.0,2850.0,79908,0.0,0.0
2023-04-28 00:00:00+09:00,2865.0,2870.0,2780.0,2845.0,91448,0.0,0.0
2023-05-02 00:00:00+09:00,2845.0,2895.0,2840.0,2860.0,73679,0.0,0.0
2023-05-03 00:00:00+09:00,2870.0,2890.0,2835.0,2855.0,43159,0.0,0.0
2023-05-04 00:00:00+09:00,2860.0,2865.0,2780.0,2800.0,66459,0.0,0.0
2023-05-08 00:00:00+09:00,2805.0,2875.0,2800.0,2840.0,112810,0.0,0.0
2023-05-09 00:00:00+09:00,2850.0,2850.0,2790.0,2805.0,37238,0.0,0.0
2023-05-10 00:00:00+09:00,2815.0,2835.0,2785.0,2830.0,32424,0.0,0.0
2023-05-11 00:00:00+09:00,2850.0,2855.0,2810.0,2845.0,34086,0.0,0.0
2023-05-12 00:00:00+09:00,2865.0,2865.0,2790.0,2845.0,58669,0.0,0.0
2023-05-15 00:00:00+09:00,2860.0,2955.0,2780.0,2925.0,54053,0.0,0.0
2023-05-16 00:00:00+09:00,2940.0,2950.0,2775.0,2845.0,97732,0.0,0.0
2023-05-17 00:00:00+09:00,2845.0,3100.0,2820.0,3000.0,787039,0.0,0.0
2023-05-18 00:00:00+09:00,3015.0,3035.0,2985.0,3025.0,124935,0.0,0.0
2023-05-19 00:00:00+09:00,3030.0,3140.0,3025.0,3090.0,135045,0.0,0.0
2023-05-22 00:00:00+09:00,3115.0,3165.0,3060.0,3140.0,97437,0.0,0.0
2023-05-23 00:00:00+09:00,3190.0,3190.0,3100.0,3165.0,63456,0.0,0.0
2023-05-24 00:00:00+09:00,3160.0,3165.0,3100.0,3105.0,62962,0.0,0.0
2023-05-25 00:00:00+09:00,3070.0,3150.0,3070.0,3100.0,47582,0.0,0.0
2023-05-26 00:00:00+09:00,3100.0,3140.0,3000.0,3040.0,90930,0.0,0.0
2023-05-30 00:00:00+09:00,3060.0,3190.0,3045.0,3170.0,136981,0.0,0.0
2023-05-31 00:00:00+09:00,3190.0,3195.0,2960.0,3100.0,90395,0.0,0.0
2023-06-01 00:00:00+09:00,3035.0,3095.0,3035.0,3045.0,41865,0.0,0.0
2023-06-02 00:00:00+09:00,3055.0,3085.0,3040.0,3075.0,53694,0.0,0.0
2023-06-05 00:00:00+09:00,3045.0,3140.0,3045.0,3120.0,81254,0.0,0.0
2023-06-07 00:00:00+09:00,3180.0,3200.0,3070.0,3070.0,101173,0.0,0.0
2023-06-08 00:00:00+09:00,3040.0,3110.0,3005.0,3040.0,66742,0.0,0.0
2023-06-09 00:00:00+09:00,3060.0,3125.0,3040.0,3085.0,68531,0.0,0.0
2023-06-12 00:00:00+09:00,3050.0,3120.0,3010.0,3035.0,65345,0.0,0.0
2023-06-13 00:00:00+09:00,3055.0,3115.0,3040.0,3065.0,56088,0.0,0.0
2023-06-14 00:00:00+09:00,3060.0,3075.0,2985.0,3000.0,89244,0.0,0.0
2023-06-15 00:00:00+09:00,2990.0,3035.0,2935.0,2950.0,114313,0.0,0.0
2023-06-16 00:00:00+09:00,2930.0,3020.0,2930.0,3000.0,72715,0.0,0.0
2023-06-19 00:00:00+09:00,3015.0,3015.0,2965.0,2985.0,55168,0.0,0.0
2023-06-20 00:00:00+09:00,2965.0,3075.0,2955.0,3040.0,99103,0.0,0.0
2023-06-21 00:00:00+09:00,3040.0,3075.0,2940.0,2980.0,91199,0.0,0.0
2023-06-22 00:00:00+09:00,2980.0,3020.0,2910.0,2950.0,57710,0.0,0.0
2023-06-23 00:00:00+09:00,2980.0,3000.0,2890.0,2900.0,64448,0.0,0.0
2023-06-26 00:00:00+09:00,2875.0,2915.0,2850.0,2870.0,46098,0.0,0.0
2023-06-27 00:00:00+09:00,2870.0,2900.0,2850.0,2850.0,39858,0.0,0.0
2023-06-28 00:00:00+09:00,2870.0,2915.0,2840.0,2850.0,35325,0.0,0.0
2023-06-29 00:00:00+09:00,2855.0,2880.0,2815.0,2845.0,56410,0.0,0.0
2023-06-30 00:00:00+09:00,2830.0,2860.0,2775.0,2830.0,37150,0.0,0.0
2023-07-03 00:00:00+09:00,2830.0,2900.0,2830.0,2860.0,57387,0.0,0.0
2023-07-04 00:00:00+09:00,2895.0,2895.0,2790.0,2805.0,77310,0.0,0.0
2023-07-05 00:00:00+09:00,2865.0,2865.0,2750.0,2760.0,79709,0.0,0.0
2023-07-06 00:00:00+09:00,2755.0,2820.0,2660.0,2680.0,98947,0.0,0.0
2023-07-07 00:00:00+09:00,2645.0,2680.0,2500.0,2625.0,154165,0.0,0.0
2023-07-10 00:00:00+09:00,2605.0,2655.0,2575.0,2620.0,64999,0.0,0.0
2023-07-11 00:00:00+09:00,2590.0,2625.0,2580.0,2615.0,43708,0.0,0.0
2023-07-12 00:00:00+09:00,2640.0,2790.0,2625.0,2790.0,121733,0.0,0.0
2023-07-13 00:00:00+09:00,2820.0,2820.0,2720.0,2725.0,48109,0.0,0.0
2023-07-14 00:00:00+09:00,2750.0,2750.0,2650.0,2720.0,63414,0.0,0.0
2023-07-17 00:00:00+09:00,2750.0,2900.0,2705.0,2835.0,213729,0.0,0.0
2023-07-18 00:00:00+09:00,2850.0,2875.0,2720.0,2780.0,78654,0.0,0.0
2023-07-19 00:00:00+09:00,2780.0,2810.0,2650.0,2730.0,77176,0.0,0.0
2023-07-20 00:00:00+09:00,2700.0,2700.0,2635.0,2635.0,73264,0.0,0.0
2023-07-21 00:00:00+09:00,2630.0,2630.0,2595.0,2615.0,39796,0.0,0.0
2023-07-24 00:00:00+09:00,2580.0,2585.0,2440.0,2470.0,209812,0.0,0.0
2023-07-25 00:00:00+09:00,2440.0,2465.0,2370.0,2380.0,129571,0.0,0.0
2023-07-26 00:00:00+09:00,2330.0,2380.0,2140.0,2220.0,286185,0.0,0.0
2023-07-27 00:00:00+09:00,2215.0,2310.0,2215.0,2300.0,41518,0.0,0.0
2023-07-28 00:00:00+09:00,2260.0,2335.0,2260.0,2320.0,55780,0.0,0.0
2023-07-31 00:00:00+09:00,2340.0,2375.0,2295.0,2320.0,47719,0.0,0.0
2023-08-01 00:00:00+09:00,2320.0,2395.0,2310.0,2385.0,54670,0.0,0.0
2023-08-02 00:00:00+09:00,2395.0,2430.0,2330.0,2350.0,49440,0.0,0.0
2023-08-03 00:00:00+09:00,2345.0,2390.0,2300.0,2375.0,62549,0.0,0.0
2023-08-04 00:00:00+09:00,2355.0,2395.0,2345.0,2385.0,32452,0.0,0.0
2023-08-07 00:00:00+09:00,2385.0,2400.0,2320.0,2380.0,46148,0.0,0.0
2023-08-08 00:00:00+09:00,2370.0,2400.0,2350.0,2365.0,30513,0.0,0.0
2023-08-09 00:00:00+09:00,2360.0,2415.0,2350.0,2390.0,35010,0.0,0.0
2023-08-10 00:00:00+09:00,2430.0,2440.0,2360.0,2425.0,47894,0.0,0.0
2023-08-11 00:00:00+09:00,2430.0,2485.0,2425.0,2480.0,124816,0.0,0.0
2023-08-14 00:00:00+09:00,2530.0,2550.0,2380.0,2445.0,56661,0.0,0.0
2023-08-16 00:00:00+09:00,2555.0,3175.0,2450.0,2940.0,3109515,0.0,0.0
2023-08-17 00:00:00+09:00,2840.0,3140.0,2800.0,2880.0,1700905,0.0,0.0
2023-08-18 00:00:00+09:00,2850.0,2900.0,2805.0,2850.0,247709,0.0,0.0
2023-08-21 00:00:00+09:00,3285.0,3370.0,2960.0,3050.0,2182582,0.0,0.0
2023-08-22 00:00:00+09:00,2960.0,3035.0,2775.0,2800.0,459980,0.0,0.0
2023-08-23 00:00:00+09:00,2800.0,2870.0,2790.0,2830.0,154867,0.0,0.0
2023-08-24 00:00:00+09:00,2830.0,2900.0,2800.0,2875.0,156542,0.0,0.0
2023-08-25 00:00:00+09:00,2845.0,2860.0,2805.0,2815.0,110224,0.0,0.0
2023-08-28 00:00:00+09:00,2785.0,2805.0,2700.0,2700.0,166096,0.0,0.0
2023-08-29 00:00:00+09:00,2735.0,2850.0,2695.0,2770.0,125441,0.0,0.0
2023-08-30 00:00:00+09:00,2795.0,2940.0,2770.0,2915.0,229276,0.0,0.0
2023-08-31 00:00:00+09:00,2900.0,2935.0,2815.0,2860.0,145486,0.0,0.0
2023-09-01 00:00:00+09:00,2825.0,2890.0,2810.0,2835.0,60398,0.0,0.0
2023-09-04 00:00:00+09:00,2830.0,2830.0,2620.0,2755.0,184064,0.0,0.0
2023-09-05 00:00:00+09:00,3580.0,3580.0,3580.0,3580.0,1495385,0.0,0.0
2023-09-06 00:00:00+09:00,3750.0,4110.0,3485.0,3535.0,10116643,0.0,0.0
2023-09-07 00:00:00+09:00,3610.0,3925.0,3555.0,3675.0,2707940,0.0,0.0
2023-09-08 00:00:00+09:00,3675.0,3675.0,3385.0,3425.0,814734,0.0,0.0
2023-09-11 00:00:00+09:00,3500.0,3845.0,3315.0,3580.0,1702402,0.0,0.0
2023-09-12 00:00:00+09:00,3750.0,4285.0,3710.0,3740.0,8206330,0.0,0.0
2023-09-13 00:00:00+09:00,3680.0,3775.0,3430.0,3500.0,1031751,0.0,0.0
2023-09-14 00:00:00+09:00,3635.0,3650.0,3460.0,3575.0,343291,0.0,0.0
2023-09-15 00:00:00+09:00,3640.0,3780.0,3470.0,3485.0,549325,0.0,0.0
2023-09-18 00:00:00+09:00,3470.0,3550.0,3350.0,3375.0,225810,0.0,0.0
2023-09-19 00:00:00+09:00,3400.0,3420.0,3310.0,3335.0,173853,0.0,0.0
2023-09-20 00:00:00+09:00,3290.0,3395.0,3260.0,3395.0,162206,0.0,0.0
2023-09-21 00:00:00+09:00,3400.0,3400.0,3155.0,3180.0,334816,0.0,0.0
2023-09-22 00:00:00+09:00,3215.0,3215.0,3060.0,3125.0,162998,0.0,0.0
2023-09-25 00:00:00+09:00,3125.0,3180.0,3050.0,3055.0,102545,0.0,0.0
2023-09-26 00:00:00+09:00,3055.0,3150.0,2990.0,3065.0,132577,0.0,0.0
2023-09-27 00:00:00+09:00,3065.0,3200.0,3000.0,3175.0,174075,0.0,0.0
2023-10-04 00:00:00+09:00,3165.0,3235.0,3045.0,3230.0,149778,0.0,0.0
2023-10-05 00:00:00+09:00,3250.0,3260.0,3055.0,3055.0,189067,0.0,0.0
2023-10-06 00:00:00+09:00,3035.0,3175.0,3035.0,3165.0,94827,0.0,0.0
2023-10-10 00:00:00+09:00,3270.0,3275.0,2955.0,2980.0,184072,0.0,0.0
2023-10-11 00:00:00+09:00,2965.0,3100.0,2955.0,3030.0,101949,0.0,0.0
2023-10-12 00:00:00+09:00,3030.0,3130.0,3030.0,3115.0,63249,0.0,0.0
2023-10-13 00:00:00+09:00,3110.0,3110.0,2950.0,3025.0,87618,0.0,0.0
2023-10-16 00:00:00+09:00,3000.0,3000.0,2880.0,2925.0,130350,0.0,0.0
2023-10-17 00:00:00+09:00,2945.0,3060.0,2930.0,3040.0,73167,0.0,0.0
2023-10-18 00:00:00+09:00,3040.0,3140.0,2955.0,2990.0,105745,0.0,0.0
2023-10-19 00:00:00+09:00,2950.0,3020.0,2925.0,2925.0,71133,0.0,0.0
2023-10-20 00:00:00+09:00,2890.0,2925.0,2750.0,2800.0,141803,0.0,0.0
2023-10-23 00:00:00+09:00,2800.0,2855.0,2720.0,2720.0,84037,0.0,0.0
2023-10-24 00:00:00+09:00,2720.0,2900.0,2665.0,2890.0,78834,0.0,0.0
2023-10-25 00:00:00+09:00,2900.0,2935.0,2835.0,2835.0,59047,0.0,0.0
2023-10-26 00:00:00+09:00,2795.0,2795.0,2670.0,2680.0,94207,0.0,0.0
2023-10-27 00:00:00+09:00,2670.0,2765.0,2655.0,2745.0,48692,0.0,0.0
2023-10-30 00:00:00+09:00,2750.0,2840.0,2720.0,2825.0,44399,0.0,0.0
2023-10-31 00:00:00+09:00,2900.0,2900.0,2620.0,2670.0,142711,0.0,0.0
2023-11-01 00:00:00+09:00,2680.0,2725.0,2670.0,2715.0,51309,0.0,0.0
2023-11-02 00:00:00+09:00,2735.0,2860.0,2720.0,2830.0,81010,0.0,0.0
2023-11-03 00:00:00+09:00,2855.0,2940.0,2705.0,2910.0,73219,0.0,0.0
2023-11-06 00:00:00+09:00,2915.0,3005.0,2875.0,3005.0,164110,0.0,0.0
2023-11-07 00:00:00+09:00,2970.0,2975.0,2815.0,2890.0,163017,0.0,0.0
2023-11-08 00:00:00+09:00,2900.0,2960.0,2855.0,2865.0,53443,0.0,0.0
2023-11-09 00:00:00+09:00,2860.0,2905.0,2825.0,2870.0,32733,0.0,0.0
2023-11-10 00:00:00+09:00,2870.0,3150.0,2800.0,2850.0,309497,0.0,0.0
2023-11-13 00:00:00+09:00,2850.0,2875.0,2785.0,2790.0,67937,0.0,0.0
2023-11-14 00:00:00+09:00,2790.0,3245.0,2790.0,3080.0,743185,0.0,0.0
2023-11-15 00:00:00+09:00,3155.0,3155.0,3030.0,3100.0,226341,0.0,0.0
2023-11-16 00:00:00+09:00,3100.0,3240.0,3075.0,3150.0,232369,0.0,0.0
2023-11-17 00:00:00+09:00,3150.0,3150.0,3065.0,3105.0,71154,0.0,0.0
2023-11-20 00:00:00+09:00,3100.0,3170.0,3080.0,3115.0,93709,0.0,0.0
2023-11-21 00:00:00+09:00,3290.0,3290.0,3145.0,3160.0,256971,0.0,0.0
2023-11-22 00:00:00+09:00,3105.0,3215.0,3105.0,3165.0,113345,0.0,0.0
2023-11-23 00:00:00+09:00,3165.0,3200.0,3120.0,3120.0,59279,0.0,0.0
2023-11-24 00:00:00+09:00,3150.0,3180.0,3040.0,3110.0,73405,0.0,0.0
2023-11-27 00:00:00+09:00,3115.0,3190.0,3095.0,3135.0,104832,0.0,0.0
2023-11-28 00:00:00+09:00,3135.0,3245.0,3060.0,3105.0,161301,0.0,0.0
2023-11-29 00:00:00+09:00,3105.0,3270.0,3030.0,3105.0,158670,0.0,0.0
2023-11-30 00:00:00+09:00,3075.0,3230.0,3075.0,3180.0,196746,0.0,0.0
2023-12-01 00:00:00+09:00,3180.0,3245.0,3110.0,3140.0,83012,0.0,0.0
2023-12-04 00:00:00+09:00,3100.0,3180.0,3095.0,3150.0,122769,0.0,0.0
2023-12-05 00:00:00+09:00,3195.0,3195.0,3015.0,3045.0,161357,0.0,0.0
2023-12-06 00:00:00+09:00,3025.0,3085.0,3020.0,3070.0,62833,0.0,0.0
2023-12-07 00:00:00+09:00,3075.0,3085.0,3020.0,3035.0,59090,0.0,0.0
2023-12-08 00:00:00+09:00,3035.0,3095.0,3015.0,3065.0,67119,0.0,0.0
2023-12-11 00:00:00+09:00,3025.0,3090.0,3025.0,3050.0,52368,0.0,0.0
2023-12-12 00:00:00+09:00,3050.0,3050.0,3005.0,3040.0,43068,0.0,0.0
2023-12-13 00:00:00+09:00,3040.0,3060.0,3010.0,3055.0,55313,0.0,0.0
2023-12-14 00:00:00+09:00,3085.0,3180.0,3060.0,3080.0,146644,0.0,0.0
2023-12-15 00:00:00+09:00,3100.0,3120.0,3040.0,3055.0,69262,0.0,0.0
2023-12-18 00:00:00+09:00,3060.0,3110.0,3040.0,3095.0,47801,0.0,0.0
2023-12-19 00:00:00+09:00,3070.0,3145.0,3050.0,3090.0,62479,0.0,0.0
2023-12-20 00:00:00+09:00,3100.0,3680.0,3070.0,3600.0,2423964,0.0,0.0
2023-12-21 00:00:00+09:00,3635.0,3650.0,3450.0,3620.0,653070,0.0,0.0
2023-12-22 00:00:00+09:00,3540.0,3605.0,3440.0,3545.0,382808,0.0,0.0
2023-12-26 00:00:00+09:00,3545.0,3570.0,3415.0,3445.0,192420,0.0,0.0
2023-12-27 00:00:00+09:00,3445.0,3565.0,3445.0,3555.0,261691,0.0,0.0
2023-12-28 00:00:00+09:00,3600.0,3745.0,3530.0,3675.0,457546,0.0,0.0
2024-01-02 00:00:00+09:00,3700.0,3820.0,3525.0,3795.0,449946,0.0,0.0
2024-01-03 00:00:00+09:00,3790.0,3790.0,3655.0,3670.0,229387,0.0,0.0
2024-01-04 00:00:00+09:00,3610.0,3970.0,3605.0,3880.0,622894,0.0,0.0
2024-01-05 00:00:00+09:00,3860.0,4055.0,3840.0,3970.0,597896,0.0,0.0
2024-01-08 00:00:00+09:00,4080.0,4085.0,3840.0,3920.0,292446,0.0,0.0
2024-01-09 00:00:00+09:00,3920.0,4040.0,3775.0,4020.0,502796,0.0,0.0
2024-01-10 00:00:00+09:00,3970.0,4180.0,3915.0,4140.0,350014,0.0,0.0
2024-01-11 00:00:00+09:00,4140.0,4150.0,3945.0,3975.0,283965,0.0,0.0
2024-01-12 00:00:00+09:00,3975.0,4080.0,3885.0,4035.0,235671,0.0,0.0
2024-01-15 00:00:00+09:00,4000.0,4040.0,3935.0,3965.0,23712,0.0,0.0
2024-01-16 00:00:00+09:00,4025.0,4085.0,3750.0,3930.0,190359,0.0,0.0
2024-01-17 00:00:00+09:00,3925.0,4010.0,3755.0,4005.0,327008,0.0,0.0
2024-01-18 00:00:00+09:00,3990.0,4215.0,3990.0,4200.0,600395,0.0,0.0
2024-01-19 00:00:00+09:00,4230.0,4625.0,4200.0,4585.0,1635180,0.0,0.0
2024-01-22 00:00:00+09:00,4590.0,4695.0,4400.0,4550.0,825146,0.0,0.0
2024-01-23 00:00:00+09:00,4550.0,4725.0,4455.0,4640.0,639237,0.0,0.0
2024-01-24 00:00:00+09:00,4675.0,4845.0,4590.0,4765.0,686008,0.0,0.0
2024-01-25 00:00:00+09:00,4840.0,4840.0,4360.0,4500.0,974093,0.0,0.0
2024-01-26 00:00:00+09:00,4420.0,4520.0,4210.0,4470.0,479747,0.0,0.0
2024-01-29 00:00:00+09:00,4400.0,4520.0,4315.0,4430.0,276912,0.0,0.0
2024-01-30 00:00:00+09:00,4450.0,4465.0,4050.0,4250.0,539954,0.0,0.0
2024-01-31 00:00:00+09:00,4170.0,4300.0,4060.0,4095.0,184610,0.0,0.0
2024-02-01 00:00:00+09:00,4005.0,4175.0,3775.0,3845.0,572390,0.0,0.0
2024-02-02 00:00:00+09:00,3835.0,3980.0,3780.0,3820.0,255157,0.0,0.0
2024-02-05 00:00:00+09:00,3830.0,3835.0,3730.0,3770.0,149317,0.0,0.0
2024-02-06 00:00:00+09:00,3770.0,3870.0,3655.0,3795.0,123140,0.0,0.0
2024-02-07 00:00:00+09:00,3795.0,3975.0,3675.0,3970.0,197225,0.0,0.0
2024-02-08 00:00:00+09:00,3975.0,4020.0,3850.0,4000.0,123338,0.0,0.0
2024-02-13 00:00:00+09:00,4015.0,4065.0,3900.0,3945.0,203062,0.0,0.0
2024-02-14 00:00:00+09:00,3900.0,4415.0,3865.0,4400.0,506817,0.0,0.0
2024-02-15 00:00:00+09:00,4435.0,4630.0,4300.0,4430.0,338170,0.0,0.0
2024-02-16 00:00:00+09:00,4545.0,4560.0,4285.0,4500.0,325895,0.0,0.0
2024-02-19 00:00:00+09:00,4520.0,4670.0,4315.0,4600.0,380968,0.0,0.0
2024-02-20 00:00:00+09:00,4600.0,4600.0,4365.0,4465.0,222285,0.0,0.0
2024-02-21 00:00:00+09:00,4385.0,4435.0,4290.0,4400.0,173148,0.0,0.0
2024-02-22 00:00:00+09:00,4430.0,4430.0,4275.0,4385.0,167474,0.0,0.0
2024-02-23 00:00:00+09:00,4330.0,4430.0,4255.0,4360.0,167870,0.0,0.0
2024-02-26 00:00:00+09:00,4360.0,4415.0,4250.0,4390.0,135203,0.0,0.0
2024-02-27 00:00:00+09:00,4380.0,4380.0,4215.0,4270.0,132415,0.0,0.0
2024-02-28 00:00:00+09:00,4275.0,4315.0,4070.0,4245.0,271350,0.0,0.0
2024-02-29 00:00:00+09:00,4230.0,4265.0,4095.0,4175.0,146883,0.0,0.0
2024-03-04 00:00:00+09:00,4175.0,4180.0,4020.0,4065.0,99304,0.0,0.0
2024-03-05 00:00:00+09:00,4060.0,4095.0,3995.0,4080.0,77452,0.0,0.0
2024-03-06 00:00:00+09:00,4080.0,4155.0,4015.0,4065.0,118147,0.0,0.0
2024-03-07 00:00:00+09:00,4030.0,4090.0,3865.0,3870.0,141153,0.0,0.0
2024-03-08 00:00:00+09:00,3860.0,4050.0,3855.0,4040.0,158657,0.0,0.0
2024-03-11 00:00:00+09:00,4040.0,4040.0,3820.0,3860.0,125114,0.0,0.0
2024-03-12 00:00:00+09:00,3860.0,3900.0,3785.0,3830.0,134466,0.0,0.0
2024-03-13 00:00:00+09:00,3855.0,3855.0,3735.0,3795.0,114658,0.0,0.0
2024-03-14 00:00:00+09:00,3790.0,3910.0,3775.0,3900.0,117461,0.0,0.0
2024-03-15 00:00:00+09:00,3900.0,4120.0,3805.0,4115.0,212546,0.0,0.0
2024-03-18 00:00:00+09:00,4300.0,4700.0,4250.0,4360.0,1626089,0.0,0.0
2024-03-19 00:00:00+09:00,4415.0,4500.0,4300.0,4465.0,321605,0.0,0.0
2024-03-20 00:00:00+09:00,4510.0,4640.0,4465.0,4610.0,596468,0.0,0.0
2024-03-21 00:00:00+09:00,4665.0,4815.0,4580.0,4795.0,788643,0.0,0.0
2024-03-22 00:00:00+09:00,4820.0,4965.0,4710.0,4920.0,532610,0.0,0.0
2024-03-25 00:00:00+09:00,4980.0,4985.0,4580.0,4885.0,426066,0.0,0.0
2024-03-26 00:00:00+09:00,4885.0,4885.0,4660.0,4670.0,414454,0.0,0.0
2024-03-27 00:00:00+09:00,4680.0,4765.0,4610.0,4740.0,166035,0.0,0.0
2024-03-28 00:00:00+09:00,4740.0,4795.0,4660.0,4690.0,151721,0.0,0.0
2024-03-29 00:00:00+09:00,4645.0,4740.0,4610.0,4615.0,129175,0.0,0.0
2024-04-01 00:00:00+09:00,4775.0,5150.0,4745.0,4845.0,866314,0.0,0.0
2024-04-02 00:00:00+09:00,4870.0,4875.0,4630.0,4695.0,286656,0.0,0.0
2024-04-03 00:00:00+09:00,4515.0,4650.0,4410.0,4600.0,240524,0.0,0.0
2024-04-04 00:00:00+09:00,4600.0,4695.0,4535.0,4580.0,159131,0.0,0.0
2024-04-05 00:00:00+09:00,4545.0,4560.0,4380.0,4420.0,180969,0.0,0.0
2024-04-08 00:00:00+09:00,4420.0,4540.0,4365.0,4395.0,315653,0.0,0.0
2024-04-09 00:00:00+09:00,4475.0,4495.0,4325.0,4410.0,131349,0.0,0.0
2024-04-11 00:00:00+09:00,4345.0,4410.0,4270.0,4290.0,97586,0.0,0.0
2024-04-12 00:00:00+09:00,4300.0,4340.0,4190.0,4320.0,154891,0.0,0.0
2024-04-15 00:00:00+09:00,4305.0,4305.0,4120.0,4235.0,91276,0.0,0.0
2024-04-16 00:00:00+09:00,4195.0,4215.0,3905.0,4010.0,260931,0.0,0.0
2024-04-17 00:00:00+09:00,4010.0,4070.0,3950.0,4010.0,121726,0.0,0.0
2024-04-18 00:00:00+09:00,4090.0,4135.0,3985.0,4115.0,66976,0.0,0.0
2024-04-19 00:00:00+09:00,4060.0,4065.0,3870.0,3990.0,188712,0.0,0.0
2024-04-22 00:00:00+09:00,3985.0,4110.0,3965.0,4015.0,66145,0.0,0.0
2024-04-23 00:00:00+09:00,4000.0,4050.0,3885.0,4000.0,151933,0.0,0.0
2024-04-24 00:00:00+09:00,4060.0,4545.0,4045.0,4280.0,611965,0.0,0.0
2024-04-25 00:00:00+09:00,4275.0,4335.0,4160.0,4330.0,149015,0.0,0.0
2024-04-26 00:00:00+09:00,4255.0,4335.0,4235.0,4300.0,102485,0.0,0.0
2024-04-29 00:00:00+09:00,4440.0,4445.0,4280.0,4320.0,116308,0.0,0.0
2024-04-30 00:00:00+09:00,4480.0,4625.0,4455.0,4530.0,488657,0.0,0.0
2024-05-02 00:00:00+09:00,4480.0,4535.0,4320.0,4475.0,274475,0.0,0.0
2024-05-03 00:00:00+09:00,4560.0,4600.0,4425.0,4490.0,176117,0.0,0.0
2024-05-07 00:00:00+09:00,4535.0,4560.0,4420.0,4500.0,167323,0.0,0.0
2024-05-08 00:00:00+09:00,4530.0,4530.0,4380.0,4425.0,106477,0.0,0.0
2024-05-09 00:00:00+09:00,4380.0,4405.0,4270.0,4360.0,170582,0.0,0.0
2024-05-10 00:00:00+09:00,4425.0,4440.0,4205.0,4285.0,145824,0.0,0.0
2024-05-13 00:00:00+09:00,4285.0,4330.0,4245.0,4315.0,120352,0.0,0.0
2024-05-14 00:00:00+09:00,4330.0,4410.0,4245.0,4245.0,140073,0.0,0.0
2024-05-16 00:00:00+09:00,4280.0,4360.0,4160.0,4295.0,200008,0.0,0.0
2024-05-17 00:00:00+09:00,4355.0,4355.0,4000.0,4125.0,908867,0.0,0.0
2024-05-20 00:00:00+09:00,4125.0,4125.0,4010.0,4015.0,138414,0.0,0.0
2024-05-21 00:00:00+09:00,4150.0,4150.0,3825.0,3865.0,519451,0.0,0.0
2024-05-22 00:00:00+09:00,3910.0,3985.0,3850.0,3865.0,204954,0.0,0.0
2024-05-23 00:00:00+09:00,3890.0,3910.0,3740.0,3840.0,331867,0.0,0.0
2024-05-24 00:00:00+09:00,3795.0,3820.0,3745.0,3770.0,126955,0.0,0.0
2024-05-27 00:00:00+09:00,3770.0,3880.0,3730.0,3875.0,151524,0.0,0.0
2024-05-28 00:00:00+09:00,3875.0,3875.0,3755.0,3785.0,116503,0.0,0.0
2024-05-29 00:00:00+09:00,3785.0,3785.0,3615.0,3700.0,174034,0.0,0.0
2024-05-30 00:00:00+09:00,3700.0,3765.0,3550.0,3560.0,194724,0.0,0.0
2024-05-31 00:00:00+09:00,3560.0,3770.0,3555.0,3680.0,92645,0.0,0.0
2024-06-03 00:00:00+09:00,3730.0,3745.0,3655.0,3700.0,58194,0.0,0.0
2024-06-04 00:00:00+09:00,3670.0,3700.0,3630.0,3685.0,41100,0.0,0.0
2024-06-05 00:00:00+09:00,3740.0,3740.0,3590.0,3600.0,91571,0.0,0.0
2024-06-07 00:00:00+09:00,3620.0,3660.0,3575.0,3590.0,51020,0.0,0.0
2024-06-10 00:00:00+09:00,3590.0,3685.0,3525.0,3660.0,91773,0.0,0.0
2024-06-11 00:00:00+09:00,3680.0,3680.0,3530.0,3545.0,87568,0.0,0.0
2024-06-12 00:00:00+09:00,3545.0,3565.0,3410.0,3440.0,125871,0.0,0.0
2024-06-13 00:00:00+09:00,3475.0,3510.0,3435.0,3465.0,48883,0.0,0.0
2024-06-14 00:00:00+09:00,3525.0,3525.0,3385.0,3415.0,58200,0.0,0.0
2024-06-17 00:00:00+09:00,3415.0,3430.0,3350.0,3400.0,70840,0.0,0.0
2024-06-18 00:00:00+09:00,3365.0,3410.0,3345.0,3395.0,68159,0.0,0.0
2024-06-19 00:00:00+09:00,3365.0,3405.0,3325.0,3340.0,64523,0.0,0.0
2024-06-20 00:00:00+09:00,3340.0,3365.0,3290.0,3305.0,55799,0.0,0.0
2024-06-21 00:00:00+09:00,3355.0,3355.0,3170.0,3185.0,148061,0.0,0.0
2024-06-24 00:00:00+09:00,3185.0,3185.0,3095.0,3125.0,124420,0.0,0.0
2024-06-25 00:00:00+09:00,3135.0,3135.0,3070.0,3110.0,51428,0.0,0.0
2024-06-26 00:00:00+09:00,3105.0,3180.0,3105.0,3175.0,42623,0.0,0.0
2024-06-27 00:00:00+09:00,3175.0,3190.0,3055.0,3095.0,60927,0.0,0.0
2024-06-28 00:00:00+09:00,3095.0,3400.0,3060.0,3195.0,183628,0.0,0.0
2024-07-01 00:00:00+09:00,3270.0,3555.0,3230.0,3495.0,337355,0.0,0.0
2024-07-02 00:00:00+09:00,3495.0,3495.0,3310.0,3470.0,138601,0.0,0.0
2024-07-03 00:00:00+09:00,3495.0,3545.0,3445.0,3500.0,110034,0.0,0.0
2024-07-04 00:00:00+09:00,3560.0,3635.0,3430.0,3545.0,168035,0.0,0.0
2024-07-05 00:00:00+09:00,3525.0,3670.0,3500.0,3565.0,79381,0.0,0.0
2024-07-08 00:00:00+09:00,3600.0,3600.0,3540.0,3565.0,37588,0.0,0.0
2024-07-09 00:00:00+09:00,3600.0,3600.0,3465.0,3500.0,69009,0.0,0.0
2024-07-10 00:00:00+09:00,3465.0,3475.0,3420.0,3425.0,29752,0.0,0.0
2024-07-11 00:00:00+09:00,3425.0,3425.0,3350.0,3375.0,60592,0.0,0.0
2024-07-12 00:00:00+09:00,3370.0,3385.0,3300.0,3380.0,22052,0.0,0.0
2024-07-15 00:00:00+09:00,3380.0,3420.0,3325.0,3380.0,31184,0.0,0.0
2024-07-16 00:00:00+09:00,3415.0,3415.0,3260.0,3335.0,327243,0.0,0.0
2024-07-17 00:00:00+09:00,3335.0,3335.0,3240.0,3245.0,63555,0.0,0.0
2024-07-18 00:00:00+09:00,3200.0,3245.0,3135.0,3200.0,36028,0.0,0.0
2024-07-19 00:00:00+09:00,3270.0,3270.0,3150.0,3250.0,409869,0.0,0.0
2024-07-22 00:00:00+09:00,3280.0,3280.0,3090.0,3095.0,209589,0.0,0.0
2024-07-23 00:00:00+09:00,3095.0,3145.0,2900.0,3020.0,229872,0.0,0.0
2024-07-24 00:00:00+09:00,3010.0,3075.0,2980.0,3000.0,37877,0.0,0.0
2024-07-25 00:00:00+09:00,2840.0,2990.0,2840.0,2915.0,64449,0.0,0.0
2024-07-26 00:00:00+09:00,2915.0,3000.0,2895.0,2945.0,32381,0.0,0.0
2024-07-29 00:00:00+09:00,3085.0,3085.0,2920.0,2980.0,18780,0.0,0.0
2024-07-30 00:00:00+09:00,2990.0,2990.0,2890.0,2900.0,41306,0.0,0.0
2024-07-31 00:00:00+09:00,2875.0,2920.0,2850.0,2905.0,31818,0.0,0.0
2024-08-01 00:00:00+09:00,2940.0,2940.0,2880.0,2935.0,25741,0.0,0.0
2024-08-02 00:00:00+09:00,2935.0,2935.0,2735.0,2740.0,117476,0.0,0.0
2024-08-05 00:00:00+09:00,2680.0,2700.0,2305.0,2305.0,145404,0.0,0.0
2024-08-06 00:00:00+09:00,2305.0,2590.0,2305.0,2530.0,92525,0.0,0.0
2024-08-07 00:00:00+09:00,2690.0,2690.0,2530.0,2570.0,107664,0.0,0.0
2024-08-08 00:00:00+09:00,2570.0,2620.0,2455.0,2560.0,61490,0.0,0.0
2024-08-09 00:00:00+09:00,2595.0,2660.0,2565.0,2610.0,39656,0.0,0.0
2024-08-12 00:00:00+09:00,2645.0,2660.0,2615.0,2630.0,22650,0.0,0.0
2024-08-13 00:00:00+09:00,2630.0,2690.0,2555.0,2595.0,32457,0.0,0.0
2024-08-14 00:00:00+09:00,2670.0,2685.0,2620.0,2660.0,33151,0.0,0.0
2024-08-16 00:00:00+09:00,2605.0,2700.0,2580.0,2660.0,408339,0.0,0.0
2024-08-19 00:00:00+09:00,2660.0,2700.0,2580.0,2595.0,54819,0.0,0.0
2024-08-20 00:00:00+09:00,2600.0,2670.0,2600.0,2670.0,28671,0.0,0.0
2024-08-21 00:00:00+09:00,2660.0,2660.0,2580.0,2590.0,77782,0.0,0.0
2024-08-22 00:00:00+09:00,2575.0,2630.0,2510.0,2530.0,66955,0.0,0.0
2024-08-23 00:00:00+09:00,2505.0,2540.0,2450.0,2510.0,47060,0.0,0.0
2024-08-26 00:00:00+09:00,2535.0,2545.0,2455.0,2455.0,43069,0.0,0.0
2024-08-27 00:00:00+09:00,2455.0,2455.0,2390.0,2400.0,79014,0.0,0.0
2024-08-28 00:00:00+09:00,2400.0,2440.0,2370.0,2385.0,27943,0.0,0.0
2024-08-29 00:00:00+09:00,2360.0,2485.0,2315.0,2385.0,89594,0.0,0.0
2024-08-30 00:00:00+09:00,2385.0,2550.0,2385.0,2470.0,127553,0.0,0.0
2024-09-02 00:00:00+09:00,2530.0,2530.0,2340.0,2380.0,82105,0.0,0.0
2024-09-03 00:00:00+09:00,2390.0,2560.0,2370.0,2390.0,85728,0.0,0.0
2024-09-04 00:00:00+09:00,2330.0,2335.0,2255.0,2285.0,115129,0.0,0.0
2024-09-05 00:00:00+09:00,2285.0,2395.0,2235.0,2260.0,118841,0.0,0.0
2024-09-06 00:00:00+09:00,2300.0,2300.0,2125.0,2130.0,105786,0.0,0.0
2024-09-09 00:00:00+09:00,2100.0,2270.0,2045.0,2140.0,140957,0.0,0.0
2024-09-10 00:00:00+09:00,2140.0,2220.0,2095.0,2140.0,57925,0.0,0.0
2024-09-11 00:00:00+09:00,2140.0,2195.0,2085.0,2140.0,82683,0.0,0.0
2024-09-12 00:00:00+09:00,2250.0,2250.0,2145.0,2200.0,48446,0.0,0.0
2024-09-13 00:00:00+09:00,2220.0,2220.0,2175.0,2190.0,25137,0.0,0.0
2024-09-19 00:00:00+09:00,2190.0,2240.0,2090.0,2110.0,39219,0.0,0.0
2024-09-20 00:00:00+09:00,2130.0,2200.0,2125.0,2180.0,28992,0.0,0.0
2024-09-23 00:00:00+09:00,2180.0,2195.0,2100.0,2160.0,66805,0.0,0.0
2024-09-24 00:00:00+09:00,2125.0,2220.0,2125.0,2185.0,32566,0.0,0.0
2024-09-25 00:00:00+09:00,2205.0,2265.0,2175.0,2215.0,61017,0.0,0.0
2024-09-26 00:00:00+09:00,2200.0,2400.0,2200.0,2400.0,169710,0.0,0.0
2024-09-27 00:00:00+09:00,2415.0,2475.0,2370.0,2445.0,126048,0.0,0.0
2024-09-30 00:00:00+09:00,2445.0,2635.0,2415.0,2430.0,253486,0.0,0.0
2024-10-02 00:00:00+09:00,2430.0,2460.0,2380.0,2415.0,35233,0.0,0.0
2024-10-04 00:00:00+09:00,2475.0,2475.0,2290.0,2375.0,40934,0.0,0.0
2024-10-07 00:00:00+09:00,2480.0,2480.0,2355.0,2405.0,31184,0.0,0.0
2024-10-08 00:00:00+09:00,2380.0,2400.0,2300.0,2325.0,54054,0.0,0.0
2024-10-10 00:00:00+09:00,2365.0,2365.0,2265.0,2310.0,47465,0.0,0.0
2024-10-11 00:00:00+09:00,2315.0,2670.0,2300.0,2360.0,864313,0.0,0.0
2024-10-14 00:00:00+09:00,2400.0,2400.0,2240.0,2320.0,219157,0.0,0.0
2024-10-15 00:00:00+09:00,2320.0,2355.0,2235.0,2245.0,139739,0.0,0.0
2024-10-16 00:00:00+09:00,2270.0,2270.0,2185.0,2200.0,136769,0.0,0.0
2024-10-17 00:00:00+09:00,2180.0,2220.0,2175.0,2190.0,36214,0.0,0.0
2024-10-18 00:00:00+09:00,2190.0,2190.0,2140.0,2165.0,51686,0.0,0.0
2024-10-21 00:00:00+09:00,2155.0,2255.0,2155.0,2240.0,61139,0.0,0.0
2024-10-22 00:00:00+09:00,2240.0,2290.0,2145.0,2170.0,64839,0.0,0.0
2024-10-23 00:00:00+09:00,2155.0,2185.0,2130.0,2170.0,44952,0.0,0.0
2024-10-24 00:00:00+09:00,2180.0,2180.0,2090.0,2135.0,44789,0.0,0.0
2024-10-25 00:00:00+09:00,2140.0,2165.0,2075.0,2075.0,71573,0.0,0.0
2024-10-28 00:00:00+09:00,2100.0,2170.0,2075.0,2105.0,62545,0.0,0.0
2024-10-29 00:00:00+09:00,2105.0,2155.0,2070.0,2100.0,35310,0.0,0.0
2024-10-30 00:00:00+09:00,2100.0,2150.0,2075.0,2090.0,53847,0.0,0.0
2024-10-31 00:00:00+09:00,2080.0,2130.0,2050.0,2120.0,30314,0.0,0.0
2024-11-01 00:00:00+09:00,2090.0,2120.0,2080.0,2095.0,27442,0.0,0.0
2024-11-04 00:00:00+09:00,2095.0,2120.0,2060.0,2105.0,28857,0.0,0.0
2024-11-05 00:00:00+09:00,2105.0,2165.0,2100.0,2125.0,60987,0.0,0.0
2024-11-06 00:00:00+09:00,2120.0,2150.0,2065.0,2100.0,63109,0.0,0.0
2024-11-07 00:00:00+09:00,2100.0,2140.0,2085.0,2105.0,30547,0.0,0.0
2024-11-08 00:00:00+09:00,2105.0,2195.0,2085.0,2115.0,50597,0.0,0.0
2024-11-11 00:00:00+09:00,2115.0,2115.0,2015.0,2025.0,121048,0.0,0.0
2024-11-12 00:00:00+09:00,2000.0,2055.0,1854.0,1872.0,178460,0.0,0.0
2024-11-13 00:00:00+09:00,1872.0,1895.0,1750.0,1788.0,114834,0.0,0.0
2024-11-14 00:00:00+09:00,1838.0,1838.0,1720.0,1737.0,43248,0.0,0.0
2024-11-15 00:00:00+09:00,1719.0,1727.0,1645.0,1715.0,127115,0.0,0.0
2024-11-18 00:00:00+09:00,1697.0,1790.0,1666.0,1744.0,61014,0.0,0.0
2024-11-19 00:00:00+09:00,1804.0,1805.0,1745.0,1773.0,48149,0.0,0.0
2024-11-20 00:00:00+09:00,1738.0,1845.0,1735.0,1816.0,62465,0.0,0.0
2024-11-21 00:00:00+09:00,1816.0,1883.0,1801.0,1846.0,60256,0.0,0.0
2024-11-22 00:00:00+09:00,1859.0,1862.0,1810.0,1810.0,20318,0.0,0.0
2024-11-25 00:00:00+09:00,1810.0,1855.0,1806.0,1829.0,27823,0.0,0.0
2024-11-26 00:00:00+09:00,1816.0,1889.0,1812.0,1852.0,22893,0.0,0.0
2024-11-27 00:00:00+09:00,1889.0,1889.0,1810.0,1812.0,23506,0.0,0.0
2024-11-28 00:00:00+09:00,1854.0,1854.0,1812.0,1830.0,9218,0.0,0.0
2024-11-29 00:00:00+09:00,1813.0,1836.0,1758.0,1758.0,43875,0.0,0.0
2024-12-02 00:00:00+09:00,1758.0,1785.0,1711.0,1722.0,42041,0.0,0.0
2024-12-03 00:00:00+09:00,1750.0,1750.0,1710.0,1736.0,39400,0.0,0.0
2024-12-04 00:00:00+09:00,1734.0,1734.0,1640.0,1694.0,25684,0.0,0.0
2024-12-05 00:00:00+09:00,1738.0,1738.0,1640.0,1651.0,15738,0.0,0.0
2024-12-06 00:00:00+09:00,1651.0,1651.0,1581.0,1615.0,56680,0.0,0.0
2024-12-09 00:00:00+09:00,1575.0,1614.0,1527.0,1555.0,73200,0.0,0.0
2024-12-10 00:00:00+09:00,1555.0,1633.0,1529.0,1594.0,55490,0.0,0.0
2024-12-11 00:00:00+09:00,1610.0,1650.0,1610.0,1639.0,50107,0.0,0.0
2024-12-12 00:00:00+09:00,1640.0,1660.0,1639.0,1660.0,36577,0.0,0.0
2024-12-13 00:00:00+09:00,1660.0,1722.0,1649.0,1694.0,26095,0.0,0.0
2024-12-16 00:00:00+09:00,1694.0,1729.0,1694.0,1729.0,55349,0.0,0.0
2024-12-17 00:00:00+09:00,1734.0,1734.0,1674.0,1723.0,28584,0.0,0.0
2024-12-18 00:00:00+09:00,1749.0,1921.0,1737.0,1811.0,249581,0.0,0.0
2024-12-19 00:00:00+09:00,1736.0,1801.0,1735.0,1797.0,37545,0.0,0.0
2024-12-20 00:00:00+09:00,1788.0,1829.0,1707.0,1707.0,46002,0.0,0.0
2024-12-23 00:00:00+09:00,1803.0,1803.0,1707.0,1707.0,15063,0.0,0.0
2024-12-24 00:00:00+09:00,1749.0,1750.0,1676.0,1680.0,18403,0.0,0.0
2024-12-26 00:00:00+09:00,1680.0,1766.0,1661.0,1667.0,28181,0.0,0.0
2024-12-27 00:00:00+09:00,1684.0,1684.0,1580.0,1629.0,24803,0.0,0.0
2024-12-30 00:00:00+09:00,1630.0,1675.0,1630.0,1673.0,16217,0.0,0.0
2025-01-02 00:00:00+09:00,1673.0,1770.0,1637.0,1770.0,41617,0.0,0.0
2025-01-03 00:00:00+09:00,1779.0,1819.0,1759.0,1770.0,78891,0.0,0.0
2025-01-06 00:00:00+09:00,1770.0,1770.0,1703.0,1713.0,88272,0.0,0.0
2025-01-07 00:00:00+09:00,1713.0,1742.0,1691.0,1700.0,72958,0.0,0.0
2025-01-08 00:00:00+09:00,1700.0,1727.0,1660.0,1692.0,25752,0.0,0.0
2025-01-09 00:00:00+09:00,1676.0,1692.0,1600.0,1659.0,56742,0.0,0.0
2025-01-10 00:00:00+09:00,1665.0,1680.0,1657.0,1667.0,29739,0.0,0.0
2025-01-13 00:00:00+09:00,1601.0,1665.0,1350.0,1463.0,1729811,0.0,0.0
2025-01-14 00:00:00+09:00,1463.0,1518.0,1463.0,1500.0,170202,0.0,0.0
2025-01-15 00:00:00+09:00,1500.0,1505.0,1451.0,1457.0,90661,0.0,0.0
2025-01-16 00:00:00+09:00,1471.0,1478.0,1459.0,1477.0,61897,0.0,0.0
2025-01-17 00:00:00+09:00,1494.0,1494.0,1405.0,1464.0,41628,0.0,0.0
2025-01-20 00:00:00+09:00,1464.0,1473.0,1431.0,1463.0,54540,0.0,0.0
2025-01-21 00:00:00+09:00,1463.0,1469.0,1430.0,1430.0,55121,0.0,0.0
2025-01-22 00:00:00+09:00,1431.0,1450.0,1370.0,1394.0,100145,0.0,0.0
2025-01-23 00:00:00+09:00,1419.0,1420.0,1309.0,1351.0,63767,0.0,0.0
2025-01-24 00:00:00+09:00,1352.0,1378.0,1306.0,1340.0,106657,0.0,0.0
2025-01-31 00:00:00+09:00,1340.0,1387.0,1288.0,1302.0,97595,0.0,0.0
2025-02-03 00:00:00+09:00,1290.0,1331.0,1249.0,1256.0,75985,0.0,0.0
2025-02-04 00:00:00+09:00,1256.0,1287.0,1256.0,1277.0,53457,0.0,0.0
2025-02-05 00:00:00+09:00,1316.0,1370.0,1283.0,1300.0,97765,0.0,0.0
2025-02-06 00:00:00+09:00,1307.0,1355.0,1290.0,1349.0,125757,0.0,0.0
2025-02-07 00:00:00+09:00,1350.0,1371.0,1315.0,1371.0,77069,0.0,0.0
2025-02-10 00:00:00+09:00,1371.0,1399.0,1315.0,1399.0,65009,0.0,0.0
2025-02-11 00:00:00+09:00,1385.0,1445.0,1377.0,1439.0,65652,0.0,0.0
2025-02-12 00:00:00+09:00,1415.0,1419.0,1388.0,1405.0,73466,0.0,0.0
2025-02-13 00:00:00+09:00,1400.0,1400.0,1360.0,1374.0,54210,0.0,0.0
2025-02-14 00:00:00+09:00,1365.0,1405.0,1363.0,1401.0,52164,0.0,0.0
2025-02-17 00:00:00+09:00,1445.0,1485.0,1383.0,1427.0,130961,0.0,0.0
2025-02-18 00:00:00+09:00,1427.0,1442.0,1401.0,1428.0,27470,0.0,0.0
2025-02-19 00:00:00+09:00,1425.0,1436.0,1410.0,1429.0,21000,0.0,0.0
2025-02-20 00:00:00+09:00,1429.0,1480.0,1350.0,1469.0,155407,0.0,0.0
2025-02-21 00:00:00+09:00,1480.0,1831.0,1480.0,1619.0,1952206,0.0,0.0
2025-02-24 00:00:00+09:00,1600.0,1644.0,1555.0,1569.0,261714,0.0,0.0
2025-02-25 00:00:00+09:00,1550.0,1600.0,1546.0,1600.0,75681,0.0,0.0
2025-02-26 00:00:00+09:00,1580.0,1691.0,1573.0,1672.0,195068,0.0,0.0
2025-02-27 00:00:00+09:00,1672.0,1685.0,1642.0,1650.0,562109,0.0,0.0
2025-02-28 00:00:00+09:00,1650.0,1650.0,1550.0,1574.0,135031,0.0,0.0
2025-03-04 00:00:00+09:00,1574.0,1599.0,1527.0,1576.0,36232,0.0,0.0
2025-03-05 00:00:00+09:00,1576.0,1592.0,1535.0,1581.0,38255,0.0,0.0
2025-03-06 00:00:00+09:00,1690.0,1690.0,1570.0,1630.0,73737,0.0,0.0
2025-03-07 00:00:00+09:00,1629.0,1629.0,1571.0,1594.0,37487,0.0,0.0
2025-03-10 00:00:00+09:00,1594.0,1605.0,1548.0,1581.0,34378,0.0,0.0
2025-03-11 00:00:00+09:00,1486.0,1574.0,1486.0,1562.0,48859,0.0,0.0
2025-03-12 00:00:00+09:00,1562.0,1616.0,1523.0,1602.0,70425,0.0,0.0
2025-03-13 00:00:00+09:00,1602.0,1628.0,1580.0,1587.0,56931,0.0,0.0
2025-03-14 00:00:00+09:00,1585.0,1597.0,1544.0,1569.0,54074,0.0,0.0
2025-03-17 00:00:00+09:00,1570.0,1580.0,1505.0,1550.0,50432,0.0,0.0
2025-03-18 00:00:00+09:00,1550.0,1550.0,1464.0,1511.0,124999,0.0,0.0
2025-03-19 00:00:00+09:00,1511.0,1511.0,1391.0,1467.0,52025,0.0,0.0
2025-03-20 00:00:00+09:00,1470.0,1499.0,1414.0,1427.0,67587,0.0,0.0
2025-03-21 00:00:00+09:00,1428.0,1449.0,1377.0,1377.0,38366,0.0,0.0
2025-03-24 00:00:00+09:00,1280.0,1295.0,993.0,1181.0,1517121,0.0,0.0
2025-03-25 00:00:00+09:00,1175.0,1216.0,1120.0,1135.0,165983,0.0,0.0
2025-03-26 00:00:00+09:00,1169.0,1184.0,1123.0,1168.0,59877,0.0,0.0
2025-03-27 00:00:00+09:00,1168.0,1170.0,1142.0,1153.0,35084,0.0,0.0
2025-03-28 00:00:00+09:00,1153.0,1153.0,1113.0,1129.0,46743,0.0,0.0
2025-03-31 00:00:00+09:00,1119.0,1128.0,1044.0,1110.0,76655,0.0,0.0
2025-04-01 00:00:00+09:00,1099.0,1210.0,1041.0,1210.0,93844,0.0,0.0
2025-04-02 00:00:00+09:00,1210.0,1230.0,1186.0,1215.0,53176,0.0,0.0
2025-04-03 00:00:00+09:00,1211.0,1237.0,1160.0,1236.0,60873,0.0,0.0
2025-04-04 00:00:00+09:00,1226.0,1250.0,1209.0,1244.0,20678,0.0,0.0
2025-04-07 00:00:00+09:00,1239.0,1239.0,1160.0,1161.0,35677,0.0,0.0
2025-04-08 00:00:00+09:00,1161.0,1306.0,1161.0,1305.0,159645,0.0,0.0
2025-04-09 00:00:00+09:00,1305.0,1357.0,1210.0,1288.0,128227,0.0,0.0
2025-04-10 00:00:00+09:00,1295.0,1389.0,1295.0,1389.0,100708,0.0,0.0
2025-04-11 00:00:00+09:00,1370.0,1383.0,1337.0,1382.0,38782,0.0,0.0
2025-04-14 00:00:00+09:00,1382.0,1402.0,1342.0,1385.0,94198,0.0,0.0
2025-04-15 00:00:00+09:00,1385.0,1423.0,1361.0,1418.0,51539,0.0,0.0
2025-04-16 00:00:00+09:00,1411.0,1427.0,1385.0,1397.0,55387,0.0,0.0
2025-04-17 00:00:00+09:00,1385.0,1414.0,1322.0,1397.0,35541,0.0,0.0
2025-04-18 00:00:00+09:00,1397.0,1408.0,1380.0,1393.0,22158,0.0,0.0
2025-04-21 00:00:00+09:00,1377.0,1513.0,1377.0,1387.0,96011,0.0,0.0
2025-04-22 00:00:00+09:00,1372.0,1453.0,1355.0,1404.0,29277,0.0,0.0
2025-04-23 00:00:00+09:00,1434.0,1825.0,1418.0,1825.0,1350991,0.0,0.0
2025-04-24 00:00:00+09:00,2065.0,2195.0,1637.0,1696.0,3602907,0.0,0.0
2025-04-25 00:00:00+09:00,1701.0,1821.0,1642.0,1771.0,545876,0.0,0.0
2025-04-28 00:00:00+09:00,1820.0,1835.0,1677.0,1720.0,230941,0.0,0.0
2025-04-29 00:00:00+09:00,1706.0,1739.0,1644.0,1666.0,129449,0.0,0.0
2025-04-30 00:00:00+09:00,1682.0,1817.0,1678.0,1710.0,250080,0.0,0.0
2025-05-02 00:00:00+09:00,1728.0,1844.0,1705.0,1825.0,256011,0.0,0.0
2025-05-07 00:00:00+09:00,1780.0,1849.0,1766.0,1798.0,140263,0.0,0.0
2025-05-08 00:00:00+09:00,1798.0,1819.0,1754.0,1806.0,84885,0.0,0.0
2025-05-09 00:00:00+09:00,1823.0,1823.0,1690.0,1692.0,184820,0.0,0.0
2025-05-12 00:00:00+09:00,1695.0,1794.0,1695.0,1794.0,102841,0.0,0.0
2025-05-13 00:00:00+09:00,1794.0,1860.0,1785.0,1840.0,93456,0.0,0.0
2025-05-14 00:00:00+09:00,1870.0,1870.0,1804.0,1827.0,43007,0.0,0.0
2025-05-15 00:00:00+09:00,1827.0,1860.0,1773.0,1816.0,33285,0.0,0.0
2025-05-16 00:00:00+09:00,1807.0,1815.0,1720.0,1720.0,90979,0.0,0.0
2025-05-19 00:00:00+09:00,1695.0,1770.0,1590.0,1770.0,77099,0.0,0.0
2025-05-20 00:00:00+09:00,1771.0,1813.0,1749.0,1755.0,71285,0.0,0.0
2025-05-21 00:00:00+09:00,1757.0,1789.0,1712.0,1756.0,43015,0.0,0.0
2025-05-22 00:00:00+09:00,1756.0,1777.0,1722.0,1733.0,41872,0.0,0.0
2025-05-23 00:00:00+09:00,1732.0,1757.0,1715.0,1755.0,31538,0.0,0.0
2025-05-26 00:00:00+09:00,1733.0,1755.0,1712.0,1737.0,17040,0.0,0.0
2025-05-27 00:00:00+09:00,1739.0,1784.0,1730.0,1746.0,51376,0.0,0.0
2025-05-28 00:00:00+09:00,1750.0,1751.0,1716.0,1716.0,32521,0.0,0.0
2025-05-29 00:00:00+09:00,1716.0,1739.0,1655.0,1699.0,71375,0.0,0.0
2025-05-30 00:00:00+09:00,1685.0,1772.0,1685.0,1761.0,53356,0.0,0.0
2025-06-02 00:00:00+09:00,1740.0,1757.0,1712.0,1721.0,25248,0.0,0.0
2025-06-04 00:00:00+09:00,1730.0,1769.0,1720.0,1754.0,35481,0.0,0.0
2025-06-05 00:00:00+09:00,1798.0,1798.0,1754.0,1785.0,44529,0.0,0.0
2025-06-09 00:00:00+09:00,1785.0,1785.0,1728.0,1752.0,57395,0.0,0.0
2025-06-10 00:00:00+09:00,1752.0,1808.0,1730.0,1784.0,60315,0.0,0.0
2025-06-11 00:00:00+09:00,1766.0,1808.0,1766.0,1799.0,47618,0.0,0.0
2025-06-12 00:00:00+09:00,1799.0,1808.0,1760.0,1760.0,53667,0.0,0.0
2025-06-13 00:00:00+09:00,1769.0,1769.0,1704.0,1729.0,107306,0.0,0.0
2025-06-16 00:00:00+09:00,1770.0,1770.0,1647.0,1660.0,95670,0.0,0.0
2025-06-17 00:00:00+09:00,1670.0,1684.0,1630.0,1660.0,80544,0.0,0.0
2025-06-18 00:00:00+09:00,1646.0,1678.0,1646.0,1660.0,39720,0.0,0.0
2025-06-19 00:00:00+09:00,1660.0,1699.0,1635.0,1635.0,76904,0.0,0.0
2025-06-20 00:00:00+09:00,1621.0,1698.0,1621.0,1697.0,62945,0.0,0.0
2025-06-23 00:00:00+09:00,1689.0,1695.0,1635.0,1641.0,48195,0.0,0.0
2025-06-24 00:00:00+09:00,1679.0,1744.0,1642.0,1696.0,92441,0.0,0.0
2025-06-25 00:00:00+09:00,1738.0,1738.0,1653.0,1712.0,42417,0.0,0.0
2025-06-26 00:00:00+09:00,1712.0,1734.0,1647.0,1720.0,90725,0.0,0.0
2025-06-27 00:00:00+09:00,1720.0,1769.0,1654.0,1691.0,71348,0.0,0.0
2025-06-30 00:00:00+09:00,1691.0,1691.0,1655.0,1655.0,30516,0.0,0.0
2025-07-01 00:00:00+09:00,1655.0,1709.0,1639.0,1639.0,21895,0.0,0.0
2025-07-02 00:00:00+09:00,1649.0,1650.0,1606.0,1615.0,500822,0.0,0.0
2025-07-03 00:00:00+09:00,1615.0,1665.0,1595.0,1645.0,36125,0.0,0.0
2025-07-04 00:00:00+09:00,1645.0,1652.0,1612.0,1640.0,29778,0.0,0.0
2025-07-07 00:00:00+09:00,1640.0,1770.0,1623.0,1641.0,97512,0.0,0.0
2025-07-08 00:00:00+09:00,1690.0,1694.0,1640.0,1694.0,26850,0.0,0.0
2025-07-09 00:00:00+09:00,1678.0,1724.0,1678.0,1724.0,48423,0.0,0.0
2025-07-10 00:00:00+09:00,1724.0,1800.0,1708.0,1793.0,100338,0.0,0.0
2025-07-11 00:00:00+09:00,1776.0,1819.0,1742.0,1796.0,98092,0.0,0.0
2025-07-14 00:00:00+09:00,1796.0,1833.0,1773.0,1808.0,127078,0.0,0.0
2025-07-15 00:00:00+09:00,1829.0,1829.0,1789.0,1812.0,53482,0.0,0.0
2025-07-16 00:00:00+09:00,1840.0,1840.0,1780.0,1818.0,44519,0.0,0.0
2025-07-17 00:00:00+09:00,1800.0,1840.0,1763.0,1793.0,50452,0.0,0.0
2025-07-18 00:00:00+09:00,1793.0,1819.0,1771.0,1780.0,35313,0.0,0.0
2025-07-21 00:00:00+09:00,1781.0,1799.0,1748.0,1780.0,25763,0.0,0.0
2025-07-22 00:00:00+09:00,1779.0,1789.0,1625.0,1760.0,81664,0.0,0.0
2025-07-23 00:00:00+09:00,1779.0,1789.0,1714.0,1714.0,25267,0.0,0.0
2025-07-24 00:00:00+09:00,1714.0,1739.0,1644.0,1660.0,38362,0.0,0.0
2025-07-25 00:00:00+09:00,1660.0,1726.0,1642.0,1652.0,15237,0.0,0.0
2025-07-28 00:00:00+09:00,1652.0,1670.0,1625.0,1627.0,30836,0.0,0.0
2025-07-29 00:00:00+09:00,1627.0,1656.0,1605.0,1640.0,23253,0.0,0.0
2025-07-30 00:00:00+09:00,1640.0,1669.0,1606.0,1650.0,27963,0.0,0.0
2025-07-31 00:00:00+09:00,1650.0,1664.0,1629.0,1649.0,20712,0.0,0.0
2025-08-01 00:00:00+09:00,1649.0,1650.0,1575.0,1590.0,48304,0.0,0.0
2025-08-04 00:00:00+09:00,1596.0,1682.0,1581.0,1643.0,92069,0.0,0.0
2025-08-05 00:00:00+09:00,1643.0,1669.0,1613.0,1650.0,49318,0.0,0.0
2025-08-06 00:00:00+09:00,1650.0,1724.0,1623.0,1716.0,124120,0.0,0.0
2025-08-07 00:00:00+09:00,1734.0,1799.0,1734.0,1781.0,129790,0.0,0.0
2025-08-08 00:00:00+09:00,1776.0,1830.0,1761.0,1824.0,158868,0.0,0.0
2025-08-11 00:00:00+09:00,1870.0,2095.0,1825.0,2000.0,817661,0.0,0.0
2025-08-12 00:00:00+09:00,1954.0,2000.0,1931.0,1962.0,119092,0.0,0.0
2025-08-13 00:00:00+09:00,1979.0,2060.0,1850.0,2055.0,138644,0.0,0.0
2025-08-14 00:00:00+09:00,2050.0,2050.0,1972.0,1987.0,114064,0.0,0.0
2025-08-18 00:00:00+09:00,1987.0,2045.0,1951.0,1992.0,122685,0.0,0.0
2025-08-19 00:00:00+09:00,1982.0,2020.0,1960.0,1965.0,56444,0.0,0.0
2025-08-20 00:00:00+09:00,1970.0,1992.0,1874.0,1984.0,81249,0.0,0.0
2025-08-21 00:00:00+09:00,1984.0,1994.0,1952.0,1987.0,42017,0.0,0.0
2025-08-22 00:00:00+09:00,1987.0,2035.0,1972.0,2010.0,74144,0.0,0.0
2025-08-25 00:00:00+09:00,2045.0,2085.0,2015.0,2035.0,40239,0.0,0.0
2025-08-26 00:00:00+09:00,2035.0,2040.0,1961.0,1976.0,50808,0.0,0.0
2025-08-27 00:00:00+09:00,1976.0,2055.0,1968.0,2010.0,71984,0.0,0.0
2025-08-28 00:00:00+09:00,1993.0,2010.0,1967.0,1985.0,25162,0.0,0.0
2025-08-29 00:00:00+09:00,1985.0,1999.0,1957.0,1965.0,22189,0.0,0.0
2025-09-01 00:00:00+09:00,2035.0,2040.0,1918.0,1932.0,28121,0.0,0.0
2025-09-02 00:00:00+09:00,1932.0,1935.0,1875.0,1910.0,37037,0.0,0.0
2025-09-03 00:00:00+09:00,1910.0,1960.0,1900.0,1905.0,20245,0.0,0.0
2025-09-04 00:00:00+09:00,1905.0,1905.0,1870.0,1880.0,32525,0.0,0.0
2025-09-05 00:00:00+09:00,1894.0,1929.0,1785.0,1918.0,67798,0.0,0.0
2025-09-08 00:00:00+09:00,2000.0,2380.0,1907.0,1940.0,1334401,0.0,0.0
2025-09-09 00:00:00+09:00,1940.0,1945.0,1890.0,1909.0,104037,0.0,0.0
2025-09-10 00:00:00+09:00,1900.0,1913.0,1870.0,1908.0,89302,0.0,0.0
2025-09-11 00:00:00+09:00,1905.0,1910.0,1881.0,1897.0,47696,0.0,0.0
2025-09-12 00:00:00+09:00,1901.0,1928.0,1870.0,1915.0,65432,0.0,0.0
2025-09-15 00:00:00+09:00,1928.0,1938.0,1913.0,1915.0,42817,0.0,0.0
2025-09-16 00:00:00+09:00,1915.0,1955.0,1906.0,1935.0,53939,0.0,0.0
2025-09-17 00:00:00+09:00,1935.0,2035.0,1920.0,2000.0,113680,0.0,0.0
2025-09-18 00:00:00+09:00,2000.0,2055.0,1995.0,2045.0,92708,0.0,0.0
2025-09-22 00:00:00+09:00,2040.0,2195.0,1920.0,2120.0,192577,0.0,0.0
2025-09-23 00:00:00+09:00,2145.0,2145.0,2045.0,2050.0,86430,0.0,0.0
2025-09-24 00:00:00+09:00,2050.0,2130.0,2035.0,2065.0,86580,0.0,0.0
2025-09-25 00:00:00+09:00,2065.0,2150.0,2060.0,2065.0,75964,0.0,0.0
2025-09-26 00:00:00+09:00,2050.0,2060.0,1920.0,1994.0,84170,0.0,0.0
2025-09-29 00:00:00+09:00,2005.0,2035.0,1990.0,2005.0,34678,0.0,0.0
2025-09-30 00:00:00+09:00,2010.0,2030.0,1980.0,1997.0,60878,0.0,0.0
2025-10-01 00:00:00+09:00,2010.0,2010.0,1945.0,1980.0,53996,0.0,0.0
2025-10-02 00:00:00+09:00,1961.0,2005.0,1961.0,2005.0,81430,0.0,0.0
2025-10-10 00:00:00+09:00,2005.0,2005.0,1956.0,1990.0,51729,0.0,0.0
2025-10-13 00:00:00+09:00,1983.0,1983.0,1915.0,1922.0,72683,0.0,0.0
2025-10-14 00:00:00+09:00,1922.0,1969.0,1820.0,1858.0,170757,0.0,0.0
2025-10-15 00:00:00+09:00,1858.0,1899.0,1800.0,1832.0,59184,0.0,0.0
2025-10-16 00:00:00+09:00,1805.0,1849.0,1799.0,1810.0,53424,0.0,0.0
2025-10-17 00:00:00+09:00,1809.0,1817.0,1730.0,1760.0,176274,0.0,0.0
2025-10-20 00:00:00+09:00,1760.0,2095.0,1760.0,1995.0,726771,0.0,0.0
2025-10-21 00:00:00+09:00,2000.0,2025.0,1978.0,1992.0,137653,0.0,0.0
2025-10-22 00:00:00+09:00,1994.0,2320.0,1979.0,2150.0,1577154,0.0,0.0
2025-10-23 00:00:00+09:00,2140.0,2140.0,2030.0,2100.0,157146,0.0,0.0
2025-10-24 00:00:00+09:00,2190.0,2190.0,1900.0,2030.0,257157,0.0,0.0
2025-10-27 00:00:00+09:00,2090.0,2180.0,1971.0,2015.0,296791,0.0,0.0
2025-10-28 00:00:00+09:00,2000.0,2015.0,1962.0,1990.0,91137,0.0,0.0
2025-10-29 00:00:00+09:00,1990.0,2000.0,1921.0,1933.0,108348,0.0,0.0
2025-10-30 00:00:00+09:00,1935.0,1935.0,1864.0,1867.0,131988,0.0,0.0
2025-10-31 00:00:00+09:00,1861.0,1938.0,1850.0,1928.0,95083,0.0,0.0
2025-11-03 00:00:00+09:00,1938.0,2020.0,1892.0,1917.0,170312,0.0,0.0
2025-11-04 00:00:00+09:00,1917.0,2170.0,1917.0,1933.0,802520,0.0,0.0
2025-11-05 00:00:00+09:00,1935.0,1935.0,1820.0,1870.0,249376,0.0,0.0
2025-11-06 00:00:00+09:00,1871.0,1920.0,1819.0,1834.0,86004,0.0,0.0
2025-11-07 00:00:00+09:00,1834.0,1835.0,1750.0,1780.0,192120,0.0,0.0
2025-11-10 00:00:00+09:00,1780.0,1819.0,1738.0,1750.0,97715,0.0,0.0
2025-11-11 00:00:00+09:00,1770.0,1770.0,1672.0,1681.0,155982,0.0,0.0
2025-11-12 00:00:00+09:00,1682.0,1740.0,1670.0,1728.0,57432,0.0,0.0
2025-11-13 00:00:00+09:00,1740.0,1742.0,1680.0,1733.0,58387,0.0,0.0
2025-11-14 00:00:00+09:00,1733.0,1733.0,1675.0,1690.0,43223,0.0,0.0
2025-11-17 00:00:00+09:00,1695.0,1728.0,1676.0,1680.0,54663,0.0,0.0
2025-11-18 00:00:00+09:00,1699.0,1699.0,1613.0,1632.0,49241,0.0,0.0
2025-11-19 00:00:00+09:00,1632.0,1650.0,1585.0,1586.0,63321,0.0,0.0
2025-11-20 00:00:00+09:00,1685.0,1685.0,1589.0,1638.0,19301,0.0,0.0
2025-11-21 00:00:00+09:00,1674.0,1674.0,1583.0,1599.0,34256,0.0,0.0
2025-11-24 00:00:00+09:00,1652.0,1656.0,1600.0,1626.0,36864,0.0,0.0
2025-11-25 00:00:00+09:00,1628.0,1644.0,1600.0,1603.0,47446,0.0,0.0
2025-11-26 00:00:00+09:00,1633.0,1633.0,1580.0,1624.0,48400,0.0,0.0
2025-11-27 00:00:00+09:00,1637.0,1637.0,1614.0,1617.0,24195,0.0,0.0
2025-11-28 00:00:00+09:00,1640.0,1694.0,1611.0,1684.0,33294,0.0,0.0
2025-12-01 00:00:00+09:00,1684.0,1710.0,1669.0,1687.0,36870,0.0,0.0
2025-12-02 00:00:00+09:00,1704.0,1712.0,1670.0,1700.0,55461,0.0,0.0
2025-12-03 00:00:00+09:00,1700.0,1709.0,1683.0,1700.0,34357,0.0,0.0
2025-12-04 00:00:00+09:00,1700.0,1712.0,1674.0,1707.0,23856,0.0,0.0
2025-12-05 00:00:00+09:00,1713.0,1713.0,1676.0,1699.0,25896,0.0,0.0
2025-12-08 00:00:00+09:00,1702.0,1707.0,1666.0,1699.0,19369,0.0,0.0
2025-12-09 00:00:00+09:00,1692.0,1709.0,1634.0,1709.0,36042,0.0,0.0
2025-12-10 00:00:00+09:00,1735.0,1735.0,1688.0,1698.0,17802,0.0,0.0
2025-12-11 00:00:00+09:00,1704.0,1722.0,1682.0,1697.0,31991,0.0,0.0
2025-12-12 00:00:00+09:00,1700.0,1700.0,1663.0,1663.0,38904,0.0,0.0
2025-12-15 00:00:00+09:00,1663.0,1668.0,1614.0,1620.0,38265,0.0,0.0
2025-12-16 00:00:00+09:00,1620.0,1673.0,1619.0,1625.0,80266,0.0,0.0
2025-12-17 00:00:00+09:00,1625.0,1650.0,1609.0,1618.0,21370,0.0,0.0
2025-12-18 00:00:00+09:00,1641.0,1641.0,1588.0,1614.0,39629,0.0,0.0
2025-12-19 00:00:00+09:00,1614.0,1710.0,1614.0,1709.0,83506,0.0,0.0
2025-12-22 00:00:00+09:00,1709.0,1818.0,1709.0,1814.0,171004,0.0,0.0
2025-12-23 00:00:00+09:00,1809.0,1866.0,1742.0,1742.0,96770,0.0,0.0
2025-12-24 00:00:00+09:00,1742.0,1768.0,1710.0,1710.0,45546,0.0,0.0
2025-12-26 00:00:00+09:00,1703.0,1742.0,1703.0,1716.0,69466,0.0,0.0
2025-12-29 00:00:00+09:00,1716.0,1720.0,1676.0,1687.0,41101,0.0,0.0
2025-12-30 00:00:00+09:00,1670.0,1713.0,1650.0,1697.0,44279,0.0,0.0
2026-01-02 00:00:00+09:00,1697.0,1778.0,1697.0,1758.0,50789,0.0,0.0
2026-01-05 00:00:00+09:00,1758.0,1773.0,1689.0,1714.0,86055,0.0,0.0
2026-01-06 00:00:00+09:00,1714.0,1731.0,1691.0,1706.0,71577,0.0,0.0
2026-01-07 00:00:00+09:00,1706.0,1770.0,1697.0,1757.0,85939,0.0,0.0
2026-01-08 00:00:00+09:00,1757.0,1779.0,1654.0,1680.0,119450,0.0,0.0
2026-01-09 00:00:00+09:00,1675.0,1699.0,1660.0,1663.0,47057,0.0,0.0
2026-01-12 00:00:00+09:00,1735.0,1735.0,1650.0,1686.0,69590,0.0,0.0
2026-01-13 00:00:00+09:00,1725.0,1772.0,1650.0,1756.0,191198,0.0,0.0
2026-01-14 00:00:00+09:00,2010.0,2100.0,1856.0,1877.0,1423317,0.0,0.0
2026-01-15 00:00:00+09:00,1900.0,1919.0,1728.0,1765.0,299998,0.0,0.0
2026-01-16 00:00:00+09:00,1775.0,1802.0,1715.0,1724.0,138850,0.0,0.0
2026-01-19 00:00:00+09:00,1724.0,1879.0,1721.0,1849.0,291139,0.0,0.0
2026-01-20 00:00:00+09:00,1852.0,1910.0,1822.0,1841.0,219969,0.0,0.0
2026-01-21 00:00:00+09:00,1834.0,2040.0,1780.0,2000.0,600115,0.0,0.0
2026-01-22 00:00:00+09:00,2000.0,2180.0,1927.0,1952.0,1006455,0.0,0.0
2026-01-23 00:00:00+09:00,1990.0,1991.0,1910.0,1924.0,209287,0.0,0.0
2026-01-26 00:00:00+09:00,1924.0,1953.0,1850.0,1900.0,167829,0.0,0.0
2026-01-27 00:00:00+09:00,1890.0,1929.0,1840.0,1913.0,168610,0.0,0.0
2026-01-28 00:00:00+09:00,1950.0,1979.0,1893.0,1951.0,149040,0.0,0.0
2026-01-29 00:00:00+09:00,1950.0,1954.0,1830.0,1905.0,227642,0.0,0.0
2026-01-30 00:00:00+09:00,1900.0,1938.0,1850.0,1889.0,209544,0.0,0.0
2026-02-02 00:00:00+09:00,1889.0,1918.0,1835.0,1858.0,123085,0.0,0.0
2026-02-03 00:00:00+09:00,1859.0,1956.0,1859.0,1940.0,152382,0.0,0.0
2026-02-04 00:00:00+09:00,1921.0,2070.0,1902.0,2020.0,216331,0.0,0.0
2026-02-05 00:00:00+09:00,2025.0,2080.0,1980.0,2055.0,205238,0.0,0.0
2026-02-06 00:00:00+09:00,2020.0,2020.0,1940.0,1957.0,149968,0.0,0.0
2026-02-09 00:00:00+09:00,1960.0,2020.0,1960.0,1999.0,73735,0.0,0.0
2026-02-10 00:00:00+09:00,1999.0,2050.0,1973.0,2015.0,106630,0.0,0.0
2026-02-11 00:00:00+09:00,2015.0,2185.0,1985.0,2165.0,338949,0.0,0.0
2026-02-12 00:00:00+09:00,2170.0,2170.0,2070.0,2090.0,270325,0.0,0.0
2026-02-13 00:00:00+09:00,2090.0,2090.0,2005.0,2005.0,144646,0.0,0.0
2026-02-19 00:00:00+09:00,2005.0,2145.0,1999.0,2085.0,157885,0.0,0.0
2026-02-20 00:00:00+09:00,2080.0,2430.0,2035.0,2350.0,814318,0.0,0.0
2026-02-23 00:00:00+09:00,2350.0,2495.0,2320.0,2420.0,427758,0.0,0.0
2026-02-24 00:00:00+09:00,2420.0,2455.0,2215.0,2300.0,287943,0.0,0.0
2026-02-25 00:00:00+09:00,2300.0,2540.0,2300.0,2400.0,347163,0.0,0.0
2026-02-26 00:00:00+09:00,2420.0,2510.0,2370.0,2390.0,253497,0.0,0.0
2026-02-27 00:00:00+09:00,2390.0,2450.0,2260.0,2315.0,132428,0.0,0.0
2026-03-03 00:00:00+09:00,2250.0,2430.0,2220.0,2225.0,358247,0.0,0.0
2026-03-04 00:00:00+09:00,2100.0,2190.0,1827.0,1844.0,363240,0.0,0.0
2026-03-05 00:00:00+09:00,2095.0,2115.0,1999.0,2095.0,215709,0.0,0.0
2026-03-06 00:00:00+09:00,2095.0,2120.0,2000.0,2090.0,116927,0.0,0.0
2026-03-09 00:00:00+09:00,2080.0,2080.0,1850.0,1900.0,132585,0.0,0.0
2026-03-10 00:00:00+09:00,2000.0,2080.0,1960.0,1981.0,58783,0.0,0.0
2026-03-11 00:00:00+09:00,2000.0,2110.0,2000.0,2080.0,124182,0.0,0.0
2026-03-12 00:00:00+09:00,2080.0,2080.0,1945.0,2020.0,80359,0.0,0.0
2026-03-13 00:00:00+09:00,2005.0,2035.0,1946.0,2010.0,90085,0.0,0.0
2026-03-16 00:00:00+09:00,2010.0,2120.0,1970.0,2030.0,83787,0.0,0.0
2026-03-17 00:00:00+09:00,2035.0,2070.0,1980.0,2020.0,65149,0.0,0.0
2026-03-18 00:00:00+09:00,2020.0,2100.0,1986.0,2035.0,89664,0.0,0.0
2026-03-19 00:00:00+09:00,2020.0,2060.0,1984.0,2055.0,96904,0.0,0.0
2026-03-20 00:00:00+09:00,2085.0,2155.0,2020.0,2100.0,164727,0.0,0.0
2026-03-23 00:00:00+09:00,2100.0,2100.0,1981.0,1999.0,142808,0.0,0.0
2026-03-24 00:00:00+09:00,2120.0,2280.0,2085.0,2130.0,388649,0.0,0.0
2026-03-25 00:00:00+09:00,2140.0,2225.0,1987.0,2030.0,352203,0.0,0.0
2026-03-26 00:00:00+09:00,2030.0,2105.0,2000.0,2070.0,122352,0.0,0.0
2026-03-27 00:00:00+09:00,2065.0,2100.0,1987.0,2075.0,106868,0.0,0.0
2026-03-30 00:00:00+09:00,2040.0,2040.0,1900.0,1990.0,76142,0.0,0.0
2026-03-31 00:00:00+09:00,2000.0,2000.0,1891.0,1893.0,141239,0.0,0.0
2026-04-01 00:00:00+09:00,1941.0,2035.0,1941.0,2015.0,75665,0.0,0.0
2026-04-02 00:00:00+09:00,2020.0,2030.0,1885.0,1891.0,104531,0.0,0.0
2026-04-03 00:00:00+09:00,1901.0,1959.0,1901.0,1924.0,36936,0.0,0.0
2026-04-06 00:00:00+09:00,1924.0,1965.0,1890.0,1898.0,50772,0.0,0.0
2026-04-07 00:00:00+09:00,1939.0,1947.0,1890.0,1892.0,43166,0.0,0.0
2026-04-08 00:00:00+09:00,1932.0,1988.0,1896.0,1901.0,69030,0.0,0.0
2026-04-09 00:00:00+09:00,1957.0,1957.0,1891.0,1896.0,53445,0.0,0.0
2026-04-10 00:00:00+09:00,1900.0,1977.0,1896.0,1955.0,87143,0.0,0.0
2026-04-13 00:00:00+09:00,1951.0,1995.0,1910.0,1926.0,133886,0.0,0.0
2026-04-14 00:00:00+09:00,1999.0,1999.0,1891.0,1916.0,96506,0.0,0.0
2026-04-15 00:00:00+09:00,1921.0,1973.0,1896.0,1935.0,197237,0.0,0.0
2026-04-16 00:00:00+09:00,1977.0,2045.0,1841.0,1930.0,266504,0.0,0.0
2026-04-17 00:00:00+09:00,1998.0,1998.0,1880.0,1903.0,157516,0.0,0.0
2026-04-20 00:00:00+09:00,1904.0,1939.0,1882.0,1901.0,126917,0.0,0.0
2026-04-21 00:00:00+09:00,1921.0,2150.0,1895.0,2045.0,514504,0.0,0.0
2026-04-22 00:00:00+09:00,2045.0,2145.0,1995.0,2070.0,396290,0.0,0.0
2026-04-23 00:00:00+09:00,2070.0,2140.0,1993.0,1996.0,324311,0.0,0.0
2026-04-24 00:00:00+09:00,2050.0,2050.0,1976.0,2015.0,142730,0.0,0.0
2026-04-27 00:00:00+09:00,2020.0,2025.0,1945.0,1959.0,241120,0.0,0.0
2026-04-28 00:00:00+09:00,1965.0,1967.0,1892.0,1935.0,183889,0.0,0.0
2026-04-29 00:00:00+09:00,1934.0,1934.0,1868.0,1879.0,226231,0.0,0.0
2026-04-30 00:00:00+09:00,1881.0,1911.0,1855.0,1860.0,108824,0.0,0.0
2026-05-04 00:00:00+09:00,1860.0,1900.0,1801.0,1810.0,256585,0.0,0.0
2026-05-06 00:00:00+09:00,1811.0,1919.0,1769.0,1880.0,188307,0.0,0.0
2026-05-07 00:00:00+09:00,1880.0,1880.0,1769.0,1773.0,432622,0.0,0.0
2026-05-08 00:00:00+09:00,1776.0,1989.0,1775.0,1898.0,607220,0.0,0.0
2026-05-11 00:00:00+09:00,1900.0,1980.0,1812.0,1832.0,206387,0.0,0.0
2026-05-12 00:00:00+09:00,1817.0,1900.0,1754.0,1761.0,176489,0.0,0.0
2026-05-13 00:00:00+09:00,1761.0,1800.0,1700.0,1708.0,157812,0.0,0.0
2026-05-14 00:00:00+09:00,1744.0,1770.0,1700.0,1725.0,69411,0.0,0.0
2026-05-15 00:00:00+09:00,1880.0,1880.0,1731.0,1762.0,293638,0.0,0.0
2026-05-18 00:00:00+09:00,1850.0,1851.0,1692.0,1706.0,222454,0.0,0.0
2026-05-19 00:00:00+09:00,1710.0,1715.0,1639.0,1675.0,182164,0.0,0.0
2026-05-20 00:00:00+09:00,1675.0,1725.0,1620.0,1651.0,114315,0.0,0.0
2026-05-21 00:00:00+09:00,1654.0,1773.0,1654.0,1700.0,109725,0.0,0.0
2026-05-22 00:00:00+09:00,1750.0,1766.0,1691.0,1757.0,99788,0.0,0.0
2026-05-26 00:00:00+09:00,1760.0,1847.0,1694.0,1804.0,170982,0.0,0.0
2026-05-27 00:00:00+09:00,1815.0,1817.0,1656.0,1684.0,138695,0.0,0.0
2026-05-28 00:00:00+09:00,1750.0,1790.0,1660.0,1684.0,130757,0.0,0.0
2026-05-29 00:00:00+09:00,1723.0,1723.0,1602.0,1607.0,169410,0.0,0.0
