Date,Open,High,Low,Close,Volume,Dividends,Stock Splits
2020-09-23 00:00:00-04:00,15.119999885559082,16.75,14.09000015258789,14.25,12759300,0.0,0.0
2020-09-24 00:00:00-04:00,14.180000305175781,15.640000343322754,14.104999542236328,15.579999923706055,2554900,0.0,0.0
2020-09-25 00:00:00-04:00,15.829999923706055,18.329999923706055,15.765999794006348,17.25,4579800,0.0,0.0
2020-09-28 00:00:00-04:00,17.450000762939453,18.600000381469727,17.450000762939453,18.469999313354492,1289900,0.0,0.0
2020-09-29 00:00:00-04:00,18.8799991607666,20.09000015258789,18.600000381469727,18.780000686645508,2071000,0.0,0.0
2020-09-30 00:00:00-04:00,19.579999923706055,21.190000534057617,19.579999923706055,20.100000381469727,2182600,0.0,0.0
2020-10-01 00:00:00-04:00,21.75,22.5,20.700000762939453,20.950000762939453,2580600,0.0,0.0
2020-10-02 00:00:00-04:00,21.0,21.393999099731445,19.40999984741211,20.899999618530273,1801300,0.0,0.0
2020-10-05 00:00:00-04:00,21.34000015258789,21.5,19.799999237060547,20.030000686645508,1076400,0.0,0.0
2020-10-06 00:00:00-04:00,20.979999542236328,21.1200008392334,18.0,18.290000915527344,2242900,0.0,0.0
2020-10-07 00:00:00-04:00,18.65999984741211,19.399999618530273,18.420000076293945,19.110000610351562,1206000,0.0,0.0
2020-10-08 00:00:00-04:00,19.489999771118164,19.59000015258789,18.25,18.3700008392334,902000,0.0,0.0
2020-10-09 00:00:00-04:00,18.850000381469727,19.270000457763672,18.0,18.110000610351562,862300,0.0,0.0
2020-10-12 00:00:00-04:00,18.209999084472656,19.5,18.200000762939453,18.56999969482422,1196500,0.0,0.0
2020-10-13 00:00:00-04:00,18.59000015258789,19.8700008392334,18.510000228881836,18.559999465942383,1760500,0.0,0.0
2020-10-14 00:00:00-04:00,18.600000381469727,19.389999389648438,18.350000381469727,18.790000915527344,1203300,0.0,0.0
2020-10-15 00:00:00-04:00,18.329999923706055,19.34000015258789,18.309999465942383,18.40999984741211,992600,0.0,0.0
2020-10-16 00:00:00-04:00,18.59000015258789,19.829999923706055,18.59000015258789,19.200000762939453,1611300,0.0,0.0
2020-10-19 00:00:00-04:00,20.68000030517578,21.270000457763672,19.600000381469727,20.059999465942383,4007000,0.0,0.0
2020-10-20 00:00:00-04:00,22.56999969482422,23.940000534057617,21.90999984741211,22.969999313354492,9009900,0.0,0.0
2020-10-21 00:00:00-04:00,25.450000762939453,26.14699935913086,24.15999984741211,24.639999389648438,4177000,0.0,0.0
2020-10-22 00:00:00-04:00,25.906999588012695,26.43000030517578,23.959999084472656,24.020000457763672,3446400,0.0,0.0
2020-10-23 00:00:00-04:00,24.459999084472656,25.479999542236328,24.309999465942383,24.670000076293945,2201900,0.0,0.0
2020-10-26 00:00:00-04:00,24.670000076293945,25.350000381469727,24.1299991607666,24.479999542236328,1942900,0.0,0.0
2020-10-27 00:00:00-04:00,26.219999313354492,26.448999404907227,25.110000610351562,25.790000915527344,2524500,0.0,0.0
2020-10-28 00:00:00-04:00,25.790000915527344,26.600000381469727,24.790000915527344,25.079999923706055,3035700,0.0,0.0
2020-10-29 00:00:00-04:00,25.200000762939453,25.75,24.3799991607666,24.799999237060547,1660100,0.0,0.0
2020-10-30 00:00:00-04:00,24.799999237060547,25.139999389648438,22.389999389648438,24.040000915527344,2507000,0.0,0.0
2020-11-02 00:00:00-05:00,23.780000686645508,24.600000381469727,22.420000076293945,22.969999313354492,1691300,0.0,0.0
2020-11-03 00:00:00-05:00,24.709999084472656,25.5,24.100000381469727,24.989999771118164,3147300,0.0,0.0
2020-11-04 00:00:00-05:00,25.100000381469727,27.43000030517578,25.100000381469727,26.579999923706055,3828400,0.0,0.0
2020-11-05 00:00:00-05:00,27.5,28.739999771118164,26.22599983215332,27.780000686645508,2018900,0.0,0.0
2020-11-06 00:00:00-05:00,27.469999313354492,27.969999313354492,26.579999923706055,27.079999923706055,1318600,0.0,0.0
2020-11-09 00:00:00-05:00,27.829999923706055,28.0,24.899999618530273,26.31999969482422,2186300,0.0,0.0
2020-11-10 00:00:00-05:00,26.65999984741211,28.25,23.59000015258789,27.989999771118164,3161600,0.0,0.0
2020-11-11 00:00:00-05:00,27.989999771118164,29.5,27.84000015258789,29.139999389648438,1953800,0.0,0.0
2020-11-12 00:00:00-05:00,28.709999084472656,29.09000015258789,27.530000686645508,28.350000381469727,1261500,0.0,0.0
2020-11-13 00:00:00-05:00,28.15999984741211,29.360000610351562,27.68000030517578,29.18000030517578,1219800,0.0,0.0
2020-11-16 00:00:00-05:00,29.149999618530273,31.200000762939453,28.799999237060547,30.260000228881836,2294200,0.0,0.0
2020-11-17 00:00:00-05:00,30.389999389648438,32.79999923706055,30.045000076293945,32.099998474121094,1868000,0.0,0.0
2020-11-18 00:00:00-05:00,32.70000076293945,36.869998931884766,32.54999923706055,35.09000015258789,3065500,0.0,0.0
2020-11-19 00:00:00-05:00,35.48500061035156,38.97999954223633,35.33000183105469,37.900001525878906,3674600,0.0,0.0
2020-11-20 00:00:00-05:00,37.650001525878906,40.900001525878906,37.59000015258789,40.33000183105469,2788000,0.0,0.0
2020-11-23 00:00:00-05:00,41.0,45.689998626708984,41.0,45.31999969482422,3546300,0.0,0.0
2020-11-24 00:00:00-05:00,46.27000045776367,51.369998931884766,46.150001525878906,51.2599983215332,3999600,0.0,0.0
2020-11-25 00:00:00-05:00,49.41999816894531,50.18000030517578,41.54999923706055,42.79999923706055,8352400,0.0,0.0
2020-11-27 00:00:00-05:00,43.40999984741211,44.70000076293945,38.5,38.77000045776367,5483600,0.0,0.0
2020-11-30 00:00:00-05:00,40.09000015258789,40.439998626708984,34.58000183105469,37.97999954223633,8156600,0.0,0.0
2020-12-01 00:00:00-05:00,38.61000061035156,42.650001525878906,38.599998474121094,40.22999954223633,5407400,0.0,0.0
2020-12-02 00:00:00-05:00,36.84000015258789,37.400001525878906,33.33000183105469,34.599998474121094,7975700,0.0,0.0
2020-12-03 00:00:00-05:00,34.90999984741211,36.97999954223633,34.290000915527344,36.29999923706055,3375000,0.0,0.0
2020-12-04 00:00:00-05:00,36.09000015258789,36.25,34.209999084472656,35.68000030517578,3080800,0.0,0.0
2020-12-07 00:00:00-05:00,35.619998931884766,38.380001068115234,35.619998931884766,37.66999816894531,2589200,0.0,0.0
2020-12-08 00:00:00-05:00,37.77000045776367,39.279998779296875,36.5,37.099998474121094,2487100,0.0,0.0
2020-12-09 00:00:00-05:00,37.2760009765625,38.18000030517578,34.40999984741211,35.5,2548200,0.0,0.0
2020-12-10 00:00:00-05:00,34.04999923706055,35.400001525878906,33.70100021362305,34.869998931884766,1523600,0.0,0.0
2020-12-11 00:00:00-05:00,34.5099983215332,34.79999923706055,32.599998474121094,33.2599983215332,2082000,0.0,0.0
2020-12-14 00:00:00-05:00,34.150001525878906,36.290000915527344,34.09000015258789,35.90999984741211,2452700,0.0,0.0
2020-12-15 00:00:00-05:00,36.7400016784668,36.75,34.84000015258789,35.15999984741211,1571900,0.0,0.0
2020-12-16 00:00:00-05:00,35.27899932861328,37.470001220703125,35.09000015258789,37.470001220703125,2367800,0.0,0.0
2020-12-17 00:00:00-05:00,37.63999938964844,39.869998931884766,37.209999084472656,39.7599983215332,3161500,0.0,0.0
2020-12-18 00:00:00-05:00,39.79999923706055,40.439998626708984,37.869998931884766,38.70000076293945,5324900,0.0,0.0
2020-12-21 00:00:00-05:00,37.55500030517578,41.84000015258789,37.55500030517578,41.599998474121094,3834400,0.0,0.0
2020-12-22 00:00:00-05:00,42.380001068115234,44.04899978637695,38.75,40.95000076293945,4373000,0.0,0.0
2020-12-23 00:00:00-05:00,41.0,41.70000076293945,38.5,38.83000183105469,2180500,0.0,0.0
2020-12-24 00:00:00-05:00,39.20000076293945,39.2400016784668,36.11000061035156,36.349998474121094,1810700,0.0,0.0
2020-12-28 00:00:00-05:00,37.9900016784668,40.400001525878906,37.209999084472656,38.959999084472656,3740100,0.0,0.0
2020-12-29 00:00:00-05:00,39.52000045776367,39.529998779296875,35.5099983215332,35.52000045776367,3808700,0.0,0.0
2020-12-30 00:00:00-05:00,36.060001373291016,37.150001525878906,35.189998626708984,36.88999938964844,1742300,0.0,0.0
2020-12-31 00:00:00-05:00,36.86000061035156,37.70000076293945,35.86000061035156,36.220001220703125,1259300,0.0,0.0
2021-01-04 00:00:00-05:00,37.0,37.0,33.75,34.75,2041600,0.0,0.0
2021-01-05 00:00:00-05:00,34.20000076293945,36.349998474121094,34.20000076293945,35.900001525878906,1422600,0.0,0.0
2021-01-06 00:00:00-05:00,36.08000183105469,38.79999923706055,35.130001068115234,37.88999938964844,3230500,0.0,0.0
2021-01-07 00:00:00-05:00,38.59000015258789,40.0,37.72999954223633,39.43000030517578,1851300,0.0,0.0
2021-01-08 00:00:00-05:00,39.54999923706055,40.40999984741211,37.20500183105469,38.310001373291016,1866600,0.0,0.0
2021-01-11 00:00:00-05:00,38.0,42.20000076293945,37.209999084472656,39.189998626708984,3475400,0.0,0.0
2021-01-12 00:00:00-05:00,40.25,42.41999816894531,38.709999084472656,41.9900016784668,2842600,0.0,0.0
2021-01-13 00:00:00-05:00,42.060001373291016,44.599998474121094,41.06999969482422,42.20000076293945,3073400,0.0,0.0
2021-01-14 00:00:00-05:00,42.37799835205078,43.279998779296875,40.06800079345703,40.29999923706055,1991800,0.0,0.0
2021-01-15 00:00:00-05:00,39.619998931884766,40.20000076293945,37.255001068115234,38.130001068115234,2496600,0.0,0.0
2021-01-19 00:00:00-05:00,39.189998626708984,39.5,36.400001525878906,37.72999954223633,2641900,0.0,0.0
2021-01-20 00:00:00-05:00,37.08000183105469,37.38999938964844,35.25,36.0,3819900,0.0,0.0
2021-01-21 00:00:00-05:00,36.68000030517578,36.900001525878906,35.5,36.72999954223633,3443200,0.0,0.0
2021-01-22 00:00:00-05:00,35.29999923706055,38.900001525878906,35.29999923706055,38.380001068115234,10203300,0.0,0.0
2021-01-25 00:00:00-05:00,40.9900016784668,41.9900016784668,35.5099983215332,39.2599983215332,7863000,0.0,0.0
2021-01-26 00:00:00-05:00,40.400001525878906,40.900001525878906,38.09000015258789,38.43000030517578,4770900,0.0,0.0
2021-01-27 00:00:00-05:00,37.16999816894531,49.599998474121094,36.36000061035156,40.9900016784668,14549800,0.0,0.0
2021-01-28 00:00:00-05:00,42.0,42.95000076293945,37.0099983215332,38.18000030517578,5962300,0.0,0.0
2021-01-29 00:00:00-05:00,38.310001373291016,40.44599914550781,36.65999984741211,37.779998779296875,3552500,0.0,0.0
2021-02-01 00:00:00-05:00,38.81800079345703,39.70000076293945,36.04999923706055,37.27000045776367,3920200,0.0,0.0
2021-02-02 00:00:00-05:00,38.20000076293945,39.263999938964844,37.119998931884766,38.290000915527344,3476800,0.0,0.0
2021-02-03 00:00:00-05:00,39.380001068115234,43.29999923706055,39.349998474121094,42.84000015258789,5463200,0.0,0.0
2021-02-04 00:00:00-05:00,44.1870002746582,46.70000076293945,43.709999084472656,44.97999954223633,4119400,0.0,0.0
2021-02-05 00:00:00-05:00,45.9900016784668,46.15999984741211,42.58000183105469,45.22999954223633,3058900,0.0,0.0
2021-02-08 00:00:00-05:00,46.54999923706055,48.29999923706055,45.0,45.9900016784668,4384400,0.0,0.0
2021-02-09 00:00:00-05:00,47.0,48.290000915527344,41.2400016784668,44.70000076293945,7721500,0.0,0.0
2021-02-10 00:00:00-05:00,43.099998474121094,44.5,41.70000076293945,42.67499923706055,3689400,0.0,0.0
2021-02-11 00:00:00-05:00,42.52000045776367,42.74800109863281,40.18000030517578,42.25,3144800,0.0,0.0
2021-02-12 00:00:00-05:00,42.5,44.36000061035156,42.222999572753906,43.04999923706055,2901900,0.0,0.0
2021-02-16 00:00:00-05:00,43.68000030517578,44.25,39.5,40.040000915527344,3946300,0.0,0.0
2021-02-17 00:00:00-05:00,40.04999923706055,40.88999938964844,38.5,40.529998779296875,2239700,0.0,0.0
2021-02-18 00:00:00-05:00,39.029998779296875,39.95000076293945,37.599998474121094,38.470001220703125,2354200,0.0,0.0
2021-02-19 00:00:00-05:00,39.029998779296875,39.75,38.16999816894531,39.02000045776367,2835600,0.0,0.0
2021-02-22 00:00:00-05:00,40.0,42.150001525878906,38.810001373291016,40.709999084472656,4025200,0.0,0.0
2021-02-23 00:00:00-05:00,38.189998626708984,38.625,33.11000061035156,38.349998474121094,4221400,0.0,0.0
2021-02-24 00:00:00-05:00,37.959999084472656,39.70000076293945,37.874000549316406,38.65999984741211,1667400,0.0,0.0
2021-02-25 00:00:00-05:00,38.0,38.97999954223633,35.150001525878906,36.310001373291016,2609300,0.0,0.0
2021-02-26 00:00:00-05:00,36.5,37.558998107910156,34.70000076293945,35.84000015258789,1858600,0.0,0.0
2021-03-01 00:00:00-05:00,36.79999923706055,37.650001525878906,36.2400016784668,36.95000076293945,1396700,0.0,0.0
2021-03-02 00:00:00-05:00,37.09000015258789,37.400001525878906,35.36000061035156,35.45000076293945,1565200,0.0,0.0
2021-03-03 00:00:00-05:00,35.722999572753906,36.0,33.689998626708984,34.40999984741211,1725000,0.0,0.0
2021-03-04 00:00:00-05:00,34.099998474121094,34.5099983215332,31.1200008392334,32.70000076293945,3552600,0.0,0.0
2021-03-05 00:00:00-05:00,32.59000015258789,32.59000015258789,28.510000228881836,31.84000015258789,3618100,0.0,0.0
2021-03-08 00:00:00-05:00,31.790000915527344,33.87900161743164,31.420000076293945,31.829999923706055,2239100,0.0,0.0
2021-03-09 00:00:00-05:00,33.16299819946289,33.880001068115234,32.439998626708984,33.599998474121094,1303100,0.0,0.0
2021-03-10 00:00:00-05:00,34.7599983215332,34.90999984741211,32.2599983215332,33.13999938964844,1775200,0.0,0.0
2021-03-11 00:00:00-05:00,34.130001068115234,34.25,33.2599983215332,33.86000061035156,1275200,0.0,0.0
2021-03-12 00:00:00-05:00,33.084999084472656,34.150001525878906,32.36000061035156,34.08000183105469,1337500,0.0,0.0
2021-03-15 00:00:00-04:00,34.099998474121094,34.45000076293945,33.31999969482422,34.45000076293945,1490700,0.0,0.0
2021-03-16 00:00:00-04:00,34.4900016784668,35.560001373291016,33.36000061035156,34.18000030517578,1585900,0.0,0.0
2021-03-17 00:00:00-04:00,33.20000076293945,34.5099983215332,32.650001525878906,34.25,953700,0.0,0.0
2021-03-18 00:00:00-04:00,33.41999816894531,33.93000030517578,31.68000030517578,31.959999084472656,1642100,0.0,0.0
2021-03-19 00:00:00-04:00,32.209999084472656,33.40999984741211,31.549999237060547,32.400001525878906,1441200,0.0,0.0
2021-03-22 00:00:00-04:00,32.902000427246094,33.31999969482422,32.058998107910156,32.290000915527344,1138500,0.0,0.0
2021-03-23 00:00:00-04:00,32.3650016784668,32.49599838256836,31.31999969482422,31.479999542236328,1185200,0.0,0.0
2021-03-24 00:00:00-04:00,32.119998931884766,32.768001556396484,30.709999084472656,30.799999237060547,1297600,0.0,0.0
2021-03-25 00:00:00-04:00,29.600000381469727,33.29999923706055,29.510000228881836,32.959999084472656,2182400,0.0,0.0
2021-03-26 00:00:00-04:00,32.849998474121094,32.880001068115234,31.139999389648438,31.969999313354492,1233300,0.0,0.0
2021-03-29 00:00:00-04:00,31.75,32.619998931884766,31.209999084472656,32.099998474121094,1406000,0.0,0.0
2021-03-30 00:00:00-04:00,32.0,33.369998931884766,31.31999969482422,33.2599983215332,1425300,0.0,0.0
2021-03-31 00:00:00-04:00,33.459999084472656,34.18000030517578,32.709999084472656,33.290000915527344,1088200,0.0,0.0
2021-04-01 00:00:00-04:00,33.77000045776367,34.9900016784668,33.560001373291016,33.869998931884766,1442300,0.0,0.0
2021-04-05 00:00:00-04:00,34.5,34.805999755859375,33.59000015258789,34.22999954223633,781500,0.0,0.0
2021-04-06 00:00:00-04:00,34.369998931884766,35.86000061035156,34.26100158691406,34.65999984741211,907300,0.0,0.0
2021-04-07 00:00:00-04:00,34.5,35.27000045776367,34.0,34.58000183105469,636200,0.0,0.0
2021-04-08 00:00:00-04:00,34.58000183105469,34.900001525878906,33.599998474121094,34.43000030517578,588500,0.0,0.0
2021-04-09 00:00:00-04:00,34.099998474121094,34.34000015258789,33.209999084472656,33.52000045776367,828200,0.0,0.0
2021-04-12 00:00:00-04:00,33.709999084472656,34.060001373291016,33.029998779296875,33.66999816894531,657100,0.0,0.0
2021-04-13 00:00:00-04:00,33.380001068115234,33.97999954223633,33.36000061035156,33.709999084472656,745200,0.0,0.0
2021-04-14 00:00:00-04:00,33.54999923706055,34.779998779296875,33.5099983215332,33.93000030517578,802600,0.0,0.0
2021-04-15 00:00:00-04:00,34.16999816894531,34.38999938964844,33.38999938964844,34.15999984741211,939700,0.0,0.0
2021-04-16 00:00:00-04:00,34.060001373291016,34.150001525878906,32.52000045776367,32.599998474121094,950100,0.0,0.0
2021-04-19 00:00:00-04:00,32.459999084472656,33.33000183105469,31.989999771118164,32.16999816894531,994700,0.0,0.0
2021-04-20 00:00:00-04:00,31.799999237060547,32.70500183105469,31.316999435424805,32.41999816894531,862400,0.0,0.0
2021-04-21 00:00:00-04:00,31.790000915527344,33.15999984741211,31.5,32.86000061035156,520700,0.0,0.0
2021-04-22 00:00:00-04:00,33.349998474121094,34.0,32.810001373291016,33.0099983215332,625000,0.0,0.0
2021-04-23 00:00:00-04:00,33.22999954223633,33.92900085449219,32.59000015258789,33.4900016784668,453300,0.0,0.0
2021-04-26 00:00:00-04:00,33.70000076293945,34.2599983215332,33.137001037597656,33.869998931884766,510400,0.0,0.0
2021-04-27 00:00:00-04:00,33.86000061035156,34.43000030517578,33.56999969482422,33.86000061035156,432500,0.0,0.0
2021-04-28 00:00:00-04:00,34.380001068115234,34.380001068115234,32.619998931884766,33.529998779296875,787900,0.0,0.0
2021-04-29 00:00:00-04:00,33.83000183105469,34.349998474121094,32.72999954223633,34.279998779296875,785400,0.0,0.0
2021-04-30 00:00:00-04:00,33.70000076293945,34.25,32.900001525878906,33.18000030517578,941200,0.0,0.0
2021-05-03 00:00:00-04:00,33.400001525878906,33.689998626708984,32.75,33.439998626708984,1556600,0.0,0.0
2021-05-04 00:00:00-04:00,33.880001068115234,34.0,31.299999237060547,32.59000015258789,3439000,0.0,0.0
2021-05-05 00:00:00-04:00,33.54999923706055,36.13999938964844,32.68000030517578,34.005001068115234,3132500,0.0,0.0
2021-05-06 00:00:00-04:00,33.06999969482422,33.720001220703125,31.989999771118164,32.779998779296875,1617500,0.0,0.0
2021-05-07 00:00:00-04:00,32.90999984741211,34.0,32.529998779296875,33.689998626708984,1474300,0.0,0.0
2021-05-10 00:00:00-04:00,33.5,33.59000015258789,31.420000076293945,31.450000762939453,1493400,0.0,0.0
2021-05-11 00:00:00-04:00,29.920000076293945,32.29999923706055,29.600000381469727,32.06999969482422,1721300,0.0,0.0
2021-05-12 00:00:00-04:00,31.479999542236328,32.38999938964844,31.190000534057617,31.389999389648438,805300,0.0,0.0
2021-05-13 00:00:00-04:00,31.239999771118164,31.850000381469727,30.06999969482422,30.709999084472656,1131800,0.0,0.0
2021-05-14 00:00:00-04:00,31.179000854492188,31.829999923706055,30.719999313354492,31.56999969482422,1079000,0.0,0.0
2021-05-17 00:00:00-04:00,31.399999618530273,32.36000061035156,31.051000595092773,32.290000915527344,865500,0.0,0.0
2021-05-18 00:00:00-04:00,32.4900016784668,33.22999954223633,31.989999771118164,32.060001373291016,842700,0.0,0.0
2021-05-19 00:00:00-04:00,31.3700008392334,32.18000030517578,31.25,31.889999389648438,533800,0.0,0.0
2021-05-20 00:00:00-04:00,32.150001525878906,32.5099983215332,31.780000686645508,31.93000030517578,641300,0.0,0.0
2021-05-21 00:00:00-04:00,32.242000579833984,32.41999816894531,31.549999237060547,31.6299991607666,547900,0.0,0.0
2021-05-24 00:00:00-04:00,31.700000762939453,32.0,30.850000381469727,31.239999771118164,2331900,0.0,0.0
2021-05-25 00:00:00-04:00,31.690000534057617,31.989999771118164,31.184999465942383,31.600000381469727,1283800,0.0,0.0
2021-05-26 00:00:00-04:00,31.68000030517578,32.69499969482422,31.6200008392334,32.349998474121094,1786000,0.0,0.0
2021-05-27 00:00:00-04:00,32.5,33.25,32.06999969482422,32.38999938964844,1579700,0.0,0.0
2021-05-28 00:00:00-04:00,32.54999923706055,32.70000076293945,31.100000381469727,31.219999313354492,1214800,0.0,0.0
2021-06-01 00:00:00-04:00,31.760000228881836,32.77000045776367,31.649999618530273,32.220001220703125,1006400,0.0,0.0
2021-06-02 00:00:00-04:00,32.47999954223633,34.31999969482422,31.959999084472656,34.22999954223633,1911300,0.0,0.0
2021-06-03 00:00:00-04:00,33.70000076293945,35.029998779296875,33.599998474121094,34.0,2085000,0.0,0.0
2021-06-04 00:00:00-04:00,32.39500045776367,32.39500045776367,31.520000457763672,31.860000610351562,4828200,0.0,0.0
2021-06-07 00:00:00-04:00,32.0,32.25,31.440000534057617,31.799999237060547,1980000,0.0,0.0
2021-06-08 00:00:00-04:00,31.985000610351562,32.099998474121094,31.309999465942383,31.829999923706055,1839200,0.0,0.0
2021-06-09 00:00:00-04:00,31.860000610351562,32.5099983215332,31.56999969482422,31.68000030517578,1776500,0.0,0.0
2021-06-10 00:00:00-04:00,31.799999237060547,32.0099983215332,30.889999389648438,31.329999923706055,1602400,0.0,0.0
2021-06-11 00:00:00-04:00,31.520000457763672,32.630001068115234,31.139999389648438,32.36000061035156,2225500,0.0,0.0
2021-06-14 00:00:00-04:00,40.70000076293945,42.970001220703125,35.650001525878906,36.0,65483400,0.0,0.0
2021-06-15 00:00:00-04:00,36.4900016784668,37.779998779296875,34.65999984741211,35.83000183105469,15037900,0.0,0.0
2021-06-16 00:00:00-04:00,34.56800079345703,34.86000061035156,32.7599983215332,33.36000061035156,7460800,0.0,0.0
2021-06-17 00:00:00-04:00,33.0,34.21900177001953,32.79999923706055,33.060001373291016,4408900,0.0,0.0
2021-06-18 00:00:00-04:00,32.869998931884766,33.25,31.523000717163086,31.93000030517578,3968700,0.0,0.0
2021-06-21 00:00:00-04:00,32.029998779296875,32.25,31.350000381469727,31.90999984741211,2672000,0.0,0.0
2021-06-22 00:00:00-04:00,31.6299991607666,32.45000076293945,31.409000396728516,31.790000915527344,3165400,0.0,0.0
2021-06-23 00:00:00-04:00,32.0,32.959999084472656,31.889999389648438,32.52000045776367,2641700,0.0,0.0
2021-06-24 00:00:00-04:00,32.650001525878906,32.93000030517578,32.209999084472656,32.47999954223633,1352300,0.0,0.0
2021-06-25 00:00:00-04:00,32.54800033569336,34.367000579833984,32.53499984741211,33.869998931884766,3969400,0.0,0.0
2021-06-28 00:00:00-04:00,34.0,34.13999938964844,33.0,33.349998474121094,1774100,0.0,0.0
2021-06-29 00:00:00-04:00,33.5,33.779998779296875,32.93000030517578,33.2599983215332,1416100,0.0,0.0
2021-06-30 00:00:00-04:00,33.04999923706055,33.43000030517578,32.52000045776367,33.290000915527344,1366800,0.0,0.0
2021-07-01 00:00:00-04:00,33.220001220703125,33.4900016784668,32.564998626708984,32.810001373291016,1463400,0.0,0.0
2021-07-02 00:00:00-04:00,32.7599983215332,32.9900016784668,31.8799991607666,32.06999969482422,1504500,0.0,0.0
2021-07-06 00:00:00-04:00,32.29999923706055,32.63999938964844,31.829999923706055,32.029998779296875,1636200,0.0,0.0
2021-07-07 00:00:00-04:00,32.029998779296875,32.18000030517578,31.110000610351562,31.739999771118164,1662500,0.0,0.0
2021-07-08 00:00:00-04:00,31.010000228881836,31.610000610351562,30.690000534057617,31.15999984741211,1670600,0.0,0.0
2021-07-09 00:00:00-04:00,31.200000762939453,31.899999618530273,30.850000381469727,31.729999542236328,953800,0.0,0.0
2021-07-12 00:00:00-04:00,31.969999313354492,32.029998779296875,31.200000762939453,31.700000762939453,895100,0.0,0.0
2021-07-13 00:00:00-04:00,31.399999618530273,31.6200008392334,30.809999465942383,30.860000610351562,1061600,0.0,0.0
2021-07-14 00:00:00-04:00,31.0,31.149999618530273,30.18000030517578,30.3700008392334,1288900,0.0,0.0
2021-07-15 00:00:00-04:00,30.3799991607666,30.600000381469727,29.540000915527344,30.270000457763672,2094800,0.0,0.0
2021-07-16 00:00:00-04:00,30.770000457763672,30.989999771118164,29.09000015258789,29.329999923706055,2350300,0.0,0.0
2021-07-19 00:00:00-04:00,28.75,29.44499969482422,28.378000259399414,28.600000381469727,2538400,0.0,0.0
2021-07-20 00:00:00-04:00,28.93000030517578,29.989999771118164,28.479999542236328,29.65999984741211,1767000,0.0,0.0
2021-07-21 00:00:00-04:00,30.25,30.989999771118164,29.68000030517578,30.209999084472656,1656300,0.0,0.0
2021-07-22 00:00:00-04:00,30.200000762939453,30.333999633789062,29.360000610351562,29.6200008392334,1340400,0.0,0.0
2021-07-23 00:00:00-04:00,29.739999771118164,29.899999618530273,29.030000686645508,29.520000457763672,1108800,0.0,0.0
2021-07-26 00:00:00-04:00,29.618000030517578,30.0,29.3799991607666,29.75,1254000,0.0,0.0
2021-07-27 00:00:00-04:00,29.559999465942383,29.6200008392334,28.518999099731445,29.1299991607666,2325600,0.0,0.0
2021-07-28 00:00:00-04:00,29.329999923706055,29.559999465942383,29.040000915527344,29.299999237060547,1053900,0.0,0.0
2021-07-29 00:00:00-04:00,29.709999084472656,29.899999618530273,29.190000534057617,29.350000381469727,1063700,0.0,0.0
2021-07-30 00:00:00-04:00,29.010000228881836,29.43000030517578,28.719999313354492,29.190000534057617,1868700,0.0,0.0
2021-08-02 00:00:00-04:00,29.510000228881836,30.290000915527344,28.809999465942383,28.979999542236328,2996600,0.0,0.0
2021-08-03 00:00:00-04:00,26.989999771118164,28.09000015258789,26.15999984741211,27.1299991607666,8738500,0.0,0.0
2021-08-04 00:00:00-04:00,26.829999923706055,27.899999618530273,26.440000534057617,27.399999618530273,4433400,0.0,0.0
2021-08-05 00:00:00-04:00,27.299999237060547,29.049999237060547,27.1299991607666,28.329999923706055,2368400,0.0,0.0
2021-08-06 00:00:00-04:00,28.18000030517578,28.68000030517578,28.059999465942383,28.079999923706055,1218800,0.0,0.0
2021-08-09 00:00:00-04:00,28.030000686645508,28.43000030517578,27.790000915527344,28.299999237060547,1173600,0.0,0.0
2021-08-10 00:00:00-04:00,28.65999984741211,28.65999984741211,28.110000610351562,28.1299991607666,826300,0.0,0.0
2021-08-11 00:00:00-04:00,28.149999618530273,28.420000076293945,27.520000457763672,27.940000534057617,1709300,0.0,0.0
2021-08-12 00:00:00-04:00,27.81999969482422,27.81999969482422,27.079999923706055,27.639999389648438,1442700,0.0,0.0
2021-08-13 00:00:00-04:00,27.600000381469727,27.610000610351562,26.68000030517578,26.829999923706055,1574000,0.0,0.0
2021-08-16 00:00:00-04:00,26.84000015258789,26.969999313354492,26.270000457763672,26.829999923706055,1301900,0.0,0.0
2021-08-17 00:00:00-04:00,26.56999969482422,26.93000030517578,26.040000915527344,26.809999465942383,1610500,0.0,0.0
2021-08-18 00:00:00-04:00,26.690000534057617,26.90999984741211,26.1299991607666,26.280000686645508,1289800,0.0,0.0
2021-08-19 00:00:00-04:00,25.920000076293945,26.239999771118164,25.040000915527344,25.610000610351562,2405400,0.0,0.0
2021-08-20 00:00:00-04:00,25.65999984741211,26.729999542236328,25.65999984741211,25.950000762939453,1792400,0.0,0.0
2021-08-23 00:00:00-04:00,26.350000381469727,26.424999237060547,25.899999618530273,26.149999618530273,1567200,0.0,0.0
2021-08-24 00:00:00-04:00,26.309999465942383,27.350000381469727,25.975000381469727,27.270000457763672,1954200,0.0,0.0
2021-08-25 00:00:00-04:00,27.149999618530273,27.530000686645508,26.950000762939453,27.309999465942383,1155600,0.0,0.0
2021-08-26 00:00:00-04:00,27.309999465942383,27.809999465942383,26.920000076293945,27.059999465942383,1276400,0.0,0.0
2021-08-27 00:00:00-04:00,27.170000076293945,27.739999771118164,27.058000564575195,27.540000915527344,755300,0.0,0.0
2021-08-30 00:00:00-04:00,27.790000915527344,28.829999923706055,26.809999465942383,28.309999465942383,4553200,0.0,0.0
2021-08-31 00:00:00-04:00,29.709999084472656,30.770000457763672,28.489999771118164,28.950000762939453,7781700,0.0,0.0
2021-09-01 00:00:00-04:00,30.054000854492188,30.06999969482422,28.280000686645508,28.329999923706055,2480900,0.0,0.0
2021-09-02 00:00:00-04:00,28.360000610351562,29.149999618530273,28.05500030517578,28.829999923706055,1296800,0.0,0.0
2021-09-03 00:00:00-04:00,28.920000076293945,29.12299919128418,28.479999542236328,28.65999984741211,894900,0.0,0.0
2021-09-07 00:00:00-04:00,28.65999984741211,29.81800079345703,28.65999984741211,29.030000686645508,2069500,0.0,0.0
2021-09-08 00:00:00-04:00,28.940000534057617,29.0,27.864999771118164,28.780000686645508,1232400,0.0,0.0
2021-09-09 00:00:00-04:00,28.5,29.50200080871582,28.420000076293945,29.09000015258789,1346700,0.0,0.0
2021-09-10 00:00:00-04:00,29.010000228881836,29.940000534057617,28.93000030517578,29.309999465942383,2020100,0.0,0.0
2021-09-13 00:00:00-04:00,29.18000030517578,29.399999618530273,28.030000686645508,29.200000762939453,1281100,0.0,0.0
2021-09-14 00:00:00-04:00,29.200000762939453,29.969999313354492,29.1200008392334,29.3700008392334,1386200,0.0,0.0
2021-09-15 00:00:00-04:00,29.084999084472656,29.729999542236328,28.739999771118164,29.530000686645508,1266800,0.0,0.0
2021-09-16 00:00:00-04:00,29.450000762939453,29.764999389648438,29.260000228881836,29.479999542236328,1081000,0.0,0.0
2021-09-17 00:00:00-04:00,29.25,29.799999237060547,28.950000762939453,28.959999084472656,1823300,0.0,0.0
2021-09-20 00:00:00-04:00,28.3799991607666,28.950000762939453,27.360000610351562,27.530000686645508,1986800,0.0,0.0
2021-09-21 00:00:00-04:00,27.6299991607666,27.850000381469727,26.93000030517578,26.979999542236328,1418200,0.0,0.0
2021-09-22 00:00:00-04:00,27.06999969482422,27.354999542236328,26.950000762939453,27.020000457763672,1034800,0.0,0.0
2021-09-23 00:00:00-04:00,27.030000686645508,28.020000457763672,27.030000686645508,27.8700008392334,1084200,0.0,0.0
2021-09-24 00:00:00-04:00,27.600000381469727,28.270000457763672,27.510000228881836,28.040000915527344,1135500,0.0,0.0
2021-09-27 00:00:00-04:00,27.860000610351562,28.264999389648438,27.809999465942383,27.93000030517578,860800,0.0,0.0
2021-09-28 00:00:00-04:00,27.59000015258789,27.719999313354492,26.59000015258789,26.639999389648438,1666200,0.0,0.0
2021-09-29 00:00:00-04:00,26.780000686645508,26.93899917602539,26.219999313354492,26.399999618530273,726600,0.0,0.0
2021-09-30 00:00:00-04:00,26.399999618530273,26.613000869750977,25.6200008392334,25.93000030517578,2256600,0.0,0.0
2021-10-01 00:00:00-04:00,26.040000915527344,26.610000610351562,25.809999465942383,26.40999984741211,959300,0.0,0.0
2021-10-04 00:00:00-04:00,26.18000030517578,26.209999084472656,25.540000915527344,25.6299991607666,833500,0.0,0.0
2021-10-05 00:00:00-04:00,25.649999618530273,26.06999969482422,25.420000076293945,25.770000457763672,621300,0.0,0.0
2021-10-06 00:00:00-04:00,25.510000228881836,25.59000015258789,25.1299991607666,25.360000610351562,1103800,0.0,0.0
2021-10-07 00:00:00-04:00,25.420000076293945,26.239999771118164,25.299999237060547,26.1299991607666,1003500,0.0,0.0
2021-10-08 00:00:00-04:00,26.790000915527344,26.844999313354492,25.639999389648438,25.68000030517578,997100,0.0,0.0
2021-10-11 00:00:00-04:00,25.700000762939453,26.219999313354492,25.639999389648438,25.68000030517578,759800,0.0,0.0
2021-10-12 00:00:00-04:00,25.68000030517578,26.270000457763672,25.639999389648438,26.219999313354492,589700,0.0,0.0
2021-10-13 00:00:00-04:00,26.200000762939453,26.540000915527344,26.020000457763672,26.34000015258789,876400,0.0,0.0
2021-10-14 00:00:00-04:00,26.673999786376953,27.110000610351562,26.40999984741211,26.979999542236328,1168900,0.0,0.0
2021-10-15 00:00:00-04:00,25.309999465942383,25.479000091552734,24.261999130249023,24.790000915527344,7039600,0.0,0.0
2021-10-18 00:00:00-04:00,24.899999618530273,25.10099983215332,24.25,24.81999969482422,2093600,0.0,0.0
2021-10-19 00:00:00-04:00,25.0,25.260000228881836,24.62299919128418,25.149999618530273,1693500,0.0,0.0
2021-10-20 00:00:00-04:00,25.0,25.770000457763672,25.0,25.459999084472656,1196200,0.0,0.0
2021-10-21 00:00:00-04:00,25.43000030517578,25.639999389648438,25.020000457763672,25.239999771118164,904900,0.0,0.0
2021-10-22 00:00:00-04:00,25.030000686645508,25.18000030517578,24.520000457763672,24.8799991607666,1120000,0.0,0.0
2021-10-25 00:00:00-04:00,24.899999618530273,25.469999313354492,24.719999313354492,25.329999923706055,1191900,0.0,0.0
2021-10-26 00:00:00-04:00,25.149999618530273,25.204999923706055,24.3700008392334,24.40999984741211,1541200,0.0,0.0
2021-10-27 00:00:00-04:00,24.450000762939453,24.889999389648438,23.809999465942383,24.290000915527344,1389100,0.0,0.0
2021-10-28 00:00:00-04:00,24.329999923706055,24.739999771118164,24.09000015258789,24.739999771118164,731600,0.0,0.0
2021-10-29 00:00:00-04:00,24.479999542236328,24.8700008392334,24.43000030517578,24.450000762939453,748800,0.0,0.0
2021-11-01 00:00:00-04:00,24.40999984741211,25.31999969482422,24.360000610351562,24.84000015258789,1346800,0.0,0.0
2021-11-02 00:00:00-04:00,25.0,26.75,24.510000228881836,25.079999923706055,1905400,0.0,0.0
2021-11-03 00:00:00-04:00,25.020000457763672,26.3700008392334,24.969999313354492,26.25,1754500,0.0,0.0
2021-11-04 00:00:00-04:00,26.600000381469727,26.729999542236328,26.100000381469727,26.530000686645508,968700,0.0,0.0
2021-11-05 00:00:00-04:00,26.3700008392334,26.719999313354492,25.8799991607666,26.149999618530273,841000,0.0,0.0
2021-11-08 00:00:00-05:00,26.239999771118164,26.450000762939453,25.770000457763672,25.850000381469727,781100,0.0,0.0
2021-11-09 00:00:00-05:00,25.850000381469727,25.850000381469727,25.059999465942383,25.559999465942383,720900,0.0,0.0
2021-11-10 00:00:00-05:00,25.299999237060547,25.989999771118164,25.020000457763672,25.459999084472656,829000,0.0,0.0
2021-11-11 00:00:00-05:00,25.399999618530273,26.969999313354492,25.31999969482422,25.950000762939453,2039800,0.0,0.0
2021-11-12 00:00:00-05:00,25.920000076293945,26.610000610351562,25.510000228881836,26.530000686645508,969600,0.0,0.0
2021-11-15 00:00:00-05:00,26.5,26.600000381469727,25.959999084472656,26.31999969482422,742500,0.0,0.0
2021-11-16 00:00:00-05:00,26.299999237060547,26.700000762939453,25.729999542236328,26.40999984741211,993100,0.0,0.0
2021-11-17 00:00:00-05:00,26.200000762939453,26.420000076293945,25.709999084472656,25.770000457763672,709200,0.0,0.0
2021-11-18 00:00:00-05:00,25.649999618530273,25.799999237060547,24.280000686645508,24.979999542236328,1452800,0.0,0.0
2021-11-19 00:00:00-05:00,24.719999313354492,24.979999542236328,24.40999984741211,24.579999923706055,1902700,0.0,0.0
2021-11-22 00:00:00-05:00,24.610000610351562,24.658000946044922,23.1299991607666,23.8700008392334,1556100,0.0,0.0
2021-11-23 00:00:00-05:00,23.8799991607666,23.989999771118164,23.100000381469727,23.3700008392334,1002400,0.0,0.0
2021-11-24 00:00:00-05:00,23.15999984741211,23.795000076293945,22.809999465942383,23.40999984741211,1018300,0.0,0.0
2021-11-26 00:00:00-05:00,22.899999618530273,23.285999298095703,22.700000762939453,23.010000228881836,698200,0.0,0.0
2021-11-29 00:00:00-05:00,23.170000076293945,23.25,22.360000610351562,22.639999389648438,852100,0.0,0.0
2021-11-30 00:00:00-05:00,22.31100082397461,23.100000381469727,21.860000610351562,22.399999618530273,1276900,0.0,0.0
2021-12-01 00:00:00-05:00,22.709999084472656,22.790000915527344,21.18000030517578,21.34000015258789,1336500,0.0,0.0
2021-12-02 00:00:00-05:00,21.190000534057617,22.030000686645508,21.020000457763672,21.780000686645508,1193500,0.0,0.0
2021-12-03 00:00:00-05:00,21.760000228881836,21.93000030517578,20.760000228881836,21.030000686645508,1294800,0.0,0.0
2021-12-06 00:00:00-05:00,20.899999618530273,21.540000915527344,20.270000457763672,21.110000610351562,967400,0.0,0.0
2021-12-07 00:00:00-05:00,21.530000686645508,22.0,21.3700008392334,21.440000534057617,810700,0.0,0.0
2021-12-08 00:00:00-05:00,21.59000015258789,22.3700008392334,21.405000686645508,21.989999771118164,1033400,0.0,0.0
2021-12-09 00:00:00-05:00,21.989999771118164,22.3700008392334,21.06999969482422,21.25,1011500,0.0,0.0
2021-12-10 00:00:00-05:00,21.34000015258789,21.549999237060547,20.739999771118164,21.170000076293945,760900,0.0,0.0
2021-12-13 00:00:00-05:00,20.920000076293945,21.21500015258789,20.219999313354492,20.530000686645508,998800,0.0,0.0
2021-12-14 00:00:00-05:00,20.260000228881836,20.700000762939453,20.100000381469727,20.5,776600,0.0,0.0
2021-12-15 00:00:00-05:00,20.3700008392334,21.809999465942383,20.049999237060547,21.65999984741211,1967100,0.0,0.0
2021-12-16 00:00:00-05:00,21.760000228881836,21.8799991607666,21.139999389648438,21.68000030517578,1886800,0.0,0.0
2021-12-17 00:00:00-05:00,21.559999465942383,22.18000030517578,21.09000015258789,21.920000076293945,1075000,0.0,0.0
2021-12-20 00:00:00-05:00,21.375,21.5,20.799999237060547,21.149999618530273,801100,0.0,0.0
2021-12-21 00:00:00-05:00,21.399999618530273,21.969999313354492,21.389999389648438,21.559999465942383,750600,0.0,0.0
2021-12-22 00:00:00-05:00,21.760000228881836,22.316999435424805,21.489999771118164,22.209999084472656,971300,0.0,0.0
2021-12-23 00:00:00-05:00,22.09000015258789,22.690000534057617,21.920000076293945,22.3799991607666,693700,0.0,0.0
2021-12-27 00:00:00-05:00,22.56999969482422,22.601999282836914,21.959999084472656,22.100000381469727,794300,0.0,0.0
2021-12-28 00:00:00-05:00,21.959999084472656,22.350000381469727,21.56999969482422,21.6200008392334,726100,0.0,0.0
2021-12-29 00:00:00-05:00,21.600000381469727,21.760000228881836,21.052000045776367,21.1299991607666,941100,0.0,0.0
2021-12-30 00:00:00-05:00,21.1299991607666,22.0,21.079999923706055,21.639999389648438,1085200,0.0,0.0
2021-12-31 00:00:00-05:00,21.549999237060547,21.889999389648438,20.940000534057617,21.010000228881836,1103200,0.0,0.0
2022-01-03 00:00:00-05:00,21.1299991607666,22.06999969482422,21.049999237060547,21.989999771118164,751500,0.0,0.0
2022-01-04 00:00:00-05:00,22.200000762939453,22.260000228881836,21.275999069213867,21.459999084472656,540200,0.0,0.0
2022-01-05 00:00:00-05:00,21.3799991607666,21.799999237060547,20.81999969482422,20.93000030517578,678100,0.0,0.0
2022-01-06 00:00:00-05:00,21.040000915527344,21.190000534057617,20.176000595092773,20.31999969482422,1090000,0.0,0.0
2022-01-07 00:00:00-05:00,20.389999389648438,21.09000015258789,20.34000015258789,20.770000457763672,568000,0.0,0.0
2022-01-10 00:00:00-05:00,20.399999618530273,20.65999984741211,19.739999771118164,20.31999969482422,1367200,0.0,0.0
2022-01-11 00:00:00-05:00,20.31999969482422,20.899999618530273,20.209999084472656,20.729999542236328,547100,0.0,0.0
2022-01-12 00:00:00-05:00,20.8799991607666,21.059999465942383,20.219999313354492,20.56999969482422,737200,0.0,0.0
2022-01-13 00:00:00-05:00,20.760000228881836,21.0,20.350000381469727,20.600000381469727,908800,0.0,0.0
2022-01-14 00:00:00-05:00,20.273000717163086,20.780000686645508,20.079999923706055,20.719999313354492,834200,0.0,0.0
2022-01-18 00:00:00-05:00,20.360000610351562,20.729999542236328,20.020000457763672,20.190000534057617,1033800,0.0,0.0
2022-01-19 00:00:00-05:00,20.190000534057617,20.969999313354492,20.139999389648438,20.3700008392334,2110900,0.0,0.0
2022-01-20 00:00:00-05:00,20.709999084472656,22.079999923706055,20.55500030517578,20.959999084472656,1508600,0.0,0.0
2022-01-21 00:00:00-05:00,20.788000106811523,21.32900047302246,20.3700008392334,20.579999923706055,2317600,0.0,0.0
2022-01-24 00:00:00-05:00,19.6299991607666,19.829999923706055,17.68000030517578,19.1299991607666,5562500,0.0,0.0
2022-01-25 00:00:00-05:00,18.93000030517578,19.93000030517578,18.770000457763672,19.3799991607666,1164700,0.0,0.0
2022-01-26 00:00:00-05:00,19.9689998626709,19.9689998626709,18.719999313354492,18.860000610351562,970900,0.0,0.0
2022-01-27 00:00:00-05:00,19.200000762939453,19.260000228881836,18.302000045776367,18.440000534057617,880700,0.0,0.0
2022-01-28 00:00:00-05:00,18.18000030517578,18.469999313354492,17.860000610351562,18.469999313354492,733900,0.0,0.0
2022-01-31 00:00:00-05:00,18.610000610351562,19.600000381469727,18.530000686645508,19.540000915527344,701900,0.0,0.0
2022-02-01 00:00:00-05:00,19.540000915527344,20.349000930786133,19.170000076293945,20.190000534057617,911700,0.0,0.0
2022-02-02 00:00:00-05:00,20.18000030517578,20.190000534057617,19.650999069213867,19.719999313354492,1293400,0.0,0.0
2022-02-03 00:00:00-05:00,19.190000534057617,19.510000228881836,18.530000686645508,18.649999618530273,973400,0.0,0.0
2022-02-04 00:00:00-05:00,18.690000534057617,19.249000549316406,18.399999618530273,19.139999389648438,606800,0.0,0.0
2022-02-07 00:00:00-05:00,19.270000457763672,19.540000915527344,19.06999969482422,19.290000915527344,795100,0.0,0.0
2022-02-08 00:00:00-05:00,19.389999389648438,20.600000381469727,19.360000610351562,20.420000076293945,1861400,0.0,0.0
2022-02-09 00:00:00-05:00,19.950000762939453,21.510000228881836,18.889999389648438,21.299999237060547,3105300,0.0,0.0
2022-02-10 00:00:00-05:00,20.600000381469727,22.1299991607666,20.540000915527344,21.280000686645508,1511800,0.0,0.0
2022-02-11 00:00:00-05:00,21.299999237060547,21.860000610351562,20.649999618530273,20.950000762939453,974100,0.0,0.0
2022-02-14 00:00:00-05:00,20.739999771118164,21.299999237060547,20.649999618530273,20.719999313354492,656600,0.0,0.0
2022-02-15 00:00:00-05:00,20.920000076293945,21.639999389648438,20.850000381469727,21.530000686645508,1042000,0.0,0.0
2022-02-16 00:00:00-05:00,23.74799919128418,23.979999542236328,22.989999771118164,23.610000610351562,7364200,0.0,0.0
2022-02-17 00:00:00-05:00,23.170000076293945,23.354999542236328,22.56999969482422,22.860000610351562,9833200,0.0,0.0
2022-02-18 00:00:00-05:00,22.530000686645508,22.93000030517578,22.014999389648438,22.6299991607666,1790600,0.0,0.0
2022-02-22 00:00:00-05:00,22.094999313354492,23.06999969482422,22.010000228881836,22.549999237060547,2509000,0.0,0.0
2022-02-23 00:00:00-05:00,22.75,23.149999618530273,21.700000762939453,21.889999389648438,791900,0.0,0.0
2022-02-24 00:00:00-05:00,20.399999618530273,22.790000915527344,20.350000381469727,22.6200008392334,1374400,0.0,0.0
2022-02-25 00:00:00-05:00,22.6299991607666,22.979999542236328,22.110000610351562,22.8700008392334,949500,0.0,0.0
2022-02-28 00:00:00-05:00,22.739999771118164,23.770000457763672,22.684999465942383,23.079999923706055,1034800,0.0,0.0
2022-03-01 00:00:00-05:00,22.780000686645508,23.2450008392334,22.399999618530273,22.579999923706055,846800,0.0,0.0
2022-03-02 00:00:00-05:00,22.329999923706055,23.360000610351562,22.30500030517578,23.190000534057617,801400,0.0,0.0
2022-03-03 00:00:00-05:00,23.260000228881836,23.40999984741211,22.3799991607666,23.350000381469727,1035500,0.0,0.0
2022-03-04 00:00:00-05:00,23.049999237060547,23.18000030517578,21.59000015258789,21.729999542236328,651900,0.0,0.0
2022-03-07 00:00:00-05:00,21.809999465942383,23.1299991607666,21.73200035095215,21.940000534057617,1818000,0.0,0.0
2022-03-08 00:00:00-05:00,21.75,21.829999923706055,20.940000534057617,21.020000457763672,1072500,0.0,0.0
2022-03-09 00:00:00-05:00,21.290000915527344,21.579999923706055,21.0,21.229999542236328,697800,0.0,0.0
2022-03-10 00:00:00-05:00,20.84000015258789,21.059999465942383,20.200000762939453,20.540000915527344,614500,0.0,0.0
2022-03-11 00:00:00-05:00,20.540000915527344,20.65999984741211,18.899999618530273,18.899999618530273,802700,0.0,0.0
2022-03-14 00:00:00-04:00,18.850000381469727,18.940000534057617,17.670000076293945,17.790000915527344,1233600,0.0,0.0
2022-03-15 00:00:00-04:00,17.770000457763672,18.3700008392334,17.450000762939453,18.34000015258789,1184700,0.0,0.0
2022-03-16 00:00:00-04:00,18.639999389648438,20.43000030517578,18.600000381469727,20.3799991607666,1994400,0.0,0.0
2022-03-17 00:00:00-04:00,20.100000381469727,20.809999465942383,20.030000686645508,20.6299991607666,606700,0.0,0.0
2022-03-18 00:00:00-04:00,20.459999084472656,21.239999771118164,20.459999084472656,21.100000381469727,1101400,0.0,0.0
2022-03-21 00:00:00-04:00,21.209999084472656,21.260000228881836,20.1299991607666,20.469999313354492,539400,0.0,0.0
2022-03-22 00:00:00-04:00,20.540000915527344,21.39299964904785,20.540000915527344,21.0,506600,0.0,0.0
2022-03-23 00:00:00-04:00,20.670000076293945,21.31999969482422,20.6200008392334,20.8799991607666,457600,0.0,0.0
2022-03-24 00:00:00-04:00,21.030000686645508,21.299999237060547,20.600000381469727,21.1299991607666,364300,0.0,0.0
2022-03-25 00:00:00-04:00,21.15999984741211,21.208999633789062,20.360000610351562,20.639999389648438,449200,0.0,0.0
2022-03-28 00:00:00-04:00,20.729999542236328,21.249000549316406,20.368999481201172,21.200000762939453,550600,0.0,0.0
2022-03-29 00:00:00-04:00,21.31999969482422,22.219999313354492,21.31999969482422,22.219999313354492,609300,0.0,0.0
2022-03-30 00:00:00-04:00,22.059999465942383,22.90999984741211,22.0,22.1299991607666,836100,0.0,0.0
2022-03-31 00:00:00-04:00,21.940000534057617,22.09000015258789,21.149999618530273,21.15999984741211,576900,0.0,0.0
2022-04-01 00:00:00-04:00,21.170000076293945,21.68000030517578,20.739999771118164,21.059999465942383,369400,0.0,0.0
2022-04-04 00:00:00-04:00,21.079999923706055,22.190000534057617,21.079999923706055,22.15999984741211,597100,0.0,0.0
2022-04-05 00:00:00-04:00,21.829999923706055,22.155000686645508,21.3700008392334,21.43000030517578,509300,0.0,0.0
2022-04-06 00:00:00-04:00,20.860000610351562,21.459999084472656,20.600000381469727,21.200000762939453,537500,0.0,0.0
2022-04-07 00:00:00-04:00,21.229999542236328,21.3799991607666,20.290000915527344,20.780000686645508,560600,0.0,0.0
2022-04-08 00:00:00-04:00,20.5,20.959999084472656,20.299999237060547,20.3700008392334,307200,0.0,0.0
2022-04-11 00:00:00-04:00,20.020000457763672,20.889999389648438,20.010000228881836,20.559999465942383,485400,0.0,0.0
2022-04-12 00:00:00-04:00,20.760000228881836,21.18000030517578,20.149999618530273,20.239999771118164,475600,0.0,0.0
2022-04-13 00:00:00-04:00,20.290000915527344,20.579999923706055,19.93000030517578,20.309999465942383,616900,0.0,0.0
2022-04-14 00:00:00-04:00,20.260000228881836,20.415000915527344,19.579999923706055,19.579999923706055,359100,0.0,0.0
2022-04-18 00:00:00-04:00,19.639999389648438,19.829999923706055,19.18000030517578,19.6299991607666,478400,0.0,0.0
2022-04-19 00:00:00-04:00,19.600000381469727,20.3799991607666,19.5049991607666,19.65999984741211,621500,0.0,0.0
2022-04-20 00:00:00-04:00,19.614999771118164,19.760000228881836,19.121000289916992,19.34000015258789,428900,0.0,0.0
2022-04-21 00:00:00-04:00,19.489999771118164,19.670000076293945,18.170000076293945,18.31999969482422,839200,0.0,0.0
2022-04-22 00:00:00-04:00,15.862000465393066,17.260000228881836,15.710000038146973,16.149999618530273,2599500,0.0,0.0
2022-04-25 00:00:00-04:00,15.899999618530273,16.209999084472656,15.6899995803833,16.09000015258789,1205900,0.0,0.0
2022-04-26 00:00:00-04:00,15.920000076293945,16.1200008392334,15.289999961853027,15.390000343322754,1127000,0.0,0.0
2022-04-27 00:00:00-04:00,15.34000015258789,15.59000015258789,15.029999732971191,15.109999656677246,766100,0.0,0.0
2022-04-28 00:00:00-04:00,15.229999542236328,15.680000305175781,14.62600040435791,15.34000015258789,884500,0.0,0.0
2022-04-29 00:00:00-04:00,15.329999923706055,15.930000305175781,15.050000190734863,15.130000114440918,973700,0.0,0.0
2022-05-02 00:00:00-04:00,14.890000343322754,15.569999694824219,14.739999771118164,15.569999694824219,675800,0.0,0.0
2022-05-03 00:00:00-04:00,15.600000381469727,16.940000534057617,15.390000343322754,16.260000228881836,1377400,0.0,0.0
2022-05-04 00:00:00-04:00,16.18000030517578,16.780000686645508,15.871000289916992,16.709999084472656,818000,0.0,0.0
2022-05-05 00:00:00-04:00,16.420000076293945,16.459999084472656,15.199999809265137,15.539999961853027,1642400,0.0,0.0
2022-05-06 00:00:00-04:00,14.319999694824219,16.219999313354492,14.119999885559082,15.649999618530273,1867600,0.0,0.0
2022-05-09 00:00:00-04:00,14.859999656677246,16.270000457763672,14.845000267028809,15.619999885559082,2613300,0.0,0.0
2022-05-10 00:00:00-04:00,15.880000114440918,16.190000534057617,14.859999656677246,15.0,1240100,0.0,0.0
2022-05-11 00:00:00-04:00,14.670000076293945,15.109999656677246,13.84000015258789,13.899999618530273,1275500,0.0,0.0
2022-05-12 00:00:00-04:00,13.319999694824219,14.609999656677246,13.039999961853027,14.039999961853027,1840000,0.0,0.0
2022-05-13 00:00:00-04:00,14.5,15.479999542236328,14.5,15.300000190734863,829300,0.0,0.0
2022-05-16 00:00:00-04:00,15.619999885559082,16.464000701904297,15.420000076293945,15.800000190734863,860700,0.0,0.0
2022-05-17 00:00:00-04:00,16.110000610351562,16.450000762939453,15.677000045776367,16.0,603800,0.0,0.0
2022-05-18 00:00:00-04:00,15.720000267028809,15.925000190734863,15.079999923706055,15.25,524100,0.0,0.0
2022-05-19 00:00:00-04:00,15.1899995803833,15.619999885559082,15.020000457763672,15.140000343322754,651200,0.0,0.0
2022-05-20 00:00:00-04:00,15.4399995803833,15.449999809265137,14.270000457763672,15.010000228881836,722100,0.0,0.0
2022-05-23 00:00:00-04:00,15.170000076293945,15.1899995803833,14.520000457763672,15.010000228881836,498200,0.0,0.0
2022-05-24 00:00:00-04:00,14.800000190734863,14.800000190734863,13.880000114440918,14.4399995803833,846600,0.0,0.0
2022-05-25 00:00:00-04:00,14.34000015258789,15.300000190734863,14.265000343322754,15.140000343322754,689700,0.0,0.0
2022-05-26 00:00:00-04:00,15.09000015258789,15.925000190734863,15.039999961853027,15.65999984741211,461900,0.0,0.0
2022-05-27 00:00:00-04:00,15.84000015258789,16.329999923706055,15.720000267028809,16.31999969482422,637200,0.0,0.0
2022-05-31 00:00:00-04:00,16.25,16.309999465942383,15.789999961853027,16.049999237060547,566700,0.0,0.0
2022-06-01 00:00:00-04:00,16.25,16.43000030517578,15.380000114440918,15.829999923706055,527700,0.0,0.0
2022-06-02 00:00:00-04:00,15.75,16.600000381469727,15.741000175476074,16.5,458000,0.0,0.0
2022-06-03 00:00:00-04:00,16.149999618530273,16.309999465942383,15.859999656677246,16.139999389648438,376700,0.0,0.0
2022-06-06 00:00:00-04:00,16.440000534057617,16.700000762939453,16.094999313354492,16.280000686645508,408300,0.0,0.0
2022-06-07 00:00:00-04:00,16.079999923706055,16.5,15.930000305175781,16.399999618530273,329100,0.0,0.0
2022-06-08 00:00:00-04:00,16.290000915527344,16.709999084472656,16.1299991607666,16.520000457763672,604200,0.0,0.0
2022-06-09 00:00:00-04:00,16.40999984741211,16.549999237060547,15.960000038146973,15.989999771118164,507700,0.0,0.0
2022-06-10 00:00:00-04:00,15.699999809265137,15.859999656677246,15.100000381469727,15.130000114440918,649400,0.0,0.0
2022-06-13 00:00:00-04:00,14.460000038146973,14.949999809265137,13.704999923706055,14.119999885559082,813000,0.0,0.0
2022-06-14 00:00:00-04:00,14.114999771118164,14.229999542236328,13.770000457763672,13.979999542236328,822600,0.0,0.0
2022-06-15 00:00:00-04:00,13.930000305175781,14.59000015258789,13.899999618530273,14.319999694824219,643400,0.0,0.0
2022-06-16 00:00:00-04:00,13.760000228881836,14.0600004196167,13.399999618530273,13.609999656677246,898800,0.0,0.0
2022-06-17 00:00:00-04:00,13.670000076293945,13.989999771118164,13.619999885559082,13.84000015258789,770700,0.0,0.0
2022-06-21 00:00:00-04:00,14.085000038146973,14.5,13.729999542236328,13.819999694824219,503200,0.0,0.0
2022-06-22 00:00:00-04:00,13.569999694824219,14.020000457763672,13.569999694824219,13.800000190734863,465600,0.0,0.0
2022-06-23 00:00:00-04:00,13.869999885559082,14.390000343322754,13.859999656677246,14.359999656677246,494300,0.0,0.0
2022-06-24 00:00:00-04:00,14.5,15.204999923706055,14.5,14.850000381469727,2083900,0.0,0.0
2022-06-27 00:00:00-04:00,14.920000076293945,15.020000457763672,14.489999771118164,14.550000190734863,499400,0.0,0.0
2022-06-28 00:00:00-04:00,14.579999923706055,14.729999542236328,13.609999656677246,13.699999809265137,548500,0.0,0.0
2022-06-29 00:00:00-04:00,13.600000381469727,13.649999618530273,13.319999694824219,13.520000457763672,646800,0.0,0.0
2022-06-30 00:00:00-04:00,13.279999732971191,13.329999923706055,12.914999961853027,13.130000114440918,691700,0.0,0.0
2022-07-01 00:00:00-04:00,13.0,13.319999694824219,12.9399995803833,13.210000038146973,587100,0.0,0.0
2022-07-05 00:00:00-04:00,12.979999542236328,13.140000343322754,12.539999961853027,13.119999885559082,527100,0.0,0.0
2022-07-06 00:00:00-04:00,13.010000228881836,13.260000228881836,12.710000038146973,12.819999694824219,424000,0.0,0.0
2022-07-07 00:00:00-04:00,12.890000343322754,13.539999961853027,12.8100004196167,13.460000038146973,633500,0.0,0.0
2022-07-08 00:00:00-04:00,13.319999694824219,13.729999542236328,13.109999656677246,13.529999732971191,337700,0.0,0.0
2022-07-11 00:00:00-04:00,13.399999618530273,13.430000305175781,12.829000473022461,12.960000038146973,387000,0.0,0.0
2022-07-12 00:00:00-04:00,12.960000038146973,13.170000076293945,12.744999885559082,12.880000114440918,293500,0.0,0.0
2022-07-13 00:00:00-04:00,12.600000381469727,12.979999542236328,12.569999694824219,12.90999984741211,308400,0.0,0.0
2022-07-14 00:00:00-04:00,12.779999732971191,12.890000343322754,12.229999542236328,12.430000305175781,658600,0.0,0.0
2022-07-15 00:00:00-04:00,12.699999809265137,12.869999885559082,12.470000267028809,12.65999984741211,576100,0.0,0.0
2022-07-18 00:00:00-04:00,12.949999809265137,13.229999542236328,12.5649995803833,12.630000114440918,448100,0.0,0.0
2022-07-19 00:00:00-04:00,12.779999732971191,13.3100004196167,12.779999732971191,13.1899995803833,765300,0.0,0.0
2022-07-20 00:00:00-04:00,13.220000267028809,14.220000267028809,13.1899995803833,14.079999923706055,726900,0.0,0.0
2022-07-21 00:00:00-04:00,14.029999732971191,14.479999542236328,13.970000267028809,14.479999542236328,508000,0.0,0.0
2022-07-22 00:00:00-04:00,13.770000457763672,14.800000190734863,13.489999771118164,13.850000381469727,1007200,0.0,0.0
2022-07-25 00:00:00-04:00,13.640000343322754,13.890000343322754,13.449999809265137,13.8100004196167,609000,0.0,0.0
2022-07-26 00:00:00-04:00,13.729999542236328,13.729999542236328,13.3100004196167,13.319999694824219,439800,0.0,0.0
2022-07-27 00:00:00-04:00,13.5,13.699999809265137,13.229999542236328,13.59000015258789,409400,0.0,0.0
2022-07-28 00:00:00-04:00,13.710000038146973,13.937999725341797,13.399999618530273,13.829999923706055,287400,0.0,0.0
2022-07-29 00:00:00-04:00,13.789999961853027,14.130000114440918,13.670000076293945,14.100000381469727,424900,0.0,0.0
2022-08-01 00:00:00-04:00,13.880000114440918,15.079999923706055,13.737000465393066,14.739999771118164,759900,0.0,0.0
2022-08-02 00:00:00-04:00,14.529999732971191,15.25,14.529999732971191,15.220000267028809,541500,0.0,0.0
2022-08-03 00:00:00-04:00,15.300000190734863,15.569999694824219,14.994999885559082,15.5600004196167,489900,0.0,0.0
2022-08-04 00:00:00-04:00,15.640000343322754,15.734999656677246,15.1899995803833,15.479999542236328,608700,0.0,0.0
2022-08-05 00:00:00-04:00,14.9399995803833,16.56999969482422,14.5,16.34000015258789,1550900,0.0,0.0
2022-08-08 00:00:00-04:00,16.329999923706055,17.15999984741211,16.165000915527344,16.700000762939453,1006400,0.0,0.0
2022-08-09 00:00:00-04:00,16.3799991607666,16.6200008392334,15.970000267028809,16.399999618530273,1034800,0.0,0.0
2022-08-10 00:00:00-04:00,16.700000762939453,17.280000686645508,16.530000686645508,17.149999618530273,753000,0.0,0.0
2022-08-11 00:00:00-04:00,17.290000915527344,17.729999542236328,16.799999237060547,16.8700008392334,547500,0.0,0.0
2022-08-12 00:00:00-04:00,16.90999984741211,17.530000686645508,16.719999313354492,17.469999313354492,427900,0.0,0.0
2022-08-15 00:00:00-04:00,17.3700008392334,17.56999969482422,17.010000228881836,17.31999969482422,526600,0.0,0.0
2022-08-16 00:00:00-04:00,17.209999084472656,18.040000915527344,16.899999618530273,17.700000762939453,613100,0.0,0.0
2022-08-17 00:00:00-04:00,17.420000076293945,17.469999313354492,16.65999984741211,16.8700008392334,756800,0.0,0.0
2022-08-18 00:00:00-04:00,16.700000762939453,16.770000457763672,16.399999618530273,16.649999618530273,340700,0.0,0.0
2022-08-19 00:00:00-04:00,16.190000534057617,16.329999923706055,15.699999809265137,15.90999984741211,510600,0.0,0.0
2022-08-22 00:00:00-04:00,15.640000343322754,15.770000457763672,15.289999961853027,15.520000457763672,626300,0.0,0.0
2022-08-23 00:00:00-04:00,15.539999961853027,15.819999694824219,15.35099983215332,15.579999923706055,280500,0.0,0.0
2022-08-24 00:00:00-04:00,15.539999961853027,16.229999542236328,15.489999771118164,16.0,283000,0.0,0.0
2022-08-25 00:00:00-04:00,16.170000076293945,17.09000015258789,16.170000076293945,17.09000015258789,688600,0.0,0.0
2022-08-26 00:00:00-04:00,17.049999237060547,17.049999237060547,15.725000381469727,15.84000015258789,737300,0.0,0.0
2022-08-29 00:00:00-04:00,15.489999771118164,15.930000305175781,15.420000076293945,15.449999809265137,413600,0.0,0.0
2022-08-30 00:00:00-04:00,15.520000457763672,15.630000114440918,15.145000457763672,15.300000190734863,377700,0.0,0.0
2022-08-31 00:00:00-04:00,15.300000190734863,15.479999542236328,15.140000343322754,15.390000343322754,615400,0.0,0.0
2022-09-01 00:00:00-04:00,15.140000343322754,15.260000228881836,13.960000038146973,14.680000305175781,620000,0.0,0.0
2022-09-02 00:00:00-04:00,14.880000114440918,14.880000114440918,13.920000076293945,14.069999694824219,501600,0.0,0.0
2022-09-06 00:00:00-04:00,14.119999885559082,14.119999885559082,13.420000076293945,13.65999984741211,703900,0.0,0.0
2022-09-07 00:00:00-04:00,13.65999984741211,14.239999771118164,13.609999656677246,14.1899995803833,391900,0.0,0.0
2022-09-08 00:00:00-04:00,13.979999542236328,14.5,13.760000228881836,14.489999771118164,528700,0.0,0.0
2022-09-09 00:00:00-04:00,14.819999694824219,15.029999732971191,14.699999809265137,14.880000114440918,425800,0.0,0.0
2022-09-12 00:00:00-04:00,15.0600004196167,15.25,14.899999618530273,15.130000114440918,385700,0.0,0.0
2022-09-13 00:00:00-04:00,14.430000305175781,14.8100004196167,14.015000343322754,14.279999732971191,828700,0.0,0.0
2022-09-14 00:00:00-04:00,14.279999732971191,14.28499984741211,13.901000022888184,14.020000457763672,503500,0.0,0.0
2022-09-15 00:00:00-04:00,13.859999656677246,14.270000457763672,13.800000190734863,13.899999618530273,454500,0.0,0.0
2022-09-16 00:00:00-04:00,13.609999656677246,13.9399995803833,13.460000038146973,13.869999885559082,1732200,0.0,0.0
2022-09-19 00:00:00-04:00,13.600000381469727,13.729999542236328,13.180000305175781,13.380000114440918,488400,0.0,0.0
2022-09-20 00:00:00-04:00,13.229999542236328,13.229999542236328,12.789999961853027,12.829999923706055,479600,0.0,0.0
2022-09-21 00:00:00-04:00,12.789999961853027,13.3100004196167,12.6899995803833,12.770000457763672,616500,0.0,0.0
2022-09-22 00:00:00-04:00,12.699999809265137,12.789999961853027,12.354999542236328,12.40999984741211,528000,0.0,0.0
2022-09-23 00:00:00-04:00,12.25,12.265000343322754,11.5,11.930000305175781,801300,0.0,0.0
2022-09-26 00:00:00-04:00,11.84000015258789,12.300000190734863,11.229999542236328,11.260000228881836,796300,0.0,0.0
2022-09-27 00:00:00-04:00,11.510000228881836,12.069999694824219,11.430000305175781,12.069999694824219,614800,0.0,0.0
2022-09-28 00:00:00-04:00,12.069999694824219,12.760000228881836,11.930000305175781,12.550000190734863,462100,0.0,0.0
2022-09-29 00:00:00-04:00,12.1899995803833,12.210000038146973,11.539999961853027,11.789999961853027,476400,0.0,0.0
2022-09-30 00:00:00-04:00,11.670000076293945,12.09000015258789,11.329999923706055,11.350000381469727,492400,0.0,0.0
2022-10-03 00:00:00-04:00,11.40999984741211,12.220000267028809,11.390000343322754,11.890000343322754,640900,0.0,0.0
2022-10-04 00:00:00-04:00,12.239999771118164,12.859999656677246,12.239999771118164,12.75,553300,0.0,0.0
2022-10-05 00:00:00-04:00,12.420000076293945,13.100000381469727,12.0600004196167,13.050000190734863,514900,0.0,0.0
2022-10-06 00:00:00-04:00,12.890000343322754,13.210000038146973,12.710000038146973,12.90999984741211,286800,0.0,0.0
2022-10-07 00:00:00-04:00,12.619999885559082,12.649999618530273,12.0,12.170000076293945,551300,0.0,0.0
2022-10-10 00:00:00-04:00,12.210000038146973,12.260000228881836,11.520000457763672,11.779999732971191,418200,0.0,0.0
2022-10-11 00:00:00-04:00,11.760000228881836,12.270000457763672,11.470000267028809,11.78499984741211,507600,0.0,0.0
2022-10-12 00:00:00-04:00,11.789999961853027,11.970000267028809,11.399999618530273,11.8100004196167,435400,0.0,0.0
2022-10-13 00:00:00-04:00,11.34000015258789,12.329999923706055,10.960000038146973,12.119999885559082,665800,0.0,0.0
2022-10-14 00:00:00-04:00,12.300000190734863,12.390000343322754,11.430000305175781,11.449999809265137,463700,0.0,0.0
2022-10-17 00:00:00-04:00,11.819999694824219,12.489999771118164,11.819999694824219,12.010000228881836,467200,0.0,0.0
2022-10-18 00:00:00-04:00,12.430000305175781,12.680000305175781,12.010000228881836,12.15999984741211,387400,0.0,0.0
2022-10-19 00:00:00-04:00,11.979999542236328,12.005000114440918,11.5,11.6899995803833,551500,0.0,0.0
2022-10-20 00:00:00-04:00,11.710000038146973,12.180000305175781,11.630000114440918,11.75,330800,0.0,0.0
2022-10-21 00:00:00-04:00,11.789999961853027,12.4399995803833,11.449999809265137,12.399999618530273,475100,0.0,0.0
2022-10-24 00:00:00-04:00,12.460000038146973,12.489999771118164,11.989999771118164,12.4399995803833,552100,0.0,0.0
2022-10-25 00:00:00-04:00,12.5,13.4399995803833,12.390000343322754,13.289999961853027,591100,0.0,0.0
2022-10-26 00:00:00-04:00,13.199999809265137,13.789999961853027,12.604999542236328,13.460000038146973,507400,0.0,0.0
2022-10-27 00:00:00-04:00,13.520000457763672,13.710000038146973,13.039999961853027,13.270000457763672,403800,0.0,0.0
2022-10-28 00:00:00-04:00,13.279999732971191,13.899999618530273,13.029999732971191,13.729999542236328,426200,0.0,0.0
2022-10-31 00:00:00-04:00,13.5600004196167,14.119999885559082,13.40999984741211,13.800000190734863,550000,0.0,0.0
2022-11-01 00:00:00-04:00,14.039999961853027,14.112000465393066,13.40999984741211,13.489999771118164,450600,0.0,0.0
2022-11-02 00:00:00-04:00,13.420000076293945,13.5,12.510000228881836,12.670000076293945,563100,0.0,0.0
2022-11-03 00:00:00-04:00,12.460000038146973,13.020000457763672,12.1899995803833,12.630000114440918,690800,0.0,0.0
2022-11-04 00:00:00-04:00,13.25,15.420000076293945,13.180000305175781,15.0,1639700,0.0,0.0
2022-11-07 00:00:00-05:00,15.029999732971191,16.719999313354492,14.8100004196167,16.5,1338200,0.0,0.0
2022-11-08 00:00:00-05:00,16.5,16.940000534057617,15.760000228881836,16.719999313354492,975500,0.0,0.0
2022-11-09 00:00:00-05:00,16.360000610351562,16.600000381469727,15.710000038146973,15.84000015258789,741500,0.0,0.0
2022-11-10 00:00:00-05:00,17.0,17.64900016784668,16.780000686645508,17.459999084472656,893300,0.0,0.0
2022-11-11 00:00:00-05:00,17.43000030517578,18.190000534057617,17.350000381469727,18.149999618530273,841900,0.0,0.0
2022-11-14 00:00:00-05:00,17.889999389648438,18.610000610351562,17.540000915527344,18.229999542236328,644000,0.0,0.0
2022-11-15 00:00:00-05:00,16.65999984741211,17.440000534057617,16.260000228881836,16.530000686645508,3655600,0.0,0.0
2022-11-16 00:00:00-05:00,16.229999542236328,16.530000686645508,16.020000457763672,16.440000534057617,836700,0.0,0.0
2022-11-17 00:00:00-05:00,16.06999969482422,16.8799991607666,15.994999885559082,16.8700008392334,719600,0.0,0.0
2022-11-18 00:00:00-05:00,17.389999389648438,17.389999389648438,16.809999465942383,17.049999237060547,638600,0.0,0.0
2022-11-21 00:00:00-05:00,16.829999923706055,16.829999923706055,16.049999237060547,16.350000381469727,483700,0.0,0.0
2022-11-22 00:00:00-05:00,16.389999389648438,16.4950008392334,16.0,16.459999084472656,406500,0.0,0.0
2022-11-23 00:00:00-05:00,16.459999084472656,16.9689998626709,16.43000030517578,16.850000381469727,450100,0.0,0.0
2022-11-25 00:00:00-05:00,16.739999771118164,16.969999313354492,16.600000381469727,16.799999237060547,152000,0.0,0.0
2022-11-28 00:00:00-05:00,16.489999771118164,16.600000381469727,16.100000381469727,16.15999984741211,499300,0.0,0.0
2022-11-29 00:00:00-05:00,16.170000076293945,16.510000228881836,15.979999542236328,16.020000457763672,424300,0.0,0.0
2022-11-30 00:00:00-05:00,16.040000915527344,16.93000030517578,15.989999771118164,16.8700008392334,637400,0.0,0.0
2022-12-01 00:00:00-05:00,16.959999084472656,17.399999618530273,16.639999389648438,17.290000915527344,352900,0.0,0.0
2022-12-02 00:00:00-05:00,16.760000228881836,17.700000762939453,16.700000762939453,17.5,400400,0.0,0.0
2022-12-05 00:00:00-05:00,17.270000457763672,17.43000030517578,16.75,16.93000030517578,497100,0.0,0.0
2022-12-06 00:00:00-05:00,16.940000534057617,16.940000534057617,16.110000610351562,16.229999542236328,368600,0.0,0.0
2022-12-07 00:00:00-05:00,15.899999618530273,16.290000915527344,15.336000442504883,15.529999732971191,547100,0.0,0.0
2022-12-08 00:00:00-05:00,15.65999984741211,15.989999771118164,15.289999961853027,15.920000076293945,439300,0.0,0.0
2022-12-09 00:00:00-05:00,15.8100004196167,15.8100004196167,14.970000267028809,15.0,487100,0.0,0.0
2022-12-12 00:00:00-05:00,14.989999771118164,15.4399995803833,14.779999732971191,15.380000114440918,330300,0.0,0.0
2022-12-13 00:00:00-05:00,16.229999542236328,16.489999771118164,15.680000305175781,15.720000267028809,507900,0.0,0.0
2022-12-14 00:00:00-05:00,15.720000267028809,16.104999542236328,15.430000305175781,15.670000076293945,565200,0.0,0.0
2022-12-15 00:00:00-05:00,15.369999885559082,15.489999771118164,15.119999885559082,15.1899995803833,508800,0.0,0.0
2022-12-16 00:00:00-05:00,14.970000267028809,15.3100004196167,14.600000381469727,14.890000343322754,933200,0.0,0.0
2022-12-19 00:00:00-05:00,14.899999618530273,14.920000076293945,14.145000457763672,14.300000190734863,676600,0.0,0.0
2022-12-20 00:00:00-05:00,14.199999809265137,15.140000343322754,14.100000381469727,14.130000114440918,681500,0.0,0.0
2022-12-21 00:00:00-05:00,14.300000190734863,14.460000038146973,14.083000183105469,14.140000343322754,358200,0.0,0.0
2022-12-22 00:00:00-05:00,13.930000305175781,14.010000228881836,13.4399995803833,13.989999771118164,578800,0.0,0.0
2022-12-23 00:00:00-05:00,13.989999771118164,14.039999961853027,13.579999923706055,13.739999771118164,433500,0.0,0.0
2022-12-27 00:00:00-05:00,13.680000305175781,13.800000190734863,13.279999732971191,13.399999618530273,543400,0.0,0.0
2022-12-28 00:00:00-05:00,13.279999732971191,13.369999885559082,12.960000038146973,13.039999961853027,630600,0.0,0.0
2022-12-29 00:00:00-05:00,13.279999732971191,13.725000381469727,13.1899995803833,13.529999732971191,477800,0.0,0.0
2022-12-30 00:00:00-05:00,13.220000267028809,13.670000076293945,13.149999618530273,13.569999694824219,439400,0.0,0.0
2023-01-03 00:00:00-05:00,13.710000038146973,14.130000114440918,13.390000343322754,13.720000267028809,405300,0.0,0.0
2023-01-04 00:00:00-05:00,13.869999885559082,14.5,13.760000228881836,14.270000457763672,413900,0.0,0.0
2023-01-05 00:00:00-05:00,14.149999618530273,14.15999984741211,13.789999961853027,13.970000267028809,268900,0.0,0.0
2023-01-06 00:00:00-05:00,14.15999984741211,14.430000305175781,13.779999732971191,14.329999923706055,349000,0.0,0.0
2023-01-09 00:00:00-05:00,14.520000457763672,14.800000190734863,14.399999618530273,14.609999656677246,249600,0.0,0.0
2023-01-10 00:00:00-05:00,14.539999961853027,14.770000457763672,14.305000305175781,14.760000228881836,320500,0.0,0.0
2023-01-11 00:00:00-05:00,14.859999656677246,15.289999961853027,14.729999542236328,15.029999732971191,432700,0.0,0.0
2023-01-12 00:00:00-05:00,14.800000190734863,14.805000305175781,13.819999694824219,14.59000015258789,715200,0.0,0.0
2023-01-13 00:00:00-05:00,14.380000114440918,14.949999809265137,14.149999618530273,14.890000343322754,316000,0.0,0.0
2023-01-17 00:00:00-05:00,14.829999923706055,14.930000305175781,14.52299976348877,14.739999771118164,293100,0.0,0.0
2023-01-18 00:00:00-05:00,14.949999809265137,15.199999809265137,14.5600004196167,14.699999809265137,297900,0.0,0.0
2023-01-19 00:00:00-05:00,14.539999961853027,14.595000267028809,14.130000114440918,14.149999618530273,363900,0.0,0.0
2023-01-20 00:00:00-05:00,14.3100004196167,14.604999542236328,14.069999694824219,14.40999984741211,433100,0.0,0.0
2023-01-23 00:00:00-05:00,14.4399995803833,15.274999618530273,14.274999618530273,15.210000038146973,642100,0.0,0.0
2023-01-24 00:00:00-05:00,15.020000457763672,15.15999984741211,14.789999961853027,15.140000343322754,289500,0.0,0.0
2023-01-25 00:00:00-05:00,14.890000343322754,15.609999656677246,14.699999809265137,15.539999961853027,397700,0.0,0.0
2023-01-26 00:00:00-05:00,15.569999694824219,15.8100004196167,15.395000457763672,15.800000190734863,377400,0.0,0.0
2023-01-27 00:00:00-05:00,15.680000305175781,16.030000686645508,15.670000076293945,15.779999732971191,375000,0.0,0.0
2023-01-30 00:00:00-05:00,15.550000190734863,15.739999771118164,15.399999618530273,15.529999732971191,239900,0.0,0.0
2023-01-31 00:00:00-05:00,15.569999694824219,15.835000038146973,15.5,15.729999542236328,366000,0.0,0.0
2023-02-01 00:00:00-05:00,15.710000038146973,16.18000030517578,15.329999923706055,16.149999618530273,492400,0.0,0.0
2023-02-02 00:00:00-05:00,16.549999237060547,17.15999984741211,16.389999389648438,16.5,925000,0.0,0.0
2023-02-03 00:00:00-05:00,15.970000267028809,16.510000228881836,15.920000076293945,16.1200008392334,668100,0.0,0.0
2023-02-06 00:00:00-05:00,15.380000114440918,15.868000030517578,15.345000267028809,15.579999923706055,562400,0.0,0.0
2023-02-07 00:00:00-05:00,15.5,15.970000267028809,15.289999961853027,15.899999618530273,475700,0.0,0.0
2023-02-08 00:00:00-05:00,15.829999923706055,15.869999885559082,15.420000076293945,15.510000228881836,333500,0.0,0.0
2023-02-09 00:00:00-05:00,15.720000267028809,15.76099967956543,14.795000076293945,15.119999885559082,805400,0.0,0.0
2023-02-10 00:00:00-05:00,16.75,17.6299991607666,15.699999809265137,16.90999984741211,1707300,0.0,0.0
2023-02-13 00:00:00-05:00,16.8700008392334,17.929000854492188,16.709999084472656,17.709999084472656,935100,0.0,0.0
2023-02-14 00:00:00-05:00,17.469999313354492,18.100000381469727,17.34000015258789,17.950000762939453,753200,0.0,0.0
2023-02-15 00:00:00-05:00,17.790000915527344,18.65999984741211,17.790000915527344,18.610000610351562,826500,0.0,0.0
2023-02-16 00:00:00-05:00,18.309999465942383,18.760000228881836,18.040000915527344,18.229999542236328,658200,0.0,0.0
2023-02-17 00:00:00-05:00,18.110000610351562,18.264999389648438,17.80500030517578,18.25,500900,0.0,0.0
2023-02-21 00:00:00-05:00,17.790000915527344,17.889999389648438,17.110000610351562,17.350000381469727,492800,0.0,0.0
2023-02-22 00:00:00-05:00,17.1299991607666,17.450000762939453,17.1299991607666,17.3799991607666,520800,0.0,0.0
2023-02-23 00:00:00-05:00,17.610000610351562,17.690000534057617,17.149999618530273,17.600000381469727,406600,0.0,0.0
2023-02-24 00:00:00-05:00,17.18000030517578,17.309999465942383,17.0,17.190000534057617,345800,0.0,0.0
2023-02-27 00:00:00-05:00,17.399999618530273,17.459999084472656,17.15999984741211,17.270000457763672,336800,0.0,0.0
2023-02-28 00:00:00-05:00,17.229999542236328,17.729999542236328,17.165000915527344,17.5,459700,0.0,0.0
2023-03-01 00:00:00-05:00,17.329999923706055,17.469999313354492,16.969999313354492,17.360000610351562,338900,0.0,0.0
2023-03-02 00:00:00-05:00,17.15999984741211,17.459999084472656,16.969999313354492,17.389999389648438,303200,0.0,0.0
2023-03-03 00:00:00-05:00,17.450000762939453,17.604999542236328,17.371999740600586,17.440000534057617,322600,0.0,0.0
2023-03-06 00:00:00-05:00,17.489999771118164,17.799999237060547,16.81999969482422,16.940000534057617,406400,0.0,0.0
2023-03-07 00:00:00-05:00,17.030000686645508,17.059999465942383,16.6200008392334,16.649999618530273,277800,0.0,0.0
2023-03-08 00:00:00-05:00,16.670000076293945,16.8700008392334,16.489999771118164,16.8700008392334,234200,0.0,0.0
2023-03-09 00:00:00-05:00,16.8700008392334,17.049999237060547,16.3700008392334,16.440000534057617,310600,0.0,0.0
2023-03-10 00:00:00-05:00,16.34000015258789,16.399999618530273,15.680000305175781,16.31999969482422,668400,0.0,0.0
2023-03-13 00:00:00-04:00,15.90999984741211,16.299999237060547,15.619999885559082,15.960000038146973,445600,0.0,0.0
2023-03-14 00:00:00-04:00,16.3799991607666,16.739999771118164,15.930000305175781,16.139999389648438,463000,0.0,0.0
2023-03-15 00:00:00-04:00,15.739999771118164,16.219999313354492,15.609999656677246,16.209999084472656,354500,0.0,0.0
2023-03-16 00:00:00-04:00,16.030000686645508,16.670000076293945,16.010000228881836,16.559999465942383,376000,0.0,0.0
2023-03-17 00:00:00-04:00,16.40999984741211,16.510000228881836,16.040000915527344,16.3799991607666,803800,0.0,0.0
2023-03-20 00:00:00-04:00,16.360000610351562,16.559999465942383,16.059999465942383,16.530000686645508,329100,0.0,0.0
2023-03-21 00:00:00-04:00,16.760000228881836,16.93000030517578,16.599000930786133,16.829999923706055,315500,0.0,0.0
2023-03-22 00:00:00-04:00,16.940000534057617,17.350000381469727,16.790000915527344,16.790000915527344,346300,0.0,0.0
2023-03-23 00:00:00-04:00,16.90999984741211,17.35099983215332,16.65999984741211,16.920000076293945,329400,0.0,0.0
2023-03-24 00:00:00-04:00,16.709999084472656,17.020000457763672,16.489999771118164,16.920000076293945,327300,0.0,0.0
2023-03-27 00:00:00-04:00,17.020000457763672,17.110000610351562,16.739999771118164,16.799999237060547,293400,0.0,0.0
2023-03-28 00:00:00-04:00,16.770000457763672,17.045000076293945,16.59000015258789,16.969999313354492,291700,0.0,0.0
2023-03-29 00:00:00-04:00,17.200000762939453,17.6299991607666,17.09000015258789,17.56999969482422,321300,0.0,0.0
2023-03-30 00:00:00-04:00,17.799999237060547,17.889999389648438,17.690000534057617,17.850000381469727,252300,0.0,0.0
2023-03-31 00:00:00-04:00,17.920000076293945,18.40999984741211,17.829999923706055,18.350000381469727,494900,0.0,0.0
2023-04-03 00:00:00-04:00,18.229999542236328,18.44499969482422,17.94700050354004,18.40999984741211,294100,0.0,0.0
2023-04-04 00:00:00-04:00,18.40999984741211,18.53499984741211,17.981000900268555,18.229999542236328,341500,0.0,0.0
2023-04-05 00:00:00-04:00,18.09000015258789,18.09000015258789,17.209999084472656,17.450000762939453,398500,0.0,0.0
2023-04-06 00:00:00-04:00,17.260000228881836,17.700000762939453,17.117000579833984,17.670000076293945,227800,0.0,0.0
2023-04-10 00:00:00-04:00,17.520000457763672,17.888999938964844,17.3700008392334,17.780000686645508,239500,0.0,0.0
2023-04-11 00:00:00-04:00,17.81999969482422,18.024999618530273,17.68000030517578,17.84000015258789,212100,0.0,0.0
2023-04-12 00:00:00-04:00,18.010000228881836,18.25,17.530000686645508,17.59000015258789,190400,0.0,0.0
2023-04-13 00:00:00-04:00,17.700000762939453,17.860000610351562,17.53499984741211,17.770000457763672,227700,0.0,0.0
2023-04-14 00:00:00-04:00,17.739999771118164,17.959999084472656,17.479999542236328,17.600000381469727,224800,0.0,0.0
2023-04-17 00:00:00-04:00,17.549999237060547,17.850000381469727,17.41200065612793,17.719999313354492,205400,0.0,0.0
2023-04-18 00:00:00-04:00,17.84000015258789,17.90999984741211,17.56999969482422,17.729999542236328,253000,0.0,0.0
2023-04-19 00:00:00-04:00,17.510000228881836,17.600000381469727,17.40999984741211,17.510000228881836,219200,0.0,0.0
2023-04-20 00:00:00-04:00,17.290000915527344,17.709999084472656,17.135000228881836,17.59000015258789,240600,0.0,0.0
2023-04-21 00:00:00-04:00,17.510000228881836,17.649999618530273,17.209999084472656,17.610000610351562,264500,0.0,0.0
2023-04-24 00:00:00-04:00,17.540000915527344,17.739999771118164,17.485000610351562,17.690000534057617,286900,0.0,0.0
2023-04-25 00:00:00-04:00,17.510000228881836,17.55500030517578,17.091999053955078,17.1200008392334,298100,0.0,0.0
2023-04-26 00:00:00-04:00,17.09000015258789,17.270000457763672,16.829999923706055,16.899999618530273,323100,0.0,0.0
2023-04-27 00:00:00-04:00,17.0,17.420000076293945,16.950000762939453,17.360000610351562,228000,0.0,0.0
2023-04-28 00:00:00-04:00,17.3799991607666,17.559999465942383,17.149999618530273,17.420000076293945,276000,0.0,0.0
2023-05-01 00:00:00-04:00,17.399999618530273,17.815000534057617,17.350000381469727,17.469999313354492,241900,0.0,0.0
2023-05-02 00:00:00-04:00,17.399999618530273,17.399999618530273,17.100000381469727,17.270000457763672,245600,0.0,0.0
2023-05-03 00:00:00-04:00,17.270000457763672,17.530000686645508,17.170000076293945,17.229999542236328,254800,0.0,0.0
2023-05-04 00:00:00-04:00,17.229999542236328,17.424999237060547,17.09000015258789,17.229999542236328,229300,0.0,0.0
2023-05-05 00:00:00-04:00,17.43000030517578,17.988000869750977,17.43000030517578,17.84000015258789,560100,0.0,0.0
2023-05-08 00:00:00-04:00,17.809999465942383,17.889999389648438,17.6200008392334,17.760000228881836,337200,0.0,0.0
2023-05-09 00:00:00-04:00,17.649999618530273,17.719999313354492,17.43000030517578,17.559999465942383,342800,0.0,0.0
2023-05-10 00:00:00-04:00,17.790000915527344,17.850000381469727,17.190000534057617,17.5,474400,0.0,0.0
2023-05-11 00:00:00-04:00,17.549999237060547,19.81999969482422,17.469999313354492,19.040000915527344,1714900,0.0,0.0
2023-05-12 00:00:00-04:00,19.18000030517578,19.59000015258789,18.4950008392334,18.8700008392334,640400,0.0,0.0
2023-05-15 00:00:00-04:00,18.90999984741211,19.070999145507812,18.610000610351562,18.790000915527344,447000,0.0,0.0
2023-05-16 00:00:00-04:00,18.639999389648438,19.100000381469727,18.639999389648438,18.75,436800,0.0,0.0
2023-05-17 00:00:00-04:00,18.729999542236328,19.628999710083008,18.725000381469727,19.469999313354492,821400,0.0,0.0
2023-05-18 00:00:00-04:00,19.5,20.170000076293945,19.280000686645508,19.65999984741211,1078600,0.0,0.0
2023-05-19 00:00:00-04:00,19.780000686645508,19.889999389648438,19.43000030517578,19.579999923706055,608600,0.0,0.0
2023-05-22 00:00:00-04:00,19.510000228881836,20.110000610351562,19.299999237060547,19.920000076293945,639200,0.0,0.0
2023-05-23 00:00:00-04:00,19.75,20.170000076293945,19.649999618530273,19.649999618530273,528400,0.0,0.0
2023-05-24 00:00:00-04:00,19.549999237060547,19.549999237060547,19.00200080871582,19.209999084472656,439600,0.0,0.0
2023-05-25 00:00:00-04:00,19.399999618530273,19.5,19.07699966430664,19.360000610351562,408200,0.0,0.0
2023-05-26 00:00:00-04:00,19.389999389648438,20.09000015258789,19.389999389648438,19.934999465942383,502500,0.0,0.0
2023-05-30 00:00:00-04:00,20.110000610351562,20.719999313354492,19.790000915527344,19.829999923706055,557700,0.0,0.0
2023-05-31 00:00:00-04:00,19.6299991607666,19.84000015258789,19.270000457763672,19.719999313354492,1285300,0.0,0.0
2023-06-01 00:00:00-04:00,19.670000076293945,19.809999465942383,19.30500030517578,19.68000030517578,340000,0.0,0.0
2023-06-02 00:00:00-04:00,19.899999618530273,20.100000381469727,19.559999465942383,19.8799991607666,407900,0.0,0.0
2023-06-05 00:00:00-04:00,19.610000610351562,19.610000610351562,19.15999984741211,19.510000228881836,416800,0.0,0.0
2023-06-06 00:00:00-04:00,19.43000030517578,19.889999389648438,19.3799991607666,19.68000030517578,343300,0.0,0.0
2023-06-07 00:00:00-04:00,19.440000534057617,19.799999237060547,19.209999084472656,19.229999542236328,677300,0.0,0.0
2023-06-08 00:00:00-04:00,19.200000762939453,19.200000762939453,18.43000030517578,18.549999237060547,486900,0.0,0.0
2023-06-09 00:00:00-04:00,18.600000381469727,18.75,18.450000762939453,18.75,390700,0.0,0.0
2023-06-12 00:00:00-04:00,18.860000610351562,19.06999969482422,18.600000381469727,18.729999542236328,433200,0.0,0.0
2023-06-13 00:00:00-04:00,18.75,18.90999984741211,18.459999084472656,18.639999389648438,373700,0.0,0.0
2023-06-14 00:00:00-04:00,18.56999969482422,18.760000228881836,18.34000015258789,18.579999923706055,320100,0.0,0.0
2023-06-15 00:00:00-04:00,18.3799991607666,18.6200008392334,18.110000610351562,18.530000686645508,465100,0.0,0.0
2023-06-16 00:00:00-04:00,18.709999084472656,18.75,17.670000076293945,17.739999771118164,738500,0.0,0.0
2023-06-20 00:00:00-04:00,17.600000381469727,17.75,17.3799991607666,17.68000030517578,655900,0.0,0.0
2023-06-21 00:00:00-04:00,17.5,17.56999969482422,17.100000381469727,17.260000228881836,501100,0.0,0.0
2023-06-22 00:00:00-04:00,17.18000030517578,17.260000228881836,16.8700008392334,17.18000030517578,471900,0.0,0.0
2023-06-23 00:00:00-04:00,16.959999084472656,17.229999542236328,16.770000457763672,17.200000762939453,1324100,0.0,0.0
2023-06-26 00:00:00-04:00,17.260000228881836,17.58300018310547,16.84000015258789,16.90999984741211,435600,0.0,0.0
2023-06-27 00:00:00-04:00,16.950000762939453,17.3700008392334,16.809999465942383,17.25,300900,0.0,0.0
2023-06-28 00:00:00-04:00,17.1200008392334,17.420000076293945,17.070999145507812,17.219999313354492,342600,0.0,0.0
2023-06-29 00:00:00-04:00,17.219999313354492,17.700000762939453,17.219999313354492,17.540000915527344,300200,0.0,0.0
2023-06-30 00:00:00-04:00,17.770000457763672,17.84000015258789,17.6200008392334,17.739999771118164,318400,0.0,0.0
2023-07-03 00:00:00-04:00,17.56999969482422,17.889999389648438,17.56999969482422,17.889999389648438,217100,0.0,0.0
2023-07-05 00:00:00-04:00,17.739999771118164,17.75,17.371000289916992,17.579999923706055,384300,0.0,0.0
2023-07-06 00:00:00-04:00,17.3700008392334,17.489999771118164,17.25,17.43000030517578,259200,0.0,0.0
2023-07-07 00:00:00-04:00,17.450000762939453,17.719999313354492,17.360000610351562,17.3700008392334,280600,0.0,0.0
2023-07-10 00:00:00-04:00,17.299999237060547,17.68000030517578,17.231000900268555,17.389999389648438,309200,0.0,0.0
2023-07-11 00:00:00-04:00,17.5,17.530000686645508,17.309999465942383,17.530000686645508,440500,0.0,0.0
2023-07-12 00:00:00-04:00,17.799999237060547,17.9950008392334,17.725000381469727,17.90999984741211,306400,0.0,0.0
2023-07-13 00:00:00-04:00,17.979999542236328,18.399999618530273,17.899999618530273,18.18000030517578,317500,0.0,0.0
2023-07-14 00:00:00-04:00,18.139999389648438,18.139999389648438,17.639999389648438,17.75,240800,0.0,0.0
2023-07-17 00:00:00-04:00,17.6200008392334,17.6299991607666,17.389999389648438,17.5,315700,0.0,0.0
2023-07-18 00:00:00-04:00,17.440000534057617,17.510000228881836,17.18000030517578,17.399999618530273,354600,0.0,0.0
2023-07-19 00:00:00-04:00,17.43000030517578,17.5,17.219999313354492,17.34000015258789,304700,0.0,0.0
2023-07-20 00:00:00-04:00,17.15999984741211,17.25,16.489999771118164,16.610000610351562,488700,0.0,0.0
2023-07-21 00:00:00-04:00,16.700000762939453,16.885000228881836,16.61199951171875,16.729999542236328,363200,0.0,0.0
2023-07-24 00:00:00-04:00,16.780000686645508,16.969999313354492,16.6299991607666,16.94499969482422,309000,0.0,0.0
2023-07-25 00:00:00-04:00,17.149999618530273,17.290000915527344,17.040000915527344,17.25,331400,0.0,0.0
2023-07-26 00:00:00-04:00,17.18000030517578,17.450000762939453,17.15999984741211,17.360000610351562,319700,0.0,0.0
2023-07-27 00:00:00-04:00,17.530000686645508,17.600000381469727,17.09000015258789,17.25,322300,0.0,0.0
2023-07-28 00:00:00-04:00,17.389999389648438,17.579999923706055,17.350000381469727,17.440000534057617,218700,0.0,0.0
2023-07-31 00:00:00-04:00,18.040000915527344,18.639999389648438,17.950000762939453,18.479999542236328,652700,0.0,0.0
2023-08-01 00:00:00-04:00,18.43000030517578,18.825000762939453,18.219999313354492,18.639999389648438,418100,0.0,0.0
2023-08-02 00:00:00-04:00,18.31999969482422,18.450000762939453,18.06999969482422,18.31999969482422,421400,0.0,0.0
2023-08-03 00:00:00-04:00,18.229999542236328,18.450000762939453,17.950000762939453,18.280000686645508,550000,0.0,0.0
2023-08-04 00:00:00-04:00,17.600000381469727,17.610000610351562,15.65999984741211,16.489999771118164,1338500,0.0,0.0
2023-08-07 00:00:00-04:00,16.649999618530273,16.729999542236328,16.079999923706055,16.219999313354492,736500,0.0,0.0
2023-08-08 00:00:00-04:00,16.0,16.540000915527344,15.800000190734863,16.479999542236328,542100,0.0,0.0
2023-08-09 00:00:00-04:00,16.459999084472656,16.479999542236328,16.209999084472656,16.360000610351562,413800,0.0,0.0
2023-08-10 00:00:00-04:00,16.440000534057617,16.540000915527344,15.979999542236328,16.079999923706055,372800,0.0,0.0
2023-08-11 00:00:00-04:00,16.09000015258789,16.190000534057617,15.90999984741211,16.139999389648438,323100,0.0,0.0
2023-08-14 00:00:00-04:00,16.040000915527344,16.051000595092773,15.699999809265137,15.760000228881836,420200,0.0,0.0
2023-08-15 00:00:00-04:00,15.609999656677246,15.699999809265137,15.302000045776367,15.40999984741211,376800,0.0,0.0
2023-08-16 00:00:00-04:00,15.300000190734863,15.34000015258789,15.050000190734863,15.079999923706055,404100,0.0,0.0
2023-08-17 00:00:00-04:00,15.100000381469727,15.130000114440918,14.779999732971191,14.850000381469727,361100,0.0,0.0
2023-08-18 00:00:00-04:00,14.640000343322754,15.069999694824219,14.579999923706055,15.0,366600,0.0,0.0
2023-08-21 00:00:00-04:00,15.0,15.154999732971191,14.970000267028809,15.0,265300,0.0,0.0
2023-08-22 00:00:00-04:00,15.100000381469727,15.119999885559082,14.84000015258789,14.920000076293945,244500,0.0,0.0
2023-08-23 00:00:00-04:00,14.949999809265137,15.039999961853027,14.779999732971191,14.960000038146973,259900,0.0,0.0
2023-08-24 00:00:00-04:00,14.979999542236328,15.010000228881836,14.619999885559082,14.630000114440918,303900,0.0,0.0
2023-08-25 00:00:00-04:00,14.600000381469727,14.864999771118164,14.579999923706055,14.710000038146973,251800,0.0,0.0
2023-08-28 00:00:00-04:00,14.770000457763672,14.9399995803833,14.760000228881836,14.859999656677246,238500,0.0,0.0
2023-08-29 00:00:00-04:00,14.760000228881836,15.104999542236328,14.5600004196167,15.050000190734863,375100,0.0,0.0
2023-08-30 00:00:00-04:00,14.979999542236328,15.319999694824219,14.930000305175781,15.210000038146973,376400,0.0,0.0
2023-08-31 00:00:00-04:00,15.239999771118164,15.744999885559082,15.239999771118164,15.720000267028809,518000,0.0,0.0
2023-09-01 00:00:00-04:00,15.84000015258789,16.040000915527344,15.75,15.960000038146973,320800,0.0,0.0
2023-09-05 00:00:00-04:00,15.800000190734863,16.059999465942383,15.729999542236328,15.760000228881836,527700,0.0,0.0
2023-09-06 00:00:00-04:00,15.739999771118164,15.758000373840332,15.392999649047852,15.6899995803833,249900,0.0,0.0
2023-09-07 00:00:00-04:00,15.449999809265137,15.449999809265137,15.0600004196167,15.390000343322754,276100,0.0,0.0
2023-09-08 00:00:00-04:00,15.420000076293945,15.510000228881836,15.140000343322754,15.220000267028809,197000,0.0,0.0
2023-09-11 00:00:00-04:00,15.34000015258789,15.539999961853027,15.279999732971191,15.460000038146973,310500,0.0,0.0
2023-09-12 00:00:00-04:00,15.369999885559082,15.564000129699707,15.25,15.289999961853027,172000,0.0,0.0
2023-09-13 00:00:00-04:00,15.300000190734863,15.300000190734863,14.960000038146973,15.029999732971191,291500,0.0,0.0
2023-09-14 00:00:00-04:00,15.109999656677246,15.260000228881836,14.944999694824219,15.109999656677246,271200,0.0,0.0
2023-09-15 00:00:00-04:00,15.109999656677246,15.220000267028809,14.899999618530273,15.199999809265137,733500,0.0,0.0
2023-09-18 00:00:00-04:00,15.140000343322754,15.140000343322754,14.789999961853027,14.920000076293945,260300,0.0,0.0
2023-09-19 00:00:00-04:00,14.850000381469727,14.989999771118164,14.710000038146973,14.899999618530273,317600,0.0,0.0
2023-09-20 00:00:00-04:00,14.989999771118164,15.199999809265137,14.819999694824219,14.920000076293945,311200,0.0,0.0
2023-09-21 00:00:00-04:00,14.75,14.789999961853027,14.529999732971191,14.6899995803833,281400,0.0,0.0
2023-09-22 00:00:00-04:00,14.729999542236328,14.869999885559082,14.515000343322754,14.59000015258789,195600,0.0,0.0
2023-09-25 00:00:00-04:00,14.449999809265137,14.71500015258789,14.180000305175781,14.619999885559082,250700,0.0,0.0
2023-09-26 00:00:00-04:00,14.470000267028809,14.5,14.274999618530273,14.3100004196167,298300,0.0,0.0
2023-09-27 00:00:00-04:00,14.420000076293945,14.619999885559082,14.229999542236328,14.369999885559082,225600,0.0,0.0
2023-09-28 00:00:00-04:00,14.369999885559082,14.600000381469727,14.279999732971191,14.470000267028809,275400,0.0,0.0
2023-09-29 00:00:00-04:00,14.59000015258789,14.739999771118164,14.460000038146973,14.529999732971191,321600,0.0,0.0
2023-10-02 00:00:00-04:00,14.5,14.640000343322754,14.154999732971191,14.279999732971191,348300,0.0,0.0
2023-10-03 00:00:00-04:00,14.15999984741211,14.279999732971191,14.0,14.09000015258789,262000,0.0,0.0
2023-10-04 00:00:00-04:00,14.09000015258789,14.359999656677246,14.039999961853027,14.289999961853027,255900,0.0,0.0
2023-10-05 00:00:00-04:00,14.289999961853027,14.399999618530273,14.09000015258789,14.149999618530273,310600,0.0,0.0
2023-10-06 00:00:00-04:00,14.0600004196167,14.319999694824219,13.984999656677246,14.229999542236328,251100,0.0,0.0
2023-10-09 00:00:00-04:00,14.100000381469727,14.170000076293945,13.880000114440918,14.020000457763672,342400,0.0,0.0
2023-10-10 00:00:00-04:00,14.069999694824219,14.390000343322754,13.949999809265137,13.989999771118164,451400,0.0,0.0
2023-10-11 00:00:00-04:00,14.0,14.229999542236328,13.925000190734863,13.9399995803833,286600,0.0,0.0
2023-10-12 00:00:00-04:00,13.899999618530273,14.074999809265137,13.569999694824219,13.729999542236328,374600,0.0,0.0
2023-10-13 00:00:00-04:00,13.720000267028809,13.89900016784668,13.414999961853027,13.529999732971191,362400,0.0,0.0
2023-10-16 00:00:00-04:00,13.550000190734863,13.604999542236328,13.279999732971191,13.470000267028809,370600,0.0,0.0
2023-10-17 00:00:00-04:00,13.319999694824219,13.762999534606934,13.20300006866455,13.600000381469727,384300,0.0,0.0
2023-10-18 00:00:00-04:00,13.479999542236328,13.510000228881836,13.310999870300293,13.329999923706055,320300,0.0,0.0
2023-10-19 00:00:00-04:00,13.289999961853027,13.383000373840332,13.024999618530273,13.079999923706055,273000,0.0,0.0
2023-10-20 00:00:00-04:00,13.0600004196167,13.199000358581543,12.949999809265137,12.979999542236328,361500,0.0,0.0
2023-10-23 00:00:00-04:00,12.949999809265137,12.979999542236328,12.640000343322754,12.649999618530273,321200,0.0,0.0
2023-10-24 00:00:00-04:00,12.920000076293945,13.430000305175781,12.850000381469727,13.369999885559082,795200,0.0,0.0
2023-10-25 00:00:00-04:00,13.220000267028809,13.420000076293945,13.09000015258789,13.109999656677246,320900,0.0,0.0
2023-10-26 00:00:00-04:00,13.09000015258789,13.15999984741211,12.760000228881836,12.829999923706055,268600,0.0,0.0
2023-10-27 00:00:00-04:00,12.880000114440918,13.020000457763672,12.670000076293945,12.710000038146973,294100,0.0,0.0
2023-10-30 00:00:00-04:00,12.779999732971191,12.949999809265137,12.619999885559082,12.720000267028809,258800,0.0,0.0
2023-10-31 00:00:00-04:00,12.670000076293945,12.859999656677246,12.619999885559082,12.789999961853027,390400,0.0,0.0
2023-11-01 00:00:00-04:00,12.739999771118164,12.739999771118164,12.335000038146973,12.550000190734863,523300,0.0,0.0
2023-11-02 00:00:00-04:00,12.640000343322754,12.850000381469727,12.40999984741211,12.5,857200,0.0,0.0
2023-11-03 00:00:00-04:00,12.630000114440918,13.289999961853027,12.630000114440918,13.100000381469727,521500,0.0,0.0
2023-11-06 00:00:00-05:00,13.069999694824219,13.15999984741211,12.800000190734863,12.949999809265137,512400,0.0,0.0
2023-11-07 00:00:00-05:00,12.9399995803833,13.097000122070312,12.5,12.739999771118164,564200,0.0,0.0
2023-11-08 00:00:00-05:00,12.369999885559082,12.369999885559082,11.451000213623047,12.100000381469727,1333700,0.0,0.0
2023-11-09 00:00:00-05:00,12.199999809265137,12.420000076293945,12.050000190734863,12.119999885559082,961400,0.0,0.0
2023-11-10 00:00:00-05:00,12.229999542236328,12.4399995803833,12.050000190734863,12.289999961853027,427700,0.0,0.0
2023-11-13 00:00:00-05:00,12.170000076293945,12.28499984741211,12.029999732971191,12.220000267028809,417200,0.0,0.0
2023-11-14 00:00:00-05:00,12.479999542236328,13.119999885559082,12.479999542236328,13.119999885559082,566600,0.0,0.0
2023-11-15 00:00:00-05:00,13.180000305175781,13.40999984741211,13.010000228881836,13.130000114440918,435800,0.0,0.0
2023-11-16 00:00:00-05:00,13.039999961853027,13.079999923706055,12.699999809265137,12.970000267028809,285800,0.0,0.0
2023-11-17 00:00:00-05:00,12.979999542236328,13.09000015258789,12.835000038146973,13.069999694824219,341100,0.0,0.0
2023-11-20 00:00:00-05:00,13.079999923706055,13.300000190734863,13.079999923706055,13.130000114440918,326400,0.0,0.0
2023-11-21 00:00:00-05:00,12.989999771118164,12.989999771118164,12.449999809265137,12.510000228881836,648600,0.0,0.0
2023-11-22 00:00:00-05:00,12.569999694824219,12.859999656677246,12.539999961853027,12.555000305175781,275300,0.0,0.0
2023-11-24 00:00:00-05:00,12.489999771118164,12.739999771118164,12.399999618530273,12.739999771118164,154200,0.0,0.0
2023-11-27 00:00:00-05:00,12.649999618530273,12.779999732971191,12.5,12.699999809265137,264600,0.0,0.0
2023-11-28 00:00:00-05:00,12.649999618530273,12.779999732971191,12.510000228881836,12.520000457763672,459300,0.0,0.0
2023-11-29 00:00:00-05:00,12.59000015258789,12.970000267028809,12.569999694824219,12.619999885559082,335800,0.0,0.0
2023-11-30 00:00:00-05:00,12.630000114440918,12.920000076293945,12.529999732971191,12.90999984741211,401000,0.0,0.0
2023-12-01 00:00:00-05:00,12.800000190734863,13.140000343322754,12.649999618530273,13.100000381469727,420000,0.0,0.0
2023-12-04 00:00:00-05:00,12.949999809265137,13.180000305175781,12.86400032043457,13.079999923706055,356200,0.0,0.0
2023-12-05 00:00:00-05:00,13.0,13.045000076293945,12.770000457763672,12.90999984741211,286900,0.0,0.0
2023-12-06 00:00:00-05:00,12.960000038146973,13.199999809265137,12.845000267028809,12.850000381469727,303400,0.0,0.0
2023-12-07 00:00:00-05:00,12.779999732971191,13.289999961853027,12.779999732971191,13.279999732971191,351700,0.0,0.0
2023-12-08 00:00:00-05:00,13.359999656677246,13.914999961853027,13.3100004196167,13.729999542236328,616600,0.0,0.0
2023-12-11 00:00:00-05:00,13.699999809265137,13.960000038146973,13.59000015258789,13.949999809265137,540900,0.0,0.0
2023-12-12 00:00:00-05:00,13.979999542236328,14.3100004196167,13.890000343322754,14.109999656677246,575600,0.0,0.0
2023-12-13 00:00:00-05:00,14.0600004196167,14.395000457763672,13.649999618530273,14.34000015258789,473500,0.0,0.0
2023-12-14 00:00:00-05:00,14.529999732971191,14.864999771118164,14.510000228881836,14.800000190734863,521200,0.0,0.0
2023-12-15 00:00:00-05:00,14.880000114440918,15.069999694824219,14.614999771118164,14.630000114440918,1325700,0.0,0.0
2023-12-18 00:00:00-05:00,14.579999923706055,14.859999656677246,14.390000343322754,14.800000190734863,479200,0.0,0.0
2023-12-19 00:00:00-05:00,14.880000114440918,14.989999771118164,14.630000114440918,14.789999961853027,417800,0.0,0.0
2023-12-20 00:00:00-05:00,14.720000267028809,14.800000190734863,14.239999771118164,14.239999771118164,357100,0.0,0.0
2023-12-21 00:00:00-05:00,14.40999984741211,14.5600004196167,14.15999984741211,14.550000190734863,514800,0.0,0.0
2023-12-22 00:00:00-05:00,14.550000190734863,14.708000183105469,14.28499984741211,14.369999885559082,351800,0.0,0.0
2023-12-26 00:00:00-05:00,14.399999618530273,14.65999984741211,14.350000381469727,14.520000457763672,322100,0.0,0.0
2023-12-27 00:00:00-05:00,14.520000457763672,14.59000015258789,14.300000190734863,14.34000015258789,357100,0.0,0.0
2023-12-28 00:00:00-05:00,14.300000190734863,14.380000114440918,14.170000076293945,14.380000114440918,453100,0.0,0.0
2023-12-29 00:00:00-05:00,14.34000015258789,14.449999809265137,14.069999694824219,14.100000381469727,371400,0.0,0.0
2024-01-02 00:00:00-05:00,14.020000457763672,14.039999961853027,13.670000076293945,13.84000015258789,479500,0.0,0.0
2024-01-03 00:00:00-05:00,13.699999809265137,13.699999809265137,13.449999809265137,13.479999542236328,331400,0.0,0.0
2024-01-04 00:00:00-05:00,13.460000038146973,13.609999656677246,13.220000267028809,13.569999694824219,306600,0.0,0.0
2024-01-05 00:00:00-05:00,13.449999809265137,13.739999771118164,13.449999809265137,13.59000015258789,265200,0.0,0.0
2024-01-08 00:00:00-05:00,13.609999656677246,14.010000228881836,13.550000190734863,13.979999542236328,331900,0.0,0.0
2024-01-09 00:00:00-05:00,13.760000228881836,13.810999870300293,13.395000457763672,13.420000076293945,493300,0.0,0.0
2024-01-10 00:00:00-05:00,13.460000038146973,13.829999923706055,13.449999809265137,13.789999961853027,362900,0.0,0.0
2024-01-11 00:00:00-05:00,13.770000457763672,13.8100004196167,13.484999656677246,13.770000457763672,504600,0.0,0.0
2024-01-12 00:00:00-05:00,13.9399995803833,13.9399995803833,13.489999771118164,13.5600004196167,257000,0.0,0.0
2024-01-16 00:00:00-05:00,13.390000343322754,13.479999542236328,13.199999809265137,13.289999961853027,338200,0.0,0.0
2024-01-17 00:00:00-05:00,13.0600004196167,13.109999656677246,12.789999961853027,12.970000267028809,413400,0.0,0.0
2024-01-18 00:00:00-05:00,13.149999618530273,13.260000228881836,12.972000122070312,13.239999771118164,252100,0.0,0.0
2024-01-19 00:00:00-05:00,13.3100004196167,13.510000228881836,13.119999885559082,13.510000228881836,316100,0.0,0.0
2024-01-22 00:00:00-05:00,13.529999732971191,13.970999717712402,13.527000427246094,13.760000228881836,384400,0.0,0.0
2024-01-23 00:00:00-05:00,13.850000381469727,14.095000267028809,13.699999809265137,13.720000267028809,347100,0.0,0.0
2024-01-24 00:00:00-05:00,13.869999885559082,13.880000114440918,13.550000190734863,13.550000190734863,760500,0.0,0.0
2024-01-25 00:00:00-05:00,13.729999542236328,13.793000221252441,13.550000190734863,13.619999885559082,227700,0.0,0.0
2024-01-26 00:00:00-05:00,13.670000076293945,13.829999923706055,13.449999809265137,13.460000038146973,258400,0.0,0.0
2024-01-29 00:00:00-05:00,13.399999618530273,13.4399995803833,13.270000457763672,13.40999984741211,296800,0.0,0.0
2024-01-30 00:00:00-05:00,13.3100004196167,13.390000343322754,13.069999694824219,13.069999694824219,264500,0.0,0.0
2024-01-31 00:00:00-05:00,13.050000190734863,13.140000343322754,12.720000267028809,12.729999542236328,384600,0.0,0.0
2024-02-01 00:00:00-05:00,12.789999961853027,12.949999809265137,12.609999656677246,12.850000381469727,310500,0.0,0.0
2024-02-02 00:00:00-05:00,12.680000305175781,12.789999961853027,12.539999961853027,12.699999809265137,296200,0.0,0.0
2024-02-05 00:00:00-05:00,12.550000190734863,12.604999542236328,12.260000228881836,12.40999984741211,342000,0.0,0.0
2024-02-06 00:00:00-05:00,12.390000343322754,12.852999687194824,12.390000343322754,12.760000228881836,371900,0.0,0.0
2024-02-07 00:00:00-05:00,12.760000228881836,12.88700008392334,12.6899995803833,12.8100004196167,260700,0.0,0.0
2024-02-08 00:00:00-05:00,12.800000190734863,13.149999618530273,12.760000228881836,12.989999771118164,288500,0.0,0.0
2024-02-09 00:00:00-05:00,13.09000015258789,13.260000228881836,12.970000267028809,13.239999771118164,343400,0.0,0.0
2024-02-12 00:00:00-05:00,13.199999809265137,13.600000381469727,13.199999809265137,13.529999732971191,357300,0.0,0.0
2024-02-13 00:00:00-05:00,13.119999885559082,13.199999809265137,12.5,12.819999694824219,655200,0.0,0.0
2024-02-14 00:00:00-05:00,12.449999809265137,13.899999618530273,12.220000267028809,13.739999771118164,1438800,0.0,0.0
2024-02-15 00:00:00-05:00,13.520000457763672,14.125,13.520000457763672,13.930000305175781,689100,0.0,0.0
2024-02-16 00:00:00-05:00,13.770000457763672,13.829999923706055,13.489999771118164,13.539999961853027,543600,0.0,0.0
2024-02-20 00:00:00-05:00,13.369999885559082,13.539999961853027,13.09000015258789,13.529999732971191,676000,0.0,0.0
2024-02-21 00:00:00-05:00,13.4399995803833,13.5,13.15999984741211,13.399999618530273,431000,0.0,0.0
2024-02-22 00:00:00-05:00,13.5,13.529999732971191,13.050000190734863,13.069999694824219,383800,0.0,0.0
2024-02-23 00:00:00-05:00,13.0600004196167,13.09000015258789,12.800000190734863,12.850000381469727,291900,0.0,0.0
2024-02-26 00:00:00-05:00,12.869999885559082,12.970000267028809,12.699999809265137,12.869999885559082,287000,0.0,0.0
2024-02-27 00:00:00-05:00,12.979999542236328,13.3100004196167,12.864999771118164,13.039999961853027,302600,0.0,0.0
2024-02-28 00:00:00-05:00,12.90999984741211,13.0600004196167,12.770000457763672,12.789999961853027,226800,0.0,0.0
2024-02-29 00:00:00-05:00,13.0,13.149999618530273,12.789999961853027,12.949999809265137,353900,0.0,0.0
2024-03-01 00:00:00-05:00,13.050000190734863,13.180000305175781,12.779999732971191,13.050000190734863,274000,0.0,0.0
2024-03-04 00:00:00-05:00,13.029999732971191,13.029999732971191,12.5600004196167,12.579999923706055,278600,0.0,0.0
2024-03-05 00:00:00-05:00,12.5,12.579999923706055,12.232000350952148,12.380000114440918,395500,0.0,0.0
2024-03-06 00:00:00-05:00,12.510000228881836,12.630000114440918,12.359999656677246,12.470000267028809,278600,0.0,0.0
2024-03-07 00:00:00-05:00,12.59000015258789,12.800000190734863,12.510000228881836,12.65999984741211,256600,0.0,0.0
2024-03-08 00:00:00-05:00,12.760000228881836,12.899999618530273,12.395000457763672,12.40999984741211,227100,0.0,0.0
2024-03-11 00:00:00-04:00,12.34000015258789,12.727999687194824,12.300000190734863,12.649999618530273,228900,0.0,0.0
2024-03-12 00:00:00-04:00,12.699999809265137,12.8100004196167,12.430000305175781,12.729999542236328,519500,0.0,0.0
2024-03-13 00:00:00-04:00,12.680000305175781,12.890000343322754,12.595000267028809,12.630000114440918,306000,0.0,0.0
2024-03-14 00:00:00-04:00,12.609999656677246,12.609999656677246,12.25,12.3100004196167,348100,0.0,0.0
2024-03-15 00:00:00-04:00,12.220000267028809,12.359999656677246,12.0,12.220000267028809,498900,0.0,0.0
2024-03-18 00:00:00-04:00,12.199999809265137,12.25,11.989999771118164,12.15999984741211,285400,0.0,0.0
2024-03-19 00:00:00-04:00,12.020000457763672,12.1899995803833,11.850000381469727,12.100000381469727,332400,0.0,0.0
2024-03-20 00:00:00-04:00,12.020000457763672,12.420000076293945,12.010000228881836,12.289999961853027,319400,0.0,0.0
2024-03-21 00:00:00-04:00,12.350000381469727,12.428999900817871,12.220000267028809,12.220000267028809,255800,0.0,0.0
2024-03-22 00:00:00-04:00,12.210000038146973,12.25,12.015000343322754,12.029999732971191,220400,0.0,0.0
2024-03-25 00:00:00-04:00,12.0,12.149999618530273,11.989999771118164,12.130000114440918,201900,0.0,0.0
2024-03-26 00:00:00-04:00,12.180000305175781,12.420000076293945,11.989999771118164,12.010000228881836,346400,0.0,0.0
2024-03-27 00:00:00-04:00,12.010000228881836,12.289999961853027,12.010000228881836,12.289999961853027,258300,0.0,0.0
2024-03-28 00:00:00-04:00,12.289999961853027,12.489999771118164,12.220000267028809,12.34000015258789,392900,0.0,0.0
2024-04-01 00:00:00-04:00,12.380000114440918,12.470000267028809,12.149999618530273,12.210000038146973,253300,0.0,0.0
2024-04-02 00:00:00-04:00,12.100000381469727,12.119999885559082,11.859999656677246,12.029999732971191,405300,0.0,0.0
2024-04-03 00:00:00-04:00,11.949999809265137,12.170000076293945,11.800000190734863,12.09000015258789,307100,0.0,0.0
2024-04-04 00:00:00-04:00,12.1899995803833,12.40999984741211,11.729999542236328,11.770000457763672,252900,0.0,0.0
2024-04-05 00:00:00-04:00,11.729999542236328,11.859999656677246,11.600000381469727,11.84000015258789,227400,0.0,0.0
2024-04-08 00:00:00-04:00,11.859999656677246,12.039999961853027,11.732000350952148,11.960000038146973,198700,0.0,0.0
2024-04-09 00:00:00-04:00,11.989999771118164,12.180000305175781,11.899999618530273,12.100000381469727,197300,0.0,0.0
2024-04-10 00:00:00-04:00,11.800000190734863,11.899999618530273,11.550000190734863,11.710000038146973,289000,0.0,0.0
2024-04-11 00:00:00-04:00,11.739999771118164,11.9399995803833,11.579999923706055,11.890000343322754,207300,0.0,0.0
2024-04-12 00:00:00-04:00,11.770000457763672,11.8100004196167,11.5,11.539999961853027,259200,0.0,0.0
2024-04-15 00:00:00-04:00,11.529999732971191,11.5600004196167,11.119999885559082,11.1899995803833,403800,0.0,0.0
2024-04-16 00:00:00-04:00,11.109999656677246,11.149999618530273,10.920000076293945,10.949999809265137,268200,0.0,0.0
2024-04-17 00:00:00-04:00,11.050000190734863,11.170000076293945,10.90999984741211,10.920000076293945,277200,0.0,0.0
2024-04-18 00:00:00-04:00,10.899999618530273,11.100000381469727,10.720000267028809,10.760000228881836,382800,0.0,0.0
2024-04-19 00:00:00-04:00,10.699999809265137,10.859999656677246,10.680000305175781,10.720000267028809,277100,0.0,0.0
2024-04-22 00:00:00-04:00,10.75,10.970000267028809,10.59000015258789,10.949999809265137,310100,0.0,0.0
2024-04-23 00:00:00-04:00,10.9399995803833,11.270000457763672,10.925000190734863,11.010000228881836,255100,0.0,0.0
2024-04-24 00:00:00-04:00,10.960000038146973,11.100000381469727,10.850000381469727,10.9399995803833,219500,0.0,0.0
2024-04-25 00:00:00-04:00,10.789999961853027,11.1899995803833,10.770000457763672,11.130000114440918,323300,0.0,0.0
2024-04-26 00:00:00-04:00,11.180000305175781,11.34000015258789,11.170000076293945,11.300000190734863,292200,0.0,0.0
2024-04-29 00:00:00-04:00,11.270000457763672,11.4399995803833,11.239999771118164,11.270000457763672,352800,0.0,0.0
2024-04-30 00:00:00-04:00,11.140000343322754,11.260000228881836,11.0,11.100000381469727,273900,0.0,0.0
2024-05-01 00:00:00-04:00,11.069999694824219,11.539999961853027,11.010000228881836,11.260000228881836,347300,0.0,0.0
2024-05-02 00:00:00-04:00,11.510000228881836,11.6899995803833,11.260000228881836,11.579999923706055,449900,0.0,0.0
2024-05-03 00:00:00-04:00,11.779999732971191,11.850000381469727,11.449999809265137,11.609999656677246,316200,0.0,0.0
2024-05-06 00:00:00-04:00,11.680000305175781,11.899999618530273,11.645000457763672,11.65999984741211,250800,0.0,0.0
2024-05-07 00:00:00-04:00,11.720000267028809,11.920000076293945,11.460000038146973,11.760000228881836,329600,0.0,0.0
2024-05-08 00:00:00-04:00,10.5,11.149999618530273,10.3100004196167,10.789999961853027,904000,0.0,0.0
2024-05-09 00:00:00-04:00,11.220000267028809,11.265000343322754,10.734999656677246,10.84000015258789,555300,0.0,0.0
2024-05-10 00:00:00-04:00,10.949999809265137,11.300999641418457,10.75,10.829999923706055,682100,0.0,0.0
2024-05-13 00:00:00-04:00,10.970000267028809,11.140000343322754,10.819999694824219,10.819999694824219,443600,0.0,0.0
2024-05-14 00:00:00-04:00,11.0,11.1899995803833,10.970000267028809,11.050000190734863,369600,0.0,0.0
2024-05-15 00:00:00-04:00,11.199999809265137,11.239999771118164,11.039999961853027,11.15999984741211,272800,0.0,0.0
2024-05-16 00:00:00-04:00,11.149999618530273,11.289999961853027,11.07800006866455,11.1899995803833,262600,0.0,0.0
2024-05-17 00:00:00-04:00,11.220000267028809,11.270000457763672,11.130999565124512,11.260000228881836,272800,0.0,0.0
2024-05-20 00:00:00-04:00,11.25,11.520000457763672,11.210000038146973,11.5,273700,0.0,0.0
2024-05-21 00:00:00-04:00,11.449999809265137,11.739999771118164,11.420000076293945,11.520000457763672,314600,0.0,0.0
2024-05-22 00:00:00-04:00,11.510000228881836,11.694999694824219,11.449999809265137,11.529999732971191,351000,0.0,0.0
2024-05-23 00:00:00-04:00,11.5600004196167,11.5600004196167,11.020000457763672,11.1899995803833,310900,0.0,0.0
2024-05-24 00:00:00-04:00,11.279999732971191,11.470000267028809,11.229999542236328,11.300000190734863,267300,0.0,0.0
2024-05-28 00:00:00-04:00,11.479999542236328,11.930000305175781,11.39799976348877,11.550000190734863,471200,0.0,0.0
2024-05-29 00:00:00-04:00,11.369999885559082,11.579999923706055,11.305000305175781,11.369999885559082,295700,0.0,0.0
2024-05-30 00:00:00-04:00,11.470000267028809,11.630000114440918,11.350000381469727,11.579999923706055,339700,0.0,0.0
2024-05-31 00:00:00-04:00,11.5600004196167,11.729999542236328,11.3100004196167,11.59000015258789,397400,0.0,0.0
2024-06-03 00:00:00-04:00,11.6899995803833,11.890000343322754,11.399999618530273,11.720000267028809,427500,0.0,0.0
2024-06-04 00:00:00-04:00,11.59000015258789,11.59000015258789,11.364999771118164,11.449999809265137,271900,0.0,0.0
2024-06-05 00:00:00-04:00,11.510000228881836,11.739999771118164,11.489999771118164,11.729999542236328,226500,0.0,0.0
2024-06-06 00:00:00-04:00,11.65999984741211,11.789999961853027,11.616999626159668,11.729999542236328,200100,0.0,0.0
2024-06-07 00:00:00-04:00,11.59000015258789,11.670000076293945,11.270000457763672,11.319999694824219,266800,0.0,0.0
2024-06-10 00:00:00-04:00,11.170000076293945,11.234000205993652,11.069999694824219,11.15999984741211,270600,0.0,0.0
2024-06-11 00:00:00-04:00,11.029999732971191,11.260000228881836,10.949999809265137,11.140000343322754,284700,0.0,0.0
2024-06-12 00:00:00-04:00,11.430000305175781,11.6899995803833,11.359999656677246,11.479999542236328,437800,0.0,0.0
2024-06-13 00:00:00-04:00,11.460000038146973,11.579999923706055,11.170000076293945,11.220000267028809,274700,0.0,0.0
2024-06-14 00:00:00-04:00,11.100000381469727,11.119999885559082,10.819999694824219,10.890000343322754,393700,0.0,0.0
2024-06-17 00:00:00-04:00,10.800000190734863,11.270000457763672,10.800000190734863,11.25,309000,0.0,0.0
2024-06-18 00:00:00-04:00,11.210000038146973,11.385000228881836,10.989999771118164,11.0,276800,0.0,0.0
2024-06-20 00:00:00-04:00,10.90999984741211,11.140000343322754,10.90999984741211,11.09000015258789,340100,0.0,0.0
2024-06-21 00:00:00-04:00,11.109999656677246,11.15999984741211,11.0,11.100000381469727,748900,0.0,0.0
2024-06-24 00:00:00-04:00,11.100000381469727,11.239999771118164,10.979999542236328,10.979999542236328,364500,0.0,0.0
2024-06-25 00:00:00-04:00,10.90999984741211,11.050000190734863,10.829999923706055,11.020000457763672,319500,0.0,0.0
2024-06-26 00:00:00-04:00,10.979999542236328,11.119999885559082,10.930000305175781,11.109999656677246,339300,0.0,0.0
2024-06-27 00:00:00-04:00,11.15999984741211,11.329999923706055,11.109999656677246,11.319999694824219,306000,0.0,0.0
2024-06-28 00:00:00-04:00,11.399999618530273,11.407999992370605,11.029999732971191,11.039999961853027,2397200,0.0,0.0
2024-07-01 00:00:00-04:00,11.0600004196167,11.114999771118164,10.454999923706055,10.479999542236328,399900,0.0,0.0
2024-07-02 00:00:00-04:00,10.510000228881836,10.585000038146973,10.300000190734863,10.319999694824219,373300,0.0,0.0
2024-07-03 00:00:00-04:00,10.359999656677246,10.420000076293945,10.279000282287598,10.369999885559082,173900,0.0,0.0
2024-07-05 00:00:00-04:00,10.329999923706055,10.329999923706055,10.045000076293945,10.069999694824219,503700,0.0,0.0
2024-07-08 00:00:00-04:00,10.109999656677246,10.329999923706055,10.09000015258789,10.25,409000,0.0,0.0
2024-07-09 00:00:00-04:00,10.229999542236328,10.229999542236328,9.930000305175781,10.0,448400,0.0,0.0
2024-07-10 00:00:00-04:00,10.029999732971191,10.079999923706055,9.795000076293945,9.869999885559082,319900,0.0,0.0
2024-07-11 00:00:00-04:00,10.050000190734863,10.25,9.970000267028809,10.0600004196167,452900,0.0,0.0
2024-07-12 00:00:00-04:00,10.1899995803833,10.34000015258789,10.100000381469727,10.3100004196167,332700,0.0,0.0
2024-07-15 00:00:00-04:00,10.329999923706055,10.359999656677246,10.149999618530273,10.279999732971191,409800,0.0,0.0
2024-07-16 00:00:00-04:00,10.390000343322754,10.5649995803833,10.369999885559082,10.489999771118164,462600,0.0,0.0
2024-07-17 00:00:00-04:00,10.329999923706055,10.449999809265137,10.100000381469727,10.239999771118164,365300,0.0,0.0
2024-07-18 00:00:00-04:00,10.149999618530273,10.37600040435791,9.680000305175781,9.720000267028809,518400,0.0,0.0
2024-07-19 00:00:00-04:00,8.84000015258789,8.850000381469727,8.119999885559082,8.569999694824219,2232200,0.0,0.0
2024-07-22 00:00:00-04:00,8.5600004196167,8.699999809265137,8.390000343322754,8.470000267028809,712000,0.0,0.0
2024-07-23 00:00:00-04:00,8.399999618530273,8.470000267028809,8.119999885559082,8.140000343322754,927100,0.0,0.0
2024-07-24 00:00:00-04:00,8.079999923706055,8.265000343322754,7.960000038146973,7.96999979019165,544500,0.0,0.0
2024-07-25 00:00:00-04:00,7.96999979019165,8.180000305175781,7.829999923706055,8.045000076293945,588200,0.0,0.0
2024-07-26 00:00:00-04:00,8.210000038146973,8.220000267028809,8.0,8.210000038146973,517700,0.0,0.0
2024-07-29 00:00:00-04:00,8.199999809265137,8.380000114440918,8.130000114440918,8.34000015258789,819600,0.0,0.0
2024-07-30 00:00:00-04:00,8.350000381469727,8.420000076293945,7.960000038146973,8.050000190734863,620000,0.0,0.0
2024-07-31 00:00:00-04:00,8.180000305175781,8.399999618530273,8.081999778747559,8.210000038146973,559900,0.0,0.0
2024-08-01 00:00:00-04:00,8.1899995803833,8.239999771118164,7.679999828338623,7.889999866485596,717200,0.0,0.0
2024-08-02 00:00:00-04:00,7.210000038146973,7.235000133514404,6.380000114440918,6.409999847412109,1330400,0.0,0.0
2024-08-05 00:00:00-04:00,5.989999771118164,6.179999828338623,5.619999885559082,6.025000095367432,1687300,0.0,0.0
2024-08-06 00:00:00-04:00,6.019999980926514,6.369999885559082,5.824999809265137,6.369999885559082,1201700,0.0,0.0
2024-08-07 00:00:00-04:00,6.559999942779541,6.559999942779541,6.014999866485596,6.039999961853027,826200,0.0,0.0
2024-08-08 00:00:00-04:00,6.110000133514404,6.46999979019165,6.081999778747559,6.449999809265137,683500,0.0,0.0
2024-08-09 00:00:00-04:00,6.46999979019165,6.46999979019165,6.110000133514404,6.159999847412109,774900,0.0,0.0
2024-08-12 00:00:00-04:00,6.179999828338623,6.239999771118164,5.980000019073486,6.090000152587891,681000,0.0,0.0
2024-08-13 00:00:00-04:00,6.179999828338623,6.71999979019165,6.119999885559082,6.690000057220459,970600,0.0,0.0
2024-08-14 00:00:00-04:00,6.679999828338623,6.690000057220459,6.139999866485596,6.199999809265137,646100,0.0,0.0
2024-08-15 00:00:00-04:00,6.360000133514404,6.599999904632568,6.309999942779541,6.550000190734863,609100,0.0,0.0
2024-08-16 00:00:00-04:00,6.489999771118164,6.599999904632568,6.449999809265137,6.550000190734863,543800,0.0,0.0
2024-08-19 00:00:00-04:00,6.53000020980835,6.579999923706055,6.420000076293945,6.550000190734863,670200,0.0,0.0
2024-08-20 00:00:00-04:00,6.510000228881836,6.53000020980835,6.28000020980835,6.380000114440918,476200,0.0,0.0
2024-08-21 00:00:00-04:00,6.434999942779541,6.659999847412109,6.409999847412109,6.599999904632568,595500,0.0,0.0
2024-08-22 00:00:00-04:00,6.630000114440918,6.690000057220459,6.440000057220459,6.460000038146973,555400,0.0,0.0
2024-08-23 00:00:00-04:00,6.53000020980835,6.820000171661377,6.53000020980835,6.789999961853027,533600,0.0,0.0
2024-08-26 00:00:00-04:00,6.820000171661377,6.829999923706055,6.630000114440918,6.820000171661377,489800,0.0,0.0
2024-08-27 00:00:00-04:00,6.730000019073486,6.885000228881836,6.679999828338623,6.869999885559082,408200,0.0,0.0
2024-08-28 00:00:00-04:00,6.809999942779541,6.824999809265137,6.559999942779541,6.769999980926514,588000,0.0,0.0
2024-08-29 00:00:00-04:00,7.03000020980835,7.235000133514404,6.789999961853027,7.090000152587891,688900,0.0,0.0
2024-08-30 00:00:00-04:00,7.139999866485596,7.204999923706055,6.940000057220459,6.96999979019165,514000,0.0,0.0
2024-09-03 00:00:00-04:00,6.829999923706055,6.900000095367432,6.349999904632568,6.420000076293945,643900,0.0,0.0
2024-09-04 00:00:00-04:00,6.349999904632568,6.389999866485596,6.150000095367432,6.179999828338623,509500,0.0,0.0
2024-09-05 00:00:00-04:00,6.179999828338623,6.260000228881836,6.039999961853027,6.110000133514404,389300,0.0,0.0
2024-09-06 00:00:00-04:00,6.099999904632568,6.139999866485596,5.960000038146973,6.03000020980835,430500,0.0,0.0
2024-09-09 00:00:00-04:00,6.03000020980835,6.21999979019165,5.994999885559082,6.070000171661377,433600,0.0,0.0
2024-09-10 00:00:00-04:00,6.070000171661377,6.085000038146973,5.619999885559082,5.710000038146973,816400,0.0,0.0
2024-09-11 00:00:00-04:00,5.71999979019165,5.849999904632568,5.59499979019165,5.809999942779541,622000,0.0,0.0
2024-09-12 00:00:00-04:00,5.809999942779541,5.889999866485596,5.646999835968018,5.829999923706055,467000,0.0,0.0
2024-09-13 00:00:00-04:00,5.909999847412109,6.300000190734863,5.900000095367432,6.275000095367432,483200,0.0,0.0
