Date,Open,High,Low,Close,Volume,Dividends,Stock Splits
1987-04-30 00:00:00-04:00,0.0,1.5066744089126587,1.5066744089126587,1.5066744089126587,191250,0.0,0.0
1987-05-01 00:00:00-04:00,0.0,1.5066744089126587,1.5066744089126587,1.5066744089126587,82350,0.0,0.0
1987-05-04 00:00:00-04:00,0.0,1.506675096232255,1.4430130029513926,1.4960650205612183,27900,0.0,0.0
1987-05-05 00:00:00-04:00,0.0,1.5066752506321803,1.4217922687530518,1.4217922687530518,16650,0.0,0.0
1987-05-06 00:00:00-04:00,0.0,1.4854541608432978,1.4005711205797724,1.4430125951766968,24300,0.0,0.0
1987-05-07 00:00:00-04:00,0.0,1.4642334805813517,1.3793504238128662,1.3793504238128662,7650,0.0,0.0
1987-05-08 00:00:00-04:00,0.0,1.4430125951766968,1.4430125951766968,1.4430125951766968,900,0.0,0.0
1987-05-11 00:00:00-04:00,0.0,1.4430125951766968,1.4430125951766968,1.4430125951766968,1800,0.0,0.0
1987-05-12 00:00:00-04:00,1.4430125951766968,1.4430125951766968,1.4430125951766968,1.4430125951766968,0,0.0,0.0
1987-05-13 00:00:00-04:00,0.0,1.4217922687530518,1.400571659887837,1.4217922687530518,10350,0.0,0.0
1987-05-14 00:00:00-04:00,0.0,1.4217922687530518,1.4217922687530518,1.4217922687530518,1350,0.0,0.0
1987-05-15 00:00:00-04:00,0.0,1.4642334805813517,1.3793504238128662,1.3793504238128662,1800,0.0,0.0
1987-05-18 00:00:00-04:00,0.0,1.4642332792282104,1.4642332792282104,1.4642332792282104,900,0.0,0.0
1987-05-19 00:00:00-04:00,0.0,1.4642332792282104,1.4642332792282104,1.4642332792282104,450,0.0,0.0
1987-05-20 00:00:00-04:00,1.4642332792282104,1.4642332792282104,1.4642332792282104,1.4642332792282104,0,0.0,0.0
1987-05-21 00:00:00-04:00,0.0,1.4642335564608988,1.4005714654922485,1.4005714654922485,6300,0.0,0.0
1987-05-22 00:00:00-04:00,0.0,1.4005714654922485,1.4005714654922485,1.4005714654922485,900,0.0,0.0
1987-05-26 00:00:00-04:00,0.0,1.3793504238128662,1.3793504238128662,1.3793504238128662,1350,0.0,0.0
1987-05-27 00:00:00-04:00,0.0,1.3793504238128662,1.3793504238128662,1.3793504238128662,11700,0.0,0.0
1987-05-28 00:00:00-04:00,0.0,1.4005713929117998,1.3793504238128662,1.3793504238128662,24300,0.0,0.0
1987-05-29 00:00:00-04:00,0.0,1.4642332792282104,1.4642332792282104,1.4642332792282104,900,0.0,0.0
1987-06-01 00:00:00-04:00,0.0,1.3793504238128662,1.3793504238128662,1.3793504238128662,2250,0.0,0.0
1987-06-02 00:00:00-04:00,0.0,1.3793504238128662,1.3793504238128662,1.3793504238128662,900,0.0,0.0
1987-06-03 00:00:00-04:00,0.0,1.4005714654922485,1.3793504952936013,1.4005714654922485,4500,0.0,0.0
1987-06-04 00:00:00-04:00,0.0,1.4430125951766968,1.3793501556071188,1.4430125951766968,18900,0.0,0.0
1987-06-05 00:00:00-04:00,1.4430125951766968,1.4430125951766968,1.4430125951766968,1.4430125951766968,0,0.0,0.0
1987-06-08 00:00:00-04:00,0.0,1.4642334805813517,1.3793504238128662,1.3793504238128662,12150,0.0,0.0
1987-06-09 00:00:00-04:00,1.3793504238128662,1.3793504238128662,1.3793504238128662,1.3793504238128662,0,0.0,0.0
1987-06-10 00:00:00-04:00,1.3793504238128662,1.3793504238128662,1.3793504238128662,1.3793504238128662,0,0.0,0.0
1987-06-11 00:00:00-04:00,0.0,1.4005714654922485,1.3793504952936013,1.4005714654922485,5400,0.0,0.0
1987-06-12 00:00:00-04:00,0.0,1.4642332792282104,1.4642332792282104,1.4642332792282104,4950,0.0,0.0
1987-06-15 00:00:00-04:00,0.0,1.3793504238128662,1.3793504238128662,1.3793504238128662,450,0.0,0.0
1987-06-16 00:00:00-04:00,0.0,1.3793504238128662,1.3793504238128662,1.3793504238128662,900,0.0,0.0
1987-06-17 00:00:00-04:00,0.0,1.4005713929117998,1.3793504238128662,1.3793504238128662,10350,0.0,0.0
1987-06-18 00:00:00-04:00,1.3793504238128662,1.3793504238128662,1.3793504238128662,1.3793504238128662,0,0.0,0.0
1987-06-19 00:00:00-04:00,0.0,1.4430125951766968,1.4430125951766968,1.4430125951766968,450,0.0,0.0
1987-06-22 00:00:00-04:00,1.4430125951766968,1.4430125951766968,1.4430125951766968,1.4430125951766968,0,0.0,0.0
1987-06-23 00:00:00-04:00,0.0,1.3793504238128662,1.3793504238128662,1.3793504238128662,3150,0.0,0.0
1987-06-24 00:00:00-04:00,1.3793504238128662,1.3793504238128662,1.3793504238128662,1.3793504238128662,0,0.0,0.0
1987-06-25 00:00:00-04:00,0.0,1.4642332792282104,1.4642332792282104,1.4642332792282104,28350,0.0,0.0
1987-06-26 00:00:00-04:00,1.4642332792282104,1.4642332792282104,1.4642332792282104,1.4642332792282104,0,0.0,0.0
1987-06-29 00:00:00-04:00,0.0,1.4472074508666992,1.3833599437878281,1.4472074508666992,90900,0.01111,0.0
1987-06-30 00:00:00-04:00,0.0,1.383359670639038,1.383359670639038,1.383359670639038,1350,0.0,0.0
1987-07-01 00:00:00-04:00,0.0,1.383359670639038,1.383359670639038,1.383359670639038,900,0.0,0.0
1987-07-02 00:00:00-04:00,0.0,1.383359670639038,1.383359670639038,1.383359670639038,4500,0.0,0.0
1987-07-06 00:00:00-04:00,1.383359670639038,1.383359670639038,1.383359670639038,1.383359670639038,0,0.0,0.0
1987-07-07 00:00:00-04:00,1.383359670639038,1.383359670639038,1.383359670639038,1.383359670639038,0,0.0,0.0
1987-07-08 00:00:00-04:00,0.0,1.4472074508666992,1.4472074508666992,1.4472074508666992,1800,0.0,0.0
1987-07-09 00:00:00-04:00,0.0,1.4472074508666992,1.4472074508666992,1.4472074508666992,900,0.0,0.0
1987-07-10 00:00:00-04:00,0.0,1.383359670639038,1.383359670639038,1.383359670639038,2250,0.0,0.0
1987-07-13 00:00:00-04:00,0.0,1.4472074508666992,1.4472074508666992,1.4472074508666992,1350,0.0,0.0
1987-07-14 00:00:00-04:00,0.0,1.4472074508666992,1.3833599437878281,1.4472074508666992,4950,0.0,0.0
1987-07-15 00:00:00-04:00,0.0,1.4472074508666992,1.4472074508666992,1.4472074508666992,2700,0.0,0.0
1987-07-16 00:00:00-04:00,0.0,1.383359670639038,1.383359670639038,1.383359670639038,4500,0.0,0.0
1987-07-17 00:00:00-04:00,0.0,1.383359670639038,1.383359670639038,1.383359670639038,900,0.0,0.0
1987-07-20 00:00:00-04:00,0.0,1.383359670639038,1.383359670639038,1.383359670639038,2700,0.0,0.0
1987-07-21 00:00:00-04:00,0.0,1.4259248971939087,1.4259248971939087,1.4259248971939087,450,0.0,0.0
1987-07-22 00:00:00-04:00,0.0,1.4259246060640913,1.383359670639038,1.383359670639038,1350,0.0,0.0
1987-07-23 00:00:00-04:00,1.383359670639038,1.383359670639038,1.383359670639038,1.383359670639038,0,0.0,0.0
1987-07-24 00:00:00-04:00,0.0,1.4046425819396973,1.4046425819396973,1.4046425819396973,22500,0.0,0.0
1987-07-27 00:00:00-04:00,1.4046425819396973,1.4046425819396973,1.4046425819396973,1.4046425819396973,0,0.0,0.0
1987-07-28 00:00:00-04:00,0.0,1.4472074339369838,1.3833599276050133,1.4046425819396973,27450,0.0,0.0
1987-07-29 00:00:00-04:00,0.0,1.415283235206229,1.383359670639038,1.383359670639038,32400,0.0,0.0
1987-07-30 00:00:00-04:00,0.0,1.383359670639038,1.383359670639038,1.383359670639038,450,0.0,0.0
1987-07-31 00:00:00-04:00,0.0,1.3620765209197998,1.3620765209197998,1.3620765209197998,5850,0.0,0.0
1987-08-03 00:00:00-04:00,1.3620765209197998,1.3620765209197998,1.3620765209197998,1.3620765209197998,0,0.0,0.0
1987-08-04 00:00:00-04:00,1.3620765209197998,1.3620765209197998,1.3620765209197998,1.3620765209197998,0,0.0,0.0
1987-08-05 00:00:00-04:00,0.0,1.3620765209197998,1.3620765209197998,1.3620765209197998,1350,0.0,0.0
1987-08-06 00:00:00-04:00,1.3620765209197998,1.3620765209197998,1.3620765209197998,1.3620765209197998,0,0.0,0.0
1987-08-07 00:00:00-04:00,1.3620765209197998,1.3620765209197998,1.3620765209197998,1.3620765209197998,0,0.0,0.0
1987-08-10 00:00:00-04:00,0.0,1.3620765209197998,1.3620765209197998,1.3620765209197998,450,0.0,0.0
1987-08-11 00:00:00-04:00,0.0,1.4046413351351983,1.3620765209197998,1.3620765209197998,43200,0.0,0.0
1987-08-12 00:00:00-04:00,0.0,1.3620765209197998,1.3620765209197998,1.3620765209197998,900,0.0,0.0
1987-08-13 00:00:00-04:00,0.0,1.3620765209197998,1.3620765209197998,1.3620765209197998,1350,0.0,0.0
1987-08-14 00:00:00-04:00,0.0,1.3620765209197998,1.3620765209197998,1.3620765209197998,2250,0.0,0.0
1987-08-17 00:00:00-04:00,0.0,1.3833584962139902,1.31951105594635,1.31951105594635,22950,0.0,0.0
1987-08-18 00:00:00-04:00,0.0,1.3620765209197998,1.3195112500327255,1.3620765209197998,30600,0.0,0.0
1987-08-19 00:00:00-04:00,1.3620765209197998,1.3620765209197998,1.3620765209197998,1.3620765209197998,0,0.0,0.0
1987-08-20 00:00:00-04:00,0.0,1.3620765209197998,1.3195112500327255,1.3620765209197998,18000,0.0,0.0
1987-08-21 00:00:00-04:00,1.3620765209197998,1.3620765209197998,1.3620765209197998,1.3620765209197998,0,0.0,0.0
1987-08-24 00:00:00-04:00,1.3620765209197998,1.3620765209197998,1.3620765209197998,1.3620765209197998,0,0.0,0.0
1987-08-25 00:00:00-04:00,0.0,1.383359670639038,1.383359670639038,1.383359670639038,1800,0.0,0.0
1987-08-26 00:00:00-04:00,0.0,1.31951105594635,1.31951105594635,1.31951105594635,900,0.0,0.0
1987-08-27 00:00:00-04:00,1.31951105594635,1.31951105594635,1.31951105594635,1.31951105594635,0,0.0,0.0
1987-08-28 00:00:00-04:00,0.0,1.31951105594635,1.31951105594635,1.31951105594635,900,0.0,0.0
1987-08-31 00:00:00-04:00,1.31951105594635,1.31951105594635,1.31951105594635,1.31951105594635,0,0.0,0.0
1987-09-01 00:00:00-04:00,0.0,1.31951105594635,1.31951105594635,1.31951105594635,1350,0.0,0.0
1987-09-02 00:00:00-04:00,0.0,1.3620765209197998,1.3195112500327255,1.3620765209197998,3150,0.0,0.0
1987-09-03 00:00:00-04:00,0.0,1.383359670639038,1.383359670639038,1.383359670639038,4500,0.0,0.0
1987-09-04 00:00:00-04:00,0.0,1.3833584962139902,1.31951105594635,1.31951105594635,1800,0.0,0.0
1987-09-08 00:00:00-04:00,0.0,1.3833584962139902,1.31951105594635,1.31951105594635,17100,0.0,0.0
1987-09-09 00:00:00-04:00,1.31951105594635,1.31951105594635,1.31951105594635,1.31951105594635,0,0.0,0.0
1987-09-10 00:00:00-04:00,0.0,1.31951105594635,1.31951105594635,1.31951105594635,2250,0.0,0.0
1987-09-11 00:00:00-04:00,1.31951105594635,1.31951105594635,1.31951105594635,1.31951105594635,0,0.0,0.0
1987-09-14 00:00:00-04:00,0.0,1.383359670639038,1.383359670639038,1.383359670639038,900,0.0,0.0
1987-09-15 00:00:00-04:00,1.383359670639038,1.383359670639038,1.383359670639038,1.383359670639038,0,0.0,0.0
1987-09-16 00:00:00-04:00,1.383359670639038,1.383359670639038,1.383359670639038,1.383359670639038,0,0.0,0.0
1987-09-17 00:00:00-04:00,1.383359670639038,1.383359670639038,1.383359670639038,1.383359670639038,0,0.0,0.0
1987-09-18 00:00:00-04:00,0.0,1.31951105594635,1.31951105594635,1.31951105594635,6750,0.0,0.0
1987-09-21 00:00:00-04:00,0.0,1.31951105594635,1.31951105594635,1.31951105594635,4500,0.0,0.0
1987-09-22 00:00:00-04:00,0.0,1.383359670639038,1.3195121761670587,1.383359670639038,1350,0.0,0.0
1987-09-23 00:00:00-04:00,0.0,1.31951105594635,1.31951105594635,1.31951105594635,2250,0.0,0.0
1987-09-24 00:00:00-04:00,1.3237816095352173,1.3237816095352173,1.3237816095352173,1.3237816095352173,0,0.01111,0.0
1987-09-25 00:00:00-04:00,0.0,1.387836658900864,1.3024314641952515,1.3024314641952515,4500,0.0,0.0
1987-09-28 00:00:00-04:00,0.0,1.3664846420288086,1.3024305613280225,1.3664846420288086,13500,0.0,0.0
1987-09-29 00:00:00-04:00,1.3664846420288086,1.3664846420288086,1.3664846420288086,1.3664846420288086,0,0.0,0.0
1987-09-30 00:00:00-04:00,0.0,1.387836658900864,1.3024314641952515,1.3024314641952515,7200,0.0,0.0
1987-10-01 00:00:00-04:00,0.0,1.3664846420288086,1.3664846420288086,1.3664846420288086,4500,0.0,0.0
1987-10-02 00:00:00-04:00,0.0,1.2810792922973633,1.2810792922973633,1.2810792922973633,3150,0.0,0.0
1987-10-05 00:00:00-04:00,1.2810792922973633,1.2810792922973633,1.2810792922973633,1.2810792922973633,0,0.0,0.0
1987-10-06 00:00:00-04:00,1.2810792922973633,1.2810792922973633,1.2810792922973633,1.2810792922973633,0,0.0,0.0
1987-10-07 00:00:00-04:00,0.0,1.3451334238052368,1.3451334238052368,1.3451334238052368,2250,0.0,0.0
1987-10-08 00:00:00-04:00,0.0,1.2810792922973633,1.2810792922973633,1.2810792922973633,900,0.0,0.0
1987-10-09 00:00:00-04:00,0.0,1.3451334238052368,1.3451334238052368,1.3451334238052368,450,0.0,0.0
1987-10-12 00:00:00-04:00,1.3451334238052368,1.3451334238052368,1.3451334238052368,1.3451334238052368,0,0.0,0.0
1987-10-13 00:00:00-04:00,0.0,1.3237816095352173,1.3237816095352173,1.3237816095352173,900,0.0,0.0
1987-10-14 00:00:00-04:00,0.0,1.2917557912205735,1.2597289085388184,1.2597289085388184,5850,0.0,0.0
1987-10-15 00:00:00-04:00,1.2597289085388184,1.2597289085388184,1.2597289085388184,1.2597289085388184,0,0.0,0.0
1987-10-16 00:00:00-04:00,1.2597289085388184,1.2597289085388184,1.2597289085388184,1.2597289085388184,0,0.0,0.0
1987-10-19 00:00:00-04:00,0.0,1.2383775940134583,1.1956748962402344,1.1956748962402344,5400,0.0,0.0
1987-10-20 00:00:00-04:00,0.0,1.2170248403369917,1.110268235206604,1.110268235206604,37350,0.0,0.0
1987-10-21 00:00:00-04:00,0.0,1.1956737123524874,1.110268584629324,1.1529711484909058,17550,0.0,0.0
1987-10-22 00:00:00-04:00,0.0,1.1529711484909058,1.067565929137828,1.1529711484909058,8550,0.0,0.0
1987-10-23 00:00:00-04:00,0.0,1.0675663948059082,1.0675663948059082,1.0675663948059082,450,0.0,0.0
1987-10-26 00:00:00-05:00,1.0675663948059082,1.0675663948059082,1.0675663948059082,1.0675663948059082,0,0.0,0.0
1987-10-27 00:00:00-05:00,0.0,1.0675663948059082,1.0675663948059082,1.0675663948059082,2250,0.0,0.0
1987-10-28 00:00:00-05:00,0.0,1.110268235206604,1.046214180498486,1.110268235206604,9000,0.0,0.0
1987-10-29 00:00:00-05:00,0.0,1.110268235206604,1.110268235206604,1.110268235206604,1800,0.0,0.0
1987-10-30 00:00:00-05:00,0.0,1.11026922713535,1.0248639583587646,1.0248639583587646,1350,0.0,0.0
1987-11-02 00:00:00-05:00,1.0248639583587646,1.0248639583587646,1.0248639583587646,1.0248639583587646,0,0.0,0.0
1987-11-03 00:00:00-05:00,0.0,1.0248639583587646,1.0248639583587646,1.0248639583587646,6750,0.0,0.0
1987-11-04 00:00:00-05:00,0.0,1.1529711484909058,1.067565929137828,1.1529711484909058,18000,0.0,0.0
1987-11-05 00:00:00-05:00,0.0,1.1529711484909058,1.0248633652762464,1.1529711484909058,32400,0.0,0.0
1987-11-06 00:00:00-05:00,0.0,1.1529711484909058,1.067565929137828,1.1529711484909058,5400,0.0,0.0
1987-11-09 00:00:00-05:00,0.0,1.1743230819702148,1.088917465372009,1.1743230819702148,19800,0.0,0.0
1987-11-10 00:00:00-05:00,0.0,1.0889173746109009,1.0889173746109009,1.0889173746109009,2250,0.0,0.0
1987-11-11 00:00:00-05:00,1.0889173746109009,1.0889173746109009,1.0889173746109009,1.0889173746109009,0,0.0,0.0
1987-11-12 00:00:00-05:00,1.0889173746109009,1.0889173746109009,1.0889173746109009,1.0889173746109009,0,0.0,0.0
1987-11-13 00:00:00-05:00,0.0,1.0889173746109009,1.0889173746109009,1.0889173746109009,2250,0.0,0.0
1987-11-16 00:00:00-05:00,1.0889173746109009,1.0889173746109009,1.0889173746109009,1.0889173746109009,0,0.0,0.0
1987-11-17 00:00:00-05:00,0.0,1.1743230819702148,1.088917465372009,1.1743230819702148,900,0.0,0.0
1987-11-18 00:00:00-05:00,1.1743230819702148,1.1743230819702148,1.1743230819702148,1.1743230819702148,0,0.0,0.0
1987-11-19 00:00:00-05:00,1.1743230819702148,1.1743230819702148,1.1743230819702148,1.1743230819702148,0,0.0,0.0
1987-11-20 00:00:00-05:00,1.1743230819702148,1.1743230819702148,1.1743230819702148,1.1743230819702148,0,0.0,0.0
1987-11-23 00:00:00-05:00,0.0,1.0889173746109009,1.0889173746109009,1.0889173746109009,450,0.0,0.0
1987-11-24 00:00:00-05:00,0.0,1.0889173746109009,1.0889173746109009,1.0889173746109009,2250,0.0,0.0
1987-11-25 00:00:00-05:00,1.0889173746109009,1.0889173746109009,1.0889173746109009,1.0889173746109009,0,0.0,0.0
1987-11-27 00:00:00-05:00,1.0889173746109009,1.0889173746109009,1.0889173746109009,1.0889173746109009,0,0.0,0.0
1987-11-30 00:00:00-05:00,1.0889173746109009,1.0889173746109009,1.0889173746109009,1.0889173746109009,0,0.0,0.0
1987-12-01 00:00:00-05:00,0.0,1.1529716514124082,1.0675663948059082,1.0675663948059082,3600,0.0,0.0
1987-12-02 00:00:00-05:00,0.0,1.1529716514124082,1.0675663948059082,1.0675663948059082,12600,0.0,0.0
1987-12-03 00:00:00-05:00,1.0675663948059082,1.0675663948059082,1.0675663948059082,1.0675663948059082,0,0.0,0.0
1987-12-04 00:00:00-05:00,0.0,1.1529711484909058,1.067565929137828,1.1529711484909058,5850,0.0,0.0
1987-12-07 00:00:00-05:00,0.0,1.1529724088480235,1.0248644855938178,1.0462156534194946,52200,0.0,0.0
1987-12-08 00:00:00-05:00,0.0,1.1316198110580444,1.0248635224742229,1.1316198110580444,13950,0.0,0.0
1987-12-09 00:00:00-05:00,0.0,1.1529711484909058,1.0248633652762464,1.1529711484909058,3600,0.0,0.0
1987-12-10 00:00:00-05:00,0.0,1.1316198110580444,1.0248635224742229,1.1316198110580444,9900,0.0,0.0
1987-12-11 00:00:00-05:00,0.0,1.110268235206604,1.110268235206604,1.110268235206604,2700,0.0,0.0
1987-12-14 00:00:00-05:00,0.0,1.110268235206604,1.110268235206604,1.110268235206604,2250,0.0,0.0
1987-12-15 00:00:00-05:00,0.0,1.1102692643457266,0.9821614027023315,0.9821614027023315,15300,0.0,0.0
1987-12-16 00:00:00-05:00,0.0,1.0782423905648484,0.9821614027023315,0.9821614027023315,90900,0.0,0.0
1987-12-17 00:00:00-05:00,0.0,1.1102692643457266,0.9821614027023315,0.9821614027023315,9000,0.0,0.0
1987-12-18 00:00:00-05:00,0.0,1.110268235206604,0.9821604923099098,1.110268235206604,44100,0.0,0.0
1987-12-21 00:00:00-05:00,0.0,1.1102692643457266,0.9821614027023315,0.9821614027023315,31050,0.0,0.0
1987-12-22 00:00:00-05:00,0.0,1.1102692643457266,0.9821614027023315,0.9821614027023315,12150,0.0,0.0
1987-12-23 00:00:00-05:00,0.0,1.0889177402685633,0.9821614027023315,0.9821614027023315,27900,0.0,0.0
1987-12-24 00:00:00-05:00,0.0,1.11026922713535,1.0248639583587646,1.0248639583587646,47250,0.0,0.0
1987-12-28 00:00:00-05:00,0.0,0.9821614027023315,0.9821614027023315,0.9821614027023315,11700,0.0,0.0
1987-12-29 00:00:00-05:00,0.0,1.0248639583587646,0.9821613697854555,1.0248639583587646,39600,0.0,0.0
1987-12-30 00:00:00-05:00,0.0,1.0355393424105213,0.9821614027023315,0.9821614027023315,1800,0.0,0.0
1987-12-31 00:00:00-05:00,0.0,1.0995934564921597,0.9821614027023315,0.9821614027023315,11250,0.0,0.0
1988-01-04 00:00:00-05:00,0.0,1.110268235206604,1.110268235206604,1.110268235206604,3150,0.0,0.0
1988-01-05 00:00:00-05:00,0.0,1.1529707856288736,1.110268235206604,1.110268235206604,7200,0.0,0.0
1988-01-06 00:00:00-05:00,0.0,1.0675663948059082,1.0675663948059082,1.0675663948059082,2250,0.0,0.0
1988-01-07 00:00:00-05:00,1.0675663948059082,1.0675663948059082,1.0675663948059082,1.0675663948059082,0,0.0,0.0
1988-01-08 00:00:00-05:00,0.0,1.0889173746109009,1.0889173746109009,1.0889173746109009,900,0.0,0.0
1988-01-11 00:00:00-05:00,0.0,1.0889173746109009,1.0889173746109009,1.0889173746109009,450,0.0,0.0
1988-01-12 00:00:00-05:00,1.0889173746109009,1.0889173746109009,1.0889173746109009,1.0889173746109009,0,0.0,0.0
1988-01-13 00:00:00-05:00,1.0889173746109009,1.0889173746109009,1.0889173746109009,1.0889173746109009,0,0.0,0.0
1988-01-14 00:00:00-05:00,1.0889173746109009,1.0889173746109009,1.0889173746109009,1.0889173746109009,0,0.0,0.0
1988-01-15 00:00:00-05:00,1.0889173746109009,1.0889173746109009,1.0889173746109009,1.0889173746109009,0,0.0,0.0
1988-01-18 00:00:00-05:00,1.0889173746109009,1.0889173746109009,1.0889173746109009,1.0889173746109009,0,0.0,0.0
1988-01-19 00:00:00-05:00,1.0889173746109009,1.0889173746109009,1.0889173746109009,1.0889173746109009,0,0.0,0.0
1988-01-20 00:00:00-05:00,0.0,1.1529711484909058,1.1529711484909058,1.1529711484909058,2250,0.0,0.0
1988-01-21 00:00:00-05:00,1.1529711484909058,1.1529711484909058,1.1529711484909058,1.1529711484909058,0,0.0,0.0
1988-01-22 00:00:00-05:00,0.0,1.0889173746109009,1.0889173746109009,1.0889173746109009,450,0.0,0.0
1988-01-25 00:00:00-05:00,0.0,1.0288987159729004,1.0288987159729004,1.0288987159729004,900,0.01111,0.0
1988-01-26 00:00:00-05:00,0.0,1.2003815174102783,1.0717693269618314,1.2003815174102783,8550,0.0,0.0
1988-01-27 00:00:00-05:00,0.0,1.0717684030532837,1.0717684030532837,1.0717684030532837,9000,0.0,0.0
1988-01-28 00:00:00-05:00,0.0,1.1360751390457153,1.1360751390457153,1.1360751390457153,450,0.0,0.0
1988-01-29 00:00:00-05:00,0.0,1.0932036638259888,1.0932036638259888,1.0932036638259888,900,0.0,0.0
1988-02-01 00:00:00-05:00,0.0,1.2218165397644043,1.2218165397644043,1.2218165397644043,450,0.0,0.0
1988-02-02 00:00:00-05:00,1.2218165397644043,1.2218165397644043,1.2218165397644043,1.2218165397644043,0,0.0,0.0
1988-02-03 00:00:00-05:00,0.0,1.2218165397644043,1.2218165397644043,1.2218165397644043,900,0.0,0.0
1988-02-04 00:00:00-05:00,1.2218165397644043,1.2218165397644043,1.2218165397644043,1.2218165397644043,0,0.0,0.0
1988-02-05 00:00:00-05:00,1.2218165397644043,1.2218165397644043,1.2218165397644043,1.2218165397644043,0,0.0,0.0
1988-02-08 00:00:00-05:00,1.2218165397644043,1.2218165397644043,1.2218165397644043,1.2218165397644043,0,0.0,0.0
1988-02-09 00:00:00-05:00,1.2218165397644043,1.2218165397644043,1.2218165397644043,1.2218165397644043,0,0.0,0.0
1988-02-10 00:00:00-05:00,1.2218165397644043,1.2218165397644043,1.2218165397644043,1.2218165397644043,0,0.0,0.0
1988-02-11 00:00:00-05:00,1.2218165397644043,1.2218165397644043,1.2218165397644043,1.2218165397644043,0,0.0,0.0
1988-02-12 00:00:00-05:00,1.2218165397644043,1.2218165397644043,1.2218165397644043,1.2218165397644043,0,0.0,0.0
1988-02-16 00:00:00-05:00,0.0,1.114639163017273,1.114639163017273,1.114639163017273,450,0.0,0.0
1988-02-17 00:00:00-05:00,1.114639163017273,1.114639163017273,1.114639163017273,1.114639163017273,0,0.0,0.0
1988-02-18 00:00:00-05:00,0.0,1.2218165397644043,1.1360747199526091,1.2218165397644043,5400,0.0,0.0
1988-02-19 00:00:00-05:00,0.0,1.2218165397644043,1.1146396099646088,1.2218165397644043,7200,0.0,0.0
1988-02-22 00:00:00-05:00,1.2218165397644043,1.2218165397644043,1.2218165397644043,1.2218165397644043,0,0.0,0.0
1988-02-23 00:00:00-05:00,1.2218165397644043,1.2218165397644043,1.2218165397644043,1.2218165397644043,0,0.0,0.0
1988-02-24 00:00:00-05:00,0.0,1.1789453871023323,1.114639163017273,1.114639163017273,1800,0.0,0.0
1988-02-25 00:00:00-05:00,0.0,1.2218165397644043,1.2218165397644043,1.2218165397644043,900,0.0,0.0
1988-02-26 00:00:00-05:00,1.2218165397644043,1.2218165397644043,1.2218165397644043,1.2218165397644043,0,0.0,0.0
1988-02-29 00:00:00-05:00,0.0,1.2110984325408936,1.1146392710459052,1.2110984325408936,4500,0.0,0.0
1988-03-01 00:00:00-05:00,0.0,1.114639163017273,1.114639163017273,1.114639163017273,450,0.0,0.0
1988-03-02 00:00:00-05:00,1.114639163017273,1.114639163017273,1.114639163017273,1.114639163017273,0,0.0,0.0
1988-03-03 00:00:00-05:00,0.0,1.114639163017273,1.114639163017273,1.114639163017273,450,0.0,0.0
1988-03-04 00:00:00-05:00,1.114639163017273,1.114639163017273,1.114639163017273,1.114639163017273,0,0.0,0.0
1988-03-07 00:00:00-05:00,1.114639163017273,1.114639163017273,1.114639163017273,1.114639163017273,0,0.0,0.0
1988-03-08 00:00:00-05:00,1.114639163017273,1.114639163017273,1.114639163017273,1.114639163017273,0,0.0,0.0
1988-03-09 00:00:00-05:00,0.0,1.243252158164978,1.243252158164978,1.243252158164978,900,0.0,0.0
1988-03-10 00:00:00-05:00,1.243252158164978,1.243252158164978,1.243252158164978,1.243252158164978,0,0.0,0.0
1988-03-11 00:00:00-05:00,1.243252158164978,1.243252158164978,1.243252158164978,1.243252158164978,0,0.0,0.0
1988-03-14 00:00:00-05:00,1.243252158164978,1.243252158164978,1.243252158164978,1.243252158164978,0,0.0,0.0
1988-03-15 00:00:00-05:00,1.243252158164978,1.243252158164978,1.243252158164978,1.243252158164978,0,0.0,0.0
1988-03-16 00:00:00-05:00,1.243252158164978,1.243252158164978,1.243252158164978,1.243252158164978,0,0.0,0.0
1988-03-17 00:00:00-05:00,1.243252158164978,1.243252158164978,1.243252158164978,1.243252158164978,0,0.0,0.0
1988-03-18 00:00:00-05:00,1.243252158164978,1.243252158164978,1.243252158164978,1.243252158164978,0,0.0,0.0
1988-03-21 00:00:00-05:00,0.0,1.114639163017273,1.114639163017273,1.114639163017273,900,0.0,0.0
1988-03-22 00:00:00-05:00,1.114639163017273,1.114639163017273,1.114639163017273,1.114639163017273,0,0.0,0.0
1988-03-23 00:00:00-05:00,1.114639163017273,1.114639163017273,1.114639163017273,1.114639163017273,0,0.0,0.0
1988-03-24 00:00:00-05:00,0.0,1.28612220287323,1.1575100929746716,1.28612220287323,23400,0.0,0.0
1988-03-25 00:00:00-05:00,1.2904231548309326,1.2904231548309326,1.2904231548309326,1.2904231548309326,0,0.01111,0.0
1988-03-28 00:00:00-05:00,1.2904231548309326,1.2904231548309326,1.2904231548309326,1.2904231548309326,0,0.0,0.0
1988-03-29 00:00:00-05:00,0.0,1.2796701499431484,1.182888388633728,1.182888388633728,9000,0.0,0.0
1988-03-30 00:00:00-05:00,1.182888388633728,1.182888388633728,1.182888388633728,1.182888388633728,0,0.0,0.0
1988-03-31 00:00:00-05:00,0.0,1.2904231548309326,1.2904231548309326,1.2904231548309326,900,0.0,0.0
1988-04-04 00:00:00-04:00,1.2904231548309326,1.2904231548309326,1.2904231548309326,1.2904231548309326,0,0.0,0.0
1988-04-05 00:00:00-04:00,0.0,1.2904231548309326,1.2904231548309326,1.2904231548309326,900,0.0,0.0
1988-04-06 00:00:00-04:00,1.2904231548309326,1.2904231548309326,1.2904231548309326,1.2904231548309326,0,0.0,0.0
1988-04-07 00:00:00-04:00,0.0,1.2904231548309326,1.2904231548309326,1.2904231548309326,900,0.0,0.0
1988-04-08 00:00:00-04:00,0.0,1.333437442779541,1.1613811682596684,1.333437442779541,2700,0.0,0.0
1988-04-11 00:00:00-04:00,0.0,1.2474100589752197,1.1613818267864122,1.2474100589752197,9000,0.0,0.0
1988-04-12 00:00:00-04:00,1.2474100589752197,1.2474100589752197,1.2474100589752197,1.2474100589752197,0,0.0,0.0
1988-04-13 00:00:00-04:00,1.2474100589752197,1.2474100589752197,1.2474100589752197,1.2474100589752197,0,0.0,0.0
1988-04-14 00:00:00-04:00,0.0,1.333437442779541,1.333437442779541,1.333437442779541,450,0.0,0.0
1988-04-15 00:00:00-04:00,1.333437442779541,1.333437442779541,1.333437442779541,1.333437442779541,0,0.0,0.0
1988-04-18 00:00:00-04:00,1.333437442779541,1.333437442779541,1.333437442779541,1.333437442779541,0,0.0,0.0
1988-04-19 00:00:00-04:00,0.0,1.2904231548309326,1.2904231548309326,1.2904231548309326,2250,0.0,0.0
1988-04-20 00:00:00-04:00,1.2904231548309326,1.2904231548309326,1.2904231548309326,1.2904231548309326,0,0.0,0.0
1988-04-21 00:00:00-04:00,0.0,1.3119311278572037,1.2043956518173218,1.2043956518173218,1800,0.0,0.0
1988-04-22 00:00:00-04:00,1.2043956518173218,1.2043956518173218,1.2043956518173218,1.2043956518173218,0,0.0,0.0
1988-04-25 00:00:00-04:00,1.2043956518173218,1.2043956518173218,1.2043956518173218,1.2043956518173218,0,0.0,0.0
1988-04-26 00:00:00-04:00,1.2043956518173218,1.2043956518173218,1.2043956518173218,1.2043956518173218,0,0.0,0.0
1988-04-27 00:00:00-04:00,0.0,1.1613810062408447,1.1613810062408447,1.1613810062408447,1350,0.0,0.0
1988-04-28 00:00:00-04:00,0.0,1.2474100589752197,1.2474100589752197,1.2474100589752197,1350,0.0,0.0
1988-04-29 00:00:00-04:00,0.0,1.333437442779541,1.333437442779541,1.333437442779541,450,0.0,0.0
1988-05-02 00:00:00-04:00,0.0,1.333437442779541,1.333437442779541,1.333437442779541,450,0.0,0.0
1988-05-03 00:00:00-04:00,1.333437442779541,1.333437442779541,1.333437442779541,1.333437442779541,0,0.0,0.0
1988-05-04 00:00:00-04:00,0.0,1.1613810062408447,1.1613810062408447,1.1613810062408447,900,0.0,0.0
1988-05-05 00:00:00-04:00,1.1613810062408447,1.1613810062408447,1.1613810062408447,1.1613810062408447,0,0.0,0.0
1988-05-06 00:00:00-04:00,0.0,1.2904231548309326,1.1613809501057577,1.2904231548309326,4500,0.0,0.0
1988-05-09 00:00:00-04:00,0.0,1.1613810062408447,1.1613810062408447,1.1613810062408447,1800,0.0,0.0
1988-05-10 00:00:00-04:00,0.0,1.1613810062408447,1.1613810062408447,1.1613810062408447,900,0.0,0.0
1988-05-11 00:00:00-04:00,1.1613810062408447,1.1613810062408447,1.1613810062408447,1.1613810062408447,0,0.0,0.0
1988-05-12 00:00:00-04:00,0.0,1.2474100589752197,1.2043958967316486,1.2474100589752197,19800,0.0,0.0
1988-05-13 00:00:00-04:00,1.2474100589752197,1.2474100589752197,1.2474100589752197,1.2474100589752197,0,0.0,0.0
1988-05-16 00:00:00-04:00,1.2474100589752197,1.2474100589752197,1.2474100589752197,1.2474100589752197,0,0.0,0.0
1988-05-17 00:00:00-04:00,0.0,1.2474100589752197,1.1398745610679568,1.2474100589752197,5400,0.0,0.0
1988-05-18 00:00:00-04:00,0.0,1.2581630945205688,1.193641787121788,1.2581630945205688,900,0.0,0.0
1988-05-19 00:00:00-04:00,0.0,1.13987398147583,1.13987398147583,1.13987398147583,1800,0.0,0.0
1988-05-20 00:00:00-04:00,1.13987398147583,1.13987398147583,1.13987398147583,1.13987398147583,0,0.0,0.0
1988-05-23 00:00:00-04:00,1.13987398147583,1.13987398147583,1.13987398147583,1.13987398147583,0,0.0,0.0
1988-05-24 00:00:00-04:00,0.0,1.13987398147583,1.13987398147583,1.13987398147583,450,0.0,0.0
1988-05-25 00:00:00-04:00,1.13987398147583,1.13987398147583,1.13987398147583,1.13987398147583,0,0.0,0.0
1988-05-26 00:00:00-04:00,1.13987398147583,1.13987398147583,1.13987398147583,1.13987398147583,0,0.0,0.0
1988-05-27 00:00:00-04:00,1.13987398147583,1.13987398147583,1.13987398147583,1.13987398147583,0,0.0,0.0
1988-05-31 00:00:00-04:00,0.0,1.13987398147583,1.13987398147583,1.13987398147583,450,0.0,0.0
1988-06-01 00:00:00-04:00,1.13987398147583,1.13987398147583,1.13987398147583,1.13987398147583,0,0.0,0.0
1988-06-02 00:00:00-04:00,1.13987398147583,1.13987398147583,1.13987398147583,1.13987398147583,0,0.0,0.0
1988-06-03 00:00:00-04:00,1.13987398147583,1.13987398147583,1.13987398147583,1.13987398147583,0,0.0,0.0
1988-06-06 00:00:00-04:00,1.13987398147583,1.13987398147583,1.13987398147583,1.13987398147583,0,0.0,0.0
1988-06-07 00:00:00-04:00,1.13987398147583,1.13987398147583,1.13987398147583,1.13987398147583,0,0.0,0.0
1988-06-08 00:00:00-04:00,1.13987398147583,1.13987398147583,1.13987398147583,1.13987398147583,0,0.0,0.0
1988-06-09 00:00:00-04:00,1.13987398147583,1.13987398147583,1.13987398147583,1.13987398147583,0,0.0,0.0
1988-06-10 00:00:00-04:00,1.13987398147583,1.13987398147583,1.13987398147583,1.13987398147583,0,0.0,0.0
1988-06-13 00:00:00-04:00,0.0,1.13987398147583,1.13987398147583,1.13987398147583,450,0.0,0.0
1988-06-14 00:00:00-04:00,1.13987398147583,1.13987398147583,1.13987398147583,1.13987398147583,0,0.0,0.0
1988-06-15 00:00:00-04:00,1.13987398147583,1.13987398147583,1.13987398147583,1.13987398147583,0,0.0,0.0
1988-06-16 00:00:00-04:00,0.0,1.13987398147583,1.13987398147583,1.13987398147583,450,0.0,0.0
1988-06-17 00:00:00-04:00,1.13987398147583,1.13987398147583,1.13987398147583,1.13987398147583,0,0.0,0.0
1988-06-20 00:00:00-04:00,0.0,1.13987398147583,1.13987398147583,1.13987398147583,450,0.0,0.0
1988-06-21 00:00:00-04:00,0.0,1.3119311332702637,1.3119311332702637,1.3119311332702637,900,0.0,0.0
1988-06-22 00:00:00-04:00,0.0,1.13987398147583,1.13987398147583,1.13987398147583,5850,0.0,0.0
1988-06-23 00:00:00-04:00,1.13987398147583,1.13987398147583,1.13987398147583,1.13987398147583,0,0.0,0.0
1988-06-24 00:00:00-04:00,0.0,1.13987398147583,1.13987398147583,1.13987398147583,7200,0.0,0.0
1988-06-27 00:00:00-04:00,1.13987398147583,1.13987398147583,1.13987398147583,1.13987398147583,0,0.0,0.0
1988-06-28 00:00:00-04:00,1.13987398147583,1.13987398147583,1.13987398147583,1.13987398147583,0,0.0,0.0
1988-06-29 00:00:00-04:00,0.0,1.13987398147583,1.13987398147583,1.13987398147583,450,0.0,0.0
1988-06-30 00:00:00-04:00,0.0,1.2474100589752197,1.1398745610679568,1.2474100589752197,2700,0.0,0.0
1988-07-01 00:00:00-04:00,0.0,1.13987398147583,1.13987398147583,1.13987398147583,2250,0.0,0.0
1988-07-05 00:00:00-04:00,1.13987398147583,1.13987398147583,1.13987398147583,1.13987398147583,0,0.0,0.0
1988-07-06 00:00:00-04:00,0.0,1.13987398147583,1.13987398147583,1.13987398147583,900,0.0,0.0
1988-07-07 00:00:00-04:00,0.0,1.13987398147583,1.13987398147583,1.13987398147583,2700,0.0,0.0
1988-07-08 00:00:00-04:00,0.0,1.13987398147583,1.13987398147583,1.13987398147583,2250,0.0,0.0
1988-07-11 00:00:00-04:00,0.0,1.2366559505462646,1.2259027367635262,1.2366559505462646,4950,0.0,0.0
1988-07-12 00:00:00-04:00,1.2366559505462646,1.2366559505462646,1.2366559505462646,1.2366559505462646,0,0.0,0.0
1988-07-13 00:00:00-04:00,1.2366559505462646,1.2366559505462646,1.2366559505462646,1.2366559505462646,0,0.0,0.0
1988-07-14 00:00:00-04:00,1.2366559505462646,1.2366559505462646,1.2366559505462646,1.2366559505462646,0,0.0,0.0
1988-07-15 00:00:00-04:00,1.2366559505462646,1.2366559505462646,1.2366559505462646,1.2366559505462646,0,0.0,0.0
1988-07-18 00:00:00-04:00,1.2366559505462646,1.2366559505462646,1.2366559505462646,1.2366559505462646,0,0.0,0.0
1988-07-19 00:00:00-04:00,1.2366559505462646,1.2366559505462646,1.2366559505462646,1.2366559505462646,0,0.0,0.0
1988-07-20 00:00:00-04:00,0.0,1.2259021997451782,1.2259021997451782,1.2259021997451782,15750,0.0,0.0
1988-07-21 00:00:00-04:00,1.2259021997451782,1.2259021997451782,1.2259021997451782,1.2259021997451782,0,0.0,0.0
1988-07-22 00:00:00-04:00,0.0,1.13987398147583,1.13987398147583,1.13987398147583,450,0.0,0.0
1988-07-25 00:00:00-04:00,1.1441905498504639,1.1441905498504639,1.1441905498504639,1.1441905498504639,0,0.01111,0.0
1988-07-26 00:00:00-04:00,0.0,1.1441905498504639,1.1441905498504639,1.1441905498504639,1350,0.0,0.0
1988-07-27 00:00:00-04:00,1.1441905498504639,1.1441905498504639,1.1441905498504639,1.1441905498504639,0,0.0,0.0
1988-07-28 00:00:00-04:00,1.1441905498504639,1.1441905498504639,1.1441905498504639,1.1441905498504639,0,0.0,0.0
1988-07-29 00:00:00-04:00,1.1441905498504639,1.1441905498504639,1.1441905498504639,1.1441905498504639,0,0.0,0.0
1988-08-01 00:00:00-04:00,0.0,1.1441905498504639,1.1441905498504639,1.1441905498504639,2250,0.0,0.0
1988-08-02 00:00:00-04:00,0.0,1.230545163154602,1.230545163154602,1.230545163154602,450,0.0,0.0
1988-08-03 00:00:00-04:00,1.230545163154602,1.230545163154602,1.230545163154602,1.230545163154602,0,0.0,0.0
1988-08-04 00:00:00-04:00,0.0,1.1441905498504639,1.1441905498504639,1.1441905498504639,3600,0.0,0.0
1988-08-05 00:00:00-04:00,0.0,1.1549853086471558,1.1549853086471558,1.1549853086471558,2250,0.0,0.0
1988-08-08 00:00:00-04:00,1.1549853086471558,1.1549853086471558,1.1549853086471558,1.1549853086471558,0,0.0,0.0
1988-08-09 00:00:00-04:00,1.1549853086471558,1.1549853086471558,1.1549853086471558,1.1549853086471558,0,0.0,0.0
1988-08-10 00:00:00-04:00,1.1549853086471558,1.1549853086471558,1.1549853086471558,1.1549853086471558,0,0.0,0.0
1988-08-11 00:00:00-04:00,0.0,1.2521343231201172,1.2521343231201172,1.2521343231201172,2250,0.0,0.0
1988-08-12 00:00:00-04:00,1.2521343231201172,1.2521343231201172,1.2521343231201172,1.2521343231201172,0,0.0,0.0
1988-08-15 00:00:00-04:00,0.0,1.230545163154602,1.1441908061659314,1.230545163154602,2700,0.0,0.0
1988-08-16 00:00:00-04:00,1.230545163154602,1.230545163154602,1.230545163154602,1.230545163154602,0,0.0,0.0
1988-08-17 00:00:00-04:00,0.0,1.2305453727806632,1.1441910010813388,1.165779709815979,11700,0.0,0.0
1988-08-18 00:00:00-04:00,0.0,1.2305448874944962,1.1441905498504639,1.1441905498504639,9900,0.0,0.0
1988-08-19 00:00:00-04:00,0.0,1.230545163154602,1.1441908061659314,1.230545163154602,6750,0.0,0.0
1988-08-22 00:00:00-04:00,0.0,1.1441905498504639,1.1441905498504639,1.1441905498504639,2250,0.0,0.0
1988-08-23 00:00:00-04:00,0.0,1.230545163154602,1.230545163154602,1.230545163154602,900,0.0,0.0
1988-08-24 00:00:00-04:00,1.230545163154602,1.230545163154602,1.230545163154602,1.230545163154602,0,0.0,0.0
1988-08-25 00:00:00-04:00,1.230545163154602,1.230545163154602,1.230545163154602,1.230545163154602,0,0.0,0.0
1988-08-26 00:00:00-04:00,1.230545163154602,1.230545163154602,1.230545163154602,1.230545163154602,0,0.0,0.0
1988-08-29 00:00:00-04:00,1.230545163154602,1.230545163154602,1.230545163154602,1.230545163154602,0,0.0,0.0
1988-08-30 00:00:00-04:00,1.230545163154602,1.230545163154602,1.230545163154602,1.230545163154602,0,0.0,0.0
1988-08-31 00:00:00-04:00,0.0,1.230545163154602,1.230545163154602,1.230545163154602,900,0.0,0.0
1988-09-01 00:00:00-04:00,1.230545163154602,1.230545163154602,1.230545163154602,1.230545163154602,0,0.0,0.0
1988-09-02 00:00:00-04:00,1.230545163154602,1.230545163154602,1.230545163154602,1.230545163154602,0,0.0,0.0
1988-09-06 00:00:00-04:00,1.230545163154602,1.230545163154602,1.230545163154602,1.230545163154602,0,0.0,0.0
1988-09-07 00:00:00-04:00,1.230545163154602,1.230545163154602,1.230545163154602,1.230545163154602,0,0.0,0.0
1988-09-08 00:00:00-04:00,0.0,1.1226025819778442,1.1226025819778442,1.1226025819778442,450,0.0,0.0
1988-09-09 00:00:00-04:00,0.0,1.1226025819778442,1.1226025819778442,1.1226025819778442,450,0.0,0.0
1988-09-12 00:00:00-04:00,1.1226025819778442,1.1226025819778442,1.1226025819778442,1.1226025819778442,0,0.0,0.0
1988-09-13 00:00:00-04:00,1.1226025819778442,1.1226025819778442,1.1226025819778442,1.1226025819778442,0,0.0,0.0
1988-09-14 00:00:00-04:00,1.1226025819778442,1.1226025819778442,1.1226025819778442,1.1226025819778442,0,0.0,0.0
1988-09-15 00:00:00-04:00,1.1226025819778442,1.1226025819778442,1.1226025819778442,1.1226025819778442,0,0.0,0.0
1988-09-16 00:00:00-04:00,1.1226025819778442,1.1226025819778442,1.1226025819778442,1.1226025819778442,0,0.0,0.0
1988-09-19 00:00:00-04:00,1.1226025819778442,1.1226025819778442,1.1226025819778442,1.1226025819778442,0,0.0,0.0
1988-09-20 00:00:00-04:00,0.0,1.1226025819778442,1.1226025819778442,1.1226025819778442,1800,0.0,0.0
1988-09-21 00:00:00-04:00,0.0,1.295310616493225,1.165779666021315,1.295310616493225,1800,0.0,0.0
1988-09-22 00:00:00-04:00,1.295310616493225,1.295310616493225,1.295310616493225,1.295310616493225,0,0.0,0.0
1988-09-23 00:00:00-04:00,1.295310616493225,1.295310616493225,1.295310616493225,1.295310616493225,0,0.0,0.0
1988-09-26 00:00:00-04:00,1.295310616493225,1.295310616493225,1.295310616493225,1.295310616493225,0,0.0,0.0
1988-09-27 00:00:00-04:00,0.0,1.1226025819778442,1.1226025819778442,1.1226025819778442,1350,0.0,0.0
1988-09-28 00:00:00-04:00,1.1226025819778442,1.1226025819778442,1.1226025819778442,1.1226025819778442,0,0.0,0.0
1988-09-29 00:00:00-04:00,1.1226025819778442,1.1226025819778442,1.1226025819778442,1.1226025819778442,0,0.0,0.0
1988-09-30 00:00:00-04:00,1.1226025819778442,1.1226025819778442,1.1226025819778442,1.1226025819778442,0,0.0,0.0
1988-10-03 00:00:00-04:00,1.1226025819778442,1.1226025819778442,1.1226025819778442,1.1226025819778442,0,0.0,0.0
1988-10-04 00:00:00-04:00,1.1226025819778442,1.1226025819778442,1.1226025819778442,1.1226025819778442,0,0.0,0.0
1988-10-05 00:00:00-04:00,1.1226025819778442,1.1226025819778442,1.1226025819778442,1.1226025819778442,0,0.0,0.0
1988-10-06 00:00:00-04:00,1.1226025819778442,1.1226025819778442,1.1226025819778442,1.1226025819778442,0,0.0,0.0
1988-10-07 00:00:00-04:00,0.0,1.126936435699463,1.126936435699463,1.126936435699463,2700,0.01111,0.0
1988-10-10 00:00:00-04:00,1.126936435699463,1.126936435699463,1.126936435699463,1.126936435699463,0,0.0,0.0
1988-10-11 00:00:00-04:00,1.126936435699463,1.126936435699463,1.126936435699463,1.126936435699463,0,0.0,0.0
1988-10-12 00:00:00-04:00,0.0,1.126936435699463,1.126936435699463,1.126936435699463,8100,0.0,0.0
1988-10-13 00:00:00-04:00,1.126936435699463,1.126936435699463,1.126936435699463,1.126936435699463,0,0.0,0.0
1988-10-14 00:00:00-04:00,0.0,1.126936435699463,1.126936435699463,1.126936435699463,9000,0.0,0.0
1988-10-17 00:00:00-04:00,0.0,1.126936435699463,1.126936435699463,1.126936435699463,450,0.0,0.0
1988-10-18 00:00:00-04:00,1.126936435699463,1.126936435699463,1.126936435699463,1.126936435699463,0,0.0,0.0
1988-10-19 00:00:00-04:00,1.126936435699463,1.126936435699463,1.126936435699463,1.126936435699463,0,0.0,0.0
1988-10-20 00:00:00-04:00,1.126936435699463,1.126936435699463,1.126936435699463,1.126936435699463,0,0.0,0.0
1988-10-21 00:00:00-04:00,1.126936435699463,1.126936435699463,1.126936435699463,1.126936435699463,0,0.0,0.0
1988-10-24 00:00:00-04:00,0.0,1.126936435699463,1.126936435699463,1.126936435699463,9000,0.0,0.0
1988-10-25 00:00:00-04:00,1.126936435699463,1.126936435699463,1.126936435699463,1.126936435699463,0,0.0,0.0
1988-10-26 00:00:00-04:00,1.126936435699463,1.126936435699463,1.126936435699463,1.126936435699463,0,0.0,0.0
1988-10-27 00:00:00-04:00,1.126936435699463,1.126936435699463,1.126936435699463,1.126936435699463,0,0.0,0.0
1988-10-28 00:00:00-04:00,1.126936435699463,1.126936435699463,1.126936435699463,1.126936435699463,0,0.0,0.0
1988-10-31 00:00:00-05:00,1.126936435699463,1.126936435699463,1.126936435699463,1.126936435699463,0,0.0,0.0
1988-11-01 00:00:00-05:00,1.126936435699463,1.126936435699463,1.126936435699463,1.126936435699463,0,0.0,0.0
1988-11-02 00:00:00-05:00,0.0,1.2136242389678955,1.1269369328356487,1.2136242389678955,7650,0.0,0.0
1988-11-03 00:00:00-05:00,0.0,1.181116047885508,1.126936435699463,1.126936435699463,24300,0.0,0.0
1988-11-04 00:00:00-05:00,1.126936435699463,1.126936435699463,1.126936435699463,1.126936435699463,0,0.0,0.0
1988-11-07 00:00:00-05:00,1.126936435699463,1.126936435699463,1.126936435699463,1.126936435699463,0,0.0,0.0
1988-11-08 00:00:00-05:00,0.0,1.191952109336853,1.191952109336853,1.191952109336853,4500,0.0,0.0
1988-11-09 00:00:00-05:00,0.0,1.181116047885508,1.126936435699463,1.126936435699463,2250,0.0,0.0
1988-11-10 00:00:00-05:00,1.126936435699463,1.126936435699463,1.126936435699463,1.126936435699463,0,0.0,0.0
1988-11-11 00:00:00-05:00,0.0,1.126936435699463,1.126936435699463,1.126936435699463,450,0.0,0.0
1988-11-14 00:00:00-05:00,0.0,1.1702803373336792,1.1702803373336792,1.1702803373336792,4500,0.0,0.0
1988-11-15 00:00:00-05:00,0.0,1.148607850074768,1.148607850074768,1.148607850074768,450,0.0,0.0
1988-11-16 00:00:00-05:00,1.148607850074768,1.148607850074768,1.148607850074768,1.148607850074768,0,0.0,0.0
1988-11-17 00:00:00-05:00,0.0,1.1811161041259766,1.1486080748510241,1.1811161041259766,9000,0.0,0.0
1988-11-18 00:00:00-05:00,0.0,1.1702803373336792,1.1702803373336792,1.1702803373336792,9000,0.0,0.0
1988-11-21 00:00:00-05:00,1.1702803373336792,1.1702803373336792,1.1702803373336792,1.1702803373336792,0,0.0,0.0
1988-11-22 00:00:00-05:00,1.1702803373336792,1.1702803373336792,1.1702803373336792,1.1702803373336792,0,0.0,0.0
1988-11-23 00:00:00-05:00,0.0,1.148607850074768,1.148607850074768,1.148607850074768,450,0.0,0.0
1988-11-25 00:00:00-05:00,1.148607850074768,1.148607850074768,1.148607850074768,1.148607850074768,0,0.0,0.0
1988-11-28 00:00:00-05:00,1.148607850074768,1.148607850074768,1.148607850074768,1.148607850074768,0,0.0,0.0
1988-11-29 00:00:00-05:00,1.148607850074768,1.148607850074768,1.148607850074768,1.148607850074768,0,0.0,0.0
1988-11-30 00:00:00-05:00,0.0,1.148607850074768,1.148607850074768,1.148607850074768,2700,0.0,0.0
1988-12-01 00:00:00-05:00,1.148607850074768,1.148607850074768,1.148607850074768,1.148607850074768,0,0.0,0.0
1988-12-02 00:00:00-05:00,0.0,1.148607850074768,1.148607850074768,1.148607850074768,450,0.0,0.0
1988-12-05 00:00:00-05:00,1.148607850074768,1.148607850074768,1.148607850074768,1.148607850074768,0,0.0,0.0
1988-12-06 00:00:00-05:00,1.148607850074768,1.148607850074768,1.148607850074768,1.148607850074768,0,0.0,0.0
1988-12-07 00:00:00-05:00,1.148607850074768,1.148607850074768,1.148607850074768,1.148607850074768,0,0.0,0.0
1988-12-08 00:00:00-05:00,0.0,1.1811161041259766,1.1486080748510241,1.1811161041259766,46800,0.0,0.0
1988-12-09 00:00:00-05:00,0.0,1.148607850074768,1.148607850074768,1.148607850074768,4050,0.0,0.0
1988-12-12 00:00:00-05:00,0.0,1.191952175887966,1.1486080748510241,1.1811161041259766,27000,0.0,0.0
1988-12-13 00:00:00-05:00,1.1811161041259766,1.1811161041259766,1.1811161041259766,1.1811161041259766,0,0.0,0.0
1988-12-14 00:00:00-05:00,1.1811161041259766,1.1811161041259766,1.1811161041259766,1.1811161041259766,0,0.0,0.0
1988-12-15 00:00:00-05:00,1.1811161041259766,1.1811161041259766,1.1811161041259766,1.1811161041259766,0,0.0,0.0
1988-12-16 00:00:00-05:00,0.0,1.2027881145477295,1.1702804483238889,1.2027881145477295,1800,0.0,0.0
1988-12-19 00:00:00-05:00,0.0,1.148607850074768,1.148607850074768,1.148607850074768,13950,0.0,0.0
1988-12-20 00:00:00-05:00,0.0,1.148607850074768,1.148607850074768,1.148607850074768,4950,0.0,0.0
1988-12-21 00:00:00-05:00,1.148607850074768,1.148607850074768,1.148607850074768,1.148607850074768,0,0.0,0.0
1988-12-22 00:00:00-05:00,0.0,1.2352961527937056,1.1486083918247267,1.2027881145477295,16650,0.0,0.0
1988-12-23 00:00:00-05:00,0.0,1.2191579341888428,1.2191579341888428,1.2191579341888428,4500,0.0828,0.0
1988-12-27 00:00:00-05:00,1.235750436782837,1.235750436782837,1.235750436782837,1.235750436782837,0,0.0,0.0
1988-12-28 00:00:00-05:00,0.0,1.2071359712348368,1.162427306175232,1.162427306175232,10350,0.01222,1.1
1988-12-29 00:00:00-05:00,0.0,1.1177188158035278,1.1177188158035278,1.1177188158035278,2250,0.0,0.0
1988-12-30 00:00:00-05:00,0.0,1.1512498209008026,1.1400725841522217,1.1400725841522217,29700,0.0,0.0
1989-01-03 00:00:00-05:00,1.1400725841522217,1.1400725841522217,1.1400725841522217,1.1400725841522217,0,0.0,0.0
1989-01-04 00:00:00-05:00,0.0,1.1400725841522217,1.1400725841522217,1.1400725841522217,900,0.0,0.0
1989-01-05 00:00:00-05:00,1.1400725841522217,1.1400725841522217,1.1400725841522217,1.1400725841522217,0,0.0,0.0
1989-01-06 00:00:00-05:00,0.0,1.162427306175232,1.162427306175232,1.162427306175232,10800,0.0,0.0
1989-01-09 00:00:00-05:00,1.162427306175232,1.162427306175232,1.162427306175232,1.162427306175232,0,0.0,0.0
1989-01-10 00:00:00-05:00,1.162427306175232,1.162427306175232,1.162427306175232,1.162427306175232,0,0.0,0.0
1989-01-11 00:00:00-05:00,1.162427306175232,1.162427306175232,1.162427306175232,1.162427306175232,0,0.0,0.0
1989-01-12 00:00:00-05:00,1.162427306175232,1.162427306175232,1.162427306175232,1.162427306175232,0,0.0,0.0
1989-01-13 00:00:00-05:00,0.0,1.2071356773376465,1.2071356773376465,1.2071356773376465,4050,0.0,0.0
1989-01-16 00:00:00-05:00,1.2071356773376465,1.2071356773376465,1.2071356773376465,1.2071356773376465,0,0.0,0.0
1989-01-17 00:00:00-05:00,0.0,1.2741981744766235,1.2741981744766235,1.2741981744766235,3150,0.0,0.0
1989-01-18 00:00:00-05:00,1.2741981744766235,1.2741981744766235,1.2741981744766235,1.2741981744766235,0,0.0,0.0
1989-01-19 00:00:00-05:00,0.0,1.2741981744766235,1.2741981744766235,1.2741981744766235,1800,0.0,0.0
1989-01-20 00:00:00-05:00,1.2741981744766235,1.2741981744766235,1.2741981744766235,1.2741981744766235,0,0.0,0.0
1989-01-23 00:00:00-05:00,1.2741981744766235,1.2741981744766235,1.2741981744766235,1.2741981744766235,0,0.0,0.0
1989-01-24 00:00:00-05:00,0.0,1.296553134918213,1.184781159116451,1.296553134918213,8550,0.0,0.0
1989-01-25 00:00:00-05:00,0.0,1.296553134918213,1.2071357269589542,1.296553134918213,31950,0.0,0.0
1989-01-26 00:00:00-05:00,0.0,1.296553134918213,1.2071357269589542,1.296553134918213,10350,0.0,0.0
1989-01-27 00:00:00-05:00,1.296553134918213,1.296553134918213,1.296553134918213,1.296553134918213,0,0.0,0.0
1989-01-30 00:00:00-05:00,0.0,1.2965531589018455,1.2518444061279297,1.2518444061279297,50400,0.0,0.0
1989-01-31 00:00:00-05:00,0.0,1.296553134918213,1.296553134918213,1.296553134918213,900,0.0,0.0
1989-02-01 00:00:00-05:00,1.296553134918213,1.296553134918213,1.296553134918213,1.296553134918213,0,0.0,0.0
1989-02-02 00:00:00-05:00,0.0,1.3412622248595025,1.2518447879716632,1.307730793952942,31500,0.0,0.0
1989-02-03 00:00:00-05:00,0.0,1.341261863708496,1.2518444508973787,1.341261863708496,38700,0.0,0.0
1989-02-06 00:00:00-05:00,1.341261863708496,1.341261863708496,1.341261863708496,1.341261863708496,0,0.0,0.0
1989-02-07 00:00:00-05:00,0.0,1.341261863708496,1.2518444508973787,1.341261863708496,11250,0.0,0.0
1989-02-08 00:00:00-05:00,0.0,1.341261863708496,1.2518444508973787,1.341261863708496,2700,0.0,0.0
1989-02-09 00:00:00-05:00,1.341261863708496,1.341261863708496,1.341261863708496,1.341261863708496,0,0.0,0.0
1989-02-10 00:00:00-05:00,1.341261863708496,1.341261863708496,1.341261863708496,1.341261863708496,0,0.0,0.0
1989-02-13 00:00:00-05:00,0.0,1.2518444061279297,1.2518444061279297,1.2518444061279297,450,0.0,0.0
1989-02-14 00:00:00-05:00,1.2518444061279297,1.2518444061279297,1.2518444061279297,1.2518444061279297,0,0.0,0.0
1989-02-15 00:00:00-05:00,1.2518444061279297,1.2518444061279297,1.2518444061279297,1.2518444061279297,0,0.0,0.0
1989-02-16 00:00:00-05:00,0.0,1.2518444061279297,1.2518444061279297,1.2518444061279297,450,0.0,0.0
1989-02-17 00:00:00-05:00,0.0,1.3189076312233334,1.2518444061279297,1.2518444061279297,4950,0.0,0.0
1989-02-21 00:00:00-05:00,1.2518444061279297,1.2518444061279297,1.2518444061279297,1.2518444061279297,0,0.0,0.0
1989-02-22 00:00:00-05:00,1.2518444061279297,1.2518444061279297,1.2518444061279297,1.2518444061279297,0,0.0,0.0
1989-02-23 00:00:00-05:00,1.2518444061279297,1.2518444061279297,1.2518444061279297,1.2518444061279297,0,0.0,0.0
1989-02-24 00:00:00-05:00,0.0,1.3636165857315063,1.2741991628897378,1.3636165857315063,34650,0.0,0.0
1989-02-27 00:00:00-05:00,0.0,1.363616383997249,1.2518444061279297,1.2518444061279297,4950,0.0,0.0
1989-02-28 00:00:00-05:00,1.2518444061279297,1.2518444061279297,1.2518444061279297,1.2518444061279297,0,0.0,0.0
1989-03-01 00:00:00-05:00,0.0,1.3636165857315063,1.251844591326571,1.3636165857315063,28350,0.0,0.0
1989-03-02 00:00:00-05:00,0.0,1.3636165857315063,1.3636165857315063,1.3636165857315063,13500,0.0,0.0
1989-03-03 00:00:00-05:00,0.0,1.3859710693359375,1.2965537171568815,1.3859710693359375,24750,0.0,0.0
1989-03-06 00:00:00-05:00,0.0,1.3636165857315063,1.3636165857315063,1.3636165857315063,900,0.0,0.0
1989-03-07 00:00:00-05:00,1.3636165857315063,1.3636165857315063,1.3636165857315063,1.3636165857315063,0,0.0,0.0
1989-03-08 00:00:00-05:00,1.3636165857315063,1.3636165857315063,1.3636165857315063,1.3636165857315063,0,0.0,0.0
1989-03-09 00:00:00-05:00,0.0,1.3189077377319336,1.3189077377319336,1.3189077377319336,900,0.0,0.0
1989-03-10 00:00:00-05:00,0.0,1.3859710693359375,1.2965537171568815,1.3859710693359375,7650,0.0,0.0
1989-03-13 00:00:00-05:00,1.3859710693359375,1.3859710693359375,1.3859710693359375,1.3859710693359375,0,0.0,0.0
1989-03-14 00:00:00-05:00,1.3859710693359375,1.3859710693359375,1.3859710693359375,1.3859710693359375,0,0.0,0.0
1989-03-15 00:00:00-05:00,1.3859710693359375,1.3859710693359375,1.3859710693359375,1.3859710693359375,0,0.0,0.0
1989-03-16 00:00:00-05:00,0.0,1.385970551586502,1.2965532328105844,1.330085039138794,44550,0.0,0.0
1989-03-17 00:00:00-05:00,0.0,1.4083250147854467,1.296553134918213,1.296553134918213,5400,0.0,0.0
1989-03-20 00:00:00-05:00,0.0,1.4083261691464524,1.3747947216033936,1.3747947216033936,2700,0.0,0.0
1989-03-21 00:00:00-05:00,0.0,1.3859705221467882,1.341261863708496,1.341261863708496,10350,0.0,0.0
1989-03-22 00:00:00-05:00,0.0,1.4083250761032104,1.4083250761032104,1.4083250761032104,900,0.0,0.0
1989-03-23 00:00:00-05:00,0.0,1.3859710693359375,1.3859710693359375,1.3859710693359375,450,0.0,0.0
1989-03-27 00:00:00-05:00,0.0,1.390905599722465,1.301169891229073,1.346037745475769,3600,0.01222,0.0
1989-03-28 00:00:00-05:00,1.346037745475769,1.346037745475769,1.346037745475769,1.346037745475769,0,0.0,0.0
1989-03-29 00:00:00-05:00,0.0,1.379689335823059,1.3684722969098424,1.379689335823059,3150,0.0,0.0
1989-03-30 00:00:00-05:00,0.0,1.3909045457839966,1.3909045457839966,1.3909045457839966,450,0.0,0.0
1989-03-31 00:00:00-05:00,0.0,1.3909045457839966,1.3909045457839966,1.3909045457839966,9000,0.0,0.0
1989-04-03 00:00:00-04:00,0.0,1.3909058343319818,1.3011701107025146,1.3011701107025146,900,0.0,0.0
1989-04-04 00:00:00-04:00,1.3011701107025146,1.3011701107025146,1.3011701107025146,1.3011701107025146,0,0.0,0.0
1989-04-05 00:00:00-04:00,0.0,1.3011701107025146,1.3011701107025146,1.3011701107025146,1350,0.0,0.0
1989-04-06 00:00:00-04:00,0.0,1.4133391380310059,1.3123863424573625,1.4133391380310059,61650,0.0,0.0
1989-04-07 00:00:00-04:00,0.0,1.4357733726501465,1.3236034440279114,1.4357733726501465,38250,0.0,0.0
1989-04-10 00:00:00-04:00,1.4357733726501465,1.4357733726501465,1.4357733726501465,1.4357733726501465,0,0.0,0.0
1989-04-11 00:00:00-04:00,1.4357733726501465,1.4357733726501465,1.4357733726501465,1.4357733726501465,0,0.0,0.0
1989-04-12 00:00:00-04:00,0.0,1.4357742555849071,1.3684722185134888,1.3684722185134888,9900,0.0,0.0
1989-04-13 00:00:00-04:00,1.3684722185134888,1.3684722185134888,1.3684722185134888,1.3684722185134888,0,0.0,0.0
1989-04-14 00:00:00-04:00,0.0,1.4806419610977173,1.4806419610977173,1.4806419610977173,900,0.0,0.0
1989-04-17 00:00:00-04:00,0.0,1.4021226167678833,1.4021226167678833,1.4021226167678833,9000,0.0,0.0
1989-04-18 00:00:00-04:00,0.0,1.480641895902971,1.390905699586084,1.4582077264785767,31950,0.0,0.0
1989-04-19 00:00:00-04:00,0.0,1.4582077264785767,1.4582077264785767,1.4582077264785767,5400,0.0,0.0
1989-04-20 00:00:00-04:00,1.4582077264785767,1.4582077264785767,1.4582077264785767,1.4582077264785767,0,0.0,0.0
1989-04-21 00:00:00-04:00,0.0,1.4806419610977173,1.3909057608296194,1.4806419610977173,9900,0.0,0.0
1989-04-24 00:00:00-04:00,0.0,1.4918574094772339,1.4918574094772339,1.4918574094772339,2250,0.0,0.0
1989-04-25 00:00:00-04:00,1.4918574094772339,1.4918574094772339,1.4918574094772339,1.4918574094772339,0,0.0,0.0
1989-04-26 00:00:00-04:00,0.0,1.525509045974873,1.390905054607316,1.4357733726501465,44100,0.0,0.0
1989-04-27 00:00:00-04:00,0.0,1.4357733726501465,1.4357733726501465,1.4357733726501465,27450,0.0,0.0
1989-04-28 00:00:00-04:00,0.0,1.503075361251831,1.503075361251831,1.503075361251831,6750,0.0,0.0
1989-05-01 00:00:00-04:00,0.0,1.3909045457839966,1.3909045457839966,1.3909045457839966,4950,0.0,0.0
1989-05-02 00:00:00-04:00,0.0,1.3909045457839966,1.3909045457839966,1.3909045457839966,2700,0.0,0.0
1989-05-03 00:00:00-04:00,0.0,1.503075680222813,1.390905699586084,1.4582077264785767,18900,0.0,0.0
1989-05-04 00:00:00-04:00,0.0,1.4806419610977173,1.3909057608296194,1.4806419610977173,1350,0.0,0.0
1989-05-05 00:00:00-04:00,0.0,1.5030744333720323,1.3909045457839966,1.3909045457839966,4500,0.0,0.0
1989-05-08 00:00:00-04:00,0.0,1.525508487910486,1.3909045457839966,1.3909045457839966,1800,0.0,0.0
1989-05-09 00:00:00-04:00,0.0,1.3909045457839966,1.3909045457839966,1.3909045457839966,450,0.0,0.0
1989-05-10 00:00:00-04:00,1.3909045457839966,1.3909045457839966,1.3909045457839966,1.3909045457839966,0,0.0,0.0
1989-05-11 00:00:00-04:00,0.0,1.503075361251831,1.503075361251831,1.503075361251831,2250,0.0,0.0
1989-05-12 00:00:00-04:00,1.503075361251831,1.503075361251831,1.503075361251831,1.503075361251831,0,0.0,0.0
1989-05-15 00:00:00-04:00,0.0,1.3909045457839966,1.3909045457839966,1.3909045457839966,450,0.0,0.0
1989-05-16 00:00:00-04:00,0.0,1.4806419610977173,1.3909057608296194,1.4806419610977173,7200,0.0,0.0
1989-05-17 00:00:00-04:00,0.0,1.525509238243103,1.525509238243103,1.525509238243103,450,0.0,0.0
1989-05-18 00:00:00-04:00,0.0,1.503074902831973,1.4133391380310059,1.4133391380310059,13950,0.0,0.0
1989-05-19 00:00:00-04:00,1.4133391380310059,1.4133391380310059,1.4133391380310059,1.4133391380310059,0,0.0,0.0
1989-05-22 00:00:00-04:00,0.0,1.4133391380310059,1.4133391380310059,1.4133391380310059,8550,0.0,0.0
1989-05-23 00:00:00-04:00,1.4133391380310059,1.4133391380310059,1.4133391380310059,1.4133391380310059,0,0.0,0.0
1989-05-24 00:00:00-04:00,1.4133391380310059,1.4133391380310059,1.4133391380310059,1.4133391380310059,0,0.0,0.0
1989-05-25 00:00:00-04:00,1.4133391380310059,1.4133391380310059,1.4133391380310059,1.4133391380310059,0,0.0,0.0
1989-05-26 00:00:00-04:00,0.0,1.4806419610977173,1.4357741016540242,1.4806419610977173,14850,0.0,0.0
1989-05-30 00:00:00-04:00,0.0,1.4806419610977173,1.4806419610977173,1.4806419610977173,900,0.0,0.0
1989-05-31 00:00:00-04:00,0.0,1.503075361251831,1.4357737337461196,1.503075361251831,9900,0.0,0.0
1989-06-01 00:00:00-04:00,0.0,1.4357733726501465,1.4357733726501465,1.4357733726501465,1800,0.0,0.0
1989-06-02 00:00:00-04:00,0.0,1.503075361251831,1.4806415816927117,1.503075361251831,5850,0.0,0.0
1989-06-05 00:00:00-04:00,1.503075361251831,1.503075361251831,1.503075361251831,1.503075361251831,0,0.0,0.0
1989-06-06 00:00:00-04:00,0.0,1.4806419610977173,1.4806419610977173,1.4806419610977173,1350,0.0,0.0
1989-06-07 00:00:00-04:00,0.0,1.4357733726501465,1.4357733726501465,1.4357733726501465,6750,0.0,0.0
1989-06-08 00:00:00-04:00,1.4357733726501465,1.4357733726501465,1.4357733726501465,1.4357733726501465,0,0.0,0.0
1989-06-09 00:00:00-04:00,1.4357733726501465,1.4357733726501465,1.4357733726501465,1.4357733726501465,0,0.0,0.0
1989-06-12 00:00:00-04:00,0.0,1.4806419610977173,1.4806419610977173,1.4806419610977173,900,0.0,0.0
1989-06-13 00:00:00-04:00,0.0,1.4806419610977173,1.4806419610977173,1.4806419610977173,4500,0.0,0.0
1989-06-14 00:00:00-04:00,0.0,1.525509238243103,1.4357735536085,1.525509238243103,16200,0.0,0.0
1989-06-15 00:00:00-04:00,0.0,1.4357733726501465,1.4357733726501465,1.4357733726501465,450,0.0,0.0
1989-06-16 00:00:00-04:00,0.0,1.525509238243103,1.4357735536085,1.525509238243103,27000,0.0,0.0
1989-06-19 00:00:00-04:00,0.0,1.525509238243103,1.4357735536085,1.525509238243103,4500,0.0,0.0
1989-06-20 00:00:00-04:00,0.0,1.5030749832295511,1.4357733726501465,1.4357733726501465,900,0.0,0.0
1989-06-21 00:00:00-04:00,1.4357733726501465,1.4357733726501465,1.4357733726501465,1.4357733726501465,0,0.0,0.0
1989-06-22 00:00:00-04:00,1.4357733726501465,1.4357733726501465,1.4357733726501465,1.4357733726501465,0,0.0,0.0
1989-06-23 00:00:00-04:00,0.0,1.525509238243103,1.525509238243103,1.525509238243103,4050,0.0,0.0
1989-06-26 00:00:00-04:00,0.0,1.4404329061508179,1.4404329061508179,1.4404329061508179,4050,0.01222,0.0
1989-06-27 00:00:00-04:00,1.4404329061508179,1.4404329061508179,1.4404329061508179,1.4404329061508179,0,0.0,0.0
1989-06-28 00:00:00-04:00,1.4404329061508179,1.4404329061508179,1.4404329061508179,1.4404329061508179,0,0.0,0.0
1989-06-29 00:00:00-04:00,1.4404329061508179,1.4404329061508179,1.4404329061508179,1.4404329061508179,0,0.0,0.0
1989-06-30 00:00:00-04:00,0.0,1.4404329061508179,1.4404329061508179,1.4404329061508179,4950,0.0,0.0
1989-07-03 00:00:00-04:00,0.0,1.4404329061508179,1.4404329061508179,1.4404329061508179,900,0.0,0.0
1989-07-05 00:00:00-04:00,0.0,1.4629393880897856,1.4404329061508179,1.4404329061508179,18000,0.0,0.0
1989-07-06 00:00:00-04:00,0.0,1.5192067623138428,1.440433282251206,1.5192067623138428,17100,0.0,0.0
1989-07-07 00:00:00-04:00,1.5192067623138428,1.5192067623138428,1.5192067623138428,1.5192067623138428,0,0.0,0.0
1989-07-10 00:00:00-04:00,0.0,1.4404329061508179,1.4404329061508179,1.4404329061508179,2250,0.0,0.0
1989-07-11 00:00:00-04:00,0.0,1.4629393880897856,1.4404329061508179,1.4404329061508179,6750,0.0,0.0
1989-07-12 00:00:00-04:00,1.4404329061508179,1.4404329061508179,1.4404329061508179,1.4404329061508179,0,0.0,0.0
1989-07-13 00:00:00-04:00,1.4404329061508179,1.4404329061508179,1.4404329061508179,1.4404329061508179,0,0.0,0.0
1989-07-14 00:00:00-04:00,0.0,1.530460000038147,1.530460000038147,1.530460000038147,4500,0.0,0.0
1989-07-17 00:00:00-04:00,0.0,1.4404329061508179,1.4404329061508179,1.4404329061508179,4500,0.0,0.0
1989-07-18 00:00:00-04:00,1.4404329061508179,1.4404329061508179,1.4404329061508179,1.4404329061508179,0,0.0,0.0
1989-07-19 00:00:00-04:00,0.0,1.5754734646600657,1.4404330171988828,1.5079530477523804,3150,0.0,0.0
1989-07-20 00:00:00-04:00,0.0,1.462939739227295,1.462939739227295,1.462939739227295,4500,0.0,0.0
1989-07-21 00:00:00-04:00,0.0,1.5079530477523804,1.4404330171988828,1.5079530477523804,4950,0.0,0.0
1989-07-24 00:00:00-04:00,1.5079530477523804,1.5079530477523804,1.5079530477523804,1.5079530477523804,0,0.0,0.0
1989-07-25 00:00:00-04:00,0.0,1.462939739227295,1.462939739227295,1.462939739227295,4500,0.0,0.0
1989-07-26 00:00:00-04:00,0.0,1.5079530477523804,1.4404330171988828,1.5079530477523804,27900,0.0,0.0
1989-07-27 00:00:00-04:00,1.5079530477523804,1.5079530477523804,1.5079530477523804,1.5079530477523804,0,0.0,0.0
1989-07-28 00:00:00-04:00,1.5079530477523804,1.5079530477523804,1.5079530477523804,1.5079530477523804,0,0.0,0.0
1989-07-31 00:00:00-04:00,0.0,1.4404329061508179,1.4404329061508179,1.4404329061508179,2700,0.0,0.0
1989-08-01 00:00:00-04:00,0.0,1.4404329061508179,1.4404329061508179,1.4404329061508179,3150,0.0,0.0
1989-08-02 00:00:00-04:00,1.4404329061508179,1.4404329061508179,1.4404329061508179,1.4404329061508179,0,0.0,0.0
1989-08-03 00:00:00-04:00,1.4404329061508179,1.4404329061508179,1.4404329061508179,1.4404329061508179,0,0.0,0.0
1989-08-04 00:00:00-04:00,0.0,1.4404329061508179,1.4404329061508179,1.4404329061508179,15300,0.0,0.0
1989-08-07 00:00:00-04:00,1.4404329061508179,1.4404329061508179,1.4404329061508179,1.4404329061508179,0,0.0,0.0
1989-08-08 00:00:00-04:00,0.0,1.4404329061508179,1.4404329061508179,1.4404329061508179,1800,0.0,0.0
1989-08-09 00:00:00-04:00,0.0,1.5079530477523804,1.4404330171988828,1.5079530477523804,6300,0.0,0.0
1989-08-10 00:00:00-04:00,0.0,1.5304597997920837,1.4404329061508179,1.4404329061508179,21150,0.0,0.0
1989-08-11 00:00:00-04:00,0.0,1.530460000038147,1.530460000038147,1.530460000038147,900,0.0,0.0
1989-08-14 00:00:00-04:00,0.0,1.530460000038147,1.440433094617721,1.530460000038147,13950,0.0,0.0
1989-08-15 00:00:00-04:00,0.0,1.5079530477523804,1.4629395008729549,1.5079530477523804,36000,0.0,0.0
1989-08-16 00:00:00-04:00,0.0,1.4404329061508179,1.4404329061508179,1.4404329061508179,1350,0.0,0.0
1989-08-17 00:00:00-04:00,0.0,1.5079530477523804,1.5079530477523804,1.5079530477523804,900,0.0,0.0
1989-08-18 00:00:00-04:00,1.5079530477523804,1.5079530477523804,1.5079530477523804,1.5079530477523804,0,0.0,0.0
1989-08-21 00:00:00-04:00,0.0,1.4404329061508179,1.4404329061508179,1.4404329061508179,4500,0.0,0.0
1989-08-22 00:00:00-04:00,0.0,1.4404329061508179,1.4404329061508179,1.4404329061508179,450,0.0,0.0
1989-08-23 00:00:00-04:00,0.0,1.507952931498958,1.4404329061508179,1.4404329061508179,20700,0.0,0.0
1989-08-24 00:00:00-04:00,0.0,1.5304596087966909,1.440432726390429,1.4966992139816284,7200,0.0,0.0
1989-08-25 00:00:00-04:00,1.4966992139816284,1.4966992139816284,1.4966992139816284,1.4966992139816284,0,0.0,0.0
1989-08-28 00:00:00-04:00,0.0,1.530460000038147,1.440433094617721,1.530460000038147,58950,0.0,0.0
1989-08-29 00:00:00-04:00,0.0,1.530460000038147,1.440433094617721,1.530460000038147,40950,0.0,0.0
1989-08-30 00:00:00-04:00,0.0,1.4404329061508179,1.4404329061508179,1.4404329061508179,2700,0.0,0.0
1989-08-31 00:00:00-04:00,0.0,1.530460000038147,1.440433094617721,1.530460000038147,28350,0.0,0.0
1989-09-01 00:00:00-04:00,0.0,1.5079530477523804,1.4404330171988828,1.5079530477523804,50400,0.0,0.0
1989-09-05 00:00:00-04:00,0.0,1.5079530477523804,1.4404330171988828,1.5079530477523804,31500,0.0,0.0
1989-09-06 00:00:00-04:00,1.5079530477523804,1.5079530477523804,1.5079530477523804,1.5079530477523804,0,0.0,0.0
1989-09-07 00:00:00-04:00,0.0,1.5079530477523804,1.4404330171988828,1.5079530477523804,79200,0.0,0.0
1989-09-08 00:00:00-04:00,0.0,1.530460000038147,1.5079531288002124,1.530460000038147,1800,0.0,0.0
1989-09-11 00:00:00-04:00,0.0,1.462939739227295,1.462939739227295,1.462939739227295,8100,0.0,0.0
1989-09-12 00:00:00-04:00,1.462939739227295,1.462939739227295,1.462939739227295,1.462939739227295,0,0.0,0.0
1989-09-13 00:00:00-04:00,0.0,1.530460000038147,1.530460000038147,1.530460000038147,4500,0.0,0.0
1989-09-14 00:00:00-04:00,1.530460000038147,1.530460000038147,1.530460000038147,1.530460000038147,0,0.0,0.0
1989-09-15 00:00:00-04:00,0.0,1.462939739227295,1.462939739227295,1.462939739227295,2700,0.0,0.0
1989-09-18 00:00:00-04:00,1.462939739227295,1.462939739227295,1.462939739227295,1.462939739227295,0,0.0,0.0
1989-09-19 00:00:00-04:00,0.0,1.5529667139053345,1.4629397042212933,1.5529667139053345,24750,0.0,0.0
1989-09-20 00:00:00-04:00,1.5529667139053345,1.5529667139053345,1.5529667139053345,1.5529667139053345,0,0.0,0.0
1989-09-21 00:00:00-04:00,1.5529667139053345,1.5529667139053345,1.5529667139053345,1.5529667139053345,0,0.0,0.0
1989-09-22 00:00:00-04:00,1.5529667139053345,1.5529667139053345,1.5529667139053345,1.5529667139053345,0,0.0,0.0
1989-09-25 00:00:00-04:00,0.0,1.4676176309585571,1.4676176309585571,1.4676176309585571,1350,0.01222,0.0
1989-09-26 00:00:00-04:00,1.4676176309585571,1.4676176309585571,1.4676176309585571,1.4676176309585571,0,0.0,0.0
1989-09-27 00:00:00-04:00,0.0,1.4676176309585571,1.4676176309585571,1.4676176309585571,17100,0.0,0.0
1989-09-28 00:00:00-04:00,1.4676176309585571,1.4676176309585571,1.4676176309585571,1.4676176309585571,0,0.0,0.0
1989-09-29 00:00:00-04:00,0.0,1.4676176309585571,1.4676176309585571,1.4676176309585571,900,0.0,0.0
1989-10-02 00:00:00-04:00,0.0,1.4901973009109497,1.4676183513236671,1.4901973009109497,31500,0.0,0.0
1989-10-03 00:00:00-04:00,1.4901973009109497,1.4901973009109497,1.4901973009109497,1.4901973009109497,0,0.0,0.0
1989-10-04 00:00:00-04:00,0.0,1.535353961985411,1.4676176309585571,1.4676176309585571,21600,0.0,0.0
1989-10-05 00:00:00-04:00,0.0,1.4676176309585571,1.4676176309585571,1.4676176309585571,9000,0.0,0.0
1989-10-06 00:00:00-04:00,1.4676176309585571,1.4676176309585571,1.4676176309585571,1.4676176309585571,0,0.0,0.0
1989-10-09 00:00:00-04:00,0.0,1.5127754211425781,1.4450394642383684,1.5127754211425781,9900,0.0,0.0
1989-10-10 00:00:00-04:00,0.0,1.4901973009109497,1.4337503629813204,1.4901973009109497,12150,0.0,0.0
1989-10-11 00:00:00-04:00,0.0,1.4224601984024048,1.4224601984024048,1.4224601984024048,450,0.0,0.0
1989-10-12 00:00:00-04:00,1.4224601984024048,1.4224601984024048,1.4224601984024048,1.4224601984024048,0,0.0,0.0
1989-10-13 00:00:00-04:00,0.0,1.5127750778024083,1.4224601984024048,1.4224601984024048,4500,0.0,0.0
1989-10-16 00:00:00-04:00,0.0,1.4450393650108466,1.3773030251682024,1.3998814821243286,31500,0.0,0.0
1989-10-17 00:00:00-04:00,1.3998814821243286,1.3998814821243286,1.3998814821243286,1.3998814821243286,0,0.0,0.0
1989-10-18 00:00:00-04:00,1.3998814821243286,1.3998814821243286,1.3998814821243286,1.3998814821243286,0,0.0,0.0
1989-10-19 00:00:00-04:00,1.3998814821243286,1.3998814821243286,1.3998814821243286,1.3998814821243286,0,0.0,0.0
1989-10-20 00:00:00-04:00,0.0,1.3998814821243286,1.3998814821243286,1.3998814821243286,450,0.0,0.0
1989-10-23 00:00:00-04:00,1.3998814821243286,1.3998814821243286,1.3998814821243286,1.3998814821243286,0,0.0,0.0
1989-10-24 00:00:00-04:00,0.0,1.3321454524993896,1.3321454524993896,1.3321454524993896,900,0.0,0.0
1989-10-25 00:00:00-04:00,1.3321454524993896,1.3321454524993896,1.3321454524993896,1.3321454524993896,0,0.0,0.0
1989-10-26 00:00:00-04:00,1.3321454524993896,1.3321454524993896,1.3321454524993896,1.3321454524993896,0,0.0,0.0
1989-10-27 00:00:00-04:00,1.3321454524993896,1.3321454524993896,1.3321454524993896,1.3321454524993896,0,0.0,0.0
1989-10-30 00:00:00-05:00,1.3321454524993896,1.3321454524993896,1.3321454524993896,1.3321454524993896,0,0.0,0.0
1989-10-31 00:00:00-05:00,0.0,1.3998814821243286,1.3547240837249432,1.3998814821243286,30150,0.0,0.0
1989-11-01 00:00:00-05:00,0.0,1.4224603364562673,1.3547240007617891,1.3885923624038696,6300,0.0,0.0
1989-11-02 00:00:00-05:00,1.3885923624038696,1.3885923624038696,1.3885923624038696,1.3885923624038696,0,0.0,0.0
1989-11-03 00:00:00-05:00,0.0,1.399881693194857,1.3547242879867554,1.3547242879867554,4500,0.0,0.0
1989-11-06 00:00:00-05:00,0.0,1.399881693194857,1.3547242879867554,1.3547242879867554,3600,0.0,0.0
1989-11-07 00:00:00-05:00,0.0,1.3885923624038696,1.3321454482909445,1.3885923624038696,900,0.0,0.0
1989-11-08 00:00:00-05:00,1.3885923624038696,1.3885923624038696,1.3885923624038696,1.3885923624038696,0,0.0,0.0
1989-11-09 00:00:00-05:00,1.3885923624038696,1.3885923624038696,1.3885923624038696,1.3885923624038696,0,0.0,0.0
1989-11-10 00:00:00-05:00,1.3885923624038696,1.3885923624038696,1.3885923624038696,1.3885923624038696,0,0.0,0.0
1989-11-13 00:00:00-05:00,0.0,1.3321454524993896,1.3321454524993896,1.3321454524993896,900,0.0,0.0
1989-11-14 00:00:00-05:00,1.3321454524993896,1.3321454524993896,1.3321454524993896,1.3321454524993896,0,0.0,0.0
1989-11-15 00:00:00-05:00,0.0,1.377303123474121,1.332145624954163,1.377303123474121,16650,0.0,0.0
1989-11-16 00:00:00-05:00,1.377303123474121,1.377303123474121,1.377303123474121,1.377303123474121,0,0.0,0.0
1989-11-17 00:00:00-05:00,0.0,1.3998814821243286,1.3321455298713905,1.3998814821243286,21600,0.0,0.0
1989-11-20 00:00:00-05:00,0.0,1.3321454524993896,1.3321454524993896,1.3321454524993896,4500,0.0,0.0
1989-11-21 00:00:00-05:00,0.0,1.377303123474121,1.3095667787967504,1.377303123474121,13050,0.0,0.0
1989-11-22 00:00:00-05:00,1.377303123474121,1.377303123474121,1.377303123474121,1.377303123474121,0,0.0,0.0
1989-11-24 00:00:00-05:00,1.377303123474121,1.377303123474121,1.377303123474121,1.377303123474121,0,0.0,0.0
1989-11-27 00:00:00-05:00,1.377303123474121,1.377303123474121,1.377303123474121,1.377303123474121,0,0.0,0.0
1989-11-28 00:00:00-05:00,0.0,1.377303123474121,1.3095667787967504,1.377303123474121,9000,0.0,0.0
1989-11-29 00:00:00-05:00,1.377303123474121,1.377303123474121,1.377303123474121,1.377303123474121,0,0.0,0.0
1989-11-30 00:00:00-05:00,0.0,1.3095669746398926,1.3095669746398926,1.3095669746398926,4950,0.0,0.0
1989-12-01 00:00:00-05:00,1.3095669746398926,1.3095669746398926,1.3095669746398926,1.3095669746398926,0,0.0,0.0
1989-12-04 00:00:00-05:00,1.3095669746398926,1.3095669746398926,1.3095669746398926,1.3095669746398926,0,0.0,0.0
1989-12-05 00:00:00-05:00,1.3095669746398926,1.3095669746398926,1.3095669746398926,1.3095669746398926,0,0.0,0.0
1989-12-06 00:00:00-05:00,1.3095669746398926,1.3095669746398926,1.3095669746398926,1.3095669746398926,0,0.0,0.0
1989-12-07 00:00:00-05:00,0.0,1.3095669746398926,1.3095669746398926,1.3095669746398926,450,0.0,0.0
1989-12-08 00:00:00-05:00,1.3095669746398926,1.3095669746398926,1.3095669746398926,1.3095669746398926,0,0.0,0.0
1989-12-11 00:00:00-05:00,0.0,1.3547242879867554,1.3095668827786537,1.3547242879867554,15300,0.0,0.0
1989-12-12 00:00:00-05:00,1.3547242879867554,1.3547242879867554,1.3547242879867554,1.3547242879867554,0,0.0,0.0
1989-12-13 00:00:00-05:00,0.0,1.3547242879867554,1.3095668827786537,1.3547242879867554,1350,0.0,0.0
1989-12-14 00:00:00-05:00,0.0,1.354724324162382,1.3095669177484281,1.343435287475586,24750,0.0,0.0
1989-12-15 00:00:00-05:00,1.343435287475586,1.343435287475586,1.343435287475586,1.343435287475586,0,0.0,0.0
1989-12-18 00:00:00-05:00,1.343435287475586,1.343435287475586,1.343435287475586,1.343435287475586,0,0.0,0.0
1989-12-19 00:00:00-05:00,1.343435287475586,1.343435287475586,1.343435287475586,1.343435287475586,0,0.0,0.0
1989-12-20 00:00:00-05:00,0.0,1.3547242879867554,1.3095668827786537,1.3547242879867554,11250,0.0,0.0
1989-12-21 00:00:00-05:00,1.3547242879867554,1.3547242879867554,1.3547242879867554,1.3547242879867554,0,0.0,0.0
1989-12-22 00:00:00-05:00,1.3597089052200317,1.3597089052200317,1.3597089052200317,1.3597089052200317,0,0.01222,1.1
1989-12-26 00:00:00-05:00,0.0,1.2237376514175795,1.1897450685501099,1.1897450685501099,1350,0.0,0.0
1989-12-27 00:00:00-05:00,1.1897450685501099,1.1897450685501099,1.1897450685501099,1.1897450685501099,0,0.0,0.0
1989-12-28 00:00:00-05:00,0.0,1.2237378358840942,1.2237378358840942,1.2237378358840942,1350,0.0,0.0
1989-12-29 00:00:00-05:00,0.0,1.2237378358840942,1.178414287974789,1.2237378358840942,14400,0.0,0.0
1990-01-02 00:00:00-05:00,0.0,1.2237378358840942,1.1330906428115384,1.2237378358840942,900,0.0,0.0
1990-01-03 00:00:00-05:00,0.0,1.2237378358840942,1.2237378358840942,1.2237378358840942,450,0.0,0.0
1990-01-04 00:00:00-05:00,0.0,1.2237378358840942,1.178414287974789,1.2237378358840942,18000,0.0,0.0
1990-01-05 00:00:00-05:00,0.0,1.1557527780532837,1.1557527780532837,1.1557527780532837,900,0.0,0.0
1990-01-08 00:00:00-05:00,1.1557527780532837,1.1557527780532837,1.1557527780532837,1.1557527780532837,0,0.0,0.0
1990-01-09 00:00:00-05:00,0.0,1.2237378358840942,1.2237378358840942,1.2237378358840942,450,0.0,0.0
1990-01-10 00:00:00-05:00,0.0,1.2237378358840942,1.2237378358840942,1.2237378358840942,4500,0.0,0.0
1990-01-11 00:00:00-05:00,0.0,1.246400417411132,1.1784148216247559,1.1784148216247559,1350,0.0,0.0
1990-01-12 00:00:00-05:00,1.1784148216247559,1.1784148216247559,1.1784148216247559,1.1784148216247559,0,0.0,0.0
1990-01-15 00:00:00-05:00,1.1784148216247559,1.1784148216247559,1.1784148216247559,1.1784148216247559,0,0.0,0.0
1990-01-16 00:00:00-05:00,0.0,1.2464003999196556,1.1557527780532837,1.1557527780532837,2700,0.0,0.0
1990-01-17 00:00:00-05:00,0.0,1.2010763458514995,1.1557527780532837,1.1557527780532837,2700,0.0,0.0
1990-01-18 00:00:00-05:00,0.0,1.246400237083435,1.246400237083435,1.246400237083435,4050,0.0,0.0
1990-01-19 00:00:00-05:00,1.246400237083435,1.246400237083435,1.246400237083435,1.246400237083435,0,0.0,0.0
1990-01-22 00:00:00-05:00,1.246400237083435,1.246400237083435,1.246400237083435,1.246400237083435,0,0.0,0.0
1990-01-23 00:00:00-05:00,1.246400237083435,1.246400237083435,1.246400237083435,1.246400237083435,0,0.0,0.0
1990-01-24 00:00:00-05:00,1.246400237083435,1.246400237083435,1.246400237083435,1.246400237083435,0,0.0,0.0
1990-01-25 00:00:00-05:00,1.246400237083435,1.246400237083435,1.246400237083435,1.246400237083435,0,0.0,0.0
1990-01-26 00:00:00-05:00,0.0,1.1784148216247559,1.1784148216247559,1.1784148216247559,450,0.0,0.0
1990-01-29 00:00:00-05:00,0.0,1.246400417411132,1.1784148216247559,1.1784148216247559,8100,0.0,0.0
1990-01-30 00:00:00-05:00,1.1784148216247559,1.1784148216247559,1.1784148216247559,1.1784148216247559,0,0.0,0.0
1990-01-31 00:00:00-05:00,1.1784148216247559,1.1784148216247559,1.1784148216247559,1.1784148216247559,0,0.0,0.0
1990-02-01 00:00:00-05:00,0.0,1.246400237083435,1.246400237083435,1.246400237083435,900,0.0,0.0
1990-02-02 00:00:00-05:00,0.0,1.246400237083435,1.2010761889366488,1.246400237083435,13950,0.0,0.0
1990-02-05 00:00:00-05:00,0.0,1.246400237083435,1.1784146511331322,1.246400237083435,29700,0.0,0.0
1990-02-06 00:00:00-05:00,0.0,1.2690622806549072,1.2010766676098392,1.2690622806549072,22500,0.0,0.0
1990-02-07 00:00:00-05:00,0.0,1.2690622806549072,1.1784151207748634,1.2690622806549072,900,0.0,0.0
1990-02-08 00:00:00-05:00,0.0,1.2690622806549072,1.2690622806549072,1.2690622806549072,1800,0.0,0.0
1990-02-09 00:00:00-05:00,1.2690622806549072,1.2690622806549072,1.2690622806549072,1.2690622806549072,0,0.0,0.0
1990-02-12 00:00:00-05:00,1.2690622806549072,1.2690622806549072,1.2690622806549072,1.2690622806549072,0,0.0,0.0
1990-02-13 00:00:00-05:00,0.0,1.2237378358840942,1.2237378358840942,1.2237378358840942,2700,0.0,0.0
1990-02-14 00:00:00-05:00,1.2237378358840942,1.2237378358840942,1.2237378358840942,1.2237378358840942,0,0.0,0.0
1990-02-15 00:00:00-05:00,1.2237378358840942,1.2237378358840942,1.2237378358840942,1.2237378358840942,0,0.0,0.0
1990-02-16 00:00:00-05:00,1.2237378358840942,1.2237378358840942,1.2237378358840942,1.2237378358840942,0,0.0,0.0
1990-02-20 00:00:00-05:00,0.0,1.2690622806549072,1.2690622806549072,1.2690622806549072,5400,0.0,0.0
1990-02-21 00:00:00-05:00,1.2690622806549072,1.2690622806549072,1.2690622806549072,1.2690622806549072,0,0.0,0.0
1990-02-22 00:00:00-05:00,1.2690622806549072,1.2690622806549072,1.2690622806549072,1.2690622806549072,0,0.0,0.0
1990-02-23 00:00:00-05:00,0.0,1.2690617748869515,1.246400237083435,1.246400237083435,18900,0.0,0.0
1990-02-26 00:00:00-05:00,0.0,1.2917232513427734,1.2463997086804814,1.2917232513427734,7200,0.0,0.0
1990-02-27 00:00:00-05:00,1.2917232513427734,1.2917232513427734,1.2917232513427734,1.2917232513427734,0,0.0,0.0
1990-02-28 00:00:00-05:00,1.2917232513427734,1.2917232513427734,1.2917232513427734,1.2917232513427734,0,0.0,0.0
1990-03-01 00:00:00-05:00,1.2917232513427734,1.2917232513427734,1.2917232513427734,1.2917232513427734,0,0.0,0.0
1990-03-02 00:00:00-05:00,0.0,1.3370467940050654,1.2917232513427734,1.2917232513427734,2250,0.0,0.0
1990-03-05 00:00:00-05:00,0.0,1.2917232513427734,1.2917232513427734,1.2917232513427734,900,0.0,0.0
1990-03-06 00:00:00-05:00,0.0,1.3597089052200317,1.291723712819349,1.3597089052200317,13500,0.0,0.0
1990-03-07 00:00:00-05:00,1.3597089052200317,1.3597089052200317,1.3597089052200317,1.3597089052200317,0,0.0,0.0
1990-03-08 00:00:00-05:00,1.3597089052200317,1.3597089052200317,1.3597089052200317,1.3597089052200317,0,0.0,0.0
1990-03-09 00:00:00-05:00,1.3597089052200317,1.3597089052200317,1.3597089052200317,1.3597089052200317,0,0.0,0.0
1990-03-12 00:00:00-05:00,0.0,1.2917232513427734,1.2917232513427734,1.2917232513427734,2700,0.0,0.0
1990-03-13 00:00:00-05:00,1.2917232513427734,1.2917232513427734,1.2917232513427734,1.2917232513427734,0,0.0,0.0
1990-03-14 00:00:00-05:00,0.0,1.3597089052200317,1.3143853463656077,1.3597089052200317,9000,0.0,0.0
1990-03-15 00:00:00-05:00,1.3597089052200317,1.3597089052200317,1.3597089052200317,1.3597089052200317,0,0.0,0.0
1990-03-16 00:00:00-05:00,1.3597089052200317,1.3597089052200317,1.3597089052200317,1.3597089052200317,0,0.0,0.0
1990-03-19 00:00:00-05:00,1.3597089052200317,1.3597089052200317,1.3597089052200317,1.3597089052200317,0,0.0,0.0
1990-03-20 00:00:00-05:00,0.0,1.2917232513427734,1.2917232513427734,1.2917232513427734,450,0.0,0.0
1990-03-21 00:00:00-05:00,1.2917232513427734,1.2917232513427734,1.2917232513427734,1.2917232513427734,0,0.0,0.0
1990-03-22 00:00:00-05:00,1.2917232513427734,1.2917232513427734,1.2917232513427734,1.2917232513427734,0,0.0,0.0
1990-03-23 00:00:00-05:00,0.0,1.3143855333328247,1.3143855333328247,1.3143855333328247,450,0.0,0.0
1990-03-26 00:00:00-05:00,1.3193894624710083,1.3193894624710083,1.3193894624710083,1.3193894624710083,0,0.01222,0.0
1990-03-27 00:00:00-05:00,0.0,1.387634038925171,1.387634038925171,1.387634038925171,900,0.0,0.0
1990-03-28 00:00:00-05:00,1.387634038925171,1.387634038925171,1.387634038925171,1.387634038925171,0,0.0,0.0
1990-03-29 00:00:00-05:00,1.387634038925171,1.387634038925171,1.387634038925171,1.387634038925171,0,0.0,0.0
1990-03-30 00:00:00-05:00,0.0,1.4103807210922241,1.3193885550689617,1.4103807210922241,7650,0.0,0.0
1990-04-02 00:00:00-04:00,0.0,1.4103807210922241,1.4103807210922241,1.4103807210922241,1800,0.0,0.0
1990-04-03 00:00:00-04:00,0.0,1.342137098312378,1.342137098312378,1.342137098312378,900,0.0,0.0
1990-04-04 00:00:00-04:00,1.342137098312378,1.342137098312378,1.342137098312378,1.342137098312378,0,0.0,0.0
1990-04-05 00:00:00-04:00,0.0,1.4103807210922241,1.4103807210922241,1.4103807210922241,450,0.0,0.0
1990-04-06 00:00:00-04:00,0.0,1.3648849725723267,1.3648849725723267,1.3648849725723267,5400,0.0,0.0
1990-04-09 00:00:00-04:00,1.3648849725723267,1.3648849725723267,1.3648849725723267,1.3648849725723267,0,0.0,0.0
1990-04-10 00:00:00-04:00,0.0,1.4331295490264893,1.399007547072415,1.4331295490264893,9000,0.0,0.0
1990-04-11 00:00:00-04:00,0.0,1.387634038925171,1.387634038925171,1.387634038925171,450,0.0,0.0
1990-04-12 00:00:00-04:00,0.0,1.4331294389464737,1.3648850497834286,1.3990074396133423,24300,0.0,0.0
1990-04-16 00:00:00-04:00,0.0,1.3648849725723267,1.3648849725723267,1.3648849725723267,900,0.0,0.0
1990-04-17 00:00:00-04:00,0.0,1.4558770656585693,1.3648844256749089,1.4558770656585693,17550,0.0,0.0
1990-04-18 00:00:00-04:00,0.0,1.4558770656585693,1.3648844256749089,1.4558770656585693,22500,0.0,0.0
1990-04-19 00:00:00-04:00,1.4558770656585693,1.4558770656585693,1.4558770656585693,1.4558770656585693,0,0.0,0.0
1990-04-20 00:00:00-04:00,1.4558770656585693,1.4558770656585693,1.4558770656585693,1.4558770656585693,0,0.0,0.0
1990-04-23 00:00:00-04:00,1.4558770656585693,1.4558770656585693,1.4558770656585693,1.4558770656585693,0,0.0,0.0
1990-04-24 00:00:00-04:00,0.0,1.3648849725723267,1.3648849725723267,1.3648849725723267,2250,0.0,0.0
1990-04-25 00:00:00-04:00,0.0,1.6833577869714844,1.4558771922811573,1.6378616094589233,81450,0.0,0.0
1990-04-26 00:00:00-04:00,0.0,1.6151142120361328,1.5013740963162057,1.6151142120361328,2700,0.0,0.0
1990-04-27 00:00:00-04:00,0.0,1.6833587884902954,1.637862583909646,1.6833587884902954,8100,0.0,0.0
1990-04-30 00:00:00-04:00,1.6833587884902954,1.6833587884902954,1.6833587884902954,1.6833587884902954,0,0.0,0.0
1990-05-01 00:00:00-04:00,1.6833587884902954,1.6833587884902954,1.6833587884902954,1.6833587884902954,0,0.0,0.0
1990-05-02 00:00:00-04:00,0.0,1.3648849725723267,1.3648849725723267,1.3648849725723267,6300,0.0,0.0
1990-05-03 00:00:00-04:00,0.0,1.4103807210922241,1.3648846380805928,1.4103807210922241,4950,0.0,0.0
1990-05-04 00:00:00-04:00,0.0,1.455877292224686,1.4103807210922241,1.4103807210922241,2250,0.0,0.0
1990-05-07 00:00:00-04:00,1.4103807210922241,1.4103807210922241,1.4103807210922241,1.4103807210922241,0,0.0,0.0
1990-05-08 00:00:00-04:00,1.4103807210922241,1.4103807210922241,1.4103807210922241,1.4103807210922241,0,0.0,0.0
1990-05-09 00:00:00-04:00,1.4103807210922241,1.4103807210922241,1.4103807210922241,1.4103807210922241,0,0.0,0.0
1990-05-10 00:00:00-04:00,0.0,1.5013733752363174,1.4103807210922241,1.4103807210922241,2250,0.0,0.0
1990-05-11 00:00:00-04:00,0.0,1.4558770656585693,1.4558770656585693,1.4558770656585693,450,0.0,0.0
1990-05-14 00:00:00-04:00,0.0,1.478626012802124,1.478626012802124,1.478626012802124,900,0.0,0.0
1990-05-15 00:00:00-04:00,1.478626012802124,1.478626012802124,1.478626012802124,1.478626012802124,0,0.0,0.0
1990-05-16 00:00:00-04:00,1.478626012802124,1.478626012802124,1.478626012802124,1.478626012802124,0,0.0,0.0
1990-05-17 00:00:00-04:00,0.0,1.4103807210922241,1.4103807210922241,1.4103807210922241,1350,0.0,0.0
1990-05-18 00:00:00-04:00,0.0,1.4103807210922241,1.4103807210922241,1.4103807210922241,450,0.0,0.0
1990-05-21 00:00:00-04:00,1.4103807210922241,1.4103807210922241,1.4103807210922241,1.4103807210922241,0,0.0,0.0
1990-05-22 00:00:00-04:00,0.0,1.4103807210922241,1.4103807210922241,1.4103807210922241,1350,0.0,0.0
1990-05-23 00:00:00-04:00,0.0,1.5013733752363174,1.4103807210922241,1.4103807210922241,11250,0.0,0.0
1990-05-24 00:00:00-04:00,0.0,1.4103807210922241,1.4103807210922241,1.4103807210922241,900,0.0,0.0
1990-05-25 00:00:00-04:00,0.0,1.5013742446899414,1.5013742446899414,1.5013742446899414,900,0.0,0.0
1990-05-29 00:00:00-04:00,1.5013742446899414,1.5013742446899414,1.5013742446899414,1.5013742446899414,0,0.0,0.0
1990-05-30 00:00:00-04:00,1.5013742446899414,1.5013742446899414,1.5013742446899414,1.5013742446899414,0,0.0,0.0
1990-05-31 00:00:00-04:00,1.5013742446899414,1.5013742446899414,1.5013742446899414,1.5013742446899414,0,0.0,0.0
1990-06-01 00:00:00-04:00,1.5013742446899414,1.5013742446899414,1.5013742446899414,1.5013742446899414,0,0.0,0.0
1990-06-04 00:00:00-04:00,0.0,1.3648849725723267,1.3648849725723267,1.3648849725723267,900,0.0,0.0
1990-06-05 00:00:00-04:00,0.0,1.387634038925171,1.3648857350755237,1.387634038925171,5400,0.0,0.0
1990-06-06 00:00:00-04:00,1.387634038925171,1.387634038925171,1.387634038925171,1.387634038925171,0,0.0,0.0
1990-06-07 00:00:00-04:00,0.0,1.3648849725723267,1.3648849725723267,1.3648849725723267,450,0.0,0.0
1990-06-08 00:00:00-04:00,1.3648849725723267,1.3648849725723267,1.3648849725723267,1.3648849725723267,0,0.0,0.0
1990-06-11 00:00:00-04:00,0.0,1.3193894624710083,1.3193894624710083,1.3193894624710083,3150,0.0,0.0
1990-06-12 00:00:00-04:00,0.0,1.4103807210922241,1.3193885550689617,1.4103807210922241,5850,0.0,0.0
1990-06-13 00:00:00-04:00,1.4103807210922241,1.4103807210922241,1.4103807210922241,1.4103807210922241,0,0.0,0.0
1990-06-14 00:00:00-04:00,0.0,1.3193892016262618,1.2738929986953735,1.2738929986953735,22500,0.0,0.0
1990-06-15 00:00:00-04:00,0.0,1.3648849725723267,1.3648849725723267,1.3648849725723267,900,0.0,0.0
1990-06-18 00:00:00-04:00,0.0,1.2738929986953735,1.2738929986953735,1.2738929986953735,4500,0.0,0.0
1990-06-19 00:00:00-04:00,1.2738929986953735,1.2738929986953735,1.2738929986953735,1.2738929986953735,0,0.0,0.0
1990-06-20 00:00:00-04:00,0.0,1.1829006671905518,1.1829006671905518,1.1829006671905518,2250,0.0,0.0
1990-06-21 00:00:00-04:00,0.0,1.2511450622365772,1.1829006671905518,1.1829006671905518,5850,0.0,0.0
1990-06-22 00:00:00-04:00,1.1829006671905518,1.1829006671905518,1.1829006671905518,1.1829006671905518,0,0.0,0.0
1990-06-25 00:00:00-04:00,1.1897655725479126,1.1897655725479126,1.1897655725479126,1.1897655725479126,0,0.01667,0.0
1990-06-26 00:00:00-04:00,1.1897655725479126,1.1897655725479126,1.1897655725479126,1.1897655725479126,0,0.0,0.0
1990-06-27 00:00:00-04:00,1.1897655725479126,1.1897655725479126,1.1897655725479126,1.1897655725479126,0,0.0,0.0
1990-06-28 00:00:00-04:00,0.0,1.1897655725479126,1.1897655725479126,1.1897655725479126,450,0.0,0.0
1990-06-29 00:00:00-04:00,1.1897655725479126,1.1897655725479126,1.1897655725479126,1.1897655725479126,0,0.0,0.0
1990-07-02 00:00:00-04:00,1.1897655725479126,1.1897655725479126,1.1897655725479126,1.1897655725479126,0,0.0,0.0
1990-07-03 00:00:00-04:00,1.1897655725479126,1.1897655725479126,1.1897655725479126,1.1897655725479126,0,0.0,0.0
1990-07-05 00:00:00-04:00,0.0,1.304166555404663,1.304166555404663,1.304166555404663,2700,0.0,0.0
1990-07-06 00:00:00-04:00,1.304166555404663,1.304166555404663,1.304166555404663,1.304166555404663,0,0.0,0.0
1990-07-09 00:00:00-04:00,1.304166555404663,1.304166555404663,1.304166555404663,1.304166555404663,0,0.0,0.0
1990-07-10 00:00:00-04:00,1.304166555404663,1.304166555404663,1.304166555404663,1.304166555404663,0,0.0,0.0
1990-07-11 00:00:00-04:00,1.304166555404663,1.304166555404663,1.304166555404663,1.304166555404663,0,0.0,0.0
1990-07-12 00:00:00-04:00,1.304166555404663,1.304166555404663,1.304166555404663,1.304166555404663,0,0.0,0.0
1990-07-13 00:00:00-04:00,1.304166555404663,1.304166555404663,1.304166555404663,1.304166555404663,0,0.0,0.0
1990-07-16 00:00:00-04:00,1.304166555404663,1.304166555404663,1.304166555404663,1.304166555404663,0,0.0,0.0
1990-07-17 00:00:00-04:00,0.0,1.327046911693997,1.2469666004180908,1.2469666004180908,3600,0.0,0.0
1990-07-18 00:00:00-04:00,1.2469666004180908,1.2469666004180908,1.2469666004180908,1.2469666004180908,0,0.0,0.0
1990-07-19 00:00:00-04:00,1.2469666004180908,1.2469666004180908,1.2469666004180908,1.2469666004180908,0,0.0,0.0
1990-07-20 00:00:00-04:00,0.0,1.3270463943481445,1.3270463943481445,1.3270463943481445,450,0.0,0.0
1990-07-23 00:00:00-04:00,1.3270463943481445,1.3270463943481445,1.3270463943481445,1.3270463943481445,0,0.0,0.0
1990-07-24 00:00:00-04:00,1.3270463943481445,1.3270463943481445,1.3270463943481445,1.3270463943481445,0,0.0,0.0
1990-07-25 00:00:00-04:00,0.0,1.1897655725479126,1.1897655725479126,1.1897655725479126,1350,0.0,0.0
1990-07-26 00:00:00-04:00,1.1897655725479126,1.1897655725479126,1.1897655725479126,1.1897655725479126,0,0.0,0.0
1990-07-27 00:00:00-04:00,1.1897655725479126,1.1897655725479126,1.1897655725479126,1.1897655725479126,0,0.0,0.0
1990-07-30 00:00:00-04:00,1.1897655725479126,1.1897655725479126,1.1897655725479126,1.1897655725479126,0,0.0,0.0
1990-07-31 00:00:00-04:00,1.1897655725479126,1.1897655725479126,1.1897655725479126,1.1897655725479126,0,0.0,0.0
1990-08-01 00:00:00-04:00,1.1897655725479126,1.1897655725479126,1.1897655725479126,1.1897655725479126,0,0.0,0.0
1990-08-02 00:00:00-04:00,1.1897655725479126,1.1897655725479126,1.1897655725479126,1.1897655725479126,0,0.0,0.0
1990-08-03 00:00:00-04:00,1.1897655725479126,1.1897655725479126,1.1897655725479126,1.1897655725479126,0,0.0,0.0
1990-08-06 00:00:00-04:00,0.0,1.2812868356704712,1.1897664946945505,1.2812868356704712,16200,0.0,0.0
1990-08-07 00:00:00-04:00,0.0,1.1897655725479126,1.1897655725479126,1.1897655725479126,450,0.0,0.0
1990-08-08 00:00:00-04:00,1.1897655725479126,1.1897655725479126,1.1897655725479126,1.1897655725479126,0,0.0,0.0
1990-08-09 00:00:00-04:00,1.1897655725479126,1.1897655725479126,1.1897655725479126,1.1897655725479126,0,0.0,0.0
1990-08-10 00:00:00-04:00,1.1897655725479126,1.1897655725479126,1.1897655725479126,1.1897655725479126,0,0.0,0.0
1990-08-13 00:00:00-04:00,1.1897655725479126,1.1897655725479126,1.1897655725479126,1.1897655725479126,0,0.0,0.0
1990-08-14 00:00:00-04:00,1.1897655725479126,1.1897655725479126,1.1897655725479126,1.1897655725479126,0,0.0,0.0
1990-08-15 00:00:00-04:00,1.1897655725479126,1.1897655725479126,1.1897655725479126,1.1897655725479126,0,0.0,0.0
1990-08-16 00:00:00-04:00,0.0,1.2355258464813232,1.2355258464813232,1.2355258464813232,4500,0.0,0.0
1990-08-17 00:00:00-04:00,0.0,1.2812868356704712,1.1897664946945505,1.2812868356704712,20250,0.0,0.0
1990-08-20 00:00:00-04:00,0.0,1.1897655725479126,1.1897655725479126,1.1897655725479126,3150,0.0,0.0
1990-08-21 00:00:00-04:00,0.0,1.304166555404663,1.1897659373030298,1.304166555404663,48600,0.0,0.0
1990-08-22 00:00:00-04:00,0.0,1.1897655725479126,1.1897655725479126,1.1897655725479126,450,0.0,0.0
1990-08-23 00:00:00-04:00,0.0,1.304166555404663,1.1897659373030298,1.304166555404663,21600,0.0,0.0
1990-08-24 00:00:00-04:00,1.304166555404663,1.304166555404663,1.304166555404663,1.304166555404663,0,0.0,0.0
1990-08-27 00:00:00-04:00,1.304166555404663,1.304166555404663,1.304166555404663,1.304166555404663,0,0.0,0.0
1990-08-28 00:00:00-04:00,1.304166555404663,1.304166555404663,1.304166555404663,1.304166555404663,0,0.0,0.0
1990-08-29 00:00:00-04:00,1.304166555404663,1.304166555404663,1.304166555404663,1.304166555404663,0,0.0,0.0
1990-08-30 00:00:00-04:00,1.304166555404663,1.304166555404663,1.304166555404663,1.304166555404663,0,0.0,0.0
1990-08-31 00:00:00-04:00,1.304166555404663,1.304166555404663,1.304166555404663,1.304166555404663,0,0.0,0.0
1990-09-04 00:00:00-04:00,1.304166555404663,1.304166555404663,1.304166555404663,1.304166555404663,0,0.0,0.0
1990-09-05 00:00:00-04:00,0.0,1.1897655725479126,1.1897655725479126,1.1897655725479126,450,0.0,0.0
1990-09-06 00:00:00-04:00,0.0,1.1897655725479126,1.1897655725479126,1.1897655725479126,450,0.0,0.0
1990-09-07 00:00:00-04:00,1.1897655725479126,1.1897655725479126,1.1897655725479126,1.1897655725479126,0,0.0,0.0
1990-09-10 00:00:00-04:00,1.1897655725479126,1.1897655725479126,1.1897655725479126,1.1897655725479126,0,0.0,0.0
1990-09-11 00:00:00-04:00,0.0,1.304166555404663,1.2126457663509824,1.304166555404663,1350,0.0,0.0
1990-09-12 00:00:00-04:00,0.0,1.304166555404663,1.2126457663509824,1.304166555404663,20700,0.0,0.0
1990-09-13 00:00:00-04:00,0.0,1.212645411491394,1.212645411491394,1.212645411491394,18000,0.0,0.0
1990-09-14 00:00:00-04:00,0.0,1.304166555404663,1.2126457663509824,1.304166555404663,38700,0.0,0.0
1990-09-17 00:00:00-04:00,1.304166555404663,1.304166555404663,1.304166555404663,1.304166555404663,0,0.0,0.0
1990-09-18 00:00:00-04:00,1.304166555404663,1.304166555404663,1.304166555404663,1.304166555404663,0,0.0,0.0
1990-09-19 00:00:00-04:00,1.304166555404663,1.304166555404663,1.304166555404663,1.304166555404663,0,0.0,0.0
1990-09-20 00:00:00-04:00,0.0,1.212645411491394,1.212645411491394,1.212645411491394,3150,0.0,0.0
1990-09-21 00:00:00-04:00,1.212645411491394,1.212645411491394,1.212645411491394,1.212645411491394,0,0.0,0.0
1990-09-24 00:00:00-04:00,1.2195502519607544,1.2195502519607544,1.2195502519607544,1.2195502519607544,0,0.01667,0.0
1990-09-25 00:00:00-04:00,1.2195502519607544,1.2195502519607544,1.2195502519607544,1.2195502519607544,0,0.0,0.0
1990-09-26 00:00:00-04:00,0.0,1.3346024751663208,1.3346024751663208,1.3346024751663208,4500,0.0,0.0
1990-09-27 00:00:00-04:00,1.3346024751663208,1.3346024751663208,1.3346024751663208,1.3346024751663208,0,0.0,0.0
1990-09-28 00:00:00-04:00,0.0,1.2195503388815947,1.1965402364730835,1.1965402364730835,19350,0.0,0.0
1990-10-01 00:00:00-04:00,1.1965402364730835,1.1965402364730835,1.1965402364730835,1.1965402364730835,0,0.0,0.0
1990-10-02 00:00:00-04:00,0.0,1.3115921020507812,1.219550220131016,1.3115921020507812,22500,0.0,0.0
1990-10-03 00:00:00-04:00,1.3115921020507812,1.3115921020507812,1.3115921020507812,1.3115921020507812,0,0.0,0.0
1990-10-04 00:00:00-04:00,1.3115921020507812,1.3115921020507812,1.3115921020507812,1.3115921020507812,0,0.0,0.0
1990-10-05 00:00:00-04:00,0.0,1.380623698234558,1.380623698234558,1.380623698234558,450,0.0,0.0
1990-10-08 00:00:00-04:00,1.380623698234558,1.380623698234558,1.380623698234558,1.380623698234558,0,0.0,0.0
1990-10-09 00:00:00-04:00,0.0,1.2885815417649389,1.2195502519607544,1.2195502519607544,9000,0.0,0.0
1990-10-10 00:00:00-04:00,1.2195502519607544,1.2195502519607544,1.2195502519607544,1.2195502519607544,0,0.0,0.0
1990-10-11 00:00:00-04:00,1.2195502519607544,1.2195502519607544,1.2195502519607544,1.2195502519607544,0,0.0,0.0
1990-10-12 00:00:00-04:00,1.2195502519607544,1.2195502519607544,1.2195502519607544,1.2195502519607544,0,0.0,0.0
1990-10-15 00:00:00-04:00,1.2195502519607544,1.2195502519607544,1.2195502519607544,1.2195502519607544,0,0.0,0.0
1990-10-16 00:00:00-04:00,1.2195502519607544,1.2195502519607544,1.2195502519607544,1.2195502519607544,0,0.0,0.0
1990-10-17 00:00:00-04:00,1.2195502519607544,1.2195502519607544,1.2195502519607544,1.2195502519607544,0,0.0,0.0
1990-10-18 00:00:00-04:00,1.2195502519607544,1.2195502519607544,1.2195502519607544,1.2195502519607544,0,0.0,0.0
1990-10-19 00:00:00-04:00,1.2195502519607544,1.2195502519607544,1.2195502519607544,1.2195502519607544,0,0.0,0.0
1990-10-22 00:00:00-04:00,0.0,1.2195502519607544,1.2195502519607544,1.2195502519607544,3600,0.0,0.0
1990-10-23 00:00:00-04:00,1.2195502519607544,1.2195502519607544,1.2195502519607544,1.2195502519607544,0,0.0,0.0
1990-10-24 00:00:00-04:00,0.0,1.3115921020507812,1.3115921020507812,1.3115921020507812,3600,0.0,0.0
1990-10-25 00:00:00-04:00,0.0,1.3230969891673034,1.196540151192239,1.2195502519607544,7200,0.0,0.0
1990-10-26 00:00:00-04:00,0.0,1.1965402364730835,1.1965402364730835,1.1965402364730835,450,0.0,0.0
1990-10-29 00:00:00-05:00,1.1965402364730835,1.1965402364730835,1.1965402364730835,1.1965402364730835,0,0.0,0.0
1990-10-30 00:00:00-05:00,1.1965402364730835,1.1965402364730835,1.1965402364730835,1.1965402364730835,0,0.0,0.0
1990-10-31 00:00:00-05:00,1.1965402364730835,1.1965402364730835,1.1965402364730835,1.1965402364730835,0,0.0,0.0
1990-11-01 00:00:00-05:00,1.1965402364730835,1.1965402364730835,1.1965402364730835,1.1965402364730835,0,0.0,0.0
1990-11-02 00:00:00-05:00,1.1965402364730835,1.1965402364730835,1.1965402364730835,1.1965402364730835,0,0.0,0.0
1990-11-05 00:00:00-05:00,1.1965402364730835,1.1965402364730835,1.1965402364730835,1.1965402364730835,0,0.0,0.0
1990-11-06 00:00:00-05:00,1.1965402364730835,1.1965402364730835,1.1965402364730835,1.1965402364730835,0,0.0,0.0
1990-11-07 00:00:00-05:00,1.1965402364730835,1.1965402364730835,1.1965402364730835,1.1965402364730835,0,0.0,0.0
1990-11-08 00:00:00-05:00,0.0,1.1965402364730835,1.1965402364730835,1.1965402364730835,1800,0.0,0.0
1990-11-09 00:00:00-05:00,0.0,1.2195502519607544,1.2195502519607544,1.2195502519607544,3150,0.0,0.0
1990-11-12 00:00:00-05:00,0.0,1.3115921020507812,1.3115921020507812,1.3115921020507812,3150,0.0,0.0
1990-11-13 00:00:00-05:00,1.3115921020507812,1.3115921020507812,1.3115921020507812,1.3115921020507812,0,0.0,0.0
1990-11-14 00:00:00-05:00,1.3115921020507812,1.3115921020507812,1.3115921020507812,1.3115921020507812,0,0.0,0.0
1990-11-15 00:00:00-05:00,1.3115921020507812,1.3115921020507812,1.3115921020507812,1.3115921020507812,0,0.0,0.0
1990-11-16 00:00:00-05:00,0.0,1.3346021592558135,1.288581371307373,1.288581371307373,4050,0.0,0.0
1990-11-19 00:00:00-05:00,1.288581371307373,1.288581371307373,1.288581371307373,1.288581371307373,0,0.0,0.0
1990-11-20 00:00:00-05:00,0.0,1.3115921020507812,1.219550220131016,1.3115921020507812,2250,0.0,0.0
1990-11-21 00:00:00-05:00,1.3115921020507812,1.3115921020507812,1.3115921020507812,1.3115921020507812,0,0.0,0.0
1990-11-23 00:00:00-05:00,1.3115921020507812,1.3115921020507812,1.3115921020507812,1.3115921020507812,0,0.0,0.0
1990-11-26 00:00:00-05:00,1.3115921020507812,1.3115921020507812,1.3115921020507812,1.3115921020507812,0,0.0,0.0
1990-11-27 00:00:00-05:00,1.3115921020507812,1.3115921020507812,1.3115921020507812,1.3115921020507812,0,0.0,0.0
1990-11-28 00:00:00-05:00,1.3115921020507812,1.3115921020507812,1.3115921020507812,1.3115921020507812,0,0.0,0.0
1990-11-29 00:00:00-05:00,1.3115921020507812,1.3115921020507812,1.3115921020507812,1.3115921020507812,0,0.0,0.0
1990-11-30 00:00:00-05:00,1.3115921020507812,1.3115921020507812,1.3115921020507812,1.3115921020507812,0,0.0,0.0
1990-12-03 00:00:00-05:00,1.3115921020507812,1.3115921020507812,1.3115921020507812,1.3115921020507812,0,0.0,0.0
1990-12-04 00:00:00-05:00,1.3115921020507812,1.3115921020507812,1.3115921020507812,1.3115921020507812,0,0.0,0.0
1990-12-05 00:00:00-05:00,0.0,1.3461069859068373,1.265570878982544,1.265570878982544,10350,0.0,0.0
1990-12-06 00:00:00-05:00,0.0,1.3576135635375977,1.2425615164158095,1.3576135635375977,10800,0.0,0.0
1990-12-07 00:00:00-05:00,0.0,1.288581371307373,1.288581371307373,1.288581371307373,450,0.0,0.0
1990-12-10 00:00:00-05:00,1.288581371307373,1.288581371307373,1.288581371307373,1.288581371307373,0,0.0,0.0
1990-12-11 00:00:00-05:00,1.288581371307373,1.288581371307373,1.288581371307373,1.288581371307373,0,0.0,0.0
1990-12-12 00:00:00-05:00,1.288581371307373,1.288581371307373,1.288581371307373,1.288581371307373,0,0.0,0.0
1990-12-13 00:00:00-05:00,1.288581371307373,1.288581371307373,1.288581371307373,1.288581371307373,0,0.0,0.0
1990-12-14 00:00:00-05:00,1.288581371307373,1.288581371307373,1.288581371307373,1.288581371307373,0,0.0,0.0
1990-12-17 00:00:00-05:00,1.288581371307373,1.288581371307373,1.288581371307373,1.288581371307373,0,0.0,0.0
1990-12-18 00:00:00-05:00,0.0,1.265570878982544,1.265570878982544,1.265570878982544,4500,0.0,0.0
1990-12-19 00:00:00-05:00,1.265570878982544,1.265570878982544,1.265570878982544,1.265570878982544,0,0.0,0.0
1990-12-20 00:00:00-05:00,1.265570878982544,1.265570878982544,1.265570878982544,1.265570878982544,0,0.0,0.0
1990-12-21 00:00:00-05:00,0.0,1.265570878982544,1.265570878982544,1.265570878982544,450,0.0,0.0
1990-12-24 00:00:00-05:00,1.2725133895874023,1.2725133895874023,1.2725133895874023,1.2725133895874023,0,0.01667,1.1
1990-12-26 00:00:00-05:00,1.2725133895874023,1.2725133895874023,1.2725133895874023,1.2725133895874023,0,0.0,0.0
1990-12-27 00:00:00-05:00,1.2725133895874023,1.2725133895874023,1.2725133895874023,1.2725133895874023,0,0.0,0.0
1990-12-28 00:00:00-05:00,0.0,1.179966688156128,1.179966688156128,1.179966688156128,900,0.0,0.0
1990-12-31 00:00:00-05:00,1.179966688156128,1.179966688156128,1.179966688156128,1.179966688156128,0,0.0,0.0
1991-01-02 00:00:00-05:00,1.179966688156128,1.179966688156128,1.179966688156128,1.179966688156128,0,0.0,0.0
1991-01-03 00:00:00-05:00,1.179966688156128,1.179966688156128,1.179966688156128,1.179966688156128,0,0.0,0.0
1991-01-04 00:00:00-05:00,1.179966688156128,1.179966688156128,1.179966688156128,1.179966688156128,0,0.0,0.0
1991-01-07 00:00:00-05:00,1.179966688156128,1.179966688156128,1.179966688156128,1.179966688156128,0,0.0,0.0
1991-01-08 00:00:00-05:00,1.179966688156128,1.179966688156128,1.179966688156128,1.179966688156128,0,0.0,0.0
1991-01-09 00:00:00-05:00,0.0,1.3419239146012956,1.2493774890899658,1.2493774890899658,900,0.0,0.0
1991-01-10 00:00:00-05:00,1.2493774890899658,1.2493774890899658,1.2493774890899658,1.2493774890899658,0,0.0,0.0
1991-01-11 00:00:00-05:00,1.2493774890899658,1.2493774890899658,1.2493774890899658,1.2493774890899658,0,0.0,0.0
1991-01-14 00:00:00-05:00,1.2493774890899658,1.2493774890899658,1.2493774890899658,1.2493774890899658,0,0.0,0.0
1991-01-15 00:00:00-05:00,0.0,1.179966688156128,1.179966688156128,1.179966688156128,1350,0.0,0.0
1991-01-16 00:00:00-05:00,1.179966688156128,1.179966688156128,1.179966688156128,1.179966688156128,0,0.0,0.0
1991-01-17 00:00:00-05:00,1.179966688156128,1.179966688156128,1.179966688156128,1.179966688156128,0,0.0,0.0
1991-01-18 00:00:00-05:00,1.179966688156128,1.179966688156128,1.179966688156128,1.179966688156128,0,0.0,0.0
1991-01-21 00:00:00-05:00,1.179966688156128,1.179966688156128,1.179966688156128,1.179966688156128,0,0.0,0.0
1991-01-22 00:00:00-05:00,1.179966688156128,1.179966688156128,1.179966688156128,1.179966688156128,0,0.0,0.0
1991-01-23 00:00:00-05:00,1.179966688156128,1.179966688156128,1.179966688156128,1.179966688156128,0,0.0,0.0
1991-01-24 00:00:00-05:00,0.0,1.2725137421844155,1.20310378074646,1.20310378074646,20700,0.0,0.0
1991-01-25 00:00:00-05:00,0.0,1.2725133895874023,1.2031034473820446,1.2725133895874023,45000,0.0,0.0
1991-01-28 00:00:00-05:00,1.2725133895874023,1.2725133895874023,1.2725133895874023,1.2725133895874023,0,0.0,0.0
1991-01-29 00:00:00-05:00,0.0,1.2956500053405762,1.226240047100018,1.2956500053405762,9900,0.0,0.0
1991-01-30 00:00:00-05:00,1.2956500053405762,1.2956500053405762,1.2956500053405762,1.2956500053405762,0,0.0,0.0
1991-01-31 00:00:00-05:00,1.2956500053405762,1.2956500053405762,1.2956500053405762,1.2956500053405762,0,0.0,0.0
1991-02-01 00:00:00-05:00,1.2956500053405762,1.2956500053405762,1.2956500053405762,1.2956500053405762,0,0.0,0.0
1991-02-04 00:00:00-05:00,1.2956500053405762,1.2956500053405762,1.2956500053405762,1.2956500053405762,0,0.0,0.0
1991-02-05 00:00:00-05:00,1.2956500053405762,1.2956500053405762,1.2956500053405762,1.2956500053405762,0,0.0,0.0
1991-02-06 00:00:00-05:00,1.2956500053405762,1.2956500053405762,1.2956500053405762,1.2956500053405762,0,0.0,0.0
1991-02-07 00:00:00-05:00,0.0,1.203104028423256,1.133694052696228,1.133694052696228,5850,0.0,0.0
1991-02-08 00:00:00-05:00,1.133694052696228,1.133694052696228,1.133694052696228,1.133694052696228,0,0.0,0.0
1991-02-11 00:00:00-05:00,1.133694052696228,1.133694052696228,1.133694052696228,1.133694052696228,0,0.0,0.0
1991-02-12 00:00:00-05:00,1.133694052696228,1.133694052696228,1.133694052696228,1.133694052696228,0,0.0,0.0
1991-02-13 00:00:00-05:00,1.133694052696228,1.133694052696228,1.133694052696228,1.133694052696228,0,0.0,0.0
1991-02-14 00:00:00-05:00,1.133694052696228,1.133694052696228,1.133694052696228,1.133694052696228,0,0.0,0.0
1991-02-15 00:00:00-05:00,0.0,1.133694052696228,1.133694052696228,1.133694052696228,6300,0.0,0.0
1991-02-19 00:00:00-05:00,1.133694052696228,1.133694052696228,1.133694052696228,1.133694052696228,0,0.0,0.0
1991-02-20 00:00:00-05:00,1.133694052696228,1.133694052696228,1.133694052696228,1.133694052696228,0,0.0,0.0
1991-02-21 00:00:00-05:00,0.0,1.179966688156128,1.179966688156128,1.179966688156128,900,0.0,0.0
1991-02-22 00:00:00-05:00,1.179966688156128,1.179966688156128,1.179966688156128,1.179966688156128,0,0.0,0.0
1991-02-25 00:00:00-05:00,1.179966688156128,1.179966688156128,1.179966688156128,1.179966688156128,0,0.0,0.0
1991-02-26 00:00:00-05:00,1.179966688156128,1.179966688156128,1.179966688156128,1.179966688156128,0,0.0,0.0
1991-02-27 00:00:00-05:00,0.0,1.064284086227417,1.064284086227417,1.064284086227417,450,0.0,0.0
1991-02-28 00:00:00-05:00,1.064284086227417,1.064284086227417,1.064284086227417,1.064284086227417,0,0.0,0.0
1991-03-01 00:00:00-05:00,0.0,1.1568305492401123,1.1568305492401123,1.1568305492401123,450,0.0,0.0
1991-03-04 00:00:00-05:00,0.0,1.1568305492401123,1.1568305492401123,1.1568305492401123,450,0.0,0.0
1991-03-05 00:00:00-05:00,1.1568305492401123,1.1568305492401123,1.1568305492401123,1.1568305492401123,0,0.0,0.0
1991-03-06 00:00:00-05:00,0.0,1.1568305492401123,1.0642842641673957,1.1568305492401123,6750,0.0,0.0
1991-03-07 00:00:00-05:00,1.1568305492401123,1.1568305492401123,1.1568305492401123,1.1568305492401123,0,0.0,0.0
1991-03-08 00:00:00-05:00,1.1568305492401123,1.1568305492401123,1.1568305492401123,1.1568305492401123,0,0.0,0.0
1991-03-11 00:00:00-05:00,1.1568305492401123,1.1568305492401123,1.1568305492401123,1.1568305492401123,0,0.0,0.0
1991-03-12 00:00:00-05:00,1.1568305492401123,1.1568305492401123,1.1568305492401123,1.1568305492401123,0,0.0,0.0
1991-03-13 00:00:00-05:00,0.0,1.1105574369430542,1.0642842931467273,1.1105574369430542,4950,0.0,0.0
1991-03-14 00:00:00-05:00,0.0,1.064284086227417,1.064284086227417,1.064284086227417,450,0.0,0.0
1991-03-15 00:00:00-05:00,0.0,1.20310378074646,1.20310378074646,1.20310378074646,1350,0.0,0.0
1991-03-18 00:00:00-05:00,1.20310378074646,1.20310378074646,1.20310378074646,1.20310378074646,0,0.0,0.0
1991-03-19 00:00:00-05:00,1.20310378074646,1.20310378074646,1.20310378074646,1.20310378074646,0,0.0,0.0
1991-03-20 00:00:00-05:00,0.0,1.1568301640663987,1.0874202251434326,1.0874202251434326,4050,0.0,0.0
1991-03-21 00:00:00-05:00,1.0874202251434326,1.0874202251434326,1.0874202251434326,1.0874202251434326,0,0.0,0.0
1991-03-22 00:00:00-05:00,1.0944076776504517,1.0944076776504517,1.0944076776504517,1.0944076776504517,0,0.01667,0.0
1991-03-25 00:00:00-05:00,1.0944076776504517,1.0944076776504517,1.0944076776504517,1.0944076776504517,0,0.0,0.0
1991-03-26 00:00:00-05:00,1.0944076776504517,1.0944076776504517,1.0944076776504517,1.0944076776504517,0,0.0,0.0
1991-03-27 00:00:00-05:00,1.0944076776504517,1.0944076776504517,1.0944076776504517,1.0944076776504517,0,0.0,0.0
1991-03-28 00:00:00-05:00,1.0944076776504517,1.0944076776504517,1.0944076776504517,1.0944076776504517,0,0.0,0.0
1991-04-01 00:00:00-05:00,0.0,1.0711231231689453,1.0711231231689453,1.0711231231689453,1350,0.0,0.0
1991-04-02 00:00:00-05:00,0.0,1.2108345031738281,1.2108345031738281,1.2108345031738281,14850,0.0,0.0
1991-04-03 00:00:00-05:00,0.0,1.1409779787063599,1.0711224471714431,1.1409779787063599,6300,0.0,0.0
1991-04-04 00:00:00-05:00,1.1409779787063599,1.1409779787063599,1.1409779787063599,1.1409779787063599,0,0.0,0.0
1991-04-05 00:00:00-05:00,1.1409779787063599,1.1409779787063599,1.1409779787063599,1.1409779787063599,0,0.0,0.0
1991-04-08 00:00:00-04:00,0.0,1.164263129234314,1.0711222387827708,1.164263129234314,8100,0.0,0.0
1991-04-09 00:00:00-04:00,1.164263129234314,1.164263129234314,1.164263129234314,1.164263129234314,0,0.0,0.0
1991-04-10 00:00:00-04:00,1.164263129234314,1.164263129234314,1.164263129234314,1.164263129234314,0,0.0,0.0
1991-04-11 00:00:00-04:00,1.164263129234314,1.164263129234314,1.164263129234314,1.164263129234314,0,0.0,0.0
1991-04-12 00:00:00-04:00,1.164263129234314,1.164263129234314,1.164263129234314,1.164263129234314,0,0.0,0.0
1991-04-15 00:00:00-04:00,1.164263129234314,1.164263129234314,1.164263129234314,1.164263129234314,0,0.0,0.0
1991-04-16 00:00:00-04:00,1.164263129234314,1.164263129234314,1.164263129234314,1.164263129234314,0,0.0,0.0
1991-04-17 00:00:00-04:00,1.164263129234314,1.164263129234314,1.164263129234314,1.164263129234314,0,0.0,0.0
1991-04-18 00:00:00-04:00,1.164263129234314,1.164263129234314,1.164263129234314,1.164263129234314,0,0.0,0.0
1991-04-19 00:00:00-04:00,1.164263129234314,1.164263129234314,1.164263129234314,1.164263129234314,0,0.0,0.0
1991-04-22 00:00:00-04:00,1.164263129234314,1.164263129234314,1.164263129234314,1.164263129234314,0,0.0,0.0
1991-04-23 00:00:00-04:00,1.164263129234314,1.164263129234314,1.164263129234314,1.164263129234314,0,0.0,0.0
1991-04-24 00:00:00-04:00,1.164263129234314,1.164263129234314,1.164263129234314,1.164263129234314,0,0.0,0.0
1991-04-25 00:00:00-04:00,0.0,1.164263129234314,1.1176926840085424,1.164263129234314,4500,0.0,0.0
1991-04-26 00:00:00-04:00,1.164263129234314,1.164263129234314,1.164263129234314,1.164263129234314,0,0.0,0.0
1991-04-29 00:00:00-04:00,1.164263129234314,1.164263129234314,1.164263129234314,1.164263129234314,0,0.0,0.0
1991-04-30 00:00:00-04:00,1.164263129234314,1.164263129234314,1.164263129234314,1.164263129234314,0,0.0,0.0
1991-05-01 00:00:00-04:00,1.164263129234314,1.164263129234314,1.164263129234314,1.164263129234314,0,0.0,0.0
1991-05-02 00:00:00-04:00,0.0,1.0711231231689453,1.0711231231689453,1.0711231231689453,2700,0.0,0.0
1991-05-03 00:00:00-04:00,0.0,1.2108345031738281,1.2108345031738281,1.2108345031738281,450,0.0,0.0
1991-05-06 00:00:00-04:00,1.2108345031738281,1.2108345031738281,1.2108345031738281,1.2108345031738281,0,0.0,0.0
1991-05-07 00:00:00-04:00,1.2108345031738281,1.2108345031738281,1.2108345031738281,1.2108345031738281,0,0.0,0.0
1991-05-08 00:00:00-04:00,1.2108345031738281,1.2108345031738281,1.2108345031738281,1.2108345031738281,0,0.0,0.0
1991-05-09 00:00:00-04:00,1.2108345031738281,1.2108345031738281,1.2108345031738281,1.2108345031738281,0,0.0,0.0
1991-05-10 00:00:00-04:00,1.2108345031738281,1.2108345031738281,1.2108345031738281,1.2108345031738281,0,0.0,0.0
1991-05-13 00:00:00-04:00,0.0,1.164263129234314,1.1176926840085424,1.164263129234314,1800,0.0,0.0
1991-05-14 00:00:00-04:00,0.0,1.1875485181808472,1.0711225240080229,1.1875485181808472,24300,0.0,0.0
1991-05-15 00:00:00-04:00,1.1875485181808472,1.1875485181808472,1.1875485181808472,1.1875485181808472,0,0.0,0.0
1991-05-16 00:00:00-04:00,1.1875485181808472,1.1875485181808472,1.1875485181808472,1.1875485181808472,0,0.0,0.0
1991-05-17 00:00:00-04:00,1.1875485181808472,1.1875485181808472,1.1875485181808472,1.1875485181808472,0,0.0,0.0
1991-05-20 00:00:00-04:00,1.1875485181808472,1.1875485181808472,1.1875485181808472,1.1875485181808472,0,0.0,0.0
1991-05-21 00:00:00-04:00,1.1875485181808472,1.1875485181808472,1.1875485181808472,1.1875485181808472,0,0.0,0.0
1991-05-22 00:00:00-04:00,0.0,1.164263129234314,1.0711222387827708,1.164263129234314,2700,0.0,0.0
1991-05-23 00:00:00-04:00,1.164263129234314,1.164263129234314,1.164263129234314,1.164263129234314,0,0.0,0.0
1991-05-24 00:00:00-04:00,0.0,1.164263129234314,1.164263129234314,1.164263129234314,900,0.0,0.0
1991-05-28 00:00:00-04:00,1.164263129234314,1.164263129234314,1.164263129234314,1.164263129234314,0,0.0,0.0
1991-05-29 00:00:00-04:00,1.164263129234314,1.164263129234314,1.164263129234314,1.164263129234314,0,0.0,0.0
1991-05-30 00:00:00-04:00,1.164263129234314,1.164263129234314,1.164263129234314,1.164263129234314,0,0.0,0.0
1991-05-31 00:00:00-04:00,1.164263129234314,1.164263129234314,1.164263129234314,1.164263129234314,0,0.0,0.0
1991-06-03 00:00:00-04:00,0.0,1.164263129234314,1.0245512939094932,1.164263129234314,7650,0.0,0.0
1991-06-04 00:00:00-04:00,0.0,1.1176930665969849,1.1176930665969849,1.1176930665969849,900,0.0,0.0
1991-06-05 00:00:00-04:00,1.1176930665969849,1.1176930665969849,1.1176930665969849,1.1176930665969849,0,0.0,0.0
1991-06-06 00:00:00-04:00,1.1176930665969849,1.1176930665969849,1.1176930665969849,1.1176930665969849,0,0.0,0.0
1991-06-07 00:00:00-04:00,0.0,1.164263129234314,1.164263129234314,1.164263129234314,900,0.0,0.0
1991-06-10 00:00:00-04:00,1.164263129234314,1.164263129234314,1.164263129234314,1.164263129234314,0,0.0,0.0
1991-06-11 00:00:00-04:00,0.0,1.1176930665969849,1.0245516446154515,1.1176930665969849,7200,0.0,0.0
1991-06-12 00:00:00-04:00,1.1176930665969849,1.1176930665969849,1.1176930665969849,1.1176930665969849,0,0.0,0.0
1991-06-13 00:00:00-04:00,0.0,1.0245518684387207,1.0245518684387207,1.0245518684387207,1350,0.0,0.0
1991-06-14 00:00:00-04:00,1.0245518684387207,1.0245518684387207,1.0245518684387207,1.0245518684387207,0,0.0,0.0
1991-06-17 00:00:00-04:00,1.0245518684387207,1.0245518684387207,1.0245518684387207,1.0245518684387207,0,0.0,0.0
1991-06-18 00:00:00-04:00,1.0245518684387207,1.0245518684387207,1.0245518684387207,1.0245518684387207,0,0.0,0.0
1991-06-19 00:00:00-04:00,0.0,1.0711231231689453,1.0245521398437543,1.0711231231689453,7200,0.0,0.0
1991-06-20 00:00:00-04:00,1.0711231231689453,1.0711231231689453,1.0711231231689453,1.0711231231689453,0,0.0,0.0
1991-06-21 00:00:00-04:00,1.0711231231689453,1.0711231231689453,1.0711231231689453,1.0711231231689453,0,0.0,0.0
1991-06-24 00:00:00-04:00,0.0,1.1255244016647339,1.1255244016647339,1.1255244016647339,2700,0.01778,0.0
1991-06-25 00:00:00-04:00,1.1255244016647339,1.1255244016647339,1.1255244016647339,1.1255244016647339,0,0.0,0.0
1991-06-26 00:00:00-04:00,1.1255244016647339,1.1255244016647339,1.1255244016647339,1.1255244016647339,0,0.0,0.0
1991-06-27 00:00:00-04:00,1.1255244016647339,1.1255244016647339,1.1255244016647339,1.1255244016647339,0,0.0,0.0
1991-06-28 00:00:00-04:00,1.1255244016647339,1.1255244016647339,1.1255244016647339,1.1255244016647339,0,0.0,0.0
1991-07-01 00:00:00-04:00,0.0,1.0317304134368896,1.0317304134368896,1.0317304134368896,4500,0.0,0.0
1991-07-02 00:00:00-04:00,1.0317304134368896,1.0317304134368896,1.0317304134368896,1.0317304134368896,0,0.0,0.0
1991-07-03 00:00:00-04:00,1.0317304134368896,1.0317304134368896,1.0317304134368896,1.0317304134368896,0,0.0,0.0
1991-07-05 00:00:00-04:00,1.0317304134368896,1.0317304134368896,1.0317304134368896,1.0317304134368896,0,0.0,0.0
1991-07-08 00:00:00-04:00,0.0,1.1255244016647339,1.0317303660936352,1.1255244016647339,24750,0.0,0.0
1991-07-09 00:00:00-04:00,1.1255244016647339,1.1255244016647339,1.1255244016647339,1.1255244016647339,0,0.0,0.0
1991-07-10 00:00:00-04:00,0.0,1.0317304134368896,1.0317304134368896,1.0317304134368896,1800,0.0,0.0
1991-07-11 00:00:00-04:00,1.0317304134368896,1.0317304134368896,1.0317304134368896,1.0317304134368896,0,0.0,0.0
1991-07-12 00:00:00-04:00,1.0317304134368896,1.0317304134368896,1.0317304134368896,1.0317304134368896,0,0.0,0.0
1991-07-15 00:00:00-04:00,0.0,1.0317304134368896,1.0317304134368896,1.0317304134368896,1350,0.0,0.0
1991-07-16 00:00:00-04:00,0.0,1.1020750999450684,1.031729741630973,1.1020750999450684,3150,0.0,0.0
1991-07-17 00:00:00-04:00,1.1020750999450684,1.1020750999450684,1.1020750999450684,1.1020750999450684,0,0.0,0.0
1991-07-18 00:00:00-04:00,1.1020750999450684,1.1020750999450684,1.1020750999450684,1.1020750999450684,0,0.0,0.0
1991-07-19 00:00:00-04:00,1.1020750999450684,1.1020750999450684,1.1020750999450684,1.1020750999450684,0,0.0,0.0
1991-07-22 00:00:00-04:00,1.1020750999450684,1.1020750999450684,1.1020750999450684,1.1020750999450684,0,0.0,0.0
1991-07-23 00:00:00-04:00,0.0,1.0317304134368896,1.0317304134368896,1.0317304134368896,2250,0.0,0.0
1991-07-24 00:00:00-04:00,1.0317304134368896,1.0317304134368896,1.0317304134368896,1.0317304134368896,0,0.0,0.0
1991-07-25 00:00:00-04:00,0.0,1.1020758175560306,1.0317304134368896,1.0317304134368896,90000,0.0,0.0
1991-07-26 00:00:00-04:00,0.0,1.078627684948703,1.0317304134368896,1.0317304134368896,14850,0.0,0.0
1991-07-29 00:00:00-04:00,1.0317304134368896,1.0317304134368896,1.0317304134368896,1.0317304134368896,0,0.0,0.0
1991-07-30 00:00:00-04:00,0.0,1.1020750999450684,1.078626982605871,1.1020750999450684,9000,0.0,0.0
1991-07-31 00:00:00-04:00,0.0,1.1724212216751715,1.0317304134368896,1.0317304134368896,6300,0.0,0.0
1991-08-01 00:00:00-04:00,0.0,1.1724204582591635,1.1020750999450684,1.1020750999450684,22950,0.0,0.0
1991-08-02 00:00:00-04:00,1.1020750999450684,1.1020750999450684,1.1020750999450684,1.1020750999450684,0,0.0,0.0
1991-08-05 00:00:00-04:00,1.1020750999450684,1.1020750999450684,1.1020750999450684,1.1020750999450684,0,0.0,0.0
1991-08-06 00:00:00-04:00,1.1020750999450684,1.1020750999450684,1.1020750999450684,1.1020750999450684,0,0.0,0.0
1991-08-07 00:00:00-04:00,0.0,1.1724201440811157,1.1724201440811157,1.1724201440811157,450,0.0,0.0
1991-08-08 00:00:00-04:00,1.1724201440811157,1.1724201440811157,1.1724201440811157,1.1724201440811157,0,0.0,0.0
1991-08-09 00:00:00-04:00,1.1724201440811157,1.1724201440811157,1.1724201440811157,1.1724201440811157,0,0.0,0.0
1991-08-12 00:00:00-04:00,1.1724201440811157,1.1724201440811157,1.1724201440811157,1.1724201440811157,0,0.0,0.0
1991-08-13 00:00:00-04:00,0.0,1.0786272287368774,1.0551786028987071,1.0786272287368774,8100,0.0,0.0
1991-08-14 00:00:00-04:00,1.0786272287368774,1.0786272287368774,1.0786272287368774,1.0786272287368774,0,0.0,0.0
1991-08-15 00:00:00-04:00,0.0,1.1255244016647339,1.1020757669848202,1.1255244016647339,22050,0.0,0.0
1991-08-16 00:00:00-04:00,0.0,1.1255244016647339,1.1255244016647339,1.1255244016647339,2250,0.0,0.0
1991-08-19 00:00:00-04:00,1.1255244016647339,1.1255244016647339,1.1255244016647339,1.1255244016647339,0,0.0,0.0
1991-08-20 00:00:00-04:00,1.1255244016647339,1.1255244016647339,1.1255244016647339,1.1255244016647339,0,0.0,0.0
1991-08-21 00:00:00-04:00,1.1255244016647339,1.1255244016647339,1.1255244016647339,1.1255244016647339,0,0.0,0.0
1991-08-22 00:00:00-04:00,0.0,1.0786272287368774,1.0082818543707326,1.0786272287368774,11700,0.0,0.0
1991-08-23 00:00:00-04:00,1.0786272287368774,1.0786272287368774,1.0786272287368774,1.0786272287368774,0,0.0,0.0
1991-08-26 00:00:00-04:00,1.0786272287368774,1.0786272287368774,1.0786272287368774,1.0786272287368774,0,0.0,0.0
1991-08-27 00:00:00-04:00,1.0786272287368774,1.0786272287368774,1.0786272287368774,1.0786272287368774,0,0.0,0.0
1991-08-28 00:00:00-04:00,0.0,1.0082817077636719,1.0082817077636719,1.0082817077636719,900,0.0,0.0
1991-08-29 00:00:00-04:00,0.0,1.0082817077636719,1.0082817077636719,1.0082817077636719,2700,0.0,0.0
1991-08-30 00:00:00-04:00,1.0082817077636719,1.0082817077636719,1.0082817077636719,1.0082817077636719,0,0.0,0.0
1991-09-03 00:00:00-04:00,1.0082817077636719,1.0082817077636719,1.0082817077636719,1.0082817077636719,0,0.0,0.0
1991-09-04 00:00:00-04:00,0.0,1.1020751265294624,1.0082816486136719,1.090350866317749,45000,0.0,0.0
1991-09-05 00:00:00-04:00,0.0,1.0082817077636719,1.0082817077636719,1.0082817077636719,450,0.0,0.0
1991-09-06 00:00:00-04:00,1.0082817077636719,1.0082817077636719,1.0082817077636719,1.0082817077636719,0,0.0,0.0
1991-09-09 00:00:00-04:00,0.0,1.0317304134368896,1.0082822808295622,1.0317304134368896,4950,0.0,0.0
1991-09-10 00:00:00-04:00,0.0,1.0317298270440518,1.0082817077636719,1.0082817077636719,1800,0.0,0.0
1991-09-11 00:00:00-04:00,1.0082817077636719,1.0082817077636719,1.0082817077636719,1.0082817077636719,0,0.0,0.0
1991-09-12 00:00:00-04:00,0.0,1.0082817077636719,1.0082817077636719,1.0082817077636719,1350,0.0,0.0
1991-09-13 00:00:00-04:00,0.0,1.1020750999450684,1.0082816242917758,1.1020750999450684,32400,0.0,0.0
1991-09-16 00:00:00-04:00,0.0,1.0082817077636719,1.0082817077636719,1.0082817077636719,450,0.0,0.0
1991-09-17 00:00:00-04:00,1.0082817077636719,1.0082817077636719,1.0082817077636719,1.0082817077636719,0,0.0,0.0
1991-09-18 00:00:00-04:00,1.0082817077636719,1.0082817077636719,1.0082817077636719,1.0082817077636719,0,0.0,0.0
1991-09-19 00:00:00-04:00,1.0082817077636719,1.0082817077636719,1.0082817077636719,1.0082817077636719,0,0.0,0.0
1991-09-20 00:00:00-04:00,0.0,1.0786272287368774,1.0082818543707326,1.0786272287368774,4950,0.0,0.0
1991-09-23 00:00:00-04:00,1.0786272287368774,1.0786272287368774,1.0786272287368774,1.0786272287368774,0,0.0,0.0
1991-09-24 00:00:00-04:00,1.0861841440200806,1.0861841440200806,1.0861841440200806,1.0861841440200806,0,0.01778,0.0
1991-09-25 00:00:00-04:00,0.0,1.1570223569869995,1.1570223569869995,1.1570223569869995,450,0.0,0.0
1991-09-26 00:00:00-04:00,1.1570223569869995,1.1570223569869995,1.1570223569869995,1.1570223569869995,0,0.0,0.0
1991-09-27 00:00:00-04:00,0.0,1.1334093254697541,1.015345811843872,1.015345811843872,13500,0.0,0.0
1991-09-30 00:00:00-04:00,0.0,1.1334096952165995,1.0389585494995117,1.0389585494995117,6750,0.0,0.0
1991-10-01 00:00:00-04:00,0.0,1.1097968816757202,1.0153462341592852,1.1097968816757202,62550,0.0,0.0
1991-10-02 00:00:00-04:00,1.1097968816757202,1.1097968816757202,1.1097968816757202,1.1097968816757202,0,0.0,0.0
1991-10-03 00:00:00-04:00,1.1097968816757202,1.1097968816757202,1.1097968816757202,1.1097968816757202,0,0.0,0.0
1991-10-04 00:00:00-04:00,0.0,1.0979903936386108,1.0979903936386108,1.0979903936386108,900,0.0,0.0
1991-10-07 00:00:00-04:00,0.0,1.015345811843872,1.015345811843872,1.015345811843872,9000,0.0,0.0
1991-10-08 00:00:00-04:00,0.0,1.015345811843872,1.015345811843872,1.015345811843872,2250,0.0,0.0
1991-10-09 00:00:00-04:00,1.015345811843872,1.015345811843872,1.015345811843872,1.015345811843872,0,0.0,0.0
1991-10-10 00:00:00-04:00,0.0,1.015345811843872,1.015345811843872,1.015345811843872,450,0.0,0.0
1991-10-11 00:00:00-04:00,1.015345811843872,1.015345811843872,1.015345811843872,1.015345811843872,0,0.0,0.0
1991-10-14 00:00:00-04:00,1.015345811843872,1.015345811843872,1.015345811843872,1.015345811843872,0,0.0,0.0
1991-10-15 00:00:00-04:00,1.015345811843872,1.015345811843872,1.015345811843872,1.015345811843872,0,0.0,0.0
1991-10-16 00:00:00-04:00,1.015345811843872,1.015345811843872,1.015345811843872,1.015345811843872,0,0.0,0.0
1991-10-17 00:00:00-04:00,1.015345811843872,1.015345811843872,1.015345811843872,1.015345811843872,0,0.0,0.0
1991-10-18 00:00:00-04:00,0.0,1.1097968816757202,1.0153462341592852,1.1097968816757202,135000,0.0,0.0
1991-10-21 00:00:00-04:00,1.1097968816757202,1.1097968816757202,1.1097968816757202,1.1097968816757202,0,0.0,0.0
1991-10-22 00:00:00-04:00,0.0,1.015345811843872,1.015345811843872,1.015345811843872,450,0.0,0.0
1991-10-23 00:00:00-04:00,1.015345811843872,1.015345811843872,1.015345811843872,1.015345811843872,0,0.0,0.0
1991-10-24 00:00:00-04:00,1.015345811843872,1.015345811843872,1.015345811843872,1.015345811843872,0,0.0,0.0
1991-10-25 00:00:00-04:00,1.015345811843872,1.015345811843872,1.015345811843872,1.015345811843872,0,0.0,0.0
1991-10-28 00:00:00-05:00,1.015345811843872,1.015345811843872,1.015345811843872,1.015345811843872,0,0.0,0.0
1991-10-29 00:00:00-05:00,1.015345811843872,1.015345811843872,1.015345811843872,1.015345811843872,0,0.0,0.0
1991-10-30 00:00:00-05:00,1.015345811843872,1.015345811843872,1.015345811843872,1.015345811843872,0,0.0,0.0
1991-10-31 00:00:00-05:00,1.015345811843872,1.015345811843872,1.015345811843872,1.015345811843872,0,0.0,0.0
1991-11-01 00:00:00-05:00,1.015345811843872,1.015345811843872,1.015345811843872,1.015345811843872,0,0.0,0.0
1991-11-04 00:00:00-05:00,1.015345811843872,1.015345811843872,1.015345811843872,1.015345811843872,0,0.0,0.0
1991-11-05 00:00:00-05:00,1.015345811843872,1.015345811843872,1.015345811843872,1.015345811843872,0,0.0,0.0
1991-11-06 00:00:00-05:00,1.015345811843872,1.015345811843872,1.015345811843872,1.015345811843872,0,0.0,0.0
1991-11-07 00:00:00-05:00,0.0,1.1334096193313599,1.1334096193313599,1.1334096193313599,450,0.0,0.0
1991-11-08 00:00:00-05:00,0.0,1.1570223569869995,1.1570223569869995,1.1570223569869995,8550,0.0,0.0
1991-11-11 00:00:00-05:00,1.1570223569869995,1.1570223569869995,1.1570223569869995,1.1570223569869995,0,0.0,0.0
1991-11-12 00:00:00-05:00,1.1570223569869995,1.1570223569869995,1.1570223569869995,1.1570223569869995,0,0.0,0.0
1991-11-13 00:00:00-05:00,1.1570223569869995,1.1570223569869995,1.1570223569869995,1.1570223569869995,0,0.0,0.0
1991-11-14 00:00:00-05:00,1.1570223569869995,1.1570223569869995,1.1570223569869995,1.1570223569869995,0,0.0,0.0
1991-11-15 00:00:00-05:00,1.015346159166794,1.0979903936386108,1.015346159166794,1.0979903936386108,1800,0.0,0.0
1991-11-18 00:00:00-05:00,1.0861841440200806,1.0861841440200806,1.0861841440200806,1.0861841440200806,1350,0.0,0.0
1991-11-19 00:00:00-05:00,1.0861841440200806,1.0861841440200806,1.0861841440200806,1.0861841440200806,0,0.0,0.0
1991-11-20 00:00:00-05:00,1.0861841440200806,1.0861841440200806,1.0861841440200806,1.0861841440200806,0,0.0,0.0
1991-11-21 00:00:00-05:00,1.0861841440200806,1.0861841440200806,1.0861841440200806,1.0861841440200806,0,0.0,0.0
1991-11-22 00:00:00-05:00,1.0861841440200806,1.0861841440200806,1.0861841440200806,1.0861841440200806,0,0.0,0.0
1991-11-25 00:00:00-05:00,1.0861841440200806,1.0861841440200806,1.0861841440200806,1.0861841440200806,0,0.0,0.0
1991-11-26 00:00:00-05:00,1.0861841440200806,1.0861841440200806,1.0861841440200806,1.0861841440200806,0,0.0,0.0
1991-11-27 00:00:00-05:00,1.0153462341592852,1.1097968816757202,1.0153462341592852,1.1097968816757202,13500,0.0,0.0
1991-11-29 00:00:00-05:00,1.1097968816757202,1.1097968816757202,1.1097968816757202,1.1097968816757202,0,0.0,0.0
1991-12-02 00:00:00-05:00,1.0861841440200806,1.0861841440200806,1.0861841440200806,1.0861841440200806,2250,0.0,0.0
1991-12-03 00:00:00-05:00,1.0389585494995117,1.0389585494995117,1.0389585494995117,1.0389585494995117,3600,0.0,0.0
1991-12-04 00:00:00-05:00,1.0389585494995117,1.0389585494995117,1.0389585494995117,1.0389585494995117,0,0.0,0.0
1991-12-05 00:00:00-05:00,1.0389585494995117,1.0389585494995117,1.0389585494995117,1.0389585494995117,0,0.0,0.0
1991-12-06 00:00:00-05:00,1.0389585494995117,1.0389585494995117,1.0389585494995117,1.0389585494995117,0,0.0,0.0
1991-12-09 00:00:00-05:00,1.0389585494995117,1.0389585494995117,1.0389585494995117,1.0389585494995117,0,0.0,0.0
1991-12-10 00:00:00-05:00,1.0389584799380647,1.1334096193313599,1.0389584799380647,1.1334096193313599,9000,0.0,0.0
1991-12-11 00:00:00-05:00,1.0389585494995117,1.0389585494995117,1.0389585494995117,1.0389585494995117,450,0.0,0.0
1991-12-12 00:00:00-05:00,1.0389585494995117,1.0389585494995117,1.0389585494995117,1.0389585494995117,0,0.0,0.0
1991-12-13 00:00:00-05:00,1.0389585494995117,1.0389585494995117,1.0389585494995117,1.0389585494995117,0,0.0,0.0
1991-12-16 00:00:00-05:00,1.0389585494995117,1.0389585494995117,1.0389585494995117,1.0389585494995117,0,0.0,0.0
1991-12-17 00:00:00-05:00,1.0389585494995117,1.0389585494995117,1.0389585494995117,1.0389585494995117,0,0.0,0.0
1991-12-18 00:00:00-05:00,1.0389585494995117,1.0389585494995117,1.0389585494995117,1.0389585494995117,0,0.0,0.0
1991-12-19 00:00:00-05:00,1.0389585494995117,1.0389585494995117,1.0389585494995117,1.0389585494995117,0,0.0,0.0
1991-12-20 00:00:00-05:00,1.0389585494995117,1.0389585494995117,1.0389585494995117,1.0389585494995117,0,0.0,0.0
1991-12-23 00:00:00-05:00,1.0389586110765776,1.0625715255737305,1.0389586110765776,1.0625715255737305,33300,0.0,0.0
1991-12-24 00:00:00-05:00,1.070181965827942,1.070181965827942,1.070181965827942,1.070181965827942,0,0.01778,0.0
1991-12-26 00:00:00-05:00,1.070181965827942,1.070181965827942,1.070181965827942,1.070181965827942,0,0.0,0.0
1991-12-27 00:00:00-05:00,1.070181965827942,1.070181965827942,1.070181965827942,1.070181965827942,0,0.0,0.0
1991-12-30 00:00:00-05:00,1.070181965827942,1.070181965827942,1.070181965827942,1.070181965827942,0,0.0,0.0
1991-12-31 00:00:00-05:00,1.070181965827942,1.070181965827942,1.070181965827942,1.070181965827942,0,0.0,0.0
1992-01-02 00:00:00-05:00,1.0464001893997192,1.0464001893997192,1.0464001893997192,1.0464001893997192,1350,0.0,0.0
1992-01-03 00:00:00-05:00,1.0464001893997192,1.0464001893997192,1.0464001893997192,1.0464001893997192,0,0.0,0.0
1992-01-06 00:00:00-05:00,1.0464001893997192,1.0464001893997192,1.0464001893997192,1.0464001893997192,0,0.0,0.0
1992-01-07 00:00:00-05:00,1.0464001893997192,1.0464001893997192,1.0464001893997192,1.0464001893997192,0,0.0,0.0
1992-01-08 00:00:00-05:00,1.0464001893997192,1.0464001893997192,1.0464001893997192,1.0464001893997192,0,0.0,0.0
1992-01-09 00:00:00-05:00,1.0464001893997192,1.0464001893997192,1.0464001893997192,1.0464001893997192,0,0.0,0.0
1992-01-10 00:00:00-05:00,1.1890914258603404,1.1890914258603404,1.0464001893997192,1.0464001893997192,15300,0.0,0.0
1992-01-13 00:00:00-05:00,1.0464001893997192,1.0464001893997192,1.0464001893997192,1.0464001893997192,0,0.0,0.0
1992-01-14 00:00:00-05:00,1.0464001893997192,1.0464001893997192,1.0464001893997192,1.0464001893997192,0,0.0,0.0
1992-01-15 00:00:00-05:00,1.0464001893997192,1.0464001893997192,1.0464001893997192,1.0464001893997192,32850,0.0,0.0
1992-01-16 00:00:00-05:00,1.0464001893997192,1.0464001893997192,1.0464001893997192,1.0464001893997192,0,0.0,0.0
1992-01-17 00:00:00-05:00,1.0464001893997192,1.0464001893997192,1.0464001893997192,1.0464001893997192,0,0.0,0.0
1992-01-20 00:00:00-05:00,1.0464001893997192,1.1177458076300297,1.0464001893997192,1.0464001893997192,19800,0.0,0.0
1992-01-21 00:00:00-05:00,1.0464001893997192,1.0464001893997192,1.0464001893997192,1.0464001893997192,0,0.0,0.0
1992-01-22 00:00:00-05:00,1.0464001893997192,1.0464001893997192,1.0464001893997192,1.0464001893997192,6300,0.0,0.0
1992-01-23 00:00:00-05:00,1.0464001893997192,1.0464001893997192,1.0464001893997192,1.0464001893997192,0,0.0,0.0
1992-01-24 00:00:00-05:00,1.0464001893997192,1.0464001893997192,1.0464001893997192,1.0464001893997192,0,0.0,0.0
1992-01-27 00:00:00-05:00,1.0464001893997192,1.0464001893997192,1.0464001893997192,1.0464001893997192,0,0.0,0.0
1992-01-28 00:00:00-05:00,1.0464001893997192,1.0464001893997192,1.0464001893997192,1.0464001893997192,0,0.0,0.0
1992-01-29 00:00:00-05:00,1.0464001893997192,1.0464001893997192,1.0464001893997192,1.0464001893997192,0,0.0,0.0
1992-01-30 00:00:00-05:00,1.0464001893997192,1.0464001893997192,1.0464001893997192,1.0464001893997192,0,0.0,0.0
1992-01-31 00:00:00-05:00,1.0939644575119019,1.0939644575119019,1.0939644575119019,1.0939644575119019,11250,0.0,0.0
1992-02-03 00:00:00-05:00,1.0939644575119019,1.0939644575119019,1.0939644575119019,1.0939644575119019,0,0.0,0.0
1992-02-04 00:00:00-05:00,1.0939649995313439,1.141528606414795,1.0464008823449005,1.141528606414795,15750,0.0,0.0
1992-02-05 00:00:00-05:00,1.1890908479690552,1.1890908479690552,1.1890908479690552,1.1890908479690552,450,0.0,0.0
1992-02-06 00:00:00-05:00,1.1890908479690552,1.1890908479690552,1.1890908479690552,1.1890908479690552,0,0.0,0.0
1992-02-07 00:00:00-05:00,1.1890908479690552,1.1890908479690552,1.1890908479690552,1.1890908479690552,0,0.0,0.0
1992-02-10 00:00:00-05:00,1.0464001893997192,1.0464001893997192,1.0464001893997192,1.0464001893997192,900,0.0,0.0
1992-02-11 00:00:00-05:00,1.0464001893997192,1.0464001893997192,1.0464001893997192,1.0464001893997192,0,0.0,0.0
1992-02-12 00:00:00-05:00,1.1177455186843872,1.1177455186843872,1.1177455186843872,1.1177455186843872,900,0.0,0.0
1992-02-13 00:00:00-05:00,1.1177455186843872,1.1177455186843872,1.1177455186843872,1.1177455186843872,0,0.0,0.0
1992-02-14 00:00:00-05:00,1.1177455186843872,1.1177455186843872,1.1177455186843872,1.1177455186843872,0,0.0,0.0
1992-02-18 00:00:00-05:00,1.1177455186843872,1.1177455186843872,1.1177455186843872,1.1177455186843872,0,0.0,0.0
1992-02-19 00:00:00-05:00,1.141528606414795,1.141528606414795,1.141528606414795,1.141528606414795,2700,0.0,0.0
1992-02-20 00:00:00-05:00,1.141528606414795,1.141528606414795,1.141528606414795,1.141528606414795,0,0.0,0.0
1992-02-21 00:00:00-05:00,1.141528606414795,1.141528606414795,1.141528606414795,1.141528606414795,0,0.0,0.0
1992-02-24 00:00:00-05:00,1.141528606414795,1.141528606414795,1.141528606414795,1.141528606414795,0,0.0,0.0
1992-02-25 00:00:00-05:00,1.0464001893997192,1.0464001893997192,1.0464001893997192,1.0464001893997192,450,0.0,0.0
1992-02-26 00:00:00-05:00,1.0464001893997192,1.0464001893997192,1.0464001893997192,1.0464001893997192,0,0.0,0.0
1992-02-27 00:00:00-05:00,1.0464001893997192,1.0464001893997192,1.0464001893997192,1.0464001893997192,0,0.0,0.0
1992-02-28 00:00:00-05:00,1.0464001893997192,1.0464001893997192,1.0464001893997192,1.0464001893997192,0,0.0,0.0
1992-03-02 00:00:00-05:00,1.0464001893997192,1.0464001893997192,1.0464001893997192,1.0464001893997192,2700,0.0,0.0
1992-03-03 00:00:00-05:00,1.0464001893997192,1.0464001893997192,1.0464001893997192,1.0464001893997192,0,0.0,0.0
1992-03-04 00:00:00-05:00,1.0464001893997192,1.0464001893997192,1.0464001893997192,1.0464001893997192,0,0.0,0.0
1992-03-05 00:00:00-05:00,1.0464001893997192,1.0464001893997192,1.0464001893997192,1.0464001893997192,0,0.0,0.0
1992-03-06 00:00:00-05:00,1.0464001893997192,1.0464001893997192,1.0464001893997192,1.0464001893997192,0,0.0,0.0
1992-03-09 00:00:00-05:00,1.0464001893997192,1.0464001893997192,1.0464001893997192,1.0464001893997192,0,0.0,0.0
1992-03-10 00:00:00-05:00,1.0464001893997192,1.0464001893997192,1.0464001893997192,1.0464001893997192,0,0.0,0.0
1992-03-11 00:00:00-05:00,1.0582916343875954,1.1058552265167236,1.0582916343875954,1.1058552265167236,16200,0.0,0.0
1992-03-12 00:00:00-05:00,1.1058552265167236,1.1058552265167236,1.1058552265167236,1.1058552265167236,0,0.0,0.0
1992-03-13 00:00:00-05:00,1.0939637434283007,1.1890908479690552,1.0939637434283007,1.1890908479690552,12150,0.0,0.0
1992-03-16 00:00:00-05:00,1.141527295698678,1.1890908479690552,1.141527295698678,1.1890908479690552,28350,0.0,0.0
1992-03-17 00:00:00-05:00,1.1890908479690552,1.1890908479690552,1.1890908479690552,1.1890908479690552,0,0.0,0.0
1992-03-18 00:00:00-05:00,1.1890908479690552,1.1890908479690552,1.1890908479690552,1.1890908479690552,0,0.0,0.0
1992-03-19 00:00:00-05:00,1.1890908479690552,1.1890908479690552,1.1890908479690552,1.1890908479690552,0,0.0,0.0
1992-03-20 00:00:00-05:00,1.1890908479690552,1.1890908479690552,1.1890908479690552,1.1890908479690552,0,0.0,0.0
1992-03-23 00:00:00-05:00,1.1890908479690552,1.1890908479690552,1.1890908479690552,1.1890908479690552,0,0.0,0.0
1992-03-24 00:00:00-05:00,1.1890908479690552,1.1890908479690552,1.1890908479690552,1.1890908479690552,0,0.0,0.0
1992-03-25 00:00:00-05:00,1.1977144479751587,1.1977144479751587,1.1977144479751587,1.1977144479751587,0,0.02,0.0
1992-03-26 00:00:00-05:00,1.1977144479751587,1.1977144479751587,1.1977144479751587,1.1977144479751587,0,0.0,0.0
1992-03-27 00:00:00-05:00,1.101897954940796,1.101897954940796,1.101897954940796,1.101897954940796,1350,0.0,0.0
1992-03-30 00:00:00-05:00,1.101897954940796,1.101897954940796,1.101897954940796,1.101897954940796,6300,0.0,0.0
1992-03-31 00:00:00-05:00,1.101897954940796,1.101897954940796,1.101897954940796,1.101897954940796,0,0.0,0.0
1992-04-01 00:00:00-05:00,1.101897954940796,1.101897954940796,1.101897954940796,1.101897954940796,0,0.0,0.0
1992-04-02 00:00:00-05:00,1.101897954940796,1.101897954940796,1.101897954940796,1.101897954940796,0,0.0,0.0
1992-04-03 00:00:00-05:00,1.101897954940796,1.101897954940796,1.101897954940796,1.101897954940796,0,0.0,0.0
1992-04-06 00:00:00-04:00,1.101897954940796,1.101897954940796,1.101897954940796,1.101897954940796,0,0.0,0.0
1992-04-07 00:00:00-04:00,1.053989052772522,1.053989052772522,1.053989052772522,1.053989052772522,8550,0.0,0.0
1992-04-08 00:00:00-04:00,1.053989052772522,1.053989052772522,1.053989052772522,1.053989052772522,3150,0.0,0.0
1992-04-09 00:00:00-04:00,1.053989052772522,1.053989052772522,1.053989052772522,1.053989052772522,0,0.0,0.0
1992-04-10 00:00:00-04:00,1.053989052772522,1.053989052772522,1.053989052772522,1.053989052772522,0,0.0,0.0
1992-04-13 00:00:00-04:00,1.053989052772522,1.053989052772522,1.053989052772522,1.053989052772522,0,0.0,0.0
1992-04-14 00:00:00-04:00,1.0539889235926638,1.101897954940796,1.0539889235926638,1.101897954940796,18000,0.0,0.0
1992-04-15 00:00:00-04:00,1.1258526835949947,1.1498072147369385,1.1258526835949947,1.1498072147369385,5400,0.0,0.0
1992-04-16 00:00:00-04:00,1.1498072147369385,1.1498072147369385,1.1498072147369385,1.1498072147369385,0,0.0,0.0
1992-04-20 00:00:00-04:00,1.1498072147369385,1.1498072147369385,1.1498072147369385,1.1498072147369385,0,0.0,0.0
1992-04-21 00:00:00-04:00,1.1258519941051977,1.137829303741455,1.1258519941051977,1.137829303741455,10800,0.0,0.0
1992-04-22 00:00:00-04:00,1.1498072147369385,1.1498072147369385,1.1498072147369385,1.1498072147369385,2250,0.0,0.0
1992-04-23 00:00:00-04:00,1.101897954940796,1.101897954940796,1.101897954940796,1.101897954940796,1800,0.0,0.0
1992-04-24 00:00:00-04:00,1.101897954940796,1.101897954940796,1.101897954940796,1.101897954940796,0,0.0,0.0
1992-04-27 00:00:00-04:00,1.101897954940796,1.101897954940796,1.101897954940796,1.101897954940796,0,0.0,0.0
1992-04-28 00:00:00-04:00,1.0779434442520142,1.0779434442520142,1.0779434442520142,1.0779434442520142,900,0.0,0.0
1992-04-29 00:00:00-04:00,1.0779434442520142,1.0779434442520142,1.0779434442520142,1.0779434442520142,0,0.0,0.0
1992-04-30 00:00:00-04:00,1.0779434442520142,1.0779434442520142,1.0779434442520142,1.0779434442520142,0,0.0,0.0
1992-05-01 00:00:00-04:00,1.0779434442520142,1.0779434442520142,1.0779434442520142,1.0779434442520142,0,0.0,0.0
1992-05-04 00:00:00-04:00,1.0779434442520142,1.0779434442520142,1.0779434442520142,1.0779434442520142,0,0.0,0.0
1992-05-05 00:00:00-04:00,1.2216689586639404,1.2216689586639404,1.2216689586639404,1.2216689586639404,1800,0.0,0.0
1992-05-06 00:00:00-04:00,1.2216689586639404,1.2216689586639404,1.2216689586639404,1.2216689586639404,900,0.0,0.0
1992-05-07 00:00:00-04:00,1.101897954940796,1.101897954940796,1.101897954940796,1.101897954940796,1350,0.0,0.0
1992-05-08 00:00:00-04:00,1.2216686458117874,1.269577145576477,1.2216686458117874,1.269577145576477,8100,0.0,0.0
1992-05-11 00:00:00-04:00,1.269577145576477,1.269577145576477,1.269577145576477,1.269577145576477,0,0.0,0.0
1992-05-12 00:00:00-04:00,1.269577145576477,1.269577145576477,1.269577145576477,1.269577145576477,0,0.0,0.0
1992-05-13 00:00:00-04:00,1.2935322451408329,1.3174867630004883,1.2935322451408329,1.3174867630004883,2250,0.0,0.0
1992-05-14 00:00:00-04:00,1.3414413928985596,1.3414413928985596,1.3414413928985596,1.3414413928985596,2250,0.0,0.0
1992-05-15 00:00:00-04:00,1.3653962501645203,1.4133048057556152,1.3653962501645203,1.4133048057556152,9000,0.0,0.0
1992-05-18 00:00:00-04:00,1.4133048057556152,1.4133048057556152,1.4133048057556152,1.4133048057556152,0,0.0,0.0
1992-05-19 00:00:00-04:00,1.4133048057556152,1.4133048057556152,1.4133048057556152,1.4133048057556152,0,0.0,0.0
1992-05-20 00:00:00-04:00,1.3174867630004883,1.3174867630004883,1.3174867630004883,1.3174867630004883,5850,0.0,0.0
1992-05-21 00:00:00-04:00,1.4612122774124146,1.4612122774124146,1.4612122774124146,1.4612122774124146,1350,0.0,0.0
1992-05-22 00:00:00-04:00,1.4612122774124146,1.4612122774124146,1.4612122774124146,1.4612122774124146,0,0.0,0.0
1992-05-26 00:00:00-04:00,1.4851667631670171,1.5330758094787598,1.4851667631670171,1.5330758094787598,4950,0.0,0.0
1992-05-27 00:00:00-04:00,1.557029366493225,1.6768010222861416,1.557029366493225,1.557029366493225,10350,0.0,0.0
1992-05-28 00:00:00-04:00,1.557029366493225,1.557029366493225,1.557029366493225,1.557029366493225,2700,0.0,0.0
1992-05-29 00:00:00-04:00,1.628892421722412,1.628892421722412,1.628892421722412,1.628892421722412,900,0.0,0.0
1992-06-01 00:00:00-04:00,1.5091212863228884,1.6528469860479054,1.5091212863228884,1.5330758094787598,21600,0.0,0.0
1992-06-02 00:00:00-04:00,1.5091212863228884,1.6288928740949515,1.5091212863228884,1.5330758094787598,14850,0.0,0.0
1992-06-03 00:00:00-04:00,1.5091208271310848,1.6288923784593363,1.485166311264038,1.485166311264038,16650,0.0,0.0
1992-06-04 00:00:00-04:00,1.485166311264038,1.485166311264038,1.485166311264038,1.485166311264038,0,0.0,0.0
1992-06-05 00:00:00-04:00,1.4372578135010081,1.557029366493225,1.4372578135010081,1.557029366493225,2700,0.0,0.0
1992-06-08 00:00:00-04:00,1.557029366493225,1.557029366493225,1.557029366493225,1.557029366493225,0,0.0,0.0
1992-06-09 00:00:00-04:00,1.4372576475143433,1.4372576475143433,1.4372576475143433,1.4372576475143433,1350,0.0,0.0
1992-06-10 00:00:00-04:00,1.4372576475143433,1.4372576475143433,1.4372576475143433,1.4372576475143433,0,0.0,0.0
1992-06-11 00:00:00-04:00,1.4372576475143433,1.4372576475143433,1.4372576475143433,1.4372576475143433,0,0.0,0.0
1992-06-12 00:00:00-04:00,1.4133048057556152,1.4133048057556152,1.4133048057556152,1.4133048057556152,5400,0.0,0.0
1992-06-15 00:00:00-04:00,1.509121060371399,1.509121060371399,1.509121060371399,1.509121060371399,3600,0.0,0.0
1992-06-16 00:00:00-04:00,1.4252815474159182,1.4492355585098267,1.4252815474159182,1.4492355585098267,18000,0.0,0.0
1992-06-17 00:00:00-04:00,1.509121060371399,1.509121060371399,1.437258015667047,1.509121060371399,58950,0.0,0.0
1992-06-18 00:00:00-04:00,1.509121060371399,1.509121060371399,1.509121060371399,1.509121060371399,1350,0.0,0.0
1992-06-19 00:00:00-04:00,1.4851667631670171,1.5330758094787598,1.4612127540147926,1.5330758094787598,45900,0.0,0.0
1992-06-22 00:00:00-04:00,1.5330758094787598,1.5330758094787598,1.5330758094787598,1.5330758094787598,450,0.0,0.0
1992-06-23 00:00:00-04:00,1.5330758094787598,1.5330758094787598,1.5330758094787598,1.5330758094787598,1800,0.0,0.0
1992-06-24 00:00:00-04:00,1.5422321557998657,1.5422321557998657,1.5422321557998657,1.5422321557998657,0,0.02111,0.0
1992-06-25 00:00:00-04:00,1.4337940303667653,1.4578911066055298,1.4337940303667653,1.4578911066055298,18000,0.0,0.0
1992-06-26 00:00:00-04:00,1.3976476192474365,1.3976476192474365,1.3976476192474365,1.3976476192474365,3600,0.0,0.0
1992-06-29 00:00:00-04:00,1.3976476192474365,1.3976476192474365,1.3976476192474365,1.3976476192474365,450,0.0,0.0
1992-06-30 00:00:00-04:00,1.3976476192474365,1.3976476192474365,1.3976476192474365,1.3976476192474365,0,0.0,0.0
1992-07-01 00:00:00-04:00,1.3976476192474365,1.3976476192474365,1.3976476192474365,1.3976476192474365,0,0.0,0.0
1992-07-02 00:00:00-04:00,1.4578911066055298,1.5422322178324908,1.4578911066055298,1.4578911066055298,6750,0.0,0.0
1992-07-06 00:00:00-04:00,1.542231861573703,1.542231861573703,1.4458420276641846,1.4458420276641846,16650,0.0,0.0
1992-07-07 00:00:00-04:00,1.4458420276641846,1.4458420276641846,1.4458420276641846,1.4458420276641846,0,0.0,0.0
1992-07-08 00:00:00-04:00,1.4458420276641846,1.4458420276641846,1.4458420276641846,1.4458420276641846,0,0.0,0.0
1992-07-09 00:00:00-04:00,1.4217450618743896,1.4217450618743896,1.4217450618743896,1.4217450618743896,21600,0.0,0.0
1992-07-10 00:00:00-04:00,1.4217450618743896,1.4217450618743896,1.4217450618743896,1.4217450618743896,0,0.0,0.0
1992-07-13 00:00:00-04:00,1.4699400663375854,1.4699400663375854,1.4699400663375854,1.4699400663375854,450,0.0,0.0
1992-07-14 00:00:00-04:00,1.4699400663375854,1.4699400663375854,1.4699400663375854,1.4699400663375854,0,0.0,0.0
1992-07-15 00:00:00-04:00,1.4699400663375854,1.4699400663375854,1.4699400663375854,1.4699400663375854,0,0.0,0.0
1992-07-16 00:00:00-04:00,1.3253556489944458,1.3253556489944458,1.3253556489944458,1.3253556489944458,7200,0.0,0.0
1992-07-17 00:00:00-04:00,1.3253556489944458,1.3253556489944458,1.3253556489944458,1.3253556489944458,0,0.0,0.0
1992-07-20 00:00:00-04:00,1.3253554038264144,1.3735500574111938,1.3253554038264144,1.3735500574111938,2700,0.0,0.0
1992-07-21 00:00:00-04:00,1.4217450618743896,1.4217450618743896,1.4217450618743896,1.4217450618743896,1350,0.0,0.0
1992-07-22 00:00:00-04:00,1.4217450618743896,1.4217450618743896,1.4217450618743896,1.4217450618743896,0,0.0,0.0
1992-07-23 00:00:00-04:00,1.4217450618743896,1.4217450618743896,1.4217450618743896,1.4217450618743896,0,0.0,0.0
1992-07-24 00:00:00-04:00,1.4217450618743896,1.4217450618743896,1.4217450618743896,1.4217450618743896,0,0.0,0.0
1992-07-27 00:00:00-04:00,1.4217450618743896,1.4217450618743896,1.4217450618743896,1.4217450618743896,0,0.0,0.0
1992-07-28 00:00:00-04:00,1.4699400663375854,1.4699400663375854,1.3976477979969986,1.4699400663375854,36000,0.0,0.0
1992-07-29 00:00:00-04:00,1.4699400663375854,1.4699400663375854,1.4699400663375854,1.4699400663375854,0,0.0,0.0
1992-07-30 00:00:00-04:00,1.4699400663375854,1.4699400663375854,1.4699400663375854,1.4699400663375854,0,0.0,0.0
1992-07-31 00:00:00-04:00,1.4699400663375854,1.4699400663375854,1.4699400663375854,1.4699400663375854,0,0.0,0.0
1992-08-03 00:00:00-04:00,1.4458418784246791,1.5181341171264648,1.4458418784246791,1.5181341171264648,2700,0.0,0.0
1992-08-04 00:00:00-04:00,1.5181341171264648,1.5181341171264648,1.5181341171264648,1.5181341171264648,0,0.0,0.0
1992-08-05 00:00:00-04:00,1.3735500574111938,1.3735500574111938,1.3735500574111938,1.3735500574111938,1350,0.0,0.0
1992-08-06 00:00:00-04:00,1.3735500574111938,1.3735500574111938,1.3735500574111938,1.3735500574111938,0,0.0,0.0
1992-08-07 00:00:00-04:00,1.373550566675745,1.373550566675745,1.3494529724121094,1.3494529724121094,6750,0.0,0.0
1992-08-10 00:00:00-04:00,1.3253556489944458,1.3253556489944458,1.3253556489944458,1.3253556489944458,450,0.0,0.0
1992-08-11 00:00:00-04:00,1.3253556489944458,1.3253556489944458,1.3253556489944458,1.3253556489944458,1350,0.0,0.0
1992-08-12 00:00:00-04:00,1.3253556489944458,1.3253556489944458,1.3253556489944458,1.3253556489944458,2250,0.0,0.0
1992-08-13 00:00:00-04:00,1.3253556489944458,1.3253556489944458,1.3253556489944458,1.3253556489944458,0,0.0,0.0
1992-08-14 00:00:00-04:00,1.457890893308323,1.457890893308323,1.3253556489944458,1.3253556489944458,12600,0.0,0.0
1992-08-17 00:00:00-04:00,1.3735497305830833,1.3735497305830833,1.2771599292755127,1.2771599292755127,19350,0.0,0.0
1992-08-18 00:00:00-04:00,1.2771599292755127,1.2771599292755127,1.2771599292755127,1.2771599292755127,0,0.0,0.0
1992-08-19 00:00:00-04:00,1.3012582063674927,1.3012582063674927,1.3012582063674927,1.3012582063674927,4500,0.0,0.0
1992-08-20 00:00:00-04:00,1.3494529724121094,1.3494529724121094,1.3494529724121094,1.3494529724121094,5400,0.0,0.0
1992-08-21 00:00:00-04:00,1.3494529724121094,1.3494529724121094,1.3494529724121094,1.3494529724121094,0,0.0,0.0
1992-08-24 00:00:00-04:00,1.3494529724121094,1.3494529724121094,1.3494529724121094,1.3494529724121094,0,0.0,0.0
1992-08-25 00:00:00-04:00,1.3494529724121094,1.3494529724121094,1.3494529724121094,1.3494529724121094,0,0.0,0.0
1992-08-26 00:00:00-04:00,1.2651116048438562,1.2771599292755127,1.253062866753578,1.2771599292755127,74250,0.0,0.0
1992-08-27 00:00:00-04:00,1.2771599292755127,1.2771599292755127,1.2771599292755127,1.2771599292755127,0,0.0,0.0
1992-08-28 00:00:00-04:00,1.2771599292755127,1.2771599292755127,1.2771599292755127,1.2771599292755127,0,0.0,0.0
1992-08-31 00:00:00-04:00,1.2289654989470382,1.2530630826950073,1.2289654989470382,1.2530630826950073,42300,0.0,0.0
1992-09-01 00:00:00-04:00,1.3735500574111938,1.3735500574111938,1.3735500574111938,1.3735500574111938,450,0.0,0.0
1992-09-02 00:00:00-04:00,1.228965287158366,1.2771599292755127,1.228965287158366,1.2771599292755127,54000,0.0,0.0
1992-09-03 00:00:00-04:00,1.349452472082104,1.3735500574111938,1.3012578184973247,1.3735500574111938,11250,0.0,0.0
1992-09-04 00:00:00-04:00,1.3735500574111938,1.3735500574111938,1.3735500574111938,1.3735500574111938,0,0.0,0.0
1992-09-08 00:00:00-04:00,1.3735500574111938,1.3735500574111938,1.3735500574111938,1.3735500574111938,0,0.0,0.0
1992-09-09 00:00:00-04:00,1.3735500574111938,1.3735500574111938,1.3735500574111938,1.3735500574111938,0,0.0,0.0
1992-09-10 00:00:00-04:00,1.3735500574111938,1.3735500574111938,1.3735500574111938,1.3735500574111938,0,0.0,0.0
1992-09-11 00:00:00-04:00,1.3735500574111938,1.3735500574111938,1.3735500574111938,1.3735500574111938,0,0.0,0.0
1992-09-14 00:00:00-04:00,1.3976476192474365,1.3976476192474365,1.3976476192474365,1.3976476192474365,900,0.0,0.0
1992-09-15 00:00:00-04:00,1.3976476192474365,1.3976476192474365,1.3976476192474365,1.3976476192474365,0,0.0,0.0
1992-09-16 00:00:00-04:00,1.3976476192474365,1.3976476192474365,1.3976476192474365,1.3976476192474365,0,0.0,0.0
1992-09-17 00:00:00-04:00,1.2530630826950073,1.2530630826950073,1.2530630826950073,1.2530630826950073,900,0.0,0.0
1992-09-18 00:00:00-04:00,1.2530630826950073,1.2530630826950073,1.2530630826950073,1.2530630826950073,0,0.0,0.0
1992-09-21 00:00:00-04:00,1.2530630826950073,1.2530630826950073,1.2530630826950073,1.2530630826950073,0,0.0,0.0
1992-09-22 00:00:00-04:00,1.2530630826950073,1.2530630826950073,1.2530630826950073,1.2530630826950073,0,0.0,0.0
1992-09-23 00:00:00-04:00,1.2530630826950073,1.2530630826950073,1.2530630826950073,1.2530630826950073,0,0.0,0.0
1992-09-24 00:00:00-04:00,1.2647393941879272,1.2647393941879272,1.2647393941879272,1.2647393941879272,0,0.02667,0.0
1992-09-25 00:00:00-04:00,1.3620269298553467,1.3620269298553467,1.3620269298553467,1.3620269298553467,450,0.0,0.0
1992-09-28 00:00:00-04:00,1.3620269298553467,1.3620269298553467,1.3620269298553467,1.3620269298553467,0,0.0,0.0
1992-09-29 00:00:00-04:00,1.3620269298553467,1.3620269298553467,1.3620269298553467,1.3620269298553467,0,0.0,0.0
1992-09-30 00:00:00-04:00,1.3620269298553467,1.3620269298553467,1.3620269298553467,1.3620269298553467,0,0.0,0.0
1992-10-01 00:00:00-04:00,1.3620269298553467,1.3620269298553467,1.3620269298553467,1.3620269298553467,0,0.0,0.0
1992-10-02 00:00:00-04:00,1.3620269298553467,1.3620269298553467,1.3620269298553467,1.3620269298553467,0,0.0,0.0
1992-10-05 00:00:00-04:00,1.3133833408355713,1.3133833408355713,1.3133833408355713,1.3133833408355713,4500,0.0,0.0
1992-10-06 00:00:00-04:00,1.2647393941879272,1.2647393941879272,1.2647393941879272,1.2647393941879272,900,0.0,0.0
1992-10-07 00:00:00-04:00,1.2647393941879272,1.2647393941879272,1.2647393941879272,1.2647393941879272,0,0.0,0.0
1992-10-08 00:00:00-04:00,1.2647393941879272,1.2647393941879272,1.2647393941879272,1.2647393941879272,0,0.0,0.0
1992-10-09 00:00:00-04:00,1.2647393941879272,1.2647393941879272,1.2647393941879272,1.2647393941879272,0,0.0,0.0
1992-10-12 00:00:00-04:00,1.2647393941879272,1.2647393941879272,1.2647393941879272,1.2647393941879272,0,0.0,0.0
1992-10-13 00:00:00-04:00,1.2647393941879272,1.2647393941879272,1.2647393941879272,1.2647393941879272,0,0.0,0.0
1992-10-14 00:00:00-04:00,1.2647393941879272,1.2647393941879272,1.2647393941879272,1.2647393941879272,0,0.0,0.0
1992-10-15 00:00:00-04:00,1.2647393941879272,1.2647393941879272,1.2647393941879272,1.2647393941879272,0,0.0,0.0
1992-10-16 00:00:00-04:00,1.2647393941879272,1.2647393941879272,1.2647393941879272,1.2647393941879272,0,0.0,0.0
1992-10-19 00:00:00-04:00,1.2647393941879272,1.2647393941879272,1.2647393941879272,1.2647393941879272,0,0.0,0.0
1992-10-20 00:00:00-04:00,1.2647393941879272,1.2647393941879272,1.2647393941879272,1.2647393941879272,0,0.0,0.0
1992-10-21 00:00:00-04:00,1.2647393941879272,1.2647393941879272,1.2647393941879272,1.2647393941879272,0,0.0,0.0
1992-10-22 00:00:00-04:00,1.2647393941879272,1.2647393941879272,1.2647393941879272,1.2647393941879272,0,0.0,0.0
1992-10-23 00:00:00-04:00,1.2647393941879272,1.2647393941879272,1.2647393941879272,1.2647393941879272,0,0.0,0.0
1992-10-26 00:00:00-05:00,1.2647393941879272,1.2647393941879272,1.2647393941879272,1.2647393941879272,3150,0.0,0.0
1992-10-27 00:00:00-05:00,1.2647393941879272,1.2647393941879272,1.2647393941879272,1.2647393941879272,0,0.0,0.0
1992-10-28 00:00:00-05:00,1.2647393941879272,1.2647393941879272,1.2647393941879272,1.2647393941879272,0,0.0,0.0
1992-10-29 00:00:00-05:00,1.2647393941879272,1.2647393941879272,1.2647393941879272,1.2647393941879272,0,0.0,0.0
1992-10-30 00:00:00-05:00,1.2647393941879272,1.2647393941879272,1.2647393941879272,1.2647393941879272,0,0.0,0.0
1992-11-02 00:00:00-05:00,1.3620273732764,1.4106712341308594,1.3620273732764,1.4106712341308594,2700,0.0,0.0
1992-11-03 00:00:00-05:00,1.4106712341308594,1.4106712341308594,1.4106712341308594,1.4106712341308594,0,0.0,0.0
1992-11-04 00:00:00-05:00,1.4106712341308594,1.4106712341308594,1.4106712341308594,1.4106712341308594,0,0.0,0.0
1992-11-05 00:00:00-05:00,1.4349924325942993,1.4349924325942993,1.4349924325942993,1.4349924325942993,2250,0.0,0.0
1992-11-06 00:00:00-05:00,1.4349924325942993,1.4349924325942993,1.4349924325942993,1.4349924325942993,0,0.0,0.0
1992-11-09 00:00:00-05:00,1.4349924325942993,1.4349924325942993,1.4349924325942993,1.4349924325942993,0,0.0,0.0
1992-11-10 00:00:00-05:00,1.4349924325942993,1.4349924325942993,1.4349924325942993,1.4349924325942993,0,0.0,0.0
1992-11-11 00:00:00-05:00,1.4349924325942993,1.4349924325942993,1.4349924325942993,1.4349924325942993,0,0.0,0.0
1992-11-12 00:00:00-05:00,1.4349924325942993,1.4349924325942993,1.4349924325942993,1.4349924325942993,0,0.0,0.0
1992-11-13 00:00:00-05:00,1.3620269298553467,1.3620269298553467,1.3620269298553467,1.3620269298553467,1350,0.0,0.0
1992-11-16 00:00:00-05:00,1.3620269298553467,1.3620269298553467,1.3620269298553467,1.3620269298553467,0,0.0,0.0
1992-11-17 00:00:00-05:00,1.4593139234072783,1.4593139234072783,1.3377047777175903,1.3377047777175903,3600,0.0,0.0
1992-11-18 00:00:00-05:00,1.3377047777175903,1.3377047777175903,1.3377047777175903,1.3377047777175903,0,0.0,0.0
1992-11-19 00:00:00-05:00,1.4593144655227661,1.4593144655227661,1.4593144655227661,1.4593144655227661,115650,0.0,0.0
1992-11-20 00:00:00-05:00,1.362026883197795,1.4593144655227661,1.362026883197795,1.4593144655227661,3150,0.0,0.0
1992-11-23 00:00:00-05:00,1.4593144655227661,1.4593144655227661,1.4593144655227661,1.4593144655227661,0,0.0,0.0
1992-11-24 00:00:00-05:00,1.4593144655227661,1.4593144655227661,1.4593144655227661,1.4593144655227661,0,0.0,0.0
1992-11-25 00:00:00-05:00,1.4593144655227661,1.4593144655227661,1.4593144655227661,1.4593144655227661,0,0.0,0.0
1992-11-27 00:00:00-05:00,1.3133833408355713,1.3133833408355713,1.3133833408355713,1.3133833408355713,2250,0.0,0.0
1992-11-30 00:00:00-05:00,1.4593144655227661,1.4593144655227661,1.4593144655227661,1.4593144655227661,2250,0.0,0.0
1992-12-01 00:00:00-05:00,1.4593144655227661,1.4593144655227661,1.4593144655227661,1.4593144655227661,0,0.0,0.0
1992-12-02 00:00:00-05:00,1.4593144655227661,1.4593144655227661,1.4593144655227661,1.4593144655227661,0,0.0,0.0
1992-12-03 00:00:00-05:00,1.4593144655227661,1.4593144655227661,1.4593144655227661,1.4593144655227661,4050,0.0,0.0
1992-12-04 00:00:00-05:00,1.4593144655227661,1.4593144655227661,1.4593144655227661,1.4593144655227661,1800,0.0,0.0
1992-12-07 00:00:00-05:00,1.4593144655227661,1.4593144655227661,1.4593144655227661,1.4593144655227661,0,0.0,0.0
1992-12-08 00:00:00-05:00,1.4593144655227661,1.4593144655227661,1.4593144655227661,1.4593144655227661,0,0.0,0.0
1992-12-09 00:00:00-05:00,1.4593144655227661,1.4593144655227661,1.4593144655227661,1.4593144655227661,0,0.0,0.0
1992-12-10 00:00:00-05:00,1.459314990606967,1.459314990606967,1.4106712341308594,1.4106712341308594,4500,0.0,0.0
1992-12-11 00:00:00-05:00,1.3133833408355713,1.3133833408355713,1.3133833408355713,1.3133833408355713,1800,0.0,0.0
1992-12-14 00:00:00-05:00,1.3133833408355713,1.3133833408355713,1.3133833408355713,1.3133833408355713,0,0.0,0.0
1992-12-15 00:00:00-05:00,1.3133833408355713,1.3133833408355713,1.3133833408355713,1.3133833408355713,0,0.0,0.0
1992-12-16 00:00:00-05:00,1.4593144655227661,1.4593144655227661,1.4593144655227661,1.4593144655227661,2700,0.0,0.0
1992-12-17 00:00:00-05:00,1.4593144655227661,1.4593144655227661,1.4593144655227661,1.4593144655227661,1350,0.0,0.0
1992-12-18 00:00:00-05:00,1.3133833408355713,1.3133833408355713,1.3133833408355713,1.3133833408355713,1350,0.0,0.0
1992-12-21 00:00:00-05:00,1.3133833408355713,1.3133833408355713,1.3133833408355713,1.3133833408355713,0,0.0,0.0
1992-12-22 00:00:00-05:00,1.3133833408355713,1.3133833408355713,1.3133833408355713,1.3133833408355713,0,0.0,0.0
1992-12-23 00:00:00-05:00,1.3133833408355713,1.3133833408355713,1.3133833408355713,1.3133833408355713,1350,0.0,0.0
1992-12-24 00:00:00-05:00,1.3251628875732422,1.3251628875732422,1.3251628875732422,1.3251628875732422,0,0.02667,0.0
1992-12-28 00:00:00-05:00,1.3251628875732422,1.3251628875732422,1.3251628875732422,1.3251628875732422,0,0.0,0.0
1992-12-29 00:00:00-05:00,1.3251628875732422,1.3251628875732422,1.3251628875732422,1.3251628875732422,0,0.0,0.0
1992-12-30 00:00:00-05:00,1.3251628875732422,1.3251628875732422,1.3251628875732422,1.3251628875732422,0,0.0,0.0
1992-12-31 00:00:00-05:00,1.4969452619552612,1.4969452619552612,1.4969452619552612,1.4969452619552612,3600,0.0,0.0
1993-01-04 00:00:00-05:00,1.4969452619552612,1.4969452619552612,1.4969452619552612,1.4969452619552612,0,0.0,0.0
1993-01-05 00:00:00-05:00,1.4969452619552612,1.4969452619552612,1.4969452619552612,1.4969452619552612,2700,0.0,0.0
1993-01-06 00:00:00-05:00,1.4969452619552612,1.4969452619552612,1.4969452619552612,1.4969452619552612,4500,0.0,0.0
1993-01-07 00:00:00-05:00,1.4969447793179251,1.4969447793179251,1.4724044799804688,1.4724044799804688,12150,0.0,0.0
1993-01-08 00:00:00-05:00,1.5092145204544067,1.5092145204544067,1.496944426336277,1.5092145204544067,4050,0.0,0.0
1993-01-11 00:00:00-05:00,1.5214842557907104,1.5214842557907104,1.5214842557907104,1.5214842557907104,4500,0.0,0.0
1993-01-12 00:00:00-05:00,1.4724044799804688,1.4724044799804688,1.4724044799804688,1.4724044799804688,8100,0.0,0.0
1993-01-13 00:00:00-05:00,1.4724044799804688,1.4724044799804688,1.4724044799804688,1.4724044799804688,0,0.0,0.0
1993-01-14 00:00:00-05:00,1.5705642700195312,1.5705642700195312,1.5705642700195312,1.5705642700195312,2250,0.0,0.0
1993-01-15 00:00:00-05:00,1.5705642700195312,1.5705642700195312,1.5705642700195312,1.5705642700195312,0,0.0,0.0
1993-01-18 00:00:00-05:00,1.4478644132614136,1.4478644132614136,1.4478644132614136,1.4478644132614136,450,0.0,0.0
1993-01-19 00:00:00-05:00,1.4478644132614136,1.4478644132614136,1.4478644132614136,1.4478644132614136,0,0.0,0.0
1993-01-20 00:00:00-05:00,1.4478644132614136,1.4478644132614136,1.4478644132614136,1.4478644132614136,0,0.0,0.0
1993-01-21 00:00:00-05:00,1.4478644132614136,1.4478644132614136,1.4478644132614136,1.4478644132614136,14850,0.0,0.0
1993-01-22 00:00:00-05:00,1.5951038599014282,1.5951038599014282,1.5951038599014282,1.5951038599014282,450,0.0,0.0
1993-01-25 00:00:00-05:00,1.6196449995040894,1.6196449995040894,1.6196449995040894,1.6196449995040894,5400,0.0,0.0
1993-01-26 00:00:00-05:00,1.6196449995040894,1.6196449995040894,1.6196449995040894,1.6196449995040894,0,0.0,0.0
1993-01-27 00:00:00-05:00,1.6196449995040894,1.6196449995040894,1.6196449995040894,1.6196449995040894,0,0.0,0.0
1993-01-28 00:00:00-05:00,1.6196449995040894,1.6196449995040894,1.6196449995040894,1.6196449995040894,1800,0.0,0.0
1993-01-29 00:00:00-05:00,1.5214836988679215,1.5705642700195312,1.5214836988679215,1.5705642700195312,2700,0.0,0.0
1993-02-01 00:00:00-05:00,1.4724044799804688,1.4724044799804688,1.4724044799804688,1.4724044799804688,900,0.0,0.0
1993-02-02 00:00:00-05:00,1.4724044799804688,1.4724044799804688,1.4724044799804688,1.4724044799804688,0,0.0,0.0
1993-02-03 00:00:00-05:00,1.4724044799804688,1.5460248514199115,1.4724044799804688,1.4724044799804688,6300,0.0,0.0
1993-02-04 00:00:00-05:00,1.4724044799804688,1.4724044799804688,1.4724044799804688,1.4724044799804688,0,0.0,0.0
1993-02-05 00:00:00-05:00,1.6196449995040894,1.6196449995040894,1.6196449995040894,1.6196449995040894,450,0.0,0.0
1993-02-08 00:00:00-05:00,1.6196449995040894,1.6196449995040894,1.6196449995040894,1.6196449995040894,0,0.0,0.0
1993-02-09 00:00:00-05:00,1.4724044799804688,1.4724044799804688,1.4724044799804688,1.4724044799804688,1350,0.0,0.0
1993-02-10 00:00:00-05:00,1.5214836988679215,1.5705642700195312,1.5214836988679215,1.5705642700195312,9900,0.0,0.0
1993-02-11 00:00:00-05:00,1.6196449995040894,1.6196449995040894,1.6196449995040894,1.6196449995040894,3600,0.0,0.0
1993-02-12 00:00:00-05:00,1.6196449995040894,1.6196449995040894,1.6196449995040894,1.6196449995040894,0,0.0,0.0
1993-02-16 00:00:00-05:00,1.5705649341704324,1.6196449995040894,1.5705649341704324,1.6196449995040894,1350,0.0,0.0
1993-02-17 00:00:00-05:00,1.6196449995040894,1.6196449995040894,1.6196449995040894,1.6196449995040894,450,0.0,0.0
1993-02-18 00:00:00-05:00,1.5214842557907104,1.5582946449711979,1.5214842557907104,1.5214842557907104,44550,0.0,0.0
1993-02-19 00:00:00-05:00,1.5214842557907104,1.5214842557907104,1.5214842557907104,1.5214842557907104,0,0.0,0.0
1993-02-22 00:00:00-05:00,1.5214842557907104,1.5214842557907104,1.5214842557907104,1.5214842557907104,0,0.0,0.0
1993-02-23 00:00:00-05:00,1.6196449995040894,1.6196449995040894,1.6196449995040894,1.6196449995040894,450,0.0,0.0
1993-02-24 00:00:00-05:00,1.5460243225097656,1.5460243225097656,1.5460243225097656,1.5460243225097656,4500,0.0,0.0
1993-02-25 00:00:00-05:00,1.6196449995040894,1.6196449995040894,1.6196449995040894,1.6196449995040894,1350,0.0,0.0
1993-02-26 00:00:00-05:00,1.6196449995040894,1.6196449995040894,1.6196449995040894,1.6196449995040894,900,0.0,0.0
1993-03-01 00:00:00-05:00,1.6196449995040894,1.6196449995040894,1.6196449995040894,1.6196449995040894,1350,0.0,0.0
1993-03-02 00:00:00-05:00,1.4724044799804688,1.4724044799804688,1.4724044799804688,1.4724044799804688,3150,0.0,0.0
1993-03-03 00:00:00-05:00,1.4724044799804688,1.4724044799804688,1.4724044799804688,1.4724044799804688,900,0.0,0.0
1993-03-04 00:00:00-05:00,1.472404276930265,1.6196449995040894,1.472404276930265,1.6196449995040894,1800,0.0,0.0
1993-03-05 00:00:00-05:00,1.6196449995040894,1.6196449995040894,1.6196449995040894,1.6196449995040894,2700,0.0,0.0
1993-03-08 00:00:00-05:00,1.6196449995040894,1.6196449995040894,1.6196449995040894,1.6196449995040894,0,0.0,0.0
1993-03-09 00:00:00-05:00,1.5951040290227052,1.61964431459851,1.5705642700195312,1.5705642700195312,7200,0.0,0.0
1993-03-10 00:00:00-05:00,1.5705642700195312,1.61964431459851,1.5705642700195312,1.5705642700195312,22500,0.0,0.0
1993-03-11 00:00:00-05:00,1.6196455497992592,1.6687256318084982,1.5337550640106201,1.5337550640106201,12600,0.0,0.0
1993-03-12 00:00:00-05:00,1.5337550640106201,1.5337550640106201,1.5337550640106201,1.5337550640106201,0,0.0,0.0
1993-03-15 00:00:00-05:00,1.5214842557907104,1.5214842557907104,1.5214842557907104,1.5214842557907104,7650,0.0,0.0
1993-03-16 00:00:00-05:00,1.5705648860717578,1.6687250137329102,1.5705648860717578,1.6687250137329102,4950,0.0,0.0
1993-03-17 00:00:00-05:00,1.5705649341704324,1.6196449995040894,1.5705649341704324,1.6196449995040894,6300,0.0,0.0
1993-03-18 00:00:00-05:00,1.5705648449077367,1.5705648449077367,1.5214842557907104,1.5214842557907104,1350,0.0,0.0
1993-03-19 00:00:00-05:00,1.5214842557907104,1.5214842557907104,1.5214842557907104,1.5214842557907104,0,0.0,0.0
1993-03-22 00:00:00-05:00,1.5214842557907104,1.5214842557907104,1.5214842557907104,1.5214842557907104,0,0.0,0.0
1993-03-23 00:00:00-05:00,1.6687250137329102,1.6687250137329102,1.6687250137329102,1.6687250137329102,1350,0.0,0.0
1993-03-24 00:00:00-05:00,1.6687250137329102,1.6687250137329102,1.6687250137329102,1.6687250137329102,0,0.0,0.0
1993-03-25 00:00:00-05:00,1.6825811862945557,1.6825811862945557,1.6825811862945557,1.6825811862945557,0,0.03111,0.0
1993-03-26 00:00:00-05:00,1.6083484888076782,1.6083484888076782,1.6083484888076782,1.6083484888076782,5850,0.0,0.0
1993-03-29 00:00:00-05:00,1.6083484888076782,1.6083484888076782,1.6083484888076782,1.6083484888076782,0,0.0,0.0
1993-03-30 00:00:00-05:00,1.534117341041565,1.534117341041565,1.534117341041565,1.534117341041565,9900,0.0,0.0
1993-03-31 00:00:00-05:00,1.534117341041565,1.534117341041565,1.534117341041565,1.534117341041565,0,0.0,0.0
1993-04-01 00:00:00-05:00,1.534117341041565,1.534117341041565,1.534117341041565,1.534117341041565,0,0.0,0.0
1993-04-02 00:00:00-05:00,1.6825811862945557,1.6825811862945557,1.6825811862945557,1.6825811862945557,2250,0.0,0.0
1993-04-05 00:00:00-04:00,1.6825811862945557,1.6825811862945557,1.6825811862945557,1.6825811862945557,1350,0.0,0.0
1993-04-06 00:00:00-04:00,1.6825803141966453,1.6825803141966453,1.583605170249939,1.583605170249939,4500,0.0,0.0
1993-04-07 00:00:00-04:00,1.6825811862945557,1.6825811862945557,1.6825811862945557,1.6825811862945557,900,0.0,0.0
1993-04-08 00:00:00-04:00,1.6825811862945557,1.6825811862945557,1.6825811862945557,1.6825811862945557,450,0.0,0.0
1993-04-12 00:00:00-04:00,1.6330939405178573,1.6330939405178573,1.4846305847167969,1.4846305847167969,4050,0.0,0.0
1993-04-13 00:00:00-04:00,1.6330925371597704,1.6330925371597704,1.5712328941299198,1.6083484888076782,39600,0.0,0.0
1993-04-14 00:00:00-04:00,1.6330925371597704,1.6330925371597704,1.5712328941299198,1.6083484888076782,18450,0.0,0.0
1993-04-15 00:00:00-04:00,1.6330934762954712,1.6330934762954712,1.6330934762954712,1.6330934762954712,1800,0.0,0.0
1993-04-16 00:00:00-04:00,1.5836054527892842,1.633093033591976,1.534117341041565,1.534117341041565,98100,0.0,0.0
1993-04-19 00:00:00-04:00,1.6330927422232921,1.6330927422232921,1.583605170249939,1.583605170249939,9450,0.0,0.0
1993-04-20 00:00:00-04:00,1.5341178624796037,1.6825811862945557,1.5341178624796037,1.6825811862945557,7200,0.0,0.0
1993-04-21 00:00:00-04:00,1.6825811862945557,1.6825811862945557,1.6825811862945557,1.6825811862945557,0,0.0,0.0
1993-04-22 00:00:00-04:00,1.6825811862945557,1.6825811862945557,1.6825811862945557,1.6825811862945557,450,0.0,0.0
1993-04-23 00:00:00-04:00,1.6330927422232921,1.6330927422232921,1.583605170249939,1.583605170249939,27000,0.0,0.0
1993-04-26 00:00:00-04:00,1.6825811862945557,1.6825811862945557,1.6825811862945557,1.6825811862945557,5850,0.0,0.0
1993-04-27 00:00:00-04:00,1.6825811862945557,1.6825811862945557,1.6825811862945557,1.6825811862945557,450,0.0,0.0
1993-04-28 00:00:00-04:00,1.6825811862945557,1.6825811862945557,1.6825811862945557,1.6825811862945557,0,0.0,0.0
1993-04-29 00:00:00-04:00,1.6825811862945557,1.6825811862945557,1.6825811862945557,1.6825811862945557,900,0.0,0.0
1993-04-30 00:00:00-04:00,1.6825811862945557,1.6825811862945557,1.6825811862945557,1.6825811862945557,0,0.0,0.0
1993-05-03 00:00:00-04:00,1.6825811862945557,1.6825811862945557,1.6825811862945557,1.6825811862945557,0,0.0,0.0
1993-05-04 00:00:00-04:00,1.6825811862945557,1.6825811862945557,1.6825811862945557,1.6825811862945557,1350,0.0,0.0
1993-05-05 00:00:00-04:00,1.6825811862945557,1.6825811862945557,1.6825811862945557,1.6825811862945557,0,0.0,0.0
1993-05-06 00:00:00-04:00,1.670208131837529,1.670208131837529,1.6083484888076782,1.6083484888076782,9900,0.0,0.0
1993-05-07 00:00:00-04:00,1.6083495243870798,1.6825811862945557,1.6083495243870798,1.6825811862945557,24750,0.0,0.0
1993-05-10 00:00:00-04:00,1.7320681810379028,1.7320681810379028,1.5836053427563943,1.7320681810379028,13050,0.0,0.0
1993-05-11 00:00:00-04:00,1.7320681810379028,1.7320681810379028,1.5836053427563943,1.7320681810379028,9000,0.0,0.0
1993-05-12 00:00:00-04:00,1.7320681810379028,1.7320681810379028,1.7320681810379028,1.7320681810379028,4050,0.0,0.0
1993-05-13 00:00:00-04:00,1.7320681810379028,1.7320681810379028,1.7320681810379028,1.7320681810379028,0,0.0,0.0
1993-05-14 00:00:00-04:00,1.583605170249939,1.583605170249939,1.583605170249939,1.583605170249939,3600,0.0,0.0
1993-05-17 00:00:00-04:00,1.7320681810379028,1.7320681810379028,1.7320681810379028,1.7320681810379028,450,0.0,0.0
1993-05-18 00:00:00-04:00,1.7320681810379028,1.7320681810379028,1.7320681810379028,1.7320681810379028,0,0.0,0.0
1993-05-19 00:00:00-04:00,1.6330935886713076,1.6825811862945557,1.5836059910480598,1.6825811862945557,21150,0.0,0.0
1993-05-20 00:00:00-04:00,1.7320688901068453,1.7320688901068453,1.6825811862945557,1.6825811862945557,16200,0.0,0.0
1993-05-21 00:00:00-04:00,1.6825811862945557,1.6825811862945557,1.6825811862945557,1.6825811862945557,0,0.0,0.0
1993-05-24 00:00:00-04:00,1.583605170249939,1.583605170249939,1.583605170249939,1.583605170249939,900,0.0,0.0
1993-05-25 00:00:00-04:00,1.583605170249939,1.583605170249939,1.583605170249939,1.583605170249939,0,0.0,0.0
1993-05-26 00:00:00-04:00,1.7320688823295873,1.7320688823295873,1.6454651355743408,1.6454651355743408,14850,0.0,0.0
1993-05-27 00:00:00-04:00,1.7320681810379028,1.7320681810379028,1.7320681810379028,1.7320681810379028,450,0.0,0.0
1993-05-28 00:00:00-04:00,1.7320681810379028,1.7320681810379028,1.7320681810379028,1.7320681810379028,900,0.0,0.0
1993-06-01 00:00:00-04:00,1.7320681810379028,1.7320681810379028,1.7320681810379028,1.7320681810379028,0,0.0,0.0
1993-06-02 00:00:00-04:00,1.7320681810379028,1.7320681810379028,1.7320681810379028,1.7320681810379028,0,0.0,0.0
1993-06-03 00:00:00-04:00,1.7320681810379028,1.7320681810379028,1.7320681810379028,1.7320681810379028,0,0.0,0.0
1993-06-04 00:00:00-04:00,1.7320681810379028,1.7320681810379028,1.7320681810379028,1.7320681810379028,0,0.0,0.0
1993-06-07 00:00:00-04:00,1.7320681810379028,1.7320681810379028,1.7320681810379028,1.7320681810379028,900,0.0,0.0
1993-06-08 00:00:00-04:00,1.7320681810379028,1.7320681810379028,1.7320681810379028,1.7320681810379028,2700,0.0,0.0
1993-06-09 00:00:00-04:00,1.7320681810379028,1.7320681810379028,1.7320681810379028,1.7320681810379028,900,0.0,0.0
1993-06-10 00:00:00-04:00,1.7320688823295873,1.7320688823295873,1.6454651355743408,1.6454651355743408,13500,0.0,0.0
1993-06-11 00:00:00-04:00,1.6454651355743408,1.6454651355743408,1.6454651355743408,1.6454651355743408,0,0.0,0.0
1993-06-14 00:00:00-04:00,1.6454651355743408,1.6454651355743408,1.6454651355743408,1.6454651355743408,0,0.0,0.0
1993-06-15 00:00:00-04:00,1.6454651355743408,1.6454651355743408,1.6454651355743408,1.6454651355743408,0,0.0,0.0
1993-06-16 00:00:00-04:00,1.6454651355743408,1.6454651355743408,1.6454651355743408,1.6454651355743408,0,0.0,0.0
1993-06-17 00:00:00-04:00,1.6454651355743408,1.6454651355743408,1.6454651355743408,1.6454651355743408,0,0.0,0.0
1993-06-18 00:00:00-04:00,1.6454651355743408,1.6454651355743408,1.6454651355743408,1.6454651355743408,0,0.0,0.0
1993-06-21 00:00:00-04:00,1.6454651355743408,1.6454651355743408,1.6454651355743408,1.6454651355743408,0,0.0,0.0
1993-06-22 00:00:00-04:00,1.6083484888076782,1.6083484888076782,1.6083484888076782,1.6083484888076782,2250,0.0,0.0
1993-06-23 00:00:00-04:00,1.7320681810379028,1.7320681810379028,1.7320681810379028,1.7320681810379028,450,0.0,0.0
1993-06-24 00:00:00-04:00,1.746036410331726,1.746036410331726,1.746036410331726,1.746036410331726,0,0.03111,0.0
1993-06-25 00:00:00-04:00,1.746036410331726,1.746036410331726,1.746036410331726,1.746036410331726,450,0.0,0.0
1993-06-28 00:00:00-04:00,1.746036410331726,1.746036410331726,1.746036410331726,1.746036410331726,0,0.0,0.0
1993-06-29 00:00:00-04:00,1.746036410331726,1.746036410331726,1.746036410331726,1.746036410331726,0,0.0,0.0
1993-06-30 00:00:00-04:00,1.746036410331726,1.746036410331726,1.6213193633114242,1.746036410331726,11700,0.0,0.0
1993-07-01 00:00:00-04:00,1.746036410331726,1.746036410331726,1.746036410331726,1.746036410331726,900,0.0,0.0
1993-07-02 00:00:00-04:00,1.746036410331726,1.746036410331726,1.746036410331726,1.746036410331726,0,0.0,0.0
1993-07-06 00:00:00-04:00,1.7460352405902522,1.7460352405902522,1.5963752269744873,1.5963752269744873,16650,0.0,0.0
1993-07-07 00:00:00-04:00,1.696149468421936,1.696149468421936,1.696149468421936,1.696149468421936,450,0.0,0.0
1993-07-08 00:00:00-04:00,1.696149468421936,1.696149468421936,1.696149468421936,1.696149468421936,0,0.0,0.0
1993-07-09 00:00:00-04:00,1.5963761402926668,1.7460362395319173,1.5963761402926668,1.696149468421936,7200,0.0,0.0
1993-07-12 00:00:00-04:00,1.746036410331726,1.746036410331726,1.746036410331726,1.746036410331726,900,0.0,0.0
1993-07-13 00:00:00-04:00,1.746036410331726,1.746036410331726,1.746036410331726,1.746036410331726,0,0.0,0.0
1993-07-14 00:00:00-04:00,1.7210928082460226,1.746036410331726,1.6462629653971275,1.746036410331726,5400,0.0,0.0
1993-07-15 00:00:00-04:00,1.7460352405902522,1.7460352405902522,1.5963752269744873,1.5963752269744873,4500,0.0,0.0
1993-07-16 00:00:00-04:00,1.5963752269744873,1.5963752269744873,1.5963752269744873,1.5963752269744873,0,0.0,0.0
1993-07-19 00:00:00-04:00,1.5963752269744873,1.5963752269744873,1.5963752269744873,1.5963752269744873,900,0.0,0.0
1993-07-20 00:00:00-04:00,1.5963762964525068,1.746036410331726,1.5963762964525068,1.746036410331726,1800,0.0,0.0
1993-07-21 00:00:00-04:00,1.746036410331726,1.746036410331726,1.746036410331726,1.746036410331726,0,0.0,0.0
1993-07-22 00:00:00-04:00,1.746036410331726,1.746036410331726,1.746036410331726,1.746036410331726,0,0.0,0.0
1993-07-23 00:00:00-04:00,1.746036410331726,1.746036410331726,1.746036410331726,1.746036410331726,0,0.0,0.0
1993-07-26 00:00:00-04:00,1.746036410331726,1.746036410331726,1.746036410331726,1.746036410331726,0,0.0,0.0
1993-07-27 00:00:00-04:00,1.6462629653971275,1.746036410331726,1.6462629653971275,1.746036410331726,4950,0.0,0.0
1993-07-28 00:00:00-04:00,1.746036410331726,1.746036410331726,1.746036410331726,1.746036410331726,1350,0.0,0.0
1993-07-29 00:00:00-04:00,1.746036410331726,1.746036410331726,1.746036410331726,1.746036410331726,2700,0.0,0.0
1993-07-30 00:00:00-04:00,1.746036410331726,1.746036410331726,1.746036410331726,1.746036410331726,2700,0.0,0.0
1993-08-02 00:00:00-04:00,1.746036410331726,1.746036410331726,1.746036410331726,1.746036410331726,1350,0.0,0.0
1993-08-03 00:00:00-04:00,1.746036410331726,1.746036410331726,1.746036410331726,1.746036410331726,3600,0.0,0.0
1993-08-04 00:00:00-04:00,1.746035822145627,1.746035822145627,1.6213188171386719,1.6213188171386719,6300,0.0,0.0
1993-08-05 00:00:00-04:00,1.746036410331726,1.746036410331726,1.746036410331726,1.746036410331726,3150,0.0,0.0
1993-08-06 00:00:00-04:00,1.746036410331726,1.746036410331726,1.746036410331726,1.746036410331726,0,0.0,0.0
1993-08-09 00:00:00-04:00,1.7210924625396729,1.7210924625396729,1.7210924625396729,1.7210924625396729,3150,0.0,0.0
1993-08-10 00:00:00-04:00,1.746036410331726,1.746036410331726,1.746036410331726,1.746036410331726,1350,0.0,0.0
1993-08-11 00:00:00-04:00,1.6961496343417481,1.746036410331726,1.6961496343417481,1.746036410331726,4950,0.0,0.0
1993-08-12 00:00:00-04:00,1.746036410331726,1.746036410331726,1.746036410331726,1.746036410331726,0,0.0,0.0
1993-08-13 00:00:00-04:00,1.746036410331726,1.746036410331726,1.608847615791251,1.746036410331726,22500,0.0,0.0
1993-08-16 00:00:00-04:00,1.5963752269744873,1.5963752269744873,1.5963752269744873,1.5963752269744873,450,0.0,0.0
1993-08-17 00:00:00-04:00,1.5963752269744873,1.5963752269744873,1.5963752269744873,1.5963752269744873,0,0.0,0.0
1993-08-18 00:00:00-04:00,1.5963752269744873,1.5963752269744873,1.5963752269744873,1.5963752269744873,5850,0.0,0.0
1993-08-19 00:00:00-04:00,1.5963766164552353,1.7460367603346776,1.5963766164552353,1.6712064743041992,22950,0.0,0.0
1993-08-20 00:00:00-04:00,1.5963761402926668,1.696149468421936,1.5963761402926668,1.696149468421936,6300,0.0,0.0
1993-08-23 00:00:00-04:00,1.696149468421936,1.696149468421936,1.696149468421936,1.696149468421936,0,0.0,0.0
1993-08-24 00:00:00-04:00,1.7460352405902522,1.7460352405902522,1.5963752269744873,1.5963752269744873,29250,0.0,0.0
1993-08-25 00:00:00-04:00,1.746036410331726,1.746036410331726,1.746036410331726,1.746036410331726,3600,0.0,0.0
1993-08-26 00:00:00-04:00,1.746036410331726,1.746036410331726,1.746036410331726,1.746036410331726,2250,0.0,0.0
1993-08-27 00:00:00-04:00,1.5963752269744873,1.5963752269744873,1.5963752269744873,1.5963752269744873,900,0.0,0.0
1993-08-30 00:00:00-04:00,1.5963752269744873,1.5963752269744873,1.5963752269744873,1.5963752269744873,0,0.0,0.0
1993-08-31 00:00:00-04:00,1.6462632417678833,1.6462632417678833,1.6462632417678833,1.6462632417678833,450,0.0,0.0
1993-09-01 00:00:00-04:00,1.671206139301402,1.746036410331726,1.671206139301402,1.746036410331726,2700,0.0,0.0
1993-09-02 00:00:00-04:00,1.5963752269744873,1.5963752269744873,1.5963752269744873,1.5963752269744873,4500,0.0,0.0
1993-09-03 00:00:00-04:00,1.746036410331726,1.746036410331726,1.746036410331726,1.746036410331726,1800,0.0,0.0
1993-09-07 00:00:00-04:00,1.746035822145627,1.746035822145627,1.6213188171386719,1.6213188171386719,4050,0.0,0.0
1993-09-08 00:00:00-04:00,1.746036410331726,1.746036410331726,1.746036410331726,1.746036410331726,2250,0.0,0.0
1993-09-09 00:00:00-04:00,1.7460367603346776,1.7460367603346776,1.6712064743041992,1.6712064743041992,2700,0.0,0.0
1993-09-10 00:00:00-04:00,1.746036410331726,1.746036410331726,1.746036410331726,1.746036410331726,2700,0.0,0.0
1993-09-13 00:00:00-04:00,1.746036410331726,1.746036410331726,1.746036410331726,1.746036410331726,3150,0.0,0.0
1993-09-14 00:00:00-04:00,1.671206139301402,1.746036410331726,1.671206139301402,1.746036410331726,40950,0.0,0.0
1993-09-15 00:00:00-04:00,1.746036410331726,1.746036410331726,1.746036410331726,1.746036410331726,1350,0.0,0.0
1993-09-16 00:00:00-04:00,1.7460367603346776,1.7460367603346776,1.6712064743041992,1.6712064743041992,12600,0.0,0.0
1993-09-17 00:00:00-04:00,1.6712064743041992,1.6712064743041992,1.6712064743041992,1.6712064743041992,0,0.0,0.0
1993-09-20 00:00:00-04:00,1.746036410331726,1.746036410331726,1.746036410331726,1.746036410331726,2250,0.0,0.0
1993-09-21 00:00:00-04:00,1.746036410331726,1.746036410331726,1.746036410331726,1.746036410331726,3600,0.0,0.0
1993-09-22 00:00:00-04:00,1.746036410331726,1.746036410331726,1.746036410331726,1.746036410331726,0,0.0,0.0
1993-09-23 00:00:00-04:00,1.746036410331726,1.746036410331726,1.746036410331726,1.746036410331726,1800,0.0,0.0
1993-09-24 00:00:00-04:00,1.7611305713653564,1.7611305713653564,1.7611305713653564,1.7611305713653564,0,0.03333,0.0
1993-09-27 00:00:00-04:00,1.7611305713653564,1.7611305713653564,1.7611305713653564,1.7611305713653564,3600,0.0,0.0
1993-09-28 00:00:00-04:00,1.7611305713653564,1.7611305713653564,1.7611305713653564,1.7611305713653564,0,0.0,0.0
1993-09-29 00:00:00-04:00,1.7611305713653564,1.7611305713653564,1.7611305713653564,1.7611305713653564,450,0.0,0.0
1993-09-30 00:00:00-04:00,1.7611305713653564,1.7611305713653564,1.7611305713653564,1.7611305713653564,900,0.0,0.0
1993-10-01 00:00:00-04:00,1.7611304507386487,1.7611304507386487,1.6101765632629395,1.6101765632629395,1800,0.0,0.0
1993-10-04 00:00:00-04:00,1.7611305713653564,1.7611305713653564,1.7611305713653564,1.7611305713653564,3600,0.0,0.0
1993-10-05 00:00:00-04:00,1.7611305713653564,1.7611305713653564,1.7611305713653564,1.7611305713653564,0,0.0,0.0
1993-10-06 00:00:00-04:00,1.7611305713653564,1.7611305713653564,1.7611305713653564,1.7611305713653564,9900,0.0,0.0
1993-10-07 00:00:00-04:00,1.7611305713653564,1.7611305713653564,1.7611305713653564,1.7611305713653564,1350,0.0,0.0
1993-10-08 00:00:00-04:00,1.7611305713653564,1.7611305713653564,1.660494603498354,1.7611305713653564,14400,0.0,0.0
1993-10-11 00:00:00-04:00,1.710811972618103,1.710811972618103,1.710811972618103,1.710811972618103,900,0.0,0.0
1993-10-12 00:00:00-04:00,1.8114473819732666,1.8114473819732666,1.8114473819732666,1.8114473819732666,900,0.0,0.0
1993-10-13 00:00:00-04:00,1.8114473819732666,1.8114473819732666,1.7233911399543302,1.8114473819732666,5400,0.0,0.0
1993-10-14 00:00:00-04:00,1.8114473819732666,1.8114473819732666,1.8114473819732666,1.8114473819732666,5850,0.0,0.0
1993-10-15 00:00:00-04:00,1.8114473819732666,1.8114473819732666,1.8114473819732666,1.8114473819732666,1350,0.0,0.0
1993-10-18 00:00:00-04:00,1.8114473819732666,1.8114473819732666,1.8114473819732666,1.8114473819732666,4500,0.0,0.0
1993-10-19 00:00:00-04:00,1.710811972618103,1.8114479074952214,1.710811972618103,1.710811972618103,9900,0.0,0.0
1993-10-20 00:00:00-04:00,1.710811972618103,1.710811972618103,1.710811972618103,1.710811972618103,0,0.0,0.0
1993-10-21 00:00:00-04:00,1.710811972618103,1.710811972618103,1.710811972618103,1.710811972618103,0,0.0,0.0
1993-10-22 00:00:00-04:00,1.8114473819732666,1.8114473819732666,1.8114473819732666,1.8114473819732666,900,0.0,0.0
1993-10-25 00:00:00-04:00,1.8114473819732666,1.8114473819732666,1.8114473819732666,1.8114473819732666,5850,0.0,0.0
1993-10-26 00:00:00-04:00,1.8114473819732666,1.8114473819732666,1.8114473819732666,1.8114473819732666,2250,0.0,0.0
1993-10-27 00:00:00-04:00,1.8114473819732666,1.8114473819732666,1.8114473819732666,1.8114473819732666,450,0.0,0.0
1993-10-28 00:00:00-04:00,1.8114473819732666,1.8114473819732666,1.8114473819732666,1.8114473819732666,0,0.0,0.0
1993-10-29 00:00:00-04:00,1.8114473819732666,1.8114473819732666,1.8114473819732666,1.8114473819732666,450,0.0,0.0
1993-11-01 00:00:00-05:00,1.8114473819732666,1.8114473819732666,1.8114473819732666,1.8114473819732666,0,0.0,0.0
1993-11-02 00:00:00-05:00,1.8114473819732666,1.8114473819732666,1.8114473819732666,1.8114473819732666,0,0.0,0.0
1993-11-03 00:00:00-05:00,1.710811972618103,1.710811972618103,1.710811972618103,1.710811972618103,1800,0.0,0.0
1993-11-04 00:00:00-05:00,1.7359710931777954,1.8114482474491491,1.7359710931777954,1.7359710931777954,13050,0.0,0.0
1993-11-05 00:00:00-05:00,1.7862886190414429,1.7862886190414429,1.7862886190414429,1.7862886190414429,6750,0.0,0.0
1993-11-08 00:00:00-05:00,1.7862886190414429,1.7862886190414429,1.7862886190414429,1.7862886190414429,0,0.0,0.0
1993-11-09 00:00:00-05:00,1.710811972618103,1.710811972618103,1.710811972618103,1.710811972618103,450,0.0,0.0
1993-11-10 00:00:00-05:00,1.710812533446483,1.7611305713653564,1.710812533446483,1.7611305713653564,11700,0.0,0.0
1993-11-11 00:00:00-05:00,1.7611305713653564,1.7611305713653564,1.7611305713653564,1.7611305713653564,0,0.0,0.0
1993-11-12 00:00:00-05:00,1.7611305713653564,1.7611305713653564,1.7611305713653564,1.7611305713653564,0,0.0,0.0
1993-11-15 00:00:00-05:00,1.8114473819732666,1.8114473819732666,1.8114473819732666,1.8114473819732666,900,0.0,0.0
1993-11-16 00:00:00-05:00,1.8114473819732666,1.8114473819732666,1.8114473819732666,1.8114473819732666,0,0.0,0.0
1993-11-17 00:00:00-05:00,1.8114473819732666,1.8114473819732666,1.8114473819732666,1.8114473819732666,450,0.0,0.0
1993-11-18 00:00:00-05:00,1.8114479074952214,1.8114479074952214,1.710811972618103,1.710811972618103,1350,0.0,0.0
1993-11-19 00:00:00-05:00,1.710811972618103,1.710811972618103,1.710811972618103,1.710811972618103,9450,0.0,0.0
1993-11-22 00:00:00-05:00,1.7988688945770264,1.7988688945770264,1.7988688945770264,1.7988688945770264,450,0.0,0.0
1993-11-23 00:00:00-05:00,1.8114473819732666,1.8114473819732666,1.8114473819732666,1.8114473819732666,1350,0.0,0.0
1993-11-24 00:00:00-05:00,1.8114473819732666,1.8114473819732666,1.8114473819732666,1.8114473819732666,0,0.0,0.0
1993-11-26 00:00:00-05:00,1.8114473819732666,1.8114473819732666,1.8114473819732666,1.8114473819732666,0,0.0,0.0
1993-11-29 00:00:00-05:00,1.8114473819732666,1.8114473819732666,1.8114473819732666,1.8114473819732666,0,0.0,0.0
1993-11-30 00:00:00-05:00,1.8114473819732666,1.8114473819732666,1.8114473819732666,1.8114473819732666,900,0.0,0.0
1993-12-01 00:00:00-05:00,1.7611294831178697,1.8114473819732666,1.7611294831178697,1.8114473819732666,28800,0.0,0.0
1993-12-02 00:00:00-05:00,1.8114473819732666,1.8114473819732666,1.8114473819732666,1.8114473819732666,900,0.0,0.0
1993-12-03 00:00:00-05:00,1.8114479074952214,1.8114479074952214,1.710811972618103,1.710811972618103,2250,0.0,0.0
1993-12-06 00:00:00-05:00,1.8114473819732666,1.8114473819732666,1.8114473819732666,1.8114473819732666,1350,0.0,0.0
1993-12-07 00:00:00-05:00,1.8114473819732666,1.8114473819732666,1.8114473819732666,1.8114473819732666,4950,0.0,0.0
1993-12-08 00:00:00-05:00,1.8114473819732666,1.8114473819732666,1.8114473819732666,1.8114473819732666,2700,0.0,0.0
1993-12-09 00:00:00-05:00,1.8114473819732666,1.8114473819732666,1.8114473819732666,1.8114473819732666,450,0.0,0.0
1993-12-10 00:00:00-05:00,1.8114473819732666,1.8114473819732666,1.8114473819732666,1.8114473819732666,450,0.0,0.0
1993-12-13 00:00:00-05:00,1.8114473819732666,1.8114473819732666,1.8114473819732666,1.8114473819732666,450,0.0,0.0
1993-12-14 00:00:00-05:00,1.8114473819732666,1.8114473819732666,1.8114473819732666,1.8114473819732666,0,0.0,0.0
1993-12-15 00:00:00-05:00,1.8114473819732666,1.8114473819732666,1.8114473819732666,1.8114473819732666,450,0.0,0.0
1993-12-16 00:00:00-05:00,1.8114473819732666,1.8114473819732666,1.8114473819732666,1.8114473819732666,1800,0.0,0.0
1993-12-17 00:00:00-05:00,1.8114473819732666,1.8114473819732666,1.8114473819732666,1.8114473819732666,0,0.0,0.0
1993-12-20 00:00:00-05:00,1.710811476291795,1.8114473819732666,1.710811476291795,1.8114473819732666,2250,0.0,0.0
1993-12-21 00:00:00-05:00,1.8114473819732666,1.8114473819732666,1.8114473819732666,1.8114473819732666,6750,0.0,0.0
1993-12-22 00:00:00-05:00,1.9120843410491943,1.9120843410491943,1.9120843410491943,1.9120843410491943,8100,0.0,0.0
1993-12-23 00:00:00-05:00,1.9120843410491943,1.9120843410491943,1.9120843410491943,1.9120843410491943,1350,0.0,0.0
1993-12-27 00:00:00-05:00,1.9826622009277344,1.9826622009277344,1.9826622009277344,1.9826622009277344,0,0.1503,0.0
1993-12-28 00:00:00-05:00,1.998437523841858,1.998437523841858,1.998437523841858,1.998437523841858,0,0.03333,0.0
1993-12-29 00:00:00-05:00,1.998437523841858,1.998437523841858,1.998437523841858,1.998437523841858,0,0.0,0.0
1993-12-30 00:00:00-05:00,2.051027774810791,2.051027774810791,2.051027774810791,2.051027774810791,9000,0.0,0.0
1993-12-31 00:00:00-05:00,2.208799362182617,2.208799362182617,2.208799362182617,2.208799362182617,2250,0.0,0.0
1994-01-03 00:00:00-05:00,2.103618259510269,2.103618259510269,2.051027774810791,2.051027774810791,15750,0.0,0.0
1994-01-04 00:00:00-05:00,2.024733107807692,2.024733107807692,1.9458472586853672,1.998437523841858,137700,0.0,0.0
1994-01-05 00:00:00-05:00,1.998437523841858,1.998437523841858,1.998437523841858,1.998437523841858,0,0.0,0.0
1994-01-06 00:00:00-05:00,1.998437523841858,1.998437523841858,1.998437523841858,1.998437523841858,0,0.0,0.0
1994-01-07 00:00:00-05:00,1.945846676826477,2.1036178765058353,1.945846676826477,1.945846676826477,11700,0.0,0.0
1994-01-10 00:00:00-05:00,1.945846676826477,1.945846676826477,1.945846676826477,1.945846676826477,0,0.0,0.0
1994-01-11 00:00:00-05:00,1.945846676826477,1.945846676826477,1.945846676826477,1.945846676826477,0,0.0,0.0
1994-01-12 00:00:00-05:00,1.945846676826477,1.945846676826477,1.945846676826477,1.945846676826477,0,0.0,0.0
1994-01-13 00:00:00-05:00,1.8932563066482544,1.8932563066482544,1.8932563066482544,1.8932563066482544,450,0.0,0.0
1994-01-14 00:00:00-05:00,1.945846676826477,1.945846676826477,1.945846676826477,1.945846676826477,6750,0.0,0.0
1994-01-17 00:00:00-05:00,1.945846676826477,1.945846676826477,1.945846676826477,1.945846676826477,0,0.0,0.0
1994-01-18 00:00:00-05:00,1.945846676826477,1.945846676826477,1.945846676826477,1.945846676826477,0,0.0,0.0
1994-01-19 00:00:00-05:00,1.945846676826477,1.945846676826477,1.945846676826477,1.945846676826477,0,0.0,0.0
1994-01-20 00:00:00-05:00,1.945846676826477,1.945846676826477,1.945846676826477,1.945846676826477,0,0.0,0.0
1994-01-21 00:00:00-05:00,1.945846676826477,1.945846676826477,1.945846676826477,1.945846676826477,0,0.0,0.0
1994-01-24 00:00:00-05:00,2.1036174297332764,2.1036174297332764,2.1036174297332764,2.1036174297332764,2250,0.0,0.0
1994-01-25 00:00:00-05:00,2.1036174297332764,2.1036174297332764,2.1036174297332764,2.1036174297332764,4050,0.0,0.0
1994-01-26 00:00:00-05:00,2.1036174297332764,2.1036174297332764,2.1036174297332764,2.1036174297332764,0,0.0,0.0
1994-01-27 00:00:00-05:00,2.1036174297332764,2.1036174297332764,2.1036174297332764,2.1036174297332764,0,0.0,0.0
1994-01-28 00:00:00-05:00,2.1036174297332764,2.1036174297332764,2.1036174297332764,2.1036174297332764,0,0.0,0.0
1994-01-31 00:00:00-05:00,2.1036174297332764,2.1036174297332764,2.1036174297332764,2.1036174297332764,0,0.0,0.0
1994-02-01 00:00:00-05:00,2.1036174297332764,2.1036174297332764,2.1036174297332764,2.1036174297332764,0,0.0,0.0
1994-02-02 00:00:00-05:00,2.1036174297332764,2.1036174297332764,2.1036174297332764,2.1036174297332764,0,0.0,0.0
1994-02-03 00:00:00-05:00,1.945846676826477,1.945846676826477,1.945846676826477,1.945846676826477,1800,0.0,0.0
1994-02-04 00:00:00-05:00,1.945846676826477,1.945846676826477,1.945846676826477,1.945846676826477,0,0.0,0.0
1994-02-07 00:00:00-05:00,1.945846676826477,1.945846676826477,1.945846676826477,1.945846676826477,0,0.0,0.0
1994-02-08 00:00:00-05:00,1.945846676826477,1.945846676826477,1.945846676826477,1.945846676826477,0,0.0,0.0
1994-02-09 00:00:00-05:00,2.1036174297332764,2.1036174297332764,2.1036174297332764,2.1036174297332764,3150,0.0,0.0
1994-02-10 00:00:00-05:00,2.0773231300074135,2.103618259510269,1.9984372901113132,2.051027774810791,29250,0.0,0.0
1994-02-11 00:00:00-05:00,2.0510269657782345,2.1036174297332764,2.0510269657782345,2.1036174297332764,18450,0.0,0.0
1994-02-14 00:00:00-05:00,2.1036174297332764,2.1036174297332764,2.1036174297332764,2.1036174297332764,0,0.0,0.0
1994-02-15 00:00:00-05:00,2.1036174297332764,2.1036174297332764,2.1036174297332764,2.1036174297332764,0,0.0,0.0
1994-02-16 00:00:00-05:00,2.024731397628784,2.024731397628784,2.024731397628784,2.024731397628784,900,0.0,0.0
1994-02-17 00:00:00-05:00,2.024731397628784,2.024731397628784,2.024731397628784,2.024731397628784,0,0.0,0.0
1994-02-18 00:00:00-05:00,2.024731397628784,2.024731397628784,2.024731397628784,2.024731397628784,0,0.0,0.0
1994-02-22 00:00:00-05:00,2.1036174297332764,2.1036174297332764,2.1036174297332764,2.1036174297332764,900,0.0,0.0
1994-02-23 00:00:00-05:00,2.1036174297332764,2.1036174297332764,2.1036174297332764,2.1036174297332764,0,0.0,0.0
1994-02-24 00:00:00-05:00,2.1036174297332764,2.1036174297332764,2.1036174297332764,2.1036174297332764,10350,0.0,0.0
1994-02-25 00:00:00-05:00,2.1036174297332764,2.1036174297332764,2.1036174297332764,2.1036174297332764,0,0.0,0.0
1994-02-28 00:00:00-05:00,2.208799362182617,2.208799362182617,2.208799362182617,2.208799362182617,2250,0.0,0.0
1994-03-01 00:00:00-05:00,1.9984372064928921,2.208799362182617,1.9984372064928921,2.208799362182617,2250,0.0,0.0
1994-03-02 00:00:00-05:00,2.051027688991884,2.208799362182617,2.051027688991884,2.208799362182617,5400,0.0,0.0
1994-03-03 00:00:00-05:00,2.051027774810791,2.051027774810791,2.051027774810791,2.051027774810791,450,0.0,0.0
1994-03-04 00:00:00-05:00,2.1036174297332764,2.1036174297332764,2.1036174297332764,2.1036174297332764,450,0.0,0.0
1994-03-07 00:00:00-05:00,2.1036174297332764,2.1036174297332764,2.1036174297332764,2.1036174297332764,2250,0.0,0.0
1994-03-08 00:00:00-05:00,2.1036174297332764,2.1036174297332764,2.1036174297332764,2.1036174297332764,0,0.0,0.0
1994-03-09 00:00:00-05:00,2.1036174297332764,2.1036174297332764,2.1036174297332764,2.1036174297332764,0,0.0,0.0
1994-03-10 00:00:00-05:00,2.1036174297332764,2.1036174297332764,2.1036174297332764,2.1036174297332764,0,0.0,0.0
1994-03-11 00:00:00-05:00,2.1036174297332764,2.1036174297332764,2.1036174297332764,2.1036174297332764,900,0.0,0.0
1994-03-14 00:00:00-05:00,2.1036174297332764,2.1036174297332764,2.1036174297332764,2.1036174297332764,0,0.0,0.0
1994-03-15 00:00:00-05:00,2.1036174297332764,2.1036174297332764,2.1036174297332764,2.1036174297332764,0,0.0,0.0
1994-03-16 00:00:00-05:00,2.1036174297332764,2.1036174297332764,2.1036174297332764,2.1036174297332764,0,0.0,0.0
1994-03-17 00:00:00-05:00,2.1036174297332764,2.1036174297332764,2.1036174297332764,2.1036174297332764,0,0.0,0.0
1994-03-18 00:00:00-05:00,2.1036174297332764,2.1036174297332764,2.1036174297332764,2.1036174297332764,0,0.0,0.0
1994-03-21 00:00:00-05:00,2.1036174297332764,2.1036174297332764,2.1036174297332764,2.1036174297332764,0,0.0,0.0
1994-03-22 00:00:00-05:00,2.1036174297332764,2.1036174297332764,2.1036174297332764,2.1036174297332764,0,0.0,0.0
1994-03-23 00:00:00-05:00,2.1036174297332764,2.1036174297332764,2.1036174297332764,2.1036174297332764,0,0.0,0.0
1994-03-24 00:00:00-05:00,2.1036174297332764,2.1036174297332764,2.1036174297332764,2.1036174297332764,0,0.0,0.0
1994-03-25 00:00:00-05:00,2.1195127964019775,2.1195127964019775,2.1195127964019775,2.1195127964019775,0,0.03333,0.0
1994-03-28 00:00:00-05:00,2.1195127964019775,2.1195127964019775,2.1195127964019775,2.1195127964019775,0,0.0,0.0
1994-03-29 00:00:00-05:00,2.1195127964019775,2.1195127964019775,2.1195127964019775,2.1195127964019775,0,0.0,0.0
1994-03-30 00:00:00-05:00,2.2254884243011475,2.2254884243011475,2.2254884243011475,2.2254884243011475,900,0.0,0.0
1994-03-31 00:00:00-05:00,2.1195127964019775,2.1195127964019775,2.0665249480670447,2.1195127964019775,38250,0.0,0.0
1994-04-04 00:00:00-04:00,2.0930193450271615,2.0930193450271615,1.987043857574463,1.987043857574463,4500,0.0,0.0
1994-04-05 00:00:00-04:00,1.987043857574463,1.987043857574463,1.987043857574463,1.987043857574463,0,0.0,0.0
1994-04-06 00:00:00-04:00,2.1195127964019775,2.1195127964019775,2.1195127964019775,2.1195127964019775,1350,0.0,0.0
1994-04-07 00:00:00-04:00,1.9075621366500854,1.9075621366500854,1.9075621366500854,1.9075621366500854,900,0.0,0.0
1994-04-08 00:00:00-04:00,1.9075621366500854,1.9075621366500854,1.9075621366500854,1.9075621366500854,0,0.0,0.0
1994-04-11 00:00:00-04:00,1.9075621366500854,1.9075621366500854,1.9075621366500854,1.9075621366500854,0,0.0,0.0
1994-04-12 00:00:00-04:00,1.9075621366500854,1.9075621366500854,1.9075621366500854,1.9075621366500854,0,0.0,0.0
1994-04-13 00:00:00-04:00,1.9075621366500854,1.9075621366500854,1.9075621366500854,1.9075621366500854,0,0.0,0.0
1994-04-14 00:00:00-04:00,1.9075621366500854,1.9075621366500854,1.9075621366500854,1.9075621366500854,0,0.0,0.0
1994-04-15 00:00:00-04:00,1.9075621366500854,1.9075621366500854,1.9075621366500854,1.9075621366500854,0,0.0,0.0
1994-04-18 00:00:00-04:00,1.9075621366500854,1.9075621366500854,1.9075621366500854,1.9075621366500854,0,0.0,0.0
1994-04-19 00:00:00-04:00,1.9075621366500854,1.9075621366500854,1.9075621366500854,1.9075621366500854,0,0.0,0.0
1994-04-20 00:00:00-04:00,1.9075621366500854,1.9075621366500854,1.9075621366500854,1.9075621366500854,0,0.0,0.0
1994-04-21 00:00:00-04:00,1.9075621366500854,1.9075621366500854,1.9075621366500854,1.9075621366500854,0,0.0,0.0
1994-04-22 00:00:00-04:00,2.1195127964019775,2.1195127964019775,2.1195127964019775,2.1195127964019775,5400,0.0,0.0
1994-04-25 00:00:00-04:00,2.1195127964019775,2.1195127964019775,2.1195127964019775,2.1195127964019775,4500,0.0,0.0
1994-04-26 00:00:00-04:00,2.1195127964019775,2.1195127964019775,2.1195127964019775,2.1195127964019775,0,0.0,0.0
1994-04-28 00:00:00-04:00,2.1195127964019775,2.1195127964019775,2.1195127964019775,2.1195127964019775,900,0.0,0.0
1994-04-29 00:00:00-04:00,2.1195127964019775,2.1195127964019775,2.1195127964019775,2.1195127964019775,0,0.0,0.0
1994-05-02 00:00:00-04:00,2.013537883758545,2.013537883758545,2.013537883758545,2.013537883758545,11250,0.0,0.0
1994-05-03 00:00:00-04:00,2.013537883758545,2.013537883758545,2.013537883758545,2.013537883758545,0,0.0,0.0
1994-05-04 00:00:00-04:00,2.013537883758545,2.013537883758545,2.013537883758545,2.013537883758545,0,0.0,0.0
1994-05-05 00:00:00-04:00,2.013537883758545,2.013537883758545,2.013537883758545,2.013537883758545,0,0.0,0.0
1994-05-06 00:00:00-04:00,2.1195127964019775,2.1195127964019775,2.1195127964019775,2.1195127964019775,1350,0.0,0.0
1994-05-09 00:00:00-04:00,2.1195127964019775,2.1195127964019775,2.1195127964019775,2.1195127964019775,0,0.0,0.0
1994-05-10 00:00:00-04:00,2.119512308399114,2.1725003719329834,2.0665244722642595,2.1725003719329834,7200,0.0,0.0
1994-05-11 00:00:00-04:00,2.066526147485141,2.09302020072937,2.066526147485141,2.09302020072937,9000,0.0,0.0
1994-05-12 00:00:00-04:00,2.0665249480670447,2.1195127964019775,2.0665249480670447,2.1195127964019775,17550,0.0,0.0
1994-05-13 00:00:00-04:00,2.1195127964019775,2.1195127964019775,2.1195127964019775,2.1195127964019775,450,0.0,0.0
1994-05-16 00:00:00-04:00,2.0135370997321123,2.1195127964019775,2.0135370997321123,2.1195127964019775,5400,0.0,0.0
1994-05-17 00:00:00-04:00,2.1195127964019775,2.1195127964019775,2.1195127964019775,2.1195127964019775,2250,0.0,0.0
1994-05-18 00:00:00-04:00,2.1195127964019775,2.1195127964019775,2.1195127964019775,2.1195127964019775,0,0.0,0.0
1994-05-19 00:00:00-04:00,2.1195127964019775,2.19899468260391,2.1195127964019775,2.1195127964019775,9900,0.0,0.0
1994-05-20 00:00:00-04:00,2.1195127964019775,2.1195127964019775,2.1195127964019775,2.1195127964019775,0,0.0,0.0
1994-05-23 00:00:00-04:00,2.1195127964019775,2.1195127964019775,2.1195127964019775,2.1195127964019775,0,0.0,0.0
1994-05-24 00:00:00-04:00,2.0135381082436514,2.040032386779785,2.0135381082436514,2.040032386779785,52200,0.0,0.0
1994-05-25 00:00:00-04:00,2.09302020072937,2.09302020072937,2.09302020072937,2.09302020072937,4500,0.0,0.0
1994-05-26 00:00:00-04:00,2.2254884243011475,2.2254884243011475,2.2254884243011475,2.2254884243011475,450,0.0,0.0
1994-05-27 00:00:00-04:00,2.2254884243011475,2.2254884243011475,2.2254884243011475,2.2254884243011475,0,0.0,0.0
1994-05-31 00:00:00-04:00,2.2254884243011475,2.2254884243011475,2.2254884243011475,2.2254884243011475,0,0.0,0.0
1994-06-01 00:00:00-04:00,2.2254884243011475,2.2254884243011475,2.2254884243011475,2.2254884243011475,0,0.0,0.0
1994-06-02 00:00:00-04:00,2.2254884243011475,2.2254884243011475,2.2254884243011475,2.2254884243011475,0,0.0,0.0
1994-06-03 00:00:00-04:00,2.1195127964019775,2.1195127964019775,2.1195127964019775,2.1195127964019775,900,0.0,0.0
1994-06-06 00:00:00-04:00,2.1195127964019775,2.1195127964019775,2.1195127964019775,2.1195127964019775,0,0.0,0.0
1994-06-07 00:00:00-04:00,2.1195127964019775,2.1195127964019775,2.1195127964019775,2.1195127964019775,0,0.0,0.0
1994-06-08 00:00:00-04:00,2.1195127964019775,2.1195127964019775,2.1195127964019775,2.1195127964019775,0,0.0,0.0
1994-06-09 00:00:00-04:00,2.1195127964019775,2.1195127964019775,2.1195127964019775,2.1195127964019775,0,0.0,0.0
1994-06-10 00:00:00-04:00,2.1195127964019775,2.1195127964019775,2.1195127964019775,2.1195127964019775,0,0.0,0.0
1994-06-13 00:00:00-04:00,2.2122418880462646,2.2122418880462646,2.2122418880462646,2.2122418880462646,1350,0.0,0.0
1994-06-14 00:00:00-04:00,2.2122418880462646,2.2122418880462646,2.2122418880462646,2.2122418880462646,0,0.0,0.0
1994-06-15 00:00:00-04:00,2.2122418880462646,2.2122418880462646,2.2122418880462646,2.2122418880462646,0,0.0,0.0
1994-06-16 00:00:00-04:00,2.2122418880462646,2.2122418880462646,2.2122418880462646,2.2122418880462646,0,0.0,0.0
1994-06-17 00:00:00-04:00,2.2122418880462646,2.2122418880462646,2.2122418880462646,2.2122418880462646,0,0.0,0.0
1994-06-20 00:00:00-04:00,2.2122418880462646,2.2122418880462646,2.2122418880462646,2.2122418880462646,0,0.0,0.0
1994-06-21 00:00:00-04:00,2.2122418880462646,2.2122418880462646,2.2122418880462646,2.2122418880462646,0,0.0,0.0
1994-06-22 00:00:00-04:00,2.1195127964019775,2.1195127964019775,2.0400313649981787,2.1195127964019775,2250,0.0,0.0
1994-06-23 00:00:00-04:00,2.040032386779785,2.040032386779785,2.040032386779785,2.040032386779785,900,0.0,0.0
1994-06-24 00:00:00-04:00,2.05605149269104,2.05605149269104,2.05605149269104,2.05605149269104,0,0.03333,0.0
1994-06-27 00:00:00-04:00,2.05605149269104,2.05605149269104,2.05605149269104,2.05605149269104,0,0.0,0.0
1994-06-28 00:00:00-04:00,2.05605149269104,2.05605149269104,2.05605149269104,2.05605149269104,0,0.0,0.0
1994-06-29 00:00:00-04:00,2.05605149269104,2.05605149269104,2.05605149269104,2.05605149269104,0,0.0,0.0
1994-06-30 00:00:00-04:00,2.1361562428518575,2.1361562428518575,2.029348373413086,2.029348373413086,15750,0.0,0.0
1994-07-01 00:00:00-04:00,2.029348373413086,2.029348373413086,2.029348373413086,2.029348373413086,0,0.0,0.0
1994-07-05 00:00:00-04:00,2.029348373413086,2.029348373413086,2.029348373413086,2.029348373413086,0,0.0,0.0
1994-07-06 00:00:00-04:00,2.1628584394952743,2.2296133041381836,2.1628584394952743,2.2296133041381836,4500,0.0,0.0
1994-07-07 00:00:00-04:00,2.2429651224608596,2.2963690757751465,2.189561169146573,2.2963690757751465,84150,0.0,0.0
1994-07-08 00:00:00-04:00,2.2963690757751465,2.2963690757751465,2.2963690757751465,2.2963690757751465,0,0.0,0.0
1994-07-11 00:00:00-04:00,2.296368283121545,2.296368283121545,2.1895604133605957,2.1895604133605957,13950,0.0,0.0
1994-07-12 00:00:00-04:00,2.1895604133605957,2.1895604133605957,2.1895604133605957,2.1895604133605957,0,0.0,0.0
1994-07-13 00:00:00-04:00,2.1895604133605957,2.1895604133605957,2.1895604133605957,2.1895604133605957,0,0.0,0.0
1994-07-14 00:00:00-04:00,2.1895604133605957,2.1895604133605957,2.1895604133605957,2.1895604133605957,0,0.0,0.0
1994-07-15 00:00:00-04:00,2.1895604133605957,2.1895604133605957,2.1895604133605957,2.1895604133605957,0,0.0,0.0
1994-07-18 00:00:00-04:00,2.1895604133605957,2.1895604133605957,2.1895604133605957,2.1895604133605957,0,0.0,0.0
1994-07-19 00:00:00-04:00,2.1895604133605957,2.1895604133605957,2.1895604133605957,2.1895604133605957,0,0.0,0.0
1994-07-20 00:00:00-04:00,2.1895604133605957,2.1895604133605957,2.1895604133605957,2.1895604133605957,0,0.0,0.0
1994-07-21 00:00:00-04:00,2.1895604133605957,2.1895604133605957,2.1895604133605957,2.1895604133605957,0,0.0,0.0
1994-07-22 00:00:00-04:00,2.1361570358276367,2.1361570358276367,2.1361570358276367,2.1361570358276367,1800,0.0,0.0
1994-07-25 00:00:00-04:00,2.3497729301452637,2.3497729301452637,2.3497729301452637,2.3497729301452637,4050,0.0,0.0
1994-07-26 00:00:00-04:00,2.323069734795785,2.323069734795785,2.216262102127075,2.216262102127075,9000,0.0,0.0
1994-07-27 00:00:00-04:00,2.323070526123047,2.323070526123047,2.323070526123047,2.323070526123047,3150,0.0,0.0
1994-07-28 00:00:00-04:00,2.323070526123047,2.323070526123047,2.323070526123047,2.323070526123047,0,0.0,0.0
1994-07-29 00:00:00-04:00,2.323070526123047,2.323070526123047,2.323070526123047,2.323070526123047,0,0.0,0.0
1994-08-01 00:00:00-04:00,2.323070526123047,2.323070526123047,2.323070526123047,2.323070526123047,0,0.0,0.0
1994-08-02 00:00:00-04:00,2.323070526123047,2.323070526123047,2.323070526123047,2.323070526123047,0,0.0,0.0
1994-08-03 00:00:00-04:00,2.323070526123047,2.323070526123047,2.323070526123047,2.323070526123047,0,0.0,0.0
1994-08-04 00:00:00-04:00,2.2429652467814667,2.3497729301452637,2.1628591977776095,2.3497729301452637,5850,0.0,0.0
1994-08-05 00:00:00-04:00,2.3497729301452637,2.3497729301452637,2.3497729301452637,2.3497729301452637,0,0.0,0.0
1994-08-08 00:00:00-04:00,2.3497729301452637,2.3497729301452637,2.3497729301452637,2.3497729301452637,0,0.0,0.0
1994-08-09 00:00:00-04:00,2.1895604133605957,2.1895604133605957,2.1895604133605957,2.1895604133605957,900,0.0,0.0
1994-08-10 00:00:00-04:00,2.1895604133605957,2.1895604133605957,2.1895604133605957,2.1895604133605957,0,0.0,0.0
1994-08-11 00:00:00-04:00,2.1895604133605957,2.1895604133605957,2.1895604133605957,2.1895604133605957,4950,0.0,0.0
1994-08-12 00:00:00-04:00,2.1895604133605957,2.1895604133605957,2.1895604133605957,2.1895604133605957,0,0.0,0.0
1994-08-15 00:00:00-04:00,2.1895604133605957,2.1895604133605957,2.1895604133605957,2.1895604133605957,9450,0.0,0.0
1994-08-16 00:00:00-04:00,2.1895604133605957,2.1895604133605957,2.1895604133605957,2.1895604133605957,0,0.0,0.0
1994-08-17 00:00:00-04:00,2.3497719888173036,2.3497719888173036,2.1895604133605957,2.1895604133605957,14850,0.0,0.0
1994-08-18 00:00:00-04:00,2.136157491303692,2.136157491303692,1.922541856765747,1.922541856765747,63450,0.0,0.0
1994-08-19 00:00:00-04:00,2.029348373413086,2.0827523081324717,2.029348373413086,2.029348373413086,19800,0.0,0.0
1994-08-22 00:00:00-04:00,2.0827534883960284,2.1094555854797363,1.9225418226331616,2.1094555854797363,24750,0.0,0.0
1994-08-23 00:00:00-04:00,2.1094555854797363,2.1094555854797363,2.1094555854797363,2.1094555854797363,0,0.0,0.0
1994-08-24 00:00:00-04:00,1.922541856765747,1.922541856765747,1.922541856765747,1.922541856765747,900,0.0,0.0
1994-08-25 00:00:00-04:00,1.9225408656929706,1.9492429494857788,1.9225408656929706,1.9492429494857788,13050,0.0,0.0
1994-08-26 00:00:00-04:00,1.922540658990468,2.082752227783203,1.922540658990468,2.082752227783203,20700,0.0,0.0
1994-08-29 00:00:00-04:00,2.082752227783203,2.082752227783203,2.082752227783203,2.082752227783203,0,0.0,0.0
1994-08-30 00:00:00-04:00,1.9225408656929706,1.9492429494857788,1.9225408656929706,1.9492429494857788,5850,0.0,0.0
1994-08-31 00:00:00-04:00,1.9492429494857788,1.9492429494857788,1.9492429494857788,1.9492429494857788,0,0.0,0.0
1994-09-01 00:00:00-04:00,2.1361570358276367,2.1361570358276367,2.1361570358276367,2.1361570358276367,450,0.0,0.0
1994-09-02 00:00:00-04:00,2.1361570358276367,2.1361570358276367,2.1361570358276367,2.1361570358276367,0,0.0,0.0
1994-09-06 00:00:00-04:00,2.1361570358276367,2.1361570358276367,2.1361570358276367,2.1361570358276367,1350,0.0,0.0
1994-09-07 00:00:00-04:00,2.1361570358276367,2.1361570358276367,2.1361570358276367,2.1361570358276367,900,0.0,0.0
1994-09-08 00:00:00-04:00,2.1361570358276367,2.1361570358276367,2.1361570358276367,2.1361570358276367,0,0.0,0.0
1994-09-09 00:00:00-04:00,2.1361570358276367,2.1361570358276367,2.1361570358276367,2.1361570358276367,0,0.0,0.0
1994-09-12 00:00:00-04:00,1.9492429494857788,1.9492429494857788,1.9492429494857788,1.9492429494857788,3150,0.0,0.0
1994-09-13 00:00:00-04:00,2.082752227783203,2.082752227783203,2.082752227783203,2.082752227783203,2250,0.0,0.0
1994-09-14 00:00:00-04:00,2.082752227783203,2.082752227783203,2.082752227783203,2.082752227783203,0,0.0,0.0
1994-09-15 00:00:00-04:00,2.082752227783203,2.082752227783203,2.082752227783203,2.082752227783203,0,0.0,0.0
1994-09-16 00:00:00-04:00,2.082752227783203,2.082752227783203,2.082752227783203,2.082752227783203,0,0.0,0.0
1994-09-19 00:00:00-04:00,2.082752227783203,2.082752227783203,2.082752227783203,2.082752227783203,0,0.0,0.0
1994-09-20 00:00:00-04:00,2.082752227783203,2.082752227783203,2.082752227783203,2.082752227783203,0,0.0,0.0
1994-09-21 00:00:00-04:00,1.9492435812708917,2.05605149269104,1.9492435812708917,2.05605149269104,1800,0.0,0.0
1994-09-22 00:00:00-04:00,2.05605149269104,2.05605149269104,2.05605149269104,2.05605149269104,0,0.0,0.0
1994-09-23 00:00:00-04:00,1.9759458303451538,1.9759458303451538,1.9759458303451538,1.9759458303451538,25650,0.0,0.0
1994-09-26 00:00:00-04:00,1.9931862354278564,1.9931862354278564,1.9931862354278564,1.9931862354278564,0,0.03556,0.0
1994-09-27 00:00:00-04:00,2.0739903450012207,2.0739903450012207,2.0739903450012207,2.0739903450012207,3150,0.0,0.0
1994-09-28 00:00:00-04:00,2.0739903450012207,2.0739903450012207,2.0739903450012207,2.0739903450012207,0,0.0,0.0
1994-09-29 00:00:00-04:00,2.0739903450012207,2.0739903450012207,2.0739903450012207,2.0739903450012207,0,0.0,0.0
1994-09-30 00:00:00-04:00,2.0739903450012207,2.0739903450012207,2.0739903450012207,2.0739903450012207,0,0.0,0.0
1994-10-03 00:00:00-04:00,2.0739903450012207,2.0739903450012207,2.0739903450012207,2.0739903450012207,0,0.0,0.0
1994-10-04 00:00:00-04:00,2.0739903450012207,2.0739903450012207,2.0739903450012207,2.0739903450012207,0,0.0,0.0
1994-10-05 00:00:00-04:00,2.0739903450012207,2.0739903450012207,2.0739903450012207,2.0739903450012207,0,0.0,0.0
1994-10-06 00:00:00-04:00,2.0739903450012207,2.0739903450012207,2.0739903450012207,2.0739903450012207,0,0.0,0.0
1994-10-07 00:00:00-04:00,2.154794692993164,2.154794692993164,2.154794692993164,2.154794692993164,3600,0.0,0.0
1994-10-10 00:00:00-04:00,2.154794692993164,2.154794692993164,2.154794692993164,2.154794692993164,0,0.0,0.0
1994-10-11 00:00:00-04:00,2.154794692993164,2.154794692993164,2.154794692993164,2.154794692993164,0,0.0,0.0
1994-10-12 00:00:00-04:00,2.154794692993164,2.154794692993164,2.154794692993164,2.154794692993164,0,0.0,0.0
1994-10-13 00:00:00-04:00,2.0470550060272217,2.0470550060272217,2.0470550060272217,2.0470550060272217,2250,0.0,0.0
1994-10-14 00:00:00-04:00,2.0470550060272217,2.0470550060272217,2.0470550060272217,2.0470550060272217,0,0.0,0.0
1994-10-17 00:00:00-04:00,2.00665283203125,2.00665283203125,2.00665283203125,2.00665283203125,900,0.0,0.0
1994-10-18 00:00:00-04:00,2.00665283203125,2.00665283203125,2.00665283203125,2.00665283203125,0,0.0,0.0
1994-10-19 00:00:00-04:00,2.1817290782928467,2.1817290782928467,2.1817290782928467,2.1817290782928467,10800,0.0,0.0
1994-10-20 00:00:00-04:00,2.1817290782928467,2.1817290782928467,2.1817290782928467,2.1817290782928467,0,0.0,0.0
1994-10-21 00:00:00-04:00,2.1817290782928467,2.1817290782928467,2.1817290782928467,2.1817290782928467,0,0.0,0.0
1994-10-24 00:00:00-04:00,2.2086655124755405,2.3702750205993652,2.1547953681882976,2.3702750205993652,22050,0.0,0.0
1994-10-25 00:00:00-04:00,2.3164055347442627,2.4780150565469006,2.3164055347442627,2.3164055347442627,22050,0.0,0.0
1994-10-26 00:00:00-04:00,2.3164055347442627,2.3164055347442627,2.3164055347442627,2.3164055347442627,0,0.0,0.0
1994-10-27 00:00:00-04:00,2.3164055347442627,2.3164055347442627,2.3164055347442627,2.3164055347442627,0,0.0,0.0
1994-10-28 00:00:00-04:00,2.3164055347442627,2.3164055347442627,2.3164055347442627,2.3164055347442627,0,0.0,0.0
1994-10-31 00:00:00-05:00,2.3164055347442627,2.3164055347442627,2.3164055347442627,2.3164055347442627,1350,0.0,0.0
1994-11-01 00:00:00-05:00,2.3164055347442627,2.3164055347442627,2.3164055347442627,2.3164055347442627,0,0.0,0.0
1994-11-02 00:00:00-05:00,2.3164055347442627,2.3164055347442627,2.3164055347442627,2.3164055347442627,0,0.0,0.0
1994-11-03 00:00:00-05:00,2.3164055347442627,2.3164055347442627,2.3164055347442627,2.3164055347442627,0,0.0,0.0
1994-11-04 00:00:00-05:00,2.3164055347442627,2.3972100644610856,2.3164055347442627,2.3164055347442627,13950,0.0,0.0
1994-11-07 00:00:00-05:00,2.3702750205993652,2.3702750205993652,2.3702750205993652,2.3702750205993652,6750,0.0,0.0
1994-11-08 00:00:00-05:00,2.3164055347442627,2.3164055347442627,2.3164055347442627,2.3164055347442627,450,0.0,0.0
1994-11-09 00:00:00-05:00,2.3164055347442627,2.3164055347442627,2.3164055347442627,2.3164055347442627,0,0.0,0.0
1994-11-10 00:00:00-05:00,2.3164055347442627,2.3164055347442627,2.3164055347442627,2.3164055347442627,0,0.0,0.0
1994-11-11 00:00:00-05:00,2.3164055347442627,2.3164055347442627,2.3164055347442627,2.3164055347442627,0,0.0,0.0
1994-11-14 00:00:00-05:00,2.3972100644610856,2.3972100644610856,2.3164055347442627,2.3164055347442627,14850,0.0,0.0
1994-11-15 00:00:00-05:00,2.3702750205993652,2.3702750205993652,2.316405338681075,2.3702750205993652,16650,0.0,0.0
1994-11-16 00:00:00-05:00,2.316405338681075,2.3702750205993652,2.316405338681075,2.3702750205993652,8100,0.0,0.0
1994-11-17 00:00:00-05:00,2.3702750205993652,2.3702750205993652,2.3702750205993652,2.3702750205993652,0,0.0,0.0
1994-11-18 00:00:00-05:00,2.316404511121932,2.4510791301727295,2.316404511121932,2.4510791301727295,2700,0.0,0.0
1994-11-21 00:00:00-05:00,2.3164055347442627,2.3164055347442627,2.3164055347442627,2.3164055347442627,450,0.0,0.0
1994-11-22 00:00:00-05:00,2.3164043170440918,2.478013753890991,2.3164043170440918,2.478013753890991,3150,0.0,0.0
1994-11-23 00:00:00-05:00,2.478013753890991,2.478013753890991,2.478013753890991,2.478013753890991,0,0.0,0.0
1994-11-25 00:00:00-05:00,2.478013753890991,2.478013753890991,2.478013753890991,2.478013753890991,0,0.0,0.0
1994-11-28 00:00:00-05:00,2.3164055347442627,2.3164055347442627,2.3164055347442627,2.3164055347442627,900,0.0,0.0
1994-11-29 00:00:00-05:00,2.3164055347442627,2.3164055347442627,2.3164055347442627,2.3164055347442627,0,0.0,0.0
1994-11-30 00:00:00-05:00,2.3164055347442627,2.3164055347442627,2.3164055347442627,2.3164055347442627,0,0.0,0.0
1994-12-01 00:00:00-05:00,2.3164055347442627,2.3164055347442627,2.3164055347442627,2.3164055347442627,0,0.0,0.0
1994-12-02 00:00:00-05:00,2.4241451388845228,2.4241451388845228,2.262535617081885,2.3164055347442627,16650,0.0,0.0
1994-12-05 00:00:00-05:00,2.3164055347442627,2.3164055347442627,2.3164055347442627,2.3164055347442627,0,0.0,0.0
1994-12-06 00:00:00-05:00,2.3164055347442627,2.3164055347442627,2.3164055347442627,2.3164055347442627,0,0.0,0.0
1994-12-07 00:00:00-05:00,2.3164055347442627,2.3164055347442627,2.3164055347442627,2.3164055347442627,0,0.0,0.0
1994-12-08 00:00:00-05:00,2.2625346183776855,2.2625346183776855,2.2625346183776855,2.2625346183776855,900,0.0,0.0
1994-12-09 00:00:00-05:00,2.2625346183776855,2.2625346183776855,2.2625346183776855,2.2625346183776855,2250,0.0,0.0
1994-12-12 00:00:00-05:00,2.208665132522583,2.208665132522583,2.208665132522583,2.208665132522583,2250,0.0,0.0
1994-12-13 00:00:00-05:00,2.208665132522583,2.208665132522583,2.208665132522583,2.208665132522583,0,0.0,0.0
1994-12-14 00:00:00-05:00,2.208665132522583,2.208665132522583,2.208665132522583,2.208665132522583,0,0.0,0.0
1994-12-15 00:00:00-05:00,2.208665132522583,2.208665132522583,2.208665132522583,2.208665132522583,0,0.0,0.0
1994-12-16 00:00:00-05:00,2.208665132522583,2.208665132522583,2.208665132522583,2.208665132522583,0,0.0,0.0
1994-12-19 00:00:00-05:00,2.208665132522583,2.208665132522583,2.208665132522583,2.208665132522583,0,0.0,0.0
1994-12-20 00:00:00-05:00,2.208665132522583,2.208665132522583,2.208665132522583,2.208665132522583,0,0.0,0.0
1994-12-21 00:00:00-05:00,2.208665132522583,2.208665132522583,2.208665132522583,2.208665132522583,0,0.0,0.0
1994-12-22 00:00:00-05:00,2.3702750205993652,2.3702750205993652,2.3702750205993652,2.3702750205993652,900,0.0,0.0
1994-12-23 00:00:00-05:00,2.3887336254119873,2.3887336254119873,2.3887336254119873,2.3887336254119873,0,0.03778,0.0
1994-12-27 00:00:00-05:00,2.334444124975865,2.334444124975865,2.2801547050476074,2.2801547050476074,6750,0.0,0.0
1994-12-28 00:00:00-05:00,2.2801547050476074,2.2801547050476074,2.2801547050476074,2.2801547050476074,0,0.0,0.0
1994-12-29 00:00:00-05:00,2.2801547050476074,2.2801547050476074,2.2801547050476074,2.2801547050476074,0,0.0,0.0
1994-12-30 00:00:00-05:00,2.2801547050476074,2.2801547050476074,2.2801547050476074,2.2801547050476074,0,0.0,0.0
1995-01-03 00:00:00-05:00,2.2801547050476074,2.2801547050476074,2.2801547050476074,2.2801547050476074,0,0.0,0.0
1995-01-04 00:00:00-05:00,2.2801547050476074,2.2801547050476074,2.2801547050476074,2.2801547050476074,0,0.0,0.0
1995-01-05 00:00:00-05:00,2.2801547050476074,2.2801547050476074,2.2801547050476074,2.2801547050476074,0,0.0,0.0
1995-01-06 00:00:00-05:00,2.2801547050476074,2.2801547050476074,2.2801547050476074,2.2801547050476074,1800,0.0,0.0
1995-01-09 00:00:00-05:00,2.225865577237538,2.3887336254119873,2.225865577237538,2.3887336254119873,2700,0.0,0.0
1995-01-10 00:00:00-05:00,2.3887336254119873,2.3887336254119873,2.3887336254119873,2.3887336254119873,0,0.0,0.0
1995-01-11 00:00:00-05:00,2.3887336254119873,2.3887336254119873,2.3887336254119873,2.3887336254119873,0,0.0,0.0
1995-01-12 00:00:00-05:00,2.225865577237538,2.3887336254119873,2.225865577237538,2.3887336254119873,3150,0.0,0.0
1995-01-13 00:00:00-05:00,2.3887336254119873,2.3887336254119873,2.3887336254119873,2.3887336254119873,450,0.0,0.0
1995-01-16 00:00:00-05:00,2.3887336254119873,2.3887336254119873,2.3887336254119873,2.3887336254119873,0,0.0,0.0
1995-01-17 00:00:00-05:00,2.3887336254119873,2.3887336254119873,2.3887336254119873,2.3887336254119873,0,0.0,0.0
1995-01-18 00:00:00-05:00,2.3887333119193195,2.3887333119193195,2.2801547050476074,2.2801547050476074,3600,0.0,0.0
1995-01-19 00:00:00-05:00,2.2801547050476074,2.2801547050476074,2.2801547050476074,2.2801547050476074,0,0.0,0.0
1995-01-20 00:00:00-05:00,2.2801547050476074,2.2801547050476074,2.2801547050476074,2.2801547050476074,0,0.0,0.0
1995-01-23 00:00:00-05:00,2.3887336254119873,2.3887336254119873,2.253010174271668,2.3887336254119873,8100,0.0,0.0
1995-01-24 00:00:00-05:00,2.3887336254119873,2.3887336254119873,2.3887336254119873,2.3887336254119873,0,0.0,0.0
1995-01-25 00:00:00-05:00,2.3887336254119873,2.3887336254119873,2.3887336254119873,2.3887336254119873,3600,0.0,0.0
1995-01-26 00:00:00-05:00,2.3887336254119873,2.3887336254119873,2.3887336254119873,2.3887336254119873,0,0.0,0.0
1995-01-27 00:00:00-05:00,2.3887336254119873,2.3887336254119873,2.3887336254119873,2.3887336254119873,0,0.0,0.0
1995-01-30 00:00:00-05:00,2.3887336254119873,2.3887336254119873,2.3887336254119873,2.3887336254119873,0,0.0,0.0
1995-01-31 00:00:00-05:00,2.3887336254119873,2.3887336254119873,2.3887336254119873,2.3887336254119873,0,0.0,0.0
1995-02-01 00:00:00-05:00,2.2801547050476074,2.2801547050476074,2.2801547050476074,2.2801547050476074,450,0.0,0.0
1995-02-02 00:00:00-05:00,2.2530107498168945,2.2530107498168945,2.2530107498168945,2.2530107498168945,450,0.0,0.0
1995-02-03 00:00:00-05:00,2.2530107498168945,2.2530107498168945,2.2530107498168945,2.2530107498168945,0,0.0,0.0
1995-02-06 00:00:00-05:00,2.253010174271668,2.3887336254119873,2.253010174271668,2.3887336254119873,1800,0.0,0.0
1995-02-07 00:00:00-05:00,2.3887336254119873,2.3887336254119873,2.3887336254119873,2.3887336254119873,0,0.0,0.0
1995-02-08 00:00:00-05:00,2.3887336254119873,2.3887336254119873,2.3887336254119873,2.3887336254119873,0,0.0,0.0
1995-02-09 00:00:00-05:00,2.2530107498168945,2.2530107498168945,2.2530107498168945,2.2530107498168945,900,0.0,0.0
1995-02-10 00:00:00-05:00,2.2530107498168945,2.2530107498168945,2.2530107498168945,2.2530107498168945,0,0.0,0.0
1995-02-13 00:00:00-05:00,2.2530107498168945,2.2530107498168945,2.2530107498168945,2.2530107498168945,0,0.0,0.0
1995-02-14 00:00:00-05:00,2.2530107498168945,2.2530107498168945,2.2530107498168945,2.2530107498168945,0,0.0,0.0
1995-02-15 00:00:00-05:00,2.2530107498168945,2.2530107498168945,2.2530107498168945,2.2530107498168945,0,0.0,0.0
1995-02-16 00:00:00-05:00,2.320871595255198,2.320871595255198,2.2801547050476074,2.2801547050476074,8100,0.0,0.0
1995-02-17 00:00:00-05:00,2.2801547050476074,2.2801547050476074,2.2801547050476074,2.2801547050476074,0,0.0,0.0
1995-02-21 00:00:00-05:00,2.2801547050476074,2.2801547050476074,2.2801547050476074,2.2801547050476074,0,0.0,0.0
1995-02-22 00:00:00-05:00,2.2801547050476074,2.2801547050476074,2.2801547050476074,2.2801547050476074,0,0.0,0.0
1995-02-23 00:00:00-05:00,2.2801547050476074,2.2801547050476074,2.2801547050476074,2.2801547050476074,0,0.0,0.0
1995-02-24 00:00:00-05:00,2.2801547050476074,2.2801547050476074,2.2801547050476074,2.2801547050476074,0,0.0,0.0
1995-02-27 00:00:00-05:00,2.2801547050476074,2.2801547050476074,2.2801547050476074,2.2801547050476074,0,0.0,0.0
1995-02-28 00:00:00-05:00,2.2801547050476074,2.2801547050476074,2.2801547050476074,2.2801547050476074,2700,0.0,0.0
1995-03-01 00:00:00-05:00,2.2801547050476074,2.2801547050476074,2.2801547050476074,2.2801547050476074,0,0.0,0.0
1995-03-02 00:00:00-05:00,2.2801547050476074,2.2801547050476074,2.2801547050476074,2.2801547050476074,0,0.0,0.0
1995-03-03 00:00:00-05:00,2.2801547050476074,2.2801547050476074,2.2801547050476074,2.2801547050476074,0,0.0,0.0
1995-03-06 00:00:00-05:00,2.2801547050476074,2.2801547050476074,2.2801547050476074,2.2801547050476074,0,0.0,0.0
1995-03-07 00:00:00-05:00,2.2801547050476074,2.2801547050476074,2.2801547050476074,2.2801547050476074,0,0.0,0.0
1995-03-08 00:00:00-05:00,2.3887333119193195,2.3887333119193195,2.2801547050476074,2.2801547050476074,52650,0.0,0.0
1995-03-09 00:00:00-05:00,2.2801547050476074,2.2801547050476074,2.2801547050476074,2.2801547050476074,0,0.0,0.0
1995-03-10 00:00:00-05:00,2.334444124975865,2.3887333119193195,2.2801547050476074,2.2801547050476074,16650,0.0,0.0
1995-03-13 00:00:00-05:00,2.2801547050476074,2.2801547050476074,2.2801547050476074,2.2801547050476074,0,0.0,0.0
1995-03-14 00:00:00-05:00,2.2801547050476074,2.2801547050476074,2.2801547050476074,2.2801547050476074,0,0.0,0.0
1995-03-15 00:00:00-05:00,2.286940292108214,2.2937262058258057,2.286940292108214,2.2937262058258057,8100,0.0,0.0
1995-03-16 00:00:00-05:00,2.2937262058258057,2.2937262058258057,2.2937262058258057,2.2937262058258057,0,0.0,0.0
1995-03-17 00:00:00-05:00,2.334444921069576,2.4430235649688377,2.307299852371216,2.307299852371216,8550,0.0,0.0
1995-03-20 00:00:00-05:00,2.443023920059204,2.443023920059204,2.443023920059204,2.443023920059204,900,0.0,0.0
1995-03-21 00:00:00-05:00,2.280154860802381,2.334444284439087,2.280154860802381,2.334444284439087,4950,0.0,0.0
1995-03-22 00:00:00-05:00,2.334444284439087,2.334444284439087,2.334444284439087,2.334444284439087,0,0.0,0.0
1995-03-23 00:00:00-05:00,2.334444284439087,2.334444284439087,2.334444284439087,2.334444284439087,0,0.0,0.0
1995-03-24 00:00:00-05:00,2.443022731847577,2.443022731847577,2.2801547050476074,2.2801547050476074,3600,0.0,0.0
1995-03-27 00:00:00-05:00,2.4355963995637726,2.4492794739401367,2.2987654209136963,2.2987654209136963,12600,0.03778,0.0
1995-03-28 00:00:00-05:00,2.4082298278808594,2.4082298278808594,2.4082298278808594,2.4082298278808594,450,0.0,0.0
1995-03-29 00:00:00-05:00,2.4082298278808594,2.4082298278808594,2.4082298278808594,2.4082298278808594,0,0.0,0.0
1995-03-30 00:00:00-05:00,2.4082298278808594,2.4082298278808594,2.4082298278808594,2.4082298278808594,0,0.0,0.0
1995-03-31 00:00:00-05:00,2.4082298278808594,2.4082298278808594,2.4082298278808594,2.4082298278808594,0,0.0,0.0
1995-04-03 00:00:00-04:00,2.4082298278808594,2.4082298278808594,2.4082298278808594,2.4082298278808594,0,0.0,0.0
1995-04-04 00:00:00-04:00,2.462962350660696,2.462962350660696,2.4082298278808594,2.4082298278808594,900,0.0,0.0
1995-04-05 00:00:00-04:00,2.4082298278808594,2.4082298278808594,2.4082298278808594,2.4082298278808594,0,0.0,0.0
1995-04-06 00:00:00-04:00,2.4082298278808594,2.4082298278808594,2.4082298278808594,2.4082298278808594,0,0.0,0.0
1995-04-07 00:00:00-04:00,2.4082298278808594,2.4082298278808594,2.4082298278808594,2.4082298278808594,0,0.0,0.0
1995-04-10 00:00:00-04:00,2.4082305384741867,2.4629630774038795,2.3021863470607333,2.394547462463379,17100,0.0,0.0
1995-04-11 00:00:00-04:00,2.353497539987416,2.4082298278808594,2.353497539987416,2.4082298278808594,8100,0.0,0.0
1995-04-12 00:00:00-04:00,2.4082298278808594,2.4082298278808594,2.4082298278808594,2.4082298278808594,0,0.0,0.0
1995-04-13 00:00:00-04:00,2.2987654209136963,2.2987654209136963,2.2987654209136963,2.2987654209136963,1350,0.0,0.0
1995-04-17 00:00:00-04:00,2.2987654209136963,2.2987654209136963,2.2987654209136963,2.2987654209136963,0,0.0,0.0
1995-04-18 00:00:00-04:00,2.408230771540654,2.408230771540654,2.3671815395355225,2.3671815395355225,4950,0.0,0.0
1995-04-19 00:00:00-04:00,2.3671815395355225,2.3671815395355225,2.3671815395355225,2.3671815395355225,0,0.0,0.0
1995-04-20 00:00:00-04:00,2.3671815395355225,2.3671815395355225,2.3671815395355225,2.3671815395355225,0,0.0,0.0
1995-04-21 00:00:00-04:00,2.3671815395355225,2.3671815395355225,2.3671815395355225,2.3671815395355225,0,0.0,0.0
1995-04-24 00:00:00-04:00,2.408230250811044,2.408230250811044,2.2987654209136963,2.2987654209136963,6300,0.0,0.0
1995-04-25 00:00:00-04:00,2.4082298278808594,2.4082298278808594,2.4082298278808594,2.4082298278808594,4050,0.0,0.0
1995-04-26 00:00:00-04:00,2.4082298278808594,2.4082298278808594,2.4082298278808594,2.4082298278808594,2250,0.0,0.0
1995-04-27 00:00:00-04:00,2.4082298278808594,2.4082298278808594,2.4082298278808594,2.4082298278808594,4050,0.0,0.0
1995-04-28 00:00:00-04:00,2.4082298278808594,2.4082298278808594,2.4082298278808594,2.4082298278808594,1350,0.0,0.0
1995-05-01 00:00:00-04:00,2.2987654209136963,2.408230250811044,2.2987654209136963,2.2987654209136963,7650,0.0,0.0
1995-05-02 00:00:00-04:00,2.2987654209136963,2.2987654209136963,2.2987654209136963,2.2987654209136963,0,0.0,0.0
1995-05-03 00:00:00-04:00,2.2987654209136963,2.2987654209136963,2.2987654209136963,2.2987654209136963,0,0.0,0.0
1995-05-04 00:00:00-04:00,2.2987654209136963,2.2987654209136963,2.2987654209136963,2.2987654209136963,900,0.0,0.0
1995-05-05 00:00:00-04:00,2.2987654209136963,2.2987654209136963,2.2987654209136963,2.2987654209136963,2250,0.0,0.0
1995-05-08 00:00:00-04:00,2.2987654209136963,2.2987654209136963,2.2987654209136963,2.2987654209136963,0,0.0,0.0
1995-05-09 00:00:00-04:00,2.2987654209136963,2.2987654209136963,2.2987654209136963,2.2987654209136963,0,0.0,0.0
1995-05-10 00:00:00-04:00,2.4629627832029355,2.4629627832029355,2.2987654209136963,2.2987654209136963,10350,0.0,0.0
1995-05-11 00:00:00-04:00,2.2987654209136963,2.2987654209136963,2.2987654209136963,2.2987654209136963,0,0.0,0.0
1995-05-12 00:00:00-04:00,2.2987654209136963,2.2987654209136963,2.2987654209136963,2.2987654209136963,0,0.0,0.0
1995-05-15 00:00:00-04:00,2.2987654209136963,2.2987654209136963,2.2987654209136963,2.2987654209136963,0,0.0,0.0
1995-05-16 00:00:00-04:00,2.380863867171881,2.380863867171881,2.2987654209136963,2.2987654209136963,9000,0.0,0.0
1995-05-17 00:00:00-04:00,2.2987654209136963,2.2987654209136963,2.2987654209136963,2.2987654209136963,0,0.0,0.0
1995-05-18 00:00:00-04:00,2.4082298278808594,2.462962350660696,2.298765017207579,2.4082298278808594,27900,0.0,0.0
1995-05-19 00:00:00-04:00,2.4082298278808594,2.4082298278808594,2.4082298278808594,2.4082298278808594,0,0.0,0.0
1995-05-22 00:00:00-04:00,2.4082298278808594,2.4082298278808594,2.4082298278808594,2.4082298278808594,0,0.0,0.0
1995-05-23 00:00:00-04:00,2.4082298278808594,2.4082298278808594,2.4082298278808594,2.4082298278808594,0,0.0,0.0
1995-05-24 00:00:00-04:00,2.4082298278808594,2.4082298278808594,2.4082298278808594,2.4082298278808594,3600,0.0,0.0
1995-05-25 00:00:00-04:00,2.4629628222868574,2.4629628222868574,2.380863904953003,2.380863904953003,2700,0.0,0.0
1995-05-26 00:00:00-04:00,2.4082298278808594,2.4082298278808594,2.4082298278808594,2.4082298278808594,2250,0.0,0.0
1995-05-30 00:00:00-04:00,2.4082298278808594,2.4082298278808594,2.4082298278808594,2.4082298278808594,0,0.0,0.0
1995-05-31 00:00:00-04:00,2.408230564721816,2.462963104248047,2.2987657205558207,2.462963104248047,13500,0.0,0.0
1995-06-01 00:00:00-04:00,2.462963104248047,2.462963104248047,2.462963104248047,2.462963104248047,0,0.0,0.0
1995-06-02 00:00:00-04:00,2.462963104248047,2.462963104248047,2.462963104248047,2.462963104248047,0,0.0,0.0
1995-06-05 00:00:00-04:00,2.2987654209136963,2.2987654209136963,2.2987654209136963,2.2987654209136963,450,0.0,0.0
1995-06-06 00:00:00-04:00,2.2987654209136963,2.2987654209136963,2.2987654209136963,2.2987654209136963,0,0.0,0.0
1995-06-07 00:00:00-04:00,2.2987654209136963,2.2987654209136963,2.2987654209136963,2.2987654209136963,0,0.0,0.0
1995-06-08 00:00:00-04:00,2.2987654209136963,2.2987654209136963,2.2987654209136963,2.2987654209136963,0,0.0,0.0
1995-06-09 00:00:00-04:00,2.298765017207579,2.4082298278808594,2.298765017207579,2.4082298278808594,5400,0.0,0.0
1995-06-12 00:00:00-04:00,2.4629627832029355,2.4629627832029355,2.2987654209136963,2.2987654209136963,9900,0.0,0.0
1995-06-13 00:00:00-04:00,2.2987654209136963,2.2987654209136963,2.2987654209136963,2.2987654209136963,0,0.0,0.0
1995-06-14 00:00:00-04:00,2.2987654209136963,2.2987654209136963,2.2987654209136963,2.2987654209136963,0,0.0,0.0
1995-06-15 00:00:00-04:00,2.2987654209136963,2.2987654209136963,2.2987654209136963,2.2987654209136963,0,0.0,0.0
1995-06-16 00:00:00-04:00,2.2987654209136963,2.2987654209136963,2.2987654209136963,2.2987654209136963,0,0.0,0.0
1995-06-19 00:00:00-04:00,2.4629627832029355,2.4629627832029355,2.2987654209136963,2.2987654209136963,2250,0.0,0.0
1995-06-20 00:00:00-04:00,2.2987654209136963,2.2987654209136963,2.2987654209136963,2.2987654209136963,0,0.0,0.0
1995-06-21 00:00:00-04:00,2.2987654209136963,2.2987654209136963,2.2987654209136963,2.2987654209136963,0,0.0,0.0
1995-06-22 00:00:00-04:00,2.2987654209136963,2.2987654209136963,2.2987654209136963,2.2987654209136963,0,0.0,0.0
1995-06-23 00:00:00-04:00,2.408230250811044,2.408230250811044,2.2987654209136963,2.2987654209136963,1800,0.0,0.0
1995-06-26 00:00:00-04:00,2.2987654209136963,2.2987654209136963,2.2987654209136963,2.2987654209136963,0,0.0,0.0
1995-06-27 00:00:00-04:00,2.462962350660696,2.462962350660696,2.4082298278808594,2.4082298278808594,16200,0.0,0.0
1995-06-28 00:00:00-04:00,2.4269845485687256,2.4269845485687256,2.4269845485687256,2.4269845485687256,0,0.03778,0.0
1995-06-29 00:00:00-04:00,2.4269845485687256,2.4269845485687256,2.4269845485687256,2.4269845485687256,0,0.0,0.0
1995-06-30 00:00:00-04:00,2.4269845485687256,2.4269845485687256,2.4269845485687256,2.4269845485687256,0,0.0,0.0
1995-07-03 00:00:00-04:00,2.4269845485687256,2.4269845485687256,2.4269845485687256,2.4269845485687256,0,0.0,0.0
1995-07-05 00:00:00-04:00,2.4269845485687256,2.4269845485687256,2.4269845485687256,2.4269845485687256,0,0.0,0.0
1995-07-06 00:00:00-04:00,2.4269845485687256,2.4269845485687256,2.4269845485687256,2.4269845485687256,0,0.0,0.0
1995-07-07 00:00:00-04:00,2.4269845485687256,2.4269845485687256,2.4269845485687256,2.4269845485687256,0,0.0,0.0
1995-07-10 00:00:00-04:00,2.4269845485687256,2.4269845485687256,2.4269845485687256,2.4269845485687256,0,0.0,0.0
1995-07-11 00:00:00-04:00,2.4269845485687256,2.4269845485687256,2.4269845485687256,2.4269845485687256,0,0.0,0.0
1995-07-12 00:00:00-04:00,2.4269845485687256,2.4269845485687256,2.4269845485687256,2.4269845485687256,0,0.0,0.0
1995-07-13 00:00:00-04:00,2.4269845485687256,2.4269845485687256,2.4269845485687256,2.4269845485687256,0,0.0,0.0
1995-07-14 00:00:00-04:00,2.4269845485687256,2.4269845485687256,2.4269845485687256,2.4269845485687256,0,0.0,0.0
1995-07-17 00:00:00-04:00,2.4269845485687256,2.4269845485687256,2.4269845485687256,2.4269845485687256,0,0.0,0.0
1995-07-18 00:00:00-04:00,2.3166678674197176,2.371826648712158,2.3166678674197176,2.371826648712158,1800,0.0,0.0
1995-07-19 00:00:00-04:00,2.371826648712158,2.371826648712158,2.371826648712158,2.371826648712158,0,0.0,0.0
1995-07-20 00:00:00-04:00,2.371826648712158,2.371826648712158,2.371826648712158,2.371826648712158,0,0.0,0.0
1995-07-21 00:00:00-04:00,2.371826648712158,2.371826648712158,2.371826648712158,2.371826648712158,0,0.0,0.0
1995-07-24 00:00:00-04:00,2.371826648712158,2.371826648712158,2.371826648712158,2.371826648712158,0,0.0,0.0
1995-07-25 00:00:00-04:00,2.316668130024488,2.3994059562683105,2.316668130024488,2.3994059562683105,10350,0.0,0.0
1995-07-26 00:00:00-04:00,2.316668130024488,2.3994059562683105,2.316668130024488,2.3994059562683105,7650,0.0,0.0
1995-07-27 00:00:00-04:00,2.3994059562683105,2.3994059562683105,2.3994059562683105,2.3994059562683105,0,0.0,0.0
1995-07-28 00:00:00-04:00,2.3994059562683105,2.3994059562683105,2.3994059562683105,2.3994059562683105,0,0.0,0.0
1995-07-31 00:00:00-04:00,2.3994059562683105,2.3994059562683105,2.3994059562683105,2.3994059562683105,0,0.0,0.0
1995-08-01 00:00:00-04:00,2.316668130024488,2.4269854683986405,2.316668130024488,2.3994059562683105,4950,0.0,0.0
1995-08-02 00:00:00-04:00,2.3994059562683105,2.3994059562683105,2.3994059562683105,2.3994059562683105,0,0.0,0.0
1995-08-03 00:00:00-04:00,2.3994059562683105,2.3994059562683105,2.3994059562683105,2.3994059562683105,0,0.0,0.0
1995-08-04 00:00:00-04:00,2.3994059562683105,2.3994059562683105,2.3994059562683105,2.3994059562683105,0,0.0,0.0
1995-08-07 00:00:00-04:00,2.4545644655772754,2.4545644655772754,2.371826648712158,2.371826648712158,2250,0.0,0.0
1995-08-08 00:00:00-04:00,2.371826648712158,2.371826648712158,2.371826648712158,2.371826648712158,0,0.0,0.0
1995-08-09 00:00:00-04:00,2.371826648712158,2.371826648712158,2.371826648712158,2.371826648712158,0,0.0,0.0
1995-08-10 00:00:00-04:00,2.4269845485687256,2.4269845485687256,2.4269845485687256,2.4269845485687256,900,0.0,0.0
1995-08-11 00:00:00-04:00,2.4269845485687256,2.4269845485687256,2.4269845485687256,2.4269845485687256,0,0.0,0.0
1995-08-14 00:00:00-04:00,2.4269845485687256,2.4269845485687256,2.4269845485687256,2.4269845485687256,0,0.0,0.0
1995-08-15 00:00:00-04:00,2.4269845485687256,2.4269845485687256,2.4269845485687256,2.4269845485687256,0,0.0,0.0
1995-08-16 00:00:00-04:00,2.4269845485687256,2.4269845485687256,2.4269845485687256,2.4269845485687256,0,0.0,0.0
1995-08-17 00:00:00-04:00,2.4269845485687256,2.4269845485687256,2.4269845485687256,2.4269845485687256,0,0.0,0.0
1995-08-18 00:00:00-04:00,2.482145071029663,2.482145071029663,2.482145071029663,2.482145071029663,1800,0.0,0.0
1995-08-21 00:00:00-04:00,2.4821436417345564,2.4821436417345564,2.3166675567626953,2.3166675567626953,10350,0.0,0.0
1995-08-22 00:00:00-04:00,2.3166675567626953,2.3166675567626953,2.3166675567626953,2.3166675567626953,0,0.0,0.0
1995-08-23 00:00:00-04:00,2.3166675567626953,2.3166675567626953,2.3166675567626953,2.3166675567626953,0,0.0,0.0
1995-08-24 00:00:00-04:00,2.482145071029663,2.482145071029663,2.482145071029663,2.482145071029663,450,0.0,0.0
1995-08-25 00:00:00-04:00,2.316668867376279,2.4821450459633003,2.316668867376279,2.4545655250549316,23850,0.0,0.0
1995-08-28 00:00:00-04:00,2.4545655498427776,2.482145071029663,2.4545655498427776,2.482145071029663,2250,0.0,0.0
1995-08-29 00:00:00-04:00,2.482145071029663,2.482145071029663,2.482145071029663,2.482145071029663,0,0.0,0.0
1995-08-30 00:00:00-04:00,2.482145071029663,2.482145071029663,2.482145071029663,2.482145071029663,0,0.0,0.0
1995-08-31 00:00:00-04:00,2.3166675567626953,2.3166675567626953,2.3166675567626953,2.3166675567626953,2250,0.0,0.0
1995-09-01 00:00:00-04:00,2.3166675567626953,2.3166675567626953,2.3166675567626953,2.3166675567626953,0,0.0,0.0
1995-09-05 00:00:00-04:00,2.440774738849423,2.440774738849423,2.3166675567626953,2.3166675567626953,6750,0.0,0.0
1995-09-06 00:00:00-04:00,2.426985193288903,2.4821439745813434,2.3166678674197176,2.371826648712158,33750,0.0,0.0
1995-09-07 00:00:00-04:00,2.482145071029663,2.482145071029663,2.482145071029663,2.482145071029663,450,0.0,0.0
1995-09-08 00:00:00-04:00,2.482145071029663,2.482145071029663,2.3166688907715525,2.482145071029663,48600,0.0,0.0
1995-09-11 00:00:00-04:00,2.4821439745813434,2.4821439745813434,2.371826648712158,2.371826648712158,9000,0.0,0.0
1995-09-12 00:00:00-04:00,2.371826648712158,2.371826648712158,2.371826648712158,2.371826648712158,0,0.0,0.0
1995-09-13 00:00:00-04:00,2.3718276964295226,2.482145071029663,2.3718276964295226,2.482145071029663,6750,0.0,0.0
1995-09-14 00:00:00-04:00,2.4821439745813434,2.4821439745813434,2.371826648712158,2.371826648712158,13500,0.0,0.0
1995-09-15 00:00:00-04:00,2.371826648712158,2.371826648712158,2.371826648712158,2.371826648712158,0,0.0,0.0
1995-09-18 00:00:00-04:00,2.371826648712158,2.371826648712158,2.371826648712158,2.371826648712158,0,0.0,0.0
1995-09-19 00:00:00-04:00,2.371826648712158,2.371826648712158,2.371826648712158,2.371826648712158,0,0.0,0.0
1995-09-20 00:00:00-04:00,2.371826648712158,2.371826648712158,2.371826648712158,2.371826648712158,0,0.0,0.0
1995-09-21 00:00:00-04:00,2.482145071029663,2.482145071029663,2.3994067441848075,2.482145071029663,27000,0.0,0.0
1995-09-22 00:00:00-04:00,2.4821446263438514,3.1992084980010986,2.4821446263438514,3.1992084980010986,55350,0.0,0.0
1995-09-25 00:00:00-04:00,2.923414406114755,2.923414406114755,2.868255853652954,2.868255853652954,11250,0.0,0.0
1995-09-26 00:00:00-04:00,2.8130970001220703,2.8130970001220703,2.8130970001220703,2.8130970001220703,900,0.0,0.0
1995-09-27 00:00:00-04:00,2.833094596862793,2.833094596862793,2.833094596862793,2.833094596862793,0,0.04,0.0
1995-09-28 00:00:00-04:00,2.860870361328125,2.860870361328125,2.860870361328125,2.860870361328125,1350,0.0,0.0
1995-09-29 00:00:00-04:00,3.1108481504532746,3.2219499297119305,2.833094179103518,3.1386239528656006,166050,0.0,0.0
1995-10-02 00:00:00-04:00,3.2497269602255514,3.2775025367736816,3.2497269602255514,3.2775025367736816,10350,0.0,0.0
1995-10-03 00:00:00-04:00,3.2775025367736816,3.2775025367736816,3.2775025367736816,3.2775025367736816,450,0.0,0.0
1995-10-04 00:00:00-04:00,3.1941751768084288,3.1941751768084288,3.083073616027832,3.083073616027832,6300,0.0,0.0
1995-10-05 00:00:00-04:00,3.083074518583667,3.110849618911743,3.083074518583667,3.110849618911743,1800,0.0,0.0
1995-10-06 00:00:00-04:00,3.110849618911743,3.110849618911743,3.110849618911743,3.110849618911743,0,0.0,0.0
1995-10-09 00:00:00-04:00,3.110849618911743,3.110849618911743,3.110849618911743,3.110849618911743,0,0.0,0.0
1995-10-10 00:00:00-04:00,3.110849618911743,3.110849618911743,3.110849618911743,3.110849618911743,0,0.0,0.0
1995-10-11 00:00:00-04:00,3.110849618911743,3.110849618911743,3.110849618911743,3.110849618911743,0,0.0,0.0
1995-10-12 00:00:00-04:00,3.124738131685665,3.1664011478424072,3.083075115528923,3.1664011478424072,50400,0.0,0.0
1995-10-13 00:00:00-04:00,3.083075115528923,3.1664011478424072,3.083075115528923,3.1664011478424072,59400,0.0,0.0
1995-10-16 00:00:00-04:00,3.1664011478424072,3.1664011478424072,3.083075115528923,3.1664011478424072,9450,0.0,0.0
1995-10-17 00:00:00-04:00,3.1664011478424072,3.1664011478424072,3.1664011478424072,3.1664011478424072,900,0.0,0.0
1995-10-18 00:00:00-04:00,3.1664011478424072,3.1664011478424072,3.1664011478424072,3.1664011478424072,0,0.0,0.0
1995-10-19 00:00:00-04:00,3.083075115528923,3.1664011478424072,3.0275241889213333,3.1664011478424072,29250,0.0,0.0
1995-10-20 00:00:00-04:00,3.1664011478424072,3.1664011478424072,3.1664011478424072,3.1664011478424072,0,0.0,0.0
1995-10-23 00:00:00-04:00,3.1664011478424072,3.1664011478424072,3.1664011478424072,3.1664011478424072,0,0.0,0.0
1995-10-24 00:00:00-04:00,3.1664011478424072,3.1664011478424072,3.1664011478424072,3.1664011478424072,0,0.0,0.0
1995-10-25 00:00:00-04:00,3.152513263422874,3.152513263422874,3.0275237560272217,3.0275237560272217,4500,0.0,0.0
1995-10-26 00:00:00-04:00,3.166400247163362,3.166400247163362,2.9997477531433105,2.9997477531433105,2700,0.0,0.0
1995-10-27 00:00:00-04:00,2.971971578450267,3.083073616027832,2.971971578450267,3.083073616027832,10800,0.0,0.0
1995-10-30 00:00:00-05:00,3.083073616027832,3.083073616027832,3.083073616027832,3.083073616027832,0,0.0,0.0
1995-10-31 00:00:00-05:00,3.096961668255252,3.096961668255252,2.9997477531433105,2.9997477531433105,8100,0.0,0.0
1995-11-01 00:00:00-05:00,2.944197416305542,2.944197416305542,2.944197416305542,2.944197416305542,450,0.0,0.0
1995-11-02 00:00:00-05:00,2.944197416305542,2.944197416305542,2.944197416305542,2.944197416305542,0,0.0,0.0
1995-11-03 00:00:00-05:00,2.944197416305542,2.944197416305542,2.944197416305542,2.944197416305542,0,0.0,0.0
1995-11-06 00:00:00-05:00,2.944197416305542,2.944197416305542,2.944197416305542,2.944197416305542,7650,0.0,0.0
1995-11-07 00:00:00-05:00,2.944197416305542,2.944197416305542,2.944197416305542,2.944197416305542,0,0.0,0.0
1995-11-08 00:00:00-05:00,2.944197416305542,2.944197416305542,2.944197416305542,2.944197416305542,0,0.0,0.0
1995-11-09 00:00:00-05:00,3.1664011478424072,3.1664011478424072,3.1664011478424072,3.1664011478424072,6300,0.0,0.0
1995-11-10 00:00:00-05:00,2.9441962478547388,3.083073616027832,2.9441962478547388,3.083073616027832,4500,0.0,0.0
1995-11-13 00:00:00-05:00,3.083073616027832,3.083073616027832,3.083073616027832,3.083073616027832,0,0.0,0.0
1995-11-14 00:00:00-05:00,3.083073616027832,3.083073616027832,3.083073616027832,3.083073616027832,0,0.0,0.0
1995-11-15 00:00:00-05:00,3.083073616027832,3.083073616027832,3.083073616027832,3.083073616027832,0,0.0,0.0
1995-11-16 00:00:00-05:00,3.083073616027832,3.083073616027832,3.083073616027832,3.083073616027832,0,0.0,0.0
1995-11-17 00:00:00-05:00,2.944197416305542,2.944197416305542,2.944197416305542,2.944197416305542,900,0.0,0.0
1995-11-20 00:00:00-05:00,2.944197416305542,2.944197416305542,2.944197416305542,2.944197416305542,0,0.0,0.0
1995-11-21 00:00:00-05:00,3.0691864739809445,3.0691864739809445,2.9441969784867044,3.0552988052368164,2700,0.0,0.0
1995-11-22 00:00:00-05:00,3.0552988052368164,3.0552988052368164,3.0552988052368164,3.0552988052368164,0,0.0,0.0
1995-11-24 00:00:00-05:00,3.0552988052368164,3.0552988052368164,3.0552988052368164,3.0552988052368164,0,0.0,0.0
1995-11-27 00:00:00-05:00,3.0552988052368164,3.0552988052368164,3.0552988052368164,3.0552988052368164,0,0.0,0.0
1995-11-28 00:00:00-05:00,3.0552988052368164,3.0552988052368164,3.0552988052368164,3.0552988052368164,0,0.0,0.0
1995-11-29 00:00:00-05:00,3.0552988052368164,3.0552988052368164,3.0552988052368164,3.0552988052368164,0,0.0,0.0
1995-11-30 00:00:00-05:00,3.110849618911743,3.110849618911743,3.110849618911743,3.110849618911743,450,0.0,0.0
1995-12-01 00:00:00-05:00,3.110849618911743,3.110849618911743,3.110849618911743,3.110849618911743,0,0.0,0.0
1995-12-04 00:00:00-05:00,3.110849618911743,3.110849618911743,3.110849618911743,3.110849618911743,0,0.0,0.0
1995-12-05 00:00:00-05:00,3.110849618911743,3.110849618911743,3.110849618911743,3.110849618911743,0,0.0,0.0
1995-12-06 00:00:00-05:00,3.110849618911743,3.110849618911743,3.110849618911743,3.110849618911743,450,0.0,0.0
1995-12-07 00:00:00-05:00,2.971972757924149,3.083074839594313,2.944197416305542,2.944197416305542,9900,0.0,0.0
1995-12-08 00:00:00-05:00,2.944197416305542,2.944197416305542,2.944197416305542,2.944197416305542,0,0.0,0.0
1995-12-11 00:00:00-05:00,3.0691864490509033,3.0691864490509033,3.0691864490509033,3.0691864490509033,1350,0.0,0.0
1995-12-12 00:00:00-05:00,3.0691864490509033,3.0691864490509033,3.0691864490509033,3.0691864490509033,0,0.0,0.0
1995-12-13 00:00:00-05:00,3.0691864490509033,3.0691864490509033,3.0691864490509033,3.0691864490509033,0,0.0,0.0
1995-12-14 00:00:00-05:00,3.0691864490509033,3.0691864490509033,3.0691864490509033,3.0691864490509033,0,0.0,0.0
1995-12-15 00:00:00-05:00,2.9441968423371163,3.0552986639495052,2.9441968423371163,2.9997477531433105,9000,0.0,0.0
1995-12-18 00:00:00-05:00,2.9997477531433105,2.9997477531433105,2.9997477531433105,2.9997477531433105,0,0.0,0.0
1995-12-19 00:00:00-05:00,2.9441962478547388,3.110848708224876,2.9441962478547388,3.083073616027832,22500,0.0,0.0
1995-12-20 00:00:00-05:00,2.944197416305542,2.944197416305542,2.944197416305542,2.944197416305542,10350,0.0,0.0
1995-12-21 00:00:00-05:00,2.944197416305542,2.944197416305542,2.944197416305542,2.944197416305542,0,0.0,0.0
1995-12-22 00:00:00-05:00,2.944197416305542,2.944197416305542,2.944197416305542,2.944197416305542,3600,0.0,0.0
1995-12-26 00:00:00-05:00,2.944197416305542,2.944197416305542,2.944197416305542,2.944197416305542,0,0.0,0.0
1995-12-27 00:00:00-05:00,2.936366282823722,2.964331810866858,2.8524704187810377,2.8804354667663574,8550,0.04,0.0
1995-12-28 00:00:00-05:00,3.0761929062797737,3.0761929062797737,2.85246992111206,2.8524699211120605,6750,0.0,0.0
1995-12-29 00:00:00-05:00,2.85246992111206,2.85246992111206,2.85246992111206,2.8524699211120605,0,0.0,0.0
1996-01-02 00:00:00-05:00,3.0202629566192627,3.0202629566192627,3.0202629566192627,3.0202629566192627,4050,0.0,0.0
1996-01-03 00:00:00-05:00,2.8524698735893734,3.0202620496624926,2.7965390682220463,2.796539068222046,15300,0.0,0.0
1996-01-04 00:00:00-05:00,2.7965390682220463,2.7965390682220463,2.7965390682220463,2.796539068222046,0,0.0,0.0
1996-01-05 00:00:00-05:00,2.7406077384948735,2.7406077384948735,2.6846769389302225,2.740607738494873,5400,0.0,0.0
1996-01-08 00:00:00-05:00,2.7406077384948735,2.7406077384948735,2.7406077384948735,2.740607738494873,0,0.0,0.0
1996-01-09 00:00:00-05:00,2.7406077384948735,2.7406077384948735,2.7406077384948735,2.740607738494873,0,0.0,0.0
1996-01-10 00:00:00-05:00,2.7406077384948735,2.7406077384948735,2.7406077384948735,2.740607738494873,0,0.0,0.0
1996-01-11 00:00:00-05:00,2.7406077384948735,2.7406077384948735,2.7406077384948735,2.740607738494873,0,0.0,0.0
1996-01-12 00:00:00-05:00,2.7406077384948735,2.7406077384948735,2.7406077384948735,2.740607738494873,0,0.0,0.0
1996-01-15 00:00:00-05:00,2.7406077384948735,2.7406077384948735,2.7406077384948735,2.740607738494873,0,0.0,0.0
1996-01-16 00:00:00-05:00,2.600781759052086,2.7126431465148926,2.600781759052086,2.7126431465148926,9900,0.0,0.0
1996-01-17 00:00:00-05:00,2.7406080684849043,2.85246992111206,2.7406080684849043,2.8524699211120605,9000,0.0,0.0
1996-01-18 00:00:00-05:00,2.8524698735893734,2.8524698735893734,2.7965390682220463,2.796539068222046,12600,0.0,0.0
1996-01-19 00:00:00-05:00,2.7965390682220463,2.7965390682220463,2.7965390682220463,2.796539068222046,0,0.0,0.0
1996-01-22 00:00:00-05:00,2.7965390682220463,2.7965390682220463,2.7965390682220463,2.796539068222046,0,0.0,0.0
1996-01-23 00:00:00-05:00,2.7965390682220463,2.7965390682220463,2.7965390682220463,2.796539068222046,0,0.0,0.0
1996-01-24 00:00:00-05:00,2.7965390682220463,2.7965390682220463,2.7965390682220463,2.796539068222046,0,0.0,0.0
1996-01-25 00:00:00-05:00,2.9084003772176636,2.9084003772176636,2.7406077384948735,2.740607738494873,10800,0.0,0.0
1996-01-26 00:00:00-05:00,2.684675455093384,2.684675455093384,2.684675455093384,2.684675455093384,900,0.0,0.0
1996-01-29 00:00:00-05:00,2.85246992111206,2.85246992111206,2.7406080684849043,2.8524699211120605,11250,0.0,0.0
1996-01-30 00:00:00-05:00,2.85246992111206,2.85246992111206,2.85246992111206,2.8524699211120605,0,0.0,0.0
1996-01-31 00:00:00-05:00,2.684675455093384,2.684675455093384,2.684675455093384,2.684675455093384,4500,0.0,0.0
1996-02-01 00:00:00-05:00,2.7406077384948735,2.7406077384948735,2.7406077384948735,2.740607738494873,3600,0.0,0.0
1996-02-02 00:00:00-05:00,2.7406077384948735,2.7406077384948735,2.7406077384948735,2.740607738494873,0,0.0,0.0
1996-02-05 00:00:00-05:00,2.7965390682220463,2.7965390682220463,2.7406080228258567,2.796539068222046,21150,0.0,0.0
1996-02-06 00:00:00-05:00,2.9084006789567005,2.9084006789567005,2.7685735455239513,2.796539068222046,10800,0.0,0.0
1996-02-07 00:00:00-05:00,2.7965390682220463,2.7965390682220463,2.7965390682220463,2.796539068222046,0,0.0,0.0
1996-02-08 00:00:00-05:00,2.7965390682220463,2.7965390682220463,2.7965390682220463,2.796539068222046,0,0.0,0.0
1996-02-09 00:00:00-05:00,2.7406080228258567,2.7965390682220463,2.7406080228258567,2.796539068222046,5400,0.0,0.0
1996-02-12 00:00:00-05:00,2.7965390682220463,2.7965390682220463,2.7965390682220463,2.796539068222046,0,0.0,0.0
1996-02-13 00:00:00-05:00,2.7406077384948735,2.7406077384948735,2.7406077384948735,2.740607738494873,1350,0.0,0.0
1996-02-14 00:00:00-05:00,2.7406077384948735,2.7406077384948735,2.7406077384948735,2.740607738494873,0,0.0,0.0
1996-02-15 00:00:00-05:00,2.7406077384948735,2.7406077384948735,2.7406077384948735,2.740607738494873,0,0.0,0.0
1996-02-16 00:00:00-05:00,2.7406077384948735,2.7406077384948735,2.7406077384948735,2.740607738494873,0,0.0,0.0
1996-02-20 00:00:00-05:00,2.7406077384948735,2.7406077384948735,2.7406077384948735,2.740607738494873,0,0.0,0.0
1996-02-21 00:00:00-05:00,2.85246992111206,2.85246992111206,2.712642785349765,2.8524699211120605,15750,0.0,0.0
1996-02-22 00:00:00-05:00,2.85246992111206,2.85246992111206,2.85246992111206,2.8524699211120605,0,0.0,0.0
1996-02-23 00:00:00-05:00,2.7406080684849043,2.85246992111206,2.7406080684849043,2.8524699211120605,9900,0.0,0.0
1996-02-26 00:00:00-05:00,2.85246992111206,2.85246992111206,2.85246992111206,2.8524699211120605,0,0.0,0.0
1996-02-27 00:00:00-05:00,2.85246992111206,2.85246992111206,2.85246992111206,2.8524699211120605,0,0.0,0.0
1996-02-28 00:00:00-05:00,2.838487386703491,2.838487386703491,2.838487386703491,2.838487386703491,4950,0.0,0.0
1996-02-29 00:00:00-05:00,2.768573522567749,2.880434892346019,2.768573522567749,2.768573522567749,13500,0.0,0.0
1996-03-01 00:00:00-05:00,2.768573522567749,2.768573522567749,2.768573522567749,2.768573522567749,0,0.0,0.0
1996-03-04 00:00:00-05:00,2.768573522567749,2.768573522567749,2.768573522567749,2.768573522567749,0,0.0,0.0
1996-03-05 00:00:00-05:00,2.796538620429283,2.908400213252219,2.796538620429283,2.8245038986206055,104400,0.0,0.0
1996-03-06 00:00:00-05:00,2.85246992111206,2.85246992111206,2.85246992111206,2.8524699211120605,2250,0.0,0.0
1996-03-07 00:00:00-05:00,2.866452693939209,2.866452693939209,2.866452693939209,2.866452693939209,900,0.0,0.0
1996-03-08 00:00:00-05:00,2.85246992111206,2.85246992111206,2.85246992111206,2.8524699211120605,900,0.0,0.0
1996-03-11 00:00:00-05:00,2.8384870849865185,2.9084007740020756,2.8384870849865185,2.908400774002075,3150,0.0,0.0
1996-03-12 00:00:00-05:00,2.9084007740020756,2.9084007740020756,2.9084007740020756,2.908400774002075,0,0.0,0.0
1996-03-13 00:00:00-05:00,2.9084007740020756,2.9084007740020756,2.9084007740020756,2.908400774002075,0,0.0,0.0
1996-03-14 00:00:00-05:00,2.9084007740020756,2.9084007740020756,2.9084007740020756,2.908400774002075,0,0.0,0.0
1996-03-15 00:00:00-05:00,2.866452693939209,2.866452693939209,2.866452693939209,2.866452693939209,1350,0.0,0.0
1996-03-18 00:00:00-05:00,2.845479965209961,2.845479965209961,2.845479965209961,2.845479965209961,1800,0.0,0.0
1996-03-19 00:00:00-05:00,2.824504443194955,2.9084007740020756,2.824504443194955,2.908400774002075,4050,0.0,0.0
1996-03-20 00:00:00-05:00,2.9084007740020756,2.9084007740020756,2.9084007740020756,2.908400774002075,0,0.0,0.0
1996-03-21 00:00:00-05:00,2.9084007740020756,2.9084007740020756,2.9084007740020756,2.908400774002075,0,0.0,0.0
1996-03-22 00:00:00-05:00,2.9084007740020756,2.9084007740020756,2.9084007740020756,2.908400774002075,0,0.0,0.0
1996-03-25 00:00:00-05:00,2.9084007740020756,2.9084007740020756,2.9084007740020756,2.908400774002075,5850,0.0,0.0
1996-03-26 00:00:00-05:00,2.880435466766358,2.880435466766358,2.880435466766358,2.8804354667663574,4500,0.0,0.0
1996-03-27 00:00:00-05:00,2.8828980922698975,2.8828980922698975,2.8828980922698975,2.8828980922698975,0,0.00489,0.0
1996-03-28 00:00:00-05:00,2.8828980922698975,2.8828980922698975,2.8828980922698975,2.8828980922698975,0,0.0,0.0
1996-03-29 00:00:00-05:00,2.8828980922698975,2.8828980922698975,2.8828980922698975,2.8828980922698975,13950,0.0,0.0
1996-04-01 00:00:00-05:00,2.910889124398389,2.938878094100594,2.854910464291282,2.8689048290252686,9900,0.0,0.0
1996-04-02 00:00:00-05:00,2.9388778209686275,2.9388778209686275,2.9388778209686275,2.938877820968628,4500,0.0,0.0
1996-04-03 00:00:00-05:00,2.9388778209686275,2.9388778209686275,2.9388778209686275,2.938877820968628,0,0.0,0.0
1996-04-04 00:00:00-05:00,2.9388778171879015,2.9388778171879015,2.826920747756958,2.826920747756958,4950,0.0,0.0
1996-04-08 00:00:00-04:00,2.826920747756958,2.826920747756958,2.826920747756958,2.826920747756958,0,0.0,0.0
1996-04-09 00:00:00-04:00,2.896894693374634,2.896894693374634,2.896894693374634,2.896894693374634,3150,0.0,0.0
1996-04-10 00:00:00-04:00,2.8828980922698975,2.8828980922698975,2.8828980922698975,2.8828980922698975,9000,0.0,0.0
1996-04-11 00:00:00-04:00,2.938876726324105,2.938876726324105,2.8828980922698975,2.8828980922698975,4050,0.0,0.0
1996-04-12 00:00:00-04:00,3.022845506668091,3.022845506668091,3.022845506668091,3.022845506668091,4500,0.0,0.0
1996-04-15 00:00:00-04:00,3.022845506668091,3.022845506668091,3.022845506668091,3.022845506668091,0,0.0,0.0
1996-04-16 00:00:00-04:00,3.022845506668091,3.022845506668091,3.022845506668091,3.022845506668091,0,0.0,0.0
1996-04-17 00:00:00-04:00,2.9668666518863973,3.1348023414611816,2.9668666518863973,3.1348023414611816,1350,0.0,0.0
1996-04-18 00:00:00-04:00,2.9948554039001465,2.9948554039001465,2.9948554039001465,2.9948554039001465,2250,0.0,0.0
1996-04-19 00:00:00-04:00,3.1348025419923204,3.1348025419923204,3.0928187370300297,3.0928187370300293,2700,0.0,0.0
1996-04-22 00:00:00-04:00,3.0928187370300297,3.0928187370300297,3.0928187370300297,3.0928187370300293,0,0.0,0.0
1996-04-23 00:00:00-04:00,3.0928187370300297,3.0928187370300297,3.0928187370300297,3.0928187370300293,0,0.0,0.0
1996-04-24 00:00:00-04:00,2.966867446899414,2.966867446899414,2.966867446899414,2.966867446899414,5850,0.0,0.0
1996-04-25 00:00:00-04:00,3.2467596280004782,3.358717154773935,3.1068133801775977,3.1348023414611816,27000,0.0,0.0
1996-04-26 00:00:00-04:00,3.134802714903994,3.302738904953003,3.134802714903994,3.302738904953003,10350,0.0,0.0
1996-04-29 00:00:00-04:00,3.4146969318389893,3.4146969318389893,3.4146969318389893,3.4146969318389893,900,0.0,0.0
1996-04-30 00:00:00-04:00,3.4146969318389893,3.4146969318389893,3.4146969318389893,3.4146969318389893,450,0.0,0.0
1996-05-01 00:00:00-04:00,3.4146969318389893,3.4146969318389893,3.4146969318389893,3.4146969318389893,0,0.0,0.0
1996-05-02 00:00:00-04:00,3.134802714903994,3.302738904953003,3.134802714903994,3.302738904953003,2700,0.0,0.0
1996-05-03 00:00:00-04:00,3.302738904953003,3.302738904953003,3.302738904953003,3.302738904953003,0,0.0,0.0
1996-05-06 00:00:00-04:00,3.1627900600433354,3.1627900600433354,3.1627900600433354,3.162790060043335,4500,0.0,0.0
1996-05-07 00:00:00-04:00,3.0788233280181885,3.0788233280181885,3.0788233280181885,3.0788233280181885,1800,0.0,0.0
1996-05-08 00:00:00-04:00,3.0788233280181885,3.0788233280181885,3.0788233280181885,3.0788233280181885,450,0.0,0.0
1996-05-09 00:00:00-04:00,3.0788233280181885,3.0788233280181885,3.0788233280181885,3.0788233280181885,0,0.0,0.0
1996-05-10 00:00:00-04:00,3.0788233280181885,3.0788233280181885,3.0788233280181885,3.0788233280181885,0,0.0,0.0
1996-05-13 00:00:00-04:00,3.0788233280181885,3.0788233280181885,3.0788233280181885,3.0788233280181885,0,0.0,0.0
1996-05-14 00:00:00-04:00,3.134802967433358,3.2327659130096436,3.134802967433358,3.2327659130096436,8550,0.0,0.0
1996-05-15 00:00:00-04:00,3.2327659130096436,3.2327659130096436,3.2327659130096436,3.2327659130096436,0,0.0,0.0
1996-05-16 00:00:00-04:00,3.2327659130096436,3.2327659130096436,3.2327659130096436,3.2327659130096436,0,0.0,0.0
1996-05-17 00:00:00-04:00,3.3307256453666905,3.3307256453666905,3.1627900600433354,3.162790060043335,4500,0.0,0.0
1996-05-20 00:00:00-04:00,3.1627900600433354,3.1627900600433354,3.1627900600433354,3.162790060043335,0,0.0,0.0
1996-05-21 00:00:00-04:00,3.162792120879859,3.3307278156280518,3.162792120879859,3.3307278156280518,5400,0.0,0.0
1996-05-22 00:00:00-04:00,3.3027393249561094,3.3027393249561094,3.21877121925354,3.21877121925354,6300,0.0,0.0
1996-05-23 00:00:00-04:00,3.3307278156280518,3.3307278156280518,3.3307278156280518,3.3307278156280518,1800,0.0,0.0
1996-05-24 00:00:00-04:00,3.246761017385692,3.2747504711151123,3.246761017385692,3.2747504711151123,9900,0.0,0.0
1996-05-28 00:00:00-04:00,3.3587175548912764,3.3587175548912764,3.302738904953003,3.302738904953003,1800,0.0,0.0
1996-05-29 00:00:00-04:00,3.2467600147805404,3.3587175548912764,3.2467600147805404,3.302738904953003,4050,0.0,0.0
1996-05-30 00:00:00-04:00,3.302738904953003,3.302738904953003,3.302738904953003,3.302738904953003,0,0.0,0.0
1996-05-31 00:00:00-04:00,3.302738904953003,3.302738904953003,3.302738904953003,3.302738904953003,0,0.0,0.0
1996-06-03 00:00:00-04:00,3.302738904953003,3.302738904953003,3.302738904953003,3.302738904953003,0,0.0,0.0
1996-06-04 00:00:00-04:00,3.302738904953003,3.302738904953003,3.302738904953003,3.302738904953003,0,0.0,0.0
1996-06-05 00:00:00-04:00,3.302738904953003,3.302738904953003,3.302738904953003,3.302738904953003,0,0.0,0.0
1996-06-06 00:00:00-04:00,3.3307277387618885,3.3307277387618885,3.2467596530914307,3.2467596530914307,18000,0.0,0.0
1996-06-07 00:00:00-04:00,3.2467596530914307,3.2467596530914307,3.2467596530914307,3.2467596530914307,0,0.0,0.0
1996-06-10 00:00:00-04:00,3.2467596530914307,3.2467596530914307,3.2467596530914307,3.2467596530914307,0,0.0,0.0
1996-06-11 00:00:00-04:00,3.2467596530914307,3.2467596530914307,3.2467596530914307,3.2467596530914307,0,0.0,0.0
1996-06-12 00:00:00-04:00,3.2887446584586897,3.358717918395996,3.2887446584586897,3.358717918395996,4050,0.0,0.0
1996-06-13 00:00:00-04:00,3.2467603661684055,3.358717918395996,3.2467603661684055,3.358717918395996,3600,0.0,0.0
1996-06-14 00:00:00-04:00,3.358717918395996,3.358717918395996,3.358717918395996,3.358717918395996,0,0.0,0.0
1996-06-17 00:00:00-04:00,3.358717918395996,3.358717918395996,3.358717918395996,3.358717918395996,0,0.0,0.0
1996-06-18 00:00:00-04:00,3.358717918395996,3.358717918395996,3.358717918395996,3.358717918395996,0,0.0,0.0
1996-06-19 00:00:00-04:00,3.358717918395996,3.358717918395996,3.358717918395996,3.358717918395996,0,0.0,0.0
1996-06-20 00:00:00-04:00,3.3027385370278437,3.3027385370278437,3.2467596530914307,3.2467596530914307,11250,0.0,0.0
1996-06-21 00:00:00-04:00,3.302738904953003,3.302738904953003,3.302738904953003,3.302738904953003,5850,0.0,0.0
1996-06-24 00:00:00-04:00,3.302738904953003,3.302738904953003,3.302738904953003,3.302738904953003,0,0.0,0.0
1996-06-25 00:00:00-04:00,3.302738904953003,3.302738904953003,3.302738904953003,3.302738904953003,0,0.0,0.0
1996-06-26 00:00:00-04:00,3.302738904953003,3.302738904953003,3.302738904953003,3.302738904953003,0,0.0,0.0
1996-06-27 00:00:00-04:00,3.327554702758789,3.327554702758789,3.327554702758789,3.327554702758789,0,0.04889,0.0
1996-06-28 00:00:00-04:00,3.3839542828758074,3.3839542828758074,3.2993552684783936,3.2993552684783936,2700,0.0,0.0
1996-07-01 00:00:00-04:00,3.2993552684783936,3.2993552684783936,3.2993552684783936,3.2993552684783936,0,0.0,0.0
1996-07-02 00:00:00-04:00,3.271155595779419,3.271155595779419,3.271155595779419,3.271155595779419,450,0.0,0.0
1996-07-03 00:00:00-04:00,3.271155595779419,3.271155595779419,3.271155595779419,3.271155595779419,0,0.0,0.0
1996-07-05 00:00:00-04:00,3.271155595779419,3.271155595779419,3.271155595779419,3.271155595779419,0,0.0,0.0
1996-07-08 00:00:00-04:00,3.341655015945434,3.341655015945434,3.341655015945434,3.3416550159454346,450,0.0,0.0
1996-07-09 00:00:00-04:00,3.341655015945434,3.341655015945434,3.341655015945434,3.3416550159454346,0,0.0,0.0
1996-07-10 00:00:00-04:00,3.341655015945434,3.341655015945434,3.341655015945434,3.3416550159454346,0,0.0,0.0
1996-07-11 00:00:00-04:00,3.341655015945434,3.341655015945434,3.341655015945434,3.3416550159454346,0,0.0,0.0
1996-07-12 00:00:00-04:00,3.341655015945434,3.341655015945434,3.341655015945434,3.3416550159454346,0,0.0,0.0
1996-07-15 00:00:00-04:00,3.327554702758789,3.327554702758789,3.327554702758789,3.327554702758789,900,0.0,0.0
1996-07-16 00:00:00-04:00,3.3275551014403106,3.3416546147966346,3.271155595779419,3.271155595779419,46800,0.0,0.0
1996-07-17 00:00:00-04:00,3.2711555199090276,3.3839542865753174,3.2711555199090276,3.3839542865753174,12600,0.0,0.0
1996-07-18 00:00:00-04:00,3.3839542865753174,3.3839542865753174,3.2711555199090276,3.3839542865753174,36900,0.0,0.0
1996-07-19 00:00:00-04:00,3.3839542865753174,3.3839542865753174,3.3839542865753174,3.3839542865753174,0,0.0,0.0
1996-07-22 00:00:00-04:00,3.383954365061936,3.383954365061936,3.271155595779419,3.271155595779419,2250,0.0,0.0
1996-07-23 00:00:00-04:00,3.271155595779419,3.271155595779419,3.271155595779419,3.271155595779419,0,0.0,0.0
1996-07-24 00:00:00-04:00,3.271155595779419,3.271155595779419,3.271155595779419,3.271155595779419,0,0.0,0.0
1996-07-25 00:00:00-04:00,3.271155595779419,3.271155595779419,3.271155595779419,3.271155595779419,0,0.0,0.0
1996-07-26 00:00:00-04:00,3.2993552720854153,3.3839542865753174,3.2711555199090276,3.3839542865753174,18450,0.0,0.0
1996-07-29 00:00:00-04:00,3.3839542865753174,3.3839542865753174,3.3839542865753174,3.3839542865753174,0,0.0,0.0
1996-07-30 00:00:00-04:00,3.3839542865753174,3.3839542865753174,3.3839542865753174,3.3839542865753174,0,0.0,0.0
1996-07-31 00:00:00-04:00,3.3839542865753174,3.3839542865753174,3.3839542865753174,3.3839542865753174,0,0.0,0.0
1996-08-01 00:00:00-04:00,3.3275551014403106,3.36985436762708,3.271155595779419,3.271155595779419,24300,0.0,0.0
1996-08-02 00:00:00-04:00,3.271155595779419,3.271155595779419,3.271155595779419,3.271155595779419,0,0.0,0.0
1996-08-05 00:00:00-04:00,3.271155595779419,3.271155595779419,3.271155595779419,3.271155595779419,0,0.0,0.0
1996-08-06 00:00:00-04:00,3.1583566212963814,3.355754137039185,3.1583566212963814,3.3557541370391846,2250,0.0,0.0
1996-08-07 00:00:00-04:00,3.158358097076416,3.158358097076416,3.158358097076416,3.158358097076416,450,0.0,0.0
1996-08-08 00:00:00-04:00,3.2077076435089116,3.2077076435089116,3.2077076435089116,3.207707643508911,1350,0.0,0.0
1996-08-09 00:00:00-04:00,3.221806526184082,3.221806526184082,3.221806526184082,3.221806526184082,2250,0.0,0.0
1996-08-12 00:00:00-04:00,3.285256421040537,3.285256421040537,3.158358097076416,3.158358097076416,3600,0.0,0.0
1996-08-13 00:00:00-04:00,3.158358097076416,3.158358097076416,3.158358097076416,3.158358097076416,0,0.0,0.0
1996-08-14 00:00:00-04:00,3.1160576343536377,3.1160576343536377,3.1160576343536377,3.1160576343536377,450,0.0,0.0
1996-08-15 00:00:00-04:00,3.1583579251376968,3.214757204055786,3.1583579251376968,3.214757204055786,4500,0.0,0.0
1996-08-16 00:00:00-04:00,3.214757204055786,3.214757204055786,3.214757204055786,3.214757204055786,0,0.0,0.0
1996-08-19 00:00:00-04:00,3.2147573790648414,3.2147573790648414,3.158358097076416,3.158358097076416,9450,0.0,0.0
1996-08-20 00:00:00-04:00,3.172458099103031,3.172458099103031,3.158358097076416,3.158358097076416,2700,0.0,0.0
1996-08-21 00:00:00-04:00,3.3275551014403106,3.3275551014403106,3.271155595779419,3.271155595779419,4050,0.0,0.0
1996-08-22 00:00:00-04:00,3.3839537587047848,3.553151277212568,3.271155009634225,3.4967520236968994,20250,0.0,0.0
1996-08-23 00:00:00-04:00,3.503802938098488,3.553152084350586,3.503802938098488,3.553152084350586,1800,0.0,0.0
1996-08-26 00:00:00-04:00,3.553152084350586,3.553152084350586,3.553152084350586,3.553152084350586,4500,0.0,0.0
1996-08-27 00:00:00-04:00,3.6377515732202395,3.722350120544433,3.6377515732202395,3.7223501205444336,6750,0.0,0.0
1996-08-28 00:00:00-04:00,3.7223487957203516,3.7223487957203516,3.4967520236968994,3.4967520236968994,1800,0.0,0.0
1996-08-29 00:00:00-04:00,3.496754349899012,3.7223512719999317,3.44035530090332,3.4403553009033203,2250,0.0,0.0
1996-08-30 00:00:00-04:00,3.722350300016431,3.722350300016431,3.581352472305298,3.581352472305298,22500,0.0,0.0
1996-09-03 00:00:00-04:00,3.581352472305298,3.581352472305298,3.581352472305298,3.581352472305298,0,0.0,0.0
1996-09-04 00:00:00-04:00,3.6659495422046833,3.6659495422046833,3.4967520236968994,3.4967520236968994,9000,0.0,0.0
1996-09-05 00:00:00-04:00,3.4967520236968994,3.4967520236968994,3.4967520236968994,3.4967520236968994,0,0.0,0.0
1996-09-06 00:00:00-04:00,3.4967520236968994,3.4967520236968994,3.4967520236968994,3.4967520236968994,0,0.0,0.0
1996-09-09 00:00:00-04:00,3.4967520236968994,3.4967520236968994,3.4967520236968994,3.4967520236968994,0,0.0,0.0
1996-09-10 00:00:00-04:00,3.665950374966087,3.665950374966087,3.553152084350586,3.553152084350586,3600,0.0,0.0
1996-09-11 00:00:00-04:00,3.553152084350586,3.553152084350586,3.553152084350586,3.553152084350586,0,0.0,0.0
1996-09-12 00:00:00-04:00,3.553152084350586,3.553152084350586,3.553152084350586,3.553152084350586,0,0.0,0.0
1996-09-13 00:00:00-04:00,3.4967520236968994,3.4967520236968994,3.4967520236968994,3.4967520236968994,2700,0.0,0.0
1996-09-16 00:00:00-04:00,3.609550825198915,3.8351478576660156,3.609550825198915,3.8351478576660156,5400,0.0,2.0
1996-09-17 00:00:00-04:00,3.8069482422847436,3.8069482422847436,3.609550952911377,3.609550952911377,5625,0.0,0.0
1996-09-18 00:00:00-04:00,3.722350120544433,3.722350120544433,3.4403542366791946,3.7223501205444336,1575,0.0,0.0
1996-09-19 00:00:00-04:00,3.722350120544433,3.722350120544433,3.722350120544433,3.7223501205444336,0,0.0,0.0
1996-09-20 00:00:00-04:00,3.7223493763778848,3.7223493763778848,3.2711555199090276,3.3839542865753174,27900,0.0,0.0
1996-09-23 00:00:00-04:00,3.271155595779419,3.271155595779419,3.271155595779419,3.271155595779419,450,0.0,0.0
1996-09-24 00:00:00-04:00,3.5249538743968585,3.5249538743968585,3.271157185758709,3.4403553009033203,1575,0.0,0.0
1996-09-25 00:00:00-04:00,3.44035530090332,3.44035530090332,3.44035530090332,3.4403553009033203,0,0.0,0.0
1996-09-26 00:00:00-04:00,3.6357779502868652,3.6357779502868652,3.6357779502868652,3.6357779502868652,1125,0.04889,0.0
1996-09-27 00:00:00-04:00,3.6357779502868652,3.6357779502868652,3.6357779502868652,3.6357779502868652,0,0.0,0.0
1996-09-30 00:00:00-04:00,3.6357779502868652,3.6357779502868652,3.6357779502868652,3.6357779502868652,0,0.0,0.0
1996-10-01 00:00:00-04:00,3.6357779502868652,3.6357779502868652,3.6357779502868652,3.6357779502868652,450,0.0,0.0
1996-10-02 00:00:00-04:00,3.6357779502868652,3.6357779502868652,3.6357779502868652,3.6357779502868652,0,0.0,0.0
1996-10-03 00:00:00-04:00,3.6357779502868652,3.6357779502868652,3.6357779502868652,3.6357779502868652,1350,0.0,0.0
1996-10-04 00:00:00-04:00,3.3517322540283203,3.38013665515325,3.3517322540283203,3.3517322540283203,6075,0.0,0.0
1996-10-07 00:00:00-04:00,3.3517322540283203,3.3517322540283203,3.3517322540283203,3.3517322540283203,0,0.0,0.0
1996-10-08 00:00:00-04:00,3.351731980712385,3.5221588611602783,3.351731980712385,3.5221588611602783,6750,0.0,0.0
1996-10-09 00:00:00-04:00,3.5221588611602783,3.5221588611602783,3.5221588611602783,3.5221588611602783,0,0.0,0.0
1996-10-10 00:00:00-04:00,3.5221588611602783,3.5221588611602783,3.5221588611602783,3.5221588611602783,0,0.0,0.0
1996-10-11 00:00:00-04:00,3.5221588611602783,3.5221588611602783,3.5221588611602783,3.5221588611602783,0,0.0,0.0
1996-10-14 00:00:00-04:00,3.5221588611602783,3.5221588611602783,3.5221588611602783,3.5221588611602783,0,0.0,0.0
1996-10-15 00:00:00-04:00,3.6357778993755545,3.6357778993755545,3.4085419178009033,3.4085419178009033,11250,0.0,0.0
1996-10-16 00:00:00-04:00,3.4085419178009033,3.4085419178009033,3.4085419178009033,3.4085419178009033,0,0.0,0.0
1996-10-17 00:00:00-04:00,3.4085419178009033,3.4085419178009033,3.4085419178009033,3.4085419178009033,0,0.0,0.0
1996-10-18 00:00:00-04:00,3.4085419178009033,3.4085419178009033,3.4085419178009033,3.4085419178009033,0,0.0,0.0
1996-10-21 00:00:00-04:00,3.4085419178009033,3.4085419178009033,3.4085419178009033,3.4085419178009033,0,0.0,0.0
1996-10-22 00:00:00-04:00,3.4085419178009033,3.4085419178009033,3.4085419178009033,3.4085419178009033,0,0.0,0.0
1996-10-23 00:00:00-04:00,3.4085419178009033,3.4085419178009033,3.4085419178009033,3.4085419178009033,0,0.0,0.0
1996-10-24 00:00:00-04:00,3.4085419178009033,3.4085419178009033,3.4085419178009033,3.4085419178009033,0,0.0,0.0
1996-10-25 00:00:00-04:00,3.749396800994873,3.749396800994873,3.749396800994873,3.749396800994873,450,0.0,0.0
1996-10-28 00:00:00-05:00,3.5221592390047682,3.7493951852449556,3.5221592390047682,3.5789682865142822,9900,0.0,0.0
1996-10-29 00:00:00-05:00,3.749396800994873,3.749396800994873,3.749396800994873,3.749396800994873,450,0.0,0.0
1996-10-30 00:00:00-05:00,3.6925857067108154,3.6925857067108154,3.6925857067108154,3.6925857067108154,675,0.0,0.0
1996-10-31 00:00:00-05:00,3.6925857067108154,3.6925857067108154,3.6925857067108154,3.6925857067108154,0,0.0,0.0
1996-11-01 00:00:00-05:00,3.6357769439907672,3.6357769439907672,3.5221588611602783,3.5221588611602783,1350,0.0,0.0
1996-11-04 00:00:00-05:00,3.5221588611602783,3.5221588611602783,3.5221588611602783,3.5221588611602783,0,0.0,0.0
1996-11-05 00:00:00-05:00,3.5221588611602783,3.5221588611602783,3.5221588611602783,3.5221588611602783,0,0.0,0.0
1996-11-06 00:00:00-05:00,3.692586137735442,3.692586137735442,3.578968286514282,3.5789682865142822,7650,0.0,0.0
1996-11-07 00:00:00-05:00,3.692586137735442,3.692586137735442,3.578968286514282,3.5789682865142822,900,0.0,0.0
1996-11-08 00:00:00-05:00,3.692586137735442,3.692586137735442,3.578968286514282,3.5789682865142822,900,0.0,0.0
1996-11-11 00:00:00-05:00,3.5221588611602783,3.5221588611602783,3.5221588611602783,3.5221588611602783,900,0.0,0.0
1996-11-12 00:00:00-05:00,3.5221588611602783,3.5221588611602783,3.5221588611602783,3.5221588611602783,0,0.0,0.0
1996-11-13 00:00:00-05:00,3.5221588611602783,3.5221588611602783,3.5221588611602783,3.5221588611602783,0,0.0,0.0
1996-11-14 00:00:00-05:00,3.5221588611602783,3.5221588611602783,3.5221588611602783,3.5221588611602783,0,0.0,0.0
1996-11-15 00:00:00-05:00,3.6925857067108154,3.6925857067108154,3.6925857067108154,3.6925857067108154,1575,0.0,0.0
1996-11-18 00:00:00-05:00,3.6925857067108154,3.6925857067108154,3.6925857067108154,3.6925857067108154,0,0.0,0.0
1996-11-19 00:00:00-05:00,3.6925857067108154,3.6925857067108154,3.6925857067108154,3.6925857067108154,0,0.0,0.0
1996-11-20 00:00:00-05:00,3.6925857067108154,3.6925857067108154,3.6925857067108154,3.6925857067108154,0,0.0,0.0
1996-11-21 00:00:00-05:00,3.6925846022954945,3.80620265007019,3.5221577744312156,3.8062026500701904,11475,0.0,0.0
1996-11-22 00:00:00-05:00,3.863013073143739,3.863013073143739,3.6925857067108154,3.6925857067108154,9900,0.0,0.0
1996-11-25 00:00:00-05:00,3.863013982772827,3.863013982772827,3.863013982772827,3.863013982772827,3150,0.0,0.0
1996-11-26 00:00:00-05:00,3.863013982772827,3.863013982772827,3.692586576209133,3.863013982772827,11025,0.0,0.0
1996-11-27 00:00:00-05:00,3.976631641387939,3.976631641387939,3.863013545731567,3.9766316413879395,14175,0.0,0.0
1996-11-29 00:00:00-05:00,3.976631641387939,3.976631641387939,3.976631641387939,3.9766316413879395,0,0.0,0.0
1996-12-02 00:00:00-05:00,4.090251089583227,4.090251089583227,3.9198241233825684,3.9198241233825684,2250,0.0,0.0
1996-12-03 00:00:00-05:00,3.9198241233825684,3.9198241233825684,3.9198241233825684,3.9198241233825684,900,0.0,0.0
1996-12-04 00:00:00-05:00,3.9198241233825684,3.9198241233825684,3.9198241233825684,3.9198241233825684,2250,0.0,0.0
1996-12-05 00:00:00-05:00,4.090249493246443,4.203867588902814,3.976631641387939,3.9766316413879395,9900,0.0,0.0
1996-12-06 00:00:00-05:00,3.976631045172708,4.203866958618164,3.976631045172708,4.203866958618164,6075,0.0,0.0
1996-12-09 00:00:00-05:00,4.203866958618164,4.203866958618164,4.203866958618164,4.203866958618164,0,0.0,0.0
1996-12-10 00:00:00-05:00,4.203866958618164,4.203866958618164,4.203866958618164,4.203866958618164,0,0.0,0.0
1996-12-11 00:00:00-05:00,4.0902485847473145,4.0902485847473145,4.0902485847473145,4.0902485847473145,2025,0.0,0.0
1996-12-12 00:00:00-05:00,4.147057056427002,4.147057056427002,4.147057056427002,4.147057056427002,4500,0.0,0.0
1996-12-13 00:00:00-05:00,4.147057056427002,4.147057056427002,4.147057056427002,4.147057056427002,2250,0.0,0.0
1996-12-16 00:00:00-05:00,4.147057056427002,4.147057056427002,4.147057056427002,4.147057056427002,0,0.0,0.0
1996-12-17 00:00:00-05:00,4.31748628616333,4.31748628616333,4.31748628616333,4.31748628616333,225,0.0,0.0
1996-12-18 00:00:00-05:00,4.289082233555553,4.3742959460910695,4.260677337646484,4.260677337646484,31725,0.0,0.0
1996-12-19 00:00:00-05:00,4.431103706359863,4.431103706359863,4.431103706359863,4.431103706359863,225,0.0,0.0
1996-12-20 00:00:00-05:00,4.431103706359863,4.431103706359863,4.431103706359863,4.431103706359863,0,0.0,0.0
1996-12-23 00:00:00-05:00,4.431103706359863,4.431103706359863,4.431103706359863,4.431103706359863,1125,0.0,0.0
1996-12-24 00:00:00-05:00,4.431103706359863,4.431103706359863,4.431103706359863,4.431103706359863,0,0.0,0.0
1996-12-26 00:00:00-05:00,4.431103706359863,4.431103706359863,4.431103706359863,4.431103706359863,0,0.0,0.0
1996-12-27 00:00:00-05:00,4.456241607666016,4.456241607666016,4.456241607666016,4.456241607666016,3375,0.04889,0.0
1996-12-30 00:00:00-05:00,4.456241607666016,4.456241607666016,4.456241607666016,4.456241607666016,450,0.0,0.0
1996-12-31 00:00:00-05:00,4.227715492248535,4.227715492248535,4.227715492248535,4.227715492248535,450,0.0,0.0
1997-01-02 00:00:00-05:00,4.4562436558026635,4.570506363937308,4.341980457305908,4.341980457305908,9450,0.0,0.0
1997-01-03 00:00:00-05:00,4.570506363937308,4.570506363937308,4.341980457305908,4.341980457305908,450,0.0,0.0
1997-01-06 00:00:00-05:00,4.6847662925720215,4.6847662925720215,4.541938099785008,4.6847662925720215,7200,0.0,0.0
1997-01-07 00:00:00-05:00,4.399110397359867,4.6847662925720215,4.341978335666067,4.6847662925720215,12375,0.0,0.0
1997-01-08 00:00:00-05:00,4.684766486152296,4.741898059844971,4.684766486152296,4.741898059844971,3825,0.0,0.0
1997-01-09 00:00:00-05:00,4.684766143460266,5.1989478172723365,4.684766143460266,4.913291931152344,11475,0.0,0.0
1997-01-10 00:00:00-05:00,4.8561604360770705,4.8561604360770705,4.799029350280762,4.799029350280762,2925,0.0,0.0
1997-01-13 00:00:00-05:00,4.799027788104513,5.141815662384033,4.799027788104513,5.141815662384033,7200,0.0,0.0
1997-01-14 00:00:00-05:00,4.799029350280762,4.799029350280762,4.799029350280762,4.799029350280762,3150,0.0,0.0
1997-01-15 00:00:00-05:00,4.970423221588135,4.970423221588135,4.970423221588135,4.970423221588135,2700,0.0,0.0
1997-01-16 00:00:00-05:00,4.970423221588135,4.970423221588135,4.970423221588135,4.970423221588135,0,0.0,0.0
1997-01-17 00:00:00-05:00,4.970423221588135,4.970423221588135,4.970423221588135,4.970423221588135,0,0.0,0.0
1997-01-20 00:00:00-05:00,5.141815662384033,5.141815662384033,5.141815662384033,5.141815662384033,225,0.0,0.0
1997-01-21 00:00:00-05:00,4.856158855303556,5.141815662384033,4.856158855303556,5.141815662384033,4500,0.0,0.0
1997-01-22 00:00:00-05:00,5.19894552230835,5.19894552230835,5.19894552230835,5.19894552230835,225,0.0,0.0
1997-01-23 00:00:00-05:00,5.19894552230835,5.19894552230835,5.19894552230835,5.19894552230835,450,0.0,0.0
1997-01-24 00:00:00-05:00,5.19894552230835,5.19894552230835,5.19894552230835,5.19894552230835,0,0.0,0.0
1997-01-27 00:00:00-05:00,5.19894552230835,5.19894552230835,5.19894552230835,5.19894552230835,0,0.0,0.0
1997-01-28 00:00:00-05:00,4.79902795196543,5.1418158379493075,4.79902795196543,4.998987674713135,11025,0.0,0.0
1997-01-29 00:00:00-05:00,5.027551651000977,5.027551651000977,5.027551651000977,5.027551651000977,450,0.0,0.0
1997-01-30 00:00:00-05:00,5.027551651000977,5.027551651000977,5.027551651000977,5.027551651000977,0,0.0,0.0
1997-01-31 00:00:00-05:00,5.141817365418451,5.141817365418451,5.084686279296875,5.084686279296875,2250,0.0,0.0
1997-02-03 00:00:00-05:00,5.141815662384033,5.141815662384033,5.141815662384033,5.141815662384033,225,0.0,0.0
1997-02-04 00:00:00-05:00,5.141817365418451,5.227514484962731,5.084686279296875,5.084686279296875,6300,0.0,0.0
1997-02-05 00:00:00-05:00,5.256080627441407,5.256080627441407,5.256080627441407,5.256080627441406,1350,0.0,0.0
1997-02-06 00:00:00-05:00,5.256080627441407,5.256080627441407,5.256080627441407,5.256080627441406,0,0.0,0.0
1997-02-07 00:00:00-05:00,5.313211720078369,5.5417370713501635,5.256080627441407,5.256080627441406,14625,0.0,0.0
1997-02-10 00:00:00-05:00,5.370343685150146,5.370343685150146,5.370343685150146,5.3703436851501465,1125,0.0,0.0
1997-02-11 00:00:00-05:00,5.598868805027302,5.798828125,5.427475032141849,5.798828125,17325,0.0,0.0
1997-02-12 00:00:00-05:00,5.798828125,5.798828125,5.798828125,5.798828125,450,0.0,0.0
1997-02-13 00:00:00-05:00,5.827391624450684,5.827391624450684,5.827391624450684,5.827391624450684,450,0.0,0.0
1997-02-14 00:00:00-05:00,5.427475929260253,5.427475929260253,5.427475929260253,5.427475929260254,2250,0.0,0.0
1997-02-18 00:00:00-05:00,5.884523936768746,5.884523936768746,5.7131301880432614,5.770261764526367,3600,0.0,0.0
1997-02-19 00:00:00-05:00,5.770261764526367,5.770261764526367,5.770261764526367,5.770261764526367,0,0.0,0.0
1997-02-20 00:00:00-05:00,5.713128985889477,5.827391624450684,5.598866837690083,5.827391624450684,4950,0.0,0.0
1997-02-21 00:00:00-05:00,5.8845248222351065,5.8845248222351065,5.8845248222351065,5.884524822235107,675,0.0,0.0
1997-02-24 00:00:00-05:00,5.8845248222351065,5.8845248222351065,5.8845248222351065,5.884524822235107,0,0.0,0.0
1997-02-25 00:00:00-05:00,5.8845248222351065,5.8845248222351065,5.8845248222351065,5.884524822235107,1575,0.0,0.0
1997-02-26 00:00:00-05:00,5.484602928161621,5.484602928161621,5.484602928161621,5.484602928161621,900,0.0,0.0
1997-02-27 00:00:00-05:00,5.59886604430944,6.170178665796488,5.59886604430944,6.1130475997924805,2925,0.0,0.0
1997-02-28 00:00:00-05:00,6.170180927623402,6.170180927623402,5.655999183654785,5.655999183654785,2025,0.0,0.0
1997-03-03 00:00:00-05:00,5.655999183654785,5.655999183654785,5.655999183654785,5.655999183654785,0,0.0,0.0
1997-03-04 00:00:00-05:00,6.1701795401343045,6.1701795401343045,5.827391624450684,5.827391624450684,1800,0.0,0.0
1997-03-05 00:00:00-05:00,5.655999183654785,5.655999183654785,5.655999183654785,5.655999183654785,450,0.0,0.0
1997-03-06 00:00:00-05:00,5.655999183654785,5.655999183654785,5.655999183654785,5.655999183654785,0,0.0,0.0
1997-03-07 00:00:00-05:00,6.1130475997924805,6.1130475997924805,6.1130475997924805,6.1130475997924805,225,0.0,0.0
1997-03-10 00:00:00-05:00,6.1130475997924805,6.1130475997924805,6.1130475997924805,6.1130475997924805,0,0.0,0.0
1997-03-11 00:00:00-05:00,6.1130508457263835,6.1130508457263835,5.941657066345215,5.941657066345215,450,0.0,0.0
1997-03-12 00:00:00-05:00,5.941657066345215,5.941657066345215,5.941657066345215,5.941657066345215,0,0.0,0.0
1997-03-13 00:00:00-05:00,6.1130475997924805,6.1130475997924805,6.1130475997924805,6.1130475997924805,450,0.0,0.0
1997-03-14 00:00:00-05:00,6.1130475997924805,6.1130475997924805,6.1130475997924805,6.1130475997924805,0,0.0,0.0
1997-03-17 00:00:00-05:00,5.655999183654785,5.655999183654785,5.655999183654785,5.655999183654785,225,0.0,0.0
1997-03-18 00:00:00-05:00,5.655999183654785,5.655999183654785,5.655999183654785,5.655999183654785,0,0.0,0.0
1997-03-19 00:00:00-05:00,5.8845248222351065,5.8845248222351065,5.8845248222351065,5.884524822235107,900,0.0,0.0
1997-03-20 00:00:00-05:00,5.655999183654785,5.655999183654785,5.541736519399323,5.655999183654785,9675,0.0,0.0
1997-03-21 00:00:00-05:00,5.484602928161621,5.484602928161621,5.484602928161621,5.484602928161621,2475,0.0,0.0
1997-03-24 00:00:00-05:00,5.484602928161621,5.484602928161621,5.484602928161621,5.484602928161621,0,0.0,0.0
1997-03-25 00:00:00-05:00,5.427470691126402,5.5988643269272975,5.370338661923449,5.5417327880859375,9000,0.0,0.0
1997-03-26 00:00:00-05:00,5.571604251861572,5.571604251861572,5.571604251861572,5.571604251861572,0,0.05778,0.0
1997-03-27 00:00:00-05:00,5.399287700653076,5.399287700653076,5.399287700653076,5.399287700653076,1125,0.0,0.0
1997-03-31 00:00:00-05:00,5.370572090148927,5.686487863449347,5.370572090148927,5.370572090148926,4500,0.0,0.0
1997-04-01 00:00:00-05:00,5.399287700653076,5.399287700653076,5.399287700653076,5.399287700653076,450,0.0,0.0
1997-04-02 00:00:00-05:00,5.284409669005165,5.399287700653076,5.284409669005165,5.399287700653076,2025,0.0,0.0
1997-04-03 00:00:00-05:00,5.399287700653076,5.399287700653076,5.399287700653076,5.399287700653076,0,0.0,0.0
1997-04-04 00:00:00-05:00,5.399287700653076,5.399287700653076,5.399287700653076,5.399287700653076,0,0.0,0.0
1997-04-07 00:00:00-04:00,5.284409669005165,5.399287700653076,5.226970160176301,5.399287700653076,4950,0.0,0.0
1997-04-08 00:00:00-04:00,5.571604251861572,5.571604251861572,5.571604251861572,5.571604251861572,225,0.0,0.0
1997-04-09 00:00:00-04:00,5.284407950053027,5.629043411905859,5.284407950053027,5.514164924621582,4950,0.0,0.0
1997-04-10 00:00:00-04:00,5.514164924621582,5.514164924621582,5.514164924621582,5.514164924621582,0,0.0,0.0
1997-04-11 00:00:00-04:00,5.514164924621582,5.514164924621582,5.514164924621582,5.514164924621582,0,0.0,0.0
1997-04-14 00:00:00-04:00,5.169529914855957,5.169529914855957,5.169529914855957,5.169529914855957,1350,0.0,0.0
1997-04-15 00:00:00-04:00,5.514164027520649,5.514164027520649,5.11208963394165,5.11208963394165,2250,0.0,0.0
1997-04-16 00:00:00-04:00,5.11208963394165,5.11208963394165,5.11208963394165,5.11208963394165,0,0.0,0.0
1997-04-17 00:00:00-04:00,5.11208963394165,5.11208963394165,5.11208963394165,5.11208963394165,0,0.0,0.0
1997-04-18 00:00:00-04:00,5.11208963394165,5.11208963394165,5.11208963394165,5.11208963394165,0,0.0,0.0
1997-04-21 00:00:00-04:00,5.2269717130699505,5.2269717130699505,5.054654121398926,5.054654121398926,900,0.0,0.0
1997-04-22 00:00:00-04:00,5.054654121398926,5.054654121398926,5.054654121398926,5.054654121398926,0,0.0,0.0
1997-04-23 00:00:00-04:00,5.11208963394165,5.11208963394165,5.11208963394165,5.11208963394165,2250,0.0,0.0
1997-04-24 00:00:00-04:00,5.11208963394165,5.11208963394165,5.11208963394165,5.11208963394165,0,0.0,0.0
1997-04-25 00:00:00-04:00,5.11208963394165,5.11208963394165,5.11208963394165,5.11208963394165,0,0.0,0.0
1997-04-28 00:00:00-04:00,4.99721336364746,5.31312892150221,4.99721336364746,4.997213363647461,6525,0.0,0.0
1997-04-29 00:00:00-04:00,5.226971626281737,5.226971626281737,5.226971626281737,5.226971626281738,2250,0.0,0.0
1997-04-30 00:00:00-04:00,4.997211165346984,5.11208963394165,4.997211165346984,5.11208963394165,1800,0.0,0.0
1997-05-01 00:00:00-04:00,5.399289304740975,5.399289304740975,5.054654121398926,5.054654121398926,31275,0.0,0.0
1997-05-02 00:00:00-04:00,5.054654121398926,5.054654121398926,5.054654121398926,5.054654121398926,0,0.0,0.0
1997-05-05 00:00:00-04:00,5.112092128528389,5.399287700653076,5.054652619699525,5.399287700653076,17775,0.0,0.0
1997-05-06 00:00:00-04:00,5.399287700653076,5.399287700653076,5.399287700653076,5.399287700653076,0,0.0,0.0
1997-05-07 00:00:00-04:00,5.255688911105153,5.399286416512496,5.169529914855957,5.169529914855957,2475,0.0,0.0
1997-05-08 00:00:00-04:00,5.399291123260976,5.399291123260976,5.370572090148927,5.370572090148926,2250,0.0,0.0
1997-05-09 00:00:00-04:00,5.370572090148927,5.370572090148927,5.370572090148927,5.370572090148926,0,0.0,0.0
1997-05-12 00:00:00-04:00,5.370572090148927,5.370572090148927,5.370572090148927,5.370572090148926,0,0.0,0.0
1997-05-13 00:00:00-04:00,5.370572090148927,5.370572090148927,5.370572090148927,5.370572090148926,0,0.0,0.0
1997-05-14 00:00:00-04:00,5.399287700653076,5.399287700653076,5.399287700653076,5.399287700653076,900,0.0,0.0
1997-05-15 00:00:00-04:00,5.399291123260976,5.399291123260976,5.370572090148927,5.370572090148926,450,0.0,0.0
1997-05-16 00:00:00-04:00,5.370572090148927,5.370572090148927,5.370572090148927,5.370572090148926,0,0.0,0.0
1997-05-19 00:00:00-04:00,5.112091478399802,5.284408996962153,5.112091478399802,5.140810489654541,4950,0.0,0.0
1997-05-20 00:00:00-04:00,5.226970160176301,5.399287700653076,5.226970160176301,5.399287700653076,3375,0.0,0.0
1997-05-21 00:00:00-04:00,5.399287700653076,5.399287700653076,5.399287700653076,5.399287700653076,0,0.0,0.0
1997-05-22 00:00:00-04:00,5.399289215091615,5.399289215091615,5.226971626281737,5.226971626281738,5175,0.0,0.0
1997-05-23 00:00:00-04:00,5.399289215091615,5.399289215091615,5.226971626281737,5.226971626281738,2250,0.0,0.0
1997-05-27 00:00:00-04:00,5.226971626281737,5.226971626281737,5.226971626281737,5.226971626281738,0,0.0,0.0
1997-05-28 00:00:00-04:00,5.226970160176301,5.399287700653076,5.226970160176301,5.399287700653076,1125,0.0,0.0
1997-05-29 00:00:00-04:00,5.226971626281737,5.226971626281737,5.226971626281737,5.226971626281738,675,0.0,0.0
1997-05-30 00:00:00-04:00,5.341848537247315,5.341848537247315,5.169531001531238,5.284409523010254,4950,0.0,0.0
1997-06-02 00:00:00-04:00,5.284409523010254,5.284409523010254,5.284409523010254,5.284409523010254,0,0.0,0.0
1997-06-03 00:00:00-04:00,5.169532594346794,5.226971626281737,5.169532594346794,5.226971626281738,2925,0.0,0.0
1997-06-04 00:00:00-04:00,5.226971626281737,5.226971626281737,5.226971626281737,5.226971626281738,0,0.0,0.0
1997-06-05 00:00:00-04:00,5.399287700653076,5.399287700653076,5.399287700653076,5.399287700653076,450,0.0,0.0
1997-06-06 00:00:00-04:00,5.284409523010254,5.284409523010254,5.284409523010254,5.284409523010254,1575,0.0,0.0
1997-06-09 00:00:00-04:00,5.284409523010254,5.284409523010254,5.284409523010254,5.284409523010254,0,0.0,0.0
1997-06-10 00:00:00-04:00,5.284409523010254,5.284409523010254,5.284409523010254,5.284409523010254,1575,0.0,0.0
1997-06-11 00:00:00-04:00,5.284409523010254,5.284409523010254,5.284409523010254,5.284409523010254,0,0.0,0.0
1997-06-12 00:00:00-04:00,5.284409523010254,5.284409523010254,5.284409523010254,5.284409523010254,0,0.0,0.0
1997-06-13 00:00:00-04:00,5.226970160176301,5.399287700653076,5.226970160176301,5.399287700653076,675,0.0,0.0
1997-06-16 00:00:00-04:00,5.226971626281737,5.226971626281737,5.226971626281737,5.226971626281738,2250,0.0,0.0
1997-06-17 00:00:00-04:00,5.226971626281737,5.226971626281737,5.226971626281737,5.226971626281738,0,0.0,0.0
1997-06-18 00:00:00-04:00,5.226971626281737,5.226971626281737,5.226971626281737,5.226971626281738,0,0.0,0.0
1997-06-19 00:00:00-04:00,5.226971626281737,5.226971626281737,5.226971626281737,5.226971626281738,0,0.0,0.0
1997-06-20 00:00:00-04:00,5.226971626281737,5.226971626281737,5.226971626281737,5.226971626281738,0,0.0,0.0
1997-06-23 00:00:00-04:00,5.169532594346794,5.226971626281737,5.169532594346794,5.226971626281738,2250,0.0,0.0
1997-06-24 00:00:00-04:00,5.169529914855957,5.169529914855957,5.169529914855957,5.169529914855957,1350,0.0,0.0
1997-06-25 00:00:00-04:00,5.169529914855957,5.169529914855957,5.169529914855957,5.169529914855957,0,0.0,0.0
1997-06-26 00:00:00-04:00,5.199573993682861,5.199573993682861,5.199573993682861,5.199573993682861,0,0.05778,0.0
1997-06-27 00:00:00-04:00,5.199573993682861,5.199573993682861,5.199573993682861,5.199573993682861,225,0.0,0.0
1997-06-30 00:00:00-04:00,5.199573993682861,5.199573993682861,5.199573993682861,5.199573993682861,0,0.0,0.0
1997-07-01 00:00:00-04:00,5.199573993682861,5.199573993682861,5.199573993682861,5.199573993682861,675,0.0,0.0
1997-07-02 00:00:00-04:00,5.372893333435059,5.372893333435059,5.372893333435059,5.372893333435059,5400,0.0,0.0
1997-07-03 00:00:00-04:00,5.372893333435059,5.372893333435059,5.372893333435059,5.372893333435059,1350,0.0,0.0
1997-07-07 00:00:00-04:00,5.199573993682861,5.372892961515618,5.199573993682861,5.199573993682861,1575,0.0,0.0
1997-07-08 00:00:00-04:00,5.199573993682861,5.199573993682861,5.199573993682861,5.199573993682861,0,0.0,0.0
1997-07-09 00:00:00-04:00,5.199573993682861,5.199573993682861,5.199573993682861,5.199573993682861,0,0.0,0.0
1997-07-10 00:00:00-04:00,5.372893333435059,5.372893333435059,5.372893333435059,5.372893333435059,8775,0.0,0.0
1997-07-11 00:00:00-04:00,5.344007968902588,5.344007968902588,5.344007968902588,5.344007968902588,2250,0.0,0.0
1997-07-14 00:00:00-04:00,5.372894388568677,5.372894388568677,5.344007968902588,5.344007968902588,12825,0.0,0.0
1997-07-15 00:00:00-04:00,5.372893333435059,5.372893333435059,5.372893333435059,5.372893333435059,1125,0.0,0.0
1997-07-16 00:00:00-04:00,5.372893333435059,5.372893333435059,5.34400691944171,5.372893333435059,11250,0.0,0.0
1997-07-17 00:00:00-04:00,5.430665493011475,5.430665493011475,5.430665493011475,5.430665493011475,2025,0.0,0.0
1997-07-18 00:00:00-04:00,5.4595537185668945,5.4595537185668945,5.4595537185668945,5.4595537185668945,900,0.0,0.0
1997-07-21 00:00:00-04:00,5.459553071285158,5.459553071285158,5.372893333435059,5.372893333435059,2250,0.0,0.0
1997-07-22 00:00:00-04:00,5.344007553024356,5.4595537185668945,5.344007553024356,5.4595537185668945,2700,0.0,0.0
1997-07-23 00:00:00-04:00,5.4595537185668945,5.4595537185668945,5.4595537185668945,5.4595537185668945,0,0.0,0.0
1997-07-24 00:00:00-04:00,5.546216148349809,5.661762369760258,5.43066943106901,5.632875442504883,10575,0.0,0.0
1997-07-25 00:00:00-04:00,5.632875442504884,5.632875442504884,5.632875442504884,5.632875442504883,0,0.0,0.0
1997-07-28 00:00:00-04:00,5.632875442504884,5.632875442504884,5.632875442504884,5.632875442504883,0,0.0,0.0
1997-07-29 00:00:00-04:00,5.719532012939453,5.719532012939453,5.719532012939453,5.719532012939453,1800,0.0,0.0
1997-07-30 00:00:00-04:00,5.430665493011475,5.430665493011475,5.430665493011475,5.430665493011475,900,0.0,0.0
1997-07-31 00:00:00-04:00,5.430663693791001,5.546210289001465,5.430663693791001,5.546210289001465,2250,0.0,0.0
1997-08-01 00:00:00-04:00,5.546210289001465,5.546210289001465,5.546210289001465,5.546210289001465,0,0.0,0.0
1997-08-04 00:00:00-04:00,5.546210289001465,5.546210289001465,5.546210289001465,5.546210289001465,0,0.0,0.0
1997-08-05 00:00:00-04:00,5.546210289001465,5.546210289001465,5.546210289001465,5.546210289001465,225,0.0,0.0
1997-08-06 00:00:00-04:00,5.719532012939453,5.719532012939453,5.603985856571274,5.719532012939453,5175,0.0,0.0
1997-08-07 00:00:00-04:00,5.719532012939453,5.719532012939453,5.719532012939453,5.719532012939453,2700,0.0,0.0
1997-08-08 00:00:00-04:00,5.719532012939453,5.719532012939453,5.603985856571274,5.719532012939453,7650,0.0,0.0
1997-08-11 00:00:00-04:00,5.719532012939453,5.719532012939453,5.719532012939453,5.719532012939453,3825,0.0,0.0
1997-08-12 00:00:00-04:00,5.661760330200196,5.7195331721584886,5.661760330200196,5.661760330200195,3600,0.0,0.0
1997-08-13 00:00:00-04:00,5.719532012939453,5.719532012939453,5.546213026322221,5.719532012939453,9225,0.0,0.0
1997-08-14 00:00:00-04:00,5.719532012939453,5.719532012939453,5.719532012939453,5.719532012939453,1350,0.0,0.0
1997-08-15 00:00:00-04:00,5.603984355926514,5.603984355926514,5.603984355926514,5.603984355926514,2700,0.0,0.0
1997-08-18 00:00:00-04:00,5.603984355926514,5.603984355926514,5.603984355926514,5.603984355926514,0,0.0,0.0
1997-08-19 00:00:00-04:00,5.603984355926514,5.603984355926514,5.603984355926514,5.603984355926514,0,0.0,0.0
1997-08-20 00:00:00-04:00,5.603984355926514,5.603984355926514,5.603984355926514,5.603984355926514,0,0.0,0.0
1997-08-21 00:00:00-04:00,5.603984355926514,5.603984355926514,5.603984355926514,5.603984355926514,0,0.0,0.0
1997-08-22 00:00:00-04:00,5.603984355926514,5.603984355926514,5.603984355926514,5.603984355926514,0,0.0,0.0
1997-08-25 00:00:00-04:00,5.719532012939453,5.719532012939453,5.719532012939453,5.719532012939453,2025,0.0,0.0
1997-08-26 00:00:00-04:00,5.719532012939453,5.719532012939453,5.719532012939453,5.719532012939453,0,0.0,0.0
1997-08-27 00:00:00-04:00,5.719532012939453,5.719532012939453,5.719532012939453,5.719532012939453,0,0.0,0.0
1997-08-28 00:00:00-04:00,5.777301991812913,5.777301991812913,5.546210289001465,5.546210289001465,7875,0.0,0.0
1997-08-29 00:00:00-04:00,5.7773027420043945,5.7773027420043945,5.7773027420043945,5.7773027420043945,3375,0.0,0.0
1997-09-02 00:00:00-04:00,5.7773027420043945,5.7773027420043945,5.7773027420043945,5.7773027420043945,675,0.0,0.0
1997-09-03 00:00:00-04:00,5.7773027420043945,5.7773027420043945,5.7773027420043945,5.7773027420043945,0,0.0,0.0
1997-09-04 00:00:00-04:00,5.719532012939453,5.719532012939453,5.719532012939453,5.719532012939453,3825,0.0,0.0
1997-09-05 00:00:00-04:00,5.719532012939453,5.719532012939453,5.719532012939453,5.719532012939453,0,0.0,0.0
1997-09-08 00:00:00-04:00,5.719532012939453,5.719532012939453,5.719532012939453,5.719532012939453,2250,0.0,0.0
1997-09-09 00:00:00-04:00,5.835076808929443,5.835076808929443,5.719530679499459,5.835076808929443,9225,0.0,0.0
1997-09-10 00:00:00-04:00,5.719529932767102,5.7773027420043945,5.719529932767102,5.7773027420043945,1350,0.0,0.0
1997-09-11 00:00:00-04:00,5.835082066139687,5.950627803802491,5.7773087014378826,5.95062780380249,4950,0.0,0.0
1997-09-12 00:00:00-04:00,6.066171443129524,6.123944282531738,6.066171443129524,6.123944282531738,1350,0.0,0.0
1997-09-15 00:00:00-04:00,6.066171646118164,6.066171646118164,6.066171646118164,6.066171646118164,1125,0.0,0.0
1997-09-16 00:00:00-04:00,6.066171646118164,6.066171646118164,6.066171646118164,6.066171646118164,0,0.0,0.0
1997-09-17 00:00:00-04:00,5.777305758508004,6.123944282531738,5.777305758508004,6.123944282531738,1350,0.0,0.0
1997-09-18 00:00:00-04:00,6.123944282531738,6.123944282531738,6.123944282531738,6.123944282531738,0,0.0,0.0
1997-09-19 00:00:00-04:00,6.123944282531738,6.123944282531738,6.123944282531738,6.123944282531738,225,0.0,0.0
1997-09-22 00:00:00-04:00,6.123944282531738,6.123944282531738,6.123944282531738,6.123944282531738,675,0.0,0.0
1997-09-23 00:00:00-04:00,6.123943679276445,6.123943679276445,5.89285135269165,5.89285135269165,2025,0.0,0.0
1997-09-24 00:00:00-04:00,5.89285135269165,5.89285135269165,5.89285135269165,5.89285135269165,225,0.0,0.0
1997-09-25 00:00:00-04:00,6.152828872482284,6.23948860168457,6.152828872482284,6.23948860168457,4275,0.0,0.0
1997-09-26 00:00:00-04:00,6.327730996826517,6.443836212158203,6.153573422963633,6.443836212158203,4950,0.05778,0.0
1997-09-29 00:00:00-04:00,6.443836212158203,6.443836212158203,6.443836212158203,6.443836212158203,0,0.0,0.0
1997-09-30 00:00:00-04:00,6.443836212158203,6.443836212158203,6.443836212158203,6.443836212158203,0,0.0,0.0
1997-10-01 00:00:00-04:00,6.501888220143434,6.501888220143434,6.327730655670166,6.327730655670166,675,0.0,0.0
1997-10-02 00:00:00-04:00,6.284193600263107,6.284193600263107,6.095522880554198,6.095522880554199,2925,0.0,0.0
1997-10-03 00:00:00-04:00,6.501889228820801,6.501889228820801,6.501889228820801,6.501889228820801,450,0.0,0.0
1997-10-06 00:00:00-04:00,6.501889228820801,6.501889228820801,6.501889228820801,6.501889228820801,0,0.0,0.0
1997-10-07 00:00:00-04:00,6.501889228820801,6.501889228820801,6.501889228820801,6.501889228820801,0,0.0,0.0
1997-10-08 00:00:00-04:00,6.501889228820801,6.501889228820801,6.501889228820801,6.501889228820801,0,0.0,0.0
1997-10-09 00:00:00-04:00,6.269676685333252,6.269676685333252,6.269676685333252,6.269676685333252,2925,0.0,0.0
1997-10-10 00:00:00-04:00,6.095522880554198,6.095522880554198,6.095522880554198,6.095522880554199,1800,0.0,0.0
1997-10-13 00:00:00-04:00,6.037466526031494,6.037466526031494,6.037466526031494,6.037466526031494,225,0.0,0.0
1997-10-14 00:00:00-04:00,6.269676685333252,6.269676685333252,6.269676685333252,6.269676685333252,450,0.0,0.0
1997-10-15 00:00:00-04:00,6.269676685333252,6.269676685333252,6.269676685333252,6.269676685333252,0,0.0,0.0
1997-10-16 00:00:00-04:00,6.269676685333252,6.269676685333252,6.269676685333252,6.269676685333252,0,0.0,0.0
1997-10-17 00:00:00-04:00,6.037466526031494,6.037466526031494,6.037466526031494,6.037466526031494,5850,0.0,0.0
1997-10-20 00:00:00-04:00,6.037466526031494,6.037466526031494,6.037466526031494,6.037466526031494,225,0.0,0.0
1997-10-21 00:00:00-04:00,6.3857831954956055,6.3857831954956055,6.153572788764294,6.3857831954956055,1350,0.0,0.0
1997-10-22 00:00:00-04:00,6.095521064432435,6.443836212158203,6.095521064432435,6.443836212158203,3150,0.0,0.0
1997-10-23 00:00:00-04:00,6.153571128845215,6.153571128845215,6.153571128845215,6.153571128845215,1800,0.0,0.0
1997-10-24 00:00:00-04:00,6.153571128845215,6.153571128845215,6.153571128845215,6.153571128845215,0,0.0,0.0
1997-10-27 00:00:00-05:00,6.095521947783414,6.182600498199463,6.095521947783414,6.182600498199463,12150,0.0,0.0
1997-10-28 00:00:00-05:00,6.037466455067908,6.153571128845215,6.037466455067908,6.153571128845215,1350,0.0,0.0
1997-10-29 00:00:00-05:00,6.153571128845215,6.153571128845215,6.153571128845215,6.153571128845215,900,0.0,0.0
1997-10-30 00:00:00-05:00,6.153571128845215,6.153571128845215,6.153571128845215,6.153571128845215,6300,0.0,0.0
1997-10-31 00:00:00-05:00,6.211625576019286,6.211625576019286,6.211625576019286,6.211625576019287,1575,0.0,0.0
1997-11-03 00:00:00-05:00,6.211625576019286,6.211625576019286,6.211625576019286,6.211625576019287,0,0.0,0.0
1997-11-04 00:00:00-05:00,6.211625576019286,6.211625576019286,6.211625576019286,6.211625576019287,0,0.0,0.0
1997-11-05 00:00:00-05:00,6.211625576019286,6.211625576019286,6.211625576019286,6.211625576019287,0,0.0,0.0
1997-11-06 00:00:00-05:00,6.211625576019286,6.211625576019286,6.211625576019286,6.211625576019287,0,0.0,0.0
1997-11-07 00:00:00-05:00,6.211625576019286,6.211625576019286,6.211625576019286,6.211625576019287,0,0.0,0.0
1997-11-10 00:00:00-05:00,6.211625576019286,6.211625576019286,6.211625576019286,6.211625576019287,0,0.0,0.0
1997-11-11 00:00:00-05:00,6.3857831954956055,6.3857831954956055,6.3857831954956055,6.3857831954956055,675,0.0,0.0
1997-11-12 00:00:00-05:00,6.385783236507471,6.559941291809082,6.385783236507471,6.559941291809082,2025,0.0,0.0
1997-11-13 00:00:00-05:00,6.559941291809082,6.559941291809082,6.559941291809082,6.559941291809082,0,0.0,0.0
1997-11-14 00:00:00-05:00,6.559941291809082,6.559941291809082,6.559941291809082,6.559941291809082,0,0.0,0.0
1997-11-17 00:00:00-05:00,6.559941291809082,6.559941291809082,6.559941291809082,6.559941291809082,0,0.0,0.0
1997-11-18 00:00:00-05:00,6.559941291809082,6.559941291809082,6.559941291809082,6.559941291809082,0,0.0,0.0
1997-11-19 00:00:00-05:00,6.559941291809082,6.559941291809082,6.559941291809082,6.559941291809082,225,0.0,0.0
1997-11-20 00:00:00-05:00,6.617994174713278,6.734099388122558,6.617994174713278,6.734099388122559,1125,0.0,0.0
1997-11-21 00:00:00-05:00,6.559942157577326,6.763125419616698,6.559942157577326,6.763125419616699,3825,0.0,0.0
1997-11-24 00:00:00-05:00,6.763125419616698,6.763125419616698,6.763125419616698,6.763125419616699,0,0.0,0.0
1997-11-25 00:00:00-05:00,6.763125419616698,6.763125419616698,6.763125419616698,6.763125419616699,0,0.0,0.0
1997-11-26 00:00:00-05:00,6.763125419616698,6.763125419616698,6.763125419616698,6.763125419616699,0,0.0,0.0
1997-11-28 00:00:00-05:00,7.082414627075194,7.082414627075194,7.082414627075194,7.082414627075195,450,0.0,0.0
1997-12-01 00:00:00-05:00,7.082414627075194,7.082414627075194,7.082414627075194,7.082414627075195,900,0.0,0.0
1997-12-02 00:00:00-05:00,7.082414627075194,7.082414627075194,7.082414627075194,7.082414627075195,0,0.0,0.0
1997-12-03 00:00:00-05:00,7.546833857676919,8.127360343933105,7.546833857676919,8.127360343933105,8100,0.0,0.0
1997-12-04 00:00:00-05:00,8.127360338575881,8.127360338575881,7.48878150307653,7.662939548492432,3825,0.0,0.0
1997-12-05 00:00:00-05:00,8.06930689760318,8.127360243085349,7.866123676300049,7.866123676300049,3150,0.0,0.0
1997-12-08 00:00:00-05:00,7.866123676300049,7.866123676300049,7.866123676300049,7.866123676300049,0,0.0,0.0
1997-12-09 00:00:00-05:00,7.662939548492432,7.662939548492432,7.662939548492432,7.662939548492432,8325,0.0,0.0
1997-12-10 00:00:00-05:00,7.662939548492432,7.662939548492432,7.662939548492432,7.662939548492432,0,0.0,0.0
1997-12-11 00:00:00-05:00,7.779043088186721,7.779043088186721,7.604885578155518,7.604885578155518,1125,0.0,0.0
1997-12-12 00:00:00-05:00,7.604885578155518,7.604885578155518,7.604885578155518,7.604885578155518,0,0.0,0.0
1997-12-15 00:00:00-05:00,7.604885578155518,7.604885578155518,7.604885578155518,7.604885578155518,0,0.0,0.0
1997-12-16 00:00:00-05:00,7.604885578155518,7.604885578155518,7.604885578155518,7.604885578155518,0,0.0,0.0
1997-12-17 00:00:00-05:00,7.604888413239738,8.069308280944824,7.604888413239738,8.069308280944824,1575,0.0,0.0
1997-12-18 00:00:00-05:00,8.069308280944824,8.069308280944824,8.069308280944824,8.069308280944824,0,0.0,0.0
1997-12-19 00:00:00-05:00,7.8370954254407525,7.8370954254407525,7.604885578155518,7.604885578155518,4500,0.0,0.0
1997-12-22 00:00:00-05:00,7.604885578155518,7.604885578155518,7.604885578155518,7.604885578155518,0,0.0,0.0
1997-12-23 00:00:00-05:00,7.604885578155518,7.604885578155518,7.604885578155518,7.604885578155518,0,0.0,0.0
1997-12-24 00:00:00-05:00,7.604885578155518,7.604885578155518,7.604885578155518,7.604885578155518,0,0.0,0.0
1997-12-26 00:00:00-05:00,7.604885578155518,7.604885578155518,7.604885578155518,7.604885578155518,0,0.0,0.0
1997-12-29 00:00:00-05:00,7.635197162628173,7.635197162628173,7.635197162628173,7.635197162628174,6300,0.05778,0.0
1997-12-30 00:00:00-05:00,7.635197162628173,7.635197162628173,7.635197162628173,7.635197162628174,0,0.0,0.0
1997-12-31 00:00:00-05:00,7.576910835289054,8.159750938415527,7.460343414969765,8.159750938415527,8325,0.0,0.0
1998-01-02 00:00:00-05:00,7.810049284260065,7.810049284260065,7.5769128799438485,7.576912879943848,3375,0.0,0.0
1998-01-05 00:00:00-05:00,7.4603424072265625,7.4603424072265625,7.4603424072265625,7.4603424072265625,450,0.0,0.0
1998-01-06 00:00:00-05:00,7.4603424072265625,7.4603424072265625,7.4603424072265625,7.4603424072265625,0,0.0,0.0
1998-01-07 00:00:00-05:00,7.4603424072265625,7.4603424072265625,7.4603424072265625,7.4603424072265625,1125,0.0,0.0
1998-01-08 00:00:00-05:00,7.693478107452392,7.693478107452392,7.693478107452392,7.693478107452393,1125,0.0,0.0
1998-01-09 00:00:00-05:00,7.343774318695068,7.343774318695068,7.343774318695068,7.343774318695068,1575,0.0,0.0
1998-01-12 00:00:00-05:00,7.343774318695068,7.343774318695068,7.343774318695068,7.343774318695068,0,0.0,0.0
1998-01-13 00:00:00-05:00,7.343776551706379,7.343776551706379,7.227208614349364,7.227208614349365,1575,0.0,0.0
1998-01-14 00:00:00-05:00,7.25635051727295,7.25635051727295,7.25635051727295,7.256350517272949,225,0.0,0.0
1998-01-15 00:00:00-05:00,7.6934804029619235,8.159752154764801,7.6934804029619235,7.984899997711182,14625,0.0,0.0
1998-01-16 00:00:00-05:00,7.9848999977111825,7.9848999977111825,7.9848999977111825,7.984899997711182,0,0.0,0.0
1998-01-20 00:00:00-05:00,8.101466395711634,8.218034818957719,7.92661476135254,7.926614761352539,2475,0.0,0.0
1998-01-21 00:00:00-05:00,8.276314735412598,8.276314735412598,8.276314735412598,8.276314735412598,1350,0.0,0.0
1998-01-22 00:00:00-05:00,8.276314735412598,8.276314735412598,8.276314735412598,8.276314735412598,0,0.0,0.0
1998-01-23 00:00:00-05:00,8.043183962958025,8.159752404734842,7.810048580169677,7.810048580169678,6750,0.0,0.0
1998-01-26 00:00:00-05:00,8.159749495442872,8.159749495442872,7.839187145233153,7.839187145233154,5850,0.0,0.0
1998-01-27 00:00:00-05:00,8.451168241722366,8.509451939828631,7.693477665066391,7.853758335113525,14400,0.0,0.0
1998-01-28 00:00:00-05:00,7.693481332229527,7.693481332229527,7.5769128799438485,7.576912879943848,2250,0.0,0.0
1998-01-29 00:00:00-05:00,7.5769128799438485,7.5769128799438485,7.5769128799438485,7.576912879943848,0,0.0,0.0
1998-01-30 00:00:00-05:00,8.159750938415527,8.159750938415527,8.159750938415527,8.159750938415527,450,0.0,0.0
1998-02-02 00:00:00-05:00,8.159750938415527,8.159750938415527,8.159750938415527,8.159750938415527,0,0.0,0.0
1998-02-03 00:00:00-05:00,8.159750938415527,8.159750938415527,8.159750938415527,8.159750938415527,0,0.0,0.0
1998-02-04 00:00:00-05:00,7.810048580169677,7.810048580169677,7.810048580169677,7.810048580169678,2700,0.0,0.0
1998-02-05 00:00:00-05:00,7.92661476135254,7.92661476135254,7.92661476135254,7.926614761352539,2025,0.0,0.0
1998-02-06 00:00:00-05:00,7.92661476135254,7.92661476135254,7.92661476135254,7.926614761352539,0,0.0,0.0
1998-02-09 00:00:00-05:00,8.334603146965067,8.334603146965067,7.868331432342528,7.868331432342529,1350,0.0,0.0
1998-02-10 00:00:00-05:00,7.635197162628173,7.635197162628173,7.635197162628173,7.635197162628174,675,0.0,0.0
1998-02-11 00:00:00-05:00,7.635197162628173,7.635197162628173,7.635197162628173,7.635197162628174,0,0.0,0.0
1998-02-12 00:00:00-05:00,7.635197162628173,7.635197162628173,7.635197162628173,7.635197162628174,0,0.0,0.0
1998-02-13 00:00:00-05:00,7.635194195748576,7.839187145233153,7.635194195748576,7.839187145233154,1125,0.0,0.0
1998-02-17 00:00:00-05:00,7.810048410811233,7.839189770240874,7.576912032568184,7.664338111877441,14850,0.0,0.0
1998-02-18 00:00:00-05:00,7.664338111877442,7.664338111877442,7.664338111877442,7.664338111877441,0,0.0,0.0
1998-02-19 00:00:00-05:00,7.810048580169677,7.810048580169677,7.810048580169677,7.810048580169678,2475,0.0,0.0
1998-02-20 00:00:00-05:00,7.810048580169677,7.810048580169677,7.810048580169677,7.810048580169678,0,0.0,0.0
1998-02-23 00:00:00-05:00,7.751761808910055,7.751761808910055,7.693478107452392,7.693478107452393,1575,0.0,0.0
1998-02-24 00:00:00-05:00,7.518628717116781,7.780906468879635,7.518628717116781,7.635197162628174,1125,0.0,0.0
1998-02-25 00:00:00-05:00,7.810048830385039,7.810048830385039,7.635197162628173,7.635197162628174,1575,0.0,0.0
1998-02-26 00:00:00-05:00,7.635195415640967,7.810047043390532,7.168923741302131,7.402059078216553,24750,0.0,0.0
1998-02-27 00:00:00-05:00,7.402059078216552,7.402059078216552,7.402059078216552,7.402059078216553,0,0.0,0.0
1998-03-02 00:00:00-05:00,7.402059078216552,7.402059078216552,7.402059078216552,7.402059078216553,0,0.0,0.0
1998-03-03 00:00:00-05:00,6.819221019744873,7.052356392016393,6.819221019744873,6.819221019744873,3825,0.0,0.0
1998-03-04 00:00:00-05:00,7.285490617866344,7.343774318695068,7.285490617866344,7.343774318695068,2250,0.0,0.0
1998-03-05 00:00:00-05:00,6.994070612957947,7.343774318695068,6.994070612957947,7.343774318695068,3600,0.0,0.0
1998-03-06 00:00:00-05:00,7.343774318695068,7.343774318695068,7.343774318695068,7.343774318695068,0,0.0,0.0
1998-03-09 00:00:00-05:00,7.343774318695068,7.343774318695068,7.343774318695068,7.343774318695068,675,0.0,0.0
1998-03-10 00:00:00-05:00,6.994072914123536,6.994072914123536,6.994072914123536,6.994072914123535,11025,0.0,0.0
1998-03-11 00:00:00-05:00,7.4603424072265625,7.4603424072265625,7.4603424072265625,7.4603424072265625,1350,0.0,0.0
1998-03-12 00:00:00-05:00,7.4603424072265625,7.4603424072265625,7.4603424072265625,7.4603424072265625,675,0.0,0.0
1998-03-13 00:00:00-05:00,7.0523543137866715,7.343774318695068,7.0523543137866715,7.343774318695068,4500,0.0,0.0
1998-03-16 00:00:00-05:00,7.4603424072265625,7.4603424072265625,7.4603424072265625,7.4603424072265625,900,0.0,0.0
1998-03-17 00:00:00-05:00,7.4603424072265625,7.4603424072265625,7.4603424072265625,7.4603424072265625,0,0.0,0.0
1998-03-18 00:00:00-05:00,7.4603424072265625,7.4603424072265625,7.4603424072265625,7.4603424072265625,0,0.0,0.0
1998-03-19 00:00:00-05:00,7.4603462748455645,7.984901868387399,7.34377830958569,7.9557600021362305,8775,0.0,0.0
1998-03-20 00:00:00-05:00,8.21803624152385,9.79170322418213,8.21803624152385,9.791703224182129,14850,0.0,0.0
1998-03-23 00:00:00-05:00,8.742591561240598,8.830016136169434,8.626023126811853,8.830016136169434,5175,0.0,0.0
1998-03-24 00:00:00-05:00,8.684311929435879,8.800880432128906,8.684311929435879,8.800880432128906,450,0.0,0.0
1998-03-25 00:00:00-05:00,8.509453699628398,8.509453699628398,8.159750938415527,8.159750938415527,5400,0.0,0.0
1998-03-26 00:00:00-05:00,8.23920254463906,8.356904983520508,8.23920254463906,8.356904983520508,1800,0.15,0.0
1998-03-27 00:00:00-05:00,8.392365455627441,8.392365455627441,8.392365455627441,8.392365455627441,0,0.06667,0.0
1998-03-30 00:00:00-05:00,8.392365455627441,8.392365455627441,8.392365455627441,8.392365455627441,0,0.0,0.0
1998-03-31 00:00:00-05:00,8.924281120300293,8.924281120300293,8.924281120300293,8.924281120300293,1350,0.0,0.0
1998-04-01 00:00:00-05:00,8.510564804077148,8.510564804077148,8.510564804077148,8.510564804077148,225,0.0,0.0
1998-04-02 00:00:00-05:00,8.510564804077148,8.510564804077148,8.510564804077148,8.510564804077148,0,0.0,0.0
1998-04-03 00:00:00-05:00,8.746969494694667,8.835620873224343,8.510564804077148,8.510564804077148,5625,0.0,0.0
1998-04-06 00:00:00-04:00,8.510564804077148,8.510564804077148,8.510564804077148,8.510564804077148,0,0.0,0.0
1998-04-07 00:00:00-04:00,8.510570428247183,8.510570428247183,8.037760734558105,8.037760734558105,2925,0.0,0.0
1998-04-08 00:00:00-04:00,8.037760734558105,8.037760734558105,8.037760734558105,8.037760734558105,0,0.0,0.0
1998-04-09 00:00:00-04:00,8.215058687170654,8.6878675611365,8.215058687170654,8.510564804077148,9450,0.0,0.0
1998-04-13 00:00:00-04:00,8.510564804077148,8.510564804077148,8.510564804077148,8.510564804077148,0,0.0,0.0
1998-04-14 00:00:00-04:00,8.510564804077148,8.510564804077148,8.510564804077148,8.510564804077148,450,0.0,0.0
1998-04-15 00:00:00-04:00,8.628766642116716,8.628766642116716,8.510564804077148,8.510564804077148,3600,0.0,0.0
1998-04-16 00:00:00-04:00,8.746973991394043,8.746973991394043,8.746973991394043,8.746973991394043,450,0.0,0.0
1998-04-17 00:00:00-04:00,8.510567992253133,8.746972771431139,8.510567992253133,8.628769874572754,1125,0.0,0.0
1998-04-20 00:00:00-04:00,8.628769874572754,8.628769874572754,8.628769874572754,8.628769874572754,0,0.0,0.0
1998-04-21 00:00:00-04:00,8.628769874572754,8.628769874572754,8.628769874572754,8.628769874572754,0,0.0,0.0
1998-04-22 00:00:00-04:00,8.510570428247183,8.510570428247183,8.037760734558105,8.037760734558105,1125,0.0,0.0
1998-04-23 00:00:00-04:00,8.037760734558105,8.037760734558105,8.037760734558105,8.037760734558105,0,0.0,0.0
1998-04-24 00:00:00-04:00,8.037758293073255,8.392365455627441,8.037758293073255,8.392365455627441,675,0.0,0.0
1998-04-27 00:00:00-04:00,8.155963110902022,8.451469421386719,8.155963110902022,8.451469421386719,4275,0.0,0.0
1998-04-28 00:00:00-04:00,8.746969494694667,8.746969494694667,8.510564804077148,8.510564804077148,11925,0.0,0.0
1998-04-29 00:00:00-04:00,8.392365455627441,8.392365455627441,8.392365455627441,8.392365455627441,4500,0.0,0.0
1998-04-30 00:00:00-04:00,8.806070413714451,8.806070413714451,8.510564804077148,8.510564804077148,450,0.0,0.0
1998-05-01 00:00:00-04:00,8.510564804077148,8.510564804077148,8.510564804077148,8.510564804077148,0,0.0,0.0
1998-05-04 00:00:00-04:00,8.392368765990923,8.392368765990923,8.155963897705078,8.155963897705078,2700,0.0,0.0
1998-05-05 00:00:00-04:00,8.052536481346726,8.052536481346726,8.037760734558105,8.037760734558105,450,0.0,0.0
1998-05-06 00:00:00-04:00,8.141183045665116,8.746969494694667,8.141183045665116,8.510564804077148,675,0.0,0.0
1998-05-07 00:00:00-04:00,8.510564804077148,8.510564804077148,8.510564804077148,8.510564804077148,0,0.0,0.0
1998-05-08 00:00:00-04:00,8.569671630859375,8.569671630859375,8.510570671096556,8.569671630859375,4500,0.0,0.0
1998-05-11 00:00:00-04:00,8.569671630859375,8.569671630859375,8.569671630859375,8.569671630859375,0,0.0,0.0
1998-05-12 00:00:00-04:00,8.732197890419915,8.732197890419915,8.392365455627441,8.392365455627441,675,0.0,0.0
1998-05-13 00:00:00-04:00,8.392365455627441,8.392365455627441,8.392365455627441,8.392365455627441,0,0.0,0.0
1998-05-14 00:00:00-04:00,8.392365455627441,8.392365455627441,8.392365455627441,8.392365455627441,0,0.0,0.0
1998-05-15 00:00:00-04:00,8.037757869446434,8.21506118774414,8.037757869446434,8.21506118774414,1125,0.0,0.0
1998-05-18 00:00:00-04:00,8.21506118774414,8.21506118774414,8.21506118774414,8.21506118774414,0,0.0,0.0
1998-05-19 00:00:00-04:00,8.21506118774414,8.21506118774414,8.21506118774414,8.21506118774414,0,0.0,0.0
1998-05-20 00:00:00-04:00,8.746973991394043,8.746973991394043,8.746973991394043,8.746973991394043,450,0.0,0.0
1998-05-21 00:00:00-04:00,8.746973991394043,8.746973991394043,8.746973991394043,8.746973991394043,0,0.0,0.0
1998-05-22 00:00:00-04:00,8.392365455627441,8.392365455627441,8.392365455627441,8.392365455627441,2025,0.0,0.0
1998-05-26 00:00:00-04:00,8.03775482238052,8.03775482238052,7.97865390777588,7.978653907775879,1125,0.0,0.0
1998-05-27 00:00:00-04:00,8.392364415986439,8.510566788861663,8.362813949584961,8.362813949584961,6075,0.0,0.0
1998-05-28 00:00:00-04:00,8.362813949584961,8.362813949584961,8.362813949584961,8.362813949584961,0,0.0,0.0
1998-05-29 00:00:00-04:00,7.8013525009155265,7.8013525009155265,7.8013525009155265,7.801352500915527,900,0.0,0.0
1998-06-01 00:00:00-04:00,7.8013525009155265,7.8013525009155265,7.8013525009155265,7.801352500915527,0,0.0,0.0
1998-06-02 00:00:00-04:00,7.8013525009155265,7.8013525009155265,7.8013525009155265,7.801352500915527,0,0.0,0.0
1998-06-03 00:00:00-04:00,8.0968599319458,8.0968599319458,8.0968599319458,8.0968599319458,225,0.0,0.0
1998-06-04 00:00:00-04:00,7.564950466156007,7.564950466156007,7.564950466156007,7.564950466156006,225,0.0,0.0
1998-06-05 00:00:00-04:00,7.564950466156007,7.564950466156007,7.564950466156007,7.564950466156006,0,0.0,0.0
1998-06-08 00:00:00-04:00,7.624053313950653,7.624053313950653,7.328547477722168,7.328547477722168,8550,0.0,0.0
1998-06-09 00:00:00-04:00,7.328547477722168,7.328547477722168,7.328547477722168,7.328547477722168,1800,0.0,0.0
1998-06-10 00:00:00-04:00,7.328543220055307,7.683149814605714,7.328543220055307,7.683149814605713,1800,0.0,0.0
1998-06-11 00:00:00-04:00,7.3876471100163075,7.564950466156007,7.3876471100163075,7.564950466156006,3150,0.0,0.0
1998-06-12 00:00:00-04:00,7.564950466156007,7.564950466156007,7.564950466156007,7.564950466156006,0,0.0,0.0
1998-06-15 00:00:00-04:00,8.274162292480469,8.274162292480469,8.274162292480469,8.274162292480469,1350,0.0,0.0
1998-06-16 00:00:00-04:00,7.683152365402836,7.919557685704859,7.328545653123438,7.564950466156006,4950,0.0,0.0
1998-06-17 00:00:00-04:00,7.564950466156007,7.564950466156007,7.564950466156007,7.564950466156006,0,0.0,0.0
1998-06-18 00:00:00-04:00,7.919555995427528,8.21506118774414,7.919555995427528,8.21506118774414,1125,0.0,0.0
1998-06-19 00:00:00-04:00,8.21506118774414,8.21506118774414,8.21506118774414,8.21506118774414,0,0.0,0.0
1998-06-22 00:00:00-04:00,8.21506118774414,8.21506118774414,8.21506118774414,8.21506118774414,0,0.0,0.0
1998-06-23 00:00:00-04:00,7.328545653123438,7.564950466156007,7.328545653123438,7.564950466156006,1125,0.0,0.0
1998-06-24 00:00:00-04:00,7.564950466156007,7.564950466156007,7.564950466156007,7.564950466156006,0,0.0,0.0
1998-06-25 00:00:00-04:00,7.564950466156007,7.564950466156007,7.564950466156007,7.564950466156006,0,0.0,0.0
1998-06-26 00:00:00-04:00,8.194372962495763,8.194372962495763,7.956855297088623,7.956855297088623,2250,0.06667,0.0
1998-06-29 00:00:00-04:00,7.956855297088623,7.956855297088623,7.956855297088623,7.956855297088623,0,0.0,0.0
1998-06-30 00:00:00-04:00,8.075615882873535,8.075615882873535,8.075615882873535,8.075615882873535,450,0.0,0.0
1998-07-01 00:00:00-04:00,7.956855297088623,7.956855297088623,7.956855297088623,7.956855297088623,1350,0.0,0.0
1998-07-02 00:00:00-04:00,7.956855297088623,7.956855297088623,7.956855297088623,7.956855297088623,0,0.0,0.0
1998-07-06 00:00:00-04:00,7.956855297088623,7.956855297088623,7.956855297088623,7.956855297088623,0,0.0,0.0
1998-07-07 00:00:00-04:00,7.956855297088623,7.956855297088623,7.956855297088623,7.956855297088623,0,0.0,0.0
1998-07-08 00:00:00-04:00,7.956855297088623,7.956855297088623,7.956855297088623,7.956855297088623,0,0.0,0.0
1998-07-09 00:00:00-04:00,7.956855297088623,7.956855297088623,7.956855297088623,7.956855297088623,0,0.0,0.0
1998-07-10 00:00:00-04:00,7.719337954487246,7.83809757232666,7.719337954487246,7.83809757232666,2250,0.0,0.0
1998-07-13 00:00:00-04:00,7.83809757232666,7.83809757232666,7.83809757232666,7.83809757232666,0,0.0,0.0
1998-07-14 00:00:00-04:00,7.481821537017822,7.481821537017822,7.481821537017822,7.481821537017822,5850,0.0,0.0
1998-07-15 00:00:00-04:00,7.541200846510947,7.600580665662717,7.481821537017822,7.481821537017822,4275,0.0,0.0
1998-07-16 00:00:00-04:00,7.481821537017822,7.481821537017822,7.481821537017822,7.481821537017822,0,0.0,0.0
1998-07-17 00:00:00-04:00,7.481821537017822,7.481821537017822,7.481821537017822,7.481821537017822,0,0.0,0.0
1998-07-20 00:00:00-04:00,7.481821537017822,7.481821537017822,7.481821537017822,7.481821537017822,0,0.0,0.0
1998-07-21 00:00:00-04:00,7.838098203510244,7.838098203510244,7.31852674484253,7.318526744842529,1350,0.0,0.0
1998-07-22 00:00:00-04:00,7.318522611332388,7.318522611332388,7.066160202026367,7.066160202026367,4950,0.0,0.0
1998-07-23 00:00:00-04:00,7.066160202026367,7.066160202026367,7.066160202026367,7.066160202026367,0,0.0,0.0
1998-07-24 00:00:00-04:00,7.8380981584102996,8.075615882873535,7.244303082764314,8.075615882873535,6075,0.0,0.0
1998-07-27 00:00:00-04:00,8.075615882873535,8.075615882873535,8.075615882873535,8.075615882873535,450,0.0,0.0
1998-07-28 00:00:00-04:00,8.075615882873535,8.075615882873535,8.075615882873535,8.075615882873535,0,0.0,0.0
1998-07-29 00:00:00-04:00,7.956857207870171,8.060770988464355,7.956857207870171,8.060770988464355,2250,0.0,0.0
1998-07-30 00:00:00-04:00,8.060770988464355,8.060770988464355,8.060770988464355,8.060770988464355,0,0.0,0.0
1998-07-31 00:00:00-04:00,8.060770988464355,8.060770988464355,8.060770988464355,8.060770988464355,0,0.0,0.0
1998-08-03 00:00:00-04:00,7.600578177080141,7.838096356601688,7.006782728276274,7.363059997558594,2925,0.0,0.0
1998-08-04 00:00:00-04:00,7.0067830085754395,7.0067830085754395,7.0067830085754395,7.0067830085754395,900,0.0,0.0
1998-08-05 00:00:00-04:00,7.0067830085754395,7.0067830085754395,7.0067830085754395,7.0067830085754395,0,0.0,0.0
1998-08-06 00:00:00-04:00,7.0067830085754395,7.0067830085754395,7.0067830085754395,7.0067830085754395,0,0.0,0.0
1998-08-07 00:00:00-04:00,7.0067830085754395,7.0067830085754395,7.0067830085754395,7.0067830085754395,0,0.0,0.0
1998-08-10 00:00:00-04:00,7.0067830085754395,7.0067830085754395,7.0067830085754395,7.0067830085754395,0,0.0,0.0
1998-08-11 00:00:00-04:00,7.363062408372929,7.481821537017822,7.006785022438245,7.481821537017822,12600,0.0,0.0
1998-08-12 00:00:00-04:00,7.481821537017822,7.481821537017822,7.481821537017822,7.481821537017822,0,0.0,0.0
1998-08-13 00:00:00-04:00,7.481821537017822,7.481821537017822,7.481821537017822,7.481821537017822,0,0.0,0.0
1998-08-14 00:00:00-04:00,7.481821537017822,7.481821537017822,7.481821537017822,7.481821537017822,0,0.0,0.0
1998-08-17 00:00:00-04:00,7.481821537017822,7.481821537017822,7.481821537017822,7.481821537017822,0,0.0,0.0
1998-08-18 00:00:00-04:00,7.481821537017822,7.481821537017822,7.481821537017822,7.481821537017822,0,0.0,0.0
1998-08-19 00:00:00-04:00,7.481821537017822,7.481821537017822,7.481821537017822,7.481821537017822,1800,0.0,0.0
1998-08-20 00:00:00-04:00,7.481821537017822,7.481821537017822,7.481821537017822,7.481821537017822,0,0.0,0.0
1998-08-21 00:00:00-04:00,7.481821537017822,7.481821537017822,7.481821537017822,7.481821537017822,225,0.0,0.0
1998-08-24 00:00:00-04:00,7.481821537017822,7.481821537017822,7.481821537017822,7.481821537017822,0,0.0,0.0
1998-08-25 00:00:00-04:00,7.481822331746419,8.01623821258545,7.481822331746419,8.01623821258545,2250,0.0,0.0
1998-08-26 00:00:00-04:00,6.888026237487793,6.888026237487793,6.888026237487793,6.888026237487793,2700,0.0,0.0
1998-08-27 00:00:00-04:00,6.888026237487793,6.888026237487793,6.888026237487793,6.888026237487793,0,0.0,0.0
1998-08-28 00:00:00-04:00,7.719336612364545,7.956855297088623,7.719336612364545,7.956855297088623,4500,0.0,0.0
1998-08-31 00:00:00-04:00,7.0364742279052725,7.0364742279052725,7.0364742279052725,7.036474227905273,450,0.0,0.0
1998-09-01 00:00:00-04:00,7.0364742279052725,7.0364742279052725,7.0364742279052725,7.036474227905273,0,0.0,0.0
1998-09-02 00:00:00-04:00,7.0364742279052725,7.0364742279052725,7.0364742279052725,7.036474227905273,0,0.0,0.0
1998-09-03 00:00:00-04:00,7.066162810660494,7.066162810660494,7.0067830085754395,7.0067830085754395,4050,0.0,0.0
1998-09-04 00:00:00-04:00,7.363059997558595,7.363059997558595,7.363059997558595,7.363059997558594,675,0.0,0.0
1998-09-08 00:00:00-04:00,6.947404384613037,6.947404384613037,6.947404384613037,6.947404384613037,450,0.0,0.0
1998-09-09 00:00:00-04:00,6.947404384613037,6.947404384613037,6.947404384613037,6.947404384613037,0,0.0,0.0
1998-09-10 00:00:00-04:00,6.947404384613037,6.947404384613037,6.947404384613037,6.947404384613037,225,0.0,0.0
1998-09-11 00:00:00-04:00,6.947404384613037,6.947404384613037,6.947404384613037,6.947404384613037,0,0.0,0.0
1998-09-14 00:00:00-04:00,7.0067830085754395,7.0067830085754395,7.0067830085754395,7.0067830085754395,900,0.0,0.0
1998-09-15 00:00:00-04:00,7.422440094195321,7.481819386621876,7.0067830085754395,7.0067830085754395,4725,0.0,0.0
1998-09-16 00:00:00-04:00,7.0067830085754395,7.0067830085754395,7.0067830085754395,7.0067830085754395,0,0.0,0.0
1998-09-17 00:00:00-04:00,7.0067830085754395,7.0067830085754395,7.0067830085754395,7.0067830085754395,225,0.0,0.0
1998-09-18 00:00:00-04:00,6.888023560573543,7.125541210174561,6.888023560573543,7.1255412101745605,4050,0.0,0.0
1998-09-21 00:00:00-04:00,7.125541210174561,7.125541210174561,7.125541210174561,7.1255412101745605,0,0.0,0.0
1998-09-22 00:00:00-04:00,7.125541210174561,7.125541210174561,7.125541210174561,7.1255412101745605,0,0.0,0.0
1998-09-23 00:00:00-04:00,7.125541210174561,7.125541210174561,7.125541210174561,7.1255412101745605,0,0.0,0.0
1998-09-24 00:00:00-04:00,7.363059997558595,7.363059997558595,7.363059997558595,7.363059997558594,675,0.0,0.0
1998-09-25 00:00:00-04:00,6.888026237487793,6.888026237487793,6.888026237487793,6.888026237487793,8550,0.0,0.0
1998-09-28 00:00:00-04:00,6.923840522766112,6.923840522766112,6.923840522766112,6.923840522766113,0,0.06667,0.0
1998-09-29 00:00:00-04:00,6.923840522766112,6.923840522766112,6.923840522766112,6.923840522766113,0,0.0,0.0
1998-09-30 00:00:00-04:00,6.923840522766112,6.923840522766112,6.923840522766112,6.923840522766113,0,0.0,0.0
1998-10-01 00:00:00-04:00,6.923840522766112,6.923840522766112,6.923840522766112,6.923840522766113,0,0.0,0.0
1998-10-02 00:00:00-04:00,7.401345252990723,7.401345252990723,7.401345252990723,7.401345252990723,675,0.0,0.0
1998-10-05 00:00:00-04:00,7.401345252990723,7.401345252990723,7.401345252990723,7.401345252990723,0,0.0,0.0
1998-10-06 00:00:00-04:00,7.401345252990723,7.401345252990723,7.401345252990723,7.401345252990723,0,0.0,0.0
1998-10-07 00:00:00-04:00,6.923836188775989,6.923836188775989,6.864147663116454,6.864147663116455,2700,0.0,0.0
1998-10-08 00:00:00-04:00,6.864147663116454,6.864147663116454,6.685082598446132,6.864147663116455,7650,0.0,0.0
1998-10-09 00:00:00-04:00,6.864147663116454,6.864147663116454,6.864147663116454,6.864147663116455,0,0.0,0.0
1998-10-12 00:00:00-04:00,6.7447757720947275,6.7447757720947275,6.7447757720947275,6.744775772094727,900,0.0,0.0
1998-10-13 00:00:00-04:00,6.7447757720947275,6.7447757720947275,6.7447757720947275,6.744775772094727,0,0.0,0.0
1998-10-14 00:00:00-04:00,6.7447757720947275,6.7447757720947275,6.7447757720947275,6.744775772094727,0,0.0,0.0
1998-10-15 00:00:00-04:00,6.7447757720947275,6.7447757720947275,6.7447757720947275,6.744775772094727,0,0.0,0.0
1998-10-16 00:00:00-04:00,5.730075359344482,5.730075359344482,5.730075359344482,5.730075359344482,900,0.0,0.0
1998-10-19 00:00:00-04:00,6.207582950592041,6.207582950592041,6.207582950592041,6.207582950592041,675,0.0,0.0
1998-10-20 00:00:00-04:00,5.9688252362028225,6.44633150100708,5.9688252362028225,6.44633150100708,9000,0.0,0.0
1998-10-21 00:00:00-04:00,6.267271016669748,6.386647661133897,6.207582950592041,6.207582950592041,2700,0.0,0.0
1998-10-22 00:00:00-04:00,6.207582971537249,6.446335748962396,5.849453036936427,6.088205814361572,14400,0.0,0.0
1998-10-23 00:00:00-04:00,6.44633150100708,6.44633150100708,5.744994110537277,6.44633150100708,3600,0.0,0.0
1998-10-26 00:00:00-05:00,6.44633150100708,6.44633150100708,6.44633150100708,6.44633150100708,1125,0.0,0.0
1998-10-27 00:00:00-05:00,6.4463306561701454,6.565707206726074,6.4463306561701454,6.565707206726074,4725,0.0,0.0
1998-10-28 00:00:00-05:00,6.6850858678908915,8.117604524307492,6.6850858678908915,7.819163799285889,17550,0.0,0.0
1998-10-29 00:00:00-05:00,7.819163588774438,7.819163588774438,7.401345252990723,7.401345252990723,2925,0.0,0.0
1998-10-30 00:00:00-05:00,7.22228240966797,7.22228240966797,7.22228240966797,7.222282409667969,1350,0.0,0.0
1998-11-02 00:00:00-05:00,7.102903366088867,7.102903366088867,7.102903366088867,7.102903366088867,225,0.0,0.0
1998-11-03 00:00:00-05:00,7.102903366088867,7.102903366088867,7.102903366088867,7.102903366088867,1800,0.0,0.0
1998-11-04 00:00:00-05:00,7.102903366088867,7.102903366088867,7.102903366088867,7.102903366088867,0,0.0,0.0
1998-11-05 00:00:00-05:00,7.102903366088867,7.102903366088867,7.102903366088867,7.102903366088867,0,0.0,0.0
1998-11-06 00:00:00-05:00,7.102903366088867,7.102903366088867,7.102903366088867,7.102903366088867,0,0.0,0.0
1998-11-09 00:00:00-05:00,7.640098441350411,7.8788516297101,7.401345252990723,7.401345252990723,6750,0.0,0.0
1998-11-10 00:00:00-05:00,7.640097141265869,7.789317730521279,7.640097141265869,7.640097141265869,1800,0.0,0.0
1998-11-11 00:00:00-05:00,7.640097141265869,7.640097141265869,7.640097141265869,7.640097141265869,0,0.0,0.0
1998-11-12 00:00:00-05:00,7.58040995383726,7.878851698028971,7.520721912384032,7.520721912384033,6750,0.0,0.0
1998-11-13 00:00:00-05:00,7.878856658935547,7.878856658935547,7.878856658935547,7.878856658935547,450,0.0,0.0
1998-11-16 00:00:00-05:00,7.401345252990723,7.401345252990723,7.401345252990723,7.401345252990723,225,0.0,0.0
1998-11-17 00:00:00-05:00,7.401345252990723,7.401345252990723,7.401345252990723,7.401345252990723,450,0.0,0.0
1998-11-18 00:00:00-05:00,7.043214015912157,7.043214015912157,7.0133705139160165,7.013370513916016,1350,0.0,0.0
1998-11-19 00:00:00-05:00,7.0133705139160165,7.0133705139160165,7.0133705139160165,7.013370513916016,0,0.0,0.0
1998-11-20 00:00:00-05:00,7.22228240966797,7.22228240966797,7.22228240966797,7.222282409667969,225,0.0,0.0
1998-11-23 00:00:00-05:00,7.22228240966797,7.22228240966797,7.22228240966797,7.222282409667969,0,0.0,0.0
1998-11-24 00:00:00-05:00,7.22228240966797,7.22228240966797,7.22228240966797,7.222282409667969,0,0.0,0.0
1998-11-25 00:00:00-05:00,6.923840522766112,6.923840522766112,6.923840522766112,6.923840522766113,225,0.0,0.0
1998-11-27 00:00:00-05:00,6.923840522766112,6.923840522766112,6.923840522766112,6.923840522766113,0,0.0,0.0
1998-11-30 00:00:00-05:00,6.864147663116454,6.864147663116454,6.864147663116454,6.864147663116455,1125,0.0,0.0
1998-12-01 00:00:00-05:00,6.923840522766112,6.923840522766112,6.923840522766112,6.923840522766113,1350,0.0,0.0
1998-12-02 00:00:00-05:00,6.416486740112305,6.416486740112305,6.416486740112305,6.416486740112305,225,0.0,0.0
1998-12-03 00:00:00-05:00,6.416486740112305,6.416486740112305,6.416486740112305,6.416486740112305,0,0.0,0.0
1998-12-04 00:00:00-05:00,6.923840522766112,6.923840522766112,6.923840522766112,6.923840522766113,900,0.0,0.0
1998-12-07 00:00:00-05:00,6.8044633865356445,6.8044633865356445,6.8044633865356445,6.8044633865356445,450,0.0,0.0
1998-12-08 00:00:00-05:00,6.864148821281419,6.864148821281419,6.834304809570312,6.8343048095703125,8325,0.0,0.0
1998-12-09 00:00:00-05:00,6.834304809570312,6.834304809570312,6.834304809570312,6.8343048095703125,0,0.0,0.0
1998-12-10 00:00:00-05:00,6.879075689400078,6.8939971923828125,6.879075689400078,6.8939971923828125,4050,0.0,0.0
1998-12-11 00:00:00-05:00,6.923840522766112,6.923840522766112,6.923840522766112,6.923840522766113,450,0.0,0.0
1998-12-14 00:00:00-05:00,6.923840522766112,6.923840522766112,6.923840522766112,6.923840522766113,0,0.0,0.0
1998-12-15 00:00:00-05:00,6.923840522766112,6.923840522766112,6.923840522766112,6.923840522766113,0,0.0,0.0
1998-12-16 00:00:00-05:00,6.923840522766112,6.923840522766112,6.923840522766112,6.923840522766113,2250,0.0,0.0
1998-12-17 00:00:00-05:00,6.923840522766112,6.923840522766112,6.923840522766112,6.923840522766113,900,0.0,0.0
1998-12-18 00:00:00-05:00,6.923840522766112,6.923840522766112,6.923840522766112,6.923840522766113,0,0.0,0.0
1998-12-21 00:00:00-05:00,6.923840522766112,6.923840522766112,6.923840522766112,6.923840522766113,0,0.0,0.0
1998-12-22 00:00:00-05:00,6.923840522766112,6.923840522766112,6.923840522766112,6.923840522766113,0,0.0,0.0
1998-12-23 00:00:00-05:00,7.043215751647949,7.043215751647949,7.043215751647949,7.043215751647949,1125,0.0,0.0
1998-12-24 00:00:00-05:00,7.043215751647949,7.043215751647949,7.043215751647949,7.043215751647949,0,0.0,0.0
1998-12-28 00:00:00-05:00,7.043216624192298,7.043216624192298,6.804463909031324,6.923840522766113,4050,0.0,0.0
1998-12-29 00:00:00-05:00,6.959840297698975,6.959840297698975,6.959840297698975,6.959840297698975,0,0.06667,0.0
1998-12-30 00:00:00-05:00,6.959840297698975,6.959840297698975,6.959840297698975,6.959840297698975,0,0.0,0.0
1998-12-31 00:00:00-05:00,6.959840297698975,6.959840297698975,6.959840297698975,6.959840297698975,0,0.0,0.0
1999-01-04 00:00:00-05:00,6.899838227330433,7.019835472106934,6.899838227330433,7.019835472106934,1125,0.0,0.0
1999-01-05 00:00:00-05:00,6.899843032375227,7.109838485717773,6.899843032375227,7.109838485717773,2250,0.0,0.0
1999-01-06 00:00:00-05:00,6.899840036281827,6.899840036281827,6.719843864440917,6.719843864440918,3825,0.0,0.0
1999-01-07 00:00:00-05:00,6.959840297698975,6.959840297698975,6.959840297698975,6.959840297698975,225,0.0,0.0
1999-01-08 00:00:00-05:00,6.959840297698975,6.959840297698975,6.959840297698975,6.959840297698975,0,0.0,0.0
1999-01-11 00:00:00-05:00,6.959840297698975,6.959840297698975,6.959840297698975,6.959840297698975,0,0.0,0.0
1999-01-12 00:00:00-05:00,6.959840297698975,6.959840297698975,6.959840297698975,6.959840297698975,0,0.0,0.0
1999-01-13 00:00:00-05:00,6.8398423194885245,6.8398423194885245,6.8398423194885245,6.839842319488525,2925,0.0,0.0
1999-01-14 00:00:00-05:00,6.719843864440917,6.719843864440917,6.719843864440917,6.719843864440918,225,0.0,0.0
1999-01-15 00:00:00-05:00,6.719843864440917,6.719843864440917,6.719843864440917,6.719843864440918,0,0.0,0.0
1999-01-19 00:00:00-05:00,6.719843497848852,6.719843497848852,6.5398478507995605,6.5398478507995605,2250,0.0,0.0
1999-01-20 00:00:00-05:00,6.539848207572204,6.719843864440917,6.539848207572204,6.719843864440918,4050,0.0,0.0
1999-01-21 00:00:00-05:00,6.5398478507995605,6.719843497848852,6.5398478507995605,6.5398478507995605,1350,0.0,0.0
1999-01-22 00:00:00-05:00,6.539850976187977,6.539850976187977,6.419854164123534,6.419854164123535,2475,0.0,0.0
1999-01-25 00:00:00-05:00,6.419852117881247,6.599847793579102,6.419852117881247,6.599847793579102,675,0.0,0.0
1999-01-26 00:00:00-05:00,6.599847793579102,6.599847793579102,6.479850504789781,6.599847793579102,1800,0.0,0.0
1999-01-27 00:00:00-05:00,6.779843275017482,6.779843275017482,6.4198514463078595,6.719843864440918,4500,0.0,0.0
1999-01-28 00:00:00-05:00,6.5398520916509835,6.704848766326904,6.5398520916509835,6.704848766326904,2250,0.0,0.0
1999-01-29 00:00:00-05:00,6.779845568154059,7.01983968682778,6.659847736358642,6.659847736358643,4275,0.0,0.0
1999-02-01 00:00:00-05:00,6.959840297698975,6.959840297698975,6.959840297698975,6.959840297698975,6075,0.0,0.0
1999-02-02 00:00:00-05:00,6.959840297698975,6.959840297698975,6.959840297698975,6.959840297698975,0,0.0,0.0
1999-02-03 00:00:00-05:00,7.079838346920594,7.1398372650146475,7.079838346920594,7.139837265014648,3825,0.0,0.0
1999-02-04 00:00:00-05:00,6.959840297698975,7.139835989890398,6.959840297698975,6.959840297698975,3600,0.0,0.0
1999-02-05 00:00:00-05:00,6.959840297698975,6.959840297698975,6.959840297698975,6.959840297698975,0,0.0,0.0
1999-02-08 00:00:00-05:00,6.959840297698975,6.959840297698975,6.959840297698975,6.959840297698975,3825,0.0,0.0
1999-02-09 00:00:00-05:00,6.629845142364502,6.629845142364502,6.629845142364502,6.629845142364502,1350,0.0,0.0
1999-02-10 00:00:00-05:00,6.599847793579102,6.599847793579102,6.599847793579102,6.599847793579102,2700,0.0,0.0
1999-02-11 00:00:00-05:00,6.599847793579102,6.599847793579102,6.599847793579102,6.599847793579102,900,0.0,0.0
1999-02-12 00:00:00-05:00,6.599847793579102,6.599847793579102,6.599847793579102,6.599847793579102,450,0.0,0.0
1999-02-16 00:00:00-05:00,6.599847793579102,6.599847793579102,6.599847793579102,6.599847793579102,0,0.0,0.0
1999-02-17 00:00:00-05:00,6.899838924407959,6.899838924407959,6.899838924407959,6.899838924407959,2025,0.0,0.0
1999-02-18 00:00:00-05:00,6.899838924407959,6.899838924407959,6.899838924407959,6.899838924407959,0,0.0,0.0
1999-02-19 00:00:00-05:00,6.899838924407959,6.899838924407959,6.899838924407959,6.899838924407959,0,0.0,0.0
1999-02-22 00:00:00-05:00,6.479849826940032,6.719843864440917,4.799888989572851,6.719843864440918,32400,0.0,0.0
1999-02-23 00:00:00-05:00,6.359854471143952,6.359854471143952,6.2398576736450195,6.2398576736450195,2025,0.0,0.0
1999-02-24 00:00:00-05:00,6.2398576736450195,6.959841033500373,6.2398576736450195,6.2398576736450195,24525,0.0,0.0
1999-02-25 00:00:00-05:00,6.239855319119783,6.479849338531494,6.239855319119783,6.479849338531494,2700,0.0,0.0
1999-02-26 00:00:00-05:00,6.599847793579102,6.599847793579102,6.599847793579102,6.599847793579102,450,0.0,0.0
1999-03-01 00:00:00-05:00,6.299856837086678,6.419854164123534,6.299856837086678,6.419854164123535,1125,0.0,0.0
1999-03-02 00:00:00-05:00,6.389851259394504,6.479849338531494,6.389851259394504,6.479849338531494,1350,0.0,0.0
1999-03-03 00:00:00-05:00,6.479849338531494,6.479849338531494,6.479849338531494,6.479849338531494,0,0.0,0.0
1999-03-04 00:00:00-05:00,6.479849338531494,6.479849338531494,6.479849338531494,6.479849338531494,0,0.0,0.0
1999-03-05 00:00:00-05:00,6.479849338531494,6.479849338531494,6.479849338531494,6.479849338531494,0,0.0,0.0
1999-03-08 00:00:00-05:00,6.479849338531494,6.479849338531494,6.479849338531494,6.479849338531494,0,0.0,0.0
1999-03-09 00:00:00-05:00,6.479849338531494,6.479849338531494,6.479849338531494,6.479849338531494,2250,0.0,0.0
1999-03-10 00:00:00-05:00,6.479849338531494,6.479849338531494,6.479849338531494,6.479849338531494,450,0.0,0.0
1999-03-11 00:00:00-05:00,6.479849338531494,6.479849338531494,6.239855319119783,6.479849338531494,900,0.0,0.0
1999-03-12 00:00:00-05:00,6.479849338531494,6.479849338531494,6.479849338531494,6.479849338531494,0,0.0,0.0
1999-03-15 00:00:00-05:00,6.38985629405872,6.38985629405872,6.359857082366943,6.359857082366943,2700,0.0,0.0
1999-03-16 00:00:00-05:00,6.359857082366943,6.359857082366943,6.359857082366943,6.359857082366943,0,0.0,0.0
1999-03-17 00:00:00-05:00,6.299856810570129,6.299856810570129,5.75986909866333,5.75986909866333,4725,0.0,0.0
1999-03-18 00:00:00-05:00,6.029862934053284,6.089861339628357,6.029862934053284,6.05986213684082,11475,0.0,0.0
1999-03-19 00:00:00-05:00,6.299855709075928,6.299855709075928,6.299855709075928,6.299855709075928,450,0.0,0.0
1999-03-22 00:00:00-05:00,6.299855709075928,6.299855709075928,6.299855709075928,6.299855709075928,0,0.0,0.0
1999-03-23 00:00:00-05:00,6.299855709075928,6.299855709075928,6.299855709075928,6.299855709075928,0,0.0,0.0
1999-03-24 00:00:00-05:00,6.359855305538041,6.359855305538041,6.119860649108888,6.119860649108887,2700,0.0,0.0
1999-03-25 00:00:00-05:00,6.359857082366943,6.359857082366943,6.359857082366943,6.359857082366943,450,0.0,0.0
1999-03-26 00:00:00-05:00,6.239857539568513,6.359854334489062,6.149859428405762,6.149859428405762,900,0.0,0.0
1999-03-29 00:00:00-05:00,6.1909356117248535,6.1909356117248535,6.1909356117248535,6.1909356117248535,1800,0.07556,0.0
1999-03-30 00:00:00-05:00,6.100335597991944,6.100335597991944,6.100335597991944,6.100335597991943,675,0.0,0.0
1999-03-31 00:00:00-05:00,6.039933356820081,6.28153133392334,5.994634027719777,6.28153133392334,10800,0.0,0.0
1999-04-01 00:00:00-05:00,6.039935597817123,6.039935597817123,4.982947231087421,5.375543117523193,31725,0.0,0.0
1999-04-05 00:00:00-04:00,5.798337459564209,5.798337459564209,5.37554209000591,5.798337459564209,6300,0.0,0.0
1999-04-06 00:00:00-04:00,5.315141499156935,6.28153133392334,5.315141499156935,6.28153133392334,1800,0.0,0.0
1999-04-07 00:00:00-04:00,5.798337459564209,5.798337459564209,5.798337459564209,5.798337459564209,225,0.0,0.0
1999-04-08 00:00:00-04:00,5.798337459564209,5.798337459564209,5.798337459564209,5.798337459564209,0,0.0,0.0
1999-04-09 00:00:00-04:00,5.677537441253662,5.677537441253662,5.677537441253662,5.677537441253662,225,0.0,0.0
1999-04-12 00:00:00-04:00,5.677537441253662,5.677537441253662,5.677537441253662,5.677537441253662,0,0.0,0.0
1999-04-13 00:00:00-04:00,5.677536834834083,5.737936973571777,5.677536834834083,5.737936973571777,1575,0.0,0.0
1999-04-14 00:00:00-04:00,5.677537441253662,5.737937586442715,5.677537441253662,5.677537441253662,13050,0.0,0.0
1999-04-15 00:00:00-04:00,5.737937586442715,5.737937586442715,5.677537441253662,5.677537441253662,7200,0.0,0.0
1999-04-16 00:00:00-04:00,5.556739643182341,5.798337131671078,5.3151421546936035,5.3151421546936035,8325,0.0,0.0
1999-04-19 00:00:00-04:00,5.677537441253662,5.677537441253662,5.677537441253662,5.677537441253662,225,0.0,0.0
1999-04-20 00:00:00-04:00,5.677537441253662,5.677537441253662,5.677537441253662,5.677537441253662,2475,0.0,0.0
1999-04-21 00:00:00-04:00,5.556739643182341,5.677537869014987,5.3151421546936035,5.3151421546936035,6975,0.0,0.0
1999-04-22 00:00:00-04:00,5.677539715105118,6.039936065673828,5.677539715105118,6.039936065673828,5850,0.0,0.0
1999-04-23 00:00:00-04:00,6.039936065673828,6.039936065673828,6.039936065673828,6.039936065673828,1575,0.0,0.0
1999-04-26 00:00:00-04:00,6.221133981752239,6.221133981752239,6.039936065673828,6.039936065673828,5400,0.0,0.0
1999-04-27 00:00:00-04:00,6.28153133392334,6.28153133392334,6.28153133392334,6.28153133392334,1350,0.0,0.0
1999-04-28 00:00:00-04:00,6.039936065673828,6.039936065673828,6.039936065673828,6.039936065673828,225,0.0,0.0
1999-04-29 00:00:00-04:00,6.039936065673828,6.039936065673828,6.039936065673828,6.039936065673828,0,0.0,0.0
1999-04-30 00:00:00-04:00,6.28153133392334,6.28153133392334,6.28153133392334,6.28153133392334,900,0.0,0.0
1999-05-03 00:00:00-04:00,6.28153133392334,6.341930439390411,6.28153133392334,6.28153133392334,2475,0.0,0.0
1999-05-04 00:00:00-04:00,6.311733722686768,6.311733722686768,6.311733722686768,6.311733722686768,450,0.0,0.0
1999-05-05 00:00:00-04:00,6.311730368245217,6.402329544857483,6.28153133392334,6.28153133392334,11025,0.0,0.0
1999-05-06 00:00:00-04:00,6.28153133392334,6.28153133392334,6.28153133392334,6.28153133392334,0,0.0,0.0
1999-05-07 00:00:00-04:00,6.28153133392334,6.28153133392334,6.28153133392334,6.28153133392334,4275,0.0,0.0
1999-05-10 00:00:00-04:00,6.28153133392334,6.28153133392334,6.28153133392334,6.28153133392334,0,0.0,0.0
1999-05-11 00:00:00-04:00,6.070132923720141,6.341929912567139,6.070132923720141,6.341929912567139,2700,0.0,0.0
1999-05-12 00:00:00-04:00,6.341929912567139,6.341929912567139,6.341929912567139,6.341929912567139,0,0.0,0.0
1999-05-13 00:00:00-04:00,6.341929912567139,6.341929912567139,6.341929912567139,6.341929912567139,0,0.0,0.0
1999-05-14 00:00:00-04:00,6.039933536350695,6.160732269287109,6.039933536350695,6.160732269287109,4275,0.0,0.0
1999-05-17 00:00:00-04:00,6.462730407714844,6.462730407714844,6.462730407714844,6.462730407714844,225,0.0,0.0
1999-05-18 00:00:00-04:00,6.4627293608339835,6.4627293608339835,6.160732269287109,6.160732269287109,3600,0.0,0.0
1999-05-19 00:00:00-04:00,6.28153133392334,6.28153133392334,6.28153133392334,6.28153133392334,225,0.0,0.0
1999-05-20 00:00:00-04:00,6.0701361503634725,6.0701361503634725,6.039936065673828,6.039936065673828,7650,0.0,0.0
1999-05-21 00:00:00-04:00,6.523134127385345,6.885530640599683,6.523134127385345,6.58353328704834,24300,0.0,0.0
1999-05-24 00:00:00-04:00,6.402332305908203,6.402332305908203,6.402332305908203,6.402332305908203,225,0.0,0.0
1999-05-25 00:00:00-04:00,6.402332305908203,6.402332305908203,6.402332305908203,6.402332305908203,0,0.0,0.0
1999-05-26 00:00:00-04:00,6.402332416242539,6.432531982520292,6.039936065673828,6.039936065673828,4725,0.0,0.0
1999-05-27 00:00:00-04:00,6.039936065673828,6.039936065673828,6.039936065673828,6.039936065673828,0,0.0,0.0
1999-05-28 00:00:00-04:00,6.039936065673828,6.039936065673828,6.039936065673828,6.039936065673828,225,0.0,0.0
1999-06-01 00:00:00-04:00,6.039936065673828,6.039936065673828,6.039936065673828,6.039936065673828,1575,0.0,0.0
1999-06-02 00:00:00-04:00,6.039936065673828,6.039936065673828,6.039936065673828,6.039936065673828,0,0.0,0.0
1999-06-03 00:00:00-04:00,6.160732269287109,6.160732269287109,6.160732269287109,6.160732269287109,900,0.0,0.0
1999-06-04 00:00:00-04:00,5.858736575896072,5.858736575896072,5.556739957413252,5.798337459564209,6075,0.0,0.0
1999-06-07 00:00:00-04:00,5.677537441253662,5.677537441253662,5.496339597744916,5.677537441253662,6975,0.0,0.0
1999-06-08 00:00:00-04:00,5.677537441253662,5.677537441253662,5.677537441253662,5.677537441253662,0,0.0,0.0
1999-06-09 00:00:00-04:00,6.281534151131526,6.281534151131526,6.039936065673828,6.039936065673828,1350,0.0,0.0
1999-06-10 00:00:00-04:00,5.61713981628418,5.61713981628418,5.61713981628418,5.61713981628418,3600,0.0,0.0
1999-06-11 00:00:00-04:00,5.677537441253662,5.677537441253662,5.677537441253662,5.677537441253662,450,0.0,0.0
1999-06-14 00:00:00-04:00,5.798337459564209,5.798337459564209,5.798337459564209,5.798337459564209,9450,0.0,0.0
1999-06-15 00:00:00-04:00,5.798336694808404,5.798336694808404,5.677537441253662,5.677537441253662,2475,0.0,0.0
1999-06-16 00:00:00-04:00,5.677537441253662,5.677537441253662,5.677537441253662,5.677537441253662,0,0.0,0.0
1999-06-17 00:00:00-04:00,5.677537441253662,5.677537441253662,5.617138332887974,5.677537441253662,4050,0.0,0.0
1999-06-18 00:00:00-04:00,5.798337459564209,5.919136210639687,5.798337459564209,5.798337459564209,2250,0.0,0.0
1999-06-21 00:00:00-04:00,5.61713981628418,5.61713981628418,5.61713981628418,5.61713981628418,675,0.0,0.0
1999-06-22 00:00:00-04:00,5.617137732919643,6.160731723796112,5.617137732919643,5.737936973571777,6975,0.0,0.0
1999-06-23 00:00:00-04:00,5.768136345394944,6.28153133392334,5.768136345394944,6.28153133392334,450,0.0,0.0
1999-06-24 00:00:00-04:00,5.677538190076978,5.798337459564209,5.677538190076978,5.798337459564209,5850,0.0,0.0
1999-06-25 00:00:00-04:00,5.798337459564209,5.798337459564209,5.798337459564209,5.798337459564209,0,0.0,0.0
1999-06-28 00:00:00-04:00,6.569667816162109,6.569667816162109,6.569667816162109,6.569667816162109,225,0.07556,0.0
1999-06-29 00:00:00-04:00,6.569667816162109,6.569667816162109,6.569667816162109,6.569667816162109,0,0.0,0.0
1999-06-30 00:00:00-04:00,6.569667816162109,6.569667816162109,6.569667816162109,6.569667816162109,0,0.0,0.0
1999-07-01 00:00:00-04:00,6.569667816162109,6.569667816162109,6.569667816162109,6.569667816162109,0,0.0,0.0
1999-07-02 00:00:00-04:00,6.569667816162109,6.569667816162109,6.569667816162109,6.569667816162109,0,0.0,0.0
1999-07-06 00:00:00-04:00,6.569667816162109,6.569667816162109,6.569667816162109,6.569667816162109,0,0.0,0.0
1999-07-07 00:00:00-04:00,6.569667816162109,6.569667816162109,6.569667816162109,6.569667816162109,0,0.0,0.0
1999-07-08 00:00:00-04:00,5.718044106303441,6.448007583618164,5.718044106303441,6.448007583618164,3600,0.0,0.0
1999-07-09 00:00:00-04:00,6.448007583618164,6.448007583618164,6.448007583618164,6.448007583618164,0,0.0,0.0
1999-07-12 00:00:00-04:00,6.448007583618164,6.448007583618164,6.448007583618164,6.448007583618164,0,0.0,0.0
1999-07-13 00:00:00-04:00,5.778875350952148,5.778875350952148,5.778875350952148,5.778875350952148,675,0.0,0.0
1999-07-14 00:00:00-04:00,6.448004975113687,6.448004975113687,6.326344966888428,6.326344966888428,900,0.0,0.0
1999-07-15 00:00:00-04:00,6.083026885986328,6.083026885986328,6.083026885986328,6.083026885986328,450,0.0,0.0
1999-07-16 00:00:00-04:00,5.733253002166748,5.733253002166748,5.733253002166748,5.733253002166748,2025,0.0,0.0
1999-07-19 00:00:00-04:00,5.961367450631813,5.961367450631813,5.7484612464904785,5.7484612464904785,675,0.0,0.0
1999-07-20 00:00:00-04:00,6.326346773891561,6.326346773891561,5.839704513549804,5.839704513549805,12825,0.0,0.0
1999-07-21 00:00:00-04:00,5.839704513549804,5.839704513549804,5.839704513549804,5.839704513549805,0,0.0,0.0
1999-07-22 00:00:00-04:00,6.2046875953674325,6.2046875953674325,6.2046875953674325,6.204687595367432,4950,0.0,0.0
1999-07-23 00:00:00-04:00,6.326345077979591,6.387175083160401,6.326345077979591,6.3871750831604,11475,0.0,0.0
1999-07-26 00:00:00-04:00,6.448007583618164,6.448007583618164,6.3263475261760265,6.448007583618164,2475,0.0,0.0
1999-07-27 00:00:00-04:00,6.448006455340525,6.782573121094593,6.448006455340525,6.6913275718688965,11025,0.0,0.0
1999-07-28 00:00:00-04:00,6.569667816162109,6.569667816162109,6.569667816162109,6.569667816162109,900,0.0,0.0
1999-07-29 00:00:00-04:00,6.554458141326904,6.554458141326904,6.554458141326904,6.554458141326904,450,0.0,0.0
1999-07-30 00:00:00-04:00,6.356763598285071,6.630499839782715,6.356763598285071,6.630499839782715,900,0.0,0.0
1999-08-02 00:00:00-04:00,6.630499839782715,6.630499839782715,6.630499839782715,6.630499839782715,0,0.0,0.0
1999-08-03 00:00:00-04:00,6.356761682663395,6.569667816162109,6.3263471920196634,6.569667816162109,5850,0.0,0.0
1999-08-04 00:00:00-04:00,6.752160449571717,6.752160449571717,6.569669795943437,6.630499839782715,10125,0.0,0.0
1999-08-05 00:00:00-04:00,6.630499839782715,6.630499839782715,6.630499839782715,6.630499839782715,0,0.0,0.0
1999-08-06 00:00:00-04:00,6.630499839782715,6.630499839782715,6.630499839782715,6.630499839782715,0,0.0,0.0
1999-08-09 00:00:00-04:00,6.083021283684208,6.569663236991708,6.083021283684208,6.417587757110596,5625,0.0,0.0
1999-08-10 00:00:00-04:00,6.417587757110596,6.417587757110596,6.417587757110596,6.417587757110596,0,0.0,0.0
1999-08-11 00:00:00-04:00,6.326344966888428,6.326344966888428,6.326344966888428,6.326344966888428,1350,0.0,0.0
1999-08-12 00:00:00-04:00,6.326344966888428,6.326344966888428,6.326344966888428,6.326344966888428,2250,0.0,0.0
1999-08-13 00:00:00-04:00,6.326344966888428,6.326344966888428,6.326344966888428,6.326344966888428,0,0.0,0.0
1999-08-16 00:00:00-04:00,6.569667816162109,6.569667816162109,6.569667816162109,6.569667816162109,225,0.0,0.0
1999-08-17 00:00:00-04:00,6.448007243035742,6.569667816162109,6.448007243035742,6.569667816162109,3600,0.0,0.0
1999-08-18 00:00:00-04:00,6.569667816162109,6.569667816162109,6.569667816162109,6.569667816162109,0,0.0,0.0
1999-08-19 00:00:00-04:00,6.63049536655225,7.056307474596976,6.63049536655225,6.812985897064209,9675,0.0,0.0
1999-08-20 00:00:00-04:00,6.8738183975219735,6.934648413184819,6.8738183975219735,6.873818397521973,5400,0.0,0.0
1999-08-23 00:00:00-04:00,6.995480458244349,7.05631101366441,6.873820391624936,6.904234886169434,4050,0.0,0.0
1999-08-24 00:00:00-04:00,7.056309700012207,7.056309700012207,7.056309700012207,7.056309700012207,2025,0.0,0.0
1999-08-25 00:00:00-04:00,6.995478428847664,6.995478428847664,6.8738183975219735,6.873818397521973,2475,0.0,0.0
1999-08-26 00:00:00-04:00,7.056309700012207,7.299630310063113,6.812988045740784,7.056309700012207,12150,0.0,0.0
1999-08-27 00:00:00-04:00,6.934648413184819,6.934648413184819,6.8738183975219735,6.873818397521973,450,0.0,0.0
1999-08-30 00:00:00-04:00,7.056308479124069,7.177968502044678,7.056308479124069,7.177968502044678,2025,0.0,0.0
1999-08-31 00:00:00-04:00,6.934651374816894,6.934651374816894,6.934651374816894,6.9346513748168945,450,0.0,0.0
1999-09-01 00:00:00-04:00,6.99547694968626,7.238798005108935,6.752155894263587,6.812985897064209,9000,0.0,0.0
1999-09-02 00:00:00-04:00,6.873819414179671,6.873819414179671,6.508837699890137,6.508837699890137,1125,0.0,0.0
1999-09-03 00:00:00-04:00,6.508837699890137,6.508837699890137,6.508837699890137,6.508837699890137,0,0.0,0.0
1999-09-07 00:00:00-04:00,6.508837699890137,6.508837699890137,6.508837699890137,6.508837699890137,0,0.0,0.0
1999-09-08 00:00:00-04:00,6.569663236991708,6.569663236991708,6.417587757110596,6.417587757110596,4050,0.0,0.0
1999-09-09 00:00:00-04:00,6.448002748664833,6.448002748664833,6.417587757110596,6.417587757110596,1350,0.0,0.0
1999-09-10 00:00:00-04:00,6.326348608842684,6.326348608842684,6.083026885986328,6.083026885986328,3375,0.0,0.0
1999-09-13 00:00:00-04:00,6.326344830439049,6.812985897064208,6.326344830439049,6.812985897064209,1125,0.0,0.0
1999-09-14 00:00:00-04:00,7.299630250354565,7.299630250354565,5.474722818293487,5.839704513549805,2100,0.0,1.5
1999-09-15 00:00:00-04:00,6.6609144463180865,6.6609144463180865,6.204687093293731,6.432800769805908,1350,0.0,0.0
1999-09-16 00:00:00-04:00,6.432797587046008,6.934647218228147,6.387175083160401,6.3871750831604,4350,0.0,0.0
1999-09-17 00:00:00-04:00,6.934648351239742,7.299629486176961,6.934648351239742,6.980270862579346,9600,0.0,0.0
1999-09-20 00:00:00-04:00,7.025896437279856,7.025896437279856,6.387178911597414,6.9346513748168945,1350,0.0,0.0
1999-09-21 00:00:00-04:00,7.025889873504639,7.025889873504639,6.889021885565523,7.025889873504639,1500,0.0,0.0
1999-09-22 00:00:00-04:00,6.752156734466553,6.752156734466553,6.752156734466553,6.752156734466553,450,0.0,0.0
1999-09-23 00:00:00-04:00,6.843403975168864,6.843403975168864,6.569667816162109,6.569667816162109,5550,0.0,0.0
1999-09-24 00:00:00-04:00,6.843401688346818,7.025892225999361,6.387175083160401,6.3871750831604,3750,0.0,0.0
1999-09-27 00:00:00-04:00,6.660912036895753,6.934648140848863,6.660912036895753,6.660912036895752,600,0.0,0.0
1999-09-28 00:00:00-04:00,6.74831894201181,7.1155745697593495,6.74831894201181,6.977853775024414,4200,0.07533,0.0
1999-09-29 00:00:00-04:00,6.977853775024415,6.977853775024415,6.977853775024415,6.977853775024414,0,0.0,0.0
1999-09-30 00:00:00-04:00,6.977853775024415,6.977853775024415,6.977853775024415,6.977853775024414,0,0.0,0.0
1999-10-01 00:00:00-04:00,6.977850531231634,7.069664001464845,6.977850531231634,7.069664001464844,1500,0.0,0.0
1999-10-04 00:00:00-04:00,7.345106601715088,7.345106601715088,7.345106601715088,7.345106601715088,150,0.0,0.0
1999-10-05 00:00:00-04:00,7.345106601715088,7.345106601715088,7.345106601715088,7.345106601715088,0,0.0,0.0
1999-10-06 00:00:00-04:00,7.023761749267578,7.023761749267578,7.023761749267578,7.023761749267578,1950,0.0,0.0
1999-10-07 00:00:00-04:00,7.345106601715088,7.345106601715088,7.345106601715088,7.345106601715088,450,0.0,0.0
1999-10-08 00:00:00-04:00,7.345106601715088,7.345106601715088,7.345106601715088,7.345106601715088,0,0.0,0.0
1999-10-11 00:00:00-04:00,7.023761749267578,7.023761749267578,7.023761749267578,7.023761749267578,150,0.0,0.0
1999-10-12 00:00:00-04:00,7.069668513684198,7.069668513684198,7.023761749267578,7.023761749267578,4650,0.0,0.0
1999-10-13 00:00:00-04:00,7.023757266348239,7.069664001464845,7.023757266348239,7.069664001464844,10350,0.0,0.0
1999-10-14 00:00:00-04:00,7.023761749267578,7.023761749267578,7.023761749267578,7.023761749267578,750,0.0,0.0
1999-10-15 00:00:00-04:00,7.023761749267578,7.023761749267578,7.023761749267578,7.023761749267578,0,0.0,0.0
1999-10-18 00:00:00-04:00,7.345106601715088,7.345106601715088,7.345106601715088,7.345106601715088,150,0.0,0.0
1999-10-19 00:00:00-04:00,7.345106601715088,7.345106601715088,7.345106601715088,7.345106601715088,0,0.0,0.0
1999-10-20 00:00:00-04:00,7.345106601715088,7.345106601715088,7.345106601715088,7.345106601715088,0,0.0,0.0
1999-10-21 00:00:00-04:00,7.345106601715088,7.345106601715088,7.345106601715088,7.345106601715088,0,0.0,0.0
1999-10-22 00:00:00-04:00,7.345106601715088,7.345106601715088,7.345106601715088,7.345106601715088,0,0.0,0.0
1999-10-25 00:00:00-04:00,7.345106601715088,7.345106601715088,7.345106601715088,7.345106601715088,750,0.0,0.0
1999-10-26 00:00:00-04:00,7.345106601715088,7.345106601715088,7.345106601715088,7.345106601715088,4650,0.0,0.0
1999-10-27 00:00:00-04:00,7.345106601715088,7.345106601715088,7.104095285600153,7.345106601715088,4200,0.0,0.0
1999-10-28 00:00:00-04:00,7.345106601715088,7.345106601715088,7.345106601715088,7.345106601715088,1200,0.0,0.0
1999-10-29 00:00:00-04:00,7.345106601715088,7.345106601715088,7.345106601715088,7.345106601715088,0,0.0,0.0
1999-11-01 00:00:00-05:00,7.345106601715088,7.345106601715088,7.345106601715088,7.345106601715088,0,0.0,0.0
1999-11-02 00:00:00-05:00,7.345106601715088,7.345106601715088,7.345106601715088,7.345106601715088,0,0.0,0.0
1999-11-03 00:00:00-05:00,7.161480426788331,7.161480426788331,7.161480426788331,7.16148042678833,300,0.0,0.0
1999-11-04 00:00:00-05:00,7.253295364494284,7.253295364494284,6.977853775024415,6.977853775024414,3300,0.0,0.0
1999-11-05 00:00:00-05:00,6.977853775024415,6.977853775024415,6.977853775024415,6.977853775024414,0,0.0,0.0
1999-11-08 00:00:00-05:00,6.977853775024415,6.977853775024415,6.977853775024415,6.977853775024414,0,0.0,0.0
1999-11-09 00:00:00-05:00,6.977853775024415,6.977853775024415,6.977853775024415,6.977853775024414,0,0.0,0.0
1999-11-10 00:00:00-05:00,6.977853775024415,6.977853775024415,6.977853775024415,6.977853775024414,0,0.0,0.0
1999-11-11 00:00:00-05:00,6.977853775024415,6.977853775024415,6.977853775024415,6.977853775024414,0,0.0,0.0
1999-11-12 00:00:00-05:00,6.977853775024415,6.977853775024415,6.977853775024415,6.977853775024414,0,0.0,0.0
1999-11-15 00:00:00-05:00,6.977853775024415,6.977853775024415,6.977853775024415,6.977853775024414,0,0.0,0.0
1999-11-16 00:00:00-05:00,6.977852598020993,7.069666095448696,6.931945323944091,6.931945323944092,1800,0.0,0.0
1999-11-17 00:00:00-05:00,7.069664001464845,7.069664001464845,7.069664001464845,7.069664001464844,150,0.0,0.0
1999-11-18 00:00:00-05:00,7.069664001464845,7.069664001464845,7.069664001464845,7.069664001464844,0,0.0,0.0
1999-11-19 00:00:00-05:00,6.886040167977316,6.886040167977316,6.7024126052856445,6.7024126052856445,4200,0.0,0.0
1999-11-22 00:00:00-05:00,6.931945323944091,6.931945323944091,6.931945323944091,6.931945323944092,150,0.0,0.0
1999-11-23 00:00:00-05:00,6.7024126052856445,6.7024126052856445,6.7024126052856445,6.7024126052856445,1050,0.0,0.0
1999-11-24 00:00:00-05:00,6.610595703125,6.610595703125,6.610595703125,6.610595703125,1500,0.0,0.0
1999-11-26 00:00:00-05:00,6.610595703125,6.610595703125,6.610595703125,6.610595703125,0,0.0,0.0
1999-11-29 00:00:00-05:00,6.794227123943964,6.794227123943964,6.243343829425176,6.51878547668457,9750,0.0,0.0
1999-11-30 00:00:00-05:00,6.335157625554288,6.564692497253418,6.335157625554288,6.564692497253418,2850,0.0,0.0
1999-12-01 00:00:00-05:00,6.65650490373414,6.977853775024415,6.65650490373414,6.977853775024414,3000,0.0,0.0
1999-12-02 00:00:00-05:00,6.977854212004737,6.977854212004737,6.7024126052856445,6.7024126052856445,1350,0.0,0.0
1999-12-03 00:00:00-05:00,6.7024126052856445,6.7024126052856445,6.7024126052856445,6.7024126052856445,150,0.0,0.0
1999-12-06 00:00:00-05:00,6.794225567954657,6.794225567954657,6.243342399597168,6.243342399597168,3000,0.0,0.0
1999-12-07 00:00:00-05:00,6.9778511950862585,7.161478678385416,6.610595703125,6.610595703125,12450,0.0,0.0
1999-12-08 00:00:00-05:00,6.610595703125,6.794223186424157,6.610595703125,6.610595703125,4650,0.0,0.0
1999-12-09 00:00:00-05:00,6.886038764387563,6.886038764387563,6.61059721381206,6.794224739074707,6450,0.0,0.0
1999-12-10 00:00:00-05:00,6.977853775024415,6.977853775024415,6.977853775024415,6.977853775024414,150,0.0,0.0
1999-12-13 00:00:00-05:00,6.564692768136635,6.564692768136635,6.51878547668457,6.51878547668457,2400,0.0,0.0
1999-12-14 00:00:00-05:00,6.51878547668457,6.51878547668457,6.51878547668457,6.51878547668457,300,0.0,0.0
1999-12-15 00:00:00-05:00,6.426970472625084,6.426970472625084,6.243342399597168,6.243342399597168,5250,0.0,0.0
1999-12-16 00:00:00-05:00,6.243342408580429,6.426970481872559,6.059714860651429,6.426970481872559,15450,0.0,0.0
1999-12-17 00:00:00-05:00,6.335155259995234,6.335155259995234,5.784272193908691,5.784272193908691,18150,0.0,0.0
1999-12-20 00:00:00-05:00,5.600647408240114,6.151530742645264,5.5547401134641605,6.151530742645264,9450,0.0,0.0
1999-12-21 00:00:00-05:00,6.151530742645264,6.151530742645264,6.151530742645264,6.151530742645264,0,0.0,0.0
1999-12-22 00:00:00-05:00,5.96790075302124,5.96790075302124,5.96790075302124,5.96790075302124,150,0.0,0.0
1999-12-23 00:00:00-05:00,5.692458152770997,5.692458152770997,5.600644659014758,5.692458152770996,3300,0.0,0.0
1999-12-27 00:00:00-05:00,5.69245837613452,6.071190497488216,5.69245837613452,5.738365650177002,3600,0.0,0.0
1999-12-28 00:00:00-05:00,5.876087242830365,6.426970405428113,5.876087242830365,5.96790075302124,12900,0.0,0.0
1999-12-29 00:00:00-05:00,6.194604396820068,6.194604396820068,6.194604396820068,6.194604396820068,2400,0.07533,0.0
1999-12-30 00:00:00-05:00,6.102146269054303,6.194603207053919,5.963461126575796,6.0096893310546875,4950,0.0,0.0
1999-12-31 00:00:00-05:00,6.10214376449585,6.10214376449585,6.10214376449585,6.10214376449585,300,0.0,0.0
2000-01-03 00:00:00-05:00,6.240828850052573,6.240828850052573,5.91723049343409,6.10214376449585,5850,0.0,0.0
2000-01-04 00:00:00-05:00,6.10214376449585,6.10214376449585,6.10214376449585,6.10214376449585,0,0.0,0.0
2000-01-05 00:00:00-05:00,5.801660749125695,6.102145355875928,5.801660749125695,5.917232036590576,10350,0.0,0.0
2000-01-06 00:00:00-05:00,6.009688431712375,6.009688431712375,5.917232036590575,5.917232036590576,4800,0.0,0.0
2000-01-07 00:00:00-05:00,5.917232036590575,6.102145355875928,5.824775112427022,5.917232036590576,20700,0.0,0.0
2000-01-10 00:00:00-05:00,5.917232036590575,5.917232036590575,5.917232036590575,5.917232036590576,900,0.0,0.0
2000-01-11 00:00:00-05:00,6.055918216705322,6.055918216705322,5.801661763079695,6.055918216705322,8850,0.0,0.0
2000-01-12 00:00:00-05:00,6.055918216705322,6.055918216705322,6.055918216705322,6.055918216705322,0,0.0,0.0
2000-01-13 00:00:00-05:00,5.871005058288574,6.00969022131147,5.82477684696158,5.871005058288574,11850,0.0,0.0
2000-01-14 00:00:00-05:00,5.801661968231201,5.801661968231201,5.801661968231201,5.801661968231201,1950,0.0,0.0
2000-01-18 00:00:00-05:00,5.801661968231201,5.801661968231201,5.801661968231201,5.801661968231201,1650,0.0,0.0
2000-01-19 00:00:00-05:00,5.5474048193104615,5.847889423370362,5.5474048193104615,5.847889423370361,750,0.0,0.0
2000-01-20 00:00:00-05:00,5.8710033099879215,5.917232036590575,5.8710033099879215,5.917232036590576,13200,0.0,0.0
2000-01-21 00:00:00-05:00,6.287058561230305,6.287058561230305,5.7785468101501465,5.7785468101501465,31500,0.0,0.0
2000-01-24 00:00:00-05:00,5.732318764441419,6.287059307098389,5.547405426569698,6.287059307098389,5550,0.0,0.0
2000-01-25 00:00:00-05:00,6.032804715946878,6.1483755111694345,6.009690345285597,6.148375511169434,1950,0.0,0.0
2000-01-26 00:00:00-05:00,5.847890193480379,6.194603040345978,5.847890193480379,6.032803535461426,5550,0.0,0.0
2000-01-27 00:00:00-05:00,6.032805670636987,6.287061671979333,6.032805670636987,6.217719078063965,15150,0.0,0.0
2000-01-28 00:00:00-05:00,6.125256856023366,6.287055736377079,6.125256856023366,6.240827560424805,12300,0.0,0.0
2000-01-31 00:00:00-05:00,6.055918825532835,6.171489615773045,5.963461875915527,5.963461875915527,4050,0.0,0.0
2000-02-01 00:00:00-05:00,6.009690345285597,6.1483755111694345,5.847891337782404,6.148375511169434,5250,0.0,0.0
2000-02-02 00:00:00-05:00,6.009689331054687,6.194603207053919,6.009689331054687,6.0096893310546875,7050,0.0,0.0
2000-02-03 00:00:00-05:00,5.824775984097289,6.009689331054687,5.824775984097289,6.0096893310546875,2700,0.0,0.0
2000-02-04 00:00:00-05:00,6.00968982504369,6.379517078399658,6.00968982504369,6.379517078399658,11100,0.0,0.0
2000-02-07 00:00:00-05:00,6.379517078399658,6.379517078399658,6.379517078399658,6.379517078399658,0,0.0,0.0
2000-02-08 00:00:00-05:00,6.194604396820068,6.194604396820068,5.917234058589945,6.194604396820068,2100,0.0,0.0
2000-02-09 00:00:00-05:00,5.824776130420711,6.102146422345506,5.824776130420711,6.055918216705322,4050,0.0,0.0
2000-02-10 00:00:00-05:00,6.471972523488387,6.471972523488387,5.917232036590575,5.917232036590576,3150,0.0,0.0
2000-02-11 00:00:00-05:00,5.917233070742925,6.055918216705322,5.917233070742925,6.055918216705322,13800,0.0,0.0
2000-02-14 00:00:00-05:00,5.917232922096905,6.009689331054687,5.917232922096905,6.0096893310546875,7500,0.0,0.0
2000-02-15 00:00:00-05:00,5.963461276383108,6.055918216705322,5.917233070742925,6.055918216705322,11700,0.0,0.0
2000-02-16 00:00:00-05:00,6.055918216705322,6.055918216705322,6.055918216705322,6.055918216705322,0,0.0,0.0
2000-02-17 00:00:00-05:00,6.055918216705322,6.055918216705322,6.055918216705322,6.055918216705322,0,0.0,0.0
2000-02-18 00:00:00-05:00,5.940348148345947,6.009690735793729,5.732320386002604,5.940348148345947,8250,0.0,0.0
2000-02-22 00:00:00-05:00,5.732318878173828,5.732318878173828,5.732318878173828,5.732318878173828,5850,0.0,0.0
2000-02-23 00:00:00-05:00,6.009689033605918,6.009689033605918,5.824775695800781,5.824775695800781,2850,0.0,0.0
2000-02-24 00:00:00-05:00,5.639862471924484,5.732318878173828,5.639862471924484,5.732318878173828,450,0.0,0.0
2000-02-25 00:00:00-05:00,5.732319046097674,6.009689331054687,5.177578476183646,6.0096893310546875,16800,0.0,0.0
2000-02-28 00:00:00-05:00,6.009689331054687,6.009689331054687,6.009689331054687,6.0096893310546875,150,0.0,0.0
2000-02-29 00:00:00-05:00,5.824775112427022,6.009688431712375,5.824775112427022,5.917232036590576,5700,0.0,0.0
2000-03-01 00:00:00-05:00,5.547405601019762,6.009689224757468,5.362492257333045,5.639862537384033,6450,0.0,0.0
2000-03-02 00:00:00-05:00,6.009689224757468,6.009689224757468,5.639862537384033,5.639862537384033,1950,0.0,0.0
2000-03-03 00:00:00-05:00,5.547404490367963,5.96345982714556,5.1313491535903655,5.137127876281738,30450,0.0,0.0
2000-03-06 00:00:00-05:00,5.732317432496902,5.732317432496902,5.177577018737793,5.177577018737793,3600,0.0,0.0
2000-03-07 00:00:00-05:00,5.454947351826712,5.454947351826712,5.316262245178223,5.316262245178223,2700,0.0,0.0
2000-03-08 00:00:00-05:00,5.17757729694536,5.362491130828857,5.17757729694536,5.362491130828857,4200,0.0,0.0
2000-03-09 00:00:00-05:00,5.270036220550537,5.270036220550537,5.270036220550537,5.270036220550537,1950,0.0,0.0
2000-03-10 00:00:00-05:00,5.0851206358057315,5.27003393071154,5.0851206358057315,5.177577018737793,7500,0.0,0.0
2000-03-13 00:00:00-05:00,5.085122523225345,5.547406196594238,5.085122523225345,5.547406196594238,15600,0.0,0.0
2000-03-14 00:00:00-05:00,5.547406196594238,5.547406196594238,5.547406196594238,5.547406196594238,5700,0.0,0.0
2000-03-15 00:00:00-05:00,5.570519234063063,6.055917160254068,5.570519234063063,5.686089992523193,14550,0.0,0.0
2000-03-16 00:00:00-05:00,6.055917764838558,6.055917764838558,5.824775695800781,5.824775695800781,24000,0.0,0.0
2000-03-17 00:00:00-05:00,5.8710033099879215,5.917232036590575,5.8710033099879215,5.917232036590576,5400,0.0,0.0
2000-03-20 00:00:00-05:00,5.917232036590575,5.917232036590575,5.917232036590575,5.917232036590576,0,0.0,0.0
2000-03-21 00:00:00-05:00,5.824774728720632,5.871002923236254,5.54740450354346,5.593632698059082,10650,0.0,0.0
2000-03-22 00:00:00-05:00,5.686089616132046,5.871002923236254,5.593632698059082,5.593632698059082,4650,0.0,0.0
2000-03-23 00:00:00-05:00,5.871002923236254,5.871002923236254,5.454947585470495,5.593632698059082,5100,0.0,0.0
2000-03-24 00:00:00-05:00,5.593632698059082,5.593632698059082,5.593632698059082,5.593632698059082,0,0.0,0.0
2000-03-27 00:00:00-05:00,5.4549479465611785,5.686089992523194,5.4549479465611785,5.686089992523193,5550,0.0,0.0
2000-03-28 00:00:00-05:00,5.732319880010564,5.917233782910264,4.53038215637207,4.53038215637207,25950,0.0,0.0
2000-03-29 00:00:00-05:00,5.606908307991993,5.79380507335291,5.046217477192793,5.233114242553711,36900,0.08667,0.0
2000-03-30 00:00:00-05:00,5.700357436135869,5.700357436135869,4.9527692425569585,5.4200119972229,35700,0.0,0.0
2000-03-31 00:00:00-05:00,5.069580597034872,5.233115092776411,3.8313877880401823,4.508889675140381,131250,0.0,0.0
2000-04-03 00:00:00-04:00,4.859319495804428,4.999492168426514,4.5789741505602555,4.999492168426514,22500,0.0,0.0
2000-04-04 00:00:00-04:00,5.046219879068966,5.046219879068966,4.859323024749756,4.859323024749756,15300,0.0,0.0
2000-04-05 00:00:00-04:00,4.7658712551052265,4.9527679888313525,4.672422620883986,4.719147205352783,14550,0.0,0.0
2000-04-06 00:00:00-04:00,4.952770709991455,4.952770709991455,4.952770709991455,4.952770709991455,750,0.0,0.0
2000-04-07 00:00:00-04:00,4.952770709991455,4.952770709991455,4.952770709991455,4.952770709991455,300,0.0,0.0
2000-04-10 00:00:00-04:00,5.046219348907471,5.046219348907471,5.046219348907471,5.046219348907471,2100,0.0,0.0
2000-04-11 00:00:00-04:00,5.046219348907471,5.046219348907471,5.046219348907471,5.046219348907471,750,0.0,0.0
2000-04-12 00:00:00-04:00,5.3732902271408856,5.513463020324707,5.3732902271408856,5.513463020324707,4050,0.0,0.0
2000-04-13 00:00:00-04:00,5.606910705566406,5.606910705566406,5.420013860286417,5.606910705566406,3750,0.0,0.0
2000-04-14 00:00:00-04:00,5.466734266900397,5.6069069404106635,5.233112966144514,5.396647930145264,25650,0.0,0.0
2000-04-17 00:00:00-04:00,5.513461504957468,5.840531622302797,5.513461504957468,5.700358867645264,12450,0.0,0.0
2000-04-18 00:00:00-04:00,5.700359395564737,5.887256240844726,5.606910705566406,5.606910705566406,9450,0.0,0.0
2000-04-19 00:00:00-04:00,5.606911727352845,5.747084520536665,5.42001484801334,5.513463020324707,15600,0.0,0.0
2000-04-20 00:00:00-04:00,5.490101244605251,5.513463020324707,5.490101244605251,5.513463020324707,1050,0.0,0.0
2000-04-24 00:00:00-04:00,5.42001484801334,5.513463020324707,5.42001484801334,5.513463020324707,13050,0.0,0.0
2000-04-25 00:00:00-04:00,5.88725288059828,5.933976931570588,5.770442485809326,5.770442485809326,12000,0.0,0.0
2000-04-26 00:00:00-04:00,5.933979768930071,5.933979768930071,5.653634259615003,5.700358867645264,6900,0.0,0.0
2000-04-27 00:00:00-04:00,5.700358867645264,5.700358867645264,5.606910186301366,5.700358867645264,4800,0.0,0.0
2000-04-28 00:00:00-04:00,5.74708115613019,5.74708115613019,5.676994800567627,5.676994800567627,1500,0.0,0.0
2000-05-01 00:00:00-04:00,5.606910705566406,5.606910705566406,5.606910705566406,5.606910705566406,900,0.0,0.0
2000-05-02 00:00:00-04:00,5.513461065897004,5.793806552886963,5.513461065897004,5.793806552886963,3150,0.0,0.0
2000-05-03 00:00:00-04:00,5.793807693836699,5.933980464935303,5.770445921798056,5.933980464935303,6900,0.0,0.0
2000-05-04 00:00:00-04:00,5.933980464935303,5.933980464935303,5.933980464935303,5.933980464935303,0,0.0,0.0
2000-05-05 00:00:00-04:00,5.9106186928966595,5.933980464935303,5.9106186928966595,5.933980464935303,5400,0.0,0.0
2000-05-08 00:00:00-04:00,5.933980464935303,5.933980464935303,5.443375766090192,5.933980464935303,4650,0.0,0.0
2000-05-09 00:00:00-04:00,5.793806552886963,5.957341598536633,5.793806552886963,5.793806552886963,1650,0.0,0.0
2000-05-10 00:00:00-04:00,5.957339811089786,5.957339811089786,5.560184001922607,5.560184001922607,7200,0.0,0.0
2000-05-11 00:00:00-04:00,5.88725471496582,5.88725471496582,5.88725471496582,5.88725471496582,150,0.0,0.0
2000-05-12 00:00:00-04:00,5.863893985748291,5.863893985748291,5.863893985748291,5.863893985748291,150,0.0,0.0
2000-05-15 00:00:00-04:00,5.863893985748291,5.863893985748291,5.863893985748291,5.863893985748291,0,0.0,0.0
2000-05-16 00:00:00-04:00,5.863893985748291,5.863893985748291,5.863893985748291,5.863893985748291,0,0.0,0.0
2000-05-17 00:00:00-04:00,5.887254688523569,5.980703353881835,5.887254688523569,5.980703353881836,19950,0.0,0.0
2000-05-18 00:00:00-04:00,5.606910705566406,5.606910705566406,5.606910705566406,5.606910705566406,150,0.0,0.0
2000-05-19 00:00:00-04:00,5.653635813508528,5.653635813508528,5.513463020324707,5.513463020324707,1650,0.0,0.0
2000-05-22 00:00:00-04:00,5.513463020324707,5.513463020324707,5.42001484801334,5.513463020324707,5400,0.0,0.0
2000-05-23 00:00:00-04:00,5.3265652656555185,5.3265652656555185,5.3265652656555185,5.326565265655518,900,0.0,0.0
2000-05-24 00:00:00-04:00,5.4200119972229,5.4200119972229,5.4200119972229,5.4200119972229,1050,0.0,0.0
2000-05-25 00:00:00-04:00,5.466737747192383,5.513461823203006,5.466737747192383,5.466737747192383,3000,0.0,0.0
2000-05-26 00:00:00-04:00,5.3732876777648935,5.3732876777648935,5.3732876777648935,5.373287677764893,600,0.0,0.0
2000-05-30 00:00:00-04:00,5.513462222525955,6.447947553436861,5.466738143131252,6.261050701141357,52350,0.0,0.0
2000-05-31 00:00:00-04:00,6.190961018984209,6.44794412092729,5.79380468404369,6.167598724365234,4950,0.0,0.0
2000-06-01 00:00:00-04:00,5.700357918126385,5.88725471496582,5.700357918126385,5.88725471496582,600,0.0,0.0
2000-06-02 00:00:00-04:00,6.354496974422675,6.354496974422675,5.88725471496582,5.88725471496582,450,0.0,0.0
2000-06-05 00:00:00-04:00,5.700358867645264,5.700358867645264,5.700358867645264,5.700358867645264,150,0.0,0.0
2000-06-06 00:00:00-04:00,5.700358867645264,5.700358867645264,5.700358867645264,5.700358867645264,300,0.0,0.0
2000-06-07 00:00:00-04:00,6.3077724975424765,6.331134796142578,6.3077724975424765,6.331134796142578,13200,0.0,0.0
2000-06-08 00:00:00-04:00,5.980704376960332,5.980704376960332,5.700358867645264,5.700358867645264,3150,0.0,0.0
2000-06-09 00:00:00-04:00,5.700358867645264,5.700358867645264,5.700358867645264,5.700358867645264,150,0.0,0.0
2000-06-12 00:00:00-04:00,5.980704376960332,5.980704376960332,5.700358867645264,5.700358867645264,3900,0.0,0.0
2000-06-13 00:00:00-04:00,5.606910509940906,5.606910509940906,5.466737747192383,5.466737747192383,1200,0.0,0.0
2000-06-14 00:00:00-04:00,6.167599656085321,6.167599656085321,5.4200119972229,5.4200119972229,3450,0.0,0.0
2000-06-15 00:00:00-04:00,5.326563339346414,5.7938055592958655,5.233114681469927,5.4200119972229,12300,0.0,0.0
2000-06-16 00:00:00-04:00,5.3265652656555185,5.3265652656555185,5.3265652656555185,5.326565265655518,300,0.0,0.0
2000-06-19 00:00:00-04:00,5.34992654120176,5.34992654120176,5.163029193878174,5.163029193878174,4950,0.0,0.0
2000-06-20 00:00:00-04:00,5.303203777352475,5.303203777352475,4.964453220367432,4.964453220367432,4050,0.0,0.0
2000-06-21 00:00:00-04:00,4.976133015061613,5.092943470979106,4.765873873580137,4.952770709991455,27450,0.0,0.0
2000-06-22 00:00:00-04:00,5.186389446258545,5.186389446258545,4.859320019778327,5.186389446258545,1050,0.0,0.0
2000-06-23 00:00:00-04:00,5.046219879068966,5.046219879068966,4.859323024749756,4.859323024749756,1350,0.0,0.0
2000-06-26 00:00:00-04:00,5.022858790034906,5.069583415985107,5.022858790034906,5.069583415985107,1500,0.0,0.0
2000-06-27 00:00:00-04:00,5.139665393045624,5.3265621317089025,5.06957904920735,5.092940807342529,9750,0.0,0.0
2000-06-28 00:00:00-04:00,5.189178943634033,5.330702000825256,5.189178943634033,5.189178943634033,5400,0.08667,0.0
2000-06-29 00:00:00-04:00,5.2835287519867435,5.3778776628702145,5.000482559204101,5.000482559204102,13350,0.0,0.0
2000-06-30 00:00:00-04:00,5.000480987399233,5.236352920532227,5.000480987399233,5.236352920532227,2100,0.0,0.0
2000-07-03 00:00:00-04:00,5.236352920532227,5.236352920532227,5.236352920532227,5.236352920532227,0,0.0,0.0
2000-07-05 00:00:00-04:00,5.189178943634033,5.330702000825256,5.189178943634033,5.189178943634033,4050,0.0,0.0
2000-07-06 00:00:00-04:00,5.189178943634033,5.189178943634033,5.189178943634033,5.189178943634033,0,0.0,0.0
2000-07-07 00:00:00-04:00,5.189178615867553,5.613747760623964,5.189178615867553,5.472224712371826,7800,0.0,0.0
2000-07-10 00:00:00-04:00,5.283527091211786,5.3778759724385035,5.236352920532227,5.236352920532227,8550,0.0,0.0
2000-07-11 00:00:00-04:00,5.189178723367909,5.189178723367909,5.094829842622734,5.142004013061523,1200,0.0,0.0
2000-07-12 00:00:00-04:00,5.142004013061523,5.142004013061523,5.142004013061523,5.142004013061523,0,0.0,0.0
2000-07-13 00:00:00-04:00,5.165591239929199,5.212765409196436,5.165591239929199,5.165591239929199,21150,0.0,0.0
2000-07-14 00:00:00-04:00,5.165591239929199,5.165591239929199,5.165591239929199,5.165591239929199,0,0.0,0.0
2000-07-17 00:00:00-04:00,5.189178594496609,5.189178594496609,5.165591239929199,5.165591239929199,1650,0.0,0.0
2000-07-18 00:00:00-04:00,5.165591239929199,5.165591239929199,5.165591239929199,5.165591239929199,18000,0.0,0.0
2000-07-19 00:00:00-04:00,5.165591239929199,5.165591239929199,5.165591239929199,5.165591239929199,0,0.0,0.0
2000-07-20 00:00:00-04:00,5.142003850714716,5.28352689743042,5.142003850714716,5.28352689743042,6600,0.0,0.0
2000-07-21 00:00:00-04:00,5.28352689743042,5.28352689743042,5.28352689743042,5.28352689743042,0,0.0,0.0
2000-07-24 00:00:00-04:00,5.472224712371826,5.472224712371826,5.472224712371826,5.472224712371826,150,0.0,0.0
2000-07-25 00:00:00-04:00,5.61374838358026,5.61374838358026,5.448637962341309,5.448637962341309,1200,0.0,0.0
2000-07-26 00:00:00-04:00,5.660921930085481,5.660921930085481,5.472224712371826,5.472224712371826,7200,0.0,0.0
2000-07-27 00:00:00-04:00,5.566576957702637,5.566576957702637,5.566576957702637,5.566576957702637,450,0.0,0.0
2000-07-28 00:00:00-04:00,5.566576957702637,5.566576957702637,5.566576957702637,5.566576957702637,150,0.0,0.0
2000-07-31 00:00:00-04:00,5.472228552569551,5.566576957702637,5.472228552569551,5.566576957702637,3000,0.0,0.0
2000-08-01 00:00:00-04:00,5.3778785646146385,5.3778785646146385,5.212768077850342,5.212768077850342,9750,0.0,0.0
2000-08-02 00:00:00-04:00,5.212768077850342,5.212768077850342,5.212768077850342,5.212768077850342,0,0.0,0.0
2000-08-03 00:00:00-04:00,5.212768077850342,5.212768077850342,5.212768077850342,5.212768077850342,0,0.0,0.0
2000-08-04 00:00:00-04:00,5.448637962341309,5.448637962341309,5.448637962341309,5.448637962341309,1050,0.0,0.0
2000-08-07 00:00:00-04:00,5.660923191930463,5.660923191930463,5.425051212310791,5.425051212310791,2550,0.0,0.0
2000-08-08 00:00:00-04:00,5.28352689743042,5.28352689743042,5.28352689743042,5.28352689743042,300,0.0,0.0
2000-08-09 00:00:00-04:00,5.30711700455392,5.30711700455392,5.212768077850342,5.212768077850342,2850,0.0,0.0
2000-08-10 00:00:00-04:00,5.2363527853290694,5.472224712371826,5.2363527853290694,5.472224712371826,3750,0.0,0.0
2000-08-11 00:00:00-04:00,5.425052758032498,5.425052758032498,5.212768077850342,5.212768077850342,5250,0.0,0.0
2000-08-14 00:00:00-04:00,5.28352813251253,5.425051212310791,5.28352813251253,5.425051212310791,4800,0.0,0.0
2000-08-15 00:00:00-04:00,5.283526801730165,5.401463031768799,5.283526801730165,5.401463031768799,6600,0.0,0.0
2000-08-16 00:00:00-04:00,5.236352920532227,5.236352920532227,5.236352920532227,5.236352920532227,150,0.0,0.0
2000-08-17 00:00:00-04:00,5.236352920532227,5.236352920532227,5.236352920532227,5.236352920532227,0,0.0,0.0
2000-08-18 00:00:00-04:00,5.236352920532227,5.236352920532227,5.236352920532227,5.236352920532227,150,0.0,0.0
2000-08-21 00:00:00-04:00,5.236353116075234,5.236353116075234,5.189178943634033,5.189178943634033,3150,0.0,0.0
2000-08-22 00:00:00-04:00,5.04765775362057,5.094831943511963,4.764611534536572,5.094831943511963,10200,0.0,0.0
2000-08-23 00:00:00-04:00,5.11842155456543,5.11842155456543,5.094834179334713,5.11842155456543,9900,0.0,0.0
2000-08-24 00:00:00-04:00,5.11842155456543,5.11842155456543,5.11842155456543,5.11842155456543,0,0.0,0.0
2000-08-25 00:00:00-04:00,5.047655697946391,5.283527091211786,5.047655697946391,5.236352920532227,7200,0.0,0.0
2000-08-28 00:00:00-04:00,5.236352920532227,5.236352920532227,5.236352920532227,5.236352920532227,0,0.0,0.0
2000-08-29 00:00:00-04:00,5.236352920532227,5.236352920532227,5.236352920532227,5.236352920532227,0,0.0,0.0
2000-08-30 00:00:00-04:00,5.28352689743042,5.28352689743042,5.236352728481045,5.28352689743042,5250,0.0,0.0
2000-08-31 00:00:00-04:00,5.283529737443132,5.377878665924072,5.283529737443132,5.377878665924072,1350,0.0,0.0
2000-09-01 00:00:00-04:00,5.377878665924072,5.377878665924072,5.377878665924072,5.377878665924072,0,0.0,0.0
2000-09-05 00:00:00-04:00,5.28352689743042,5.330701606247374,5.236352728481045,5.28352689743042,26700,0.0,0.0
2000-09-06 00:00:00-04:00,5.330705405001959,5.566576957702637,5.330705405001959,5.566576957702637,11550,0.0,0.0
2000-09-07 00:00:00-04:00,5.6137502443289575,5.660924434661865,5.566575514128226,5.660924434661865,10800,0.0,0.0
2000-09-08 00:00:00-04:00,5.6137502443289575,5.708098624994772,5.6137502443289575,5.660924434661865,25650,0.0,0.0
2000-09-11 00:00:00-04:00,5.637337684631348,5.637337684631348,5.637337684631348,5.637337684631348,900,0.0,0.0
2000-09-12 00:00:00-04:00,5.63733457542093,5.63733457542093,5.472224712371826,5.472224712371826,10800,0.0,0.0
2000-09-13 00:00:00-04:00,5.566576957702637,5.566576957702637,5.566576957702637,5.566576957702637,600,0.0,0.0
2000-09-14 00:00:00-04:00,5.566576704387094,5.566576704387094,5.519402503967285,5.519402503967285,1350,0.0,0.0
2000-09-15 00:00:00-04:00,5.472228552569551,5.566576957702637,5.472228552569551,5.566576957702637,10950,0.0,0.0
2000-09-18 00:00:00-04:00,5.5665739779307195,5.684510231018066,5.5665739779307195,5.684510231018066,1350,0.0,0.0
2000-09-19 00:00:00-04:00,5.660923688201787,5.802446780406831,5.566574780109173,5.6137495040893555,12450,0.0,0.0
2000-09-20 00:00:00-04:00,5.566575514128226,5.731685990095138,5.566575514128226,5.660924434661865,25050,0.0,0.0
2000-09-21 00:00:00-04:00,5.613749565466494,5.849621028475267,5.5665748409705325,5.7080979347229,17400,0.0,0.0
2000-09-22 00:00:00-04:00,5.8496216811133515,5.8496216811133515,5.094831943511963,5.094831943511963,6300,0.0,0.0
2000-09-25 00:00:00-04:00,5.37787703233394,5.425051212310791,5.37787703233394,5.425051212310791,3300,0.0,0.0
2000-09-26 00:00:00-04:00,5.708096099546998,5.708096099546998,5.472224712371826,5.472224712371826,1050,0.0,0.0
2000-09-27 00:00:00-04:00,5.425052403261679,5.660924434661865,5.425052403261679,5.660924434661865,4950,0.0,0.0
2000-09-28 00:00:00-04:00,5.66092328327458,5.802446365356445,5.66092328327458,5.802446365356445,8700,0.0,0.0
2000-09-29 00:00:00-04:00,5.849621772766113,5.849621772766113,5.755273391505062,5.849621772766113,4050,0.0,0.0
2000-10-02 00:00:00-04:00,5.8496217358613185,5.8496217358613185,5.660924434661865,5.660924434661865,34950,0.0,0.0
2000-10-03 00:00:00-04:00,5.660923688201787,5.708097872314217,5.613749504089356,5.6137495040893555,10350,0.0,0.0
2000-10-04 00:00:00-04:00,5.755273355195504,5.755273355195504,5.660924434661865,5.660924434661865,11850,0.0,0.0
2000-10-05 00:00:00-04:00,5.849622374092794,5.849622374092794,5.637337684631348,5.637337684631348,31800,0.0,0.0
2000-10-06 00:00:00-04:00,5.613750279745657,5.849621772766113,5.613750279745657,5.849621772766113,3000,0.0,0.0
2000-10-09 00:00:00-04:00,5.660925902703687,5.660925902703687,5.472228552569551,5.566576957702637,6450,0.0,0.0
2000-10-10 00:00:00-04:00,5.660923750094698,5.849621028475267,5.660923750094698,5.7080979347229,15750,0.0,0.0
2000-10-11 00:00:00-04:00,5.768418483715181,5.935965538024902,5.768418483715181,5.935965538024902,25500,0.14667,0.0
2000-10-12 00:00:00-04:00,5.935965538024902,5.935965538024902,5.840224520658372,5.935965538024902,32850,0.0,0.0
2000-10-13 00:00:00-04:00,5.888094615536664,5.9838361740112305,5.888094615536664,5.9838361740112305,20550,0.0,0.0
2000-10-16 00:00:00-04:00,5.935965538024902,5.983836594544753,5.888095029341637,5.935965538024902,17400,0.0,0.0
2000-10-17 00:00:00-04:00,5.935965538024902,5.935965538024902,5.935965538024902,5.935965538024902,0,0.0,0.0
2000-10-18 00:00:00-04:00,5.457258542378743,5.6487411156394955,5.457258542378743,5.600870609283447,8850,0.0,0.0
2000-10-19 00:00:00-04:00,5.361516201044124,5.60086979364094,5.1700336556685595,5.4572577476501465,6300,0.0,0.0
2000-10-20 00:00:00-04:00,5.840223653501621,5.864158630371094,5.576934525245383,5.864158630371094,12750,0.0,0.0
2000-10-23 00:00:00-04:00,5.840223312377929,5.840223312377929,5.672675744895442,5.84022331237793,2700,0.0,0.0
2000-10-24 00:00:00-04:00,5.792353503084723,5.792353503084723,5.696612485074456,5.74448299407959,12000,0.0,0.0
2000-10-25 00:00:00-04:00,5.864159501081712,5.935965538024902,5.864159501081712,5.935965538024902,8550,0.0,0.0
2000-10-26 00:00:00-04:00,5.912031019727329,5.912031019727329,5.798337936401367,5.798337936401367,2550,0.0,0.0
2000-10-27 00:00:00-04:00,5.935964780180603,6.0317063331604,5.935964780180603,6.0317063331604,17550,0.0,0.0
2000-10-30 00:00:00-05:00,6.031705855331863,6.079576354111228,5.840223312377929,5.84022331237793,9600,0.0,0.0
2000-10-31 00:00:00-05:00,5.74448299407959,5.74448299407959,5.74448299407959,5.74448299407959,1500,0.0,0.0
2000-11-01 00:00:00-05:00,5.81628778907001,5.93596430993666,5.792352265762092,5.84022331237793,7800,0.0,0.0
2000-11-02 00:00:00-05:00,5.804321541213448,5.840224559926446,5.74448299407959,5.74448299407959,13350,0.0,0.0
2000-11-03 00:00:00-05:00,5.74448299407959,5.74448299407959,5.74448299407959,5.74448299407959,5250,0.0,0.0
2000-11-06 00:00:00-05:00,5.696612485074456,5.888095068931579,5.696612485074456,5.74448299407959,7200,0.0,0.0
2000-11-07 00:00:00-05:00,5.74448299407959,5.816289031505584,5.74448299407959,5.74448299407959,11250,0.0,0.0
2000-11-08 00:00:00-05:00,5.792353057062097,6.031706679330241,5.792353057062097,5.9838361740112305,14700,0.0,0.0
2000-11-09 00:00:00-05:00,5.983836594544753,6.127448668431135,5.864159501081712,5.935965538024902,36600,0.0,0.0
2000-11-10 00:00:00-05:00,5.959900647433452,6.043674168700856,5.959900647433452,5.9838361740112305,18450,0.0,0.0
2000-11-13 00:00:00-05:00,5.959901066284828,6.0556426314879435,5.888095029341637,5.935965538024902,10650,0.0,0.0
2000-11-14 00:00:00-05:00,6.007770682933949,6.007770682933949,5.864158630371094,5.864158630371094,9150,0.0,0.0
2000-11-15 00:00:00-05:00,5.959897558863569,5.959897558863569,5.888091564178467,5.888091564178467,5700,0.0,0.0
2000-11-16 00:00:00-05:00,5.935965538024902,5.935965538024902,5.935965538024902,5.935965538024902,5400,0.0,0.0
2000-11-17 00:00:00-05:00,5.888091564178467,5.9120270783522555,5.888091564178467,5.888091564178467,5550,0.0,0.0
2000-11-20 00:00:00-05:00,5.888091564178467,5.888091564178467,5.864156050004678,5.888091564178467,6300,0.0,0.0
2000-11-21 00:00:00-05:00,5.912029679783048,5.935964656652521,5.864158630371094,5.864158630371094,35400,0.0,0.0
2000-11-22 00:00:00-05:00,5.888094155077071,5.912029679783048,5.864158630371094,5.864158630371094,3300,0.0,0.0
2000-11-24 00:00:00-05:00,5.9120283126831055,5.9120283126831055,5.9120283126831055,5.9120283126831055,3450,0.0,0.0
2000-11-27 00:00:00-05:00,5.935963284017846,5.935963284017846,5.8641572743408705,5.9120283126831055,13650,0.0,0.0
2000-11-28 00:00:00-05:00,5.9120270783522555,5.959897558863569,5.888091564178467,5.888091564178467,30300,0.0,0.0
2000-11-29 00:00:00-05:00,5.888092793511988,5.9120283126831055,5.8641572743408705,5.9120283126831055,10350,0.0,0.0
2000-11-30 00:00:00-05:00,5.864158630371094,5.864158630371094,5.864158630371094,5.864158630371094,450,0.0,0.0
2000-12-01 00:00:00-05:00,5.888093811157295,5.888093811157295,5.840223312377929,5.84022331237793,21150,0.0,0.0
2000-12-04 00:00:00-05:00,5.840223312377929,5.888093811157295,5.840223312377929,5.84022331237793,49650,0.0,0.0
2000-12-05 00:00:00-05:00,5.840223653501621,5.912029679783048,5.840223653501621,5.864158630371094,24600,0.0,0.0
2000-12-06 00:00:00-05:00,5.912029679783048,5.912029679783048,5.864158630371094,5.864158630371094,4500,0.0,0.0
2000-12-07 00:00:00-05:00,5.912030475959989,6.031707019933784,5.912030475959989,6.0077714920043945,102450,0.0,0.0
2000-12-08 00:00:00-05:00,6.055642205908019,6.079577184649251,5.9838361740112305,5.9838361740112305,17550,0.0,0.0
2000-12-11 00:00:00-05:00,5.983836900558316,6.079577922821045,5.983836900558316,6.079577922821045,1350,0.0,0.0
2000-12-12 00:00:00-05:00,6.0317074116896805,6.151383963436398,6.0317074116896805,6.079577922821045,15000,0.0,0.0
2000-12-13 00:00:00-05:00,6.127448668431135,6.127448668431135,5.935965538024902,5.935965538024902,29700,0.0,0.0
2000-12-14 00:00:00-05:00,6.0317063331604,6.0317063331604,6.0317063331604,6.0317063331604,450,0.0,0.0
2000-12-15 00:00:00-05:00,6.079575303371797,6.079575303371797,5.84022230300613,5.9120283126831055,87750,0.0,0.0
2000-12-18 00:00:00-05:00,5.935965120855673,6.007771152752462,5.935965120855673,5.9838361740112305,10500,0.0,0.0
2000-12-19 00:00:00-05:00,5.971868474028597,6.007771492004394,5.935965456052801,6.0077714920043945,13350,0.0,0.0
2000-12-20 00:00:00-05:00,6.007767290909791,6.055638313293458,6.007767290909791,6.055638313293457,750,0.0,0.0
2000-12-21 00:00:00-05:00,6.0317074116896805,6.079577922821045,6.0317074116896805,6.079577922821045,4650,0.0,0.0
2000-12-22 00:00:00-05:00,6.031707120496173,6.175319194793701,6.031707120496173,6.175319194793701,48600,0.0,0.0
2000-12-26 00:00:00-05:00,6.175319066634207,6.175319066634207,6.079577503143965,6.127448558807373,52350,0.0,0.0
2000-12-27 00:00:00-05:00,6.1279364353419155,6.261416428075369,6.115802092538732,6.164340019226074,5850,0.14667,0.0
2000-12-28 00:00:00-05:00,6.212874218098422,6.237142886973445,6.115797876175654,6.140067100524902,12300,0.0,0.0
2000-12-29 00:00:00-05:00,6.1400691362653435,6.2128762779780775,6.11579990386963,6.115799903869629,11850,0.0,0.0
2001-01-02 00:00:00-05:00,6.018725683689438,6.212878501388025,6.018725683689438,6.164340019226074,23100,0.0,0.0
2001-01-03 00:00:00-05:00,6.140070120179867,6.309953107749511,6.115800883895133,6.21287727355957,26400,0.0,0.0
2001-01-04 00:00:00-05:00,6.3099541664123535,6.407030572363944,6.212878315935354,6.3099541664123535,14100,0.0,0.0
2001-01-05 00:00:00-05:00,6.261415033517648,6.35849142074585,6.261415033517648,6.35849142074585,34500,0.0,0.0
2001-01-08 00:00:00-05:00,6.407029336622709,6.407029336622709,6.309952949394507,6.35849142074585,8100,0.0,0.0
2001-01-09 00:00:00-05:00,6.35849142074585,6.35849142074585,6.35849142074585,6.35849142074585,0,0.0,0.0
2001-01-10 00:00:00-05:00,6.407025519913749,6.940944498397946,6.382756298695419,6.746791839599609,21300,0.0,0.0
2001-01-11 00:00:00-05:00,6.7467947454284465,7.377790325080143,6.601180466351039,6.843871116638184,26700,0.0,0.0
2001-01-12 00:00:00-05:00,6.940946883346896,7.038022690627713,6.892408424232144,6.989484786987305,4800,0.0,0.0
2001-01-16 00:00:00-05:00,6.989488601959213,7.086565017700195,6.989488601959213,7.086565017700195,11550,0.0,0.0
2001-01-17 00:00:00-05:00,7.086567167919282,7.086567167919282,6.940952777862548,6.940952777862549,9150,0.0,0.0
2001-01-18 00:00:00-05:00,6.916683527694821,7.062297917751554,6.916683527694821,6.940952777862549,15750,0.0,0.0
2001-01-19 00:00:00-05:00,6.868145582834182,6.940952777862548,6.843876332666454,6.940952777862549,17550,0.0,0.0
2001-01-22 00:00:00-05:00,6.916676686986467,6.916676686986467,6.868138790130615,6.868138790130615,2400,0.0,0.0
2001-01-23 00:00:00-05:00,6.868138790130615,6.868138790130615,6.843869563965557,6.868138790130615,1950,0.0,0.0
2001-01-24 00:00:00-05:00,6.868142454683926,6.892411138323472,6.795335292816162,6.795335292816162,7950,0.0,0.0
2001-01-25 00:00:00-05:00,7.038021706863228,7.038021706863228,6.868138790130615,6.868138790130615,21000,0.0,0.0
2001-01-26 00:00:00-05:00,6.892408424232144,7.183636957023282,6.892408424232144,6.989484786987305,46950,0.0,0.0
2001-01-29 00:00:00-05:00,6.98948334074383,7.232173919677734,6.98948334074383,7.232173919677734,6150,0.0,0.0
2001-01-30 00:00:00-05:00,7.280715019308516,7.474867234665252,7.256445784085996,7.377791404724121,45150,0.0,0.0
2001-01-31 00:00:00-05:00,7.329250870465865,7.669017846009678,7.329250870465865,7.426327228546143,29550,0.0,0.0
2001-02-01 00:00:00-05:00,7.438461577014722,7.547672271728516,7.377789339156604,7.547672271728516,2100,0.0,0.0
2001-02-02 00:00:00-05:00,7.571939992506971,7.571939992506971,7.304980754852295,7.304980754852295,8850,0.0,0.0
2001-02-05 00:00:00-05:00,7.717554781051708,7.717554781051708,7.183635711669922,7.183635711669922,5400,0.0,0.0
2001-02-06 00:00:00-05:00,7.183638603700893,7.280714988708496,7.183638603700893,7.280714988708496,600,0.0,0.0
2001-02-07 00:00:00-05:00,7.474866431262118,7.571942806243896,7.426328521508436,7.5719428062438965,9900,0.0,0.0
2001-02-08 00:00:00-05:00,7.499134370347158,7.717555759774745,7.47486514191932,7.547672271728516,11100,0.0,0.0
2001-02-09 00:00:00-05:00,7.377790708909267,7.499135762628613,7.329252243041992,7.329252243041992,3450,0.0,0.0
2001-02-12 00:00:00-05:00,7.329252934279082,7.377791404724121,7.329252934279082,7.377791404724121,3450,0.0,0.0
2001-02-13 00:00:00-05:00,7.329252934279082,7.377791404724121,7.280715019308516,7.377791404724121,16200,0.0,0.0
2001-02-14 00:00:00-05:00,7.377791352315218,7.47486718156676,7.377791352315218,7.402060031890869,4950,0.0,0.0
2001-02-15 00:00:00-05:00,7.474866431262118,7.571942806243896,7.474866431262118,7.5719428062438965,11250,0.0,0.0
2001-02-16 00:00:00-05:00,7.571943247707001,7.571943247707001,7.47486686706543,7.47486686706543,9450,0.0,0.0
2001-02-20 00:00:00-05:00,7.47486718156676,7.47486718156676,7.280714967589205,7.402060031890869,6150,0.0,0.0
2001-02-21 00:00:00-05:00,7.42632604954032,7.42632604954032,7.232173919677734,7.232173919677734,6300,0.0,0.0
2001-02-22 00:00:00-05:00,7.3049842545310355,7.377791404724121,7.3049842545310355,7.377791404724121,3000,0.0,0.0
2001-02-23 00:00:00-05:00,7.280714661256732,7.47486686706543,7.18363828061516,7.47486686706543,5100,0.0,0.0
2001-02-26 00:00:00-05:00,7.377788403521979,7.450595524097938,7.183635711669922,7.183635711669922,10350,0.0,0.0
2001-02-27 00:00:00-05:00,7.232173919677734,7.280711813274824,7.183635470606416,7.232173919677734,7950,0.0,0.0
2001-02-28 00:00:00-05:00,7.280715643402108,7.450599193572998,7.280715643402108,7.450599193572998,6300,0.0,0.0
2001-03-01 00:00:00-05:00,7.450599193572998,7.450599193572998,7.450599193572998,7.450599193572998,0,0.0,0.0
2001-03-02 00:00:00-05:00,7.450599193572998,7.450599193572998,7.450599193572998,7.450599193572998,150,0.0,0.0
2001-03-05 00:00:00-05:00,7.183635711669922,7.183635711669922,7.183635711669922,7.183635711669922,300,0.0,0.0
2001-03-06 00:00:00-05:00,7.377791404724121,7.620481535051423,7.377791404724121,7.377791404724121,2250,0.0,0.0
2001-03-07 00:00:00-05:00,7.523402644673898,7.523402644673898,7.183635711669922,7.183635711669922,5100,0.0,0.0
2001-03-08 00:00:00-05:00,7.183635711669922,7.183635711669922,7.183635711669922,7.183635711669922,150,0.0,0.0
2001-03-09 00:00:00-05:00,7.183635711669922,7.183635711669922,6.9894835752921125,7.183635711669922,5100,0.0,0.0
2001-03-12 00:00:00-05:00,7.304980754852295,7.304980754852295,7.304980754852295,7.304980754852295,450,0.0,0.0
2001-03-13 00:00:00-05:00,7.183635711669922,7.183635711669922,7.183635711669922,7.183635711669922,1650,0.0,0.0
2001-03-14 00:00:00-05:00,6.8681399966539685,6.9894850378473645,6.746794399986209,6.819601535797119,32550,0.0,0.0
2001-03-15 00:00:00-05:00,6.9894835752921125,7.183635711669922,6.9894835752921125,7.183635711669922,4350,0.0,0.0
2001-03-16 00:00:00-05:00,7.183635470606416,7.280711813274824,7.183635470606416,7.232173919677734,7500,0.0,0.0
2001-03-19 00:00:00-05:00,7.232173919677734,7.232173919677734,7.232173919677734,7.232173919677734,2550,0.0,0.0
2001-03-20 00:00:00-05:00,7.232175751273592,7.717556476593017,7.232175751273592,7.717556476593018,20400,0.0,0.0
2001-03-21 00:00:00-05:00,7.547672271728516,7.547672271728516,7.547672271728516,7.547672271728516,3600,0.0,0.0
2001-03-22 00:00:00-05:00,7.450598554917206,7.450598554917206,7.207907869115431,7.377791404724121,18900,0.0,0.0
2001-03-23 00:00:00-05:00,7.232177104337951,7.377791404724121,7.232177104337951,7.377791404724121,13500,0.0,0.0
2001-03-26 00:00:00-05:00,7.377791404724121,7.474867234665252,7.377791404724121,7.377791404724121,2550,0.0,0.0
2001-03-27 00:00:00-05:00,7.450599320275612,7.960249423980713,7.450599320275612,7.960249423980713,44100,0.0,0.0
2001-03-28 00:00:00-05:00,7.94847125884226,7.94847125884226,7.850341796875,7.850341796875,2850,0.14667,0.0
2001-03-29 00:00:00-05:00,7.850344800283682,7.92394178454103,7.457827925244777,7.75221586227417,21600,0.0,0.0
2001-03-30 00:00:00-05:00,7.9975399109664735,8.733509858647453,7.752216969406486,8.34099292755127,119550,0.0,0.0
2001-04-02 00:00:00-04:00,7.678616725605144,7.678616725605144,7.506890289974908,7.5620880126953125,3750,0.0,0.0
2001-04-03 00:00:00-04:00,7.678618396033061,7.703150348245363,7.482359409332275,7.482359409332275,2550,0.0,0.0
2001-04-04 00:00:00-04:00,7.703152179718018,7.703152179718018,7.457829230265561,7.703152179718018,1950,0.0,0.0
2001-04-05 00:00:00-04:00,7.580489834079243,7.703151294713058,7.555957317352296,7.555957317352295,5100,0.0,0.0
2001-04-06 00:00:00-04:00,7.6295552253723145,7.6295552253723145,7.531426269641189,7.6295552253723145,2850,0.0,0.0
2001-04-09 00:00:00-04:00,7.654085996173909,7.654085996173909,7.457827568054199,7.457827568054199,300,0.0,0.0
2001-04-10 00:00:00-04:00,7.654082720157974,7.654082720157974,7.088858127593994,7.088858127593994,10050,0.0,0.0
2001-04-11 00:00:00-04:00,7.065310478210449,7.2615689154383745,7.065310478210449,7.065310478210449,7500,0.0,0.0
2001-04-12 00:00:00-04:00,7.261568797818545,7.552031841711504,7.261568797818545,7.359698295593262,9750,0.0,0.0
2001-04-16 00:00:00-04:00,7.552030564454907,7.634459373564718,7.508853435516357,7.508853435516357,4800,0.0,0.0
2001-04-17 00:00:00-04:00,7.606984615325929,7.606984615325929,7.606984615325929,7.606984615325928,2100,0.0,0.0
2001-04-18 00:00:00-04:00,7.6069809942917805,7.803239345550538,7.555953542214413,7.803239345550537,7050,0.0,0.0
2001-04-19 00:00:00-04:00,7.752215361699062,7.803242271409002,7.559881824599122,7.775766372680664,8100,0.0,0.0
2001-04-20 00:00:00-04:00,7.677637375266563,7.8032427752790126,7.465678262745555,7.75221586227417,5250,0.0,0.0
2001-04-23 00:00:00-04:00,7.803246325404543,7.940627574920653,7.555960300875817,7.940627574920654,13200,0.0,0.0
2001-04-24 00:00:00-04:00,7.9406236126931296,7.9406236126931296,7.654086025779828,7.811093330383301,9600,0.0,0.0
2001-04-25 00:00:00-04:00,8.046603425307897,8.046603425307897,7.854269884728032,7.948473930358887,7950,0.0,0.0
2001-04-26 00:00:00-04:00,7.948474751054454,8.066229820251465,7.909223061322117,8.066229820251465,6300,0.0,0.0
2001-04-27 00:00:00-04:00,7.91314794954512,8.066229820251465,7.91314794954512,8.066229820251465,10650,0.0,0.0
2001-04-30 00:00:00-04:00,8.066228883704298,8.2428617477417,8.066228883704298,8.2428617477417,9900,0.0,0.0
2001-05-01 00:00:00-04:00,8.058379254952522,8.23893644854566,7.869970601180592,8.215385437011719,6300,0.0,0.0
2001-05-02 00:00:00-04:00,8.20360992580589,8.20360992580589,7.948473695671951,8.18398380279541,3750,0.0,0.0
2001-05-03 00:00:00-04:00,8.18398380279541,8.18398380279541,8.125106556764738,8.18398380279541,1650,0.0,0.0
2001-05-04 00:00:00-04:00,8.183983939229101,8.2428617477417,8.129032141484588,8.2428617477417,8100,0.0,0.0
2001-05-07 00:00:00-04:00,8.24286402358797,8.24286402358797,8.046605543526535,8.203612327575684,6600,0.0,0.0
2001-05-08 00:00:00-04:00,8.242859877428186,8.242859877428186,8.085852610853168,8.195757865905762,7500,0.0,0.0
2001-05-09 00:00:00-04:00,8.2428617477417,8.258562421811673,8.238936298474009,8.2428617477417,20100,0.0,0.0
2001-05-10 00:00:00-04:00,8.20360942250511,8.250711441040039,8.20360942250511,8.250711441040039,44700,0.0,0.0
2001-05-11 00:00:00-04:00,8.250709409183013,8.41949188145155,8.187906733269179,8.254634857177734,36300,0.0,0.0
2001-05-14 00:00:00-04:00,8.25463954140416,8.340993269788479,8.046605278637125,8.262489318847656,13500,0.0,0.0
2001-05-15 00:00:00-04:00,8.26248732638673,8.439120190783441,8.26248732638673,8.41949462890625,11100,0.0,0.0
2001-05-16 00:00:00-04:00,8.419497182388366,8.419497182388366,8.411646842956543,8.411646842956543,10500,0.0,0.0
2001-05-17 00:00:00-04:00,8.411645975148582,8.474448684123972,8.24286341402697,8.34099292755127,11400,0.0,0.0
2001-05-18 00:00:00-04:00,8.478370604930703,8.753132922021221,8.478370604930703,8.635377883911133,21450,0.0,0.0
2001-05-21 00:00:00-04:00,8.674629418267317,8.674629418267317,8.639303185888364,8.662854194641113,8850,0.0,0.0
2001-05-22 00:00:00-04:00,8.63537798849591,8.658928996403159,8.63537798849591,8.655003547668457,15000,0.0,0.0
2001-05-23 00:00:00-04:00,8.655003672973661,8.655003672973661,8.63537811351698,8.651078224182129,13650,0.0,0.0
2001-05-24 00:00:00-04:00,8.651077309227848,8.87088725779733,8.635377200223171,8.851261138916016,21750,0.0,0.0
2001-05-25 00:00:00-04:00,8.63537909501563,8.890515327453613,8.63537909501563,8.890515327453613,16800,0.0,0.0
2001-05-29 00:00:00-04:00,9.02397093741552,9.027895825101238,8.976868916184587,9.008270263671875,27300,0.0,0.0
2001-05-30 00:00:00-04:00,9.224151688356933,9.224151688356933,9.016116989370152,9.106396675109863,35850,0.0,0.0
2001-05-31 00:00:00-04:00,9.16920001893044,9.498914661809057,9.114247672034049,9.322281837463379,23400,0.0,0.0
2001-06-01 00:00:00-04:00,9.400791263037263,9.459669092837316,9.224158335137702,9.420416831970215,180450,0.0,0.0
2001-06-04 00:00:00-04:00,8.635378065242167,9.369384765625,8.635378065242167,9.369384765625,21600,0.0,0.0
2001-06-05 00:00:00-04:00,9.353686593927497,11.021884190226562,9.353686593927497,10.166196823120117,61800,0.0,0.0
2001-06-06 00:00:00-04:00,10.158346587030572,10.158346587030572,9.812932830176033,9.867884635925293,30450,0.0,0.0
2001-06-07 00:00:00-04:00,10.009190559387207,10.048442811138184,9.832558234010161,10.009190559387207,49800,0.0,0.0
2001-06-08 00:00:00-04:00,9.812932014465334,9.848258252581966,9.812932014465334,9.812932014465332,16500,0.0,0.0
2001-06-11 00:00:00-04:00,9.962086529875208,9.98956298828125,9.911058500549498,9.98956298828125,50100,0.0,0.0
2001-06-12 00:00:00-04:00,9.930687178886194,10.009190559387207,9.922836279335625,10.009190559387207,19200,0.0,0.0
2001-06-13 00:00:00-04:00,10.005263582316672,10.30357636594186,10.005263582316672,10.283950805664062,30300,0.0,0.0
2001-06-14 00:00:00-04:00,10.280023251258118,10.382078170776367,10.00918696649899,10.382078170776367,115800,0.0,0.0
2001-06-15 00:00:00-04:00,10.205449104309082,10.3781576754998,10.205449104309082,10.205449104309082,11100,0.0,0.0
2001-06-18 00:00:00-04:00,10.126946841769314,10.205449104309082,10.107321276134373,10.205449104309082,24150,0.0,0.0
2001-06-19 00:00:00-04:00,10.185822570409934,10.185822570409934,9.812932366788939,9.82470703125,23250,0.0,0.0
2001-06-20 00:00:00-04:00,9.812929260157615,10.009187081720395,9.518541404812897,9.5852689743042,38400,0.0,0.0
2001-06-21 00:00:00-04:00,9.718727090986757,9.81293226672089,9.714802202873093,9.805081367492676,12900,0.0,0.0
2001-06-22 00:00:00-04:00,9.793305328399772,9.812932014465334,9.616671891814889,9.812932014465332,17400,0.0,0.0
2001-06-25 00:00:00-04:00,9.812932014465334,9.812932014465334,9.616671891814889,9.812932014465332,21300,0.0,0.0
2001-06-26 00:00:00-04:00,9.754051011586382,9.80900279479223,9.624519642528785,9.65592098236084,15150,0.0,0.0
2001-06-27 00:00:00-04:00,9.794549227186561,9.901485443115234,9.703454238514734,9.901485443115234,46500,0.14667,0.0
2001-06-28 00:00:00-04:00,9.901481388681246,10.05990379459424,8.713303146122993,9.82226848602295,37350,0.0,0.0
2001-06-29 00:00:00-04:00,9.505424501809715,9.901484611475054,8.70142392960175,9.754941940307617,119250,0.0,0.0
2001-07-02 00:00:00-04:00,9.509384437522987,9.84207509797194,9.50542413119582,9.54503059387207,16200,0.0,0.0
2001-07-03 00:00:00-04:00,9.743060763075178,9.743060763075178,9.727218402590633,9.739100456237793,1500,0.0,0.0
2001-07-05 00:00:00-04:00,9.636121697622212,9.743057882561189,9.307393098039555,9.366802215576172,10650,0.0,0.0
2001-07-06 00:00:00-04:00,9.228179231629012,9.406405988299078,9.216297750020203,9.27570629119873,9450,0.0,0.0
2001-07-09 00:00:00-04:00,9.25194693854438,9.663848874017408,9.109365695461696,9.156892776489258,17400,0.0,0.0
2001-07-10 00:00:00-04:00,9.137087923116496,9.489580639680494,8.915294931389553,8.970743179321289,14550,0.0,0.0
2001-07-11 00:00:00-04:00,8.970745807479897,9.145011780605753,8.717267461820217,8.725189208984375,20400,0.0,0.0
2001-07-12 00:00:00-04:00,9.117282307677586,9.117282307677586,8.816277064117441,9.085597038269043,6450,0.0,0.0
2001-07-13 00:00:00-04:00,9.0341143592915,9.08560174479665,8.721227473367625,8.879651069641113,2700,0.0,0.0
2001-07-16 00:00:00-04:00,9.08560169457338,9.08560169457338,8.812320709228516,8.812320709228516,2250,0.0,0.0
2001-07-17 00:00:00-04:00,8.986585195045985,9.109363170383212,8.982624322774543,9.089560508728027,9600,0.0,0.0
2001-07-18 00:00:00-04:00,8.81627810395688,9.089558981479462,8.81627810395688,8.875686645507812,3450,0.0,0.0
2001-07-19 00:00:00-04:00,8.812316192978683,9.085597038269043,8.812316192978683,9.085597038269043,6450,0.0,0.0
2001-07-20 00:00:00-04:00,9.081639330752486,9.089560508728027,9.081639330752486,9.089560508728027,9750,0.0,0.0
2001-07-23 00:00:00-04:00,9.089562640802628,9.089562640802628,8.824202833094727,9.077680587768555,10650,0.0,0.0
2001-07-24 00:00:00-04:00,8.816281582397194,9.08560169457338,8.812320709228516,8.812320709228516,2100,0.0,0.0
2001-07-25 00:00:00-04:00,9.08956249440884,9.10936516039006,8.812320638132043,9.1054048538208,7050,0.0,0.0
2001-07-26 00:00:00-04:00,8.836083545966673,9.10936450958252,8.836083545966673,9.10936450958252,16050,0.0,0.0
2001-07-27 00:00:00-04:00,9.109365110370575,9.129168342810521,9.038074493408203,9.038074493408203,5850,0.0,0.0
2001-07-30 00:00:00-04:00,9.109364484697519,9.160852432250977,8.836083521828222,9.160852432250977,5250,0.0,0.0
2001-07-31 00:00:00-04:00,9.164817718914692,9.545035066280931,9.010354368431438,9.354926109313965,46200,0.0,0.0
2001-08-01 00:00:00-04:00,9.501463179231335,9.52918815612793,9.172733960980048,9.52918815612793,11700,0.0,0.0
2001-08-02 00:00:00-04:00,9.307391878525454,9.4064063060232,9.20837688446045,9.20837688446045,15450,0.0,0.0
2001-08-03 00:00:00-04:00,9.307390086802323,9.406404495239258,9.109360136794153,9.406404495239258,40950,0.0,0.0
2001-08-06 00:00:00-04:00,9.208376144018628,9.307391130121879,9.208376144018628,9.247982025146484,8100,0.0,0.0
2001-08-07 00:00:00-04:00,9.208379601054162,9.378685237124172,9.109364577778416,9.236104011535645,10200,0.0,0.0
2001-08-08 00:00:00-04:00,9.25590394563551,9.38264277543567,9.109361890395443,9.20837688446045,35400,0.0,0.0
2001-08-09 00:00:00-04:00,9.212338172867193,9.386604071724799,9.212338172867193,9.287589073181152,12150,0.0,0.0
2001-08-10 00:00:00-04:00,9.307394883055167,9.438094626761531,9.208379857027019,9.42225170135498,36000,0.0,0.0
2001-08-13 00:00:00-04:00,9.31927662521432,9.703452964421674,9.31927662521432,9.52918815612793,11700,0.0,0.0
2001-08-14 00:00:00-04:00,9.691575402118687,9.949014663696289,9.691575402118687,9.949014663696289,23700,0.0,0.0
2001-08-15 00:00:00-04:00,10.000498186569784,10.198529379436021,10.000498186569784,10.111395835876465,12900,0.0,0.0
2001-08-16 00:00:00-04:00,10.08762944253153,10.091590881347658,10.036142069268587,10.091590881347656,11700,0.0,0.0
2001-08-17 00:00:00-04:00,10.028220316661647,10.079708823017626,9.86583645250655,10.000495910644531,3750,0.0,0.0
2001-08-20 00:00:00-04:00,9.980690956115723,9.980690956115723,9.802464777059319,9.980690956115723,11400,0.0,0.0
2001-08-21 00:00:00-04:00,9.901483044527764,9.901483044527764,9.715333938598633,9.715333938598633,8700,0.0,0.0
2001-08-22 00:00:00-04:00,9.976735805125228,9.976735805125228,9.754942759639462,9.901485443115234,10200,0.0,0.0
2001-08-23 00:00:00-04:00,9.901482923293246,9.901482923293246,9.802467346191406,9.802467346191406,7650,0.0,0.0
2001-08-24 00:00:00-04:00,9.877721483936527,9.881681790810068,9.846036762678184,9.873761177062988,4350,0.0,0.0
2001-08-27 00:00:00-04:00,9.853955854869753,9.901484062553424,9.802468474058895,9.893562316894531,15600,0.0,0.0
2001-08-28 00:00:00-04:00,9.901485217731961,9.941090551242546,8.713306515687439,9.70345401763916,42000,0.0,0.0
2001-08-29 00:00:00-04:00,9.703453059411371,9.838113672946392,9.6044397354126,9.604439735412598,10200,0.0,0.0
2001-08-30 00:00:00-04:00,9.691575328242521,9.691575328242521,9.307397725772748,9.343043327331543,48600,0.0,0.0
2001-08-31 00:00:00-04:00,9.60443698052954,9.648002603965908,9.208376999328928,9.283628463745117,8100,0.0,0.0
2001-09-04 00:00:00-04:00,9.224219998377421,9.493540033898126,8.931135863743464,9.299470901489258,26700,0.0,0.0
2001-09-05 00:00:00-04:00,9.247980988486443,9.505419470243343,9.22421746247352,9.406404495239258,9300,0.0,0.0
2001-09-06 00:00:00-04:00,9.505425787730113,9.505425787730113,9.121248245239258,9.121248245239258,8550,0.0,0.0
2001-09-07 00:00:00-04:00,9.109365277633447,9.295513286403576,9.026192606366429,9.129168510437012,11550,0.0,0.0
2001-09-10 00:00:00-04:00,9.13312667908747,9.453934669494629,8.911333696384808,9.453934669494629,14400,0.0,0.0
2001-09-17 00:00:00-04:00,8.911331172641535,9.101439389689725,8.741025611585611,9.085597038269043,30000,0.0,0.0
2001-09-18 00:00:00-04:00,9.010345728357219,9.406404495239258,9.010345728357219,9.406404495239258,27150,0.0,0.0
2001-09-19 00:00:00-04:00,9.505425743651463,9.505425743651463,8.824203648453011,8.915297508239746,46200,0.0,0.0
2001-09-20 00:00:00-04:00,8.863804374499454,9.10540052392938,8.863804374499454,9.010346412658691,35700,0.0,0.0
2001-09-21 00:00:00-04:00,9.105400831059564,9.105400831059564,8.535075577630865,8.554878234863281,55350,0.0,0.0
2001-09-24 00:00:00-04:00,8.53507816948674,9.10936390212897,8.317245474377396,8.558841705322266,37200,0.0,0.0
2001-09-25 00:00:00-04:00,8.812317771966518,9.505421620662231,8.713303341129471,9.394524574279785,39300,0.0,0.0
2001-09-26 00:00:00-04:00,9.490478031338768,9.582424158322793,9.206643166389098,9.438508033752441,34650,0.14667,0.0
2001-09-27 00:00:00-04:00,9.438503897698208,9.574425194324316,8.45507690554395,9.54244327545166,213600,0.0,0.0
2001-09-28 00:00:00-04:00,9.198643366998795,9.594412803649902,9.198643366998795,9.594412803649902,29850,0.0,0.0
2001-10-01 00:00:00-04:00,9.506464051330422,9.55443606933573,9.350554706877386,9.394529342651367,1950,0.0,0.0
2001-10-02 00:00:00-04:00,9.494471754849911,9.542443777877313,9.09070694176681,9.102700233459473,11700,0.0,0.0
2001-10-03 00:00:00-04:00,9.382536052214258,9.394529342651367,9.330566651977621,9.394529342651367,10800,0.0,0.0
2001-10-04 00:00:00-04:00,9.474478183741795,9.554431508921551,9.006750945504573,9.366540908813477,24300,0.0,0.0
2001-10-05 00:00:00-04:00,9.006755244506005,9.394529342651367,9.006755244506005,9.394529342651367,2700,0.0,0.0
2001-10-08 00:00:00-04:00,9.394527862779722,9.394527862779722,9.302581223484312,9.322569847106934,2100,0.0,0.0
2001-10-09 00:00:00-04:00,9.278598012890303,9.394530692327855,9.198644638061523,9.198644638061523,4650,0.0,0.0
2001-10-10 00:00:00-04:00,9.394527846503271,9.398525228097984,8.974772469870185,9.014748573303223,15750,0.0,0.0
2001-10-11 00:00:00-04:00,8.994759559631348,8.994759559631348,8.990761606592727,8.994759559631348,3000,0.0,0.0
2001-10-12 00:00:00-04:00,8.98677104841506,8.994766388691161,8.818868902616941,8.990768432617188,11400,0.0,0.0
2001-10-15 00:00:00-04:00,8.994759559631348,8.994759559631348,8.994759559631348,8.994759559631348,15000,0.0,0.0
2001-10-16 00:00:00-04:00,8.8068715127966,9.274598957111019,8.59499424991178,9.262605667114258,7050,0.0,0.0
2001-10-17 00:00:00-04:00,9.298584819655188,9.298584819655188,9.074714842150035,9.286591529846191,1650,0.0,0.0
2001-10-18 00:00:00-04:00,9.394531498511249,9.394531498511249,8.86284065246582,8.86284065246582,3000,0.0,0.0
2001-10-19 00:00:00-04:00,9.474482757978592,9.594412803649902,9.474482757978592,9.594412803649902,2250,0.0,0.0
2001-10-22 00:00:00-04:00,9.594412803649902,9.594412803649902,9.006755293924698,9.594412803649902,3450,0.0,0.0
2001-10-23 00:00:00-04:00,9.594412751006821,9.594412751006821,8.407104447568077,9.394529342651367,6750,0.0,0.0
2001-10-24 00:00:00-04:00,9.474481275626218,9.474481275626218,9.1946439743042,9.1946439743042,450,0.0,0.0
2001-10-25 00:00:00-04:00,9.474481941486763,9.474481941486763,8.794877836044689,8.854843139648438,42000,0.0,0.0
2001-10-26 00:00:00-04:00,9.294585949329417,9.294585949329417,8.794877217946285,9.1946439743042,15750,0.0,0.0
2001-10-29 00:00:00-05:00,9.194647633370785,9.194647633370785,8.994764175646976,8.998762130737305,10800,0.0,0.0
2001-10-30 00:00:00-05:00,9.294590808646166,9.294590808646166,8.818867833931181,8.834857940673828,6450,0.0,0.0
2001-10-31 00:00:00-05:00,9.094704958398891,9.094704958398891,8.79487952649422,9.010753631591797,4200,0.0,0.0
2001-11-01 00:00:00-05:00,9.054728507995605,9.054728507995605,9.054728507995605,9.054728507995605,450,0.0,0.0
2001-11-02 00:00:00-05:00,9.034738735230716,9.034738735230716,8.898818016052246,8.898818016052246,1500,0.0,0.0
2001-11-05 00:00:00-05:00,8.910809217511497,9.0307398152965,8.8588392536799,9.014748573303223,6150,0.0,0.0
2001-11-06 00:00:00-05:00,8.926798422406447,9.034735135161693,8.794875138070767,9.018744468688965,5250,0.0,0.0
2001-11-07 00:00:00-05:00,8.966777036684338,9.094702976289021,8.754900932312012,8.754900932312012,7650,0.0,0.0
2001-11-08 00:00:00-05:00,8.754901891022527,9.194645390759693,8.754901891022527,8.774889945983887,3900,0.0,0.0
2001-11-09 00:00:00-05:00,8.774889210886267,8.994761228271322,8.774889210886267,8.854843139648438,10800,0.0,0.0
2001-11-12 00:00:00-05:00,8.766892224407348,9.1626615524292,8.766892224407348,9.1626615524292,1800,0.0,0.0
2001-11-13 00:00:00-05:00,8.794878959655762,8.794878959655762,8.794878959655762,8.794878959655762,750,0.0,0.0
2001-11-14 00:00:00-05:00,9.006756248914693,9.010753631591797,9.006756248914693,9.010753631591797,1800,0.0,0.0
2001-11-15 00:00:00-05:00,9.018747990864826,9.018747990864826,8.754901891022527,8.774889945983887,1200,0.0,0.0
2001-11-16 00:00:00-05:00,8.75489902601206,8.886821746826172,8.75489902601206,8.886821746826172,4650,0.0,0.0
2001-11-19 00:00:00-05:00,9.018746117218834,9.018746117218834,8.934794816955943,8.95478343963623,4350,0.0,0.0
2001-11-20 00:00:00-05:00,9.002757714129515,9.002757714129515,8.754902276103117,8.794878959655762,2550,0.0,0.0
2001-11-21 00:00:00-05:00,8.75490350692579,9.002758979797363,8.75490350692579,9.002758979797363,3000,0.0,0.0
2001-11-23 00:00:00-05:00,9.002759705619843,9.002759705619843,8.758901596069336,8.758901596069336,750,0.0,0.0
2001-11-26 00:00:00-05:00,8.794876204485567,8.994759559631348,8.794876204485567,8.994759559631348,6750,0.0,0.0
2001-11-27 00:00:00-05:00,8.70692740810965,8.906810760498047,8.70692740810965,8.906810760498047,2400,0.0,0.0
2001-11-28 00:00:00-05:00,8.914807319641113,8.914807319641113,8.914807319641113,8.914807319641113,450,0.0,0.0
2001-11-29 00:00:00-05:00,8.914807319641113,8.914807319641113,8.830856586037417,8.914807319641113,2550,0.0,0.0
2001-11-30 00:00:00-05:00,8.898817945481962,8.914808618199677,8.774889945983887,8.774889945983887,21600,0.0,0.0
2001-12-03 00:00:00-05:00,8.762897040942056,8.794878959655762,8.754902276103117,8.794878959655762,15150,0.0,0.0
2001-12-04 00:00:00-05:00,8.762897040942056,8.794878959655762,8.754902276103117,8.794878959655762,1950,0.0,0.0
2001-12-05 00:00:00-05:00,8.794877291727632,8.914807319641113,8.694935315863988,8.914807319641113,7500,0.0,0.0
2001-12-06 00:00:00-05:00,8.91081502985618,8.994766388691161,8.778892201236438,8.990768432617188,3750,0.0,0.0
2001-12-07 00:00:00-05:00,8.982770477671977,9.234623908996582,8.982770477671977,9.234623908996582,4800,0.0,0.0
2001-12-10 00:00:00-05:00,8.794877780057881,8.918805196513732,8.60298972474184,8.69493579864502,5550,0.0,0.0
2001-12-11 00:00:00-05:00,8.646964488495607,9.01474995778129,8.630973815917969,8.630973815917969,7200,0.0,0.0
2001-12-12 00:00:00-05:00,8.594995101133842,9.086708602268045,8.594995101133842,9.082711219787598,5850,0.0,0.0
2001-12-13 00:00:00-05:00,8.746905326843262,8.746905326843262,8.746905326843262,8.746905326843262,300,0.0,0.0
2001-12-14 00:00:00-05:00,9.086711414786885,9.086711414786885,8.834857940673828,8.834857940673828,1950,0.0,0.0
2001-12-17 00:00:00-05:00,8.834853321710598,9.1946439743042,8.834853321710598,9.1946439743042,6000,0.0,0.0
2001-12-18 00:00:00-05:00,9.194644543969677,9.234621222082271,9.078712463378906,9.078712463378906,6450,0.0,0.0
2001-12-19 00:00:00-05:00,9.086706664151825,9.1946439743042,9.078711900896144,9.1946439743042,5100,0.0,0.0
2001-12-20 00:00:00-05:00,9.194643730700149,9.194643730700149,8.994760357816926,9.074713706970215,19500,0.0,0.0
2001-12-21 00:00:00-05:00,8.79487754138076,9.382534980773926,8.694935562680143,9.382534980773926,66150,0.0,0.0
2001-12-24 00:00:00-05:00,9.234623908996582,9.234623908996582,9.234623908996582,9.234623908996582,450,0.0,0.0
2001-12-26 00:00:00-05:00,9.234621082317833,9.434504469855609,9.114691049795168,9.43050765991211,2550,0.0,0.0
2001-12-27 00:00:00-05:00,9.511216460334856,9.604028701782227,9.33366315928831,9.604028701782227,4800,0.14667,0.0
2001-12-28 00:00:00-05:00,9.329628264049871,9.616135614349105,9.200498580932617,9.200498580932617,21000,0.0,0.0
2001-12-31 00:00:00-05:00,9.099614143371582,9.196461388851022,9.018908105472049,9.099614143371582,11400,0.0,0.0
2002-01-02 00:00:00-05:00,8.982590891246868,9.139967957531388,8.857496240891983,8.938202857971191,10800,0.0,0.0
2002-01-03 00:00:00-05:00,8.88574307442045,8.978554725646973,8.877672470954877,8.978554725646973,1800,0.0,0.0
2002-01-04 00:00:00-05:00,9.079435325114613,9.107682718926103,8.81714048834986,8.877670288085938,6450,0.0,0.0
2002-01-07 00:00:00-05:00,9.079441327636923,9.119794361720508,8.87767615721899,9.06733512878418,6300,0.0,0.0
2002-01-08 00:00:00-05:00,8.95838020549582,9.018909454345703,8.95838020549582,9.018909454345703,5700,0.0,0.0
2002-01-09 00:00:00-05:00,9.067333084327691,9.067333084327691,9.018909454345703,9.018909454345703,6450,0.0,0.0
2002-01-10 00:00:00-05:00,8.966450233237614,9.018909454345703,8.922062194381727,9.018909454345703,3600,0.0,0.0
2002-01-11 00:00:00-05:00,9.018907612407295,9.018907612407295,8.922060372222505,8.926095962524414,1950,0.0,0.0
2002-01-14 00:00:00-05:00,9.010839149659667,9.010839149659667,8.922061920166016,8.922061920166016,7950,0.0,0.0
2002-01-15 00:00:00-05:00,8.918026603255626,9.018909454345703,8.918026603255626,9.018909454345703,1650,0.0,0.0
2002-01-16 00:00:00-05:00,8.817145167849606,9.051192735018304,8.817145167849606,8.962416648864746,4050,0.0,0.0
2002-01-17 00:00:00-05:00,8.946268423222415,8.946268423222415,8.869597434997559,8.869597434997559,3750,0.0,0.0
2002-01-18 00:00:00-05:00,9.059261364615944,9.059261364615944,8.776789665222168,8.776789665222168,4350,0.0,0.0
2002-01-22 00:00:00-05:00,9.055223520671172,9.055223520671172,8.796963696019516,8.877670288085938,4500,0.0,0.0
2002-01-23 00:00:00-05:00,8.958375930786133,8.958375930786133,8.958375930786133,8.958375930786133,750,0.0,0.0
2002-01-24 00:00:00-05:00,9.01890828559687,9.01890828559687,8.85346119322609,8.946272850036621,9900,0.0,0.0
2002-01-25 00:00:00-05:00,9.087508743018171,9.095579347000578,8.877673039475567,8.938202857971191,8250,0.0,0.0
2002-01-28 00:00:00-05:00,9.095579347000578,9.095579347000578,8.877673039475567,8.938202857971191,7650,0.0,0.0
2002-01-29 00:00:00-05:00,8.829251289367676,8.829251289367676,8.829251289367676,8.829251289367676,1050,0.0,0.0
2002-01-30 00:00:00-05:00,8.829248876532613,8.877672497470673,8.696083630325402,8.776789665222168,6600,0.0,0.0
2002-01-31 00:00:00-05:00,8.938205086727683,8.974522525076766,8.796968615935297,8.950310707092285,11550,0.0,0.0
2002-02-01 00:00:00-05:00,9.071369797014691,9.071369797014691,8.918027705857703,8.950310707092285,4200,0.0,0.0
2002-02-04 00:00:00-05:00,8.950313092895955,9.03908978250345,8.873642026879953,8.89785385131836,16800,0.0,0.0
2002-02-05 00:00:00-05:00,8.853461447698146,8.853461447698146,8.817143440246582,8.817143440246582,2700,0.0,0.0
2002-02-06 00:00:00-05:00,9.00276844907972,9.00276844907972,8.756615279701222,8.865568161010742,5250,0.0,0.0
2002-02-07 00:00:00-05:00,8.926097382340483,8.926097382340483,8.756614685058594,8.756614685058594,5700,0.0,0.0
2002-02-08 00:00:00-05:00,8.756613749971283,8.756613749971283,8.635554693411681,8.675907135009766,15300,0.0,0.0
2002-02-11 00:00:00-05:00,8.675909801659126,8.675909801659126,8.599239330899975,8.60327434539795,3150,0.0,0.0
2002-02-12 00:00:00-05:00,8.538707663167774,8.76468458971283,8.47817841789936,8.514495849609375,11550,0.0,0.0
2002-02-13 00:00:00-05:00,8.575026546450236,8.575026546450236,8.474143691043217,8.494319915771484,13500,0.0,0.0
2002-02-14 00:00:00-05:00,8.47414236231174,8.47414236231174,8.45396614074707,8.45396614074707,4200,0.0,0.0
2002-02-15 00:00:00-05:00,8.462034660848751,8.554846879834797,8.393434827037355,8.49028205871582,15750,0.0,0.0
2002-02-19 00:00:00-05:00,8.39343651494594,8.534672378173555,8.39343651494594,8.53063678741455,1950,0.0,0.0
2002-02-20 00:00:00-05:00,8.534673400188142,8.554849624633789,8.40150812527704,8.554849624633789,6750,0.0,0.0
2002-02-21 00:00:00-05:00,8.353083017541914,8.542741918281797,8.353083017541914,8.474142074584961,6900,0.0,0.0
2002-02-22 00:00:00-05:00,8.478177234471552,8.877672391049122,8.474141644147544,8.837319374084473,9750,0.0,0.0
2002-02-25 00:00:00-05:00,8.837321384914597,8.837321384914597,8.49431979678641,8.554849624633789,5850,0.0,0.0
2002-02-26 00:00:00-05:00,8.55484811261366,8.68801336398857,8.353083017541914,8.474142074584961,9900,0.0,0.0
2002-02-27 00:00:00-05:00,8.502391589678249,8.575027041956647,8.324837684631348,8.324837684631348,5100,0.0,0.0
2002-02-28 00:00:00-05:00,8.417651202738426,8.526604686127085,8.151321171100461,8.304662704467773,22200,0.0,0.0
2002-03-01 00:00:00-05:00,8.17149618289575,8.53870903620754,8.17149618289575,8.433791160583496,9000,0.0,0.0
2002-03-04 00:00:00-05:00,8.474143691043217,8.65573259987376,8.474143691043217,8.494319915771484,15150,0.0,0.0
2002-03-05 00:00:00-05:00,8.635556254182035,8.635556254182035,8.554849624633789,8.554849624633789,2850,0.0,0.0
2002-03-06 00:00:00-05:00,8.514494612695216,8.615376865905636,8.514494612695216,8.611342430114746,6750,0.0,0.0
2002-03-07 00:00:00-05:00,8.611343943321945,8.615378379821777,8.575025933250842,8.615378379821777,4200,0.0,0.0
2002-03-08 00:00:00-05:00,8.611344116373042,8.756615005066399,8.611344116373042,8.655732154846191,8100,0.0,0.0
2002-03-11 00:00:00-05:00,8.756617465184005,8.760652480153723,8.675910815980686,8.736440658569336,5400,0.0,0.0
2002-03-12 00:00:00-05:00,8.575026921341536,8.829251289367676,8.575026921341536,8.829251289367676,15150,0.0,0.0
2002-03-13 00:00:00-05:00,8.62344759872831,8.865565686567242,8.6194120086368,8.784859657287598,16800,0.0,0.0
2002-03-14 00:00:00-05:00,8.865562423646168,8.869597434997559,8.813103812549027,8.869597434997559,15000,0.0,0.0
2002-03-15 00:00:00-05:00,8.675904424247861,8.869598854223945,8.675904424247861,8.809069633483887,29400,0.0,0.0
2002-03-18 00:00:00-05:00,8.869599109349839,8.877670288085938,8.805034874755615,8.877670288085938,38250,0.0,0.0
2002-03-19 00:00:00-05:00,8.805034874755615,8.877670288085938,8.805034874755615,8.877670288085938,7200,0.0,0.0
2002-03-20 00:00:00-05:00,8.877670288085938,8.877670288085938,8.877670288085938,8.877670288085938,450,0.0,0.0
2002-03-21 00:00:00-05:00,8.877670288085938,8.877670288085938,8.877670288085938,8.877670288085938,4500,0.0,0.0
2002-03-22 00:00:00-05:00,8.877670288085938,8.877670288085938,8.877670288085938,8.877670288085938,6600,0.0,0.0
2002-03-25 00:00:00-05:00,8.877672827775424,9.482968689277042,8.865566633462937,9.099614143371582,25800,0.0,0.0
2002-03-26 00:00:00-05:00,9.572326358450237,9.576401710510254,9.189270080170472,9.576401710510254,8250,0.14667,0.0
2002-03-27 00:00:00-05:00,9.564176115236538,9.674203041198652,9.564176115236538,9.6253023147583,5550,0.0,0.0
2002-03-28 00:00:00-05:00,9.372644581138596,9.674199534488922,9.291143399947273,9.299293518066406,7650,0.0,0.0
2002-04-01 00:00:00-05:00,9.29114332536273,9.470445922544291,9.16889155455712,9.197417259216309,8700,0.0,0.0
2002-04-02 00:00:00-05:00,9.172966472988183,9.572322238809303,9.087389945983887,9.087389945983887,6150,0.0,0.0
2002-04-03 00:00:00-05:00,9.25854241705008,9.25854241705008,8.904012006941766,9.087389945983887,7350,0.0,0.0
2002-04-04 00:00:00-05:00,8.904014527035478,9.209644317626953,8.904014527035478,9.209644317626953,5550,0.0,0.0
2002-04-05 00:00:00-05:00,9.307446421777701,9.331896781921387,8.904014604993023,9.331896781921387,8700,0.0,0.0
2002-04-08 00:00:00-04:00,9.250395246758632,9.535650039033108,9.250395246758632,9.47044849395752,7200,0.0,0.0
2002-04-09 00:00:00-04:00,9.572325846717662,9.576401198559813,9.429699025209514,9.515275001525879,13950,0.0,0.0
2002-04-10 00:00:00-04:00,9.45007435739878,9.767929077148438,9.45007435739878,9.767929077148438,23400,0.0,0.0
2002-04-11 00:00:00-04:00,9.780154288367752,9.780154288367752,9.576401268340964,9.637527465820312,8100,0.0,0.0
2002-04-12 00:00:00-04:00,9.739405523857101,9.780156135559082,9.653828947811576,9.780156135559082,13500,0.0,0.0
2002-04-15 00:00:00-04:00,9.698654519532177,9.780155739636788,9.474525872773139,9.678278923034668,8550,0.0,0.0
2002-04-16 00:00:00-04:00,9.780157392044531,9.780157392044531,9.776082038879395,9.776082038879395,4650,0.0,0.0
2002-04-17 00:00:00-04:00,9.780156135559082,9.780156135559082,9.780156135559082,9.780156135559082,1350,0.0,0.0
2002-04-18 00:00:00-04:00,9.780152753437756,9.780152753437756,9.719026565551758,9.719026565551758,900,0.0,0.0
2002-04-19 00:00:00-04:00,9.678278923034668,9.780155739636788,9.678278923034668,9.678278923034668,2550,0.0,0.0
2002-04-22 00:00:00-04:00,9.780157392044531,9.780157392044531,9.376725992893544,9.776082038879395,7350,0.0,0.0
2002-04-23 00:00:00-04:00,9.376723056050407,9.73940372467041,9.376723056050407,9.73940372467041,8400,0.0,0.0
2002-04-24 00:00:00-04:00,9.759781121179458,9.780156135559082,9.641603472829615,9.780156135559082,6750,0.0,0.0
2002-04-25 00:00:00-04:00,9.914632862704252,9.92278356798738,9.75163041589633,9.780156135559082,14700,0.0,0.0
2002-04-26 00:00:00-04:00,9.763852602219814,10.024656429268608,9.763852602219814,9.841279029846191,18300,0.0,0.0
2002-04-29 00:00:00-04:00,9.780155739636788,9.780155739636788,9.678278923034668,9.678278923034668,1800,0.0,0.0
2002-04-30 00:00:00-04:00,9.739400775353715,10.08578109741211,9.739400775353715,10.08578109741211,31200,0.0,0.0
2002-05-01 00:00:00-04:00,10.065408425639262,10.065408425639262,9.882031011360477,9.90648078918457,11850,0.0,0.0
2002-05-02 00:00:00-04:00,10.061330865433323,10.065406799316406,10.045030627555922,10.065406799316406,38100,0.0,0.0
2002-05-03 00:00:00-04:00,10.167284891046998,10.167284891046998,9.983906306307556,10.045032501220703,21000,0.0,0.0
2002-05-06 00:00:00-04:00,10.065407197054581,10.183583634864267,9.983904838562012,9.983904838562012,14250,0.0,0.0
2002-05-07 00:00:00-04:00,10.146907135726194,10.187658309936523,10.012429310128494,10.187658309936523,5100,0.0,0.0
2002-05-08 00:00:00-04:00,10.187660712086895,10.366962190058262,10.020582374079453,10.346587181091309,21150,0.0,0.0
2002-05-09 00:00:00-04:00,10.36696121414555,10.591090955223782,10.187659753053051,10.228409767150879,13050,0.0,0.0
2002-05-10 00:00:00-04:00,10.228407676446134,10.534037383248767,10.106155327371157,10.138755798339844,13200,0.0,0.0
2002-05-13 00:00:00-04:00,10.187655798805853,10.591086844388444,10.187655798805853,10.309906959533691,41100,0.0,0.0
2002-05-14 00:00:00-04:00,10.587014268503472,10.591090202331543,10.195808564725871,10.591090202331543,12150,0.0,0.0
2002-05-15 00:00:00-04:00,10.187659386385134,10.595164176236935,10.179508684327896,10.391411781311035,29850,0.0,0.0
2002-05-16 00:00:00-04:00,10.22840818119932,10.59516291475331,10.187658173419928,10.350659370422363,34200,0.0,0.0
2002-05-17 00:00:00-04:00,10.191736900420777,10.591094639153486,10.187663296656115,10.54626750946045,46650,0.0,0.0
2002-05-20 00:00:00-04:00,10.289530794508558,10.419933820307959,10.187655798805853,10.309906959533691,29400,0.0,0.0
2002-05-21 00:00:00-04:00,10.187660654415078,10.330286882261499,10.106158287238339,10.126534461975098,14700,0.0,0.0
2002-05-22 00:00:00-04:00,10.187659028839652,10.59516380438969,10.106156674667691,10.591090202331543,7800,0.0,0.0
2002-05-23 00:00:00-04:00,10.183584776732808,10.391413132656755,10.126534518453086,10.191734313964844,24300,0.0,0.0
2002-05-24 00:00:00-04:00,10.19173614965512,10.379189530377092,10.106160163879395,10.106160163879395,5400,0.0,0.0
2002-05-28 00:00:00-04:00,10.106155567788296,10.273233859891073,10.024654388427734,10.024654388427734,30000,0.0,0.0
2002-05-29 00:00:00-04:00,10.024653644717555,10.18358122415132,9.331893671547341,9.454145431518555,73200,0.0,0.0
2002-05-30 00:00:00-04:00,9.4378475221985,9.592699799213305,9.34819620392677,9.556024551391602,15900,0.0,0.0
2002-05-31 00:00:00-04:00,9.556023000282373,9.670124659562065,9.393020629882812,9.393020629882812,20550,0.0,0.0
2002-06-03 00:00:00-04:00,9.36041820779373,9.588622658958078,9.356344023541583,9.454145431518555,18600,0.0,0.0
2002-06-04 00:00:00-04:00,9.454148344826821,9.556024551391602,9.433772753748334,9.556024551391602,13350,0.0,0.0
2002-06-05 00:00:00-04:00,9.61307573562322,9.61307573562322,9.270770127740455,9.37264633178711,10650,0.0,0.0
2002-06-06 00:00:00-04:00,9.28707267386465,9.413399859086361,8.989593505859375,8.989593505859375,20550,0.0,0.0
2002-06-07 00:00:00-04:00,8.973291493192562,9.576400998414876,8.969216141435586,9.205570220947266,27750,0.0,0.0
2002-06-10 00:00:00-04:00,9.535647449916375,9.576398040184912,9.185191790664534,9.197417259216309,12450,0.0,0.0
2002-06-11 00:00:00-04:00,9.58862677251836,9.58862677251836,9.193345037953717,9.47452449798584,13650,0.0,0.0
2002-06-12 00:00:00-04:00,9.531576512590052,9.653828339998922,9.274847383560076,9.64975357055664,20550,0.0,0.0
2002-06-13 00:00:00-04:00,9.596774913397812,9.755702537877044,9.37264633178711,9.37264633178711,18600,0.0,0.0
2002-06-14 00:00:00-04:00,9.372646794320836,9.61715039562994,9.372646794320836,9.613076210021973,12750,0.0,0.0
2002-06-17 00:00:00-04:00,9.698650391994462,9.853503227233887,9.494896845503366,9.853503227233887,6900,0.0,0.0
2002-06-18 00:00:00-04:00,9.861656946981393,9.94315816698055,9.792381201453463,9.824981689453125,14850,0.0,0.0
2002-06-19 00:00:00-04:00,9.963532743662942,10.106160163879395,9.829056028031749,10.106160163879395,15600,0.0,0.0
2002-06-20 00:00:00-04:00,10.126532131563469,10.224333550606405,10.126532131563469,10.187658309936523,8700,0.0,0.0
2002-06-21 00:00:00-04:00,10.248785730753447,10.38326358795166,10.138758817004058,10.38326358795166,18600,0.0,0.0
2002-06-24 00:00:00-04:00,10.187661597899817,10.635917663574219,10.187661597899817,10.635917663574219,35850,0.0,0.0
2002-06-25 00:00:00-04:00,10.668517463809723,10.68889363912847,10.513665759875362,10.676668167114258,24150,0.0,0.0
2002-06-26 00:00:00-04:00,10.3914136092979,10.697043421336073,10.191734781446971,10.4240140914917,20400,0.0,0.0
2002-06-27 00:00:00-04:00,10.554412385895063,10.615538560431172,10.391410031055306,10.595162391662598,12900,0.0,0.0
2002-06-28 00:00:00-04:00,10.595167009448438,11.214577393687454,10.468841003803448,11.210502624511719,71850,0.0,0.0
2002-07-01 00:00:00-04:00,11.161598743870465,11.161598743870465,10.644065896412304,11.0515718460083,18600,0.0,0.0
2002-07-02 00:00:00-04:00,10.636626932078517,11.29807711338418,10.636626932078517,10.985840797424316,24600,0.14667,0.0
2002-07-03 00:00:00-04:00,10.985843655923057,10.985843655923057,10.28330764824334,10.887242317199707,17700,0.0,0.0
2002-07-05 00:00:00-04:00,10.989947754107998,11.09265833713954,10.842045783996582,10.842045783996582,2250,0.0,0.0
2002-07-08 00:00:00-04:00,10.706468375927422,10.887238610800354,10.620192527770996,10.620192527770996,16500,0.0,0.0
2002-07-09 00:00:00-04:00,10.620195065762687,10.681820014646977,10.33260726928711,10.33260726928711,14400,0.0,0.0
2002-07-10 00:00:00-04:00,10.599650684868239,10.603758778651192,10.332604606831891,10.476398468017578,8400,0.0,0.0
2002-07-11 00:00:00-04:00,10.476402123180184,10.616087939318577,10.275090177115425,10.459968566894531,7650,0.0,0.0
2002-07-12 00:00:00-04:00,10.657166798920816,10.657166798920816,10.270978974935513,10.340821266174316,11700,0.0,0.0
2002-07-15 00:00:00-04:00,10.414774592830423,10.414774592830423,10.188812930431464,10.324389457702637,3900,0.0,0.0
2002-07-16 00:00:00-04:00,10.324390523497787,10.410667572868169,10.07788718691232,10.328499794006348,5100,0.0,0.0
2002-07-17 00:00:00-04:00,10.328495729742237,10.579108238220215,10.114859588767342,10.579108238220215,38850,0.0,0.0
2002-07-18 00:00:00-04:00,10.579110421802216,10.579110421802216,10.090210759769251,10.229896545410156,50700,0.0,0.0
2002-07-19 00:00:00-04:00,10.065556176218688,10.394228285861322,9.757427469239943,9.78207778930664,48600,0.0,0.0
2002-07-22 00:00:00-04:00,10.016260629352882,10.065561294555664,9.61774721281887,10.065561294555664,16800,0.0,0.0
2002-07-23 00:00:00-04:00,10.06556172144083,10.06556172144083,9.326051712036133,9.326051712036133,51450,0.0,0.0
2002-07-24 00:00:00-04:00,9.243882783039929,9.654722213745117,9.042571456117285,9.654722213745117,22200,0.0,0.0
2002-07-25 00:00:00-04:00,9.942308297326583,9.942308297326583,9.186364322637345,9.363024711608887,20100,0.0,0.0
2002-07-26 00:00:00-04:00,9.757431858995178,9.958743190629178,9.469844662168216,9.580771446228027,8700,0.0,0.0
2002-07-29 00:00:00-04:00,9.962854274920119,9.962854274920119,9.510930279334957,9.860143661499023,36750,0.0,0.0
2002-07-30 00:00:00-04:00,9.654726153185967,9.96285629272461,9.490389961223261,9.96285629272461,9000,0.0,0.0
2002-07-31 00:00:00-04:00,9.962853008961956,10.373690708759197,9.925876628626924,10.0244779586792,18000,0.0,0.0
2002-08-01 00:00:00-04:00,10.028586366181234,10.270982779391291,9.958744049072266,9.958744049072266,19950,0.0,0.0
2002-08-02 00:00:00-04:00,10.168267250061035,10.30795299203237,9.864246032488154,10.168267250061035,8250,0.0,0.0
2002-08-05 00:00:00-04:00,10.065558091410166,10.270979227515134,10.065558091410166,10.11896800994873,11100,0.0,0.0
2002-08-06 00:00:00-04:00,10.30795486871391,10.476398468017578,10.229895209736508,10.476398468017578,9000,0.0,0.0
2002-08-07 00:00:00-04:00,10.579112201070446,10.579112201070446,10.168272139108877,10.27098274230957,4200,0.0,0.0
2002-08-08 00:00:00-04:00,10.27098028043943,10.476399086762399,10.27098028043943,10.472290992736816,14550,0.0,0.0
2002-08-09 00:00:00-04:00,10.27919516194235,10.340821266174316,10.27919516194235,10.340821266174316,3000,0.0,0.0
2002-08-12 00:00:00-04:00,10.414775043220052,10.414775043220052,10.33260726928711,10.33260726928711,1650,0.0,0.0
2002-08-13 00:00:00-04:00,10.349035263061523,10.353143355695565,10.291518439925172,10.349035263061523,3450,0.0,0.0
2002-08-14 00:00:00-04:00,10.270978643356255,10.381904216888564,10.246327732291208,10.307953834533691,3600,0.0,0.0
2002-08-15 00:00:00-04:00,10.312063584079304,10.414772987365723,10.168269714226124,10.414772987365723,5400,0.0,0.0
2002-08-16 00:00:00-04:00,10.291521938506085,10.414772987365723,10.291521938506085,10.414772987365723,1500,0.0,0.0
2002-08-19 00:00:00-04:00,10.414775471033456,10.414775471033456,9.860142680348002,10.27098274230957,14400,0.0,0.0
2002-08-20 00:00:00-04:00,10.1764859577619,10.332605285978186,10.172377863708926,10.192920684814453,3150,0.0,0.0
2002-08-21 00:00:00-04:00,10.37368852079896,10.414772987365723,10.229895826366104,10.414772987365723,2100,0.0,0.0
2002-08-22 00:00:00-04:00,10.414772987365723,10.414772987365723,10.410664893335143,10.414772987365723,1650,0.0,0.0
2002-08-23 00:00:00-04:00,10.307956076573072,10.414773579968003,10.307956076573072,10.312064170837402,11550,0.0,0.0
2002-08-26 00:00:00-04:00,10.29152033292932,10.414771362560604,10.29152033292932,10.40655517578125,3750,0.0,0.0
2002-08-27 00:00:00-04:00,10.414777301609083,10.496945093359676,10.229900064025458,10.33671760559082,7200,0.0,0.0
2002-08-28 00:00:00-04:00,10.17237819780142,10.68181831513194,10.17237819780142,10.197029113769531,25500,0.0,0.0
2002-08-29 00:00:00-04:00,10.373690994669058,10.51748607423415,10.27098274230957,10.27098274230957,2250,0.0,0.0
2002-08-30 00:00:00-04:00,10.472290181305118,10.47639827501239,10.18059437052466,10.275086402893066,4350,0.0,0.0
2002-09-03 00:00:00-04:00,10.172376541359384,10.312062299785115,10.00393295288086,10.00393295288086,5250,0.0,0.0
2002-09-04 00:00:00-04:00,10.188811622780632,10.266871288478034,10.065559395319433,10.25043773651123,3600,0.0,0.0
2002-09-05 00:00:00-04:00,10.147727019425494,10.312062517860372,10.090209007263184,10.090209007263184,3600,0.0,0.0
2002-09-06 00:00:00-04:00,10.373690994669058,10.579112201070446,10.13129693317534,10.27098274230957,12450,0.0,0.0
2002-09-09 00:00:00-04:00,10.131295093582574,10.312064170837402,10.131295093582574,10.312064170837402,3450,0.0,0.0
2002-09-10 00:00:00-04:00,10.266873471878709,10.27098274230957,9.962853283548696,10.27098274230957,3750,0.0,0.0
2002-09-11 00:00:00-04:00,10.27098274230957,10.27098274230957,10.118971472723961,10.27098274230957,3000,0.0,0.0
2002-09-12 00:00:00-04:00,10.266869999521234,10.266869999521234,9.839597702026367,9.839597702026367,9000,0.0,0.0
2002-09-13 00:00:00-04:00,9.96696020313835,10.27098274230957,9.962853283548696,10.27098274230957,7650,0.0,0.0
2002-09-16 00:00:00-04:00,9.98339018820785,10.27097785978603,9.98339018820785,10.266868591308594,3750,0.0,0.0
2002-09-17 00:00:00-04:00,10.266873012663659,10.270982282910722,10.164163589477539,10.164163589477539,3150,0.0,0.0
2002-09-18 00:00:00-04:00,10.27098232040282,10.33260726928711,10.27098232040282,10.33260726928711,3750,0.0,0.0
2002-09-19 00:00:00-04:00,10.238110739343215,10.270979013755309,9.96695658494982,10.00393295288086,9900,0.0,0.0
2002-09-20 00:00:00-04:00,10.472290212266794,10.472290212266794,10.003933441066392,10.11075210571289,34950,0.0,0.0
2002-09-23 00:00:00-04:00,10.045018603121077,10.21757150115103,9.798515302664327,10.012152671813965,18750,0.0,0.0
2002-09-24 00:00:00-04:00,9.971072485226742,10.270985844552774,9.864253754752315,9.96285629272461,15750,0.0,0.0
2002-09-25 00:00:00-04:00,10.102537116964179,10.106645211649004,9.942309670050875,10.061453819274902,11700,0.0,0.0
2002-09-26 00:00:00-04:00,9.860141022109564,10.045018196105957,9.860141022109564,10.045018196105957,8250,0.0,0.0
2002-09-27 00:00:00-04:00,10.045020884983842,10.15183959382398,9.860143661499023,9.860143661499023,6600,0.0,0.0
2002-09-30 00:00:00-04:00,9.860139628571835,10.151835441589355,9.81905575263346,10.151835441589355,4650,0.0,0.0
2002-10-01 00:00:00-04:00,9.860139427729836,10.036800384521484,9.654720052222167,10.036800384521484,12750,0.0,0.0
2002-10-02 00:00:00-04:00,10.111453416109683,10.132191476924302,9.941408911615822,10.069979667663574,3000,0.15333,0.0
2002-10-03 00:00:00-04:00,9.995324704634907,10.036798445856274,9.870901107788086,9.870901107788086,2550,0.0,0.0
2002-10-04 00:00:00-04:00,9.850164413452148,9.854312143875745,9.846017276324277,9.850164413452148,3000,0.0,0.0
2002-10-07 00:00:00-04:00,9.680118191607711,9.928964173584005,9.456156214533427,9.758919715881348,2550,0.0,0.0
2002-10-08 00:00:00-04:00,9.443716636464055,9.758922221182248,9.443716636464055,9.580581665039062,10050,0.0,0.0
2002-10-09 00:00:00-04:00,9.236343968247787,9.539106329151792,9.18657476426666,9.248785972595215,9750,0.0,0.0
2002-10-10 00:00:00-04:00,9.464454849713572,9.7050066547167,9.22805077604298,9.389801025390625,12450,0.0,0.0
2002-10-11 00:00:00-04:00,9.1865744042682,9.912375563865199,9.1865744042682,9.356618881225586,6750,0.0,0.0
2002-10-14 00:00:00-04:00,9.53910637115207,9.8833442568141,9.53910637115207,9.63449764251709,1800,0.0,0.0
2002-10-15 00:00:00-04:00,9.539102849054231,9.7672119140625,9.539102849054231,9.7672119140625,750,0.0,0.0
2002-10-16 00:00:00-04:00,9.787952974817879,10.036799603928415,9.53910693900309,9.796248435974121,12150,0.0,0.0
2002-10-17 00:00:00-04:00,9.949703015651323,10.099011227748406,9.754773921086326,9.953850746154785,6450,0.0,0.0
2002-10-18 00:00:00-04:00,9.953849947760627,9.953849947760627,9.808690071105957,9.808690071105957,9600,0.0,0.0
2002-10-21 00:00:00-04:00,9.746476952527884,9.953848600608694,9.60131650222351,9.833573341369629,9150,0.0,0.0
2002-10-22 00:00:00-04:00,9.837720844930093,9.854311171692025,9.713297843933105,9.713297843933105,2100,0.0,0.0
2002-10-23 00:00:00-04:00,9.846017262387477,9.846017262387477,9.294407681052048,9.725741386413574,13050,0.0,0.0
2002-10-24 00:00:00-04:00,9.539107512436763,9.626203926855524,9.460306559672917,9.46445369720459,4500,0.0,0.0
2002-10-25 00:00:00-04:00,9.88334524304907,10.28149891638193,9.787953368869413,10.186107635498047,12900,0.0,0.0
2002-10-28 00:00:00-05:00,10.368592101503904,10.368592101503904,10.165367015685767,10.3644437789917,8700,0.0,0.0
2002-10-29 00:00:00-05:00,10.368596076965332,10.368596076965332,10.306384267931593,10.368596076965332,13800,0.0,0.0
2002-10-30 00:00:00-05:00,10.306384321683424,10.472280502319336,10.285646260836312,10.472280502319336,10800,0.0,0.0
2002-10-31 00:00:00-05:00,10.472279512390465,10.472279512390465,10.327120219731786,10.331267356872559,6150,0.0,0.0
2002-11-01 00:00:00-05:00,10.351998322837089,10.472273537436676,10.327114327598558,10.389326095581055,8700,0.0,0.0
2002-11-04 00:00:00-05:00,10.410070236911226,10.696242908554517,10.202697927462383,10.513755798339844,19950,0.0,0.0
2002-11-05 00:00:00-05:00,10.522048525181345,10.522048525181345,10.223432144951676,10.339561462402344,4350,0.0,0.0
2002-11-06 00:00:00-05:00,10.364443256702216,10.472275904763427,10.364443256702216,10.451539039611816,4500,0.0,0.0
2002-11-07 00:00:00-05:00,10.368594579350043,10.368594579350043,10.281497584646269,10.347856521606445,4650,0.0,0.0
2002-11-08 00:00:00-05:00,10.161219418729933,10.36859284186766,10.161219418729933,10.327117919921875,3900,0.0,0.0
2002-11-11 00:00:00-05:00,10.35200458723847,10.364447185682625,10.289793968200684,10.289793968200684,2400,0.0,0.0
2002-11-12 00:00:00-05:00,10.289794531295367,10.434953836918673,10.28564620719264,10.368596076965332,7950,0.0,0.0
2002-11-13 00:00:00-05:00,10.368594774458485,10.368594774458485,10.177812233812281,10.302234649658203,36300,0.0,0.0
2002-11-14 00:00:00-05:00,10.327116800242178,10.356149123797383,10.215135828379998,10.335411071777344,10950,0.0,0.0
2002-11-15 00:00:00-05:00,10.244169639018459,10.35615062713623,10.244169639018459,10.35615062713623,5700,0.0,0.0
2002-11-18 00:00:00-05:00,10.161220918490281,10.35615177515626,10.078273435538343,10.202695846557617,8400,0.0,0.0
2002-11-19 00:00:00-05:00,10.356153710832533,10.356153710832533,10.285646438598631,10.285646438598633,1200,0.0,0.0
2002-11-20 00:00:00-05:00,10.352000662974831,10.472275904763427,10.339559255838493,10.451539039611816,8400,0.0,0.0
2002-11-21 00:00:00-05:00,10.472278221145407,10.575964943020205,10.418363071780263,10.551079750061035,9600,0.0,0.0
2002-11-22 00:00:00-05:00,10.281502073589001,10.60914976452994,10.281502073589001,10.488874435424805,3750,0.0,0.0
2002-11-25 00:00:00-05:00,10.609144956518572,10.63817728760482,10.517902013007838,10.571818351745605,9750,0.0,0.0
2002-11-26 00:00:00-05:00,10.571819679867016,10.600852014600553,10.244172096252441,10.244172096252441,10200,0.0,0.0
2002-11-27 00:00:00-05:00,10.28564620719264,10.389332951112724,10.161222589125163,10.368596076965332,14850,0.0,0.0
2002-11-29 00:00:00-05:00,10.177812398751408,10.26076107285674,10.177812398751408,10.198549270629883,2700,0.0,0.0
2002-12-02 00:00:00-05:00,10.173670569620786,10.260767622974695,9.953856739567994,10.148786544799805,8550,0.0,0.0
2002-12-03 00:00:00-05:00,10.086570183950498,10.161223411560059,9.99947435620879,10.161223411560059,6450,0.0,0.0
2002-12-04 00:00:00-05:00,9.899937404747975,10.161225535894562,9.899937404747975,9.98703384399414,8250,0.0,0.0
2002-12-05 00:00:00-05:00,10.08657013759209,10.08657013759209,9.825281468976204,10.057538986206055,1800,0.0,0.0
2002-12-06 00:00:00-05:00,10.049242407494058,10.049242407494058,9.854312712145658,9.970440864562988,1800,0.0,0.0
2002-12-09 00:00:00-05:00,10.161224972655917,10.161224972655917,9.949706077575684,9.949706077575684,6300,0.0,0.0
2002-12-10 00:00:00-05:00,9.82113286081269,9.928966141036552,9.816985130310059,9.816985130310059,2850,0.0,0.0
2002-12-11 00:00:00-05:00,9.912374899585148,9.957996368408203,9.912374899585148,9.957996368408203,1050,0.0,0.0
2002-12-12 00:00:00-05:00,10.045095250255695,10.057537848923676,9.995326042175293,9.995326042175293,2100,0.0,0.0
2002-12-13 00:00:00-05:00,9.953851709990984,10.148781416726855,9.920672235933456,10.024357795715332,3000,0.0,0.0
2002-12-16 00:00:00-05:00,10.157077460304889,10.161223411560059,9.978737480382986,10.161223411560059,10800,0.0,0.0
2002-12-17 00:00:00-05:00,10.161223768706815,10.198551570415251,9.978737831115723,9.978737831115723,2850,0.0,0.0
2002-12-18 00:00:00-05:00,9.875047655655832,9.974586052560392,9.62620166339443,9.80454158782959,8100,0.0,0.0
2002-12-19 00:00:00-05:00,9.90822789586017,9.90822789586017,9.626201839508523,9.663528442382812,3000,0.0,0.0
2002-12-20 00:00:00-05:00,9.53910396985232,9.920668365964639,9.53910396985232,9.775507926940918,24450,0.0,0.0
2002-12-23 00:00:00-05:00,9.970439350079321,9.974586486816406,9.750625084030705,9.974586486816406,10950,0.0,0.0
2002-12-24 00:00:00-05:00,10.040945420975131,10.053388017777728,9.966292213342236,9.974586486816406,12750,0.0,0.0
2002-12-26 00:00:00-05:00,10.057535571735622,10.057535571735622,9.978734046802373,10.049240112304688,750,0.0,0.0
2002-12-27 00:00:00-05:00,9.944559580437618,10.049239356730677,9.743574984977034,9.982244491577148,3900,0.15333,0.0
2002-12-30 00:00:00-05:00,10.08273832002357,10.32140726387599,9.835694417774166,9.839881896972656,10050,0.0,0.0
2002-12-31 00:00:00-05:00,9.944560837656487,9.952935795840807,9.71007877997527,9.84406852722168,10350,0.0,0.0
2003-01-02 00:00:00-05:00,9.877565838476244,9.894313956672121,9.877565838476244,9.885939598083496,900,0.0,0.0
2003-01-03 00:00:00-05:00,9.689140304496117,9.781257629394531,9.609583616200343,9.781257629394531,8700,0.0,0.0
2003-01-06 00:00:00-05:00,9.67239228741586,9.986431005825224,9.67239228741586,9.902688026428223,16200,0.0,0.0
2003-01-07 00:00:00-05:00,9.630523179136556,9.957123824711223,9.630523179136556,9.898503303527832,13650,0.0,0.0
2003-01-08 00:00:00-05:00,9.751947466274137,9.919434596923603,9.634706474819511,9.8147554397583,8550,0.0,0.0
2003-01-09 00:00:00-05:00,9.793822620696423,9.961309809007396,9.793822620696423,9.839881896972656,3750,0.0,0.0
2003-01-10 00:00:00-05:00,9.789633805029782,9.961307839617174,9.69332839130022,9.852441787719727,11400,0.0,0.0
2003-01-13 00:00:00-05:00,9.785449466839836,9.957124155499475,9.73520330415626,9.760326385498047,10800,0.0,0.0
2003-01-14 00:00:00-05:00,9.839878396728098,9.873375822474578,9.772883545235137,9.856626510620117,3300,0.0,0.0
2003-01-15 00:00:00-05:00,9.881748484170847,9.881748484170847,9.735197562271223,9.772882461547852,10050,0.0,0.0
2003-01-16 00:00:00-05:00,9.609583295230436,9.961306265568478,9.609583295230436,9.856626510620117,7650,0.0,0.0
2003-01-17 00:00:00-05:00,9.735198641779737,9.856626510620117,9.735198641779737,9.856626510620117,3900,0.0,0.0
2003-01-21 00:00:00-05:00,9.965495207103645,9.965495207103645,9.684953925777704,9.726825714111328,11700,0.0,0.0
2003-01-22 00:00:00-05:00,9.78125936610188,9.952934607740273,9.714265099457323,9.877565383911133,6300,0.0,0.0
2003-01-23 00:00:00-05:00,9.756137477349403,9.873379105426784,9.693330082681564,9.798009872436523,9300,0.0,0.0
2003-01-24 00:00:00-05:00,9.986433669736362,9.986433669736362,9.705892307843078,9.785449028015137,16500,0.0,0.0
2003-01-27 00:00:00-05:00,9.789634323286464,9.906874739150446,9.722638858679215,9.877565383911133,11700,0.0,0.0
2003-01-28 00:00:00-05:00,9.982246007036984,9.986432887254043,9.756137703835737,9.839881896972656,15150,0.0,0.0
2003-01-29 00:00:00-05:00,9.756138834994182,10.17485805228215,9.756138834994182,10.003183364868164,18750,0.0,0.0
2003-01-30 00:00:00-05:00,10.053425802408738,10.18322864753211,9.948746629614948,10.007367134094238,12450,0.0,0.0
2003-01-31 00:00:00-05:00,10.220912905671272,10.220912905671272,10.04923887149544,10.065987586975098,12150,0.0,0.0
2003-02-03 00:00:00-05:00,10.049240322155214,10.388402758050097,10.049240322155214,10.137170791625977,13500,0.0,0.0
2003-02-04 00:00:00-05:00,10.204166491078418,10.262786402611878,10.04923995767428,10.17904281616211,8100,0.0,0.0
2003-02-05 00:00:00-05:00,10.29628301850471,10.300469898003598,10.049239158630371,10.049239158630371,6900,0.0,0.0
2003-02-06 00:00:00-05:00,10.049239389024393,10.292096374967707,9.969682686908248,10.212539672851562,9150,0.0,0.0
2003-02-07 00:00:00-05:00,10.078547647869506,10.216724226748003,9.756134033203125,9.756134033203125,12450,0.0,0.0
2003-02-10 00:00:00-05:00,9.923624737513109,10.199978577239488,9.911062899853034,10.12460994720459,9600,0.0,0.0
2003-02-11 00:00:00-05:00,10.065990066362614,10.187417984008789,10.05761510757861,10.187417984008789,11100,0.0,0.0
2003-02-12 00:00:00-05:00,10.342343109229848,10.342343109229848,10.04923995767428,10.17904281616211,13650,0.0,0.0
2003-02-13 00:00:00-05:00,10.342345455034003,10.342345455034003,10.132985842442201,10.275350570678711,11550,0.0,0.0
2003-02-14 00:00:00-05:00,10.325593309059354,10.467957990075064,10.254411567532813,10.463769912719727,20850,0.0,0.0
2003-02-18 00:00:00-05:00,10.37165137830439,10.463769912719727,10.363277619518977,10.463769912719727,3450,0.0,0.0
2003-02-19 00:00:00-05:00,10.5935752382036,10.5935752382036,10.338156368037088,10.367466926574707,11700,0.0,0.0
2003-02-20 00:00:00-05:00,10.451211392529844,10.467961311340332,10.371654669013575,10.467961311340332,8700,0.0,0.0
2003-02-21 00:00:00-05:00,10.467957679113507,10.572635650634766,10.467957679113507,10.572635650634766,4950,0.0,0.0
2003-02-24 00:00:00-05:00,10.421898483809807,10.66056860059328,10.421898483809807,10.539140701293945,6900,0.0,0.0
2003-02-25 00:00:00-05:00,10.48051854273373,10.656380653381348,10.472143586054024,10.656380653381348,6750,0.0,0.0
2003-02-26 00:00:00-05:00,10.610321386549517,10.677316248136682,10.610321386549517,10.656380653381348,16500,0.0,0.0
2003-02-27 00:00:00-05:00,10.656380887606476,10.656380887606476,10.576824188232422,10.576824188232422,3000,0.0,0.0
2003-02-28 00:00:00-05:00,10.631257626341585,10.656381299942424,10.518204689025879,10.518204689025879,16500,0.0,0.0
2003-03-03 00:00:00-05:00,10.618694305419922,10.635441819640114,10.480516531441808,10.618694305419922,5850,0.0,0.0
2003-03-04 00:00:00-05:00,10.56845287621006,10.56845287621006,10.463772479970991,10.555891036987305,6000,0.0,0.0
2003-03-05 00:00:00-05:00,10.493080805101913,10.530765116785139,10.46795832996732,10.5098295211792,7200,0.0,0.0
2003-03-06 00:00:00-05:00,10.476332204429548,10.480519084004323,10.47214412689209,10.47214412689209,1350,0.0,0.0
2003-03-07 00:00:00-05:00,10.56845254452725,10.572638226852908,10.43446159362793,10.43446159362793,1200,0.0,0.0
2003-03-10 00:00:00-05:00,10.467958953218067,10.543327581071882,10.426086561550484,10.539140701293945,4650,0.0,0.0
2003-03-11 00:00:00-05:00,10.467958578352771,10.534952246288881,10.467958578352771,10.505642890930176,1350,0.0,0.0
2003-03-12 00:00:00-05:00,10.476332393911346,10.648006439208984,10.46795863461034,10.648006439208984,10050,0.0,0.0
2003-03-13 00:00:00-05:00,10.618696758449754,10.677316665649414,10.614508680964825,10.677316665649414,1800,0.0,0.0
2003-03-14 00:00:00-05:00,10.467959488679924,10.677317863838816,10.467959488679924,10.597761154174805,14250,0.0,0.0
2003-03-17 00:00:00-05:00,10.639636184659896,10.740128517150879,10.639636184659896,10.740128517150879,8700,0.0,0.0
2003-03-18 00:00:00-05:00,10.735938160929482,10.781998634338379,10.702441921833897,10.781998634338379,9900,0.0,0.0
2003-03-19 00:00:00-05:00,10.740128517150879,10.802936524448517,10.702444191957534,10.740128517150879,13800,0.0,0.0
2003-03-20 00:00:00-05:00,10.723379795069048,10.802936524448517,10.719192914039365,10.740128517150879,9300,0.0,0.0
2003-03-21 00:00:00-05:00,11.016479669606744,11.016479669606744,10.47214457106679,10.719189643859863,25350,0.0,0.0
2003-03-24 00:00:00-05:00,10.740126070054579,10.886676456407331,10.723377351788878,10.761061668395996,6900,0.0,0.0
2003-03-25 00:00:00-05:00,10.761060139638507,10.832243080627327,10.610321696661693,10.794557571411133,6750,0.0,0.0
2003-03-26 00:00:00-05:00,10.84480382616654,10.84480382616654,10.65638107007544,10.677316665649414,6000,0.0,0.0
2003-03-27 00:00:00-05:00,10.816748401537792,10.981534939437081,10.757593763782857,10.778719902038574,10350,0.15333,0.0
2003-03-28 00:00:00-05:00,10.880126388241536,10.981533287251104,10.736466010211853,10.863224029541016,9150,0.0,0.0
2003-03-31 00:00:00-05:00,10.677316415135234,10.901257662673434,10.563234506615201,10.635064125061035,10200,0.0,0.0
2003-04-01 00:00:00-05:00,10.689991461839044,10.75759608594325,10.466050237844332,10.728018760681152,8700,0.0,0.0
2003-04-02 00:00:00-05:00,10.681543017154315,10.859005805345948,10.466052920373883,10.537883758544922,7350,0.0,0.0
2003-04-03 00:00:00-05:00,10.643514994767376,10.643514994767376,10.356195287951097,10.580135345458984,6600,0.0,0.0
2003-04-04 00:00:00-05:00,10.584361059715166,10.584361059715166,10.237886706964641,10.246337890625,3450,0.0,0.0
2003-04-07 00:00:00-04:00,10.339290476419755,10.65618740215307,10.339290476419755,10.474499702453613,17100,0.0,0.0
2003-04-08 00:00:00-04:00,10.461824003787067,10.563232136719451,10.385769415170142,10.512527465820312,21150,0.0,0.0
2003-04-09 00:00:00-04:00,10.428019389582605,10.444920539855957,10.389992103683971,10.444920539855957,7050,0.0,0.0
2003-04-10 00:00:00-04:00,10.470278084968008,10.491404231116274,10.351968765258789,10.351968765258789,6000,0.0,0.0
2003-04-11 00:00:00-04:00,10.406897723404263,10.618161588119763,10.339293093276721,10.478727340698242,11250,0.0,0.0
2003-04-14 00:00:00-04:00,10.474500110467297,10.584358215332033,10.453373970293038,10.584358215332031,5400,0.0,0.0
2003-04-15 00:00:00-04:00,10.563235982720556,10.651966771368532,10.563235982720556,10.643515586853027,2550,0.0,0.0
2003-04-16 00:00:00-04:00,10.57591051413793,10.622389004908598,10.27168964360203,10.398448944091797,5400,0.0,0.0
2003-04-17 00:00:00-04:00,10.732242323666805,10.732242323666805,10.470275044450188,10.689990043640137,9300,0.0,0.0
2003-04-21 00:00:00-04:00,10.681543350219727,10.770275351515503,10.533659099126197,10.681543350219727,7500,0.0,0.0
2003-04-22 00:00:00-04:00,10.732244843092875,10.774498341904552,10.39844788415158,10.711118698120117,8550,0.0,0.0
2003-04-23 00:00:00-04:00,10.715343800076889,10.77449724173376,10.597034499031079,10.770272254943848,13950,0.0,0.0
2003-04-24 00:00:00-04:00,10.613936479832606,11.028014183044434,10.613936479832606,11.028014183044434,24150,0.0,0.0
2003-04-25 00:00:00-04:00,10.985759905965514,10.985759905965514,10.774496082801576,10.816749572753906,25050,0.0,0.0
2003-04-28 00:00:00-04:00,11.049138552420608,11.049138552420608,10.85055091481525,10.892803192138672,18450,0.0,0.0
2003-04-29 00:00:00-04:00,10.901258408619347,10.922384555102056,10.846328735351562,10.846328735351562,8250,0.0,0.0
2003-04-30 00:00:00-04:00,10.918154851915983,11.028011733270752,10.880127562898235,10.901253700256348,37950,0.0,0.0
2003-05-01 00:00:00-04:00,10.85900570674501,10.960412667971916,10.79562605376161,10.905484199523926,11400,0.0,0.0
2003-05-02 00:00:00-04:00,10.94350762487909,11.061815704333348,10.816749572753908,10.816749572753906,22800,0.0,0.0
2003-05-05 00:00:00-04:00,10.880130000341737,10.985760710796443,10.871678818185764,10.909706115722656,21300,0.0,0.0
2003-05-06 00:00:00-04:00,10.943510271586314,10.943510271586314,10.884355613119574,10.897031784057617,17100,0.0,0.0
2003-05-07 00:00:00-04:00,10.774494458376221,10.973083292593367,10.774494458376221,10.901253700256348,19500,0.0,0.0
2003-05-08 00:00:00-04:00,10.732243448097602,10.922382354736328,10.732243448097602,10.922382354736328,9000,0.0,0.0
2003-05-09 00:00:00-04:00,10.922378807700277,10.951956122532108,10.884350313402663,10.88857650756836,11700,0.0,0.0
2003-05-12 00:00:00-04:00,10.888579787293322,10.956184407920198,10.74069437745554,10.88012981414795,39750,0.0,0.0
2003-05-13 00:00:00-04:00,10.884352560206072,10.918156076181493,10.808297973642485,10.825199127197266,13200,0.0,0.0
2003-05-14 00:00:00-04:00,10.89703221222981,10.926609542625348,10.753372965507898,10.846328735351562,14100,0.0,0.0
2003-05-15 00:00:00-04:00,10.875902838898561,10.985759735107422,10.795622055443848,10.985759735107422,25050,0.0,0.0
2003-05-16 00:00:00-04:00,10.863225207996278,11.129418648989763,10.863225207996278,11.019561767578125,10650,0.0,0.0
2003-05-19 00:00:00-04:00,11.197027135237267,11.247730602336182,10.922382448468642,11.099843978881836,13500,0.0,0.0
2003-05-20 00:00:00-04:00,11.023784766707685,11.273077011108398,11.011108603024308,11.273077011108398,4950,0.0,0.0
2003-05-21 00:00:00-04:00,11.26040787427806,11.399843344076364,10.753373099192208,10.871681213378906,24450,0.0,0.0
2003-05-22 00:00:00-04:00,11.180127066006236,11.180127066006236,10.77872423351337,10.871681213378906,26100,0.0,0.0
2003-05-23 00:00:00-04:00,10.985762098109932,10.985762098109932,10.804075560771551,10.859004020690918,8100,0.0,0.0
2003-05-27 00:00:00-04:00,10.808299252526293,10.930833536946627,10.592809216988671,10.922382354736328,10650,0.0,0.0
2003-05-28 00:00:00-04:00,10.846327079835707,11.028014813134302,10.774497467438376,10.9730863571167,67500,0.0,0.0
2003-05-29 00:00:00-04:00,10.973086636070954,11.08716974675082,10.926608152628626,10.981537818908691,15300,0.0,0.0
2003-05-30 00:00:00-04:00,10.985762949068585,11.028016450725314,10.816752569040382,10.96463680267334,23550,0.0,0.0
2003-06-02 00:00:00-04:00,10.943507474890037,10.985759755397364,10.930832516057372,10.951958656311035,13050,0.0,0.0
2003-06-03 00:00:00-04:00,10.985759735107422,11.028013224402597,10.964633594892778,10.985759735107422,10500,0.0,0.0
2003-06-04 00:00:00-04:00,11.023788752455062,11.387164183656722,10.95618413352135,11.357586860656738,38550,0.0,0.0
2003-06-05 00:00:00-04:00,11.323784302100412,11.323784302100412,11.154772758483887,11.154772758483887,4650,0.0,0.0
2003-06-06 00:00:00-04:00,10.842102759445291,11.281532852330969,10.842102759445291,11.21392822265625,18300,0.0,0.0
2003-06-09 00:00:00-04:00,11.171672196012056,11.27307910659802,10.989984512329102,10.989984512329102,5850,0.0,0.0
2003-06-10 00:00:00-04:00,11.125194895813062,11.260404124139525,10.998435639824073,11.104068756103516,4200,0.0,0.0
2003-06-11 00:00:00-04:00,11.099848776432752,11.285762778350099,10.985765623934936,11.19703197479248,9900,0.0,0.0
2003-06-12 00:00:00-04:00,11.323783672223467,11.323783672223467,11.184349458712237,11.209700584411621,15900,0.0,0.0
2003-06-13 00:00:00-04:00,11.260405465828283,11.260405465828283,10.901256212509582,10.922382354736328,19200,0.0,0.0
2003-06-16 00:00:00-04:00,10.892805604730661,11.08294452139635,10.880130644045801,11.061817169189453,11850,0.0,0.0
2003-06-17 00:00:00-04:00,10.985761178244323,11.028014673090098,10.905481593109624,10.947733879089355,14550,0.0,0.0
2003-06-18 00:00:00-04:00,10.964637156292891,10.994214487519875,10.943511009216309,10.943511009216309,9900,0.0,0.0
2003-06-19 00:00:00-04:00,10.985759755397364,11.142096336325778,10.943507474890037,10.951958656311035,8700,0.0,0.0
2003-06-20 00:00:00-04:00,11.040689412469131,11.082942901842344,10.947732461167591,10.951958656311035,6750,0.0,0.0
2003-06-23 00:00:00-04:00,10.95195946923693,11.184350655874479,10.880129861723281,10.926607131958008,11850,0.0,0.0
2003-06-24 00:00:00-04:00,10.922380312896598,11.357585289286376,10.880128036341782,11.294205665588379,12600,0.0,0.0
2003-06-25 00:00:00-04:00,11.302658528275925,11.387165520731772,11.163224287569339,11.218153953552246,3900,0.0,0.0
2003-06-26 00:00:00-04:00,11.49519930623343,11.49519930623343,11.230942705920434,11.320448875427246,7500,0.15333,0.0
2003-06-27 00:00:00-04:00,11.380109730092085,11.380109730092085,11.22240828345012,11.307652473449707,12150,0.0,0.0
2003-06-30 00:00:00-04:00,11.316184514606146,11.316184514606146,10.992255172445274,11.043401718139648,71550,0.0,0.0
2003-07-01 00:00:00-04:00,10.919794655862892,11.380113431583787,10.919794655862892,11.316181182861328,26250,0.0,0.0
2003-07-02 00:00:00-04:00,11.469620043547293,11.469620043547293,11.307655430478684,11.401423454284668,17100,0.0,0.0
2003-07-03 00:00:00-04:00,11.401425307037455,11.439786123374398,11.346018084330936,11.380114555358887,4050,0.0,0.0
2003-07-07 00:00:00-04:00,11.35880470155988,11.507982413961113,11.35880470155988,11.465359687805176,43050,0.0,0.0
2003-07-08 00:00:00-04:00,11.469620727813966,11.469620727813966,11.37158957297291,11.418474197387695,10500,0.0,0.0
2003-07-09 00:00:00-04:00,11.461096819965453,11.571914923134646,11.358803749084473,11.358803749084473,24900,0.0,0.0
2003-07-10 00:00:00-04:00,11.580437846111142,11.584700971642452,11.184052531764403,11.188314437866211,8850,0.0,0.0
2003-07-11 00:00:00-04:00,11.593228991053335,11.729619791243733,11.503722833285872,11.71683406829834,4050,0.0,0.0
2003-07-14 00:00:00-04:00,11.716831503482945,11.772239949073896,11.230938774451639,11.452573776245117,16800,0.0,0.0
2003-07-15 00:00:00-04:00,11.346015874787456,11.499455451965334,11.230935887046709,11.499455451965332,5250,0.0,0.0
2003-07-16 00:00:00-04:00,11.354539686027103,11.507979263204978,11.354539686027103,11.499455451965332,6000,0.0,0.0
2003-07-17 00:00:00-04:00,11.473878825484741,11.482402634678545,11.132902069151216,11.213884353637695,9600,0.0,0.0
2003-07-18 00:00:00-04:00,11.48240280269358,11.48240280269358,10.975200784797684,10.983724594116211,8550,0.0,0.0
2003-07-21 00:00:00-04:00,10.979462682314686,11.40142177589917,10.740778923034668,10.740778923034668,17550,0.0,0.0
2003-07-22 00:00:00-04:00,10.821764538831935,11.252248794220325,10.7194714677469,11.077498435974121,7500,0.0,0.0
2003-07-23 00:00:00-04:00,11.333228413107438,11.333228413107438,10.791926183314951,10.796189308166504,6750,0.0,0.0
2003-07-24 00:00:00-04:00,10.762088575702773,11.128640426533922,10.762088575702773,10.766351699829102,14550,0.0,0.0
2003-07-25 00:00:00-04:00,11.10733230231919,11.188314616695449,10.983728487384598,11.094545364379883,11400,0.0,0.0
2003-07-28 00:00:00-04:00,11.18831341938572,11.18831341938572,11.03913574453666,11.184051513671875,4800,0.0,0.0
2003-07-29 00:00:00-04:00,11.222412896485494,11.563389796644298,11.222412896485494,11.529292106628418,12750,0.0,0.0
2003-07-30 00:00:00-04:00,11.456833035112638,11.729614512737593,11.081757283948932,11.414210319519043,24300,0.0,0.0
2003-07-31 00:00:00-04:00,11.456833756397206,11.507980286671902,11.196837979595397,11.346016883850098,9900,0.0,0.0
2003-08-01 00:00:00-04:00,11.307658958871142,11.328969713736388,11.235201660671434,11.294873237609863,8550,0.0,0.0
2003-08-04 00:00:00-04:00,11.247985948200533,11.499457945161481,11.030612861879234,11.06044864654541,22050,0.0,0.0
2003-08-05 00:00:00-04:00,11.243726844221362,11.243726844221362,10.915536789379013,10.945372581481934,10800,0.0,0.0
2003-08-06 00:00:00-04:00,11.039136717403553,11.14995481173551,10.953892498467237,10.975204467773438,7350,0.0,0.0
2003-08-07 00:00:00-04:00,10.97946147002786,11.239457165108334,10.953888822643192,10.983724594116211,8550,0.0,0.0
2003-08-08 00:00:00-04:00,10.987988261314054,11.371587789048425,10.983726355971156,11.026349067687988,5700,0.0,0.0
2003-08-11 00:00:00-04:00,11.086022357826089,11.132906987391674,11.081759231916775,11.12012004852295,2550,0.0,0.0
2003-08-12 00:00:00-04:00,11.094548976284146,11.103074010828907,11.060451276964939,11.098812103271484,6450,0.0,0.0
2003-08-13 00:00:00-04:00,11.103074018125847,11.171269416809082,10.975208255309742,11.171269416809082,11550,0.0,0.0
2003-08-14 00:00:00-04:00,11.149958596714376,11.320447092461244,11.149958596714376,11.167007446289062,4350,0.0,0.0
2003-08-15 00:00:00-04:00,11.265035759612019,11.273559572507803,11.14995574951172,11.149955749511719,5250,0.0,0.0
2003-08-18 00:00:00-04:00,11.269296481820701,11.503718383834858,11.269296481820701,11.486669540405273,11550,0.0,0.0
2003-08-19 00:00:00-04:00,11.546336051564598,12.036491661816022,11.507976471433292,12.019441604614258,11400,0.0,0.0
2003-08-20 00:00:00-04:00,11.780757875796473,12.334845713123718,11.780757875796473,12.019441604614258,12300,0.0,0.0
2003-08-21 00:00:00-04:00,12.185671798725425,12.867626737301594,12.185671798725425,12.360422134399414,8400,0.0,0.0
2003-08-22 00:00:00-04:00,12.44566551753525,12.701398120067639,12.091901779174805,12.091901779174805,13050,0.0,0.0
2003-08-25 00:00:00-04:00,12.253866304259672,12.253866304259672,12.036493288424762,12.087639808654785,2550,0.0,0.0
2003-08-26 00:00:00-04:00,12.019445086081584,12.347636222839355,11.934202091956275,12.347636222839355,5550,0.0,0.0
2003-08-27 00:00:00-04:00,12.360420759294419,12.66730111819924,12.249603901976242,12.645990371704102,9900,0.0,0.0
2003-08-28 00:00:00-04:00,12.645994271645062,12.786646949090372,12.543701193606713,12.722713470458984,15750,0.0,0.0
2003-08-29 00:00:00-04:00,12.59484800163629,12.78664722219737,12.403047561645508,12.403047561645508,7050,0.0,0.0
2003-09-02 00:00:00-04:00,12.573533124074492,12.786643028259277,12.232555082406089,12.786643028259277,11850,0.0,0.0
2003-09-03 00:00:00-04:00,12.594845668343313,12.782382947343113,12.394521451827064,12.675827980041504,12000,0.0,0.0
2003-09-04 00:00:00-04:00,12.633207438569077,12.65878009857948,12.36894970836001,12.552225112915039,8250,0.0,0.0
2003-09-05 00:00:00-04:00,12.415828698870925,12.680085089563184,12.415828698870925,12.449926376342773,7200,0.0,0.0
2003-09-08 00:00:00-04:00,12.675831717828832,12.786648623836577,12.454195466953664,12.778124809265137,6150,0.0,0.0
2003-09-09 00:00:00-04:00,12.577793814620952,12.778119222045603,12.560746192932129,12.560746192932129,3750,0.0,0.0
2003-09-10 00:00:00-04:00,12.518122844137979,12.744019672613748,12.356159471462847,12.373207092285156,14250,0.0,0.0
2003-09-11 00:00:00-04:00,12.526647291266565,12.560746192932129,12.4882877036081,12.560746192932129,5550,0.0,0.0
2003-09-12 00:00:00-04:00,12.458455189197203,12.671565128405556,12.42861940749059,12.658778190612793,8250,0.0,0.0
2003-09-15 00:00:00-04:00,12.658779233258231,12.748286585750375,12.381735801696777,12.381735801696777,3300,0.0,0.0
2003-09-16 00:00:00-04:00,12.628945922441789,12.782386779785156,12.624685234564831,12.782386779785156,10200,0.0,0.0
2003-09-17 00:00:00-04:00,12.543702082893587,12.786647855600908,12.403048176046928,12.701403617858887,17550,0.0,0.0
2003-09-18 00:00:00-04:00,12.688619628867109,12.876156995523026,12.432886856154497,12.744028091430664,16500,0.0,0.0
2003-09-19 00:00:00-04:00,12.71845003303893,13.212867736816404,12.71845003303893,13.212867736816406,15450,0.0,0.0
2003-09-22 00:00:00-04:00,12.880414348419075,12.999755036085357,12.539436251573047,12.586320877075195,21900,0.0,0.0
2003-09-23 00:00:00-04:00,12.58632668047352,12.60337553220536,12.428625106811522,12.428625106811523,5100,0.0,0.0
2003-09-24 00:00:00-04:00,12.526651373334573,12.530914499575312,12.37321175326994,12.437145233154297,8550,0.0,0.0
2003-09-25 00:00:00-04:00,12.296489694706517,12.530911586839379,12.296489694706517,12.347636222839355,11700,0.0,0.0
2003-09-26 00:00:00-04:00,12.248783495542185,12.61409866484398,12.248783495542185,12.412099838256836,13050,0.16,0.0
2003-09-29 00:00:00-04:00,12.605509341358225,12.635594367980955,12.201513925614364,12.635594367980957,12750,0.0,0.0
2003-09-30 00:00:00-04:00,12.467975556286204,12.626994432611426,12.033896470267132,12.038192749023438,14400,0.0,0.0
2003-10-01 00:00:00-04:00,12.248790220362016,12.635594367980955,12.059686270987898,12.635594367980957,10350,0.0,0.0
2003-10-02 00:00:00-04:00,12.545337851320074,12.884866894922263,12.51955156689419,12.678571701049805,13050,0.0,0.0
2003-10-03 00:00:00-04:00,12.626996672965342,12.678571701049805,12.614104145560574,12.678571701049805,4500,0.0,0.0
2003-10-06 00:00:00-04:00,12.695761737589494,12.695761737589494,12.639890429986458,12.678571701049805,5400,0.0,0.0
2003-10-07 00:00:00-04:00,12.67427628750719,12.893465295906942,12.65708501684087,12.889167785644531,7500,0.0,0.0
2003-10-08 00:00:00-04:00,12.889162367906977,12.919247386331485,12.648484679743214,12.657079696655273,5400,0.0,0.0
2003-10-09 00:00:00-04:00,12.781722378737468,13.000911382461704,12.476575793898522,12.528149604797363,7350,0.0,0.0
2003-10-10 00:00:00-04:00,12.476572258575754,12.889163858472449,12.24878829905419,12.343340873718262,8100,0.0,0.0
2003-10-13 00:00:00-04:00,12.257383544485617,12.635592620546047,12.257383544485617,12.6098051071167,3750,0.0,0.0
2003-10-14 00:00:00-04:00,12.601211498198806,13.000909393736244,12.601211498198806,12.652785301208496,3750,0.0,0.0
2003-10-15 00:00:00-04:00,12.893454272602273,12.893454272602273,12.635585433073352,12.755924224853516,5850,0.0,0.0
2003-10-16 00:00:00-04:00,12.472274614187882,13.022396331537674,12.472274614187882,12.893461227416992,3300,0.0,0.0
2003-10-17 00:00:00-04:00,12.889163297638026,12.889163297638026,12.480870454076316,12.708654403686523,6000,0.0,0.0
2003-10-20 00:00:00-04:00,12.927847561475863,12.927847561475863,12.48087453368591,12.528149604797363,4800,0.0,0.0
2003-10-21 00:00:00-04:00,12.7430396209309,12.906357284650603,12.472276837699889,12.571126937866211,10200,0.0,0.0
2003-10-22 00:00:00-04:00,12.57972137959261,12.626997672668757,12.248789787292479,12.24878978729248,8100,0.0,0.0
2003-10-23 00:00:00-04:00,12.296065966231637,12.44648986301411,12.24878967359433,12.442191123962402,5400,0.0,0.0
2003-10-24 00:00:00-04:00,12.571126360642282,12.571126360642282,12.248789787292479,12.24878978729248,10650,0.0,0.0
2003-10-27 00:00:00-05:00,12.351937578583268,12.463680204320582,12.261683730162135,12.386320114135742,6900,0.0,0.0
2003-10-28 00:00:00-05:00,12.390617355654708,12.85908031463623,12.390617355654708,12.85908031463623,9750,0.0,0.0
2003-10-29 00:00:00-05:00,12.639891347826351,13.000909192934644,12.639891347826351,12.85908031463623,30900,0.0,0.0
2003-10-30 00:00:00-05:00,12.811807006457707,12.884870832159285,12.592617988586426,12.592617988586426,6300,0.0,0.0
2003-10-31 00:00:00-05:00,12.377724905552228,12.859080395917307,12.334746121961409,12.846186637878418,12300,0.0,0.0
2003-11-03 00:00:00-05:00,12.854781897031167,12.859079406174542,12.665677968942768,12.80750560760498,9000,0.0,0.0
2003-11-04 00:00:00-05:00,12.738741442805612,12.85908031463623,12.738741442805612,12.85908031463623,2250,0.0,0.0
2003-11-05 00:00:00-05:00,12.850484066125825,12.85908031463623,12.725847684848222,12.85908031463623,6750,0.0,0.0
2003-11-06 00:00:00-05:00,12.859083005680453,12.859083005680453,12.75163786932198,12.850486755371094,8250,0.0,0.0
2003-11-07 00:00:00-05:00,12.850479468630464,12.871969467409818,12.498059227733837,12.691460609436035,52500,0.0,0.0
2003-11-10 00:00:00-05:00,12.777414248004805,12.936434303614625,12.700054203321749,12.790307998657227,9450,0.0,0.0
2003-11-11 00:00:00-05:00,12.790310936536427,12.854778474990715,12.592610813174213,12.777417182922363,6750,0.0,0.0
2003-11-12 00:00:00-05:00,12.72584276398024,12.902052879333496,12.704353995438224,12.902052879333496,13200,0.0,0.0
2003-11-13 00:00:00-05:00,12.786014458673645,13.280264854431152,12.786014458673645,13.280264854431152,14850,0.0,0.0
2003-11-14 00:00:00-05:00,13.323240537197433,13.323240537197433,12.94932908082468,13.232985496520996,10500,0.0,0.0
2003-11-17 00:00:00-05:00,13.181419831923828,13.293163709835271,12.700064237018225,12.730149269104004,12000,0.0,0.0
2003-11-18 00:00:00-05:00,13.04388519606501,13.099756501083501,12.48516845703125,12.48516845703125,14550,0.0,0.0
2003-11-19 00:00:00-05:00,12.467975953242316,12.893460036063104,12.343339599160645,12.631292343139648,15300,0.0,0.0
2003-11-20 00:00:00-05:00,12.515250908084315,13.099753810289553,12.416400845160302,12.519548416137695,22050,0.0,0.0
2003-11-21 00:00:00-05:00,12.932138825140955,12.932138825140955,12.614101093025601,12.721546173095703,4650,0.0,0.0
2003-11-24 00:00:00-05:00,12.786016068344386,13.731536972840244,12.786016068344386,13.538135528564453,27600,0.0,0.0
2003-11-25 00:00:00-05:00,13.538132164017224,13.753022331003598,13.499452130698252,13.546727180480957,23850,0.0,0.0
2003-11-26 00:00:00-05:00,13.748724037193435,13.774510312421143,13.469365139595151,13.645576477050781,9900,0.0,0.0
2003-11-28 00:00:00-05:00,13.33614139456003,13.688563073132835,13.323248863220215,13.323248863220215,6000,0.0,0.0
2003-12-01 00:00:00-05:00,13.688560365010241,13.753026697805574,13.32324622737078,13.628390312194824,12300,0.0,0.0
2003-12-02 00:00:00-05:00,13.748727664007388,13.851875251359623,13.551027506774158,13.77881145477295,13050,0.0,0.0
2003-12-03 00:00:00-05:00,13.538139140951149,13.791710701551697,13.323248863220215,13.323248863220215,13500,0.0,0.0
2003-12-04 00:00:00-05:00,13.129835378510473,13.323237945525115,12.79030773911931,13.318939208984375,9600,0.0,0.0
2003-12-05 00:00:00-05:00,13.27166906273378,13.318945349552449,12.893461227416992,12.893461227416992,5700,0.0,0.0
2003-12-08 00:00:00-05:00,13.026691784243113,13.215795672052364,12.773120354549413,13.190008163452148,4950,0.0,0.0
2003-12-09 00:00:00-05:00,12.678565730963344,13.177112214732748,12.678565730963344,13.018092155456543,8850,0.0,0.0
2003-12-10 00:00:00-05:00,12.970821398993964,13.069670243257828,12.790312514968841,12.794610023498535,3150,0.0,0.0
2003-12-11 00:00:00-05:00,13.099756164977022,13.190009998401404,12.78601465798023,13.022396087646484,9000,0.0,0.0
2003-12-12 00:00:00-05:00,12.906357451814984,13.215800285339355,12.906357451814984,13.215800285339355,4950,0.0,0.0
2003-12-15 00:00:00-05:00,13.323236901432763,13.361916919958196,12.755924224853516,12.755924224853516,13800,0.0,0.0
2003-12-16 00:00:00-05:00,12.880567931589264,12.936440467834473,12.678571479990026,12.936440467834473,9600,0.0,0.0
2003-12-17 00:00:00-05:00,12.914944309322006,12.914944309322006,12.730139211638821,12.790307998657227,4050,0.0,0.0
2003-12-18 00:00:00-05:00,12.863375520462942,13.194308280944822,12.786014216189184,13.194308280944824,5250,0.0,0.0
2003-12-19 00:00:00-05:00,13.430687123163757,13.430687123163757,13.048181802739933,13.25877571105957,9600,0.0,0.0
2003-12-22 00:00:00-05:00,13.237282828961051,13.280261594849547,12.777416304995452,13.22438907623291,6900,0.0,0.0
2003-12-23 00:00:00-05:00,13.28026119089014,13.28026119089014,12.970818512522998,13.254473686218262,4800,0.0,0.0
2003-12-24 00:00:00-05:00,13.280264483870567,13.280264483870567,13.172818160583168,13.25877571105957,1200,0.0,0.0
2003-12-26 00:00:00-05:00,13.129840981324463,13.280264854431152,13.129840981324463,13.280264854431152,5700,0.0,0.0
2003-12-29 00:00:00-05:00,13.384220664799704,13.535820792924174,13.275933265686035,13.275933265686035,4050,0.16,0.0
2003-12-30 00:00:00-05:00,13.128662101088624,13.665762901306152,13.128662101088624,13.665762901306152,8100,0.0,0.0
2003-12-31 00:00:00-05:00,13.687422597858701,13.903994904918427,13.275932488114123,13.51416301727295,21450,0.0,0.0
2004-01-02 00:00:00-05:00,13.518497713345303,13.968969477752795,13.518497713345303,13.622452735900879,14100,0.0,0.0
2004-01-05 00:00:00-05:00,13.860681453672683,13.860681453672683,13.570474624633789,13.570474624633789,8100,0.0,0.0
2004-01-06 00:00:00-05:00,13.535813713545663,13.852010969075222,13.479506327811961,13.63110637664795,12600,0.0,0.0
2004-01-07 00:00:00-05:00,13.778378522944111,13.778378522944111,13.210956086956497,13.340900421142578,7200,0.0,0.0
2004-01-08 00:00:00-05:00,13.33223918852413,13.82602596282959,13.33223918852413,13.82602596282959,4800,0.0,0.0
2004-01-09 00:00:00-05:00,13.804366482487556,13.804366482487556,13.440522879441737,13.6397705078125,3900,0.0,0.0
2004-01-12 00:00:00-05:00,13.830361020219748,13.830361020219748,13.449192652710536,13.691754341125488,2400,0.0,0.0
2004-01-13 00:00:00-05:00,13.63544664672658,13.735069274902344,13.492507569424612,13.735069274902344,4800,0.0,0.0
2004-01-14 00:00:00-05:00,13.830357467977205,13.830357467977205,13.752391850632405,13.817362785339355,1950,0.0,0.0
2004-01-15 00:00:00-05:00,13.674424076500765,13.860675811767578,13.548810884832047,13.860675811767578,4650,0.0,0.0
2004-01-16 00:00:00-05:00,13.860680048895182,13.99062442779541,13.67009710786001,13.99062442779541,9300,0.0,0.0
2004-01-20 00:00:00-05:00,14.03393953338271,14.272170066833496,13.782714314286636,14.272170066833496,10200,0.0,0.0
2004-01-21 00:00:00-05:00,14.293826523754921,14.402113914489746,14.24618017097091,14.402113914489746,8700,0.0,0.0
2004-01-22 00:00:00-05:00,14.48440878791497,14.618684292056647,14.250509442684873,14.423768997192383,4500,0.0,0.0
2004-01-23 00:00:00-05:00,14.618690098978737,14.618690098978737,14.094582557678223,14.094582557678223,8700,0.0,0.0
2004-01-26 00:00:00-05:00,14.614353014140583,14.614353014140583,14.198531821954738,14.588363647460938,3450,0.0,0.0
2004-01-27 00:00:00-05:00,14.584026111498508,14.709638024121125,14.493065846443553,14.648998260498047,4800,0.0,0.0
2004-01-28 00:00:00-05:00,14.778952282706241,14.778952282706241,14.462754861170199,14.536389350891113,7500,0.0,0.0
2004-01-29 00:00:00-05:00,14.345806292390488,14.68799187399977,14.12923395517654,14.436766624450684,5550,0.0,0.0
2004-01-30 00:00:00-05:00,14.445432352097972,14.70098878971263,14.202870603673633,14.328482627868652,4050,0.0,0.0
2004-02-02 00:00:00-05:00,14.328474733031207,14.49307073410653,14.155216436763018,14.267833709716797,10800,0.0,0.0
2004-02-03 00:00:00-05:00,14.26783156866654,14.770281791687012,14.038264670370584,14.770281791687012,10350,0.0,0.0
2004-02-04 00:00:00-05:00,14.68365778688764,14.713978304588617,14.198533221395987,14.224522590637207,17550,0.0,0.0
2004-02-05 00:00:00-05:00,14.462752525255388,14.78327980476638,14.250510149102125,14.532055854797363,19050,0.0,0.0
2004-02-06 00:00:00-05:00,14.575371397047126,14.770287961956372,14.332809717340943,14.627348899841309,6750,0.0,0.0
2004-02-09 00:00:00-05:00,14.800610336808274,14.800610336808274,14.358800888061525,14.358800888061523,8550,0.0,0.0
2004-02-10 00:00:00-05:00,14.562375659240306,14.835256576538084,14.423769006933668,14.835256576538086,12150,0.0,0.0
2004-02-11 00:00:00-05:00,14.662000604607455,14.943545078498433,14.56670790434943,14.861247062683105,9300,0.0,0.0
2004-02-12 00:00:00-05:00,15.025839508997409,15.025839508997409,14.519058089827206,14.921884536743164,1650,0.0,0.0
2004-02-13 00:00:00-05:00,14.744304363111542,14.744304363111542,14.562383651733398,14.562383651733398,4650,0.0,0.0
2004-02-17 00:00:00-05:00,14.713973879768162,15.034501075744629,14.532052067511577,15.034501075744629,5550,0.0,0.0
2004-02-18 00:00:00-05:00,14.848251207379002,15.112471066833038,14.726971626281738,14.726971626281738,2700,0.0,0.0
2004-02-19 00:00:00-05:00,14.726972286208142,14.804937911727396,14.454090118408203,14.454090118408203,6600,0.0,0.0
2004-02-20 00:00:00-05:00,14.55804449666422,14.55804449666422,14.298155784606934,14.298155784606934,2700,0.0,0.0
2004-02-23 00:00:00-05:00,14.298160071338726,14.674997329711914,14.293828921970242,14.674997329711914,4200,0.0,0.0
2004-02-24 00:00:00-05:00,14.293824641122056,14.830926657688766,14.293824641122056,14.423768997192383,10650,0.0,0.0
2004-02-25 00:00:00-05:00,14.345799348471099,14.726968807241121,14.337137054011384,14.510394096374512,9150,0.0,0.0
2004-02-26 00:00:00-05:00,14.48441334291835,14.510401478760333,14.3891218591756,14.40644645690918,5100,0.0,0.0
2004-02-27 00:00:00-05:00,14.406442458252926,14.726972212190068,14.406442458252926,14.462752342224121,52350,0.0,0.0
2004-03-01 00:00:00-05:00,14.423774914059912,14.718314170837402,14.410780225274003,14.718314170837402,3150,0.0,0.0
2004-03-02 00:00:00-05:00,14.618684250120037,14.947875048181631,14.618684250120037,14.726971626281738,8400,0.0,0.0
2004-03-03 00:00:00-05:00,14.666328604057647,14.978193528275177,14.527721971072076,14.91322135925293,8400,0.0,0.0
2004-03-04 00:00:00-05:00,14.744293863044733,14.9348792180852,14.726969273576714,14.921884536743164,7950,0.0,0.0
2004-03-05 00:00:00-05:00,14.739965378741783,14.900229013444923,14.70964486321271,14.89589786529541,6000,0.0,0.0
2004-03-08 00:00:00-05:00,14.848259409396741,14.943552154779125,14.562383651733398,14.562383651733398,15450,0.0,0.0
2004-03-09 00:00:00-05:00,14.692318724086668,14.822263079784221,14.558044459571406,14.726971626281738,7800,0.0,0.0
2004-03-10 00:00:00-05:00,14.601356543158465,14.813597641679001,14.376120762889043,14.44542407989502,5550,0.0,0.0
2004-03-11 00:00:00-05:00,14.566710404867118,14.566710404867118,14.129233360290527,14.129233360290527,12600,0.0,0.0
2004-03-12 00:00:00-05:00,14.865578211083568,14.865578211083568,14.07725343634056,14.861247062683105,10950,0.0,0.0
2004-03-15 00:00:00-05:00,14.523394572751679,14.826597306170033,14.077255249023438,14.077255249023438,7500,0.0,0.0
2004-03-16 00:00:00-05:00,14.07725276581825,14.38911774214045,13.63977457793533,14.111903190612793,12750,0.0,0.0
2004-03-17 00:00:00-05:00,14.306824314735472,14.493077378421294,13.449194735409273,13.986295700073242,10350,0.0,0.0
2004-03-18 00:00:00-05:00,13.535816317615632,14.302485198917696,13.535816317615632,14.020940780639648,21300,0.0,0.0
2004-03-19 00:00:00-05:00,14.01661041885466,14.26350319213168,13.657099128408472,13.752391815185547,8250,0.0,0.0
2004-03-22 00:00:00-05:00,13.817368651418628,13.817368651418628,13.384222706610444,13.44919490814209,14850,0.0,0.0
2004-03-23 00:00:00-05:00,13.215289832878925,13.78704223577855,13.210957445850344,13.648435592651367,6750,0.0,0.0
2004-03-24 00:00:00-05:00,13.427536953530337,13.726407324110017,13.427536953530337,13.6614351272583,6150,0.0,0.0
2004-03-25 00:00:00-05:00,13.69608854345932,14.012286030067644,13.613790499589113,13.964639663696289,16200,0.0,0.0
2004-03-26 00:00:00-05:00,13.96897104826276,14.168218816849542,13.96897104826276,14.068594932556152,9600,0.0,0.0
2004-03-29 00:00:00-05:00,14.186410402590495,14.404596163794064,14.112227768137236,14.116592407226562,4950,0.16,0.0
2004-03-30 00:00:00-05:00,14.160229493032988,14.38714204642124,13.73258597972182,13.885315895080566,4950,0.0,0.0
2004-03-31 00:00:00-05:00,13.745671601272441,13.885310036750571,13.680215772525544,13.741308212280273,7200,0.0,0.0
2004-04-01 00:00:00-05:00,13.745673526968766,14.203863143920898,13.745673526968766,14.203863143920898,9300,0.0,0.0
2004-04-02 00:00:00-05:00,14.21696300130701,14.60969704798262,14.134052300008019,14.439512252807617,8850,0.0,0.0
2004-04-05 00:00:00-04:00,14.723143836567138,14.902055293462846,14.723143836567138,14.76241683959961,12450,0.0,0.0
2004-04-06 00:00:00-04:00,14.762421562653648,14.87587846694979,14.762421562653648,14.792967796325684,4500,0.0,0.0
2004-04-07 00:00:00-04:00,14.749320436658039,14.75368507321556,14.657683044403429,14.662046432495117,4350,0.0,0.0
2004-04-08 00:00:00-04:00,14.583507671280941,14.836603032859221,14.579143032563083,14.70569133758545,10650,0.0,0.0
2004-04-12 00:00:00-04:00,14.58787213104979,14.827876091003418,14.509326106900048,14.827876091003418,6900,0.0,0.0
2004-04-13 00:00:00-04:00,14.426421041767927,14.644605636596681,14.38278337372196,14.64460563659668,17400,0.0,0.0
2004-04-14 00:00:00-04:00,14.657691994223288,14.657691994223288,13.83731460571289,13.83731460571289,9600,0.0,0.0
2004-04-15 00:00:00-04:00,14.16459242038355,14.168957059540471,13.776223182678223,13.776223182678223,10350,0.0,0.0
2004-04-16 00:00:00-04:00,14.00750298651999,14.138414731105014,13.876592490401887,13.950775146484375,4950,0.0,0.0
2004-04-19 00:00:00-04:00,13.920226048412665,13.96386245533768,13.750041314778445,13.959500312805176,2100,0.0,0.0
2004-04-20 00:00:00-04:00,14.016228256084831,14.182049600079113,13.693313598632812,13.693313598632812,9000,0.0,0.0
2004-04-21 00:00:00-04:00,13.640947550115829,13.867860087205816,13.527491905804101,13.710766792297363,6300,0.0,0.0
2004-04-22 00:00:00-04:00,13.894043966926603,13.963861965865979,13.745677441955545,13.863497734069824,6750,0.0,0.0
2004-04-23 00:00:00-04:00,13.592947039018556,14.182048478478785,13.592947039018556,13.963861465454102,12600,0.0,0.0
2004-04-26 00:00:00-04:00,14.182048478478785,14.182048478478785,13.937679872848413,13.963861465454102,3600,0.0,0.0
2004-04-27 00:00:00-04:00,13.933314410171372,14.312956809997557,13.933314410171372,14.312956809997559,7800,0.0,0.0
2004-04-28 00:00:00-04:00,14.120959716587372,14.334780898039593,13.92022871063613,14.055503845214844,7950,0.0,0.0
2004-04-29 00:00:00-04:00,14.360957583060456,14.360957583060456,13.597308158874512,13.597308158874512,10500,0.0,0.0
2004-04-30 00:00:00-04:00,13.828586946144778,13.828586946144778,13.374760627746582,13.374760627746582,8850,0.0,0.0
2004-05-03 00:00:00-04:00,13.527490734560104,13.584217303337912,13.352941395752659,13.43585205078125,9000,0.0,0.0
2004-05-04 00:00:00-04:00,13.427119881226638,13.658396965954516,13.31366428172688,13.440211296081543,11400,0.0,0.0
2004-05-05 00:00:00-04:00,13.440216524270001,13.880951424256285,13.440216524270001,13.763131141662598,5250,0.0,0.0
2004-05-06 00:00:00-04:00,13.52749177917212,13.793677325380802,13.374760627746582,13.374760627746582,11700,0.0,0.0
2004-05-07 00:00:00-04:00,13.680220208009437,13.789313707447253,13.112938255718895,13.117302894592285,14700,0.0,0.0
2004-05-10 00:00:00-04:00,13.318039018853673,13.318039018853673,12.776939644594613,12.960214614868164,12150,0.0,0.0
2004-05-11 00:00:00-04:00,12.955847930260711,13.064940206201523,12.79002782064669,13.034395217895508,6600,0.0,0.0
2004-05-12 00:00:00-04:00,12.890394434958322,12.964578344824785,12.545662729674453,12.947123527526855,20550,0.0,0.0
2004-05-13 00:00:00-04:00,12.951482233365143,13.134758372910207,12.746387892209123,12.894754409790039,10800,0.0,0.0
2004-05-14 00:00:00-04:00,13.108575537050461,13.165303360646538,12.763842707910385,12.877298355102539,12000,0.0,0.0
2004-05-17 00:00:00-04:00,13.047480957751104,13.047480957751104,12.493290486651327,12.794386863708496,9150,0.0,0.0
2004-05-18 00:00:00-04:00,12.995117542960752,12.995117542960752,12.65474813322138,12.76384162902832,4800,0.0,0.0
2004-05-19 00:00:00-04:00,13.069302311953738,13.069302311953738,12.554384771930732,12.611112594604492,12750,0.0,0.0
2004-05-20 00:00:00-04:00,12.48020583549788,12.667844169807012,12.314384460449217,12.314384460449219,23250,0.0,0.0
2004-05-21 00:00:00-04:00,12.301290063135951,12.432201774791956,12.08746893246219,12.183469772338867,21000,0.0,0.0
2004-05-24 00:00:00-04:00,12.702749507875225,12.763840712551465,12.296924279484285,12.742022514343262,14400,0.0,0.0
2004-05-25 00:00:00-04:00,12.737658611995633,13.16093867310636,12.737658611995633,13.09548282623291,20400,0.0,0.0
2004-05-26 00:00:00-04:00,13.078029615320386,13.49258169822891,13.012573760447125,13.488218307495117,8700,0.0,0.0
2004-05-27 00:00:00-04:00,13.488216613685537,13.632219726016551,13.466398414289845,13.558035850524902,14550,0.0,0.0
2004-05-28 00:00:00-04:00,13.418398695673625,13.75440349387069,13.143485111482137,13.309305191040039,7500,0.0,0.0
2004-06-01 00:00:00-04:00,13.414032497975668,13.632218213117723,13.07802652162623,13.492578506469727,9000,0.0,0.0
2004-06-02 00:00:00-04:00,13.09112594597871,14.033687363659954,13.09112594597871,13.985686302185059,16800,0.0,0.0
2004-06-03 00:00:00-04:00,13.86349804435014,14.059864369957749,13.662767079332003,13.667130470275879,6900,0.0,0.0
2004-06-04 00:00:00-04:00,13.736957837326754,14.238783003892904,13.549318199771552,13.889686584472656,15450,0.0,0.0
2004-06-07 00:00:00-04:00,13.750036916572222,14.225681340404448,13.750036916572222,14.203863143920898,21150,0.0,0.0
2004-06-08 00:00:00-04:00,14.177682999395396,14.182047638293252,14.077317528675275,14.094772338867188,6900,0.0,0.0
2004-06-09 00:00:00-04:00,14.182053266796329,14.182053266796329,13.990049030017103,13.994412422180176,21600,0.0,0.0
2004-06-10 00:00:00-04:00,14.072957423082308,14.134048648780352,13.990046743201509,14.029319763183594,27900,0.0,0.0
2004-06-14 00:00:00-04:00,13.96385764166907,13.96385764166907,13.13911834919992,13.26130199432373,26100,0.0,0.0
2004-06-15 00:00:00-04:00,13.313669542374175,13.706403403940543,13.121666626344657,13.702038764953613,26850,0.0,0.0
2004-06-16 00:00:00-04:00,13.632226230633645,13.959504371595544,13.431495204708442,13.662771224975586,17550,0.0,0.0
2004-06-17 00:00:00-04:00,13.998772169614092,13.998772169614092,13.453308388949882,13.684585571289062,17550,0.0,0.0
2004-06-18 00:00:00-04:00,13.798036013679162,13.915856255722694,13.5362139471747,13.732580184936523,41400,0.0,0.0
2004-06-21 00:00:00-04:00,13.963861465454102,13.963861465454102,13.453308549210673,13.963861465454102,3600,0.0,0.0
2004-06-22 00:00:00-04:00,13.606031808106415,13.889672039751595,13.592940393970153,13.819852828979492,18600,0.0,0.0
2004-06-23 00:00:00-04:00,13.597311898157423,13.963862973488999,13.597311898157423,13.832952499389648,20250,0.0,0.0
2004-06-24 00:00:00-04:00,13.911497022885143,14.195138641476062,13.911497022885143,14.17768383026123,21000,0.0,0.0
2004-06-25 00:00:00-04:00,14.347868593168242,14.618417543546334,13.872224049840232,14.155865669250488,142050,0.0,0.0
2004-06-28 00:00:00-04:00,14.718583594100654,14.718583594100654,14.111903566562326,14.358092308044434,9450,0.16,0.0
2004-06-29 00:00:00-04:00,14.613068915661497,14.8548616577246,14.446012958191478,14.718578338623047,11100,0.0,0.0
2004-06-30 00:00:00-04:00,14.863660096815146,14.94718873454767,14.529545545885048,14.696602821350098,8400,0.0,0.0
2004-07-01 00:00:00-04:00,14.727379310063325,14.727379310063325,14.191040039062502,14.1910400390625,5250,0.0,0.0
2004-07-02 00:00:00-04:00,14.072335235687392,14.481184005737306,14.072335235687392,14.481184005737305,2250,0.0,0.0
2004-07-06 00:00:00-04:00,14.230602484312682,14.27016821888709,14.142677930940648,14.195432662963867,4050,0.0,0.0
2004-07-07 00:00:00-04:00,13.93605498819595,14.15146983062925,13.878904342651365,13.878904342651367,4050,0.0,0.0
2004-07-08 00:00:00-04:00,13.971224341503994,13.971224341503994,13.51401667692583,13.518412590026855,9450,0.0,0.0
2004-07-09 00:00:00-04:00,13.500828118183463,13.57116776117152,13.408506393432617,13.408506393432617,3450,0.0,0.0
2004-07-12 00:00:00-04:00,13.51841100874126,13.51841100874126,13.320581106844028,13.333768844604492,4200,0.0,0.0
2004-07-13 00:00:00-04:00,13.47444129985222,13.755800945336741,13.47444129985222,13.685460090637207,3450,0.0,0.0
2004-07-14 00:00:00-04:00,13.549180983096777,13.747010827622868,13.421689492877062,13.575557708740234,13800,0.0,0.0
2004-07-15 00:00:00-04:00,13.412903564448392,13.790979774395213,13.408506393432617,13.408506393432617,12600,0.0,0.0
2004-07-16 00:00:00-04:00,13.346958929555791,13.601940746981455,13.157920837402342,13.157920837402344,14400,0.0,0.0
2004-07-19 00:00:00-04:00,13.188695172731391,13.188695172731391,12.977676251211205,13.153525352478027,7500,0.0,0.0
2004-07-20 00:00:00-04:00,13.364540197502818,13.364540197502818,12.968880469223878,13.254634857177734,13500,0.0,0.0
2004-07-21 00:00:00-04:00,13.399714013497519,13.399714013497519,12.990865169959106,13.012845993041992,17700,0.0,0.0
2004-07-22 00:00:00-04:00,13.105165206278166,13.113958289335852,12.538050968871,12.617183685302734,25050,0.0,0.0
2004-07-23 00:00:00-04:00,12.929319284027082,13.030432846167239,12.533658120674028,12.582016944885254,34050,0.0,0.0
2004-07-26 00:00:00-04:00,12.854584212042464,12.880960953131023,12.555640685662922,12.718300819396973,15450,0.0,0.0
2004-07-27 00:00:00-04:00,12.968884021401992,13.069996308154497,12.749070765001758,13.065600395202637,9150,0.0,0.0
2004-07-28 00:00:00-04:00,12.771047490048023,13.188689231872559,12.749065418962529,13.188689231872559,11250,0.0,0.0
2004-07-29 00:00:00-04:00,13.408511968199317,13.408511968199317,12.990871107647024,13.14473819732666,14100,0.0,0.0
2004-07-30 00:00:00-04:00,13.298602826411528,13.298602826411528,12.964488250554327,12.96888542175293,4500,0.0,0.0
2004-08-02 00:00:00-04:00,13.188697878393205,13.188697878393205,12.850188603452382,13.030433654785156,12000,0.0,0.0
2004-08-03 00:00:00-04:00,12.867769781282208,13.091977702657715,12.867769781282208,12.885355949401855,10350,0.0,0.0
2004-08-04 00:00:00-04:00,12.880957074287203,13.157919690062466,12.880957074287203,13.008448600769043,16950,0.0,0.0
2004-08-05 00:00:00-04:00,13.008450630014094,13.056808191286747,12.889752167912427,12.924921989440918,15300,0.0,0.0
2004-08-06 00:00:00-04:00,12.902937025968834,13.175502426485473,12.744672879864183,12.845785140991211,19800,0.0,0.0
2004-08-09 00:00:00-04:00,12.757865811752742,13.017243582402577,12.696317989868449,12.70950698852539,22950,0.0,0.0
2004-08-10 00:00:00-04:00,12.880959606590027,12.96888542175293,12.828204872155533,12.96888542175293,6300,0.0,0.0
2004-08-11 00:00:00-04:00,12.854578878475275,13.0963716506958,12.784239254394517,13.0963716506958,8400,0.0,0.0
2004-08-12 00:00:00-04:00,13.228259667325222,13.228259667325222,12.749069967917427,12.797430038452148,6450,0.0,0.0
2004-08-13 00:00:00-04:00,12.96448506459938,12.9688822347174,12.753466178718206,12.757862091064453,5700,0.0,0.0
2004-08-16 00:00:00-04:00,12.955690733807128,13.144727505846959,12.955690733807128,13.127143859863281,13950,0.0,0.0
2004-08-17 00:00:00-04:00,13.320582605923686,13.430487979593874,13.144732247170609,13.245845794677734,13200,0.0,0.0
2004-08-18 00:00:00-04:00,13.24584255634109,13.896485328674316,13.0480126805457,13.896485328674316,20100,0.0,0.0
2004-08-19 00:00:00-04:00,13.958034941236903,13.958034941236903,13.601939609216496,13.716240882873535,7350,0.0,0.0
2004-08-20 00:00:00-04:00,13.812952532748728,14.287746103449436,13.751404752187044,14.274557113647461,16650,0.0,0.0
2004-08-23 00:00:00-04:00,14.067942283176606,14.349302135057842,14.067942283176606,14.160264015197754,9750,0.0,0.0
2004-08-24 00:00:00-04:00,14.274568565173746,14.454813625237799,14.173454991860817,14.235001564025879,8100,0.0,0.0
2004-08-25 00:00:00-04:00,14.437226835761622,14.437226835761622,14.155868238923267,14.41524600982666,7050,0.0,0.0
2004-08-26 00:00:00-04:00,14.248186943680357,14.481186688293045,13.808564190745106,14.29214859008789,18000,0.0,0.0
2004-08-27 00:00:00-04:00,14.503166082641004,14.503166082641004,14.30973210718202,14.481184005737305,10350,0.0,0.0
2004-08-30 00:00:00-04:00,14.287751289629105,14.489977089654516,14.287751289629105,14.322919845581055,4650,0.0,0.0
2004-08-31 00:00:00-04:00,14.485575919393867,14.485575919393867,14.274557113647461,14.274557113647461,7350,0.0,0.0
2004-09-01 00:00:00-04:00,14.397664130587875,14.83289241199544,14.305343627929688,14.305343627929688,21150,0.0,0.0
2004-09-02 00:00:00-04:00,14.595484329169384,14.846068899708387,14.441616102895507,14.75814437866211,10200,0.0,0.0
2004-09-03 00:00:00-04:00,14.727372701776012,14.837279312979248,14.45480727433332,14.481184005737305,8550,0.0,0.0
2004-09-07 00:00:00-04:00,14.397654975728068,14.872448705263247,14.397654975728068,14.8416748046875,11250,0.0,0.0
2004-09-08 00:00:00-04:00,14.446020074097971,14.727377416149908,14.446020074097971,14.604284286499023,9300,0.0,0.0
2004-09-09 00:00:00-04:00,14.547121150446973,14.933990184400626,14.547121150446973,14.771328926086426,23100,0.0,0.0
2004-09-10 00:00:00-04:00,14.815297027139039,14.925202369689941,14.630654894503628,14.925202369689941,10800,0.0,0.0
2004-09-13 00:00:00-04:00,14.771335179241062,14.903222605838993,14.551524478606797,14.8416748046875,8850,0.0,0.0
2004-09-14 00:00:00-04:00,14.837285679935013,14.903229423400294,14.639455707311463,14.8240966796875,16500,0.0,0.0
2004-09-15 00:00:00-04:00,14.595484242893564,14.819692084679144,14.5383336189942,14.815296173095703,13200,0.0,0.0
2004-09-16 00:00:00-04:00,14.846064432042517,14.92080119576979,14.551518318504707,14.771328926086426,7050,0.0,0.0
2004-09-17 00:00:00-04:00,14.832877128444611,14.837273038857786,14.428423183923258,14.76693344116211,37500,0.0,0.0
2004-09-20 00:00:00-04:00,14.630656024774368,14.753750370116913,14.230599087968164,14.441617965698242,8550,0.0,0.0
2004-09-21 00:00:00-04:00,14.507566088301662,14.718585030160694,14.424037442706101,14.652641296386719,11100,0.0,0.0
2004-09-22 00:00:00-04:00,14.72737554518811,14.72737554518811,14.199828237537405,14.314130783081055,11850,0.0,0.0
2004-09-23 00:00:00-04:00,14.287747341232906,14.467992272313541,14.182236671447754,14.182236671447754,4500,0.0,0.0
2004-09-24 00:00:00-04:00,14.261373519897461,14.529543039224212,14.261373519897461,14.261373519897461,5250,0.0,0.0
2004-09-27 00:00:00-04:00,14.270168775174426,14.33171659382015,14.067941665649414,14.067941665649414,1950,0.0,0.0
2004-09-28 00:00:00-04:00,14.076802573593092,14.621796607971191,13.669164996306542,14.621796607971191,20550,0.16667,0.0
2004-09-29 00:00:00-04:00,14.621803399016352,14.630664455756778,14.205303307987236,14.236319541931152,4500,0.0,0.0
2004-09-30 00:00:00-04:00,14.643956617697842,15.002856019954054,14.47115334264961,14.940823554992676,21150,0.0,0.0
2004-10-01 00:00:00-04:00,14.940815813971485,15.219959226317727,14.838907380683196,14.967401504516602,18450,0.0,0.0
2004-10-04 00:00:00-04:00,15.255410318933844,15.286426544189453,15.095899933202537,15.286426544189453,20100,0.0,0.0
2004-10-05 00:00:00-04:00,15.064882614123148,15.28642414796201,15.064882614123148,15.277563095092773,9300,0.0,0.0
2004-10-06 00:00:00-04:00,15.286427991595836,15.71622085571289,15.22439680288701,15.71622085571289,27450,0.0,0.0
2004-10-07 00:00:00-04:00,15.707358532939642,15.769390989324446,15.375044880948428,15.71622085571289,15900,0.0,0.0
2004-10-08 00:00:00-04:00,15.512394483208963,15.716213871987845,15.428208158814407,15.499101638793945,7950,0.0,0.0
2004-10-11 00:00:00-04:00,15.685202132957494,15.822558606527934,15.680770338437709,15.694063186645508,18900,0.0,0.0
2004-10-12 00:00:00-04:00,15.468092297849655,15.81369880016275,15.46366177030102,15.71622085571289,6900,0.0,0.0
2004-10-13 00:00:00-04:00,15.729511220605849,15.787110604988747,15.494675550171012,15.596585273742676,9300,0.0,0.0
2004-10-14 00:00:00-04:00,15.689632420413798,15.81812657065992,15.534552574157715,15.534552574157715,6450,0.0,0.0
2004-10-15 00:00:00-04:00,15.37947356330385,15.733941078186035,15.37947356330385,15.733941078186035,2550,0.0,0.0
2004-10-18 00:00:00-04:00,15.46365987432291,15.81369686126709,15.46365987432291,15.81369686126709,4350,0.0,0.0
2004-10-19 00:00:00-04:00,15.835851422816631,15.835851422816631,15.618739128112793,15.618739128112793,5850,0.0,0.0
2004-10-20 00:00:00-04:00,15.698488185752865,15.8402738571167,15.538976611658688,15.8402738571167,13650,0.0,0.0
2004-10-21 00:00:00-04:00,15.60101289532031,15.9510498046875,15.56556615178124,15.9510498046875,9900,0.0,0.0
2004-10-22 00:00:00-04:00,16.057401841730897,16.057401841730897,15.747241973876953,15.747241973876953,6750,0.0,0.0
2004-10-25 00:00:00-04:00,15.986496067191634,16.27450180053711,15.53011894093966,16.27450180053711,18150,0.0,0.0
2004-10-26 00:00:00-04:00,16.283364397339465,16.504905924975297,16.02637485619222,16.394136428833008,29700,0.0,0.0
2004-10-27 00:00:00-04:00,16.50490399699042,17.094207028428876,16.50490399699042,17.080915451049805,38550,0.0,0.0
2004-10-28 00:00:00-04:00,17.103067459426534,17.280301148334793,16.863801345562713,16.921401977539062,18000,0.0,0.0
2004-10-29 00:00:00-04:00,17.0543347695894,17.262584755127733,16.699867248535156,16.699867248535156,23550,0.0,0.0
2004-11-01 00:00:00-05:00,16.713162249763357,16.837224630432864,16.691007076087505,16.704299926757812,17400,0.0,0.0
2004-11-02 00:00:00-05:00,16.704304717358443,16.7131670429056,16.571378707885742,16.571378707885742,19650,0.0,0.0
2004-11-03 00:00:00-05:00,16.589089284093934,16.708722346724244,16.589089284093934,16.61567497253418,16950,0.0,0.0
2004-11-04 00:00:00-05:00,16.726453533357148,16.837223052978516,16.606820423884642,16.837223052978516,19650,0.0,0.0
2004-11-05 00:00:00-05:00,17.142952251372247,17.142952251372247,16.739745115106174,16.837223052978516,16650,0.0,0.0
2004-11-08 00:00:00-05:00,16.99673104066771,16.99673104066771,16.55807724576977,16.74860382080078,32250,0.0,0.0
2004-11-09 00:00:00-05:00,16.823928282351446,16.885960722792593,16.527061462402344,16.527061462402344,8400,0.0,0.0
2004-11-10 00:00:00-05:00,16.704291969889585,16.792908819353492,16.527058270961763,16.744169235229492,11100,0.0,0.0
2004-11-11 00:00:00-05:00,16.633401336736412,16.81063506599364,16.597954590884964,16.64669418334961,14700,0.0,0.0
2004-11-12 00:00:00-05:00,16.4738882269447,16.779617309570312,16.4738882269447,16.779617309570312,9300,0.0,0.0
2004-11-15 00:00:00-05:00,16.7796202851722,16.7796202851722,16.66441772614288,16.753034591674805,10050,0.0,0.0
2004-11-16 00:00:00-05:00,17.001161575317383,17.40658452170364,16.78848110104119,17.001161575317383,20400,0.0,1.5
2004-11-17 00:00:00-05:00,17.340129188119736,17.61262632417399,17.014461910095772,17.247081756591797,10900,0.0,0.0
2004-11-18 00:00:00-05:00,17.280309732677868,17.280309732677868,17.021105492344006,17.114152908325195,9900,0.0,0.0
2004-11-19 00:00:00-05:00,17.027753216212112,17.114154213688217,16.416296005249023,16.416296005249023,12100,0.0,0.0
2004-11-22 00:00:00-05:00,16.61567670627204,17.074269738314296,16.476105630423607,17.0078067779541,14500,0.0,0.0
2004-11-23 00:00:00-05:00,16.974586137663607,17.772138338491455,16.7153805631778,17.645858764648438,20600,0.0,0.0
2004-11-24 00:00:00-05:00,18.16425913864879,18.443402579752064,17.818652732011287,18.104442596435547,25600,0.0,0.0
2004-11-26 00:00:00-05:00,18.263952238672324,18.263952238672324,17.838591304173296,18.011394500732422,8300,0.0,0.0
2004-11-29 00:00:00-05:00,17.473049211358262,18.62285393119261,17.473049211358262,18.582975387573242,25200,0.0,0.0
2004-11-30 00:00:00-05:00,18.70925605829371,18.921936566648004,18.609562228462117,18.822242736816406,30200,0.0,0.0
2004-12-01 00:00:00-05:00,18.862120391824487,19.75936741357539,18.862120391824487,19.47357749938965,25100,0.0,0.0
2004-12-02 00:00:00-05:00,19.466938272986074,19.61980227952682,19.407121702135132,19.413766860961914,40400,0.0,0.0
2004-12-03 00:00:00-05:00,19.274185538299854,19.540036119775774,18.84217818494204,19.154552459716797,121300,0.0,0.0
2004-12-06 00:00:00-05:00,18.702614887176274,19.108038012400097,18.702614887176274,19.028282165527344,26100,0.0,0.0
2004-12-07 00:00:00-05:00,19.55333259620706,19.606502722374263,17.865178871965703,17.92499542236328,44000,0.0,0.0
2004-12-08 00:00:00-05:00,17.92499160475728,17.92499160475728,17.20719442053623,17.59267807006836,37300,0.0,0.0
2004-12-09 00:00:00-05:00,17.213841691656974,17.79206782828818,16.908113833161014,17.539508819580078,34600,0.0,0.0
2004-12-10 00:00:00-05:00,17.59267754388234,17.772127151489258,17.08091567920128,17.772127151489258,18200,0.0,0.0
2004-12-13 00:00:00-05:00,17.865172534618356,18.576324462890625,17.353410727175714,18.576324462890625,17700,0.0,0.0
2004-12-14 00:00:00-05:00,18.589619838469293,18.908641815185547,18.503218871815807,18.908641815185547,5800,0.0,0.0
2004-12-15 00:00:00-05:00,18.23737129890772,19.088093330462062,18.23737129890772,18.90199851989746,17800,0.0,0.0
2004-12-16 00:00:00-05:00,19.127973668865557,19.127973668865557,18.244019432823883,18.277250289916992,14000,0.0,0.0
2004-12-17 00:00:00-05:00,18.277252397508214,18.549749513656977,17.552808473792894,17.865182876586914,22700,0.0,0.0
2004-12-20 00:00:00-05:00,17.792070087497102,17.97151973210084,17.7521915435791,17.7521915435791,6200,0.0,0.0
2004-12-21 00:00:00-05:00,17.758838803274557,17.865179056708623,17.61262127172167,17.778778076171875,8100,0.0,0.0
2004-12-22 00:00:00-05:00,17.79206728566187,17.998101326089632,17.612617669317256,17.718957901000977,23700,0.0,0.0
2004-12-23 00:00:00-05:00,17.665783458468407,18.018036181944474,17.652490615844727,17.652490615844727,9000,0.0,0.0
2004-12-27 00:00:00-05:00,17.971517555161,18.170905179895605,17.645849157658557,18.13767433166504,12100,0.0,0.0
2004-12-28 00:00:00-05:00,18.210784292533578,18.921935165044644,18.004750223786385,18.636146545410156,15000,0.0,0.0
2004-12-29 00:00:00-05:00,19.077481296665265,19.090853955702105,18.843442545504633,18.9169979095459,14600,0.17,0.0
2004-12-30 00:00:00-05:00,19.184466878964802,19.385070759061307,18.55590609903626,18.76319694519043,20100,0.0,0.0
2004-12-31 00:00:00-05:00,18.52915900101303,18.87018663160577,18.141323881489445,18.168071746826172,17300,0.0,0.0
2005-01-03 00:00:00-05:00,18.495720197018333,18.495720197018333,18.054390747446725,18.208187103271484,19700,0.0,0.0
2005-01-04 00:00:00-05:00,18.642839210117007,18.642839210117007,17.987531661987305,17.987531661987305,18800,0.0,0.0
2005-01-05 00:00:00-05:00,17.780228720791285,18.201497209247705,17.606371499638648,17.64649200439453,27200,0.0,0.0
2005-01-06 00:00:00-05:00,17.65319206573215,18.288440026834046,17.432527212738325,17.940725326538086,31800,0.0,0.0
2005-01-07 00:00:00-05:00,18.08782539405968,18.382045470133594,17.004562597573223,17.11823844909668,21200,0.0,0.0
2005-01-10 00:00:00-05:00,17.2586662555679,17.539512489355513,17.064749316390646,17.104869842529297,27600,0.0,0.0
2005-01-11 00:00:00-05:00,17.05806044973006,17.111554903760158,16.71703282701005,16.89089012145996,26300,0.0,0.0
2005-01-12 00:00:00-05:00,16.88419379449659,16.951062143813758,16.0550295790237,16.182079315185547,50300,0.0,0.0
2005-01-13 00:00:00-05:00,16.509736645111204,17.31884016043568,15.319483833083224,17.111549377441406,84400,0.0,0.0
2005-01-14 00:00:00-05:00,17.338902352197948,17.365648934875658,16.904259861568562,16.984500885009766,23300,0.0,0.0
2005-01-18 00:00:00-05:00,16.803963425180424,17.57294807401164,16.803963425180424,17.2586669921875,13300,0.0,0.0
2005-01-19 00:00:00-05:00,17.292102787797873,17.292102787797873,16.255645770097768,16.342575073242188,15000,0.0,0.0
2005-01-20 00:00:00-05:00,16.630099105946655,16.630099105946655,15.861114839682129,16.16870880126953,25300,0.0,0.0
2005-01-21 00:00:00-05:00,16.409435955429224,17.17841901920329,15.874490272719562,16.262325286865234,19800,0.0,0.0
2005-01-24 00:00:00-05:00,16.563238695257247,16.650166716660873,16.135281729107326,16.60335922241211,12400,0.0,0.0
2005-01-25 00:00:00-05:00,16.817329969721985,17.01124810737283,16.075094791292404,16.115215301513672,14100,0.0,0.0
2005-01-26 00:00:00-05:00,16.242259435656532,16.797264523523413,16.048341365296892,16.64346694946289,27100,0.0,0.0
2005-01-27 00:00:00-05:00,16.58329862598237,17.292101846063428,16.576612934174126,17.15167808532715,22800,0.0,0.0
2005-01-28 00:00:00-05:00,17.144982040179414,17.379020667215304,16.59666377280887,16.87082290649414,28600,0.0,0.0
2005-01-31 00:00:00-05:00,17.292101064000917,17.465958377549796,16.997880896809853,17.31884765625,9000,0.0,0.0
2005-02-01 00:00:00-05:00,17.31883913495511,17.31883913495511,16.81732834180733,16.951065063476562,6500,0.0,0.0
2005-02-02 00:00:00-05:00,16.884207543639697,17.058064883276717,16.616735203970713,16.824026107788086,18800,0.0,0.0
2005-02-03 00:00:00-05:00,16.5832950746709,16.997878025471415,16.5832950746709,16.750465393066406,7800,0.0,0.0
2005-02-04 00:00:00-05:00,16.824020378314017,16.917635346465104,16.476305817455287,16.717031478881836,10900,0.0,0.0
2005-02-07 00:00:00-05:00,16.931002081612544,16.93768904441095,16.630096408130687,16.650156021118164,11700,0.0,0.0
2005-02-08 00:00:00-05:00,16.616732039001725,16.73709488777958,16.616732039001725,16.63010597229004,5900,0.0,0.0
2005-02-09 00:00:00-05:00,16.670220539410224,16.683594467919175,15.406413629698754,15.520088195800781,15600,0.0,0.0
2005-02-10 00:00:00-05:00,15.546836092512264,16.38937445960705,15.386352776219164,16.115215301513672,29700,0.0,0.0
2005-02-11 00:00:00-05:00,15.90124832709224,16.576616871504825,15.419796776393191,16.509748458862305,37300,0.0,0.0
2005-02-14 00:00:00-05:00,16.636779987511773,16.64346694946289,16.215511587852067,16.64346694946289,9700,0.0,0.0
2005-02-15 00:00:00-05:00,16.643472898311305,16.643472898311305,16.048347101430494,16.1419620513916,23700,0.0,0.0
2005-02-16 00:00:00-05:00,15.794250062780423,16.717029531753642,15.794250062780423,16.5030517578125,19000,0.0,0.0
2005-02-17 00:00:00-05:00,16.643477031749697,16.643477031749697,15.580273670198757,15.881180763244629,15200,0.0,0.0
2005-02-18 00:00:00-05:00,16.27569904826969,16.456243262152505,15.747440335518059,16.235578536987305,29900,0.0,0.0
2005-02-22 00:00:00-05:00,16.556543328428383,16.556543328428383,15.747438576274059,16.0483455657959,40000,0.0,0.0
2005-02-23 00:00:00-05:00,16.38268766604363,16.38268766604363,15.807621486778466,16.1419620513916,21400,0.0,0.0
2005-02-24 00:00:00-05:00,15.70063274561056,16.54985809326172,15.70063274561056,16.54985809326172,16700,0.0,0.0
2005-02-25 00:00:00-05:00,16.64348045748401,17.15167849955945,16.242272618053214,17.058063507080078,24500,0.0,0.0
2005-02-28 00:00:00-05:00,16.924319605396736,16.957754428252233,16.4696162178266,16.67022132873535,35800,0.0,0.0
2005-03-01 00:00:00-05:00,16.910950821502635,16.951071342702186,16.449560363778502,16.77721405029297,18800,0.0,0.0
2005-03-02 00:00:00-05:00,16.777213447151368,16.777213447151368,16.396065320937,16.543174743652344,19600,0.0,0.0
2005-03-03 00:00:00-05:00,16.730406320295554,16.730406320295554,16.14865303200349,16.25564193725586,18800,0.0,0.0
2005-03-04 00:00:00-05:00,16.676910153826313,16.676910153826313,16.409437918182824,16.583293914794922,4600,0.0,0.0
2005-03-07 00:00:00-05:00,16.71034141263226,16.83070422101218,16.54985809326172,16.54985809326172,6500,0.0,0.0
2005-03-08 00:00:00-05:00,16.67690305948029,16.67690305948029,16.001535154651503,16.182079315185547,18800,0.0,0.0
2005-03-09 00:00:00-05:00,16.075104141452687,16.442878462449375,16.001548767089844,16.001548767089844,23000,0.0,0.0
2005-03-10 00:00:00-05:00,16.182086306111735,16.182086306111735,15.59364610839409,15.787564277648926,11200,0.0,0.0
2005-03-11 00:00:00-05:00,16.128598887243115,16.128598887243115,15.453230396328228,15.653834342956543,14300,0.0,0.0
2005-03-14 00:00:00-05:00,16.048354596932107,16.048354596932107,15.714013876162689,15.794256210327148,13300,0.0,0.0
2005-03-15 00:00:00-05:00,15.981479348675522,16.18208446041105,15.459908864060942,15.546836853027344,13100,0.0,0.0
2005-03-16 00:00:00-05:00,15.446534524287355,15.740754581767433,15.446534524287355,15.479968070983887,14000,0.0,0.0
2005-03-17 00:00:00-05:00,15.780881113185764,15.974798053738162,15.39304595667243,15.593649864196777,31000,0.0,0.0
2005-03-18 00:00:00-05:00,15.62708585203902,15.954739605387974,15.299430823281433,15.600337982177734,49900,0.0,0.0
2005-03-21 00:00:00-05:00,15.714014511688656,15.714014511688656,15.446542179337394,15.459916114807129,5100,0.0,0.0
2005-03-22 00:00:00-05:00,15.707319603537496,15.914610396893309,15.37966600261765,15.506715774536133,10400,0.0,0.0
2005-03-23 00:00:00-05:00,15.379668340885399,15.526777752825163,14.617372144293887,14.87147045135498,13200,0.0,0.0
2005-03-24 00:00:00-05:00,15.092137174208787,15.4465387326241,14.985148265141598,15.172379493713379,6700,0.0,0.0
2005-03-28 00:00:00-05:00,15.005202962219379,15.56689514037894,14.69092205574446,14.784538269042969,21400,0.0,0.0
2005-03-29 00:00:00-05:00,14.82497836946656,15.121478296737374,14.440876862813306,14.77780818939209,36500,0.17,0.0
2005-03-30 00:00:00-05:00,14.730630061869986,15.411231128597178,14.730630061869986,15.330367088317871,13100,0.0,0.0
2005-03-31 00:00:00-05:00,15.242767435117056,15.795334375052507,14.872142358979282,15.256243705749512,40100,0.0,0.0
2005-04-01 00:00:00-05:00,15.316895259510853,15.411236889316658,14.218499882416346,14.400443077087402,8800,0.0,0.0
2005-04-04 00:00:00-04:00,14.3397906526094,14.798015951214323,14.272404163455908,14.757584571838379,12400,0.0,0.0
2005-04-05 00:00:00-04:00,14.99343860509581,15.391017529357548,14.454349191837796,15.000177383422852,8900,0.0,0.0
2005-04-06 00:00:00-04:00,15.141690155842102,15.60665564820225,14.690202222168509,15.128213882446289,8900,0.0,0.0
2005-04-07 00:00:00-04:00,15.074295448389432,15.417963981628416,14.8586585009535,15.417963981628418,9000,0.0,0.0
2005-04-08 00:00:00-04:00,15.209075194458613,15.296678032166136,14.514997697943665,14.521735191345215,13300,0.0,0.0
2005-04-11 00:00:00-04:00,14.400443385207689,14.676726930305279,13.807443616248845,13.881568908691406,25900,0.0,0.0
2005-04-12 00:00:00-04:00,13.895045137830287,14.265668993974254,13.672670567085767,14.09046459197998,21400,0.0,0.0
2005-04-13 00:00:00-04:00,14.285882736362744,14.38022305672614,13.69962190982765,13.733314514160156,17000,0.0,0.0
2005-04-14 00:00:00-04:00,14.023077979277133,14.124157095158628,13.68614673614502,13.68614673614502,18400,0.0,0.0
2005-04-15 00:00:00-04:00,13.780487280389949,14.238712655565712,13.268351676650529,13.430078506469727,42100,0.0,0.0
2005-04-18 00:00:00-04:00,13.443558033434943,13.861352083696044,13.443558033434943,13.854613304138184,6700,0.0,0.0
2005-04-19 00:00:00-04:00,14.056770918691875,14.319576859167125,13.90852035921098,14.265667915344238,12100,0.0,0.0
2005-04-20 00:00:00-04:00,14.440870128853796,14.744107410196735,13.477246778541605,13.504201889038086,17300,0.0,0.0
2005-04-21 00:00:00-04:00,13.807449187980941,14.090471627080769,13.652461046050197,14.070255279541016,16100,0.0,0.0
2005-04-22 00:00:00-04:00,14.245449690115999,14.69019873899238,13.497463354436865,13.679405212402344,32200,0.0,0.0
2005-04-25 00:00:00-04:00,13.982647662024075,14.265669979365832,13.814182027541857,13.996125221252441,12600,0.0,0.0
2005-04-26 00:00:00-04:00,14.184806819695327,14.184806819695327,13.665933609008789,13.665933609008789,5000,0.0,0.0
2005-04-27 00:00:00-04:00,13.510940241247964,13.814178827180314,13.510940241247964,13.773747444152832,11100,0.0,0.0
2005-04-28 00:00:00-04:00,13.645719085651073,13.787229629599606,13.490730979814764,13.524423599243164,8800,0.0,0.0
2005-04-29 00:00:00-04:00,13.692883853259142,13.915258395323843,13.221180941301872,13.65245246887207,25300,0.0,0.0
2005-05-02 00:00:00-04:00,13.847872876781173,14.285884498886341,13.598544489262558,14.063509941101074,17800,0.0,0.0
2005-05-03 00:00:00-04:00,13.76027379603871,14.083727522702155,13.67267222705143,13.787227630615234,10500,0.0,0.0
2005-05-04 00:00:00-04:00,14.002866525804766,14.46109205457744,13.935480002802867,14.346536636352539,20800,0.0,0.0
2005-05-05 00:00:00-04:00,14.34653523286501,14.34653523286501,14.02308021115693,14.151114463806152,16000,0.0,0.0
2005-05-06 00:00:00-04:00,14.151110660328584,14.521734473030493,14.151110660328584,14.319576263427734,32600,0.0,0.0
2005-05-09 00:00:00-04:00,14.447615938967614,14.926057815551756,14.434138377159066,14.926057815551758,16700,0.0,0.0
2005-05-10 00:00:00-04:00,14.562165626108838,14.979959558506588,14.326313549282798,14.616074562072754,18800,0.0,0.0
2005-05-11 00:00:00-04:00,14.55542910645918,14.838451385498047,14.339793329151588,14.838451385498047,10400,0.0,0.0
2005-05-12 00:00:00-04:00,14.993439559487477,14.993439559487477,13.982645881319783,14.063509941101074,19000,0.0,0.0
2005-05-13 00:00:00-04:00,14.413923717941106,14.562174344568211,13.733322190610014,14.51500415802002,26300,0.0,0.0
2005-05-16 00:00:00-04:00,14.023081079181456,14.771069015575955,14.023081079181456,14.413921356201172,9100,0.0,0.0
2005-05-17 00:00:00-04:00,14.535214888042155,14.824975987999585,14.514999834280998,14.730635643005371,15700,0.0,0.0
2005-05-18 00:00:00-04:00,14.818243002584952,15.458413184685963,14.818243002584952,15.310162544250488,22000,0.0,0.0
2005-05-19 00:00:00-04:00,15.289937595556841,15.424709298914733,15.23602865715559,15.256243705749512,8200,0.0,0.0
2005-05-20 00:00:00-04:00,15.020399092682949,15.377545474768931,15.020399092682949,15.370806694030762,9900,0.0,0.0
2005-05-23 00:00:00-04:00,15.161901458490432,15.350583361567269,15.047344818281335,15.067561149597168,5300,0.0,0.0
2005-05-24 00:00:00-04:00,14.892368436024,15.188868433857827,14.84519824472366,15.121481895446777,3400,0.0,0.0
2005-05-25 00:00:00-04:00,14.79128363765019,14.845192590789022,14.252192820971043,14.474567413330078,6900,0.0,0.0
2005-05-26 00:00:00-04:00,14.4341349678711,14.440873747183701,14.023078426837623,14.386964797973633,18900,0.0,0.0
2005-05-27 00:00:00-04:00,14.299365170547492,14.346536636352539,14.225241152007323,14.346536636352539,7000,0.0,0.0
2005-05-31 00:00:00-04:00,14.575644256581745,14.602599371574152,14.083724975585938,14.083724975585938,15300,0.0,0.0
2005-06-01 00:00:00-04:00,14.083726155360292,14.393703577286233,14.083726155360292,14.386964797973633,3800,0.0,0.0
2005-06-02 00:00:00-04:00,14.08372689266337,15.384281806394231,14.08372689266337,14.919316291809082,40700,0.0,0.0
2005-06-03 00:00:00-04:00,15.006914196119189,15.013652973563577,14.514995010292331,14.757584571838379,3800,0.0,0.0
2005-06-06 00:00:00-04:00,14.744114285559606,14.851933492532547,14.730638009317623,14.77780818939209,1600,0.0,0.0
2005-06-07 00:00:00-04:00,14.669987870643846,15.384281806394231,14.669987870643846,14.919316291809082,25000,0.0,0.0
2005-06-08 00:00:00-04:00,14.932796171918026,15.289943837944667,14.703682768850522,14.784546852111816,20700,0.0,0.0
2005-06-09 00:00:00-04:00,14.562164478318815,15.155162727181766,14.562164478318815,14.818231582641602,19200,0.0,0.0
2005-06-10 00:00:00-04:00,14.50151585473873,14.643026309579925,14.360004114607301,14.454345703125,7600,0.0,0.0
2005-06-13 00:00:00-04:00,14.744111842189449,14.744111842189449,14.137635811910055,14.400443077087402,11800,0.0,0.0
2005-06-14 00:00:00-04:00,14.292623421701393,14.427396439718128,13.814181649794417,14.279147148132324,15300,0.0,0.0
2005-06-15 00:00:00-04:00,14.481301391571078,14.481301391571078,13.847870438248279,14.306097030639648,37100,0.0,0.0
2005-06-16 00:00:00-04:00,14.366744610873535,14.824971199035645,14.252187963833007,14.824971199035645,18700,0.0,0.0
2005-06-17 00:00:00-04:00,14.986698003335732,14.986698003335732,14.64302806221415,14.824971199035645,35400,0.0,0.0
2005-06-20 00:00:00-04:00,14.744109991042603,14.831712830199974,14.245451927185059,14.245451927185059,7900,0.0,0.0
2005-06-21 00:00:00-04:00,14.420653794561316,14.669983425467564,14.19154049652544,14.299358367919922,13500,0.0,0.0
2005-06-22 00:00:00-04:00,14.622817526176748,14.696941531041993,14.029817775510075,14.501522064208984,16300,0.0,0.0
2005-06-23 00:00:00-04:00,14.744107731530763,14.744107731530763,14.016336441040039,14.016336441040039,22500,0.0,0.0
2005-06-24 00:00:00-04:00,14.050031531093989,14.440871678192718,13.982645032913405,14.076985359191895,53400,0.0,0.0
2005-06-27 00:00:00-04:00,13.982645290342152,14.137633339307532,13.928736347863298,14.11741828918457,9900,0.0,0.0
2005-06-28 00:00:00-04:00,14.280473870632699,15.082137198816762,14.06307390959417,15.027787208557129,22400,0.17,0.0
2005-06-29 00:00:00-04:00,15.143273576734357,15.435403819372343,15.122891854585285,15.374259948730469,12400,0.0,0.0
2005-06-30 00:00:00-04:00,15.51013379181674,15.51013379181674,14.837552584842383,15.034570693969727,17800,0.0,0.0
2005-07-01 00:00:00-04:00,15.313116830040244,15.313116830040244,14.620153851246851,14.749234199523926,16300,0.0,0.0
2005-07-05 00:00:00-04:00,14.90549245191489,15.116098403930666,14.769616891759654,15.116098403930664,11100,0.0,0.0
2005-07-06 00:00:00-04:00,15.109304059567897,15.109304059567897,14.72206040886677,14.74244213104248,13900,0.0,0.0
2005-07-07 00:00:00-04:00,14.606569236443839,14.606569236443839,14.097037751451612,14.477487564086914,32700,0.0,0.0
2005-07-08 00:00:00-04:00,14.470692021236564,14.83755527098663,14.314436027812096,14.688093185424805,34000,0.0,0.0
2005-07-11 00:00:00-04:00,14.796797352944218,15.014197283524625,14.613365675589824,15.007403373718262,21600,0.0,0.0
2005-07-12 00:00:00-04:00,14.939462049109792,15.014193743554122,14.83076210944831,14.912287712097168,5900,0.0,0.0
2005-07-13 00:00:00-04:00,14.749239544222002,14.83076516366005,14.395965315472495,14.620159149169922,2700,0.0,0.0
2005-07-14 00:00:00-04:00,14.776412737574146,14.8579383435221,14.103831347774333,14.23291301727295,35100,0.0,0.0
2005-07-15 00:00:00-04:00,14.09703642852863,14.470692297468654,13.96116086029292,14.164974212646484,30100,0.0,0.0
2005-07-18 00:00:00-04:00,14.137798791137095,14.21932439245323,13.811698977483506,13.940780639648438,24500,0.0,0.0
2005-07-19 00:00:00-04:00,13.927191875211122,14.232911239574495,13.927191875211122,14.063067436218262,23000,0.0,0.0
2005-07-20 00:00:00-04:00,14.219327646003299,14.47069582395023,14.008721630138563,14.2532958984375,58600,0.0,0.0
2005-07-21 00:00:00-04:00,14.395965949057835,14.470696366375455,13.927196532220869,14.056278228759766,13100,0.0,0.0
2005-07-22 00:00:00-04:00,14.219325885240377,14.266881951081752,13.967956442614469,14.205738067626953,31700,0.0,0.0
2005-07-25 00:00:00-04:00,14.525045144625995,14.59977685154883,14.001927083583285,14.097039222717285,40600,0.0,0.0
2005-07-26 00:00:00-04:00,14.103830471481341,14.355198590575672,14.035892686713385,14.17856216430664,14300,0.0,0.0
2005-07-27 00:00:00-04:00,14.26688480377197,14.26688480377197,13.961165325368796,14.266884803771973,7600,0.0,0.0
2005-07-28 00:00:00-04:00,14.266878935626064,14.266878935626064,13.981541305081329,14.131003379821777,13700,0.0,0.0
2005-07-29 00:00:00-04:00,14.246502876281738,14.45711020107212,14.069865101847475,14.246502876281738,19700,0.0,0.0
2005-08-01 00:00:00-04:00,14.402764109483746,14.443526285123562,14.076662816946628,14.185362815856934,9300,0.0,0.0
2005-08-02 00:00:00-04:00,14.416341916934748,14.416341916934748,14.124211656454058,14.368785858154297,10700,0.0,0.0
2005-08-03 00:00:00-04:00,14.368786200347747,14.56580564376498,14.158180236816406,14.158180236816406,2600,0.0,0.0
2005-08-04 00:00:00-04:00,14.246501340757243,14.484282984397954,13.961163627549533,14.097039222717285,8100,0.0,0.0
2005-08-05 00:00:00-04:00,13.961162029324147,14.035893727691956,13.804906019832876,13.879637718200684,12100,0.0,0.0
2005-08-08 00:00:00-04:00,13.981542657731756,14.049480442206569,13.757348876028692,13.866048812866211,15200,0.0,0.0
2005-08-09 00:00:00-04:00,14.001927932993922,14.090246168146688,13.866052329583436,13.961164474487305,2600,0.0,0.0
2005-08-10 00:00:00-04:00,13.804907201241878,14.001926678961157,13.58750729190038,13.716588973999023,15100,0.0,0.0
2005-08-11 00:00:00-04:00,13.89322979244155,14.151391917845132,13.736972439264845,14.144598007202148,20700,0.0,0.0
2005-08-12 00:00:00-04:00,13.988335809985752,13.988335809985752,13.736966409751783,13.886429786682129,26900,0.0,0.0
2005-08-15 00:00:00-04:00,13.75734707823663,14.144590714591482,13.75734707823663,14.117416381835938,10000,0.0,0.0
2005-08-16 00:00:00-04:00,14.022303848573513,14.144591593081714,13.845666139373375,13.927191734313965,23600,0.0,0.0
2005-08-17 00:00:00-04:00,13.92719719394138,14.131009317481585,13.825291132171278,13.90002155303955,15600,0.0,0.0
2005-08-18 00:00:00-04:00,13.866050987161714,13.913607055009575,13.709794965431406,13.893226623535156,13800,0.0,0.0
2005-08-19 00:00:00-04:00,13.818494519875436,14.001926172676896,13.743762817814332,13.852462768554688,8800,0.0,0.0
2005-08-22 00:00:00-04:00,13.886432714441796,13.893226623535156,13.757351033279269,13.893226623535156,12200,0.0,0.0
2005-08-23 00:00:00-04:00,13.893223555209598,13.906810074590066,13.757347994961897,13.811697959899902,12100,0.0,0.0
2005-08-24 00:00:00-04:00,13.764144964186887,13.954370531685479,13.75735105508276,13.770938873291016,8300,0.0,0.0
2005-08-25 00:00:00-04:00,13.859251481141763,13.859251481141763,13.77093329020586,13.784521102905273,8500,0.0,0.0
2005-08-26 00:00:00-04:00,13.825288716207451,13.920400851131289,13.662238786707023,13.75735092163086,20700,0.0,0.0
2005-08-29 00:00:00-04:00,13.601093536911385,14.022305488586426,13.58750572019786,14.022305488586426,7100,0.0,0.0
2005-08-30 00:00:00-04:00,13.736962654605081,13.988331986124534,13.614676237552276,13.947569847106934,16100,0.0,0.0
2005-08-31 00:00:00-04:00,14.19894699792617,14.26688480377197,14.0766592065649,14.266884803771973,27500,0.0,0.0
2005-09-01 00:00:00-04:00,14.110622035441954,14.450309607046401,13.730171022265194,14.375577926635742,10500,0.0,0.0
2005-09-02 00:00:00-04:00,14.205739314407804,14.375583162065292,14.008721124944094,14.110627174377441,12300,0.0,0.0
2005-09-06 00:00:00-04:00,14.01551360645549,14.151389201623243,13.913607557982532,14.097039222717285,14900,0.0,0.0
2005-09-07 00:00:00-04:00,13.967956658252373,14.164976129271787,13.92719450058842,14.103832244873047,12100,0.0,0.0
2005-09-08 00:00:00-04:00,13.995130683301388,13.995130683301388,13.655443051647499,13.764142990112305,8500,0.0,0.0
2005-09-09 00:00:00-04:00,13.784524305632893,13.9068107609245,13.730173042207147,13.845666885375977,4700,0.0,0.0
2005-09-12 00:00:00-04:00,13.736964215247871,14.355195459772444,13.689408165023702,14.035889625549316,13700,0.0,0.0
2005-09-13 00:00:00-04:00,14.022307475392429,14.137801342210537,13.743763672326237,13.967957496643066,10400,0.0,0.0
2005-09-14 00:00:00-04:00,14.144591443561207,14.164973166032246,13.689410008150878,13.730172157287598,10400,0.0,0.0
2005-09-15 00:00:00-04:00,13.804903085360765,13.804903085360765,13.58750324083623,13.689409255981445,7800,0.0,0.0
2005-09-16 00:00:00-04:00,13.811697959899902,13.91360398218299,13.594298100147883,13.811697959899902,63000,0.0,0.0
2005-09-19 00:00:00-04:00,13.81169543249896,13.9815392038262,13.594295612528914,13.784521102905273,8300,0.0,0.0
2005-09-20 00:00:00-04:00,13.74375997226829,13.791316028895356,13.601091802387094,13.730172157287598,15300,0.0,0.0
2005-09-21 00:00:00-04:00,13.601097557636535,13.777735339713024,13.594303647271373,13.675827980041504,10200,0.0,0.0
2005-09-22 00:00:00-04:00,13.66903182797014,13.743762231035063,13.580712311885819,13.64185619354248,5900,0.0,0.0
2005-09-23 00:00:00-04:00,13.587503179700153,13.872840798306068,13.58070927261367,13.743759155273438,10100,0.0,0.0
2005-09-26 00:00:00-04:00,13.804904389200992,13.872842170982793,13.587504524143561,13.662236213684082,13800,0.0,0.0
2005-09-27 00:00:00-04:00,13.716584884449656,13.86604695360895,13.58750324083623,13.689409255981445,5000,0.0,0.0
2005-09-28 00:00:00-04:00,13.881355007414266,13.991034744849307,13.476910485315445,13.61401081085205,7300,0.18,0.0
2005-09-29 00:00:00-04:00,13.709978778861489,13.874498367309572,13.64142862347009,13.87449836730957,6700,0.0,0.0
2005-09-30 00:00:00-04:00,13.607154883885876,13.73740005493164,13.607154883885876,13.73740005493164,10900,0.0,0.0
2005-10-03 00:00:00-04:00,13.744249291828313,14.025303672220886,13.744249291828313,13.881349563598633,3400,0.0,0.0
2005-10-04 00:00:00-04:00,14.011591949138344,14.086995907119825,13.62771178629604,13.805941581726074,9900,0.0,0.0
2005-10-05 00:00:00-04:00,13.682553332726723,13.682553332726723,13.367224560432401,13.374079704284668,16500,0.0,0.0
2005-10-06 00:00:00-04:00,13.55916770271907,13.55916770271907,13.360372408933658,13.367227554321289,10000,0.0,0.0
2005-10-07 00:00:00-04:00,13.367222590196866,13.661987194973134,13.367222590196866,13.531742095947266,6100,0.0,0.0
2005-10-10 00:00:00-04:00,13.552310379146192,13.552310379146192,13.271256000852059,13.312385559082031,5600,0.0,0.0
2005-10-11 00:00:00-04:00,13.380938017171585,13.497472875289326,13.243837722626488,13.29182243347168,25300,0.0,0.0
2005-10-12 00:00:00-04:00,13.243839983705278,13.463199446439734,13.243839983705278,13.387795448303223,17000,0.0,0.0
2005-10-13 00:00:00-04:00,13.278114052418218,13.463197758720232,13.278114052418218,13.442633628845215,10500,0.0,0.0
2005-10-14 00:00:00-04:00,13.387795651652938,13.675705277736407,13.26440562511923,13.59344482421875,5400,0.0,0.0
2005-10-17 00:00:00-04:00,13.88135628022278,13.88135628022278,13.572881173223541,13.682560920715332,15200,0.0,0.0
2005-10-18 00:00:00-04:00,13.689410485026954,13.689410485026954,13.257546818853006,13.456340789794922,17400,0.0,0.0
2005-10-19 00:00:00-04:00,13.360370641095907,14.148693951568777,13.250690944377165,14.134984970092773,77300,0.0,0.0
2005-10-20 00:00:00-04:00,14.265230897534108,14.265230897534108,13.490617761731928,13.641427040100098,47600,0.0,0.0
2005-10-21 00:00:00-04:00,13.476907361046713,13.949901936262405,13.476907361046713,13.847077369689941,24000,0.0,0.0
2005-10-24 00:00:00-04:00,13.881353105817523,14.395477294921875,13.792238821666356,14.395477294921875,11900,0.0,0.0
2005-10-25 00:00:00-04:00,14.580561277927933,14.724515413027385,13.778527547770794,13.96361255645752,53900,0.0,0.0
2005-10-26 00:00:00-04:00,13.997888385517,14.258377407021763,13.840223943356603,13.87449836730957,7000,0.0,0.0
2005-10-27 00:00:00-04:00,13.812806549986506,14.073296939169294,13.428927421569822,13.428927421569824,14100,0.0,0.0
2005-10-28 00:00:00-04:00,13.524889902983876,13.881349563598633,13.504325777457892,13.881349563598633,14400,0.0,0.0
2005-10-31 00:00:00-05:00,14.066435201444888,14.553138704954861,14.004740206987968,14.402329444885254,27100,0.0,0.0
2005-11-01 00:00:00-05:00,14.395474329604806,14.566849024004862,14.155549495947694,14.333779335021973,40700,0.0,0.0
2005-11-02 00:00:00-05:00,14.395479076198578,14.73822857801283,14.34063920820772,14.683388710021973,23100,0.0,0.0
2005-11-03 00:00:00-05:00,14.710802472131197,14.916452880569935,14.710802472131197,14.80677318572998,8800,0.0,0.0
2005-11-04 00:00:00-05:00,14.649107866049278,14.793061966161606,14.505152458451935,14.738222122192383,9900,0.0,0.0
2005-11-07 00:00:00-05:00,14.82048347445625,14.985003016716181,14.738223049583734,14.80677318572998,7100,0.0,0.0
2005-11-08 00:00:00-05:00,14.628545309163304,14.806775163961573,14.628545309163304,14.66967487335205,5800,0.0,0.0
2005-11-09 00:00:00-05:00,14.724515566857992,15.080975296759703,14.635401288125237,14.875326156616211,4400,0.0,0.0
2005-11-10 00:00:00-05:00,14.717655696615806,15.11524486541748,14.587411893161498,15.11524486541748,16700,0.0,0.0
2005-11-11 00:00:00-05:00,15.032986862157124,15.252346239322815,14.813627484991434,15.156376838684082,7600,0.0,0.0
2005-11-14 00:00:00-05:00,14.847898600438096,14.978143692016602,14.847898600438096,14.978143692016602,3100,0.0,0.0
2005-11-15 00:00:00-05:00,14.971299090573394,15.067268537472694,14.854764201844679,14.9096040725708,14600,0.0,0.0
2005-11-16 00:00:00-05:00,14.806772807567876,14.902742211230521,14.251519203186035,14.251519203186035,8000,0.0,0.0
2005-11-17 00:00:00-05:00,14.416035085972688,14.978143692016602,14.416035085972688,14.978143692016602,4400,0.0,0.0
2005-11-18 00:00:00-05:00,15.224930634163188,15.224930634163188,14.943876176973639,15.080976486206055,7500,0.0,0.0
2005-11-21 00:00:00-05:00,15.080979065934908,15.410018295395108,14.88903886167362,15.375743865966797,7100,0.0,0.0
2005-11-22 00:00:00-05:00,15.094681305922858,15.423720359802246,15.046696607334404,15.423720359802246,11000,0.0,0.0
2005-11-23 00:00:00-05:00,15.293478213802072,15.588242913782143,15.272914086119425,15.416868209838867,11700,0.0,0.0
2005-11-25 00:00:00-05:00,15.533407838327385,15.691072300650562,15.430583245833384,15.615668296813965,9900,0.0,0.0
2005-11-28 00:00:00-05:00,15.47171114375565,15.553971593322832,14.57370788236515,14.841052055358887,11900,0.0,0.0
2005-11-29 00:00:00-05:00,14.985005082962546,14.985005082962546,14.649110807763892,14.799920082092285,7800,0.0,0.0
2005-11-30 00:00:00-05:00,14.799922566074166,15.115251458271707,14.799922566074166,15.101542472839355,16300,0.0,0.0
2005-12-01 00:00:00-05:00,15.327758243372195,15.423727686134976,15.135818050361033,15.3071928024292,12000,0.0,0.0
2005-12-02 00:00:00-05:00,15.430575722905614,15.430575722905614,14.909596559780598,15.259201049804688,8100,0.0,0.0
2005-12-05 00:00:00-05:00,15.416868955814238,15.416868955814238,15.039845111890086,15.142669677734375,14100,0.0,0.0
2005-12-06 00:00:00-05:00,15.135816761930023,15.252351635715812,15.012426741746781,15.108397483825684,4700,0.0,0.0
2005-12-07 00:00:00-05:00,14.94387239233903,15.046698251964736,14.834192695724385,14.861613273620605,22300,0.0,0.0
2005-12-08 00:00:00-05:00,14.820486275894911,15.046700852698107,14.457171400883873,14.525721549987793,9700,0.0,0.0
2005-12-09 00:00:00-05:00,14.525724475209197,15.019283294677734,14.525724475209197,15.019283294677734,8700,0.0,0.0
2005-12-12 00:00:00-05:00,15.080975296759703,15.080975296759703,14.642256433794733,14.875326156616211,23500,0.0,0.0
2005-12-13 00:00:00-05:00,14.683385163910058,14.868470163987329,14.55314001857954,14.66967487335205,23300,0.0,0.0
2005-12-14 00:00:00-05:00,14.854764417417506,15.026139179359339,14.635404931329667,14.964444160461426,12200,0.0,0.0
2005-12-15 00:00:00-05:00,14.834197956699033,14.834197956699033,14.196683676852643,14.470884323120117,23100,0.0,0.0
2005-12-16 00:00:00-05:00,14.395473986562521,14.532574261809547,14.28579428935895,14.436603546142578,69700,0.0,0.0
2005-12-19 00:00:00-05:00,14.203535214132835,14.40233050140722,13.949901380524084,14.196680068969727,15500,0.0,0.0
2005-12-20 00:00:00-05:00,14.182972491825188,14.182972491825188,13.98417718484789,14.004742622375488,10300,0.0,0.0
2005-12-21 00:00:00-05:00,14.141840063123066,14.155550353301894,13.984175648522246,14.052725791931152,3500,0.0,0.0
2005-12-22 00:00:00-05:00,14.25837911678269,14.25837911678269,13.737401011301262,14.018455505371094,16600,0.0,0.0
2005-12-23 00:00:00-05:00,14.121275006190462,14.121275006190462,13.888205318426808,13.984174728393555,6000,0.0,0.0
2005-12-27 00:00:00-05:00,13.929335192757577,14.045870039266255,13.881350486692565,13.94990062713623,16300,0.0,0.0
2005-12-28 00:00:00-05:00,13.93607429279239,14.572361620600402,13.93607429279239,14.523948669433594,44900,0.18,0.0
2005-12-29 00:00:00-05:00,14.523947211331667,14.696851344799901,14.357959401500624,14.399456024169922,22200,0.0,0.0
2005-12-30 00:00:00-05:00,14.254216345254733,14.447868119068863,13.873826482548541,13.942988395690918,14500,0.0,0.0
2006-01-03 00:00:00-05:00,14.108968579644102,14.364867124389372,13.832322395563445,14.309537887573242,19500,0.0,0.0
2006-01-04 00:00:00-05:00,14.171220502957933,14.316460639326024,13.956819778861245,14.178136825561523,19100,0.0,0.0
2006-01-05 00:00:00-05:00,14.171223186227659,14.323378354855716,14.060564641924726,14.295714378356934,5000,0.0,0.0
2006-01-06 00:00:00-05:00,14.461695495883319,14.496275780277038,13.984479920160917,14.261127471923828,18000,0.0,0.0
2006-01-09 00:00:00-05:00,14.371793444601686,14.689936447888279,14.302631520666433,14.468619346618652,14600,0.0,0.0
2006-01-10 00:00:00-05:00,14.351040871755558,15.06340626703199,14.351040871755558,15.056489944458008,28800,0.0,0.0
2006-01-11 00:00:00-05:00,15.042653060090213,15.077233344061295,14.669179661266815,14.952743530273438,32100,0.0,0.0
2006-01-12 00:00:00-05:00,14.738346441370531,14.86975393856273,14.662269527546597,14.696849822998047,10100,0.0,0.0
2006-01-13 00:00:00-05:00,14.793676565224002,14.842089509330725,14.565443172182462,14.779845237731934,10200,0.0,0.0
2006-01-17 00:00:00-05:00,14.855922830993753,14.862839154630944,14.28188116064537,14.399456024169922,10900,0.0,0.0
2006-01-18 00:00:00-05:00,14.178132564873318,14.517024355686532,14.081306715827614,14.337203979492188,17500,0.0,0.0
2006-01-19 00:00:00-05:00,14.517032345102054,14.523948669433596,14.302631567440196,14.523948669433594,4200,0.0,0.0
2006-01-20 00:00:00-05:00,14.523948621936059,14.793678674214169,14.420206395610169,14.468619346618652,30900,0.0,0.0
2006-01-23 00:00:00-05:00,14.523940019829327,15.001155561272329,14.46861077728182,14.86974811553955,11200,0.0,0.0
2006-01-24 00:00:00-05:00,14.98040739060218,15.561365127563477,14.931994465714281,15.561365127563477,20000,0.0,0.0
2006-01-25 00:00:00-05:00,15.685861251145734,15.73427419143942,15.312387736045272,15.63744831085205,21900,0.0,0.0
2006-01-26 00:00:00-05:00,15.561371836888432,16.259904686531662,15.554455513329133,16.183826446533203,10900,0.0,0.0
2006-01-27 00:00:00-05:00,15.98325348489234,16.529629688572665,15.934840553836882,16.21148681640625,12800,0.0,0.0
2006-01-30 00:00:00-05:00,15.934840829996208,15.969421118734136,15.277804790747915,15.609780311584473,14300,0.0,0.0
2006-01-31 00:00:00-05:00,15.3884603985994,15.983250750741709,15.367711437773549,15.554448127746582,36400,0.0,0.0
2006-02-01 00:00:00-05:00,15.319305210158072,15.734275373961438,15.319305210158072,15.575203895568848,14500,0.0,0.0
2006-02-02 00:00:00-05:00,15.388457070784519,15.423037345529606,15.20863673997363,15.312378883361816,10900,0.0,0.0
2006-02-03 00:00:00-05:00,15.16023214313232,15.16023214313232,14.952747742549716,15.14639949798584,4400,0.0,0.0
2006-02-06 00:00:00-05:00,15.001153176154341,15.021900814340123,14.772919922039815,14.938907623291016,11300,0.0,0.0
2006-02-07 00:00:00-05:00,14.931998961033965,15.028824839959459,14.717598235204516,14.800591468811035,4600,0.0,0.0
2006-02-08 00:00:00-05:00,14.793670419181266,14.869748624972956,14.572353441408978,14.62768268585205,5600,0.0,0.0
2006-02-09 00:00:00-05:00,14.752177039624234,14.828255262042298,14.586189270019531,14.586189270019531,4300,0.0,0.0
2006-02-10 00:00:00-05:00,14.676098055312746,14.696847020118748,14.420200751806028,14.662266731262207,6000,0.0,0.0
2006-02-13 00:00:00-05:00,14.3579560586385,14.759093502124635,14.185051965426313,14.378705024719238,7200,0.0,0.0
2006-02-14 00:00:00-05:00,14.351037812605945,14.786755488657585,14.185050063674208,14.731426239013672,7600,0.0,0.0
2006-02-15 00:00:00-05:00,14.600019074264722,15.236306060236197,14.600019074264722,15.215557098388672,14000,0.0,0.0
2006-02-16 00:00:00-05:00,15.270890063056218,15.526788711547852,15.25014109615573,15.526788711547852,5300,0.0,0.0
2006-02-17 00:00:00-05:00,15.6305270141833,15.6305270141833,15.36771210885862,15.561365127563477,17000,0.0,0.0
2006-02-21 00:00:00-05:00,15.374631490133986,15.734272316829799,14.835171569243794,15.13256549835205,8400,0.0,0.0
2006-02-22 00:00:00-05:00,15.215561616761255,15.554453512654316,15.028824862140487,15.506040573120117,8100,0.0,0.0
2006-02-23 00:00:00-05:00,15.36771636063274,15.672027954461658,15.222477545785939,15.492207527160645,15500,0.0,0.0
2006-02-24 00:00:00-05:00,15.360797614650714,15.838013237998933,15.360797614650714,15.595947265625,21900,0.0,0.0
2006-02-27 00:00:00-05:00,15.761939170898188,15.761939170898188,15.436878602518691,15.540620803833008,15500,0.0,0.0
2006-02-28 00:00:00-05:00,15.519866232043022,15.519866232043022,15.19480580866475,15.374626159667969,8100,0.0,0.0
2006-03-01 00:00:00-05:00,15.139473298809039,15.699683189392088,15.042647484257651,15.69968318939209,12200,0.0,0.0
2006-03-02 00:00:00-05:00,15.42995970016942,15.692774639990025,15.236307975199962,15.443792343139648,9200,0.0,0.0
2006-03-03 00:00:00-05:00,15.568287516512711,15.78268826136762,15.429963689355738,15.519874572753906,25100,0.0,0.0
2006-03-06 00:00:00-05:00,15.533701962621205,15.533701962621205,15.222475409139244,15.360797882080078,16400,0.0,0.0
2006-03-07 00:00:00-05:00,15.257056665939158,15.340051210294012,14.904332160949707,14.904332160949707,11100,0.0,0.0
2006-03-08 00:00:00-05:00,14.897416528586671,15.174062799489366,14.717596122711551,14.77292537689209,23800,0.0,0.0
2006-03-09 00:00:00-05:00,14.662265555588473,14.752175090898284,14.309541097089935,14.357954025268555,19600,0.0,0.0
2006-03-10 00:00:00-05:00,14.191972157967172,14.351043650508402,14.115893914076192,14.295714378356934,28700,0.0,0.0
2006-03-13 00:00:00-05:00,14.281877593393965,14.641518417775643,14.095140859293455,14.108973503112793,14700,0.0,0.0
2006-03-14 00:00:00-05:00,14.198893618095278,14.510120391845703,14.108982693854166,14.510120391845703,12000,0.0,0.0
2006-03-15 00:00:00-05:00,14.523941515031687,14.600019726049014,14.385617734846242,14.454779624938965,11800,0.0,0.0
2006-03-16 00:00:00-05:00,14.593100398740638,14.745255470275879,14.593100398740638,14.745255470275879,6000,0.0,0.0
2006-03-17 00:00:00-05:00,14.821338446100603,14.925080633751726,14.67609832806624,14.883584022521973,87900,0.0,0.0
2006-03-20 00:00:00-05:00,14.745266606222721,14.890506787099826,14.696853652315038,14.842092514038086,13800,0.0,0.0
2006-03-21 00:00:00-05:00,14.309537887573242,14.95274109003143,14.205795733437128,14.309537887573242,12300,0.0,0.0
2006-03-22 00:00:00-05:00,14.371795693137878,14.5792801782516,14.254220799798988,14.427124977111816,8500,0.0,0.0
2006-03-23 00:00:00-05:00,14.523945707433365,14.696849822998047,14.420203501925297,14.696849822998047,6700,0.0,0.0
2006-03-24 00:00:00-05:00,14.60001590167569,14.938907623291017,14.572350625223995,14.938907623291016,9800,0.0,0.0
2006-03-27 00:00:00-05:00,14.959658752662726,15.291635551792659,14.904329505999952,14.98040771484375,16000,0.0,0.0
2006-03-28 00:00:00-05:00,15.063403951523409,15.174062457389686,14.752176079303597,14.814421653747559,3700,0.0,0.0
2006-03-29 00:00:00-05:00,14.974840589370205,15.832738876342773,14.974840589370205,15.832738876342773,10700,0.18,0.0
2006-03-30 00:00:00-05:00,15.7699652186914,15.860636699823948,15.211982472929328,15.421226501464844,22300,0.0,0.0
2006-03-31 00:00:00-05:00,15.428198017243524,15.909456382551129,15.428198017243524,15.609540939331055,23400,0.0,0.0
2006-04-03 00:00:00-04:00,15.539803488780061,15.888542335500441,15.393332481384277,15.393332481384277,9800,0.0,0.0
2006-04-04 00:00:00-04:00,15.442153491093256,15.59559941304364,15.442153491093256,15.574674606323242,6400,0.0,0.0
2006-04-05 00:00:00-04:00,15.560713614115807,15.651386381435161,15.03760579296132,15.309622764587402,20500,0.0,0.0
2006-04-06 00:00:00-04:00,15.184087552294654,15.309633732164123,15.107364591189327,15.267784118652344,9300,0.0,0.0
2006-04-07 00:00:00-04:00,15.344502010468306,15.344502010468306,14.472655305328061,14.500555038452148,18800,0.0,0.0
2006-04-10 00:00:00-04:00,14.570300343557475,14.856265929586518,14.500553677956146,14.577275276184082,13200,0.0,0.0
2006-04-11 00:00:00-04:00,14.493583344061467,14.63307804985738,14.34013743825333,14.528456687927246,11300,0.0,0.0
2006-04-12 00:00:00-04:00,14.409889480091326,14.633082135954657,14.368041189700243,14.507535934448242,15900,0.0,0.0
2006-04-13 00:00:00-04:00,14.395935586638254,14.647027919536809,14.31921396406698,14.528456687927246,11600,0.0,0.0
2006-04-17 00:00:00-04:00,14.361057604800429,14.619123458862305,14.33315787445192,14.619123458862305,10700,0.0,0.0
2006-04-18 00:00:00-04:00,14.647023244337603,15.344500541687012,14.57030031592281,15.344500541687012,16100,0.0,0.0
2006-04-19 00:00:00-04:00,15.309630781269766,15.832738876342773,15.28870597854708,15.832738876342773,28900,0.0,0.0
2006-04-20 00:00:00-04:00,15.937364630257344,15.937364630257344,15.414256390732485,15.630474090576172,22100,0.0,0.0
2006-04-21 00:00:00-04:00,15.85366799409647,15.85366799409647,15.009720605415492,15.21198844909668,31700,0.0,0.0
2006-04-24 00:00:00-04:00,15.337525919016855,15.337525919016855,14.912064333329559,14.960888862609863,16300,0.0,0.0
2006-04-25 00:00:00-04:00,15.309631960416674,15.3235804996401,14.835347038167855,15.06551456451416,15500,0.0,0.0
2006-04-26 00:00:00-04:00,15.14921534890831,15.211988449096681,14.926022695053279,15.21198844909668,18800,0.0,0.0
2006-04-27 00:00:00-04:00,15.142236617187235,15.428203629893812,15.121313142590456,15.239884376525879,5200,0.0,0.0
2006-04-28 00:00:00-04:00,15.149211219102135,15.281732320077094,14.898120217131385,15.274757385253906,10800,0.0,0.0
2006-05-01 00:00:00-04:00,15.344502404714015,15.344502404714015,14.856267705158285,14.905092239379883,10600,0.0,0.0
2006-05-02 00:00:00-04:00,14.932992432060955,15.135261535644531,14.758623065661052,15.135261535644531,4400,0.0,0.0
2006-05-03 00:00:00-04:00,15.037610693124563,15.205005090801382,15.002737359149883,15.100383758544922,5700,0.0,0.0
2006-05-04 00:00:00-04:00,15.051563415987323,15.274755988590268,14.85626924979341,15.128286361694336,17800,0.0,0.0
2006-05-05 00:00:00-04:00,15.149207827332118,15.330552101135252,15.100384624833676,15.330552101135254,6600,0.0,0.0
2006-05-08 00:00:00-04:00,15.344496087198241,15.344496087198241,15.121303629692111,15.309622764587402,5000,0.0,0.0
2006-05-09 00:00:00-04:00,15.23988452271202,15.260807997509502,15.009716987609863,15.009716987609863,13600,0.0,0.0
2006-05-10 00:00:00-04:00,14.856269209061026,15.002740165888037,14.647026505402625,14.793496131896973,12800,0.0,0.0
2006-05-11 00:00:00-04:00,14.709801243356027,14.856270886387323,14.221566439252745,14.228541374206543,25900,0.0,0.0
2006-05-12 00:00:00-04:00,14.256440585543546,14.472658239764932,14.082071209160835,14.123919486999512,20700,0.0,0.0
2006-05-15 00:00:00-04:00,14.082071352333479,14.319213813051617,13.9495502524421,14.17274284362793,15000,0.0,0.0
2006-05-16 00:00:00-04:00,14.20761450406486,14.430807047912198,14.151816368103027,14.151816368103027,13400,0.0,0.0
2006-05-17 00:00:00-04:00,14.123919483647388,14.47265823633004,14.061146401737888,14.096019744873047,16800,0.0,0.0
2006-05-18 00:00:00-04:00,14.291315516342284,14.619129501439597,14.08904770904098,14.158794403076172,21700,0.0,0.0
2006-05-19 00:00:00-04:00,14.109972579649016,14.29131692879573,13.991401325604357,14.082074165344238,17100,0.0,0.0
2006-05-22 00:00:00-04:00,14.082070735871769,14.277363579443769,14.012322721596314,14.137868881225586,10500,0.0,0.0
2006-05-23 00:00:00-04:00,14.22854123143198,14.542406649539334,14.172743082694318,14.179718017578125,16300,0.0,0.0
2006-05-24 00:00:00-04:00,14.207616528015656,14.591228601109293,14.123918646983446,14.333161354064941,21000,0.0,0.0
2006-05-25 00:00:00-04:00,14.423833044178513,14.535429323294077,14.34013516967555,14.47265625,13900,0.0,0.0
2006-05-26 00:00:00-04:00,14.472663180573786,14.723755593991575,14.465688243497377,14.57030963897705,15600,0.0,0.0
2006-05-30 00:00:00-04:00,14.514502009648528,14.598199869663528,13.970470575714264,13.99139404296875,17100,0.0,0.0
2006-05-31 00:00:00-04:00,14.123917300505271,14.667950149518528,14.00534608970748,14.654000282287598,35300,0.0,0.0
2006-06-01 00:00:00-04:00,14.619125261041852,15.246855967943434,14.458705782759239,15.225931167602539,16800,0.0,0.0
2006-06-02 00:00:00-04:00,15.274757527996558,15.323580741882324,15.023666523679362,15.323580741882324,17500,0.0,0.0
2006-06-05 00:00:00-04:00,15.135264083826344,15.205010777862746,14.130895991773766,14.186694145202637,26100,0.0,0.0
2006-06-06 00:00:00-04:00,14.04719266821301,14.214587063813472,13.844924939070435,14.033244132995605,21700,0.0,0.0
2006-06-07 00:00:00-04:00,14.123924498705463,14.361067041159771,14.102999687194822,14.102999687194824,16800,0.0,0.0
2006-06-08 00:00:00-04:00,14.151815033129779,14.73769474029541,13.663580391770651,14.73769474029541,51700,0.0,0.0
2006-06-09 00:00:00-04:00,14.737692964410336,14.737692964410336,14.451727412748879,14.493577003479004,13200,0.0,0.0
2006-06-12 00:00:00-04:00,14.305259859554806,14.375007856971433,14.0192942674458,14.033244132995605,12300,0.0,0.0
2006-06-13 00:00:00-04:00,14.019294894123579,14.507528237199724,14.0053450279502,14.06811809539795,13300,0.0,0.0
2006-06-14 00:00:00-04:00,14.158793546680133,14.38896108194014,14.019298836714187,14.116945266723633,9600,0.0,0.0
2006-06-15 00:00:00-04:00,14.17972409637131,14.960899843918426,14.17972409637131,14.919050216674805,11600,0.0,0.0
2006-06-16 00:00:00-04:00,14.842326491095632,14.842326491095632,14.500562564928938,14.514511108398438,140800,0.0,0.0
2006-06-19 00:00:00-04:00,14.626103552248368,14.626103552248368,14.033248706810632,14.116945266723633,25700,0.0,0.0
2006-06-20 00:00:00-04:00,13.991398908054906,14.165768290913183,13.928625823799301,13.94955062866211,16200,0.0,0.0
2006-06-21 00:00:00-04:00,14.040226270965356,14.605184196197849,13.970479561479753,14.521486282348633,17300,0.0,0.0
2006-06-22 00:00:00-04:00,14.375014513037947,14.381989449042456,14.075098916509143,14.263418197631836,14800,0.0,0.0
2006-06-23 00:00:00-04:00,14.130894660949705,14.319213909911394,14.040221838709135,14.130894660949707,12200,0.0,0.0
2006-06-26 00:00:00-04:00,14.291315901844097,14.654004574075284,14.2773660305276,14.640054702758789,18800,0.0,0.0
2006-06-27 00:00:00-04:00,14.71677264883383,14.988788395131186,14.430807035974428,14.500555038452148,24800,0.0,0.0
2006-06-28 00:00:00-04:00,14.662375879887513,14.739768887765749,14.451305748157452,14.584982872009277,11800,0.18,0.0
2006-06-29 00:00:00-04:00,14.725700921429214,15.647376031865267,14.711629217892417,15.598126411437988,51800,0.0,0.0
2006-06-30 00:00:00-04:00,15.689593305135313,15.703665011815332,14.774953842163084,14.774953842163086,118000,0.0,0.0
2006-07-03 00:00:00-04:00,14.81013103439171,15.365951343194874,14.563882889430047,15.147845268249512,24300,0.0,0.0
2006-07-05 00:00:00-04:00,15.126732395280772,15.126732395280772,14.61312738485815,14.838269233703613,11900,0.0,0.0
2006-07-06 00:00:00-04:00,14.781989250063626,14.950845699280107,14.655346577663323,14.901596069335938,5000,0.0,0.0
2006-07-07 00:00:00-04:00,14.77494945296322,14.95084170835564,14.592021346320935,14.5990571975708,9800,0.0,0.0
2006-07-10 00:00:00-04:00,14.613133241198305,14.789025548843103,14.606097387858295,14.774953842163086,5700,0.0,0.0
2006-07-11 00:00:00-04:00,14.634235303063178,14.950841903686523,14.599057388305663,14.950841903686523,11400,0.0,0.0
2006-07-12 00:00:00-04:00,14.887525717421466,15.070453889535191,14.444277665649206,14.472419738769531,24800,0.0,0.0
2006-07-13 00:00:00-04:00,14.430197789763517,14.655339615090018,13.888449433852161,13.902521133422852,21400,0.0,0.0
2006-07-14 00:00:00-04:00,13.888449502441185,14.106555479059473,13.775878589221994,13.818092346191406,17300,0.0,0.0
2006-07-17 00:00:00-04:00,13.860313300259271,14.015098035835099,13.698491369939424,13.839205741882324,19900,0.0,0.0
2006-07-18 00:00:00-04:00,13.89548615332271,14.078414233337305,13.70552222308241,13.9306640625,12800,0.0,0.0
2006-07-19 00:00:00-04:00,13.993990378374328,14.986022801887794,13.993990378374328,14.971952438354492,24900,0.0,0.0
2006-07-20 00:00:00-04:00,15.140811246804441,15.140811246804441,14.613134286137527,14.641276359558105,10900,0.0,0.0
2006-07-21 00:00:00-04:00,14.521663308671453,14.521663308671453,13.965844512634607,13.972880363464355,25400,0.0,0.0
2006-07-24 00:00:00-04:00,14.07842272964108,14.71163487063329,14.07842272964108,14.648313522338867,15400,0.0,0.0
2006-07-25 00:00:00-04:00,14.880490388865244,15.119704057614634,14.789026970556096,14.803098678588867,25900,0.0,0.0
2006-07-26 00:00:00-04:00,14.648306337236527,15.119697620011875,14.634234635195146,14.986019134521484,17100,0.0,0.0
2006-07-27 00:00:00-04:00,15.140811619663793,15.274488820119322,14.697562210295008,14.803098678588867,7600,0.0,0.0
2006-07-28 00:00:00-04:00,15.112661436471898,15.267447471618652,14.950840892410598,15.267447471618652,8900,0.0,0.0
2006-07-31 00:00:00-04:00,15.028235405944764,15.2815193525726,14.978985786932448,15.211163520812988,11200,0.0,0.0
2006-08-01 00:00:00-04:00,15.04230543300629,15.04230543300629,14.789021492004395,14.789021492004395,4500,0.0,0.0
2006-08-02 00:00:00-04:00,14.94381033434604,15.218201905542848,14.86641728936158,14.978989601135254,6800,0.0,0.0
2006-08-03 00:00:00-04:00,14.803089714734556,15.140802451311107,14.803089714734556,15.056373596191406,6700,0.0,0.0
2006-08-04 00:00:00-04:00,15.218199508829185,15.302628393874786,14.535737944021024,14.718666076660156,12700,0.0,0.0
2006-08-07 00:00:00-04:00,14.570914715332087,14.739772472119636,14.409094152191473,14.549808502197266,9600,0.0,0.0
2006-08-08 00:00:00-04:00,14.65533783046381,14.880479628374092,14.057304091045264,14.155804634094238,24100,0.0,0.0
2006-08-09 00:00:00-04:00,14.366875638860169,14.725695905106972,14.001019523241734,14.05026912689209,20300,0.0,0.0
2006-08-10 00:00:00-04:00,14.07138185892457,14.310595457882412,14.057310154997273,14.212096214294434,16400,0.0,0.0
2006-08-11 00:00:00-04:00,14.282450755488783,14.282450755488783,13.944737943552726,14.022130966186523,25300,0.0,0.0
2006-08-14 00:00:00-04:00,14.198013763138285,14.352798363319234,13.965836191891597,14.169870376586914,12900,0.0,0.0
2006-08-15 00:00:00-04:00,14.387984623614818,14.690518125096544,14.21912690573737,14.338733673095703,21800,0.0,0.0
2006-08-16 00:00:00-04:00,14.366877866902763,14.676448577508022,14.366877866902763,14.634233474731445,13400,0.0,0.0
2006-08-17 00:00:00-04:00,14.542777447790318,14.915669658947177,14.535741593773931,14.803098678588867,11200,0.0,0.0
2006-08-18 00:00:00-04:00,14.873449077567784,14.89455663187228,14.359844000388055,14.423165321350098,15800,0.0,0.0
2006-08-21 00:00:00-04:00,14.303556245004525,14.451306417621101,14.247270784472313,14.366877555847168,10500,0.0,0.0
2006-08-22 00:00:00-04:00,14.233200206591993,14.704591478965174,14.233200206591993,14.669413566589355,6600,0.0,0.0
2006-08-23 00:00:00-04:00,14.599047627841609,14.599047627841609,14.127656638710388,14.169870376586914,6800,0.0,0.0
2006-08-24 00:00:00-04:00,14.240234934161883,14.44427056731067,14.16284192269838,14.366877555847168,20800,0.0,0.0
2006-08-25 00:00:00-04:00,14.35984032663121,14.69051720776076,14.331698270043065,14.444269180297852,20900,0.0,0.0
2006-08-28 00:00:00-04:00,14.514622762812758,14.774943791502386,14.493516559102044,14.620159149169922,13700,0.0,0.0
2006-08-29 00:00:00-04:00,14.599055451348606,14.852340698242188,14.47944867831011,14.852340698242188,30700,0.0,0.0
2006-08-30 00:00:00-04:00,14.493523846874622,14.93677179303948,14.493523846874622,14.760879516601562,16400,0.0,0.0
2006-08-31 00:00:00-04:00,14.866408665544762,14.915659610479809,14.458338801168765,14.563875198364258,20300,0.0,0.0
2006-09-01 00:00:00-04:00,14.613130397316977,14.774950966789635,14.430202271932064,14.493523597717285,11700,0.0,0.0
2006-09-05 00:00:00-04:00,14.535740161508686,14.676454544067383,14.500562236844914,14.676454544067383,9100,0.0,0.0
2006-09-06 00:00:00-04:00,14.493519690824833,14.50759139097315,14.338733673095703,14.338733673095703,12100,0.0,0.0
2006-09-07 00:00:00-04:00,14.212095528959052,14.32466647104593,14.212095528959052,14.247273445129395,11900,0.0,0.0
2006-09-08 00:00:00-04:00,14.606091827423212,14.606091827423212,14.317628660057759,14.380949974060059,9500,0.0,0.0
2006-09-11 00:00:00-04:00,14.28245210442835,14.416130608343735,14.21913077846588,14.310595512390137,13100,0.0,0.0
2006-09-12 00:00:00-04:00,14.380952026608231,14.7397724098508,14.289487296905413,14.683486938476562,16500,0.0,0.0
2006-09-13 00:00:00-04:00,14.704590797424316,14.71866249850297,14.423163485607594,14.704590797424316,9900,0.0,0.0
2006-09-14 00:00:00-04:00,14.592028038143726,14.704599025863189,14.542778398760465,14.697563171386719,5700,0.0,0.0
2006-09-15 00:00:00-04:00,14.73274244376907,14.739778298245538,14.514634980854584,14.697563171386719,61000,0.0,0.0
2006-09-18 00:00:00-04:00,14.28244900330087,14.74680439823313,14.28244900330087,14.634233474731445,14700,0.0,0.0
2006-09-19 00:00:00-04:00,14.592022270418404,14.592022270418404,14.261345292441739,14.549808502197266,25000,0.0,0.0
2006-09-20 00:00:00-04:00,14.711626175561262,14.753839935490435,14.507591884277577,14.732733726501465,14200,0.0,0.0
2006-09-21 00:00:00-04:00,14.704590561010983,14.774947723321814,14.423163253718913,14.535734176635742,24000,0.0,0.0
2006-09-22 00:00:00-04:00,14.528699687688551,14.683485727667572,14.359843287489838,14.409092903137207,14000,0.0,0.0
2006-09-25 00:00:00-04:00,14.613126365306007,14.753839340041296,14.52869750690389,14.739768981933594,15900,0.0,0.0
2006-09-26 00:00:00-04:00,14.648307292818618,14.697556911224885,14.423165413274852,14.570914268493652,14900,0.0,0.0
2006-09-27 00:00:00-04:00,14.71292713674344,14.890447981631459,14.641919882289484,14.869146347045898,17200,0.19,0.0
2006-09-28 00:00:00-04:00,14.805238796876344,14.911751033382334,14.776834811473911,14.87624740600586,21500,0.0,0.0
2006-09-29 00:00:00-04:00,14.812340512552687,14.862046135044212,14.435995813953578,14.4714994430542,18400,0.0,0.0
2006-10-02 00:00:00-04:00,14.414697886177542,14.54961416201921,14.414697886177542,14.44310188293457,15200,0.0,0.0
2006-10-03 00:00:00-04:00,14.414696803791804,14.54251207084669,14.414696803791804,14.492806434631348,13400,0.0,0.0
2006-10-04 00:00:00-04:00,14.414692123852294,14.890448044330508,14.414692123852294,14.87624740600586,26700,0.0,0.0
2006-10-05 00:00:00-04:00,14.854944416954035,14.904650037031725,14.620616954890233,14.87624740600586,19300,0.0,0.0
2006-10-06 00:00:00-04:00,14.769733479762472,14.798137464519968,14.556709011587419,14.712926864624023,9400,0.0,0.0
2006-10-09 00:00:00-04:00,14.627718876257303,14.748433113098143,14.563811259437056,14.748433113098145,5300,0.0,0.0
2006-10-10 00:00:00-04:00,14.826540369121648,14.911750970593584,14.769733752932543,14.869146347045898,15100,0.0,0.0
2006-10-11 00:00:00-04:00,14.869144257487333,14.883344893756574,14.478597640991211,14.478597640991211,18200,0.0,0.0
2006-10-12 00:00:00-04:00,14.606413869855606,14.982758522033691,14.606413869855606,14.982758522033691,18400,0.0,0.0
2006-10-13 00:00:00-04:00,15.053768066460345,15.2738935331151,14.982759458204328,15.23128890991211,11700,0.0,0.0
2006-10-16 00:00:00-04:00,14.833639034363314,15.472715059031813,14.833639034363314,15.437210083007812,17000,0.0,0.0
2006-10-17 00:00:00-04:00,15.288097014635143,15.444314884512073,15.011163550902229,15.309398651123047,16300,0.0,0.0
2006-10-18 00:00:00-04:00,15.27389603104674,15.479819538852235,15.060870171439904,15.124777793884277,9800,0.0,0.0
2006-10-19 00:00:00-04:00,15.046670714052063,15.47982075599434,14.826543839712592,15.280998229980469,15600,0.0,0.0
2006-10-20 00:00:00-04:00,15.451421678329861,15.49402632166621,15.117682822503621,15.444320678710938,18400,0.0,0.0
2006-10-23 00:00:00-04:00,15.316504626152264,15.536630185790106,15.117682064302778,15.465622901916504,9800,0.0,0.0
2006-10-24 00:00:00-04:00,15.47982170566836,15.47982170566836,15.103478270124105,15.408814430236816,11400,0.0,0.0
2006-10-25 00:00:00-04:00,15.593429565429688,15.678640162533107,15.380405104235882,15.593429565429688,10800,0.0,0.0
2006-10-26 00:00:00-04:00,15.69285084183978,15.998187065124512,15.501127908003705,15.998187065124512,17000,0.0,0.0
2006-10-27 00:00:00-04:00,15.856167997935675,15.976882273734532,15.394613892014318,15.486924171447754,10500,0.0,0.0
2006-10-30 00:00:00-05:00,15.486919271328679,16.04078483581543,15.29519777403185,16.04078483581543,21800,0.0,0.0
2006-10-31 00:00:00-05:00,16.12600099997132,16.140202999746712,15.834866776461979,15.998187065124512,30200,0.0,0.0
2006-11-01 00:00:00-05:00,16.14019235576681,16.14019235576681,15.323596868483714,15.437210083007812,25400,0.0,0.0
2006-11-02 00:00:00-05:00,15.288098587876362,15.699946973003398,14.975661461594079,14.996964454650879,21400,0.0,0.0
2006-11-03 00:00:00-05:00,15.018266421779328,15.359106191881331,14.933057156442255,15.245492935180664,15500,0.0,0.0
2006-11-06 00:00:00-05:00,15.352006648049723,15.863266306520734,15.323602656501793,15.707048416137695,10200,0.0,0.0
2006-11-07 00:00:00-05:00,15.643143053451263,15.88457159904145,15.096378326416016,15.096378326416016,14000,0.0,0.0
2006-11-08 00:00:00-05:00,15.082172259379613,15.806457700736182,14.996963004147482,15.763853073120117,14800,0.0,0.0
2006-11-09 00:00:00-05:00,15.621839565533467,15.721250838458944,15.19578912468897,15.366209030151367,38000,0.0,0.0
2006-11-10 00:00:00-05:00,15.5650282082802,15.692843437194824,15.316498746988055,15.692843437194824,7600,0.0,0.0
2006-11-13 00:00:00-05:00,15.785160149039983,15.934278428644896,15.67154686666346,15.927177429199219,14600,0.0,0.0
2006-11-14 00:00:00-05:00,15.83486718588406,16.168607417348678,15.50822930886802,16.133102416992188,31400,0.0,0.0
2006-11-15 00:00:00-05:00,16.275115569053256,16.552047729492188,15.905871785550058,16.552047729492188,37200,0.0,0.0
2006-11-16 00:00:00-05:00,16.587549202754953,16.615951835412922,16.260910123740096,16.52364158630371,17900,0.0,0.0
2006-11-17 00:00:00-05:00,16.523643247703045,16.587550870579992,16.310617386654297,16.4952392578125,25800,0.0,0.0
2006-11-20 00:00:00-05:00,16.523645355899024,16.523645355899024,16.14019956971479,16.388729095458984,23400,0.0,0.0
2006-11-21 00:00:00-05:00,16.530746149666147,16.6372584152733,16.324821262365635,16.55914878845215,13700,0.0,0.0
2006-11-22 00:00:00-05:00,16.637258629090994,16.637258629090994,16.260913841106966,16.32482147216797,12400,0.0,0.0
2006-11-24 00:00:00-05:00,16.253814770685622,16.488142327578622,16.22541212816559,16.459739685058594,16300,0.0,0.0
2006-11-27 00:00:00-05:00,16.331923182148625,16.331923182148625,15.316503393688627,15.366209030151367,23700,0.0,0.0
2006-11-28 00:00:00-05:00,15.352003034789906,15.501119892189696,15.231288807876318,15.344902038574219,32400,0.0,0.0
2006-11-29 00:00:00-05:00,15.515325482075308,15.763854989743356,15.373308233585893,15.572132110595703,18700,0.0,0.0
2006-11-30 00:00:00-05:00,15.657343136320929,15.657343136320929,14.819445610046387,14.819445610046387,153000,0.0,0.0
2006-12-01 00:00:00-05:00,14.840741314395347,15.011161150935479,14.769732710576175,14.982758522033691,58400,0.0,0.0
2006-12-04 00:00:00-05:00,15.067969259935325,15.501120567321777,15.04666762473704,15.501120567321777,44600,0.0,0.0
2006-12-05 00:00:00-05:00,15.614732792124144,15.728346020415401,15.373304343411096,15.557926177978516,22600,0.0,0.0
2006-12-06 00:00:00-05:00,15.657345192986309,15.66444619257948,15.49402626547495,15.636043548583984,22900,0.0,0.0
2006-12-07 00:00:00-05:00,15.63603859849126,15.834861106647601,15.54372698738145,15.74255084991455,23400,0.0,0.0
2006-12-08 00:00:00-05:00,15.607633658201037,15.82065950244558,15.39460916833317,15.678642272949219,9600,0.0,0.0
2006-12-11 00:00:00-05:00,15.692847973726968,15.692847973726968,15.47982207916161,15.600536346435547,10000,0.0,0.0
2006-12-12 00:00:00-05:00,15.636041520659836,15.72835179464445,15.557931889642614,15.62183952331543,6300,0.0,0.0
2006-12-13 00:00:00-05:00,15.763857455394078,15.8561677332868,15.600537187773003,15.849066734313965,28100,0.0,0.0
2006-12-14 00:00:00-05:00,15.834865909015836,16.019487832850483,15.827766263894308,15.94137954711914,18600,0.0,0.0
2006-12-15 00:00:00-05:00,15.97687642779124,15.97687642779124,15.806456575086658,15.87036418914795,39900,0.0,0.0
2006-12-18 00:00:00-05:00,15.870357662811095,15.877458656384066,15.415903554773243,15.586324691772461,24100,0.0,0.0
2006-12-19 00:00:00-05:00,15.479827829421264,15.834869764539894,15.451425178888075,15.813568115234375,12600,0.0,0.0
2006-12-20 00:00:00-05:00,15.813562073036755,15.91297334348516,15.74255344226919,15.905872344970703,11300,0.0,0.0
2006-12-21 00:00:00-05:00,15.763853188516999,15.856163441423664,15.458517087217198,15.650239944458008,18000,0.0,0.0
2006-12-22 00:00:00-05:00,15.508219782183904,15.636034996195953,15.352001939711649,15.515320777893066,25000,0.0,0.0
2006-12-26 00:00:00-05:00,15.657335451635932,15.721243053836597,15.444311013884613,15.614730834960938,22000,0.0,0.0
2006-12-27 00:00:00-05:00,15.500127489939382,15.851100647822454,15.478640201734256,15.815287590026855,35500,0.19,0.0
2006-12-28 00:00:00-05:00,15.664879329321991,16.03017708233545,15.607577587066812,15.93706226348877,16900,0.0,0.0
2006-12-29 00:00:00-05:00,15.937056425729992,16.051659868261,15.571757440344598,15.64338493347168,29300,0.0,0.0
2007-01-03 00:00:00-05:00,15.722177789175314,16.116127014160156,15.722177789175314,16.116127014160156,54200,0.0,0.0
2007-01-04 00:00:00-05:00,16.015848585003717,16.123289153546324,15.786641674464573,16.05882453918457,16900,0.0,0.0
2007-01-05 00:00:00-05:00,15.951386685569656,15.951386685569656,15.449995458792722,15.492971420288086,33500,0.0,0.0
2007-01-08 00:00:00-05:00,15.64338361148848,15.715011098562501,15.407013860470688,15.471478462219238,32500,0.0,0.0
2007-01-09 00:00:00-05:00,15.464316883744376,15.707849540667972,15.449991111882799,15.64338493347168,42000,0.0,0.0
2007-01-10 00:00:00-05:00,15.521624026430077,15.643390397422648,15.49297247269946,15.564599990844727,18900,0.0,0.0
2007-01-11 00:00:00-05:00,15.62190152910132,15.915573120117188,15.478647860853798,15.915573120117188,15400,0.0,0.0
2007-01-12 00:00:00-05:00,15.879755812455961,15.879755812455961,15.614734479248446,15.87259292602539,10300,0.0,0.0
2007-01-16 00:00:00-05:00,15.872592539016184,15.879755425272107,15.643385643550094,15.765151977539062,12400,0.0,0.0
2007-01-17 00:00:00-05:00,15.643384933471678,15.822452983198982,15.571757440344598,15.64338493347168,20500,0.0,0.0
2007-01-18 00:00:00-05:00,15.65054908220191,15.686362148564708,15.578921583295406,15.614734649658203,14000,0.0,0.0
2007-01-19 00:00:00-05:00,15.743667228999135,15.872596481265964,15.184975624084473,15.184975624084473,12300,0.0,0.0
2007-01-22 00:00:00-05:00,15.48580554153674,15.822452983198982,15.428503820271235,15.64338493347168,17800,0.0,0.0
2007-01-23 00:00:00-05:00,15.507294344145665,16.044498545671594,15.507294344145665,15.95854663848877,11800,0.0,0.0
2007-01-24 00:00:00-05:00,16.044499509749908,16.159102970333898,15.793803927404547,16.116127014160156,11000,0.0,0.0
2007-01-25 00:00:00-05:00,16.116129447673927,16.116129447673927,15.45715876672179,15.578925132751465,29100,0.0,0.0
2007-01-26 00:00:00-05:00,15.521618175305292,15.972869047005995,15.464316455626141,15.822452545166016,13000,0.0,0.0
2007-01-29 00:00:00-05:00,15.815292588581926,16.137615675337535,15.693526240938809,16.116127014160156,23600,0.0,0.0
2007-01-30 00:00:00-05:00,16.015848077067954,17.620297766138485,15.937057691751068,17.36960220336914,181100,0.0,0.0
2007-01-31 00:00:00-05:00,17.19769669265695,19.138793812517715,16.825234798970463,18.264942169189453,553700,0.0,0.0
2007-02-01 00:00:00-05:00,18.350899253192797,18.436851175026298,17.19053737899118,17.61313819885254,86600,0.0,0.0
2007-02-02 00:00:00-05:00,17.620296007099995,17.906804607585205,17.355274697788197,17.863828659057617,43800,0.0,0.0
2007-02-05 00:00:00-05:00,17.878161600361086,17.906813157179656,17.12607599423211,17.204866409301758,47900,0.0,0.0
2007-02-06 00:00:00-05:00,17.290811045267596,17.326625476165923,16.839560145395424,17.154720306396484,21300,0.0,0.0
2007-02-07 00:00:00-05:00,17.212019098879974,17.548666494916617,17.154717385380533,17.46271324157715,17100,0.0,0.0
2007-02-08 00:00:00-05:00,17.39825624435649,17.699089323403427,17.333791622794685,17.62030029296875,25800,0.0,0.0
2007-02-09 00:00:00-05:00,17.548672841900668,17.74206670722549,17.25500128322866,17.398256301879883,43400,0.0,0.0
2007-02-12 00:00:00-05:00,17.391089864837333,17.391089864837333,17.032953757485352,17.169044494628906,35800,0.0,0.0
2007-02-13 00:00:00-05:00,17.12607172395279,17.383930206298828,17.05444421594766,17.383930206298828,16500,0.0,0.0
2007-02-14 00:00:00-05:00,17.326630995188097,17.39109562515805,17.004307845338328,17.07593536376953,44400,0.0,0.0
2007-02-15 00:00:00-05:00,17.204861299212503,17.204861299212503,16.789423412004172,16.832399368286133,25400,0.0,0.0
2007-02-16 00:00:00-05:00,16.839561274136933,16.839561274136933,16.295194183621494,16.6318416595459,43800,0.0,0.0
2007-02-20 00:00:00-05:00,16.567373157611886,16.904021920709535,16.409793786621478,16.825231552124023,15500,0.0,0.0
2007-02-21 00:00:00-05:00,16.681987967619307,16.9326822614989,16.65333641050082,16.918357849121094,31900,0.0,0.0
2007-02-22 00:00:00-05:00,16.832400687952667,17.169048209886515,16.69630855517893,17.140398025512695,34000,0.0,0.0
2007-02-23 00:00:00-05:00,17.190530510606862,17.190530510606862,16.875370402048496,17.04727554321289,27300,0.0,0.0
2007-02-26 00:00:00-05:00,17.08309137356866,17.161880382554717,16.617514740506437,16.91118621826172,33600,0.0,0.0
2007-02-27 00:00:00-05:00,16.624676412990276,16.81090734116621,15.879754066467283,15.879754066467285,39800,0.0,0.0
2007-02-28 00:00:00-05:00,15.937062580789657,16.352500561956248,15.85827217130211,15.908411026000977,38400,0.0,0.0
2007-03-01 00:00:00-05:00,16.416960121399296,16.416960121399296,15.543108463074443,15.944220542907715,69000,0.0,0.0
2007-03-02 00:00:00-05:00,15.800968663042342,15.915572137033964,15.664877891540527,15.664877891540527,39600,0.0,0.0
2007-03-05 00:00:00-05:00,15.57175672019367,15.79380070905598,15.28524812711638,15.29957389831543,21600,0.0,0.0
2007-03-06 00:00:00-05:00,15.220792296700271,15.937064875368518,15.220792296700271,15.901251792907715,33800,0.0,0.0
2007-03-07 00:00:00-05:00,15.858269750669779,15.865432638273594,15.421344536285988,15.4356689453125,25200,0.0,0.0
2007-03-08 00:00:00-05:00,15.528787676698462,15.75083176427903,15.45716015503918,15.464323043823242,41200,0.0,0.0
2007-03-09 00:00:00-05:00,15.614733389748526,15.772314147864265,15.36403921307494,15.64338493347168,30500,0.0,0.0
2007-03-12 00:00:00-04:00,15.500130650793357,15.858266766504338,15.471480471950526,15.765151977539062,22700,0.0,0.0
2007-03-13 00:00:00-04:00,15.621899006713642,15.736502469279731,15.120509199532258,15.213624000549316,48000,0.0,0.0
2007-03-14 00:00:00-04:00,15.235106906912703,15.278082847595217,15.013061586661923,15.278082847595215,11300,0.0,0.0
2007-03-15 00:00:00-04:00,15.292412979639664,15.392690658569336,15.220785480612365,15.392690658569336,14800,0.0,0.0
2007-03-16 00:00:00-04:00,15.385531024338475,15.385531024338475,15.0632092598526,15.184975624084473,89200,0.0,0.0
2007-03-19 00:00:00-04:00,15.356875157626073,15.757987175937524,15.328223616084907,15.543106079101562,21400,0.0,0.0
2007-03-20 00:00:00-04:00,15.507292833148304,15.707849540667972,15.500129947217516,15.64338493347168,7300,0.0,0.0
2007-03-21 00:00:00-04:00,15.643384182250971,16.044496211847456,15.442827484362363,16.030170440673828,15400,0.0,0.0
2007-03-22 00:00:00-04:00,16.13045505748924,16.26654583221466,15.929898290162688,16.223569869995117,17000,0.0,0.0
2007-03-23 00:00:00-04:00,16.27370792422864,16.27370792422864,16.1376171561603,16.230731964111328,4100,0.0,0.0
2007-03-26 00:00:00-04:00,16.237891292005674,16.237891292005674,15.643385403688308,15.886918067932129,46100,0.0,0.0
2007-03-27 00:00:00-04:00,15.772316336263572,15.836780952404292,15.50729498477606,15.679200172424316,18100,0.0,0.0
2007-03-28 00:00:00-04:00,15.67198070736927,15.888743369410518,15.3540609419845,15.368512153625488,13400,0.19,0.0
2007-03-29 00:00:00-04:00,15.505787781828735,15.54914139788466,15.245672976207148,15.476886749267578,24900,0.0,0.0
2007-03-30 00:00:00-04:00,15.476883284971835,15.520235513181143,15.223992760489642,15.447980880737305,22000,0.0,0.0
2007-04-02 00:00:00-04:00,15.51301718175419,15.556370808422143,15.093941770965909,15.158970832824707,22100,0.0,0.0
2007-04-03 00:00:00-04:00,15.26735084714859,15.643073977516563,15.26735084714859,15.469663619995117,19700,0.0,0.0
2007-04-04 00:00:00-04:00,15.433534689456403,15.592493815734127,15.382956848283618,15.462435722351074,17200,0.0,0.0
2007-04-05 00:00:00-04:00,15.541915795208674,15.563592603236637,15.404632100650495,15.476886749267578,8100,0.0,0.0
2007-04-09 00:00:00-04:00,15.462434581116446,15.53468922523445,14.88440018445783,15.007232666015625,22800,0.0,0.0
2007-04-10 00:00:00-04:00,14.942200903172003,15.317923881652886,14.942200903172003,15.18064022064209,9900,0.0,0.0
2007-04-11 00:00:00-04:00,15.20954851895611,15.223999727686907,14.942208048151935,15.028912544250488,31700,0.0,0.0
2007-04-12 00:00:00-04:00,15.028907071307785,15.195093154907227,14.920525801581274,15.195093154907227,25400,0.0,0.0
2007-04-13 00:00:00-04:00,15.144520550765288,15.469665879957848,15.036139233748841,15.303481101989746,19700,0.0,0.0
2007-04-16 00:00:00-04:00,15.404633910086808,15.585269863775713,15.31792942407619,15.556368827819824,24200,0.0,0.0
2007-04-17 00:00:00-04:00,15.570819317346873,15.570819317346873,15.382959130305903,15.469663619995117,10300,0.0,0.0
2007-04-18 00:00:00-04:00,15.570818310605604,15.657524172831812,15.079489685133519,15.187870979309082,28300,0.0,0.0
2007-04-19 00:00:00-04:00,15.028912544250488,15.195098688368429,14.869953382641063,15.028912544250488,13200,0.0,0.0
2007-04-20 00:00:00-04:00,15.368508015310013,15.563595185501576,15.274576543080139,15.390183448791504,26700,0.0,0.0
2007-04-23 00:00:00-04:00,15.24567709589033,15.325155990517374,15.000012051094375,15.166196823120117,11400,0.0,0.0
2007-04-24 00:00:00-04:00,15.195099603582394,15.31793212890625,15.000012408395703,15.31793212890625,9700,0.0,0.0
2007-04-25 00:00:00-04:00,15.007233773653203,15.599719418493498,15.007233773653203,15.462435722351074,25300,0.0,0.0
2007-04-26 00:00:00-04:00,15.44075828048912,15.44075828048912,15.043358449356537,15.072260856628418,22600,0.0,0.0
2007-04-27 00:00:00-04:00,15.028910364610631,15.317928984737808,14.920529071134398,14.97833251953125,46500,0.0,0.0
2007-04-30 00:00:00-04:00,14.898855058100786,15.339605877294643,14.884403850089697,15.050588607788086,60200,0.0,0.0
2007-05-01 00:00:00-04:00,15.000010639816683,15.173421000155582,14.862726921078082,15.093940734863281,26500,0.0,0.0
2007-05-02 00:00:00-04:00,15.093943926208324,15.296256745117326,15.014465022254665,15.209550857543945,19700,0.0,0.0
2007-05-03 00:00:00-04:00,15.13729176664229,15.24567305102842,15.028909104113357,15.144515991210938,11500,0.0,0.0
2007-05-04 00:00:00-04:00,15.144523940503342,15.216778627401188,14.91331004494505,15.08672046661377,17300,0.0,0.0
2007-05-07 00:00:00-04:00,15.079491023810265,15.079491023810265,14.884403850089697,15.050588607788086,22200,0.0,0.0
2007-05-08 00:00:00-04:00,14.913303309906395,14.934980119629282,14.703766328490099,14.88440227508545,45600,0.0,0.0
2007-05-09 00:00:00-04:00,14.638737835002882,14.956657498999165,14.609835420938241,14.877177238464355,9500,0.0,0.0
2007-05-10 00:00:00-04:00,14.761571577028958,14.797698219497931,14.270241521849723,14.393074035644531,34500,0.0,0.0
2007-05-11 00:00:00-04:00,14.443647872159952,14.768793076588196,14.443647872159952,14.624283790588379,10000,0.0,0.0
2007-05-14 00:00:00-04:00,14.573709829901086,14.645964492117576,14.21966350099764,14.263015747070312,26500,0.0,0.0
2007-05-15 00:00:00-04:00,14.277466117538737,14.37862181182158,14.024575503688656,14.075153350830078,44500,0.0,0.0
2007-05-16 00:00:00-04:00,14.147405812157807,14.378619579271447,13.872839808246049,14.02457332611084,18200,0.0,0.0
2007-05-17 00:00:00-04:00,14.017345982156591,14.118503026308495,13.569369708564546,13.684976577758789,40000,0.0,0.0
2007-05-18 00:00:00-04:00,13.764459002997386,13.923419522905775,13.547696411667879,13.63440227508545,41800,0.0,0.0
2007-05-21 00:00:00-04:00,13.721104364155105,13.973994928637584,13.43931276900924,13.923417091369629,33200,0.0,0.0
2007-05-22 00:00:00-04:00,13.937871130668741,14.190760368444971,13.728332758633595,14.176310539245605,34700,0.0,0.0
2007-05-23 00:00:00-04:00,14.15463327454268,14.335269226103314,13.836713613915942,13.995674133300781,26700,0.0,0.0
2007-05-24 00:00:00-04:00,13.952319650580518,13.98844766554614,13.55492113295867,13.663302421569824,25300,0.0,0.0
2007-05-25 00:00:00-04:00,13.72833290893605,14.161859486952103,13.72833290893605,14.125731468200684,37400,0.0,0.0
2007-05-29 00:00:00-04:00,14.205212628530072,14.205212628530072,13.800588439958577,14.096831321716309,24800,0.0,0.0
2007-05-30 00:00:00-04:00,13.952318788848237,14.212434967963823,13.72833062246691,13.981221199035645,60900,0.0,0.0
2007-05-31 00:00:00-04:00,13.98122402757704,14.104056539438227,13.822263495672535,14.089605331420898,44300,0.0,0.0
2007-06-01 00:00:00-04:00,14.12572997734978,14.508678666839861,13.937869812241436,14.169083595275879,30700,0.0,0.0
2007-06-04 00:00:00-04:00,14.06792754227254,14.197985649108885,13.945095038942986,14.197985649108887,18000,0.0,0.0
2007-06-05 00:00:00-04:00,14.096832113555712,14.104057718168248,13.829490255464567,13.966773986816406,36700,0.0,0.0
2007-06-06 00:00:00-04:00,13.815035814632196,13.923417091369629,13.728329966356627,13.923417091369629,21200,0.0,0.0
2007-06-07 00:00:00-04:00,13.829491094984022,13.894520162301264,13.627179666124375,13.7283353805542,22700,0.0,0.0
2007-06-08 00:00:00-04:00,13.670526494283319,13.916191455978371,13.576596422172953,13.887289047241211,15900,0.0,0.0
2007-06-11 00:00:00-04:00,13.750009780564332,13.966772381452682,13.692206328451238,13.764459609985352,14700,0.0,0.0
2007-06-12 00:00:00-04:00,13.692205969884382,13.836713907311289,13.554922257907297,13.648852348327637,35200,0.0,0.0
2007-06-13 00:00:00-04:00,13.706657491731688,13.90897028288703,13.410414598555416,13.771686553955078,25800,0.0,0.0
2007-06-14 00:00:00-04:00,13.815039105269147,13.815039105269147,13.446541574074411,13.569374084472656,21400,0.0,0.0
2007-06-15 00:00:00-04:00,13.9306459179293,14.111281880348878,13.728333143887886,13.89451789855957,71600,0.0,0.0
2007-06-18 00:00:00-04:00,13.872839640585214,14.039024361421866,13.728330348814282,13.930643081665039,13800,0.0,0.0
2007-06-19 00:00:00-04:00,13.894514977970308,14.27023803158139,13.735555860585343,14.226885795593262,30300,0.0,0.0
2007-06-20 00:00:00-04:00,14.270243356102391,14.270243356102391,13.721109775503033,13.7283353805542,30000,0.0,0.0
2007-06-21 00:00:00-04:00,13.583824116089717,13.988449672911987,13.583824116089717,13.836714744567871,27400,0.0,0.0
2007-06-22 00:00:00-04:00,13.77890881023001,13.836712253922265,13.46821478358059,13.69942855834961,138500,0.0,0.0
2007-06-25 00:00:00-04:00,13.699429901897497,14.306366809261862,13.591048606613063,13.851164817810059,51500,0.0,0.0
2007-06-26 00:00:00-04:00,13.945098155783604,14.125734149398124,13.778913372412628,13.822265625,22900,0.0,0.0
2007-06-27 00:00:00-04:00,13.603320920703467,14.289325714111328,13.603320920703467,14.289325714111328,21000,0.19,0.0
2007-06-28 00:00:00-04:00,14.267445317535998,14.333126765399353,14.121487627148852,14.187169075012207,9400,0.0,0.0
2007-06-29 00:00:00-04:00,14.267430698211752,14.303921127394833,13.625214456232515,13.669001579284668,44000,0.0,0.0
2007-07-02 00:00:00-04:00,13.7638767197852,13.90983427563699,13.676301072699976,13.741982460021973,21700,0.0,0.0
2007-07-03 00:00:00-04:00,13.552239823618253,13.800369262695312,13.552239823618253,13.800369262695312,3700,0.0,0.0
2007-07-05 00:00:00-04:00,13.829561370026392,13.829561370026392,13.596026720021989,13.749283790588379,7200,0.0,0.0
2007-07-06 00:00:00-04:00,13.72009119104933,13.76387972012108,13.654409789409694,13.698198318481445,4900,0.0,0.0
2007-07-09 00:00:00-04:00,13.698197568138596,13.763878966180418,13.471961022897695,13.508451461791992,15300,0.0,0.0
2007-07-10 00:00:00-04:00,13.362495670860524,13.559539911888946,13.128962374220134,13.172749519348145,35000,0.0,0.0
2007-07-11 00:00:00-04:00,13.114364624023438,13.231131258354422,13.034088432900935,13.114364624023438,18100,0.0,0.0
2007-07-12 00:00:00-04:00,13.223827717787692,13.347892376551638,13.107059751921016,13.340594291687012,13500,0.0,0.0
2007-07-13 00:00:00-04:00,13.282218743356326,13.282218743356326,12.785959819165212,13.019493103027344,57200,0.0,0.0
2007-07-16 00:00:00-04:00,12.953804216355975,13.114357908351852,12.77865435455119,12.975698471069336,32000,0.0,0.0
2007-07-17 00:00:00-04:00,12.953808337718074,12.983000686623678,12.837041726031279,12.880828857421875,21400,0.0,0.0
2007-07-18 00:00:00-04:00,12.837040164822977,13.041382406407186,12.771358779741183,13.03408432006836,35500,0.0,0.0
2007-07-19 00:00:00-04:00,13.085174802863438,13.085174802863438,12.77136392373671,12.895428657531738,18900,0.0,0.0
2007-07-20 00:00:00-04:00,12.866232549063923,12.880828723364816,12.318888540490622,12.399166107177734,57100,0.0,0.0
2007-07-23 00:00:00-04:00,12.406471785532553,12.618112266489529,12.369982719421387,12.369982719421387,38400,0.0,0.0
2007-07-24 00:00:00-04:00,12.23131440121878,12.348081012860712,11.968588829040527,11.968588829040527,46800,0.0,0.0
2007-07-25 00:00:00-04:00,12.924616986197417,12.924616986197417,11.997782108406172,12.355380058288574,60700,0.0,0.0
2007-07-26 00:00:00-04:00,12.121848126306721,12.778660786672242,12.070762898229235,12.362679481506348,44800,0.0,0.0
2007-07-27 00:00:00-04:00,12.296998023986816,12.705681238837077,12.296998023986816,12.296998023986816,43600,0.0,0.0
2007-07-30 00:00:00-04:00,12.391871035161062,13.019492763131545,12.304296751983122,12.837044715881348,44900,0.0,0.0
2007-07-31 00:00:00-04:00,12.939211169696584,13.479257055271228,12.618103708198818,13.201936721801758,98100,0.0,0.0
2007-08-01 00:00:00-04:00,13.085170877225035,13.326002183285775,12.91731905008496,13.216533660888672,33600,0.0,0.0
2007-08-02 00:00:00-04:00,13.238422567792831,13.238422567792831,12.756760099837829,12.975698471069336,26400,0.0,0.0
2007-08-03 00:00:00-04:00,12.997594033473339,13.136254891523699,12.07805602403056,12.136439323425293,43300,0.0,0.0
2007-08-06 00:00:00-04:00,12.172935035976748,12.712981137634426,12.034274117777208,12.581618309020996,46100,0.0,0.0
2007-08-07 00:00:00-04:00,12.486742460519114,12.691083344307543,12.063463125855815,12.523231506347656,48300,0.0,0.0
2007-08-08 00:00:00-04:00,12.683780890666577,13.28221133682186,12.515929110485564,12.990293502807617,53800,0.0,0.0
2007-08-09 00:00:00-04:00,12.712980601478357,13.114365768008515,12.515936366868337,12.895428657531738,30200,0.0,0.0
2007-08-10 00:00:00-04:00,12.983002640365017,14.10688179496882,12.87353270746328,13.99011516571045,74500,0.0,0.0
2007-08-13 00:00:00-04:00,13.990111474877791,14.084983814133249,13.654406460348739,13.946324348449707,37400,0.0,0.0
2007-08-14 00:00:00-04:00,13.939025388393947,14.004706769903187,13.654405604531387,13.690896034240723,18800,0.0,0.0
2007-08-15 00:00:00-04:00,13.67630405394557,14.114179600887143,13.654409789409694,13.698198318481445,21400,0.0,0.0
2007-08-16 00:00:00-04:00,13.734686168440708,15.32563306133193,13.734686168440708,14.9388427734375,101400,0.0,0.0
2007-08-17 00:00:00-04:00,15.325629651912074,15.602949956957138,14.646922973184015,15.186968803405762,81200,0.0,0.0
2007-08-20 00:00:00-04:00,15.22346439682318,15.22346439682318,14.47177799590955,14.778290748596191,19300,0.0,0.0
2007-08-21 00:00:00-04:00,14.668822341853808,15.062909374959206,14.59584284921413,14.734503746032715,12600,0.0,0.0
2007-08-22 00:00:00-04:00,14.741798589174593,14.887756150354223,14.471774943442284,14.727202415466309,20100,0.0,0.0
2007-08-23 00:00:00-04:00,14.741808571791301,14.741808571791301,14.303932807803392,14.325825691223145,15900,0.0,0.0
2007-08-24 00:00:00-04:00,14.435290529178568,14.668823815512313,14.041202064514232,14.66152572631836,20500,0.0,0.0
2007-08-27 00:00:00-04:00,14.646926820911865,14.705310131625284,14.157966071699024,14.581245422363281,30200,0.0,0.0
2007-08-28 00:00:00-04:00,14.449879435135458,14.566646030783483,14.172559118463303,14.289325714111328,18200,0.0,0.0
2007-08-29 00:00:00-04:00,14.340422728742176,14.573956112250253,13.917143123141598,14.566658020019531,21400,0.0,0.0
2007-08-30 00:00:00-04:00,14.34041390474622,14.595841407775879,14.34041390474622,14.595841407775879,13100,0.0,0.0
2007-08-31 00:00:00-04:00,14.51556644104538,14.581247850531678,14.13607555419673,14.267436981201172,16500,0.0,0.0
2007-09-04 00:00:00-04:00,14.150667811434142,14.537458110177342,14.012008320159334,14.42069149017334,22500,0.0,0.0
2007-09-05 00:00:00-04:00,14.296627525731322,14.537458866006833,13.968220519915633,13.982816696166992,18900,0.0,0.0
2007-09-06 00:00:00-04:00,13.997411405398154,14.048496624955867,13.939028098479648,14.019304275512695,9100,0.0,0.0
2007-09-07 00:00:00-04:00,13.866048687050906,14.041198608693302,13.632515458194376,13.734685897827148,21200,0.0,0.0
2007-09-10 00:00:00-04:00,13.712794303910448,13.749283352327533,13.428174436778896,13.67630386352539,22800,0.0,0.0
2007-09-11 00:00:00-04:00,13.720093525800408,13.99011726648757,13.661710202404295,13.975521087646484,11100,0.0,0.0
2007-09-12 00:00:00-04:00,13.909833348411969,13.909833348411969,13.515746442717386,13.596022605895996,12200,0.0,0.0
2007-09-13 00:00:00-04:00,13.632522386207174,13.86605573374475,13.391690947562982,13.64711856842041,22600,0.0,0.0
2007-09-14 00:00:00-04:00,13.559536876308979,13.559536876308979,13.362492679392934,13.530345916748047,16400,0.0,0.0
2007-09-17 00:00:00-04:00,13.544942564456283,13.544942564456283,13.326005465733715,13.428175926208496,9000,0.0,0.0
2007-09-18 00:00:00-04:00,13.36249171376938,14.960736653313361,13.274917449447093,14.931544303894043,52700,0.0,0.0
2007-09-19 00:00:00-04:00,15.033719968802767,15.30374230995356,14.625036716484486,15.208869934082031,57400,0.0,0.0
2007-09-20 00:00:00-04:00,15.135889190512005,15.21616677332512,14.982633505470321,15.09210205078125,21600,0.0,0.0
2007-09-21 00:00:00-04:00,15.121294349815425,15.194273850462558,15.011825794828823,15.099401473999023,61000,0.0,0.0
2007-09-24 00:00:00-04:00,15.062907790757182,15.099398229223256,14.858566903218751,15.055609703063965,16600,0.0,0.0
2007-09-25 00:00:00-04:00,14.931545621028725,15.216165485102499,14.749097596967466,15.150484085083008,16400,0.0,0.0
2007-09-26 00:00:00-04:00,15.113652158799967,15.393533981818612,14.944249965793295,15.28305435180664,22500,0.19,0.0
2007-09-27 00:00:00-04:00,15.209405778886197,15.43036651611328,15.209405778886197,15.430366516113281,9800,0.0,0.0
2007-09-28 00:00:00-04:00,15.393538434891399,15.408269431107664,14.936888790788156,15.010540962219238,23200,0.0,0.0
2007-10-01 00:00:00-04:00,14.85586836190616,15.459825103454676,14.85586836190616,15.445094108581543,28700,0.0,0.0
2007-10-02 00:00:00-04:00,15.452459989221582,15.688150293736589,15.341980334583303,15.562939643859863,34100,0.0,0.0
2007-10-03 00:00:00-04:00,15.445095573926487,15.445095573926487,15.05473400652808,15.098925590515137,20500,0.0,0.0
2007-10-04 00:00:00-04:00,15.187309265136719,15.202038855711212,14.907425971845694,15.187309265136719,5800,0.0,0.0
2007-10-05 00:00:00-04:00,15.312525778496747,15.710252972771352,15.238872178127203,15.577676773071289,28500,0.0,0.0
2007-10-08 00:00:00-04:00,15.511382734976268,15.555575721174879,15.017905627692132,15.187309265136719,14800,0.0,0.0
2007-10-09 00:00:00-04:00,15.216770972426186,15.577671957359172,15.010541236110846,15.54084587097168,12400,0.0,0.0
2007-10-10 00:00:00-04:00,15.467192293371546,15.54084587097168,15.290424550026318,15.54084587097168,16900,0.0,0.0
2007-10-11 00:00:00-04:00,15.599776506401431,15.673430122029632,15.349355056161066,15.46720027923584,16400,0.0,0.0
2007-10-12 00:00:00-04:00,15.349351876268727,15.57767677307129,15.341986375749215,15.577676773071289,3700,0.0,0.0
2007-10-15 00:00:00-04:00,15.555580086571231,15.555580086571231,14.863238561575168,15.238870620727539,30000,0.0,0.0
2007-10-16 00:00:00-04:00,15.098927317220753,15.312522573097574,14.988447642206147,15.04000473022461,9100,0.0,0.0
2007-10-17 00:00:00-04:00,15.246232743572165,15.246232743572165,14.98844592813493,15.098925590515137,29500,0.0,0.0
2007-10-18 00:00:00-04:00,14.92952464860753,15.084195908450482,14.922159149830447,15.025273323059082,11900,0.0,0.0
2007-10-19 00:00:00-04:00,15.025275873462936,15.025275873462936,13.839458465576172,13.839458465576172,38000,0.0,0.0
2007-10-22 00:00:00-04:00,13.979394613915085,14.458140735384081,13.817357875751368,14.43604564666748,17000,0.0,0.0
2007-10-23 00:00:00-04:00,14.575985261179696,14.575985261179696,13.994123655907599,14.207718849182129,16100,0.0,0.0
2007-10-24 00:00:00-04:00,14.016226282384705,14.192994068949913,13.478556017820186,13.64795970916748,15400,0.0,0.0
2007-10-25 00:00:00-04:00,13.79526008379781,14.185623004009244,13.552204297016146,13.868913650512695,21300,0.0,0.0
2007-10-26 00:00:00-04:00,14.038320370957091,14.450779914855957,13.92784068787987,14.450779914855957,17000,0.0,0.0
2007-10-29 00:00:00-04:00,14.561259365080975,14.87796881504306,14.413952186783373,14.49497127532959,21500,0.0,0.0
2007-10-30 00:00:00-04:00,14.436048466048627,14.436048466048627,13.478554631285633,13.544842720031738,48800,0.0,0.0
2007-10-31 00:00:00-04:00,13.618493072933086,13.994125018319615,13.25759212261858,13.323880195617676,84900,0.0,0.0
2007-11-01 00:00:00-04:00,13.257593701858593,13.38280436523582,12.535791715248779,12.565252304077148,79400,0.0,0.0
2007-11-02 00:00:00-04:00,12.837773494036252,13.618498267949587,12.535795003989806,12.668371200561523,36900,0.0,0.0
2007-11-05 00:00:00-05:00,12.57261911494636,12.76411787920945,12.381120350683267,12.683098793029785,36100,0.0,0.0
2007-11-06 00:00:00-05:00,12.712561781769192,12.800944969202686,12.36639172214138,12.771484375,40100,0.0,0.0
2007-11-07 00:00:00-05:00,12.631543189872003,13.014540763463666,12.440044403076172,12.440044403076172,25600,0.0,0.0
2007-11-08 00:00:00-05:00,12.572619599668602,12.955617142960797,12.432677919460804,12.823040962219238,45700,0.0,0.0
2007-11-09 00:00:00-05:00,12.62417338277169,13.699512141004202,12.528424724453561,13.323880195617676,27900,0.0,0.0
2007-11-12 00:00:00-05:00,13.338613336340694,13.809994015871705,13.132383586633258,13.802628517150879,27800,0.0,0.0
2007-11-13 00:00:00-05:00,13.809994648518751,13.913108825683594,13.743706561819836,13.913108825683594,45800,0.0,0.0
2007-11-14 00:00:00-05:00,13.986760195569056,13.986760195569056,13.485917577557407,13.728973388671875,38700,0.0,0.0
2007-11-15 00:00:00-05:00,13.6405967134481,13.6405967134481,13.235502565641232,13.353347778320312,24100,0.0,0.0
2007-11-16 00:00:00-05:00,13.390173605676376,13.566941402521786,12.985079508683269,13.537479400634766,42100,0.0,0.0
2007-11-19 00:00:00-05:00,13.368074420042841,13.515381590248527,12.933519813243889,13.176575660705566,36500,0.0,0.0
2007-11-20 00:00:00-05:00,13.125020971948699,13.574306658866593,12.778850884955325,13.40490436553955,45900,0.0,0.0
2007-11-21 00:00:00-05:00,13.35334552666792,13.596401412437453,13.35334552666792,13.51538372039795,28200,0.0,0.0
2007-11-23 00:00:00-05:00,13.611135067034667,14.001498222351074,13.58903996709039,14.001498222351074,17800,0.0,0.0
2007-11-26 00:00:00-05:00,13.994131682680361,13.994131682680361,13.478557848230286,13.522750854492188,42700,0.0,0.0
2007-11-27 00:00:00-05:00,13.618494899980305,13.795262650084583,13.50064973324412,13.684782981872559,25600,0.0,0.0
2007-11-28 00:00:00-05:00,13.861549607646909,14.67910161478844,13.603762799511507,14.598082542419434,57000,0.0,0.0
2007-11-29 00:00:00-05:00,14.590717053084349,14.730658704124558,14.296104159966877,14.30346965789795,35900,0.0,0.0
2007-11-30 00:00:00-05:00,14.487601834348897,14.72329213164146,14.075143814086914,14.075143814086914,33000,0.0,0.0
2007-12-03 00:00:00-05:00,14.03095608772624,14.097244184283886,13.500652720090581,13.51538372039795,38300,0.0,0.0
2007-12-04 00:00:00-05:00,13.426995840429072,13.86891590782045,13.426995840429072,13.655322074890137,23500,0.0,0.0
2007-12-05 00:00:00-05:00,13.86891844013834,13.876283939835997,13.50065188420814,13.677419662475586,9700,0.0,0.0
2007-12-06 00:00:00-05:00,13.809992383023406,14.259277918095123,13.684781729224325,14.141432762145996,25800,0.0,0.0
2007-12-07 00:00:00-05:00,14.207727363203286,14.207727363203286,13.891017834324309,13.994132041931152,18800,0.0,0.0
2007-12-10 00:00:00-05:00,13.891014741943218,14.08987761165384,13.574305283569265,13.809995651245117,36900,0.0,0.0
2007-12-11 00:00:00-05:00,13.876278973581424,14.18562282604311,13.125015131199488,13.1544771194458,36400,0.0,0.0
2007-12-12 00:00:00-05:00,13.566942455928409,13.699518665062753,13.191310331656329,13.522750854492188,17500,0.0,0.0
2007-12-13 00:00:00-05:00,13.382801820925678,13.721606254577637,13.257591181353234,13.721606254577637,19500,0.0,0.0
2007-12-14 00:00:00-05:00,13.55220603438035,13.69214768859636,13.066094398498535,13.066094398498535,23300,0.0,0.0
2007-12-17 00:00:00-05:00,13.03663744616494,13.154482638947124,12.999809945404564,13.00717544555664,14700,0.0,0.0
2007-12-18 00:00:00-05:00,13.147121419006933,13.714252471923828,12.889334449060529,13.714252471923828,39900,0.0,0.0
2007-12-19 00:00:00-05:00,13.478555841124779,13.684785625160057,12.889329893631798,13.30915355682373,50500,0.0,0.0
2007-12-20 00:00:00-05:00,13.426993655048323,13.868913650512695,13.228129446365614,13.868913650512695,39900,0.0,0.0
2007-12-21 00:00:00-05:00,14.274011421703845,14.708566080194007,14.21508882757766,14.686470985412598,121300,0.0,0.0
2007-12-24 00:00:00-05:00,14.657008691402211,15.35671571181223,14.222454041644484,15.253600120544434,28500,0.0,0.0
2007-12-26 00:00:00-05:00,15.091567203145136,15.717620791380453,15.062106601547713,15.50402545928955,31200,0.0,0.0
2007-12-27 00:00:00-05:00,15.541183413004125,15.541183413004125,14.545239448547363,14.545239448547363,43000,0.19,0.0
2007-12-28 00:00:00-05:00,14.797940573763883,15.058075424867706,14.351995317246026,14.389158248901367,29900,0.0,0.0
2007-12-31 00:00:00-05:00,14.351994590848637,14.701319042624034,13.571591494656593,14.039833068847656,106000,0.0,0.0
2008-01-02 00:00:00-05:00,13.891191687718239,14.233082285684814,13.266868370228334,13.660785675048828,38300,0.0,0.0
2008-01-03 00:00:00-05:00,13.749968982697084,13.94321196013597,13.08848444203301,13.16280746459961,20900,0.0,0.0
2008-01-04 00:00:00-05:00,13.155377925672848,13.690511409578432,12.828351198920066,12.984431266784668,67200,0.0,0.0
2008-01-07 00:00:00-05:00,13.073624349186494,13.935784787994017,13.073624349186494,13.527002334594727,32100,0.0,0.0
2008-01-08 00:00:00-05:00,13.571596164090797,13.772271801054499,12.902678791833097,12.939840316772461,30700,0.0,0.0
2008-01-09 00:00:00-05:00,12.924969034078908,13.4006445508004,12.850646019309877,13.38577938079834,25300,0.0,0.0
2008-01-10 00:00:00-05:00,13.229704298189999,14.121595080872584,13.103353127603654,14.084433555603027,29500,0.0,0.0
2008-01-11 00:00:00-05:00,14.099286019216203,14.136448932333277,13.586450576782227,13.586450576782227,55900,0.0,0.0
2008-01-14 00:00:00-05:00,13.705372426485985,14.01010130071823,13.660776919802828,13.727668762207031,25400,0.0,0.0
2008-01-15 00:00:00-05:00,13.571599068031803,13.965517837734627,13.43781528143003,13.839166641235352,24000,0.0,0.0
2008-01-16 00:00:00-05:00,13.82429871594148,14.574973155773318,13.720243892790245,14.18848705291748,35400,0.0,0.0
2008-01-17 00:00:00-05:00,14.485777787303572,14.530371883825122,13.972940715633047,14.069562911987305,38100,0.0,0.0
2008-01-18 00:00:00-05:00,14.054698444765979,14.114157715647293,13.378348706883216,13.608753204345703,48200,0.0,0.0
2008-01-22 00:00:00-05:00,13.378348589460337,14.567535414269866,13.378348589460337,14.203347206115723,53600,0.0,0.0
2008-01-23 00:00:00-05:00,13.928348965781582,15.124968528747559,13.83172817076927,15.124968528747559,50900,0.0,0.0
2008-01-24 00:00:00-05:00,15.006047937127217,15.006047937127217,13.83915888023661,14.322265625,29700,0.0,0.0
2008-01-25 00:00:00-05:00,14.77564385132918,14.77564385132918,13.898619867050467,14.024971008300781,30400,0.0,0.0
2008-01-28 00:00:00-05:00,14.188479674327303,14.68645151237392,14.106722659572897,14.314830780029297,17200,0.0,0.0
2008-01-29 00:00:00-05:00,14.470912564631055,14.753345149381596,14.240508079528809,14.240508079528809,29500,0.0,0.0
2008-01-30 00:00:00-05:00,14.27024112826066,14.411456029793845,13.400648287356947,13.55672836303711,90100,0.0,0.0
2008-01-31 00:00:00-05:00,13.526995127572548,14.024966962054913,13.408076607483078,13.44523811340332,210600,0.0,0.0
2008-02-01 00:00:00-05:00,13.527000083439956,14.27024181510982,13.489837146283802,13.712810516357422,85500,0.0,0.0
2008-02-04 00:00:00-05:00,13.68307950804435,14.151322570326906,13.526999432364189,13.55672836303711,60500,0.0,0.0
2008-02-05 00:00:00-05:00,13.452675460339073,13.883755602670286,13.237134680362924,13.251999855041504,97000,0.0,0.0
2008-02-06 00:00:00-05:00,13.385780650650188,13.74996884452584,13.006727285362281,13.422942161560059,58400,0.0,0.0
2008-02-07 00:00:00-05:00,13.370913461678006,13.928344546938948,13.3337519563755,13.854020118713379,29600,0.0,0.0
2008-02-08 00:00:00-05:00,13.601320131284703,13.935779404029732,13.526997108559842,13.861454963684082,31600,0.0,0.0
2008-02-11 00:00:00-05:00,13.809424654479624,13.950640912291975,13.534424722699825,13.623614311218262,25700,0.0,0.0
2008-02-12 00:00:00-05:00,13.66821108654539,13.950643657752291,13.616184407012724,13.690508842468262,27800,0.0,0.0
2008-02-13 00:00:00-05:00,13.854024420591408,14.158753395080566,13.57902579367241,14.158753395080566,20800,0.0,0.0
2008-02-14 00:00:00-05:00,14.218206842606454,14.218206842606454,13.526993556475336,13.623614311218262,15900,0.0,0.0
2008-02-15 00:00:00-05:00,13.549289890389634,13.668208396667271,13.526993556475336,13.623614311218262,18600,0.0,0.0
2008-02-19 00:00:00-05:00,13.831731444987152,14.233081311549368,13.564163922198114,13.906054496765137,40600,0.0,0.0
2008-02-20 00:00:00-05:00,13.779699303196624,14.084428231605884,13.690509691594038,14.032400131225586,11400,0.0,0.0
2008-02-21 00:00:00-05:00,14.136451703045578,14.255370213087607,13.519561400594885,13.683073997497559,24500,0.0,0.0
2008-02-22 00:00:00-05:00,13.645918792424737,13.8094314647899,13.155379357708133,13.593892097473145,26300,0.0,0.0
2008-02-25 00:00:00-05:00,13.57159031278768,13.772265863231421,13.281726573893852,13.690508842468262,13100,0.0,0.0
2008-02-26 00:00:00-05:00,13.645916216492534,14.233076342764038,13.631051044277852,13.9952392578125,36500,0.0,0.0
2008-02-27 00:00:00-05:00,13.831723813849463,14.233073458981982,13.809426060045215,13.824291229248047,13200,0.0,0.0
2008-02-28 00:00:00-05:00,13.764839263737151,13.88375784513097,13.415514690474156,13.430379867553711,10300,0.0,0.0
2008-02-29 00:00:00-05:00,13.41551537558278,13.616191023541024,13.155381851512521,13.199975967407227,40400,0.0,0.0
2008-03-03 00:00:00-05:00,13.199970994256844,13.333754709158704,12.642539793912995,12.932403564453125,35900,0.0,0.0
2008-03-04 00:00:00-05:00,12.768891526656711,13.155377517404673,12.642540391897604,13.036458969116211,19000,0.0,0.0
2008-03-05 00:00:00-05:00,13.125647099989164,13.14051227284944,12.724297356108133,12.872944831848145,31300,0.0,0.0
2008-03-06 00:00:00-05:00,12.746593248452001,12.850648037185012,12.62024211883545,12.62024211883545,18300,0.0,0.0
2008-03-07 00:00:00-05:00,12.612812042236328,12.98443291885919,12.612812042236328,12.612812042236328,13700,0.0,0.0
2008-03-10 00:00:00-04:00,12.67226808335254,12.798619205779843,12.37497174164735,12.382404327392578,29100,0.0,0.0
2008-03-11 00:00:00-04:00,12.493888378896306,13.653346061706543,12.479024627286352,13.653346061706543,45200,0.0,0.0
2008-03-12 00:00:00-04:00,13.653351121981522,13.913484591824766,13.229702147620195,13.30402660369873,43900,0.0,0.0
2008-03-13 00:00:00-04:00,13.177672091305377,13.415509155974554,12.835781665248616,13.363482475280762,45100,0.0,0.0
2008-03-14 00:00:00-04:00,13.304024546009869,13.467538607616694,12.932403740715623,13.341187477111816,39600,0.0,0.0
2008-03-17 00:00:00-04:00,12.991860130324808,13.727668991437355,12.813482353475148,13.460103034973145,17300,0.0,0.0
2008-03-18 00:00:00-04:00,13.727671563248903,14.151320457458496,13.155376620247324,14.151320457458496,40600,0.0,0.0
2008-03-19 00:00:00-04:00,13.97293879907921,14.686451333661182,13.83172394319346,14.381722450256348,77000,0.0,0.0
2008-03-20 00:00:00-04:00,15.504016697623202,15.504016697623202,14.158748687405637,14.976314544677734,158900,0.0,0.0
2008-03-24 00:00:00-04:00,14.864835082740571,14.901996603398965,13.97294441072768,14.82024097442627,43500,0.0,0.0
2008-03-25 00:00:00-04:00,14.790504583105042,15.422260099625877,14.641857143560504,15.206719398498535,52700,0.0,0.0
2008-03-26 00:00:00-04:00,15.162131713495322,15.176996889015596,14.716186371235219,15.028347969055176,31600,0.0,0.0
2008-03-27 00:00:00-04:00,15.155891501311633,15.268434959619508,14.713219325041964,14.885786056518555,16100,0.19,0.0
2008-03-28 00:00:00-04:00,14.878282968489001,15.155891501311633,14.825762783349841,14.885786056518555,12900,0.0,0.0
2008-03-31 00:00:00-04:00,15.133389454949326,15.365979570526278,14.885793156156208,14.953319549560547,18900,0.0,0.0
2008-04-01 00:00:00-04:00,15.25343291824876,15.606069564819334,15.25343291824876,15.606069564819336,15600,0.0,0.0
2008-04-02 00:00:00-04:00,15.516032107307442,15.60606630713773,15.230920468686653,15.531038284301758,25100,0.0,0.0
2008-04-03 00:00:00-04:00,15.335965575965284,15.591064915479622,14.975824405959791,15.34346866607666,22600,0.0,0.0
2008-04-04 00:00:00-04:00,15.32846172866247,15.32846172866247,14.863280182212856,14.878286361694336,11400,0.0,0.0
2008-04-07 00:00:00-04:00,14.953316734342145,15.005836934642494,14.698217391967773,14.698217391967773,10500,0.0,0.0
2008-04-08 00:00:00-04:00,14.63068760209738,14.818260520072988,14.443114684121772,14.6456937789917,11100,0.0,0.0
2008-04-09 00:00:00-04:00,14.630688269095955,14.660700624252827,13.865390385410034,13.9179105758667,34900,0.0,0.0
2008-04-10 00:00:00-04:00,13.955430477305708,14.203026762162995,13.89540717888783,14.143003463745117,15400,0.0,0.0
2008-04-11 00:00:00-04:00,14.000445762406159,14.3830947764288,13.505253257451713,13.51275634765625,27500,0.0,0.0
2008-04-14 00:00:00-04:00,13.50525279960074,13.98543910786698,13.355193862733499,13.38520622253418,29000,0.0,0.0
2008-04-15 00:00:00-04:00,13.82037574701543,13.902908307339148,13.74534627681824,13.84288501739502,17800,0.0,0.0
2008-04-16 00:00:00-04:00,13.955427601144393,14.81075978508548,13.92541524258673,14.653199195861816,42200,0.0,0.0
2008-04-17 00:00:00-04:00,14.555655901663766,14.893287674325062,14.47312480362134,14.563158988952637,46900,0.0,0.0
2008-04-18 00:00:00-04:00,14.893299497776564,15.193416072249226,14.743240495005876,15.080872535705566,34600,0.0,0.0
2008-04-21 00:00:00-04:00,14.413102993324955,14.915798493865907,14.413102993324955,14.683208465576172,11800,0.0,0.0
2008-04-22 00:00:00-04:00,14.840774665055644,14.840774665055644,13.962933063053098,14.270552635192871,24400,0.0,0.0
2008-04-23 00:00:00-04:00,14.428113421229167,14.450622694236971,13.572781081888566,13.880400657653809,37900,0.0,0.0
2008-04-24 00:00:00-04:00,13.955427766802561,14.248041110873139,13.700328440306352,14.127994537353516,24200,0.0,0.0
2008-04-25 00:00:00-04:00,14.255544357017872,14.443117309083895,13.902907722318245,14.23303508758545,25400,0.0,0.0
2008-04-28 00:00:00-04:00,14.240538274017231,14.630690360418049,14.105485518642482,14.345580101013184,29200,0.0,0.0
2008-04-29 00:00:00-04:00,14.360586283681576,14.42811266811197,14.067972905195338,14.09798526763916,17600,0.0,0.0
2008-04-30 00:00:00-04:00,14.173014094966298,14.518149126805119,13.970436361546687,14.12049388885498,26900,0.0,0.0
2008-05-01 00:00:00-04:00,14.143003290804591,14.83327192970375,14.143003290804591,14.53315544128418,29600,0.0,0.0
2008-05-02 00:00:00-04:00,14.623185297681953,14.79575204801552,13.955426131828137,14.285554885864258,36300,0.0,0.0
2008-05-05 00:00:00-04:00,14.17300998419049,14.360582912222943,13.932916865279807,14.285554885864258,33600,0.0,0.0
2008-05-06 00:00:00-04:00,14.255545877264609,14.33057535230596,13.955429408167417,14.09798526763916,32300,0.0,0.0
2008-05-07 00:00:00-04:00,14.203028048744812,14.30806847272411,13.655315222183546,13.677823066711426,36400,0.0,0.0
2008-05-08 00:00:00-04:00,13.782861807056317,13.95542858775886,13.38520661446217,13.707832336425781,33500,0.0,0.0
2008-05-09 00:00:00-04:00,13.655309647104561,13.655309647104561,13.182625070044649,13.340187072753906,20400,0.0,0.0
2008-05-12 00:00:00-04:00,13.452734752021168,13.827880723104556,13.39271145389056,13.722840309143066,47700,0.0,0.0
2008-05-13 00:00:00-04:00,13.767849946412579,13.79035777656783,13.535259971380604,13.632797241210938,12900,0.0,0.0
2008-05-14 00:00:00-04:00,13.655310192956035,13.722836563806721,13.317678338702603,13.332684516906738,41000,0.0,0.0
2008-05-15 00:00:00-04:00,13.49024464075675,13.685320657640366,13.332684068120678,13.520256996154785,20000,0.0,0.0
2008-05-16 00:00:00-04:00,13.602792572289006,13.602792572289006,13.05507978626774,13.257658958435059,40100,0.0,0.0
2008-05-19 00:00:00-04:00,13.2576584014682,13.602792000822756,13.062582328806299,13.14511489868164,42000,0.0,0.0
2008-05-20 00:00:00-04:00,13.13761310496373,13.385209407970434,12.905022985428564,12.980051040649414,33600,0.0,0.0
2008-05-21 00:00:00-04:00,13.05508124520379,13.355197775804285,12.905023695437793,12.950040817260742,49900,0.0,0.0
2008-05-22 00:00:00-04:00,12.95003585093057,13.655310500670748,12.95003585093057,13.482742309570312,34400,0.0,0.0
2008-05-23 00:00:00-04:00,13.407715946928983,13.655312199406206,13.205136804610856,13.51275634765625,19200,0.0,0.0
2008-05-27 00:00:00-04:00,13.497749554077009,13.497749554077009,13.130106737164569,13.280165672302246,23300,0.0,0.0
2008-05-28 00:00:00-04:00,13.422720241216949,13.422720241216949,13.21263944688451,13.38520622253418,11700,0.0,0.0
2008-05-29 00:00:00-04:00,13.362697991101424,13.45273364643207,13.062581525112916,13.250154495239258,43400,0.0,0.0
2008-05-30 00:00:00-04:00,13.242649051757141,13.355192527622625,12.379813828697849,12.612403869628906,155300,0.0,0.0
2008-06-02 00:00:00-04:00,12.724949253449862,12.784973976050585,12.31979239337206,12.552382469177246,93100,0.0,0.0
2008-06-03 00:00:00-04:00,12.649918307233769,12.754958685525807,12.379812841833871,12.747455596923828,62100,0.0,0.0
2008-06-04 00:00:00-04:00,12.552381005168465,12.905019053978075,12.409826598822608,12.61990737915039,72200,0.0,0.0
2008-06-05 00:00:00-04:00,12.60490011189047,13.35519181929033,12.462345717853358,13.340187072753906,71500,0.0,0.0
2008-06-06 00:00:00-04:00,13.197632362737918,13.197632362737918,12.499860786929359,12.559884071350098,29000,0.0,0.0
2008-06-09 00:00:00-04:00,12.717444979161685,12.905017905514702,12.402322405645902,12.51486587524414,32500,0.0,0.0
2008-06-10 00:00:00-04:00,12.454843772377439,12.89001294537418,12.454843772377439,12.79997730255127,25300,0.0,0.0
2008-06-11 00:00:00-04:00,12.739957347872117,12.739957347872117,12.372314453125,12.372314453125,16900,0.0,0.0
2008-06-12 00:00:00-04:00,12.522370929537605,12.75496099402368,12.312288703863294,12.319791793823242,37800,0.0,0.0
2008-06-13 00:00:00-04:00,12.537378905851654,12.604905301806237,12.304788781490556,12.522374153137207,35900,0.0,0.0
2008-06-16 00:00:00-04:00,12.49986250038411,12.927528639388932,12.492359409919512,12.769968032836914,40500,0.0,0.0
2008-06-17 00:00:00-04:00,12.754961327440746,12.852498637333555,12.379815406045429,12.402324676513672,22200,0.0,0.0
2008-06-18 00:00:00-04:00,12.327296796418244,12.604904012667925,11.959653202213676,11.982162475585938,49300,0.0,0.0
2008-06-19 00:00:00-04:00,11.967153023644508,11.982159201792658,11.629521886184648,11.71955680847168,49400,0.0,0.0
2008-06-20 00:00:00-04:00,11.629523247938616,11.772078379368693,11.08181056100817,11.35191535949707,78700,0.0,0.0
2008-06-23 00:00:00-04:00,11.659534799011862,11.659534799011862,10.886734428417878,10.894237518310547,40600,0.0,0.0
2008-06-24 00:00:00-04:00,11.224367245520394,11.224367245520394,10.759186337101243,10.81170654296875,55800,0.0,0.0
2008-06-25 00:00:00-04:00,10.856722831726074,11.066804340898688,10.691658431037714,10.856722831726074,37500,0.0,0.0
2008-06-26 00:00:00-04:00,10.818707367912216,10.993570905493252,10.392953991727243,10.468981742858887,44900,0.19,0.0
2008-06-27 00:00:00-04:00,10.659054004884682,10.659054004884682,10.035628119648974,10.066039085388184,213300,0.0,0.0
2008-06-30 00:00:00-04:00,10.03562526349784,10.3701465164786,9.602268943784193,9.609871864318848,37700,0.0,0.0
2008-07-01 00:00:00-04:00,9.571859300894076,10.172476329561428,9.571859300894076,10.028023719787598,46700,0.0,0.0
2008-07-02 00:00:00-04:00,10.005215769634484,10.400558994600962,9.526242581719492,9.92918872833252,62000,0.0,0.0
2008-07-03 00:00:00-04:00,9.929187315128102,9.929187315128102,9.48062515258789,9.48062515258789,16400,0.0,0.0
2008-07-07 00:00:00-04:00,9.556652745031935,9.556652745031935,8.933227723176609,9.054871559143066,38200,0.0,0.0
2008-07-08 00:00:00-04:00,8.94083127944917,10.453777865624678,8.750762590983268,10.005215644836426,64600,0.0,0.0
2008-07-09 00:00:00-04:00,10.02802549065901,10.02802549065901,9.343778378958747,9.351381301879883,36000,0.0,0.0
2008-07-10 00:00:00-04:00,9.495833396911621,9.571861177493327,9.191723724694098,9.495833396911621,31100,0.0,0.0
2008-07-11 00:00:00-04:00,9.495833396911621,10.826314481708923,9.191723724694098,9.495833396911621,46000,0.0,0.0
2008-07-14 00:00:00-04:00,9.731516758202917,9.731516758202917,8.77357041757875,9.016858100891113,37300,0.0,0.0
2008-07-15 00:00:00-04:00,8.819187647216832,9.313365959106815,8.575899227084722,8.65192699432373,43100,0.0,0.0
2008-07-16 00:00:00-04:00,8.705145097955947,9.81514617977311,8.553090304225059,9.799941062927246,43000,0.0,0.0
2008-07-17 00:00:00-04:00,10.37014707759334,10.79590049980928,9.860762975079865,10.742681503295898,43600,0.0,0.0
2008-07-18 00:00:00-04:00,10.689462643461585,10.712270681536888,10.210489493553508,10.354941368103027,27900,0.0,0.0
2008-07-21 00:00:00-04:00,10.56781317185913,10.59822411684799,9.95959427208195,9.967196464538574,16700,0.0,0.0
2008-07-22 00:00:00-04:00,10.833913258143834,10.947954160313072,10.1572685901244,10.643844604492188,66300,0.0,0.0
2008-07-23 00:00:00-04:00,10.583021608732983,11.046788815094503,10.438569040731423,10.978363990783691,20100,0.0,0.0
2008-07-24 00:00:00-04:00,10.818707926846828,11.290078848128806,10.491790320221467,11.115215301513672,23800,0.0,0.0
2008-07-25 00:00:00-04:00,11.335696649328133,11.814669839095387,11.122819917783081,11.807066917419434,33900,0.0,0.0
2008-07-28 00:00:00-04:00,11.86028468567243,11.905900758086778,11.40411961120257,11.6322021484375,17400,0.0,0.0
2008-07-29 00:00:00-04:00,11.647408924967348,12.16439598640709,11.525765081111997,12.118779182434082,43200,0.0,0.0
2008-07-30 00:00:00-04:00,12.164397500956946,12.187206268310547,11.404122657147138,12.187206268310547,32800,0.0,0.0
2008-07-31 00:00:00-04:00,11.966723924243345,12.202408681520305,11.556175604258328,12.133984565734863,33000,0.0,0.0
2008-08-01 00:00:00-04:00,11.89830217271995,12.210014772987506,11.685425398766071,12.179604530334473,21100,0.0,0.0
2008-08-04 00:00:00-04:00,12.149193846579825,12.149193846579825,11.252069862168026,11.594193458557129,28000,0.0,0.0
2008-08-05 00:00:00-04:00,11.70822579819735,11.89829440352558,11.571376895397872,11.875486373901367,36100,0.0,0.0
2008-08-06 00:00:00-04:00,11.791862325348108,11.913506177373783,11.556176818257448,11.845081329345703,36000,0.0,0.0
2008-08-07 00:00:00-04:00,11.662612936903635,11.829873558471464,11.100009884876124,11.229256629943848,31900,0.0,0.0
2008-08-08 00:00:00-04:00,11.198847737879682,11.55617710588992,11.183642618525294,11.533369064331055,26000,0.0,0.0
2008-08-11 00:00:00-04:00,11.540970086021265,12.171998023986816,11.168434934949456,12.171998023986816,26600,0.0,0.0
2008-08-12 00:00:00-04:00,12.065559995265119,12.924670535514693,11.68542262657351,12.818232536315918,43800,0.0,0.0
2008-08-13 00:00:00-04:00,12.84864154854899,12.84864154854899,12.36206622698114,12.795422554016113,32200,0.0,0.0
2008-08-14 00:00:00-04:00,12.711788309429814,13.076721148300805,12.438090492912115,12.917062759399414,18000,0.0,0.0
2008-08-15 00:00:00-04:00,13.076724985638702,13.076724985638702,11.966723206455994,12.278435707092285,34200,0.0,0.0
2008-08-18 00:00:00-04:00,12.240426303784616,12.438097953796387,12.019946609557536,12.438097953796387,16500,0.0,0.0
2008-08-19 00:00:00-04:00,12.141588406573065,12.171999368688125,11.921108749975263,12.111177444458008,18000,0.0,0.0
2008-08-20 00:00:00-04:00,12.103571000284749,12.44569513083236,11.799461467636114,11.997132301330566,18900,0.0,0.0
2008-08-21 00:00:00-04:00,11.822273785245004,11.951520564718168,11.487752453059905,11.502958297729492,9100,0.0,0.0
2008-08-22 00:00:00-04:00,11.700628258405475,11.776655295740467,11.252066055427449,11.51816177368164,16500,0.0,0.0
2008-08-25 00:00:00-04:00,11.419327545723519,11.419327545723519,10.712271768176207,10.940354347229004,20900,0.0,0.0
2008-08-26 00:00:00-04:00,10.902341249267966,11.03919095157739,10.795902511354573,10.993574142456055,11600,0.0,0.0
2008-08-27 00:00:00-04:00,10.963159107255152,11.54096794128418,10.940351073690781,11.54096794128418,25000,0.0,0.0
2008-08-28 00:00:00-04:00,11.685424044248972,12.01234245300293,11.419328288914809,12.01234245300293,30500,0.0,0.0
2008-08-29 00:00:00-04:00,11.898297712857067,11.936311589506536,11.404119491577148,11.404119491577148,36100,0.0,0.0
2008-09-02 00:00:00-04:00,11.59418792563046,11.822270456063572,11.297680563561974,11.563776969909668,19400,0.0,0.0
2008-09-03 00:00:00-04:00,11.525766803587194,12.164397804322883,11.168437415069919,12.0503568649292,16100,0.0,0.0
2008-09-04 00:00:00-04:00,11.86028688367269,12.171999428138122,11.86028688367269,11.98193073272705,27300,0.0,0.0
2008-09-05 00:00:00-04:00,11.822271839735551,12.529326824260828,11.48014836657113,12.468504905700684,15600,0.0,0.0
2008-09-08 00:00:00-04:00,12.696587855036189,13.061519356830203,12.643367408845954,13.038710594177246,39300,0.0,0.0
2008-09-09 00:00:00-04:00,12.841037212835014,13.213571583621627,12.810626983642578,12.810626983642578,17900,0.0,0.0
2008-09-10 00:00:00-04:00,13.152746257935421,13.327610468268318,12.863842630177762,13.31240463256836,27600,0.0,0.0
2008-09-11 00:00:00-04:00,12.955081915307371,13.335219275027297,12.772614706545934,13.259191513061523,19600,0.0,0.0
2008-09-12 00:00:00-04:00,13.008300653214041,13.494875999879053,12.803026135048896,13.236382484436035,21200,0.0,0.0
2008-09-15 00:00:00-04:00,12.924668624862123,13.228778184837125,12.179599840396175,12.225215911865234,26200,0.0,0.0
2008-09-16 00:00:00-04:00,11.875489330778253,13.426449507427867,11.867886410659068,13.403640747070312,51400,0.0,0.0
2008-09-17 00:00:00-04:00,12.993093150017883,12.993093150017883,11.472543935973508,11.898297309875488,29600,0.0,0.0
2008-09-18 00:00:00-04:00,12.248025207648233,13.183162689208984,11.921106872604515,13.183162689208984,63300,0.0,0.0
2008-09-19 00:00:00-04:00,15.555221548505479,15.570427392371892,12.924671464197619,14.521248817443848,222800,0.0,0.0
2008-09-22 00:00:00-04:00,13.692547822960115,14.445219618544908,13.380835305094967,13.867410659790039,31900,0.0,0.0
2008-09-23 00:00:00-04:00,13.38083664876394,13.829398892707774,13.320014723319478,13.327617645263672,16900,0.0,0.0
2008-09-24 00:00:00-04:00,14.445219669357186,14.445219669357186,12.772614706545934,13.259191513061523,46600,0.0,0.0
2008-09-25 00:00:00-04:00,13.380837671365562,14.437619250516288,13.327618663798145,13.373234748840332,25200,0.0,0.0
2008-09-26 00:00:00-04:00,13.380916526662224,14.449237374910933,13.227200642824386,13.995777130126953,22500,0.19,0.0
2008-09-29 00:00:00-04:00,13.688348003333907,14.602954512193337,12.912085508614627,13.111915588378906,39400,0.0,0.0
2008-09-30 00:00:00-04:00,13.204147168432351,13.45009146349965,12.88903085713442,13.142661094665527,32300,0.0,0.0
2008-10-01 00:00:00-04:00,12.912085058616594,13.450089213535362,12.151195206278636,12.220366477966309,48900,0.0,0.0
2008-10-02 00:00:00-04:00,12.19731134080119,12.620028644661891,12.112768173217773,12.112768173217773,23400,0.0,0.0
2008-10-03 00:00:00-04:00,12.48168425742023,13.219518582272475,11.989795684814453,11.989795684814453,13800,0.0,0.0
2008-10-06 00:00:00-04:00,11.697733674496233,13.196457592623668,11.697733674496233,12.497053146362305,33100,0.0,0.0
2008-10-07 00:00:00-04:00,12.48936782430241,12.49705376503056,11.62087631225586,11.62087631225586,15900,0.0,0.0
2008-10-08 00:00:00-04:00,11.559388011110498,12.450937172477978,11.528644987130344,11.851447105407715,33800,0.0,0.0
2008-10-09 00:00:00-04:00,11.774590242880864,11.774590242880864,10.145208358764648,10.145208358764648,43500,0.0,0.0
2008-10-10 00:00:00-04:00,9.730179256307073,11.152046203613281,9.222918837519007,11.152046203613281,101300,0.0,0.0
2008-10-13 00:00:00-04:00,11.497904772581249,12.596968698148817,10.783128374177767,12.581598281860352,56600,0.0,0.0
2008-10-14 00:00:00-04:00,12.612339229567482,12.75836916324305,11.22121628733288,12.212679862976074,40100,0.0,0.0
2008-10-15 00:00:00-04:00,11.782280418224193,11.782280418224193,10.606358305804724,10.652472496032715,126700,0.0,0.0
2008-10-16 00:00:00-04:00,10.798502866054353,12.312599182128906,10.798502866054353,12.312599182128906,57200,0.0,0.0
2008-10-17 00:00:00-04:00,11.58244947991447,12.297225974216792,11.490220373064458,11.81302261352539,43900,0.0,0.0
2008-10-20 00:00:00-04:00,12.266483407575393,12.266483407575393,11.374934607634245,11.912938117980957,19100,0.0,0.0
2008-10-21 00:00:00-04:00,12.043597374031725,12.212684459250239,11.228905720680599,11.405678749084473,16300,0.0,0.0
2008-10-22 00:00:00-04:00,11.221219155031731,11.544021400106056,10.867673873901367,10.867673873901367,10000,0.0,0.0
2008-10-23 00:00:00-04:00,11.021390617430868,11.528651150790129,10.483387043655041,10.567930221557617,19800,0.0,0.0
2008-10-24 00:00:00-04:00,10.452643276672607,11.367249215219832,10.452643276672607,10.806188583374023,12400,0.0,0.0
2008-10-27 00:00:00-04:00,11.029073251059732,11.467161628772661,10.683213233947754,10.683213233947754,32300,0.0,0.0
2008-10-28 00:00:00-04:00,10.998332223688726,11.989796076446979,10.4603279803702,11.912938117980957,42200,0.0,0.0
2008-10-29 00:00:00-04:00,11.920619662991383,12.297221908011052,11.574760443422882,11.728475570678711,33600,0.0,0.0
2008-10-30 00:00:00-04:00,12.174251671701922,12.889028039183193,11.98979349072987,12.850598335266113,27500,0.0,0.0
2008-10-31 00:00:00-04:00,12.681512015206474,13.450088500976562,12.643083777295292,13.450088500976562,48800,0.0,0.0
2008-11-03 00:00:00-05:00,13.36553896228367,13.826684951782227,12.643078426876713,13.826684951782227,59500,0.0,0.0
2008-11-04 00:00:00-05:00,13.834370889300516,14.157172935355234,13.257938768912995,13.826684951782227,52900,0.0,0.0
2008-11-05 00:00:00-05:00,13.580747629442879,13.98040778527715,12.673827070412583,12.742999076843262,60500,0.0,0.0
2008-11-06 00:00:00-05:00,12.696885011901895,13.48083344806712,12.604655180493982,13.111915588378906,71100,0.0,0.0
2008-11-07 00:00:00-05:00,13.242575808700963,13.442405920872888,13.02737527708787,13.15803337097168,18900,0.0,0.0
2008-11-10 00:00:00-05:00,13.35017286898803,13.51925915122397,12.612338754077314,12.819854736328125,28200,0.0,0.0
2008-11-11 00:00:00-05:00,12.635396678646803,13.419343508176363,12.635396678646803,12.643082618713379,38700,0.0,0.0
2008-11-12 00:00:00-05:00,12.358709063680033,12.704569047137108,12.212679862976074,12.212679862976074,23000,0.0,0.0
2008-11-13 00:00:00-05:00,12.404828133457734,12.99663257598877,12.112769616826617,12.99663257598877,36700,0.0,0.0
2008-11-14 00:00:00-05:00,12.75837494322764,13.042747533173426,11.912940185277252,11.97442626953125,26900,0.0,0.0
2008-11-17 00:00:00-05:00,11.851450650917172,12.558541146967173,11.83607876784265,12.297224998474121,13500,0.0,0.0
2008-11-18 00:00:00-05:00,11.836081034639268,12.850602056759243,11.836081034639268,12.351027488708496,24100,0.0,0.0
2008-11-19 00:00:00-05:00,12.166565703358067,12.735312126552696,10.952214915252062,10.959900856018066,30500,0.0,0.0
2008-11-20 00:00:00-05:00,10.81387380867657,11.71310859585563,9.883895983173947,9.906953811645508,25500,0.0,0.0
2008-11-21 00:00:00-05:00,10.229754173560247,12.251109849226475,10.183639258185439,11.905250549316406,47100,0.0,0.0
2008-11-24 00:00:00-05:00,12.005166062297107,12.927457809448242,11.37493350278865,12.927457809448242,50400,0.0,0.0
2008-11-25 00:00:00-05:00,12.873657404484954,13.065801544850402,12.473997240698395,12.93514347076416,19900,0.0,0.0
2008-11-26 00:00:00-05:00,12.54317114907106,13.20414756118253,12.143511657699046,13.15803337097168,46800,0.0,0.0
2008-11-28 00:00:00-05:00,12.958203756623188,13.250262260437012,12.958203756623188,13.250262260437012,7500,0.0,0.0
2008-12-01 00:00:00-05:00,12.735313256472503,12.942829277736246,10.19901121639379,10.713956832885742,28800,0.0,0.0
2008-12-02 00:00:00-05:00,11.00601659094224,11.344190702748396,10.291240856981144,11.275018692016602,33400,0.0,0.0
2008-12-03 00:00:00-05:00,10.906096862944965,12.258791263410346,10.906096862944965,11.766902923583984,17900,0.0,0.0
2008-12-04 00:00:00-05:00,11.551705456050994,12.566227010552515,11.551705456050994,12.166566848754883,34400,0.0,0.0
2008-12-05 00:00:00-05:00,11.90525304905504,12.596971794114936,11.713108871763751,12.443257331848145,28500,0.0,0.0
2008-12-08 00:00:00-05:00,12.604654059376106,12.758369942735927,11.590133333842555,12.504739761352539,56700,0.0,0.0
2008-12-09 00:00:00-05:00,12.28954101982895,12.904403247524856,11.989796581717707,12.143511772155762,23200,0.0,0.0
2008-12-10 00:00:00-05:00,12.31259761331715,13.027374093385367,12.281853845340928,12.965888023376465,20700,0.0,0.0
2008-12-11 00:00:00-05:00,12.389453772960104,13.06580044510333,12.074336793587884,12.366395950317383,31100,0.0,0.0
2008-12-12 00:00:00-05:00,11.98979559653344,13.065802574157715,11.98979559653344,13.065802574157715,15900,0.0,0.0
2008-12-15 00:00:00-05:00,13.111915972311925,13.21951768976244,12.64308525792879,13.03505802154541,25300,0.0,0.0
2008-12-16 00:00:00-05:00,13.219516339675483,13.680661065291684,12.873656329520001,13.603804588317871,69100,0.0,0.0
2008-12-17 00:00:00-05:00,13.357860435039967,13.757520612046422,13.088859802385143,13.71909236907959,27000,0.0,0.0
2008-12-18 00:00:00-05:00,13.703722448769211,13.834380545895977,13.250262080267124,13.757522583007812,24500,0.0,0.0
2008-12-19 00:00:00-05:00,14.103374293919364,14.134116581221962,13.06579607697131,13.772886276245117,108900,0.0,0.0
2008-12-22 00:00:00-05:00,13.79594711831485,13.826689412362985,12.627710625622466,13.742145538330078,22500,0.0,0.0
2008-12-23 00:00:00-05:00,13.680663285387709,13.680663285387709,12.612342249896756,13.065802574157715,38100,0.0,0.0
2008-12-24 00:00:00-05:00,13.111916479371233,13.111916479371233,12.796800188391586,13.073488235473633,3500,0.0,0.0
2008-12-26 00:00:00-05:00,13.181091498752856,13.181091498752856,12.719945137041343,13.004319190979004,5900,0.0,0.0
2008-12-29 00:00:00-05:00,13.15200424194336,13.214188599578874,12.662302610887696,13.15200424194336,18700,0.19,0.0
2008-12-30 00:00:00-05:00,13.152001993287511,13.152001993287511,12.638980759860022,13.136455535888672,30000,0.0,0.0
2008-12-31 00:00:00-05:00,13.16755318293812,14.356829432116394,12.934360685924426,14.263553619384766,69200,0.0,0.0
2009-01-02 00:00:00-05:00,14.11586292328761,14.11586292328761,13.260826869826216,13.315237998962402,47400,0.0,0.0
2009-01-05 00:00:00-05:00,13.214186129540101,13.229732586690993,12.848853282044672,12.856626510620117,27400,0.0,0.0
2009-01-06 00:00:00-05:00,13.019860963849844,13.39296707146946,12.654528085462957,13.323009490966797,23000,0.0,0.0
2009-01-07 00:00:00-05:00,12.965449531206334,13.206413701280702,12.491292937512261,12.55347728729248,24600,0.0,0.0
2009-01-08 00:00:00-05:00,12.491295637248278,13.035409927368164,12.467977427660848,13.035409927368164,32600,0.0,0.0
2009-01-09 00:00:00-05:00,13.058725218080248,13.058725218080248,12.133732465963,12.234782218933105,36500,0.0,0.0
2009-01-12 00:00:00-05:00,12.242559064334003,12.483523303807758,11.923863994599992,11.970501899719238,29300,0.0,0.0
2009-01-13 00:00:00-05:00,11.916087608672909,12.444655335399943,11.869449715900487,12.125960350036621,17300,0.0,0.0
2009-01-14 00:00:00-05:00,11.861677040697968,12.048230103092887,11.542982040449317,11.729535102844238,23600,0.0,0.0
2009-01-15 00:00:00-05:00,11.752852552994618,12.265873779869226,11.57407274296687,12.250328063964844,33500,0.0,0.0
2009-01-16 00:00:00-05:00,12.172600621319488,12.52238859194046,11.713990385435176,12.157054901123047,48800,0.0,0.0
2009-01-20 00:00:00-05:00,12.001594741773804,12.001594741773804,10.734587624635882,10.74236011505127,46200,0.0,0.0
2009-01-21 00:00:00-05:00,10.960005742294234,12.28919792175293,10.804544079104467,12.28919792175293,43300,0.0,0.0
2009-01-22 00:00:00-05:00,11.861675650828241,12.040455462684521,11.177647094233995,11.270923614501953,15900,0.0,0.0
2009-01-23 00:00:00-05:00,11.037733952963878,11.807265941264864,10.975549594795881,11.340883255004883,61300,0.0,0.0
2009-01-26 00:00:00-05:00,11.395295030105933,11.504118033726941,11.045507810225924,11.263153076171875,31400,0.0,0.0
2009-01-27 00:00:00-05:00,11.27869993505973,11.4419340756007,10.882274059275076,11.15433120727539,51600,0.0,0.0
2009-01-28 00:00:00-05:00,11.364199820579804,11.815036693391763,11.208738957764623,11.309788703918457,24700,0.0,0.0
2009-01-29 00:00:00-05:00,11.185418604060331,11.558524627797294,10.998864850896076,11.216510772705078,21800,0.0,0.0
2009-01-30 00:00:00-05:00,11.278700400702375,11.558530049769944,11.0532818869628,11.185423851013184,36400,0.0,0.0
2009-02-02 00:00:00-05:00,11.434159694012179,12.149280548095703,11.146556854632328,12.149280548095703,64600,0.0,0.0
2009-02-03 00:00:00-05:00,12.281421801734526,12.281421801734526,11.535208810858869,11.729535102844238,48300,0.0,0.0
2009-02-04 00:00:00-05:00,11.371978420913688,11.916092068441916,10.944460290250003,11.099921226501465,77300,0.0,0.0
2009-02-05 00:00:00-05:00,11.029962790894245,11.815041386580885,11.014417069085566,11.48857307434082,20600,0.0,0.0
2009-02-06 00:00:00-05:00,11.488569087684542,11.729533993119064,11.247604923545927,11.659576416015625,29800,0.0,0.0
2009-02-09 00:00:00-05:00,11.56629945054144,11.706214599388208,11.38751890020436,11.504115104675293,12600,0.0,0.0
2009-02-10 00:00:00-05:00,11.441932667802837,11.682896862913108,10.882272720336914,10.882272720336914,35700,0.0,0.0
2009-02-11 00:00:00-05:00,11.022187419572335,11.449704665061422,10.687945963146499,10.851180076599121,20800,0.0,0.0
2009-02-12 00:00:00-05:00,10.6801741832443,10.858954780003971,10.610216590655563,10.757905006408691,40000,0.0,0.0
2009-02-13 00:00:00-05:00,10.571353919768802,10.866729324548368,10.571353919768802,10.827864646911621,17600,0.0,0.0
2009-02-17 00:00:00-05:00,10.57134881178165,10.726809671099883,10.49361801147461,10.49361801147461,39900,0.0,0.0
2009-02-18 00:00:00-05:00,10.602442093263601,10.765676197955276,10.307066058997908,10.446980476379395,71000,0.0,0.0
2009-02-19 00:00:00-05:00,10.579121201699872,10.579121201699872,9.910639142117654,9.988369941711426,43500,0.0,0.0
2009-02-20 00:00:00-05:00,9.817364106454617,9.941732811505211,9.16442766364305,9.475349426269531,90100,0.0,0.0
2009-02-23 00:00:00-05:00,9.553077462754374,9.801814800606458,7.671999492008648,7.912964344024658,116000,0.0,0.0
2009-02-24 00:00:00-05:00,8.076203426226428,9.047835182646038,8.006245821156824,9.040061950683594,72800,0.0,0.0
2009-02-25 00:00:00-05:00,9.055606460055234,9.133337286673019,8.169478891352208,8.519266128540039,27000,0.0,0.0
2009-02-26 00:00:00-05:00,8.58922394792155,8.837961413502441,8.348258972167969,8.348258972167969,50600,0.0,0.0
2009-02-27 00:00:00-05:00,8.169476013725243,8.643631813447389,8.006241928362565,8.021787643432617,39100,0.0,0.0
2009-03-02 00:00:00-05:00,7.8818731671873845,7.936284281355603,6.723688124366839,7.026837348937988,80300,0.0,0.0
2009-03-03 00:00:00-05:00,7.166756271008739,7.244486369218486,6.319493233837795,6.669280529022217,77700,0.0,0.0
2009-03-04 00:00:00-05:00,6.809194385827885,6.809194385827885,5.3400871494449955,5.853108882904053,189100,0.0,0.0
2009-03-05 00:00:00-05:00,5.829789623745125,6.148484671235818,5.752059169558132,5.860881805419922,66800,0.0,0.0
2009-03-06 00:00:00-05:00,5.682102167343365,5.884201739929341,5.410045364026005,5.74428653717041,45200,0.0,0.0
2009-03-09 00:00:00-04:00,5.651008605957031,5.829788810986538,5.4644555419164975,5.651008605957031,42300,0.0,0.0
2009-03-10 00:00:00-04:00,5.829789498273064,6.661505896145279,5.829789498273064,6.607094764709473,56200,0.0,0.0
2009-03-11 00:00:00-04:00,6.684825616684562,6.863605472913402,6.537137200299278,6.544910430908203,37300,0.0,0.0
2009-03-12 00:00:00-04:00,6.521590056031304,7.594271183013916,6.358355955375343,7.594271183013916,45000,0.0,0.0
2009-03-13 00:00:00-04:00,7.625363677910947,8.20056929819443,7.625363677910947,8.1539306640625,26900,0.0,0.0
2009-03-16 00:00:00-04:00,8.278301507764716,8.29384797026157,7.72641469116066,7.780826568603516,54700,0.0,0.0
2009-03-17 00:00:00-04:00,7.897422870284209,7.897422870284209,7.57095453781767,7.773054122924805,38500,0.0,0.0
2009-03-18 00:00:00-04:00,7.749733560228338,9.312116551392739,7.609818377830073,9.172202110290527,57000,0.0,0.0
2009-03-19 00:00:00-04:00,9.327663621090894,9.436486630203552,8.939010970212108,9.273252487182617,60500,0.0,0.0
2009-03-20 00:00:00-04:00,9.343213523296672,9.389851443449276,8.542588233947754,8.542588233947754,69600,0.0,0.0
2009-03-23 00:00:00-04:00,8.822414450746958,9.591946432543955,8.81464122071765,9.584173202514648,58600,0.0,0.0
2009-03-24 00:00:00-04:00,9.452029980088758,10.237108315868452,8.799093571768852,8.876824378967285,64000,0.0,0.0
2009-03-25 00:00:00-04:00,8.946781784142132,9.817363397964979,8.853505262085674,9.801816940307617,44600,0.0,0.0
2009-03-26 00:00:00-04:00,9.957277751709906,10.221560838988886,9.778497209493356,10.112738609313965,48200,0.0,0.0
2009-03-27 00:00:00-04:00,9.956319694753455,10.175312346068463,8.97867632743441,9.017782211303711,32400,0.08,0.0
2009-03-30 00:00:00-04:00,8.744041551929536,8.830073890250542,7.914999739658724,7.946284294128418,37600,0.0,0.0
2009-03-31 00:00:00-04:00,8.102704340629257,9.541794853872975,7.774216256263523,9.361908912658691,70400,0.0,0.0
2009-04-01 00:00:00-04:00,9.174202041241474,9.964137806208736,8.712755147274093,9.635649681091309,44500,0.0,0.0
2009-04-02 00:00:00-04:00,9.92503302341587,10.550724794442917,9.92503302341587,10.222236633300781,44600,0.0,0.0
2009-04-03 00:00:00-04:00,10.245702091807786,10.55072632432437,9.784254334440739,10.363018989562988,22300,0.0,0.0
2009-04-06 00:00:00-04:00,10.237881746233324,10.237881746233324,9.385376586914063,9.776433944702148,28200,0.0,0.0
2009-04-07 00:00:00-04:00,9.627825953212588,9.94849264997704,9.127272605895996,9.127272605895996,18200,0.0,0.0
2009-04-08 00:00:00-04:00,9.088169382735956,9.158559799194336,8.642364406342786,9.158559799194336,17500,0.0,0.0
2009-04-09 00:00:00-04:00,9.393199986447657,10.28481048164521,9.393199986447657,9.948501586914062,45200,0.0,0.0
2009-04-13 00:00:00-04:00,9.760788334937727,10.40212271459201,9.67475601080913,10.370838165283203,15300,0.0,0.0
2009-04-14 00:00:00-04:00,10.1283839220569,10.355197126249218,9.737326622009277,9.737326622009277,24000,0.0,0.0
2009-04-15 00:00:00-04:00,9.698218770816128,10.347373697227011,9.549617355202622,10.331731796264648,15500,0.0,0.0
2009-04-16 00:00:00-04:00,10.456871915162008,10.456871915162008,9.346269144449632,9.385375022888184,98700,0.0,0.0
2009-04-17 00:00:00-04:00,9.55744044048826,9.55744044048826,8.75968320551912,9.385375022888184,48300,0.0,0.0
2009-04-20 00:00:00-04:00,9.095991451136207,9.189845098809641,8.454657819093166,8.47029972076416,42500,0.0,0.0
2009-04-21 00:00:00-04:00,8.658006724887786,9.85464237070928,8.611080275570744,9.815536499023438,24600,0.0,0.0
2009-04-22 00:00:00-04:00,9.580902800242933,10.12838281108031,9.361910945084487,9.533975601196289,20700,0.0,0.0
2009-04-23 00:00:00-04:00,9.57308156547242,9.57308156547242,8.712756039232932,8.8926420211792,33200,0.0,0.0
2009-04-24 00:00:00-04:00,9.103812320938342,9.846820887380376,8.72839700308274,9.588723182678223,43200,0.0,0.0
2009-04-27 00:00:00-04:00,9.36972999017705,9.854641566076465,9.213307262088076,9.401015281677246,34800,0.0,0.0
2009-04-28 00:00:00-04:00,9.283700874142442,9.956319209562139,9.283700874142442,9.721685409545898,15400,0.0,0.0
2009-04-29 00:00:00-04:00,9.760787481677728,10.151844686793964,9.291519283067698,10.112739562988281,32500,0.0,0.0
2009-04-30 00:00:00-04:00,10.167487385561042,10.167487385561042,9.408836194868252,9.518332481384277,39800,0.0,0.0
2009-05-01 00:00:00-04:00,9.518335136881202,9.635652033399271,9.064708709716797,9.064708709716797,24000,0.0,0.0
2009-05-04 00:00:00-04:00,9.166382163600193,9.666934967041016,9.103813063170092,9.666934967041016,29000,0.0,0.0
2009-05-05 00:00:00-04:00,9.57308199248918,9.84682238561552,9.18984603881836,9.18984603881836,28900,0.0,0.0
2009-05-06 00:00:00-04:00,9.346270801681992,9.690401697901653,9.283701683438913,9.393198013305664,31600,0.0,0.0
2009-05-07 00:00:00-04:00,9.580901355828606,9.588722678804327,9.033421427529168,9.21330738067627,46900,0.0,0.0
2009-05-08 00:00:00-04:00,9.42447933886398,10.276984214782715,9.39319479047625,10.276984214782715,36000,0.0,0.0
2009-05-11 00:00:00-04:00,10.206596253484697,10.339555802636719,9.901571273803711,9.901571273803711,37400,0.0,0.0
2009-05-12 00:00:00-04:00,9.846819826941116,9.909388915531686,9.651291238624994,9.768608093261719,10600,0.0,0.0
2009-05-13 00:00:00-04:00,9.580902953203456,9.745147033665104,9.43230152130127,9.43230152130127,26500,0.0,0.0
2009-05-14 00:00:00-04:00,9.518333556624528,10.15966721009514,9.502690908548407,10.10491943359375,19000,0.0,0.0
2009-05-15 00:00:00-04:00,10.167489780251017,10.167489780251017,9.38537518177017,9.713863372802734,28800,0.0,0.0
2009-05-18 00:00:00-04:00,9.862462727741976,10.167487625009954,9.862462727741976,10.15184497833252,28400,0.0,0.0
2009-05-19 00:00:00-04:00,9.964141392084048,10.175312725319364,9.620011242149825,10.026710510253906,28200,0.0,0.0
2009-05-20 00:00:00-04:00,10.104918215373104,10.167487308369399,9.541795632524028,9.75296688079834,44800,0.0,0.0
2009-05-21 00:00:00-04:00,9.573080477151432,10.32391036237208,9.5183327055453,10.15184497833252,42800,0.0,0.0
2009-05-22 00:00:00-04:00,10.167487384555116,10.167487384555116,10.034527874471108,10.159666061401367,45600,0.0,0.0
2009-05-26 00:00:00-04:00,9.995425803304613,10.449052276266862,9.784255219075911,10.339556694030762,151800,0.0,0.0
2009-05-27 00:00:00-04:00,10.26916192833703,10.323909696411569,9.940673828125,9.940673828125,60100,0.0,0.0
2009-05-28 00:00:00-04:00,10.081456265364224,10.316090020795832,9.815537213600383,10.206594467163086,96200,0.0,0.0
2009-05-29 00:00:00-04:00,10.284804903466695,10.785358428955078,10.050171160967665,10.785358428955078,224000,0.0,0.0
2009-06-01 00:00:00-04:00,10.668043407293098,11.301555815288577,10.636758853143723,11.223344802856445,86600,0.0,0.0
2009-06-02 00:00:00-04:00,11.121667440584158,11.92724509732703,10.77753667254088,11.84903335571289,76800,0.0,0.0
2009-06-03 00:00:00-04:00,11.67696891589037,11.73953801189135,10.980886790526394,11.098203659057617,51800,0.0,0.0
2009-06-04 00:00:00-04:00,11.19206013441882,11.19206013441882,10.86357194626346,10.99653148651123,45200,0.0,0.0
2009-06-05 00:00:00-04:00,11.0982035672485,11.0982035672485,10.67586179979445,10.973065376281738,24200,0.0,0.0
2009-06-08 00:00:00-04:00,10.793180488232206,11.066920121765696,10.41776513205831,10.816643714904785,56300,0.0,0.0
2009-06-09 00:00:00-04:00,10.894852627446244,11.03563269669834,10.582006454467773,10.582006454467773,36500,0.0,0.0
2009-06-10 00:00:00-04:00,10.66804327496592,10.66804327496592,9.78425369885543,9.97196102142334,59500,0.0,0.0
2009-06-11 00:00:00-04:00,10.042351766922023,10.597653172908602,10.042351766922023,10.144026756286621,25500,0.0,0.0
2009-06-12 00:00:00-04:00,10.167487798831056,10.488154602376072,9.971959187315074,10.433406829833984,21900,0.0,0.0
2009-06-15 00:00:00-04:00,10.44905116455298,10.44905116455298,9.745148297504562,10.011067390441895,41400,0.0,0.0
2009-06-16 00:00:00-04:00,10.167490372107753,10.167490372107753,9.815538931480553,9.901571273803711,17200,0.0,0.0
2009-06-17 00:00:00-04:00,9.878106008464195,10.167488277629284,9.823358233343976,10.057991981506348,22500,0.0,0.0
2009-06-18 00:00:00-04:00,10.011063127154676,10.167485837009123,9.979778585183787,10.050168991088867,48600,0.0,0.0
2009-06-19 00:00:00-04:00,10.050172115342694,10.27698530161066,10.01888756364651,10.065814018249512,91700,0.0,0.0
2009-06-22 00:00:00-04:00,10.065812953753685,10.605472345795118,10.065812953753685,10.276984214782715,55300,0.0,0.0
2009-06-23 00:00:00-04:00,10.35519430516709,10.456869264985913,10.276983313994275,10.323909759521484,6800,0.0,0.0
2009-06-24 00:00:00-04:00,10.449050572307515,10.558546882570422,10.292627804705212,10.308270454406738,19400,0.0,0.0
2009-06-25 00:00:00-04:00,10.2926263241285,10.965245246887207,10.284805000402821,10.965245246887207,33400,0.0,0.0
2009-06-26 00:00:00-04:00,10.902318546191824,12.53845291170555,10.902318546191824,12.271008491516113,312800,0.08,0.0
2009-06-29 00:00:00-04:00,12.208078038143398,12.562049212539229,11.783311728672773,12.19234561920166,67600,0.0,0.0
2009-06-30 00:00:00-04:00,12.263139448556656,12.577780311506999,12.160880980557048,12.33393383026123,71600,0.0,0.0
2009-07-01 00:00:00-04:00,12.428328349911196,12.56991638891281,12.41259592882039,12.451926231384277,37900,0.0,0.0
2009-07-02 00:00:00-04:00,12.231675424545529,12.4047282751309,11.995694401049658,12.160881042480469,61300,0.0,0.0
2009-07-06 00:00:00-04:00,12.066487819866524,12.467655452768641,11.96422935950934,12.39686107635498,34200,0.0,0.0
2009-07-07 00:00:00-04:00,12.467659676513927,12.994683823733329,12.097956002308559,12.664310455322266,91700,0.0,0.0
2009-07-08 00:00:00-04:00,12.782299363165263,12.978950122598576,12.39686405471512,12.837361335754395,63900,0.0,0.0
2009-07-09 00:00:00-04:00,12.931754031623552,13.034011763785331,12.648576465135253,12.884556770324707,37500,0.0,0.0
2009-07-10 00:00:00-04:00,12.813762760222541,13.120537430248696,12.396862657107308,13.065475463867188,27300,0.0,0.0
2009-07-13 00:00:00-04:00,13.183464822479353,13.561033855502034,12.68003944511578,13.54530143737793,71100,0.0,0.0
2009-07-14 00:00:00-04:00,13.482377447112219,13.757688848375047,12.916023721909081,13.647564888000488,47000,0.0,0.0
2009-07-15 00:00:00-04:00,13.765550145916952,14.158851578657437,13.419444465014074,14.135252952575684,72700,0.0,0.0
2009-07-16 00:00:00-04:00,14.111656173663087,14.158851926660695,13.915005452459468,14.150985717773438,84400,0.0,0.0
2009-07-17 00:00:00-04:00,14.15098467561341,14.15098467561341,13.521703014236124,13.922870635986328,54600,0.0,0.0
2009-07-20 00:00:00-04:00,14.064459210257313,14.150986009474826,13.600364878950021,14.040862083435059,22800,0.0,0.0
2009-07-21 00:00:00-04:00,14.056593185384532,14.150984684487405,13.765549479111385,14.064457893371582,41900,0.0,0.0
2009-07-22 00:00:00-04:00,13.891413688659668,14.119529358109729,13.5925051049019,13.891413688659668,74500,0.0,0.0
2009-07-23 00:00:00-04:00,13.820613089864146,14.268976515039776,13.820613089864146,14.261110305786133,68000,0.0,0.0
2009-07-24 00:00:00-04:00,14.143118775694587,14.47349203020287,13.883539897175641,14.449894905090332,36000,0.0,0.0
2009-07-27 00:00:00-04:00,14.434162927391299,14.434162927391299,13.907138945835564,14.158851623535156,31000,0.0,0.0
2009-07-28 00:00:00-04:00,14.158852301207144,14.434163618240257,13.930736738420116,14.229646682739258,42900,0.0,0.0
2009-07-29 00:00:00-04:00,14.135255492181065,14.3948344244139,13.836347009738413,13.977935791015625,36700,0.0,0.0
2009-07-30 00:00:00-04:00,14.158856080699904,14.520692793716684,14.009401068645575,14.331908226013184,63000,0.0,0.0
2009-07-31 00:00:00-04:00,14.213915522797237,14.552155042208863,14.166719764373275,14.324039459228516,39400,0.0,0.0
2009-08-03 00:00:00-04:00,14.465624856361062,14.552151643534973,14.198179787210575,14.48922348022461,53300,0.0,0.0
2009-08-04 00:00:00-04:00,14.30830804717639,14.552154541015625,14.166719276454879,14.552154541015625,34200,0.0,0.0
2009-08-05 00:00:00-04:00,14.497097054965364,14.630819657492545,14.190322290478635,14.583623886108398,38500,0.0,0.0
2009-08-06 00:00:00-04:00,14.646547431861126,14.670144559899049,14.20604870435667,14.237513542175293,21700,0.0,0.0
2009-08-07 00:00:00-04:00,14.552156548494363,14.945458076832049,14.17458744136849,14.827467918395996,45400,0.0,0.0
2009-08-10 00:00:00-04:00,14.67801063692979,14.929723335903663,14.213914785574449,14.685876846313477,39500,0.0,0.0
2009-08-11 00:00:00-04:00,14.622948877867898,14.725206600646406,14.190317857943828,14.426298141479492,42600,0.0,0.0
2009-08-12 00:00:00-04:00,14.300443095568156,14.858930517733716,14.300443095568156,14.504960060119629,40400,0.0,0.0
2009-08-13 00:00:00-04:00,14.615079806845337,14.835329128594491,14.34763473769485,14.48922348022461,24600,0.0,0.0
2009-08-14 00:00:00-04:00,14.504960473994304,14.55215623629093,13.686892592446222,14.001533508300781,48700,0.0,0.0
2009-08-17 00:00:00-04:00,13.68689547015311,14.552159295921882,13.68689547015311,14.300446510314941,48700,0.0,0.0
2009-08-18 00:00:00-04:00,14.371237714874315,14.418433476572126,14.253247560466685,14.347639083862305,59400,0.0,0.0
2009-08-19 00:00:00-04:00,14.261109125694281,14.473492256990152,14.245378208814719,14.355502128601074,55300,0.0,0.0
2009-08-20 00:00:00-04:00,14.35550311953807,14.62294822918842,14.29257494669834,14.520689010620117,87900,0.0,0.0
2009-08-21 00:00:00-04:00,14.662279191119596,14.74880599975586,14.33977208661769,14.74880599975586,83900,0.0,0.0
2009-08-24 00:00:00-04:00,14.748805235016443,14.748805235016443,14.17458544461139,14.528555870056152,36200,0.0,0.0
2009-08-25 00:00:00-04:00,14.591488597733655,14.74880983611617,14.47349841911003,14.583623886108398,36100,0.0,0.0
2009-08-26 00:00:00-04:00,14.607216876822251,14.630815505981445,14.324039328216296,14.630815505981445,36000,0.0,0.0
2009-08-27 00:00:00-04:00,14.473494312239005,14.788135199397791,14.237514021951439,14.630815505981445,23900,0.0,0.0
2009-08-28 00:00:00-04:00,14.630814287940712,14.630814287940712,14.064459237878845,14.103790283203125,23000,0.0,0.0
2009-08-31 00:00:00-04:00,13.970068248675833,14.29257533068472,13.773417515727681,13.797016143798828,67100,0.0,0.0
2009-09-01 00:00:00-04:00,13.797015935501806,14.371235706963022,13.529570822703922,13.537435531616211,53600,0.0,0.0
2009-09-02 00:00:00-04:00,13.529573142719288,13.78915209079079,13.419447694825196,13.702625274658203,125900,0.0,0.0
2009-09-03 00:00:00-04:00,13.844210295821831,14.709473720621794,13.553166584631299,13.93073558807373,130400,0.0,0.0
2009-09-04 00:00:00-04:00,13.844215682727784,13.962205854673826,13.545305646782948,13.710493087768555,62300,0.0,0.0
2009-09-08 00:00:00-04:00,13.828480947435818,13.915007759213655,13.584634432811043,13.671159744262695,29600,0.0,0.0
2009-09-09 00:00:00-04:00,13.702624099640863,14.072326963577707,13.608231081015427,13.859945297241211,16000,0.0,0.0
2009-09-10 00:00:00-04:00,13.797018301377959,13.797018301377959,13.576768905916035,13.702625274658203,23300,0.0,0.0
2009-09-11 00:00:00-04:00,13.592500627597744,13.592500627597744,13.435179424602914,13.505973815917969,13100,0.0,0.0
2009-09-14 00:00:00-04:00,13.419442098276523,13.726218181930745,13.214925209282253,13.663290023803711,37800,0.0,0.0
2009-09-15 00:00:00-04:00,13.663293886205398,13.922872799399059,13.490240277192251,13.78915023803711,20400,0.0,0.0
2009-09-16 00:00:00-04:00,13.844212187734131,14.552154541015625,13.568900855811867,14.552154541015625,61700,0.0,0.0
2009-09-17 00:00:00-04:00,14.536425002793223,14.92186034373929,14.29257846062864,14.678013801574707,45500,0.0,0.0
2009-09-18 00:00:00-04:00,14.709478390366172,14.94545871735172,14.630817781262213,14.937592506408691,80900,0.0,0.0
2009-09-21 00:00:00-04:00,14.74880820096545,14.79600396711716,14.46563060340248,14.678013801574707,20100,0.0,0.0
2009-09-22 00:00:00-04:00,14.780270116139405,14.882527839257131,14.386968642057901,14.552154541015625,20600,0.0,0.0
2009-09-23 00:00:00-04:00,14.63081665470159,14.788136360469693,14.33190666318763,14.347639083862305,15900,0.0,0.0
2009-09-24 00:00:00-04:00,14.465623731538145,14.465623731538145,14.158849146795124,14.276839256286621,22400,0.0,0.0
2009-09-25 00:00:00-04:00,14.229648608901067,14.426299361925873,14.158854217786041,14.292576789855957,31600,0.0,0.0
2009-09-28 00:00:00-04:00,14.466395615968569,14.956246936787341,14.371586655139945,14.829833984375,24800,0.08,0.0
2009-09-29 00:00:00-04:00,14.83773535275616,14.83773535275616,14.561206447339005,14.695520401000977,17800,0.0,0.0
2009-09-30 00:00:00-04:00,14.616511294357482,14.66391577390355,14.229371446315254,14.260973930358887,42600,0.0,0.0
2009-10-01 00:00:00-04:00,14.482197448654432,14.482197448654432,13.368182376216494,13.376083374023438,55400,0.0,0.0
2009-10-02 00:00:00-04:00,13.281274230332397,13.621009635067937,13.233869745729718,13.24177074432373,26200,0.0,0.0
2009-10-05 00:00:00-04:00,13.281270864885819,13.605204190349301,13.233866392295338,13.518296241760254,26000,0.0,0.0
2009-10-06 00:00:00-04:00,13.628908333218812,13.763222272723182,13.368181451470463,13.597304344177246,20900,0.0,0.0
2009-10-07 00:00:00-04:00,13.5657013285938,13.786924722301205,13.233866991513233,13.707916259765625,11900,0.0,0.0
2009-10-08 00:00:00-04:00,13.826431077628065,13.826431077628065,13.233869745729718,13.24177074432373,41200,0.0,0.0
2009-10-09 00:00:00-04:00,13.194362939095193,13.739518142230235,13.194362939095193,13.628907203674316,44200,0.0,0.0
2009-10-12 00:00:00-04:00,13.652609292997722,13.700013762543428,13.225964546203613,13.225964546203613,48400,0.0,0.0
2009-10-13 00:00:00-04:00,13.22596552142564,13.273369994466735,13.12325557867643,13.265470504760742,31900,0.0,0.0
2009-10-14 00:00:00-04:00,13.38398208534135,13.541997493601501,13.297072631273624,13.415584564208984,42200,0.0,0.0
2009-10-15 00:00:00-04:00,13.328677145875542,13.41558509643008,13.186462217926785,13.233866691589355,60000,0.0,0.0
2009-10-16 00:00:00-04:00,13.1706594046915,13.21806387540379,12.83882509578358,13.036345481872559,40100,0.0,0.0
2009-10-19 00:00:00-04:00,13.131157581745974,13.194364052965401,12.48329012152599,12.609703063964844,66800,0.0,0.0
2009-10-20 00:00:00-04:00,12.570198368840282,12.665008825663541,12.222562789916992,12.222562789916992,37000,0.0,0.0
2009-10-21 00:00:00-04:00,12.214662493009502,12.364777676869076,11.788018426774215,11.851224899291992,40100,0.0,0.0
2009-10-22 00:00:00-04:00,11.98553496324654,12.412178891419968,11.89862628002837,12.206757545471191,18600,0.0,0.0
2009-10-23 00:00:00-04:00,12.578101712863374,12.578101712863374,11.85122643145564,11.930234909057617,28500,0.0,0.0
2009-10-26 00:00:00-04:00,11.977639192196053,12.262069104014124,11.788019753304456,11.87492847442627,57100,0.0,0.0
2009-10-27 00:00:00-04:00,11.953936950704772,12.096151906613807,11.811721994795736,11.87492847442627,26600,0.0,0.0
2009-10-28 00:00:00-04:00,11.819621975585735,11.985539158702483,11.353473663330078,11.353473663330078,41700,0.0,0.0
2009-10-29 00:00:00-04:00,11.535193645170724,11.89863127381256,11.535193645170724,11.70111083984375,30900,0.0,0.0
2009-10-30 00:00:00-04:00,11.40877681961423,11.74061111836089,10.666100522192936,10.713505744934082,95100,0.0,0.0
2009-11-02 00:00:00-05:00,10.824116833733207,10.982132989379148,9.907622377506286,10.626596450805664,56100,0.0,0.0
2009-11-03 00:00:00-05:00,10.55549359685881,10.55549359685881,9.970833189190996,10.144651412963867,72900,0.0,0.0
2009-11-04 00:00:00-05:00,10.184152063994928,10.310564999050046,9.433573943514242,9.544185638427734,86400,0.0,0.0
2009-11-05 00:00:00-05:00,9.654799151091924,11.10854968489072,9.654799151091924,11.092747688293457,46700,0.0,0.0
2009-11-06 00:00:00-05:00,10.958432155154666,11.274465260323677,10.666102041472712,10.753010749816895,41000,0.0,0.0
2009-11-09 00:00:00-05:00,10.91102850457041,11.377176070205197,10.69770608593226,11.155953407287598,59000,0.0,0.0
2009-11-10 00:00:00-05:00,11.045338394067835,11.661602472301613,10.8636200208443,10.926826477050781,32000,0.0,0.0
2009-11-11 00:00:00-05:00,11.08484395327162,11.653702881156862,11.037439482144798,11.51148796081543,92100,0.0,0.0
2009-11-12 00:00:00-05:00,11.448281737889051,11.606297900770926,10.91892702712439,11.013736724853516,69500,0.0,0.0
2009-11-13 00:00:00-05:00,11.029535567810113,11.329766568278961,10.824114237992434,10.847816467285156,25000,0.0,0.0
2009-11-16 00:00:00-05:00,10.997934420584922,11.558892309619083,10.950529199569456,11.20335578918457,53400,0.0,0.0
2009-11-17 00:00:00-05:00,11.124346245670825,11.440378509788605,10.950528123665869,11.298164367675781,54400,0.0,0.0
2009-11-18 00:00:00-05:00,11.503588091131192,11.51938933085924,11.163852771952326,11.47988510131836,26000,0.0,0.0
2009-11-19 00:00:00-05:00,11.32186936772527,11.32186936772527,10.705605925256492,10.887324333190918,38000,0.0,0.0
2009-11-20 00:00:00-05:00,10.824117521094314,11.258662541825798,10.824117521094314,11.021637916564941,27800,0.0,0.0
2009-11-23 00:00:00-05:00,11.242860620420057,11.440381017153907,11.07694421050492,11.27446460723877,48100,0.0,0.0
2009-11-24 00:00:00-05:00,11.290264477724161,11.32186770722907,10.982132424940996,11.21125602722168,25900,0.0,0.0
2009-11-25 00:00:00-05:00,11.313968100729667,11.313968100729667,10.594993976099573,10.618696212768555,34000,0.0,0.0
2009-11-27 00:00:00-05:00,10.436975527473312,11.140148258425508,10.136744499206543,10.136744499206543,33400,0.0,0.0
2009-11-30 00:00:00-05:00,10.144649139826399,10.413277038152117,9.741707292337821,10.278963088989258,67200,0.0,0.0
2009-12-01 00:00:00-05:00,10.429073670543557,10.579189549010364,10.263156556884626,10.342164993286133,35700,0.0,0.0
2009-12-02 00:00:00-05:00,10.326366094154666,10.824117584053516,10.271060624214966,10.508085250854492,24800,0.0,0.0
2009-12-03 00:00:00-05:00,10.587091825572415,10.587091825572415,9.797010323560132,10.041935920715332,44900,0.0,0.0
2009-12-04 00:00:00-05:00,10.310563882281015,10.713505634235734,10.057737286074682,10.405373573303223,41200,0.0,0.0
2009-12-07 00:00:00-05:00,10.436977399547775,10.650299028157322,10.365869938851095,10.49228286743164,18200,0.0,0.0
2009-12-08 00:00:00-05:00,10.42907530188289,10.666099894683038,10.294761391078818,10.587091445922852,52500,0.0,0.0
2009-12-09 00:00:00-05:00,10.563391697303379,10.721407878510345,10.310565807372235,10.610796928405762,20200,0.0,0.0
2009-12-10 00:00:00-05:00,10.697704058678209,10.745109282774541,10.27896105199593,10.476481437683105,31000,0.0,0.0
2009-12-11 00:00:00-05:00,10.579195026282958,10.903128426977899,10.397475829868307,10.737211227416992,31300,0.0,0.0
2009-12-14 00:00:00-05:00,10.768813545719523,11.061143681161107,10.484384408028403,11.053242683410645,32000,0.0,0.0
2009-12-15 00:00:00-05:00,10.982131615743906,11.100644282765252,10.681901334309389,11.061140060424805,49800,0.0,0.0
2009-12-16 00:00:00-05:00,11.108544936636472,11.535188867148522,11.045337730745477,11.140148162841797,38900,0.0,0.0
2009-12-17 00:00:00-05:00,11.076946064860854,11.377176455094055,10.784615165693726,11.069045066833496,60000,0.0,0.0
2009-12-18 00:00:00-05:00,11.219154677700242,11.62209633476664,10.713503111323837,11.432476997375488,136600,0.0,0.0
2009-12-21 00:00:00-05:00,11.606299775125683,11.630002768496244,11.15595344981371,11.519391059875488,25100,0.0,0.0
2009-12-22 00:00:00-05:00,11.574695374556352,11.574695374556352,11.306068258004071,11.456183433532715,31500,0.0,0.0
2009-12-23 00:00:00-05:00,11.543091943723763,11.61419940852075,11.250761841154336,11.448282241821289,15800,0.0,0.0
2009-12-24 00:00:00-05:00,11.503587064463934,11.503587064463934,11.124347549590395,11.266562461853027,16800,0.0,0.0
2009-12-28 00:00:00-05:00,11.361371954602651,11.369272950364369,11.100645122309384,11.258661270141602,48300,0.0,0.0
2009-12-29 00:00:00-05:00,11.322225113054454,11.481133384146933,11.147425635985524,11.35400676727295,33200,0.08,0.0
2009-12-30 00:00:00-05:00,11.250718146008156,11.481135368347168,11.210990881935663,11.481135368347168,30500,0.0,0.0
2009-12-31 00:00:00-05:00,11.401681428814502,11.44140793456319,11.052082419443648,11.09975528717041,27000,0.0,0.0
2010-01-04 00:00:00-05:00,11.32222433344881,11.512914245629599,11.020298260295386,11.504968643188477,31700,0.0,0.0
2010-01-05 00:00:00-05:00,11.449354533046522,11.497027404913105,10.932902336120605,10.932902336120605,50200,0.0,0.0
2010-01-06 00:00:00-05:00,10.948789005032262,11.004407462614092,10.646862941496364,10.686590194702148,36800,0.0,0.0
2010-01-07 00:00:00-05:00,10.702482053718226,11.441405674512593,10.487955327925606,11.179206848144531,46500,0.0,0.0
2010-01-08 00:00:00-05:00,11.179210603295283,11.322228468530755,10.638922321460033,10.758103370666504,31200,0.0,0.0
2010-01-11 00:00:00-05:00,10.845502633397796,10.86139384390381,10.360832078983734,10.376723289489746,44700,0.0,0.0
2010-01-12 00:00:00-05:00,10.487957271510918,10.527684534508799,10.305212922548995,10.344940185546875,35000,0.0,0.0
2010-01-13 00:00:00-05:00,10.368776886443625,10.670703043215507,10.344940830253218,10.591248512268066,32400,0.0,0.0
2010-01-14 00:00:00-05:00,10.56741252882541,11.727444293783408,10.56741252882541,11.679771423339844,80000,0.0,0.0
2010-01-15 00:00:00-05:00,11.727440789412974,11.727440789412974,11.385787466907537,11.560586929321289,65000,0.0,0.0
2010-01-19 00:00:00-05:00,11.536751891677758,11.957859001125179,11.473187825262016,11.894295692443848,47800,0.0,0.0
2010-01-20 00:00:00-05:00,11.783061976466357,12.029370417185573,11.679771388921818,11.949915885925293,49200,0.0,0.0
2010-01-21 00:00:00-05:00,11.949911752616517,12.259783408069822,11.91813010265215,12.069092750549316,53300,0.0,0.0
2010-01-22 00:00:00-05:00,12.061150091713653,12.156495058882268,11.94991391781638,12.092931747436523,29500,0.0,0.0
2010-01-25 00:00:00-05:00,12.11676651264491,12.514037545846382,12.045257605431146,12.418692588806152,38900,0.0,0.0
2010-01-26 00:00:00-05:00,12.331293275945502,12.704727502847733,12.251838765943038,12.482255935668945,39400,0.0,0.0
2010-01-27 00:00:00-05:00,12.426642957018238,12.712677937835052,12.363079627947835,12.649114608764648,30300,0.0,0.0
2010-01-28 00:00:00-05:00,12.665001252933521,12.704728511087485,12.418693616300912,12.545820236206055,45200,0.0,0.0
2010-01-29 00:00:00-05:00,12.649111854662557,12.712675169893265,12.29951286315918,12.29951286315918,54300,0.0,0.0
2010-02-01 00:00:00-05:00,12.339238124875724,12.474310337284365,12.148548210087418,12.275674819946289,27000,0.0,0.0
2010-02-02 00:00:00-05:00,12.251839069174853,12.418692938122152,11.791004718317435,11.88634967803955,55600,0.0,0.0
2010-02-03 00:00:00-05:00,11.854570549376229,12.092933378311022,11.592371664868319,11.902242660522461,29600,0.0,0.0
2010-02-04 00:00:00-05:00,11.767168860230669,11.8863498723985,11.187152731935717,11.203043937683105,44400,0.0,0.0
2010-02-05 00:00:00-05:00,11.218937800626009,11.783062894887479,10.901121166282064,11.655936241149902,64900,0.0,0.0
2010-02-08 00:00:00-05:00,11.600316198425363,11.64004270146837,11.123590584564521,11.210989952087402,38400,0.0,0.0
2010-02-09 00:00:00-05:00,11.123592410732611,11.258664664910274,10.924956831969528,11.020301818847656,54000,0.0,0.0
2010-02-10 00:00:00-05:00,10.92495349737885,11.298388483636696,10.805772489592101,11.195097923278809,52700,0.0,0.0
2010-02-11 00:00:00-05:00,11.107698720392563,11.203044443714784,10.821663823629187,11.131535530090332,32600,0.0,0.0
2010-02-12 00:00:00-05:00,10.97262832515591,11.171263878953026,10.805774429656951,11.115645408630371,47200,0.0,0.0
2010-02-16 00:00:00-05:00,11.314281053290724,11.346062711844118,10.845501021327308,11.30633544921875,32400,0.0,0.0
2010-02-17 00:00:00-05:00,11.38578775132889,11.38578775132889,11.020298370461532,11.17126178741455,40200,0.0,0.0
2010-02-18 00:00:00-05:00,11.171260702790299,11.441404342651367,11.171260702790299,11.441404342651367,22400,0.0,0.0
2010-02-19 00:00:00-05:00,11.425519067127992,11.64799071263517,11.298392412552461,11.449355125427246,39000,0.0,0.0
2010-02-22 00:00:00-05:00,11.536751506158069,11.71949582307659,11.433460943568928,11.576478004455566,20800,0.0,0.0
2010-02-23 00:00:00-05:00,11.584426369531316,11.584426369531316,11.139483117533178,11.322227478027344,44600,0.0,0.0
2010-02-24 00:00:00-05:00,11.640044157592635,11.735389898479765,11.3460636034386,11.679771423339844,28000,0.0,0.0
2010-02-25 00:00:00-05:00,11.473189763985761,11.751279854758671,11.338118278514546,11.481135368347168,24800,0.0,0.0
2010-02-26 00:00:00-05:00,11.520862098625189,11.520862098625189,11.19509991224641,11.2189359664917,29300,0.0,0.0
2010-03-01 00:00:00-05:00,11.274554528387457,11.512917362001826,11.179209546488622,11.298391342163086,47100,0.0,0.0
2010-03-02 00:00:00-05:00,11.338118358482758,11.695662222187886,11.179209301071994,11.671825408935547,35600,0.0,0.0
2010-03-03 00:00:00-05:00,11.663883300722501,11.798955576593464,11.004413133933559,11.036194801330566,32400,0.0,0.0
2010-03-04 00:00:00-05:00,10.869336744585741,11.457297747785173,10.869336744585741,11.361952781677246,16800,0.0,0.0
2010-03-05 00:00:00-05:00,11.36195023453123,11.886347809431488,11.298386938042366,11.846620559692383,34500,0.0,0.0
2010-03-08 00:00:00-05:00,11.806898016931187,11.830734830918075,11.242772967395823,11.552644729614258,32200,0.0,0.0
2010-03-09 00:00:00-05:00,11.584423988777994,11.584423988777994,11.20304413687251,11.417570114135742,36700,0.0,0.0
2010-03-10 00:00:00-05:00,11.385789799910809,11.719497588472516,11.385789799910809,11.528807640075684,31100,0.0,0.0
2010-03-11 00:00:00-05:00,11.401681077154322,11.910187609305197,11.338117760635463,11.82278823852539,33000,0.0,0.0
2010-03-12 00:00:00-05:00,11.82278840107657,11.918133377165756,11.71949782087966,11.870460510253906,51000,0.0,0.0
2010-03-15 00:00:00-04:00,11.806898152806687,12.41869607962192,11.759226039753429,12.267732620239258,30100,0.0,0.0
2010-03-16 00:00:00-04:00,12.148548668340208,12.148548668340208,11.88634983618235,12.140603065490723,15600,0.0,0.0
2010-03-17 00:00:00-04:00,12.140602394944727,12.307456256896323,11.783058621543976,11.854567527770996,32200,0.0,0.0
2010-03-18 00:00:00-04:00,11.759221989288141,12.045256842286683,11.759221989288141,11.798949241638184,10000,0.0,0.0
2010-03-19 00:00:00-04:00,11.64004493224526,11.735390679477712,11.242773763803653,11.568536758422852,144100,0.0,0.0
2010-03-22 00:00:00-04:00,11.536750880089432,11.61620463010707,11.258660860691844,11.560586929321289,35800,0.0,0.0
2010-03-23 00:00:00-04:00,11.528810057506233,11.528810057506233,11.020302664086612,11.39373779296875,46300,0.0,0.0
2010-03-24 00:00:00-04:00,11.242768601047308,11.385786398486614,11.099751561342275,11.123587608337402,46200,0.0,0.0
2010-03-25 00:00:00-04:00,11.226878254857187,11.49702264897053,11.139478909946396,11.250714302062988,32500,0.0,0.0
2010-03-26 00:00:00-04:00,11.274550198934907,11.369895901955339,11.012351409964394,11.06002426147461,19900,0.0,0.0
2010-03-29 00:00:00-04:00,11.18789034081745,11.259812614946746,10.780331295494465,10.948149681091309,38100,0.08,0.0
2010-03-30 00:00:00-04:00,10.932167376903992,11.068020392011654,10.852253569623763,10.948149681091309,38700,0.0,0.0
2010-03-31 00:00:00-04:00,10.876226583166334,11.147932592801888,10.70041743984938,10.804305076599121,77700,0.0,0.0
2010-04-01 00:00:00-04:00,10.844260148307168,10.884217044990123,10.604520292438263,10.83626937866211,33600,0.0,0.0
2010-04-05 00:00:00-04:00,10.844264269434461,11.107978820800781,10.74037660342429,11.107978820800781,38400,0.0,0.0
2010-04-06 00:00:00-04:00,11.115968209973223,11.643397210900575,11.10797667671928,11.491561889648438,26100,0.0,0.0
2010-04-07 00:00:00-04:00,11.49156322150776,11.755277752535655,11.49156322150776,11.723312377929688,34100,0.0,0.0
2010-04-08 00:00:00-04:00,11.65937777155235,11.979031411863934,11.595447043490033,11.939074516296387,30400,0.0,0.0
2010-04-09 00:00:00-04:00,11.93907302616461,11.93907302616461,11.731298566951887,11.811211585998535,25300,0.0,0.0
2010-04-12 00:00:00-04:00,11.827197178085436,11.987024012495823,11.715318012940937,11.907110214233398,76800,0.0,0.0
2010-04-13 00:00:00-04:00,11.795229287034925,11.923090727201,11.66736784686885,11.811211585998535,22900,0.0,0.0
2010-04-14 00:00:00-04:00,11.907108657720928,12.122875427555485,11.643394224888263,12.058944702148438,254500,0.0,0.0
2010-04-15 00:00:00-04:00,12.042964758826352,12.386593068473568,12.003008616684214,12.250740051269531,76700,0.0,0.0
2010-04-16 00:00:00-04:00,12.242747545651612,12.242747545651612,11.867154656966854,12.066938400268555,70600,0.0,0.0
2010-04-19 00:00:00-04:00,11.987027798769146,12.354630015082655,11.81920937910179,12.298690795898438,38800,0.0,0.0
2010-04-20 00:00:00-04:00,12.314670618795615,12.458515167236328,12.074929958765944,12.458515167236328,69000,0.0,0.0
2010-04-21 00:00:00-04:00,12.498468463833854,12.586373016892262,12.21077944998029,12.218770980834961,67200,0.0,0.0
2010-04-22 00:00:00-04:00,12.578385494704078,12.786160790456492,12.426550170647818,12.618342399597168,99500,0.0,0.0
2010-04-23 00:00:00-04:00,12.730220389829233,12.826115733217321,12.602358915825782,12.81812572479248,97400,0.0,0.0
2010-04-26 00:00:00-04:00,12.834108584669131,12.94598852909038,12.506463333338731,12.586377143859863,52100,0.0,0.0
2010-04-27 00:00:00-04:00,12.554410873755604,12.858082265046583,12.346635590959483,12.410566329956055,50200,0.0,0.0
2010-04-28 00:00:00-04:00,12.474497506113122,12.914021923703292,12.39458446062417,12.714238166809082,61600,0.0,0.0
2010-04-29 00:00:00-04:00,12.866073193093017,13.121796137057318,12.618341019541733,13.06585693359375,60500,0.0,0.0
2010-04-30 00:00:00-04:00,13.025902050972002,13.113807403306545,12.794153655129982,13.033893585205078,97500,0.0,0.0
2010-05-03 00:00:00-04:00,13.057863538841888,13.185724992589302,12.95397515502914,13.137777328491211,53100,0.0,0.0
2010-05-04 00:00:00-04:00,12.906029443058008,12.969960179601685,12.658298029479885,12.898037910461426,68800,0.0,0.0
2010-05-05 00:00:00-04:00,12.738212352161868,12.985944552807375,12.490480913630934,12.618342399597168,58500,0.0,0.0
2010-05-06 00:00:00-04:00,12.554409156130532,12.642313719695569,11.419637551022788,11.98702335357666,79200,0.0,0.0
2010-05-07 00:00:00-04:00,11.987021880014272,12.498468421256037,11.707324397968208,11.971038818359375,62400,0.0,0.0
2010-05-10 00:00:00-04:00,12.78615997019527,13.03389139283367,12.27471329702623,12.65829849243164,51000,0.0,0.0
2010-05-11 00:00:00-04:00,12.530436807053995,13.025899644121584,12.426549167563707,12.90602970123291,32200,0.0,0.0
2010-05-12 00:00:00-04:00,12.914020035132186,13.329570554516216,12.778167039342362,13.281622886657715,91600,0.0,0.0
2010-05-13 00:00:00-04:00,13.193717558726394,13.353543626331028,13.03388996689288,13.281622886657715,39800,0.0,0.0
2010-05-14 00:00:00-04:00,13.185725749743689,13.185725749743689,12.490478483483662,12.778166770935059,33900,0.0,0.0
2010-05-17 00:00:00-04:00,12.87406658660207,13.009919610749654,12.482489819410128,12.810135841369629,35500,0.0,0.0
2010-05-18 00:00:00-04:00,12.985940194634466,12.985940194634466,12.482485191019535,12.746199607849121,36400,0.0,0.0
2010-05-19 00:00:00-04:00,12.69825246525917,12.86607080663667,12.49846876181521,12.76218318939209,21800,0.0,0.0
2010-05-20 00:00:00-04:00,12.41056611872418,12.626332930751083,12.354626913582914,12.362618446350098,63400,0.0,0.0
2010-05-21 00:00:00-04:00,12.162835554020086,12.698256093190354,12.162835554020086,12.650307655334473,84900,0.0,0.0
2010-05-24 00:00:00-04:00,12.674278649784197,12.842097001458592,12.402573436605342,12.474494934082031,76300,0.0,0.0
2010-05-25 00:00:00-04:00,12.162835076316755,12.578384885583612,12.162835076316755,12.522445678710938,62600,0.0,0.0
2010-05-26 00:00:00-04:00,12.522443759569072,12.618339854703216,12.178815513752575,12.274711608886719,133400,0.0,0.0
2010-05-27 00:00:00-04:00,12.610347943065195,12.866071617834436,12.386590394492204,12.834105491638184,116600,0.0,0.0
2010-05-28 00:00:00-04:00,12.754194134295401,13.137779315671956,12.506461958602783,12.898037910461426,63700,0.0,0.0
2010-06-01 00:00:00-04:00,12.802140754050734,12.802140754050734,12.36261643099554,12.39458179473877,57500,0.0,0.0
2010-06-02 00:00:00-04:00,12.418557386383851,12.922012508251175,12.250739012428076,12.898037910461426,50700,0.0,0.0
2010-06-03 00:00:00-04:00,12.8820573768847,13.425467917886607,12.818126635341589,13.04188346862793,105600,0.0,0.0
2010-06-04 00:00:00-04:00,12.666288170826032,12.738209669952024,12.266720730258832,12.306676864624023,70900,0.0,0.0
2010-06-07 00:00:00-04:00,12.41056331541491,12.49846863176878,12.074926636152208,12.082918167114258,41200,0.0,0.0
2010-06-08 00:00:00-04:00,12.202791067452932,12.322661005255844,12.02698116484278,12.162834167480469,41200,0.0,0.0
2010-06-09 00:00:00-04:00,12.330652537673233,12.330652537673233,12.003007329705094,12.162834167480469,63300,0.0,0.0
2010-06-10 00:00:00-04:00,12.298686095019631,12.354625292822428,12.082919311298426,12.306676864624023,61000,0.0,0.0
2010-06-11 00:00:00-04:00,12.106893900023799,12.450522164236657,12.058946230947026,12.442530632019043,37300,0.0,0.0
2010-06-14 00:00:00-04:00,12.602357195152702,13.001924627915473,12.46650420704421,12.546417236328125,39800,0.0,0.0
2010-06-15 00:00:00-04:00,12.6902619904846,12.914019543574218,12.53043516684916,12.842097282409668,49700,0.0,0.0
2010-06-16 00:00:00-04:00,12.746203537427574,12.945988056436333,12.67428126300733,12.714238166809082,24200,0.0,0.0
2010-06-17 00:00:00-04:00,12.762182655687324,12.762182655687324,12.538424368465162,12.634321212768555,15500,0.0,0.0
2010-06-18 00:00:00-04:00,12.730221233175604,12.890047324153509,12.64231589238884,12.714238166809082,72000,0.0,0.0
2010-06-21 00:00:00-04:00,12.906026892076943,12.906026892076943,12.386589569801954,12.402572631835938,18800,0.0,0.0
2010-06-22 00:00:00-04:00,12.426549849530538,12.59436823605323,12.082921543290134,12.098904609680176,36600,0.0,0.0
2010-06-23 00:00:00-04:00,12.042963622895316,12.06693822045671,11.947067518993206,11.955059051513672,31700,0.0,0.0
2010-06-24 00:00:00-04:00,11.843179303674228,12.29069519545725,11.843179303674228,11.931084632873535,37800,0.0,0.0
2010-06-25 00:00:00-04:00,12.02698090920641,12.20279080807968,11.883136377208784,12.154842376708984,105000,0.0,0.0
2010-06-28 00:00:00-04:00,12.138777003220145,12.323550318503154,11.90580248648542,12.130743980407715,31200,0.08,0.0
2010-06-29 00:00:00-04:00,11.929901649405707,12.122707951881788,11.632657642074903,11.672825813293457,51300,0.0,0.0
2010-06-30 00:00:00-04:00,11.648722681903342,11.937932072676698,11.6406888961792,11.6406888961792,38700,0.0,0.0
2010-07-01 00:00:00-04:00,11.608557440233742,11.648725612817117,11.198843458942816,11.5362548828125,36600,0.0,0.0
2010-07-02 00:00:00-04:00,11.664791940069868,11.664791940069868,11.25507800262204,11.375581741333008,34800,0.0,0.0
2010-07-06 00:00:00-04:00,11.463952992834693,11.552322358841955,11.046205227394925,11.070305824279785,46900,0.0,0.0
2010-07-07 00:00:00-04:00,11.150643121026045,11.488054570805858,11.102441156995688,11.463953971862793,46600,0.0,0.0
2010-07-08 00:00:00-04:00,11.552323998388545,11.608558987815673,11.23097934102601,11.576424598693848,41200,0.0,0.0
2010-07-09 00:00:00-04:00,11.53625295897513,11.696925622514135,11.4800179864229,11.63265609741211,26700,0.0,0.0
2010-07-12 00:00:00-04:00,11.568387320942024,11.704958625057017,11.504118562081327,11.544286727905273,32000,0.0,0.0
2010-07-13 00:00:00-04:00,11.737094940727072,12.227145265562333,11.608557401801155,12.211077690124512,46800,0.0,0.0
2010-07-14 00:00:00-04:00,12.122707827414068,12.122707827414068,11.865632760085433,11.97006893157959,32600,0.0,0.0
2010-07-15 00:00:00-04:00,12.002204678407834,12.002204678407834,11.688894596046065,11.83349895477295,38200,0.0,0.0
2010-07-16 00:00:00-04:00,11.696926172305302,11.86563186403571,11.455917931812712,11.592489242553711,59500,0.0,0.0
2010-07-19 00:00:00-04:00,11.696925937387244,11.696925937387244,11.26311141967083,11.327380180358887,33500,0.0,0.0
2010-07-20 00:00:00-04:00,11.255079675413485,11.70496108186608,11.24704588733364,11.688894271850586,37600,0.0,0.0
2010-07-21 00:00:00-04:00,11.785298223671155,11.929903354265285,11.41575237470946,11.423786163330078,41000,0.0,0.0
2010-07-22 00:00:00-04:00,11.63265720539219,12.026304349183766,11.39164971941643,12.002202987670898,52400,0.0,0.0
2010-07-23 00:00:00-04:00,11.994168246030812,12.299445219436853,11.801361212307416,12.283377647399902,50100,0.0,0.0
2010-07-26 00:00:00-04:00,12.36371598782013,12.85376552255568,12.31551403000713,12.845731735229492,38400,0.0,0.0
2010-07-27 00:00:00-04:00,12.853764975648199,12.998370076790351,12.500286775921275,12.612756729125977,46600,0.0,0.0
2010-07-28 00:00:00-04:00,12.620791636991909,12.636858446243469,12.211077658130897,12.307480812072754,31800,0.0,0.0
2010-07-29 00:00:00-04:00,12.47618534699254,12.909999881911295,12.363715394400625,12.901966094970703,32100,0.0,0.0
2010-07-30 00:00:00-04:00,12.660958587104982,13.576788844214558,12.40388276859948,13.40808391571045,105500,0.0,0.0
2010-08-02 00:00:00-04:00,13.568759942929288,13.568759942929288,12.934105870431285,13.102810859680176,52800,0.0,0.0
2010-08-03 00:00:00-04:00,12.998368958104093,13.335780320967553,12.797528897644606,12.829663276672363,38300,0.0,0.0
2010-08-04 00:00:00-04:00,12.845727919429486,12.958197844010622,12.652921677738483,12.749324798583984,27800,0.0,0.0
2010-08-05 00:00:00-04:00,12.604724590614195,12.78949788469911,12.371750100607438,12.452086448669434,33300,0.0,0.0
2010-08-06 00:00:00-04:00,12.259283886956533,12.419955866140254,11.809401579097687,12.082544326782227,41600,0.0,0.0
2010-08-09 00:00:00-04:00,12.18697485293448,12.371747339640052,11.865631064688253,12.33961296081543,80400,0.0,0.0
2010-08-10 00:00:00-04:00,12.146808345291907,12.33961464454794,11.873665704940466,11.897767066955566,54000,0.0,0.0
2010-08-11 00:00:00-04:00,11.721028069324298,11.897767567482983,11.046205227394925,11.070305824279785,77700,0.0,0.0
2010-08-12 00:00:00-04:00,11.030138312213964,11.158676624296156,10.845365781464166,10.917668342590332,37600,0.0,0.0
2010-08-13 00:00:00-04:00,10.877496519490222,11.062269754408804,10.475816440090814,10.499917030334473,38200,0.0,0.0
2010-08-16 00:00:00-04:00,10.499917269539997,10.708791099460731,10.459749873600137,10.676656723022461,26500,0.0,0.0
2010-08-17 00:00:00-04:00,10.82126547173967,11.126542534556215,10.82126547173967,10.981937408447266,38800,0.0,0.0
2010-08-18 00:00:00-04:00,10.933732644948167,11.054237141233704,10.789128322007166,10.877497673034668,25100,0.0,0.0
2010-08-19 00:00:00-04:00,10.797162511649882,10.998002594401989,10.266944815767376,10.283012390136719,60000,0.0,0.0
2010-08-20 00:00:00-04:00,10.250876172556127,10.515984973040856,10.05003612575594,10.266942977905273,46600,0.0,0.0
2010-08-23 00:00:00-04:00,10.30711261825736,10.30711261825736,9.81706310961679,9.825096130371094,24700,0.0,0.0
2010-08-24 00:00:00-04:00,9.67245760836362,10.098238336424261,9.67245760836362,9.784928321838379,32700,0.0,0.0
2010-08-25 00:00:00-04:00,9.68852514386936,10.202675223713802,9.68852514386936,10.162507057189941,25900,0.0,0.0
2010-08-26 00:00:00-04:00,10.234810346114447,10.274978515552016,9.809029588822066,9.897398948669434,15800,0.0,0.0
2010-08-27 00:00:00-04:00,10.033970997914379,10.427617401635983,10.033970997914379,10.395483016967773,26400,0.0,0.0
2010-08-30 00:00:00-04:00,10.307115231489973,10.307115231489973,9.79296423179805,9.865266799926758,72400,0.0,0.0
2010-08-31 00:00:00-04:00,9.841166509409913,9.905435290628802,9.64836016575325,9.75279712677002,33100,0.0,0.0
2010-09-01 00:00:00-04:00,9.897400340705502,10.146442413330078,9.712627807906797,10.146442413330078,38200,0.0,0.0
2010-09-02 00:00:00-04:00,10.09824160757308,10.13037599809752,9.800998303685931,9.929535865783691,12100,0.0,0.0
2010-09-03 00:00:00-04:00,10.042000758345225,10.36334447615473,9.849194527659522,10.33924388885498,25300,0.0,0.0
2010-09-07 00:00:00-04:00,10.25891276904411,10.307113964441713,9.792963027954102,9.792963027954102,13100,0.0,0.0
2010-09-08 00:00:00-04:00,9.857233196713173,10.04200573447834,9.720661857432727,9.73672866821289,15500,0.0,0.0
2010-09-09 00:00:00-04:00,9.921497406420663,10.058068682853367,9.688523011237326,9.809026718139648,24000,0.0,0.0
2010-09-10 00:00:00-04:00,9.81706375782442,9.881332524966957,9.64032426511037,9.67245864868164,27700,0.0,0.0
2010-09-13 00:00:00-04:00,9.736729814196307,10.41958659096869,9.704595422709625,10.371384620666504,44800,0.0,0.0
2010-09-14 00:00:00-04:00,10.371385416199704,10.371385416199704,10.058075266708308,10.114310264587402,16700,0.0,0.0
2010-09-15 00:00:00-04:00,10.058070592169873,10.226775507400706,9.929532309958145,10.098237991333008,10500,0.0,0.0
2010-09-16 00:00:00-04:00,10.05004043144345,10.05004043144345,9.720662736160575,9.75279712677002,13600,0.0,0.0
2010-09-17 00:00:00-04:00,9.897400606735697,9.921501972122295,9.680493681265967,9.73672866821289,51200,0.0,0.0
2010-09-20 00:00:00-04:00,9.752797980391168,10.066108124719882,9.640327220341874,10.02593994140625,60500,0.0,0.0
2010-09-21 00:00:00-04:00,10.04200498236288,10.09020694338166,9.81706428527832,9.81706428527832,19900,0.0,0.0
2010-09-22 00:00:00-04:00,9.800995535820007,9.985768803762573,9.69655860457318,9.825096130371094,12600,0.0,0.0
2010-09-23 00:00:00-04:00,9.72066340741587,9.953637946958349,9.680495224844195,9.688529014587402,27500,0.0,0.0
2010-09-24 00:00:00-04:00,9.913467637746566,10.652559280395508,9.913467637746566,10.652559280395508,48100,0.0,0.0
2010-09-27 00:00:00-04:00,10.628458060233202,10.821265144597715,10.443685530141455,10.532054901123047,26100,0.0,0.0
2010-09-28 00:00:00-04:00,10.596717034237308,10.839204998744265,10.346146728563578,10.806873321533203,39400,0.08,0.0
2010-09-29 00:00:00-04:00,10.742208480834961,10.83920349904806,10.475471988036974,10.742208480834961,24100,0.0,0.0
2010-09-30 00:00:00-04:00,10.814955420001706,11.065525702192716,10.637130826582077,11.00894546508789,28600,0.0,0.0
2010-10-01 00:00:00-04:00,11.02511049099389,11.243349075317383,10.863451366786466,11.243349075317383,28100,0.0,0.0
2010-10-04 00:00:00-04:00,11.170605093860583,11.170605093860583,10.459307410934214,10.483556747436523,41100,0.0,0.0
2010-10-05 00:00:00-04:00,10.653300343303496,11.194856631431401,10.41081232653981,11.154441833496094,50200,0.0,0.0
2010-10-06 00:00:00-04:00,11.089775920849945,11.437341253317298,10.903868201338963,11.211019515991211,30500,0.0,0.0
2010-10-07 00:00:00-04:00,11.275682731802513,11.275682731802513,10.855370939044496,11.041277885437012,20400,0.0,0.0
2010-10-08 00:00:00-04:00,10.701795028871533,11.34034622303469,10.701795028871533,11.211019515991211,17500,0.0,0.0
2010-10-11 00:00:00-04:00,11.235270262880608,11.235270262880608,10.596718944702758,10.928119659423828,11700,0.0,0.0
2010-10-12 00:00:00-04:00,10.855372595993364,10.855372595993364,10.62096771384863,10.701796531677246,12100,0.0,0.0
2010-10-13 00:00:00-04:00,10.734129988633388,10.968534909553718,10.426978580039814,10.903871536254883,23500,0.0,0.0
2010-10-14 00:00:00-04:00,10.855372595993364,10.855372595993364,10.289567016952617,10.701796531677246,27300,0.0,0.0
2010-10-15 00:00:00-04:00,10.83920627234845,10.83920627234845,10.435059874299078,10.572469711303711,42600,0.0,0.0
2010-10-18 00:00:00-04:00,10.556304951532853,10.895787239074707,10.451226788617085,10.895787239074707,20000,0.0,0.0
2010-10-19 00:00:00-04:00,10.661380277299003,11.017029493753835,10.612883147412967,10.677546501159668,13800,0.0,0.0
2010-10-20 00:00:00-04:00,10.79070829241697,11.08169339875198,10.620966787676206,11.033195495605469,15200,0.0,0.0
2010-10-21 00:00:00-04:00,11.122108919737899,11.122108919737899,10.556304123739341,10.693713188171387,17300,0.0,0.0
2010-10-22 00:00:00-04:00,10.774543749147291,10.814958546268214,10.693714154905445,10.734128952026367,16400,0.0,0.0
2010-10-25 00:00:00-04:00,10.928118420042841,10.960450099416125,10.766459252328376,10.79879093170166,15700,0.0,0.0
2010-10-26 00:00:00-04:00,10.73412729513553,10.944283591046657,10.73412729513553,10.782625198364258,23000,0.0,0.0
2010-10-27 00:00:00-04:00,10.717960431675806,10.944282151665558,10.717960431675806,10.766457557678223,20500,0.0,0.0
2010-10-28 00:00:00-04:00,10.847290670728352,10.847290670728352,10.653300561680162,10.669466018676758,14800,0.0,0.0
2010-10-29 00:00:00-04:00,10.645213514842672,10.83112044128445,10.645213514842672,10.823038101196289,17100,0.0,0.0
2010-11-01 00:00:00-04:00,10.871537403003561,10.911952194932178,10.629049422279905,10.79879093170166,26000,0.0,0.0
2010-11-02 00:00:00-04:00,10.911952752444261,11.308016037714625,10.903869639475948,11.275684356689453,33600,0.0,0.0
2010-11-03 00:00:00-04:00,11.316097213308684,11.316097213308684,11.105940937200872,11.235267639160156,27600,0.0,0.0
2010-11-04 00:00:00-04:00,11.324181261210969,11.631332589184453,11.324181261210969,11.558586120605469,42300,0.0,0.0
2010-11-05 00:00:00-04:00,11.62324768819141,11.62324768819141,11.316096407486459,11.405008316040039,27400,0.0,0.0
2010-11-08 00:00:00-05:00,11.340346169844612,11.485839100010102,11.154439222053572,11.453507423400879,18400,0.0,0.0
2010-11-09 00:00:00-05:00,11.510086790502088,11.510086790502088,11.186770048967503,11.291848182678223,27300,0.0,0.0
2010-11-10 00:00:00-05:00,11.340345598125577,11.631331443786621,11.21910200966543,11.631331443786621,20400,0.0,0.0
2010-11-11 00:00:00-05:00,11.45350805858323,11.485839736985486,11.316098232661641,11.356513023376465,18700,0.0,0.0
2010-11-12 00:00:00-05:00,11.211019918417602,11.235268484146676,10.984698172967558,11.105941772460938,21500,0.0,0.0
2010-11-15 00:00:00-05:00,11.348432695065869,11.348432695065869,11.073612975803806,11.227189064025879,15900,0.0,0.0
2010-11-16 00:00:00-05:00,11.089776511084402,11.146356755715317,10.936200460160466,11.033195495605469,23500,0.0,0.0
2010-11-17 00:00:00-05:00,11.057444174455904,11.316097586914015,11.057444174455904,11.162522315979004,6700,0.0,0.0
2010-11-18 00:00:00-05:00,11.316097891782015,11.316097891782015,11.081693037714736,11.21910285949707,14200,0.0,0.0
2010-11-19 00:00:00-05:00,11.235266763284084,11.235266763284084,11.000861941544565,11.0736083984375,18500,0.0,0.0
2010-11-22 00:00:00-05:00,10.96045029059601,11.138274144826784,10.798791120061772,11.130191802978516,10300,0.0,0.0
2010-11-23 00:00:00-05:00,10.984695709942034,11.316095527041158,10.984695709942034,11.243349075317383,18400,0.0,0.0
2010-11-24 00:00:00-05:00,11.380760384561603,11.631331443786621,11.267599136710315,11.631331443786621,24900,0.0,0.0
2010-11-26 00:00:00-05:00,11.485839652026483,11.623249476931674,11.477756539773704,11.558586120605469,4300,0.0,0.0
2010-11-29 00:00:00-05:00,11.445424238585446,11.655580520629883,11.405009450369521,11.655580520629883,16200,0.0,0.0
2010-11-30 00:00:00-05:00,11.477758080633818,11.720246084834498,11.477758080633818,11.712162971496582,40300,0.0,0.0
2010-12-01 00:00:00-05:00,11.720245378104332,11.962733367683,11.647498904145925,11.760660171508789,46300,0.0,0.0
2010-12-02 00:00:00-05:00,11.768744225329957,11.817241364614441,11.1544414748402,11.308016777038574,40500,0.0,0.0
2010-12-03 00:00:00-05:00,11.26759975761074,11.291849093317374,11.06552658514331,11.211019515991211,21900,0.0,0.0
2010-12-06 00:00:00-05:00,11.146357632588769,11.380762512733279,11.1140259515636,11.275684356689453,7200,0.0,0.0
2010-12-07 00:00:00-05:00,11.388844892724975,11.631332870231473,11.243351952051473,11.574751853942871,24200,0.0,0.0
2010-12-08 00:00:00-05:00,11.639414507024354,11.663663842900242,11.518170911036844,11.623249053955078,11800,0.0,0.0
2010-12-09 00:00:00-05:00,11.760657887895821,12.11630630493164,11.623248079510912,12.11630630493164,28000,0.0,0.0
2010-12-10 00:00:00-05:00,12.092060202465124,12.310298855523886,11.97889893404883,12.261801719665527,24400,0.0,0.0
2010-12-13 00:00:00-05:00,12.25371729090428,12.25371729090428,11.938483629131323,12.083975791931152,12000,0.0,0.0
2010-12-14 00:00:00-05:00,12.083975256809849,12.083975256809849,11.865736636850489,12.019311904907227,19600,0.0,0.0
2010-12-15 00:00:00-05:00,11.946567519902674,12.035480222374778,11.873821043642987,11.906152725219727,32800,0.0,0.0
2010-12-16 00:00:00-05:00,11.671747438480052,12.116308622961942,11.671747438480052,12.01123046875,24900,0.0,0.0
2010-12-17 00:00:00-05:00,12.003147513463754,12.003147513463754,11.558586351696944,11.566669464111328,63700,0.0,0.0
2010-12-20 00:00:00-05:00,11.61516557137007,11.784907062845123,11.348429052030413,11.44542407989502,70800,0.0,0.0
2010-12-21 00:00:00-05:00,11.542421062896654,11.574752744328093,11.308016179806707,11.52625560760498,24900,0.0,0.0
2010-12-22 00:00:00-05:00,11.574751451842419,11.728327499628866,11.534337432701989,11.679829597473145,26800,0.0,0.0
2010-12-23 00:00:00-05:00,11.67982885000101,11.720243637403025,11.316097305078783,11.396926879882812,41500,0.0,0.0
2010-12-27 00:00:00-05:00,11.461589988782288,11.922316551208496,11.332263288511628,11.922316551208496,24600,0.0,0.0
2010-12-28 00:00:00-05:00,11.914234560086495,12.277966131513264,11.914234560086495,12.17288875579834,47200,0.0,0.0
2010-12-29 00:00:00-05:00,12.23789539901165,12.465425767429783,11.904724962265117,12.424795150756836,33600,0.08,0.0
2010-12-30 00:00:00-05:00,12.432924069793073,12.863606838086877,12.392293444490324,12.69295883178711,24200,0.0,0.0
2010-12-31 00:00:00-05:00,12.684832734886944,12.863607023821485,12.400419903590576,12.44105052947998,22500,0.0,0.0
2011-01-03 00:00:00-05:00,12.611700541822547,12.961122120067513,12.432926224486726,12.88798713684082,28900,0.0,0.0
2011-01-04 00:00:00-05:00,12.95299554628745,13.074887440569412,12.863608777119213,12.928617477416992,73900,0.0,0.0
2011-01-05 00:00:00-05:00,12.961119101276367,13.334919436844475,12.798597384717334,13.294289588928223,35400,0.0,0.0
2011-01-06 00:00:00-05:00,13.229282778561775,13.310542485919026,13.0017515681446,13.302417755126953,30400,0.0,0.0
2011-01-07 00:00:00-05:00,13.3674259401401,13.383676951032784,13.001751071288313,13.359299659729004,48600,0.0,0.0
2011-01-10 00:00:00-05:00,13.359294970569433,13.359294970569433,13.042376345494267,13.221151351928711,33800,0.0,0.0
2011-01-11 00:00:00-05:00,13.245533923876344,13.326795181984028,13.091139238394286,13.164274215698242,70800,0.0,0.0
2011-01-12 00:00:00-05:00,13.318667531978061,13.318667531978061,13.131767742494999,13.180523872375488,29200,0.0,0.0
2011-01-13 00:00:00-05:00,13.009877670589141,13.229282597278125,12.676707915215296,13.058633804321289,24400,0.0,0.0
2011-01-14 00:00:00-05:00,13.083007733287987,13.237403907046199,13.083007733287987,13.221151351928711,23100,0.0,0.0
2011-01-18 00:00:00-05:00,13.131767097404518,13.302415868497343,13.123640817835398,13.294289588928223,26700,0.0,0.0
2011-01-19 00:00:00-05:00,13.31866546474174,13.408052980589677,13.204900662701954,13.334918022155762,39600,0.0,0.0
2011-01-20 00:00:00-05:00,13.269911438331066,13.383676258339317,13.074885368347168,13.074885368347168,20800,0.0,0.0
2011-01-21 00:00:00-05:00,13.204899839320689,13.286161071394634,12.961116918063398,13.083008766174316,39400,0.0,0.0
2011-01-24 00:00:00-05:00,13.099261214182306,13.408052033593236,13.099261214182306,13.229278564453125,22400,0.0,0.0
2011-01-25 00:00:00-05:00,13.221156496111682,13.391803741455078,13.180525092508802,13.391803741455078,24700,0.0,0.0
2011-01-26 00:00:00-05:00,13.408054090414206,13.72497123657389,13.28616299957812,13.700593948364258,49300,0.0,0.0
2011-01-27 00:00:00-05:00,13.603079422996252,13.676214383598053,13.39992709908664,13.416179656982422,21000,0.0,0.0
2011-01-28 00:00:00-05:00,13.35117464068894,13.456813196154526,12.538565121960993,12.595447540283203,48200,0.0,0.0
2011-01-31 00:00:00-05:00,12.213521957397461,12.684835459016025,12.181017604698418,12.213521957397461,93400,0.0,0.0
2011-02-01 00:00:00-05:00,12.35166061176991,12.636074163095676,12.229769532610057,12.497930526733398,25400,0.0,0.0
2011-02-02 00:00:00-05:00,12.416670435676076,12.530436021690397,12.197266317962677,12.22977066040039,18600,0.0,0.0
2011-02-03 00:00:00-05:00,12.25414764692504,12.278525707870477,11.904725415193896,12.107877731323242,12900,0.0,0.0
2011-02-04 00:00:00-05:00,12.124129997952345,12.124129997952345,11.660942976269796,11.78283405303955,26600,0.0,0.0
2011-02-07 00:00:00-05:00,11.758455295599276,11.758455295599276,11.579681055299327,11.75032901763916,39500,0.0,0.0
2011-02-08 00:00:00-05:00,11.693450818559525,11.734080673012883,11.457794097891963,11.57968521118164,20500,0.0,0.0
2011-02-09 00:00:00-05:00,11.498422701941442,11.628440856933594,11.498422701941442,11.628440856933594,13800,0.0,0.0
2011-02-10 00:00:00-05:00,11.571554225967127,11.76658023793001,11.43341060708563,11.449663162231445,13600,0.0,0.0
2011-02-11 00:00:00-05:00,11.409036925449593,11.612189292907715,11.409036925449593,11.612189292907715,22400,0.0,0.0
2011-02-14 00:00:00-05:00,11.555308049950801,11.725956086921387,11.555308049950801,11.595938682556152,17100,0.0,0.0
2011-02-15 00:00:00-05:00,11.579681653312877,11.685320947356391,11.498420419444155,11.5471773147583,17100,0.0,0.0
2011-02-16 00:00:00-05:00,11.5796857929482,11.5796857929482,11.441542110964965,11.498424530029297,19800,0.0,0.0
2011-02-17 00:00:00-05:00,11.425286238919778,11.5471773147583,11.425286238919778,11.5471773147583,10600,0.0,0.0
2011-02-18 00:00:00-05:00,11.62844214361116,11.62844214361116,11.449667838809846,11.571558952331543,17200,0.0,0.0
2011-02-22 00:00:00-05:00,11.433412771111344,11.555304632882233,11.417160987854004,11.417160987854004,28000,0.0,0.0
2011-02-23 00:00:00-05:00,11.465916534965778,11.782834429646984,11.465916534965778,11.604060173034668,24700,0.0,0.0
2011-02-24 00:00:00-05:00,11.595936854256308,11.815340995788574,11.57968429379072,11.815340995788574,26800,0.0,0.0
2011-02-25 00:00:00-05:00,11.799089129331119,11.969736363260505,11.701575317136138,11.93723201751709,15900,0.0,0.0
2011-02-28 00:00:00-05:00,11.985989592398038,12.042872006881709,11.78283722642519,11.977863311767578,22300,0.0,0.0
2011-03-01 00:00:00-05:00,11.961608808438926,12.010364931217374,11.693447808263668,11.7259521484375,17900,0.0,0.0
2011-03-02 00:00:00-05:00,11.701574203574488,11.701574203574488,11.400908840319044,11.490296363830566,17200,0.0,0.0
2011-03-03 00:00:00-05:00,11.587808020222116,11.823464670284325,11.587808020222116,11.78283405303955,12300,0.0,0.0
2011-03-04 00:00:00-05:00,11.750331105032105,11.766582888874872,11.482170084426853,11.490296363830566,20700,0.0,0.0
2011-03-07 00:00:00-05:00,11.530926459635992,11.579683362145271,11.173378682771753,11.205883026123047,40100,0.0,0.0
2011-03-08 00:00:00-05:00,11.262767274585311,11.563432693481445,11.140876160831269,11.563432693481445,26300,0.0,0.0
2011-03-09 00:00:00-05:00,11.547181667618446,11.595938581312142,11.441542333752812,11.482172966003418,13000,0.0,0.0
2011-03-10 00:00:00-05:00,11.319649904884518,11.35215425193875,10.783327791007292,10.815832138061523,38000,0.0,0.0
2011-03-11 00:00:00-05:00,10.767073498612152,10.80770411963758,10.604551789475087,10.653307914733887,40500,0.0,0.0
2011-03-14 00:00:00-04:00,10.848337358494328,10.856462864688483,10.653310485502933,10.693941116333008,25300,0.0,0.0
2011-03-15 00:00:00-04:00,10.450156983777417,10.65330934114065,10.360770225524902,10.360770225524902,33300,0.0,0.0
2011-03-16 00:00:00-04:00,10.352643618716098,10.352643618716098,10.043851952267513,10.165743827819824,48100,0.0,0.0
2011-03-17 00:00:00-04:00,10.377022135673371,10.377022135673371,10.173869791043568,10.312012672424316,25100,0.0,0.0
2011-03-18 00:00:00-04:00,10.417653195401206,10.791453583962932,10.417653195401206,10.775201797485352,79000,0.0,0.0
2011-03-21 00:00:00-04:00,10.913341915151005,11.100241661071777,10.848333240485994,11.100241661071777,30200,0.0,0.0
2011-03-22 00:00:00-04:00,11.083992552465897,11.116496897635868,10.994605022024942,11.010857582092285,12500,0.0,0.0
2011-03-23 00:00:00-04:00,10.970225807837386,10.970225807837386,10.628929831818608,10.661434173583984,33700,0.0,0.0
2011-03-24 00:00:00-04:00,10.702066399957353,10.734570746598733,10.5639227329903,10.710192680358887,11400,0.0,0.0
2011-03-25 00:00:00-04:00,10.775199777810165,10.80770411963758,10.620803572906473,10.653307914733887,25100,0.0,0.0
2011-03-28 00:00:00-04:00,10.64518568875361,10.64518568875361,10.474537647866374,10.48266315460205,24000,0.0,0.0
2011-03-29 00:00:00-04:00,10.482660360752815,10.71978759765625,10.351831647951007,10.71978759765625,25800,0.08,0.0
2011-03-30 00:00:00-04:00,10.727965488546944,10.907855373664546,10.65437413646244,10.858794212341309,17400,0.0,0.0
2011-03-31 00:00:00-04:00,10.777026245719505,10.883324774766285,10.719788096355437,10.842440605163574,18400,0.0,0.0
2011-04-01 00:00:00-04:00,10.891500250443169,10.899677239772481,10.72796436286006,10.86697006225586,20700,0.0,0.0
2011-04-04 00:00:00-04:00,10.932386179690631,10.932386179690631,10.719789101659668,10.907855987548828,20300,0.0,0.0
2011-04-05 00:00:00-04:00,10.858795135389009,10.940563484611525,10.760673584202452,10.826087951660156,35500,0.0,0.0
2011-04-06 00:00:00-04:00,10.78520327654024,10.817910458751252,10.449954463927194,10.711612701416016,50500,0.0,0.0
2011-04-07 00:00:00-04:00,10.752494812011719,10.834263147688112,10.638020077825539,10.752494812011719,24000,0.0,0.0
2011-04-08 00:00:00-04:00,10.834263147688112,10.834263147688112,10.695257444918628,10.752494812011719,18800,0.0,0.0
2011-04-11 00:00:00-04:00,10.752494589520198,10.891500289413365,10.646196847061306,10.727964401245117,27000,0.0,0.0
2011-04-12 00:00:00-04:00,10.75249432832056,10.75249432832056,10.65437279780318,10.670726776123047,22300,0.0,0.0
2011-04-13 00:00:00-04:00,10.752496126498146,10.866971654479537,10.678905551153758,10.744319915771484,33900,0.0,0.0
2011-04-14 00:00:00-04:00,10.654373129117024,10.801555819370265,10.646196919503446,10.793378829956055,8500,0.0,0.0
2011-04-15 00:00:00-04:00,10.75249352836164,10.842438842827985,10.736140331059017,10.801554679870605,33800,0.0,0.0
2011-04-18 00:00:00-04:00,10.736141612756825,10.793378979849916,10.711611423974164,10.752494812011719,47700,0.0,0.0
2011-04-19 00:00:00-04:00,10.777030134731113,10.79338334059303,10.678908560156744,10.703438758850098,53400,0.0,0.0
2011-04-20 00:00:00-04:00,10.507190110218463,10.858792040130608,10.507190110218463,10.801554679870605,26900,0.0,0.0
2011-04-21 00:00:00-04:00,10.842441933424968,10.842441933424968,10.6707290238983,10.826087951660156,20100,0.0,0.0
2011-04-25 00:00:00-04:00,10.777026549497236,10.834263920674008,10.7361423787421,10.760672569274902,14100,0.0,0.0
2011-04-26 00:00:00-04:00,10.826085820836466,11.341224448025292,10.826085820836466,11.144981384277344,19600,0.0,0.0
2011-04-27 00:00:00-04:00,11.12045014034573,11.259455825585093,10.989620663802386,11.218571662902832,18000,0.0,0.0
2011-04-28 00:00:00-04:00,11.153159463495058,11.283988185445619,11.055037922032136,11.275811195373535,17000,0.0,0.0
2011-04-29 00:00:00-04:00,11.283991360872465,11.512941688714834,11.259461163553867,11.431173324584961,37000,0.0,0.0
2011-05-02 00:00:00-04:00,11.308521067958031,11.447526813072264,10.809736251831055,10.809736251831055,27000,0.0,0.0
2011-05-03 00:00:00-04:00,10.801555969377684,11.038683207078455,10.711611423974164,10.752494812011719,16000,0.0,0.0
2011-05-04 00:00:00-04:00,10.801554331510975,10.801554331510975,10.368184089660645,10.368184089660645,22400,0.0,0.0
2011-05-05 00:00:00-04:00,10.327299529076237,10.629841065835494,10.28641536901677,10.343652725219727,29000,0.0,0.0
2011-05-06 00:00:00-04:00,10.47448253479846,10.47448253479846,10.147410023461903,10.163763999938965,19000,0.0,0.0
2011-05-09 00:00:00-04:00,10.131057924793701,10.270063620712143,10.122880935668945,10.122880935668945,14000,0.0,0.0
2011-05-10 00:00:00-04:00,10.171943533973813,10.523546345177829,9.983877421804726,10.449954986572266,20900,0.0,0.0
2011-05-11 00:00:00-04:00,10.425421831981998,10.523543355648114,10.032935737317528,10.041111946105957,21900,0.0,0.0
2011-05-12 00:00:00-04:00,9.967525251936335,10.237360542475907,9.951172046940524,10.180122375488281,20000,0.0,0.0
2011-05-13 00:00:00-04:00,10.13923555085167,10.196473702922123,9.951169453507822,10.000229835510254,14000,0.0,0.0
2011-05-16 00:00:00-04:00,9.942991802858227,10.024760140499103,9.844870265569574,9.92663860321045,33000,0.0,0.0
2011-05-17 00:00:00-04:00,9.893933699971914,9.942994090001054,9.828519326732499,9.910286903381348,14700,0.0,0.0
2011-05-18 00:00:00-04:00,10.041113612857998,10.081997782788827,9.771279183035478,9.812163352966309,32400,0.0,0.0
2011-05-19 00:00:00-04:00,9.893931692827966,10.016583422819773,9.73039501310465,9.812163352966309,15700,0.0,0.0
2011-05-20 00:00:00-04:00,9.738567485315198,9.82033578724442,9.697683334350586,9.697683334350586,51000,0.0,0.0
2011-05-23 00:00:00-04:00,9.525976120371613,9.632274663406758,9.460561752319336,9.460561752319336,23600,0.0,0.0
2011-05-24 00:00:00-04:00,9.534152081987822,10.000229598991126,9.38696937986017,9.395146369934082,28600,0.0,0.0
2011-05-25 00:00:00-04:00,9.37061572871997,9.68951130805518,9.37061572871997,9.51779842376709,14300,0.0,0.0
2011-05-26 00:00:00-04:00,9.493266948030293,9.62409643653407,9.34608504063954,9.566858291625977,29300,0.0,0.0
2011-05-27 00:00:00-04:00,9.583214277267938,9.624098452250806,9.378794182154378,9.460561752319336,14500,0.0,0.0
2011-05-31 00:00:00-04:00,9.223433653085642,9.779456511892462,9.223433653085642,9.763102531433105,55200,0.0,0.0
2011-06-01 00:00:00-04:00,9.746746652370494,9.746746652370494,9.313376426696777,9.313376426696777,40000,0.0,0.0
2011-06-02 00:00:00-04:00,9.378792217059512,9.378792217059512,9.043543456084516,9.051719665527344,11200,0.0,0.0
2011-06-03 00:00:00-04:00,9.002660290264489,9.198903375114769,8.691941682684527,8.912714958190918,48000,0.0,0.0
2011-06-06 00:00:00-04:00,8.88818446511893,9.076251333218766,8.585642857985063,8.99448299407959,35100,0.0,0.0
2011-06-07 00:00:00-04:00,9.108962162358162,9.108962162358162,8.904542012411353,8.969956398010254,26500,0.0,0.0
2011-06-08 00:00:00-04:00,8.904538680311102,8.961776051341527,8.830947329100157,8.84730052947998,16600,0.0,0.0
2011-06-09 00:00:00-04:00,8.912713204892492,8.912713204892492,8.086856856992208,8.258569717407227,48900,0.0,0.0
2011-06-10 00:00:00-04:00,8.176801391571294,8.479342949483367,8.029618716986835,8.258569717407227,43900,0.0,0.0
2011-06-13 00:00:00-04:00,8.315806799293176,8.471165677421137,8.274922637743549,8.332159996032715,17200,0.0,0.0
2011-06-14 00:00:00-04:00,8.536582634561102,8.65105816594783,8.39757769046396,8.618350982666016,17100,0.0,0.0
2011-06-15 00:00:00-04:00,8.520229783239943,8.618351337120922,8.2749255086371,8.364870071411133,22600,0.0,0.0
2011-06-16 00:00:00-04:00,8.446636424745227,8.724647818208771,8.299453738840855,8.642879486083984,39700,0.0,0.0
2011-06-17 00:00:00-04:00,8.732825465435743,8.920891551773455,8.626526937583732,8.724648475646973,62400,0.0,0.0
2011-06-20 00:00:00-04:00,8.675585745643206,9.010835248066059,8.56111102853345,8.98630428314209,22900,0.0,0.0
2011-06-21 00:00:00-04:00,9.051720081520765,9.485091173732444,8.994482713787416,9.452383995056152,22100,0.0,0.0
2011-06-22 00:00:00-04:00,9.386970080131928,9.5913901684254,8.830947970238192,8.929069519042969,20100,0.0,0.0
2011-06-23 00:00:00-04:00,8.830947261132303,8.830947261132303,8.651057379534603,8.781886100769043,13100,0.0,0.0
2011-06-24 00:00:00-04:00,8.781886063341204,8.871831393657057,8.332161751163994,8.373045921325684,119200,0.0,0.0
2011-06-27 00:00:00-04:00,8.373047307806376,8.8145947031063,8.364870316459886,8.667412757873535,33000,0.0,0.0
2011-06-28 00:00:00-04:00,8.741563926067677,8.947538577550496,8.57678436202761,8.667413711547852,58200,0.08,0.0
2011-06-29 00:00:00-04:00,8.725082459133596,8.725082459133596,8.32961089663112,8.403761863708496,19900,0.0,0.0
2011-06-30 00:00:00-04:00,8.461436457035116,8.609737626183149,8.387285479595752,8.436718940734863,42000,0.0,0.0
2011-07-01 00:00:00-04:00,8.477913195557525,8.700366106360937,8.428478953468781,8.585020065307617,38200,0.0,0.0
2011-07-05 00:00:00-04:00,8.568543516297565,8.708606314848362,8.568543516297565,8.70036792755127,20300,0.0,0.0
2011-07-06 00:00:00-04:00,8.650932249437147,9.005208773943146,8.617976348487566,8.988730430603027,26900,0.0,0.0
2011-07-07 00:00:00-04:00,9.029926277360461,9.779673677537472,9.029926277360461,9.664327621459961,45700,0.0,0.0
2011-07-08 00:00:00-04:00,9.499548254902141,9.499548254902141,9.153510866851935,9.400680541992188,42400,0.0,0.0
2011-07-11 00:00:00-04:00,9.26885826677535,9.450116159552485,9.145273804177352,9.169990539550781,18500,0.0,0.0
2011-07-12 00:00:00-04:00,9.161750654099517,9.450115425400423,9.12055557452356,9.219423294067383,17900,0.0,0.0
2011-07-13 00:00:00-04:00,9.301813722374513,9.34300880314248,9.046404850197758,9.326530456542969,17600,0.0,0.0
2011-07-14 00:00:00-04:00,9.318292304725095,9.318292304725095,9.087600160880328,9.13703441619873,19000,0.0,0.0
2011-07-15 00:00:00-04:00,9.153508909562204,9.153508909562204,8.733321415976045,8.766277313232422,154600,0.0,0.0
2011-07-18 00:00:00-04:00,8.782758122847662,8.906343372643091,8.46967659005578,8.47791576385498,16700,0.0,0.0
2011-07-19 00:00:00-04:00,8.53558814690578,8.683890127814395,8.444959595089868,8.650934219360352,38000,0.0,0.0
2011-07-20 00:00:00-04:00,8.650931335077054,8.650931335077054,8.420240052812893,8.44495677947998,19600,0.0,0.0
2011-07-21 00:00:00-04:00,8.527348008028047,8.650932442920354,8.502630492465046,8.593259811401367,22100,0.0,0.0
2011-07-22 00:00:00-04:00,8.593260454817244,8.593260454817244,8.354329953266493,8.42848014831543,11300,0.0,0.0
2011-07-25 00:00:00-04:00,8.477914783120408,8.477914783120408,8.173072459392225,8.197789192199707,42300,0.0,0.0
2011-07-26 00:00:00-04:00,8.247225552141039,8.420244297491234,8.173074549029387,8.214269638061523,39200,0.0,0.0
2011-07-27 00:00:00-04:00,8.189548137829075,8.23898237781744,8.024768647418844,8.04948616027832,93600,0.0,0.0
2011-07-28 00:00:00-04:00,8.115398721274687,8.238983154296875,8.082442820086726,8.238983154296875,52900,0.0,0.0
2011-07-29 00:00:00-04:00,8.19778872725246,8.238983803415683,8.107160188277948,8.115399360656738,20700,0.0,0.0
2011-08-01 00:00:00-04:00,8.238983220372035,8.238983220372035,8.033008639862732,8.107159614562988,39100,0.0,0.0
2011-08-02 00:00:00-04:00,8.280178057931977,8.494391804139603,7.950618267059326,7.950618267059326,44600,0.0,0.0
2011-08-03 00:00:00-04:00,8.000054129902345,8.321374814248909,7.950619876260257,8.189550399780273,47500,0.0,0.0
2011-08-04 00:00:00-04:00,8.074204284493515,8.502631033691154,8.074204284493515,8.115399360656738,62400,0.0,0.0
2011-08-05 00:00:00-04:00,8.271939121824294,8.527347947377322,8.074203713110727,8.107159614562988,38900,0.0,0.0
2011-08-08 00:00:00-04:00,7.917661930193452,8.593259032097578,7.472756904905663,7.530430316925049,98600,0.0,0.0
2011-08-09 00:00:00-04:00,7.79407809539407,8.560303780177492,7.3574122082209215,8.238983154296875,77200,0.0,0.0
2011-08-10 00:00:00-04:00,7.942379909658495,8.148354485042196,7.225588481610898,7.3903679847717285,54200,0.0,0.0
2011-08-11 00:00:00-04:00,7.456278173193281,8.197786169889207,7.456278173193281,7.901183128356934,57400,0.0,0.0
2011-08-12 00:00:00-04:00,7.934139162981352,7.934139162981352,7.464517475769688,7.522190093994141,43700,0.0,0.0
2011-08-15 00:00:00-04:00,7.654017021465537,7.876469993264519,7.505715040266216,7.868230819702148,28000,0.0,0.0
2011-08-16 00:00:00-04:00,7.868229895214015,7.909424972454761,7.439802349079458,7.538670063018799,29400,0.0,0.0
2011-08-17 00:00:00-04:00,7.56338515803896,7.785837246712198,7.439799965904501,7.522190093994141,22100,0.0,0.0
2011-08-18 00:00:00-04:00,7.349172669531953,7.513952167243978,6.937223532386577,6.945462703704834,63400,0.0,0.0
2011-08-19 00:00:00-04:00,6.854834879477367,7.3079791859025125,6.6323827056840585,6.673577785491943,61100,0.0,0.0
2011-08-22 00:00:00-04:00,6.961941980222857,6.961941980222857,6.648860464373001,6.928986072540283,26500,0.0,0.0
2011-08-23 00:00:00-04:00,6.961940172637549,7.678731567925236,6.961940172637549,7.621058940887451,35100,0.0,0.0
2011-08-24 00:00:00-04:00,7.571622672738458,7.843509749918563,7.332692271593861,7.810553073883057,24800,0.0,0.0
2011-08-25 00:00:00-04:00,7.909423726734824,7.909423726734824,7.102003011468054,7.217349052429199,43100,0.0,0.0
2011-08-26 00:00:00-04:00,7.159676614201041,7.728166939405481,7.060808902367819,7.579864978790283,30600,0.0,0.0
2011-08-29 00:00:00-04:00,7.662253462718824,8.313133013160831,7.555146601794119,8.280177116394043,39400,0.0,0.0
2011-08-30 00:00:00-04:00,8.214265908238248,8.395522960507332,7.934140372892518,8.098919868469238,40000,0.0,0.0
2011-08-31 00:00:00-04:00,8.074204606922043,8.304895942625315,7.876469176319239,8.03300952911377,37500,0.0,0.0
2011-09-01 00:00:00-04:00,8.04124663680929,8.1565918821746,7.588102468748357,7.612819194793701,34400,0.0,0.0
2011-09-02 00:00:00-04:00,7.579863946444677,7.670493259246513,7.126719739627363,7.217349052429199,64400,0.0,0.0
2011-09-06 00:00:00-04:00,6.92074572214178,7.439801769162017,6.92074572214178,7.225588798522949,36300,0.0,0.0
2011-09-07 00:00:00-04:00,7.41508498467288,8.337851021811158,7.41508498467288,7.991813659667969,62600,0.0,0.0
2011-09-08 00:00:00-04:00,7.934137869679952,8.115395650493001,7.81879186630249,7.81879186630249,36200,0.0,0.0
2011-09-09 00:00:00-04:00,7.74464166312535,7.892943569445809,7.588101373132985,7.654013156890869,70700,0.0,0.0
2011-09-12 00:00:00-04:00,7.596342198060506,7.925901188673073,7.596342198060506,7.892945289611816,38600,0.0,0.0
2011-09-13 00:00:00-04:00,7.8929454557393806,8.13187592539506,7.827033656229582,7.975335597991943,44300,0.0,0.0
2011-09-14 00:00:00-04:00,8.115399951764518,8.428480667655384,7.98357554129426,8.362568855285645,49200,0.0,0.0
2011-09-15 00:00:00-04:00,8.444958820322238,8.650933425695952,8.049487955155476,8.123638153076172,52100,0.0,0.0
2011-09-16 00:00:00-04:00,8.189551503574194,8.189551503574194,7.785841389719539,7.835275650024414,93400,0.0,0.0
2011-09-19 00:00:00-04:00,7.744646303753961,7.958860122190235,7.58810591996186,7.835275650024414,39600,0.0,0.0
2011-09-20 00:00:00-04:00,7.859987302205913,7.917659913807243,7.794075521595707,7.810553073883057,32800,0.0,0.0
2011-09-21 00:00:00-04:00,8.0412485493507,8.0412485493507,7.513953292010562,7.604581832885742,43300,0.0,0.0
2011-09-22 00:00:00-04:00,7.41508398648409,7.8764673358089965,7.41508398648409,7.777598857879639,62400,0.0,0.0
2011-09-23 00:00:00-04:00,7.621059047427187,7.975335557281927,7.621059047427187,7.917662143707275,36700,0.0,0.0
2011-09-26 00:00:00-04:00,7.983575020046171,8.074204345435453,7.513953191140729,7.719927787780762,65400,0.0,0.0
2011-09-27 00:00:00-04:00,7.843511750943034,8.140114839357878,7.71992654147223,8.008291244506836,68100,0.0,0.0
2011-09-28 00:00:00-04:00,7.98336917138435,8.1827463260013,7.891988536696209,7.999984264373779,59400,0.08,0.0
2011-09-29 00:00:00-04:00,8.249204197778347,8.282433587817438,7.9169095051362985,8.215974807739258,31100,0.0,0.0
2011-09-30 00:00:00-04:00,8.041520247008025,8.456888015266685,8.041520247008025,8.340584754943848,59700,0.0,0.0
2011-10-03 00:00:00-04:00,8.21597503653124,8.390429537157322,7.825529098510742,7.825529098510742,66000,0.0,0.0
2011-10-04 00:00:00-04:00,7.7756858868732674,9.23778091279001,7.7756858868732674,9.221166610717773,94800,0.0,0.0
2011-10-05 00:00:00-04:00,9.096554400262727,9.171320728875353,8.639649674936498,8.996866226196289,38500,0.0,0.0
2011-10-06 00:00:00-04:00,8.996867611926646,8.996867611926646,8.731032440137907,8.971945762634277,33000,0.0,0.0
2011-10-07 00:00:00-04:00,8.955328046349655,8.963635591098614,8.373813382190782,8.456887245178223,31400,0.0,0.0
2011-10-10 00:00:00-04:00,8.531655244129526,9.021788597106934,8.523347697744004,9.021788597106934,34600,0.0,0.0
2011-10-11 00:00:00-04:00,8.913795712340141,9.295934253126715,8.88887385749035,9.262704849243164,32500,0.0,0.0
2011-10-12 00:00:00-04:00,9.27100903559236,9.786065005097358,9.221165343971563,9.736221313476562,45500,0.0,0.0
2011-10-13 00:00:00-04:00,9.628227941776515,9.661457341717233,9.370699498047419,9.578383445739746,26200,0.0,0.0
2011-10-14 00:00:00-04:00,9.669764889765258,9.669764889765258,9.437158297928853,9.578383445739746,31100,0.0,0.0
2011-10-17 00:00:00-04:00,9.428848756486623,9.478692445546256,9.121475907530554,9.146398544311523,58900,0.0,0.0
2011-10-18 00:00:00-04:00,9.179627214695094,9.520228634818213,9.088245804832049,9.437154769897461,45000,0.0,0.0
2011-10-19 00:00:00-04:00,9.395619481119928,9.511921951847011,9.271008672446559,9.387311935424805,33700,0.0,0.0
2011-10-20 00:00:00-04:00,9.428851646366958,9.511924751011419,8.98856110197087,9.453773498535156,36700,0.0,0.0
2011-10-21 00:00:00-04:00,9.67807305200119,9.67807305200119,9.304242050279319,9.553462982177734,32200,0.0,0.0
2011-10-24 00:00:00-04:00,9.55345936021398,9.985442250695536,9.437156091487898,9.977134704589844,48900,0.0,0.0
2011-10-25 00:00:00-04:00,10.209743239996316,10.209743239996316,9.711301428953208,9.802682876586914,44800,0.0,0.0
2011-10-26 00:00:00-04:00,10.043595317734681,10.043595317734681,9.628227443831683,9.985444068908691,47400,0.0,0.0
2011-10-27 00:00:00-04:00,10.276199461909842,11.447536552234673,10.14328189027741,11.381077766418457,85800,0.0,0.0
2011-10-28 00:00:00-04:00,11.214931773493928,11.214931773493928,10.691568195660723,10.824485778808594,65800,0.0,0.0
2011-10-31 00:00:00-04:00,10.6417243322355,11.073706470732859,10.417425319981106,10.53372859954834,30900,0.0,0.0
2011-11-01 00:00:00-04:00,8.440272520388758,9.852522706441803,8.440272520388758,8.556575775146484,70800,0.0,0.0
2011-11-02 00:00:00-04:00,8.722725254027647,9.428850948635182,8.49011946908395,8.764262199401855,79400,0.0,0.0
2011-11-03 00:00:00-04:00,8.93040829943548,9.462079404333256,8.623036201873898,9.370697975158691,42100,0.0,0.0
2011-11-04 00:00:00-04:00,9.196246250442341,9.204553799664872,8.556580013085988,8.58980941772461,30400,0.0,0.0
2011-11-07 00:00:00-05:00,8.598113326201377,8.739338434178684,8.274126173973823,8.573190689086914,52900,0.0,0.0
2011-11-08 00:00:00-05:00,8.672878989141664,9.229471883583114,8.56488406238542,9.063324928283691,32500,0.0,0.0
2011-11-09 00:00:00-05:00,8.764258784616354,9.262699558147224,8.274124763122728,8.290739059448242,58600,0.0,0.0
2011-11-10 00:00:00-05:00,8.473504590960534,8.606422185759703,8.28243574649957,8.440275192260742,25200,0.0,0.0
2011-11-11 00:00:00-05:00,8.57319122192859,9.055017811238455,8.407044258761605,9.038403511047363,47800,0.0,0.0
2011-11-14 00:00:00-05:00,9.046712567052984,9.104863815803348,8.772569834013622,8.814105987548828,36700,0.0,0.0
2011-11-15 00:00:00-05:00,8.68118917931444,9.187938537650703,8.64795977813267,9.129786491394043,27600,0.0,0.0
2011-11-16 00:00:00-05:00,8.963636289786809,9.229471404465945,8.772567499173963,8.780874252319336,21500,0.0,0.0
2011-11-17 00:00:00-05:00,8.772570556793942,8.930410013085767,8.623037856542753,8.64795970916748,20500,0.0,0.0
2011-11-18 00:00:00-05:00,8.581501352007562,8.689497108646023,8.456891290175506,8.564887046813965,19300,0.0,0.0
2011-11-21 00:00:00-05:00,8.423657858433462,8.606419089404117,8.348891540194979,8.456887245178223,51900,0.0,0.0
2011-11-22 00:00:00-05:00,8.431965996188175,8.672879287729232,8.398736603984277,8.490118026733398,34300,0.0,0.0
2011-11-23 00:00:00-05:00,8.415352773471021,8.589807302936412,7.966755525167345,7.983369827270508,43300,0.0,0.0
2011-11-25 00:00:00-05:00,7.983368968251351,8.539961893215153,7.983368968251351,8.224282264709473,24300,0.0,0.0
2011-11-28 00:00:00-05:00,8.623036656064258,8.623036656064258,8.224283108325068,8.423660278320312,69000,0.0,0.0
2011-11-29 00:00:00-05:00,8.448582218958887,8.448582218958887,8.008292515277281,8.35720157623291,26100,0.0,0.0
2011-11-30 00:00:00-05:00,8.805795920526485,9.902366440287887,8.739337149162221,9.786063194274902,116400,0.0,0.0
2011-12-01 00:00:00-05:00,9.686379555377254,9.786067758922565,9.10486463857057,9.129786491394043,66200,0.0,0.0
2011-12-02 00:00:00-05:00,9.320853154366139,9.428848871649262,9.079939874965689,9.387311935424805,30800,0.0,0.0
2011-12-05 00:00:00-05:00,9.594996547055537,9.819294751961388,9.304238763833675,9.644840240478516,40400,0.0,0.0
2011-12-06 00:00:00-05:00,9.636534688973414,9.761144730332449,9.453772608362351,9.694685935974121,57100,0.0,0.0
2011-12-07 00:00:00-05:00,9.586691184310599,9.586691184310599,9.23778208187327,9.503617286682129,33100,0.0,0.0
2011-12-08 00:00:00-05:00,9.138093123267058,9.271010714663456,8.714417706502537,8.764262199401855,43100,0.0,0.0
2011-12-09 00:00:00-05:00,8.822411504174989,9.52853704323726,8.822411504174989,9.387311935424805,34700,0.0,0.0
2011-12-12 00:00:00-05:00,9.271011019394777,9.271011019394777,8.905487631040199,9.1713228225708,21800,0.0,0.0
2011-12-13 00:00:00-05:00,9.254396147518445,9.379006187830324,8.656266211068532,8.714417457580566,37600,0.0,0.0
2011-12-14 00:00:00-05:00,8.606422078158214,9.196244491893806,8.606422078158214,9.18793773651123,51800,0.0,0.0
2011-12-15 00:00:00-05:00,9.34577396233113,9.528535986091462,8.930406230671968,9.395618438720703,50100,0.0,0.0
2011-12-16 00:00:00-05:00,9.503614847360106,9.503614847360106,9.22116541087356,9.420541763305664,67900,0.0,0.0
2011-12-19 00:00:00-05:00,9.53684440054832,9.553459492990624,8.971944725780569,9.038403511047363,34900,0.0,0.0
2011-12-20 00:00:00-05:00,9.370700859818696,9.59499993620272,9.18793952971116,9.553462982177734,90500,0.0,0.0
2011-12-21 00:00:00-05:00,9.478692143106906,9.553458466561919,9.221164575929782,9.47038459777832,34300,0.0,0.0
2011-12-22 00:00:00-05:00,9.428850605192325,9.553460644524733,9.428850605192325,9.462080001831055,18300,0.0,0.0
2011-12-23 00:00:00-05:00,9.520232383108384,9.536846687283237,9.362392928315975,9.503617286682129,11300,0.0,0.0
2011-12-27 00:00:00-05:00,9.462078964254307,9.553459596927523,9.445463871631238,9.52853775024414,16100,0.0,0.0
2011-12-28 00:00:00-05:00,9.528536789552094,9.528536789552094,9.143714387922548,9.210639953613281,32800,0.08,0.0
2011-12-29 00:00:00-05:00,9.302665059340926,9.495076713923552,9.302665059340926,9.453248023986816,24100,0.0,0.0
2011-12-30 00:00:00-05:00,9.411420951686601,9.49507834593912,9.260837961158483,9.327763557434082,40500,0.0,0.0
2012-01-03 00:00:00-05:00,9.453246480653338,9.49507516376114,9.294297644406848,9.336126327514648,56400,0.0,0.0
2012-01-04 00:00:00-05:00,9.227370872837268,9.453245253611176,9.160445307678112,9.369587898254395,29600,0.0,0.0
2012-01-05 00:00:00-05:00,9.294299161790399,9.578733295981124,9.26083636940419,9.453248023986816,40300,0.0,0.0
2012-01-06 00:00:00-05:00,9.45324964881286,9.46161554780132,9.244106960997602,9.327763557434082,30600,0.0,0.0
2012-01-09 00:00:00-05:00,9.38631968845202,9.394684785735162,9.285931340713283,9.369587898254395,25000,0.0,0.0
2012-01-10 00:00:00-05:00,9.461613921537344,9.495076713923552,9.344493749277662,9.453248023986816,52700,0.0,0.0
2012-01-11 00:00:00-05:00,9.436515277901682,9.52853854605185,9.352858704274773,9.478343963623047,49600,0.0,0.0
2012-01-12 00:00:00-05:00,9.503440749849945,9.56200122833252,9.336126806647902,9.56200122833252,36200,0.0,0.0
2012-01-13 00:00:00-05:00,9.369588495648443,9.536902419214078,9.319394717486611,9.486708641052246,24700,0.0,0.0
2012-01-17 00:00:00-05:00,9.536902946284977,9.570365732847474,9.369589013472494,9.419783592224121,28500,0.0,0.0
2012-01-18 00:00:00-05:00,9.394686230545947,9.620560646057129,9.319395556524677,9.620560646057129,29700,0.0,0.0
2012-01-19 00:00:00-05:00,9.620558996281918,9.620558996281918,9.419782304357009,9.587096214294434,15600,0.0,0.0
2012-01-20 00:00:00-05:00,9.553636167889561,9.746047019958496,9.536904373197018,9.746047019958496,32500,0.0,0.0
2012-01-23 00:00:00-05:00,9.746047019958496,9.80460750356651,9.553636167889561,9.746047019958496,21600,0.0,0.0
2012-01-24 00:00:00-05:00,9.628925076847965,9.762776207378131,9.478342156093694,9.712581634521484,19700,0.0,0.0
2012-01-25 00:00:00-05:00,9.771143913269043,9.796240805440464,9.587098175775052,9.771143913269043,26400,0.0,0.0
2012-01-26 00:00:00-05:00,9.82970550552782,9.82970550552782,9.511808550887725,9.82133960723877,36700,0.0,0.0
2012-01-27 00:00:00-05:00,9.754411858680195,9.90499480330711,9.754411858680195,9.829703330993652,31800,0.0,0.0
2012-01-30 00:00:00-05:00,9.695852440066417,9.871532280918423,9.679120646739646,9.79624080657959,18000,0.0,0.0
2012-01-31 00:00:00-05:00,9.82133796430329,9.829703861192872,9.536903852584194,9.73768138885498,16500,0.0,0.0
2012-02-01 00:00:00-05:00,9.57873286885928,9.679121241541525,9.411418914388873,9.436515808105469,60300,0.0,0.0
2012-02-02 00:00:00-05:00,9.478341880859261,9.486707775728384,9.336124859346775,9.403050422668457,19200,0.0,0.0
2012-02-03 00:00:00-05:00,9.436515277901682,9.536903644943466,9.352858704274773,9.478343963623047,50800,0.0,0.0
2012-02-06 00:00:00-05:00,9.41141631753758,9.436513204329298,9.38631943074586,9.403050422668457,8500,0.0,0.0
2012-02-07 00:00:00-05:00,9.219005848778542,9.336125189829485,9.13534849275729,9.210639953613281,17500,0.0,0.0
2012-02-08 00:00:00-05:00,9.219007650822869,9.403052593539906,9.168813067835421,9.319396018981934,26500,0.0,0.0
2012-02-09 00:00:00-05:00,9.327761919364177,9.327761919364177,9.152082060538266,9.26920223236084,16700,0.0,0.0
2012-02-10 00:00:00-05:00,9.135350800983689,9.294298860206617,9.135350800983689,9.277567863464355,13900,0.0,0.0
2012-02-13 00:00:00-05:00,9.235738646608132,9.32776111796665,9.152081274234328,9.319396018981934,32700,0.0,0.0
2012-02-14 00:00:00-05:00,9.269202042022961,9.269202042022961,8.909476434238599,8.959671020507812,20300,0.0,0.0
2012-02-15 00:00:00-05:00,9.001498077497647,9.001498077497647,8.616675645253228,8.633406639099121,21200,0.0,0.0
2012-02-16 00:00:00-05:00,8.63340709254639,9.202275273868395,8.63340709254639,9.177178382873535,15100,0.0,0.0
2012-02-17 00:00:00-05:00,9.20227482201747,9.536902678237263,9.001498108285595,9.428149223327637,136000,0.0,0.0
2012-02-21 00:00:00-05:00,9.428151513490407,9.511808098958245,9.352860028098199,9.361225128173828,17300,0.0,0.0
2012-02-22 00:00:00-05:00,9.45324689938561,9.45324689938561,8.876012802124023,8.876012802124023,25300,0.0,0.0
2012-02-23 00:00:00-05:00,8.934574163450588,9.177179602826655,8.783991201832377,9.168813705444336,20200,0.0,0.0
2012-02-24 00:00:00-05:00,9.19390914808287,9.311029299494743,8.93457275270654,8.942937850952148,16900,0.0,0.0
2012-02-27 00:00:00-05:00,8.817453540794144,9.00149928467551,8.783990750798973,8.867648124694824,21800,0.0,0.0
2012-02-28 00:00:00-05:00,8.842550811732316,8.942939186008035,8.742162437456596,8.775625228881836,19900,0.0,0.0
2012-02-29 00:00:00-05:00,8.78399076461792,8.934573718741012,8.365705490112305,8.365705490112305,45200,0.0,0.0
2012-03-01 00:00:00-05:00,8.47445710932557,8.641771007286392,8.290411422660865,8.307143211364746,25700,0.0,0.0
2012-03-02 00:00:00-05:00,8.31550913483869,8.574846300829504,7.897223949432373,7.897223949432373,57400,0.0,0.0
2012-03-05 00:00:00-05:00,7.913959088477735,8.131467668400399,7.905593189753937,8.106369972229004,18800,0.0,0.0
2012-03-06 00:00:00-05:00,7.955787789247207,8.574849934506464,7.955787789247207,8.081273078918457,25000,0.0,0.0
2012-03-07 00:00:00-05:00,8.173294906798917,8.357339859008789,8.11473442399044,8.357339859008789,16800,0.0,0.0
2012-03-08 00:00:00-05:00,8.43263298729461,8.43263298729461,8.139832909448758,8.390804290771484,17100,0.0,0.0
2012-03-09 00:00:00-05:00,8.390801168957198,8.516287211839243,8.374070175262364,8.424263954162598,16100,0.0,0.0
2012-03-12 00:00:00-04:00,8.608310539614111,8.608310539614111,8.516288070475234,8.533019065856934,4700,0.0,0.0
2012-03-13 00:00:00-04:00,8.658505859397923,8.742162439068508,8.449363213497644,8.725431442260742,34500,0.0,0.0
2012-03-14 00:00:00-04:00,8.717062333100763,8.77562199707514,8.50791976426018,8.599942207336426,14400,0.0,0.0
2012-03-15 00:00:00-04:00,8.574845747811665,8.641771309335189,8.457725616237685,8.616674423217773,13600,0.0,0.0
2012-03-16 00:00:00-04:00,8.650141433141233,8.767260824160713,8.574849940162414,8.733798027038574,49400,0.0,0.0
2012-03-19 00:00:00-04:00,8.67523291419177,9.193906344602064,8.67523291419177,9.152077674865723,22100,0.0,0.0
2012-03-20 00:00:00-04:00,9.068424487732434,9.118618271730941,8.90947564350027,9.009864807128906,27300,0.0,0.0
2012-03-21 00:00:00-04:00,9.060055812781913,9.101884485164081,8.834182258423114,8.976398468017578,18100,0.0,0.0
2012-03-22 00:00:00-04:00,8.917843963635832,8.926209862514385,8.574850087775381,8.758895874023438,25400,0.0,0.0
2012-03-23 00:00:00-04:00,8.733794636705014,9.118617053135095,8.733794636705014,9.093520164489746,25000,0.0,0.0
2012-03-26 00:00:00-04:00,9.202273467718678,9.453244721855949,8.984764994278668,9.386319160461426,45700,0.0,0.0
2012-03-27 00:00:00-04:00,9.428152894615923,9.587100988760199,9.227375304886248,9.377958297729492,30000,0.0,0.0
2012-03-28 00:00:00-04:00,9.411660830429234,9.597029485911463,9.259995493802817,9.394808769226074,27800,0.08,0.0
2012-03-29 00:00:00-04:00,9.30212327205516,9.470639837870397,9.201013332566017,9.411659240722656,13500,0.0,0.0
2012-03-30 00:00:00-04:00,9.512767123175848,9.512767123175848,9.209437370300293,9.209437370300293,35100,0.0,0.0
2012-04-02 00:00:00-04:00,9.142032735418278,9.681285746027037,9.015644708394072,9.411659240722656,25700,0.0,0.0
2012-04-03 00:00:00-04:00,9.36952920422985,9.36952920422985,8.889256826350316,8.948237419128418,43000,0.0,0.0
2012-04-04 00:00:00-04:00,8.788147901026228,8.94823844414086,8.577501984346215,8.720741271972656,25200,0.0,0.0
2012-04-05 00:00:00-04:00,8.687034594274454,8.965087032360485,8.552220584809934,8.66175651550293,24300,0.0,0.0
2012-04-09 00:00:00-04:00,8.442687207321336,8.594351693630824,8.358428534388088,8.459538459777832,49300,0.0,0.0
2012-04-10 00:00:00-04:00,8.434260919650848,8.52694481418374,8.114079097332358,8.28259563446045,58700,0.0,0.0
2012-04-11 00:00:00-04:00,8.375278704620591,8.678609245144777,8.257317542016876,8.484814643859863,36800,0.0,0.0
2012-04-12 00:00:00-04:00,8.459538674563097,8.703887868013165,8.459538674563097,8.569074630737305,24000,0.0,0.0
2012-04-13 00:00:00-04:00,8.52694481418374,8.52694481418374,8.215189019609213,8.28259563446045,27100,0.0,0.0
2012-04-16 00:00:00-04:00,8.31629944346565,8.720739960516257,8.31629944346565,8.636481285095215,20000,0.0,0.0
2012-04-17 00:00:00-04:00,8.703887300861625,8.965088533726256,8.451112095665259,8.69546127319336,59100,0.0,0.0
2012-04-18 00:00:00-04:00,8.619630094564677,8.628056123663361,8.35842962090837,8.4342622756958,20800,0.0,0.0
2012-04-19 00:00:00-04:00,8.417408036675958,8.594350584153387,8.156207630692705,8.257317543029785,31900,0.0,0.0
2012-04-20 00:00:00-04:00,8.434259915276826,8.628053709009093,8.333150005040407,8.467963218688965,33800,0.0,0.0
2012-04-23 00:00:00-04:00,8.265746408878648,8.400559671630726,8.156210432004979,8.16463565826416,49900,0.0,0.0
2012-04-24 00:00:00-04:00,8.173062359414025,8.33315372474494,8.173062359414025,8.307875633239746,26000,0.0,0.0
2012-04-25 00:00:00-04:00,8.476391923482408,8.838702348744654,8.257319980314286,8.813425064086914,39700,0.0,0.0
2012-04-26 00:00:00-04:00,8.813427609937966,9.02407358455068,8.695465574876621,8.796575546264648,32700,0.0,0.0
2012-04-27 00:00:00-04:00,8.644908879707351,8.695463451279668,8.45111421254566,8.552224159240723,54100,0.0,0.0
2012-04-30 00:00:00-04:00,8.518517912195058,8.788145147478735,8.417408000294985,8.442686080932617,26000,0.0,0.0
2012-05-01 00:00:00-04:00,8.442685845700511,8.594350307549833,8.324723883328703,8.333149909973145,66000,0.0,0.0
2012-05-02 00:00:00-04:00,8.240467824543199,8.333152539781608,8.080377285527444,8.130931854248047,57600,0.0,0.0
2012-05-03 00:00:00-04:00,8.080374856718482,8.139355437014192,8.012968249651916,8.055097579956055,25000,0.0,0.0
2012-05-04 00:00:00-04:00,8.004542437771965,8.055097796204175,7.616954034958895,7.659083366394043,51900,0.0,0.0
2012-05-07 00:00:00-04:00,7.600103052331243,7.920284054000681,7.600103052331243,7.836026191711426,39000,0.0,0.0
2012-05-08 00:00:00-04:00,7.74334457156016,8.333153859404447,7.718067283196993,8.215191841125488,39300,0.0,0.0
2012-05-09 00:00:00-04:00,8.088802194543398,8.31629932937885,7.979266239418821,8.114079475402832,39000,0.0,0.0
2012-05-10 00:00:00-04:00,8.22361787176338,8.408985724493949,7.9034359394780695,8.215191841125488,43000,0.0,0.0
2012-05-11 00:00:00-04:00,8.09722868703574,8.636482518961216,7.970841459397929,8.1056547164917,34700,0.0,0.0
2012-05-14 00:00:00-04:00,7.979265967414295,8.23204117804262,7.9455626595672015,8.189911842346191,50200,0.0,0.0
2012-05-15 00:00:00-04:00,8.156207309001978,8.408981678099876,8.139355255835387,8.24046516418457,44000,0.0,0.0
2012-05-16 00:00:00-04:00,8.316300631588314,8.484817202955528,8.09722868703574,8.1056547164917,42200,0.0,0.0
2012-05-17 00:00:00-04:00,8.09722942165673,8.16463605631908,7.852880170118091,7.895009517669678,49700,0.0,0.0
2012-05-18 00:00:00-04:00,7.836028085652821,8.021396713172456,7.6927888012354275,7.8023247718811035,32200,0.0,0.0
2012-05-21 00:00:00-04:00,7.810749832622725,8.164634181566367,7.810749832622725,8.088802337646484,40800,0.0,0.0
2012-05-22 00:00:00-04:00,8.055099131325553,8.23204170984103,7.549548677409823,7.65065860748291,38000,0.0,0.0
2012-05-23 00:00:00-04:00,7.5664019420755615,7.7096412486449655,7.246220813503314,7.498995304107666,62000,0.0,0.0
2012-05-24 00:00:00-04:00,7.541121399085661,7.886580470463583,7.482140817206551,7.659083366394043,71800,0.0,0.0
2012-05-25 00:00:00-04:00,7.692789574633665,7.8191768130964086,7.549550275815642,7.760196208953857,41100,0.0,0.0
2012-05-29 00:00:00-04:00,7.827600458840459,8.063523607094524,7.760193845053584,7.7938971519470215,41700,0.0,0.0
2012-05-30 00:00:00-04:00,7.667511960937519,7.810751253652097,7.482143322680342,7.7096405029296875,52500,0.0,0.0
2012-05-31 00:00:00-04:00,7.734916114625289,8.425834267417466,7.6675095047699635,7.827600002288818,58400,0.0,0.0
2012-06-01 00:00:00-04:00,7.5664014504741175,7.810751501670052,7.381033609881311,7.465291500091553,51100,0.0,0.0
2012-06-04 00:00:00-04:00,7.574826261588028,7.8023242160017325,7.372606393364954,7.63380765914917,67500,0.0,0.0
2012-06-05 00:00:00-04:00,7.600106262400546,7.743344769147182,7.541124849980783,7.675938129425049,57700,0.0,0.0
2012-06-06 00:00:00-04:00,7.718063948273153,7.785470557149325,7.482140817206551,7.659083366394043,74000,0.0,0.0
2012-06-07 00:00:00-04:00,7.79389671654042,7.79389671654042,7.557973581466219,7.608528137207031,53100,0.0,0.0
2012-06-08 00:00:00-04:00,7.58325128297548,7.844452514062288,7.58325128297548,7.7938971519470215,64000,0.0,0.0
2012-06-11 00:00:00-04:00,7.836026079626696,7.836026079626696,7.406308336382449,7.414734363555908,40600,0.0,0.0
2012-06-12 00:00:00-04:00,7.465289637805695,7.650658235707039,7.35575368466173,7.557974338531494,38200,0.0,0.0
2012-06-13 00:00:00-04:00,7.566401726182828,7.642234392620598,7.271497894375427,7.288349151611328,44600,0.0,0.0
2012-06-14 00:00:00-04:00,7.33047822385836,7.5579762146009095,7.33047822385836,7.456866264343262,59100,0.0,0.0
2012-06-15 00:00:00-04:00,7.414734879770807,7.541122081971067,7.389457600040801,7.482141494750977,72500,0.0,0.0
2012-06-18 00:00:00-04:00,7.423160531582731,7.515844421598903,7.3304758380163655,7.3894572257995605,38000,0.0,0.0
2012-06-19 00:00:00-04:00,7.406308852010727,7.591677444981311,7.355753489000482,7.482141494750977,50300,0.0,0.0
2012-06-20 00:00:00-04:00,7.397881520478863,7.60010213333109,7.347326969928376,7.423159599304199,34300,0.0,0.0
2012-06-21 00:00:00-04:00,7.440013472654303,7.465290756845719,7.170386965144867,7.2125163078308105,52100,0.0,0.0
2012-06-22 00:00:00-04:00,7.2967729017803915,7.490567522511056,7.254643566530227,7.482141494750977,108300,0.0,0.0
2012-06-25 00:00:00-04:00,7.29677239183387,7.431585612372574,7.153533144123953,7.161959171295166,69000,0.0,0.0
2012-06-26 00:00:00-04:00,7.1619599206107,7.431586389897608,7.145107864505137,7.372605800628662,34500,0.0,0.0
2012-06-27 00:00:00-04:00,7.3641027403434745,7.627714169885145,7.347095996063456,7.551181793212891,27900,0.08,0.0
2012-06-28 00:00:00-04:00,7.474651317997364,7.542679934352795,7.253557909359676,7.355600833892822,39000,0.0,0.0
2012-06-29 00:00:00-04:00,7.585193358776944,7.63621438419216,7.355596311514738,7.559682846069336,35900,0.0,0.0
2012-07-02 00:00:00-04:00,7.627712995583475,7.755266396423553,7.483152042116857,7.729755878448486,39200,0.0,0.0
2012-07-03 00:00:00-04:00,7.712749692570156,7.814792593517818,7.687239170074463,7.687239170074463,33000,0.0,0.0
2012-07-05 00:00:00-04:00,7.585193358776944,7.729754282394352,7.525668558804332,7.559682846069336,22200,0.0,0.0
2012-07-06 00:00:00-04:00,7.457642537539813,7.568188400775116,7.440634982602163,7.542677879333496,23100,0.0,0.0
2012-07-09 00:00:00-04:00,7.508663322966355,7.5851956956319295,7.364102354812453,7.440634727478027,32000,0.0,0.0
2012-07-10 00:00:00-04:00,7.466143547174308,7.500157837169637,7.355596901948326,7.491654872894287,14600,0.0,0.0
2012-07-11 00:00:00-04:00,7.491654271539328,7.644718158749555,7.355596311514738,7.559682846069336,38700,0.0,0.0
2012-07-12 00:00:00-04:00,7.491658877568759,7.534176154567096,7.27906924871677,7.355600833892822,84500,0.0,0.0
2012-07-13 00:00:00-04:00,7.381110100736029,7.568188337701938,7.36410254594012,7.500159740447998,36600,0.0,0.0
2012-07-16 00:00:00-04:00,7.449140674447119,7.525673069405114,7.432133115138648,7.466147422790527,10700,0.0,0.0
2012-07-17 00:00:00-04:00,7.508661009689542,7.602200096927157,7.364100086072133,7.559682846069336,20600,0.0,0.0
2012-07-18 00:00:00-04:00,7.568188599023646,7.661728531701285,7.534174299222197,7.593699932098389,19200,0.0,0.0
2012-07-19 00:00:00-04:00,7.619210855935233,7.619210855935233,7.3470964431762695,7.3470964431762695,13000,0.0,0.0
2012-07-20 00:00:00-04:00,7.279066287546414,7.381109170567868,7.228044440553314,7.262058734893799,33500,0.0,0.0
2012-07-23 00:00:00-04:00,7.143010274666643,7.34709690811581,7.074981667171911,7.151514053344727,26100,0.0,0.0
2012-07-24 00:00:00-04:00,7.160015515302852,7.304576462195749,7.117497446634699,7.194029808044434,17700,0.0,0.0
2012-07-25 00:00:00-04:00,7.313082664518657,7.65322570479,7.2875713282745735,7.398118019104004,46200,0.0,0.0
2012-07-26 00:00:00-04:00,7.585196092737796,7.585196092737796,7.253556064146313,7.551181793212891,29000,0.0,0.0
2012-07-27 00:00:00-04:00,7.6192118793822985,8.018880585031026,7.559687046336859,7.797787189483643,42000,0.0,0.0
2012-07-30 00:00:00-04:00,7.8062894860124,7.908332385121499,7.236549357762939,7.321584701538086,30400,0.0,0.0
2012-07-31 00:00:00-04:00,7.313081410876132,7.483152901857355,7.2280452599031015,7.245052814483643,32500,0.0,0.0
2012-08-01 00:00:00-04:00,7.287571967015538,7.398118667534163,6.802867889404297,6.802867889404297,58000,0.0,0.0
2012-08-02 00:00:00-04:00,6.853888404667739,6.964434272435462,6.5307517408049405,6.692319869995117,50000,0.0,0.0
2012-08-03 00:00:00-04:00,6.870894407519019,7.211037373845783,6.8538876646850815,7.108994483947754,33700,0.0,0.0
2012-08-06 00:00:00-04:00,7.126001222561271,7.228044100786015,7.049468861151537,7.194029808044434,33000,0.0,0.0
2012-08-07 00:00:00-04:00,7.2450532700621535,7.389613438262699,7.168520891566937,7.3300886154174805,32600,0.0,0.0
2012-08-08 00:00:00-04:00,7.270563488049942,7.627714032092035,7.262059710581117,7.542677879333496,31900,0.0,0.0
2012-08-09 00:00:00-04:00,7.483152996616938,7.687238788378755,7.406620621965044,7.500159740447998,27400,0.0,0.0
2012-08-10 00:00:00-04:00,7.364102354812453,7.491656579576687,7.364102354812453,7.440634727478027,13400,0.0,0.0
2012-08-13 00:00:00-04:00,7.423626693555106,7.593698982254032,7.313080841251488,7.517166614532471,12500,0.0,0.0
2012-08-14 00:00:00-04:00,7.602202407014555,7.763770928842711,7.5426775889540885,7.67873477935791,20900,0.0,0.0
2012-08-15 00:00:00-04:00,7.6277155268591885,7.950851835314323,7.6277155268591885,7.789283275604248,33200,0.0,0.0
2012-08-16 00:00:00-04:00,7.81479248987674,7.933842944885922,7.602202912980622,7.8743181228637695,14200,0.0,0.0
2012-08-17 00:00:00-04:00,7.831800031949008,7.9593534534834225,7.806289509835101,7.950850486755371,26300,0.0,0.0
2012-08-20 00:00:00-04:00,7.967858682992971,8.180448298262682,7.882823323464101,8.078405380249023,41800,0.0,0.0
2012-08-21 00:00:00-04:00,8.103912767310485,8.486573764348526,7.993366112883547,8.129424095153809,45400,0.0,0.0
2012-08-22 00:00:00-04:00,8.129425049747406,8.197453643388403,8.044388902213754,8.061395645141602,11000,0.0,0.0
2012-08-23 00:00:00-04:00,8.035886364750088,8.137929270951034,7.865814854415178,8.001872062683105,17900,0.0,0.0
2012-08-24 00:00:00-04:00,7.959354903750577,8.333513080765682,7.933844376988418,8.078405380249023,29600,0.0,0.0
2012-08-27 00:00:00-04:00,8.146432876586914,8.282490081971803,8.078404273894469,8.146432876586914,14600,0.0,0.0
2012-08-28 00:00:00-04:00,8.061397611264837,8.359023389256832,8.061397611264837,8.299498558044434,25000,0.0,0.0
2012-08-29 00:00:00-04:00,8.367527596016583,8.486577264527075,8.171944723375704,8.256980895996094,26200,0.0,0.0
2012-08-30 00:00:00-04:00,8.205956860031831,8.461064499460583,8.205956860031831,8.308000564575195,12100,0.0,0.0
2012-08-31 00:00:00-04:00,8.418545183068717,8.503581320661214,8.282488011692493,8.444056510925293,43100,0.0,0.0
2012-09-04 00:00:00-04:00,8.503580770102557,8.503580770102557,8.239969409404928,8.486573219299316,22800,0.0,0.0
2012-09-05 00:00:00-04:00,8.503583449950444,8.775697860840086,8.503583449950444,8.707669258117676,49600,0.0,0.0
2012-09-06 00:00:00-04:00,8.77569721962962,9.328430590068994,8.716172399338017,9.28591251373291,62600,0.0,0.0
2012-09-07 00:00:00-04:00,9.328428533922441,9.345435274129382,9.124341974686411,9.192371368408203,40300,0.0,0.0
2012-09-10 00:00:00-04:00,9.149858207263105,9.183872516878893,8.988289628364281,9.132850646972656,37900,0.0,0.0
2012-09-11 00:00:00-04:00,9.115841190692766,9.294416465888894,8.945769693116661,9.0648193359375,28000,0.0,0.0
2012-09-12 00:00:00-04:00,9.192376416317154,9.23489369566482,8.784203884665578,8.894750595092773,23900,0.0,0.0
2012-09-13 00:00:00-04:00,8.945770295740658,9.455984822839127,8.928762739354914,9.353941917419434,54600,0.0,0.0
2012-09-14 00:00:00-04:00,9.421970766581879,9.770617571926605,9.328431636917301,9.455985069274902,39900,0.0,0.0
2012-09-17 00:00:00-04:00,9.379450798034668,9.5665298306826,9.302918429634842,9.379450798034668,43600,0.0,0.0
2012-09-18 00:00:00-04:00,9.35394053314468,9.57503386765056,9.328430013306248,9.558026313781738,13700,0.0,0.0
2012-09-19 00:00:00-04:00,9.57503208026365,9.57503208026365,9.370946337723613,9.413463592529297,27100,0.0,0.0
2012-09-20 00:00:00-04:00,9.311418811445042,9.447475945232465,9.149851167813598,9.336929321289062,15900,0.0,0.0
2012-09-21 00:00:00-04:00,9.600544662108677,9.643062737032144,9.36244457788802,9.575034141540527,69100,0.0,0.0
2012-09-24 00:00:00-04:00,9.507004462298278,9.99170835266345,9.507004462298278,9.796126365661621,33400,0.0,0.0
2012-09-25 00:00:00-04:00,9.84715051611445,9.991711513527797,9.779121906856993,9.898172378540039,53600,0.0,0.0
2012-09-26 00:00:00-04:00,9.923857076568146,10.060855833866345,9.735483376994617,10.018043518066406,30600,0.08,0.0
2012-09-27 00:00:00-04:00,10.052295097618112,10.060857725703611,9.838234294943566,9.97523307800293,29900,0.0,0.0
2012-09-28 00:00:00-04:00,9.915295574132326,9.992357587992888,9.82967093282568,9.872483253479004,13700,0.0,0.0
2012-10-01 00:00:00-04:00,9.932422766472419,10.043733678675759,9.701236679794885,9.915297508239746,33300,0.0,0.0
2012-10-02 00:00:00-04:00,9.983796214019723,9.983796214019723,9.821110355004283,9.898172378540039,13600,0.0,0.0
2012-10-03 00:00:00-04:00,9.949545267339566,9.97523233310072,9.795421239618442,9.872483253479004,12800,0.0,0.0
2012-10-04 00:00:00-04:00,9.949545237559404,10.05229431687358,9.76973414461532,10.043731689453125,23300,0.0,0.0
2012-10-05 00:00:00-04:00,10.052296307792096,10.060858936908431,9.915297508239746,9.915297508239746,51300,0.0,0.0
2012-10-08 00:00:00-04:00,9.77829736015513,9.940983208043106,9.77829736015513,9.906733512878418,8500,0.0,0.0
2012-10-09 00:00:00-04:00,9.949545352308547,9.949545352308547,9.769734257290684,9.786859512329102,15500,0.0,0.0
2012-10-10 00:00:00-04:00,9.761172119931365,9.872483833539315,9.641298594951378,9.692672729492188,29000,0.0,0.0
2012-10-11 00:00:00-04:00,9.80398178100586,9.932418715637445,9.641295977031493,9.80398178100586,8700,0.0,0.0
2012-10-12 00:00:00-04:00,9.778295101238138,9.94954353750089,9.684108665437863,9.769732475280762,31500,0.0,0.0
2012-10-15 00:00:00-04:00,9.838231466925563,9.838231466925563,9.675545662951198,9.80398178100586,16500,0.0,0.0
2012-10-16 00:00:00-04:00,9.889606046897145,9.958105416262468,9.709794998168945,9.709794998168945,16900,0.0,0.0
2012-10-17 00:00:00-04:00,9.752609735542215,9.915295574132326,9.726921853203963,9.872483253479004,7100,0.0,0.0
2012-10-18 00:00:00-04:00,9.87248153796198,9.932419103092267,9.238861915442044,9.255987167358398,43600,0.0,0.0
2012-10-19 00:00:00-04:00,9.153238018559723,9.392986665035776,8.939177252005615,9.144676208496094,48200,0.0,0.0
2012-10-22 00:00:00-04:00,9.144675754659234,9.410110634730051,9.144675754659234,9.264549255371094,6400,0.0,0.0
2012-10-23 00:00:00-04:00,9.1789264111057,9.238863167783546,8.990552697376238,9.093301773071289,25400,0.0,0.0
2012-10-24 00:00:00-04:00,9.136116772778262,9.136116772778262,8.913493301828993,8.939180374145508,16300,0.0,0.0
2012-10-25 00:00:00-04:00,9.110428374755,9.204614837261516,8.90492937639422,9.059053421020508,33500,0.0,0.0
2012-10-26 00:00:00-04:00,9.084739482512603,9.084739482512603,8.605243778171932,8.759366989135742,25100,0.0,0.0
2012-10-31 00:00:00-04:00,8.7936154720213,8.956301272923392,8.588116543806933,8.947738647460938,62600,0.0,0.0
2012-11-01 00:00:00-04:00,8.862116580261334,9.059052105051686,8.85355395311991,8.922053337097168,90800,0.0,0.0
2012-11-02 00:00:00-04:00,8.990550948352348,8.990550948352348,8.716553466469078,8.776490211486816,40800,0.0,0.0
2012-11-05 00:00:00-05:00,8.759366128507201,8.95630245730191,8.588117679496815,8.887803077697754,27500,0.0,0.0
2012-11-06 00:00:00-05:00,8.947740016050126,8.99055233333379,8.819303880776172,8.956302642822266,30000,0.0,0.0
2012-11-07 00:00:00-05:00,8.827865853530517,8.827865853530517,8.296994465066279,8.451118469238281,31400,0.0,0.0
2012-11-08 00:00:00-05:00,8.468245782654604,8.699431028605296,8.271309416437106,8.476807594299316,116800,0.0,0.0
2012-11-09 00:00:00-05:00,8.416868281523168,8.605241962484834,8.151433419627883,8.502492904663086,21900,0.0,0.0
2012-11-12 00:00:00-05:00,8.519620301521947,8.887805165829677,8.519620301521947,8.699431419372559,28600,0.0,0.0
2012-11-13 00:00:00-05:00,8.67374259056205,8.690867027723968,8.459681818287303,8.511055946350098,8500,0.0,0.0
2012-11-14 00:00:00-05:00,8.50249586088614,8.750806374434394,8.442558277217799,8.699431419372559,46700,0.0,0.0
2012-11-15 00:00:00-05:00,8.725116619436706,8.99055233333379,8.699429555697321,8.956302642822266,12900,0.0,0.0
2012-11-16 00:00:00-05:00,8.904927545236331,8.956302488406376,8.665179715789165,8.930615425109863,23500,0.0,0.0
2012-11-19 00:00:00-05:00,9.016240533769446,9.067615484302195,8.836429431770528,9.024803161621094,37400,0.0,0.0
2012-11-20 00:00:00-05:00,8.97342729179417,9.101864246679588,8.776491770844403,9.067614555358887,47700,0.0,0.0
2012-11-21 00:00:00-05:00,9.007677356283839,9.101863798635122,8.887803034273743,9.016239166259766,12800,0.0,0.0
2012-11-23 00:00:00-05:00,9.06761476439292,9.20461353283393,8.999115380172414,9.178926467895508,13400,0.0,0.0
2012-11-26 00:00:00-05:00,9.144675479632959,9.375860664465062,9.093300540460849,9.255987167358398,32800,0.0,0.0
2012-11-27 00:00:00-05:00,9.221738762938045,9.418674287910083,9.204613508639397,9.350174903869629,52000,0.0,0.0
2012-11-28 00:00:00-05:00,9.290238380432129,9.375862204345795,9.153238792331502,9.290238380432129,19600,0.0,0.0
2012-11-29 00:00:00-05:00,9.38442533892946,9.718360474999773,9.221739493096518,9.452924728393555,52600,0.0,0.0
2012-11-30 00:00:00-05:00,9.444361205523608,9.589922598484232,9.38442444956702,9.538548469543457,63900,0.0,0.0
2012-12-03 00:00:00-05:00,9.615609088390215,9.709796346782063,9.333048946368685,9.504298210144043,141700,0.0,0.0
2012-12-04 00:00:00-05:00,9.538549938036924,9.803984883775374,9.444362659516612,9.744048118591309,19000,0.0,0.0
2012-12-05 00:00:00-05:00,9.812544788205786,10.112230164089619,9.649858977905135,9.940980911254883,155600,0.0,0.0
2012-12-06 00:00:00-05:00,9.881043409447056,10.035167398618198,9.846793724806457,10.009479522705078,15700,0.0,0.0
2012-12-07 00:00:00-05:00,10.052295507806404,10.274918947650695,10.009483182209088,10.240669250488281,45400,0.0,0.0
2012-12-10 00:00:00-05:00,10.240667476403532,10.506103195861275,10.14648102966797,10.437602996826172,53300,0.0,0.0
2012-12-11 00:00:00-05:00,10.506103667905762,10.574603053441527,10.326292576730108,10.531790733337402,36500,0.0,0.0
2012-12-12 00:00:00-05:00,10.523228292940912,10.523228292940912,10.112231972425185,10.172168731689453,38300,0.0,0.0
2012-12-13 00:00:00-05:00,10.214980968902383,10.300604793353424,10.189293086647684,10.257792472839355,23700,0.0,0.0
2012-12-14 00:00:00-05:00,10.206419210692143,10.49754203508815,10.120794562371966,10.360543251037598,46800,0.0,0.0
2012-12-17 00:00:00-05:00,10.394793006799846,10.788664921497755,10.394793006799846,10.728727340698242,62200,0.0,0.0
2012-12-18 00:00:00-05:00,10.788661773874352,11.0969089498279,10.608850717090547,11.06265926361084,53900,0.0,0.0
2012-12-19 00:00:00-05:00,11.096911274095211,11.336659127830242,10.82291372696946,11.285284996032715,106700,0.0,0.0
2012-12-20 00:00:00-05:00,11.268159152115963,11.473657301719868,11.165410077314009,11.422283172607422,40200,0.0,0.0
2012-12-21 00:00:00-05:00,11.430844978244194,11.4650946673837,10.959911140143223,11.233908653259277,123200,0.0,0.0
2012-12-24 00:00:00-05:00,11.096909069027731,11.096909069027731,10.429039772332512,10.874285697937012,36400,0.0,0.0
2012-12-26 00:00:00-05:00,10.857164902899616,10.899976413051073,10.703040853307282,10.805789947509766,29000,0.0,0.0
2012-12-27 00:00:00-05:00,10.823022626767393,11.003980834454783,10.53004259319862,10.952278137207031,36000,0.08,0.0
2012-12-28 00:00:00-05:00,10.87472425600255,11.072916965547197,10.685148799435163,10.788554191589355,33400,0.0,0.0
2012-12-31 00:00:00-05:00,10.823021964913451,11.07291653912519,10.771319270827444,11.047064781188965,27900,0.0,0.0
2013-01-02 00:00:00-05:00,11.365898687663105,11.874305220897039,11.365898687663105,11.693346977233887,133500,0.0,0.0
2013-01-03 00:00:00-05:00,11.693343569881945,11.710578074631028,11.357278945138965,11.434832572937012,36600,0.0,0.0
2013-01-04 00:00:00-05:00,11.521002631323183,11.615789942083898,11.417598068187928,11.434832572937012,54600,0.0,0.0
2013-01-07 00:00:00-05:00,11.417598820375995,11.469301516242991,11.159086984613962,11.210789680480957,23100,0.0,0.0
2013-01-08 00:00:00-05:00,11.141854676691858,11.219408319178083,11.003981899732604,11.02983283996582,25600,0.0,0.0
2013-01-09 00:00:00-05:00,11.098766651687988,11.564087576787012,11.029830279213051,11.469300270080566,64500,0.0,0.0
2013-01-10 00:00:00-05:00,11.486538081229277,11.546857223380426,11.17632429358336,11.279728889465332,136200,0.0,0.0
2013-01-11 00:00:00-05:00,11.296961313217114,11.443451346430694,11.176323042419993,11.253876686096191,28400,0.0,0.0
2013-01-14 00:00:00-05:00,11.21078987786863,11.21078987786863,11.08153354681857,11.159087181091309,53500,0.0,0.0
2013-01-15 00:00:00-05:00,11.072917938232422,11.124619817064724,10.943661597578574,11.072917938232422,123500,0.0,0.0
2013-01-16 00:00:00-05:00,11.003980054637083,11.133235555916787,10.891958236694336,10.891958236694336,138600,0.0,0.0
2013-01-17 00:00:00-05:00,10.943660884034657,11.064299963088414,10.857490817670396,10.952278137207031,33400,0.0,0.0
2013-01-18 00:00:00-05:00,10.952277824504757,11.047065141335086,10.874724191740636,10.926426887512207,20200,0.0,0.0
2013-01-22 00:00:00-05:00,10.960894720094212,11.06429928647978,10.89195834250383,11.047064781188965,33300,0.0,0.0
2013-01-23 00:00:00-05:00,10.917810641212407,11.047066159879037,10.85749150873952,10.866107940673828,16100,0.0,0.0
2013-01-24 00:00:00-05:00,10.952276425294755,11.021212796325557,10.788552749543193,10.823020935058594,35000,0.0,0.0
2013-01-25 00:00:00-05:00,10.891961092517604,10.93504572304981,10.555895550574487,10.676534652709961,48600,0.0,0.0
2013-01-28 00:00:00-05:00,10.67653251283991,11.184938118586725,10.581744372379234,11.159087181091309,48500,0.0,0.0
2013-01-29 00:00:00-05:00,11.167703923485089,11.57270576072946,11.116001229072136,11.538237571716309,63200,0.0,0.0
2013-01-30 00:00:00-05:00,11.486536619089994,11.538239321343003,10.943661943473,11.02983283996582,29800,0.0,0.0
2013-01-31 00:00:00-05:00,10.986743307290014,11.271106009500501,10.943657875061035,10.943657875061035,292900,0.0,0.0
2013-02-01 00:00:00-05:00,10.995363416577273,11.383130763874117,10.943660720104003,11.29695987701416,65300,0.0,0.0
2013-02-04 00:00:00-05:00,11.141851592850424,11.141851592850424,10.564508882790518,10.667913436889648,102000,0.0,0.0
2013-02-05 00:00:00-05:00,10.805787488786455,11.090150252560854,10.685148416784475,10.978128433227539,65900,0.0,0.0
2013-02-06 00:00:00-05:00,10.90057753575779,11.116003975767127,10.59898101281671,11.10738754272461,74500,0.0,0.0
2013-02-07 00:00:00-05:00,11.06429809737309,11.374511763190394,10.978127223752885,11.236639022827148,96800,0.0,0.0
2013-02-08 00:00:00-05:00,11.219406441717203,11.36589562638291,11.047064677571315,11.245257377624512,34100,0.0,0.0
2013-02-11 00:00:00-05:00,11.19355605210413,11.374514269144946,11.072917788601277,11.348663330078125,98200,0.0,0.0
2013-02-12 00:00:00-05:00,11.271110409267083,11.624409612242552,11.271110409267083,11.477919578552246,20800,0.0,0.0
2013-02-13 00:00:00-05:00,11.486534877303358,11.581322191642913,11.253874806911194,11.538237571716309,23200,0.0,0.0
2013-02-14 00:00:00-05:00,11.53823865065348,11.53823865065348,11.236641352246291,11.340045928955078,16300,0.0,0.0
2013-02-15 00:00:00-05:00,11.426216820438997,11.426216820438997,11.271109544482554,11.340045928955078,42100,0.0,0.0
2013-02-19 00:00:00-05:00,11.32281092116715,11.624407362559783,11.236640039748439,11.452066421508789,42900,0.0,0.0
2013-02-20 00:00:00-05:00,11.426219040180703,11.46068723911301,11.116004428003235,11.14185619354248,60300,0.0,0.0
2013-02-21 00:00:00-05:00,11.124622668493094,11.426220052203355,11.124622668493094,11.288347244262695,26500,0.0,0.0
2013-02-22 00:00:00-05:00,11.340044751438459,11.469301075242742,11.159086555541613,11.460683822631836,18400,0.0,0.0
2013-02-25 00:00:00-05:00,11.538238873698868,11.633026198734287,11.452067980549181,11.495153427124023,87500,0.0,0.0
2013-02-26 00:00:00-05:00,11.546854002629761,11.658875822369117,11.503769382703156,11.538237571716309,38400,0.0,0.0
2013-02-27 00:00:00-05:00,11.529621089595356,11.848452064722602,11.452067453685876,11.598557472229004,46200,0.0,0.0
2013-02-28 00:00:00-05:00,11.615791691389735,11.615791691389735,11.279727016036352,11.495153427124023,86800,0.0,0.0
2013-03-01 00:00:00-05:00,11.348662177472852,11.848451331532772,11.219406673479801,11.753664016723633,66400,0.0,0.0
2013-03-04 00:00:00-05:00,11.684730496898894,11.848454230129095,11.60717684681582,11.762283325195312,51600,0.0,0.0
2013-03-05 00:00:00-05:00,11.813984228114002,12.00355969694168,11.633026012820881,11.839835166931152,72600,0.0,0.0
2013-03-06 00:00:00-05:00,11.917387814036152,12.05526057197654,11.779515056095763,11.908770561218262,52400,0.0,0.0
2013-03-07 00:00:00-05:00,11.874302178391135,11.917387619992587,11.53823754182999,11.607173919677734,33700,0.0,0.0
2013-03-08 00:00:00-05:00,11.719197249927815,11.83983551582044,11.546855461304261,11.79675006866455,27200,0.0,0.0
2013-03-11 00:00:00-04:00,11.72781517498941,11.839837023141518,11.641645091493933,11.693346977233887,20800,0.0,0.0
2013-03-12 00:00:00-04:00,11.676113730892014,11.676113730892014,11.495155480384215,11.503772735595703,38000,0.0,0.0
2013-03-13 00:00:00-04:00,11.546853821306945,11.546853821306945,11.20217193658804,11.245257377624512,20300,0.0,0.0
2013-03-14 00:00:00-04:00,11.296958509980124,11.607173007708028,11.296958509980124,11.546853065490723,67900,0.0,0.0
2013-03-15 00:00:00-04:00,11.572706881652019,11.960474251055409,11.41759960517605,11.839835166931152,91300,0.0,0.0
2013-03-18 00:00:00-04:00,11.701961549077774,11.839834308488207,11.564088789667341,11.633025169372559,23100,0.0,0.0
2013-03-19 00:00:00-04:00,11.69334239959893,11.80536420389746,11.512384226776128,11.5640869140625,14100,0.0,0.0
2013-03-20 00:00:00-04:00,11.633023774074129,11.633023774074129,11.443448341729775,11.529619216918945,9700,0.0,0.0
2013-03-21 00:00:00-04:00,11.477918081990886,11.486535335034178,11.23664074928408,11.29695987701416,20200,0.0,0.0
2013-03-22 00:00:00-04:00,11.322811143275967,11.49515208770761,11.288342954389638,11.331427574157715,12400,0.0,0.0
2013-03-25 00:00:00-04:00,11.39174730369483,11.805365562438965,11.348661862962375,11.805365562438965,17100,0.0,0.0
2013-03-26 00:00:00-04:00,11.883372054353256,11.883372054353256,11.475991454556874,11.684015274047852,11400,0.08,0.0
2013-03-27 00:00:00-04:00,11.545337905529147,11.658017731607602,11.493332340639737,11.571341514587402,67000,0.0,0.0
2013-03-28 00:00:00-04:00,11.606011774192517,11.70135585767418,11.510666864097333,11.69268798828125,36000,0.0,0.0
2013-04-01 00:00:00-04:00,11.68401658234574,11.701352315884382,11.259301030008231,11.56266975402832,43200,0.0,0.0
2013-04-02 00:00:00-04:00,11.614679395375171,11.918048226327105,11.545338090005625,11.788033485412598,30100,0.0,0.0
2013-04-03 00:00:00-04:00,11.666683335332293,11.666683335332293,11.337311790755198,11.519332885742188,26800,0.0,0.0
2013-04-04 00:00:00-04:00,11.831368679189708,11.831368679189708,11.094617258794385,11.163958549499512,68900,0.0,0.0
2013-04-05 00:00:00-04:00,10.95593467738413,11.189961326860587,10.85192274132644,11.163958549499512,15900,0.0,0.0
2013-04-08 00:00:00-04:00,11.224631625067653,11.467326135029758,11.120619692226752,11.449991226196289,31600,0.0,0.0
2013-04-09 00:00:00-04:00,11.501995799826526,11.718687499205807,11.085947307179428,11.12928581237793,29100,0.0,0.0
2013-04-10 00:00:00-04:00,11.241968077321504,11.285306592088558,11.111952533020343,11.23330020904541,19300,0.0,0.0
2013-04-11 00:00:00-04:00,11.181291935399923,11.181291935399923,10.973268091628128,11.059945106506348,17900,0.0,0.0
2013-04-12 00:00:00-04:00,11.051279327999364,11.120620622359697,10.834587576469964,11.09461784362793,19900,0.0,0.0
2013-04-15 00:00:00-04:00,11.077282884043443,11.077282884043443,10.487881840621307,10.522552490234375,45300,0.0,0.0
2013-04-16 00:00:00-04:00,10.643895804060335,10.765243450580154,10.418537069970977,10.756575584411621,35000,0.0,0.0
2013-04-17 00:00:00-04:00,10.669903744682347,11.077283701028067,10.383869831011781,10.487882614135742,27200,0.0,0.0
2013-04-18 00:00:00-04:00,10.479212669549522,10.955934662457828,10.479212669549522,10.808584213256836,40000,0.0,0.0
2013-04-19 00:00:00-04:00,10.8085849417798,11.016608827633048,10.8085849417798,10.947267532348633,21800,0.0,0.0
2013-04-22 00:00:00-04:00,11.033940457968022,11.432653200630467,10.565886440634994,10.704569816589355,138300,0.0,0.0
2013-04-23 00:00:00-04:00,10.834587616857268,10.929931690304775,10.548554569901311,10.9212646484375,20400,0.0,0.0
2013-04-24 00:00:00-04:00,10.877923473160031,11.016606028491873,10.713237318743545,10.9559326171875,9200,0.0,0.0
2013-04-25 00:00:00-04:00,11.025274918590897,11.36331347194708,10.964600675039465,11.137954711914062,42200,0.0,0.0
2013-04-26 00:00:00-04:00,11.120620843268721,11.120620843268721,10.661234552352534,10.79124927520752,28400,0.0,0.0
2013-04-29 00:00:00-04:00,10.791246462771014,11.077279439796245,10.747907957576505,10.9559326171875,27000,0.0,0.0
2013-04-30 00:00:00-04:00,10.921263719653417,11.389317831832086,10.877925207548968,11.27663803100586,25500,0.0,0.0
2013-05-01 00:00:00-04:00,11.18996326438978,11.29397521845702,11.042612789474473,11.181295394897461,88900,0.0,0.0
2013-05-02 00:00:00-04:00,11.198630814519971,11.510666667823065,11.1466244256627,11.475996017456055,17500,0.0,0.0
2013-05-03 00:00:00-04:00,11.684017397633593,11.918044857055628,11.519332050591416,11.883374214172363,54300,0.0,0.0
2013-05-06 00:00:00-04:00,11.918048226327105,11.918048226327105,11.623347265199754,11.788033485412598,38100,0.0,0.0
2013-05-07 00:00:00-04:00,11.779361040238745,12.056726153982538,11.623342750451242,11.996052742004395,41100,0.0,0.0
2013-05-08 00:00:00-04:00,12.004725756239718,12.091401978145887,11.97005510215453,12.082734107971191,35000,0.0,0.0
2013-05-09 00:00:00-04:00,12.10006780641907,12.10006780641907,11.996055861715655,12.03939437866211,18900,0.0,0.0
2013-05-10 00:00:00-04:00,12.100067573299652,12.100067573299652,11.978719893510151,12.01339054107666,9000,0.0,0.0
2013-05-13 00:00:00-04:00,11.944050534029895,12.13473952951695,11.88337710089864,11.900712013244629,31800,0.0,0.0
2013-05-14 00:00:00-04:00,11.996056453595983,12.12607118423676,11.935383022845421,11.970053672790527,22900,0.0,0.0
2013-05-15 00:00:00-04:00,11.892043653048065,11.926714300512963,11.554004220305233,11.831369400024414,18600,0.0,0.0
2013-05-16 00:00:00-04:00,11.779365916526448,11.866042137145996,11.623347562152244,11.866042137145996,5200,0.0,0.0
2013-05-17 00:00:00-04:00,11.900710406222073,12.134737890892294,11.857372717902479,12.126070022583008,27600,0.0,0.0
2013-05-20 00:00:00-04:00,12.039393106394156,12.741473865602895,11.978718858435515,12.342761039733887,53400,0.0,0.0
2013-05-21 00:00:00-04:00,12.351430454947163,12.48144518172227,12.264753419354777,12.43810749053955,28700,0.0,0.0
2013-05-22 00:00:00-04:00,12.420770554832895,12.646130164347124,11.978719203850384,12.05672836303711,28200,0.0,0.0
2013-05-23 00:00:00-04:00,11.970049829516357,12.481441545358624,11.970049829516357,12.472774505615234,19600,0.0,0.0
2013-05-24 00:00:00-04:00,12.41210371315969,12.914828528807993,12.41210371315969,12.776145935058594,21200,0.0,0.0
2013-05-28 00:00:00-04:00,12.975501089975642,13.495560748657887,12.923494710800743,13.330875396728516,52800,0.0,0.0
2013-05-29 00:00:00-04:00,13.226864263454763,13.348211111165924,12.966834005109785,13.122852325439453,18300,0.0,0.0
2013-05-30 00:00:00-04:00,13.157523105770197,13.348211247438307,13.079513944808966,13.166190147399902,23700,0.0,0.0
2013-05-31 00:00:00-04:00,13.02750898405372,13.02750898405372,12.256086811702469,12.351430892944336,26700,0.0,0.0
2013-06-03 00:00:00-04:00,11.92671265181437,12.897491473248564,11.623343908472856,12.724138259887695,88100,0.0,0.0
2013-06-04 00:00:00-04:00,12.706802531478067,12.906159346900852,12.074063095747182,12.212745666503906,59900,0.0,0.0
2013-06-05 00:00:00-04:00,12.230084594486634,12.23875246466133,12.004725756239718,12.082734107971191,24800,0.0,0.0
2013-06-06 00:00:00-04:00,12.24741647566509,12.429437558910728,12.065395392419452,12.420769691467285,21400,0.0,0.0
2013-06-07 00:00:00-04:00,12.559456197132857,12.646133245483748,12.056731300570318,12.247420310974121,22100,0.0,0.0
2013-06-10 00:00:00-04:00,12.342760499653068,12.342760499653068,11.97005129348066,12.06539535522461,22000,0.0,0.0
2013-06-11 00:00:00-04:00,11.961385213481183,12.108735675131053,11.961385213481183,12.03939437866211,25100,0.0,0.0
2013-06-12 00:00:00-04:00,12.108733409236615,12.134736183893233,11.961382975160276,11.987385749816895,11800,0.0,0.0
2013-06-13 00:00:00-04:00,11.96138542001356,12.100068015346022,11.96138542001356,12.091400146484375,14900,0.0,0.0
2013-06-14 00:00:00-04:00,12.100067242524986,12.100067242524986,11.727357171413564,11.770695686340332,10300,0.0,0.0
2013-06-17 00:00:00-04:00,11.944047691230493,12.35142836706979,11.770694475962706,12.06539535522461,39100,0.0,0.0
2013-06-18 00:00:00-04:00,12.117401707868211,12.23008151189755,11.996054862462298,12.048060417175293,30900,0.0,0.0
2013-06-19 00:00:00-04:00,12.082729807966695,12.256083843312954,11.926712333413684,11.987385749816895,27900,0.0,0.0
2013-06-20 00:00:00-04:00,11.779362970292404,12.08273090650333,11.744692325393629,11.840036392211914,24000,0.0,0.0
2013-06-21 00:00:00-04:00,11.892042139956823,12.091398130861444,11.753359567742594,12.06539535522461,60900,0.0,0.0
2013-06-24 00:00:00-04:00,11.883375135185162,12.195410945318667,11.883375135185162,12.05672836303711,26100,0.0,0.0
2013-06-25 00:00:00-04:00,12.238747023434762,12.238747023434762,11.935379141717151,12.134735107421875,51000,0.0,0.0
2013-06-26 00:00:00-04:00,12.274216764615518,12.29165213075991,11.777320468596532,12.126019477844238,20500,0.08,0.0
2013-06-27 00:00:00-04:00,12.25678383233416,12.25678383233416,12.003976809735606,12.187043190002441,52800,0.0,0.0
2013-06-28 00:00:00-04:00,12.187042140635352,12.422414605907289,12.12602001913406,12.29165267944336,289900,0.0,0.0
2013-07-01 00:00:00-04:00,12.37011112156685,12.59676593608477,12.326524360698475,12.579331398010254,45600,0.0,0.0
2013-07-02 00:00:00-04:00,12.64035234562258,12.858289455029865,12.396263015868367,12.683939933776855,32500,0.0,0.0
2013-07-03 00:00:00-04:00,12.640352146976197,12.92802906036377,12.640352146976197,12.92802906036377,6300,0.0,0.0
2013-07-05 00:00:00-04:00,13.050074628638525,13.468513488769531,12.86700741949018,13.468513488769531,62000,0.0,0.0
2013-07-08 00:00:00-04:00,13.546972187826766,13.686451820276515,13.329035054282986,13.642864227294922,36000,0.0,0.0
2013-07-09 00:00:00-04:00,13.703886791186653,13.703886791186653,13.337752350979684,13.477231979370117,22800,0.0,0.0
2013-07-10 00:00:00-04:00,13.477232371601891,13.712604043519796,13.215707645076519,13.642864227294922,20000,0.0,0.0
2013-07-11 00:00:00-04:00,13.747475114870168,13.747475114870168,13.407492879043355,13.721322059631348,29500,0.0,0.0
2013-07-12 00:00:00-04:00,13.660298154970906,13.730037963833631,13.485948632814091,13.57312297821045,48100,0.0,0.0
2013-07-15 00:00:00-04:00,13.59927471394354,13.73003663506522,13.573121664627989,13.68644905090332,27200,0.0,0.0
2013-07-16 00:00:00-04:00,13.607989723526218,13.625425087376302,13.076223596557229,13.590555191040039,27100,0.0,0.0
2013-07-17 00:00:00-04:00,13.71260272627228,13.71260272627228,13.329033773881521,13.424925804138184,22700,0.0,0.0
2013-07-18 00:00:00-04:00,13.433641709761956,13.459793927030873,12.980333007856718,13.233139991760254,30800,0.0,0.0
2013-07-19 00:00:00-04:00,13.206985789872675,13.346466209643252,13.18083357488741,13.337748527526855,42600,0.0,0.0
2013-07-22 00:00:00-04:00,13.294162896711939,13.581839797803793,13.102378018862685,13.285445213317871,56900,0.0,0.0
2013-07-23 00:00:00-04:00,13.23314243535074,13.416209652765778,13.180837159790377,13.250576972961426,47100,0.0,0.0
2013-07-24 00:00:00-04:00,13.424924885685163,13.947974252707308,13.346468228859488,13.895668983459473,41000,0.0,0.0
2013-07-25 00:00:00-04:00,13.8172101515007,14.34025943618337,13.625425302935197,14.104887008666992,64500,0.0,0.0
2013-07-26 00:00:00-04:00,13.947973231043983,14.165910312779046,13.904385648424173,13.991559982299805,39900,0.0,0.0
2013-07-29 00:00:00-04:00,13.974128224994832,14.000279614298083,13.599276126184927,13.616710662841797,24200,0.0,0.0
2013-07-30 00:00:00-04:00,13.730037618386842,13.730037618386842,13.337750995562889,13.494665145874023,55400,0.0,0.0
2013-07-31 00:00:00-04:00,13.512101060801529,13.94797528856932,13.355186072768607,13.79977798461914,54700,0.0,0.0
2013-08-01 00:00:00-04:00,13.860801695448233,13.886954750687055,13.494667235746805,13.721322059631348,27700,0.0,0.0
2013-08-02 00:00:00-04:00,13.686450699688066,13.77362587851372,13.416209141783956,13.512101173400879,39000,0.0,0.0
2013-08-05 00:00:00-04:00,13.529536541711657,13.529536541711657,13.329033962958302,13.512101173400879,24300,0.0,0.0
2013-08-06 00:00:00-04:00,13.503384201852283,13.512101886467725,13.311600128497519,13.477231979370117,16600,0.0,0.0
2013-08-07 00:00:00-04:00,13.433643583758615,13.520818761967965,13.372621457830537,13.468513488769531,17600,0.0,0.0
2013-08-08 00:00:00-04:00,13.6079931088132,13.6079931088132,13.407491362841455,13.468513488769531,11800,0.0,0.0
2013-08-09 00:00:00-04:00,13.46851245969141,13.46851245969141,13.259293045611573,13.381338119506836,13300,0.0,0.0
2013-08-12 00:00:00-04:00,13.294164948040827,13.747474578110793,13.294164948040827,13.703886985778809,21500,0.0,0.0
2013-08-13 00:00:00-04:00,13.677732691504538,13.695168059402269,13.442361044433865,13.57312297821045,8000,0.0,0.0
2013-08-14 00:00:00-04:00,13.503382458953515,13.590557631127806,13.076225944300408,13.276727676391602,21000,0.0,0.0
2013-08-15 00:00:00-04:00,13.076224036503248,13.398770796306655,13.076224036503248,13.093659400939941,21200,0.0,0.0
2013-08-16 00:00:00-04:00,13.076226533607688,13.172118562229738,12.875724792480469,12.875724792480469,21100,0.0,0.0
2013-08-19 00:00:00-04:00,12.875725069295246,13.076226814733046,10.748658375201435,12.718810081481934,26900,0.0,0.0
2013-08-20 00:00:00-04:00,12.70137273708199,13.35518397608946,12.265498577743676,13.198269844055176,19200,0.0,0.0
2013-08-21 00:00:00-04:00,13.145965790380334,13.302880768236468,12.640351785470633,12.710091590881348,10900,0.0,0.0
2013-08-22 00:00:00-04:00,12.779831927348694,13.947974963565565,12.771114243469084,13.058791160583496,31600,0.0,0.0
2013-08-23 00:00:00-04:00,13.05879084318186,13.15468370079866,12.72752717744914,12.936746597290039,18300,0.0,0.0
2013-08-26 00:00:00-04:00,12.971615193447471,13.1546823752016,12.840852445700813,12.858287811279297,16900,0.0,0.0
2013-08-27 00:00:00-04:00,12.710090720160728,12.710090720160728,12.213194432808882,12.230628967285156,23500,0.0,0.0
2013-08-28 00:00:00-04:00,12.256782996534056,12.370109558105469,12.204477726193039,12.370109558105469,31200,0.0,0.0
2013-08-29 00:00:00-04:00,12.378827431904606,12.79726710696922,12.378827431904606,12.788549423217773,12900,0.0,0.0
2013-08-30 00:00:00-04:00,12.797266425067173,12.797266425067173,12.03884543774934,12.256782531738281,33600,0.0,0.0
2013-09-03 00:00:00-04:00,12.448566336368245,12.701373327277098,12.326522098155431,12.40497875213623,12500,0.0,0.0
2013-09-04 00:00:00-04:00,12.378829239136959,12.77983360524283,12.239349604206952,12.274219512939453,35000,0.0,0.0
2013-09-05 00:00:00-04:00,12.361391213143417,12.52702302505486,12.335238165449004,12.352673530578613,7600,0.0,0.0
2013-09-06 00:00:00-04:00,12.439851803005487,12.457286341129123,11.9168023574696,12.108587265014648,18500,0.0,0.0
2013-09-09 00:00:00-04:00,12.187041518816502,12.439849338112122,12.178324667163972,12.4136962890625,12800,0.0,0.0
2013-09-10 00:00:00-04:00,12.527025155733762,12.928029476916569,12.500872934955176,12.910594940185547,12100,0.0,0.0
2013-09-11 00:00:00-04:00,12.901876161653592,12.901876161653592,12.343956900400125,12.396262168884277,36200,0.0,0.0
2013-09-12 00:00:00-04:00,12.45728352142333,12.492153421141976,12.291651705600756,12.335238456726074,8500,0.0,0.0
2013-09-13 00:00:00-04:00,12.404980217816004,12.466003175496446,12.317805870416127,12.431133270263672,10900,0.0,0.0
2013-09-16 00:00:00-04:00,12.614198231525712,12.614198231525712,12.265498410005359,12.300368309020996,30100,0.0,0.0
2013-09-17 00:00:00-04:00,12.30037050211768,12.492155396579998,12.30037050211768,12.431133270263672,30500,0.0,0.0
2013-09-18 00:00:00-04:00,12.466002789959543,13.067508844463108,12.431132885805193,13.058791160583496,21500,0.0,0.0
2013-09-19 00:00:00-04:00,13.084945878250966,13.084945878250966,12.509591970765737,12.744963645935059,20300,0.0,0.0
2013-09-20 00:00:00-04:00,12.762395688825443,13.311597229532198,12.762395688825443,13.006484985351562,69900,0.0,0.0
2013-09-23 00:00:00-04:00,12.971616162967143,13.30288065144167,12.570611869694195,13.189553260803223,23000,0.0,0.0
2013-09-24 00:00:00-04:00,13.224425506495107,13.921824509418492,13.224425506495107,13.730039596557617,19600,0.0,0.0
2013-09-25 00:00:00-04:00,13.773623386162635,13.825927818902192,13.06750689326687,13.11109447479248,26900,0.0,0.0
2013-09-26 00:00:00-04:00,13.005926054800337,13.076038796135395,12.629069443267046,12.7517671585083,70600,0.08,0.0
2013-09-27 00:00:00-04:00,12.646599146264675,12.786824641128918,12.50637365140043,12.594014167785645,21400,0.0,0.0
2013-09-30 00:00:00-04:00,12.497610719074455,12.813118117106626,12.497610719074455,12.664128303527832,52400,0.0,0.0
2013-10-01 00:00:00-04:00,12.690418581738966,12.769295629036462,12.409967600956621,12.51513671875,61600,0.0,0.0
2013-10-02 00:00:00-04:00,12.42749714380049,12.42749714380049,12.225922359280991,12.252214431762695,26700,0.0,0.0
2013-10-03 00:00:00-04:00,12.260977643207141,12.260977643207141,11.8753575498289,12.015583038330078,16100,0.0,0.0
2013-10-04 00:00:00-04:00,11.980529346010783,12.488847273433082,11.919180890021549,12.427498817443848,30000,0.0,0.0
2013-10-07 00:00:00-04:00,12.287272095283859,12.629071557562147,12.208395039124271,12.462553977966309,28500,0.0,0.0
2013-10-08 00:00:00-04:00,12.576485561631111,12.576485561631111,12.32232666015625,12.32232666015625,18800,0.0,0.0
2013-10-09 00:00:00-04:00,12.348619202531745,12.6816551613204,12.287270759216154,12.383675575256348,19500,0.0,0.0
2013-10-10 00:00:00-04:00,12.585249282953539,12.716711305162057,12.30479830620444,12.409967422485352,20000,0.0,0.0
2013-10-11 00:00:00-04:00,12.339856637621043,12.655364036560059,12.199631126981483,12.655364036560059,23600,0.0,0.0
2013-10-14 00:00:00-04:00,12.576484585947165,12.979633243473403,12.576484585947165,12.84817123413086,18300,0.0,0.0
2013-10-15 00:00:00-04:00,12.532665722735008,12.813116712463495,12.532665722735008,12.594014167785645,23400,0.0,0.0
2013-10-16 00:00:00-04:00,12.532667957343975,12.918288136977777,12.374913829588769,12.427498817443848,14000,0.0,0.0
2013-10-17 00:00:00-04:00,12.462550965078766,12.471314430236816,12.331088957991106,12.471314430236816,15700,0.0,0.0
2013-10-18 00:00:00-04:00,12.602775792337368,13.487950085348986,12.39243759473353,13.111093521118164,56500,0.0,0.0
2013-10-21 00:00:00-04:00,13.128625723696063,13.295144146604668,12.979636743560445,13.16368293762207,26200,0.0,0.0
2013-10-22 00:00:00-04:00,13.260084629021547,13.46165854651141,13.137386916760466,13.198736190795898,25900,0.0,0.0
2013-10-23 00:00:00-04:00,13.093568862518827,13.137389542499678,12.813117847937312,12.96210765838623,18800,0.0,0.0
2013-10-24 00:00:00-04:00,12.988400665308843,13.286380307617469,12.848175147942433,13.225031852722168,18600,0.0,0.0
2013-10-25 00:00:00-04:00,13.268851183103894,13.321435328850384,12.83940953518795,13.146153450012207,37100,0.0,0.0
2013-10-28 00:00:00-04:00,13.146153450012207,13.146153450012207,12.953342965385248,13.146153450012207,22700,0.0,0.0
2013-10-29 00:00:00-04:00,13.225030812442554,14.01379970348913,13.225030812442554,14.005035400390625,40800,0.0,0.0
2013-10-30 00:00:00-04:00,14.005035931212877,14.005035931212877,13.444133884608293,13.558067321777344,35400,0.0,0.0
2013-10-31 00:00:00-04:00,13.55806459660431,13.55806459660431,13.058510266995127,13.128623008728027,32700,0.0,0.0
2013-11-01 00:00:00-04:00,13.093569897617144,13.093569897617144,12.497611444518558,12.830647468566895,63200,0.0,0.0
2013-11-04 00:00:00-05:00,12.743001559513832,13.067273164126577,12.743001559513832,12.935811996459961,23400,0.0,0.0
2013-11-05 00:00:00-05:00,12.909521432040616,13.111096206216587,12.883229360908054,13.005927085876465,11100,0.0,0.0
2013-11-06 00:00:00-05:00,13.137390241003757,13.216267302001123,12.8744669829492,12.997164726257324,12800,0.0,0.0
2013-11-07 00:00:00-05:00,13.014691137656788,13.014691137656788,12.690418644754677,12.769295692443848,18900,0.0,0.0
2013-11-08 00:00:00-05:00,12.7780604635007,13.505480852068237,12.70794771538406,13.365255355834961,21800,0.0,0.0
2013-11-11 00:00:00-05:00,13.382783240836883,13.382783240836883,12.883228892617202,12.944578170776367,71200,0.0,0.0
2013-11-12 00:00:00-05:00,13.02345338844102,13.102330428768157,12.874463609114155,13.076038360595703,7200,0.0,0.0
2013-11-13 00:00:00-05:00,12.970870642021035,13.058511157257135,12.751768100215983,12.874464988708496,10100,0.0,0.0
2013-11-14 00:00:00-05:00,12.839409360894017,12.839409360894017,12.725476768053273,12.778060913085938,6800,0.0,0.0
2013-11-15 00:00:00-05:00,12.73423957824707,12.804352325214484,12.567722013151933,12.73423957824707,28900,0.0,0.0
2013-11-18 00:00:00-05:00,12.821879768463754,13.54053577768928,12.821879768463754,13.303905487060547,50000,0.0,0.0
2013-11-19 00:00:00-05:00,13.347728836934877,13.496718658919903,13.084806408311906,13.207503318786621,16100,0.0,0.0
2013-11-20 00:00:00-05:00,13.303907240827673,13.4090763656164,13.076040385880475,13.312670707702637,9200,0.0,0.0
2013-11-21 00:00:00-05:00,13.417839842709512,13.847280618126058,13.417839842709512,13.698290824890137,23300,0.0,0.0
2013-11-22 00:00:00-05:00,13.74211207324869,14.005034462109505,13.74211207324869,13.88233757019043,22400,0.0,0.0
2013-11-25 00:00:00-05:00,13.917393203121152,14.005033716136655,13.67199859654396,13.978741645812988,29700,0.0,0.0
2013-11-26 00:00:00-05:00,13.98750972393721,14.241668701171875,13.934924733284145,14.241668701171875,58500,0.0,0.0
2013-11-27 00:00:00-05:00,14.241665914767788,14.636051177978516,14.136495954038322,14.636051177978516,39100,0.0,0.0
2013-11-29 00:00:00-05:00,14.785040359340655,15.240772379033569,14.478296464356374,14.969085693359375,21300,0.0,0.0
2013-12-02 00:00:00-05:00,14.907733969935094,15.109307864275449,14.72368700477523,14.767508506774902,34200,0.0,0.0
2013-12-03 00:00:00-05:00,14.697399625229114,14.951557716927281,14.50458830916173,14.636051177978516,26200,0.0,0.0
2013-12-04 00:00:00-05:00,14.53087902011391,14.776274443631213,14.373124938682755,14.408182144165039,40300,0.0,0.0
2013-12-05 00:00:00-05:00,14.390658532910479,14.592232519492077,14.197848850739403,14.241668701171875,21900,0.0,0.0
2013-12-06 00:00:00-05:00,14.443239247391237,14.65357748828104,14.320542358110453,14.43447494506836,25700,0.0,0.0
2013-12-09 00:00:00-05:00,14.381892375713722,14.381892375713722,14.075148447343109,14.224138259887695,31800,0.0,0.0
2013-12-10 00:00:00-05:00,14.14526096764101,14.189082483322242,13.803461503426902,13.873574256896973,40400,0.0,0.0
2013-12-11 00:00:00-05:00,13.856044180164671,14.416946950375706,13.531771704576698,13.671998023986816,44900,0.0,0.0
2013-12-12 00:00:00-05:00,13.645708433665595,13.943688076604088,13.610652054249892,13.733349800109863,18700,0.0,0.0
2013-12-13 00:00:00-05:00,13.72458095050665,13.917391391336185,13.505478442776187,13.707053184509277,22900,0.0,0.0
2013-12-16 00:00:00-05:00,13.812225534083096,14.136496385627673,13.78593262519305,14.057621002197266,30300,0.0,0.0
2013-12-17 00:00:00-05:00,14.013800652959134,14.118970625646822,13.672001167059157,13.891103744506836,24200,0.0,0.0
2013-12-18 00:00:00-05:00,13.864807260319342,14.329305206585486,13.742110383487354,14.25919246673584,42100,0.0,0.0
2013-12-19 00:00:00-05:00,14.197848047331933,14.51335463015661,14.11020667980617,14.206610679626465,32200,0.0,0.0
2013-12-20 00:00:00-05:00,14.27672467934706,14.653579706561146,14.162790403521873,14.539647102355957,104000,0.0,0.0
2013-12-23 00:00:00-05:00,14.600993590364116,14.872680280441976,14.539645144696836,14.671106338500977,24000,0.0,0.0
2013-12-24 00:00:00-05:00,14.688636816404507,14.811333723384287,14.662343905643132,14.679872512817383,18000,0.0,0.0
2013-12-26 00:00:00-05:00,14.741218017370835,14.872679201639325,14.600992531268494,14.82009506225586,18100,0.0,0.0
2013-12-27 00:00:00-05:00,14.881734854486316,14.908152740532978,14.591144826235102,14.67039680480957,19000,0.08,0.0
2013-12-30 00:00:00-05:00,14.705620816174925,14.740842985062757,14.344584767355558,14.43264102935791,15700,0.0,0.0
2013-12-31 00:00:00-05:00,14.450251965009233,14.908151886183832,14.265331811976464,14.635173797607422,22300,0.0,0.0
2014-01-02 00:00:00-05:00,14.529503403555012,14.626367297039627,14.353387538958504,14.547115325927734,37700,0.0,0.0
2014-01-03 00:00:00-05:00,14.555923455896613,14.732037667168171,14.538311530899774,14.62636947631836,16700,0.0,0.0
2014-01-06 00:00:00-05:00,14.749647394517966,14.855317249188944,14.476669316002203,14.547115325927734,51800,0.0,0.0
2014-01-07 00:00:00-05:00,14.573538481493088,14.784878291644041,14.450258325210168,14.555928230285645,24900,0.0,0.0
2014-01-08 00:00:00-05:00,14.582340940972026,14.679204857372534,14.441448887788972,14.50308895111084,16000,0.0,0.0
2014-01-09 00:00:00-05:00,14.599951386614825,14.723231500754055,14.106829250492309,14.274137496948242,17300,0.0,0.0
2014-01-10 00:00:00-05:00,14.30936429926896,14.46786829562218,14.00996823494975,14.379810333251953,49400,0.0,0.0
2014-01-13 00:00:00-05:00,14.371004122986724,14.47667401193482,14.159666024656437,14.300558090209961,27100,0.0,0.0
2014-01-14 00:00:00-05:00,14.459061852861034,14.749651943368647,14.335781717362616,14.608759880065918,26000,0.0,0.0
2014-01-15 00:00:00-05:00,14.599952938024488,14.820096982131954,14.362196967292642,14.749650955200195,42400,0.0,0.0
2014-01-16 00:00:00-05:00,14.670400599132199,14.749652598204245,14.635178421525708,14.740846633911133,20200,0.0,0.0
2014-01-17 00:00:00-05:00,14.696815108381186,14.952181295824936,14.635175052086678,14.723231315612793,24800,0.0,0.0
2014-01-21 00:00:00-05:00,14.837709612445677,15.251579830352137,14.459061569892649,15.198745727539062,46100,0.0,0.0
2014-01-22 00:00:00-05:00,15.260385794081957,15.32202586062485,14.987407636720922,15.198745727539062,44400,0.0,0.0
2014-01-23 00:00:00-05:00,14.996212946493158,15.13710500089454,14.77606890154528,15.066658973693848,22600,0.0,0.0
2014-01-24 00:00:00-05:00,15.031432154005303,15.295605963550116,14.92576397383973,15.172324180603027,53500,0.0,0.0
2014-01-27 00:00:00-05:00,15.163521766662598,15.313219789891809,15.11068766421871,15.163521766662598,58500,0.0,0.0
2014-01-28 00:00:00-05:00,15.137105253243229,15.295609236978624,15.022629407405088,15.14591121673584,63500,0.0,0.0
2014-01-29 00:00:00-05:00,14.969792896520762,15.242771002590732,14.969792896520762,15.05785083770752,38900,0.0,0.0
2014-01-30 00:00:00-05:00,15.233970423716887,15.586202312931482,15.128302200605408,15.401280403137207,44000,0.0,0.0
2014-01-31 00:00:00-05:00,14.969792102314479,15.36605197684898,14.969792102314479,15.172324180603027,57100,0.0,0.0
2014-02-03 00:00:00-05:00,15.207548029230793,15.374856261111345,15.075461964222036,15.313216209411621,88300,0.0,0.0
2014-02-04 00:00:00-05:00,15.418891504650638,15.762315730650961,15.15471760194067,15.366057395935059,42300,0.0,0.0
2014-02-05 00:00:00-05:00,15.313214392318404,15.462912362782353,15.084264456340293,15.137100219726562,72600,0.0,0.0
2014-02-06 00:00:00-05:00,15.145910419910743,15.260384580160608,15.075464395241816,15.119492530822754,34500,0.0,0.0
2014-02-07 00:00:00-05:00,15.110687362765397,15.207551281618317,14.969795306015223,15.14591121673584,40600,0.0,0.0
2014-02-10 00:00:00-05:00,15.075460606489269,15.330826751898575,15.075460606489269,15.260380744934082,44000,0.0,0.0
2014-02-11 00:00:00-05:00,15.418886712482433,15.762310831747024,15.260382756032463,15.647836685180664,25600,0.0,0.0
2014-02-12 00:00:00-05:00,15.586201475077015,15.903207806936532,15.251581534224261,15.366057395935059,33400,0.0,0.0
2014-02-13 00:00:00-05:00,15.189937909637395,15.850369992665108,15.189937909637395,15.79753589630127,29900,0.0,0.0
2014-02-14 00:00:00-05:00,15.8063381453005,15.8063381453005,15.383660434999843,15.41888427734375,27900,0.0,0.0
2014-02-18 00:00:00-05:00,15.445307594473526,15.797537744039992,15.207551613678973,15.550975799560547,29300,0.0,0.0
2014-02-19 00:00:00-05:00,15.436505316955962,15.815151768430317,15.145915164226292,15.189943313598633,56100,0.0,0.0
2014-02-20 00:00:00-05:00,15.207553390222284,15.410085539937036,15.189941460795078,15.366057395935059,13900,0.0,0.0
2014-02-21 00:00:00-05:00,15.454111257507034,15.454111257507034,15.154715222516511,15.207551002502441,46200,0.0,0.0
2014-02-24 00:00:00-05:00,15.286798785179212,15.72708675314345,15.286798785179212,15.718280792236328,30100,0.0,0.0
2014-02-25 00:00:00-05:00,15.762316166221856,15.806345991006575,15.595006191172088,15.665453910827637,21700,0.0,0.0
2014-02-26 00:00:00-05:00,15.630222611957127,15.938424520500323,15.630222611957127,15.850366592407227,41400,0.0,0.0
2014-02-27 00:00:00-05:00,15.744703172649382,16.026488993536848,15.665452852522932,16.017683029174805,24000,0.0,0.0
2014-02-28 00:00:00-05:00,16.026489534681783,16.44916576093597,15.912013673675842,16.114545822143555,42000,0.0,0.0
2014-03-03 00:00:00-05:00,15.97364955753884,16.184987615241244,15.691865480602301,15.99126148223877,33000,0.0,0.0
2014-03-04 00:00:00-05:00,16.176183873155892,17.215262271699824,16.176183873155892,17.100788116455078,93000,0.0,0.0
2014-03-05 00:00:00-05:00,17.030346204801578,17.083180313852257,15.947237731649412,16.968706130981445,32200,0.0,0.0
2014-03-06 00:00:00-05:00,16.959896073277406,17.162428175399604,16.783780179522495,17.100788116455078,17900,0.0,0.0
2014-03-07 00:00:00-05:00,17.171234997417667,17.171234997417667,16.827810834930347,16.995119094848633,24600,0.0,0.0
2014-03-10 00:00:00-04:00,16.898260798561115,17.276908901640912,16.475582869794064,17.206462860107422,29300,0.0,0.0
2014-03-11 00:00:00-04:00,17.171234709912937,17.206458561663265,16.686918505305773,16.83661651611328,34600,0.0,0.0
2014-03-12 00:00:00-04:00,16.730942895508267,17.021532889142378,16.651690926374847,16.915863037109375,21300,0.0,0.0
2014-03-13 00:00:00-04:00,17.030341854503956,17.180039858213135,16.660499826491016,16.810197830200195,19600,0.0,0.0
2014-03-14 00:00:00-04:00,16.704526062367595,17.047951843382698,16.704526062367595,16.739749908447266,14400,0.0,0.0
2014-03-17 00:00:00-04:00,16.73094421376424,17.021534230294368,16.537218095932634,16.74855613708496,49900,0.0,0.0
2014-03-18 00:00:00-04:00,16.801389438804197,17.003921508789062,16.678109340476954,17.003921508789062,24100,0.0,0.0
2014-03-19 00:00:00-04:00,16.977506636042325,17.109592705975167,16.76616858823667,17.04795265197754,24500,0.0,0.0
2014-03-20 00:00:00-04:00,17.05676409910994,17.303324394390472,16.871842198083495,16.968706130981445,15400,0.0,0.0
2014-03-21 00:00:00-04:00,16.96870045161136,17.109592481634422,16.510800514253678,16.554828643798828,106500,0.0,0.0
2014-03-24 00:00:00-04:00,16.94228416960983,17.021536153944115,16.51960803953741,16.889450073242188,29100,0.0,0.0
2014-03-25 00:00:00-04:00,17.039152169571032,17.171238281980752,16.88064816285295,16.968706130981445,52200,0.0,0.0
2014-03-26 00:00:00-04:00,17.136008646656276,17.136008646656276,16.616470336914062,16.616470336914062,40300,0.0,0.0
2014-03-27 00:00:00-04:00,16.598781280953954,17.08515937461476,16.510348440274857,16.917137145996094,41200,0.08,0.0
2014-03-28 00:00:00-04:00,16.88176591819682,17.102847188276172,16.457290284456352,16.64299774169922,47700,0.0,0.0
2014-03-31 00:00:00-04:00,16.784492427171102,17.102850049086555,16.660687434966874,16.80217933654785,100500,0.0,0.0
2014-04-01 00:00:00-04:00,16.802178791262264,17.023260091147296,16.757963205971844,16.89061164855957,41000,0.0,0.0
2014-04-02 00:00:00-04:00,16.961362016785667,16.961362016785667,16.501512388386868,16.53688621520996,327200,0.0,0.0
2014-04-03 00:00:00-04:00,16.62531556483214,16.775650938721988,16.439608054759407,16.651845932006836,74300,0.0,0.0
2014-04-04 00:00:00-04:00,16.757960966243914,16.757960966243914,15.917851464276177,16.49266242980957,53400,0.0,0.0
2014-04-07 00:00:00-04:00,16.519200289713595,16.704907831490193,16.17431389114734,16.528043746948242,41800,0.0,0.0
2014-04-08 00:00:00-04:00,16.501509712156206,16.757964854880782,16.289271845789294,16.625314712524414,74900,0.0,0.0
2014-04-09 00:00:00-04:00,16.67837629918153,16.722591891089312,16.43076459903451,16.651845932006836,44800,0.0,0.0
2014-04-10 00:00:00-04:00,16.572248781795924,16.704897182319883,16.05934039617827,16.2362060546875,59400,0.0,0.0
2014-04-11 00:00:00-04:00,16.121253872857856,16.474983744569183,16.032820983250755,16.271589279174805,42600,0.0,0.0
2014-04-14 00:00:00-04:00,16.377699821294964,16.71374258768542,15.970909433857967,16.38654327392578,50000,0.0,0.0
2014-04-15 00:00:00-04:00,16.41308050670137,16.466141250164494,15.749836393865346,16.395395278930664,46000,0.0,0.0
2014-04-16 00:00:00-04:00,16.57224783814423,16.625306857989358,15.944377990948691,16.22736167907715,35800,0.0,0.0
2014-04-17 00:00:00-04:00,16.12125411288805,16.625319398421382,16.06819505302062,16.519201278686523,22400,0.0,0.0
2014-04-21 00:00:00-04:00,16.430765153082138,16.572257076018218,16.324645367521697,16.563413619995117,23000,0.0,0.0
2014-04-22 00:00:00-04:00,16.61647149458907,16.6783739893737,16.289270424949144,16.421918869018555,23300,0.0,0.0
2014-04-23 00:00:00-04:00,16.439610262359807,16.439610262359807,16.006290993951584,16.050506591796875,22700,0.0,0.0
2014-04-24 00:00:00-04:00,16.103563279670663,16.17431092457182,15.493380022848397,15.572969436645508,25900,0.0,0.0
2014-04-25 00:00:00-04:00,15.564124657237283,15.564124657237283,15.03352917262486,15.475691795349121,60600,0.0,0.0
2014-04-28 00:00:00-04:00,15.466848011847098,15.511065285209918,15.077744439836838,15.228079795837402,25400,0.0,0.0
2014-04-29 00:00:00-04:00,15.369575406527574,15.55528462603829,15.166180960120009,15.263457298278809,30600,0.0,0.0
2014-04-30 00:00:00-04:00,15.183867096224976,15.440320583624905,14.909726696116962,15.219239234924316,54500,0.0,0.0
2014-05-01 00:00:00-04:00,15.236920356689476,15.546434464579752,14.573676562660106,15.52874755859375,89400,0.0,0.0
2014-05-02 00:00:00-04:00,15.511066032135794,15.873639257587854,15.43147662296665,15.696773529052734,56400,0.0,0.0
2014-05-05 00:00:00-04:00,15.519911589445432,15.749836417986765,15.26345807584891,15.564128875732422,36300,0.0,0.0
2014-05-06 00:00:00-04:00,15.546442176687865,15.91785895306131,15.25461483001709,15.25461483001709,49500,0.0,0.0
2014-05-07 00:00:00-04:00,15.325355432748887,15.440316964974974,15.0335281883265,15.351885795593262,27400,0.0,0.0
2014-05-08 00:00:00-04:00,15.219238011592672,15.652558904526039,15.130806828594057,15.289985656738281,31800,0.0,0.0
2014-05-09 00:00:00-04:00,15.166173393547723,15.900163075154268,15.095427461105505,15.705612182617188,39800,0.0,0.0
2014-05-12 00:00:00-04:00,15.70561786008138,16.404233984653317,15.70561786008138,16.12125015258789,40700,0.0,0.0
2014-05-13 00:00:00-04:00,16.050502890493956,16.068189800240184,15.785205991166736,15.88248062133789,51800,0.0,0.0
2014-05-14 00:00:00-04:00,15.900168408161665,15.900168408161665,15.272298257985248,15.36073112487793,42200,0.0,0.0
2014-05-15 00:00:00-04:00,15.254609043792149,15.47569033428189,14.892035862326285,15.272295951843262,50100,0.0,0.0
2014-05-16 00:00:00-04:00,15.210394896401183,15.475691795349121,15.113118579652552,15.475691795349121,33100,0.0,0.0
2014-05-19 00:00:00-04:00,15.360730747876284,15.829422063486012,15.351887292732398,15.811735153198242,32600,0.0,0.0
2014-05-20 00:00:00-04:00,15.679089165722425,15.811737640312508,15.272300285417257,15.4580078125,62200,0.0,0.0
2014-05-21 00:00:00-04:00,15.458002602169527,15.776360183252457,15.210392649519514,15.519905090332031,44100,0.0,0.0
2014-05-22 00:00:00-04:00,15.387261636282606,15.714462776727764,15.360732953757893,15.643716812133789,27300,0.0,0.0
2014-05-23 00:00:00-04:00,15.705616369378285,15.838264817229001,15.413789109420096,15.802892684936523,21200,0.0,0.0
2014-05-27 00:00:00-04:00,15.94438978036073,16.35117871114949,15.767524001146528,16.271589279174805,46500,0.0,0.0
2014-05-28 00:00:00-04:00,16.18315574828896,16.634161949368096,15.944389148543426,16.377708435058594,43500,0.0,0.0
2014-05-29 00:00:00-04:00,16.360018265814194,16.42192076775612,16.20083943983971,16.28927230834961,12300,0.0,0.0
2014-05-30 00:00:00-04:00,16.33348314766804,16.43075944340192,15.820574683580986,15.98859691619873,49700,0.0,0.0
2014-06-02 00:00:00-04:00,15.864799675615934,15.962074332013302,15.511069818905039,15.564128875732422,52100,0.0,0.0
2014-06-03 00:00:00-04:00,15.431479107833734,15.65256046074415,15.12196487641578,15.201554298400879,78200,0.0,0.0
2014-06-04 00:00:00-04:00,15.113121029753817,15.2988285517805,15.113121029753817,15.245769500732422,27200,0.0,0.0
2014-06-05 00:00:00-04:00,15.210393832068272,15.54643665966915,15.14848965237666,15.511064529418945,56900,0.0,0.0
2014-06-06 00:00:00-04:00,15.643714499977694,15.829421997070314,15.56412509073326,15.829421997070312,32300,0.0,0.0
2014-06-09 00:00:00-04:00,15.820578877274922,16.351174387911403,15.802893653403123,16.342330932617188,48000,0.0,0.0
2014-06-10 00:00:00-04:00,16.23621088339368,16.510351217568953,16.015129587864756,16.360015869140625,16300,0.0,0.0
2014-06-11 00:00:00-04:00,16.333489390637485,16.333489390637485,15.93554397608204,16.077035903930664,22100,0.0,0.0
2014-06-12 00:00:00-04:00,16.00628579583727,16.05050137932335,15.73214546744752,15.970911979675293,21200,0.0,0.0
2014-06-13 00:00:00-04:00,16.059349178697648,16.12125168701428,15.511068373564498,15.634873390197754,17900,0.0,0.0
2014-06-16 00:00:00-04:00,15.555284509782531,15.555284509782531,15.254613727463292,15.422636032104492,18000,0.0,0.0
2014-06-17 00:00:00-04:00,15.360734418963283,15.900171817928522,15.307673675418895,15.564128875732422,26400,0.0,0.0
2014-06-18 00:00:00-04:00,15.511068373564498,15.661402072780968,15.387261670214393,15.634873390197754,15500,0.0,0.0
2014-06-19 00:00:00-04:00,15.626027589764131,15.935541771635092,15.475692226382042,15.829421997070312,20000,0.0,0.0
2014-06-20 00:00:00-04:00,15.926694894159988,16.48381895243822,15.714457077353224,16.209678649902344,138900,0.0,0.0
2014-06-23 00:00:00-04:00,16.156619148816475,16.156619148816475,15.909007526364862,15.98859691619873,25800,0.0,0.0
2014-06-24 00:00:00-04:00,15.917853804123277,16.271583551316052,15.758674996207407,15.855951309204102,33700,0.0,0.0
2014-06-25 00:00:00-04:00,15.705614082302143,16.253894703368033,15.643711594767248,16.138933181762695,30700,0.0,0.0
2014-06-26 00:00:00-04:00,16.245521954194775,16.25440265096034,15.854705224939059,16.13005256652832,17500,0.08,0.0
2014-06-27 00:00:00-04:00,15.987935229813901,16.289929697464014,15.739233405236579,16.076757431030273,167500,0.0,0.0
2014-06-30 00:00:00-04:00,15.961296295682128,16.39652344262037,15.836946166312188,16.29882049560547,23500,0.0,0.0
2014-07-01 00:00:00-04:00,16.378757653379996,16.7162801036201,16.32546329743958,16.40540313720703,56000,0.0,0.0
2014-07-02 00:00:00-04:00,16.432047080842803,16.44092947175121,16.04123035158709,16.13005256652832,19200,0.0,0.0
2014-07-03 00:00:00-04:00,16.165587951103124,16.529757638764657,16.147823162889527,16.45870018005371,11500,0.0,0.0
2014-07-07 00:00:00-04:00,16.343225535864978,16.343225535864978,15.92576331091371,15.952408790588379,20600,0.0,0.0
2014-07-08 00:00:00-04:00,15.979055484291836,15.979055484291836,15.526063707861265,15.74811840057373,36600,0.0,0.0
2014-07-09 00:00:00-04:00,15.863589718489385,15.863589718489385,15.623770214603999,15.828060150146484,13800,0.0,0.0
2014-07-10 00:00:00-04:00,15.472773986033967,15.703711113484406,15.321776698629572,15.437244415283203,21500,0.0,0.0
2014-07-11 00:00:00-04:00,15.375069440117683,15.437244495109853,15.232954544666097,15.268484115600586,29100,0.0,0.0
2014-07-14 00:00:00-04:00,15.49053877140935,15.55271382608001,15.277366429334295,15.437244415283203,16600,0.0,0.0
2014-07-15 00:00:00-04:00,15.455008042673278,15.455008042673278,15.11748561654618,15.170778274536133,49900,0.0,0.0
2014-07-16 00:00:00-04:00,15.241835699983772,15.286245965903229,14.966488324168434,15.01089859008789,19300,0.0,0.0
2014-07-17 00:00:00-04:00,15.0020183795377,15.153015677420827,14.54902648588832,14.628966331481934,30900,0.0,0.0
2014-07-18 00:00:00-04:00,14.540144177134879,15.09083894788092,14.540144177134879,15.046428680419922,33600,0.0,0.0
2014-07-21 00:00:00-04:00,14.877664681590058,14.913194246257069,14.655609984849908,14.806607246398926,19100,0.0,0.0
2014-07-22 00:00:00-04:00,14.922077957248286,15.081957642256619,14.797727844083239,14.815492630004883,23800,0.0,0.0
2014-07-23 00:00:00-04:00,14.91319648060068,14.957606748945246,14.771079894783156,14.922077178955078,24800,0.0,0.0
2014-07-24 00:00:00-04:00,14.868780801298747,15.099717866077052,14.655608517074786,14.771076202392578,25300,0.0,0.0
2014-07-25 00:00:00-04:00,14.753316171902126,14.975370892398459,14.557906933613788,14.611201286315918,29300,0.0,0.0
2014-07-28 00:00:00-04:00,14.673372343418642,14.673372343418642,14.43355290395864,14.522375106811523,15600,0.0,0.0
2014-07-29 00:00:00-04:00,14.522375106811523,14.673372343418642,14.504610327412424,14.522375106811523,17700,0.0,0.0
2014-07-30 00:00:00-04:00,14.682259286536853,14.682259286536853,14.406910202884465,14.424674987792969,21800,0.0,0.0
2014-07-31 00:00:00-04:00,14.238146276764159,14.42467138934255,14.220381496287347,14.282556533813477,38600,0.0,0.0
2014-08-01 00:00:00-04:00,14.335851610161804,15.099720358667199,14.211501514039716,14.23814868927002,38800,0.0,0.0
2014-08-04 00:00:00-04:00,14.291442614570093,14.424675114265751,14.096034214221095,14.353617668151855,42100,0.0,0.0
2014-08-05 00:00:00-04:00,14.229267184801735,14.593436798275594,14.113798626151466,14.486849784851074,22200,0.0,0.0
2014-08-06 00:00:00-04:00,14.424672589165032,14.700019932887749,14.424672589165032,14.549022674560547,39300,0.0,0.0
2014-08-07 00:00:00-04:00,14.549024658046285,14.762198682276365,14.406909771321622,14.460204124450684,18800,0.0,0.0
2014-08-08 00:00:00-04:00,14.424675508419378,14.637847852585987,14.415793115644536,14.540144920349121,16000,0.0,0.0
2014-08-11 00:00:00-04:00,14.593432771939039,14.904309640001083,14.575667992245748,14.708900451660156,13800,0.0,0.0
2014-08-12 00:00:00-04:00,14.593438150212659,14.69114278039124,14.415793676095833,14.513498306274414,15100,0.0,0.0
2014-08-13 00:00:00-04:00,14.54902648588832,14.68226069130654,14.442441154525698,14.628966331481934,17400,0.0,0.0
2014-08-14 00:00:00-04:00,14.611201050903627,15.064191182571772,14.611201050903627,14.833255767822266,13500,0.0,0.0
2014-08-15 00:00:00-04:00,15.046424489262137,15.046424489262137,14.371378108200814,14.708900451660156,30200,0.0,0.0
2014-08-18 00:00:00-04:00,14.930955570183519,14.930955570183519,14.700018509564487,14.895427703857422,16200,0.0,0.0
2014-08-19 00:00:00-04:00,14.859898143388639,14.957602740535107,14.833252667179739,14.895427703857422,62800,0.0,0.0
2014-08-20 00:00:00-04:00,14.79772582952752,15.019780540887949,14.664493341539863,14.966487884521484,38100,0.0,0.0
2014-08-21 00:00:00-04:00,14.904313153348827,15.09083830166947,14.682258437266329,15.081955909729004,17900,0.0,0.0
2014-08-22 00:00:00-04:00,15.081952891384585,15.099717671710255,14.922073256738939,14.993130683898926,14700,0.0,0.0
2014-08-25 00:00:00-04:00,15.028659305169823,15.499415789518851,15.028659305169823,15.383946418762207,49600,0.0,0.0
2014-08-26 00:00:00-04:00,15.48165435973383,15.677061890950087,15.455007185145858,15.588239669799805,47600,0.0,0.0
2014-08-27 00:00:00-04:00,15.632650966717001,15.85470566313587,15.588239010947495,15.765883445739746,45700,0.0,0.0
2014-08-28 00:00:00-04:00,15.67706089929177,15.836940548420444,15.62376824762983,15.650415420532227,43200,0.0,0.0
2014-08-29 00:00:00-04:00,15.685947671811943,15.81029779180545,15.552715158369855,15.783652305603027,41900,0.0,0.0
2014-09-02 00:00:00-04:00,15.783652305603027,15.934649605942282,15.659300491466196,15.783652305603027,43500,0.0,0.0
2014-09-03 00:00:00-04:00,15.80141919131409,15.819182286427303,15.401719903754683,15.472777366638184,21300,0.0,0.0
2014-09-04 00:00:00-04:00,15.455009590120701,15.739239386716624,15.401716926794771,15.463891983032227,14800,0.0,0.0
2014-09-05 00:00:00-04:00,15.366183141993638,15.614884992896718,15.366183141993638,15.499417304992676,8900,0.0,0.0
2014-09-08 00:00:00-04:00,15.54383143773359,15.606006492421617,15.38395175759685,15.597124099731445,8500,0.0,0.0
2014-09-09 00:00:00-04:00,15.526065484707566,15.69482754484264,15.161895882513965,15.170778274536133,16900,0.0,0.0
2014-09-10 00:00:00-04:00,15.161892465415507,15.446122169494629,15.161892465415507,15.446122169494629,10900,0.0,0.0
2014-09-11 00:00:00-04:00,15.286245637508026,15.614887358338143,15.250717764364317,15.543829917907715,19000,0.0,0.0
2014-09-12 00:00:00-04:00,15.543829463701048,15.543829463701048,15.099720050452447,15.419479370117188,25100,0.0,0.0
2014-09-15 00:00:00-04:00,15.339542001688635,15.339542001688635,15.046429809675493,15.073075294494629,29900,0.0,0.0
2014-09-16 00:00:00-04:00,14.948728415908997,15.13525532072414,14.859906160956244,15.01978588104248,22400,0.0,0.0
2014-09-17 00:00:00-04:00,15.046428412677109,15.10860346367338,14.557907008583566,14.948723793029785,21100,0.0,0.0
2014-09-18 00:00:00-04:00,14.966488469182776,15.232953455567463,14.851019066044497,15.17966079711914,16100,0.0,0.0
2014-09-19 00:00:00-04:00,15.339542840830228,15.339542840830228,14.788846304484974,15.064193725585938,71100,0.0,0.0
2014-09-22 00:00:00-04:00,14.948726234720679,15.064193963410688,14.682261202886284,14.744436264038086,28000,0.0,0.0
2014-09-23 00:00:00-04:00,14.700021811801058,14.904313442103591,14.433556824996806,14.531261444091797,34500,0.0,0.0
2014-09-24 00:00:00-04:00,14.49573382020701,14.655613511394236,14.49573382020701,14.628966331481934,12800,0.0,0.0
2014-09-25 00:00:00-04:00,14.566787571248476,14.61119952648443,14.362497659591684,14.477965354919434,34000,0.0,0.0
2014-09-26 00:00:00-04:00,14.504747144962913,14.656489183194795,14.424413024575502,14.647562980651855,15300,0.08,0.0
2014-09-29 00:00:00-04:00,14.433335298432784,14.647558993655519,14.433335298432784,14.531521797180176,25000,0.0,0.0
2014-09-30 00:00:00-04:00,14.469040735377524,14.576153451553475,14.299448013305664,14.299448013305664,57600,0.0,0.0
2014-10-01 00:00:00-04:00,14.281597137451172,14.51367329523464,14.281597137451172,14.281597137451172,62500,0.0,0.0
2014-10-02 00:00:00-04:00,14.290521379395877,14.585079211844437,14.290521379395877,14.486892700195312,18200,0.0,0.0
2014-10-03 00:00:00-04:00,14.638635701170296,14.79930393012504,14.326225445147063,14.433338165283203,24700,0.0,0.0
2014-10-06 00:00:00-04:00,14.424411430095217,14.513671743158698,14.29052181174943,14.299448013305664,10100,0.0,0.0
2014-10-07 00:00:00-04:00,14.281597137451172,14.433339175136553,14.281597137451172,14.281597137451172,17600,0.0,0.0
2014-10-08 00:00:00-04:00,14.281596305193167,14.567227958897199,14.20126218977654,14.495820045471191,39000,0.0,0.0
2014-10-09 00:00:00-04:00,14.308375077773922,14.308375077773922,13.978112410271164,13.987038612365723,92500,0.0,0.0
2014-10-10 00:00:00-04:00,13.87992606993402,14.64756153671434,13.87992606993402,14.361929893493652,41200,0.0,0.0
2014-10-13 00:00:00-04:00,14.388708135490429,15.174195134531386,14.388708135490429,15.058157920837402,27700,0.0,0.0
2014-10-14 00:00:00-04:00,15.174198241455514,15.406274418860031,15.040308597471922,15.388422012329102,53900,0.0,0.0
2014-10-15 00:00:00-04:00,15.263456485887435,15.549088141354504,14.7278962806372,15.424124717712402,43400,0.0,0.0
2014-10-16 00:00:00-04:00,15.352720499117769,15.745463268665429,15.352720499117769,15.584794998168945,36300,0.0,0.0
2014-10-17 00:00:00-04:00,15.834713312391527,15.834713312391527,15.147411358817179,15.192042350769043,28600,0.0,0.0
2014-10-20 00:00:00-04:00,15.138488612768427,15.263453716233753,14.772522907795748,14.96889591217041,27100,0.0,0.0
2014-10-21 00:00:00-04:00,15.04030617683175,15.361640930175781,15.04030617683175,15.361640930175781,14600,0.0,0.0
2014-10-22 00:00:00-04:00,15.174196729514641,15.192049134266776,14.710044420953253,14.888565063476562,25700,0.0,0.0
2014-10-23 00:00:00-04:00,14.951046456971966,15.352717042785732,14.942120254787328,15.281309127807617,33800,0.0,0.0
2014-10-24 00:00:00-04:00,15.397345162695846,15.77223711301796,15.254529343763503,15.37949275970459,29100,0.0,0.0
2014-10-27 00:00:00-04:00,15.263450235393764,15.540155575502272,15.183116152378672,15.192042350769043,16000,0.0,0.0
2014-10-28 00:00:00-04:00,15.334863833394289,16.066795349121094,15.334863833394289,16.066795349121094,35000,0.0,0.0
2014-10-29 00:00:00-04:00,16.066797406742847,16.066797406742847,15.593718870200181,15.709757804870605,39700,0.0,0.0
2014-10-30 00:00:00-04:00,15.63834861939264,16.120351617302543,15.522309694109477,16.102500915527344,44400,0.0,0.0
2014-10-31 00:00:00-04:00,16.138203426410996,16.289945452147393,16.05786931263885,16.173908233642578,67200,0.0,0.0
2014-11-03 00:00:00-05:00,16.263161856094204,16.263161856094204,15.888270007699134,16.013235092163086,49800,0.0,0.0
2014-11-04 00:00:00-05:00,15.897202160147678,15.897202160147678,15.629422897797811,15.772238731384277,22000,0.0,0.0
2014-11-05 00:00:00-05:00,15.888277618603817,16.2006879256689,15.709758659208921,15.915056228637695,16900,0.0,0.0
2014-11-06 00:00:00-05:00,15.93290081404938,15.968603907402441,15.504453478822445,15.950753211975098,27900,0.0,0.0
2014-11-07 00:00:00-05:00,15.888275797402143,15.888275797402143,15.513383812396073,15.665125846862793,21200,0.0,0.0
2014-11-10 00:00:00-05:00,15.70975400244013,15.825791206525487,15.531233393464053,15.611567497253418,37300,0.0,0.0
2014-11-11 00:00:00-05:00,15.495533557736781,16.03109209249803,15.441976342261407,15.995388984680176,33200,0.0,0.0
2014-11-12 00:00:00-05:00,15.870422296876997,16.182830810546875,15.870422296876997,16.182830810546875,19800,0.0,0.0
2014-11-13 00:00:00-05:00,16.164983009339196,16.173909211686865,15.459828346364615,15.558014869689941,35400,0.0,0.0
2014-11-14 00:00:00-05:00,15.549088667342273,15.736533809146241,15.495533155755286,15.558014869689941,32800,0.0,0.0
2014-11-17 00:00:00-05:00,15.575860967823205,15.575860967823205,15.361635603215637,15.47767448425293,15500,0.0,0.0
2014-11-18 00:00:00-05:00,15.495534453721712,15.718684423608261,15.468755844435629,15.629424095153809,16400,0.0,0.0
2014-11-19 00:00:00-05:00,15.61156890931624,15.656199916846475,15.290232465093975,15.325937271118164,31000,0.0,0.0
2014-11-20 00:00:00-05:00,15.218821904827932,15.334860801696777,15.192045007472476,15.334860801696777,15200,0.0,0.0
2014-11-21 00:00:00-05:00,15.44197695108341,15.486607965739196,15.183123876076364,15.40627384185791,46800,0.0,0.0
2014-11-24 00:00:00-05:00,15.513384023064905,15.745460179077261,15.504459523121268,15.62049674987793,25900,0.0,0.0
2014-11-25 00:00:00-05:00,15.682976702299335,15.781163215637207,15.611568793280568,15.781163215637207,20800,0.0,0.0
2014-11-26 00:00:00-05:00,15.682974044890498,15.834716038655742,15.656197147607461,15.745455741882324,8400,0.0,0.0
2014-11-28 00:00:00-05:00,15.77223754662972,15.81686685283596,15.200974255195128,15.245603561401367,15000,0.0,0.0
2014-12-01 00:00:00-05:00,15.308086442179498,15.611570514595803,15.192049215666925,15.20097541809082,24500,0.0,0.0
2014-12-02 00:00:00-05:00,15.200972317254971,15.602641129399915,15.200972317254971,15.450899124145508,19500,0.0,0.0
2014-12-03 00:00:00-05:00,15.245605557886446,15.620497567609027,15.227753152066532,15.504460334777832,33800,0.0,0.0
2014-12-04 00:00:00-05:00,15.486603748795872,15.620493351307344,15.245601442776021,15.433048248291016,25100,0.0,0.0
2014-12-05 00:00:00-05:00,15.42412404184246,16.02216593270814,15.42412404184246,15.799015998840332,28100,0.0,0.0
2014-12-08 00:00:00-05:00,15.718682294220745,15.995387742695408,15.522309257723494,15.674051284790039,22700,0.0,0.0
2014-12-09 00:00:00-05:00,15.468752367412943,16.013238716347743,15.397344461200083,16.00431251525879,52500,0.0,0.0
2014-12-10 00:00:00-05:00,15.897203113018925,16.05787136105884,15.317013541485222,15.352718353271484,26900,0.0,0.0
2014-12-11 00:00:00-05:00,15.477677153947477,15.772234952967297,15.441972352854835,15.468750953674316,14400,0.0,0.0
2014-12-12 00:00:00-05:00,15.236678666803082,15.540162742038095,15.200975559274928,15.317012786865234,16300,0.0,0.0
2014-12-15 00:00:00-05:00,15.415198378531876,15.486606291763394,14.959972293243851,15.218825340270996,27900,0.0,0.0
2014-12-16 00:00:00-05:00,15.14741902837604,15.799018220809923,15.14741902837604,15.504460334777832,34600,0.0,0.0
2014-12-17 00:00:00-05:00,15.352714425595147,16.040014851657688,15.343788224932167,15.968606948852539,34100,0.0,0.0
2014-12-18 00:00:00-05:00,16.057864194532645,16.066790393495502,15.647269257231423,15.950753211975098,49900,0.0,0.0
2014-12-19 00:00:00-05:00,15.888273603601153,16.066794220382693,15.620494380927619,16.00431251525879,72700,0.0,0.0
2014-12-22 00:00:00-05:00,15.968610693748825,16.263168574710964,15.959684490992508,16.16498374938965,29900,0.0,0.0
2014-12-23 00:00:00-05:00,16.200682986503335,16.700538303915092,15.72760627096136,16.468463897705078,33300,0.0,0.0
2014-12-24 00:00:00-05:00,16.495240581721244,16.700538085879888,16.28101687705588,16.566648483276367,22500,0.0,0.0
2014-12-26 00:00:00-05:00,16.691615277490136,16.75409698486328,16.62020736870671,16.75409698486328,13100,0.0,0.0
2014-12-29 00:00:00-05:00,16.780988860110444,16.90648887568111,16.565848174571535,16.6196346282959,19100,0.08,0.0
2014-12-30 00:00:00-05:00,16.736173248490207,16.745137659974247,16.538961325201317,16.709280014038086,10500,0.0,0.0
2014-12-31 00:00:00-05:00,16.727205126466846,16.852703439831213,16.494135608942816,16.556884765625,29900,0.0,0.0
2015-01-02 00:00:00-05:00,16.70927363321902,16.70927363321902,15.902495715395348,16.162458419799805,72200,0.0,0.0
2015-01-05 00:00:00-05:00,16.063850113125362,16.063850113125362,15.76803151439837,15.79492473602295,16800,0.0,0.0
2015-01-06 00:00:00-05:00,15.750108265242822,15.884571001306094,15.301898005174278,15.382575988769531,26600,0.0,0.0
2015-01-07 00:00:00-05:00,15.526000861416287,15.615643242259106,15.266039837736937,15.5977144241333,36300,0.0,0.0
2015-01-08 00:00:00-05:00,15.741135554486856,16.13556085410493,15.481174629814763,15.893527030944824,17400,0.0,0.0
2015-01-09 00:00:00-05:00,15.839748511982046,15.956282411496526,15.74114172100241,15.848712921142578,13400,0.0,0.0
2015-01-12 00:00:00-05:00,15.794930712425234,15.956284973867543,15.517039113181628,15.570825576782227,62200,0.0,0.0
2015-01-13 00:00:00-05:00,15.777003023092346,16.12660651264487,15.534969048885237,15.920430183410645,26500,0.0,0.0
2015-01-14 00:00:00-05:00,15.759073129731085,16.07282066277729,15.58875274725689,15.83078670501709,12700,0.0,0.0
2015-01-15 00:00:00-05:00,15.79492895037428,15.848713698188263,15.40050347690369,15.436359405517578,31300,0.0,0.0
2015-01-16 00:00:00-05:00,15.38257328995312,16.00110381906899,15.38257328995312,15.884568214416504,32300,0.0,0.0
2015-01-20 00:00:00-05:00,15.839750605270815,15.929392998936533,15.48118274039439,15.875606536865234,23700,0.0,0.0
2015-01-21 00:00:00-05:00,15.79492936078412,16.010070067416496,15.436359806610474,15.624608993530273,14900,0.0,0.0
2015-01-22 00:00:00-05:00,15.830784468170698,16.216245522038314,15.651499700394885,16.2072811126709,36700,0.0,0.0
2015-01-23 00:00:00-05:00,16.287960155782702,16.287960155782702,15.714251596919274,15.974212646484375,21700,0.0,0.0
2015-01-26 00:00:00-05:00,15.99214350350467,16.099713017100783,15.875607869024524,15.983179092407227,17600,0.0,0.0
2015-01-27 00:00:00-05:00,15.848711759804713,15.965245650779998,15.463250743078149,15.517035484313965,40100,0.0,0.0
2015-01-28 00:00:00-05:00,15.642535894860721,15.642535894860721,14.853685024163708,14.988147735595703,54300,0.0,0.0
2015-01-29 00:00:00-05:00,15.077791570447182,15.436359405517578,14.871615279004992,15.436359405517578,29000,0.0,0.0
2015-01-30 00:00:00-05:00,15.185362067795916,15.902497704497991,13.446306011560601,14.880578994750977,51000,0.0,0.0
2015-02-02 00:00:00-05:00,14.970219009613537,15.508069797199113,14.65647157699798,15.481178283691406,38500,0.0,0.0
2015-02-03 00:00:00-05:00,15.499109344013783,15.839748339473049,15.409466963170965,15.5977144241333,26400,0.0,0.0
2015-02-04 00:00:00-05:00,15.588752816646396,15.687359624273512,15.310862924899487,15.337756156921387,29300,0.0,0.0
2015-02-05 00:00:00-05:00,15.33775244359921,15.588749042557087,15.194325327112967,15.517035484313965,40100,0.0,0.0
2015-02-06 00:00:00-05:00,15.517033017777575,15.812851612231364,15.499105913406,15.543926239013672,45700,0.0,0.0
2015-02-09 00:00:00-05:00,15.53496270199507,15.76803216973721,14.961254295113445,15.30189323425293,36800,0.0,0.0
2015-02-10 00:00:00-05:00,15.337754429788845,15.427395106861352,15.050900159669657,15.283967971801758,34300,0.0,0.0
2015-02-11 00:00:00-05:00,15.203288257702827,15.319823860241547,14.961256063557258,15.122611999511719,18500,0.0,0.0
2015-02-12 00:00:00-05:00,15.25707822850661,15.37361214813712,15.239149407090682,15.355683326721191,23400,0.0,0.0
2015-02-13 00:00:00-05:00,15.40946973239252,15.463254486649337,15.140542541535407,15.418434143066406,43800,0.0,0.0
2015-02-17 00:00:00-05:00,15.481182163781659,15.615644894378809,15.355682133409454,15.579787254333496,15700,0.0,0.0
2015-02-18 00:00:00-05:00,15.490142326134007,15.624605019859212,15.355677922622887,15.53496265411377,12600,0.0,0.0
2015-02-19 00:00:00-05:00,15.454289442685493,15.705287801909353,15.346719938579868,15.615645408630371,24100,0.0,0.0
2015-02-20 00:00:00-05:00,15.642538760306785,15.642538760306785,15.310862415550023,15.382575988769531,21400,0.0,0.0
2015-02-23 00:00:00-05:00,15.310862924899487,15.44532566543596,15.059864555387968,15.337756156921387,20800,0.0,0.0
2015-02-24 00:00:00-05:00,15.301893187089988,15.67838975539211,15.221215228897682,15.53496265411377,16500,0.0,0.0
2015-02-25 00:00:00-05:00,15.445320913344625,15.59771242834244,15.40946499146713,15.499107360839844,10100,0.0,0.0
2015-02-26 00:00:00-05:00,15.445324645973177,15.642538248210402,15.355682254936838,15.508073806762695,45100,0.0,0.0
2015-02-27 00:00:00-05:00,15.525999010581776,15.759068489074707,15.418429534222575,15.759068489074707,36300,0.0,0.0
2015-03-02 00:00:00-05:00,15.785965400413106,15.866643381420626,15.526002637214123,15.669429779052734,22800,0.0,0.0
2015-03-03 00:00:00-05:00,15.57082589599826,15.57082589599826,15.203291893005371,15.203291893005371,11600,0.0,0.0
2015-03-04 00:00:00-05:00,15.176395629280014,15.176395629280014,14.925397335103778,15.032968521118164,15200,0.0,0.0
2015-03-05 00:00:00-05:00,15.095718930612984,15.21225282457774,14.817829099015375,14.988147735595703,21500,0.0,0.0
2015-03-06 00:00:00-05:00,14.799902037781509,15.3467190669174,14.799902037781509,14.979185104370117,26300,0.0,0.0
2015-03-09 00:00:00-04:00,15.050898051530673,15.257074315576991,14.997111601077311,15.095718383789062,16200,0.0,0.0
2015-03-10 00:00:00-04:00,14.970223292638359,15.059863976358447,14.781974095295995,14.79990291595459,30200,0.0,0.0
2015-03-11 00:00:00-04:00,14.844723129103372,14.943329932084232,14.53994001969565,14.790938377380371,35200,0.0,0.0
2015-03-12 00:00:00-04:00,14.961254418951098,15.041932378059856,14.808862908388548,14.91643238067627,34700,0.0,0.0
2015-03-13 00:00:00-04:00,14.952293295000736,15.230183154188916,14.79990175097116,15.185362815856934,15100,0.0,0.0
2015-03-16 00:00:00-04:00,15.221218464062638,15.221218464062638,14.889543863031045,15.006077766418457,26000,0.0,0.0
2015-03-17 00:00:00-04:00,14.916440246944706,15.104689487401412,14.799906305547191,15.015047073364258,56900,0.0,0.0
2015-03-18 00:00:00-04:00,15.006078736856027,15.355682179413263,14.898509235970597,15.248112678527832,35000,0.0,0.0
2015-03-19 00:00:00-04:00,15.14054323898356,15.508075544610772,15.050902547688407,15.158472061157227,21200,0.0,0.0
2015-03-20 00:00:00-04:00,15.24810920190351,15.794926121051773,15.158466831746845,15.759068489074707,73600,0.0,0.0
2015-03-23 00:00:00-04:00,15.732179770613618,15.90250015171055,15.418433949890964,15.821822166442871,28200,0.0,0.0
2015-03-24 00:00:00-04:00,15.857680756616233,16.090750315789933,15.561862029547036,15.983179092407227,46800,0.0,0.0
2015-03-25 00:00:00-04:00,15.974207750829274,15.974207750829274,15.732173885565595,15.79492473602295,29500,0.0,0.0
2015-03-26 00:00:00-04:00,15.77699991084866,15.938355861823583,15.70528634483606,15.741142272949219,22900,0.0,0.0
2015-03-27 00:00:00-04:00,15.714126766307036,15.714126766307036,15.53402148236553,15.65108871459961,20100,0.08,0.0
2015-03-30 00:00:00-04:00,15.678105565357258,15.939258064354194,15.678105565357258,15.804178237915039,33200,0.0,0.0
2015-03-31 00:00:00-04:00,15.750151247256962,15.840203914697957,15.498004121944529,15.813187599182129,28900,0.0,0.0
2015-04-01 00:00:00-04:00,15.68711082211254,15.89423070111911,15.552032714830487,15.867216110229492,22400,0.0,0.0
2015-04-02 00:00:00-04:00,15.84920302489019,15.894228481826916,15.723128653767409,15.750144958496094,13200,0.0,0.0
2015-04-06 00:00:00-04:00,15.741145736854959,15.759156613783247,15.552036681943205,15.696120262145996,19900,0.0,0.0
2015-04-07 00:00:00-04:00,15.678108106491857,15.759155328447086,15.633082635455228,15.669102668762207,22300,0.0,0.0
2015-04-08 00:00:00-04:00,15.597063342740231,16.07434131196422,15.48900150817639,15.732141494750977,20600,0.0,0.0
2015-04-09 00:00:00-04:00,15.624078013675787,15.750150713251651,15.579050822676042,15.642088890075684,25000,0.0,0.0
2015-04-10 00:00:00-04:00,15.76816154028939,15.76816154028939,15.534025300658808,15.543030738830566,19900,0.0,0.0
2015-04-13 00:00:00-04:00,15.534025300658808,15.696119752527034,15.425961760209422,15.543030738830566,13600,0.0,0.0
2015-04-14 00:00:00-04:00,15.552033468122495,15.552033468122495,15.308891832670984,15.461980819702148,26100,0.0,0.0
2015-04-15 00:00:00-04:00,15.488995549536988,15.7141262888174,15.488995549536988,15.597057342529297,24500,0.0,0.0
2015-04-16 00:00:00-04:00,15.497999781763339,15.543026961679956,15.407948857152679,15.452974319458008,9200,0.0,0.0
2015-04-17 00:00:00-04:00,15.344910958107414,15.425956438470264,14.966691273432623,15.002711296081543,26500,0.0,0.0
2015-04-20 00:00:00-04:00,15.06574960042118,15.335907534980475,14.984702391814526,15.209833145141602,14600,0.0,0.0
2015-04-21 00:00:00-04:00,15.245861794651095,15.353923643324634,15.155809109015067,15.227850914001465,11400,0.0,0.0
2015-04-22 00:00:00-04:00,15.173815129469826,15.27287150609065,15.092767910118154,15.218840599060059,5500,0.0,0.0
2015-04-23 00:00:00-04:00,15.137793813394198,15.18282100188599,15.038737433935486,15.065752029418945,9500,0.0,0.0
2015-04-24 00:00:00-04:00,15.155804094861407,15.299887657165527,15.056746001672993,15.299887657165527,17200,0.0,0.0
2015-04-27 00:00:00-04:00,15.353915357902807,15.353915357902807,15.038733704676124,15.164806365966797,23900,0.0,0.0
2015-04-28 00:00:00-04:00,15.218834135378323,15.398939372468817,15.209828701762714,15.326897621154785,27400,0.0,0.0
2015-04-29 00:00:00-04:00,15.308892313578559,15.498001335351617,14.885647085602102,15.110777854919434,22500,0.0,0.0
2015-04-30 00:00:00-04:00,14.9126605772137,14.921666013434635,14.26428462780835,14.615488052368164,72200,0.0,0.0
2015-05-01 00:00:00-04:00,14.63350132529471,14.777584893242528,14.318317876304501,14.5614595413208,43900,0.0,0.0
2015-05-04 00:00:00-04:00,14.51642978959574,14.642502444968782,14.46239717934063,14.507424354553223,15100,0.0,0.0
2015-05-05 00:00:00-04:00,14.507424878476819,14.795591939799888,14.26428327638129,14.372345924377441,59000,0.0,0.0
2015-05-06 00:00:00-04:00,14.372348503957863,14.552452949610318,14.282295851728763,14.435385704040527,28700,0.0,0.0
2015-05-07 00:00:00-04:00,14.372348221693215,14.525436353386937,14.255280119616835,14.318316459655762,23900,0.0,0.0
2015-05-08 00:00:00-04:00,14.525435017446227,14.525435017446227,14.12920528123479,14.273289680480957,31300,0.0,0.0
2015-05-11 00:00:00-04:00,14.273289569820257,14.354335916585466,14.147216043509424,14.264284133911133,16300,0.0,0.0
2015-05-12 00:00:00-04:00,14.147217331025473,14.336327208299496,13.98512290513182,14.30030632019043,13100,0.0,0.0
2015-05-13 00:00:00-04:00,14.201249137563641,14.507427116863143,14.102191050845732,14.210253715515137,17800,0.0,0.0
2015-05-14 00:00:00-04:00,14.273289220945582,14.354335565729818,14.129204826338283,14.228262901306152,17000,0.0,0.0
2015-05-15 00:00:00-04:00,14.237269006215469,14.237269006215469,13.87705929097405,14.003132820129395,16400,0.0,0.0
2015-05-18 00:00:00-04:00,14.012140359276376,14.264286596625187,14.012140359276376,14.129207611083984,27000,0.0,0.0
2015-05-19 00:00:00-04:00,14.093184396124661,14.336326014722275,14.093184396124661,14.273289680480957,12000,0.0,0.0
2015-05-20 00:00:00-04:00,14.327320117468407,14.372346437107836,14.10218937807687,14.228262901306152,21600,0.0,0.0
2015-05-21 00:00:00-04:00,14.273290152502081,14.453393725203158,14.273290152502081,14.32732105255127,18700,0.0,0.0
2015-05-22 00:00:00-04:00,14.327321816941753,14.381353578679313,14.201249137563641,14.210253715515137,48900,0.0,0.0
2015-05-26 00:00:00-04:00,14.20124745304474,14.273289220945582,14.147215697716302,14.228262901306152,94100,0.0,0.0
2015-05-27 00:00:00-04:00,14.237269582447151,14.480410355680629,14.228264145970362,14.46239948272705,22000,0.0,0.0
2015-05-28 00:00:00-04:00,14.42637756608819,14.525433919144112,14.22826228355961,14.363340377807617,12700,0.0,0.0
2015-05-29 00:00:00-04:00,14.29130187340152,14.29130187340152,14.201250076293945,14.201250076293945,46500,0.0,0.0
2015-06-01 00:00:00-04:00,14.354337996187654,14.390358886237086,14.183238983154297,14.183238983154297,40500,0.0,0.0
2015-06-02 00:00:00-04:00,14.147215823726919,14.345331116621674,14.147215823726919,14.246273040771484,18800,0.0,0.0
2015-06-03 00:00:00-04:00,14.183235244816315,14.660512985680278,14.165224375135923,14.38135051727295,40600,0.0,0.0
2015-06-04 00:00:00-04:00,14.309309753365483,14.408366967094242,14.183236233233394,14.192241668701172,63000,0.0,0.0
2015-06-05 00:00:00-04:00,14.25527999535267,14.426379857975016,14.138211894296777,14.30030632019043,33900,0.0,0.0
2015-06-08 00:00:00-04:00,14.327321188756928,14.39035752568214,14.228263965187924,14.237269401550293,41200,0.0,0.0
2015-06-09 00:00:00-04:00,14.273291335469851,14.471405797144131,14.273291335469851,14.354337692260742,32400,0.0,0.0
2015-06-10 00:00:00-04:00,14.40836886589808,14.777583180677805,14.372347978085562,14.579468727111816,50800,0.0,0.0
2015-06-11 00:00:00-04:00,14.552452884300818,14.67852556628887,13.669940675161511,14.633500099182129,24700,0.0,0.0
2015-06-12 00:00:00-04:00,14.60648081701786,14.678522580300385,14.47140272556452,14.516429901123047,19200,0.0,0.0
2015-06-15 00:00:00-04:00,14.381350903643556,14.993705889534365,14.318313716874158,14.91265869140625,41100,0.0,0.0
2015-06-16 00:00:00-04:00,14.858630001943446,14.858630001943446,14.615488371503098,14.750566482543945,28400,0.0,0.0
2015-06-17 00:00:00-04:00,14.750565787669428,14.804598403629477,14.543445912656441,14.678524017333984,19400,0.0,0.0
2015-06-18 00:00:00-04:00,14.723552176673756,14.885646600113432,14.678524993711955,14.867635726928711,30200,0.0,0.0
2015-06-19 00:00:00-04:00,14.795593690751573,15.092766222610608,14.606482960871437,14.939677238464355,71800,0.0,0.0
2015-06-22 00:00:00-04:00,14.975696416138863,15.173812571201742,14.930670954139815,15.056743621826172,30800,0.0,0.0
2015-06-23 00:00:00-04:00,15.002714529211454,15.308892516959565,14.993709092205748,15.23685073852539,22600,0.0,0.0
2015-06-24 00:00:00-04:00,15.182815946080966,15.218835967268289,14.741559951467229,15.137788772583008,31600,0.0,0.0
2015-06-25 00:00:00-04:00,15.182816538732029,15.263863736580934,15.09276390583201,15.200825691223145,14700,0.0,0.0
2015-06-26 00:00:00-04:00,15.28225876938102,15.427028405827066,15.110345904720214,15.399885177612305,178600,0.08,0.0
2015-06-29 00:00:00-04:00,15.318454681684905,15.417984471067895,14.866049058366583,14.893192291259766,50100,0.0,0.0
2015-06-30 00:00:00-04:00,14.893192200101353,15.11939501037597,14.866048967374308,15.092251777648926,59400,0.0,0.0
2015-07-01 00:00:00-04:00,15.092253248336647,15.381792597576284,14.956531894104398,15.354647636413574,28500,0.0,0.0
2015-07-02 00:00:00-04:00,15.33655064669015,15.33655064669015,15.019866379129065,15.056057929992676,9700,0.0,0.0
2015-07-06 00:00:00-04:00,14.893195172412279,15.101303110998858,14.838906970333133,15.028918266296387,31200,0.0,0.0
2015-07-07 00:00:00-04:00,15.010817537064428,15.119393911663428,14.80271138092438,15.083202362060547,37900,0.0,0.0
2015-07-08 00:00:00-04:00,14.938435937395086,15.074157297842333,14.75747297293827,14.974627494812012,20000,0.0,0.0
2015-07-09 00:00:00-04:00,15.128444001969033,15.255118754887924,14.8389046680811,15.146540641784668,22600,0.0,0.0
2015-07-10 00:00:00-04:00,15.309407797016862,15.463225792393493,15.182734762868101,15.417985916137695,11500,0.0,0.0
2015-07-13 00:00:00-04:00,15.427029609680176,15.535607708382734,15.381789741931803,15.427029609680176,20400,0.0,0.0
2015-07-14 00:00:00-04:00,15.282258843558267,15.363691980178203,14.974622933169663,15.273210525512695,22700,0.0,0.0
2015-07-15 00:00:00-04:00,15.21892226915965,15.7075210865077,15.047007678708647,15.399885177612305,48100,0.0,0.0
2015-07-16 00:00:00-04:00,15.472271658237686,15.770859281212871,15.454175020290007,15.671329498291016,20300,0.0,0.0
2015-07-17 00:00:00-04:00,15.73467001747006,15.73467001747006,15.354649152619928,15.39084243774414,14600,0.0,0.0
2015-07-20 00:00:00-04:00,15.508464954878916,15.5446582348503,15.18273406408935,15.372743606567383,13600,0.0,0.0
2015-07-21 00:00:00-04:00,15.436078331957294,15.816099098666225,15.20082721677649,15.237020492553711,15700,0.0,0.0
2015-07-22 00:00:00-04:00,15.137497181603363,15.553711402031173,15.137497181603363,15.300363540649414,13500,0.0,0.0
2015-07-23 00:00:00-04:00,15.417982309531306,15.47227049349719,14.72127733310649,15.227971076965332,25100,0.0,0.0
2015-07-24 00:00:00-04:00,15.282260054311438,15.436078021692131,15.065105581384051,15.074153900146484,30000,0.0,0.0
2015-07-27 00:00:00-04:00,14.929386141368719,15.327503588359907,14.902241181645264,15.146540641784668,39800,0.0,0.0
2015-07-28 00:00:00-04:00,15.09225383786628,15.09225383786628,14.486030154544146,14.95653247833252,31300,0.0,0.0
2015-07-29 00:00:00-04:00,14.99272251279531,15.092252305047163,14.549365196258814,15.065107345581055,52100,0.0,0.0
2015-07-30 00:00:00-04:00,14.974623624269398,15.57179883651593,14.974623624269398,15.246068000793457,70300,0.0,0.0
2015-07-31 00:00:00-04:00,15.255118898377212,15.445128440856934,15.218925618405507,15.445128440856934,28900,0.0,0.0
2015-08-03 00:00:00-04:00,15.399893022551037,15.607999265230925,15.264171634968115,15.499421119689941,109400,0.0,0.0
2015-08-04 00:00:00-04:00,15.481324177488736,15.617045547338476,15.282264557637655,15.345601081848145,26300,0.0,0.0
2015-08-05 00:00:00-04:00,15.3636894502422,15.472267523119319,15.164631663389057,15.436074256896973,92900,0.0,0.0
2015-08-06 00:00:00-04:00,15.417987653278246,15.544660701699224,15.209879711998404,15.345601081848145,19500,0.0,0.0
2015-08-07 00:00:00-04:00,15.23701862004707,15.472269706317412,15.137488849681496,15.38178825378418,22000,0.0,0.0
2015-08-10 00:00:00-04:00,15.427030459496931,15.770859686170008,15.399887227668822,15.408935546875,44100,0.0,0.0
2015-08-11 00:00:00-04:00,15.372741423224063,15.589895894838849,15.31845323676795,15.427029609680176,20500,0.0,0.0
2015-08-12 00:00:00-04:00,15.37273993595184,15.408933207281198,15.137488849681496,15.38178825378418,30800,0.0,0.0
2015-08-13 00:00:00-04:00,15.38178825378418,15.508461251856607,15.336548390412645,15.38178825378418,42000,0.0,0.0
2015-08-14 00:00:00-04:00,15.38178668604065,15.598941114513485,15.372738369130534,15.544652938842773,23100,0.0,0.0
2015-08-17 00:00:00-04:00,15.445125878822024,15.798001671058287,15.445125878822024,15.53560733795166,27200,0.0,0.0
2015-08-18 00:00:00-04:00,15.56275377568083,15.617041966013101,15.41798411760114,15.508463859558105,14200,0.0,0.0
2015-08-19 00:00:00-04:00,15.472272872924803,15.662282408921438,15.427031274503808,15.472272872924805,30000,0.0,0.0
2015-08-20 00:00:00-04:00,15.345598789786623,15.408937030327586,15.164637565612793,15.164637565612793,34400,0.0,0.0
2015-08-21 00:00:00-04:00,15.019864649949868,15.417982018358384,15.019864649949868,15.209874153137207,51900,0.0,0.0
2015-08-24 00:00:00-04:00,14.72127930290868,15.264166392580076,14.72127930290868,15.019866943359375,67800,0.0,0.0
2015-08-25 00:00:00-04:00,15.363692869954223,15.363692869954223,14.739374420764745,14.838902473449707,39000,0.0,0.0
2015-08-26 00:00:00-04:00,15.182734628472407,15.282262700512282,14.956531797614423,15.264167785644531,16600,0.0,0.0
2015-08-27 00:00:00-04:00,15.309405761397462,15.580848434421112,15.09225127782046,15.408935546875,38900,0.0,0.0
2015-08-28 00:00:00-04:00,15.300363144318148,15.589902563659468,15.237026612061117,15.336556434631348,22100,0.0,0.0
2015-08-31 00:00:00-04:00,15.237018905162955,15.454173359832023,15.146537450936627,15.399885177612305,24600,0.0,0.0
2015-09-01 00:00:00-04:00,15.164636603833015,15.273212986293005,14.920337154612316,15.019866943359375,36900,0.0,0.0
2015-09-02 00:00:00-04:00,15.191780623622563,15.309405318317776,15.019866015261519,15.237020492553711,14300,0.0,0.0
2015-09-03 00:00:00-04:00,15.101301711474932,15.327504545930497,15.101301711474932,15.291311264038086,83700,0.0,0.0
2015-09-04 00:00:00-04:00,15.074154864519963,15.255117799765113,15.074154864519963,15.218924522399902,30500,0.0,0.0
2015-09-08 00:00:00-04:00,15.408933207281198,15.535606205353627,15.309403436915625,15.38178825378418,23900,0.0,0.0
2015-09-09 00:00:00-04:00,15.481318024149752,15.73466402029461,15.336548390412645,15.38178825378418,38600,0.0,0.0
2015-09-10 00:00:00-04:00,15.381795966106914,15.607998847961426,15.237026259783306,15.607998847961426,24200,0.0,0.0
2015-09-11 00:00:00-04:00,15.499415824826395,15.644187211355035,15.427030994457317,15.52656078338623,10000,0.0,0.0
2015-09-14 00:00:00-04:00,15.526566087522957,15.671335797716884,15.436084587203982,15.499421119689941,12700,0.0,0.0
2015-09-15 00:00:00-04:00,15.472271130342904,15.734665468470158,15.472271130342904,15.626089096069336,22500,0.0,0.0
2015-09-16 00:00:00-04:00,15.6260896292122,15.770859281212871,15.526559846290343,15.671329498291016,22800,0.0,0.0
2015-09-17 00:00:00-04:00,15.644187500565565,16.15992964220346,15.544657709796667,15.617042541503906,45600,0.0,0.0
2015-09-18 00:00:00-04:00,15.372742499621145,15.42703068987851,15.092251503202569,15.218924522399902,42900,0.0,0.0
2015-09-21 00:00:00-04:00,15.372740223607348,15.57179804227311,15.354643587604043,15.399885177612305,17800,0.0,0.0
2015-09-22 00:00:00-04:00,15.28226089477539,15.399887319365678,15.227972705005493,15.28226089477539,29800,0.0,0.0
2015-09-23 00:00:00-04:00,15.264166697559771,15.553706024292081,15.191781865876694,15.472272872924805,28800,0.0,0.0
2015-09-24 00:00:00-04:00,15.119395033941117,15.589897294235364,15.119395033941117,15.52656078338623,27400,0.0,0.0
2015-09-25 00:00:00-04:00,15.607991022222182,15.607991022222182,15.327500072580305,15.38178825378418,50600,0.0,0.0
2015-09-28 00:00:00-04:00,15.39088249206543,15.554518847384893,15.018156008926775,15.39088249206543,19700,0.08,0.0
2015-09-29 00:00:00-04:00,15.381791666417904,15.545428024669738,15.263610815430637,15.39997386932373,26700,0.0,0.0
2015-09-30 00:00:00-04:00,15.54542471839715,15.54542471839715,15.26360756909622,15.45451545715332,32000,0.0,0.0
2015-10-01 00:00:00-04:00,15.390883875580077,15.399974977687291,15.018157358936353,15.336338996887207,42800,0.0,0.0
2015-10-02 00:00:00-04:00,15.227246962683989,15.281791839432275,14.554521036287218,15.218155860900879,53300,0.0,0.0
2015-10-05 00:00:00-04:00,15.272698697423598,15.63633578436951,15.272698697423598,15.481790542602539,41700,0.0,0.0
2015-10-06 00:00:00-04:00,15.418155697222087,15.53633829257617,15.336339244835244,15.381793022155762,41700,0.0,0.0
2015-10-07 00:00:00-04:00,15.581790545683813,15.581790545683813,15.454518594475752,15.563610076904297,18100,0.0,0.0
2015-10-08 00:00:00-04:00,15.50906235316458,15.681789798773053,15.463608583559797,15.663607597351074,31600,0.0,0.0
2015-10-09 00:00:00-04:00,15.709063100906022,15.709063100906022,14.999972851000312,15.663607597351074,12600,0.0,0.0
2015-10-12 00:00:00-04:00,15.636337505486283,15.927245819903648,15.427245637292266,15.818154335021973,21600,0.0,0.0
2015-10-13 00:00:00-04:00,15.818153095466412,16.118152487944304,15.809061994609483,16.045425415039062,181900,0.0,0.0
2015-10-14 00:00:00-04:00,15.990883148455762,16.109064010944852,15.92724716604237,15.999974250793457,37900,0.0,0.0
2015-10-15 00:00:00-04:00,15.945432635482714,16.299977029492034,15.881794906089272,16.29088592529297,27100,0.0,0.0
2015-10-16 00:00:00-04:00,16.363610211898493,16.636336355183253,16.327245801353573,16.599973678588867,38800,0.0,0.0
2015-10-19 00:00:00-04:00,16.4636069463131,16.881787170895358,16.4636069463131,16.572696685791016,31400,0.0,0.0
2015-10-20 00:00:00-04:00,16.57269993979313,16.71815411028996,16.57269993979313,16.654518127441406,16000,0.0,0.0
2015-10-21 00:00:00-04:00,16.636339215103224,16.799975622784704,16.254521508496715,16.29088592529297,18400,0.0,0.0
2015-10-22 00:00:00-04:00,16.39997472281383,16.84542835101214,16.39997472281383,16.772701263427734,24300,0.0,0.0
2015-10-23 00:00:00-04:00,16.763606172884042,17.24542236328125,16.61815203231695,17.24542236328125,35800,0.0,0.0
2015-10-26 00:00:00-04:00,17.27269596269492,17.27269596269492,16.981787676544716,17.218151092529297,26400,0.0,0.0
2015-10-27 00:00:00-04:00,17.199972000670602,17.39087994773884,16.563608709208868,16.681791305541992,22300,0.0,0.0
2015-10-28 00:00:00-04:00,16.799970940718655,17.509061265068272,16.745426064676483,17.390878677368164,72900,0.0,0.0
2015-10-29 00:00:00-04:00,17.299968572868593,17.481785377465926,16.481786883355294,17.127241134643555,43200,0.0,0.0
2015-10-30 00:00:00-04:00,17.027239536226965,17.027239536226965,16.818149445752095,16.845422744750977,31100,0.0,0.0
2015-11-02 00:00:00-05:00,16.836332739540126,17.172694779308596,16.836332739540126,17.15451431274414,22600,0.0,0.0
2015-11-03 00:00:00-05:00,17.109063189874355,17.109063189874355,16.936335708683394,16.972700119018555,29300,0.0,0.0
2015-11-04 00:00:00-05:00,16.990881848943353,17.20906310300011,16.62724642551542,16.681791305541992,41800,0.0,0.0
2015-11-05 00:00:00-05:00,16.73633303118809,17.22724206075457,16.73633303118809,17.145423889160156,23200,0.0,0.0
2015-11-06 00:00:00-05:00,17.15451573432111,17.99996732090765,17.109060229267925,17.954513549804688,86500,0.0,0.0
2015-11-09 00:00:00-05:00,17.927242926443387,17.927242926443387,17.436335536142295,17.472698211669922,21700,0.0,0.0
2015-11-10 00:00:00-05:00,17.37269790389284,17.936332325680127,17.36360680238655,17.818151473999023,29200,0.0,0.0
2015-11-11 00:00:00-05:00,17.87270320220896,17.90906762217771,17.481794357299805,17.481794357299805,17700,0.0,0.0
2015-11-12 00:00:00-05:00,17.454512978425672,17.472693444253714,17.209058483272027,17.33633041381836,17400,0.0,0.0
2015-11-13 00:00:00-05:00,17.16360787213115,17.399971334713577,16.999973229374543,17.172698974609375,17800,0.0,0.0
2015-11-16 00:00:00-05:00,17.136333043869783,17.209060115931745,16.89996962618087,17.19087791442871,34400,0.0,0.0
2015-11-17 00:00:00-05:00,17.081789395039394,17.436333679955492,16.999971216374092,17.199970245361328,11400,0.0,0.0
2015-11-18 00:00:00-05:00,17.327241899302553,17.49087825382093,17.181787747275166,17.427242279052734,16100,0.0,0.0
2015-11-19 00:00:00-05:00,17.354517348767033,17.48178931403945,17.309063570869878,17.472698211669922,7400,0.0,0.0
2015-11-20 00:00:00-05:00,17.590878762579433,17.781786688284114,17.13633410067273,17.5999698638916,23500,0.0,0.0
2015-11-23 00:00:00-05:00,17.51815088231629,17.645422826946962,17.427241607315725,17.536333084106445,25100,0.0,0.0
2015-11-24 00:00:00-05:00,17.209058362786248,17.66360295035503,17.054513133654858,17.636329650878906,17400,0.0,0.0
2015-11-25 00:00:00-05:00,17.509060584720206,17.718150713049223,17.318150925065247,17.5999698638916,15800,0.0,0.0
2015-11-27 00:00:00-05:00,17.563606622573708,17.945424233236196,17.31815207272988,17.88178825378418,8800,0.0,0.0
2015-11-30 00:00:00-05:00,17.95451259706413,17.98178589864881,17.645422114904992,17.718149185180664,116100,0.0,0.0
2015-12-01 00:00:00-05:00,17.727240022380837,18.06360380112816,17.690875620808107,18.045421600341797,14100,0.0,0.0
2015-12-02 00:00:00-05:00,18.036327331180924,18.109054387599,17.736328006712633,17.763601303100586,10100,0.0,0.0
2015-12-03 00:00:00-05:00,17.799969018371836,17.799969018371836,17.499969608723166,17.572696685791016,88800,0.0,0.0
2015-12-04 00:00:00-05:00,17.563605002008966,18.045422955325446,17.381788182343485,18.027240753173828,36100,0.0,0.0
2015-12-07 00:00:00-05:00,18.08178315630066,18.08178315630066,17.663602967624524,17.736330032348633,32700,0.0,0.0
2015-12-08 00:00:00-05:00,17.69087853795682,17.69087853795682,17.109061888454967,17.2363338470459,18600,0.0,0.0
2015-12-09 00:00:00-05:00,17.236334599666094,17.3090634179799,16.218155418579315,16.954517364501953,16200,0.0,0.0
2015-12-10 00:00:00-05:00,16.927243757512812,17.063606807564124,16.72724299908398,16.781787872314453,24500,0.0,0.0
2015-12-11 00:00:00-05:00,16.427244974142642,16.7908803827831,16.427244974142642,16.690881729125977,40100,0.0,0.0
2015-12-14 00:00:00-05:00,16.663605144184935,16.936331213510684,16.6454229438432,16.881786346435547,27500,0.0,0.0
2015-12-15 00:00:00-05:00,16.909065018502478,17.30906488333948,16.76361083746186,17.209064483642578,26800,0.0,0.0
2015-12-16 00:00:00-05:00,17.263605800272604,17.590878506953683,17.054515674982028,17.45451545715332,25000,0.0,0.0
2015-12-17 00:00:00-05:00,17.51815402831354,17.536336233368942,16.745427652963986,16.799972534179688,25800,0.0,0.0
2015-12-18 00:00:00-05:00,16.69088499678589,16.82724808497876,16.581793485861144,16.67270278930664,147800,0.0,0.0
2015-12-21 00:00:00-05:00,16.663607818838607,16.96360723682947,16.663607818838607,16.945425033569336,26900,0.0,0.0
2015-12-22 00:00:00-05:00,16.999969738583314,17.08178791013624,16.709059720867273,17.04542350769043,20900,0.0,0.0
2015-12-23 00:00:00-05:00,17.14542321248687,17.15451431274414,16.945422474727167,17.15451431274414,10700,0.0,0.0
2015-12-24 00:00:00-05:00,17.009059367298725,17.39087692911156,17.009059367298725,17.19087791442871,9700,0.0,0.0
2015-12-28 00:00:00-05:00,17.090879432469322,17.336333978087268,17.054516759387237,17.29088020324707,27100,0.0,0.0
2015-12-29 00:00:00-05:00,17.3547850562812,17.66518113709244,17.3547850562812,17.656051635742188,29600,0.08,0.0
2015-12-30 00:00:00-05:00,17.564756368164613,17.738213391566088,17.418687845702575,17.491722106933594,24800,0.0,0.0
2015-12-31 00:00:00-05:00,17.519110429514935,17.783858970804232,17.071775366369884,17.108291625976562,40500,0.0,0.0
2016-01-04 00:00:00-05:00,16.980475903201167,17.61952501373076,16.27752031447248,16.37794303894043,50300,0.0,0.0
2016-01-05 00:00:00-05:00,16.432726969783715,16.7613820663872,16.432726969783715,16.679218292236328,37500,0.0,0.0
2016-01-06 00:00:00-05:00,16.5240203174189,16.89832118294331,16.432727041157584,16.84354591369629,34500,0.0,0.0
2016-01-07 00:00:00-05:00,16.797898404928425,16.97135545569748,16.66095936117366,16.84354591369629,74000,0.0,0.0
2016-01-08 00:00:00-05:00,16.916579187388187,17.172198256294173,16.761381149291992,16.761381149291992,63800,0.0,0.0
2016-01-11 00:00:00-05:00,16.8252820214727,16.861798276602496,16.70660027443457,16.797893524169922,37600,0.0,0.0
2016-01-12 00:00:00-05:00,16.88006396759959,16.898322973040973,16.75225441205909,16.861804962158203,56700,0.0,0.0
2016-01-13 00:00:00-05:00,16.889186773905273,16.889186773905273,16.70660027443457,16.797893524169922,65100,0.0,0.0
2016-01-14 00:00:00-05:00,16.88919168118974,17.163069768699266,16.81615740843557,16.84354591369629,45500,0.0,0.0
2016-01-15 00:00:00-05:00,16.405337458533378,16.67008776817719,16.405337458533378,16.65182876586914,84100,0.0,0.0
2016-01-19 00:00:00-05:00,16.807027771671017,16.880062043838503,16.715734496143064,16.788768768310547,56600,0.0,0.0
2016-01-20 00:00:00-05:00,16.587923182738542,17.217844801172063,16.478370915555846,17.0261287689209,60100,0.0,0.0
2016-01-21 00:00:00-05:00,17.01700310680568,17.245235452084835,16.779641258762414,16.825288772583008,86200,0.0,0.0
2016-01-22 00:00:00-05:00,16.916580110121,17.02613064812074,16.807027830846852,16.880062103271484,42300,0.0,0.0
2016-01-25 00:00:00-05:00,16.86180503666718,16.86180503666718,16.66096119974825,16.752254486083984,93900,0.0,0.0
2016-01-26 00:00:00-05:00,16.88005827005014,17.117420036847303,16.825283013488953,16.934833526611328,55400,0.0,0.0
2016-01-27 00:00:00-05:00,16.84354591369629,17.117424001205816,16.834416411942716,16.84354591369629,46400,0.0,0.0
2016-01-28 00:00:00-05:00,16.962225041610182,17.336525887002374,16.962225041610182,17.12655258178711,39800,0.0,0.0
2016-01-29 00:00:00-05:00,17.03525644028792,17.2726182092994,17.026126940563554,17.117420196533203,88500,0.0,0.0
2016-02-01 00:00:00-05:00,17.02613064812074,17.090035418832993,16.615313518710103,16.880062103271484,55300,0.0,0.0
2016-02-02 00:00:00-05:00,16.706600254720495,16.76137724926141,16.578790750006167,16.67008399963379,81000,0.0,0.0
2016-02-03 00:00:00-05:00,16.743123046113727,16.861803085726464,16.569665996272583,16.80702781677246,49100,0.0,0.0
2016-02-04 00:00:00-05:00,16.870934545128996,17.208719182302968,16.724865983452307,16.825288772583008,41900,0.0,0.0
2016-02-05 00:00:00-05:00,16.761377183535107,17.044384689124467,16.706600189208984,16.706600189208984,70700,0.0,0.0
2016-02-08 00:00:00-05:00,16.597054617027602,17.062648759566674,16.52402034415526,16.989614486694336,51000,0.0,0.0
2016-02-09 00:00:00-05:00,16.861802142393678,17.15394095677827,16.80702687650408,16.943965911865234,29000,0.0,0.0
2016-02-10 00:00:00-05:00,17.035260135567604,17.31826772331675,16.797898315067727,16.80702781677246,34100,0.0,0.0
2016-02-11 00:00:00-05:00,16.633569717407227,16.78876775404641,16.606182955295445,16.633569717407227,43400,0.0,0.0
2016-02-12 00:00:00-05:00,16.81615455417559,17.016998334841087,16.66095653325594,16.907447814941406,42200,0.0,0.0
2016-02-16 00:00:00-05:00,17.071775436401367,17.25436021773199,16.95309367432604,17.071775436401367,34200,0.0,0.0
2016-02-17 00:00:00-05:00,17.135680196930792,17.208714457717868,16.93483467381074,17.071775436401367,61700,0.0,0.0
2016-02-18 00:00:00-05:00,17.13567919598194,17.21784295222722,16.980481183215744,17.117420196533203,35000,0.0,0.0
2016-02-19 00:00:00-05:00,17.080903125315963,17.345653407879386,17.035257365489088,17.108291625976562,45600,0.0,0.0
2016-02-22 00:00:00-05:00,17.226972421652338,17.290877178336487,16.98961065305834,17.04438591003418,37100,0.0,0.0
2016-02-23 00:00:00-05:00,17.026127813049794,17.099162073313273,16.733990771995877,16.962223052978516,41400,0.0,0.0
2016-02-24 00:00:00-05:00,16.834417221142605,16.92571050179222,16.70660593172334,16.85267448425293,48200,0.0,0.0
2016-02-25 00:00:00-05:00,17.03525920077178,17.108293469127553,16.94396593000848,17.017000198364258,16700,0.0,0.0
2016-02-26 00:00:00-05:00,17.071776250154354,17.199585777305444,16.85267171607504,16.953094482421875,17700,0.0,0.0
2016-02-29 00:00:00-05:00,16.934837372271353,17.03526014983312,16.84354583769637,16.880062103271484,54400,0.0,0.0
2016-03-01 00:00:00-05:00,16.953094637151878,17.336524963378906,16.953094637151878,17.336524963378906,24800,0.0,0.0
2016-03-02 00:00:00-05:00,17.272620199220107,17.345654464155054,17.190456433509013,17.336524963378906,21000,0.0,0.0
2016-03-03 00:00:00-05:00,17.11741669622514,17.71994962463037,17.062641450353848,17.6286563873291,43400,0.0,0.0
2016-03-04 00:00:00-05:00,17.62866314357787,17.62866314357787,17.37304407069579,17.528242111206055,19900,0.0,0.0
2016-03-07 00:00:00-05:00,17.455207686974408,17.555628718456482,17.363914415493532,17.40043067932129,16900,0.0,0.0
2016-03-08 00:00:00-05:00,17.354783994399238,17.436947760249847,16.843544138986537,17.153940200805664,21600,0.0,0.0
2016-03-09 00:00:00-05:00,17.26348867921156,17.26348867921156,16.93483365480848,17.04438591003418,31900,0.0,0.0
2016-03-10 00:00:00-05:00,17.05351441473738,17.208712418175416,16.971350663430538,17.090030670166016,23800,0.0,0.0
2016-03-11 00:00:00-05:00,17.172199339031277,17.208717346191406,17.117424069565505,17.208717346191406,22900,0.0,0.0
2016-03-14 00:00:00-04:00,17.245231562012076,17.318265826375804,17.0261287689209,17.0261287689209,17800,0.0,0.0
2016-03-15 00:00:00-04:00,16.980482959694736,17.14481048937706,16.980482959694736,17.007869720458984,21400,0.0,0.0
2016-03-16 00:00:00-04:00,16.980485960014413,17.09916600726915,16.971356457721818,16.99874496459961,27900,0.0,0.0
2016-03-17 00:00:00-04:00,16.989612572797725,17.300008632857352,16.989612572797725,17.24523162841797,19600,0.0,0.0
2016-03-18 00:00:00-04:00,17.36391638115512,17.5738897104389,17.254364094721467,17.564760208129883,78200,0.0,0.0
2016-03-21 00:00:00-04:00,17.57388675973604,17.820378056869323,17.300008701548546,17.336524963378906,17500,0.0,0.0
2016-03-22 00:00:00-04:00,17.20871189435746,17.884279141325866,17.20871189435746,17.665176391601562,59100,0.0,0.0
2016-03-23 00:00:00-04:00,17.646919927419024,17.783858947998162,17.135680104662317,17.163066864013672,35000,0.0,0.0
2016-03-24 00:00:00-04:00,17.199583952778486,17.21784295222722,16.998740182664477,17.117420196533203,9400,0.0,0.0
2016-03-28 00:00:00-04:00,17.33652685714139,17.409561130054264,17.208717314862465,17.263492584228516,21500,0.0,0.0
2016-03-29 00:00:00-04:00,17.190147036685612,17.42851728543498,17.1534738836447,17.401012420654297,35800,0.08,0.0
2016-03-30 00:00:00-04:00,17.501864435652493,17.520201014889416,17.29099902044522,17.41935157775879,21200,0.0,0.0
2016-03-31 00:00:00-04:00,17.67605557289902,17.67605557289902,17.27265963850495,17.281827926635742,88000,0.0,0.0
2016-04-01 00:00:00-04:00,17.162641260047728,17.290995540199223,17.144306433173593,17.263490676879883,60100,0.0,0.0
2016-04-04 00:00:00-04:00,17.22682568315597,17.254328808034884,17.098471355254297,17.11680793762207,97000,0.0,0.0
2016-04-05 00:00:00-04:00,17.09846653689127,17.19014767422157,17.089298248291016,17.089298248291016,29900,0.0,0.0
2016-04-06 00:00:00-04:00,17.125967364196494,17.180975334154276,17.089294218443417,17.135135650634766,189800,0.0,0.0
2016-04-07 00:00:00-04:00,17.11680280798276,17.11680280798276,16.72257514858324,16.860095977783203,496000,0.0,0.0
2016-04-08 00:00:00-04:00,16.933439283523402,17.10763325357815,16.924270995765564,17.098464965820312,379100,0.0,0.0
2016-04-11 00:00:00-04:00,17.116799761509995,17.43768280498016,16.91510269782653,17.373506546020508,438100,0.0,0.0
2016-04-12 00:00:00-04:00,17.346005136243015,17.850248770096677,17.318500270357955,17.749401092529297,46700,0.0,0.0
2016-04-13 00:00:00-04:00,17.804406444542096,17.87775099405802,17.694388745932216,17.786069869995117,60000,0.0,0.0
2016-04-14 00:00:00-04:00,17.758570619511143,18.04278059211982,17.74023404097578,17.89609146118164,48400,0.0,0.0
2016-04-15 00:00:00-04:00,17.813578556515484,18.116125106811523,17.813578556515484,18.116125106811523,57600,0.0,0.0
2016-04-18 00:00:00-04:00,17.969433795522868,18.152794312092922,17.969433795522868,18.05194664001465,39200,0.0,0.0
2016-04-19 00:00:00-04:00,18.070278518422867,18.354490158030465,18.070278518422867,18.299480438232422,31100,0.0,0.0
2016-04-20 00:00:00-04:00,18.262806423589026,18.822059587366844,18.262806423589026,18.602025985717773,48200,0.0,0.0
2016-04-21 00:00:00-04:00,18.57452801609721,18.647872577172066,18.372830910309435,18.473678588867188,38800,0.0,0.0
2016-04-22 00:00:00-04:00,18.427835762274,18.785390218166157,18.427835762274,18.712045669555664,41000,0.0,0.0
2016-04-25 00:00:00-04:00,18.675378405914163,18.675378405914163,18.1986378600188,18.39116668701172,43200,0.0,0.0
2016-04-26 00:00:00-04:00,18.464504007759484,19.023757188291423,18.171125863438363,18.840394973754883,49600,0.0,0.0
2016-04-27 00:00:00-04:00,18.96875216423484,18.96875216423484,18.44617204506025,18.867902755737305,45000,0.0,0.0
2016-04-28 00:00:00-04:00,18.987089613739432,19.289637881046275,18.620366825799277,18.666208267211914,52400,0.0,0.0
2016-04-29 00:00:00-04:00,18.71204914823975,18.867906561595888,18.67537774145305,18.702880859375,50100,0.0,0.0
2016-05-02 00:00:00-04:00,18.7028821471691,19.01459699534462,18.56536130207341,18.79456329345703,38900,0.0,0.0
2016-05-03 00:00:00-04:00,18.65704313054286,20.114767988937164,18.262815411160787,18.48284912109375,27100,0.0,0.0
2016-05-04 00:00:00-04:00,18.336158700538366,18.592865551867952,18.253645846492155,18.39116668701172,27000,0.0,0.0
2016-05-05 00:00:00-04:00,18.47367413322874,18.565355249627938,18.253640503073772,18.40032958984375,29200,0.0,0.0
2016-05-06 00:00:00-04:00,18.409500122070312,18.510349537278934,18.207803040325135,18.409500122070312,21200,0.0,0.0
2016-05-09 00:00:00-04:00,18.363658867207718,18.693708450230982,18.326985719831846,18.41866683959961,27900,0.0,0.0
2016-05-10 00:00:00-04:00,18.501180311086188,18.73955053124088,18.40949918815408,18.49201202392578,23900,0.0,0.0
2016-05-11 00:00:00-04:00,18.134459171101398,18.33615626044432,17.932760333086346,18.20780372619629,54400,0.0,0.0
2016-05-12 00:00:00-04:00,18.244476681980867,18.244476681980867,17.86858558654785,17.86858558654785,46900,0.0,0.0
2016-05-13 00:00:00-04:00,17.63938081459729,17.850246176393178,17.492691715202582,17.511028289794922,36800,0.0,0.0
2016-05-16 00:00:00-04:00,17.575208226773693,17.969435919573037,17.483527083315554,17.841081619262695,39200,0.0,0.0
2016-05-17 00:00:00-04:00,17.71273025687343,17.82274798614436,17.061797417093917,17.208486557006836,36300,0.0,0.0
2016-05-18 00:00:00-04:00,17.19014239034548,17.703554153442383,17.19014239034548,17.703554153442383,24200,0.0,0.0
2016-05-19 00:00:00-04:00,17.511026936633968,17.63021116493023,17.26348844478189,17.474353790283203,37700,0.0,0.0
2016-05-20 00:00:00-04:00,17.57520710593509,17.813577364255515,17.57520710593509,17.749401092529297,20200,0.0,0.0
2016-05-23 00:00:00-04:00,17.731063889359188,17.804408447124672,17.52936679267216,17.676055908203125,16600,0.0,0.0
2016-05-24 00:00:00-04:00,17.831912290074985,18.336155877229974,17.831912290074985,18.253643035888672,27200,0.0,0.0
2016-05-25 00:00:00-04:00,18.262810648453698,18.31781862442344,18.143626409073914,18.235305786132812,17200,0.0,0.0
2016-05-26 00:00:00-04:00,17.969434307470458,18.207804559607624,17.969434307470458,18.070281982421875,8900,0.0,0.0
2016-05-27 00:00:00-04:00,17.987775073995277,18.235311923507474,17.85942075530355,18.024446487426758,18500,0.0,0.0
2016-05-31 00:00:00-04:00,18.125292387104256,18.198636948285024,17.86858554863543,18.088619232177734,51100,0.0,0.0
2016-06-01 00:00:00-04:00,18.015273081278696,18.033609657123883,17.850247396016226,17.93276023864746,36200,0.0,0.0
2016-06-02 00:00:00-04:00,17.886917790994495,17.960262334399353,17.804404961080046,17.905254364013672,23900,0.0,0.0
2016-06-03 00:00:00-04:00,17.80440902709961,17.822745604306338,17.538533903618788,17.80440902709961,16200,0.0,0.0
2016-06-06 00:00:00-04:00,17.786071173296172,18.015273125912547,17.70355833046051,17.87775230407715,51000,0.0,0.0
2016-06-07 00:00:00-04:00,17.9144279329671,18.006107327752872,17.80441021108286,17.841081619262695,16600,0.0,0.0
2016-06-08 00:00:00-04:00,17.831912613022723,17.93276028307688,17.804407749186794,17.87775230407715,32400,0.0,0.0
2016-06-09 00:00:00-04:00,17.630209921121054,17.795235570713235,17.630209921121054,17.767730712890625,20300,0.0,0.0
2016-06-10 00:00:00-04:00,17.52019906163231,17.685224759021665,17.355173364242958,17.63938331604004,22400,0.0,0.0
2016-06-13 00:00:00-04:00,17.630209921121054,18.006100901338023,17.630209921121054,17.767730712890625,35600,0.0,0.0
2016-06-14 00:00:00-04:00,17.685224421690794,17.776903808560842,17.41934930348546,17.63021469116211,27300,0.0,0.0
2016-06-15 00:00:00-04:00,17.62104745351241,17.795241446562958,17.410182053261515,17.437686920166016,31300,0.0,0.0
2016-06-16 00:00:00-04:00,17.32767103014309,17.786075034901756,17.272663039200353,17.65772247314453,48600,0.0,0.0
2016-06-17 00:00:00-04:00,17.621046433577895,17.621046433577895,17.043458251393623,17.410181045532227,156500,0.0,0.0
2016-06-20 00:00:00-04:00,17.520198758109917,17.593543316937637,17.38267618021975,17.410181045532227,28600,0.0,0.0
2016-06-21 00:00:00-04:00,17.382675844133843,17.584374688514483,17.336836151504887,17.401012420654297,19700,0.0,0.0
2016-06-22 00:00:00-04:00,17.35516950533969,17.391840902898895,16.566714348090372,16.594219207763672,109400,0.0,0.0
2016-06-23 00:00:00-04:00,16.64006179328016,16.841760635375977,16.594222101170473,16.841760635375977,105300,0.0,0.0
2016-06-24 00:00:00-04:00,16.429195697866948,16.685902509075152,16.227498613206844,16.493371963500977,209100,0.0,0.0
2016-06-27 00:00:00-04:00,16.328349787103917,16.410862645970532,15.72325665453038,16.26417350769043,115400,0.0,0.0
2016-06-28 00:00:00-04:00,16.393102730579376,16.411522369502496,16.015508915622647,16.08918571472168,93100,0.08,0.0
2016-06-29 00:00:00-04:00,16.19049261381766,16.245749776183356,15.923414865222194,15.97867202758789,125600,0.0,0.0
2016-06-30 00:00:00-04:00,15.978672043563337,16.2825890717688,15.849736322456442,16.190492630004883,86300,0.0,0.0
2016-07-01 00:00:00-04:00,16.1352343618565,16.49440852786915,16.043137926403837,16.411521911621094,56600,0.0,0.0
2016-07-05 00:00:00-04:00,16.475988889459938,16.512828166278364,16.199701339695345,16.411521911621094,57200,0.0,0.0
2016-07-06 00:00:00-04:00,16.50362270450671,16.50362270450671,16.245752968472875,16.34705924987793,36700,0.0,0.0
2016-07-07 00:00:00-04:00,16.347052787344897,16.420729574714276,16.190489394610825,16.383892059326172,25400,0.0,0.0
2016-07-08 00:00:00-04:00,16.540455919402827,16.798325588163923,16.2089112099596,16.669391632080078,78900,0.0,0.0
2016-07-11 00:00:00-04:00,16.67860399008603,16.85358531237975,16.66939416945052,16.724651336669922,59900,0.0,0.0
2016-07-12 00:00:00-04:00,16.853585834243642,16.97331174961889,16.789118844392537,16.918054580688477,123500,0.0,0.0
2016-07-13 00:00:00-04:00,16.927261878554322,16.96410116056901,16.816747545697545,16.908843994140625,32800,0.0,0.0
2016-07-14 00:00:00-04:00,17.074615569099915,17.074615569099915,16.89042269034672,16.93647003173828,27700,0.0,0.0
2016-07-15 00:00:00-04:00,17.03777757909562,17.11145438484959,16.853584686413903,17.093034744262695,53500,0.0,0.0
2016-07-18 00:00:00-04:00,17.16671143253721,17.20355071345889,17.000938181576842,17.185131072998047,51100,0.0,0.0
2016-07-19 00:00:00-04:00,17.175921252767626,17.21276053368931,17.083824807057024,17.185131072998047,55500,0.0,0.0
2016-07-20 00:00:00-04:00,17.1943416595459,17.26801846807929,17.111455030371623,17.1943416595459,38600,0.0,0.0
2016-07-21 00:00:00-04:00,17.13908309564722,17.221969718067143,16.116815923530496,17.129873275756836,37000,0.0,0.0
2016-07-22 00:00:00-04:00,17.129876196091004,17.268020004810722,16.964102922989806,17.2127628326416,30700,0.0,0.0
2016-07-25 00:00:00-04:00,17.258804321289062,17.268014139621382,17.056193587757736,17.258804321289062,33800,0.0,0.0
2016-07-26 00:00:00-04:00,17.21276383274725,17.268021008126954,16.82596009190145,17.249601364135742,55500,0.0,0.0
2016-07-27 00:00:00-04:00,17.268021008126954,17.286440652118166,17.166714722769218,17.249601364135742,43400,0.0,0.0
2016-07-28 00:00:00-04:00,17.203551344559813,17.286437973080638,17.175921882854986,17.240388870239258,41000,0.0,0.0
2016-07-29 00:00:00-04:00,17.175921882854986,17.286437973080638,17.083825433765885,17.240388870239258,47600,0.0,0.0
2016-08-01 00:00:00-04:00,17.175918036027856,17.34169125594189,17.010144816113826,17.028564453125,21700,0.0,0.0
2016-08-02 00:00:00-04:00,17.074615084227123,17.093032966304644,16.945679370123923,17.046985626220703,17900,0.0,0.0
2016-08-03 00:00:00-04:00,17.028571082796294,17.212764011432657,16.881217442524783,16.99173355102539,18600,0.0,0.0
2016-08-04 00:00:00-04:00,16.954890830127702,17.25880787123366,16.954890830127702,16.973310470581055,10700,0.0,0.0
2016-08-05 00:00:00-04:00,17.037778967666704,17.268019223986524,16.77069942717071,17.157503128051758,37800,0.0,0.0
2016-08-08 00:00:00-04:00,17.120664205143036,17.157501729723215,17.01935793850873,17.093034744262695,15200,0.0,0.0
2016-08-09 00:00:00-04:00,17.083824807057024,17.268017698478232,17.083824807057024,17.185131072998047,59200,0.0,0.0
2016-08-10 00:00:00-04:00,17.203549703047425,17.203549703047425,17.08382380367739,17.148292541503906,11200,0.0,0.0
2016-08-11 00:00:00-04:00,17.157500978834456,17.221969718067143,17.074616113008062,17.129873275756836,23400,0.0,0.0
2016-08-12 00:00:00-04:00,17.194340759649506,17.24038810385028,16.991729985935095,17.231178283691406,27700,0.0,0.0
2016-08-15 00:00:00-04:00,17.15750390387865,17.249600361889737,17.102246731709528,17.2127628326416,42800,0.0,0.0
2016-08-16 00:00:00-04:00,17.175921882854986,17.268018331944084,17.010148625813336,17.240388870239258,68400,0.0,0.0
2016-08-17 00:00:00-04:00,17.26801846807929,17.31406581469003,17.093035389089856,17.1943416595459,32400,0.0,0.0
2016-08-18 00:00:00-04:00,17.185128827912617,17.424578852840714,17.10224221326084,17.415369033813477,46700,0.0,0.0
2016-08-19 00:00:00-04:00,17.37853418209835,17.47062887332157,17.37853418209835,17.42458152770996,26500,0.0,0.0
2016-08-22 00:00:00-04:00,17.3416952888301,17.636402523171288,17.314065826887983,17.452211380004883,21600,0.0,0.0
2016-08-23 00:00:00-04:00,17.599565368570346,18.33633346997097,17.599565368570346,18.11530303955078,105000,0.0,0.0
2016-08-24 00:00:00-04:00,18.152137413243224,18.419216901479516,18.115299892868837,18.38237762451172,47400,0.0,0.0
2016-08-25 00:00:00-04:00,18.299499463805486,18.529739759362908,18.299499463805486,18.511320114135742,72400,0.0,0.0
2016-08-26 00:00:00-04:00,18.483687589034584,18.529736694485834,18.3823813136356,18.474477767944336,35300,0.0,0.0
2016-08-29 00:00:00-04:00,18.400798683407498,18.5297344061543,18.400798683407498,18.492895126342773,46400,0.0,0.0
2016-08-30 00:00:00-04:00,18.456056465210192,18.621827944360735,18.456056465210192,18.502103805541992,31600,0.0,0.0
2016-08-31 00:00:00-04:00,18.584989254581693,18.584989254581693,18.437635666875053,18.46526336669922,52700,0.0,0.0
2016-09-01 00:00:00-04:00,18.41921894695578,18.41921894695578,18.124511724859467,18.336332321166992,24200,0.0,0.0
2016-09-02 00:00:00-04:00,18.363963428048862,18.520526873395585,18.24423751046938,18.474477767944336,16000,0.0,0.0
2016-09-06 00:00:00-04:00,18.52973479878573,18.5757821429323,18.23502582382947,18.520524978637695,47800,0.0,0.0
2016-09-07 00:00:00-04:00,18.45605760312479,18.53894246951364,18.34554152028375,18.492895126342773,48700,0.0,0.0
2016-09-08 00:00:00-04:00,18.465271001067826,18.53894782538244,18.271869995964735,18.511320114135742,41700,0.0,0.0
2016-09-09 00:00:00-04:00,18.38238183505063,18.520527398729104,18.124513863584276,18.152141571044922,51700,0.0,0.0
2016-09-12 00:00:00-04:00,18.11530291708523,18.207399368286133,17.921900193903962,18.207399368286133,46300,0.0,0.0
2016-09-13 00:00:00-04:00,18.078459384093552,18.142928114394504,17.87584864435614,17.92189598083496,46100,0.0,0.0
2016-09-14 00:00:00-04:00,17.885063033833,18.07846400438322,17.691660306689037,17.931110382080078,33700,0.0,0.0
2016-09-15 00:00:00-04:00,17.90348102957219,18.041624818205065,17.78375512458841,18.004785537719727,28600,0.0,0.0
2016-09-16 00:00:00-04:00,18.115301232129,18.124511052051826,17.728497578337887,17.811384201049805,113200,0.0,0.0
2016-09-19 00:00:00-04:00,17.912690106054974,18.244234833691202,17.82980348499754,18.041624069213867,39400,0.0,0.0
2016-09-20 00:00:00-04:00,18.060047631645766,18.216611088029925,18.060047631645766,18.161352157592773,21100,0.0,0.0
2016-09-21 00:00:00-04:00,18.198188647405587,18.290285094051306,17.986368049735965,18.24423599243164,33800,0.0,0.0
2016-09-22 00:00:00-04:00,18.23502642793528,18.456058605623415,18.17976926181007,18.317913055419922,20300,0.0,0.0
2016-09-23 00:00:00-04:00,18.363958670707767,18.723132817211553,18.363958670707767,18.649456024169922,58300,0.0,0.0
2016-09-26 00:00:00-04:00,18.621830102172837,18.640249743077312,18.10609245300293,18.10609245300293,41300,0.0,0.0
2016-09-27 00:00:00-04:00,18.161349755066087,18.317913190738796,17.96794879390232,18.271865844726562,27900,0.0,0.0
2016-09-28 00:00:00-04:00,18.25337114816995,18.429062653069483,18.17014894920203,18.345840454101562,31100,0.08,0.0
2016-09-29 00:00:00-04:00,18.32734732954049,18.336594437053826,17.86500253610625,17.95747184753418,50300,0.0,0.0
2016-09-30 00:00:00-04:00,18.096175387595842,18.364336221105418,18.04994161257269,18.29960823059082,35900,0.0,0.0
2016-10-03 00:00:00-04:00,18.179395087897625,18.179395087897625,18.03144491176927,18.077678680419922,21400,0.0,0.0
2016-10-04 00:00:00-04:00,18.077679544063148,18.253371047998517,18.077679544063148,18.170148849487305,27300,0.0,0.0
2016-10-05 00:00:00-04:00,18.336589393235595,18.632489697447788,18.336589393235595,18.53077507019043,33500,0.0,0.0
2016-10-06 00:00:00-04:00,18.577010356091833,18.808182708194813,18.493788168238353,18.660232543945312,29200,0.0,0.0
2016-10-07 00:00:00-04:00,18.623245744790903,18.706467939900524,18.401320479066992,18.66948127746582,24600,0.0,0.0
2016-10-10 00:00:00-04:00,18.808185217640418,18.817432324602926,18.62324660580093,18.761951446533203,27500,0.0,0.0
2016-10-11 00:00:00-04:00,18.81743529774606,18.81743529774606,18.5122877745915,18.549274444580078,19800,0.0,0.0
2016-10-12 00:00:00-04:00,18.61399701530167,18.771194285279897,18.61399701530167,18.660232543945312,153900,0.0,0.0
2016-10-13 00:00:00-04:00,18.586260798748718,18.586260798748718,18.244124880179896,18.318099975585938,26800,0.0,0.0
2016-10-14 00:00:00-04:00,18.447554193546978,18.61399680365637,18.34583779539258,18.429059982299805,16500,0.0,0.0
2016-10-17 00:00:00-04:00,18.5030393847413,18.58626159108405,18.299608304628727,18.35508918762207,10600,0.0,0.0
2016-10-18 00:00:00-04:00,18.4105647915138,18.549267841077757,18.25336753168666,18.456798553466797,51900,0.0,0.0
2016-10-19 00:00:00-04:00,18.567762694570888,18.78968793430221,18.392071218394207,18.678726196289062,26200,0.0,0.0
2016-10-20 00:00:00-04:00,18.752701276199502,18.826676356109946,18.632490669029398,18.678726196289062,24000,0.0,0.0
2016-10-21 00:00:00-04:00,18.52153040222033,18.76194987195254,18.447555316433892,18.687973022460938,17800,0.0,0.0
2016-10-24 00:00:00-04:00,18.817431454615097,18.937640312159417,18.613998638255918,18.66948127746582,25700,0.0,0.0
2016-10-25 00:00:00-04:00,18.752706809718642,18.817434803276985,18.604756606240848,18.743459701538086,33500,0.0,0.0
2016-10-26 00:00:00-04:00,18.715718868792674,18.956138396688022,18.503040666167955,18.549274444580078,22100,0.0,0.0
2016-10-27 00:00:00-04:00,18.697220158100144,18.697220158100144,18.419814026890315,18.512283325195312,29000,0.0,0.0
2016-10-28 00:00:00-04:00,18.540025184240452,18.74345801853504,17.735546245528504,18.262619018554688,41900,0.0,0.0
2016-10-31 00:00:00-04:00,18.318099335456257,18.382827321211437,18.225630028503712,18.281112670898438,40600,0.0,0.0
2016-11-01 00:00:00-04:00,18.262617591145712,18.46604864583471,18.031445216574248,18.188642501831055,31200,0.0,0.0
2016-11-02 00:00:00-04:00,18.234878540039062,18.36433628522573,18.096175450779853,18.234878540039062,26500,0.0,0.0
2016-11-03 00:00:00-04:00,18.281115707967665,18.345843704476206,18.11467128054249,18.24412727355957,26800,0.0,0.0
2016-11-04 00:00:00-04:00,18.31809818489719,18.466048361246383,18.16090090206302,18.19788932800293,38700,0.0,0.0
2016-11-07 00:00:00-05:00,18.475297402473554,18.93764219290806,18.39207519909891,18.845172882080078,41500,0.0,0.0
2016-11-08 00:00:00-05:00,18.83592414855957,18.946885890619797,18.761949065951054,18.83592414855957,27500,0.0,0.0
2016-11-09 00:00:00-05:00,18.92839413257321,19.612664176324532,18.567765778574557,19.529443740844727,64400,0.0,0.0
2016-11-10 00:00:00-05:00,19.732875383517825,20.343170353011747,19.52944431492164,20.158231735229492,82800,0.0,0.0
2016-11-11 00:00:00-05:00,20.15823449011723,20.343173133173785,19.66815008431691,20.250703811645508,141500,0.0,0.0
2016-11-14 00:00:00-05:00,19.908564844438427,20.444884664345988,18.909900291379348,20.343168258666992,239700,0.0,0.0
2016-11-15 00:00:00-05:00,20.139740708640307,20.389405567484953,20.09350516907241,20.352418899536133,96500,0.0,0.0
2016-11-16 00:00:00-05:00,20.491115938720608,20.657560304594227,20.43563507133106,20.537349700927734,171000,0.0,0.0
2016-11-17 00:00:00-05:00,20.52810407382077,21.212373974454135,20.518856968767015,20.9072265625,213500,0.0,0.0
2016-11-18 00:00:00-05:00,20.999700035135493,21.63773635496962,20.65756586973991,21.609996795654297,963200,0.0,0.0
2016-11-21 00:00:00-05:00,21.58225531040926,22.15556187221896,21.508280213282024,22.146316528320312,148200,0.0,0.0
2016-11-22 00:00:00-05:00,22.22028624852289,23.043259225381323,22.007606352504688,23.024765014648438,121100,0.0,0.0
2016-11-23 00:00:00-05:00,22.941541348091036,23.496355288303075,22.79359119919514,23.191207885742188,120300,0.0,0.0
2016-11-25 00:00:00-05:00,23.320666513581408,23.496357997038892,22.932296887030965,23.403888702392578,73600,0.0,0.0
2016-11-28 00:00:00-05:00,23.348409571119152,23.561087730061875,23.265187376105875,23.29292869567871,96400,0.0,0.0
2016-11-29 00:00:00-05:00,23.4778690960411,23.616573951238035,23.200462913058235,23.30217933654785,120400,0.0,0.0
2016-11-30 00:00:00-05:00,23.4408787630804,23.847742629720596,23.089495771621294,23.117237091064453,114300,0.0,0.0
2016-12-01 00:00:00-05:00,23.27443108335931,23.579578499272284,23.218950216021945,23.459369659423828,100400,0.0,0.0
2016-12-02 00:00:00-05:00,23.542596132260776,23.579584562466778,23.01552334776321,23.03401756286621,72900,0.0,0.0
2016-12-05 00:00:00-05:00,23.274435859421946,23.736780630754357,23.274435859421946,23.54259490966797,98600,0.0,0.0
2016-12-06 00:00:00-05:00,23.62581710960423,23.62581710960423,23.450127366365756,23.54259490966797,130800,0.0,0.0
2016-12-07 00:00:00-05:00,23.440877802744616,23.570333760765298,23.440877802744616,23.561086654663086,140100,0.0,0.0
2016-12-08 00:00:00-05:00,23.57033396097095,24.134395092061016,23.56108685479019,24.088159561157227,309500,0.0,0.0
2016-12-09 00:00:00-05:00,24.0881622972424,24.50427330411518,23.949459216186593,24.476531982421875,483000,0.0,0.0
2016-12-12 00:00:00-05:00,24.319329099715013,24.53200898975798,24.310083758313326,24.3563175201416,185300,0.0,0.0
2016-12-13 00:00:00-05:00,24.384067042728397,24.550509699554965,24.328584393413987,24.45804214477539,153000,0.0,0.0
2016-12-14 00:00:00-05:00,24.337831084660912,24.91113943848197,24.22686931534427,24.58749771118164,216400,0.0,0.0
2016-12-15 00:00:00-05:00,24.550503768330636,24.901886740941432,24.550503768330636,24.81866455078125,165500,0.0,0.0
2016-12-16 00:00:00-05:00,24.994356407407974,25.39197138842483,24.94812087679777,25.160799026489258,134100,0.0,0.0
2016-12-19 00:00:00-05:00,25.27176096273948,25.61389681313181,24.975860640078572,25.56766128540039,81600,0.0,0.0
2016-12-20 00:00:00-05:00,25.6693785839365,26.270426355906924,25.539922629153516,26.25193214416504,72600,0.0,0.0
2016-12-21 00:00:00-05:00,26.298171941327308,26.34440571447998,25.761852059711526,25.826580047607422,72500,0.0,0.0
2016-12-22 00:00:00-05:00,25.70636434118456,25.854314502515017,25.281008068285765,25.56766128540039,87600,0.0,0.0
2016-12-23 00:00:00-05:00,25.632396134289685,25.734112558870784,25.336495732277967,25.650890350341797,61400,0.0,0.0
2016-12-27 00:00:00-05:00,25.67862587069872,26.011512865872128,25.67862587069872,25.89130401611328,121400,0.0,0.0
2016-12-28 00:00:00-05:00,25.807841926694152,25.872755367725155,25.557459995210053,25.640920639038086,52500,0.08,0.0
2016-12-29 00:00:00-05:00,25.64092451082404,25.6872925248182,25.167981380636856,25.446184158325195,42000,0.0,0.0
2016-12-30 00:00:00-05:00,25.58528151759724,25.58528151759724,25.001056994401534,25.167978286743164,59300,0.0,0.0
2017-01-03 00:00:00-05:00,25.446184283410762,25.631651034022475,24.83414064575023,25.03815460205078,140100,0.0,0.0
2017-01-04 00:00:00-05:00,25.001059622825412,25.640924054485993,24.722858618847166,25.297809600830078,150000,0.0,0.0
2017-01-05 00:00:00-05:00,25.288534237364047,25.60382962992353,24.936144436852285,25.279260635375977,100100,0.0,0.0
2017-01-06 00:00:00-05:00,25.316358929894484,25.390545993612687,25.130892154978543,25.28853988647461,70000,0.0,0.0
2017-01-09 00:00:00-05:00,25.149436215774106,25.48327707634797,24.880507037976294,25.019607543945312,104800,0.0,0.0
2017-01-10 00:00:00-05:00,25.04742952247543,25.223624448270062,24.852687390016314,24.908329010009766,64300,0.0,0.0
2017-01-11 00:00:00-05:00,25.08451855912299,26.494074225224796,24.76922316621183,26.46625518798828,927600,0.0,0.0
2017-01-12 00:00:00-05:00,26.290063249583238,26.364250305170323,25.538919090669122,25.770753860473633,113700,0.0,0.0
2017-01-13 00:00:00-05:00,25.974767532516722,26.41988986109304,25.74293276528836,25.78929901123047,60700,0.0,0.0
2017-01-17 00:00:00-05:00,25.678018262922436,25.678018262922436,25.13088809314707,25.511096954345703,91300,0.0,0.0
2017-01-18 00:00:00-05:00,25.548191513459766,25.76148085084985,24.546665355584338,25.696565628051758,127900,0.0,0.0
2017-01-19 00:00:00-05:00,25.696567236262307,25.807848713550296,25.511100465794428,25.733661651611328,80200,0.0,0.0
2017-01-20 00:00:00-05:00,25.733659093821686,26.07677532665989,25.733659093821686,26.002588272094727,53100,0.0,0.0
2017-01-23 00:00:00-05:00,26.021128270943723,26.030401871921118,25.91912219770945,25.96548843383789,46900,0.0,0.0
2017-01-24 00:00:00-05:00,26.10459707084015,26.605361067598672,25.91913029959406,26.49407958984375,41600,0.0,0.0
2017-01-25 00:00:00-05:00,26.661000246196313,27.050482755325888,26.651726642555246,26.948474884033203,40900,0.0,0.0
2017-01-26 00:00:00-05:00,26.920655036013876,27.82017333716222,26.920655036013876,27.421417236328125,71600,0.0,0.0
2017-01-27 00:00:00-05:00,27.42141585151261,27.643977014719216,27.198854688306007,27.560516357421875,65900,0.0,0.0
2017-01-30 00:00:00-05:00,27.300863779419146,27.300863779419146,26.855739664224824,27.05048179626465,115000,0.0,0.0
2017-01-31 00:00:00-05:00,27.041203514717804,27.23594561306648,26.679541891902844,27.143211364746094,61500,0.0,0.0
2017-02-01 00:00:00-05:00,27.226675221973416,28.070553620558986,27.226675221973416,27.783077239990234,145200,0.0,0.0
2017-02-02 00:00:00-05:00,27.78308094039004,27.78308094039004,27.143218180696262,27.2266788482666,84700,0.0,0.0
2017-02-03 00:00:00-05:00,27.495606355452875,28.460039952436098,27.495606355452875,28.37657928466797,100100,0.0,0.0
2017-02-06 00:00:00-05:00,28.15401768741105,28.404397918344525,27.755261562439713,27.838722229003906,52100,0.0,0.0
2017-02-07 00:00:00-05:00,28.024182085224552,28.070550093405586,27.783073748959144,27.949995040893555,74700,0.0,0.0
2017-02-08 00:00:00-05:00,27.829449364369665,27.912910033150993,27.43996683297652,27.764535903930664,63800,0.0,0.0
2017-02-09 00:00:00-05:00,27.727438491444744,28.18183443418184,27.727438491444744,27.866539001464844,38300,0.0,0.0
2017-02-10 00:00:00-05:00,28.061282376756065,28.19110928937283,27.80162678276351,28.135469436645508,40300,0.0,0.0
2017-02-13 00:00:00-05:00,28.367301785398023,28.58986294596603,28.061279968522157,28.181833267211914,51700,0.0,0.0
2017-02-14 00:00:00-05:00,28.098371376108048,28.43221398666862,28.070552337733865,28.320934295654297,72400,0.0,0.0
2017-02-15 00:00:00-05:00,28.28384078942229,28.636228847233326,28.126193081484992,28.61768341064453,75300,0.0,0.0
2017-02-16 00:00:00-05:00,28.543495561233875,28.719688700841616,28.283839999891537,28.701143264770508,44500,0.0,0.0
2017-02-17 00:00:00-05:00,28.74750950808648,28.74750950808648,28.450761305843127,28.701143264770508,50300,0.0,0.0
2017-02-21 00:00:00-05:00,28.951527741111438,29.03498840644329,28.497131768059717,28.84952163696289,57900,0.0,0.0
2017-02-22 00:00:00-05:00,28.6455020904541,28.821697001528097,28.432214537909115,28.6455020904541,37200,0.0,0.0
2017-02-23 00:00:00-05:00,28.79387803660177,28.868065093050397,28.40439554805675,28.65477752685547,40800,0.0,0.0
2017-02-24 00:00:00-05:00,28.376574764161443,28.803149870346367,28.172559044891404,28.636228561401367,61800,0.0,0.0
2017-02-27 00:00:00-05:00,28.35802929140547,28.728964573522298,28.12619451898758,28.265295028686523,62700,0.0,0.0
2017-02-28 00:00:00-05:00,28.23747605319704,28.41366920713499,27.718164888275545,27.866539001464844,69100,0.0,0.0
2017-03-01 00:00:00-05:00,28.274566283765996,28.682595944589057,28.13546578561869,28.320934295654297,71200,0.0,0.0
2017-03-02 00:00:00-05:00,28.218929514131254,28.589864805875738,27.764533560649383,27.801626205444336,43500,0.0,0.0
2017-03-03 00:00:00-05:00,27.894357176481478,27.996365032949562,27.588335375836,27.940723419189453,85800,0.0,0.0
2017-03-06 00:00:00-05:00,27.69961857911191,28.14474090467378,27.532697264836486,27.959272384643555,81200,0.0,0.0
2017-03-07 00:00:00-05:00,27.866537954164727,27.98709302207459,27.495602685132233,27.588336944580078,36000,0.0,0.0
2017-03-08 00:00:00-05:00,27.801626130435288,28.052008114971905,27.356503781542852,27.421417236328125,104900,0.0,0.0
2017-03-09 00:00:00-05:00,27.5605148653431,27.75525697808019,27.263766663799732,27.319406509399414,39100,0.0,0.0
2017-03-10 00:00:00-05:00,27.56978702674802,27.56978702674802,26.54971381068968,26.68881607055664,51500,0.0,0.0
2017-03-13 00:00:00-04:00,26.68882368152678,26.92993209362643,26.62390844965597,26.874290466308594,49400,0.0,0.0
2017-03-14 00:00:00-04:00,26.558992745830334,26.818648345129454,26.456986641872053,26.71664047241211,24800,0.0,0.0
2017-03-15 00:00:00-04:00,26.87428582998504,27.13394140639513,26.45698430964897,26.56826400756836,56300,0.0,0.0
2017-03-16 00:00:00-04:00,26.763007314949984,26.763007314949984,26.18805628775815,26.642452239990234,69300,0.0,0.0
2017-03-17 00:00:00-04:00,26.521899147259532,27.328683189983575,26.521899147259532,27.2081298828125,154700,0.0,0.0
2017-03-20 00:00:00-04:00,26.84646203890659,27.28231068801738,26.82791483628266,26.85573387145996,39700,0.0,0.0
2017-03-21 00:00:00-04:00,27.06902218752839,27.06902218752839,25.678013878572788,25.96548843383789,103800,0.0,0.0
2017-03-22 00:00:00-04:00,25.984044953436435,26.215879754729567,25.724389339234826,25.993318557739258,145900,0.0,0.0
2017-03-23 00:00:00-04:00,26.09531765194545,26.781548267032065,26.09531765194545,26.707361221313477,85000,0.0,0.0
2017-03-24 00:00:00-04:00,26.716633389297673,27.02265515755814,26.716633389297673,26.85573387145996,61600,0.0,0.0
2017-03-27 00:00:00-04:00,26.61463589371006,26.91138415633877,26.271519609571136,26.763010025024414,76100,0.0,0.0
2017-03-28 00:00:00-04:00,26.753734513847935,27.198856876064866,26.67027384983738,26.948474884033203,111900,0.0,0.0
2017-03-29 00:00:00-04:00,26.836885045753593,26.939172727154848,26.706697982887796,26.920576095581055,44200,0.08,0.0
2017-03-30 00:00:00-04:00,27.0228654608255,27.580805236560956,27.0228654608255,27.497114181518555,48200,0.0,0.0
2017-03-31 00:00:00-04:00,27.45991756237773,27.45991756237773,27.134452564122384,27.23674201965332,105100,0.0,0.0
2017-04-03 00:00:00-04:00,27.24604126551368,27.24604126551368,26.641607241957686,26.93917465209961,57800,0.0,0.0
2017-04-04 00:00:00-04:00,26.827587092502412,27.236743158086387,26.827587092502412,27.125154495239258,87400,0.0,0.0
2017-04-05 00:00:00-04:00,27.31113166496099,27.61799823316768,26.567211475558338,26.623004913330078,87800,0.0,0.0
2017-04-06 00:00:00-04:00,26.660204870438204,26.957772271895784,26.502121966708664,26.808988571166992,54800,0.0,0.0
2017-04-07 00:00:00-04:00,26.697402939402554,26.771796571853493,26.362640461582433,26.67880630493164,49100,0.0,0.0
2017-04-10 00:00:00-04:00,26.567216244328023,26.725299157758073,26.11156591118063,26.455629348754883,38000,0.0,0.0
2017-04-11 00:00:00-04:00,26.381234695764114,27.041462116531328,26.20455339393057,26.762493133544922,57100,0.0,0.0
2017-04-12 00:00:00-04:00,26.669501557429626,26.68809996167655,26.232447925834173,26.418428421020508,42000,0.0,0.0
2017-04-13 00:00:00-04:00,26.232452058234916,26.75319681733305,25.99067985950431,26.613712310791016,328800,0.0,0.0
2017-04-17 00:00:00-04:00,26.567215389422206,26.96707226191604,26.297545589096714,26.93917465209961,102400,0.0,0.0
2017-04-18 00:00:00-04:00,26.70669967159232,26.939174430559095,26.464925709429874,26.743896484375,92500,0.0,0.0
2017-04-19 00:00:00-04:00,26.753193292426847,26.985668030580765,26.585811197173385,26.967069625854492,169800,0.0,0.0
2017-04-20 00:00:00-04:00,27.115850567121175,27.88766654859254,27.03215952797983,27.869068145751953,85100,0.0,0.0
2017-04-21 00:00:00-04:00,27.869073807819156,28.241034845635802,27.673795859242926,28.14804458618164,92000,0.0,0.0
2017-04-24 00:00:00-04:00,28.510703432472557,29.143035041453107,28.510703432472557,28.854766845703125,81600,0.0,0.0
2017-04-25 00:00:00-04:00,29.17093015015211,29.756765694357536,28.966351250872876,29.514991760253906,136100,0.0,0.0
2017-04-26 00:00:00-04:00,29.51499416684237,30.00784127735177,29.27322021302502,29.291818618774414,120300,0.0,0.0
2017-04-27 00:00:00-04:00,29.48709516185128,29.48709516185128,28.427010915318576,28.473506927490234,71800,0.0,0.0
2017-04-28 00:00:00-04:00,28.259629175694418,28.780373876744797,27.869071536727397,27.934165954589844,113400,0.0,0.0
2017-05-01 00:00:00-04:00,28.213137085361684,28.408415032897295,27.8783728625673,28.129446029663086,83000,0.0,0.0
2017-05-02 00:00:00-04:00,27.989963112859545,27.989963112859545,26.74389818372914,27.02286720275879,468000,0.0,0.0
2017-05-03 00:00:00-04:00,27.246038891673667,27.385525154961265,27.115853604489523,27.301834106445312,175200,0.0,0.0
2017-05-04 00:00:00-04:00,27.41342353059874,27.96206411123502,27.292537434667448,27.85047721862793,457500,0.0,0.0
2017-05-05 00:00:00-04:00,27.89696575001284,27.89696575001284,27.47851055430612,27.869068145751953,106800,0.0,0.0
2017-05-08 00:00:00-04:00,27.896967487767604,27.94346172412398,27.525008275992324,27.83187484741211,94700,0.0,0.0
2017-05-09 00:00:00-04:00,27.89697283432014,27.962065487150873,27.264641166292872,27.478517532348633,592400,0.0,0.0
2017-05-10 00:00:00-04:00,27.432019949206463,27.831876794960593,27.422720746556184,27.552906036376953,75700,0.0,0.0
2017-05-11 00:00:00-04:00,27.47851310251759,27.487812304800244,26.89267754784222,27.087955474853516,64100,0.0,0.0
2017-05-12 00:00:00-04:00,27.060061166811376,27.143752218430794,26.69739935191337,26.874080657958984,73800,0.0,0.0
2017-05-15 00:00:00-04:00,26.96706977754216,27.12515267132169,26.715996633249702,26.985668182373047,76800,0.0,0.0
2017-05-16 00:00:00-04:00,26.92987864322633,26.967075460727163,26.55791933642744,26.827590942382812,36200,0.0,0.0
2017-05-17 00:00:00-04:00,26.37192880166549,26.502114057540894,25.609412119581975,26.03716468811035,198000,0.0,0.0
2017-05-18 00:00:00-04:00,26.074368464514933,26.437028502125635,26.055770059088342,26.22315216064453,86700,0.0,0.0
2017-05-19 00:00:00-04:00,26.185954017914145,26.38123371767785,25.972077687311277,26.176654815673828,99600,0.0,0.0
2017-05-22 00:00:00-04:00,26.21385209840738,26.40913002805894,26.037170799931083,26.251047134399414,68800,0.0,0.0
2017-05-23 00:00:00-04:00,26.278945658279643,26.901978052241816,26.037171708152666,26.697399139404297,102000,0.0,0.0
2017-05-24 00:00:00-04:00,26.725296388103132,26.957771132370183,26.483522441228413,26.920576095581055,115300,0.0,0.0
2017-05-25 00:00:00-04:00,26.976371187540845,27.199546742850313,26.399833006093488,26.585813522338867,91900,0.0,0.0
2017-05-26 00:00:00-04:00,26.567211954475923,26.567211954475923,26.046469054055805,26.399829864501953,75800,0.0,0.0
2017-05-30 00:00:00-04:00,26.297536973502247,26.297536973502247,26.03716468811035,26.03716468811035,65500,0.0,0.0
2017-05-31 00:00:00-04:00,26.07436578224255,26.102261613871224,25.57221952922981,25.813993453979492,146700,0.0,0.0
2017-06-01 00:00:00-04:00,25.85119243417543,26.623008561402955,25.71170793381222,26.585813522338867,127400,0.0,0.0
2017-06-02 00:00:00-04:00,26.42772995116762,26.994968915176823,26.42772995116762,26.771793365478516,103400,0.0,0.0
2017-06-05 00:00:00-04:00,26.753195290988245,27.02286508509853,26.009275009137248,26.074369430541992,117500,0.0,0.0
2017-06-06 00:00:00-04:00,26.037174775079503,26.585815385445734,25.89769026494136,26.427732467651367,85300,0.0,0.0
2017-06-07 00:00:00-04:00,26.43702856545252,26.650904907445938,26.241748855288673,26.381235122680664,87400,0.0,0.0
2017-06-08 00:00:00-04:00,26.399834025509787,27.478516804645825,26.399834025509787,27.050764083862305,89500,0.0,0.0
2017-06-09 00:00:00-04:00,27.66449290010911,28.78037231478017,27.515709214638495,28.743175506591797,175700,0.0,0.0
2017-06-12 00:00:00-04:00,28.817568854718107,29.20812649289104,28.49210386063374,28.826868057250977,183300,0.0,0.0
2017-06-13 00:00:00-04:00,28.929155037342493,29.505691355940733,28.88265902865465,29.468496322631836,136900,0.0,0.0
2017-06-14 00:00:00-04:00,29.45920069349697,29.645179429878393,28.743178035642433,29.589385986328125,157100,0.0,0.0
2017-06-15 00:00:00-04:00,29.22672454114425,29.5986837697104,28.81756850290073,29.366209030151367,102100,0.0,0.0
2017-06-16 00:00:00-04:00,28.98494983735976,29.2174245708087,28.89195958925189,28.95705223083496,209400,0.0,0.0
2017-06-19 00:00:00-04:00,29.133735595629226,29.43130299181159,28.82686899661097,28.97565269470215,98300,0.0,0.0
2017-06-20 00:00:00-04:00,28.808269365060507,28.96635225926068,28.408412528339976,28.492103576660156,50300,0.0,0.0
2017-06-21 00:00:00-04:00,28.306127645802917,28.47350975898286,28.055054476033003,28.166643142700195,73900,0.0,0.0
2017-06-22 00:00:00-04:00,28.10154621180669,28.166640629512106,27.72028777631117,28.092247009277344,89800,0.0,0.0
2017-06-23 00:00:00-04:00,28.2131350205283,28.222434223107747,27.515710789843467,28.1108455657959,275100,0.0,0.0
2017-06-26 00:00:00-04:00,28.110842147183764,28.24102919382222,27.906265036239507,28.027151107788086,58000,0.0,0.0
2017-06-27 00:00:00-04:00,28.222433664564942,28.343319748422278,27.8318760321652,28.17593765258789,64000,0.0,0.0
2017-06-28 00:00:00-04:00,28.409031416665343,29.3600398086124,28.138647723859023,29.173568725585938,85700,0.08,0.0
2017-06-29 00:00:00-04:00,29.62109915765032,29.62109915765032,28.427676849980138,29.574480056762695,99000,0.0,0.0
2017-06-30 00:00:00-04:00,29.462596401134498,29.462596401134498,28.921827304344838,29.145593643188477,77900,0.0,0.0
2017-07-03 00:00:00-04:00,29.22950534321499,29.649066548761486,29.17356420480947,29.481243133544922,61300,0.0,0.0
2017-07-05 00:00:00-04:00,29.36935806184727,29.593124386060943,28.912501594285597,29.294769287109375,57500,0.0,0.0
2017-07-06 00:00:00-04:00,29.28544757082444,29.56515505159184,28.987092450449406,29.192211151123047,73100,0.0,0.0
2017-07-07 00:00:00-04:00,29.350713024302767,29.537185866838918,28.79129627503114,29.43462562561035,55400,0.0,0.0
2017-07-10 00:00:00-04:00,29.313420452551316,29.388009236264192,28.903181252962042,29.02438735961914,40500,0.0,0.0
2017-07-11 00:00:00-04:00,28.940475161274424,28.996416301821448,28.53023598114373,28.670089721679688,56400,0.0,0.0
2017-07-12 00:00:00-04:00,28.614147681647548,29.210857904289682,28.614147681647548,29.0803279876709,53100,0.0,0.0
2017-07-13 00:00:00-04:00,29.024387367718067,29.1176237919694,28.642119628790788,28.949798583984375,51000,0.0,0.0
2017-07-14 00:00:00-04:00,28.68874186384515,28.91250823948892,28.41835638181492,28.73535919189453,34100,0.0,0.0
2017-07-17 00:00:00-04:00,28.576857269462355,28.996420327658782,28.390386182303864,28.79129981994629,41000,0.0,0.0
2017-07-18 00:00:00-04:00,28.58617761621055,29.00574062341334,28.52091265472052,28.837915420532227,61100,0.0,0.0
2017-07-19 00:00:00-04:00,28.828592477293455,28.987093865019663,28.763327513818584,28.949798583984375,49400,0.0,0.0
2017-07-20 00:00:00-04:00,29.043035340663735,29.089654442491447,28.651443776995457,28.847240447998047,22200,0.0,0.0
2017-07-21 00:00:00-04:00,29.14559843640998,29.294776020172492,28.68874186384515,28.73535919189453,54100,0.0,0.0
2017-07-24 00:00:00-04:00,28.744678293774452,29.015063731411896,28.59550073450441,28.996416091918945,34300,0.0,0.0
2017-07-25 00:00:00-04:00,29.1642426389728,29.826217866545267,29.1642426389728,29.574480056762695,66900,0.0,0.0
2017-07-26 00:00:00-04:00,29.835541464582075,30.758580093579013,29.807570004257762,29.900806427001953,121900,0.0,0.0
2017-07-27 00:00:00-04:00,30.03133516661067,30.03133516661067,29.29477119050855,29.369359970092773,80900,0.0,0.0
2017-07-28 00:00:00-04:00,29.210860680715854,29.378685891369543,28.623474221764845,29.34139060974121,75900,0.0,0.0
2017-07-31 00:00:00-04:00,29.49989272665641,29.49989272665641,28.93115389450987,29.182889938354492,46000,0.0,0.0
2017-08-01 00:00:00-04:00,29.453273057856585,29.751628181141264,29.154917934571902,29.686363220214844,62700,0.0,0.0
2017-08-02 00:00:00-04:00,29.58380248118894,29.779599139005622,29.276123543194245,29.518537521362305,36500,0.0,0.0
2017-08-03 00:00:00-04:00,29.583803698216407,29.751628903724242,29.378684990560636,29.45327377319336,122700,0.0,0.0
2017-08-04 00:00:00-04:00,29.602451338458803,29.78892418420903,29.378684990560636,29.45327377319336,62700,0.0,0.0
2017-08-07 00:00:00-04:00,29.509219243090637,29.583808036661754,29.14559909672358,29.471925735473633,40900,0.0,0.0
2017-08-08 00:00:00-04:00,29.33206606715765,29.919454289983648,29.201536141346033,29.574480056762695,64700,0.0,0.0
2017-08-09 00:00:00-04:00,29.36936207096246,29.63042370735008,28.959122864735317,29.34139060974121,82000,0.0,0.0
2017-08-10 00:00:00-04:00,29.015059884801495,29.220178557020432,28.586173125006294,28.62346839904785,51800,0.0,0.0
2017-08-11 00:00:00-04:00,28.819270008438995,28.819270008438995,27.71908406302404,27.989469528198242,90900,0.0,0.0
2017-08-14 00:00:00-04:00,28.18526246837678,28.651442800748228,28.045408724332717,28.437000274658203,108700,0.0,0.0
2017-08-15 00:00:00-04:00,28.679418797128257,28.744683769449356,27.998795831012348,28.502269744873047,83600,0.0,0.0
2017-08-16 00:00:00-04:00,28.576850704154406,29.00573748492593,28.436996976331578,28.679410934448242,175100,0.0,0.0
2017-08-17 00:00:00-04:00,28.49294161657539,28.81926820719297,28.306470549320238,28.334440231323242,88500,0.0,0.0
2017-08-18 00:00:00-04:00,28.119996819012687,28.58617713998881,28.119996819012687,28.371734619140625,110100,0.0,0.0
2017-08-21 00:00:00-04:00,28.306471552143798,28.642120196428955,28.119998699945555,28.446325302124023,46000,0.0,0.0
2017-08-22 00:00:00-04:00,28.614148077060793,28.828590593994058,28.52091165890036,28.576852798461914,27700,0.0,0.0
2017-08-23 00:00:00-04:00,28.409030001320218,28.809945388442056,28.334441216158265,28.595502853393555,37800,0.0,0.0
2017-08-24 00:00:00-04:00,28.670094221290565,28.819271805053077,28.40903256053763,28.73535919189453,41800,0.0,0.0
2017-08-25 00:00:00-04:00,28.68873875435013,28.931152746273884,28.42767712189296,28.726032257080078,35800,0.0,0.0
2017-08-28 00:00:00-04:00,28.791299849893534,28.884536282738278,28.474298823560666,28.642122268676758,63400,0.0,0.0
2017-08-29 00:00:00-04:00,28.43700349483451,28.931155343306738,28.371738525445863,28.865888595581055,100500,0.0,0.0
2017-08-30 00:00:00-04:00,28.95912393501669,29.229509401804393,28.642121142807575,28.931154251098633,35100,0.0,0.0
2017-08-31 00:00:00-04:00,28.959122735710753,29.2108605505697,28.69806287882317,28.847240447998047,40400,0.0,0.0
2017-09-01 00:00:00-04:00,28.67941263995694,29.17356440454292,28.67941263995694,29.0803279876709,37600,0.0,0.0
2017-09-05 00:00:00-04:00,28.921828247125347,28.921828247125347,28.17593864832893,28.437000274658203,97200,0.0,0.0
2017-09-06 00:00:00-04:00,28.455647914753904,28.707385721035326,28.22255774856818,28.437000274658203,68800,0.0,0.0
2017-09-07 00:00:00-04:00,28.436999792588516,28.5395600330394,27.793670446887454,28.045408248901367,79100,0.0,0.0
2017-09-08 00:00:00-04:00,28.04540941485139,28.567530902028484,28.008115912078612,28.427677154541016,41700,0.0,0.0
2017-09-11 00:00:00-04:00,28.660764500269696,29.00573870316914,28.36240939416029,28.987091064453125,56800,0.0,0.0
2017-09-12 00:00:00-04:00,29.15491715535727,29.248153573476035,28.754001802282318,28.875207901000977,65700,0.0,0.0
2017-09-13 00:00:00-04:00,28.45564936384935,29.145596077494,28.45564936384935,29.015066146850586,64300,0.0,0.0
2017-09-14 00:00:00-04:00,28.90317897344774,29.45327187682223,28.884531334405988,29.0803279876709,109100,0.0,0.0
2017-09-15 00:00:00-04:00,29.14559243331254,29.32274144441967,28.604823358970993,29.285446166992188,149900,0.0,0.0
2017-09-18 00:00:00-04:00,29.26680126413208,29.94742413577774,29.26680126413208,29.844863891601562,76900,0.0,0.0
2017-09-19 00:00:00-04:00,29.9008042001005,30.059307351796686,29.826215423127614,29.928773880004883,50400,0.0,0.0
2017-09-20 00:00:00-04:00,29.844861785464655,30.348337372250192,29.425300574813456,30.096599578857422,88600,0.0,0.0
2017-09-21 00:00:00-04:00,30.18983839294323,30.6466931128974,30.10592579342685,30.48819351196289,58900,0.0,0.0
2017-09-22 00:00:00-04:00,30.488192298134614,31.131519831031625,30.348336785617537,30.8518123626709,79400,0.0,0.0
2017-09-25 00:00:00-04:00,30.758578745966588,30.91707834584953,30.581427950010895,30.739931106567383,60600,0.0,0.0
2017-09-26 00:00:00-04:00,30.73060625486914,31.04760901900745,30.73060625486914,30.926401138305664,54500,0.0,0.0
2017-09-27 00:00:00-04:00,31.159496171555894,31.92403529829168,30.81452367205839,31.485824584960938,162100,0.0,0.0
2017-09-28 00:00:00-04:00,31.504507126435687,32.07459817057347,31.41105109777528,31.999834060668945,75100,0.08,0.0
2017-09-29 00:00:00-04:00,32.07460243141808,32.56992586633197,32.06525825335833,32.158714294433594,148900,0.0,0.0
2017-10-02 00:00:00-04:00,32.33628116066548,32.96244802415463,32.19609710355191,32.943756103515625,170100,0.0,0.0
2017-10-03 00:00:00-04:00,32.999829823627465,33.48580903481463,32.65403466088024,33.42973327636719,118500,0.0,0.0
2017-10-04 00:00:00-04:00,33.2708510057431,33.2708510057431,32.61665170328047,32.719451904296875,82400,0.0,0.0
2017-10-05 00:00:00-04:00,32.97178655026897,33.19608599437091,32.738142930008856,32.93440628051758,106700,0.0,0.0
2017-10-06 00:00:00-04:00,33.00917463719998,33.23347411019495,32.840950923733544,33.065250396728516,75000,0.0,0.0
2017-10-09 00:00:00-04:00,33.009174966496005,33.55122995198848,32.82225933132208,33.177398681640625,129300,0.0,0.0
2017-10-10 00:00:00-04:00,33.177406218709244,33.26151809538965,33.01853021004627,33.158714294433594,114400,0.0,0.0
2017-10-11 00:00:00-04:00,32.971790893945,33.224126464882644,32.971790893945,33.08394241333008,119800,0.0,0.0
2017-10-12 00:00:00-04:00,33.12132635189686,33.30824200642947,32.99983420680231,33.10263442993164,78000,0.0,0.0
2017-10-13 00:00:00-04:00,33.0372090456997,33.270852684113756,32.50450183532518,33.13066864013672,83600,0.0,0.0
2017-10-16 00:00:00-04:00,33.0839475430235,33.59796294198646,33.0839475430235,33.49515914916992,79100,0.0,0.0
2017-10-17 00:00:00-04:00,33.48580972154053,33.50449807628716,33.065250437357676,33.12132263183594,66600,0.0,0.0
2017-10-18 00:00:00-04:00,33.24281900536402,33.513846501258776,33.14936296925099,33.252166748046875,45800,0.0,0.0
2017-10-19 00:00:00-04:00,33.12131955229703,33.45776694836126,32.99047969052069,33.30823516845703,37700,0.0,0.0
2017-10-20 00:00:00-04:00,33.53255180450258,33.64469980562087,33.158720380614085,33.26152420043945,74200,0.0,0.0
2017-10-23 00:00:00-04:00,33.270855898760374,33.2895478194538,32.887680437343484,32.96244812011719,26300,0.0,0.0
2017-10-24 00:00:00-04:00,33.093281682168865,33.2147773609223,32.756834304155454,32.784873962402344,63800,0.0,0.0
2017-10-25 00:00:00-04:00,33.626002226162555,34.06525354063548,33.448434290476946,33.87833786010742,179900,0.0,0.0
2017-10-26 00:00:00-04:00,34.102634957843506,34.971786214846055,34.102634957843506,34.3082389831543,75500,0.0,0.0
2017-10-27 00:00:00-04:00,34.37365491929537,34.92505411234818,34.186742839035624,34.766178131103516,104800,0.0,0.0
2017-10-30 00:00:00-04:00,34.532526272645114,34.61663811485381,33.682063674809925,34.08393096923828,89900,0.0,0.0
2017-10-31 00:00:00-04:00,34.13066544387085,34.56991665474041,34.00916974541602,34.29888916015625,68300,0.0,0.0
2017-11-01 00:00:00-04:00,34.56056603430588,34.73813391332393,33.81290711591549,34.04655075073242,54500,0.0,0.0
2017-11-02 00:00:00-04:00,34.1586985154289,34.65402544288569,33.82225111266397,34.541873931884766,97600,0.0,0.0
2017-11-03 00:00:00-04:00,34.54187741887322,34.67271729646361,34.149357786102044,34.42972946166992,164500,0.0,0.0
2017-11-06 00:00:00-05:00,34.42038698218954,34.64468290766193,34.1960874915977,34.36431121826172,50200,0.0,0.0
2017-11-07 00:00:00-05:00,34.252165787291204,34.36431375831687,33.13067538167539,33.4577751159668,130300,0.0,0.0
2017-11-08 00:00:00-05:00,33.270855898760374,33.270855898760374,32.42039311536584,32.96244812011719,63100,0.0,0.0
2017-11-09 00:00:00-05:00,32.66338252732239,32.75683855997087,31.887683908887304,32.38301086425781,83500,0.0,0.0
2017-11-10 00:00:00-05:00,32.37366138000417,32.90636858069943,31.850301921142268,32.485809326171875,69500,0.0,0.0
2017-11-13 00:00:00-05:00,32.411044703169324,32.96244381366901,32.018521550128064,32.86898422241211,56800,0.0,0.0
2017-11-14 00:00:00-05:00,32.73816092001969,33.420400238263625,32.73816092001969,33.26152420043945,34000,0.0,0.0
2017-11-15 00:00:00-05:00,33.02786515984491,33.94374780268414,32.86898563046149,33.719451904296875,131300,0.0,0.0
2017-11-16 00:00:00-05:00,34.0278691072969,34.30824084071537,33.64469357309699,33.710113525390625,101500,0.0,0.0
2017-11-17 00:00:00-05:00,33.607297179529155,34.065240239761664,33.32692555076904,33.925052642822266,64900,0.0,0.0
2017-11-20 00:00:00-05:00,33.92505979193901,34.36431102746959,33.76618380937145,34.326927185058594,57700,0.0,0.0
2017-11-21 00:00:00-05:00,34.57926047244741,34.71944808959961,34.30823298068341,34.71944808959961,88700,0.0,0.0
2017-11-22 00:00:00-05:00,34.71945101308176,35.04655072715406,34.46711542003191,34.49515151977539,53600,0.0,0.0
2017-11-24 00:00:00-05:00,34.21477701291397,34.83159611237548,33.68206977088444,34.24281311035156,28500,0.0,0.0
2017-11-27 00:00:00-05:00,34.26151437671517,34.56992579313859,34.1026383610693,34.17740249633789,48300,0.0,0.0
2017-11-28 00:00:00-05:00,34.23346724123119,34.92505042139075,34.07458771165786,34.840938568115234,146600,0.0,0.0
2017-11-29 00:00:00-05:00,34.971779832958205,36.55121318918616,34.94374373578655,36.28018569946289,138700,0.0,0.0
2017-11-30 00:00:00-05:00,36.467106145652785,36.467106145652785,35.27085164018576,35.42038345336914,108400,0.0,0.0
2017-12-01 00:00:00-05:00,35.40168941563128,35.682061102956375,33.81291176729651,35.35496139526367,82900,0.0,0.0
2017-12-04 00:00:00-05:00,35.803559991516316,36.439071107357314,35.48580443359582,35.77552032470703,127500,0.0,0.0
2017-12-05 00:00:00-05:00,35.794211203767766,35.878323071503395,35.28019581876988,35.42038345336914,122300,0.0,0.0
2017-12-06 00:00:00-05:00,35.34561317382714,35.75682473866487,33.654031764502186,35.26150131225586,122000,0.0,0.0
2017-12-07 00:00:00-05:00,35.2521581571895,39.02783716419019,34.88767460151167,35.56056594848633,213700,0.0,0.0
2017-12-08 00:00:00-05:00,35.88767711408037,35.88767711408037,33.65404013775442,35.02786636352539,76800,0.0,0.0
2017-12-11 00:00:00-05:00,34.99982626243265,34.99982626243265,34.37365930528317,34.38300704956055,71800,0.0,0.0
2017-12-12 00:00:00-05:00,34.616647417791576,34.88767493386916,34.270852215160374,34.532535552978516,122000,0.0,0.0
2017-12-13 00:00:00-05:00,34.56057622692518,34.92505983431421,34.15870877131163,34.22412872314453,134400,0.0,0.0
2017-12-14 00:00:00-05:00,34.439075113204765,34.67271878036387,33.373660561378344,33.77552795410156,156900,0.0,0.0
2017-12-15 00:00:00-05:00,33.64468810409544,34.59795469485914,33.64468810409544,34.326927185058594,347600,0.0,0.0
2017-12-18 00:00:00-05:00,34.56056452319915,34.925048007158054,34.03720152064964,34.14935302734375,222300,0.0,0.0
2017-12-19 00:00:00-05:00,34.15870931948261,34.345624998484766,33.72880575336168,33.822261810302734,201400,0.0,0.0
2017-12-20 00:00:00-05:00,33.94374171110769,34.02785354918788,33.5979501834973,33.63533401489258,173700,0.0,0.0
2017-12-21 00:00:00-05:00,33.906366101469594,34.57926096927748,33.66337826871633,34.373653411865234,178900,0.0,0.0
2017-12-22 00:00:00-05:00,34.29889523979582,34.33627908673442,33.86899169536151,33.88768005371094,121900,0.0,0.0
2017-12-26 00:00:00-05:00,33.1774032805541,34.14936186609202,33.1774032805541,33.38301086425781,125300,0.0,0.0
2017-12-27 00:00:00-05:00,32.68208475117356,33.411052018000554,32.68208475117356,33.16806411743164,168100,0.0,0.0
2017-12-28 00:00:00-05:00,33.252348102241584,33.60828973030331,32.90577533377708,33.42095184326172,130300,0.08,0.0
2017-12-29 00:00:00-05:00,33.5708368169562,33.701972326006185,33.07439422607422,33.07439422607422,99000,0.0,0.0
2018-01-02 00:00:00-05:00,33.04627606917853,33.48651956775033,32.95260891224423,33.42095184326172,189700,0.0,0.0
2018-01-03 00:00:00-05:00,33.42095723026297,33.7113311806404,32.99944780977108,33.26171875,117400,0.0,0.0
2018-01-04 00:00:00-05:00,33.54272198263868,34.123466216210666,33.439685966178345,33.79562759399414,110400,0.0,0.0
2018-01-05 00:00:00-05:00,34.011070935682014,34.086003959811485,33.6644945329156,33.936134338378906,89400,0.0,0.0
2018-01-08 00:00:00-05:00,33.93612835274635,33.93612835274635,33.42095184326172,33.42095184326172,58700,0.0,0.0
2018-01-09 00:00:00-05:00,33.49589139963409,34.01107158296351,33.49589139963409,33.514625549316406,92400,0.0,0.0
2018-01-10 00:00:00-05:00,33.51462562337422,34.33891034534903,33.50526033509922,33.870567321777344,78300,0.0,0.0
2018-01-11 00:00:00-05:00,33.88930262850308,34.5918171878449,33.88930262850308,34.47004699707031,99900,0.0,0.0
2018-01-12 00:00:00-05:00,34.563723783291834,35.01333275098599,34.37638582012566,34.62929153442383,75800,0.0,0.0
2018-01-16 00:00:00-05:00,34.77916062391657,34.98522916418637,34.301448646964005,34.32018280029297,112500,0.0,0.0
2018-01-17 00:00:00-05:00,34.451311441750505,34.863455586587996,34.13283804490957,34.61054992675781,89800,0.0,0.0
2018-01-18 00:00:00-05:00,34.54498168535893,34.67611715746573,33.90803490097706,33.936134338378906,85000,0.0,0.0
2018-01-19 00:00:00-05:00,33.83310269626586,34.60118505247557,33.83310269626586,34.591819763183594,83900,0.0,0.0
2018-01-22 00:00:00-05:00,34.47941276049085,34.55434578203671,34.07663749680802,34.404476165771484,81000,0.0,0.0
2018-01-23 00:00:00-05:00,34.395104326130756,34.395104326130756,33.926761417869386,34.3108024597168,83200,0.0,0.0
2018-01-24 00:00:00-05:00,34.39511321399565,34.57308227878083,34.170306987743125,34.18904113769531,87300,0.0,0.0
2018-01-25 00:00:00-05:00,34.48878021749185,34.48878021749185,34.13283851653413,34.2077751159668,100500,0.0,0.0
2018-01-26 00:00:00-05:00,34.21713943191829,34.44194565065397,33.80499886627211,33.936134338378906,85000,0.0,0.0
2018-01-29 00:00:00-05:00,34.0016975402832,34.460675204625666,33.72069248421603,34.0016975402832,119900,0.0,0.0
2018-01-30 00:00:00-05:00,33.90803603475996,34.37637906404346,33.90803603475996,34.18904113769531,76300,0.0,0.0
2018-01-31 00:00:00-05:00,34.28271325590984,34.404483461564574,34.05791057042723,34.09537887573242,81500,0.0,0.0
2018-02-01 00:00:00-05:00,34.13283804490957,34.61054992675781,33.69259803543363,34.61054992675781,95700,0.0,0.0
2018-02-02 00:00:00-05:00,34.441942694665514,35.097623572099174,34.32954138153136,34.57307815551758,103200,0.0,0.0
2018-02-05 00:00:00-05:00,34.226514168141726,34.470051004832605,33.04628757024761,33.05565643310547,137700,0.0,0.0
2018-02-06 00:00:00-05:00,32.71844080392341,33.14931548710935,32.025291622698454,32.727806091308594,138200,0.0,0.0
2018-02-07 00:00:00-05:00,32.54983779334644,33.03691493155287,32.32503158603061,32.671607971191406,120900,0.0,0.0
2018-02-08 00:00:00-05:00,32.737177233251366,32.79337610782561,32.13769874996874,32.16579818725586,110000,0.0,0.0
2018-02-09 00:00:00-05:00,32.428072259250285,32.77464869404135,31.73492653601607,32.57794189453125,162200,0.0,0.0
2018-02-12 00:00:00-05:00,32.643501691488105,32.905776169274844,32.29692891422391,32.62477111816406,116800,0.0,0.0
2018-02-13 00:00:00-05:00,32.446798513027865,32.80274015012717,32.39059964670956,32.62477111816406,51200,0.0,0.0
2018-02-14 00:00:00-05:00,32.38123236416452,33.25235056626128,32.38123236416452,33.18678283691406,66500,0.0,0.0
2018-02-15 00:00:00-05:00,33.35538953067239,33.57082688511431,33.20551991135743,33.271087646484375,48700,0.0,0.0
2018-02-16 00:00:00-05:00,33.13995851141263,33.81437014066671,33.13995851141263,33.739437103271484,58300,0.0,0.0
2018-02-20 00:00:00-05:00,33.580187813156364,34.02043132599826,33.205515600101506,33.32728576660156,48000,0.0,0.0
2018-02-21 00:00:00-05:00,33.35539067165733,33.80499954498196,32.784011611857174,33.52399444580078,97800,0.0,0.0
2018-02-22 00:00:00-05:00,33.598927779072426,33.67386437856618,33.083751163660935,33.13995361328125,59300,0.0,0.0
2018-02-23 00:00:00-05:00,33.289823651423674,33.45842742919922,33.15868817385909,33.45842742919922,55700,0.0,0.0
2018-02-26 00:00:00-05:00,33.49589594138127,33.72070219487709,33.271093261059626,33.44906234741211,53400,0.0,0.0
2018-02-27 00:00:00-05:00,33.43969226819244,33.79563396308868,32.830844914278366,32.840213775634766,82100,0.0,0.0
2018-02-28 00:00:00-05:00,32.90578586038208,33.09312380735334,32.39060918609174,32.437442779541016,125200,0.0,0.0
2018-03-01 00:00:00-05:00,32.371872085535486,32.50300756451885,32.23136774481113,32.34376907348633,71000,0.0,0.0
2018-03-02 00:00:00-05:00,32.13770083161757,32.86831483379549,31.978462339271147,32.690345764160156,82400,0.0,0.0
2018-03-05 00:00:00-05:00,32.54983828534771,33.54272672514251,32.27819848957742,33.33665466308594,81100,0.0,0.0
2018-03-06 00:00:00-05:00,33.4865295803485,33.96423794062681,33.168056149104935,33.8986701965332,116400,0.0,0.0
2018-03-07 00:00:00-05:00,33.70196378931747,34.32954530345802,33.69259850097525,34.2077751159668,76100,0.0,0.0
2018-03-08 00:00:00-05:00,34.320175121024725,34.320175121024725,33.730061929312825,33.973602294921875,80700,0.0,0.0
2018-03-09 00:00:00-05:00,34.217141184596045,34.882191013618716,33.91740192637758,34.83535385131836,91500,0.0,0.0
2018-03-12 00:00:00-04:00,34.910288156625676,35.125725510978846,34.45131043775251,35.060157775878906,117200,0.0,0.0
2018-03-13 00:00:00-04:00,35.116363525390625,35.453567520540965,34.947759741228495,35.116363525390625,105500,0.0,0.0
2018-03-14 00:00:00-04:00,35.15382459571718,35.266229488910945,34.32017462365122,34.367008209228516,54800,0.0,0.0
2018-03-15 00:00:00-04:00,34.51687812172034,34.82598622088237,34.001701529623865,34.713584899902344,75000,0.0,0.0
2018-03-16 00:00:00-04:00,34.66674593777362,35.16319192819847,34.60117820618091,34.87281799316406,178700,0.0,0.0
2018-03-19 00:00:00-04:00,34.75105165351074,34.96649259329557,34.34827635888068,34.8821907043457,63400,0.0,0.0
2018-03-20 00:00:00-04:00,34.82598451036185,35.11635844623621,34.44194340713364,34.507511138916016,93100,0.0,0.0
2018-03-21 00:00:00-04:00,34.601183635933445,34.99459366039851,34.4138492723704,34.732322692871094,68600,0.0,0.0
2018-03-22 00:00:00-04:00,34.48877733391047,34.57307921463694,33.66449267493759,33.74879455566406,78500,0.0,0.0
2018-03-23 00:00:00-04:00,33.786265065582036,33.786265065582036,32.78401129193949,32.83084487915039,135200,0.0,0.0
2018-03-26 00:00:00-04:00,33.23361583075982,33.692593501241674,32.784007020403635,33.60829162597656,99400,0.0,0.0
2018-03-27 00:00:00-04:00,33.61765610641378,33.73005741301293,32.915141687116176,33.32728576660156,92600,0.0,0.0
2018-03-28 00:00:00-04:00,33.402446859969636,33.95664955915719,33.23336782745508,33.76878356933594,81100,0.1,0.0
2018-03-29 00:00:00-04:00,33.96603909251519,34.191478982655454,33.19579180800799,33.48698425292969,106100,0.0,0.0
2018-04-02 00:00:00-04:00,33.477589576743576,33.68424251443192,32.59462412313568,32.9797477722168,97500,0.0,0.0
2018-04-03 00:00:00-04:00,33.12063515304392,33.43061447143555,32.93277280846728,33.43061447143555,59800,0.0,0.0
2018-04-04 00:00:00-04:00,32.97973805585532,34.08814307704615,32.97973805585532,33.947242736816406,65000,0.0,0.0
2018-04-05 00:00:00-04:00,34.04117986919923,34.445086800699215,33.62787408671919,34.40751647949219,89200,0.0,0.0
2018-04-06 00:00:00-04:00,34.19147041200097,34.45448056519887,33.05488314301445,33.45879364013672,111200,0.0,0.0
2018-04-09 00:00:00-04:00,33.59970283467388,34.21026279160508,33.56212892196396,33.693634033203125,55200,0.0,0.0
2018-04-10 00:00:00-04:00,33.994212305977605,34.285404704394054,33.684236537690985,34.1257209777832,60900,0.0,0.0
2018-04-11 00:00:00-04:00,34.0223905404708,34.13510866270789,33.63726700485328,33.947242736816406,74300,0.0,0.0
2018-04-12 00:00:00-04:00,34.172689347050216,34.46387818589422,33.98482338387153,34.25722885131836,46200,0.0,0.0
2018-04-13 00:00:00-04:00,34.38873334701554,34.398125032549295,33.78756514199099,33.87210464477539,45700,0.0,0.0
2018-04-16 00:00:00-04:00,33.99421319010952,34.473271548891404,33.09246091660187,34.351158142089844,56000,0.0,0.0
2018-04-17 00:00:00-04:00,34.539023714031174,34.539023714031174,33.41183159295329,33.61848449707031,74000,0.0,0.0
2018-04-18 00:00:00-04:00,33.74059102564274,33.900278322302775,33.571515628068326,33.64665985107422,39100,0.0,0.0
2018-04-19 00:00:00-04:00,33.59970474423912,34.34177343782887,33.59970474423912,34.14451217651367,55400,0.0,0.0
2018-04-20 00:00:00-04:00,34.003598956393894,34.66112781580019,34.003598956393894,34.43568801879883,58700,0.0,0.0
2018-04-23 00:00:00-04:00,34.501448458449666,34.689314401825776,34.07875098166464,34.62356185913086,28000,0.0,0.0
2018-04-24 00:00:00-04:00,34.70810499650445,35.02747605878286,34.51084734772093,34.79264450073242,58100,0.0,0.0
2018-04-25 00:00:00-04:00,35.685000710271865,36.90612394397136,34.98050612353238,36.7276496887207,222800,0.0,0.0
2018-04-26 00:00:00-04:00,36.774618701057804,37.41336074358141,36.464639364283954,36.896728515625,161200,0.0,0.0
2018-04-27 00:00:00-04:00,36.943697195493655,37.375786341076754,36.19223344965993,36.342525482177734,83900,0.0,0.0
2018-04-30 00:00:00-04:00,36.50222127099589,37.56366101306878,35.83530044555664,35.83530044555664,70700,0.0,0.0
2018-05-01 00:00:00-04:00,35.84468150587969,36.29555757462255,35.299874266532086,36.051334381103516,94700,0.0,0.0
2018-05-02 00:00:00-04:00,36.135883953287774,36.417681126994665,35.78833064191198,35.985591888427734,65900,0.0,0.0
2018-05-03 00:00:00-04:00,35.938614913092216,36.13587611682972,35.43138154371707,35.80710983276367,75000,0.0,0.0
2018-05-04 00:00:00-04:00,35.65681624087899,36.699468736799595,35.3656274566722,36.436458587646484,61900,0.0,0.0
2018-05-07 00:00:00-04:00,36.49282669113708,37.01885072884511,36.3988954909104,36.586761474609375,58300,0.0,0.0
2018-05-08 00:00:00-04:00,36.408277349423294,37.234885304613236,36.408277349423294,37.19731140136719,98000,0.0,0.0
2018-05-09 00:00:00-04:00,37.23489143573213,37.798489327491346,37.05642074079325,37.657588958740234,76200,0.0,0.0
2018-05-10 00:00:00-04:00,37.77969751835199,38.061494636400056,37.37578700196001,37.78908920288086,90300,0.0,0.0
2018-05-11 00:00:00-04:00,37.8360591407411,37.8830283185182,37.43214857792525,37.8172721862793,112100,0.0,0.0
2018-05-14 00:00:00-04:00,37.90180511196982,37.90180511196982,37.479111251294825,37.50728988647461,70500,0.0,0.0
2018-05-15 00:00:00-04:00,37.50728915851425,38.08967030147551,37.50728915851425,37.82666015625,92100,0.0,0.0
2018-05-16 00:00:00-04:00,37.666973955156905,38.45600799689821,37.666973955156905,38.23057174682617,99300,0.0,0.0
2018-05-17 00:00:00-04:00,38.26815155952702,38.97264622047877,37.929993548950954,38.69084548950195,114400,0.0,0.0
2018-05-18 00:00:00-04:00,38.88810503043,38.99142789962703,38.14603649311463,38.24936294555664,148000,0.0,0.0
2018-05-21 00:00:00-04:00,38.29633147357963,38.925678338346096,38.277544518673054,38.74720764160156,123500,0.0,0.0
2018-05-22 00:00:00-04:00,38.84113544075591,39.34837242919877,38.7659912109375,38.7659912109375,89900,0.0,0.0
2018-05-23 00:00:00-04:00,38.5875105408678,39.010204338571754,38.33389211229902,38.83173370361328,102200,0.0,0.0
2018-05-24 00:00:00-04:00,38.737811710917484,38.83174289191219,38.333901182799494,38.728416442871094,70900,0.0,0.0
2018-05-25 00:00:00-04:00,38.62509188359355,38.76599224522413,38.1930026966858,38.63448715209961,120700,0.0,0.0
2018-05-29 00:00:00-04:00,38.38086806460189,38.62509129335181,37.98634920801203,38.437225341796875,79100,0.0,0.0
2018-05-30 00:00:00-04:00,38.65327590673934,39.31080140299636,38.568736402471266,39.25444412231445,97700,0.0,0.0
2018-05-31 00:00:00-04:00,39.23565352063672,39.461089788900004,38.93506944078907,39.08536148071289,104300,0.0,0.0
2018-06-01 00:00:00-04:00,39.28262172497135,39.705319235145815,39.28262172497135,39.385948181152344,89500,0.0,0.0
2018-06-04 00:00:00-04:00,39.59259371333947,39.81802995458047,39.207470183245356,39.57380676269531,104000,0.0,0.0
2018-06-05 00:00:00-04:00,39.61138009262273,39.68652790091329,39.085359767567724,39.357765197753906,116100,0.0,0.0
2018-06-06 00:00:00-04:00,39.45170586058298,40.09983973832415,39.216874278079516,39.98712158203125,128400,0.0,0.0
2018-06-07 00:00:00-04:00,39.81803416295001,40.33466281891129,39.60198958257511,39.77106857299805,80100,0.0,0.0
2018-06-08 00:00:00-04:00,39.771066844117506,40.06225922235304,38.794166849306016,39.695919036865234,95400,0.0,0.0
2018-06-11 00:00:00-04:00,39.68653044441132,39.78985689581064,39.18868872393637,39.30140686035156,79000,0.0,0.0
2018-06-12 00:00:00-04:00,39.29200957147786,39.3107929388307,38.84112992363203,39.03839111328125,75100,0.0,0.0
2018-06-13 00:00:00-04:00,39.03839111328125,39.4329063260908,38.85991687422931,39.03839111328125,90800,0.0,0.0
2018-06-14 00:00:00-04:00,39.21687485372776,39.21687485372776,38.765998638692345,38.93507766723633,96600,0.0,0.0
2018-06-15 00:00:00-04:00,38.83174197339037,39.320191986147805,38.634484348020486,39.21686553955078,104400,0.0,0.0
2018-06-18 00:00:00-04:00,39.29201889038086,39.60199469064195,38.71902930262322,39.29201889038086,193100,0.0,0.0
2018-06-19 00:00:00-04:00,39.03839806464524,40.10922935665644,39.03839806464524,39.9025764465332,140200,0.0,0.0
2018-06-20 00:00:00-04:00,39.89317982791509,40.15618998409663,39.733492530773,40.02468490600586,95300,0.0,0.0
2018-06-21 00:00:00-04:00,40.015298937361266,40.25952578192172,39.61138834179591,39.742897033691406,77800,0.0,0.0
2018-06-22 00:00:00-04:00,39.930756673864295,40.015296178345466,39.07596994333036,39.26383590698242,349100,0.0,0.0
2018-06-25 00:00:00-04:00,39.21685650002261,39.25443039616884,38.70022796936571,39.15110397338867,134800,0.0,0.0
2018-06-26 00:00:00-04:00,39.24504576392672,39.72410411148184,38.841135229025305,39.648956298828125,89800,0.0,0.0
2018-06-27 00:00:00-04:00,39.57381334098341,39.57381334098341,38.615700198332526,38.63448715209961,103700,0.0,0.0
2018-06-28 00:00:00-04:00,38.67214457998547,39.14295228472547,38.56856631022623,38.61564636230469,108600,0.1,0.0
2018-06-29 00:00:00-04:00,38.76631046690868,39.30303463499487,38.48382652032212,38.52149200439453,163100,0.0,0.0
2018-07-02 00:00:00-04:00,38.29549580454999,39.08645286792684,38.29549580454999,38.73805618286133,137500,0.0,0.0
2018-07-03 00:00:00-04:00,38.86988228408764,39.08645339349871,38.73805670374852,38.76630401611328,62300,0.0,0.0
2018-07-05 00:00:00-04:00,39.077039743431214,39.27477811861247,38.90754868128221,38.982879638671875,110100,0.0,0.0
2018-07-06 00:00:00-04:00,39.04879068106211,39.368940051670414,38.97345972704717,39.26536178588867,99300,0.0,0.0
2018-07-09 00:00:00-04:00,39.27477884837712,40.15048148842583,39.27477884837712,39.93391036987305,187600,0.0,0.0
2018-07-10 00:00:00-04:00,39.31245199831761,39.707928833192916,38.81339687088587,38.83222961425781,119500,0.0,0.0
2018-07-11 00:00:00-04:00,38.81340006681826,39.25595700057473,38.80398189836753,38.992305755615234,121000,0.0,0.0
2018-07-12 00:00:00-04:00,39.255949432117355,39.255949432117355,38.42733036714942,38.634483337402344,117800,0.0,0.0
2018-07-13 00:00:00-04:00,38.4555778656589,38.690981744956034,38.06951564729073,38.088348388671875,49300,0.0,0.0
2018-07-16 00:00:00-04:00,38.078927873214354,38.65331387798668,37.928269543436194,38.53090286254883,87600,0.0,0.0
2018-07-17 00:00:00-04:00,38.464997459373265,38.82281240834741,38.31433910064393,38.33317184448242,68700,0.0,0.0
2018-07-18 00:00:00-04:00,38.22017521869063,38.596822874501505,38.16367699272552,38.51207733154297,72400,0.0,0.0
2018-07-19 00:00:00-04:00,38.493248211783026,38.785146760124874,38.23901155898366,38.69098663330078,81800,0.0,0.0
2018-07-20 00:00:00-04:00,38.68157094055089,39.09588051538451,38.52149441919754,38.822811126708984,103500,0.0,0.0
2018-07-23 00:00:00-04:00,38.77572697761824,39.53843683360337,38.77572697761824,39.359527587890625,91900,0.0,0.0
2018-07-24 00:00:00-04:00,39.33128539342214,39.416030944010906,38.71923379561682,39.04880142211914,79700,0.0,0.0
2018-07-25 00:00:00-04:00,39.87741820303438,40.61188079479015,39.33128303683482,40.41413879394531,148100,0.0,0.0
2018-07-26 00:00:00-04:00,39.91508024413597,40.5365463269358,39.82092013146068,40.05632400512695,109500,0.0,0.0
2018-07-27 00:00:00-04:00,40.159894045873855,40.583618057968145,39.293606100663325,39.4913444519043,90200,0.0,0.0
2018-07-30 00:00:00-04:00,39.406609025319554,39.83975490486629,39.01113222153395,39.05821228027344,52400,0.0,0.0
2018-07-31 00:00:00-04:00,39.20887319619014,39.387782459909204,38.606239784033974,39.00171661376953,72200,0.0,0.0
2018-08-01 00:00:00-04:00,39.09588091565625,39.59493604408555,38.973469879483176,39.38778305053711,81900,0.0,0.0
2018-08-02 00:00:00-04:00,39.18061925139938,40.018656422951786,39.124121031572585,39.962158203125,84000,0.0,0.0
2018-08-03 00:00:00-04:00,39.97158178915931,40.01866184941001,38.926387928493476,39.11471176147461,63600,0.0,0.0
2018-08-06 00:00:00-04:00,39.0770455384444,39.31244942723021,38.559157701511275,39.08646011352539,51900,0.0,0.0
2018-08-07 00:00:00-04:00,39.22770363851477,39.43486020878513,38.85105598201925,38.88872146606445,50800,0.0,0.0
2018-08-08 00:00:00-04:00,38.7945610777497,39.2277033653182,38.64390273459639,39.05821228027344,88900,0.0,0.0
2018-08-09 00:00:00-04:00,39.07703847538344,39.406602423324536,38.84163462914619,38.9263801574707,56900,0.0,0.0
2018-08-10 00:00:00-04:00,38.72864178870605,39.06762390200411,38.37082693667169,38.9263801574707,34500,0.0,0.0
2018-08-13 00:00:00-04:00,38.860468877143305,39.21828374307446,38.625065021763454,38.81338882446289,62800,0.0,0.0
2018-08-14 00:00:00-04:00,38.91696562000008,39.4254351984387,38.59681624514291,39.293609619140625,72300,0.0,0.0
2018-08-15 00:00:00-04:00,39.13354454139495,39.30303563204222,38.67215132974886,38.74748229980469,59500,0.0,0.0
2018-08-16 00:00:00-04:00,38.87930274719425,39.80208545607982,38.87930274719425,39.78325271606445,115100,0.0,0.0
2018-08-17 00:00:00-04:00,39.62318148550965,39.98099278496315,39.61376331911569,39.858585357666016,99400,0.0,0.0
2018-08-20 00:00:00-04:00,39.8585829042331,40.00924122946052,39.66084093389015,39.924495697021484,68700,0.0,0.0
2018-08-21 00:00:00-04:00,39.93392378005606,40.62130284593739,39.839763641927284,40.39531707763672,117300,0.0,0.0
2018-08-22 00:00:00-04:00,40.35764118618336,40.48946678238626,40.056324511440124,40.45180130004883,59100,0.0,0.0
2018-08-23 00:00:00-04:00,40.423564400679545,40.4894772157655,40.25407327846453,40.39531707763672,77300,0.0,0.0
2018-08-24 00:00:00-04:00,40.42355550950872,40.508301051976424,40.21639894081472,40.338809967041016,83300,0.0,0.0
2018-08-27 00:00:00-04:00,40.480048944793424,40.61187453037019,39.896244791556605,39.924495697021484,57200,0.0,0.0
2018-08-28 00:00:00-04:00,40.06574017240776,40.11282023061706,39.359528523333665,39.40660858154297,67900,0.0,0.0
2018-08-29 00:00:00-04:00,39.47252061121895,39.47252061121895,38.89813816510809,39.18062210083008,46900,0.0,0.0
2018-08-30 00:00:00-04:00,39.12412643432617,39.3595303281452,38.90755528305007,39.12412643432617,65400,0.0,0.0
2018-08-31 00:00:00-04:00,38.91696552146632,39.39718778654738,38.90754735612451,39.28419494628906,67000,0.0,0.0
2018-09-04 00:00:00-04:00,39.18062276788479,39.698510590855236,39.14295728461977,39.397193908691406,138900,0.0,0.0
2018-09-05 00:00:00-04:00,39.38778068560713,39.64201372642557,39.303035141341546,39.46310806274414,114700,0.0,0.0
2018-09-06 00:00:00-04:00,39.40660833249833,39.59493215612354,39.19003719252169,39.20886993408203,39400,0.0,0.0
2018-09-07 00:00:00-04:00,39.26537034839836,39.331283151546096,38.9828863931969,39.31245040893555,44400,0.0,0.0
2018-09-10 00:00:00-04:00,39.31245523534268,39.45369902627316,38.96405843422066,38.992305755615234,30100,0.0,0.0
2018-09-11 00:00:00-04:00,38.898139633064886,39.208870896492165,38.80397592295188,38.88872146606445,45300,0.0,0.0
2018-09-12 00:00:00-04:00,38.89813708410805,38.91696982489656,38.041267134109944,38.210758209228516,63500,0.0,0.0
2018-09-13 00:00:00-04:00,38.10718193999009,38.502658741465304,37.46688308733461,37.57987594604492,77800,0.0,0.0
2018-09-14 00:00:00-04:00,37.60811929204163,38.003599643740024,37.26914075170023,37.7587776184082,113900,0.0,0.0
2018-09-17 00:00:00-04:00,37.66462123948448,37.66462123948448,37.33505724043027,37.382137298583984,97500,0.0,0.0
2018-09-18 00:00:00-04:00,37.457457789521904,37.55162148050268,37.23147211512311,37.24088668823242,75200,0.0,0.0
2018-09-19 00:00:00-04:00,37.240890569168364,37.64578550263665,37.240890569168364,37.4197998046875,73500,0.0,0.0
2018-09-20 00:00:00-04:00,37.66462294674412,38.52149297510341,37.608124719211794,38.20134353637695,101800,0.0,0.0
2018-09-21 00:00:00-04:00,38.17309427685834,38.766309471870215,37.99418502809569,38.295501708984375,528100,0.0,0.0
2018-09-24 00:00:00-04:00,38.14484492498282,38.22959046943931,37.53279696344444,37.81528091430664,203700,0.0,0.0
2018-09-25 00:00:00-04:00,37.89060983939894,38.31433394684323,37.56104225452457,37.9000244140625,86000,0.0,0.0
2018-09-26 00:00:00-04:00,37.9659379220421,38.08834894682432,37.344471815269735,37.382137298583984,123100,0.0,0.0
2018-09-27 00:00:00-04:00,37.382133586296774,37.77861264851939,37.11781661218083,37.69365310668945,111400,0.1,0.0
2018-09-28 00:00:00-04:00,37.57094205810456,38.26949886005262,37.57094205810456,38.24117660522461,131500,0.0,0.0
2018-10-01 00:00:00-04:00,38.34501148065543,38.543252834456176,37.09894046186066,37.22166061401367,81600,0.0,0.0
2018-10-02 00:00:00-04:00,37.14613104342985,37.14613104342985,36.532537623004124,36.81573486328125,76600,0.0,0.0
2018-10-03 00:00:00-04:00,37.004546490098356,37.85413849255284,36.617509293179765,37.78805923461914,103900,0.0,0.0
2018-10-04 00:00:00-04:00,37.825806024476876,38.335563200402575,37.825806024476876,37.976844787597656,100300,0.0,0.0
2018-10-05 00:00:00-04:00,38.099568695756815,38.24116552467028,37.684209355094204,37.873008728027344,145700,0.0,0.0
2018-10-08 00:00:00-04:00,37.94853009060144,39.06244243483115,37.94853009060144,38.91140365600586,202300,0.0,0.0
2018-10-09 00:00:00-04:00,38.77924819116506,39.128524719170926,38.741487593259336,38.92084503173828,272200,0.0,0.0
2018-10-10 00:00:00-04:00,39.034125682864,39.40228613405912,38.80756928325828,38.939727783203125,304300,0.0,0.0
2018-10-11 00:00:00-04:00,38.76980798191007,39.024686627644385,38.38277083862071,38.429969787597656,306400,0.0,0.0
2018-10-12 00:00:00-04:00,38.68485218277014,38.68485218277014,36.28710789143592,36.92902374267578,271300,0.0,0.0
2018-10-15 00:00:00-04:00,36.929019954454986,37.28773844653818,36.626942361453025,37.032859802246094,143300,0.0,0.0
2018-10-16 00:00:00-04:00,37.08005624849883,37.608693801100074,36.315423968275,37.533172607421875,116400,0.0,0.0
2018-10-17 00:00:00-04:00,37.41989626165198,37.684213250451286,36.85350168535378,37.45765686035156,101100,0.0,0.0
2018-10-18 00:00:00-04:00,37.4954149679058,37.740851641048835,37.29717363842832,37.33493423461914,157900,0.0,0.0
2018-10-19 00:00:00-04:00,37.221656011837126,37.70309100914377,36.494780740571294,37.23109436035156,197600,0.0,0.0
2018-10-22 00:00:00-04:00,37.240548372026126,37.42934781290436,35.295920252765015,35.673519134521484,158200,0.0,0.0
2018-10-23 00:00:00-04:00,35.022149150032085,35.399747901399785,34.45575462402912,34.852230072021484,177500,0.0,0.0
2018-10-24 00:00:00-04:00,34.53127771079341,34.880554234305315,32.850967136096756,32.90760803222656,229900,0.0,0.0
2018-10-25 00:00:00-04:00,32.907605902322246,33.70056039157273,32.36008807831781,33.5589599609375,142200,0.0,0.0
2018-10-26 00:00:00-04:00,33.19080663756566,33.88936331356272,32.47337326315284,33.51176452636719,105900,0.0,0.0
2018-10-29 00:00:00-04:00,33.93656299854318,34.54071819033455,33.530645553861675,34.125362396240234,59000,0.0,0.0
2018-10-30 00:00:00-04:00,34.11592001195105,34.39911730437091,33.8516030191657,34.389678955078125,82300,0.0,0.0
2018-10-31 00:00:00-04:00,34.71063157995158,35.1354292546492,34.14423348000529,34.823909759521484,141600,0.0,0.0
2018-11-01 00:00:00-04:00,34.823907807793404,35.34310333619256,34.57847116563954,35.26758575439453,143500,0.0,0.0
2018-11-02 00:00:00-04:00,35.31479054546306,35.70182766906872,35.116552809212344,35.55078887939453,71200,0.0,0.0
2018-11-05 00:00:00-05:00,35.57910846067688,35.96614559443785,35.380870719224674,35.796226501464844,69500,0.0,0.0
2018-11-06 00:00:00-05:00,35.82455805184013,36.39095277476613,34.937201757926275,36.343753814697266,84800,0.0,0.0
2018-11-07 00:00:00-05:00,36.381510442091034,36.80630823832655,35.93783234368401,36.75910568237305,166800,0.0,0.0
2018-11-08 00:00:00-05:00,36.63637678629403,37.04229414370703,36.48533802081814,36.617496490478516,80400,0.0,0.0
2018-11-09 00:00:00-05:00,36.56086524787245,36.56086524787245,35.85287017273693,35.966148376464844,61000,0.0,0.0
2018-11-12 00:00:00-05:00,35.96615356335137,36.46647260398114,35.83399503976793,36.05111312866211,47800,0.0,0.0
2018-11-13 00:00:00-05:00,36.06053989945956,36.95733413328929,36.06053989945956,36.67413330078125,72200,0.0,0.0
2018-11-14 00:00:00-05:00,36.872376083654906,37.05173349720027,35.73958351130154,35.928382873535156,106200,0.0,0.0
2018-11-15 00:00:00-05:00,35.739586926828096,36.919578552246094,35.2675902766609,36.919578552246094,78200,0.0,0.0
2018-11-16 00:00:00-05:00,36.56085860864888,37.30661414995222,36.381501185229105,37.14613342285156,104100,0.0,0.0
2018-11-19 00:00:00-05:00,37.13669484789663,37.56149253345291,36.81573699670393,37.30661392211914,80800,0.0,0.0
2018-11-20 00:00:00-05:00,37.01397595832059,37.42933530971274,36.617500505862935,36.97621536254883,94800,0.0,0.0
2018-11-21 00:00:00-05:00,36.98565507036941,37.55204956842304,36.81573600074365,36.95733642578125,42400,0.0,0.0
2018-11-23 00:00:00-05:00,36.730783334272076,37.51429959084041,36.04166857906388,37.27830123901367,31400,0.0,0.0
2018-11-26 00:00:00-05:00,37.599257304950555,37.788053096350694,37.136698973502874,37.45765686035156,74400,0.0,0.0
2018-11-27 00:00:00-05:00,37.231099538984914,37.35381969303418,36.93846388070094,37.21221923828125,47500,0.0,0.0
2018-11-28 00:00:00-05:00,37.28773438699979,37.986290995420134,36.674137317427196,37.81637191772461,102000,0.0,0.0
2018-11-29 00:00:00-05:00,37.58037427426149,37.85412959231472,37.22165581478485,37.49541473388672,56000,0.0,0.0
2018-11-30 00:00:00-05:00,37.47653267811686,37.863569765882026,37.419891786840815,37.77861022949219,94200,0.0,0.0
2018-12-03 00:00:00-05:00,37.910769612851475,38.20340882318904,36.94789604446989,37.29717254638672,106100,0.0,0.0
2018-12-04 00:00:00-05:00,36.81574493712286,37.15558315886418,34.55960114406706,34.71063995361328,91700,0.0,0.0
2018-12-06 00:00:00-05:00,34.16311523164825,35.88118269932581,32.832084861611264,33.97431945800781,166000,0.0,0.0
2018-12-07 00:00:00-05:00,33.97432212259752,34.58791563714989,33.47400320027464,33.7288818359375,113100,0.0,0.0
2018-12-10 00:00:00-05:00,33.73832131965934,33.73832131965934,32.973685468566956,33.08696365356445,98600,0.0,0.0
2018-12-11 00:00:00-05:00,33.45512447800696,33.776082374963444,32.73769108536547,32.87929153442383,95900,0.0,0.0
2018-12-12 00:00:00-05:00,33.190800071879444,33.75719453958169,33.02088101135913,33.34183883666992,118700,0.0,0.0
2018-12-13 00:00:00-05:00,33.351287374079305,33.81384210717581,32.501691903628085,32.68104934692383,89200,0.0,0.0
2018-12-14 00:00:00-05:00,32.426164288679566,33.03032294868737,31.822009229719967,31.859769821166992,108900,0.0,0.0
2018-12-17 00:00:00-05:00,31.68985164498363,32.49224442985794,31.312252922073185,31.510494232177734,163600,0.0,0.0
2018-12-18 00:00:00-05:00,31.746495174511296,31.982493495699355,31.08569915497501,31.293378829956055,110900,0.0,0.0
2018-12-19 00:00:00-05:00,31.236740531255826,31.416097973880053,30.037868527907182,30.141708374023438,90800,0.0,0.0
2018-12-20 00:00:00-05:00,30.056745673107468,30.63258214037856,29.471469057132428,30.339942932128906,131000,0.0,0.0
2018-12-21 00:00:00-05:00,30.406022336500715,30.962978509367368,29.61306964685973,30.103944778442383,147300,0.0,0.0
2018-12-24 00:00:00-05:00,30.00955223439353,30.377709098752725,29.358196258544922,29.358196258544922,22500,0.0,0.0
2018-12-26 00:00:00-05:00,29.452593375432116,30.896902055227574,29.292114433174348,30.793062210083008,98800,0.0,0.0
2018-12-27 00:00:00-05:00,30.368264122419365,30.811942146061604,28.79179696776952,30.538183212280273,123500,0.0,0.0
2018-12-28 00:00:00-05:00,30.661286283315466,31.2483759719748,30.178356619742956,30.84119987487793,82100,0.1,0.0
2018-12-31 00:00:00-05:00,30.850666555240846,31.021108894000115,30.462425746300582,30.92641830444336,74400,0.0,0.0
2019-01-02 00:00:00-05:00,30.60447284840084,31.219972670121624,29.562859849459134,31.05899429321289,134100,0.0,0.0
2019-01-03 00:00:00-05:00,30.907481153249737,31.040049430760117,30.33933036042964,30.36773681640625,498300,0.0,0.0
2019-01-04 00:00:00-05:00,30.74651118080069,31.475640432226687,30.121541960930124,31.134748458862305,170700,0.0,0.0
2019-01-07 00:00:00-05:00,30.916950172121833,31.693424552557655,30.69915531780612,31.504039764404297,328300,0.0,0.0
2019-01-08 00:00:00-05:00,31.721834227321875,32.12901029891841,31.409348753309054,32.015380859375,139900,0.0,0.0
2019-01-09 00:00:00-05:00,32.005909632287775,32.94336244211148,31.712366612449404,32.015380859375,62400,0.0,0.0
2019-01-10 00:00:00-05:00,31.85440297009762,32.28998550483384,31.693428229431333,32.02484893798828,67600,0.0,0.0
2019-01-11 00:00:00-05:00,31.83546455041041,32.50778081588703,31.731302722848614,32.42255783081055,100500,0.0,0.0
2019-01-14 00:00:00-05:00,32.157424284712896,33.32213624631543,32.100611357747056,32.93389892578125,273100,0.0,0.0
2019-01-15 00:00:00-05:00,32.94336284047419,33.32212884760398,32.58353206331831,33.132747650146484,222100,0.0,0.0
2019-01-16 00:00:00-05:00,33.26532447156232,33.84294666382616,33.26532447156232,33.80506896972656,93900,0.0,0.0
2019-01-17 00:00:00-05:00,33.65355760615885,34.00391720232197,33.56833461117698,33.928165435791016,77500,0.0,0.0
2019-01-18 00:00:00-05:00,33.937635861364235,34.37321848856651,33.84294524230829,34.24065017700195,74900,0.0,0.0
2019-01-22 00:00:00-05:00,34.127011189129,34.35427005633677,33.92815877726856,34.01337814331055,77800,0.0,0.0
2019-01-23 00:00:00-05:00,34.07966525256928,34.430024773391004,33.644079142877544,33.738773345947266,80400,0.0,0.0
2019-01-24 00:00:00-05:00,34.6951641207418,35.907221120246035,33.66302070328435,35.026588439941406,254100,0.0,0.0
2019-01-25 00:00:00-05:00,35.33906666994569,36.46590057000718,35.178091946600226,36.01137924194336,303800,0.0,0.0
2019-01-28 00:00:00-05:00,35.888291625492904,36.276528920952806,35.29173064537122,35.51898956298828,149900,0.0,0.0
2019-01-29 00:00:00-05:00,35.69890057552556,35.98297597923446,35.44323162852312,35.736778259277344,184200,0.0,0.0
2019-01-30 00:00:00-05:00,35.85040947208168,35.85040947208168,35.17809680718995,35.244380950927734,79700,0.0,0.0
2019-01-31 00:00:00-05:00,35.08340441095467,35.234911549093425,34.35427517984469,34.818267822265625,126200,0.0,0.0
2019-02-01 00:00:00-05:00,34.99817728148615,35.32013036348724,34.61941128703555,35.07393264770508,70400,0.0,0.0
2019-02-04 00:00:00-05:00,35.1118158906113,35.48111432886861,34.9603051341824,35.43376541137695,64300,0.0,0.0
2019-02-05 00:00:00-05:00,35.50004492823112,35.62314197091638,34.98870708069197,35.22543716430664,53800,0.0,0.0
2019-02-06 00:00:00-05:00,35.19703075300828,35.75571395284403,35.140217838858234,35.746246337890625,69700,0.0,0.0
2019-02-07 00:00:00-05:00,35.840935802888374,36.03979183276948,35.4242921260328,35.7273063659668,79600,0.0,0.0
2019-02-08 00:00:00-05:00,35.64209207100939,35.80307045707465,35.206509446481945,35.613685607910156,70400,0.0,0.0
2019-02-11 00:00:00-05:00,35.774654458999926,35.98297811981289,35.59474086879824,35.907222747802734,79600,0.0,0.0
2019-02-12 00:00:00-05:00,36.03031996377118,36.45643485990125,35.746244570422654,36.172359466552734,70100,0.0,0.0
2019-02-13 00:00:00-05:00,36.181825993084985,36.352271946411875,35.9924411991424,36.219703674316406,31600,0.0,0.0
2019-02-14 00:00:00-05:00,36.06819604920479,36.06819604920479,35.67048762635391,35.75571060180664,102300,0.0,0.0
2019-02-15 00:00:00-05:00,35.94510048979011,36.6837009191796,35.76518689930822,36.49431610107422,137300,0.0,0.0
2019-02-19 00:00:00-05:00,36.2765265648289,36.92043280994846,36.2765265648289,36.85414505004883,84600,0.0,0.0
2019-02-20 00:00:00-05:00,36.84467660893584,37.11928442160102,36.57006879627067,37.034061431884766,77800,0.0,0.0
2019-02-21 00:00:00-05:00,37.0245867747847,37.0340580017732,36.541658952598254,36.91095733642578,53100,0.0,0.0
2019-02-22 00:00:00-05:00,36.92043316986095,37.185569763183594,36.816271333279865,37.185569763183594,87400,0.0,0.0
2019-02-25 00:00:00-05:00,37.36548042053738,37.70637236350668,37.31813512006162,37.592742919921875,115500,0.0,0.0
2019-02-26 00:00:00-05:00,37.48857664227566,37.50751548266122,36.91095465326679,36.929893493652344,101800,0.0,0.0
2019-02-27 00:00:00-05:00,37.04351986729917,37.166620513541055,36.87307393010707,37.071929931640625,66700,0.0,0.0
2019-02-28 00:00:00-05:00,37.12875635059938,37.25185704164938,36.92043627214802,37.10981750488281,127900,0.0,0.0
2019-03-01 00:00:00-05:00,37.289725930539156,37.289725930539156,36.674226232798375,37.09086990356445,49900,0.0,0.0
2019-03-04 00:00:00-05:00,37.03405631558416,37.23290872671205,36.636347881113835,36.74998092651367,37900,0.0,0.0
2019-03-05 00:00:00-05:00,36.73104788655027,36.89202264130096,36.44697245261573,36.65529251098633,87600,0.0,0.0
2019-03-06 00:00:00-05:00,36.63634796957994,36.81626515245685,35.68942759558208,35.77465057373047,64900,0.0,0.0
2019-03-07 00:00:00-05:00,35.68942806496401,35.68942806496401,34.969770160635214,35.06446075439453,47300,0.0,0.0
2019-03-08 00:00:00-05:00,34.9224290324833,35.58527410456688,34.9224290324833,35.39588928222656,53400,0.0,0.0
2019-03-11 00:00:00-04:00,35.405351085929624,36.03978959479203,35.405351085929624,35.75571060180664,59300,0.0,0.0
2019-03-12 00:00:00-04:00,35.77465035932007,36.12501349639391,35.339067856823156,35.44322967529297,28300,0.0,0.0
2019-03-13 00:00:00-04:00,35.518983729630314,35.85040804736312,35.42429313154367,35.547393798828125,42200,0.0,0.0
2019-03-14 00:00:00-04:00,35.50952304673951,35.60421366331129,35.405361201181265,35.47164535522461,29600,0.0,0.0
2019-03-15 00:00:00-04:00,35.47163112573101,35.812522988184945,35.30118519450404,35.358001708984375,209600,0.0,0.0
2019-03-18 00:00:00-04:00,35.41482815933775,35.774655348689755,35.0549973577707,35.46217346191406,73200,0.0,0.0
2019-03-19 00:00:00-04:00,35.642085157521436,35.642085157521436,34.430028137516025,34.44896697998047,59500,0.0,0.0
2019-03-20 00:00:00-04:00,34.31639696359936,34.619411203312914,33.719836098819385,33.767181396484375,169900,0.0,0.0
2019-03-21 00:00:00-04:00,33.54939416091225,34.16489394101584,33.293725188202224,33.31266403198242,103100,0.0,0.0
2019-03-22 00:00:00-04:00,33.2842568133242,33.40735387676543,31.5703294185634,31.731304168701172,157600,0.0,0.0
2019-03-25 00:00:00-04:00,32.110073857059405,32.74451246737929,31.88281134877086,32.318397521972656,102000,0.0,0.0
2019-03-26 00:00:00-04:00,32.488842887579295,32.94336428337166,32.26158038357564,32.896018981933594,148400,0.0,0.0
2019-03-27 00:00:00-04:00,32.90549574637496,33.151693549634686,32.356279982787626,32.659297943115234,76400,0.0,0.0
2019-03-28 00:00:00-04:00,32.77331903734629,33.03938134170661,32.26019577194251,33.0108757019043,116600,0.12,0.0
2019-03-29 00:00:00-04:00,33.219918927015435,33.31494375579288,32.4977483524397,33.02987289428711,114900,0.0,0.0
2019-04-01 00:00:00-04:00,33.305438935834935,33.8660727298971,33.22942269883705,33.7425422668457,74000,0.0,0.0
2019-04-02 00:00:00-04:00,33.771049038741666,33.866070234193224,33.35294707917181,33.59050369262695,58100,0.0,0.0
2019-04-03 00:00:00-04:00,33.87557969107733,34.06562211094181,33.50498827275725,33.65702438354492,56800,0.0,0.0
2019-04-04 00:00:00-04:00,33.66652787216673,34.20815673041212,33.55250169801684,34.189151763916016,52500,0.0,0.0
2019-04-05 00:00:00-04:00,34.19865573079221,34.5312335792098,33.94209412280149,34.44571304321289,92300,0.0,0.0
2019-04-08 00:00:00-04:00,34.407700610022374,34.57874166958586,34.28417377520263,34.51222610473633,49900,0.0,0.0
2019-04-09 00:00:00-04:00,34.40771011699732,34.58825552132547,33.86608115366772,34.084632873535156,52900,0.0,0.0
2019-04-10 00:00:00-04:00,34.0751243619189,34.550237632721284,33.799557794895144,34.540733337402344,53700,0.0,0.0
2019-04-11 00:00:00-04:00,34.54073565444975,34.81630223995895,34.379198871457554,34.71177673339844,60900,0.0,0.0
2019-04-12 00:00:00-04:00,34.987334919627,35.129870326141905,34.35068498679928,34.806793212890625,73700,0.0,0.0
2019-04-15 00:00:00-04:00,34.806793776264655,34.90181496559527,34.1321302826436,34.293670654296875,54100,0.0,0.0
2019-04-16 00:00:00-04:00,34.312678963174136,34.81629784042429,34.25566406912027,34.78779220581055,39100,0.0,0.0
2019-04-17 00:00:00-04:00,34.82580344634429,34.93032531880531,34.52173124959501,34.85430908203125,60700,0.0,0.0
2019-04-18 00:00:00-04:00,34.692764613488194,34.93982550984347,34.398196746452555,34.673763275146484,74200,0.0,0.0
2019-04-22 00:00:00-04:00,34.68326704359382,34.70227200845989,34.06561837233899,34.312679290771484,83100,0.0,0.0
2019-04-23 00:00:00-04:00,34.170149613373866,34.816304028183886,34.0751283978894,34.74028778076172,54300,0.0,0.0
2019-04-24 00:00:00-04:00,34.83530232291999,35.90905925136678,34.15113810304929,35.50046157836914,98200,0.0,0.0
2019-04-25 00:00:00-04:00,35.65249912899855,35.81403589595773,34.90181931532283,35.5479736328125,78400,0.0,0.0
2019-04-26 00:00:00-04:00,35.671500117075894,36.41267555310256,35.25339817894715,36.22262954711914,72100,0.0,0.0
2019-04-29 00:00:00-04:00,36.35566759398098,37.02082692930267,36.260646385289355,36.31766128540039,76600,0.0,0.0
2019-04-30 00:00:00-04:00,36.289144965609886,36.46018600785307,35.96606784413122,36.0230827331543,99100,0.0,0.0
2019-05-01 00:00:00-04:00,36.1371094975259,36.54570714703637,35.66199628877662,36.18462371826172,84900,0.0,0.0
2019-05-02 00:00:00-04:00,36.18462206768954,36.79276636717576,35.96606681178735,36.137107849121094,118300,0.0,0.0
2019-05-03 00:00:00-04:00,36.31765338807606,37.277380436543865,36.184622274904875,37.2298698425293,252000,0.0,0.0
2019-05-06 00:00:00-04:00,36.783268921989105,37.524448096706365,36.56471725022203,37.32489776611328,94000,0.0,0.0
2019-05-07 00:00:00-04:00,37.05883711222748,37.06833778322991,36.36517213459321,36.49820327758789,68100,0.0,0.0
2019-05-08 00:00:00-04:00,36.33666531047722,36.44118718739873,35.72851726619933,35.776031494140625,78000,0.0,0.0
2019-05-09 00:00:00-04:00,35.585984694945985,36.118109238159484,35.319918798512646,35.852046966552734,52500,0.0,0.0
2019-05-10 00:00:00-04:00,35.776030728162205,35.86155126186817,35.28191249173067,35.852046966552734,56500,0.0,0.0
2019-05-13 00:00:00-04:00,35.3674308170346,35.547972543662056,34.455210639522655,34.5882453918457,71300,0.0,0.0
2019-05-14 00:00:00-04:00,34.77828977564883,35.348427872275586,34.47421757404519,35.23440170288086,78500,0.0,0.0
2019-05-15 00:00:00-04:00,34.96833627237133,35.05385680676006,34.531232929863016,34.95883560180664,61700,0.0,0.0
2019-05-16 00:00:00-04:00,35.101368865144636,35.58598645505688,35.00634765625,35.00634765625,68400,0.0,0.0
2019-05-17 00:00:00-04:00,34.79729712728567,35.27241042797159,34.626256049052586,34.73078155517578,62700,0.0,0.0
2019-05-20 00:00:00-04:00,34.56923993547625,35.31991609064714,34.369689622243484,34.84480285644531,34200,0.0,0.0
2019-05-21 00:00:00-04:00,34.930320032055846,35.05385047604703,34.62624788132828,34.806793212890625,77700,0.0,0.0
2019-05-22 00:00:00-04:00,34.7307827662904,34.89232317906672,34.198658170855346,34.59775161743164,53000,0.0,0.0
2019-05-23 00:00:00-04:00,34.33168709619098,34.33168709619098,33.676028440955776,33.98960494995117,67700,0.0,0.0
2019-05-24 00:00:00-04:00,34.18914880880486,34.60724716110096,34.16064317393793,34.53123092651367,46800,0.0,0.0
2019-05-28 00:00:00-04:00,34.46471907070921,34.474219741745095,34.26517235551453,34.331687927246094,68300,0.0,0.0
2019-05-29 00:00:00-04:00,34.141639787553665,34.74028352122115,34.06561992462535,34.55973815917969,98200,0.0,0.0
2019-05-30 00:00:00-04:00,34.64526643826821,34.80680687069349,33.619023433082866,33.923095703125,87900,0.0,0.0
2019-05-31 00:00:00-04:00,33.552504571561805,33.90408741978358,33.409969123047205,33.647525787353516,83000,0.0,0.0
2019-06-03 00:00:00-04:00,33.600002747607796,34.14163145183985,33.41945742964665,33.9800910949707,84200,0.0,0.0
2019-06-04 00:00:00-04:00,34.303171463994985,34.626248583800624,34.198649605233015,34.49321746826172,65600,0.0,0.0
2019-06-05 00:00:00-04:00,34.39820277054642,34.455214045208,33.98960505294703,34.189151763916016,62800,0.0,0.0
2019-06-06 00:00:00-04:00,34.227165075573176,34.29368065246212,33.79006167749522,34.24617004394531,64900,0.0,0.0
2019-06-07 00:00:00-04:00,34.10362450929526,34.398195994719465,33.84706294937598,34.09412384033203,67800,0.0,0.0
2019-06-10 00:00:00-04:00,34.26516793153173,34.844803035380394,34.23665867245133,34.388694763183594,47300,0.0,0.0
2019-06-11 00:00:00-04:00,34.61674999560584,34.81629668090915,34.19865166094756,34.48371887207031,66500,0.0,0.0
2019-06-12 00:00:00-04:00,34.44571677461215,34.654767801878606,34.1986594354285,34.24617004394531,158800,0.0,0.0
2019-06-13 00:00:00-04:00,34.39820489414349,34.63576155277041,34.30318005579656,34.59775161743164,60200,0.0,0.0
2019-06-14 00:00:00-04:00,34.48371958540772,34.56924011299626,34.2936735657858,34.388694763183594,85100,0.0,0.0
2019-06-17 00:00:00-04:00,34.369693508388906,34.57874451501931,34.10363122709692,34.189151763916016,94300,0.0,0.0
2019-06-18 00:00:00-04:00,34.20815391547379,34.92082378871282,34.20815391547379,34.51222610473633,63600,0.0,0.0
2019-06-19 00:00:00-04:00,34.40770004039189,34.82580201232589,34.32217951202597,34.5882453918457,86400,0.0,0.0
2019-06-20 00:00:00-04:00,34.844806501650744,34.98734193675281,34.19865577038097,34.2271614074707,74600,0.0,0.0
2019-06-21 00:00:00-04:00,34.12263003768088,34.63575316602521,33.95158899489944,34.018104553222656,234900,0.0,0.0
2019-06-24 00:00:00-04:00,33.85657754456042,34.67377306743098,33.85657754456042,34.208160400390625,118500,0.0,0.0
2019-06-25 00:00:00-04:00,34.17965205684247,34.265172596072986,32.298203818597955,33.875579833984375,175000,0.0,0.0
2019-06-26 00:00:00-04:00,33.87557949904716,34.369694137686004,33.790058960662215,33.89458084106445,73400,0.0,0.0
2019-06-27 00:00:00-04:00,33.799234496297515,34.41896438598633,33.799234496297515,34.41896438598633,68500,0.12,0.0
2019-06-28 00:00:00-04:00,34.571518379615625,34.88615337398183,34.390367212505105,34.72406768798828,194400,0.0,0.0
2019-07-01 00:00:00-04:00,34.96242896686864,35.23892574668136,34.76220866578882,35.229393005371094,65100,0.0,0.0
2019-07-02 00:00:00-04:00,35.105439397821335,35.114975774524154,34.295021957060385,34.600120544433594,54000,0.0,0.0
2019-07-03 00:00:00-04:00,34.75266758643427,34.90521687023694,34.53337821828429,34.79080581665039,41500,0.0,0.0
2019-07-05 00:00:00-04:00,34.876620762165416,35.181719380036945,34.876620762165416,35.00056457519531,63000,0.0,0.0
2019-07-08 00:00:00-04:00,34.781273857767715,34.97196139600372,34.352227806002276,34.54291534423828,111400,0.0,0.0
2019-07-09 00:00:00-04:00,34.31409258051633,34.65732577858983,34.00899034268065,34.38083267211914,81400,0.0,0.0
2019-07-10 00:00:00-04:00,34.20921515861715,34.438037296713354,33.95178752546218,34.00899124145508,46100,0.0,0.0
2019-07-11 00:00:00-04:00,33.989922973546264,34.06619580096961,33.7038898687882,33.90411376953125,60900,0.0,0.0
2019-07-12 00:00:00-04:00,33.932715216209104,34.64779069536181,33.89457698442609,34.43803405761719,97700,0.0,0.0
2019-07-15 00:00:00-04:00,34.61919346672119,34.61919346672119,33.66575936709633,33.78017044067383,74100,0.0,0.0
2019-07-16 00:00:00-04:00,33.78969750650496,34.11386519141712,33.6466845978172,33.71342468261719,52500,0.0,0.0
2019-07-17 00:00:00-04:00,33.656219995414226,33.66575637231713,33.25577945498345,33.26531219482422,73500,0.0,0.0
2019-07-18 00:00:00-04:00,33.37972555107272,33.579949472103586,33.169972526608646,33.48460388183594,76400,0.0,0.0
2019-07-19 00:00:00-04:00,33.37019066763274,34.73360160587527,33.322519694091405,33.54180908203125,53600,0.0,0.0
2019-07-22 00:00:00-04:00,33.46553685840564,33.57995157388809,33.04602714615782,33.284385681152344,29700,0.0,0.0
2019-07-23 00:00:00-04:00,33.341589406376784,33.513207823840276,32.979283454280285,33.293914794921875,43100,0.0,0.0
2019-07-24 00:00:00-04:00,33.10322980399372,34.06619654834467,32.72185474732402,33.932716369628906,102400,0.0,0.0
2019-07-25 00:00:00-04:00,34.88614990967911,35.44867611039188,33.99945600623252,34.73360061645508,111100,0.0,0.0
2019-07-26 00:00:00-04:00,34.8003395212814,35.8967900295164,34.73359943508225,35.78237533569336,94400,0.0,0.0
2019-07-29 00:00:00-04:00,35.77284397319528,35.83005132230854,34.85754820975548,35.01009750366211,61600,0.0,0.0
2019-07-30 00:00:00-04:00,34.66686008715335,35.591692211411065,34.59058362298026,35.53448486328125,53600,0.0,0.0
2019-07-31 00:00:00-04:00,35.40100724447168,35.782378681691306,34.94335933757077,35.219852447509766,78300,0.0,0.0
2019-08-01 00:00:00-04:00,35.17218424215425,35.72517777970271,34.399904929659904,34.49524688720703,87200,0.0,0.0
2019-08-02 00:00:00-04:00,34.31409131882792,34.49524246979452,33.70389050265512,34.06619644165039,58400,0.0,0.0
2019-08-05 00:00:00-04:00,33.59901801351914,33.827840152109616,32.54070562061684,33.05555725097656,82800,0.0,0.0
2019-08-06 00:00:00-04:00,33.141367275721805,33.69436079217048,32.826735918171195,33.627620697021484,79400,0.0,0.0
2019-08-07 00:00:00-04:00,33.24623870500239,33.73249202535094,32.91253829853704,33.51320266723633,88400,0.0,0.0
2019-08-08 00:00:00-04:00,33.7229566644117,34.609650499198914,33.66575295704592,34.5047721862793,96900,0.0,0.0
2019-08-09 00:00:00-04:00,34.39990468752202,34.65732869849978,34.13294066155662,34.352230072021484,172600,0.0,0.0
2019-08-12 00:00:00-04:00,33.989925823474444,34.1901461039432,33.89458023487338,34.14247512817383,39900,0.0,0.0
2019-08-13 00:00:00-04:00,33.989922563883624,34.78127086954041,33.989922563883624,34.43803405761719,67500,0.0,0.0
2019-08-14 00:00:00-04:00,33.885042795330186,34.08526304803218,33.60854608232544,33.837371826171875,84600,0.0,0.0
2019-08-15 00:00:00-04:00,33.865978544676665,34.19014627340234,33.42739974612496,33.74203109741211,75200,0.0,0.0
2019-08-16 00:00:00-04:00,33.89457851630703,34.67639411788355,33.89457851630703,34.62872314453125,57200,0.0,0.0
2019-08-19 00:00:00-04:00,35.10543767619942,35.267523338639926,34.418964069744334,35.086368560791016,76700,0.0,0.0
2019-08-20 00:00:00-04:00,34.924289634934865,34.924289634934865,33.99945745938889,34.10433578491211,31700,0.0,0.0
2019-08-21 00:00:00-04:00,34.32362821237118,34.52384850404834,34.13294066155662,34.352230072021484,43500,0.0,0.0
2019-08-22 00:00:00-04:00,34.58105411505316,34.58105411505316,34.028060609307595,34.152008056640625,44700,0.0,0.0
2019-08-23 00:00:00-04:00,33.86597618560491,34.323624070092016,33.0364896222884,33.112762451171875,93500,0.0,0.0
2019-08-26 00:00:00-04:00,33.42739986112103,33.66575837903161,33.13183398956948,33.608551025390625,24900,0.0,0.0
2019-08-27 00:00:00-04:00,33.81830464562019,33.81830464562019,32.98881445915624,33.093692779541016,62100,0.0,0.0
2019-08-28 00:00:00-04:00,32.91254197399171,33.76109764838896,32.91254197399171,33.379722595214844,51900,0.0,0.0
2019-08-29 00:00:00-04:00,33.41786164117407,33.913647767540645,33.41786164117407,33.54180908203125,56500,0.0,0.0
2019-08-30 00:00:00-04:00,33.7611034208369,33.93272186040224,33.427402920050234,33.579952239990234,44800,0.0,0.0
2019-09-03 00:00:00-04:00,33.32252174855853,33.34159086656318,32.683719025121064,32.93161392211914,66400,0.0,0.0
2019-09-04 00:00:00-04:00,33.32252281062274,33.32252281062274,32.64558546666282,32.83626937866211,71900,0.0,0.0
2019-09-05 00:00:00-04:00,33.32251954505524,33.942249472445084,33.18903936491165,33.26531219482422,144600,0.0,0.0
2019-09-06 00:00:00-04:00,33.274850402529665,33.436932448175554,32.769527873674456,32.92207717895508,60100,0.0,0.0
2019-09-09 00:00:00-04:00,33.103227729166456,33.89457601212253,32.9506784434724,33.722957611083984,121100,0.0,0.0
2019-09-10 00:00:00-04:00,33.78016512632375,34.22828024650923,33.665754070745585,33.999454498291016,120200,0.0,0.0
2019-09-11 00:00:00-04:00,33.88504854288968,34.5429167578099,33.52274256912114,34.45710754394531,149800,0.0,0.0
2019-09-12 00:00:00-04:00,34.31409057837901,35.21984995072908,34.22828137460182,34.99102783203125,94000,0.0,0.0
2019-09-13 00:00:00-04:00,35.26753276530486,35.75378260847243,35.00056871529219,35.420082092285156,86500,0.0,0.0
2019-09-16 00:00:00-04:00,35.20078432028798,35.72517597144228,34.99103129688862,35.39147186279297,62500,0.0,0.0
2019-09-17 00:00:00-04:00,35.16264873231106,35.2579906823504,34.58105338070921,35.219852447509766,63400,0.0,0.0
2019-09-18 00:00:00-04:00,35.28658759147976,35.56308429970606,34.86707797825008,35.448673248291016,57900,0.0,0.0
2019-09-19 00:00:00-04:00,35.448677323288756,35.75377592017595,34.876618363390804,34.91475296020508,64800,0.0,0.0
2019-09-20 00:00:00-04:00,34.905223172582026,35.41054208446761,34.600124549889316,35.01963424682617,196600,0.0,0.0
2019-09-23 00:00:00-04:00,34.933814811930105,35.02916037679211,34.47616701177669,34.92428207397461,71000,0.0,0.0
2019-09-24 00:00:00-04:00,35.01009929702587,35.01009929702587,34.12340534419149,34.25688552856445,72400,0.0,0.0
2019-09-25 00:00:00-04:00,34.19014510386703,34.69546397895377,34.04712854367989,34.657325744628906,61000,0.0,0.0
2019-09-26 00:00:00-04:00,34.54291608595818,34.838481958423614,34.380834039067764,34.57151794433594,91200,0.0,0.0
2019-09-27 00:00:00-04:00,34.85849317851631,35.17417284400033,34.313231619169734,34.4471549987793,46000,0.12,0.0
2019-09-30 00:00:00-04:00,34.46628955044815,34.638477806000424,34.25584007632543,34.34193420410156,94300,0.0,0.0
2019-10-01 00:00:00-04:00,34.55238658679524,34.7915365564004,33.748842542956325,33.892333984375,61700,0.0,0.0
2019-10-02 00:00:00-04:00,33.61491163692882,33.80623229971484,33.347064898511256,33.6818733215332,88400,0.0,0.0
2019-10-03 00:00:00-04:00,33.66274969794894,33.66274969794894,33.01226146376392,33.58622360229492,90600,0.0,0.0
2019-10-04 00:00:00-04:00,33.65318455879107,34.01669354022613,33.41403458531992,33.9688606262207,68600,0.0,0.0
2019-10-07 00:00:00-04:00,33.777547118455246,34.313240779909705,33.57665834627044,34.05495834350586,58700,0.0,0.0
2019-10-08 00:00:00-04:00,33.720141183322546,33.720141183322546,33.232276916503906,33.232276916503906,53900,0.0,0.0
2019-10-09 00:00:00-04:00,33.567091520353884,33.567091520353884,33.08879155776642,33.289676666259766,48400,0.0,0.0
2019-10-10 00:00:00-04:00,33.3853293978183,33.89232604692009,33.3853293978183,33.64360809326172,71400,0.0,0.0
2019-10-11 00:00:00-04:00,34.1793104308472,34.63847789714863,34.102784344366285,34.1314811706543,57600,0.0,0.0
2019-10-14 00:00:00-04:00,34.16017813161209,34.28453712791482,33.777540399421746,34.25584030151367,43500,0.0,0.0
2019-10-15 00:00:00-04:00,34.341929733466884,34.76283227605784,33.78710017132873,34.72456741333008,65000,0.0,0.0
2019-10-16 00:00:00-04:00,34.72457272837426,35.06894924735912,34.504555207720315,34.791534423828125,46300,0.0,0.0
2019-10-17 00:00:00-04:00,34.88719464116203,34.94458829168559,34.49498888298419,34.896759033203125,57800,0.0,0.0
2019-10-18 00:00:00-04:00,34.71501043485942,35.24113963772622,34.71501043485942,35.14548110961914,69100,0.0,0.0
2019-10-21 00:00:00-04:00,35.4707242478803,35.90119126177668,35.1837413730976,35.61421203613281,76100,0.0,0.0
2019-10-22 00:00:00-04:00,35.46115083630797,36.32209203201441,34.8393595672824,35.75769805908203,153300,0.0,0.0
2019-10-23 00:00:00-04:00,35.834230517052816,35.9585895228232,34.982857210374924,35.60464859008789,50200,0.0,0.0
2019-10-24 00:00:00-04:00,36.3125275913345,36.360356851584655,34.46628968239718,35.50898361206055,131200,0.0,0.0
2019-10-25 00:00:00-04:00,35.662045586590374,36.23600775602536,35.34636949516952,35.77684020996094,77800,0.0,0.0
2019-10-28 00:00:00-04:00,35.87249509582013,36.322098202078855,35.843798267467925,36.27426528930664,86500,0.0,0.0
2019-10-29 00:00:00-04:00,36.312529469230526,36.56124747401556,36.14034120411438,36.53254699707031,50700,0.0,0.0
2019-10-30 00:00:00-04:00,36.36992691323637,36.37949130616218,35.79596481093865,36.19773864746094,98500,0.0,0.0
2019-10-31 00:00:00-04:00,35.95858511458296,36.14990579635861,35.51855010089591,36.11164093017578,73400,0.0,0.0
2019-11-01 00:00:00-04:00,36.22643407381824,36.44645159398821,36.17860481276193,36.37948989868164,70500,0.0,0.0
2019-11-04 00:00:00-05:00,36.61864365085944,37.010849470819146,36.50385268259148,36.838661193847656,72900,0.0,0.0
2019-11-05 00:00:00-05:00,37.04911470142997,37.441320525181006,36.809964719895454,37.21173858642578,82100,0.0,0.0
2019-11-06 00:00:00-05:00,37.07780691023526,37.09693934427011,36.570810180296995,36.88648986816406,57100,0.0,0.0
2019-11-07 00:00:00-05:00,37.240435056494164,37.364794067448926,36.61864365085944,36.838661193847656,55700,0.0,0.0
2019-11-08 00:00:00-05:00,36.64733625334937,37.17346536473322,36.58993895698197,37.13520050048828,76000,0.0,0.0
2019-11-11 00:00:00-05:00,36.96301523176581,37.02041253274705,36.54211263865249,36.809959411621094,51200,0.0,0.0
2019-11-12 00:00:00-05:00,36.915190032238094,36.953454903767415,36.40819325646103,36.72386932373047,40300,0.0,0.0
2019-11-13 00:00:00-05:00,36.494286364936244,36.666474632829356,36.25513639832234,36.484718322753906,50600,0.0,0.0
2019-11-14 00:00:00-05:00,36.350791263097385,36.6855997229705,36.21686787914814,36.609073638916016,48100,0.0,0.0
2019-11-15 00:00:00-05:00,36.83865737327184,36.85778980752211,36.360357464431374,36.37948989868164,47200,0.0,0.0
2019-11-18 00:00:00-05:00,36.24557190761003,36.83866286116676,36.24557190761003,36.57081604003906,80200,0.0,0.0
2019-11-19 00:00:00-05:00,36.676039238643796,37.02041577642788,36.44645366374143,36.857791900634766,54500,0.0,0.0
2019-11-20 00:00:00-05:00,36.8864932031606,37.1926048771172,36.551681050987504,36.72386932373047,172800,0.0,0.0
2019-11-21 00:00:00-05:00,36.92474826902107,36.92474826902107,36.46558083464398,36.79082489013672,101000,0.0,0.0
2019-11-22 00:00:00-05:00,36.86735671260234,37.05867740006788,36.72386528471853,36.809959411621094,38200,0.0,0.0
2019-11-25 00:00:00-05:00,36.70472566947077,37.833513490608226,36.70472566947077,37.64219284057617,127400,0.0,0.0
2019-11-26 00:00:00-05:00,37.61350863863963,37.67090594764594,37.12564428407287,37.546546936035156,73300,0.0,0.0
2019-11-27 00:00:00-05:00,37.63263757668263,37.938749231315576,37.34565835660659,37.709163665771484,51100,0.0,0.0
2019-11-29 00:00:00-05:00,37.42218571889925,37.61350642183878,37.30739475679109,37.403053283691406,71100,0.0,0.0
2019-12-02 00:00:00-05:00,37.594371329920996,37.69003349919998,37.08737460472763,37.30739212036133,93400,0.0,0.0
2019-12-03 00:00:00-05:00,37.077805734799924,37.37435297923104,36.73343288050583,36.982147216796875,93200,0.0,0.0
2019-12-04 00:00:00-05:00,37.116073862834156,37.460450396525204,36.96301803109802,37.36479187011719,93900,0.0,0.0
2019-12-05 00:00:00-05:00,37.47001464841741,37.81439118081171,37.44131782043084,37.69960021972656,65400,0.0,0.0
2019-12-06 00:00:00-05:00,38.06311494905406,38.33096178184498,37.95788836498922,38.05354690551758,84100,0.0,0.0
2019-12-09 00:00:00-05:00,37.91005325317383,38.063109083918505,37.69003572454954,37.91005325317383,70900,0.0,0.0
2019-12-10 00:00:00-05:00,37.99614067105928,38.0822347887091,37.82395243575964,38.024837493896484,46600,0.0,0.0
2019-12-11 00:00:00-05:00,38.139631114471634,38.235293279214886,37.81438705262151,37.99614334106445,46200,0.0,0.0
2019-12-12 00:00:00-05:00,38.0344051464313,38.90491078880498,38.01527636232508,38.531837463378906,90000,0.0,0.0
2019-12-13 00:00:00-05:00,38.369218196755945,38.57010327705113,38.015277295882726,38.522274017333984,45700,0.0,0.0
2019-12-16 00:00:00-05:00,38.79012089812286,39.14406179997296,38.59880020958761,38.77098846435547,109900,0.0,0.0
2019-12-17 00:00:00-05:00,38.751855360993424,39.048402605555935,38.57967075833936,39.02927017211914,82800,0.0,0.0
2019-12-18 00:00:00-05:00,39.28755347181049,39.28755347181049,38.742291878050494,39.14406204223633,69100,0.0,0.0
2019-12-19 00:00:00-05:00,39.28755491345895,39.34495221722252,38.95274643101837,39.297122955322266,53000,0.0,0.0
2019-12-20 00:00:00-05:00,39.383211765892845,39.54583562841873,39.13449742508331,39.23015594482422,180600,0.0,0.0
2019-12-23 00:00:00-05:00,39.23015744471097,39.23972548653404,38.78055800577282,38.83795166015625,122200,0.0,0.0
2019-12-24 00:00:00-05:00,38.837949349037935,38.96230834136643,38.68489353122537,38.904911041259766,27600,0.0,0.0
2019-12-26 00:00:00-05:00,38.895351328329895,38.895351328329895,38.41705138398293,38.646636962890625,48400,0.0,0.0
2019-12-27 00:00:00-05:00,38.665760508798996,38.665760508798996,38.18746062927914,38.36921691894531,89800,0.0,0.0
2019-12-30 00:00:00-05:00,38.55178957381049,38.705535351813765,38.17703446902677,38.59983444213867,66400,0.18,0.0
2019-12-31 00:00:00-05:00,38.522962930528635,38.619052666049065,38.33077979389932,38.349998474121094,86500,0.0,0.0
2020-01-02 00:00:00-05:00,38.388438410765296,38.436483281749744,37.95602724072788,38.30195617675781,65800,0.0,0.0
2020-01-03 00:00:00-05:00,37.90798382406532,38.378828709600825,37.53322868418515,37.898372650146484,78100,0.0,0.0
2020-01-06 00:00:00-05:00,37.43713579081808,37.80228342741943,36.3513077206547,37.57166290283203,70500,0.0,0.0
2020-01-07 00:00:00-05:00,37.52361172943962,37.658138818867606,37.04315574400355,37.47556686401367,74500,0.0,0.0
2020-01-08 00:00:00-05:00,37.30260241600963,37.63892013957957,37.30260241600963,37.47556686401367,69300,0.0,0.0
2020-01-09 00:00:00-05:00,37.62931341833735,37.65813960507709,37.22573214162763,37.27377700805664,40200,0.0,0.0
2020-01-10 00:00:00-05:00,37.25455999699569,37.36026090722686,36.75488529945922,36.850975036621094,94100,0.0,0.0
2020-01-13 00:00:00-05:00,36.966287483834506,37.158466960050156,36.774104342030306,37.120033264160156,71300,0.0,0.0
2020-01-14 00:00:00-05:00,37.19691016812769,37.19691016812769,36.745283929328174,36.8221549987793,167000,0.0,0.0
2020-01-15 00:00:00-05:00,36.668405909524814,36.85097789050688,36.30325828197189,36.49544143676758,113000,0.0,0.0
2020-01-16 00:00:00-05:00,36.35130124083442,36.975891816075155,36.35130124083442,36.918235778808594,97500,0.0,0.0
2020-01-17 00:00:00-05:00,37.14886245352343,37.17768864416678,36.79332599509642,36.8894157409668,74500,0.0,0.0
2020-01-21 00:00:00-05:00,36.601142929557696,36.82215227808491,36.264825152579085,36.312870025634766,71800,0.0,0.0
2020-01-22 00:00:00-05:00,36.49543938789563,36.49543938789563,35.91889362146493,35.92850112915039,42600,0.0,0.0
2020-01-23 00:00:00-05:00,35.582570329030546,35.60178900897786,33.382084626095036,34.62165832519531,208100,0.0,0.0
2020-01-24 00:00:00-05:00,34.564006009121,35.27507884042648,34.07393883361063,35.05406951904297,177800,0.0,0.0
2020-01-27 00:00:00-05:00,34.43908201946156,34.91953796076789,34.371818480925704,34.515953063964844,113100,0.0,0.0
2020-01-28 00:00:00-05:00,34.43908713281301,34.794623555803426,34.4006497720604,34.7081413269043,77200,0.0,0.0
2020-01-29 00:00:00-05:00,34.60244248807962,34.75618827470101,34.18925366482545,34.2661247253418,108700,0.0,0.0
2020-01-30 00:00:00-05:00,34.083552772287774,34.71775460072872,34.083552772287774,34.69853591918945,69900,0.0,0.0
2020-01-31 00:00:00-05:00,34.46791768746711,34.573618610134226,33.968242931142775,34.093162536621094,94600,0.0,0.0
2020-02-03 00:00:00-05:00,34.2276840922956,34.5351756361617,34.14120186648398,34.371822357177734,92000,0.0,0.0
2020-02-04 00:00:00-05:00,34.68892247801643,35.09250743278131,34.602440249537416,34.871498107910156,117800,0.0,0.0
2020-02-05 00:00:00-05:00,35.09250209701181,35.68826643284401,35.025238559043075,35.56334686279297,79100,0.0,0.0
2020-02-06 00:00:00-05:00,35.73631590569038,35.75553458553157,35.476869226216884,35.64983367919922,83900,0.0,0.0
2020-02-07 00:00:00-05:00,35.56335511528852,35.63062233445456,35.332738264620346,35.52492141723633,75800,0.0,0.0
2020-02-10 00:00:00-05:00,35.43844223022461,35.457660913698255,35.17899550171395,35.43844223022461,58400,0.0,0.0
2020-02-11 00:00:00-05:00,35.54413650813239,36.00537382845998,35.54413650813239,35.79397201538086,60100,0.0,0.0
2020-02-12 00:00:00-05:00,36.10146457913535,36.10146457913535,35.71709830190839,35.861236572265625,48800,0.0,0.0
2020-02-13 00:00:00-05:00,35.745929158418,36.12068427315682,35.66905443458,35.92850112915039,103400,0.0,0.0
2020-02-14 00:00:00-05:00,35.851625392101944,35.90927776186797,35.39999561246485,35.409603118896484,70900,0.0,0.0
2020-02-18 00:00:00-05:00,35.22703545941339,35.22703545941339,34.96758876712515,35.0828971862793,42900,0.0,0.0
2020-02-19 00:00:00-05:00,35.04446107354111,35.31351525487571,35.04446107354111,35.130943298339844,52300,0.0,0.0
2020-02-20 00:00:00-05:00,34.98680372184996,35.438433508355956,34.98680372184996,35.22703170776367,89900,0.0,0.0
2020-02-21 00:00:00-05:00,35.22703170776367,35.265469065251025,34.86188414281014,35.22703170776367,58500,0.0,0.0
2020-02-24 00:00:00-05:00,34.37183098046036,34.57362166945038,34.025901990426455,34.43909454345703,73300,0.0,0.0
2020-02-25 00:00:00-05:00,34.371824378353985,34.371824378353985,33.27638523071701,33.49739456176758,103700,0.0,0.0
2020-02-26 00:00:00-05:00,33.6895783868281,33.814494316307595,32.97850184442717,33.007328033447266,75900,0.0,0.0
2020-02-27 00:00:00-05:00,32.546089248806126,33.30521062802728,31.940717312495202,31.959932327270508,101200,0.0,0.0
2020-02-28 00:00:00-05:00,31.565959929026384,31.854236481545346,30.41286654851076,30.84527587890625,152500,0.0,0.0
2020-03-02 00:00:00-05:00,30.518568502161923,32.209774017333984,30.508959161230933,32.209774017333984,77600,0.0,0.0
2020-03-03 00:00:00-05:00,32.09446505062035,32.42117530558794,30.768405349212067,30.950977325439453,100400,0.0,0.0
2020-03-04 00:00:00-05:00,31.181595013104175,31.181595013104175,30.307165243093262,31.018238067626953,97700,0.0,0.0
2020-03-05 00:00:00-05:00,30.37443200699146,30.470521750564554,29.10602833076509,29.480783462524414,130700,0.0,0.0
2020-03-06 00:00:00-05:00,28.366122841300825,29.19250591970368,28.193158387069424,28.539087295532227,138600,0.0,0.0
2020-03-09 00:00:00-04:00,26.915146429338996,28.20276870807967,25.07019524135193,25.28159523010254,83500,0.0,0.0
2020-03-10 00:00:00-04:00,26.05032384030002,26.40586023938379,24.56090920158264,26.309768676757812,122300,0.0,0.0
2020-03-11 00:00:00-04:00,25.48338984430441,26.050328141328258,24.311075885742483,24.69544219970703,103900,0.0,0.0
2020-03-12 00:00:00-04:00,23.013847580201,24.407169149763128,21.94723446759976,22.70635414123535,144400,0.0,0.0
2020-03-13 00:00:00-04:00,23.48469099386866,24.926059067560534,22.92736207868624,23.965147018432617,204000,0.0,0.0
2020-03-16 00:00:00-04:00,21.1400662214131,24.25342120863134,21.1400662214131,21.995277404785156,180200,0.0,0.0
2020-03-17 00:00:00-04:00,22.283551248999622,24.166938012302843,21.14006538111163,24.080455780029297,172100,0.0,0.0
2020-03-18 00:00:00-04:00,22.6390860929924,24.2534185381229,18.49755590699764,18.55521011352539,163500,0.0,0.0
2020-03-19 00:00:00-04:00,18.680129040778436,21.140063148514088,17.844134828021424,20.64038848876953,248200,0.0,0.0
2020-03-20 00:00:00-04:00,20.544298195115008,21.053582225866606,19.266285280959323,20.111888885498047,225200,0.0,0.0
2020-03-23 00:00:00-04:00,20.188762270089594,20.188762270089594,16.642996313543595,19.785179138183594,247500,0.0,0.0
2020-03-24 00:00:00-04:00,20.919053914200596,25.87735950609534,19.63143173470604,20.92866325378418,178600,0.0,0.0
2020-03-25 00:00:00-04:00,21.02475364846576,21.02475364846576,19.516122109254628,19.717914581298828,127500,0.0,0.0
2020-03-26 00:00:00-04:00,19.89087986294577,21.63013013357926,19.26628557379306,21.245765686035156,170300,0.0,0.0
2020-03-27 00:00:00-04:00,20.621173017342027,21.332249592169493,19.58338801102426,20.256027221679688,182900,0.0,0.0
2020-03-30 00:00:00-04:00,20.401403346911707,21.91333771231601,20.207566887542846,21.700115203857422,134700,0.18,0.0
2020-03-31 00:00:00-04:00,21.515971900121915,22.51423424385605,21.312441481935288,22.36885643005371,152400,0.0,0.0
2020-04-01 00:00:00-04:00,21.797032004440698,21.913335346368214,20.81815216729185,21.00229835510254,174000,0.0,0.0
2020-04-02 00:00:00-04:00,20.614624656393783,21.167061398762133,20.25602436212049,21.011991500854492,128000,0.0,0.0
2020-04-03 00:00:00-04:00,20.643698511228184,20.885995450789917,19.655128402736306,20.29479217529297,158300,0.0,0.0
2020-04-06 00:00:00-04:00,21.031377394549114,22.06840811356796,20.905381936986945,21.864877700805664,175600,0.0,0.0
2020-04-07 00:00:00-04:00,22.514231174933425,23.512495231173034,21.54504341692256,21.9133358001709,130000,0.0,0.0
2020-04-08 00:00:00-04:00,22.301012465622236,22.921292092939474,21.55473738364424,22.67899513244629,115300,0.0,0.0
2020-04-09 00:00:00-04:00,23.357427556627407,25.295803256786048,23.357427556627407,25.208576202392578,132900,0.0,0.0
2020-04-13 00:00:00-04:00,25.024427752019694,25.024427752019694,23.08605222546723,23.657873153686523,82600,0.0,0.0
2020-04-14 00:00:00-04:00,24.346000036624385,25.731937133867532,22.582076565572905,23.28958511352539,117200,0.0,0.0
2020-04-15 00:00:00-04:00,22.301011326095995,22.717762372621987,21.225212284931597,21.351207733154297,120700,0.0,0.0
2020-04-16 00:00:00-04:00,21.302745938979577,21.9133352462976,19.45159751585408,20.023418426513672,134000,0.0,0.0
2020-04-17 00:00:00-04:00,21.380283971964996,23.037596196923346,21.196139606975642,22.649921417236328,169500,0.0,0.0
2020-04-20 00:00:00-04:00,21.826110046684523,22.71776291080457,21.719498795444164,22.175016403198242,79900,0.0,0.0
2020-04-21 00:00:00-04:00,21.215522409529644,22.24286290821519,21.215522409529644,21.942413330078125,74000,0.0,0.0
2020-04-22 00:00:00-04:00,22.659611649362052,23.01821197562023,21.612888820834907,21.777650833129883,63800,0.0,0.0
2020-04-23 00:00:00-04:00,21.826111324582527,22.572386429800638,21.62258091016888,21.990873336791992,67800,0.0,0.0
2020-04-24 00:00:00-04:00,22.504541275942945,23.018211503402085,21.806726687433557,22.37854766845703,75400,0.0,0.0
2020-04-27 00:00:00-04:00,22.68868501689843,24.471990619855394,22.601457971753224,24.152158737182617,98900,0.0,0.0
2020-04-28 00:00:00-04:00,25.07289007038365,25.363645681052617,24.307230794467426,24.61737060546875,72800,0.0,0.0
2020-04-29 00:00:00-04:00,26.332832452164755,28.736417739017,25.88700510540562,27.86414909362793,126800,0.0,0.0
2020-04-30 00:00:00-04:00,27.050031895427058,27.050031895427058,25.567173866045028,25.77070426940918,106600,0.0,0.0
2020-05-01 00:00:00-04:00,24.9178181905156,24.9178181905156,23.851713057725153,24.491376876831055,94300,0.0,0.0
2020-05-04 00:00:00-04:00,24.316924846609734,24.636756783450892,23.619110215841552,24.51076316833496,87900,0.0,0.0
2020-05-05 00:00:00-04:00,24.98566348376937,25.24734279882347,23.279892642848548,23.3574275970459,86600,0.0,0.0
2020-05-06 00:00:00-04:00,23.338044019322908,23.570648888123966,21.95210505854316,22.010255813598633,82200,0.0,0.0
2020-05-07 00:00:00-04:00,22.33008679366641,22.88252351901438,22.000562808620437,22.23316764831543,91100,0.0,0.0
2020-05-08 00:00:00-04:00,22.834062842362755,23.880785537042772,22.834062842362755,23.832326889038086,65900,0.0,0.0
2020-05-11 00:00:00-04:00,23.308966607708562,23.308966607708562,21.92302956149585,22.21378517150879,92800,0.0,0.0
2020-05-12 00:00:00-04:00,22.339776620084994,22.678992698079767,20.90537921159276,21.00229835510254,101300,0.0,0.0
2020-05-13 00:00:00-04:00,20.71154324665178,20.74061769636417,19.42252359966567,19.974960327148438,81700,0.0,0.0
2020-05-14 00:00:00-04:00,20.091262003603138,20.343251045321093,18.666556648952866,19.887733459472656,116100,0.0,0.0
2020-05-15 00:00:00-04:00,19.713281762705446,20.760004606363292,19.383757733352127,20.604934692382812,108800,0.0,0.0
2020-05-18 00:00:00-04:00,21.719498862460014,23.153896390033193,21.719498862460014,22.940675735473633,130500,0.0,0.0
2020-05-19 00:00:00-04:00,22.64022957719049,22.66930403063959,21.302749261156077,21.37059211730957,92700,0.0,0.0
2020-05-20 00:00:00-04:00,21.98117940965388,22.96975140076253,21.952103110416918,22.436697006225586,96800,0.0,0.0
2020-05-21 00:00:00-04:00,22.28162802393987,22.582075734097124,22.175016770931553,22.21378517150879,48500,0.0,0.0
2020-05-22 00:00:00-04:00,22.407623666736544,22.485158619967642,21.758267740208936,22.019947052001953,27300,0.0,0.0
2020-05-26 00:00:00-04:00,23.018212105423448,24.452609721386622,23.018212105423448,24.200620651245117,90000,0.0,0.0
2020-05-27 00:00:00-04:00,25.30549645042365,26.652667028692203,24.501070574046288,26.42975425720215,99300,0.0,0.0
2020-05-28 00:00:00-04:00,27.030646887332054,27.166334435044977,24.32661391291484,24.927509307861328,136400,0.0,0.0
2020-05-29 00:00:00-04:00,24.384764041320565,25.014735719418148,23.977705105713383,24.63675308227539,113600,0.0,0.0
2020-06-01 00:00:00-04:00,24.76274872768799,24.946894936043673,24.09401044487581,24.103702545166016,90100,0.0,0.0
2020-06-02 00:00:00-04:00,24.45260841429263,24.510761014848523,23.434961936092506,23.725717544555664,61600,0.0,0.0
2020-06-03 00:00:00-04:00,24.491379621474287,26.255301371749237,23.822639427073806,25.79978370666504,151200,0.0,0.0
2020-06-04 00:00:00-04:00,25.53810185647034,26.226224386821972,25.00504739560686,25.722248077392578,132900,0.0,0.0
2020-06-05 00:00:00-04:00,27.137258425243445,28.435970226337847,26.97249642514702,27.77692222595215,120400,0.0,0.0
2020-06-08 00:00:00-04:00,28.503815336183514,28.72672810440265,27.689697371003106,28.028913497924805,68300,0.0,0.0
2020-06-09 00:00:00-04:00,27.205102592678188,28.51350655695791,26.788351522340733,28.14521598815918,101200,0.0,0.0
2020-06-10 00:00:00-04:00,27.806000390973207,27.806000390973207,25.68347844699661,25.69317054748535,86600,0.0,0.0
2020-06-11 00:00:00-04:00,24.10370142137059,24.520450622944512,23.376810570707267,23.54157257080078,128300,0.0,0.0
2020-06-12 00:00:00-04:00,24.82090409149211,26.33283678200848,23.396196616135757,24.307233810424805,108500,0.0,0.0
2020-06-15 00:00:00-04:00,23.1538953450392,24.375072162938014,23.056978046436562,24.229694366455078,98000,0.0,0.0
2020-06-16 00:00:00-04:00,25.46056606347349,26.138996470651453,24.82090221025295,25.412105560302734,74200,0.0,0.0
2020-06-17 00:00:00-04:00,25.421797876729467,25.421797876729467,23.861406632969366,23.90017318725586,99100,0.0,0.0
2020-06-18 00:00:00-04:00,22.058716268992477,23.20235825789574,22.058716268992477,22.9891357421875,172600,0.0,0.0
2020-06-19 00:00:00-04:00,22.553000851096925,22.989134257778762,21.651655889277123,22.494848251342773,316500,0.0,0.0
2020-06-22 00:00:00-04:00,22.223479115594433,23.027905008526623,21.797035916757114,22.97944450378418,79300,0.0,0.0
2020-06-23 00:00:00-04:00,23.502804222302,23.73540907318808,22.892216719798412,23.115129470825195,126400,0.0,0.0
2020-06-24 00:00:00-04:00,22.66930444840578,22.66930444840578,21.826112008417432,21.855186462402344,120200,0.0,0.0
2020-06-25 00:00:00-04:00,21.709805947409905,22.950366973876953,21.709805947409905,22.950366973876953,113200,0.0,0.0
2020-06-26 00:00:00-04:00,22.417314982308422,22.649921701620322,21.564430456288484,22.029640197753906,324700,0.0,0.0
2020-06-29 00:00:00-04:00,22.47902643828115,23.817411571002687,22.10779419265885,23.778335571289062,144800,0.18,0.0
2020-06-30 00:00:00-04:00,23.592720883007193,24.63802955976265,23.280105412949695,24.50126075744629,122700,0.0,0.0
2020-07-01 00:00:00-04:00,24.54033514092103,24.618488997346404,22.361792899310792,22.56694793701172,163600,0.0,0.0
2020-07-02 00:00:00-04:00,23.397334313588388,23.7001802806295,22.137101256221086,22.42041015625,128300,0.0,0.0
2020-07-06 00:00:00-04:00,23.114024931989327,23.39733382611563,22.264101976280262,22.56694793701172,70900,0.0,0.0
2020-07-07 00:00:00-04:00,22.234794816923326,22.234794816923326,21.502101673470236,21.570486068725586,49300,0.0,0.0
2020-07-08 00:00:00-04:00,21.482561853363034,21.70725396085576,20.64240648737378,21.24810028076172,114100,0.0,0.0
2020-07-09 00:00:00-04:00,20.9647906117116,21.023407400207713,20.046483285291014,20.271175384521484,141400,0.0,0.0
2020-07-10 00:00:00-04:00,20.290716424084742,21.463024365894064,20.22233202706275,21.39463996887207,133600,0.0,0.0
2020-07-13 00:00:00-04:00,21.80494687394658,22.23479402452066,21.07225375660518,21.814716339111328,107800,0.0,0.0
2020-07-14 00:00:00-04:00,21.912410421073194,21.912410421073194,21.07225500065403,21.4141788482666,116600,0.0,0.0
2020-07-15 00:00:00-04:00,22.156640476556067,23.143334111981957,21.795177713742632,22.91864013671875,99500,0.0,0.0
2020-07-16 00:00:00-04:00,22.674409538567335,23.123795634565973,22.420410889091823,22.781871795654297,100000,0.0,0.0
2020-07-17 00:00:00-04:00,22.635333664086954,22.781871920614297,22.098026102375023,22.14687156677246,89100,0.0,0.0
2020-07-20 00:00:00-04:00,21.97102359592031,22.146870238540945,21.228561028930365,21.355562210083008,60200,0.0,0.0
2020-07-21 00:00:00-04:00,21.648639110483156,22.449716618885255,21.453253534286812,22.430177688598633,101300,0.0,0.0
2020-07-22 00:00:00-04:00,22.3324868389168,22.44971669436077,21.619330787736992,21.804946899414062,73000,0.0,0.0
2020-07-23 00:00:00-04:00,21.775639632584763,22.049177194949106,21.638868988067696,22.03940773010254,199000,0.0,0.0
2020-07-24 00:00:00-04:00,22.557178967653083,23.201948763162598,22.352023925444627,22.410640716552734,173100,0.0,0.0
2020-07-27 00:00:00-04:00,22.254334559213483,22.54741108194459,21.2187935371154,21.326255798339844,120100,0.0,0.0
2020-07-28 00:00:00-04:00,21.32625648660889,21.707256351122474,21.062486489637113,21.121103286743164,154600,0.0,0.0
2020-07-29 00:00:00-04:00,21.121102469262148,21.121102469262148,20.515408632622062,20.779178619384766,677700,0.0,0.0
2020-07-30 00:00:00-04:00,20.466561362876703,20.90617610539577,19.73386826201002,20.749868392944336,758300,0.0,0.0
2020-07-31 00:00:00-04:00,20.398174971945448,20.78894611379752,19.88040637666078,20.183252334594727,154200,0.0,0.0
2020-08-03 00:00:00-04:00,20.261407930237276,20.583792845615463,19.958561946296566,20.232099533081055,149000,0.0,0.0
2020-08-04 00:00:00-04:00,20.173485391948617,20.29071712182837,19.704562199099872,19.987869262695312,119100,0.0,0.0
2020-08-05 00:00:00-04:00,20.271175284505944,20.818252264426317,20.085559181853814,20.310253143310547,157500,0.0,0.0
2020-08-06 00:00:00-04:00,20.271175284505944,20.593560166304453,20.134406505359568,20.310253143310547,76800,0.0,0.0
2020-08-07 00:00:00-04:00,20.144176552698823,21.336023330688477,19.978099374645478,21.336023330688477,147500,0.0,0.0
2020-08-10 00:00:00-04:00,21.580254693343733,22.60602430887398,21.492331370488575,22.4399471282959,209400,0.0,0.0
2020-08-11 00:00:00-04:00,22.87956422446939,23.426641240052597,21.423947429136856,22.29340934753418,214700,0.0,0.0
2020-08-12 00:00:00-04:00,22.752563627694528,22.889332408098088,21.844023898819717,22.088254928588867,112100,0.0,0.0
2020-08-13 00:00:00-04:00,21.883099997662775,21.961253853023415,21.39463793582506,21.443485260009766,91500,0.0,0.0
2020-08-14 00:00:00-04:00,21.36533288295953,21.75610218680084,21.218792763600895,21.570486068725586,69000,0.0,0.0
2020-08-17 00:00:00-04:00,21.453255207058906,21.482563604774104,20.945256023341162,21.296947479248047,94900,0.0,0.0
2020-08-18 00:00:00-04:00,21.316485883853506,21.44348707414324,20.57402326344715,20.87687110900879,154800,0.0,0.0
2020-08-19 00:00:00-04:00,20.96479456972029,21.296948980567223,20.720563494881972,20.847564697265625,96400,0.0,0.0
2020-08-20 00:00:00-04:00,20.46656428503748,20.93548748934337,20.25163975222923,20.427486419677734,75200,0.0,0.0
2020-08-21 00:00:00-04:00,20.261407139214974,20.876870412121985,19.636176264305618,19.89017677307129,203500,0.0,0.0
2020-08-24 00:00:00-04:00,20.18325234697069,20.886637048732904,19.72409867734833,20.798715591430664,98800,0.0,0.0
2020-08-25 00:00:00-04:00,21.091791495957903,21.150406420301657,20.603329445311974,20.974559783935547,73300,0.0,0.0
2020-08-26 00:00:00-04:00,20.876869434380747,21.062483677092093,20.173482869714935,20.183252334594727,93300,0.0,0.0
2020-08-27 00:00:00-04:00,20.20279005913082,20.72055862352734,20.20279005913082,20.574020385742188,105400,0.0,0.0
2020-08-28 00:00:00-04:00,20.867099020192864,20.867099020192864,20.251635804109583,20.476327896118164,99500,0.0,0.0
2020-08-31 00:00:00-04:00,20.310254186559014,20.574022293699226,19.948791427389153,19.978099822998047,94100,0.0,0.0
2020-09-01 00:00:00-04:00,19.821791936635613,20.144176832232205,19.606867430681255,20.026945114135742,92600,0.0,0.0
2020-09-02 00:00:00-04:00,19.958563493853255,20.476332173748062,19.851101225949712,20.339563369750977,85500,0.0,0.0
2020-09-03 00:00:00-04:00,20.36886775556987,21.189484144523394,20.36886775556987,20.398174285888672,138400,0.0,0.0
2020-09-04 00:00:00-04:00,20.945253472264003,21.218791030949298,20.456791416514697,20.90617561340332,139800,0.0,0.0
2020-09-08 00:00:00-04:00,20.769409200558993,20.79871759804395,20.026946567622534,20.163715362548828,173400,0.0,0.0
2020-09-09 00:00:00-04:00,20.359099249970267,20.398175246680836,19.997636497889165,20.09532928466797,192700,0.0,0.0
2020-09-10 00:00:00-04:00,20.173483588613177,20.427484094534574,19.83155975897533,19.958560943603516,181000,0.0,0.0
2020-09-11 00:00:00-04:00,19.987869589796922,20.153946789565598,19.78271638831894,19.899948120117188,149000,0.0,0.0
2020-09-14 00:00:00-04:00,20.02694433105398,20.417713603870983,19.89994501613903,20.28094482421875,141300,0.0,0.0
2020-09-15 00:00:00-04:00,20.945256983014353,20.945256983014353,19.929254842357324,20.41771697998047,125000,0.0,0.0
2020-09-16 00:00:00-04:00,20.466563166926043,20.96479287969771,20.08556145382378,20.779178619384766,145100,0.0,0.0
2020-09-17 00:00:00-04:00,20.5251769253014,20.75963850124467,20.310254279853808,20.554485321044922,136000,0.0,0.0
2020-09-18 00:00:00-04:00,20.779176838394182,20.896406691350855,20.339560231469374,20.730329513549805,356200,0.0,0.0
2020-09-21 00:00:00-04:00,20.144175773103786,20.701022212280822,19.401713233089456,19.743635177612305,299600,0.0,0.0
2020-09-22 00:00:00-04:00,19.77294520574399,20.026945716480036,19.1477143259845,19.831560134887695,374200,0.0,0.0
2020-09-23 00:00:00-04:00,19.870637375275187,20.290715058230294,19.333329837697924,19.42125129699707,231900,0.0,0.0
2020-09-24 00:00:00-04:00,19.694790947273248,20.3786386056746,19.352867118072574,19.96833038330078,149700,0.0,0.0
2020-09-25 00:00:00-04:00,19.714331987826277,20.19302465461007,19.714331987826277,19.899948120117188,181400,0.0,0.0
2020-09-28 00:00:00-04:00,20.251636670485905,21.03317708873523,20.251636670485905,20.808483123779297,195100,0.0,0.0
2020-09-29 00:00:00-04:00,20.798631695537427,20.798631695537427,20.010430431800096,20.650842666625977,142500,0.18,0.0
2020-09-30 00:00:00-04:00,20.719811785214787,21.09420602356702,20.453793787871703,20.621286392211914,132100,0.0,0.0
2020-10-01 00:00:00-04:00,20.52276219950096,20.828189244379022,20.286302369993845,20.788780212402344,115100,0.0,0.0
2020-10-02 00:00:00-04:00,20.138514966325793,21.49815943924589,20.138514966325793,21.439044952392578,117600,0.0,0.0
2020-10-05 00:00:00-04:00,21.636093712459132,22.020342572276963,21.3503721287132,21.823291778564453,121900,0.0,0.0
2020-10-06 00:00:00-04:00,22.15827632580867,22.76913226434939,21.468602327241083,21.902111053466797,103200,0.0,0.0
2020-10-07 00:00:00-04:00,22.04004840539446,22.601640734123958,22.000637494289958,22.512968063354492,178700,0.0,0.0
2020-10-08 00:00:00-04:00,22.76913388872521,22.995740995311728,22.424295925232492,22.72972297668457,113000,0.0,0.0
2020-10-09 00:00:00-04:00,22.680460037587864,23.015445255667764,22.27650760623544,22.473556518554688,70700,0.0,0.0
2020-10-12 00:00:00-04:00,22.46370364293377,22.956328739307015,21.793735090407264,22.887361526489258,85700,0.0,0.0
2020-10-13 00:00:00-04:00,22.463705879922518,22.680462146609834,22.069606139421662,22.11886978149414,113900,0.0,0.0
2020-10-14 00:00:00-04:00,21.842996655211824,22.631196050753125,21.665651321411133,21.665651321411133,57600,0.0,0.0
2020-10-15 00:00:00-04:00,21.448899175341072,22.44400218961925,21.448899175341072,22.355329513549805,104500,0.0,0.0
2020-10-16 00:00:00-04:00,22.286360963702567,22.621344312035827,21.94152300837682,22.483409881591797,77900,0.0,0.0
2020-10-19 00:00:00-04:00,22.680460743791038,22.83810063024113,22.24695011644545,22.335622787475586,108500,0.0,0.0
2020-10-20 00:00:00-04:00,22.66075327631187,22.976033021220857,22.434146194560476,22.601638793945312,115400,0.0,0.0
2020-10-21 00:00:00-04:00,22.710017935807556,23.37013569082959,22.710017935807556,23.2716121673584,167400,0.0,0.0
2020-10-22 00:00:00-04:00,23.360281352876754,24.32582797761383,23.28146141200185,24.138629913330078,177100,0.0,0.0
2020-10-23 00:00:00-04:00,24.434204931679584,24.513024874844398,23.586891012461784,23.97113800048828,99900,0.0,0.0
2020-10-26 00:00:00-04:00,23.764236451946648,23.862759971895375,23.015446049199067,23.734678268432617,119000,0.0,0.0
2020-10-27 00:00:00-04:00,23.990842630769876,24.197744269753965,22.71001624938405,22.769132614135742,110400,0.0,0.0
2020-10-28 00:00:00-04:00,22.493261173897928,23.143526131943684,22.15827596772702,22.995738983154297,217000,0.0,0.0
2020-10-29 00:00:00-04:00,23.104118161785813,23.734677694443793,21.951375341635675,23.577037811279297,145200,0.0,0.0
2020-10-30 00:00:00-04:00,23.429251222317056,24.000696282411827,23.370134855288995,23.734678268432617,112700,0.0,0.0
2020-11-02 00:00:00-05:00,24.13863048646375,24.394795770193326,23.793792532242563,24.266712188720703,153600,0.0,0.0
2020-11-03 00:00:00-05:00,24.877567262300534,25.074618051707965,24.522876593053393,24.936681747436523,185300,0.0,0.0
2020-11-04 00:00:00-05:00,24.384942813527818,24.384942813527818,23.163232772820585,23.222347259521484,113100,0.0,0.0
2020-11-05 00:00:00-05:00,23.24205302450934,24.266712284245504,23.24205302450934,24.059810638427734,113700,0.0,0.0
2020-11-06 00:00:00-05:00,27.4589234854329,29.2323730669164,26.25691705691988,26.98600196838379,1546600,0.0,0.0
2020-11-09 00:00:00-05:00,28.769307227800354,31.774319652557512,28.237271206013084,30.927003860473633,687700,0.0,0.0
2020-11-10 00:00:00-05:00,31.547713456515062,33.49850850053441,30.917152018638316,31.922109603881836,867600,0.0,0.0
2020-11-11 00:00:00-05:00,32.010782780813486,32.45414239355726,29.9417549681394,30.739809036254883,468600,0.0,0.0
2020-11-12 00:00:00-05:00,29.882638625952655,31.212726777810083,29.803818684764877,30.68069076538086,5674400,0.0,0.0
2020-11-13 00:00:00-05:00,30.670839173365568,31.340809637874,30.670839173365568,31.025529861450195,565800,0.0,0.0
2020-11-16 00:00:00-05:00,31.52800569643273,33.02558641802502,31.52800569643273,33.01573181152344,312700,0.0,0.0
2020-11-17 00:00:00-05:00,32.168423383224415,33.45909885417142,31.744765459017387,33.370426177978516,270800,0.0,0.0
2020-11-18 00:00:00-05:00,33.72510931529923,33.72510931529923,32.57236854188224,32.867942810058594,227000,0.0,0.0
2020-11-19 00:00:00-05:00,32.71030794733487,33.124111234317134,32.21768283896667,33.064998626708984,165500,0.0,0.0
2020-11-20 00:00:00-05:00,32.66104644884028,33.00588252407751,31.98122138847069,32.29650115966797,232300,0.0,0.0
2020-11-23 00:00:00-05:00,32.769421919331755,33.08470545957137,32.35561861512036,32.818687438964844,156100,0.0,0.0
2020-11-24 00:00:00-05:00,33.44924155357975,34.26699717991947,32.818682092683865,33.803932189941406,254500,0.0,0.0
2020-11-25 00:00:00-05:00,32.91720843934147,33.4886553491057,31.931958257070335,32.749717712402344,196200,0.0,0.0
2020-11-27 00:00:00-05:00,32.463998156257574,33.262048494342444,31.872845720842218,32.48370361328125,82000,0.0,0.0
2020-11-30 00:00:00-05:00,32.0994533701851,32.30635501048478,30.739807039700644,30.917150497436523,212900,0.0,0.0
2020-12-01 00:00:00-05:00,31.705353629780536,32.01078256305275,30.62157796922587,31.21272850036621,315300,0.0,0.0
2020-12-02 00:00:00-05:00,31.222577814035255,32.15856433003582,31.222577814035255,31.991073608398438,219100,0.0,0.0
2020-12-03 00:00:00-05:00,32.34576408191064,32.79897824683258,31.695495377764754,32.55266571044922,373800,0.0,0.0
2020-12-04 00:00:00-05:00,33.025586446046034,33.212782626992215,32.66104493223246,33.045291900634766,163900,0.0,0.0
2020-12-07 00:00:00-05:00,32.66104372658701,33.271897762563974,32.23738586464609,32.90735626220703,202400,0.0,0.0
2020-12-08 00:00:00-05:00,32.43443903164464,33.27190406648309,32.37532641729182,33.1536750793457,188500,0.0,0.0
2020-12-09 00:00:00-05:00,33.597029424268385,33.872902028674275,33.07484803483587,33.518211364746094,242900,0.0,0.0
2020-12-10 00:00:00-05:00,33.143819025021784,33.55762609959276,32.71031025214742,33.45909881591797,86100,0.0,0.0
2020-12-11 00:00:00-05:00,33.05514536529173,33.508359581414524,32.70045467148034,32.848243713378906,127500,0.0,0.0
2020-12-14 00:00:00-05:00,33.49850484432267,33.49850484432267,32.66104372658701,32.90735626220703,122300,0.0,0.0
2020-12-15 00:00:00-05:00,33.33101778017438,33.66599925726741,32.9073598717631,33.380279541015625,136600,0.0,0.0
2020-12-16 00:00:00-05:00,33.606886682908815,33.606886682908815,32.02063317650815,33.29160690307617,106600,0.0,0.0
2020-12-17 00:00:00-05:00,33.321163247783254,33.53791950608926,32.92706164330532,33.14381790161133,110800,0.0,0.0
2020-12-18 00:00:00-05:00,33.22263860799808,33.56747468148958,32.52310809566611,32.798980712890625,570000,0.0,0.0
2020-12-21 00:00:00-05:00,32.858093421019845,32.92706063592877,32.06989399460974,32.473846435546875,122300,0.0,0.0
2020-12-22 00:00:00-05:00,32.532965536413755,32.532965536413755,31.81373326445937,32.12901306152344,125100,0.0,0.0
2020-12-23 00:00:00-05:00,32.247241663199446,33.084706667940026,32.22753620631279,32.95662307739258,74200,0.0,0.0
2020-12-24 00:00:00-05:00,33.22263720531396,33.22263720531396,32.473844965302234,33.01573181152344,48300,0.0,0.0
2020-12-28 00:00:00-05:00,33.05514377612468,33.71526337085569,32.84824213415891,33.59703063964844,147800,0.0,0.0
2020-12-29 00:00:00-05:00,33.58717886396034,33.58717886396034,32.473845105633224,32.749717712402344,122900,0.0,0.0
2020-12-30 00:00:00-05:00,32.98746149177274,33.42333428230485,32.710090646084566,33.284645080566406,82400,0.18,0.0
2020-12-31 00:00:00-05:00,33.43324215309034,33.819581235569565,33.12615027217096,33.51249313354492,135100,0.0,0.0
2021-01-04 00:00:00-05:00,33.829488579297,33.879018551289285,32.165255823872634,32.819061279296875,248900,0.0,0.0
2021-01-05 00:00:00-05:00,32.96765020431856,33.36389752613556,32.64074937587988,33.22521209716797,129700,0.0,0.0
2021-01-06 00:00:00-05:00,34.453569587247515,36.15742766164517,34.07713881458768,35.939491271972656,347800,0.0,0.0
2021-01-07 00:00:00-05:00,36.355553192771886,36.53386410649104,35.74137325601395,36.177242279052734,102900,0.0,0.0
2021-01-08 00:00:00-05:00,36.395178989223105,36.395178989223105,33.34408446534697,35.850337982177734,224000,0.0,0.0
2021-01-11 00:00:00-05:00,35.41446969428743,36.40508423119058,34.770568733742564,36.395179748535156,89400,0.0,0.0
2021-01-12 00:00:00-05:00,36.65273836517315,37.207483873804854,36.206961061709684,36.79142379760742,115900,0.0,0.0
2021-01-13 00:00:00-05:00,36.801331128317855,36.969733783758016,35.691840139121574,36.097991943359375,123900,0.0,0.0
2021-01-14 00:00:00-05:00,36.49424086224992,37.247106271752095,35.7116544460382,36.71217727661133,86800,0.0,0.0
2021-01-15 00:00:00-05:00,36.46452369721491,36.68245633305684,35.73146725239743,36.18714904785156,87300,0.0,0.0
2021-01-19 00:00:00-05:00,36.72208229270856,36.72208229270856,36.028651328768994,36.53386688232422,89800,0.0,0.0
2021-01-20 00:00:00-05:00,36.30602446261348,36.83104896043568,35.939494361403085,36.54376983642578,115400,0.0,0.0
2021-01-21 00:00:00-05:00,36.50414282488186,36.613111024539116,35.315408447624876,35.404563903808594,113400,0.0,0.0
2021-01-22 00:00:00-05:00,34.8498194518408,36.375366734280746,34.47338487252176,36.19705581665039,102600,0.0,0.0
2021-01-25 00:00:00-05:00,35.72156166423544,36.206960672538074,34.958788015151015,35.919681549072266,85900,0.0,0.0
2021-01-26 00:00:00-05:00,36.276304945881805,36.355555926335605,35.09747495334216,35.33522033691406,57700,0.0,0.0
2021-01-27 00:00:00-05:00,34.22573071793396,34.66160352277762,33.690797973204646,34.07714080810547,124400,0.0,0.0
2021-01-28 00:00:00-05:00,35.23615721974118,35.23615721974118,34.22572998324057,34.68141174316406,130200,0.0,0.0
2021-01-29 00:00:00-05:00,34.5427289389695,34.8498208155485,33.47286717021714,33.740333557128906,180700,0.0,0.0
2021-02-01 00:00:00-05:00,33.93845179146828,33.96817279671565,33.185586419004444,33.65117645263672,148800,0.0,0.0
2021-02-02 00:00:00-05:00,34.13657875947773,34.65169881325082,33.353992305924685,34.453575134277344,86700,0.0,0.0
2021-02-03 00:00:00-05:00,34.3545101736988,34.73094473095666,33.869107419953586,34.66160202026367,120900,0.0,0.0
2021-02-04 00:00:00-05:00,34.6616038481714,36.25649005711199,34.47338467016942,36.0484619140625,123000,0.0,0.0
2021-02-05 00:00:00-05:00,36.43480032818028,36.43480032818028,35.32531313934528,36.12771224975586,103700,0.0,0.0
2021-02-08 00:00:00-05:00,36.39518139646695,37.108421325683594,35.681937688355575,37.108421325683594,184900,0.0,0.0
2021-02-09 00:00:00-05:00,36.62302397918759,37.97026047688949,36.62302397918759,37.87119674682617,93100,0.0,0.0
2021-02-10 00:00:00-05:00,37.90090970751095,38.237718794000656,37.415510711004714,37.524478912353516,105000,0.0,0.0
2021-02-11 00:00:00-05:00,37.57400907336484,37.98016087570581,36.335740922460104,37.098514556884766,119300,0.0,0.0
2021-02-12 00:00:00-05:00,36.75179836607232,37.52448028624766,36.533865734289975,36.8409538269043,96000,0.0,0.0
2021-02-16 00:00:00-05:00,36.860767003054434,37.920724283749806,36.860767003054434,37.76222610473633,119900,0.0,0.0
2021-02-17 00:00:00-05:00,37.3758883214843,38.40612841012988,37.3758883214843,38.178287506103516,144500,0.0,0.0
2021-02-18 00:00:00-05:00,38.049505235102835,38.39621882079023,37.74241335999781,37.76222610473633,81400,0.0,0.0
2021-02-19 00:00:00-05:00,38.01978624252458,38.73302612552855,37.84147532704996,38.723121643066406,74800,0.0,0.0
2021-02-22 00:00:00-05:00,38.63396887481389,39.83261161758491,38.356597999830775,39.654300689697266,116000,0.0,0.0
2021-02-23 00:00:00-05:00,39.713737662040565,40.922288628415295,39.436366795880325,40.436885833740234,131800,0.0,0.0
2021-02-24 00:00:00-05:00,40.70435030523973,41.5463711259032,40.23876027700057,41.2987174987793,121000,0.0,0.0
2021-02-25 00:00:00-05:00,41.60581381108665,41.65534378603516,40.30810730562442,40.54585647583008,98100,0.0,0.0
2021-02-26 00:00:00-05:00,40.26848246445347,40.823224187009444,39.515613299706686,39.89204788208008,126600,0.0,0.0
2021-03-01 00:00:00-05:00,40.79350794430698,40.79350794430698,39.931674333904624,40.635009765625,87100,0.0,0.0
2021-03-02 00:00:00-05:00,40.367541138278156,40.763788452420265,38.56462303883104,40.100074768066406,89400,0.0,0.0
2021-03-03 00:00:00-05:00,40.397259565314265,42.219990462551245,40.36754233848311,40.99163055419922,167600,0.0,0.0
2021-03-04 00:00:00-05:00,41.239282895954176,42.30914459619193,40.2882900993163,40.625099182128906,169300,0.0,0.0
2021-03-05 00:00:00-05:00,41.32844135871674,42.388398653719,40.862851298313885,42.32896041870117,117900,0.0,0.0
2021-03-08 00:00:00-05:00,42.68558215414518,45.439489461220774,42.68558215414518,45.201744079589844,162700,0.0,0.0
2021-03-09 00:00:00-05:00,44.95408544700429,45.73666800182387,43.73563010941025,44.884742736816406,164900,0.0,0.0
2021-03-10 00:00:00-05:00,44.9045594969659,46.57869673097004,41.53646850553759,46.23197937011719,175400,0.0,0.0
2021-03-11 00:00:00-05:00,46.608412534203474,47.16315802728117,45.796108927954236,46.86597442626953,126300,0.0,0.0
2021-03-12 00:00:00-05:00,47.33156014865586,48.371708408811976,46.043762039527415,47.618839263916016,164100,0.0,0.0
2021-03-15 00:00:00-04:00,47.43062479680745,47.945744806334375,45.68714110627099,46.01404571533203,101800,0.0,0.0
2021-03-16 00:00:00-04:00,45.58808044741701,45.58808044741701,44.33990404196238,45.469207763671875,92300,0.0,0.0
2021-03-17 00:00:00-04:00,45.815920713632664,46.25178973407388,45.162115293523634,45.597984313964844,81300,0.0,0.0
2021-03-18 00:00:00-04:00,46.22207174610302,47.64855524493921,45.77629447181222,46.15272903442383,102700,0.0,0.0
2021-03-19 00:00:00-04:00,45.23145860698462,47.25231312466406,44.637091409499824,46.04376220703125,379500,0.0,0.0
2021-03-22 00:00:00-04:00,45.51873919237119,46.449915506188866,43.55732284269485,44.260658264160156,66500,0.0,0.0
2021-03-23 00:00:00-04:00,43.66629040520243,44.0625339508542,42.44783120483558,42.61623764038086,67600,0.0,0.0
2021-03-24 00:00:00-04:00,43.28985449155836,44.86493170083517,42.43792541524714,42.77473449707031,113800,0.0,0.0
2021-03-25 00:00:00-04:00,42.566708379961014,43.993191970125146,42.160556566025036,43.735633850097656,107500,0.0,0.0
2021-03-26 00:00:00-04:00,44.28047013829513,45.17202094577417,43.90403555972689,44.765869140625,81900,0.0,0.0
2021-03-29 00:00:00-04:00,44.022905986139804,44.67671138963564,42.61623524303138,43.081825256347656,89100,0.0,0.0
2021-03-30 00:00:00-04:00,43.6789410904152,44.385525930155346,43.6789410904152,43.897884368896484,59400,0.2,0.0
2021-03-31 00:00:00-04:00,43.52966098372869,44.684082523769106,42.803168129935614,43.29081344604492,158200,0.0,0.0
2021-04-01 00:00:00-04:00,42.992257455699146,43.559516094513235,42.62403780160206,43.53961181640625,69700,0.0,0.0
2021-04-05 00:00:00-04:00,44.32581560690478,44.475092004539015,43.32067039961036,44.007354736328125,113300,0.0,0.0
2021-04-06 00:00:00-04:00,43.91778771902616,44.246198833445014,43.23110337699508,43.49980545043945,61600,0.0,0.0
2021-04-07 00:00:00-04:00,43.38038428707636,43.788412524656536,42.47476045262509,42.81312561035156,95600,0.0,0.0
2021-04-08 00:00:00-04:00,42.703653731902484,42.88278844947874,41.82788442334669,42.71360397338867,84100,0.0,0.0
2021-04-09 00:00:00-04:00,42.96239992492414,43.37043193903939,42.71360213857266,43.231101989746094,56200,0.0,0.0
2021-04-12 00:00:00-04:00,43.30076599121094,43.48985474254327,43.00220940048196,43.30076599121094,63400,0.0,0.0
2021-04-13 00:00:00-04:00,42.93254549008564,43.00220856669324,41.8776453035403,41.96720886230469,94400,0.0,0.0
2021-04-14 00:00:00-04:00,41.79802764770972,43.09177536324921,41.61889293979702,42.703651428222656,69000,0.0,0.0
2021-04-15 00:00:00-04:00,42.673797022489744,42.78326865498891,41.79802775884933,42.75341033935547,47000,0.0,0.0
2021-04-16 00:00:00-04:00,43.241057775659954,43.251008017121066,42.07668211434862,42.99225997924805,56400,0.0,0.0
2021-04-19 00:00:00-04:00,42.77331705066388,43.36048000681473,42.05677817635012,42.484710693359375,76000,0.0,0.0
2021-04-20 00:00:00-04:00,42.12644474579192,42.54442322186249,40.89240600416593,41.02178192138672,80400,0.0,0.0
2021-04-21 00:00:00-04:00,40.67346203408021,42.10653974781185,39.13091648064121,41.70846176147461,86300,0.0,0.0
2021-04-22 00:00:00-04:00,42.1961081850592,42.37524290386116,40.842647552490234,40.842647552490234,63000,0.0,0.0
2021-04-23 00:00:00-04:00,40.64360696324556,43.141535094431845,40.64360696324556,42.7733154296875,76000,0.0,0.0
2021-04-26 00:00:00-04:00,42.98230431819296,43.768506236288154,42.63398893491178,42.952449798583984,64600,0.0,0.0
2021-04-27 00:00:00-04:00,42.84298035240402,43.50976042975555,42.494664951338166,42.91264343261719,119500,0.0,0.0
2021-04-28 00:00:00-04:00,42.61408441399658,43.70879315209892,42.03687552550625,42.52451705932617,95800,0.0,0.0
2021-04-29 00:00:00-04:00,42.902692044598105,43.78841158051476,42.43495097879145,42.74346160888672,65200,0.0,0.0
2021-04-30 00:00:00-04:00,42.32547807217138,43.41023656926026,42.106538602359585,42.19610595703125,68500,0.0,0.0
2021-05-03 00:00:00-04:00,42.88278615828018,43.76850566099876,42.4946622230532,43.360477447509766,147600,0.0,0.0
2021-05-04 00:00:00-04:00,43.340573864409556,43.78841064160566,42.584230260086215,43.659034729003906,67200,0.0,0.0
2021-05-05 00:00:00-04:00,43.60927594552958,44.16658435693534,43.19129748423998,43.987449645996094,52200,0.0,0.0
2021-05-06 00:00:00-04:00,43.997400359035666,44.89307392333902,43.489854536832446,44.84331512451172,73500,0.0,0.0
2021-05-07 00:00:00-04:00,44.29595558988836,45.29114672132587,44.007353046999675,45.23143768310547,62900,0.0,0.0
2021-05-10 00:00:00-04:00,45.07220790214157,45.64941679257303,43.83816921101629,43.8879280090332,124800,0.0,0.0
2021-05-11 00:00:00-04:00,43.46995140765953,44.077018639925164,43.221153610590214,43.37043380737305,46200,0.0,0.0
2021-05-12 00:00:00-04:00,43.54956332175795,44.146680293246426,42.29562413543221,42.44490432739258,58500,0.0,0.0
2021-05-13 00:00:00-04:00,42.44490346601425,44.77365087594779,41.847786506643686,44.34571838378906,97200,0.0,0.0
2021-05-14 00:00:00-04:00,44.73384405747588,44.94283329301684,44.28600726963592,44.76369857788086,50500,0.0,0.0
2021-05-17 00:00:00-04:00,44.534806089442434,45.47028444843298,44.16658640933542,45.2115364074707,32200,0.0,0.0
2021-05-18 00:00:00-04:00,45.00254353070711,45.37076318106032,43.95758982065563,43.997398376464844,53800,0.0,0.0
2021-05-19 00:00:00-04:00,43.53961286864798,44.1964388766409,42.723556428303844,43.987449645996094,78400,0.0,0.0
2021-05-20 00:00:00-04:00,43.858073036973906,44.276055287979766,43.35052722827348,44.017303466796875,76300,0.0,0.0
2021-05-21 00:00:00-04:00,44.49499593307259,45.32100641961824,44.01730463096966,45.17172622680664,79000,0.0,0.0
2021-05-24 00:00:00-04:00,45.291146187224655,45.291146187224655,43.92773541621226,44.047157287597656,66000,0.0,0.0
2021-05-25 00:00:00-04:00,44.325816447986284,44.64427732460573,42.315529791605314,42.38519287109375,117700,0.0,0.0
2021-05-26 00:00:00-04:00,42.63399111089007,43.40028878957238,41.21086739281624,43.241058349609375,61600,0.0,0.0
2021-05-27 00:00:00-04:00,43.76850556981152,44.4750903630528,43.738651050657154,43.96754455566406,83800,0.0,0.0
2021-05-28 00:00:00-04:00,44.21634430704612,44.35567046443871,43.07187293471605,44.15663146972656,53800,0.0,0.0
2021-06-01 00:00:00-04:00,44.39547913267015,45.44042911205715,43.55951838988993,45.19163131713867,119200,0.0,0.0
2021-06-02 00:00:00-04:00,43.47989872267751,43.47989872267751,42.40509428578274,42.783267974853516,341000,0.0,0.0
2021-06-03 00:00:00-04:00,42.97235303592304,43.01216159200578,42.61408362388414,42.83302688598633,481300,0.0,0.0
2021-06-04 00:00:00-04:00,42.54442329365171,42.922597008129706,42.405097134726425,42.71360397338867,225800,0.0,0.0
2021-06-07 00:00:00-04:00,42.79322017415008,42.89273777229294,42.15629843478852,42.315528869628906,209200,0.0,0.0
2021-06-08 00:00:00-04:00,42.33543101183654,42.42499836418581,41.260622783645275,41.41985321044922,186700,0.0,0.0
2021-06-09 00:00:00-04:00,41.45966527462312,42.09658703573627,40.464474073795536,40.61375427246094,185800,0.0,0.0
2021-06-10 00:00:00-04:00,41.09144522414863,41.7781257798637,40.743126029176224,41.44971466064453,270200,0.0,0.0
2021-06-11 00:00:00-04:00,41.80798039530459,42.544423549361426,41.6587039939959,42.15629959106445,184800,0.0,0.0
2021-06-14 00:00:00-04:00,42.02692076504944,42.32547734336313,41.15115151182346,41.56913375854492,187600,0.0,0.0
2021-06-15 00:00:00-04:00,41.87764426490757,42.21600560212232,41.20091399777236,41.84778594970703,123600,0.0,0.0
2021-06-16 00:00:00-04:00,42.594181630913496,44.15663147563023,41.857742285639056,43.49980545043945,290000,0.0,0.0
2021-06-17 00:00:00-04:00,43.67893745342588,43.76850480567816,42.27571813237528,42.683746337890625,336200,0.0,0.0
2021-06-18 00:00:00-04:00,41.80797725401936,42.33543112880137,39.87730784914332,41.46961212158203,464500,0.0,0.0
2021-06-21 00:00:00-04:00,41.90750165117231,43.58937339690379,41.77812573339201,43.09177780151367,235000,0.0,0.0
2021-06-22 00:00:00-04:00,43.022111947426914,43.04201622552129,42.12644221129715,42.88278579711914,162100,0.0,0.0
2021-06-23 00:00:00-04:00,43.121634040440874,43.41023658662911,42.77331486264372,42.85293197631836,247900,0.0,0.0
2021-06-24 00:00:00-04:00,42.8827864950443,43.25100615490095,42.076680302690406,43.18134307861328,113600,0.0,0.0
2021-06-25 00:00:00-04:00,43.96754687053319,44.057114229064865,43.151490402290406,43.32067108154297,432500,0.0,0.0
2021-06-28 00:00:00-04:00,43.21119718965322,43.21119718965322,41.2805277575588,41.38999938964844,170800,0.0,0.0
2021-06-29 00:00:00-04:00,41.880001068115234,42.0,40.75,40.7599983215332,103200,0.2,0.0
2021-06-30 00:00:00-04:00,40.45000076293945,40.939998626708984,40.0,40.90999984741211,471100,0.0,0.0
2021-07-01 00:00:00-04:00,40.869998931884766,41.45000076293945,40.720001220703125,41.150001525878906,95700,0.0,0.0
2021-07-02 00:00:00-04:00,41.029998779296875,41.16999816894531,40.5,40.77000045776367,101100,0.0,0.0
2021-07-06 00:00:00-04:00,40.59000015258789,40.59000015258789,39.189998626708984,39.54999923706055,112000,0.0,0.0
2021-07-07 00:00:00-04:00,39.45000076293945,39.709999084472656,38.869998931884766,39.0099983215332,137700,0.0,0.0
2021-07-08 00:00:00-04:00,38.33000183105469,39.08000183105469,37.650001525878906,37.90999984741211,191100,0.0,0.0
2021-07-09 00:00:00-04:00,38.900001525878906,39.58000183105469,37.93000030517578,39.540000915527344,131500,0.0,0.0
2021-07-12 00:00:00-04:00,38.869998931884766,39.9900016784668,38.7599983215332,39.900001525878906,140100,0.0,0.0
2021-07-13 00:00:00-04:00,39.869998931884766,40.11000061035156,38.959999084472656,39.33000183105469,143900,0.0,0.0
2021-07-14 00:00:00-04:00,39.279998779296875,40.0,39.20000076293945,39.599998474121094,136200,0.0,0.0
2021-07-15 00:00:00-04:00,39.15999984741211,40.25,39.15999984741211,40.06999969482422,148000,0.0,0.0
2021-07-16 00:00:00-04:00,40.52000045776367,40.65999984741211,39.349998474121094,39.40999984741211,162200,0.0,0.0
2021-07-19 00:00:00-04:00,38.45000076293945,39.5,37.599998474121094,37.869998931884766,123100,0.0,0.0
2021-07-20 00:00:00-04:00,37.83000183105469,39.810001373291016,37.83000183105469,38.63999938964844,135200,0.0,0.0
2021-07-21 00:00:00-04:00,39.220001220703125,40.060001373291016,39.0099983215332,39.310001373291016,112300,0.0,0.0
2021-07-22 00:00:00-04:00,39.279998779296875,39.380001068115234,37.869998931884766,38.09000015258789,63200,0.0,0.0
2021-07-23 00:00:00-04:00,38.59000015258789,38.810001373291016,38.099998474121094,38.290000915527344,77300,0.0,0.0
2021-07-26 00:00:00-04:00,38.36000061035156,39.25,38.36000061035156,38.689998626708984,78400,0.0,0.0
2021-07-27 00:00:00-04:00,38.22999954223633,39.060001373291016,37.97999954223633,38.790000915527344,78400,0.0,0.0
2021-07-28 00:00:00-04:00,38.900001525878906,40.099998474121094,38.900001525878906,39.810001373291016,174200,0.0,0.0
2021-07-29 00:00:00-04:00,40.16999816894531,40.31999969482422,39.4900016784668,39.9900016784668,113200,0.0,0.0
2021-07-30 00:00:00-04:00,39.75,40.349998474121094,39.689998626708984,40.0,175200,0.0,0.0
2021-08-02 00:00:00-04:00,40.209999084472656,41.06999969482422,39.810001373291016,40.060001373291016,182900,0.0,0.0
2021-08-03 00:00:00-04:00,40.060001373291016,40.38999938964844,39.61000061035156,40.27000045776367,144300,0.0,0.0
2021-08-04 00:00:00-04:00,39.70000076293945,40.25,39.540000915527344,40.060001373291016,84200,0.0,0.0
2021-08-05 00:00:00-04:00,40.36000061035156,40.83000183105469,40.150001525878906,40.75,87100,0.0,0.0
2021-08-06 00:00:00-04:00,41.369998931884766,42.40999984741211,41.369998931884766,42.02000045776367,106000,0.0,0.0
2021-08-09 00:00:00-04:00,41.9900016784668,42.400001525878906,41.52000045776367,41.709999084472656,76300,0.0,0.0
2021-08-10 00:00:00-04:00,41.540000915527344,42.36000061035156,41.540000915527344,42.2599983215332,96100,0.0,0.0
2021-08-11 00:00:00-04:00,42.47999954223633,43.11000061035156,42.2400016784668,43.040000915527344,87800,0.0,0.0
2021-08-12 00:00:00-04:00,43.2400016784668,43.2400016784668,42.540000915527344,42.81999969482422,62700,0.0,0.0
2021-08-13 00:00:00-04:00,42.86000061035156,42.86000061035156,42.349998474121094,42.369998931884766,42900,0.0,0.0
2021-08-16 00:00:00-04:00,42.15999984741211,42.619998931884766,41.529998779296875,42.279998779296875,93800,0.0,0.0
2021-08-17 00:00:00-04:00,42.06999969482422,42.18000030517578,41.11000061035156,41.630001068115234,61800,0.0,0.0
2021-08-18 00:00:00-04:00,41.4900016784668,42.279998779296875,41.349998474121094,41.400001525878906,97800,0.0,0.0
2021-08-19 00:00:00-04:00,40.88999938964844,41.29999923706055,40.33000183105469,40.79999923706055,87900,0.0,0.0
2021-08-20 00:00:00-04:00,40.619998931884766,41.95000076293945,40.5099983215332,41.880001068115234,74100,0.0,0.0
2021-08-23 00:00:00-04:00,41.70000076293945,42.439998626708984,41.290000915527344,41.650001525878906,85500,0.0,0.0
2021-08-24 00:00:00-04:00,41.810001373291016,42.060001373291016,41.40999984741211,41.65999984741211,76400,0.0,0.0
2021-08-25 00:00:00-04:00,41.7400016784668,42.41999816894531,41.470001220703125,41.560001373291016,89400,0.0,0.0
2021-08-26 00:00:00-04:00,41.63999938964844,41.720001220703125,40.83000183105469,40.880001068115234,67800,0.0,0.0
2021-08-27 00:00:00-04:00,41.04999923706055,42.43000030517578,41.04999923706055,42.33000183105469,84400,0.0,0.0
2021-08-30 00:00:00-04:00,42.47999954223633,42.47999954223633,41.06999969482422,41.150001525878906,56100,0.0,0.0
2021-08-31 00:00:00-04:00,41.400001525878906,42.029998779296875,41.119998931884766,41.7599983215332,79400,0.0,0.0
2021-09-01 00:00:00-04:00,41.869998931884766,41.869998931884766,41.290000915527344,41.72999954223633,92000,0.0,0.0
2021-09-02 00:00:00-04:00,41.65999984741211,42.09000015258789,41.540000915527344,41.83000183105469,65400,0.0,0.0
2021-09-03 00:00:00-04:00,41.93000030517578,42.20000076293945,41.25,41.54999923706055,55500,0.0,0.0
2021-09-07 00:00:00-04:00,41.689998626708984,41.869998931884766,40.90999984741211,40.970001220703125,53900,0.0,0.0
2021-09-08 00:00:00-04:00,40.81999969482422,40.90999984741211,39.97999954223633,40.40999984741211,63100,0.0,0.0
2021-09-09 00:00:00-04:00,40.439998626708984,40.849998474121094,40.2599983215332,40.38999938964844,70300,0.0,0.0
2021-09-10 00:00:00-04:00,40.63999938964844,40.790000915527344,39.939998626708984,40.0,95800,0.0,0.0
2021-09-13 00:00:00-04:00,40.209999084472656,40.59000015258789,39.77000045776367,40.38999938964844,78900,0.0,0.0
2021-09-14 00:00:00-04:00,40.599998474121094,40.599998474121094,38.7599983215332,38.900001525878906,87000,0.0,0.0
2021-09-15 00:00:00-04:00,38.95000076293945,39.75,38.72999954223633,39.61000061035156,133100,0.0,0.0
2021-09-16 00:00:00-04:00,39.790000915527344,39.939998626708984,39.08000183105469,39.4900016784668,76900,0.0,0.0
2021-09-17 00:00:00-04:00,39.68000030517578,41.15999984741211,39.15999984741211,41.04999923706055,504200,0.0,0.0
2021-09-20 00:00:00-04:00,39.869998931884766,39.869998931884766,38.61000061035156,39.439998626708984,139200,0.0,0.0
2021-09-21 00:00:00-04:00,39.880001068115234,39.95000076293945,39.310001373291016,39.349998474121094,103300,0.0,0.0
2021-09-22 00:00:00-04:00,39.630001068115234,40.7599983215332,39.61000061035156,40.2400016784668,92700,0.0,0.0
2021-09-23 00:00:00-04:00,40.59000015258789,41.93000030517578,40.59000015258789,41.56999969482422,146700,0.0,0.0
2021-09-24 00:00:00-04:00,41.369998931884766,42.59000015258789,41.369998931884766,42.29999923706055,136200,0.0,0.0
2021-09-27 00:00:00-04:00,42.7400016784668,44.16999816894531,42.65999984741211,43.75,106400,0.0,0.0
2021-09-28 00:00:00-04:00,44.02000045776367,44.040000915527344,42.720001220703125,42.869998931884766,99700,0.0,0.0
2021-09-29 00:00:00-04:00,42.75,43.439998626708984,42.470001220703125,43.349998474121094,81500,0.0,0.0
2021-09-30 00:00:00-04:00,43.560001373291016,43.72999954223633,42.83000183105469,43.0099983215332,69400,0.0,0.0
2021-10-01 00:00:00-04:00,43.060001373291016,44.5,42.97999954223633,43.83000183105469,145200,0.0,0.0
2021-10-04 00:00:00-04:00,43.849998474121094,44.220001220703125,43.209999084472656,43.86000061035156,77000,0.0,0.0
2021-10-05 00:00:00-04:00,42.02000045776367,44.2599983215332,42.02000045776367,43.939998626708984,108700,0.0,0.0
2021-10-06 00:00:00-04:00,43.72999954223633,45.279998779296875,43.02000045776367,45.209999084472656,293200,0.0,0.0
2021-10-07 00:00:00-04:00,45.709999084472656,46.95000076293945,45.650001525878906,46.86000061035156,279800,0.0,0.0
2021-10-08 00:00:00-04:00,46.56999969482422,47.939998626708984,46.41999816894531,47.849998474121094,212000,0.0,0.0
2021-10-11 00:00:00-04:00,48.459999084472656,49.97999954223633,47.97999954223633,49.75,593800,0.0,0.0
2021-10-12 00:00:00-04:00,48.540000915527344,50.349998474121094,47.68000030517578,49.95000076293945,613400,0.0,0.0
2021-10-13 00:00:00-04:00,50.0,50.0,47.810001373291016,48.27000045776367,268600,0.0,0.0
2021-10-14 00:00:00-04:00,48.83000183105469,48.83000183105469,47.209999084472656,47.5099983215332,294200,0.0,0.0
2021-10-15 00:00:00-04:00,48.43000030517578,48.43000030517578,45.810001373291016,45.880001068115234,2777100,0.0,0.0
2021-10-18 00:00:00-04:00,46.029998779296875,47.70000076293945,45.900001525878906,46.81999969482422,345300,0.0,0.0
2021-10-19 00:00:00-04:00,47.189998626708984,47.189998626708984,46.209999084472656,46.849998474121094,214600,0.0,0.0
2021-10-20 00:00:00-04:00,46.7400016784668,47.45000076293945,46.34000015258789,47.369998931884766,213200,0.0,0.0
2021-10-21 00:00:00-04:00,47.349998474121094,47.689998626708984,46.959999084472656,47.400001525878906,330600,0.0,0.0
2021-10-22 00:00:00-04:00,47.279998779296875,47.68000030517578,46.939998626708984,47.59000015258789,178500,0.0,0.0
2021-10-25 00:00:00-04:00,47.939998626708984,47.939998626708984,47.08000183105469,47.70000076293945,274100,0.0,0.0
2021-10-26 00:00:00-04:00,47.459999084472656,48.130001068115234,47.02000045776367,48.02000045776367,534300,0.0,0.0
2021-10-27 00:00:00-04:00,49.83000183105469,49.83000183105469,46.63999938964844,47.02000045776367,325200,0.0,0.0
2021-10-28 00:00:00-04:00,47.540000915527344,48.54999923706055,47.02000045776367,48.439998626708984,273400,0.0,0.0
2021-10-29 00:00:00-04:00,48.61000061035156,48.84000015258789,48.16999816894531,48.41999816894531,233600,0.0,0.0
2021-11-01 00:00:00-04:00,48.630001068115234,50.150001525878906,48.22999954223633,50.06999969482422,340700,0.0,0.0
2021-11-02 00:00:00-04:00,50.0099983215332,50.470001220703125,48.54999923706055,48.66999816894531,213900,0.0,0.0
2021-11-03 00:00:00-04:00,48.599998474121094,49.68000030517578,48.599998474121094,49.58000183105469,250700,0.0,0.0
2021-11-04 00:00:00-04:00,49.52000045776367,49.52000045776367,47.869998931884766,48.369998931884766,201700,0.0,0.0
2021-11-05 00:00:00-04:00,48.81999969482422,49.720001220703125,48.5099983215332,49.220001220703125,180800,0.0,0.0
2021-11-08 00:00:00-05:00,49.63999938964844,49.93000030517578,48.75,49.619998931884766,164900,0.0,0.0
2021-11-09 00:00:00-05:00,49.41999816894531,49.880001068115234,48.83000183105469,49.5099983215332,273200,0.0,0.0
2021-11-10 00:00:00-05:00,49.59000015258789,49.970001220703125,49.060001373291016,49.84000015258789,150500,0.0,0.0
2021-11-11 00:00:00-05:00,49.95000076293945,50.91999816894531,49.59000015258789,50.4900016784668,172600,0.0,0.0
2021-11-12 00:00:00-05:00,50.70000076293945,50.70000076293945,49.7599983215332,50.369998931884766,190700,0.0,0.0
2021-11-15 00:00:00-05:00,50.54999923706055,50.70000076293945,50.0,50.130001068115234,199200,0.0,0.0
2021-11-16 00:00:00-05:00,49.970001220703125,50.06999969482422,49.349998474121094,49.560001373291016,235300,0.0,0.0
2021-11-17 00:00:00-05:00,49.34000015258789,49.34000015258789,48.439998626708984,48.790000915527344,151100,0.0,0.0
2021-11-18 00:00:00-05:00,48.709999084472656,48.7400016784668,48.09000015258789,48.209999084472656,161000,0.0,0.0
2021-11-19 00:00:00-05:00,47.65999984741211,48.31999969482422,46.959999084472656,47.93000030517578,174300,0.0,0.0
2021-11-22 00:00:00-05:00,48.400001525878906,49.52000045776367,48.400001525878906,48.540000915527344,150500,0.0,0.0
2021-11-23 00:00:00-05:00,48.91999816894531,49.36000061035156,48.54999923706055,48.869998931884766,165500,0.0,0.0
2021-11-24 00:00:00-05:00,48.689998626708984,48.900001525878906,48.08000183105469,48.11000061035156,81200,0.0,0.0
2021-11-26 00:00:00-05:00,46.400001525878906,46.45000076293945,44.720001220703125,45.90999984741211,131500,0.0,0.0
2021-11-29 00:00:00-05:00,46.779998779296875,46.83000183105469,45.22999954223633,45.470001220703125,214600,0.0,0.0
2021-11-30 00:00:00-05:00,44.93000030517578,45.18000030517578,44.25,44.439998626708984,260000,0.0,0.0
2021-12-01 00:00:00-05:00,45.060001373291016,46.47999954223633,44.27000045776367,44.369998931884766,225800,0.0,0.0
2021-12-02 00:00:00-05:00,44.72999954223633,46.61000061035156,44.709999084472656,46.13999938964844,228500,0.0,0.0
2021-12-03 00:00:00-05:00,46.22999954223633,46.22999954223633,44.650001525878906,44.849998474121094,137000,0.0,0.0
2021-12-06 00:00:00-05:00,45.470001220703125,46.33000183105469,45.29999923706055,45.689998626708984,156700,0.0,0.0
2021-12-07 00:00:00-05:00,46.18000030517578,46.349998474121094,45.04999923706055,45.470001220703125,130700,0.0,0.0
2021-12-08 00:00:00-05:00,45.52000045776367,45.7400016784668,44.970001220703125,45.189998626708984,85900,0.0,0.0
2021-12-09 00:00:00-05:00,44.79999923706055,45.25,44.040000915527344,44.4900016784668,73500,0.0,0.0
2021-12-10 00:00:00-05:00,45.119998931884766,45.849998474121094,44.13999938964844,44.599998474121094,167300,0.0,0.0
2021-12-13 00:00:00-05:00,44.29999923706055,45.119998931884766,43.68000030517578,44.45000076293945,190600,0.0,0.0
2021-12-14 00:00:00-05:00,44.47999954223633,45.599998474121094,44.439998626708984,44.91999816894531,116500,0.0,0.0
2021-12-15 00:00:00-05:00,45.2400016784668,45.400001525878906,43.2599983215332,43.97999954223633,382600,0.0,0.0
2021-12-16 00:00:00-05:00,44.689998626708984,45.40999984741211,44.290000915527344,44.45000076293945,202800,0.0,0.0
2021-12-17 00:00:00-05:00,44.27000045776367,44.790000915527344,42.79999923706055,43.77000045776367,1333400,0.0,0.0
2021-12-20 00:00:00-05:00,43.27000045776367,43.27000045776367,41.84000015258789,43.099998474121094,316800,0.0,0.0
2021-12-21 00:00:00-05:00,43.529998779296875,44.560001373291016,43.52000045776367,43.95000076293945,164700,0.0,0.0
2021-12-22 00:00:00-05:00,43.84000015258789,44.79999923706055,43.459999084472656,44.70000076293945,97200,0.0,0.0
2021-12-23 00:00:00-05:00,45.0,45.47999954223633,44.599998474121094,45.119998931884766,60900,0.0,0.0
2021-12-27 00:00:00-05:00,45.20000076293945,45.650001525878906,44.93000030517578,45.56999969482422,84700,0.0,0.0
2021-12-28 00:00:00-05:00,45.349998474121094,46.060001373291016,44.95000076293945,45.83000183105469,66600,0.0,0.0
2021-12-29 00:00:00-05:00,45.790000915527344,46.11000061035156,45.63999938964844,45.83000183105469,60500,0.0,0.0
2021-12-30 00:00:00-05:00,45.86000061035156,46.279998779296875,45.45000076293945,45.59000015258789,137200,0.0,0.0
2021-12-31 00:00:00-05:00,45.40999984741211,45.95000076293945,45.15999984741211,45.720001220703125,100400,0.0,0.0
2022-01-03 00:00:00-05:00,46.02000045776367,47.09000015258789,45.7400016784668,46.290000915527344,166900,0.0,0.0
2022-01-04 00:00:00-05:00,47.029998779296875,47.689998626708984,46.619998931884766,47.15999984741211,262400,0.0,0.0
2022-01-05 00:00:00-05:00,47.38999938964844,47.59000015258789,46.290000915527344,46.349998474121094,112900,0.0,0.0
2022-01-06 00:00:00-05:00,46.81999969482422,48.189998626708984,46.150001525878906,48.119998931884766,134700,0.0,0.0
2022-01-07 00:00:00-05:00,48.220001220703125,48.619998931884766,47.900001525878906,48.369998931884766,148000,0.0,0.0
2022-01-10 00:00:00-05:00,48.310001373291016,48.540000915527344,47.4900016784668,48.119998931884766,128400,0.0,0.0
2022-01-11 00:00:00-05:00,48.369998931884766,48.38999938964844,47.220001220703125,47.88999938964844,77000,0.0,0.0
2022-01-12 00:00:00-05:00,47.709999084472656,48.08000183105469,47.220001220703125,47.56999969482422,146700,0.0,0.0
2022-01-13 00:00:00-05:00,47.63999938964844,48.5099983215332,47.63999938964844,47.95000076293945,81200,0.0,0.0
2022-01-14 00:00:00-05:00,47.380001068115234,48.70000076293945,47.25,48.599998474121094,70600,0.0,0.0
2022-01-18 00:00:00-05:00,48.400001525878906,48.959999084472656,47.380001068115234,47.52000045776367,108000,0.0,0.0
2022-01-19 00:00:00-05:00,47.79999923706055,47.79999923706055,46.09000015258789,46.150001525878906,120200,0.0,0.0
2022-01-20 00:00:00-05:00,46.38999938964844,46.709999084472656,44.88999938964844,45.040000915527344,105000,0.0,0.0
2022-01-21 00:00:00-05:00,44.529998779296875,46.2400016784668,43.959999084472656,44.86000061035156,185400,0.0,0.0
2022-01-24 00:00:00-05:00,44.189998626708984,46.15999984741211,44.189998626708984,45.959999084472656,146200,0.0,0.0
2022-01-25 00:00:00-05:00,45.619998931884766,46.36000061035156,44.630001068115234,45.880001068115234,104900,0.0,0.0
2022-01-26 00:00:00-05:00,45.880001068115234,46.81999969482422,44.47999954223633,45.209999084472656,151800,0.0,0.0
2022-01-27 00:00:00-05:00,46.97999954223633,47.11000061035156,43.79999923706055,44.040000915527344,172300,0.0,0.0
2022-01-28 00:00:00-05:00,43.939998626708984,44.09000015258789,41.97999954223633,43.20000076293945,134500,0.0,0.0
2022-01-31 00:00:00-05:00,42.849998474121094,43.939998626708984,42.540000915527344,43.90999984741211,278900,0.0,0.0
2022-02-01 00:00:00-05:00,43.84000015258789,44.099998474121094,42.959999084472656,43.619998931884766,131900,0.0,0.0
2022-02-02 00:00:00-05:00,43.75,43.75,42.84000015258789,43.130001068115234,205100,0.0,0.0
2022-02-03 00:00:00-05:00,43.029998779296875,44.029998779296875,42.70000076293945,42.900001525878906,173500,0.0,0.0
2022-02-04 00:00:00-05:00,43.099998474121094,43.81999969482422,42.70000076293945,43.66999816894531,135700,0.0,0.0
2022-02-07 00:00:00-05:00,43.79999923706055,44.88999938964844,43.11000061035156,44.650001525878906,230800,0.0,0.0
2022-02-08 00:00:00-05:00,45.08000183105469,46.34000015258789,45.08000183105469,46.220001220703125,147900,0.0,0.0
2022-02-09 00:00:00-05:00,46.060001373291016,46.310001373291016,44.43000030517578,44.810001373291016,156800,0.0,0.0
2022-02-10 00:00:00-05:00,44.79999923706055,45.41999816894531,44.4900016784668,44.91999816894531,203900,0.0,0.0
2022-02-11 00:00:00-05:00,44.95000076293945,45.790000915527344,44.59000015258789,45.0099983215332,179900,0.0,0.0
2022-02-14 00:00:00-05:00,45.2599983215332,45.560001373291016,44.18000030517578,44.470001220703125,142300,0.0,0.0
2022-02-15 00:00:00-05:00,44.869998931884766,45.630001068115234,43.63999938964844,45.459999084472656,132300,0.0,0.0
2022-02-16 00:00:00-05:00,45.09000015258789,45.72999954223633,45.09000015258789,45.47999954223633,166800,0.0,0.0
2022-02-17 00:00:00-05:00,45.130001068115234,45.290000915527344,44.27000045776367,44.58000183105469,157000,0.0,0.0
2022-02-18 00:00:00-05:00,44.459999084472656,45.2599983215332,44.400001525878906,44.72999954223633,117800,0.0,0.0
2022-02-22 00:00:00-05:00,44.540000915527344,45.279998779296875,44.29999923706055,44.630001068115234,164500,0.0,0.0
2022-02-23 00:00:00-05:00,44.91999816894531,45.290000915527344,43.720001220703125,43.83000183105469,147600,0.0,0.0
2022-02-24 00:00:00-05:00,42.630001068115234,43.59000015258789,41.650001525878906,43.11000061035156,199700,0.0,0.0
2022-02-25 00:00:00-05:00,43.349998474121094,45.0099983215332,43.25,44.810001373291016,105800,0.0,0.0
2022-02-28 00:00:00-05:00,44.36000061035156,45.13999938964844,43.86000061035156,44.880001068115234,165900,0.0,0.0
2022-03-01 00:00:00-05:00,44.349998474121094,44.599998474121094,42.0,42.54999923706055,232700,0.0,0.0
2022-03-02 00:00:00-05:00,43.130001068115234,44.83000183105469,43.130001068115234,44.4900016784668,108300,0.0,0.0
2022-03-03 00:00:00-05:00,44.849998474121094,44.849998474121094,43.959999084472656,44.45000076293945,88100,0.0,0.0
2022-03-04 00:00:00-05:00,43.66999816894531,43.66999816894531,42.59000015258789,43.0,108400,0.0,0.0
2022-03-07 00:00:00-05:00,42.869998931884766,43.2599983215332,41.22999954223633,41.279998779296875,155200,0.0,0.0
2022-03-08 00:00:00-05:00,41.79999923706055,43.15999984741211,41.720001220703125,42.0,185500,0.0,0.0
2022-03-09 00:00:00-05:00,43.040000915527344,43.7400016784668,42.83000183105469,43.08000183105469,123300,0.0,0.0
2022-03-10 00:00:00-05:00,42.540000915527344,43.33000183105469,42.349998474121094,43.27000045776367,88400,0.0,0.0
2022-03-11 00:00:00-05:00,43.45000076293945,43.91999816894531,42.630001068115234,43.52000045776367,111000,0.0,0.0
2022-03-14 00:00:00-04:00,43.81999969482422,44.529998779296875,43.2400016784668,43.810001373291016,124200,0.0,0.0
2022-03-15 00:00:00-04:00,43.97999954223633,44.31999969482422,43.209999084472656,43.7599983215332,107100,0.0,0.0
2022-03-16 00:00:00-04:00,44.290000915527344,44.959999084472656,44.150001525878906,44.79999923706055,162000,0.0,0.0
2022-03-17 00:00:00-04:00,44.43000030517578,44.43000030517578,43.66999816894531,43.81999969482422,86100,0.0,0.0
2022-03-18 00:00:00-04:00,43.630001068115234,44.7400016784668,42.849998474121094,44.25,423000,0.0,0.0
2022-03-21 00:00:00-04:00,44.439998626708984,44.83000183105469,43.56999969482422,43.83000183105469,143800,0.0,0.0
2022-03-22 00:00:00-04:00,44.29999923706055,44.88999938964844,43.72999954223633,44.13999938964844,146200,0.0,0.0
2022-03-23 00:00:00-04:00,43.81999969482422,43.81999969482422,42.209999084472656,42.22999954223633,101500,0.0,0.0
2022-03-24 00:00:00-04:00,42.439998626708984,42.77000045776367,41.88999938964844,42.36000061035156,208500,0.0,0.0
2022-03-25 00:00:00-04:00,42.31999969482422,43.630001068115234,42.119998931884766,43.61000061035156,139200,0.0,0.0
2022-03-28 00:00:00-04:00,43.29999923706055,43.29999923706055,42.099998474121094,42.849998474121094,203700,0.0,0.0
2022-03-29 00:00:00-04:00,43.439998626708984,44.0,42.88999938964844,43.630001068115234,231100,0.0,0.0
2022-03-30 00:00:00-04:00,43.529998779296875,43.75,41.93000030517578,42.369998931884766,176000,0.0,0.0
2022-03-31 00:00:00-04:00,42.2599983215332,42.779998779296875,41.61000061035156,41.77000045776367,279700,0.0,0.0
2022-04-01 00:00:00-04:00,42.22999954223633,42.5,41.279998779296875,41.459999084472656,226700,0.0,0.0
2022-04-04 00:00:00-04:00,41.380001068115234,41.599998474121094,40.5,40.939998626708984,154200,0.0,0.0
2022-04-05 00:00:00-04:00,41.150001525878906,41.41999816894531,40.31999969482422,40.380001068115234,194300,0.0,0.0
2022-04-06 00:00:00-04:00,40.279998779296875,40.33000183105469,39.63999938964844,40.15999984741211,375000,0.0,0.0
2022-04-07 00:00:00-04:00,40.36000061035156,40.36000061035156,39.369998931884766,39.459999084472656,269000,0.0,0.0
2022-04-08 00:00:00-04:00,39.880001068115234,40.220001220703125,38.91999816894531,38.9900016784668,246800,0.0,0.0
2022-04-11 00:00:00-04:00,39.060001373291016,39.93000030517578,39.060001373291016,39.22999954223633,182400,0.0,0.0
2022-04-12 00:00:00-04:00,39.34000015258789,39.869998931884766,38.65999984741211,38.849998474121094,142100,0.0,0.0
2022-04-13 00:00:00-04:00,38.70000076293945,39.400001525878906,38.65999984741211,39.2599983215332,203400,0.0,0.0
2022-04-14 00:00:00-04:00,39.38999938964844,39.599998474121094,38.25,38.7400016784668,465600,0.0,0.0
2022-04-18 00:00:00-04:00,38.7400016784668,39.81999969482422,38.5,38.81999969482422,194200,0.0,0.0
2022-04-19 00:00:00-04:00,39.02000045776367,40.25,39.02000045776367,40.060001373291016,154300,0.0,0.0
2022-04-20 00:00:00-04:00,40.40999984741211,41.04999923706055,40.31999969482422,40.40999984741211,122100,0.0,0.0
2022-04-21 00:00:00-04:00,40.75,40.90999984741211,39.56999969482422,39.810001373291016,124300,0.0,0.0
2022-04-22 00:00:00-04:00,39.790000915527344,39.790000915527344,38.75,38.83000183105469,117700,0.0,0.0
2022-04-25 00:00:00-04:00,38.54999923706055,38.84000015258789,37.849998474121094,38.630001068115234,185700,0.0,0.0
2022-04-26 00:00:00-04:00,38.150001525878906,38.619998931884766,37.470001220703125,37.68000030517578,165700,0.0,0.0
2022-04-27 00:00:00-04:00,37.380001068115234,37.84000015258789,37.099998474121094,37.5099983215332,179100,0.0,0.0
2022-04-28 00:00:00-04:00,38.13999938964844,39.27000045776367,38.11000061035156,38.95000076293945,146000,0.0,0.0
2022-04-29 00:00:00-04:00,38.63999938964844,39.11000061035156,37.400001525878906,37.459999084472656,157900,0.0,0.0
2022-05-02 00:00:00-04:00,37.5,38.34000015258789,36.79999923706055,37.63999938964844,250200,0.0,0.0
2022-05-03 00:00:00-04:00,37.5,37.97999954223633,37.029998779296875,37.65999984741211,181900,0.0,0.0
2022-05-04 00:00:00-04:00,37.880001068115234,38.709999084472656,37.540000915527344,38.54999923706055,167600,0.0,0.0
2022-05-05 00:00:00-04:00,38.13999938964844,38.13999938964844,37.25,37.97999954223633,180700,0.0,0.0
2022-05-06 00:00:00-04:00,38.13999938964844,38.13999938964844,37.0,37.40999984741211,146300,0.0,0.0
2022-05-09 00:00:00-04:00,36.900001525878906,37.779998779296875,36.900001525878906,37.459999084472656,161100,0.0,0.0
2022-05-10 00:00:00-04:00,37.689998626708984,38.11000061035156,36.40999984741211,36.84000015258789,142300,0.0,0.0
2022-05-11 00:00:00-04:00,37.040000915527344,37.65999984741211,36.52000045776367,36.56999969482422,91900,0.0,0.0
2022-05-12 00:00:00-04:00,36.4900016784668,36.61000061035156,35.709999084472656,36.47999954223633,109000,0.0,0.0
2022-05-13 00:00:00-04:00,36.77000045776367,36.900001525878906,36.209999084472656,36.2599983215332,90700,0.0,0.0
2022-05-16 00:00:00-04:00,36.16999816894531,36.45000076293945,35.5,36.06999969482422,161900,0.0,0.0
2022-05-17 00:00:00-04:00,36.77000045776367,37.47999954223633,36.7599983215332,37.400001525878906,103000,0.0,0.0
2022-05-18 00:00:00-04:00,36.81999969482422,38.75,36.2400016784668,36.630001068115234,205000,0.0,0.0
2022-05-19 00:00:00-04:00,36.22999954223633,36.709999084472656,36.02000045776367,36.02000045776367,199500,0.0,0.0
2022-05-20 00:00:00-04:00,36.29999923706055,36.5,35.849998474121094,36.439998626708984,131800,0.0,0.0
2022-05-23 00:00:00-04:00,37.11000061035156,37.279998779296875,36.40999984741211,36.619998931884766,131700,0.0,0.0
2022-05-24 00:00:00-04:00,36.380001068115234,36.79999923706055,35.65999984741211,36.650001525878906,104100,0.0,0.0
2022-05-25 00:00:00-04:00,36.68000030517578,37.75,36.08000183105469,36.7599983215332,89200,0.0,0.0
2022-05-26 00:00:00-04:00,37.0099983215332,37.779998779296875,36.459999084472656,37.04999923706055,69600,0.0,0.0
2022-05-27 00:00:00-04:00,37.16999816894531,37.810001373291016,36.189998626708984,37.75,75400,0.0,0.0
2022-05-31 00:00:00-04:00,37.369998931884766,37.66999816894531,37.0,37.470001220703125,108600,0.0,0.0
2022-06-01 00:00:00-04:00,37.709999084472656,37.959999084472656,36.599998474121094,37.119998931884766,70000,0.0,0.0
2022-06-02 00:00:00-04:00,37.16999816894531,37.900001525878906,36.880001068115234,37.810001373291016,59600,0.0,0.0
2022-06-03 00:00:00-04:00,37.65999984741211,37.9900016784668,36.970001220703125,37.15999984741211,97200,0.0,0.0
2022-06-06 00:00:00-04:00,37.43000030517578,37.7400016784668,37.31999969482422,37.619998931884766,98100,0.0,0.0
2022-06-07 00:00:00-04:00,37.29999923706055,38.22999954223633,37.130001068115234,38.16999816894531,247500,0.0,0.0
2022-06-08 00:00:00-04:00,38.119998931884766,38.119998931884766,37.2400016784668,37.4900016784668,151100,0.0,0.0
2022-06-09 00:00:00-04:00,37.209999084472656,37.33000183105469,36.119998931884766,36.150001525878906,119300,0.0,0.0
2022-06-10 00:00:00-04:00,35.529998779296875,35.849998474121094,35.09000015258789,35.36000061035156,133600,0.0,0.0
2022-06-13 00:00:00-04:00,34.540000915527344,35.36000061035156,34.4900016784668,34.650001525878906,110300,0.0,0.0
2022-06-14 00:00:00-04:00,34.619998931884766,36.189998626708984,34.349998474121094,34.79999923706055,103800,0.0,0.0
2022-06-15 00:00:00-04:00,35.25,36.09000015258789,34.810001373291016,35.2400016784668,189700,0.0,0.0
2022-06-16 00:00:00-04:00,35.66999816894531,36.7400016784668,33.869998931884766,34.029998779296875,154400,0.0,0.0
2022-06-17 00:00:00-04:00,34.400001525878906,35.06999969482422,34.400001525878906,34.540000915527344,375200,0.0,0.0
2022-06-21 00:00:00-04:00,35.220001220703125,35.470001220703125,34.61000061035156,35.2599983215332,122100,0.0,0.0
2022-06-22 00:00:00-04:00,34.959999084472656,35.2400016784668,34.529998779296875,34.970001220703125,298700,0.0,0.0
2022-06-23 00:00:00-04:00,34.95000076293945,35.2400016784668,34.56999969482422,34.77000045776367,182400,0.0,0.0
2022-06-24 00:00:00-04:00,34.900001525878906,35.5099983215332,34.75,34.88999938964844,263700,0.0,0.0
2022-06-27 00:00:00-04:00,35.22999954223633,35.81999969482422,34.95000076293945,35.65999984741211,133500,0.0,0.0
2022-06-28 00:00:00-04:00,35.84000015258789,36.25,35.119998931884766,35.15999984741211,112100,0.0,0.0
2022-06-29 00:00:00-04:00,34.880001068115234,34.9900016784668,34.45000076293945,34.709999084472656,142800,0.0,0.0
2022-06-30 00:00:00-04:00,34.31999969482422,35.369998931884766,34.13999938964844,34.900001525878906,229300,0.0,0.0
2022-07-01 00:00:00-04:00,34.63999938964844,35.790000915527344,34.470001220703125,35.59000015258789,122600,0.0,0.0
2022-07-05 00:00:00-04:00,35.2400016784668,35.709999084472656,34.540000915527344,35.66999816894531,163100,0.0,0.0
2022-07-06 00:00:00-04:00,35.650001525878906,35.91999816894531,35.029998779296875,35.290000915527344,136500,0.0,0.0
2022-07-07 00:00:00-04:00,35.689998626708984,35.81999969482422,35.09000015258789,35.150001525878906,76600,0.0,0.0
2022-07-08 00:00:00-04:00,35.27000045776367,35.400001525878906,34.619998931884766,35.08000183105469,178700,0.0,0.0
2022-07-11 00:00:00-04:00,34.66999816894531,35.040000915527344,34.45000076293945,34.63999938964844,141500,0.0,0.0
2022-07-12 00:00:00-04:00,34.369998931884766,35.25,34.29999923706055,34.790000915527344,98200,0.0,0.0
2022-07-13 00:00:00-04:00,34.529998779296875,34.529998779296875,33.939998626708984,34.119998931884766,95000,0.0,0.0
2022-07-14 00:00:00-04:00,33.529998779296875,33.72999954223633,32.900001525878906,33.36000061035156,94500,0.0,0.0
2022-07-15 00:00:00-04:00,34.040000915527344,34.849998474121094,33.81999969482422,34.59000015258789,241800,0.0,0.0
2022-07-18 00:00:00-04:00,35.04999923706055,35.38999938964844,34.63999938964844,34.900001525878906,141200,0.0,0.0
2022-07-19 00:00:00-04:00,35.31999969482422,36.04999923706055,35.040000915527344,35.619998931884766,130800,0.0,0.0
2022-07-20 00:00:00-04:00,35.380001068115234,36.650001525878906,35.380001068115234,36.52000045776367,149000,0.0,0.0
2022-07-21 00:00:00-04:00,36.349998474121094,36.47999954223633,35.79999923706055,36.310001373291016,98400,0.0,0.0
2022-07-22 00:00:00-04:00,36.36000061035156,36.36000061035156,35.4900016784668,35.88999938964844,99200,0.0,0.0
2022-07-25 00:00:00-04:00,36.16999816894531,36.720001220703125,36.099998474121094,36.459999084472656,125900,0.0,0.0
2022-07-26 00:00:00-04:00,36.119998931884766,36.84000015258789,36.119998931884766,36.720001220703125,80300,0.0,0.0
2022-07-27 00:00:00-04:00,36.63999938964844,37.41999816894531,36.599998474121094,37.20000076293945,82500,0.0,0.0
2022-07-28 00:00:00-04:00,37.22999954223633,37.900001525878906,36.84000015258789,37.61000061035156,133800,0.0,0.0
2022-07-29 00:00:00-04:00,37.470001220703125,38.16999816894531,37.470001220703125,37.880001068115234,109600,0.0,0.0
2022-08-01 00:00:00-04:00,36.86000061035156,37.41999816894531,36.25,36.970001220703125,256300,0.0,0.0
2022-08-02 00:00:00-04:00,36.97999954223633,36.97999954223633,35.619998931884766,35.66999816894531,177800,0.0,0.0
2022-08-03 00:00:00-04:00,35.72999954223633,36.5,35.45000076293945,36.279998779296875,139800,0.0,0.0
2022-08-04 00:00:00-04:00,36.349998474121094,36.349998474121094,35.97999954223633,36.209999084472656,131700,0.0,0.0
2022-08-05 00:00:00-04:00,36.189998626708984,36.70000076293945,36.189998626708984,36.43000030517578,92100,0.0,0.0
2022-08-08 00:00:00-04:00,36.560001373291016,36.709999084472656,35.939998626708984,36.220001220703125,113400,0.0,0.0
2022-08-09 00:00:00-04:00,36.31999969482422,36.810001373291016,35.90999984741211,36.290000915527344,136600,0.0,0.0
2022-08-10 00:00:00-04:00,36.70000076293945,37.220001220703125,35.88999938964844,36.7400016784668,118700,0.0,0.0
2022-08-11 00:00:00-04:00,37.189998626708984,37.47999954223633,37.0099983215332,37.380001068115234,63400,0.0,0.0
2022-08-12 00:00:00-04:00,37.75,37.939998626708984,37.54999923706055,37.90999984741211,82900,0.0,0.0
2022-08-15 00:00:00-04:00,37.59000015258789,38.34000015258789,37.59000015258789,38.310001373291016,96200,0.0,0.0
2022-08-16 00:00:00-04:00,38.11000061035156,39.13999938964844,38.11000061035156,38.86000061035156,122400,0.0,0.0
2022-08-17 00:00:00-04:00,38.599998474121094,38.779998779296875,38.27000045776367,38.61000061035156,113000,0.0,0.0
2022-08-18 00:00:00-04:00,39.459999084472656,39.880001068115234,39.20000076293945,39.529998779296875,174700,0.0,0.0
2022-08-19 00:00:00-04:00,39.119998931884766,39.119998931884766,38.380001068115234,38.72999954223633,414600,0.0,0.0
2022-08-22 00:00:00-04:00,38.040000915527344,38.09000015258789,37.04999923706055,37.439998626708984,173800,0.0,0.0
2022-08-23 00:00:00-04:00,37.58000183105469,37.77000045776367,37.08000183105469,37.11000061035156,121600,0.0,0.0
2022-08-24 00:00:00-04:00,36.939998626708984,37.40999984741211,36.90999984741211,37.09000015258789,149400,0.0,0.0
2022-08-25 00:00:00-04:00,37.11000061035156,37.959999084472656,37.0099983215332,37.880001068115234,138400,0.0,0.0
2022-08-26 00:00:00-04:00,37.84000015258789,37.84000015258789,36.9900016784668,37.08000183105469,111500,0.0,0.0
2022-08-29 00:00:00-04:00,36.88999938964844,38.83000183105469,36.40999984741211,36.470001220703125,121700,0.0,0.0
2022-08-30 00:00:00-04:00,36.43000030517578,36.869998931884766,36.189998626708984,36.689998626708984,106600,0.0,0.0
2022-08-31 00:00:00-04:00,36.66999816894531,36.95000076293945,36.369998931884766,36.40999984741211,105800,0.0,0.0
2022-09-01 00:00:00-04:00,36.2599983215332,36.689998626708984,35.79999923706055,36.060001373291016,94900,0.0,0.0
2022-09-02 00:00:00-04:00,36.34000015258789,36.75,35.650001525878906,36.130001068115234,118900,0.0,0.0
2022-09-06 00:00:00-04:00,36.16999816894531,36.16999816894531,34.939998626708984,35.459999084472656,134300,0.0,0.0
2022-09-07 00:00:00-04:00,35.27000045776367,35.959999084472656,35.27000045776367,35.959999084472656,120500,0.0,0.0
2022-09-08 00:00:00-04:00,35.81999969482422,36.77000045776367,35.619998931884766,36.54999923706055,117400,0.0,0.0
2022-09-09 00:00:00-04:00,36.70000076293945,37.33000183105469,36.70000076293945,37.27000045776367,114100,0.0,0.0
2022-09-12 00:00:00-04:00,37.36000061035156,37.849998474121094,37.279998779296875,37.630001068115234,139000,0.0,0.0
2022-09-13 00:00:00-04:00,36.959999084472656,37.2400016784668,36.18000030517578,36.5,137000,0.0,0.0
2022-09-14 00:00:00-04:00,36.40999984741211,37.0,36.29999923706055,36.900001525878906,165700,0.0,0.0
2022-09-15 00:00:00-04:00,36.810001373291016,37.70000076293945,36.79999923706055,37.38999938964844,123500,0.0,0.0
2022-09-16 00:00:00-04:00,37.310001373291016,39.61000061035156,37.0,38.22999954223633,552800,0.0,0.0
2022-09-19 00:00:00-04:00,37.75,39.11000061035156,37.75,39.02000045776367,284000,0.0,0.0
2022-09-20 00:00:00-04:00,38.939998626708984,39.310001373291016,38.36000061035156,38.939998626708984,178400,0.0,0.0
2022-09-21 00:00:00-04:00,39.2400016784668,39.7400016784668,38.75,38.79999923706055,155100,0.0,0.0
2022-09-22 00:00:00-04:00,38.849998474121094,38.959999084472656,37.61000061035156,38.119998931884766,116700,0.0,0.0
2022-09-23 00:00:00-04:00,37.709999084472656,38.310001373291016,37.529998779296875,38.220001220703125,162500,0.0,0.0
2022-09-26 00:00:00-04:00,37.869998931884766,38.720001220703125,37.869998931884766,38.220001220703125,162900,0.0,0.0
2022-09-27 00:00:00-04:00,38.349998474121094,38.779998779296875,37.59000015258789,37.84000015258789,180800,0.0,0.0
2022-09-28 00:00:00-04:00,37.79999923706055,38.58000183105469,37.68000030517578,38.060001373291016,296200,0.0,0.0
2022-09-29 00:00:00-04:00,37.459999084472656,37.47999954223633,36.34000015258789,36.560001373291016,124100,0.0,0.0
2022-09-30 00:00:00-04:00,36.630001068115234,37.540000915527344,36.45000076293945,36.58000183105469,196700,0.0,0.0
2022-10-03 00:00:00-04:00,37.130001068115234,37.31999969482422,36.650001525878906,36.880001068115234,125900,0.0,0.0
2022-10-04 00:00:00-04:00,37.09000015258789,38.380001068115234,36.9900016784668,38.349998474121094,137800,0.0,0.0
2022-10-05 00:00:00-04:00,37.90999984741211,38.310001373291016,37.529998779296875,37.72999954223633,84100,0.0,0.0
2022-10-06 00:00:00-04:00,37.5,38.29999923706055,37.400001525878906,38.209999084472656,109900,0.0,0.0
2022-10-07 00:00:00-04:00,38.150001525878906,38.189998626708984,37.47999954223633,37.599998474121094,151100,0.0,0.0
2022-10-10 00:00:00-04:00,37.959999084472656,38.7599983215332,37.83000183105469,38.5099983215332,136700,0.0,0.0
2022-10-11 00:00:00-04:00,38.38999938964844,39.45000076293945,37.959999084472656,39.099998474121094,140800,0.0,0.0
2022-10-12 00:00:00-04:00,39.08000183105469,39.869998931884766,38.45000076293945,39.599998474121094,114100,0.0,0.0
2022-10-13 00:00:00-04:00,39.099998474121094,41.349998474121094,38.95000076293945,41.189998626708984,116300,0.0,0.0
2022-10-14 00:00:00-04:00,41.439998626708984,42.060001373291016,40.810001373291016,40.849998474121094,158400,0.0,0.0
2022-10-17 00:00:00-04:00,41.25,41.70000076293945,40.72999954223633,41.439998626708984,136600,0.0,0.0
2022-10-18 00:00:00-04:00,41.84000015258789,42.119998931884766,41.13999938964844,41.47999954223633,94900,0.0,0.0
2022-10-19 00:00:00-04:00,41.09000015258789,41.630001068115234,40.59000015258789,41.279998779296875,114400,0.0,0.0
2022-10-20 00:00:00-04:00,41.119998931884766,41.220001220703125,39.470001220703125,39.88999938964844,118500,0.0,0.0
2022-10-21 00:00:00-04:00,40.2400016784668,41.130001068115234,40.06999969482422,40.77000045776367,117300,0.0,0.0
2022-10-24 00:00:00-04:00,40.81999969482422,41.38999938964844,40.56999969482422,41.130001068115234,90000,0.0,0.0
2022-10-25 00:00:00-04:00,40.95000076293945,41.849998474121094,40.95000076293945,41.290000915527344,182700,0.0,0.0
2022-10-26 00:00:00-04:00,41.5099983215332,41.56999969482422,40.470001220703125,40.66999816894531,147100,0.0,0.0
2022-10-27 00:00:00-04:00,42.709999084472656,44.369998931884766,41.84000015258789,43.040000915527344,170700,0.0,0.0
2022-10-28 00:00:00-04:00,43.15999984741211,44.45000076293945,42.349998474121094,44.40999984741211,175700,0.0,0.0
2022-10-31 00:00:00-04:00,44.279998779296875,44.900001525878906,43.90999984741211,44.56999969482422,150100,0.0,0.0
2022-11-01 00:00:00-04:00,44.939998626708984,44.939998626708984,44.279998779296875,44.34000015258789,101100,0.0,0.0
2022-11-02 00:00:00-04:00,44.11000061035156,44.83000183105469,43.540000915527344,43.880001068115234,151900,0.0,0.0
2022-11-03 00:00:00-04:00,43.47999954223633,43.83000183105469,42.790000915527344,43.72999954223633,80000,0.0,0.0
2022-11-04 00:00:00-04:00,44.16999816894531,45.58000183105469,44.130001068115234,45.529998779296875,143700,0.0,0.0
2022-11-07 00:00:00-05:00,45.849998474121094,45.9900016784668,45.2400016784668,45.75,117100,0.0,0.0
2022-11-08 00:00:00-05:00,45.91999816894531,46.27000045776367,45.349998474121094,45.90999984741211,115800,0.0,0.0
2022-11-09 00:00:00-05:00,45.63999938964844,46.720001220703125,45.04999923706055,45.619998931884766,108900,0.0,0.0
2022-11-10 00:00:00-05:00,46.68000030517578,47.560001373291016,46.290000915527344,47.18000030517578,160600,0.0,0.0
2022-11-11 00:00:00-05:00,47.2400016784668,47.91999816894531,46.20000076293945,46.369998931884766,135100,0.0,0.0
2022-11-14 00:00:00-05:00,46.220001220703125,46.7400016784668,45.779998779296875,46.0,209700,0.0,0.0
2022-11-15 00:00:00-05:00,46.47999954223633,46.689998626708984,45.880001068115234,46.27000045776367,178700,0.0,0.0
2022-11-16 00:00:00-05:00,46.119998931884766,46.34000015258789,45.52000045776367,46.34000015258789,125700,0.0,0.0
2022-11-17 00:00:00-05:00,46.029998779296875,46.650001525878906,45.81999969482422,46.61000061035156,138200,0.0,0.0
2022-11-18 00:00:00-05:00,47.220001220703125,47.810001373291016,45.77000045776367,46.95000076293945,151600,0.0,0.0
2022-11-21 00:00:00-05:00,46.7400016784668,47.720001220703125,46.7400016784668,47.720001220703125,96200,0.0,0.0
2022-11-22 00:00:00-05:00,47.630001068115234,48.65999984741211,47.630001068115234,48.470001220703125,158500,0.0,0.0
2022-11-23 00:00:00-05:00,48.4900016784668,48.790000915527344,47.95000076293945,48.36000061035156,132600,0.0,0.0
2022-11-25 00:00:00-05:00,48.599998474121094,49.0,48.599998474121094,48.810001373291016,41100,0.0,0.0
2022-11-28 00:00:00-05:00,48.470001220703125,48.9900016784668,47.709999084472656,48.09000015258789,157700,0.0,0.0
2022-11-29 00:00:00-05:00,48.130001068115234,48.31999969482422,47.650001525878906,47.75,113700,0.0,0.0
2022-11-30 00:00:00-05:00,47.83000183105469,48.689998626708984,47.06999969482422,48.630001068115234,209000,0.0,0.0
2022-12-01 00:00:00-05:00,48.54999923706055,48.54999923706055,47.400001525878906,48.349998474121094,117700,0.0,0.0
2022-12-02 00:00:00-05:00,47.849998474121094,48.59000015258789,47.560001373291016,48.380001068115234,91600,0.0,0.0
2022-12-05 00:00:00-05:00,47.939998626708984,48.540000915527344,46.25,47.08000183105469,146000,0.0,0.0
2022-12-06 00:00:00-05:00,46.88999938964844,47.31999969482422,46.68000030517578,47.31999969482422,113800,0.0,0.0
2022-12-07 00:00:00-05:00,46.93000030517578,47.560001373291016,46.439998626708984,46.459999084472656,121300,0.0,0.0
2022-12-08 00:00:00-05:00,46.63999938964844,47.529998779296875,46.13999938964844,46.439998626708984,85000,0.0,0.0
2022-12-09 00:00:00-05:00,46.22999954223633,46.540000915527344,45.959999084472656,46.189998626708984,89800,0.0,0.0
2022-12-12 00:00:00-05:00,46.40999984741211,46.40999984741211,45.33000183105469,45.45000076293945,165100,0.0,0.0
2022-12-13 00:00:00-05:00,46.119998931884766,46.380001068115234,44.68000030517578,44.95000076293945,175800,0.0,0.0
2022-12-14 00:00:00-05:00,45.029998779296875,45.08000183105469,43.09000015258789,43.119998931884766,180200,0.0,0.0
2022-12-15 00:00:00-05:00,42.84000015258789,42.91999816894531,41.33000183105469,41.7599983215332,229200,0.0,0.0
2022-12-16 00:00:00-05:00,41.540000915527344,41.90999984741211,40.88999938964844,41.5099983215332,475800,0.0,0.0
2022-12-19 00:00:00-05:00,41.4900016784668,43.11000061035156,41.4900016784668,42.880001068115234,149400,0.0,0.0
2022-12-20 00:00:00-05:00,42.880001068115234,43.349998474121094,42.36000061035156,42.41999816894531,112200,0.0,0.0
2022-12-21 00:00:00-05:00,42.779998779296875,43.4900016784668,42.470001220703125,43.119998931884766,74200,0.0,0.0
2022-12-22 00:00:00-05:00,42.900001525878906,42.97999954223633,42.18000030517578,42.91999816894531,68000,0.0,0.0
2022-12-23 00:00:00-05:00,42.79999923706055,43.5,42.79999923706055,43.369998931884766,68700,0.0,0.0
2022-12-27 00:00:00-05:00,43.599998474121094,43.7400016784668,43.04999923706055,43.4900016784668,84000,0.0,0.0
2022-12-28 00:00:00-05:00,43.66999816894531,43.709999084472656,42.72999954223633,42.779998779296875,64800,0.0,0.0
2022-12-29 00:00:00-05:00,42.810001373291016,43.5099983215332,42.27000045776367,43.36000061035156,90400,0.0,0.0
2022-12-30 00:00:00-05:00,43.16999816894531,43.25,42.56999969482422,42.84000015258789,76600,0.0,0.0
2023-01-03 00:00:00-05:00,43.02000045776367,43.290000915527344,41.880001068115234,41.959999084472656,149200,0.0,0.0
2023-01-04 00:00:00-05:00,42.31999969482422,42.63999938964844,40.81999969482422,41.029998779296875,153700,0.0,0.0
2023-01-05 00:00:00-05:00,40.650001525878906,40.810001373291016,40.11000061035156,40.5,135800,0.0,0.0
2023-01-06 00:00:00-05:00,40.93000030517578,41.75,40.91999816894531,41.459999084472656,96900,0.0,0.0
2023-01-09 00:00:00-05:00,41.7400016784668,41.7400016784668,40.72999954223633,41.09000015258789,186000,0.0,0.0
2023-01-10 00:00:00-05:00,41.06999969482422,41.959999084472656,40.599998474121094,41.529998779296875,112200,0.0,0.0
2023-01-11 00:00:00-05:00,41.54999923706055,41.900001525878906,41.31999969482422,41.689998626708984,167300,0.0,0.0
2023-01-12 00:00:00-05:00,41.95000076293945,42.68000030517578,41.880001068115234,42.459999084472656,133400,0.0,0.0
2023-01-13 00:00:00-05:00,41.97999954223633,42.619998931884766,41.779998779296875,42.41999816894531,123700,0.0,0.0
2023-01-17 00:00:00-05:00,42.209999084472656,42.279998779296875,41.47999954223633,41.63999938964844,113100,0.0,0.0
2023-01-18 00:00:00-05:00,41.470001220703125,41.470001220703125,39.90999984741211,40.040000915527344,222600,0.0,0.0
2023-01-19 00:00:00-05:00,39.779998779296875,40.0,38.900001525878906,39.2400016784668,199500,0.0,0.0
2023-01-20 00:00:00-05:00,39.790000915527344,40.02000045776367,39.029998779296875,39.43000030517578,266500,0.0,0.0
2023-01-23 00:00:00-05:00,39.5,40.02000045776367,39.06999969482422,39.52000045776367,100700,0.0,0.0
2023-01-24 00:00:00-05:00,39.380001068115234,39.9900016784668,38.939998626708984,39.810001373291016,93000,0.0,0.0
2023-01-25 00:00:00-05:00,40.869998931884766,40.869998931884766,37.810001373291016,38.5099983215332,286700,0.0,0.0
2023-01-26 00:00:00-05:00,38.470001220703125,38.849998474121094,37.189998626708984,38.13999938964844,189300,0.0,0.0
2023-01-27 00:00:00-05:00,38.209999084472656,38.58000183105469,37.91999816894531,38.40999984741211,86800,0.0,0.0
2023-01-30 00:00:00-05:00,38.2599983215332,38.880001068115234,38.16999816894531,38.7400016784668,134000,0.0,0.0
2023-01-31 00:00:00-05:00,38.79999923706055,39.869998931884766,38.720001220703125,39.849998474121094,172300,0.0,0.0
2023-02-01 00:00:00-05:00,39.63999938964844,41.400001525878906,39.459999084472656,41.040000915527344,229100,0.0,0.0
2023-02-02 00:00:00-05:00,41.040000915527344,42.22999954223633,40.68000030517578,42.220001220703125,133600,0.0,0.0
2023-02-03 00:00:00-05:00,41.9900016784668,42.9900016784668,41.97999954223633,42.970001220703125,308900,0.0,0.0
2023-02-06 00:00:00-05:00,42.65999984741211,43.150001525878906,42.040000915527344,42.45000076293945,153700,0.0,0.0
2023-02-07 00:00:00-05:00,42.38999938964844,43.470001220703125,42.33000183105469,43.2400016784668,315900,0.0,0.0
2023-02-08 00:00:00-05:00,43.0099983215332,43.099998474121094,42.029998779296875,42.52000045776367,218700,0.0,0.0
2023-02-09 00:00:00-05:00,42.68000030517578,42.88999938964844,42.20000076293945,42.459999084472656,159400,0.0,0.0
2023-02-10 00:00:00-05:00,42.34000015258789,42.459999084472656,42.0099983215332,42.02000045776367,109100,0.0,0.0
2023-02-13 00:00:00-05:00,41.939998626708984,42.66999816894531,41.7599983215332,42.65999984741211,98300,0.0,0.0
2023-02-14 00:00:00-05:00,42.40999984741211,42.81999969482422,41.5099983215332,41.810001373291016,128500,0.0,0.0
2023-02-15 00:00:00-05:00,41.58000183105469,42.54999923706055,41.2400016784668,42.34000015258789,200300,0.0,0.0
2023-02-16 00:00:00-05:00,41.88999938964844,42.34000015258789,41.20000076293945,41.41999816894531,174800,0.0,0.0
2023-02-17 00:00:00-05:00,41.599998474121094,42.20000076293945,41.40999984741211,41.72999954223633,180300,0.0,0.0
2023-02-21 00:00:00-05:00,41.34000015258789,41.34000015258789,40.45000076293945,41.060001373291016,178900,0.0,0.0
2023-02-22 00:00:00-05:00,41.029998779296875,41.18000030517578,39.65999984741211,40.08000183105469,239800,0.0,0.0
2023-02-23 00:00:00-05:00,40.16999816894531,41.130001068115234,39.63999938964844,39.88999938964844,180600,0.0,0.0
2023-02-24 00:00:00-05:00,39.470001220703125,39.849998474121094,39.31999969482422,39.84000015258789,123400,0.0,0.0
2023-02-27 00:00:00-05:00,39.9900016784668,40.72999954223633,39.849998474121094,40.560001373291016,232000,0.0,0.0
2023-02-28 00:00:00-05:00,40.529998779296875,41.77000045776367,40.349998474121094,41.4900016784668,283400,0.0,0.0
2023-03-01 00:00:00-05:00,41.15999984741211,41.70000076293945,40.849998474121094,41.47999954223633,240000,0.0,0.0
2023-03-02 00:00:00-05:00,41.08000183105469,41.83000183105469,40.63999938964844,41.310001373291016,259700,0.0,0.0
2023-03-03 00:00:00-05:00,41.5,41.630001068115234,41.0,41.59000015258789,205500,0.0,0.0
2023-03-06 00:00:00-05:00,41.709999084472656,41.900001525878906,40.970001220703125,41.34000015258789,371300,0.0,0.0
2023-03-07 00:00:00-05:00,41.18000030517578,41.58000183105469,40.970001220703125,41.119998931884766,339200,0.0,0.0
2023-03-08 00:00:00-05:00,41.150001525878906,41.31999969482422,40.310001373291016,40.54999923706055,245900,0.0,0.0
2023-03-09 00:00:00-05:00,40.33000183105469,40.91999816894531,38.279998779296875,38.4900016784668,485200,0.0,0.0
2023-03-10 00:00:00-05:00,37.900001525878906,38.689998626708984,37.11000061035156,38.369998931884766,598300,0.0,0.0
2023-03-13 00:00:00-04:00,36.650001525878906,39.20000076293945,34.459999084472656,36.88999938964844,395300,0.0,0.0
2023-03-14 00:00:00-04:00,39.58000183105469,40.18000030517578,36.060001373291016,36.630001068115234,478700,0.0,0.0
2023-03-15 00:00:00-04:00,35.099998474121094,36.5099983215332,34.84000015258789,36.08000183105469,464400,0.0,0.0
2023-03-16 00:00:00-04:00,35.54999923706055,38.27000045776367,34.93000030517578,37.20000076293945,367400,0.0,0.0
2023-03-17 00:00:00-04:00,36.56999969482422,36.63999938964844,35.119998931884766,35.630001068115234,1837200,0.0,0.0
2023-03-20 00:00:00-04:00,35.95000076293945,37.5099983215332,35.75,35.849998474121094,338900,0.0,0.0
2023-03-21 00:00:00-04:00,37.099998474121094,38.599998474121094,36.56999969482422,37.209999084472656,296100,0.0,0.0
2023-03-22 00:00:00-04:00,37.150001525878906,37.349998474121094,35.29999923706055,35.33000183105469,251400,0.0,0.0
2023-03-23 00:00:00-04:00,35.689998626708984,35.810001373291016,34.70000076293945,35.189998626708984,242700,0.0,0.0
2023-03-24 00:00:00-04:00,34.81999969482422,36.7599983215332,34.70000076293945,36.5,238700,0.0,0.0
2023-03-27 00:00:00-04:00,37.20000076293945,37.20000076293945,35.939998626708984,36.119998931884766,210100,0.0,0.0
2023-03-28 00:00:00-04:00,35.959999084472656,36.36000061035156,35.72999954223633,36.220001220703125,180900,0.0,0.0
2023-03-29 00:00:00-04:00,36.279998779296875,36.720001220703125,35.58000183105469,36.130001068115234,187900,0.0,0.0
2023-03-30 00:00:00-04:00,36.34000015258789,36.34000015258789,35.119998931884766,35.27000045776367,205900,0.0,0.0
2023-03-31 00:00:00-04:00,35.599998474121094,35.84000015258789,35.189998626708984,35.52000045776367,202600,0.0,0.0
2023-04-03 00:00:00-04:00,35.72999954223633,35.939998626708984,35.099998474121094,35.70000076293945,210200,0.0,0.0
2023-04-04 00:00:00-04:00,35.70000076293945,35.70000076293945,34.439998626708984,34.97999954223633,161400,0.0,0.0
2023-04-05 00:00:00-04:00,34.540000915527344,34.91999816894531,34.099998474121094,34.20000076293945,233700,0.0,0.0
2023-04-06 00:00:00-04:00,34.15999984741211,34.95000076293945,34.15999984741211,34.70000076293945,144600,0.0,0.0
2023-04-10 00:00:00-04:00,34.380001068115234,35.08000183105469,34.11000061035156,34.709999084472656,238400,0.0,0.0
2023-04-11 00:00:00-04:00,34.91999816894531,36.0,34.290000915527344,34.400001525878906,133400,0.0,0.0
2023-04-12 00:00:00-04:00,34.599998474121094,34.75,33.93000030517578,34.13999938964844,102500,0.0,0.0
2023-04-13 00:00:00-04:00,34.11000061035156,34.61000061035156,33.9900016784668,34.349998474121094,123000,0.0,0.0
2023-04-14 00:00:00-04:00,34.599998474121094,35.2599983215332,33.09000015258789,33.310001373291016,202000,0.0,0.0
2023-04-17 00:00:00-04:00,33.2599983215332,33.56999969482422,32.70000076293945,33.5,280300,0.0,0.0
2023-04-18 00:00:00-04:00,33.599998474121094,33.599998474121094,32.59000015258789,32.79999923706055,174600,0.0,0.0
2023-04-19 00:00:00-04:00,32.84000015258789,34.13999938964844,32.529998779296875,33.81999969482422,233300,0.0,0.0
2023-04-20 00:00:00-04:00,33.61000061035156,33.88999938964844,33.279998779296875,33.68000030517578,249400,0.0,0.0
2023-04-21 00:00:00-04:00,33.54999923706055,33.81999969482422,32.68000030517578,32.849998474121094,171200,0.0,0.0
2023-04-24 00:00:00-04:00,32.650001525878906,33.02000045776367,32.31999969482422,32.369998931884766,216200,0.0,0.0
2023-04-25 00:00:00-04:00,32.119998931884766,32.310001373291016,31.610000610351562,31.719999313354492,213000,0.0,0.0
2023-04-26 00:00:00-04:00,32.08000183105469,32.119998931884766,31.170000076293945,31.440000534057617,185500,0.0,0.0
2023-04-27 00:00:00-04:00,29.510000228881836,30.760000228881836,29.139999389648438,29.940000534057617,259700,0.0,0.0
2023-04-28 00:00:00-04:00,30.040000915527344,32.349998474121094,30.040000915527344,30.780000686645508,251700,0.0,0.0
2023-05-01 00:00:00-04:00,30.670000076293945,31.260000228881836,30.6200008392334,30.93000030517578,204600,0.0,0.0
2023-05-02 00:00:00-04:00,30.790000915527344,31.040000915527344,28.559999465942383,28.899999618530273,380300,0.0,0.0
2023-05-03 00:00:00-04:00,29.040000915527344,30.040000915527344,28.399999618530273,28.469999313354492,346800,0.0,0.0
2023-05-04 00:00:00-04:00,27.81999969482422,28.1200008392334,26.260000228881836,27.8799991607666,251400,0.0,0.0
2023-05-05 00:00:00-04:00,28.719999313354492,29.530000686645508,28.25,29.079999923706055,233400,0.0,0.0
2023-05-08 00:00:00-04:00,29.450000762939453,29.81999969482422,28.360000610351562,28.399999618530273,188000,0.0,0.0
2023-05-09 00:00:00-04:00,28.239999771118164,29.3799991607666,27.420000076293945,27.670000076293945,134000,0.0,0.0
2023-05-10 00:00:00-04:00,28.049999237060547,28.049999237060547,27.329999923706055,27.489999771118164,167400,0.0,0.0
2023-05-11 00:00:00-04:00,27.059999465942383,27.719999313354492,26.799999237060547,27.479999542236328,145100,0.0,0.0
2023-05-12 00:00:00-04:00,27.649999618530273,27.670000076293945,26.979999542236328,27.290000915527344,90700,0.0,0.0
2023-05-15 00:00:00-04:00,27.40999984741211,28.40999984741211,27.40999984741211,28.059999465942383,93700,0.0,0.0
2023-05-16 00:00:00-04:00,28.149999618530273,28.489999771118164,27.829999923706055,27.899999618530273,141000,0.0,0.0
2023-05-17 00:00:00-04:00,28.34000015258789,30.309999465942383,27.969999313354492,30.200000762939453,254200,0.0,0.0
2023-05-18 00:00:00-04:00,30.219999313354492,31.149999618530273,29.780000686645508,30.940000534057617,197300,0.0,0.0
2023-05-19 00:00:00-04:00,31.299999237060547,31.3700008392334,30.030000686645508,30.18000030517578,194200,0.0,0.0
2023-05-22 00:00:00-04:00,30.450000762939453,31.15999984741211,29.969999313354492,31.059999465942383,158700,0.0,0.0
2023-05-23 00:00:00-04:00,31.059999465942383,32.66999816894531,31.010000228881836,32.0,214200,0.0,0.0
2023-05-24 00:00:00-04:00,31.760000228881836,31.90999984741211,31.3799991607666,31.700000762939453,125600,0.0,0.0
2023-05-25 00:00:00-04:00,31.5,31.940000534057617,30.780000686645508,31.239999771118164,148100,0.0,0.0
2023-05-26 00:00:00-04:00,31.0,31.389999389648438,30.760000228881836,31.34000015258789,128500,0.0,0.0
2023-05-30 00:00:00-04:00,31.290000915527344,31.549999237060547,30.6299991607666,30.920000076293945,163900,0.0,0.0
2023-05-31 00:00:00-04:00,30.670000076293945,30.889999389648438,29.450000762939453,30.100000381469727,255700,0.0,0.0
2023-06-01 00:00:00-04:00,30.3700008392334,31.020000457763672,29.920000076293945,30.690000534057617,157800,0.0,0.0
2023-06-02 00:00:00-04:00,31.059999465942383,33.27000045776367,31.020000457763672,33.16999816894531,200300,0.0,0.0
2023-06-05 00:00:00-04:00,33.0,33.0,31.010000228881836,31.520000457763672,180200,0.0,0.0
2023-06-06 00:00:00-04:00,31.610000610351562,33.97999954223633,31.479999542236328,33.20000076293945,215900,0.0,0.0
2023-06-07 00:00:00-04:00,33.720001220703125,35.720001220703125,33.150001525878906,35.2400016784668,289100,0.0,0.0
2023-06-08 00:00:00-04:00,35.02000045776367,35.02000045776367,33.22999954223633,33.72999954223633,229100,0.0,0.0
2023-06-09 00:00:00-04:00,33.709999084472656,33.9900016784668,32.58000183105469,32.7400016784668,163300,0.0,0.0
2023-06-12 00:00:00-04:00,32.869998931884766,34.58000183105469,32.7599983215332,33.099998474121094,245800,0.0,0.0
2023-06-13 00:00:00-04:00,33.369998931884766,34.5,33.369998931884766,34.25,140500,0.0,0.0
2023-06-14 00:00:00-04:00,34.25,34.599998474121094,33.06999969482422,33.27000045776367,166200,0.0,0.0
2023-06-15 00:00:00-04:00,33.06999969482422,34.06999969482422,33.0099983215332,33.939998626708984,177300,0.0,0.0
2023-06-16 00:00:00-04:00,34.16999816894531,34.20000076293945,33.529998779296875,34.040000915527344,565100,0.0,0.0
2023-06-20 00:00:00-04:00,33.939998626708984,33.939998626708984,32.779998779296875,32.790000915527344,138600,0.0,0.0
2023-06-21 00:00:00-04:00,32.630001068115234,33.04999923706055,32.36000061035156,32.400001525878906,121400,0.0,0.0
2023-06-22 00:00:00-04:00,32.34000015258789,32.38999938964844,31.149999618530273,31.420000076293945,165700,0.0,0.0
2023-06-23 00:00:00-04:00,30.969999313354492,31.31999969482422,30.010000228881836,30.190000534057617,403200,0.0,0.0
2023-06-26 00:00:00-04:00,30.31999969482422,30.940000534057617,30.299999237060547,30.350000381469727,136300,0.0,0.0
2023-06-27 00:00:00-04:00,30.3700008392334,31.459999084472656,30.0,31.09000015258789,173600,0.0,0.0
2023-06-28 00:00:00-04:00,30.989999771118164,30.989999771118164,30.239999771118164,30.399999618530273,185300,0.0,0.0
2023-06-29 00:00:00-04:00,30.0,30.889999389648438,30.0,30.690000534057617,219100,0.0,0.0
2023-06-30 00:00:00-04:00,30.989999771118164,30.989999771118164,29.75,29.75,135700,0.0,0.0
2023-07-03 00:00:00-04:00,29.75,30.469999313354492,29.729999542236328,30.299999237060547,80700,0.0,0.0
2023-07-05 00:00:00-04:00,30.209999084472656,30.420000076293945,29.6299991607666,30.049999237060547,150400,0.0,0.0
2023-07-06 00:00:00-04:00,29.59000015258789,29.889999389648438,28.989999771118164,29.639999389648438,143000,0.0,0.0
2023-07-07 00:00:00-04:00,29.729999542236328,30.780000686645508,29.729999542236328,30.440000534057617,135300,0.0,0.0
2023-07-10 00:00:00-04:00,30.239999771118164,31.200000762939453,30.139999389648438,30.440000534057617,124000,0.0,0.0
2023-07-11 00:00:00-04:00,30.440000534057617,30.950000762939453,30.229999542236328,30.68000030517578,109200,0.0,0.0
2023-07-12 00:00:00-04:00,31.290000915527344,31.799999237060547,31.190000534057617,31.5,172300,0.0,0.0
2023-07-13 00:00:00-04:00,31.709999084472656,32.119998931884766,31.450000762939453,32.02000045776367,132300,0.0,0.0
2023-07-14 00:00:00-04:00,32.279998779296875,32.279998779296875,31.389999389648438,31.719999313354492,117800,0.0,0.0
2023-07-17 00:00:00-04:00,31.459999084472656,32.349998474121094,31.350000381469727,31.969999313354492,123100,0.0,0.0
2023-07-18 00:00:00-04:00,31.969999313354492,33.25,31.969999313354492,33.13999938964844,192100,0.0,0.0
2023-07-19 00:00:00-04:00,33.349998474121094,34.33000183105469,33.09000015258789,34.279998779296875,243900,0.0,0.0
2023-07-20 00:00:00-04:00,34.2400016784668,34.2400016784668,33.43000030517578,34.150001525878906,140100,0.0,0.0
2023-07-21 00:00:00-04:00,34.369998931884766,34.369998931884766,33.41999816894531,33.54999923706055,152000,0.0,0.0
2023-07-24 00:00:00-04:00,33.41999816894531,34.52000045776367,33.279998779296875,34.38999938964844,146600,0.0,0.0
2023-07-25 00:00:00-04:00,34.380001068115234,35.099998474121094,33.959999084472656,34.31999969482422,182400,0.0,0.0
2023-07-26 00:00:00-04:00,34.31999969482422,35.810001373291016,34.31999969482422,35.45000076293945,173900,0.0,0.0
2023-07-27 00:00:00-04:00,35.22999954223633,35.79999923706055,33.849998474121094,34.189998626708984,222700,0.0,0.0
2023-07-28 00:00:00-04:00,34.540000915527344,34.97999954223633,34.11000061035156,34.349998474121094,146200,0.0,0.0
2023-07-31 00:00:00-04:00,33.45000076293945,34.0,32.88999938964844,33.08000183105469,179400,0.0,0.0
2023-08-01 00:00:00-04:00,33.02000045776367,33.150001525878906,32.16999816894531,32.72999954223633,162400,0.0,0.0
2023-08-02 00:00:00-04:00,32.27000045776367,32.619998931884766,32.0099983215332,32.599998474121094,138300,0.0,0.0
2023-08-03 00:00:00-04:00,32.459999084472656,33.15999984741211,32.16999816894531,33.06999969482422,116500,0.0,0.0
2023-08-04 00:00:00-04:00,32.95000076293945,33.849998474121094,32.7400016784668,33.72999954223633,119100,0.0,0.0
2023-08-07 00:00:00-04:00,33.529998779296875,34.130001068115234,33.459999084472656,34.09000015258789,106900,0.0,0.0
2023-08-08 00:00:00-04:00,33.45000076293945,33.45000076293945,31.8700008392334,32.790000915527344,165900,0.0,0.0
2023-08-09 00:00:00-04:00,32.650001525878906,32.7599983215332,32.029998779296875,32.58000183105469,98700,0.0,0.0
2023-08-10 00:00:00-04:00,32.66999816894531,33.150001525878906,32.130001068115234,32.43000030517578,86400,0.0,0.0
2023-08-11 00:00:00-04:00,32.18000030517578,32.560001373291016,32.0,32.380001068115234,89700,0.0,0.0
2023-08-14 00:00:00-04:00,32.15999984741211,32.58000183105469,31.309999465942383,31.979999542236328,103800,0.0,0.0
2023-08-15 00:00:00-04:00,31.530000686645508,31.530000686645508,30.649999618530273,30.690000534057617,122500,0.0,0.0
2023-08-16 00:00:00-04:00,30.579999923706055,31.010000228881836,30.260000228881836,30.31999969482422,82000,0.0,0.0
2023-08-17 00:00:00-04:00,30.520000457763672,30.989999771118164,30.299999237060547,30.850000381469727,114300,0.0,0.0
2023-08-18 00:00:00-04:00,30.530000686645508,31.43000030517578,30.530000686645508,31.219999313354492,247900,0.0,0.0
2023-08-21 00:00:00-04:00,31.219999313354492,31.34000015258789,30.170000076293945,30.229999542236328,116000,0.0,0.0
2023-08-22 00:00:00-04:00,30.09000015258789,30.219999313354492,29.18000030517578,29.219999313354492,141600,0.0,0.0
2023-08-23 00:00:00-04:00,29.170000076293945,29.549999237060547,29.059999465942383,29.139999389648438,93500,0.0,0.0
2023-08-24 00:00:00-04:00,29.0,29.700000762939453,28.940000534057617,29.6200008392334,168600,0.0,0.0
2023-08-25 00:00:00-04:00,29.809999465942383,29.829999923706055,29.06999969482422,29.469999313354492,150800,0.0,0.0
2023-08-28 00:00:00-04:00,29.65999984741211,30.200000762939453,29.559999465942383,29.979999542236328,129700,0.0,0.0
2023-08-29 00:00:00-04:00,30.059999465942383,30.149999618530273,29.75,29.790000915527344,172100,0.0,0.0
2023-08-30 00:00:00-04:00,29.709999084472656,29.809999465942383,29.350000381469727,29.6299991607666,138500,0.0,0.0
2023-08-31 00:00:00-04:00,29.639999389648438,30.020000457763672,29.31999969482422,29.639999389648438,131200,0.0,0.0
2023-09-01 00:00:00-04:00,29.829999923706055,30.610000610351562,29.829999923706055,30.559999465942383,130900,0.0,0.0
2023-09-05 00:00:00-04:00,30.15999984741211,30.15999984741211,29.25,29.510000228881836,149500,0.0,0.0
2023-09-06 00:00:00-04:00,29.559999465942383,29.809999465942383,28.639999389648438,28.799999237060547,118700,0.0,0.0
2023-09-07 00:00:00-04:00,28.760000228881836,28.8799991607666,27.670000076293945,27.75,157300,0.0,0.0
2023-09-08 00:00:00-04:00,27.829999923706055,27.829999923706055,27.209999084472656,27.729999542236328,159100,0.0,0.0
2023-09-11 00:00:00-04:00,27.81999969482422,28.09000015258789,27.440000534057617,27.489999771118164,132000,0.0,0.0
2023-09-12 00:00:00-04:00,27.559999465942383,28.010000228881836,27.290000915527344,27.920000076293945,117100,0.0,0.0
2023-09-13 00:00:00-04:00,28.09000015258789,28.09000015258789,27.290000915527344,27.670000076293945,126400,0.0,0.0
2023-09-14 00:00:00-04:00,28.700000762939453,29.309999465942383,28.18000030517578,29.290000915527344,215700,0.0,0.0
2023-09-15 00:00:00-04:00,29.239999771118164,29.469999313354492,28.510000228881836,28.65999984741211,765500,0.0,0.0
2023-09-18 00:00:00-04:00,28.719999313354492,28.719999313354492,27.90999984741211,27.940000534057617,144500,0.0,0.0
2023-09-19 00:00:00-04:00,28.030000686645508,28.389999389648438,27.5,27.75,113300,0.0,0.0
2023-09-20 00:00:00-04:00,27.940000534057617,28.110000610351562,27.3700008392334,27.40999984741211,97700,0.0,0.0
2023-09-21 00:00:00-04:00,27.229999542236328,27.360000610351562,26.920000076293945,27.31999969482422,110400,0.0,0.0
2023-09-22 00:00:00-04:00,27.3799991607666,27.670000076293945,26.959999084472656,27.260000228881836,147800,0.0,0.0
2023-09-25 00:00:00-04:00,27.219999313354492,28.0,26.920000076293945,27.690000534057617,102200,0.0,0.0
2023-09-26 00:00:00-04:00,27.40999984741211,28.260000228881836,27.329999923706055,27.690000534057617,240000,0.0,0.0
2023-09-27 00:00:00-04:00,27.940000534057617,28.299999237060547,27.739999771118164,28.030000686645508,165100,0.0,0.0
2023-09-28 00:00:00-04:00,27.889999389648438,29.049999237060547,27.809999465942383,27.989999771118164,242500,0.0,0.0
2023-09-29 00:00:00-04:00,28.219999313354492,28.719999313354492,27.920000076293945,28.139999389648438,276900,0.0,0.0
2023-10-02 00:00:00-04:00,28.100000381469727,28.200000762939453,27.190000534057617,27.309999465942383,336300,0.0,0.0
2023-10-03 00:00:00-04:00,27.15999984741211,27.770000457763672,26.920000076293945,27.6299991607666,201000,0.0,0.0
2023-10-04 00:00:00-04:00,27.65999984741211,27.8700008392334,27.290000915527344,27.68000030517578,164700,0.0,0.0
2023-10-05 00:00:00-04:00,27.549999237060547,28.139999389648438,27.469999313354492,27.809999465942383,188700,0.0,0.0
2023-10-06 00:00:00-04:00,27.610000610351562,28.290000915527344,27.1299991607666,27.899999618530273,174900,0.0,0.0
2023-10-09 00:00:00-04:00,27.690000534057617,28.350000381469727,27.649999618530273,27.93000030517578,82600,0.0,0.0
2023-10-10 00:00:00-04:00,27.989999771118164,28.389999389648438,27.989999771118164,28.290000915527344,111400,0.0,0.0
2023-10-11 00:00:00-04:00,28.260000228881836,28.760000228881836,28.18000030517578,28.3799991607666,110700,0.0,0.0
2023-10-12 00:00:00-04:00,28.469999313354492,28.469999313354492,27.989999771118164,28.149999618530273,93200,0.0,0.0
2023-10-13 00:00:00-04:00,28.360000610351562,28.5,27.15999984741211,27.299999237060547,136100,0.0,0.0
2023-10-16 00:00:00-04:00,27.59000015258789,27.979999542236328,27.59000015258789,27.829999923706055,122400,0.0,0.0
2023-10-17 00:00:00-04:00,27.68000030517578,28.959999084472656,27.68000030517578,28.68000030517578,176000,0.0,0.0
2023-10-18 00:00:00-04:00,28.43000030517578,28.43000030517578,27.809999465942383,27.979999542236328,122300,0.0,0.0
2023-10-19 00:00:00-04:00,28.100000381469727,28.600000381469727,27.829999923706055,27.90999984741211,134000,0.0,0.0
2023-10-20 00:00:00-04:00,27.979999542236328,27.979999542236328,26.950000762939453,27.09000015258789,225700,0.0,0.0
2023-10-23 00:00:00-04:00,26.8799991607666,27.709999084472656,26.8799991607666,27.0,135100,0.0,0.0
2023-10-24 00:00:00-04:00,27.190000534057617,27.34000015258789,26.280000686645508,26.479999542236328,149100,0.0,0.0
2023-10-25 00:00:00-04:00,26.3700008392334,27.079999923706055,26.0,26.850000381469727,142700,0.0,0.0
2023-10-26 00:00:00-04:00,27.59000015258789,28.979999542236328,27.489999771118164,28.649999618530273,249500,0.0,0.0
2023-10-27 00:00:00-04:00,28.540000915527344,28.93000030517578,27.450000762939453,27.889999389648438,212800,0.0,0.0
2023-10-30 00:00:00-04:00,28.280000686645508,28.549999237060547,28.010000228881836,28.309999465942383,97900,0.0,0.0
2023-10-31 00:00:00-04:00,28.469999313354492,29.190000534057617,28.420000076293945,29.020000457763672,134600,0.0,0.0
2023-11-01 00:00:00-04:00,28.969999313354492,29.219999313354492,28.440000534057617,28.829999923706055,84500,0.0,0.0
2023-11-02 00:00:00-04:00,29.190000534057617,30.59000015258789,29.0,30.530000686645508,123800,0.0,0.0
2023-11-03 00:00:00-04:00,31.3700008392334,32.25,31.3700008392334,31.729999542236328,179200,0.0,0.0
2023-11-06 00:00:00-05:00,31.719999313354492,32.099998474121094,28.59000015258789,31.299999237060547,183700,0.0,0.0
2023-11-07 00:00:00-05:00,31.149999618530273,31.219999313354492,30.299999237060547,30.6299991607666,109900,0.0,0.0
2023-11-08 00:00:00-05:00,30.530000686645508,30.530000686645508,29.469999313354492,29.790000915527344,86500,0.0,0.0
2023-11-09 00:00:00-05:00,29.799999237060547,29.799999237060547,29.020000457763672,29.280000686645508,117700,0.0,0.0
2023-11-10 00:00:00-05:00,29.459999084472656,29.56999969482422,28.959999084472656,29.3799991607666,81900,0.0,0.0
2023-11-13 00:00:00-05:00,29.139999389648438,29.84000015258789,29.010000228881836,29.719999313354492,90700,0.0,0.0
2023-11-14 00:00:00-05:00,31.059999465942383,32.619998931884766,31.040000915527344,32.43000030517578,181100,0.0,0.0
2023-11-15 00:00:00-05:00,32.369998931884766,33.08000183105469,32.369998931884766,32.880001068115234,164900,0.0,0.0
2023-11-16 00:00:00-05:00,32.75,32.75,31.8700008392334,31.969999313354492,103900,0.0,0.0
2023-11-17 00:00:00-05:00,32.40999984741211,32.75,32.0,32.13999938964844,213400,0.0,0.0
2023-11-20 00:00:00-05:00,32.18000030517578,32.70000076293945,31.68000030517578,31.989999771118164,98100,0.0,0.0
2023-11-21 00:00:00-05:00,31.610000610351562,31.75,30.8799991607666,30.920000076293945,97600,0.0,0.0
2023-11-22 00:00:00-05:00,31.309999465942383,31.329999923706055,30.959999084472656,31.239999771118164,60500,0.0,0.0
2023-11-24 00:00:00-05:00,31.15999984741211,31.5,31.06999969482422,31.40999984741211,33400,0.0,0.0
2023-11-27 00:00:00-05:00,31.280000686645508,31.530000686645508,30.950000762939453,31.299999237060547,97000,0.0,0.0
2023-11-28 00:00:00-05:00,31.3799991607666,31.420000076293945,30.739999771118164,31.40999984741211,104300,0.0,0.0
2023-11-29 00:00:00-05:00,31.799999237060547,32.5099983215332,31.540000915527344,31.65999984741211,190800,0.0,0.0
2023-11-30 00:00:00-05:00,31.850000381469727,31.850000381469727,31.170000076293945,31.34000015258789,187400,0.0,0.0
2023-12-01 00:00:00-05:00,31.3799991607666,32.95000076293945,31.3700008392334,32.86000061035156,249000,0.0,0.0
2023-12-04 00:00:00-05:00,32.689998626708984,33.689998626708984,32.459999084472656,33.54999923706055,192600,0.0,0.0
2023-12-05 00:00:00-05:00,33.529998779296875,33.529998779296875,32.93000030517578,33.119998931884766,134300,0.0,0.0
2023-12-06 00:00:00-05:00,33.220001220703125,34.15999984741211,32.9900016784668,32.9900016784668,211700,0.0,0.0
2023-12-07 00:00:00-05:00,33.2599983215332,33.880001068115234,33.08000183105469,33.86000061035156,178000,0.0,0.0
2023-12-08 00:00:00-05:00,33.790000915527344,34.400001525878906,33.5099983215332,34.130001068115234,129600,0.0,0.0
2023-12-11 00:00:00-05:00,34.0099983215332,34.0099983215332,33.61000061035156,33.7400016784668,132500,0.0,0.0
2023-12-12 00:00:00-05:00,33.7400016784668,34.040000915527344,33.439998626708984,33.459999084472656,111900,0.0,0.0
2023-12-13 00:00:00-05:00,33.7400016784668,35.93000030517578,33.47999954223633,35.880001068115234,182200,0.0,0.0
2023-12-14 00:00:00-05:00,36.90999984741211,37.939998626708984,36.689998626708984,37.5099983215332,332300,0.0,0.0
2023-12-15 00:00:00-05:00,37.7400016784668,37.970001220703125,37.33000183105469,37.4900016784668,1073100,0.0,0.0
2023-12-18 00:00:00-05:00,37.59000015258789,37.650001525878906,36.459999084472656,36.599998474121094,170100,0.0,0.0
2023-12-19 00:00:00-05:00,36.810001373291016,37.63999938964844,36.5,37.04999923706055,172600,0.0,0.0
2023-12-20 00:00:00-05:00,36.75,37.900001525878906,36.310001373291016,36.31999969482422,223800,0.0,0.0
2023-12-21 00:00:00-05:00,36.72999954223633,37.220001220703125,36.470001220703125,37.16999816894531,151500,0.0,0.0
2023-12-22 00:00:00-05:00,37.4900016784668,37.849998474121094,37.400001525878906,37.4900016784668,134700,0.0,0.0
2023-12-26 00:00:00-05:00,37.75,38.29999923706055,37.470001220703125,38.150001525878906,89700,0.0,0.0
2023-12-27 00:00:00-05:00,38.06999969482422,38.5099983215332,37.79999923706055,38.189998626708984,115200,0.0,0.0
2023-12-28 00:00:00-05:00,37.83000183105469,38.06999969482422,37.599998474121094,37.709999084472656,93200,0.0,0.0
2023-12-29 00:00:00-05:00,37.59000015258789,37.810001373291016,36.900001525878906,37.0099983215332,99300,0.0,0.0
2024-01-02 00:00:00-05:00,36.540000915527344,37.56999969482422,36.540000915527344,37.189998626708984,174800,0.0,0.0
2024-01-03 00:00:00-05:00,36.90999984741211,37.02000045776367,35.66999816894531,35.72999954223633,161700,0.0,0.0
2024-01-04 00:00:00-05:00,35.869998931884766,36.41999816894531,35.86000061035156,36.22999954223633,127800,0.0,0.0
2024-01-05 00:00:00-05:00,35.869998931884766,36.779998779296875,35.869998931884766,36.279998779296875,170000,0.0,0.0
2024-01-08 00:00:00-05:00,36.22999954223633,36.52000045776367,35.91999816894531,36.27000045776367,99100,0.0,0.0
2024-01-09 00:00:00-05:00,35.72999954223633,35.970001220703125,35.439998626708984,35.81999969482422,84100,0.0,0.0
2024-01-10 00:00:00-05:00,35.58000183105469,35.790000915527344,35.2599983215332,35.58000183105469,148700,0.0,0.0
2024-01-11 00:00:00-05:00,35.2400016784668,35.279998779296875,34.29999923706055,34.880001068115234,412300,0.0,0.0
2024-01-12 00:00:00-05:00,35.25,35.25,34.349998474121094,34.630001068115234,116400,0.0,0.0
2024-01-16 00:00:00-05:00,34.06999969482422,34.33000183105469,33.66999816894531,33.7599983215332,157000,0.0,0.0
2024-01-17 00:00:00-05:00,33.029998779296875,33.849998474121094,33.029998779296875,33.4900016784668,146800,0.0,0.0
2024-01-18 00:00:00-05:00,33.650001525878906,34.2400016784668,33.400001525878906,33.66999816894531,110400,0.0,0.0
2024-01-19 00:00:00-05:00,33.90999984741211,34.689998626708984,33.4900016784668,34.68000030517578,138200,0.0,0.0
2024-01-22 00:00:00-05:00,35.04999923706055,37.4900016784668,35.04999923706055,35.97999954223633,167400,0.0,0.0
2024-01-23 00:00:00-05:00,36.439998626708984,36.439998626708984,35.06999969482422,35.369998931884766,147200,0.0,0.0
2024-01-24 00:00:00-05:00,35.599998474121094,35.869998931884766,35.2599983215332,35.5,114400,0.0,0.0
2024-01-25 00:00:00-05:00,36.0,36.630001068115234,34.58000183105469,34.709999084472656,201400,0.0,0.0
2024-01-26 00:00:00-05:00,35.04999923706055,35.310001373291016,34.77000045776367,35.22999954223633,107300,0.0,0.0
2024-01-29 00:00:00-05:00,35.18000030517578,36.4900016784668,35.040000915527344,36.439998626708984,134600,0.0,0.0
2024-01-30 00:00:00-05:00,36.5,36.58000183105469,36.20000076293945,36.290000915527344,146400,0.0,0.0
2024-01-31 00:00:00-05:00,35.349998474121094,35.790000915527344,34.5099983215332,34.560001373291016,251300,0.0,0.0
2024-02-01 00:00:00-05:00,35.0,35.189998626708984,33.20000076293945,34.529998779296875,288000,0.0,0.0
2024-02-02 00:00:00-05:00,34.0,35.349998474121094,33.79999923706055,34.95000076293945,233200,0.0,0.0
2024-02-05 00:00:00-05:00,34.56999969482422,34.88999938964844,33.970001220703125,34.33000183105469,193600,0.0,0.0
2024-02-06 00:00:00-05:00,34.2599983215332,34.7400016784668,34.0099983215332,34.18000030517578,175300,0.0,0.0
2024-02-07 00:00:00-05:00,34.20000076293945,34.349998474121094,33.2599983215332,34.20000076293945,131000,0.0,0.0
2024-02-08 00:00:00-05:00,34.2400016784668,34.630001068115234,34.220001220703125,34.5099983215332,143600,0.0,0.0
2024-02-09 00:00:00-05:00,34.709999084472656,35.7599983215332,33.81999969482422,35.4900016784668,202800,0.0,0.0
2024-02-12 00:00:00-05:00,35.369998931884766,36.63999938964844,35.369998931884766,35.959999084472656,194800,0.0,0.0
2024-02-13 00:00:00-05:00,34.540000915527344,35.0,33.41999816894531,33.93000030517578,195600,0.0,0.0
2024-02-14 00:00:00-05:00,34.470001220703125,34.970001220703125,33.61000061035156,34.43000030517578,136900,0.0,0.0
2024-02-15 00:00:00-05:00,34.79999923706055,36.369998931884766,34.45000076293945,35.95000076293945,141800,0.0,0.0
2024-02-16 00:00:00-05:00,35.529998779296875,35.900001525878906,35.09000015258789,35.599998474121094,136000,0.0,0.0
2024-02-20 00:00:00-05:00,35.16999816894531,35.70000076293945,35.06999969482422,35.15999984741211,90300,0.0,0.0
2024-02-21 00:00:00-05:00,34.91999816894531,35.0099983215332,34.599998474121094,34.720001220703125,177300,0.0,0.0
2024-02-22 00:00:00-05:00,34.560001373291016,34.70000076293945,33.91999816894531,34.2599983215332,116000,0.0,0.0
2024-02-23 00:00:00-05:00,34.22999954223633,34.72999954223633,33.81999969482422,34.150001525878906,105400,0.0,0.0
2024-02-26 00:00:00-05:00,33.79999923706055,34.18000030517578,33.45000076293945,33.7599983215332,108200,0.0,0.0
2024-02-27 00:00:00-05:00,34.15999984741211,34.52000045776367,33.61000061035156,33.68000030517578,83500,0.0,0.0
2024-02-28 00:00:00-05:00,33.34000015258789,33.900001525878906,33.18000030517578,33.54999923706055,120900,0.0,0.0
2024-02-29 00:00:00-05:00,34.33000183105469,34.77000045776367,33.939998626708984,34.119998931884766,124000,0.0,0.0
2024-03-01 00:00:00-05:00,33.90999984741211,34.06999969482422,33.18000030517578,33.97999954223633,123000,0.0,0.0
2024-03-04 00:00:00-05:00,34.040000915527344,34.88999938964844,33.68000030517578,33.72999954223633,90900,0.0,0.0
2024-03-05 00:00:00-05:00,33.470001220703125,35.20000076293945,33.470001220703125,34.900001525878906,103900,0.0,0.0
2024-03-06 00:00:00-05:00,34.9900016784668,35.630001068115234,34.040000915527344,34.91999816894531,93500,0.0,0.0
2024-03-07 00:00:00-05:00,35.5099983215332,35.7599983215332,35.060001373291016,35.18000030517578,92500,0.0,0.0
2024-03-08 00:00:00-05:00,35.75,35.88999938964844,35.220001220703125,35.2599983215332,76900,0.0,0.0
2024-03-11 00:00:00-04:00,34.970001220703125,35.25,34.970001220703125,35.04999923706055,70500,0.0,0.0
2024-03-12 00:00:00-04:00,34.880001068115234,34.88999938964844,34.189998626708984,34.209999084472656,84800,0.0,0.0
2024-03-13 00:00:00-04:00,34.09000015258789,34.779998779296875,33.970001220703125,34.150001525878906,70000,0.0,0.0
2024-03-14 00:00:00-04:00,34.0,34.0,33.119998931884766,33.369998931884766,99700,0.0,0.0
2024-03-15 00:00:00-04:00,33.279998779296875,34.20000076293945,33.279998779296875,34.060001373291016,344400,0.0,0.0
2024-03-18 00:00:00-04:00,34.150001525878906,34.25,33.36000061035156,33.45000076293945,116800,0.0,0.0
2024-03-19 00:00:00-04:00,33.380001068115234,34.0099983215332,33.2599983215332,33.279998779296875,91500,0.0,0.0
2024-03-20 00:00:00-04:00,33.189998626708984,35.150001525878906,32.90999984741211,34.77000045776367,128000,0.0,0.0
2024-03-21 00:00:00-04:00,35.119998931884766,35.599998474121094,35.040000915527344,35.369998931884766,140300,0.0,0.0
2024-03-22 00:00:00-04:00,35.220001220703125,35.439998626708984,34.689998626708984,35.029998779296875,164400,0.0,0.0
2024-03-25 00:00:00-04:00,35.20000076293945,35.810001373291016,35.029998779296875,35.189998626708984,77700,0.0,0.0
2024-03-26 00:00:00-04:00,35.349998474121094,35.349998474121094,34.70000076293945,34.7599983215332,81200,0.0,0.0
2024-03-27 00:00:00-04:00,34.900001525878906,35.939998626708984,34.52000045776367,35.939998626708984,157500,0.0,0.0
2024-03-28 00:00:00-04:00,35.880001068115234,36.5099983215332,35.18000030517578,36.119998931884766,163200,0.0,0.0
2024-04-01 00:00:00-04:00,36.349998474121094,36.349998474121094,34.29999923706055,35.36000061035156,101700,0.0,0.0
2024-04-02 00:00:00-04:00,34.810001373291016,35.08000183105469,34.08000183105469,34.279998779296875,149800,0.0,0.0
2024-04-03 00:00:00-04:00,33.939998626708984,34.36000061035156,33.939998626708984,33.959999084472656,93900,0.0,0.0
2024-04-04 00:00:00-04:00,34.25,34.849998474121094,34.16999816894531,34.20000076293945,107300,0.0,0.0
2024-04-05 00:00:00-04:00,34.119998931884766,34.5,33.88999938964844,34.040000915527344,83000,0.0,0.0
2024-04-08 00:00:00-04:00,34.349998474121094,34.59000015258789,34.099998474121094,34.400001525878906,95900,0.0,0.0
2024-04-09 00:00:00-04:00,34.439998626708984,35.040000915527344,34.34000015258789,34.5099983215332,78300,0.0,0.0
2024-04-10 00:00:00-04:00,33.52000045776367,33.7599983215332,32.16999816894531,32.7400016784668,198300,0.0,0.0
2024-04-11 00:00:00-04:00,32.779998779296875,32.81999969482422,32.209999084472656,32.68000030517578,130800,0.0,0.0
2024-04-12 00:00:00-04:00,32.400001525878906,32.68000030517578,31.850000381469727,32.0,181200,0.0,0.0
2024-04-15 00:00:00-04:00,32.27000045776367,32.58000183105469,31.389999389648438,31.799999237060547,117800,0.0,0.0
2024-04-16 00:00:00-04:00,31.479999542236328,31.700000762939453,31.100000381469727,31.239999771118164,124600,0.0,0.0
2024-04-17 00:00:00-04:00,31.68000030517578,31.68000030517578,30.8700008392334,30.979999542236328,157600,0.0,0.0
2024-04-18 00:00:00-04:00,31.0,31.549999237060547,30.829999923706055,31.260000228881836,168100,0.0,0.0
2024-04-19 00:00:00-04:00,31.06999969482422,32.36000061035156,31.06999969482422,32.310001373291016,155200,0.0,0.0
2024-04-22 00:00:00-04:00,32.650001525878906,33.4900016784668,32.40999984741211,33.220001220703125,107900,0.0,0.0
2024-04-23 00:00:00-04:00,33.290000915527344,34.45000076293945,33.20000076293945,34.11000061035156,140200,0.0,0.0
2024-04-24 00:00:00-04:00,33.61000061035156,34.599998474121094,33.61000061035156,34.5,147400,0.0,0.0
2024-04-25 00:00:00-04:00,33.810001373291016,33.810001373291016,31.450000762939453,31.549999237060547,256200,0.0,0.0
2024-04-26 00:00:00-04:00,31.68000030517578,31.989999771118164,31.399999618530273,31.520000457763672,179300,0.0,0.0
2024-04-29 00:00:00-04:00,31.479999542236328,31.739999771118164,30.979999542236328,31.030000686645508,122300,0.0,0.0
2024-04-30 00:00:00-04:00,30.739999771118164,31.0,30.229999542236328,30.40999984741211,142800,0.0,0.0
2024-05-01 00:00:00-04:00,30.549999237060547,31.719999313354492,30.3799991607666,31.25,202000,0.0,0.0
2024-05-02 00:00:00-04:00,31.5,31.760000228881836,31.09000015258789,31.700000762939453,130800,0.0,0.0
2024-05-03 00:00:00-04:00,32.220001220703125,32.220001220703125,31.440000534057617,31.850000381469727,183100,0.0,0.0
2024-05-06 00:00:00-04:00,31.950000762939453,32.060001373291016,31.40999984741211,31.459999084472656,114600,0.0,0.0
2024-05-07 00:00:00-04:00,31.610000610351562,31.950000762939453,31.59000015258789,31.729999542236328,120800,0.0,0.0
2024-05-08 00:00:00-04:00,31.40999984741211,31.850000381469727,31.40999984741211,31.829999923706055,108600,0.0,0.0
2024-05-09 00:00:00-04:00,31.799999237060547,32.15999984741211,31.790000915527344,31.899999618530273,283500,0.0,0.0
2024-05-10 00:00:00-04:00,32.02000045776367,32.029998779296875,31.549999237060547,31.799999237060547,145600,0.0,0.0
2024-05-13 00:00:00-04:00,31.8799991607666,32.0,31.610000610351562,31.739999771118164,110800,0.0,0.0
2024-05-14 00:00:00-04:00,32.189998626708984,32.20000076293945,31.3799991607666,31.709999084472656,111700,0.0,0.0
2024-05-15 00:00:00-04:00,32.20000076293945,32.2400016784668,31.5,31.809999465942383,145300,0.0,0.0
2024-05-16 00:00:00-04:00,31.780000686645508,32.459999084472656,31.670000076293945,32.25,128800,0.0,0.0
2024-05-17 00:00:00-04:00,32.400001525878906,32.939998626708984,32.400001525878906,32.599998474121094,117900,0.0,0.0
2024-05-20 00:00:00-04:00,32.70000076293945,32.880001068115234,32.20000076293945,32.220001220703125,93000,0.0,0.0
2024-05-21 00:00:00-04:00,32.08000183105469,32.4900016784668,32.0,32.439998626708984,151600,0.0,0.0
2024-05-22 00:00:00-04:00,32.47999954223633,32.5,32.040000915527344,32.150001525878906,113500,0.0,0.0
2024-05-23 00:00:00-04:00,32.16999816894531,32.16999816894531,31.239999771118164,31.40999984741211,114000,0.0,0.0
2024-05-24 00:00:00-04:00,31.540000915527344,31.760000228881836,31.209999084472656,31.75,127000,0.0,0.0
2024-05-28 00:00:00-04:00,31.860000610351562,31.950000762939453,31.389999389648438,31.489999771118164,108800,0.0,0.0
2024-05-29 00:00:00-04:00,30.780000686645508,31.1200008392334,30.59000015258789,31.020000457763672,158300,0.0,0.0
2024-05-30 00:00:00-04:00,31.549999237060547,31.690000534057617,31.219999313354492,31.5,233500,0.0,0.0
2024-05-31 00:00:00-04:00,31.65999984741211,31.860000610351562,31.15999984741211,31.549999237060547,136100,0.0,0.0
2024-06-03 00:00:00-04:00,31.93000030517578,31.93000030517578,30.809999465942383,30.940000534057617,102000,0.0,0.0
2024-06-04 00:00:00-04:00,30.719999313354492,30.770000457763672,30.260000228881836,30.34000015258789,74700,0.0,0.0
2024-06-05 00:00:00-04:00,30.65999984741211,30.940000534057617,30.209999084472656,30.899999618530273,106000,0.0,0.0
2024-06-06 00:00:00-04:00,30.760000228881836,31.3799991607666,30.729999542236328,31.34000015258789,115800,0.0,0.0
2024-06-07 00:00:00-04:00,30.889999389648438,31.469999313354492,30.809999465942383,31.190000534057617,96600,0.0,0.0
2024-06-10 00:00:00-04:00,30.770000457763672,30.790000915527344,29.860000610351562,30.100000381469727,159200,0.0,0.0
2024-06-11 00:00:00-04:00,29.889999389648438,30.030000686645508,29.6299991607666,29.790000915527344,161400,0.0,0.0
2024-06-12 00:00:00-04:00,30.90999984741211,31.40999984741211,30.389999389648438,30.829999923706055,152500,0.0,0.0
2024-06-13 00:00:00-04:00,30.889999389648438,30.889999389648438,30.290000915527344,30.549999237060547,97000,0.0,0.0
2024-06-14 00:00:00-04:00,30.020000457763672,30.06999969482422,29.75,30.020000457763672,92900,0.0,0.0
2024-06-17 00:00:00-04:00,29.829999923706055,30.649999618530273,29.700000762939453,30.6200008392334,78200,0.0,0.0
2024-06-18 00:00:00-04:00,30.440000534057617,30.81999969482422,30.3700008392334,30.3799991607666,100500,0.0,0.0
2024-06-20 00:00:00-04:00,30.3799991607666,30.670000076293945,29.989999771118164,30.479999542236328,129200,0.0,0.0
2024-06-21 00:00:00-04:00,30.5,30.5,30.059999465942383,30.219999313354492,426900,0.0,0.0
2024-06-24 00:00:00-04:00,30.459999084472656,30.790000915527344,30.200000762939453,30.469999313354492,327400,0.0,0.0
2024-06-25 00:00:00-04:00,30.280000686645508,30.5,29.969999313354492,30.0,115700,0.0,0.0
2024-06-26 00:00:00-04:00,29.709999084472656,30.940000534057617,29.530000686645508,30.700000762939453,163800,0.0,0.0
2024-06-27 00:00:00-04:00,30.75,31.270000457763672,30.3799991607666,31.18000030517578,127800,0.0,0.0
2024-06-28 00:00:00-04:00,31.3700008392334,32.119998931884766,31.219999313354492,31.920000076293945,391400,0.0,0.0
2024-07-01 00:00:00-04:00,31.68000030517578,32.2400016784668,30.760000228881836,31.649999618530273,139000,0.0,0.0
2024-07-02 00:00:00-04:00,31.649999618530273,32.7400016784668,31.18000030517578,32.58000183105469,165900,0.0,0.0
2024-07-03 00:00:00-04:00,32.63999938964844,32.63999938964844,32.040000915527344,32.13999938964844,109000,0.0,0.0
2024-07-05 00:00:00-04:00,32.029998779296875,32.650001525878906,31.760000228881836,31.8799991607666,108700,0.0,0.0
2024-07-08 00:00:00-04:00,32.060001373291016,32.59000015258789,31.780000686645508,31.860000610351562,198500,0.0,0.0
2024-07-09 00:00:00-04:00,31.579999923706055,32.18000030517578,31.549999237060547,31.969999313354492,230000,0.0,0.0
2024-07-10 00:00:00-04:00,32.08000183105469,33.220001220703125,32.08000183105469,33.189998626708984,136800,0.0,0.0
2024-07-11 00:00:00-04:00,34.130001068115234,35.20000076293945,33.79999923706055,35.04999923706055,188500,0.0,0.0
2024-07-12 00:00:00-04:00,35.61000061035156,35.939998626708984,34.81999969482422,35.11000061035156,236700,0.0,0.0
2024-07-15 00:00:00-04:00,35.7400016784668,36.869998931884766,35.7400016784668,36.0099983215332,333600,0.0,0.0
2024-07-16 00:00:00-04:00,36.529998779296875,38.06999969482422,36.529998779296875,37.900001525878906,273500,0.0,0.0
2024-07-17 00:00:00-04:00,37.400001525878906,38.9900016784668,37.400001525878906,38.84000015258789,385600,0.0,0.0
2024-07-18 00:00:00-04:00,38.439998626708984,39.369998931884766,37.849998474121094,38.209999084472656,306200,0.0,0.0
2024-07-19 00:00:00-04:00,38.25,39.31999969482422,35.849998474121094,38.150001525878906,164800,0.0,0.0
2024-07-22 00:00:00-04:00,37.86000061035156,39.040000915527344,37.560001373291016,38.81999969482422,142700,0.0,0.0
2024-07-23 00:00:00-04:00,38.599998474121094,40.290000915527344,38.599998474121094,39.66999816894531,254400,0.0,0.0
2024-07-24 00:00:00-04:00,39.310001373291016,40.5,39.29999923706055,39.34000015258789,178100,0.0,0.0
2024-07-25 00:00:00-04:00,42.0,45.40999984741211,41.560001373291016,44.150001525878906,869900,0.0,0.0
2024-07-26 00:00:00-04:00,44.31999969482422,44.86000061035156,42.20000076293945,43.189998626708984,422100,0.0,0.0
2024-07-29 00:00:00-04:00,43.099998474121094,43.470001220703125,41.65999984741211,41.84000015258789,247600,0.0,0.0
2024-07-30 00:00:00-04:00,41.869998931884766,42.36000061035156,41.54999923706055,41.84000015258789,178200,0.0,0.0
2024-07-31 00:00:00-04:00,42.0099983215332,43.119998931884766,41.41999816894531,41.79999923706055,246600,0.0,0.0
2024-08-01 00:00:00-04:00,41.790000915527344,41.790000915527344,39.47999954223633,40.04999923706055,236400,0.0,0.0
2024-08-02 00:00:00-04:00,38.279998779296875,39.560001373291016,37.58000183105469,39.18000030517578,198100,0.0,0.0
2024-08-05 00:00:00-04:00,37.130001068115234,38.970001220703125,36.470001220703125,38.54999923706055,260800,0.0,0.0
2024-08-06 00:00:00-04:00,38.38999938964844,38.849998474121094,38.040000915527344,38.290000915527344,113400,0.0,0.0
2024-08-07 00:00:00-04:00,38.81999969482422,39.20000076293945,37.79999923706055,38.20000076293945,118400,0.0,0.0
2024-08-08 00:00:00-04:00,39.0,39.959999084472656,39.0,39.93000030517578,243300,0.0,0.0
2024-08-09 00:00:00-04:00,39.79999923706055,39.79999923706055,38.58000183105469,39.08000183105469,137100,0.0,0.0
2024-08-12 00:00:00-04:00,39.560001373291016,40.25,38.63999938964844,38.90999984741211,148200,0.0,0.0
2024-08-13 00:00:00-04:00,39.52000045776367,39.650001525878906,38.650001525878906,39.58000183105469,153500,0.0,0.0
2024-08-14 00:00:00-04:00,39.7400016784668,39.7400016784668,38.630001068115234,39.119998931884766,102200,0.0,0.0
2024-08-15 00:00:00-04:00,40.15999984741211,40.619998931884766,39.790000915527344,39.95000076293945,122100,0.0,0.0
2024-08-16 00:00:00-04:00,39.93000030517578,41.08000183105469,39.93000030517578,41.0,152400,0.0,0.0
2024-08-19 00:00:00-04:00,41.060001373291016,42.22999954223633,40.959999084472656,41.810001373291016,409600,0.0,0.0
2024-08-20 00:00:00-04:00,41.5099983215332,41.5099983215332,40.7599983215332,40.97999954223633,143300,0.0,0.0
2024-08-21 00:00:00-04:00,41.349998474121094,41.349998474121094,40.47999954223633,40.95000076293945,79700,0.0,0.0
2024-08-22 00:00:00-04:00,40.779998779296875,41.5,40.43000030517578,41.029998779296875,64400,0.0,0.0
2024-08-23 00:00:00-04:00,41.43000030517578,44.0,41.43000030517578,42.95000076293945,188300,0.0,0.0
2024-08-26 00:00:00-04:00,43.279998779296875,43.41999816894531,42.2400016784668,42.27000045776367,129600,0.0,0.0
2024-08-27 00:00:00-04:00,42.06999969482422,42.06999969482422,41.38999938964844,41.52000045776367,103300,0.0,0.0
2024-08-28 00:00:00-04:00,41.56999969482422,42.380001068115234,41.27000045776367,41.91999816894531,193100,0.0,0.0
2024-08-29 00:00:00-04:00,42.400001525878906,42.439998626708984,41.65999984741211,42.0,125000,0.0,0.0
2024-08-30 00:00:00-04:00,42.099998474121094,42.54999923706055,41.83000183105469,42.47999954223633,126200,0.0,0.0
2024-09-03 00:00:00-04:00,41.93000030517578,42.65999984741211,41.93000030517578,42.25,148500,0.0,0.0
2024-09-04 00:00:00-04:00,41.9900016784668,42.369998931884766,41.33000183105469,41.560001373291016,157400,0.0,0.0
2024-09-05 00:00:00-04:00,41.849998474121094,41.93000030517578,41.130001068115234,41.470001220703125,116100,0.0,0.0
2024-09-06 00:00:00-04:00,41.54999923706055,41.9900016784668,40.59000015258789,40.91999816894531,144700,0.0,0.0
2024-09-09 00:00:00-04:00,40.97999954223633,41.540000915527344,40.630001068115234,41.2599983215332,196800,0.0,0.0
2024-09-10 00:00:00-04:00,41.25,41.529998779296875,40.54999923706055,41.36000061035156,170600,0.0,0.0
2024-09-11 00:00:00-04:00,40.91999816894531,41.400001525878906,39.880001068115234,41.209999084472656,164000,0.0,0.0
2024-09-12 00:00:00-04:00,41.560001373291016,41.72999954223633,40.90999984741211,41.25,126200,0.0,0.0
2024-09-13 00:00:00-04:00,41.86000061035156,42.5,41.65999984741211,42.43000030517578,147000,0.0,0.0
