Date,Open,High,Low,Close,Volume,Dividends,Stock Splits
2005-10-27 00:00:00-04:00,3.959612822529934,3.9615926742553715,3.959612822529934,3.961592674255371,507400,0.0,0.0
2005-10-28 00:00:00-04:00,3.959613800048828,3.961593652263036,3.959613800048828,3.959613800048828,234400,0.0,0.0
2005-10-31 00:00:00-05:00,3.959612822529934,3.9615926742553715,3.959612822529934,3.961592674255371,60100,0.0,0.0
2005-11-01 00:00:00-05:00,3.959613800048828,3.961593652263036,3.959613800048828,3.959613800048828,72400,0.0,0.0
2005-11-02 00:00:00-05:00,3.961593652263036,3.961593652263036,3.959613800048828,3.959613800048828,32500,0.0,0.0
2005-11-03 00:00:00-05:00,3.959613800048828,3.961593652263036,3.959613800048828,3.959613800048828,19600,0.0,0.0
2005-11-04 00:00:00-05:00,3.959613800048828,3.961593652263036,3.959613800048828,3.959613800048828,27900,0.0,0.0
2005-11-07 00:00:00-05:00,3.961593652263036,3.961593652263036,3.959613800048828,3.959613800048828,31300,0.0,0.0
2005-11-08 00:00:00-05:00,3.959613800048828,3.961593652263036,3.959613800048828,3.959613800048828,41800,0.0,0.0
2005-11-09 00:00:00-05:00,3.959613800048828,3.961593652263036,3.959613800048828,3.959613800048828,77300,0.0,0.0
2005-11-10 00:00:00-05:00,3.959613800048828,3.961593652263036,3.959613800048828,3.959613800048828,79200,0.0,0.0
2005-11-11 00:00:00-05:00,3.959613800048828,3.961593652263036,3.959613800048828,3.959613800048828,45300,0.0,0.0
2005-11-14 00:00:00-05:00,3.961593652263036,3.961593652263036,3.959613800048828,3.959613800048828,50200,0.0,0.0
2005-11-15 00:00:00-05:00,3.959613800048828,3.961593652263036,3.959613800048828,3.959613800048828,27800,0.0,0.0
2005-11-16 00:00:00-05:00,3.961593652263036,3.961593652263036,3.959613800048828,3.959613800048828,43100,0.0,0.0
2005-11-17 00:00:00-05:00,3.959613800048828,3.961593652263036,3.959613800048828,3.959613800048828,91400,0.0,0.0
2005-11-18 00:00:00-05:00,3.959613800048828,3.961593652263036,3.959613800048828,3.959613800048828,77100,0.0,0.0
2005-11-21 00:00:00-05:00,3.959613800048828,3.961593652263036,3.959613800048828,3.959613800048828,152100,0.0,0.0
2005-11-22 00:00:00-05:00,3.9596142639984953,3.961594116444684,3.583450984442287,3.6626431941986084,370900,0.0,0.0
2005-11-23 00:00:00-05:00,3.613147460185652,3.6428444870745,3.5042582357204815,3.6388847827911377,132800,0.0,0.0
2005-11-25 00:00:00-05:00,3.585430416782037,3.7121379375457764,3.585430416782037,3.7121379375457764,25100,0.0,0.0
2005-11-28 00:00:00-05:00,3.6923400133169797,3.712138159022075,3.6725418676118844,3.7022392749786377,27700,0.0,0.0
2005-11-29 00:00:00-05:00,3.632946351495653,3.6586836793968254,3.6091884985252722,3.6250269412994385,70800,0.0,0.0
2005-11-30 00:00:00-05:00,3.613147900507983,3.652744192930705,3.577511312851179,3.6190874576568604,53800,0.0,0.0
2005-12-01 00:00:00-05:00,3.62898497899974,3.6586819983542274,3.5834495241483197,3.6131465435028076,62700,0.0,0.0
2005-12-02 00:00:00-05:00,3.619086899543966,3.630965634391626,3.5834503173828125,3.5834503173828125,42900,0.0,0.0
2005-12-05 00:00:00-05:00,3.6131472771554862,3.6270058638270393,3.59136928231838,3.6230461597442627,39200,0.0,0.0
2005-12-06 00:00:00-05:00,3.6151272523740197,3.6230462831912305,3.5775108175422785,3.6210668087005615,56800,0.0,0.0
2005-12-07 00:00:00-05:00,3.6250261353000774,3.63888472244383,3.573551113324584,3.6210668087005615,49300,0.0,0.0
2005-12-08 00:00:00-05:00,3.617106034427019,3.630964617470959,3.555731770063763,3.599287748336792,68900,0.0,0.0
2005-12-09 00:00:00-05:00,3.563652014466196,3.5794904527590976,3.553753132139941,3.565631866455078,76200,0.0,0.0
2005-12-12 00:00:00-05:00,3.565632663466294,3.5755315480052055,3.5299960749370265,3.54781436920166,98600,0.0,0.0
2005-12-13 00:00:00-05:00,3.551773231633819,3.551773231633819,3.4903989536713134,3.504257917404175,82200,0.0,0.0
2005-12-14 00:00:00-05:00,3.4646615571383297,3.5299951599682124,3.4567421494653052,3.52207612991333,144600,0.0,0.0
2005-12-15 00:00:00-05:00,3.5042578402671674,3.5299951599682124,3.480499994866236,3.52207612991333,104000,0.0,0.0
2005-12-16 00:00:00-05:00,3.510196932524953,3.5636518001556396,3.504257754533632,3.5636518001556396,86200,0.0,0.0
2005-12-19 00:00:00-05:00,3.563652976260683,3.563652976260683,3.537915648695278,3.5537540912628174,78300,0.0,0.0
2005-12-20 00:00:00-05:00,3.533955919543151,3.537915624562591,3.4765413296160443,3.514157772064209,78100,0.0,0.0
2005-12-21 00:00:00-05:00,3.5339567159784346,3.549795162007392,3.5042596768764325,3.537916421890259,71200,0.0,0.0
2005-12-22 00:00:00-05:00,3.4587224150354077,3.5200966989870834,3.4587224150354077,3.4844601154327393,102700,0.0,0.0
2005-12-23 00:00:00-05:00,3.4844591822382087,3.524055081880023,3.472580450107473,3.4943580627441406,118200,0.0,0.0
2005-12-27 00:00:00-05:00,3.494358472309742,3.529995050496915,3.464661449693141,3.4884192943573,139000,0.0,0.0
2005-12-28 00:00:00-05:00,3.4654501868830194,3.525371362057551,3.4634527635812633,3.5133872032165527,97000,0.155,0.0
2005-12-29 00:00:00-05:00,3.5153850088993552,3.53136401608196,3.471442453420005,3.509392738342285,107300,0.0,0.0
2005-12-30 00:00:00-05:00,3.4894178430281664,3.5313629624738585,3.4794311093822468,3.5293655395507812,168000,0.0,0.0
2006-01-03 00:00:00-05:00,3.5753051765977797,3.6152528737094984,3.5053968971370084,3.587289333343506,79300,0.0,0.0
2006-01-04 00:00:00-05:00,3.5952803890949605,3.66119384765625,3.589288117964073,3.66119384765625,74700,0.0,0.0
2006-01-05 00:00:00-05:00,3.6671842052845376,3.671178669651236,3.6372232462330674,3.6472103595733643,36500,0.0,0.0
2006-01-06 00:00:00-05:00,3.6651864535488707,3.6831628749780263,3.6352258781567395,3.6671838760375977,54800,0.0,0.0
2006-01-09 00:00:00-05:00,3.647211782798811,3.6931513791825967,3.647211782798811,3.6891565322875977,57900,0.0,0.0
2006-01-10 00:00:00-05:00,3.6931504714175802,3.695147894374119,3.657197620138824,3.677171468734741,75700,0.0,0.0
2006-01-11 00:00:00-05:00,3.6971451293349737,3.715121554060271,3.6671845484492973,3.707131862640381,89900,0.0,0.0
2006-01-12 00:00:00-05:00,3.717118783636063,3.717118783636063,3.6731762450504606,3.6951475143432617,62700,0.0,0.0
2006-01-13 00:00:00-05:00,3.695149039415173,3.7071331998985473,3.6751751846298215,3.699143886566162,36000,0.0,0.0
2006-01-17 00:00:00-05:00,3.6911530956844585,3.6951479416486457,3.665187358856201,3.665187358856201,39600,0.0,0.0
2006-01-18 00:00:00-05:00,3.655200054110215,3.7051344831607342,3.6452133206878954,3.6711790561676025,49700,0.0,0.0
2006-01-19 00:00:00-05:00,3.6751748984064245,3.7211144941562337,3.6751748984064245,3.711127758026123,49600,0.0,0.0
2006-01-20 00:00:00-05:00,3.711126801650371,3.7231109581120396,3.669182063549798,3.6871581077575684,45700,0.0,0.0
2006-01-23 00:00:00-05:00,3.687157961554858,3.6991424985107826,3.64721064794346,3.663189649581909,62000,0.0,0.0
2006-01-24 00:00:00-05:00,3.6631919222160145,3.6991447934499493,3.6631919222160145,3.6971473693847656,46800,0.0,0.0
2006-01-25 00:00:00-05:00,3.6971457008973014,3.7051350125828484,3.665187692216086,3.683164119720459,54500,0.0,0.0
2006-01-26 00:00:00-05:00,3.689155865229556,3.721113872671897,3.677171707681053,3.7011404037475586,74600,0.0,0.0
2006-01-27 00:00:00-05:00,3.6951484184516277,3.721114158630371,3.689156148732135,3.721114158630371,50300,0.0,0.0
2006-01-30 00:00:00-05:00,3.709129237442859,3.7251082391061723,3.695147658608641,3.705134391784668,52300,0.0,0.0
2006-01-31 00:00:00-05:00,3.6851626367791064,3.7111283836766362,3.6751755179957275,3.6931519508361816,62400,0.0,0.0
2006-02-01 00:00:00-05:00,3.649207933975983,3.701139782596599,3.649207933975983,3.6951475143432617,66200,0.0,0.0
2006-02-02 00:00:00-05:00,3.6891556285760783,3.7151217460632324,3.6631898920583996,3.7151217460632324,70600,0.0,0.0
2006-02-03 00:00:00-05:00,3.711126900146828,3.73509559467578,3.69914274336709,3.7151217460632324,77300,0.0,0.0
2006-02-06 00:00:00-05:00,3.721112873036789,3.7291025632357835,3.709128718707694,3.727105140686035,39600,0.0,0.0
2006-02-07 00:00:00-05:00,3.7191176432028987,3.729104379847225,3.7051356785434253,3.7091305255889893,67000,0.0,0.0
2006-02-08 00:00:00-05:00,3.7251086239601876,3.7410876272743474,3.705134774575115,3.7390902042388916,46900,0.0,0.0
2006-02-09 00:00:00-05:00,3.7410878185082166,3.7410878185082166,3.7171195027965287,3.7330985069274902,43000,0.0,0.0
2006-02-10 00:00:00-05:00,3.715121127267903,3.729102704677054,3.703136972484261,3.719115972518921,33100,0.0,0.0
2006-02-13 00:00:00-05:00,3.7191176432028987,3.7430859635371156,3.7011412124674443,3.7091305255889893,51900,0.0,0.0
2006-02-14 00:00:00-05:00,3.6951482764164467,3.7251088619232178,3.6851615415706944,3.7251088619232178,58700,0.0,0.0
2006-02-15 00:00:00-05:00,3.725107953456512,3.72710537613244,3.705134107666647,3.7131237983703613,42900,0.0,0.0
2006-02-16 00:00:00-05:00,3.6951477064800016,3.73509540164054,3.6951477064800016,3.707131862640381,66100,0.0,0.0
2006-02-17 00:00:00-05:00,3.7251083386392665,3.741087340729531,3.699142603106134,3.7370924949645996,33300,0.0,0.0
2006-02-21 00:00:00-05:00,3.7291037082493244,3.755069447429989,3.7171195502405188,3.7251088619232178,80300,0.0,0.0
2006-02-22 00:00:00-05:00,3.70513520106723,3.7430854811703145,3.70513520106723,3.723111629486084,64100,0.0,0.0
2006-02-23 00:00:00-05:00,3.719117116360069,3.7410880100591504,3.7131248466405764,3.721114158630371,71000,0.0,0.0
2006-02-24 00:00:00-05:00,3.7151217460632324,3.7330981717175775,3.711126900146828,3.7151217460632324,39100,0.0,0.0
2006-02-27 00:00:00-05:00,3.715121127267903,3.745081704711714,3.715121127267903,3.719115972518921,54800,0.0,0.0
2006-02-28 00:00:00-05:00,3.7171194553375244,3.73709292451908,3.715122032225468,3.7171194553375244,62800,0.0,0.0
2006-03-01 00:00:00-05:00,3.7350982077653607,3.7530746459960938,3.719119193890236,3.7530746459960938,41900,0.0,0.0
2006-03-02 00:00:00-05:00,3.749077462870917,3.773045778274536,3.7211139202740218,3.773045778274536,53500,0.0,0.0
2006-03-03 00:00:00-05:00,3.7710491646197988,3.789025595515913,3.7470808440713705,3.777041435241699,65600,0.0,0.0
2006-03-06 00:00:00-05:00,3.7810361425724173,3.791022878936879,3.755070018473501,3.7570674419403076,46400,0.0,0.0
2006-03-07 00:00:00-05:00,3.729102953332799,3.7830322249092982,3.7211132622980125,3.7750425338745117,49300,0.0,0.0
2006-03-08 00:00:00-05:00,3.777039572378068,3.7930185718525893,3.7510738410954954,3.7650554180145264,63200,0.0,0.0
2006-03-09 00:00:00-05:00,3.7750432972578696,3.793019724751868,3.7510749812455484,3.763059139251709,39200,0.0,0.0
2006-03-10 00:00:00-05:00,3.7730464421417165,3.795017719268799,3.7490781225208734,3.795017719268799,39100,0.0,0.0
2006-03-13 00:00:00-05:00,3.769049753026265,3.8010077476501465,3.7650549084559435,3.8010077476501465,64200,0.0,0.0
2006-03-14 00:00:00-05:00,3.7910228723421344,3.80700187907922,3.777041289068381,3.795017719268799,44400,0.0,0.0
2006-03-15 00:00:00-05:00,3.7850298896520207,3.8050033565770547,3.779037620992834,3.799011468887329,32800,0.0,0.0
2006-03-16 00:00:00-05:00,3.7990112829027085,3.8309692855815785,3.795016437325489,3.8289718627929688,62200,0.0,0.0
2006-03-17 00:00:00-05:00,3.824978631222272,3.858934071017753,3.824978631222272,3.850944757461548,40100,0.0,0.0
2006-03-20 00:00:00-05:00,3.8609304904935122,3.864925336717432,3.8070012093791075,3.8109960556030273,81000,0.0,0.0
2006-03-21 00:00:00-05:00,3.7910213976435605,3.830969089431501,3.7750423971222693,3.8030059337615967,48500,0.0,0.0
2006-03-22 00:00:00-05:00,3.8090001560931364,3.8309714381437154,3.79701599359721,3.8149924278259277,56100,0.0,0.0
2006-03-23 00:00:00-05:00,3.8349649906158447,3.862928153984342,3.808998869514073,3.8349649906158447,74300,0.0,0.0
2006-03-24 00:00:00-05:00,3.8249770691883325,3.87091665104224,3.8249770691883325,3.8589324951171875,70700,0.0,0.0
2006-03-27 00:00:00-05:00,3.8549392632802553,3.882902813437699,3.8549392632802553,3.8809053897857666,99200,0.0,0.0
2006-03-28 00:00:00-05:00,3.878907538239106,3.880904961670696,3.840957254978026,3.872915267944336,59500,0.0,0.0
2006-03-29 00:00:00-05:00,3.7790365811230178,3.80899715423584,3.7690498504085297,3.80899715423584,66100,0.0,0.0
2006-03-30 00:00:00-05:00,3.8089992974821265,3.8429547343745187,3.7930202907662696,3.8229808807373047,51900,0.0,0.0
2006-03-31 00:00:00-05:00,3.8229808320007184,3.836962415077655,3.7890253955412008,3.830970525741577,38100,0.0,0.0
2006-04-03 00:00:00-04:00,3.834965791077536,3.8829028158448042,3.8229812491585133,3.8709182739257812,51300,0.0,0.0
2006-04-04 00:00:00-04:00,3.872915267944336,3.872915267944336,3.8449521018412063,3.872915267944336,40900,0.0,0.0
2006-04-05 00:00:00-04:00,3.8669238075890484,3.8809053921916337,3.8489473756801216,3.8709182739257812,46900,0.0,0.0
2006-04-06 00:00:00-04:00,3.8709175144510377,3.874912360973589,3.822980499089021,3.8269753456115723,52100,0.0,0.0
2006-04-07 00:00:00-04:00,3.818987275647789,3.8409581767287113,3.7890262979534874,3.8149924278259277,53200,0.0,0.0
2006-04-10 00:00:00-04:00,3.834963164559188,3.834963164559188,3.783031328053045,3.8010077476501465,34300,0.0,0.0
2006-04-11 00:00:00-04:00,3.795016046716237,3.812992468994024,3.7650554699097265,3.781034469604492,41800,0.0,0.0
2006-04-12 00:00:00-04:00,3.781034756144391,3.785029601613177,3.759063487035503,3.783032178878784,47400,0.0,0.0
2006-04-13 00:00:00-04:00,3.767054657134857,3.775043970240058,3.739091108842697,3.7470808029174805,35400,0.0,0.0
2006-04-17 00:00:00-04:00,3.773046019957386,3.773046019957386,3.6751745670228484,3.721114158630371,51300,0.0,0.0
2006-04-18 00:00:00-04:00,3.7211147282199106,3.7370937356149287,3.655201275094263,3.7350966930389404,57300,0.0,0.0
2006-04-19 00:00:00-04:00,3.7530730705527495,3.775043967302141,3.7251095222823523,3.7610623836517334,49000,0.0,0.0
2006-04-20 00:00:00-04:00,3.7370924949645996,3.775042767792526,3.721113492874335,3.7370924949645996,46300,0.0,0.0
2006-04-21 00:00:00-04:00,3.733097419065484,3.775042149822578,3.7211128837325442,3.7650554180145264,34000,0.0,0.0
2006-04-24 00:00:00-04:00,3.7450819544329357,3.7830322249092982,3.7390896861568454,3.7750425338745117,50500,0.0,0.0
2006-04-25 00:00:00-04:00,3.773046597496116,3.773046597496116,3.709130567916044,3.7350966930389404,72000,0.0,0.0
2006-04-26 00:00:00-04:00,3.727108510342928,3.7550716893819605,3.727108510342928,3.7530746459960938,47300,0.0,0.0
2006-04-27 00:00:00-04:00,3.745082711757711,3.771048450932645,3.7350959769141627,3.763059139251709,44600,0.0,0.0
2006-04-28 00:00:00-04:00,3.7350954083393795,3.7770401454606626,3.7350954083393795,3.759063720703125,46600,0.0,0.0
2006-05-01 00:00:00-04:00,3.765055786754454,3.7690506322566786,3.6951475143432617,3.6951475143432617,76700,0.0,0.0
2006-05-02 00:00:00-04:00,3.715122838552771,3.747080853342807,3.715122838552771,3.7350966930389404,35000,0.0,0.0
2006-05-03 00:00:00-04:00,3.735096833346906,3.75307326496278,3.7251097152438644,3.7450835704803467,19400,0.0,0.0
2006-05-04 00:00:00-04:00,3.7450833793987846,3.7550701160226816,3.739091108842697,3.7470808029174805,18100,0.0,0.0
2006-05-05 00:00:00-04:00,3.771048116997945,3.773045539983681,3.747079803108071,3.7690510749816895,42400,0.0,0.0
2006-05-08 00:00:00-04:00,3.7570675366174506,3.773046543785,3.729104369316635,3.7610623836517334,49100,0.0,0.0
2006-05-09 00:00:00-04:00,3.7370920142096784,3.75307139521375,3.719115972518921,3.719115972518921,67900,0.0,0.0
2006-05-10 00:00:00-04:00,3.705134107666647,3.7171186437222183,3.6871576845527105,3.7131237983703613,76800,0.0,0.0
2006-05-11 00:00:00-04:00,3.7191186531321008,3.729105392488333,3.695149945319582,3.6971473693847656,37800,0.0,0.0
2006-05-12 00:00:00-04:00,3.691153911543682,3.691153911543682,3.6671855923997785,3.6691830158233643,25100,0.0,0.0
2006-05-15 00:00:00-04:00,3.6891552852184635,3.6911527079907613,3.621244434838096,3.6452131271362305,45000,0.0,0.0
2006-05-16 00:00:00-04:00,3.6452135100047447,3.6791689387613764,3.6452135100047447,3.665187358856201,27800,0.0,0.0
2006-05-17 00:00:00-04:00,3.64521365062629,3.6472110736854386,3.5892869478786222,3.6092607975006104,68400,0.0,0.0
2006-05-18 00:00:00-04:00,3.59727635469246,3.6432159384993508,3.59727635469246,3.6072630882263184,45800,0.0,0.0
2006-05-19 00:00:00-04:00,3.605265904775379,3.6312320232391357,3.5932817475449084,3.6312320232391357,24800,0.0,0.0
2006-05-22 00:00:00-04:00,3.6192490215667465,3.6192490215667465,3.505398158133627,3.577303886413574,92200,0.0,0.0
2006-05-23 00:00:00-04:00,3.595278883874209,3.651205581439035,3.58928661525208,3.601271152496338,69100,0.0,0.0
2006-05-24 00:00:00-04:00,3.5952787334176466,3.607262889190928,3.547341729355078,3.5533339977264404,49800,0.0,0.0
2006-05-25 00:00:00-04:00,3.573308463495341,3.643216756843637,3.5653191510675772,3.6112587451934814,50400,0.0,0.0
2006-05-26 00:00:00-04:00,3.6452142242646555,3.6552009601624906,3.6152536356015967,3.6412193775177,51000,0.0,0.0
2006-05-30 00:00:00-04:00,3.6312337795895986,3.6552021056435087,3.6132573445643295,3.649210214614868,39000,0.0,0.0
2006-05-31 00:00:00-04:00,3.625239420259764,3.6651871153081923,3.625239420259764,3.627236843109131,48800,0.0,0.0
2006-06-01 00:00:00-04:00,3.6192491766873163,3.7031390696195605,3.6152543291739647,3.6931519508361816,56600,0.0,0.0
2006-06-02 00:00:00-04:00,3.7111267150061775,3.7590637207031254,3.7111267150061775,3.759063720703125,44700,0.0,0.0
2006-06-05 00:00:00-04:00,3.7590649707497876,3.7610623942725696,3.6991437889446623,3.7091305255889893,38000,0.0,0.0
2006-06-06 00:00:00-04:00,3.6951477993783244,3.705134532934804,3.6651872177394202,3.6871581077575684,35200,0.0,0.0
2006-06-07 00:00:00-04:00,3.687157823338812,3.733097784675526,3.6731762450504606,3.6951475143432617,29000,0.0,0.0
2006-06-08 00:00:00-04:00,3.6971458446308527,3.6971458446308527,3.6512062529868063,3.6791694164276123,34200,0.0,0.0
2006-06-09 00:00:00-04:00,3.69115343009034,3.727106285086271,3.69115343009034,3.7251088619232178,19200,0.0,0.0
2006-06-12 00:00:00-04:00,3.7311002214842977,3.7311002214842977,3.695147375256425,3.7131237983703613,15200,0.0,0.0
2006-06-13 00:00:00-04:00,3.6951475143432617,3.719116206387175,3.6512053567270955,3.6951475143432617,32000,0.0,0.0
2006-06-14 00:00:00-04:00,3.7051354015907734,3.7051354015907734,3.6352274883668207,3.6412193775177,51900,0.0,0.0
2006-06-15 00:00:00-04:00,3.6532040531413097,3.7011410729725953,3.627237929293383,3.6891565322875977,79600,0.0,0.0
2006-06-16 00:00:00-04:00,3.6731768615083853,3.7191168305550626,3.6671849732188835,3.7011404037475586,37600,0.0,0.0
2006-06-19 00:00:00-04:00,3.6751738112871366,3.71312408310105,3.6591948096238234,3.705134391784668,42100,0.0,0.0
2006-06-20 00:00:00-04:00,3.703137349925023,3.727105661935268,3.6691819237693006,3.705134391784668,58000,0.0,0.0
2006-06-21 00:00:00-04:00,3.715123172203847,3.7550705037942236,3.69714673964881,3.72910475730896,45600,0.0,0.0
2006-06-22 00:00:00-04:00,3.709129810246293,3.7350959300650493,3.69514822925289,3.7330985069274902,35900,0.0,0.0
2006-06-23 00:00:00-04:00,3.725109575311062,3.7450834297972313,3.715122838552771,3.7350966930389404,34800,0.0,0.0
2006-06-26 00:00:00-04:00,3.7390914949641485,3.7390914949641485,3.6951493159238478,3.72910475730896,38600,0.0,0.0
2006-06-27 00:00:00-04:00,3.729103565017232,3.729103565017232,3.6671849732188835,3.7011404037475586,48700,0.0,0.0
2006-06-28 00:00:00-04:00,3.711128324753923,3.72910475730896,3.6911544684739237,3.72910475730896,38000,0.0,0.0
2006-06-29 00:00:00-04:00,3.729103899282213,3.753072597497196,3.721114206220707,3.723111629486084,68400,0.0,0.0
2006-06-30 00:00:00-04:00,3.7251084353592248,3.753071975470338,3.7191165475257133,3.7510745525360107,51300,0.0,0.0
2006-07-03 00:00:00-04:00,3.7664349573713425,3.8114931583404537,3.7664349573713425,3.811493158340454,14800,0.465,0.0
2006-07-05 00:00:00-04:00,3.819684803322498,3.8278773444637304,3.77053072840069,3.793059825897217,43300,0.0,0.0
2006-07-06 00:00:00-04:00,3.7828192968046603,3.809444665908814,3.7787234167163795,3.8094446659088135,44600,0.0,0.0
2006-07-07 00:00:00-04:00,3.768483092928294,3.8114931583404537,3.768483092928294,3.811493158340454,50800,0.0,0.0
2006-07-10 00:00:00-04:00,3.805347529585708,3.813540069182489,3.776674422280553,3.7889628410339355,37600,0.0,0.0
2006-07-11 00:00:00-04:00,3.7992044950685178,3.815589189529419,3.7766757843359855,3.815589189529419,37600,0.0,0.0
2006-07-12 00:00:00-04:00,3.8155886824878094,3.82173308858486,3.788963704017679,3.8053483963012695,40400,0.0,0.0
2006-07-13 00:00:00-04:00,3.811494916103625,3.813543052605125,3.752100129486421,3.7684848308563232,50900,0.0,0.0
2006-07-14 00:00:00-04:00,3.7889640051857527,3.801252427714729,3.7377617888994585,3.774627447128296,58300,0.0,0.0
2006-07-17 00:00:00-04:00,3.7869176687277246,3.7869176687277246,3.7295710186120203,3.7684848308563232,42700,0.0,0.0
2006-07-18 00:00:00-04:00,3.7766766574308166,3.7766766574308166,3.733666580376645,3.77258038520813,50000,0.0,0.0
2006-07-19 00:00:00-04:00,3.7869157150341404,3.82378137175772,3.7869157150341404,3.821733236312866,42100,0.0,0.0
2006-07-20 00:00:00-04:00,3.8237812239505438,3.8299256300475943,3.7582424548161817,3.8053483963012695,59700,0.0,0.0
2006-07-21 00:00:00-04:00,3.819685552397736,3.819685552397736,3.7643870607754644,3.8033008575439453,42400,0.0,0.0
2006-07-24 00:00:00-04:00,3.819685484529798,3.838118314743042,3.7910123667056106,3.838118314743042,45400,0.0,0.0
2006-07-25 00:00:00-04:00,3.8381185249423955,3.8381185249423955,3.8033009982596573,3.82787823677063,68300,0.0,0.0
2006-07-26 00:00:00-04:00,3.8278785212164346,3.864744186401367,3.7910128560315024,3.864744186401367,76000,0.0,0.0
2006-07-27 00:00:00-04:00,3.8749839043178476,3.8913685985809328,3.864743616894142,3.8811283111572266,63900,0.0,0.0
2006-07-28 00:00:00-04:00,3.9098014814800366,3.915945888402743,3.877032092509464,3.913897752761841,49100,0.0,0.0
2006-07-31 00:00:00-04:00,3.9425698801090845,3.9425698801090845,3.8790792537571708,3.8913676738739014,66800,0.0,0.0
2006-08-01 00:00:00-04:00,3.90160870552063,3.909801247594157,3.8749837250654804,3.90160870552063,53000,0.0,0.0
2006-08-02 00:00:00-04:00,3.942571043041411,3.948715450233096,3.9036572454446334,3.9446191787719727,85200,0.0,0.0
2006-08-03 00:00:00-04:00,3.9220910217805476,3.9671492374300947,3.9220910217805476,3.948716402053833,55900,0.0,0.0
2006-08-04 00:00:00-04:00,3.9794375508607565,3.981485687026713,3.9159468922842207,3.9384756088256836,51700,0.0,0.0
2006-08-07 00:00:00-04:00,3.9507632578127954,3.9528110027313232,3.9138975990086453,3.9528110027313232,53500,0.0,0.0
2006-08-08 00:00:00-04:00,3.9671472330303112,3.9691949775779034,3.9466662717777923,3.95690655708313,47300,0.0,0.0
2006-08-09 00:00:00-04:00,3.963052178489287,3.9835331460252297,3.9528114994003336,3.9794368743896484,61900,0.0,0.0
2006-08-10 00:00:00-04:00,3.981486406590878,3.9835345431269897,3.9200434824338415,3.942572593688965,46600,0.0,0.0
2006-08-11 00:00:00-04:00,3.9610037296760403,3.9610037296760403,3.907753374547177,3.924138069152832,84600,0.0,0.0
2006-08-14 00:00:00-04:00,3.944618964397155,3.9671480655670166,3.934378286300888,3.9671480655670166,38100,0.0,0.0
2006-08-15 00:00:00-04:00,3.9814845622360115,4.010157679175036,3.9671480037665,3.9896767139434814,113500,0.0,0.0
2006-08-16 00:00:00-04:00,4.014253376932411,4.02244552746967,3.9978686852160283,4.018349647521973,87800,0.0,0.0
2006-08-17 00:00:00-04:00,4.0347334146716385,4.0347334146716385,4.008108052582603,4.032685279846191,63600,0.0,0.0
2006-08-18 00:00:00-04:00,4.044974566428614,4.055214852112196,4.001964897787339,4.0408782958984375,68900,0.0,0.0
2006-08-21 00:00:00-04:00,4.057262452329693,4.071599006652832,4.026541208688423,4.071599006652832,58200,0.0,0.0
2006-08-22 00:00:00-04:00,4.071600647652248,4.083889462575031,4.028590967348405,4.0613603591918945,64700,0.0,0.0
2006-08-23 00:00:00-04:00,4.075697035686341,4.079793307444248,4.030639218275279,4.0675048828125,67900,0.0,0.0
2006-08-24 00:00:00-04:00,4.096177671439475,4.096177671439475,4.057263874181055,4.0797929763793945,51500,0.0,0.0
2006-08-25 00:00:00-04:00,4.094130469287999,4.094130469287999,4.038831964360097,4.065457344055176,67600,0.0,0.0
2006-08-28 00:00:00-04:00,4.094129728906,4.0961778647153935,4.016302521358871,4.0388312339782715,115400,0.0,0.0
2006-08-29 00:00:00-04:00,4.049071072371316,4.055215087881933,4.026541973787365,4.053167343139648,71600,0.0,0.0
2006-08-30 00:00:00-04:00,4.075695276642817,4.075695276642817,4.044974033001546,4.071599006652832,63100,0.0,0.0
2006-08-31 00:00:00-04:00,4.0900341969284435,4.0900341969284435,4.059312935515842,4.065457344055176,70000,0.0,0.0
2006-09-01 00:00:00-04:00,4.085938958430414,4.092082977294922,4.0634098475482965,4.092082977294922,57700,0.0,0.0
2006-09-05 00:00:00-04:00,4.094129438866013,4.106417862209863,4.087985031873122,4.1043701171875,58100,0.0,0.0
2006-09-06 00:00:00-04:00,4.114608971375856,4.114608971375856,4.085935863349005,4.0961761474609375,63900,0.0,0.0
2006-09-07 00:00:00-04:00,4.096176504763177,4.098224639892578,4.059310853717615,4.098224639892578,74300,0.0,0.0
2006-09-08 00:00:00-04:00,4.112563374480275,4.116659646909769,4.090034266760099,4.108467102050781,61000,0.0,0.0
2006-09-11 00:00:00-04:00,4.128946970828381,4.128946970828381,4.083889158063767,4.087985038757324,79100,0.0,0.0
2006-09-12 00:00:00-04:00,4.0961764174835285,4.120753647870832,4.081839862525028,4.106416702270508,78800,0.0,0.0
2006-09-13 00:00:00-04:00,4.137139654324237,4.137139654324237,4.100273992333795,4.116658687591553,70600,0.0,0.0
2006-09-14 00:00:00-04:00,4.137139917483954,4.137139917483954,4.090033573809804,4.135091781616211,90600,0.0,0.0
2006-09-15 00:00:00-04:00,4.1658123192101195,4.1658123192101195,4.112561967767246,4.13099479675293,63500,0.0,0.0
2006-09-18 00:00:00-04:00,4.17400497899551,4.17400497899551,4.120755011708993,4.145331859588623,84900,0.0,0.0
2006-09-19 00:00:00-04:00,4.196534295080617,4.196534295080617,4.112562677713008,4.135091781616211,81500,0.0,0.0
2006-09-20 00:00:00-04:00,4.161716555055695,4.165812826582951,4.114610604418108,4.145331859588623,99000,0.0,0.0
2006-09-21 00:00:00-04:00,4.153525600198889,4.176054318810433,4.096178954208821,4.141236782073975,95900,0.0,0.0
2006-09-22 00:00:00-04:00,4.153524660453538,4.1740052380771475,4.1187071315946335,4.171957492828369,79000,0.0,0.0
2006-09-25 00:00:00-04:00,4.186293722123933,4.1985821458540045,4.1473799245631024,4.184245586395264,121000,0.0,0.0
2006-09-26 00:00:00-04:00,4.196533889697282,4.210870448744607,4.155572348225203,4.186293601989746,123400,0.0,0.0
2006-09-27 00:00:00-04:00,4.237494413467942,4.280504076315532,4.204725034924501,4.26002311706543,100600,0.0,0.0
2006-09-28 00:00:00-04:00,4.311226377808055,4.311226377808055,4.225206640362558,4.2436394691467285,134400,0.0,0.0
2006-09-29 00:00:00-04:00,4.268218090401183,4.270266226558048,4.19858302363586,4.223160266876221,167000,0.0,0.0
2006-10-02 00:00:00-04:00,4.274495833016082,4.274495833016082,4.171824165418554,4.1864914894104,152600,0.465,0.0
2006-10-03 00:00:00-04:00,4.190681911869831,4.209540012445611,4.182300356211898,4.196968078613281,115200,0.0,0.0
2006-10-04 00:00:00-04:00,4.2053490138620875,4.238874435424805,4.190681691885217,4.238874435424805,60400,0.0,0.0
2006-10-05 00:00:00-04:00,4.261923313140869,4.261923313140869,4.232588669183541,4.261923313140869,57400,0.0,0.0
2006-10-06 00:00:00-04:00,4.280781624412412,4.295448947116371,4.24516081227941,4.2703046798706055,60300,0.0,0.0
2006-10-09 00:00:00-04:00,4.280782365988543,4.293354301962025,4.261924262201001,4.28497314453125,61100,0.0,0.0
2006-10-10 00:00:00-04:00,4.324783547147611,4.324783547147611,4.257732701401844,4.282876968383789,97300,0.0,0.0
2006-10-11 00:00:00-04:00,4.324783735386757,4.326879124364336,4.282877154798923,4.320593357086182,70500,0.0,0.0
2006-10-12 00:00:00-04:00,4.343641757004358,4.389739514357947,4.30592555540763,4.366690635681152,73300,0.0,0.0
2006-10-13 00:00:00-04:00,4.419073891310695,4.419073891310695,4.3289741706796,4.3750715255737305,70900,0.0,0.0
2006-10-16 00:00:00-04:00,4.427454353463011,4.431645130430075,4.34992697784477,4.3897385597229,85400,0.0,0.0
2006-10-17 00:00:00-04:00,4.39812004697511,4.410691979173608,4.354118084453106,4.385548114776611,92800,0.0,0.0
2006-10-18 00:00:00-04:00,4.385548859667059,4.431646218660921,4.326879166684755,4.354118824005127,100000,0.0,0.0
2006-10-19 00:00:00-04:00,4.362499857802721,4.366690635681152,4.308020944346846,4.366690635681152,71700,0.0,0.0
2006-10-20 00:00:00-04:00,4.391833548551944,4.393928937035476,4.356213143295366,4.3897385597229,82400,0.0,0.0
2006-10-23 00:00:00-04:00,4.421169592543395,4.431646137687754,4.377167223697013,4.400216102600098,82900,0.0,0.0
2006-10-24 00:00:00-04:00,4.421169088530291,4.421169088530291,4.3436413044746285,4.360404014587402,97300,0.0,0.0
2006-10-25 00:00:00-04:00,4.437931798643064,4.444217565151271,4.339450527032802,4.360404014587402,89700,0.0,0.0
2006-10-26 00:00:00-04:00,4.412787389651588,4.412787389651588,4.360403872301697,4.3792619705200195,91300,0.0,0.0
2006-10-27 00:00:00-04:00,4.473552461611632,4.473552461611632,4.375071193214944,4.3792619705200195,69900,0.0,0.0
2006-10-30 00:00:00-05:00,4.46307549626429,4.46307549626429,4.372976182578113,4.385548114776611,71100,0.0,0.0
2006-10-31 00:00:00-05:00,4.414882422216308,4.421168587666903,4.377166228821709,4.3897385597229,82300,0.0,0.0
2006-11-01 00:00:00-05:00,4.389739469856702,4.410692559727292,4.347832490806378,4.3562140464782715,65900,0.0,0.0
2006-11-02 00:00:00-05:00,4.36668929688022,4.36668929688022,4.322686941956706,4.33735466003418,57300,0.0,0.0
2006-11-03 00:00:00-05:00,4.358309268951416,4.368786214101895,4.326879232809162,4.358309268951416,61400,0.0,0.0
2006-11-06 00:00:00-05:00,4.362498976241399,4.400215170216546,4.3457362677696105,4.3939290046691895,41900,0.0,0.0
2006-11-07 00:00:00-05:00,4.393929725157662,4.400215891735783,4.3373558245728105,4.368785858154297,77000,0.0,0.0
2006-11-08 00:00:00-05:00,4.368784685177002,4.368784685177002,4.3289731068470525,4.33735466003418,79900,0.0,0.0
2006-11-09 00:00:00-05:00,4.345737436796968,4.345737436796968,4.316402788993781,4.328974723815918,50300,0.0,0.0
2006-11-10 00:00:00-05:00,4.328972982230604,4.328972982230604,4.316401052466269,4.326877593994141,37500,0.0,0.0
2006-11-13 00:00:00-05:00,4.326878713974151,4.347832202107989,4.312211392176827,4.3247833251953125,99100,0.0,0.0
2006-11-14 00:00:00-05:00,4.326877593994141,4.3352591469399915,4.308019499520417,4.326877593994141,74800,0.0,0.0
2006-11-15 00:00:00-05:00,4.343640113655284,4.343640113655284,4.30801931447435,4.335258960723877,73900,0.0,0.0
2006-11-16 00:00:00-05:00,4.333164405882784,4.347831726074219,4.318497085691351,4.347831726074219,62100,0.0,0.0
2006-11-17 00:00:00-05:00,4.356213398101131,4.356213398101131,4.291257550275676,4.312211036682129,89000,0.0,0.0
2006-11-20 00:00:00-05:00,4.324782751794303,4.324782751794303,4.255636529878562,4.280780792236328,93300,0.0,0.0
2006-11-21 00:00:00-05:00,4.295449196666908,4.400216250244149,4.26611454955475,4.358309268951416,97800,0.0,0.0
2006-11-22 00:00:00-05:00,4.400215173899436,4.423264047937872,4.364594368410261,4.416977882385254,101700,0.0,0.0
2006-11-24 00:00:00-05:00,4.431647224582003,4.435838003529398,4.375072907756205,4.387645244598389,42100,0.0,0.0
2006-11-27 00:00:00-05:00,4.379261948850103,4.412787367815778,4.356213473095275,4.385548114776611,175800,0.0,0.0
2006-11-28 00:00:00-05:00,4.385548042962263,4.450503491187783,4.372976110969633,4.431645393371582,83200,0.0,0.0
2006-11-29 00:00:00-05:00,4.431646035989209,4.475648403825813,4.431646035989209,4.45259952545166,70500,0.0,0.0
2006-11-30 00:00:00-05:00,4.494506670933523,4.511269383193762,4.433741589206045,4.47355318069458,54600,0.0,0.0
2006-12-01 00:00:00-05:00,4.4840289846911325,4.5049824714660645,4.450503565713049,4.5049824714660645,82800,0.0,0.0
2006-12-04 00:00:00-05:00,4.515457669205875,4.515457669205875,4.465169555726991,4.475646495819092,61900,0.0,0.0
2006-12-05 00:00:00-05:00,4.525935312543627,4.525935312543627,4.48612373331647,4.507077217102051,44200,0.0,0.0
2006-12-06 00:00:00-05:00,4.52593662725645,4.5468901171286875,4.471457713450463,4.496601581573486,59100,0.0,0.0
2006-12-07 00:00:00-05:00,4.548983638437928,4.557365191543869,4.4861235887611715,4.5028862953186035,48500,0.0,0.0
2006-12-08 00:00:00-05:00,4.546889614263864,4.546889614263864,4.488219929041108,4.525936126708984,49000,0.0,0.0
2006-12-11 00:00:00-05:00,4.5468899932346805,4.565748093640389,4.513364570214435,4.532222270965576,37400,0.0,0.0
2006-12-12 00:00:00-05:00,4.544793916536273,4.546889305114746,4.51755426467063,4.546889305114746,92600,0.0,0.0
2006-12-13 00:00:00-05:00,4.557368420764429,4.578321918721878,4.504984875698171,4.561559200286865,75800,0.0,0.0
2006-12-14 00:00:00-05:00,4.603462810206808,4.603462810206808,4.55317468752448,4.56784200668335,64600,0.0,0.0
2006-12-15 00:00:00-05:00,4.595080872385323,4.59717626042978,4.569936615506247,4.588794708251953,42500,0.0,0.0
2006-12-18 00:00:00-05:00,4.607653903877252,4.708230156158498,4.56574733192065,4.592986583709717,61000,0.0,0.0
2006-12-19 00:00:00-05:00,4.601368427276611,4.607654593855956,4.557366460184877,4.601368427276611,62700,0.0,0.0
2006-12-20 00:00:00-05:00,4.651657767407792,4.666325092315674,4.597178846568068,4.666325092315674,62700,0.0,0.0
2006-12-21 00:00:00-05:00,4.689370845802911,4.6914662338068585,4.6265108043020575,4.670513153076172,70800,0.0,0.0
2006-12-22 00:00:00-05:00,4.6768005835616675,4.6768005835616675,4.628607841265206,4.672609806060791,61100,0.0,0.0
2006-12-26 00:00:00-05:00,4.683086254093075,4.701944351196289,4.66841893404713,4.701944351196289,51500,0.0,0.0
2006-12-27 00:00:00-05:00,4.754366298621294,4.754366298621294,4.688036367972679,4.707293510437012,58800,0.465,0.0
2006-12-28 00:00:00-05:00,4.707293104621895,4.72868997308335,4.677337733642651,4.694455146789551,51900,0.0,0.0
2006-12-29 00:00:00-05:00,4.703014688249185,4.726551289567382,4.696595911970704,4.711573600769043,41300,0.0,0.0
2007-01-03 00:00:00-05:00,4.696594885907951,4.707293116109124,4.416296683790391,4.536118984222412,153500,0.0,0.0
2007-01-04 00:00:00-05:00,4.5361195375726675,4.553236952849451,4.47620838004824,4.510443210601807,84400,0.0,0.0
2007-01-05 00:00:00-05:00,4.5361210577084305,4.5361210577084305,4.474070151466109,4.491187572479248,86700,0.0,0.0
2007-01-08 00:00:00-05:00,4.4954645721542805,4.516861438751221,4.463369476314513,4.516861438751221,77100,0.0,0.0
2007-01-09 00:00:00-05:00,4.514722666448845,4.533979809649148,4.47620838004824,4.510443210601807,56900,0.0,0.0
2007-01-10 00:00:00-05:00,4.512582388046243,4.5553761250735825,4.491185519532574,4.536118984222412,76200,0.0,0.0
2007-01-11 00:00:00-05:00,4.519001571033741,4.602448909314598,4.506163205058746,4.536118984222412,70100,0.0,0.0
2007-01-12 00:00:00-05:00,4.553238005028843,4.596031349053963,4.542539362938963,4.593891620635986,81400,0.0,0.0
2007-01-16 00:00:00-05:00,4.6003085571877165,4.619565695424845,4.555375506708593,4.56821346282959,94100,0.0,0.0
2007-01-17 00:00:00-05:00,4.551095803597998,4.578911441694056,4.551095803597998,4.5532355308532715,53100,0.0,0.0
2007-01-18 00:00:00-05:00,4.566074140792188,4.587471008300781,4.529699588460971,4.587471008300781,78500,0.0,0.0
2007-01-19 00:00:00-05:00,4.600309196642103,4.602448924311574,4.553236412247702,4.572493553161621,60000,0.0,0.0
2007-01-22 00:00:00-05:00,4.57249515061585,4.593891618563021,4.548958546140202,4.557517051696777,43800,0.0,0.0
2007-01-23 00:00:00-05:00,4.570354061136842,4.578912564144676,4.523280866204052,4.5382585525512695,74300,0.0,0.0
2007-01-24 00:00:00-05:00,4.546817072783423,4.561794757843018,4.527559932532141,4.561794757843018,76700,0.0,0.0
2007-01-25 00:00:00-05:00,4.536119304809581,4.555376447021738,4.5125827069699795,4.525420665740967,47600,0.0,0.0
2007-01-26 00:00:00-05:00,4.5147244106027244,4.557517761271166,4.510444953102421,4.519003868103027,56800,0.0,0.0
2007-01-29 00:00:00-05:00,4.5190012725611135,4.563934326171875,4.5190012725611135,4.563934326171875,47300,0.0,0.0
2007-01-30 00:00:00-05:00,4.585332245133046,4.664500141020861,4.56821482914827,4.617427349090576,82200,0.0,0.0
2007-01-31 00:00:00-05:00,4.628124147437881,4.628124147437881,4.583191097438017,4.611006736755371,57500,0.0,0.0
2007-02-01 00:00:00-05:00,4.593891144099967,4.643104076385498,4.593891144099967,4.643104076385498,66900,0.0,0.0
2007-02-02 00:00:00-05:00,4.662361464976836,4.67519942671045,4.645243638516757,4.658082008361816,59300,0.0,0.0
2007-02-05 00:00:00-05:00,4.647382257801931,4.6623603523802215,4.632404571334989,4.653801441192627,46700,0.0,0.0
2007-02-06 00:00:00-05:00,4.6366826012736935,4.658079464552372,4.628123692717733,4.647380828857422,35000,0.0,0.0
2007-02-07 00:00:00-05:00,4.6324045571271455,4.651661699128822,4.619566598496476,4.623846054077148,45600,0.0,0.0
2007-02-08 00:00:00-05:00,4.621706065225493,4.621706065225493,4.559655187144792,4.572493553161621,54700,0.0,0.0
2007-02-09 00:00:00-05:00,4.563934801600551,4.5831919431858505,4.551096843247464,4.570353984832764,33200,0.0,0.0
2007-02-12 00:00:00-05:00,4.570353668226391,4.587471080881829,4.553236255570953,4.561794757843018,58400,0.0,0.0
2007-02-13 00:00:00-05:00,4.555375506708593,4.572492917573678,4.546816597220417,4.56821346282959,46100,0.0,0.0
2007-02-14 00:00:00-05:00,4.578913371650795,4.59817051695366,4.548957993673634,4.576773643493652,57700,0.0,0.0
2007-02-15 00:00:00-05:00,4.5789116915785435,4.5789116915785435,4.555375506708593,4.56821346282959,39400,0.0,0.0
2007-02-16 00:00:00-05:00,4.5746334263880275,4.5746334263880275,4.546817779541016,4.546817779541016,31200,0.0,0.0
2007-02-20 00:00:00-05:00,4.557516331323494,4.563935515559891,4.52328149828551,4.542538642883301,56700,0.0,0.0
2007-02-21 00:00:00-05:00,4.555376447021738,4.555376447021738,4.5125827069699795,4.525420665740967,66900,0.0,0.0
2007-02-22 00:00:00-05:00,4.521140415810316,4.536118507874929,4.521140415810316,4.529699325561523,52300,0.0,0.0
2007-02-23 00:00:00-05:00,4.5254210001251955,4.606729030609131,4.5168624963492645,4.606729030609131,36400,0.0,0.0
2007-02-26 00:00:00-05:00,4.576773333084964,4.623846533126637,4.561795645112209,4.617427349090576,72900,0.0,0.0
2007-02-27 00:00:00-05:00,4.617427648948441,4.617427648948441,4.5018851855756745,4.504024505615234,59500,0.0,0.0
2007-02-28 00:00:00-05:00,4.5532359895326335,4.5532359895326335,4.4141565607081645,4.516861438751221,57000,0.0,0.0
2007-03-01 00:00:00-05:00,4.493326029709182,4.516862629984257,4.444113509235293,4.489046573638916,78400,0.0,0.0
2007-03-02 00:00:00-05:00,4.489048073712436,4.525422646241952,4.471930651822753,4.519003868103027,33900,0.0,0.0
2007-03-05 00:00:00-05:00,4.536117866800362,4.536117866800362,4.3606639146984545,4.397038459777832,67000,0.0,0.0
2007-03-06 00:00:00-05:00,4.409876713044749,4.48262580139635,4.409876713044749,4.471927165985107,41400,0.0,0.0
2007-03-07 00:00:00-05:00,4.474069134223514,4.540399074554443,4.474069134223514,4.540399074554443,52800,0.0,0.0
2007-03-08 00:00:00-05:00,4.561794280713458,4.611006785936669,4.561794280713458,4.56821346282959,61300,0.0,0.0
2007-03-09 00:00:00-05:00,4.589612412045962,4.62170752097473,4.5639360800360755,4.596031188964844,78700,0.0,0.0
2007-03-12 00:00:00-04:00,4.593890433386098,4.6152873039245605,4.5810524743075645,4.6152873039245605,51400,0.0,0.0
2007-03-13 00:00:00-04:00,4.585331670929921,4.604588812515221,4.548957115503393,4.570353984832764,40000,0.0,0.0
2007-03-14 00:00:00-04:00,4.57677258547593,4.593889998664601,4.450531510167734,4.536118984222412,82500,0.0,0.0
2007-03-15 00:00:00-04:00,4.555375646703866,4.561794420905992,4.523280143248118,4.529699325561523,34800,0.0,0.0
2007-03-16 00:00:00-04:00,4.553237283277297,4.581052932078883,4.540398914804501,4.542538642883301,45000,0.0,0.0
2007-03-19 00:00:00-04:00,4.566073486273664,4.5981685788802675,4.53397839366706,4.5532355308532715,89800,0.0,0.0
2007-03-20 00:00:00-04:00,4.555376783619405,4.611008078441405,4.555376783619405,4.606729030609131,62900,0.0,0.0
2007-03-21 00:00:00-04:00,4.593888586795469,4.688034534454346,4.593888586795469,4.688034534454346,91000,0.0,0.0
2007-03-22 00:00:00-04:00,4.690175550332367,4.720130920410156,4.638823312437024,4.720130920410156,93000,0.0,0.0
2007-03-23 00:00:00-04:00,4.717993882864401,4.771485878852031,4.7030161892857105,4.765067100524902,58000,0.0,0.0
2007-03-26 00:00:00-04:00,4.752226178500517,4.777902502370592,4.7115725771972725,4.717991352081299,56400,0.0,0.0
2007-03-27 00:00:00-04:00,4.730829718071997,4.737248492956025,4.707293121867039,4.717991352081299,60700,0.0,0.0
2007-03-28 00:00:00-04:00,4.698735308518035,4.713713405671736,4.677338843092727,4.69231653213501,49200,0.0,0.0
2007-03-29 00:00:00-04:00,4.705153235371261,4.743667515820596,4.705153235371261,4.720130920410156,56400,0.0,0.0
2007-03-30 00:00:00-04:00,4.715852980846694,4.739389173673263,4.711573524655897,4.730830669403076,45700,0.0,0.0
2007-04-02 00:00:00-04:00,4.71443878994646,4.731923942883346,4.688211268980596,4.712253093719482,42400,0.465,0.0
2007-04-03 00:00:00-04:00,4.725367134655474,4.7647084149684495,4.725367134655474,4.72755241394043,45400,0.0,0.0
2007-04-04 00:00:00-04:00,4.745037176680456,4.799678325653076,4.745037176680456,4.799678325653076,33500,0.0,0.0
2007-04-05 00:00:00-04:00,4.7996766959084365,4.865246302538553,4.7996766959084365,4.830276012420654,98900,0.0,0.0
2007-04-09 00:00:00-04:00,4.863061049793733,4.911145098861399,4.843390207702692,4.856503963470459,66700,0.0,0.0
2007-04-10 00:00:00-04:00,4.8630610723380325,4.891474279446377,4.8433902301558005,4.882731914520264,38000,0.0,0.0
2007-04-11 00:00:00-04:00,4.91333379924598,4.922076586357342,4.873992091002921,4.876177787780762,30500,0.0,0.0
2007-04-12 00:00:00-04:00,4.882733960113659,4.891476328702337,4.810607647521499,4.823721408843994,60800,0.0,0.0
2007-04-13 00:00:00-04:00,4.799678242149042,4.832463264465332,4.799678242149042,4.832463264465332,30100,0.0,0.0
2007-04-16 00:00:00-04:00,4.84120407175297,4.847761157479604,4.808419476877282,4.830276012420654,69800,0.0,0.0
2007-04-17 00:00:00-04:00,4.814977174563941,4.832462321845167,4.790934940722707,4.797492027282715,49800,0.0,0.0
2007-04-18 00:00:00-04:00,4.797493206842583,4.797493206842583,4.777822359204882,4.793121814727783,42800,0.0,0.0
2007-04-19 00:00:00-04:00,4.758150096083446,4.786563302619314,4.753778705269075,4.775635242462158,54100,0.0,0.0
2007-04-20 00:00:00-04:00,4.784377242830109,4.847761154174805,4.784377242830109,4.847761154174805,35500,0.0,0.0
2007-04-23 00:00:00-04:00,4.852133639593462,4.8586903099164696,4.804049167204285,4.814977645874023,37700,0.0,0.0
2007-04-24 00:00:00-04:00,4.821535145575915,4.821535145575915,4.7931219299047525,4.812792778015137,50200,0.0,0.0
2007-04-25 00:00:00-04:00,4.8171638935280425,4.823720564602271,4.797493046547588,4.799678325653076,47200,0.0,0.0
2007-04-26 00:00:00-04:00,4.808421270250685,4.810606966308084,4.786564726555584,4.793121814727783,36100,0.0,0.0
2007-04-27 00:00:00-04:00,4.760337048571052,4.799678325653076,4.760337048571052,4.799678325653076,30100,0.0,0.0
2007-04-30 00:00:00-04:00,4.788751100731369,4.85213504473485,4.788751100731369,4.823721408843994,26200,0.0,0.0
2007-05-01 00:00:00-04:00,4.808420088003933,4.823719539765157,4.731922412319021,4.797492027282715,60700,0.0,0.0
2007-05-02 00:00:00-04:00,4.793118701444874,4.839017038201151,4.782190228256266,4.806232452392578,51700,0.0,0.0
2007-05-03 00:00:00-04:00,4.775634510757643,4.83027563692906,4.769077425540737,4.788748264312744,47100,0.0,0.0
2007-05-04 00:00:00-04:00,4.78875053768491,4.832463626125521,4.78875053768491,4.812792778015137,20700,0.0,0.0
2007-05-07 00:00:00-04:00,4.793118701444874,4.817160925581187,4.793118701444874,4.806232452392578,32900,0.0,0.0
2007-05-08 00:00:00-04:00,4.799680249251279,4.804051642971972,4.782195091247559,4.782195091247559,28900,0.0,0.0
2007-05-09 00:00:00-04:00,4.784377472513866,4.808419704437256,4.784377472513866,4.808419704437256,50200,0.0,0.0
2007-05-10 00:00:00-04:00,4.808421270250685,4.808421270250685,4.784379030498184,4.793121814727783,34800,0.0,0.0
2007-05-11 00:00:00-04:00,4.806235187763991,4.817163667172322,4.788750037589525,4.804049491882324,35500,0.0,0.0
2007-05-14 00:00:00-04:00,4.83027467652889,4.832460371166612,4.799675368479414,4.806232452392578,27200,0.0,0.0
2007-05-15 00:00:00-04:00,4.8040477129401475,4.823718551712155,4.788748264312744,4.788748264312744,69300,0.0,0.0
2007-05-16 00:00:00-04:00,4.777822017669678,4.79530716800008,4.777822017669678,4.777822017669678,36900,0.0,0.0
2007-05-17 00:00:00-04:00,4.775635488961483,4.804048696963928,4.749407559600247,4.797492027282715,68200,0.0,0.0
2007-05-18 00:00:00-04:00,4.828092117888386,4.828092117888386,4.782193334440785,4.793121814727783,44400,0.0,0.0
2007-05-21 00:00:00-04:00,4.793120497891726,4.795306193348639,4.731922275734492,4.734107971191406,91600,0.0,0.0
2007-05-22 00:00:00-04:00,4.745036642911971,4.758150817342984,4.716623432069115,4.718809127807617,66000,0.0,0.0
2007-05-23 00:00:00-04:00,4.740665309831035,4.7712642140985455,4.7231801621240574,4.7384796142578125,42200,0.0,0.0
2007-05-24 00:00:00-04:00,4.731923590048638,4.75596582987375,4.710067046287525,4.714438438415527,42700,0.0,0.0
2007-05-25 00:00:00-04:00,4.705695008527173,4.790935051382148,4.705695008527173,4.755964756011963,57700,0.0,0.0
2007-05-29 00:00:00-04:00,4.790935045429481,4.790935045429481,4.764707115495028,4.773449897766113,56600,0.0,0.0
2007-05-30 00:00:00-04:00,4.773448815685341,4.793119654457348,4.727550052924421,4.788748264312744,48800,0.0,0.0
2007-05-31 00:00:00-04:00,4.780009800722633,4.830279577762564,4.769081316445007,4.825908184051514,42200,0.0,0.0
2007-06-01 00:00:00-04:00,4.841205014137647,4.917702694991051,4.828091257010408,4.8652472496032715,51200,0.0,0.0
2007-06-04 00:00:00-04:00,4.884917142839715,4.89584520217203,4.830276012420654,4.830276012420654,52300,0.0,0.0
2007-06-05 00:00:00-04:00,4.849947082247086,4.852132777592735,4.786563167859517,4.808419704437256,49900,0.0,0.0
2007-06-06 00:00:00-04:00,4.83027924803579,4.83027924803579,4.745038744005233,4.766895294189453,46000,0.0,0.0
2007-06-07 00:00:00-04:00,4.8084209439178,4.8084209439178,4.703510041555976,4.742851734161377,33300,0.0,0.0
2007-06-08 00:00:00-04:00,4.720993359598141,4.764706010176679,4.703508215990984,4.745035171508789,37300,0.0,0.0
2007-06-11 00:00:00-04:00,4.7297377216687435,4.825906260586643,4.7297377216687435,4.799678325653076,32500,0.0,0.0
2007-06-12 00:00:00-04:00,4.755963771203264,4.823718652343267,4.755963771203264,4.764706134796143,60600,0.0,0.0
2007-06-13 00:00:00-04:00,4.775636279178391,4.804049491882324,4.773450583296725,4.804049491882324,46700,0.0,0.0
2007-06-14 00:00:00-04:00,4.797491161733119,4.882731187240487,4.797491161733119,4.860874652862549,35000,0.0,0.0
2007-06-15 00:00:00-04:00,4.895846843719482,4.965787447405936,4.88054738877293,4.895846843719482,52700,0.0,0.0
2007-06-18 00:00:00-04:00,4.9286305050681385,4.952672739307499,4.904588687707578,4.939558982849121,29800,0.0,0.0
2007-06-19 00:00:00-04:00,4.970157497142617,4.974528887912228,4.908959277004384,4.9679718017578125,55800,0.0,0.0
2007-06-20 00:00:00-04:00,4.989829057814976,5.048841591072742,4.904589009917421,4.928630828857422,47500,0.0,0.0
2007-06-21 00:00:00-04:00,4.96141626135468,4.970158628004285,4.91551748158795,4.926445960998535,53800,0.0,0.0
2007-06-22 00:00:00-04:00,4.935191081888991,4.935191081888991,4.812794962335425,4.8543219566345215,39500,0.0,0.0
2007-06-25 00:00:00-04:00,4.860876334169055,4.889289963751852,4.799678100118992,4.804049491882324,52300,0.0,0.0
2007-06-26 00:00:00-04:00,4.808420077207571,4.867432605478756,4.720994340997738,4.736293792724609,61000,0.0,0.0
2007-06-27 00:00:00-04:00,4.720992445914566,4.806232452392578,4.720992445914566,4.806232452392578,32800,0.0,0.0
2007-06-28 00:00:00-04:00,4.799676817619866,4.8718035118056235,4.799676817619866,4.849946975708008,30300,0.0,0.0
2007-06-29 00:00:00-04:00,4.871804198069707,4.924259641965842,4.817163058568049,4.898031711578369,67100,0.0,0.0
2007-07-02 00:00:00-04:00,4.821027702958841,4.905841890403417,4.821027702958841,4.890218257904053,52400,0.465,0.0
2007-07-03 00:00:00-04:00,4.876829415184069,4.908076698004455,4.858973764184949,4.905844688415527,29100,0.0,0.0
2007-07-05 00:00:00-04:00,4.9326285307401205,4.9326285307401205,4.850045876237964,4.856741905212402,40500,0.0,0.0
2007-07-06 00:00:00-04:00,4.90361077217614,4.905842780897205,4.823260586778475,4.88798713684082,34800,0.0,0.0
2007-07-09 00:00:00-04:00,4.908077518608831,4.910309528570939,4.845582516806929,4.881294250488281,31700,0.0,0.0
2007-07-10 00:00:00-04:00,4.905843814658808,4.905843814658808,4.803173946127988,4.836653232574463,54000,0.0,0.0
2007-07-11 00:00:00-04:00,4.876829251354045,4.876829251354045,4.803174640242956,4.80987024307251,37300,0.0,0.0
2007-07-12 00:00:00-04:00,4.809869952124942,4.919236283131352,4.807638368458269,4.8522772789001465,46800,0.0,0.0
2007-07-13 00:00:00-04:00,4.823262034186381,4.876828982430389,4.727287758940437,4.762999057769775,61600,0.0,0.0
2007-07-16 00:00:00-04:00,4.785317421602615,4.807637083715209,4.745142114942376,4.749606132507324,34800,0.0,0.0
2007-07-17 00:00:00-04:00,4.731751441955566,4.7384470439407815,4.689344117962866,4.731751441955566,65900,0.0,0.0
2007-07-18 00:00:00-04:00,4.664794574007842,4.731753604447025,4.642474897194781,4.6692585945129395,67400,0.0,0.0
2007-07-19 00:00:00-04:00,4.673720094594799,4.704967369854735,4.673720094594799,4.682647705078125,52200,0.0,0.0
2007-07-20 00:00:00-04:00,4.687112213441327,4.693808241288364,4.553194636486269,4.6290812492370605,83100,0.0,0.0
2007-07-23 00:00:00-04:00,4.664793020662443,4.680416661515288,4.631313729447448,4.646937370300293,54300,0.0,0.0
2007-07-24 00:00:00-04:00,4.586673474749735,4.6246167774062465,4.452756336632353,4.468379974365234,90500,0.0,0.0
2007-07-25 00:00:00-04:00,4.408116684535022,4.472843665510542,4.309910421477619,4.421508312225342,136300,0.0,0.0
2007-07-26 00:00:00-04:00,4.28982284639925,4.341158200633574,4.200544617292869,4.245183944702148,118000,0.0,0.0
2007-07-27 00:00:00-04:00,4.329999263519301,4.329999263519301,4.209473729823847,4.287591934204102,107500,0.0,0.0
2007-07-30 00:00:00-04:00,4.3143751768926055,4.374638150370253,4.274199861240841,4.359014511108398,79900,0.0,0.0
2007-07-31 00:00:00-04:00,4.419276992479363,4.425973020224804,4.35678243637085,4.35678243637085,87500,0.0,0.0
2007-08-01 00:00:00-04:00,4.32107129302359,4.359014600168571,4.280895976550992,4.3277668952941895,84600,0.0,0.0
2007-08-02 00:00:00-04:00,4.345622386105772,4.390261719609589,4.345622386105772,4.374638080596924,34900,0.0,0.0
2007-08-03 00:00:00-04:00,4.359014961471069,4.383566214685312,4.287591934204102,4.287591934204102,42800,0.0,0.0
2007-08-06 00:00:00-04:00,4.318839222811321,4.318839222811321,4.216168923749601,4.307679176330566,70500,0.0,0.0
2007-08-07 00:00:00-04:00,4.289823432082119,4.417045404854327,4.289823432082119,4.374638080596924,67600,0.0,0.0
2007-08-08 00:00:00-04:00,4.390261039043874,4.481771275400032,4.372405393552725,4.421508312225342,46700,0.0,0.0
2007-08-09 00:00:00-04:00,4.3701750962013275,4.45052574523636,4.338927810782074,4.341159820556641,55300,0.0,0.0
2007-08-10 00:00:00-04:00,4.29875129193166,4.29875129193166,4.216168656066203,4.278663635253906,74200,0.0,0.0
2007-08-13 00:00:00-04:00,4.307678968830634,4.32776662581613,4.280895709991455,4.280895709991455,23600,0.0,0.0
2007-08-14 00:00:00-04:00,4.29651932879923,4.305447365512627,4.091179167225531,4.120194435119629,66300,0.0,0.0
2007-08-15 00:00:00-04:00,4.039844537096556,4.0733238258653275,3.921550596020494,3.950566291809082,107800,0.0,0.0
2007-08-16 00:00:00-04:00,3.772008251096649,3.9684207578913204,3.571132152652378,3.934941053390503,172400,0.0,0.0
2007-08-17 00:00:00-04:00,4.062162487370352,4.254110527155018,4.030914795447023,4.207239627838135,99300,0.0,0.0
2007-08-20 00:00:00-04:00,4.274201074088188,4.283129113749664,4.202778459645831,4.225098133087158,44600,0.0,0.0
2007-08-21 00:00:00-04:00,4.196081525635198,4.303215849923419,4.187153913610004,4.2987518310546875,56800,0.0,0.0
2007-08-22 00:00:00-04:00,4.323303227027766,4.367942135665617,4.305447578430176,4.305447578430176,52300,0.0,0.0
2007-08-23 00:00:00-04:00,4.363477148899274,4.39249283750237,4.341157912388767,4.376869201660156,36700,0.0,0.0
2007-08-24 00:00:00-04:00,4.3768704791023465,4.4505250879355875,4.365710431877751,4.44382905960083,37100,0.0,0.0
2007-08-27 00:00:00-04:00,4.4482915804315315,4.4505235891247725,4.412580292763925,4.441595554351807,33100,0.0,0.0
2007-08-28 00:00:00-04:00,4.4393647402702685,4.4393647402702685,4.325534820556641,4.325534820556641,40600,0.0,0.0
2007-08-29 00:00:00-04:00,4.374637467559491,4.439364023786147,4.341158184979346,4.423740386962891,44200,0.0,0.0
2007-08-30 00:00:00-04:00,4.414812301457166,4.45945119818561,4.39249264023688,4.441595554351807,28000,0.0,0.0
2007-08-31 00:00:00-04:00,4.508555745071691,4.5755143209469935,4.47284444784323,4.557658672332764,62900,0.0,0.0
2007-09-04 00:00:00-04:00,4.615691625589049,4.6759546252705855,4.579980312973122,4.6692585945129395,66000,0.0,0.0
2007-09-05 00:00:00-04:00,4.620151996612549,4.649167255551529,4.588904303472005,4.620151996612549,42500,0.0,0.0
2007-09-06 00:00:00-04:00,4.606759884098889,4.704966127762603,4.604527875639249,4.653631210327148,29200,0.0,0.0
2007-09-07 00:00:00-04:00,4.64470639894992,4.64470639894992,4.575515791545527,4.61345911026001,28200,0.0,0.0
2007-09-10 00:00:00-04:00,4.606759477876984,4.671486440362681,4.579976230147214,4.586671829223633,36400,0.0,0.0
2007-09-11 00:00:00-04:00,4.5889058113098145,4.653632801636494,4.555426524391152,4.5889058113098145,34600,0.0,0.0
2007-09-12 00:00:00-04:00,4.557657373285974,4.584441051429421,4.533105703797159,4.5442657470703125,38000,0.0,0.0
2007-09-13 00:00:00-04:00,4.586674427882492,4.593370456464708,4.52864388301911,4.539803504943848,27900,0.0,0.0
2007-09-14 00:00:00-04:00,4.47284460067749,4.504091880392032,4.354550658496034,4.47284460067749,52000,0.0,0.0
2007-09-17 00:00:00-04:00,4.475075034300403,4.4840030694743245,4.376869201660156,4.376869201660156,45300,0.0,0.0
2007-09-18 00:00:00-04:00,4.3701731721111745,4.535337991299637,4.3523175274884265,4.51971435546875,74100,0.0,0.0
2007-09-19 00:00:00-04:00,4.588907130026535,4.588907130026535,4.51078848762584,4.548731803894043,45600,0.0,0.0
2007-09-20 00:00:00-04:00,4.519715247558906,4.528643284488548,4.490699978962033,4.499627590179443,39100,0.0,0.0
2007-09-21 00:00:00-04:00,4.499628881915246,4.575515514753512,4.490701268134932,4.5130205154418945,52100,0.0,0.0
2007-09-24 00:00:00-04:00,4.513019150469877,4.562122501403436,4.499627520993555,4.515251159667969,38600,0.0,0.0
2007-09-25 00:00:00-04:00,4.492932162533492,4.5331074826580116,4.4795405310627485,4.521947860717773,47300,0.0,0.0
2007-09-26 00:00:00-04:00,4.521946639355061,4.573281567554426,4.521946639355061,4.566585540771484,48400,0.0,0.0
2007-09-27 00:00:00-04:00,4.566586214051111,4.626849186846003,4.557658602736444,4.573282241821289,39500,0.0,0.0
2007-09-28 00:00:00-04:00,4.553194305468049,4.600065645565271,4.553194305468049,4.579977989196777,38300,0.0,0.0
2007-10-01 00:00:00-04:00,4.546865005711324,4.65419918185285,4.546865005711324,4.631362438201904,36200,0.465,0.0
2007-10-02 00:00:00-04:00,4.635929005623739,4.747831127760836,4.635929005623739,4.6656174659729,51700,0.0,0.0
2007-10-03 00:00:00-04:00,4.697588920593262,4.7204260956548385,4.649631244988546,4.697588920593262,45500,0.0,0.0
2007-10-04 00:00:00-04:00,4.686171169682265,4.754682268331287,4.686171169682265,4.7295613288879395,35100,0.0,0.0
2007-10-05 00:00:00-04:00,4.743263478155619,4.795788678186335,4.743263478155619,4.768383979797363,25900,0.0,0.0
2007-10-08 00:00:00-04:00,4.738696098327637,4.779802929355793,4.722710205279557,4.738696098327637,22000,0.0,0.0
2007-10-09 00:00:00-04:00,4.768381698606453,4.791218863741492,4.759247093902054,4.77294921875,22700,0.0,0.0
2007-10-10 00:00:00-04:00,4.775235406889794,4.788937538704874,4.724993966512557,4.738696098327637,33200,0.0,0.0
2007-10-11 00:00:00-04:00,4.759249231480222,4.7729513624823685,4.651915073394775,4.651915073394775,48400,0.0,0.0
2007-10-12 00:00:00-04:00,4.6679009249644015,4.704440231041459,4.647347510848196,4.68617057800293,18500,0.0,0.0
2007-10-15 00:00:00-04:00,4.693022637929207,4.699873922932025,4.617660245230211,4.626795291900635,29800,0.0,0.0
2007-10-16 00:00:00-04:00,4.624509848181694,4.631361130692527,4.590254306793213,4.590254306793213,50800,0.0,0.0
2007-10-17 00:00:00-04:00,4.640496003685168,4.645063525620114,4.546863981933119,4.603956699371338,41700,0.0,0.0
2007-10-18 00:00:00-04:00,4.574268751762328,4.629077709117376,4.574268751762328,4.619942665100098,43000,0.0,0.0
2007-10-19 00:00:00-04:00,4.590254087825916,4.60167245588311,4.519459247589111,4.519459247589111,48900,0.0,0.0
2007-10-22 00:00:00-04:00,4.47607070842857,4.601674556732178,4.47607070842857,4.601674556732178,39500,0.0,0.0
2007-10-23 00:00:00-04:00,4.619944213363948,4.747832258967221,4.619944213363948,4.674753189086914,54300,0.0,0.0
2007-10-24 00:00:00-04:00,4.63821268081665,4.674751988581774,4.613092178967444,4.63821268081665,34600,0.0,0.0
2007-10-25 00:00:00-04:00,4.656482160006897,4.681603096496574,4.645063790102257,4.651915073394775,30400,0.0,0.0
2007-10-26 00:00:00-04:00,4.681601513052622,4.7386942144313124,4.6724664717523146,4.727275848388672,35100,0.0,0.0
2007-10-29 00:00:00-04:00,4.7067243122314775,4.754681991375716,4.7067243122314775,4.738696098327637,38200,0.0,0.0
2007-10-30 00:00:00-04:00,4.706724455555368,4.7455475265327225,4.704440694252826,4.70900821685791,23800,0.0,0.0
2007-10-31 00:00:00-04:00,4.754682859307552,4.759250382607318,4.731845678391717,4.745548248291016,23200,0.0,0.0
2007-11-01 00:00:00-04:00,4.722708845082201,4.722708845082201,4.667899898024604,4.6701836585998535,38400,0.0,0.0
2007-11-02 00:00:00-04:00,4.722710863240908,4.722710863240908,4.658766846557084,4.663334369659424,31900,0.0,0.0
2007-11-05 00:00:00-05:00,4.585686774414518,4.638211966793098,4.585686774414518,4.613091468811035,18500,0.0,0.0
2007-11-06 00:00:00-05:00,4.6564825227388065,4.663333806565029,4.5742692947387695,4.5742692947387695,32700,0.0,0.0
2007-11-07 00:00:00-05:00,4.555998114659669,4.555998114659669,4.439528942108154,4.439528942108154,32900,0.0,0.0
2007-11-08 00:00:00-05:00,4.416691651257693,4.446379665916345,4.2910878756962765,4.293371200561523,43200,0.0,0.0
2007-11-09 00:00:00-05:00,4.293371660847204,4.293371660847204,4.2317118644714355,4.2317118644714355,30700,0.0,0.0
2007-11-12 00:00:00-05:00,4.247698563527727,4.302507523856633,4.16548490524292,4.16548490524292,57600,0.0,0.0
2007-11-13 00:00:00-05:00,4.192888391784143,4.270534505378869,4.192888391784143,4.236278533935547,69600,0.0,0.0
2007-11-14 00:00:00-05:00,4.2796690258205965,4.325343363106962,4.243129730224609,4.243129730224609,35800,0.0,0.0
2007-11-15 00:00:00-05:00,4.2248617379342335,4.249982676843625,4.195173711972808,4.206592082977295,51600,0.0,0.0
2007-11-16 00:00:00-05:00,4.224862128162658,4.245415546335493,4.197457425404554,4.213443756103516,33200,0.0,0.0
2007-11-19 00:00:00-05:00,4.179187531274706,4.213443516671457,4.142648220062256,4.142648220062256,25300,0.0,0.0
2007-11-20 00:00:00-05:00,4.156350108850285,4.2157261531747405,4.110675759511452,4.167768478393555,59900,0.0,0.0
2007-11-21 00:00:00-05:00,4.154067554902018,4.154067554902018,4.0764213998135315,4.10839319229126,46500,0.0,0.0
2007-11-23 00:00:00-05:00,4.151783320400872,4.186038870666357,4.13122990312499,4.181471347808838,20300,0.0,0.0
2007-11-26 00:00:00-05:00,4.339046517353713,4.339046517353713,4.067285060882568,4.067285060882568,74100,0.0,0.0
2007-11-27 00:00:00-05:00,4.04444804794265,4.135796747781569,4.04444804794265,4.110675811767578,62100,0.0,0.0
2007-11-28 00:00:00-05:00,4.213442922767648,4.279670251661566,4.1700523334753585,4.256833076477051,71800,0.0,0.0
2007-11-29 00:00:00-05:00,4.190606599460676,4.284238644726357,4.190606599460676,4.26368522644043,48400,0.0,0.0
2007-11-30 00:00:00-05:00,4.313926626076452,4.336763805651824,4.288806120568218,4.297940731048584,39000,0.0,0.0
2007-12-03 00:00:00-05:00,4.272818479211937,4.30935821667325,4.268251393164255,4.279669761657715,43300,0.0,0.0
2007-12-04 00:00:00-05:00,4.268252243965066,4.300224030586035,4.268252243965066,4.2751030921936035,56600,0.0,0.0
2007-12-05 00:00:00-05:00,4.304792707936598,4.3664529720320395,4.304792707936598,4.357317924499512,83000,0.0,0.0
2007-12-06 00:00:00-05:00,4.357315198899528,4.469216847677719,4.348180592663946,4.457798480987549,64700,0.0,0.0
2007-12-07 00:00:00-05:00,4.457798948484447,4.510324137700066,4.457798948484447,4.480636119842529,45100,0.0,0.0
2007-12-10 00:00:00-05:00,4.471501814135318,4.5491479482020685,4.46921805306478,4.4943389892578125,58600,0.0,0.0
2007-12-11 00:00:00-05:00,4.494338891354364,4.52631067447966,4.361883801228723,4.371018409729004,47200,0.0,0.0
2007-12-12 00:00:00-05:00,4.4532322697130144,4.489771576566592,4.35960024145286,4.380153656005859,100100,0.0,0.0
2007-12-13 00:00:00-05:00,4.323061290681591,4.416693326654038,4.323061290681591,4.398423671722412,52700,0.0,0.0
2007-12-14 00:00:00-05:00,4.407557487487793,4.514892072012573,4.382436988720958,4.407557487487793,42500,0.0,0.0
2007-12-17 00:00:00-05:00,4.384721381269813,4.407558122423462,4.348182072724475,4.355032920837402,52600,0.0,0.0
2007-12-18 00:00:00-05:00,4.4166933137111455,4.4166933137111455,4.348182216814052,4.387004852294922,49700,0.0,0.0
2007-12-19 00:00:00-05:00,4.528595148416244,4.530878909796556,4.453232765197754,4.453232765197754,66700,0.0,0.0
2007-12-20 00:00:00-05:00,4.496622121061642,4.521742618156374,4.455515298710303,4.462366580963135,60700,0.0,0.0
2007-12-21 00:00:00-05:00,4.50575755389256,4.695305375115921,4.50575755389256,4.683887004852295,76200,0.0,0.0
2007-12-24 00:00:00-05:00,4.722710537881178,4.740980193448916,4.6998733595257685,4.706724643707275,28500,0.0,0.0
2007-12-26 00:00:00-05:00,4.73412761303165,4.772950674930948,4.6907374651781275,4.761532306671143,61600,0.0,0.0
2007-12-27 00:00:00-05:00,5.002387673410655,5.002387673410655,4.713360811211032,4.888753414154053,48600,1.575,0.0
2007-12-28 00:00:00-05:00,4.888752439962358,4.903574194482446,4.74794412290874,4.752884864807129,70300,0.0,0.0
2007-12-31 00:00:00-05:00,4.804763563104559,4.81958532333374,4.7158320593789425,4.81958532333374,61000,0.0,0.0
2008-01-02 00:00:00-05:00,4.826996653133097,4.826996653133097,4.565142874143439,4.5700836181640625,70300,0.0,0.0
2008-01-03 00:00:00-05:00,4.579964676660345,4.641722557600154,4.579964676660345,4.639252185821533,37100,0.0,0.0
2008-01-04 00:00:00-05:00,4.631841688207795,4.681248188018799,4.567613426923611,4.681248188018799,23800,0.0,0.0
2008-01-07 00:00:00-05:00,4.71830219803645,4.723242941593693,4.577494304881724,4.639252185821533,39000,0.0,0.0
2008-01-08 00:00:00-05:00,4.6441927008070865,4.656544560345428,4.449038031853916,4.458919048309326,41300,0.0,0.0
2008-01-09 00:00:00-05:00,4.498445365433403,4.498445365433403,4.330464267410395,4.416924953460693,66200,0.0,0.0
2008-01-10 00:00:00-05:00,4.407043622433072,4.525618673065935,4.365048233103678,4.518208026885986,50500,0.0,0.0
2008-01-11 00:00:00-05:00,4.29834959043193,4.641723822422394,4.29834959043193,4.518208026885986,50300,0.0,0.0
2008-01-14 00:00:00-05:00,4.518206215301642,4.540438616102729,4.444096484989029,4.491032600402832,36300,0.0,0.0
2008-01-15 00:00:00-05:00,4.4910331097594955,4.4910331097594955,4.365046977996826,4.365046977996826,39900,0.0,0.0
2008-01-16 00:00:00-05:00,4.352695399926325,4.446567166116128,4.330462526401727,4.429275035858154,45000,0.0,0.0
2008-01-17 00:00:00-05:00,4.421864762378947,4.466330517889371,4.352696228185222,4.446568012237549,95900,0.0,0.0
2008-01-18 00:00:00-05:00,4.399631644489347,4.4836224067191495,4.3971612725207905,4.441627025604248,67900,0.0,0.0
2008-01-22 00:00:00-05:00,3.9525035102340764,4.298347473144531,3.9525035102340764,4.298347473144531,112100,0.0,0.0
2008-01-23 00:00:00-05:00,4.231650310806349,4.483622608855493,4.2044771602777296,4.367517948150635,83000,0.0,0.0
2008-01-24 00:00:00-05:00,4.434216423311451,4.434216423311451,4.192125151004059,4.305759906768799,59400,0.0,0.0
2008-01-25 00:00:00-05:00,4.3650456840904015,4.369986426108748,4.239059589673095,4.261292457580566,42600,0.0,0.0
2008-01-28 00:00:00-05:00,4.239060673410426,4.283526420593262,4.219298171459744,4.283526420593262,26300,0.0,0.0
2008-01-29 00:00:00-05:00,4.347755168809549,4.347755168809549,4.290938028076151,4.313170433044434,33800,0.0,0.0
2008-01-30 00:00:00-05:00,4.300817697975088,4.382338061251621,4.266233444213867,4.266233444213867,32400,0.0,0.0
2008-01-31 00:00:00-05:00,4.23412170759127,4.325523611967724,4.229181433411108,4.310701847076416,52100,0.0,0.0
2008-02-01 00:00:00-05:00,4.273644277309239,4.355164644225653,4.273644277309239,4.347754001617432,34500,0.0,0.0
2008-02-04 00:00:00-05:00,4.384810561631313,4.384810561631313,4.335404056973778,4.377399444580078,23500,0.0,0.0
2008-02-05 00:00:00-05:00,4.360107535343932,4.360107535343932,4.271176481995398,4.342815399169922,40400,0.0,0.0
2008-02-06 00:00:00-05:00,4.3156421212565785,4.352697240247964,4.3008203563652705,4.310701847076416,30200,0.0,0.0
2008-02-07 00:00:00-05:00,4.295878905219957,4.345285408307641,4.290938631851454,4.335403919219971,26000,0.0,0.0
2008-02-08 00:00:00-05:00,4.305758847284388,4.327991718568228,4.295877361747054,4.3230509757995605,20000,0.0,0.0
2008-02-11 00:00:00-05:00,4.298349983687484,4.3329347300010825,4.26129533587151,4.310701847076416,32500,0.0,0.0
2008-02-12 00:00:00-05:00,4.3131705627973815,4.357636316422143,4.263764536350643,4.325522422790527,43800,0.0,0.0
2008-02-13 00:00:00-05:00,4.335403899269222,4.34281501605087,4.2859978675842285,4.2859978675842285,25500,0.0,0.0
2008-02-14 00:00:00-05:00,4.313169570649664,4.323051056371167,4.09825243913388,4.130366325378418,53600,0.0,0.0
2008-02-15 00:00:00-05:00,4.150129862255362,4.150129862255362,4.006851581732089,4.053787708282471,75600,0.0,0.0
2008-02-19 00:00:00-05:00,4.108133343298383,4.169891213872878,4.095781957653547,4.137777328491211,40400,0.0,0.0
2008-02-20 00:00:00-05:00,4.066137055679432,4.172360644505635,4.066137055679432,4.157538890838623,35400,0.0,0.0
2008-02-21 00:00:00-05:00,4.224239205965783,4.224239205965783,4.1303669618469625,4.192124843597412,33900,0.0,0.0
2008-02-22 00:00:00-05:00,4.2242377377573375,4.2242377377573375,4.115543771725986,4.162479877471924,37100,0.0,0.0
2008-02-25 00:00:00-05:00,4.1451893568351075,4.263764381408691,4.1451893568351075,4.263764381408691,36800,0.0,0.0
2008-02-26 00:00:00-05:00,4.2242389147412185,4.3131699379316775,4.2242389147412185,4.283526420593262,34000,0.0,0.0
2008-02-27 00:00:00-05:00,4.229179768604863,4.288467276007122,4.229179768604863,4.276115417480469,41300,0.0,0.0
2008-02-28 00:00:00-05:00,4.261292542378553,4.261292542378553,4.189653195212197,4.22423791885376,23900,0.0,0.0
2008-02-29 00:00:00-05:00,4.164953099231656,4.184715609202934,4.118016961359094,4.132838726043701,20600,0.0,0.0
2008-03-03 00:00:00-05:00,4.1229558959355,4.147659140344334,4.090841536851456,4.095782279968262,24400,0.0,0.0
2008-03-04 00:00:00-05:00,4.088371996204975,4.093312740325928,4.014262719091858,4.093312740325928,48700,0.0,0.0
2008-03-05 00:00:00-05:00,4.08343244079376,4.12295745835607,4.068610205826362,4.108135223388672,35700,0.0,0.0
2008-03-06 00:00:00-05:00,4.098252636716621,4.098252636716621,4.031554018406358,4.076019763946533,15900,0.0,0.0
2008-03-07 00:00:00-05:00,4.009323005144306,4.051318398612302,3.9549762193755997,4.0167341232299805,48400,0.0,0.0
2008-03-10 00:00:00-04:00,3.994500474494766,3.9969708467164775,3.9006284503586843,3.9080393314361572,37000,0.0,0.0
2008-03-11 00:00:00-04:00,3.957446833215788,4.051318645477295,3.9352139487794284,4.051318645477295,51700,0.0,0.0
2008-03-12 00:00:00-04:00,4.051316245151484,4.061197730679919,4.014261616770176,4.031553745269775,26300,0.0,0.0
2008-03-13 00:00:00-04:00,3.952504669422065,4.02167367076005,3.908038916503023,4.011792182922363,50200,0.0,0.0
2008-03-14 00:00:00-04:00,4.031554634138557,4.0364953779921,3.868513856373782,3.922860860824585,52400,0.0,0.0
2008-03-17 00:00:00-04:00,3.8363995360481704,3.8512215312792133,3.7598198948527095,3.806755781173706,50600,0.0,0.0
2008-03-18 00:00:00-04:00,3.821577956166566,3.9030983448028564,3.821577956166566,3.9030983448028564,56400,0.0,0.0
2008-03-19 00:00:00-04:00,3.9278020603005324,3.9475645680172193,3.8388707755754403,3.8635740280151367,40200,0.0,0.0
2008-03-20 00:00:00-04:00,3.890746618202508,3.9352123692271483,3.8685137426901877,3.930271625518799,29500,0.0,0.0
2008-03-24 00:00:00-04:00,3.947562894457882,4.066137890488434,3.937681644788669,4.038964748382568,36500,0.0,0.0
2008-03-25 00:00:00-04:00,4.001910502163038,4.076019763946533,3.9920290159651346,4.076019763946533,30400,0.0,0.0
2008-03-26 00:00:00-04:00,4.03896738095735,4.083433151245117,4.03896738095735,4.083433151245117,40900,0.0,0.0
2008-03-27 00:00:00-04:00,4.08343244079376,4.16248247591838,4.08343244079376,4.108135223388672,40800,0.0,0.0
2008-03-28 00:00:00-04:00,4.1254276935745615,4.1254276935745615,4.053788307142108,4.0661396980285645,22500,0.0,0.0
2008-03-31 00:00:00-04:00,4.076019997532483,4.083431112605623,4.046376008415149,4.071079254150391,27500,0.0,0.0
2008-04-01 00:00:00-04:00,4.179116973677912,4.179116973677912,4.092687511234188,4.140986442565918,51100,0.465,0.0
2008-04-02 00:00:00-04:00,4.151154121048807,4.166406235652059,4.125733606806068,4.1638641357421875,33700,0.0,0.0
2008-04-03 00:00:00-04:00,4.12319174218138,4.148612257874712,4.11810802692752,4.140986442565918,16000,0.0,0.0
2008-04-04 00:00:00-04:00,4.153695026218048,4.168947136434286,4.113022409070853,4.1562371253967285,54100,0.0,0.0
2008-04-07 00:00:00-04:00,4.194369082745929,4.194369082745929,4.156238551692168,4.186742782592773,37600,0.0,0.0
2008-04-08 00:00:00-04:00,4.176573676458709,4.176573676458709,4.1181068465220605,4.148611068725586,43000,0.0,0.0
2008-04-09 00:00:00-04:00,4.140985656748623,4.140985656748623,4.092686734582375,4.105396747589111,18600,0.0,0.0
2008-04-10 00:00:00-04:00,4.12064957311565,4.128275873152731,4.09522954270405,4.11302375793457,24700,0.0,0.0
2008-04-11 00:00:00-04:00,4.092686734582375,4.105396747589111,4.0596401674233515,4.105396747589111,31800,0.0,0.0
2008-04-14 00:00:00-04:00,4.085060040493942,4.085060040493942,4.0215090118991865,4.041845321655273,19200,0.0,0.0
2008-04-15 00:00:00-04:00,4.105397144209008,4.105397144209008,4.003715575763973,4.092687129974365,40700,0.0,0.0
2008-04-16 00:00:00-04:00,4.107939383171206,4.199453040299469,4.0952293685060495,4.179116725921631,61100,0.0,0.0
2008-04-17 00:00:00-04:00,4.14352702790475,4.214704357183986,4.14352702790475,4.189283847808838,58100,0.0,0.0
2008-04-18 00:00:00-04:00,4.25029142068849,4.252833519298951,4.219787207074424,4.232497215270996,27400,0.0,0.0
2008-04-21 00:00:00-04:00,4.204537861537045,4.260462613127762,4.204537861537045,4.235042095184326,22800,0.0,0.0
2008-04-22 00:00:00-04:00,4.227414203578822,4.296049430742015,4.161321560594861,4.224872589111328,55900,0.0,0.0
2008-04-23 00:00:00-04:00,4.237584504742239,4.32147188067882,4.207079784012534,4.255378723144531,36800,0.0,0.0
2008-04-24 00:00:00-04:00,4.257919465303979,4.270629478720722,4.20707844192514,4.268087863922119,30900,0.0,0.0
2008-04-25 00:00:00-04:00,4.273172769922246,4.311303305660865,4.252836451871245,4.290966987609863,42900,0.0,0.0
2008-04-28 00:00:00-04:00,4.321472757988768,4.321472757988768,4.260463788999903,4.273173809051514,30100,0.0,0.0
2008-04-29 00:00:00-04:00,4.268088025643071,4.28588223904312,4.247751227636214,4.263003826141357,19300,0.0,0.0
2008-04-30 00:00:00-04:00,4.3011337967489185,4.306217995593474,4.237582765759635,4.250292778015137,44200,0.0,0.0
2008-05-01 00:00:00-04:00,4.268088650055159,4.31638709781955,4.265546549932398,4.303677082061768,31600,0.0,0.0
2008-05-02 00:00:00-04:00,4.334181067153452,4.3697699819906255,4.316386852162862,4.326555252075195,46800,0.0,0.0
2008-05-05 00:00:00-04:00,4.346891567043869,4.346891567043869,4.296050537194188,4.326555252075195,29400,0.0,0.0
2008-05-06 00:00:00-04:00,4.321469943364193,4.36214256286621,4.2985915342873255,4.362142562866211,18900,0.0,0.0
2008-05-07 00:00:00-04:00,4.336723016216411,4.349433515664511,4.2731719735438425,4.285882472991943,27600,0.0,0.0
2008-05-08 00:00:00-04:00,4.2807981110378055,4.313844438638975,4.270629711864547,4.30621862411499,51700,0.0,0.0
2008-05-09 00:00:00-04:00,4.296049593197936,4.298591692617428,4.250292773358837,4.280797481536865,34900,0.0,0.0
2008-05-12 00:00:00-04:00,4.308760166168213,4.31384388024083,4.280797556917285,4.308760166168213,22800,0.0,0.0
2008-05-13 00:00:00-04:00,4.346891882813576,4.346891882813576,4.318929265879374,4.331639766693115,29000,0.0,0.0
2008-05-14 00:00:00-04:00,4.359601661867969,4.372312161991014,4.331639531309275,4.3392653465271,32400,0.0,0.0
2008-05-15 00:00:00-04:00,4.3570602526058275,4.471452347568791,4.293509196483311,4.392649173736572,29600,0.0,0.0
2008-05-16 00:00:00-04:00,4.423151490825051,4.423151490825051,4.379936772009819,4.407899379730225,34700,0.0,0.0
2008-05-19 00:00:00-04:00,4.390106672062224,4.453657722376306,4.390106672062224,4.4206109046936035,48100,0.0,0.0
2008-05-20 00:00:00-04:00,4.418068644585889,4.418068644585889,4.374853912542234,4.41044282913208,33500,0.0,0.0
2008-05-21 00:00:00-04:00,4.418066890985796,4.420608990080073,4.385020572471847,4.3901047706604,80500,0.0,0.0
2008-05-22 00:00:00-04:00,4.402816214592314,4.412984614279697,4.392648299760915,4.40535831451416,29100,0.0,0.0
2008-05-23 00:00:00-04:00,4.395189212951934,4.412983422744314,4.379936617539163,4.397730827331543,28400,0.0,0.0
2008-05-27 00:00:00-04:00,4.418068317339383,4.451115131378175,4.397732002875506,4.451115131378174,41000,0.0,0.0
2008-05-28 00:00:00-04:00,4.473994173684531,4.545171041869825,4.461283672325692,4.476536273956299,72800,0.0,0.0
2008-05-29 00:00:00-04:00,4.461282721719026,4.6061794971989904,4.461282721719026,4.491787433624268,42900,0.0,0.0
2008-05-30 00:00:00-04:00,4.535000872643544,4.537542971652393,4.466365653972048,4.471449851989746,30600,0.0,0.0
2008-06-02 00:00:00-04:00,4.486701961187031,4.486701961187031,4.453655643783612,4.471449851989746,35600,0.0,0.0
2008-06-03 00:00:00-04:00,4.476536040866205,4.499414457264801,4.453657624467609,4.468909740447998,26100,0.0,0.0
2008-06-04 00:00:00-04:00,4.47653532009962,4.499413732814565,4.473993220369521,4.491787433624268,14700,0.0,0.0
2008-06-05 00:00:00-04:00,4.494329372493002,4.54008619628516,4.494329372493002,4.5273756980896,35000,0.0,0.0
2008-06-06 00:00:00-04:00,4.550253388152266,4.550253388152266,4.453656041469461,4.48924446105957,35300,0.0,0.0
2008-06-09 00:00:00-04:00,4.512124086951765,4.527376201626856,4.397732014748622,4.40535831451416,30700,0.0,0.0
2008-06-10 00:00:00-04:00,4.377395865245855,4.428236895887373,4.351975834781098,4.369770050048828,32700,0.0,0.0
2008-06-11 00:00:00-04:00,4.40027471205589,4.402816812322854,4.2807989086448925,4.296051025390625,39500,0.0,0.0
2008-06-12 00:00:00-04:00,4.273171344240854,4.293507655506941,4.260461331520514,4.2757134437561035,36100,0.0,0.0
2008-06-13 00:00:00-04:00,4.311302731112402,4.3392653465271,4.29859271584536,4.3392653465271,26400,0.0,0.0
2008-06-16 00:00:00-04:00,4.346890214782289,4.385020732879639,4.3367218180332125,4.385020732879639,21200,0.0,0.0
2008-06-17 00:00:00-04:00,4.407900832151447,4.407900832151447,4.316387165716626,4.331639766693115,36300,0.0,0.0
2008-06-18 00:00:00-04:00,4.321471768442272,4.334181785583496,4.273172830564687,4.334181785583496,25000,0.0,0.0
2008-06-19 00:00:00-04:00,4.321469134655966,4.3290954312063805,4.2426660097247995,4.265544414520264,35100,0.0,0.0
2008-06-20 00:00:00-04:00,4.224874487270913,4.280799242943271,4.22233238680543,4.255378723144531,30600,0.0,0.0
2008-06-23 00:00:00-04:00,4.306219216870525,4.306219216870525,4.1689487182718725,4.196911334991455,49500,0.0,0.0
2008-06-24 00:00:00-04:00,4.181657551597703,4.2096196723116694,4.123190241328502,4.158779144287109,44600,0.0,0.0
2008-06-25 00:00:00-04:00,4.189282508604625,4.232497215270996,4.184198311383702,4.232497215270996,32200,0.0,0.0
2008-06-26 00:00:00-04:00,4.194368840491014,4.201995140203697,4.148612011926883,4.179116725921631,33200,0.0,0.0
2008-06-27 00:00:00-04:00,4.1918258711176835,4.1918258711176835,4.0774343082904485,4.100312232971191,42400,0.0,0.0
2008-06-30 00:00:00-04:00,4.087604789124809,4.179118484768021,4.0850626881507,4.168950080871582,74000,0.0,0.0
2008-07-01 00:00:00-04:00,4.138861862745531,4.178105330486602,4.09700236342356,4.128396987915039,56200,0.465,0.0
2008-07-02 00:00:00-04:00,4.146709117716352,4.172871170020807,3.960957473495255,3.9792709350585938,50300,0.0,0.0
2008-07-03 00:00:00-04:00,4.002818271186442,4.002818271186442,3.8981692790985107,3.8981692790985107,30700,0.0,0.0
2008-07-07 00:00:00-04:00,3.903401586729466,3.9347962074602605,3.803985162997483,3.8196825981140137,56100,0.0,0.0
2008-07-08 00:00:00-04:00,3.845847219121216,3.845847219121216,3.7621281747383923,3.832766056060791,97200,0.0,0.0
2008-07-09 00:00:00-04:00,3.8641593281342472,3.8903213937908268,3.793521226906593,3.814450979232788,69800,0.0,0.0
2008-07-10 00:00:00-04:00,3.840613106834661,3.840613106834661,3.751661539041134,3.7909047603607178,67900,0.0,0.0
2008-07-11 00:00:00-04:00,3.772590659144561,3.8092178425496943,3.741196037441136,3.777822971343994,72900,0.0,0.0
2008-07-14 00:00:00-04:00,3.7856726081879217,3.798753765684542,3.675791284420033,3.681023597717285,80400,0.0,0.0
2008-07-15 00:00:00-04:00,3.6286982488336434,3.6548605568448855,3.5711413209102663,3.597303628921509,71400,0.0,0.0
2008-07-16 00:00:00-04:00,3.5711405049390077,3.7098003564129853,3.565908194233648,3.707184076309204,107800,0.0,0.0
2008-07-17 00:00:00-04:00,3.7281149361747574,3.8039853354220825,3.7254986552863687,3.798753023147583,62000,0.0,0.0
2008-07-18 00:00:00-04:00,3.8196828417742728,3.861542338752246,3.7830556571674054,3.8589260578155518,56300,0.0,0.0
2008-07-21 00:00:00-04:00,3.861542343944675,3.8981692790985107,3.8379963144873335,3.8981692790985107,47500,0.0,0.0
2008-07-22 00:00:00-04:00,3.86154214044177,3.908633947372436,3.832763550620633,3.9086339473724365,32300,0.0,0.0
2008-07-23 00:00:00-04:00,3.9426448199936677,3.976655721664429,3.898169044693616,3.9766557216644287,52100,0.0,0.0
2008-07-24 00:00:00-04:00,3.9975848147829307,3.9975848147829307,3.892936095614095,3.924330711364746,28400,0.0,0.0
2008-07-25 00:00:00-04:00,3.9504930159080685,3.9557253271153963,3.885087504051989,3.924330711364746,32900,0.0,0.0
2008-07-28 00:00:00-04:00,3.9321794135577917,3.9321794135577917,3.822298130587917,3.8484604358673096,17100,0.0,0.0
2008-07-29 00:00:00-04:00,3.869391794214951,3.8772403892715275,3.8379971644863065,3.8667755126953125,32600,0.0,0.0
2008-07-30 00:00:00-04:00,3.9086344680836955,3.9635751247406006,3.9086344680836955,3.9635751247406006,28800,0.0,0.0
2008-07-31 00:00:00-04:00,3.92956216726311,3.9740376732787386,3.926945887643909,3.9504919052124023,28100,0.0,0.0
2008-08-01 00:00:00-04:00,3.9792720320218407,3.9792720320218407,3.887704199958302,3.9086339473724365,23800,0.0,0.0
2008-08-04 00:00:00-04:00,3.921714431009968,3.9243307113647456,3.8589251995086666,3.924330711364746,33600,0.0,0.0
2008-08-05 00:00:00-04:00,3.950493662342337,3.976655721664429,3.9243313535179762,3.9766557216644287,50300,0.0,0.0
2008-08-06 00:00:00-04:00,3.9609594331689775,4.00281893716774,3.95572687041797,4.000202655792236,29900,0.0,0.0
2008-08-07 00:00:00-04:00,3.9818891144825255,3.9897377089673856,3.9138672969408854,3.9347970485687256,15800,0.0,0.0
2008-08-08 00:00:00-04:00,3.96619183922422,4.005435312268078,3.921716052809246,3.992354154586792,48500,0.0,0.0
2008-08-11 00:00:00-04:00,4.0185158354550055,4.0289807106969855,4.00543492852926,4.023748397827148,16600,0.0,0.0
2008-08-12 00:00:00-04:00,4.023747947720184,4.023747947720184,3.976655889647961,3.994969606399536,20800,0.0,0.0
2008-08-13 00:00:00-04:00,4.010665878720158,4.010665878720158,3.9426440880074733,3.9714226722717285,32700,0.0,0.0
2008-08-14 00:00:00-04:00,3.9452612674339047,4.005434480470888,3.9452612674339047,3.994969606399536,29900,0.0,0.0
2008-08-15 00:00:00-04:00,4.010666016249687,4.010666016249687,3.960957936410325,3.97403883934021,33800,0.0,0.0
2008-08-18 00:00:00-04:00,3.74381315665168,3.9949704360235154,3.74381315665168,3.992354154586792,52700,0.0,0.0
2008-08-19 00:00:00-04:00,3.960958480834961,3.960958480834961,3.8720069314730656,3.960958480834961,48600,0.0,0.0
2008-08-20 00:00:00-04:00,3.9531116801758053,3.9531116801758053,3.8824738100560903,3.919100761413574,34800,0.0,0.0
2008-08-21 00:00:00-04:00,3.9060161496946164,3.9504919052124023,3.89555128071997,3.9504919052124023,31000,0.0,0.0
2008-08-22 00:00:00-04:00,3.9400285636750687,3.9818880558013916,3.929563690643488,3.9818880558013916,33900,0.0,0.0
2008-08-25 00:00:00-04:00,3.9792728331534657,3.9792728331534657,3.9034024211269656,3.9347970485687256,44200,0.0,0.0
2008-08-26 00:00:00-04:00,3.9217157363891606,3.937413174240636,3.8955536726397813,3.92171573638916,37400,0.0,0.0
2008-08-27 00:00:00-04:00,3.92171547991457,3.9661912598324034,3.92171547991457,3.955726385116577,32500,0.0,0.0
2008-08-28 00:00:00-04:00,3.958341656023456,3.9949688329329334,3.958341656023456,3.97403883934021,51200,0.0,0.0
2008-08-29 00:00:00-04:00,3.9792711381409656,3.9949685699265194,3.9504928042867005,3.968806266784668,20900,0.0,0.0
2008-09-02 00:00:00-04:00,4.0106664998980595,4.023747653907638,3.9217149520356367,3.940028667449951,48700,0.0,0.0
2008-09-03 00:00:00-04:00,3.947877168655395,3.9635743535016674,3.940028576232259,3.9478771686553955,21800,0.0,0.0
2008-09-04 00:00:00-04:00,3.963574030191723,3.963574030191723,3.827530691444689,3.8484604358673096,45300,0.0,0.0
2008-09-05 00:00:00-04:00,3.845844657305209,3.845844657305209,3.7935202894205515,3.8196825981140137,22800,0.0,0.0
2008-09-08 00:00:00-04:00,3.953112307112316,3.953112307112316,3.82491745802551,3.832766056060791,63000,0.0,0.0
2008-09-09 00:00:00-04:00,3.85369340760165,3.8641585311085276,3.743812355304481,3.754277229309082,32600,0.0,0.0
2008-09-10 00:00:00-04:00,3.7568918530381272,3.7909027431853293,3.738578392767397,3.7595081329345703,29500,0.0,0.0
2008-09-11 00:00:00-04:00,3.733347175629313,3.7778226993806916,3.728114614304294,3.76735782623291,36100,0.0,0.0
2008-09-12 00:00:00-04:00,3.7621259583199955,3.7673582707601416,3.728115054201045,3.7568933963775635,25600,0.0,0.0
2008-09-15 00:00:00-04:00,3.6130020751460314,3.647012735779307,3.555445131108674,3.573758602142334,36400,0.0,0.0
2008-09-16 00:00:00-04:00,3.429865865568637,3.442947021324891,3.275509026052182,3.401087522506714,147500,0.0,0.0
2008-09-17 00:00:00-04:00,3.2755093497511343,3.3539957930404145,3.1159196828576765,3.1473143100738525,138300,0.0,0.0
2008-09-18 00:00:00-04:00,3.168244061551303,3.194406375649275,2.943249108417551,3.1473143100738525,186400,0.0,0.0
2008-09-19 00:00:00-04:00,3.3226008236020372,3.482190474058034,3.314752229981965,3.474341630935669,96200,0.0,0.0
2008-09-22 00:00:00-04:00,3.4429476134753907,3.4586450529831474,3.3330662854281052,3.3539960384368896,72800,0.0,0.0
2008-09-23 00:00:00-04:00,3.3749246966506457,3.3749246966506457,3.2414976268777638,3.3121354579925537,95700,0.0,0.0
2008-09-24 00:00:00-04:00,3.3226012040874666,3.340914923967876,3.244114510392012,3.3252174854278564,76800,0.0,0.0
2008-09-25 00:00:00-04:00,3.3147521165376315,3.4534117634241146,3.3147521165376315,3.4377145767211914,116100,0.0,0.0
2008-09-26 00:00:00-04:00,3.296438775461271,3.401087522506714,3.2912062133578517,3.401087522506714,79800,0.0,0.0
2008-09-29 00:00:00-04:00,3.372310093736816,3.372310093736816,3.089758150607071,3.1290013790130615,62800,0.0,0.0
2008-09-30 00:00:00-04:00,3.1263829139799135,3.2545776367187504,3.1054531735124375,3.25457763671875,68800,0.0,0.0
2008-10-01 00:00:00-04:00,3.353778871397662,3.4026995531544664,3.247784147321473,3.3918280601501465,78100,0.465,0.0
2008-10-02 00:00:00-04:00,3.4108541981724074,3.4108541981724074,3.2070182930129896,3.2803990840911865,61800,0.0,0.0
2008-10-03 00:00:00-04:00,3.3401904900703836,3.3456262377535917,3.2287602544717697,3.2477848529815674,67000,0.0,0.0
2008-10-06 00:00:00-04:00,3.1254833785538545,3.1254833785538545,2.717811633525091,2.7884747982025146,137200,0.0,0.0
2008-10-07 00:00:00-04:00,2.878160962609784,2.878160962609784,2.5792017453119103,2.6362757682800293,124200,0.0,0.0
2008-10-08 00:00:00-04:00,2.310139636501673,2.5547425531608696,2.195991539609865,2.497668504714966,238700,0.0,0.0
2008-10-09 00:00:00-04:00,2.5982277345519402,2.5982277345519402,2.051947597323042,2.2965505123138428,165800,0.0,0.0
2008-10-10 00:00:00-04:00,1.970413160834458,2.2231696906135507,1.8481117061380412,2.2014272212982178,288000,0.0,0.0
2008-10-13 00:00:00-04:00,2.3101393790250597,2.712375287667319,2.3101393790250597,2.6906328201293945,48600,0.0,0.0
2008-10-14 00:00:00-04:00,2.902621871612838,2.935235568472568,2.7205285364197107,2.8183696269989014,126400,0.0,0.0
2008-10-15 00:00:00-04:00,2.747707351872763,2.747707351872763,2.5275647640228267,2.527564764022827,142200,0.0,0.0
2008-10-16 00:00:00-04:00,2.5819208326956082,2.6770443354711975,2.432441153701408,2.6688907146453857,106100,0.0,0.0
2008-10-17 00:00:00-04:00,2.5819203006985862,2.984156181027491,2.5547420885939243,2.9107754230499268,141200,0.0,0.0
2008-10-20 00:00:00-04:00,2.9162117704055706,2.946107864379883,2.829241880714589,2.946107864379883,94900,0.0,0.0
2008-10-21 00:00:00-04:00,2.867291190615532,2.9325186045525666,2.831959609935296,2.8727266788482666,92700,0.0,0.0
2008-10-22 00:00:00-04:00,2.772167814208469,2.772167814208469,2.641712980217819,2.6498663425445557,85100,0.0,0.0
2008-10-23 00:00:00-04:00,2.668890021428024,2.668890021428024,2.5547419514224083,2.6444296836853027,125100,0.0,0.0
2008-10-24 00:00:00-04:00,2.4541838145099333,2.5601785607490997,2.4487483260618985,2.5547428131103516,83200,0.0,0.0
2008-10-27 00:00:00-04:00,2.462337047394188,2.5683315177159782,2.462337047394188,2.5003862380981445,63800,0.0,0.0
2008-10-28 00:00:00-04:00,2.5357178098955937,2.744989395141602,2.4215697196142565,2.7449893951416016,126400,0.0,0.0
2008-10-29 00:00:00-04:00,2.6688904302085064,2.8373946881232133,2.6688904302085064,2.780320644378662,101600,0.0,0.0
2008-10-30 00:00:00-04:00,2.7966271820926907,2.812934160232544,2.76944897158981,2.812934160232544,43800,0.0,0.0
2008-10-31 00:00:00-04:00,2.8238062403220257,2.9488255796238354,2.8074992572867012,2.891751527786255,91600,0.0,0.0
2008-11-03 00:00:00-05:00,2.9298004329538405,3.03851303765293,2.910775837287537,2.921647071838379,124300,0.0,0.0
2008-11-04 00:00:00-05:00,3.071126699447632,3.071126699447632,2.995028058628926,3.071126699447632,77900,0.0,0.0
2008-11-05 00:00:00-05:00,3.057538613388754,3.057538613388754,2.948826233033458,2.9841575622558594,62100,0.0,0.0
2008-11-06 00:00:00-05:00,2.970567788434596,2.9841566373743373,2.81293475617934,2.815652370452881,120600,0.0,0.0
2008-11-07 00:00:00-05:00,2.7993450954551085,2.905339547729478,2.7884738629349006,2.8074984550476074,61700,0.0,0.0
2008-11-10 00:00:00-05:00,2.878161834889809,2.889033068312246,2.7205288206691405,2.725964307785034,57000,0.0,0.0
2008-11-11 00:00:00-05:00,2.696068566609205,2.780320563520997,2.6797615863604323,2.6906328201293945,94200,0.0,0.0
2008-11-12 00:00:00-05:00,2.6960687577203153,2.709657865692448,2.554742449515219,2.5764849185943604,78300,0.0,0.0
2008-11-13 00:00:00-05:00,2.606381975404019,2.6335599422454834,2.4759268533163628,2.6335599422454834,132900,0.0,0.0
2008-11-14 00:00:00-05:00,2.6145341601068277,2.682479435346165,2.568331352208826,2.6090986728668213,85900,0.0,0.0
2008-11-17 00:00:00-05:00,2.6308417249085436,2.6308417249085436,2.53571821475616,2.5547428131103516,74500,0.0,0.0
2008-11-18 00:00:00-05:00,2.557460739571302,2.557460739571302,2.4596196127763417,2.5248470306396484,104300,0.0,0.0
2008-11-19 00:00:00-05:00,2.459619500425832,2.4949510816189266,2.3644959926605225,2.3644959926605225,147600,0.0,0.0
2008-11-20 00:00:00-05:00,2.277525950826159,2.310139656043896,2.1280462741851807,2.1280462741851807,114100,0.0,0.0
2008-11-21 00:00:00-05:00,2.176967404271505,2.176967404271505,2.032923315876903,2.1552248001098633,113500,0.0,0.0
2008-11-24 00:00:00-05:00,2.1796848988659363,2.4242878247418975,2.1796848988659363,2.399827480316162,121900,0.0,0.0
2008-11-25 00:00:00-05:00,2.3998268751227876,2.5085392016099797,2.356341944527911,2.484079122543335,91600,0.0,0.0
2008-11-26 00:00:00-05:00,2.3998271622192804,2.579202651977539,2.369931333656458,2.579202651977539,105700,0.0,0.0
2008-11-28 00:00:00-05:00,2.4650548604829217,2.617252413150576,2.4650548604829217,2.6063811779022217,67100,0.0,0.0
2008-12-01 00:00:00-05:00,2.4677726006948846,2.4840795822812733,2.4025451927306882,2.4079806804656982,77300,0.0,0.0
2008-12-02 00:00:00-05:00,2.405263136975076,2.5139754867812325,2.3998273898894245,2.497668504714966,107100,0.0,0.0
2008-12-03 00:00:00-05:00,2.4161340275531367,2.600944995880127,2.4161340275531367,2.600944995880127,75000,0.0,0.0
2008-12-04 00:00:00-05:00,2.5302828002778814,2.6090993290088402,2.50854006827798,2.519411563873291,98200,0.0,0.0
2008-12-05 00:00:00-05:00,2.4487479488573847,2.5493069319677226,2.3780847955828746,2.538435697555542,122400,0.0,0.0
2008-12-08 00:00:00-05:00,2.5819196838961287,2.7150923211755584,2.5819196838961287,2.712374448776245,132300,0.0,0.0
2008-12-09 00:00:00-05:00,2.6362763186689415,2.706939458847046,2.6090983672708727,2.706939458847046,71900,0.0,0.0
2008-12-10 00:00:00-05:00,2.696068282624059,2.7395532131195064,2.674325817376335,2.739553213119507,131800,0.0,0.0
2008-12-11 00:00:00-05:00,2.7395535016850534,2.769449329752035,2.6389945245244886,2.6906328201293945,150600,0.0,0.0
2008-12-12 00:00:00-05:00,2.6308417914909255,2.7449899028864055,2.606381444878934,2.720529556274414,143300,0.0,0.0
2008-12-15 00:00:00-05:00,2.7585770779450867,2.7640128224188647,2.660736010132145,2.6960675716400146,97600,0.0,0.0
2008-12-16 00:00:00-05:00,2.7178110986355435,2.875444121621152,2.715093225331149,2.8428304195404053,91500,0.0,0.0
2008-12-17 00:00:00-05:00,2.842831145706516,2.883598218923229,2.799346198491161,2.8618557453155518,71500,0.0,0.0
2008-12-18 00:00:00-05:00,2.8944683315264075,2.8944683315264075,2.8047805979314346,2.845547914505005,82000,0.0,0.0
2008-12-19 00:00:00-05:00,2.8672912921351514,2.913494110107422,2.842830946245042,2.913494110107422,96400,0.0,0.0
2008-12-22 00:00:00-05:00,2.8890335846499324,2.9624143585685787,2.8618553666411324,2.8645732402801514,95000,0.0,0.0
2008-12-23 00:00:00-05:00,2.9379546520760016,3.0086175614636965,2.8700093574869157,2.88088059425354,100000,0.0,0.0
2008-12-24 00:00:00-05:00,2.88088047990561,3.043949024932461,2.88088047990561,2.9596970081329346,59600,0.0,0.0
2008-12-26 00:00:00-05:00,2.9596975245466797,2.9950291135982345,2.9325192993714024,2.9923112392425537,86100,0.0,0.0
2008-12-29 00:00:00-05:00,3.0930475473446095,3.0930475473446095,2.9426517279380686,3.0022425651550293,138700,0.465,0.0
2008-12-30 00:00:00-05:00,3.0277803999519977,3.1185853481292725,3.0135920591442753,3.1185853481292725,99500,0.0,0.0
2008-12-31 00:00:00-05:00,3.11574783679064,3.178176378199191,3.073183082105784,3.15547513961792,171100,0.0,0.0
2009-01-02 00:00:00-05:00,3.1923657497203948,3.2803332805633545,3.1725022272094865,3.2803332805633545,55700,0.0,0.0
2009-01-05 00:00:00-05:00,3.3200590118859528,3.4051887856512524,3.2547930233919473,3.3938381671905518,57200,0.0,0.0
2009-01-06 00:00:00-05:00,3.3938389567341742,3.5385595787410193,3.391001233803808,3.4732933044433594,85500,0.0,0.0
2009-01-07 00:00:00-05:00,3.4477530878665466,3.4477530878665466,3.328571474252488,3.3682987689971924,68300,0.0,0.0
2009-01-08 00:00:00-05:00,3.376812673779751,3.376812673779751,3.325735017401023,3.354111433029175,81300,0.0,0.0
2009-01-09 00:00:00-05:00,3.3654624564615627,3.402352044754282,3.339923760523682,3.3455989360809326,53500,0.0,0.0
2009-01-12 00:00:00-05:00,3.4619406794677157,3.4619406794677157,3.331408477048474,3.4051876068115234,110800,0.0,0.0
2009-01-13 00:00:00-05:00,3.3739756156295932,3.3768130680896418,3.320059959586151,3.3342483043670654,67000,0.0,0.0
2009-01-14 00:00:00-05:00,3.342761212992223,3.359787280904312,3.300196449142253,3.3455989360809326,137800,0.0,0.0
2009-01-15 00:00:00-05:00,3.362625003993022,3.3768130781962324,3.2661445839382433,3.3455989360809326,95500,0.0,0.0
2009-01-16 00:00:00-05:00,3.373976627481987,3.447755555352672,3.359788278446,3.413703680038452,119800,0.0,0.0
2009-01-20 00:00:00-05:00,3.442078877438572,3.442078877438572,3.322897230489296,3.3569490909576416,79500,0.0,0.0
2009-01-21 00:00:00-05:00,3.4364041253376145,3.5130210298137876,3.3796510131072193,3.4761314392089844,154800,0.0,0.0
2009-01-22 00:00:00-05:00,3.450593167197918,3.478969864348129,3.405190668253773,3.4534308910369873,131700,0.0,0.0
2009-01-23 00:00:00-05:00,3.4051902557310276,3.5328848361969,3.3001969219870793,3.5328848361968994,70300,0.0,0.0
2009-01-26 00:00:00-05:00,3.493157585261192,3.5016704846285336,3.385326534334165,3.4023523330688477,59900,0.0,0.0
2009-01-27 00:00:00-05:00,3.4193775535487236,3.4364033480566807,3.3910008685419624,3.408026933670044,38300,0.0,0.0
2009-01-28 00:00:00-05:00,3.510182421036098,3.5158578661374897,3.4647799427054315,3.4846434593200684,58800,0.0,0.0
2009-01-29 00:00:00-05:00,3.484643928319846,3.484643928319846,3.3314104080200195,3.3314104080200195,67500,0.0,0.0
2009-01-30 00:00:00-05:00,3.388163705399152,3.388163705399152,3.2519562443632846,3.2746574878692627,42800,0.0,0.0
2009-02-02 00:00:00-05:00,3.260468020004459,3.271818637847901,3.2122278265148134,3.2718186378479004,45200,0.0,0.0
2009-02-03 00:00:00-05:00,3.348436851085252,3.376813271738236,3.254794148752053,3.371138095855713,45200,0.0,0.0
2009-02-04 00:00:00-05:00,3.433566654284574,3.464780798188912,3.3512745743366055,3.371138095855713,80500,0.0,0.0
2009-02-05 00:00:00-05:00,3.396677877691467,3.4364049302479325,3.345599929410013,3.413703680038452,41600,0.0,0.0
2009-02-06 00:00:00-05:00,3.44491596420965,3.4818055405623327,3.419377005917786,3.4364027976989746,47000,0.0,0.0
2009-02-09 00:00:00-05:00,3.4335659799765184,3.4505917749006256,3.35411136826358,3.3569490909576416,34600,0.0,0.0
2009-02-10 00:00:00-05:00,3.3739749481429127,3.3910007420155965,3.254793308553668,3.2604684829711914,46200,0.0,0.0
2009-02-11 00:00:00-05:00,3.2803333864896813,3.3172227093096596,3.24060606956482,3.2406060695648193,80000,0.0,0.0
2009-02-12 00:00:00-05:00,3.260469936138875,3.260469936138875,3.1526388679452704,3.189528465270996,67100,0.0,0.0
2009-02-13 00:00:00-05:00,3.2122283593389773,3.229254424238354,3.1554752607079233,3.1725013256073,45300,0.0,0.0
2009-02-17 00:00:00-05:00,3.12426109667024,3.12426109667024,2.9454886345877886,3.0192677974700928,89100,0.0,0.0
2009-02-18 00:00:00-05:00,3.0221048462997215,3.0504815268909256,2.9369753457662733,2.9681894779205322,145400,0.0,0.0
2009-02-19 00:00:00-05:00,3.024943012853575,3.030618458053584,2.9057613698546056,2.9937288761138916,94900,0.0,0.0
2009-02-20 00:00:00-05:00,2.8858980044733253,2.917112142852496,2.820631734345795,2.8802225589752197,123000,0.0,0.0
2009-02-23 00:00:00-05:00,2.868871479792463,2.902923335474915,2.7355017793578837,2.746852397918701,133700,0.0,0.0
2009-02-24 00:00:00-05:00,2.729827246006271,2.94832706451416,2.7241520701414887,2.94832706451416,94100,0.0,0.0
2009-02-25 00:00:00-05:00,2.9284623200313638,3.064670014550548,2.826306752107047,3.0334556102752686,110900,0.0,0.0
2009-02-26 00:00:00-05:00,3.050482406346084,3.1129109592728583,2.973865509033203,2.973865509033203,67400,0.0,0.0
2009-02-27 00:00:00-05:00,2.888734671990794,3.0050785560011044,2.883059228565883,2.956838369369507,70400,0.0,0.0
2009-03-02 00:00:00-05:00,2.857521585349639,2.8688722067867913,2.6759116423552043,2.6900997161865234,169200,0.0,0.0
2009-03-03 00:00:00-05:00,2.687261798747251,2.7156382121193596,2.5567295394992295,2.6049697399139404,215100,0.0,0.0
2009-03-04 00:00:00-05:00,2.613482526167816,2.704287478104645,2.5907812881836088,2.6588850021362305,159000,0.0,0.0
2009-03-05 00:00:00-05:00,2.627671416258499,2.644697212991834,2.556729965089232,2.596457004547119,150000,0.0,0.0
2009-03-06 00:00:00-05:00,2.6106451306278315,2.6532101601426072,2.545379130906701,2.582268714904785,153500,0.0,0.0
2009-03-09 00:00:00-04:00,2.5255150025345587,2.59361898647413,2.4488983927051793,2.457411289215088,93400,0.0,0.0
2009-03-10 00:00:00-04:00,2.485788816901632,2.6645613281123857,2.485788816901632,2.6503729820251465,111400,0.0,0.0
2009-03-11 00:00:00-04:00,2.6617227590245136,2.8263068718524167,2.6617227590245136,2.8121185302734375,92600,0.0,0.0
2009-03-12 00:00:00-04:00,2.7865798655097986,2.948326543696633,2.7837424133887305,2.9398133754730225,82300,0.0,0.0
2009-03-13 00:00:00-04:00,2.9313001632690425,2.990890981338079,2.8858976867631307,2.931300163269043,74400,0.0,0.0
2009-03-16 00:00:00-04:00,2.9540019475883796,3.0135927766731663,2.9284629821777344,2.9284629821777344,64900,0.0,0.0
2009-03-17 00:00:00-04:00,2.9057612876184664,3.0107545852661133,2.9057612876184664,3.0107545852661133,31600,0.0,0.0
2009-03-18 00:00:00-04:00,3.0646711965856643,3.163989080497023,3.027781604063091,3.093047618865967,82000,0.0,0.0
2009-03-19 00:00:00-04:00,3.172501127269224,3.172501127269224,3.05899466648318,3.087371349334717,49600,0.0,0.0
2009-03-20 00:00:00-04:00,3.050482675263421,3.1753395215036475,3.050482675263421,3.1242618560791016,72500,0.0,0.0
2009-03-23 00:00:00-04:00,3.2150661304127874,3.348436117172241,3.203715510515395,3.348436117172241,62000,0.0,0.0
2009-03-24 00:00:00-04:00,3.328573020675052,3.328573020675052,2.982378906595858,3.243443489074707,88000,0.0,0.0
2009-03-25 00:00:00-04:00,3.300195479940059,3.31722127223184,3.2150657066208823,3.263305902481079,49500,0.0,0.0
2009-03-26 00:00:00-04:00,3.3058720140783873,3.3654628528592947,3.27465786828656,3.3257358074188232,60500,0.0,0.0
2009-03-27 00:00:00-04:00,3.317221403121948,3.354110982036507,3.263306031243807,3.3172214031219482,40400,0.0,0.0
2009-03-30 00:00:00-04:00,3.2973582580866663,3.3228972210201815,3.1838520568489668,3.2150661945343018,55500,0.0,0.0
2009-03-31 00:00:00-04:00,3.2746567456920928,3.391000659946769,3.2491177848810455,3.3115463256835938,63600,0.0,0.0
2009-04-01 00:00:00-04:00,3.313024497919501,3.410553296120152,3.262782355591808,3.333712339401245,55200,0.465,0.0
2009-04-02 00:00:00-04:00,3.372131396158487,3.4726156384523503,3.360309737173949,3.369175910949707,82900,0.0,0.0
2009-04-03 00:00:00-04:00,3.3691761032030763,3.3691761032030763,3.2539149919893986,3.298246145248413,31800,0.0,0.0
2009-04-06 00:00:00-04:00,3.2982472203482445,3.310068883860756,3.227317239273177,3.271648406982422,44200,0.0,0.0
2009-04-07 00:00:00-04:00,3.1888958755645764,3.363265575270014,3.185940390045695,3.2125391960144043,44800,0.0,0.0
2009-04-08 00:00:00-04:00,3.2007193060898627,3.2509614602970607,3.1682097929531685,3.203674793243408,66200,0.0,0.0
2009-04-09 00:00:00-04:00,3.3455325929806308,3.3691759109497066,3.253914806313108,3.369175910949707,55600,0.0,0.0
2009-04-13 00:00:00-04:00,3.342578699181014,3.3957760445278486,3.301202735599527,3.339623212814331,58600,0.0,0.0
2009-04-14 00:00:00-04:00,3.3337129980277687,3.386910637320213,3.2598275131663774,3.2657384872436523,48700,0.0,0.0
2009-04-15 00:00:00-04:00,3.295292081323107,3.3632668650724393,3.233228270878377,3.262782573699951,43800,0.0,0.0
2009-04-16 00:00:00-04:00,3.271647918112886,3.398730993270874,3.271647918112886,3.398730993270874,54400,0.0,0.0
2009-04-17 00:00:00-04:00,3.372132728284846,3.4726170102739915,3.3632665510065958,3.4667060375213623,44600,0.0,0.0
2009-04-20 00:00:00-04:00,3.363267687757719,3.481484364259429,3.315981017157035,3.4135098457336426,66100,0.0,0.0
2009-04-21 00:00:00-04:00,3.369177584383068,3.5169485360112853,3.369177584383068,3.493305206298828,60000,0.0,0.0
2009-04-22 00:00:00-04:00,3.4194200496864275,3.5731019890142774,3.4194200496864275,3.5021719932556152,77300,0.0,0.0
2009-04-23 00:00:00-04:00,3.5790109968486745,3.5878774535341695,3.4726160532782853,3.537635326385498,59500,0.0,0.0
2009-04-24 00:00:00-04:00,3.5465028390772178,3.57605714214315,3.4903500014728133,3.493305206298828,45900,0.0,0.0
2009-04-27 00:00:00-04:00,3.41646445264632,3.5228594340786366,3.3898656368255615,3.3898656368255615,80200,0.0,0.0
2009-04-28 00:00:00-04:00,3.3957761226357053,3.4637509013794765,3.3662221038411655,3.4046425819396973,32800,0.0,0.0
2009-04-29 00:00:00-04:00,3.398731057862082,3.54059100151062,3.3928200859513993,3.54059100151062,56100,0.0,0.0
2009-04-30 00:00:00-04:00,3.552413314855668,3.552413314855668,3.4578397274017334,3.4578397274017334,45300,0.0,0.0
2009-05-01 00:00:00-04:00,3.457840603915749,3.4933056025068474,3.3987322729305856,3.4814839363098145,45800,0.0,0.0
2009-05-04 00:00:00-04:00,3.53763683827418,3.55241399054807,3.4814837160035452,3.5494585037231445,36700,0.0,0.0
2009-05-05 00:00:00-04:00,3.5169473626233585,3.59083281378646,3.4962595264898915,3.5819666385650635,67300,0.0,0.0
2009-05-06 00:00:00-04:00,3.6499416468843187,3.6617633085953747,3.5731007048371306,3.635164499282837,38900,0.0,0.0
2009-05-07 00:00:00-04:00,3.6440303790243096,3.6588075254251415,3.576055900171357,3.5849220752716064,27100,0.0,0.0
2009-05-08 00:00:00-04:00,3.5908340907424394,3.6351655463156267,3.534681251903944,3.593789577484131,84300,0.0,0.0
2009-05-11 00:00:00-04:00,3.5465028965432297,3.549458383267857,3.460795754484131,3.4873945713043213,57700,0.0,0.0
2009-05-12 00:00:00-04:00,3.475571870803833,3.5199030310630612,3.4548837517456357,3.475571870803833,36800,0.0,0.0
2009-05-13 00:00:00-04:00,3.457840071940321,3.475572709433149,3.4194195922481194,3.4489738941192627,49000,0.0,0.0
2009-05-14 00:00:00-04:00,3.4696614857144366,3.5790119437784425,3.4607953085337577,3.505126476287842,40700,0.0,0.0
2009-05-15 00:00:00-04:00,3.466706647541799,3.5465031026395457,3.434197137233871,3.437152624130249,78900,0.0,0.0
2009-05-18 00:00:00-04:00,3.502171163833198,3.599699955366212,3.499215677580517,3.567190170288086,36800,0.0,0.0
2009-05-19 00:00:00-04:00,3.558324224914588,3.7238278017748785,3.5465025609853313,3.6203880310058594,80100,0.0,0.0
2009-05-20 00:00:00-04:00,3.635164752187757,3.712005699580908,3.590833306299093,3.617432117462158,65600,0.0,0.0
2009-05-21 00:00:00-04:00,3.555368554149162,3.5967445166818623,3.4667059383509113,3.4726169109344482,79200,0.0,0.0
2009-05-22 00:00:00-04:00,3.4667067135255354,3.5435476831894603,3.4667067135255354,3.5021719932556152,58300,0.0,0.0
2009-05-26 00:00:00-04:00,3.4844377136749953,3.5790109968486745,3.4667050821546224,3.537635326385498,85000,0.0,0.0
2009-05-27 00:00:00-04:00,3.5494588199120574,3.5790128452417993,3.5258154869079594,3.525815486907959,34900,0.0,0.0
2009-05-28 00:00:00-04:00,3.525814057992906,3.6381199851732626,3.5228585721024803,3.635164499282837,58000,0.0,0.0
2009-05-29 00:00:00-04:00,3.6410766307228744,3.741560935974121,3.6381214255131242,3.741560935974121,64900,0.0,0.0
2009-06-01 00:00:00-04:00,3.7474713979656147,3.824312078082496,3.7120064036384264,3.815445899963379,76000,0.0,0.0
2009-06-02 00:00:00-04:00,3.7858900631988366,3.8124885847992713,3.7267814858185306,3.7711129188537598,48600,0.0,0.0
2009-06-03 00:00:00-04:00,3.720871670517314,3.7386040224129005,3.6794957130098584,3.6854066848754883,40900,0.0,0.0
2009-06-04 00:00:00-04:00,3.6794962227005503,3.7149612132550525,3.667674559182383,3.7001843452453613,50100,0.0,0.0
2009-06-05 00:00:00-04:00,3.7297382251463276,3.7297382251463276,3.6351649204994096,3.641075611114502,68700,0.0,0.0
2009-06-08 00:00:00-04:00,3.608565941024692,3.6262985757502912,3.561279290890651,3.617432117462158,69400,0.0,0.0
2009-06-09 00:00:00-04:00,3.6056120942698393,3.6765421017202056,3.6056120942698393,3.6706314086914062,41300,0.0,0.0
2009-06-10 00:00:00-04:00,3.6735854549741678,3.7326937713277952,3.626298801891266,3.72678279876709,66100,0.0,0.0
2009-06-11 00:00:00-04:00,3.7001840795167307,3.806579043539485,3.7001840795167307,3.777024745941162,50300,0.0,0.0
2009-06-12 00:00:00-04:00,3.7326946038444007,3.8095355731675826,3.7326946038444007,3.7888474464416504,46000,0.0,0.0
2009-06-15 00:00:00-04:00,3.7386060884315517,3.765204912824556,3.6794977463642136,3.69427490234375,33900,0.0,0.0
2009-06-16 00:00:00-04:00,3.694273494683055,3.729738486409928,3.6499423254871384,3.6735856533050537,49000,0.0,0.0
2009-06-17 00:00:00-04:00,3.641075872419383,3.697228987471376,3.6026553941866246,3.6203880310058594,36200,0.0,0.0
2009-06-18 00:00:00-04:00,3.6203877350663602,3.7326936741394796,3.6115215583068365,3.6794960498809814,61800,0.0,0.0
2009-06-19 00:00:00-04:00,3.6972292130920836,3.8390891889000622,3.6972292130920836,3.7652037143707275,76300,0.0,0.0
2009-06-22 00:00:00-04:00,3.723826482937168,3.7326926572813734,3.6499410390840543,3.682450532913208,65700,0.0,0.0
2009-06-23 00:00:00-04:00,3.664719051007799,3.7238276500971903,3.664719051007799,3.720872163772583,68500,0.0,0.0
2009-06-24 00:00:00-04:00,3.7267837654468443,3.794758558273316,3.7267837654468443,3.7947585582733154,42700,0.0,0.0
2009-06-25 00:00:00-04:00,3.7947571147187826,3.9573051764076412,3.7563366432759144,3.921840190887451,67800,0.0,0.0
2009-06-26 00:00:00-04:00,3.8922863381742236,4.031191091985679,3.8922863381742236,3.9986813068389893,38300,0.0,0.0
2009-06-29 00:00:00-04:00,3.9927700371886323,4.031190507431196,3.910018125042813,3.9513940811157227,104900,0.0,0.0
2009-06-30 00:00:00-04:00,3.946802800979467,3.962112120112234,3.7845213317119253,3.8886263370513916,104800,0.465,0.0
2009-07-01 00:00:00-04:00,3.8733161484447245,3.9590498412403345,3.864130499933231,3.9161829948425293,47200,0.0,0.0
2009-07-02 00:00:00-04:00,3.8273883875065327,3.9008741744650837,3.8273883875065327,3.85188364982605,22900,0.0,0.0
2009-07-06 00:00:00-04:00,3.7967684268951416,3.830449625054042,3.763087520742745,3.7967684268951416,37500,0.0,0.0
2009-07-07 00:00:00-04:00,3.827386467361365,3.827386467361365,3.658981404396182,3.6987862586975098,51600,0.0,0.0
2009-07-08 00:00:00-04:00,3.729405658514421,3.732467345920465,3.6589815920596953,3.662043571472168,58600,0.0,0.0
2009-07-09 00:00:00-04:00,3.7875842438333724,3.7875842438333724,3.6589839458465576,3.6589839458465576,99700,0.0,0.0
2009-07-10 00:00:00-04:00,3.683476122740937,3.6926620591812918,3.6375476085646485,3.6436712741851807,41100,0.0,0.0
2009-07-13 00:00:00-04:00,3.689602624962454,3.7079739265004883,3.6314261554100082,3.6712310314178467,55900,0.0,0.0
2009-07-14 00:00:00-04:00,3.677354535708846,3.781459538159557,3.6497972948240656,3.69266414642334,64800,0.0,0.0
2009-07-15 00:00:00-04:00,3.790646271748432,3.9682371060042536,3.78758429032863,3.8059558868408203,66700,0.0,0.0
2009-07-16 00:00:00-04:00,3.799828174289586,3.9131187469663056,3.772270952718375,3.8733139038085938,80800,0.0,0.0
2009-07-17 00:00:00-04:00,3.8610690954019393,3.903935948190703,3.8549454261501417,3.8886263370513916,50300,0.0,0.0
2009-07-20 00:00:00-04:00,3.891687341538193,3.955987458589826,3.891687341538193,3.9376158714294434,42800,0.0,0.0
2009-07-21 00:00:00-04:00,3.946802212556176,3.9774211382633213,3.8733161484447245,3.9161829948425293,56800,0.0,0.0
2009-07-22 00:00:00-04:00,3.8978119869323606,3.919245559330015,3.8610690954019393,3.8886263370513916,53100,0.0,0.0
2009-07-23 00:00:00-04:00,3.888624779448737,4.063153809318188,3.888624779448737,4.032534599304199,65300,0.0,0.0
2009-07-24 00:00:00-04:00,4.075402187941767,4.71534110901764,3.9988544407693607,4.035597324371338,121300,0.0,0.0
2009-07-27 00:00:00-04:00,4.008039203832625,4.066215350357532,4.008039203832625,4.023348808288574,51900,0.0,0.0
2009-07-28 00:00:00-04:00,3.980483523086037,4.029474042802974,3.9559882632275687,3.9988551139831543,31200,0.0,0.0
2009-07-29 00:00:00-04:00,3.9927298719575677,4.053968001955633,3.9590489734602405,3.9896678924560547,55600,0.0,0.0
2009-07-30 00:00:00-04:00,3.9957918484967716,4.0539679989501956,3.9896678894982864,4.008039474487305,51600,0.0,0.0
2009-07-31 00:00:00-04:00,3.9590502564248906,4.133579056478562,3.9559882759311167,4.066216945648193,36800,0.0,0.0
2009-08-03 00:00:00-04:00,4.063155706191153,4.274427419498719,4.050907782862506,4.188694000244141,62200,0.0,0.0
2009-08-04 00:00:00-04:00,4.145826135441517,4.323416892386066,4.133578507100738,4.2009406089782715,62600,0.0,0.0
2009-08-05 00:00:00-04:00,4.188692898894243,4.225435783199536,4.03865908963952,4.05703067779541,78700,0.0,0.0
2009-08-06 00:00:00-04:00,4.057029981457146,4.081525233456372,3.971296599459854,3.9896678924560547,52900,0.0,0.0
2009-08-07 00:00:00-04:00,3.9988549292204336,4.072340705400509,3.9988549292204336,4.050907135009766,50900,0.0,0.0
2009-08-10 00:00:00-04:00,4.057031485424987,4.127455288027712,4.057031485424987,4.099898338317871,42600,0.0,0.0
2009-08-11 00:00:00-04:00,4.115206905114274,4.118268885191068,4.004978250408117,4.044783115386963,38900,0.0,0.0
2009-08-12 00:00:00-04:00,3.9927315061434343,4.099898496507276,3.9927315061434343,4.038660049438477,59500,0.0,0.0
2009-08-13 00:00:00-04:00,4.035598272245667,4.145826948941919,4.035598272245667,4.087650775909424,47300,0.0,0.0
2009-08-14 00:00:00-04:00,4.13051555366128,4.142763179115916,3.9957916736602788,3.9957916736602783,76400,0.0,0.0
2009-08-17 00:00:00-04:00,3.928431790582206,3.928431790582206,3.8488220344815205,3.879441261291504,72500,0.0,0.0
2009-08-18 00:00:00-04:00,3.88862590052693,4.041721410720955,3.88862590052693,4.029473781585693,60300,0.0,0.0
2009-08-19 00:00:00-04:00,4.020287798802434,4.130516451863967,4.020287798802434,4.10908317565918,30600,0.0,0.0
2009-08-20 00:00:00-04:00,4.1550102849030495,4.200939093618435,4.121329392116877,4.142762660980225,59800,0.0,0.0
2009-08-21 00:00:00-04:00,4.194815698839868,4.216249262587222,4.124391924830291,4.182568073272705,66700,0.0,0.0
2009-08-24 00:00:00-04:00,4.249930432861792,4.249930432861792,4.145825462851197,4.1856303215026855,54600,0.0,0.0
2009-08-25 00:00:00-04:00,4.18563081740207,4.311169075403567,4.176445169550041,4.271364212036133,47800,0.0,0.0
2009-08-26 00:00:00-04:00,4.271365106159567,4.308107997265542,4.179507732391357,4.179507732391357,59400,0.0,0.0
2009-08-27 00:00:00-04:00,4.179507315586434,4.27136468019409,4.145826408433116,4.2376837730407715,58600,0.0,0.0
2009-08-28 00:00:00-04:00,4.237683243879127,4.289735734256761,4.216249968549446,4.28361177444458,40300,0.0,0.0
2009-08-31 00:00:00-04:00,4.283612310326251,4.298921919765465,4.234621793725974,4.289736270904541,42600,0.0,0.0
2009-09-01 00:00:00-04:00,4.292798120379778,4.354036264264021,4.1917548179626465,4.1917548179626465,73000,0.0,0.0
2009-09-02 00:00:00-04:00,4.161136756767814,4.225436894210388,4.13970347495581,4.188694000244141,60900,0.0,0.0
2009-09-03 00:00:00-04:00,4.194816511826251,4.228497707668431,4.164197587977386,4.1733832359313965,45300,0.0,0.0
2009-09-04 00:00:00-04:00,4.219311779739685,4.234621387711016,4.16419759985197,4.207064151763916,21600,0.0,0.0
2009-09-08 00:00:00-04:00,4.259115242316816,4.344848609938966,4.246867618370794,4.3295392990112305,41200,0.0,0.0
2009-09-09 00:00:00-04:00,4.360160612796853,4.455079969628914,4.323417720734731,4.4152750968933105,52600,0.0,0.0
2009-09-10 00:00:00-04:00,4.452019713054883,4.5561247602167985,4.421400478475498,4.543877124786377,118400,0.0,0.0
2009-09-11 00:00:00-04:00,4.553061142190876,4.5591851037087405,4.479575356015853,4.494884967803955,70400,0.0,0.0
2009-09-14 00:00:00-04:00,4.4856992937557685,4.531628131866455,4.442832728593685,4.531628131866455,51800,0.0,0.0
2009-09-15 00:00:00-04:00,4.5010077745902475,4.6816605166490435,4.470388848889444,4.6541032791137695,60700,0.0,0.0
2009-09-16 00:00:00-04:00,4.641855254674502,4.785765098418896,4.641855254674502,4.745960235595703,47900,0.0,0.0
2009-09-17 00:00:00-04:00,4.776580005297019,4.776580005297019,4.632670144843377,4.715341567993164,72100,0.0,0.0
2009-09-18 00:00:00-04:00,4.739836679885121,4.745960640229183,4.632670001922556,4.6541032791137695,42700,0.0,0.0
2009-09-21 00:00:00-04:00,4.647979192005428,4.687784054636009,4.507131328853552,4.5898027420043945,110500,0.0,0.0
2009-09-22 00:00:00-04:00,4.62348353337112,4.641854827131887,4.571431047704865,4.629607200622559,80700,0.0,0.0
2009-09-23 00:00:00-04:00,4.63879293444931,4.755145534471981,4.626545307710422,4.72146463394165,148700,0.0,0.0
2009-09-24 00:00:00-04:00,4.715343156230355,4.715343156230355,4.589804843084949,4.638795375823975,80700,0.0,0.0
2009-09-25 00:00:00-04:00,4.608174189991199,4.651040739214873,4.531626446941533,4.5622453689575195,80500,0.0,0.0
2009-09-28 00:00:00-04:00,4.602050175108575,4.681659897005582,4.602050175108575,4.626545429229736,67300,0.0,0.0
2009-09-29 00:00:00-04:00,4.623485225515141,4.644918506749194,4.574494409541289,4.598989963531494,97200,0.0,0.0
2009-09-30 00:00:00-04:00,4.608174467094759,4.6724745868032995,4.589802879175255,4.6173601150512695,106500,0.0,0.0
2009-10-01 00:00:00-04:00,4.543116290997553,4.615780731813968,4.4862482581518925,4.49256706237793,61600,0.465,0.0
2009-10-02 00:00:00-04:00,4.486247858257183,4.486247858257183,4.233501436391185,4.306166172027588,110500,0.0,0.0
2009-10-05 00:00:00-04:00,4.309325285441273,4.353555702931965,4.261935165033517,4.315643787384033,66300,0.0,0.0
2009-10-06 00:00:00-04:00,4.328283309936523,4.369354648145151,4.246140633519268,4.328283309936523,130600,0.0,0.0
2009-10-07 00:00:00-04:00,4.340918641594763,4.347237445189597,4.309325527512013,4.321962833404541,53000,0.0,0.0
2009-10-08 00:00:00-04:00,4.328281335702235,4.340918641594763,4.299847322119763,4.321962833404541,62100,0.0,0.0
2009-10-09 00:00:00-04:00,4.331440238199851,4.385148857376205,4.3093250307615065,4.359874248504639,65600,0.0,0.0
2009-10-12 00:00:00-04:00,4.410422870439019,4.46413148235982,4.337758153776792,4.416741371154785,88600,0.0,0.0
2009-10-13 00:00:00-04:00,4.419901975464246,4.419901975464246,4.356715444618949,4.363034248352051,37400,0.0,0.0
2009-10-14 00:00:00-04:00,4.391468831463478,4.4104249451219415,4.369353616609607,4.404106140136719,82500,0.0,0.0
2009-10-15 00:00:00-04:00,4.397788419425036,4.429381847381592,4.363035889710631,4.429381847381592,60800,0.0,0.0
2009-10-16 00:00:00-04:00,4.397786734150767,4.558912612649148,4.378830624381545,4.533638000488281,77100,0.0,0.0
2009-10-19 00:00:00-04:00,4.533639799393397,4.656853507243362,4.530480396295382,4.552595615386963,86300,0.0,0.0
2009-10-20 00:00:00-04:00,4.577867238010494,4.590504540824924,4.520999525994091,4.54943323135376,54000,0.0,0.0
2009-10-21 00:00:00-04:00,4.562072961758498,4.590506983545669,4.5052052194813825,4.511523723602295,47700,0.0,0.0
2009-10-22 00:00:00-04:00,4.517842413167847,4.549435535556708,4.460974371051792,4.521001815795898,50300,0.0,0.0
2009-10-23 00:00:00-04:00,4.508362904639857,4.549433919022032,4.4546542842359536,4.460972785949707,37400,0.0,0.0
2009-10-26 00:00:00-04:00,4.473611176223859,4.502045194078217,4.375672116166825,4.391468524932861,74500,0.0,0.0
2009-10-27 00:00:00-04:00,4.407264858679631,4.423061567394041,4.356715631831244,4.372512340545654,43000,0.0,0.0
2009-10-28 00:00:00-04:00,4.366193500482905,4.378830807090636,4.129243775615068,4.182952404022217,125600,0.0,0.0
2009-10-29 00:00:00-04:00,4.233502443112877,4.284051980544408,4.145041279877821,4.230343341827393,48700,0.0,0.0
2009-10-30 00:00:00-04:00,4.186111453708497,4.2556167848502495,4.116606122566744,4.126084327697754,92200,0.0,0.0
2009-11-02 00:00:00-05:00,4.10712845225167,4.1861116917180485,4.069216533463466,4.119765758514404,69500,0.0,0.0
2009-11-03 00:00:00-05:00,4.091331598378244,4.154518127441406,4.0850130961204965,4.154518127441406,42200,0.0,0.0
2009-11-04 00:00:00-05:00,4.18927123441523,4.287210285919004,4.18927123441523,4.217705249786377,52700,0.0,0.0
2009-11-05 00:00:00-05:00,4.265095306593272,4.284051418304443,4.233501887507044,4.284051418304443,44600,0.0,0.0
2009-11-06 00:00:00-05:00,4.296688267830541,4.337759286450124,4.255616947913817,4.306166172027588,36700,0.0,0.0
2009-11-09 00:00:00-05:00,4.381990925282849,4.4104249451219415,4.3598757104289785,4.404106140136719,31900,0.0,0.0
2009-11-10 00:00:00-05:00,4.35987462524872,4.413583249066127,4.350396721427157,4.378830432891846,35400,0.0,0.0
2009-11-11 00:00:00-05:00,4.423062121645201,4.543116701102663,4.423062121645201,4.473611354827881,65300,0.0,0.0
2009-11-12 00:00:00-05:00,4.4293789751804455,4.505202791552024,4.407263469432604,4.416741371154785,69200,0.0,0.0
2009-11-13 00:00:00-05:00,4.407264567657349,4.445176485290224,4.337759234681843,4.3819899559021,46200,0.0,0.0
2009-11-16 00:00:00-05:00,4.369353059376536,4.394627673499691,4.340919043163694,4.375671863555908,136600,0.0,0.0
2009-11-17 00:00:00-05:00,4.211386154246821,4.280891486864868,4.088172196600802,4.154518127441406,160900,0.0,0.0
2009-11-18 00:00:00-05:00,4.119766822104452,4.122926224810078,3.9649597050954943,4.006031036376953,281800,0.0,0.0
2009-11-19 00:00:00-05:00,4.0281448819039545,4.0281448819039545,3.942842845664546,4.012348175048828,219600,0.0,0.0
2009-11-20 00:00:00-05:00,3.96811910780112,4.021827447310631,3.96811910780112,4.006031036376953,79700,0.0,0.0
2009-11-23 00:00:00-05:00,4.06289751496178,4.075534820556641,4.047101108941053,4.075534820556641,94200,0.0,0.0
2009-11-24 00:00:00-05:00,4.0660566389848976,4.157677173614502,4.062897237477678,4.157677173614502,170800,0.0,0.0
2009-11-25 00:00:00-05:00,4.138722101207573,4.195589831938018,4.138722101207573,4.186111927032471,49900,0.0,0.0
2009-11-27 00:00:00-05:00,4.012349466420171,4.192431500452469,4.012349466420171,4.176634788513184,52600,0.0,0.0
2009-11-30 00:00:00-05:00,4.126084674936003,4.217705223166346,4.126084674936003,4.182952404022217,54800,0.0,0.0
2009-12-01 00:00:00-05:00,4.170314084757681,4.242978806080189,4.170314084757681,4.236660003662109,82800,0.0,0.0
2009-12-02 00:00:00-05:00,4.21138710765089,4.242980529983386,4.2082277051582,4.227183818817139,56600,0.0,0.0
2009-12-03 00:00:00-05:00,4.214547330052953,4.23982195231706,4.186113304681515,4.201910018920898,55000,0.0,0.0
2009-12-04 00:00:00-05:00,4.201907868532676,4.242979184017316,4.189270563867949,4.195589065551758,64700,0.0,0.0
2009-12-07 00:00:00-05:00,4.173474620059354,4.224023847951822,4.170315217991783,4.186111927032471,58200,0.0,0.0
2009-12-08 00:00:00-05:00,4.129244044130947,4.170315368601144,4.126084943246451,4.151359558105469,74000,0.0,0.0
2009-12-09 00:00:00-05:00,4.135562607389688,4.157677818777711,4.1292438033947345,4.145040512084961,61800,0.0,0.0
2009-12-10 00:00:00-05:00,4.173474667759197,4.18927137698043,4.154518556434285,4.170315265655518,69300,0.0,0.0
2009-12-11 00:00:00-05:00,4.21138710765089,4.227183818817139,4.186112490303776,4.227183818817139,72500,0.0,0.0
2009-12-14 00:00:00-05:00,4.246139836906003,4.271414756774902,4.2271840236258535,4.271414756774902,112500,0.0,0.0
2009-12-15 00:00:00-05:00,4.224023065259539,4.366192817687988,4.224023065259539,4.366192817687988,100600,0.0,0.0
2009-12-16 00:00:00-05:00,4.388308112317518,4.388308112317518,4.334599494934082,4.334599494934082,64900,0.0,0.0
2009-12-17 00:00:00-05:00,4.303006723917179,4.356715349284708,4.303006723917179,4.321962833404541,50300,0.0,0.0
2009-12-18 00:00:00-05:00,4.315643794197681,4.388308525085449,4.312484392572752,4.388308525085449,44000,0.0,0.0
2009-12-21 00:00:00-05:00,4.419901827007811,4.426220630528676,4.344077992540239,4.397786617279053,73800,0.0,0.0
2009-12-22 00:00:00-05:00,4.404106025100061,4.416743333443212,4.366194100070611,4.413584232330322,51600,0.0,0.0
2009-12-23 00:00:00-05:00,4.413583817335477,4.52100107880076,4.404105610996421,4.49256706237793,92600,0.0,0.0
2009-12-24 00:00:00-05:00,4.511522872461704,4.517841676687741,4.460973643842081,4.49256706237793,44600,0.0,0.0
2009-12-28 00:00:00-05:00,4.51468306111205,4.51468306111205,4.486249039735513,4.505205154418945,117300,0.0,0.0
2009-12-29 00:00:00-05:00,4.509098180974409,4.515586240700727,4.476658810445962,4.486390590667725,138700,0.372,0.0
2009-12-30 00:00:00-05:00,4.476659272477628,4.492879114099743,4.402048124762998,4.444219589233398,66900,0.0,0.0
2009-12-31 00:00:00-05:00,4.4182661752526835,4.50909681839961,4.3988026206907245,4.44097375869751,47000,0.0,0.0
2010-01-04 00:00:00-05:00,4.421509920105157,4.421509920105157,4.350142836104691,4.37285041809082,122700,0.0,0.0
2010-01-05 00:00:00-05:00,4.385828457195152,4.385828457195152,4.330681183002037,4.3631205558776855,65100,0.0,0.0
2010-01-06 00:00:00-05:00,4.353387364014518,4.359875112739866,4.314459943559513,4.343655586242676,70500,0.0,0.0
2010-01-07 00:00:00-05:00,4.350142836104691,4.376094446765296,4.337167030774388,4.37285041809082,52700,0.0,0.0
2010-01-08 00:00:00-05:00,4.369607107195635,4.408534526824951,4.359875020262583,4.408534526824951,41700,0.0,0.0
2010-01-11 00:00:00-05:00,4.408534268622327,4.415022016830084,4.372850570693016,4.392314434051514,70800,0.0,0.0
2010-01-12 00:00:00-05:00,4.379338369874354,4.398802232084426,4.359874507664282,4.376094341278076,58100,0.0,0.0
2010-01-13 00:00:00-05:00,4.359875020262583,4.408534526824951,4.359875020262583,4.408534526824951,48900,0.0,0.0
2010-01-14 00:00:00-05:00,4.382582425949068,4.431241617727945,4.382582425949068,4.427997589111328,50500,0.0,0.0
2010-01-15 00:00:00-05:00,4.440973394210202,4.440973394210202,4.392314202431324,4.427997589111328,79400,0.0,0.0
2010-01-19 00:00:00-05:00,4.4020463402059695,4.47016939990807,4.4020463402059695,4.44097375869751,49300,0.0,0.0
2010-01-20 00:00:00-05:00,4.402046460895312,4.440973880454111,4.372850818884305,4.418266296386719,84200,0.0,0.0
2010-01-21 00:00:00-05:00,4.427996866567011,4.43124089465428,4.3598738235720935,4.38258171081543,83200,0.0,0.0
2010-01-22 00:00:00-05:00,4.356630291635512,4.372849814032149,4.301483049257779,4.304727077484131,77800,0.0,0.0
2010-01-25 00:00:00-05:00,4.320947692284861,4.382583006697681,4.320947692284861,4.343655586242676,44400,0.0,0.0
2010-01-26 00:00:00-05:00,4.304729333232228,4.3566325745817505,4.298241273379676,4.327436923980713,40500,0.0,0.0
2010-01-27 00:00:00-05:00,4.34041018531059,4.350141960006483,4.272287143704262,4.3079705238342285,70600,0.0,0.0
2010-01-28 00:00:00-05:00,4.356631202189097,4.359874921725839,4.223629110786316,4.291751861572266,71200,0.0,0.0
2010-01-29 00:00:00-05:00,4.346900240591023,4.369608139431485,4.28202119254907,4.301485061645508,50200,0.0,0.0
2010-02-01 00:00:00-05:00,4.298241011404571,4.330680689954705,4.298241011404571,4.320948600769043,49100,0.0,0.0
2010-02-02 00:00:00-05:00,4.304727822357305,4.392314434051514,4.304727822357305,4.392314434051514,40000,0.0,0.0
2010-02-03 00:00:00-05:00,4.363118473038744,4.4150216923567305,4.363118473038744,4.411777973175049,46500,0.0,0.0
2010-02-04 00:00:00-05:00,4.385825926937554,4.385825926937554,4.298239021031428,4.304727077484131,53600,0.0,0.0
2010-02-05 00:00:00-05:00,4.282020061165788,4.282020061165788,4.093870716872562,4.239848613739014,143700,0.0,0.0
2010-02-08 00:00:00-05:00,4.23011683644595,4.256068448805869,4.181457640613006,4.239848613739014,33300,0.0,0.0
2010-02-09 00:00:00-05:00,4.265799087661974,4.34041018531059,4.265799087661974,4.3079705238342285,47000,0.0,0.0
2010-02-10 00:00:00-05:00,4.311217201217,4.3209489818933395,4.275533799158601,4.3144612312316895,45900,0.0,0.0
2010-02-11 00:00:00-05:00,4.3209478060978315,4.333923613257947,4.2949961917776,4.330679893493652,43700,0.0,0.0
2010-02-12 00:00:00-05:00,4.314459169340944,4.314459169340944,4.275531755871364,4.294995307922363,45500,0.0,0.0
2010-02-16 00:00:00-05:00,4.3793391393732755,4.424754619598389,4.337167688314452,4.424754619598389,48500,0.0,0.0
2010-02-17 00:00:00-05:00,4.440973888498899,4.470169530562794,4.382582913738741,4.408534526824951,62300,0.0,0.0
2010-02-18 00:00:00-05:00,4.39555812646757,4.453949093339449,4.385826350216854,4.431241512298584,30800,0.0,0.0
2010-02-19 00:00:00-05:00,4.437729358673096,4.4604369386358,4.405289693554169,4.437729358673096,35700,0.0,0.0
2010-02-22 00:00:00-05:00,4.460438663982593,4.554513357975519,4.450706884429585,4.548025608062744,41400,0.0,0.0
2010-02-23 00:00:00-05:00,4.5415375487822764,4.561001417255986,4.505854150842786,4.548025608062744,68300,0.0,0.0
2010-02-24 00:00:00-05:00,4.5674890408230375,4.586952908758338,4.541537423154427,4.570733070373535,52900,0.0,0.0
2010-02-25 00:00:00-05:00,4.554512992821676,4.60641622543335,4.52856137651584,4.60641622543335,26400,0.0,0.0
2010-02-26 00:00:00-05:00,4.580463229842607,4.638854503631592,4.538291788702515,4.638854503631592,52600,0.0,0.0
2010-03-01 00:00:00-05:00,4.625879861862025,4.710222765337441,4.6064159959186,4.6323676109313965,36500,0.0,0.0
2010-03-02 00:00:00-05:00,4.635611276798774,4.6420993347272494,4.603171605891656,4.619391441345215,51100,0.0,0.0
2010-03-03 00:00:00-05:00,4.609659794128974,4.635611407841234,4.5642443154487005,4.586952209472656,43900,0.0,0.0
2010-03-04 00:00:00-05:00,4.57073296408573,4.573976993560791,4.541537317545537,4.573976993560791,42200,0.0,0.0
2010-03-05 00:00:00-05:00,4.567487784313557,4.661562449824383,4.567487784313557,4.651830673217773,48700,0.0,0.0
2010-03-08 00:00:00-05:00,4.629124228518298,4.632367948605606,4.551269068437039,4.603172302246094,58700,0.0,0.0
2010-03-09 00:00:00-05:00,4.577219207649431,4.655074342596232,4.577219207649431,4.629122734069824,64600,0.0,0.0
2010-03-10 00:00:00-05:00,4.6064163738536985,4.65183185853605,4.596684594767366,4.625880241394043,52200,0.0,0.0
2010-03-11 00:00:00-05:00,4.599928177110663,4.7004906064187315,4.590196089602671,4.668051242828369,119500,0.0,0.0
2010-03-12 00:00:00-05:00,4.684271017141991,4.736174558487437,4.648587622499184,4.694003105163574,69100,0.0,0.0
2010-03-15 00:00:00-04:00,4.681026458740234,4.703734041321392,4.658318566791467,4.681026458740234,40800,0.0,0.0
2010-03-16 00:00:00-04:00,4.684268994572383,4.736172513506973,4.677781248060267,4.7264404296875,85400,0.0,0.0
2010-03-17 00:00:00-04:00,4.729685677796764,4.768613095014595,4.723197929610931,4.732929706573486,78800,0.0,0.0
2010-03-18 00:00:00-04:00,4.719955095512173,4.768614302008794,4.719955095512173,4.758882522583008,52200,0.0,0.0
2010-03-19 00:00:00-04:00,4.596682071685791,4.791319402783665,4.596682071685791,4.596682071685791,117100,0.0,0.0
2010-03-22 00:00:00-04:00,4.616147791755168,4.703734724782067,4.603171984199441,4.684270858764648,97900,0.0,0.0
2010-03-23 00:00:00-04:00,4.703735004824797,4.745906459233553,4.67778338816828,4.74266242980957,62400,0.0,0.0
2010-03-24 00:00:00-04:00,4.736175205246098,4.81727409362793,4.706979555929804,4.81727409362793,77700,0.0,0.0
2010-03-25 00:00:00-04:00,4.843225459303968,4.888640636422033,4.8399814296904795,4.862689018249512,68800,0.0,0.0
2010-03-26 00:00:00-04:00,4.872421967111999,4.875665687930338,4.830250502796123,4.856202125549316,62900,0.0,0.0
2010-03-29 00:00:00-04:00,4.8691764583657315,4.891884044037518,4.820516948453493,4.833492755889893,65300,0.0,0.0
2010-03-30 00:00:00-04:00,4.872420487566744,4.875664207400105,4.801053391982719,4.833492755889893,66400,0.0,0.0
2010-03-31 00:00:00-04:00,4.810783386230469,4.8367349914796085,4.807539358232441,4.810783386230469,59300,0.0,0.0
2010-04-01 00:00:00-04:00,4.824759736510734,4.917927421881297,4.71828238180152,4.751556396484375,112700,0.372,0.0
2010-04-05 00:00:00-04:00,4.728265441651926,4.78815912357766,4.711628272525044,4.744902610778809,73900,0.0,0.0
2010-04-06 00:00:00-04:00,4.724936772352895,4.771520770887606,4.718282096749381,4.738246440887451,55500,0.0,0.0
2010-04-07 00:00:00-04:00,4.724938331058096,4.758212672035091,4.7149561556960515,4.718283653259277,51900,0.0,0.0
2010-04-08 00:00:00-04:00,4.704972838951786,4.734919357773177,4.685008175743302,4.731592178344727,109400,0.0,0.0
2010-04-09 00:00:00-04:00,4.731593387852348,4.764867411935376,4.71828371475361,4.72493839263916,42200,0.0,0.0
2010-04-12 00:00:00-04:00,4.7482305585576805,4.751557738836637,4.72493839263916,4.72493839263916,68900,0.0,0.0
2010-04-13 00:00:00-04:00,4.68500877412172,4.73824745970735,4.68500877412172,4.728265285491943,31500,0.0,0.0
2010-04-14 00:00:00-04:00,4.738246822033796,4.828087329864502,4.738246822033796,4.828087329864502,59700,0.0,0.0
2010-04-15 00:00:00-04:00,4.804795073838982,4.808122570505533,4.744901720478823,4.751556396484375,59600,0.0,0.0
2010-04-16 00:00:00-04:00,4.728265163507855,4.744902331656042,4.668371485105415,4.681681156158447,57100,0.0,0.0
2010-04-19 00:00:00-04:00,4.661716524104413,4.738247048662807,4.658389027212074,4.668371200561523,53700,0.0,0.0
2010-04-20 00:00:00-04:00,4.721610611935873,4.721610611935873,4.681681595033707,4.711628437042236,58300,0.0,0.0
2010-04-21 00:00:00-04:00,4.731591924785559,4.768193435157541,4.714954759224644,4.754883766174316,55400,0.0,0.0
2010-04-22 00:00:00-04:00,4.758212523749182,4.83474306135257,4.731593178728211,4.80479621887207,43300,0.0,0.0
2010-04-23 00:00:00-04:00,4.821433388842084,4.83474306135257,4.768194698800141,4.80479621887207,72500,0.0,0.0
2010-04-26 00:00:00-04:00,4.7914852765462985,4.818104614512747,4.748229090346474,4.754883766174316,33300,0.0,0.0
2010-04-27 00:00:00-04:00,4.754883307979071,4.761538300493157,4.658388137817383,4.658388137817383,54700,0.0,0.0
2010-04-28 00:00:00-04:00,4.70497380180663,4.70497380180663,4.631770444831479,4.665044784545898,82200,0.0,0.0
2010-04-29 00:00:00-04:00,4.701646389685229,4.7482304026652,4.6883367170234695,4.708301067352295,53900,0.0,0.0
2010-04-30 00:00:00-04:00,4.6949894814828035,4.721608815958946,4.638423316389125,4.641750812530518,50400,0.0,0.0
2010-05-03 00:00:00-04:00,4.641751512298657,4.665043671472319,4.641751512298657,4.648406505584717,38000,0.0,0.0
2010-05-04 00:00:00-04:00,4.615131556730724,4.618459052928841,4.5119817132091,4.535273551940918,63100,0.0,0.0
2010-05-05 00:00:00-04:00,4.435452242423947,4.511983091725097,4.412160396575928,4.412160396575928,103100,0.0,0.0
2010-05-06 00:00:00-04:00,4.405505207075021,4.425469872151879,3.6601629996654124,4.155948638916016,82200,0.0,0.0
2010-05-07 00:00:00-04:00,4.185895384128159,4.205860048757927,4.022851839407442,4.129329204559326,131400,0.0,0.0
2010-05-10 00:00:00-04:00,4.325646557937934,4.35892088916078,4.262425709407574,4.292372226715088,128100,0.0,0.0
2010-05-11 00:00:00-04:00,4.22915165966438,4.3456115093680205,4.225824162855119,4.305682182312012,111700,0.0,0.0
2010-05-12 00:00:00-04:00,4.325646286814602,4.472052636898065,4.325646286814602,4.462070465087891,85800,0.0,0.0
2010-05-13 00:00:00-04:00,4.465399937445753,4.495346783455537,4.438780589287646,4.452090263366699,70700,0.0,0.0
2010-05-14 00:00:00-04:00,4.432124559555001,4.432124559555001,4.335629365662598,4.358921527862549,38800,0.0,0.0
2010-05-17 00:00:00-04:00,4.348938399397403,4.365575565008825,4.259098212819781,4.292372226715088,40500,0.0,0.0
2010-05-18 00:00:00-04:00,4.3323013587632815,4.355593199188613,4.265752699272289,4.2890448570251465,43500,0.0,0.0
2010-05-19 00:00:00-04:00,4.242461782238325,4.2957004675567445,4.152621262767798,4.202532768249512,75600,0.0,0.0
2010-05-20 00:00:00-04:00,4.092727148251828,4.099381824029779,3.98957697640952,4.006214141845703,150800,0.0,0.0
2010-05-21 00:00:00-04:00,3.9363390136674212,4.079418218068808,3.913047168235603,4.049471378326416,78600,0.0,0.0
2010-05-24 00:00:00-04:00,4.042816821199179,4.126002355111323,4.0394896410116905,4.079418659210205,65200,0.0,0.0
2010-05-25 00:00:00-04:00,4.012869170291725,4.092727184295654,3.956302997707056,4.092727184295654,110100,0.0,0.0
2010-05-26 00:00:00-04:00,4.1126917517735855,4.249116263075069,4.1126917517735855,4.16593074798584,94400,0.0,0.0
2010-05-27 00:00:00-04:00,4.209187490737699,4.332302348526495,4.209187490737699,4.325647354125977,60800,0.0,0.0
2010-05-28 00:00:00-04:00,4.3655758212007445,4.422141997202621,4.348938654612977,4.402177333831787,77300,0.0,0.0
2010-06-01 00:00:00-04:00,4.3189915647623485,4.375557737444663,4.292372226715088,4.292372226715088,75000,0.0,0.0
2010-06-02 00:00:00-04:00,4.322319507598877,4.352266345325729,4.285717993336933,4.322319507598877,59900,0.0,0.0
2010-06-03 00:00:00-04:00,4.3289750692413875,4.395523429958535,4.305682904994675,4.348939418792725,50000,0.0,0.0
2010-06-04 00:00:00-04:00,4.299026959712456,4.315664124316994,4.225823625849003,4.232478618621826,53200,0.0,0.0
2010-06-07 00:00:00-04:00,4.2224971527849515,4.27240865869462,4.172585964202881,4.172585964202881,75800,0.0,0.0
2010-06-08 00:00:00-04:00,4.179240922754603,4.2291521109087205,4.165931251424998,4.202532768249512,46900,0.0,0.0
2010-06-09 00:00:00-04:00,4.21251373489042,4.312336399911912,4.21251373489042,4.225823402404785,46100,0.0,0.0
2010-06-10 00:00:00-04:00,4.282390622568678,4.338956802757538,4.269080951778803,4.3189921379089355,43500,0.0,0.0
2010-06-11 00:00:00-04:00,4.282391341084858,4.34893970619997,4.282391341084858,4.345612525939941,23300,0.0,0.0
2010-06-14 00:00:00-04:00,4.358921901472198,4.415488087291384,4.358921901472198,4.398850917816162,28700,0.0,0.0
2010-06-15 00:00:00-04:00,4.458745502268301,4.485364853772828,4.425471471551494,4.478710174560547,64000,0.0,0.0
2010-06-16 00:00:00-04:00,4.385540612572324,4.4221421262716545,4.368903445498967,4.382213115692139,107900,0.0,0.0
2010-06-17 00:00:00-04:00,4.4221412016287625,4.428796193997614,4.338955700983129,4.418813705444336,110000,0.0,0.0
2010-06-18 00:00:00-04:00,4.445433840028961,4.458743509833663,4.395522657593215,4.402177333831787,53700,0.0,0.0
2010-06-21 00:00:00-04:00,4.452088963538183,4.46207113685117,4.382213115692139,4.382213115692139,51400,0.0,0.0
2010-06-22 00:00:00-04:00,4.3988504469556835,4.425469788335613,4.322319602492701,4.332302093505859,62000,0.0,0.0
2010-06-23 00:00:00-04:00,4.345610998776365,4.368902839049372,4.31899134475754,4.335628509521484,39600,0.0,0.0
2010-06-24 00:00:00-04:00,4.335627993520372,4.355592652326533,4.292371497213264,4.2990264892578125,51200,0.0,0.0
2010-06-25 00:00:00-04:00,4.289046417838842,4.412160974975377,4.289046417838842,4.388868808746338,63500,0.0,0.0
2010-06-28 00:00:00-04:00,4.402178747574505,4.482037109376484,4.375559399416398,4.452090263366699,66100,0.0,0.0
2010-06-29 00:00:00-04:00,4.435453482955674,4.435453482955674,4.325648582779037,4.425471305847168,83400,0.0,0.0
2010-06-30 00:00:00-04:00,4.392196959048561,4.455418154500376,4.392196959048561,4.425471305847168,82700,0.0,0.0
2010-07-01 00:00:00-04:00,4.382802693562514,4.393042795502528,4.215546284592078,4.239439964294434,100800,0.335,0.0
2010-07-02 00:00:00-04:00,4.249679300602098,4.2530927758094474,4.174584473674993,4.205305099487305,64100,0.0,0.0
2010-07-06 00:00:00-04:00,4.249679066635979,4.294053265307751,4.1711710943506946,4.188238143920898,38100,0.0,0.0
2010-07-07 00:00:00-04:00,4.171170779681824,4.2360251725237745,4.1541037313991405,4.212131500244141,49400,0.0,0.0
2010-07-08 00:00:00-04:00,4.198477653450744,4.2189578496354425,4.174583657199464,4.215544700622559,56600,0.0,0.0
2010-07-09 00:00:00-04:00,4.184824994344805,4.273573398590088,4.184824994344805,4.273573398590088,55100,0.0,0.0
2010-07-12 00:00:00-04:00,4.297468588842748,4.3145356457541855,4.2360273141723885,4.266747951507568,87600,0.0,0.0
2010-07-13 00:00:00-04:00,4.283811995451913,4.3623199462890625,4.283811995451913,4.3623199462890625,32500,0.0,0.0
2010-07-14 00:00:00-04:00,4.3452542410763755,4.355494666494231,4.249679215864742,4.331600666046143,47500,0.0,0.0
2010-07-15 00:00:00-04:00,4.352080344907935,4.358907293858715,4.26674543618425,4.304292678833008,69400,0.0,0.0
2010-07-16 00:00:00-04:00,4.321362301806167,4.324775778316456,4.215547134203516,4.218960285186768,83000,0.0,0.0
2010-07-19 00:00:00-04:00,4.242854067384152,4.270161226945952,4.239440591057172,4.263334274291992,25100,0.0,0.0
2010-07-20 00:00:00-04:00,4.246267790309379,4.290642011957866,4.236027685475748,4.283815383911133,28300,0.0,0.0
2010-07-21 00:00:00-04:00,4.3384276604394545,4.3384276604394545,4.270159784594115,4.311120510101318,54900,0.0,0.0
2010-07-22 00:00:00-04:00,4.335014803746566,4.393042587875717,4.335014803746566,4.382802486419678,46200,0.0,0.0
2010-07-23 00:00:00-04:00,4.365735433641641,4.386215962080676,4.239439763927299,4.382802486419678,76300,0.0,0.0
2010-07-26 00:00:00-04:00,4.403282165527344,4.437416267022902,4.375975014541663,4.403282165527344,33400,0.0,0.0
2010-07-27 00:00:00-04:00,4.447656176458762,4.447656176458762,4.403281976628932,4.437416076660156,26800,0.0,0.0
2010-07-28 00:00:00-04:00,4.437416278611878,4.451069854140377,4.406695652291027,4.440829753875732,42700,0.0,0.0
2010-07-29 00:00:00-04:00,4.47155017669138,4.47496332627298,4.369148202124611,4.437416076660156,33000,0.0,0.0
2010-07-30 00:00:00-04:00,4.434003137035328,4.478377342224121,4.413522934964772,4.478377342224121,38200,0.0,0.0
2010-08-02 00:00:00-04:00,4.498858202759671,4.529578833665927,4.488617775439607,4.51592493057251,75800,0.0,0.0
2010-08-03 00:00:00-04:00,4.526164454108355,4.526164454108355,4.4237624800441075,4.447656154632568,50300,0.0,0.0
2010-08-04 00:00:00-04:00,4.468136679656178,4.47496330431278,4.43058910470071,4.447656154632568,60200,0.0,0.0
2010-08-05 00:00:00-04:00,4.440829932984543,4.454483509063721,4.416935930700783,4.454483509063721,26700,0.0,0.0
2010-08-06 00:00:00-04:00,4.451070033662194,4.457896984465249,4.42034940610231,4.454483509063721,27900,0.0,0.0
2010-08-09 00:00:00-04:00,4.4886174432593995,4.498857869821619,4.457897140153566,4.478377342224121,32500,0.0,0.0
2010-08-10 00:00:00-04:00,4.4647236698172765,4.495444297790527,4.437416517291484,4.495444297790527,42500,0.0,0.0
2010-08-11 00:00:00-04:00,4.468136893263521,4.468136893263521,4.382801965051542,4.403282165527344,45200,0.0,0.0
2010-08-12 00:00:00-04:00,4.399868216036964,4.399868216036964,4.348667073100438,4.355494022369385,51900,0.0,0.0
2010-08-13 00:00:00-04:00,4.369148529380291,4.396455681239855,4.345254527357977,4.365735054016113,41700,0.0,0.0
2010-08-16 00:00:00-04:00,4.369148389558703,4.403282165527344,4.362321439048824,4.403282165527344,33600,0.0,0.0
2010-08-17 00:00:00-04:00,4.454483474094235,4.522751353954195,4.451069998719505,4.512511253356934,32200,0.0,0.0
2010-08-18 00:00:00-04:00,4.522753136172286,4.573953984861526,4.492032496747918,4.539820194244385,63900,0.0,0.0
2010-08-19 00:00:00-04:00,4.515924403204735,4.529578304703656,4.4613100993167665,4.512511253356934,50000,0.0,0.0
2010-08-20 00:00:00-04:00,4.485204448244991,4.529578654967068,4.485204448244991,4.5022711753845215,33700,0.0,0.0
2010-08-23 00:00:00-04:00,4.526164925763778,4.550058602842113,4.49203082234307,4.495444297790527,30000,0.0,0.0
2010-08-24 00:00:00-04:00,4.406695451737435,4.47155017669138,4.389628401721823,4.437416076660156,50700,0.0,0.0
2010-08-25 00:00:00-04:00,4.416935551536041,4.451069651567265,4.379388301923218,4.437416076660156,59100,0.0,0.0
2010-08-26 00:00:00-04:00,4.434003376735337,4.474964108617708,4.413523173557632,4.423763275146484,30400,0.0,0.0
2010-08-27 00:00:00-04:00,4.427176710757808,4.481791019439697,4.403282706564264,4.481791019439697,27500,0.0,0.0
2010-08-30 00:00:00-04:00,4.444242621417335,4.488616491671919,4.430588722229004,4.430588722229004,32600,0.0,0.0
2010-08-31 00:00:00-04:00,4.40669622214709,4.457897381145274,4.399869596263509,4.423763275146484,26400,0.0,0.0
2010-09-01 00:00:00-04:00,4.478377223375589,4.5261649028169195,4.474963747945437,4.5056843757629395,36900,0.0,0.0
2010-09-02 00:00:00-04:00,4.502271607199547,4.560299396514893,4.502271607199547,4.560299396514893,28600,0.0,0.0
2010-09-03 00:00:00-04:00,4.573952974852211,4.601260131526845,4.556886246075802,4.560299396514893,46800,0.0,0.0
2010-09-07 00:00:00-04:00,4.611498183097282,4.611498183097282,4.488615715856381,4.492029190063477,40600,0.0,0.0
2010-09-08 00:00:00-04:00,4.686594045335967,4.707074571094782,4.492030515498341,4.556885242462158,54000,0.0,0.0
2010-09-09 00:00:00-04:00,4.5910186914735505,4.628566265106201,4.584192067057453,4.628566265106201,56900,0.0,0.0
2010-09-10 00:00:00-04:00,4.6422200202941895,4.662700219867139,4.608085920303403,4.6422200202941895,48400,0.0,0.0
2010-09-13 00:00:00-04:00,4.655872691042202,4.710486980000166,4.655872691042202,4.693419933319092,38400,0.0,0.0
2010-09-14 00:00:00-04:00,4.679769515991211,4.700250050921017,4.662702457804216,4.679769515991211,56300,0.0,0.0
2010-09-15 00:00:00-04:00,4.655872528396167,4.707073341123924,4.655872528396167,4.669526100158691,44200,0.0,0.0
2010-09-16 00:00:00-04:00,4.6456322677174535,4.713900454441749,4.6456322677174535,4.693419933319092,73000,0.0,0.0
2010-09-17 00:00:00-04:00,4.6831829927340225,4.720730260323764,4.679769515991211,4.679769515991211,60100,0.0,0.0
2010-09-20 00:00:00-04:00,4.672939794844309,4.741207987158806,4.672939794844309,4.710487365722656,37200,0.0,0.0
2010-09-21 00:00:00-04:00,4.686593004275871,4.703660051029195,4.67293943197858,4.68317985534668,62500,0.0,0.0
2010-09-22 00:00:00-04:00,4.666113809324554,4.690007484587528,4.66270033413644,4.686594009399414,22700,0.0,0.0
2010-09-23 00:00:00-04:00,4.669525586638248,4.707072823474309,4.669525586638248,4.690005779266357,36200,0.0,0.0
2010-09-24 00:00:00-04:00,4.703661250723058,4.785583030928233,4.700248100923324,4.737795352935791,54900,0.0,0.0
2010-09-27 00:00:00-04:00,4.720728553025612,4.7685162335608995,4.720728553025612,4.744622230529785,37500,0.0,0.0
2010-09-28 00:00:00-04:00,4.734381950721169,4.775342678692843,4.710488274119426,4.730968475341797,55200,0.0,0.0
2010-09-29 00:00:00-04:00,4.713901749498797,4.7616891027022845,4.710488274119426,4.730968475341797,61900,0.0,0.0
2010-09-30 00:00:00-04:00,4.730968901960764,4.765103007778693,4.727555751800537,4.727555751800537,75500,0.0,0.0
2010-10-01 00:00:00-04:00,4.750291954860376,4.774777889251709,4.725806020469044,4.774777889251709,57800,0.335,0.0
2010-10-04 00:00:00-04:00,4.774778780269915,4.774778780269915,4.669838851240958,4.708316802978516,143800,0.0,0.0
2010-10-05 00:00:00-04:00,4.7223082788060555,4.781774409745356,4.7223082788060555,4.7502923011779785,215700,0.0,0.0
2010-10-06 00:00:00-04:00,4.7432958545701425,4.760785616114535,4.715311502188314,4.725805759429932,149300,0.0,0.0
2010-10-07 00:00:00-04:00,4.722308834238839,4.736300847070525,4.66983886951899,4.701320648193359,175300,0.0,0.0
2010-10-08 00:00:00-04:00,4.680332472569877,4.736300520032066,4.680332472569877,4.697822570800781,259900,0.0,0.0
2010-10-11 00:00:00-04:00,4.6873290822215115,4.722309284433465,4.683831328877061,4.711815357208252,175700,0.0,0.0
2010-10-12 00:00:00-04:00,4.6908268835179925,4.708316983558925,4.662842856890865,4.694324970245361,152500,0.0,0.0
2010-10-13 00:00:00-04:00,4.701319333908689,4.743295694264881,4.694323496246527,4.73280143737793,121700,0.0,0.0
2010-10-14 00:00:00-04:00,4.711813750036926,4.757287863963147,4.69082556914951,4.725805759429932,160900,0.0,0.0
2010-10-15 00:00:00-04:00,4.7572892945351155,4.764285134537439,4.68732889293637,4.729305267333984,145700,0.0,0.0
2010-10-18 00:00:00-04:00,4.715312642569026,4.746794754716073,4.708316802978516,4.708316802978516,116400,0.0,0.0
2010-10-19 00:00:00-04:00,4.697822715751841,4.743296839116941,4.680332616981283,4.715312480926514,115700,0.0,0.0
2010-10-20 00:00:00-04:00,4.725806244981127,4.764284191366339,4.722308158874512,4.722308158874512,180000,0.0,0.0
2010-10-21 00:00:00-04:00,4.732800786278701,4.77127905571239,4.70481677228825,4.746792793273926,120500,0.0,0.0
2010-10-22 00:00:00-04:00,4.746794968710184,4.7712812423706055,4.7432972155551925,4.7712812423706055,69800,0.0,0.0
2010-10-25 00:00:00-04:00,4.799265269186018,4.816755369344628,4.7712812423706055,4.7712812423706055,94800,0.0,0.0
2010-10-26 00:00:00-04:00,4.746791997178055,4.788768011123832,4.729302241564093,4.739796161651611,99700,0.0,0.0
2010-10-27 00:00:00-04:00,4.736299797730485,4.767781903025809,4.729303959662539,4.757287979125977,73300,0.0,0.0
2010-10-28 00:00:00-04:00,4.781772175597388,4.820250104982091,4.732799992529462,4.739796161651611,61500,0.0,0.0
2010-10-29 00:00:00-04:00,4.725805882220281,4.771279997328054,4.7153116247059925,4.753789901733398,128200,0.0,0.0
2010-11-01 00:00:00-04:00,4.844737282189189,4.848235033817958,4.767781075228209,4.785271167755127,92500,0.0,0.0
2010-11-02 00:00:00-04:00,4.813257055778993,4.827249068527355,4.795766956444567,4.820252895355225,45200,0.0,0.0
2010-11-03 00:00:00-04:00,4.809758969192928,4.827249068527355,4.795766956444567,4.820252895355225,63400,0.0,0.0
2010-11-04 00:00:00-04:00,4.841241530544581,4.93568754196167,4.841241530544581,4.93568754196167,69400,0.0,0.0
2010-11-05 00:00:00-04:00,4.851733394605337,4.956673622131348,4.851733394605337,4.956673622131348,42900,0.0,0.0
2010-11-08 00:00:00-05:00,4.921695338295979,4.953177452087402,4.911201411564144,4.953177452087402,58100,0.0,0.0
2010-11-09 00:00:00-05:00,4.942682931127723,4.967168868423521,4.918196993831925,4.925192832946777,100600,0.0,0.0
2010-11-10 00:00:00-05:00,4.911200402337934,4.939184423602868,4.883216381072998,4.883216381072998,80500,0.0,0.0
2010-11-11 00:00:00-05:00,4.8447373313493385,4.9146973685711375,4.7957651384961935,4.89021110534668,147400,0.0,0.0
2010-11-12 00:00:00-05:00,4.855231628541412,4.911199662641703,4.820251440430831,4.830745697021484,191000,0.0,0.0
2010-11-15 00:00:00-05:00,4.820252063318051,4.904204458912862,4.820252063318051,4.848236083984375,43800,0.0,0.0
2010-11-16 00:00:00-05:00,4.862229426089417,4.862229426089417,4.690827169161893,4.711815357208252,70100,0.0,0.0
2010-11-17 00:00:00-05:00,4.690826915079359,4.802763022341009,4.690826915079359,4.7712812423706055,86400,0.0,0.0
2010-11-18 00:00:00-05:00,4.8552333638487575,4.8552333638487575,4.80975923649043,4.8447394371032715,33400,0.0,0.0
2010-11-19 00:00:00-05:00,4.830746416034941,4.914698479680893,4.806260147274654,4.886714458465576,83300,0.0,0.0
2010-11-22 00:00:00-05:00,4.8552323511993825,4.886714458465576,4.841240340591724,4.886714458465576,45400,0.0,0.0
2010-11-23 00:00:00-05:00,4.862227474202657,4.862227474202657,4.820251448556677,4.827247619628906,54300,0.0,0.0
2010-11-24 00:00:00-05:00,4.876222133636475,4.8867163959498665,4.813258227736018,4.876222133636475,47900,0.0,0.0
2010-11-26 00:00:00-05:00,4.813256040767503,4.876219918059463,4.813256040767503,4.865725994110107,12800,0.0,0.0
2010-11-29 00:00:00-05:00,4.813255611080246,4.851733551190112,4.802761354471903,4.827247619628906,38800,0.0,0.0
2010-11-30 00:00:00-05:00,4.820254479450925,4.872724794697692,4.792270444757718,4.816756725311279,52000,0.0,0.0
2010-12-01 00:00:00-05:00,4.893710296971482,4.893710296971482,4.8552323511993825,4.886714458465576,39100,0.0,0.0
2010-12-02 00:00:00-05:00,4.89021217170332,4.93568628921249,4.89021217170332,4.921694278717041,44600,0.0,0.0
2010-12-03 00:00:00-05:00,4.925193425071897,4.9601736256392375,4.911201411564144,4.953177452087402,21400,0.0,0.0
2010-12-06 00:00:00-05:00,4.953176838596089,4.953176838596089,4.907702716929253,4.932188987731934,35300,0.0,0.0
2010-12-07 00:00:00-05:00,4.949679556008495,4.960173816740561,4.925193614825533,4.93568754196167,23300,0.0,0.0
2010-12-08 00:00:00-05:00,4.967168396226211,4.967168396226211,4.911200354244415,4.921694278717041,38500,0.0,0.0
2010-12-09 00:00:00-05:00,4.939183528611048,4.960171707554565,4.9077014269936665,4.956673622131348,44100,0.0,0.0
2010-12-10 00:00:00-05:00,4.925192364739864,4.939184375235313,4.907702268221592,4.921694278717041,42800,0.0,0.0
2010-12-13 00:00:00-05:00,4.94268312052332,4.94268312052332,4.907702922821045,4.907702922821045,24800,0.0,0.0
2010-12-14 00:00:00-05:00,4.893709651379595,4.942681848843773,4.879717642617801,4.897207736968994,42000,0.0,0.0
2010-12-15 00:00:00-05:00,4.911199131101472,4.928689223263805,4.86222693976609,4.872721195220947,42200,0.0,0.0
2010-12-16 00:00:00-05:00,4.893710408841578,4.963670463479156,4.879718397914062,4.918196678161621,57500,0.0,0.0
2010-12-17 00:00:00-05:00,4.928689223263805,4.928689223263805,4.872721195220947,4.872721195220947,46800,0.0,0.0
2010-12-20 00:00:00-05:00,4.893710910459313,4.914699095799856,4.872723058714659,4.907702922821045,38800,0.0,0.0
2010-12-21 00:00:00-05:00,4.907702268221592,4.925192364739864,4.869224322758068,4.921694278717041,42800,0.0,0.0
2010-12-22 00:00:00-05:00,4.93568754196167,4.967169656966009,4.918197774600085,4.93568754196167,70500,0.0,0.0
2010-12-23 00:00:00-05:00,4.911200402337934,4.960172606349493,4.87971829501592,4.883216381072998,52100,0.0,0.0
2010-12-27 00:00:00-05:00,4.907702675924557,4.907702675924557,4.8552327156066895,4.8552327156066895,44500,0.0,0.0
2010-12-28 00:00:00-05:00,4.834242925744661,4.897207124090757,4.827247089037185,4.872721195220947,63700,0.0,0.0
2010-12-29 00:00:00-05:00,4.849425141818622,4.913940886288838,4.813583327414385,4.860177993774414,65100,0.335,0.0
2010-12-30 00:00:00-05:00,4.842257172682582,4.860178251743987,4.784909993139009,4.799246788024902,71400,0.0,0.0
2010-12-31 00:00:00-05:00,4.802828489408995,4.860175984010672,4.802828489408995,4.856591701507568,30400,0.0,0.0
2011-01-03 00:00:00-05:00,4.89960430989561,4.910356820513094,4.806414973034344,4.824336051940918,47600,0.0,0.0
2011-01-04 00:00:00-05:00,4.835088191510641,4.874514630442724,4.792077810525197,4.806414604187012,44400,0.0,0.0
2011-01-05 00:00:00-05:00,4.835090374506076,4.842258945481584,4.788495688614108,4.820753574371338,55300,0.0,0.0
2011-01-06 00:00:00-05:00,4.809997831759202,4.838671412785984,4.792076758163452,4.802829265594482,44000,0.0,0.0
2011-01-07 00:00:00-05:00,4.817167282104492,4.8386726442558405,4.781325467607093,4.817167282104492,33500,0.0,0.0
2011-01-10 00:00:00-05:00,4.7920784864265755,4.820752077794488,4.7920784864265755,4.813583850860596,34400,0.0,0.0
2011-01-11 00:00:00-05:00,4.953366928735253,4.956951212680036,4.802830421215658,4.809998989105225,22500,0.0,0.0
2011-01-12 00:00:00-05:00,4.899603781285248,4.899603781285248,4.827919815208969,4.870930194854736,52000,0.0,0.0
2011-01-13 00:00:00-05:00,4.874515799183674,4.888852596282959,4.842257920256232,4.888852596282959,31000,0.0,0.0
2011-01-14 00:00:00-05:00,4.903188341784782,4.903188341784782,4.856593675751315,4.863761901855469,37400,0.0,0.0
2011-01-18 00:00:00-05:00,4.892435218708966,4.892435218708966,4.831503762028584,4.849424839019775,57300,0.0,0.0
2011-01-19 00:00:00-05:00,4.838673157853476,4.842257442228507,4.7920784864265755,4.813583850860596,46800,0.0,0.0
2011-01-20 00:00:00-05:00,4.8135831719259805,4.824335681718311,4.784909584602351,4.806414604187012,28200,0.0,0.0
2011-01-21 00:00:00-05:00,4.806414559516111,4.85659350777416,4.806414559516111,4.853009223937988,33700,0.0,0.0
2011-01-24 00:00:00-05:00,4.853009742762336,4.863762253604259,4.820751868420411,4.827920436859131,35400,0.0,0.0
2011-01-25 00:00:00-05:00,4.799245732819812,4.820750749512291,4.774156090923817,4.795661449432373,60200,0.0,0.0
2011-01-26 00:00:00-05:00,4.813583273050008,4.838672577031231,4.806414705160441,4.809998989105225,41200,0.0,0.0
2011-01-27 00:00:00-05:00,4.838673791760987,4.845842361450195,4.820752709354185,4.845842361450195,50600,0.0,0.0
2011-01-28 00:00:00-05:00,4.8494250870494495,4.8601779388838,4.802830421215658,4.809998989105225,79500,0.0,0.0
2011-01-31 00:00:00-05:00,4.838672329551506,4.8565934065426974,4.8135830268535065,4.849424839019775,30200,0.0,0.0
2011-02-01 00:00:00-05:00,4.856592146731808,4.906770739111368,4.856592146731808,4.903186798095703,34900,0.0,0.0
2011-02-02 00:00:00-05:00,4.92110893028246,4.92110893028246,4.878098549499776,4.906772136688232,41300,0.0,0.0
2011-02-03 00:00:00-05:00,4.9067728231267465,4.9175256761887916,4.885267800634995,4.8924360275268555,28200,0.0,0.0
2011-02-04 00:00:00-05:00,4.910355431960268,4.917523998222226,4.8673450598366745,4.874513626098633,38400,0.0,0.0
2011-02-07 00:00:00-05:00,4.910355021943058,4.928276094285483,4.903186798095703,4.903186798095703,28800,0.0,0.0
2011-02-08 00:00:00-05:00,4.892436956091986,4.935447692871094,4.892436956091986,4.935447692871094,33100,0.0,0.0
2011-02-09 00:00:00-05:00,4.931861781840223,4.931861781840223,4.892435343094004,4.906772136688232,51500,0.0,0.0
2011-02-10 00:00:00-05:00,4.878097160089898,4.913939304774748,4.878097160089898,4.903186798095703,45100,0.0,0.0
2011-02-11 00:00:00-05:00,4.9139401194019525,4.946197986602783,4.9139401194019525,4.946197986602783,34000,0.0,0.0
2011-02-14 00:00:00-05:00,4.939029419751007,4.9605347784902545,4.939029419751007,4.946197986602783,30000,0.0,0.0
2011-02-15 00:00:00-05:00,4.9354449010395625,4.953365632441369,4.917523827821714,4.921107769012451,58600,0.0,0.0
2011-02-16 00:00:00-05:00,4.939030804783496,4.971288681030273,4.939030804783496,4.971288681030273,42000,0.0,0.0
2011-02-17 00:00:00-05:00,4.974871326731306,5.007129192352295,4.9569502522956395,5.007129192352295,65400,0.0,0.0
2011-02-18 00:00:00-05:00,4.989209918423528,5.014299226598058,4.978457406608186,5.003546714782715,25500,0.0,0.0
2011-02-22 00:00:00-05:00,4.985625854645804,4.985625854645804,4.939031178961164,4.967704772949219,57500,0.0,0.0
2011-02-23 00:00:00-05:00,4.982039418909897,4.982039418909897,4.928276538848877,4.928276538848877,46400,0.0,0.0
2011-02-24 00:00:00-05:00,4.95695042948347,4.95695042948347,4.90318754607076,4.917524337768555,48600,0.0,0.0
2011-02-25 00:00:00-05:00,4.910358051992677,4.9497845038382176,4.8924369685916345,4.913942337036133,57600,0.0,0.0
2011-02-28 00:00:00-05:00,4.946197921164144,4.9784557879382,4.892434695935357,4.917524337768555,60500,0.0,0.0
2011-03-01 00:00:00-05:00,4.913939886431639,4.935445244151316,4.874513796064307,4.885266304016113,54400,0.0,0.0
2011-03-02 00:00:00-05:00,4.8637612159373225,4.906771591945053,4.860177274298741,4.899603366851807,55000,0.0,0.0
2011-03-03 00:00:00-05:00,4.953365358839456,4.9569496416482535,4.942612852229084,4.94978141784668,47600,0.0,0.0
2011-03-04 00:00:00-05:00,4.9354466385471785,4.953367376257922,4.903188763761982,4.9318623542785645,42400,0.0,0.0
2011-03-07 00:00:00-05:00,4.92827695085696,4.946198026314202,4.8960190833971415,4.899603366851807,37400,0.0,0.0
2011-03-08 00:00:00-05:00,4.892434695935357,4.928276846087881,4.881682187616031,4.917524337768555,57200,0.0,0.0
2011-03-09 00:00:00-05:00,4.899602515264013,4.9211075286221035,4.881681442921588,4.903186798095703,46400,0.0,0.0
2011-03-10 00:00:00-05:00,4.88885154776034,4.906772283928793,4.849425107831028,4.863761901855469,51100,0.0,0.0
2011-03-11 00:00:00-05:00,4.838672698130054,4.888851649164472,4.838672698130054,4.867346286773682,58100,0.0,0.0
2011-03-14 00:00:00-04:00,4.8422557638267,4.860176837673962,4.809997899264838,4.831502914428711,37800,0.0,0.0
2011-03-15 00:00:00-04:00,4.7669872217458265,4.7741554457359,4.695303272764933,4.763402938842773,84700,0.0,0.0
2011-03-16 00:00:00-04:00,4.774156207117995,4.774156207117995,4.663046153931795,4.677382946014404,61200,0.0,0.0
2011-03-17 00:00:00-04:00,4.713226777948064,4.723979632986568,4.677384953268415,4.68096923828125,57200,0.0,0.0
2011-03-18 00:00:00-04:00,4.734730619458862,4.759819922826002,4.723978109703819,4.731146335601807,55300,0.0,0.0
2011-03-21 00:00:00-04:00,4.7813257089634975,4.799246788024902,4.774157140612474,4.799246788024902,35900,0.0,0.0
2011-03-22 00:00:00-04:00,4.809998241166051,4.817166466124852,4.777740374311256,4.795661449432373,40100,0.0,0.0
2011-03-23 00:00:00-04:00,4.802831626947382,4.849426304478583,4.788494829385184,4.845842361450195,53100,0.0,0.0
2011-03-24 00:00:00-04:00,4.878098797061007,4.892435591382822,4.8422569821645425,4.867346286773682,42400,0.0,0.0
2011-03-25 00:00:00-04:00,4.885266574849229,4.913940158854383,4.878098007939899,4.899603366851807,30800,0.0,0.0
2011-03-28 00:00:00-04:00,4.921110465213349,4.928279035154455,4.899605439022491,4.91035795211792,58300,0.0,0.0
2011-03-29 00:00:00-04:00,4.928278666669694,4.971289057651776,4.9175261543782245,4.967704772949219,56100,0.0,0.0
2011-03-30 00:00:00-04:00,4.996376446268905,5.0071292962430505,4.974871429952758,4.989208221435547,67600,0.0,0.0
2011-03-31 00:00:00-04:00,4.996376652641412,5.003545219586935,4.971287351964249,4.974871635437012,46500,0.0,0.0
2011-04-01 00:00:00-04:00,4.9987445085183335,5.072201726788914,4.97670762325314,4.984053134918213,75700,0.335,0.0
2011-04-04 00:00:00-04:00,4.987726524303083,5.006090830558574,4.969362218047591,4.980381011962891,37800,0.0,0.0
2011-04-05 00:00:00-04:00,4.987727237845861,4.987727237845861,4.9399801748589045,4.943653106689453,35300,0.0,0.0
2011-04-06 00:00:00-04:00,4.976708599123771,4.984054112229208,4.9546713592673735,4.969362735748291,41000,0.0,0.0
2011-04-07 00:00:00-04:00,4.980381990630282,4.9877275044139004,4.94365337090196,4.965690612792969,25900,0.0,0.0
2011-04-08 00:00:00-04:00,4.980381724454822,4.980381724454822,4.936307243028357,4.943653106689453,22900,0.0,0.0
2011-04-11 00:00:00-04:00,4.95467210755022,4.95467210755022,4.888561078536651,4.8995795249938965,48600,0.0,0.0
2011-04-12 00:00:00-04:00,4.899578325262585,4.899578325262585,4.837139893510302,4.862849712371826,59100,0.0,0.0
2011-04-13 00:00:00-04:00,4.884887864920473,4.888560796951357,4.848159245151792,4.8738694190979,46100,0.0,0.0
2011-04-14 00:00:00-04:00,4.859178157659247,4.895906780955417,4.848159710778441,4.892233848571777,47700,0.0,0.0
2011-04-15 00:00:00-04:00,4.914271119222656,4.914271119222656,4.877542495727539,4.877542495727539,46900,0.0,0.0
2011-04-18 00:00:00-04:00,4.866523965711563,4.866523965711563,4.793067070245409,4.826122760772705,74100,0.0,0.0
2011-04-19 00:00:00-04:00,4.826123685383388,4.85183351615462,4.826123685383388,4.84081506729126,39800,0.0,0.0
2011-04-20 00:00:00-04:00,4.892233875071564,4.903252672282166,4.873869913594118,4.877542495727539,54500,0.0,0.0
2011-04-21 00:00:00-04:00,4.917943527498735,4.928961973264939,4.8848878399300455,4.888560771942139,41300,0.0,0.0
2011-04-25 00:00:00-04:00,4.910598504383833,4.914271437024893,4.8628514308604585,4.870197296142578,38700,0.0,0.0
2011-04-26 00:00:00-04:00,4.87387305596526,4.903255833597502,4.87387305596526,4.884891510009766,50400,0.0,0.0
2011-04-27 00:00:00-04:00,4.906925822054389,4.9326360015832,4.8775430599673095,4.9105987548828125,51500,0.0,0.0
2011-04-28 00:00:00-04:00,4.925288991310242,4.928961923285092,4.903252100001288,4.917943477630615,42800,0.0,0.0
2011-04-29 00:00:00-04:00,4.928961849425162,4.973035981652697,4.928961849425162,4.96201753616333,35000,0.0,0.0
2011-05-02 00:00:00-04:00,4.991400169676409,4.991400169676409,4.943653106689453,4.943653106689453,35000,0.0,0.0
2011-05-03 00:00:00-04:00,4.939980387094764,4.943653319083112,4.895906254044805,4.921616077423096,21000,0.0,0.0
2011-05-04 00:00:00-04:00,4.932634131134777,4.932634131134777,4.87754121041005,4.881214141845703,25000,0.0,0.0
2011-05-05 00:00:00-04:00,4.848158504687314,4.888560050316307,4.822448684937973,4.851831436157227,27200,0.0,0.0
2011-05-06 00:00:00-04:00,4.8738694190979,4.914270620627387,4.85550510921356,4.8738694190979,38400,0.0,0.0
2011-05-09 00:00:00-04:00,4.855508732377524,4.884891510009766,4.855508732377524,4.884891510009766,43000,0.0,0.0
2011-05-10 00:00:00-04:00,4.914271963113598,4.936308860778809,4.895907648212473,4.936308860778809,29700,0.0,0.0
2011-05-11 00:00:00-04:00,4.947326756878291,4.947326756878291,4.877542443045329,4.906925201416016,42400,0.0,0.0
2011-05-12 00:00:00-04:00,4.903252118021501,4.925289009411444,4.877541944373136,4.921616077423096,32000,0.0,0.0
2011-05-13 00:00:00-04:00,4.921616952036877,4.932635749960058,4.870197296142578,4.870197296142578,36400,0.0,0.0
2011-05-16 00:00:00-04:00,4.859177589416504,4.892233276463431,4.859177589416504,4.859177589416504,29700,0.0,0.0
2011-05-17 00:00:00-04:00,4.862849734697337,4.87386852877716,4.848158359527588,4.848158359527588,43500,0.0,0.0
2011-05-18 00:00:00-04:00,4.862854251650415,4.884891510009766,4.848162862834294,4.884891510009766,73900,0.0,0.0
2011-05-19 00:00:00-04:00,4.906925039208694,4.906925039208694,4.866523835352063,4.8995795249938965,23500,0.0,0.0
2011-05-20 00:00:00-04:00,4.881215214051756,4.903252457236344,4.85183245665237,4.8995795249938965,36300,0.0,0.0
2011-05-23 00:00:00-04:00,4.822448684937973,4.87386867470668,4.822448684937973,4.851831436157227,28800,0.0,0.0
2011-05-24 00:00:00-04:00,4.85550455456908,4.873868862355666,4.829794383559847,4.844485759735107,44400,0.0,0.0
2011-05-25 00:00:00-04:00,4.844486313120909,4.888560796951357,4.804085111591422,4.8738694190979,55200,0.0,0.0
2011-05-26 00:00:00-04:00,4.89223332880613,4.903252124786377,4.859177641405536,4.903252124786377,36400,0.0,0.0
2011-05-27 00:00:00-04:00,4.928962282393282,4.928962282393282,4.8848881462942035,4.8995795249938965,21100,0.0,0.0
2011-05-31 00:00:00-04:00,4.950998311104285,4.950998311104285,4.892232806563112,4.932634353637695,42900,0.0,0.0
2011-06-01 00:00:00-04:00,4.921616633759612,4.939980945507171,4.859178183979981,4.877542495727539,45600,0.0,0.0
2011-06-02 00:00:00-04:00,4.86652718642203,4.884891510009766,4.818780085202052,4.884891510009766,36700,0.0,0.0
2011-06-03 00:00:00-04:00,4.837142134246749,4.855506449199132,4.818777819294365,4.84081506729126,43600,0.0,0.0
2011-06-06 00:00:00-04:00,4.855504747710423,4.855504747710423,4.811430617431469,4.8187761306762695,30600,0.0,0.0
2011-06-07 00:00:00-04:00,4.840812245928022,4.840812245928022,4.80041070652591,4.829793453216553,30300,0.0,0.0
2011-06-08 00:00:00-04:00,4.833468062771106,4.833468062771106,4.7710296168012905,4.774702548980713,42600,0.0,0.0
2011-06-09 00:00:00-04:00,4.804085569576183,4.822449881211237,4.778375743449175,4.7967400550842285,40900,0.0,0.0
2011-06-10 00:00:00-04:00,4.782048080697124,4.800412039776645,4.760010839423606,4.778375148773193,25300,0.0,0.0
2011-06-13 00:00:00-04:00,4.804085548356247,4.804085548356247,4.723282787680989,4.737974166870117,56400,0.0,0.0
2011-06-14 00:00:00-04:00,4.730627589685608,4.793066024780273,4.730627589685608,4.793066024780273,56700,0.0,0.0
2011-06-15 00:00:00-04:00,4.7930661181024705,4.7930661181024705,4.682880621656545,4.73430061340332,55900,0.0,0.0
2011-06-16 00:00:00-04:00,4.763684343153673,4.7820486547076095,4.71226434085667,4.737974166870117,42700,0.0,0.0
2011-06-17 00:00:00-04:00,4.789394005192554,4.793066937431613,4.723282625969881,4.730628490447998,46400,0.0,0.0
2011-06-20 00:00:00-04:00,4.748991961476985,4.767355918884277,4.723281790620713,4.767355918884277,29400,0.0,0.0
2011-06-21 00:00:00-04:00,4.804084753916618,4.8187761306762695,4.767356136882464,4.8187761306762695,39100,0.0,0.0
2011-06-22 00:00:00-04:00,4.826122252639648,4.862850521370623,4.752665014637558,4.859177589416504,59700,0.0,0.0
2011-06-23 00:00:00-04:00,4.811431263549485,4.811431263549485,4.760011262850585,4.807758331298828,60100,0.0,0.0
2011-06-24 00:00:00-04:00,4.81143097412871,4.815103555888353,4.760010976522865,4.800412178039551,36000,0.0,0.0
2011-06-27 00:00:00-04:00,4.8114313816794745,4.829795342843433,4.767356894129676,4.826122760772705,34800,0.0,0.0
2011-06-28 00:00:00-04:00,4.855505296428367,4.866523742675781,4.793066850576203,4.866523742675781,46700,0.0,0.0
2011-06-29 00:00:00-04:00,4.914270472015985,4.973035981652697,4.866523407868639,4.96201753616333,133600,0.0,0.0
2011-06-30 00:00:00-04:00,4.995073983855182,4.995073983855182,4.93998104747531,4.987728118896484,83300,0.0,0.0
2011-07-01 00:00:00-04:00,5.023500921906789,5.1891934460755635,5.004672136196215,5.147770404815674,26200,0.335,0.0
2011-07-05 00:00:00-04:00,5.147771655564741,5.147771655564741,5.057393893150049,5.064925193786621,33900,0.0,0.0
2011-07-06 00:00:00-04:00,5.095051324936663,5.095051324936663,5.023502349853516,5.023502349853516,83500,0.0,0.0
2011-07-07 00:00:00-04:00,5.106348564166414,5.106348564166414,5.027267932891846,5.027267932891846,59400,0.0,0.0
2011-07-08 00:00:00-04:00,5.000909302411813,5.000909302411813,4.936891608131416,4.963252067565918,62600,0.0,0.0
2011-07-11 00:00:00-04:00,4.9632502725234735,4.982078703572089,4.918061391574055,4.967015743255615,47100,0.0,0.0
2011-07-12 00:00:00-04:00,4.974546400529679,4.97831222963225,4.90299744322699,4.929357528686523,60500,0.0,0.0
2011-07-13 00:00:00-04:00,4.925592747826305,4.955718668799671,4.91429561724362,4.940655708312988,44000,0.0,0.0
2011-07-14 00:00:00-04:00,4.9632500096889665,5.004673058583338,4.918061131132575,4.978312969207764,65700,0.0,0.0
2011-07-15 00:00:00-04:00,5.008436895143115,5.008436895143115,4.918059173996053,4.951950550079346,43300,0.0,0.0
2011-07-18 00:00:00-04:00,4.948187015602455,4.948187015602455,4.869106388898902,4.880403518676758,57900,0.0,0.0
2011-07-19 00:00:00-04:00,4.9142949660627115,4.955718012129899,4.906763307252718,4.910529136657715,48100,0.0,0.0
2011-07-20 00:00:00-04:00,4.940654889446034,4.948186548005727,4.850277141505195,4.872871398925781,71000,0.0,0.0
2011-07-21 00:00:00-04:00,4.880404261375437,4.951953239695872,4.880404261375437,4.92182731628418,52300,0.0,0.0
2011-07-22 00:00:00-04:00,4.910529136657715,4.944420883044168,4.895466178166987,4.910529136657715,46100,0.0,0.0
2011-07-25 00:00:00-04:00,4.89546614965512,4.921826237078055,4.865340232849121,4.865340232849121,40600,0.0,0.0
2011-07-26 00:00:00-04:00,4.895466178166987,4.940655053639171,4.8540431320997985,4.910529136657715,37700,0.0,0.0
2011-07-27 00:00:00-04:00,4.895467417761932,4.895467417761932,4.782495020910786,4.8352155685424805,66200,0.0,0.0
2011-07-28 00:00:00-04:00,4.850276930536036,4.854042759652083,4.782493442964116,4.797556400299072,37400,0.0,0.0
2011-07-29 00:00:00-04:00,4.786259540556345,4.786259540556345,4.680818833297152,4.7222418785095215,75000,0.0,0.0
2011-08-01 00:00:00-04:00,4.793791811097999,4.816386432509152,4.707179873802116,4.77496337890625,54100,0.0,0.0
2011-08-02 00:00:00-04:00,4.756135049131621,4.816386899902576,4.661991442519663,4.677054405212402,58400,0.0,0.0
2011-08-03 00:00:00-04:00,4.669521669918103,4.680819158685303,4.545252166513119,4.620567321777344,85200,0.0,0.0
2011-08-04 00:00:00-04:00,4.575378422264985,4.575378422264985,4.387091238482404,4.405920028686523,164500,0.0,0.0
2011-08-05 00:00:00-04:00,4.432279888291307,4.443577017257399,4.187506366497609,4.341901779174805,148900,0.0,0.0
2011-08-08 00:00:00-04:00,4.206335384547612,4.206335384547612,3.848589835243081,3.878715753555298,200500,0.0,0.0
2011-08-09 00:00:00-04:00,3.893779885781541,4.123490171898804,3.7808074785111527,4.040643692016602,190700,0.0,0.0
2011-08-10 00:00:00-04:00,4.029345116758588,4.104659908270764,3.991687900567127,4.048173904418945,91000,0.0,0.0
2011-08-11 00:00:00-04:00,4.123489460913971,4.217633057551867,4.067003446582961,4.195038795471191,84700,0.0,0.0
2011-08-12 00:00:00-04:00,4.259056416229211,4.285416508034166,4.228930135285856,4.2741193771362305,69300,0.0,0.0
2011-08-15 00:00:00-04:00,4.341902340923224,4.413451671600342,4.311776420363165,4.413451671600342,83500,0.0,0.0
2011-08-16 00:00:00-04:00,4.394622325897217,4.405919454896724,4.349433450769932,4.394622325897217,63400,0.0,0.0
2011-08-17 00:00:00-04:00,4.44357760909476,4.462406399298879,4.364496977540904,4.405920028686523,36500,0.0,0.0
2011-08-18 00:00:00-04:00,4.1536141612517765,4.262820686861613,4.146082862483451,4.217631816864014,64000,0.0,0.0
2011-08-19 00:00:00-04:00,4.195038075806143,4.240226951344595,4.119722924112796,4.138551712036133,67200,0.0,0.0
2011-08-22 00:00:00-04:00,4.266587746076647,4.270353576111291,4.074534723861642,4.0971293449401855,67100,0.0,0.0
2011-08-23 00:00:00-04:00,4.123487162320527,4.240225315093994,4.1046583816629845,4.240225315093994,41800,0.0,0.0
2011-08-24 00:00:00-04:00,4.240227870541565,4.304245547881112,4.232696210087813,4.2703537940979,37800,0.0,0.0
2011-08-25 00:00:00-04:00,4.326839870510284,4.3306057007889684,4.236462098597904,4.243993759155273,27000,0.0,0.0
2011-08-26 00:00:00-04:00,4.236461739288158,4.300479412078857,4.191272857164602,4.300479412078857,38700,0.0,0.0
2011-08-29 00:00:00-04:00,4.349433450769932,4.405919454896724,4.319307534018408,4.394622325897217,42100,0.0,0.0
2011-08-30 00:00:00-04:00,4.3870920200260155,4.3908578505635685,4.334371829017747,4.375794887542725,52200,0.0,0.0
2011-08-31 00:00:00-04:00,4.409685134887695,4.443576879867335,4.372027560659375,4.409685134887695,34400,0.0,0.0
2011-09-01 00:00:00-04:00,4.390857181046731,4.432280592384843,4.34566829887459,4.3531999588012695,40800,0.0,0.0
2011-09-02 00:00:00-04:00,4.251523592865906,4.296712463221927,4.225163508273866,4.262820720672607,43800,0.0,0.0
2011-09-06 00:00:00-04:00,4.119722963626191,4.236461162567139,4.097128705204886,4.236461162567139,54500,0.0,0.0
2011-09-07 00:00:00-04:00,4.259055365551833,4.326838493347168,4.255289536471752,4.326838493347168,59500,0.0,0.0
2011-09-08 00:00:00-04:00,4.2628208034091495,4.319307161797424,4.2628208034091495,4.281649589538574,81100,0.0,0.0
2011-09-09 00:00:00-04:00,4.2402266315647585,4.2402266315647585,4.161146015554075,4.176208972930908,71100,0.0,0.0
2011-09-12 00:00:00-04:00,4.123488685748243,4.172443389892578,4.093362769217768,4.172443389892578,69100,0.0,0.0
2011-09-13 00:00:00-04:00,4.179975794700662,4.2138671875,4.131021081818084,4.2138671875,67600,0.0,0.0
2011-09-14 00:00:00-04:00,4.217631850316588,4.289181164393866,4.187505936745907,4.262820720672607,46600,0.0,0.0
2011-09-15 00:00:00-04:00,4.296712578964969,4.372027364920466,4.277883792693787,4.326838493347168,65500,0.0,0.0
2011-09-16 00:00:00-04:00,4.364496050537216,4.372027349541661,4.300478392917921,4.334370136260986,44300,0.0,0.0
2011-09-19 00:00:00-04:00,4.2929479988648245,4.319308450965416,4.25905660467149,4.296713829040527,50300,0.0,0.0
2011-09-20 00:00:00-04:00,4.319308450965416,4.345668543936675,4.281650867467047,4.296713829040527,35900,0.0,0.0
2011-09-21 00:00:00-04:00,4.311776654189762,4.311776654189762,4.195038795471191,4.195038795471191,37900,0.0,0.0
2011-09-22 00:00:00-04:00,4.127255978179147,4.1611477360726274,4.048175329470821,4.100895881652832,65500,0.0,0.0
2011-09-23 00:00:00-04:00,4.089597383607418,4.131020792678373,4.067003123322618,4.127254962921143,58400,0.0,0.0
2011-09-26 00:00:00-04:00,4.153615797927343,4.179976251826497,4.104661079691035,4.1686787605285645,46300,0.0,0.0
2011-09-27 00:00:00-04:00,4.236460736001119,4.2778837783554975,4.2101006507873535,4.2101006507873535,49700,0.0,0.0
2011-09-28 00:00:00-04:00,4.240228145019076,4.259056938242941,4.1423187075584655,4.149850368499756,38500,0.0,0.0
2011-09-29 00:00:00-04:00,4.225163855058394,4.240226813080041,4.146083235662434,4.206335067749023,52900,0.0,0.0
2011-09-30 00:00:00-04:00,4.05570623584348,4.202570013869795,4.05570623584348,4.1234893798828125,50300,0.0,0.0
2011-10-03 00:00:00-04:00,4.121546362815562,4.140969370443433,4.020547389984131,4.020547389984131,19600,0.335,0.0
2011-10-04 00:00:00-04:00,3.977818131929514,3.977818131929514,3.8107810952740255,3.9389724731445312,113600,0.0,0.0
2011-10-05 00:00:00-04:00,3.927317729541416,4.09435510635376,3.9001257362791732,4.09435510635376,87600,0.0,0.0
2011-10-06 00:00:00-04:00,4.109892260955745,4.183699607849121,4.059392594782125,4.183699607849121,68000,0.0,0.0
2011-10-07 00:00:00-04:00,4.218662019953313,4.218662019953313,4.137085665153461,4.164278030395508,60500,0.0,0.0
2011-10-10 00:00:00-04:00,4.241968990267189,4.280815008055262,4.222545981373153,4.276930332183838,52000,0.0,0.0
2011-10-11 00:00:00-04:00,4.234199638524342,4.292468665206451,4.222545981373153,4.276930332183838,69100,0.0,0.0
2011-10-12 00:00:00-04:00,4.335199106338799,4.335199106338799,4.280815124511719,4.280815124511719,66600,0.0,0.0
2011-10-13 00:00:00-04:00,4.218661661295755,4.276930692892165,4.207008003161718,4.273046016693115,79900,0.0,0.0
2011-10-14 00:00:00-04:00,4.362390740842126,4.362390740842126,4.2846990799629765,4.308006763458252,48200,0.0,0.0
2011-10-17 00:00:00-04:00,4.323545695891426,4.331314677826413,4.238084671827892,4.273046016693115,73300,0.0,0.0
2011-10-18 00:00:00-04:00,4.288582145024034,4.401235103607178,4.24973614394174,4.401235103607178,79300,0.0,0.0
2011-10-19 00:00:00-04:00,4.4090070765868505,4.428429718226917,4.346853363763956,4.389584064483643,52400,0.0,0.0
2011-10-20 00:00:00-04:00,4.389582982338566,4.389582982338566,4.30800664798627,4.342967987060547,82300,0.0,0.0
2011-10-21 00:00:00-04:00,4.377927799328139,4.42842708208703,4.370158450926512,4.401235103607178,63800,0.0,0.0
2011-10-24 00:00:00-04:00,4.405122040202774,4.455621719360352,4.397352687810941,4.455621719360352,49600,0.0,0.0
2011-10-25 00:00:00-04:00,4.405122043236546,4.412891025170617,4.3351993535143425,4.3546223640441895,58100,0.0,0.0
2011-10-26 00:00:00-04:00,4.3934682617167,4.409006595611572,4.3390839078530945,4.409006595611572,71100,0.0,0.0
2011-10-27 00:00:00-04:00,4.533312905332557,4.533312905332557,4.432313557836944,4.475044250488281,90400,0.0,0.0
2011-10-28 00:00:00-04:00,4.463390223148968,4.482813231584751,4.424544576740474,4.475044250488281,60000,0.0,0.0
2011-10-31 00:00:00-04:00,4.432314633436302,4.4439682931405615,4.370161287729368,4.377930641174316,67000,0.0,0.0
2011-11-01 00:00:00-04:00,4.296352989826771,4.319660302223645,4.2341992923546545,4.284698963165283,62700,0.0,0.0
2011-11-02 00:00:00-04:00,4.331314076490466,4.342968103469634,4.280814774766315,4.308006763458252,55200,0.0,0.0
2011-11-03 00:00:00-04:00,4.3623917118573265,4.3623917118573265,4.284700033684957,4.331315040588379,70800,0.0,0.0
2011-11-04 00:00:00-04:00,4.292469850365272,4.3274312019348145,4.292469850365272,4.3274312019348145,56000,0.0,0.0
2011-11-07 00:00:00-05:00,4.300237296875074,4.346852292153093,4.284698965115735,4.342967987060547,36100,0.0,0.0
2011-11-08 00:00:00-05:00,4.381812920886508,4.381812920886508,4.304121274684494,4.374043941497803,69100,0.0,0.0
2011-11-09 00:00:00-05:00,4.273046138956381,4.315776466979221,4.234200116780619,4.23808479309082,90200,0.0,0.0
2011-11-10 00:00:00-05:00,4.3274300071231,4.346852645554055,4.273045656312415,4.276930332183838,82100,0.0,0.0
2011-11-11 00:00:00-05:00,4.37404574143054,4.37404574143054,4.3118923988926445,4.331315040588379,78800,0.0,0.0
2011-11-14 00:00:00-05:00,4.335199468614018,4.335199468614018,4.265276777035365,4.296353816986084,70800,0.0,0.0
2011-11-15 00:00:00-05:00,4.296354182715404,4.3274308548484175,4.261392833949975,4.315776824951172,50100,0.0,0.0
2011-11-16 00:00:00-05:00,4.292468781979937,4.327430124847684,4.265276420603305,4.280815124511719,63200,0.0,0.0
2011-11-17 00:00:00-05:00,4.30023788835877,4.30023788835877,4.191469551082661,4.207007884979248,52000,0.0,0.0
2011-11-18 00:00:00-05:00,4.249737013654794,4.249737013654794,4.199237720561171,4.218660354614258,52600,0.0,0.0
2011-11-21 00:00:00-05:00,4.148738396745096,4.172045707702637,4.117661735159689,4.172045707702637,50200,0.0,0.0
2011-11-22 00:00:00-05:00,4.152624010196989,4.175931698962423,4.1293166918947,4.1681623458862305,46800,0.0,0.0
2011-11-23 00:00:00-05:00,4.117662196972961,4.125431178009123,4.071046828903712,4.090469837188721,56700,0.0,0.0
2011-11-25 00:00:00-05:00,4.102123747649968,4.1293157361969826,4.078816064278914,4.106008052825928,48000,0.0,0.0
2011-11-28 00:00:00-05:00,4.195354588658079,4.22643125912892,4.125431894867118,4.140970230102539,87800,0.0,0.0
2011-11-29 00:00:00-05:00,4.168160073280513,4.195352423757959,4.140968093266008,4.152621746063232,54500,0.0,0.0
2011-11-30 00:00:00-05:00,4.273045548716522,4.335198879241943,4.253622540311559,4.335198879241943,79800,0.0,0.0
2011-12-01 00:00:00-05:00,4.311891077189123,4.350736719136565,4.269160389444997,4.292468070983887,93300,0.0,0.0
2011-12-02 00:00:00-05:00,4.3351993540254625,4.3351993540254625,4.269161340494065,4.273046016693115,66900,0.0,0.0
2011-12-05 00:00:00-05:00,4.339084514282509,4.350738173716601,4.2924695060829885,4.315776824951172,45100,0.0,0.0
2011-12-06 00:00:00-05:00,4.342969539247591,4.342969539247591,4.296354527309262,4.3274312019348145,43600,0.0,0.0
2011-12-07 00:00:00-05:00,4.304122454876397,4.3507374553794556,4.273045787874358,4.346852779388428,81000,0.0,0.0
2011-12-08 00:00:00-05:00,4.342969440980826,4.342969440980826,4.238085388645371,4.26527738571167,59900,0.0,0.0
2011-12-09 00:00:00-05:00,4.2885837556227,4.319660419974359,4.273045423446869,4.308006763458252,58500,0.0,0.0
2011-12-12 00:00:00-05:00,4.2536234809791695,4.288584829747015,4.214777826041794,4.230316162109375,52000,0.0,0.0
2011-12-13 00:00:00-05:00,4.2380856315159665,4.296354676307039,4.210893632891384,4.234200954437256,49800,0.0,0.0
2011-12-14 00:00:00-05:00,4.187585460076162,4.230316162109375,4.183701153906632,4.230316162109375,68100,0.0,0.0
2011-12-15 00:00:00-05:00,4.2691612205655955,4.2691612205655955,4.207007884979248,4.207007884979248,43500,0.0,0.0
2011-12-16 00:00:00-05:00,4.2147778307813395,4.241969826314395,4.187585464785129,4.210893154144287,56500,0.0,0.0
2011-12-19 00:00:00-05:00,4.238083942692387,4.238083942692387,4.144853952733495,4.1603922843933105,62100,0.0,0.0
2011-12-20 00:00:00-05:00,4.195353762184088,4.265276071737397,4.195353762184088,4.249737739562988,76900,0.0,0.0
2011-12-21 00:00:00-05:00,4.2497384515583,4.273046138956381,4.179816130290301,4.23808479309082,71700,0.0,0.0
2011-12-22 00:00:00-05:00,4.269160631413016,4.284698963165283,4.241968643462313,4.284698963165283,66100,0.0,0.0
2011-12-23 00:00:00-05:00,4.308006646025208,4.311891321579037,4.265275955859187,4.284698963165283,61500,0.0,0.0
2011-12-27 00:00:00-05:00,4.261393425821103,4.335200439772385,4.261393425821103,4.300239086151123,94400,0.0,0.0
2011-12-28 00:00:00-05:00,4.325020276742387,4.325020276742387,4.269059073781291,4.2730560302734375,56900,0.312,0.0
2011-12-29 00:00:00-05:00,4.297041869172931,4.297041869172931,4.217096980406523,4.249074935913086,111500,0.0,0.0
2011-12-30 00:00:00-05:00,4.269060001246324,4.2810516357421875,4.245076351047408,4.2810516357421875,142700,0.0,0.0
2012-01-03 00:00:00-05:00,4.3290198583460135,4.3609978141012675,4.321025560010852,4.349006175994873,61600,0.0,0.0
2012-01-04 00:00:00-05:00,4.353003051951125,4.353003051951125,4.305036123429148,4.345008373260498,45900,0.0,0.0
2012-01-05 00:00:00-05:00,4.345007261828205,4.376985205996383,4.325020951421303,4.364993572235107,53700,0.0,0.0
2012-01-06 00:00:00-05:00,4.38497953618506,4.400968507005862,4.337012623722655,4.353001594543457,74600,0.0,0.0
2012-01-09 00:00:00-05:00,4.368990565364259,4.372987522164109,4.337012623722655,4.353001594543457,118000,0.0,0.0
2012-01-10 00:00:00-05:00,4.404967319818415,4.404967319818415,4.345008373260498,4.345008373260498,115400,0.0,0.0
2012-01-11 00:00:00-05:00,4.3450067407957285,4.353001416482671,4.313028800462192,4.317026138305664,85200,0.0,0.0
2012-01-12 00:00:00-05:00,4.3290198583460135,4.349006175994873,4.321025560010852,4.349006175994873,70000,0.0,0.0
2012-01-13 00:00:00-05:00,4.345006272458,4.345006272458,4.281050398684577,4.313028335571289,64400,0.0,0.0
2012-01-17 00:00:00-05:00,4.376986462962477,4.376986462962477,4.333016872406006,4.333016872406006,88100,0.0,0.0
2012-01-18 00:00:00-05:00,4.345007603245849,4.384980227200582,4.337013307179219,4.376985549926758,98600,0.0,0.0
2012-01-19 00:00:00-05:00,4.396971388224992,4.4409409648726665,4.388976711812423,4.436944007873535,124300,0.0,0.0
2012-01-20 00:00:00-05:00,4.452933190834838,4.460927486419678,4.416957907685136,4.460927486419678,101300,0.0,0.0
2012-01-23 00:00:00-05:00,4.468921805723065,4.476916100668405,4.436943863527423,4.452932834625244,97200,0.0,0.0
2012-01-24 00:00:00-05:00,4.408963230893127,4.468922163211688,4.408963230893127,4.460927486419678,79500,0.0,0.0
2012-01-25 00:00:00-05:00,4.468921234470128,4.524882435555526,4.4409402527203365,4.51688814163208,72500,0.0,0.0
2012-01-26 00:00:00-05:00,4.552863777389309,4.552863777389309,4.512891160989386,4.524882793426514,26000,0.0,0.0
2012-01-27 00:00:00-05:00,4.508893787377105,4.536874771118164,4.508893787377105,4.536874771118164,58700,0.0,0.0
2012-01-30 00:00:00-05:00,4.504897117614746,4.5088940745119,4.476916132091806,4.504897117614746,75100,0.0,0.0
2012-01-31 00:00:00-05:00,4.544869065610524,4.552863741310004,4.508893787377105,4.536874771118164,104800,0.0,0.0
2012-02-01 00:00:00-05:00,4.576847896270144,4.592836869572115,4.568853600222755,4.588839530944824,80700,0.0,0.0
2012-02-02 00:00:00-05:00,4.596834524929982,4.612823499333624,4.592837186027267,4.608826160430908,76600,0.0,0.0
2012-02-03 00:00:00-05:00,4.624814033508301,4.6567919747005435,4.616819738813804,4.624814033508301,93100,0.0,0.0
2012-02-06 00:00:00-05:00,4.624812570629244,4.656790501706515,4.608823605090608,4.636804580688477,76200,0.0,0.0
2012-02-07 00:00:00-05:00,4.652795063067011,4.672780990600586,4.632808754326304,4.672780990600586,105500,0.0,0.0
2012-02-08 00:00:00-05:00,4.692768218304042,4.6967655570763895,4.66478760931202,4.684773921966553,57100,0.0,0.0
2012-02-09 00:00:00-05:00,4.668783240851984,4.716750144958496,4.668783240851984,4.716750144958496,63100,0.0,0.0
2012-02-10 00:00:00-05:00,4.692768058706275,4.708757032044685,4.680776424004265,4.7047600746154785,87900,0.0,0.0
2012-02-13 00:00:00-05:00,4.7287427440453556,4.7327400821745815,4.688770125167384,4.712753772735596,50700,0.0,0.0
2012-02-14 00:00:00-05:00,4.712754210869117,4.712754210869117,4.636806685388885,4.664787292480469,86700,0.0,0.0
2012-02-15 00:00:00-05:00,4.708756537309171,4.708756537309171,4.632809017233106,4.648797988891602,83300,0.0,0.0
2012-02-16 00:00:00-05:00,4.67278191850265,4.680776596069336,4.644801309433664,4.680776596069336,66600,0.0,0.0
2012-02-17 00:00:00-05:00,4.704759477684289,4.712753772735596,4.680775830116077,4.712753772735596,63400,0.0,0.0
2012-02-21 00:00:00-05:00,4.7127536407454045,4.728742611607361,4.700762007900721,4.724745273590088,59200,0.0,0.0
2012-02-22 00:00:00-05:00,4.74872892048659,4.74872892048659,4.716750978762677,4.724745273590088,68900,0.0,0.0
2012-02-23 00:00:00-05:00,4.744732208399025,4.772712815796893,4.728743235427787,4.768715858459473,74500,0.0,0.0
2012-02-24 00:00:00-05:00,4.792698037339098,4.792698037339098,4.756722761033652,4.780706405639648,66600,0.0,0.0
2012-02-27 00:00:00-05:00,4.780705721388749,4.780705721388749,4.748727787295744,4.752725124359131,58200,0.0,0.0
2012-02-28 00:00:00-05:00,4.7807068703499445,4.788701165190966,4.764717899460766,4.784704208374023,47200,0.0,0.0
2012-02-29 00:00:00-05:00,4.79269916554186,4.816682815793615,4.756723880767822,4.756723880767822,63600,0.0,0.0
2012-03-01 00:00:00-05:00,4.796695255669109,4.812684224606389,4.78470362426792,4.788700580596924,60000,0.0,0.0
2012-03-02 00:00:00-05:00,4.784704511051599,4.784704511051599,4.748729228973389,4.748729228973389,45100,0.0,0.0
2012-03-05 00:00:00-05:00,4.73673647326714,4.740733429390091,4.696763862381069,4.7087554931640625,61500,0.0,0.0
2012-03-06 00:00:00-05:00,4.6527964304284835,4.660790727549847,4.612823801199934,4.632810115814209,89100,0.0,0.0
2012-03-07 00:00:00-05:00,4.656792640686035,4.660789979208523,4.60083142619995,4.656792640686035,80800,0.0,0.0
2012-03-08 00:00:00-05:00,4.672781153857624,4.712753772735596,4.66078952067709,4.712753772735596,62300,0.0,0.0
2012-03-09 00:00:00-05:00,4.716750144958496,4.720747482269139,4.672780196955559,4.716750144958496,94100,0.0,0.0
2012-03-12 00:00:00-04:00,4.728743344019497,4.728743344019497,4.680776424004265,4.7047600746154785,80300,0.0,0.0
2012-03-13 00:00:00-04:00,4.716751153629179,4.760720729827881,4.692767505843519,4.760720729827881,101400,0.0,0.0
2012-03-14 00:00:00-04:00,4.7767103399007125,4.7767103399007125,4.728743419123647,4.740735054016113,76000,0.0,0.0
2012-03-15 00:00:00-04:00,4.760721181370262,4.768715858459473,4.724745896883182,4.768715858459473,71200,0.0,0.0
2012-03-16 00:00:00-04:00,4.792698037339098,4.792698037339098,4.760720098669168,4.780706405639648,85800,0.0,0.0
2012-03-19 00:00:00-04:00,4.780705940151576,4.7966949079297265,4.768714309619729,4.776708602905273,50500,0.0,0.0
2012-03-20 00:00:00-04:00,4.7767103399007125,4.7767103399007125,4.732740757823535,4.740735054016113,83000,0.0,0.0
2012-03-21 00:00:00-04:00,4.756724027608469,4.764718705008246,4.736738096523425,4.740735054016113,68800,0.0,0.0
2012-03-22 00:00:00-04:00,4.736736450304643,4.740733406408218,4.696763839612349,4.716750144958496,82000,0.0,0.0
2012-03-23 00:00:00-04:00,4.732739949624634,4.732739949624634,4.704759345917994,4.724745273590088,40000,0.0,0.0
2012-03-26 00:00:00-04:00,4.780707492886104,4.780707492886104,4.756723842825656,4.768715858459473,88400,0.0,0.0
2012-03-27 00:00:00-04:00,4.792697883274537,4.800692558288574,4.780706251960567,4.800692558288574,71900,0.0,0.0
2012-03-28 00:00:00-04:00,4.808687832248471,4.81668250889206,4.7687155926520175,4.792698860168457,104200,0.0,0.0
2012-03-29 00:00:00-04:00,4.816681681945094,4.816681681945094,4.764717436304684,4.780706405639648,67800,0.0,0.0
2012-03-30 00:00:00-04:00,4.792698204556886,4.820679187774658,4.792698204556886,4.820679187774658,128600,0.0,0.0
2012-04-02 00:00:00-04:00,4.829706208874516,4.858429908752441,4.800982117665529,4.858429908752441,25000,0.312,0.0
2012-04-03 00:00:00-04:00,4.8707407909145,4.8707407909145,4.81329299061639,4.825603485107422,27800,0.0,0.0
2012-04-04 00:00:00-04:00,4.850223832968616,4.850223832968616,4.772259322239174,4.788672924041748,85400,0.0,0.0
2012-04-05 00:00:00-04:00,4.78867395581138,4.78867395581138,4.768156851304755,4.776363849639893,23600,0.0,0.0
2012-04-09 00:00:00-04:00,4.768156754346937,4.768156754346937,4.706605833409887,4.718915939331055,47000,0.0,0.0
2012-04-10 00:00:00-04:00,4.7394326244282245,4.743536123149579,4.649157609214314,4.665571212768555,35400,0.0,0.0
2012-04-11 00:00:00-04:00,4.768155867063906,4.768155867063906,4.686087857309073,4.706604957580566,54700,0.0,0.0
2012-04-12 00:00:00-04:00,4.6942951753609234,4.735329382134195,4.6942951753609234,4.714812278747559,69300,0.0,0.0
2012-04-13 00:00:00-04:00,4.72301934800888,4.731225954688834,4.665571535924389,4.673778533935547,43200,0.0,0.0
2012-04-16 00:00:00-04:00,4.731225462701141,4.731225462701141,4.645053949200755,4.661467552185059,74500,0.0,0.0
2012-04-17 00:00:00-04:00,4.702500758227747,4.74763805903121,4.686087158723661,4.727121353149414,78500,0.0,0.0
2012-04-18 00:00:00-04:00,4.7148122097670715,4.74353631062059,4.7148122097670715,4.7394328117370605,80000,0.0,0.0
2012-04-19 00:00:00-04:00,4.7599483588939275,4.7599483588939275,4.657363268325791,4.681983470916748,87100,0.0,0.0
2012-04-20 00:00:00-04:00,4.829707648231677,4.829707648231677,4.681984824649615,4.6942949295043945,52500,0.0,0.0
2012-04-23 00:00:00-04:00,4.636846494319852,4.69019079208374,4.636846494319852,4.69019079208374,53100,0.0,0.0
2012-04-24 00:00:00-04:00,4.70250145926004,4.706604957580566,4.681984358988546,4.706604957580566,48200,0.0,0.0
2012-04-25 00:00:00-04:00,4.747638702392578,4.755845698922306,4.723018495465661,4.747638702392578,41600,0.0,0.0
2012-04-26 00:00:00-04:00,4.759948656479832,4.776362256343648,4.739431558817289,4.772258758544922,73700,0.0,0.0
2012-04-27 00:00:00-04:00,4.727123033622725,4.780466957476242,4.727123033622725,4.776363849639893,44500,0.0,0.0
2012-04-30 00:00:00-04:00,4.784569414285164,4.788672912558751,4.739432107269106,4.759949207305908,54000,0.0,0.0
2012-05-01 00:00:00-04:00,4.759948969991696,4.805086274757367,4.7353283729088025,4.768155574798584,54800,0.0,0.0
2012-05-02 00:00:00-04:00,4.73532859892912,4.755845698922306,4.727121993730525,4.747638702392578,66000,0.0,0.0
2012-05-03 00:00:00-04:00,4.74763789530747,4.751741392874751,4.694293600926018,4.723017692565918,103400,0.0,0.0
2012-05-04 00:00:00-04:00,4.706604048045736,4.706604048045736,4.640949652929352,4.653259754180908,38500,0.0,0.0
2012-05-07 00:00:00-04:00,4.649157447779622,4.665571050763925,4.636847343374185,4.661467552185059,73000,0.0,0.0
2012-05-08 00:00:00-04:00,4.6532591854571,4.6532591854571,4.599914898112039,4.636845588684082,78800,0.0,0.0
2012-05-09 00:00:00-04:00,4.604020118713379,4.62453722019325,4.567089414315842,4.604020118713379,77000,0.0,0.0
2012-05-10 00:00:00-04:00,4.649156708040231,4.649156708040231,4.608122511442948,4.6122260093688965,73300,0.0,0.0
2012-05-11 00:00:00-04:00,4.604019479285018,4.6409501785534415,4.591708985308138,4.599915981292725,61000,0.0,0.0
2012-05-14 00:00:00-04:00,4.579399260054893,4.579399260054893,4.546572056073442,4.554779052734375,62300,0.0,0.0
2012-05-15 00:00:00-04:00,4.550676977560068,4.562987085070129,4.513746263698623,4.5424699783325195,39000,0.0,0.0
2012-05-16 00:00:00-04:00,4.571192884496612,4.58350298877564,4.513745078975884,4.534262180328369,60900,0.0,0.0
2012-05-17 00:00:00-04:00,4.558882447141339,4.558882447141339,4.456297330399202,4.480917930603027,58400,0.0,0.0
2012-05-18 00:00:00-04:00,4.497331417655108,4.497331417655108,4.382436199439462,4.39474630355835,67100,0.0,0.0
2012-05-21 00:00:00-04:00,4.39884941235251,4.431676614648855,4.378332313084514,4.411159515380859,112900,0.0,0.0
2012-05-22 00:00:00-04:00,4.439882187114095,4.4603992816110765,4.3988483894511585,4.423468589782715,58300,0.0,0.0
2012-05-23 00:00:00-04:00,4.415262401860536,4.452193097160746,4.402951909206423,4.448089599609375,62000,0.0,0.0
2012-05-24 00:00:00-04:00,4.468607978874974,4.485021582461382,4.42757377424337,4.472711086273193,34100,0.0,0.0
2012-05-25 00:00:00-04:00,4.489124536450193,4.489124536450193,4.448090724552037,4.480917930603027,29300,0.0,0.0
2012-05-29 00:00:00-04:00,4.497330351823866,4.5260540517377015,4.47681325560067,4.501433849334717,74500,0.0,0.0
2012-05-30 00:00:00-04:00,4.480917050872048,4.48502054865558,4.452193349049499,4.468606948852539,47300,0.0,0.0
2012-05-31 00:00:00-04:00,4.46860685966833,4.46860685966833,4.4111590658386834,4.452193260192871,61500,0.0,0.0
2012-06-01 00:00:00-04:00,4.4070563879605755,4.4070563879605755,4.329091873781552,4.35371208190918,81900,0.0,0.0
2012-06-04 00:00:00-04:00,4.366021843314687,4.378331945309,4.259333249147742,4.316781044006348,83800,0.0,0.0
2012-06-05 00:00:00-04:00,4.320884876851575,4.361919078839157,4.304471274322772,4.35371208190918,39500,0.0,0.0
2012-06-06 00:00:00-04:00,4.394745466363225,4.452193260192871,4.366021765113942,4.452193260192871,40700,0.0,0.0
2012-06-07 00:00:00-04:00,4.493227698084024,4.493227698084024,4.435780287468458,4.443986892700195,22100,0.0,0.0
2012-06-08 00:00:00-04:00,4.4275729911324415,4.476813793182373,4.415262888452736,4.476813793182373,39400,0.0,0.0
2012-06-11 00:00:00-04:00,4.513745360661518,4.513745360661518,4.411160238828302,4.431677341461182,70500,0.0,0.0
2012-06-12 00:00:00-04:00,4.439882548420159,4.489123344421387,4.4152623460850755,4.489123344421387,67500,0.0,0.0
2012-06-13 00:00:00-04:00,4.472710837726348,4.48091783472908,4.431677026706153,4.4357805252075195,68800,0.0,0.0
2012-06-14 00:00:00-04:00,4.460399627685547,4.476813226290429,4.435779425443753,4.460399627685547,47100,0.0,0.0
2012-06-15 00:00:00-04:00,4.485020250622373,4.505536955514507,4.468606651910029,4.501433849334717,43500,0.0,0.0
2012-06-18 00:00:00-04:00,4.497331857155001,4.513745461361249,4.472711255180034,4.505538463592529,44900,0.0,0.0
2012-06-19 00:00:00-04:00,4.513744442406753,4.546571643408678,4.505537446490719,4.530158042907715,26600,0.0,0.0
2012-06-20 00:00:00-04:00,4.517849449440504,4.558883268733689,4.517849449440504,4.546573162078857,42300,0.0,0.0
2012-06-21 00:00:00-04:00,4.562984734088758,4.567088231588293,4.480916740753378,4.489123344421387,65300,0.0,0.0
2012-06-22 00:00:00-04:00,4.509640793821952,4.538364887237549,4.493227193869222,4.538364887237549,46000,0.0,0.0
2012-06-25 00:00:00-04:00,4.505537823192614,4.505537823192614,4.472710619446052,4.485021114349365,74300,0.0,0.0
2012-06-26 00:00:00-04:00,4.505538225266124,4.526055327271452,4.497331619262695,4.497331619262695,49200,0.0,0.0
2012-06-27 00:00:00-04:00,4.521951848752924,4.554779052734375,4.509641353761525,4.554779052734375,51100,0.0,0.0
2012-06-28 00:00:00-04:00,4.554780160736235,4.554780160736235,4.509642450783127,4.546573162078857,82000,0.0,0.0
2012-06-29 00:00:00-04:00,4.595812258281546,4.6286394579504,4.583502156238497,4.6204328536987305,135300,0.0,0.0
2012-07-02 00:00:00-04:00,4.65925931930542,4.65925931930542,4.617055722302987,4.65925931930542,85700,0.312,0.0
2012-07-03 00:00:00-04:00,4.646599441130342,4.680362165295223,4.629718079047901,4.667701244354248,42200,0.0,0.0
2012-07-05 00:00:00-04:00,4.6677013034775126,4.701464028070049,4.62549769649513,4.680362224578857,57500,0.0,0.0
2012-07-06 00:00:00-04:00,4.64237865713422,4.655039577140146,4.617056414638978,4.62127685546875,51300,0.0,0.0
2012-07-09 00:00:00-04:00,4.629717320889226,4.659259599074823,4.621276439988567,4.633937358856201,60600,0.0,0.0
2012-07-10 00:00:00-04:00,4.663480039525153,4.676140958392787,4.612835961571262,4.633937358856201,64100,0.0,0.0
2012-07-11 00:00:00-04:00,4.655039158624494,4.663480039525153,4.6086155211209325,4.633937358856201,58900,0.0,0.0
2012-07-12 00:00:00-04:00,4.612835855074788,4.62549677365012,4.574852696865449,4.617055892944336,50300,0.0,0.0
2012-07-13 00:00:00-04:00,4.608615776043981,4.6719207763671875,4.608615776043981,4.6719207763671875,51600,0.0,0.0
2012-07-16 00:00:00-04:00,4.671921342189011,4.680362224578857,4.655039979892743,4.680362224578857,59700,0.0,0.0
2012-07-17 00:00:00-04:00,4.69302434460896,4.71834659576416,4.663482053664167,4.71834659576416,54800,0.0,0.0
2012-07-18 00:00:00-04:00,4.714125890325926,4.760549545288086,4.70990544828841,4.760549545288086,76400,0.0,0.0
2012-07-19 00:00:00-04:00,4.7647676296672845,4.7647676296672845,4.743665832404607,4.756327152252197,25600,0.0,0.0
2012-07-20 00:00:00-04:00,4.718346132230839,4.7436679784148765,4.709905248513834,4.7267866134643555,38300,0.0,0.0
2012-07-23 00:00:00-04:00,4.70568316981716,4.714124050598064,4.655039092581775,4.69302225112915,141500,0.0,0.0
2012-07-24 00:00:00-04:00,4.7099054237229385,4.722566347285946,4.6719222505504145,4.676142692565918,75900,0.0,0.0
2012-07-25 00:00:00-04:00,4.70146424894085,4.726786092333137,4.688802924761261,4.722565650939941,48500,0.0,0.0
2012-07-26 00:00:00-04:00,4.768989642035515,4.768989642035515,4.705684229374582,4.709904670715332,148900,0.0,0.0
2012-07-27 00:00:00-04:00,4.726787189206637,4.760549923220121,4.718346706945035,4.743668556213379,51400,0.0,0.0
2012-07-30 00:00:00-04:00,4.76476888389207,4.76476888389207,4.726785719317644,4.739446640014648,40100,0.0,0.0
2012-07-31 00:00:00-04:00,4.752107948228116,4.752107948228116,4.722565263383602,4.731006145477295,41900,0.0,0.0
2012-08-01 00:00:00-04:00,4.768990429363118,4.768990429363118,4.718346332363442,4.760549545288086,71800,0.0,0.0
2012-08-02 00:00:00-04:00,4.756327711734775,4.756327711734775,4.663480034347385,4.70568323135376,59400,0.0,0.0
2012-08-03 00:00:00-04:00,4.773208509565678,4.7943099043450506,4.752106712303,4.756327152252197,52600,0.0,0.0
2012-08-06 00:00:00-04:00,4.781649900561362,4.785870341316915,4.747887179483705,4.752107620239258,48200,0.0,0.0
2012-08-07 00:00:00-04:00,4.7732110023498535,4.790092368479539,4.756329636220168,4.7732110023498535,45400,0.0,0.0
2012-08-08 00:00:00-04:00,4.752108156090095,4.7900913222063135,4.735226793647713,4.764769077301025,49100,0.0,0.0
2012-08-09 00:00:00-04:00,4.777430057525635,4.7943114201765455,4.752108214790985,4.777430057525635,35900,0.0,0.0
2012-08-10 00:00:00-04:00,4.773209156146493,4.790090515746729,4.760547834583794,4.78587007522583,40400,0.0,0.0
2012-08-13 00:00:00-04:00,4.7943114201765455,4.798531861460132,4.756328656074571,4.777430057525635,78000,0.0,0.0
2012-08-14 00:00:00-04:00,4.802751389460388,4.806971829941422,4.768988670578829,4.781649589538574,70600,0.0,0.0
2012-08-15 00:00:00-04:00,4.790090887911759,4.798531367125979,4.756328166088099,4.768989086151123,47200,0.0,0.0
2012-08-16 00:00:00-04:00,4.785870656324886,4.806972459008198,4.781650215291542,4.8027520179748535,77600,0.0,0.0
2012-08-17 00:00:00-04:00,4.811191913384505,4.811191913384505,4.78164963470493,4.78587007522583,60000,0.0,0.0
2012-08-20 00:00:00-04:00,4.794312131606847,4.819634380582511,4.790092092180481,4.806973457336426,63600,0.0,0.0
2012-08-21 00:00:00-04:00,4.836515802916555,4.844956284352565,4.811193553641527,4.819634437561035,68400,0.0,0.0
2012-08-22 00:00:00-04:00,4.806972891951679,4.823854255122078,4.785871087367818,4.798532009124756,70800,0.0,0.0
2012-08-23 00:00:00-04:00,4.819634658585609,4.82385510073891,4.756329636220168,4.7732110023498535,64400,0.0,0.0
2012-08-24 00:00:00-04:00,4.79009109735823,4.8027520179748535,4.760548412608231,4.8027520179748535,57900,0.0,0.0
2012-08-27 00:00:00-04:00,4.832293881549594,4.832293881549594,4.798531161175015,4.815412521362305,46200,0.0,0.0
2012-08-28 00:00:00-04:00,4.8196338137086165,4.8196338137086165,4.798532009124756,4.798532009124756,73900,0.0,0.0
2012-08-29 00:00:00-04:00,4.811191219326313,4.82807257649126,4.7858693848205425,4.8238525390625,87500,0.0,0.0
2012-08-30 00:00:00-04:00,4.81963337962482,4.81963337962482,4.777429774258198,4.8027520179748535,84400,0.0,0.0
2012-08-31 00:00:00-04:00,4.83229424010828,4.84073512206993,4.790091037750244,4.790091037750244,76500,0.0,0.0
2012-09-04 00:00:00-04:00,4.802752450538217,4.806972891951679,4.777430204540895,4.798532009124756,69000,0.0,0.0
2012-09-05 00:00:00-04:00,4.794311046600342,4.802751928509795,4.781650126219565,4.794311046600342,49700,0.0,0.0
2012-09-06 00:00:00-04:00,4.802753314280352,4.8660583369334605,4.802753314280352,4.8576178550720215,76600,0.0,0.0
2012-09-07 00:00:00-04:00,4.85761819014451,4.882940039959017,4.823855455402805,4.836516380310059,62200,0.0,0.0
2012-09-10 00:00:00-04:00,4.828073769271349,4.844955130606852,4.785870567174292,4.794311046600342,58700,0.0,0.0
2012-09-11 00:00:00-04:00,4.798531221508556,4.828073501586914,4.798531221508556,4.828073501586914,39300,0.0,0.0
2012-09-12 00:00:00-04:00,4.861838297244501,4.861838297244501,4.840736488865625,4.8576178550720215,63500,0.0,0.0
2012-09-13 00:00:00-04:00,4.8660570678216875,4.899819791428857,4.8449552649463525,4.8871588706970215,68800,0.0,0.0
2012-09-14 00:00:00-04:00,4.895600062495934,4.958905072642677,4.891379621157234,4.937803268432617,98200,0.0,0.0
2012-09-17 00:00:00-04:00,4.916701242848065,4.929362566294088,4.88293851862551,4.895599842071533,78600,0.0,0.0
2012-09-18 00:00:00-04:00,4.895599693090201,4.895599693090201,4.870277449452173,4.874497890472412,59700,0.0,0.0
2012-09-19 00:00:00-04:00,4.8913794599810405,4.916701302211981,4.882938577581777,4.908260822296143,58700,0.0,0.0
2012-09-20 00:00:00-04:00,4.899819939896879,4.916701302211981,4.878718538865571,4.908260822296143,62800,0.0,0.0
2012-09-21 00:00:00-04:00,4.916701464222556,4.9504641899652775,4.912481425367295,4.937803268432617,62200,0.0,0.0
2012-09-24 00:00:00-04:00,4.9462438669802005,4.975786149687209,4.9462438669802005,4.963125228881836,103400,0.0,0.0
2012-09-25 00:00:00-04:00,4.992665980245243,4.992665980245243,4.95468282699585,4.95468282699585,202900,0.0,0.0
2012-09-26 00:00:00-04:00,4.971566150466432,4.9884475138684925,4.870277970054071,4.878718852996826,119900,0.0,0.0
2012-09-27 00:00:00-04:00,4.925141546104297,4.96734514766239,4.9209211054518125,4.958904266357422,85600,0.0,0.0
2012-09-28 00:00:00-04:00,4.967345402750681,5.001108124737625,4.958904521012248,4.996887683868408,86900,0.0,0.0
2012-10-01 00:00:00-04:00,5.005531315184285,5.057402056889115,5.001208650317547,5.01849889755249,86600,0.28,0.0
2012-10-02 00:00:00-04:00,5.014179113943796,5.022824035702098,4.927727422967492,4.936372756958008,59000,0.0,0.0
2012-10-03 00:00:00-04:00,4.962307934465128,5.014179113943796,4.9234051682044475,4.936372756958008,115300,0.0,0.0
2012-10-04 00:00:00-04:00,4.936373226853931,4.962308406829834,4.927727892040461,4.962308406829834,44000,0.0,0.0
2012-10-05 00:00:00-04:00,4.996887893100964,5.005532813189595,4.93204913739163,4.949339389801025,108600,0.0,0.0
2012-10-08 00:00:00-04:00,4.919081949338644,5.035791059491547,4.914759282828346,5.005533218383789,131700,0.0,0.0
2012-10-09 00:00:00-04:00,5.022823472192818,5.035791059491547,4.992565631085059,5.005533218383789,96100,0.0,0.0
2012-10-10 00:00:00-04:00,5.014178552189166,5.018500806467974,4.953662457732009,4.992565631866455,76500,0.0,0.0
2012-10-11 00:00:00-04:00,5.027144969796967,5.027144969796967,4.94069372085337,4.95798397064209,72500,0.0,0.0
2012-10-12 00:00:00-04:00,4.979599845380088,5.0055350293607646,4.927728652954102,4.927728652954102,58900,0.0,0.0
2012-10-15 00:00:00-04:00,4.992565226940582,5.005532813189595,4.927726471231248,4.949339389801025,100300,0.0,0.0
2012-10-16 00:00:00-04:00,5.014178971836329,5.022823893349624,4.953662872314453,4.953662872314453,89300,0.0,0.0
2012-10-17 00:00:00-04:00,4.979596885936007,5.001209388997852,4.949338639631694,4.95798397064209,51800,0.0,0.0
2012-10-18 00:00:00-04:00,4.970951621032469,4.9839192054884425,4.910435539851135,4.914758205413818,56200,0.0,0.0
2012-10-19 00:00:00-04:00,4.9363722958374465,4.9363722958374465,4.841275691986084,4.841275691986084,49400,0.0,0.0
2012-10-22 00:00:00-04:00,4.880179129242851,4.927727227609015,4.871534207827275,4.888824462890625,80700,0.0,0.0
2012-10-23 00:00:00-04:00,4.862887453312849,4.923403534468735,4.862887453312849,4.901790618896484,174300,0.0,0.0
2012-10-24 00:00:00-04:00,4.93637228110704,4.953662535189132,4.914759360446383,4.923404693603516,39100,0.0,0.0
2012-10-25 00:00:00-04:00,4.975273941990613,4.979596607253894,4.893144950916475,4.910435199737549,57800,0.0,0.0
2012-10-26 00:00:00-04:00,4.906113557276268,4.940694059221989,4.858565057926827,4.880177974700928,53600,0.0,0.0
2012-10-31 00:00:00-04:00,4.884501873300907,4.910437050189923,4.85424361728745,4.8585662841796875,59700,0.0,0.0
2012-11-01 00:00:00-04:00,4.906114575555572,4.953662672541668,4.893146575460303,4.932049751281738,54400,0.0,0.0
2012-11-02 00:00:00-04:00,4.953662535189132,4.975275455849789,4.919082027024949,4.923404693603516,38100,0.0,0.0
2012-11-05 00:00:00-05:00,4.906114439521424,4.932049614528474,4.897469106364292,4.923404693603516,41400,0.0,0.0
2012-11-06 00:00:00-05:00,4.953663148864374,4.97959873931658,4.940695559754384,4.9450178146362305,66900,0.0,0.0
2012-11-07 00:00:00-05:00,4.940695994001163,4.940695994001163,4.849922037788493,4.867212295532227,69900,0.0,0.0
2012-11-08 00:00:00-05:00,4.88450119125347,4.88450119125347,4.806694846986504,4.8110175132751465,48500,0.0,0.0
2012-11-09 00:00:00-05:00,4.776437007430305,4.8542429394651245,4.776437007430305,4.8110175132751465,76900,0.0,0.0
2012-11-12 00:00:00-05:00,4.8066942338026895,4.854242320215661,4.8066942338026895,4.8153395652771,49700,0.0,0.0
2012-11-13 00:00:00-05:00,4.8110174485541215,4.832630367474432,4.78508186340332,4.78508186340332,37600,0.0,0.0
2012-11-14 00:00:00-05:00,4.780759055871253,4.815339557247038,4.612178802490234,4.612178802490234,114900,0.0,0.0
2012-11-15 00:00:00-05:00,4.590565673825372,4.603533258183705,4.456566340247753,4.495469093322754,205700,0.0,0.0
2012-11-16 00:00:00-05:00,4.486824381944993,4.612178802490234,4.482501716214997,4.612178802490234,78600,0.0,0.0
2012-11-19 00:00:00-05:00,4.664051632430942,4.772115850431874,4.664051632430942,4.754825592041016,63600,0.0,0.0
2012-11-20 00:00:00-05:00,4.750501221320633,4.793727057917364,4.741856301340564,4.776436805725098,54900,0.0,0.0
2012-11-21 00:00:00-05:00,4.806694371742411,4.828307288816577,4.785081454668246,4.823984622955322,53900,0.0,0.0
2012-11-23 00:00:00-05:00,4.8585650592630305,4.893145561218262,4.845597474087844,4.893145561218262,34800,0.0,0.0
2012-11-26 00:00:00-05:00,4.858563895545769,4.875854142382046,4.836950983942423,4.8455963134765625,52600,0.0,0.0
2012-11-27 00:00:00-05:00,4.867210800164059,4.884501052595655,4.841275215400596,4.85424280166626,42300,0.0,0.0
2012-11-28 00:00:00-05:00,4.854242392125587,4.884500640502168,4.823984555981107,4.880177974700928,56300,0.0,0.0
2012-11-29 00:00:00-05:00,4.906113558625548,4.919081143800734,4.875855310240646,4.893145561218262,41900,0.0,0.0
2012-11-30 00:00:00-05:00,4.9017908928231195,4.9017908928231195,4.86288772506546,4.893145561218262,57300,0.0,0.0
2012-12-03 00:00:00-05:00,4.923403189561166,4.923403189561166,4.862887112644716,4.884500026702881,58700,0.0,0.0
2012-12-04 00:00:00-05:00,4.888824200027853,4.888824200027853,4.841275691986084,4.841275691986084,52700,0.0,0.0
2012-12-05 00:00:00-05:00,4.828306948392013,4.854242117266742,4.8153393639546485,4.819661617279053,68800,0.0,0.0
2012-12-06 00:00:00-05:00,4.823985437852397,4.84559835857755,4.798050262767956,4.841275691986084,66200,0.0,0.0
2012-12-07 00:00:00-05:00,4.8455963134765625,4.8455963134765625,4.815338484571078,4.8455963134765625,64400,0.0,0.0
2012-12-10 00:00:00-05:00,4.815338005007743,4.862886076014154,4.815338005007743,4.83262825012207,57700,0.0,0.0
2012-12-11 00:00:00-05:00,4.858565057926827,4.884500640502168,4.841274806953967,4.880177974700928,77600,0.0,0.0
2012-12-12 00:00:00-05:00,4.910436972545665,4.910436972545665,4.867211541003388,4.888824462890625,67700,0.0,0.0
2012-12-13 00:00:00-05:00,4.901792467286315,4.906115134477192,4.871534621414647,4.875856876373291,91800,0.0,0.0
2012-12-14 00:00:00-05:00,4.884500232765646,4.923403397265142,4.871532648676503,4.906113147735596,67400,0.0,0.0
2012-12-17 00:00:00-05:00,4.910436082074899,4.945016585930684,4.901791162227013,4.940694332122803,51900,0.0,0.0
2012-12-18 00:00:00-05:00,4.949340345711568,4.949340345711568,4.9234051682044475,4.936372756958008,59900,0.0,0.0
2012-12-19 00:00:00-05:00,4.949340481750302,4.975276072202508,4.940695559754384,4.9450178146362305,55500,0.0,0.0
2012-12-20 00:00:00-05:00,4.962307377745133,5.005533218383789,4.945017123936104,5.005533218383789,56700,0.0,0.0
2012-12-21 00:00:00-05:00,4.953661848538829,5.079016276316069,4.953661848538829,4.996887683868408,104200,0.0,0.0
2012-12-24 00:00:00-05:00,4.9882423535210885,5.035790442613292,4.98391968754031,5.022822856903076,61100,0.0,0.0
2012-12-26 00:00:00-05:00,5.0444371546157285,5.048759821779088,4.975276128930902,4.983921051025391,73600,0.0,0.0
2012-12-27 00:00:00-05:00,5.010502149194104,5.014931980145371,4.95291012190541,4.983921051025391,29000,0.28,0.0
2012-12-28 00:00:00-05:00,4.939618559212901,4.961769400340075,4.930758476257324,4.930758476257324,44200,0.0,0.0
2012-12-31 00:00:00-05:00,4.908606860652332,5.028221130371094,4.899746779094695,5.028221130371094,83500,0.0,0.0
2013-01-02 00:00:00-05:00,5.081383381860584,5.125684638945628,5.06366279452814,5.10353422164917,97600,0.0,0.0
2013-01-03 00:00:00-05:00,5.072522876948298,5.10353422164917,5.06366279452814,5.10353422164917,78400,0.0,0.0
2013-01-04 00:00:00-05:00,5.094673383015539,5.165555727702236,5.090243130849594,5.130114555358887,80000,0.0,0.0
2013-01-07 00:00:00-05:00,5.169987133388288,5.174417386542703,5.14340603695399,5.156696796417236,183500,0.0,0.0
2013-01-08 00:00:00-05:00,5.174416542053223,5.196566959225856,5.152265702388463,5.174416542053223,63400,0.0,0.0
2013-01-09 00:00:00-05:00,5.205430507659912,5.205430507659912,5.178849400022026,5.205430507659912,110700,0.0,0.0
2013-01-10 00:00:00-05:00,5.196568374389953,5.263020911481029,5.196568374389953,5.254160404205322,99600,0.0,0.0
2013-01-11 00:00:00-05:00,5.2718800111702535,5.276310263980278,5.232009003356524,5.245299339294434,61900,0.0,0.0
2013-01-14 00:00:00-05:00,5.2585903297617405,5.294031511668923,5.249730245531052,5.276310920715332,79000,0.0,0.0
2013-01-15 00:00:00-05:00,5.27187975588689,5.285170513673377,5.263019673188041,5.280740261077881,76800,0.0,0.0
2013-01-16 00:00:00-05:00,5.28074161097159,5.29846220339127,5.267451272279892,5.271881103515625,59500,0.0,0.0
2013-01-17 00:00:00-05:00,5.311751083631243,5.338332176208496,5.311751083631243,5.338332176208496,87400,0.0,0.0
2013-01-18 00:00:00-05:00,5.360483016274184,5.360483016274184,5.325041841165937,5.338332176208496,65000,0.0,0.0
2013-01-22 00:00:00-05:00,5.3471925841825705,5.356053089744971,5.294030818284645,5.316181659698486,139400,0.0,0.0
2013-01-23 00:00:00-05:00,5.34719232891223,5.3649129166989065,5.325041911047989,5.351622581481934,100100,0.0,0.0
2013-01-24 00:00:00-05:00,5.369344301719945,5.426936329796444,5.364914048215854,5.38263463973999,79900,0.0,0.0
2013-01-25 00:00:00-05:00,5.409214538128264,5.431365378241877,5.400354033085965,5.413644790649414,79700,0.0,0.0
2013-01-28 00:00:00-05:00,5.431365437768047,5.440225520415315,5.333901993695257,5.351622581481934,101500,0.0,0.0
2013-01-29 00:00:00-05:00,5.369342661327611,5.378203165628813,5.338331741257602,5.342761993408203,73700,0.0,0.0
2013-01-30 00:00:00-05:00,5.347192695136004,5.382633873136686,5.333902359008789,5.333902359008789,48200,0.0,0.0
2013-01-31 00:00:00-05:00,5.347191823066705,5.36491240917701,5.325041407297898,5.342761993408203,59000,0.0,0.0
2013-02-01 00:00:00-05:00,5.347193241119385,5.373774338580084,5.329472650309655,5.347193241119385,80100,0.0,0.0
2013-02-04 00:00:00-05:00,5.333902436738228,5.342762942613604,5.267450332641602,5.267450332641602,76600,0.0,0.0
2013-02-05 00:00:00-05:00,5.307320526647249,5.462375975719653,5.289599940109727,5.435795307159424,150700,0.0,0.0
2013-02-06 00:00:00-05:00,5.4003552261588545,5.493388437195676,5.391495141651276,5.457947254180908,113100,0.0,0.0
2013-02-07 00:00:00-05:00,5.431366076237406,5.449086666107178,5.400354727096164,5.449086666107178,70800,0.0,0.0
2013-02-08 00:00:00-05:00,5.435795812386951,5.52882858348675,5.431365559717776,5.444655895233154,89200,0.0,0.0
2013-02-11 00:00:00-05:00,5.431365378241877,5.440225460792043,5.409214538128264,5.413644790649414,69400,0.0,0.0
2013-02-12 00:00:00-05:00,5.422505570056426,5.453516919197668,5.3959248964978626,5.449086666107178,45500,0.0,0.0
2013-02-13 00:00:00-05:00,5.466808081989737,5.511109352111816,5.4535177432023385,5.511109352111816,74900,0.0,0.0
2013-02-14 00:00:00-05:00,5.497817010052288,5.506677514343501,5.471236342162847,5.488956928253174,75300,0.0,0.0
2013-02-15 00:00:00-05:00,5.466806523557823,5.5288283685465105,5.466806523557823,5.484527111053467,84600,0.0,0.0
2013-02-19 00:00:00-05:00,5.5111082247428325,5.555409908294678,5.484527552605458,5.555409908294678,89400,0.0,0.0
2013-02-20 00:00:00-05:00,5.55983829498291,5.590849209565057,5.528826957908739,5.55983829498291,100400,0.0,0.0
2013-02-21 00:00:00-05:00,5.533257919171312,5.564269260224121,5.497816748675598,5.528827667236328,60300,0.0,0.0
2013-02-22 00:00:00-05:00,5.559839473814628,5.595280647277832,5.524398300351423,5.595280647277832,58200,0.0,0.0
2013-02-25 00:00:00-05:00,5.573129353953207,5.613000776472268,5.524397850036621,5.524397850036621,74300,0.0,0.0
2013-02-26 00:00:00-05:00,5.537689319372372,5.595281338992906,5.533259066518755,5.555409908294678,62000,0.0,0.0
2013-02-27 00:00:00-05:00,5.546549209453256,5.613001304913162,5.546549209453256,5.6085710525512695,69800,0.0,0.0
2013-02-28 00:00:00-05:00,5.617431528178359,5.657302954244628,5.590850436636807,5.599710941314697,51600,0.0,0.0
2013-03-01 00:00:00-05:00,5.542118365448028,5.670592712782915,5.542118365448028,5.657302379608154,108600,0.0,0.0
2013-03-04 00:00:00-05:00,5.617432703039773,5.648443630913952,5.5908516059389015,5.635153293609619,49000,0.0,0.0
2013-03-05 00:00:00-05:00,5.568700215661292,5.728185937632185,5.568700215661292,5.701604843139648,70200,0.0,0.0
2013-03-06 00:00:00-05:00,5.6883145482175745,5.7148952204098995,5.6750242121214125,5.706035137176514,59300,0.0,0.0
2013-03-07 00:00:00-05:00,5.697174487237869,5.803498440792282,5.683884151478126,5.759196758270264,64500,0.0,0.0
2013-03-08 00:00:00-05:00,5.7547665748199295,5.799068257875439,5.723755650176369,5.772487163543701,79000,0.0,0.0
2013-03-11 00:00:00-04:00,5.772488568090221,5.825650347196718,5.759198228936662,5.7636284828186035,60600,0.0,0.0
2013-03-12 00:00:00-04:00,5.745905863531845,5.78577728942442,5.73261510657291,5.750335693359375,47200,0.0,0.0
2013-03-13 00:00:00-04:00,5.741475514779887,5.816788112980461,5.728185180536287,5.80792760848999,58400,0.0,0.0
2013-03-14 00:00:00-04:00,5.816789908703876,5.9186832068475175,5.799069316744449,5.865521430969238,75200,0.0,0.0
2013-03-15 00:00:00-04:00,5.847799020773844,5.883240193673095,5.812357847874593,5.874380111694336,100200,0.0,0.0
2013-03-18 00:00:00-04:00,5.874382455846573,5.958555169448101,5.8478013543189835,5.869952201843262,40700,0.0,0.0
2013-03-19 00:00:00-04:00,5.92754198458275,5.92754198458275,5.856659637426526,5.892100811004639,67900,0.0,0.0
2013-03-20 00:00:00-04:00,5.909822789038069,5.980705152880866,5.909822789038069,5.962984561920166,45300,0.0,0.0
2013-03-21 00:00:00-04:00,6.00728599004581,6.0914586878357015,5.976274640340317,5.998425483703613,70800,0.0,0.0
2013-03-22 00:00:00-04:00,6.016144865180823,6.047155786163658,6.00285453082991,6.033865451812744,71700,0.0,0.0
2013-03-25 00:00:00-04:00,6.082596500229274,6.153479263897863,5.9895637443041645,6.109177589416504,55300,0.0,0.0
2013-03-26 00:00:00-04:00,6.1534808973099855,6.175631317938308,6.07816828419555,6.135760307312012,70000,0.0,0.0
2013-03-27 00:00:00-04:00,6.126899111488623,6.126899111488623,5.89653146744269,5.958553314208984,222500,0.0,0.0
2013-03-28 00:00:00-04:00,6.025005537882932,6.033865620200096,5.909821510314941,5.909821510314941,191200,0.0,0.0
2013-04-01 00:00:00-04:00,5.973174822247902,5.973174822247902,5.83742076074335,5.887197494506836,76000,0.28,0.0
2013-04-02 00:00:00-04:00,5.936974411607791,5.936974411607791,5.841946601867676,5.841946601867676,55800,0.0,0.0
2013-04-03 00:00:00-04:00,5.796692490604315,5.841943537690832,5.706189533331114,5.715240001678467,130300,0.0,0.0
2013-04-04 00:00:00-04:00,5.7061910828331674,5.742392102952712,5.561387002354989,5.669990062713623,70000,0.0,0.0
2013-04-05 00:00:00-04:00,5.565909989836559,5.665462970733643,5.543284253512217,5.665462970733643,56400,0.0,0.0
2013-04-08 00:00:00-04:00,5.647363792167513,5.679040005489555,5.624738480359117,5.6745147705078125,65800,0.0,0.0
2013-04-09 00:00:00-04:00,5.7016654432750515,5.837419033050537,5.692614973796613,5.837419033050537,83600,0.0,0.0
2013-04-10 00:00:00-04:00,5.8374210349758435,5.936974075629389,5.823845757652723,5.900773048400879,68400,0.0,0.0
2013-04-11 00:00:00-04:00,5.923398068985917,5.950548620289236,5.900772321866329,5.918872833251953,41500,0.0,0.0
2013-04-12 00:00:00-04:00,5.918870249641308,5.986747029821351,5.918870249641308,5.96864652633667,77500,0.0,0.0
2013-04-15 00:00:00-04:00,5.96864781963694,5.96864781963694,5.814793722454714,5.837419033050537,69800,0.0,0.0
2013-04-16 00:00:00-04:00,5.869095244674936,5.905296259488416,5.810268487715494,5.837419033050537,72700,0.0,0.0
2013-04-17 00:00:00-04:00,5.801218408848936,5.869095639857175,5.796693605355187,5.810268878936768,59000,0.0,0.0
2013-04-18 00:00:00-04:00,5.810269145401729,5.819319184354438,5.7242914018249635,5.755967617034912,57300,0.0,0.0
2013-04-19 00:00:00-04:00,5.7378658643417735,5.787642146671992,5.719765358808049,5.778592109680176,57100,0.0,0.0
2013-04-22 00:00:00-04:00,5.7785926085889825,5.864569909409708,5.765016904604028,5.846469402313232,34400,0.0,0.0
2013-04-23 00:00:00-04:00,5.896244512397946,5.995797497338714,5.882669242671946,5.96864652633667,109300,0.0,0.0
2013-04-24 00:00:00-04:00,5.977699558129763,6.009375344928523,5.914347552982015,5.991274833679199,52500,0.0,0.0
2013-04-25 00:00:00-04:00,5.991273845999518,6.004849550861187,5.927922282845697,5.959598064422607,85600,0.0,0.0
2013-04-26 00:00:00-04:00,6.09535329942478,6.131554323125502,5.909822945071023,5.9776997566223145,38700,0.0,0.0
2013-04-29 00:00:00-04:00,5.9776987181195365,6.059151223070575,5.959598209413769,6.054625988006592,44600,0.0,0.0
2013-04-30 00:00:00-04:00,6.013900013275484,6.077252012446587,5.982224229465026,6.068201541900635,75000,0.0,0.0
2013-05-01 00:00:00-04:00,6.031998936230198,6.07272517987445,5.932445944160924,5.973172187805176,59700,0.0,0.0
2013-05-02 00:00:00-04:00,5.991275232471501,6.027476257379767,5.914347946653869,5.96412467956543,99300,0.0,0.0
2013-05-03 00:00:00-04:00,6.009376249577916,6.036527236314317,5.977700458010694,5.995800971984863,50300,0.0,0.0
2013-05-06 00:00:00-04:00,5.97769829061075,6.045575085515472,5.936972041047862,5.9460225105285645,66300,0.0,0.0
2013-05-07 00:00:00-04:00,5.955072763331563,6.013899522428322,5.950547528427931,6.000324249267578,36700,0.0,0.0
2013-05-08 00:00:00-04:00,5.982224946025278,6.0501017570495605,5.973174474395246,6.0501017570495605,73900,0.0,0.0
2013-05-09 00:00:00-04:00,6.059150760320984,6.063675563489231,6.004849238350798,6.0184245109558105,46000,0.0,0.0
2013-05-10 00:00:00-04:00,6.036524940087821,6.095351696014404,6.027474470768287,6.095351696014404,37600,0.0,0.0
2013-05-13 00:00:00-04:00,6.104401834138215,6.104401834138215,6.063675584631043,6.086301326751709,37100,0.0,0.0
2013-05-14 00:00:00-04:00,6.072726924072223,6.081776963286907,6.018425394133524,6.059151649475098,75300,0.0,0.0
2013-05-15 00:00:00-04:00,6.059150961007988,6.108927249908447,6.04105045308508,6.108927249908447,47700,0.0,0.0
2013-05-16 00:00:00-04:00,6.099876599404054,6.108927068872375,6.05915078144702,6.086301326751709,30900,0.0,0.0
2013-05-17 00:00:00-04:00,6.117977047307314,6.1315523188700976,6.104401344194429,6.122501850128174,39100,0.0,0.0
2013-05-20 00:00:00-04:00,6.117978356037772,6.185855159921692,6.104402650020832,6.167754650115967,42800,0.0,0.0
2013-05-21 00:00:00-04:00,6.113452943604342,6.176804510314115,5.955073163729547,6.1451287269592285,62100,0.0,0.0
2013-05-22 00:00:00-04:00,6.122503102415451,6.18585510191653,6.086302083143461,6.09987735748291,44700,0.0,0.0
2013-05-23 00:00:00-04:00,6.063676026584392,6.077251731776343,5.964123444477753,6.054625988006592,85100,0.0,0.0
2013-05-24 00:00:00-04:00,6.00937492336864,6.059151649475098,5.986749178006633,6.059151649475098,25200,0.0,0.0
2013-05-28 00:00:00-04:00,6.054623704819744,6.11797567717511,6.0003221991794335,6.009372234344482,37800,0.0,0.0
2013-05-29 00:00:00-04:00,5.9460230884634075,5.9867489104345815,5.918872108932446,5.936972618103027,41200,0.0,0.0
2013-05-30 00:00:00-04:00,5.923397047891807,5.995799080953408,5.923397047891807,5.959598064422607,40300,0.0,0.0
2013-05-31 00:00:00-04:00,5.964122230061308,5.964122230061308,5.837418263370267,5.860044002532959,53600,0.0,0.0
2013-06-03 00:00:00-04:00,5.846471185200736,5.869096933858608,5.692616612187518,5.751443386077881,71600,0.0,0.0
2013-06-04 00:00:00-04:00,5.706191636261356,5.724292148076648,5.642840060682954,5.701666831970215,57200,0.0,0.0
2013-06-05 00:00:00-04:00,5.651889060523186,5.669989569006881,5.565911753113177,5.602112770080566,53600,0.0,0.0
2013-06-06 00:00:00-04:00,5.5704369380698004,5.615687993097363,5.507084943171021,5.606637954711914,49100,0.0,0.0
2013-06-07 00:00:00-04:00,5.611161312251628,5.6880885606811304,5.547809765227367,5.6790385246276855,43100,0.0,0.0
2013-06-10 00:00:00-04:00,5.674515466326815,5.683565937400086,5.561387167212205,5.624739170074463,63300,0.0,0.0
2013-06-11 00:00:00-04:00,5.556861283096247,5.6564142955316505,5.556861283096247,5.602112770080566,45000,0.0,0.0
2013-06-12 00:00:00-04:00,5.593060351208055,5.602110818071424,5.54780931154125,5.570435047149658,41000,0.0,0.0
2013-06-13 00:00:00-04:00,5.543285006825234,5.660938506460484,5.507083996406709,5.642838001251221,60200,0.0,0.0
2013-06-14 00:00:00-04:00,5.602112135573642,5.656413654874423,5.588536863635975,5.647363185882568,45100,0.0,0.0
2013-06-17 00:00:00-04:00,5.656413654874423,5.68356463029987,5.611162173015382,5.647363185882568,53800,0.0,0.0
2013-06-18 00:00:00-04:00,5.633787049710314,5.692613794482877,5.633787049710314,5.6790385246276855,25300,0.0,0.0
2013-06-19 00:00:00-04:00,5.6971398017903265,5.7559665545498495,5.633787814614661,5.656413555145264,36700,0.0,0.0
2013-06-20 00:00:00-04:00,5.5840119964276305,5.620213011675934,5.534235276798606,5.5523362159729,26000,0.0,0.0
2013-06-21 00:00:00-04:00,5.597587484776306,5.665464714642889,5.593062249808502,5.606637954711914,53100,0.0,0.0
2013-06-24 00:00:00-04:00,5.511610062465393,5.547811078347748,5.439208030700684,5.439208030700684,34800,0.0,0.0
2013-06-25 00:00:00-04:00,5.4754090001903,5.547811031341553,5.461833295686831,5.547811031341553,38600,0.0,0.0
2013-06-26 00:00:00-04:00,5.543286976104256,5.574962763585918,5.525186464464701,5.56591272354126,35600,0.0,0.0
2013-06-27 00:00:00-04:00,5.57043776087592,5.620214058223714,5.543286778608799,5.5794878005981445,31700,0.0,0.0
2013-06-28 00:00:00-04:00,5.543286009621017,5.647363825514722,5.511610227662092,5.602112770080566,55000,0.0,0.0
2013-07-01 00:00:00-04:00,5.60674250772426,5.72711859167287,5.60674250772426,5.713229179382324,62300,0.28,0.0
2013-07-02 00:00:00-04:00,5.699339350463157,5.699339350463157,5.643780822289459,5.680819988250732,50300,0.0,0.0
2013-07-03 00:00:00-04:00,5.555814615176662,5.611372708344052,5.4632177932310135,5.602113246917725,55400,0.0,0.0
2013-07-05 00:00:00-04:00,5.514144608791209,5.639150619506836,5.500255199223818,5.639150619506836,49400,0.0,0.0
2013-07-08 00:00:00-04:00,5.708599113128662,5.708599113128662,5.620632248345024,5.657670974731445,57100,0.0,0.0
2013-07-09 00:00:00-04:00,5.713227845173664,5.713227845173664,5.643779916866182,5.699338436126709,41700,0.0,0.0
2013-07-10 00:00:00-04:00,5.7132283447523955,5.7132283447523955,5.643780410372215,5.666929721832275,35700,0.0,0.0
2013-07-11 00:00:00-04:00,5.699339569443985,5.74563775598571,5.680820206520005,5.7410078048706055,29300,0.0,0.0
2013-07-12 00:00:00-04:00,5.754897358178874,5.782676180348346,5.6808199103450585,5.764156818389893,51100,0.0,0.0
2013-07-15 00:00:00-04:00,5.801194468557798,5.810454368591309,5.78267511002711,5.810454368591309,61800,0.0,0.0
2013-07-16 00:00:00-04:00,5.824345158796729,5.824345158796729,5.717858932367963,5.7410078048706055,76300,0.0,0.0
2013-07-17 00:00:00-04:00,5.7085991900299335,5.736378455962191,5.676190414389344,5.694709777832031,48900,0.0,0.0
2013-07-18 00:00:00-04:00,5.690079727456124,5.754897719144513,5.676190315500199,5.708599090576172,34100,0.0,0.0
2013-07-19 00:00:00-04:00,5.717858475121453,5.717858475121453,5.676189801490557,5.690079212188721,32600,0.0,0.0
2013-07-22 00:00:00-04:00,5.676189623030856,5.703968443553815,5.648410360971505,5.666929721832275,39000,0.0,0.0
2013-07-23 00:00:00-04:00,5.708597979187257,5.759526107468241,5.708597979187257,5.736377239227295,49200,0.0,0.0
2013-07-24 00:00:00-04:00,5.750267806565973,5.764157218615098,5.727118492126465,5.727118492126465,17500,0.0,0.0
2013-07-25 00:00:00-04:00,5.736378432761091,5.745637893676758,5.671560440205619,5.745637893676758,39000,0.0,0.0
2013-07-26 00:00:00-04:00,5.727118729426071,5.745638093437726,5.699339904176821,5.717859268188477,25400,0.0,0.0
2013-07-29 00:00:00-04:00,5.7271178771812075,5.754897139833128,5.708598515925394,5.722487926483154,33300,0.0,0.0
2013-07-30 00:00:00-04:00,5.759526022508966,5.773415873092275,5.66692922630201,5.699338436126709,48400,0.0,0.0
2013-07-31 00:00:00-04:00,5.67618949955225,5.694708860010154,5.597482107222064,5.6113715171813965,29300,0.0,0.0
2013-08-01 00:00:00-04:00,5.639151199005693,5.7039687446719745,5.629891297318273,5.643780708312988,51500,0.0,0.0
2013-08-02 00:00:00-04:00,5.6576692661761045,5.671558673992449,5.620630550974978,5.648409366607666,31600,0.0,0.0
2013-08-05 00:00:00-04:00,5.634520669138916,5.6484100787063065,5.5974819492682935,5.639150619506836,41200,0.0,0.0
2013-08-06 00:00:00-04:00,5.602112475328842,5.643780708312988,5.602112475328842,5.643780708312988,24900,0.0,0.0
2013-08-07 00:00:00-04:00,5.6113706514065385,5.648409366607666,5.60674070162232,5.648409366607666,44000,0.0,0.0
2013-08-08 00:00:00-04:00,5.63915163721033,5.657671000487849,5.602112910655291,5.6252617835998535,27300,0.0,0.0
2013-08-09 00:00:00-04:00,5.629890009007102,5.648409366607666,5.592851293805976,5.648409366607666,27400,0.0,0.0
2013-08-12 00:00:00-04:00,5.629892083969916,5.671560764312744,5.602113258099015,5.671560764312744,53300,0.0,0.0
2013-08-13 00:00:00-04:00,5.6484100787063065,5.671559389009538,5.625260768403075,5.639150619506836,23000,0.0,0.0
2013-08-14 00:00:00-04:00,5.676190641005901,5.676190641005901,5.620632548459734,5.634521961212158,30000,0.0,0.0
2013-08-15 00:00:00-04:00,5.616002307073093,5.616002307073093,5.541924854169527,5.555814266204834,38900,0.0,0.0
2013-08-16 00:00:00-04:00,5.574333530057021,5.597482844060814,5.551184216053228,5.569703578948975,47500,0.0,0.0
2013-08-19 00:00:00-04:00,5.5372950665340746,5.5789637454072105,5.514145751433836,5.5280351638793945,38200,0.0,0.0
2013-08-20 00:00:00-04:00,5.490995386676502,5.537294008026547,5.490995386676502,5.523404598236084,58500,0.0,0.0
2013-08-21 00:00:00-04:00,5.546554108894145,5.546554108894145,5.467847149953954,5.495625972747803,50200,0.0,0.0
2013-08-22 00:00:00-04:00,5.523403792320043,5.546552658081055,5.4909945854892666,5.546552658081055,53800,0.0,0.0
2013-08-23 00:00:00-04:00,5.523405290847144,5.57433342748926,5.523405290847144,5.5650739669799805,49300,0.0,0.0
2013-08-26 00:00:00-04:00,5.546553749883421,5.578962963093737,5.5234048795657085,5.551183700561523,38000,0.0,0.0
2013-08-27 00:00:00-04:00,5.518774945950063,5.528034405798496,5.486366174175948,5.500255584716797,38700,0.0,0.0
2013-08-28 00:00:00-04:00,5.472476933429157,5.504886150360107,5.46321747254635,5.504886150360107,41600,0.0,0.0
2013-08-29 00:00:00-04:00,5.509514512484034,5.532663822174072,5.463216334640314,5.532663822174072,56800,0.0,0.0
2013-08-30 00:00:00-04:00,5.514145053224029,5.532664414651976,5.449327508994417,5.467846870422363,58000,0.0,0.0
2013-09-03 00:00:00-04:00,5.4863665123286625,5.514145335122511,5.46321719897617,5.495625972747803,40900,0.0,0.0
2013-09-04 00:00:00-04:00,5.472477307751156,5.53729530451021,5.472477307751156,5.518775939941406,36300,0.0,0.0
2013-09-05 00:00:00-04:00,5.500256338988278,5.5280351638793945,5.500256338988278,5.5280351638793945,35800,0.0,0.0
2013-09-06 00:00:00-04:00,5.518775939941406,5.5465547660263725,5.495626623846281,5.518775939941406,41000,0.0,0.0
2013-09-09 00:00:00-04:00,5.509515539153687,5.569703578948975,5.509515539153687,5.569703578948975,21900,0.0,0.0
2013-09-10 00:00:00-04:00,5.565074518139465,5.602113246917725,5.560444566658064,5.602113246917725,63400,0.0,0.0
2013-09-11 00:00:00-04:00,5.606742656864217,5.616002559661865,5.574333880145382,5.616002559661865,43600,0.0,0.0
2013-09-12 00:00:00-04:00,5.6113715171813965,5.634520828137871,5.583592697262731,5.6113715171813965,49600,0.0,0.0
2013-09-13 00:00:00-04:00,5.59285306930542,5.611372432785115,5.588223118051382,5.59285306930542,40000,0.0,0.0
2013-09-16 00:00:00-04:00,5.620631279528322,5.62989073876067,5.5882220683741775,5.606741428375244,39700,0.0,0.0
2013-09-17 00:00:00-04:00,5.583592794236697,5.597482204437256,5.569702942499749,5.597482204437256,51700,0.0,0.0
2013-09-18 00:00:00-04:00,5.597482933969399,5.657670974731445,5.56970366841136,5.657670974731445,32000,0.0,0.0
2013-09-19 00:00:00-04:00,5.657669979442147,5.717858009616,5.616001309203605,5.639150619506836,59000,0.0,0.0
2013-09-20 00:00:00-04:00,5.653040688654306,5.653040688654306,5.546554025449441,5.560443878173828,33600,0.0,0.0
2013-09-23 00:00:00-04:00,5.541923149850639,5.5697019653783775,5.523403792320043,5.546552658081055,37800,0.0,0.0
2013-09-24 00:00:00-04:00,5.509513943019863,5.555812557614509,5.509513943019863,5.546552658081055,44400,0.0,0.0
2013-09-25 00:00:00-04:00,5.5465533701661265,5.5511833205272625,5.518774551072052,5.537293910980225,44100,0.0,0.0
2013-09-26 00:00:00-04:00,5.523403792320043,5.565072457147963,5.509513943019863,5.546552658081055,64500,0.0,0.0
2013-09-27 00:00:00-04:00,5.5558143044019115,5.574333667755127,5.504886165564684,5.574333667755127,68000,0.0,0.0
2013-09-30 00:00:00-04:00,5.495626387660939,5.551184478979633,5.486366926542719,5.5280351638793945,81400,0.0,0.0
2013-10-01 00:00:00-04:00,5.504330531686178,5.5801873207092285,5.504330531686178,5.5801873207092285,62100,0.28,0.0
2013-10-02 00:00:00-04:00,5.461660573070764,5.542257575551135,5.461660573070764,5.523293495178223,105200,0.0,0.0
2013-10-03 00:00:00-04:00,5.504329681396484,5.542257843979283,5.471142652171376,5.504329681396484,73400,0.0,0.0
2013-10-04 00:00:00-04:00,5.52329639245843,5.570706844329834,5.504332302137784,5.570706844329834,68200,0.0,0.0
2013-10-07 00:00:00-04:00,5.504329589957112,5.551740018467697,5.504329589957112,5.537517070770264,46300,0.0,0.0
2013-10-08 00:00:00-04:00,5.509070932251594,5.528035013947458,5.461660954081617,5.471142768859863,61800,0.0,0.0
2013-10-09 00:00:00-04:00,5.480624826810855,5.504329588922337,5.447437346003943,5.494847774505615,76200,0.0,0.0
2013-10-10 00:00:00-04:00,5.52329639245843,5.570706844329834,5.490109347432194,5.570706844329834,36600,0.0,0.0
2013-10-11 00:00:00-04:00,5.5327784458255165,5.594411849975586,5.5327784458255165,5.594411849975586,50500,0.0,0.0
2013-10-14 00:00:00-04:00,5.523293292153548,5.599150062996201,5.518552611339083,5.589667797088623,64200,0.0,0.0
2013-10-15 00:00:00-04:00,5.603890472118516,5.603890472118516,5.542257103125386,5.565962314605713,72200,0.0,0.0
2013-10-16 00:00:00-04:00,5.52329464221916,5.627597332000732,5.52329464221916,5.627597332000732,91900,0.0,0.0
2013-10-17 00:00:00-04:00,5.570703667316297,5.670265197753906,5.556480720722159,5.670265197753906,45100,0.0,0.0
2013-10-18 00:00:00-04:00,5.641819650237583,5.698712348937988,5.599150804421354,5.698712348937988,54400,0.0,0.0
2013-10-21 00:00:00-04:00,5.693971098694419,5.708194047008419,5.641819534644128,5.689229965209961,65100,0.0,0.0
2013-10-22 00:00:00-04:00,5.708193356764489,5.708193356764489,5.651301118248615,5.670265197753906,52400,0.0,0.0
2013-10-23 00:00:00-04:00,5.675007918278741,5.675007918278741,5.613374529609446,5.641820430755615,55400,0.0,0.0
2013-10-24 00:00:00-04:00,5.627597447309129,5.665525616708763,5.608633362609313,5.63707971572876,47700,0.0,0.0
2013-10-25 00:00:00-04:00,5.622854616153003,5.646559827908534,5.570703512002281,5.613372802734375,53300,0.0,0.0
2013-10-28 00:00:00-04:00,5.62759655411899,5.632337687576311,5.575445442506576,5.599150657653809,51000,0.0,0.0
2013-10-29 00:00:00-04:00,5.613373814639069,5.618114948272705,5.594409732243912,5.618114948272705,34700,0.0,0.0
2013-10-30 00:00:00-04:00,5.6086326810054326,5.6275967634005895,5.599150865877549,5.618114948272705,40000,0.0,0.0
2013-10-31 00:00:00-04:00,5.618115934647307,5.6323388859059556,5.599151848922618,5.622856616973877,33500,0.0,0.0
2013-11-01 00:00:00-04:00,5.603892531249189,5.641820702698565,5.58966957999054,5.622856616973877,101200,0.0,0.0
2013-11-04 00:00:00-05:00,5.6181150978873,5.632338047027588,5.594409881227219,5.632338047027588,52500,0.0,0.0
2013-11-05 00:00:00-05:00,5.594408723757812,5.613372802734375,5.580185777560216,5.613372802734375,39200,0.0,0.0
2013-11-06 00:00:00-05:00,5.632337721456331,5.632337721456331,5.580186609530213,5.603891372680664,63300,0.0,0.0
2013-11-07 00:00:00-05:00,5.6181137756699435,5.6181137756699435,5.551739275070768,5.556480407714844,62500,0.0,0.0
2013-11-08 00:00:00-05:00,5.528035310756692,5.584927558898926,5.528035310756692,5.584927558898926,66700,0.0,0.0
2013-11-11 00:00:00-05:00,5.556481360816663,5.603891338971757,5.556481360816663,5.599150657653809,52400,0.0,0.0
2013-11-12 00:00:00-05:00,5.55648210239824,5.5801873207092285,5.546999834218071,5.5801873207092285,76900,0.0,0.0
2013-11-13 00:00:00-05:00,5.546999594883611,5.646561145782471,5.542258460998091,5.646561145782471,98100,0.0,0.0
2013-11-14 00:00:00-05:00,5.6560424025590805,5.684488296508789,5.641819003444894,5.684488296508789,104200,0.0,0.0
2013-11-15 00:00:00-05:00,5.69397024889195,5.7840495109558105,5.684487983338224,5.7840495109558105,108700,0.0,0.0
2013-11-18 00:00:00-05:00,5.793533662437102,5.793533662437102,5.7081950532311305,5.7366414070129395,59500,0.0,0.0
2013-11-19 00:00:00-05:00,5.7081941639618,5.736640513312003,5.6702659995877855,5.698712348937988,62000,0.0,0.0
2013-11-20 00:00:00-05:00,5.698711123451651,5.703451803874399,5.656041834671908,5.675005912780762,33900,0.0,0.0
2013-11-21 00:00:00-05:00,5.693970414498847,5.712934494018555,5.67500633497914,5.712934494018555,61400,0.0,0.0
2013-11-22 00:00:00-05:00,5.717676045515395,5.717676045515395,5.684488564821813,5.708193778991699,40800,0.0,0.0
2013-11-25 00:00:00-05:00,5.693970503611648,5.698711636600605,5.66552415781723,5.679747104644775,41100,0.0,0.0
2013-11-26 00:00:00-05:00,5.651302666218761,5.660784482498948,5.618115631028942,5.63707971572876,65400,0.0,0.0
2013-11-27 00:00:00-05:00,5.627597120115097,5.656043471580646,5.627597120115097,5.651302337646484,40200,0.0,0.0
2013-11-29 00:00:00-05:00,5.632337362058976,5.68448847065735,5.632337362058976,5.656042575836182,32400,0.0,0.0
2013-12-02 00:00:00-05:00,5.646560845795746,5.665524928190902,5.594409732243912,5.618114948272705,129200,0.0,0.0
2013-12-03 00:00:00-05:00,5.618114773138185,5.637078854942171,5.589668424362518,5.603891372680664,40900,0.0,0.0
2013-12-04 00:00:00-05:00,5.6038903777377165,5.6181137756699435,5.546998142426693,5.556480407714844,58300,0.0,0.0
2013-12-05 00:00:00-05:00,5.542258797162357,5.5517410655085415,5.499589946022846,5.546999931335449,72100,0.0,0.0
2013-12-06 00:00:00-05:00,5.5517410655085415,5.5517410655085415,5.5138128964026825,5.546999931335449,104700,0.0,0.0
2013-12-09 00:00:00-05:00,5.5327759374913335,5.537517070770264,5.499588908817538,5.537517070770264,89100,0.0,0.0
2013-12-10 00:00:00-05:00,5.504329266959478,5.551739692687988,5.494847453097373,5.551739692687988,82200,0.0,0.0
2013-12-11 00:00:00-05:00,5.532776475105332,5.532776475105332,5.494848309467167,5.499589443206787,93500,0.0,0.0
2013-12-12 00:00:00-05:00,5.480624826810855,5.5090707222003745,5.4664014269767405,5.494847774505615,55300,0.0,0.0
2013-12-13 00:00:00-05:00,5.494848309467167,5.504330124807009,5.466401959168843,5.499589443206787,90800,0.0,0.0
2013-12-16 00:00:00-05:00,5.504330422874179,5.528035640716553,5.499589741017243,5.528035640716553,83700,0.0,0.0
2013-12-17 00:00:00-05:00,5.504330332071244,5.523294415604415,5.480625566759342,5.518553733825684,100000,0.0,0.0
2013-12-18 00:00:00-05:00,5.499591618662306,5.57544797994489,5.499591618662306,5.570706844329834,90100,0.0,0.0
2013-12-19 00:00:00-05:00,5.5327771285717136,5.580187567288681,5.528035994272126,5.561223030090332,131700,0.0,0.0
2013-12-20 00:00:00-05:00,5.5612214515052125,5.613373009718244,5.5612214515052125,5.589667797088623,103000,0.0,0.0
2013-12-23 00:00:00-05:00,5.5801874942257665,5.66078451556621,5.5801874942257665,5.641820430755615,100300,0.0,0.0
2013-12-24 00:00:00-05:00,5.675007550330106,5.693971633911133,5.651302332818968,5.693971633911133,40400,0.0,0.0
2013-12-26 00:00:00-05:00,5.698712000262248,5.812496486422386,5.6750067859440465,5.798273086547852,159100,0.0,0.0
2013-12-27 00:00:00-05:00,5.817682198607815,5.817682198607815,5.744900703430176,5.744900703430176,91100,0.28,0.0
2013-12-30 00:00:00-05:00,5.725491855430813,5.725491855430813,5.638153697413816,5.647858142852783,162200,0.0,0.0
2013-12-31 00:00:00-05:00,5.638153098238838,5.706082820892334,5.638153098238838,5.706082820892334,186300,0.0,0.0
2014-01-02 00:00:00-05:00,5.691526685486077,5.691526685486077,5.589632786095873,5.609041213989258,162900,0.0,0.0
2014-01-03 00:00:00-05:00,5.594484949890564,5.604189395904541,5.5702242975890774,5.604189395904541,193800,0.0,0.0
2014-01-06 00:00:00-05:00,5.633302283267405,5.63815450668335,5.609042091654667,5.63815450668335,136600,0.0,0.0
2014-01-07 00:00:00-05:00,5.657562068739926,5.7157873525886975,5.657562068739926,5.710935592651367,86500,0.0,0.0
2014-01-08 00:00:00-05:00,5.70123114730986,5.720639575259451,5.70123114730986,5.710935592651367,73300,0.0,0.0
2014-01-09 00:00:00-05:00,5.715787887573242,5.7254923338230626,5.6866754742907135,5.715787887573242,64200,0.0,0.0
2014-01-10 00:00:00-05:00,5.725491797930204,5.725491797930204,5.706083369980614,5.710935592651367,72900,0.0,0.0
2014-01-13 00:00:00-05:00,5.715787745358569,5.725492191366933,5.65756245750875,5.672118663787842,57100,0.0,0.0
2014-01-14 00:00:00-05:00,5.686675214836846,5.735196055671792,5.667266785956179,5.730344295501709,85700,0.0,0.0
2014-01-15 00:00:00-05:00,5.715786258839278,5.740046904817203,5.710934499830359,5.735194683074951,90500,0.0,0.0
2014-01-16 00:00:00-05:00,5.730344625986864,5.754604816436768,5.7206401796201245,5.754604816436768,98000,0.0,0.0
2014-01-17 00:00:00-05:00,5.720639575259451,5.735195780538287,5.710935592651367,5.710935592651367,75700,0.0,0.0
2014-01-21 00:00:00-05:00,5.7206401796201245,5.754604816436768,5.7206401796201245,5.754604816436768,86700,0.0,0.0
2014-01-22 00:00:00-05:00,5.74490137393384,5.798274445777866,5.74490137393384,5.793422222137451,66900,0.0,0.0
2014-01-23 00:00:00-05:00,5.783718315206279,5.788570538911811,5.7497536747346025,5.764309883117676,68100,0.0,0.0
2014-01-24 00:00:00-05:00,5.749752916494106,5.749752916494106,5.6672669753118745,5.676970958709717,65500,0.0,0.0
2014-01-27 00:00:00-05:00,5.6672665563838125,5.69152674445182,5.584780621298996,5.613893032073975,71600,0.0,0.0
2014-01-28 00:00:00-05:00,5.633299498547601,5.662412361918359,5.613891077211517,5.643003940582275,68900,0.0,0.0
2014-01-29 00:00:00-05:00,5.618745399500891,5.643006050927196,5.579928542312177,5.589632987976074,70100,0.0,0.0
2014-01-30 00:00:00-05:00,5.633301460168436,5.638153682875408,5.599336826686486,5.613893032073975,52700,0.0,0.0
2014-01-31 00:00:00-05:00,5.579929693891436,5.589634141558125,5.536260604858398,5.536260604858398,80200,0.0,0.0
2014-02-03 00:00:00-05:00,5.516851416612294,5.54111206972249,5.444069920015177,5.4489216804504395,110700,0.0,0.0
2014-02-04 00:00:00-05:00,5.4537735123033455,5.497442592221686,5.448921289482766,5.487738609313965,35500,0.0,0.0
2014-02-05 00:00:00-05:00,5.4586248449857955,5.50229391778302,5.43436419757252,5.492589473724365,59500,0.0,0.0
2014-02-06 00:00:00-05:00,5.478034163011119,5.570224082923809,5.478034163011119,5.555667877197266,47000,0.0,0.0
2014-02-07 00:00:00-05:00,5.579928470308033,5.623597549765185,5.579928470308033,5.61874532699585,49900,0.0,0.0
2014-02-10 00:00:00-05:00,5.5993365678398686,5.6721180541461935,5.5993365678398686,5.628449440002441,62100,0.0,0.0
2014-02-11 00:00:00-05:00,5.609041014815881,5.686674723632698,5.609041014815881,5.662414073944092,46200,0.0,0.0
2014-02-12 00:00:00-05:00,5.676971030504577,5.686675476758608,5.652710377602963,5.681823253631592,51000,0.0,0.0
2014-02-13 00:00:00-05:00,5.6381541709553815,5.701231683406189,5.6235979643078,5.681823253631592,33800,0.0,0.0
2014-02-14 00:00:00-05:00,5.68667439481039,5.706082820892334,5.662413746524614,5.706082820892334,31700,0.0,0.0
2014-02-18 00:00:00-05:00,5.691527851432689,5.72549295425415,5.691527851432689,5.72549295425415,53200,0.0,0.0
2014-02-19 00:00:00-05:00,5.701231680931978,5.740048540464327,5.701231680931978,5.715787887573242,54600,0.0,0.0
2014-02-20 00:00:00-05:00,5.710936746035533,5.740049162472768,5.691527851432689,5.72549295425415,39800,0.0,0.0
2014-02-21 00:00:00-05:00,5.730345242645999,5.774013867795217,5.730345242645999,5.764309883117676,63800,0.0,0.0
2014-02-24 00:00:00-05:00,5.749753327690793,5.8031263970295806,5.740048880865471,5.774013519287109,64800,0.0,0.0
2014-02-25 00:00:00-05:00,5.778866013949719,5.803126669418282,5.759457582121572,5.793422222137451,58200,0.0,0.0
2014-02-26 00:00:00-05:00,5.807978620442241,5.807978620442241,5.75945731178262,5.774013519287109,58600,0.0,0.0
2014-02-27 00:00:00-05:00,5.759456375618817,5.807977676391602,5.759456375618817,5.807977676391602,49500,0.0,0.0
2014-02-28 00:00:00-05:00,5.803125990000002,5.83709062603937,5.764309130888306,5.778865337371826,91700,0.0,0.0
2014-03-03 00:00:00-05:00,5.7497530559868695,5.759457039620137,5.735196386436762,5.754604816436768,86900,0.0,0.0
2014-03-04 00:00:00-05:00,5.783716751147888,5.82253360482807,5.783716751147888,5.78856897354126,49100,0.0,0.0
2014-03-05 00:00:00-05:00,5.793419911168649,5.803124354578422,5.783715930492207,5.798272132873535,32400,0.0,0.0
2014-03-06 00:00:00-05:00,5.8128302577622275,5.837090911577181,5.798274050566649,5.832239151000977,46000,0.0,0.0
2014-03-07 00:00:00-05:00,5.8516467545404245,5.8516467545404245,5.7982732311436775,5.807977676391602,35900,0.0,0.0
2014-03-10 00:00:00-04:00,5.78856897354126,5.798272955594607,5.778864528754516,5.78856897354126,40700,0.0,0.0
2014-03-11 00:00:00-04:00,5.788569915986883,5.79342167643678,5.7497530559868695,5.754604816436768,51100,0.0,0.0
2014-03-12 00:00:00-04:00,5.725492072598181,5.764308930359515,5.725492072598181,5.730344295501709,55200,0.0,0.0
2014-03-13 00:00:00-04:00,5.744899673056224,5.7594558769343385,5.68667439481039,5.706082820892334,70100,0.0,0.0
2014-03-14 00:00:00-04:00,5.6915264853996215,5.720639357582942,5.6915264853996215,5.696378707885742,53600,0.0,0.0
2014-03-17 00:00:00-04:00,5.701233863830566,5.730346750993355,5.701233863830566,5.701233863830566,50200,0.0,0.0
2014-03-18 00:00:00-04:00,5.720639920198841,5.769161224365234,5.720639920198841,5.769161224365234,47700,0.0,0.0
2014-03-19 00:00:00-04:00,5.759456909919011,5.764309132993111,5.725492273867242,5.744900703430176,53300,0.0,0.0
2014-03-20 00:00:00-04:00,5.715788226535661,5.774013519287109,5.715788226535661,5.774013519287109,42600,0.0,0.0
2014-03-21 00:00:00-04:00,5.778864932723978,5.8322384573153325,5.778864932723978,5.783717155456543,56500,0.0,0.0
2014-03-24 00:00:00-04:00,5.793421950204259,5.807978620442241,5.764309535195282,5.774013519287109,33900,0.0,0.0
2014-03-25 00:00:00-04:00,5.77886370878732,5.807976576283308,5.77886370878732,5.798272132873535,27100,0.0,0.0
2014-03-26 00:00:00-04:00,5.80312545376764,5.837090086668538,5.7982732311436775,5.807977676391602,86000,0.0,0.0
2014-03-27 00:00:00-04:00,5.812830106436786,5.812830106436786,5.7497530559868695,5.754604816436768,73400,0.0,0.0
2014-03-28 00:00:00-04:00,5.764308727259713,5.812829566385074,5.759456504527148,5.783717155456543,111700,0.0,0.0
2014-03-31 00:00:00-04:00,5.7982726824677595,5.812828886228811,5.783716478706709,5.803124904632568,117400,0.0,0.0
2014-04-01 00:00:00-04:00,5.847840960898293,5.847840960898293,5.8080930943343505,5.832935333251953,105100,0.28,0.0
2014-04-02 00:00:00-04:00,5.813062767519998,5.822999854550314,5.793189067285753,5.818031311035156,91200,0.0,0.0
2014-04-03 00:00:00-04:00,5.867714457476042,5.867714457476042,5.808092896573344,5.822998523712158,69400,0.0,0.0
2014-04-04 00:00:00-04:00,5.847840610526196,5.852808678951019,5.768345355987549,5.768345355987549,84600,0.0,0.0
2014-04-07 00:00:00-04:00,5.768347149841285,5.768347149841285,5.7335682909205765,5.738536834716797,86700,0.0,0.0
2014-04-08 00:00:00-04:00,5.713693540145681,5.738535780737667,5.693819842437358,5.733567237854004,139900,0.0,0.0
2014-04-09 00:00:00-04:00,5.773314952850342,5.783252039167731,5.748472710883222,5.773314952850342,123600,0.0,0.0
2014-04-10 00:00:00-04:00,5.798159024004722,5.803127568730879,5.778285318926596,5.7931904792785645,113800,0.0,0.0
2014-04-11 00:00:00-04:00,5.788219431709516,5.788219431709516,5.733566884833215,5.763377666473389,54300,0.0,0.0
2014-04-14 00:00:00-04:00,5.81306121216972,5.81306121216972,5.768345280150326,5.788218975067139,64100,0.0,0.0
2014-04-15 00:00:00-04:00,5.808092669983951,5.808092669983951,5.76337721179082,5.788218975067139,56400,0.0,0.0
2014-04-16 00:00:00-04:00,5.788220640757552,5.847842216491699,5.788220640757552,5.847842216491699,76500,0.0,0.0
2014-04-17 00:00:00-04:00,5.867714657267116,5.872682725989599,5.827966790703173,5.832935333251953,35700,0.0,0.0
2014-04-21 00:00:00-04:00,5.808094894882307,5.832937141501171,5.803126824619689,5.827968597412109,66000,0.0,0.0
2014-04-22 00:00:00-04:00,5.827969747324576,5.852811998845047,5.827969747324576,5.837906837463379,37000,0.0,0.0
2014-04-23 00:00:00-04:00,5.837905129260542,5.857778829896458,5.827968042029384,5.847842216491699,67900,0.0,0.0
2014-04-24 00:00:00-04:00,5.827969747324576,5.857780543914448,5.827969747324576,5.837906837463379,34300,0.0,0.0
2014-04-25 00:00:00-04:00,5.832935134645088,5.837903677024693,5.813061438952949,5.822998523712158,46500,0.0,0.0
2014-04-28 00:00:00-04:00,5.827969747324576,5.837906837463379,5.803127969630642,5.837906837463379,29600,0.0,0.0
2014-04-29 00:00:00-04:00,5.837906837463379,5.852811998845047,5.827969747324576,5.837906837463379,56700,0.0,0.0
2014-04-30 00:00:00-04:00,5.822999219198593,5.857778072357178,5.822999219198593,5.857778072357178,41800,0.0,0.0
2014-05-01 00:00:00-04:00,5.852809529384141,5.882620313396026,5.842872917264404,5.857778072357178,36300,0.0,0.0
2014-05-02 00:00:00-04:00,5.887588856369062,5.887588856369062,5.827967288345293,5.857778072357178,35700,0.0,0.0
2014-05-05 00:00:00-04:00,5.84287538253278,5.852811998845047,5.827969747324576,5.837906837463379,79200,0.0,0.0
2014-05-06 00:00:00-04:00,5.837904432295195,5.852809587536062,5.8130621910095215,5.8130621910095215,74700,0.0,0.0
2014-05-07 00:00:00-04:00,5.8130621910095215,5.818030734031924,5.788219949723848,5.8130621910095215,63600,0.0,0.0
2014-05-08 00:00:00-04:00,5.8130621910095215,5.8279673462503885,5.803125578791057,5.8130621910095215,55700,0.0,0.0
2014-05-09 00:00:00-04:00,5.813063999738038,5.823001088874759,5.788221750722726,5.808095455169678,42100,0.0,0.0
2014-05-12 00:00:00-04:00,5.813061438952949,5.827966592265483,5.813061438952949,5.822998523712158,83500,0.0,0.0
2014-05-13 00:00:00-04:00,5.818031428624625,5.852810286280879,5.818031428624625,5.847842216491699,86300,0.0,0.0
2014-05-14 00:00:00-04:00,5.822999972240204,5.862747373512036,5.822999972240204,5.847842216491699,56800,0.0,0.0
2014-05-15 00:00:00-04:00,5.837903875800733,5.847840960898293,5.8080930943343505,5.832935333251953,43200,0.0,0.0
2014-05-16 00:00:00-04:00,5.823000542718987,5.862747947884868,5.823000542718987,5.852810859680176,54600,0.0,0.0
2014-05-19 00:00:00-04:00,5.842873213389075,5.872683525085449,5.837904670164225,5.872683525085449,38700,0.0,0.0
2014-05-20 00:00:00-04:00,5.85280972930587,5.872683428050531,5.8379045737039625,5.867715358734131,36400,0.0,0.0
2014-05-21 00:00:00-04:00,5.8677160662245145,5.927337169647217,5.8677160662245145,5.927337169647217,63200,0.0,0.0
2014-05-22 00:00:00-04:00,5.937273125509813,5.947210211892531,5.917399426570733,5.942241668701172,39000,0.0,0.0
2014-05-23 00:00:00-04:00,5.942240289992658,5.99192476272583,5.927335137703206,5.99192476272583,64000,0.0,0.0
2014-05-27 00:00:00-04:00,6.006832879080677,6.011801423570967,5.98199063045571,5.996895790100098,81300,0.0,0.0
2014-05-28 00:00:00-04:00,5.99689360692828,6.00683069229126,5.977019910028631,6.00683069229126,60800,0.0,0.0
2014-05-29 00:00:00-04:00,6.021737857683727,6.021737857683727,5.996895609805632,6.011801242828369,40600,0.0,0.0
2014-05-30 00:00:00-04:00,6.011800143429794,6.081357856176439,6.001863056565198,6.076389312744141,163300,0.0,0.0
2014-06-02 00:00:00-04:00,6.076388437028892,6.081356979745135,6.036641042951576,6.056514739990234,37500,0.0,0.0
2014-06-03 00:00:00-04:00,6.031673608384496,6.051547307513178,5.991926210127132,6.016767978668213,63400,0.0,0.0
2014-06-04 00:00:00-04:00,5.991924661491977,6.016766423612611,5.977019035628108,5.9869561195373535,89100,0.0,0.0
2014-06-05 00:00:00-04:00,6.006829915015283,6.01179845705385,5.957145442282111,5.99192476272583,76900,0.0,0.0
2014-06-06 00:00:00-04:00,5.972051342479119,6.001861648426138,5.962114257945933,5.981987953186035,76200,0.0,0.0
2014-06-09 00:00:00-04:00,5.981989186913962,5.98695773020527,5.9521784009924845,5.972052574157715,56100,0.0,0.0
2014-06-10 00:00:00-04:00,5.97701913661013,5.99192476272583,5.962113984320678,5.99192476272583,72100,0.0,0.0
2014-06-11 00:00:00-04:00,5.942242638458929,5.986958586825968,5.942242638458929,5.967084884643555,69900,0.0,0.0
2014-06-12 00:00:00-04:00,5.98198976111442,6.011800549897382,5.952178972331459,5.977021217346191,75500,0.0,0.0
2014-06-13 00:00:00-04:00,5.986958533323305,6.061484797384741,5.986958533323305,6.036642551422119,96600,0.0,0.0
2014-06-16 00:00:00-04:00,6.01179923497275,6.031672931872398,5.9919255380731,6.00683069229126,44400,0.0,0.0
2014-06-17 00:00:00-04:00,6.001861372976715,6.006829915015283,5.97701913661013,5.99192476272583,56100,0.0,0.0
2014-06-18 00:00:00-04:00,5.996895147412496,6.036642551422119,5.972053375276304,6.036642551422119,56000,0.0,0.0
2014-06-19 00:00:00-04:00,6.016768097927667,6.076389196495473,6.011800028416795,6.046578884124756,76700,0.0,0.0
2014-06-20 00:00:00-04:00,6.036643198369452,6.046580287350032,5.9770220859654195,5.996895790100098,96000,0.0,0.0
2014-06-23 00:00:00-04:00,5.9770212515683845,6.031674285679001,5.9770212515683845,6.026705741882324,89500,0.0,0.0
2014-06-24 00:00:00-04:00,6.026705364747883,6.051547608350294,6.011800208116991,6.031673908233643,59300,0.0,0.0
2014-06-25 00:00:00-04:00,6.0018609477476925,6.091292802800697,5.996892406061144,6.0416083335876465,51200,0.0,0.0
2014-06-26 00:00:00-04:00,6.026706052112046,6.066453456878662,5.996895261623864,6.066453456878662,72900,0.0,0.0
2014-06-27 00:00:00-04:00,6.051546914473521,6.11613655090332,6.051546914473521,6.11613655090332,112400,0.0,0.0
2014-06-30 00:00:00-04:00,6.111169156394611,6.131042857967178,6.086326910972297,6.126074314117432,75700,0.0,0.0
2014-07-01 00:00:00-04:00,6.156576271335815,6.156576271335815,6.105737780686237,6.115905284881592,86300,0.28,0.0
2014-07-02 00:00:00-04:00,6.0955690899083725,6.12607256865556,6.049814114205764,6.090485095977783,58500,0.0,0.0
2014-07-03 00:00:00-04:00,6.126073317214168,6.126073317214168,6.080318335920657,6.1209893226623535,63100,0.0,0.0
2014-07-07 00:00:00-04:00,6.085402193244949,6.110821680594396,6.080318198807781,6.105737686157227,64900,0.0,0.0
2014-07-08 00:00:00-04:00,6.115905007912424,6.115905007912424,6.049814536708229,6.085402011871338,44000,0.0,0.0
2014-07-09 00:00:00-04:00,6.110822200775146,6.110822200775146,6.085402711261878,6.1108222007751465,58800,0.0,0.0
2014-07-10 00:00:00-04:00,6.100653509891881,6.100653509891881,6.059982525279512,6.085402011871338,63400,0.0,0.0
2014-07-11 00:00:00-04:00,6.085402287459125,6.12098927939747,6.080318292943247,6.115905284881592,36400,0.0,0.0
2014-07-14 00:00:00-04:00,6.146408767140461,6.156576271335815,6.07015030391149,6.115905284881592,106300,0.0,0.0
2014-07-15 00:00:00-04:00,6.131156562586149,6.136240071680391,6.085401586883541,6.090485095977783,49400,0.0,0.0
2014-07-16 00:00:00-04:00,6.126073273913349,6.126073273913349,6.075234298427368,6.115905284881592,82400,0.0,0.0
2014-07-17 00:00:00-04:00,6.110823109429703,6.115906620219105,6.049816131591797,6.049816131591797,43700,0.0,0.0
2014-07-18 00:00:00-04:00,6.075234456279758,6.08540244557571,6.049814967876295,6.080318450927734,46700,0.0,0.0
2014-07-21 00:00:00-04:00,6.085402193244949,6.1057376861572275,6.065066700332672,6.105737686157227,30700,0.0,0.0
2014-07-22 00:00:00-04:00,6.120988932930501,6.131156921386719,6.100653440854441,6.131156921386719,54200,0.0,0.0
2014-07-23 00:00:00-04:00,6.131156141660759,6.202330112457275,6.131156141660759,6.202330112457275,49500,0.0,0.0
2014-07-24 00:00:00-04:00,6.202332155379149,6.232835642079393,6.181996659191144,6.217583656311035,46000,0.0,0.0
2014-07-25 00:00:00-04:00,6.222667651567154,6.232835642079393,6.176912663935025,6.217583656311035,41300,0.0,0.0
2014-07-28 00:00:00-04:00,6.222667651567154,6.227751646823274,6.202332155379149,6.217583656311035,45700,0.0,0.0
2014-07-29 00:00:00-04:00,6.217582969155076,6.2785899358131845,6.202331469908759,6.248086452484131,120200,0.0,0.0
2014-07-30 00:00:00-04:00,6.273506325966887,6.273506325966887,6.207415845396635,6.237919330596924,68100,0.0,0.0
2014-07-31 00:00:00-04:00,6.176911371016488,6.222666349071427,6.0904854090985765,6.126072883605957,79100,0.0,0.0
2014-08-01 00:00:00-04:00,6.085404003577862,6.131158997451134,6.03964900970459,6.03964900970459,71800,0.0,0.0
2014-08-04 00:00:00-04:00,6.05998350896756,6.090486509960053,5.978641526538969,6.034564018249512,68900,0.0,0.0
2014-08-05 00:00:00-04:00,5.9938921682994435,6.014227660993156,5.9328856902183045,5.93796968460083,54800,0.0,0.0
2014-08-06 00:00:00-04:00,5.948137354859227,5.948137354859227,5.8718793763344745,5.9023823738098145,64200,0.0,0.0
2014-08-07 00:00:00-04:00,5.902382713757927,5.937970192644024,5.882047219324342,5.887131214141846,47800,0.0,0.0
2014-08-08 00:00:00-04:00,5.892215948385383,5.922718951445428,5.882047957474374,5.917635440826416,57600,0.0,0.0
2014-08-11 00:00:00-04:00,5.902381443923945,5.963387914099813,5.902381443923945,5.958304405212402,87600,0.0,0.0
2014-08-12 00:00:00-04:00,5.958306798721206,6.034564795865527,5.9328873047275925,6.0142292976379395,167800,0.0,0.0
2014-08-13 00:00:00-04:00,6.02439580777779,6.136240778108704,6.019311813261911,6.115905284881592,220100,0.0,0.0
2014-08-14 00:00:00-04:00,6.151492369729409,6.156575879085001,6.1159048952220285,6.126072883605957,141900,0.0,0.0
2014-08-15 00:00:00-04:00,6.141324677544614,6.1616601704568925,6.090485702845722,6.105737686157227,65400,0.0,0.0
2014-08-18 00:00:00-04:00,6.16674518585205,6.187080682131045,6.141325694294188,6.166745185852051,57800,0.0,0.0
2014-08-19 00:00:00-04:00,6.181996779931831,6.181996779931831,6.1514937774723055,6.176912784576416,67000,0.0,0.0
2014-08-20 00:00:00-04:00,6.192162610130479,6.248085085018643,6.181994622967369,6.202330112457275,232100,0.0,0.0
2014-08-21 00:00:00-04:00,6.232833614359742,6.273504593504315,6.217581633553291,6.25825309753418,83000,0.0,0.0
2014-08-22 00:00:00-04:00,6.253170701825885,6.273506196594569,6.207415717387236,6.222667217254639,61700,0.0,0.0
2014-08-25 00:00:00-04:00,6.232834953237814,6.263337951730448,6.232834953237814,6.248086452484131,48600,0.0,0.0
2014-08-26 00:00:00-04:00,6.268421424384058,6.273505418654903,6.237918428431744,6.243001937866211,41200,0.0,0.0
2014-08-27 00:00:00-04:00,6.258256050116581,6.273507553282223,6.2430040621143945,6.268423557281494,66700,0.0,0.0
2014-08-28 00:00:00-04:00,6.258256050116581,6.268423557281494,6.232836554949482,6.268423557281494,37700,0.0,0.0
2014-08-29 00:00:00-04:00,6.278589725494385,6.298925218753753,6.248086243187129,6.278589725494385,55700,0.0,0.0
2014-09-02 00:00:00-04:00,6.309092408878062,6.314176403148908,6.237918428431744,6.243001937866211,42700,0.0,0.0
2014-09-03 00:00:00-04:00,6.288758142336679,6.304009643285418,6.258255140439201,6.2735066413879395,36800,0.0,0.0
2014-09-04 00:00:00-04:00,6.2938413188191,6.309092817783739,6.263337836053411,6.28875732421875,56100,0.0,0.0
2014-09-05 00:00:00-04:00,6.293840083076602,6.298924076678752,6.258253097534179,6.25825309753418,39400,0.0,0.0
2014-09-08 00:00:00-04:00,6.222667345578555,6.243002840766597,6.217583350572432,6.237919330596924,42700,0.0,0.0
2014-09-09 00:00:00-04:00,6.253169078600199,6.253169078600199,6.181994622967369,6.202330112457275,40900,0.0,0.0
2014-09-10 00:00:00-04:00,6.181994622967369,6.227749595528737,6.181994622967369,6.202330112457275,36200,0.0,0.0
2014-09-11 00:00:00-04:00,6.181996134419382,6.227751118167503,6.181996134419382,6.212499618530273,30100,0.0,0.0
2014-09-12 00:00:00-04:00,6.222667955747873,6.26333895011199,6.2074164540704535,6.253171443939209,31700,0.0,0.0
2014-09-15 00:00:00-04:00,6.278589819854461,6.314176812384089,6.248086337088773,6.28875732421875,57500,0.0,0.0
2014-09-16 00:00:00-04:00,6.304008680479757,6.385351137734775,6.263337694270447,6.380267143249512,92700,0.0,0.0
2014-09-17 00:00:00-04:00,6.400602997569011,6.43618999130139,6.319261020559898,6.420938491821289,80000,0.0,0.0
2014-09-18 00:00:00-04:00,6.45144262627897,6.456526621945964,6.4158556262830375,6.441275119781494,40500,0.0,0.0
2014-09-19 00:00:00-04:00,6.446358953984152,6.548036440594715,6.42602345666204,6.532784938812256,88400,0.0,0.0
2014-09-22 00:00:00-04:00,6.548036267915082,6.573455760106505,6.227751829910724,6.293842315673828,298800,0.0,0.0
2014-09-23 00:00:00-04:00,6.2989260549443875,6.334513051663403,6.283674069347837,6.31926155090332,78500,0.0,0.0
2014-09-24 00:00:00-04:00,6.344680557224636,6.344680557224636,6.283674069347837,6.31926155090332,52200,0.0,0.0
2014-09-25 00:00:00-04:00,6.329430183445635,6.3548496791294635,6.212501182071199,6.227752685546875,49500,0.0,0.0
2014-09-26 00:00:00-04:00,6.2124999920498585,6.324344975896007,6.187080501235203,6.309093475341797,63100,0.0,0.0
2014-09-29 00:00:00-04:00,6.288757440365257,6.288757440365257,6.202331469908759,6.248086452484131,37000,0.0,0.0
2014-09-30 00:00:00-04:00,6.222667955747873,6.278590936625907,6.222667955747873,6.253171443939209,67900,0.0,0.0
2014-10-01 00:00:00-04:00,6.237563400992464,6.268777448414452,6.175135802278939,6.206349849700928,123600,0.28,0.0
2014-10-02 00:00:00-04:00,6.1907418740692375,6.1907418740692375,5.967043128145117,6.097100734710693,185700,0.0,0.0
2014-10-03 00:00:00-04:00,6.112707806716306,6.185540248552217,6.08669618490845,6.143921852111816,80300,0.0,0.0
2014-10-06 00:00:00-04:00,6.175136911535332,6.216755318153707,6.1595301330860766,6.180339336395264,57700,0.0,0.0
2014-10-07 00:00:00-04:00,6.154325180073019,6.154325180073019,6.097100018513078,6.107504367828369,90200,0.0,0.0
2014-10-08 00:00:00-04:00,6.107506535157138,6.180338990731072,6.060685706297503,6.175136566162109,89500,0.0,0.0
2014-10-09 00:00:00-04:00,6.169933185034929,6.169933185034929,6.06068476667666,6.076292037963867,38500,0.0,0.0
2014-10-10 00:00:00-04:00,6.0762928900053925,6.081494818366793,5.977448809181189,5.982651233673096,85500,0.0,0.0
2014-10-13 00:00:00-04:00,5.993054751879008,5.993054751879008,5.784962283584922,5.8005690574646,79900,0.0,0.0
2014-10-14 00:00:00-04:00,5.805772358088472,5.836986406694855,5.732940404891032,5.764153957366943,61100,0.0,0.0
2014-10-15 00:00:00-04:00,5.717332061803462,5.727736908100502,5.49883525086941,5.670511245727539,165400,0.0,0.0
2014-10-16 00:00:00-04:00,5.566466305874445,5.779760733604899,5.5352527533985345,5.764153957366943,104800,0.0,0.0
2014-10-17 00:00:00-04:00,5.821378742837341,5.904616034813143,5.784962768687604,5.878604412078857,74600,0.0,0.0
2014-10-20 00:00:00-04:00,5.878604965112395,5.930627719344602,5.862998188455781,5.915020942687988,51400,0.0,0.0
2014-10-21 00:00:00-04:00,5.930627224352798,6.013864517211914,5.9098180251706305,6.013864517211914,70600,0.0,0.0
2014-10-22 00:00:00-04:00,6.039875141223348,6.060684338672982,6.008661593114097,6.03467321395874,57700,0.0,0.0
2014-10-23 00:00:00-04:00,6.195944862630635,6.195944862630635,6.102303218599198,6.133517265319824,87400,0.0,0.0
2014-10-24 00:00:00-04:00,6.133518161871437,6.17513656616211,6.107506535157138,6.175136566162109,44200,0.0,0.0
2014-10-27 00:00:00-04:00,6.175137073269489,6.175137073269489,6.1075070367106825,6.154327869415283,41700,0.0,0.0
2014-10-28 00:00:00-04:00,6.195945366532569,6.211552143096925,6.1751361657366015,6.211552143096924,62300,0.0,0.0
2014-10-29 00:00:00-04:00,6.2323609770670565,6.24276582491787,6.180338226204346,6.206349849700928,44300,0.0,0.0
2014-10-30 00:00:00-04:00,6.21675542023413,6.221957845179488,6.1595302342268505,6.195946216583252,54800,0.0,0.0
2014-10-31 00:00:00-04:00,6.232360629016165,6.232360629016165,6.17513545742383,6.201147079467773,68400,0.0,0.0
2014-11-03 00:00:00-05:00,6.190743689984587,6.216755318153707,6.175136911535332,6.180339336395264,69000,0.0,0.0
2014-11-04 00:00:00-05:00,6.149125444419093,6.206351127116074,6.102304611714493,6.154327869415283,66800,0.0,0.0
2014-11-05 00:00:00-05:00,6.164731365667836,6.195944916529549,6.1283148948219095,6.190742492675781,112600,0.0,0.0
2014-11-06 00:00:00-05:00,6.201147929868549,6.201147929868549,6.1647319516913415,6.185541152954102,76100,0.0,0.0
2014-11-07 00:00:00-05:00,6.18554056495246,6.201147340383317,6.138719742529444,6.190742492675781,123300,0.0,0.0
2014-11-10 00:00:00-05:00,6.195947137413596,6.195947137413596,6.128317091464547,6.138721942901611,96800,0.0,0.0
2014-11-11 00:00:00-05:00,6.138719742529444,6.195944916529549,6.133517318675677,6.190742492675781,79300,0.0,0.0
2014-11-12 00:00:00-05:00,6.164731081687748,6.237563027763684,6.164731081687748,6.221956253051758,53300,0.0,0.0
2014-11-13 00:00:00-05:00,6.221957392667757,6.258373372375689,6.201148190530293,6.253171443939209,118800,0.0,0.0
2014-11-14 00:00:00-05:00,6.242766034176698,6.253170882376284,6.232361185977112,6.237563610076904,56500,0.0,0.0
2014-11-17 00:00:00-05:00,6.211552543533768,6.279182574513153,6.211552543533768,6.253171443939209,109300,0.0,0.0
2014-11-18 00:00:00-05:00,6.242766034176698,6.273980082644988,6.221956833907995,6.237563610076904,85800,0.0,0.0
2014-11-19 00:00:00-05:00,6.201146405269324,6.268776416778564,6.195943982200066,6.2687764167785645,85800,0.0,0.0
2014-11-20 00:00:00-05:00,6.26357492097018,6.294788967876291,6.23236087406407,6.289586544036865,95700,0.0,0.0
2014-11-21 00:00:00-05:00,6.341608634931997,6.346811058230714,6.310395087400475,6.336406707763672,51800,0.0,0.0
2014-11-24 00:00:00-05:00,6.320800278165936,6.357216749967838,6.320800278165936,6.341609477996826,50900,0.0,0.0
2014-11-25 00:00:00-05:00,6.362417831996475,6.3676202552951935,6.326001861166236,6.336406707763672,63100,0.0,0.0
2014-11-26 00:00:00-05:00,6.341609321796272,6.367620944976807,6.32600254634013,6.367620944976807,44600,0.0,0.0
2014-11-28 00:00:00-05:00,6.331205368041993,6.357216992857043,6.310396167416048,6.331205368041992,59800,0.0,0.0
2014-12-01 00:00:00-05:00,6.29478886272854,6.3207999892302915,6.221956418584501,6.273979663848877,65500,0.0,0.0
2014-12-02 00:00:00-05:00,6.253170569421774,6.289586544036864,6.242765721742922,6.289586544036865,60300,0.0,0.0
2014-12-03 00:00:00-05:00,6.273979880085793,6.424846701195686,6.2687774561539635,6.383228302001953,80400,0.0,0.0
2014-12-04 00:00:00-05:00,6.362418285724108,6.383227980402996,6.299990690078729,6.3572163581848145,65400,0.0,0.0
2014-12-05 00:00:00-05:00,6.336408473772806,6.37282445475248,6.289587643295781,6.362419605255127,74900,0.0,0.0
2014-12-08 00:00:00-05:00,6.341610226661216,6.341610226661216,6.258373417511059,6.310396671295166,72200,0.0,0.0
2014-12-09 00:00:00-05:00,6.24276579886555,6.247968222769246,6.138719801443881,6.227159023284912,107100,0.0,0.0
2014-12-10 00:00:00-05:00,6.2167543069597455,6.2167543069597455,6.112708307337539,6.12311315536499,78300,0.0,0.0
2014-12-11 00:00:00-05:00,6.128315477383641,6.232361483697443,6.128315477383641,6.185541152954102,53300,0.0,0.0
2014-12-12 00:00:00-05:00,6.201149247272312,6.237565233185918,6.112709999084472,6.112709999084473,176800,0.0,0.0
2014-12-15 00:00:00-05:00,6.112709716338323,6.133518921059358,5.951438007652369,6.06588888168335,62100,0.0,0.0
2014-12-16 00:00:00-05:00,6.034674354210162,6.039876282457674,5.982651102691085,5.987853527069092,79900,0.0,0.0
2014-12-17 00:00:00-05:00,6.029471156064418,6.086696328487246,5.993055182352658,6.039875507354736,63900,0.0,0.0
2014-12-18 00:00:00-05:00,6.133518161871437,6.17513656616211,6.097102182149727,6.175136566162109,57700,0.0,0.0
2014-12-19 00:00:00-05:00,6.201145757696667,6.2271573741962465,6.164729792275446,6.216752529144287,56200,0.0,0.0
2014-12-22 00:00:00-05:00,6.195944795952313,6.3155980616082035,6.1595288219455115,6.273979663848877,122500,0.0,0.0
2014-12-23 00:00:00-05:00,6.289586940013911,6.4300489196084385,6.25837289114264,6.352014541625977,113600,0.0,0.0
2014-12-24 00:00:00-05:00,6.383228060617026,6.404037259426982,6.326002391791821,6.393632411956787,85100,0.0,0.0
2014-12-26 00:00:00-05:00,6.435251838609386,6.435251838609386,6.247969019372214,6.253171443939209,58800,0.0,0.0
2014-12-29 00:00:00-05:00,6.3064331843270836,6.3064331843270836,6.205231692977531,6.295780181884766,105300,0.28,0.0
2014-12-30 00:00:00-05:00,6.253170402349445,6.471551915193461,6.199906903683927,6.402309417724609,80000,0.0,0.0
2014-12-31 00:00:00-05:00,6.322413111480371,6.402309117679126,6.114684104919434,6.114684104919434,162700,0.0,0.0
2015-01-02 00:00:00-05:00,6.1200103759765625,6.173274378099061,6.104031378525081,6.1200103759765625,53800,0.0,0.0
2015-01-05 00:00:00-05:00,6.114686122706578,6.1466446373247186,5.970874076833341,5.976200580596924,111400,0.0,0.0
2015-01-06 00:00:00-05:00,6.002829885146845,6.034787877393747,5.938912884726786,5.949565887451172,86600,0.0,0.0
2015-01-07 00:00:00-05:00,6.018810145016283,6.082726650893512,5.997504643057207,6.056094646453857,55400,0.0,0.0
2015-01-08 00:00:00-05:00,6.072072951807941,6.173274455517206,6.072072951807941,6.151968955993652,69700,0.0,0.0
2015-01-09 00:00:00-05:00,6.157295749717087,6.167948246002197,6.104031744401934,6.167948246002197,69200,0.0,0.0
2015-01-12 00:00:00-05:00,6.162620348363055,6.167946849281034,6.072071864609767,6.098703861236572,56700,0.0,0.0
2015-01-13 00:00:00-05:00,6.125337345449154,6.151969348543749,6.018809841033984,6.0294623374938965,57000,0.0,0.0
2015-01-14 00:00:00-05:00,5.992176597339021,6.04011409139183,5.954892105503771,6.013482093811035,79200,0.0,0.0
2015-01-15 00:00:00-05:00,6.050766468048096,6.061419470058611,6.008155475932222,6.050766468048096,60500,0.0,0.0
2015-01-16 00:00:00-05:00,6.018808865950849,6.125336353107927,6.018808865950849,6.1093573570251465,82300,0.0,0.0
2015-01-20 00:00:00-05:00,6.1466432344665725,6.183927736375438,6.104032230009801,6.1786017417907715,55100,0.0,0.0
2015-01-21 00:00:00-05:00,6.189254038386066,6.189254038386066,6.1306640361471825,6.183927536010742,65500,0.0,0.0
2015-01-22 00:00:00-05:00,6.215884621117525,6.215884621117525,6.120009632135185,6.194579124450684,70200,0.0,0.0
2015-01-23 00:00:00-05:00,6.1999074765086055,6.1999074765086055,6.1466434649586805,6.173275470733643,54000,0.0,0.0
2015-01-26 00:00:00-05:00,6.167948618407499,6.167948618407499,6.125337614767911,6.135990619659424,67400,0.0,0.0
2015-01-27 00:00:00-05:00,6.104033292863071,6.14131780126403,6.061422280986737,6.130665302276611,93100,0.0,0.0
2015-01-28 00:00:00-05:00,6.167947153199475,6.167947153199475,6.034787671467254,6.045440673828125,98000,0.0,0.0
2015-01-29 00:00:00-05:00,6.040117496848714,6.056096501221013,5.970874467284227,6.034790992736816,73100,0.0,0.0
2015-01-30 00:00:00-05:00,6.018811594778872,6.061422608960821,5.976200580596924,5.976200580596924,84400,0.0,0.0
2015-02-02 00:00:00-05:00,6.008155592702256,6.02946108917427,5.949565604394992,6.013482093811035,109500,0.0,0.0
2015-02-03 00:00:00-05:00,6.05609452678233,6.183927536010742,6.045442029994907,6.183927536010742,76400,0.0,0.0
2015-02-04 00:00:00-05:00,6.157295749717087,6.173274748126352,6.114684240687044,6.167948246002197,61300,0.0,0.0
2015-02-05 00:00:00-05:00,6.1786019015527485,6.1786019015527485,6.1253378906229,6.141316890716553,41700,0.0,0.0
2015-02-06 00:00:00-05:00,6.178600350668029,6.178600350668029,6.1093573570251465,6.1093573570251465,28900,0.0,0.0
2015-02-09 00:00:00-05:00,6.098706966523728,6.146644483267773,6.098706966523728,6.104033470153809,45600,0.0,0.0
2015-02-10 00:00:00-05:00,6.141315128802026,6.231863616626879,6.10403063662583,6.194579124450684,74700,0.0,0.0
2015-02-11 00:00:00-05:00,6.178601370692046,6.221212372589519,6.178601370692046,6.210559368133545,90500,0.0,0.0
2015-02-12 00:00:00-05:00,6.226539265794526,6.231865768791512,6.1892547607421875,6.1892547607421875,78300,0.0,0.0
2015-02-13 00:00:00-05:00,6.189254297659534,6.21055980009011,6.178601800425869,6.199907302856445,80400,0.0,0.0
2015-02-17 00:00:00-05:00,6.194580248659773,6.194580248659773,6.157295749717087,6.167948246002197,64600,0.0,0.0
2015-02-18 00:00:00-05:00,6.141315128802026,6.199905625608172,6.141315128802026,6.194579124450684,39100,0.0,0.0
2015-02-19 00:00:00-05:00,6.189253637004404,6.237191139347051,6.183927134974511,6.215885639190674,49200,0.0,0.0
2015-02-20 00:00:00-05:00,6.221213037442259,6.28512954711914,6.221213037442259,6.285129547119141,41900,0.0,0.0
2015-02-23 00:00:00-05:00,6.290455262406509,6.33839225769043,6.274475756015334,6.33839225769043,36700,0.0,0.0
2015-02-24 00:00:00-05:00,6.306434260834482,6.354371764081605,6.301107758704091,6.33839225769043,32300,0.0,0.0
2015-02-25 00:00:00-05:00,6.359699617547721,6.359699617547721,6.295783097186222,6.317088603973389,38600,0.0,0.0
2015-02-26 00:00:00-05:00,6.306433677673339,6.322412674623721,6.301107176035494,6.30643367767334,24800,0.0,0.0
2015-02-27 00:00:00-05:00,6.306433923721966,6.343718420715248,6.295780920030642,6.311760425567627,39500,0.0,0.0
2015-03-02 00:00:00-05:00,6.295779559224363,6.354370050936206,6.295779559224363,6.333064556121826,34800,0.0,0.0
2015-03-03 00:00:00-05:00,6.317087016058346,6.354372024536132,6.311761021672852,6.354372024536133,28900,0.0,0.0
2015-03-04 00:00:00-05:00,6.338393524872502,6.375678539276124,6.32241452324998,6.375678539276123,34500,0.0,0.0
2015-03-05 00:00:00-05:00,6.402309232554812,6.418288230895996,6.3863297262504295,6.418288230895996,55400,0.0,0.0
2015-03-06 00:00:00-05:00,6.418288528831052,6.418288528831052,6.338392517489986,6.354372024536133,36700,0.0,0.0
2015-03-09 00:00:00-04:00,6.402309156994698,6.412961653108701,6.343718650496511,6.386329650878906,40200,0.0,0.0
2015-03-10 00:00:00-04:00,6.375676800554904,6.40763479508463,6.349044799804688,6.3490447998046875,40400,0.0,0.0
2015-03-11 00:00:00-04:00,6.375677990881356,6.375677990881356,6.343719482421875,6.343719482421875,34300,0.0,0.0
2015-03-12 00:00:00-04:00,6.391656152917504,6.412961653108701,6.354371654573706,6.386329650878906,43000,0.0,0.0
2015-03-13 00:00:00-04:00,6.38633103770337,6.391657540898645,6.33306752964053,6.375678539276123,12900,0.0,0.0
2015-03-16 00:00:00-04:00,6.39698248527296,6.428940480730458,6.39698248527296,6.412961483001709,31200,0.0,0.0
2015-03-17 00:00:00-04:00,6.381004043881467,6.386330546667195,6.349046043093631,6.365025043487549,26900,0.0,0.0
2015-03-18 00:00:00-04:00,6.338391874415046,6.46622537799849,6.322412876953304,6.4608988761901855,48100,0.0,0.0
2015-03-19 00:00:00-04:00,6.40763718489806,6.4609012062640145,6.40763718489806,6.439595699310303,37200,0.0,0.0
2015-03-20 00:00:00-04:00,6.4768799756625866,6.514164484494711,6.4449219703674325,6.444921970367432,57400,0.0,0.0
2015-03-23 00:00:00-04:00,6.4555734302146295,6.508837441082854,6.450246927535156,6.492857933044434,40400,0.0,0.0
2015-03-24 00:00:00-04:00,6.487531109162051,6.498183605196256,6.439593607100154,6.455572605133057,22600,0.0,0.0
2015-03-25 00:00:00-04:00,6.482204919704493,6.487531421960009,6.402309417724609,6.402309417724609,46000,0.0,0.0
2015-03-26 00:00:00-04:00,6.402308264936949,6.4236137621595715,6.381002259751206,6.407634258270264,34100,0.0,0.0
2015-03-27 00:00:00-04:00,6.359696881241478,6.402308384445249,6.359696881241478,6.370349884033203,67300,0.0,0.0
2015-03-30 00:00:00-04:00,6.375678826941188,6.4023108361558725,6.3703523235055854,6.391657829284668,71400,0.0,0.0
2015-03-31 00:00:00-04:00,6.370349884033203,6.407634377877979,6.359696881241478,6.370349884033203,49300,0.0,0.0
2015-04-01 00:00:00-04:00,6.375804638750739,6.375804638750739,6.337626332934516,6.364896774291992,55600,0.28,0.0
2015-04-02 00:00:00-04:00,6.321264875741268,6.353988992361761,6.321264875741268,6.337626934051514,99800,0.0,0.0
2015-04-06 00:00:00-04:00,6.326717873513547,6.413982861538778,6.32126368172688,6.392166614532471,35000,0.0,0.0
2015-04-07 00:00:00-04:00,6.3921681760738025,6.435800680745393,6.3921681760738025,6.408530235290527,49100,0.0,0.0
2015-04-08 00:00:00-04:00,6.413984300467546,6.463070997279057,6.403075914447,6.435800552368164,47200,0.0,0.0
2015-04-09 00:00:00-04:00,6.452161793467062,6.490340099419044,6.452161793467062,6.473978042602539,32100,0.0,0.0
2015-04-10 00:00:00-04:00,6.501248151377715,6.539426455376052,6.463069847379377,6.533972263336182,55500,0.0,0.0
2015-04-13 00:00:00-04:00,6.49034105681544,6.539427754646191,6.484887383832401,6.495795249938965,35900,0.0,0.0
2015-04-14 00:00:00-04:00,6.506702556826403,6.528518805561045,6.457615867138363,6.523064613342285,65500,0.0,0.0
2015-04-15 00:00:00-04:00,6.523064642325496,6.681232576389509,6.501248393493921,6.653962135314941,188000,0.0,0.0
2015-04-16 00:00:00-04:00,6.648507110663116,6.6594154937833485,6.610328810022975,6.626690864562988,53000,0.0,0.0
2015-04-17 00:00:00-04:00,6.61578404336654,6.65941654243758,6.577605736714485,6.643054485321045,45000,0.0,0.0
2015-04-20 00:00:00-04:00,6.67577839854402,6.7466813374346515,6.670324206289263,6.7194108963012695,53100,0.0,0.0
2015-04-21 00:00:00-04:00,6.752135745458932,6.752135745458932,6.708503246307373,6.708503246307373,47600,0.0,0.0
2015-04-22 00:00:00-04:00,6.72486578900607,6.7957687352818255,6.708503730677959,6.773952484130859,48200,0.0,0.0
2015-04-23 00:00:00-04:00,6.78486013731859,6.828493158395579,6.763043886850316,6.806676387786865,65400,0.0,0.0
2015-04-24 00:00:00-04:00,6.823038578033447,6.83394644257754,6.7957681364626,6.823038578033447,29900,0.0,0.0
2015-04-27 00:00:00-04:00,6.850307470434055,6.866669523620185,6.7575883021455,6.763041973114014,49800,0.0,0.0
2015-04-28 00:00:00-04:00,6.768497822890203,6.817584514617919,6.757589958139833,6.81758451461792,46200,0.0,0.0
2015-04-29 00:00:00-04:00,6.812130318141895,6.855762817398399,6.746681569257138,6.7957682609558105,75000,0.0,0.0
2015-04-30 00:00:00-04:00,6.773951995034711,6.784859859752392,6.708503246307373,6.708503246307373,61300,0.0,0.0
2015-05-01 00:00:00-04:00,6.735774430747945,6.801223186689226,6.719411851657267,6.741228103637695,54300,0.0,0.0
2015-05-04 00:00:00-04:00,6.779406538678038,6.801222789384031,6.69759520842523,6.713957786560059,32600,0.0,0.0
2015-05-05 00:00:00-04:00,6.7521346718110165,6.784858780901059,6.724864234142423,6.757588863372803,72700,0.0,0.0
2015-05-06 00:00:00-04:00,6.773950917917824,6.773950917917824,6.730318425704209,6.757588863372803,71200,0.0,0.0
2015-05-07 00:00:00-04:00,6.7630431351271785,6.872124895484377,6.724864831086388,6.730319023132324,58400,0.0,0.0
2015-05-08 00:00:00-04:00,6.844854596840863,6.855762461017759,6.730319162211289,6.768497467041016,76800,0.0,0.0
2015-05-11 00:00:00-04:00,6.735775470733643,6.779407981431239,6.692142960036045,6.735775470733643,69100,0.0,0.0
2015-05-12 00:00:00-04:00,6.719411111025053,6.779406187463761,6.675778611873495,6.708503246307373,42800,0.0,0.0
2015-05-13 00:00:00-04:00,6.73577641491841,6.790316800865305,6.7139601565115266,6.779408931732178,54100,0.0,0.0
2015-05-14 00:00:00-04:00,6.806676859578976,6.893942387641161,6.686687733756865,6.741228103637695,131400,0.0,0.0
2015-05-15 00:00:00-04:00,6.768499244776075,6.8121317532244525,6.746682990551887,6.752137184143066,73900,0.0,0.0
2015-05-18 00:00:00-04:00,6.741226068321098,6.779404887865222,6.7303182056944335,6.74668025970459,63900,0.0,0.0
2015-05-19 00:00:00-04:00,6.741227253320907,6.844854827262043,6.741227253320907,6.823038578033447,73700,0.0,0.0
2015-05-20 00:00:00-04:00,6.801222205203713,6.855762567213814,6.795768012960583,6.850308895111084,49400,0.0,0.0
2015-05-21 00:00:00-04:00,6.850309282519252,6.883033397547892,6.812130454798599,6.833946704864502,81900,0.0,0.0
2015-05-22 00:00:00-04:00,6.844854596840863,6.844854596840863,6.7357733543699325,6.768497467041016,61600,0.0,0.0
2015-05-26 00:00:00-04:00,6.7630453998142235,6.779407981431239,6.703050827640166,6.735775470733643,54800,0.0,0.0
2015-05-27 00:00:00-04:00,6.763043023980455,6.812129711306405,6.752135160208228,6.80122184753418,46200,0.0,0.0
2015-05-28 00:00:00-04:00,6.8012251901390615,6.828495643182824,6.763046347821543,6.779408931732178,58500,0.0,0.0
2015-05-29 00:00:00-04:00,6.773952345966428,6.779406538678038,6.6921415358540655,6.713957786560059,62300,0.0,0.0
2015-06-01 00:00:00-04:00,6.7194108963012695,6.763043394058519,6.686686783053533,6.7194108963012695,71200,0.0,0.0
2015-06-02 00:00:00-04:00,6.713956612733595,6.7575891065171465,6.659415735433977,6.703048229217529,81800,0.0,0.0
2015-06-03 00:00:00-04:00,6.719411586089487,6.7466820300223445,6.675779083853097,6.686687469482422,47900,0.0,0.0
2015-06-04 00:00:00-04:00,6.692142619051515,6.7139588732887105,6.588515021319439,6.599423408508301,56400,0.0,0.0
2015-06-05 00:00:00-04:00,6.59396921491387,6.615785469151065,6.561244573487811,6.599423408508301,57300,0.0,0.0
2015-06-08 00:00:00-04:00,6.561242337492734,6.615783214569092,6.561242337492734,6.615783214569092,55600,0.0,0.0
2015-06-09 00:00:00-04:00,6.583060741424561,6.621239575944546,6.572152874519224,6.5830607414245605,55700,0.0,0.0
2015-06-10 00:00:00-04:00,6.6157849921320855,6.63760124479626,6.5830603530655765,6.621239185333252,86300,0.0,0.0
2015-06-11 00:00:00-04:00,6.643055699275436,6.713958653257812,6.632147312444065,6.675779819488525,64500,0.0,0.0
2015-06-12 00:00:00-04:00,6.670323598809688,6.801221600300699,6.643053680300234,6.703048229217529,82300,0.0,0.0
2015-06-15 00:00:00-04:00,6.686687596857117,6.741227965621316,6.648508766567666,6.659417152404785,55400,0.0,0.0
2015-06-16 00:00:00-04:00,6.675776609005572,6.692139181383618,6.653960365975107,6.670322418212891,59500,0.0,0.0
2015-06-17 00:00:00-04:00,6.6975960730107555,6.730320713364357,6.637601505859751,6.675779819488525,45400,0.0,0.0
2015-06-18 00:00:00-04:00,6.697595334971292,6.752136222837007,6.659417025549565,6.686687469482422,45000,0.0,0.0
2015-06-19 00:00:00-04:00,6.703048955105383,6.8557626998855214,6.637600207342467,6.648508071899414,33100,0.0,0.0
2015-06-22 00:00:00-04:00,6.697595602996946,6.7903148039948436,6.648508905981534,6.784860610961914,40000,0.0,0.0
2015-06-23 00:00:00-04:00,6.801222008961257,6.981206186668088,6.763043184501357,6.926665306091309,131600,0.0,0.0
2015-06-24 00:00:00-04:00,6.943028664729046,6.986661689460312,6.883034100951843,6.910304546356201,40000,0.0,0.0
2015-06-25 00:00:00-04:00,6.932119967417991,6.932119967417991,6.8775790831492944,6.883033275604248,26100,0.0,0.0
2015-06-26 00:00:00-04:00,6.866670388443767,6.915757074324677,6.84485414140118,6.855762004852295,36100,0.0,0.0
2015-06-29 00:00:00-04:00,6.833945958991231,6.8503085348601305,6.7903134636215805,6.80122184753418,32000,0.0,0.0
2015-06-30 00:00:00-04:00,6.87212526883289,6.87212526883289,6.7957681364626,6.823038578033447,37700,0.0,0.0
2015-07-01 00:00:00-04:00,6.929038160173556,6.945774818247267,6.8453543377562305,6.867670059204102,46400,0.28,0.0
2015-07-02 00:00:00-04:00,6.8732487970696265,6.889985987695056,6.823038289290907,6.850933074951172,23100,0.0,0.0
2015-07-06 00:00:00-04:00,6.845354468676454,6.850933000108538,6.761670112609863,6.761670112609863,35600,0.0,0.0
2015-07-07 00:00:00-04:00,6.828616768839638,6.834195831904318,6.733774824935026,6.811880111694336,73600,0.0,0.0
2015-07-08 00:00:00-04:00,6.76167040015438,6.76167040015438,6.638933658599854,6.6389336585998535,67300,0.0,0.0
2015-07-09 00:00:00-04:00,6.750512333506386,6.783985649380666,6.633354663848877,6.633354663848877,44700,0.0,0.0
2015-07-10 00:00:00-04:00,6.74493243518334,6.8286162465580995,6.728195779318129,6.767248153686523,69500,0.0,0.0
2015-07-13 00:00:00-04:00,6.817460859927377,6.878828972661871,6.789566069757563,6.834197521209717,38400,0.0,0.0
2015-07-14 00:00:00-04:00,6.817458653330857,6.884405808840404,6.74493243518334,6.767248153686523,210800,0.0,0.0
2015-07-15 00:00:00-04:00,6.795143046695272,6.839774484436399,6.772827327824709,6.806300640106201,56900,0.0,0.0
2015-07-16 00:00:00-04:00,6.856514561363146,6.889988422393799,6.839777896872305,6.889988422393799,51300,0.0,0.0
2015-07-17 00:00:00-04:00,6.906722646271701,6.906722646271701,6.850933074951172,6.850933074951172,32900,0.0,0.0
2015-07-20 00:00:00-04:00,6.873247704039288,6.8844058293484665,6.83419532955456,6.862090110778809,28200,0.0,0.0
2015-07-21 00:00:00-04:00,6.856512138492981,6.8732487970696265,6.811880694256071,6.850933074951172,47700,0.0,0.0
2015-07-22 00:00:00-04:00,6.8397755984466775,6.889986107095524,6.834196534808185,6.884407043457031,56800,0.0,0.0
2015-07-23 00:00:00-04:00,6.906722765962209,6.929038488467386,6.884407043457031,6.884407043457031,59400,0.0,0.0
2015-07-24 00:00:00-04:00,6.906722729447974,6.906722729447974,6.8286174350683835,6.839775562286377,56200,0.0,0.0
2015-07-27 00:00:00-04:00,6.806302189886508,6.828617913838313,6.728197422079603,6.74493408203125,46300,0.0,0.0
2015-07-28 00:00:00-04:00,6.761670927479709,6.783986652043714,6.72261854250491,6.772829055786133,56900,0.0,0.0
2015-07-29 00:00:00-04:00,6.767249550114313,6.83977578322768,6.767249550114313,6.817460060119629,49900,0.0,0.0
2015-07-30 00:00:00-04:00,6.81745946252891,6.81745946252891,6.744933235772897,6.783985614776611,25300,0.0,0.0
2015-07-31 00:00:00-04:00,6.811881169912217,6.823038765726159,6.744933998882102,6.756091594696045,32500,0.0,0.0
2015-08-03 00:00:00-04:00,6.778406334321051,6.778406334321051,6.705880641937257,6.705880641937256,61100,0.0,0.0
2015-08-04 00:00:00-04:00,6.728195803080239,6.744932459004561,6.700301021840571,6.717037677764893,33900,0.0,0.0
2015-08-05 00:00:00-04:00,6.739355424945355,6.783986875543759,6.739355424945355,6.750513553619385,42100,0.0,0.0
2015-08-06 00:00:00-04:00,6.744933531372551,6.761670189957812,6.64451251576342,6.655670642852783,45100,0.0,0.0
2015-08-07 00:00:00-04:00,6.650092231083539,6.650092231083539,6.577565994040737,6.594302654266357,53400,0.0,0.0
2015-08-10 00:00:00-04:00,6.61103827602296,6.6668273075380675,6.594301087724589,6.605459213256836,64500,0.0,0.0
2015-08-11 00:00:00-04:00,6.577565601006289,6.594302260231831,6.555249878022632,6.583144664764404,27700,0.0,0.0
2015-08-12 00:00:00-04:00,6.54967158027323,6.560829709094445,6.4938825323137515,6.555250644683838,55500,0.0,0.0
2015-08-13 00:00:00-04:00,6.5217746775664125,6.58872236470854,6.5217746775664125,6.577564239501953,49700,0.0,0.0
2015-08-14 00:00:00-04:00,6.571986723156556,6.611039638519287,6.544091935625696,6.611039638519287,34600,0.0,0.0
2015-08-17 00:00:00-04:00,6.605459132574378,6.633353914015566,6.560827695087959,6.616616725921631,50000,0.0,0.0
2015-08-18 00:00:00-04:00,6.588722624907336,6.605459281329478,6.5440906543671025,6.599880218505859,35100,0.0,0.0
2015-08-19 00:00:00-04:00,6.583143929414287,6.583143929414287,6.510617704806523,6.56082820892334,28400,0.0,0.0
2015-08-20 00:00:00-04:00,6.482723006723228,6.532933511502597,6.410196781158447,6.410196781158447,65400,0.0,0.0
2015-08-21 00:00:00-04:00,6.3823021295443425,6.387881192868603,6.175881574985566,6.2037763595581055,78100,0.0,0.0
2015-08-24 00:00:00-04:00,5.958303138790297,6.047566019483243,5.790934971466654,5.896934509277344,116800,0.0,0.0
2015-08-25 00:00:00-04:00,6.064303585346775,6.159145543307438,5.975040691277639,5.997356414794922,87100,0.0,0.0
2015-08-26 00:00:00-04:00,6.081040650684104,6.220514064984646,6.0419882649355845,6.097777843475342,53800,0.0,0.0
2015-08-27 00:00:00-04:00,6.131250132489007,6.259565928703186,6.131250132489007,6.2037763595581055,68500,0.0,0.0
2015-08-28 00:00:00-04:00,6.209355163963577,6.237249947372956,6.164723723328068,6.181460380554199,40500,0.0,0.0
2015-08-31 00:00:00-04:00,6.136829225631135,6.187039731695919,6.120092567625795,6.153565883636475,30200,0.0,0.0
2015-09-01 00:00:00-04:00,6.081039481677851,6.142408112683978,6.081039481677851,6.120092391967773,26200,0.0,0.0
2015-09-02 00:00:00-04:00,6.175881604993182,6.175881604993182,6.108934440923059,6.153565883636475,33200,0.0,0.0
2015-09-03 00:00:00-04:00,6.192619531522162,6.220513787498877,6.164724743496619,6.175882339477539,25900,0.0,0.0
2015-09-04 00:00:00-04:00,6.12567128082072,6.12567128082072,6.081039836782042,6.086618900299072,24800,0.0,0.0
2015-09-08 00:00:00-04:00,6.203777023972634,6.203777023972634,6.125671725214323,6.136829853057861,47200,0.0,0.0
2015-09-09 00:00:00-04:00,6.192618522203441,6.198197053260257,6.025250353377911,6.036407947540283,54900,0.0,0.0
2015-09-10 00:00:00-04:00,6.036408948306756,6.114514248587286,6.019672288264081,6.0754618644714355,57200,0.0,0.0
2015-09-11 00:00:00-04:00,6.069882135507966,6.069882135507966,6.030829755670159,6.0475664138793945,33100,0.0,0.0
2015-09-14 00:00:00-04:00,6.047566772663842,6.047566772663842,6.014092922210693,6.014092922210693,34100,0.0,0.0
2015-09-15 00:00:00-04:00,6.019671802313142,6.081039905548096,6.019671802313142,6.081039905548096,25900,0.0,0.0
2015-09-16 00:00:00-04:00,6.081039669457971,6.159144960400926,6.064303011416183,6.147987365722656,39700,0.0,0.0
2015-09-17 00:00:00-04:00,6.147987863454003,6.23167169248662,6.147987863454003,6.198197841644287,50600,0.0,0.0
2015-09-18 00:00:00-04:00,6.09219806913546,6.192619085982912,6.09219806913546,6.12567138671875,27000,0.0,0.0
2015-09-21 00:00:00-04:00,6.125670365112378,6.192618053211364,6.125670365112378,6.13124942779541,40000,0.0,0.0
2015-09-22 00:00:00-04:00,6.075461305313794,6.1089346223184116,6.047566519777424,6.086618900299072,45200,0.0,0.0
2015-09-23 00:00:00-04:00,6.0587232090620935,6.164723271844903,6.0587232090620935,6.13124942779541,59600,0.0,0.0
2015-09-24 00:00:00-04:00,6.0754605447468295,6.125670513968135,6.058723356291013,6.114512920379639,20400,0.0,0.0
2015-09-25 00:00:00-04:00,6.170303704539657,6.181461300334377,6.120093193341373,6.136829853057861,25200,0.0,0.0
2015-09-28 00:00:00-04:00,6.153564919299779,6.153564919299779,6.036407267524866,6.053144454956055,29000,0.0,0.0
2015-09-29 00:00:00-04:00,6.075461713129826,6.075461713129826,5.975040691277639,5.997356414794922,53800,0.0,0.0
2015-09-30 00:00:00-04:00,6.058724178797387,6.058724178797387,5.980619416928603,5.9861979484558105,57500,0.0,0.0
2015-10-01 00:00:00-04:00,6.0434833890556305,6.095039257998179,5.957556758716477,5.974742412567139,81800,0.28,0.0
2015-10-02 00:00:00-04:00,5.9346428646688345,6.003383838432795,5.831531677175244,5.980470180511475,84300,0.0,0.0
2015-10-05 00:00:00-04:00,6.037754577458914,6.123680657788712,5.957556501860993,6.112224102020264,44300,0.0,0.0
2015-10-06 00:00:00-04:00,6.1179519762423675,6.163779286855786,6.106494875436695,6.13513708114624,54200,0.0,0.0
2015-10-07 00:00:00-04:00,6.180964019475124,6.203877673401726,6.140865261679723,6.152321815490723,51400,0.0,0.0
2015-10-08 00:00:00-04:00,6.14659329304891,6.266890113280197,6.112223085156888,6.255433559417725,48900,0.0,0.0
2015-10-09 00:00:00-04:00,6.232520655480696,6.284076519828154,6.215335549466433,6.278347969055176,46100,0.0,0.0
2015-10-12 00:00:00-04:00,6.278348719167752,6.324176038217502,6.2611636111002795,6.301262378692627,32600,0.0,0.0
2015-10-13 00:00:00-04:00,6.272618797744279,6.301261002470979,6.238248589115932,6.243976593017578,29200,0.0,0.0
2015-10-14 00:00:00-04:00,6.261161547330735,6.289803202567572,6.192420591414125,6.209605693817139,52100,0.0,0.0
2015-10-15 00:00:00-04:00,6.261162644788205,6.261162644788205,6.169508020834157,6.198149681091309,132600,0.0,0.0
2015-10-16 00:00:00-04:00,6.192420845462465,6.272618357503056,6.18096374585405,6.261161804199219,66100,0.0,0.0
2015-10-19 00:00:00-04:00,6.261162056872022,6.329903018382858,6.24970495680125,6.312717914581299,53500,0.0,0.0
2015-10-20 00:00:00-04:00,6.318444313307163,6.341357961323606,6.272617017274277,6.306987762451172,55600,0.0,0.0
2015-10-21 00:00:00-04:00,6.34135976130559,6.34135976130559,6.232520038909668,6.243976593017578,70400,0.0,0.0
2015-10-22 00:00:00-04:00,6.2898044647732885,6.375731086640781,6.284076460359188,6.33563232421875,55400,0.0,0.0
2015-10-23 00:00:00-04:00,6.39291657508077,6.40437367720396,6.358546361320597,6.375731468200684,56300,0.0,0.0
2015-10-26 00:00:00-04:00,6.3642737355346055,6.3642737355346055,6.278347663342634,6.28407621383667,30200,0.0,0.0
2015-10-27 00:00:00-04:00,6.295533480778418,6.295533480778418,6.215335950007168,6.232521057128906,63900,0.0,0.0
2015-10-28 00:00:00-04:00,6.26116180419922,6.2898034606111,6.238248151286967,6.261161804199219,50500,0.0,0.0
2015-10-29 00:00:00-04:00,6.238248825073243,6.2955326903887485,6.226791724227359,6.238248825073242,44200,0.0,0.0
2015-10-30 00:00:00-04:00,6.226792609665139,6.255434819548078,6.215336053494793,6.249706268310547,49000,0.0,0.0
2015-11-02 00:00:00-05:00,6.266891616252947,6.306990930150029,6.2611636111002795,6.301262378692627,31900,0.0,0.0
2015-11-03 00:00:00-05:00,6.306989946648342,6.341360157423651,6.284076290696585,6.329903602600098,55300,0.0,0.0
2015-11-04 00:00:00-05:00,6.335631331990474,6.375730088132606,6.318445682525635,6.318445682525635,58800,0.0,0.0
2015-11-05 00:00:00-05:00,6.3413611462849735,6.347089697742376,6.289805275777821,6.301262378692627,27800,0.0,0.0
2015-11-06 00:00:00-05:00,6.301261319014136,6.301261319014136,6.261162558165169,6.28407621383667,35600,0.0,0.0
2015-11-09 00:00:00-05:00,6.29553226447514,6.318445918312086,6.255433506836636,6.312717914581299,82800,0.0,0.0
2015-11-10 00:00:00-05:00,6.301259213870946,6.329901410467615,6.278345565854503,6.306987762451172,70200,0.0,0.0
2015-11-11 00:00:00-05:00,6.324175032747204,6.3356321338404635,6.226791858673096,6.226791858673096,79400,0.0,0.0
2015-11-12 00:00:00-05:00,6.209605065411841,6.2382472640546744,6.169506315094575,6.175234317779541,51600,0.0,0.0
2015-11-13 00:00:00-05:00,6.163779286855786,6.163779286855786,6.1179519762423675,6.13513708114624,35600,0.0,0.0
2015-11-16 00:00:00-05:00,6.135136711621922,6.152321815490723,6.129408161564121,6.152321815490723,41800,0.0,0.0
2015-11-17 00:00:00-05:00,6.180964376940003,6.232520237832645,6.169507822466434,6.221063137054443,50700,0.0,0.0
2015-11-18 00:00:00-05:00,6.232520670433187,6.232520670433187,6.123680390704174,6.146594047546387,222000,0.0,0.0
2015-11-19 00:00:00-05:00,6.14086493245768,6.186692237854003,6.14086493245768,6.186692237854004,44500,0.0,0.0
2015-11-20 00:00:00-05:00,6.186693126249378,6.215335332811181,6.186693126249378,6.198149681091309,35300,0.0,0.0
2015-11-23 00:00:00-05:00,6.209606384389231,6.255433693430105,6.192421280075057,6.243976593017578,91700,0.0,0.0
2015-11-24 00:00:00-05:00,6.221062795286741,6.347088165400319,6.198149141293782,6.341359615325928,194200,0.0,0.0
2015-11-25 00:00:00-05:00,6.312718420002209,6.324174974685638,6.278347663342634,6.28407621383667,30500,0.0,0.0
2015-11-27 00:00:00-05:00,6.301260560219514,6.301260560219514,6.243976154786597,6.261161804199219,17000,0.0,0.0
2015-11-30 00:00:00-05:00,6.2439763951862615,6.272618599005475,6.215334737671646,6.266890048980713,56600,0.0,0.0
2015-12-01 00:00:00-05:00,6.284075476205115,6.324174232347247,6.272618376561889,6.318445682525635,41900,0.0,0.0
2015-12-02 00:00:00-05:00,6.29553066529072,6.318444313307163,6.243974820677607,6.306987762451172,62500,0.0,0.0
2015-12-03 00:00:00-05:00,6.306988541992885,6.306988541992885,6.215333938598633,6.215333938598633,52400,0.0,0.0
2015-12-04 00:00:00-05:00,6.2210625018743455,6.26116180419922,6.186692295658258,6.261161804199219,35400,0.0,0.0
2015-12-07 00:00:00-05:00,6.221062246650963,6.232519345789342,6.169506939441923,6.209605693817139,67100,0.0,0.0
2015-12-08 00:00:00-05:00,6.180964335608225,6.192421436309814,6.129408475060333,6.1924214363098145,76700,0.0,0.0
2015-12-09 00:00:00-05:00,6.180964391759659,6.2153351478720404,6.1179519762423675,6.13513708114624,38300,0.0,0.0
2015-12-10 00:00:00-05:00,6.140863853630337,6.19241969972001,6.123678207397461,6.123678207397461,36100,0.0,0.0
2015-12-11 00:00:00-05:00,6.106495550983691,6.135137759861856,6.089310444178671,6.112224102020264,62800,0.0,0.0
2015-12-14 00:00:00-05:00,6.1294076257121795,6.1294076257121795,6.026296465209074,6.07785177230835,54600,0.0,0.0
2015-12-15 00:00:00-05:00,6.129408558976707,6.135137109405931,6.089309798581422,6.106494903564453,50500,0.0,0.0
2015-12-16 00:00:00-05:00,6.146593424729566,6.249705143223842,6.083581011374519,6.243976593017578,146200,0.0,0.0
2015-12-17 00:00:00-05:00,6.2325210162288025,6.2325210162288025,6.152322939679136,6.158051490783691,74100,0.0,0.0
2015-12-18 00:00:00-05:00,6.1580505644370565,6.1580505644370565,6.112223255103754,6.129408359527588,49500,0.0,0.0
2015-12-21 00:00:00-05:00,6.169508174768302,6.192421831328527,6.083581552938956,6.100766658782959,53100,0.0,0.0
2015-12-22 00:00:00-05:00,6.123679980340568,6.140865631549077,6.066396115226112,6.13513708114624,138900,0.0,0.0
2015-12-23 00:00:00-05:00,6.158051531195098,6.2439776131084965,6.158051531195098,6.232521057128906,85600,0.0,0.0
2015-12-24 00:00:00-05:00,6.198148594678759,6.232519345789342,6.175234942706557,6.209605693817139,46900,0.0,0.0
2015-12-28 00:00:00-05:00,6.192422146059058,6.215335803783873,6.100766968855105,6.140866279602051,107700,0.0,0.0
2015-12-29 00:00:00-05:00,6.182040188407397,6.229096585424523,6.182040188407397,6.211450576782227,102900,0.28,0.0
2015-12-30 00:00:00-05:00,6.182041240529129,6.22321545468743,6.1585130380163005,6.187923431396484,80200,0.0,0.0
2015-12-31 00:00:00-05:00,6.158511491053776,6.182039687656534,6.117336726281609,6.14674711227417,102200,0.0,0.0
2016-01-04 00:00:00-05:00,6.040870970653233,6.076162987781825,5.993814012887614,6.058516979217529,74200,0.0,0.0
2016-01-05 00:00:00-05:00,6.082046332749828,6.099692344665527,6.058518129876692,6.099692344665527,23400,0.0,0.0
2016-01-06 00:00:00-05:00,6.052634962401384,6.070280971470118,6.029106763324232,6.0408711433410645,37800,0.0,0.0
2016-01-07 00:00:00-05:00,5.9702858344668455,5.982050214186753,5.91146561873681,5.940876007080078,63200,0.0,0.0
2016-01-08 00:00:00-05:00,5.923229208294624,5.946757405867491,5.834998607635497,5.834998607635498,76100,0.0,0.0
2016-01-11 00:00:00-05:00,5.864409706513704,5.870291335903324,5.735004323680767,5.758532524108887,72300,0.0,0.0
2016-01-12 00:00:00-05:00,5.817352797721733,5.829116616430374,5.717357814394034,5.787942409515381,69700,0.0,0.0
2016-01-13 00:00:00-05:00,5.799706483964294,5.817353054240136,5.682065486907959,5.682065486907959,66100,0.0,0.0
2016-01-14 00:00:00-05:00,5.670301020755941,5.717357414209811,5.5644238550065035,5.699710845947266,163000,0.0,0.0
2016-01-15 00:00:00-05:00,5.582069664610877,5.582069664610877,5.4879568810363555,5.540895462036133,100400,0.0,0.0
2016-01-19 00:00:00-05:00,5.599716082417639,5.623244277681729,5.458546349876676,5.529130935668945,88100,0.0,0.0
2016-01-20 00:00:00-05:00,5.411490989111954,5.411490989111954,5.164444611349848,5.3291425704956055,181400,0.0,0.0
2016-01-21 00:00:00-05:00,5.376198825851395,5.458547242260121,5.352670626740828,5.405608654022217,106200,0.0,0.0
2016-01-22 00:00:00-05:00,5.458546473526411,5.576187452511723,5.458546473526411,5.570305824279785,112000,0.0,0.0
2016-01-25 00:00:00-05:00,5.576188537105628,5.576188537105628,5.505603935985416,5.517368316650391,42600,0.0,0.0
2016-01-26 00:00:00-05:00,5.546777416095753,5.646772384643555,5.523249221199589,5.646772384643555,83800,0.0,0.0
2016-01-27 00:00:00-05:00,5.652654012650284,5.699710402442613,5.605597622857957,5.646772384643555,87100,0.0,0.0
2016-01-28 00:00:00-05:00,5.687946585472738,5.699710402442613,5.6173620007842455,5.646772384643555,80300,0.0,0.0
2016-01-29 00:00:00-05:00,5.687945733223173,5.740884304046631,5.6585353537705485,5.740884304046631,37700,0.0,0.0
2016-02-01 00:00:00-05:00,5.723239942988433,5.764414714455054,5.682065732478358,5.758532524108887,74400,0.0,0.0
2016-02-02 00:00:00-05:00,5.7114745544502235,5.7114745544502235,5.623243967318692,5.629125595092773,52300,0.0,0.0
2016-02-03 00:00:00-05:00,5.670301363971224,5.670301363971224,5.558542002036304,5.664419174194336,40900,0.0,0.0
2016-02-04 00:00:00-05:00,5.646771795229079,5.664417799320195,5.576186656951904,5.576186656951904,125700,0.0,0.0
2016-02-05 00:00:00-05:00,5.564424289339645,5.57030647921963,5.429136726882505,5.458547115325928,79800,0.0,0.0
2016-02-08 00:00:00-05:00,5.387961267575251,5.429135465254035,5.282084118165382,5.323258876800537,64300,0.0,0.0
2016-02-09 00:00:00-05:00,5.293850018046778,5.340906417775115,5.270321818182609,5.299732208251953,49700,0.0,0.0
2016-02-10 00:00:00-05:00,5.352670623249505,5.358552252305924,5.293849845033197,5.317378044128418,41300,0.0,0.0
2016-02-11 00:00:00-05:00,5.258556708638381,5.258556708638381,5.170326111620641,5.223264694213867,67400,0.0,0.0
2016-02-12 00:00:00-05:00,5.270321699787183,5.270321699787183,5.223265301115946,5.258557319641113,36500,0.0,0.0
2016-02-16 00:00:00-05:00,5.305613725236279,5.346787929534913,5.287967156859898,5.346787929534912,45000,0.0,0.0
2016-02-17 00:00:00-05:00,5.429136302210314,5.493839263916016,5.411490294907149,5.493839263916016,81100,0.0,0.0
2016-02-18 00:00:00-05:00,5.517367792068809,5.517367792068809,5.452665387432875,5.482075214385986,36600,0.0,0.0
2016-02-19 00:00:00-05:00,5.464428382369359,5.5408951550258925,5.452664565552573,5.52324914932251,67200,0.0,0.0
2016-02-22 00:00:00-05:00,5.582069641700098,5.587951830888472,5.56442363509141,5.570305824279785,26600,0.0,0.0
2016-02-23 00:00:00-05:00,5.570305824279784,5.576187452511723,5.546777628482722,5.570305824279785,55700,0.0,0.0
2016-02-24 00:00:00-05:00,5.529131290826061,5.582069873809815,5.499721465574161,5.5820698738098145,32500,0.0,0.0
2016-02-25 00:00:00-05:00,5.599715773353191,5.6467721612841935,5.546777196691716,5.629125595092773,45000,0.0,0.0
2016-02-26 00:00:00-05:00,5.658536984417447,5.670301363971224,5.617362777892208,5.664419174194336,27500,0.0,0.0
2016-02-29 00:00:00-05:00,5.629124405907809,5.646770968371291,5.599714590381219,5.617360591888428,36100,0.0,0.0
2016-03-01 00:00:00-05:00,5.6585379294405715,5.752650737762451,5.629127536600838,5.752650737762451,43000,0.0,0.0
2016-03-02 00:00:00-05:00,5.729121731808353,5.764414310455322,5.729121731808353,5.764414310455322,21600,0.0,0.0
2016-03-03 00:00:00-05:00,5.717357270362568,5.782059669494629,5.70559289181686,5.782059669494629,36500,0.0,0.0
2016-03-04 00:00:00-05:00,5.782059949899925,5.834998534010019,5.7761777603418105,5.829116344451904,18300,0.0,0.0
2016-03-07 00:00:00-05:00,5.811469152887696,5.834997345370789,5.793823148764465,5.817351341247559,24200,0.0,0.0
2016-03-08 00:00:00-05:00,5.817352220987689,5.8291160385300635,5.782059646447684,5.811470031738281,31500,0.0,0.0
2016-03-09 00:00:00-05:00,5.8291160385300635,5.840880417028879,5.7997056532394655,5.811470031738281,28200,0.0,0.0
2016-03-10 00:00:00-05:00,5.834999111976255,5.84676293130124,5.764414513156767,5.805588722229004,32700,0.0,0.0
2016-03-11 00:00:00-05:00,5.852644893988508,5.882055282592773,5.852644893988508,5.882055282592773,23600,0.0,0.0
2016-03-14 00:00:00-04:00,5.840881476262627,5.876173496246338,5.840881476262627,5.876173496246338,17100,0.0,0.0
2016-03-15 00:00:00-04:00,5.834998534010019,5.858526731286008,5.817352526292145,5.829116344451904,29200,0.0,0.0
2016-03-16 00:00:00-04:00,5.811470785348237,5.864409373544904,5.811470785348237,5.858527183532715,33500,0.0,0.0
2016-03-17 00:00:00-04:00,5.8526448678901914,5.940876033309543,5.840881049074847,5.911465644836426,61200,0.0,0.0
2016-03-18 00:00:00-04:00,5.934994248972774,5.934994248972774,5.882055658295071,5.90558385848999,25400,0.0,0.0
2016-03-21 00:00:00-04:00,5.887937044715415,5.9291112491959606,5.876172665745851,5.917347431182861,39300,0.0,0.0
2016-03-22 00:00:00-04:00,5.923229868397043,5.934994248972774,5.876173468007206,5.90558385848999,31400,0.0,0.0
2016-03-23 00:00:00-04:00,5.905583628120258,5.917348008237073,5.882055428843146,5.893819808959961,36300,0.0,0.0
2016-03-24 00:00:00-04:00,5.882054755683309,5.882054755683309,5.840880551899591,5.846762180328369,34200,0.0,0.0
2016-03-28 00:00:00-04:00,5.840881347656251,5.887937747236124,5.840881347656251,5.84088134765625,49000,0.0,0.0
2016-03-29 00:00:00-04:00,5.840881376024143,5.905583785521582,5.840881376024143,5.8997015953063965,47500,0.0,0.0
2016-03-30 00:00:00-04:00,5.91146561873681,5.958522015703439,5.8997012390169035,5.940876007080078,57300,0.0,0.0
2016-03-31 00:00:00-04:00,5.934992433711562,6.011459201196258,5.934992433711562,5.99969482421875,92400,0.0,0.0
2016-04-01 00:00:00-04:00,5.951312571105037,5.987600738827126,5.896879742731877,5.9755048751831055,70300,0.28,0.0
2016-04-04 00:00:00-04:00,5.951312981972408,5.993649372834345,5.878736064727631,5.896880149841309,82500,0.0,0.0
2016-04-05 00:00:00-04:00,5.890829007358628,5.890829007358628,5.830348561381283,5.84244441986084,45400,0.0,0.0
2016-04-06 00:00:00-04:00,5.866638166975381,5.8847822475845115,5.830350005757119,5.872686386108398,33800,0.0,0.0
2016-04-07 00:00:00-04:00,5.8303500055148225,5.866638166731577,5.812205348116523,5.836397647857666,20900,0.0,0.0
2016-04-08 00:00:00-04:00,5.87873460499711,5.896878685605487,5.806157705773679,5.836397647857666,46700,0.0,0.0
2016-04-11 00:00:00-04:00,5.866637655075754,5.890829952706979,5.830349497023854,5.848493576049805,41500,0.0,0.0
2016-04-12 00:00:00-04:00,5.866639668678628,5.921072501229297,5.866639668678628,5.915024280548096,37000,0.0,0.0
2016-04-13 00:00:00-04:00,5.939214692707484,5.981551647186279,5.927118831992034,5.981551647186279,35800,0.0,0.0
2016-04-14 00:00:00-04:00,5.969456195831299,5.97550441558313,5.945263893613958,5.969456195831299,34100,0.0,0.0
2016-04-15 00:00:00-04:00,5.97550299944209,5.987598859289158,5.945262484639651,5.963406562805176,44700,0.0,0.0
2016-04-18 00:00:00-04:00,5.927118008793007,6.011790752410889,5.927118008793007,6.011790752410889,69200,0.0,0.0
2016-04-19 00:00:00-04:00,6.035984022931002,6.042032241821289,5.999695863169076,6.042032241821289,29200,0.0,0.0
2016-04-20 00:00:00-04:00,6.0238871882361895,6.0238871882361895,5.9936466754627435,6.011790752410889,40900,0.0,0.0
2016-04-21 00:00:00-04:00,6.0238885382593175,6.035984400005634,5.993648018708621,6.005744457244873,29100,0.0,0.0
2016-04-22 00:00:00-04:00,5.999697179261173,6.011793042905194,5.951312571105037,5.9755048751831055,37900,0.0,0.0
2016-04-25 00:00:00-04:00,5.963407944980753,5.975504384421334,5.927119780238972,5.945263862609863,47800,0.0,0.0
2016-04-26 00:00:00-04:00,5.969456195831299,5.97550441558313,5.939215673862127,5.969456195831299,48500,0.0,0.0
2016-04-27 00:00:00-04:00,5.9875988644086515,6.035983457417986,5.951310708046574,5.999695301055908,64800,0.0,0.0
2016-04-28 00:00:00-04:00,5.963407944980753,5.987600247071934,5.927119780238972,5.945263862609863,27500,0.0,0.0
2016-04-29 00:00:00-04:00,5.945264232995301,5.951312453092391,5.878735542297363,5.878735542297363,38800,0.0,0.0
2016-05-02 00:00:00-04:00,5.890831929206727,5.90292837047589,5.878736064727631,5.896880149841309,34700,0.0,0.0
2016-05-03 00:00:00-04:00,5.8424467985048425,5.878735542297363,5.806158631502337,5.878735542297363,32700,0.0,0.0
2016-05-04 00:00:00-04:00,5.8303500055148225,5.866638166731577,5.8243017863820565,5.836397647857666,39100,0.0,0.0
2016-05-05 00:00:00-04:00,5.830349971930011,5.848494052433872,5.781965372726436,5.8122053146362305,100200,0.0,0.0
2016-05-06 00:00:00-04:00,5.7819658131720315,5.8545427175059945,5.7819658131720315,5.8243021965026855,56900,0.0,0.0
2016-05-09 00:00:00-04:00,5.806158114616686,5.890830881277995,5.806158114616686,5.8243021965026855,66500,0.0,0.0
2016-05-10 00:00:00-04:00,5.87268784409305,5.896880149841309,5.842447317710209,5.896880149841309,28700,0.0,0.0
2016-05-11 00:00:00-04:00,5.884782314300538,5.908975191106885,5.87873467188888,5.884782314300537,29400,0.0,0.0
2016-05-12 00:00:00-04:00,5.908976065992795,5.908976065992795,5.854543238699021,5.878735542297363,32000,0.0,0.0
2016-05-13 00:00:00-04:00,5.872686799391994,5.878735018950649,5.8243021965026855,5.8243021965026855,19100,0.0,0.0
2016-05-16 00:00:00-04:00,5.842446293091021,5.872686814170429,5.8122057720116125,5.8545427322387695,27300,0.0,0.0
2016-05-17 00:00:00-04:00,5.866638166731577,5.872686385864343,5.836397647857667,5.836397647857666,30800,0.0,0.0
2016-05-18 00:00:00-04:00,5.836398073517146,5.872686814170429,5.824302211159361,5.8545427322387695,29400,0.0,0.0
2016-05-19 00:00:00-04:00,5.8363976142380185,5.8363976142380185,5.79406123413237,5.8122053146362305,28100,0.0,0.0
2016-05-20 00:00:00-04:00,5.860589504241944,5.890830020828142,5.848493643681392,5.860589504241943,33400,0.0,0.0
2016-05-23 00:00:00-04:00,5.842445425006177,5.890830020828142,5.842445425006177,5.860589504241943,44100,0.0,0.0
2016-05-24 00:00:00-04:00,5.87268784409305,5.9210724555895675,5.87268784409305,5.896880149841309,93100,0.0,0.0
2016-05-25 00:00:00-04:00,5.896879258427503,5.951312082330153,5.896879258427503,5.945263862609863,31100,0.0,0.0
2016-05-26 00:00:00-04:00,5.93316650390625,5.957358799897322,5.902925989719951,5.93316650390625,36000,0.0,0.0
2016-05-27 00:00:00-04:00,5.93316650390625,5.957358799897322,5.927118285711023,5.93316650390625,23800,0.0,0.0
2016-05-31 00:00:00-04:00,5.951312082330153,5.969456164701044,5.9392156428895735,5.945263862609863,23800,0.0,0.0
2016-06-01 00:00:00-04:00,5.908976183165924,5.9755048751831055,5.908976183165924,5.9755048751831055,29800,0.0,0.0
2016-06-02 00:00:00-04:00,5.951310702958107,5.969454781123633,5.927118406474126,5.963406562805176,49000,0.0,0.0
2016-06-03 00:00:00-04:00,5.945262447864786,5.95131066614583,5.902926073477152,5.93921422958374,88600,0.0,0.0
2016-06-06 00:00:00-04:00,5.927119780238972,5.957360302050443,5.9210715605186826,5.945263862609863,129400,0.0,0.0
2016-06-07 00:00:00-04:00,5.9452628927165945,5.975503409594713,5.933167032039278,5.951311111450195,151000,0.0,0.0
2016-06-08 00:00:00-04:00,5.951310702958107,5.97550299944209,5.933166624792582,5.963406562805176,132900,0.0,0.0
2016-06-09 00:00:00-04:00,5.945262857532299,5.951311076230106,5.927118778228759,5.92711877822876,53400,0.0,0.0
2016-06-10 00:00:00-04:00,5.8968782263456045,5.933166961526046,5.872685928488602,5.902926445007324,66100,0.0,0.0
2016-06-13 00:00:00-04:00,5.890830896102088,5.9150231976076215,5.830350430733237,5.8545427322387695,50400,0.0,0.0
2016-06-14 00:00:00-04:00,5.824300689921932,5.854541203102881,5.77591609954834,5.77591609954834,80600,0.0,0.0
2016-06-15 00:00:00-04:00,5.788012488544517,5.824301223041258,5.788012488544517,5.794060707092285,72600,0.0,0.0
2016-06-16 00:00:00-04:00,5.775916628238848,5.812204785945722,5.727532033436439,5.794060707092285,69700,0.0,0.0
2016-06-17 00:00:00-04:00,5.788013472896142,5.830350433140782,5.763821171380618,5.818253993988037,49600,0.0,0.0
2016-06-20 00:00:00-04:00,5.872685941592375,5.92107053741434,5.848493643681392,5.860589504241943,74400,0.0,0.0
2016-06-21 00:00:00-04:00,5.8968782263456045,5.915022305540886,5.866637709826882,5.902926445007324,66300,0.0,0.0
2016-06-22 00:00:00-04:00,5.878735079879558,5.921071463648999,5.8363981193201475,5.908975601196289,65400,0.0,0.0
2016-06-23 00:00:00-04:00,5.957360302050443,5.957360302050443,5.915023340798393,5.945263862609863,58200,0.0,0.0
2016-06-24 00:00:00-04:00,5.703340254823146,5.860589913839806,5.703340254823146,5.8122053146362305,150700,0.0,0.0
2016-06-27 00:00:00-04:00,5.800109316759425,5.800109316759425,5.648907303608407,5.715435981750488,141500,0.0,0.0
2016-06-28 00:00:00-04:00,5.794061267508146,5.836397647857667,5.775917186899769,5.836397647857666,48700,0.0,0.0
2016-06-29 00:00:00-04:00,5.902926496360981,5.92107057571411,5.8847818402179675,5.921070575714111,51100,0.0,0.0
2016-06-30 00:00:00-04:00,5.945263893613958,5.969456195831299,5.9210715913966165,5.969456195831299,108000,0.0,0.0
2016-07-01 00:00:00-04:00,5.994353594829642,6.0005784034729,5.963230145243775,6.0005784034729,84400,0.28,0.0
2016-07-05 00:00:00-04:00,5.94455681809656,5.94455681809656,5.838737436690626,5.882309913635254,107400,0.0,0.0
2016-07-06 00:00:00-04:00,5.8574108596994785,5.907208142323222,5.838737027123183,5.9009833335876465,126900,0.0,0.0
2016-07-07 00:00:00-04:00,5.888535857605922,5.919659315834475,5.876086236862265,5.9134345054626465,150700,0.0,0.0
2016-07-08 00:00:00-04:00,5.9196590799626625,5.975681183815711,5.9196590799626625,5.963231563568115,170200,0.0,0.0
2016-07-11 00:00:00-04:00,5.994353470623652,6.0005782791379305,5.94455618977026,5.988128662109375,152600,0.0,0.0
2016-07-12 00:00:00-04:00,6.006802506942633,6.044150764478221,5.994353483517713,6.025476932525635,111100,0.0,0.0
2016-07-13 00:00:00-04:00,6.037927328405736,6.0441521383483385,6.000579656011224,6.031702518463135,75000,0.0,0.0
2016-07-14 00:00:00-04:00,6.075276076152734,6.081500886588914,6.0379278071662466,6.069051265716553,88600,0.0,0.0
2016-07-15 00:00:00-04:00,6.069051265716553,6.093949913830679,6.031702996730066,6.069051265716553,71400,0.0,0.0
2016-07-18 00:00:00-04:00,6.1126232756166585,6.118848085568214,6.050376956992765,6.106399059295654,53300,0.0,0.0
2016-07-19 00:00:00-04:00,6.093948123315455,6.093948123315455,6.050375650325786,6.081499099731445,93600,0.0,0.0
2016-07-20 00:00:00-04:00,6.100173173111146,6.112622197187365,6.0690497224749285,6.0939483642578125,60500,0.0,0.0
2016-07-21 00:00:00-04:00,6.112622488884008,6.112622488884008,6.056600393791511,6.0628252029418945,47200,0.0,0.0
2016-07-22 00:00:00-04:00,6.069049072381445,6.118846350613119,6.062824264194891,6.100172519683838,66600,0.0,0.0
2016-07-25 00:00:00-04:00,6.0877244470421426,6.100174066572239,6.062825801612482,6.075275421142578,36100,0.0,0.0
2016-07-26 00:00:00-04:00,6.075275603168432,6.1126232756166585,6.069050793216878,6.106399059295654,49100,0.0,0.0
2016-07-27 00:00:00-04:00,6.106398345330696,6.137521204188459,6.100173536106952,6.118847370147705,50400,0.0,0.0
2016-07-28 00:00:00-04:00,6.093949439392546,6.131297705471322,6.081500413119987,6.106399059295654,25400,0.0,0.0
2016-07-29 00:00:00-04:00,6.118847669719543,6.162420149158054,6.106398644293043,6.125072479248047,107200,0.0,0.0
2016-08-01 00:00:00-04:00,6.118847669719543,6.14374631420305,6.106398644293043,6.125072479248047,39500,0.0,0.0
2016-08-02 00:00:00-04:00,6.112623092471804,6.118847902236852,6.075275421142579,6.075275421142578,23400,0.0,0.0
2016-08-03 00:00:00-04:00,6.0628252029418945,6.112622488884008,6.050376178271603,6.0628252029418945,62300,0.0,0.0
2016-08-04 00:00:00-04:00,6.05660033069294,6.075274757949535,6.031701687981281,6.044151306152344,83800,0.0,0.0
2016-08-05 00:00:00-04:00,6.062826039263307,6.093949495677994,6.044152202866717,6.087724685668945,133100,0.0,0.0
2016-08-08 00:00:00-04:00,6.131297288776551,6.162420149158054,6.100173834764539,6.125072479248047,138900,0.0,0.0
2016-08-09 00:00:00-04:00,6.118847669719543,6.149971123731555,6.1126228601910375,6.125072479248047,63500,0.0,0.0
2016-08-10 00:00:00-04:00,6.125072479248047,6.137521504674545,6.100173834764539,6.125072479248047,59200,0.0,0.0
2016-08-11 00:00:00-04:00,6.125071825809647,6.131296634674072,6.106397992846816,6.131296634674072,49800,0.0,0.0
2016-08-12 00:00:00-04:00,6.143744594480308,6.15619421005249,6.112621149180197,6.15619421005249,101500,0.0,0.0
2016-08-15 00:00:00-04:00,6.14374679586252,6.19354408873356,6.14374679586252,6.187319278717041,68100,0.0,0.0
2016-08-16 00:00:00-04:00,6.15619475230643,6.174868583679199,6.15619475230643,6.174868583679199,44400,0.0,0.0
2016-08-17 00:00:00-04:00,6.187317907786398,6.187317907786398,6.106397770023436,6.181093692779541,56800,0.0,0.0
2016-08-18 00:00:00-04:00,6.1561962392140925,6.199768720818093,6.1561962392140925,6.193543910980225,48700,0.0,0.0
2016-08-19 00:00:00-04:00,6.199768720818093,6.199768720818093,6.1624204554214215,6.193543910980225,68700,0.0,0.0
2016-08-22 00:00:00-04:00,6.1935440281193355,6.1935440281193355,6.156196355646843,6.16864538192749,48000,0.0,0.0
2016-08-23 00:00:00-04:00,6.199768720818093,6.2184425567011585,6.187319101142355,6.193543910980225,62400,0.0,0.0
2016-08-24 00:00:00-04:00,6.218441054759127,6.224665863093516,6.174868583679199,6.174868583679199,69600,0.0,0.0
2016-08-25 00:00:00-04:00,6.19354271642368,6.2122165487051,6.17486888414226,6.181093692779541,79500,0.0,0.0
2016-08-26 00:00:00-04:00,6.174868583679199,6.199767223386358,6.168643775344811,6.174868583679199,29200,0.0,0.0
2016-08-29 00:00:00-04:00,6.19976836602495,6.205993175506592,6.1935435565433075,6.205993175506592,29600,0.0,0.0
2016-08-30 00:00:00-04:00,6.19354408873356,6.205993708766599,6.16864544229804,6.187319278717041,42300,0.0,0.0
2016-08-31 00:00:00-04:00,6.174870075097158,6.205993530655961,6.1624204554214215,6.193543910980225,53100,0.0,0.0
2016-09-01 00:00:00-04:00,6.193542415051969,6.212216246424739,6.162418967010423,6.174868583679199,81400,0.0,0.0
2016-09-02 00:00:00-04:00,6.19976836602495,6.2246670103210135,6.1935435565433075,6.205993175506592,73900,0.0,0.0
2016-09-06 00:00:00-04:00,6.237116461775805,6.28691374903054,6.224666843146876,6.274464130401611,99700,0.0,0.0
2016-09-07 00:00:00-04:00,6.2744640162798415,6.299362659454346,6.2744640162798415,6.299362659454346,78300,0.0,0.0
2016-09-08 00:00:00-04:00,6.286912970093778,6.293137185006584,6.262014329551305,6.268238544464111,62900,0.0,0.0
2016-09-09 00:00:00-04:00,6.24956413068786,6.24956413068786,6.143744769825556,6.149969577789307,86500,0.0,0.0
2016-09-12 00:00:00-04:00,6.131295771102708,6.218440708408827,6.131295771102708,6.212215900421143,34300,0.0,0.0
2016-09-13 00:00:00-04:00,6.174869109464161,6.174869109464161,6.125071825809647,6.131296634674072,79400,0.0,0.0
2016-09-14 00:00:00-04:00,6.125071572721114,6.14374540491234,6.037926033111353,6.081499099731445,80900,0.0,0.0
2016-09-15 00:00:00-04:00,6.093949025236034,6.131297288776551,6.062825571224022,6.125072479248047,78700,0.0,0.0
2016-09-16 00:00:00-04:00,6.131297527633943,6.149971363316424,6.100174072409452,6.137521743774414,92900,0.0,0.0
2016-09-19 00:00:00-04:00,6.149971545691244,6.187319218163736,6.131297709454998,6.16864538192749,50700,0.0,0.0
2016-09-20 00:00:00-04:00,6.149969402266399,6.181092847566511,6.143744594480308,6.15619421005249,81800,0.0,0.0
2016-09-21 00:00:00-04:00,6.199768129095018,6.218441963195801,6.156195651649695,6.218441963195801,64900,0.0,0.0
2016-09-22 00:00:00-04:00,6.249564712464861,6.286912970093778,6.249564712464861,6.268238544464111,58900,0.0,0.0
2016-09-23 00:00:00-04:00,6.268238544464111,6.280688161550556,6.237115689008832,6.268238544464111,110700,0.0,0.0
2016-09-26 00:00:00-04:00,6.2557910056050785,6.2557910056050785,6.2059937127024565,6.224667549133301,98300,0.0,0.0
2016-09-27 00:00:00-04:00,6.212217162476464,6.2557902336120605,6.174869494223649,6.2557902336120605,67600,0.0,0.0
2016-09-28 00:00:00-04:00,6.255789943739135,6.286913394927978,6.230891301514152,6.2869133949279785,69400,0.0,0.0
2016-09-29 00:00:00-04:00,6.274464067738468,6.286913686243063,6.243340615107466,6.2557902336120605,107400,0.0,0.0
2016-09-30 00:00:00-04:00,6.262014991507829,6.318036493427605,6.262014991507829,6.299362659454346,86500,0.0,0.0
2016-10-03 00:00:00-04:00,6.318567815246844,6.318567815246844,6.2417463944243075,6.267353534698486,73500,0.28,0.0
2016-10-04 00:00:00-04:00,6.254551771967884,6.299364125579609,6.203336868596946,6.2161407470703125,64600,0.0,0.0
2016-10-05 00:00:00-04:00,6.209736980701717,6.241746056944363,6.209736980701717,6.222540855407715,33100,0.0,0.0
2016-10-06 00:00:00-04:00,6.203335043348718,6.254549931650361,6.203335043348718,6.222540855407715,84700,0.0,0.0
2016-10-07 00:00:00-04:00,6.241746780069604,6.241746780069604,6.177728620167614,6.203335762023926,42600,0.0,0.0
2016-10-10 00:00:00-04:00,6.209738444050152,6.22894365011258,6.196935176849365,6.196935176849365,68800,0.0,0.0
2016-10-11 00:00:00-04:00,6.184131697320615,6.184131697320615,6.120114136149619,6.132917404174805,46200,0.0,0.0
2016-10-12 00:00:00-04:00,6.171327036247946,6.177728363554308,6.139317957626559,6.1649250984191895,69700,0.0,0.0
2016-10-13 00:00:00-04:00,6.152123013572498,6.152123013572498,6.094507387909642,6.126515865325928,56700,0.0,0.0
2016-10-14 00:00:00-04:00,6.1521226114738505,6.20333690461966,6.132917404174805,6.132917404174805,89200,0.0,0.0
2016-10-17 00:00:00-04:00,6.132916673756396,6.1713276943023425,6.088104325221509,6.09450626373291,119500,0.0,0.0
2016-10-18 00:00:00-04:00,6.1393189481395884,6.196935176849365,6.107309864353881,6.196935176849365,97100,0.0,0.0
2016-10-19 00:00:00-04:00,6.171327292595351,6.228942903880238,6.171327292595351,6.203335762023926,60800,0.0,0.0
2016-10-20 00:00:00-04:00,6.196933927446803,6.235344331827497,6.184130052304992,6.228942394256592,58400,0.0,0.0
2016-10-21 00:00:00-04:00,6.216140747070312,6.222542686306995,6.164926454221903,6.2161407470703125,64700,0.0,0.0
2016-10-24 00:00:00-04:00,6.260951071229261,6.260951071229261,6.216138732143208,6.235343933105469,28600,0.0,0.0
2016-10-25 00:00:00-04:00,6.222540855407715,6.248147994297362,6.203335043348718,6.222540855407715,34800,0.0,0.0
2016-10-26 00:00:00-04:00,6.203335254495339,6.241746269398402,6.203335254495339,6.228942394256592,68400,0.0,0.0
2016-10-27 00:00:00-04:00,6.260951258481011,6.260951258481011,6.209736980701717,6.222540855407715,58100,0.0,0.0
2016-10-28 00:00:00-04:00,6.209738845303896,6.248149870433243,6.190533638000488,6.190533638000488,32700,0.0,0.0
2016-10-31 00:00:00-04:00,6.203335316132632,6.2225411290361805,6.1777281761169425,6.177728176116943,59800,0.0,0.0
2016-11-01 00:00:00-04:00,6.203337499849404,6.209739439737549,6.1457218724238665,6.171329021453857,51400,0.0,0.0
2016-11-02 00:00:00-04:00,6.171327068136148,6.171327068136148,6.100906972700747,6.139317989349365,139700,0.0,0.0
2016-11-03 00:00:00-04:00,6.12011277208316,6.12011277208316,6.068897879829724,6.081701755523682,44700,0.0,0.0
2016-11-04 00:00:00-04:00,6.0688979116926385,6.094505663215,6.056094646453857,6.056094646453857,73700,0.0,0.0
2016-11-07 00:00:00-05:00,6.088103816605154,6.120112895965576,6.075299940652022,6.120112895965576,42200,0.0,0.0
2016-11-08 00:00:00-05:00,6.113709977136038,6.171326188636659,6.107308040186567,6.145719051361084,50600,0.0,0.0
2016-11-09 00:00:00-05:00,6.075298965961521,6.158522314737716,6.0688970290120485,6.145719051361084,60500,0.0,0.0
2016-11-10 00:00:00-05:00,6.158523192412476,6.177728395475587,6.107308910562582,6.139317989349365,128700,0.0,0.0
2016-11-11 00:00:00-05:00,6.113713591398672,6.1265168623442525,6.088106438984839,6.10090970993042,51600,0.0,0.0
2016-11-14 00:00:00-05:00,6.088104015546056,6.100907281395152,6.056094935139674,6.0688982009887695,70200,0.0,0.0
2016-11-15 00:00:00-05:00,6.068898002675456,6.126514223419734,6.068898002675456,6.120112895965576,73700,0.0,0.0
2016-11-16 00:00:00-05:00,6.113710880279541,6.126514145547525,6.075299863430783,6.113710880279541,66000,0.0,0.0
2016-11-17 00:00:00-05:00,6.100908717079356,6.152123013572498,6.100908717079356,6.126515865325928,96500,0.0,0.0
2016-11-18 00:00:00-05:00,6.132917805018213,6.158524953264784,6.120114536156214,6.126515865325928,33600,0.0,0.0
2016-11-21 00:00:00-05:00,6.139318795604192,6.196935022882455,6.139318795604192,6.184131145477295,56400,0.0,0.0
2016-11-22 00:00:00-05:00,6.184130052304992,6.235344331827497,6.184130052304992,6.228942394256592,85900,0.0,0.0
2016-11-23 00:00:00-05:00,6.19693423702897,6.260951784369061,6.1905322991382405,6.254550457000732,105500,0.0,0.0
2016-11-25 00:00:00-05:00,6.2545502388086955,6.305764519103102,6.23534442580651,6.2929606437683105,77900,0.0,0.0
2016-11-28 00:00:00-05:00,6.273755472397626,6.318567815246844,6.260951596999346,6.267353534698486,62000,0.0,0.0
2016-11-29 00:00:00-05:00,6.2929607217076615,6.318567862172013,6.2737555189899945,6.299362659454346,118300,0.0,0.0
2016-11-30 00:00:00-05:00,6.280157965486979,6.3441755165726725,6.27375602722168,6.27375602722168,80900,0.0,0.0
2016-12-01 00:00:00-05:00,6.260952184228603,6.29936320350372,6.241746979852263,6.2481489181518555,60600,0.0,0.0
2016-12-02 00:00:00-05:00,6.216140670542146,6.260953023602177,6.196935463591063,6.209738731384277,95000,0.0,0.0
2016-12-05 00:00:00-05:00,6.241746056944363,6.248147994297362,6.216138918054716,6.222540855407715,123700,0.0,0.0
2016-12-06 00:00:00-05:00,6.241747670147449,6.312167167663574,6.228943792132241,6.312167167663574,123600,0.0,0.0
2016-12-07 00:00:00-05:00,6.318569301115553,6.4145965576171875,6.318569301115553,6.4145965576171875,161200,0.0,0.0
2016-12-08 00:00:00-05:00,6.401790618896484,6.427397756951177,6.382585417986047,6.401790618896484,129900,0.0,0.0
2016-12-09 00:00:00-05:00,6.3761854568126335,6.433801687921463,6.369783517684427,6.408194541931152,149200,0.0,0.0
2016-12-12 00:00:00-05:00,6.376185017337213,6.414596038936478,6.369783078650256,6.38258695602417,98600,0.0,0.0
2016-12-13 00:00:00-05:00,6.408193400501216,6.433800541930373,6.382586259072059,6.42099666595459,162700,0.0,0.0
2016-12-14 00:00:00-05:00,6.38898856745477,6.414596323337958,6.331372948285105,6.337774276733398,185000,0.0,0.0
2016-12-15 00:00:00-05:00,6.350577276830971,6.388987684301254,6.33137207309583,6.344175338745117,91500,0.0,0.0
2016-12-16 00:00:00-05:00,6.324970038225854,6.4402024799182644,6.324970038225854,6.42099666595459,178400,0.0,0.0
2016-12-19 00:00:00-05:00,6.446602957861614,6.459406832150125,6.395388681752229,6.401790618896484,87500,0.0,0.0
2016-12-20 00:00:00-05:00,6.427399748793256,6.427399748793256,6.382587395940841,6.408194541931152,134600,0.0,0.0
2016-12-21 00:00:00-05:00,6.369783593707415,6.42739982550389,6.369783593707415,6.4145965576171875,86300,0.0,0.0
2016-12-22 00:00:00-05:00,6.4273991240463255,6.459408206053543,6.401791980545044,6.453006267547607,84400,0.0,0.0
2016-12-23 00:00:00-05:00,6.465809267196565,6.465809267196565,6.4273982518955055,6.459407329559326,90500,0.0,0.0
2016-12-27 00:00:00-05:00,6.4402030010581965,6.49141728806076,6.4402030010581965,6.453006267547607,194700,0.0,0.0
2016-12-28 00:00:00-05:00,6.4955682883669486,6.502116390090909,6.430088520050049,6.430088520050049,112100,0.225,0.0
2016-12-29 00:00:00-05:00,6.443182468414307,6.456278042817487,6.416990695146815,6.443182468414307,82900,0.0,0.0
2016-12-30 00:00:00-05:00,6.449733128808004,6.449733128808004,6.390801459441178,6.436636924743652,63000,0.0,0.0
2017-01-03 00:00:00-05:00,6.469374241681799,6.482469816084978,6.436634368982151,6.443182468414307,67500,0.0,0.0
2017-01-04 00:00:00-05:00,6.430087563204328,6.495567321777344,6.430087563204328,6.495567321777344,92000,0.0,0.0
2017-01-05 00:00:00-05:00,6.436635730725421,6.48247118752526,6.436635730725421,6.4693756103515625,94400,0.0,0.0
2017-01-06 00:00:00-05:00,6.462825848774566,6.534853065874151,6.436634076696436,6.5021138191223145,108000,0.0,0.0
2017-01-09 00:00:00-05:00,6.521759033203125,6.541402710788387,6.502115355617864,6.521759033203125,70600,0.0,0.0
2017-01-10 00:00:00-05:00,6.521757492065636,6.5283055912004455,6.495565719987506,6.5021138191223145,68700,0.0,0.0
2017-01-11 00:00:00-05:00,6.515212535858154,6.521760638151756,6.489020751145151,6.515212535858154,86700,0.0,0.0
2017-01-12 00:00:00-05:00,6.495567321777344,6.508662898815192,6.469375543240389,6.495567321777344,52600,0.0,0.0
2017-01-13 00:00:00-05:00,6.508662184130798,6.528306484222412,6.49556660853091,6.528306484222412,125400,0.0,0.0
2017-01-17 00:00:00-05:00,6.515210932520954,6.5348546101062155,6.489019154253523,6.521759033203125,91400,0.0,0.0
2017-01-18 00:00:00-05:00,6.508662593951037,6.521758794836721,6.48901891708374,6.48901891708374,74000,0.0,0.0
2017-01-19 00:00:00-05:00,6.515210999564745,6.515210999564745,6.456279341741283,6.495567321777344,48500,0.0,0.0
2017-01-20 00:00:00-05:00,6.521758901753456,6.554498780043169,6.482470922913554,6.508662700653076,116700,0.0,0.0
2017-01-23 00:00:00-05:00,6.534853959791762,6.5414020598223,6.508662184130798,6.528306484222412,76900,0.0,0.0
2017-01-24 00:00:00-05:00,6.5610474236504155,6.567594900281301,6.5414031203738885,6.5479512214660645,112400,0.0,0.0
2017-01-25 00:00:00-05:00,6.587239542757388,6.633075003840263,6.574143339898668,6.600335121154785,128100,0.0,0.0
2017-01-26 00:00:00-05:00,6.61343067295881,6.678909807422392,6.567594591926914,6.606882572174072,188200,0.0,0.0
2017-01-27 00:00:00-05:00,6.633074350851758,6.633074350851758,6.580690793496387,6.606882572174072,89200,0.0,0.0
2017-01-30 00:00:00-05:00,6.593787019725426,6.600335121154785,6.554499660071911,6.600335121154785,78100,0.0,0.0
2017-01-31 00:00:00-05:00,6.606882875782032,6.613430976867676,6.561047417105108,6.613430976867676,164000,0.0,0.0
2017-02-01 00:00:00-05:00,6.6199782169356896,6.6330744186390005,6.554499081802937,6.580690860748291,212000,0.0,0.0
2017-02-02 00:00:00-05:00,6.554499660071911,6.600335121154785,6.554499660071911,6.600335121154785,37500,0.0,0.0
2017-02-03 00:00:00-05:00,6.626526659247937,6.659266540732012,6.613431081331087,6.633074760437012,91400,0.0,0.0
2017-02-06 00:00:00-05:00,6.587238287066938,6.606881963149125,6.574142086704678,6.593785762786865,65900,0.0,0.0
2017-02-07 00:00:00-05:00,6.606882639693646,6.613430740545302,6.554499081802937,6.580690860748291,112800,0.0,0.0
2017-02-08 00:00:00-05:00,6.574142994815105,6.613430976867676,6.567594893729462,6.613430976867676,43000,0.0,0.0
2017-02-09 00:00:00-05:00,6.619976934928146,6.6658130075519715,6.613429459805724,6.6461687088012695,98600,0.0,0.0
2017-02-10 00:00:00-05:00,6.652717656260428,6.692005634307861,6.646169555842318,6.692005634307861,64300,0.0,0.0
2017-02-13 00:00:00-05:00,6.678909433471642,6.711649311100965,6.672361333053532,6.692005634307861,52400,0.0,0.0
2017-02-14 00:00:00-05:00,6.698554297785728,6.744390384377101,6.6592669372346505,6.7247467041015625,93000,0.0,0.0
2017-02-15 00:00:00-05:00,6.692005568778903,6.724745446087633,6.692005568778903,6.718197345733643,93800,0.0,0.0
2017-02-16 00:00:00-05:00,6.711649763884026,6.731293442002336,6.698553562164307,6.698553562164307,97400,0.0,0.0
2017-02-17 00:00:00-05:00,6.698553216832629,6.711649417877197,6.685457640249297,6.711649417877197,113900,0.0,0.0
2017-02-21 00:00:00-05:00,6.711649245379653,6.724745446087633,6.698553044671673,6.718197345733643,76400,0.0,0.0
2017-02-22 00:00:00-05:00,6.711649524030228,6.7378413020723835,6.705101423404377,6.731293201446533,56600,0.0,0.0
2017-02-23 00:00:00-05:00,6.744389467129987,6.77712934611077,6.73784136644158,6.770581245422363,70600,0.0,0.0
2017-02-24 00:00:00-05:00,6.7509377403157425,6.80332129823898,6.724745961354125,6.764033317565918,96000,0.0,0.0
2017-02-27 00:00:00-05:00,6.796773303050299,6.796773303050299,6.7771296246390085,6.783677101135254,74000,0.0,0.0
2017-02-28 00:00:00-05:00,6.783676583331489,6.809868360701061,6.777129107335018,6.80332088470459,78900,0.0,0.0
2017-03-01 00:00:00-05:00,6.842609476198859,6.855705679483062,6.8098695924496955,6.816417694091797,83900,0.0,0.0
2017-03-02 00:00:00-05:00,6.8164184929840355,6.822966595393582,6.757486820220948,6.757486820220947,82900,0.0,0.0
2017-03-03 00:00:00-05:00,6.783676583331489,6.822964561616462,6.757484805961917,6.80332088470459,48000,0.0,0.0
2017-03-06 00:00:00-05:00,6.770581523681486,6.790225202092776,6.770581523681486,6.783677101135254,54700,0.0,0.0
2017-03-07 00:00:00-05:00,6.790225202092776,6.803321404007821,6.750937845270196,6.783677101135254,46100,0.0,0.0
2017-03-08 00:00:00-05:00,6.7902248164442955,6.816416594325555,6.750937461853027,6.750937461853027,74600,0.0,0.0
2017-03-09 00:00:00-05:00,6.7902248164442955,6.7902248164442955,6.718197583386142,6.750937461853027,91300,0.0,0.0
2017-03-10 00:00:00-05:00,6.7705808338596825,6.777128934150051,6.744389057159424,6.744389057159424,46400,0.0,0.0
2017-03-13 00:00:00-04:00,6.744391239863271,6.790226707807265,6.724747557096046,6.757486820220947,45800,0.0,0.0
2017-03-14 00:00:00-04:00,6.744391239863271,6.770583025040041,6.731295035044178,6.757486820220947,44700,0.0,0.0
2017-03-15 00:00:00-04:00,6.76403277529272,6.80332075281606,6.744389098761658,6.790224552154541,96500,0.0,0.0
2017-03-16 00:00:00-04:00,6.7967727842468895,6.809868360701061,6.770581006877317,6.80332088470459,44000,0.0,0.0
2017-03-17 00:00:00-04:00,6.809869721343724,6.829514026641847,6.7902260405069566,6.829514026641846,42400,0.0,0.0
2017-03-20 00:00:00-04:00,6.8098695924496955,6.849157577840961,6.8098695924496955,6.816417694091797,48400,0.0,0.0
2017-03-21 00:00:00-04:00,6.849157473941948,6.8688011541089224,6.777130230355487,6.796773910522461,81000,0.0,0.0
2017-03-22 00:00:00-04:00,6.7902248164442955,6.7902248164442955,6.744389361267402,6.750937461853027,40700,0.0,0.0
2017-03-23 00:00:00-04:00,6.76403277529272,6.809868228685602,6.7509371990924185,6.790224552154541,62900,0.0,0.0
2017-03-24 00:00:00-04:00,6.796773910522461,6.849157473941948,6.777130230355487,6.796773910522461,71000,0.0,0.0
2017-03-27 00:00:00-04:00,6.7574844393348235,6.822964191436767,6.744388863591152,6.822964191436768,67100,0.0,0.0
2017-03-28 00:00:00-04:00,6.8098695924496955,6.849157577840961,6.770582231519773,6.816417694091797,92200,0.0,0.0
2017-03-29 00:00:00-04:00,6.868801388315381,6.868801388315381,6.809869721343724,6.829514026641846,109800,0.0,0.0
2017-03-30 00:00:00-04:00,6.849155363810755,6.875347137451172,6.842607264285366,6.875347137451172,89800,0.0,0.0
2017-03-31 00:00:00-04:00,6.8688008134677885,6.875348914685821,6.842609033056961,6.862252712249756,96900,0.0,0.0
2017-04-03 00:00:00-04:00,6.9258231645502875,6.9258231645502875,6.84552320691781,6.8589067459106445,100300,0.225,0.0
2017-04-04 00:00:00-04:00,6.845522905586803,6.878981113433838,6.818756466941622,6.878981113433838,101600,0.0,0.0
2017-04-05 00:00:00-04:00,6.865598829675036,6.912439941969547,6.85221529006958,6.85221529006958,129100,0.0,0.0
2017-04-06 00:00:00-04:00,6.858906294833687,6.905747401903567,6.858906294833687,6.892364501953125,93400,0.0,0.0
2017-04-07 00:00:00-04:00,6.892364850629176,6.939205960068688,6.892364850629176,6.932514190673828,84900,0.0,0.0
2017-04-10 00:00:00-04:00,6.925822746492144,6.952589184699867,6.925822746492144,6.939205646514893,60900,0.0,0.0
2017-04-11 00:00:00-04:00,6.932514203649183,6.959280643116467,6.905747764181899,6.952589511871338,79300,0.0,0.0
2017-04-12 00:00:00-04:00,6.959281435042844,6.965973205211714,6.9325149925296925,6.945898532867432,48900,0.0,0.0
2017-04-13 00:00:00-04:00,6.932514483531683,6.952589792564328,6.892365141790958,6.899056911468506,62500,0.0,0.0
2017-04-17 00:00:00-04:00,6.939204736224041,6.986045837402343,6.919130069742217,6.986045837402344,57800,0.0,0.0
2017-04-18 00:00:00-04:00,6.932514190673828,6.959280630091015,6.919131290046361,6.932514190673828,73900,0.0,0.0
2017-04-19 00:00:00-04:00,6.9525894988584085,6.9525894988584085,6.9124395206515015,6.932514190673828,83900,0.0,0.0
2017-04-20 00:00:00-04:00,6.939207409058599,6.9726656248571235,6.925824505636622,6.965973854064941,38500,0.0,0.0
2017-04-21 00:00:00-04:00,6.939205973056568,6.965972412523852,6.939205973056568,6.952589511871338,90800,0.0,0.0
2017-04-24 00:00:00-04:00,7.019503579150642,7.0730364450266325,6.986045378437624,7.006120681762695,116700,0.0,0.0
2017-04-25 00:00:00-04:00,7.046272320245371,7.113188743591309,7.039581188440623,7.113188743591309,115000,0.0,0.0
2017-04-26 00:00:00-04:00,7.106496309743632,7.106496309743632,7.06634697001662,7.073038101196289,61400,0.0,0.0
2017-04-27 00:00:00-04:00,7.0797325848606505,7.113190806235652,7.0663496792081455,7.099807262420654,68200,0.0,0.0
2017-04-28 00:00:00-04:00,7.0797325848606505,7.106499034328153,7.0797325848606505,7.099807262420654,54800,0.0,0.0
2017-05-01 00:00:00-04:00,7.093115184041,7.126572762797753,7.05965696712184,7.119881629943848,74700,0.0,0.0
2017-05-02 00:00:00-04:00,7.139956474304199,7.153339378492075,7.119881798941174,7.139956474304199,70400,0.0,0.0
2017-05-03 00:00:00-04:00,7.14664824547935,7.153339378492075,7.119881798941174,7.139956474304199,50600,0.0,0.0
2017-05-04 00:00:00-04:00,7.160031149667224,7.166722920842375,7.139956474304199,7.139956474304199,44300,0.0,0.0
2017-05-05 00:00:00-04:00,7.1466482976903585,7.253714084625244,7.1466482976903585,7.253714084625244,50600,0.0,0.0
2017-05-08 00:00:00-04:00,7.2403286035517835,7.2403286035517835,7.166721054283356,7.206871032714844,100600,0.0,0.0
2017-05-09 00:00:00-04:00,7.213561385979753,7.233636692111442,7.186794949299691,7.226944923400879,56300,0.0,0.0
2017-05-10 00:00:00-04:00,7.226945678790805,7.226945678790805,7.173412799835205,7.173412799835205,92800,0.0,0.0
2017-05-11 00:00:00-04:00,7.200179050296304,7.206870819530648,7.126570865043,7.133262634277344,119200,0.0,0.0
2017-05-12 00:00:00-04:00,7.119881629943848,7.180105654603448,7.086423413024686,7.119881629943848,101900,0.0,0.0
2017-05-15 00:00:00-04:00,7.119881629943848,7.173414521749542,7.10649808791122,7.119881629943848,67900,0.0,0.0
2017-05-16 00:00:00-04:00,7.126571144024112,7.153337583847064,7.079730033874513,7.079730033874512,102200,0.0,0.0
2017-05-17 00:00:00-04:00,7.052964026228178,7.086422237597615,6.9927393733956515,7.012814044952393,152900,0.0,0.0
2017-05-18 00:00:00-04:00,7.006121335922867,7.066345975197042,6.965971363686029,7.026196002960205,59900,0.0,0.0
2017-05-19 00:00:00-04:00,7.073040038877551,7.139956474304199,7.073040038877551,7.139956474304199,74500,0.0,0.0
2017-05-22 00:00:00-04:00,7.20017826634142,7.20017826634142,7.12657008910257,7.153336524963379,59600,0.0,0.0
2017-05-23 00:00:00-04:00,7.186795536767439,7.186795536767439,7.113187989420939,7.166720867156982,150200,0.0,0.0
2017-05-24 00:00:00-04:00,7.186795536767439,7.193487306025005,7.12657088977383,7.166720867156982,83100,0.0,0.0
2017-05-25 00:00:00-04:00,7.173411887136829,7.240327658236272,7.146645451064616,7.220252990722656,125500,0.0,0.0
2017-05-26 00:00:00-04:00,7.23363652783985,7.260402963912062,7.1867947860918475,7.220252990722656,60000,0.0,0.0
2017-05-30 00:00:00-04:00,7.200179100036622,7.226945538996666,7.186795561475478,7.200179100036621,64400,0.0,0.0
2017-05-31 00:00:00-04:00,7.247020372984075,7.247020372984075,7.160029284851065,7.206871032714844,77400,0.0,0.0
2017-06-01 00:00:00-04:00,7.206871032714845,7.220253933417169,7.166721054283356,7.206871032714844,65400,0.0,0.0
2017-06-02 00:00:00-04:00,7.233639061961967,7.233639061961967,7.160030858354983,7.193489074707031,66500,0.0,0.0
2017-06-05 00:00:00-04:00,7.180102960824187,7.180102960824187,7.153336524963378,7.153336524963379,53000,0.0,0.0
2017-06-06 00:00:00-04:00,7.139954717493512,7.160029387917095,7.113188277541313,7.126571178436279,68800,0.0,0.0
2017-06-07 00:00:00-04:00,7.133261857608314,7.180102960824187,7.1131871902532495,7.153336524963379,68500,0.0,0.0
2017-06-08 00:00:00-04:00,7.1466469863231135,7.180104559979178,7.099805234512462,7.160029888153076,116100,0.0,0.0
2017-06-09 00:00:00-04:00,7.160028293469123,7.193486497835676,7.133261857608314,7.153336524963379,131000,0.0,0.0
2017-06-12 00:00:00-04:00,7.146646172746031,7.16002907305248,7.126570865043,7.133262634277344,102400,0.0,0.0
2017-06-13 00:00:00-04:00,7.139953654441306,7.186794757843018,7.10649544994201,7.186794757843018,83200,0.0,0.0
2017-06-14 00:00:00-04:00,7.193487306025005,7.193487306025005,7.146646197546526,7.166720867156982,84500,0.0,0.0
2017-06-15 00:00:00-04:00,7.139954717493512,7.153337618388479,7.09980473848408,7.126571178436279,85200,0.0,0.0
2017-06-16 00:00:00-04:00,7.153336553343721,7.193486526375311,7.126570117376719,7.186794757843018,109700,0.0,0.0
2017-06-19 00:00:00-04:00,7.2336374722817505,7.2336374722817505,7.193487493850262,7.206871032714844,68900,0.0,0.0
2017-06-20 00:00:00-04:00,7.206870869317194,7.220253769716094,7.173412661076577,7.200179100036621,80200,0.0,0.0
2017-06-21 00:00:00-04:00,7.206871356984811,7.233637797756061,7.160029607013408,7.213562488555908,65700,0.0,0.0
2017-06-22 00:00:00-04:00,7.220252990722656,7.253711195353466,7.160028350019635,7.220252990722656,53700,0.0,0.0
2017-06-23 00:00:00-04:00,7.233639240264893,7.267096819279242,7.200181023088129,7.233639240264893,58300,0.0,0.0
2017-06-26 00:00:00-04:00,7.260403481248387,7.287169919227828,7.247019943177556,7.267094612121582,88200,0.0,0.0
2017-06-27 00:00:00-04:00,7.280478453004852,7.280478453004852,7.233637344133151,7.247020244598389,98800,0.0,0.0
2017-06-28 00:00:00-04:00,7.267094612121582,7.287169919227828,7.22694527423353,7.267094612121582,90400,0.0,0.0
2017-06-29 00:00:00-04:00,7.287171952860283,7.287171952860283,7.180105532901253,7.193489074707031,73200,0.0,0.0
2017-06-30 00:00:00-04:00,7.287172132482748,7.287172132482748,7.213563927061387,7.233639240264893,144400,0.0,0.0
2017-07-03 00:00:00-04:00,7.298559397369853,7.32589479897423,7.209719179223782,7.31222677230835,68400,0.225,0.0
2017-07-05 00:00:00-04:00,7.2780590362213164,7.31222845904059,7.257557643220766,7.291727066040039,48700,0.0,0.0
2017-07-06 00:00:00-04:00,7.325894528719597,7.325894528719597,7.1618814734164475,7.223386287689209,289500,0.0,0.0
2017-07-07 00:00:00-04:00,7.237056030640557,7.271225452423096,7.202886608858019,7.271225452423096,51400,0.0,0.0
2017-07-10 00:00:00-04:00,7.271225452423096,7.305394222478121,7.264391437721085,7.271225452423096,54100,0.0,0.0
2017-07-11 00:00:00-04:00,7.2438890789539325,7.271224482387714,7.2438890789539325,7.264390468597412,36600,0.0,0.0
2017-07-12 00:00:00-04:00,7.305391788482666,7.366896596853687,7.284890402934758,7.305391788482666,93900,0.0,0.0
2017-07-13 00:00:00-04:00,7.305391576160234,7.3395609855651855,7.298558215661066,7.3395609855651855,38200,0.0,0.0
2017-07-14 00:00:00-04:00,7.332729370980307,7.36689879155791,7.319061993785761,7.346397399902344,55200,0.0,0.0
2017-07-17 00:00:00-04:00,7.39423156700944,7.401065579039104,7.353228798285971,7.373730182647705,85100,0.0,0.0
2017-07-18 00:00:00-04:00,7.394232325364221,7.421567724559146,7.38056495163042,7.414734363555908,92700,0.0,0.0
2017-07-19 00:00:00-04:00,7.435235744927801,7.462571144104004,7.41473435847748,7.462571144104004,30900,0.0,0.0
2017-07-20 00:00:00-04:00,7.496740556006089,7.496740556006089,7.4489031186522405,7.462571144104004,33300,0.0,0.0
2017-07-21 00:00:00-04:00,7.469407558441162,7.469407558441162,7.435238135552708,7.469407558441162,75700,0.0,0.0
2017-07-24 00:00:00-04:00,7.483073470235778,7.483073470235778,7.435236678602185,7.455738067626953,69100,0.0,0.0
2017-07-25 00:00:00-04:00,7.483075156933648,7.496743187182561,7.469407778412288,7.4899091720581055,86400,0.0,0.0
2017-07-26 00:00:00-04:00,7.517241691645822,7.517241691645822,7.469404907615358,7.483072280883789,53200,0.0,0.0
2017-07-27 00:00:00-04:00,7.544578996878451,7.544578996878451,7.455738767132823,7.476240158081055,67400,0.0,0.0
2017-07-28 00:00:00-04:00,7.462571872613079,7.462571872613079,7.401067055530585,7.442070484161377,80000,0.0,0.0
2017-07-31 00:00:00-04:00,7.496740790172288,7.496740790172288,7.421567951294158,7.435235977172852,59500,0.0,0.0
2017-08-01 00:00:00-04:00,7.4557390386167395,7.462573053090818,7.407902240753174,7.407902240753174,65100,0.0,0.0
2017-08-02 00:00:00-04:00,7.455739482868345,7.483074890665952,7.442072104833306,7.4489054679870605,54500,0.0,0.0
2017-08-03 00:00:00-04:00,7.469407512630913,7.476240875784668,7.4489054679870605,7.4489054679870605,63700,0.0,0.0
2017-08-04 00:00:00-04:00,7.489908186531522,7.496742200756755,7.44890475290759,7.476240158081055,30500,0.0,0.0
2017-08-07 00:00:00-04:00,7.48990632865647,7.496740341186523,7.462570930263565,7.496740341186523,40600,0.0,0.0
2017-08-08 00:00:00-04:00,7.496740568319472,7.53090998027768,7.4762385301081515,7.517241954803467,67100,0.0,0.0
2017-08-09 00:00:00-04:00,7.503576329602082,7.503576329602082,7.448905513671569,7.469407558441162,41200,0.0,0.0
2017-08-10 00:00:00-04:00,7.448902790772615,7.462570815622751,7.27805639050969,7.305391788482666,100200,0.0,0.0
2017-08-11 00:00:00-04:00,7.209719179223782,7.3463961872456665,7.141380349349149,7.31222677230835,155700,0.0,0.0
2017-08-14 00:00:00-04:00,7.346397399902345,7.380566820479946,7.3258960082467794,7.346397399902344,66600,0.0,0.0
2017-08-15 00:00:00-04:00,7.360063535408009,7.3668968963836186,7.30539208551188,7.353229522705078,66700,0.0,0.0
2017-08-16 00:00:00-04:00,7.366897106170655,7.394232506033488,7.346395719205365,7.366897106170654,57000,0.0,0.0
2017-08-17 00:00:00-04:00,7.3463961872456665,7.380565602182983,7.31222677230835,7.31222677230835,64200,0.0,0.0
2017-08-18 00:00:00-04:00,7.305391788482666,7.3122258009077346,7.257555004961782,7.305391788482666,36700,0.0,0.0
2017-08-21 00:00:00-04:00,7.298559885821496,7.325895289255278,7.264390468597412,7.264390468597412,56500,0.0,0.0
2017-08-22 00:00:00-04:00,7.2985592146913385,7.3600640296936035,7.2985592146913385,7.3600640296936035,37300,0.0,0.0
2017-08-23 00:00:00-04:00,7.33956152697437,7.414734363555908,7.33956152697437,7.414734363555908,51300,0.0,0.0
2017-08-24 00:00:00-04:00,7.421567724559146,7.428401737289708,7.407900350825346,7.414734363555908,43800,0.0,0.0
2017-08-25 00:00:00-04:00,7.435238135552708,7.469407558441162,7.407902727587451,7.469407558441162,65500,0.0,0.0
2017-08-28 00:00:00-04:00,7.462571377202896,7.476238751354246,7.421567951294158,7.435235977172852,109900,0.0,0.0
2017-08-29 00:00:00-04:00,7.407901275993359,7.462572081211011,7.407901275993359,7.455738067626953,73200,0.0,0.0
2017-08-30 00:00:00-04:00,7.448904054042894,7.4762394566517205,7.435236678602185,7.455738067626953,43100,0.0,0.0
2017-08-31 00:00:00-04:00,7.503573964031352,7.544577388916298,7.489906590221256,7.530910015106201,51500,0.0,0.0
2017-09-01 00:00:00-04:00,7.544578349375114,7.592415141391283,7.5172429465476736,7.5855817794799805,56700,0.0,0.0
2017-09-05 00:00:00-04:00,7.571914402051916,7.578748416277149,7.476240158081055,7.476240158081055,59400,0.0,0.0
2017-09-06 00:00:00-04:00,7.49674126846022,7.537744045257568,7.476239228334159,7.537744045257568,45600,0.0,0.0
2017-09-07 00:00:00-04:00,7.537744791843332,7.565080196324831,7.503575373309596,7.524077415466309,61900,0.0,0.0
2017-09-08 00:00:00-04:00,7.524075260340425,7.565078029454496,7.510407236150891,7.544576644897461,55700,0.0,0.0
2017-09-11 00:00:00-04:00,7.619749069213866,7.619749069213866,7.571912286457779,7.619749069213867,29300,0.0,0.0
2017-09-12 00:00:00-04:00,7.647086159816159,7.66758820130274,7.633418783885868,7.6539201736450195,65000,0.0,0.0
2017-09-13 00:00:00-04:00,7.619750274571624,7.681255091688691,7.5992488861083975,7.599248886108398,56900,0.0,0.0
2017-09-14 00:00:00-04:00,7.6265854835510245,7.660754904164567,7.612918106342103,7.626585483551025,93200,0.0,0.0
2017-09-15 00:00:00-04:00,7.626584770057008,7.66758820130274,7.6197507562281475,7.6539201736450195,73700,0.0,0.0
2017-09-18 00:00:00-04:00,7.660754190975454,7.735926387944989,7.660754190975454,7.708590984344482,118100,0.0,0.0
2017-09-19 00:00:00-04:00,7.756427003683998,7.790595763108287,7.688088181380801,7.763260364532471,118200,0.0,0.0
2017-09-20 00:00:00-04:00,7.763262779617425,7.776930809020996,7.749595401941367,7.776930809020996,113700,0.0,0.0
2017-09-21 00:00:00-04:00,7.7974300266640375,7.7974300266640375,7.735925214956934,7.7427592277526855,72200,0.0,0.0
2017-09-22 00:00:00-04:00,7.735925018359362,7.783762454986572,7.735925018359362,7.783762454986572,104000,0.0,0.0
2017-09-25 00:00:00-04:00,7.783763123656154,7.7905964851379395,7.749593709337747,7.7905964851379395,49100,0.0,0.0
2017-09-26 00:00:00-04:00,7.783763123656154,7.811098524765407,7.770095097237843,7.7905964851379395,104300,0.0,0.0
2017-09-27 00:00:00-04:00,7.797429828503408,7.797429828503408,7.770094429742422,7.783762454986572,64800,0.0,0.0
2017-09-28 00:00:00-04:00,7.790595776608746,7.817931175231934,7.776928403160809,7.817931175231934,60200,0.0,0.0
2017-09-29 00:00:00-04:00,7.8179328930684235,7.872604354055084,7.811099530706614,7.86577033996582,72700,0.0,0.0
2017-10-02 00:00:00-04:00,7.872603608042804,7.927274412121374,7.858935581159465,7.87943696975708,92300,0.0,0.0
2017-10-03 00:00:00-04:00,7.889892276695548,7.910802364349365,7.8759528829582415,7.910802364349365,104700,0.225,0.0
2017-10-04 00:00:00-04:00,7.882921048316011,7.910800493897301,7.848071575164796,7.848071575164795,41700,0.0,0.0
2017-10-05 00:00:00-04:00,7.855041297536844,7.882920742034912,7.841101242938615,7.882920742034912,56800,0.0,0.0
2017-10-06 00:00:00-04:00,7.8968622438547245,7.8968622438547245,7.841103339946545,7.868982791900635,72200,0.0,0.0
2017-10-09 00:00:00-04:00,7.848073156605351,7.9456509034532425,7.848073156605351,7.896862030029297,66500,0.0,0.0
2017-10-10 00:00:00-04:00,7.938681803407966,7.945651167915821,7.889892263661563,7.924741744995117,60400,0.0,0.0
2017-10-11 00:00:00-04:00,7.9317117249719775,7.952621147762903,7.868982791900635,7.868982791900635,57200,0.0,0.0
2017-10-12 00:00:00-04:00,7.896861386819954,7.924740835748328,7.85504254577664,7.862011909484863,91400,0.0,0.0
2017-10-13 00:00:00-04:00,7.896859071384765,7.945647926529434,7.868979630630912,7.903829097747803,55100,0.0,0.0
2017-10-16 00:00:00-04:00,7.924741758086672,7.924741758086672,7.882922912176181,7.910802364349365,70100,0.0,0.0
2017-10-17 00:00:00-04:00,7.9247420069123775,7.9595914893977255,7.882923159688834,7.9526214599609375,69300,0.0,0.0
2017-10-18 00:00:00-04:00,7.987469395009597,7.987469395009597,7.94564989118928,7.97352933883667,51700,0.0,0.0
2017-10-19 00:00:00-04:00,7.973529939300625,7.973529939300625,7.917771039806801,7.938681125640869,44700,0.0,0.0
2017-10-20 00:00:00-04:00,7.973530620042949,7.980500649249373,7.910802351280838,7.924741744995117,68700,0.0,0.0
2017-10-23 00:00:00-04:00,7.924740680595721,7.966560185518776,7.917770652325465,7.945650100708008,27300,0.0,0.0
2017-10-24 00:00:00-04:00,7.966561103975772,7.99444055557251,7.938681652379035,7.99444055557251,54000,0.0,0.0
2017-10-25 00:00:00-04:00,8.015349054013605,8.036258474125892,7.931710708865976,7.945650100708008,48000,0.0,0.0
2017-10-26 00:00:00-04:00,7.994439334269995,8.001408697580558,7.938680439594751,7.966559886932373,34300,0.0,0.0
2017-10-27 00:00:00-04:00,7.966561518834514,8.00141033662127,7.9526214599609375,7.9526214599609375,49100,0.0,0.0
2017-10-30 00:00:00-04:00,7.94564989118928,7.987469395009597,7.938680527801281,7.97352933883667,44900,0.0,0.0
2017-10-31 00:00:00-04:00,8.00837725806153,8.029287338256836,7.945648346872285,8.029287338256836,44600,0.0,0.0
2017-11-01 00:00:00-04:00,8.05019886622801,8.064138258651086,7.994439967138691,8.015349388122559,51400,0.0,0.0
2017-11-02 00:00:00-04:00,8.001409331000975,8.015349388122559,7.959590489033239,8.015349388122559,26700,0.0,0.0
2017-11-03 00:00:00-04:00,8.015349978095424,8.022320007169247,7.987470526498686,7.99444055557251,50900,0.0,0.0
2017-11-06 00:00:00-05:00,7.966561103975772,8.022320007169247,7.966561103975772,7.99444055557251,40300,0.0,0.0
2017-11-07 00:00:00-05:00,7.99444129320636,8.022320747375488,7.945651749886421,8.022320747375488,39000,0.0,0.0
2017-11-08 00:00:00-05:00,8.02928879887755,8.036258162178791,7.9595898482774885,7.980499267578125,36200,0.0,0.0
2017-11-09 00:00:00-05:00,7.952621359353781,7.973530782701032,7.875953030614806,7.959591388702393,53500,0.0,0.0
2017-11-10 00:00:00-05:00,7.8968622438547245,7.9665612060892315,7.841103339946545,7.868982791900635,76700,0.0,0.0
2017-11-13 00:00:00-05:00,7.848074001535617,7.8550440312604515,7.757465609208636,7.7992844581604,95500,0.0,0.0
2017-11-14 00:00:00-05:00,7.757465564435128,7.785345018474933,7.736556140079928,7.743525505065918,46500,0.0,0.0
2017-11-15 00:00:00-05:00,7.7365547223160025,7.7365547223160025,7.597156812963755,7.729584693908691,73100,0.0,0.0
2017-11-16 00:00:00-05:00,7.743524030570791,7.813222984747776,7.736554666911884,7.806252956390381,71500,0.0,0.0
2017-11-17 00:00:00-05:00,7.792314203826309,7.875952556883122,7.785344174896939,7.8411030769348145,66100,0.0,0.0
2017-11-20 00:00:00-05:00,7.85504150390625,7.896860339402832,7.785342558480738,7.85504150390625,71900,0.0,0.0
2017-11-21 00:00:00-05:00,7.896861232213178,7.966560185518776,7.8829218403711465,7.945650100708008,89100,0.0,0.0
2017-11-22 00:00:00-05:00,7.9665602528676835,8.008379093445791,7.959590224538504,7.987469673156738,67100,0.0,0.0
2017-11-24 00:00:00-05:00,8.029287731583839,8.036257093958678,7.980498206769766,8.001407623291016,38700,0.0,0.0
2017-11-27 00:00:00-05:00,7.9874709968083675,8.036259873800754,7.882923213339372,7.889892578125,35900,0.0,0.0
2017-11-28 00:00:00-05:00,7.924741368291608,7.931711397166711,7.868982466687857,7.917771339416504,45500,0.0,0.0
2017-11-29 00:00:00-05:00,7.9386807483423505,7.966560196764247,7.896861243360264,7.931710720062256,36900,0.0,0.0
2017-11-30 00:00:00-05:00,7.9317120363491656,7.966561518834514,7.903832583300606,7.9526214599609375,82800,0.0,0.0
2017-12-01 00:00:00-05:00,7.9805009130094975,7.9874709424462855,7.8620130713784695,7.9526214599609375,43900,0.0,0.0
2017-12-04 00:00:00-05:00,8.001408786484062,8.001408786484062,7.94564989118928,7.97352933883667,43200,0.0,0.0
2017-12-05 00:00:00-05:00,8.00141033662127,8.00141033662127,7.910802612737394,7.9526214599609375,47700,0.0,0.0
2017-12-06 00:00:00-05:00,7.938682065785954,7.9595914893977255,7.903832583300606,7.9526214599609375,45900,0.0,0.0
2017-12-07 00:00:00-05:00,7.980500269895359,7.980500269895359,7.917771339416504,7.917771339416504,36900,0.0,0.0
2017-12-08 00:00:00-05:00,7.966558005618547,7.966558005618547,7.87594965699395,7.903829097747803,64500,0.0,0.0
2017-12-11 00:00:00-05:00,7.952620196209323,8.015349121774973,7.952620196209323,7.987469673156738,54800,0.0,0.0
2017-12-12 00:00:00-05:00,8.015347677437427,8.057167175178297,7.931709346654059,8.001407623291016,75400,0.0,0.0
2017-12-13 00:00:00-05:00,8.043229416833107,8.043229416833107,7.980500484666096,8.008379936218262,49700,0.0,0.0
2017-12-14 00:00:00-05:00,8.036259400618338,8.036259400618338,7.959591074901948,7.99444055557251,47500,0.0,0.0
2017-12-15 00:00:00-05:00,8.029290023406302,8.029290023406302,7.973530455603416,8.008379936218262,55200,0.0,0.0
2017-12-18 00:00:00-05:00,7.966558427067589,8.050196753753807,7.924738931375314,8.029287338256836,126200,0.0,0.0
2017-12-19 00:00:00-05:00,8.064138789034985,8.078078847073416,8.015349915297579,8.0711088180542,50400,0.0,0.0
2017-12-20 00:00:00-05:00,8.105957652752785,8.105957652752785,7.994439856122754,8.036258697509766,66300,0.0,0.0
2017-12-21 00:00:00-05:00,8.057169312228954,8.098988156363314,8.057169312228954,8.092018127441406,51300,0.0,0.0
2017-12-22 00:00:00-05:00,8.105959830477286,8.19656823075641,8.092019769804185,8.168688774108887,69600,0.0,0.0
2017-12-26 00:00:00-05:00,8.168687760115336,8.168687760115336,8.09898879479904,8.12686824798584,76700,0.0,0.0
2017-12-27 00:00:00-05:00,8.168687444057626,8.182626837762394,8.133837962747853,8.161717414855957,55100,0.0,0.0
2017-12-28 00:00:00-05:00,8.165270805358887,8.229228649836044,8.143951749773354,8.165270805358887,61800,0.225,0.0
2017-12-29 00:00:00-05:00,8.222120431020567,8.229227007370868,8.108417920297445,8.122631072998047,76700,0.0,0.0
2018-01-02 00:00:00-05:00,8.158163070678711,8.172376224200534,8.108418388793256,8.158163070678711,57400,0.0,0.0
2018-01-03 00:00:00-05:00,8.151057782243708,8.20790904514887,8.13684462765716,8.179483413696289,45800,0.0,0.0
2018-01-04 00:00:00-05:00,8.186590538664978,8.207909594250511,8.15816422759019,8.165270805358887,68800,0.0,0.0
2018-01-05 00:00:00-05:00,8.200799735936615,8.200799735936615,8.151055066896086,8.193693161010742,88300,0.0,0.0
2018-01-08 00:00:00-05:00,8.200802053436943,8.236334260387217,8.186589577289121,8.207908630371094,48500,0.0,0.0
2018-01-09 00:00:00-05:00,8.222121442489819,8.271866805341078,8.222121442489819,8.229228019714355,46600,0.0,0.0
2018-01-10 00:00:00-05:00,8.257654059157321,8.271867214309108,8.21501594914304,8.243441581726074,49600,0.0,0.0
2018-01-11 00:00:00-05:00,8.300291401072121,8.314503876027711,8.243440145808922,8.278971672058105,77600,0.0,0.0
2018-01-12 00:00:00-05:00,8.29318618774414,8.321611820047579,8.271867132946696,8.29318618774414,56100,0.0,0.0
2018-01-16 00:00:00-05:00,8.34292950365931,8.38556828396692,8.264759197102517,8.278971672058105,107500,0.0,0.0
2018-01-17 00:00:00-05:00,8.32871806769637,8.32871806769637,8.229228019714355,8.229228019714355,67900,0.0,0.0
2018-01-18 00:00:00-05:00,8.257652488434376,8.271865640882618,8.186588759354395,8.22212028503418,61700,0.0,0.0
2018-01-19 00:00:00-05:00,8.193696216415361,8.250547481581428,8.179483738984114,8.243441581726074,44500,0.0,0.0
2018-01-22 00:00:00-05:00,8.264761924743652,8.286080983073232,8.236336287730664,8.264761924743652,61100,0.0,0.0
2018-01-23 00:00:00-05:00,8.243441822125936,8.364250933557065,8.243441822125936,8.357144355773926,134200,0.0,0.0
2018-01-24 00:00:00-05:00,8.371356089035295,8.385569243337395,8.321611404418945,8.321611404418945,56400,0.0,0.0
2018-01-25 00:00:00-05:00,8.364250607363001,8.385569662160446,8.29318618774414,8.29318618774414,54700,0.0,0.0
2018-01-26 00:00:00-05:00,8.34292868361716,8.421099660210803,8.335822107977673,8.378460884094238,62500,0.0,0.0
2018-01-29 00:00:00-05:00,8.421100072334683,8.421100072334683,8.350035667902675,8.392674446105957,150300,0.0,0.0
2018-01-30 00:00:00-05:00,8.36425199314943,8.38557105147901,8.264761924743652,8.264761924743652,24300,0.0,0.0
2018-01-31 00:00:00-05:00,8.286079282069648,8.321611490471833,8.20080238853671,8.229228019714355,52000,0.0,0.0
2018-02-01 00:00:00-05:00,8.2292268612583,8.250545912210255,8.17237560690615,8.22212028503418,42500,0.0,0.0
2018-02-02 00:00:00-05:00,8.200801172884034,8.222120223676896,8.10131113965001,8.115524291992188,62000,0.0,0.0
2018-02-05 00:00:00-05:00,8.079990904449982,8.09420405470872,7.6891380826986175,7.788628101348877,93100,0.0,0.0
2018-02-06 00:00:00-05:00,7.646501311191852,8.030247624251347,7.5825434793951985,7.959183216094971,141600,0.0,0.0
2018-02-07 00:00:00-05:00,7.987607136554239,8.079990576323459,7.9236493184278345,7.966288089752197,92200,0.0,0.0
2018-02-08 00:00:00-05:00,8.023140223541965,8.030246799171511,7.8383733234958815,7.8596930503845215,154900,0.0,0.0
2018-02-09 00:00:00-05:00,7.831268294727817,8.00892863886171,7.774416361102176,7.987608909606934,224700,0.0,0.0
2018-02-12 00:00:00-05:00,8.101311077584972,8.122630805934905,7.9805019944836175,8.008928298950195,71900,0.0,0.0
2018-02-13 00:00:00-05:00,8.016034471531903,8.058673251969813,7.930757588376506,7.959183216094971,77000,0.0,0.0
2018-02-14 00:00:00-05:00,7.937864636024682,8.044460576867657,7.937864636024682,8.001822471618652,68100,0.0,0.0
2018-02-15 00:00:00-05:00,8.06577955244255,8.06577955244255,7.966289519970728,8.008928298950195,76900,0.0,0.0
2018-02-16 00:00:00-05:00,8.00892863886171,8.030247690396058,7.9876089096069345,7.987608909606934,49000,0.0,0.0
2018-02-20 00:00:00-05:00,7.973397114098487,8.037354951873365,7.973397114098487,7.994716167449951,39200,0.0,0.0
2018-02-21 00:00:00-05:00,7.994715352447675,8.03024755622486,7.966289724970011,7.973396301269531,74500,0.0,0.0
2018-02-22 00:00:00-05:00,8.0302484441521,8.0302484441521,7.966290605825253,7.980503082275391,49000,0.0,0.0
2018-02-23 00:00:00-05:00,8.008927890329119,8.037353515625,7.987608163066932,8.037353515625,75900,0.0,0.0
2018-02-26 00:00:00-05:00,8.051568143014507,8.179483829920542,8.016035932460547,8.151058197021484,79900,0.0,0.0
2018-02-27 00:00:00-05:00,8.186589953093517,8.186589953093517,8.030248641967773,8.030248641967773,45300,0.0,0.0
2018-02-28 00:00:00-05:00,8.079994033420414,8.079994033420414,7.93786586439554,7.952078342437744,48700,0.0,0.0
2018-03-01 00:00:00-05:00,7.9876086435826865,7.9876086435826865,7.817054881547279,7.873906135559082,68900,0.0,0.0
2018-03-02 00:00:00-05:00,7.873905116535607,7.888118267059325,7.7815216712923885,7.888118267059326,91900,0.0,0.0
2018-03-05 00:00:00-05:00,7.888122008176462,7.895227909088135,7.795738519118322,7.895227909088135,86900,0.0,0.0
2018-03-06 00:00:00-05:00,7.930756705387727,7.930756705387727,7.895224505265597,7.909437656402588,32100,0.0,0.0
2018-03-07 00:00:00-05:00,7.8952260650819355,7.944971426168973,7.84548138171538,7.923651695251465,42200,0.0,0.0
2018-03-08 00:00:00-05:00,7.952077734218337,7.959184311556172,7.916546202970196,7.937865257263184,39200,0.0,0.0
2018-03-09 00:00:00-05:00,7.973396025400673,8.030247278389023,7.973396025400673,8.016034126281738,47000,0.0,0.0
2018-03-12 00:00:00-04:00,8.044461250305176,8.122632246006496,8.001823141486746,8.044461250305176,34400,0.0,0.0
2018-03-13 00:00:00-04:00,8.065781629314907,8.072887529540862,7.916546881040658,7.944972515106201,109400,0.0,0.0
2018-03-14 00:00:00-04:00,7.99471453006349,7.99471453006349,7.88811860741745,7.909437656402588,39900,0.0,0.0
2018-03-15 00:00:00-04:00,7.895225186383406,7.959183016576786,7.859693660916334,7.873906135559082,67000,0.0,0.0
2018-03-16 00:00:00-04:00,7.881012031848954,7.937863280956222,7.881012031848954,7.909437656402588,36200,0.0,0.0
2018-03-19 00:00:00-04:00,7.909437315124586,7.930756363189846,7.760202623227129,7.888118267059326,52700,0.0,0.0
2018-03-20 00:00:00-04:00,7.923649923827634,7.959182123026031,7.8312671547202655,7.9023308753967285,64100,0.0,0.0
2018-03-21 00:00:00-04:00,7.944969856524718,7.952075754372865,7.9023310808340925,7.909437656402588,34000,0.0,0.0
2018-03-22 00:00:00-04:00,7.873907983071366,7.937865828271639,7.824163293569183,7.845482349395752,24900,0.0,0.0
2018-03-23 00:00:00-04:00,7.817056061737682,7.952077640970672,7.674927905250189,7.717566013336182,53700,0.0,0.0
2018-03-26 00:00:00-04:00,7.760203838348389,7.831268246653873,7.696246006417538,7.760203838348389,47100,0.0,0.0
2018-03-27 00:00:00-04:00,7.82416063869063,7.82416063869063,7.674925943101533,7.731777191162109,26400,0.0,0.0
2018-03-28 00:00:00-04:00,7.7033533420666735,7.738885549721618,7.653608657982047,7.674927711486816,57400,0.0,0.0
2018-03-29 00:00:00-04:00,7.7246723804924775,7.781523641541215,7.710459904090538,7.753098011016846,35600,0.0,0.0
2018-04-02 00:00:00-04:00,7.887333438207517,7.887333438207517,7.655139848531739,7.684164047241211,73500,0.225,0.0
2018-04-03 00:00:00-04:00,7.6841653980863835,7.727701357808297,7.662397418225427,7.713189601898193,51100,0.0,0.0
2018-04-04 00:00:00-04:00,7.684165822823028,7.807518868839369,7.647885393054991,7.793006420135498,97700,0.0,0.0
2018-04-05 00:00:00-04:00,7.865566138458835,7.865566138458835,7.800261512749725,7.8437981605529785,46700,0.0,0.0
2018-04-06 00:00:00-04:00,7.872821671681743,7.872821671681743,7.76398040770964,7.807517051696777,49500,0.0,0.0
2018-04-09 00:00:00-04:00,7.865566730499267,7.93087136112385,7.8002620998746846,7.865566730499268,62400,0.0,0.0
2018-04-10 00:00:00-04:00,7.967151723374009,7.988920396623104,7.9091033120263825,7.938127517700195,75300,0.0,0.0
2018-04-11 00:00:00-04:00,7.930871985275478,7.99617662103947,7.901847779601665,7.938127517700195,138700,0.0,0.0
2018-04-12 00:00:00-04:00,7.945381926503242,7.981662348302917,7.938125703745009,7.952638149261475,34900,0.0,0.0
2018-04-13 00:00:00-04:00,7.9381260640856,7.988918933707415,7.916358086814263,7.930870532989502,43000,0.0,0.0
2018-04-16 00:00:00-04:00,7.996176436040478,8.010688192545818,7.938127334044223,7.988920211791992,51000,0.0,0.0
2018-04-17 00:00:00-04:00,8.04696817605602,8.07599237945061,8.032455728362926,8.039711952209473,30900,0.0,0.0
2018-04-18 00:00:00-04:00,8.06873660255044,8.08324905104741,7.97440776329502,7.988920211791992,68900,0.0,0.0
2018-04-19 00:00:00-04:00,8.017944610884653,8.032456367741279,7.938127526202441,7.981664180755615,39800,0.0,0.0
2018-04-20 00:00:00-04:00,7.9744075492174975,7.9744075492174975,7.894591160601767,7.909102916717529,42300,0.0,0.0
2018-04-23 00:00:00-04:00,7.967151619977041,7.967151619977041,7.916359433704956,7.959896087646484,82700,0.0,0.0
2018-04-24 00:00:00-04:00,8.017942770102591,8.025198992860824,7.930870172978266,7.952638149261475,47300,0.0,0.0
2018-04-25 00:00:00-04:00,7.9889212711520825,7.9889212711520825,7.909104177817966,7.9671525955200195,22900,0.0,0.0
2018-04-26 00:00:00-04:00,8.010687158950946,8.017943382263184,7.996175404318015,8.017943382263184,31100,0.0,0.0
2018-04-27 00:00:00-04:00,8.017944641098943,8.0905048096388,8.017944641098943,8.032456398010254,18700,0.0,0.0
2018-04-30 00:00:00-04:00,8.097760952053967,8.105017176431938,8.032456316635525,8.061480522155762,25300,0.0,0.0
2018-05-01 00:00:00-04:00,8.061479468140016,8.083248138427734,8.017943511547688,8.083248138427734,35200,0.0,0.0
2018-05-02 00:00:00-04:00,8.068736746533732,8.090504727675997,8.032456316635525,8.061480522155762,24800,0.0,0.0
2018-05-03 00:00:00-04:00,8.039711645284216,8.054224092423278,8.003431219428125,8.025199890136719,29300,0.0,0.0
2018-05-04 00:00:00-04:00,8.025201545105949,8.112274169921875,8.025201545105949,8.112274169921875,20200,0.0,0.0
2018-05-07 00:00:00-04:00,8.112273521340404,8.126785278320312,8.032456435980114,8.126785278320312,16900,0.0,0.0
2018-05-08 00:00:00-04:00,8.141296930124582,8.170321133234106,8.061479852579703,8.06873607635498,47800,0.0,0.0
2018-05-09 00:00:00-04:00,8.119527716845909,8.177576811181947,8.075991761083303,8.14129638671875,52900,0.0,0.0
2018-05-10 00:00:00-04:00,8.192090234649728,8.228370666503906,8.177578477103063,8.228370666503906,31200,0.0,0.0
2018-05-11 00:00:00-04:00,8.250137977068198,8.250137977068198,8.21385754816808,8.235626220703125,45000,0.0,0.0
2018-05-14 00:00:00-04:00,8.250137977068198,8.300930162333383,8.206602015981359,8.235626220703125,79800,0.0,0.0
2018-05-15 00:00:00-04:00,8.235626242696243,8.27190597970162,8.177577833097692,8.242881774902344,54000,0.0,0.0
2018-05-16 00:00:00-04:00,8.264649698158992,8.27916145324707,8.25013725107935,8.27916145324707,30100,0.0,0.0
2018-05-17 00:00:00-04:00,8.286418244956787,8.29367446899414,8.271905796882079,8.29367446899414,32900,0.0,0.0
2018-05-18 00:00:00-04:00,8.29367533960939,8.322699546813965,8.257394907605752,8.322699546813965,48900,0.0,0.0
2018-05-21 00:00:00-04:00,8.337211503914927,8.380748161759385,8.329955278942235,8.358980178833008,55100,0.0,0.0
2018-05-22 00:00:00-04:00,8.380746762522936,8.409770965576172,8.366234315000526,8.409770965576172,49300,0.0,0.0
2018-05-23 00:00:00-04:00,8.3807469661409,8.446051597595215,8.3734907422034,8.446051597595215,37100,0.0,0.0
2018-05-24 00:00:00-04:00,8.431537628173828,8.453305604066506,8.4025134296531,8.431537628173828,45600,0.0,0.0
2018-05-25 00:00:00-04:00,8.482330322265625,8.482330322265625,8.388002190287757,8.482330322265625,44500,0.0,0.0
2018-05-29 00:00:00-04:00,8.489588192741275,8.489588192741275,8.31544295715487,8.344467163085938,64300,0.0,0.0
2018-05-30 00:00:00-04:00,8.453305604066506,8.453305604066506,8.40976965228115,8.431537628173828,47900,0.0,0.0
2018-05-31 00:00:00-04:00,8.489586025215287,8.489586025215287,8.4025134296531,8.431537628173828,25400,0.0,0.0
2018-06-01 00:00:00-04:00,8.424281405545777,8.453305604066506,8.4025134296531,8.431537628173828,40800,0.0,0.0
2018-06-04 00:00:00-04:00,8.460561826694557,8.460561826694557,8.424281405545777,8.431537628173828,41200,0.0,0.0
2018-06-05 00:00:00-04:00,8.453307151794434,8.453307151794434,8.431539171916226,8.453307151794434,46200,0.0,0.0
2018-06-06 00:00:00-04:00,8.453307800431112,8.453307800431112,8.438796043395996,8.438796043395996,44600,0.0,0.0
2018-06-07 00:00:00-04:00,8.467818698080213,8.467818698080213,8.395257850223441,8.41702651977539,51700,0.0,0.0
2018-06-08 00:00:00-04:00,8.41702651977539,8.41702651977539,8.37348987266302,8.41702651977539,32600,0.0,0.0
2018-06-11 00:00:00-04:00,8.41702690473434,8.41702690473434,8.388002702662494,8.402514457702637,51700,0.0,0.0
2018-06-12 00:00:00-04:00,8.41702651977539,8.41702651977539,8.37348987266302,8.41702651977539,102700,0.0,0.0
2018-06-13 00:00:00-04:00,8.417028061847494,8.453307800431112,8.417028061847494,8.438796043395996,101400,0.0,0.0
2018-06-14 00:00:00-04:00,8.518611601497923,8.540380272902844,8.424282768051363,8.50409984588623,51900,0.0,0.0
2018-06-15 00:00:00-04:00,8.533123191782385,8.540379414854996,8.46056234503931,8.482330322265625,55600,0.0,0.0
2018-06-18 00:00:00-04:00,8.453307312275053,8.47507598455813,8.395258903503418,8.395258903503418,42200,0.0,0.0
2018-06-19 00:00:00-04:00,8.38074655714051,8.395258312315702,8.329953684048412,8.373490333557129,77200,0.0,0.0
2018-06-20 00:00:00-04:00,8.402514073407424,8.467818698080213,8.37348987266302,8.41702651977539,58300,0.0,0.0
2018-06-21 00:00:00-04:00,8.409770473712907,8.431538451731791,8.32995340099109,8.366233825683594,37400,0.0,0.0
2018-06-22 00:00:00-04:00,8.37349060744957,8.562148274838956,8.358978851799703,8.51135540008545,52700,0.0,0.0
2018-06-25 00:00:00-04:00,8.489587350974674,8.489587350974674,8.38800298628414,8.409770965576172,37800,0.0,0.0
2018-06-26 00:00:00-04:00,8.47507622968616,8.569405069666281,8.43879580015663,8.52586841583252,64800,0.0,0.0
2018-06-27 00:00:00-04:00,8.525868333347443,8.525868333347443,8.322698898735968,8.337210655212402,44100,0.0,0.0
2018-06-28 00:00:00-04:00,8.366234473090197,8.373490696988517,8.308186065886835,8.351722717285156,27600,0.0,0.0
2018-06-29 00:00:00-04:00,8.37349025563079,8.438794883290335,8.37349025563079,8.402514457702637,18400,0.0,0.0
2018-07-02 00:00:00-04:00,8.369214056532124,8.369214056532124,8.265616108010049,8.310014724731445,47800,0.225,0.0
2018-07-03 00:00:00-04:00,8.287816047668457,8.287816047668457,8.221217411810136,8.287816047668457,46700,0.0,0.0
2018-07-05 00:00:00-04:00,8.361814688778447,8.361814688778447,8.206418107010142,8.287816047668457,80100,0.0,0.0
2018-07-06 00:00:00-04:00,8.221217854850599,8.280416488647461,8.206418549253074,8.280416488647461,95400,0.0,0.0
2018-07-09 00:00:00-04:00,8.339616516347261,8.398815155029297,8.295217184484015,8.398815155029297,42400,0.0,0.0
2018-07-10 00:00:00-04:00,8.458012706650065,8.458012706650065,8.398814075576498,8.428413391113281,41600,0.0,0.0
2018-07-11 00:00:00-04:00,8.421013899482872,8.428413905244303,8.361815264798205,8.376614570617676,29600,0.0,0.0
2018-07-12 00:00:00-04:00,8.398815283344643,8.465413223601825,8.384015270596304,8.435813903808594,34400,0.0,0.0
2018-07-13 00:00:00-04:00,8.472813099827395,8.472813099827395,8.413614461150269,8.465413093566895,28300,0.0,0.0
2018-07-16 00:00:00-04:00,8.465412706537657,8.509812036367334,8.458013406318884,8.4876127243042,50100,0.0,0.0
2018-07-17 00:00:00-04:00,8.480213035947758,8.517212361240798,8.465413023549168,8.509812355041504,39000,0.0,0.0
2018-07-18 00:00:00-04:00,8.524612238328794,8.539411544799805,8.480212907508918,8.539411544799805,23100,0.0,0.0
2018-07-19 00:00:00-04:00,8.53941167413525,8.53941167413525,8.495012342642914,8.509812355041504,15900,0.0,0.0
2018-07-20 00:00:00-04:00,8.546811680334544,8.55421168653384,8.465413023549168,8.509812355041504,46800,0.0,0.0
2018-07-23 00:00:00-04:00,8.613410645596527,8.613410645596527,8.5024126655824,8.532011985778809,40600,0.0,0.0
2018-07-24 00:00:00-04:00,8.569012462279563,8.613411801383613,8.517213821411133,8.517213821411133,52800,0.0,0.0
2018-07-25 00:00:00-04:00,8.546812556261639,8.620810508728027,8.546812556261639,8.620810508728027,21500,0.0,0.0
2018-07-26 00:00:00-04:00,8.613411769082466,8.643011093139648,8.576412437585102,8.643011093139648,21200,0.0,0.0
2018-07-27 00:00:00-04:00,8.628208921304209,8.657808237961895,8.546810976921416,8.576410293579102,19500,0.0,0.0
2018-07-30 00:00:00-04:00,8.628208921304209,8.657808237961895,8.532010965740886,8.576410293579102,22800,0.0,0.0
2018-07-31 00:00:00-04:00,8.576410800246979,8.635609437059623,8.569010794219544,8.583810806274414,37000,0.0,0.0
2018-08-01 00:00:00-04:00,8.620809108319111,8.687407748712689,8.554211173628927,8.628209114074707,56800,0.0,0.0
2018-08-02 00:00:00-04:00,8.53941097133115,8.576410293579102,8.51721166026373,8.576410293579102,49000,0.0,0.0
2018-08-03 00:00:00-04:00,8.635610338020799,8.635610338020799,8.524613058842498,8.569011688232422,65600,0.0,0.0
2018-08-06 00:00:00-04:00,8.532012359938491,8.576411695031906,8.532012359938491,8.569011688232422,27700,0.0,0.0
2018-08-07 00:00:00-04:00,8.620810508728027,8.63561052264341,8.606011200516152,8.620810508728027,12800,0.0,0.0
2018-08-08 00:00:00-04:00,8.620808788596335,8.620808788596335,8.561610156153874,8.606009483337402,18000,0.0,0.0
2018-08-09 00:00:00-04:00,8.650409309688062,8.672609329223633,8.620809989344096,8.672609329223633,15400,0.0,0.0
2018-08-10 00:00:00-04:00,8.66520824355216,8.66520824355216,8.554210982511682,8.576410293579102,14200,0.0,0.0
2018-08-13 00:00:00-04:00,8.62080847598979,8.650407791137695,8.517211225823793,8.650407791137695,25900,0.0,0.0
2018-08-14 00:00:00-04:00,8.672609851728357,8.672609851728357,8.606011200516152,8.620810508728027,29400,0.0,0.0
2018-08-15 00:00:00-04:00,8.606010118653302,8.606010118653302,8.561610788192109,8.583810806274414,29100,0.0,0.0
2018-08-16 00:00:00-04:00,8.59120858133982,8.628207899204824,8.54680996446445,8.561609268188477,28900,0.0,0.0
2018-08-17 00:00:00-04:00,8.598610936234557,8.643010270948492,8.569011614993096,8.613410949707031,32500,0.0,0.0
2018-08-20 00:00:00-04:00,8.643011271889801,8.694809913635254,8.628211256703349,8.694809913635254,16700,0.0,0.0
2018-08-21 00:00:00-04:00,8.702208459966881,8.702208459966881,8.665209133917188,8.687408447265625,31300,0.0,0.0
2018-08-22 00:00:00-04:00,8.702208459966881,8.702208459966881,8.65040912121593,8.687408447265625,18100,0.0,0.0
2018-08-23 00:00:00-04:00,8.665209844770667,8.680009152982542,8.606011200516152,8.620810508728027,19600,0.0,0.0
2018-08-24 00:00:00-04:00,8.687408636543884,8.694808643055742,8.643010008879667,8.672609329223633,40200,0.0,0.0
2018-08-27 00:00:00-04:00,8.731806238632279,8.731806238632279,8.591208965597453,8.59860897064209,30200,0.0,0.0
2018-08-28 00:00:00-04:00,8.687407940489265,8.694807946408217,8.62820930454446,8.680007934570312,41000,0.0,0.0
2018-08-29 00:00:00-04:00,8.672609703225843,8.709609031677246,8.643010381605421,8.709609031677246,24500,0.0,0.0
2018-08-30 00:00:00-04:00,8.67260831512614,8.724406943245345,8.657808303833008,8.657808303833008,22800,0.0,0.0
2018-08-31 00:00:00-04:00,8.657807599592546,8.731806238632279,8.554210351780908,8.59860897064209,63500,0.0,0.0
2018-09-04 00:00:00-04:00,8.569010161635022,8.628208794077484,8.55421085637609,8.606009483337402,28900,0.0,0.0
2018-09-05 00:00:00-04:00,8.59860858605348,8.620807894491165,8.561609268188477,8.561609268188477,22200,0.0,0.0
2018-09-06 00:00:00-04:00,8.583812101867865,8.591211403308693,8.48021411895752,8.48021411895752,61200,0.0,0.0
2018-09-07 00:00:00-04:00,8.44321294981115,8.502411582664074,8.339615695170217,8.36921501159668,70900,0.0,0.0
2018-09-10 00:00:00-04:00,8.421013899482872,8.428413905244303,8.31741593593301,8.376614570617676,75400,0.0,0.0
2018-09-11 00:00:00-04:00,8.391414642333984,8.398814648148496,8.347015313150303,8.391414642333984,100900,0.0,0.0
2018-09-12 00:00:00-04:00,8.354416451799196,8.443214416503906,8.354416451799196,8.443214416503906,38600,0.0,0.0
2018-09-13 00:00:00-04:00,8.487612536532641,8.509811848104661,8.472812525015701,8.502411842346191,41400,0.0,0.0
2018-09-14 00:00:00-04:00,8.524612048211695,8.53201134843047,8.480212718382019,8.4876127243042,20800,0.0,0.0
2018-09-17 00:00:00-04:00,8.495012920667161,8.517212940775597,8.450614291857253,8.472813606262207,24700,0.0,0.0
2018-09-18 00:00:00-04:00,8.487613242724334,8.502412549769225,8.435813903808594,8.435813903808594,41400,0.0,0.0
2018-09-19 00:00:00-04:00,8.465413093566895,8.480213106087895,8.391415148072205,8.465413093566895,35800,0.0,0.0
2018-09-20 00:00:00-04:00,8.480213351860957,8.539411992253775,8.47281334538599,8.532011985778809,23100,0.0,0.0
2018-09-21 00:00:00-04:00,8.53940995975079,8.561609268188477,8.524610656026764,8.561609268188477,38600,0.0,0.0
2018-09-24 00:00:00-04:00,8.576410800246979,8.583810806274414,8.532011469785788,8.583810806274414,34800,0.0,0.0
2018-09-25 00:00:00-04:00,8.583811885346586,8.62821051568572,8.583811885346586,8.620810508728027,35500,0.0,0.0
2018-09-26 00:00:00-04:00,8.628208285117319,8.643008295206593,8.539410341691633,8.59860897064209,38100,0.0,0.0
2018-09-27 00:00:00-04:00,8.613411801383613,8.613411801383613,8.517213821411133,8.517213821411133,46200,0.0,0.0
2018-09-28 00:00:00-04:00,8.554211757286023,8.576411070364085,8.443213780488831,8.465413093566895,77000,0.0,0.0
2018-10-01 00:00:00-04:00,8.522027048827892,8.59751030468773,8.522027048827892,8.559768676757812,41100,0.225,0.0
2018-10-02 00:00:00-04:00,8.537122002020764,8.567315153368767,8.423897144569617,8.484283447265625,56700,0.0,0.0
2018-10-03 00:00:00-04:00,8.506929180788438,8.574863234061528,8.438994407653809,8.438994407653809,46800,0.0,0.0
2018-10-04 00:00:00-04:00,8.45409022551392,8.45409022551392,8.242738167837985,8.340866088867188,47700,0.0,0.0
2018-10-05 00:00:00-04:00,8.28047874663215,8.31822036072782,8.242737132536481,8.265381813049316,63300,0.0,0.0
2018-10-08 00:00:00-04:00,8.250286459108272,8.310672760009766,8.220093308657525,8.310672760009766,40800,0.0,0.0
2018-10-09 00:00:00-04:00,8.250286324850082,8.325768839817865,8.250286324850082,8.318221092224121,32000,0.0,0.0
2018-10-10 00:00:00-04:00,8.31822312958272,8.31822312958272,8.023839305479788,8.046483993530273,93800,0.0,0.0
2018-10-11 00:00:00-04:00,8.008740833559262,8.069127136707074,7.857775075689728,7.865323543548584,40900,0.0,0.0
2018-10-12 00:00:00-04:00,7.940807001544943,7.963451685884887,7.865323760596418,7.933258533477783,66800,0.0,0.0
2018-10-15 00:00:00-04:00,8.016290150192807,8.0540317736217,7.910613748564229,7.978548526763916,59200,0.0,0.0
2018-10-16 00:00:00-04:00,7.970999613370857,8.099319962502399,7.970999613370857,8.084223747253418,60300,0.0,0.0
2018-10-17 00:00:00-04:00,8.084225482585238,8.09932170107472,8.01629069972846,8.054032325744629,29300,0.0,0.0
2018-10-18 00:00:00-04:00,8.046482070294253,8.046482070294253,7.978547302518622,7.9936442375183105,41700,0.0,0.0
2018-10-19 00:00:00-04:00,7.993646350976548,8.114418983459473,7.948356253864615,8.114418983459473,49200,0.0,0.0
2018-10-22 00:00:00-04:00,8.099320738587242,8.099320738587242,7.827582359313965,7.827582359313965,47300,0.0,0.0
2018-10-23 00:00:00-04:00,7.820033073425293,7.820033073425293,7.555843190052471,7.820033073425293,66100,0.0,0.0
2018-10-24 00:00:00-04:00,7.827582046815398,7.827582046815398,7.623778450462228,7.631326198577881,62500,0.0,0.0
2018-10-25 00:00:00-04:00,7.631325496126185,7.729453411212421,7.616229281422935,7.684164047241211,78100,0.0,0.0
2018-10-26 00:00:00-04:00,7.638874517213119,7.646422985042724,7.518101911385482,7.586036682128906,45400,0.0,0.0
2018-10-29 00:00:00-04:00,7.631326448974025,7.661519602011904,7.465264467196467,7.51055383682251,42700,0.0,0.0
2018-10-30 00:00:00-04:00,7.518102955744156,7.540747642517089,7.442619706685557,7.54074764251709,60100,0.0,0.0
2018-10-31 00:00:00-04:00,7.586036682128906,7.65397145287233,7.563391998501603,7.586036682128906,87700,0.0,0.0
2018-11-01 00:00:00-04:00,7.593584689447036,7.67661567095276,7.555843072449355,7.638874053955078,77800,0.0,0.0
2018-11-02 00:00:00-04:00,7.691713841095191,7.7521008755589556,7.578489681181643,7.676617622375488,30900,0.0,0.0
2018-11-05 00:00:00-05:00,7.6464232159838,7.706809520721435,7.6464232159838,7.7068095207214355,51200,0.0,0.0
2018-11-06 00:00:00-05:00,7.7068093566980584,7.744550976321213,7.699260888801124,7.729454040527344,25500,0.0,0.0
2018-11-07 00:00:00-05:00,7.797387667791938,7.887967109680175,7.767194520495859,7.887967109680176,32900,0.0,0.0
2018-11-08 00:00:00-05:00,7.857775688171387,7.895517310545955,7.827582534244047,7.857775688171387,50100,0.0,0.0
2018-11-09 00:00:00-05:00,7.865323980845087,7.8879686658191375,7.7973892060613785,7.827582359313965,39300,0.0,0.0
2018-11-12 00:00:00-05:00,7.820033495706001,7.835130431499871,7.714357824594994,7.729454040527344,23800,0.0,0.0
2018-11-13 00:00:00-05:00,7.774744987487793,7.8049381425516415,7.737003363692582,7.774744987487793,37400,0.0,0.0
2018-11-14 00:00:00-05:00,7.842679245211069,7.857775461809069,7.714358164751081,7.737002849578857,39800,0.0,0.0
2018-11-15 00:00:00-05:00,7.66151926917797,7.729454040527343,7.63132611745175,7.729454040527344,54500,0.0,0.0
2018-11-16 00:00:00-05:00,7.661519420242342,7.706809508655429,7.646423204012335,7.6539716720581055,61600,0.0,0.0
2018-11-19 00:00:00-05:00,7.638874173272314,7.638874173272314,7.563391657959404,7.578487873077393,40900,0.0,0.0
2018-11-20 00:00:00-05:00,7.465265143380149,7.5482961417896535,7.465265143380149,7.525651454925537,60800,0.0,0.0
2018-11-21 00:00:00-05:00,7.616230175825275,7.744551255248694,7.555843870197965,7.59358549118042,57100,0.0,0.0
2018-11-23 00:00:00-05:00,7.59358549118042,7.601133239487674,7.533198465691565,7.59358549118042,32400,0.0,0.0
2018-11-26 00:00:00-05:00,7.646424465074433,7.706810779676545,7.631327526493078,7.676617622375488,36100,0.0,0.0
2018-11-27 00:00:00-05:00,7.631326879379728,7.6766169714216765,7.601133724638959,7.646423816680908,39000,0.0,0.0
2018-11-28 00:00:00-05:00,7.684165089955496,7.812486171722413,7.661519685035527,7.812486171722412,38100,0.0,0.0
2018-11-29 00:00:00-05:00,7.74455011228129,7.835129557354228,7.737001645226519,7.804936408996582,48600,0.0,0.0
2018-11-30 00:00:00-05:00,7.744551832423944,7.7973896738202795,7.744551832423944,7.774744987487793,40600,0.0,0.0
2018-12-03 00:00:00-05:00,7.887968444936361,7.963451685884887,7.887968444936361,7.933258533477783,71600,0.0,0.0
2018-12-04 00:00:00-05:00,7.87287200869818,7.87287200869818,7.661519227892049,7.691712379455566,62900,0.0,0.0
2018-12-06 00:00:00-05:00,7.646422186518791,7.646422186518791,7.472811043875824,7.563391208648682,70600,0.0,0.0
2018-12-07 00:00:00-05:00,7.58603609826581,7.623777714647522,7.457715034484864,7.457715034484863,79400,0.0,0.0
2018-12-10 00:00:00-05:00,7.435069672872482,7.487907499059471,7.32939330063711,7.374683380126953,100400,0.0,0.0
2018-12-11 00:00:00-05:00,7.412426638945798,7.450168263922712,7.374685733830504,7.389781951904297,97000,0.0,0.0
2018-12-12 00:00:00-05:00,7.4426188468933105,7.503005151219548,7.404877946585559,7.4426188468933105,144200,0.0,0.0
2018-12-13 00:00:00-05:00,7.442619391535043,7.48036101446621,7.39733001990691,7.465264797210693,143400,0.0,0.0
2018-12-14 00:00:00-05:00,7.3671369552612305,7.4275232647419305,7.3671369552612305,7.3671369552612305,109500,0.0,0.0
2018-12-17 00:00:00-05:00,7.367135092837163,7.367135092837163,7.185976210192333,7.216169357299805,136100,0.0,0.0
2018-12-18 00:00:00-05:00,7.261460431849634,7.269008900373412,7.163332500625257,7.201074123382568,249600,0.0,0.0
2018-12-19 00:00:00-05:00,7.201073908416225,7.284104900114405,7.125590665154928,7.133139133453369,89200,0.0,0.0
2018-12-20 00:00:00-05:00,7.118042604629187,7.133138820702621,6.906689820708889,6.936882972717285,146600,0.0,0.0
2018-12-21 00:00:00-05:00,6.936884054574819,6.951980992864257,6.8010152092780665,6.823659896850586,179100,0.0,0.0
2018-12-24 00:00:00-05:00,6.755725109907569,6.793466735745148,6.733080422349677,6.770822048187256,104900,0.0,0.0
2018-12-26 00:00:00-05:00,6.801013591943834,6.98217248916626,6.7557235077074935,6.98217248916626,143300,0.0,0.0
2018-12-27 00:00:00-05:00,6.876497442129829,6.96707690834288,6.8312080689541075,6.90669059753418,173200,0.0,0.0
2018-12-28 00:00:00-05:00,7.011160762574009,7.073069404971239,6.964728911771471,7.026637554168701,186400,0.225,0.0
2018-12-31 00:00:00-05:00,7.0421152017659,7.119500637054443,7.011160880048633,7.119500637054443,247600,0.0,0.0
2019-01-02 00:00:00-05:00,7.049853932934124,7.227841854095459,7.04211590523875,7.227841854095459,72500,0.0,0.0
2019-01-03 00:00:00-05:00,7.220102406764771,7.227841171738872,7.111761911155099,7.150454998016357,85400,0.0,0.0
2019-01-04 00:00:00-05:00,7.189147682235186,7.266533851623535,7.150454597541011,7.266533851623535,157900,0.0,0.0
2019-01-07 00:00:00-05:00,7.328444038335455,7.39035269170605,7.25105785261753,7.359398365020752,118400,0.0,0.0
2019-01-08 00:00:00-05:00,7.4522602310752015,7.475475788116455,7.351658499884098,7.475475788116455,68100,0.0,0.0
2019-01-09 00:00:00-05:00,7.545124089199624,7.576078414916992,7.498692231618901,7.576078414916992,80300,0.0,0.0
2019-01-10 00:00:00-05:00,7.560599414826395,7.568337440490723,7.5141675707948155,7.568337440490723,100400,0.0,0.0
2019-01-11 00:00:00-05:00,7.552862242866053,7.614770889282227,7.483214831145537,7.614770889282227,49200,0.0,0.0
2019-01-14 00:00:00-05:00,7.583816566074139,7.614770889282227,7.54512347756171,7.614770889282227,31400,0.0,0.0
2019-01-15 00:00:00-05:00,7.645724812779072,7.6766791343688965,7.607031726289481,7.6766791343688965,79300,0.0,0.0
2019-01-16 00:00:00-05:00,7.6766789598855025,7.707633280771766,7.661201430437759,7.684417724609375,53100,0.0,0.0
2019-01-17 00:00:00-05:00,7.68441957307009,7.730850696563721,7.66894203989928,7.730850696563721,59400,0.0,0.0
2019-01-18 00:00:00-05:00,7.769543471739662,7.800497798798013,7.730850378414381,7.777282238006592,63200,0.0,0.0
2019-01-22 00:00:00-05:00,7.769543791481346,7.769543791481346,7.692157601646095,7.730850696563721,55300,0.0,0.0
2019-01-23 00:00:00-05:00,7.746326971797858,7.769542529774666,7.692156352506262,7.723110675811768,25100,0.0,0.0
2019-01-24 00:00:00-05:00,7.746326272143955,7.785019357283369,7.707633187004541,7.754065036773682,58700,0.0,0.0
2019-01-25 00:00:00-05:00,7.800497144636495,7.800497144636495,7.761804054556075,7.785020351409912,52800,0.0,0.0
2019-01-28 00:00:00-05:00,7.746328321619314,7.769543883641505,7.707635226242721,7.715373992919922,55300,0.0,0.0
2019-01-29 00:00:00-05:00,7.7231098504522375,7.761802934951356,7.7231098504522375,7.738587379455566,60100,0.0,0.0
2019-01-30 00:00:00-05:00,7.8004966168105385,7.831450939178467,7.746326737168979,7.831450939178467,108900,0.0,0.0
2019-01-31 00:00:00-05:00,7.854669215856659,7.885623548941442,7.8469311860926,7.870146751403809,59900,0.0,0.0
2019-02-01 00:00:00-05:00,7.877882868771616,7.916575218602948,7.862405338431669,7.893359661102295,98400,0.0,0.0
2019-02-04 00:00:00-05:00,7.893359787831969,7.939791641588014,7.862405464664364,7.90883731842041,53200,0.0,0.0
2019-02-05 00:00:00-05:00,7.932052876293794,7.955268434167178,7.885621022537748,7.90883731842041,48300,0.0,0.0
2019-02-06 00:00:00-05:00,7.908837759188377,7.9243145526300784,7.870144668570144,7.877883434295654,34400,0.0,0.0
2019-02-07 00:00:00-05:00,7.8701442405090924,7.908837329022789,7.831451151995396,7.854666709899902,129000,0.0,0.0
2019-02-08 00:00:00-05:00,7.839188923911537,7.862404478874149,7.823711395263672,7.823711395263672,66000,0.0,0.0
2019-02-11 00:00:00-05:00,7.846927771177232,7.8856201171875,7.83145024236577,7.8856201171875,40800,0.0,0.0
2019-02-12 00:00:00-05:00,7.939792030247447,7.947530795920486,7.901098939891562,7.924314498901367,36900,0.0,0.0
2019-02-13 00:00:00-05:00,7.932052876293794,7.97848473004984,7.885621022537748,7.90883731842041,59200,0.0,0.0
2019-02-14 00:00:00-05:00,7.916573610017216,7.93205113721225,7.885619293636265,7.901096820831299,37000,0.0,0.0
2019-02-15 00:00:00-05:00,7.93979179101754,8.032654762268066,7.93979179101754,8.032654762268066,49500,0.0,0.0
2019-02-19 00:00:00-05:00,8.001700576639124,8.032654900923616,7.97074625235463,7.993961811065674,70000,0.0,0.0
2019-02-20 00:00:00-05:00,8.017177882796092,8.06360974119866,7.993962322599485,8.024916648864746,54300,0.0,0.0
2019-02-21 00:00:00-05:00,8.009440422058105,8.017178450665503,7.9784860936003,8.009440422058105,32500,0.0,0.0
2019-02-22 00:00:00-05:00,8.048129947882318,8.05586871177671,8.009437604428644,8.04039192199707,55600,0.0,0.0
2019-02-25 00:00:00-05:00,8.079085310647717,8.117778397116288,8.024915432397261,8.048130989074707,72500,0.0,0.0
2019-02-26 00:00:00-05:00,8.017175630313892,8.086823029345137,8.017175630313892,8.04039192199707,43900,0.0,0.0
2019-02-27 00:00:00-05:00,8.048130989074707,8.063608518865832,8.032654197292823,8.048130989074707,32700,0.0,0.0
2019-02-28 00:00:00-05:00,8.094564640814717,8.094564640814717,7.993962888824501,8.009440422058105,62700,0.0,0.0
2019-03-01 00:00:00-05:00,8.055870056152344,8.071347586524043,8.032654498604064,8.055870056152344,29900,0.0,0.0
2019-03-04 00:00:00-05:00,8.06360974119866,8.102302833532574,8.024916648864746,8.024916648864746,52700,0.0,0.0
2019-03-05 00:00:00-05:00,8.032655113343305,8.063609438446369,7.986223256684044,8.01717758178711,49200,0.0,0.0
2019-03-06 00:00:00-05:00,8.040393324696762,8.040393324696762,7.947530355790925,7.955268383026123,31800,0.0,0.0
2019-03-07 00:00:00-05:00,7.963006280903404,7.970745045304934,7.932051961306478,7.939790725708008,48000,0.0,0.0
2019-03-08 00:00:00-05:00,7.901098939891562,7.939792030247447,7.8701446152087176,7.924314498901367,58100,0.0,0.0
2019-03-11 00:00:00-04:00,7.963007697359076,8.024916347565206,7.963007697359076,8.01717758178711,40400,0.0,0.0
2019-03-12 00:00:00-04:00,8.040392353599486,8.086823463439941,8.00169927005965,8.086823463439941,69300,0.0,0.0
2019-03-13 00:00:00-04:00,8.12551685090542,8.12551685090542,8.040392654341156,8.094562530517578,49000,0.0,0.0
2019-03-14 00:00:00-04:00,8.117778126841586,8.125516891479492,8.071347015032579,8.125516891479492,60100,0.0,0.0
2019-03-15 00:00:00-04:00,8.125516584856284,8.202902752296685,8.125516584856284,8.171948432922363,111500,0.0,0.0
2019-03-18 00:00:00-04:00,8.187425915481116,8.218380237471226,8.171949123490688,8.195164680480957,43100,0.0,0.0
2019-03-19 00:00:00-04:00,8.264811170456031,8.264811170456031,8.17968624094175,8.226118087768555,66700,0.0,0.0
2019-03-20 00:00:00-04:00,8.210641393786167,8.241595715479631,8.133255958557129,8.133255958557129,58400,0.0,0.0
2019-03-21 00:00:00-04:00,8.164210707348246,8.202903795991555,8.133256384035455,8.1796875,72700,0.0,0.0
2019-03-22 00:00:00-04:00,8.140994691802973,8.195164570053429,8.048130989074707,8.048130989074707,68000,0.0,0.0
2019-03-25 00:00:00-04:00,8.055870672668272,8.094563763549434,8.001700788240239,8.01717758178711,45800,0.0,0.0
2019-03-26 00:00:00-04:00,8.032653201288142,8.110038626620678,8.032653201288142,8.071346282958984,60600,0.0,0.0
2019-03-27 00:00:00-04:00,8.094563856410138,8.16421127319336,8.032655205493793,8.16421127319336,84500,0.0,0.0
2019-03-28 00:00:00-04:00,8.125517655963732,8.25707371514865,8.094563332509004,8.210641860961914,68500,0.0,0.0
2019-03-29 00:00:00-04:00,8.249333809788403,8.349935531616211,8.202902700027375,8.349935531616211,93900,0.0,0.0
2019-04-01 00:00:00-04:00,8.38550246867664,8.393406045178944,8.290661811828613,8.290661811828613,99900,0.225,0.0
2019-04-02 00:00:00-04:00,8.298565315066718,8.345986019935344,8.23533821105957,8.23533821105957,83300,0.0,0.0
2019-04-03 00:00:00-04:00,8.259045417402726,8.2748525649677,8.148398399353027,8.148398399353027,91500,0.0,0.0
2019-04-04 00:00:00-04:00,8.16420678265497,8.211627483179143,8.16420678265497,8.203723907470703,85900,0.0,0.0
2019-04-05 00:00:00-04:00,8.211628162011223,8.243241713731921,8.180014610290527,8.180014610290527,69600,0.0,0.0
2019-04-08 00:00:00-04:00,8.18001259329333,8.27485322506997,8.18001259329333,8.251142501831055,74600,0.0,0.0
2019-04-09 00:00:00-04:00,8.251142696588246,8.274853420386822,8.219529151916504,8.219529151916504,52900,0.0,0.0
2019-04-10 00:00:00-04:00,8.25114515655436,8.314373018474726,8.25114515655436,8.298565864562988,65000,0.0,0.0
2019-04-11 00:00:00-04:00,8.298563287408417,8.409211069248682,8.298563287408417,8.338080406188965,56500,0.0,0.0
2019-04-12 00:00:00-04:00,8.39340652685366,8.401310103809529,8.298565864562988,8.298565864562988,58500,0.0,0.0
2019-04-15 00:00:00-04:00,8.338081637894172,8.377598762512207,8.322274486556372,8.377598762512207,80000,0.0,0.0
2019-04-16 00:00:00-04:00,8.4013083395869,8.440825462341309,8.4013083395869,8.440825462341309,56500,0.0,0.0
2019-04-17 00:00:00-04:00,8.456632057864867,8.456632057864867,8.393404961463093,8.409212112426758,38700,0.0,0.0
2019-04-18 00:00:00-04:00,8.417116846085607,8.432924000639783,8.35388973532213,8.393406867980957,87400,0.0,0.0
2019-04-22 00:00:00-04:00,8.409211632991624,8.41711445429645,8.338080965163398,8.38550090789795,41300,0.0,0.0
2019-04-23 00:00:00-04:00,8.4013083395869,8.472439009799551,8.36179121683249,8.440825462341309,91500,0.0,0.0
2019-04-24 00:00:00-04:00,8.448727805577947,8.464534955275344,8.377597893118812,8.432921409606934,69000,0.0,0.0
2019-04-25 00:00:00-04:00,8.43292228428106,8.43292228428106,8.322274486101895,8.361791610717773,121600,0.0,0.0
2019-04-26 00:00:00-04:00,8.369696889876307,8.393406867980957,8.338083334494568,8.393406867980957,33500,0.0,0.0
2019-04-29 00:00:00-04:00,8.393406867980957,8.425020423362696,8.35388973532213,8.393406867980957,26500,0.0,0.0
2019-04-30 00:00:00-04:00,8.401308615519754,8.456632136957118,8.38550146440825,8.448728561401367,36100,0.0,0.0
2019-05-01 00:00:00-04:00,8.448728562083021,8.559376358693127,8.432922164696691,8.4645357131958,66900,0.0,0.0
2019-05-02 00:00:00-04:00,8.432922485768787,8.432922485768787,8.29856471110047,8.330178260803223,88900,0.0,0.0
2019-05-03 00:00:00-04:00,8.369694318270113,8.432921409606934,8.338080772601705,8.432921409606934,50000,0.0,0.0
2019-05-06 00:00:00-04:00,8.361793312599218,8.393406867980957,8.259049069176916,8.393406867980957,60100,0.0,0.0
2019-05-07 00:00:00-04:00,8.353888638427103,8.353888638427103,8.25114440849548,8.266951560974121,54800,0.0,0.0
2019-05-08 00:00:00-04:00,8.266951360724988,8.290661335142111,8.235337810259992,8.282757759094238,52600,0.0,0.0
2019-05-09 00:00:00-04:00,8.30646848723786,8.30646848723786,8.187917107699247,8.282757759094238,68100,0.0,0.0
2019-05-10 00:00:00-04:00,8.274853314854859,8.322273254394531,8.22743262158884,8.322273254394531,45500,0.0,0.0
2019-05-13 00:00:00-04:00,8.25114433413427,8.314372189752497,8.11678730790925,8.195820808410645,60000,0.0,0.0
2019-05-14 00:00:00-04:00,8.219531058194516,8.345986019935344,8.187917506190942,8.23533821105957,33700,0.0,0.0
2019-05-15 00:00:00-04:00,8.219529433938282,8.25904655456543,8.164205917296108,8.25904655456543,46600,0.0,0.0
2019-05-16 00:00:00-04:00,8.251142501831055,8.330176738508092,8.251142501831055,8.251142501831055,63300,0.0,0.0
2019-05-17 00:00:00-04:00,8.251142981741863,8.290660102378812,8.203723039958629,8.274853706359863,42500,0.0,0.0
2019-05-20 00:00:00-04:00,8.266951560974121,8.266951560974121,8.219530857264713,8.266951560974121,48500,0.0,0.0
2019-05-21 00:00:00-04:00,8.282755858397712,8.322272975842338,8.282755858397712,8.314370155334473,37000,0.0,0.0
2019-05-22 00:00:00-04:00,8.298565388330918,8.338082517115897,8.251144683043634,8.290661811828613,35900,0.0,0.0
2019-05-23 00:00:00-04:00,8.227435111999512,8.274855819619585,8.195821558161656,8.227435111999512,46700,0.0,0.0
2019-05-24 00:00:00-04:00,8.266951435523994,8.425019189279169,8.266951435523994,8.353888511657715,74500,0.0,0.0
2019-05-28 00:00:00-04:00,8.338082164530263,8.43292281736784,8.195820808410645,8.195820808410645,49200,0.0,0.0
2019-05-29 00:00:00-04:00,8.2274321611498,8.243239309262627,8.093074417095997,8.17210865020752,56500,0.0,0.0
2019-05-30 00:00:00-04:00,8.187917232242553,8.32227501219408,8.132593706518927,8.195820808410645,82300,0.0,0.0
2019-05-31 00:00:00-04:00,8.180014133465003,8.259047631296498,8.124689855883824,8.156303405761719,47600,0.0,0.0
2019-06-03 00:00:00-04:00,8.148400784134015,8.164207182598746,8.045656556070515,8.124690055847168,40900,0.0,0.0
2019-06-04 00:00:00-04:00,8.164207182598746,8.187917157159092,8.037752979974899,8.124690055847168,114500,0.0,0.0
2019-06-05 00:00:00-04:00,8.148400986247696,8.164207385104488,8.077270307075823,8.093076705932617,67100,0.0,0.0
2019-06-06 00:00:00-04:00,8.100979881907023,8.187916955639613,8.093076306005928,8.156303405761719,96700,0.0,0.0
2019-06-07 00:00:00-04:00,8.16420678265497,8.235337456577998,8.16420678265497,8.203723907470703,74900,0.0,0.0
2019-06-10 00:00:00-04:00,8.211627483179143,8.282757403375706,8.195820331762263,8.203723907470703,80800,0.0,0.0
2019-06-11 00:00:00-04:00,8.235337456577998,8.282757403375706,8.195820331762263,8.203723907470703,75500,0.0,0.0
2019-06-12 00:00:00-04:00,8.227433403303685,8.227433403303685,8.148399911986225,8.211627006530762,76700,0.0,0.0
2019-06-13 00:00:00-04:00,8.235338009743353,8.266951560974121,8.227434433504033,8.266951560974121,83900,0.0,0.0
2019-06-14 00:00:00-04:00,8.266952242728477,8.266952242728477,8.172111581214908,8.227435111999512,66500,0.0,0.0
2019-06-17 00:00:00-04:00,8.243241859066908,8.306468963623047,8.243241859066908,8.306468963623047,71400,0.0,0.0
2019-06-18 00:00:00-04:00,8.338080772601705,8.432921409606934,8.314370801781992,8.432921409606934,108500,0.0,0.0
2019-06-19 00:00:00-04:00,8.432921604358901,8.464535150757401,8.38550090789795,8.38550090789795,56600,0.0,0.0
2019-06-20 00:00:00-04:00,8.456631577469565,8.46453515250242,8.37759808832022,8.401308059692383,46100,0.0,0.0
2019-06-21 00:00:00-04:00,8.409212311461344,8.409212311461344,8.35388803550551,8.377598762512207,55400,0.0,0.0
2019-06-24 00:00:00-04:00,8.393406867980957,8.425020423362696,8.369696889876307,8.393406867980957,46400,0.0,0.0
2019-06-25 00:00:00-04:00,8.401307491929115,8.425017461698951,8.298563284624695,8.322273254394531,42900,0.0,0.0
2019-06-26 00:00:00-04:00,8.353887559341027,8.4487282007826,8.330177587412239,8.369694709777832,38400,0.0,0.0
2019-06-27 00:00:00-04:00,8.409211914883066,8.440825462341309,8.338081244670416,8.440825462341309,59300,0.0,0.0
2019-06-28 00:00:00-04:00,8.432922639857063,8.519859714696546,8.393405513574939,8.456632614135742,58700,0.0,0.0
2019-07-01 00:00:00-04:00,8.557547363372466,8.581766620594218,8.468742137032194,8.5010347366333,43000,0.225,0.0
2019-07-02 00:00:00-04:00,8.468743804140205,8.533329016056289,8.379939330234704,8.404158592224121,49800,0.0,0.0
2019-07-03 00:00:00-04:00,8.436447881492732,8.541399002075195,8.396081947435455,8.541399002075195,26600,0.0,0.0
2019-07-05 00:00:00-04:00,8.501035454009271,8.53332805633545,8.428376906296275,8.53332805633545,35500,0.0,0.0
2019-07-08 00:00:00-04:00,8.509108524208264,8.517181867010013,8.388011461847407,8.452596664428711,44000,0.0,0.0
2019-07-09 00:00:00-04:00,8.460669230799155,8.52525520324707,8.444523315124435,8.52525520324707,63700,0.0,0.0
2019-07-10 00:00:00-04:00,8.630205599263409,8.630205599263409,8.549474480876205,8.581767082214355,82400,0.0,0.0
2019-07-11 00:00:00-04:00,8.646352284890657,8.670571543415184,8.573693739400731,8.581767082214355,53200,0.0,0.0
2019-07-12 00:00:00-04:00,8.59791160463947,8.646350883755318,8.581765691545003,8.630204200744629,37300,0.0,0.0
2019-07-15 00:00:00-04:00,8.646351606003606,8.710936803608861,8.605985665021251,8.662497520446777,53400,0.0,0.0
2019-07-16 00:00:00-04:00,8.662496034330877,8.67864271592025,8.509106408812604,8.541399002075195,94700,0.0,0.0
2019-07-17 00:00:00-04:00,8.541399952334528,8.541399952334528,8.420302906606395,8.468741416931152,76500,0.0,0.0
2019-07-18 00:00:00-04:00,8.444524525149454,8.501036392983137,8.428377837244712,8.47681713104248,70600,0.0,0.0
2019-07-19 00:00:00-04:00,8.492961188370977,8.525253784261825,8.452595251028365,8.517180442810059,52800,0.0,0.0
2019-07-22 00:00:00-04:00,8.525255209811762,8.541401125498915,8.436449978825213,8.452596664428711,49400,0.0,0.0
2019-07-23 00:00:00-04:00,8.460667610168457,8.501033546497728,8.420302443755384,8.460667610168457,68600,0.0,0.0
2019-07-24 00:00:00-04:00,8.444524525149454,8.492963818947223,8.444524525149454,8.47681713104248,50100,0.0,0.0
2019-07-25 00:00:00-04:00,8.484889265719362,8.484889265719362,8.379938119045658,8.452596664428711,76500,0.0,0.0
2019-07-26 00:00:00-04:00,8.420302906606395,8.509107355479276,8.420302906606395,8.468741416931152,92800,0.0,0.0
2019-07-29 00:00:00-04:00,8.468741857207144,8.51718113996642,8.42837591656046,8.492961883544922,59500,0.0,0.0
2019-07-30 00:00:00-04:00,8.492960960027354,8.54947280883789,8.468740936323242,8.54947280883789,114200,0.0,0.0
2019-07-31 00:00:00-04:00,8.573694218395127,8.670572027821942,8.557548301782187,8.646352767944336,169800,0.0,0.0
2019-08-01 00:00:00-04:00,8.670572241288331,8.783596740027098,8.630206293887598,8.759377479553223,161400,0.0,0.0
2019-08-02 00:00:00-04:00,8.73515533568708,8.73515533568708,8.630204205804727,8.702862739562988,65400,0.0,0.0
2019-08-05 00:00:00-04:00,8.622131340117836,8.622131340117836,8.452595023770028,8.54947280883789,135400,0.0,0.0
2019-08-06 00:00:00-04:00,8.5656192377475,8.614058518159567,8.541399982499588,8.597911834716797,107300,0.0,0.0
2019-08-07 00:00:00-04:00,8.557546642505434,8.622131836267146,8.404156229884189,8.614058494567871,67500,0.0,0.0
2019-08-08 00:00:00-04:00,8.646350888824884,8.702862739562988,8.646350888824884,8.702862739562988,71800,0.0,0.0
2019-08-09 00:00:00-04:00,8.678643923195413,8.702863179032429,8.63827798352288,8.654424667358398,37500,0.0,0.0
2019-08-12 00:00:00-04:00,8.646350593905753,8.646350593905753,8.533326126368483,8.54947280883789,53900,0.0,0.0
2019-08-13 00:00:00-04:00,8.549473786208555,8.686717523223361,8.525254529651907,8.605985641479492,142100,0.0,0.0
2019-08-14 00:00:00-04:00,8.565619152243608,8.565619152243608,8.347644317355787,8.355717658996582,163700,0.0,0.0
2019-08-15 00:00:00-04:00,8.436448789358527,8.436448789358527,8.291132488997118,8.339570999145508,135200,0.0,0.0
2019-08-16 00:00:00-04:00,8.363791231277018,8.4283764322972,8.33957197337353,8.39608383178711,64400,0.0,0.0
2019-08-19 00:00:00-04:00,8.47681591639022,8.54140111892179,8.291133651591043,8.52525520324707,18300,0.0,0.0
2019-08-20 00:00:00-04:00,8.525254482079012,8.525254482079012,8.468741857207144,8.492961883544922,25700,0.0,0.0
2019-08-21 00:00:00-04:00,8.509107331877427,8.525254015218387,8.484888076782227,8.484888076782227,39200,0.0,0.0
2019-08-22 00:00:00-04:00,8.509107331877427,8.509107331877427,8.460668051770787,8.484888076782227,26800,0.0,0.0
2019-08-23 00:00:00-04:00,8.476815922917613,8.517181867010013,8.42030406313806,8.452596664428711,42700,0.0,0.0
2019-08-26 00:00:00-04:00,8.484889291619648,8.501035207356088,8.436450004577637,8.436450004577637,40100,0.0,0.0
2019-08-27 00:00:00-04:00,8.412230260734667,8.444522860261014,8.371864318847656,8.371864318847656,92900,0.0,0.0
2019-08-28 00:00:00-04:00,8.388010282879078,8.420302879630876,8.35571768612728,8.412229537963867,60600,0.0,0.0
2019-08-29 00:00:00-04:00,8.460667610168457,8.484887633915738,8.460667610168457,8.460667610168457,12800,0.0,0.0
2019-08-30 00:00:00-04:00,8.517180673547907,8.53332658697263,8.347644348049023,8.484888076782227,83700,0.0,0.0
2019-09-03 00:00:00-04:00,8.436448765655827,8.460668020661977,8.315351720708842,8.355717658996582,52900,0.0,0.0
2019-09-04 00:00:00-04:00,8.436450004577637,8.444523347404031,8.39608406036202,8.436450004577637,27900,0.0,0.0
2019-09-05 00:00:00-04:00,8.468741650062345,8.533326845550777,8.444522394233248,8.50910758972168,65500,0.0,0.0
2019-09-06 00:00:00-04:00,8.492961883544922,8.51718113996642,8.48488854143233,8.492961883544922,25300,0.0,0.0
2019-09-09 00:00:00-04:00,8.492962164170253,8.54140067861376,8.4848888217909,8.5010347366333,80900,0.0,0.0
2019-09-10 00:00:00-04:00,8.444522138346066,8.501033990206947,8.428375455005106,8.484888076782227,53900,0.0,0.0
2019-09-11 00:00:00-04:00,8.492962880865004,8.541401399396086,8.460669508622455,8.53332805633545,39600,0.0,0.0
2019-09-12 00:00:00-04:00,8.549476132250504,8.565622051080071,8.517183524674873,8.557549476623535,45500,0.0,0.0
2019-09-13 00:00:00-04:00,8.517183524674873,8.597914658655702,8.517183524674873,8.557549476623535,36900,0.0,0.0
2019-09-16 00:00:00-04:00,8.597914658655702,8.597914658655702,8.541402787877471,8.557549476623535,55900,0.0,0.0
2019-09-17 00:00:00-04:00,8.54140111892179,8.565620377392044,8.52525520324707,8.52525520324707,32600,0.0,0.0
2019-09-18 00:00:00-04:00,8.525253090401977,8.597910847805693,8.509106408812604,8.541399002075195,39400,0.0,0.0
2019-09-19 00:00:00-04:00,8.549473067257368,8.646350855253493,8.549473067257368,8.573692321777344,40100,0.0,0.0
2019-09-20 00:00:00-04:00,8.622131340117836,8.622131340117836,8.533326126368483,8.54947280883789,29500,0.0,0.0
2019-09-23 00:00:00-04:00,8.557546642505434,8.614058494567871,8.517180703925304,8.614058494567871,69600,0.0,0.0
2019-09-24 00:00:00-04:00,8.51718187368222,8.51718187368222,8.331498838678256,8.379938125610352,183000,0.0,0.0
2019-09-25 00:00:00-04:00,8.4283764322972,8.4283764322972,8.35571865858674,8.39608383178711,85800,0.0,0.0
2019-09-26 00:00:00-04:00,8.396082827368087,8.396082827368087,8.339570975714992,8.355717658996582,67900,0.0,0.0
2019-09-27 00:00:00-04:00,8.379936240394308,8.404155493453631,8.315351052292,8.363789558410645,124600,0.0,0.0
2019-09-30 00:00:00-04:00,8.36379072021851,8.379937404445098,8.33957146379491,8.347644805908203,156000,0.0,0.0
2019-10-01 00:00:00-04:00,8.369866107135536,8.378096252283399,8.246417069396955,8.271106719970703,169200,0.197,0.0
2019-10-02 00:00:00-04:00,8.221725408902202,8.229955552823759,8.122966036452683,8.172346115112305,152300,0.0,0.0
2019-10-03 00:00:00-04:00,8.155886867556573,8.246416892501408,8.139427362483765,8.205266952514648,60700,0.0,0.0
2019-10-04 00:00:00-04:00,8.213496575852478,8.320486109299054,8.188806925017067,8.30402660369873,179800,0.0,0.0
2019-10-07 00:00:00-04:00,8.279336888875031,8.312256684691102,8.254646453360596,8.295796394348145,70800,0.0,0.0
2019-10-08 00:00:00-04:00,8.279336736329048,8.279336736329048,8.238186796099683,8.254646301269531,76900,0.0,0.0
2019-10-09 00:00:00-04:00,8.287565413783836,8.3945549356189,8.229955973130249,8.353404998779297,117500,0.0,0.0
2019-10-10 00:00:00-04:00,8.353405128541027,8.386324921550134,8.304025831462257,8.369865417480469,64800,0.0,0.0
2019-10-11 00:00:00-04:00,8.411015535866104,8.501544772370835,8.378095742148949,8.435705184936523,93300,0.0,0.0
2019-10-14 00:00:00-04:00,8.435705923515691,8.435705923515691,8.378096475684183,8.38632583618164,40300,0.0,0.0
2019-10-15 00:00:00-04:00,8.435705923515691,8.4933153713472,8.378096475684183,8.38632583618164,120800,0.0,0.0
2019-10-16 00:00:00-04:00,8.411015354959295,8.41924471455924,8.345175768941083,8.369865417480469,60800,0.0,0.0
2019-10-17 00:00:00-04:00,8.328715480001641,8.394555066019853,8.328715480001641,8.369865417480469,58200,0.0,0.0
2019-10-18 00:00:00-04:00,8.378096452493274,8.411016249001564,8.353406016459662,8.3616361618042,59900,0.0,0.0
2019-10-21 00:00:00-04:00,8.411014715612483,8.452164649963379,8.411014715612483,8.452164649963379,32300,0.0,0.0
2019-10-22 00:00:00-04:00,8.476856295255455,8.501545947739304,8.419246059633272,8.485086441040039,55000,0.0,0.0
2019-10-23 00:00:00-04:00,8.501544952392578,8.534464746806815,8.435705363564102,8.501544952392578,43100,0.0,0.0
2019-10-24 00:00:00-04:00,8.501543943288679,8.501543943288679,8.452164649963379,8.452164649963379,40700,0.0,0.0
2019-10-25 00:00:00-04:00,8.443936496987023,8.485086441040039,8.402786552934005,8.485086441040039,50000,0.0,0.0
2019-10-28 00:00:00-04:00,8.518006111435167,8.518006111435167,8.452166515886693,8.468626022338867,57400,0.0,0.0
2019-10-29 00:00:00-04:00,8.468626022338867,8.493315674452072,8.452166515886693,8.468626022338867,32700,0.0,0.0
2019-10-30 00:00:00-04:00,8.501545883988161,8.501545883988161,8.378096837624728,8.476856231689453,73700,0.0,0.0
2019-10-31 00:00:00-04:00,8.460395013157328,8.50977509721359,8.402785569149863,8.501544952392578,203400,0.0,0.0
2019-11-01 00:00:00-04:00,8.567384848317763,8.583845138549805,8.518005547361316,8.583845138549805,71300,0.0,0.0
2019-11-04 00:00:00-05:00,8.583845074253592,8.63322437484017,8.559154639090472,8.575614929199219,54100,0.0,0.0
2019-11-05 00:00:00-05:00,8.608533728756464,8.64968366439849,8.559153649012085,8.592073440551758,46300,0.0,0.0
2019-11-06 00:00:00-05:00,8.61676393823193,8.61676393823193,8.575614002277712,8.600303649902344,56700,0.0,0.0
2019-11-07 00:00:00-05:00,8.624993428023073,8.633223572312387,8.59207363573557,8.616764068603516,30900,0.0,0.0
2019-11-08 00:00:00-05:00,8.624993324279785,8.666143260361642,8.608533820768892,8.624993324279785,79200,0.0,0.0
2019-11-11 00:00:00-05:00,8.608534724546882,8.641454519894543,8.567384784144846,8.575614929199219,62500,0.0,0.0
2019-11-12 00:00:00-05:00,8.575615819431693,8.633225271053066,8.56738567352295,8.56738567352295,48800,0.0,0.0
2019-11-13 00:00:00-05:00,8.567383673526448,8.567383673526448,8.501544091366128,8.534463882446289,56300,0.0,0.0
2019-11-14 00:00:00-05:00,8.501544091366128,8.592073320619138,8.501544091366128,8.534463882446289,41200,0.0,0.0
2019-11-15 00:00:00-05:00,8.559154614983141,8.61676484533166,8.550925254821777,8.550925254821777,51600,0.0,0.0
2019-11-18 00:00:00-05:00,8.559154510498047,8.575614800359494,8.534464860575694,8.559154510498047,58900,0.0,0.0
2019-11-19 00:00:00-05:00,8.583845138549805,8.608534789028027,8.567384848317763,8.583845138549805,37500,0.0,0.0
2019-11-20 00:00:00-05:00,8.575615040913263,8.633224487304688,8.559154750590087,8.633224487304688,37200,0.0,0.0
2019-11-21 00:00:00-05:00,8.649683913549323,8.666143417358398,8.600303832382572,8.666143417358398,54900,0.0,0.0
2019-11-22 00:00:00-05:00,8.6743745803833,8.715524522043125,8.600304842369585,8.6743745803833,52700,0.0,0.0
2019-11-25 00:00:00-05:00,8.715523603009174,8.715523603009174,8.633223728367875,8.657914161682129,53000,0.0,0.0
2019-11-26 00:00:00-05:00,8.666143391054511,8.690833823997828,8.600303806278523,8.641453742980957,57700,0.0,0.0
2019-11-27 00:00:00-05:00,8.624993297526977,8.63322344169177,8.583844146442505,8.600303649902344,45000,0.0,0.0
2019-11-29 00:00:00-05:00,8.608534015319707,8.666143456214417,8.592073726567067,8.649683952331543,58900,0.0,0.0
2019-12-02 00:00:00-05:00,8.65791481000329,8.65791481000329,8.52623484374281,8.575614929199219,50100,0.0,0.0
2019-12-03 00:00:00-05:00,8.526234731169637,8.550925166006767,8.460395141343604,8.51800537109375,85600,0.0,0.0
2019-12-04 00:00:00-05:00,8.518004627363938,8.624993362837404,8.50154433890971,8.60853385925293,84900,0.0,0.0
2019-12-05 00:00:00-05:00,8.64968366439849,8.64968366439849,8.526233857472414,8.592073440551758,36100,0.0,0.0
2019-12-06 00:00:00-05:00,8.608533820768892,8.649683756850749,8.59207353238825,8.624993324279785,55800,0.0,0.0
2019-12-09 00:00:00-05:00,8.608534789028027,8.649684729738292,8.583845138549805,8.583845138549805,36300,0.0,0.0
2019-12-10 00:00:00-05:00,8.600304579492507,8.608534724546882,8.55092527890593,8.575614929199219,48300,0.0,0.0
2019-12-11 00:00:00-05:00,8.592073570798703,8.624993362837404,8.575614067214229,8.60853385925293,28700,0.0,0.0
2019-12-12 00:00:00-05:00,8.600303832382572,8.690833850376658,8.600303832382572,8.666143417358398,41100,0.0,0.0
2019-12-13 00:00:00-05:00,8.682604853657237,8.707294505069077,8.657915202245396,8.690834999084473,37600,0.0,0.0
2019-12-16 00:00:00-05:00,8.690834210898892,8.797822952270508,8.690834210898892,8.797822952270508,42500,0.0,0.0
2019-12-17 00:00:00-05:00,8.76490233870033,8.814282417297363,8.731982547925547,8.814282417297363,49500,0.0,0.0
2019-12-18 00:00:00-05:00,8.814283331339155,8.830742835998535,8.731983453432836,8.830742835998535,80200,0.0,0.0
2019-12-19 00:00:00-05:00,8.79782317026099,8.855433399584463,8.740213725807333,8.847203254699707,47200,0.0,0.0
2019-12-20 00:00:00-05:00,8.847203407513593,8.94596279322704,8.756674166827057,8.88835334777832,82200,0.0,0.0
2019-12-23 00:00:00-05:00,8.954191938911379,8.962422083019755,8.830742131894953,8.90481185913086,62000,0.0,0.0
2019-12-24 00:00:00-05:00,8.945961794803003,8.945961794803003,8.871892067567094,8.90481185913086,55400,0.0,0.0
2019-12-26 00:00:00-05:00,8.929503288043048,8.929503288043048,8.871893057724497,8.88835334777832,34000,0.0,0.0
2019-12-27 00:00:00-05:00,8.929503288043048,8.929503288043048,8.855433552540504,8.88835334777832,51200,0.0,0.0
2019-12-30 00:00:00-05:00,8.910986465164397,8.910986465164397,8.718180135533547,8.734946250915527,79200,0.197,0.0
2019-12-31 00:00:00-05:00,8.718179225068893,8.793625137504,8.693030854074625,8.785242080688477,114700,0.0,0.0
2020-01-02 00:00:00-05:00,8.768478409571678,8.802009843664685,8.743330033865037,8.79362678527832,60900,0.0,0.0
2020-01-03 00:00:00-05:00,8.693032971371839,8.760095843325425,8.684649912514516,8.726564407348633,55700,0.0,0.0
2020-01-06 00:00:00-05:00,8.684650173124414,8.726564669216303,8.67626791346805,8.718181610107422,45900,0.0,0.0
2020-01-07 00:00:00-05:00,8.743329757761773,8.776861190795898,8.718180583396862,8.776861190795898,47900,0.0,0.0
2020-01-08 00:00:00-05:00,8.8020092859552,8.944518071684001,8.7936262281,8.9193696975708,89900,0.0,0.0
2020-01-09 00:00:00-05:00,8.944518595365981,8.944518595365981,8.869072669156788,8.902604103088379,29800,0.0,0.0
2020-01-10 00:00:00-05:00,8.919368287212063,8.919368287212063,8.860687690956825,8.877453804016113,36200,0.0,0.0
2020-01-13 00:00:00-05:00,8.9026035818604,8.9193696975708,8.8774552077472,8.9193696975708,62000,0.0,0.0
2020-01-14 00:00:00-05:00,8.927751713652656,8.952900886535645,8.869071909163768,8.952900886535645,52600,0.0,0.0
2020-01-15 00:00:00-05:00,8.986433045430985,9.036729796365888,8.952901611656904,9.011581420898438,89100,0.0,0.0
2020-01-16 00:00:00-05:00,9.06187779015096,9.162472078361642,9.003197189105478,9.070260047912598,108200,0.0,0.0
2020-01-17 00:00:00-05:00,9.08702761024944,9.095410668799154,8.986433306010262,9.003198623657227,59600,0.0,0.0
2020-01-21 00:00:00-05:00,9.019964011234975,9.036729327525984,8.944518089294434,8.944518089294434,46800,0.0,0.0
2020-01-22 00:00:00-05:00,8.969667188910835,9.019964740756656,8.969667188910835,9.003198623657227,28700,0.0,0.0
2020-01-23 00:00:00-05:00,8.994815549551562,8.994815549551562,8.936135738709975,8.978050231933594,21200,0.0,0.0
2020-01-24 00:00:00-05:00,9.011580274089043,9.036728646356124,8.92775130059565,8.961282730102539,42300,0.0,0.0
2020-01-27 00:00:00-05:00,8.885838542260844,8.944518350169426,8.843924051132246,8.936135292053223,66100,0.0,0.0
2020-01-28 00:00:00-05:00,8.9529011295392,8.961283387942002,8.8858382656024,8.9193696975708,68200,0.0,0.0
2020-01-29 00:00:00-05:00,8.927751713652656,8.961283144710931,8.910986397849706,8.952900886535645,35700,0.0,0.0
2020-01-30 00:00:00-05:00,8.9026035818604,8.9193696975708,8.843923775778801,8.9193696975708,47200,0.0,0.0
2020-01-31 00:00:00-05:00,8.919369031699325,8.919369031699325,8.802008628845215,8.802008628845215,30700,0.0,0.0
2020-02-03 00:00:00-05:00,8.860687950000179,8.902602434421501,8.810391208256425,8.869071006774902,26800,0.0,0.0
2020-02-04 00:00:00-05:00,8.927752233937017,8.95290140828563,8.894220800924625,8.936135292053223,21000,0.0,0.0
2020-02-05 00:00:00-05:00,8.978049259966257,8.98643231759392,8.936134771280319,8.952900886535645,27000,0.0,0.0
2020-02-06 00:00:00-05:00,8.98643329046881,9.003198608086779,8.96128411486316,8.978050231933594,23300,0.0,0.0
2020-02-07 00:00:00-05:00,8.978049259966257,8.98643231759392,8.91936945547737,8.952900886535645,26800,0.0,0.0
2020-02-10 00:00:00-05:00,8.91098669205453,8.9948148727417,8.91098669205453,8.9948148727417,36800,0.0,0.0
2020-02-11 00:00:00-05:00,9.011581666621995,9.036730042775181,8.978050231933594,8.978050231933594,51900,0.0,0.0
2020-02-12 00:00:00-05:00,9.053494973821797,9.053494973821797,8.994814371215007,9.036728858947754,33100,0.0,0.0
2020-02-13 00:00:00-05:00,8.961283405585442,9.003197895491565,8.93613503142273,8.944518089294434,48100,0.0,0.0
2020-02-14 00:00:00-05:00,8.961283854300406,8.99481528801383,8.944518537169913,8.986433029174805,24400,0.0,0.0
2020-02-18 00:00:00-05:00,8.952900713534715,8.961282971548028,8.919369283124384,8.927751541137695,27700,0.0,0.0
2020-02-19 00:00:00-05:00,8.961283423129949,8.994814855230016,8.936135048918,8.969666481018066,40500,0.0,0.0
2020-02-20 00:00:00-05:00,8.936134771280319,8.952900886535645,8.885838024419094,8.952900886535645,26100,0.0,0.0
2020-02-21 00:00:00-05:00,8.936135013828801,8.936135013828801,8.9026035818604,8.9193696975708,18000,0.0,0.0
2020-02-24 00:00:00-05:00,8.768477682227104,8.810392171229669,8.693031761912962,8.734946250915527,66600,0.0,0.0
2020-02-25 00:00:00-05:00,8.693031597683973,8.734946085894688,8.416397094726562,8.416397094726562,123600,0.0,0.0
2020-02-26 00:00:00-05:00,8.416398753752283,8.516993065615553,8.416398753752283,8.449930191040039,38300,0.0,0.0
2020-02-27 00:00:00-05:00,8.33256821643875,8.357717389332786,8.047551452044416,8.089465141296387,81100,0.0,0.0
2020-02-28 00:00:00-05:00,7.770917692679718,7.921808747283943,7.636791156044639,7.787683010101318,169700,0.0,0.0
2020-03-02 00:00:00-05:00,7.796065068584545,8.097847938537598,7.762533638589761,8.097847938537598,92900,0.0,0.0
2020-03-03 00:00:00-05:00,8.097848143508108,8.273888355299691,7.972105477707993,8.014019966125488,60900,0.0,0.0
2020-03-04 00:00:00-05:00,8.148145901085295,8.265505512358953,8.09784835378773,8.248740196228027,54300,0.0,0.0
2020-03-05 00:00:00-05:00,8.18167759610964,8.190060654171091,8.06431718160659,8.081083297729492,45600,0.0,0.0
2020-03-06 00:00:00-05:00,7.85474604975695,7.997254848480225,7.821214614731031,7.997254848480225,43800,0.0,0.0
2020-03-09 00:00:00-04:00,7.678704022412251,7.678704022412251,7.5026638297826125,7.511046886444092,61300,0.0,0.0
2020-03-10 00:00:00-04:00,7.5613466246672125,7.645174817289827,7.376923321773434,7.5278143882751465,98600,0.0,0.0
2020-03-11 00:00:00-04:00,7.469132992260425,7.469132992260425,7.049989719523455,7.075138092041016,130200,0.0,0.0
2020-03-12 00:00:00-04:00,6.655995745922785,6.8488016826334706,6.010515070800266,6.161406517028809,234200,0.0,0.0
2020-03-13 00:00:00-04:00,6.320680954504126,6.479955457037798,6.069194813719127,6.471572399139404,117300,0.0,0.0
2020-03-16 00:00:00-04:00,5.733880592640716,6.153023901465886,5.691966101867715,5.893155097961426,106200,0.0,0.0
2020-03-17 00:00:00-04:00,5.809326569936877,6.094344170101082,5.809326569936877,6.052429676055908,167100,0.0,0.0
2020-03-18 00:00:00-04:00,5.650050784652662,5.868005465229747,5.029718970196926,5.323119163513184,239600,0.0,0.0
2020-03-19 00:00:00-04:00,5.1973765087455535,5.633285503674366,5.071633844607884,5.608137130737305,87800,0.0,0.0
2020-03-20 00:00:00-04:00,5.549457047486606,5.876389100536312,5.457245811758299,5.591371536254883,147900,0.0,0.0
2020-03-23 00:00:00-04:00,5.457246012912271,5.490777445272385,5.180611096352027,5.289588451385498,159600,0.0,0.0
2020-03-24 00:00:00-04:00,5.390182422082571,5.893154676480996,5.390182422082571,5.742262840270996,50400,0.0,0.0
2020-03-25 00:00:00-04:00,5.742262432622422,6.454805876134491,5.708731004673111,6.211702823638916,135200,0.0,0.0
2020-03-26 00:00:00-04:00,6.1697899359728865,6.5470187734767284,6.0608125741246734,6.513487339019775,108000,0.0,0.0
2020-03-27 00:00:00-04:00,6.345829123750689,6.5721664689980095,6.270383208759527,6.463189125061035,105100,0.0,0.0
2020-03-30 00:00:00-04:00,6.354212479162191,6.555401474664729,6.354212479162191,6.496721267700195,164200,0.0,0.0
2020-03-31 00:00:00-04:00,6.588932207073631,6.6895264942714165,6.421274662017822,6.421274662017822,164500,0.0,0.0
2020-04-01 00:00:00-04:00,6.2896321517059794,6.324048710954563,6.126153290136334,6.1691741943359375,108900,0.197,0.0
2020-04-02 00:00:00-04:00,6.177777410665195,6.255214865109054,6.065923811252366,6.212193965911865,116600,0.0,0.0
2020-04-03 00:00:00-04:00,6.306840683508614,6.306840683508614,6.022903853215744,6.074528694152832,132500,0.0,0.0
2020-04-06 00:00:00-04:00,6.20359044997873,6.496131599552377,6.20359044997873,6.478923320770264,173200,0.0,0.0
2020-04-07 00:00:00-04:00,6.59077739788732,6.702631423089348,6.573569117877605,6.6165900230407715,139600,0.0,0.0
2020-04-08 00:00:00-04:00,6.625193129535592,6.84890115196865,6.607984851677489,6.814484596252441,79600,0.0,0.0
2020-04-09 00:00:00-04:00,6.8919225312936225,7.055400977181607,6.8919225312936225,7.003776550292969,149600,0.0,0.0
2020-04-13 00:00:00-04:00,7.072609723864118,7.089817592781373,6.8058807809251025,6.874713897705078,60200,0.0,0.0
2020-04-14 00:00:00-04:00,6.917734322413175,7.020983990442574,6.917734322413175,7.0123796463012695,87800,0.0,0.0
2020-04-15 00:00:00-04:00,6.969359685899342,6.969359685899342,6.848901327527187,6.909130096435547,101500,0.0,0.0
2020-04-16 00:00:00-04:00,6.883317653070677,6.960755107956587,6.857505031349472,6.8919219970703125,62100,0.0,0.0
2020-04-17 00:00:00-04:00,6.960755941048101,7.029589060172602,6.952151596018662,6.995172500610352,63900,0.0,0.0
2020-04-20 00:00:00-04:00,6.96075534161088,7.0123797662307785,6.8833178841255975,6.909130096435547,101900,0.0,0.0
2020-04-21 00:00:00-04:00,6.814484835806496,6.848901392732572,6.694026886565232,6.745651721954346,48300,0.0,0.0
2020-04-22 00:00:00-04:00,6.891922650461987,6.891922650461987,6.788672564066204,6.823089122772217,45100,0.0,0.0
2020-04-23 00:00:00-04:00,6.848901810788659,6.891922714711105,6.754256068325927,6.7714643478393555,70000,0.0,0.0
2020-04-24 00:00:00-04:00,6.814485188234585,6.848901746940599,6.7800686295285715,6.823089122772217,68400,0.0,0.0
2020-04-27 00:00:00-04:00,6.917734146118164,6.917734146118164,6.81448448072003,6.917734146118164,82900,0.0,0.0
2020-04-28 00:00:00-04:00,6.95215111643906,6.960755460874946,6.814484887686675,6.943546772003174,103400,0.0,0.0
2020-04-29 00:00:00-04:00,7.012380307317018,7.107026460682269,6.986568093015358,7.072609901428223,125300,0.0,0.0
2020-04-30 00:00:00-04:00,7.02958887756471,7.02958887756471,6.9521514154223665,6.986567974090576,108600,0.0,0.0
2020-05-01 00:00:00-04:00,6.831693648258002,6.891922832725213,6.754256183982696,6.805881023406982,110900,0.0,0.0
2020-05-04 00:00:00-04:00,6.762860116154594,6.762860116154594,6.70263093536436,6.754255771636963,87500,0.0,0.0
2020-05-05 00:00:00-04:00,6.780068336626034,6.883318008283634,6.780068336626034,6.831693172454834,95100,0.0,0.0
2020-05-06 00:00:00-04:00,6.848901512578606,6.848901512578606,6.77146405300103,6.780068397521973,56900,0.0,0.0
2020-05-07 00:00:00-04:00,6.823089240312896,6.891922769188454,6.823089240312896,6.8833184242248535,63100,0.0,0.0
2020-05-08 00:00:00-04:00,6.900526935806914,6.9607557078845,6.900526935806914,6.926339149475098,81100,0.0,0.0
2020-05-11 00:00:00-04:00,6.8833178841255975,6.92633878501247,6.8833178841255975,6.909130096435547,74000,0.0,0.0
2020-05-12 00:00:00-04:00,6.943546778278372,6.943546778278372,6.831693172454834,6.831693172454834,38100,0.0,0.0
2020-05-13 00:00:00-04:00,6.840297596390883,6.874714156074333,6.668214797973633,6.668214797973633,87500,0.0,0.0
2020-05-14 00:00:00-04:00,6.651006813127416,6.659610748291016,6.539152784056207,6.659610748291016,51100,0.0,0.0
2020-05-15 00:00:00-04:00,6.6424025344933,6.659610815271348,6.582173756909019,6.633798599243164,52600,0.0,0.0
2020-05-18 00:00:00-04:00,6.719838801395963,6.866109366990073,6.719838801395963,6.840296745300293,56100,0.0,0.0
2020-05-19 00:00:00-04:00,6.797276552067661,6.90052663304347,6.616589423207147,6.8575053215026855,198400,0.0,0.0
2020-05-20 00:00:00-04:00,6.874713953280022,6.986567974090576,6.874713953280022,6.986567974090576,144900,0.0,0.0
2020-05-21 00:00:00-04:00,6.917734869515352,6.960755773068848,6.883318310783654,6.900527000427246,26000,0.0,0.0
2020-05-22 00:00:00-04:00,6.943547083425256,6.943547083425256,6.857505686596008,6.900527000427246,31300,0.0,0.0
2020-05-26 00:00:00-04:00,6.99517177857408,7.038192678725185,6.986567434432774,7.0123796463012695,144200,0.0,0.0
2020-05-27 00:00:00-04:00,7.012380827496695,7.089818296701498,6.98656861128028,7.08121395111084,140000,0.0,0.0
2020-05-28 00:00:00-04:00,7.07260954265052,7.150047002182769,7.029588640626443,7.107026100158691,110100,0.0,0.0
2020-05-29 00:00:00-04:00,7.06400537881801,7.124234150858979,7.03819316516552,7.115630626678467,89400,0.0,0.0
2020-06-01 00:00:00-04:00,7.072610311136905,7.158651303978533,7.072610311136905,7.150047779083252,55800,0.0,0.0
2020-06-02 00:00:00-04:00,7.16725492477417,7.16725492477417,7.124234022425271,7.16725492477417,34200,0.0,0.0
2020-06-03 00:00:00-04:00,7.18446396543957,7.32213020324707,7.175859620437725,7.32213020324707,189400,0.0,0.0
2020-06-04 00:00:00-04:00,7.236087917456189,7.322129720693173,7.2274835730214,7.270504474639893,61100,0.0,0.0
2020-06-05 00:00:00-04:00,7.382358728781497,7.399567418206228,7.322129956905891,7.3393378257751465,69700,0.0,0.0
2020-06-08 00:00:00-04:00,7.365150388777545,7.399566944869969,7.356546044615584,7.390962600708008,39900,0.0,0.0
2020-06-09 00:00:00-04:00,7.304921921700643,7.41677595131247,7.304921921700643,7.3995680809021,174000,0.0,0.0
2020-06-10 00:00:00-04:00,7.408171125660747,7.408171125660747,7.330734482999899,7.347942352294922,59900,0.0,0.0
2020-06-11 00:00:00-04:00,7.167254804003525,7.210275705627508,6.943546772003174,6.943546772003174,90400,0.0,0.0
2020-06-12 00:00:00-04:00,7.072609234734985,7.089817102462175,6.934943010695785,7.0123796463012695,62100,0.0,0.0
2020-06-15 00:00:00-04:00,6.883318415253219,7.08121342582511,6.8316935763721505,7.072609901428223,32600,0.0,0.0
2020-06-16 00:00:00-04:00,7.193067015837697,7.270504474639893,7.158650458653993,7.270504474639893,91000,0.0,0.0
2020-06-17 00:00:00-04:00,7.270505495640094,7.29631771201383,7.2102767172495215,7.244693279266357,125400,0.0,0.0
2020-06-18 00:00:00-04:00,7.184463613935915,7.227483695729352,7.16725492477417,7.16725492477417,78400,0.0,0.0
2020-06-19 00:00:00-04:00,7.253296424303399,7.253296424303399,7.124233722686768,7.124233722686768,44700,0.0,0.0
2020-06-22 00:00:00-04:00,7.115630856571246,7.167255285544115,7.107026511557267,7.132838726043701,24100,0.0,0.0
2020-06-23 00:00:00-04:00,7.167254623225644,7.184463311663366,7.124233722686768,7.124233722686768,32300,0.0,0.0
2020-06-24 00:00:00-04:00,7.08981771611139,7.115630750769517,6.94354713527064,6.960755825042725,45500,0.0,0.0
2020-06-25 00:00:00-04:00,6.934943610940089,6.9779636942593175,6.891922707065371,6.960755825042725,76100,0.0,0.0
2020-06-26 00:00:00-04:00,6.909129860324284,6.9521507597409675,6.866109371185303,6.866109371185303,72400,0.0,0.0
2020-06-29 00:00:00-04:00,6.909130459992657,6.969360052625721,6.883318246324474,6.926339149475098,57800,0.0,0.0
2020-06-30 00:00:00-04:00,6.9435466520877345,7.0467963218688965,6.917734439781303,7.0467963218688965,110500,0.0,0.0
2020-07-01 00:00:00-04:00,7.105866125536694,7.105866125536694,7.026519675088388,7.097049713134766,88800,0.197,0.0
2020-07-02 00:00:00-04:00,7.123498136068711,7.22929256294743,7.123498136068711,7.220476150512695,125600,0.0,0.0
2020-07-06 00:00:00-04:00,7.273373588958457,7.273373588958457,7.08823313669925,7.211660385131836,223700,0.0,0.0
2020-07-07 00:00:00-04:00,7.123498136068711,7.220476150512695,7.088233327109137,7.220476150512695,84700,0.0,0.0
2020-07-08 00:00:00-04:00,7.246925046968799,7.246925046968799,7.176395432366906,7.2381086349487305,60700,0.0,0.0
2020-07-09 00:00:00-04:00,7.282190517978669,7.282190517978669,7.13231486309494,7.185211658477783,46100,0.0,0.0
2020-07-10 00:00:00-04:00,7.194027911968041,7.194027911968041,7.141131117756755,7.149946689605713,41300,0.0,0.0
2020-07-13 00:00:00-04:00,7.211660379304074,7.211660379304074,7.079416718780453,7.105865955352783,75400,0.0,0.0
2020-07-14 00:00:00-04:00,7.070601475367271,7.1587630790267385,7.070601475367271,7.132314682006836,46900,0.0,0.0
2020-07-15 00:00:00-04:00,7.23810929464003,7.2645576923314525,7.141131275918548,7.185211658477783,90400,0.0,0.0
2020-07-16 00:00:00-04:00,7.132314197037689,7.202843811481282,7.070600994594377,7.176395416259766,116100,0.0,0.0
2020-07-17 00:00:00-04:00,7.176395271389061,7.246924884408864,7.167578859566759,7.20284366607666,50800,0.0,0.0
2020-07-20 00:00:00-04:00,7.211660558522339,7.308638572692871,7.185211321292715,7.308638572692871,56500,0.0,0.0
2020-07-21 00:00:00-04:00,7.291005806116193,7.3791673984145545,7.291005806116193,7.299821376800537,62600,0.0,0.0
2020-07-22 00:00:00-04:00,7.326271716642045,7.326271716642045,7.273374080657959,7.273374080657959,43300,0.0,0.0
2020-07-23 00:00:00-04:00,7.299822341750599,7.317455167008687,7.229292722277019,7.255741119384766,42300,0.0,0.0
2020-07-24 00:00:00-04:00,7.2645576923314525,7.2645576923314525,7.185211658477783,7.185211658477783,43800,0.0,0.0
2020-07-27 00:00:00-04:00,7.194027912540229,7.273373944642852,7.185211499911185,7.255741119384766,110600,0.0,0.0
2020-07-28 00:00:00-04:00,7.220475340579561,7.25574014558342,7.185210535575702,7.194026947021484,72500,0.0,0.0
2020-07-29 00:00:00-04:00,7.2116600952630625,7.273373296609155,7.2116600952630625,7.264556884765625,47500,0.0,0.0
2020-07-30 00:00:00-04:00,7.211660385131836,7.255740764562654,7.176395577119575,7.211660385131836,67500,0.0,0.0
2020-07-31 00:00:00-04:00,7.229292722277019,7.255741119384766,7.194027912540229,7.255741119384766,59500,0.0,0.0
2020-08-03 00:00:00-04:00,7.246925189818881,7.396800833997057,7.246925189818881,7.361536026000977,75000,0.0,0.0
2020-08-04 00:00:00-04:00,7.370352573912229,7.37916898727417,7.33508776124392,7.37916898727417,89100,0.0,0.0
2020-08-05 00:00:00-04:00,7.405616566479293,7.440881375242361,7.370351757716224,7.396800994873047,68200,0.0,0.0
2020-08-06 00:00:00-04:00,7.370351757716224,7.423249391250508,7.370351757716224,7.396800994873047,55700,0.0,0.0
2020-08-07 00:00:00-04:00,7.370351927477677,7.396801165243706,7.34390353049103,7.387984752655029,92400,0.0,0.0
2020-08-10 00:00:00-04:00,7.423249574314293,7.449697971343994,7.405616749108237,7.449697971343994,75900,0.0,0.0
2020-08-11 00:00:00-04:00,7.432066611708455,7.48496341021473,7.39680179911112,7.423250198364258,61500,0.0,0.0
2020-08-12 00:00:00-04:00,7.4761468191980525,7.546677283496001,7.4673312468428135,7.537860870361328,168700,0.0,0.0
2020-08-13 00:00:00-04:00,7.5554930273683,7.5554930273683,7.520228214808497,7.5290446281433105,115100,0.0,0.0
2020-08-14 00:00:00-04:00,7.52904417561628,7.52904417561628,7.432066157100468,7.440881729125977,22000,0.0,0.0
2020-08-17 00:00:00-04:00,7.493779523981536,7.502595936973281,7.4408818868104865,7.476146697998047,28800,0.0,0.0
2020-08-18 00:00:00-04:00,7.484963246120328,7.511412485573066,7.449698434296111,7.49377965927124,60800,0.0,0.0
2020-08-19 00:00:00-04:00,7.4937788424901735,7.5202272382807465,7.4937788424901735,7.511411666870117,82500,0.0,0.0
2020-08-20 00:00:00-04:00,7.493779823558927,7.493779823558927,7.414433785020061,7.423250198364258,77700,0.0,0.0
2020-08-21 00:00:00-04:00,7.396801188416993,7.4320659981027966,7.387984775800696,7.405616760253906,27600,0.0,0.0
2020-08-24 00:00:00-04:00,7.4496981298330915,7.502595765797251,7.4496981298330915,7.4849629402160645,47500,0.0,0.0
2020-08-25 00:00:00-04:00,7.4761469820015565,7.493779808654881,7.4496985828010205,7.467331409454346,24900,0.0,0.0
2020-08-26 00:00:00-04:00,7.476146368373696,7.476146368373696,7.4144331617112655,7.449697971343994,40100,0.0,0.0
2020-08-27 00:00:00-04:00,7.405616726018499,7.449697948116817,7.396801154222339,7.432065963745117,31100,0.0,0.0
2020-08-28 00:00:00-04:00,7.423250198364258,7.432066611708455,7.39680179911112,7.423250198364258,41500,0.0,0.0
2020-08-31 00:00:00-04:00,7.387984606010253,7.423249414885602,7.370351781182896,7.414433002471924,45900,0.0,0.0
2020-09-01 00:00:00-04:00,7.39680179911112,7.423250198364258,7.37035255907853,7.423250198364258,26400,0.0,0.0
2020-09-02 00:00:00-04:00,7.423249414885602,7.423249414885602,7.379168193596574,7.414433002471924,55400,0.0,0.0
2020-09-03 00:00:00-04:00,7.387984449702005,7.4232492578312534,7.220475980503565,7.229292392730713,69200,0.0,0.0
2020-09-04 00:00:00-04:00,7.3086388910542155,7.3086388910542155,7.158763236675275,7.273374080657959,69300,0.0,0.0
2020-09-08 00:00:00-04:00,7.194027911968041,7.194027911968041,7.12349829250007,7.149946689605713,24300,0.0,0.0
2020-09-09 00:00:00-04:00,7.246925367382475,7.343903381553007,7.2381089549726,7.308638572692871,65000,0.0,0.0
2020-09-10 00:00:00-04:00,7.317454833443508,7.361536053799905,7.229292392730713,7.229292392730713,42800,0.0,0.0
2020-09-11 00:00:00-04:00,7.255741119384766,7.29100676990094,7.238109134906063,7.255741119384766,26900,0.0,0.0
2020-09-14 00:00:00-04:00,7.273373585621105,7.405616405411569,7.273373585621105,7.361536026000977,54700,0.0,0.0
2020-09-15 00:00:00-04:00,7.396801165243706,7.4496979592170005,7.379168340066354,7.387984752655029,38100,0.0,0.0
2020-09-16 00:00:00-04:00,7.387984582487439,7.449697787627969,7.387984582487439,7.396800994873047,33600,0.0,0.0
2020-09-17 00:00:00-04:00,7.335087288656558,7.370352099052814,7.255741255070131,7.273374080657959,68900,0.0,0.0
2020-09-18 00:00:00-04:00,7.264557667864045,7.299822478260301,7.2381092702617025,7.273374080657959,56900,0.0,0.0
2020-09-21 00:00:00-04:00,7.202844484125,7.211660896948609,7.123498450271332,7.185211658477783,69100,0.0,0.0
2020-09-22 00:00:00-04:00,7.1940277204216745,7.264557338011741,7.1940277204216745,7.246925354003906,42900,0.0,0.0
2020-09-23 00:00:00-04:00,7.282189698285746,7.291006110116967,7.1323140602722175,7.158762454986572,28400,0.0,0.0
2020-09-24 00:00:00-04:00,7.149946035922154,7.2204756489419575,7.123497641234555,7.20284366607666,39800,0.0,0.0
2020-09-25 00:00:00-04:00,7.194027239962783,7.291006088256836,7.14994602171815,7.291006088256836,94200,0.0,0.0
2020-09-28 00:00:00-04:00,7.317454805811041,7.405616405411569,7.317454805811041,7.361536026000977,68600,0.0,0.0
2020-09-29 00:00:00-04:00,7.37035159741549,7.387984421803202,7.317454805811041,7.361536026000977,87500,0.0,0.0
2020-09-30 00:00:00-04:00,7.335086958987621,7.414432989007913,7.335086958987621,7.352719783782959,152200,0.0,0.0
2020-10-01 00:00:00-04:00,7.395157583190448,7.440305239920437,7.359039630030443,7.37709903717041,152400,0.197,0.0
2020-10-02 00:00:00-04:00,7.3229219997275905,7.359039954479984,7.295833748943287,7.304863452911377,93400,0.0,0.0
2020-10-05 00:00:00-04:00,7.340981000423276,7.4222466093879484,7.331951296956108,7.404187202453613,86400,0.0,0.0
2020-10-06 00:00:00-04:00,7.404187371688671,7.449335028936517,7.34098116821365,7.350010871887207,59800,0.0,0.0
2020-10-07 00:00:00-04:00,7.386128810358683,7.494482670859991,7.377099106703589,7.476423263549805,90800,0.0,0.0
2020-10-08 00:00:00-04:00,7.494483080120973,7.494483080120973,7.431276012203627,7.467394828796387,39700,0.0,0.0
2020-10-09 00:00:00-04:00,7.4854536056518555,7.548659814388599,7.4854536056518555,7.4854536056518555,79800,0.0,0.0
2020-10-12 00:00:00-04:00,7.539631132891914,7.566719385629003,7.494483470916748,7.494483470916748,84700,0.0,0.0
2020-10-13 00:00:00-04:00,7.512541457834583,7.548659412492635,7.431275844573975,7.431275844573975,67700,0.0,0.0
2020-10-14 00:00:00-04:00,7.431275690751411,7.494482755934631,7.3861288942033285,7.449335098266602,42600,0.0,0.0
2020-10-15 00:00:00-04:00,7.395157583190448,7.440305239920437,7.340981084010405,7.37709903717041,119700,0.0,0.0
2020-10-16 00:00:00-04:00,7.395157821400863,7.458364887306823,7.377099274799129,7.422246932983398,59900,0.0,0.0
2020-10-19 00:00:00-04:00,7.413217152618332,7.4403054028013615,7.359039791132326,7.386128902435303,38100,0.0,0.0
2020-10-20 00:00:00-04:00,7.377099274799129,7.467394591167668,7.377099274799129,7.422246932983398,49100,0.0,0.0
2020-10-21 00:00:00-04:00,7.395158050257421,7.458365118119438,7.395158050257421,7.440305709838867,52500,0.0,0.0
2020-10-22 00:00:00-04:00,7.41321729780493,7.467394660351991,7.41321729780493,7.431275844573975,54100,0.0,0.0
2020-10-23 00:00:00-04:00,7.449335259578365,7.467394667484623,7.431275851672107,7.458364963531494,27300,0.0,0.0
2020-10-26 00:00:00-04:00,7.377099362416164,7.4222470211366485,7.2777752021270725,7.304863452911377,49200,0.0,0.0
2020-10-27 00:00:00-04:00,7.277774810791016,7.313892763601297,7.277774810791016,7.277774810791016,56100,0.0,0.0
2020-10-28 00:00:00-04:00,7.205538759875459,7.223597736995549,7.052037239074707,7.052037239074707,83400,0.0,0.0
2020-10-29 00:00:00-04:00,7.079125400190332,7.178449551777123,7.052036721219423,7.142331600189209,69100,0.0,0.0
2020-10-30 00:00:00-04:00,7.115244112612702,7.12427338619521,7.043008201712674,7.097185134887695,41300,0.0,0.0
2020-11-02 00:00:00-05:00,7.133302841316526,7.214568022962123,7.133302841316526,7.205538749694824,45400,0.0,0.0
2020-11-03 00:00:00-05:00,7.25971578462822,7.377099352698871,7.25971578462822,7.368069648742676,43800,0.0,0.0
2020-11-04 00:00:00-05:00,7.3951578899159225,7.494482911065539,7.3951578899159225,7.431275844573975,43500,0.0,0.0
2020-11-05 00:00:00-05:00,7.494482755390668,7.566718663206293,7.485453051633728,7.53963041305542,49900,0.0,0.0
2020-11-06 00:00:00-05:00,7.5486597270984,7.557689431419235,7.5035129277342225,7.512541770935059,27100,0.0,0.0
2020-11-09 00:00:00-05:00,7.756337557127393,7.765367260209842,7.611865752287749,7.629924297332764,54400,0.0,0.0
2020-11-10 00:00:00-05:00,7.593807615108588,7.7111911914365,7.494483447963443,7.647984981536865,67000,0.0,0.0
2020-11-11 00:00:00-05:00,7.64798370349766,7.675071951625123,7.629924297332764,7.629924297332764,37900,0.0,0.0
2020-11-12 00:00:00-05:00,7.629925654932555,7.638955359621668,7.58477799260703,7.593807697296143,35600,0.0,0.0
2020-11-13 00:00:00-05:00,7.620895307537306,7.67507266998291,7.620895307537306,7.67507266998291,42700,0.0,0.0
2020-11-16 00:00:00-05:00,7.720220565795898,7.765368225701604,7.666043201685055,7.720220565795898,132300,0.0,0.0
2020-11-17 00:00:00-05:00,7.711190461941009,7.756338119506836,7.684102211849492,7.756338119506836,41000,0.0,0.0
2020-11-18 00:00:00-05:00,7.747308817291326,7.765368225701604,7.702161157385621,7.720220565795898,69500,0.0,0.0
2020-11-19 00:00:00-05:00,7.675072905890193,7.738279113086187,7.675072905890193,7.720220565795898,28400,0.0,0.0
2020-11-20 00:00:00-05:00,7.729250586517984,7.729250586517984,7.6750732201885485,7.711191177368164,35800,0.0,0.0
2020-11-23 00:00:00-05:00,7.72924970156347,7.810514450073242,7.72924970156347,7.810514450073242,68700,0.0,0.0
2020-11-24 00:00:00-05:00,7.8014865652275445,7.855663070883829,7.7563389031006205,7.837604522705078,124800,0.0,0.0
2020-11-25 00:00:00-05:00,7.801486825260729,7.810515669091031,7.729250907897949,7.729250907897949,97200,0.0,0.0
2020-11-27 00:00:00-05:00,7.729250030191766,7.783426531501729,7.711190622341803,7.7653679847717285,46700,0.0,0.0
2020-11-30 00:00:00-05:00,7.73827942997287,7.75633883912269,7.711191177368164,7.711191177368164,98600,0.0,0.0
2020-12-01 00:00:00-05:00,7.801484898132574,7.864691094931754,7.756337245653226,7.855661392211914,76800,0.0,0.0
2020-12-02 00:00:00-05:00,7.774397057435243,7.810515013083073,7.756338510171322,7.783426761627197,73100,0.0,0.0
2020-12-03 00:00:00-05:00,7.738278002401711,7.846631853951249,7.729249160612483,7.801485061645508,90000,0.0,0.0
2020-12-04 00:00:00-05:00,7.78342612297619,7.8466323248936565,7.720219921058723,7.7743964195251465,242200,0.0,0.0
2020-12-07 00:00:00-05:00,7.765367499057605,7.79245574801825,7.711190140016406,7.738278388977051,234500,0.0,0.0
2020-12-08 00:00:00-05:00,7.738278872996784,7.792456235426711,7.684102371686821,7.7653679847717285,303000,0.0,0.0
2020-12-09 00:00:00-05:00,7.792455195412735,7.909838747411102,7.792455195412735,7.855661392211914,189300,0.0,0.0
2020-12-10 00:00:00-05:00,7.891780214888056,7.9008099186066785,7.810514603660339,7.882750511169434,104200,0.0,0.0
2020-12-11 00:00:00-05:00,7.88275083352346,7.900810241699219,7.864692286467678,7.900810241699219,89200,0.0,0.0
2020-12-14 00:00:00-05:00,7.927898482346795,7.973046141606442,7.927898482346795,7.964016437530518,80500,0.0,0.0
2020-12-15 00:00:00-05:00,8.009163779712084,8.009163779712084,7.936927872204418,7.973045825958252,108900,0.0,0.0
2020-12-16 00:00:00-05:00,7.964016846196354,7.991105959814179,7.936928593698549,7.9549880027771,123100,0.0,0.0
2020-12-17 00:00:00-05:00,8.000134389008858,8.063341456391079,8.000134389008858,8.054311752319336,80100,0.0,0.0
2020-12-18 00:00:00-05:00,8.063341466916315,8.072370309879867,7.9640164442374495,7.991105556488037,95300,0.0,0.0
2020-12-21 00:00:00-05:00,8.00013439945159,8.00013439945159,7.918869646059759,7.991105556488037,92800,0.0,0.0
2020-12-22 00:00:00-05:00,7.964016846196354,7.991105959814179,7.918870045740019,7.9549880027771,69600,0.0,0.0
2020-12-23 00:00:00-05:00,7.918869013093398,7.991104917747759,7.909839309731626,7.982075214385986,61200,0.0,0.0
2020-12-24 00:00:00-05:00,7.982076155149561,8.05431206831761,7.982076155149561,8.045282363891602,61700,0.0,0.0
2020-12-28 00:00:00-05:00,8.063341685965975,8.072370529174805,8.036252572979482,8.072370529174805,86800,0.0,0.0
2020-12-29 00:00:00-05:00,8.072370616049618,8.072370616049618,8.009164407307576,8.045282363891602,115700,0.0,0.0
2020-12-30 00:00:00-05:00,8.042512503257187,8.116381663285622,8.024044772955154,8.051746368408203,87900,0.197,0.0
2020-12-31 00:00:00-05:00,8.051746078735908,8.079446792602539,8.005577635231644,8.079446792602539,69900,0.0,0.0
2021-01-04 00:00:00-05:00,8.079446736404652,8.107147450078607,7.885539979507349,7.940942287445068,100300,0.0,0.0
2021-01-05 00:00:00-05:00,7.9409427452478765,8.00557804107666,7.894774299403091,8.00557804107666,88900,0.0,0.0
2021-01-06 00:00:00-05:00,7.9594086358784635,8.125614668650812,7.9594086358784635,8.070212364196777,94000,0.0,0.0
2021-01-07 00:00:00-05:00,8.14408100566949,8.199483306649082,8.125614159069427,8.1902494430542,60900,0.0,0.0
2021-01-08 00:00:00-05:00,8.199483871459961,8.227184583563036,8.171783159356888,8.199483871459961,54300,0.0,0.0
2021-01-11 00:00:00-05:00,8.153314979442317,8.162548843161979,8.070211967144786,8.144081115722656,52000,0.0,0.0
2021-01-12 00:00:00-05:00,8.181017385983942,8.217951967929631,8.162550535306046,8.171784400939941,49100,0.0,0.0
2021-01-13 00:00:00-05:00,8.199483482398604,8.236418056980096,8.134848197028424,8.208717346191406,51000,0.0,0.0
2021-01-14 00:00:00-05:00,8.20871745786223,8.245652032946177,8.097913732610388,8.162549018859863,290200,0.0,0.0
2021-01-15 00:00:00-05:00,8.162549408487603,8.190250120975385,8.097914119152854,8.153315544128418,84500,0.0,0.0
2021-01-19 00:00:00-05:00,8.217951967929631,8.227185833563526,8.125615953360358,8.171784400939941,252600,0.0,0.0
2021-01-20 00:00:00-05:00,8.171783260376923,8.217950820922852,8.153315531686735,8.217950820922852,71400,0.0,0.0
2021-01-21 00:00:00-05:00,8.190249618605801,8.227184193187293,8.171782771609914,8.208717346191406,102600,0.0,0.0
2021-01-22 00:00:00-05:00,8.19948359394381,8.19948359394381,8.134848307694336,8.162549018859863,27200,0.0,0.0
2021-01-25 00:00:00-05:00,8.171783562778272,8.217951125032656,8.088680541776693,8.125615119934082,111700,0.0,0.0
2021-01-26 00:00:00-05:00,8.144081115722656,8.171782706881642,8.107146541433721,8.144081115722656,89700,0.0,0.0
2021-01-27 00:00:00-05:00,8.060978053850404,8.11638035523794,7.940941348591871,7.950174331665039,131400,0.0,0.0
2021-01-28 00:00:00-05:00,7.977877325805733,8.051746486921447,7.950175729944945,8.00557804107666,88900,0.0,0.0
2021-01-29 00:00:00-05:00,7.987110155721241,8.024044735563345,7.894774146410902,7.9224748611450195,81400,0.0,0.0
2021-02-01 00:00:00-05:00,7.931709169353061,8.014812198787757,7.913241438105398,7.977877616882324,138800,0.0,0.0
2021-02-02 00:00:00-05:00,8.024044311574842,8.079446618705475,8.024044311574842,8.060978889465332,94300,0.0,0.0
2021-02-03 00:00:00-05:00,8.116380979864712,8.116380979864712,8.005577249152026,8.088680267333984,72700,0.0,0.0
2021-02-04 00:00:00-05:00,8.144081692395439,8.144081692395439,8.051745690429756,8.088680267333984,85400,0.0,0.0
2021-02-05 00:00:00-05:00,8.153315267120439,8.153315267120439,8.060978387845271,8.11638069152832,85200,0.0,0.0
2021-02-08 00:00:00-05:00,8.125614730421367,8.162549306808247,8.088680154034487,8.134848594665527,140900,0.0,0.0
2021-02-09 00:00:00-05:00,8.171782706881642,8.171782706881642,8.116380405153382,8.144081115722656,79200,0.0,0.0
2021-02-10 00:00:00-05:00,8.144081115722656,8.181015690011591,8.125614268873045,8.144081115722656,138600,0.0,0.0
2021-02-11 00:00:00-05:00,8.181017385983942,8.199485117251733,8.144082804038254,8.171784400939941,88200,0.0,0.0
2021-02-12 00:00:00-05:00,8.14408100566949,8.208717170243963,8.14408100566949,8.1902494430542,58800,0.0,0.0
2021-02-16 00:00:00-05:00,8.236419776346393,8.264120492917653,8.208719059775134,8.254886627197266,54400,0.0,0.0
2021-02-17 00:00:00-05:00,8.236419776346393,8.264120492917653,8.208719059775134,8.254886627197266,73500,0.0,0.0
2021-02-18 00:00:00-05:00,8.245652300408283,8.264119148254395,8.217950707754474,8.264119148254395,83700,0.0,0.0
2021-02-19 00:00:00-05:00,8.282588224358427,8.291821209488912,8.227185910626007,8.254886627197266,63200,0.0,0.0
2021-02-22 00:00:00-05:00,8.264119148254395,8.264119148254395,8.18101613147249,8.264119148254395,152100,0.0,0.0
2021-02-23 00:00:00-05:00,8.254886627197266,8.264120492917653,8.1625506117631,8.254886627197266,83600,0.0,0.0
2021-02-24 00:00:00-05:00,8.282586368713153,8.402623954415049,8.245651794696393,8.384156227111816,88500,0.0,0.0
2021-02-25 00:00:00-05:00,8.319521464692961,8.328755328923906,8.199483871459961,8.199483871459961,64900,0.0,0.0
2021-02-26 00:00:00-05:00,8.254885572551602,8.264119437092269,8.19948414648718,8.236418724060059,53600,0.0,0.0
2021-03-01 00:00:00-05:00,8.291819635732375,8.35645580291748,8.291819635732375,8.35645580291748,56800,0.0,0.0
2021-03-02 00:00:00-05:00,8.356457047838,8.356457047838,8.301054736367055,8.328756332397461,52400,0.0,0.0
2021-03-03 00:00:00-05:00,8.282587732564407,8.319522312662995,8.24565315246582,8.24565315246582,51800,0.0,0.0
2021-03-04 00:00:00-05:00,8.264118767768784,8.328754933728684,8.181015754812998,8.208717346191406,66700,0.0,0.0
2021-03-05 00:00:00-05:00,8.291819860318443,8.291819860318443,8.199483859908362,8.264119148254395,141500,0.0,0.0
2021-03-08 00:00:00-05:00,8.291820309836128,8.365690346994512,8.291820309836128,8.3195219039917,64700,0.0,0.0
2021-03-09 00:00:00-05:00,8.365690604549057,8.42109203338623,8.365690604549057,8.42109203338623,52500,0.0,0.0
2021-03-10 00:00:00-05:00,8.430324269571146,8.458024978637695,8.421090406352409,8.458024978637695,56400,0.0,0.0
2021-03-11 00:00:00-05:00,8.51342822544915,8.531895073353502,8.476493649050685,8.522661209106445,58300,0.0,0.0
2021-03-12 00:00:00-05:00,8.522661383371924,8.541129112243652,8.504194535089974,8.541129112243652,21200,0.0,0.0
2021-03-15 00:00:00-04:00,8.541128835600942,8.578063411558329,8.504194259643555,8.504194259643555,58900,0.0,0.0
2021-03-16 00:00:00-04:00,8.578062617617482,8.67963247195208,8.578062617617482,8.651931762695312,106100,0.0,0.0
2021-03-17 00:00:00-04:00,8.614998038523824,8.651932614699895,8.578063462347753,8.633465766906738,45700,0.0,0.0
2021-03-18 00:00:00-04:00,8.624232016237443,8.642698864273681,8.587297439575195,8.587297439575195,43100,0.0,0.0
2021-03-19 00:00:00-04:00,8.614997863769531,8.661166303200538,8.568829424338526,8.614997863769531,44900,0.0,0.0
2021-03-22 00:00:00-04:00,8.633465766906738,8.651932614699895,8.559596614554597,8.633465766906738,64300,0.0,0.0
2021-03-23 00:00:00-04:00,8.633466665590925,8.633466665590925,8.541129775244237,8.568830490112305,33200,0.0,0.0
2021-03-24 00:00:00-04:00,8.614997863769531,8.651932439196388,8.596531016350973,8.614997863769531,45100,0.0,0.0
2021-03-25 00:00:00-04:00,8.568829424338526,8.624231727773681,8.541128712915818,8.614997863769531,60800,0.0,0.0
2021-03-26 00:00:00-04:00,8.605764163086777,8.725801755649588,8.605764163086777,8.698101043701172,43100,0.0,0.0
2021-03-29 00:00:00-04:00,8.73503483380577,8.781203269958496,8.670399551545762,8.781203269958496,89400,0.0,0.0
2021-03-30 00:00:00-04:00,8.781204787094751,8.799671636392569,8.725802478021642,8.790438652038574,44000,0.0,0.0
2021-03-31 00:00:00-04:00,8.808905312049397,8.882774468833013,8.735036155265782,8.8366060256958,59400,0.0,0.0
2021-04-01 00:00:00-04:00,8.862060432929278,8.899771293955016,8.805494590939594,8.843205451965332,34300,0.197,0.0
2021-04-05 00:00:00-04:00,8.871488487027118,8.890344367331355,8.833777625516504,8.862060546875,85800,0.0,0.0
2021-04-06 00:00:00-04:00,8.805494422777484,8.85263322293389,8.805494422777484,8.824349403381348,77700,0.0,0.0
2021-04-07 00:00:00-04:00,8.814922446889243,8.871488288339373,8.814922446889243,8.83377742767334,55400,0.0,0.0
2021-04-08 00:00:00-04:00,8.871487787259742,8.89034366607666,8.862059847851283,8.89034366607666,44000,0.0,0.0
2021-04-09 00:00:00-04:00,8.871488768114032,8.909199630819488,8.82434996495774,8.899771690368652,46500,0.0,0.0
2021-04-12 00:00:00-04:00,8.899771577022635,8.928055398014925,8.862060714797458,8.880916595458984,46900,0.0,0.0
2021-04-13 00:00:00-04:00,8.918627851466155,8.946910774609337,8.890344928322973,8.937482833862305,59800,0.0,0.0
2021-04-14 00:00:00-04:00,8.899771104427204,8.9563378443101,8.862060244204548,8.94690990447998,45900,0.0,0.0
2021-04-15 00:00:00-04:00,8.918626984087446,8.975193723970344,8.918626984087446,8.94690990447998,61300,0.0,0.0
2021-04-16 00:00:00-04:00,8.984620933981624,9.02233179491479,8.918627152123047,8.965765953063965,69300,0.0,0.0
2021-04-19 00:00:00-04:00,8.984621525153486,9.01290534703777,8.918627738952637,8.918627738952637,44100,0.0,0.0
2021-04-20 00:00:00-04:00,8.937481964649859,8.975193723970344,8.909199044257324,8.94690990447998,43400,0.0,0.0
2021-04-21 00:00:00-04:00,8.928054923917566,9.022331624925291,8.928054923917566,8.94690990447998,32700,0.0,0.0
2021-04-22 00:00:00-04:00,8.946909620009954,8.975193438601023,8.909198760986328,8.909198760986328,61800,0.0,0.0
2021-04-23 00:00:00-04:00,8.937481964649859,8.975193723970344,8.87148818403467,8.94690990447998,91000,0.0,0.0
2021-04-26 00:00:00-04:00,8.95633871535637,8.965766656103403,8.909199910719122,8.937482833862305,36500,0.0,0.0
2021-04-27 00:00:00-04:00,8.93748272111092,8.946910661739015,8.909199798324543,8.918627738952637,28500,0.0,0.0
2021-04-28 00:00:00-04:00,8.9563378443101,8.965765784140222,8.909199044257324,8.94690990447998,34300,0.0,0.0
2021-04-29 00:00:00-04:00,8.984621638499553,8.984621638499553,8.909199910719122,8.937482833862305,33000,0.0,0.0
2021-04-30 00:00:00-04:00,8.937481564923377,8.975193322557214,8.871487787259742,8.89034366607666,27200,0.0,0.0
2021-05-03 00:00:00-04:00,8.937482833862305,8.946910774609337,8.909199910719122,8.937482833862305,48000,0.0,0.0
2021-05-04 00:00:00-04:00,8.937482553074108,8.946910493524944,8.890344649015704,8.899771690368652,56500,0.0,0.0
2021-05-05 00:00:00-04:00,8.937482833862305,8.975194596850436,8.928055792213188,8.937482833862305,112400,0.0,0.0
2021-05-06 00:00:00-04:00,8.975193977355957,8.99404895845068,8.95633809716338,8.975193977355957,62500,0.0,0.0
2021-05-07 00:00:00-04:00,9.003477460020013,9.078899187298047,8.99404951933578,9.050616264343262,63500,0.0,0.0
2021-05-10 00:00:00-04:00,9.097754282558977,9.116610164161624,9.031760495145559,9.06947135925293,95000,0.0,0.0
2021-05-11 00:00:00-04:00,9.031759734922542,9.041187674930294,8.937482133040707,8.965765953063965,86700,0.0,0.0
2021-05-12 00:00:00-04:00,8.946910180170091,8.96576606041136,8.843205536136692,8.852633476257324,98900,0.0,0.0
2021-05-13 00:00:00-04:00,8.86206013070253,8.946909789891238,8.86206013070253,8.928054809570312,64400,0.0,0.0
2021-05-14 00:00:00-04:00,8.965766150716709,9.012904952696813,8.965766150716709,8.994049072265625,59800,0.0,0.0
2021-05-17 00:00:00-04:00,9.003477460020013,9.050616264343262,9.003477460020013,9.050616264343262,44300,0.0,0.0
2021-05-18 00:00:00-04:00,9.069470321008664,9.097753241076973,9.050615340662397,9.060042381286621,127400,0.0,0.0
2021-05-19 00:00:00-04:00,9.003477096557617,9.003477096557617,8.95633829413732,9.003477096557617,47900,0.0,0.0
2021-05-20 00:00:00-04:00,9.022331969656484,9.116609573364258,9.012904928563996,9.116609573364258,43100,0.0,0.0
2021-05-21 00:00:00-04:00,9.144893255488302,9.144893255488302,9.050616543036675,9.088327407836914,82800,0.0,0.0
2021-05-24 00:00:00-04:00,9.088326098837022,9.23916953631186,9.088326098837022,9.173174858093262,77200,0.0,0.0
2021-05-25 00:00:00-04:00,9.182603470714124,9.220314332846709,9.135464668273926,9.135464668273926,102700,0.0,0.0
2021-05-26 00:00:00-04:00,9.173175698721227,9.27688124581209,9.144892776377306,9.15432071685791,84600,0.0,0.0
2021-05-27 00:00:00-04:00,9.173176179313998,9.20146000223763,9.078899466862369,9.088327407836914,38800,0.0,0.0
2021-05-28 00:00:00-04:00,9.088327407836914,9.126038272637153,9.050616543036675,9.088327407836914,43300,0.0,0.0
2021-06-01 00:00:00-04:00,9.11660968675657,9.201459351329355,9.088326764931601,9.135464668273926,190300,0.0,0.0
2021-06-02 00:00:00-04:00,9.12603759765625,9.144892579112847,9.107181717101783,9.12603759765625,106400,0.0,0.0
2021-06-03 00:00:00-04:00,9.126037429278838,9.126037429278838,9.050615706648257,9.107181549072266,183600,0.0,0.0
2021-06-04 00:00:00-04:00,9.116609854033385,9.173175698721227,9.116609854033385,9.15432071685791,87500,0.0,0.0
2021-06-07 00:00:00-04:00,9.154320548889155,9.19203141102174,9.050615902799017,9.135464668273926,198200,0.0,0.0
2021-06-08 00:00:00-04:00,9.15431987795781,9.21088661655978,9.135463998724553,9.173174858093262,229400,0.0,0.0
2021-06-09 00:00:00-04:00,9.220313428586161,9.408867720757065,9.173174630768989,9.390012741088867,195400,0.0,0.0
2021-06-10 00:00:00-04:00,9.408867550255692,9.46543428643079,9.371156692504883,9.371156692504883,163900,0.0,0.0
2021-06-11 00:00:00-04:00,9.427723428679982,9.456006347218645,9.361729652390508,9.371156692504883,76000,0.0,0.0
2021-06-14 00:00:00-04:00,9.408867550255692,9.408867550255692,9.333445834754073,9.371156692504883,87600,0.0,0.0
2021-06-15 00:00:00-04:00,9.380585556747354,9.380585556747354,9.33344675513599,9.361730575561523,73000,0.0,0.0
2021-06-16 00:00:00-04:00,9.36173029239675,9.418296133341151,9.324019432067871,9.324019432067871,40000,0.0,0.0
2021-06-17 00:00:00-04:00,9.342874803976608,9.399441546387939,9.239170158503349,9.248598098754883,70200,0.0,0.0
2021-06-18 00:00:00-04:00,9.201458846467572,9.239169706531055,9.18260296688692,9.192030906677246,58500,0.0,0.0
2021-06-21 00:00:00-04:00,9.18260341609202,9.258025139908547,9.18260341609202,9.248598098754883,81800,0.0,0.0
2021-06-22 00:00:00-04:00,9.295735642236027,9.342874442572384,9.267452721673346,9.333446502685547,56200,0.0,0.0
2021-06-23 00:00:00-04:00,9.390013242908744,9.390013242908744,9.305163582122866,9.333446502685547,42100,0.0,0.0
2021-06-24 00:00:00-04:00,9.408868393415915,9.418296333472929,9.314591690139325,9.352302551269531,46900,0.0,0.0
2021-06-25 00:00:00-04:00,9.390013042458465,9.408868022731806,9.295735443798309,9.305163383483887,62600,0.0,0.0
2021-06-28 00:00:00-04:00,9.361730491326545,9.371157532285709,9.305163750082311,9.352302551269531,91900,0.0,0.0
2021-06-29 00:00:00-04:00,9.361730207534128,9.361730207534128,9.286308487560058,9.314591407775879,85500,0.0,0.0
2021-06-30 00:00:00-04:00,9.352302744228142,9.352302744228142,9.248598098754883,9.248598098754883,132800,0.0,0.0
2021-07-01 00:00:00-04:00,9.332299329973097,9.332299329973097,9.25533198470709,9.274574279785156,101500,0.197,0.0
2021-07-02 00:00:00-04:00,9.27457370543045,9.341919898986816,9.27457370543045,9.341919898986816,80900,0.0,0.0
2021-07-06 00:00:00-04:00,9.428508970317171,9.428508970317171,9.236090607152153,9.274574279785156,150900,0.0,0.0
2021-07-07 00:00:00-04:00,9.284195047120063,9.322678721980294,9.207227697399603,9.226469993591309,137500,0.0,0.0
2021-07-08 00:00:00-04:00,9.1783646477672,9.255331993103027,9.120638680003763,9.255331993103027,128500,0.0,0.0
2021-07-09 00:00:00-04:00,9.245711262603896,9.351542055356743,9.245711262603896,9.303437232971191,134200,0.0,0.0
2021-07-12 00:00:00-04:00,9.303436760285887,9.351541580227348,9.293815612792969,9.293815612792969,68300,0.0,0.0
2021-07-13 00:00:00-04:00,9.332299180157642,9.380403999557432,9.313057802911596,9.370782852172852,115800,0.0,0.0
2021-07-14 00:00:00-04:00,9.428508185624532,9.495854377746582,9.409265892147914,9.495854377746582,185900,0.0,0.0
2021-07-15 00:00:00-04:00,9.505477017198976,9.505477017198976,9.438130814501061,9.44775104522705,112900,0.0,0.0
2021-07-16 00:00:00-04:00,9.486233815465193,9.486233815465193,9.390025094723748,9.409266471862793,46400,0.0,0.0
2021-07-19 00:00:00-04:00,9.370783544936378,9.370783544936378,9.226469993591309,9.226469993591309,57300,0.0,0.0
2021-07-20 00:00:00-04:00,9.274574227060867,9.322678129436312,9.274574227060867,9.313057899475098,57200,0.0,0.0
2021-07-21 00:00:00-04:00,9.361162185668945,9.390025629305395,9.341920807434473,9.361162185668945,44200,0.0,0.0
2021-07-22 00:00:00-04:00,9.399646777184213,9.399646777184213,9.303437133442367,9.361162185668945,35200,0.0,0.0
2021-07-23 00:00:00-04:00,9.409266463899053,9.428508758544922,9.361161644807492,9.428508758544922,55800,0.0,0.0
2021-07-26 00:00:00-04:00,9.428508758544922,9.438129905867857,9.390025086776294,9.428508758544922,48800,0.0,0.0
2021-07-27 00:00:00-04:00,9.428508285206625,9.43812943204655,9.361161174850213,9.4188871383667,39500,0.0,0.0
2021-07-28 00:00:00-04:00,9.438129913856026,9.438129913856026,9.361161652730516,9.409266471862793,43600,0.0,0.0
2021-07-29 00:00:00-04:00,9.438129700690373,9.582443237304688,9.380403735530793,9.582443237304688,69900,0.0,0.0
2021-07-30 00:00:00-04:00,9.476614052419825,9.476614052419825,9.399646705026464,9.438130378723145,39600,0.0,0.0
2021-08-02 00:00:00-04:00,9.515097197061797,9.515097197061797,9.438129853947945,9.466992378234863,39300,0.0,0.0
2021-08-03 00:00:00-04:00,9.524717902117429,9.524717902117429,9.4477505551627,9.476613998413086,32300,0.0,0.0
2021-08-04 00:00:00-04:00,9.505477017198976,9.515098165448164,9.438130814501061,9.44775104522705,40200,0.0,0.0
2021-08-05 00:00:00-04:00,9.495854850707294,9.515097145142313,9.486233703489786,9.505475997924805,25400,0.0,0.0
2021-08-06 00:00:00-04:00,9.534338426781542,9.582443244865297,9.505475902940523,9.563200950622559,50000,0.0,0.0
2021-08-09 00:00:00-04:00,9.592064812926681,9.620927338034308,9.563201370295925,9.611306190490723,45300,0.0,0.0
2021-08-10 00:00:00-04:00,9.649790346591642,9.649790346591642,9.543960470879567,9.601685523986816,41300,0.0,0.0
2021-08-11 00:00:00-04:00,9.6497898547201,9.6497898547201,9.57282250948485,9.630548477172852,53400,0.0,0.0
2021-08-12 00:00:00-04:00,9.630548958685177,9.649790337194464,9.592065284143429,9.620927810668945,42400,0.0,0.0
2021-08-13 00:00:00-04:00,9.640169202464268,9.669031726282512,9.563200943077131,9.582443237304688,30300,0.0,0.0
2021-08-16 00:00:00-04:00,9.572822031814095,9.6786528143741,9.54395950817186,9.640169143676758,83800,0.0,0.0
2021-08-17 00:00:00-04:00,9.630548432722225,9.669032105162227,9.620927285231444,9.649789810180664,29100,0.0,0.0
2021-08-18 00:00:00-04:00,9.649789801897747,9.784483114083697,9.649789801897747,9.669032096862793,57400,0.0,0.0
2021-08-19 00:00:00-04:00,9.640169527724861,9.726757102101073,9.620927232848068,9.688273429870605,67600,0.0,0.0
2021-08-20 00:00:00-04:00,9.69789456912246,9.73637824132044,9.630548372156772,9.707515716552734,24700,0.0,0.0
2021-08-23 00:00:00-04:00,9.765241186742463,9.784483482431908,9.707516134720446,9.755620956420898,40500,0.0,0.0
2021-08-24 00:00:00-04:00,9.784482963920222,9.794104111255088,9.736378144769,9.765240669250488,41100,0.0,0.0
2021-08-25 00:00:00-04:00,9.765241087905085,9.851829582584877,9.765241087905085,9.813345909118652,48300,0.0,0.0
2021-08-26 00:00:00-04:00,9.832587783071443,9.832587783071443,9.736378144769,9.765240669250488,56300,0.0,0.0
2021-08-27 00:00:00-04:00,9.803724333063531,9.822966627717555,9.745999284147677,9.784482955932617,45100,0.0,0.0
2021-08-30 00:00:00-04:00,9.784483060948697,9.784483060948697,9.707515716552734,9.707515716552734,59800,0.0,0.0
2021-08-31 00:00:00-04:00,9.726756989493653,9.784482955932617,9.707515612362739,9.784482955932617,52600,0.0,0.0
2021-09-01 00:00:00-04:00,9.79410410325963,9.822966627717555,9.75562043147469,9.784482955932617,46700,0.0,0.0
2021-09-02 00:00:00-04:00,9.842207960552168,9.861450255119589,9.784482911896113,9.80372428894043,42800,0.0,0.0
2021-09-03 00:00:00-04:00,9.842207900861778,9.8614501953125,9.813345376708794,9.8614501953125,25100,0.0,0.0
2021-09-07 00:00:00-04:00,9.803724699209491,9.919176636399275,9.794104469046296,9.871071815490723,87900,0.0,0.0
2021-09-08 00:00:00-04:00,9.880692971893072,9.909555497454408,9.822967003247259,9.851829528808594,33100,0.0,0.0
2021-09-09 00:00:00-04:00,9.851829528808594,9.871071824198246,9.832588150942085,9.851829528808594,19400,0.0,0.0
2021-09-10 00:00:00-04:00,9.899934394925527,9.909555542664247,9.822967048062061,9.832588195800781,46000,0.0,0.0
2021-09-13 00:00:00-04:00,9.87107134253786,9.919176161141566,9.842207900861778,9.8614501953125,74600,0.0,0.0
2021-09-14 00:00:00-04:00,9.919176645149234,9.93841802301574,9.822967003247259,9.851829528808594,109200,0.0,0.0
2021-09-15 00:00:00-04:00,9.832587671159516,9.880692489763222,9.832587671159516,9.8614501953125,37400,0.0,0.0
2021-09-16 00:00:00-04:00,9.880692489763222,9.890312719465483,9.8614501953125,9.8614501953125,42900,0.0,0.0
2021-09-17 00:00:00-04:00,9.890313247186807,9.899934394925527,9.813345900323341,9.832588195800781,32300,0.0,0.0
2021-09-20 00:00:00-04:00,9.765240385300809,9.803724055998153,9.572822031814095,9.640169143676758,110700,0.0,0.0
2021-09-21 00:00:00-04:00,9.659411421136195,9.9287971411415,9.659411421136195,9.678653717041016,73600,0.0,0.0
2021-09-22 00:00:00-04:00,9.736378196946974,9.774861868969566,9.688273377537955,9.726757049560547,26100,0.0,0.0
2021-09-23 00:00:00-04:00,9.794104208378972,9.822966733146679,9.678653191785028,9.707515716552734,61600,0.0,0.0
2021-09-24 00:00:00-04:00,9.717136872185797,9.774861921769938,9.67865319995533,9.688273429870605,50100,0.0,0.0
2021-09-27 00:00:00-04:00,9.688273956720506,9.688273956720506,9.611306608074074,9.659411430358887,44700,0.0,0.0
2021-09-28 00:00:00-04:00,9.659410586790072,9.707515404873828,9.505475902940523,9.563200950622559,54300,0.0,0.0
2021-09-29 00:00:00-04:00,9.57282251783951,9.620927338034308,9.524717697644713,9.611306190490723,59000,0.0,0.0
2021-09-30 00:00:00-04:00,9.630548592569285,9.678653413298507,9.524717803460367,9.53433895111084,62200,0.0,0.0
2021-10-01 00:00:00-04:00,9.551026229059612,9.57065879901656,9.452866187672251,9.560842514038086,51500,0.197,0.0
2021-10-04 00:00:00-04:00,9.570658088676474,9.590290657176281,9.32525659922323,9.462681770324707,56500,0.0,0.0
2021-10-05 00:00:00-04:00,9.44304954535997,9.531394234558272,9.44304954535997,9.511761665344238,68400,0.0,0.0
2021-10-06 00:00:00-04:00,9.46268247597087,9.541210883561295,9.364521498416607,9.482314109802246,83300,0.0,0.0
2021-10-07 00:00:00-04:00,9.57065832139356,9.57065832139356,9.492129917749642,9.521577835083008,48700,0.0,0.0
2021-10-08 00:00:00-04:00,9.56084262939623,9.58047519959006,9.492130505982773,9.551026344299316,29100,0.0,0.0
2021-10-11 00:00:00-04:00,9.580474605882154,9.65900300952607,9.521577835083008,9.521577835083008,53700,0.0,0.0
2021-10-12 00:00:00-04:00,9.570658686178033,9.570658686178033,9.482313994678275,9.492130279541016,46300,0.0,0.0
2021-10-13 00:00:00-04:00,9.51176214004413,9.590291484686974,9.51176214004413,9.551026344299316,51900,0.0,0.0
2021-10-14 00:00:00-04:00,9.629555569431298,9.668819773199184,9.60010671450604,9.639370918273926,72500,0.0,0.0
2021-10-15 00:00:00-04:00,9.727714899672332,9.74734746818733,9.639370213619625,9.698266983032227,81800,0.0,0.0
2021-10-18 00:00:00-04:00,9.698266980571672,9.698266980571672,9.619738578796387,9.619738578796387,70600,0.0,0.0
2021-10-19 00:00:00-04:00,9.668819657728402,9.668819657728402,9.609922884713727,9.649187088012695,189800,0.0,0.0
2021-10-20 00:00:00-04:00,9.639370688269745,9.70808374532333,9.609922770179601,9.659003257751465,72000,0.0,0.0
2021-10-21 00:00:00-04:00,9.629554863051396,9.698266980571672,9.590290662163753,9.619738578796387,46400,0.0,0.0
2021-10-22 00:00:00-04:00,9.659003484944169,9.717899322509766,9.659003484944169,9.717899322509766,50900,0.0,0.0
2021-10-25 00:00:00-04:00,9.737531300536554,9.766979217529297,9.668819182176017,9.766979217529297,87700,0.0,0.0
2021-10-26 00:00:00-04:00,9.806243781485136,9.845507984304732,9.727715375845946,9.816060066223145,109400,0.0,0.0
2021-10-27 00:00:00-04:00,9.865140919229384,9.865140919229384,9.766979940477858,9.786612510681152,37800,0.0,0.0
2021-10-28 00:00:00-04:00,9.796427496747128,9.816060066223145,9.747347945321962,9.816060066223145,40900,0.0,0.0
2021-10-29 00:00:00-04:00,9.796427134522041,9.816059703272138,9.727715016161506,9.766979217529297,36800,0.0,0.0
2021-11-01 00:00:00-04:00,9.82587612119222,9.874956607602122,9.757163065765392,9.835692405700684,56000,0.0,0.0
2021-11-02 00:00:00-04:00,9.816059704767905,9.845507621765137,9.786611787770674,9.845507621765137,37400,0.0,0.0
2021-11-03 00:00:00-04:00,9.845507754076731,9.845507754076731,9.776795634782319,9.835692405700684,42400,0.0,0.0
2021-11-04 00:00:00-04:00,9.8160601813375,9.825876466190625,9.776795978057448,9.806243896484375,51900,0.0,0.0
2021-11-05 00:00:00-04:00,9.85532426904274,9.865140553780748,9.757163293927533,9.816060066223145,36700,0.0,0.0
2021-11-08 00:00:00-05:00,9.83569311088619,9.86514103039048,9.83569311088619,9.855324745178223,45400,0.0,0.0
2021-11-09 00:00:00-05:00,9.855324267644958,9.894588470458984,9.835692634304163,9.894588470458984,53800,0.0,0.0
2021-11-10 00:00:00-05:00,9.894588715147853,9.973117122717879,9.766979818813445,9.953485488891602,95600,0.0,0.0
2021-11-11 00:00:00-05:00,9.992749081989754,10.002564430236816,9.943668596224828,10.002564430236816,86200,0.0,0.0
2021-11-12 00:00:00-05:00,10.032013760478034,10.061461678884513,10.002564905939106,10.041829109191895,50300,0.0,0.0
2021-11-15 00:00:00-05:00,10.081094133132353,10.081094133132353,10.032013645595308,10.051645278930664,49200,0.0,0.0
2021-11-16 00:00:00-05:00,10.061461563664562,10.081094133132353,10.041828994196768,10.051645278930664,31400,0.0,0.0
2021-11-17 00:00:00-05:00,10.022197475631724,10.051645394038204,10.002564905939106,10.041829109191895,32100,0.0,0.0
2021-11-18 00:00:00-05:00,10.061461200381208,10.061461200381208,10.002564430236816,10.002564430236816,39200,0.0,0.0
2021-11-19 00:00:00-05:00,10.03201353141201,10.03201353141201,9.963300475189255,9.982933044433594,26700,0.0,0.0
2021-11-22 00:00:00-05:00,10.022197608151336,10.071278096899405,10.01238132317523,10.032013893127441,36300,0.0,0.0
2021-11-23 00:00:00-05:00,10.0320134165017,10.071277618408203,10.012380847482241,10.071277618408203,76500,0.0,0.0
2021-11-24 00:00:00-05:00,10.071278208502333,10.100726127624512,10.041829353247683,10.100726127624512,51900,0.0,0.0
2021-11-26 00:00:00-05:00,10.032014012726084,10.032014012726084,9.914221400005905,9.943669319152832,36700,0.0,0.0
2021-11-29 00:00:00-05:00,10.022197833771074,10.090909957885742,9.953485709656405,10.090909957885742,27000,0.0,0.0
2021-11-30 00:00:00-05:00,10.08109425320676,10.100725886775948,9.78661226060939,9.884772300720215,78200,0.0,0.0
2021-12-01 00:00:00-05:00,9.894588587897605,10.022197482590887,9.806243896484375,9.806243896484375,40000,0.0,0.0
2021-12-02 00:00:00-05:00,9.874956722462256,9.904404640197754,9.786612033123339,9.904404640197754,33900,0.0,0.0
2021-12-03 00:00:00-05:00,9.963300961848438,9.963300961848438,9.73753202130539,9.786612510681152,61500,0.0,0.0
2021-12-06 00:00:00-05:00,9.874957200014348,9.894588834076588,9.82587671066004,9.865140914916992,47300,0.0,0.0
2021-12-07 00:00:00-05:00,9.963300948987289,10.11054241692451,9.757163642781157,10.022197723388672,55600,0.0,0.0
2021-12-08 00:00:00-05:00,10.081094017912841,10.12035822026723,9.982933043960657,10.061461448669434,94200,0.0,0.0
2021-12-09 00:00:00-05:00,10.06146144914609,10.06146144914609,9.973116759811425,9.982933044433594,45400,0.0,0.0
2021-12-10 00:00:00-05:00,10.051645763502076,10.051645763502076,9.835693105740292,9.933853149414062,56000,0.0,0.0
2021-12-13 00:00:00-05:00,9.904404391892001,9.904404391892001,9.806243420391361,9.845507621765137,78900,0.0,0.0
2021-12-14 00:00:00-05:00,9.776795978057448,9.914221157603855,9.776795978057448,9.806243896484375,104700,0.0,0.0
2021-12-15 00:00:00-05:00,9.816060535326049,9.933853149414062,9.76698004542292,9.933853149414062,88300,0.0,0.0
2021-12-16 00:00:00-05:00,9.963300225886464,9.963300225886464,9.835692273520994,9.845507621765137,64800,0.0,0.0
2021-12-17 00:00:00-05:00,9.84550786907573,9.85532415369885,9.757163179732492,9.825876235961914,97300,0.0,0.0
2021-12-20 00:00:00-05:00,9.825876103090772,9.825876103090772,9.678634644132318,9.757163047790527,100200,0.0,0.0
2021-12-21 00:00:00-05:00,9.845507754506693,9.924036158313001,9.737531433306128,9.914220809936523,47200,0.0,0.0
2021-12-22 00:00:00-05:00,9.963301063772052,10.02219783885197,9.9436694295004,10.012381553649902,58600,0.0,0.0
2021-12-23 00:00:00-05:00,10.0614612219393,10.238150596618652,10.0614612219393,10.238150596618652,90900,0.0,0.0
2021-12-27 00:00:00-05:00,10.247966174407624,10.336310863725933,10.228334541299347,10.297046661376953,35500,0.0,0.0
2021-12-28 00:00:00-05:00,10.277414685261984,10.375574719792144,10.277414685261984,10.326495170593262,40000,0.0,0.0
2021-12-29 00:00:00-05:00,10.365759960061457,10.51300048828125,10.316679471944044,10.51300048828125,83700,0.0,0.0
2021-12-30 00:00:00-05:00,10.529999732971191,10.550000190734863,10.369999885559082,10.380000114440918,46800,0.197,0.0
2021-12-31 00:00:00-05:00,10.359999656677246,10.390000343322754,10.279999732971191,10.369999885559082,76900,0.0,0.0
2022-01-03 00:00:00-05:00,10.380000114440918,10.420000076293945,10.3100004196167,10.420000076293945,45700,0.0,0.0
2022-01-04 00:00:00-05:00,10.399999618530273,10.4399995803833,10.300000190734863,10.390000343322754,62900,0.0,0.0
2022-01-05 00:00:00-05:00,10.369999885559082,10.40999984741211,10.220000267028809,10.220000267028809,40400,0.0,0.0
2022-01-06 00:00:00-05:00,10.220000267028809,10.289999961853027,10.170000076293945,10.220000267028809,49400,0.0,0.0
2022-01-07 00:00:00-05:00,10.239999771118164,10.25,10.15999984741211,10.1899995803833,58400,0.0,0.0
2022-01-10 00:00:00-05:00,10.1899995803833,10.199999809265137,10.069999694824219,10.199999809265137,43600,0.0,0.0
2022-01-11 00:00:00-05:00,10.220000267028809,10.359999656677246,10.15999984741211,10.319999694824219,79900,0.0,0.0
2022-01-12 00:00:00-05:00,10.34000015258789,10.390000343322754,10.300000190734863,10.34000015258789,43200,0.0,0.0
2022-01-13 00:00:00-05:00,10.390000343322754,10.390000343322754,10.279999732971191,10.300000190734863,41500,0.0,0.0
2022-01-14 00:00:00-05:00,10.279999732971191,10.279999732971191,10.170000076293945,10.270000457763672,37600,0.0,0.0
2022-01-18 00:00:00-05:00,10.210000038146973,10.25,10.130000114440918,10.15999984741211,74900,0.0,0.0
2022-01-19 00:00:00-05:00,10.1899995803833,10.260000228881836,10.149999618530273,10.199999809265137,56600,0.0,0.0
2022-01-20 00:00:00-05:00,10.210000038146973,10.25,10.039999961853027,10.069999694824219,36400,0.0,0.0
2022-01-21 00:00:00-05:00,10.039999961853027,10.039999961853027,9.75,9.770000457763672,36800,0.0,0.0
2022-01-24 00:00:00-05:00,9.640000343322754,9.760000228881836,9.34000015258789,9.6899995803833,76000,0.0,0.0
2022-01-25 00:00:00-05:00,9.609999656677246,9.720000267028809,9.529999732971191,9.649999618530273,34600,0.0,0.0
2022-01-26 00:00:00-05:00,9.75,9.84000015258789,9.59000015258789,9.640000343322754,42200,0.0,0.0
2022-01-27 00:00:00-05:00,9.670000076293945,9.800000190734863,9.59000015258789,9.640000343322754,38500,0.0,0.0
2022-01-28 00:00:00-05:00,9.630000114440918,9.779999732971191,9.59000015258789,9.770000457763672,50600,0.0,0.0
2022-01-31 00:00:00-05:00,9.760000228881836,9.9399995803833,9.760000228881836,9.920000076293945,46500,0.0,0.0
2022-02-01 00:00:00-05:00,9.899999618530273,10.029999732971191,9.899999618530273,9.979999542236328,37400,0.0,0.0
2022-02-02 00:00:00-05:00,9.989999771118164,10.039999961853027,9.960000038146973,10.0,28200,0.0,0.0
2022-02-03 00:00:00-05:00,9.9399995803833,10.010000228881836,9.890000343322754,9.899999618530273,26300,0.0,0.0
2022-02-04 00:00:00-05:00,9.850000381469727,9.930000305175781,9.800000190734863,9.859999656677246,36900,0.0,0.0
2022-02-07 00:00:00-05:00,9.819999694824219,9.9399995803833,9.770000457763672,9.779999732971191,60800,0.0,0.0
2022-02-08 00:00:00-05:00,9.8100004196167,9.90999984741211,9.800000190734863,9.84000015258789,60300,0.0,0.0
2022-02-09 00:00:00-05:00,9.859999656677246,9.979999542236328,9.859999656677246,9.960000038146973,31200,0.0,0.0
2022-02-10 00:00:00-05:00,9.890000343322754,9.9399995803833,9.8100004196167,9.829999923706055,26900,0.0,0.0
2022-02-11 00:00:00-05:00,9.8100004196167,9.84000015258789,9.739999771118164,9.779999732971191,47900,0.0,0.0
2022-02-14 00:00:00-05:00,9.779999732971191,9.850000381469727,9.609999656677246,9.670000076293945,63400,0.0,0.0
2022-02-15 00:00:00-05:00,9.6899995803833,9.8100004196167,9.6899995803833,9.770000457763672,42800,0.0,0.0
2022-02-16 00:00:00-05:00,9.729999542236328,9.789999961853027,9.710000038146973,9.789999961853027,21400,0.0,0.0
2022-02-17 00:00:00-05:00,9.710000038146973,9.779999732971191,9.600000381469727,9.600000381469727,18900,0.0,0.0
2022-02-18 00:00:00-05:00,9.59000015258789,9.699999809265137,9.569999694824219,9.600000381469727,29200,0.0,0.0
2022-02-22 00:00:00-05:00,9.529999732971191,9.529999732971191,9.319999694824219,9.329999923706055,45900,0.0,0.0
2022-02-23 00:00:00-05:00,9.380000114440918,9.430000305175781,9.239999771118164,9.25,22600,0.0,0.0
2022-02-24 00:00:00-05:00,8.8100004196167,9.350000381469727,8.779999732971191,9.300000190734863,111900,0.0,0.0
2022-02-25 00:00:00-05:00,9.3100004196167,9.550000190734863,9.3100004196167,9.529999732971191,25000,0.0,0.0
2022-02-28 00:00:00-05:00,9.449999809265137,9.630000114440918,9.380000114440918,9.5,39300,0.0,0.0
2022-03-01 00:00:00-05:00,9.5,9.539999961853027,9.329999923706055,9.430000305175781,36000,0.0,0.0
2022-03-02 00:00:00-05:00,9.40999984741211,9.569999694824219,9.399999618530273,9.550000190734863,44500,0.0,0.0
2022-03-03 00:00:00-05:00,9.59000015258789,9.59000015258789,9.5,9.520000457763672,36100,0.0,0.0
2022-03-04 00:00:00-05:00,9.460000038146973,9.5600004196167,9.34000015258789,9.510000228881836,55000,0.0,0.0
2022-03-07 00:00:00-05:00,9.449999809265137,9.449999809265137,9.300000190734863,9.329999923706055,22600,0.0,0.0
2022-03-08 00:00:00-05:00,9.350000381469727,9.390000343322754,9.220000267028809,9.359999656677246,59100,0.0,0.0
2022-03-09 00:00:00-05:00,9.329999923706055,9.479999542236328,9.329999923706055,9.390000343322754,40100,0.0,0.0
2022-03-10 00:00:00-05:00,9.329999923706055,9.350000381469727,9.029999732971191,9.1899995803833,119200,0.0,0.0
2022-03-11 00:00:00-05:00,9.210000038146973,9.229999542236328,9.020000457763672,9.0600004196167,68100,0.0,0.0
2022-03-14 00:00:00-04:00,9.010000228881836,9.119999885559082,9.010000228881836,9.020000457763672,107100,0.0,0.0
2022-03-15 00:00:00-04:00,9.050000190734863,9.260000228881836,9.029999732971191,9.260000228881836,99600,0.0,0.0
2022-03-16 00:00:00-04:00,9.319999694824219,9.4399995803833,9.319999694824219,9.420000076293945,47200,0.0,0.0
2022-03-17 00:00:00-04:00,9.399999618530273,9.609999656677246,9.390000343322754,9.550000190734863,31300,0.0,0.0
2022-03-18 00:00:00-04:00,9.529999732971191,9.630000114440918,9.520000457763672,9.59000015258789,17000,0.0,0.0
2022-03-21 00:00:00-04:00,9.59000015258789,9.649999618530273,9.5600004196167,9.59000015258789,20700,0.0,0.0
2022-03-22 00:00:00-04:00,9.619999885559082,9.670000076293945,9.600000381469727,9.640000343322754,27200,0.0,0.0
2022-03-23 00:00:00-04:00,9.5600004196167,9.630000114440918,9.510000228881836,9.539999961853027,37100,0.0,0.0
2022-03-24 00:00:00-04:00,9.5600004196167,9.600000381469727,9.539999961853027,9.550000190734863,17000,0.0,0.0
2022-03-25 00:00:00-04:00,9.579999923706055,9.649999618530273,9.569999694824219,9.600000381469727,43200,0.0,0.0
2022-03-28 00:00:00-04:00,9.65999984741211,9.680000305175781,9.609999656677246,9.65999984741211,64300,0.0,0.0
2022-03-29 00:00:00-04:00,9.739999771118164,9.789999961853027,9.649999618530273,9.770000457763672,58400,0.0,0.0
2022-03-30 00:00:00-04:00,9.720000267028809,9.8100004196167,9.720000267028809,9.739999771118164,50400,0.0,0.0
2022-03-31 00:00:00-04:00,9.770000457763672,9.800000190734863,9.680000305175781,9.680000305175781,69000,0.0,0.0
2022-04-01 00:00:00-04:00,9.600000381469727,9.600000381469727,9.479999542236328,9.5,40600,0.0,0.0
2022-04-04 00:00:00-04:00,9.5,9.59000015258789,9.5,9.550000190734863,63800,0.0,0.0
2022-04-05 00:00:00-04:00,9.539999961853027,9.710000038146973,9.479999542236328,9.520000457763672,34500,0.0,0.0
2022-04-06 00:00:00-04:00,9.479999542236328,9.649999618530273,9.399999618530273,9.489999771118164,78200,0.0,0.0
2022-04-07 00:00:00-04:00,9.510000228881836,9.600000381469727,9.489999771118164,9.5600004196167,79800,0.0,0.0
2022-04-08 00:00:00-04:00,9.539999961853027,9.65999984741211,9.539999961853027,9.600000381469727,53900,0.0,0.0
2022-04-11 00:00:00-04:00,9.579999923706055,9.630000114440918,9.5,9.5,66700,0.0,0.0
2022-04-12 00:00:00-04:00,9.520000457763672,9.569999694824219,9.479999542236328,9.479999542236328,31500,0.0,0.0
2022-04-13 00:00:00-04:00,9.5,9.600000381469727,9.5,9.600000381469727,63300,0.0,0.0
2022-04-14 00:00:00-04:00,9.550000190734863,9.619999885559082,9.520000457763672,9.529999732971191,64200,0.0,0.0
2022-04-18 00:00:00-04:00,9.529999732971191,9.609999656677246,9.529999732971191,9.569999694824219,85500,0.0,0.0
2022-04-19 00:00:00-04:00,9.5600004196167,9.670000076293945,9.5600004196167,9.649999618530273,34900,0.0,0.0
2022-04-20 00:00:00-04:00,9.670000076293945,9.75,9.670000076293945,9.729999542236328,33300,0.0,0.0
2022-04-21 00:00:00-04:00,9.789999961853027,9.84000015258789,9.600000381469727,9.609999656677246,49800,0.0,0.0
2022-04-22 00:00:00-04:00,9.5600004196167,9.619999885559082,9.449999809265137,9.460000038146973,37400,0.0,0.0
2022-04-25 00:00:00-04:00,9.40999984741211,9.4399995803833,9.380000114440918,9.430000305175781,11800,0.0,0.0
2022-04-26 00:00:00-04:00,9.350000381469727,9.430000305175781,9.350000381469727,9.390000343322754,18700,0.0,0.0
2022-04-27 00:00:00-04:00,9.420000076293945,9.4399995803833,9.350000381469727,9.390000343322754,49100,0.0,0.0
2022-04-28 00:00:00-04:00,9.420000076293945,9.539999961853027,9.390000343322754,9.489999771118164,30500,0.0,0.0
2022-04-29 00:00:00-04:00,9.470000267028809,9.5,9.350000381469727,9.359999656677246,19700,0.0,0.0
2022-05-02 00:00:00-04:00,9.350000381469727,9.359999656677246,9.25,9.34000015258789,42400,0.0,0.0
2022-05-03 00:00:00-04:00,9.319999694824219,9.449999809265137,9.319999694824219,9.430000305175781,36700,0.0,0.0
2022-05-04 00:00:00-04:00,9.4399995803833,9.609999656677246,9.369999885559082,9.609999656677246,28900,0.0,0.0
2022-05-05 00:00:00-04:00,9.5600004196167,9.640000343322754,9.25,9.319999694824219,85800,0.0,0.0
2022-05-06 00:00:00-04:00,9.289999961853027,9.350000381469727,9.25,9.3100004196167,27800,0.0,0.0
2022-05-09 00:00:00-04:00,9.25,9.25,9.100000381469727,9.119999885559082,56000,0.0,0.0
2022-05-10 00:00:00-04:00,9.25,9.25,9.119999885559082,9.25,70800,0.0,0.0
2022-05-11 00:00:00-04:00,9.25,9.34000015258789,9.1899995803833,9.199999809265137,44900,0.0,0.0
2022-05-12 00:00:00-04:00,9.130000114440918,9.239999771118164,9.069999694824219,9.079999923706055,88900,0.0,0.0
2022-05-13 00:00:00-04:00,9.109999656677246,9.319999694824219,9.109999656677246,9.279999732971191,31400,0.0,0.0
2022-05-16 00:00:00-04:00,9.260000228881836,9.329999923706055,9.239999771118164,9.270000457763672,14400,0.0,0.0
2022-05-17 00:00:00-04:00,9.300000190734863,9.420000076293945,9.25,9.420000076293945,28000,0.0,0.0
2022-05-18 00:00:00-04:00,9.359999656677246,9.359999656677246,9.119999885559082,9.15999984741211,36800,0.0,0.0
2022-05-19 00:00:00-04:00,9.100000381469727,9.170000076293945,9.079999923706055,9.109999656677246,49500,0.0,0.0
2022-05-20 00:00:00-04:00,9.140000343322754,9.199999809265137,9.020000457763672,9.119999885559082,27600,0.0,0.0
2022-05-23 00:00:00-04:00,9.149999618530273,9.300000190734863,9.149999618530273,9.300000190734863,82600,0.0,0.0
2022-05-24 00:00:00-04:00,9.279999732971191,9.319999694824219,9.199999809265137,9.279999732971191,66000,0.0,0.0
2022-05-25 00:00:00-04:00,9.289999961853027,9.359999656677246,9.289999961853027,9.359999656677246,23100,0.0,0.0
2022-05-26 00:00:00-04:00,9.359999656677246,9.529999732971191,9.359999656677246,9.5,39200,0.0,0.0
2022-05-27 00:00:00-04:00,9.470000267028809,9.640000343322754,9.449999809265137,9.59000015258789,38900,0.0,0.0
2022-05-31 00:00:00-04:00,9.600000381469727,9.609999656677246,9.5,9.609999656677246,43500,0.0,0.0
2022-06-01 00:00:00-04:00,9.59000015258789,9.59000015258789,9.449999809265137,9.460000038146973,27300,0.0,0.0
2022-06-02 00:00:00-04:00,9.479999542236328,9.550000190734863,9.40999984741211,9.529999732971191,23400,0.0,0.0
2022-06-03 00:00:00-04:00,9.449999809265137,9.489999771118164,9.390000343322754,9.390000343322754,41400,0.0,0.0
2022-06-06 00:00:00-04:00,9.460000038146973,9.510000228881836,9.420000076293945,9.449999809265137,20800,0.0,0.0
2022-06-07 00:00:00-04:00,9.420000076293945,9.539999961853027,9.369999885559082,9.539999961853027,33600,0.0,0.0
2022-06-08 00:00:00-04:00,9.470000267028809,9.539999961853027,9.4399995803833,9.479999542236328,27600,0.0,0.0
2022-06-09 00:00:00-04:00,9.390000343322754,9.479999542236328,9.359999656677246,9.420000076293945,50900,0.0,0.0
2022-06-10 00:00:00-04:00,9.329999923706055,9.350000381469727,9.260000228881836,9.279999732971191,16100,0.0,0.0
2022-06-13 00:00:00-04:00,9.119999885559082,9.180000305175781,9.010000228881836,9.050000190734863,91400,0.0,0.0
2022-06-14 00:00:00-04:00,9.050000190734863,9.100000381469727,8.930000305175781,9.010000228881836,117700,0.0,0.0
2022-06-15 00:00:00-04:00,9.020000457763672,9.140000343322754,8.989999771118164,9.020000457763672,46400,0.0,0.0
2022-06-16 00:00:00-04:00,8.869999885559082,8.90999984741211,8.720000267028809,8.720000267028809,48600,0.0,0.0
2022-06-17 00:00:00-04:00,8.680000305175781,8.850000381469727,8.680000305175781,8.680000305175781,26000,0.0,0.0
2022-06-21 00:00:00-04:00,8.720000267028809,8.930000305175781,8.720000267028809,8.850000381469727,21100,0.0,0.0
2022-06-22 00:00:00-04:00,8.789999961853027,8.899999618530273,8.75,8.829999923706055,44500,0.0,0.0
2022-06-23 00:00:00-04:00,8.829999923706055,8.890000343322754,8.770000457763672,8.890000343322754,28200,0.0,0.0
2022-06-24 00:00:00-04:00,8.920000076293945,9.069999694824219,8.920000076293945,9.0600004196167,43900,0.0,0.0
2022-06-27 00:00:00-04:00,9.100000381469727,9.100000381469727,9.020000457763672,9.079999923706055,31900,0.0,0.0
2022-06-28 00:00:00-04:00,9.130000114440918,9.170000076293945,9.0600004196167,9.079999923706055,82400,0.0,0.0
2022-06-29 00:00:00-04:00,9.069999694824219,9.149999618530273,9.020000457763672,9.140000343322754,50700,0.0,0.0
2022-06-30 00:00:00-04:00,9.140000343322754,9.149999618530273,9.010000228881836,9.109999656677246,65600,0.0,0.0
2022-07-01 00:00:00-04:00,8.890000343322754,9.050000190734863,8.890000343322754,9.039999961853027,31500,0.0,0.0
2022-07-05 00:00:00-04:00,8.960000038146973,9.0,8.890000343322754,9.0,46200,0.0,0.0
2022-07-06 00:00:00-04:00,9.020000457763672,9.050000190734863,8.960000038146973,9.050000190734863,18000,0.0,0.0
2022-07-07 00:00:00-04:00,9.039999961853027,9.130000114440918,9.029999732971191,9.130000114440918,19400,0.0,0.0
2022-07-08 00:00:00-04:00,9.079999923706055,9.149999618530273,9.079999923706055,9.130000114440918,22800,0.0,0.0
2022-07-11 00:00:00-04:00,9.069999694824219,9.180000305175781,9.039999961853027,9.039999961853027,97700,0.0,0.0
2022-07-12 00:00:00-04:00,9.0600004196167,9.130000114440918,8.930000305175781,8.949999809265137,33700,0.0,0.0
2022-07-13 00:00:00-04:00,8.90999984741211,9.0,8.890000343322754,8.970000267028809,43800,0.0,0.0
2022-07-14 00:00:00-04:00,8.850000381469727,8.930000305175781,8.770000457763672,8.920000076293945,30400,0.0,0.0
2022-07-15 00:00:00-04:00,8.970000267028809,9.039999961853027,8.899999618530273,9.0,76700,0.0,0.0
2022-07-18 00:00:00-04:00,9.039999961853027,9.130000114440918,8.880000114440918,8.880000114440918,53400,0.0,0.0
2022-07-19 00:00:00-04:00,8.899999618530273,9.050000190734863,8.899999618530273,9.029999732971191,72000,0.0,0.0
2022-07-20 00:00:00-04:00,9.029999732971191,9.100000381469727,8.979999542236328,9.0,40800,0.0,0.0
2022-07-21 00:00:00-04:00,8.979999542236328,9.029999732971191,8.920000076293945,9.029999732971191,55100,0.0,0.0
2022-07-22 00:00:00-04:00,9.010000228881836,9.039999961853027,8.850000381469727,8.90999984741211,122600,0.0,0.0
2022-07-25 00:00:00-04:00,8.949999809265137,9.0,8.899999618530273,8.930000305175781,68300,0.0,0.0
2022-07-26 00:00:00-04:00,8.930000305175781,8.9399995803833,8.859999656677246,8.880000114440918,44000,0.0,0.0
2022-07-27 00:00:00-04:00,8.920000076293945,9.09000015258789,8.90999984741211,9.079999923706055,110800,0.0,0.0
2022-07-28 00:00:00-04:00,9.069999694824219,9.15999984741211,9.039999961853027,9.140000343322754,50500,0.0,0.0
2022-07-29 00:00:00-04:00,9.140000343322754,9.180000305175781,9.130000114440918,9.140000343322754,60900,0.0,0.0
2022-08-01 00:00:00-04:00,9.119999885559082,9.15999984741211,9.069999694824219,9.140000343322754,35200,0.0,0.0
2022-08-02 00:00:00-04:00,9.09000015258789,9.149999618530273,9.09000015258789,9.109999656677246,36300,0.0,0.0
2022-08-03 00:00:00-04:00,9.140000343322754,9.229999542236328,9.119999885559082,9.199999809265137,50100,0.0,0.0
2022-08-04 00:00:00-04:00,9.210000038146973,9.229999542236328,9.15999984741211,9.199999809265137,35600,0.0,0.0
2022-08-05 00:00:00-04:00,9.140000343322754,9.180000305175781,9.109999656677246,9.15999984741211,50300,0.0,0.0
2022-08-08 00:00:00-04:00,9.180000305175781,9.1899995803833,9.119999885559082,9.180000305175781,49900,0.0,0.0
2022-08-09 00:00:00-04:00,9.180000305175781,9.210000038146973,9.100000381469727,9.140000343322754,44200,0.0,0.0
2022-08-10 00:00:00-04:00,9.210000038146973,9.300000190734863,9.1899995803833,9.270000457763672,61900,0.0,0.0
2022-08-11 00:00:00-04:00,9.300000190734863,9.350000381469727,9.25,9.270000457763672,53500,0.0,0.0
2022-08-12 00:00:00-04:00,9.289999961853027,9.369999885559082,9.270000457763672,9.34000015258789,34000,0.0,0.0
2022-08-15 00:00:00-04:00,9.270000457763672,9.5,9.270000457763672,9.399999618530273,93800,0.0,0.0
2022-08-16 00:00:00-04:00,9.359999656677246,9.460000038146973,9.359999656677246,9.380000114440918,36600,0.0,0.0
2022-08-17 00:00:00-04:00,9.359999656677246,9.40999984741211,9.289999961853027,9.34000015258789,50000,0.0,0.0
2022-08-18 00:00:00-04:00,9.350000381469727,9.4399995803833,9.319999694824219,9.350000381469727,64100,0.0,0.0
2022-08-19 00:00:00-04:00,9.319999694824219,9.390000343322754,9.270000457763672,9.279999732971191,47300,0.0,0.0
2022-08-22 00:00:00-04:00,9.25,9.279999732971191,9.1899995803833,9.199999809265137,20500,0.0,0.0
2022-08-23 00:00:00-04:00,9.210000038146973,9.319999694824219,9.180000305175781,9.279999732971191,122100,0.0,0.0
2022-08-24 00:00:00-04:00,9.279999732971191,9.359999656677246,9.260000228881836,9.319999694824219,30600,0.0,0.0
2022-08-25 00:00:00-04:00,9.300000190734863,9.380000114440918,9.279999732971191,9.350000381469727,35700,0.0,0.0
2022-08-26 00:00:00-04:00,9.329999923706055,9.359999656677246,9.199999809265137,9.210000038146973,31900,0.0,0.0
2022-08-29 00:00:00-04:00,9.130000114440918,9.239999771118164,9.09000015258789,9.210000038146973,24900,0.0,0.0
2022-08-30 00:00:00-04:00,9.180000305175781,9.239999771118164,9.079999923706055,9.09000015258789,28600,0.0,0.0
2022-08-31 00:00:00-04:00,9.09000015258789,9.170000076293945,9.079999923706055,9.130000114440918,55700,0.0,0.0
2022-09-01 00:00:00-04:00,9.0600004196167,9.069999694824219,8.960000038146973,9.069999694824219,54600,0.0,0.0
2022-09-02 00:00:00-04:00,9.079999923706055,9.180000305175781,9.010000228881836,9.029999732971191,26100,0.0,0.0
2022-09-06 00:00:00-04:00,9.029999732971191,9.050000190734863,8.949999809265137,8.979999542236328,36100,0.0,0.0
2022-09-07 00:00:00-04:00,8.9399995803833,9.100000381469727,8.930000305175781,9.050000190734863,59800,0.0,0.0
2022-09-08 00:00:00-04:00,8.970000267028809,9.09000015258789,8.960000038146973,9.039999961853027,28700,0.0,0.0
2022-09-09 00:00:00-04:00,9.100000381469727,9.229999542236328,9.069999694824219,9.220000267028809,25900,0.0,0.0
2022-09-12 00:00:00-04:00,9.25,9.279999732971191,9.220000267028809,9.260000228881836,26100,0.0,0.0
2022-09-13 00:00:00-04:00,9.149999618530273,9.149999618530273,8.9399995803833,8.989999771118164,26900,0.0,0.0
2022-09-14 00:00:00-04:00,9.0,9.079999923706055,8.920000076293945,9.050000190734863,33700,0.0,0.0
2022-09-15 00:00:00-04:00,9.010000228881836,9.039999961853027,8.970000267028809,8.989999771118164,18700,0.0,0.0
2022-09-16 00:00:00-04:00,8.930000305175781,8.9399995803833,8.890000343322754,8.930000305175781,31500,0.0,0.0
2022-09-19 00:00:00-04:00,8.90999984741211,9.029999732971191,8.90999984741211,8.979999542236328,12900,0.0,0.0
2022-09-20 00:00:00-04:00,8.9399995803833,8.970000267028809,8.869999885559082,8.899999618530273,16700,0.0,0.0
2022-09-21 00:00:00-04:00,8.899999618530273,8.989999771118164,8.819999694824219,8.84000015258789,30900,0.0,0.0
2022-09-22 00:00:00-04:00,8.739999771118164,8.789999961853027,8.670000076293945,8.760000228881836,58500,0.0,0.0
2022-09-23 00:00:00-04:00,8.65999984741211,8.850000381469727,8.5,8.539999961853027,65000,0.0,0.0
2022-09-26 00:00:00-04:00,8.449999809265137,8.600000381469727,8.449999809265137,8.449999809265137,38700,0.0,0.0
2022-09-27 00:00:00-04:00,8.470000267028809,8.539999961853027,8.420000076293945,8.470000267028809,46300,0.0,0.0
2022-09-28 00:00:00-04:00,8.460000038146973,8.739999771118164,8.449999809265137,8.640000343322754,133500,0.0,0.0
2022-09-29 00:00:00-04:00,8.59000015258789,8.6899995803833,8.40999984741211,8.470000267028809,100700,0.0,0.0
2022-09-30 00:00:00-04:00,8.420000076293945,8.5600004196167,8.40999984741211,8.430000305175781,101100,0.0,0.0
2022-10-03 00:00:00-04:00,8.239999771118164,8.399999618530273,8.220000267028809,8.34000015258789,80600,0.0,0.0
2022-10-04 00:00:00-04:00,8.380000114440918,8.59000015258789,8.380000114440918,8.579999923706055,106600,0.0,0.0
2022-10-05 00:00:00-04:00,8.550000190734863,8.550000190734863,8.420000076293945,8.489999771118164,75800,0.0,0.0
2022-10-06 00:00:00-04:00,8.430000305175781,8.460000038146973,8.319999694824219,8.4399995803833,99200,0.0,0.0
2022-10-07 00:00:00-04:00,8.34000015258789,8.34000015258789,8.25,8.25,57000,0.0,0.0
2022-10-10 00:00:00-04:00,8.239999771118164,8.300000190734863,8.119999885559082,8.180000305175781,53000,0.0,0.0
2022-10-11 00:00:00-04:00,8.119999885559082,8.270000457763672,8.09000015258789,8.170000076293945,38500,0.0,0.0
2022-10-12 00:00:00-04:00,8.210000038146973,8.319999694824219,8.15999984741211,8.199999809265137,60300,0.0,0.0
2022-10-13 00:00:00-04:00,8.069999694824219,8.329999923706055,8.050000190734863,8.289999961853027,80400,0.0,0.0
2022-10-14 00:00:00-04:00,8.350000381469727,8.369999885559082,8.15999984741211,8.1899995803833,75800,0.0,0.0
2022-10-17 00:00:00-04:00,8.319999694824219,8.449999809265137,8.289999961853027,8.369999885559082,78600,0.0,0.0
2022-10-18 00:00:00-04:00,8.470000267028809,8.539999961853027,8.390000343322754,8.420000076293945,51800,0.0,0.0
2022-10-19 00:00:00-04:00,8.390000343322754,8.430000305175781,8.229999542236328,8.239999771118164,47900,0.0,0.0
2022-10-20 00:00:00-04:00,8.270000457763672,8.350000381469727,8.199999809265137,8.260000228881836,80200,0.0,0.0
2022-10-21 00:00:00-04:00,8.199999809265137,8.380000114440918,8.199999809265137,8.34000015258789,75800,0.0,0.0
2022-10-24 00:00:00-04:00,8.369999885559082,8.4399995803833,8.3100004196167,8.420000076293945,69700,0.0,0.0
2022-10-25 00:00:00-04:00,8.380000114440918,8.5,8.380000114440918,8.460000038146973,51500,0.0,0.0
2022-10-26 00:00:00-04:00,8.399999618530273,8.529999732971191,8.399999618530273,8.5,56400,0.0,0.0
2022-10-27 00:00:00-04:00,8.510000228881836,8.579999923706055,8.4399995803833,8.4399995803833,31400,0.0,0.0
2022-10-28 00:00:00-04:00,8.460000038146973,8.640000343322754,8.460000038146973,8.640000343322754,96700,0.0,0.0
2022-10-31 00:00:00-04:00,8.619999885559082,8.619999885559082,8.569999694824219,8.579999923706055,53200,0.0,0.0
2022-11-01 00:00:00-04:00,8.649999618530273,8.710000038146973,8.609999656677246,8.670000076293945,52700,0.0,0.0
2022-11-02 00:00:00-04:00,8.609999656677246,8.729999542236328,8.600000381469727,8.630000114440918,65900,0.0,0.0
2022-11-03 00:00:00-04:00,8.5600004196167,8.670000076293945,8.5600004196167,8.619999885559082,21000,0.0,0.0
2022-11-04 00:00:00-04:00,8.65999984741211,8.800000190734863,8.65999984741211,8.729999542236328,75200,0.0,0.0
2022-11-07 00:00:00-05:00,8.6899995803833,8.760000228881836,8.6899995803833,8.739999771118164,21000,0.0,0.0
2022-11-08 00:00:00-05:00,8.720000267028809,8.850000381469727,8.720000267028809,8.779999732971191,35700,0.0,0.0
2022-11-09 00:00:00-05:00,8.670000076293945,8.8100004196167,8.670000076293945,8.680000305175781,60800,0.0,0.0
2022-11-10 00:00:00-05:00,8.789999961853027,8.979999542236328,8.789999961853027,8.970000267028809,34600,0.0,0.0
2022-11-11 00:00:00-05:00,8.930000305175781,8.930000305175781,8.829999923706055,8.84000015258789,35000,0.0,0.0
2022-11-14 00:00:00-05:00,8.800000190734863,8.869999885559082,8.75,8.75,51800,0.0,0.0
2022-11-15 00:00:00-05:00,8.800000190734863,8.859999656677246,8.739999771118164,8.760000228881836,30900,0.0,0.0
2022-11-16 00:00:00-05:00,8.720000267028809,8.760000228881836,8.619999885559082,8.729999542236328,38800,0.0,0.0
2022-11-17 00:00:00-05:00,8.630000114440918,8.819999694824219,8.630000114440918,8.789999961853027,40000,0.0,0.0
2022-11-18 00:00:00-05:00,8.819999694824219,8.880000114440918,8.789999961853027,8.880000114440918,29500,0.0,0.0
2022-11-21 00:00:00-05:00,8.819999694824219,8.949999809265137,8.8100004196167,8.880000114440918,45700,0.0,0.0
2022-11-22 00:00:00-05:00,8.930000305175781,9.020000457763672,8.859999656677246,9.020000457763672,43300,0.0,0.0
2022-11-23 00:00:00-05:00,9.020000457763672,9.029999732971191,8.920000076293945,8.960000038146973,35500,0.0,0.0
2022-11-25 00:00:00-05:00,8.890000343322754,9.050000190734863,8.880000114440918,9.0,45600,0.0,0.0
2022-11-28 00:00:00-05:00,9.0,9.050000190734863,8.890000343322754,8.960000038146973,34100,0.0,0.0
2022-11-29 00:00:00-05:00,8.90999984741211,9.0,8.880000114440918,8.960000038146973,51000,0.0,0.0
2022-11-30 00:00:00-05:00,8.949999809265137,9.140000343322754,8.949999809265137,9.109999656677246,55300,0.0,0.0
2022-12-01 00:00:00-05:00,9.079999923706055,9.15999984741211,8.989999771118164,9.050000190734863,61000,0.0,0.0
2022-12-02 00:00:00-05:00,8.930000305175781,9.050000190734863,8.90999984741211,9.020000457763672,63700,0.0,0.0
2022-12-05 00:00:00-05:00,8.90999984741211,8.979999542236328,8.880000114440918,8.930000305175781,43400,0.0,0.0
2022-12-06 00:00:00-05:00,8.859999656677246,8.960000038146973,8.859999656677246,8.920000076293945,120200,0.0,0.0
2022-12-07 00:00:00-05:00,8.880000114440918,9.09000015258789,8.880000114440918,8.970000267028809,53800,0.0,0.0
2022-12-08 00:00:00-05:00,8.9399995803833,9.039999961853027,8.9399995803833,8.979999542236328,92800,0.0,0.0
2022-12-09 00:00:00-05:00,8.9399995803833,9.020000457763672,8.880000114440918,8.880000114440918,54600,0.0,0.0
2022-12-12 00:00:00-05:00,8.899999618530273,8.970000267028809,8.880000114440918,8.949999809265137,42000,0.0,0.0
2022-12-13 00:00:00-05:00,9.100000381469727,9.100000381469727,8.979999542236328,9.0,55900,0.0,0.0
2022-12-14 00:00:00-05:00,8.960000038146973,9.050000190734863,8.920000076293945,8.989999771118164,70500,0.0,0.0
2022-12-15 00:00:00-05:00,8.920000076293945,8.979999542236328,8.84000015258789,8.869999885559082,27100,0.0,0.0
2022-12-16 00:00:00-05:00,8.869999885559082,8.899999618530273,8.800000190734863,8.850000381469727,48100,0.0,0.0
2022-12-19 00:00:00-05:00,8.800000190734863,8.9399995803833,8.789999961853027,8.819999694824219,95600,0.0,0.0
2022-12-20 00:00:00-05:00,8.8100004196167,8.890000343322754,8.789999961853027,8.84000015258789,63200,0.0,0.0
2022-12-21 00:00:00-05:00,8.850000381469727,8.9399995803833,8.850000381469727,8.930000305175781,40900,0.0,0.0
2022-12-22 00:00:00-05:00,8.890000343322754,8.899999618530273,8.850000381469727,8.859999656677246,108400,0.0,0.0
2022-12-23 00:00:00-05:00,8.850000381469727,8.970000267028809,8.850000381469727,8.90999984741211,35700,0.0,0.0
2022-12-27 00:00:00-05:00,8.920000076293945,8.960000038146973,8.84000015258789,8.859999656677246,82800,0.0,0.0
2022-12-28 00:00:00-05:00,8.850000381469727,8.930000305175781,8.819999694824219,8.829999923706055,31800,0.0,0.0
2022-12-29 00:00:00-05:00,8.609999656677246,8.739999771118164,8.600000381469727,8.739999771118164,71000,0.0,0.0
2022-12-30 00:00:00-05:00,8.65999984741211,8.8100004196167,8.489999771118164,8.699999809265137,114000,0.0,0.0
2023-01-03 00:00:00-05:00,8.710000038146973,8.84000015258789,8.710000038146973,8.829999923706055,39600,0.0,0.0
2023-01-04 00:00:00-05:00,8.829999923706055,8.899999618530273,8.800000190734863,8.84000015258789,65900,0.0,0.0
2023-01-05 00:00:00-05:00,8.84000015258789,8.84000015258789,8.729999542236328,8.789999961853027,60700,0.0,0.0
2023-01-06 00:00:00-05:00,8.829999923706055,8.90999984741211,8.789999961853027,8.90999984741211,16700,0.0,0.0
2023-01-09 00:00:00-05:00,8.930000305175781,9.010000228881836,8.880000114440918,8.880000114440918,52500,0.0,0.0
2023-01-10 00:00:00-05:00,8.869999885559082,8.930000305175781,8.8100004196167,8.90999984741211,89600,0.0,0.0
2023-01-11 00:00:00-05:00,8.920000076293945,9.0600004196167,8.920000076293945,8.989999771118164,85400,0.0,0.0
2023-01-12 00:00:00-05:00,9.020000457763672,9.029999732971191,8.949999809265137,9.010000228881836,42400,0.0,0.0
2023-01-13 00:00:00-05:00,8.9399995803833,9.020000457763672,8.90999984741211,8.9399995803833,35900,0.0,0.0
2023-01-17 00:00:00-05:00,8.970000267028809,9.029999732971191,8.930000305175781,8.9399995803833,62700,0.0,0.0
2023-01-18 00:00:00-05:00,8.930000305175781,9.09000015258789,8.8100004196167,8.8100004196167,62000,0.0,0.0
2023-01-19 00:00:00-05:00,8.800000190734863,8.859999656677246,8.739999771118164,8.770000457763672,32800,0.0,0.0
2023-01-20 00:00:00-05:00,8.789999961853027,8.90999984741211,8.789999961853027,8.880000114440918,64100,0.0,0.0
2023-01-23 00:00:00-05:00,8.880000114440918,9.010000228881836,8.880000114440918,9.0,52900,0.0,0.0
2023-01-24 00:00:00-05:00,9.029999732971191,9.0600004196167,8.9399995803833,9.010000228881836,79600,0.0,0.0
2023-01-25 00:00:00-05:00,8.960000038146973,9.029999732971191,8.920000076293945,8.920000076293945,34300,0.0,0.0
2023-01-26 00:00:00-05:00,8.930000305175781,9.010000228881836,8.850000381469727,8.9399995803833,76100,0.0,0.0
2023-01-27 00:00:00-05:00,8.899999618530273,9.050000190734863,8.899999618530273,9.029999732971191,65500,0.0,0.0
2023-01-30 00:00:00-05:00,8.979999542236328,9.029999732971191,8.960000038146973,9.020000457763672,33200,0.0,0.0
2023-01-31 00:00:00-05:00,9.020000457763672,9.119999885559082,9.020000457763672,9.119999885559082,17200,0.0,0.0
2023-02-01 00:00:00-05:00,9.100000381469727,9.199999809265137,9.020000457763672,9.119999885559082,43900,0.0,0.0
2023-02-02 00:00:00-05:00,9.119999885559082,9.170000076293945,9.109999656677246,9.149999618530273,34700,0.0,0.0
2023-02-03 00:00:00-05:00,9.09000015258789,9.149999618530273,8.979999542236328,9.010000228881836,51600,0.0,0.0
2023-02-06 00:00:00-05:00,9.0,9.020000457763672,8.920000076293945,8.920000076293945,30100,0.0,0.0
2023-02-07 00:00:00-05:00,8.869999885559082,9.010000228881836,8.869999885559082,8.979999542236328,27600,0.0,0.0
2023-02-08 00:00:00-05:00,8.930000305175781,9.0,8.920000076293945,8.970000267028809,26200,0.0,0.0
2023-02-09 00:00:00-05:00,8.970000267028809,9.020000457763672,8.930000305175781,8.979999542236328,37200,0.0,0.0
2023-02-10 00:00:00-05:00,8.920000076293945,8.979999542236328,8.90999984741211,8.9399995803833,39600,0.0,0.0
2023-02-13 00:00:00-05:00,9.0,9.300000190734863,8.960000038146973,9.220000267028809,122100,0.0,0.0
2023-02-14 00:00:00-05:00,9.170000076293945,9.229999542236328,9.100000381469727,9.109999656677246,37800,0.0,0.0
2023-02-15 00:00:00-05:00,9.100000381469727,9.1899995803833,9.050000190734863,9.100000381469727,29800,0.0,0.0
2023-02-16 00:00:00-05:00,9.020000457763672,9.140000343322754,9.020000457763672,9.039999961853027,21200,0.0,0.0
2023-02-17 00:00:00-05:00,9.020000457763672,9.119999885559082,9.0,9.050000190734863,24800,0.0,0.0
2023-02-21 00:00:00-05:00,8.960000038146973,9.09000015258789,8.960000038146973,8.989999771118164,41700,0.0,0.0
2023-02-22 00:00:00-05:00,8.989999771118164,9.15999984741211,8.989999771118164,9.050000190734863,31400,0.0,0.0
2023-02-23 00:00:00-05:00,9.079999923706055,9.130000114440918,9.0,9.039999961853027,25700,0.0,0.0
2023-02-24 00:00:00-05:00,8.960000038146973,9.020000457763672,8.850000381469727,8.899999618530273,92800,0.0,0.0
2023-02-27 00:00:00-05:00,8.90999984741211,9.050000190734863,8.90999984741211,8.920000076293945,59500,0.0,0.0
2023-02-28 00:00:00-05:00,8.880000114440918,8.960000038146973,8.850000381469727,8.880000114440918,67300,0.0,0.0
2023-03-01 00:00:00-05:00,8.850000381469727,8.920000076293945,8.829999923706055,8.84000015258789,42100,0.0,0.0
2023-03-02 00:00:00-05:00,8.8100004196167,8.880000114440918,8.789999961853027,8.850000381469727,38300,0.0,0.0
2023-03-03 00:00:00-05:00,8.850000381469727,8.930000305175781,8.850000381469727,8.899999618530273,55300,0.0,0.0
2023-03-06 00:00:00-05:00,8.869999885559082,8.949999809265137,8.84000015258789,8.850000381469727,37400,0.0,0.0
2023-03-07 00:00:00-05:00,8.84000015258789,8.869999885559082,8.739999771118164,8.739999771118164,39800,0.0,0.0
2023-03-08 00:00:00-05:00,8.729999542236328,8.800000190734863,8.729999542236328,8.75,39500,0.0,0.0
2023-03-09 00:00:00-05:00,8.739999771118164,8.8100004196167,8.609999656677246,8.609999656677246,42900,0.0,0.0
2023-03-10 00:00:00-05:00,8.579999923706055,8.670000076293945,8.579999923706055,8.609999656677246,111200,0.0,0.0
2023-03-13 00:00:00-04:00,8.529999732971191,8.630000114440918,8.40999984741211,8.5,64900,0.0,0.0
2023-03-14 00:00:00-04:00,8.5,8.600000381469727,8.489999771118164,8.510000228881836,46000,0.0,0.0
2023-03-15 00:00:00-04:00,8.369999885559082,8.399999618530273,8.319999694824219,8.359999656677246,23800,0.0,0.0
2023-03-16 00:00:00-04:00,8.350000381469727,8.520000457763672,8.350000381469727,8.510000228881836,28400,0.0,0.0
2023-03-17 00:00:00-04:00,8.430000305175781,8.449999809265137,8.329999923706055,8.350000381469727,46500,0.0,0.0
2023-03-20 00:00:00-04:00,8.319999694824219,8.460000038146973,8.319999694824219,8.399999618530273,49300,0.0,0.0
2023-03-21 00:00:00-04:00,8.5,8.520000457763672,8.479999542236328,8.510000228881836,18900,0.0,0.0
2023-03-22 00:00:00-04:00,8.510000228881836,8.5600004196167,8.420000076293945,8.420000076293945,27300,0.0,0.0
2023-03-23 00:00:00-04:00,8.399999618530273,8.510000228881836,8.369999885559082,8.369999885559082,25500,0.0,0.0
2023-03-24 00:00:00-04:00,8.329999923706055,8.390000343322754,8.3100004196167,8.350000381469727,48400,0.0,0.0
2023-03-27 00:00:00-04:00,8.359999656677246,8.4399995803833,8.359999656677246,8.430000305175781,87400,0.0,0.0
2023-03-28 00:00:00-04:00,8.390000343322754,8.430000305175781,8.369999885559082,8.420000076293945,57500,0.0,0.0
2023-03-29 00:00:00-04:00,8.4399995803833,8.489999771118164,8.430000305175781,8.430000305175781,78900,0.0,0.0
2023-03-30 00:00:00-04:00,8.470000267028809,8.510000228881836,8.449999809265137,8.489999771118164,65700,0.0,0.0
2023-03-31 00:00:00-04:00,8.489999771118164,8.579999923706055,8.489999771118164,8.539999961853027,128300,0.0,0.0
2023-04-03 00:00:00-04:00,8.319999694824219,8.390000343322754,8.300000190734863,8.369999885559082,67000,0.0,0.0
2023-04-04 00:00:00-04:00,8.350000381469727,8.390000343322754,8.3100004196167,8.329999923706055,108600,0.0,0.0
2023-04-05 00:00:00-04:00,8.289999961853027,8.390000343322754,8.289999961853027,8.300000190734863,84600,0.0,0.0
2023-04-06 00:00:00-04:00,8.25,8.359999656677246,8.25,8.350000381469727,20600,0.0,0.0
2023-04-10 00:00:00-04:00,8.329999923706055,8.4399995803833,8.319999694824219,8.4399995803833,42100,0.0,0.0
2023-04-11 00:00:00-04:00,8.460000038146973,8.550000190734863,8.460000038146973,8.460000038146973,78900,0.0,0.0
2023-04-12 00:00:00-04:00,8.479999542236328,8.529999732971191,8.470000267028809,8.479999542236328,39300,0.0,0.0
2023-04-13 00:00:00-04:00,8.479999542236328,8.510000228881836,8.460000038146973,8.489999771118164,67700,0.0,0.0
2023-04-14 00:00:00-04:00,8.489999771118164,8.520000457763672,8.449999809265137,8.479999542236328,131100,0.0,0.0
2023-04-17 00:00:00-04:00,8.460000038146973,8.569999694824219,8.449999809265137,8.529999732971191,69300,0.0,0.0
2023-04-18 00:00:00-04:00,8.510000228881836,8.550000190734863,8.489999771118164,8.510000228881836,55300,0.0,0.0
2023-04-19 00:00:00-04:00,8.40999984741211,8.520000457763672,8.40999984741211,8.479999542236328,22200,0.0,0.0
2023-04-20 00:00:00-04:00,8.40999984741211,8.520000457763672,8.40999984741211,8.40999984741211,43200,0.0,0.0
2023-04-21 00:00:00-04:00,8.430000305175781,8.470000267028809,8.380000114440918,8.40999984741211,45400,0.0,0.0
2023-04-24 00:00:00-04:00,8.380000114440918,8.479999542236328,8.380000114440918,8.40999984741211,36200,0.0,0.0
2023-04-25 00:00:00-04:00,8.350000381469727,8.420000076293945,8.350000381469727,8.350000381469727,27400,0.0,0.0
2023-04-26 00:00:00-04:00,8.329999923706055,8.399999618530273,8.329999923706055,8.369999885559082,22400,0.0,0.0
2023-04-27 00:00:00-04:00,8.369999885559082,8.460000038146973,8.369999885559082,8.430000305175781,35600,0.0,0.0
2023-04-28 00:00:00-04:00,8.430000305175781,8.489999771118164,8.430000305175781,8.479999542236328,17600,0.0,0.0
2023-05-01 00:00:00-04:00,8.5,8.510000228881836,8.420000076293945,8.470000267028809,26300,0.0,0.0
2023-05-02 00:00:00-04:00,8.479999542236328,8.479999542236328,8.350000381469727,8.380000114440918,17700,0.0,0.0
2023-05-03 00:00:00-04:00,8.359999656677246,8.420000076293945,8.359999656677246,8.390000343322754,36600,0.0,0.0
2023-05-04 00:00:00-04:00,8.34000015258789,8.350000381469727,8.289999961853027,8.289999961853027,34100,0.0,0.0
2023-05-05 00:00:00-04:00,8.300000190734863,8.449999809265137,8.300000190734863,8.430000305175781,59200,0.0,0.0
2023-05-08 00:00:00-04:00,8.4399995803833,8.4399995803833,8.359999656677246,8.369999885559082,44800,0.0,0.0
2023-05-09 00:00:00-04:00,8.34000015258789,8.359999656677246,8.319999694824219,8.350000381469727,88900,0.0,0.0
2023-05-10 00:00:00-04:00,8.380000114440918,8.420000076293945,8.329999923706055,8.350000381469727,60800,0.0,0.0
2023-05-11 00:00:00-04:00,8.3100004196167,8.380000114440918,8.300000190734863,8.329999923706055,61400,0.0,0.0
2023-05-12 00:00:00-04:00,8.319999694824219,8.359999656677246,8.300000190734863,8.3100004196167,30800,0.0,0.0
2023-05-15 00:00:00-04:00,8.329999923706055,8.390000343322754,8.319999694824219,8.369999885559082,36300,0.0,0.0
2023-05-16 00:00:00-04:00,8.380000114440918,8.380000114440918,8.329999923706055,8.329999923706055,24700,0.0,0.0
2023-05-17 00:00:00-04:00,8.329999923706055,8.359999656677246,8.300000190734863,8.319999694824219,35200,0.0,0.0
2023-05-18 00:00:00-04:00,8.319999694824219,8.369999885559082,8.319999694824219,8.359999656677246,40700,0.0,0.0
2023-05-19 00:00:00-04:00,8.350000381469727,8.399999618530273,8.350000381469727,8.350000381469727,31600,0.0,0.0
2023-05-22 00:00:00-04:00,8.350000381469727,8.460000038146973,8.319999694824219,8.319999694824219,56000,0.0,0.0
2023-05-23 00:00:00-04:00,8.300000190734863,8.369999885559082,8.300000190734863,8.3100004196167,34700,0.0,0.0
2023-05-24 00:00:00-04:00,8.239999771118164,8.289999961853027,8.229999542236328,8.239999771118164,45500,0.0,0.0
2023-05-25 00:00:00-04:00,8.239999771118164,8.289999961853027,8.180000305175781,8.180000305175781,56800,0.0,0.0
2023-05-26 00:00:00-04:00,8.180000305175781,8.210000038146973,8.15999984741211,8.180000305175781,58700,0.0,0.0
2023-05-30 00:00:00-04:00,8.180000305175781,8.260000228881836,8.130000114440918,8.130000114440918,57300,0.0,0.0
2023-05-31 00:00:00-04:00,8.100000381469727,8.140000343322754,8.069999694824219,8.119999885559082,56000,0.0,0.0
2023-06-01 00:00:00-04:00,8.100000381469727,8.15999984741211,8.100000381469727,8.130000114440918,61800,0.0,0.0
2023-06-02 00:00:00-04:00,8.180000305175781,8.229999542236328,8.140000343322754,8.199999809265137,56400,0.0,0.0
2023-06-05 00:00:00-04:00,8.210000038146973,8.239999771118164,8.199999809265137,8.229999542236328,33200,0.0,0.0
2023-06-06 00:00:00-04:00,8.1899995803833,8.25,8.180000305175781,8.229999542236328,87100,0.0,0.0
2023-06-07 00:00:00-04:00,8.220000267028809,8.270000457763672,8.210000038146973,8.270000457763672,43600,0.0,0.0
2023-06-08 00:00:00-04:00,8.260000228881836,8.329999923706055,8.260000228881836,8.319999694824219,27600,0.0,0.0
2023-06-09 00:00:00-04:00,8.289999961853027,8.350000381469727,8.289999961853027,8.34000015258789,21400,0.0,0.0
2023-06-12 00:00:00-04:00,8.34000015258789,8.359999656677246,8.300000190734863,8.34000015258789,42500,0.0,0.0
2023-06-13 00:00:00-04:00,8.34000015258789,8.420000076293945,8.34000015258789,8.369999885559082,27900,0.0,0.0
2023-06-14 00:00:00-04:00,8.380000114440918,8.420000076293945,8.359999656677246,8.380000114440918,57100,0.0,0.0
2023-06-15 00:00:00-04:00,8.350000381469727,8.4399995803833,8.34000015258789,8.40999984741211,28200,0.0,0.0
2023-06-16 00:00:00-04:00,8.430000305175781,8.470000267028809,8.380000114440918,8.380000114440918,28300,0.0,0.0
2023-06-20 00:00:00-04:00,8.359999656677246,8.380000114440918,8.329999923706055,8.350000381469727,27900,0.0,0.0
2023-06-21 00:00:00-04:00,8.3100004196167,8.40999984741211,8.3100004196167,8.369999885559082,45400,0.0,0.0
2023-06-22 00:00:00-04:00,8.359999656677246,8.40999984741211,8.319999694824219,8.359999656677246,23500,0.0,0.0
2023-06-23 00:00:00-04:00,8.34000015258789,8.369999885559082,8.3100004196167,8.329999923706055,39800,0.0,0.0
2023-06-26 00:00:00-04:00,8.289999961853027,8.399999618530273,8.289999961853027,8.3100004196167,40400,0.0,0.0
2023-06-27 00:00:00-04:00,8.3100004196167,8.420000076293945,8.3100004196167,8.390000343322754,48200,0.0,0.0
2023-06-28 00:00:00-04:00,8.390000343322754,8.420000076293945,8.380000114440918,8.390000343322754,49700,0.0,0.0
2023-06-29 00:00:00-04:00,8.359999656677246,8.449999809265137,8.359999656677246,8.40999984741211,68000,0.0,0.0
2023-06-30 00:00:00-04:00,8.430000305175781,8.539999961853027,8.430000305175781,8.539999961853027,90100,0.0,0.0
2023-07-03 00:00:00-04:00,8.300000190734863,8.369999885559082,8.300000190734863,8.329999923706055,41400,0.0,0.0
2023-07-05 00:00:00-04:00,8.3100004196167,8.319999694824219,8.270000457763672,8.300000190734863,39800,0.0,0.0
2023-07-06 00:00:00-04:00,8.239999771118164,8.270000457763672,8.220000267028809,8.260000228881836,50700,0.0,0.0
2023-07-07 00:00:00-04:00,8.239999771118164,8.359999656677246,8.239999771118164,8.3100004196167,38500,0.0,0.0
2023-07-10 00:00:00-04:00,8.3100004196167,8.369999885559082,8.270000457763672,8.34000015258789,52000,0.0,0.0
2023-07-11 00:00:00-04:00,8.34000015258789,8.390000343322754,8.319999694824219,8.380000114440918,25700,0.0,0.0
2023-07-12 00:00:00-04:00,8.399999618530273,8.479999542236328,8.390000343322754,8.430000305175781,39800,0.0,0.0
2023-07-13 00:00:00-04:00,8.4399995803833,8.489999771118164,8.430000305175781,8.470000267028809,18600,0.0,0.0
2023-07-14 00:00:00-04:00,8.460000038146973,8.5,8.390000343322754,8.399999618530273,43900,0.0,0.0
2023-07-17 00:00:00-04:00,8.420000076293945,8.479999542236328,8.390000343322754,8.420000076293945,84700,0.0,0.0
2023-07-18 00:00:00-04:00,8.40999984741211,8.479999542236328,8.380000114440918,8.420000076293945,38900,0.0,0.0
2023-07-19 00:00:00-04:00,8.430000305175781,8.489999771118164,8.420000076293945,8.430000305175781,26600,0.0,0.0
2023-07-20 00:00:00-04:00,8.4399995803833,8.479999542236328,8.430000305175781,8.4399995803833,28300,0.0,0.0
2023-07-21 00:00:00-04:00,8.4399995803833,8.489999771118164,8.430000305175781,8.470000267028809,17200,0.0,0.0
2023-07-24 00:00:00-04:00,8.5,8.529999732971191,8.470000267028809,8.510000228881836,51400,0.0,0.0
2023-07-25 00:00:00-04:00,8.479999542236328,8.550000190734863,8.479999542236328,8.510000228881836,47500,0.0,0.0
2023-07-26 00:00:00-04:00,8.5,8.520000457763672,8.449999809265137,8.449999809265137,38600,0.0,0.0
2023-07-27 00:00:00-04:00,8.460000038146973,8.489999771118164,8.380000114440918,8.380000114440918,56300,0.0,0.0
2023-07-28 00:00:00-04:00,8.430000305175781,8.470000267028809,8.430000305175781,8.470000267028809,64700,0.0,0.0
2023-07-31 00:00:00-04:00,8.449999809265137,8.5,8.449999809265137,8.460000038146973,50900,0.0,0.0
2023-08-01 00:00:00-04:00,8.460000038146973,8.5,8.430000305175781,8.449999809265137,42000,0.0,0.0
2023-08-02 00:00:00-04:00,8.40999984741211,8.449999809265137,8.380000114440918,8.390000343322754,60500,0.0,0.0
2023-08-03 00:00:00-04:00,8.390000343322754,8.40999984741211,8.359999656677246,8.40999984741211,42600,0.0,0.0
2023-08-04 00:00:00-04:00,8.40999984741211,8.430000305175781,8.34000015258789,8.350000381469727,27100,0.0,0.0
2023-08-07 00:00:00-04:00,8.350000381469727,8.449999809265137,8.34000015258789,8.390000343322754,42200,0.0,0.0
2023-08-08 00:00:00-04:00,8.359999656677246,8.399999618530273,8.319999694824219,8.399999618530273,26200,0.0,0.0
2023-08-09 00:00:00-04:00,8.380000114440918,8.449999809265137,8.380000114440918,8.420000076293945,39300,0.0,0.0
2023-08-10 00:00:00-04:00,8.420000076293945,8.510000228881836,8.420000076293945,8.4399995803833,54400,0.0,0.0
2023-08-11 00:00:00-04:00,8.420000076293945,8.470000267028809,8.390000343322754,8.430000305175781,16400,0.0,0.0
2023-08-14 00:00:00-04:00,8.420000076293945,8.449999809265137,8.420000076293945,8.430000305175781,18500,0.0,0.0
2023-08-15 00:00:00-04:00,8.390000343322754,8.399999618530273,8.359999656677246,8.369999885559082,32100,0.0,0.0
2023-08-16 00:00:00-04:00,8.359999656677246,8.390000343322754,8.34000015258789,8.359999656677246,51300,0.0,0.0
2023-08-17 00:00:00-04:00,8.359999656677246,8.399999618530273,8.319999694824219,8.319999694824219,59800,0.0,0.0
2023-08-18 00:00:00-04:00,8.300000190734863,8.369999885559082,8.300000190734863,8.329999923706055,39500,0.0,0.0
2023-08-21 00:00:00-04:00,8.34000015258789,8.380000114440918,8.329999923706055,8.369999885559082,8300,0.0,0.0
2023-08-22 00:00:00-04:00,8.369999885559082,8.399999618530273,8.350000381469727,8.350000381469727,29100,0.0,0.0
2023-08-23 00:00:00-04:00,8.34000015258789,8.460000038146973,8.34000015258789,8.460000038146973,89100,0.0,0.0
2023-08-24 00:00:00-04:00,8.4399995803833,8.489999771118164,8.380000114440918,8.380000114440918,26300,0.0,0.0
2023-08-25 00:00:00-04:00,8.399999618530273,8.460000038146973,8.380000114440918,8.4399995803833,67700,0.0,0.0
2023-08-28 00:00:00-04:00,8.460000038146973,8.520000457763672,8.460000038146973,8.479999542236328,50900,0.0,0.0
2023-08-29 00:00:00-04:00,8.479999542236328,8.569999694824219,8.399999618530273,8.529999732971191,141300,0.0,0.0
2023-08-30 00:00:00-04:00,8.550000190734863,8.579999923706055,8.5,8.529999732971191,47400,0.0,0.0
2023-08-31 00:00:00-04:00,8.539999961853027,8.569999694824219,8.510000228881836,8.520000457763672,84700,0.0,0.0
2023-09-01 00:00:00-04:00,8.5600004196167,8.5600004196167,8.479999542236328,8.5,20200,0.0,0.0
2023-09-05 00:00:00-04:00,8.489999771118164,8.529999732971191,8.430000305175781,8.430000305175781,53400,0.0,0.0
2023-09-06 00:00:00-04:00,8.369999885559082,8.479999542236328,8.3100004196167,8.3100004196167,73800,0.0,0.0
2023-09-07 00:00:00-04:00,8.300000190734863,8.369999885559082,8.300000190734863,8.300000190734863,57600,0.0,0.0
2023-09-08 00:00:00-04:00,8.300000190734863,8.369999885559082,8.300000190734863,8.319999694824219,64500,0.0,0.0
2023-09-11 00:00:00-04:00,8.350000381469727,8.369999885559082,8.289999961853027,8.3100004196167,69100,0.0,0.0
2023-09-12 00:00:00-04:00,8.260000228881836,8.369999885559082,8.260000228881836,8.289999961853027,78500,0.0,0.0
2023-09-13 00:00:00-04:00,8.3100004196167,8.329999923706055,8.260000228881836,8.289999961853027,60700,0.0,0.0
2023-09-14 00:00:00-04:00,8.289999961853027,8.34000015258789,8.289999961853027,8.289999961853027,52900,0.0,0.0
2023-09-15 00:00:00-04:00,8.289999961853027,8.319999694824219,8.279999732971191,8.3100004196167,50300,0.0,0.0
2023-09-18 00:00:00-04:00,8.279999732971191,8.34000015258789,8.279999732971191,8.3100004196167,56500,0.0,0.0
2023-09-19 00:00:00-04:00,8.329999923706055,8.390000343322754,8.3100004196167,8.390000343322754,41200,0.0,0.0
2023-09-20 00:00:00-04:00,8.399999618530273,8.479999542236328,8.399999618530273,8.430000305175781,67500,0.0,0.0
2023-09-21 00:00:00-04:00,8.420000076293945,8.430000305175781,8.390000343322754,8.399999618530273,63200,0.0,0.0
2023-09-22 00:00:00-04:00,8.4399995803833,8.460000038146973,8.399999618530273,8.4399995803833,45500,0.0,0.0
2023-09-25 00:00:00-04:00,8.420000076293945,8.470000267028809,8.40999984741211,8.430000305175781,77100,0.0,0.0
2023-09-26 00:00:00-04:00,8.40999984741211,8.4399995803833,8.350000381469727,8.359999656677246,39600,0.0,0.0
2023-09-27 00:00:00-04:00,8.359999656677246,8.380000114440918,8.300000190734863,8.3100004196167,45900,0.0,0.0
2023-09-28 00:00:00-04:00,8.270000457763672,8.390000343322754,8.270000457763672,8.350000381469727,48000,0.0,0.0
2023-09-29 00:00:00-04:00,8.380000114440918,8.40999984741211,8.300000190734863,8.300000190734863,90800,0.0,0.0
2023-10-02 00:00:00-04:00,8.100000381469727,8.119999885559082,8.020000457763672,8.020000457763672,58600,0.0,0.0
2023-10-03 00:00:00-04:00,7.949999809265137,8.039999961853027,7.940000057220459,7.940000057220459,59000,0.0,0.0
2023-10-04 00:00:00-04:00,7.909999847412109,7.949999809265137,7.860000133514404,7.920000076293945,67100,0.0,0.0
2023-10-05 00:00:00-04:00,7.900000095367432,7.920000076293945,7.829999923706055,7.900000095367432,75400,0.0,0.0
2023-10-06 00:00:00-04:00,7.920000076293945,7.980000019073486,7.849999904632568,7.96999979019165,13900,0.0,0.0
2023-10-09 00:00:00-04:00,7.929999828338623,8.0600004196167,7.929999828338623,8.0,44800,0.0,0.0
2023-10-10 00:00:00-04:00,8.029999732971191,8.149999618530273,8.029999732971191,8.0600004196167,27000,0.0,0.0
2023-10-11 00:00:00-04:00,8.079999923706055,8.100000381469727,8.050000190734863,8.100000381469727,32000,0.0,0.0
2023-10-12 00:00:00-04:00,8.09000015258789,8.119999885559082,8.050000190734863,8.0600004196167,31000,0.0,0.0
2023-10-13 00:00:00-04:00,8.100000381469727,8.15999984741211,8.050000190734863,8.069999694824219,28500,0.0,0.0
2023-10-16 00:00:00-04:00,8.109999656677246,8.180000305175781,8.109999656677246,8.140000343322754,60400,0.0,0.0
2023-10-17 00:00:00-04:00,8.119999885559082,8.170000076293945,8.079999923706055,8.140000343322754,50300,0.0,0.0
2023-10-18 00:00:00-04:00,8.130000114440918,8.170000076293945,8.039999961853027,8.039999961853027,37100,0.0,0.0
2023-10-19 00:00:00-04:00,8.050000190734863,8.069999694824219,7.989999771118164,8.0,29700,0.0,0.0
2023-10-20 00:00:00-04:00,7.989999771118164,8.0,7.909999847412109,7.909999847412109,47100,0.0,0.0
2023-10-23 00:00:00-04:00,7.900000095367432,7.920000076293945,7.849999904632568,7.849999904632568,49700,0.0,0.0
2023-10-24 00:00:00-04:00,7.880000114440918,7.96999979019165,7.860000133514404,7.920000076293945,48400,0.0,0.0
2023-10-25 00:00:00-04:00,7.920000076293945,7.960000038146973,7.769999980926514,7.769999980926514,66600,0.0,0.0
2023-10-26 00:00:00-04:00,7.789999961853027,7.849999904632568,7.789999961853027,7.809999942779541,54500,0.0,0.0
2023-10-27 00:00:00-04:00,7.860000133514404,7.860000133514404,7.78000020980835,7.789999961853027,35700,0.0,0.0
2023-10-30 00:00:00-04:00,7.809999942779541,7.909999847412109,7.789999961853027,7.889999866485596,75300,0.0,0.0
2023-10-31 00:00:00-04:00,7.920000076293945,7.960000038146973,7.889999866485596,7.920000076293945,21400,0.0,0.0
2023-11-01 00:00:00-04:00,7.960000038146973,8.079999923706055,7.960000038146973,8.039999961853027,85700,0.0,0.0
2023-11-02 00:00:00-04:00,8.100000381469727,8.220000267028809,8.100000381469727,8.210000038146973,55300,0.0,0.0
2023-11-03 00:00:00-04:00,8.229999542236328,8.25,8.15999984741211,8.15999984741211,72600,0.0,0.0
2023-11-06 00:00:00-05:00,8.180000305175781,8.199999809265137,8.140000343322754,8.149999618530273,76400,0.0,0.0
2023-11-07 00:00:00-05:00,8.149999618530273,8.1899995803833,8.109999656677246,8.1899995803833,176600,0.0,0.0
2023-11-08 00:00:00-05:00,8.15999984741211,8.1899995803833,8.079999923706055,8.079999923706055,53500,0.0,0.0
2023-11-09 00:00:00-05:00,8.130000114440918,8.130000114440918,8.0,8.020000457763672,150000,0.0,0.0
2023-11-10 00:00:00-05:00,8.069999694824219,8.140000343322754,8.0600004196167,8.140000343322754,36100,0.0,0.0
2023-11-13 00:00:00-05:00,8.140000343322754,8.1899995803833,8.140000343322754,8.180000305175781,58200,0.0,0.0
2023-11-14 00:00:00-05:00,8.239999771118164,8.390000343322754,8.239999771118164,8.34000015258789,128000,0.0,0.0
2023-11-15 00:00:00-05:00,8.270000457763672,8.380000114440918,8.270000457763672,8.329999923706055,74200,0.0,0.0
2023-11-16 00:00:00-05:00,8.329999923706055,8.329999923706055,8.239999771118164,8.289999961853027,56300,0.0,0.0
2023-11-17 00:00:00-05:00,8.319999694824219,8.329999923706055,8.289999961853027,8.300000190734863,46100,0.0,0.0
2023-11-20 00:00:00-05:00,8.300000190734863,8.359999656677246,8.300000190734863,8.350000381469727,28300,0.0,0.0
2023-11-21 00:00:00-05:00,8.350000381469727,8.390000343322754,8.329999923706055,8.34000015258789,32100,0.0,0.0
2023-11-22 00:00:00-05:00,8.390000343322754,8.430000305175781,8.390000343322754,8.40999984741211,48200,0.0,0.0
2023-11-24 00:00:00-05:00,8.449999809265137,8.460000038146973,8.40999984741211,8.460000038146973,27000,0.0,0.0
2023-11-27 00:00:00-05:00,8.460000038146973,8.5,8.4399995803833,8.479999542236328,78300,0.0,0.0
2023-11-28 00:00:00-05:00,8.5,8.5,8.4399995803833,8.449999809265137,51500,0.0,0.0
2023-11-29 00:00:00-05:00,8.479999542236328,8.529999732971191,8.40999984741211,8.40999984741211,79500,0.0,0.0
2023-11-30 00:00:00-05:00,8.4399995803833,8.460000038146973,8.399999618530273,8.430000305175781,49400,0.0,0.0
2023-12-01 00:00:00-05:00,8.390000343322754,8.489999771118164,8.390000343322754,8.470000267028809,38600,0.0,0.0
2023-12-04 00:00:00-05:00,8.449999809265137,8.489999771118164,8.430000305175781,8.460000038146973,46800,0.0,0.0
2023-12-05 00:00:00-05:00,8.460000038146973,8.470000267028809,8.420000076293945,8.4399995803833,64800,0.0,0.0
2023-12-06 00:00:00-05:00,8.460000038146973,8.569999694824219,8.460000038146973,8.539999961853027,140900,0.0,0.0
2023-12-07 00:00:00-05:00,8.579999923706055,8.579999923706055,8.489999771118164,8.520000457763672,82500,0.0,0.0
2023-12-08 00:00:00-05:00,8.520000457763672,8.59000015258789,8.470000267028809,8.569999694824219,39400,0.0,0.0
2023-12-11 00:00:00-05:00,8.600000381469727,8.600000381469727,8.5600004196167,8.569999694824219,30400,0.0,0.0
2023-12-12 00:00:00-05:00,8.569999694824219,8.649999618530273,8.569999694824219,8.640000343322754,37200,0.0,0.0
2023-12-13 00:00:00-05:00,8.670000076293945,8.739999771118164,8.630000114440918,8.729999542236328,74700,0.0,0.0
2023-12-14 00:00:00-05:00,8.760000228881836,8.819999694824219,8.760000228881836,8.779999732971191,47400,0.0,0.0
2023-12-15 00:00:00-05:00,8.800000190734863,8.819999694824219,8.770000457763672,8.770000457763672,24500,0.0,0.0
2023-12-18 00:00:00-05:00,8.819999694824219,8.850000381469727,8.65999984741211,8.680000305175781,49300,0.0,0.0
2023-12-19 00:00:00-05:00,8.720000267028809,8.789999961853027,8.6899995803833,8.699999809265137,47200,0.0,0.0
2023-12-20 00:00:00-05:00,8.649999618530273,8.720000267028809,8.5600004196167,8.5600004196167,58600,0.0,0.0
2023-12-21 00:00:00-05:00,8.640000343322754,8.65999984741211,8.579999923706055,8.600000381469727,42300,0.0,0.0
2023-12-22 00:00:00-05:00,8.600000381469727,8.640000343322754,8.579999923706055,8.609999656677246,45300,0.0,0.0
2023-12-26 00:00:00-05:00,8.640000343322754,8.649999618530273,8.619999885559082,8.640000343322754,38300,0.0,0.0
2023-12-27 00:00:00-05:00,8.649999618530273,8.670000076293945,8.609999656677246,8.649999618530273,46300,0.0,0.0
2023-12-28 00:00:00-05:00,8.489999771118164,8.489999771118164,8.430000305175781,8.4399995803833,60400,0.0,0.0
2023-12-29 00:00:00-05:00,8.470000267028809,8.670000076293945,8.470000267028809,8.520000457763672,46400,0.0,0.0
2024-01-02 00:00:00-05:00,8.529999732971191,8.529999732971191,8.470000267028809,8.510000228881836,37600,0.0,0.0
2024-01-03 00:00:00-05:00,8.4399995803833,8.510000228881836,8.40999984741211,8.4399995803833,31700,0.0,0.0
2024-01-04 00:00:00-05:00,8.40999984741211,8.449999809265137,8.390000343322754,8.430000305175781,41200,0.0,0.0
2024-01-05 00:00:00-05:00,8.460000038146973,8.5600004196167,8.449999809265137,8.449999809265137,45600,0.0,0.0
2024-01-08 00:00:00-05:00,8.529999732971191,8.539999961853027,8.449999809265137,8.520000457763672,56900,0.0,0.0
2024-01-09 00:00:00-05:00,8.550000190734863,8.699999809265137,8.5,8.529999732971191,33900,0.0,0.0
2024-01-10 00:00:00-05:00,8.59000015258789,8.699999809265137,8.5600004196167,8.640000343322754,18500,0.0,0.0
2024-01-11 00:00:00-05:00,8.6899995803833,8.6899995803833,8.569999694824219,8.59000015258789,46100,0.0,0.0
2024-01-12 00:00:00-05:00,8.600000381469727,8.6899995803833,8.600000381469727,8.649999618530273,30700,0.0,0.0
2024-01-16 00:00:00-05:00,8.680000305175781,8.779999732971191,8.619999885559082,8.619999885559082,56100,0.0,0.0
2024-01-17 00:00:00-05:00,8.600000381469727,8.779999732971191,8.600000381469727,8.680000305175781,48500,0.0,0.0
2024-01-18 00:00:00-05:00,8.739999771118164,8.739999771118164,8.600000381469727,8.670000076293945,24100,0.0,0.0
2024-01-19 00:00:00-05:00,8.670000076293945,8.699999809265137,8.640000343322754,8.65999984741211,18000,0.0,0.0
2024-01-22 00:00:00-05:00,8.710000038146973,8.710000038146973,8.579999923706055,8.59000015258789,65700,0.0,0.0
2024-01-23 00:00:00-05:00,8.630000114440918,8.630000114440918,8.539999961853027,8.579999923706055,56800,0.0,0.0
2024-01-24 00:00:00-05:00,8.65999984741211,8.65999984741211,8.550000190734863,8.550000190734863,81100,0.0,0.0
2024-01-25 00:00:00-05:00,8.550000190734863,8.600000381469727,8.539999961853027,8.5600004196167,44200,0.0,0.0
2024-01-26 00:00:00-05:00,8.5600004196167,8.59000015258789,8.539999961853027,8.550000190734863,41400,0.0,0.0
2024-01-29 00:00:00-05:00,8.569999694824219,8.640000343322754,8.5600004196167,8.59000015258789,29100,0.0,0.0
2024-01-30 00:00:00-05:00,8.600000381469727,8.65999984741211,8.59000015258789,8.619999885559082,12700,0.0,0.0
2024-01-31 00:00:00-05:00,8.640000343322754,8.640000343322754,8.520000457763672,8.539999961853027,44500,0.0,0.0
2024-02-01 00:00:00-05:00,8.550000190734863,8.630000114440918,8.550000190734863,8.619999885559082,37800,0.0,0.0
2024-02-02 00:00:00-05:00,8.59000015258789,8.619999885559082,8.539999961853027,8.569999694824219,28700,0.0,0.0
2024-02-05 00:00:00-05:00,8.5600004196167,8.5600004196167,8.489999771118164,8.529999732971191,33800,0.0,0.0
2024-02-06 00:00:00-05:00,8.569999694824219,8.59000015258789,8.5600004196167,8.579999923706055,26400,0.0,0.0
2024-02-07 00:00:00-05:00,8.619999885559082,8.630000114440918,8.569999694824219,8.609999656677246,27900,0.0,0.0
2024-02-08 00:00:00-05:00,8.619999885559082,8.619999885559082,8.550000190734863,8.569999694824219,23600,0.0,0.0
2024-02-09 00:00:00-05:00,8.600000381469727,8.600000381469727,8.5600004196167,8.569999694824219,23500,0.0,0.0
2024-02-12 00:00:00-05:00,8.59000015258789,8.649999618530273,8.59000015258789,8.640000343322754,21100,0.0,0.0
2024-02-13 00:00:00-05:00,8.59000015258789,8.600000381469727,8.510000228881836,8.529999732971191,21800,0.0,0.0
2024-02-14 00:00:00-05:00,8.539999961853027,8.59000015258789,8.520000457763672,8.529999732971191,42300,0.0,0.0
2024-02-15 00:00:00-05:00,8.510000228881836,8.600000381469727,8.510000228881836,8.5600004196167,19300,0.0,0.0
2024-02-16 00:00:00-05:00,8.550000190734863,8.579999923706055,8.550000190734863,8.5600004196167,13800,0.0,0.0
2024-02-20 00:00:00-05:00,8.539999961853027,8.59000015258789,8.539999961853027,8.569999694824219,17600,0.0,0.0
2024-02-21 00:00:00-05:00,8.569999694824219,8.569999694824219,8.550000190734863,8.569999694824219,38500,0.0,0.0
2024-02-22 00:00:00-05:00,8.600000381469727,8.649999618530273,8.59000015258789,8.630000114440918,32100,0.0,0.0
2024-02-23 00:00:00-05:00,8.649999618530273,8.65999984741211,8.59000015258789,8.630000114440918,62900,0.0,0.0
2024-02-26 00:00:00-05:00,8.649999618530273,8.649999618530273,8.5600004196167,8.5600004196167,28900,0.0,0.0
2024-02-27 00:00:00-05:00,8.579999923706055,8.619999885559082,8.569999694824219,8.569999694824219,17300,0.0,0.0
2024-02-28 00:00:00-05:00,8.569999694824219,8.600000381469727,8.550000190734863,8.550000190734863,19500,0.0,0.0
2024-02-29 00:00:00-05:00,8.5600004196167,8.619999885559082,8.5600004196167,8.569999694824219,18300,0.0,0.0
2024-03-01 00:00:00-05:00,8.59000015258789,8.640000343322754,8.579999923706055,8.630000114440918,88900,0.0,0.0
2024-03-04 00:00:00-05:00,8.640000343322754,8.670000076293945,8.569999694824219,8.569999694824219,96900,0.0,0.0
2024-03-05 00:00:00-05:00,8.5600004196167,8.59000015258789,8.5600004196167,8.579999923706055,28400,0.0,0.0
2024-03-06 00:00:00-05:00,8.59000015258789,8.65999984741211,8.59000015258789,8.640000343322754,145900,0.0,0.0
2024-03-07 00:00:00-05:00,8.6899995803833,8.6899995803833,8.609999656677246,8.649999618530273,164100,0.0,0.0
2024-03-08 00:00:00-05:00,8.649999618530273,8.710000038146973,8.649999618530273,8.65999984741211,43400,0.0,0.0
2024-03-11 00:00:00-04:00,8.670000076293945,8.680000305175781,8.630000114440918,8.65999984741211,73600,0.0,0.0
2024-03-12 00:00:00-04:00,8.6899995803833,8.770000457763672,8.670000076293945,8.760000228881836,88600,0.0,0.0
2024-03-13 00:00:00-04:00,8.739999771118164,8.789999961853027,8.739999771118164,8.779999732971191,24000,0.0,0.0
2024-03-14 00:00:00-04:00,8.84000015258789,8.84000015258789,8.699999809265137,8.710000038146973,35400,0.0,0.0
2024-03-15 00:00:00-04:00,8.720000267028809,8.779999732971191,8.720000267028809,8.729999542236328,26700,0.0,0.0
2024-03-18 00:00:00-04:00,8.779999732971191,8.779999732971191,8.710000038146973,8.720000267028809,28100,0.0,0.0
2024-03-19 00:00:00-04:00,8.729999542236328,8.75,8.710000038146973,8.739999771118164,28800,0.0,0.0
2024-03-20 00:00:00-04:00,8.770000457763672,8.800000190734863,8.739999771118164,8.789999961853027,45400,0.0,0.0
2024-03-21 00:00:00-04:00,8.789999961853027,8.869999885559082,8.789999961853027,8.859999656677246,29200,0.0,0.0
2024-03-22 00:00:00-04:00,8.880000114440918,8.880000114440918,8.819999694824219,8.829999923706055,20500,0.0,0.0
2024-03-25 00:00:00-04:00,8.850000381469727,8.869999885559082,8.8100004196167,8.819999694824219,30000,0.0,0.0
2024-03-26 00:00:00-04:00,8.819999694824219,8.949999809265137,8.819999694824219,8.869999885559082,43600,0.0,0.0
2024-03-27 00:00:00-04:00,8.890000343322754,8.970000267028809,8.890000343322754,8.960000038146973,45300,0.0,0.0
2024-03-28 00:00:00-04:00,8.989999771118164,9.050000190734863,8.989999771118164,9.039999961853027,79800,0.0,0.0
2024-04-01 00:00:00-04:00,8.869999885559082,8.880000114440918,8.800000190734863,8.84000015258789,45900,0.0,0.0
2024-04-02 00:00:00-04:00,8.789999961853027,8.789999961853027,8.75,8.760000228881836,36900,0.0,0.0
2024-04-03 00:00:00-04:00,8.729999542236328,8.75,8.710000038146973,8.729999542236328,28700,0.0,0.0
2024-04-04 00:00:00-04:00,8.75,8.779999732971191,8.699999809265137,8.699999809265137,29400,0.0,0.0
2024-04-05 00:00:00-04:00,8.699999809265137,8.720000267028809,8.670000076293945,8.699999809265137,26400,0.0,0.0
2024-04-08 00:00:00-04:00,8.729999542236328,8.779999732971191,8.710000038146973,8.75,48100,0.0,0.0
2024-04-09 00:00:00-04:00,8.75,8.789999961853027,8.720000267028809,8.729999542236328,20600,0.0,0.0
2024-04-10 00:00:00-04:00,8.6899995803833,8.729999542236328,8.619999885559082,8.649999618530273,55600,0.0,0.0
2024-04-11 00:00:00-04:00,8.680000305175781,8.710000038146973,8.65999984741211,8.6899995803833,36900,0.0,0.0
2024-04-12 00:00:00-04:00,8.670000076293945,8.670000076293945,8.520000457763672,8.529999732971191,48200,0.0,0.0
2024-04-15 00:00:00-04:00,8.600000381469727,8.649999618530273,8.460000038146973,8.470000267028809,97200,0.0,0.0
2024-04-16 00:00:00-04:00,8.5,8.510000228881836,8.449999809265137,8.470000267028809,32700,0.0,0.0
2024-04-17 00:00:00-04:00,8.479999542236328,8.550000190734863,8.449999809265137,8.470000267028809,36600,0.0,0.0
2024-04-18 00:00:00-04:00,8.470000267028809,8.510000228881836,8.460000038146973,8.470000267028809,14500,0.0,0.0
2024-04-19 00:00:00-04:00,8.510000228881836,8.5600004196167,8.510000228881836,8.529999732971191,41100,0.0,0.0
2024-04-22 00:00:00-04:00,8.640000343322754,8.84000015258789,8.609999656677246,8.84000015258789,239000,0.0,0.0
2024-04-23 00:00:00-04:00,8.920000076293945,9.069999694824219,8.819999694824219,9.069999694824219,85600,0.0,0.0
2024-04-24 00:00:00-04:00,9.100000381469727,9.15999984741211,8.979999542236328,9.0,113300,0.0,0.0
2024-04-25 00:00:00-04:00,9.0,9.0,8.859999656677246,8.899999618530273,80200,0.0,0.0
2024-04-26 00:00:00-04:00,8.899999618530273,8.989999771118164,8.8100004196167,8.920000076293945,54900,0.0,0.0
2024-04-29 00:00:00-04:00,8.949999809265137,9.029999732971191,8.90999984741211,8.920000076293945,67700,0.0,0.0
2024-04-30 00:00:00-04:00,8.949999809265137,8.970000267028809,8.800000190734863,8.84000015258789,118500,0.0,0.0
2024-05-01 00:00:00-04:00,8.75,8.770000457763672,8.670000076293945,8.710000038146973,87800,0.0,0.0
2024-05-02 00:00:00-04:00,8.739999771118164,8.789999961853027,8.710000038146973,8.760000228881836,47500,0.0,0.0
2024-05-03 00:00:00-04:00,8.789999961853027,8.819999694824219,8.739999771118164,8.760000228881836,50900,0.0,0.0
2024-05-06 00:00:00-04:00,8.819999694824219,8.819999694824219,8.779999732971191,8.819999694824219,57100,0.0,0.0
2024-05-07 00:00:00-04:00,8.880000114440918,8.880000114440918,8.8100004196167,8.850000381469727,58900,0.0,0.0
2024-05-08 00:00:00-04:00,8.850000381469727,8.850000381469727,8.75,8.819999694824219,77800,0.0,0.0
2024-05-09 00:00:00-04:00,8.819999694824219,8.850000381469727,8.800000190734863,8.850000381469727,88700,0.0,0.0
2024-05-10 00:00:00-04:00,8.899999618530273,8.899999618530273,8.800000190734863,8.850000381469727,45300,0.0,0.0
2024-05-13 00:00:00-04:00,8.90999984741211,8.90999984741211,8.800000190734863,8.800000190734863,80300,0.0,0.0
2024-05-14 00:00:00-04:00,8.84000015258789,8.890000343322754,8.84000015258789,8.890000343322754,33000,0.0,0.0
2024-05-15 00:00:00-04:00,8.960000038146973,8.970000267028809,8.899999618530273,8.960000038146973,73600,0.0,0.0
2024-05-16 00:00:00-04:00,9.020000457763672,9.100000381469727,8.90999984741211,8.960000038146973,71100,0.0,0.0
2024-05-17 00:00:00-04:00,8.960000038146973,8.960000038146973,8.90999984741211,8.9399995803833,35100,0.0,0.0
2024-05-20 00:00:00-04:00,8.960000038146973,8.989999771118164,8.930000305175781,8.970000267028809,53100,0.0,0.0
2024-05-21 00:00:00-04:00,8.979999542236328,8.979999542236328,8.920000076293945,8.949999809265137,60800,0.0,0.0
2024-05-22 00:00:00-04:00,8.949999809265137,8.949999809265137,8.869999885559082,8.869999885559082,58900,0.0,0.0
2024-05-23 00:00:00-04:00,8.920000076293945,8.920000076293945,8.760000228881836,8.770000457763672,95600,0.0,0.0
2024-05-24 00:00:00-04:00,8.8100004196167,8.890000343322754,8.789999961853027,8.819999694824219,51900,0.0,0.0
2024-05-28 00:00:00-04:00,8.84000015258789,8.850000381469727,8.8100004196167,8.829999923706055,88400,0.0,0.0
2024-05-29 00:00:00-04:00,8.8100004196167,8.890000343322754,8.739999771118164,8.739999771118164,89400,0.0,0.0
2024-05-30 00:00:00-04:00,8.739999771118164,8.739999771118164,8.699999809265137,8.729999542236328,109900,0.0,0.0
2024-05-31 00:00:00-04:00,8.789999961853027,8.789999961853027,8.729999542236328,8.789999961853027,117900,0.0,0.0
2024-06-03 00:00:00-04:00,8.75,8.789999961853027,8.75,8.789999961853027,47200,0.0,0.0
2024-06-04 00:00:00-04:00,8.779999732971191,8.779999732971191,8.739999771118164,8.779999732971191,39600,0.0,0.0
2024-06-05 00:00:00-04:00,8.8100004196167,8.84000015258789,8.779999732971191,8.789999961853027,62500,0.0,0.0
2024-06-06 00:00:00-04:00,8.789999961853027,8.869999885559082,8.789999961853027,8.8100004196167,41000,0.0,0.0
2024-06-07 00:00:00-04:00,8.829999923706055,8.90999984741211,8.819999694824219,8.869999885559082,62500,0.0,0.0
2024-06-10 00:00:00-04:00,8.869999885559082,8.899999618530273,8.8100004196167,8.829999923706055,34100,0.0,0.0
2024-06-11 00:00:00-04:00,8.850000381469727,8.880000114440918,8.850000381469727,8.859999656677246,40000,0.0,0.0
2024-06-12 00:00:00-04:00,8.9399995803833,8.9399995803833,8.859999656677246,8.890000343322754,55100,0.0,0.0
2024-06-13 00:00:00-04:00,8.90999984741211,8.90999984741211,8.829999923706055,8.859999656677246,30700,0.0,0.0
2024-06-14 00:00:00-04:00,8.84000015258789,8.880000114440918,8.760000228881836,8.789999961853027,42100,0.0,0.0
2024-06-17 00:00:00-04:00,8.75,8.800000190734863,8.739999771118164,8.779999732971191,72500,0.0,0.0
2024-06-18 00:00:00-04:00,8.789999961853027,8.819999694824219,8.739999771118164,8.779999732971191,40400,0.0,0.0
2024-06-20 00:00:00-04:00,8.8100004196167,8.819999694824219,8.770000457763672,8.800000190734863,46600,0.0,0.0
2024-06-21 00:00:00-04:00,8.8100004196167,8.850000381469727,8.779999732971191,8.779999732971191,33400,0.0,0.0
2024-06-24 00:00:00-04:00,8.779999732971191,8.930000305175781,8.779999732971191,8.920000076293945,39100,0.0,0.0
2024-06-25 00:00:00-04:00,8.9399995803833,8.949999809265137,8.899999618530273,8.899999618530273,31100,0.0,0.0
2024-06-26 00:00:00-04:00,8.880000114440918,8.9399995803833,8.829999923706055,8.84000015258789,38300,0.0,0.0
2024-06-27 00:00:00-04:00,8.880000114440918,8.949999809265137,8.84000015258789,8.859999656677246,68700,0.0,0.0
2024-06-28 00:00:00-04:00,8.859999656677246,8.90999984741211,8.84000015258789,8.850000381469727,60300,0.0,0.0
2024-07-01 00:00:00-04:00,8.84000015258789,8.859999656677246,8.819999694824219,8.850000381469727,32200,0.0,0.0
2024-07-02 00:00:00-04:00,8.829999923706055,8.899999618530273,8.819999694824219,8.869999885559082,18400,0.0,0.0
2024-07-03 00:00:00-04:00,8.859999656677246,8.880000114440918,8.75,8.789999961853027,35800,0.0,0.0
2024-07-05 00:00:00-04:00,8.789999961853027,8.850000381469727,8.770000457763672,8.789999961853027,39900,0.0,0.0
2024-07-08 00:00:00-04:00,8.779999732971191,8.829999923706055,8.710000038146973,8.75,47900,0.0,0.0
2024-07-09 00:00:00-04:00,8.779999732971191,8.789999961853027,8.710000038146973,8.789999961853027,34600,0.0,0.0
2024-07-10 00:00:00-04:00,8.760000228881836,8.850000381469727,8.75,8.819999694824219,49100,0.0,0.0
2024-07-11 00:00:00-04:00,8.869999885559082,8.979999542236328,8.869999885559082,8.899999618530273,59800,0.0,0.0
2024-07-12 00:00:00-04:00,8.960000038146973,9.050000190734863,8.930000305175781,9.010000228881836,46000,0.0,0.0
2024-07-15 00:00:00-04:00,9.050000190734863,9.079999923706055,9.0,9.050000190734863,83600,0.0,0.0
2024-07-16 00:00:00-04:00,9.050000190734863,9.210000038146973,9.050000190734863,9.130000114440918,55900,0.0,0.0
2024-07-17 00:00:00-04:00,9.119999885559082,9.140000343322754,9.0600004196167,9.140000343322754,51800,0.0,0.0
2024-07-18 00:00:00-04:00,9.140000343322754,9.220000267028809,9.069999694824219,9.069999694824219,61100,0.0,0.0
2024-07-19 00:00:00-04:00,9.109999656677246,9.149999618530273,9.020000457763672,9.0600004196167,49500,0.0,0.0
2024-07-22 00:00:00-04:00,9.069999694824219,9.119999885559082,9.010000228881836,9.119999885559082,58400,0.0,0.0
2024-07-23 00:00:00-04:00,9.130000114440918,9.15999984741211,9.079999923706055,9.079999923706055,87600,0.0,0.0
2024-07-24 00:00:00-04:00,9.069999694824219,9.100000381469727,9.0600004196167,9.069999694824219,56600,0.0,0.0
2024-07-25 00:00:00-04:00,9.100000381469727,9.170000076293945,9.100000381469727,9.130000114440918,42800,0.0,0.0
2024-07-26 00:00:00-04:00,9.15999984741211,9.199999809265137,9.140000343322754,9.170000076293945,43900,0.0,0.0
2024-07-29 00:00:00-04:00,9.1899995803833,9.199999809265137,9.100000381469727,9.15999984741211,75000,0.0,0.0
2024-07-30 00:00:00-04:00,9.199999809265137,9.229999542236328,9.130000114440918,9.180000305175781,46000,0.0,0.0
2024-07-31 00:00:00-04:00,9.199999809265137,9.350000381469727,9.199999809265137,9.34000015258789,81400,0.0,0.0
2024-08-01 00:00:00-04:00,9.260000228881836,9.279999732971191,9.140000343322754,9.140000343322754,143000,0.0,0.0
2024-08-02 00:00:00-04:00,9.079999923706055,9.079999923706055,8.930000305175781,9.0600004196167,74500,0.0,0.0
2024-08-05 00:00:00-04:00,8.770000457763672,8.890000343322754,8.760000228881836,8.859999656677246,70500,0.0,0.0
2024-08-06 00:00:00-04:00,8.800000190734863,8.979999542236328,8.800000190734863,8.949999809265137,31800,0.0,0.0
2024-08-07 00:00:00-04:00,9.100000381469727,9.100000381469727,8.960000038146973,8.979999542236328,75000,0.0,0.0
2024-08-08 00:00:00-04:00,9.0600004196167,9.109999656677246,9.020000457763672,9.0600004196167,89000,0.0,0.0
2024-08-09 00:00:00-04:00,9.109999656677246,9.109999656677246,9.029999732971191,9.09000015258789,26800,0.0,0.0
2024-08-12 00:00:00-04:00,9.09000015258789,9.149999618530273,9.050000190734863,9.079999923706055,28700,0.0,0.0
2024-08-13 00:00:00-04:00,9.119999885559082,9.180000305175781,8.949999809265137,9.149999618530273,29200,0.0,0.0
2024-08-14 00:00:00-04:00,9.1899995803833,9.210000038146973,9.119999885559082,9.170000076293945,54100,0.0,0.0
2024-08-15 00:00:00-04:00,9.220000267028809,9.279999732971191,9.170000076293945,9.229999542236328,37800,0.0,0.0
2024-08-16 00:00:00-04:00,9.229999542236328,9.319999694824219,9.1899995803833,9.319999694824219,28200,0.0,0.0
2024-08-19 00:00:00-04:00,9.3100004196167,9.34000015258789,9.270000457763672,9.3100004196167,63500,0.0,0.0
2024-08-20 00:00:00-04:00,9.3100004196167,9.350000381469727,9.260000228881836,9.300000190734863,52600,0.0,0.0
2024-08-21 00:00:00-04:00,9.319999694824219,9.399999618530273,9.289999961853027,9.329999923706055,64200,0.0,0.0
2024-08-22 00:00:00-04:00,9.369999885559082,9.380000114440918,9.329999923706055,9.350000381469727,50000,0.0,0.0
2024-08-23 00:00:00-04:00,9.350000381469727,9.40999984741211,9.34000015258789,9.390000343322754,56800,0.0,0.0
2024-08-26 00:00:00-04:00,9.449999809265137,9.489999771118164,9.399999618530273,9.4399995803833,86100,0.0,0.0
2024-08-27 00:00:00-04:00,9.420000076293945,9.4399995803833,9.399999618530273,9.420000076293945,55500,0.0,0.0
2024-08-28 00:00:00-04:00,9.420000076293945,9.430000305175781,9.350000381469727,9.369999885559082,66900,0.0,0.0
2024-08-29 00:00:00-04:00,9.399999618530273,9.4399995803833,9.369999885559082,9.420000076293945,67200,0.0,0.0
2024-08-30 00:00:00-04:00,9.460000038146973,9.489999771118164,9.430000305175781,9.489999771118164,53900,0.0,0.0
2024-09-03 00:00:00-04:00,9.4399995803833,9.479999542236328,9.34000015258789,9.350000381469727,81700,0.0,0.0
2024-09-04 00:00:00-04:00,9.329999923706055,9.430000305175781,9.329999923706055,9.369999885559082,70200,0.0,0.0
2024-09-05 00:00:00-04:00,9.430000305175781,9.430000305175781,9.319999694824219,9.34000015258789,76300,0.0,0.0
2024-09-06 00:00:00-04:00,9.380000114440918,9.399999618530273,9.260000228881836,9.300000190734863,65200,0.0,0.0
2024-09-09 00:00:00-04:00,9.329999923706055,9.430000305175781,9.300000190734863,9.430000305175781,50700,0.0,0.0
2024-09-10 00:00:00-04:00,9.430000305175781,9.460000038146973,9.34000015258789,9.369999885559082,56700,0.0,0.0
2024-09-11 00:00:00-04:00,9.380000114440918,9.479999542236328,9.25,9.34000015258789,99000,0.0,0.0
2024-09-12 00:00:00-04:00,9.359999656677246,9.359999656677246,9.270000457763672,9.34000015258789,42700,0.0,0.0
2024-09-13 00:00:00-04:00,9.399999618530273,9.430000305175781,9.380000114440918,9.420000076293945,48800,0.0,0.0
