Date,Open,High,Low,Close,Volume,Dividends,Stock Splits,Capital Gains
2016-04-07 00:00:00-04:00,22.323606988037078,22.323606988037078,22.296558380126953,22.296558380126953,200,0.0,0.0,0.0
2016-04-08 00:00:00-04:00,22.296558380126953,22.296558380126953,22.296558380126953,22.296558380126953,400,0.0,0.0,0.0
2016-04-11 00:00:00-04:00,22.296558380126953,22.296558380126953,22.296558380126953,22.296558380126953,0,0.0,0.0,0.0
2016-04-12 00:00:00-04:00,22.296558380126953,22.296558380126953,22.296558380126953,22.296558380126953,0,0.0,0.0,0.0
2016-04-13 00:00:00-04:00,22.296558380126953,22.296558380126953,22.296558380126953,22.296558380126953,0,0.0,0.0,0.0
2016-04-14 00:00:00-04:00,23.071941375732422,23.071941375732422,23.071941375732422,23.071941375732422,200,0.0,0.0,0.0
2016-04-15 00:00:00-04:00,23.0268611907959,23.0268611907959,23.0268611907959,23.0268611907959,200,0.0,0.0,0.0
2016-04-18 00:00:00-04:00,23.0268611907959,23.0268611907959,23.0268611907959,23.0268611907959,0,0.0,0.0,0.0
2016-04-19 00:00:00-04:00,23.0268611907959,23.0268611907959,23.0268611907959,23.0268611907959,0,0.0,0.0,0.0
2016-04-20 00:00:00-04:00,23.685028076171875,23.685028076171875,23.685028076171875,23.685028076171875,100,0.0,0.0,0.0
2016-04-21 00:00:00-04:00,23.369466064286854,23.369466064286854,23.261273335432826,23.315370559692383,900,0.0,0.0,0.0
2016-04-22 00:00:00-04:00,23.306354522705078,23.306354522705078,23.306354522705078,23.306354522705078,100,0.0,0.0,0.0
2016-04-25 00:00:00-04:00,23.171119689941406,23.171119689941406,23.171119689941406,23.171119689941406,400,0.0,0.0,0.0
2016-04-26 00:00:00-04:00,23.171119689941406,23.171119689941406,23.171119689941406,23.171119689941406,0,0.0,0.0,0.0
2016-04-27 00:00:00-04:00,23.171119689941406,23.171119689941406,23.171119689941406,23.171119689941406,0,0.0,0.0,0.0
2016-04-28 00:00:00-04:00,23.10800164074863,23.10800164074863,23.097183227539062,23.097183227539062,400,0.0,0.0,0.0
2016-04-29 00:00:00-04:00,23.044893806749155,23.044893806749155,22.904244093380512,22.987192153930664,3700,0.0,0.0,0.0
2016-05-02 00:00:00-04:00,23.34242057800293,23.34242057800293,23.27930886091374,23.34242057800293,5000,0.0,0.0,0.0
2016-05-03 00:00:00-04:00,23.216196504867774,23.216196504867774,23.017845153808594,23.017845153808594,1000,0.0,0.0,0.0
2016-05-04 00:00:00-04:00,22.846538543701172,22.846538543701172,22.846538543701172,22.846538543701172,200,0.0,0.0,0.0
2016-05-05 00:00:00-04:00,22.81949387756481,22.81949387756481,22.747365951538086,22.747365951538086,1200,0.0,0.0,0.0
2016-05-06 00:00:00-04:00,22.729329061181087,22.78342628479004,22.720314576911324,22.78342628479004,600,0.0,0.0,0.0
2016-05-09 00:00:00-04:00,22.900634765625,22.900634765625,22.900634765625,22.900634765625,6500,0.0,0.0,0.0
2016-05-10 00:00:00-04:00,22.900634765625,22.900634765625,22.900634765625,22.900634765625,0,0.0,0.0,0.0
2016-05-11 00:00:00-04:00,23.0268611907959,23.0268611907959,23.0268611907959,23.0268611907959,200,0.0,0.0,0.0
2016-05-12 00:00:00-04:00,22.990802764892578,22.990802764892578,22.990802764892578,22.990802764892578,1000,0.0,0.0,0.0
2016-05-13 00:00:00-04:00,22.82850497509131,22.82850497509131,22.8257999420166,22.8257999420166,700,0.0,0.0,0.0
2016-05-16 00:00:00-04:00,22.873587860655196,22.940305709838867,22.873587860655196,22.940305709838867,800,0.0,0.0,0.0
2016-05-17 00:00:00-04:00,22.940305709838867,22.940305709838867,22.940305709838867,22.940305709838867,0,0.0,0.0,0.0
2016-05-18 00:00:00-04:00,22.891616821289062,22.891616821289062,22.891616821289062,22.891616821289062,100,0.0,0.0,0.0
2016-05-19 00:00:00-04:00,22.891616821289062,22.891616821289062,22.891616821289062,22.891616821289062,0,0.0,0.0,0.0
2016-05-20 00:00:00-04:00,22.891616821289062,22.891616821289062,22.891616821289062,22.891616821289062,0,0.0,0.0,0.0
2016-05-23 00:00:00-04:00,22.783430268011127,22.783430268011127,22.76900399526025,22.7744140625,800,0.0,0.0,0.0
2016-05-24 00:00:00-04:00,22.7744140625,22.7744140625,22.7744140625,22.7744140625,0,0.0,0.0,0.0
2016-05-25 00:00:00-04:00,22.7744140625,22.7744140625,22.7744140625,22.7744140625,0,0.0,0.0,0.0
2016-05-26 00:00:00-04:00,22.7744140625,22.7744140625,22.7744140625,22.7744140625,100,0.0,0.0,0.0
2016-05-27 00:00:00-04:00,23.23422622680664,23.243242430766017,23.23422622680664,23.23422622680664,5000,0.0,0.0,0.0
2016-05-31 00:00:00-04:00,23.23422622680664,23.23422622680664,23.23422622680664,23.23422622680664,0,0.0,0.0,0.0
2016-06-01 00:00:00-04:00,23.23422622680664,23.23422622680664,23.23422622680664,23.23422622680664,0,0.0,0.0,0.0
2016-06-02 00:00:00-04:00,23.117019653320312,23.117019653320312,23.10800344844113,23.117019653320312,7600,0.0,0.0,0.0
2016-06-03 00:00:00-04:00,23.198162078857422,23.198162078857422,23.198162078857422,23.198162078857422,700,0.0,0.0,0.0
2016-06-06 00:00:00-04:00,23.522735595703125,23.522735595703125,23.522735595703125,23.522735595703125,100,0.0,0.0,0.0
2016-06-07 00:00:00-04:00,23.522735595703125,23.522735595703125,23.522735595703125,23.522735595703125,0,0.0,0.0,0.0
2016-06-08 00:00:00-04:00,23.73010738005199,23.73010738005199,23.685028076171875,23.685028076171875,1600,0.0,0.0,0.0
2016-06-09 00:00:00-04:00,23.423564910888672,23.423564910888672,23.423564910888672,23.423564910888672,100,0.0,0.0,0.0
2016-06-10 00:00:00-04:00,22.909652709960938,22.909652709960938,22.909652709960938,22.909652709960938,100,0.0,0.0,0.0
2016-06-13 00:00:00-04:00,22.57606315612793,22.57606315612793,22.57606315612793,22.57606315612793,100,0.0,0.0,0.0
2016-06-14 00:00:00-04:00,22.017066955566406,22.017066955566406,22.017066955566406,22.017066955566406,400,0.0,0.0,0.0
2016-06-15 00:00:00-04:00,22.296558380126953,22.296558380126953,22.296558380126953,22.296558380126953,400,0.0,0.0,0.0
2016-06-16 00:00:00-04:00,22.296558380126953,22.296558380126953,22.296558380126953,22.296558380126953,100,0.0,0.0,0.0
2016-06-17 00:00:00-04:00,22.296558380126953,22.296558380126953,22.296558380126953,22.296558380126953,0,0.0,0.0,0.0
2016-06-20 00:00:00-04:00,22.296558380126953,22.296558380126953,22.296558380126953,22.296558380126953,100,0.185,0.0,0.0
2016-06-21 00:00:00-04:00,22.296558380126953,22.296558380126953,22.296558380126953,22.296558380126953,100,0.0,0.0,0.0
2016-06-22 00:00:00-04:00,23.219495597048947,23.219495597048947,23.209501806090966,23.218585968017578,1300,0.0,0.0,0.0
2016-06-23 00:00:00-04:00,23.218585968017578,23.218585968017578,23.218585968017578,23.218585968017578,100,0.0,0.0,0.0
2016-06-24 00:00:00-04:00,21.928657494791327,22.173924591371097,21.628887176513672,21.628887176513672,2400,0.0,0.0,0.0
2016-06-27 00:00:00-04:00,21.44721499807161,21.44721499807161,21.070230092115736,21.129276275634766,7500,0.0,0.0,0.0
2016-06-28 00:00:00-04:00,21.338205337524414,21.338205337524414,21.338205337524414,21.338205337524414,100,0.0,0.0,0.0
2016-06-29 00:00:00-04:00,21.338205337524414,21.338205337524414,21.338205337524414,21.338205337524414,0,0.0,0.0,0.0
2016-06-30 00:00:00-04:00,22.328359603881836,22.328359603881836,22.328359603881836,22.328359603881836,200,0.0,0.0,0.0
2016-07-01 00:00:00-04:00,22.600880136426703,22.60996429968711,22.57362937927246,22.57362937927246,2600,0.0,0.0,0.0
2016-07-05 00:00:00-04:00,22.201181074402776,22.201181074402776,22.128509521484375,22.128509521484375,400,0.0,0.0,0.0
2016-07-06 00:00:00-04:00,21.937744140625,21.937744140625,21.937744140625,21.937744140625,100,0.0,0.0,0.0
2016-07-07 00:00:00-04:00,21.937744140625,21.937744140625,21.937744140625,21.937744140625,0,0.0,0.0,0.0
2016-07-08 00:00:00-04:00,21.937744140625,21.937744140625,21.937744140625,21.937744140625,0,0.0,0.0,0.0
2016-07-11 00:00:00-04:00,22.58271354253287,22.58271354253287,22.57362937927246,22.57362937927246,600,0.0,0.0,0.0
2016-07-12 00:00:00-04:00,22.773469924926758,22.773469924926758,22.773469924926758,22.773469924926758,500,0.0,0.0,0.0
2016-07-13 00:00:00-04:00,22.809810638427734,22.809810638427734,22.809810638427734,22.809810638427734,200,0.0,0.0,0.0
2016-07-14 00:00:00-04:00,22.809810638427734,22.809810638427734,22.809810638427734,22.809810638427734,0,0.0,0.0,0.0
2016-07-15 00:00:00-04:00,22.7462215423584,22.7462215423584,22.7462215423584,22.7462215423584,400,0.0,0.0,0.0
2016-07-18 00:00:00-04:00,22.7462215423584,22.7462215423584,22.7462215423584,22.7462215423584,0,0.0,0.0,0.0
2016-07-19 00:00:00-04:00,22.7462215423584,22.7462215423584,22.7462215423584,22.7462215423584,0,0.0,0.0,0.0
2016-07-20 00:00:00-04:00,22.7462215423584,22.7462215423584,22.7462215423584,22.7462215423584,0,0.0,0.0,0.0
2016-07-21 00:00:00-04:00,22.809803550845537,22.827970137670736,22.798901866124112,22.81888771057129,1000,0.0,0.0,0.0
2016-07-22 00:00:00-04:00,22.79163932800293,22.79163932800293,22.79163932800293,22.79163932800293,100,0.0,0.0,0.0
2016-07-25 00:00:00-04:00,22.864314494212927,22.864314494212927,22.83706200583684,22.8552303314209,400,0.0,0.0,0.0
2016-07-26 00:00:00-04:00,22.961511611938477,22.961511611938477,22.961511611938477,22.961511611938477,400,0.0,0.0,0.0
2016-07-27 00:00:00-04:00,22.961511611938477,22.961511611938477,22.961511611938477,22.961511611938477,0,0.0,0.0,0.0
2016-07-28 00:00:00-04:00,23.164079666137695,23.164079666137695,23.073239791509895,23.164079666137695,800,0.0,0.0,0.0
2016-07-29 00:00:00-04:00,23.382091522216797,23.382091522216797,23.382091522216797,23.382091522216797,1400,0.0,0.0,0.0
2016-08-01 00:00:00-04:00,23.382091522216797,23.382091522216797,23.382091522216797,23.382091522216797,0,0.0,0.0,0.0
2016-08-02 00:00:00-04:00,23.14590889748601,23.154993057250977,23.14590889748601,23.154993057250977,400,0.0,0.0,0.0
2016-08-03 00:00:00-04:00,23.154993057250977,23.154993057250977,23.154993057250977,23.154993057250977,0,0.0,0.0,0.0
2016-08-04 00:00:00-04:00,23.154993057250977,23.154993057250977,23.154993057250977,23.154993057250977,0,0.0,0.0,0.0
2016-08-05 00:00:00-04:00,22.97331871953486,23.01873779296875,22.96423455832276,23.01873779296875,1000,0.0,0.0,0.0
2016-08-08 00:00:00-04:00,23.01873779296875,23.01873779296875,23.01873779296875,23.01873779296875,0,0.0,0.0,0.0
2016-08-09 00:00:00-04:00,23.073245172237055,23.127748416673402,23.073245172237055,23.091413497924805,500,0.0,0.0,0.0
2016-08-10 00:00:00-04:00,23.091413497924805,23.091413497924805,23.091413497924805,23.091413497924805,0,0.0,0.0,0.0
2016-08-11 00:00:00-04:00,23.399357562706065,23.41207504272461,23.399357562706065,23.41207504272461,400,0.0,0.0,0.0
2016-08-12 00:00:00-04:00,23.41207504272461,23.41207504272461,23.41207504272461,23.41207504272461,100,0.0,0.0,0.0
2016-08-15 00:00:00-04:00,23.41207504272461,23.41207504272461,23.41207504272461,23.41207504272461,0,0.0,0.0,0.0
2016-08-16 00:00:00-04:00,23.445680718796396,23.445680718796396,23.41388702392578,23.41388702392578,800,0.0,0.0,0.0
2016-08-17 00:00:00-04:00,23.345760345458984,23.345760345458984,23.345760345458984,23.345760345458984,600,0.0,0.0,0.0
2016-08-18 00:00:00-04:00,23.42751622052194,23.42751622052194,23.417522430419922,23.417522430419922,1200,0.0,0.0,0.0
2016-08-19 00:00:00-04:00,23.2276668548584,23.2276668548584,23.2276668548584,23.2276668548584,300,0.0,0.0,0.0
2016-08-22 00:00:00-04:00,23.351211547851562,23.351211547851562,23.351211547851562,23.351211547851562,200,0.0,0.0,0.0
2016-08-23 00:00:00-04:00,23.545605531362483,23.545605531362483,23.527437210083008,23.527437210083008,400,0.0,0.0,0.0
2016-08-24 00:00:00-04:00,23.4002685546875,23.4002685546875,23.36393190261233,23.4002685546875,1100,0.0,0.0,0.0
2016-08-25 00:00:00-04:00,23.345760345458984,23.345760345458984,23.345760345458984,23.345760345458984,200,0.0,0.0,0.0
2016-08-26 00:00:00-04:00,23.345760345458984,23.345760345458984,23.345760345458984,23.345760345458984,0,0.0,0.0,0.0
2016-08-29 00:00:00-04:00,23.345760345458984,23.345760345458984,23.345760345458984,23.345760345458984,0,0.0,0.0,0.0
2016-08-30 00:00:00-04:00,23.109580636711048,23.109580636711048,23.06052650639891,23.105037689208984,4600,0.0,0.0,0.0
2016-08-31 00:00:00-04:00,22.97332000732422,23.0096549215828,22.891564284459054,22.97332000732422,5900,0.0,0.0,0.0
2016-09-01 00:00:00-04:00,23.045985980254017,23.109573364257812,23.045985980254017,23.109573364257812,1100,0.0,0.0,0.0
2016-09-02 00:00:00-04:00,23.245835129513203,23.360292434692383,23.245835129513203,23.360292434692383,300,0.0,0.0,0.0
2016-09-06 00:00:00-04:00,23.500185012817383,23.500185012817383,23.500185012817383,23.500185012817383,1200,0.0,0.0,0.0
2016-09-07 00:00:00-04:00,23.554690955506214,23.554690955506214,23.545606794379193,23.549240112304688,600,0.0,0.0,0.0
2016-09-08 00:00:00-04:00,23.509269533040126,23.509269533040126,23.504728318909052,23.50563621520996,500,0.0,0.0,0.0
2016-09-09 00:00:00-04:00,23.209499980543,23.209499980543,23.01873779296875,23.01873779296875,1700,0.0,0.0,0.0
2016-09-12 00:00:00-04:00,23.01873779296875,23.01873779296875,23.01873779296875,23.01873779296875,0,0.0,0.0,0.0
2016-09-13 00:00:00-04:00,22.991483688354492,22.991483688354492,22.991483688354492,22.991483688354492,100,0.0,0.0,0.0
2016-09-14 00:00:00-04:00,22.8552303314209,22.89156698258901,22.818895412879677,22.8552303314209,1500,0.0,0.0,0.0
2016-09-15 00:00:00-04:00,22.8552303314209,22.8552303314209,22.8552303314209,22.8552303314209,0,0.0,0.0,0.0
2016-09-16 00:00:00-04:00,22.791638246781975,22.791638246781975,22.773469924926758,22.773469924926758,300,0.0,0.0,0.0
2016-09-19 00:00:00-04:00,22.773469924926758,22.773469924926758,22.773469924926758,22.773469924926758,0,0.0,0.0,0.0
2016-09-20 00:00:00-04:00,22.773469924926758,22.773469924926758,22.773469924926758,22.773469924926758,100,0.0,0.0,0.0
2016-09-21 00:00:00-04:00,22.773469924926758,22.773469924926758,22.773469924926758,22.773469924926758,0,0.0,0.0,0.0
2016-09-22 00:00:00-04:00,22.773469924926758,22.773469924926758,22.773469924926758,22.773469924926758,0,0.0,0.0,0.0
2016-09-23 00:00:00-04:00,22.773469924926758,22.773469924926758,22.773469924926758,22.773469924926758,100,0.0,0.0,0.0
2016-09-26 00:00:00-04:00,22.84180450439453,22.84180450439453,22.84180450439453,22.84180450439453,0,0.075,0.0,0.0
2016-09-27 00:00:00-04:00,22.84180450439453,22.84180450439453,22.84180450439453,22.84180450439453,0,0.0,0.0,0.0
2016-09-28 00:00:00-04:00,23.41581153869629,23.41581153869629,23.41581153869629,23.41581153869629,100,0.0,0.0,0.0
2016-09-29 00:00:00-04:00,23.229943624476242,23.229943624476242,23.00580757170735,23.08780860900879,1000,0.0,0.0,0.0
2016-09-30 00:00:00-04:00,23.240875244140625,23.240875244140625,23.240875244140625,23.240875244140625,200,0.0,0.0,0.0
2016-10-03 00:00:00-04:00,23.240875244140625,23.240875244140625,23.240875244140625,23.240875244140625,0,0.0,0.0,0.0
2016-10-04 00:00:00-04:00,23.093271282000735,23.093271282000735,23.075048446655273,23.075048446655273,800,0.0,0.0,0.0
2016-10-05 00:00:00-04:00,23.138829801566956,23.160696859411317,23.138829801566956,23.15067481994629,4800,0.0,0.0,0.0
2016-10-06 00:00:00-04:00,22.905586194574674,22.94203187638526,22.905586194574674,22.932920455932617,1500,0.0,0.0,0.0
2016-10-07 00:00:00-04:00,22.686912600173798,22.700580596923828,22.686912600173798,22.700580596923828,600,0.0,0.0,0.0
2016-10-10 00:00:00-04:00,22.700580596923828,22.700580596923828,22.700580596923828,22.700580596923828,0,0.0,0.0,0.0
2016-10-11 00:00:00-04:00,22.46824073791504,22.46824073791504,22.46824073791504,22.46824073791504,300,0.0,0.0,0.0
2016-10-12 00:00:00-04:00,22.38350486755371,22.38350486755371,22.38350486755371,22.38350486755371,100,0.0,0.0,0.0
2016-10-13 00:00:00-04:00,22.02179783802402,22.35891342163086,22.02179783802402,22.35891342163086,1200,0.0,0.0,0.0
2016-10-14 00:00:00-04:00,22.357999510031455,22.36528968811035,22.357999510031455,22.36528968811035,500,0.0,0.0,0.0
2016-10-17 00:00:00-04:00,22.176689132246,22.213133074908963,22.176689132246,22.185800552368164,1100,0.0,0.0,0.0
2016-10-18 00:00:00-04:00,22.440910310429036,22.45913314819336,22.440910310429036,22.45913314819336,300,0.0,0.0,0.0
2016-10-19 00:00:00-04:00,22.559358566624446,22.57758140563965,22.559358566624446,22.57758140563965,6200,0.0,0.0,0.0
2016-10-20 00:00:00-04:00,22.57758140563965,22.57758140563965,22.57758140563965,22.57758140563965,100,0.0,0.0,0.0
2016-10-21 00:00:00-04:00,22.57758140563965,22.57758140563965,22.57758140563965,22.57758140563965,0,0.0,0.0,0.0
2016-10-24 00:00:00-04:00,22.377134554467375,22.377134554467375,22.321557152403134,22.34069061279297,800,0.0,0.0,0.0
2016-10-25 00:00:00-04:00,22.267798916476842,22.286020016703194,22.240464659399088,22.275087356567383,3600,0.0,0.0,0.0
2016-10-26 00:00:00-04:00,22.275087356567383,22.275087356567383,22.275087356567383,22.275087356567383,0,0.0,0.0,0.0
2016-10-27 00:00:00-04:00,22.286020278930664,22.286020278930664,22.286020278930664,22.286020278930664,100,0.0,0.0,0.0
2016-10-28 00:00:00-04:00,22.054595947265625,22.054595947265625,22.054595947265625,22.054595947265625,200,0.0,0.0,0.0
2016-10-31 00:00:00-04:00,22.003574111357636,22.067352309998075,21.99446269186249,22.05824089050293,1300,0.0,0.0,0.0
2016-11-01 00:00:00-04:00,21.981704711914062,21.981704711914062,21.981704711914062,21.981704711914062,100,0.0,0.0,0.0
2016-11-02 00:00:00-04:00,21.981704711914062,21.981704711914062,21.981704711914062,21.981704711914062,300,0.0,0.0,0.0
2016-11-03 00:00:00-04:00,21.801305770874023,21.801305770874023,21.801305770874023,21.801305770874023,100,0.0,0.0,0.0
2016-11-04 00:00:00-04:00,21.801305770874023,21.801305770874023,21.801305770874023,21.801305770874023,0,0.0,0.0,0.0
2016-11-07 00:00:00-05:00,21.87601661682129,21.87601661682129,21.87601661682129,21.87601661682129,100,0.0,0.0,0.0
2016-11-08 00:00:00-05:00,21.99628448486328,21.99628448486328,21.99628448486328,21.99628448486328,400,0.0,0.0,0.0
2016-11-09 00:00:00-05:00,21.930686966787473,21.930686966787473,21.92157554626465,21.92157554626465,200,0.0,0.0,0.0
2016-11-10 00:00:00-05:00,21.558035392751954,21.648237228393555,21.558035392751954,21.648237228393555,500,0.0,0.0,0.0
2016-11-11 00:00:00-05:00,21.648237228393555,21.648237228393555,21.648237228393555,21.648237228393555,0,0.0,0.0,0.0
2016-11-14 00:00:00-05:00,21.648237228393555,21.648237228393555,21.648237228393555,21.648237228393555,0,0.0,0.0,0.0
2016-11-15 00:00:00-05:00,21.648237228393555,21.648237228393555,21.648237228393555,21.648237228393555,0,0.0,0.0,0.0
2016-11-16 00:00:00-05:00,21.648237228393555,21.648237228393555,21.648237228393555,21.648237228393555,0,0.0,0.0,0.0
2016-11-17 00:00:00-05:00,21.648237228393555,21.648237228393555,21.648237228393555,21.648237228393555,0,0.0,0.0,0.0
2016-11-18 00:00:00-05:00,21.329338061493996,21.338449478149414,21.329338061493996,21.338449478149414,1000,0.0,0.0,0.0
2016-11-21 00:00:00-05:00,21.338449478149414,21.338449478149414,21.338449478149414,21.338449478149414,100,0.0,0.0,0.0
2016-11-22 00:00:00-05:00,21.384014129638672,21.384014129638672,21.384014129638672,21.384014129638672,700,0.0,0.0,0.0
2016-11-23 00:00:00-05:00,21.302010490133277,21.302010490133277,21.296545028686523,21.296545028686523,600,0.0,0.0,0.0
2016-11-25 00:00:00-05:00,21.472389221191406,21.472389221191406,21.472389221191406,21.472389221191406,200,0.0,0.0,0.0
2016-11-28 00:00:00-05:00,21.466018676757812,21.466018676757812,21.43868614826614,21.466018676757812,500,0.0,0.0,0.0
2016-11-29 00:00:00-05:00,21.582638172029704,21.582638172029704,21.566238310617695,21.57079315185547,900,0.0,0.0,0.0
2016-11-30 00:00:00-05:00,21.511567608800675,21.527967467225828,21.493344771516988,21.518856048583984,1900,0.0,0.0,0.0
2016-12-01 00:00:00-05:00,21.41134262084961,21.41134262084961,21.41134262084961,21.41134262084961,600,0.0,0.0,0.0
2016-12-02 00:00:00-05:00,21.330257415771484,21.330257415771484,21.330257415771484,21.330257415771484,200,0.0,0.0,0.0
2016-12-05 00:00:00-05:00,21.537076950073242,21.537076950073242,21.537076950073242,21.537076950073242,100,0.0,0.0,0.0
2016-12-06 00:00:00-05:00,21.537076950073242,21.537076950073242,21.537076950073242,21.537076950073242,0,0.0,0.0,0.0
2016-12-07 00:00:00-05:00,21.56623195751894,21.56623195751894,21.56258773803711,21.56258773803711,400,0.0,0.0,0.0
2016-12-08 00:00:00-05:00,21.566238403320312,21.566238403320312,21.566238403320312,21.566238403320312,800,0.0,0.0,0.0
2016-12-09 00:00:00-05:00,21.566238403320312,21.566238403320312,21.566238403320312,21.566238403320312,100,0.0,0.0,0.0
2016-12-12 00:00:00-05:00,21.666460037231445,21.666460037231445,21.666460037231445,21.666460037231445,200,0.0,0.0,0.0
2016-12-13 00:00:00-05:00,21.666460037231445,21.666460037231445,21.666460037231445,21.666460037231445,0,0.0,0.0,0.0
2016-12-14 00:00:00-05:00,21.666460037231445,21.666460037231445,21.666460037231445,21.666460037231445,0,0.0,0.0,0.0
2016-12-15 00:00:00-05:00,21.666460037231445,21.666460037231445,21.666460037231445,21.666460037231445,100,0.0,0.0,0.0
2016-12-16 00:00:00-05:00,21.666460037231445,21.666460037231445,21.666460037231445,21.666460037231445,0,0.0,0.0,0.0
2016-12-19 00:00:00-05:00,21.593568801879883,21.593568801879883,21.593568801879883,21.593568801879883,100,0.0,0.0,0.0
2016-12-20 00:00:00-05:00,21.593568801879883,21.593568801879883,21.593568801879883,21.593568801879883,0,0.0,0.0,0.0
2016-12-21 00:00:00-05:00,21.593568801879883,21.593568801879883,21.593568801879883,21.593568801879883,0,0.0,0.0,0.0
2016-12-22 00:00:00-05:00,21.593568801879883,21.593568801879883,21.593568801879883,21.593568801879883,0,0.0,0.0,0.0
2016-12-23 00:00:00-05:00,21.651123046875,21.651123046875,21.651123046875,21.651123046875,0,0.063,0.0,0.0
2016-12-27 00:00:00-05:00,21.651123046875,21.651123046875,21.651123046875,21.651123046875,0,0.0,0.0,0.0
2016-12-28 00:00:00-05:00,21.632858572587967,21.632858572587967,21.619155883789062,21.619155883789062,800,0.0,0.0,0.0
2016-12-29 00:00:00-05:00,21.68766891300912,21.702286390743094,21.68766891300912,21.697717666625977,1000,0.0,0.0,0.0
2016-12-30 00:00:00-05:00,21.86124038696289,21.86124038696289,21.86124038696289,21.86124038696289,600,0.0,0.0,0.0
2017-01-03 00:00:00-05:00,21.86124038696289,21.86124038696289,21.86124038696289,21.86124038696289,0,0.0,0.0,0.0
2017-01-04 00:00:00-05:00,21.934324862434593,21.934324862434593,21.932497024536133,21.932497024536133,500,0.0,0.0,0.0
2017-01-05 00:00:00-05:00,21.932497024536133,21.932497024536133,21.932497024536133,21.932497024536133,0,0.0,0.0,0.0
2017-01-06 00:00:00-05:00,21.932497024536133,21.932497024536133,21.932497024536133,21.932497024536133,0,0.0,0.0,0.0
2017-01-09 00:00:00-05:00,22.19011878967285,22.19011878967285,22.19011878967285,22.19011878967285,200,0.0,0.0,0.0
2017-01-10 00:00:00-05:00,22.2723388671875,22.2723388671875,22.2723388671875,22.2723388671875,100,0.0,0.0,0.0
2017-01-11 00:00:00-05:00,22.135303497314453,22.135303497314453,22.135303497314453,22.135303497314453,300,0.0,0.0,0.0
2017-01-12 00:00:00-05:00,22.135303497314453,22.135303497314453,22.135303497314453,22.135303497314453,0,0.0,0.0,0.0
2017-01-13 00:00:00-05:00,22.436775703184008,22.482454224617488,22.436775703184008,22.445911407470703,10100,0.0,0.0,0.0
2017-01-17 00:00:00-05:00,22.49159060239182,22.532700401684227,22.46783742204366,22.480627059936523,26200,0.0,0.0,0.0
2017-01-18 00:00:00-05:00,22.47148777814538,22.47331561574945,22.427637100219727,22.427637100219727,900,0.0,0.0,0.0
2017-01-19 00:00:00-05:00,22.38196321992126,22.445911407470703,22.372827515634565,22.445911407470703,700,0.0,0.0,0.0
2017-01-20 00:00:00-05:00,22.49158660100542,22.528127670288086,22.46417949220054,22.528127670288086,5800,0.0,0.0,0.0
2017-01-23 00:00:00-05:00,22.52813105014981,22.62862205505371,22.52813105014981,22.62862205505371,4000,0.0,0.0,0.0
2017-01-24 00:00:00-05:00,22.58294071809245,22.64689064025879,22.54639964788318,22.64689064025879,16800,0.0,0.0,0.0
2017-01-25 00:00:00-05:00,22.729111693131156,22.820466995239258,22.729111693131156,22.820466995239258,1000,0.0,0.0,0.0
2017-01-26 00:00:00-05:00,22.70170873486845,22.756521224975586,22.70170873486845,22.756521224975586,3600,0.0,0.0,0.0
2017-01-27 00:00:00-05:00,22.674297828814318,22.71084064441642,22.674297828814318,22.683433532714844,9500,0.0,0.0,0.0
2017-01-30 00:00:00-05:00,22.50985626441817,22.528127670288086,22.508943216861823,22.528127670288086,8500,0.0,0.0,0.0
2017-01-31 00:00:00-05:00,22.65602600282833,22.729109890226205,22.637756337821852,22.710840225219727,6600,0.0,0.0,0.0
2017-02-01 00:00:00-05:00,22.765654712885265,23.514765060392765,22.7382475992725,22.843305587768555,31600,0.0,0.0,0.0
2017-02-02 00:00:00-05:00,22.820463762415613,22.820463762415613,22.738244176411573,22.793058395385742,12100,0.0,0.0,0.0
2017-02-03 00:00:00-05:00,22.829599380493164,22.829599380493164,22.829599380493164,22.829599380493164,300,0.0,0.0,0.0
2017-02-06 00:00:00-05:00,22.67429741029213,22.829600888819773,22.637756337821852,22.710840225219727,14900,0.0,0.0,0.0
2017-02-07 00:00:00-05:00,22.692569643972732,22.756517829967002,22.692569643972732,22.729110717773438,8300,0.0,0.0,0.0
2017-02-08 00:00:00-05:00,22.820465572878334,22.902685165405273,22.820465572878334,22.902685165405273,4500,0.0,0.0,0.0
2017-02-09 00:00:00-05:00,22.90268905081059,22.957501540974953,22.90268905081059,22.939231872558594,5200,0.0,0.0,0.0
2017-02-10 00:00:00-05:00,22.93922747441865,22.966632843017578,22.93922747441865,22.966632843017578,200,0.0,0.0,0.0
2017-02-13 00:00:00-05:00,23.103665815749082,23.103665815749082,23.00774180176889,23.021446228027344,6900,0.0,0.0,0.0
2017-02-14 00:00:00-05:00,22.975768546702987,22.9849042503884,22.872538405726726,22.966632843017578,8800,0.0,0.0,0.0
2017-02-15 00:00:00-05:00,22.847874643619804,23.02144954744392,22.847874643619804,23.012313842773438,4500,0.0,0.0,0.0
2017-02-16 00:00:00-05:00,23.1054942939327,23.1767520904541,23.100012522863956,23.1767520904541,10200,0.0,0.0,0.0
2017-02-17 00:00:00-05:00,23.24983787536621,23.24983787536621,23.153913843682734,23.24983787536621,2000,0.0,0.0,0.0
2017-02-21 00:00:00-05:00,23.15848256743115,23.24983787536621,23.15848256743115,23.24983787536621,10800,0.0,0.0,0.0
2017-02-22 00:00:00-05:00,23.213290743970397,23.31378173828125,23.185883633942737,23.31378173828125,4100,0.0,0.0,0.0
2017-02-23 00:00:00-05:00,23.441679508023423,23.441679508023423,23.359459915459734,23.377731323242188,1800,0.0,0.0,0.0
2017-02-24 00:00:00-05:00,23.18771810456075,23.22243309020996,23.18771810456075,23.22243309020996,600,0.0,0.0,0.0
2017-02-27 00:00:00-05:00,23.249834212711345,23.249834212711345,23.233388900756836,23.233388900756836,1200,0.0,0.0,0.0
2017-02-28 00:00:00-05:00,23.29460102239622,23.295514070139827,23.27724266052246,23.27724266052246,1000,0.0,0.0,0.0
2017-03-01 00:00:00-05:00,23.39600230225367,23.505627262024625,23.39600230225367,23.478221893310547,2400,0.0,0.0,0.0
2017-03-02 00:00:00-05:00,23.41427379489241,23.441680908203125,23.41427379489241,23.441680908203125,400,0.0,0.0,0.0
2017-03-03 00:00:00-05:00,23.338452081865363,23.385956702155983,23.338452081865363,23.370426177978516,5600,0.0,0.0,0.0
2017-03-06 00:00:00-05:00,23.386869137275593,23.405140546706633,23.35032631841351,23.400571823120117,5300,0.0,0.0,0.0
2017-03-07 00:00:00-05:00,23.31378654243066,23.35946332609856,23.31378654243066,23.33205795288086,2400,0.0,0.0,0.0
2017-03-08 00:00:00-05:00,23.295509679575314,23.295509679575314,23.276325225830078,23.276325225830078,3000,0.0,0.0,0.0
2017-03-09 00:00:00-05:00,23.276325225830078,23.276325225830078,23.276325225830078,23.276325225830078,0,0.0,0.0,0.0
2017-03-10 00:00:00-05:00,23.4782184941233,23.523895263671875,23.4782184941233,23.523895263671875,700,0.0,0.0,0.0
2017-03-13 00:00:00-04:00,23.6609301370846,23.6609301370846,23.606117658596784,23.65179443359375,6600,0.0,0.0,0.0
2017-03-14 00:00:00-04:00,23.578716278076172,23.60612339520902,23.542175197690067,23.578716278076172,4900,0.0,0.0,0.0
2017-03-15 00:00:00-04:00,23.554049425942,23.752288818359375,23.554049425942,23.752288818359375,1200,0.0,0.0,0.0
2017-03-16 00:00:00-04:00,23.867395401000977,23.867395401000977,23.867395401000977,23.867395401000977,500,0.0,0.0,0.0
2017-03-17 00:00:00-04:00,23.867395401000977,23.867395401000977,23.867395401000977,23.867395401000977,0,0.0,0.0,0.0
2017-03-20 00:00:00-04:00,24.037315368652344,24.037315368652344,24.037315368652344,24.037315368652344,300,0.0,0.0,0.0
2017-03-21 00:00:00-04:00,23.98889980317438,23.98981285095215,23.98889980317438,23.98981285095215,800,0.0,0.0,0.0
2017-03-22 00:00:00-04:00,23.944134253373043,23.96149261584411,23.93865422426528,23.953269958496094,4100,0.0,0.0,0.0
2017-03-23 00:00:00-04:00,23.98981285095215,24.044625339397285,23.98981285095215,23.98981285095215,7400,0.0,0.0,0.0
2017-03-24 00:00:00-04:00,24.117704974472133,24.117704974472133,24.02634968157551,24.090299606323242,7800,0.0,0.0,0.0
2017-03-27 00:00:00-04:00,24.17298999010155,24.218929830003916,24.131645010402273,24.20055389404297,4200,0.15,0.0,0.0
2017-03-28 00:00:00-04:00,24.20055389404297,24.20055389404297,24.20055389404297,24.20055389404297,700,0.0,0.0,0.0
2017-03-29 00:00:00-04:00,24.154615268765824,24.218929290771484,24.13440103868857,24.218929290771484,7600,0.0,0.0,0.0
2017-03-30 00:00:00-04:00,24.154614479807016,24.1638006948572,24.133481979370117,24.133481979370117,2600,0.0,0.0,0.0
2017-03-31 00:00:00-04:00,24.172073493607474,24.172073493607474,24.145429611206055,24.145429611206055,1000,0.0,0.0,0.0
2017-04-03 00:00:00-04:00,24.117864355290575,24.117864355290575,23.980048338031203,24.051712036132812,4600,0.0,0.0,0.0
2017-04-04 00:00:00-04:00,24.131643295288086,24.131643295288086,24.131643295288086,24.131643295288086,400,0.0,0.0,0.0
2017-04-05 00:00:00-04:00,24.145424836164498,24.17298698425293,24.145424836164498,24.17298698425293,300,0.0,0.0,0.0
2017-04-06 00:00:00-04:00,24.16655775877946,24.182177128567908,24.15736979111416,24.163801193237305,2700,0.0,0.0,0.0
2017-04-07 00:00:00-04:00,24.127051498741675,24.15461540222168,24.127051498741675,24.15461540222168,1200,0.0,0.0,0.0
2017-04-10 00:00:00-04:00,24.127054073802164,24.200556071834637,24.127054073802164,24.191368103027344,1200,0.0,0.0,0.0
2017-04-11 00:00:00-04:00,24.264870514891108,24.30162239074707,24.237306607999134,24.30162239074707,500,0.0,0.0,0.0
2017-04-12 00:00:00-04:00,24.310806876298024,24.31999484460781,24.30805206298828,24.30805206298828,2100,0.0,0.0,0.0
2017-04-13 00:00:00-04:00,24.35950146415424,24.35950146415424,24.292430877685547,24.292430877685547,600,0.0,0.0,0.0
2017-04-17 00:00:00-04:00,24.384312346071834,24.439438407400665,24.384312346071834,24.421062469482422,900,0.0,0.0,0.0
2017-04-18 00:00:00-04:00,24.274055997271017,24.374201869595762,24.265786300322787,24.368690490722656,2100,0.0,0.0,0.0
2017-04-19 00:00:00-04:00,24.455056820627817,24.457813386450074,24.319995609892306,24.32918357849121,5500,0.0,0.0,0.0
2017-04-20 00:00:00-04:00,24.55887509943309,24.55887509943309,24.493642807006836,24.493642807006836,500,0.0,0.0,0.0
2017-04-21 00:00:00-04:00,24.411873404133953,24.411873404133953,24.36593531382742,24.393497467041016,2200,0.0,0.0,0.0
2017-04-24 00:00:00-04:00,24.990702980828008,24.998970925763945,24.987026391494478,24.993457794189453,4800,0.0,0.0,0.0
2017-04-25 00:00:00-04:00,24.993457794189453,24.993457794189453,24.993457794189453,24.993457794189453,0,0.0,0.0,0.0
2017-04-26 00:00:00-04:00,25.19283130891893,25.22039521248235,25.17445537320998,25.183643341064453,1200,0.0,0.0,0.0
2017-04-27 00:00:00-04:00,25.22039614004928,25.303086101355078,25.22039614004928,25.28654670715332,3000,0.0,0.0,0.0
2017-04-28 00:00:00-04:00,25.376584299936713,25.376584299936713,25.2755184173584,25.2755184173584,2800,0.0,0.0,0.0
2017-05-01 00:00:00-04:00,25.36739881330324,25.440900802612305,25.36739881330324,25.440900802612305,3000,0.0,0.0,0.0
2017-05-02 00:00:00-04:00,25.486841757197627,25.53278160095215,25.486841757197627,25.53278160095215,1300,0.0,0.0,0.0
2017-05-03 00:00:00-04:00,25.569531297761507,25.578719266359418,25.49602930140404,25.541967391967773,3400,0.0,0.0,0.0
2017-05-04 00:00:00-04:00,25.744098663330078,25.744098663330078,25.744098663330078,25.744098663330078,100,0.0,0.0,0.0
2017-05-05 00:00:00-04:00,25.817596435546875,25.817596435546875,25.817596435546875,25.817596435546875,100,0.0,0.0,0.0
2017-05-08 00:00:00-04:00,25.780848655852132,25.780848655852132,25.734910566468685,25.770742416381836,4200,0.0,0.0,0.0
2017-05-09 00:00:00-04:00,25.872727662177137,25.872727662177137,25.77166175842285,25.77166175842285,3400,0.0,0.0,0.0
2017-05-10 00:00:00-04:00,25.76247460014549,25.77166081612741,25.722047889636737,25.744098663330078,6400,0.0,0.0,0.0
2017-05-11 00:00:00-04:00,25.716531076026182,25.716531076026182,25.643029091714293,25.679780960083008,5100,0.0,0.0,0.0
2017-05-12 00:00:00-04:00,25.734910958031424,25.854351043701172,25.72480471840736,25.854351043701172,5200,0.0,0.0,0.0
2017-05-15 00:00:00-04:00,25.927853326016024,25.927853326016024,25.872727266822352,25.90947914123535,3300,0.0,0.0,0.0
2017-05-16 00:00:00-04:00,26.074856901516146,26.129984712253385,26.074856901516146,26.102420806884766,1700,0.0,0.0,0.0
2017-05-17 00:00:00-04:00,26.00135051636959,26.00135051636959,25.817596435546875,25.817596435546875,7900,0.0,0.0,0.0
2017-05-18 00:00:00-04:00,25.87272501470136,25.87272501470136,25.854349079094412,25.858943939208984,600,0.0,0.0,0.0
2017-05-19 00:00:00-04:00,25.982984103084757,26.194302147799846,25.982984103084757,26.175926208496094,1700,0.0,0.0,0.0
2017-05-22 00:00:00-04:00,26.27974310268845,26.29536247253418,26.27974310268845,26.29536247253418,1300,0.0,0.0,0.0
2017-05-23 00:00:00-04:00,26.332109455001937,26.332109455001937,26.24941950798419,26.25676918029785,2100,0.0,0.0,0.0
2017-05-24 00:00:00-04:00,26.240231805080942,26.359673619718222,26.240231805080942,26.322921752929688,3200,0.0,0.0,0.0
2017-05-25 00:00:00-04:00,26.38907938801868,26.433180936096115,26.38907938801868,26.39642906188965,2300,0.0,0.0,0.0
2017-05-26 00:00:00-04:00,26.332112458125977,26.359676361083984,26.31924965389737,26.359676361083984,8400,0.0,0.0,0.0
2017-05-30 00:00:00-04:00,26.34130096435547,26.34130096435547,26.309143953126465,26.34130096435547,500,0.0,0.0,0.0
2017-05-31 00:00:00-04:00,26.50667691691507,26.50667691691507,26.405611038208008,26.405611038208008,3000,0.0,0.0,0.0
2017-06-01 00:00:00-04:00,26.598562782299776,26.598562782299776,26.561810905444368,26.58018684387207,28000,0.0,0.0,0.0
2017-06-02 00:00:00-04:00,26.785072139284615,26.81631088256836,26.785072139284615,26.81631088256836,1400,0.0,0.0,0.0
2017-06-05 00:00:00-04:00,26.800691615314726,26.819067552897423,26.641743084833518,26.681251525878906,7500,0.0,0.0,0.0
2017-06-06 00:00:00-04:00,26.534245020062073,26.543432988591096,26.520463943481445,26.520463943481445,1800,0.0,0.0,0.0
2017-06-07 00:00:00-04:00,26.552619530011036,26.552619530011036,26.479117538155133,26.506681442260742,3600,0.0,0.0,0.0
2017-06-08 00:00:00-04:00,26.451551534264098,26.451551534264098,26.28617163856661,26.322921752929688,9900,0.0,0.0,0.0
2017-06-09 00:00:00-04:00,26.304548258098965,26.341300128294584,26.166732249716645,26.185108184814453,7200,0.0,0.0,0.0
2017-06-12 00:00:00-04:00,26.06291492961102,26.074857711791992,26.027081325790547,26.074857711791992,5400,0.0,0.0,0.0
2017-06-13 00:00:00-04:00,26.148360804395388,26.32292871294732,26.148360804395388,26.286178588867188,7600,0.0,0.0,0.0
2017-06-14 00:00:00-04:00,26.607742747988095,26.607742747988095,26.4478759765625,26.4478759765625,3800,0.0,0.0,0.0
2017-06-15 00:00:00-04:00,25.982977192177437,26.093229293823242,25.96460125776128,26.093229293823242,4400,0.0,0.0,0.0
2017-06-16 00:00:00-04:00,26.093229293823242,26.093229293823242,26.093229293823242,26.093229293823242,100,0.0,0.0,0.0
2017-06-19 00:00:00-04:00,26.543432811532874,26.55262078000061,26.5140323638916,26.5140323638916,22600,0.0,0.0,0.0
2017-06-20 00:00:00-04:00,26.396426612371855,26.396426612371855,26.267798569437186,26.29536247253418,2900,0.0,0.0,0.0
2017-06-21 00:00:00-04:00,26.29536247253418,26.29536247253418,26.29536247253418,26.29536247253418,200,0.0,0.0,0.0
2017-06-22 00:00:00-04:00,26.258613046045756,26.276988983154297,26.258613046045756,26.276988983154297,700,0.0,0.0,0.0
2017-06-23 00:00:00-04:00,26.276988983154297,26.276988983154297,26.276988983154297,26.276988983154297,0,0.0,0.0,0.0
2017-06-26 00:00:00-04:00,26.55903742172217,26.568285209307422,26.457315285954667,26.47580909729004,4300,0.185,0.0,0.0
2017-06-27 00:00:00-04:00,26.438820075968152,26.438820075968152,26.327848387247478,26.38333511352539,8700,0.0,0.0,0.0
2017-06-28 00:00:00-04:00,26.38333511352539,26.38333511352539,26.38333511352539,26.38333511352539,200,0.0,0.0,0.0
2017-06-29 00:00:00-04:00,26.135496431960608,26.135496431960608,26.11515235900879,26.11515235900879,500,0.0,0.0,0.0
2017-06-30 00:00:00-04:00,26.059672115779048,26.163244526031363,26.04117653856676,26.161396026611328,3200,0.0,0.0,0.0
2017-07-03 00:00:00-04:00,26.17063846886094,26.17063846886094,26.0504207611084,26.0504207611084,27200,0.0,0.0,0.0
2017-07-05 00:00:00-04:00,25.948696093159246,26.031924412912982,25.93020228286344,26.004182815551758,8100,0.0,0.0,0.0
2017-07-06 00:00:00-04:00,25.865471796616475,25.911710739135742,25.865471796616475,25.911710739135742,300,0.0,0.0,0.0
2017-07-07 00:00:00-04:00,25.82570066594294,25.953317642211914,25.82570066594294,25.953317642211914,1600,0.0,0.0,0.0
2017-07-10 00:00:00-04:00,25.9671927347622,26.02267769560058,25.94869715987104,26.0199031829834,2300,0.0,0.0,0.0
2017-07-11 00:00:00-04:00,25.88396792457283,26.03192901611328,25.88396792457283,26.03192901611328,11300,0.0,0.0,0.0
2017-07-12 00:00:00-04:00,26.26034001527671,26.26034001527671,26.25849151611328,26.25849151611328,500,0.0,0.0,0.0
2017-07-13 00:00:00-04:00,26.337099821448128,26.401832580566406,26.337099821448128,26.401832580566406,1200,0.0,0.0,0.0
2017-07-14 00:00:00-04:00,26.549788266159915,26.63301658630371,26.549788266159915,26.63301658630371,2000,0.0,0.0,0.0
2017-07-17 00:00:00-04:00,26.60527992248535,26.60527992248535,26.59880664669232,26.60527992248535,1500,0.0,0.0,0.0
2017-07-18 00:00:00-04:00,26.58307890527517,26.614521026611328,26.58307890527517,26.614521026611328,700,0.0,0.0,0.0
2017-07-19 00:00:00-04:00,26.69590441069779,26.74399185180664,26.69590441069779,26.74399185180664,5300,0.0,0.0,0.0
2017-07-20 00:00:00-04:00,26.864207260055437,26.891950622711388,26.864207260055437,26.873455047607422,3100,0.0,0.0,0.0
2017-07-21 00:00:00-04:00,26.706999562257863,26.79022789001465,26.706999562257863,26.79022789001465,300,0.0,0.0,0.0
2017-07-24 00:00:00-04:00,26.614524106713787,26.67925685587686,26.586780744000272,26.66538429260254,14200,0.0,0.0,0.0
2017-07-25 00:00:00-04:00,26.670011733091002,26.670011733091002,26.56921383701353,26.596031188964844,5900,0.0,0.0,0.0
2017-07-26 00:00:00-04:00,26.651513407338587,26.910446166992188,26.651513407338587,26.910446166992188,15600,0.0,0.0,0.0
2017-07-27 00:00:00-04:00,26.85496107049444,26.85496107049444,26.725493809401318,26.75786018371582,2700,0.0,0.0,0.0
2017-07-28 00:00:00-04:00,26.57753616330774,26.716249465942383,26.57753616330774,26.716249465942383,2000,0.0,0.0,0.0
2017-07-31 00:00:00-04:00,26.716241824156576,26.734737396240234,26.716241824156576,26.734737396240234,1000,0.0,0.0,0.0
2017-08-01 00:00:00-04:00,26.928945577431104,26.93819160245424,26.8836308828738,26.89195442199707,4100,0.0,0.0,0.0
2017-08-02 00:00:00-04:00,26.91969487219042,26.956684259781785,26.882703720763875,26.94651222229004,700,0.0,0.0,0.0
2017-08-03 00:00:00-04:00,26.854961031882763,27.002922103917783,26.854961031882763,26.94743537902832,1100,0.0,0.0,0.0
2017-08-04 00:00:00-04:00,26.932639542492634,26.932639542492634,26.82721688488782,26.919692993164062,14100,0.0,0.0,0.0
2017-08-07 00:00:00-04:00,26.96593475341797,26.9844303309871,26.96593475341797,26.96593475341797,1900,0.0,0.0,0.0
2017-08-08 00:00:00-04:00,26.96593023636302,26.96593023636302,26.827216955501072,26.83738899230957,6000,0.0,0.0,0.0
2017-08-09 00:00:00-04:00,26.87900733947754,26.87900733947754,26.87900733947754,26.87900733947754,200,0.0,0.0,0.0
2017-08-10 00:00:00-04:00,26.651516156100637,26.697755098576547,26.596031188964844,26.596031188964844,29400,0.0,0.0,0.0
2017-08-11 00:00:00-04:00,26.596031188964844,26.596031188964844,26.596031188964844,26.596031188964844,0,0.0,0.0,0.0
2017-08-14 00:00:00-04:00,26.73381792284074,26.73381792284074,26.725494384765625,26.725494384765625,400,0.0,0.0,0.0
2017-08-15 00:00:00-04:00,26.697749144464975,26.697749144464975,26.688501358032227,26.688501358032227,300,0.0,0.0,0.0
2017-08-16 00:00:00-04:00,26.688501358032227,26.688501358032227,26.688501358032227,26.688501358032227,100,0.0,0.0,0.0
2017-08-17 00:00:00-04:00,26.706998825073242,26.706998825073242,26.706998825073242,26.706998825073242,600,0.0,0.0,0.0
2017-08-18 00:00:00-04:00,26.706998825073242,26.706998825073242,26.706998825073242,26.706998825073242,100,0.0,0.0,0.0
2017-08-21 00:00:00-04:00,26.706998825073242,26.706998825073242,26.706998825073242,26.706998825073242,0,0.0,0.0,0.0
2017-08-22 00:00:00-04:00,26.808723036350496,26.812421798706055,26.799475248544017,26.812421798706055,3000,0.0,0.0,0.0
2017-08-23 00:00:00-04:00,26.817971605829243,26.86420878237417,26.799476029677184,26.850337982177734,1800,0.0,0.0,0.0
2017-08-24 00:00:00-04:00,26.926168207768203,26.926168207768203,26.88270378112793,26.88270378112793,800,0.0,0.0,0.0
2017-08-25 00:00:00-04:00,27.049156188964844,27.049156188964844,27.049156188964844,27.049156188964844,2000,0.0,0.0,0.0
2017-08-28 00:00:00-04:00,27.049156188964844,27.049156188964844,27.049156188964844,27.049156188964844,600,0.0,0.0,0.0
2017-08-29 00:00:00-04:00,26.965927293056772,26.975175079282856,26.928937911987305,26.928937911987305,1100,0.0,0.0,0.0
2017-08-30 00:00:00-04:00,26.862358760846114,26.873455047607422,26.862358760846114,26.873455047607422,900,0.0,0.0,0.0
2017-08-31 00:00:00-04:00,27.012166761737234,27.104642868041992,27.012166761737234,27.104642868041992,600,0.0,0.0,0.0
2017-09-01 00:00:00-04:00,27.150886553215944,27.150886553215944,27.13239097595215,27.13239097595215,600,0.0,0.0,0.0
2017-09-05 00:00:00-04:00,26.891949631530675,26.919692993164062,26.891949631530675,26.919692993164062,1400,0.0,0.0,0.0
2017-09-06 00:00:00-04:00,27.1693774782814,27.18787305357894,27.160131454467773,27.160131454467773,7200,0.0,0.0,0.0
2017-09-07 00:00:00-04:00,27.40056610107422,27.40056610107422,27.40056610107422,27.40056610107422,500,0.0,0.0,0.0
2017-09-08 00:00:00-04:00,27.391325015363172,27.391325015363172,27.37282943725586,27.37282943725586,500,0.0,0.0,0.0
2017-09-11 00:00:00-04:00,27.55777359008789,27.55777359008789,27.55777359008789,27.55777359008789,200,0.0,0.0,0.0
2017-09-12 00:00:00-04:00,27.567022482025333,27.585518056621098,27.54852867126465,27.54852867126465,3000,0.0,0.0,0.0
2017-09-13 00:00:00-04:00,27.53003143044101,27.53003143044101,27.41905975341797,27.41905975341797,1500,0.0,0.0,0.0
2017-09-14 00:00:00-04:00,27.45605372598198,27.465301513671875,27.446805938292087,27.465301513671875,1300,0.0,0.0,0.0
2017-09-15 00:00:00-04:00,27.64100169434567,27.650249481201172,27.64100169434567,27.650249481201172,3600,0.0,0.0,0.0
2017-09-18 00:00:00-04:00,27.687243294396293,27.714984893798828,27.6594999311586,27.714984893798828,2100,0.0,0.0,0.0
2017-09-19 00:00:00-04:00,27.788963581603014,27.82595473012355,27.75197419691752,27.80561065673828,3500,0.0,0.0,0.0
2017-09-20 00:00:00-04:00,27.80746234141202,27.80746234141202,27.74272958792051,27.747352600097656,2800,0.0,0.0,0.0
2017-09-21 00:00:00-04:00,27.622512935051972,27.639158248901367,27.622512935051972,27.639158248901367,400,0.0,0.0,0.0
2017-09-22 00:00:00-04:00,27.687244415283203,27.687244415283203,27.687244415283203,27.687244415283203,400,0.0,0.0,0.0
2017-09-25 00:00:00-04:00,27.64100494657366,27.64100494657366,27.5207872309773,27.5300350189209,1200,0.0,0.0,0.0
2017-09-26 00:00:00-04:00,27.37234828742921,27.409449838582297,27.298143415939354,27.38440704345703,1700,0.09,0.0,0.0
2017-09-27 00:00:00-04:00,27.353795218838577,27.372346878051758,27.353795218838577,27.372346878051758,400,0.0,0.0,0.0
2017-09-28 00:00:00-04:00,27.529107179039567,27.567135782958186,27.50220674067797,27.548585891723633,2100,0.0,0.0,0.0
2017-09-29 00:00:00-04:00,27.65989297309645,27.70627212524414,27.64690716433185,27.70627212524414,5400,0.0,0.0,0.0
2017-10-02 00:00:00-04:00,27.678442923689968,27.743371963500977,27.66916709383359,27.743371963500977,3200,0.0,0.0,0.0
2017-10-03 00:00:00-04:00,27.76192454402268,27.80830192565918,27.75264871385864,27.80830192565918,4300,0.0,0.0,0.0
2017-10-04 00:00:00-04:00,27.808304556435832,27.836132049560547,27.808304556435832,27.836132049560547,2500,0.0,0.0,0.0
2017-10-05 00:00:00-04:00,27.836132049560547,27.836132049560547,27.836132049560547,27.836132049560547,100,0.0,0.0,0.0
2017-10-06 00:00:00-04:00,27.539309076697446,27.613513946533203,27.539309076697446,27.613513946533203,6800,0.0,0.0,0.0
2017-10-09 00:00:00-04:00,27.622792600269744,27.67844581604004,27.622792600269744,27.67844581604004,1800,0.0,0.0,0.0
2017-10-10 00:00:00-04:00,27.863957370528688,27.938162243892684,27.83612987957329,27.92888641357422,3000,0.0,0.0,0.0
2017-10-11 00:00:00-04:00,27.956713858981523,27.956713858981523,27.932598114013672,27.932598114013672,1700,0.0,0.0,0.0
2017-10-12 00:00:00-04:00,28.04019618736229,28.08657534449285,28.030920355936182,28.068023681640625,2400,0.0,0.0,0.0
2017-10-13 00:00:00-04:00,28.129237943653674,28.159846589860265,28.11439626207301,28.13294792175293,1800,0.0,0.0,0.0
2017-10-16 00:00:00-04:00,28.132022131881854,28.132949184152356,28.102340536572274,28.10419464111328,1700,0.0,0.0,0.0
2017-10-17 00:00:00-04:00,28.01236816521879,28.07729721069336,27.993816503887825,28.07729721069336,25600,0.0,0.0,0.0
2017-10-18 00:00:00-04:00,28.077295852849996,28.170052385835223,28.077295852849996,28.14964485168457,2100,0.0,0.0,0.0
2017-10-19 00:00:00-04:00,27.984542390329867,27.984542390329867,27.94651201302302,27.952077865600586,1700,0.0,0.0,0.0
2017-10-20 00:00:00-04:00,27.85468292236328,27.85468292236328,27.85468292236328,27.85468292236328,500,0.0,0.0,0.0
2017-10-23 00:00:00-04:00,27.891782709022927,27.891782709022927,27.807374954223633,27.807374954223633,3600,0.0,0.0,0.0
2017-10-24 00:00:00-04:00,27.873233604542957,27.873233604542957,27.814797461246545,27.836132049560547,2700,0.0,0.0,0.0
2017-10-25 00:00:00-04:00,27.78047428711097,27.78047428711097,27.767488479614258,27.767488479614258,600,0.0,0.0,0.0
2017-10-26 00:00:00-04:00,27.928886766036786,27.928886766036786,27.86395772217185,27.876014709472656,4800,0.0,0.0,0.0
2017-10-27 00:00:00-04:00,27.873227481744493,27.873227481744493,27.79902261889608,27.845401763916016,5800,0.0,0.0,0.0
2017-10-30 00:00:00-04:00,27.855608526921944,27.901058856946836,27.8268539837575,27.88714599609375,4800,0.0,0.0,0.0
2017-10-31 00:00:00-04:00,28.049469324953634,28.105122538981494,28.049469324953634,28.086572647094727,4100,0.0,0.0,0.0
2017-11-01 00:00:00-04:00,28.039264991794298,28.039264991794298,28.021640383933775,28.030916213989258,900,0.0,0.0,0.0
2017-11-02 00:00:00-04:00,27.965991497830025,27.992891939906283,27.965991497830025,27.976194381713867,1700,0.0,0.0,0.0
2017-11-03 00:00:00-04:00,28.036484697504616,28.058746337890625,28.036484697504616,28.058746337890625,600,0.0,0.0,0.0
2017-11-06 00:00:00-05:00,28.040195588181643,28.123676300048828,28.030919756953743,28.123676300048828,3600,0.0,0.0,0.0
2017-11-07 00:00:00-05:00,27.91960906982422,27.91960906982422,27.863955860113936,27.91960906982422,3200,0.0,0.0,0.0
2017-11-08 00:00:00-05:00,27.965064131524475,27.984542846679688,27.965064131524475,27.984542846679688,700,0.0,0.0,0.0
2017-11-09 00:00:00-05:00,27.734092481514647,27.743368310149553,27.70626676479335,27.741514205932617,2800,0.0,0.0,0.0
2017-11-10 00:00:00-05:00,27.761923113126965,27.808300492373093,27.761923113126965,27.798097610473633,1300,0.0,0.0,0.0
2017-11-13 00:00:00-05:00,27.54858733040578,27.687721252441406,27.54858733040578,27.687721252441406,3400,0.0,0.0,0.0
2017-11-14 00:00:00-05:00,27.669172672338448,27.771205052146176,27.641345177158886,27.748016357421875,2300,0.0,0.0,0.0
2017-11-15 00:00:00-05:00,27.60424153557927,27.659894752553104,27.60424153557927,27.622793197631836,3100,0.0,0.0,0.0
2017-11-16 00:00:00-05:00,27.919611058029798,27.919611058029798,27.863957844356346,27.918684005737305,6800,0.0,0.0,0.0
2017-11-17 00:00:00-05:00,27.83612854753969,27.839838525652798,27.817576887790505,27.82777976989746,8300,0.0,0.0,0.0
2017-11-20 00:00:00-05:00,28.040192504141004,28.06338119506836,28.040192504141004,28.06338119506836,1200,0.0,0.0,0.0
2017-11-21 00:00:00-05:00,28.253533984485184,28.309188971036306,28.253533984485184,28.304550170898438,2000,0.0,0.0,0.0
2017-11-22 00:00:00-05:00,28.29063678641313,28.318464279174805,28.273940998429666,28.318464279174805,2400,0.0,0.0,0.0
2017-11-24 00:00:00-05:00,28.49469678369956,28.513248443603516,28.484493901507488,28.513248443603516,4300,0.0,0.0,0.0
2017-11-27 00:00:00-05:00,28.476150183836978,28.48264308863535,28.43904685974121,28.43904685974121,9400,0.0,0.0,0.0
2017-11-28 00:00:00-05:00,28.420492372084876,28.545713424682617,28.420492372084876,28.545713424682617,30400,0.0,0.0,0.0
2017-11-29 00:00:00-05:00,28.44832283647927,28.44832283647927,28.26280975341797,28.26280975341797,6400,0.0,0.0,0.0
2017-11-30 00:00:00-05:00,28.322174196806603,28.327740049183742,28.1886043548584,28.1886043548584,3300,0.0,0.0,0.0
2017-12-01 00:00:00-05:00,28.170053361418738,28.215503692626953,28.132950039266202,28.215503692626953,900,0.0,0.0,0.0
2017-12-04 00:00:00-05:00,28.207152465374914,28.207152465374914,28.14315047864724,28.183963775634766,9100,0.0,0.0,0.0
2017-12-05 00:00:00-05:00,28.05874186454188,28.142222560384294,28.05874186454188,28.072654724121094,2200,0.0,0.0,0.0
2017-12-06 00:00:00-05:00,28.095850636943897,28.179329579809597,28.095850636943897,28.165416717529297,1100,0.0,0.0,0.0
2017-12-07 00:00:00-05:00,28.105120075122784,28.128310534019842,28.077294355140108,28.097700119018555,3200,0.0,0.0,0.0
2017-12-08 00:00:00-05:00,28.179326948553694,28.225706100463867,28.160777056973373,28.225706100463867,5900,0.0,0.0,0.0
2017-12-11 00:00:00-05:00,28.207152926829338,28.23034161694884,28.17932543717574,28.216428756713867,4400,0.0,0.0,0.0
2017-12-12 00:00:00-05:00,28.181182429073626,28.244257367117836,28.179326555349615,28.234981536865234,12000,0.0,0.0,0.0
2017-12-13 00:00:00-05:00,28.290632247924805,28.392664602498684,28.271153536871633,28.290632247924805,12700,0.0,0.0,0.0
2017-12-14 00:00:00-05:00,28.216431847560234,28.24333051874332,28.1886043548584,28.1886043548584,2100,0.0,0.0,0.0
2017-12-15 00:00:00-05:00,28.123675349221518,28.144081115722656,28.123675349221518,28.144081115722656,1200,0.0,0.0,0.0
2017-12-18 00:00:00-05:00,28.46687409870261,28.49933862240468,28.346290065651637,28.360204696655273,31500,0.0,0.0,0.0
2017-12-19 00:00:00-05:00,28.40194169288142,28.411215753542088,28.32773682331058,28.39266586303711,3100,0.0,0.0,0.0
2017-12-20 00:00:00-05:00,28.298984510239773,28.298984510239773,28.244258348276922,28.25353240966797,11000,0.0,0.0,0.0
2017-12-21 00:00:00-05:00,28.346290626711223,28.420495506525235,28.346290626711223,28.3898868560791,3800,0.0,0.0,0.0
2017-12-22 00:00:00-05:00,28.364838373504178,28.39266586303711,28.364838373504178,28.39266586303711,900,0.0,0.0,0.0
2017-12-26 00:00:00-05:00,28.410348864820058,28.447570802292894,28.410348864820058,28.424306869506836,500,0.099,0.0,0.0
2017-12-27 00:00:00-05:00,28.549935040460156,28.549935040460156,28.47641944885254,28.47641944885254,13300,0.0,0.0,0.0
2017-12-28 00:00:00-05:00,28.627170054247774,28.627170054247774,28.54993245327972,28.587154388427734,5800,0.0,0.0,0.0
2017-12-29 00:00:00-05:00,28.726743498160968,28.726743498160968,28.54062848487285,28.559240341186523,5100,0.0,0.0,0.0
2018-01-02 00:00:00-05:00,28.689519430568435,28.69138132614649,28.61507378115914,28.6215877532959,11700,0.0,0.0,0.0
2018-01-03 00:00:00-05:00,28.894243346464236,28.894243346464236,28.884939193725586,28.884939193725586,1900,0.0,0.0,0.0
2018-01-04 00:00:00-05:00,29.144570152644572,29.145500213002027,28.242846462380914,29.108278274536133,4400,0.0,0.0,0.0
2018-01-05 00:00:00-05:00,29.192028095847768,29.280431747436523,29.182722168060913,29.280431747436523,15200,0.0,0.0,0.0
2018-01-08 00:00:00-05:00,29.275777844360544,29.275777844360544,29.231111875956486,29.238555908203125,9300,0.0,0.0,0.0
2018-01-09 00:00:00-05:00,29.21063820336911,29.275777923012775,29.21063820336911,29.2664737701416,2800,0.0,0.0,0.0
2018-01-10 00:00:00-05:00,29.09897151559378,29.126887524915286,29.080359659429917,29.093387603759766,1700,0.0,0.0,0.0
2018-01-11 00:00:00-05:00,29.136195126805674,29.257170423896266,29.136195126805674,29.248794555664062,9900,0.0,0.0,0.0
2018-01-12 00:00:00-05:00,29.34091959556691,29.485157039960207,29.34091959556691,29.47119903564453,22400,0.0,0.0,0.0
2018-01-16 00:00:00-05:00,29.554950610492117,29.554950610492117,29.49074095076316,29.494462966918945,6200,0.0,0.0,0.0
2018-01-17 00:00:00-05:00,29.81551345297041,29.81551345297041,29.80620574951172,29.80620574951172,1500,0.0,0.0,0.0
2018-01-18 00:00:00-05:00,29.713148892728686,29.862040193810174,29.713148892728686,29.75595474243164,20600,0.0,0.0,0.0
2018-01-19 00:00:00-05:00,30.0481547762981,30.07607078552246,29.964403198776434,30.07607078552246,8300,0.0,0.0,0.0
2018-01-22 00:00:00-05:00,30.10398667517981,30.222171783447266,30.10398667517981,30.222171783447266,4800,0.0,0.0,0.0
2018-01-23 00:00:00-05:00,30.29011023070481,30.364557675807838,30.235208257313456,30.344085693359375,8200,0.0,0.0,0.0
2018-01-24 00:00:00-05:00,30.438991653237338,30.438991653237338,30.298474453791787,30.383159637451172,4000,0.0,0.0,0.0
2018-01-25 00:00:00-05:00,30.40642323852928,30.40642323852928,30.122598645305214,30.169126510620117,12600,0.0,0.0,0.0
2018-01-26 00:00:00-05:00,30.33663012200428,30.47621726989746,30.308714112365095,30.47621726989746,14900,0.0,0.0,0.0
2018-01-29 00:00:00-05:00,30.290101980650174,30.290101980650174,30.176574272593804,30.257532119750977,3300,0.0,0.0,0.0
2018-01-30 00:00:00-05:00,30.11514883955258,30.159816575649373,30.09002301613264,30.103981018066406,2500,0.0,0.0,0.0
2018-01-31 00:00:00-05:00,30.187738366715795,30.187738366715795,30.01093105857973,30.169126510620117,7400,0.0,0.0,0.0
2018-02-01 00:00:00-05:00,29.945789337838917,30.03884506225586,29.945789337838917,30.03884506225586,2600,0.0,0.0,0.0
2018-02-02 00:00:00-05:00,29.703841750421095,29.703841750421095,29.36883544921875,29.36883544921875,55700,0.0,0.0,0.0
2018-02-05 00:00:00-05:00,29.024523753890854,29.11664941782716,28.19631396410652,28.21027374267578,25900,0.0,0.0,0.0
2018-02-06 00:00:00-05:00,28.05672723157786,28.670904210881822,27.880850004518848,28.642988204956055,9900,0.0,0.0,0.0
2018-02-07 00:00:00-05:00,28.503405655190935,28.587157236272517,28.35358428955078,28.35358428955078,2900,0.0,0.0,0.0
2018-02-08 00:00:00-05:00,28.242841115782433,28.242841115782433,27.744985580444336,27.744985580444336,6100,0.0,0.0,0.0
2018-02-09 00:00:00-05:00,27.94506189553956,27.94506189553956,27.396024586000685,27.704973220825195,5600,0.0,0.0,0.0
2018-02-12 00:00:00-05:00,28.019504667390482,28.233535657644694,28.019504667390482,28.196311950683594,11400,0.0,0.0,0.0
2018-02-13 00:00:00-05:00,28.075342331410397,28.177705764770508,28.075342331410397,28.177705764770508,4300,0.0,0.0,0.0
2018-02-14 00:00:00-05:00,28.382426859655606,28.68858528137207,28.354509079509523,28.68858528137207,48900,0.0,0.0,0.0
2018-02-15 00:00:00-05:00,28.987300628253614,29.089664056844327,28.947286737038656,29.063608169555664,3600,0.0,0.0,0.0
2018-02-16 00:00:00-05:00,29.17341619011259,29.28508377351436,29.164110262341737,29.192028045654297,3700,0.0,0.0,0.0
2018-02-20 00:00:00-05:00,29.005916480283705,29.043138420857527,28.884942954763222,28.88959503173828,9100,0.0,0.0,0.0
2018-02-21 00:00:00-05:00,29.043136095574184,29.145499530074446,28.93332862854004,28.93332862854004,15900,0.0,0.0,0.0
2018-02-22 00:00:00-05:00,28.95845308299714,29.050580524661036,28.950078990524926,28.95938491821289,3600,0.0,0.0,0.0
2018-02-23 00:00:00-05:00,28.959383093462932,29.033828735351562,28.959383093462932,29.033828735351562,2500,0.0,0.0,0.0
2018-02-26 00:00:00-05:00,29.3223075851292,29.36883544921875,29.210638226420336,29.36883544921875,35300,0.0,0.0,0.0
2018-02-27 00:00:00-05:00,30.048154778040782,30.048154778040782,28.933328381625472,28.986371994018555,7800,0.0,0.0,0.0
2018-02-28 00:00:00-05:00,28.829105158037557,28.829105158037557,28.494100619012976,28.559240341186523,7400,0.0,0.0,0.0
2018-03-01 00:00:00-05:00,28.28006578002791,28.28006578002791,27.917143482728182,28.06417465209961,9200,0.0,0.0,0.0
2018-03-02 00:00:00-05:00,27.982284645242597,28.112564086914062,27.96367278931117,28.112564086914062,4000,0.0,0.0,0.0
2018-03-05 00:00:00-05:00,28.084648378624394,28.388944949171652,28.084648378624394,28.387083053588867,11100,0.0,0.0,0.0
2018-03-06 00:00:00-05:00,28.54993245327972,28.61507217098189,28.5452786020586,28.587154388427734,5600,0.0,0.0,0.0
2018-03-07 00:00:00-05:00,28.54993062947661,28.615070343017578,28.45687313516491,28.615070343017578,2900,0.0,0.0,0.0
2018-03-08 00:00:00-05:00,28.69882781224348,28.791885325692213,28.69882781224348,28.773273468017578,3900,0.0,0.0,0.0
2018-03-09 00:00:00-05:00,28.950080839976252,29.043136572952246,28.950080839976252,29.01056671142578,3400,0.0,0.0,0.0
2018-03-12 00:00:00-04:00,29.015220642089844,29.03383249870549,29.001262637090278,29.015220642089844,3300,0.0,0.0,0.0
2018-03-13 00:00:00-04:00,29.10827597343289,29.10827597343289,28.829103469848633,28.829103469848633,3500,0.0,0.0,0.0
2018-03-14 00:00:00-04:00,28.987299286925765,28.987299286925765,28.870977859791292,28.93890953063965,5800,0.0,0.0,0.0
2018-03-15 00:00:00-04:00,28.92216120746103,29.024524637104424,28.92216120746103,28.95938491821289,6200,0.0,0.0,0.0
2018-03-16 00:00:00-04:00,28.85702127906893,28.903549142246746,28.782575633029904,28.838409423828125,17200,0.0,0.0,0.0
2018-03-19 00:00:00-04:00,28.773267632407176,28.773267632407176,28.60576449715626,28.642988204956055,2100,0.0,0.0,0.0
2018-03-20 00:00:00-04:00,28.697033372457625,28.772504711336495,28.67933092098772,28.72591781616211,6300,0.039,0.0,0.0
2018-03-21 00:00:00-04:00,28.72591781616211,28.72591781616211,28.72591781616211,28.72591781616211,200,0.0,0.0,0.0
2018-03-22 00:00:00-04:00,28.45570946909542,28.45570946909542,28.35321617126465,28.35321617126465,2900,0.0,0.0,0.0
2018-03-23 00:00:00-04:00,28.343899048111624,28.343899048111624,28.031761169433594,28.031761169433594,5000,0.0,0.0,0.0
2018-03-26 00:00:00-04:00,28.282406245642957,28.49298208556944,28.278679506989363,28.47341537475586,3100,0.0,0.0,0.0
2018-03-27 00:00:00-04:00,28.502295366315614,28.58615319303277,28.17618179321289,28.17618179321289,4900,0.0,0.0,0.0
2018-03-28 00:00:00-04:00,28.399801149269962,28.54888133032839,28.399801149269962,28.455707550048828,9600,0.0,0.0,0.0
2018-03-29 00:00:00-04:00,28.586148759057476,28.73522892183627,28.586148759057476,28.69795799255371,1200,0.0,0.0,0.0
2018-04-02 00:00:00-04:00,28.30756008854282,28.30756008854282,28.13891319155105,28.170591354370117,3800,0.0,0.0,0.0
2018-04-03 00:00:00-04:00,28.492981222094073,28.492981222094073,28.325265547530947,28.334583282470703,4400,0.0,0.0,0.0
2018-04-04 00:00:00-04:00,28.194817100333893,28.586153030395508,28.194817100333893,28.586153030395508,1600,0.0,0.0,0.0
2018-04-05 00:00:00-04:00,28.67467049400264,28.772504037884634,28.67467049400264,28.744552612304688,22100,0.0,0.0,0.0
2018-04-06 00:00:00-04:00,28.670013011160865,28.683057483903998,28.473412902549253,28.530250549316406,4900,0.0,0.0,0.0
2018-04-09 00:00:00-04:00,28.780892178856515,28.902952194213867,28.780892178856515,28.902952194213867,2600,0.0,0.0,0.0
2018-04-10 00:00:00-04:00,28.9774902344383,29.079981755434147,28.9774902344383,29.05668830871582,6300,0.0,0.0,0.0
2018-04-11 00:00:00-04:00,28.921584751736372,28.99612484533668,28.87499608250117,28.879655838012695,3800,0.0,0.0,0.0
2018-04-12 00:00:00-04:00,28.83772455490867,28.95885153061607,28.83772455490867,28.940216064453125,2300,0.0,0.0,0.0
2018-04-13 00:00:00-04:00,28.930901147975685,28.930901147975685,28.837727362441655,28.865678787231445,3400,0.0,0.0,0.0
2018-04-16 00:00:00-04:00,28.940218307534135,28.940218307534135,28.912266883299143,28.93090057373047,2700,0.0,0.0,0.0
2018-04-17 00:00:00-04:00,29.05203135389349,29.05203135389349,28.930902583208507,29.04178237915039,4300,0.0,0.0,0.0
2018-04-18 00:00:00-04:00,29.089298584052223,29.089298584052223,29.042711692065748,29.079980850219727,2200,0.0,0.0,0.0
2018-04-19 00:00:00-04:00,28.902949861348027,28.902949861348027,28.706349760753426,28.741756439208984,2900,0.0,0.0,0.0
2018-04-20 00:00:00-04:00,28.548883559637005,28.558201293827747,28.455709772081743,28.48459243774414,15000,0.0,0.0,0.0
2018-04-23 00:00:00-04:00,28.409120223860658,28.483660317908736,28.380235781914127,28.418437957763672,4400,0.0,0.0,0.0
2018-04-24 00:00:00-04:00,28.51813892871379,28.51813892871379,28.334583282470703,28.334583282470703,6900,0.0,0.0,0.0
2018-04-25 00:00:00-04:00,28.18550151505598,28.32526397705078,28.17618378063284,28.32526397705078,3200,0.0,0.0,0.0
2018-04-26 00:00:00-04:00,28.474345487325103,28.511616426737397,28.432416569074373,28.49298095703125,8400,0.0,0.0,0.0
2018-04-27 00:00:00-04:00,28.51161640672148,28.604791978010596,28.51161640672148,28.595474243164062,900,0.0,0.0,0.0
2018-04-30 00:00:00-04:00,28.548883341175042,28.576836543533368,28.469685266923893,28.502296447753906,15000,0.0,0.0,0.0
2018-05-01 00:00:00-04:00,28.24513444879004,28.334583282470703,28.24513444879004,28.334583282470703,2100,0.0,0.0,0.0
2018-05-02 00:00:00-04:00,28.548880527275244,28.632738348908763,28.474340438842773,28.474340438842773,24000,0.0,0.0,0.0
2018-05-03 00:00:00-04:00,28.548882668420063,28.58615360401954,28.38116701257448,28.520931243896484,22700,0.0,0.0,0.0
2018-05-04 00:00:00-04:00,28.642055073505343,28.642055073505343,28.595468186316523,28.604785919189453,2400,0.0,0.0,0.0
2018-05-07 00:00:00-04:00,28.651378968397392,28.68864990790493,28.632743498643624,28.642061233520508,30300,0.0,0.0,0.0
2018-05-08 00:00:00-04:00,28.61410017884367,28.701686507222544,28.558195562095555,28.69795799255371,16700,0.0,0.0,0.0
2018-05-09 00:00:00-04:00,28.688647983968703,28.772504037884634,28.614106109952605,28.744552612304688,16800,0.0,0.0,0.0
2018-05-10 00:00:00-04:00,28.92158484534837,28.986807205312747,28.837727017629593,28.977489471435547,32300,0.0,0.0,0.0
2018-05-11 00:00:00-04:00,29.024073885010505,29.024073885010505,28.940216064453125,28.940216064453125,540600,0.0,0.0,0.0
2018-05-14 00:00:00-04:00,29.154523184782942,29.159181163185302,29.04923439025879,29.04923439025879,6700,0.0,0.0,0.0
2018-05-15 00:00:00-04:00,28.86567868948426,28.86567868948426,28.781820861046764,28.819091796875,8400,0.0,0.0,0.0
2018-05-16 00:00:00-04:00,28.902949042759534,29.013827053414477,28.88431357522102,28.986806869506836,12600,0.0,0.0,0.0
2018-05-17 00:00:00-04:00,28.958854772203093,29.031532387503592,28.958854772203093,29.005441665649414,8600,0.0,0.0,0.0
2018-05-18 00:00:00-04:00,28.977486996779014,28.99612246294196,28.912264642384578,28.940216064453125,16000,0.0,0.0,0.0
2018-05-21 00:00:00-04:00,29.201108832880774,29.201108832880774,29.06041336609697,29.154521942138672,44600,0.0,0.0,0.0
2018-05-22 00:00:00-04:00,29.154527443188186,29.181547631655818,29.107938766479492,29.107938766479492,16900,0.0,0.0,0.0
2018-05-23 00:00:00-04:00,28.791138692498595,28.865678787231445,28.69796312978852,28.865678787231445,6100,0.0,0.0,0.0
2018-05-24 00:00:00-04:00,28.921587326961863,28.921587326961863,28.81909402269426,28.912269592285156,7700,0.0,0.0,0.0
2018-05-25 00:00:00-04:00,28.793002852665648,28.819091796875,28.75386943635162,28.819091796875,3300,0.0,0.0,0.0
2018-05-29 00:00:00-04:00,28.437072768417824,28.483659659680285,28.214383731657204,28.232086181640625,13700,0.0,0.0,0.0
2018-05-30 00:00:00-04:00,29.406096108700392,29.406096108700392,28.427757103581445,28.632741928100586,2800,0.0,0.0,0.0
2018-05-31 00:00:00-04:00,28.632741605471004,28.632741605471004,28.437074517522408,28.539566040039062,7500,0.0,0.0,0.0
2018-06-01 00:00:00-04:00,28.69796360551754,28.753870010375977,28.69796360551754,28.753870010375977,400,0.0,0.0,0.0
2018-06-04 00:00:00-04:00,28.865679459500104,28.865679459500104,28.82188806362739,28.847043991088867,1700,0.0,0.0,0.0
2018-06-05 00:00:00-04:00,28.912267120823593,28.912267120823593,28.874996185302734,28.874996185302734,2700,0.0,0.0,0.0
2018-06-06 00:00:00-04:00,28.89270026486737,29.079980850219727,28.87499603743282,29.079980850219727,7000,0.0,0.0,0.0
2018-06-07 00:00:00-04:00,28.930906144959263,28.930906144959263,28.735239028930664,28.735239028930664,10800,0.0,0.0,0.0
2018-06-08 00:00:00-04:00,28.819088986884235,28.910400282713706,28.819088986884235,28.89362907409668,900,0.0,0.0,0.0
2018-06-11 00:00:00-04:00,28.968172732754795,29.07905074850343,28.949537264360178,29.052030563354492,14300,0.0,0.0,0.0
2018-06-12 00:00:00-04:00,29.033393194985003,29.033393194985003,28.921583946286372,28.949535369873047,8600,0.0,0.0,0.0
2018-06-13 00:00:00-04:00,29.033393638691546,29.12656919881502,29.00450919728151,29.029666900634766,6000,0.0,0.0,0.0
2018-06-14 00:00:00-04:00,29.02500827702649,29.061347973143164,28.95885467529297,28.95885467529297,900,0.0,0.0,0.0
2018-06-15 00:00:00-04:00,28.82841332305378,28.921588897705078,28.814435831691508,28.921588897705078,5000,0.0,0.0,0.0
2018-06-18 00:00:00-04:00,28.558200262876074,28.623422622680664,28.520931104634602,28.623422622680664,7300,0.0,0.0,0.0
2018-06-19 00:00:00-04:00,28.250721406437886,28.409119323416533,28.241403672830202,28.390483856201172,3100,0.0,0.0,0.0
2018-06-20 00:00:00-04:00,28.409121458331185,28.437074661254883,28.39421450517943,28.437074661254883,1000,0.0,0.0,0.0
2018-06-21 00:00:00-04:00,28.465026777168287,28.465026777168287,28.287995152554185,28.315946578979492,12700,0.0,0.0,0.0
2018-06-22 00:00:00-04:00,28.604791978010596,28.688649814453182,28.595474243164062,28.595474243164062,1500,0.0,0.0,0.0
2018-06-25 00:00:00-04:00,28.223273443843528,28.29452559652591,28.185771557931396,28.247648239135742,21200,0.189,0.0,0.0
2018-06-26 00:00:00-04:00,28.144521511725422,28.153896983164305,28.09670714384362,28.125770568847656,5600,0.0,0.0,0.0
2018-06-27 00:00:00-04:00,28.078894521371726,28.116394618299914,27.760135650634766,27.760135650634766,20300,0.0,0.0,0.0
2018-06-28 00:00:00-04:00,27.70388282296003,27.807011218842074,27.67106956757725,27.760135650634766,15500,0.0,0.0,0.0
2018-06-29 00:00:00-04:00,28.060145931229204,28.14452339162677,27.95701752670141,28.02264404296875,21000,0.0,0.0,0.0
2018-07-02 00:00:00-04:00,27.685134719985477,27.769512176513672,27.62419504845103,27.769512176513672,3600,0.0,0.0,0.0
2018-07-03 00:00:00-04:00,27.910138841288404,27.92888978332703,27.788259506225586,27.788259506225586,2100,0.0,0.0,0.0
2018-07-05 00:00:00-04:00,27.853883743286133,27.891385624304565,27.835134590965023,27.853883743286133,7200,0.0,0.0,0.0
2018-07-06 00:00:00-04:00,27.938264032236543,28.0788943121874,27.938264032236543,28.05076789855957,6300,0.0,0.0,0.0
2018-07-09 00:00:00-04:00,28.294527053833008,28.31327799775484,28.275776109911174,28.294527053833008,8100,0.0,0.0,0.0
2018-07-10 00:00:00-04:00,28.397652227829443,28.48202788950561,28.397652227829443,28.468902587890625,14000,0.0,0.0,0.0
2018-07-11 00:00:00-04:00,28.19139896376388,28.19139896376388,28.013268570903637,28.02264404296875,23000,0.0,0.0,0.0
2018-07-12 00:00:00-04:00,28.234525522633596,28.32265281677246,28.234525522633596,28.32265281677246,47200,0.0,0.0,0.0
2018-07-13 00:00:00-04:00,28.36952680010695,28.463279724121094,28.36952680010695,28.463279724121094,1900,0.0,0.0,0.0
2018-07-16 00:00:00-04:00,28.463281028140823,28.472656499790595,28.407028198242188,28.407028198242188,11300,0.0,0.0,0.0
2018-07-17 00:00:00-04:00,28.458593050355056,28.491406307786992,28.45390620851696,28.474531173706055,4800,0.0,0.0,0.0
2018-07-18 00:00:00-04:00,28.491404835859232,28.5570313473327,28.482029364478976,28.51953125,13900,0.0,0.0,0.0
2018-07-19 00:00:00-04:00,28.29452328272663,28.39765167236328,28.2804609707537,28.39765167236328,2800,0.0,0.0,0.0
2018-07-20 00:00:00-04:00,28.496093950074513,28.575782775878906,28.45390522224032,28.575782775878906,7800,0.0,0.0,0.0
2018-07-23 00:00:00-04:00,28.509218215942383,28.509218215942383,28.509218215942383,28.509218215942383,300,0.0,0.0,0.0
2018-07-24 00:00:00-04:00,28.75391576159861,28.75391576159861,28.603911779762548,28.650787353515625,5100,0.0,0.0,0.0
2018-07-25 00:00:00-04:00,28.681724378623002,28.932043928696316,28.681724378623002,28.92266845703125,10900,0.0,0.0,0.0
2018-07-26 00:00:00-04:00,28.866417098204536,28.866417098204536,28.782039642333984,28.782039642333984,1600,0.0,0.0,0.0
2018-07-27 00:00:00-04:00,28.870165383810534,28.870165383810534,28.753911688489417,28.7773494720459,3400,0.0,0.0,0.0
2018-07-30 00:00:00-04:00,28.782039642333984,28.782039642333984,28.782039642333984,28.782039642333984,300,0.0,0.0,0.0
2018-07-31 00:00:00-04:00,28.820474231612387,28.820474231612387,28.68828420697602,28.725784301757812,4900,0.0,0.0,0.0
2018-08-01 00:00:00-04:00,28.622660133577096,28.622660133577096,28.569220124619996,28.575782775878906,900,0.0,0.0,0.0
2018-08-02 00:00:00-04:00,28.397655968349913,28.453907012939453,28.397655968349913,28.453907012939453,900,0.0,0.0,0.0
2018-08-03 00:00:00-04:00,28.453904738526532,28.51953125,28.453904738526532,28.51953125,2300,0.0,0.0,0.0
2018-08-06 00:00:00-04:00,28.360149949177373,28.360149949177373,28.313274383544922,28.313274383544922,8600,0.0,0.0,0.0
2018-08-07 00:00:00-04:00,28.463281028140823,28.482030183251993,28.39765451478079,28.407028198242188,4600,0.0,0.0,0.0
2018-08-08 00:00:00-04:00,28.32265111028936,28.369528469148477,28.26640006784682,28.341402053833008,4600,0.0,0.0,0.0
2018-08-09 00:00:00-04:00,28.43515498336284,28.444530455134664,28.341402053833008,28.341402053833008,10000,0.0,0.0,0.0
2018-08-10 00:00:00-04:00,27.94764023591786,27.966391178827852,27.85388730955624,27.91951560974121,2500,0.0,0.0,0.0
2018-08-13 00:00:00-04:00,27.82763630254516,27.88201332092285,27.792949025670204,27.88201332092285,3600,0.0,0.0,0.0
2018-08-14 00:00:00-04:00,27.88201332092285,27.910139734881305,27.88201332092285,27.88201332092285,4600,0.0,0.0,0.0
2018-08-15 00:00:00-04:00,27.47887680233832,27.563254255433396,27.40387482049695,27.553878784179688,4200,0.0,0.0,0.0
2018-08-16 00:00:00-04:00,27.708574662381324,27.81638991229781,27.703886032104492,27.703886032104492,3700,0.0,0.0,0.0
2018-08-17 00:00:00-04:00,27.87263825246623,27.966391178827852,27.87263825246623,27.91951560974121,3300,0.0,0.0,0.0
2018-08-20 00:00:00-04:00,28.046084217360477,28.07889747619629,28.045145418401958,28.07889747619629,2200,0.0,0.0,0.0
2018-08-21 00:00:00-04:00,28.247649694028425,28.332027153488237,28.210149594373192,28.294527053833008,7700,0.0,0.0,0.0
2018-08-22 00:00:00-04:00,28.257023710613776,28.321713212080372,28.247648239135742,28.247648239135742,8400,0.0,0.0,0.0
2018-08-23 00:00:00-04:00,28.27577388129612,28.27577388129612,28.125769918121204,28.15389633178711,6700,0.0,0.0,0.0
2018-08-24 00:00:00-04:00,28.266397315472695,28.369525706732468,28.266397315472695,28.35077476501465,8400,0.0,0.0,0.0
2018-08-27 00:00:00-04:00,28.640470528875124,28.75203559346403,28.639533518234884,28.739849090576172,5800,0.0,0.0,0.0
2018-08-28 00:00:00-04:00,28.71641166026547,28.72578713193168,28.609535217285156,28.609535217285156,6300,0.0,0.0,0.0
2018-08-29 00:00:00-04:00,28.51015629756678,28.678911209106445,28.51015629756678,28.678911209106445,4400,0.0,0.0,0.0
2018-08-30 00:00:00-04:00,28.48202810874501,28.538280934546435,28.48202810874501,28.491403579711914,5200,0.0,0.0,0.0
2018-08-31 00:00:00-04:00,28.21952466589155,28.350777695105002,28.2007737222358,28.25702476501465,19700,0.0,0.0,0.0
2018-09-04 00:00:00-04:00,28.04139002918121,28.04139002918121,27.89138607903807,27.99451446533203,3000,0.0,0.0,0.0
2018-09-05 00:00:00-04:00,27.83513868977152,27.83513868977152,27.74325978302216,27.769512176513672,3400,0.0,0.0,0.0
2018-09-06 00:00:00-04:00,27.657008070432582,27.657008070432582,27.563255143064634,27.647632598876953,2100,0.0,0.0,0.0
2018-09-07 00:00:00-04:00,27.319496844666972,27.441376180444827,27.319496844666972,27.394498825073242,7300,0.0,0.0,0.0
2018-09-10 00:00:00-04:00,27.497630592277996,27.54731898569851,27.37575302973573,27.44137954711914,38600,0.0,0.0,0.0
2018-09-11 00:00:00-04:00,27.281996587061176,27.4788761138916,27.281996587061176,27.4788761138916,4700,0.0,0.0,0.0
2018-09-12 00:00:00-04:00,27.563253644936268,27.71232059464845,27.563253644936268,27.68513298034668,7800,0.0,0.0,0.0
2018-09-13 00:00:00-04:00,27.74513453895051,27.760135650634766,27.722633765518275,27.760135650634766,2200,0.0,0.0,0.0
2018-09-14 00:00:00-04:00,27.815450332306124,27.815450332306124,27.728260056733312,27.732009887695312,4400,0.0,0.0,0.0
2018-09-17 00:00:00-04:00,27.87545160843323,27.87545160843323,27.762949525187885,27.769512176513672,5400,0.0,0.0,0.0
2018-09-18 00:00:00-04:00,27.867951860683593,27.910140588817928,27.854826558072396,27.872638702392578,6700,0.0,0.0,0.0
2018-09-19 00:00:00-04:00,27.947642054636297,28.032019515033863,27.947642054636297,28.02264404296875,10500,0.0,0.0,0.0
2018-09-20 00:00:00-04:00,28.125768544638717,28.313274383544922,28.125768544638717,28.313274383544922,500,0.0,0.0,0.0
2018-09-21 00:00:00-04:00,28.257023310630412,28.257023310630412,28.244836807250977,28.244836807250977,800,0.0,0.0,0.0
2018-09-24 00:00:00-04:00,28.219525983805273,28.219525983805273,28.057333711166258,28.07889747619629,4000,0.0,0.0,0.0
2018-09-25 00:00:00-04:00,28.189899293807645,28.203069449142472,28.127811162329312,28.151329040527344,3000,0.102,0.0,0.0
2018-09-26 00:00:00-04:00,28.099592134146295,28.2407012062104,28.099592134146295,28.13722038269043,3600,0.0,0.0,0.0
2018-09-27 00:00:00-04:00,28.074194525616505,28.11840785615125,28.00552130620348,28.014928817749023,9900,0.0,0.0,0.0
2018-09-28 00:00:00-04:00,27.87005199138275,27.87005199138275,27.807963857977157,27.817371368408203,15300,0.0,0.0,0.0
2018-10-01 00:00:00-04:00,27.977294414396532,27.992346789385017,27.892628617971834,27.949071884155273,3000,0.0,0.0,0.0
2018-10-02 00:00:00-04:00,27.6950746738082,27.80796119959074,27.6950746738082,27.799495697021484,5700,0.0,0.0,0.0
2018-10-03 00:00:00-04:00,27.825838739804922,27.826778952560776,27.779743194580078,27.779743194580078,3600,0.0,0.0,0.0
2018-10-04 00:00:00-04:00,27.403451644961883,27.403451644961883,27.05538270810288,27.149456024169922,46900,0.0,0.0,0.0
2018-10-05 00:00:00-04:00,26.960366379713026,26.980121612548828,26.904863326369714,26.980121612548828,2600,0.0,0.0,0.0
2018-10-08 00:00:00-04:00,26.72613003326605,26.772225586569334,26.57561342819017,26.754352569580078,1000,0.0,0.0,0.0
2018-10-09 00:00:00-04:00,26.359241343707048,26.566201190295992,26.359241343707048,26.547386169433594,5400,0.0,0.0,0.0
2018-10-10 00:00:00-04:00,26.312203554733365,26.321611065079892,25.897341858236835,25.917097091674805,10000,0.0,0.0,0.0
2018-10-11 00:00:00-04:00,25.85594964656448,25.85594964656448,25.54927164325266,25.60665512084961,6700,0.0,0.0,0.0
2018-10-12 00:00:00-04:00,25.765640801047706,25.870061835327878,25.65181225623879,25.83243179321289,8100,0.0,0.0,0.0
2018-10-15 00:00:00-04:00,25.775987657517128,25.775987657517128,25.681914349692427,25.700729370117188,2400,0.0,0.0,0.0
2018-10-16 00:00:00-04:00,26.07514208957957,26.152280807495117,26.07514208957957,26.152280807495117,2900,0.0,0.0,0.0
2018-10-17 00:00:00-04:00,26.04785934047573,26.175800050195793,26.04785934047573,26.086429595947266,5300,0.0,0.0,0.0
2018-10-18 00:00:00-04:00,25.982950202605736,25.982950202605736,25.681915248175155,25.757173538208008,13600,0.0,0.0,0.0
2018-10-19 00:00:00-04:00,25.7853946685791,25.804209688639645,25.7853946685791,25.7853946685791,5500,0.0,0.0,0.0
2018-10-22 00:00:00-04:00,25.663102966437652,25.675331115722656,25.616065411997972,25.675331115722656,3800,0.0,0.0,0.0
2018-10-23 00:00:00-04:00,25.21154877780075,25.550211957140153,25.173920532484733,25.4937686920166,51600,0.0,0.0,0.0
2018-10-24 00:00:00-04:00,25.11747935829401,25.11747935829401,24.929332733154297,24.929332733154297,84400,0.0,0.0,0.0
2018-10-25 00:00:00-04:00,25.197441877402575,25.274582392648995,25.145701462961615,25.202146530151367,2900,0.0,0.0,0.0
2018-10-26 00:00:00-04:00,24.910516280924355,25.173921182130176,24.910516280924355,25.032812118530273,6700,0.0,0.0,0.0
2018-10-29 00:00:00-04:00,25.117478377322165,25.117478377322165,24.778815183016974,24.9105167388916,11300,0.0,0.0,0.0
2018-10-30 00:00:00-04:00,24.934034518587673,25.145699014188406,24.934034518587673,25.13629150390625,28400,0.0,0.0,0.0
2018-10-31 00:00:00-04:00,25.493770132386985,25.601953810943986,25.484362621951703,25.503177642822266,109300,0.0,0.0,0.0
2018-11-01 00:00:00-04:00,25.74776549165174,25.851244509644513,25.715780317565297,25.804208755493164,47200,0.0,0.0,0.0
2018-11-02 00:00:00-04:00,25.92932734439753,25.931209564208984,25.70073004371274,25.931209564208984,66100,0.0,0.0,0.0
2018-11-05 00:00:00-05:00,25.794804124884227,25.87006241650573,25.75717408192387,25.823026657104492,31700,0.0,0.0,0.0
2018-11-06 00:00:00-05:00,25.84184031416942,25.888877868652344,25.710138750215712,25.888877868652344,18900,0.0,0.0,0.0
2018-11-07 00:00:00-05:00,26.171096295552935,26.255762100219727,26.16168878455671,26.255762100219727,40500,0.0,0.0,0.0
2018-11-08 00:00:00-05:00,26.124060690542812,26.124060690542812,25.954729080200195,25.954729080200195,32600,0.0,0.0,0.0
2018-11-09 00:00:00-05:00,25.757172787668555,25.757172787668555,25.739299774169922,25.739299774169922,900,0.0,0.0,0.0
2018-11-12 00:00:00-05:00,25.23977359716047,25.27928406576109,25.232248306274414,25.232248306274414,2100,0.0,0.0,0.0
2018-11-13 00:00:00-05:00,25.08925532161183,25.256704695478607,25.08925532161183,25.18332862854004,9100,0.0,0.0,0.0
2018-11-14 00:00:00-05:00,25.402523157694198,25.402523157694198,25.155110798701838,25.239776611328125,16400,0.0,0.0,0.0
2018-11-15 00:00:00-05:00,25.00459095472985,25.234128473093804,25.00459095472985,25.192737579345703,8100,0.0,0.0,0.0
2018-11-16 00:00:00-05:00,24.995183444069138,25.192737579345703,24.995183444069138,25.192737579345703,2900,0.0,0.0,0.0
2018-11-19 00:00:00-05:00,25.239771917869056,25.239771917869056,24.948146280996294,24.995182037353516,20700,0.0,0.0,0.0
2018-11-20 00:00:00-05:00,24.600076242250747,24.741185309401114,24.515410443100702,24.534225463867188,13100,0.0,0.0,0.0
2018-11-21 00:00:00-05:00,24.87288992968005,24.995183982304347,24.835259886226893,24.919925689697266,11200,0.0,0.0,0.0
2018-11-23 00:00:00-05:00,24.9669622734275,25.01399803161621,24.9669622734275,25.01399803161621,700,0.0,0.0,0.0
2018-11-26 00:00:00-05:00,25.220958747608275,25.258588790893555,25.155107966158262,25.258588790893555,15600,0.0,0.0,0.0
2018-11-27 00:00:00-05:00,25.136292044744792,25.136292044744792,25.023405507528253,25.089256286621094,26700,0.0,0.0,0.0
2018-11-28 00:00:00-05:00,25.231305402135984,25.587843408249856,25.173921921146345,25.57843589782715,5600,0.0,0.0,0.0
2018-11-29 00:00:00-05:00,25.56903072567407,25.587845748240113,25.409106622461348,25.531400680541992,20700,0.0,0.0,0.0
2018-11-30 00:00:00-05:00,25.438270424365463,25.45708544771198,25.37147762977515,25.399700164794922,1800,0.0,0.0,0.0
2018-12-03 00:00:00-05:00,25.74776873233461,25.775989470657755,25.72142662530752,25.75058937072754,14400,0.0,0.0,0.0
2018-12-04 00:00:00-05:00,25.55021301842205,25.601953427892386,25.004589981433327,25.061033248901367,87700,0.0,0.0,0.0
2018-12-06 00:00:00-05:00,24.694149490399294,24.797630310058594,24.45896711430025,24.797630310058594,25800,0.0,0.0,0.0
2018-12-07 00:00:00-05:00,24.72237404185262,24.75059478093933,24.534227407877925,24.571857452392578,28000,0.0,0.0,0.0
2018-12-10 00:00:00-05:00,24.449557726724457,24.458965236362012,24.247300755264465,24.433565139770508,44400,0.0,0.0,0.0
2018-12-11 00:00:00-05:00,24.44956206451277,24.44956206451277,24.317860494818753,24.39876365661621,13900,0.0,0.0,0.0
2018-12-12 00:00:00-05:00,24.760002827187304,24.87289116887175,24.751537322998047,24.751537322998047,14000,0.0,0.0,0.0
2018-12-13 00:00:00-05:00,24.760000832791278,24.760000832791278,24.66686952841516,24.738365173339844,11500,0.0,0.0,0.0
2018-12-14 00:00:00-05:00,24.402522634007383,24.402522634007383,24.26141357421875,24.26141357421875,21300,0.0,0.0,0.0
2018-12-17 00:00:00-05:00,24.129712109234752,24.184274953140662,23.93215976900519,23.984840393066406,22600,0.0,0.0,0.0
2018-12-18 00:00:00-05:00,24.101491395595595,24.15793466510307,23.89641197008276,23.972610473632812,60100,0.0,0.0,0.0
2018-12-19 00:00:00-05:00,24.09678976372669,24.129715157924938,23.659350333036347,23.71579360961914,38900,0.0,0.0,0.0
2018-12-20 00:00:00-05:00,23.65934576000309,23.706383309979874,23.424163393016382,23.471200942993164,69500,0.0,0.0,0.0
2018-12-21 00:00:00-05:00,23.38182974636548,23.47120019130967,23.132537019519063,23.152292251586914,31100,0.0,0.0,0.0
2018-12-24 00:00:00-05:00,23.21100922547256,23.21100922547256,22.946796417236328,22.946796417236328,1700,0.163,0.0,0.0
2018-12-26 00:00:00-05:00,22.92690660704771,23.485637664794922,22.8795572521588,23.485637664794922,77000,0.0,0.0,0.0
2018-12-27 00:00:00-05:00,23.177862953292117,23.455333709716797,23.144718044035315,23.455333709716797,92300,0.0,0.0,0.0
2018-12-28 00:00:00-05:00,23.61348174670835,23.722386701764933,23.501735541518183,23.648521423339844,78000,0.0,0.0,0.0
2018-12-31 00:00:00-05:00,23.75553314575616,23.787731574336256,23.52351877623338,23.760269165039062,52500,0.0,0.0,0.0
2019-01-02 00:00:00-05:00,23.599281632495302,23.69492864198662,23.580341165637407,23.65610122680664,12400,0.0,0.0,0.0
2019-01-03 00:00:00-05:00,23.521623965892033,23.523518734854285,23.438288450533193,23.454387664794922,10600,0.0,0.0,0.0
2019-01-04 00:00:00-05:00,23.817090253782734,24.16748164605553,23.817090253782734,24.138124465942383,8400,0.0,0.0,0.0
2019-01-07 00:00:00-05:00,24.21483149728356,24.4705223720183,24.21483149728356,24.340782165527344,13800,0.0,0.0,0.0
2019-01-08 00:00:00-05:00,24.54628184574365,24.622041902423696,24.46673405716894,24.572797775268555,12100,0.0,0.0,0.0
2019-01-09 00:00:00-05:00,24.830382634066613,24.991372986955344,24.811443973809702,24.92508316040039,10600,0.0,0.0,0.0
2019-01-10 00:00:00-05:00,24.83985039397563,24.903300769870903,24.783977287690945,24.877731323242188,4000,0.0,0.0,0.0
2019-01-11 00:00:00-05:00,24.773561231055243,24.792501696190854,24.74515053335183,24.783031463623047,5700,0.0,0.0,0.0
2019-01-14 00:00:00-05:00,24.65044894811682,24.65044894811682,24.527337745341505,24.56805992126465,9500,0.0,0.0,0.0
2019-01-15 00:00:00-05:00,24.735682107046195,24.783031463623047,24.667497516315304,24.783031463623047,15500,0.0,0.0,0.0
2019-01-16 00:00:00-05:00,24.89667135734506,24.89667135734506,24.802917323415077,24.82090950012207,13100,0.0,0.0,0.0
2019-01-17 00:00:00-05:00,24.70727321421632,25.01031345347456,24.70727321421632,24.92508316040039,3100,0.0,0.0,0.0
2019-01-18 00:00:00-05:00,25.17130205549327,25.26600257523985,25.17130205549327,25.1997127532959,21300,0.0,0.0,0.0
2019-01-22 00:00:00-05:00,25.067131209045588,25.095541906741563,24.96296226335135,24.991371154785156,14300,0.0,0.0,0.0
2019-01-23 00:00:00-05:00,25.15236058744384,25.15236058744384,25.000840484395425,25.09554100036621,5300,0.0,0.0,0.0
2019-01-24 00:00:00-05:00,25.095540016805362,25.180770297212458,25.095540016805362,25.133420944213867,3300,0.0,0.0,0.0
2019-01-25 00:00:00-05:00,25.351231359570598,25.389110481466457,25.25653084543784,25.32282066345215,10300,0.0,0.0,0.0
2019-01-28 00:00:00-05:00,25.209183065506785,25.284943120290862,25.194976813429516,25.266002655029297,13900,0.0,0.0,0.0
2019-01-29 00:00:00-05:00,25.36070192116064,25.412785488661488,25.36070192116064,25.379640579223633,20500,0.0,0.0,0.0
2019-01-30 00:00:00-05:00,25.559571645277295,25.796322033032283,25.542525949711163,25.720561981201172,4000,0.0,0.0,0.0
2019-01-31 00:00:00-05:00,25.81526192445589,25.88155174255371,25.79632146035306,25.88155174255371,8300,0.0,0.0,0.0
2019-02-01 00:00:00-05:00,25.938368806310418,26.002765655493146,25.938368806310418,25.944997787475586,8700,0.0,0.0,0.0
2019-02-04 00:00:00-05:00,25.96678202954886,26.08989143371582,25.96678202954886,26.08989143371582,7200,0.0,0.0,0.0
2019-02-05 00:00:00-05:00,26.286869238959902,26.33611336433985,26.27929377544365,26.295392990112305,10000,0.0,0.0,0.0
2019-02-06 00:00:00-05:00,26.222473308247405,26.222473308247405,26.12777279241754,26.146713256835938,4800,0.0,0.0,0.0
2019-02-07 00:00:00-05:00,26.042541315656216,26.042541315656216,25.896703720092773,25.896703720092773,5500,0.0,0.0,0.0
2019-02-08 00:00:00-05:00,25.767911418350913,25.78685188293457,25.64480201108139,25.78685188293457,16300,0.0,0.0,0.0
2019-02-11 00:00:00-05:00,25.785905401584024,25.78685188293457,25.701621598570238,25.78685188293457,5100,0.0,0.0,0.0
2019-02-12 00:00:00-05:00,26.00466274330751,26.0520139064718,26.00466274330751,26.04633140563965,3100,0.0,0.0,0.0
2019-02-13 00:00:00-05:00,26.14671371711826,26.15618394949417,26.10125732421875,26.10125732421875,1100,0.0,0.0,0.0
2019-02-14 00:00:00-05:00,26.22247413070851,26.269823486977486,26.184593200683594,26.184593200683594,2800,0.0,0.0,0.0
2019-02-15 00:00:00-05:00,26.402402829902403,26.491422653198242,26.402402829902403,26.491422653198242,400,0.0,0.0,0.0
2019-02-19 00:00:00-05:00,26.364523589745737,26.546347354714523,26.337061180294544,26.47816276550293,5500,0.0,0.0,0.0
2019-02-20 00:00:00-05:00,26.610742361114635,26.651462731780278,26.588960647583008,26.588960647583008,3700,0.0,0.0,0.0
2019-02-21 00:00:00-05:00,26.58044048857731,26.58233345128684,26.534984095878812,26.553924560546875,6200,0.0,0.0,0.0
2019-02-22 00:00:00-05:00,26.700707477886688,26.73385238647461,26.681767014047292,26.73385238647461,8100,0.0,0.0,0.0
2019-02-25 00:00:00-05:00,26.838026510568998,26.838026510568998,26.781206918158567,26.792570114135742,6500,0.0,0.0,0.0
2019-02-26 00:00:00-05:00,26.819081209241503,27.003746205979613,26.819081209241503,26.999011993408203,1500,0.0,0.0,0.0
2019-02-27 00:00:00-05:00,26.743322652195786,26.785937792757267,26.743322652195786,26.76036834716797,1500,0.0,0.0,0.0
2019-02-28 00:00:00-05:00,26.724386127129634,26.781207527094313,26.714915893802186,26.715864181518555,17000,0.0,0.0,0.0
2019-03-01 00:00:00-05:00,26.999014830071992,26.999014830071992,26.924201258497366,26.979127883911133,3900,0.0,0.0,0.0
2019-03-04 00:00:00-05:00,27.093713292854748,27.093713292854748,26.970602087257475,27.0103759765625,15500,0.0,0.0,0.0
2019-03-05 00:00:00-05:00,27.051097050571435,27.12212107589397,27.047309319305665,27.092763900756836,2400,0.0,0.0,0.0
2019-03-06 00:00:00-05:00,27.12969925625264,27.12969925625264,27.017953051979035,27.059619903564453,9100,0.0,0.0,0.0
2019-03-07 00:00:00-05:00,26.88537280560448,26.88537280560448,26.639152191539253,26.640100479125977,5000,0.0,0.0,0.0
2019-03-08 00:00:00-05:00,26.53498657144452,26.601276397705078,26.53498657144452,26.601276397705078,3500,0.0,0.0,0.0
2019-03-11 00:00:00-04:00,26.62021225499107,26.800141236183887,26.62021225499107,26.784990310668945,6400,0.0,0.0,0.0
2019-03-12 00:00:00-04:00,26.83802217991113,26.839915142470733,26.798248291015625,26.798248291015625,5200,0.0,0.0,0.0
2019-03-13 00:00:00-04:00,26.84749478039843,26.980074421748352,26.84749478039843,26.96113395690918,12600,0.0,0.0,0.0
2019-03-14 00:00:00-04:00,26.970605382486085,26.970605382486085,26.942196490232682,26.945035934448242,3200,0.0,0.0,0.0
2019-03-15 00:00:00-04:00,27.178944016133393,27.311523649317976,27.178944016133393,27.275537490844727,17400,0.0,0.0,0.0
2019-03-18 00:00:00-04:00,27.35792826001609,27.415696136011285,27.320995617890095,27.409067153930664,10100,0.0,0.0,0.0
2019-03-19 00:00:00-04:00,27.586154313451797,27.590890332701147,27.475356389434108,27.49903106689453,3700,0.0,0.0,0.0
2019-03-20 00:00:00-04:00,27.387280112350595,27.60130226629937,27.320990304436613,27.447887420654297,20000,0.0,0.0,0.0
2019-03-21 00:00:00-04:00,27.22629351679778,27.452627182006836,27.22629351679778,27.452627182006836,7500,0.0,0.0,0.0
2019-03-22 00:00:00-04:00,27.032158568775312,27.032158568775312,26.950716018676758,26.950716018676758,800,0.0,0.0,0.0
2019-03-25 00:00:00-04:00,26.8569613314357,26.916622161865234,26.77173105760439,26.916622161865234,4700,0.0,0.0,0.0
2019-03-26 00:00:00-04:00,27.179498015944922,27.179498015944922,27.113067966813034,27.13394546508789,6100,0.06,0.0,0.0
2019-03-27 00:00:00-04:00,27.061823325256377,27.09408805694386,27.037148272108336,27.06087303161621,5500,0.0,0.0,0.0
2019-03-28 00:00:00-04:00,27.084597137579085,27.09408559245266,27.008675017926805,27.065616607666016,54700,0.0,0.0,0.0
2019-03-29 00:00:00-04:00,27.198478489138836,27.274398803710938,27.198478489138836,27.274398803710938,40700,0.0,0.0,0.0
2019-04-01 00:00:00-04:00,27.483181436114847,27.554357528686523,27.483181436114847,27.554357528686523,5200,0.0,0.0,0.0
2019-04-02 00:00:00-04:00,27.60655108767674,27.626480102539062,27.578080290694945,27.626480102539062,45200,0.0,0.0,0.0
2019-04-03 00:00:00-04:00,27.796354027160223,27.833364797838012,27.748902696729438,27.785913467407227,10700,0.0,0.0,0.0
2019-04-04 00:00:00-04:00,27.7488998008128,27.769777297973633,27.715684778019206,27.769777297973633,10700,0.0,0.0,0.0
2019-04-05 00:00:00-04:00,27.767880775588438,27.843801087486902,27.767880775588438,27.840953826904297,43200,0.0,0.0,0.0
2019-04-08 00:00:00-04:00,27.85329326418749,27.891252517700195,27.80584193469268,27.891252517700195,14600,0.0,0.0,0.0
2019-04-09 00:00:00-04:00,27.843802258396114,27.843802258396114,27.710942159507415,27.712839126586914,6900,0.0,0.0,0.0
2019-04-10 00:00:00-04:00,27.786862460604837,27.85329251001573,27.73941113239485,27.817230224609375,4800,0.0,0.0,0.0
2019-04-11 00:00:00-04:00,27.748901996712974,27.805841781710335,27.729921465019476,27.77642250061035,7300,0.0,0.0,0.0
2019-04-12 00:00:00-04:00,27.890303359208627,27.89979362487793,27.861832562200714,27.89979362487793,2800,0.0,0.0,0.0
2019-04-15 00:00:00-04:00,27.90074013119429,27.918772177713027,27.90074013119429,27.917821884155273,2200,0.0,0.0,0.0
2019-04-16 00:00:00-04:00,28.02316448194197,28.033605041617705,27.967173179506194,27.984256744384766,5000,0.0,0.0,0.0
2019-04-17 00:00:00-04:00,27.957680016357347,27.98140658398007,27.910230501277844,27.968120574951172,6200,0.0,0.0,0.0
2019-04-18 00:00:00-04:00,27.97476587220597,27.986153105128448,27.853293003950593,27.952938079833984,12900,0.0,0.0,0.0
2019-04-22 00:00:00-04:00,27.881759601200763,27.917821884155273,27.881759601200763,27.917821884155273,3400,0.0,0.0,0.0
2019-04-23 00:00:00-04:00,27.93491003749116,27.959583282470703,27.933011260146614,27.959583282470703,1400,0.0,0.0,0.0
2019-04-24 00:00:00-04:00,27.948195008298402,27.948195008298402,27.846651151018428,27.878917694091797,8500,0.0,0.0,0.0
2019-04-25 00:00:00-04:00,27.701450285417092,27.805839581304248,27.701450285417092,27.769777297973633,2200,0.0,0.0,0.0
2019-04-26 00:00:00-04:00,27.843805553576107,27.927317367034636,27.843805553576107,27.886510848999023,7700,0.0,0.0,0.0
2019-04-29 00:00:00-04:00,27.948193088337067,28.043092123680808,27.947242794723817,28.03360366821289,9900,0.0,0.0,0.0
2019-04-30 00:00:00-04:00,28.014622732337344,28.108573282793447,27.995642201509607,28.081052780151367,19500,0.0,0.0,0.0
2019-05-01 00:00:00-04:00,28.02411343384014,28.106676753134217,27.875118255615234,27.875118255615234,4300,0.0,0.0,0.0
2019-05-02 00:00:00-04:00,27.753652190154046,27.753652190154046,27.672985823420305,27.69671058654785,8700,0.0,0.0,0.0
2019-05-03 00:00:00-04:00,27.92921440548314,27.94724464416504,27.902642384215167,27.94724464416504,9000,0.0,0.0,0.0
2019-05-06 00:00:00-04:00,27.573335992018187,27.66823683829708,27.573335992018187,27.64451026916504,4500,0.0,0.0,0.0
2019-05-07 00:00:00-04:00,27.35031911828304,27.359809383864935,27.19563122845596,27.274398803710938,13200,0.0,0.0,0.0
2019-05-08 00:00:00-04:00,27.35886168212715,27.445220748282175,27.35886168212715,27.366453170776367,3500,0.0,0.0,0.0
2019-05-09 00:00:00-04:00,27.07510915831869,27.274399308981238,27.07510915831869,27.25541877746582,6300,0.0,0.0,0.0
2019-05-10 00:00:00-04:00,27.312361253218626,27.473692156138632,27.22695066872667,27.448068618774414,2000,0.0,0.0,0.0
2019-05-13 00:00:00-04:00,26.923267666876715,26.923267666876715,26.780915495138576,26.825519561767578,14600,0.0,0.0,0.0
2019-05-14 00:00:00-04:00,26.942249081929223,27.07985522965908,26.942249081929223,27.018169403076172,3800,0.0,0.0,0.0
2019-05-15 00:00:00-04:00,26.9422468813065,27.187091390325367,26.9422468813065,27.16621208190918,2600,0.0,0.0,0.0
2019-05-16 00:00:00-04:00,27.378790111870867,27.388280377520996,27.30286979675293,27.30286979675293,9000,0.0,0.0,0.0
2019-05-17 00:00:00-04:00,27.223153751450162,27.255418482577554,27.18139694458465,27.19847869873047,3400,0.0,0.0,0.0
2019-05-20 00:00:00-04:00,26.92326857082709,26.989698621157654,26.894797773506944,26.91377830505371,5500,0.0,0.0,0.0
2019-05-21 00:00:00-04:00,27.008680654592837,27.09883728545398,26.956486901563586,27.08365249633789,4700,0.0,0.0,0.0
2019-05-22 00:00:00-04:00,26.85683609656587,27.07510858419854,26.85683609656587,27.037147521972656,7100,0.0,0.0,0.0
2019-05-23 00:00:00-04:00,26.761938575662796,26.77142703167316,26.667037724810598,26.724925994873047,6600,0.0,0.0,0.0
2019-05-24 00:00:00-04:00,26.951736740651818,26.989697802594037,26.885306692335995,26.9583797454834,8400,0.0,0.0,0.0
2019-05-28 00:00:00-04:00,26.980210582167896,26.980210582167896,26.765735626220703,26.765735626220703,2200,0.0,0.0,0.0
2019-05-29 00:00:00-04:00,26.52468799529371,26.52468799529371,26.428838658538197,26.49716567993164,4800,0.0,0.0,0.0
2019-05-30 00:00:00-04:00,26.61579296250086,26.627182006835938,26.562648915826035,26.627182006835938,3900,0.0,0.0,0.0
2019-05-31 00:00:00-04:00,26.36335453021173,26.458253564069633,26.221002359258783,26.40131378173828,17200,0.0,0.0,0.0
2019-06-03 00:00:00-04:00,26.467744478259583,26.638565639523918,26.467744478259583,26.60155487060547,8500,0.0,0.0,0.0
2019-06-04 00:00:00-04:00,26.704992384861715,26.787555694580078,26.695502120400853,26.787555694580078,8900,0.0,0.0,0.0
2019-06-05 00:00:00-04:00,26.98021024225392,26.98021024225392,26.82836959942701,26.84545135498047,10100,0.0,0.0,0.0
2019-06-06 00:00:00-04:00,26.980208844939888,27.019118392291833,26.942247781157555,26.999189376831055,11400,0.0,0.0,0.0
2019-06-07 00:00:00-04:00,27.250674485371402,27.40725934479659,27.250674485371402,27.3455753326416,6900,0.0,0.0,0.0
2019-06-10 00:00:00-04:00,27.454710056319083,27.51164983936801,27.454710056319083,27.468944549560547,5400,0.0,0.0,0.0
2019-06-11 00:00:00-04:00,27.729921457937028,27.75839225547,27.658747179229287,27.67582893371582,6600,0.0,0.0,0.0
2019-06-12 00:00:00-04:00,27.587571756622744,27.606552288769734,27.51639747619629,27.51639747619629,14100,0.0,0.0,0.0
2019-06-13 00:00:00-04:00,27.521140856547696,27.521140856547696,27.46040532764777,27.4926700592041,8500,0.0,0.0,0.0
2019-06-14 00:00:00-04:00,27.25162114586292,27.25162114586292,27.18898684426628,27.22315216064453,4600,0.0,0.0,0.0
2019-06-17 00:00:00-04:00,27.188989732439644,27.188989732439644,27.116865158081055,27.116865158081055,2600,0.0,0.0,0.0
2019-06-18 00:00:00-04:00,27.312357549166887,27.435727371100093,27.307611511736997,27.426237106323242,10800,0.0,0.0,0.0
2019-06-19 00:00:00-04:00,27.480334282277337,27.635022175012455,27.47463976080453,27.63312339782715,4600,0.0,0.0,0.0
2019-06-20 00:00:00-04:00,27.839057706290976,27.864681243896484,27.79635422372605,27.864681243896484,6100,0.0,0.0,0.0
2019-06-21 00:00:00-04:00,27.663489987910005,27.73846181717575,27.644509457195102,27.710941314697266,6700,0.0,0.0,0.0
2019-06-24 00:00:00-04:00,27.792345598287884,27.80192277998195,27.763614053205675,27.788515090942383,12500,0.265,0.0,0.0
2019-06-25 00:00:00-04:00,27.811499237092526,27.811499237092526,27.610382080078125,27.610382080078125,2400,0.0,0.0,0.0
2019-06-26 00:00:00-04:00,27.73009591146697,27.792346681574507,27.701364365264872,27.706153869628906,7000,0.0,0.0,0.0
2019-06-27 00:00:00-04:00,27.782767726404902,27.786598233655244,27.744459000580306,27.749248504638672,17200,0.0,0.0,0.0
2019-06-28 00:00:00-04:00,27.945573806762695,27.97430352205351,27.916842264811446,27.945573806762695,15800,0.0,0.0,0.0
2019-07-01 00:00:00-04:00,28.261616630029852,28.261616630029852,28.08923101231686,28.146692276000977,15800,0.0,0.0,0.0
2019-07-02 00:00:00-04:00,28.25204076627007,28.319079214805676,28.24246358409917,28.299924850463867,10200,0.0,0.0,0.0
2019-07-03 00:00:00-04:00,28.501039375180515,28.523067074793442,28.501039375180515,28.52210807800293,3000,0.0,0.0,0.0
2019-07-05 00:00:00-04:00,28.137116550450912,28.203197829104827,28.137116550450912,28.166805267333984,2100,0.0,0.0,0.0
2019-07-08 00:00:00-04:00,28.108386542934994,28.16584780900513,28.08923217869138,28.128498077392578,8200,0.0,0.0,0.0
2019-07-09 00:00:00-04:00,27.89290548745001,27.96569061279297,27.89290548745001,27.96569061279297,6900,0.0,0.0,0.0
2019-07-10 00:00:00-04:00,28.041348040244912,28.050925222348106,27.964732410080064,28.026981353759766,9900,0.0,0.0,0.0
2019-07-11 00:00:00-04:00,27.964731990932812,28.009742736816406,27.964731990932812,28.009742736816406,4800,0.0,0.0,0.0
2019-07-12 00:00:00-04:00,27.964729935351635,28.014530181884766,27.964729935351635,28.014530181884766,1500,0.0,0.0,0.0
2019-07-15 00:00:00-04:00,28.0604974250021,28.108383330137766,28.0604974250021,28.103593826293945,12200,0.0,0.0,0.0
2019-07-16 00:00:00-04:00,28.086357493329153,28.086357493329153,27.997291347865886,28.012615203857422,2500,0.0,0.0,0.0
2019-07-17 00:00:00-04:00,28.02219588268586,28.06050278745446,27.993464334113767,28.011661529541016,24800,0.0,0.0,0.0
2019-07-18 00:00:00-04:00,27.953239780176922,28.093063354492188,27.93312824524092,28.093063354492188,30900,0.0,0.0,0.0
2019-07-19 00:00:00-04:00,28.136158971695497,28.136158971695497,28.031770792338925,28.03751564025879,9200,0.0,0.0,0.0
2019-07-22 00:00:00-04:00,28.06049956154883,28.12658083700517,28.041347024696783,28.09880828857422,7100,0.0,0.0,0.0
2019-07-23 00:00:00-04:00,28.194579177432434,28.254913780424406,28.194579177432434,28.23480224609375,5000,0.0,0.0,0.0
2019-07-24 00:00:00-04:00,28.261618298088376,28.271195480377767,28.21373238664142,28.263532638549805,4300,0.0,0.0,0.0
2019-07-25 00:00:00-04:00,28.126582206751568,28.137116559198372,27.98388529695585,27.990589141845703,16500,0.0,0.0,0.0
2019-07-26 00:00:00-04:00,28.0509257430126,28.060501098632812,28.041348560731638,28.060501098632812,700,0.0,0.0,0.0
2019-07-29 00:00:00-04:00,28.098807672138868,28.127539216777592,28.089230490592627,28.11317253112793,5700,0.0,0.0,0.0
2019-07-30 00:00:00-04:00,27.734884494876276,27.792347589156986,27.72051963463648,27.7300968170166,6800,0.0,0.0,0.0
2019-07-31 00:00:00-04:00,27.801922537054185,27.87853816327665,27.533766931945244,27.552921295166016,33400,0.0,0.0,0.0
2019-08-01 00:00:00-04:00,27.66784650979705,27.836401634530098,27.505038059920796,27.533769607543945,38600,0.0,0.0,0.0
2019-08-02 00:00:00-04:00,27.44757613480746,27.44757613480746,27.31349923576138,27.392988204956055,7700,0.0,0.0,0.0
2019-08-05 00:00:00-04:00,27.01661073348823,27.01661073348823,26.609590551909626,26.68429183959961,28500,0.0,0.0,0.0
2019-08-06 00:00:00-04:00,26.92084414684956,26.92084414684956,26.75803569934008,26.91318130493164,16500,0.0,0.0,0.0
2019-08-07 00:00:00-04:00,26.834650041769088,27.080777955014547,26.796341314003552,27.075031280517578,12200,0.0,0.0,0.0
2019-08-08 00:00:00-04:00,27.19857467453864,27.40926903053009,27.19857467453864,27.36042594909668,5700,0.0,0.0,0.0
2019-08-09 00:00:00-04:00,27.160265940858853,27.173673629760742,27.093227496349414,27.173673629760742,11700,0.0,0.0,0.0
2019-08-12 00:00:00-04:00,27.093230901735183,27.102806257873834,26.959152169203147,26.980222702026367,7600,0.0,0.0,0.0
2019-08-13 00:00:00-04:00,27.150690564283064,27.177505943869566,27.150690564283064,27.157394409179688,4500,0.0,0.0,0.0
2019-08-14 00:00:00-04:00,26.72930252060775,26.72930252060775,26.48987845515862,26.51861000061035,29100,0.0,0.0,0.0
2019-08-15 00:00:00-04:00,26.595226540776,26.64311062484412,26.49945654597905,26.606718063354492,7100,0.0,0.0,0.0
2019-08-16 00:00:00-04:00,26.758034410808445,26.891154134460127,26.730260035182397,26.83465003967285,6300,0.0,0.0,0.0
2019-08-19 00:00:00-04:00,27.007033351108245,27.10759101289222,27.007033351108245,27.009904861450195,12800,0.0,0.0,0.0
2019-08-20 00:00:00-04:00,27.00703778284928,27.00703778284928,26.931379318237305,26.931379318237305,6400,0.0,0.0,0.0
2019-08-21 00:00:00-04:00,27.29434369513435,27.355635467297244,27.279019838763293,27.282852172851562,9600,0.0,0.0,0.0
2019-08-22 00:00:00-04:00,27.10280217191747,27.198572158813477,27.10280217191747,27.198572158813477,8000,0.0,0.0,0.0
2019-08-23 00:00:00-04:00,27.093229130757752,27.150690397137843,26.84710121154785,26.84710121154785,3300,0.0,0.0,0.0
2019-08-26 00:00:00-04:00,27.045339994328252,27.045339994328252,26.968724372738787,26.9984130859375,5100,0.0,0.0,0.0
2019-08-27 00:00:00-04:00,27.07407467770665,27.150690308182657,27.0233154296875,27.0233154296875,4900,0.0,0.0,0.0
2019-08-28 00:00:00-04:00,27.02618966946689,27.02618966946689,26.98022175097488,26.98309326171875,6800,0.0,0.0,0.0
2019-08-29 00:00:00-04:00,27.21772822753276,27.21772822753276,27.160266962457708,27.166011810302734,8400,0.0,0.0,0.0
2019-08-30 00:00:00-04:00,27.40926778147867,27.40926778147867,27.179419071478524,27.26082420349121,14200,0.0,0.0,0.0
2019-09-03 00:00:00-04:00,27.18899607277481,27.302963256835938,27.179418891033333,27.302963256835938,8200,0.0,0.0,0.0
2019-09-04 00:00:00-04:00,27.648690496272334,27.6735897064209,27.629536133597703,27.6735897064209,2600,0.0,0.0,0.0
2019-09-05 00:00:00-04:00,27.854595416925374,27.888116467241083,27.81341517833798,27.849807739257812,16700,0.0,0.0,0.0
2019-09-06 00:00:00-04:00,27.916848365836362,28.011661196333836,27.90727118309292,27.936002731323242,7200,0.0,0.0,0.0
2019-09-09 00:00:00-04:00,27.91684556829161,27.91684556829161,27.83544226312104,27.864171981811523,2600,0.0,0.0,0.0
2019-09-10 00:00:00-04:00,27.5816537112367,27.682213214651668,27.524192442614428,27.672636032104492,3400,0.0,0.0,0.0
2019-09-11 00:00:00-04:00,27.66784534734841,27.802881240844727,27.66784534734841,27.802881240844727,14600,0.0,0.0,0.0
2019-09-12 00:00:00-04:00,27.966646128875883,28.003995859585654,27.91684587904263,27.97718048095703,6300,0.0,0.0,0.0
2019-09-13 00:00:00-04:00,27.97430849937832,28.064333648177858,27.95515596133021,27.98101234436035,3900,0.0,0.0,0.0
2019-09-16 00:00:00-04:00,27.76361224933041,27.76744275642703,27.6927433013916,27.6927433013916,12400,0.0,0.0,0.0
2019-09-17 00:00:00-04:00,27.74446028791203,27.939830780029297,27.74446028791203,27.939830780029297,26400,0.0,0.0,0.0
2019-09-18 00:00:00-04:00,27.916845285284854,27.916845285284854,27.782768394993393,27.890029907226562,10700,0.0,0.0,0.0
2019-09-19 00:00:00-04:00,27.983884152156897,28.010699530619306,27.907268524169922,27.907268524169922,5700,0.0,0.0,0.0
2019-09-20 00:00:00-04:00,27.897692944763435,27.897692944763435,27.792347591893293,27.794261932373047,3300,0.0,0.0,0.0
2019-09-23 00:00:00-04:00,27.734882471809012,27.79042939489763,27.67742120838047,27.761699676513672,10100,0.0,0.0,0.0
2019-09-24 00:00:00-04:00,27.87910584887558,27.87910584887558,27.600027035043635,27.667390823364258,11300,0.14,0.0,0.0
2019-09-25 00:00:00-04:00,27.53266152755422,27.619272631565664,27.4845432278115,27.592327117919922,14100,0.0,0.0,0.0
2019-09-26 00:00:00-04:00,27.744376535028053,27.744376535028053,27.65776543103165,27.685672760009766,11700,0.0,0.0,0.0
2019-09-27 00:00:00-04:00,27.754001399967127,27.754001399967127,27.561531863724145,27.60483741760254,4100,0.0,0.0,0.0
2019-09-30 00:00:00-04:00,27.68279042146028,27.782874293511874,27.667392196711702,27.705886840820312,27500,0.0,0.0,0.0
2019-10-01 00:00:00-04:00,27.705886927582416,27.72513241417133,27.503793716430664,27.503793716430664,7300,0.0,0.0,0.0
2019-10-02 00:00:00-04:00,27.13810120112795,27.147723025747403,26.90713702870026,26.933120727539062,13300,0.0,0.0,0.0
2019-10-03 00:00:00-04:00,27.089984399521303,27.154460906982422,27.089984399521303,27.154460906982422,10800,0.0,0.0,0.0
2019-10-04 00:00:00-04:00,27.292077008075182,27.4547119140625,27.292077008075182,27.4547119140625,3800,0.0,0.0,0.0
2019-10-07 00:00:00-04:00,27.340193523540442,27.491281138550555,27.340193523540442,27.387348175048828,8300,0.0,0.0,0.0
2019-10-08 00:00:00-04:00,27.224714110383232,27.224714110383232,27.105382919311523,27.105382919311523,3300,0.0,0.0,0.0
2019-10-09 00:00:00-04:00,27.292076064433413,27.401783587342788,27.292076064433413,27.359439849853516,6300,0.0,0.0,0.0
2019-10-10 00:00:00-04:00,27.369062890446138,27.53362325332237,27.348853755277574,27.53266143798828,3800,0.0,0.0,0.0
2019-10-11 00:00:00-04:00,27.886803183319067,28.071572675643825,27.886803183319067,27.97918701171875,7700,0.0,0.0,0.0
2019-10-14 00:00:00-04:00,27.890655165968234,27.89161698137207,27.850236892700195,27.850236892700195,2400,0.0,0.0,0.0
2019-10-15 00:00:00-04:00,27.917602206032395,28.129317244549227,27.917602206032395,28.101409912109375,11900,0.0,0.0,0.0
2019-10-16 00:00:00-04:00,28.07157549175527,28.17743392266191,28.06195183117052,28.145675659179688,7600,0.0,0.0,0.0
2019-10-17 00:00:00-04:00,28.350652831161867,28.350652831161867,28.188979747013427,28.245758056640625,3800,0.0,0.0,0.0
2019-10-18 00:00:00-04:00,28.321783555799033,28.321783555799033,28.14856134613872,28.257307052612305,2400,0.0,0.0,0.0
2019-10-21 00:00:00-04:00,28.408398145472514,28.408398145472514,28.367979869663746,28.37760353088379,5800,0.0,0.0,0.0
2019-10-22 00:00:00-04:00,28.437265649081265,28.500780341039945,28.32178539217035,28.358354568481445,4400,0.0,0.0,0.0
2019-10-23 00:00:00-04:00,28.312159182161114,28.36989930541741,28.312159182161114,28.36701202392578,2900,0.0,0.0,0.0
2019-10-24 00:00:00-04:00,28.42764049545115,28.48826789855957,28.42764049545115,28.48826789855957,3700,0.0,0.0,0.0
2019-10-25 00:00:00-04:00,28.485387504198407,28.55275130171686,28.485387504198407,28.53831672668457,19100,0.0,0.0,0.0
2019-10-28 00:00:00-04:00,28.75772476196289,28.783708460730246,28.75772476196289,28.75772476196289,1400,0.0,0.0,0.0
2019-10-29 00:00:00-04:00,28.591239086671127,28.74521581388827,28.58161726202521,28.716344833374023,128100,0.0,0.0,0.0
2019-10-30 00:00:00-04:00,28.735593430325284,28.889568328857422,28.687475127330508,28.889568328857422,19700,0.0,0.0,0.0
2019-10-31 00:00:00-04:00,28.860696841074958,28.870320501505194,28.697098284812075,28.793333053588867,32300,0.0,0.0,0.0
2019-11-01 00:00:00-04:00,29.101281544397022,29.20713996887207,29.101281544397022,29.20713996887207,17400,0.0,0.0,0.0
2019-11-04 00:00:00-05:00,29.414045890953794,29.418856803488907,29.317811120521323,29.341869354248047,5200,0.0,0.0,0.0
2019-11-05 00:00:00-05:00,29.303378061913048,29.32166173312215,29.197519625413555,29.27161979675293,33700,0.0,0.0,0.0
2019-11-06 00:00:00-05:00,29.33224152288538,29.346677929489154,29.255254084591403,29.30144691467285,7600,0.0,0.0,0.0
2019-11-07 00:00:00-05:00,29.457350534499437,29.457350534499437,29.361115767044346,29.373626708984375,8700,0.0,0.0,0.0
2019-11-08 00:00:00-05:00,29.255259020478775,29.322622810910822,29.216766212600014,29.3216609954834,9900,0.0,0.0,0.0
2019-11-11 00:00:00-05:00,29.284128672277397,29.312997817993164,29.284128672277397,29.312997817993164,900,0.0,0.0,0.0
2019-11-12 00:00:00-05:00,29.25525883085806,29.28412981322422,29.212916926018433,29.2398624420166,4600,0.0,0.0,0.0
2019-11-13 00:00:00-05:00,29.236010394351375,29.312997842199565,29.216764909033486,29.279315948486328,15900,0.0,0.0,0.0
2019-11-14 00:00:00-05:00,29.231198908122188,29.31299726681284,29.20232792742375,29.28797721862793,8400,0.0,0.0,0.0
2019-11-15 00:00:00-05:00,29.332243741795203,29.409231185913086,29.312996421884367,29.409231185913086,7100,0.0,0.0,0.0
2019-11-18 00:00:00-05:00,29.457349996096298,29.553582926266984,29.442913588150304,29.50546646118164,4100,0.0,0.0,0.0
2019-11-19 00:00:00-05:00,29.49584197998047,29.515089299689013,29.49584197998047,29.49584197998047,6300,0.0,0.0,0.0
2019-11-20 00:00:00-05:00,29.3226215069276,29.36111614862012,29.255257719491237,29.283166885375977,7600,0.0,0.0,0.0
2019-11-21 00:00:00-05:00,29.187893290593863,29.236009756126514,29.13977682506121,29.194629669189453,14700,0.0,0.0,0.0
2019-11-22 00:00:00-05:00,29.303373819931604,29.303373819931604,29.207139058456338,29.23504638671875,13900,0.0,0.0,0.0
2019-11-25 00:00:00-05:00,29.438103162682467,29.53818702697754,29.438103162682467,29.53818702697754,4200,0.0,0.0,0.0
2019-11-26 00:00:00-05:00,29.592078669637765,29.659442457478054,29.592078669637765,29.65655517578125,5800,0.0,0.0,0.0
2019-11-27 00:00:00-05:00,29.68831312476642,29.774924232651884,29.68831312476642,29.743165969848633,2900,0.0,0.0,0.0
2019-11-29 00:00:00-05:00,29.65944208076876,29.72680586775345,29.649818420410156,29.649818420410156,12600,0.0,0.0,0.0
2019-12-02 00:00:00-05:00,29.553583951289816,29.553583951289816,29.303376121537358,29.503543853759766,7500,0.0,0.0,0.0
2019-12-03 00:00:00-05:00,29.322623087170662,29.49680712850762,29.322623087170662,29.466976165771484,20400,0.0,0.0,0.0
2019-12-04 00:00:00-05:00,29.669065760624573,29.713333129882812,29.669065760624573,29.713333129882812,4800,0.0,0.0,0.0
2019-12-05 00:00:00-05:00,29.669070216641536,29.721999438835347,29.659446554831227,29.70467758178711,3900,0.0,0.0,0.0
2019-12-06 00:00:00-05:00,29.880779512731802,30.0058852566358,29.880779512731802,29.996261596679688,13500,0.0,0.0,0.0
2019-12-09 00:00:00-05:00,29.996264695350963,30.01069926901352,29.851913452148438,29.851913452148438,30200,0.0,0.0,0.0
2019-12-10 00:00:00-05:00,29.851910942519282,29.972203940996046,29.851910942519282,29.890403747558594,10900,0.0,0.0,0.0
2019-12-11 00:00:00-05:00,29.986639745059836,30.15023830312859,29.986639745059836,30.130990982055664,21100,0.0,0.0,0.0
2019-12-12 00:00:00-05:00,30.18873302467908,30.287853240966797,30.111745575710437,30.287853240966797,10200,0.0,0.0,0.0
2019-12-13 00:00:00-05:00,30.496682801072886,30.579442977905273,30.496682801072886,30.579442977905273,4400,0.0,0.0,0.0
2019-12-16 00:00:00-05:00,30.94898336437496,31.016347151716534,30.93454879152335,30.965341567993164,11300,0.0,0.0,0.0
2019-12-17 00:00:00-05:00,30.708396360085082,30.718020020181083,30.66990355522655,30.68337631225586,43800,0.0,0.0,0.0
2019-12-18 00:00:00-05:00,30.5832917154622,30.5929153753271,30.46780963260883,30.535173416137695,14200,0.0,0.0,0.0
2019-12-19 00:00:00-05:00,30.535172841906146,30.55442016127399,30.48705637901194,30.543834686279297,10700,0.0,0.0,0.0
2019-12-20 00:00:00-05:00,30.631409753924256,30.681451686478972,30.621786093564634,30.655467987060547,15400,0.0,0.0,0.0
2019-12-23 00:00:00-05:00,30.725099334441907,30.757981473310082,30.70575668279983,30.744441986083984,24200,0.157,0.0,0.0
2019-12-24 00:00:00-05:00,30.773455012836436,30.773455012836436,30.715428900841456,30.746376037597656,8000,0.0,0.0,0.0
2019-12-26 00:00:00-05:00,30.864363438411676,30.881771087646484,30.86049527687248,30.881771087646484,5800,0.0,0.0,0.0
2019-12-27 00:00:00-05:00,31.076158538648976,31.09937119565223,31.015230847865638,31.040376663208008,13300,0.0,0.0,0.0
2019-12-30 00:00:00-05:00,31.09260366470142,31.09260366470142,30.802469411533096,30.82664680480957,13900,0.0,0.0,0.0
2019-12-31 00:00:00-05:00,30.71543035571861,30.89628028869629,30.71543035571861,30.89628028869629,25300,0.0,0.0,0.0
2020-01-02 00:00:00-05:00,31.131284255054116,31.17964272924805,31.09260264062602,31.16996955871582,9500,0.0,0.0,0.0
2020-01-03 00:00:00-05:00,30.87983856537208,30.99589079240629,30.83148193359375,30.83148193359375,9700,0.0,0.0,0.0
2020-01-06 00:00:00-05:00,30.75411371514537,30.87016778886358,30.75411371514537,30.864364624023438,23900,0.0,0.0,0.0
2020-01-07 00:00:00-05:00,30.86049704559993,30.86049704559993,30.812142256663307,30.821813583374023,13200,0.0,0.0,0.0
2020-01-08 00:00:00-05:00,30.895311012521624,31.01039665956284,30.870167039852625,30.926259994506836,9800,0.0,0.0,0.0
2020-01-09 00:00:00-05:00,31.015233993530273,31.016200572797864,30.966879205513823,31.015233993530273,14800,0.0,0.0,0.0
2020-01-10 00:00:00-05:00,31.09743730399799,31.10227388953898,30.918522375936462,30.959142684936523,4800,0.0,0.0,0.0
2020-01-13 00:00:00-05:00,31.02974112556383,31.160303115844727,31.02974112556383,31.160303115844727,14700,0.0,0.0,0.0
2020-01-14 00:00:00-05:00,31.102276121451403,31.267653417869667,31.102276121451403,31.226064682006836,9300,0.0,0.0,0.0
2020-01-15 00:00:00-05:00,31.266685568118344,31.38273780007792,31.266685568118344,31.334383010864258,11400,0.0,0.0,0.0
2020-01-16 00:00:00-05:00,31.353721822728552,31.417552947998047,31.324709687188193,31.417552947998047,33100,0.0,0.0,0.0
2020-01-17 00:00:00-05:00,31.556813514296028,31.571319580078125,31.51812821272149,31.571319580078125,7600,0.0,0.0,0.0
2020-01-21 00:00:00-05:00,31.373063957410682,31.421422434823565,31.30536651611328,31.30536651611328,24000,0.0,0.0,0.0
2020-01-22 00:00:00-05:00,31.49878797085782,31.5471427569073,31.42142105102539,31.42142105102539,15200,0.0,0.0,0.0
2020-01-23 00:00:00-05:00,31.257009281468154,31.302464328276915,31.092602276680736,31.280221939086914,7900,0.0,0.0,0.0
2020-01-24 00:00:00-05:00,31.411751212074076,31.411751212074076,31.18931622126616,31.226064682006836,12200,0.0,0.0,0.0
2020-01-27 00:00:00-05:00,30.570365024821044,30.61871981439365,30.52490997314453,30.52490997314453,16300,0.0,0.0,0.0
2020-01-28 00:00:00-05:00,30.580033352457622,30.783125662284238,30.57036202656824,30.764751434326172,22500,0.0,0.0,0.0
2020-01-29 00:00:00-05:00,30.81697426360971,30.870165633490995,30.74444208663987,30.77248764038086,31900,0.0,0.0,0.0
2020-01-30 00:00:00-05:00,30.560692995500656,30.729936599731445,30.512336362422616,30.729936599731445,11700,0.0,0.0,0.0
2020-01-31 00:00:00-05:00,30.560692501953856,30.560692501953856,30.222203454341845,30.280229568481445,17900,0.0,0.0,0.0
2020-02-03 00:00:00-05:00,30.433999612501278,30.434966191733217,30.317947387695312,30.317947387695312,6300,0.0,0.0,0.0
2020-02-04 00:00:00-05:00,30.754114296399013,30.86920179302466,30.754114296399013,30.821813583374023,14100,0.0,0.0,0.0
2020-02-05 00:00:00-05:00,31.140955752626947,31.179641054210396,31.073258319472618,31.154495239257812,8700,0.0,0.0,0.0
2020-02-06 00:00:00-05:00,31.218324890939467,31.2376675431094,31.16997010513147,31.19898223876953,16700,0.0,0.0,0.0
2020-02-07 00:00:00-05:00,30.976549591577744,31.017168057405208,30.870168685913086,30.870168685913086,17000,0.0,0.0,0.0
2020-02-10 00:00:00-05:00,30.87983611691654,30.953336715698242,30.850822140150054,30.953336715698242,11800,0.0,0.0,0.0
2020-02-11 00:00:00-05:00,31.160298850090264,31.21349021822163,31.121613547952276,31.15546226501465,5100,0.0,0.0,0.0
2020-02-12 00:00:00-05:00,31.30536528937399,31.30536528937399,31.237667850729398,31.29085922241211,10100,0.0,0.0,0.0
2020-02-13 00:00:00-05:00,31.02490511582109,31.166103153475504,31.02490511582109,31.102272033691406,6700,0.0,0.0,0.0
2020-02-14 00:00:00-05:00,31.17867260235487,31.17867260235487,31.034574826026205,31.082929611206055,17400,0.0,0.0,0.0
2020-02-18 00:00:00-05:00,30.879838176787942,30.889509503021905,30.813107317005393,30.82664680480957,13800,0.0,0.0,0.0
2020-02-19 00:00:00-05:00,31.024904341214135,31.111940738182586,31.024904341214135,31.092601776123047,32700,0.0,0.0,0.0
2020-02-20 00:00:00-05:00,30.86049591680432,30.956238911889557,30.734772363397564,30.835351943969727,15900,0.0,0.0,0.0
2020-02-21 00:00:00-05:00,30.73477158316063,30.740572903134023,30.638060166663003,30.670942306518555,6100,0.0,0.0,0.0
2020-02-24 00:00:00-05:00,29.40982999412604,29.571337269646012,29.380816015225065,29.381784439086914,19600,0.0,0.0,0.0
2020-02-25 00:00:00-05:00,29.525885037831785,29.525885037831785,28.88759223791709,28.927242279052734,29500,0.0,0.0,0.0
2020-02-26 00:00:00-05:00,29.032657985399084,29.245421633775106,28.964960544762025,28.965927124023438,10500,0.0,0.0,0.0
2020-02-27 00:00:00-05:00,28.491072549802148,28.713509351917956,28.123571395874023,28.123571395874023,45000,0.0,0.0,0.0
2020-02-28 00:00:00-05:00,27.523961607863768,27.954327293304914,27.291855328923077,27.78508186340332,45700,0.0,0.0,0.0
2020-03-02 00:00:00-05:00,27.90113747505198,28.491073608398438,27.87212349684143,28.491073608398438,43400,0.0,0.0,0.0
2020-03-03 00:00:00-05:00,28.732853367547,28.904031978050543,28.133245863446103,28.249298095703125,19400,0.0,0.0,0.0
2020-03-04 00:00:00-05:00,28.9069327061843,29.226079102383977,28.665155077408272,29.216407775878906,29200,0.0,0.0,0.0
2020-03-05 00:00:00-05:00,28.616798234656095,28.78894340700479,28.316994512994118,28.44175148010254,17400,0.0,0.0,0.0
2020-03-06 00:00:00-05:00,28.1139014587261,28.239626854559923,27.930149950378055,28.166126251220703,16200,0.0,0.0,0.0
2020-03-09 00:00:00-04:00,26.77929035852617,27.204817651943888,26.3731038732697,26.499794006347656,28500,0.0,0.0,0.0
2020-03-10 00:00:00-04:00,27.23383051261247,27.378896713256836,26.445634968135096,27.378896713256836,41700,0.0,0.0,0.0
2020-03-11 00:00:00-04:00,26.44080278977084,26.53751421444479,25.667115081613204,25.82378578186035,73600,0.0,0.0,0.0
2020-03-12 00:00:00-04:00,23.858615163516063,24.023024015786927,22.910847353774294,23.162296295166016,55400,0.0,0.0,0.0
2020-03-13 00:00:00-04:00,24.575243618227276,24.70967191531655,23.50078382073909,24.564605712890625,111400,0.0,0.0,0.0
2020-03-16 00:00:00-04:00,22.030776407168567,22.920518082518555,21.90505101744025,22.224197387695312,67100,0.0,0.0,0.0
2020-03-17 00:00:00-04:00,22.51433262971046,23.136184328699237,22.083966916799593,22.90117645263672,68700,0.0,0.0,0.0
2020-03-18 00:00:00-04:00,21.72130037463123,22.35959498493034,21.402153991790097,21.817045211791992,46400,0.0,0.0,0.0
2020-03-19 00:00:00-04:00,21.784163813156447,22.46597664717937,21.66327499971538,22.2077579498291,122500,0.0,0.0,0.0
2020-03-20 00:00:00-04:00,22.553015701126125,22.881833406102416,21.76095199584961,21.76095199584961,179300,0.0,0.0,0.0
2020-03-23 00:00:00-04:00,21.924393960770562,22.011434048782284,21.48919352071195,21.672945022583008,30800,0.0,0.0,0.0
2020-03-24 00:00:00-04:00,23.100180985852354,23.489072547018644,22.973790069485037,23.372406005859375,213500,0.118,0.0,0.0
2020-03-25 00:00:00-04:00,23.586295804359295,24.291162799177393,23.20712676557188,23.926576614379883,141500,0.0,0.0,0.0
2020-03-26 00:00:00-04:00,24.211438251611938,25.141862869262695,24.211438251611938,25.141862869262695,109100,0.0,0.0,0.0
2020-03-27 00:00:00-04:00,24.32519029360298,24.743249408644385,24.10157788233285,24.364078521728516,60300,0.0,0.0,0.0
2020-03-30 00:00:00-04:00,24.80158276664754,25.18075180053711,24.647969536330706,25.18075180053711,46900,0.0,0.0,0.0
2020-03-31 00:00:00-04:00,24.821026207310542,25.03977641775162,24.616856995349494,24.897830963134766,25500,0.0,0.0,0.0
2020-04-01 00:00:00-04:00,24.393246278412335,24.54880290091915,24.101578074807367,24.169633865356445,120900,0.0,0.0,0.0
2020-04-02 00:00:00-04:00,24.220188433031225,24.75296881380925,24.052964053781704,24.606163024902344,877300,0.0,0.0,0.0
2020-04-03 00:00:00-04:00,24.227966825865668,24.31546765670622,23.916853584824246,24.05296516418457,138800,0.0,0.0,0.0
2020-04-06 00:00:00-04:00,24.811304534139012,25.200196076884843,24.811304534139012,25.190473556518555,78700,0.0,0.0,0.0
2020-04-07 00:00:00-04:00,25.987699021398964,25.987699021398964,25.47825050354004,25.47825050354004,37900,0.0,0.0,0.0
2020-04-08 00:00:00-04:00,25.686311590655976,25.958536604357906,25.52103244919073,25.83214569091797,16800,0.0,0.0,0.0
2020-04-09 00:00:00-04:00,26.221036774932927,26.493261783774617,26.201593588458003,26.415483474731445,28500,0.0,0.0,0.0
2020-04-13 00:00:00-04:00,26.230758892372517,26.269648973487207,25.94881322181553,26.12672996520996,26800,0.0,0.0,0.0
2020-04-14 00:00:00-04:00,26.687706695921197,26.862706488760267,26.668261656367623,26.77520751953125,30000,0.0,0.0,0.0
2020-04-15 00:00:00-04:00,26.114091911313224,26.323121457778043,26.10436939120078,26.122840881347656,9000,0.0,0.0,0.0
2020-04-16 00:00:00-04:00,26.166591668999867,26.272565841674805,26.094647244395862,26.272565841674805,47800,0.0,0.0,0.0
2020-04-17 00:00:00-04:00,26.77521005899236,26.91132164001465,26.600208395174445,26.91132164001465,60000,0.0,0.0,0.0
2020-04-20 00:00:00-04:00,26.619650711752445,26.940486466800518,26.541872403085677,26.561317443847656,20200,0.0,0.0,0.0
2020-04-21 00:00:00-04:00,26.094646517422735,26.308536393854336,25.894367798087863,25.99742317199707,27500,0.0,0.0,0.0
2020-04-22 00:00:00-04:00,26.3406221072548,26.45437170206245,26.280343593229635,26.415483474731445,72100,0.0,0.0,0.0
2020-04-23 00:00:00-04:00,26.444650844848365,26.658540729575602,26.182148358332334,26.20159339904785,192900,0.0,0.0,0.0
2020-04-24 00:00:00-04:00,26.347427308357833,26.444650656863143,26.22103639898659,26.396038055419922,41200,0.0,0.0,0.0
2020-04-27 00:00:00-04:00,26.643958952237785,26.7431256968819,26.5904860153012,26.716875076293945,13600,0.0,0.0,0.0
2020-04-28 00:00:00-04:00,27.057156585079714,27.057156585079714,26.80437660217285,26.80437660217285,9000,0.0,0.0,0.0
2020-04-29 00:00:00-04:00,27.28076797625336,27.465492159562107,27.28076797625336,27.37507438659668,14400,0.0,0.0,0.0
2020-04-30 00:00:00-04:00,27.066877562176565,27.096045123518685,26.72659676404318,26.823820114135742,17100,0.0,0.0,0.0
2020-05-01 00:00:00-04:00,26.41548353534618,26.590485194690185,26.342565559159123,26.366872787475586,111000,0.0,0.0,0.0
2020-05-04 00:00:00-04:00,26.1821496895588,26.37659454345703,26.08492633541906,26.37659454345703,40400,0.0,0.0,0.0
2020-05-05 00:00:00-04:00,26.43492966856962,26.522430501857258,26.308538751873588,26.37659454345703,19900,0.0,0.0,0.0
2020-05-06 00:00:00-04:00,26.483540173223638,26.522430256271925,26.211315155029297,26.211315155029297,17200,0.0,0.0,0.0
2020-05-07 00:00:00-04:00,26.76548920154171,26.90646112448305,26.726599116329385,26.746044158935547,66700,0.0,0.0,0.0
2020-05-08 00:00:00-04:00,26.969653005487913,27.13493213693649,26.959930485475514,27.07465362548828,30400,0.0,0.0,0.0
2020-05-11 00:00:00-04:00,26.882154321465,27.174796077695405,26.862709279891014,27.076601028442383,35000,0.0,0.0,0.0
2020-05-12 00:00:00-04:00,27.368266602186875,27.368266602186875,26.94048500061035,26.94048500061035,9700,0.0,0.0,0.0
2020-05-13 00:00:00-04:00,27.096043521918904,27.14562596257426,26.75284580249901,26.891874313354492,31500,0.0,0.0,0.0
2020-05-14 00:00:00-04:00,26.29881435956071,26.64590072631836,26.182147826400172,26.64590072631836,35900,0.0,0.0,0.0
2020-05-15 00:00:00-04:00,26.619649118875635,26.6779842376709,26.532150149444824,26.6779842376709,12700,0.0,0.0,0.0
2020-05-18 00:00:00-04:00,27.18354204652155,27.616185829051318,27.18354204652155,27.58118438720703,21200,0.0,0.0,0.0
2020-05-19 00:00:00-04:00,27.329382247688788,27.475216357358345,27.193268804866726,27.209796905517578,21700,0.0,0.0,0.0
2020-05-20 00:00:00-04:00,27.83493851815411,27.96132943133446,27.786327769627018,27.863134384155273,11800,0.0,0.0,0.0
2020-05-21 00:00:00-04:00,27.796050240575607,27.796050240575607,27.618131637573242,27.618131637573242,60900,0.0,0.0,0.0
2020-05-22 00:00:00-04:00,27.484937882458325,27.59285545349121,27.41688209070448,27.59285545349121,9700,0.0,0.0,0.0
2020-05-26 00:00:00-04:00,28.18494154174073,28.321053119673607,28.146053314208984,28.146053314208984,11100,0.0,0.0,0.0
2020-05-27 00:00:00-04:00,28.257860113127933,28.355083465576172,28.1071638241141,28.355083465576172,5300,0.0,0.0,0.0
2020-05-28 00:00:00-04:00,28.612724681527652,28.933560456723548,28.583557118553017,28.632169723510742,30200,0.0,0.0,0.0
2020-05-29 00:00:00-04:00,28.768279044991903,28.778001565218432,28.45716581526756,28.751750946044922,24400,0.0,0.0,0.0
2020-06-01 00:00:00-04:00,29.118283675773906,29.317590713500977,29.089116113771944,29.317590713500977,5600,0.0,0.0,0.0
2020-06-02 00:00:00-04:00,29.264116163142816,29.458561002622236,29.264116163142816,29.409950256347656,27200,0.0,0.0,0.0
2020-06-03 00:00:00-04:00,29.604398838445455,29.954400313584763,29.604398838445455,29.915512084960938,13300,0.0,0.0,0.0
2020-06-04 00:00:00-04:00,29.76967770702108,29.95440003644231,29.759955186359775,29.774538040161133,24400,0.0,0.0,0.0
2020-06-05 00:00:00-04:00,30.139123986242645,30.139123986242645,30.00690104416162,30.041900634765625,7000,0.0,0.0,0.0
2020-06-08 00:00:00-04:00,29.915510054122105,30.061344146728516,29.79786997171352,30.061344146728516,10100,0.0,0.0,0.0
2020-06-09 00:00:00-04:00,29.604397390238255,29.801759174128648,29.604397390238255,29.756065368652344,10800,0.0,0.0,0.0
2020-06-10 00:00:00-04:00,30.012734549371906,30.16829116802339,29.954399426591724,30.0224552154541,8000,0.0,0.0,0.0
2020-06-11 00:00:00-04:00,29.47800780051419,29.54606359110888,28.6321688968642,28.690502166748047,40700,0.0,0.0,0.0
2020-06-12 00:00:00-04:00,29.341896421640204,29.341896421640204,28.846058988255642,29.09203338623047,8700,0.0,0.0,0.0
2020-06-15 00:00:00-04:00,28.505775782481482,29.154252843369996,28.486330742560188,29.079391479492188,10900,0.0,0.0,0.0
2020-06-16 00:00:00-04:00,29.421618463511482,29.507175905588703,29.200922987896238,29.38078498840332,8300,0.0,0.0,0.0
2020-06-17 00:00:00-04:00,29.750232698509677,29.81731679307984,29.66370356259545,29.66856575012207,8100,0.0,0.0,0.0
2020-06-18 00:00:00-04:00,29.63356360938262,29.682176211601924,29.524674347421236,29.581064224243164,23800,0.0,0.0,0.0
2020-06-19 00:00:00-04:00,29.983566705732915,30.032177453210974,29.57911875929384,29.6364803314209,10500,0.0,0.0,0.0
2020-06-22 00:00:00-04:00,29.762872558703226,30.022456261153703,29.762872558703226,29.990373611450195,28900,0.0,0.0,0.0
2020-06-23 00:00:00-04:00,30.24740412181186,30.24740412181186,30.04803466796875,30.04803466796875,5200,0.16,0.0,0.0
2020-06-24 00:00:00-04:00,29.768527378276996,29.834984487358202,29.328743935877704,29.383472442626953,29800,0.0,0.0,0.0
2020-06-25 00:00:00-04:00,29.465563836329203,29.748981434908973,29.310172910986495,29.739208221435547,61800,0.0,0.0,0.0
2020-06-26 00:00:00-04:00,29.76852681896124,29.76852681896124,29.387380803233153,29.436246871948242,28300,0.0,0.0,0.0
2020-06-29 00:00:00-04:00,29.392265235870898,29.631702423095703,29.392265235870898,29.631702423095703,7800,0.0,0.0,0.0
2020-06-30 00:00:00-04:00,29.37760766791117,29.592614642731665,29.318970249346457,29.465564727783203,9100,0.0,0.0,0.0
2020-07-01 00:00:00-04:00,29.514427919976345,29.739206222607784,29.499767168726645,29.669816970825195,13500,0.0,0.0,0.0
2020-07-02 00:00:00-04:00,29.993306667801907,30.06171729917956,29.87602996826172,29.87602996826172,16500,0.0,0.0,0.0
2020-07-06 00:00:00-04:00,30.345132950130072,30.374452590942383,30.306041959763554,30.374452590942383,19800,0.0,0.0,0.0
2020-07-07 00:00:00-04:00,30.24740127344183,30.345129670821855,30.012847900390625,30.012847900390625,13700,0.0,0.0,0.0
2020-07-08 00:00:00-04:00,30.091038545879243,30.31581687927246,30.032399260954925,30.31581687927246,20900,0.0,0.0,0.0
2020-07-09 00:00:00-04:00,30.306041422739362,30.40474845512685,30.00307926258024,30.128171920776367,15600,0.0,0.0,0.0
2020-07-10 00:00:00-04:00,30.18876423205703,30.350019454956055,30.13990002975117,30.350019454956055,14000,0.0,0.0,0.0
2020-07-13 00:00:00-04:00,30.486838920985097,30.662753021427697,30.130125045776367,30.130125045776367,149900,0.0,0.0,0.0
2020-07-14 00:00:00-04:00,30.13012777079942,30.454591751098633,30.110581343638046,30.454591751098633,8300,0.0,0.0,0.0
2020-07-15 00:00:00-04:00,30.872874484871826,30.91196547420566,30.696960372744943,30.727256774902344,24600,0.0,0.0,0.0
2020-07-16 00:00:00-04:00,30.49172774640904,30.566979436895917,30.4233152546439,30.47218132019043,8500,0.0,0.0,0.0
2020-07-17 00:00:00-04:00,30.628548908361047,30.711618423461914,30.569911493933972,30.711618423461914,8000,0.0,0.0,0.0
2020-07-20 00:00:00-04:00,30.80446288390289,30.941284138330634,30.744846843588064,30.93151092529297,10100,0.0,0.0,0.0
2020-07-21 00:00:00-04:00,31.097651474798447,31.19538174004412,31.042922973632812,31.042922973632812,8900,0.0,0.0,0.0
2020-07-22 00:00:00-04:00,31.107424346046017,31.17583497175164,31.053672607548812,31.154335021972656,11500,0.0,0.0,0.0
2020-07-23 00:00:00-04:00,31.322431221244987,31.322431221244987,30.965717321127357,31.015560150146484,7100,0.0,0.0,0.0
2020-07-24 00:00:00-04:00,30.86310163916724,30.897306954260493,30.804464222443073,30.824987411499023,6500,0.0,0.0,0.0
2020-07-27 00:00:00-04:00,31.068335469887227,31.34197799130362,31.068335469887227,31.322431564331055,9600,0.0,0.0,0.0
2020-07-28 00:00:00-04:00,31.224703545291884,31.302885526053192,31.161178588867188,31.161178588867188,18000,0.0,0.0,0.0
2020-07-29 00:00:00-04:00,31.322430149281555,31.53743710816666,31.254019522018037,31.459251403808594,20400,0.0,0.0,0.0
2020-07-30 00:00:00-04:00,30.76536793527186,31.14651576156868,30.628546690167685,31.131855010986328,12500,0.0,0.0,0.0
2020-07-31 00:00:00-04:00,30.91196645665443,30.91196645665443,30.266949267722396,30.413545608520508,34700,0.0,0.0,0.0
2020-08-03 00:00:00-04:00,30.62854979855954,30.920761981144643,30.62854979855954,30.896329879760742,3600,0.0,0.0,0.0
2020-08-04 00:00:00-04:00,30.726280620705076,30.89339828491211,30.629527111501073,30.89339828491211,29200,0.0,0.0,0.0
2020-08-05 00:00:00-04:00,31.254021037511368,31.327319206876357,31.08299446105957,31.08299446105957,7100,0.0,0.0,0.0
2020-08-06 00:00:00-04:00,30.951056380875052,31.114265118981987,30.843552904881367,31.07615089416504,121500,0.0,0.0,0.0
2020-08-07 00:00:00-04:00,30.87287513650977,30.90317153930664,30.75559843793319,30.90317153930664,16800,0.0,0.0,0.0
2020-08-10 00:00:00-04:00,30.824009351178333,30.950080630648095,30.79175756170595,30.9412841796875,29600,0.0,0.0,0.0
2020-08-11 00:00:00-04:00,31.214928795954215,31.293112636918885,30.95008087158203,30.95008087158203,12900,0.0,0.0,0.0
2020-08-12 00:00:00-04:00,31.441664539705705,31.68012499055581,31.43970728728327,31.566757202148438,17200,0.0,0.0,0.0
2020-08-13 00:00:00-04:00,31.718238569121468,31.72800991805966,31.508119150004532,31.550142288208008,5000,0.0,0.0,0.0
2020-08-14 00:00:00-04:00,31.413321253146805,31.510072893516593,31.34099984934234,31.40941047668457,16900,0.0,0.0,0.0
2020-08-17 00:00:00-04:00,31.762217279983133,31.770035105257808,31.723124425509972,31.7583065032959,5100,0.0,0.0,0.0
2020-08-18 00:00:00-04:00,31.947902277382582,31.947902277382582,31.725081211977546,31.82085609436035,9900,0.0,0.0,0.0
2020-08-19 00:00:00-04:00,31.97722303974146,31.99676946623735,31.63516616821289,31.63516616821289,12300,0.0,0.0,0.0
2020-08-20 00:00:00-04:00,31.38106980426461,31.630282079773146,31.38106980426461,31.59705352783203,7400,0.0,0.0,0.0
2020-08-21 00:00:00-04:00,31.400616650608733,31.455345153808594,31.27356674185205,31.455345153808594,7200,0.0,0.0,0.0
2020-08-24 00:00:00-04:00,31.879489815719204,31.957675519025706,31.74266856303235,31.859943389892578,40600,0.0,0.0,0.0
2020-08-25 00:00:00-04:00,31.8716750511616,31.8716750511616,31.6498270112332,31.804241180419922,26800,0.0,0.0,0.0
2020-08-26 00:00:00-04:00,31.86971739389433,32.11404211635215,31.86971739389433,32.06517791748047,47800,0.0,0.0,0.0
2020-08-27 00:00:00-04:00,31.8804714306883,31.900017859490312,31.767107362976763,31.824766159057617,4000,0.0,0.0,0.0
2020-08-28 00:00:00-04:00,31.80131212704981,31.879494112795026,31.781765698588494,31.877540588378906,11400,0.0,0.0,0.0
2020-08-31 00:00:00-04:00,31.894151960121274,31.905880562434888,31.70357894897461,31.70357894897461,3400,0.0,0.0,0.0
2020-09-01 00:00:00-04:00,31.757331255767056,31.865811508839013,31.75244744479983,31.850175857543945,36900,0.0,0.0,0.0
2020-09-02 00:00:00-04:00,32.17561836011305,32.35543954404936,32.11404878569027,32.34859848022461,14700,0.0,0.0,0.0
2020-09-03 00:00:00-04:00,32.26063568802732,32.26063568802732,31.50811880084029,31.611711502075195,15000,0.0,0.0,0.0
2020-09-04 00:00:00-04:00,31.635163181597033,31.664484682622504,31.058558566803086,31.6009578704834,14200,0.0,0.0,0.0
2020-09-08 00:00:00-04:00,31.146519541751267,31.439706628236767,31.073221372092476,31.17192840576172,8600,0.0,0.0,0.0
2020-09-09 00:00:00-04:00,31.566753555932497,31.957674605086225,31.566753555932497,31.864830017089844,16500,0.0,0.0,0.0
2020-09-10 00:00:00-04:00,31.859943013415705,31.95767514139397,31.420161485861705,31.443614959716797,18700,0.0,0.0,0.0
2020-09-11 00:00:00-04:00,31.879491211663794,31.957676918393908,31.674259323646787,31.862878799438477,15700,0.0,0.0,0.0
2020-09-14 00:00:00-04:00,32.026088469968606,32.094499101277584,31.918584984168834,31.967449188232422,16200,0.0,0.0,0.0
2020-09-15 00:00:00-04:00,32.4854186559088,32.4854186559088,32.31341159551203,32.33393478393555,5300,0.0,0.0,0.0
2020-09-16 00:00:00-04:00,32.55382861302813,32.62712305010173,32.37791450785239,32.4170036315918,18800,0.0,0.0,0.0
2020-09-17 00:00:00-04:00,32.333938124446206,32.515716552734375,32.21177574338534,32.515716552734375,11300,0.0,0.0,0.0
2020-09-18 00:00:00-04:00,32.57337655069406,32.57337655069406,32.23131967337751,32.28995895385742,27300,0.0,0.0,0.0
2020-09-21 00:00:00-04:00,31.547212559443256,31.78176597491833,31.30288779370259,31.696739196777344,19000,0.0,0.0,0.0
2020-09-22 00:00:00-04:00,31.620190540913647,31.736974716186523,31.424893856462283,31.736974716186523,8100,0.135,0.0,0.0
2020-09-23 00:00:00-04:00,31.894976669877458,31.894976669877458,31.458261134969117,31.512237548828125,25300,0.0,0.0,0.0
2020-09-24 00:00:00-04:00,31.399379342252626,31.720289682789318,31.399379342252626,31.502422332763672,54300,0.0,0.0,0.0
2020-09-25 00:00:00-04:00,31.266892472236428,31.601544001561905,31.070614938357117,31.583877563476562,17900,0.0,0.0,0.0
2020-09-28 00:00:00-04:00,31.914608001569587,31.96367645263672,31.860631582290885,31.96367645263672,4000,0.0,0.0,0.0
2020-09-29 00:00:00-04:00,32.17467296941234,32.191354819557596,32.02255965363544,32.072608947753906,41000,0.0,0.0,0.0
2020-09-30 00:00:00-04:00,31.944046635077346,32.08143978827657,31.875350058477736,31.999984741210938,9000,0.0,0.0,0.0
2020-10-01 00:00:00-04:00,32.199207780815165,32.296363830566406,32.14523136569057,32.296363830566406,15100,0.0,0.0,0.0
2020-10-02 00:00:00-04:00,32.081439114635316,32.23355616849688,32.081439114635316,32.181541442871094,6600,0.0,0.0,0.0
2020-10-05 00:00:00-04:00,32.336598263174515,32.5230598449707,32.336598263174515,32.5230598449707,6400,0.0,0.0,0.0
2020-10-06 00:00:00-04:00,32.46418500611168,32.46418500611168,31.993117384573097,32.06868362426758,45900,0.0,0.0,0.0
2020-10-07 00:00:00-04:00,32.34641143960461,32.39547988434217,32.28753080339247,32.38174057006836,6100,0.0,0.0,0.0
2020-10-08 00:00:00-04:00,32.503434812038876,32.56231919574336,32.44455417201699,32.53287887573242,19600,0.0,0.0,0.0
2020-10-09 00:00:00-04:00,32.71934131970468,32.90580292405725,32.71934131970468,32.891082763671875,9000,0.0,0.0,0.0
2020-10-12 00:00:00-04:00,33.08245166298951,33.2296607512137,33.071658625978415,33.1707763671875,10100,0.0,0.0,0.0
2020-10-13 00:00:00-04:00,32.923470192090065,33.10208129831526,32.91463884437292,33.05301284790039,213300,0.0,0.0,0.0
2020-10-14 00:00:00-04:00,33.160962908121306,33.278727927991916,33.023569760991855,33.083431243896484,18200,0.0,0.0,0.0
2020-10-15 00:00:00-04:00,32.45436730199703,32.74780089679126,32.45436730199703,32.678123474121094,17100,0.0,0.0,0.0
2020-10-16 00:00:00-04:00,32.76840591430664,32.86163857735723,32.74877778820745,32.76840591430664,46300,0.0,0.0,0.0
2020-10-19 00:00:00-04:00,32.94505738353251,32.94505738353251,32.53483963012695,32.53483963012695,35200,0.0,0.0,0.0
2020-10-20 00:00:00-04:00,32.81747742321244,32.959778542962304,32.77822491102972,32.802757263183594,21300,0.0,0.0,0.0
2020-10-21 00:00:00-04:00,32.719341239765676,32.88617471530258,32.64573669433594,32.64573669433594,17900,0.0,0.0,0.0
2020-10-22 00:00:00-04:00,32.62120156466576,32.670270009547586,32.49362061302712,32.57801818847656,45000,0.0,0.0,0.0
2020-10-23 00:00:00-04:00,32.60157545154635,32.60157545154635,32.397447413789926,32.53287887573242,44600,0.0,0.0,0.0
2020-10-26 00:00:00-04:00,32.09125469552843,32.09125469552843,31.708515568546723,31.777212142944336,11400,0.0,0.0,0.0
2020-10-27 00:00:00-04:00,31.79684018690729,31.850816601461116,31.600562656137242,31.630002975463867,45200,0.0,0.0,0.0
2020-10-28 00:00:00-04:00,31.10005671618629,31.119682971840053,30.7958263555372,30.815454483032227,27700,0.0,0.0,0.0
2020-10-29 00:00:00-04:00,30.943034733151045,31.149124451617798,30.83508190623538,30.972475051879883,69100,0.0,0.0,0.0
2020-10-30 00:00:00-04:00,30.81545327696806,30.844895467058283,30.58482933937217,30.658432006835938,32800,0.0,0.0,0.0
2020-11-02 00:00:00-05:00,30.943034727995585,30.97247504671952,30.756571264765384,30.92340660095215,96600,0.0,0.0,0.0
2020-11-03 00:00:00-05:00,31.35521750177582,31.757584765760786,31.35521750177582,31.67318344116211,54800,0.0,0.0,0.0
2020-11-04 00:00:00-05:00,31.875347950453403,32.361131922476304,31.79978172119128,32.06180953979492,88300,0.0,0.0,0.0
2020-11-05 00:00:00-05:00,32.7684098034129,33.003943600875175,32.689901033380615,32.86655044555664,798500,0.0,0.0,0.0
2020-11-06 00:00:00-05:00,33.08245166024555,33.16096417227398,33.02455186475482,33.121707916259766,255100,0.0,0.0,0.0
2020-11-09 00:00:00-05:00,34.17178539435425,34.17178539435425,33.43083953857422,33.43083953857422,30100,0.0,0.0,0.0
2020-11-10 00:00:00-05:00,33.32779844550977,33.46519160117776,33.23947373919711,33.25910186767578,43600,0.0,0.0,0.0
2020-11-11 00:00:00-05:00,33.641841169711014,33.72035368398956,33.58296052768485,33.70072555541992,43500,0.0,0.0,0.0
2020-11-12 00:00:00-05:00,33.55351170236248,33.622208270768056,33.2934455871582,33.2934455871582,18900,0.0,0.0,0.0
2020-11-13 00:00:00-05:00,33.597677672937635,33.69091033935547,33.53388532489074,33.69091033935547,17800,0.0,0.0,0.0
2020-11-16 00:00:00-05:00,33.79885631493651,33.8086722492796,33.57804646008358,33.68109130859375,23800,0.0,0.0,0.0
2020-11-17 00:00:00-05:00,33.72035129215445,33.72035129215445,33.425936871858646,33.53388595581055,45900,0.0,0.0,0.0
2020-11-18 00:00:00-05:00,33.64184196035927,33.64380739384034,33.35527801513672,33.35527801513672,26000,0.0,0.0,0.0
2020-11-19 00:00:00-05:00,33.43575143257728,33.62712100651248,33.39159095106118,33.60258865356445,37100,0.0,0.0,0.0
2020-11-20 00:00:00-05:00,33.646749460738235,33.73998213641823,33.62515964220922,33.69189453125,16400,0.0,0.0,0.0
2020-11-23 00:00:00-05:00,33.82535640523031,33.843022842044455,33.5338845317319,33.65165328979492,25700,0.0,0.0,0.0
2020-11-24 00:00:00-05:00,33.798856446813005,33.98139464074985,33.77922832173228,33.97550582885742,26000,0.0,0.0,0.0
2020-11-25 00:00:00-05:00,33.90681536875613,34.07365259014478,33.87246707960004,33.995140075683594,49900,0.0,0.0,0.0
2020-11-27 00:00:00-05:00,34.24048313145762,34.32880783081055,34.21104281290079,34.32880783081055,16400,0.0,0.0,0.0
2020-11-30 00:00:00-05:00,34.358248757151976,34.397505011710464,33.87737274169922,33.87737274169922,18900,0.0,0.0,0.0
2020-12-01 00:00:00-05:00,34.32880974906144,34.54569625854492,34.32880974906144,34.54569625854492,26600,0.0,0.0,0.0
2020-12-02 00:00:00-05:00,34.43676146726159,34.59378274272951,34.42694927540594,34.5152702331543,17500,0.0,0.0,0.0
2020-12-03 00:00:00-05:00,34.79987175030888,34.80183718358566,34.62322235107422,34.62322235107422,12900,0.0,0.0,0.0
2020-12-04 00:00:00-05:00,34.71154413611651,34.8734733624322,34.71154413611651,34.8587532043457,66600,0.0,0.0,0.0
2020-12-07 00:00:00-05:00,34.7409920968728,34.84894118285557,34.71154803371156,34.743934631347656,25500,0.0,0.0,0.0
2020-12-08 00:00:00-05:00,34.65266772719539,34.90782590038464,34.65266772719539,34.88230895996094,27800,0.0,0.0,0.0
2020-12-09 00:00:00-05:00,35.045215696227096,35.045215696227096,34.69682488556634,34.93039321899414,14400,0.0,0.0,0.0
2020-12-10 00:00:00-05:00,34.853848347125854,35.09428635258471,34.853848347125854,35.015777587890625,17100,0.0,0.0,0.0
2020-12-11 00:00:00-05:00,34.942173047208236,35.04031368267891,34.87347647421999,35.015777587890625,45100,0.0,0.0,0.0
2020-12-14 00:00:00-05:00,35.19242727447399,35.22186759351357,34.96572858176777,34.9824104309082,18000,0.0,0.0,0.0
2020-12-15 00:00:00-05:00,35.11391758632818,35.29056700212172,35.084477264923514,35.270938873291016,16800,0.0,0.0,0.0
2020-12-16 00:00:00-05:00,35.31019218873109,35.457401270853765,35.24149561538916,35.40833282470703,7100,0.0,0.0,0.0
2020-12-17 00:00:00-05:00,35.820511571982365,35.830323763548954,35.71255874633789,35.71255874633789,13200,0.0,0.0,0.0
2020-12-18 00:00:00-05:00,35.84995189036453,35.84995189036453,35.65367810957356,35.71255874633789,25400,0.0,0.0,0.0
2020-12-21 00:00:00-05:00,35.04171537448961,35.443232736542186,34.903601109246395,35.387001037597656,20600,0.19,0.0,0.0
2020-12-22 00:00:00-05:00,35.30808078344057,35.352473042272244,35.22915619440887,35.325836181640625,10100,0.0,0.0,0.0
2020-12-23 00:00:00-05:00,35.5152541867253,35.60108449396914,35.44619704909543,35.57444763183594,15300,0.0,0.0,0.0
2020-12-24 00:00:00-05:00,35.554711919763356,35.564575611016515,35.44619249932231,35.53498077392578,27100,0.0,0.0,0.0
2020-12-28 00:00:00-05:00,35.97892807765363,35.97892807765363,35.78162035008521,35.850677490234375,14000,0.0,0.0,0.0
2020-12-29 00:00:00-05:00,36.35380683932282,36.35380683932282,36.12690428090171,36.16636657714844,20500,0.0,0.0,0.0
2020-12-30 00:00:00-05:00,36.36367420350321,36.432731340095266,36.25515477076377,36.265018463134766,15600,0.0,0.0,0.0
2020-12-31 00:00:00-05:00,36.09730761462458,36.18609589502306,35.91973105382763,36.01838302612305,31100,0.0,0.0,0.0
2021-01-04 00:00:00-05:00,36.78788322180453,36.78788322180453,36.45246124267578,36.45246124267578,24700,0.0,0.0,0.0
2021-01-05 00:00:00-05:00,36.54125199887508,36.81748055451142,36.48699228068483,36.73855972290039,10700,0.0,0.0,0.0
2021-01-06 00:00:00-05:00,36.79774649331016,37.221956749223054,36.79774649331016,37.04438018798828,31500,0.0,0.0,0.0
2021-01-07 00:00:00-05:00,37.07397945079467,37.21209372014153,37.044380847840635,37.1824951171875,40400,0.0,0.0,0.0
2021-01-08 00:00:00-05:00,37.547517310716174,37.656032981760035,37.33047844196494,37.62643814086914,69700,0.0,0.0,0.0
2021-01-11 00:00:00-05:00,37.12330324132004,37.19236037190729,37.024647509530126,37.064109802246094,19700,0.0,0.0,0.0
2021-01-12 00:00:00-05:00,36.955591457120065,37.19236145699223,36.8470720306508,37.172630310058594,49800,0.0,0.0,0.0
2021-01-13 00:00:00-05:00,37.10357633403365,37.113440026673885,36.99505689833212,37.03451919555664,16600,0.0,0.0,0.0
2021-01-14 00:00:00-05:00,37.16276384513584,37.47845844115431,37.16276384513584,37.37980270385742,240600,0.0,0.0,0.0
2021-01-15 00:00:00-05:00,36.995057129801005,36.995057129801005,36.70896111813091,36.73855972290039,10200,0.0,0.0,0.0
2021-01-19 00:00:00-05:00,37.08384356034996,37.17263184354839,36.97532412940392,37.15290069580078,48600,0.0,0.0,0.0
2021-01-20 00:00:00-05:00,37.488325491398115,37.508056640625,37.350211210141865,37.508056640625,43000,0.0,0.0,0.0
2021-01-21 00:00:00-05:00,37.63630294799805,37.63630294799805,37.42912778634686,37.63630294799805,118800,0.0,0.0,0.0
2021-01-22 00:00:00-05:00,37.26141954603147,37.51791693608965,37.26141954603147,37.478458404541016,10500,0.0,0.0,0.0
2021-01-25 00:00:00-05:00,37.271284996851406,37.62643814086914,37.271284996851406,37.62643814086914,28800,0.0,0.0,0.0
2021-01-26 00:00:00-05:00,37.71522368704657,37.78033684827448,37.57710942181338,37.734954833984375,41600,0.0,0.0,0.0
2021-01-27 00:00:00-05:00,36.91613061150251,37.11343832524795,36.630038378069834,36.68922805786133,59200,0.0,0.0,0.0
2021-01-28 00:00:00-05:00,36.86680645024857,37.06411417376846,36.817480460201544,36.83721160888672,40400,0.0,0.0,0.0
2021-01-29 00:00:00-05:00,36.422864440055484,36.491925341032825,35.929597020683126,36.038116455078125,46200,0.0,0.0,0.0
2021-02-01 00:00:00-05:00,36.517568690063605,36.59057355520624,36.44259183928591,36.50178527832031,16100,0.0,0.0,0.0
2021-02-02 00:00:00-05:00,36.689226942620635,36.694160670230495,36.51658410959055,36.67936325073242,18200,0.0,0.0,0.0
2021-02-03 00:00:00-05:00,36.65963517097566,36.680352312672696,36.53434632785528,36.6399040222168,23600,0.0,0.0,0.0
2021-02-04 00:00:00-05:00,36.39326696709455,36.51165008544922,36.23542155484449,36.51165008544922,54800,0.0,0.0,0.0
2021-02-05 00:00:00-05:00,36.551111180221376,36.60043716430664,36.46232290353536,36.60043716430664,42200,0.0,0.0,0.0
2021-02-08 00:00:00-05:00,36.8569410104337,36.8964033059334,36.787883874975044,36.8549690246582,15000,0.0,0.0,0.0
2021-02-09 00:00:00-05:00,36.93586072520655,37.21209302204981,36.92599703329464,37.143035888671875,43700,0.0,0.0,0.0
2021-02-10 00:00:00-05:00,37.19236344998773,37.19236344998773,36.965460893089286,37.02465057373047,55900,0.0,0.0,0.0
2021-02-11 00:00:00-05:00,37.24168678396268,37.34033875355452,37.152898505997456,37.315677642822266,18200,0.0,0.0,0.0
2021-02-12 00:00:00-05:00,37.25155200352441,37.577110290527344,37.25155200352441,37.577110290527344,45200,0.0,0.0,0.0
2021-02-16 00:00:00-05:00,38.0901089153929,38.14929859437158,37.99145317820913,38.0407829284668,28300,0.0,0.0,0.0
2021-02-17 00:00:00-05:00,37.784285060572756,37.784285060572756,37.57217991134897,37.70536422729492,20300,0.0,0.0,0.0
2021-02-18 00:00:00-05:00,37.646166554429975,37.76948340029267,37.42912770144556,37.734954833984375,13900,0.0,0.0,0.0
2021-02-19 00:00:00-05:00,37.774419830760976,37.912534105876745,37.725093841552734,37.725093841552734,9900,0.0,0.0,0.0
2021-02-22 00:00:00-05:00,37.665900017997394,37.89280257674055,37.64616886984603,37.65603256225586,15100,0.0,0.0,0.0
2021-02-23 00:00:00-05:00,37.36993880094775,37.75468676590588,37.22984878377605,37.67576217651367,23400,0.0,0.0,0.0
2021-02-24 00:00:00-05:00,37.310743924236654,37.62643474300348,37.17262966144259,37.596839904785156,20400,0.0,0.0,0.0
2021-02-25 00:00:00-05:00,37.626435369317264,37.68562881007063,36.925996588727365,37.02366256713867,48200,0.0,0.0,0.0
2021-02-26 00:00:00-05:00,36.94178358736854,36.94178358736854,36.442596435546875,36.442596435546875,56900,0.0,0.0,0.0
2021-03-01 00:00:00-05:00,36.81747760560603,37.162763272495695,36.81747760560603,37.143035888671875,13200,0.0,0.0,0.0
2021-03-02 00:00:00-05:00,37.13810327582298,37.28608123893261,37.06411241260235,37.15290069580078,21000,0.0,0.0,0.0
2021-03-03 00:00:00-05:00,36.92599877886649,37.04438190406324,36.74842220940551,36.82734680175781,23100,0.0,0.0,0.0
2021-03-04 00:00:00-05:00,36.57084461525696,36.620170602429226,36.01838377426549,36.05784606933594,130300,0.0,0.0,0.0
2021-03-05 00:00:00-05:00,36.12690523573923,36.21076355831283,35.67803383489706,36.19103240966797,17400,0.0,0.0,0.0
2021-03-08 00:00:00-05:00,35.90000227224076,36.19596197196001,35.801350293444926,35.9394645690918,51500,0.0,0.0,0.0
2021-03-09 00:00:00-05:00,36.32421330587856,36.521521030880315,36.24529247387696,36.442596435546875,24200,0.0,0.0,0.0
2021-03-10 00:00:00-05:00,36.52151795840935,36.52151795840935,36.334077705259105,36.4820556640625,18300,0.0,0.0,0.0
2021-03-11 00:00:00-05:00,36.728688700741046,36.925996405609006,36.7188250089968,36.90626525878906,32700,0.0,0.0,0.0
2021-03-12 00:00:00-05:00,36.58071000083246,36.89640081687001,36.55308338518108,36.86680221557617,36400,0.0,0.0,0.0
2021-03-15 00:00:00-04:00,36.70895949583243,36.86680491541056,36.52151923612454,36.85694122314453,31800,0.0,0.0,0.0
2021-03-16 00:00:00-04:00,36.995055037358895,37.06411217236211,36.96546019759512,36.985191345214844,8300,0.0,0.0,0.0
2021-03-17 00:00:00-04:00,36.77801430274082,37.1528985617489,36.713890898743045,37.0848274230957,15800,0.0,0.0,0.0
2021-03-18 00:00:00-04:00,36.955593172901516,37.04339546366669,36.69120407104492,36.69120407104492,19100,0.0,0.0,0.0
2021-03-19 00:00:00-04:00,36.70896111813091,36.778018257039996,36.5609831476108,36.73855972290039,35600,0.0,0.0,0.0
2021-03-22 00:00:00-04:00,36.75828231147667,36.94276457658288,36.75828231147667,36.84608459472656,13800,0.0,0.0,0.0
2021-03-23 00:00:00-04:00,36.649767445144356,36.72868826816317,36.35380400966245,36.37353515625,20500,0.0,0.0,0.0
2021-03-24 00:00:00-04:00,36.36367467853249,36.447529236442314,36.252197265625,36.252197265625,19800,0.0,0.0,0.0
2021-03-25 00:00:00-04:00,36.32584239321309,36.49502942587726,36.171583181490384,36.483089447021484,33600,0.321,0.0,0.0
2021-03-26 00:00:00-04:00,36.713979005066506,37.092166900634766,36.713979005066506,37.092166900634766,18700,0.0,0.0,0.0
2021-03-29 00:00:00-04:00,37.03245364154988,37.14889595961875,36.977715767273956,37.062313079833984,9300,0.0,0.0,0.0
2021-03-30 00:00:00-04:00,36.80354909607271,36.93292986276137,36.773693456258165,36.89311981201172,26600,0.0,0.0,0.0
2021-03-31 00:00:00-04:00,36.940893064537576,37.045391605902644,36.893121760414175,36.903076171875,14200,0.0,0.0,0.0
2021-04-01 00:00:00-04:00,37.12202502422605,37.35092714050208,37.08221497013568,37.2812614440918,25800,0.0,0.0,0.0
2021-04-05 00:00:00-04:00,37.53006860967039,37.95801720015633,37.53006860967039,37.90825653076172,33500,0.0,0.0,0.0
2021-04-06 00:00:00-04:00,37.689303730396176,37.689303730396176,37.460401621875164,37.490257263183594,28800,0.0,0.0,0.0
2021-04-07 00:00:00-04:00,37.50021000289529,37.669397024761665,37.47035436291779,37.5599250793457,25500,0.0,0.0,0.0
2021-04-08 00:00:00-04:00,37.92815986505281,38.01773058456378,37.86844478654698,37.97792053222656,9100,0.0,0.0,0.0
2021-04-09 00:00:00-04:00,37.94806514713682,38.05754089355469,37.94806514713682,38.05754089355469,24300,0.0,0.0,0.0
2021-04-12 00:00:00-04:00,37.84853932932281,37.85849374054152,37.77390022766002,37.83858871459961,13700,0.0,0.0,0.0
2021-04-13 00:00:00-04:00,37.967968423484976,38.122227624602715,37.928158372714144,38.1072998046875,16700,0.0,0.0,0.0
2021-04-14 00:00:00-04:00,38.246633552419766,38.336204273948674,38.18691847256861,38.25658416748047,17900,0.0,0.0,0.0
2021-04-15 00:00:00-04:00,38.585009080794634,38.764150513029584,38.515343390091644,38.734291076660156,18200,0.0,0.0,0.0
2021-04-16 00:00:00-04:00,38.863672730842296,39.05276857834914,38.82386267910449,39.01295852661133,319200,0.0,0.0,0.0
2021-04-19 00:00:00-04:00,39.15229191173441,39.15229191173441,38.943294824175176,39.042816162109375,80500,0.0,0.0,0.0
2021-04-20 00:00:00-04:00,38.80396385178345,38.81391446708612,38.474541917478696,38.55515670776367,49100,0.0,0.0,0.0
2021-04-21 00:00:00-04:00,38.61486566599703,39.042814231646496,38.60491505129389,39.03286361694336,37700,0.0,0.0,0.0
2021-04-22 00:00:00-04:00,39.08262389518772,39.15228958690411,38.87362682003857,38.91343307495117,18500,0.0,0.0,0.0
2021-04-23 00:00:00-04:00,39.08262333554184,39.430951789135854,39.08262333554184,39.34138107299805,79600,0.0,0.0,0.0
2021-04-26 00:00:00-04:00,39.30157676509709,39.37124245926614,39.291622353646886,39.35133743286133,28500,0.0,0.0,0.0
2021-04-27 00:00:00-04:00,39.142337976273886,39.22195428056862,39.112478540229915,39.202049255371094,28900,0.0,0.0,0.0
2021-04-28 00:00:00-04:00,39.02291145148575,39.18811975913217,39.02291145148575,39.14234161376953,25900,0.0,0.0,0.0
2021-04-29 00:00:00-04:00,39.281673115248076,39.281673115248076,38.98111214144704,39.18214797973633,9300,0.0,0.0,0.0
2021-04-30 00:00:00-04:00,38.94329524499521,38.94329524499521,38.46558598405672,38.55515670776367,14900,0.0,0.0,0.0
2021-05-03 00:00:00-04:00,38.933338294341155,39.00300398640411,38.83381696182135,38.973148345947266,28900,0.0,0.0,0.0
2021-05-04 00:00:00-04:00,38.565105134631665,38.565105134631665,38.371035877028646,38.46558380126953,17900,0.0,0.0,0.0
2021-05-05 00:00:00-04:00,38.9831013144568,39.19210219976093,38.929361917688716,39.11845397949219,17000,0.0,0.0,0.0
2021-05-06 00:00:00-04:00,39.10253036103545,39.37124252319336,39.04182059987653,39.37124252319336,18600,0.0,0.0,0.0
2021-05-07 00:00:00-04:00,39.59019087044544,39.918618117302245,39.53047958665014,39.891746520996094,29100,0.0,0.0,0.0
2021-05-10 00:00:00-04:00,40.008189134997636,40.008189134997636,39.677772521972656,39.677772521972656,14500,0.0,0.0,0.0
2021-05-11 00:00:00-04:00,38.963197644763795,39.32147671893671,38.963197644763795,39.250816345214844,43300,0.0,0.0,0.0
2021-05-12 00:00:00-04:00,38.9930542031982,39.1423400016566,38.5700828362268,38.624820709228516,9700,0.0,0.0,0.0
2021-05-13 00:00:00-04:00,38.555153698859684,38.85372148908358,38.555153698859684,38.81391143798828,21100,0.0,0.0,0.0
2021-05-14 00:00:00-04:00,39.09257364480583,39.27868164470036,38.97314728971959,39.241859436035156,30300,0.0,0.0,0.0
2021-05-17 00:00:00-04:00,39.08262398072312,39.25181100483449,39.08262398072312,39.242855072021484,17900,0.0,0.0,0.0
2021-05-18 00:00:00-04:00,39.55038187635895,39.55038187635895,39.321475982666016,39.321475982666016,15800,0.0,0.0,0.0
2021-05-19 00:00:00-04:00,38.823862335366506,39.04281382149041,38.73926882354426,38.90547180175781,20600,0.0,0.0,0.0
2021-05-20 00:00:00-04:00,39.17219605531762,39.48071447385419,39.17219605531762,39.37124252319336,19500,0.0,0.0,0.0
2021-05-21 00:00:00-04:00,39.47076199038943,39.510572041379135,39.27171553193629,39.38517379760742,107700,0.0,0.0,0.0
2021-05-24 00:00:00-04:00,39.45085744405405,39.61009385345152,39.45085744405405,39.540428161621094,32700,0.0,0.0,0.0
2021-05-25 00:00:00-04:00,39.669808865821956,39.669808865821956,39.52052307128906,39.52052307128906,86800,0.0,0.0,0.0
2021-05-26 00:00:00-04:00,39.57028297718205,39.62999805314721,39.52549951757972,39.57924270629883,29400,0.0,0.0,0.0
2021-05-27 00:00:00-04:00,39.699665979888046,39.7424600783175,39.6100952591423,39.68473815917969,32300,0.0,0.0,0.0
2021-05-28 00:00:00-04:00,39.72952295795549,39.86885814774433,39.70962172733853,39.80914306640625,21800,0.0,0.0,0.0
2021-06-01 00:00:00-04:00,40.197278257665495,40.197278257665495,39.96837615966797,39.96837615966797,26800,0.0,0.0,0.0
2021-06-02 00:00:00-04:00,40.00818829239602,40.05794896037687,39.93852259792371,40.026100158691406,11100,0.0,0.0,0.0
2021-06-03 00:00:00-04:00,39.7792854309082,39.81710232298055,39.70364785026797,39.7792854309082,19000,0.0,0.0,0.0
2021-06-04 00:00:00-04:00,40.057949492991874,40.21718591054518,40.028093851105524,40.19728088378906,80900,0.0,0.0,0.0
2021-06-07 00:00:00-04:00,40.237091064453125,40.247041679614796,40.14752034201536,40.237091064453125,12500,0.0,0.0,0.0
2021-06-08 00:00:00-04:00,40.3863770165138,40.3863770165138,40.21718618617504,40.28486251831055,24300,0.0,0.0,0.0
2021-06-09 00:00:00-04:00,40.286851562249275,40.30675658898381,40.181358337402344,40.181358337402344,10100,0.0,0.0,0.0
2021-06-10 00:00:00-04:00,40.20723580387826,40.42121009859292,40.20723580387826,40.36050033569336,21000,0.0,0.0,0.0
2021-06-11 00:00:00-04:00,40.54561238096043,40.57546802227514,40.4361366341457,40.565513610839844,16600,0.0,0.0,0.0
2021-06-14 00:00:00-04:00,40.55556136921909,40.65110397338867,40.52769509271092,40.65110397338867,27900,0.0,0.0,0.0
2021-06-15 00:00:00-04:00,40.6749896136706,40.68494402516855,40.56551386616681,40.64513397216797,25700,0.0,0.0,0.0
2021-06-16 00:00:00-04:00,40.72972850584528,40.75958794459014,40.24206863212916,40.35651779174805,17700,0.0,0.0,0.0
2021-06-17 00:00:00-04:00,39.94847399336824,40.03804471608189,39.817103853154585,39.967384338378906,19000,0.0,0.0,0.0
2021-06-18 00:00:00-04:00,39.530476673128085,39.530476673128085,39.26176452636719,39.26176452636719,16400,0.0,0.0,0.0
2021-06-21 00:00:00-04:00,39.40109937656746,39.809142939841,39.40109937656746,39.76933288574219,20400,0.0,0.0,0.0
2021-06-22 00:00:00-04:00,39.61009460717523,39.84895112406427,39.61009460717523,39.7792854309082,28800,0.0,0.0,0.0
2021-06-23 00:00:00-04:00,39.908663850828624,39.908663850828624,39.610096041279185,39.630001068115234,27600,0.0,0.0,0.0
2021-06-24 00:00:00-04:00,39.970001220703125,40.040000915527344,39.970001220703125,39.99800109863281,15800,0.19,0.0,0.0
2021-06-25 00:00:00-04:00,40.150001525878906,40.15999984741211,40.06999969482422,40.150001525878906,15100,0.0,0.0,0.0
2021-06-28 00:00:00-04:00,40.119998931884766,40.119998931884766,40.02000045776367,40.04199981689453,67500,0.0,0.0,0.0
2021-06-29 00:00:00-04:00,40.13999938964844,40.15999984741211,40.06999969482422,40.130001068115234,28300,0.0,0.0,0.0
2021-06-30 00:00:00-04:00,39.790000915527344,39.90999984741211,39.65999984741211,39.79999923706055,25600,0.0,0.0,0.0
2021-07-01 00:00:00-04:00,39.709999084472656,39.81999969482422,39.630001068115234,39.737998962402344,48200,0.0,0.0,0.0
2021-07-02 00:00:00-04:00,39.7599983215332,39.97999954223633,39.720001220703125,39.97999954223633,74400,0.0,0.0,0.0
2021-07-06 00:00:00-04:00,40.0,40.0099983215332,39.65999984741211,39.801998138427734,26800,0.0,0.0,0.0
2021-07-07 00:00:00-04:00,40.220001220703125,40.36899948120117,40.119998931884766,40.310001373291016,31400,0.0,0.0,0.0
2021-07-08 00:00:00-04:00,39.689998626708984,39.90999984741211,39.59000015258789,39.84000015258789,31800,0.0,0.0,0.0
2021-07-09 00:00:00-04:00,40.15999984741211,40.540000915527344,40.15999984741211,40.52000045776367,25500,0.0,0.0,0.0
2021-07-12 00:00:00-04:00,40.68000030517578,40.810001373291016,40.619998931884766,40.79999923706055,31400,0.0,0.0,0.0
2021-07-13 00:00:00-04:00,40.599998474121094,40.75,40.560001373291016,40.599998474121094,21400,0.0,0.0,0.0
2021-07-14 00:00:00-04:00,40.75,40.810001373291016,40.724998474121094,40.77000045776367,11200,0.0,0.0,0.0
2021-07-15 00:00:00-04:00,40.52000045776367,40.606998443603516,40.38800048828125,40.54999923706055,24400,0.0,0.0,0.0
2021-07-16 00:00:00-04:00,40.439998626708984,40.439998626708984,40.150001525878906,40.189998626708984,22500,0.0,0.0,0.0
2021-07-19 00:00:00-04:00,39.650001525878906,39.70000076293945,39.391998291015625,39.65999984741211,64400,0.0,0.0,0.0
2021-07-20 00:00:00-04:00,39.513999938964844,39.95600128173828,39.5099983215332,39.90999984741211,22600,0.0,0.0,0.0
2021-07-21 00:00:00-04:00,40.06999969482422,40.369998931884766,40.02000045776367,40.349998474121094,13300,0.0,0.0,0.0
2021-07-22 00:00:00-04:00,40.29999923706055,40.33000183105469,40.15999984741211,40.27000045776367,292400,0.0,0.0,0.0
2021-07-23 00:00:00-04:00,40.5099983215332,40.65999984741211,40.45000076293945,40.630001068115234,29100,0.0,0.0,0.0
2021-07-26 00:00:00-04:00,40.54999923706055,40.689998626708984,40.54999923706055,40.689998626708984,25000,0.0,0.0,0.0
2021-07-27 00:00:00-04:00,40.54999923706055,40.54999923706055,40.29999923706055,40.5,32900,0.0,0.0,0.0
2021-07-28 00:00:00-04:00,40.54999923706055,40.95000076293945,40.54999923706055,40.90999984741211,15500,0.0,0.0,0.0
2021-07-29 00:00:00-04:00,41.18000030517578,41.27000045776367,41.15999984741211,41.180999755859375,8100,0.0,0.0,0.0
2021-07-30 00:00:00-04:00,41.06999969482422,41.1349983215332,40.939998626708984,40.98500061035156,12100,0.0,0.0,0.0
2021-08-02 00:00:00-04:00,41.279998779296875,41.3489990234375,41.1349983215332,41.15999984741211,21200,0.0,0.0,0.0
2021-08-03 00:00:00-04:00,41.380001068115234,41.553001403808594,41.33000183105469,41.5,16000,0.0,0.0,0.0
2021-08-04 00:00:00-04:00,41.650001525878906,41.72999954223633,41.53499984741211,41.56800079345703,7200,0.0,0.0,0.0
2021-08-05 00:00:00-04:00,41.65999984741211,41.67900085449219,41.59199905395508,41.62200164794922,7200,0.0,0.0,0.0
2021-08-06 00:00:00-04:00,41.380001068115234,41.380001068115234,41.2400016784668,41.27000045776367,6900,0.0,0.0,0.0
2021-08-09 00:00:00-04:00,41.310001373291016,41.38999938964844,41.310001373291016,41.34000015258789,17000,0.0,0.0,0.0
2021-08-10 00:00:00-04:00,41.369998931884766,41.459999084472656,41.36000061035156,41.42499923706055,11400,0.0,0.0,0.0
2021-08-11 00:00:00-04:00,41.659000396728516,41.70000076293945,41.57899856567383,41.66400146484375,21700,0.0,0.0,0.0
2021-08-12 00:00:00-04:00,41.529998779296875,41.56999969482422,41.400001525878906,41.53300094604492,25500,0.0,0.0,0.0
2021-08-13 00:00:00-04:00,41.722999572753906,41.845001220703125,41.722999572753906,41.845001220703125,11100,0.0,0.0,0.0
2021-08-16 00:00:00-04:00,41.540000915527344,41.650001525878906,41.38999938964844,41.62300109863281,22900,0.0,0.0,0.0
2021-08-17 00:00:00-04:00,41.27000045776367,41.27000045776367,40.970001220703125,41.1870002746582,20400,0.0,0.0,0.0
2021-08-18 00:00:00-04:00,40.91999816894531,41.0099983215332,40.6879997253418,40.6879997253418,12300,0.0,0.0,0.0
2021-08-19 00:00:00-04:00,40.029998779296875,40.400001525878906,40.029998779296875,40.25,36300,0.0,0.0,0.0
2021-08-20 00:00:00-04:00,40.20000076293945,40.47999954223633,40.20000076293945,40.45800018310547,13800,0.0,0.0,0.0
2021-08-23 00:00:00-04:00,40.630001068115234,40.89699935913086,40.630001068115234,40.880001068115234,34000,0.0,0.0,0.0
2021-08-24 00:00:00-04:00,40.77000045776367,40.95000076293945,40.77000045776367,40.90999984741211,42000,0.0,0.0,0.0
2021-08-25 00:00:00-04:00,40.75,40.869998931884766,40.709999084472656,40.85499954223633,52500,0.0,0.0,0.0
2021-08-26 00:00:00-04:00,40.720001220703125,40.75,40.560001373291016,40.63999938964844,40100,0.0,0.0,0.0
2021-08-27 00:00:00-04:00,40.63999938964844,41.07899856567383,40.63999938964844,41.040000915527344,13900,0.0,0.0,0.0
2021-08-30 00:00:00-04:00,41.099998474121094,41.209999084472656,41.099998474121094,41.189998626708984,29800,0.0,0.0,0.0
2021-08-31 00:00:00-04:00,41.20899963378906,41.20899963378906,41.0099983215332,41.060001373291016,12100,0.0,0.0,0.0
2021-09-01 00:00:00-04:00,41.25,41.4370002746582,41.2400016784668,41.34000015258789,55900,0.0,0.0,0.0
2021-09-02 00:00:00-04:00,41.4900016784668,41.560001373291016,41.474998474121094,41.5,27700,0.0,0.0,0.0
2021-09-03 00:00:00-04:00,41.51499938964844,41.779998779296875,41.51499938964844,41.7400016784668,34600,0.0,0.0,0.0
2021-09-07 00:00:00-04:00,41.7400016784668,41.80500030517578,41.707000732421875,41.709999084472656,57000,0.0,0.0,0.0
2021-09-08 00:00:00-04:00,41.45000076293945,41.45000076293945,41.29999923706055,41.31999969482422,27000,0.0,0.0,0.0
2021-09-09 00:00:00-04:00,41.34000015258789,41.41999816894531,41.18000030517578,41.21099853515625,19000,0.0,0.0,0.0
2021-09-10 00:00:00-04:00,41.58000183105469,41.63999938964844,41.25,41.25,30400,0.0,0.0,0.0
2021-09-13 00:00:00-04:00,41.619998931884766,41.619998931884766,41.34000015258789,41.47999954223633,41200,0.0,0.0,0.0
2021-09-14 00:00:00-04:00,41.47999954223633,41.47999954223633,41.22999954223633,41.257999420166016,18200,0.0,0.0,0.0
2021-09-15 00:00:00-04:00,41.18000030517578,41.29999923706055,41.099998474121094,41.28499984741211,14900,0.0,0.0,0.0
2021-09-16 00:00:00-04:00,41.02000045776367,41.06999969482422,40.869998931884766,41.029998779296875,18000,0.0,0.0,0.0
2021-09-17 00:00:00-04:00,40.70000076293945,40.75,40.244998931884766,40.349998474121094,281900,0.0,0.0,0.0
2021-09-20 00:00:00-04:00,39.4900016784668,39.790000915527344,39.4370002746582,39.66999816894531,38900,0.0,0.0,0.0
2021-09-21 00:00:00-04:00,40.18000030517578,40.22100067138672,40.07099914550781,40.09000015258789,11700,0.0,0.0,0.0
2021-09-22 00:00:00-04:00,40.2400016784668,40.529998779296875,40.220001220703125,40.220001220703125,45600,0.0,0.0,0.0
2021-09-23 00:00:00-04:00,40.630001068115234,40.75,40.59000015258789,40.66999816894531,38100,0.0,0.0,0.0
2021-09-24 00:00:00-04:00,39.689998626708984,39.819000244140625,39.689998626708984,39.75,35200,0.0,0.0,0.0
2021-09-27 00:00:00-04:00,39.369998931884766,39.439998626708984,39.310001373291016,39.40999984741211,224100,0.0,0.0,0.0
2021-09-28 00:00:00-04:00,38.58000183105469,38.720001220703125,38.21500015258789,38.290000915527344,42300,0.0,0.0,0.0
2021-09-29 00:00:00-04:00,38.349998474121094,38.369998931884766,38.09000015258789,38.130001068115234,52100,0.0,0.0,0.0
2021-09-30 00:00:00-04:00,38.29999923706055,38.34000015258789,38.02000045776367,38.08000183105469,42700,0.0,0.0,0.0
2021-10-01 00:00:00-04:00,38.279998779296875,38.29999923706055,37.902000427246094,38.22999954223633,61400,0.0,0.0,0.0
2021-10-04 00:00:00-04:00,38.08000183105469,38.08000183105469,37.625999450683594,37.790000915527344,26800,0.0,0.0,0.0
2021-10-05 00:00:00-04:00,37.720001220703125,37.939998626708984,37.64500045776367,37.810001373291016,42200,0.0,0.0,0.0
2021-10-06 00:00:00-04:00,37.279998779296875,37.7400016784668,37.279998779296875,37.7400016784668,18500,0.0,0.0,0.0
2021-10-07 00:00:00-04:00,38.060001373291016,38.220001220703125,38.060001373291016,38.09000015258789,35500,0.0,0.0,0.0
2021-10-08 00:00:00-04:00,38.150001525878906,38.20000076293945,37.939998626708984,38.04999923706055,38300,0.0,0.0,0.0
2021-10-11 00:00:00-04:00,38.099998474121094,38.26900100708008,37.94499969482422,37.95000076293945,35000,0.0,0.0,0.0
2021-10-12 00:00:00-04:00,38.04999923706055,38.060001373291016,37.91999816894531,37.959999084472656,25900,0.0,0.0,0.0
2021-10-13 00:00:00-04:00,38.290000915527344,38.48899841308594,38.2599983215332,38.48500061035156,31600,0.0,0.0,0.0
2021-10-14 00:00:00-04:00,38.84000015258789,39.0099983215332,38.84000015258789,39.0,26700,0.0,0.0,0.0
2021-10-15 00:00:00-04:00,39.016998291015625,39.15999984741211,39.0099983215332,39.14799880981445,24800,0.0,0.0,0.0
2021-10-18 00:00:00-04:00,38.90999984741211,39.03799819946289,38.83000183105469,39.02799987792969,20700,0.0,0.0,0.0
2021-10-19 00:00:00-04:00,39.119998931884766,39.29600143432617,39.119998931884766,39.27000045776367,15200,0.0,0.0,0.0
2021-10-20 00:00:00-04:00,39.209999084472656,39.25,39.16999816894531,39.189998626708984,16800,0.0,0.0,0.0
2021-10-21 00:00:00-04:00,38.93000030517578,39.0099983215332,38.900001525878906,39.00299835205078,20000,0.0,0.0,0.0
2021-10-22 00:00:00-04:00,39.35499954223633,39.43000030517578,39.20000076293945,39.38999938964844,22600,0.0,0.0,0.0
2021-10-25 00:00:00-04:00,39.290000915527344,39.43000030517578,39.25,39.38999938964844,16700,0.0,0.0,0.0
2021-10-26 00:00:00-04:00,39.470001220703125,39.474998474121094,39.3390007019043,39.36899948120117,15300,0.0,0.0,0.0
2021-10-27 00:00:00-04:00,39.31999969482422,39.404998779296875,39.180999755859375,39.180999755859375,15100,0.0,0.0,0.0
2021-10-28 00:00:00-04:00,39.45000076293945,39.685001373291016,39.45000076293945,39.65999984741211,27800,0.0,0.0,0.0
2021-10-29 00:00:00-04:00,39.34000015258789,39.439998626708984,39.31999969482422,39.439998626708984,10400,0.0,0.0,0.0
2021-11-01 00:00:00-04:00,39.619998931884766,39.790000915527344,39.56999969482422,39.790000915527344,20800,0.0,0.0,0.0
2021-11-02 00:00:00-04:00,39.63999938964844,39.7599983215332,39.63999938964844,39.709999084472656,29800,0.0,0.0,0.0
2021-11-03 00:00:00-04:00,39.7400016784668,40.095001220703125,39.63999938964844,40.095001220703125,17800,0.0,0.0,0.0
2021-11-04 00:00:00-04:00,39.959999084472656,39.959999084472656,39.814998626708984,39.90999984741211,19300,0.0,0.0,0.0
2021-11-05 00:00:00-04:00,39.849998474121094,39.959999084472656,39.75899887084961,39.869998931884766,32800,0.0,0.0,0.0
2021-11-08 00:00:00-05:00,39.97999954223633,40.04999923706055,39.959999084472656,40.040000915527344,14000,0.0,0.0,0.0
2021-11-09 00:00:00-05:00,40.099998474121094,40.16299819946289,39.880001068115234,39.986000061035156,34400,0.0,0.0,0.0
2021-11-10 00:00:00-05:00,39.63999938964844,39.70399856567383,39.231998443603516,39.29800033569336,36300,0.0,0.0,0.0
2021-11-11 00:00:00-05:00,39.689998626708984,39.790000915527344,39.689998626708984,39.69900131225586,198900,0.0,0.0,0.0
2021-11-12 00:00:00-05:00,39.7599983215332,40.03499984741211,39.7599983215332,39.994998931884766,360500,0.0,0.0,0.0
2021-11-15 00:00:00-05:00,39.9900016784668,39.9900016784668,39.78499984741211,39.78499984741211,159000,0.0,0.0,0.0
2021-11-16 00:00:00-05:00,39.810001373291016,39.810001373291016,39.71500015258789,39.71500015258789,26800,0.0,0.0,0.0
2021-11-17 00:00:00-05:00,39.790000915527344,39.83000183105469,39.709999084472656,39.779998779296875,43600,0.0,0.0,0.0
2021-11-18 00:00:00-05:00,39.709999084472656,39.86000061035156,39.685001373291016,39.854000091552734,26500,0.0,0.0,0.0
2021-11-19 00:00:00-05:00,39.779998779296875,39.849998474121094,39.65999984741211,39.67100143432617,19400,0.0,0.0,0.0
2021-11-22 00:00:00-05:00,39.689998626708984,39.83000183105469,39.439998626708984,39.439998626708984,23200,0.0,0.0,0.0
2021-11-23 00:00:00-05:00,39.27000045776367,39.310001373291016,39.01499938964844,39.220001220703125,29600,0.0,0.0,0.0
2021-11-24 00:00:00-05:00,38.689998626708984,38.959999084472656,38.66999816894531,38.959999084472656,18900,0.0,0.0,0.0
2021-11-26 00:00:00-05:00,38.2599983215332,38.33000183105469,37.86000061035156,38.0,24100,0.0,0.0,0.0
2021-11-29 00:00:00-05:00,38.349998474121094,38.499000549316406,38.25,38.43000030517578,30100,0.0,0.0,0.0
2021-11-30 00:00:00-05:00,38.380001068115234,38.47999954223633,37.79999923706055,38.16999816894531,47200,0.0,0.0,0.0
2021-12-01 00:00:00-05:00,38.630001068115234,38.88999938964844,37.95000076293945,37.95000076293945,19500,0.0,0.0,0.0
2021-12-02 00:00:00-05:00,38.029998779296875,38.433998107910156,38.029998779296875,38.349998474121094,51100,0.0,0.0,0.0
2021-12-03 00:00:00-05:00,38.279998779296875,38.279998779296875,37.66999816894531,37.900001525878906,11600,0.0,0.0,0.0
2021-12-06 00:00:00-05:00,38.04999923706055,38.20000076293945,37.97999954223633,38.18000030517578,37200,0.0,0.0,0.0
2021-12-07 00:00:00-05:00,39.04999923706055,39.349998474121094,39.02000045776367,39.29999923706055,27200,0.0,0.0,0.0
2021-12-08 00:00:00-05:00,39.459999084472656,39.52000045776367,39.33000183105469,39.459999084472656,37100,0.0,0.0,0.0
2021-12-09 00:00:00-05:00,39.18000030517578,39.18000030517578,39.060001373291016,39.099998474121094,28500,0.0,0.0,0.0
2021-12-10 00:00:00-05:00,39.09000015258789,39.15999984741211,39.00299835205078,39.12200164794922,21900,0.0,0.0,0.0
2021-12-13 00:00:00-05:00,39.09000015258789,39.130001068115234,38.849998474121094,38.849998474121094,43400,0.0,0.0,0.0
2021-12-14 00:00:00-05:00,38.630001068115234,38.72999954223633,38.31999969482422,38.5,41600,0.0,0.0,0.0
2021-12-15 00:00:00-05:00,38.45800018310547,39.04999923706055,38.439998626708984,39.040000915527344,37000,0.0,0.0,0.0
2021-12-16 00:00:00-05:00,39.279998779296875,39.345001220703125,38.95000076293945,39.090999603271484,21800,0.0,0.0,0.0
2021-12-17 00:00:00-05:00,38.720001220703125,38.83000183105469,38.369998931884766,38.369998931884766,37000,0.0,0.0,0.0
2021-12-20 00:00:00-05:00,38.189998626708984,38.400001525878906,38.13999938964844,38.36000061035156,73700,0.0,0.0,0.0
2021-12-21 00:00:00-05:00,38.70000076293945,38.95000076293945,38.6349983215332,38.939998626708984,74100,0.0,0.0,0.0
2021-12-22 00:00:00-05:00,38.959999084472656,39.45000076293945,38.939998626708984,39.43000030517578,49000,0.0,0.0,0.0
2021-12-23 00:00:00-05:00,39.34000015258789,39.619998931884766,39.34000015258789,39.619998931884766,40400,0.0,0.0,0.0
2021-12-27 00:00:00-05:00,39.709999084472656,39.97999954223633,39.65999984741211,39.97999954223633,37500,0.0,0.0,0.0
2021-12-28 00:00:00-05:00,39.97999954223633,40.020999908447266,39.8849983215332,39.94900131225586,20200,0.0,0.0,0.0
2021-12-29 00:00:00-05:00,39.91999816894531,40.040000915527344,39.86000061035156,39.97999954223633,179500,0.0,0.0,0.0
2021-12-30 00:00:00-05:00,40.09000015258789,40.119998931884766,39.849998474121094,39.8650016784668,106900,0.0,0.0,0.0
2021-12-31 00:00:00-05:00,39.95000076293945,40.07500076293945,39.88999938964844,39.88999938964844,32700,0.0,0.0,0.0
2022-01-03 00:00:00-05:00,40.099998474121094,40.099998474121094,39.81999969482422,40.02000045776367,279700,0.0,0.0,0.0
2022-01-04 00:00:00-05:00,40.07099914550781,40.5,39.92900085449219,40.05500030517578,307000,0.0,0.0,0.0
2022-01-05 00:00:00-05:00,40.10599899291992,40.21799850463867,39.689998626708984,39.689998626708984,70100,0.0,0.0,0.0
2022-01-06 00:00:00-05:00,39.275001525878906,39.40999984741211,39.15999984741211,39.22999954223633,56000,0.0,0.0,0.0
2022-01-07 00:00:00-05:00,39.2400016784668,39.400001525878906,39.18000030517578,39.36000061035156,29000,0.0,0.0,0.0
2022-01-10 00:00:00-05:00,38.5,38.65999984741211,38.279998779296875,38.63999938964844,50100,0.0,0.0,0.0
2022-01-11 00:00:00-05:00,38.68000030517578,39.09000015258789,38.599998474121094,39.09000015258789,91300,0.0,0.0,0.0
2022-01-12 00:00:00-05:00,39.52000045776367,39.650001525878906,39.4900016784668,39.61000061035156,127400,0.0,0.0,0.0
2022-01-13 00:00:00-05:00,39.61000061035156,39.61000061035156,39.029998779296875,39.09000015258789,44500,0.0,0.0,0.0
2022-01-14 00:00:00-05:00,38.92499923706055,38.939998626708984,38.540000915527344,38.779998779296875,141500,0.0,0.0,0.0
2022-01-18 00:00:00-05:00,38.349998474121094,38.53300094604492,38.189998626708984,38.31999969482422,91200,0.0,0.0,0.0
2022-01-19 00:00:00-05:00,38.81999969482422,38.93000030517578,38.599998474121094,38.630001068115234,14200,0.0,0.0,0.0
2022-01-20 00:00:00-05:00,38.709999084472656,38.90399932861328,38.279998779296875,38.33000183105469,89900,0.0,0.0,0.0
2022-01-21 00:00:00-05:00,37.97999954223633,38.09000015258789,37.61000061035156,37.619998931884766,79200,0.0,0.0,0.0
2022-01-24 00:00:00-05:00,36.599998474121094,37.029998779296875,35.880001068115234,37.0,82400,0.0,0.0,0.0
2022-01-25 00:00:00-05:00,36.37200164794922,36.87200164794922,36.220001220703125,36.650001525878906,468600,0.0,0.0,0.0
2022-01-26 00:00:00-05:00,37.15999984741211,37.20000076293945,36.53900146484375,36.630001068115234,37500,0.0,0.0,0.0
2022-01-27 00:00:00-05:00,36.61000061035156,36.79999923706055,36.380001068115234,36.52000045776367,279800,0.0,0.0,0.0
2022-01-28 00:00:00-05:00,36.33000183105469,36.59000015258789,36.029998779296875,36.59000015258789,75100,0.0,0.0,0.0
2022-01-31 00:00:00-05:00,36.68000030517578,37.2599983215332,36.68000030517578,37.220001220703125,58200,0.0,0.0,0.0
2022-02-01 00:00:00-05:00,37.47999954223633,37.630001068115234,37.22999954223633,37.61000061035156,117300,0.0,0.0,0.0
2022-02-02 00:00:00-05:00,37.959999084472656,38.01499938964844,37.72999954223633,37.939998626708984,160200,0.0,0.0,0.0
2022-02-03 00:00:00-05:00,37.40999984741211,37.540000915527344,37.119998931884766,37.15999984741211,80100,0.0,0.0,0.0
2022-02-04 00:00:00-05:00,37.029998779296875,37.29999923706055,36.90999984741211,37.13999938964844,47300,0.0,0.0,0.0
2022-02-07 00:00:00-05:00,37.13999938964844,37.41999816894531,37.13999938964844,37.255001068115234,51800,0.0,0.0,0.0
2022-02-08 00:00:00-05:00,37.11000061035156,37.380001068115234,36.97999954223633,37.290000915527344,65300,0.0,0.0,0.0
2022-02-09 00:00:00-05:00,37.91999816894531,38.11000061035156,37.91999816894531,38.09000015258789,31700,0.0,0.0,0.0
2022-02-10 00:00:00-05:00,37.4900016784668,38.16999816894531,37.4900016784668,37.599998474121094,57800,0.0,0.0,0.0
2022-02-11 00:00:00-05:00,37.41999816894531,37.525001525878906,36.58000183105469,36.68000030517578,37400,0.0,0.0,0.0
2022-02-14 00:00:00-05:00,36.56999969482422,36.65999984741211,36.27000045776367,36.52000045776367,63200,0.0,0.0,0.0
2022-02-15 00:00:00-05:00,37.04999923706055,37.31999969482422,36.98500061035156,37.31999969482422,37800,0.0,0.0,0.0
2022-02-16 00:00:00-05:00,37.130001068115234,37.56999969482422,37.119998931884766,37.4900016784668,42300,0.0,0.0,0.0
2022-02-17 00:00:00-05:00,37.279998779296875,37.279998779296875,36.86000061035156,36.893001556396484,26500,0.0,0.0,0.0
2022-02-18 00:00:00-05:00,36.849998474121094,37.16999816894531,36.65399932861328,36.81999969482422,39800,0.0,0.0,0.0
2022-02-22 00:00:00-05:00,36.5,36.744998931884766,36.16999816894531,36.40999984741211,37100,0.0,0.0,0.0
2022-02-23 00:00:00-05:00,36.689998626708984,36.689998626708984,35.959999084472656,35.970001220703125,33600,0.0,0.0,0.0
2022-02-24 00:00:00-05:00,34.959999084472656,35.900001525878906,34.70000076293945,35.83000183105469,184300,0.0,0.0,0.0
2022-02-25 00:00:00-05:00,36.095001220703125,36.779998779296875,36.03499984741211,36.779998779296875,50500,0.0,0.0,0.0
2022-02-28 00:00:00-05:00,36.130001068115234,36.63999938964844,36.02000045776367,36.209999084472656,99500,0.0,0.0,0.0
2022-03-01 00:00:00-05:00,36.369998931884766,36.5,35.529998779296875,35.7400016784668,79800,0.0,0.0,0.0
2022-03-02 00:00:00-05:00,36.060001373291016,36.369998931884766,36.040000915527344,36.290000915527344,46500,0.0,0.0,0.0
2022-03-03 00:00:00-05:00,36.22999954223633,36.439998626708984,35.50199890136719,35.630001068115234,95000,0.0,0.0,0.0
2022-03-04 00:00:00-05:00,34.56999969482422,34.650001525878906,34.130001068115234,34.5,254600,0.0,0.0,0.0
2022-03-07 00:00:00-05:00,34.2599983215332,34.41999816894531,33.15800094604492,33.43000030517578,302400,0.0,0.0,0.0
2022-03-08 00:00:00-05:00,33.84000015258789,34.43000030517578,33.369998931884766,33.720001220703125,290600,0.0,0.0,0.0
2022-03-09 00:00:00-05:00,34.470001220703125,35.244998931884766,34.39500045776367,35.040000915527344,47700,0.0,0.0,0.0
2022-03-10 00:00:00-05:00,34.439998626708984,34.72999954223633,34.34000015258789,34.540000915527344,92700,0.0,0.0,0.0
2022-03-11 00:00:00-05:00,34.88999938964844,34.88999938964844,34.13999938964844,34.150001525878906,78100,0.0,0.0,0.0
2022-03-14 00:00:00-04:00,34.665000915527344,34.81999969482422,34.17599868774414,34.290000915527344,38900,0.0,0.0,0.0
2022-03-15 00:00:00-04:00,34.41999816894531,34.6349983215332,34.2400016784668,34.58000183105469,48100,0.0,0.0,0.0
2022-03-16 00:00:00-04:00,35.43000030517578,36.040000915527344,35.16899871826172,36.0099983215332,42500,0.0,0.0,0.0
2022-03-17 00:00:00-04:00,35.95000076293945,36.53499984741211,35.95000076293945,36.5,76200,0.0,0.0,0.0
2022-03-18 00:00:00-04:00,36.220001220703125,36.93000030517578,36.220001220703125,36.88999938964844,121900,0.0,0.0,0.0
2022-03-21 00:00:00-04:00,36.93000030517578,37.11000061035156,36.7400016784668,36.88999938964844,150500,0.0,0.0,0.0
2022-03-22 00:00:00-04:00,37.09000015258789,37.09000015258789,36.900001525878906,37.0,87900,0.0,0.0,0.0
2022-03-23 00:00:00-04:00,36.58000183105469,36.790000915527344,36.53499984741211,36.63999938964844,31100,0.0,0.0,0.0
2022-03-24 00:00:00-04:00,36.665000915527344,36.856998443603516,36.619998931884766,36.83000183105469,32700,0.0,0.0,0.0
2022-03-25 00:00:00-04:00,36.5099983215332,36.58700180053711,36.290000915527344,36.5099983215332,81100,0.0,0.0,0.0
2022-03-28 00:00:00-04:00,36.310001373291016,36.470001220703125,36.11000061035156,36.470001220703125,38800,0.0,0.0,0.0
2022-03-29 00:00:00-04:00,37.11000061035156,37.150001525878906,36.762001037597656,37.11000061035156,62300,0.0,0.0,0.0
2022-03-30 00:00:00-04:00,37.130001068115234,37.257999420166016,36.970001220703125,37.08000183105469,175600,0.0,0.0,0.0
2022-03-31 00:00:00-04:00,36.97999954223633,36.97999954223633,36.470001220703125,36.4900016784668,48800,0.0,0.0,0.0
2022-04-01 00:00:00-04:00,36.77000045776367,36.880001068115234,36.599998474121094,36.880001068115234,29300,0.0,0.0,0.0
2022-04-04 00:00:00-04:00,36.849998474121094,37.040000915527344,36.849998474121094,37.0,31100,0.0,0.0,0.0
2022-04-05 00:00:00-04:00,36.91999816894531,36.972999572753906,36.470001220703125,36.58000183105469,36000,0.0,0.0,0.0
2022-04-06 00:00:00-04:00,36.040000915527344,36.16999816894531,35.810001373291016,36.04999923706055,32600,0.0,0.0,0.0
2022-04-07 00:00:00-04:00,35.9900016784668,36.25,35.79999923706055,36.119998931884766,34200,0.0,0.0,0.0
2022-04-08 00:00:00-04:00,36.060001373291016,36.30500030517578,36.040000915527344,36.15999984741211,89700,0.0,0.0,0.0
2022-04-11 00:00:00-04:00,35.7400016784668,35.91999816894531,35.55500030517578,35.599998474121094,50700,0.0,0.0,0.0
2022-04-12 00:00:00-04:00,35.72999954223633,35.869998931884766,35.38999938964844,35.46799850463867,44100,0.0,0.0,0.0
2022-04-13 00:00:00-04:00,35.459999084472656,36.0,35.459999084472656,35.95000076293945,34300,0.0,0.0,0.0
2022-04-14 00:00:00-04:00,36.06999969482422,36.09000015258789,35.790000915527344,35.83000183105469,42500,0.0,0.0,0.0
2022-04-18 00:00:00-04:00,35.696998596191406,35.83000183105469,35.5620002746582,35.65999984741211,43800,0.0,0.0,0.0
2022-04-19 00:00:00-04:00,35.43000030517578,35.77000045776367,35.41999816894531,35.7599983215332,122000,0.0,0.0,0.0
2022-04-20 00:00:00-04:00,35.810001373291016,35.88999938964844,35.66999816894531,35.7599983215332,48100,0.0,0.0,0.0
2022-04-21 00:00:00-04:00,35.85499954223633,35.91999816894531,34.880001068115234,34.93000030517578,136400,0.0,0.0,0.0
2022-04-22 00:00:00-04:00,34.95000076293945,34.95000076293945,34.220001220703125,34.2400016784668,137800,0.0,0.0,0.0
2022-04-25 00:00:00-04:00,33.68000030517578,33.900001525878906,33.349998474121094,33.84000015258789,98200,0.0,0.0,0.0
2022-04-26 00:00:00-04:00,33.56999969482422,33.56999969482422,32.81999969482422,32.83000183105469,35600,0.0,0.0,0.0
2022-04-27 00:00:00-04:00,33.29999923706055,33.59000015258789,33.16999816894531,33.380001068115234,53600,0.0,0.0,0.0
2022-04-28 00:00:00-04:00,33.38999938964844,33.73500061035156,33.08000183105469,33.650001525878906,22800,0.0,0.0,0.0
2022-04-29 00:00:00-04:00,33.95000076293945,33.9900016784668,33.33300018310547,33.33300018310547,25800,0.0,0.0,0.0
2022-05-02 00:00:00-04:00,33.189998626708984,33.29999923706055,32.869998931884766,33.2599983215332,40600,0.0,0.0,0.0
2022-05-03 00:00:00-04:00,33.400001525878906,33.459999084472656,33.244998931884766,33.369998931884766,33700,0.0,0.0,0.0
2022-05-04 00:00:00-04:00,33.38999938964844,34.04999923706055,32.970001220703125,34.0099983215332,40000,0.0,0.0,0.0
2022-05-05 00:00:00-04:00,33.5,33.5099983215332,32.47999954223633,32.7400016784668,57200,0.0,0.0,0.0
2022-05-06 00:00:00-04:00,32.43000030517578,32.505001068115234,32.05500030517578,32.275001525878906,64800,0.0,0.0,0.0
2022-05-09 00:00:00-04:00,31.549999237060547,31.559999465942383,31.079999923706055,31.170000076293945,82500,0.0,0.0,0.0
2022-05-10 00:00:00-04:00,31.799999237060547,31.8799991607666,31.239999771118164,31.43000030517578,95700,0.0,0.0,0.0
2022-05-11 00:00:00-04:00,31.604999542236328,31.950000762939453,31.145000457763672,31.170000076293945,82300,0.0,0.0,0.0
2022-05-12 00:00:00-04:00,30.979999542236328,31.31999969482422,30.610000610351562,30.899999618530273,615100,0.0,0.0,0.0
2022-05-13 00:00:00-04:00,31.3799991607666,31.954999923706055,31.3799991607666,31.8700008392334,68400,0.0,0.0,0.0
2022-05-16 00:00:00-04:00,31.760000228881836,32.08000183105469,31.729999542236328,31.920000076293945,92800,0.0,0.0,0.0
2022-05-17 00:00:00-04:00,32.79999923706055,32.84000015258789,32.52000045776367,32.790000915527344,59900,0.0,0.0,0.0
2022-05-18 00:00:00-04:00,32.38999938964844,32.40999984741211,31.790000915527344,31.850000381469727,95800,0.0,0.0,0.0
2022-05-19 00:00:00-04:00,31.709999084472656,32.33000183105469,31.709999084472656,32.119998931884766,46300,0.0,0.0,0.0
2022-05-20 00:00:00-04:00,32.61000061035156,32.64400100708008,32.02000045776367,32.439998626708984,46900,0.0,0.0,0.0
2022-05-23 00:00:00-04:00,32.8849983215332,33.1150016784668,32.869998931884766,33.06999969482422,140400,0.0,0.0,0.0
2022-05-24 00:00:00-04:00,32.92499923706055,33.03200149536133,32.77000045776367,32.93000030517578,37400,0.0,0.0,0.0
2022-05-25 00:00:00-04:00,32.79999923706055,33.108001708984375,32.709999084472656,32.939998626708984,111100,0.0,0.0,0.0
2022-05-26 00:00:00-04:00,32.9900016784668,33.39699935913086,32.9900016784668,33.349998474121094,46000,0.0,0.0,0.0
2022-05-27 00:00:00-04:00,33.560001373291016,33.81999969482422,33.560001373291016,33.810001373291016,20100,0.0,0.0,0.0
2022-05-31 00:00:00-04:00,34.040000915527344,34.09600067138672,33.827999114990234,33.88999938964844,42600,0.0,0.0,0.0
2022-06-01 00:00:00-04:00,34.08000183105469,34.08000183105469,33.36000061035156,33.43000030517578,38400,0.0,0.0,0.0
2022-06-02 00:00:00-04:00,33.709999084472656,34.38999938964844,33.709999084472656,34.38999938964844,69600,0.0,0.0,0.0
2022-06-03 00:00:00-04:00,34.0,34.040000915527344,33.79999923706055,33.91999816894531,74100,0.0,0.0,0.0
2022-06-06 00:00:00-04:00,34.2599983215332,34.34000015258789,33.96500015258789,34.060001373291016,54200,0.0,0.0,0.0
2022-06-07 00:00:00-04:00,33.77000045776367,34.236000061035156,33.77000045776367,34.18000030517578,32500,0.0,0.0,0.0
2022-06-08 00:00:00-04:00,33.810001373291016,33.95000076293945,33.604000091552734,33.63999938964844,50500,0.0,0.0,0.0
2022-06-09 00:00:00-04:00,33.369998931884766,33.470001220703125,32.849998474121094,32.849998474121094,33000,0.0,0.0,0.0
2022-06-10 00:00:00-04:00,32.09000015258789,32.130001068115234,31.799999237060547,31.860000610351562,44000,0.0,0.0,0.0
2022-06-13 00:00:00-04:00,30.850000381469727,31.009000778198242,30.6200008392334,30.709999084472656,63500,0.0,0.0,0.0
2022-06-14 00:00:00-04:00,30.6299991607666,30.700000762939453,30.079999923706055,30.34000015258789,171500,0.0,0.0,0.0
2022-06-15 00:00:00-04:00,30.579999923706055,31.139999389648438,30.329999923706055,30.979999542236328,56300,0.0,0.0,0.0
2022-06-16 00:00:00-04:00,30.149999618530273,30.399999618530273,30.0,30.209999084472656,74700,0.0,0.0,0.0
2022-06-17 00:00:00-04:00,29.979999542236328,30.167999267578125,29.829999923706055,29.93000030517578,71700,0.0,0.0,0.0
2022-06-21 00:00:00-04:00,30.350000381469727,30.530000686645508,30.299999237060547,30.344999313354492,71400,0.0,0.0,0.0
2022-06-22 00:00:00-04:00,29.979999542236328,30.309999465942383,29.829999923706055,30.049999237060547,150500,0.0,0.0,0.0
2022-06-23 00:00:00-04:00,29.850000381469727,29.959999084472656,29.59000015258789,29.920000076293945,117600,0.0,0.0,0.0
2022-06-24 00:00:00-04:00,29.739999771118164,30.3700008392334,29.739999771118164,30.3700008392334,54400,0.0,0.0,0.0
2022-06-27 00:00:00-04:00,30.309999465942383,30.510000228881836,30.260000228881836,30.290000915527344,30300,0.0,0.0,0.0
2022-06-28 00:00:00-04:00,30.399999618530273,30.510000228881836,29.916000366210938,29.920000076293945,67100,0.0,0.0,0.0
2022-06-29 00:00:00-04:00,30.020000457763672,30.023000717163086,29.799999237060547,29.799999237060547,99900,0.0,0.0,0.0
2022-06-30 00:00:00-04:00,29.170000076293945,29.639999389648438,29.1200008392334,29.6200008392334,44600,0.0,0.0,0.0
2022-07-01 00:00:00-04:00,29.170000076293945,29.440000534057617,28.8700008392334,29.385000228881836,63900,0.0,0.0,0.0
2022-07-05 00:00:00-04:00,28.469999313354492,28.860000610351562,28.360000610351562,28.850000381469727,40400,0.0,0.0,0.0
2022-07-06 00:00:00-04:00,28.989999771118164,29.086000442504883,28.795000076293945,28.989999771118164,45000,0.0,0.0,0.0
2022-07-07 00:00:00-04:00,29.420000076293945,29.56999969482422,29.420000076293945,29.559999465942383,79300,0.0,0.0,0.0
2022-07-08 00:00:00-04:00,29.440000534057617,29.625,29.399999618530273,29.530000686645508,30500,0.0,0.0,0.0
2022-07-11 00:00:00-04:00,29.020000457763672,29.139999389648438,28.8799991607666,28.920000076293945,79700,0.0,0.0,0.0
2022-07-12 00:00:00-04:00,28.940000534057617,29.170000076293945,28.847999572753906,28.940000534057617,31200,0.0,0.0,0.0
2022-07-13 00:00:00-04:00,28.65999984741211,29.118999481201172,28.65999984741211,29.040000915527344,76900,0.0,0.0,0.0
2022-07-14 00:00:00-04:00,28.459999084472656,28.760000228881836,28.280000686645508,28.709999084472656,99800,0.0,0.0,0.0
2022-07-15 00:00:00-04:00,28.739999771118164,29.18600082397461,28.739999771118164,29.170000076293945,89400,0.0,0.0,0.0
2022-07-18 00:00:00-04:00,29.6200008392334,29.764999389648438,29.299999237060547,29.354999542236328,100600,0.0,0.0,0.0
2022-07-19 00:00:00-04:00,29.889999389648438,30.139999389648438,29.81999969482422,30.100000381469727,109100,0.0,0.0,0.0
2022-07-20 00:00:00-04:00,30.100000381469727,30.135000228881836,29.809999465942383,29.959999084472656,45600,0.0,0.0,0.0
2022-07-21 00:00:00-04:00,29.959999084472656,30.450000762939453,29.959999084472656,30.40999984741211,31300,0.0,0.0,0.0
2022-07-22 00:00:00-04:00,30.6200008392334,30.700000762939453,30.260000228881836,30.360000610351562,38500,0.0,0.0,0.0
2022-07-25 00:00:00-04:00,30.65999984741211,30.729999542236328,30.540000915527344,30.690000534057617,47800,0.0,0.0,0.0
2022-07-26 00:00:00-04:00,30.559999465942383,30.559999465942383,30.020000457763672,30.1200008392334,43200,0.0,0.0,0.0
2022-07-27 00:00:00-04:00,30.309999465942383,30.799999237060547,30.219999313354492,30.760000228881836,95700,0.0,0.0,0.0
2022-07-28 00:00:00-04:00,31.020000457763672,31.326000213623047,30.81999969482422,31.270000457763672,25300,0.0,0.0,0.0
2022-07-29 00:00:00-04:00,31.389999389648438,31.780000686645508,31.389999389648438,31.780000686645508,86000,0.0,0.0,0.0
2022-08-01 00:00:00-04:00,31.81999969482422,31.93000030517578,31.549999237060547,31.700000762939453,91600,0.0,0.0,0.0
2022-08-02 00:00:00-04:00,31.3799991607666,31.56999969482422,31.14900016784668,31.15999984741211,85700,0.0,0.0,0.0
2022-08-03 00:00:00-04:00,31.31999969482422,31.31999969482422,31.0,31.18000030517578,53500,0.0,0.0,0.0
2022-08-04 00:00:00-04:00,31.350000381469727,31.610000610351562,31.350000381469727,31.604999542236328,111300,0.0,0.0,0.0
2022-08-05 00:00:00-04:00,31.1200008392334,31.3700008392334,31.09000015258789,31.31999969482422,55300,0.0,0.0,0.0
2022-08-08 00:00:00-04:00,31.56999969482422,31.68000030517578,31.25,31.315000534057617,43000,0.0,0.0,0.0
2022-08-09 00:00:00-04:00,31.260000228881836,31.31999969482422,31.045000076293945,31.06999969482422,30300,0.0,0.0,0.0
2022-08-10 00:00:00-04:00,31.860000610351562,32.08000183105469,31.729999542236328,31.979999542236328,49400,0.0,0.0,0.0
2022-08-11 00:00:00-04:00,32.060001373291016,32.24300003051758,31.895000457763672,31.940000534057617,61100,0.0,0.0,0.0
2022-08-12 00:00:00-04:00,31.799999237060547,32.0369987487793,31.735000610351562,32.0099983215332,57800,0.0,0.0,0.0
2022-08-15 00:00:00-04:00,31.68000030517578,31.739999771118164,31.6200008392334,31.690000534057617,553700,0.0,0.0,0.0
2022-08-16 00:00:00-04:00,31.670000076293945,31.913999557495117,31.645000457763672,31.875,68300,0.0,0.0,0.0
2022-08-17 00:00:00-04:00,31.459999084472656,31.649999618530273,31.350000381469727,31.469999313354492,62200,0.0,0.0,0.0
2022-08-18 00:00:00-04:00,31.579999923706055,31.610000610351562,31.440000534057617,31.5,58100,0.0,0.0,0.0
2022-08-19 00:00:00-04:00,31.260000228881836,31.260000228881836,31.016000747680664,31.079999923706055,31400,0.0,0.0,0.0
2022-08-22 00:00:00-04:00,30.780000686645508,30.780000686645508,30.420000076293945,30.5,32900,0.0,0.0,0.0
2022-08-23 00:00:00-04:00,30.34000015258789,30.621999740600586,30.34000015258789,30.540000915527344,33300,0.0,0.0,0.0
2022-08-24 00:00:00-04:00,30.350000381469727,30.610000610351562,30.319000244140625,30.520000457763672,66300,0.0,0.0,0.0
2022-08-25 00:00:00-04:00,30.579999923706055,30.950000762939453,30.579999923706055,30.950000762939453,63000,0.0,0.0,0.0
2022-08-26 00:00:00-04:00,30.889999389648438,30.889999389648438,29.959999084472656,29.989999771118164,89400,0.0,0.0,0.0
2022-08-29 00:00:00-04:00,29.739999771118164,29.959999084472656,29.6200008392334,29.780000686645508,107100,0.0,0.0,0.0
2022-08-30 00:00:00-04:00,29.979999542236328,29.979999542236328,29.389999389648438,29.454999923706055,178500,0.0,0.0,0.0
2022-08-31 00:00:00-04:00,29.459999084472656,29.56999969482422,29.209999084472656,29.209999084472656,50800,0.0,0.0,0.0
2022-09-01 00:00:00-04:00,29.0,29.0,28.399999618530273,28.68000030517578,59300,0.0,0.0,0.0
2022-09-02 00:00:00-04:00,28.90999984741211,29.135000228881836,28.344999313354492,28.450000762939453,47600,0.0,0.0,0.0
2022-09-06 00:00:00-04:00,28.600000381469727,28.700000762939453,28.389999389648438,28.479999542236328,66000,0.0,0.0,0.0
2022-09-07 00:00:00-04:00,28.239999771118164,28.790000915527344,28.239999771118164,28.790000915527344,54000,0.0,0.0,0.0
2022-09-08 00:00:00-04:00,28.43000030517578,28.780000686645508,28.399999618530273,28.780000686645508,180500,0.0,0.0,0.0
2022-09-09 00:00:00-04:00,29.25,29.729999542236328,29.25,29.719999313354492,60700,0.0,0.0,0.0
2022-09-12 00:00:00-04:00,30.110000610351562,30.239999771118164,30.040000915527344,30.094999313354492,55700,0.0,0.0,0.0
2022-09-13 00:00:00-04:00,29.440000534057617,29.549999237060547,28.950000762939453,28.979999542236328,85800,0.0,0.0,0.0
2022-09-14 00:00:00-04:00,29.020000457763672,29.1560001373291,28.841999053955078,29.040000915527344,397100,0.0,0.0,0.0
2022-09-15 00:00:00-04:00,28.75,28.969999313354492,28.549999237060547,28.59000015258789,179700,0.0,0.0,0.0
2022-09-16 00:00:00-04:00,28.229999542236328,28.475000381469727,28.18000030517578,28.399999618530273,174100,0.0,0.0,0.0
2022-09-19 00:00:00-04:00,27.989999771118164,28.530000686645508,27.989999771118164,28.520000457763672,60800,0.0,0.0,0.0
2022-09-20 00:00:00-04:00,28.200000762939453,28.200000762939453,27.746999740600586,27.950000762939453,122800,0.0,0.0,0.0
2022-09-21 00:00:00-04:00,27.950000762939453,28.030000686645508,27.514999389648438,27.514999389648438,68200,0.0,0.0,0.0
2022-09-22 00:00:00-04:00,27.579999923706055,27.59000015258789,27.25,27.399999618530273,206300,0.0,0.0,0.0
2022-09-23 00:00:00-04:00,26.670000076293945,26.709999084472656,26.13800048828125,26.350000381469727,246200,0.0,0.0,0.0
2022-09-26 00:00:00-04:00,25.920000076293945,26.139999389648438,25.690000534057617,25.812999725341797,129000,0.0,0.0,0.0
2022-09-27 00:00:00-04:00,26.09000015258789,26.219999313354492,25.639999389648438,25.829999923706055,212300,0.0,0.0,0.0
2022-09-28 00:00:00-04:00,26.059999465942383,26.739999771118164,26.010000228881836,26.739999771118164,168500,0.0,0.0,0.0
2022-09-29 00:00:00-04:00,26.34000015258789,26.420000076293945,26.010000228881836,26.368999481201172,270100,0.0,0.0,0.0
2022-09-30 00:00:00-04:00,26.290000915527344,26.65999984741211,26.170000076293945,26.309999465942383,390900,0.0,0.0,0.0
2022-10-03 00:00:00-04:00,26.583999633789062,27.038999557495117,26.559999465942383,26.969999313354492,174800,0.0,0.0,0.0
2022-10-04 00:00:00-04:00,27.690000534057617,28.18899917602539,27.649999618530273,28.110000610351562,213800,0.0,0.0,0.0
2022-10-05 00:00:00-04:00,27.610000610351562,27.93000030517578,27.389999389648438,27.735000610351562,118100,0.0,0.0,0.0
2022-10-06 00:00:00-04:00,27.329999923706055,27.5,27.200000762939453,27.299999237060547,82600,0.0,0.0,0.0
2022-10-07 00:00:00-04:00,26.989999771118164,26.989999771118164,26.610000610351562,26.690000534057617,104200,0.0,0.0,0.0
2022-10-10 00:00:00-04:00,26.780000686645508,26.780000686645508,26.420000076293945,26.600000381469727,198900,0.0,0.0,0.0
2022-10-11 00:00:00-04:00,26.420000076293945,26.700000762939453,26.139999389648438,26.25,68200,0.0,0.0,0.0
2022-10-12 00:00:00-04:00,26.260000228881836,26.309999465942383,26.1200008392334,26.219999313354492,60800,0.0,0.0,0.0
2022-10-13 00:00:00-04:00,25.520000457763672,26.75,25.459999084472656,26.649999618530273,89700,0.0,0.0,0.0
2022-10-14 00:00:00-04:00,26.84000015258789,26.889999389648438,26.18000030517578,26.200000762939453,61600,0.0,0.0,0.0
2022-10-17 00:00:00-04:00,26.899999618530273,27.110000610351562,26.81999969482422,27.010000228881836,210800,0.0,0.0,0.0
2022-10-18 00:00:00-04:00,27.5,27.5,26.9950008392334,27.209999084472656,42200,0.0,0.0,0.0
2022-10-19 00:00:00-04:00,26.860000610351562,26.93000030517578,26.549999237060547,26.702999114990234,79100,0.0,0.0,0.0
2022-10-20 00:00:00-04:00,26.760000228881836,27.110000610351562,26.649999618530273,26.729999542236328,283500,0.0,0.0,0.0
2022-10-21 00:00:00-04:00,26.469999313354492,27.368000030517578,26.469999313354492,27.350000381469727,67600,0.0,0.0,0.0
2022-10-24 00:00:00-04:00,27.209999084472656,27.420000076293945,27.149999618530273,27.334999084472656,85400,0.0,0.0,0.0
2022-10-25 00:00:00-04:00,27.479999542236328,28.010000228881836,27.479999542236328,28.010000228881836,82100,0.0,0.0,0.0
2022-10-26 00:00:00-04:00,28.010000228881836,28.594999313354492,28.010000228881836,28.344999313354492,72500,0.0,0.0,0.0
2022-10-27 00:00:00-04:00,28.149999618530273,28.190000534057617,27.892000198364258,27.892000198364258,32900,0.0,0.0,0.0
2022-10-28 00:00:00-04:00,27.719999313354492,27.954999923706055,27.59000015258789,27.954999923706055,39400,0.0,0.0,0.0
2022-10-31 00:00:00-04:00,27.579999923706055,27.719999313354492,27.540000915527344,27.610000610351562,101300,0.0,0.0,0.0
2022-11-01 00:00:00-04:00,28.229999542236328,28.299999237060547,27.739999771118164,27.899999618530273,128500,0.0,0.0,0.0
2022-11-02 00:00:00-04:00,27.84000015258789,28.139999389648438,27.280000686645508,27.280000686645508,150700,0.0,0.0,0.0
2022-11-03 00:00:00-04:00,26.959999084472656,27.139999389648438,26.950000762939453,27.040000915527344,282300,0.0,0.0,0.0
2022-11-04 00:00:00-04:00,27.8799991607666,28.211000442504883,27.795000076293945,28.211000442504883,64200,0.0,0.0,0.0
2022-11-07 00:00:00-05:00,28.260000228881836,28.41699981689453,28.149999618530273,28.299999237060547,55900,0.0,0.0,0.0
2022-11-08 00:00:00-05:00,28.540000915527344,28.850000381469727,28.489999771118164,28.670000076293945,52600,0.0,0.0,0.0
2022-11-09 00:00:00-05:00,28.68000030517578,28.80699920654297,28.459999084472656,28.479999542236328,1953200,0.0,0.0,0.0
2022-11-10 00:00:00-05:00,29.68000030517578,30.139999389648438,29.615999221801758,30.1299991607666,45500,0.0,0.0,0.0
2022-11-11 00:00:00-05:00,30.280000686645508,30.75,30.25,30.729999542236328,54000,0.0,0.0,0.0
2022-11-14 00:00:00-05:00,30.540000915527344,30.719999313354492,30.360000610351562,30.360000610351562,80500,0.0,0.0,0.0
2022-11-15 00:00:00-05:00,30.79199981689453,30.79199981689453,30.18000030517578,30.50200080871582,39100,0.0,0.0,0.0
2022-11-16 00:00:00-05:00,30.559999465942383,30.6200008392334,30.360000610351562,30.450000762939453,62200,0.0,0.0,0.0
2022-11-17 00:00:00-05:00,30.149999618530273,30.459999084472656,30.114999771118164,30.40399932861328,47200,0.0,0.0,0.0
2022-11-18 00:00:00-05:00,30.489999771118164,30.559999465942383,30.3799991607666,30.5,60700,0.0,0.0,0.0
2022-11-21 00:00:00-05:00,30.309999465942383,30.420000076293945,30.270000457763672,30.378999710083008,70200,0.0,0.0,0.0
2022-11-22 00:00:00-05:00,30.440000534057617,30.670000076293945,30.440000534057617,30.670000076293945,275300,0.0,0.0,0.0
2022-11-23 00:00:00-05:00,30.719999313354492,31.040000915527344,30.719999313354492,31.010000228881836,45500,0.0,0.0,0.0
2022-11-25 00:00:00-05:00,31.0,31.218000411987305,31.0,31.18199920654297,9200,0.0,0.0,0.0
2022-11-28 00:00:00-05:00,31.139999389648438,31.18000030517578,30.780000686645508,30.790000915527344,46500,0.0,0.0,0.0
2022-11-29 00:00:00-05:00,30.889999389648438,30.983999252319336,30.670000076293945,30.75,354700,0.0,0.0,0.0
2022-11-30 00:00:00-05:00,31.149999618530273,31.579999923706055,30.860000610351562,31.47599983215332,171000,0.0,0.0,0.0
2022-12-01 00:00:00-05:00,31.860000610351562,31.989999771118164,31.670000076293945,31.889999389648438,1092800,0.0,0.0,0.0
2022-12-02 00:00:00-05:00,31.75,32.11000061035156,31.704999923706055,31.959999084472656,225500,0.0,0.0,0.0
2022-12-05 00:00:00-05:00,31.770000457763672,31.825000762939453,31.450000762939453,31.5,103900,0.0,0.0,0.0
2022-12-06 00:00:00-05:00,31.489999771118164,31.514999389648438,31.250999450683594,31.41200065612793,67300,0.0,0.0,0.0
2022-12-07 00:00:00-05:00,31.440000534057617,31.5,31.270000457763672,31.360000610351562,86600,0.0,0.0,0.0
2022-12-08 00:00:00-05:00,31.190000534057617,31.5049991607666,31.190000534057617,31.479999542236328,33800,0.0,0.0,0.0
2022-12-09 00:00:00-05:00,31.649999618530273,31.655000686645508,31.382999420166016,31.40999984741211,136900,0.0,0.0,0.0
2022-12-12 00:00:00-05:00,31.479999542236328,31.549999237060547,31.350000381469727,31.549999237060547,61200,0.0,0.0,0.0
2022-12-13 00:00:00-05:00,32.43000030517578,32.43000030517578,31.829999923706055,31.940000534057617,89300,0.0,0.0,0.0
2022-12-14 00:00:00-05:00,32.08000183105469,32.36899948120117,31.979999542236328,32.119998931884766,75100,0.0,0.0,0.0
2022-12-15 00:00:00-05:00,31.59000015258789,31.59000015258789,31.106000900268555,31.149999618530273,193700,0.0,0.0,0.0
2022-12-16 00:00:00-05:00,30.8700008392334,30.989999771118164,30.711999893188477,30.81999969482422,49100,0.0,0.0,0.0
2022-12-19 00:00:00-05:00,30.889999389648438,30.90999984741211,30.649999618530273,30.75,95600,0.0,0.0,0.0
2022-12-20 00:00:00-05:00,30.670000076293945,30.770000457763672,30.584999084472656,30.6299991607666,122600,0.0,0.0,0.0
2022-12-21 00:00:00-05:00,30.729999542236328,31.09000015258789,30.729999542236328,31.020000457763672,102000,0.0,0.0,0.0
2022-12-22 00:00:00-05:00,30.850000381469727,30.864999771118164,30.479999542236328,30.731000900268555,64300,0.0,0.0,0.0
2022-12-23 00:00:00-05:00,30.489999771118164,30.69700050354004,30.489999771118164,30.690000534057617,38800,0.0,0.0,0.0
2022-12-27 00:00:00-05:00,30.829999923706055,30.878999710083008,30.690000534057617,30.719999313354492,109800,0.0,0.0,0.0
2022-12-28 00:00:00-05:00,30.780000686645508,30.889999389648438,30.43000030517578,30.441999435424805,97300,0.0,0.0,0.0
2022-12-29 00:00:00-05:00,30.850000381469727,31.030000686645508,30.829999923706055,30.979999542236328,114900,0.0,0.0,0.0
2022-12-30 00:00:00-05:00,30.809999465942383,30.84000015258789,30.514999389648438,30.610000610351562,29600,0.0,0.0,0.0
2023-01-03 00:00:00-05:00,30.889999389648438,31.089000701904297,30.709999084472656,30.829999923706055,116700,0.0,0.0,0.0
2023-01-04 00:00:00-05:00,31.440000534057617,31.530000686645508,31.31800079345703,31.424999237060547,43300,0.0,0.0,0.0
2023-01-05 00:00:00-05:00,31.170000076293945,31.239999771118164,31.049999237060547,31.100000381469727,158700,0.0,0.0,0.0
2023-01-06 00:00:00-05:00,31.190000534057617,31.969999313354492,31.079999923706055,31.934999465942383,257800,0.0,0.0,0.0
2023-01-09 00:00:00-05:00,32.20000076293945,32.439998626708984,32.08000183105469,32.084999084472656,109100,0.0,0.0,0.0
2023-01-10 00:00:00-05:00,32.099998474121094,32.19900131225586,32.029998779296875,32.18000030517578,36200,0.0,0.0,0.0
2023-01-11 00:00:00-05:00,32.36000061035156,32.5,32.31399917602539,32.5,58700,0.0,0.0,0.0
2023-01-12 00:00:00-05:00,32.70000076293945,32.880001068115234,32.32500076293945,32.803001403808594,289800,0.0,0.0,0.0
2023-01-13 00:00:00-05:00,32.68000030517578,32.9900016784668,32.68000030517578,32.97999954223633,75700,0.0,0.0,0.0
2023-01-17 00:00:00-05:00,33.189998626708984,33.345001220703125,33.124000549316406,33.209999084472656,72800,0.0,0.0,0.0
2023-01-18 00:00:00-05:00,33.63999938964844,33.63999938964844,33.060001373291016,33.060001373291016,173900,0.0,0.0,0.0
2023-01-19 00:00:00-05:00,32.970001220703125,33.005001068115234,32.7599983215332,32.90999984741211,98000,0.0,0.0,0.0
2023-01-20 00:00:00-05:00,32.849998474121094,33.18000030517578,32.810001373291016,33.18000030517578,70400,0.0,0.0,0.0
2023-01-23 00:00:00-05:00,33.130001068115234,33.41999816894531,33.11000061035156,33.41999816894531,101000,0.0,0.0,0.0
2023-01-24 00:00:00-05:00,33.189998626708984,33.36000061035156,33.097999572753906,33.31999969482422,139300,0.0,0.0,0.0
2023-01-25 00:00:00-05:00,33.16999816894531,33.5099983215332,33.099998474121094,33.45000076293945,954300,0.0,0.0,0.0
2023-01-26 00:00:00-05:00,33.415000915527344,33.43000030517578,33.16999816894531,33.369998931884766,159500,0.0,0.0,0.0
2023-01-27 00:00:00-05:00,33.13999938964844,33.36600112915039,33.11000061035156,33.2599983215332,63500,0.0,0.0,0.0
2023-01-30 00:00:00-05:00,33.189998626708984,33.310001373291016,33.04999923706055,33.11000061035156,188000,0.0,0.0,0.0
2023-01-31 00:00:00-05:00,33.04999923706055,33.33000183105469,32.970001220703125,33.33000183105469,356200,0.0,0.0,0.0
2023-02-01 00:00:00-05:00,33.27000045776367,33.75,33.0,33.61000061035156,92700,0.0,0.0,0.0
2023-02-02 00:00:00-05:00,33.779998779296875,33.779998779296875,33.45000076293945,33.619998931884766,265300,0.0,0.0,0.0
2023-02-03 00:00:00-05:00,33.380001068115234,33.6870002746582,33.34000015258789,33.459999084472656,180000,0.0,0.0,0.0
2023-02-06 00:00:00-05:00,33.099998474121094,33.165000915527344,32.94599914550781,33.09000015258789,70500,0.0,0.0,0.0
2023-02-07 00:00:00-05:00,32.849998474121094,33.27000045776367,32.77000045776367,33.25,79800,0.0,0.0,0.0
2023-02-08 00:00:00-05:00,33.150001525878906,33.20000076293945,32.970001220703125,33.0099983215332,53600,0.0,0.0,0.0
2023-02-09 00:00:00-05:00,33.422000885009766,33.459999084472656,32.915000915527344,32.9900016784668,77600,0.0,0.0,0.0
2023-02-10 00:00:00-05:00,32.70000076293945,32.70000076293945,32.47999954223633,32.630001068115234,71700,0.0,0.0,0.0
2023-02-13 00:00:00-05:00,32.790000915527344,33.16999816894531,32.790000915527344,33.119998931884766,94900,0.0,0.0,0.0
2023-02-14 00:00:00-05:00,33.06999969482422,33.40399932861328,32.97800064086914,33.25,172800,0.0,0.0,0.0
2023-02-15 00:00:00-05:00,32.880001068115234,33.099998474121094,32.86000061035156,33.099998474121094,77000,0.0,0.0,0.0
2023-02-16 00:00:00-05:00,32.65999984741211,33.04999923706055,32.65999984741211,32.845001220703125,96200,0.0,0.0,0.0
2023-02-17 00:00:00-05:00,32.790000915527344,33.0359992980957,32.720001220703125,33.0,43900,0.0,0.0,0.0
2023-02-21 00:00:00-05:00,32.75,32.79999923706055,32.540000915527344,32.560001373291016,67800,0.0,0.0,0.0
2023-02-22 00:00:00-05:00,32.61000061035156,32.68000030517578,32.43000030517578,32.5,89000,0.0,0.0,0.0
2023-02-23 00:00:00-05:00,32.54999923706055,32.599998474121094,32.310001373291016,32.59000015258789,115100,0.0,0.0,0.0
2023-02-24 00:00:00-05:00,32.0099983215332,32.090999603271484,31.860000610351562,31.959999084472656,120200,0.0,0.0,0.0
2023-02-27 00:00:00-05:00,32.31999969482422,32.43000030517578,32.25,32.38999938964844,59100,0.0,0.0,0.0
2023-02-28 00:00:00-05:00,32.15999984741211,32.22999954223633,32.0,32.0099983215332,46800,0.0,0.0,0.0
2023-03-01 00:00:00-05:00,32.310001373291016,32.36000061035156,32.111000061035156,32.209999084472656,23400,0.0,0.0,0.0
2023-03-02 00:00:00-05:00,32.16999816894531,32.369998931884766,32.02000045776367,32.349998474121094,47000,0.0,0.0,0.0
2023-03-03 00:00:00-05:00,32.470001220703125,32.75,32.41999816894531,32.70000076293945,78400,0.0,0.0,0.0
2023-03-06 00:00:00-05:00,32.56999969482422,32.72999954223633,32.560001373291016,32.61000061035156,57100,0.0,0.0,0.0
2023-03-07 00:00:00-05:00,32.566001892089844,32.58000183105469,31.979000091552734,32.040000915527344,920300,0.0,0.0,0.0
2023-03-08 00:00:00-05:00,32.06999969482422,32.119998931884766,31.950000762939453,32.099998474121094,956100,0.0,0.0,0.0
2023-03-09 00:00:00-05:00,32.15999984741211,32.2599983215332,31.81999969482422,31.8700008392334,150700,0.0,0.0,0.0
2023-03-10 00:00:00-05:00,32.150001525878906,32.150001525878906,31.684999465942383,31.739999771118164,110500,0.0,0.0,0.0
2023-03-13 00:00:00-04:00,31.604999542236328,31.965999603271484,31.604999542236328,31.799999237060547,39600,0.0,0.0,0.0
2023-03-14 00:00:00-04:00,32.130001068115234,32.27000045776367,32.099998474121094,32.27000045776367,24000,0.0,0.0,0.0
2023-03-15 00:00:00-04:00,31.34000015258789,31.520000457763672,31.149999618530273,31.458999633789062,42600,0.0,0.0,0.0
2023-03-16 00:00:00-04:00,31.510000228881836,32.130001068115234,31.510000228881836,32.130001068115234,56500,0.0,0.0,0.0
2023-03-17 00:00:00-04:00,31.854999542236328,31.979000091552734,31.760000228881836,31.83799934387207,47800,0.0,0.0,0.0
2023-03-20 00:00:00-04:00,32.22999954223633,32.45000076293945,32.16999816894531,32.40800094604492,57800,0.0,0.0,0.0
2023-03-21 00:00:00-04:00,32.72999954223633,32.7859992980957,32.564998626708984,32.720001220703125,53800,0.0,0.0,0.0
2023-03-22 00:00:00-04:00,32.7400016784668,33.18000030517578,32.709999084472656,32.709999084472656,76500,0.0,0.0,0.0
2023-03-23 00:00:00-04:00,33.025001525878906,33.2400016784668,32.720001220703125,32.880001068115234,62700,0.0,0.0,0.0
2023-03-24 00:00:00-04:00,32.619998931884766,32.83000183105469,32.54999923706055,32.81999969482422,45300,0.0,0.0,0.0
2023-03-27 00:00:00-04:00,32.900001525878906,32.93000030517578,32.72999954223633,32.9010009765625,29300,0.0,0.0,0.0
2023-03-28 00:00:00-04:00,32.880001068115234,32.880001068115234,32.75,32.869998931884766,42900,0.0,0.0,0.0
2023-03-29 00:00:00-04:00,33.154998779296875,33.255001068115234,33.125,33.22999954223633,35700,0.0,0.0,0.0
2023-03-30 00:00:00-04:00,33.599998474121094,33.66999816894531,33.529998779296875,33.630001068115234,41800,0.0,0.0,0.0
2023-03-31 00:00:00-04:00,33.790000915527344,33.97999954223633,33.790000915527344,33.869998931884766,756100,0.0,0.0,0.0
2023-04-03 00:00:00-04:00,33.93000030517578,34.04999923706055,33.834999084472656,34.040000915527344,111500,0.0,0.0,0.0
2023-04-04 00:00:00-04:00,34.02000045776367,34.25400161743164,34.02000045776367,34.14799880981445,189100,0.0,0.0,0.0
2023-04-05 00:00:00-04:00,34.04999923706055,34.09000015258789,33.900001525878906,34.0,117100,0.0,0.0,0.0
2023-04-06 00:00:00-04:00,33.95000076293945,34.145999908447266,33.869998931884766,34.04800033569336,60800,0.0,0.0,0.0
2023-04-10 00:00:00-04:00,33.7599983215332,34.040000915527344,33.7599983215332,34.040000915527344,160200,0.0,0.0,0.0
2023-04-11 00:00:00-04:00,34.09000015258789,34.15999984741211,34.04999923706055,34.099998474121094,463800,0.0,0.0,0.0
2023-04-12 00:00:00-04:00,34.33000183105469,34.5099983215332,34.19900131225586,34.33000183105469,188900,0.0,0.0,0.0
2023-04-13 00:00:00-04:00,34.71099853515625,34.900001525878906,34.66999816894531,34.900001525878906,66700,0.0,0.0,0.0
2023-04-14 00:00:00-04:00,34.869998931884766,34.902000427246094,34.61000061035156,34.7400016784668,35100,0.0,0.0,0.0
2023-04-17 00:00:00-04:00,34.720001220703125,34.720001220703125,34.470001220703125,34.63999938964844,114900,0.0,0.0,0.0
2023-04-18 00:00:00-04:00,34.7599983215332,34.7599983215332,34.63999938964844,34.7400016784668,58400,0.0,0.0,0.0
2023-04-19 00:00:00-04:00,34.56999969482422,34.630001068115234,34.542999267578125,34.59000015258789,489200,0.0,0.0,0.0
2023-04-20 00:00:00-04:00,34.65999984741211,34.790000915527344,34.6150016784668,34.689998626708984,178500,0.0,0.0,0.0
2023-04-21 00:00:00-04:00,34.849998474121094,35.09000015258789,34.72999954223633,35.04999923706055,159100,0.0,0.0,0.0
2023-04-24 00:00:00-04:00,35.08000183105469,35.11000061035156,35.0,35.11000061035156,59600,0.0,0.0,0.0
2023-04-25 00:00:00-04:00,35.040000915527344,35.040000915527344,34.7400016784668,34.75,191700,0.0,0.0,0.0
2023-04-26 00:00:00-04:00,34.88999938964844,34.88999938964844,34.60900115966797,34.65999984741211,88700,0.0,0.0,0.0
2023-04-27 00:00:00-04:00,34.900001525878906,35.08000183105469,34.779998779296875,35.07600021362305,171400,0.0,0.0,0.0
2023-04-28 00:00:00-04:00,34.88999938964844,35.119998931884766,34.86600112915039,35.099998474121094,234400,0.0,0.0,0.0
2023-05-01 00:00:00-04:00,35.15999984741211,35.20000076293945,35.05400085449219,35.06999969482422,152600,0.0,0.0,0.0
2023-05-02 00:00:00-04:00,34.7599983215332,34.88999938964844,34.650001525878906,34.869998931884766,207800,0.0,0.0,0.0
2023-05-03 00:00:00-04:00,35.04399871826172,35.32500076293945,35.0,35.02000045776367,121500,0.0,0.0,0.0
2023-05-04 00:00:00-04:00,34.95000076293945,35.04499816894531,34.814998626708984,34.959999084472656,244500,0.0,0.0,0.0
2023-05-05 00:00:00-04:00,34.9900016784668,35.33000183105469,34.939998626708984,35.29999923706055,134100,0.0,0.0,0.0
2023-05-08 00:00:00-04:00,35.47999954223633,35.47999954223633,35.279998779296875,35.3380012512207,88800,0.0,0.0,0.0
2023-05-09 00:00:00-04:00,34.939998626708984,35.06999969482422,34.904998779296875,35.027000427246094,83200,0.0,0.0,0.0
2023-05-10 00:00:00-04:00,34.93000030517578,34.970001220703125,34.66999816894531,34.90999984741211,65100,0.0,0.0,0.0
2023-05-11 00:00:00-04:00,34.81999969482422,34.900001525878906,34.66999816894531,34.88999938964844,249200,0.0,0.0,0.0
2023-05-12 00:00:00-04:00,34.84000015258789,34.87900161743164,34.64099884033203,34.779998779296875,147200,0.0,0.0,0.0
2023-05-15 00:00:00-04:00,34.88999938964844,34.96900177001953,34.79999923706055,34.959999084472656,47700,0.0,0.0,0.0
2023-05-16 00:00:00-04:00,34.72999954223633,34.75,34.61000061035156,34.619998931884766,77400,0.0,0.0,0.0
2023-05-17 00:00:00-04:00,34.61000061035156,34.68000030517578,34.41999816894531,34.66999816894531,103200,0.0,0.0,0.0
2023-05-18 00:00:00-04:00,34.5,34.540000915527344,34.349998474121094,34.540000915527344,46000,0.0,0.0,0.0
2023-05-19 00:00:00-04:00,34.709999084472656,34.79999923706055,34.65999984741211,34.75,108600,0.0,0.0,0.0
2023-05-22 00:00:00-04:00,34.709999084472656,34.75,34.65999984741211,34.689998626708984,91300,0.0,0.0,0.0
2023-05-23 00:00:00-04:00,34.29999923706055,34.33000183105469,33.97999954223633,33.97999954223633,83900,0.0,0.0,0.0
2023-05-24 00:00:00-04:00,33.689998626708984,33.77000045776367,33.47999954223633,33.52000045776367,317800,0.0,0.0,0.0
2023-05-25 00:00:00-04:00,33.5,33.52000045776367,33.33000183105469,33.459999084472656,77200,0.0,0.0,0.0
2023-05-26 00:00:00-04:00,33.70000076293945,33.880001068115234,33.70000076293945,33.86000061035156,60200,0.0,0.0,0.0
2023-05-30 00:00:00-04:00,33.77000045776367,33.77000045776367,33.380001068115234,33.47999954223633,58100,0.0,0.0,0.0
2023-05-31 00:00:00-04:00,33.209999084472656,33.25,32.935001373291016,33.21500015258789,95700,0.0,0.0,0.0
2023-06-01 00:00:00-04:00,33.27000045776367,33.5890007019043,33.262001037597656,33.54999923706055,81300,0.0,0.0,0.0
2023-06-02 00:00:00-04:00,33.939998626708984,34.029998779296875,33.880001068115234,33.970001220703125,275100,0.0,0.0,0.0
2023-06-05 00:00:00-04:00,33.81999969482422,33.880001068115234,33.720001220703125,33.779998779296875,364600,0.0,0.0,0.0
2023-06-06 00:00:00-04:00,33.77000045776367,33.926998138427734,33.75,33.90999984741211,193400,0.0,0.0,0.0
2023-06-07 00:00:00-04:00,33.970001220703125,34.060001373291016,33.67900085449219,33.68000030517578,76600,0.0,0.0,0.0
2023-06-08 00:00:00-04:00,33.849998474121094,34.06999969482422,33.849998474121094,34.040000915527344,126600,0.0,0.0,0.0
2023-06-09 00:00:00-04:00,33.959999084472656,34.00600051879883,33.900001525878906,33.959999084472656,290900,0.0,0.0,0.0
2023-06-12 00:00:00-04:00,34.150001525878906,34.224998474121094,34.08100128173828,34.220001220703125,147000,0.0,0.0,0.0
2023-06-13 00:00:00-04:00,34.5099983215332,34.53900146484375,34.39500045776367,34.47999954223633,145600,0.0,0.0,0.0
2023-06-14 00:00:00-04:00,34.58000183105469,34.709999084472656,34.369998931884766,34.529998779296875,77500,0.0,0.0,0.0
2023-06-15 00:00:00-04:00,34.650001525878906,34.97600173950195,34.59000015258789,34.95000076293945,76500,0.0,0.0,0.0
2023-06-16 00:00:00-04:00,35.20000076293945,35.209999084472656,34.959999084472656,34.97999954223633,70100,0.0,0.0,0.0
2023-06-20 00:00:00-04:00,34.4900016784668,34.63999938964844,34.400001525878906,34.47999954223633,107100,0.0,0.0,0.0
2023-06-21 00:00:00-04:00,34.34000015258789,34.540000915527344,34.279998779296875,34.43000030517578,85900,0.0,0.0,0.0
2023-06-22 00:00:00-04:00,34.119998931884766,34.33000183105469,34.119998931884766,34.29999923706055,91600,0.0,0.0,0.0
2023-06-23 00:00:00-04:00,33.97999954223633,34.08000183105469,33.95000076293945,34.0099983215332,74900,0.0,0.0,0.0
2023-06-26 00:00:00-04:00,33.76499938964844,33.77899932861328,33.709999084472656,33.720001220703125,65800,0.0,0.0,0.0
2023-06-27 00:00:00-04:00,33.790000915527344,34.025001525878906,33.720001220703125,34.02000045776367,91900,0.0,0.0,0.0
2023-06-28 00:00:00-04:00,33.9900016784668,34.029998779296875,33.88999938964844,34.0,90500,0.0,0.0,0.0
2023-06-29 00:00:00-04:00,33.88999938964844,33.939998626708984,33.81999969482422,33.939998626708984,58800,0.0,0.0,0.0
2023-06-30 00:00:00-04:00,34.209999084472656,34.40999984741211,34.209999084472656,34.40999984741211,83900,0.0,0.0,0.0
2023-07-03 00:00:00-04:00,34.2400016784668,34.25,34.150001525878906,34.24100112915039,59000,0.0,0.0,0.0
2023-07-05 00:00:00-04:00,34.029998779296875,34.029998779296875,33.810001373291016,33.86000061035156,60700,0.0,0.0,0.0
2023-07-06 00:00:00-04:00,33.34000015258789,33.34000015258789,33.099998474121094,33.279998779296875,68000,0.0,0.0,0.0
2023-07-07 00:00:00-04:00,33.29999923706055,33.5099983215332,33.2400016784668,33.36000061035156,64200,0.0,0.0,0.0
2023-07-10 00:00:00-04:00,33.400001525878906,33.56999969482422,33.358001708984375,33.540000915527344,239900,0.0,0.0,0.0
2023-07-11 00:00:00-04:00,33.709999084472656,33.854000091552734,33.63999938964844,33.84000015258789,43700,0.0,0.0,0.0
2023-07-12 00:00:00-04:00,34.27000045776367,34.560001373291016,34.27000045776367,34.54999923706055,99400,0.0,0.0,0.0
2023-07-13 00:00:00-04:00,34.970001220703125,35.150001525878906,34.970001220703125,35.11000061035156,205200,0.0,0.0,0.0
2023-07-14 00:00:00-04:00,35.15999984741211,35.25,35.099998474121094,35.11000061035156,51600,0.0,0.0,0.0
2023-07-17 00:00:00-04:00,34.88999938964844,35.029998779296875,34.81999969482422,35.0099983215332,61400,0.0,0.0,0.0
2023-07-18 00:00:00-04:00,34.959999084472656,35.185001373291016,34.959999084472656,35.13999938964844,96300,0.0,0.0,0.0
2023-07-19 00:00:00-04:00,35.16999816894531,35.2239990234375,34.98400115966797,35.060001373291016,71600,0.0,0.0,0.0
2023-07-20 00:00:00-04:00,34.909000396728516,34.939998626708984,34.67100143432617,34.7400016784668,242700,0.0,0.0,0.0
2023-07-21 00:00:00-04:00,34.93000030517578,34.97999954223633,34.85100173950195,34.91999816894531,64400,0.0,0.0,0.0
2023-07-24 00:00:00-04:00,34.689998626708984,34.77000045776367,34.64500045776367,34.70000076293945,43500,0.0,0.0,0.0
2023-07-25 00:00:00-04:00,34.720001220703125,34.880001068115234,34.720001220703125,34.7400016784668,105900,0.0,0.0,0.0
2023-07-26 00:00:00-04:00,34.5,34.869998931884766,34.5,34.768001556396484,64700,0.0,0.0,0.0
2023-07-27 00:00:00-04:00,35.189998626708984,35.220001220703125,34.75299835205078,34.78200149536133,219200,0.0,0.0,0.0
2023-07-28 00:00:00-04:00,35.06999969482422,35.14699935913086,34.96500015258789,35.040000915527344,53800,0.0,0.0,0.0
2023-07-31 00:00:00-04:00,35.15999984741211,35.209999084472656,35.040000915527344,35.04600143432617,41200,0.0,0.0,0.0
2023-08-01 00:00:00-04:00,34.849998474121094,34.849998474121094,34.584999084472656,34.68000030517578,69500,0.0,0.0,0.0
2023-08-02 00:00:00-04:00,34.349998474121094,34.349998474121094,34.119998931884766,34.13999938964844,58500,0.0,0.0,0.0
2023-08-03 00:00:00-04:00,34.0,34.099998474121094,33.86000061035156,34.005001068115234,117600,0.0,0.0,0.0
2023-08-04 00:00:00-04:00,34.11000061035156,34.33000183105469,33.97999954223633,33.983001708984375,82700,0.0,0.0,0.0
2023-08-07 00:00:00-04:00,34.2400016784668,34.349998474121094,34.119998931884766,34.34000015258789,81900,0.0,0.0,0.0
2023-08-08 00:00:00-04:00,34.060001373291016,34.2599983215332,33.9900016784668,34.2400016784668,67300,0.0,0.0,0.0
2023-08-09 00:00:00-04:00,34.2599983215332,34.34299850463867,34.20000076293945,34.27000045776367,55000,0.0,0.0,0.0
2023-08-10 00:00:00-04:00,34.56999969482422,34.78799819946289,34.35900115966797,34.38999938964844,63300,0.0,0.0,0.0
2023-08-11 00:00:00-04:00,34.220001220703125,34.220001220703125,34.040000915527344,34.119998931884766,97800,0.0,0.0,0.0
2023-08-14 00:00:00-04:00,33.88999938964844,34.08000183105469,33.801998138427734,34.060001373291016,103100,0.0,0.0,0.0
2023-08-15 00:00:00-04:00,33.915000915527344,33.915000915527344,33.650001525878906,33.68000030517578,70300,0.0,0.0,0.0
2023-08-16 00:00:00-04:00,33.720001220703125,33.79999923706055,33.54499816894531,33.54999923706055,134900,0.0,0.0,0.0
2023-08-17 00:00:00-04:00,33.599998474121094,33.619998931884766,33.220001220703125,33.25,101300,0.0,0.0,0.0
2023-08-18 00:00:00-04:00,33.0,33.2599983215332,32.979000091552734,33.209999084472656,56000,0.0,0.0,0.0
2023-08-21 00:00:00-04:00,33.380001068115234,33.41999816894531,33.20899963378906,33.38999938964844,166500,0.0,0.0,0.0
2023-08-22 00:00:00-04:00,33.470001220703125,33.470001220703125,33.25,33.27000045776367,143600,0.0,0.0,0.0
2023-08-23 00:00:00-04:00,33.38999938964844,33.645999908447266,33.38999938964844,33.599998474121094,132600,0.0,0.0,0.0
2023-08-24 00:00:00-04:00,33.43000030517578,33.45000076293945,33.06999969482422,33.09000015258789,63400,0.0,0.0,0.0
2023-08-25 00:00:00-04:00,33.279998779296875,33.441001892089844,33.06999969482422,33.38999938964844,85700,0.0,0.0,0.0
2023-08-28 00:00:00-04:00,33.560001373291016,33.72999954223633,33.560001373291016,33.72999954223633,91200,0.0,0.0,0.0
2023-08-29 00:00:00-04:00,33.709999084472656,34.220001220703125,33.70000076293945,34.209999084472656,82900,0.0,0.0,0.0
2023-08-30 00:00:00-04:00,34.2400016784668,34.345001220703125,34.16600036621094,34.22999954223633,79700,0.0,0.0,0.0
2023-08-31 00:00:00-04:00,34.099998474121094,34.119998931884766,33.83000183105469,33.869998931884766,46200,0.0,0.0,0.0
2023-09-01 00:00:00-04:00,34.11000061035156,34.11000061035156,33.65299987792969,33.7599983215332,68400,0.0,0.0,0.0
2023-09-05 00:00:00-04:00,33.6349983215332,33.6349983215332,33.380001068115234,33.380001068115234,165300,0.0,0.0,0.0
2023-09-06 00:00:00-04:00,33.34000015258789,33.349998474121094,33.16999816894531,33.290000915527344,1289800,0.0,0.0,0.0
2023-09-07 00:00:00-04:00,33.150001525878906,33.19499969482422,33.040000915527344,33.150001525878906,462800,0.0,0.0,0.0
2023-09-08 00:00:00-04:00,33.209999084472656,33.310001373291016,33.189998626708984,33.2400016784668,68300,0.0,0.0,0.0
2023-09-11 00:00:00-04:00,33.43000030517578,33.560001373291016,33.34000015258789,33.54999923706055,64600,0.0,0.0,0.0
2023-09-12 00:00:00-04:00,33.27000045776367,33.36000061035156,33.22999954223633,33.27000045776367,49400,0.0,0.0,0.0
2023-09-13 00:00:00-04:00,33.130001068115234,33.18000030517578,33.0099983215332,33.06999969482422,66700,0.0,0.0,0.0
2023-09-14 00:00:00-04:00,33.220001220703125,33.380001068115234,33.16999816894531,33.380001068115234,92600,0.0,0.0,0.0
2023-09-15 00:00:00-04:00,33.529998779296875,33.57600021362305,33.310001373291016,33.349998474121094,88300,0.0,0.0,0.0
2023-09-18 00:00:00-04:00,33.150001525878906,33.20000076293945,33.02000045776367,33.15999984741211,76300,0.0,0.0,0.0
2023-09-19 00:00:00-04:00,33.09000015258789,33.117000579833984,32.95100021362305,33.06999969482422,77900,0.0,0.0,0.0
2023-09-20 00:00:00-04:00,33.2599983215332,33.448001861572266,33.06999969482422,33.084999084472656,106500,0.0,0.0,0.0
2023-09-21 00:00:00-04:00,32.77000045776367,32.790000915527344,32.51499938964844,32.51499938964844,48900,0.0,0.0,0.0
2023-09-22 00:00:00-04:00,32.61000061035156,32.77000045776367,32.47999954223633,32.5,151800,0.0,0.0,0.0
2023-09-25 00:00:00-04:00,32.11000061035156,32.237998962402344,32.060001373291016,32.220001220703125,86000,0.0,0.0,0.0
2023-09-26 00:00:00-04:00,31.989999771118164,32.0,31.780000686645508,31.829999923706055,118300,0.0,0.0,0.0
2023-09-27 00:00:00-04:00,31.90999984741211,31.90999984741211,31.479999542236328,31.670000076293945,84800,0.0,0.0,0.0
2023-09-28 00:00:00-04:00,31.770000457763672,32.029998779296875,31.68000030517578,31.950000762939453,61200,0.0,0.0,0.0
2023-09-29 00:00:00-04:00,32.380001068115234,32.380001068115234,31.94099998474121,32.02000045776367,120000,0.0,0.0,0.0
2023-10-02 00:00:00-04:00,31.84000015258789,31.84000015258789,31.549999237060547,31.634000778198242,176600,0.0,0.0,0.0
2023-10-03 00:00:00-04:00,31.489999771118164,31.503999710083008,31.229999542236328,31.31999969482422,224900,0.0,0.0,0.0
2023-10-04 00:00:00-04:00,31.530000686645508,31.600000381469727,31.298999786376953,31.549999237060547,91400,0.0,0.0,0.0
2023-10-05 00:00:00-04:00,31.68000030517578,31.760000228881836,31.559999465942383,31.719999313354492,240900,0.0,0.0,0.0
2023-10-06 00:00:00-04:00,31.68000030517578,32.12900161743164,31.440000534057617,32.08000183105469,95300,0.0,0.0,0.0
2023-10-09 00:00:00-04:00,31.770000457763672,31.950000762939453,31.68000030517578,31.934999465942383,132500,0.0,0.0,0.0
2023-10-10 00:00:00-04:00,32.20000076293945,32.47999954223633,32.20000076293945,32.310001373291016,104500,0.0,0.0,0.0
2023-10-11 00:00:00-04:00,32.470001220703125,32.474998474121094,32.2599983215332,32.439998626708984,58500,0.0,0.0,0.0
2023-10-12 00:00:00-04:00,32.400001525878906,32.433998107910156,31.985000610351562,32.06999969482422,63700,0.0,0.0,0.0
2023-10-13 00:00:00-04:00,32.0,32.04399871826172,31.709999084472656,31.790000915527344,61600,0.0,0.0,0.0
2023-10-16 00:00:00-04:00,31.799999237060547,31.989999771118164,31.75200080871582,31.989999771118164,74600,0.0,0.0,0.0
2023-10-17 00:00:00-04:00,31.729999542236328,32.11000061035156,31.690000534057617,31.975000381469727,121400,0.0,0.0,0.0
2023-10-18 00:00:00-04:00,31.700000762939453,31.739999771118164,31.43000030517578,31.459999084472656,120700,0.0,0.0,0.0
2023-10-19 00:00:00-04:00,31.389999389648438,31.520000457763672,31.15999984741211,31.22100067138672,126700,0.0,0.0,0.0
2023-10-20 00:00:00-04:00,31.1200008392334,31.235000610351562,30.98699951171875,30.993000030517578,150000,0.0,0.0,0.0
2023-10-23 00:00:00-04:00,30.940000534057617,31.27400016784668,30.84000015258789,31.079999923706055,576600,0.0,0.0,0.0
2023-10-24 00:00:00-04:00,31.149999618530273,31.360000610351562,31.149999618530273,31.360000610351562,152900,0.0,0.0,0.0
2023-10-25 00:00:00-04:00,31.170000076293945,31.299999237060547,30.989999771118164,31.051000595092773,63300,0.0,0.0,0.0
2023-10-26 00:00:00-04:00,31.020000457763672,31.06999969482422,30.739999771118164,30.809999465942383,95700,0.0,0.0,0.0
2023-10-27 00:00:00-04:00,30.860000610351562,30.8700008392334,30.514999389648438,30.579999923706055,143400,0.0,0.0,0.0
2023-10-30 00:00:00-04:00,31.040000915527344,31.115999221801758,30.93000030517578,31.079999923706055,134200,0.0,0.0,0.0
2023-10-31 00:00:00-04:00,31.100000381469727,31.18000030517578,30.989999771118164,31.149999618530273,131200,0.0,0.0,0.0
2023-11-01 00:00:00-04:00,31.18000030517578,31.360000610351562,31.051000595092773,31.360000610351562,126500,0.0,0.0,0.0
2023-11-02 00:00:00-04:00,31.959999084472656,32.02000045776367,31.850000381469727,32.005001068115234,59900,0.0,0.0,0.0
2023-11-03 00:00:00-04:00,32.33000183105469,32.400001525878906,32.2400016784668,32.31999969482422,144200,0.0,0.0,0.0
2023-11-06 00:00:00-05:00,32.22999954223633,32.32500076293945,32.13999938964844,32.21500015258789,215100,0.0,0.0,0.0
2023-11-07 00:00:00-05:00,32.119998931884766,32.2400016784668,32.06999969482422,32.16999816894531,142600,0.0,0.0,0.0
2023-11-08 00:00:00-05:00,32.29999923706055,32.474998474121094,32.26300048828125,32.349998474121094,112700,0.0,0.0,0.0
2023-11-09 00:00:00-05:00,32.709999084472656,32.724998474121094,32.31999969482422,32.33000183105469,130200,0.0,0.0,0.0
2023-11-10 00:00:00-05:00,32.130001068115234,32.31700134277344,31.857999801635742,32.279998779296875,68400,0.0,0.0,0.0
2023-11-13 00:00:00-05:00,32.13999938964844,32.380001068115234,32.08100128173828,32.334999084472656,103100,0.0,0.0,0.0
2023-11-14 00:00:00-05:00,32.93000030517578,33.29999923706055,32.93000030517578,33.26499938964844,79800,0.0,0.0,0.0
2023-11-15 00:00:00-05:00,33.40999984741211,33.439998626708984,33.29999923706055,33.29999923706055,207800,0.0,0.0,0.0
2023-11-16 00:00:00-05:00,33.2400016784668,33.349998474121094,33.154998779296875,33.2599983215332,293500,0.0,0.0,0.0
2023-11-17 00:00:00-05:00,33.54999923706055,33.689998626708984,33.5099983215332,33.68000030517578,180800,0.0,0.0,0.0
2023-11-20 00:00:00-05:00,33.650001525878906,33.849998474121094,33.650001525878906,33.81999969482422,103700,0.0,0.0,0.0
2023-11-21 00:00:00-05:00,33.84000015258789,33.880001068115234,33.68199920654297,33.779998779296875,96300,0.0,0.0,0.0
2023-11-22 00:00:00-05:00,33.79999923706055,33.86000061035156,33.67900085449219,33.86000061035156,190000,0.0,0.0,0.0
2023-11-24 00:00:00-05:00,33.959999084472656,34.13999938964844,33.959999084472656,34.13999938964844,17900,0.0,0.0,0.0
2023-11-27 00:00:00-05:00,34.06999969482422,34.06999969482422,33.90999984741211,34.0,111000,0.0,0.0,0.0
2023-11-28 00:00:00-05:00,33.86000061035156,34.040000915527344,33.810001373291016,33.970001220703125,182000,0.0,0.0,0.0
2023-11-29 00:00:00-05:00,34.099998474121094,34.2599983215332,34.0099983215332,34.119998931884766,128900,0.0,0.0,0.0
2023-11-30 00:00:00-05:00,34.150001525878906,34.18899917602539,34.01300048828125,34.119998931884766,56700,0.0,0.0,0.0
2023-12-01 00:00:00-05:00,34.11000061035156,34.4900016784668,34.06999969482422,34.47999954223633,53600,0.0,0.0,0.0
2023-12-04 00:00:00-05:00,34.209999084472656,34.34000015258789,34.150001525878906,34.290000915527344,100900,0.0,0.0,0.0
2023-12-05 00:00:00-05:00,34.119998931884766,34.209999084472656,34.040000915527344,34.130001068115234,66700,0.0,0.0,0.0
2023-12-06 00:00:00-05:00,34.369998931884766,34.43000030517578,34.13999938964844,34.13999938964844,66900,0.0,0.0,0.0
2023-12-07 00:00:00-05:00,34.22999954223633,34.380001068115234,34.09000015258789,34.31999969482422,112700,0.0,0.0,0.0
2023-12-08 00:00:00-05:00,34.2599983215332,34.540000915527344,34.2599983215332,34.47999954223633,56300,0.0,0.0,0.0
2023-12-11 00:00:00-05:00,34.439998626708984,34.62799835205078,34.439998626708984,34.58000183105469,46800,0.0,0.0,0.0
2023-12-12 00:00:00-05:00,34.56999969482422,34.71699905395508,34.54999923706055,34.70000076293945,92900,0.0,0.0,0.0
2023-12-13 00:00:00-05:00,34.83000183105469,35.29999923706055,34.61899948120117,35.29999923706055,99900,0.0,0.0,0.0
2023-12-14 00:00:00-05:00,35.63999938964844,35.80699920654297,35.5,35.689998626708984,74900,0.0,0.0,0.0
2023-12-15 00:00:00-05:00,35.560001373291016,35.625,35.375999450683594,35.380001068115234,77400,0.0,0.0,0.0
2023-12-18 00:00:00-05:00,35.56999969482422,35.56999969482422,35.39400100708008,35.52000045776367,159100,0.0,0.0,0.0
2023-12-19 00:00:00-05:00,35.7400016784668,35.900001525878906,35.7400016784668,35.869998931884766,82600,0.0,0.0,0.0
2023-12-20 00:00:00-05:00,35.849998474121094,36.0099983215332,35.540000915527344,35.540000915527344,69100,0.0,0.0,0.0
2023-12-21 00:00:00-05:00,35.970001220703125,36.08300018310547,35.840999603271484,36.08000183105469,90900,0.0,0.0,0.0
2023-12-22 00:00:00-05:00,36.0099983215332,36.09000015258789,35.88999938964844,35.97999954223633,70500,0.0,0.0,0.0
2023-12-26 00:00:00-05:00,36.04999923706055,36.23500061035156,36.042999267578125,36.189998626708984,57500,0.0,0.0,0.0
2023-12-27 00:00:00-05:00,36.150001525878906,36.400001525878906,36.150001525878906,36.38999938964844,47900,0.0,0.0,0.0
2023-12-28 00:00:00-05:00,36.380001068115234,36.44900131225586,36.22999954223633,36.22999954223633,89500,0.0,0.0,0.0
2023-12-29 00:00:00-05:00,36.369998931884766,36.400001525878906,36.16999816894531,36.27000045776367,82500,0.0,0.0,0.0
2024-01-02 00:00:00-05:00,35.86000061035156,35.900001525878906,35.709999084472656,35.72999954223633,172200,0.0,0.0,0.0
2024-01-03 00:00:00-05:00,35.29999923706055,35.45000076293945,35.10100173950195,35.34000015258789,172900,0.0,0.0,0.0
2024-01-04 00:00:00-05:00,35.3650016784668,35.617000579833984,35.3650016784668,35.459999084472656,47500,0.0,0.0,0.0
2024-01-05 00:00:00-05:00,35.2400016784668,35.619998931884766,35.22999954223633,35.349998474121094,105100,0.0,0.0,0.0
2024-01-08 00:00:00-05:00,35.43000030517578,35.88999938964844,35.43000030517578,35.880001068115234,351400,0.0,0.0,0.0
2024-01-09 00:00:00-05:00,35.560001373291016,35.66999816894531,35.5099983215332,35.58000183105469,86000,0.0,0.0,0.0
2024-01-10 00:00:00-05:00,35.68000030517578,35.902000427246094,35.66999816894531,35.880001068115234,131000,0.0,0.0,0.0
2024-01-11 00:00:00-05:00,35.900001525878906,35.93000030517578,35.400001525878906,35.79999923706055,580500,0.0,0.0,0.0
2024-01-12 00:00:00-05:00,35.97999954223633,36.060001373291016,35.88199996948242,35.970001220703125,86800,0.0,0.0,0.0
2024-01-16 00:00:00-05:00,35.4900016784668,35.53900146484375,35.275001525878906,35.33000183105469,185400,0.0,0.0,0.0
2024-01-17 00:00:00-05:00,34.845001220703125,34.99700164794922,34.70500183105469,34.970001220703125,157500,0.0,0.0,0.0
2024-01-18 00:00:00-05:00,35.130001068115234,35.33000183105469,35.06999969482422,35.33000183105469,128300,0.0,0.0,0.0
2024-01-19 00:00:00-05:00,35.2599983215332,35.40999984741211,35.09000015258789,35.38999938964844,131000,0.0,0.0,0.0
2024-01-22 00:00:00-05:00,35.5,35.6349983215332,35.459999084472656,35.52000045776367,112700,0.0,0.0,0.0
2024-01-23 00:00:00-05:00,35.349998474121094,35.400001525878906,35.209999084472656,35.38999938964844,67300,0.0,0.0,0.0
2024-01-24 00:00:00-05:00,35.77000045776367,35.93000030517578,35.689998626708984,35.689998626708984,75300,0.0,0.0,0.0
2024-01-25 00:00:00-05:00,35.84000015258789,35.90999984741211,35.709999084472656,35.90999984741211,64800,0.0,0.0,0.0
2024-01-26 00:00:00-05:00,36.275001525878906,36.33000183105469,36.20000076293945,36.2400016784668,85800,0.0,0.0,0.0
2024-01-29 00:00:00-05:00,36.13999938964844,36.38999938964844,36.06999969482422,36.33000183105469,131200,0.0,0.0,0.0
2024-01-30 00:00:00-05:00,36.34000015258789,36.36000061035156,36.18199920654297,36.310001373291016,83200,0.0,0.0,0.0
2024-01-31 00:00:00-05:00,36.380001068115234,36.540000915527344,35.93000030517578,36.040000915527344,2042900,0.0,0.0,0.0
2024-02-01 00:00:00-05:00,36.099998474121094,36.400001525878906,36.029998779296875,36.380001068115234,118400,0.0,0.0,0.0
2024-02-02 00:00:00-05:00,36.04999923706055,36.15999984741211,35.959999084472656,36.08000183105469,675400,0.0,0.0,0.0
2024-02-05 00:00:00-05:00,35.79999923706055,35.946998596191406,35.66999816894531,35.86000061035156,146300,0.0,0.0,0.0
2024-02-06 00:00:00-05:00,35.78499984741211,36.0099983215332,35.777000427246094,36.0,115000,0.0,0.0,0.0
2024-02-07 00:00:00-05:00,36.0,36.04999923706055,35.904998779296875,35.95000076293945,85100,0.0,0.0,0.0
2024-02-08 00:00:00-05:00,35.90999984741211,36.02000045776367,35.861000061035156,35.9900016784668,149700,0.0,0.0,0.0
2024-02-09 00:00:00-05:00,36.150001525878906,36.27000045776367,36.02000045776367,36.22999954223633,92800,0.0,0.0,0.0
2024-02-12 00:00:00-05:00,36.20000076293945,36.310001373291016,36.15999984741211,36.22999954223633,78500,0.0,0.0,0.0
2024-02-13 00:00:00-05:00,35.65999984741211,35.74599838256836,35.435001373291016,35.56999969482422,113400,0.0,0.0,0.0
2024-02-14 00:00:00-05:00,35.810001373291016,36.060001373291016,35.810001373291016,36.040000915527344,93800,0.0,0.0,0.0
2024-02-15 00:00:00-05:00,36.25,36.51499938964844,36.25,36.51499938964844,76800,0.0,0.0,0.0
2024-02-16 00:00:00-05:00,36.540000915527344,36.689998626708984,36.42300033569336,36.540000915527344,93300,0.0,0.0,0.0
2024-02-20 00:00:00-05:00,36.810001373291016,36.810001373291016,36.59000015258789,36.720001220703125,225300,0.0,0.0,0.0
2024-02-21 00:00:00-05:00,36.650001525878906,36.779998779296875,36.60499954223633,36.7599983215332,385000,0.0,0.0,0.0
2024-02-22 00:00:00-05:00,37.099998474121094,37.33000183105469,37.099998474121094,37.310001373291016,81800,0.0,0.0,0.0
2024-02-23 00:00:00-05:00,37.41999816894531,37.42499923706055,37.310001373291016,37.36000061035156,62800,0.0,0.0,0.0
2024-02-26 00:00:00-05:00,37.439998626708984,37.439998626708984,37.27000045776367,37.36000061035156,78200,0.0,0.0,0.0
2024-02-27 00:00:00-05:00,37.310001373291016,37.43899917602539,37.29999923706055,37.380001068115234,53000,0.0,0.0,0.0
2024-02-28 00:00:00-05:00,37.20000076293945,37.27000045776367,37.130001068115234,37.20000076293945,59200,0.0,0.0,0.0
2024-02-29 00:00:00-05:00,37.36000061035156,37.4379997253418,37.13999938964844,37.290000915527344,120600,0.0,0.0,0.0
2024-03-01 00:00:00-05:00,37.47999954223633,37.720001220703125,37.31999969482422,37.709999084472656,57200,0.0,0.0,0.0
2024-03-04 00:00:00-05:00,37.59000015258789,37.729000091552734,37.56999969482422,37.65999984741211,57700,0.0,0.0,0.0
2024-03-05 00:00:00-05:00,37.51499938964844,37.630001068115234,37.30099868774414,37.41999816894531,138700,0.0,0.0,0.0
2024-03-06 00:00:00-05:00,37.7400016784668,37.9010009765625,37.66999816894531,37.79999923706055,56800,0.0,0.0,0.0
2024-03-07 00:00:00-05:00,38.08000183105469,38.36000061035156,38.060001373291016,38.279998779296875,202600,0.0,0.0,0.0
2024-03-08 00:00:00-05:00,38.31999969482422,38.369998931884766,38.0099983215332,38.060001373291016,95300,0.0,0.0,0.0
2024-03-11 00:00:00-04:00,37.95000076293945,37.97999954223633,37.779998779296875,37.970001220703125,91700,0.0,0.0,0.0
2024-03-12 00:00:00-04:00,37.97999954223633,38.380001068115234,37.86000061035156,38.375,206700,0.0,0.0,0.0
2024-03-13 00:00:00-04:00,38.41999816894531,38.5099983215332,38.323001861572266,38.36000061035156,462500,0.0,0.0,0.0
2024-03-14 00:00:00-04:00,38.40999984741211,38.43000030517578,37.93299865722656,38.06999969482422,120000,0.0,0.0,0.0
2024-03-15 00:00:00-04:00,38.060001373291016,38.09000015258789,37.87699890136719,38.0099983215332,47700,0.0,0.0,0.0
2024-03-18 00:00:00-04:00,38.0,38.064998626708984,37.89500045776367,37.900001525878906,145400,0.0,0.0,0.0
2024-03-19 00:00:00-04:00,37.880001068115234,38.04999923706055,37.779998779296875,37.86000061035156,137500,0.0,0.0,0.0
2024-03-20 00:00:00-04:00,37.849998474121094,38.33399963378906,37.81999969482422,38.31999969482422,88600,0.0,0.0,0.0
2024-03-21 00:00:00-04:00,38.22999954223633,38.345001220703125,38.209999084472656,38.22999954223633,105800,0.0,0.0,0.0
2024-03-22 00:00:00-04:00,37.95000076293945,37.957000732421875,37.8390007019043,37.869998931884766,49400,0.0,0.0,0.0
2024-03-25 00:00:00-04:00,37.7599983215332,37.900001525878906,37.75,37.790000915527344,66700,0.0,0.0,0.0
2024-03-26 00:00:00-04:00,37.959999084472656,37.959999084472656,37.81999969482422,37.83000183105469,90300,0.0,0.0,0.0
2024-03-27 00:00:00-04:00,38.0099983215332,38.18000030517578,37.900001525878906,38.18000030517578,80900,0.0,0.0,0.0
2024-03-28 00:00:00-04:00,38.130001068115234,38.130001068115234,38.0099983215332,38.060001373291016,231400,0.0,0.0,0.0
2024-04-01 00:00:00-04:00,38.06999969482422,38.119998931884766,37.86000061035156,37.90999984741211,78200,0.0,0.0,0.0
2024-04-02 00:00:00-04:00,37.52000045776367,37.52000045776367,37.39500045776367,37.494998931884766,77900,0.0,0.0,0.0
2024-04-03 00:00:00-04:00,37.38999938964844,37.76499938964844,37.38999938964844,37.709999084472656,130400,0.0,0.0,0.0
2024-04-04 00:00:00-04:00,37.91999816894531,37.93000030517578,37.23699951171875,37.29999923706055,64500,0.0,0.0,0.0
2024-04-05 00:00:00-04:00,37.22999954223633,37.39799880981445,37.06999969482422,37.36000061035156,53700,0.0,0.0,0.0
2024-04-08 00:00:00-04:00,37.470001220703125,37.52299880981445,37.404998779296875,37.470001220703125,75000,0.0,0.0,0.0
2024-04-09 00:00:00-04:00,37.599998474121094,37.61000061035156,37.27000045776367,37.45000076293945,52500,0.0,0.0,0.0
2024-04-10 00:00:00-04:00,36.849998474121094,37.06999969482422,36.779998779296875,36.91999816894531,66700,0.0,0.0,0.0
2024-04-11 00:00:00-04:00,37.06999969482422,37.18000030517578,36.7400016784668,37.150001525878906,62500,0.0,0.0,0.0
2024-04-12 00:00:00-04:00,36.779998779296875,36.84000015258789,36.40999984741211,36.439998626708984,75600,0.0,0.0,0.0
2024-04-15 00:00:00-04:00,36.95000076293945,36.95000076293945,36.290000915527344,36.349998474121094,697700,0.0,0.0,0.0
2024-04-16 00:00:00-04:00,36.08000183105469,36.2599983215332,35.974998474121094,36.099998474121094,105500,0.0,0.0,0.0
2024-04-17 00:00:00-04:00,36.34000015258789,36.34000015258789,35.92599868774414,36.09000015258789,74300,0.0,0.0,0.0
2024-04-18 00:00:00-04:00,35.97999954223633,36.099998474121094,35.81999969482422,35.880001068115234,38500,0.0,0.0,0.0
2024-04-19 00:00:00-04:00,35.849998474121094,35.90999984741211,35.650001525878906,35.7400016784668,204000,0.0,0.0,0.0
2024-04-22 00:00:00-04:00,35.970001220703125,36.33000183105469,35.93000030517578,36.18000030517578,120300,0.0,0.0,0.0
2024-04-23 00:00:00-04:00,36.38999938964844,36.64899826049805,36.310001373291016,36.61000061035156,61900,0.0,0.0,0.0
2024-04-24 00:00:00-04:00,36.630001068115234,36.630001068115234,36.27000045776367,36.43000030517578,344500,0.0,0.0,0.0
2024-04-25 00:00:00-04:00,35.939998626708984,36.30500030517578,35.84000015258789,36.27000045776367,42900,0.0,0.0,0.0
2024-04-26 00:00:00-04:00,36.400001525878906,36.58000183105469,36.3849983215332,36.54199981689453,48900,0.0,0.0,0.0
2024-04-29 00:00:00-04:00,36.540000915527344,36.624000549316406,36.4900016784668,36.56999969482422,47100,0.0,0.0,0.0
2024-04-30 00:00:00-04:00,36.470001220703125,36.560001373291016,36.09000015258789,36.09000015258789,49400,0.0,0.0,0.0
2024-05-01 00:00:00-04:00,36.040000915527344,36.459999084472656,35.939998626708984,36.040000915527344,105600,0.0,0.0,0.0
2024-05-02 00:00:00-04:00,36.36000061035156,36.481998443603516,36.18000030517578,36.40999984741211,49700,0.0,0.0,0.0
2024-05-03 00:00:00-04:00,36.90999984741211,37.025001525878906,36.68000030517578,36.880001068115234,1022200,0.0,0.0,0.0
2024-05-06 00:00:00-04:00,37.060001373291016,37.09000015258789,36.9900016784668,37.08000183105469,558900,0.0,0.0,0.0
2024-05-07 00:00:00-04:00,37.349998474121094,37.38999938964844,37.25,37.310001373291016,142500,0.0,0.0,0.0
2024-05-08 00:00:00-04:00,37.2400016784668,37.349998474121094,37.2400016784668,37.31999969482422,67000,0.0,0.0,0.0
2024-05-09 00:00:00-04:00,37.209999084472656,37.52000045776367,37.209999084472656,37.4900016784668,62400,0.0,0.0,0.0
2024-05-10 00:00:00-04:00,37.630001068115234,37.720001220703125,37.492000579833984,37.5099983215332,51300,0.0,0.0,0.0
2024-05-13 00:00:00-04:00,37.529998779296875,37.61000061035156,37.459999084472656,37.4900016784668,91300,0.0,0.0,0.0
2024-05-14 00:00:00-04:00,37.650001525878906,37.79999923706055,37.64500045776367,37.79999923706055,106500,0.0,0.0,0.0
2024-05-15 00:00:00-04:00,37.970001220703125,38.23500061035156,37.939998626708984,38.220001220703125,132200,0.0,0.0,0.0
2024-05-16 00:00:00-04:00,38.189998626708984,38.25,38.08000183105469,38.09000015258789,100400,0.0,0.0,0.0
2024-05-17 00:00:00-04:00,38.04999923706055,38.16999816894531,37.9900016784668,38.13999938964844,38400,0.0,0.0,0.0
2024-05-20 00:00:00-04:00,38.2599983215332,38.310001373291016,38.18000030517578,38.220001220703125,76900,0.0,0.0,0.0
2024-05-21 00:00:00-04:00,38.06999969482422,38.16600036621094,38.06999969482422,38.150001525878906,72000,0.0,0.0,0.0
2024-05-22 00:00:00-04:00,37.91999816894531,37.91999816894531,37.67300033569336,37.810001373291016,80200,0.0,0.0,0.0
2024-05-23 00:00:00-04:00,38.18000030517578,38.220001220703125,37.61000061035156,37.70000076293945,103300,0.0,0.0,0.0
2024-05-24 00:00:00-04:00,37.880001068115234,38.040000915527344,37.8650016784668,37.959999084472656,70900,0.0,0.0,0.0
2024-05-28 00:00:00-04:00,37.91999816894531,37.93000030517578,37.652000427246094,37.790000915527344,102000,0.0,0.0,0.0
2024-05-29 00:00:00-04:00,37.29999923706055,37.380001068115234,37.18000030517578,37.209999084472656,65500,0.0,0.0,0.0
2024-05-30 00:00:00-04:00,37.41999816894531,37.652000427246094,37.41999816894531,37.56999969482422,70600,0.0,0.0,0.0
2024-05-31 00:00:00-04:00,37.72999954223633,37.790000915527344,37.5,37.779998779296875,84500,0.0,0.0,0.0
2024-06-03 00:00:00-04:00,37.75,37.93000030517578,37.66999816894531,37.849998474121094,34400,0.0,0.0,0.0
2024-06-04 00:00:00-04:00,37.880001068115234,37.95000076293945,37.7400016784668,37.90999984741211,60700,0.0,0.0,0.0
2024-06-05 00:00:00-04:00,38.25,38.40999984741211,38.08000183105469,38.400001525878906,66500,0.0,0.0,0.0
2024-06-06 00:00:00-04:00,38.470001220703125,38.560001373291016,38.43000030517578,38.560001373291016,190000,0.0,0.0,0.0
2024-06-07 00:00:00-04:00,38.2400016784668,38.31999969482422,38.11399841308594,38.130001068115234,41600,0.0,0.0,0.0
2024-06-10 00:00:00-04:00,37.79999923706055,38.18000030517578,37.79999923706055,38.150001525878906,100300,0.0,0.0,0.0
2024-06-11 00:00:00-04:00,37.7400016784668,37.98500061035156,37.654998779296875,37.89500045776367,203200,0.0,0.0,0.0
2024-06-12 00:00:00-04:00,38.59000015258789,38.652000427246094,38.3849983215332,38.45000076293945,54700,0.0,0.0,0.0
2024-06-13 00:00:00-04:00,38.20000076293945,38.2599983215332,37.849998474121094,38.029998779296875,56000,0.0,0.0,0.0
2024-06-14 00:00:00-04:00,37.54999923706055,37.63999938964844,37.34000015258789,37.63999938964844,69100,0.0,0.0,0.0
2024-06-17 00:00:00-04:00,37.540000915527344,37.79999923706055,37.369998931884766,37.79999923706055,62300,0.0,0.0,0.0
2024-06-18 00:00:00-04:00,37.77000045776367,37.959999084472656,37.77000045776367,37.959999084472656,79300,0.0,0.0,0.0
2024-06-20 00:00:00-04:00,37.869998931884766,38.05099868774414,37.86000061035156,37.95000076293945,83500,0.0,0.0,0.0
2024-06-21 00:00:00-04:00,37.63999938964844,37.7599983215332,37.59299850463867,37.66999816894531,400400,0.0,0.0,0.0
2024-06-24 00:00:00-04:00,37.90999984741211,38.099998474121094,37.84199905395508,37.849998474121094,54900,0.0,0.0,0.0
2024-06-25 00:00:00-04:00,37.47999954223633,37.619998931884766,37.38999938964844,37.54999923706055,54100,0.0,0.0,0.0
2024-06-26 00:00:00-04:00,37.209999084472656,37.30500030517578,37.08000183105469,37.130001068115234,201500,0.0,0.0,0.0
2024-06-27 00:00:00-04:00,37.25,37.290000915527344,37.09000015258789,37.209999084472656,149000,0.0,0.0,0.0
2024-06-28 00:00:00-04:00,37.09000015258789,37.23500061035156,36.939998626708984,37.09000015258789,48300,0.0,0.0,0.0
2024-07-01 00:00:00-04:00,37.11000061035156,37.2599983215332,36.90999984741211,37.02000045776367,106700,0.0,0.0,0.0
2024-07-02 00:00:00-04:00,36.810001373291016,37.099998474121094,36.77000045776367,37.099998474121094,68100,0.0,0.0,0.0
2024-07-03 00:00:00-04:00,37.369998931884766,37.59000015258789,37.369998931884766,37.59000015258789,38800,0.0,0.0,0.0
2024-07-05 00:00:00-04:00,37.869998931884766,37.900001525878906,37.6150016784668,37.849998474121094,82700,0.0,0.0,0.0
2024-07-08 00:00:00-04:00,37.91999816894531,37.91999816894531,37.63100051879883,37.63999938964844,76800,0.0,0.0,0.0
2024-07-09 00:00:00-04:00,37.689998626708984,37.689998626708984,37.41999816894531,37.529998779296875,74700,0.0,0.0,0.0
2024-07-10 00:00:00-04:00,37.810001373291016,38.11000061035156,37.77000045776367,38.09000015258789,52500,0.0,0.0,0.0
2024-07-11 00:00:00-04:00,38.349998474121094,38.45000076293945,38.22999954223633,38.25,97400,0.0,0.0,0.0
2024-07-12 00:00:00-04:00,38.56999969482422,38.880001068115234,38.56999969482422,38.709999084472656,46700,0.0,0.0,0.0
2024-07-15 00:00:00-04:00,38.529998779296875,38.58000183105469,38.255001068115234,38.290000915527344,47800,0.0,0.0,0.0
2024-07-16 00:00:00-04:00,38.209999084472656,38.52000045776367,38.209999084472656,38.52000045776367,42100,0.0,0.0,0.0
2024-07-17 00:00:00-04:00,38.189998626708984,38.22800064086914,38.040000915527344,38.060001373291016,85000,0.0,0.0,0.0
2024-07-18 00:00:00-04:00,38.2400016784668,38.2400016784668,37.61199951171875,37.70000076293945,41300,0.0,0.0,0.0
2024-07-19 00:00:00-04:00,37.56999969482422,37.60499954223633,37.45000076293945,37.48400115966797,20200,0.0,0.0,0.0
2024-07-22 00:00:00-04:00,37.83000183105469,37.95000076293945,37.779998779296875,37.93000030517578,81500,0.0,0.0,0.0
2024-07-23 00:00:00-04:00,37.72999954223633,37.72999954223633,37.560001373291016,37.56999969482422,37300,0.0,0.0,0.0
2024-07-24 00:00:00-04:00,37.459999084472656,37.459999084472656,37.025001525878906,37.029998779296875,64000,0.0,0.0,0.0
2024-07-25 00:00:00-04:00,36.7400016784668,37.119998931884766,36.56999969482422,36.810001373291016,54100,0.0,0.0,0.0
2024-07-26 00:00:00-04:00,37.11000061035156,37.43000030517578,37.11000061035156,37.31999969482422,100900,0.0,0.0,0.0
2024-07-29 00:00:00-04:00,37.22999954223633,37.2400016784668,37.071998596191406,37.119998931884766,79200,0.0,0.0,0.0
2024-07-30 00:00:00-04:00,37.290000915527344,37.290000915527344,37.04999923706055,37.209999084472656,34400,0.0,0.0,0.0
2024-07-31 00:00:00-04:00,37.77000045776367,37.84000015258789,37.60300064086914,37.7599983215332,91300,0.0,0.0,0.0
2024-08-01 00:00:00-04:00,37.439998626708984,37.54999923706055,36.73500061035156,36.95000076293945,93000,0.0,0.0,0.0
2024-08-02 00:00:00-04:00,36.470001220703125,36.534000396728516,36.1349983215332,36.41999816894531,58000,0.0,0.0,0.0
2024-08-05 00:00:00-04:00,34.93000030517578,35.900001525878906,34.93000030517578,35.72999954223633,97900,0.0,0.0,0.0
2024-08-06 00:00:00-04:00,35.45000076293945,35.98500061035156,35.43000030517578,35.7599983215332,119600,0.0,0.0,0.0
2024-08-07 00:00:00-04:00,36.279998779296875,36.41600036621094,35.810001373291016,35.86000061035156,87600,0.0,0.0,0.0
2024-08-08 00:00:00-04:00,36.18000030517578,36.58000183105469,36.16999816894531,36.58000183105469,72000,0.0,0.0,0.0
2024-08-09 00:00:00-04:00,36.369998931884766,36.66999816894531,36.36000061035156,36.66999816894531,56700,0.0,0.0,0.0
2024-08-12 00:00:00-04:00,36.599998474121094,36.709999084472656,36.5,36.619998931884766,60600,0.0,0.0,0.0
2024-08-13 00:00:00-04:00,36.79999923706055,37.290000915527344,36.79999923706055,37.2599983215332,52200,0.0,0.0,0.0
2024-08-14 00:00:00-04:00,37.369998931884766,37.47999954223633,37.32600021362305,37.43000030517578,46200,0.0,0.0,0.0
2024-08-15 00:00:00-04:00,37.75,37.915000915527344,37.724998474121094,37.900001525878906,47800,0.0,0.0,0.0
2024-08-16 00:00:00-04:00,37.900001525878906,38.09000015258789,37.900001525878906,38.08000183105469,66000,0.0,0.0,0.0
2024-08-19 00:00:00-04:00,38.27000045776367,38.560001373291016,38.2599983215332,38.560001373291016,45500,0.0,0.0,0.0
2024-08-20 00:00:00-04:00,38.5099983215332,38.61000061035156,38.45399856567383,38.560001373291016,35900,0.0,0.0,0.0
2024-08-21 00:00:00-04:00,38.77000045776367,38.970001220703125,38.685001373291016,38.959999084472656,46300,0.0,0.0,0.0
2024-08-22 00:00:00-04:00,39.130001068115234,39.130001068115234,38.65999984741211,38.709999084472656,81200,0.0,0.0,0.0
2024-08-23 00:00:00-04:00,38.939998626708984,39.39500045776367,38.939998626708984,39.380001068115234,46900,0.0,0.0,0.0
2024-08-26 00:00:00-04:00,39.29999923706055,39.34000015258789,39.189998626708984,39.25,52700,0.0,0.0,0.0
2024-08-27 00:00:00-04:00,39.16999816894531,39.380001068115234,39.15999984741211,39.34000015258789,46100,0.0,0.0,0.0
2024-08-28 00:00:00-04:00,39.22999954223633,39.290000915527344,38.9630012512207,39.11000061035156,44200,0.0,0.0,0.0
2024-08-29 00:00:00-04:00,39.279998779296875,39.4900016784668,39.209999084472656,39.220001220703125,31800,0.0,0.0,0.0
2024-08-30 00:00:00-04:00,39.369998931884766,39.45000076293945,39.119998931884766,39.29999923706055,36300,0.0,0.0,0.0
2024-09-03 00:00:00-04:00,39.0099983215332,39.02000045776367,38.400001525878906,38.5,47400,0.0,0.0,0.0
2024-09-04 00:00:00-04:00,38.13999938964844,38.38999938964844,38.11000061035156,38.27000045776367,49300,0.0,0.0,0.0
2024-09-05 00:00:00-04:00,37.95000076293945,38.040000915527344,37.810001373291016,37.93000030517578,110900,0.0,0.0,0.0
2024-09-06 00:00:00-04:00,37.91999816894531,37.91999816894531,37.244998931884766,37.290000915527344,45100,0.0,0.0,0.0
2024-09-09 00:00:00-04:00,37.4900016784668,37.70000076293945,37.483001708984375,37.540000915527344,46100,0.0,0.0,0.0
2024-09-10 00:00:00-04:00,37.459999084472656,37.5099983215332,37.18000030517578,37.4900016784668,57400,0.0,0.0,0.0
2024-09-11 00:00:00-04:00,37.58000183105469,37.790000915527344,37.25,37.7599983215332,95500,0.0,0.0,0.0
2024-09-12 00:00:00-04:00,37.79999923706055,38.150001525878906,37.79999923706055,38.150001525878906,25400,0.0,0.0,0.0
2024-09-13 00:00:00-04:00,38.20000076293945,38.29999923706055,38.11399841308594,38.20000076293945,43400,0.0,0.0,0.0
