Date,Open,High,Low,Close,Volume,Dividends,Stock Splits,Capital Gains
2015-05-01 00:00:00-04:00,21.472721099853516,21.472721099853516,21.472721099853516,21.472721099853516,400,0.0,0.0,0.0
2015-05-04 00:00:00-04:00,21.5329647064209,21.5329647064209,21.5329647064209,21.5329647064209,100,0.0,0.0,0.0
2015-05-05 00:00:00-04:00,21.446899876827192,21.446899876827192,21.326412200927734,21.326412200927734,5600,0.0,0.0,0.0
2015-05-06 00:00:00-04:00,21.352227850698963,21.360834346879557,21.30059051513672,21.30059051513672,5700,0.0,0.0,0.0
2015-05-07 00:00:00-04:00,21.515748977661133,21.515748977661133,21.515748977661133,21.515748977661133,100,0.0,0.0,0.0
2015-05-08 00:00:00-04:00,21.782545376580757,21.808364868164062,21.77393887938632,21.808364868164062,800,0.0,0.0,0.0
2015-05-11 00:00:00-04:00,21.799759431939453,21.81697242716606,21.765335083007812,21.765335083007812,3300,0.0,0.0,0.0
2015-05-12 00:00:00-04:00,21.75672723999987,21.78254508972168,21.68787690487259,21.78254508972168,2000,0.0,0.0,0.0
2015-05-13 00:00:00-04:00,22.075156310837244,22.075156310837244,22.03212547302246,22.03212547302246,200,0.0,0.0,0.0
2015-05-14 00:00:00-04:00,22.18704635004233,22.24729019923502,22.18704635004233,22.238683700561523,1700,0.0,0.0,0.0
2015-05-15 00:00:00-04:00,22.238683700561523,22.238683700561523,22.238683700561523,22.238683700561523,0,0.0,0.0,0.0
2015-05-18 00:00:00-04:00,22.238683700561523,22.238683700561523,22.238683700561523,22.238683700561523,0,0.0,0.0,0.0
2015-05-19 00:00:00-04:00,22.238683700561523,22.238683700561523,22.238683700561523,22.238683700561523,0,0.0,0.0,0.0
2015-05-20 00:00:00-04:00,22.16983413696289,22.16983413696289,22.16983413696289,22.16983413696289,100,0.0,0.0,0.0
2015-05-21 00:00:00-04:00,22.281709671020508,22.281709671020508,22.281709671020508,22.281709671020508,100,0.0,0.0,0.0
2015-05-22 00:00:00-04:00,22.290315628051758,22.290315628051758,22.290315628051758,22.290315628051758,200,0.0,0.0,0.0
2015-05-26 00:00:00-04:00,21.989101622447482,21.989101622447482,21.823000947442335,21.84279441833496,1800,0.0,0.0,0.0
2015-05-27 00:00:00-04:00,21.84279441833496,21.84279441833496,21.84279441833496,21.84279441833496,0,0.0,0.0,0.0
2015-05-28 00:00:00-04:00,21.84279441833496,21.84279441833496,21.84279441833496,21.84279441833496,0,0.0,0.0,0.0
2015-05-29 00:00:00-04:00,21.84279441833496,21.84279441833496,21.84279441833496,21.84279441833496,0,0.0,0.0,0.0
2015-06-01 00:00:00-04:00,21.860000610351562,21.860000610351562,21.860000610351562,21.860000610351562,3100,0.0,0.0,0.0
2015-06-02 00:00:00-04:00,22.057947158813477,22.057947158813477,22.057947158813477,22.057947158813477,400,0.0,0.0,0.0
2015-06-03 00:00:00-04:00,22.178438186645508,22.178438186645508,22.178438186645508,22.178438186645508,7400,0.0,0.0,0.0
2015-06-04 00:00:00-04:00,22.178438186645508,22.178438186645508,22.178438186645508,22.178438186645508,0,0.0,0.0,0.0
2015-06-05 00:00:00-04:00,21.66205816289295,21.687877655029297,21.66205816289295,21.687877655029297,1200,0.0,0.0,0.0
2015-06-08 00:00:00-04:00,21.70508959971469,21.765335083007812,21.696483102101386,21.765335083007812,5700,0.0,0.0,0.0
2015-06-09 00:00:00-04:00,21.66205846858486,21.756728299565903,21.653451971084625,21.73951530456543,33400,0.0,0.0,0.0
2015-06-10 00:00:00-04:00,21.95209172003388,22.0751615210919,21.95209172003388,22.06655502319336,6000,0.0,0.0,0.0
2015-06-11 00:00:00-04:00,22.109586715698242,22.13540456694157,22.109586715698242,22.109586715698242,600,0.0,0.0,0.0
2015-06-12 00:00:00-04:00,22.03212547302246,22.03212547302246,21.99425721951101,22.03212547302246,3200,0.0,0.0,0.0
2015-06-15 00:00:00-04:00,21.782543245380378,21.868606567382812,21.782543245380378,21.868606567382812,4000,0.0,0.0,0.0
2015-06-16 00:00:00-04:00,21.808365694534086,21.825578689575195,21.808365694534086,21.825578689575195,900,0.0,0.0,0.0
2015-06-17 00:00:00-04:00,21.791153239342634,21.816972732543945,21.696483405792748,21.816972732543945,2100,0.0,0.0,0.0
2015-06-18 00:00:00-04:00,21.971886291015746,22.41080782395739,21.946066797952735,22.07516098022461,2500,0.0,0.0,0.0
2015-06-19 00:00:00-04:00,21.954673246063486,21.989097595214844,21.954673246063486,21.989097595214844,1400,0.0,0.0,0.0
2015-06-22 00:00:00-04:00,22.23007308019545,22.23007308019545,22.187042236328125,22.187042236328125,3600,0.0,0.0,0.0
2015-06-23 00:00:00-04:00,22.264501571655273,22.273106428178988,22.255895073609906,22.264501571655273,1000,0.0,0.0,0.0
2015-06-24 00:00:00-04:00,22.083768844604492,22.083768844604492,22.083768844604492,22.083768844604492,400,0.0,0.0,0.0
2015-06-25 00:00:00-04:00,22.134777069091797,22.134777069091797,22.134777069091797,22.134777069091797,600,0.119,0.0,0.0
2015-06-26 00:00:00-04:00,22.134777069091797,22.134777069091797,22.134777069091797,22.134777069091797,0,0.0,0.0,0.0
2015-06-29 00:00:00-04:00,22.022374931592008,22.022374931592008,21.615994822627638,21.62464141845703,3100,0.0,0.0,0.0
2015-06-30 00:00:00-04:00,21.771634319438526,21.830428873232748,21.68516999414955,21.782875061035156,9700,0.0,0.0,0.0
2015-07-01 00:00:00-04:00,22.22988939260927,22.22988939260927,21.858095648420857,21.87538719177246,14400,0.0,0.0,0.0
2015-07-02 00:00:00-04:00,21.87538719177246,21.87538719177246,21.87538719177246,21.87538719177246,0,0.0,0.0,0.0
2015-07-06 00:00:00-04:00,21.788925170898438,21.788925170898438,21.788925170898438,21.788925170898438,0,0.0,0.0,0.0
2015-07-07 00:00:00-04:00,21.788925170898438,21.788925170898438,21.788925170898438,21.788925170898438,0,0.0,0.0,0.0
2015-07-08 00:00:00-04:00,20.95973155534544,20.95973155534544,20.91563606262207,20.91563606262207,1200,0.0,0.0,0.0
2015-07-09 00:00:00-04:00,21.1404422640554,22.636268615722656,21.097209287632708,22.636268615722656,3500,0.0,0.0,0.0
2015-07-10 00:00:00-04:00,21.52088503517456,21.555471420288086,21.52088503517456,21.555471420288086,700,0.0,0.0,0.0
2015-07-13 00:00:00-04:00,21.849449052160253,21.87538719177246,21.849449052160253,21.87538719177246,3500,0.0,0.0,0.0
2015-07-14 00:00:00-04:00,21.91862476693879,22.005089098497063,21.91862476693879,21.944562911987305,8100,0.0,0.0,0.0
2015-07-15 00:00:00-04:00,21.944562911987305,21.953209510060127,21.944562911987305,21.944562911987305,2000,0.0,0.0,0.0
2015-07-16 00:00:00-04:00,22.013731846842404,22.013731846842404,22.00508689880371,22.00508689880371,1000,0.0,0.0,0.0
2015-07-17 00:00:00-04:00,22.005084148500778,22.013729095458984,22.005084148500778,22.013729095458984,3100,0.0,0.0,0.0
2015-07-20 00:00:00-04:00,22.0604190826416,22.0604190826416,22.0604190826416,22.0604190826416,100,0.0,0.0,0.0
2015-07-21 00:00:00-04:00,22.013729095458984,22.013729095458984,22.013729095458984,22.013729095458984,200,0.0,0.0,0.0
2015-07-22 00:00:00-04:00,21.909970862679735,21.996435165405273,21.880572768869335,21.996435165405273,13800,0.0,0.0,0.0
2015-07-23 00:00:00-04:00,21.91862257588867,22.00508689880371,21.91862257588867,22.00508689880371,3900,0.0,0.0,0.0
2015-07-24 00:00:00-04:00,21.76298601005375,21.84080373177548,21.745692816522322,21.832157135009766,14400,0.0,0.0,0.0
2015-07-27 00:00:00-04:00,21.615996880601504,21.86674323601793,21.615996880601504,21.650583267211914,17100,0.0,0.0,0.0
2015-07-28 00:00:00-04:00,21.650583267211914,21.650583267211914,21.650583267211914,21.650583267211914,0,0.0,0.0,0.0
2015-07-29 00:00:00-04:00,21.892681873039894,21.944559804961727,21.8840352761913,21.936779022216797,6600,0.0,0.0,0.0
2015-07-30 00:00:00-04:00,21.7802791595459,21.7802791595459,21.7802791595459,21.7802791595459,200,0.0,0.0,0.0
2015-07-31 00:00:00-04:00,22.031023025512695,22.031023025512695,22.031023025512695,22.031023025512695,800,0.0,0.0,0.0
2015-08-03 00:00:00-04:00,21.970495223999023,21.970495223999023,21.970495223999023,21.970495223999023,400,0.0,0.0,0.0
2015-08-04 00:00:00-04:00,22.29041730785195,22.29041730785195,22.039670944213867,22.039670944213867,700,0.0,0.0,0.0
2015-08-05 00:00:00-04:00,22.368234634399414,22.368234634399414,22.368234634399414,22.368234634399414,1200,0.0,0.0,0.0
2015-08-06 00:00:00-04:00,22.2990617715656,22.2990617715656,21.961851119995117,21.961851119995117,1400,0.0,0.0,0.0
2015-08-07 00:00:00-04:00,21.961851119995117,21.961851119995117,21.961851119995117,21.961851119995117,0,0.0,0.0,0.0
2015-08-10 00:00:00-04:00,22.11749018225685,22.126136779785156,22.11749018225685,22.126136779785156,500,0.0,0.0,0.0
2015-08-11 00:00:00-04:00,21.858097076416016,21.858097076416016,21.858097076416016,21.858097076416016,400,0.0,0.0,0.0
2015-08-12 00:00:00-04:00,21.858097076416016,21.858097076416016,21.858097076416016,21.858097076416016,0,0.0,0.0,0.0
2015-08-13 00:00:00-04:00,21.987789154052734,21.987789154052734,21.987789154052734,21.987789154052734,300,0.0,0.0,0.0
2015-08-14 00:00:00-04:00,22.039670944213867,22.039670944213867,22.039670944213867,22.039670944213867,400,0.0,0.0,0.0
2015-08-17 00:00:00-04:00,22.039670944213867,22.039670944213867,22.039670944213867,22.039670944213867,0,0.0,0.0,0.0
2015-08-18 00:00:00-04:00,22.039670944213867,22.039670944213867,22.039670944213867,22.039670944213867,0,0.0,0.0,0.0
2015-08-19 00:00:00-04:00,21.745692188318806,21.858096293856192,21.73704559180288,21.788925170898438,1100,0.0,0.0,0.0
2015-08-20 00:00:00-04:00,21.451716899797717,21.451716899797717,21.434425354003906,21.434425354003906,1700,0.0,0.0,0.0
2015-08-21 00:00:00-04:00,20.846466515478824,21.053979873657227,20.837819919408528,21.053979873657227,3100,0.0,0.0,0.0
2015-08-24 00:00:00-04:00,20.846467671897322,20.846467671897322,20.180694580078125,20.180694580078125,4700,0.0,0.0,0.0
2015-08-25 00:00:00-04:00,20.48331685155404,20.48331685155404,20.44873046875,20.44873046875,500,0.0,0.0,0.0
2015-08-26 00:00:00-04:00,20.483318328857422,20.483318328857422,20.483318328857422,20.483318328857422,1500,0.0,0.0,0.0
2015-08-27 00:00:00-04:00,20.97356699425849,21.097210178627286,20.96665037740652,21.040143966674805,19700,0.0,0.0,0.0
2015-08-28 00:00:00-04:00,21.040143966674805,21.040143966674805,21.040143966674805,21.040143966674805,0,0.0,0.0,0.0
2015-08-31 00:00:00-04:00,21.05398310231077,21.06262969970703,21.05398310231077,21.06262969970703,2300,0.0,0.0,0.0
2015-09-01 00:00:00-04:00,21.06262969970703,21.06262969970703,21.06262969970703,21.06262969970703,0,0.0,0.0,0.0
2015-09-02 00:00:00-04:00,20.561133068948866,20.638950775431294,20.561133068948866,20.6043643951416,4500,0.0,0.0,0.0
2015-09-03 00:00:00-04:00,20.716771493802494,20.751357881873766,20.699479948936613,20.725418090820312,4300,0.0,0.0,0.0
2015-09-04 00:00:00-04:00,20.44873046875,20.44873046875,20.44873046875,20.44873046875,900,0.0,0.0,0.0
2015-09-08 00:00:00-04:00,20.44873046875,20.44873046875,20.44873046875,20.44873046875,0,0.0,0.0,0.0
2015-09-09 00:00:00-04:00,20.89056495967074,20.89056495967074,20.63895606994629,20.63895606994629,500,0.0,0.0,0.0
2015-09-10 00:00:00-04:00,20.63895606994629,20.63895606994629,20.63895606994629,20.63895606994629,0,0.0,0.0,0.0
2015-09-11 00:00:00-04:00,20.96751594543457,20.96751594543457,20.96751594543457,20.96751594543457,800,0.0,0.0,0.0
2015-09-14 00:00:00-04:00,20.898346532848162,20.898346532848162,20.889699935913086,20.889699935913086,2600,0.0,0.0,0.0
2015-09-15 00:00:00-04:00,20.889699935913086,20.889699935913086,20.889699935913086,20.889699935913086,0,0.0,0.0,0.0
2015-09-16 00:00:00-04:00,21.149091720581055,21.149091720581055,21.149091720581055,21.149091720581055,900,0.0,0.0,0.0
2015-09-17 00:00:00-04:00,21.149091720581055,21.149091720581055,21.149091720581055,21.149091720581055,0,0.0,0.0,0.0
2015-09-18 00:00:00-04:00,21.149091720581055,21.149091720581055,21.149091720581055,21.149091720581055,0,0.0,0.0,0.0
2015-09-21 00:00:00-04:00,21.149091720581055,21.149091720581055,21.149091720581055,21.149091720581055,0,0.0,0.0,0.0
2015-09-22 00:00:00-04:00,20.621660232543945,20.621660232543945,20.621660232543945,20.621660232543945,200,0.0,0.0,0.0
2015-09-23 00:00:00-04:00,20.422791953276427,20.535194396972656,20.422791953276427,20.535194396972656,1100,0.0,0.0,0.0
2015-09-24 00:00:00-04:00,20.535194396972656,20.535194396972656,20.535194396972656,20.535194396972656,0,0.0,0.0,0.0
2015-09-25 00:00:00-04:00,20.535194396972656,20.535194396972656,20.535194396972656,20.535194396972656,0,0.0,0.0,0.0
2015-09-28 00:00:00-04:00,20.535194396972656,20.535194396972656,20.535194396972656,20.535194396972656,0,0.0,0.0,0.0
2015-09-29 00:00:00-04:00,20.24986457824707,20.24986457824707,20.24986457824707,20.24986457824707,300,0.0,0.0,0.0
2015-09-30 00:00:00-04:00,20.24986457824707,20.24986457824707,20.24986457824707,20.24986457824707,0,0.0,0.0,0.0
2015-10-01 00:00:00-04:00,20.57842254638672,20.57842254638672,20.57842254638672,20.57842254638672,1500,0.0,0.0,0.0
2015-10-02 00:00:00-04:00,20.57842254638672,20.57842254638672,20.57842254638672,20.57842254638672,0,0.0,0.0,0.0
2015-10-05 00:00:00-04:00,20.57842254638672,20.57842254638672,20.57842254638672,20.57842254638672,0,0.0,0.0,0.0
2015-10-06 00:00:00-04:00,21.216531051655966,21.252845764160156,21.216531051655966,21.252845764160156,200,0.0,0.0,0.0
2015-10-07 00:00:00-04:00,21.252845764160156,21.252845764160156,21.252845764160156,21.252845764160156,0,0.0,0.0,0.0
2015-10-08 00:00:00-04:00,21.296077728271484,21.296077728271484,21.296077728271484,21.296077728271484,100,0.0,0.0,0.0
2015-10-09 00:00:00-04:00,21.296077728271484,21.296077728271484,21.296077728271484,21.296077728271484,0,0.0,0.0,0.0
2015-10-12 00:00:00-04:00,21.296077728271484,21.296077728271484,21.296077728271484,21.296077728271484,0,0.0,0.0,0.0
2015-10-13 00:00:00-04:00,21.296077728271484,21.296077728271484,21.296077728271484,21.296077728271484,0,0.0,0.0,0.0
2015-10-14 00:00:00-04:00,21.071273803710938,21.071273803710938,21.071273803710938,21.071273803710938,1400,0.0,0.0,0.0
2015-10-15 00:00:00-04:00,21.071273803710938,21.071273803710938,21.071273803710938,21.071273803710938,0,0.0,0.0,0.0
2015-10-16 00:00:00-04:00,21.20702362060547,21.20702362060547,21.20702362060547,21.20702362060547,200,0.0,0.0,0.0
2015-10-19 00:00:00-04:00,21.26581557162111,21.270139694213867,21.2493881936095,21.270139694213867,1300,0.0,0.0,0.0
2015-10-20 00:00:00-04:00,21.270139694213867,21.270139694213867,21.270139694213867,21.270139694213867,0,0.0,0.0,0.0
2015-10-21 00:00:00-04:00,21.270139694213867,21.270139694213867,21.270139694213867,21.270139694213867,0,0.0,0.0,0.0
2015-10-22 00:00:00-04:00,21.270139694213867,21.270139694213867,21.270139694213867,21.270139694213867,0,0.0,0.0,0.0
2015-10-23 00:00:00-04:00,21.408484826765143,21.417131423950195,21.408484826765143,21.417131423950195,2500,0.0,0.0,0.0
2015-10-26 00:00:00-04:00,21.335853291031505,21.356604792400763,21.330665003396785,21.339311599731445,1300,0.0,0.0,0.0
2015-10-27 00:00:00-04:00,21.166381786407655,21.166381786407655,21.114503860473633,21.114503860473633,700,0.0,0.0,0.0
2015-10-28 00:00:00-04:00,21.114503860473633,21.114503860473633,21.114503860473633,21.114503860473633,0,0.0,0.0,0.0
2015-10-29 00:00:00-04:00,21.114503860473633,21.114503860473633,21.114503860473633,21.114503860473633,0,0.0,0.0,0.0
2015-10-30 00:00:00-04:00,21.218262303631974,21.218262303631974,21.20961570739746,21.20961570739746,2800,0.0,0.0,0.0
2015-11-02 00:00:00-05:00,21.226910125222222,21.35660743713379,21.226910125222222,21.35660743713379,5700,0.0,0.0,0.0
2015-11-03 00:00:00-05:00,21.35660743713379,21.35660743713379,21.35660743713379,21.35660743713379,0,0.0,0.0,0.0
2015-11-04 00:00:00-05:00,21.149090011404024,21.22690773010254,21.149090011404024,21.22690773010254,3400,0.0,0.0,0.0
2015-11-05 00:00:00-05:00,21.22690773010254,21.22690773010254,21.22690773010254,21.22690773010254,0,0.0,0.0,0.0
2015-11-06 00:00:00-05:00,21.22690773010254,21.22690773010254,21.22690773010254,21.22690773010254,0,0.0,0.0,0.0
2015-11-09 00:00:00-05:00,21.183675749148208,21.183675749148208,20.94157600402832,20.94157600402832,1000,0.0,0.0,0.0
2015-11-10 00:00:00-05:00,20.94157600402832,20.94157600402832,20.94157600402832,20.94157600402832,0,0.0,0.0,0.0
2015-11-11 00:00:00-05:00,20.94157600402832,20.94157600402832,20.94157600402832,20.94157600402832,0,0.0,0.0,0.0
2015-11-12 00:00:00-05:00,20.984810145747993,20.984810145747993,20.954547882080078,20.954547882080078,800,0.0,0.0,0.0
2015-11-13 00:00:00-05:00,20.95886739055424,20.95886739055424,20.898342871781423,20.91563606262207,1400,0.0,0.0,0.0
2015-11-16 00:00:00-05:00,21.126611709594727,21.126611709594727,21.126611709594727,21.126611709594727,200,0.0,0.0,0.0
2015-11-17 00:00:00-05:00,21.126611709594727,21.126611709594727,21.126611709594727,21.126611709594727,0,0.0,0.0,0.0
2015-11-18 00:00:00-05:00,21.126611709594727,21.126611709594727,21.126611709594727,21.126611709594727,0,0.0,0.0,0.0
2015-11-19 00:00:00-05:00,21.391189575195312,21.391189575195312,21.391189575195312,21.391189575195312,3000,0.0,0.0,0.0
2015-11-20 00:00:00-05:00,21.4776554107666,21.4776554107666,21.4776554107666,21.4776554107666,800,0.0,0.0,0.0
2015-11-23 00:00:00-05:00,21.3946475982666,21.3946475982666,21.3946475982666,21.3946475982666,200,0.0,0.0,0.0
2015-11-24 00:00:00-05:00,21.344499588012695,21.344499588012695,21.344499588012695,21.344499588012695,300,0.0,0.0,0.0
2015-11-25 00:00:00-05:00,21.344499588012695,21.344499588012695,21.344499588012695,21.344499588012695,0,0.0,0.0,0.0
2015-11-27 00:00:00-05:00,21.23555564880371,21.23555564880371,21.23555564880371,21.23555564880371,0,0.0,0.0,0.0
2015-11-30 00:00:00-05:00,21.23555564880371,21.23555564880371,21.23555564880371,21.23555564880371,0,0.0,0.0,0.0
2015-12-01 00:00:00-05:00,21.23555564880371,21.23555564880371,21.23555564880371,21.23555564880371,0,0.0,0.0,0.0
2015-12-02 00:00:00-05:00,21.23555564880371,21.23555564880371,21.23555564880371,21.23555564880371,0,0.0,0.0,0.0
2015-12-03 00:00:00-05:00,21.23555564880371,21.23555564880371,21.23555564880371,21.23555564880371,0,0.0,0.0,0.0
2015-12-04 00:00:00-05:00,21.23555564880371,21.23555564880371,21.23555564880371,21.23555564880371,0,0.0,0.0,0.0
2015-12-07 00:00:00-05:00,21.23555564880371,21.23555564880371,21.23555564880371,21.23555564880371,0,0.0,0.0,0.0
2015-12-08 00:00:00-05:00,21.70246124267578,21.70246124267578,21.70246124267578,21.70246124267578,400,0.0,0.0,0.0
2015-12-09 00:00:00-05:00,21.650583267211914,21.650583267211914,21.650583267211914,21.650583267211914,1000,0.0,0.0,0.0
2015-12-10 00:00:00-05:00,21.71110725402832,21.71110725402832,21.71110725402832,21.71110725402832,200,0.0,0.0,0.0
2015-12-11 00:00:00-05:00,21.270138235074704,21.270138235074704,21.26235580444336,21.26235580444336,2000,0.0,0.0,0.0
2015-12-14 00:00:00-05:00,21.26235580444336,21.26235580444336,21.26235580444336,21.26235580444336,0,0.0,0.0,0.0
2015-12-15 00:00:00-05:00,21.26235580444336,21.26235580444336,21.26235580444336,21.26235580444336,0,0.0,0.0,0.0
2015-12-16 00:00:00-05:00,21.7111078393462,21.7111078393462,21.70246124267578,21.70246124267578,1200,0.0,0.0,0.0
2015-12-17 00:00:00-05:00,21.546825363270717,21.633289679048886,21.49494743347168,21.49494743347168,5100,0.0,0.0,0.0
2015-12-18 00:00:00-05:00,21.481975392204383,21.486299514770508,21.481975392204383,21.486299514770508,400,0.0,0.0,0.0
2015-12-21 00:00:00-05:00,21.700244903564453,21.700244903564453,21.700244903564453,21.700244903564453,0,0.245,0.0,0.0
2015-12-22 00:00:00-05:00,21.60418853021443,21.607681274414062,21.60418853021443,21.607681274414062,1600,0.0,0.0,0.0
2015-12-23 00:00:00-05:00,21.607681274414062,21.607681274414062,21.607681274414062,21.607681274414062,0,0.0,0.0,0.0
2015-12-24 00:00:00-05:00,21.66444343442011,21.73517608642578,21.66444343442011,21.73517608642578,1000,0.0,0.0,0.0
2015-12-28 00:00:00-05:00,21.666187305725373,21.67404556274414,21.666187305725373,21.67404556274414,3300,0.0,0.0,0.0
2015-12-29 00:00:00-05:00,21.936024119345554,21.94038963317871,21.936024119345554,21.94038963317871,1000,0.0,0.0,0.0
2015-12-30 00:00:00-05:00,21.9709529876709,21.9709529876709,21.9709529876709,21.9709529876709,300,0.0,0.0,0.0
2015-12-31 00:00:00-05:00,21.83123207092285,21.83123207092285,21.83123207092285,21.83123207092285,100,0.0,0.0,0.0
2016-01-04 00:00:00-05:00,21.83123207092285,21.83123207092285,21.83123207092285,21.83123207092285,0,0.0,0.0,0.0
2016-01-05 00:00:00-05:00,21.551792583402804,21.551792583402804,21.50114363194462,21.508129119873047,2300,0.0,0.0,0.0
2016-01-06 00:00:00-05:00,21.281085629163947,21.281085629163947,21.010377153867395,21.244407653808594,3200,0.0,0.0,0.0
2016-01-07 00:00:00-05:00,21.027841567993164,21.027841567993164,21.027841567993164,21.027841567993164,200,0.0,0.0,0.0
2016-01-08 00:00:00-05:00,20.957985071022804,20.957985071022804,20.79643440246582,20.79643440246582,900,0.0,0.0,0.0
2016-01-11 00:00:00-05:00,20.670684018399736,20.670684018399736,20.669811248779297,20.669811248779297,400,0.0,0.0,0.0
2016-01-12 00:00:00-05:00,20.739669799804688,20.739669799804688,20.739669799804688,20.739669799804688,200,0.0,0.0,0.0
2016-01-13 00:00:00-05:00,20.652346890659327,20.652346890659327,20.451499938964844,20.451499938964844,6900,0.0,0.0,0.0
2016-01-14 00:00:00-05:00,20.32924461364746,20.37290641307699,20.21572127018527,20.32924461364746,17300,0.0,0.0,0.0
2016-01-15 00:00:00-05:00,20.32924461364746,20.32924461364746,20.32924461364746,20.32924461364746,0,0.0,0.0,0.0
2016-01-19 00:00:00-05:00,19.665570794567994,19.665570794567994,19.630640029907227,19.630640029907227,400,0.0,0.0,0.0
2016-01-20 00:00:00-05:00,18.987933404252473,19.298810958862305,18.987933404252473,19.298810958862305,3800,0.0,0.0,0.0
2016-01-21 00:00:00-05:00,19.298810958862305,19.298810958862305,19.298810958862305,19.298810958862305,0,0.0,0.0,0.0
2016-01-22 00:00:00-05:00,19.79656410217285,19.79656410217285,19.79656410217285,19.79656410217285,300,0.0,0.0,0.0
2016-01-25 00:00:00-05:00,19.945014439204353,19.945014439204353,19.779096603393555,19.779096603393555,3000,0.0,0.0,0.0
2016-01-26 00:00:00-05:00,19.863801956176758,19.863801956176758,19.863801956176758,19.863801956176758,300,0.0,0.0,0.0
2016-01-27 00:00:00-05:00,19.863801956176758,19.863801956176758,19.863801956176758,19.863801956176758,0,0.0,0.0,0.0
2016-01-28 00:00:00-05:00,19.953746795654297,19.953746795654297,19.953746795654297,19.953746795654297,1200,0.0,0.0,0.0
2016-01-29 00:00:00-05:00,19.953746795654297,19.953746795654297,19.953746795654297,19.953746795654297,0,0.0,0.0,0.0
2016-02-01 00:00:00-05:00,19.953746795654297,19.953746795654297,19.953746795654297,19.953746795654297,0,0.0,0.0,0.0
2016-02-02 00:00:00-05:00,20.04107093811035,20.04107093811035,20.04107093811035,20.04107093811035,200,0.0,0.0,0.0
2016-02-03 00:00:00-05:00,20.04107093811035,20.04107093811035,20.04107093811035,20.04107093811035,0,0.0,0.0,0.0
2016-02-04 00:00:00-05:00,20.04107093811035,20.04107093811035,20.04107093811035,20.04107093811035,0,0.0,0.0,0.0
2016-02-05 00:00:00-05:00,20.04107093811035,20.04107093811035,20.04107093811035,20.04107093811035,0,0.0,0.0,0.0
2016-02-08 00:00:00-05:00,19.08923356196249,19.124162673950195,19.08923356196249,19.124162673950195,1400,0.0,0.0,0.0
2016-02-09 00:00:00-05:00,19.124162673950195,19.124162673950195,19.124162673950195,19.124162673950195,0,0.0,0.0,0.0
2016-02-10 00:00:00-05:00,19.124162673950195,19.124162673950195,19.124162673950195,19.124162673950195,0,0.0,0.0,0.0
2016-02-11 00:00:00-05:00,19.124162673950195,19.124162673950195,19.124162673950195,19.124162673950195,0,0.0,0.0,0.0
2016-02-12 00:00:00-05:00,18.746917724609375,18.746917724609375,18.746917724609375,18.746917724609375,400,0.0,0.0,0.0
2016-02-16 00:00:00-05:00,19.06303503415127,19.16782569885254,19.054302339960238,19.16782569885254,6500,0.0,0.0,0.0
2016-02-17 00:00:00-05:00,19.16782569885254,19.16782569885254,19.16782569885254,19.16782569885254,0,0.0,0.0,0.0
2016-02-18 00:00:00-05:00,19.16782569885254,19.16782569885254,19.16782569885254,19.16782569885254,0,0.0,0.0,0.0
2016-02-19 00:00:00-05:00,19.16782569885254,19.16782569885254,19.16782569885254,19.16782569885254,0,0.0,0.0,0.0
2016-02-22 00:00:00-05:00,19.68303956217396,19.68303956217396,19.674306869506836,19.674306869506836,300,0.0,0.0,0.0
2016-02-23 00:00:00-05:00,19.525856185353017,19.595716067396157,19.525856185353017,19.5607852935791,1400,0.0,0.0,0.0
2016-02-24 00:00:00-05:00,19.5607852935791,19.5607852935791,19.5607852935791,19.5607852935791,0,0.0,0.0,0.0
2016-02-25 00:00:00-05:00,19.84895994328029,19.84895994328029,19.72670555114746,19.72670555114746,900,0.0,0.0,0.0
2016-02-26 00:00:00-05:00,19.72670555114746,19.72670555114746,19.72670555114746,19.72670555114746,0,0.0,0.0,0.0
2016-02-29 00:00:00-05:00,19.700504879939633,19.77036476135254,19.700504879939633,19.77036476135254,600,0.0,0.0,0.0
2016-03-01 00:00:00-05:00,20.067266616514683,20.180789947509766,20.067266616514683,20.180789947509766,3500,0.0,0.0,0.0
2016-03-02 00:00:00-05:00,20.055042179921248,20.055042179921248,19.962478637695312,19.962478637695312,500,0.0,0.0,0.0
2016-03-03 00:00:00-05:00,19.962478637695312,19.962478637695312,19.962478637695312,19.962478637695312,0,0.0,0.0,0.0
2016-03-04 00:00:00-05:00,20.32924461364746,20.32924461364746,20.32924461364746,20.32924461364746,2300,0.0,0.0,0.0
2016-03-07 00:00:00-05:00,20.21572038897737,20.355440139770508,20.21572038897737,20.355440139770508,900,0.0,0.0,0.0
2016-03-08 00:00:00-05:00,20.172060012817383,20.172060012817383,20.172060012817383,20.172060012817383,100,0.0,0.0,0.0
2016-03-09 00:00:00-05:00,20.154592926889816,20.189523696899414,20.154592926889816,20.189523696899414,2800,0.0,0.0,0.0
2016-03-10 00:00:00-05:00,20.189523696899414,20.189523696899414,20.189523696899414,20.189523696899414,0,0.0,0.0,0.0
2016-03-11 00:00:00-05:00,20.43403434753418,20.43403434753418,20.43403434753418,20.43403434753418,2400,0.0,0.0,0.0
2016-03-14 00:00:00-04:00,20.730937751712197,20.792064934948534,20.7038669040517,20.713472366333008,1800,0.0,0.0,0.0
2016-03-15 00:00:00-04:00,20.608684613325632,20.608684613325632,20.582486533695686,20.606937408447266,700,0.0,0.0,0.0
2016-03-16 00:00:00-04:00,20.573755280903605,20.800800323486328,20.573755280903605,20.800800323486328,1400,0.0,0.0,0.0
2016-03-17 00:00:00-04:00,21.077619552612305,21.077619552612305,21.077619552612305,21.077619552612305,1100,0.0,0.0,0.0
2016-03-18 00:00:00-04:00,21.077619552612305,21.077619552612305,21.077619552612305,21.077619552612305,0,0.0,0.0,0.0
2016-03-21 00:00:00-04:00,21.077619552612305,21.077619552612305,21.077619552612305,21.077619552612305,0,0.0,0.0,0.0
2016-03-22 00:00:00-04:00,21.077619552612305,21.077619552612305,21.077619552612305,21.077619552612305,0,0.0,0.0,0.0
2016-03-23 00:00:00-04:00,21.077619552612305,21.077619552612305,21.077619552612305,21.077619552612305,0,0.0,0.0,0.0
2016-03-24 00:00:00-04:00,20.674175262451172,20.674175262451172,20.674175262451172,20.674175262451172,200,0.0,0.0,0.0
2016-03-28 00:00:00-04:00,20.957982376995123,20.957982376995123,20.73967006056809,20.747529983520508,3700,0.0,0.0,0.0
2016-03-29 00:00:00-04:00,20.747529983520508,20.747529983520508,20.747529983520508,20.747529983520508,0,0.0,0.0,0.0
2016-03-30 00:00:00-04:00,21.35443878173828,21.35443878173828,21.35443878173828,21.35443878173828,400,0.0,0.0,0.0
2016-03-31 00:00:00-04:00,21.35443878173828,21.35443878173828,21.35443878173828,21.35443878173828,0,0.0,0.0,0.0
2016-04-01 00:00:00-04:00,20.89685223766224,20.975444793701172,20.89685223766224,20.975444793701172,400,0.0,0.0,0.0
2016-04-04 00:00:00-04:00,20.975444793701172,20.975444793701172,20.975444793701172,20.975444793701172,0,0.0,0.0,0.0
2016-04-05 00:00:00-04:00,20.975444793701172,20.975444793701172,20.975444793701172,20.975444793701172,0,0.0,0.0,0.0
2016-04-06 00:00:00-04:00,20.696009635255226,20.81826400756836,20.696009635255226,20.81826400756836,500,0.0,0.0,0.0
2016-04-07 00:00:00-04:00,20.76587019662102,20.77460289001465,20.76587019662102,20.77460289001465,1200,0.0,0.0,0.0
2016-04-08 00:00:00-04:00,20.77460289001465,20.77460289001465,20.77460289001465,20.77460289001465,0,0.0,0.0,0.0
2016-04-11 00:00:00-04:00,20.988548278808594,20.988548278808594,20.988548278808594,20.988548278808594,300,0.0,0.0,0.0
2016-04-12 00:00:00-04:00,20.988548278808594,20.988548278808594,20.988548278808594,20.988548278808594,0,0.0,0.0,0.0
2016-04-13 00:00:00-04:00,20.988548278808594,20.988548278808594,20.988548278808594,20.988548278808594,0,0.0,0.0,0.0
2016-04-14 00:00:00-04:00,21.33348253815383,21.33348253815383,21.242664523033437,21.316017150878906,900,0.0,0.0,0.0
2016-04-15 00:00:00-04:00,21.316017150878906,21.316017150878906,21.316017150878906,21.316017150878906,0,0.0,0.0,0.0
2016-04-18 00:00:00-04:00,21.316017150878906,21.316017150878906,21.316017150878906,21.316017150878906,0,0.0,0.0,0.0
2016-04-19 00:00:00-04:00,21.316017150878906,21.316017150878906,21.316017150878906,21.316017150878906,0,0.0,0.0,0.0
2016-04-20 00:00:00-04:00,21.31601678193568,21.604189004620128,21.31601678193568,21.357933044433594,4300,0.0,0.0,0.0
2016-04-21 00:00:00-04:00,21.350942611694336,21.350942611694336,21.350942611694336,21.350942611694336,200,0.0,0.0,0.0
2016-04-22 00:00:00-04:00,21.350942611694336,21.350942611694336,21.350942611694336,21.350942611694336,0,0.0,0.0,0.0
2016-04-25 00:00:00-04:00,21.34221363412237,21.34221363412237,21.272353755843366,21.28370475769043,4000,0.0,0.0,0.0
2016-04-26 00:00:00-04:00,21.288074305419247,21.403343200683594,21.288074305419247,21.403343200683594,2200,0.0,0.0,0.0
2016-04-27 00:00:00-04:00,21.516861374662504,21.55179214477539,21.516861374662504,21.55179214477539,1700,0.0,0.0,0.0
2016-04-28 00:00:00-04:00,21.235679495336008,21.31077766418457,21.235679495336008,21.31077766418457,600,0.0,0.0,0.0
2016-04-29 00:00:00-04:00,21.31077766418457,21.31077766418457,21.31077766418457,21.31077766418457,0,0.0,0.0,0.0
2016-05-02 00:00:00-04:00,21.473203163398953,21.473203163398953,21.30728530883789,21.30728530883789,600,0.0,0.0,0.0
2016-05-03 00:00:00-04:00,21.30728530883789,21.30728530883789,21.30728530883789,21.30728530883789,0,0.0,0.0,0.0
2016-05-04 00:00:00-04:00,21.080236434936523,21.080236434936523,21.080236434936523,21.080236434936523,100,0.0,0.0,0.0
2016-05-05 00:00:00-04:00,21.080236434936523,21.080236434936523,21.080236434936523,21.080236434936523,0,0.0,0.0,0.0
2016-05-06 00:00:00-04:00,21.080236434936523,21.080236434936523,21.080236434936523,21.080236434936523,0,0.0,0.0,0.0
2016-05-09 00:00:00-04:00,21.001648152285075,21.019113540649414,21.001648152285075,21.019113540649414,2000,0.0,0.0,0.0
2016-05-10 00:00:00-04:00,21.019113540649414,21.019113540649414,21.019113540649414,21.019113540649414,0,0.0,0.0,0.0
2016-05-11 00:00:00-04:00,21.2496464717042,21.2496464717042,21.2374210357666,21.2374210357666,600,0.0,0.0,0.0
2016-05-12 00:00:00-04:00,21.350942611694336,21.350942611694336,21.350942611694336,21.350942611694336,700,0.0,0.0,0.0
2016-05-13 00:00:00-04:00,21.05404033985019,21.228689193725586,21.05404033985019,21.228689193725586,1800,0.0,0.0,0.0
2016-05-16 00:00:00-04:00,21.228689193725586,21.228689193725586,21.228689193725586,21.228689193725586,0,0.0,0.0,0.0
2016-05-17 00:00:00-04:00,21.45573616027832,21.45573616027832,21.45573616027832,21.45573616027832,200,0.0,0.0,0.0
2016-05-18 00:00:00-04:00,21.45573616027832,21.45573616027832,21.45573616027832,21.45573616027832,0,0.0,0.0,0.0
2016-05-19 00:00:00-04:00,21.45573616027832,21.45573616027832,21.45573616027832,21.45573616027832,100,0.0,0.0,0.0
2016-05-20 00:00:00-04:00,21.48193359375,21.48193359375,21.48193359375,21.48193359375,200,0.0,0.0,0.0
2016-05-23 00:00:00-04:00,21.48193359375,21.48193359375,21.48193359375,21.48193359375,0,0.0,0.0,0.0
2016-05-24 00:00:00-04:00,21.796304129456445,21.796304129456445,21.71771321614297,21.726444244384766,2400,0.0,0.0,0.0
2016-05-25 00:00:00-04:00,21.90982490985164,21.90982490985164,21.647850788005822,21.752639770507812,6300,0.0,0.0,0.0
2016-05-26 00:00:00-04:00,21.752639770507812,21.752639770507812,21.752639770507812,21.752639770507812,0,0.0,0.0,0.0
2016-05-27 00:00:00-04:00,21.752639770507812,21.752639770507812,21.752639770507812,21.752639770507812,0,0.0,0.0,0.0
2016-05-31 00:00:00-04:00,21.752639770507812,21.752639770507812,21.752639770507812,21.752639770507812,0,0.0,0.0,0.0
2016-06-01 00:00:00-04:00,21.962221145629883,21.962221145629883,21.962221145629883,21.962221145629883,200,0.0,0.0,0.0
2016-06-02 00:00:00-04:00,21.71771314177729,21.892362021062933,21.691515060368474,21.82250213623047,3400,0.0,0.0,0.0
2016-06-03 00:00:00-04:00,21.9971495706155,22.040811367865185,21.9971495706155,22.005882263183594,1100,0.0,0.0,0.0
2016-06-06 00:00:00-04:00,22.005882263183594,22.005882263183594,22.005882263183594,22.005882263183594,0,0.0,0.0,0.0
2016-06-07 00:00:00-04:00,22.005882263183594,22.005882263183594,22.005882263183594,22.005882263183594,0,0.0,0.0,0.0
2016-06-08 00:00:00-04:00,22.005882263183594,22.005882263183594,22.005882263183594,22.005882263183594,0,0.0,0.0,0.0
2016-06-09 00:00:00-04:00,22.38137848633582,22.38137848633582,22.198869705200195,22.198869705200195,900,0.0,0.0,0.0
2016-06-10 00:00:00-04:00,22.198869705200195,22.198869705200195,22.198869705200195,22.198869705200195,0,0.0,0.0,0.0
2016-06-13 00:00:00-04:00,21.377139195671365,21.38587188720703,21.377139195671365,21.38587188720703,400,0.0,0.0,0.0
2016-06-14 00:00:00-04:00,21.38587188720703,21.38587188720703,21.38587188720703,21.38587188720703,0,0.0,0.0,0.0
2016-06-15 00:00:00-04:00,21.394609633116854,21.394609633116854,21.167564596323064,21.185029983520508,900,0.0,0.0,0.0
2016-06-16 00:00:00-04:00,20.940520591618668,20.98418406176431,20.905591481093236,20.966718673706055,600,0.0,0.0,0.0
2016-06-17 00:00:00-04:00,21.176298285896618,21.298552670846668,21.01911312490879,21.297679901123047,10100,0.0,0.0,0.0
2016-06-20 00:00:00-04:00,21.297679901123047,21.297679901123047,21.297679901123047,21.297679901123047,0,0.0,0.0,0.0
2016-06-21 00:00:00-04:00,21.8050353204614,21.857431479847236,21.76137351989746,21.76137351989746,3700,0.0,0.0,0.0
2016-06-22 00:00:00-04:00,22.024751663208008,22.024751663208008,22.024751663208008,22.024751663208008,0,0.298,0.0,0.0
2016-06-23 00:00:00-04:00,22.024751663208008,22.024751663208008,22.024751663208008,22.024751663208008,0,0.0,0.0,0.0
2016-06-24 00:00:00-04:00,22.024751663208008,22.024751663208008,22.024751663208008,22.024751663208008,0,0.0,0.0,0.0
2016-06-27 00:00:00-04:00,20.31898303165444,20.31898303165444,20.06267659472344,20.10686683654785,3400,0.0,0.0,0.0
2016-06-28 00:00:00-04:00,20.458624228732997,20.587661604394444,20.458624228732997,20.54700469970703,900,0.0,0.0,0.0
2016-06-29 00:00:00-04:00,20.54700469970703,20.54700469970703,20.54700469970703,20.54700469970703,0,0.0,0.0,0.0
2016-06-30 00:00:00-04:00,21.087905615698247,21.087905615698247,21.01543186626421,21.07906723022461,1100,0.0,0.0,0.0
2016-07-01 00:00:00-04:00,21.21959114074707,21.21959114074707,21.21959114074707,21.21959114074707,300,0.0,0.0,0.0
2016-07-05 00:00:00-04:00,20.849275588989258,20.849275588989258,20.849275588989258,20.849275588989258,400,0.0,0.0,0.0
2016-07-06 00:00:00-04:00,20.681349666142943,20.681349666142943,20.65660285949707,20.65660285949707,500,0.0,0.0,0.0
2016-07-07 00:00:00-04:00,20.964168952195756,20.964168952195756,20.881975173950195,20.881975173950195,1100,0.0,0.0,0.0
2016-07-08 00:00:00-04:00,21.017196655273438,21.017196655273438,21.017196655273438,21.017196655273438,400,0.0,0.0,0.0
2016-07-11 00:00:00-04:00,21.44143055275666,21.56516456604004,21.44143055275666,21.56516456604004,5700,0.0,0.0,0.0
2016-07-12 00:00:00-04:00,21.55809726967906,21.741931647468196,21.55809726967906,21.73309326171875,800,0.0,0.0,0.0
2016-07-13 00:00:00-04:00,21.768444566624712,21.768444566624712,21.50329974386789,21.644710540771484,2600,0.0,0.0,0.0
2016-07-14 00:00:00-04:00,21.644710540771484,21.644710540771484,21.644710540771484,21.644710540771484,0,0.0,0.0,0.0
2016-07-15 00:00:00-04:00,21.2381534576416,21.2381534576416,21.2381534576416,21.2381534576416,600,0.0,0.0,0.0
2016-07-18 00:00:00-04:00,21.644710540771484,21.644710540771484,21.644710540771484,21.644710540771484,300,0.0,0.0,0.0
2016-07-19 00:00:00-04:00,21.644710540771484,21.644710540771484,21.644710540771484,21.644710540771484,0,0.0,0.0,0.0
2016-07-20 00:00:00-04:00,21.708341598510742,21.708341598510742,21.708341598510742,21.708341598510742,200,0.0,0.0,0.0
2016-07-21 00:00:00-04:00,21.55544418229162,21.600519440954834,21.39723995344891,21.406078338623047,1100,0.0,0.0,0.0
2016-07-22 00:00:00-04:00,21.580190658569336,21.580190658569336,21.580190658569336,21.580190658569336,100,0.0,0.0,0.0
2016-07-25 00:00:00-04:00,21.662384033203125,21.662384033203125,21.662384033203125,21.662384033203125,300,0.0,0.0,0.0
2016-07-26 00:00:00-04:00,21.757837295532227,21.757837295532227,21.757837295532227,21.757837295532227,1000,0.0,0.0,0.0
2016-07-27 00:00:00-04:00,21.95404458709362,21.95404458709362,21.89217758178711,21.89217758178711,1100,0.0,0.0,0.0
2016-07-28 00:00:00-04:00,22.00707162044367,22.04242515563965,22.00707162044367,22.04242515563965,900,0.0,0.0,0.0
2016-07-29 00:00:00-04:00,22.095457077026367,22.095457077026367,22.095457077026367,22.095457077026367,400,0.0,0.0,0.0
2016-08-01 00:00:00-04:00,22.307569330910752,22.307569330910752,22.1361083984375,22.1361083984375,9000,0.0,0.0,0.0
2016-08-02 00:00:00-04:00,22.219192965771793,22.219192965771793,22.217426300048828,22.217426300048828,300,0.0,0.0,0.0
2016-08-03 00:00:00-04:00,22.217426300048828,22.217426300048828,22.217426300048828,22.217426300048828,0,0.0,0.0,0.0
2016-08-04 00:00:00-04:00,22.070709228515625,22.070709228515625,22.070709228515625,22.070709228515625,200,0.0,0.0,0.0
2016-08-05 00:00:00-04:00,22.05126412666504,22.068939208984375,22.05126412666504,22.068939208984375,900,0.0,0.0,0.0
2016-08-08 00:00:00-04:00,22.130808976638527,22.130808976638527,22.042426817733528,22.104293823242188,2100,0.0,0.0,0.0
2016-08-09 00:00:00-04:00,21.839148738578636,22.228029251098633,21.839148738578636,22.228029251098633,1400,0.0,0.0,0.0
2016-08-10 00:00:00-04:00,22.228029251098633,22.228029251098633,22.228029251098633,22.228029251098633,0,0.0,0.0,0.0
2016-08-11 00:00:00-04:00,22.484333038330078,22.484333038330078,22.484333038330078,22.484333038330078,200,0.0,0.0,0.0
2016-08-12 00:00:00-04:00,22.484333038330078,22.484333038330078,22.484333038330078,22.484333038330078,0,0.0,0.0,0.0
2016-08-15 00:00:00-04:00,22.484333038330078,22.484333038330078,22.484333038330078,22.484333038330078,0,0.0,0.0,0.0
2016-08-16 00:00:00-04:00,22.484333038330078,22.484333038330078,22.484333038330078,22.484333038330078,0,0.0,0.0,0.0
2016-08-17 00:00:00-04:00,22.484333038330078,22.484333038330078,22.484333038330078,22.484333038330078,0,0.0,0.0,0.0
2016-08-18 00:00:00-04:00,22.431306838989258,22.431306838989258,22.431306838989258,22.431306838989258,200,0.0,0.0,0.0
2016-08-19 00:00:00-04:00,22.38711491462371,22.41451340016836,22.29873275756836,22.29873275756836,900,0.0,0.0,0.0
2016-08-22 00:00:00-04:00,22.3517655305894,22.387117385864258,22.3517655305894,22.387117385864258,600,0.0,0.0,0.0
2016-08-23 00:00:00-04:00,22.25454444466126,22.36944007873535,22.25454444466126,22.36944007873535,300,0.0,0.0,0.0
2016-08-24 00:00:00-04:00,22.458703994750977,22.458703994750977,22.458703994750977,22.458703994750977,100,0.0,0.0,0.0
2016-08-25 00:00:00-04:00,22.458703994750977,22.458703994750977,22.458703994750977,22.458703994750977,0,0.0,0.0,0.0
2016-08-26 00:00:00-04:00,22.458703994750977,22.458703994750977,22.458703994750977,22.458703994750977,0,0.0,0.0,0.0
2016-08-29 00:00:00-04:00,22.32525062561035,22.32525062561035,22.32525062561035,22.32525062561035,400,0.0,0.0,0.0
2016-08-30 00:00:00-04:00,22.020332012898223,22.25454330444336,22.020332012898223,22.25454330444336,1600,0.0,0.0,0.0
2016-08-31 00:00:00-04:00,22.095457077026367,22.095457077026367,22.095457077026367,22.095457077026367,200,0.0,0.0,0.0
2016-09-01 00:00:00-04:00,22.316408157348633,22.316408157348633,22.316408157348633,22.316408157348633,500,0.0,0.0,0.0
2016-09-02 00:00:00-04:00,22.316408157348633,22.316408157348633,22.316408157348633,22.316408157348633,0,0.0,0.0,0.0
2016-09-06 00:00:00-04:00,22.572719057337572,22.625747680664062,22.572719057337572,22.625747680664062,400,0.0,0.0,0.0
2016-09-07 00:00:00-04:00,22.625747680664062,22.625747680664062,22.625747680664062,22.625747680664062,100,0.0,0.0,0.0
2016-09-08 00:00:00-04:00,22.625747680664062,22.625747680664062,22.625747680664062,22.625747680664062,100,0.0,0.0,0.0
2016-09-09 00:00:00-04:00,22.28105926513672,22.28105926513672,22.28105926513672,22.28105926513672,700,0.0,0.0,0.0
2016-09-12 00:00:00-04:00,22.033587684658496,22.351762771606445,22.015910916328185,22.351762771606445,4100,0.0,0.0,0.0
2016-09-13 00:00:00-04:00,21.97172108575192,21.997351220278134,21.865662159566917,21.883338928222656,10700,0.0,0.0,0.0
2016-09-14 00:00:00-04:00,21.883338928222656,21.883338928222656,21.883338928222656,21.883338928222656,0,0.0,0.0,0.0
2016-09-15 00:00:00-04:00,21.883338928222656,21.883338928222656,21.883338928222656,21.883338928222656,0,0.0,0.0,0.0
2016-09-16 00:00:00-04:00,22.051269576996713,22.06010627746582,22.051269576996713,22.06010627746582,300,0.0,0.0,0.0
2016-09-19 00:00:00-04:00,22.170578393874504,22.170578393874504,22.148483276367188,22.148483276367188,400,0.0,0.0,0.0
2016-09-20 00:00:00-04:00,22.254542335569273,22.30757095505868,22.229795534090922,22.249238967895508,1900,0.0,0.0,0.0
2016-09-21 00:00:00-04:00,22.431306838989258,22.431306838989258,22.431306838989258,22.431306838989258,400,0.0,0.0,0.0
2016-09-22 00:00:00-04:00,22.431306838989258,22.431306838989258,22.431306838989258,22.431306838989258,0,0.0,0.0,0.0
2016-09-23 00:00:00-04:00,22.431306838989258,22.431306838989258,22.431306838989258,22.431306838989258,0,0.0,0.0,0.0
2016-09-26 00:00:00-04:00,22.70529231346726,22.70529231346726,22.661100387573242,22.661100387573242,300,0.0,0.0,0.0
2016-09-27 00:00:00-04:00,22.634585594336322,22.899730391198915,22.61690882501228,22.820186614990234,7700,0.0,0.0,0.0
2016-09-28 00:00:00-04:00,23.014625549316406,23.014625549316406,23.014625549316406,23.014625549316406,100,0.0,0.0,0.0
2016-09-29 00:00:00-04:00,22.749481201171875,22.749481201171875,22.749481201171875,22.749481201171875,100,0.0,0.0,0.0
2016-09-30 00:00:00-04:00,22.89973258972168,22.904152625351795,22.89973258972168,22.89973258972168,1200,0.0,0.0,0.0
2016-10-03 00:00:00-04:00,22.687613657571152,22.73180389404297,22.643423421099335,22.73180389404297,4000,0.0,0.0,0.0
2016-10-04 00:00:00-04:00,22.616024017333984,22.616024017333984,22.616024017333984,22.616024017333984,300,0.0,0.0,0.0
2016-10-05 00:00:00-04:00,22.616024017333984,22.616024017333984,22.616024017333984,22.616024017333984,0,0.0,0.0,0.0
2016-10-06 00:00:00-04:00,22.616024017333984,22.616024017333984,22.616024017333984,22.616024017333984,0,0.0,0.0,0.0
2016-10-07 00:00:00-04:00,22.616024017333984,22.616024017333984,22.616024017333984,22.616024017333984,0,0.0,0.0,0.0
2016-10-10 00:00:00-04:00,22.23686724322693,22.250123977661133,22.23686724322693,22.250123977661133,1800,0.0,0.0,0.0
2016-10-11 00:00:00-04:00,22.28989656162922,22.28989656162922,21.97172312504205,21.98409652709961,2500,0.0,0.0,0.0
2016-10-12 00:00:00-04:00,22.05126268887627,22.05126268887627,22.004419087973517,22.006187438964844,400,0.0,0.0,0.0
2016-10-13 00:00:00-04:00,21.945206235831048,22.095455399980896,21.883339230431016,22.094572067260742,16800,0.0,0.0,0.0
2016-10-14 00:00:00-04:00,22.01591327809471,22.060103517911603,22.01591327809471,22.024751663208008,1200,0.0,0.0,0.0
2016-10-17 00:00:00-04:00,22.157324011114234,22.157324011114234,21.927531056011485,21.944324493408203,2000,0.0,0.0,0.0
2016-10-18 00:00:00-04:00,22.174998428825614,22.174998428825614,22.148483276367188,22.148483276367188,1500,0.0,0.0,0.0
2016-10-19 00:00:00-04:00,22.254540808441114,22.28812599182129,22.254540808441114,22.28812599182129,900,0.0,0.0,0.0
2016-10-20 00:00:00-04:00,22.210351381487065,22.25454330444336,22.210351381487065,22.25454330444336,1500,0.0,0.0,0.0
2016-10-21 00:00:00-04:00,22.08661980984093,22.16969861128169,22.077781424272803,22.1396484375,1500,0.0,0.0,0.0
2016-10-24 00:00:00-04:00,22.616908690063703,22.616908690063703,22.263381734439804,22.395954132080078,3100,0.0,0.0,0.0
2016-10-25 00:00:00-04:00,22.298732136629614,22.298732136629614,22.007072206493234,22.068939208984375,6800,0.0,0.0,0.0
2016-10-26 00:00:00-04:00,21.95846176147461,21.95846176147461,21.95846176147461,21.95846176147461,300,0.0,0.0,0.0
2016-10-27 00:00:00-04:00,21.857711264308865,21.899249821020636,21.839149475097656,21.839149475097656,9900,0.0,0.0,0.0
2016-10-28 00:00:00-04:00,21.89217731255053,21.89217731255053,21.865662159566917,21.883338928222656,1900,0.0,0.0,0.0
2016-10-31 00:00:00-04:00,21.986748895121163,21.99293559634238,21.759607615570935,21.90985679626465,12800,0.0,0.0,0.0
2016-11-01 00:00:00-04:00,21.90985679626465,21.90985679626465,21.90985679626465,21.90985679626465,0,0.0,0.0,0.0
2016-11-02 00:00:00-04:00,21.887758255004883,21.887758255004883,21.887758255004883,21.887758255004883,300,0.0,0.0,0.0
2016-11-03 00:00:00-04:00,21.995584516292304,21.995584516292304,21.874502182006836,21.874502182006836,2100,0.0,0.0,0.0
2016-11-04 00:00:00-04:00,21.84798702703759,21.874502182006836,21.84798702703759,21.874502182006836,1100,0.0,0.0,0.0
2016-11-07 00:00:00-05:00,21.920459747314453,21.920459747314453,21.920459747314453,21.920459747314453,600,0.0,0.0,0.0
2016-11-08 00:00:00-05:00,21.853290395181354,21.91869242120601,21.794958402848664,21.874502182006836,5400,0.0,0.0,0.0
2016-11-09 00:00:00-05:00,21.84798747224073,21.870967610832267,21.538652420043945,21.538652420043945,9500,0.0,0.0,0.0
2016-11-10 00:00:00-05:00,21.74193000793457,21.74193000793457,21.74193000793457,21.74193000793457,200,0.0,0.0,0.0
2016-11-11 00:00:00-05:00,21.74193000793457,21.74193000793457,21.74193000793457,21.74193000793457,0,0.0,0.0,0.0
2016-11-14 00:00:00-05:00,21.74193000793457,21.74193000793457,21.74193000793457,21.74193000793457,0,0.0,0.0,0.0
2016-11-15 00:00:00-05:00,21.238153753840017,21.273505608248104,21.185123443603516,21.185123443603516,500,0.0,0.0,0.0
2016-11-16 00:00:00-05:00,21.202798873454178,21.21340560913086,21.202798873454178,21.21340560913086,400,0.0,0.0,0.0
2016-11-17 00:00:00-05:00,21.36188591278005,21.458221435546875,21.317695677180463,21.458221435546875,4700,0.0,0.0,0.0
2016-11-18 00:00:00-05:00,21.346860885620117,21.346860885620117,21.346860885620117,21.346860885620117,300,0.0,0.0,0.0
2016-11-21 00:00:00-05:00,21.347747802734375,21.347747802734375,21.347747802734375,21.347747802734375,300,0.0,0.0,0.0
2016-11-22 00:00:00-05:00,21.347747802734375,21.347747802734375,21.347747802734375,21.347747802734375,0,0.0,0.0,0.0
2016-11-23 00:00:00-05:00,21.494462138160358,21.494462138160358,21.185125376554897,21.326536178588867,19600,0.0,0.0,0.0
2016-11-25 00:00:00-05:00,21.326536178588867,21.326536178588867,21.326536178588867,21.326536178588867,0,0.0,0.0,0.0
2016-11-28 00:00:00-05:00,21.326536178588867,21.326536178588867,21.326536178588867,21.326536178588867,0,0.0,0.0,0.0
2016-11-29 00:00:00-05:00,21.326536178588867,21.326536178588867,21.326536178588867,21.326536178588867,0,0.0,0.0,0.0
2016-11-30 00:00:00-05:00,21.50152916291065,21.50152916291065,21.406076969185907,21.42375373840332,7000,0.0,0.0,0.0
2016-12-01 00:00:00-05:00,21.42375373840332,21.42375373840332,21.42375373840332,21.42375373840332,100,0.0,0.0,0.0
2016-12-02 00:00:00-05:00,21.36983899331379,21.377792358398438,21.276153477294443,21.377792358398438,3200,0.0,0.0,0.0
2016-12-05 00:00:00-05:00,21.377792358398438,21.377792358398438,21.377792358398438,21.377792358398438,0,0.0,0.0,0.0
2016-12-06 00:00:00-05:00,21.399886774337965,21.399886774337965,21.317693013821714,21.38132667541504,2600,0.0,0.0,0.0
2016-12-07 00:00:00-05:00,21.450269204778667,21.619078476040837,21.450269204778667,21.574003219604492,3300,0.0,0.0,0.0
2016-12-08 00:00:00-05:00,21.603172302246094,21.603172302246094,21.603172302246094,21.603172302246094,200,0.0,0.0,0.0
2016-12-09 00:00:00-05:00,21.538651455804754,21.665037155151367,21.50329791670805,21.665037155151367,1400,0.0,0.0,0.0
2016-12-12 00:00:00-05:00,21.609355926513672,21.609355926513672,21.609355926513672,21.609355926513672,200,0.0,0.0,0.0
2016-12-13 00:00:00-05:00,21.609355926513672,21.609355926513672,21.609355926513672,21.609355926513672,0,0.0,0.0,0.0
2016-12-14 00:00:00-05:00,21.609355926513672,21.609355926513672,21.609355926513672,21.609355926513672,0,0.0,0.0,0.0
2016-12-15 00:00:00-05:00,21.29117992652525,21.3274167952891,21.29117992652525,21.300018310546875,1000,0.0,0.0,0.0
2016-12-16 00:00:00-05:00,21.173634313669798,21.179821014404297,21.173634313669798,21.179821014404297,1300,0.0,0.0,0.0
2016-12-19 00:00:00-05:00,21.20898447229857,21.300018310546875,21.20898447229857,21.300018310546875,1400,0.0,0.0,0.0
2016-12-20 00:00:00-05:00,21.22666358947754,21.22666358947754,21.22666358947754,21.22666358947754,200,0.0,0.0,0.0
2016-12-21 00:00:00-05:00,21.413572788158483,21.413572788158483,21.20689582824707,21.20689582824707,1900,0.395,0.0,0.0
2016-12-22 00:00:00-05:00,21.20689582824707,21.20689582824707,21.20689582824707,21.20689582824707,0,0.0,0.0,0.0
2016-12-23 00:00:00-05:00,21.234749664364234,21.248228073120117,21.234749664364234,21.248228073120117,700,0.0,0.0,0.0
2016-12-27 00:00:00-05:00,21.395599695653686,21.395599695653686,21.341684341430664,21.341684341430664,600,0.0,0.0,0.0
2016-12-28 00:00:00-05:00,21.35067193080269,21.46748882499756,21.35067193080269,21.373136520385742,500,0.0,0.0,0.0
2016-12-29 00:00:00-05:00,21.458502003413095,21.557348251342773,21.458502003413095,21.557348251342773,300,0.0,0.0,0.0
2016-12-30 00:00:00-05:00,21.617553760966608,21.62204770711156,21.557348251342773,21.557348251342773,2700,0.0,0.0,0.0
2017-01-03 00:00:00-05:00,21.624743261565325,21.665180206298828,21.624743261565325,21.665180206298828,1700,0.0,0.0,0.0
2017-01-04 00:00:00-05:00,21.91947938501854,21.91947938501854,21.8538818359375,21.8538818359375,1800,0.0,0.0,0.0
2017-01-05 00:00:00-05:00,22.213322276524227,22.231294631958008,22.177379279594813,22.231294631958008,800,0.0,0.0,0.0
2017-01-06 00:00:00-05:00,22.213322276524227,22.231294631958008,22.213322276524227,22.231294631958008,1000,0.0,0.0,0.0
2017-01-09 00:00:00-05:00,22.195354461669922,22.195354461669922,22.195354461669922,22.195354461669922,700,0.0,0.0,0.0
2017-01-10 00:00:00-05:00,22.195354461669922,22.195354461669922,22.195354461669922,22.195354461669922,0,0.0,0.0,0.0
2017-01-11 00:00:00-05:00,22.380462646484375,22.380462646484375,22.380462646484375,22.380462646484375,300,0.0,0.0,0.0
2017-01-12 00:00:00-05:00,22.491887253711667,22.491887253711667,22.37506866455078,22.37506866455078,2600,0.0,0.0,0.0
2017-01-13 00:00:00-05:00,22.402027130126953,22.402027130126953,22.402027130126953,22.402027130126953,900,0.0,0.0,0.0
2017-01-17 00:00:00-05:00,22.402027130126953,22.402027130126953,22.402027130126953,22.402027130126953,0,0.0,0.0,0.0
2017-01-18 00:00:00-05:00,22.375072531708746,22.375072531708746,22.31486701965332,22.31486701965332,1300,0.0,0.0,0.0
2017-01-19 00:00:00-05:00,22.31486701965332,22.31486701965332,22.31486701965332,22.31486701965332,0,0.0,0.0,0.0
2017-01-20 00:00:00-05:00,22.420902317891887,22.464933395385742,22.420902317891887,22.464933395385742,1900,0.0,0.0,0.0
2017-01-23 00:00:00-05:00,22.464933395385742,22.464933395385742,22.464933395385742,22.464933395385742,0,0.0,0.0,0.0
2017-01-24 00:00:00-05:00,22.671604130405186,22.671604130405186,22.582643896184237,22.638357162475586,2200,0.0,0.0,0.0
2017-01-25 00:00:00-05:00,22.69587015167384,22.69587015167384,22.626678466796875,22.626678466796875,1400,0.0,0.0,0.0
2017-01-26 00:00:00-05:00,22.626678466796875,22.626678466796875,22.626678466796875,22.626678466796875,0,0.0,0.0,0.0
2017-01-27 00:00:00-05:00,22.626678466796875,22.626678466796875,22.626678466796875,22.626678466796875,0,0.0,0.0,0.0
2017-01-30 00:00:00-05:00,22.608704413692145,22.61769059096678,22.58893585205078,22.58893585205078,1400,0.0,0.0,0.0
2017-01-31 00:00:00-05:00,22.660824599660614,22.734508514404297,22.660824599660614,22.734508514404297,200,0.0,0.0,0.0
2017-02-01 00:00:00-05:00,22.734508514404297,22.734508514404297,22.734508514404297,22.734508514404297,0,0.0,0.0,0.0
2017-02-02 00:00:00-05:00,22.914226531982422,22.941185062567136,22.914226531982422,22.914226531982422,1700,0.0,0.0,0.0
2017-02-03 00:00:00-05:00,23.093951843382605,23.14786720275879,22.99959782205132,23.14786720275879,25000,0.0,0.0,0.0
2017-02-06 00:00:00-05:00,22.968147052920347,23.14786720275879,22.923217872429923,23.14786720275879,21300,0.0,0.0,0.0
2017-02-07 00:00:00-05:00,22.97712847047385,23.210763931274414,22.97712847047385,23.210763931274414,1400,0.0,0.0,0.0
2017-02-08 00:00:00-05:00,23.210763931274414,23.210763931274414,23.210763931274414,23.210763931274414,0,0.0,0.0,0.0
2017-02-09 00:00:00-05:00,23.210763931274414,23.210763931274414,23.210763931274414,23.210763931274414,0,0.0,0.0,0.0
2017-02-10 00:00:00-05:00,23.36352847394383,23.507303896668425,23.318599297069234,23.49831771850586,32300,0.0,0.0,0.0
2017-02-13 00:00:00-05:00,23.41744291232272,23.435415267944336,23.390486092828457,23.435415267944336,400,0.0,0.0,0.0
2017-02-14 00:00:00-05:00,23.408456339353,23.51628875732422,23.394977929833395,23.51628875732422,1300,0.0,0.0,0.0
2017-02-15 00:00:00-05:00,23.43541826797735,23.606152240362523,23.43541826797735,23.597166061401367,20200,0.0,0.0,0.0
2017-02-16 00:00:00-05:00,23.632205487131255,23.633103590637884,23.59176854813915,23.598058700561523,4000,0.0,0.0,0.0
2017-02-17 00:00:00-05:00,23.839782635043402,23.839782635043402,23.543245648721598,23.58817481994629,20100,0.0,0.0,0.0
2017-02-21 00:00:00-05:00,23.544147491455078,23.544147491455078,23.544147491455078,23.544147491455078,800,0.0,0.0,0.0
2017-02-22 00:00:00-05:00,23.417443431580914,23.579191207885742,23.417443431580914,23.579191207885742,2800,0.0,0.0,0.0
2017-02-23 00:00:00-05:00,23.722964315918325,23.90268443072616,23.57918890964727,23.660062789916992,59300,0.0,0.0,0.0
2017-02-24 00:00:00-05:00,23.43541314271956,23.43541314271956,23.327580732706725,23.402164459228516,600,0.0,0.0,0.0
2017-02-27 00:00:00-05:00,23.489329868754236,23.489329868754236,23.465967178344727,23.465967178344727,400,0.0,0.0,0.0
2017-02-28 00:00:00-05:00,23.308712005615234,23.308712005615234,23.308712005615234,23.308712005615234,400,0.0,0.0,0.0
2017-03-01 00:00:00-05:00,23.327582387575365,23.54324722290039,23.327582387575365,23.54324722290039,700,0.0,0.0,0.0
2017-03-02 00:00:00-05:00,23.372514134491567,23.390486490418677,23.354541778564453,23.354541778564453,900,0.0,0.0,0.0
2017-03-03 00:00:00-05:00,23.33477210998535,23.33477210998535,23.33477210998535,23.33477210998535,100,0.0,0.0,0.0
2017-03-06 00:00:00-05:00,23.39048488153851,23.39048488153851,23.29523277282715,23.29523277282715,900,0.0,0.0,0.0
2017-03-07 00:00:00-05:00,23.273666381835938,23.273666381835938,23.273666381835938,23.273666381835938,2400,0.0,0.0,0.0
2017-03-08 00:00:00-05:00,23.300626563463357,23.300626563463357,23.201780319213867,23.201780319213867,4800,0.0,0.0,0.0
2017-03-09 00:00:00-05:00,23.210768741020733,23.273670279282673,23.10293630832999,23.14786720275879,108200,0.0,0.0,0.0
2017-03-10 00:00:00-05:00,23.26468276977539,23.26468276977539,23.26468276977539,23.26468276977539,100,0.0,0.0,0.0
2017-03-13 00:00:00-04:00,23.489332462476863,23.489332462476863,23.435417105323115,23.46237564086914,2600,0.0,0.0,0.0
2017-03-14 00:00:00-04:00,23.32758140563965,23.32758140563965,23.32758140563965,23.32758140563965,200,0.0,0.0,0.0
2017-03-15 00:00:00-04:00,23.50730323791504,23.50730323791504,23.50730323791504,23.50730323791504,800,0.0,0.0,0.0
2017-03-16 00:00:00-04:00,23.75891087147986,23.78586769104004,23.75891087147986,23.78586769104004,400,0.0,0.0,0.0
2017-03-17 00:00:00-04:00,23.91167081693872,23.91167081693872,23.85775375366211,23.85775375366211,4400,0.0,0.0,0.0
2017-03-20 00:00:00-04:00,23.891003030075616,23.920657587006524,23.854160216771557,23.8757266998291,3800,0.0,0.0,0.0
2017-03-21 00:00:00-04:00,23.957499745588414,23.957499745588414,23.78586769104004,23.78586769104004,3000,0.0,0.0,0.0
2017-03-22 00:00:00-04:00,23.704995053967792,23.704995053967792,23.678038232986722,23.69601058959961,400,0.0,0.0,0.0
2017-03-23 00:00:00-04:00,23.776882034604167,23.830799102783203,23.776882034604167,23.830799102783203,300,0.0,0.0,0.0
2017-03-24 00:00:00-04:00,23.899091037228732,23.92065752022607,23.899091037228732,23.902685165405273,1000,0.0,0.0,0.0
2017-03-27 00:00:00-04:00,23.911674824250863,23.95660400390625,23.911674824250863,23.95660400390625,1400,0.0,0.0,0.0
2017-03-28 00:00:00-04:00,23.95660400390625,23.95660400390625,23.95660400390625,23.95660400390625,0,0.0,0.0,0.0
2017-03-29 00:00:00-04:00,23.92066159037514,23.974576950073242,23.875730695678072,23.974576950073242,1600,0.0,0.0,0.0
2017-03-30 00:00:00-04:00,23.983559903811976,24.02848907852879,23.91167219590218,23.99254608154297,20200,0.0,0.0,0.0
2017-03-31 00:00:00-04:00,23.853261947631836,23.853261947631836,23.853261947631836,23.853261947631836,300,0.0,0.0,0.0
2017-04-03 00:00:00-04:00,23.853261947631836,23.853261947631836,23.853261947631836,23.853261947631836,0,0.0,0.0,0.0
2017-04-04 00:00:00-04:00,23.909871526236085,24.001527786254883,23.909871526236085,24.001527786254883,500,0.0,0.0,0.0
2017-04-05 00:00:00-04:00,24.046464077155363,24.046464077155363,23.937733542778385,23.95660400390625,1600,0.0,0.0,0.0
2017-04-06 00:00:00-04:00,23.896394729614258,23.896394729614258,23.896394729614258,23.896394729614258,300,0.0,0.0,0.0
2017-04-07 00:00:00-04:00,23.95660400390625,23.982662722433773,23.95660400390625,23.95660400390625,900,0.0,0.0,0.0
2017-04-10 00:00:00-04:00,23.95660400390625,23.95660400390625,23.95660400390625,23.95660400390625,0,0.0,0.0,0.0
2017-04-11 00:00:00-04:00,24.037477305663558,24.037477305663558,24.009620666503906,24.009620666503906,1100,0.0,0.0,0.0
2017-04-12 00:00:00-04:00,24.08240509033203,24.08240509033203,24.08240509033203,24.08240509033203,200,0.0,0.0,0.0
2017-04-13 00:00:00-04:00,24.08240509033203,24.08240509033203,24.08240509033203,24.08240509033203,0,0.0,0.0,0.0
2017-04-17 00:00:00-04:00,24.172264099121094,24.172264099121094,24.172264099121094,24.172264099121094,1000,0.0,0.0,0.0
2017-04-18 00:00:00-04:00,24.08240509033203,24.08240509033203,24.08240509033203,24.08240509033203,200,0.0,0.0,0.0
2017-04-19 00:00:00-04:00,24.08240509033203,24.08240509033203,24.08240509033203,24.08240509033203,0,0.0,0.0,0.0
2017-04-20 00:00:00-04:00,24.08240509033203,24.08240509033203,24.08240509033203,24.08240509033203,0,0.0,0.0,0.0
2017-04-21 00:00:00-04:00,24.08240509033203,24.08240509033203,24.08240509033203,24.08240509033203,0,0.0,0.0,0.0
2017-04-24 00:00:00-04:00,24.56764635882375,24.61257553100586,24.56764635882375,24.61257553100586,500,0.0,0.0,0.0
2017-04-25 00:00:00-04:00,24.621562957763672,24.621562957763672,24.621562957763672,24.621562957763672,300,0.0,0.0,0.0
2017-04-26 00:00:00-04:00,24.65750835591608,24.6889591217041,24.62246174780526,24.6889591217041,1700,0.0,0.0,0.0
2017-04-27 00:00:00-04:00,24.7563533782959,24.7563533782959,24.7563533782959,24.7563533782959,500,0.0,0.0,0.0
2017-04-28 00:00:00-04:00,24.864183093224263,24.886647679082,24.81925392150879,24.81925392150879,6000,0.0,0.0,0.0
2017-05-01 00:00:00-04:00,24.981001423739997,25.02593231201172,24.963030782369444,25.02593231201172,3800,0.0,0.0,0.0
2017-05-02 00:00:00-04:00,24.998973432740815,25.15173502287221,24.998973432740815,25.145444869995117,1500,0.0,0.0,0.0
2017-05-03 00:00:00-04:00,25.00796110919817,25.00796110919817,24.962132115230418,24.985496520996094,2900,0.0,0.0,0.0
2017-05-04 00:00:00-04:00,24.985496520996094,24.985496520996094,24.985496520996094,24.985496520996094,0,0.0,0.0,0.0
2017-05-05 00:00:00-04:00,24.989990552467933,25.196669235048315,24.989990552467933,25.176898956298828,1500,0.0,0.0,0.0
2017-05-08 00:00:00-04:00,25.15173142792865,25.17868995666504,25.15173142792865,25.17868995666504,1200,0.0,0.0,0.0
2017-05-09 00:00:00-04:00,25.241597376495715,25.241597376495715,25.201160430908203,25.201160430908203,3600,0.0,0.0,0.0
2017-05-10 00:00:00-04:00,25.265858920292807,25.313484121160226,25.265858920292807,25.269453048706055,300,0.0,0.0,0.0
2017-05-11 00:00:00-04:00,25.097823102522984,25.160724639892578,25.097823102522984,25.160724639892578,400,0.0,0.0,0.0
2017-05-12 00:00:00-04:00,25.201158103944337,25.276639938354492,25.201158103944337,25.276639938354492,1300,0.0,0.0,0.0
2017-05-15 00:00:00-04:00,25.33145647946766,25.367399477541632,25.33145647946766,25.340442657470703,1300,0.0,0.0,0.0
2017-05-16 00:00:00-04:00,25.385369322924912,25.484215557244262,25.385369322924912,25.459054946899414,1500,0.0,0.0,0.0
2017-05-17 00:00:00-04:00,25.439286001018758,25.439286001018758,25.290118538214877,25.30449676513672,1400,0.0,0.0,0.0
2017-05-18 00:00:00-04:00,25.124774932861328,25.124774932861328,25.124774932861328,25.124774932861328,200,0.0,0.0,0.0
2017-05-19 00:00:00-04:00,25.538131387905686,25.5920467376709,25.530943131653807,25.5920467376709,20000,0.0,0.0,0.0
2017-05-22 00:00:00-04:00,25.654949188232422,25.67292154344714,25.605527782299138,25.654949188232422,1800,0.0,0.0,0.0
2017-05-23 00:00:00-04:00,25.744811941654678,25.771770477294922,25.744811941654678,25.771770477294922,19500,0.0,0.0,0.0
2017-05-24 00:00:00-04:00,25.60103416893018,25.67202377319336,25.60103416893018,25.67202377319336,2200,0.0,0.0,0.0
2017-05-25 00:00:00-04:00,25.69988106921638,25.69988106921638,25.64866002626926,25.66303825378418,11300,0.0,0.0,0.0
2017-05-26 00:00:00-04:00,25.556106893755867,25.601036071777344,25.51926407653035,25.601036071777344,7700,0.0,0.0,0.0
2017-05-30 00:00:00-04:00,25.610019191797527,25.663934541772335,25.608221270758534,25.641469955444336,1300,0.0,0.0,0.0
2017-05-31 00:00:00-04:00,25.65494721571063,25.68190574645996,25.645962752732185,25.68190574645996,1700,0.0,0.0,0.0
2017-06-01 00:00:00-04:00,25.807713937545355,25.904762268066406,25.780757115362935,25.904762268066406,3700,0.0,0.0,0.0
2017-06-02 00:00:00-04:00,25.96945775872799,26.104246990861736,25.931716842288065,26.09526252746582,1700,0.0,0.0,0.0
2017-06-05 00:00:00-04:00,26.059319791223892,26.06830596923828,26.059319791223892,26.06830596923828,1500,0.0,0.0,0.0
2017-06-06 00:00:00-04:00,25.924529438388795,25.924529438388795,25.84365555366182,25.906557083129883,1300,0.0,0.0,0.0
2017-06-07 00:00:00-04:00,26.014389763982134,26.014389763982134,25.94340015974778,25.978445053100586,3600,0.0,0.0,0.0
2017-06-08 00:00:00-04:00,25.942498941579295,25.942498941579295,25.909250259399414,25.909250259399414,2100,0.0,0.0,0.0
2017-06-09 00:00:00-04:00,25.78973651446056,25.879594850031104,25.75379180908203,25.75379180908203,2400,0.0,0.0,0.0
2017-06-12 00:00:00-04:00,25.5650933278427,25.672924041748047,25.547120970879043,25.672924041748047,8200,0.0,0.0,0.0
2017-06-13 00:00:00-04:00,25.84365687069951,25.87959986911092,25.726838269501425,25.78974151611328,9000,0.0,0.0,0.0
2017-06-14 00:00:00-04:00,26.041344997322984,26.041344997322984,25.924528121948242,25.924528121948242,400,0.0,0.0,0.0
2017-06-15 00:00:00-04:00,25.439287049096635,25.49320411682129,25.322470163569605,25.49320411682129,1000,0.0,0.0,0.0
2017-06-16 00:00:00-04:00,25.49320411682129,25.49320411682129,25.49320411682129,25.49320411682129,0,0.0,0.0,0.0
2017-06-19 00:00:00-04:00,25.82568418397221,25.870615073834163,25.82568418397221,25.843656539916992,600,0.0,0.0,0.0
2017-06-20 00:00:00-04:00,25.61058235168457,25.61058235168457,25.61058235168457,25.61058235168457,600,0.263,0.0,0.0
2017-06-21 00:00:00-04:00,25.61058235168457,25.61058235168457,25.61058235168457,25.61058235168457,0,0.0,0.0,0.0
2017-06-22 00:00:00-04:00,25.61965560913086,25.61965560913086,25.61965560913086,25.61965560913086,700,0.0,0.0,0.0
2017-06-23 00:00:00-04:00,25.771103741568652,25.801031982043497,25.71034259816559,25.739362716674805,6100,0.0,0.0,0.0
2017-06-26 00:00:00-04:00,25.873586654663086,25.873586654663086,25.873586654663086,25.873586654663086,100,0.0,0.0,0.0
2017-06-27 00:00:00-04:00,25.68313683137274,25.72848239095694,25.68313683137274,25.71578598022461,2200,0.0,0.0,0.0
2017-06-28 00:00:00-04:00,25.71578598022461,25.71578598022461,25.71578598022461,25.71578598022461,0,0.0,0.0,0.0
2017-06-29 00:00:00-04:00,25.710343870808078,25.710343870808078,25.651395508906123,25.676788330078125,1400,0.0,0.0,0.0
2017-06-30 00:00:00-04:00,25.699458781768858,25.77382445654281,25.692204184634463,25.710342407226562,6400,0.0,0.0,0.0
2017-07-03 00:00:00-04:00,25.538032766931103,25.610583927585495,25.538032766931103,25.60151481628418,1300,0.0,0.0,0.0
2017-07-05 00:00:00-04:00,25.37932975096514,25.58609962463379,25.37479433005982,25.58609962463379,3800,0.0,0.0,0.0
2017-07-06 00:00:00-04:00,25.49268981361031,25.49268981361031,25.402000427246094,25.402000427246094,300,0.0,0.0,0.0
2017-07-07 00:00:00-04:00,25.485435485839844,25.485435485839844,25.485435485839844,25.485435485839844,400,0.0,0.0,0.0
2017-07-10 00:00:00-04:00,25.565242767333984,25.565242767333984,25.565242767333984,25.565242767333984,500,0.0,0.0,0.0
2017-07-11 00:00:00-04:00,25.539849107429248,25.65593131872845,25.539849107429248,25.596982955932617,1400,0.0,0.0,0.0
2017-07-12 00:00:00-04:00,25.72031824219004,25.72031824219004,25.719411849975586,25.719411849975586,500,0.0,0.0,0.0
2017-07-13 00:00:00-04:00,25.719411849975586,25.719411849975586,25.719411849975586,25.719411849975586,0,0.0,0.0,0.0
2017-07-14 00:00:00-04:00,25.946134567260742,25.955203678716043,25.946134567260742,25.946134567260742,2200,0.0,0.0,0.0
2017-07-17 00:00:00-04:00,26.163787683700694,26.163787683700694,26.104839324951172,26.104839324951172,900,0.0,0.0,0.0
2017-07-18 00:00:00-04:00,26.182833422437383,26.23543357849121,26.17920612370198,26.23543357849121,2100,0.0,0.0,0.0
2017-07-19 00:00:00-04:00,26.345166575818308,26.38144302368164,26.227271579774953,26.38144302368164,2000,0.0,0.0,0.0
2017-07-20 00:00:00-04:00,26.388696670532227,26.388696670532227,26.388696670532227,26.388696670532227,200,0.0,0.0,0.0
2017-07-21 00:00:00-04:00,26.553752229703655,26.60816517079608,26.398672666468123,26.471223831176758,2900,0.0,0.0,0.0
2017-07-24 00:00:00-04:00,26.463064552114183,26.463064552114183,26.363306045532227,26.363306045532227,600,0.0,0.0,0.0
2017-07-25 00:00:00-04:00,26.544682326924608,26.544682326924608,26.399580001831055,26.399580001831055,8100,0.0,0.0,0.0
2017-07-26 00:00:00-04:00,26.490267228076693,26.490267228076693,26.435854289488123,26.444923400878906,800,0.0,0.0,0.0
2017-07-27 00:00:00-04:00,26.444923400878906,26.444923400878906,26.444923400878906,26.444923400878906,0,0.0,0.0,0.0
2017-07-28 00:00:00-04:00,26.51656848485503,26.607257870083444,26.51656848485503,26.562820434570312,1200,0.0,0.0,0.0
2017-07-31 00:00:00-04:00,26.671647111101674,26.698854446411133,26.671647111101674,26.698854446411133,11500,0.0,0.0,0.0
2017-08-01 00:00:00-04:00,26.88929983889596,26.88929983889596,26.73512840270996,26.73512840270996,6000,0.0,0.0,0.0
2017-08-02 00:00:00-04:00,26.907438278198242,26.907438278198242,26.907438278198242,26.907438278198242,300,0.0,0.0,0.0
2017-08-03 00:00:00-04:00,26.75145242413746,26.853025436401367,26.75145242413746,26.853025436401367,3700,0.0,0.0,0.0
2017-08-04 00:00:00-04:00,26.85302513875411,26.86209425027123,26.814027786254883,26.814027786254883,700,0.0,0.0,0.0
2017-08-07 00:00:00-04:00,26.907439423719314,26.95278325381636,26.798611809827666,26.943714141845703,4800,0.0,0.0,0.0
2017-08-08 00:00:00-04:00,26.970920760391273,26.970920760391273,26.86209487915039,26.86209487915039,600,0.0,0.0,0.0
2017-08-09 00:00:00-04:00,26.78954201007198,26.78954201007198,26.72787274613916,26.767776489257812,4500,0.0,0.0,0.0
2017-08-10 00:00:00-04:00,26.57188906243596,26.57188906243596,26.5446834564209,26.5446834564209,400,0.0,0.0,0.0
2017-08-11 00:00:00-04:00,26.463064595439025,26.463064595439025,26.328844153441178,26.462158203125,2500,0.0,0.0,0.0
2017-08-14 00:00:00-04:00,26.680715560913086,26.680715560913086,26.680715560913086,26.680715560913086,7100,0.0,0.0,0.0
2017-08-15 00:00:00-04:00,26.456714313583493,26.52654457092285,26.376906822547497,26.52654457092285,1100,0.0,0.0,0.0
2017-08-16 00:00:00-04:00,26.551031520185134,26.57551794927308,26.551031520185134,26.564634323120117,1100,0.0,0.0,0.0
2017-08-17 00:00:00-04:00,26.685251185208507,26.685251185208507,26.571889877319336,26.571889877319336,1200,0.0,0.0,0.0
2017-08-18 00:00:00-04:00,26.60907088819098,26.62630271911621,26.608164495960022,26.62630271911621,1400,0.0,0.0,0.0
2017-08-21 00:00:00-04:00,26.694322551794162,26.76234003417438,26.66258152128511,26.738759994506836,2700,0.0,0.0,0.0
2017-08-22 00:00:00-04:00,26.78954419788339,26.880231857299805,26.785008777058835,26.880231857299805,7700,0.0,0.0,0.0
2017-08-23 00:00:00-04:00,26.831262736345707,26.843959147994468,26.799521707223796,26.825820922851562,2400,0.0,0.0,0.0
2017-08-24 00:00:00-04:00,26.653509406555145,26.7369441986084,26.653509406555145,26.7369441986084,300,0.0,0.0,0.0
2017-08-25 00:00:00-04:00,26.94371208061743,26.94371208061743,26.93464469909668,26.93464469909668,800,0.0,0.0,0.0
2017-08-28 00:00:00-04:00,26.96185236578702,26.96185236578702,26.78047531564259,26.943714141845703,5000,0.0,0.0,0.0
2017-08-29 00:00:00-04:00,26.943714141845703,26.943714141845703,26.943714141845703,26.943714141845703,0,0.0,0.0,0.0
2017-08-30 00:00:00-04:00,26.889298811686807,26.925575256347656,26.82944406180128,26.925575256347656,4700,0.0,0.0,0.0
2017-08-31 00:00:00-04:00,26.9382729151067,27.10967445373535,26.9382729151067,27.10967445373535,600,0.0,0.0,0.0
2017-09-01 00:00:00-04:00,27.33367513466983,27.37902069091797,27.33367513466983,27.37902069091797,700,0.0,0.0,0.0
2017-09-05 00:00:00-04:00,27.188576584928033,27.188576584928033,27.02533601930736,27.156835556030273,2900,0.0,0.0,0.0
2017-09-06 00:00:00-04:00,27.38627815246582,27.38627815246582,27.38627815246582,27.38627815246582,100,0.0,0.0,0.0
2017-09-07 00:00:00-04:00,27.53319470325035,27.614814982390914,27.53319470325035,27.613906860351562,1000,0.0,0.0,0.0
2017-09-08 00:00:00-04:00,27.613906860351562,27.613906860351562,27.613906860351562,27.613906860351562,0,0.0,0.0,0.0
2017-09-11 00:00:00-04:00,27.750845772184498,27.796189598952367,27.750845772184498,27.778051376342773,61100,0.0,0.0,0.0
2017-09-12 00:00:00-04:00,27.740870268676055,27.79074778621827,27.69643283411183,27.778051376342773,1200,0.0,0.0,0.0
2017-09-13 00:00:00-04:00,27.759914296130994,27.759914296130994,27.587604644497898,27.62660026550293,4000,0.0,0.0,0.0
2017-09-14 00:00:00-04:00,27.661067117088198,27.757198328183136,27.661067117088198,27.678298950195312,1000,0.0,0.0,0.0
2017-09-15 00:00:00-04:00,27.78168025074753,27.78168025074753,27.768983840942383,27.768983840942383,200,0.0,0.0,0.0
2017-09-18 00:00:00-04:00,27.905019760131836,27.905019760131836,27.905019760131836,27.905019760131836,300,0.0,0.0,0.0
2017-09-19 00:00:00-04:00,27.950361251831055,27.952175766008754,27.950361251831055,27.950361251831055,2800,0.0,0.0,0.0
2017-09-20 00:00:00-04:00,27.832468440036045,27.846071243286133,27.832468440036045,27.846071243286133,400,0.0,0.0,0.0
2017-09-21 00:00:00-04:00,27.73271084937519,27.818864822387695,27.714572624607406,27.818864822387695,2600,0.0,0.0,0.0
2017-09-22 00:00:00-04:00,27.803447222929076,27.858766555786133,27.803447222929076,27.858766555786133,1300,0.0,0.0,0.0
2017-09-25 00:00:00-04:00,27.8143310546875,27.823400167046486,27.778054605251555,27.8143310546875,2300,0.0,0.0,0.0
2017-09-26 00:00:00-04:00,27.7771461379299,27.7771461379299,27.676481246948242,27.676481246948242,1500,0.0,0.0,0.0
2017-09-27 00:00:00-04:00,27.649277449409613,27.79619257088942,27.649277449409613,27.795286178588867,1900,0.0,0.0,0.0
2017-09-28 00:00:00-04:00,27.86783524735034,27.982102939837745,27.846976117715073,27.9685001373291,400,0.0,0.0,0.0
2017-09-29 00:00:00-04:00,28.0863995501876,28.145347919932334,27.932228088378906,27.932228088378906,31300,0.0,0.0,0.0
2017-10-02 00:00:00-04:00,28.113601684570312,28.185246453326638,28.031981412266877,28.113601684570312,11600,0.0,0.0,0.0
2017-10-03 00:00:00-04:00,28.004775965959208,28.076420739544876,27.976663967593378,28.034704208374023,1900,0.0,0.0,0.0
2017-10-04 00:00:00-04:00,28.14625233415737,28.186156082684835,28.131743138151982,28.14988136291504,11000,0.0,0.0,0.0
2017-10-05 00:00:00-04:00,28.066445264689644,28.066445264689644,27.990266799926758,27.990266799926758,2300,0.0,0.0,0.0
2017-10-06 00:00:00-04:00,28.049213921575195,28.049213921575195,27.976662758855856,28.022912979125977,1400,0.0,0.0,0.0
2017-10-09 00:00:00-04:00,28.094560033514153,28.1544147908673,28.06644630432129,28.06644630432129,1400,0.0,0.0,0.0
2017-10-10 00:00:00-04:00,28.376602172851562,28.376602172851562,28.34032572563976,28.376602172851562,1600,0.0,0.0,0.0
2017-10-11 00:00:00-04:00,28.41287745221726,28.449153900146484,28.41287745221726,28.449153900146484,1200,0.0,0.0,0.0
2017-10-12 00:00:00-04:00,28.503567957293114,28.57611912623339,28.431016788352835,28.52986717224121,2200,0.0,0.0,0.0
2017-10-13 00:00:00-04:00,28.71215281134589,28.738452026714935,28.635974342202726,28.721221923828125,3200,0.0,0.0,0.0
2017-10-16 00:00:00-04:00,28.63053006578047,28.684943006236587,28.618740047592183,28.64866828918457,2700,0.0,0.0,0.0
2017-10-17 00:00:00-04:00,28.464569745956318,28.68494415283203,28.464569745956318,28.68494415283203,3400,0.0,0.0,0.0
2017-10-18 00:00:00-04:00,28.476358379760534,28.53077131974545,28.4582201565135,28.50628662109375,3400,0.0,0.0,0.0
2017-10-19 00:00:00-04:00,28.32218584783319,28.331254959106445,28.140808811636425,28.331254959106445,8000,0.0,0.0,0.0
2017-10-20 00:00:00-04:00,28.25870471013532,28.322186761339548,28.25870471013532,28.304048538208008,19700,0.0,0.0,0.0
2017-10-23 00:00:00-04:00,28.322185944073816,28.322185944073816,28.27684211730957,28.27684211730957,3300,0.0,0.0,0.0
2017-10-24 00:00:00-04:00,28.294981670929946,28.34939461155788,28.294981670929946,28.32762908935547,7600,0.0,0.0,0.0
2017-10-25 00:00:00-04:00,28.385668812543777,28.385668812543777,28.21336088206263,28.304048538208008,3400,0.0,0.0,0.0
2017-10-26 00:00:00-04:00,28.367532650988153,28.367532650988153,28.30404886928518,28.31311798095703,1200,0.0,0.0,0.0
2017-10-27 00:00:00-04:00,28.258705040682095,28.31311798095703,28.258705040682095,28.31311798095703,1300,0.0,0.0,0.0
2017-10-30 00:00:00-04:00,28.44915514675648,28.44915514675648,28.421947809617368,28.43101692199707,2900,0.0,0.0,0.0
2017-10-31 00:00:00-04:00,28.567048013622298,28.712150341342742,28.49268233551919,28.64866828918457,19100,0.0,0.0,0.0
2017-11-01 00:00:00-04:00,28.74842633956773,28.82551119319807,28.74842633956773,28.802839279174805,2000,0.0,0.0,0.0
2017-11-02 00:00:00-04:00,28.675875427532258,28.75749397277832,28.657737204252612,28.75749397277832,2400,0.0,0.0,0.0
2017-11-03 00:00:00-04:00,28.757495035996172,28.77472686767578,28.710338421335504,28.77472686767578,1000,0.0,0.0,0.0
2017-11-06 00:00:00-05:00,28.712149796007193,28.85725212097168,28.712149796007193,28.85725212097168,7000,0.0,0.0,0.0
2017-11-07 00:00:00-05:00,28.721219685505922,28.721219685505922,28.57611735661106,28.71215057373047,5900,0.0,0.0,0.0
2017-11-08 00:00:00-05:00,28.657736926528273,28.84727668762207,28.657736926528273,28.84727668762207,4800,0.0,0.0,0.0
2017-11-09 00:00:00-05:00,28.47635734239695,28.47635734239695,28.294980305802536,28.444616317749023,4100,0.0,0.0,0.0
2017-11-10 00:00:00-05:00,28.51263509287342,28.539840698242188,28.388390165201248,28.539840698242188,2100,0.0,0.0,0.0
2017-11-13 00:00:00-05:00,28.14987803350553,28.302234952080127,28.04105042755502,28.168014526367188,4100,0.0,0.0,0.0
2017-11-14 00:00:00-05:00,28.293166461491687,28.339418411254883,28.293166461491687,28.339418411254883,1100,0.0,0.0,0.0
2017-11-15 00:00:00-05:00,27.95036427556431,28.09546661376953,27.95036427556431,28.09546661376953,7900,0.0,0.0,0.0
2017-11-16 00:00:00-05:00,28.33125511722505,28.39020347595215,28.322186005901184,28.39020347595215,5000,0.0,0.0,0.0
2017-11-17 00:00:00-05:00,28.32218907591654,28.367534637451172,28.32218907591654,28.367534637451172,3000,0.0,0.0,0.0
2017-11-20 00:00:00-05:00,28.539839881934373,28.557978104832216,28.508098856741217,28.51263427734375,3000,0.0,0.0,0.0
2017-11-21 00:00:00-05:00,28.784701421004645,28.79286414043947,28.781980514526367,28.781980514526367,7100,0.0,0.0,0.0
2017-11-22 00:00:00-05:00,28.911668520785966,28.957014083862305,28.87539380008126,28.957014083862305,2100,0.0,0.0,0.0
2017-11-24 00:00:00-05:00,29.083974758361997,29.083974758361997,29.015959016432898,29.029560089111328,1400,0.0,0.0,0.0
2017-11-27 00:00:00-05:00,28.848185068715296,29.00235651621482,28.784703013231304,28.916202545166016,2300,0.0,0.0,0.0
2017-11-28 00:00:00-05:00,28.853624724881207,28.96154421113595,28.839113800531294,28.911664962768555,5400,0.0,0.0,0.0
2017-11-29 00:00:00-05:00,28.866324234906507,28.89353157232576,28.810096775427187,28.830049514770508,4200,0.0,0.0,0.0
2017-11-30 00:00:00-05:00,28.99328623212305,29.065837396851688,28.929804179205018,28.938873291015625,49400,0.0,0.0,0.0
2017-12-01 00:00:00-05:00,29.020494224760856,29.020494224760856,28.75749516556596,28.892621994018555,3200,0.0,0.0,0.0
2017-12-04 00:00:00-05:00,28.72575597585539,28.802842568044067,28.621463775634766,28.621463775634766,9500,0.0,0.0,0.0
2017-12-05 00:00:00-05:00,28.567047119140625,28.567047119140625,28.567047119140625,28.567047119140625,200,0.0,0.0,0.0
2017-12-06 00:00:00-05:00,28.476359075504146,28.502660018781786,28.31311852180487,28.494497299194336,2600,0.0,0.0,0.0
2017-12-07 00:00:00-05:00,28.59062560925944,28.59062560925944,28.581558227539062,28.581558227539062,1800,0.0,0.0,0.0
2017-12-08 00:00:00-05:00,28.72121978482509,28.77109903488447,28.657737731933594,28.657737731933594,1400,0.0,0.0,0.0
2017-12-11 00:00:00-05:00,28.682221038615282,28.7302857691787,28.645944595336914,28.645944595336914,3400,0.0,0.0,0.0
2017-12-12 00:00:00-05:00,28.576118849897778,28.698549270629883,28.576118849897778,28.698549270629883,400,0.0,0.0,0.0
2017-12-13 00:00:00-05:00,28.63052942531869,28.929803185766907,28.63052942531869,28.911664962768555,2100,0.0,0.0,0.0
2017-12-14 00:00:00-05:00,28.925272630287555,28.925272630287555,28.721221923828125,28.721221923828125,600,0.0,0.0,0.0
2017-12-15 00:00:00-05:00,28.848182872959327,28.929803146585222,28.739356994628906,28.739356994628906,2200,0.0,0.0,0.0
2017-12-18 00:00:00-05:00,29.065835453509308,29.192799550856552,29.065835453509308,29.156526565551758,2700,0.0,0.0,0.0
2017-12-19 00:00:00-05:00,29.072102072593207,29.127162381348732,28.998687744140625,28.998687744140625,2600,0.378,0.0,0.0
2017-12-20 00:00:00-05:00,29.218931368894708,29.218931368894708,29.0353946685791,29.0353946685791,20400,0.0,0.0,0.0
2017-12-21 00:00:00-05:00,29.273987214999824,29.33822452521433,29.145512594570818,29.292341232299805,25500,0.0,0.0,0.0
2017-12-22 00:00:00-05:00,29.32905236699374,29.3474063873291,29.31804100499395,29.3474063873291,3000,0.0,0.0,0.0
2017-12-26 00:00:00-05:00,29.41898298217709,29.52176268980938,29.40246681526261,29.41164207458496,4700,0.0,0.0,0.0
2017-12-27 00:00:00-05:00,29.420819287822955,29.769535134478936,29.41255770412881,29.56764793395996,10000,0.0,0.0,0.0
2017-12-28 00:00:00-05:00,29.705298897713444,29.733748852423986,29.668594360351562,29.668594360351562,3000,0.0,0.0,0.0
2017-12-29 00:00:00-05:00,29.861308381987914,29.916366942188493,29.778717041015625,29.778717041015625,3400,0.0,0.0,0.0
2018-01-02 00:00:00-05:00,29.943897408070463,30.126513419602865,29.91636462942724,30.054018020629883,9000,0.0,0.0,0.0
2018-01-03 00:00:00-05:00,30.228376346367284,30.417419592628065,30.228376346367284,30.366029739379883,4900,0.0,0.0,0.0
2018-01-04 00:00:00-05:00,30.476148886482868,30.57250485668532,30.476148886482868,30.540386199951172,6000,0.0,0.0,0.0
2018-01-05 00:00:00-05:00,30.64958549662738,30.7330974935371,30.613798141479492,30.613798141479492,9800,0.0,0.0,0.0
2018-01-08 00:00:00-05:00,30.632157763903734,30.70557033968105,30.613803744791603,30.659687042236328,7000,0.0,0.0,0.0
2018-01-09 00:00:00-05:00,30.641333023124197,30.72392435879318,30.6275683839579,30.659687042236328,5300,0.0,0.0,0.0
2018-01-10 00:00:00-05:00,30.650510309329142,30.650510309329142,30.540386199951172,30.540386199951172,6300,0.0,0.0,0.0
2018-01-11 00:00:00-05:00,30.604620071151107,30.741356266347765,30.604620071151107,30.69639015197754,5600,0.0,0.0,0.0
2018-01-12 00:00:00-05:00,30.80651458568693,31.045113324885865,30.80651458568693,30.99005126953125,9000,0.0,0.0,0.0
2018-01-16 00:00:00-05:00,31.152478106789356,31.152478106789356,30.95334243774414,30.95334243774414,22600,0.0,0.0,0.0
2018-01-17 00:00:00-05:00,31.072642251601806,31.28370821040621,31.01391149362225,31.127700805664062,7200,0.0,0.0,0.0
2018-01-18 00:00:00-05:00,30.999230739313933,31.049703421744038,30.907464135261865,31.00840950012207,2800,0.0,0.0,0.0
2018-01-19 00:00:00-05:00,31.256180804506805,31.265356063842773,31.13688142911174,31.265356063842773,10500,0.0,0.0,0.0
2018-01-22 00:00:00-05:00,31.256178862373343,31.412182766090073,31.201116807765125,31.40300750732422,29500,0.0,0.0,0.0
2018-01-23 00:00:00-05:00,31.412189544943736,31.513134916507624,31.38466026203423,31.50395965576172,15900,0.0,0.0,0.0
2018-01-24 00:00:00-05:00,31.632429997595665,31.770079894048322,31.586543198106803,31.687488555908203,4200,0.0,0.0,0.0
2018-01-25 00:00:00-05:00,31.797608675464776,31.797608675464776,31.53148067484758,31.577363967895508,18900,0.0,0.0,0.0
2018-01-26 00:00:00-05:00,31.75631572390471,31.871025722979937,31.75631572390471,31.7976131439209,3200,0.0,0.0,0.0
2018-01-29 00:00:00-05:00,31.705845853194006,31.705845853194006,31.55442780083891,31.559017181396484,10400,0.0,0.0,0.0
2018-01-30 00:00:00-05:00,31.33877136284598,31.34335724206444,31.262603759765625,31.262603759765625,1800,0.0,0.0,0.0
2018-01-31 00:00:00-05:00,31.265349053159984,31.623243598422633,31.17358247769229,31.191936492919922,26900,0.0,0.0,0.0
2018-02-01 00:00:00-05:00,31.412184950839507,31.52230556704391,31.403009691435503,31.467247009277344,3100,0.0,0.0,0.0
2018-02-02 00:00:00-05:00,30.986381139261443,30.9992286029702,30.7404449770285,30.806516647338867,12000,0.0,0.0,0.0
2018-02-05 00:00:00-05:00,30.200845457709843,30.21002071644156,29.090453615608308,29.705297470092773,12700,0.0,0.0,0.0
2018-02-06 00:00:00-05:00,28.980331609346628,29.861305236816406,28.92527130460962,29.861305236816406,10500,0.0,0.0,0.0
2018-02-07 00:00:00-05:00,29.75118002994535,29.82459610066904,29.46670150756836,29.46670150756836,17500,0.0,0.0,0.0
2018-02-08 00:00:00-05:00,29.631881640922824,29.631881640922824,28.90691375732422,28.90691375732422,10200,0.0,0.0,0.0
2018-02-09 00:00:00-05:00,28.833502839892542,28.833502839892542,27.851585616325263,28.594905853271484,358000,0.0,0.0,0.0
2018-02-12 00:00:00-05:00,28.8720434768776,29.136335372924805,28.8720434768776,29.136335372924805,5000,0.0,0.0,0.0
2018-02-13 00:00:00-05:00,28.980331064046215,29.007862091064453,28.906916742333074,29.007862091064453,2000,0.0,0.0,0.0
2018-02-14 00:00:00-05:00,28.714204786731496,29.439172744750977,28.714204786731496,29.439172744750977,4100,0.0,0.0,0.0
2018-02-15 00:00:00-05:00,29.69612253210156,29.764028549194336,29.521761108276568,29.764028549194336,5700,0.0,0.0,0.0
2018-02-16 00:00:00-05:00,29.99069769929547,30.06319309782981,29.880577087402344,29.880577087402344,7000,0.0,0.0,0.0
2018-02-20 00:00:00-05:00,30.05401596937043,30.1090780222276,30.00721549987793,30.00721549987793,1900,0.0,0.0,0.0
2018-02-21 00:00:00-05:00,30.07236984724325,30.277929242547987,29.989778518676758,29.989778518676758,9000,0.0,0.0,0.0
2018-02-22 00:00:00-05:00,29.907188754047088,30.11825471571632,29.907188754047088,29.999876022338867,7300,0.0,0.0,0.0
2018-02-23 00:00:00-05:00,30.265086164570487,30.435775401756903,30.090728223748407,30.411914825439453,4600,0.0,0.0,0.0
2018-02-26 00:00:00-05:00,30.476148060077385,30.66885999525662,30.38897085168922,30.64133071899414,254800,0.0,0.0,0.0
2018-02-27 00:00:00-05:00,30.366029102115604,30.40640584291434,30.12284448014521,30.145784378051758,128400,0.0,0.0,0.0
2018-02-28 00:00:00-05:00,30.31096760627176,30.31096760627176,29.980602264404297,29.980602264404297,10800,0.0,0.0,0.0
2018-03-01 00:00:00-05:00,29.7878883508268,29.7878883508268,29.36575644213218,29.53093910217285,43900,0.0,0.0,0.0
2018-03-02 00:00:00-05:00,29.457526153298186,29.751183468794054,29.452940273851084,29.742008209228516,6600,0.0,0.0,0.0
2018-03-05 00:00:00-05:00,29.58600135556753,29.879658641918535,29.58600135556753,29.865890502929688,2400,0.0,0.0,0.0
2018-03-06 00:00:00-05:00,30.182490306605075,30.182490306605075,30.11825299588131,30.173315048217773,4000,0.0,0.0,0.0
2018-03-07 00:00:00-05:00,29.95307155895865,30.126512304973744,29.95307155895865,30.09072494506836,3200,0.0,0.0,0.0
2018-03-08 00:00:00-05:00,30.274264943981755,30.283440203748075,30.118257522583008,30.118257522583008,22200,0.0,0.0,0.0
2018-03-09 00:00:00-05:00,30.324725902550316,30.43026061494489,30.301786009017903,30.421085357666016,18800,0.0,0.0,0.0
2018-03-12 00:00:00-04:00,30.393556281231856,30.508266264857383,30.393556281231856,30.46697235107422,2900,0.0,0.0,0.0
2018-03-13 00:00:00-04:00,30.512860623749155,30.54038990409707,30.424762725830078,30.424762725830078,4100,0.0,0.0,0.0
2018-03-14 00:00:00-04:00,30.688137159123382,30.688137159123382,30.457796493486278,30.476150512695312,3200,0.0,0.0,0.0
2018-03-15 00:00:00-04:00,30.540390396700303,30.595452458955716,30.434859153216816,30.466060638427734,4200,0.0,0.0,0.0
2018-03-16 00:00:00-04:00,30.28344166726,30.28344166726,30.237558364868164,30.237558364868164,1100,0.0,0.0,0.0
2018-03-19 00:00:00-04:00,30.16413991326476,30.16413991326476,29.96592140197754,29.96592140197754,3900,0.0,0.0,0.0
2018-03-20 00:00:00-04:00,30.017308872297576,30.136608240214585,30.017308872297576,30.09072494506836,1000,0.0,0.0,0.0
2018-03-21 00:00:00-04:00,30.15496283559747,30.15496283559747,30.054017483940978,30.121009826660156,2400,0.0,0.0,0.0
2018-03-22 00:00:00-04:00,30.063193798333206,30.063193798333206,29.732831954956055,29.732831954956055,3200,0.0,0.0,0.0
2018-03-23 00:00:00-04:00,29.650240542743123,29.714477859401747,29.63004867121795,29.641061782836914,1300,0.0,0.0,0.0
2018-03-26 00:00:00-04:00,29.576821201445583,29.916361766400932,29.576821201445583,29.90718650817871,30900,0.0,0.0,0.0
2018-03-27 00:00:00-04:00,29.989780019623336,30.04392139848738,29.67776870727539,29.67776870727539,5800,0.0,0.0,0.0
2018-03-28 00:00:00-04:00,29.68694508035433,29.68694508035433,29.641061782836914,29.641061782836914,3000,0.0,0.0,0.0
2018-03-29 00:00:00-04:00,29.842950763726208,29.91728401184082,29.728240776242945,29.91728401184082,11400,0.0,0.0,0.0
2018-04-02 00:00:00-04:00,29.824597226487867,29.824597226487867,29.420819324278536,29.429994583129883,9500,0.0,0.0,0.0
2018-04-03 00:00:00-04:00,29.746597961416967,29.870483220793613,29.596097097557557,29.858552932739258,17100,0.0,0.0,0.0
2018-04-04 00:00:00-04:00,29.374930653135777,29.723649978637695,29.374930653135777,29.723649978637695,1800,0.0,0.0,0.0
2018-04-05 00:00:00-04:00,29.95307338235847,29.99895668029785,29.888836065109086,29.99895668029785,9800,0.0,0.0,0.0
2018-04-06 00:00:00-04:00,29.907191463754476,30.07696352469853,29.677771462805353,29.80165672302246,9500,0.0,0.0,0.0
2018-04-09 00:00:00-04:00,29.925545337517484,30.145786576975254,29.916366577148438,29.916366577148438,11100,0.0,0.0,0.0
2018-04-10 00:00:00-04:00,30.20084775837185,30.421092492092182,30.20084775837185,30.350431442260742,3500,0.0,0.0,0.0
2018-04-11 00:00:00-04:00,30.32014644193275,30.366029739379883,30.292613662927508,30.366029739379883,2400,0.0,0.0,0.0
2018-04-12 00:00:00-04:00,30.43026705594011,30.476150353387244,30.349510071976738,30.366029739379883,15300,0.0,0.0,0.0
2018-04-13 00:00:00-04:00,30.448622541670737,30.52203512098797,30.430268521673586,30.48533058166504,1500,0.0,0.0,0.0
2018-04-16 00:00:00-04:00,30.59361418405356,30.653262118344617,30.540386480497276,30.604623794555664,6900,0.0,0.0,0.0
2018-04-17 00:00:00-04:00,30.604622086844483,30.69639217371511,30.55323223846528,30.650508880615234,19300,0.0,0.0,0.0
2018-04-18 00:00:00-04:00,30.65051489971971,30.879934910943145,30.65051489971971,30.841392517089844,3500,0.0,0.0,0.0
2018-04-19 00:00:00-04:00,30.687213598976815,30.691802978515625,30.58627175381925,30.691802978515625,4400,0.0,0.0,0.0
2018-04-20 00:00:00-04:00,30.53121388132223,30.55874316098227,30.48257555329621,30.48533058166504,7700,0.0,0.0,0.0
2018-04-23 00:00:00-04:00,30.457796514972923,30.484412118281092,30.407323837280273,30.407323837280273,2900,0.0,0.0,0.0
2018-04-24 00:00:00-04:00,30.375207354998807,30.375207354998807,30.18249539036823,30.217369079589844,4200,0.0,0.0,0.0
2018-04-25 00:00:00-04:00,30.04484090699981,30.210020065307617,30.003543491919654,30.210020065307617,1100,0.0,0.0,0.0
2018-04-26 00:00:00-04:00,30.32932051009153,30.347674528483843,30.237553918801026,30.31096649169922,27000,0.0,0.0,0.0
2018-04-27 00:00:00-04:00,30.29261145438046,30.320144231378364,30.14486563706366,30.23847007751465,14600,0.0,0.0,0.0
2018-04-30 00:00:00-04:00,30.191672366342043,30.200847625732422,30.14854059566335,30.200847625732422,2300,0.0,0.0,0.0
2018-05-01 00:00:00-04:00,29.907189209767996,29.953072506365498,29.861305913170494,29.943897247314453,10700,0.0,0.0,0.0
2018-05-02 00:00:00-04:00,30.122842689205775,30.18249062102181,30.099899291992188,30.099899291992188,8000,0.0,0.0,0.0
2018-05-03 00:00:00-04:00,29.999874309263607,30.19992714827892,29.999874309263607,30.173315048217773,4800,0.0,0.0,0.0
2018-05-04 00:00:00-04:00,30.072371253941274,30.347674528483843,30.072371253941274,30.31096649169922,1300,0.0,0.0,0.0
2018-05-07 00:00:00-04:00,30.384382247924805,30.48532759769269,30.384382247924805,30.384382247924805,12700,0.0,0.0,0.0
2018-05-08 00:00:00-04:00,30.31188363090659,30.45779510137884,30.288026557629355,30.448619842529297,8000,0.0,0.0,0.0
2018-05-09 00:00:00-04:00,30.4669719384304,30.58627129997301,30.4669719384304,30.517444610595703,11000,0.0,0.0,0.0
2018-05-10 00:00:00-04:00,30.62297717488026,30.668860469584338,30.590858518520303,30.619308471679688,4400,0.0,0.0,0.0
2018-05-11 00:00:00-04:00,30.811105669758508,30.852399588055306,30.753292083740234,30.753292083740234,21900,0.0,0.0,0.0
2018-05-14 00:00:00-04:00,30.889107368864217,30.8982826281853,30.733103455707166,30.78173828125,9800,0.0,0.0,0.0
2018-05-15 00:00:00-04:00,30.622977331123238,30.67803938545167,30.522031981856625,30.56791877746582,16200,0.0,0.0,0.0
2018-05-16 00:00:00-04:00,30.558739274734897,30.751451209190165,30.558739274734897,30.687213897705078,8100,0.0,0.0,0.0
2018-05-17 00:00:00-04:00,30.705568054692925,30.742276090185516,30.65050950212498,30.70465087890625,12100,0.0,0.0,0.0
2018-05-18 00:00:00-04:00,30.604625619529457,30.64592303855591,30.55874232113328,30.586275100708008,8600,0.0,0.0,0.0
2018-05-21 00:00:00-04:00,30.77898709176442,30.77898709176442,30.72851441326593,30.742279052734375,4600,0.0,0.0,0.0
2018-05-22 00:00:00-04:00,30.778984837913868,30.778984837913868,30.62022590637207,30.62022590637207,23000,0.0,0.0,0.0
2018-05-23 00:00:00-04:00,30.39355562504787,30.44770050048828,30.31004712284117,30.44770050048828,9600,0.0,0.0,0.0
2018-05-24 00:00:00-04:00,30.48532748102688,30.48532748102688,30.375203372244606,30.430265426635742,13100,0.0,0.0,0.0
2018-05-25 00:00:00-04:00,30.338500699022113,30.34767595831503,30.195340749085513,30.274263381958008,4600,0.0,0.0,0.0
2018-05-29 00:00:00-04:00,29.898014108965672,29.916364627164892,29.65941536432195,29.760360717773438,16200,0.0,0.0,0.0
2018-05-30 00:00:00-04:00,29.966837465861314,30.164138793945312,29.9622515866223,30.164138793945312,15900,0.0,0.0,0.0
2018-05-31 00:00:00-04:00,30.18249265206107,30.200846670932833,30.05034581658707,30.054018020629883,9600,0.0,0.0,0.0
2018-06-01 00:00:00-04:00,30.22837639059006,30.283438448009896,29.879660528944733,29.93471908569336,303200,0.0,0.0,0.0
2018-06-04 00:00:00-04:00,30.246730602736797,30.40182084022405,30.219201324186816,30.274263381958008,7700,0.0,0.0,0.0
2018-06-05 00:00:00-04:00,30.37520523686501,30.37520523686501,30.19167204563684,30.274263381958008,6000,0.0,0.0,0.0
2018-06-06 00:00:00-04:00,30.512857203235413,30.604623794555664,30.47890419456771,30.604623794555664,20800,0.0,0.0,0.0
2018-06-07 00:00:00-04:00,30.696394442466307,30.696394442466307,30.437607329236478,30.439441680908203,53600,0.0,0.0,0.0
2018-06-08 00:00:00-04:00,30.512858551113382,30.512858551113382,30.466975253426405,30.476150512695312,2100,0.0,0.0,0.0
2018-06-11 00:00:00-04:00,30.66885939731849,30.69639217371511,30.62297610421861,30.650508880615234,13200,0.0,0.0,0.0
2018-06-12 00:00:00-04:00,30.61380250718954,30.61380250718954,30.448619842529297,30.448619842529297,3600,0.0,0.0,0.0
2018-06-13 00:00:00-04:00,30.586274627949525,30.595449887218432,30.476150512695312,30.476150512695312,3900,0.0,0.0,0.0
2018-06-14 00:00:00-04:00,30.559660662217333,30.58260406262587,30.38438554548634,30.411914825439453,6800,0.0,0.0,0.0
2018-06-15 00:00:00-04:00,30.246729730719725,30.246729730719725,30.008134488599094,30.145784378051758,63600,0.0,0.0,0.0
2018-06-18 00:00:00-04:00,29.916362448541694,30.00813253621052,29.874151358817844,29.989778518676758,12500,0.0,0.0,0.0
2018-06-19 00:00:00-04:00,29.54795052147609,29.59426498413086,29.409010666943985,29.59426498413086,12900,0.303,0.0,0.0
2018-06-20 00:00:00-04:00,29.6591039821074,29.6591039821074,29.54795103651459,29.566476821899414,7600,0.0,0.0,0.0
2018-06-21 00:00:00-04:00,29.4831116692725,29.510900346515495,29.35343470890403,29.36269760131836,8700,0.0,0.0,0.0
2018-06-22 00:00:00-04:00,29.75172618338773,29.788777750181932,29.67021697655876,29.71930694580078,11800,0.0,0.0,0.0
2018-06-25 00:00:00-04:00,29.46458321527854,29.46458321527854,29.1765148841678,29.177440643310547,10800,0.0,0.0,0.0
2018-06-26 00:00:00-04:00,29.344173139790076,29.38122294440211,29.23579923704288,29.325647354125977,51100,0.0,0.0,0.0
2018-06-27 00:00:00-04:00,29.371962118672982,29.71468387742995,29.15058550125704,29.195972442626953,320700,0.0,0.0,0.0
2018-06-28 00:00:00-04:00,29.140392371881333,29.251545316635937,29.01071540859773,29.205232620239258,58700,0.0,0.0,0.0
2018-06-29 00:00:00-04:00,29.409007732065664,29.491446230662916,29.33120156262966,29.39048194885254,5700,0.0,0.0,0.0
2018-07-02 00:00:00-04:00,28.918087884158176,29.03850372001576,28.881038080851603,29.003305435180664,5500,0.0,0.0,0.0
2018-07-03 00:00:00-04:00,29.131128288594393,29.131128288594393,28.91252899169922,28.91252899169922,5400,0.0,0.0,0.0
2018-07-05 00:00:00-04:00,28.94587398838237,28.96439977174676,28.83657433993478,28.91252899169922,7100,0.0,0.0,0.0
2018-07-06 00:00:00-04:00,29.131130225794042,29.242281399939976,29.1126044411977,29.220050811767578,6900,0.0,0.0,0.0
2018-07-09 00:00:00-04:00,29.37288743059831,29.510901529687867,29.37288743059831,29.455324172973633,4700,0.0,0.0,0.0
2018-07-10 00:00:00-04:00,29.473849807288293,29.473849807288293,29.39048553936091,29.436800003051758,11400,0.0,0.0,0.0
2018-07-11 00:00:00-04:00,29.15891886441148,29.223757347626016,28.91530990600586,28.91530990600586,8500,0.0,0.0,0.0
2018-07-12 00:00:00-04:00,29.158916473388672,29.195968041739427,29.158916473388672,29.158916473388672,3400,0.0,0.0,0.0
2018-07-13 00:00:00-04:00,29.26914222073395,29.26914222073395,29.20986006761593,29.233943939208984,2900,0.0,0.0,0.0
2018-07-16 00:00:00-04:00,29.257103625123754,29.288597106933594,29.257103625123754,29.288597106933594,700,0.0,0.0,0.0
2018-07-17 00:00:00-04:00,29.223754886783397,29.362696501076034,29.223754886783397,29.35343360900879,4500,0.0,0.0,0.0
2018-07-18 00:00:00-04:00,29.32101440742751,29.43031406055759,29.2422807081138,29.35065460205078,8500,0.0,0.0,0.0
2018-07-19 00:00:00-04:00,29.223754369334255,29.33953786805066,29.223754369334255,29.251543045043945,5700,0.0,0.0,0.0
2018-07-20 00:00:00-04:00,29.245985657501937,29.37103205111858,29.245985657501937,29.309898376464844,5500,0.0,0.0,0.0
2018-07-23 00:00:00-04:00,29.242280153140715,29.297855737844113,29.186704568437317,29.251543045043945,13000,0.0,0.0,0.0
2018-07-24 00:00:00-04:00,29.44606304690408,29.585002905257358,29.177444456267075,29.455324172973633,30300,0.0,0.0,0.0
2018-07-25 00:00:00-04:00,29.473850393038568,29.622053146362305,29.446063480987977,29.622053146362305,7800,0.0,0.0,0.0
2018-07-26 00:00:00-04:00,29.7239414399818,29.816566830281875,29.71560607354715,29.770254135131836,10400,0.0,0.0,0.0
2018-07-27 00:00:00-04:00,29.90919546491946,29.92772124948684,29.785073061661233,29.81100845336914,10200,0.0,0.0,0.0
2018-07-30 00:00:00-04:00,29.890669299999193,29.890669299999193,29.77488579800048,29.779518127441406,2800,0.0,0.0,0.0
2018-07-31 00:00:00-04:00,29.649837671895682,29.723940809309163,29.64706039428711,29.64706039428711,2300,0.0,0.0,0.0
2018-08-01 00:00:00-04:00,29.67207234052056,29.760994698978674,29.608159616218312,29.686891555786133,34400,0.0,0.0,0.0
2018-08-02 00:00:00-04:00,29.353434346388138,29.52849824072353,29.353434346388138,29.40900993347168,68000,0.0,0.0,0.0
2018-08-03 00:00:00-04:00,29.409009863665933,29.473848342895508,29.346022902862313,29.473848342895508,10600,0.0,0.0,0.0
2018-08-06 00:00:00-04:00,29.3256455938628,29.343245619202104,29.2543232667249,29.284889221191406,6200,0.0,0.0,0.0
2018-08-07 00:00:00-04:00,29.446061507515267,29.51089998690941,29.434019570851767,29.468290328979492,10800,0.0,0.0,0.0
2018-08-08 00:00:00-04:00,29.446060919144738,29.5201622893597,29.387704522139988,29.501636505126953,7300,0.0,0.0,0.0
2018-08-09 00:00:00-04:00,29.566476525432748,29.566476525432748,29.45532358095448,29.459030151367188,6700,0.0,0.0,0.0
2018-08-10 00:00:00-04:00,28.992189255720866,28.992189255720866,28.788410920756885,28.973665237426758,52900,0.0,0.0,0.0
2018-08-13 00:00:00-04:00,28.788409289604417,28.788409289604417,28.556842290245722,28.584630966186523,54300,0.0,0.0,0.0
2018-08-14 00:00:00-04:00,28.680036174583304,28.75136026809397,28.603155759106595,28.637428283691406,2700,0.0,0.0,0.0
2018-08-15 00:00:00-04:00,28.38085299034939,28.38085299034939,28.136318277344344,28.260438919067383,12900,0.0,0.0,0.0
2018-08-16 00:00:00-04:00,28.35306494034906,28.37622128773682,28.283594131469727,28.283594131469727,3500,0.0,0.0,0.0
2018-08-17 00:00:00-04:00,28.343801687636763,28.475331929854633,28.290077619676104,28.459585189819336,3400,0.0,0.0,0.0
2018-08-20 00:00:00-04:00,28.408641887812674,28.62168312072754,28.380853209587027,28.62168312072754,355500,0.0,0.0,0.0
2018-08-21 00:00:00-04:00,28.65873183664703,28.862510156519154,28.65873183664703,28.730979919433594,12200,0.0,0.0,0.0
2018-08-22 00:00:00-04:00,28.982929014004043,29.010715925650842,28.91808876449048,28.98848533630371,25300,0.0,0.0,0.0
2018-08-23 00:00:00-04:00,28.918086628705787,28.926423761613766,28.794893520489307,28.816198348999023,41400,0.0,0.0,0.0
2018-08-24 00:00:00-04:00,28.97273954326977,29.06629246675525,28.910680102949595,29.03850555419922,12500,0.0,0.0,0.0
2018-08-27 00:00:00-04:00,29.325645890940276,29.520163097275663,29.316382998570393,29.492374420166016,91300,0.0,0.0,0.0
2018-08-28 00:00:00-04:00,29.49700619240427,29.49700619240427,29.36269866432439,29.404380798339844,3200,0.0,0.0,0.0
2018-08-29 00:00:00-04:00,29.409936206305233,29.58500187041405,29.395116991739382,29.510900497436523,9200,0.0,0.0,0.0
2018-08-30 00:00:00-04:00,29.34417196810756,29.53776165043391,29.334909075645367,29.381221771240234,16000,0.0,0.0,0.0
2018-08-31 00:00:00-04:00,29.390484663702424,29.43679912601338,29.24784000656008,29.381221771240234,5600,0.0,0.0,0.0
2018-09-04 00:00:00-04:00,28.992186759065753,28.992186759065753,28.8625098085936,28.93661117553711,11900,0.0,0.0,0.0
2018-09-05 00:00:00-04:00,28.927352689927755,28.927352689927755,28.75136302082835,28.8439884185791,9900,0.0,0.0,0.0
2018-09-06 00:00:00-04:00,28.677255630493164,28.806934348235735,28.621680046726894,28.677255630493164,22000,0.0,0.0,0.0
2018-09-07 00:00:00-04:00,28.4827456221866,28.49386003436775,28.362331540000813,28.380855560302734,37300,0.0,0.0,0.0
2018-09-10 00:00:00-04:00,28.529054711940294,28.556843388950245,28.436429322005917,28.464216232299805,10000,0.0,0.0,0.0
2018-09-11 00:00:00-04:00,28.408639907836914,28.52905397165669,28.32712893079196,28.408639907836914,10900,0.0,0.0,0.0
2018-09-12 00:00:00-04:00,28.479036222560516,28.85324787301838,28.43642833266716,28.517013549804688,28700,0.0,0.0,0.0
2018-09-13 00:00:00-04:00,28.635577095262562,28.714309030063216,28.635577095262562,28.653175354003906,4600,0.0,0.0,0.0
2018-09-14 00:00:00-04:00,28.843985996440477,28.906047198450075,28.73283482178687,28.871774673461914,17100,0.0,0.0,0.0
2018-09-17 00:00:00-04:00,29.001451782662542,29.057029136992607,28.87177482265787,28.990337371826172,53400,0.0,0.0,0.0
2018-09-18 00:00:00-04:00,29.149653836788296,29.23765042903459,29.13112981916658,29.180221557617188,4200,0.0,0.0,0.0
2018-09-19 00:00:00-04:00,29.29785801303262,29.29878553899616,29.177443942371575,29.205232620239258,17300,0.0,0.0,0.0
2018-09-20 00:00:00-04:00,29.390485831238244,29.484966278076172,29.344173133803608,29.484966278076172,4500,0.0,0.0,0.0
2018-09-21 00:00:00-04:00,29.510901529687867,29.510901529687867,29.432167824367443,29.455324172973633,6200,0.0,0.0,0.0
2018-09-24 00:00:00-04:00,29.393261867044018,29.393261867044018,29.316381454467773,29.316381454467773,4400,0.0,0.0,0.0
2018-09-25 00:00:00-04:00,29.622050900765558,29.622050900765558,29.517383575439453,29.517383575439453,3000,0.0,0.0,0.0
2018-09-26 00:00:00-04:00,29.53868755986769,29.603526040716638,29.492374864037327,29.5294246673584,8000,0.0,0.0,0.0
2018-09-27 00:00:00-04:00,29.288596006874208,29.353434486567327,29.131130370455462,29.149654388427734,68500,0.0,0.0,0.0
2018-09-28 00:00:00-04:00,29.03757942891619,29.158919263428338,29.03757942891619,29.08481788635254,2200,0.0,0.0,0.0
2018-10-01 00:00:00-04:00,29.279332269472413,29.297856286910047,29.149653547112884,29.191335678100586,28000,0.0,0.0,0.0
2018-10-02 00:00:00-04:00,29.010715189629284,29.121868133544922,28.973665386134808,29.121868133544922,19700,0.0,0.0,0.0
2018-10-03 00:00:00-04:00,29.103342349655048,29.103342349655048,28.919941317223664,28.962549209594727,24500,0.0,0.0,0.0
2018-10-04 00:00:00-04:00,28.797671456488697,28.797671456488697,28.436427511934006,28.677255630493164,17800,0.0,0.0,0.0
2018-10-05 00:00:00-04:00,28.320644412161293,28.320644412161293,28.288225173950195,28.288225173950195,2100,0.0,0.0,0.0
2018-10-08 00:00:00-04:00,28.03813319054233,28.14928436279297,27.92698025157566,28.14928436279297,11600,0.0,0.0,0.0
2018-10-09 00:00:00-04:00,27.788040682519053,27.94921112060547,27.788040682519053,27.94921112060547,15000,0.0,0.0,0.0
2018-10-10 00:00:00-04:00,27.73246782678839,27.741730719933983,27.195232391357422,27.195232391357422,41000,0.0,0.0,0.0
2018-10-11 00:00:00-04:00,27.056288267903785,27.178555619413885,26.73209587126038,26.880298614501953,30800,0.0,0.0,0.0
2018-10-12 00:00:00-04:00,27.28785418254499,27.28785418254499,26.845099255691526,27.148914337158203,435400,0.0,0.0,0.0
2018-10-15 00:00:00-04:00,27.04702729530911,27.111865775004524,27.00997572593112,27.028501510620117,31200,0.0,0.0,0.0
2018-10-16 00:00:00-04:00,27.306381849217154,27.56388425554887,27.306381849217154,27.559253692626953,17900,0.0,0.0,0.0
2018-10-17 00:00:00-04:00,27.482373607431906,27.537949196748887,27.37122066208181,27.445322036743164,18600,0.0,0.0,0.0
2018-10-18 00:00:00-04:00,27.260068661514985,27.297118464370488,26.880298906986674,26.89882469177246,12800,0.0,0.0,0.0
2018-10-19 00:00:00-04:00,27.056286217235282,27.14891336641982,26.94976561402364,27.009973526000977,27200,0.0,0.0,0.0
2018-10-22 00:00:00-04:00,26.938653690989792,27.000713126984607,26.8061976857847,26.917348861694336,15300,0.0,0.0,0.0
2018-10-23 00:00:00-04:00,26.31527512095329,26.509792329863227,26.120759678759452,26.38011360168457,17800,0.0,0.0,0.0
2018-10-24 00:00:00-04:00,26.352325964511333,26.352325964511333,25.778039012820543,25.795639038085938,29300,0.0,0.0,0.0
2018-10-25 00:00:00-04:00,25.92624172828711,25.99108020716383,25.842877464955315,25.91697883605957,163700,0.0,0.0,0.0
2018-10-26 00:00:00-04:00,25.5464735023381,25.860479030707527,25.36121918018386,25.685413360595703,194500,0.0,0.0,0.0
2018-10-29 00:00:00-04:00,25.778039335889904,26.018869236925845,25.384376127815734,25.46310806274414,30700,0.0,0.0,0.0
2018-10-30 00:00:00-04:00,25.694675082550706,25.96329366076265,25.657625279837788,25.87066650390625,56500,0.0,0.0,0.0
2018-10-31 00:00:00-04:00,26.22264843812796,26.389376972583023,26.22264843812796,26.355104446411133,32200,0.0,0.0,0.0
2018-11-01 00:00:00-04:00,26.68207514428992,26.861771358135712,26.662623601557087,26.828426361083984,43200,0.0,0.0,0.0
2018-11-02 00:00:00-04:00,27.167441362355444,27.195230039388935,26.820090849659092,27.028501510620117,116700,0.0,0.0,0.0
2018-11-05 00:00:00-05:00,26.898828295764787,26.991453698671837,26.806201126141424,26.81546401977539,20500,0.0,0.0,0.0
2018-11-06 00:00:00-05:00,26.889559468762226,27.019236417591024,26.889559468762226,27.009973526000977,226200,0.0,0.0,0.0
2018-11-07 00:00:00-05:00,27.198010882637707,27.314720153808594,27.195231838078946,27.314720153808594,197100,0.0,0.0,0.0
2018-11-08 00:00:00-05:00,27.21375579794668,27.21375579794668,26.90808739789206,27.00164031982422,48600,0.0,0.0,0.0
2018-11-09 00:00:00-05:00,26.83120540122225,26.889561799970377,26.741359055112955,26.769145965576172,33600,0.0,0.0,0.0
2018-11-12 00:00:00-05:00,26.57463244886624,26.57463244886624,26.046659911259,26.083709716796875,238300,0.0,0.0,0.0
2018-11-13 00:00:00-05:00,26.21431406119336,26.34306527061678,26.03276453828376,26.124465942382812,12800,0.0,0.0,0.0
2018-11-14 00:00:00-05:00,26.17633533159282,26.22264802745342,25.824352482874303,26.037395477294922,34500,0.0,0.0,0.0
2018-11-15 00:00:00-05:00,25.75024790575328,26.065179145228303,25.7372802111884,25.944765090942383,11800,0.0,0.0,0.0
2018-11-16 00:00:00-05:00,25.805830541728486,26.046660466363964,25.805830541728486,26.023502349853516,10900,0.0,0.0,0.0
2018-11-19 00:00:00-05:00,25.914197500061206,25.914197500061206,25.766922296800598,25.815088272094727,5800,0.0,0.0,0.0
2018-11-20 00:00:00-05:00,25.351956808398196,25.52794646240933,25.231540974899982,25.279706954956055,41800,0.0,0.0,0.0
2018-11-21 00:00:00-05:00,25.538134971560062,25.713200632093564,25.509422302246094,25.509422302246094,20300,0.0,0.0,0.0
2018-11-23 00:00:00-05:00,25.666887940459816,25.666887940459816,25.61131234970877,25.639101028442383,3900,0.0,0.0,0.0
2018-11-26 00:00:00-05:00,25.766926037004534,25.864183760836333,25.685413287465,25.75025177001953,28000,0.0,0.0,0.0
2018-11-27 00:00:00-05:00,25.53257705646153,25.6761474609375,25.53257705646153,25.6761474609375,22100,0.0,0.0,0.0
2018-11-28 00:00:00-05:00,25.648362179773567,26.065181732177734,25.644657376203888,26.065181732177734,11000,0.0,0.0,0.0
2018-11-29 00:00:00-05:00,26.036468685835107,26.130021606148254,25.972557729093694,26.092971801757812,9100,0.0,0.0,0.0
2018-11-30 00:00:00-05:00,25.930873988442187,25.991080137686176,25.916978766779998,25.9818172454834,9100,0.0,0.0,0.0
2018-12-03 00:00:00-05:00,26.398642914032056,26.398642914032056,26.205053205205356,26.361591339111328,46700,0.0,0.0,0.0
2018-12-04 00:00:00-05:00,26.009607765429116,26.009607765429116,25.44643695328628,25.49089813232422,47200,0.0,0.0,0.0
2018-12-06 00:00:00-05:00,25.175965315593256,25.361217861398195,24.925872523704726,25.314905166625977,108000,0.0,0.0,0.0
2018-12-07 00:00:00-05:00,25.37974549069547,25.412164732735597,25.074077089519857,25.101865768432617,28800,0.0,0.0,0.0
2018-12-10 00:00:00-05:00,24.879560138636904,24.879560138636904,24.592415773983337,24.83417320251465,71900,0.0,0.0,0.0
2018-12-11 00:00:00-05:00,24.87029742824201,24.898084338968182,24.629467523890693,24.73135757446289,64700,0.0,0.0,0.0
2018-12-12 00:00:00-05:00,25.083338883557946,25.240804523732443,25.083338883557946,25.092601776123047,65100,0.0,0.0,0.0
2018-12-13 00:00:00-05:00,25.129652462994326,25.129652462994326,24.972186817284786,25.01850128173828,33600,0.0,0.0,0.0
2018-12-14 00:00:00-05:00,24.702644978420622,24.777672116374198,24.624837029127914,24.666519165039062,130700,0.0,0.0,0.0
2018-12-17 00:00:00-05:00,24.49237918294992,24.58315482255401,24.268223545145123,24.32379913330078,48400,0.0,0.0,0.0
2018-12-18 00:00:00-05:00,24.537943423740163,24.551969878686595,24.319122521884466,24.33221435546875,71800,0.249,0.0,0.0
2018-12-19 00:00:00-05:00,24.528592805732355,24.628652587828405,24.107783088444357,24.15921401977539,74300,0.0,0.0,0.0
2018-12-20 00:00:00-05:00,23.98621476929071,24.077857608835853,23.72437808487602,23.817890167236328,175400,0.0,0.0,0.0
2018-12-21 00:00:00-05:00,23.612160478608228,23.75243038215147,23.34097045261318,23.425132751464844,35400,0.0,0.0,0.0
2018-12-24 00:00:00-05:00,23.406432500842254,23.459734460248967,23.106253145258282,23.135242462158203,27300,0.0,0.0,0.0
2018-12-26 00:00:00-05:00,23.238106437238535,23.761781567805922,23.11092836960645,23.750560760498047,77300,0.0,0.0,0.0
2018-12-27 00:00:00-05:00,23.594393131892545,23.892699655539413,23.37837609490297,23.855295181274414,88600,0.0,0.0,0.0
2018-12-28 00:00:00-05:00,24.061026826217592,24.145189131864985,23.967512955095078,24.014270782470703,143300,0.0,0.0,0.0
2018-12-31 00:00:00-05:00,24.173242899431507,24.24805363672916,24.07037746678648,24.191946029663086,71400,0.0,0.0,0.0
2019-01-02 00:00:00-05:00,23.99556672948882,24.21999894138179,23.939459122422747,24.191946029663086,14300,0.0,0.0,0.0
2019-01-03 00:00:00-05:00,24.14518738057044,24.164825131555222,23.96751121668771,24.02362060546875,30500,0.0,0.0,0.0
2019-01-04 00:00:00-05:00,24.67260513705839,24.81848634067131,24.650161737761888,24.771728515625,16500,0.0,0.0,0.0
2019-01-07 00:00:00-05:00,24.930699371926696,25.040110710969344,24.902644679353877,24.99335289001465,5200,0.0,0.0,0.0
2019-01-08 00:00:00-05:00,25.183188353278805,25.248647524443072,25.10463734788168,25.239295959472656,11100,0.0,0.0,0.0
2019-01-09 00:00:00-05:00,25.47307802336672,25.55162902349234,25.400138318572505,25.489910125732422,8200,0.0,0.0,0.0
2019-01-10 00:00:00-05:00,25.491781774123687,25.560046590226595,25.40761947661286,25.529186248779297,7500,0.0,0.0,0.0
2019-01-11 00:00:00-05:00,25.416971041183906,25.547889377921383,25.360863437386207,25.529186248779297,186600,0.0,0.0,0.0
2019-01-14 00:00:00-05:00,25.37021325943623,25.435674211539602,25.28231069268027,25.289793014526367,7700,0.0,0.0,0.0
2019-01-15 00:00:00-05:00,25.416969465671716,25.510483321956976,25.3889147736976,25.426321029663086,25800,0.0,0.0,0.0
2019-01-16 00:00:00-05:00,25.52918712165668,25.566593381219825,25.45437638615902,25.463727951049805,75500,0.0,0.0,0.0
2019-01-17 00:00:00-05:00,25.477754679561723,25.734916456110398,25.38891571018105,25.606801986694336,85600,0.0,0.0,0.0
2019-01-18 00:00:00-05:00,25.7957009410542,25.87051346152244,25.7957009410542,25.84619903564453,4500,0.0,0.0,0.0
2019-01-22 00:00:00-05:00,25.585294427535768,25.635790733479638,25.428190647243934,25.454374313354492,21000,0.0,0.0,0.0
2019-01-23 00:00:00-05:00,25.596518851884635,25.64140565259761,25.44502634538554,25.55724334716797,4000,0.0,0.0,0.0
2019-01-24 00:00:00-05:00,25.716215629187047,25.777934532428066,25.696577877411663,25.74427032470703,8100,0.0,0.0,0.0
2019-01-25 00:00:00-05:00,26.052864612009127,26.110843245397145,26.018263999534685,26.090269088745117,4300,0.0,0.0,0.0
2019-01-28 00:00:00-05:00,25.819079647202155,25.978052679177324,25.819079647202155,25.893890380859375,8700,0.0,0.0,0.0
2019-01-29 00:00:00-05:00,26.01545955513766,26.118324992270427,26.01545955513766,26.043514251708984,10800,0.0,0.0,0.0
2019-01-30 00:00:00-05:00,25.98272545167776,26.28383938814453,25.98272545167776,26.235212326049805,10400,0.0,0.0,0.0
2019-01-31 00:00:00-05:00,26.255786584545717,26.38951056901541,26.255786584545717,26.35210609436035,5500,0.0,0.0,0.0
2019-02-01 00:00:00-05:00,26.277295900700324,26.281970791267437,26.183782036700674,26.2679443359375,6000,0.0,0.0,0.0
2019-02-04 00:00:00-05:00,26.361454866448405,26.445617155042644,26.315633453444843,26.41849708557129,5600,0.0,0.0,0.0
2019-02-05 00:00:00-05:00,26.473672969999253,26.57653839705272,26.436268495197993,26.474609375,32900,0.0,0.0,0.0
2019-02-06 00:00:00-05:00,26.492376162265884,26.492376162265884,26.305348436928742,26.36145782470703,10700,0.0,0.0,0.0
2019-02-07 00:00:00-05:00,26.02480968999586,26.10897199145441,26.02480968999586,26.07811164855957,9000,0.0,0.0,0.0
2019-02-08 00:00:00-05:00,25.86209488025344,25.978052139282227,25.786349526792915,25.978052139282227,8200,0.0,0.0,0.0
2019-02-11 00:00:00-05:00,25.89389075379316,25.92194366455078,25.865836059406927,25.92194366455078,4100,0.0,0.0,0.0
2019-02-12 00:00:00-05:00,26.206228544128784,26.3053519318418,26.165082011017052,26.22119140625,6100,0.0,0.0,0.0
2019-02-13 00:00:00-05:00,26.352107547288544,26.398863589092414,26.32779312133789,26.32779312133789,12700,0.0,0.0,0.0
2019-02-14 00:00:00-05:00,26.26514007070939,26.417567195472667,26.26514007070939,26.351173400878906,13700,0.0,0.0,0.0
2019-02-15 00:00:00-05:00,26.51294902825842,26.64480377327694,26.51294902825842,26.632646560668945,7000,0.0,0.0,0.0
2019-02-19 00:00:00-05:00,26.557836807060827,26.819675280359412,26.557836807060827,26.81032371520996,13200,0.0,0.0,0.0
2019-02-20 00:00:00-05:00,26.716807615849532,26.920667438371545,26.716807615849532,26.79161834716797,13200,0.0,0.0,0.0
2019-02-21 00:00:00-05:00,26.819674289490752,26.819674289490752,26.576538955473847,26.632646560668945,129500,0.0,0.0,0.0
2019-02-22 00:00:00-05:00,26.726161741621272,26.83557309322568,26.726161741621272,26.82902717590332,7500,0.0,0.0,0.0
2019-02-25 00:00:00-05:00,26.978648673672513,26.978648673672513,26.800972500765322,26.833702087402344,46300,0.0,0.0,0.0
2019-02-26 00:00:00-05:00,26.96929659670273,27.037561416625977,26.947787818622764,27.037561416625977,5000,0.0,0.0,0.0
2019-02-27 00:00:00-05:00,26.95994529923693,27.100215209787898,26.95994529923693,27.05345916748047,108600,0.0,0.0,0.0
2019-02-28 00:00:00-05:00,26.93188970144466,26.9879990906883,26.82341475943847,26.883262634277344,13400,0.0,0.0,0.0
2019-03-01 00:00:00-05:00,27.03007861805339,27.04410507270791,26.913186739589683,27.01418113708496,15100,0.0,0.0,0.0
2019-03-04 00:00:00-05:00,26.997352488273354,27.00857329670663,26.852405898330534,26.875783920288086,13800,0.0,0.0,0.0
2019-03-05 00:00:00-05:00,26.86642974324638,27.016051209585356,26.86642974324638,26.950592041015625,6900,0.0,0.0,0.0
2019-03-06 00:00:00-05:00,26.950594495375217,26.95527116991528,26.782269884507595,26.866432189941406,6800,0.0,0.0,0.0
2019-03-07 00:00:00-05:00,26.65602379127367,26.65602379127367,26.429722350784427,26.462451934814453,12200,0.0,0.0,0.0
2019-03-08 00:00:00-05:00,26.183781663999603,26.36145782470703,26.183781663999603,26.36145782470703,6300,0.0,0.0,0.0
2019-03-11 00:00:00-04:00,26.380158880778136,26.57840919494629,26.380158880778136,26.57840919494629,7400,0.0,0.0,0.0
2019-03-12 00:00:00-04:00,26.656022130342492,26.688753495961592,26.585888076203283,26.600849151611328,8900,0.0,0.0,0.0
2019-03-13 00:00:00-04:00,26.77291604673489,26.87017017882057,26.77291604673489,26.84398651123047,2000,0.0,0.0,0.0
2019-03-14 00:00:00-04:00,26.62329596613987,26.772917441198764,26.62329596613987,26.6896915435791,9700,0.0,0.0,0.0
2019-03-15 00:00:00-04:00,26.887938168195564,26.978646381634313,26.866429391534837,26.927213668823242,6100,0.0,0.0,0.0
2019-03-18 00:00:00-04:00,26.968360155268034,27.05345707316678,26.968360155268034,27.039430618286133,3700,0.0,0.0,0.0
2019-03-19 00:00:00-04:00,27.128270731950415,27.17035188476079,27.04036815686655,27.10582733154297,35800,0.0,0.0,0.0
2019-03-20 00:00:00-04:00,27.043169957349765,27.102083206176758,27.043169957349765,27.102083206176758,300,0.0,0.0,0.0
2019-03-21 00:00:00-04:00,27.02540221392224,27.137619203164395,26.98986698263127,27.030078887939453,4000,0.0,0.0,0.0
2019-03-22 00:00:00-04:00,26.782270527836975,26.786947202489376,26.651352175630173,26.668184280395508,3700,0.0,0.0,0.0
2019-03-25 00:00:00-04:00,26.53913317504081,26.56812249136746,26.458712926807493,26.540069580078125,7500,0.0,0.0,0.0
2019-03-26 00:00:00-04:00,26.90383758307579,26.90383758307579,26.707458282194683,26.81032371520996,8300,0.0,0.0,0.0
2019-03-27 00:00:00-04:00,26.76356616274389,26.78600777748171,26.6045931314319,26.71587371826172,4800,0.0,0.0,0.0
2019-03-28 00:00:00-04:00,26.66070370018768,26.716811310528517,26.590567849540047,26.664443969726562,3100,0.0,0.0,0.0
2019-03-29 00:00:00-04:00,26.83370296508796,26.838379639691183,26.676600944091703,26.76824378967285,7600,0.0,0.0,0.0
2019-04-01 00:00:00-04:00,27.021660607913212,27.203077024428627,27.021660607913212,27.182504653930664,18000,0.0,0.0,0.0
2019-04-02 00:00:00-04:00,27.034755391532983,27.131074905395508,26.969296220414236,27.131074905395508,13500,0.0,0.0,0.0
2019-04-03 00:00:00-04:00,27.44247357740161,27.484554725647538,27.324645292135894,27.399456024169922,6900,0.0,0.0,0.0
2019-04-04 00:00:00-04:00,27.253576278686523,27.27789070429577,27.203079968282807,27.253576278686523,18100,0.0,0.0,0.0
2019-04-05 00:00:00-04:00,27.18437510143425,27.333996563900154,27.18437510143425,27.26292610168457,4700,0.0,0.0,0.0
2019-04-08 00:00:00-04:00,27.35269894652669,27.35269894652669,27.268536653231713,27.328386306762695,7200,0.0,0.0,0.0
2019-04-09 00:00:00-04:00,27.287244605958087,27.287244605958087,27.140428769209205,27.15819549560547,6800,0.0,0.0,0.0
2019-04-10 00:00:00-04:00,27.222718049781967,27.32464707686125,27.222718049781967,27.272279739379883,4400,0.0,0.0,0.0
2019-04-11 00:00:00-04:00,27.278825325702698,27.290047917100395,27.212431533238007,27.253576278686523,5200,0.0,0.0,0.0
2019-04-12 00:00:00-04:00,27.52102420593313,27.717401706003336,27.418158781918155,27.492969512939453,17000,0.0,0.0,0.0
2019-04-15 00:00:00-04:00,27.59957682604933,27.623891251463473,27.567781862182507,27.593965530395508,8000,0.0,0.0,0.0
2019-04-16 00:00:00-04:00,27.69870211134549,27.69870211134549,27.558430421141356,27.599576950073242,22200,0.0,0.0,0.0
2019-04-17 00:00:00-04:00,27.623890296265575,27.623890296265575,27.51167330521258,27.530376434326172,9600,0.0,0.0,0.0
2019-04-18 00:00:00-04:00,27.464916396009748,27.51167243368401,27.390105665553833,27.479877471923828,38900,0.0,0.0,0.0
2019-04-22 00:00:00-04:00,27.502322405053363,27.511673969836075,27.434057587405324,27.451826095581055,21600,0.0,0.0,0.0
2019-04-23 00:00:00-04:00,27.390105437194606,27.464916167026804,27.362050744646847,27.46211051940918,12300,0.0,0.0,0.0
2019-04-24 00:00:00-04:00,27.287242393357456,27.371404694708403,27.259187698364258,27.259187698364258,17500,0.0,0.0,0.0
2019-04-25 00:00:00-04:00,27.32464767640789,27.343350806955517,27.26105952962614,27.306880950927734,8800,0.0,0.0,0.0
2019-04-26 00:00:00-04:00,27.315293541183678,27.392909920387986,27.305943760418238,27.38542938232422,3600,0.0,0.0,0.0
2019-04-29 00:00:00-04:00,27.43686383457476,27.52196075723922,27.371404663294406,27.492036819458008,7500,0.0,0.0,0.0
2019-04-30 00:00:00-04:00,27.45743839987129,27.558432812715285,27.446217591168086,27.512611389160156,10200,0.0,0.0,0.0
2019-05-01 00:00:00-04:00,27.530375201961668,27.586482803162294,27.334932327270508,27.334932327270508,17900,0.0,0.0,0.0
2019-05-02 00:00:00-04:00,27.287243766274916,27.291918657194667,27.17222111628139,27.227394104003906,2700,0.0,0.0,0.0
2019-05-03 00:00:00-04:00,27.353634751996985,27.520090103149414,27.353634751996985,27.520090103149414,9400,0.0,0.0,0.0
2019-05-06 00:00:00-04:00,26.987999078942092,27.28724202026345,26.987999078942092,27.23113441467285,6900,0.0,0.0,0.0
2019-05-07 00:00:00-04:00,27.09086290346179,27.09086290346179,26.79255458157651,26.887004852294922,4700,0.0,0.0,0.0
2019-05-08 00:00:00-04:00,26.782269884507595,26.89448688629559,26.782269884507595,26.866432189941406,6300,0.0,0.0,0.0
2019-05-09 00:00:00-04:00,26.529783738154418,26.679405212402344,26.398863610465984,26.679405212402344,19200,0.0,0.0,0.0
2019-05-10 00:00:00-04:00,26.684077891002875,26.90289878845215,26.654153955359742,26.90289878845215,3700,0.0,0.0,0.0
2019-05-13 00:00:00-04:00,26.398864923432207,26.454974316787318,26.194070453483686,26.286649703979492,9300,0.0,0.0,0.0
2019-05-14 00:00:00-04:00,26.548483164604665,26.659765532635678,26.52043025498001,26.564380645751953,8900,0.0,0.0,0.0
2019-05-15 00:00:00-04:00,26.445620820633007,26.758890217666885,26.43626925575651,26.64012908935547,6800,0.0,0.0,0.0
2019-05-16 00:00:00-04:00,26.858013606655597,26.90289861802169,26.7682400166664,26.77198028564453,3200,0.0,0.0,0.0
2019-05-17 00:00:00-04:00,26.726161564473323,26.833701888860524,26.69904327392578,26.69904327392578,3400,0.0,0.0,0.0
2019-05-20 00:00:00-04:00,26.511080766307177,26.539133678128294,26.417566898436533,26.45777702331543,2400,0.0,0.0,0.0
2019-05-21 00:00:00-04:00,26.595242167556506,26.64667488232343,26.550355369809786,26.634517669677734,11400,0.0,0.0,0.0
2019-05-22 00:00:00-04:00,26.613942560300888,26.651348818292828,26.529782047076125,26.5765380859375,15300,0.0,0.0,0.0
2019-05-23 00:00:00-04:00,26.353042168528255,26.477414595283484,26.284777348663017,26.32218360900879,8100,0.0,0.0,0.0
2019-05-24 00:00:00-04:00,26.576538831264372,26.660701130477978,26.576538831264372,26.62142562866211,1800,0.0,0.0,0.0
2019-05-28 00:00:00-04:00,26.63451742345589,26.650414905162084,26.501728057861328,26.501728057861328,5500,0.0,0.0,0.0
2019-05-29 00:00:00-04:00,26.305348915018495,26.305348915018495,26.18471676127131,26.274490356445312,11200,0.0,0.0,0.0
2019-05-30 00:00:00-04:00,26.28197161835442,26.38016037601116,26.28197161835442,26.3203125,8100,0.0,0.0,0.0
2019-05-31 00:00:00-04:00,26.118323220591385,26.230538432007307,26.090268525923094,26.169755935668945,5400,0.0,0.0,0.0
2019-06-03 00:00:00-04:00,26.174430453559772,26.20903106479507,26.075307077674907,26.14731216430664,27800,0.0,0.0,0.0
2019-06-04 00:00:00-04:00,26.305348477279505,26.492376202903536,26.28945277937604,26.481155395507812,9200,0.0,0.0,0.0
2019-06-05 00:00:00-04:00,26.66070251180781,26.66070251180781,26.43627029681956,26.473674774169922,8600,0.0,0.0,0.0
2019-06-06 00:00:00-04:00,26.535393751755343,26.623296324946406,26.50172954368343,26.59711265563965,9000,0.0,0.0,0.0
2019-06-07 00:00:00-04:00,26.878586996564653,26.964618537207862,26.86830081057781,26.94872283935547,3800,0.0,0.0,0.0
2019-06-10 00:00:00-04:00,27.025403313839593,27.04410644341258,26.98238754272461,26.98238754272461,6300,0.0,0.0,0.0
2019-06-11 00:00:00-04:00,27.17502502936245,27.17502502936245,27.090862729150132,27.115177154541016,8000,0.0,0.0,0.0
2019-06-12 00:00:00-04:00,27.128268201153876,27.165672675924334,26.950592041015625,26.950592041015625,5000,0.0,0.0,0.0
2019-06-13 00:00:00-04:00,26.931889077390554,26.978646900676804,26.931889077390554,26.959943771362305,7900,0.0,0.0,0.0
2019-06-14 00:00:00-04:00,26.82434637583805,26.82902304956543,26.772913666607444,26.81499481201172,2400,0.0,0.0,0.0
2019-06-17 00:00:00-04:00,26.8491402806408,26.877592864867438,26.79223692111271,26.814998626708984,5800,0.401,0.0,0.0
2019-06-18 00:00:00-04:00,26.9250106121653,27.010366551426397,26.9250106121653,26.976224899291992,7300,0.0,0.0,0.0
2019-06-19 00:00:00-04:00,26.991397630852525,27.20004628223322,26.981915245721634,27.145986557006836,22400,0.0,0.0,0.0
2019-06-20 00:00:00-04:00,27.475085163012693,27.511124382743322,27.42766599391071,27.465600967407227,17900,0.0,0.0,0.0
2019-06-21 00:00:00-04:00,27.361277236418715,27.43714898901736,27.361277236418715,27.402057647705078,6600,0.0,0.0,0.0
2019-06-24 00:00:00-04:00,27.47508224648457,27.550953994349026,27.453270226940194,27.473186492919922,17000,0.0,0.0,0.0
2019-06-25 00:00:00-04:00,27.446633624174865,27.446633624174865,27.266437530517578,27.266437530517578,6400,0.0,0.0,0.0
2019-06-26 00:00:00-04:00,27.313855628330376,27.313855628330376,27.23798387748766,27.238933563232422,5800,0.0,0.0,0.0
2019-06-27 00:00:00-04:00,27.361278058752095,27.361278058752095,27.27592210839762,27.30437469482422,2700,0.0,0.0,0.0
2019-06-28 00:00:00-04:00,27.380243270635848,27.46749496459961,27.380243270635848,27.46749496459961,5100,0.0,0.0,0.0
2019-07-01 00:00:00-04:00,27.797537546701008,27.797537546701008,27.580354375117132,27.681833267211914,7200,0.0,0.0,0.0
2019-07-02 00:00:00-04:00,27.685627311822095,27.753912429177024,27.685627311822095,27.74063491821289,5400,0.0,0.0,0.0
2019-07-03 00:00:00-04:00,27.899964829228715,27.93031497598556,27.88289400225623,27.91324234008789,2600,0.0,0.0,0.0
2019-07-05 00:00:00-04:00,27.63631130432708,27.72166725101387,27.617344723116318,27.695112228393555,5000,0.0,0.0,0.0
2019-07-08 00:00:00-04:00,27.56518220786718,27.584148788839297,27.503535845163444,27.569923400878906,8400,0.0,0.0,0.0
2019-07-09 00:00:00-04:00,27.285402836241456,27.366965459825202,27.2379818648904,27.32523536682129,14100,0.0,0.0,0.0
2019-07-10 00:00:00-04:00,27.503534443408324,27.513018637873618,27.399210113215215,27.43524932861328,17000,0.0,0.0,0.0
2019-07-11 00:00:00-04:00,27.636310422786924,27.636310422786924,27.475082729624173,27.582252502441406,22100,0.0,0.0,0.0
2019-07-12 00:00:00-04:00,27.550955394700978,27.645795536583346,27.494052033141656,27.607860565185547,4200,0.0,0.0,0.0
2019-07-15 00:00:00-04:00,27.617345045532645,27.672350845073883,27.617345045532645,27.645795822143555,6600,0.0,0.0,0.0
2019-07-16 00:00:00-04:00,27.513021393620676,27.534835223968273,27.437149639224018,27.459911346435547,6600,0.0,0.0,0.0
2019-07-17 00:00:00-04:00,27.48551809268617,27.541473578573108,27.430510483649357,27.456117630004883,6000,0.0,0.0,0.0
2019-07-18 00:00:00-04:00,27.350845962555635,27.58415029713408,27.275922084611985,27.51396942138672,7900,0.0,0.0,0.0
2019-07-19 00:00:00-04:00,27.560437430681034,27.664761759471336,27.542418727686858,27.55379867553711,13800,0.0,0.0,0.0
2019-07-22 00:00:00-04:00,27.598375856040125,27.683731801251838,27.598375856040125,27.638208389282227,13300,0.0,0.0,0.0
2019-07-23 00:00:00-04:00,27.731149673461914,27.769086451308947,27.679937194078573,27.731149673461914,3700,0.0,0.0,0.0
2019-07-24 00:00:00-04:00,27.70269511822978,27.816503634744993,27.683728539581416,27.78236198425293,2900,0.0,0.0,0.0
2019-07-25 00:00:00-04:00,27.835473645765894,27.835473645765894,27.598374214045442,27.605960845947266,8600,0.0,0.0,0.0
2019-07-26 00:00:00-04:00,27.683731551485256,27.683731551485256,27.579407217406565,27.636310577392578,4400,0.0,0.0,0.0
2019-07-29 00:00:00-04:00,27.536729336883354,27.57940730924628,27.503535559370544,27.5319881439209,2700,0.0,0.0,0.0
2019-07-30 00:00:00-04:00,27.285403903756134,27.407746939455755,27.285403903756134,27.352739334106445,10600,0.0,0.0,0.0
2019-07-31 00:00:00-04:00,27.399211262931747,27.50353559750248,27.155473062613925,27.20194435119629,12500,0.0,0.0,0.0
2019-08-01 00:00:00-04:00,27.228500210784876,27.40869630087932,27.029337539305697,27.070117950439453,15600,0.0,0.0,0.0
2019-08-02 00:00:00-04:00,27.029335605092502,27.029335605092502,26.833966263870856,26.947772979736328,41400,0.0,0.0,0.0
2019-08-05 00:00:00-04:00,26.54565392529894,26.54565392529894,26.194747755993497,26.29812240600586,13100,0.0,0.0,0.0
2019-08-06 00:00:00-04:00,26.30950154716593,26.5646214999613,26.308553670375478,26.50012969970703,71500,0.0,0.0,0.0
2019-08-07 00:00:00-04:00,26.450812545930535,26.716364565911615,26.40339338222059,26.63574981689453,15700,0.0,0.0,0.0
2019-08-08 00:00:00-04:00,26.67843017566927,26.9174271959363,26.67843017566927,26.84914207458496,8800,0.0,0.0,0.0
2019-08-09 00:00:00-04:00,26.792236129564046,26.83017290741209,26.668945219408155,26.721105575561523,14100,0.0,0.0,0.0
2019-08-12 00:00:00-04:00,26.50771811771626,26.687912389704724,26.422362174595335,26.429948806762695,17400,0.0,0.0,0.0
2019-08-13 00:00:00-04:00,26.403393475036506,26.678427881586288,26.403393475036506,26.583589553833008,8700,0.0,0.0,0.0
2019-08-14 00:00:00-04:00,26.148275873412768,26.166296387373123,25.910228538025613,25.943422317504883,9200,0.0,0.0,0.0
2019-08-15 00:00:00-04:00,25.938679731404328,26.00506728679799,25.84383959130258,25.91307258605957,12000,0.0,0.0,0.0
2019-08-16 00:00:00-04:00,25.995582764459392,26.2611347916144,25.995582764459392,26.224145889282227,9200,0.0,0.0,0.0
2019-08-19 00:00:00-04:00,26.44133047152277,26.593075787197165,26.379685915542083,26.410982131958008,20800,0.0,0.0,0.0
2019-08-20 00:00:00-04:00,26.42236287821519,26.51720120960825,26.35597532266996,26.36640739440918,11000,0.0,0.0,0.0
2019-08-21 00:00:00-04:00,26.55513730941416,26.631009057941196,26.54185979864506,26.552291870117188,6100,0.0,0.0,0.0
2019-08-22 00:00:00-04:00,26.48874992526868,26.52004613988556,26.416671492367456,26.501079559326172,3900,0.0,0.0,0.0
2019-08-23 00:00:00-04:00,26.479266157129665,26.531428324590024,26.26113510131836,26.26113510131836,48600,0.0,0.0,0.0
2019-08-26 00:00:00-04:00,26.479267502561235,26.479267502561235,26.32752399438011,26.412879943847656,5900,0.0,0.0,0.0
2019-08-27 00:00:00-04:00,26.56462088549966,26.56462088549966,26.441328166436048,26.459348678588867,4400,0.0,0.0,0.0
2019-08-28 00:00:00-04:00,26.403395748470672,26.450814916430286,26.400550308965045,26.412879943847656,50000,0.0,0.0,0.0
2019-08-29 00:00:00-04:00,26.498234460202493,26.593074599917756,26.46978187561035,26.46978187561035,5400,0.0,0.0,0.0
2019-08-30 00:00:00-04:00,26.668944738058162,26.744816483459708,26.59212330697996,26.664201736450195,8200,0.0,0.0,0.0
2019-09-03 00:00:00-04:00,26.51720064776393,26.583590010827724,26.457451849039174,26.5703125,24800,0.0,0.0,0.0
2019-09-04 00:00:00-04:00,26.76852519354281,26.87759071095018,26.746711366491322,26.86526107788086,11800,0.0,0.0,0.0
2019-09-05 00:00:00-04:00,27.171593083849658,27.19056147153137,27.094773465341234,27.105205535888672,29100,0.0,0.0,0.0
2019-09-06 00:00:00-04:00,27.081499957571435,27.167803782673793,27.0720157623291,27.0720157623291,10100,0.0,0.0,0.0
2019-09-09 00:00:00-04:00,27.153577861833114,27.190564956305252,27.1099502027888,27.136507034301758,3700,0.0,0.0,0.0
2019-09-10 00:00:00-04:00,27.057790715620243,27.12417827422965,26.98571227800852,27.04071807861328,6400,0.0,0.0,0.0
2019-09-11 00:00:00-04:00,27.158319492373657,27.237984561420074,27.152628613463122,27.228500366210938,6400,0.0,0.0,0.0
2019-09-12 00:00:00-04:00,27.228500749147496,27.33282508898992,27.228500749147496,27.266437530517578,11900,0.0,0.0,0.0
2019-09-13 00:00:00-04:00,27.32334098744234,27.452322788477844,27.32334098744234,27.389728546142578,15600,0.0,0.0,0.0
2019-09-16 00:00:00-04:00,27.342308236628703,27.41817998753631,27.342308236628703,27.361276626586914,12700,0.0,0.0,0.0
2019-09-17 00:00:00-04:00,27.332823666738825,27.484567166472647,27.332823666738825,27.479825973510742,1900,0.0,0.0,0.0
2019-09-18 00:00:00-04:00,27.494050960783063,27.494050960783063,27.351791657970715,27.476032257080078,8000,0.0,0.0,0.0
2019-09-19 00:00:00-04:00,27.683731991236968,27.693216186206158,27.60501480102539,27.60501480102539,15500,0.0,0.0,0.0
2019-09-20 00:00:00-04:00,27.560439585916576,27.664763922865077,27.503536224365234,27.503536224365234,16500,0.0,0.0,0.0
2019-09-23 00:00:00-04:00,27.38024388112226,27.560438151477136,27.38024388112226,27.508275985717773,2600,0.0,0.0,0.0
2019-09-24 00:00:00-04:00,27.623034535863336,27.634416293821122,27.437149372522274,27.43999481201172,10600,0.0,0.0,0.0
2019-09-25 00:00:00-04:00,27.247468017998262,27.347049351606806,27.20099672898094,27.30816650390625,13000,0.0,0.0,0.0
2019-09-26 00:00:00-04:00,27.389726729678923,27.389726729678923,27.124176512489043,27.285404205322266,98800,0.0,0.0,0.0
2019-09-27 00:00:00-04:00,27.171596428733103,27.171596428733103,27.04830551147461,27.04830551147461,8900,0.0,0.0,0.0
2019-09-30 00:00:00-04:00,27.105205535888672,27.1621088900088,27.08623714820696,27.105205535888672,14800,0.0,0.0,0.0
2019-10-01 00:00:00-04:00,27.105206754379147,27.114690948646356,26.868107324474177,26.925010681152344,65200,0.0,0.0,0.0
2019-10-02 00:00:00-04:00,26.633854303717445,26.678428028579056,26.479265368489642,26.533323287963867,7200,0.0,0.0,0.0
2019-10-03 00:00:00-04:00,26.48874924895724,26.744817073685486,26.403393307381158,26.634801864624023,66400,0.0,0.0,0.0
2019-10-04 00:00:00-04:00,26.76378290176793,26.934494780123533,26.697395351057434,26.906044006347656,3100,0.0,0.0,0.0
2019-10-07 00:00:00-04:00,26.801720715677714,26.962948406037665,26.801720715677714,26.81120491027832,3000,0.0,0.0,0.0
2019-10-08 00:00:00-04:00,26.59307493116801,26.725850043068135,26.52668556629272,26.57695198059082,4300,0.0,0.0,0.0
2019-10-09 00:00:00-04:00,26.73533348239885,26.796978034652874,26.67842831411412,26.76188850402832,2700,0.0,0.0,0.0
2019-10-10 00:00:00-04:00,26.593074902478122,26.86147056537599,26.58359070750617,26.820690155029297,8100,0.0,0.0,0.0
2019-10-11 00:00:00-04:00,27.292989798404715,27.442837537192478,27.292989798404715,27.3802433013916,7600,0.0,0.0,0.0
2019-10-14 00:00:00-04:00,27.12417684759783,27.24272657000086,27.12417684759783,27.20194435119629,7300,0.0,0.0,0.0
2019-10-15 00:00:00-04:00,27.380246103159045,27.61734556027051,27.31859973781098,27.56328582763672,3900,0.0,0.0,0.0
2019-10-16 00:00:00-04:00,27.427662969855298,27.607859048640808,27.418178775295516,27.507328033447266,9500,0.0,0.0,0.0
2019-10-17 00:00:00-04:00,27.550956650677424,27.664765187909552,27.50353748203715,27.55000877380371,4000,0.0,0.0,0.0
2019-10-18 00:00:00-04:00,27.58888910823144,27.70649094344992,27.550952332125462,27.63251495361328,5000,0.0,0.0,0.0
2019-10-21 00:00:00-04:00,27.788053512573242,27.89237784453427,27.76908693224637,27.788053512573242,2600,0.0,0.0,0.0
2019-10-22 00:00:00-04:00,27.750118231405214,27.84495836767532,27.6799373626709,27.6799373626709,8500,0.0,0.0,0.0
2019-10-23 00:00:00-04:00,27.636311495805565,27.731151638217458,27.636311495805565,27.714080810546875,14200,0.0,0.0,0.0
2019-10-24 00:00:00-04:00,27.74632553252396,27.83547479228021,27.72451170375135,27.77288055419922,15600,0.0,0.0,0.0
2019-10-25 00:00:00-04:00,27.769086461949605,27.863924788753273,27.769086461949605,27.835474014282227,3100,0.0,0.0,0.0
2019-10-28 00:00:00-04:00,27.85444222105076,27.949280547234206,27.85444222105076,27.92082977294922,9500,0.0,0.0,0.0
2019-10-29 00:00:00-04:00,27.90850073238756,27.97773372497074,27.90850073238756,27.943592071533203,3300,0.0,0.0,0.0
2019-10-30 00:00:00-04:00,27.949281037828186,28.08205795288086,27.949281037828186,28.08205795288086,6300,0.0,0.0,0.0
2019-10-31 00:00:00-04:00,28.167414679428035,28.167414679428035,28.044121955512022,28.071626663208008,6700,0.0,0.0,0.0
2019-11-01 00:00:00-04:00,28.395029732742994,28.395029732742994,28.320105860319487,28.3665771484375,9500,0.0,0.0,0.0
2019-11-04 00:00:00-05:00,28.45193449083813,28.632130582445853,28.45193449083813,28.501251220703125,61000,0.0,0.0,0.0
2019-11-05 00:00:00-05:00,28.451934699026147,28.55436147581441,28.451934699026147,28.48607635498047,6400,0.0,0.0,0.0
2019-11-06 00:00:00-05:00,28.50883674310223,28.50883674310223,28.395030022569003,28.456674575805664,5300,0.0,0.0,0.0
2019-11-07 00:00:00-05:00,28.595140517249025,28.689032780011836,28.595140517249025,28.630231857299805,12400,0.0,0.0,0.0
2019-11-08 00:00:00-05:00,28.49935312521703,28.513580322265625,28.432965568741075,28.513580322265625,19700,0.0,0.0,0.0
2019-11-11 00:00:00-05:00,28.508836086146843,28.66816802371702,28.508836086146843,28.58945083618164,9700,0.0,0.0,0.0
2019-11-12 00:00:00-05:00,28.603674585009777,28.670062134808582,28.59419039090637,28.609365463256836,7400,0.0,0.0,0.0
2019-11-13 00:00:00-05:00,28.399770951596924,28.536341185677788,28.399770951596924,28.488920211791992,6500,0.0,0.0,0.0
2019-11-14 00:00:00-05:00,28.39503006395391,28.537289369290384,28.378907113551918,28.47374725341797,17700,0.0,0.0,0.0
2019-11-15 00:00:00-05:00,28.70800190222249,28.793357849121094,28.698517707130954,28.793357849121094,18000,0.0,0.0,0.0
2019-11-18 00:00:00-05:00,28.7743897438916,28.840777301264563,28.730763893178693,28.8312931060791,18600,0.0,0.0,0.0
2019-11-19 00:00:00-05:00,28.869229215468106,28.869229215468106,28.660580544090614,28.755420684814453,2200,0.0,0.0,0.0
2019-11-20 00:00:00-05:00,28.537289129823353,28.689032628765617,28.537289129823353,28.62833595275879,9700,0.0,0.0,0.0
2019-11-21 00:00:00-05:00,28.55625641025855,28.670063125582242,28.546772215827385,28.583759307861328,5700,0.0,0.0,0.0
2019-11-22 00:00:00-05:00,28.59419218405745,28.67480693452928,28.59419218405745,28.643508911132812,1600,0.0,0.0,0.0
2019-11-25 00:00:00-05:00,28.679547628554904,28.862589146087796,28.679547628554904,28.83034324645996,3900,0.0,0.0,0.0
2019-11-26 00:00:00-05:00,29.267554728031385,29.267554728031385,28.897678380717377,28.949840545654297,3100,0.0,0.0,0.0
2019-11-27 00:00:00-05:00,29.068392831642846,29.076929150067425,29.039942054744824,29.059858322143555,8200,0.0,0.0,0.0
2019-11-29 00:00:00-05:00,29.020971769785458,29.03045596444079,28.972602919720803,28.97355079650879,7800,0.0,0.0,0.0
2019-12-02 00:00:00-05:00,28.96407049023738,28.96407049023738,28.74973093170375,28.87017822265625,7700,0.0,0.0,0.0
2019-12-03 00:00:00-05:00,28.679547497496923,28.859743574953892,28.62264413948293,28.846466064453125,9100,0.0,0.0,0.0
2019-12-04 00:00:00-05:00,29.125292026986344,29.21728671816755,29.08735706024179,29.196422576904297,9000,0.0,0.0,0.0
2019-12-05 00:00:00-05:00,29.277042215094898,29.333945579186995,29.233414553996468,29.276092529296875,244200,0.0,0.0,0.0
2019-12-06 00:00:00-05:00,29.457233053647244,29.552073188645874,29.45438761443702,29.52362060546875,24600,0.0,0.0,0.0
2019-12-09 00:00:00-05:00,29.371878248194548,29.476202581617443,29.371878248194548,29.428783416748047,9300,0.0,0.0,0.0
2019-12-10 00:00:00-05:00,29.450596297106536,29.531211050450022,29.450596297106536,29.47146224975586,6700,0.0,0.0,0.0
2019-12-11 00:00:00-05:00,29.44016517571016,29.55966278095642,29.433526419863146,29.53310775756836,12100,0.0,0.0,0.0
2019-12-12 00:00:00-05:00,29.495172121810604,29.626999358929613,29.457235341294936,29.61372184753418,11400,0.0,0.0,0.0
2019-12-13 00:00:00-05:00,29.884014072814292,30.00730498749484,29.855561488384076,29.901084899902344,6200,0.0,0.0,0.0
2019-12-16 00:00:00-05:00,30.250050708230408,30.346450220378376,30.250050708230408,30.269330978393555,14800,0.51,0.0,0.0
2019-12-17 00:00:00-05:00,30.066892806041412,30.10545150660777,29.964708848005298,30.065927505493164,7300,0.0,0.0,0.0
2019-12-18 00:00:00-05:00,29.970492026270794,29.999412429470503,29.885661417686336,29.99169921875,11400,0.0,0.0,0.0
2019-12-19 00:00:00-05:00,29.98977226889097,30.06689150535524,29.98977226889097,30.047611236572266,13700,0.0,0.0,0.0
2019-12-20 00:00:00-05:00,30.182570360578065,30.19221049526335,30.12473139113404,30.139190673828125,66300,0.0,0.0,0.0
2019-12-23 00:00:00-05:00,30.163291207195964,30.235589457601886,30.057251566866103,30.134370803833008,45700,0.0,0.0,0.0
2019-12-24 00:00:00-05:00,30.134371325557797,30.278969667540757,30.134371325557797,30.2355899810791,9400,0.0,0.0,0.0
2019-12-26 00:00:00-05:00,30.260654155708295,30.413927329032028,30.260654155708295,30.4129638671875,5900,0.0,0.0,0.0
2019-12-27 00:00:00-05:00,30.51996750374392,30.597086742012344,30.48140880394355,30.57780647277832,19700,0.0,0.0,0.0
2019-12-30 00:00:00-05:00,30.64528909130653,30.64528909130653,30.419713973999023,30.419713973999023,10100,0.0,0.0,0.0
2019-12-31 00:00:00-05:00,30.487192269711343,30.558528900146484,30.365729879728732,30.558528900146484,7300,0.0,0.0,0.0
2020-01-02 00:00:00-05:00,30.70312657174736,30.84772491455078,30.664566033043684,30.84772491455078,8100,0.0,0.0,0.0
2020-01-03 00:00:00-05:00,30.548888465727185,30.64046698826044,30.43320868687723,30.46405601501465,10500,0.0,0.0,0.0
2020-01-06 00:00:00-05:00,30.375371193323495,30.534428828472755,30.375371193323495,30.52960968017578,20800,0.0,0.0,0.0
2020-01-07 00:00:00-05:00,30.481407887692654,30.518039662669104,30.452487484710947,30.48622703552246,8800,0.0,0.0,0.0
2020-01-08 00:00:00-05:00,30.47176860936053,30.520930905542567,30.39175714699769,30.442848205566406,20300,0.0,0.0,0.0
2020-01-09 00:00:00-05:00,30.500686607053254,30.500686607053254,30.428388356914486,30.49297523498535,5000,0.0,0.0,0.0
2020-01-10 00:00:00-05:00,30.413928397953562,30.448633250920338,30.25101508445591,30.336809158325195,46700,0.0,0.0,0.0
2020-01-13 00:00:00-05:00,30.548889023928727,30.597087860107422,30.346449866909182,30.597087860107422,75600,0.0,0.0,0.0
2020-01-14 00:00:00-05:00,30.44285011984612,30.587448470573896,30.409110565965232,30.506473541259766,60100,0.0,0.0,0.0
2020-01-15 00:00:00-05:00,30.5778051055879,30.65492434040818,30.5778051055879,30.583589553833008,5800,0.0,0.0,0.0
2020-01-16 00:00:00-05:00,30.606727398203425,30.703126907348633,30.577806993859554,30.703126907348633,89800,0.0,0.0,0.0
2020-01-17 00:00:00-05:00,30.741686619615557,30.741686619615557,30.66938836437786,30.71469497680664,174800,0.0,0.0,0.0
2020-01-21 00:00:00-05:00,30.616367888048696,30.76096623410959,30.616367888048696,30.66167449951172,20600,0.0,0.0,0.0
2020-01-22 00:00:00-05:00,30.895923292929748,30.895923292929748,30.645287149728482,30.7224063873291,14400,0.0,0.0,0.0
2020-01-23 00:00:00-05:00,30.635647214674428,30.645287349270735,30.459236245030624,30.626007080078125,23100,0.0,0.0,0.0
2020-01-24 00:00:00-05:00,30.683844174152917,30.683844174152917,30.40428764261214,30.474658966064453,10500,0.0,0.0,0.0
2020-01-27 00:00:00-05:00,30.01869224883618,30.01869224883618,29.81721839495682,29.89048194885254,62100,0.0,0.0,0.0
2020-01-28 00:00:00-05:00,29.931933619836812,30.1054523740544,29.931933619836812,30.086172103881836,6700,0.0,0.0,0.0
2020-01-29 00:00:00-05:00,29.96085182530262,30.086169894887654,29.96085182530262,30.015798568725586,12300,0.0,0.0,0.0
2020-01-30 00:00:00-05:00,29.739135854130435,30.028332546407885,29.739135854130435,30.009052276611328,6700,0.0,0.0,0.0
2020-01-31 00:00:00-05:00,29.903010521787618,29.922290789038485,29.661047396724474,29.739131927490234,21700,0.0,0.0,0.0
2020-02-03 00:00:00-05:00,29.565615489080812,29.680329962372042,29.4788561184009,29.546335220336914,170500,0.0,0.0,0.0
2020-02-04 00:00:00-05:00,30.035080754886806,30.15365276051079,30.018692709263952,30.103525161743164,21600,0.0,0.0,0.0
2020-02-05 00:00:00-05:00,30.234624876905663,30.298248291015625,30.153649956887087,30.298248291015625,7100,0.0,0.0,0.0
2020-02-06 00:00:00-05:00,30.2240243660447,30.269330978393555,30.201851871490305,30.269330978393555,13400,0.0,0.0,0.0
2020-02-07 00:00:00-05:00,30.19221155204425,30.19221155204425,29.959890365600586,29.959890365600586,18300,0.0,0.0,0.0
2020-02-10 00:00:00-05:00,29.93193313382514,30.00905237459545,29.90494149148892,29.953142166137695,6900,0.0,0.0,0.0
2020-02-11 00:00:00-05:00,30.124730078558805,30.278968549467617,30.124730078558805,30.24040985107422,19300,0.0,0.0,0.0
2020-02-12 00:00:00-05:00,30.385006608273507,30.413925170898438,30.291499333295537,30.413925170898438,13400,0.0,0.0,0.0
2020-02-13 00:00:00-05:00,30.346447517695875,30.346447517695875,30.230769584354906,30.28860855102539,10500,0.0,0.0,0.0
2020-02-14 00:00:00-05:00,30.28089779588317,30.346448135800173,30.224985751717895,30.309816360473633,19900,0.0,0.0,0.0
2020-02-18 00:00:00-05:00,30.028328898393113,30.057249299574533,29.946390519713685,29.96856117248535,32900,0.0,0.0,0.0
2020-02-19 00:00:00-05:00,30.144012518670717,30.188355668551278,30.090992695726076,30.09581184387207,8100,0.0,0.0,0.0
2020-02-20 00:00:00-05:00,30.047610577934524,30.123766350890616,29.86927269227022,29.994590759277344,9300,0.0,0.0,0.0
2020-02-21 00:00:00-05:00,29.88373456970266,29.94157354113963,29.80275964195735,29.832643508911133,52900,0.0,0.0,0.0
2020-02-24 00:00:00-05:00,28.755863941238477,28.890822151459172,28.71730524060444,28.728872299194336,14900,0.0,0.0,0.0
2020-02-25 00:00:00-05:00,28.813702244104228,28.813702244104228,28.16108002474745,28.206388473510742,17300,0.0,0.0,0.0
2020-02-26 00:00:00-05:00,28.42810585671402,28.447386125784934,28.08106836810817,28.11962890625,15500,0.0,0.0,0.0
2020-02-27 00:00:00-05:00,27.6279934422619,27.75331335421225,27.107439041137695,27.107439041137695,44200,0.0,0.0,0.0
2020-02-28 00:00:00-05:00,26.519402990807677,26.89535903930664,26.33624411442742,26.89535903930664,46200,0.0,0.0,0.0
2020-03-02 00:00:00-05:00,26.943561847672285,27.338798196321406,26.743051448929815,27.30023765563965,72500,0.0,0.0,0.0
2020-03-03 00:00:00-05:00,27.483394363636627,27.843927667970547,27.041886136703898,27.261676788330078,43700,0.0,0.0,0.0
2020-03-04 00:00:00-05:00,27.473756295108895,27.849712371826172,27.34843821575906,27.849712371826172,63200,0.0,0.0,0.0
2020-03-05 00:00:00-05:00,27.280954823106786,27.31951536016699,26.972477881295593,27.088157653808594,36200,0.0,0.0,0.0
2020-03-06 00:00:00-05:00,26.615803611737967,26.74015822505345,26.44228486249117,26.731481552124023,61000,0.0,0.0,0.0
2020-03-09 00:00:00-04:00,24.996300480265816,25.328876893709705,24.485384311263925,24.523944854736328,110000,0.0,0.0,0.0
2020-03-10 00:00:00-04:00,25.700010635074207,25.700010635074207,24.726379098230435,25.55541229248047,57300,0.0,0.0,0.0
2020-03-11 00:00:00-04:00,24.77458030531769,24.77458030531769,23.980250107802355,24.128705978393555,48500,0.0,0.0,0.0
2020-03-12 00:00:00-04:00,22.248922278743592,22.48028000284132,21.27529070733166,21.429529190063477,390200,0.0,0.0,0.0
2020-03-13 00:00:00-04:00,22.750198392748732,22.750198392748732,21.248299182275378,22.383880615234375,151000,0.0,0.0,0.0
2020-03-16 00:00:00-04:00,19.52082528361375,20.436617822509596,19.52082528361375,19.81966209411621,117200,0.0,0.0,0.0
2020-03-17 00:00:00-04:00,20.00282147773573,20.513737579810304,19.77531944932026,20.446256637573242,542200,0.0,0.0,0.0
2020-03-18 00:00:00-04:00,19.260546783364333,19.723262191324824,18.547193403091683,19.144868850708008,124300,0.0,0.0,0.0
2020-03-19 00:00:00-04:00,18.63106100649803,19.578664338197473,18.63106100649803,19.150651931762695,103800,0.0,0.0,0.0
2020-03-20 00:00:00-04:00,19.95462357954523,20.14742076469316,19.168970039697793,19.193069458007812,61700,0.0,0.0,0.0
2020-03-23 00:00:00-04:00,19.154510855310726,19.299109204584948,18.703362461094223,18.826753616333008,62200,0.0,0.0,0.0
2020-03-24 00:00:00-04:00,20.214898665300034,20.502168421404903,20.023064953503354,20.407697677612305,121700,0.0,0.0,0.0
2020-03-25 00:00:00-04:00,20.598567463536696,21.506646782775697,20.4076972178877,21.14997100830078,78900,0.0,0.0,0.0
2020-03-26 00:00:00-04:00,21.477729040145874,22.32604066258804,21.43916850161012,22.3164005279541,29400,0.0,0.0,0.0
2020-03-27 00:00:00-04:00,21.603048119672373,22.181443353985998,21.42663714111979,21.699447631835938,90500,0.0,0.0,0.0
2020-03-30 00:00:00-04:00,21.892243091674352,22.08504210080265,21.75535796482105,21.969364166259766,53100,0.0,0.0,0.0
2020-03-31 00:00:00-04:00,21.92116296985243,22.44653832654858,21.83440360168847,22.027202606201172,54700,0.0,0.0,0.0
2020-04-01 00:00:00-04:00,21.371689640557705,21.550027536641757,21.00537371364618,21.16925048828125,15200,0.0,0.0,0.0
2020-04-02 00:00:00-04:00,21.149968991118484,21.487366303551244,21.101768324389557,21.38132667541504,15100,0.0,0.0,0.0
2020-04-03 00:00:00-04:00,21.111411468004498,21.111411468004498,20.71617513780784,20.851133346557617,41800,0.0,0.0,0.0
2020-04-06 00:00:00-04:00,21.824763858247245,22.017562866210938,21.795845294120014,22.017562866210938,38700,0.0,0.0,0.0
2020-04-07 00:00:00-04:00,23.058674140561994,23.058674140561994,22.383879431561876,22.412799835205078,28400,0.0,0.0,0.0
2020-04-08 00:00:00-04:00,22.61523810982506,22.914076777554985,22.513055988860174,22.84659767150879,17500,0.0,0.0,0.0
2020-04-09 00:00:00-04:00,23.367150927710476,23.617788908192637,23.251472991283414,23.511749267578125,63800,0.0,0.0,0.0
2020-04-13 00:00:00-04:00,23.367150536012442,23.502108739137626,23.23411925655041,23.33823013305664,27800,0.0,0.0,0.0
2020-04-14 00:00:00-04:00,23.685266432861155,23.92433733923963,23.685266432861155,23.73346710205078,16900,0.0,0.0,0.0
2020-04-15 00:00:00-04:00,22.923714402008784,22.999868334110737,22.721275267372707,22.76947593688965,31900,0.0,0.0,0.0
2020-04-16 00:00:00-04:00,22.991195265665425,23.135793607981775,22.885155623255187,23.096269607543945,31500,0.0,0.0,0.0
2020-04-17 00:00:00-04:00,23.415353242694895,23.48283235012227,23.213877543660303,23.47319221496582,21300,0.0,0.0,0.0
2020-04-20 00:00:00-04:00,23.28039248286272,23.569591012778833,23.213876839368687,23.261112213134766,35900,0.0,0.0,0.0
2020-04-21 00:00:00-04:00,22.914074532343133,23.069276461042083,22.69332042781223,22.808034896850586,13600,0.0,0.0,0.0
2020-04-22 00:00:00-04:00,23.270751953125,23.270751953125,23.087594909820552,23.270751953125,8000,0.0,0.0,0.0
2020-04-23 00:00:00-04:00,23.48283011149488,23.772026783948053,23.376790473550503,23.434629440307617,19400,0.0,0.0,0.0
2020-04-24 00:00:00-04:00,23.56958967895725,23.704547882080078,23.386430804242252,23.704547882080078,18600,0.0,0.0,0.0
2020-04-27 00:00:00-04:00,23.829865294917347,24.09014339834749,23.80094673142571,23.993743896484375,15600,0.0,0.0,0.0
2020-04-28 00:00:00-04:00,24.53358137570371,24.53358137570371,24.21546429360098,24.244382858276367,46900,0.0,0.0,0.0
2020-04-29 00:00:00-04:00,24.697459647111856,24.9770161876108,24.697459647111856,24.938457489013672,65600,0.0,0.0,0.0
2020-04-30 00:00:00-04:00,24.48538319654877,24.649261821509974,24.35524412625595,24.504663467407227,124500,0.0,0.0,0.0
2020-05-01 00:00:00-04:00,23.984103762431307,24.119063800506694,23.791306597372643,23.993743896484375,23800,0.0,0.0,0.0
2020-05-04 00:00:00-04:00,23.74310651253934,24.070863723754883,23.71900709614624,24.070863723754883,16000,0.0,0.0,0.0
2020-05-05 00:00:00-04:00,24.070865768031958,24.215465956006334,23.955187824053777,24.022666931152344,60900,0.0,0.0,0.0
2020-05-06 00:00:00-04:00,24.094965247549993,24.094965247549993,23.79130744934082,23.79130744934082,4700,0.0,0.0,0.0
2020-05-07 00:00:00-04:00,24.176902639601792,24.364880655983722,24.167262505599187,24.225101470947266,19600,0.0,0.0,0.0
2020-05-08 00:00:00-04:00,24.668539441644334,24.726378409336863,24.589491442819366,24.658899307250977,18900,0.0,0.0,0.0
2020-05-11 00:00:00-04:00,24.61070059092968,24.803497763710368,24.59142032205132,24.706134796142578,35800,0.0,0.0,0.0
2020-05-12 00:00:00-04:00,24.668539716863958,24.697460120366692,24.196184158325195,24.196184158325195,32200,0.0,0.0,0.0
2020-05-13 00:00:00-04:00,24.44682287908403,24.44682287908403,23.955187036667002,24.041946411132812,69500,0.0,0.0,0.0
2020-05-14 00:00:00-04:00,23.511749714748895,23.884815387690487,23.43559577664197,23.820226669311523,26800,0.0,0.0,0.0
2020-05-15 00:00:00-04:00,23.829868484808102,24.123886177447712,23.829868484808102,24.09978675842285,25300,0.0,0.0,0.0
2020-05-18 00:00:00-04:00,24.61069917208552,24.928816235567982,24.591418904318697,24.91917610168457,31500,0.0,0.0,0.0
2020-05-19 00:00:00-04:00,24.67335907884127,24.851698810653893,24.56924819946289,24.56924819946289,11600,0.0,0.0,0.0
2020-05-20 00:00:00-04:00,25.092696814822357,25.227655022507335,24.98665717240263,25.054136276245117,20100,0.0,0.0,0.0
2020-05-21 00:00:00-04:00,25.168850954997996,25.168850954997996,24.851699164390123,24.95773696899414,37900,0.0,0.0,0.0
2020-05-22 00:00:00-04:00,24.880616810776296,25.02521514892578,24.85362517001953,25.02521514892578,22200,0.0,0.0,0.0
2020-05-26 00:00:00-04:00,25.64217185974121,25.777130068693904,25.64217185974121,25.64217185974121,8800,0.0,0.0,0.0
2020-05-27 00:00:00-04:00,25.82533093640719,25.82533093640719,25.531313260121692,25.728931427001953,12400,0.0,0.0,0.0
2020-05-28 00:00:00-04:00,25.99402664394065,26.239843626756922,25.948718197794935,25.96028709411621,16500,0.0,0.0,0.0
2020-05-29 00:00:00-04:00,26.0181290062385,26.17236749109397,25.844610251109152,26.16272735595703,21100,0.0,0.0,0.0
2020-06-01 00:00:00-04:00,26.21092488338905,26.62544145115003,26.19164461543097,26.582061767578125,7500,0.0,0.0,0.0
2020-06-02 00:00:00-04:00,26.840415522399656,26.86644370455834,26.65436439946431,26.8182430267334,13100,0.0,0.0,0.0
2020-06-03 00:00:00-04:00,26.91464022520883,27.10261825586348,26.91464022520883,27.01103973388672,12900,0.0,0.0,0.0
2020-06-04 00:00:00-04:00,26.94355990733021,27.054418695805094,26.933919772854004,26.982118606567383,6500,0.0,0.0,0.0
2020-06-05 00:00:00-04:00,27.27035378821162,27.44387254394397,27.219262726609294,27.30023765563965,30900,0.0,0.0,0.0
2020-06-08 00:00:00-04:00,27.338796734357224,27.608713150024414,27.24239722647565,27.608713150024414,21400,0.0,0.0,0.0
2020-06-09 00:00:00-04:00,27.020679888595936,27.220224977878946,27.020679888595936,27.138286590576172,5000,0.0,0.0,0.0
2020-06-10 00:00:00-04:00,27.20383683575714,27.309876478870155,27.044779209755312,27.194196701049805,22700,0.0,0.0,0.0
2020-06-11 00:00:00-04:00,26.461564295339873,26.57242308414913,25.825330127332517,25.843645095825195,14900,0.0,0.0,0.0
2020-06-12 00:00:00-04:00,26.403724217884566,26.459636264093074,25.887988958941175,26.278406143188477,16700,0.0,0.0,0.0
2020-06-15 00:00:00-04:00,25.819501835982905,26.511268729005092,25.819501835982905,26.456707000732422,9200,0.289,0.0,0.0
2020-06-16 00:00:00-04:00,26.910742149089934,26.939970584640847,26.637931647607903,26.66716194152832,10900,0.0,0.0,0.0
2020-06-17 00:00:00-04:00,26.978943501581423,26.978943501581423,26.725619870302552,26.78407859802246,20900,0.0,0.0,0.0
2020-06-18 00:00:00-04:00,26.69638853026923,26.69638853026923,26.637929804841978,26.652544021606445,8200,0.0,0.0,0.0
2020-06-19 00:00:00-04:00,26.82305149078842,26.82305149078842,26.482038849313547,26.50347328186035,12600,0.0,0.0,0.0
2020-06-22 00:00:00-04:00,26.715874612967266,26.96919822692871,26.715874612967266,26.96919822692871,27600,0.0,0.0,0.0
2020-06-23 00:00:00-04:00,27.154321959558974,27.20790804340853,27.030582427978516,27.030582427978516,5900,0.0,0.0,0.0
2020-06-24 00:00:00-04:00,26.77336235925767,26.77336235925767,26.394351613272175,26.465476989746094,41900,0.0,0.0,0.0
2020-06-25 00:00:00-04:00,26.452809772388985,26.72562026977539,26.355377319153167,26.72562026977539,37000,0.0,0.0,0.0
2020-06-26 00:00:00-04:00,26.410915492398225,26.550243031319834,26.365121550391017,26.44891357421875,50500,0.0,0.0,0.0
2020-06-29 00:00:00-04:00,26.579471651009687,26.607726299593782,26.433322046744525,26.564855575561523,10600,0.0,0.0,0.0
2020-06-30 00:00:00-04:00,26.472296523815373,26.700286865234375,26.443066230456232,26.700286865234375,9500,0.0,0.0,0.0
2020-07-01 00:00:00-04:00,26.63987749955889,26.82305139458781,26.618443067088958,26.770437240600586,27900,0.0,0.0,0.0
2020-07-02 00:00:00-04:00,26.910742151526257,27.05688990440256,26.832796559434264,26.839616775512695,36700,0.0,0.0,0.0
2020-07-06 00:00:00-04:00,27.358927467073105,27.38815775952777,27.251751586442087,27.349184036254883,50700,0.0,0.0,0.0
2020-07-07 00:00:00-04:00,27.193292959982582,27.397901291179426,27.090989723568867,27.122167587280273,21500,0.0,0.0,0.0
2020-07-08 00:00:00-04:00,27.125091272626907,27.26149559020996,27.045196253260002,27.26149559020996,20000,0.0,0.0,0.0
2020-07-09 00:00:00-04:00,27.20693309329912,27.310211972524833,26.85228001924938,27.033504486083984,18400,0.0,0.0,0.0
2020-07-10 00:00:00-04:00,27.076376889407424,27.27123994133347,27.02765973264878,27.222524642944336,7400,0.0,0.0,0.0
2020-07-13 00:00:00-04:00,27.358928382695975,27.563536719987432,26.977968215942383,26.977968215942383,13600,0.0,0.0,0.0
2020-07-14 00:00:00-04:00,27.01791596575841,27.319956758802395,27.01791596575841,27.30631446838379,14800,0.0,0.0,0.0
2020-07-15 00:00:00-04:00,27.68045361503602,27.719427338822026,27.50897257544256,27.58302116394043,9600,0.0,0.0,0.0
2020-07-16 00:00:00-04:00,27.4855898643186,27.49825651091665,27.338468325112647,27.407644271850586,18000,0.0,0.0,0.0
2020-07-17 00:00:00-04:00,27.52456036085367,27.61224937438965,27.42712791710599,27.61224937438965,16200,0.0,0.0,0.0
2020-07-20 00:00:00-04:00,27.66583997933959,27.885062534320387,27.62199546834343,27.787630081176758,7000,0.0,0.0,0.0
2020-07-21 00:00:00-04:00,27.94839367542747,28.021468484129418,27.79737512971883,27.83147621154785,25300,0.0,0.0,0.0
2020-07-22 00:00:00-04:00,28.02146542228613,28.089667578491873,27.953263266080384,28.059463500976562,23400,0.0,0.0,0.0
2020-07-23 00:00:00-04:00,27.953263426800756,28.07310409362712,27.80711568289539,27.857778549194336,54100,0.0,0.0,0.0
2020-07-24 00:00:00-04:00,27.77788700005692,27.894804458606984,27.73891327496057,27.809064865112305,29400,0.0,0.0,0.0
2020-07-27 00:00:00-04:00,28.167613816972025,28.289403915405273,28.167613816972025,28.289403915405273,2300,0.0,0.0,0.0
2020-07-28 00:00:00-04:00,28.284532832193037,28.333248127707108,28.177356952018798,28.200740814208984,19200,0.0,0.0,0.0
2020-07-29 00:00:00-04:00,28.19684451519935,28.411194422512136,28.19684451519935,28.363452911376953,18700,0.0,0.0,0.0
2020-07-30 00:00:00-04:00,27.91429189754272,28.146181106567383,27.690198548720005,28.146181106567383,51300,0.0,0.0,0.0
2020-07-31 00:00:00-04:00,27.967876866940685,27.967876866940685,27.583995371164256,27.70968246459961,8100,0.0,0.0,0.0
2020-08-03 00:00:00-04:00,27.96300669832295,28.11889787205047,27.816857096880188,28.099411010742188,6200,0.0,0.0,0.0
2020-08-04 00:00:00-04:00,28.0604383391064,28.283557891845703,28.011723042380474,28.283557891845703,30500,0.0,0.0,0.0
2020-08-05 00:00:00-04:00,28.61580345933439,28.747335135396646,28.54759944052684,28.606060028076172,9100,0.0,0.0,0.0
2020-08-06 00:00:00-04:00,28.57682939077502,28.727849785907775,28.474526151347742,28.637237548828125,6100,0.0,0.0,0.0
2020-08-07 00:00:00-04:00,28.381965225919483,28.523242193600748,28.381965225919483,28.507654190063477,16000,0.0,0.0,0.0
2020-08-10 00:00:00-04:00,28.58364926372147,28.601186696217194,28.53785718211427,28.588520050048828,8000,0.0,0.0,0.0
2020-08-11 00:00:00-04:00,28.810664640258974,28.849638362763386,28.498882293701172,28.498882293701172,19700,0.0,0.0,0.0
2020-08-12 00:00:00-04:00,28.88861194040807,29.054246554137585,28.88861194040807,28.9129695892334,10500,0.0,0.0,0.0
2020-08-13 00:00:00-04:00,28.995787649143136,29.132191968431954,28.94219970703125,28.94219970703125,12200,0.0,0.0,0.0
2020-08-14 00:00:00-04:00,28.956813221739207,28.956813221739207,28.781437040497135,28.85938262939453,10200,0.0,0.0,0.0
2020-08-17 00:00:00-04:00,29.210136637267517,29.224752712708188,29.122447618101138,29.180908203125,6800,0.0,0.0,0.0
2020-08-18 00:00:00-04:00,29.351412675009097,29.351412675009097,29.16629121165317,29.219879150390625,8400,0.0,0.0,0.0
2020-08-19 00:00:00-04:00,29.258853488240646,29.258853488240646,28.93245506286621,28.93245506286621,8100,0.0,0.0,0.0
2020-08-20 00:00:00-04:00,28.820410467921974,29.034760384415925,28.820410467921974,29.023069381713867,18700,0.0,0.0,0.0
2020-08-21 00:00:00-04:00,28.68400465286782,28.884714126586914,28.68400465286782,28.884714126586914,19400,0.0,0.0,0.0
2020-08-24 00:00:00-04:00,29.249111408954853,29.249111408954853,28.960712907637543,29.11270523071289,9700,0.0,0.0,0.0
2020-08-25 00:00:00-04:00,29.210138438530436,29.210138438530436,28.917842928864182,29.075681686401367,7200,0.0,0.0,0.0
2020-08-26 00:00:00-04:00,29.18870388911373,29.40500323442556,29.18870388911373,29.3426456451416,13700,0.0,0.0,0.0
2020-08-27 00:00:00-04:00,29.38551444188435,29.38551444188435,29.032810796878227,29.15752410888672,18700,0.0,0.0,0.0
2020-08-28 00:00:00-04:00,29.2393664228509,29.33387565612793,29.229622992182513,29.33387565612793,10500,0.0,0.0,0.0
2020-08-31 00:00:00-04:00,29.327055726658855,29.453716609845024,29.288082003605016,29.29003143310547,14600,0.0,0.0,0.0
2020-09-01 00:00:00-04:00,29.356285845435192,29.452744514670947,29.278340253223362,29.359209060668945,9600,0.0,0.0,0.0
2020-09-02 00:00:00-04:00,29.47320407394109,29.696323625388526,29.424488777497228,29.599864959716797,11400,0.0,0.0,0.0
2020-09-03 00:00:00-04:00,29.317313621537902,29.392335997602487,28.81553899393208,28.9129695892334,20700,0.0,0.0,0.0
2020-09-04 00:00:00-04:00,29.044501905063637,29.044501905063637,28.53785651228478,28.943172454833984,8100,0.0,0.0,0.0
2020-09-08 00:00:00-04:00,28.518369684988492,28.849638898955387,28.518369684988492,28.650876998901367,22800,0.0,0.0,0.0
2020-09-09 00:00:00-04:00,28.98604283871813,29.108806720236437,28.90907103719517,29.054244995117188,22400,0.0,0.0,0.0
2020-09-10 00:00:00-04:00,29.171165624447276,29.171165624447276,28.597289982440486,28.664518356323242,15200,0.0,0.0,0.0
2020-09-11 00:00:00-04:00,29.10296313170244,29.10296313170244,28.859382931551625,29.00065803527832,11000,0.0,0.0,0.0
2020-09-14 00:00:00-04:00,29.366028519340713,29.375771950412073,29.27833949806791,29.303672790527344,12300,0.0,0.0,0.0
2020-09-15 00:00:00-04:00,29.541406512311845,29.58038023653189,29.418642626083724,29.46346092224121,10100,0.0,0.0,0.0
2020-09-16 00:00:00-04:00,29.668068560619595,29.750884935087274,29.553098678588867,29.553098678588867,5800,0.0,0.0,0.0
2020-09-17 00:00:00-04:00,29.455666301067733,29.69729706769252,29.455666301067733,29.670989990234375,10900,0.0,0.0,0.0
2020-09-18 00:00:00-04:00,29.648581300129273,29.757704750522514,29.541405420853405,29.611557006835938,5600,0.0,0.0,0.0
2020-09-21 00:00:00-04:00,28.810665880897098,28.95681362984328,28.615802835092012,28.893484115600586,19000,0.0,0.0,0.0
2020-09-22 00:00:00-04:00,28.810667385404415,28.87204933166504,28.586574034760048,28.87204933166504,9600,0.0,0.0,0.0
2020-09-23 00:00:00-04:00,28.791178181044852,28.809691257003774,28.4404239654541,28.4404239654541,9100,0.0,0.0,0.0
2020-09-24 00:00:00-04:00,28.372223652893446,28.645032298490904,28.313763064520117,28.507654190063477,14900,0.0,0.0,0.0
2020-09-25 00:00:00-04:00,28.35760638501951,28.683029174804688,28.35760638501951,28.683029174804688,9400,0.0,0.0,0.0
2020-09-28 00:00:00-04:00,29.122449466198645,29.21013849092973,29.08347759874568,29.168243408203125,15300,0.0,0.0,0.0
2020-09-29 00:00:00-04:00,29.210135310987187,29.249109032566835,29.094191648515594,29.18577766418457,15900,0.0,0.0,0.0
2020-09-30 00:00:00-04:00,29.18090723427868,29.366026838933113,29.04450106545462,29.287107467651367,39100,0.0,0.0,0.0
2020-10-01 00:00:00-04:00,29.322184707189113,29.463461673535036,29.322184707189113,29.426437377929688,7700,0.0,0.0,0.0
2020-10-02 00:00:00-04:00,29.236445509487694,29.366029616677075,29.19065156757803,29.275419235229492,14600,0.0,0.0,0.0
2020-10-05 00:00:00-04:00,29.512178544465314,29.68268394470215,29.482948250837794,29.68268394470215,13200,0.0,0.0,0.0
2020-10-06 00:00:00-04:00,29.658326229759588,29.71581117290695,29.34751765084678,29.40500259399414,22800,0.0,0.0,0.0
2020-10-07 00:00:00-04:00,29.52192098115193,29.677812168321307,29.50243597653291,29.551151275634766,9900,0.0,0.0,0.0
2020-10-08 00:00:00-04:00,29.716784273887832,29.75575799773977,29.638838684553395,29.719707489013672,10300,0.0,0.0,0.0
2020-10-09 00:00:00-04:00,29.921390360429754,30.09676839874706,29.921390360429754,30.030515670776367,12200,0.0,0.0,0.0
2020-10-12 00:00:00-04:00,30.096769101355804,30.262403712703396,30.091898315008578,30.15328025817871,22900,0.0,0.0,0.0
2020-10-13 00:00:00-04:00,29.911649184293776,29.911649184293776,29.775243009145473,29.812267303466797,5700,0.0,0.0,0.0
2020-10-14 00:00:00-04:00,30.013952022493765,30.115281473143835,29.892161924599126,29.950620651245117,11600,0.0,0.0,0.0
2020-10-15 00:00:00-04:00,29.434229827241662,29.63883815708413,29.40110439260036,29.6076602935791,8800,0.0,0.0,0.0
2020-10-16 00:00:00-04:00,29.623248296146915,29.63883815708413,29.57063599992644,29.6076602935791,15700,0.0,0.0,0.0
2020-10-19 00:00:00-04:00,29.668070014168702,29.7167853123165,29.426437377929688,29.426437377929688,7500,0.0,0.0,0.0
2020-10-20 00:00:00-04:00,29.575508286944768,29.64858309239013,29.507306126326164,29.533613204956055,6000,0.0,0.0,0.0
2020-10-21 00:00:00-04:00,29.580378792321085,29.697296242534016,29.57063536174178,29.59012222290039,10900,0.0,0.0,0.0
2020-10-22 00:00:00-04:00,29.560891010313433,29.59986287304728,29.404999842639437,29.549198150634766,10800,0.0,0.0,0.0
2020-10-23 00:00:00-04:00,29.458591576527706,29.59012511464863,29.443975500045685,29.536537170410156,3900,0.0,0.0,0.0
2020-10-26 00:00:00-04:00,29.249109770369422,29.295877494096974,28.981171932043324,29.016246795654297,16600,0.0,0.0,0.0
2020-10-27 00:00:00-04:00,29.02501735801677,29.06398922344177,28.857433319091797,28.857433319091797,8200,0.0,0.0,0.0
2020-10-28 00:00:00-04:00,28.32350556357532,28.342992425724972,28.0692081451416,28.0692081451416,13400,0.0,0.0,0.0
2020-10-29 00:00:00-04:00,28.08966943261445,28.333249639924105,27.96982875856677,28.299148559570312,45800,0.0,0.0,0.0
2020-10-30 00:00:00-04:00,28.04192682007499,28.142282485961914,28.001979310836347,28.142282485961914,10400,0.0,0.0,0.0
2020-11-02 00:00:00-05:00,28.33324883263044,28.33324883263044,28.187101084082705,28.323505401611328,8700,0.0,0.0,0.0
2020-11-03 00:00:00-05:00,28.859382131087525,29.083475463002,28.859382131087525,29.06496238708496,22200,0.0,0.0,0.0
2020-11-04 00:00:00-05:00,29.141934949161776,29.448846521187495,29.141934949161776,29.200393676757812,10400,0.0,0.0,0.0
2020-11-05 00:00:00-05:00,29.97010664475206,30.030514799163115,29.907749060882537,29.989593505859375,8400,0.0,0.0,0.0
2020-11-06 00:00:00-05:00,30.184458761893623,30.184458761893623,30.04805444084861,30.130870819091797,13300,0.0,0.0,0.0
2020-11-09 00:00:00-05:00,31.110063830141367,31.110063830141367,30.641414642333984,30.641414642333984,26700,0.0,0.0,0.0
2020-11-10 00:00:00-05:00,30.44070352551119,30.445574311627244,30.25265884580453,30.292606353759766,8200,0.0,0.0,0.0
2020-11-11 00:00:00-05:00,30.369578224251768,30.49136831949526,30.369578224251768,30.437780380249023,19700,0.0,0.0,0.0
2020-11-12 00:00:00-05:00,30.184459223284705,30.311121973365058,29.989596170008852,30.005184173583984,12400,0.0,0.0,0.0
2020-11-13 00:00:00-05:00,30.262403091793804,30.47675485406299,30.262403091793804,30.440704345703125,6800,0.0,0.0,0.0
2020-11-16 00:00:00-05:00,30.759308036465804,30.82653641101852,30.69110587630203,30.7700252532959,21500,0.0,0.0,0.0
2020-11-17 00:00:00-05:00,30.566390069772943,30.749562101690646,30.566390069772943,30.632644653320312,11400,0.0,0.0,0.0
2020-11-18 00:00:00-05:00,30.710592552400982,30.83725344074097,30.53424072265625,30.53424072265625,9500,0.0,0.0,0.0
2020-11-19 00:00:00-05:00,30.50598422026168,30.68233605003809,30.496240789100014,30.666748046875,8200,0.0,0.0,0.0
2020-11-20 00:00:00-05:00,30.84212552156934,30.926891326904297,30.78853758035436,30.926891326904297,13100,0.0,0.0,0.0
2020-11-23 00:00:00-05:00,31.04186197143556,31.067193405913322,30.846997063764114,30.90253257751465,8200,0.0,0.0,0.0
2020-11-24 00:00:00-05:00,31.002888479747153,31.13831901550293,30.866484158372845,31.13831901550293,14300,0.0,0.0,0.0
2020-11-25 00:00:00-05:00,30.890841802729945,31.045759201049805,30.890841802729945,31.045759201049805,3400,0.0,0.0,0.0
2020-11-27 00:00:00-05:00,31.129550303560073,31.32636277808839,31.129550303560073,31.32441520690918,9400,0.0,0.0,0.0
2020-11-30 00:00:00-05:00,31.402359392767387,31.402359392767387,30.866483688354492,30.866483688354492,19700,0.0,0.0,0.0
2020-12-01 00:00:00-05:00,31.431586063762026,31.62840224683208,31.353642335711978,31.62158203125,14500,0.0,0.0,0.0
2020-12-02 00:00:00-05:00,31.45107402617632,31.55337726348956,31.45107402617632,31.53876304626465,7900,0.0,0.0,0.0
2020-12-03 00:00:00-05:00,31.675166679757623,31.879776866711516,31.675166679757623,31.760908126831055,22600,0.0,0.0,0.0
2020-12-04 00:00:00-05:00,31.91874600846772,31.98207923568015,31.850543853576404,31.919723510742188,18400,0.0,0.0,0.0
2020-12-07 00:00:00-05:00,31.600145802680185,31.684913468202712,31.56799601065274,31.606966018676758,13900,0.0,0.0,0.0
2020-12-08 00:00:00-05:00,31.577735737917806,31.699525833129883,31.577735737917806,31.699525833129883,3500,0.0,0.0,0.0
2020-12-09 00:00:00-05:00,31.8700313921424,31.8700313921424,31.574814548761154,31.69757843017578,8900,0.0,0.0,0.0
2020-12-10 00:00:00-05:00,31.538763048786336,31.80183010907235,31.538763048786336,31.7784481048584,13500,0.0,0.0,0.0
2020-12-11 00:00:00-05:00,31.665424294733707,31.753113310680977,31.611836356280445,31.73265266418457,204900,0.0,0.0,0.0
2020-12-14 00:00:00-05:00,32.1305832026986,32.1305832026986,31.88372869825261,31.897552490234375,16500,0.432,0.0,0.0
2020-12-15 00:00:00-05:00,32.08121518553376,32.34682787766412,32.04171755819133,32.3231315612793,17400,0.0,0.0,0.0
2020-12-16 00:00:00-05:00,32.416937393682815,32.416937393682815,32.20957673406678,32.389286041259766,14200,0.0,0.0,0.0
2020-12-17 00:00:00-05:00,32.67366149537038,32.767467409924244,32.6440401609642,32.66477584838867,11600,0.0,0.0,0.0
2020-12-18 00:00:00-05:00,32.70328353948216,32.70328353948216,32.49888728756211,32.55615997314453,22600,0.0,0.0,0.0
2020-12-21 00:00:00-05:00,31.95284812157007,32.397186989357216,31.92322678595122,32.344852447509766,30900,0.0,0.0,0.0
2020-12-22 00:00:00-05:00,32.165139920118285,32.18587560631002,32.11181850799653,32.14341735839844,17100,0.0,0.0,0.0
2020-12-23 00:00:00-05:00,32.47618031316035,32.61441824281461,32.47618031316035,32.58479690551758,16400,0.0,0.0,0.0
2020-12-24 00:00:00-05:00,32.762531866929436,32.82177830714721,32.644042753194896,32.72994613647461,9900,0.0,0.0,0.0
2020-12-28 00:00:00-05:00,33.02913422837429,33.02913422837429,32.82177734375,32.82177734375,6800,0.0,0.0,0.0
2020-12-29 00:00:00-05:00,33.25920265680179,33.25920265680179,33.049872007662316,33.07850646972656,31300,0.0,0.0,0.0
2020-12-30 00:00:00-05:00,33.22286356523888,33.320755170396424,33.1655158996582,33.1655158996582,22900,0.046,0.0,0.0
2020-12-31 00:00:00-05:00,33.193200256729526,33.193200256729526,32.718588368930035,32.896568298339844,93100,0.0,0.0,0.0
2021-01-04 00:00:00-05:00,33.371182084558306,33.45028595629828,32.99050507448027,33.11113357543945,26500,0.0,0.0,0.0
2021-01-05 00:00:00-05:00,33.28219162887006,33.73505110389308,33.28219162887006,33.59365463256836,13500,0.0,0.0,0.0
2021-01-06 00:00:00-05:00,33.52938313542133,33.95455697928636,33.52938313542133,33.79338455200195,20900,0.0,0.0,0.0
2021-01-07 00:00:00-05:00,33.62826006382904,33.69154466609618,33.4710481063553,33.68659973144531,12200,0.0,0.0,0.0
2021-01-08 00:00:00-05:00,33.90512052948425,33.90512052948425,33.53531786503101,33.83788299560547,12400,0.0,0.0,0.0
2021-01-11 00:00:00-05:00,33.22286389996599,33.49972367658383,33.22286389996599,33.387001037597656,12000,0.0,0.0,0.0
2021-01-12 00:00:00-05:00,33.47005622536188,33.668800354003906,33.40381069706787,33.668800354003906,14300,0.0,0.0,0.0
2021-01-13 00:00:00-05:00,33.6282602531717,33.73702618482328,33.61342922101558,33.634193420410156,11000,0.0,0.0,0.0
2021-01-14 00:00:00-05:00,33.83590521238933,33.98421930229494,33.83590521238933,33.89522933959961,39200,0.0,0.0,0.0
2021-01-15 00:00:00-05:00,33.43050836755248,33.44039446510056,33.21297650269435,33.34151840209961,14800,0.0,0.0,0.0
2021-01-19 00:00:00-05:00,33.455226056619196,33.61343002319336,33.455226056619196,33.61343002319336,7500,0.0,0.0,0.0
2021-01-20 00:00:00-05:00,33.915008499635114,34.09298844178559,33.87348009792535,34.05244827270508,17100,0.0,0.0,0.0
2021-01-21 00:00:00-05:00,34.033658298699436,34.09694290161133,33.845792270732304,34.09694290161133,7300,0.0,0.0,0.0
2021-01-22 00:00:00-05:00,33.82601800726619,33.92489784687054,33.776579973404125,33.88336944580078,23700,0.0,0.0,0.0
2021-01-25 00:00:00-05:00,33.61837616023449,33.81118713352071,33.51950009204471,33.779544830322266,21800,0.0,0.0,0.0
2021-01-26 00:00:00-05:00,33.90017670888006,33.984221743050696,33.816131674709425,33.93577194213867,29400,0.0,0.0,0.0
2021-01-27 00:00:00-05:00,33.31185285970819,33.487856327033725,33.028075463449206,33.1170654296875,16200,0.0,0.0,0.0
2021-01-28 00:00:00-05:00,33.33162877959117,33.656938346721425,33.33162877959117,33.49477767944336,39100,0.0,0.0,0.0
2021-01-29 00:00:00-05:00,33.29207537235961,33.320752975140735,32.847129333365515,33.037960052490234,13000,0.0,0.0,0.0
2021-02-01 00:00:00-05:00,33.35140640440853,33.519500247366324,33.237699302651414,33.47005844116211,18500,0.0,0.0,0.0
2021-02-02 00:00:00-05:00,33.55904790731792,33.8062418471028,33.55904790731792,33.79833221435547,6300,0.0,0.0,0.0
2021-02-03 00:00:00-05:00,33.845791245218805,33.93478120774478,33.77954194662151,33.92983627319336,145600,0.0,0.0,0.0
2021-02-04 00:00:00-05:00,33.79635289780836,33.875452990488306,33.74889133344844,33.81118392944336,19900,0.0,0.0,0.0
2021-02-05 00:00:00-05:00,33.99410927292222,34.221527228960475,33.924895276383616,34.152313232421875,14300,0.0,0.0,0.0
2021-02-08 00:00:00-05:00,34.419285397661994,34.53793743216393,34.39950942993164,34.39950942993164,14700,0.0,0.0,0.0
2021-02-09 00:00:00-05:00,34.56759679688319,34.75546658970226,34.56067539731238,34.68625259399414,12700,0.0,0.0,0.0
2021-02-10 00:00:00-05:00,34.5577139357837,34.64175897103086,34.39950996336777,34.517173767089844,18000,0.0,0.0,0.0
2021-02-11 00:00:00-05:00,34.696139706831055,34.89883676537284,34.67636374006698,34.767330169677734,14400,0.0,0.0,0.0
2021-02-12 00:00:00-05:00,34.607150503220005,34.91367233698249,34.607150503220005,34.88400650024414,15800,0.0,0.0,0.0
2021-02-16 00:00:00-05:00,35.061985853966725,35.09065968577341,34.88895085868499,34.90378189086914,14500,0.0,0.0,0.0
2021-02-17 00:00:00-05:00,34.6467039874135,34.69614202168209,34.444003143467974,34.63681411743164,17700,0.0,0.0,0.0
2021-02-18 00:00:00-05:00,34.300628662109375,34.340180596498655,34.12166049665996,34.300628662109375,17500,0.0,0.0,0.0
2021-02-19 00:00:00-05:00,34.41928597543127,34.528048141953654,34.350071973153284,34.37973403930664,10400,0.0,0.0,0.0
2021-02-22 00:00:00-05:00,34.33029392210558,34.52804604696969,34.320404052734375,34.320404052734375,36000,0.0,0.0,0.0
2021-02-23 00:00:00-05:00,34.11276320532293,34.41928504417514,33.90907413448435,34.280853271484375,23200,0.0,0.0,0.0
2021-02-24 00:00:00-05:00,34.131551290787655,34.44894746331743,34.04354955454565,34.39950942993164,24400,0.0,0.0,0.0
2021-02-25 00:00:00-05:00,34.389618300098576,34.41928413654724,33.766692312877126,33.78745651245117,13600,0.0,0.0,0.0
2021-02-26 00:00:00-05:00,33.70736551943421,33.70736551943421,33.29207774242747,33.3533821105957,169800,0.0,0.0,0.0
2021-03-01 00:00:00-05:00,33.73702643982347,34.00300810372437,33.73702643982347,33.924896240234375,52000,0.0,0.0,0.0
2021-03-02 00:00:00-05:00,33.88732176484568,34.012895198403335,33.80920989906575,33.85172653198242,8500,0.0,0.0,0.0
2021-03-03 00:00:00-05:00,33.88534528198732,33.92489721709483,33.697479248046875,33.697479248046875,39000,0.0,0.0,0.0
2021-03-04 00:00:00-05:00,33.66781463391145,33.8062426399366,33.11904377296867,33.280216217041016,14400,0.0,0.0,0.0
2021-03-05 00:00:00-05:00,33.23275163742671,33.49972152709961,33.16353764068336,33.49972152709961,9100,0.0,0.0,0.0
2021-03-08 00:00:00-05:00,33.252528079738234,33.46017007293957,33.193200179446436,33.222862243652344,14700,0.0,0.0,0.0
2021-03-09 00:00:00-05:00,33.7073660962875,33.954560038392316,33.7073660962875,33.865570068359375,11300,0.0,0.0,0.0
2021-03-10 00:00:00-05:00,34.013885368433094,34.12067106126367,33.86754397072758,34.083099365234375,21400,0.0,0.0,0.0
2021-03-11 00:00:00-05:00,34.33029468612326,34.46872268536084,34.299640616646315,34.43708038330078,14000,0.0,0.0,0.0
2021-03-12 00:00:00-05:00,34.21163992893531,34.523106708628575,34.21163992893531,34.51816177368164,37300,0.0,0.0,0.0
2021-03-15 00:00:00-04:00,34.50827439097145,34.62692642211914,34.26108045915039,34.62692642211914,12900,0.0,0.0,0.0
2021-03-16 00:00:00-04:00,34.814790808984974,34.87411870769826,34.77523887650945,34.80589294433594,10100,0.0,0.0,0.0
2021-03-17 00:00:00-04:00,34.73569214209819,35.08176213576832,34.58836250773573,35.02243423461914,14100,0.0,0.0,0.0
2021-03-18 00:00:00-04:00,34.95322179129421,35.091653566802485,34.7623910559385,34.77524185180664,11800,0.0,0.0,0.0
2021-03-19 00:00:00-04:00,34.923558302685436,35.00266217118205,34.82468223894472,34.95322036743164,15200,0.0,0.0,0.0
2021-03-22 00:00:00-04:00,35.02243352844224,35.20041345642104,34.997716399038495,35.11142349243164,13500,0.0,0.0,0.0
2021-03-23 00:00:00-04:00,34.686255076311355,34.69218447189935,34.39950920392544,34.40049743652344,7900,0.0,0.0,0.0
2021-03-24 00:00:00-04:00,34.34512573020701,34.4736676317767,34.196807861328125,34.196807861328125,10800,0.0,0.0,0.0
2021-03-25 00:00:00-04:00,34.23141325578241,34.478607177734375,34.05541356718071,34.478607177734375,15900,0.0,0.0,0.0
2021-03-26 00:00:00-04:00,34.55474592892096,35.012550354003906,34.55474592892096,35.012550354003906,227700,0.0,0.0,0.0
2021-03-29 00:00:00-04:00,34.80490615640003,34.84445809051717,34.60813849026526,34.73074722290039,12200,0.0,0.0,0.0
2021-03-30 00:00:00-04:00,34.52804844947418,34.55771428777199,34.37281294521678,34.49838638305664,16300,0.0,0.0,0.0
2021-03-31 00:00:00-04:00,34.49838567157156,34.641758609433225,34.46377867083807,34.58737564086914,26300,0.0,0.0,0.0
2021-04-01 00:00:00-04:00,34.80391765447574,35.10944747924805,34.80391765447574,35.10944747924805,10500,0.0,0.0,0.0
2021-04-05 00:00:00-04:00,35.44760950063496,35.473318636006,35.22117976098433,35.46244430541992,43700,0.0,0.0,0.0
2021-04-06 00:00:00-04:00,35.25974347289474,35.40806134574007,35.20536050431013,35.27358627319336,14800,0.0,0.0,0.0
2021-04-07 00:00:00-04:00,35.358617479285876,35.42091384887885,35.299293351109675,35.31708908081055,30200,0.0,0.0,0.0
2021-04-08 00:00:00-04:00,35.526711728263614,35.64536375789233,35.50297905920986,35.64141082763672,7700,0.0,0.0,0.0
2021-04-09 00:00:00-04:00,35.56626374976889,35.798626646779574,35.56626374976889,35.761051177978516,30600,0.0,0.0,0.0
2021-04-12 00:00:00-04:00,35.64536591956632,35.64536591956632,35.43772391215384,35.47727584838867,13300,0.0,0.0,0.0
2021-04-13 00:00:00-04:00,35.75413003242484,35.93112173193909,35.69480213110228,35.86289596557617,10600,0.0,0.0,0.0
2021-04-14 00:00:00-04:00,36.01121085890406,36.04087669616262,35.89354705810547,35.89354705810547,6400,0.0,0.0,0.0
2021-04-15 00:00:00-04:00,36.11009145102389,36.21885738885725,36.11009145102389,36.19908142089844,10400,0.0,0.0,0.0
2021-04-16 00:00:00-04:00,36.339484110363315,36.447261810302734,36.32860978024064,36.447261810302734,9200,0.0,0.0,0.0
2021-04-19 00:00:00-04:00,36.594589570721595,36.594589570721595,36.33750953027079,36.42155456542969,17400,0.0,0.0,0.0
2021-04-20 00:00:00-04:00,36.218854141069954,36.218854141069954,35.902446225862064,35.99044418334961,38700,0.0,0.0,0.0
2021-04-21 00:00:00-04:00,35.89255940875987,36.21687698364258,35.89255940875987,36.21687698364258,22400,0.0,0.0,0.0
2021-04-22 00:00:00-04:00,36.21786755222645,36.21786755222645,35.9864928864237,36.05175018310547,8900,0.0,0.0,0.0
2021-04-23 00:00:00-04:00,36.21885491077126,36.39287813626988,36.21885491077126,36.34739303588867,2800,0.0,0.0,0.0
2021-04-26 00:00:00-04:00,36.43638597275819,36.54515191202473,36.42649987458862,36.50559997558594,8000,0.0,0.0,0.0
2021-04-27 00:00:00-04:00,36.33256200390435,36.4452846363691,36.32762084116288,36.34739303588867,6700,0.0,0.0,0.0
2021-04-28 00:00:00-04:00,36.258404451736084,36.46605022305736,36.258404451736084,36.444297790527344,13400,0.0,0.0,0.0
2021-04-29 00:00:00-04:00,36.52438726839517,36.52438726839517,36.29795752706643,36.45616149902344,15000,0.0,0.0,0.0
2021-04-30 00:00:00-04:00,36.30784621380547,36.35728424620342,35.99835968017578,35.99835968017578,12000,0.0,0.0,0.0
2021-05-03 00:00:00-04:00,36.436383934214426,36.51054286791805,36.327621772913176,36.44627380371094,13700,0.0,0.0,0.0
2021-05-04 00:00:00-04:00,36.1298644059922,36.1298644059922,35.89750151670395,35.98945617675781,14700,0.0,0.0,0.0
2021-05-05 00:00:00-04:00,36.2979552372146,36.35728313741087,36.14469620989088,36.29499053955078,41800,0.0,0.0,0.0
2021-05-06 00:00:00-04:00,36.26829444555849,36.43144334791245,36.13480760840339,36.42649841308594,16600,0.0,0.0,0.0
2021-05-07 00:00:00-04:00,36.634138352556775,36.94066017259681,36.634138352556775,36.899131774902344,11600,0.0,0.0,0.0
2021-05-10 00:00:00-04:00,37.039539756135895,37.039539756135895,36.624255739682134,36.64303970336914,22300,0.0,0.0,0.0
2021-05-11 00:00:00-04:00,36.09031439131405,36.32267729295073,36.05175068917891,36.25543975830078,8800,0.0,0.0,0.0
2021-05-12 00:00:00-04:00,35.86289539365131,36.02109935610845,35.39816960373595,35.45354080200195,20300,0.0,0.0,0.0
2021-05-13 00:00:00-04:00,35.40806049611214,35.727433127926844,35.40806049611214,35.62064743041992,24900,0.0,0.0,0.0
2021-05-14 00:00:00-04:00,35.89255891150069,36.150630950927734,35.89255891150069,36.150630950927734,5700,0.0,0.0,0.0
2021-05-17 00:00:00-04:00,36.05076255407029,36.15458355408397,35.95188648888014,36.13480758666992,20000,0.0,0.0,0.0
2021-05-18 00:00:00-04:00,36.42649919182406,36.47593722550577,36.28807118876319,36.30290222167969,10900,0.0,0.0,0.0
2021-05-19 00:00:00-04:00,35.981548045638924,36.23863184650886,35.93606671592136,36.11997604370117,15600,0.0,0.0,0.0
2021-05-20 00:00:00-04:00,36.436385262606954,36.67072840690526,36.436385262606954,36.59458923339844,6900,0.0,0.0,0.0
2021-05-21 00:00:00-04:00,36.663806890375795,36.6736929883213,36.47593708248964,36.56097412109375,17700,0.0,0.0,0.0
2021-05-24 00:00:00-04:00,36.70335260074206,36.89122239607078,36.70335260074206,36.81211853027344,12400,0.0,0.0,0.0
2021-05-25 00:00:00-04:00,36.90111103424394,36.90111103424394,36.73202896118164,36.73202896118164,10200,0.0,0.0,0.0
2021-05-26 00:00:00-04:00,36.76268284809924,36.87144878457743,36.52537500743045,36.7330207824707,5900,0.0,0.0,0.0
2021-05-27 00:00:00-04:00,36.846726076520085,36.891222944662765,36.714231248407195,36.87836837768555,7000,0.0,0.0,0.0
2021-05-28 00:00:00-04:00,36.92088557884145,36.99899744258588,36.91000747680664,36.91000747680664,4300,0.0,0.0,0.0
2021-06-01 00:00:00-04:00,37.34606019914712,37.395498231832946,37.197742329209525,37.2669563293457,14700,0.0,0.0,0.0
2021-06-02 00:00:00-04:00,37.177964321982735,37.3065062174175,37.139404393668244,37.2076301574707,6600,0.0,0.0,0.0
2021-06-03 00:00:00-04:00,36.9604377746582,37.01976190434441,36.88133390590316,36.9604377746582,13200,0.0,0.0,0.0
2021-06-04 00:00:00-04:00,37.24717806070289,37.35594398902004,37.24717806070289,37.3460578918457,17900,0.0,0.0,0.0
2021-06-07 00:00:00-04:00,37.32628352248632,37.36583545663553,37.25706952366522,37.3559455871582,38700,0.0,0.0,0.0
2021-06-08 00:00:00-04:00,37.48448720144973,37.48448720144973,37.33616933546088,37.340126037597656,16000,0.0,0.0,0.0
2021-06-09 00:00:00-04:00,37.316399526960225,37.316399526960225,37.158195553331645,37.17500305175781,21400,0.0,0.0,0.0
2021-06-10 00:00:00-04:00,37.20000076293945,37.35900115966797,37.18000030517578,37.279998779296875,9500,0.422,0.0,0.0
2021-06-11 00:00:00-04:00,37.310001373291016,37.38999938964844,37.28099822998047,37.3849983215332,3000,0.0,0.0,0.0
2021-06-14 00:00:00-04:00,37.34000015258789,37.470001220703125,37.34000015258789,37.41600036621094,12900,0.0,0.0,0.0
2021-06-15 00:00:00-04:00,37.34000015258789,37.38999938964844,37.15999984741211,37.290000915527344,9000,0.0,0.0,0.0
2021-06-16 00:00:00-04:00,37.2400016784668,37.34000015258789,36.86000061035156,36.91999816894531,27900,0.0,0.0,0.0
2021-06-17 00:00:00-04:00,36.66899871826172,36.68000030517578,36.40999984741211,36.52299880981445,9200,0.0,0.0,0.0
2021-06-18 00:00:00-04:00,36.13999938964844,36.18899917602539,36.0099983215332,36.040000915527344,6600,0.0,0.0,0.0
2021-06-21 00:00:00-04:00,36.15999984741211,36.560001373291016,36.15999984741211,36.4900016784668,15800,0.0,0.0,0.0
2021-06-22 00:00:00-04:00,36.439998626708984,36.64899826049805,36.290000915527344,36.5890007019043,10500,0.0,0.0,0.0
2021-06-23 00:00:00-04:00,36.43000030517578,36.619998931884766,36.349998474121094,36.369998931884766,23300,0.0,0.0,0.0
2021-06-24 00:00:00-04:00,36.77000045776367,36.81999969482422,36.62099838256836,36.81999969482422,10500,0.0,0.0,0.0
2021-06-25 00:00:00-04:00,36.97999954223633,36.98899841308594,36.849998474121094,36.89400100708008,7400,0.0,0.0,0.0
2021-06-28 00:00:00-04:00,36.900001525878906,36.90399932861328,36.77000045776367,36.83000183105469,7100,0.0,0.0,0.0
2021-06-29 00:00:00-04:00,36.869998931884766,36.900001525878906,36.779998779296875,36.79999923706055,12300,0.0,0.0,0.0
2021-06-30 00:00:00-04:00,36.66999816894531,36.790000915527344,36.59000015258789,36.709999084472656,21100,0.0,0.0,0.0
2021-07-01 00:00:00-04:00,36.790000915527344,36.83000183105469,36.6510009765625,36.7599983215332,14800,0.0,0.0,0.0
2021-07-02 00:00:00-04:00,36.96900177001953,37.11899948120117,36.939998626708984,37.07699966430664,11000,0.0,0.0,0.0
2021-07-06 00:00:00-04:00,37.119998931884766,37.119998931884766,36.63999938964844,36.84000015258789,13400,0.0,0.0,0.0
2021-07-07 00:00:00-04:00,37.040000915527344,37.07500076293945,36.869998931884766,37.0099983215332,15800,0.0,0.0,0.0
2021-07-08 00:00:00-04:00,36.45000076293945,36.59000015258789,36.369998931884766,36.459999084472656,12600,0.0,0.0,0.0
2021-07-09 00:00:00-04:00,36.81999969482422,37.11000061035156,36.81999969482422,37.11000061035156,25800,0.0,0.0,0.0
2021-07-12 00:00:00-04:00,37.08000183105469,37.27000045776367,37.08000183105469,37.25,8900,0.0,0.0,0.0
2021-07-13 00:00:00-04:00,37.2599983215332,37.34000015258789,37.111000061035156,37.220001220703125,6500,0.0,0.0,0.0
2021-07-14 00:00:00-04:00,37.369998931884766,37.40999984741211,37.189998626708984,37.25899887084961,40300,0.0,0.0,0.0
2021-07-15 00:00:00-04:00,37.0,37.02000045776367,36.779998779296875,36.91999816894531,12700,0.0,0.0,0.0
2021-07-16 00:00:00-04:00,36.970001220703125,36.970001220703125,36.56700134277344,36.58000183105469,9800,0.0,0.0,0.0
2021-07-19 00:00:00-04:00,36.04999923706055,36.04999923706055,35.76100158691406,35.87799835205078,88000,0.0,0.0,0.0
2021-07-20 00:00:00-04:00,35.88999938964844,36.31999969482422,35.88999938964844,36.2599983215332,16900,0.0,0.0,0.0
2021-07-21 00:00:00-04:00,36.439998626708984,36.849998474121094,36.439998626708984,36.849998474121094,9000,0.0,0.0,0.0
2021-07-22 00:00:00-04:00,37.09000015258789,37.130001068115234,36.93000030517578,37.11000061035156,5400,0.0,0.0,0.0
2021-07-23 00:00:00-04:00,37.27000045776367,37.29899978637695,37.17499923706055,37.25,10200,0.0,0.0,0.0
2021-07-26 00:00:00-04:00,37.2400016784668,37.5,37.2400016784668,37.5,7300,0.0,0.0,0.0
2021-07-27 00:00:00-04:00,37.310001373291016,37.310001373291016,37.06999969482422,37.18000030517578,21200,0.0,0.0,0.0
2021-07-28 00:00:00-04:00,37.27000045776367,37.5,37.27000045776367,37.44599914550781,17000,0.0,0.0,0.0
2021-07-29 00:00:00-04:00,37.7400016784668,37.869998931884766,37.7400016784668,37.79999923706055,8800,0.0,0.0,0.0
2021-07-30 00:00:00-04:00,37.630001068115234,37.77000045776367,37.566001892089844,37.68000030517578,6900,0.0,0.0,0.0
2021-08-02 00:00:00-04:00,37.88999938964844,37.9630012512207,37.75,37.81999969482422,12700,0.0,0.0,0.0
2021-08-03 00:00:00-04:00,37.86000061035156,37.9900016784668,37.7599983215332,37.93899917602539,15500,0.0,0.0,0.0
2021-08-04 00:00:00-04:00,37.90999984741211,37.93000030517578,37.724998474121094,37.72999954223633,9600,0.0,0.0,0.0
2021-08-05 00:00:00-04:00,37.779998779296875,37.81999969482422,37.72600173950195,37.72600173950195,11900,0.0,0.0,0.0
2021-08-06 00:00:00-04:00,37.59000015258789,37.59000015258789,37.38999938964844,37.45600128173828,3900,0.0,0.0,0.0
2021-08-09 00:00:00-04:00,37.40999984741211,37.44200134277344,37.36000061035156,37.36899948120117,3600,0.0,0.0,0.0
2021-08-10 00:00:00-04:00,37.41999816894531,37.48500061035156,37.400001525878906,37.48500061035156,4800,0.0,0.0,0.0
2021-08-11 00:00:00-04:00,37.599998474121094,37.69200134277344,37.564998626708984,37.66899871826172,4800,0.0,0.0,0.0
2021-08-12 00:00:00-04:00,37.529998779296875,37.66999816894531,37.529998779296875,37.62099838256836,10300,0.0,0.0,0.0
2021-08-13 00:00:00-04:00,37.69200134277344,37.819000244140625,37.69200134277344,37.770999908447266,12800,0.0,0.0,0.0
2021-08-16 00:00:00-04:00,37.540000915527344,37.619998931884766,37.4010009765625,37.61000061035156,12800,0.0,0.0,0.0
2021-08-17 00:00:00-04:00,37.290000915527344,37.290000915527344,37.040000915527344,37.15999984741211,7500,0.0,0.0,0.0
2021-08-18 00:00:00-04:00,37.290000915527344,37.40999984741211,37.22999954223633,37.22999954223633,6300,0.0,0.0,0.0
2021-08-19 00:00:00-04:00,36.790000915527344,36.89899826049805,36.650001525878906,36.76599884033203,17000,0.0,0.0,0.0
2021-08-20 00:00:00-04:00,36.65999984741211,36.87900161743164,36.65999984741211,36.86399841308594,21500,0.0,0.0,0.0
2021-08-23 00:00:00-04:00,37.33000183105469,37.439998626708984,37.30799865722656,37.41600036621094,13600,0.0,0.0,0.0
2021-08-24 00:00:00-04:00,37.45000076293945,37.57899856567383,37.45000076293945,37.4900016784668,9300,0.0,0.0,0.0
2021-08-25 00:00:00-04:00,37.55099868774414,37.650001525878906,37.52000045776367,37.61899948120117,5300,0.0,0.0,0.0
2021-08-26 00:00:00-04:00,37.4900016784668,37.599998474121094,37.459999084472656,37.47600173950195,10000,0.0,0.0,0.0
2021-08-27 00:00:00-04:00,37.5,37.922000885009766,37.48099899291992,37.84400177001953,8500,0.0,0.0,0.0
2021-08-30 00:00:00-04:00,38.0,38.0890007019043,38.0,38.029998779296875,5800,0.0,0.0,0.0
2021-08-31 00:00:00-04:00,38.11000061035156,38.11000061035156,37.97999954223633,38.06999969482422,15800,0.0,0.0,0.0
2021-09-01 00:00:00-04:00,38.220001220703125,38.46099853515625,38.220001220703125,38.334999084472656,7600,0.0,0.0,0.0
2021-09-02 00:00:00-04:00,38.5099983215332,38.63999938964844,38.5099983215332,38.599998474121094,7100,0.0,0.0,0.0
2021-09-03 00:00:00-04:00,38.720001220703125,38.93000030517578,38.630001068115234,38.87200164794922,7100,0.0,0.0,0.0
2021-09-07 00:00:00-04:00,38.779998779296875,38.779998779296875,38.630001068115234,38.68000030517578,14400,0.0,0.0,0.0
2021-09-08 00:00:00-04:00,38.5,38.5,38.262001037597656,38.32899856567383,16900,0.0,0.0,0.0
2021-09-09 00:00:00-04:00,38.380001068115234,38.529998779296875,38.380001068115234,38.40999984741211,9300,0.0,0.0,0.0
2021-09-10 00:00:00-04:00,38.689998626708984,38.689998626708984,38.380001068115234,38.435001373291016,13200,0.0,0.0,0.0
2021-09-13 00:00:00-04:00,38.709999084472656,38.709999084472656,38.529998779296875,38.61000061035156,12300,0.0,0.0,0.0
2021-09-14 00:00:00-04:00,38.6609992980957,38.6609992980957,38.470001220703125,38.5,9100,0.0,0.0,0.0
2021-09-15 00:00:00-04:00,38.4900016784668,38.689998626708984,38.45899963378906,38.650001525878906,5500,0.0,0.0,0.0
2021-09-16 00:00:00-04:00,38.380001068115234,38.5989990234375,38.380001068115234,38.558998107910156,6700,0.0,0.0,0.0
2021-09-17 00:00:00-04:00,38.41999816894531,38.41999816894531,38.14400100708008,38.215999603271484,105000,0.0,0.0,0.0
2021-09-20 00:00:00-04:00,37.29999923706055,37.40999984741211,37.04999923706055,37.33300018310547,17000,0.0,0.0,0.0
2021-09-21 00:00:00-04:00,37.65999984741211,37.75,37.59299850463867,37.59299850463867,7400,0.0,0.0,0.0
2021-09-22 00:00:00-04:00,37.70399856567383,37.970001220703125,37.70000076293945,37.74800109863281,8400,0.0,0.0,0.0
2021-09-23 00:00:00-04:00,38.23099899291992,38.33000183105469,38.22999954223633,38.290000915527344,18400,0.0,0.0,0.0
2021-09-24 00:00:00-04:00,37.79999923706055,37.93899917602539,37.79999923706055,37.88199996948242,9400,0.0,0.0,0.0
2021-09-27 00:00:00-04:00,37.5099983215332,37.66999816894531,37.5099983215332,37.54999923706055,22300,0.0,0.0,0.0
2021-09-28 00:00:00-04:00,36.691001892089844,36.73899841308594,36.560001373291016,36.59000015258789,9400,0.0,0.0,0.0
2021-09-29 00:00:00-04:00,36.56999969482422,36.59000015258789,36.33100128173828,36.36899948120117,11700,0.0,0.0,0.0
2021-09-30 00:00:00-04:00,36.5,36.61000061035156,36.400001525878906,36.42599868774414,4300,0.0,0.0,0.0
2021-10-01 00:00:00-04:00,36.459999084472656,36.5989990234375,36.16999816894531,36.5,25800,0.0,0.0,0.0
2021-10-04 00:00:00-04:00,36.33000183105469,36.33000183105469,35.869998931884766,35.98500061035156,21500,0.0,0.0,0.0
2021-10-05 00:00:00-04:00,36.0,36.279998779296875,36.0,36.16999816894531,109300,0.0,0.0,0.0
2021-10-06 00:00:00-04:00,35.650001525878906,35.959999084472656,35.50400161743164,35.959999084472656,13600,0.0,0.0,0.0
2021-10-07 00:00:00-04:00,36.02000045776367,36.310001373291016,35.97999954223633,36.20000076293945,65600,0.0,0.0,0.0
2021-10-08 00:00:00-04:00,36.26900100708008,36.279998779296875,36.11000061035156,36.220001220703125,5800,0.0,0.0,0.0
2021-10-11 00:00:00-04:00,36.2599983215332,36.34000015258789,36.053001403808594,36.06999969482422,6300,0.0,0.0,0.0
2021-10-12 00:00:00-04:00,36.150001525878906,36.189998626708984,36.060001373291016,36.117000579833984,8600,0.0,0.0,0.0
2021-10-13 00:00:00-04:00,36.43199920654297,36.659000396728516,36.32500076293945,36.599998474121094,9500,0.0,0.0,0.0
2021-10-14 00:00:00-04:00,36.900001525878906,37.119998931884766,36.900001525878906,37.066001892089844,7800,0.0,0.0,0.0
2021-10-15 00:00:00-04:00,37.349998474121094,37.46200180053711,37.30400085449219,37.41999816894531,11400,0.0,0.0,0.0
2021-10-18 00:00:00-04:00,37.27899932861328,37.369998931884766,37.2400016784668,37.30699920654297,7500,0.0,0.0,0.0
2021-10-19 00:00:00-04:00,37.540000915527344,37.62099838256836,37.439998626708984,37.540000915527344,7600,0.0,0.0,0.0
2021-10-20 00:00:00-04:00,37.435001373291016,37.70000076293945,37.435001373291016,37.60100173950195,9900,0.0,0.0,0.0
2021-10-21 00:00:00-04:00,37.529998779296875,37.529998779296875,37.380001068115234,37.441001892089844,11700,0.0,0.0,0.0
2021-10-22 00:00:00-04:00,37.619998931884766,37.77000045776367,37.52000045776367,37.667999267578125,21500,0.0,0.0,0.0
2021-10-25 00:00:00-04:00,37.599998474121094,37.749000549316406,37.599998474121094,37.68000030517578,26500,0.0,0.0,0.0
2021-10-26 00:00:00-04:00,37.744998931884766,37.808998107910156,37.599998474121094,37.66999816894531,14000,0.0,0.0,0.0
2021-10-27 00:00:00-04:00,37.61000061035156,37.630001068115234,37.45000076293945,37.45000076293945,35600,0.0,0.0,0.0
2021-10-28 00:00:00-04:00,37.66999816894531,37.84000015258789,37.63999938964844,37.84000015258789,15600,0.0,0.0,0.0
2021-10-29 00:00:00-04:00,37.459999084472656,37.59000015258789,37.40999984741211,37.56999969482422,11200,0.0,0.0,0.0
2021-11-01 00:00:00-04:00,37.779998779296875,37.8390007019043,37.72999954223633,37.819000244140625,6400,0.0,0.0,0.0
2021-11-02 00:00:00-04:00,37.65999984741211,37.66899871826172,37.529998779296875,37.61000061035156,8200,0.0,0.0,0.0
2021-11-03 00:00:00-04:00,37.630001068115234,37.92499923706055,37.625,37.88999938964844,5800,0.0,0.0,0.0
2021-11-04 00:00:00-04:00,37.880001068115234,37.95000076293945,37.80799865722656,37.944000244140625,8500,0.0,0.0,0.0
2021-11-05 00:00:00-04:00,37.86000061035156,37.880001068115234,37.720001220703125,37.86000061035156,12300,0.0,0.0,0.0
2021-11-08 00:00:00-05:00,37.974998474121094,37.9900016784668,37.91999816894531,37.91999816894531,5100,0.0,0.0,0.0
2021-11-09 00:00:00-05:00,37.9900016784668,37.9900016784668,37.77899932861328,37.88800048828125,9600,0.0,0.0,0.0
2021-11-10 00:00:00-05:00,37.611000061035156,37.70000076293945,37.220001220703125,37.28300094604492,12600,0.0,0.0,0.0
2021-11-11 00:00:00-05:00,37.4900016784668,37.540000915527344,37.400001525878906,37.400001525878906,33700,0.0,0.0,0.0
2021-11-12 00:00:00-05:00,37.599998474121094,37.65700149536133,37.58000183105469,37.65700149536133,5800,0.0,0.0,0.0
2021-11-15 00:00:00-05:00,37.7599983215332,37.7599983215332,37.599998474121094,37.709999084472656,19000,0.0,0.0,0.0
2021-11-16 00:00:00-05:00,37.43000030517578,37.48500061035156,37.4010009765625,37.4010009765625,6600,0.0,0.0,0.0
2021-11-17 00:00:00-05:00,37.29999923706055,37.349998474121094,37.23099899291992,37.34000015258789,15000,0.0,0.0,0.0
2021-11-18 00:00:00-05:00,37.349998474121094,37.38999938964844,37.165000915527344,37.32400131225586,12700,0.0,0.0,0.0
2021-11-19 00:00:00-05:00,37.2400016784668,37.279998779296875,37.060001373291016,37.1609992980957,23300,0.0,0.0,0.0
2021-11-22 00:00:00-05:00,37.09000015258789,37.15999984741211,36.869998931884766,36.869998931884766,8900,0.0,0.0,0.0
2021-11-23 00:00:00-05:00,36.63999938964844,36.755001068115234,36.439998626708984,36.62799835205078,10300,0.0,0.0,0.0
2021-11-24 00:00:00-05:00,36.060001373291016,36.349998474121094,36.060001373291016,36.32600021362305,5700,0.0,0.0,0.0
2021-11-26 00:00:00-05:00,35.869998931884766,35.869998931884766,35.52000045776367,35.590999603271484,10000,0.0,0.0,0.0
2021-11-29 00:00:00-05:00,35.90999984741211,35.939998626708984,35.66999816894531,35.79399871826172,22200,0.0,0.0,0.0
2021-11-30 00:00:00-05:00,35.77000045776367,35.77000045776367,35.27899932861328,35.50400161743164,12100,0.0,0.0,0.0
2021-12-01 00:00:00-05:00,35.900001525878906,35.92100143432617,35.1879997253418,35.1879997253418,14200,0.0,0.0,0.0
2021-12-02 00:00:00-05:00,35.20000076293945,35.59000015258789,35.20000076293945,35.439998626708984,13900,0.0,0.0,0.0
2021-12-03 00:00:00-05:00,35.689998626708984,35.689998626708984,35.220001220703125,35.380001068115234,14300,0.0,0.0,0.0
2021-12-06 00:00:00-05:00,35.52000045776367,35.689998626708984,35.52000045776367,35.63600158691406,17300,0.0,0.0,0.0
2021-12-07 00:00:00-05:00,36.290000915527344,36.65999984741211,36.290000915527344,36.65999984741211,22700,0.0,0.0,0.0
2021-12-08 00:00:00-05:00,36.560001373291016,36.7400016784668,36.540000915527344,36.709999084472656,28500,0.0,0.0,0.0
2021-12-09 00:00:00-05:00,36.38999938964844,36.47999954223633,36.310001373291016,36.41999816894531,41600,0.0,0.0,0.0
2021-12-10 00:00:00-05:00,36.470001220703125,36.54999923706055,36.33599853515625,36.38999938964844,10600,0.0,0.0,0.0
2021-12-13 00:00:00-05:00,35.34000015258789,35.34000015258789,34.98099899291992,35.03300094604492,18000,0.0,0.0,0.0
2021-12-14 00:00:00-05:00,34.88999938964844,34.88999938964844,34.59000015258789,34.676998138427734,10400,0.0,0.0,0.0
2021-12-15 00:00:00-05:00,34.650001525878906,35.119998931884766,34.505001068115234,35.0099983215332,53500,0.0,0.0,0.0
2021-12-16 00:00:00-05:00,35.279998779296875,35.38999938964844,35.016998291015625,35.11600112915039,17000,0.0,0.0,0.0
2021-12-17 00:00:00-05:00,34.93000030517578,35.04999923706055,34.7599983215332,34.762001037597656,49100,0.0,0.0,0.0
2021-12-20 00:00:00-05:00,34.5,34.507999420166016,34.310001373291016,34.4900016784668,243000,0.0,0.0,0.0
2021-12-21 00:00:00-05:00,34.709999084472656,34.9900016784668,34.709999084472656,34.9900016784668,13900,0.0,0.0,0.0
2021-12-22 00:00:00-05:00,35.040000915527344,35.4900016784668,35.029998779296875,35.4900016784668,19900,0.0,0.0,0.0
2021-12-23 00:00:00-05:00,35.470001220703125,35.720001220703125,35.470001220703125,35.698001861572266,7000,0.0,0.0,0.0
2021-12-27 00:00:00-05:00,35.720001220703125,36.00899887084961,35.720001220703125,35.9900016784668,27000,0.0,0.0,0.0
2021-12-28 00:00:00-05:00,36.060001373291016,36.18000030517578,36.02000045776367,36.040000915527344,10300,0.0,0.0,0.0
2021-12-29 00:00:00-05:00,36.189998626708984,36.31999969482422,36.150001525878906,36.27199935913086,16900,0.0,0.0,0.0
2021-12-30 00:00:00-05:00,36.20000076293945,36.279998779296875,36.15999984741211,36.15999984741211,16400,0.0,0.0,0.0
2021-12-31 00:00:00-05:00,36.15999984741211,36.35900115966797,36.119998931884766,36.25,10600,0.0,0.0,0.0
2022-01-03 00:00:00-05:00,36.25,36.349998474121094,36.180999755859375,36.279998779296875,25600,0.0,0.0,0.0
2022-01-04 00:00:00-05:00,36.5099983215332,36.529998779296875,36.310001373291016,36.42599868774414,9500,0.0,0.0,0.0
2022-01-05 00:00:00-05:00,36.5099983215332,36.56999969482422,35.994998931884766,36.040000915527344,34000,0.0,0.0,0.0
2022-01-06 00:00:00-05:00,35.86000061035156,35.970001220703125,35.689998626708984,35.790000915527344,23700,0.0,0.0,0.0
2022-01-07 00:00:00-05:00,35.75,35.880001068115234,35.58000183105469,35.869998931884766,86100,0.0,0.0,0.0
2022-01-10 00:00:00-05:00,35.33000183105469,35.33000183105469,35.04999923706055,35.31999969482422,30300,0.0,0.0,0.0
2022-01-11 00:00:00-05:00,35.33000183105469,35.880001068115234,35.31999969482422,35.832000732421875,19600,0.0,0.0,0.0
2022-01-12 00:00:00-05:00,36.22999954223633,36.380001068115234,36.209999084472656,36.34000015258789,17700,0.0,0.0,0.0
2022-01-13 00:00:00-05:00,36.400001525878906,36.4900016784668,36.025001525878906,36.025001525878906,17100,0.0,0.0,0.0
2022-01-14 00:00:00-05:00,35.86000061035156,36.02000045776367,35.82099914550781,35.97200012207031,6700,0.0,0.0,0.0
2022-01-18 00:00:00-05:00,35.5,35.68899917602539,35.34000015258789,35.52000045776367,16400,0.0,0.0,0.0
2022-01-19 00:00:00-05:00,35.68000030517578,35.68000030517578,35.380001068115234,35.380001068115234,16800,0.0,0.0,0.0
2022-01-20 00:00:00-05:00,35.4900016784668,35.709999084472656,35.150001525878906,35.150001525878906,19400,0.0,0.0,0.0
2022-01-21 00:00:00-05:00,35.02000045776367,35.02000045776367,34.5099983215332,34.59000015258789,37100,0.0,0.0,0.0
2022-01-24 00:00:00-05:00,33.869998931884766,34.189998626708984,33.24300003051758,34.099998474121094,34300,0.0,0.0,0.0
2022-01-25 00:00:00-05:00,33.65999984741211,34.25899887084961,33.65999984741211,34.08000183105469,34800,0.0,0.0,0.0
2022-01-26 00:00:00-05:00,34.47999954223633,34.494998931884766,33.77000045776367,33.93000030517578,27200,0.0,0.0,0.0
2022-01-27 00:00:00-05:00,33.880001068115234,33.92599868774414,33.459999084472656,33.56999969482422,16500,0.0,0.0,0.0
2022-01-28 00:00:00-05:00,33.459999084472656,33.86000061035156,33.38999938964844,33.79999923706055,75400,0.0,0.0,0.0
2022-01-31 00:00:00-05:00,34.08000183105469,34.59000015258789,34.08000183105469,34.540000915527344,15400,0.0,0.0,0.0
2022-02-01 00:00:00-05:00,34.79999923706055,35.04999923706055,34.63999938964844,34.9900016784668,24700,0.0,0.0,0.0
2022-02-02 00:00:00-05:00,35.25,35.369998931884766,35.150001525878906,35.25,34400,0.0,0.0,0.0
2022-02-03 00:00:00-05:00,34.84000015258789,35.0369987487793,34.709999084472656,34.709999084472656,44900,0.0,0.0,0.0
2022-02-04 00:00:00-05:00,34.63999938964844,34.89899826049805,34.63999938964844,34.7400016784668,44400,0.0,0.0,0.0
2022-02-07 00:00:00-05:00,34.810001373291016,35.025001525878906,34.72999954223633,34.79999923706055,94700,0.0,0.0,0.0
2022-02-08 00:00:00-05:00,34.650001525878906,34.8390007019043,34.529998779296875,34.75,29100,0.0,0.0,0.0
2022-02-09 00:00:00-05:00,35.290000915527344,35.47200012207031,35.290000915527344,35.43000030517578,13100,0.0,0.0,0.0
2022-02-10 00:00:00-05:00,34.90999984741211,35.540000915527344,34.90999984741211,35.06999969482422,20500,0.0,0.0,0.0
2022-02-11 00:00:00-05:00,34.9900016784668,35.16899871826172,34.540000915527344,34.599998474121094,100400,0.0,0.0,0.0
2022-02-14 00:00:00-05:00,34.5099983215332,34.5099983215332,34.27000045776367,34.310001373291016,14700,0.0,0.0,0.0
2022-02-15 00:00:00-05:00,34.79999923706055,35.13999938964844,34.77000045776367,35.13999938964844,15000,0.0,0.0,0.0
2022-02-16 00:00:00-05:00,35.0,35.349998474121094,35.0,35.22999954223633,10600,0.0,0.0,0.0
2022-02-17 00:00:00-05:00,35.04999923706055,35.04999923706055,34.65999984741211,34.709999084472656,10100,0.0,0.0,0.0
2022-02-18 00:00:00-05:00,34.709999084472656,34.720001220703125,34.39500045776367,34.39500045776367,19900,0.0,0.0,0.0
2022-02-22 00:00:00-05:00,34.16999816894531,34.349998474121094,33.85499954223633,34.150001525878906,24700,0.0,0.0,0.0
2022-02-23 00:00:00-05:00,34.459999084472656,34.459999084472656,33.84000015258789,33.849998474121094,20300,0.0,0.0,0.0
2022-02-24 00:00:00-05:00,32.88999938964844,33.689998626708984,32.630001068115234,33.63999938964844,36000,0.0,0.0,0.0
2022-02-25 00:00:00-05:00,33.900001525878906,34.44300079345703,33.854000091552734,34.44300079345703,21600,0.0,0.0,0.0
2022-02-28 00:00:00-05:00,34.220001220703125,34.599998474121094,34.20000076293945,34.33000183105469,70600,0.0,0.0,0.0
2022-03-01 00:00:00-05:00,34.33000183105469,34.33000183105469,33.619998931884766,33.75,49400,0.0,0.0,0.0
2022-03-02 00:00:00-05:00,34.029998779296875,34.189998626708984,33.83000183105469,34.08000183105469,16800,0.0,0.0,0.0
2022-03-03 00:00:00-05:00,33.84000015258789,33.84000015258789,33.470001220703125,33.529998779296875,23300,0.0,0.0,0.0
2022-03-04 00:00:00-05:00,32.790000915527344,32.86000061035156,32.599998474121094,32.84000015258789,21600,0.0,0.0,0.0
2022-03-07 00:00:00-05:00,32.63999938964844,32.65999984741211,31.84000015258789,32.0099983215332,38300,0.0,0.0,0.0
2022-03-08 00:00:00-05:00,32.09000015258789,32.595001220703125,31.930999755859375,32.09000015258789,65100,0.0,0.0,0.0
2022-03-09 00:00:00-05:00,32.81999969482422,33.2400016784668,32.720001220703125,33.06999969482422,92900,0.0,0.0,0.0
2022-03-10 00:00:00-05:00,32.93000030517578,33.14899826049805,32.81999969482422,32.96799850463867,27600,0.0,0.0,0.0
2022-03-11 00:00:00-05:00,33.380001068115234,33.380001068115234,32.73500061035156,32.79999923706055,39500,0.0,0.0,0.0
2022-03-14 00:00:00-04:00,33.18000030517578,33.2400016784668,32.76499938964844,32.849998474121094,22900,0.0,0.0,0.0
2022-03-15 00:00:00-04:00,32.849998474121094,32.970001220703125,32.56999969482422,32.970001220703125,23100,0.0,0.0,0.0
2022-03-16 00:00:00-04:00,33.459999084472656,33.95000076293945,33.27000045776367,33.95000076293945,21900,0.0,0.0,0.0
2022-03-17 00:00:00-04:00,33.77000045776367,34.26900100708008,33.77000045776367,34.25,23800,0.0,0.0,0.0
2022-03-18 00:00:00-04:00,33.939998626708984,34.599998474121094,33.939998626708984,34.599998474121094,26000,0.0,0.0,0.0
2022-03-21 00:00:00-04:00,34.483001708984375,34.689998626708984,34.400001525878906,34.5099983215332,13400,0.0,0.0,0.0
2022-03-22 00:00:00-04:00,34.68000030517578,34.79999923706055,34.652000427246094,34.79999923706055,9800,0.0,0.0,0.0
2022-03-23 00:00:00-04:00,34.38999938964844,34.56999969482422,34.38999938964844,34.45000076293945,12900,0.0,0.0,0.0
2022-03-24 00:00:00-04:00,34.459999084472656,34.54999923706055,34.31999969482422,34.54999923706055,14800,0.0,0.0,0.0
2022-03-25 00:00:00-04:00,34.59000015258789,34.709999084472656,34.46500015258789,34.709999084472656,8300,0.0,0.0,0.0
2022-03-28 00:00:00-04:00,34.43000030517578,34.439998626708984,34.209999084472656,34.40399932861328,30200,0.0,0.0,0.0
2022-03-29 00:00:00-04:00,34.959999084472656,35.099998474121094,34.77000045776367,35.099998474121094,21700,0.0,0.0,0.0
2022-03-30 00:00:00-04:00,35.029998779296875,35.05799865722656,34.70100021362305,34.86000061035156,24700,0.0,0.0,0.0
2022-03-31 00:00:00-04:00,34.58000183105469,34.65999984741211,34.310001373291016,34.349998474121094,30200,0.0,0.0,0.0
2022-04-01 00:00:00-04:00,34.459999084472656,34.599998474121094,34.37099838256836,34.52000045776367,29700,0.0,0.0,0.0
2022-04-04 00:00:00-04:00,34.68000030517578,34.81999969482422,34.619998931884766,34.79999923706055,28600,0.0,0.0,0.0
2022-04-05 00:00:00-04:00,34.7599983215332,34.83599853515625,34.310001373291016,34.38999938964844,32100,0.0,0.0,0.0
2022-04-06 00:00:00-04:00,33.939998626708984,33.939998626708984,33.63999938964844,33.7400016784668,17200,0.0,0.0,0.0
2022-04-07 00:00:00-04:00,33.779998779296875,33.88999938964844,33.54999923706055,33.84000015258789,15400,0.0,0.0,0.0
2022-04-08 00:00:00-04:00,33.65999984741211,33.86000061035156,33.60100173950195,33.83000183105469,51500,0.0,0.0,0.0
2022-04-11 00:00:00-04:00,33.63999938964844,33.63999938964844,33.314998626708984,33.38999938964844,27500,0.0,0.0,0.0
2022-04-12 00:00:00-04:00,33.439998626708984,33.66999816894531,33.255001068115234,33.34000015258789,16700,0.0,0.0,0.0
2022-04-13 00:00:00-04:00,33.380001068115234,33.849998474121094,33.380001068115234,33.84000015258789,39400,0.0,0.0,0.0
2022-04-14 00:00:00-04:00,33.86000061035156,33.880001068115234,33.630001068115234,33.7599983215332,108900,0.0,0.0,0.0
2022-04-18 00:00:00-04:00,33.4900016784668,33.86000061035156,33.4900016784668,33.720001220703125,34100,0.0,0.0,0.0
2022-04-19 00:00:00-04:00,33.65999984741211,33.869998931884766,33.58000183105469,33.869998931884766,16500,0.0,0.0,0.0
2022-04-20 00:00:00-04:00,34.099998474121094,34.16899871826172,34.007999420166016,34.130001068115234,19700,0.0,0.0,0.0
2022-04-21 00:00:00-04:00,34.38999938964844,34.38999938964844,33.61000061035156,33.689998626708984,12200,0.0,0.0,0.0
2022-04-22 00:00:00-04:00,33.56999969482422,33.56999969482422,32.959999084472656,32.9900016784668,20600,0.0,0.0,0.0
2022-04-25 00:00:00-04:00,32.560001373291016,32.70000076293945,32.13999938964844,32.70000076293945,343700,0.0,0.0,0.0
2022-04-26 00:00:00-04:00,32.402000427246094,32.402000427246094,31.8799991607666,31.889999389648438,36000,0.0,0.0,0.0
2022-04-27 00:00:00-04:00,31.889999389648438,32.16999816894531,31.84000015258789,32.040000915527344,44800,0.0,0.0,0.0
2022-04-28 00:00:00-04:00,32.2599983215332,32.630001068115234,32.03900146484375,32.599998474121094,34300,0.0,0.0,0.0
2022-04-29 00:00:00-04:00,32.79999923706055,32.79999923706055,32.125,32.189998626708984,794600,0.0,0.0,0.0
2022-05-02 00:00:00-04:00,31.979999542236328,32.04499816894531,31.650999069213867,32.0099983215332,156400,0.0,0.0,0.0
2022-05-03 00:00:00-04:00,32.130001068115234,32.34000015258789,32.03099822998047,32.279998779296875,50600,0.0,0.0,0.0
2022-05-04 00:00:00-04:00,32.2400016784668,32.959999084472656,32.00199890136719,32.81999969482422,22000,0.0,0.0,0.0
2022-05-05 00:00:00-04:00,32.428001403808594,32.439998626708984,31.53700065612793,31.809999465942383,34100,0.0,0.0,0.0
2022-05-06 00:00:00-04:00,31.600000381469727,31.68000030517578,31.229999542236328,31.40999984741211,47200,0.0,0.0,0.0
2022-05-09 00:00:00-04:00,30.829999923706055,30.829999923706055,30.19499969482422,30.290000915527344,60400,0.0,0.0,0.0
2022-05-10 00:00:00-04:00,30.709999084472656,30.725000381469727,30.170000076293945,30.40999984741211,90100,0.0,0.0,0.0
2022-05-11 00:00:00-04:00,30.479999542236328,30.899999618530273,30.270000457763672,30.280000686645508,464800,0.0,0.0,0.0
2022-05-12 00:00:00-04:00,30.06999969482422,30.31999969482422,29.829999923706055,30.1299991607666,105400,0.0,0.0,0.0
2022-05-13 00:00:00-04:00,30.600000381469727,31.07900047302246,30.600000381469727,30.899999618530273,42300,0.0,0.0,0.0
2022-05-16 00:00:00-04:00,30.809999465942383,31.190000534057617,30.809999465942383,31.079999923706055,47700,0.0,0.0,0.0
2022-05-17 00:00:00-04:00,31.511999130249023,31.719999313354492,31.47100067138672,31.670000076293945,77700,0.0,0.0,0.0
2022-05-18 00:00:00-04:00,31.3799991607666,31.420000076293945,30.8700008392334,30.8700008392334,53900,0.0,0.0,0.0
2022-05-19 00:00:00-04:00,30.969999313354492,31.58799934387207,30.969999313354492,31.309999465942383,65800,0.0,0.0,0.0
2022-05-20 00:00:00-04:00,31.709999084472656,31.709999084472656,31.132999420166016,31.459999084472656,37300,0.0,0.0,0.0
2022-05-23 00:00:00-04:00,31.93000030517578,32.10900115966797,31.770000457763672,32.0,33400,0.0,0.0,0.0
2022-05-24 00:00:00-04:00,31.8700008392334,31.8799991607666,31.6200008392334,31.760000228881836,29700,0.0,0.0,0.0
2022-05-25 00:00:00-04:00,31.600000381469727,32.02799987792969,31.600000381469727,31.940000534057617,27300,0.0,0.0,0.0
2022-05-26 00:00:00-04:00,32.029998779296875,32.37900161743164,32.029998779296875,32.27000045776367,13000,0.0,0.0,0.0
2022-05-27 00:00:00-04:00,32.439998626708984,32.7599983215332,32.439998626708984,32.7599983215332,49700,0.0,0.0,0.0
2022-05-31 00:00:00-04:00,32.779998779296875,32.93000030517578,32.63999938964844,32.720001220703125,37200,0.0,0.0,0.0
2022-06-01 00:00:00-04:00,32.650001525878906,32.75,32.426998138427734,32.630001068115234,23000,0.0,0.0,0.0
2022-06-02 00:00:00-04:00,32.779998779296875,33.2400016784668,32.779998779296875,33.22999954223633,22300,0.0,0.0,0.0
2022-06-03 00:00:00-04:00,32.86000061035156,32.9900016784668,32.749000549316406,32.849998474121094,29100,0.0,0.0,0.0
2022-06-06 00:00:00-04:00,33.130001068115234,33.189998626708984,32.86000061035156,33.0099983215332,123000,0.0,0.0,0.0
2022-06-07 00:00:00-04:00,32.720001220703125,33.150001525878906,32.720001220703125,33.119998931884766,38300,0.0,0.0,0.0
2022-06-08 00:00:00-04:00,32.959999084472656,33.040000915527344,32.70100021362305,32.849998474121094,16700,0.0,0.0,0.0
2022-06-09 00:00:00-04:00,32.0099983215332,32.060001373291016,31.600000381469727,31.618000030517578,25900,0.0,0.0,0.0
2022-06-10 00:00:00-04:00,30.975000381469727,31.023000717163086,30.780000686645508,30.829999923706055,21200,0.0,0.0,0.0
2022-06-13 00:00:00-04:00,30.049999237060547,30.100000381469727,29.68000030517578,29.790000915527344,50900,0.0,0.0,0.0
2022-06-14 00:00:00-04:00,29.719999313354492,29.804000854492188,29.20599937438965,29.43600082397461,88400,0.0,0.0,0.0
2022-06-15 00:00:00-04:00,29.690000534057617,30.062000274658203,29.420000076293945,29.8799991607666,184900,0.0,0.0,0.0
2022-06-16 00:00:00-04:00,29.34000015258789,29.385000228881836,29.010000228881836,29.15999984741211,128600,0.0,0.0,0.0
2022-06-17 00:00:00-04:00,29.110000610351562,29.23200035095215,28.709999084472656,28.851999282836914,539600,0.0,0.0,0.0
2022-06-21 00:00:00-04:00,29.170000076293945,29.350000381469727,29.149999618530273,29.170000076293945,69700,0.0,0.0,0.0
2022-06-22 00:00:00-04:00,28.790000915527344,29.06999969482422,28.709999084472656,28.729999542236328,55300,0.0,0.0,0.0
2022-06-23 00:00:00-04:00,28.729999542236328,28.729999542236328,28.270000457763672,28.540000915527344,26400,0.0,0.0,0.0
2022-06-24 00:00:00-04:00,28.889999389648438,29.209999084472656,28.780000686645508,29.209999084472656,21900,0.0,0.0,0.0
2022-06-27 00:00:00-04:00,29.31999969482422,29.450000762939453,29.260000228881836,29.280000686645508,29400,0.0,0.0,0.0
2022-06-28 00:00:00-04:00,29.530000686645508,29.739999771118164,29.291000366210938,29.29599952697754,25300,0.0,0.0,0.0
2022-06-29 00:00:00-04:00,29.329999923706055,29.329999923706055,28.90999984741211,28.920000076293945,29000,0.0,0.0,0.0
2022-06-30 00:00:00-04:00,28.5,28.969999313354492,28.5,28.809999465942383,143500,0.0,0.0,0.0
2022-07-01 00:00:00-04:00,28.450000762939453,28.8700008392334,28.389999389648438,28.799999237060547,24700,0.0,0.0,0.0
2022-07-05 00:00:00-04:00,28.100000381469727,28.145000457763672,27.757999420166016,28.079999923706055,28300,0.0,0.0,0.0
2022-07-06 00:00:00-04:00,28.09000015258789,28.270000457763672,27.860000610351562,28.09000015258789,24400,0.0,0.0,0.0
2022-07-07 00:00:00-04:00,28.40999984741211,28.770000457763672,28.40999984741211,28.736000061035156,26600,0.0,0.0,0.0
2022-07-08 00:00:00-04:00,28.799999237060547,29.010000228881836,28.690000534057617,28.790000915527344,224700,0.0,0.0,0.0
2022-07-11 00:00:00-04:00,28.420000076293945,28.524999618530273,28.31999969482422,28.31999969482422,59800,0.0,0.0,0.0
2022-07-12 00:00:00-04:00,28.290000915527344,28.489999771118164,28.219999313354492,28.260000228881836,90300,0.0,0.0,0.0
2022-07-13 00:00:00-04:00,28.079999923706055,28.47800064086914,27.950000762939453,28.31999969482422,54400,0.0,0.0,0.0
2022-07-14 00:00:00-04:00,27.90999984741211,27.98200035095215,27.562000274658203,27.950000762939453,45000,0.0,0.0,0.0
2022-07-15 00:00:00-04:00,28.110000610351562,28.420000076293945,28.06999969482422,28.3700008392334,50400,0.0,0.0,0.0
2022-07-18 00:00:00-04:00,28.902999877929688,29.024999618530273,28.700000762939453,28.736000061035156,26100,0.0,0.0,0.0
2022-07-19 00:00:00-04:00,29.18000030517578,29.472000122070312,29.18000030517578,29.3799991607666,34200,0.0,0.0,0.0
2022-07-20 00:00:00-04:00,29.381000518798828,29.530000686645508,29.31399917602539,29.389999389648438,43900,0.0,0.0,0.0
2022-07-21 00:00:00-04:00,29.450000762939453,29.889999389648438,29.450000762939453,29.809999465942383,156900,0.0,0.0,0.0
2022-07-22 00:00:00-04:00,30.0,30.079999923706055,29.68000030517578,29.729999542236328,28300,0.0,0.0,0.0
2022-07-25 00:00:00-04:00,30.0,30.049999237060547,29.920000076293945,30.030000686645508,9500,0.0,0.0,0.0
2022-07-26 00:00:00-04:00,29.809999465942383,29.81999969482422,29.56999969482422,29.56999969482422,13900,0.0,0.0,0.0
2022-07-27 00:00:00-04:00,29.829999923706055,30.290000915527344,29.799999237060547,30.219999313354492,30700,0.0,0.0,0.0
2022-07-28 00:00:00-04:00,30.229999542236328,30.53700065612793,30.15999984741211,30.469999313354492,44500,0.0,0.0,0.0
2022-07-29 00:00:00-04:00,30.489999771118164,30.885000228881836,30.489999771118164,30.885000228881836,14600,0.0,0.0,0.0
2022-08-01 00:00:00-04:00,30.799999237060547,30.90999984741211,30.729999542236328,30.801000595092773,14200,0.0,0.0,0.0
2022-08-02 00:00:00-04:00,30.6200008392334,30.739999771118164,30.389999389648438,30.389999389648438,1687500,0.0,0.0,0.0
2022-08-03 00:00:00-04:00,30.520000457763672,30.56999969482422,30.309999465942383,30.489999771118164,1694800,0.0,0.0,0.0
2022-08-04 00:00:00-04:00,30.540000915527344,30.690000534057617,30.520000457763672,30.639999389648438,1686000,0.0,0.0,0.0
2022-08-05 00:00:00-04:00,30.209999084472656,30.510000228881836,30.209999084472656,30.450000762939453,1703700,0.0,0.0,0.0
2022-08-08 00:00:00-04:00,30.575000762939453,30.68199920654297,30.43000030517578,30.489999771118164,20600,0.0,0.0,0.0
2022-08-09 00:00:00-04:00,30.44300079345703,30.44300079345703,30.239999771118164,30.273000717163086,7500,0.0,0.0,0.0
2022-08-10 00:00:00-04:00,30.920000076293945,31.243999481201172,30.90999984741211,31.200000762939453,14800,0.0,0.0,0.0
2022-08-11 00:00:00-04:00,31.270000457763672,31.43000030517578,31.180999755859375,31.270000457763672,8700,0.0,0.0,0.0
2022-08-12 00:00:00-04:00,31.264999389648438,31.450000762939453,31.197999954223633,31.399999618530273,29700,0.0,0.0,0.0
2022-08-15 00:00:00-04:00,31.049999237060547,31.18000030517578,30.979999542236328,31.1200008392334,17000,0.0,0.0,0.0
2022-08-16 00:00:00-04:00,31.0,31.163999557495117,31.0,31.139999389648438,53300,0.0,0.0,0.0
2022-08-17 00:00:00-04:00,30.860000610351562,31.020000457763672,30.700000762939453,30.899999618530273,30000,0.0,0.0,0.0
2022-08-18 00:00:00-04:00,30.93000030517578,30.979999542236328,30.84000015258789,30.881000518798828,40300,0.0,0.0,0.0
2022-08-19 00:00:00-04:00,30.59000015258789,30.59000015258789,30.389999389648438,30.479999542236328,12300,0.0,0.0,0.0
2022-08-22 00:00:00-04:00,30.020999908447266,30.059999465942383,29.899999618530273,29.989999771118164,19200,0.0,0.0,0.0
2022-08-23 00:00:00-04:00,30.0,30.354999542236328,30.0,30.219999313354492,18500,0.0,0.0,0.0
2022-08-24 00:00:00-04:00,30.1299991607666,30.327999114990234,30.1299991607666,30.290000915527344,10500,0.0,0.0,0.0
2022-08-25 00:00:00-04:00,30.34000015258789,30.639999389648438,30.34000015258789,30.6299991607666,12900,0.0,0.0,0.0
2022-08-26 00:00:00-04:00,30.549999237060547,30.59000015258789,29.849000930786133,29.889999389648438,43400,0.0,0.0,0.0
2022-08-29 00:00:00-04:00,29.6200008392334,29.93000030517578,29.6200008392334,29.850000381469727,24900,0.0,0.0,0.0
2022-08-30 00:00:00-04:00,29.889999389648438,29.889999389648438,29.434999465942383,29.540000915527344,68000,0.0,0.0,0.0
2022-08-31 00:00:00-04:00,29.56999969482422,29.56999969482422,29.350000381469727,29.350000381469727,44800,0.0,0.0,0.0
2022-09-01 00:00:00-04:00,28.799999237060547,28.885000228881836,28.625,28.809999465942383,26900,0.0,0.0,0.0
2022-09-02 00:00:00-04:00,29.010000228881836,29.100000381469727,28.5310001373291,28.610000610351562,99100,0.0,0.0,0.0
2022-09-06 00:00:00-04:00,28.690000534057617,28.690000534057617,28.350000381469727,28.399999618530273,67400,0.0,0.0,0.0
2022-09-07 00:00:00-04:00,28.139999389648438,28.5,28.110000610351562,28.459999084472656,23500,0.0,0.0,0.0
2022-09-08 00:00:00-04:00,28.280000686645508,28.56999969482422,28.280000686645508,28.56999969482422,95800,0.0,0.0,0.0
2022-09-09 00:00:00-04:00,28.989999771118164,29.329999923706055,28.989999771118164,29.260000228881836,69700,0.0,0.0,0.0
2022-09-12 00:00:00-04:00,29.610000610351562,29.729999542236328,29.530000686645508,29.579999923706055,39900,0.0,0.0,0.0
2022-09-13 00:00:00-04:00,28.969999313354492,29.1200008392334,28.600000381469727,28.639999389648438,36200,0.0,0.0,0.0
2022-09-14 00:00:00-04:00,28.75,28.90999984741211,28.65999984741211,28.84000015258789,53400,0.0,0.0,0.0
2022-09-15 00:00:00-04:00,28.530000686645508,28.760000228881836,28.393999099731445,28.43000030517578,39800,0.0,0.0,0.0
2022-09-16 00:00:00-04:00,28.290000915527344,28.329999923706055,28.100000381469727,28.280000686645508,36500,0.0,0.0,0.0
2022-09-19 00:00:00-04:00,27.950000762939453,28.434999465942383,27.8799991607666,28.389999389648438,37400,0.0,0.0,0.0
2022-09-20 00:00:00-04:00,28.059999465942383,28.059999465942383,27.77400016784668,27.93000030517578,22600,0.0,0.0,0.0
2022-09-21 00:00:00-04:00,28.059999465942383,28.209999084472656,27.68000030517578,27.690000534057617,23700,0.0,0.0,0.0
2022-09-22 00:00:00-04:00,27.739999771118164,27.75,27.43000030517578,27.479999542236328,67500,0.0,0.0,0.0
2022-09-23 00:00:00-04:00,26.829999923706055,26.860000610351562,26.329999923706055,26.510000228881836,55900,0.0,0.0,0.0
2022-09-26 00:00:00-04:00,26.110000610351562,26.25,25.790000915527344,25.889999389648438,57600,0.0,0.0,0.0
2022-09-27 00:00:00-04:00,25.969999313354492,26.099000930786133,25.6299991607666,25.799999237060547,116900,0.0,0.0,0.0
2022-09-28 00:00:00-04:00,25.770000457763672,26.514999389648438,25.729999542236328,26.450000762939453,82700,0.0,0.0,0.0
2022-09-29 00:00:00-04:00,25.950000762939453,26.1299991607666,25.700000762939453,26.1299991607666,66400,0.0,0.0,0.0
2022-09-30 00:00:00-04:00,26.100000381469727,26.399999618530273,26.100000381469727,26.170000076293945,69600,0.0,0.0,0.0
2022-10-03 00:00:00-04:00,26.40999984741211,26.940000534057617,26.40999984741211,26.8700008392334,66900,0.0,0.0,0.0
2022-10-04 00:00:00-04:00,27.440000534057617,27.799999237060547,27.440000534057617,27.780000686645508,64000,0.0,0.0,0.0
2022-10-05 00:00:00-04:00,27.270000457763672,27.579999923706055,27.139999389648438,27.459999084472656,101400,0.0,0.0,0.0
2022-10-06 00:00:00-04:00,27.260000228881836,27.450000762939453,27.149999618530273,27.200000762939453,69600,0.0,0.0,0.0
2022-10-07 00:00:00-04:00,27.100000381469727,27.104999542236328,26.729999542236328,26.84000015258789,49100,0.0,0.0,0.0
2022-10-10 00:00:00-04:00,26.889999389648438,26.889999389648438,26.479999542236328,26.6299991607666,135000,0.0,0.0,0.0
2022-10-11 00:00:00-04:00,26.450000762939453,26.65999984741211,26.15999984741211,26.209999084472656,101900,0.0,0.0,0.0
2022-10-12 00:00:00-04:00,26.1200008392334,26.25,26.040000915527344,26.139999389648438,181200,0.0,0.0,0.0
2022-10-13 00:00:00-04:00,25.68000030517578,26.809999465942383,25.68000030517578,26.760000228881836,402600,0.0,0.0,0.0
2022-10-14 00:00:00-04:00,26.809999465942383,26.809999465942383,26.139999389648438,26.15999984741211,177400,0.0,0.0,0.0
2022-10-17 00:00:00-04:00,26.760000228881836,26.889999389648438,26.719999313354492,26.770000457763672,132300,0.0,0.0,0.0
2022-10-18 00:00:00-04:00,27.13800048828125,27.139999389648438,26.700000762939453,26.871000289916992,158600,0.0,0.0,0.0
2022-10-19 00:00:00-04:00,26.600000381469727,26.729999542236328,26.43000030517578,26.604999542236328,84600,0.0,0.0,0.0
2022-10-20 00:00:00-04:00,26.639999389648438,26.989999771118164,26.4950008392334,26.559999465942383,57400,0.0,0.0,0.0
2022-10-21 00:00:00-04:00,26.3700008392334,27.05500030517578,26.290000915527344,27.05500030517578,77900,0.0,0.0,0.0
2022-10-24 00:00:00-04:00,26.899999618530273,27.02899932861328,26.729999542236328,26.950000762939453,78500,0.0,0.0,0.0
2022-10-25 00:00:00-04:00,27.15999984741211,27.6200008392334,27.15999984741211,27.600000381469727,128400,0.0,0.0,0.0
2022-10-26 00:00:00-04:00,27.719999313354492,28.100000381469727,27.719999313354492,27.979999542236328,81100,0.0,0.0,0.0
2022-10-27 00:00:00-04:00,27.920000076293945,28.100000381469727,27.770000457763672,27.799999237060547,566000,0.0,0.0,0.0
2022-10-28 00:00:00-04:00,27.59000015258789,27.860000610351562,27.559999465942383,27.850000381469727,122200,0.0,0.0,0.0
2022-10-31 00:00:00-04:00,27.56999969482422,27.700000762939453,27.530000686645508,27.6299991607666,239200,0.0,0.0,0.0
2022-11-01 00:00:00-04:00,28.200000762939453,28.229999542236328,27.780000686645508,27.90999984741211,166700,0.0,0.0,0.0
2022-11-02 00:00:00-04:00,28.030000686645508,28.309999465942383,27.55500030517578,27.56999969482422,169400,0.0,0.0,0.0
2022-11-03 00:00:00-04:00,27.200000762939453,27.489999771118164,27.149999618530273,27.399999618530273,71800,0.0,0.0,0.0
2022-11-04 00:00:00-04:00,28.059999465942383,28.339000701904297,27.90999984741211,28.309999465942383,104900,0.0,0.0,0.0
2022-11-07 00:00:00-05:00,28.5,28.59000015258789,28.389999389648438,28.459999084472656,53500,0.0,0.0,0.0
2022-11-08 00:00:00-05:00,28.610000610351562,28.93000030517578,28.577999114990234,28.780000686645508,104300,0.0,0.0,0.0
2022-11-09 00:00:00-05:00,28.520000457763672,28.65999984741211,28.15999984741211,28.15999984741211,147900,0.0,0.0,0.0
2022-11-10 00:00:00-05:00,29.299999237060547,29.739999771118164,29.18600082397461,29.719999313354492,267900,0.0,0.0,0.0
2022-11-11 00:00:00-05:00,29.90999984741211,30.315000534057617,29.90999984741211,30.25,30700,0.0,0.0,0.0
2022-11-14 00:00:00-05:00,29.950000762939453,30.1200008392334,29.850000381469727,29.860000610351562,258600,0.0,0.0,0.0
2022-11-15 00:00:00-05:00,30.270000457763672,30.290000915527344,29.8700008392334,30.020000457763672,61600,0.0,0.0,0.0
2022-11-16 00:00:00-05:00,29.969999313354492,29.969999313354492,29.75,29.84000015258789,309900,0.0,0.0,0.0
2022-11-17 00:00:00-05:00,29.479999542236328,29.815000534057617,29.479999542236328,29.809999465942383,144600,0.0,0.0,0.0
2022-11-18 00:00:00-05:00,29.920000076293945,29.96500015258789,29.790000915527344,29.899999618530273,163000,0.0,0.0,0.0
2022-11-21 00:00:00-05:00,29.760000228881836,29.770000457763672,29.540000915527344,29.739999771118164,90100,0.0,0.0,0.0
2022-11-22 00:00:00-05:00,30.010000228881836,30.270000457763672,30.010000228881836,30.25,72600,0.0,0.0,0.0
2022-11-23 00:00:00-05:00,30.25,30.610000610351562,30.25,30.56999969482422,123200,0.0,0.0,0.0
2022-11-25 00:00:00-05:00,30.700000762939453,30.84000015258789,30.670000076293945,30.780000686645508,24200,0.0,0.0,0.0
2022-11-28 00:00:00-05:00,30.579999923706055,30.59000015258789,30.2450008392334,30.260000228881836,115000,0.0,0.0,0.0
2022-11-29 00:00:00-05:00,30.239999771118164,30.450000762939453,30.239999771118164,30.290000915527344,174300,0.0,0.0,0.0
2022-11-30 00:00:00-05:00,30.5,30.829999923706055,30.149999618530273,30.719999313354492,128900,0.0,0.0,0.0
2022-12-01 00:00:00-05:00,30.950000762939453,31.079999923706055,30.81999969482422,30.950000762939453,182300,0.0,0.0,0.0
2022-12-02 00:00:00-05:00,30.68000030517578,31.049999237060547,30.68000030517578,30.93000030517578,58800,0.0,0.0,0.0
2022-12-05 00:00:00-05:00,30.739999771118164,30.790000915527344,30.25,30.290000915527344,70100,0.0,0.0,0.0
2022-12-06 00:00:00-05:00,30.31999969482422,30.3700008392334,29.899999618530273,30.0,142600,0.0,0.0,0.0
2022-12-07 00:00:00-05:00,29.950000762939453,30.110000610351562,29.889999389648438,30.020000457763672,87500,0.0,0.0,0.0
2022-12-08 00:00:00-05:00,30.059999465942383,30.15999984741211,29.989999771118164,30.1200008392334,40300,0.0,0.0,0.0
2022-12-09 00:00:00-05:00,30.149999618530273,30.360000610351562,30.145000457763672,30.15999984741211,61800,0.0,0.0,0.0
2022-12-12 00:00:00-05:00,30.09000015258789,30.229999542236328,30.049999237060547,30.229999542236328,63900,0.0,0.0,0.0
2022-12-13 00:00:00-05:00,30.739999771118164,30.739999771118164,30.270000457763672,30.349000930786133,55600,0.0,0.0,0.0
2022-12-14 00:00:00-05:00,30.3700008392334,30.584999084472656,30.149999618530273,30.360000610351562,109400,0.0,0.0,0.0
2022-12-15 00:00:00-05:00,30.020000457763672,30.040000915527344,29.6200008392334,29.709999084472656,76300,0.0,0.0,0.0
2022-12-16 00:00:00-05:00,29.5,29.65999984741211,29.40999984741211,29.559999465942383,62900,0.0,0.0,0.0
2022-12-19 00:00:00-05:00,29.729999542236328,29.729999542236328,29.375,29.459999084472656,173900,0.0,0.0,0.0
2022-12-20 00:00:00-05:00,29.5,29.700000762939453,29.489999771118164,29.610000610351562,170900,0.0,0.0,0.0
2022-12-21 00:00:00-05:00,29.719999313354492,29.959999084472656,29.719999313354492,29.889999389648438,80700,0.0,0.0,0.0
2022-12-22 00:00:00-05:00,29.809999465942383,29.809999465942383,29.399999618530273,29.649999618530273,80400,0.0,0.0,0.0
2022-12-23 00:00:00-05:00,29.690000534057617,29.959999084472656,29.68000030517578,29.959999084472656,104400,0.0,0.0,0.0
2022-12-27 00:00:00-05:00,30.06999969482422,30.1200008392334,29.93000030517578,29.989999771118164,115600,0.0,0.0,0.0
2022-12-28 00:00:00-05:00,30.020000457763672,30.040000915527344,29.600000381469727,29.600000381469727,73800,0.0,0.0,0.0
2022-12-29 00:00:00-05:00,29.959999084472656,30.270000457763672,29.959999084472656,30.190000534057617,219000,0.0,0.0,0.0
2022-12-30 00:00:00-05:00,30.040000915527344,30.1200008392334,29.959999084472656,30.0,150000,0.0,0.0,0.0
2023-01-03 00:00:00-05:00,30.299999237060547,30.350000381469727,29.874000549316406,29.940000534057617,27600,0.0,0.0,0.0
2023-01-04 00:00:00-05:00,30.170000076293945,30.200000762939453,29.950000762939453,30.06999969482422,56000,0.0,0.0,0.0
2023-01-05 00:00:00-05:00,29.709999084472656,29.829999923706055,29.670000076293945,29.700000762939453,35500,0.0,0.0,0.0
2023-01-06 00:00:00-05:00,29.950000762939453,30.5,29.739999771118164,30.420000076293945,115500,0.0,0.0,0.0
2023-01-09 00:00:00-05:00,30.709999084472656,30.81999969482422,30.56999969482422,30.579999923706055,58500,0.0,0.0,0.0
2023-01-10 00:00:00-05:00,30.530000686645508,30.551000595092773,30.329999923706055,30.551000595092773,59300,0.0,0.0,0.0
2023-01-11 00:00:00-05:00,30.700000762939453,30.770000457763672,30.575000762939453,30.770000457763672,35000,0.0,0.0,0.0
2023-01-12 00:00:00-05:00,30.989999771118164,31.256999969482422,30.760000228881836,31.201000213623047,363800,0.0,0.0,0.0
2023-01-13 00:00:00-05:00,31.100000381469727,31.399999618530273,31.100000381469727,31.3700008392334,29800,0.0,0.0,0.0
2023-01-17 00:00:00-05:00,31.489999771118164,31.549999237060547,31.40999984741211,31.514999389648438,67400,0.0,0.0,0.0
2023-01-18 00:00:00-05:00,31.850000381469727,31.90999984741211,31.399999618530273,31.40999984741211,40200,0.0,0.0,0.0
2023-01-19 00:00:00-05:00,31.350000381469727,31.48900032043457,31.25,31.44700050354004,38900,0.0,0.0,0.0
2023-01-20 00:00:00-05:00,31.43000030517578,31.742000579833984,31.41900062561035,31.742000579833984,27900,0.0,0.0,0.0
2023-01-23 00:00:00-05:00,31.649999618530273,31.89299964904785,31.649999618530273,31.816999435424805,138100,0.0,0.0,0.0
2023-01-24 00:00:00-05:00,31.59000015258789,31.86400032043457,31.59000015258789,31.829999923706055,19200,0.0,0.0,0.0
2023-01-25 00:00:00-05:00,31.6299991607666,31.93000030517578,31.600000381469727,31.9060001373291,22100,0.0,0.0,0.0
2023-01-26 00:00:00-05:00,32.02000045776367,32.04999923706055,31.780000686645508,32.04899978637695,66400,0.0,0.0,0.0
2023-01-27 00:00:00-05:00,31.829999923706055,32.09000015258789,31.829999923706055,32.04999923706055,67900,0.0,0.0,0.0
2023-01-30 00:00:00-05:00,31.889999389648438,31.940000534057617,31.719999313354492,31.735000610351562,49500,0.0,0.0,0.0
2023-01-31 00:00:00-05:00,31.799999237060547,32.09000015258789,31.760000228881836,32.084999084472656,39300,0.0,0.0,0.0
2023-02-01 00:00:00-05:00,32.11000061035156,32.45500183105469,31.905000686645508,32.32600021362305,58400,0.0,0.0,0.0
2023-02-02 00:00:00-05:00,32.4900016784668,32.4900016784668,32.178001403808594,32.26900100708008,45800,0.0,0.0,0.0
2023-02-03 00:00:00-05:00,31.81999969482422,32.08000183105469,31.78499984741211,31.847999572753906,70200,0.0,0.0,0.0
2023-02-06 00:00:00-05:00,31.530000686645508,31.56999969482422,31.399999618530273,31.559999465942383,79500,0.0,0.0,0.0
2023-02-07 00:00:00-05:00,31.450000762939453,31.832000732421875,31.350000381469727,31.832000732421875,48900,0.0,0.0,0.0
2023-02-08 00:00:00-05:00,31.829999923706055,31.844999313354492,31.628999710083008,31.68000030517578,34500,0.0,0.0,0.0
2023-02-09 00:00:00-05:00,32.04999923706055,32.119998931884766,31.579999923706055,31.624000549316406,83100,0.0,0.0,0.0
2023-02-10 00:00:00-05:00,31.56999969482422,31.579999923706055,31.420000076293945,31.565000534057617,90200,0.0,0.0,0.0
2023-02-13 00:00:00-05:00,31.540000915527344,31.799999237060547,31.540000915527344,31.78499984741211,87100,0.0,0.0,0.0
2023-02-14 00:00:00-05:00,31.59000015258789,31.979999542236328,31.579999923706055,31.875,78300,0.0,0.0,0.0
2023-02-15 00:00:00-05:00,31.479999542236328,31.690000534057617,31.440000534057617,31.68000030517578,102100,0.0,0.0,0.0
2023-02-16 00:00:00-05:00,31.3700008392334,31.639999389648438,31.34000015258789,31.424999237060547,253600,0.0,0.0,0.0
2023-02-17 00:00:00-05:00,31.299999237060547,31.479999542236328,31.15999984741211,31.420000076293945,182400,0.0,0.0,0.0
2023-02-21 00:00:00-05:00,31.350000381469727,31.3799991607666,31.110000610351562,31.149999618530273,97200,0.0,0.0,0.0
2023-02-22 00:00:00-05:00,31.059999465942383,31.110000610351562,30.860000610351562,30.90999984741211,165600,0.0,0.0,0.0
2023-02-23 00:00:00-05:00,31.15999984741211,31.270000457763672,30.993999481201172,31.260000228881836,98700,0.0,0.0,0.0
2023-02-24 00:00:00-05:00,30.84000015258789,30.954999923706055,30.770000457763672,30.924999237060547,81900,0.0,0.0,0.0
2023-02-27 00:00:00-05:00,31.260000228881836,31.3799991607666,31.209999084472656,31.299999237060547,34000,0.0,0.0,0.0
2023-02-28 00:00:00-05:00,31.149999618530273,31.187000274658203,31.01799964904785,31.030000686645508,89700,0.0,0.0,0.0
2023-03-01 00:00:00-05:00,31.18000030517578,31.280000686645508,31.082000732421875,31.219999313354492,16500,0.0,0.0,0.0
2023-03-02 00:00:00-05:00,30.969999313354492,31.219999313354492,30.950000762939453,31.170000076293945,19600,0.0,0.0,0.0
2023-03-03 00:00:00-05:00,31.360000610351562,31.65999984741211,31.290000915527344,31.610000610351562,38800,0.0,0.0,0.0
2023-03-06 00:00:00-05:00,31.530000686645508,31.639999389648438,31.479999542236328,31.530000686645508,26900,0.0,0.0,0.0
2023-03-07 00:00:00-05:00,31.40999984741211,31.40999984741211,30.8700008392334,30.90999984741211,34000,0.0,0.0,0.0
2023-03-08 00:00:00-05:00,30.979999542236328,31.110000610351562,30.94099998474121,31.040000915527344,32700,0.0,0.0,0.0
2023-03-09 00:00:00-05:00,31.079999923706055,31.15999984741211,30.75,30.790000915527344,40400,0.0,0.0,0.0
2023-03-10 00:00:00-05:00,30.709999084472656,30.809999465942383,30.389999389648438,30.39299964904785,44000,0.0,0.0,0.0
2023-03-13 00:00:00-04:00,29.8700008392334,30.239999771118164,29.829999923706055,30.073999404907227,209900,0.0,0.0,0.0
2023-03-14 00:00:00-04:00,30.34000015258789,30.45599937438965,30.219999313354492,30.450000762939453,69500,0.0,0.0,0.0
2023-03-15 00:00:00-04:00,29.350000381469727,29.559999465942383,29.180999755859375,29.530000686645508,46100,0.0,0.0,0.0
2023-03-16 00:00:00-04:00,29.239999771118164,29.860000610351562,29.239999771118164,29.844999313354492,135600,0.0,0.0,0.0
2023-03-17 00:00:00-04:00,29.59000015258789,29.639999389648438,29.3700008392334,29.5,70400,0.0,0.0,0.0
2023-03-20 00:00:00-04:00,29.68000030517578,29.90399932861328,29.649999618530273,29.834999084472656,57500,0.0,0.0,0.0
2023-03-21 00:00:00-04:00,30.18000030517578,30.260000228881836,30.09000015258789,30.2450008392334,35800,0.0,0.0,0.0
2023-03-22 00:00:00-04:00,30.170000076293945,30.530000686645508,30.030000686645508,30.030000686645508,67300,0.0,0.0,0.0
2023-03-23 00:00:00-04:00,30.280000686645508,30.5,30.010000228881836,30.11400032043457,19400,0.0,0.0,0.0
2023-03-24 00:00:00-04:00,29.84000015258789,29.940000534057617,29.68199920654297,29.891000747680664,20200,0.0,0.0,0.0
2023-03-27 00:00:00-04:00,30.09000015258789,30.160999298095703,29.979999542236328,30.141000747680664,47500,0.0,0.0,0.0
2023-03-28 00:00:00-04:00,30.030000686645508,30.139999389648438,30.01799964904785,30.079999923706055,87400,0.0,0.0,0.0
2023-03-29 00:00:00-04:00,30.40999984741211,30.520000457763672,30.3700008392334,30.509000778198242,67000,0.0,0.0,0.0
2023-03-30 00:00:00-04:00,30.920000076293945,30.989999771118164,30.8700008392334,30.950000762939453,39500,0.0,0.0,0.0
2023-03-31 00:00:00-04:00,30.969999313354492,31.139999389648438,30.969999313354492,31.082000732421875,43600,0.0,0.0,0.0
2023-04-03 00:00:00-04:00,31.190000534057617,31.333999633789062,31.149999618530273,31.333999633789062,31300,0.0,0.0,0.0
2023-04-04 00:00:00-04:00,31.3700008392334,31.450000762939453,31.25,31.31999969482422,33600,0.0,0.0,0.0
2023-04-05 00:00:00-04:00,30.90999984741211,30.959999084472656,30.722999572753906,30.825000762939453,61400,0.0,0.0,0.0
2023-04-06 00:00:00-04:00,30.770000457763672,31.02899932861328,30.770000457763672,30.947999954223633,25200,0.0,0.0,0.0
2023-04-10 00:00:00-04:00,30.649999618530273,30.969999313354492,30.649999618530273,30.969999313354492,35300,0.0,0.0,0.0
2023-04-11 00:00:00-04:00,31.049999237060547,31.18000030517578,31.049999237060547,31.1299991607666,34600,0.0,0.0,0.0
2023-04-12 00:00:00-04:00,31.350000381469727,31.399999618530273,31.200000762939453,31.25,47300,0.0,0.0,0.0
2023-04-13 00:00:00-04:00,31.540000915527344,31.760000228881836,31.540000915527344,31.739999771118164,41000,0.0,0.0,0.0
2023-04-14 00:00:00-04:00,31.760000228881836,31.799999237060547,31.5,31.613000869750977,25500,0.0,0.0,0.0
2023-04-17 00:00:00-04:00,31.530000686645508,31.56999969482422,31.43000030517578,31.569000244140625,39600,0.0,0.0,0.0
2023-04-18 00:00:00-04:00,31.700000762939453,31.735000610351562,31.639999389648438,31.73200035095215,27600,0.0,0.0,0.0
2023-04-19 00:00:00-04:00,31.479999542236328,31.594999313354492,31.479999542236328,31.549999237060547,65500,0.0,0.0,0.0
2023-04-20 00:00:00-04:00,31.5,31.59000015258789,31.41900062561035,31.479999542236328,20200,0.0,0.0,0.0
2023-04-21 00:00:00-04:00,31.530000686645508,31.601999282836914,31.329999923706055,31.559999465942383,15200,0.0,0.0,0.0
2023-04-24 00:00:00-04:00,31.59000015258789,31.665000915527344,31.559999465942383,31.650999069213867,33700,0.0,0.0,0.0
2023-04-25 00:00:00-04:00,31.399999618530273,31.399999618530273,31.139999389648438,31.15999984741211,88600,0.0,0.0,0.0
2023-04-26 00:00:00-04:00,31.34000015258789,31.3700008392334,31.1299991607666,31.200000762939453,23300,0.0,0.0,0.0
2023-04-27 00:00:00-04:00,31.399999618530273,31.600000381469727,31.329999923706055,31.59000015258789,28400,0.0,0.0,0.0
2023-04-28 00:00:00-04:00,31.510000228881836,31.709999084472656,31.510000228881836,31.690000534057617,31800,0.0,0.0,0.0
2023-05-01 00:00:00-04:00,31.75,31.809999465942383,31.6299991607666,31.666000366210938,21900,0.0,0.0,0.0
2023-05-02 00:00:00-04:00,31.389999389648438,31.389999389648438,31.149999618530273,31.371999740600586,36300,0.0,0.0,0.0
2023-05-03 00:00:00-04:00,31.34000015258789,31.579999923706055,31.34000015258789,31.39699935913086,56500,0.0,0.0,0.0
2023-05-04 00:00:00-04:00,31.200000762939453,31.39900016784668,31.200000762939453,31.270000457763672,25400,0.0,0.0,0.0
2023-05-05 00:00:00-04:00,31.450000762939453,31.860000610351562,31.450000762939453,31.815000534057617,29700,0.0,0.0,0.0
2023-05-08 00:00:00-04:00,31.950000762939453,31.950000762939453,31.84000015258789,31.871000289916992,11300,0.0,0.0,0.0
2023-05-09 00:00:00-04:00,31.549999237060547,31.729999542236328,31.549999237060547,31.690000534057617,29300,0.0,0.0,0.0
2023-05-10 00:00:00-04:00,31.600000381469727,31.670000076293945,31.459999084472656,31.649999618530273,22200,0.0,0.0,0.0
2023-05-11 00:00:00-04:00,31.459999084472656,31.500999450683594,31.34000015258789,31.500999450683594,37500,0.0,0.0,0.0
2023-05-12 00:00:00-04:00,31.5,31.5,31.190000534057617,31.290000915527344,29200,0.0,0.0,0.0
2023-05-15 00:00:00-04:00,31.420000076293945,31.610000610351562,31.385000228881836,31.610000610351562,80900,0.0,0.0,0.0
2023-05-16 00:00:00-04:00,31.440000534057617,31.459999084472656,31.229999542236328,31.270000457763672,31700,0.0,0.0,0.0
2023-05-17 00:00:00-04:00,31.229999542236328,31.3700008392334,31.079999923706055,31.34000015258789,26100,0.0,0.0,0.0
2023-05-18 00:00:00-04:00,31.190000534057617,31.209999084472656,31.052000045776367,31.198999404907227,77200,0.0,0.0,0.0
2023-05-19 00:00:00-04:00,31.280000686645508,31.3799991607666,31.280000686645508,31.360000610351562,24400,0.0,0.0,0.0
2023-05-22 00:00:00-04:00,31.34000015258789,31.409000396728516,31.270999908447266,31.31999969482422,17400,0.0,0.0,0.0
2023-05-23 00:00:00-04:00,31.09000015258789,31.200000762939453,30.950000762939453,30.979999542236328,19500,0.0,0.0,0.0
2023-05-24 00:00:00-04:00,30.700000762939453,30.700000762939453,30.450000762939453,30.489999771118164,23400,0.0,0.0,0.0
2023-05-25 00:00:00-04:00,30.459999084472656,30.5,30.329999923706055,30.450000762939453,45300,0.0,0.0,0.0
2023-05-26 00:00:00-04:00,30.440000534057617,30.615999221801758,30.440000534057617,30.59000015258789,34900,0.0,0.0,0.0
2023-05-30 00:00:00-04:00,30.59000015258789,30.59000015258789,30.350000381469727,30.420000076293945,28700,0.0,0.0,0.0
2023-05-31 00:00:00-04:00,30.139999389648438,30.18000030517578,29.950000762939453,30.18000030517578,52500,0.0,0.0,0.0
2023-06-01 00:00:00-04:00,30.31999969482422,30.610000610351562,30.299999237060547,30.59000015258789,37300,0.0,0.0,0.0
2023-06-02 00:00:00-04:00,30.979999542236328,31.059999465942383,30.937000274658203,31.049999237060547,150000,0.0,0.0,0.0
2023-06-05 00:00:00-04:00,30.959999084472656,30.959999084472656,30.81999969482422,30.8700008392334,21000,0.0,0.0,0.0
2023-06-06 00:00:00-04:00,30.809999465942383,31.13599967956543,30.809999465942383,31.100000381469727,14100,0.0,0.0,0.0
2023-06-07 00:00:00-04:00,30.510000228881836,30.649999618530273,30.3700008392334,30.40999984741211,41600,0.0,0.0,0.0
2023-06-08 00:00:00-04:00,30.520000457763672,30.65999984741211,30.459999084472656,30.65999984741211,27300,0.0,0.0,0.0
2023-06-09 00:00:00-04:00,30.700000762939453,30.735000610351562,30.600000381469727,30.670000076293945,95700,0.0,0.0,0.0
2023-06-12 00:00:00-04:00,30.81999969482422,30.874000549316406,30.774999618530273,30.850000381469727,18100,0.0,0.0,0.0
2023-06-13 00:00:00-04:00,31.079999923706055,31.219999313354492,31.079999923706055,31.149999618530273,168300,0.0,0.0,0.0
2023-06-14 00:00:00-04:00,31.229999542236328,31.309999465942383,30.937000274658203,31.110000610351562,93900,0.0,0.0,0.0
2023-06-15 00:00:00-04:00,31.010000228881836,31.3700008392334,31.010000228881836,31.329999923706055,41500,0.0,0.0,0.0
2023-06-16 00:00:00-04:00,31.440000534057617,31.469999313354492,31.270000457763672,31.299999237060547,89800,0.0,0.0,0.0
2023-06-20 00:00:00-04:00,30.989999771118164,30.989999771118164,30.801000595092773,30.90999984741211,49300,0.0,0.0,0.0
2023-06-21 00:00:00-04:00,30.809999465942383,31.030000686645508,30.809999465942383,30.940000534057617,44500,0.0,0.0,0.0
2023-06-22 00:00:00-04:00,30.649999618530273,30.700000762939453,30.618999481201172,30.648000717163086,21600,0.0,0.0,0.0
2023-06-23 00:00:00-04:00,30.1200008392334,30.246999740600586,30.1200008392334,30.15999984741211,20100,0.0,0.0,0.0
2023-06-26 00:00:00-04:00,30.079999923706055,30.239999771118164,30.079999923706055,30.190000534057617,25200,0.0,0.0,0.0
2023-06-27 00:00:00-04:00,30.149999618530273,30.3700008392334,30.149999618530273,30.329999923706055,44000,0.0,0.0,0.0
2023-06-28 00:00:00-04:00,30.360000610351562,30.59000015258789,30.360000610351562,30.459999084472656,29200,0.0,0.0,0.0
2023-06-29 00:00:00-04:00,30.290000915527344,30.45400047302246,30.290000915527344,30.43000030517578,110600,0.0,0.0,0.0
2023-06-30 00:00:00-04:00,30.739999771118164,30.860000610351562,30.729999542236328,30.850000381469727,52900,0.0,0.0,0.0
2023-07-03 00:00:00-04:00,30.81999969482422,30.969999313354492,30.81999969482422,30.950000762939453,18600,0.0,0.0,0.0
2023-07-05 00:00:00-04:00,30.81999969482422,30.81999969482422,30.649999618530273,30.649999618530273,18600,0.0,0.0,0.0
2023-07-06 00:00:00-04:00,30.25,30.25,30.040000915527344,30.149999618530273,55700,0.0,0.0,0.0
2023-07-07 00:00:00-04:00,30.290000915527344,30.767000198364258,30.290000915527344,30.670000076293945,54600,0.0,0.0,0.0
2023-07-10 00:00:00-04:00,30.559999465942383,30.760000228881836,30.549999237060547,30.729999542236328,957700,0.0,0.0,0.0
2023-07-11 00:00:00-04:00,30.81999969482422,31.040000915527344,30.81999969482422,31.020000457763672,22800,0.0,0.0,0.0
2023-07-12 00:00:00-04:00,31.459999084472656,31.670000076293945,31.459999084472656,31.6200008392334,25800,0.0,0.0,0.0
2023-07-13 00:00:00-04:00,31.969999313354492,32.132999420166016,31.959999084472656,32.06999969482422,14600,0.0,0.0,0.0
2023-07-14 00:00:00-04:00,32.0099983215332,32.0099983215332,31.760000228881836,31.760000228881836,31900,0.0,0.0,0.0
2023-07-17 00:00:00-04:00,31.739999771118164,31.81999969482422,31.729999542236328,31.770000457763672,24000,0.0,0.0,0.0
2023-07-18 00:00:00-04:00,32.064998626708984,32.099998474121094,32.0099983215332,32.060001373291016,20800,0.0,0.0,0.0
2023-07-19 00:00:00-04:00,32.18000030517578,32.20000076293945,32.09700012207031,32.13999938964844,27000,0.0,0.0,0.0
2023-07-20 00:00:00-04:00,32.0,32.0,31.797000885009766,31.8799991607666,24800,0.0,0.0,0.0
2023-07-21 00:00:00-04:00,31.760000228881836,31.82900047302246,31.75,31.799999237060547,18000,0.0,0.0,0.0
2023-07-24 00:00:00-04:00,31.709999084472656,31.849000930786133,31.709999084472656,31.774999618530273,45100,0.0,0.0,0.0
2023-07-25 00:00:00-04:00,31.799999237060547,31.975000381469727,31.799999237060547,31.940000534057617,29500,0.0,0.0,0.0
2023-07-26 00:00:00-04:00,31.84000015258789,32.06999969482422,31.84000015258789,32.060001373291016,24100,0.0,0.0,0.0
2023-07-27 00:00:00-04:00,32.22999954223633,32.22999954223633,31.829999923706055,31.84000015258789,36500,0.0,0.0,0.0
2023-07-28 00:00:00-04:00,32.04999923706055,32.150001525878906,32.0,32.040000915527344,15400,0.0,0.0,0.0
2023-07-31 00:00:00-04:00,32.060001373291016,32.207000732421875,32.04999923706055,32.11000061035156,48800,0.0,0.0,0.0
2023-08-01 00:00:00-04:00,31.809999465942383,31.860000610351562,31.69499969482422,31.790000915527344,21300,0.0,0.0,0.0
2023-08-02 00:00:00-04:00,31.469999313354492,31.469999313354492,31.20800018310547,31.280000686645508,31600,0.0,0.0,0.0
2023-08-03 00:00:00-04:00,31.079999923706055,31.281999588012695,31.06399917602539,31.190000534057617,20400,0.0,0.0,0.0
2023-08-04 00:00:00-04:00,31.459999084472656,31.690000534057617,31.34000015258789,31.3700008392334,22800,0.0,0.0,0.0
2023-08-07 00:00:00-04:00,31.6200008392334,31.649999618530273,31.540000915527344,31.6200008392334,14700,0.0,0.0,0.0
2023-08-08 00:00:00-04:00,31.1299991607666,31.290000915527344,31.079999923706055,31.270000457763672,16900,0.0,0.0,0.0
2023-08-09 00:00:00-04:00,31.270000457763672,31.3700008392334,31.200000762939453,31.299999237060547,39600,0.0,0.0,0.0
2023-08-10 00:00:00-04:00,31.549999237060547,31.6299991607666,31.239999771118164,31.25,24000,0.0,0.0,0.0
2023-08-11 00:00:00-04:00,31.1299991607666,31.260000228881836,31.06999969482422,31.14900016784668,13200,0.0,0.0,0.0
2023-08-14 00:00:00-04:00,30.979999542236328,31.110000610351562,30.875,31.059999465942383,41500,0.0,0.0,0.0
2023-08-15 00:00:00-04:00,30.940000534057617,30.97800064086914,30.690000534057617,30.760000228881836,14100,0.0,0.0,0.0
2023-08-16 00:00:00-04:00,30.700000762939453,30.775999069213867,30.523000717163086,30.540000915527344,23400,0.0,0.0,0.0
2023-08-17 00:00:00-04:00,30.670000076293945,30.670000076293945,30.304000854492188,30.350000381469727,27900,0.0,0.0,0.0
2023-08-18 00:00:00-04:00,30.06999969482422,30.299999237060547,30.049999237060547,30.25,24200,0.0,0.0,0.0
2023-08-21 00:00:00-04:00,30.280000686645508,30.31999969482422,30.149999618530273,30.25,14500,0.0,0.0,0.0
2023-08-22 00:00:00-04:00,30.420000076293945,30.420000076293945,30.239999771118164,30.264999389648438,9600,0.0,0.0,0.0
2023-08-23 00:00:00-04:00,30.34000015258789,30.610000610351562,30.34000015258789,30.530000686645508,41300,0.0,0.0,0.0
2023-08-24 00:00:00-04:00,30.43000030517578,30.440000534057617,30.114999771118164,30.1200008392334,26200,0.0,0.0,0.0
2023-08-25 00:00:00-04:00,30.299999237060547,30.39699935913086,30.139999389648438,30.31999969482422,124200,0.0,0.0,0.0
2023-08-28 00:00:00-04:00,30.489999771118164,30.56999969482422,30.440000534057617,30.56999969482422,30000,0.0,0.0,0.0
2023-08-29 00:00:00-04:00,30.469999313354492,30.950000762939453,30.469999313354492,30.90999984741211,30400,0.0,0.0,0.0
2023-08-30 00:00:00-04:00,30.989999771118164,31.0,30.8700008392334,30.93000030517578,24200,0.0,0.0,0.0
2023-08-31 00:00:00-04:00,30.959999084472656,30.979999542236328,30.82699966430664,30.969999313354492,34600,0.0,0.0,0.0
2023-09-01 00:00:00-04:00,31.219999313354492,31.219999313354492,30.889999389648438,31.0,14400,0.0,0.0,0.0
2023-09-05 00:00:00-04:00,30.8700008392334,30.8799991607666,30.719999313354492,30.719999313354492,14000,0.0,0.0,0.0
2023-09-06 00:00:00-04:00,30.670000076293945,30.71500015258789,30.510000228881836,30.600000381469727,25500,0.0,0.0,0.0
2023-09-07 00:00:00-04:00,30.389999389648438,30.479999542236328,30.329999923706055,30.389999389648438,86900,0.0,0.0,0.0
2023-09-08 00:00:00-04:00,30.360000610351562,30.450000762939453,30.309999465942383,30.350000381469727,20100,0.0,0.0,0.0
2023-09-11 00:00:00-04:00,30.59000015258789,30.670000076293945,30.559999465942383,30.610000610351562,16300,0.0,0.0,0.0
2023-09-12 00:00:00-04:00,30.40999984741211,30.59000015258789,30.40999984741211,30.440000534057617,31100,0.0,0.0,0.0
2023-09-13 00:00:00-04:00,30.350000381469727,30.420000076293945,30.28499984741211,30.34000015258789,36300,0.0,0.0,0.0
2023-09-14 00:00:00-04:00,30.5,30.65999984741211,30.489999771118164,30.639999389648438,12400,0.0,0.0,0.0
2023-09-15 00:00:00-04:00,30.579999923706055,30.666000366210938,30.479000091552734,30.479999542236328,14800,0.0,0.0,0.0
2023-09-18 00:00:00-04:00,30.309999465942383,30.365999221801758,30.270000457763672,30.309999465942383,20400,0.0,0.0,0.0
2023-09-19 00:00:00-04:00,30.389999389648438,30.43000030517578,30.299999237060547,30.31999969482422,22200,0.0,0.0,0.0
2023-09-20 00:00:00-04:00,30.530000686645508,30.639999389648438,30.219999313354492,30.249000549316406,55600,0.0,0.0,0.0
2023-09-21 00:00:00-04:00,30.040000915527344,30.06999969482422,29.90999984741211,29.90999984741211,23400,0.0,0.0,0.0
2023-09-22 00:00:00-04:00,30.100000381469727,30.124000549316406,29.881999969482422,29.93000030517578,22300,0.0,0.0,0.0
2023-09-25 00:00:00-04:00,29.65999984741211,29.850000381469727,29.6200008392334,29.780000686645508,25000,0.0,0.0,0.0
2023-09-26 00:00:00-04:00,29.579999923706055,29.579999923706055,29.270000457763672,29.329999923706055,26100,0.0,0.0,0.0
2023-09-27 00:00:00-04:00,29.489999771118164,29.489999771118164,29.18199920654297,29.329999923706055,30800,0.0,0.0,0.0
2023-09-28 00:00:00-04:00,29.389999389648438,29.6299991607666,29.375,29.549999237060547,19400,0.0,0.0,0.0
2023-09-29 00:00:00-04:00,29.8799991607666,29.8799991607666,29.540000915527344,29.579999923706055,19300,0.0,0.0,0.0
2023-10-02 00:00:00-04:00,29.329999923706055,29.329999923706055,28.979999542236328,29.01099967956543,21600,0.0,0.0,0.0
2023-10-03 00:00:00-04:00,28.639999389648438,28.68000030517578,28.45400047302246,28.56800079345703,21700,0.0,0.0,0.0
2023-10-04 00:00:00-04:00,28.520000457763672,28.520000457763672,28.270000457763672,28.45599937438965,22800,0.0,0.0,0.0
2023-10-05 00:00:00-04:00,28.68000030517578,28.809999465942383,28.6299991607666,28.780000686645508,33800,0.0,0.0,0.0
2023-10-06 00:00:00-04:00,28.760000228881836,29.139999389648438,28.625,29.101999282836914,14100,0.0,0.0,0.0
2023-10-09 00:00:00-04:00,28.860000610351562,29.040000915527344,28.799999237060547,29.013999938964844,17300,0.0,0.0,0.0
2023-10-10 00:00:00-04:00,29.297000885009766,29.510000228881836,29.297000885009766,29.4060001373291,19700,0.0,0.0,0.0
2023-10-11 00:00:00-04:00,29.43000030517578,29.479999542236328,29.260000228881836,29.360000610351562,80800,0.0,0.0,0.0
2023-10-12 00:00:00-04:00,29.3799991607666,29.3799991607666,29.010000228881836,29.079999923706055,15300,0.0,0.0,0.0
2023-10-13 00:00:00-04:00,28.920000076293945,28.920000076293945,28.649999618530273,28.68000030517578,36900,0.0,0.0,0.0
2023-10-16 00:00:00-04:00,28.729999542236328,28.878000259399414,28.700000762939453,28.87299919128418,16100,0.0,0.0,0.0
2023-10-17 00:00:00-04:00,28.610000610351562,28.989999771118164,28.610000610351562,28.8799991607666,39500,0.0,0.0,0.0
2023-10-18 00:00:00-04:00,28.610000610351562,28.610000610351562,28.350000381469727,28.360000610351562,43200,0.0,0.0,0.0
2023-10-19 00:00:00-04:00,28.389999389648438,28.493999481201172,28.229999542236328,28.280000686645508,29000,0.0,0.0,0.0
2023-10-20 00:00:00-04:00,28.149999618530273,28.204999923706055,28.0,28.0,24300,0.0,0.0,0.0
2023-10-23 00:00:00-04:00,27.790000915527344,28.1200008392334,27.690000534057617,27.90999984741211,47400,0.0,0.0,0.0
2023-10-24 00:00:00-04:00,28.09000015258789,28.18000030517578,28.030000686645508,28.135000228881836,32900,0.0,0.0,0.0
2023-10-25 00:00:00-04:00,27.950000762939453,27.950000762939453,27.700000762939453,27.732999801635742,65500,0.0,0.0,0.0
2023-10-26 00:00:00-04:00,27.75,27.780000686645508,27.600000381469727,27.690000534057617,24700,0.0,0.0,0.0
2023-10-27 00:00:00-04:00,27.959999084472656,27.969999313354492,27.700000762939453,27.724000930786133,64600,0.0,0.0,0.0
2023-10-30 00:00:00-04:00,28.010000228881836,28.079999923706055,27.905000686645508,28.06100082397461,17800,0.0,0.0,0.0
2023-10-31 00:00:00-04:00,28.280000686645508,28.371000289916992,28.1299991607666,28.28499984741211,1275800,0.0,0.0,0.0
2023-11-01 00:00:00-04:00,28.219999313354492,28.399999618530273,28.110000610351562,28.3799991607666,48600,0.0,0.0,0.0
2023-11-02 00:00:00-04:00,29.020000457763672,29.118000030517578,28.899999618530273,29.11199951171875,41200,0.0,0.0,0.0
2023-11-03 00:00:00-04:00,29.559999465942383,29.719999313354492,29.520000457763672,29.670000076293945,45600,0.0,0.0,0.0
2023-11-06 00:00:00-05:00,29.549999237060547,29.549999237060547,29.302000045776367,29.340999603271484,25000,0.0,0.0,0.0
2023-11-07 00:00:00-05:00,29.110000610351562,29.18000030517578,29.045000076293945,29.111000061035156,23300,0.0,0.0,0.0
2023-11-08 00:00:00-05:00,29.030000686645508,29.13599967956543,28.959999084472656,29.04400062561035,18700,0.0,0.0,0.0
2023-11-09 00:00:00-05:00,29.280000686645508,29.3799991607666,29.013999938964844,29.03700065612793,19500,0.0,0.0,0.0
2023-11-10 00:00:00-05:00,29.010000228881836,29.172000885009766,28.8799991607666,29.149999618530273,30000,0.0,0.0,0.0
2023-11-13 00:00:00-05:00,29.030000686645508,29.224000930786133,29.030000686645508,29.20400047302246,51800,0.0,0.0,0.0
2023-11-14 00:00:00-05:00,29.81999969482422,30.219999313354492,29.780000686645508,30.166000366210938,24200,0.0,0.0,0.0
2023-11-15 00:00:00-05:00,30.170000076293945,30.224000930786133,30.049999237060547,30.08300018310547,78700,0.0,0.0,0.0
2023-11-16 00:00:00-05:00,29.899999618530273,29.961999893188477,29.780000686645508,29.839000701904297,102900,0.0,0.0,0.0
2023-11-17 00:00:00-05:00,30.139999389648438,30.309999465942383,30.100000381469727,30.270999908447266,78700,0.0,0.0,0.0
2023-11-20 00:00:00-05:00,30.280000686645508,30.441999435424805,30.2549991607666,30.389999389648438,34800,0.0,0.0,0.0
2023-11-21 00:00:00-05:00,30.399999618530273,30.399999618530273,30.174999237060547,30.19499969482422,40000,0.0,0.0,0.0
2023-11-22 00:00:00-05:00,30.239999771118164,30.270000457763672,30.150999069213867,30.209999084472656,31000,0.0,0.0,0.0
2023-11-24 00:00:00-05:00,30.40999984741211,30.530000686645508,30.385000228881836,30.530000686645508,6200,0.0,0.0,0.0
2023-11-27 00:00:00-05:00,30.530000686645508,30.530000686645508,30.389999389648438,30.4689998626709,30700,0.0,0.0,0.0
2023-11-28 00:00:00-05:00,30.43000030517578,30.676000595092773,30.417999267578125,30.56100082397461,11100,0.0,0.0,0.0
2023-11-29 00:00:00-05:00,30.729999542236328,30.84000015258789,30.652999877929688,30.725000381469727,27100,0.0,0.0,0.0
2023-11-30 00:00:00-05:00,30.690000534057617,30.690000534057617,30.520000457763672,30.586000442504883,32300,0.0,0.0,0.0
2023-12-01 00:00:00-05:00,30.540000915527344,30.969999313354492,30.503999710083008,30.94499969482422,54900,0.0,0.0,0.0
2023-12-04 00:00:00-05:00,30.59000015258789,30.75,30.584999084472656,30.68000030517578,29900,0.0,0.0,0.0
2023-12-05 00:00:00-05:00,30.56999969482422,30.615999221801758,30.440000534057617,30.489999771118164,45000,0.0,0.0,0.0
2023-12-06 00:00:00-05:00,30.799999237060547,30.8799991607666,30.600000381469727,30.600000381469727,27700,0.0,0.0,0.0
2023-12-07 00:00:00-05:00,30.649999618530273,30.889999389648438,30.6200008392334,30.760000228881836,31100,0.0,0.0,0.0
2023-12-08 00:00:00-05:00,30.670000076293945,30.860000610351562,30.639999389648438,30.850000381469727,16400,0.0,0.0,0.0
2023-12-11 00:00:00-05:00,30.780000686645508,30.8700008392334,30.767000198364258,30.829999923706055,25600,0.0,0.0,0.0
2023-12-12 00:00:00-05:00,30.75,30.82699966430664,30.628000259399414,30.799999237060547,24400,0.0,0.0,0.0
2023-12-13 00:00:00-05:00,30.81999969482422,31.399999618530273,30.739999771118164,31.3700008392334,55000,0.0,0.0,0.0
2023-12-14 00:00:00-05:00,31.979999542236328,32.11800003051758,31.854999542236328,32.020999908447266,48300,0.0,0.0,0.0
2023-12-15 00:00:00-05:00,31.860000610351562,31.920000076293945,31.690000534057617,31.700000762939453,14300,0.0,0.0,0.0
2023-12-18 00:00:00-05:00,31.8700008392334,31.8700008392334,31.760000228881836,31.799999237060547,14200,0.0,0.0,0.0
2023-12-19 00:00:00-05:00,32.08000183105469,32.25,32.08000183105469,32.220001220703125,26200,0.0,0.0,0.0
2023-12-20 00:00:00-05:00,31.530000686645508,31.638999938964844,31.190000534057617,31.194000244140625,33400,0.0,0.0,0.0
2023-12-21 00:00:00-05:00,31.56999969482422,31.68000030517578,31.469999313354492,31.68000030517578,36500,0.0,0.0,0.0
2023-12-22 00:00:00-05:00,31.899999618530273,31.90999984741211,31.75,31.860000610351562,57300,0.0,0.0,0.0
2023-12-26 00:00:00-05:00,31.760000228881836,31.93000030517578,31.760000228881836,31.8799991607666,31800,0.0,0.0,0.0
2023-12-27 00:00:00-05:00,32.06999969482422,32.2599983215332,31.959999084472656,32.150001525878906,207800,0.0,0.0,0.0
2023-12-28 00:00:00-05:00,32.11000061035156,32.400001525878906,32.029998779296875,32.119998931884766,104500,0.0,0.0,0.0
2023-12-29 00:00:00-05:00,32.06999969482422,32.20500183105469,32.06100082397461,32.130001068115234,29000,0.0,0.0,0.0
2024-01-02 00:00:00-05:00,31.809999465942383,31.90999984741211,31.65999984741211,31.68000030517578,32200,0.0,0.0,0.0
2024-01-03 00:00:00-05:00,31.260000228881836,31.40999984741211,31.225000381469727,31.350000381469727,28400,0.0,0.0,0.0
2024-01-04 00:00:00-05:00,31.31999969482422,31.530000686645508,31.31999969482422,31.440000534057617,27400,0.0,0.0,0.0
2024-01-05 00:00:00-05:00,31.299999237060547,31.610000610351562,31.299999237060547,31.343000411987305,31300,0.0,0.0,0.0
2024-01-08 00:00:00-05:00,31.450000762939453,31.760000228881836,31.440000534057617,31.729999542236328,30900,0.0,0.0,0.0
2024-01-09 00:00:00-05:00,31.540000915527344,31.59000015258789,31.479999542236328,31.559999465942383,31700,0.0,0.0,0.0
2024-01-10 00:00:00-05:00,31.559999465942383,31.700000762939453,31.559999465942383,31.639999389648438,83700,0.0,0.0,0.0
2024-01-11 00:00:00-05:00,31.639999389648438,31.649999618530273,31.260000228881836,31.554000854492188,28200,0.0,0.0,0.0
2024-01-12 00:00:00-05:00,31.790000915527344,31.809999465942383,31.545000076293945,31.6299991607666,13200,0.0,0.0,0.0
2024-01-16 00:00:00-05:00,31.18000030517578,31.219999313354492,30.940000534057617,31.040000915527344,29500,0.0,0.0,0.0
2024-01-17 00:00:00-05:00,30.579999923706055,30.71500015258789,30.5,30.6200008392334,16600,0.0,0.0,0.0
2024-01-18 00:00:00-05:00,30.860000610351562,30.996999740600586,30.815000534057617,30.940000534057617,57200,0.0,0.0,0.0
2024-01-19 00:00:00-05:00,30.889999389648438,31.049999237060547,30.75,31.010000228881836,65200,0.0,0.0,0.0
2024-01-22 00:00:00-05:00,31.170000076293945,31.31999969482422,31.135000228881836,31.176000595092773,20300,0.0,0.0,0.0
2024-01-23 00:00:00-05:00,31.139999389648438,31.149999618530273,30.989999771118164,31.124000549316406,39800,0.0,0.0,0.0
2024-01-24 00:00:00-05:00,31.56999969482422,31.56999969482422,31.309999465942383,31.309999465942383,17300,0.0,0.0,0.0
2024-01-25 00:00:00-05:00,31.559999465942383,31.559999465942383,31.375999450683594,31.479999542236328,21500,0.0,0.0,0.0
2024-01-26 00:00:00-05:00,31.610000610351562,31.610000610351562,31.510000228881836,31.530000686645508,27100,0.0,0.0,0.0
2024-01-29 00:00:00-05:00,31.530000686645508,31.73200035095215,31.3799991607666,31.639999389648438,20400,0.0,0.0,0.0
2024-01-30 00:00:00-05:00,31.610000610351562,31.610000610351562,31.459999084472656,31.549999237060547,37800,0.0,0.0,0.0
2024-01-31 00:00:00-05:00,31.670000076293945,31.797000885009766,31.350000381469727,31.420000076293945,33700,0.0,0.0,0.0
2024-02-01 00:00:00-05:00,31.530000686645508,31.700000762939453,31.440000534057617,31.670000076293945,24700,0.0,0.0,0.0
2024-02-02 00:00:00-05:00,31.420000076293945,31.420000076293945,31.235000610351562,31.350000381469727,41300,0.0,0.0,0.0
2024-02-05 00:00:00-05:00,31.049999237060547,31.149999618530273,30.8799991607666,31.09000015258789,285700,0.0,0.0,0.0
2024-02-06 00:00:00-05:00,31.100000381469727,31.3700008392334,31.100000381469727,31.34000015258789,34900,0.0,0.0,0.0
2024-02-07 00:00:00-05:00,31.360000610351562,31.360000610351562,31.163000106811523,31.209999084472656,59100,0.0,0.0,0.0
2024-02-08 00:00:00-05:00,31.229999542236328,31.299999237060547,31.149999618530273,31.299999237060547,25900,0.0,0.0,0.0
2024-02-09 00:00:00-05:00,31.229999542236328,31.334999084472656,31.15999984741211,31.299999237060547,20400,0.0,0.0,0.0
2024-02-12 00:00:00-05:00,31.31999969482422,31.52899932861328,31.31999969482422,31.360000610351562,151500,0.0,0.0,0.0
2024-02-13 00:00:00-05:00,30.979999542236328,30.979999542236328,30.680999755859375,30.81999969482422,25500,0.0,0.0,0.0
2024-02-14 00:00:00-05:00,31.079999923706055,31.260000228881836,31.079999923706055,31.260000228881836,29900,0.0,0.0,0.0
2024-02-15 00:00:00-05:00,31.270000457763672,31.520000457763672,31.270000457763672,31.469999313354492,18400,0.0,0.0,0.0
2024-02-16 00:00:00-05:00,31.43000030517578,31.663000106811523,31.43000030517578,31.530000686645508,26600,0.0,0.0,0.0
2024-02-20 00:00:00-05:00,31.6299991607666,31.6299991607666,31.420000076293945,31.510000228881836,36800,0.0,0.0,0.0
2024-02-21 00:00:00-05:00,31.520000457763672,31.549999237060547,31.420000076293945,31.549999237060547,38600,0.0,0.0,0.0
2024-02-22 00:00:00-05:00,31.809999465942383,31.860000610351562,31.739999771118164,31.81999969482422,40600,0.0,0.0,0.0
2024-02-23 00:00:00-05:00,31.81999969482422,31.878999710083008,31.739999771118164,31.75,57400,0.0,0.0,0.0
2024-02-26 00:00:00-05:00,31.850000381469727,31.886999130249023,31.719999313354492,31.829999923706055,86700,0.0,0.0,0.0
2024-02-27 00:00:00-05:00,31.84000015258789,32.0,31.84000015258789,31.940000534057617,27500,0.0,0.0,0.0
2024-02-28 00:00:00-05:00,31.770000457763672,31.865999221801758,31.75,31.780000686645508,39700,0.0,0.0,0.0
2024-02-29 00:00:00-05:00,31.969999313354492,32.0,31.770000457763672,31.850000381469727,32200,0.0,0.0,0.0
2024-03-01 00:00:00-05:00,31.969999313354492,32.18000030517578,31.85099983215332,32.13100051879883,117100,0.0,0.0,0.0
2024-03-04 00:00:00-05:00,31.950000762939453,32.029998779296875,31.84000015258789,31.950000762939453,355000,0.0,0.0,0.0
2024-03-05 00:00:00-05:00,31.959999084472656,32.02000045776367,31.767000198364258,31.899999618530273,71100,0.0,0.0,0.0
2024-03-06 00:00:00-05:00,32.27000045776367,32.40999984741211,32.220001220703125,32.2599983215332,190700,0.0,0.0,0.0
2024-03-07 00:00:00-05:00,32.52000045776367,32.630001068115234,32.4900016784668,32.571998596191406,43200,0.0,0.0,0.0
2024-03-08 00:00:00-05:00,32.720001220703125,32.724998474121094,32.41999816894531,32.459999084472656,29300,0.0,0.0,0.0
2024-03-11 00:00:00-04:00,32.279998779296875,32.29899978637695,32.14500045776367,32.279998779296875,97300,0.0,0.0,0.0
2024-03-12 00:00:00-04:00,32.33000183105469,32.52000045776367,32.26499938964844,32.5,55600,0.0,0.0,0.0
2024-03-13 00:00:00-04:00,32.4900016784668,32.54999923706055,32.42300033569336,32.439998626708984,21600,0.0,0.0,0.0
2024-03-14 00:00:00-04:00,32.52000045776367,32.52000045776367,32.176998138427734,32.26499938964844,15500,0.0,0.0,0.0
2024-03-15 00:00:00-04:00,32.369998931884766,32.47999954223633,32.26599884033203,32.369998931884766,18700,0.0,0.0,0.0
2024-03-18 00:00:00-04:00,32.459999084472656,32.459999084472656,32.310001373291016,32.33000183105469,53400,0.0,0.0,0.0
2024-03-19 00:00:00-04:00,32.310001373291016,32.45000076293945,32.255001068115234,32.38999938964844,19200,0.0,0.0,0.0
2024-03-20 00:00:00-04:00,32.369998931884766,32.83000183105469,32.369998931884766,32.790000915527344,41900,0.0,0.0,0.0
2024-03-21 00:00:00-04:00,32.81999969482422,32.81999969482422,32.73500061035156,32.77000045776367,27300,0.0,0.0,0.0
2024-03-22 00:00:00-04:00,32.7599983215332,32.7599983215332,32.59000015258789,32.62900161743164,68100,0.0,0.0,0.0
2024-03-25 00:00:00-04:00,32.54999923706055,32.70000076293945,32.54999923706055,32.599998474121094,14100,0.0,0.0,0.0
2024-03-26 00:00:00-04:00,32.79999923706055,32.801998138427734,32.68000030517578,32.68000030517578,17200,0.0,0.0,0.0
2024-03-27 00:00:00-04:00,32.849998474121094,33.0,32.810001373291016,33.0,29500,0.0,0.0,0.0
2024-03-28 00:00:00-04:00,32.939998626708984,33.029998779296875,32.939998626708984,32.97999954223633,37700,0.0,0.0,0.0
2024-04-01 00:00:00-04:00,33.029998779296875,33.029998779296875,32.86000061035156,32.88999938964844,24800,0.0,0.0,0.0
2024-04-02 00:00:00-04:00,32.630001068115234,32.65999984741211,32.54999923706055,32.6510009765625,17100,0.0,0.0,0.0
2024-04-03 00:00:00-04:00,32.650001525878906,32.970001220703125,32.650001525878906,32.91999816894531,362900,0.0,0.0,0.0
2024-04-04 00:00:00-04:00,33.16999816894531,33.16999816894531,32.66999816894531,32.70000076293945,26200,0.0,0.0,0.0
2024-04-05 00:00:00-04:00,32.66999816894531,32.90999984741211,32.63999938964844,32.81999969482422,15500,0.0,0.0,0.0
2024-04-08 00:00:00-04:00,33.08000183105469,33.099998474121094,33.0,33.040000915527344,31600,0.0,0.0,0.0
2024-04-09 00:00:00-04:00,33.2400016784668,33.2400016784668,33.0,33.06999969482422,22600,0.0,0.0,0.0
2024-04-10 00:00:00-04:00,32.65999984741211,32.755001068115234,32.5099983215332,32.63999938964844,16400,0.0,0.0,0.0
2024-04-11 00:00:00-04:00,32.77000045776367,32.810001373291016,32.470001220703125,32.7599983215332,24100,0.0,0.0,0.0
2024-04-12 00:00:00-04:00,32.4900016784668,32.507999420166016,32.119998931884766,32.13999938964844,31900,0.0,0.0,0.0
2024-04-15 00:00:00-04:00,32.5,32.5,31.979999542236328,32.04999923706055,13700,0.0,0.0,0.0
2024-04-16 00:00:00-04:00,31.65999984741211,31.75,31.520000457763672,31.600000381469727,52500,0.0,0.0,0.0
2024-04-17 00:00:00-04:00,31.809999465942383,31.815000534057617,31.59000015258789,31.670000076293945,21500,0.0,0.0,0.0
2024-04-18 00:00:00-04:00,31.760000228881836,31.920000076293945,31.648000717163086,31.690000534057617,18900,0.0,0.0,0.0
2024-04-19 00:00:00-04:00,31.600000381469727,31.709999084472656,31.530000686645508,31.579999923706055,26400,0.0,0.0,0.0
2024-04-22 00:00:00-04:00,31.770000457763672,31.940000534057617,31.709999084472656,31.84000015258789,29500,0.0,0.0,0.0
2024-04-23 00:00:00-04:00,31.90999984741211,32.25,31.90999984741211,32.16999816894531,19700,0.0,0.0,0.0
2024-04-24 00:00:00-04:00,32.130001068115234,32.130001068115234,31.950000762939453,32.029998779296875,22800,0.0,0.0,0.0
2024-04-25 00:00:00-04:00,31.719999313354492,31.93000030517578,31.59000015258789,31.88599967956543,45000,0.0,0.0,0.0
2024-04-26 00:00:00-04:00,32.09000015258789,32.2599983215332,32.08000183105469,32.20000076293945,39700,0.0,0.0,0.0
2024-04-29 00:00:00-04:00,32.45000076293945,32.630001068115234,32.38999938964844,32.560001373291016,34600,0.0,0.0,0.0
2024-04-30 00:00:00-04:00,32.34000015258789,32.380001068115234,32.08000183105469,32.09000015258789,24100,0.0,0.0,0.0
2024-05-01 00:00:00-04:00,32.000999450683594,32.29999923706055,31.861000061035156,31.979999542236328,345800,0.0,0.0,0.0
2024-05-02 00:00:00-04:00,32.31999969482422,32.52000045776367,32.25,32.459999084472656,68900,0.0,0.0,0.0
2024-05-03 00:00:00-04:00,32.81999969482422,32.83000183105469,32.64500045776367,32.7599983215332,107700,0.0,0.0,0.0
2024-05-06 00:00:00-04:00,32.95000076293945,32.9900016784668,32.900001525878906,32.939998626708984,18000,0.0,0.0,0.0
2024-05-07 00:00:00-04:00,32.9900016784668,33.09000015258789,32.93299865722656,33.02000045776367,36600,0.0,0.0,0.0
2024-05-08 00:00:00-04:00,32.76300048828125,32.97999954223633,32.76300048828125,32.939998626708984,15300,0.0,0.0,0.0
2024-05-09 00:00:00-04:00,33.03200149536133,33.220001220703125,33.03200149536133,33.209999084472656,14500,0.0,0.0,0.0
2024-05-10 00:00:00-04:00,33.369998931884766,33.369998931884766,33.18000030517578,33.19499969482422,34900,0.0,0.0,0.0
2024-05-13 00:00:00-04:00,33.2599983215332,33.349998474121094,33.209999084472656,33.2400016784668,22100,0.0,0.0,0.0
2024-05-14 00:00:00-04:00,33.349998474121094,33.45000076293945,33.31999969482422,33.40999984741211,15500,0.0,0.0,0.0
2024-05-15 00:00:00-04:00,33.619998931884766,33.779998779296875,33.5099983215332,33.779998779296875,25400,0.0,0.0,0.0
2024-05-16 00:00:00-04:00,33.58000183105469,33.65999984741211,33.5099983215332,33.5099983215332,109000,0.0,0.0,0.0
2024-05-17 00:00:00-04:00,33.560001373291016,33.709999084472656,33.560001373291016,33.70000076293945,38400,0.0,0.0,0.0
2024-05-20 00:00:00-04:00,33.709999084472656,33.86000061035156,33.689998626708984,33.70000076293945,19700,0.0,0.0,0.0
2024-05-21 00:00:00-04:00,33.599998474121094,33.70500183105469,33.599998474121094,33.68000030517578,102800,0.0,0.0,0.0
2024-05-22 00:00:00-04:00,33.45000076293945,33.5,33.27000045776367,33.380001068115234,25000,0.0,0.0,0.0
2024-05-23 00:00:00-04:00,33.61000061035156,33.61000061035156,33.099998474121094,33.17499923706055,41100,0.0,0.0,0.0
2024-05-24 00:00:00-04:00,33.34000015258789,33.599998474121094,33.34000015258789,33.58000183105469,39400,0.0,0.0,0.0
2024-05-28 00:00:00-04:00,33.72999954223633,33.77000045776367,33.52399826049805,33.66999816894531,28000,0.0,0.0,0.0
2024-05-29 00:00:00-04:00,33.20500183105469,33.25,33.029998779296875,33.029998779296875,29400,0.0,0.0,0.0
2024-05-30 00:00:00-04:00,33.470001220703125,33.599998474121094,33.444000244140625,33.54999923706055,14500,0.0,0.0,0.0
2024-05-31 00:00:00-04:00,33.790000915527344,33.810001373291016,33.58700180053711,33.801998138427734,16500,0.0,0.0,0.0
2024-06-03 00:00:00-04:00,33.90999984741211,33.972999572753906,33.77000045776367,33.849998474121094,43600,0.0,0.0,0.0
2024-06-04 00:00:00-04:00,33.65999984741211,33.7140007019043,33.54999923706055,33.67499923706055,49300,0.0,0.0,0.0
2024-06-05 00:00:00-04:00,33.65999984741211,33.75,33.494998931884766,33.72999954223633,22200,0.0,0.0,0.0
2024-06-06 00:00:00-04:00,33.63999938964844,33.7599983215332,33.63100051879883,33.72999954223633,49200,0.0,0.0,0.0
2024-06-07 00:00:00-04:00,33.400001525878906,33.470001220703125,33.27000045776367,33.279998779296875,19400,0.0,0.0,0.0
2024-06-10 00:00:00-04:00,33.209999084472656,33.470001220703125,33.209999084472656,33.439998626708984,33900,0.0,0.0,0.0
2024-06-11 00:00:00-04:00,32.470001220703125,32.599998474121094,32.38999938964844,32.52000045776367,30800,0.0,0.0,0.0
2024-06-12 00:00:00-04:00,33.130001068115234,33.185001373291016,32.89400100708008,32.939998626708984,19500,0.0,0.0,0.0
2024-06-13 00:00:00-04:00,32.650001525878906,32.650001525878906,32.20100021362305,32.29999923706055,25900,0.0,0.0,0.0
2024-06-14 00:00:00-04:00,32.040000915527344,32.09000015258789,31.889999389648438,32.07699966430664,18500,0.0,0.0,0.0
2024-06-17 00:00:00-04:00,32.09000015258789,32.369998931884766,32.029998779296875,32.31999969482422,205900,0.0,0.0,0.0
2024-06-18 00:00:00-04:00,32.34000015258789,32.540000915527344,32.34000015258789,32.439998626708984,28800,0.0,0.0,0.0
2024-06-20 00:00:00-04:00,32.560001373291016,32.59000015258789,32.38999938964844,32.46500015258789,32300,0.0,0.0,0.0
2024-06-21 00:00:00-04:00,32.220001220703125,32.2400016784668,32.150001525878906,32.189998626708984,25800,0.0,0.0,0.0
2024-06-24 00:00:00-04:00,32.380001068115234,32.5099983215332,32.380001068115234,32.470001220703125,24100,0.0,0.0,0.0
2024-06-25 00:00:00-04:00,32.310001373291016,32.369998931884766,32.220001220703125,32.29999923706055,23600,0.0,0.0,0.0
2024-06-26 00:00:00-04:00,32.09000015258789,32.15399932861328,32.060001373291016,32.119998931884766,20200,0.0,0.0,0.0
2024-06-27 00:00:00-04:00,32.27000045776367,32.3390007019043,32.20000076293945,32.279998779296875,15400,0.0,0.0,0.0
2024-06-28 00:00:00-04:00,32.29999923706055,32.31800079345703,32.13999938964844,32.22999954223633,13500,0.0,0.0,0.0
2024-07-01 00:00:00-04:00,32.369998931884766,32.415000915527344,32.12099838256836,32.16999816894531,11700,0.0,0.0,0.0
2024-07-02 00:00:00-04:00,32.154998779296875,32.279998779296875,32.119998931884766,32.27000045776367,10600,0.0,0.0,0.0
2024-07-03 00:00:00-04:00,32.58000183105469,32.75,32.58000183105469,32.720001220703125,7100,0.0,0.0,0.0
2024-07-05 00:00:00-04:00,32.93000030517578,32.93000030517578,32.790000915527344,32.84000015258789,11700,0.0,0.0,0.0
2024-07-08 00:00:00-04:00,32.84000015258789,32.88999938964844,32.72999954223633,32.75,19200,0.0,0.0,0.0
2024-07-09 00:00:00-04:00,32.61000061035156,32.619998931884766,32.52000045776367,32.558998107910156,9900,0.0,0.0,0.0
2024-07-10 00:00:00-04:00,32.79999923706055,32.91999816894531,32.779998779296875,32.88999938964844,12500,0.0,0.0,0.0
2024-07-11 00:00:00-04:00,33.189998626708984,33.290000915527344,33.150001525878906,33.209999084472656,17800,0.0,0.0,0.0
2024-07-12 00:00:00-04:00,33.529998779296875,33.67499923706055,33.52000045776367,33.560001373291016,18400,0.0,0.0,0.0
2024-07-15 00:00:00-04:00,33.52000045776367,33.56999969482422,33.40999984741211,33.4900016784668,9600,0.0,0.0,0.0
2024-07-16 00:00:00-04:00,33.41999816894531,33.775001525878906,33.41999816894531,33.7400016784668,17500,0.0,0.0,0.0
2024-07-17 00:00:00-04:00,33.70800018310547,33.70800018310547,33.56999969482422,33.599998474121094,23400,0.0,0.0,0.0
2024-07-18 00:00:00-04:00,33.77000045776367,33.77000045776367,33.34000015258789,33.43000030517578,21800,0.0,0.0,0.0
2024-07-19 00:00:00-04:00,33.209999084472656,33.2400016784668,33.119998931884766,33.20000076293945,6200,0.0,0.0,0.0
2024-07-22 00:00:00-04:00,33.36000061035156,33.41899871826172,33.25,33.38999938964844,16900,0.0,0.0,0.0
2024-07-23 00:00:00-04:00,33.31999969482422,33.33100128173828,33.25,33.2599983215332,11800,0.0,0.0,0.0
2024-07-24 00:00:00-04:00,33.2599983215332,33.31999969482422,32.900001525878906,32.93000030517578,25000,0.0,0.0,0.0
2024-07-25 00:00:00-04:00,32.720001220703125,33.0099983215332,32.63999938964844,32.75,19100,0.0,0.0,0.0
2024-07-26 00:00:00-04:00,33.09000015258789,33.2599983215332,33.060001373291016,33.22999954223633,15300,0.0,0.0,0.0
2024-07-29 00:00:00-04:00,33.15999984741211,33.18000030517578,32.970001220703125,33.0629997253418,20900,0.0,0.0,0.0
2024-07-30 00:00:00-04:00,33.18000030517578,33.18000030517578,33.07500076293945,33.15999984741211,19700,0.0,0.0,0.0
2024-07-31 00:00:00-04:00,33.630001068115234,33.77000045776367,33.540000915527344,33.66999816894531,80500,0.0,0.0,0.0
2024-08-01 00:00:00-04:00,33.2400016784668,33.30500030517578,32.665000915527344,32.779998779296875,16500,0.0,0.0,0.0
2024-08-02 00:00:00-04:00,32.34000015258789,32.34000015258789,32.029998779296875,32.20000076293945,17200,0.0,0.0,0.0
2024-08-05 00:00:00-04:00,30.889999389648438,31.56999969482422,30.889999389648438,31.389999389648438,59300,0.0,0.0,0.0
2024-08-06 00:00:00-04:00,31.260000228881836,31.65999984741211,31.09000015258789,31.450000762939453,34600,0.0,0.0,0.0
2024-08-07 00:00:00-04:00,32.040000915527344,32.09000015258789,31.5,31.5310001373291,44000,0.0,0.0,0.0
2024-08-08 00:00:00-04:00,31.799999237060547,32.040000915527344,31.700000762939453,32.0,41200,0.0,0.0,0.0
2024-08-09 00:00:00-04:00,32.040000915527344,32.209999084472656,32.0,32.209999084472656,25800,0.0,0.0,0.0
2024-08-12 00:00:00-04:00,32.22999954223633,32.33000183105469,32.16999816894531,32.2599983215332,53000,0.0,0.0,0.0
2024-08-13 00:00:00-04:00,32.41999816894531,32.749000549316406,32.41999816894531,32.7400016784668,27600,0.0,0.0,0.0
2024-08-14 00:00:00-04:00,32.810001373291016,32.810001373291016,32.66999816894531,32.75,369100,0.0,0.0,0.0
2024-08-15 00:00:00-04:00,32.9900016784668,33.150001525878906,32.970001220703125,33.07600021362305,39600,0.0,0.0,0.0
2024-08-16 00:00:00-04:00,33.13999938964844,33.310001373291016,33.13999938964844,33.29999923706055,72500,0.0,0.0,0.0
2024-08-19 00:00:00-04:00,33.459999084472656,33.70000076293945,33.459999084472656,33.650001525878906,33300,0.0,0.0,0.0
2024-08-20 00:00:00-04:00,33.619998931884766,33.65999984741211,33.52000045776367,33.529998779296875,25100,0.0,0.0,0.0
2024-08-21 00:00:00-04:00,33.790000915527344,33.959999084472656,33.72999954223633,33.880001068115234,15500,0.0,0.0,0.0
2024-08-22 00:00:00-04:00,33.9900016784668,33.9900016784668,33.665000915527344,33.665000915527344,22400,0.0,0.0,0.0
2024-08-23 00:00:00-04:00,33.88999938964844,34.38999938964844,33.880001068115234,34.38100051879883,36700,0.0,0.0,0.0
2024-08-26 00:00:00-04:00,34.33000183105469,34.395999908447266,34.209999084472656,34.2599983215332,31300,0.0,0.0,0.0
2024-08-27 00:00:00-04:00,34.369998931884766,34.5,34.34000015258789,34.439998626708984,33100,0.0,0.0,0.0
2024-08-28 00:00:00-04:00,34.20000076293945,34.26900100708008,34.02000045776367,34.060001373291016,74100,0.0,0.0,0.0
2024-08-29 00:00:00-04:00,34.20000076293945,34.29999923706055,34.09000015258789,34.15999984741211,50800,0.0,0.0,0.0
2024-08-30 00:00:00-04:00,34.310001373291016,34.33000183105469,34.095001220703125,34.2599983215332,30400,0.0,0.0,0.0
2024-09-03 00:00:00-04:00,34.02000045776367,34.025001525878906,33.60100173950195,33.61399841308594,31400,0.0,0.0,0.0
2024-09-04 00:00:00-04:00,33.59000015258789,33.76300048828125,33.59000015258789,33.630001068115234,11800,0.0,0.0,0.0
2024-09-05 00:00:00-04:00,33.91999816894531,33.93000030517578,33.65999984741211,33.7599983215332,32300,0.0,0.0,0.0
2024-09-06 00:00:00-04:00,33.65999984741211,33.66999816894531,33.04999923706055,33.08000183105469,34100,0.0,0.0,0.0
2024-09-09 00:00:00-04:00,33.349998474121094,33.430999755859375,33.290000915527344,33.369998931884766,19600,0.0,0.0,0.0
2024-09-10 00:00:00-04:00,33.220001220703125,33.380001068115234,33.130001068115234,33.3650016784668,30100,0.0,0.0,0.0
2024-09-11 00:00:00-04:00,33.290000915527344,33.540000915527344,33.01900100708008,33.540000915527344,202400,0.0,0.0,0.0
2024-09-12 00:00:00-04:00,33.459999084472656,33.95000076293945,33.459999084472656,33.95000076293945,132400,0.0,0.0,0.0
2024-09-13 00:00:00-04:00,34.05500030517578,34.176998138427734,33.97999954223633,34.04499816894531,21100,0.0,0.0,0.0
