Date,Open,High,Low,Close,Volume,Dividends,Stock Splits
2015-12-23 00:00:00+09:00,8000.0,10125.0,6625.0,6625.0,9317776,0.0,0.0
2015-12-24 00:00:00+09:00,6475.0,7150.0,6000.0,6425.0,1897514,0.0,0.0
2015-12-28 00:00:00+09:00,6450.0,6675.0,6075.0,6075.0,347668,0.0,0.0
2015-12-29 00:00:00+09:00,6075.0,6500.0,5850.0,6275.0,619244,0.0,0.0
2015-12-30 00:00:00+09:00,6325.0,7625.0,6300.0,6825.0,1512228,0.0,0.0
2016-01-04 00:00:00+09:00,6825.0,7250.0,6650.0,6650.0,537308,0.0,0.0
2016-01-05 00:00:00+09:00,6650.0,7275.0,6500.0,7200.0,860592,0.0,0.0
2016-01-06 00:00:00+09:00,7750.0,9350.0,7650.0,9350.0,4264398,0.0,0.0
2016-01-07 00:00:00+09:00,9475.0,9600.0,8350.0,9175.0,3184302,0.0,0.0
2016-01-08 00:00:00+09:00,8825.0,9500.0,8675.0,8825.0,1612168,0.0,0.0
2016-01-11 00:00:00+09:00,9200.0,10100.0,8850.0,9950.0,1573282,0.0,0.0
2016-01-12 00:00:00+09:00,9700.0,9975.0,8850.0,8925.0,1193640,0.0,0.0
2016-01-13 00:00:00+09:00,10600.0,11600.0,10075.0,11600.0,4356168,0.0,0.0
2016-01-14 00:00:00+09:00,11725.0,12200.0,11100.0,11600.0,2661658,0.0,0.0
2016-01-15 00:00:00+09:00,11800.0,14650.0,10900.0,12750.0,3451990,0.0,0.0
2016-01-18 00:00:00+09:00,12625.0,15425.0,12250.0,13350.0,3255674,0.0,0.0
2016-01-19 00:00:00+09:00,13700.0,14900.0,13225.0,13300.0,1060246,0.0,0.0
2016-01-20 00:00:00+09:00,13625.0,13800.0,12150.0,12400.0,631368,0.0,0.0
2016-01-21 00:00:00+09:00,12300.0,12550.0,11575.0,12000.0,420190,0.0,0.0
2016-01-22 00:00:00+09:00,12175.0,14875.0,12025.0,13175.0,1960552,0.0,0.0
2016-01-25 00:00:00+09:00,13650.0,14475.0,13250.0,13450.0,690138,0.0,0.0
2016-01-26 00:00:00+09:00,12875.0,13100.0,12500.0,12775.0,324432,0.0,0.0
2016-01-27 00:00:00+09:00,12950.0,13050.0,11950.0,12425.0,276610,0.0,0.0
2016-01-28 00:00:00+09:00,12225.0,12625.0,12100.0,12625.0,195220,0.0,0.0
2016-01-29 00:00:00+09:00,12625.0,12625.0,12125.0,12425.0,114098,0.0,0.0
2016-02-01 00:00:00+09:00,12300.0,12425.0,11875.0,11975.0,172148,0.0,0.0
2016-02-02 00:00:00+09:00,11975.0,12800.0,11975.0,12425.0,231236,0.0,0.0
2016-02-03 00:00:00+09:00,12175.0,12200.0,11900.0,12200.0,127962,0.0,0.0
2016-02-04 00:00:00+09:00,12375.0,12975.0,12075.0,12750.0,297754,0.0,0.0
2016-02-05 00:00:00+09:00,12850.0,13425.0,12700.0,13175.0,204652,0.0,0.0
2016-02-11 00:00:00+09:00,12750.0,12825.0,11625.0,11975.0,196372,0.0,0.0
2016-02-12 00:00:00+09:00,11650.0,12425.0,9300.0,10500.0,381084,0.0,0.0
2016-02-15 00:00:00+09:00,10550.0,12350.0,10550.0,11425.0,319612,0.0,0.0
2016-02-16 00:00:00+09:00,11550.0,11950.0,11500.0,11825.0,143586,0.0,0.0
2016-02-17 00:00:00+09:00,11900.0,11925.0,10850.0,11350.0,148506,0.0,0.0
2016-02-18 00:00:00+09:00,11625.0,11700.0,11175.0,11400.0,95402,0.0,0.0
2016-02-19 00:00:00+09:00,11150.0,11950.0,11150.0,11175.0,151114,0.0,0.0
2016-02-22 00:00:00+09:00,11250.0,11450.0,10950.0,10950.0,150078,0.0,0.0
2016-02-23 00:00:00+09:00,11100.0,11175.0,10075.0,10575.0,219434,0.0,0.0
2016-02-24 00:00:00+09:00,10525.0,10700.0,10225.0,10350.0,109292,0.0,0.0
2016-02-25 00:00:00+09:00,10350.0,10525.0,10300.0,10400.0,111184,0.0,0.0
2016-02-26 00:00:00+09:00,10450.0,10525.0,10050.0,10125.0,58816,0.0,0.0
2016-02-29 00:00:00+09:00,10275.0,10275.0,9500.0,9750.0,88734,0.0,0.0
2016-03-02 00:00:00+09:00,9800.0,10175.0,9700.0,9825.0,73626,0.0,0.0
2016-03-03 00:00:00+09:00,9775.0,9975.0,9325.0,9975.0,191304,0.0,0.0
2016-03-04 00:00:00+09:00,10100.0,12525.0,9925.0,11050.0,1641224,0.0,0.0
2016-03-07 00:00:00+09:00,11200.0,12675.0,11200.0,11700.0,749870,0.0,0.0
2016-03-08 00:00:00+09:00,12000.0,12375.0,11175.0,11750.0,341470,0.0,0.0
2016-03-09 00:00:00+09:00,11700.0,12250.0,11525.0,12050.0,222578,0.0,0.0
2016-03-10 00:00:00+09:00,12300.0,13650.0,11875.0,12525.0,673738,0.0,0.0
2016-03-11 00:00:00+09:00,12700.0,13450.0,12675.0,13150.0,360912,0.0,0.0
2016-03-14 00:00:00+09:00,13500.0,13850.0,12725.0,12750.0,277306,0.0,0.0
2016-03-15 00:00:00+09:00,12800.0,13225.0,12450.0,12575.0,180076,0.0,0.0
2016-03-16 00:00:00+09:00,12650.0,13125.0,12300.0,12475.0,197018,0.0,0.0
2016-03-17 00:00:00+09:00,12500.0,12775.0,12200.0,12500.0,116500,0.0,0.0
2016-03-18 00:00:00+09:00,12625.0,12675.0,11900.0,12000.0,138782,0.0,0.0
2016-03-21 00:00:00+09:00,12000.0,12175.0,11850.0,12050.0,59334,0.0,0.0
2016-03-22 00:00:00+09:00,12075.0,12925.0,12075.0,12750.0,276164,0.0,0.0
2016-03-23 00:00:00+09:00,12600.0,12675.0,12125.0,12150.0,153130,0.0,0.0
2016-03-24 00:00:00+09:00,12000.0,12150.0,11775.0,11900.0,93484,0.0,0.0
2016-03-25 00:00:00+09:00,11800.0,12025.0,11550.0,11675.0,89964,0.0,0.0
2016-03-28 00:00:00+09:00,11725.0,12175.0,11350.0,12000.0,147428,0.0,0.0
2016-03-29 00:00:00+09:00,11800.0,12075.0,11700.0,11800.0,84046,0.0,0.0
2016-03-30 00:00:00+09:00,11975.0,12025.0,11725.0,11825.0,76450,0.0,0.0
2016-03-31 00:00:00+09:00,11900.0,11900.0,11400.0,11450.0,94056,0.0,0.0
2016-04-01 00:00:00+09:00,11450.0,11975.0,11400.0,11800.0,118030,0.0,0.0
2016-04-04 00:00:00+09:00,11850.0,13250.0,11850.0,12350.0,427674,0.0,0.0
2016-04-05 00:00:00+09:00,12650.0,12800.0,12075.0,12175.0,149572,0.0,0.0
2016-04-06 00:00:00+09:00,12200.0,12550.0,12050.0,12450.0,107466,0.0,0.0
2016-04-07 00:00:00+09:00,12450.0,12450.0,12025.0,12250.0,87946,0.0,0.0
2016-04-08 00:00:00+09:00,12375.0,13100.0,12275.0,12350.0,221716,0.0,0.0
2016-04-11 00:00:00+09:00,12450.0,12525.0,11975.0,11975.0,119926,0.0,0.0
2016-04-12 00:00:00+09:00,11875.0,12075.0,11450.0,11650.0,162922,0.0,0.0
2016-04-14 00:00:00+09:00,11650.0,11750.0,11400.0,11450.0,95444,0.0,0.0
2016-04-15 00:00:00+09:00,11475.0,11625.0,11400.0,11500.0,53824,0.0,0.0
2016-04-18 00:00:00+09:00,11600.0,11625.0,11425.0,11425.0,40368,0.0,0.0
2016-04-19 00:00:00+09:00,11450.0,11675.0,11425.0,11575.0,68356,0.0,0.0
2016-04-20 00:00:00+09:00,11700.0,11700.0,11450.0,11500.0,45798,0.0,0.0
2016-04-21 00:00:00+09:00,11500.0,11550.0,11150.0,11200.0,86424,0.0,0.0
2016-04-22 00:00:00+09:00,11200.0,11400.0,11175.0,11175.0,40288,0.0,0.0
2016-04-25 00:00:00+09:00,11350.0,11350.0,11175.0,11250.0,29068,0.0,0.0
2016-04-26 00:00:00+09:00,11250.0,11275.0,10975.0,11000.0,69194,0.0,0.0
2016-04-27 00:00:00+09:00,11350.0,11975.0,11250.0,11525.0,231868,0.0,0.0
2016-04-28 00:00:00+09:00,11650.0,11675.0,11175.0,11325.0,65196,0.0,0.0
2016-04-29 00:00:00+09:00,11425.0,11425.0,11050.0,11100.0,37544,0.0,0.0
2016-05-02 00:00:00+09:00,11175.0,11325.0,11050.0,11050.0,26552,0.0,0.0
2016-05-03 00:00:00+09:00,11150.0,11150.0,10800.0,10975.0,55288,0.0,0.0
2016-05-04 00:00:00+09:00,11000.0,11000.0,10625.0,10750.0,62686,0.0,0.0
2016-05-09 00:00:00+09:00,10775.0,10900.0,10525.0,10525.0,44754,0.0,0.0
2016-05-10 00:00:00+09:00,10575.0,10825.0,10575.0,10650.0,25016,0.0,0.0
2016-05-11 00:00:00+09:00,10775.0,10950.0,10625.0,10825.0,46386,0.0,0.0
2016-05-12 00:00:00+09:00,10825.0,10925.0,10675.0,10725.0,23472,0.0,0.0
2016-05-13 00:00:00+09:00,10900.0,11200.0,10800.0,11125.0,81198,0.0,0.0
2016-05-16 00:00:00+09:00,11100.0,11200.0,10850.0,11150.0,33600,0.0,0.0
2016-05-17 00:00:00+09:00,11025.0,11075.0,10800.0,10800.0,41450,0.0,0.0
2016-05-18 00:00:00+09:00,10800.0,10800.0,10425.0,10550.0,41242,0.0,0.0
2016-05-19 00:00:00+09:00,10375.0,10575.0,10150.0,10250.0,54030,0.0,0.0
2016-05-20 00:00:00+09:00,10125.0,10225.0,9950.0,10050.0,36962,0.0,0.0
2016-05-23 00:00:00+09:00,10000.0,10225.0,10000.0,10150.0,24172,0.0,0.0
2016-05-24 00:00:00+09:00,10000.0,10075.0,9700.0,9725.0,62724,0.0,0.0
2016-05-25 00:00:00+09:00,9850.0,9975.0,9500.0,9900.0,49518,0.0,0.0
2016-05-26 00:00:00+09:00,9750.0,9850.0,9425.0,9500.0,65392,0.0,0.0
2016-05-27 00:00:00+09:00,9500.0,9600.0,9425.0,9500.0,44100,0.0,0.0
2016-05-30 00:00:00+09:00,9500.0,9500.0,9050.0,9075.0,68312,0.0,0.0
2016-05-31 00:00:00+09:00,9000.0,9275.0,8850.0,9175.0,71406,0.0,0.0
2016-06-01 00:00:00+09:00,9175.0,9475.0,9050.0,9400.0,35562,0.0,0.0
2016-06-02 00:00:00+09:00,9500.0,9500.0,9050.0,9200.0,57210,0.0,0.0
2016-06-03 00:00:00+09:00,9275.0,9275.0,8850.0,8950.0,84164,0.0,0.0
2016-06-07 00:00:00+09:00,8875.0,9075.0,8800.0,9000.0,34858,0.0,0.0
2016-06-08 00:00:00+09:00,9050.0,9050.0,8850.0,9025.0,32074,0.0,0.0
2016-06-09 00:00:00+09:00,8925.0,9575.0,8925.0,9275.0,114150,0.0,0.0
2016-06-10 00:00:00+09:00,9225.0,9375.0,9150.0,9325.0,32780,0.0,0.0
2016-06-13 00:00:00+09:00,9250.0,9275.0,8925.0,8925.0,33236,0.0,0.0
2016-06-14 00:00:00+09:00,8850.0,9175.0,8800.0,9000.0,30206,0.0,0.0
2016-06-15 00:00:00+09:00,9000.0,9075.0,8825.0,8925.0,27094,0.0,0.0
2016-06-16 00:00:00+09:00,9150.0,10575.0,9025.0,9475.0,552916,0.0,0.0
2016-06-17 00:00:00+09:00,9450.0,9650.0,8950.0,8975.0,95300,0.0,0.0
2016-06-20 00:00:00+09:00,9075.0,9600.0,9000.0,9300.0,83420,0.0,0.0
2016-06-21 00:00:00+09:00,9400.0,9400.0,9075.0,9125.0,42516,0.0,0.0
2016-06-22 00:00:00+09:00,9175.0,9275.0,9125.0,9125.0,40042,0.0,0.0
2016-06-23 00:00:00+09:00,9150.0,9150.0,8600.0,8825.0,85970,0.0,0.0
2016-06-24 00:00:00+09:00,8975.0,9025.0,8150.0,8225.0,90718,0.0,0.0
2016-06-27 00:00:00+09:00,7650.0,8175.0,7650.0,8025.0,83096,0.0,0.0
2016-06-28 00:00:00+09:00,7900.0,8500.0,7900.0,8475.0,56784,0.0,0.0
2016-06-29 00:00:00+09:00,8525.0,8800.0,8525.0,8775.0,37920,0.0,0.0
2016-06-30 00:00:00+09:00,8825.0,8825.0,8425.0,8700.0,20718,0.0,0.0
2016-07-01 00:00:00+09:00,8725.0,8825.0,8175.0,8625.0,48860,0.0,0.0
2016-07-04 00:00:00+09:00,8550.0,8750.0,8450.0,8525.0,31100,0.0,0.0
2016-07-05 00:00:00+09:00,8600.0,8600.0,8400.0,8525.0,26906,0.0,0.0
2016-07-06 00:00:00+09:00,8625.0,8625.0,8250.0,8475.0,40622,0.0,0.0
2016-07-07 00:00:00+09:00,8600.0,8700.0,8350.0,8700.0,45326,0.0,0.0
2016-07-08 00:00:00+09:00,8700.0,8700.0,8400.0,8425.0,31016,0.0,0.0
2016-07-11 00:00:00+09:00,8675.0,8675.0,8425.0,8450.0,14980,0.0,0.0
2016-07-12 00:00:00+09:00,8525.0,8525.0,8350.0,8500.0,35732,0.0,0.0
2016-07-13 00:00:00+09:00,8650.0,8950.0,8500.0,8650.0,66240,0.0,0.0
2016-07-14 00:00:00+09:00,8650.0,8700.0,8500.0,8600.0,33676,0.0,0.0
2016-07-15 00:00:00+09:00,8550.0,8625.0,8350.0,8450.0,27816,0.0,0.0
2016-07-18 00:00:00+09:00,8375.0,8500.0,8275.0,8425.0,15612,0.0,0.0
2016-07-19 00:00:00+09:00,8400.0,8500.0,8325.0,8425.0,16502,0.0,0.0
2016-07-20 00:00:00+09:00,8350.0,8525.0,8350.0,8525.0,23316,0.0,0.0
2016-07-21 00:00:00+09:00,8550.0,8700.0,8125.0,8225.0,58406,0.0,0.0
2016-07-22 00:00:00+09:00,8250.0,8400.0,8150.0,8375.0,15048,0.0,0.0
2016-07-25 00:00:00+09:00,8275.0,8450.0,8275.0,8375.0,16100,0.0,0.0
2016-07-26 00:00:00+09:00,8475.0,8500.0,8325.0,8475.0,14370,0.0,0.0
2016-07-27 00:00:00+09:00,8550.0,9125.0,8425.0,8650.0,166436,0.0,0.0
2016-07-28 00:00:00+09:00,8625.0,9400.0,8625.0,9225.0,171776,0.0,0.0
2016-07-29 00:00:00+09:00,9225.0,9350.0,8750.0,8850.0,95190,0.0,0.0
2016-08-01 00:00:00+09:00,9025.0,9100.0,8775.0,8900.0,54280,0.0,0.0
2016-08-02 00:00:00+09:00,9000.0,9000.0,8550.0,8625.0,47336,0.0,0.0
2016-08-03 00:00:00+09:00,8525.0,8600.0,8350.0,8425.0,40054,0.0,0.0
2016-08-04 00:00:00+09:00,8475.0,8675.0,8400.0,8525.0,35488,0.0,0.0
2016-08-05 00:00:00+09:00,8525.0,8625.0,8375.0,8425.0,27580,0.0,0.0
2016-08-08 00:00:00+09:00,8350.0,8500.0,8200.0,8200.0,39594,0.0,0.0
2016-08-09 00:00:00+09:00,8200.0,8350.0,8000.0,8125.0,53098,0.0,0.0
2016-08-10 00:00:00+09:00,8225.0,8225.0,8050.0,8100.0,30990,0.0,0.0
2016-08-11 00:00:00+09:00,8150.0,8150.0,7925.0,7950.0,40182,0.0,0.0
2016-08-12 00:00:00+09:00,8125.0,8500.0,8050.0,8200.0,106978,0.0,0.0
2016-08-16 00:00:00+09:00,8225.0,8275.0,8050.0,8050.0,25020,0.0,0.0
2016-08-17 00:00:00+09:00,8050.0,8100.0,7900.0,8050.0,19908,0.0,0.0
2016-08-18 00:00:00+09:00,8125.0,8125.0,7950.0,8100.0,33470,0.0,0.0
2016-08-19 00:00:00+09:00,8150.0,8200.0,7975.0,8100.0,18322,0.0,0.0
2016-08-22 00:00:00+09:00,8175.0,10525.0,8175.0,10525.0,2347968,0.0,0.0
2016-08-23 00:00:00+09:00,11100.0,11275.0,10050.0,10425.0,2854510,0.0,0.0
2016-08-24 00:00:00+09:00,10750.0,10775.0,10150.0,10725.0,1115904,0.0,0.0
2016-08-25 00:00:00+09:00,10800.0,10800.0,10275.0,10275.0,518964,0.0,0.0
2016-08-26 00:00:00+09:00,9950.0,10125.0,9475.0,9725.0,570884,0.0,0.0
2016-08-29 00:00:00+09:00,9575.0,9700.0,8950.0,9000.0,324788,0.0,0.0
2016-08-30 00:00:00+09:00,9050.0,9475.0,8975.0,9325.0,374206,0.0,0.0
2016-08-31 00:00:00+09:00,9225.0,9400.0,9050.0,9350.0,171744,0.0,0.0
2016-09-01 00:00:00+09:00,9275.0,9575.0,9200.0,9475.0,195250,0.0,0.0
2016-09-02 00:00:00+09:00,9525.0,9575.0,9225.0,9475.0,156038,0.0,0.0
2016-09-05 00:00:00+09:00,9250.0,9500.0,9250.0,9450.0,79624,0.0,0.0
2016-09-06 00:00:00+09:00,9550.0,9550.0,9200.0,9250.0,75500,0.0,0.0
2016-09-07 00:00:00+09:00,9400.0,9425.0,9100.0,9100.0,85018,0.0,0.0
2016-09-08 00:00:00+09:00,9050.0,9200.0,8350.0,8650.0,182292,0.0,0.0
2016-09-09 00:00:00+09:00,8750.0,8750.0,8425.0,8550.0,90388,0.0,0.0
2016-09-12 00:00:00+09:00,8425.0,8600.0,8325.0,8400.0,41758,0.0,0.0
2016-09-13 00:00:00+09:00,8475.0,8700.0,8475.0,8525.0,33620,0.0,0.0
2016-09-19 00:00:00+09:00,8575.0,8725.0,8525.0,8575.0,30380,0.0,0.0
2016-09-20 00:00:00+09:00,8650.0,8650.0,8475.0,8625.0,38634,0.0,0.0
2016-09-21 00:00:00+09:00,8725.0,8775.0,8575.0,8650.0,43146,0.0,0.0
2016-09-22 00:00:00+09:00,8750.0,9125.0,8675.0,9125.0,147182,0.0,0.0
2016-09-23 00:00:00+09:00,9125.0,9125.0,8750.0,8900.0,89458,0.0,0.0
2016-09-26 00:00:00+09:00,8975.0,9075.0,8800.0,8800.0,41118,0.0,0.0
2016-09-27 00:00:00+09:00,8700.0,8850.0,8650.0,8725.0,48402,0.0,0.0
2016-09-28 00:00:00+09:00,8750.0,8925.0,8675.0,8775.0,38484,0.0,0.0
2016-09-29 00:00:00+09:00,8775.0,8900.0,8725.0,8850.0,51622,0.0,0.0
2016-09-30 00:00:00+09:00,8850.0,8900.0,8475.0,8475.0,65882,0.0,0.0
2016-10-04 00:00:00+09:00,8475.0,8625.0,8475.0,8525.0,24220,0.0,0.0
2016-10-05 00:00:00+09:00,8400.0,8550.0,8400.0,8450.0,24132,0.0,0.0
2016-10-06 00:00:00+09:00,8500.0,8550.0,8450.0,8500.0,14996,0.0,0.0
2016-10-07 00:00:00+09:00,8525.0,8575.0,8325.0,8325.0,53976,0.0,0.0
2016-10-10 00:00:00+09:00,8250.0,8375.0,8200.0,8200.0,33688,0.0,0.0
2016-10-11 00:00:00+09:00,8200.0,8350.0,8200.0,8350.0,20740,0.0,0.0
2016-10-12 00:00:00+09:00,8200.0,8425.0,8175.0,8300.0,15406,0.0,0.0
2016-10-13 00:00:00+09:00,8225.0,8300.0,8075.0,8075.0,35732,0.0,0.0
2016-10-14 00:00:00+09:00,8025.0,8150.0,7900.0,7900.0,69860,0.0,0.0
2016-10-17 00:00:00+09:00,7900.0,7900.0,7725.0,7725.0,42370,0.0,0.0
2016-10-18 00:00:00+09:00,7650.0,7850.0,7650.0,7750.0,25914,0.0,0.0
2016-10-19 00:00:00+09:00,7850.0,7850.0,7650.0,7700.0,27304,0.0,0.0
2016-10-20 00:00:00+09:00,7650.0,7750.0,7625.0,7725.0,13944,0.0,0.0
2016-10-21 00:00:00+09:00,7625.0,7725.0,7575.0,7600.0,33856,0.0,0.0
2016-10-24 00:00:00+09:00,7600.0,7625.0,7450.0,7450.0,43488,0.0,0.0
2016-10-25 00:00:00+09:00,7575.0,7600.0,7450.0,7600.0,22348,0.0,0.0
2016-10-26 00:00:00+09:00,7625.0,7900.0,7450.0,7900.0,32198,0.0,0.0
2016-10-27 00:00:00+09:00,7750.0,8225.0,7750.0,8150.0,61802,0.0,0.0
2016-10-28 00:00:00+09:00,8200.0,8200.0,7875.0,8150.0,44716,0.0,0.0
2016-10-31 00:00:00+09:00,8150.0,8200.0,7750.0,7750.0,24800,0.0,0.0
2016-11-01 00:00:00+09:00,7750.0,7975.0,7550.0,7850.0,16142,0.0,0.0
2016-11-02 00:00:00+09:00,7675.0,7800.0,7325.0,7325.0,36756,0.0,0.0
2016-11-03 00:00:00+09:00,7325.0,7575.0,7025.0,7075.0,44574,0.0,0.0
2016-11-04 00:00:00+09:00,7050.0,7125.0,6775.0,7075.0,24620,0.0,0.0
2016-11-07 00:00:00+09:00,7100.0,7225.0,7100.0,7125.0,14012,0.0,0.0
2016-11-08 00:00:00+09:00,7175.0,7225.0,7100.0,7225.0,16918,0.0,0.0
2016-11-09 00:00:00+09:00,7200.0,7375.0,6650.0,7000.0,64318,0.0,0.0
2016-11-10 00:00:00+09:00,7025.0,7525.0,7025.0,7325.0,42388,0.0,0.0
2016-11-11 00:00:00+09:00,7300.0,7325.0,7100.0,7125.0,20752,0.0,0.0
2016-11-14 00:00:00+09:00,7250.0,7250.0,7050.0,7125.0,14212,0.0,0.0
2016-11-15 00:00:00+09:00,7025.0,7875.0,7025.0,7475.0,68256,0.0,0.0
2016-11-16 00:00:00+09:00,7400.0,7675.0,7400.0,7500.0,30116,0.0,0.0
2016-11-17 00:00:00+09:00,7600.0,7600.0,7375.0,7450.0,8302,0.0,0.0
2016-11-18 00:00:00+09:00,7450.0,7700.0,7350.0,7350.0,42566,0.0,0.0
2016-11-21 00:00:00+09:00,7325.0,7450.0,7075.0,7125.0,11518,0.0,0.0
2016-11-22 00:00:00+09:00,7175.0,7225.0,7025.0,7125.0,12958,0.0,0.0
2016-11-23 00:00:00+09:00,7100.0,7175.0,6950.0,6975.0,24638,0.0,0.0
2016-11-24 00:00:00+09:00,6900.0,7000.0,6750.0,6750.0,32074,0.0,0.0
2016-11-25 00:00:00+09:00,6900.0,6900.0,6700.0,6875.0,13394,0.0,0.0
2016-11-28 00:00:00+09:00,6875.0,6900.0,6675.0,6750.0,18348,0.0,0.0
2016-11-29 00:00:00+09:00,6650.0,6900.0,6575.0,6625.0,26520,0.0,0.0
2016-11-30 00:00:00+09:00,6675.0,6725.0,6575.0,6675.0,6292,0.0,0.0
2016-12-01 00:00:00+09:00,6725.0,6725.0,6475.0,6550.0,28262,0.0,0.0
2016-12-02 00:00:00+09:00,6625.0,6700.0,6525.0,6525.0,12552,0.0,0.0
2016-12-05 00:00:00+09:00,6425.0,6550.0,6325.0,6375.0,15196,0.0,0.0
2016-12-06 00:00:00+09:00,6300.0,6575.0,6275.0,6425.0,16402,0.0,0.0
2016-12-07 00:00:00+09:00,6375.0,6500.0,6250.0,6275.0,20424,0.0,0.0
2016-12-08 00:00:00+09:00,6350.0,6450.0,6275.0,6350.0,18812,0.0,0.0
2016-12-09 00:00:00+09:00,6425.0,6425.0,6250.0,6325.0,34128,0.0,0.0
2016-12-12 00:00:00+09:00,6300.0,6425.0,6250.0,6375.0,35496,0.0,0.0
2016-12-13 00:00:00+09:00,6400.0,6650.0,6350.0,6600.0,48070,0.0,0.0
2016-12-14 00:00:00+09:00,6650.0,6725.0,6550.0,6650.0,23410,0.0,0.0
2016-12-15 00:00:00+09:00,6650.0,6825.0,6500.0,6750.0,49308,0.0,0.0
2016-12-16 00:00:00+09:00,6750.0,6900.0,6650.0,6825.0,34494,0.0,0.0
2016-12-19 00:00:00+09:00,6800.0,8025.0,6800.0,7275.0,519004,0.0,0.0
2016-12-20 00:00:00+09:00,7300.0,7300.0,7050.0,7075.0,62146,0.0,0.0
2016-12-21 00:00:00+09:00,7175.0,7300.0,7050.0,7050.0,49190,0.0,0.0
2016-12-22 00:00:00+09:00,7050.0,7150.0,6850.0,6850.0,35662,0.0,0.0
2016-12-23 00:00:00+09:00,6850.0,7100.0,6850.0,7025.0,33630,0.0,0.0
2016-12-26 00:00:00+09:00,7050.0,7100.0,6875.0,6950.0,22532,0.0,0.0
2016-12-27 00:00:00+09:00,7000.0,7050.0,6900.0,6975.0,32168,0.0,0.0
2016-12-28 00:00:00+09:00,6950.0,7000.0,6800.0,7000.0,19444,0.0,0.0
2016-12-29 00:00:00+09:00,6950.0,7000.0,6900.0,6925.0,9684,0.0,0.0
2017-01-02 00:00:00+09:00,6925.0,6975.0,6725.0,6925.0,21600,0.0,0.0
2017-01-03 00:00:00+09:00,6925.0,7100.0,6800.0,7000.0,36386,0.0,0.0
2017-01-04 00:00:00+09:00,6925.0,7050.0,6900.0,7000.0,26820,0.0,0.0
2017-01-05 00:00:00+09:00,7025.0,7500.0,6975.0,7400.0,123252,0.0,0.0
2017-01-06 00:00:00+09:00,7400.0,7450.0,7125.0,7375.0,67312,0.0,0.0
2017-01-09 00:00:00+09:00,7400.0,7400.0,7125.0,7125.0,46094,0.0,0.0
2017-01-10 00:00:00+09:00,7150.0,7250.0,7100.0,7175.0,17368,0.0,0.0
2017-01-11 00:00:00+09:00,7225.0,7225.0,7025.0,7050.0,27164,0.0,0.0
2017-01-12 00:00:00+09:00,7125.0,7125.0,6975.0,6975.0,13656,0.0,0.0
2017-01-13 00:00:00+09:00,6975.0,7050.0,6900.0,6925.0,18330,0.0,0.0
2017-01-16 00:00:00+09:00,6925.0,7025.0,6800.0,6900.0,17592,0.0,0.0
2017-01-17 00:00:00+09:00,6875.0,7300.0,6875.0,7175.0,44570,0.0,0.0
2017-01-18 00:00:00+09:00,7200.0,7275.0,7050.0,7150.0,34882,0.0,0.0
2017-01-19 00:00:00+09:00,7200.0,7300.0,6975.0,7025.0,30458,0.0,0.0
2017-01-20 00:00:00+09:00,7075.0,7075.0,6900.0,7000.0,14432,0.0,0.0
2017-01-23 00:00:00+09:00,6950.0,7025.0,6850.0,6875.0,16206,0.0,0.0
2017-01-24 00:00:00+09:00,6825.0,6875.0,6675.0,6725.0,19294,0.0,0.0
2017-01-25 00:00:00+09:00,6675.0,6875.0,6650.0,6700.0,10296,0.0,0.0
2017-01-26 00:00:00+09:00,6675.0,6750.0,6600.0,6625.0,22012,0.0,0.0
2017-01-31 00:00:00+09:00,6700.0,6700.0,6500.0,6500.0,14950,0.0,0.0
2017-02-01 00:00:00+09:00,6475.0,6750.0,6450.0,6675.0,17670,0.0,0.0
2017-02-02 00:00:00+09:00,6575.0,6700.0,6575.0,6675.0,12722,0.0,0.0
2017-02-03 00:00:00+09:00,6675.0,6800.0,6575.0,6750.0,21602,0.0,0.0
2017-02-06 00:00:00+09:00,6750.0,6775.0,6650.0,6650.0,15498,0.0,0.0
2017-02-07 00:00:00+09:00,6650.0,6800.0,6650.0,6700.0,9950,0.0,0.0
2017-02-08 00:00:00+09:00,6700.0,6750.0,6625.0,6650.0,14878,0.0,0.0
2017-02-09 00:00:00+09:00,6600.0,6700.0,6550.0,6550.0,18676,0.0,0.0
2017-02-10 00:00:00+09:00,6650.0,6675.0,6525.0,6550.0,6324,0.0,0.0
2017-02-13 00:00:00+09:00,6600.0,6925.0,6600.0,6775.0,33074,0.0,0.0
2017-02-14 00:00:00+09:00,6800.0,6825.0,6625.0,6650.0,30922,0.0,0.0
2017-02-15 00:00:00+09:00,6650.0,6850.0,6625.0,6750.0,28782,0.0,0.0
2017-02-16 00:00:00+09:00,6800.0,6800.0,6625.0,6675.0,12516,0.0,0.0
2017-02-17 00:00:00+09:00,6675.0,6700.0,6500.0,6575.0,40154,0.0,0.0
2017-02-20 00:00:00+09:00,6550.0,6650.0,6550.0,6625.0,10512,0.0,0.0
2017-02-21 00:00:00+09:00,6650.0,6675.0,6500.0,6550.0,20030,0.0,0.0
2017-02-22 00:00:00+09:00,6550.0,6625.0,6475.0,6600.0,15626,0.0,0.0
2017-02-23 00:00:00+09:00,6525.0,6675.0,6525.0,6550.0,16578,0.0,0.0
2017-02-24 00:00:00+09:00,6600.0,6625.0,6525.0,6550.0,7868,0.0,0.0
2017-02-27 00:00:00+09:00,6525.0,6775.0,6525.0,6675.0,40004,0.0,0.0
2017-02-28 00:00:00+09:00,6625.0,6700.0,6500.0,6700.0,18560,0.0,0.0
2017-03-02 00:00:00+09:00,6725.0,6725.0,6550.0,6575.0,16834,0.0,0.0
2017-03-03 00:00:00+09:00,6575.0,6650.0,6450.0,6525.0,31944,0.0,0.0
2017-03-06 00:00:00+09:00,6500.0,6550.0,6375.0,6375.0,29920,0.0,0.0
2017-03-07 00:00:00+09:00,6375.0,6475.0,6275.0,6375.0,22770,0.0,0.0
2017-03-08 00:00:00+09:00,6375.0,6375.0,6275.0,6300.0,19930,0.0,0.0
2017-03-09 00:00:00+09:00,6300.0,6450.0,6300.0,6350.0,17260,0.0,0.0
2017-03-10 00:00:00+09:00,6425.0,6425.0,6175.0,6350.0,26274,0.0,0.0
2017-03-13 00:00:00+09:00,6350.0,6450.0,6275.0,6400.0,12990,0.0,0.0
2017-03-14 00:00:00+09:00,6325.0,6425.0,6275.0,6275.0,17412,0.0,0.0
2017-03-15 00:00:00+09:00,6400.0,6400.0,6200.0,6200.0,25362,0.0,0.0
2017-03-16 00:00:00+09:00,6200.0,6350.0,6075.0,6125.0,29436,0.0,0.0
2017-03-17 00:00:00+09:00,6125.0,6275.0,6100.0,6225.0,11820,0.0,0.0
2017-03-20 00:00:00+09:00,6250.0,6250.0,6100.0,6175.0,8930,0.0,0.0
2017-03-21 00:00:00+09:00,6225.0,6225.0,6075.0,6125.0,13204,0.0,0.0
2017-03-22 00:00:00+09:00,6150.0,6150.0,6025.0,6075.0,16956,0.0,0.0
2017-03-23 00:00:00+09:00,6175.0,6175.0,5975.0,6025.0,19156,0.0,0.0
2017-03-24 00:00:00+09:00,5975.0,6075.0,5975.0,6050.0,10252,0.0,0.0
2017-03-27 00:00:00+09:00,6100.0,6125.0,5975.0,6075.0,15598,0.0,0.0
2017-03-28 00:00:00+09:00,6075.0,6125.0,6000.0,6075.0,13184,0.0,0.0
2017-03-29 00:00:00+09:00,6125.0,6125.0,5975.0,6075.0,9834,0.0,0.0
2017-03-30 00:00:00+09:00,6100.0,6100.0,6000.0,6025.0,9624,0.0,0.0
2017-03-31 00:00:00+09:00,6100.0,6100.0,6000.0,6075.0,15458,0.0,0.0
2017-04-03 00:00:00+09:00,6100.0,6150.0,6050.0,6150.0,18740,0.0,0.0
2017-04-04 00:00:00+09:00,6150.0,6425.0,6075.0,6325.0,56840,0.0,0.0
2017-04-05 00:00:00+09:00,6400.0,6425.0,6250.0,6350.0,21828,0.0,0.0
2017-04-06 00:00:00+09:00,6350.0,6400.0,6225.0,6375.0,18492,0.0,0.0
2017-04-07 00:00:00+09:00,6375.0,6425.0,6250.0,6325.0,32414,0.0,0.0
2017-04-10 00:00:00+09:00,6250.0,6300.0,6050.0,6100.0,38640,0.0,0.0
2017-04-11 00:00:00+09:00,6125.0,6125.0,6000.0,6125.0,20174,0.0,0.0
2017-04-12 00:00:00+09:00,6025.0,6125.0,6000.0,6075.0,25490,0.0,0.0
2017-04-13 00:00:00+09:00,6025.0,6175.0,6000.0,6150.0,20472,0.0,0.0
2017-04-14 00:00:00+09:00,6175.0,6275.0,6125.0,6275.0,26060,0.0,0.0
2017-04-17 00:00:00+09:00,6275.0,6325.0,6225.0,6300.0,9306,0.0,0.0
2017-04-18 00:00:00+09:00,6225.0,6300.0,6100.0,6250.0,30484,0.0,0.0
2017-04-19 00:00:00+09:00,6275.0,6300.0,6200.0,6300.0,17328,0.0,0.0
2017-04-20 00:00:00+09:00,6300.0,7200.0,6300.0,6625.0,412138,0.0,0.0
2017-04-21 00:00:00+09:00,6625.0,6650.0,6500.0,6525.0,26536,0.0,0.0
2017-04-24 00:00:00+09:00,6575.0,6575.0,6300.0,6300.0,32950,0.0,0.0
2017-04-25 00:00:00+09:00,6375.0,6475.0,6275.0,6450.0,20318,0.0,0.0
2017-04-26 00:00:00+09:00,6500.0,6500.0,6325.0,6350.0,20988,0.0,0.0
2017-04-27 00:00:00+09:00,6350.0,6400.0,6275.0,6400.0,10274,0.0,0.0
2017-04-28 00:00:00+09:00,6300.0,6475.0,6150.0,6250.0,24868,0.0,0.0
2017-05-02 00:00:00+09:00,6225.0,6250.0,6150.0,6200.0,16004,0.0,0.0
2017-05-04 00:00:00+09:00,6150.0,6250.0,6150.0,6200.0,12994,0.0,0.0
2017-05-08 00:00:00+09:00,6200.0,6250.0,6150.0,6250.0,30200,0.0,0.0
2017-05-10 00:00:00+09:00,6275.0,6300.0,6200.0,6300.0,18230,0.0,0.0
2017-05-11 00:00:00+09:00,6325.0,6425.0,6225.0,6400.0,29726,0.0,0.0
2017-05-12 00:00:00+09:00,6425.0,6425.0,6225.0,6300.0,14186,0.0,0.0
2017-05-15 00:00:00+09:00,6300.0,6300.0,6150.0,6225.0,28534,0.0,0.0
2017-05-16 00:00:00+09:00,6250.0,6250.0,6100.0,6125.0,32590,0.0,0.0
2017-05-17 00:00:00+09:00,6200.0,6225.0,6125.0,6125.0,17556,0.0,0.0
2017-05-18 00:00:00+09:00,6050.0,6150.0,6050.0,6100.0,28120,0.0,0.0
2017-05-19 00:00:00+09:00,6150.0,6250.0,6075.0,6175.0,21846,0.0,0.0
2017-05-22 00:00:00+09:00,6225.0,6250.0,6150.0,6200.0,12884,0.0,0.0
2017-05-23 00:00:00+09:00,6175.0,6200.0,6125.0,6200.0,23794,0.0,0.0
2017-05-24 00:00:00+09:00,6200.0,6275.0,6150.0,6200.0,12436,0.0,0.0
2017-05-25 00:00:00+09:00,6200.0,6225.0,6150.0,6225.0,18652,0.0,0.0
2017-05-26 00:00:00+09:00,6250.0,6250.0,6150.0,6200.0,26932,0.0,0.0
2017-05-29 00:00:00+09:00,6200.0,6225.0,6125.0,6150.0,24420,0.0,0.0
2017-05-30 00:00:00+09:00,6150.0,6250.0,6125.0,6250.0,18608,0.0,0.0
2017-05-31 00:00:00+09:00,6250.0,6275.0,6175.0,6250.0,12276,0.0,0.0
2017-06-01 00:00:00+09:00,6250.0,6350.0,6250.0,6300.0,28548,0.0,0.0
2017-06-02 00:00:00+09:00,6300.0,6400.0,6250.0,6375.0,38720,0.0,0.0
2017-06-05 00:00:00+09:00,6375.0,6625.0,6350.0,6600.0,84374,0.0,0.0
2017-06-07 00:00:00+09:00,6575.0,6675.0,6500.0,6600.0,38420,0.0,0.0
2017-06-08 00:00:00+09:00,6600.0,6600.0,6350.0,6400.0,57570,0.0,0.0
2017-06-09 00:00:00+09:00,6425.0,6525.0,6325.0,6425.0,30600,0.0,0.0
2017-06-12 00:00:00+09:00,6400.0,6450.0,6350.0,6375.0,11242,0.0,0.0
2017-06-13 00:00:00+09:00,6350.0,6475.0,6300.0,6325.0,19924,0.0,0.0
2017-06-14 00:00:00+09:00,6325.0,6400.0,6325.0,6375.0,14592,0.0,0.0
2017-06-15 00:00:00+09:00,6425.0,6450.0,6350.0,6400.0,21926,0.0,0.0
2017-06-16 00:00:00+09:00,6400.0,6450.0,6325.0,6425.0,14104,0.0,0.0
2017-06-19 00:00:00+09:00,6350.0,6700.0,6350.0,6575.0,74178,0.0,0.0
2017-06-20 00:00:00+09:00,6650.0,6650.0,6450.0,6525.0,49062,0.0,0.0
2017-06-21 00:00:00+09:00,6550.0,8425.0,6525.0,7700.0,5308106,0.0,0.0
2017-06-22 00:00:00+09:00,7575.0,7800.0,7400.0,7675.0,882194,0.0,0.0
2017-06-23 00:00:00+09:00,7650.0,7850.0,7500.0,7550.0,532416,0.0,0.0
2017-06-26 00:00:00+09:00,7575.0,7850.0,7450.0,7825.0,534122,0.0,0.0
2017-06-27 00:00:00+09:00,7900.0,8125.0,7325.0,7325.0,551454,0.0,0.0
2017-06-28 00:00:00+09:00,7325.0,7725.0,7175.0,7725.0,484634,0.0,0.0
2017-06-29 00:00:00+09:00,7650.0,7775.0,7500.0,7550.0,200602,0.0,0.0
2017-06-30 00:00:00+09:00,7525.0,8150.0,7375.0,7850.0,650674,0.0,0.0
2017-07-03 00:00:00+09:00,7850.0,8300.0,7700.0,7925.0,431896,0.0,0.0
2017-07-04 00:00:00+09:00,7925.0,8125.0,7775.0,7850.0,332342,0.0,0.0
2017-07-05 00:00:00+09:00,7875.0,8225.0,7875.0,8075.0,309642,0.0,0.0
2017-07-06 00:00:00+09:00,8200.0,8375.0,8025.0,8225.0,286538,0.0,0.0
2017-07-07 00:00:00+09:00,8175.0,8300.0,7875.0,7900.0,114838,0.0,0.0
2017-07-10 00:00:00+09:00,7950.0,7950.0,7550.0,7600.0,117538,0.0,0.0
2017-07-11 00:00:00+09:00,7675.0,8600.0,7575.0,7975.0,632226,0.0,0.0
2017-07-12 00:00:00+09:00,7975.0,8425.0,7975.0,8100.0,318672,0.0,0.0
2017-07-13 00:00:00+09:00,8100.0,8550.0,8100.0,8475.0,287368,0.0,0.0
2017-07-14 00:00:00+09:00,8575.0,8675.0,8300.0,8350.0,111042,0.0,0.0
2017-07-17 00:00:00+09:00,8575.0,8600.0,8350.0,8350.0,81246,0.0,0.0
2017-07-18 00:00:00+09:00,8350.0,8400.0,8025.0,8075.0,65972,0.0,0.0
2017-07-19 00:00:00+09:00,8125.0,8275.0,8050.0,8150.0,56800,0.0,0.0
2017-07-20 00:00:00+09:00,8150.0,8175.0,7975.0,8150.0,56370,0.0,0.0
2017-07-21 00:00:00+09:00,8200.0,8200.0,7900.0,8075.0,62796,0.0,0.0
2017-07-24 00:00:00+09:00,8025.0,8500.0,7975.0,8425.0,126404,0.0,0.0
2017-07-25 00:00:00+09:00,8425.0,8725.0,8350.0,8500.0,107340,0.0,0.0
2017-07-26 00:00:00+09:00,8500.0,8575.0,8375.0,8425.0,63464,0.0,0.0
2017-07-27 00:00:00+09:00,8375.0,8550.0,8250.0,8300.0,51430,0.0,0.0
2017-07-28 00:00:00+09:00,8350.0,8350.0,7850.0,7875.0,109480,0.0,0.0
2017-07-31 00:00:00+09:00,7875.0,8050.0,7600.0,7675.0,51916,0.0,0.0
2017-08-01 00:00:00+09:00,7575.0,7975.0,7575.0,7850.0,27870,0.0,0.0
2017-08-02 00:00:00+09:00,7775.0,7975.0,7775.0,7900.0,21074,0.0,0.0
2017-08-03 00:00:00+09:00,8000.0,8000.0,7600.0,7850.0,40690,0.0,0.0
2017-08-04 00:00:00+09:00,7850.0,7900.0,7600.0,7700.0,35500,0.0,0.0
2017-08-07 00:00:00+09:00,7650.0,7900.0,7625.0,7900.0,26162,0.0,0.0
2017-08-08 00:00:00+09:00,7925.0,8050.0,7875.0,7950.0,21576,0.0,0.0
2017-08-09 00:00:00+09:00,7950.0,8075.0,7700.0,7800.0,48376,0.0,0.0
2017-08-10 00:00:00+09:00,7800.0,7850.0,7575.0,7600.0,35308,0.0,0.0
2017-08-11 00:00:00+09:00,7550.0,7600.0,7250.0,7450.0,44544,0.0,0.0
2017-08-14 00:00:00+09:00,7375.0,7600.0,7350.0,7400.0,19248,0.0,0.0
2017-08-16 00:00:00+09:00,7550.0,7600.0,7400.0,7525.0,14016,0.0,0.0
2017-08-17 00:00:00+09:00,7400.0,7500.0,7350.0,7450.0,22536,0.0,0.0
2017-08-18 00:00:00+09:00,7450.0,7650.0,7375.0,7625.0,23210,0.0,0.0
2017-08-21 00:00:00+09:00,7600.0,7625.0,7450.0,7575.0,19104,0.0,0.0
2017-08-22 00:00:00+09:00,7475.0,7700.0,7450.0,7625.0,16686,0.0,0.0
2017-08-23 00:00:00+09:00,7625.0,7675.0,7500.0,7550.0,22574,0.0,0.0
2017-08-24 00:00:00+09:00,7550.0,7700.0,7525.0,7600.0,28434,0.0,0.0
2017-08-25 00:00:00+09:00,7600.0,7700.0,7550.0,7650.0,18528,0.0,0.0
2017-08-28 00:00:00+09:00,7650.0,7725.0,7525.0,7600.0,13682,0.0,0.0
2017-08-29 00:00:00+09:00,7500.0,7575.0,7425.0,7575.0,26666,0.0,0.0
2017-08-30 00:00:00+09:00,7575.0,7600.0,7400.0,7425.0,20376,0.0,0.0
2017-08-31 00:00:00+09:00,7425.0,7475.0,7225.0,7300.0,64188,0.0,0.0
2017-09-01 00:00:00+09:00,7300.0,7375.0,7300.0,7375.0,23122,0.0,0.0
2017-09-04 00:00:00+09:00,7075.0,7325.0,6900.0,7250.0,26062,0.0,0.0
2017-09-05 00:00:00+09:00,7250.0,7250.0,7100.0,7175.0,18550,0.0,0.0
2017-09-06 00:00:00+09:00,7100.0,7500.0,7100.0,7250.0,32374,0.0,0.0
2017-09-07 00:00:00+09:00,7300.0,7350.0,7000.0,7150.0,30502,0.0,0.0
2017-09-08 00:00:00+09:00,7175.0,7175.0,6950.0,7075.0,40216,0.0,0.0
2017-09-11 00:00:00+09:00,7025.0,7250.0,7025.0,7100.0,36904,0.0,0.0
2017-09-12 00:00:00+09:00,7250.0,7400.0,7150.0,7325.0,37352,0.0,0.0
2017-09-13 00:00:00+09:00,7400.0,7400.0,7200.0,7225.0,14582,0.0,0.0
2017-09-14 00:00:00+09:00,7350.0,7975.0,7250.0,7875.0,170262,0.0,0.0
2017-09-15 00:00:00+09:00,7825.0,7900.0,7650.0,7900.0,42142,0.0,0.0
2017-09-18 00:00:00+09:00,7875.0,7950.0,7700.0,7750.0,36484,0.0,0.0
2017-09-19 00:00:00+09:00,7900.0,7900.0,7650.0,7675.0,17662,0.0,0.0
2017-09-20 00:00:00+09:00,7800.0,7800.0,7525.0,7650.0,34910,0.0,0.0
2017-09-21 00:00:00+09:00,7650.0,7725.0,7400.0,7550.0,27984,0.0,0.0
2017-09-25 00:00:00+09:00,7350.0,7400.0,6925.0,6925.0,36638,0.0,0.0
2017-09-26 00:00:00+09:00,6950.0,6950.0,6450.0,6550.0,73974,0.0,0.0
2017-09-27 00:00:00+09:00,6525.0,6625.0,6475.0,6600.0,22712,0.0,0.0
2017-09-28 00:00:00+09:00,6525.0,6600.0,6375.0,6575.0,20876,0.0,0.0
2017-09-29 00:00:00+09:00,6600.0,6600.0,6350.0,6400.0,75330,0.0,0.0
2017-10-10 00:00:00+09:00,6400.0,6600.0,6300.0,6500.0,30440,0.0,0.0
2017-10-11 00:00:00+09:00,6425.0,6600.0,6425.0,6575.0,14290,0.0,0.0
2017-10-12 00:00:00+09:00,6525.0,6650.0,6475.0,6475.0,27210,0.0,0.0
2017-10-13 00:00:00+09:00,6500.0,6575.0,6375.0,6450.0,30662,0.0,0.0
2017-10-16 00:00:00+09:00,6375.0,6400.0,6300.0,6400.0,32914,0.0,0.0
2017-10-17 00:00:00+09:00,6400.0,6450.0,6325.0,6400.0,30286,0.0,0.0
2017-10-18 00:00:00+09:00,6475.0,6525.0,6400.0,6525.0,17534,0.0,0.0
2017-10-19 00:00:00+09:00,6500.0,6550.0,6400.0,6450.0,20844,0.0,0.0
2017-10-20 00:00:00+09:00,6550.0,6575.0,6400.0,6400.0,18180,0.0,0.0
2017-10-23 00:00:00+09:00,6425.0,6525.0,6400.0,6425.0,34736,0.0,0.0
2017-10-24 00:00:00+09:00,6450.0,6700.0,6425.0,6650.0,51456,0.0,0.0
2017-10-25 00:00:00+09:00,6650.0,6950.0,6650.0,6650.0,47962,0.0,0.0
2017-10-26 00:00:00+09:00,6650.0,6750.0,6500.0,6550.0,30206,0.0,0.0
2017-10-27 00:00:00+09:00,6550.0,6650.0,6325.0,6425.0,139200,0.0,0.0
2017-10-30 00:00:00+09:00,6475.0,6600.0,6350.0,6575.0,43484,0.0,0.0
2017-10-31 00:00:00+09:00,6500.0,6700.0,6500.0,6700.0,17794,0.0,0.0
2017-11-01 00:00:00+09:00,6800.0,6800.0,6675.0,6750.0,28558,0.0,0.0
2017-11-02 00:00:00+09:00,6750.0,6750.0,6575.0,6650.0,42954,0.0,0.0
2017-11-03 00:00:00+09:00,6725.0,6725.0,6525.0,6650.0,21374,0.0,0.0
2017-11-06 00:00:00+09:00,6650.0,6675.0,6550.0,6625.0,12656,0.0,0.0
2017-11-07 00:00:00+09:00,6575.0,6725.0,6575.0,6650.0,22942,0.0,0.0
2017-11-08 00:00:00+09:00,6625.0,6700.0,6575.0,6575.0,39410,0.0,0.0
2017-11-09 00:00:00+09:00,6550.0,6750.0,6525.0,6725.0,31548,0.0,0.0
2017-11-10 00:00:00+09:00,6725.0,6950.0,6675.0,6775.0,67120,0.0,0.0
2017-11-13 00:00:00+09:00,6725.0,6825.0,6700.0,6775.0,25360,0.0,0.0
2017-11-14 00:00:00+09:00,6700.0,6800.0,6550.0,6575.0,47438,0.0,0.0
2017-11-15 00:00:00+09:00,6600.0,6750.0,6575.0,6750.0,38764,0.0,0.0
2017-11-16 00:00:00+09:00,6800.0,6825.0,6650.0,6750.0,22100,0.0,0.0
2017-11-17 00:00:00+09:00,6675.0,7000.0,6600.0,6925.0,63316,0.0,0.0
2017-11-20 00:00:00+09:00,6925.0,7700.0,6875.0,7250.0,203656,0.0,0.0
2017-11-21 00:00:00+09:00,7250.0,7375.0,7125.0,7150.0,42622,0.0,0.0
2017-11-22 00:00:00+09:00,7250.0,7250.0,6925.0,7025.0,63224,0.0,0.0
2017-11-23 00:00:00+09:00,7000.0,7125.0,6950.0,7000.0,30590,0.0,0.0
2017-11-24 00:00:00+09:00,6950.0,7125.0,6950.0,7050.0,21318,0.0,0.0
2017-11-27 00:00:00+09:00,7125.0,7700.0,7075.0,7350.0,99804,0.0,0.0
2017-11-28 00:00:00+09:00,7475.0,7525.0,7175.0,7225.0,46356,0.0,0.0
2017-11-29 00:00:00+09:00,7225.0,7525.0,7200.0,7525.0,60254,0.0,0.0
2017-11-30 00:00:00+09:00,7525.0,7725.0,7400.0,7400.0,48964,0.0,0.0
2017-12-01 00:00:00+09:00,7425.0,7675.0,7375.0,7500.0,22960,0.0,0.0
2017-12-04 00:00:00+09:00,7650.0,7650.0,7250.0,7300.0,47350,0.0,0.0
2017-12-05 00:00:00+09:00,7250.0,7350.0,7075.0,7100.0,33000,0.0,0.0
2017-12-06 00:00:00+09:00,7150.0,7300.0,7100.0,7200.0,19786,0.0,0.0
2017-12-07 00:00:00+09:00,7150.0,7275.0,7025.0,7075.0,34420,0.0,0.0
2017-12-08 00:00:00+09:00,7175.0,7175.0,6875.0,6975.0,13820,0.0,0.0
2017-12-11 00:00:00+09:00,7025.0,7050.0,6900.0,7025.0,9124,0.0,0.0
2017-12-12 00:00:00+09:00,6925.0,7025.0,6875.0,7000.0,23800,0.0,0.0
2017-12-13 00:00:00+09:00,7075.0,7100.0,7000.0,7050.0,6852,0.0,0.0
2017-12-14 00:00:00+09:00,7050.0,7050.0,6950.0,7025.0,12346,0.0,0.0
2017-12-15 00:00:00+09:00,6950.0,7300.0,6950.0,7250.0,36134,0.0,0.0
2017-12-18 00:00:00+09:00,7250.0,7325.0,7175.0,7250.0,16394,0.0,0.0
2017-12-19 00:00:00+09:00,7150.0,7350.0,7025.0,7225.0,31674,0.0,0.0
2017-12-21 00:00:00+09:00,6675.0,6825.0,6375.0,6375.0,36228,0.0,0.0
2017-12-22 00:00:00+09:00,6375.0,6775.0,6250.0,6750.0,36628,0.0,0.0
2017-12-26 00:00:00+09:00,6750.0,6825.0,6500.0,6700.0,58954,0.0,0.0
2017-12-27 00:00:00+09:00,6575.0,6700.0,6525.0,6600.0,23548,0.0,0.0
2017-12-28 00:00:00+09:00,6625.0,6675.0,6500.0,6550.0,30484,0.0,0.0
2018-01-02 00:00:00+09:00,6575.0,6725.0,6525.0,6600.0,43072,0.0,0.0
2018-01-03 00:00:00+09:00,6600.0,6725.0,6550.0,6600.0,26222,0.0,0.0
2018-01-04 00:00:00+09:00,6550.0,6650.0,6525.0,6550.0,29646,0.0,0.0
2018-01-05 00:00:00+09:00,6525.0,6600.0,6525.0,6525.0,23376,0.0,0.0
2018-01-08 00:00:00+09:00,6550.0,6750.0,6425.0,6750.0,64038,0.0,0.0
2018-01-09 00:00:00+09:00,6775.0,6875.0,6550.0,6700.0,37056,0.0,0.0
2018-01-10 00:00:00+09:00,6650.0,6775.0,6575.0,6625.0,11734,0.0,0.0
2018-01-11 00:00:00+09:00,6625.0,6875.0,6525.0,6875.0,49920,0.0,0.0
2018-01-12 00:00:00+09:00,6975.0,7050.0,6725.0,6900.0,48042,0.0,0.0
2018-01-15 00:00:00+09:00,6825.0,6975.0,6700.0,6800.0,24338,0.0,0.0
2018-01-16 00:00:00+09:00,6800.0,6975.0,6675.0,6925.0,32980,0.0,0.0
2018-01-17 00:00:00+09:00,6850.0,6900.0,6725.0,6775.0,22448,0.0,0.0
2018-01-18 00:00:00+09:00,6800.0,6800.0,6700.0,6725.0,21142,0.0,0.0
2018-01-19 00:00:00+09:00,6750.0,6850.0,6675.0,6750.0,25152,0.0,0.0
2018-01-22 00:00:00+09:00,6750.0,6925.0,6700.0,6925.0,39576,0.0,0.0
2018-01-23 00:00:00+09:00,6900.0,6975.0,6825.0,6950.0,47808,0.0,0.0
2018-01-24 00:00:00+09:00,6950.0,7050.0,6900.0,6975.0,22080,0.0,0.0
2018-01-25 00:00:00+09:00,7025.0,7025.0,6850.0,6900.0,18838,0.0,0.0
2018-01-26 00:00:00+09:00,6875.0,6950.0,6775.0,6850.0,44218,0.0,0.0
2018-01-29 00:00:00+09:00,6800.0,7225.0,6800.0,7225.0,128948,0.0,0.0
2018-01-30 00:00:00+09:00,7225.0,7525.0,7100.0,7275.0,150838,0.0,0.0
2018-01-31 00:00:00+09:00,7275.0,7275.0,6975.0,7100.0,48980,0.0,0.0
2018-02-01 00:00:00+09:00,7100.0,7300.0,7000.0,7250.0,34886,0.0,0.0
2018-02-02 00:00:00+09:00,7225.0,7375.0,7000.0,7000.0,38280,0.0,0.0
2018-02-05 00:00:00+09:00,6950.0,6950.0,6700.0,6700.0,62336,0.0,0.0
2018-02-06 00:00:00+09:00,6475.0,6575.0,6275.0,6575.0,52168,0.0,0.0
2018-02-07 00:00:00+09:00,6600.0,6625.0,6425.0,6425.0,32836,0.0,0.0
2018-02-08 00:00:00+09:00,6525.0,6550.0,6425.0,6550.0,15034,0.0,0.0
2018-02-09 00:00:00+09:00,6425.0,6450.0,6250.0,6300.0,45730,0.0,0.0
2018-02-12 00:00:00+09:00,6325.0,6350.0,6200.0,6225.0,28098,0.0,0.0
2018-02-13 00:00:00+09:00,6250.0,6425.0,6250.0,6300.0,14546,0.0,0.0
2018-02-14 00:00:00+09:00,6350.0,6375.0,6250.0,6275.0,9796,0.0,0.0
2018-02-19 00:00:00+09:00,6275.0,6425.0,6275.0,6300.0,17614,0.0,0.0
2018-02-20 00:00:00+09:00,6275.0,6350.0,6250.0,6275.0,43972,0.0,0.0
2018-02-21 00:00:00+09:00,6300.0,6375.0,6250.0,6350.0,10520,0.0,0.0
2018-02-22 00:00:00+09:00,6350.0,6350.0,6200.0,6275.0,19976,0.0,0.0
2018-02-23 00:00:00+09:00,6275.0,6325.0,6200.0,6275.0,23830,0.0,0.0
2018-02-26 00:00:00+09:00,6275.0,6300.0,6125.0,6200.0,21282,0.0,0.0
2018-02-27 00:00:00+09:00,6200.0,6300.0,6150.0,6200.0,7166,0.0,0.0
2018-02-28 00:00:00+09:00,6200.0,6200.0,5950.0,6000.0,46686,0.0,0.0
2018-03-02 00:00:00+09:00,6050.0,6075.0,5950.0,6050.0,4462,0.0,0.0
2018-03-05 00:00:00+09:00,6050.0,6050.0,5925.0,6025.0,11474,0.0,0.0
2018-03-06 00:00:00+09:00,6025.0,6125.0,6000.0,6050.0,13688,0.0,0.0
2018-03-07 00:00:00+09:00,6125.0,6125.0,5925.0,6050.0,10354,0.0,0.0
2018-03-08 00:00:00+09:00,5975.0,6050.0,5900.0,6000.0,13760,0.0,0.0
2018-03-09 00:00:00+09:00,6025.0,6125.0,5975.0,6050.0,18108,0.0,0.0
2018-03-12 00:00:00+09:00,6150.0,6150.0,6025.0,6075.0,6824,0.0,0.0
2018-03-13 00:00:00+09:00,6100.0,6100.0,5900.0,6000.0,41892,0.0,0.0
2018-03-14 00:00:00+09:00,6025.0,6025.0,5950.0,5950.0,7416,0.0,0.0
2018-03-15 00:00:00+09:00,6025.0,6125.0,5925.0,6075.0,29272,0.0,0.0
2018-03-16 00:00:00+09:00,6150.0,6175.0,6025.0,6150.0,25766,0.0,0.0
2018-03-19 00:00:00+09:00,6200.0,6200.0,6000.0,6125.0,25596,0.0,0.0
2018-03-20 00:00:00+09:00,6100.0,6175.0,6000.0,6150.0,16702,0.0,0.0
2018-03-21 00:00:00+09:00,6125.0,6200.0,6075.0,6100.0,14142,0.0,0.0
2018-03-22 00:00:00+09:00,6150.0,6150.0,6000.0,6075.0,22528,0.0,0.0
2018-03-23 00:00:00+09:00,5975.0,6050.0,5900.0,5950.0,30118,0.0,0.0
2018-03-26 00:00:00+09:00,5850.0,5950.0,5500.0,5625.0,79882,0.0,0.0
2018-03-27 00:00:00+09:00,5700.0,6150.0,5700.0,5875.0,23778,0.0,0.0
2018-03-28 00:00:00+09:00,6075.0,6075.0,5850.0,5875.0,14590,0.0,0.0
2018-03-29 00:00:00+09:00,5900.0,5950.0,5825.0,5875.0,21108,0.0,0.0
2018-03-30 00:00:00+09:00,5875.0,6250.0,5875.0,6175.0,30736,0.0,0.0
2018-04-02 00:00:00+09:00,6050.0,6250.0,6050.0,6200.0,17390,0.0,0.0
2018-04-03 00:00:00+09:00,6150.0,6250.0,6150.0,6250.0,20782,0.0,0.0
2018-04-04 00:00:00+09:00,6250.0,6250.0,6100.0,6225.0,26378,0.0,0.0
2018-04-05 00:00:00+09:00,6375.0,8075.0,6250.0,7550.0,801150,0.0,0.0
2018-04-06 00:00:00+09:00,7100.0,7325.0,6850.0,6925.0,630496,0.0,0.0
2018-04-09 00:00:00+09:00,7000.0,7000.0,6700.0,6800.0,155782,0.0,0.0
2018-04-10 00:00:00+09:00,6800.0,6925.0,6650.0,6700.0,113030,0.0,0.0
2018-04-11 00:00:00+09:00,6775.0,7500.0,6775.0,6850.0,684804,0.0,0.0
2018-04-12 00:00:00+09:00,6850.0,6975.0,6650.0,6950.0,105380,0.0,0.0
2018-04-13 00:00:00+09:00,7000.0,7000.0,6675.0,6900.0,106320,0.0,0.0
2018-04-16 00:00:00+09:00,6900.0,6950.0,6800.0,6825.0,76694,0.0,0.0
2018-04-17 00:00:00+09:00,6925.0,6950.0,6750.0,6825.0,74850,0.0,0.0
2018-04-18 00:00:00+09:00,6850.0,6925.0,6750.0,6900.0,49982,0.0,0.0
2018-04-19 00:00:00+09:00,6825.0,6925.0,6550.0,6800.0,55810,0.0,0.0
2018-04-20 00:00:00+09:00,6800.0,6800.0,6600.0,6625.0,34792,0.0,0.0
2018-04-23 00:00:00+09:00,6750.0,6750.0,6525.0,6700.0,50126,0.0,0.0
2018-04-24 00:00:00+09:00,6700.0,6750.0,6575.0,6675.0,16570,0.0,0.0
2018-04-25 00:00:00+09:00,6600.0,6675.0,6525.0,6650.0,21826,0.0,0.0
2018-04-26 00:00:00+09:00,6675.0,6675.0,6550.0,6675.0,22446,0.0,0.0
2018-04-27 00:00:00+09:00,6700.0,6700.0,6550.0,6550.0,32660,0.0,0.0
2018-04-30 00:00:00+09:00,6525.0,6625.0,6325.0,6400.0,34822,0.0,0.0
2018-05-02 00:00:00+09:00,6400.0,6525.0,6250.0,6400.0,25372,0.0,0.0
2018-05-03 00:00:00+09:00,6325.0,6625.0,6325.0,6550.0,17652,0.0,0.0
2018-05-04 00:00:00+09:00,6625.0,6625.0,6400.0,6475.0,21260,0.0,0.0
2018-05-08 00:00:00+09:00,6475.0,6500.0,6325.0,6400.0,21946,0.0,0.0
2018-05-09 00:00:00+09:00,6400.0,6425.0,6150.0,6200.0,35748,0.0,0.0
2018-05-10 00:00:00+09:00,6250.0,6250.0,6125.0,6250.0,25550,0.0,0.0
2018-05-11 00:00:00+09:00,6300.0,6325.0,6225.0,6325.0,13808,0.0,0.0
2018-05-14 00:00:00+09:00,6250.0,6450.0,6250.0,6375.0,10660,0.0,0.0
2018-05-15 00:00:00+09:00,6400.0,6425.0,6275.0,6275.0,7662,0.0,0.0
2018-05-16 00:00:00+09:00,6275.0,6400.0,6075.0,6325.0,33712,0.0,0.0
2018-05-17 00:00:00+09:00,6400.0,6425.0,6225.0,6325.0,9276,0.0,0.0
2018-05-18 00:00:00+09:00,6375.0,6400.0,6175.0,6225.0,17736,0.0,0.0
2018-05-21 00:00:00+09:00,6325.0,6375.0,6050.0,6125.0,16086,0.0,0.0
2018-05-23 00:00:00+09:00,6225.0,6225.0,6100.0,6175.0,26780,0.0,0.0
2018-05-24 00:00:00+09:00,6250.0,6300.0,6125.0,6300.0,25920,0.0,0.0
2018-05-25 00:00:00+09:00,6225.0,6300.0,6100.0,6175.0,25850,0.0,0.0
2018-05-28 00:00:00+09:00,6125.0,6200.0,6075.0,6200.0,19934,0.0,0.0
2018-05-29 00:00:00+09:00,6200.0,6200.0,6075.0,6150.0,13144,0.0,0.0
2018-05-30 00:00:00+09:00,6125.0,6150.0,5950.0,6050.0,14514,0.0,0.0
2018-05-31 00:00:00+09:00,6125.0,6150.0,5975.0,6150.0,15128,0.0,0.0
2018-06-01 00:00:00+09:00,6225.0,6500.0,6050.0,6275.0,65108,0.0,0.0
2018-06-04 00:00:00+09:00,6275.0,6425.0,6225.0,6400.0,17470,0.0,0.0
2018-06-05 00:00:00+09:00,6300.0,6400.0,6075.0,6275.0,20468,0.0,0.0
2018-06-07 00:00:00+09:00,6275.0,6375.0,6175.0,6275.0,5710,0.0,0.0
2018-06-08 00:00:00+09:00,6225.0,6325.0,6200.0,6275.0,7332,0.0,0.0
2018-06-11 00:00:00+09:00,6175.0,6275.0,6100.0,6175.0,7162,0.0,0.0
2018-06-12 00:00:00+09:00,6250.0,6250.0,6075.0,6150.0,7174,0.0,0.0
2018-06-14 00:00:00+09:00,6225.0,6275.0,6125.0,6250.0,15592,0.0,0.0
2018-06-15 00:00:00+09:00,6200.0,6300.0,6150.0,6250.0,13730,0.0,0.0
2018-06-18 00:00:00+09:00,6175.0,6250.0,6000.0,6150.0,23028,0.0,0.0
2018-06-19 00:00:00+09:00,6225.0,6250.0,5625.0,5850.0,20362,0.0,0.0
2018-06-20 00:00:00+09:00,5750.0,5875.0,5675.0,5875.0,16600,0.0,0.0
2018-06-21 00:00:00+09:00,5900.0,5900.0,5700.0,5775.0,12022,0.0,0.0
2018-06-22 00:00:00+09:00,5675.0,5750.0,5375.0,5625.0,48222,0.0,0.0
2018-06-25 00:00:00+09:00,5725.0,5725.0,5525.0,5600.0,6498,0.0,0.0
2018-06-26 00:00:00+09:00,5500.0,5575.0,5375.0,5550.0,17758,0.0,0.0
2018-06-27 00:00:00+09:00,5550.0,5675.0,5475.0,5650.0,11400,0.0,0.0
2018-06-28 00:00:00+09:00,5600.0,5650.0,5425.0,5425.0,14366,0.0,0.0
2018-06-29 00:00:00+09:00,5425.0,5550.0,5375.0,5400.0,8252,0.0,0.0
2018-07-02 00:00:00+09:00,5325.0,5500.0,5025.0,5250.0,17032,0.0,0.0
2018-07-03 00:00:00+09:00,5250.0,5475.0,5175.0,5325.0,11120,0.0,0.0
2018-07-04 00:00:00+09:00,5400.0,5400.0,5200.0,5325.0,7674,0.0,0.0
2018-07-05 00:00:00+09:00,5400.0,5450.0,5200.0,5275.0,11278,0.0,0.0
2018-07-06 00:00:00+09:00,5450.0,5450.0,5225.0,5450.0,4948,0.0,0.0
2018-07-09 00:00:00+09:00,5500.0,5500.0,5250.0,5350.0,4892,0.0,0.0
2018-07-10 00:00:00+09:00,5350.0,5475.0,5350.0,5450.0,3632,0.0,0.0
2018-07-11 00:00:00+09:00,5400.0,5475.0,5325.0,5450.0,8534,0.0,0.0
2018-07-12 00:00:00+09:00,5425.0,5525.0,5350.0,5500.0,3140,0.0,0.0
2018-07-13 00:00:00+09:00,5500.0,5700.0,5450.0,5675.0,22436,0.0,0.0
2018-07-16 00:00:00+09:00,5725.0,5725.0,5525.0,5625.0,4290,0.0,0.0
2018-07-17 00:00:00+09:00,5600.0,5700.0,5525.0,5600.0,5490,0.0,0.0
2018-07-18 00:00:00+09:00,5700.0,5700.0,5350.0,5500.0,8956,0.0,0.0
2018-07-19 00:00:00+09:00,5500.0,5625.0,5350.0,5425.0,5474,0.0,0.0
2018-07-20 00:00:00+09:00,5325.0,5725.0,5325.0,5375.0,4176,0.0,0.0
2018-07-23 00:00:00+09:00,5250.0,5375.0,5025.0,5100.0,13162,0.0,0.0
2018-07-24 00:00:00+09:00,5025.0,5200.0,4995.0,5075.0,16820,0.0,0.0
2018-07-25 00:00:00+09:00,5075.0,5075.0,4995.0,5075.0,8644,0.0,0.0
2018-07-26 00:00:00+09:00,5000.0,5175.0,5000.0,5175.0,16122,0.0,0.0
2018-07-27 00:00:00+09:00,5225.0,5225.0,5100.0,5200.0,2738,0.0,0.0
2018-07-30 00:00:00+09:00,5200.0,5275.0,5100.0,5125.0,7010,0.0,0.0
2018-07-31 00:00:00+09:00,5125.0,6600.0,5050.0,5375.0,699584,0.0,0.0
2018-08-01 00:00:00+09:00,5425.0,5475.0,5275.0,5325.0,63184,0.0,0.0
2018-08-02 00:00:00+09:00,5375.0,6375.0,5250.0,5850.0,1329214,0.0,0.0
2018-08-03 00:00:00+09:00,5775.0,5925.0,5650.0,5875.0,172560,0.0,0.0
2018-08-06 00:00:00+09:00,5875.0,5950.0,5700.0,5700.0,97982,0.0,0.0
2018-08-07 00:00:00+09:00,5675.0,5800.0,5600.0,5750.0,60430,0.0,0.0
2018-08-08 00:00:00+09:00,5775.0,5975.0,5675.0,5825.0,74028,0.0,0.0
2018-08-09 00:00:00+09:00,5875.0,5875.0,5650.0,5775.0,33400,0.0,0.0
2018-08-10 00:00:00+09:00,5775.0,5775.0,5600.0,5650.0,25822,0.0,0.0
2018-08-13 00:00:00+09:00,5550.0,5650.0,5450.0,5475.0,18748,0.0,0.0
2018-08-14 00:00:00+09:00,5450.0,5575.0,5400.0,5475.0,7602,0.0,0.0
2018-08-16 00:00:00+09:00,5400.0,5575.0,5250.0,5375.0,12920,0.0,0.0
2018-08-17 00:00:00+09:00,5375.0,5650.0,5275.0,5375.0,23970,0.0,0.0
2018-08-20 00:00:00+09:00,5350.0,5525.0,5325.0,5450.0,7286,0.0,0.0
2018-08-21 00:00:00+09:00,5475.0,5625.0,5450.0,5600.0,10632,0.0,0.0
2018-08-22 00:00:00+09:00,5650.0,5650.0,5500.0,5600.0,10196,0.0,0.0
2018-08-23 00:00:00+09:00,5600.0,5700.0,5500.0,5525.0,25060,0.0,0.0
2018-08-24 00:00:00+09:00,5550.0,5625.0,5500.0,5600.0,13472,0.0,0.0
2018-08-27 00:00:00+09:00,5650.0,5725.0,5500.0,5675.0,21424,0.0,0.0
2018-08-28 00:00:00+09:00,5750.0,5750.0,5525.0,5525.0,15404,0.0,0.0
2018-08-29 00:00:00+09:00,5525.0,5600.0,5500.0,5550.0,8250,0.0,0.0
2018-08-30 00:00:00+09:00,5550.0,5625.0,5550.0,5600.0,8708,0.0,0.0
2018-08-31 00:00:00+09:00,5675.0,5750.0,5550.0,5550.0,5178,0.0,0.0
2018-09-03 00:00:00+09:00,5650.0,5675.0,5500.0,5625.0,10580,0.0,0.0
2018-09-04 00:00:00+09:00,5675.0,5675.0,5525.0,5600.0,6670,0.0,0.0
2018-09-05 00:00:00+09:00,5600.0,5675.0,5550.0,5650.0,13306,0.0,0.0
2018-09-06 00:00:00+09:00,5650.0,5675.0,5500.0,5500.0,15974,0.0,0.0
2018-09-07 00:00:00+09:00,5500.0,5600.0,5500.0,5575.0,7260,0.0,0.0
2018-09-10 00:00:00+09:00,5600.0,5600.0,5400.0,5400.0,25004,0.0,0.0
2018-09-11 00:00:00+09:00,5450.0,5525.0,5400.0,5500.0,7016,0.0,0.0
2018-09-12 00:00:00+09:00,5550.0,5725.0,5450.0,5600.0,13092,0.0,0.0
2018-09-13 00:00:00+09:00,5850.0,5850.0,5600.0,5700.0,37320,0.0,0.0
2018-09-14 00:00:00+09:00,5750.0,5750.0,5525.0,5600.0,8714,0.0,0.0
2018-09-17 00:00:00+09:00,5725.0,5725.0,5500.0,5525.0,13408,0.0,0.0
2018-09-18 00:00:00+09:00,5600.0,5600.0,5500.0,5550.0,6090,0.0,0.0
2018-09-19 00:00:00+09:00,5550.0,5675.0,5525.0,5525.0,13470,0.0,0.0
2018-09-20 00:00:00+09:00,5600.0,5700.0,5525.0,5575.0,23110,0.0,0.0
2018-09-21 00:00:00+09:00,5675.0,5675.0,5525.0,5600.0,8200,0.0,0.0
2018-09-27 00:00:00+09:00,5550.0,5675.0,5550.0,5550.0,15674,0.0,0.0
2018-09-28 00:00:00+09:00,5650.0,5650.0,5500.0,5550.0,7332,0.0,0.0
2018-10-01 00:00:00+09:00,5575.0,5625.0,5525.0,5600.0,12140,0.0,0.0
2018-10-02 00:00:00+09:00,5700.0,5725.0,5525.0,5525.0,11870,0.0,0.0
2018-10-04 00:00:00+09:00,5575.0,5600.0,5225.0,5275.0,26262,0.0,0.0
2018-10-05 00:00:00+09:00,5200.0,5350.0,5075.0,5150.0,31184,0.0,0.0
2018-10-08 00:00:00+09:00,5075.0,5200.0,5000.0,5100.0,23104,0.0,0.0
2018-10-10 00:00:00+09:00,5050.0,5100.0,4875.0,4875.0,26510,0.0,0.0
2018-10-11 00:00:00+09:00,4710.0,4850.0,4500.0,4500.0,22198,0.0,0.0
2018-10-12 00:00:00+09:00,4390.0,4930.0,4390.0,4920.0,31594,0.0,0.0
2018-10-15 00:00:00+09:00,4920.0,5225.0,4920.0,5200.0,21530,0.0,0.0
2018-10-16 00:00:00+09:00,5200.0,5425.0,5100.0,5425.0,9748,0.0,0.0
2018-10-17 00:00:00+09:00,5450.0,5475.0,5200.0,5300.0,10956,0.0,0.0
2018-10-18 00:00:00+09:00,5275.0,5275.0,5125.0,5225.0,8668,0.0,0.0
2018-10-19 00:00:00+09:00,5075.0,5250.0,5050.0,5250.0,2512,0.0,0.0
2018-10-22 00:00:00+09:00,5300.0,6100.0,5225.0,5450.0,239858,0.0,0.0
2018-10-23 00:00:00+09:00,5450.0,5475.0,5150.0,5300.0,28860,0.0,0.0
2018-10-24 00:00:00+09:00,5175.0,5400.0,5000.0,5350.0,32174,0.0,0.0
2018-10-25 00:00:00+09:00,5075.0,5250.0,5075.0,5175.0,25198,0.0,0.0
2018-10-26 00:00:00+09:00,5175.0,5300.0,4970.0,5200.0,16914,0.0,0.0
2018-10-29 00:00:00+09:00,5025.0,5400.0,4850.0,4850.0,22894,0.0,0.0
2018-10-30 00:00:00+09:00,4445.0,4725.0,4425.0,4485.0,102174,0.0,0.0
2018-10-31 00:00:00+09:00,4505.0,4845.0,4440.0,4715.0,179752,0.0,0.0
2018-11-01 00:00:00+09:00,4705.0,4855.0,4525.0,4785.0,117452,0.0,0.0
2018-11-02 00:00:00+09:00,4785.0,5325.0,4730.0,4865.0,104570,0.0,0.0
2018-11-05 00:00:00+09:00,4910.0,5925.0,4835.0,5650.0,872798,0.0,0.0
2018-11-06 00:00:00+09:00,5700.0,6825.0,5625.0,6325.0,1996150,0.0,0.0
2018-11-07 00:00:00+09:00,6300.0,6500.0,6100.0,6350.0,557104,0.0,0.0
2018-11-08 00:00:00+09:00,6475.0,6550.0,6175.0,6225.0,298550,0.0,0.0
2018-11-09 00:00:00+09:00,6275.0,6550.0,5950.0,6100.0,206826,0.0,0.0
2018-11-12 00:00:00+09:00,6075.0,6075.0,5775.0,5950.0,147984,0.0,0.0
2018-11-13 00:00:00+09:00,5900.0,5950.0,5725.0,5775.0,91762,0.0,0.0
2018-11-14 00:00:00+09:00,5725.0,5900.0,5650.0,5725.0,93664,0.0,0.0
2018-11-15 00:00:00+09:00,5725.0,5975.0,5550.0,5600.0,94330,0.0,0.0
2018-11-16 00:00:00+09:00,5600.0,5825.0,5550.0,5750.0,83174,0.0,0.0
2018-11-19 00:00:00+09:00,5675.0,5925.0,5600.0,5925.0,100660,0.0,0.0
2018-11-20 00:00:00+09:00,5775.0,5875.0,5700.0,5875.0,42736,0.0,0.0
2018-11-21 00:00:00+09:00,5825.0,5900.0,5625.0,5675.0,48254,0.0,0.0
2018-11-22 00:00:00+09:00,5725.0,5975.0,5575.0,5825.0,79386,0.0,0.0
2018-11-23 00:00:00+09:00,5800.0,5925.0,5775.0,5850.0,58840,0.0,0.0
2018-11-26 00:00:00+09:00,5950.0,5950.0,5675.0,5750.0,53408,0.0,0.0
2018-11-27 00:00:00+09:00,5825.0,5825.0,5600.0,5700.0,71680,0.0,0.0
2018-11-28 00:00:00+09:00,5700.0,5775.0,5625.0,5775.0,19486,0.0,0.0
2018-11-29 00:00:00+09:00,5850.0,5850.0,5650.0,5775.0,28792,0.0,0.0
2018-11-30 00:00:00+09:00,5775.0,5775.0,5650.0,5700.0,58300,0.0,0.0
2018-12-03 00:00:00+09:00,5750.0,6025.0,5725.0,5875.0,173670,0.0,0.0
2018-12-04 00:00:00+09:00,5925.0,6500.0,5875.0,6225.0,470208,0.0,0.0
2018-12-05 00:00:00+09:00,6750.0,7750.0,6725.0,7050.0,2348644,0.0,0.0
2018-12-06 00:00:00+09:00,7225.0,7225.0,6475.0,6625.0,444358,0.0,0.0
2018-12-07 00:00:00+09:00,7075.0,7325.0,6675.0,6800.0,777332,0.0,0.0
2018-12-10 00:00:00+09:00,6600.0,6875.0,6575.0,6750.0,367840,0.0,0.0
2018-12-11 00:00:00+09:00,6650.0,6825.0,6250.0,6250.0,273404,0.0,0.0
2018-12-12 00:00:00+09:00,6400.0,6600.0,6200.0,6325.0,422244,0.0,0.0
2018-12-13 00:00:00+09:00,6400.0,6550.0,6325.0,6400.0,189252,0.0,0.0
2018-12-14 00:00:00+09:00,6400.0,6600.0,6325.0,6550.0,276004,0.0,0.0
2018-12-17 00:00:00+09:00,6550.0,6700.0,6400.0,6575.0,334808,0.0,0.0
2018-12-18 00:00:00+09:00,6450.0,6525.0,5900.0,6000.0,413236,0.0,0.0
2018-12-19 00:00:00+09:00,5925.0,6000.0,5700.0,5775.0,271318,0.0,0.0
2018-12-20 00:00:00+09:00,5750.0,5950.0,5600.0,5675.0,181422,0.0,0.0
2018-12-21 00:00:00+09:00,5625.0,5700.0,5525.0,5675.0,129664,0.0,0.0
2018-12-24 00:00:00+09:00,5600.0,5700.0,5500.0,5500.0,82856,0.0,0.0
2018-12-26 00:00:00+09:00,5400.0,5550.0,5075.0,5150.0,179344,0.0,0.0
2018-12-27 00:00:00+09:00,5250.0,5450.0,5225.0,5250.0,68574,0.0,0.0
2018-12-28 00:00:00+09:00,5250.0,5700.0,5250.0,5575.0,137846,0.0,0.0
2019-01-02 00:00:00+09:00,5575.0,5725.0,5475.0,5600.0,62880,0.0,0.0
2019-01-03 00:00:00+09:00,5600.0,5675.0,5400.0,5475.0,44276,0.0,0.0
2019-01-04 00:00:00+09:00,5400.0,5425.0,5150.0,5325.0,80378,0.0,0.0
2019-01-07 00:00:00+09:00,5425.0,5675.0,5350.0,5675.0,50996,0.0,0.0
2019-01-08 00:00:00+09:00,5650.0,5725.0,5500.0,5650.0,69120,0.0,0.0
2019-01-09 00:00:00+09:00,5650.0,5675.0,5475.0,5575.0,75552,0.0,0.0
2019-01-10 00:00:00+09:00,5600.0,5650.0,5375.0,5500.0,76726,0.0,0.0
2019-01-11 00:00:00+09:00,5525.0,5550.0,5425.0,5425.0,40116,0.0,0.0
2019-01-14 00:00:00+09:00,5850.0,6175.0,5650.0,5750.0,1116210,0.0,0.0
2019-01-15 00:00:00+09:00,5675.0,5775.0,5550.0,5600.0,225234,0.0,0.0
2019-01-16 00:00:00+09:00,5625.0,5850.0,5625.0,5725.0,159334,0.0,0.0
2019-01-17 00:00:00+09:00,5775.0,5975.0,5600.0,5725.0,240724,0.0,0.0
2019-01-18 00:00:00+09:00,5775.0,5925.0,5725.0,5900.0,117860,0.0,0.0
2019-01-21 00:00:00+09:00,5925.0,6100.0,5800.0,6050.0,119302,0.0,0.0
2019-01-22 00:00:00+09:00,6125.0,6125.0,5875.0,5950.0,120094,0.0,0.0
2019-01-23 00:00:00+09:00,6100.0,6750.0,5900.0,5950.0,1386110,0.0,0.0
2019-01-24 00:00:00+09:00,5975.0,6000.0,5775.0,5975.0,147228,0.0,0.0
2019-01-25 00:00:00+09:00,5975.0,6000.0,5850.0,6000.0,90580,0.0,0.0
2019-01-28 00:00:00+09:00,6075.0,6125.0,5950.0,6000.0,102010,0.0,0.0
2019-01-29 00:00:00+09:00,5975.0,6400.0,5800.0,6225.0,492426,0.0,0.0
2019-01-30 00:00:00+09:00,6475.0,6600.0,6225.0,6575.0,492050,0.0,0.0
2019-01-31 00:00:00+09:00,6625.0,6875.0,6350.0,6450.0,416356,0.0,0.0
2019-02-01 00:00:00+09:00,6425.0,6500.0,6100.0,6175.0,210498,0.0,0.0
2019-02-07 00:00:00+09:00,6100.0,6150.0,5975.0,6050.0,88480,0.0,0.0
2019-02-08 00:00:00+09:00,6100.0,6350.0,6000.0,6250.0,175556,0.0,0.0
2019-02-11 00:00:00+09:00,6175.0,6350.0,6050.0,6300.0,133440,0.0,0.0
2019-02-12 00:00:00+09:00,6250.0,6600.0,6200.0,6550.0,141600,0.0,0.0
2019-02-13 00:00:00+09:00,6500.0,6500.0,6200.0,6225.0,218826,0.0,0.0
2019-02-14 00:00:00+09:00,6250.0,6275.0,6075.0,6200.0,66118,0.0,0.0
2019-02-15 00:00:00+09:00,6125.0,6200.0,5950.0,5975.0,132018,0.0,0.0
2019-02-18 00:00:00+09:00,5950.0,6025.0,5775.0,5975.0,97188,0.0,0.0
2019-02-19 00:00:00+09:00,5950.0,6100.0,5900.0,6025.0,45176,0.0,0.0
2019-02-20 00:00:00+09:00,6025.0,6075.0,5925.0,5950.0,44030,0.0,0.0
2019-02-21 00:00:00+09:00,5975.0,5975.0,5825.0,5875.0,58872,0.0,0.0
2019-02-22 00:00:00+09:00,5825.0,5900.0,5750.0,5750.0,63568,0.0,0.0
2019-02-25 00:00:00+09:00,5750.0,5925.0,5700.0,5925.0,58700,0.0,0.0
2019-02-26 00:00:00+09:00,5950.0,5975.0,5800.0,5800.0,28394,0.0,0.0
2019-02-27 00:00:00+09:00,5800.0,5950.0,5775.0,5800.0,16508,0.0,0.0
2019-02-28 00:00:00+09:00,5800.0,5950.0,5350.0,5600.0,101034,0.0,0.0
2019-03-04 00:00:00+09:00,5550.0,5775.0,5550.0,5650.0,123412,0.0,0.0
2019-03-05 00:00:00+09:00,5600.0,5675.0,5525.0,5650.0,55794,0.0,0.0
2019-03-06 00:00:00+09:00,5650.0,5850.0,5625.0,5850.0,62672,0.0,0.0
2019-03-07 00:00:00+09:00,5850.0,5850.0,5625.0,5725.0,55444,0.0,0.0
2019-03-08 00:00:00+09:00,5725.0,5925.0,5625.0,5925.0,92776,0.0,0.0
2019-03-11 00:00:00+09:00,5900.0,5950.0,5775.0,5800.0,57708,0.0,0.0
2019-03-12 00:00:00+09:00,5775.0,6025.0,5775.0,5975.0,101818,0.0,0.0
2019-03-13 00:00:00+09:00,6000.0,6000.0,5825.0,5950.0,60532,0.0,0.0
2019-03-14 00:00:00+09:00,5950.0,6250.0,5900.0,6175.0,152024,0.0,0.0
2019-03-15 00:00:00+09:00,6200.0,6200.0,5850.0,5975.0,90270,0.0,0.0
2019-03-18 00:00:00+09:00,5950.0,6025.0,5850.0,5875.0,58778,0.0,0.0
2019-03-19 00:00:00+09:00,5950.0,6050.0,5925.0,6000.0,68632,0.0,0.0
2019-03-20 00:00:00+09:00,6025.0,6150.0,5900.0,6125.0,78620,0.0,0.0
2019-03-21 00:00:00+09:00,6125.0,6200.0,6000.0,6050.0,47790,0.0,0.0
2019-03-22 00:00:00+09:00,6100.0,6100.0,5900.0,6050.0,67922,0.0,0.0
2019-03-25 00:00:00+09:00,5900.0,6050.0,5900.0,5950.0,63564,0.0,0.0
2019-03-26 00:00:00+09:00,5950.0,6025.0,5850.0,5975.0,140680,0.0,0.0
2019-03-27 00:00:00+09:00,5975.0,6000.0,5825.0,5875.0,56032,0.0,0.0
2019-03-28 00:00:00+09:00,5825.0,5900.0,5725.0,5875.0,78456,0.0,0.0
2019-03-29 00:00:00+09:00,5850.0,5875.0,5625.0,5800.0,48166,0.0,0.0
2019-04-01 00:00:00+09:00,5900.0,5900.0,5725.0,5900.0,53970,0.0,0.0
2019-04-02 00:00:00+09:00,5875.0,5950.0,5800.0,5875.0,21278,0.0,0.0
2019-04-03 00:00:00+09:00,5875.0,5950.0,5825.0,5950.0,49194,0.0,0.0
2019-04-04 00:00:00+09:00,5900.0,5975.0,5800.0,5875.0,58534,0.0,0.0
2019-04-05 00:00:00+09:00,5875.0,5900.0,5775.0,5875.0,57962,0.0,0.0
2019-04-08 00:00:00+09:00,5875.0,5900.0,5800.0,5850.0,18552,0.0,0.0
2019-04-09 00:00:00+09:00,5800.0,5850.0,5675.0,5700.0,50478,0.0,0.0
2019-04-10 00:00:00+09:00,5700.0,5725.0,5650.0,5675.0,26836,0.0,0.0
2019-04-11 00:00:00+09:00,5725.0,5875.0,5700.0,5750.0,29380,0.0,0.0
2019-04-12 00:00:00+09:00,5750.0,6000.0,5700.0,5975.0,94720,0.0,0.0
2019-04-15 00:00:00+09:00,6000.0,6025.0,5850.0,5925.0,64960,0.0,0.0
2019-04-16 00:00:00+09:00,5875.0,5950.0,5750.0,5925.0,124268,0.0,0.0
2019-04-17 00:00:00+09:00,5900.0,5950.0,5850.0,5950.0,51814,0.0,0.0
2019-04-18 00:00:00+09:00,5950.0,5975.0,5875.0,5950.0,78924,0.0,0.0
2019-04-19 00:00:00+09:00,6050.0,6050.0,5825.0,5875.0,60552,0.0,0.0
2019-04-22 00:00:00+09:00,5925.0,6100.0,5875.0,6050.0,127142,0.0,0.0
2019-04-23 00:00:00+09:00,6050.0,6050.0,5900.0,5925.0,73460,0.0,0.0
2019-04-24 00:00:00+09:00,5925.0,6175.0,5925.0,6175.0,178274,0.0,0.0
2019-04-25 00:00:00+09:00,6175.0,6300.0,6000.0,6075.0,159468,0.0,0.0
2019-04-26 00:00:00+09:00,6075.0,6225.0,5950.0,6150.0,121408,0.0,0.0
2019-04-29 00:00:00+09:00,6325.0,6325.0,6025.0,6050.0,61846,0.0,0.0
2019-04-30 00:00:00+09:00,6025.0,6075.0,5875.0,5900.0,77054,0.0,0.0
2019-05-02 00:00:00+09:00,5900.0,5950.0,5800.0,5850.0,43942,0.0,0.0
2019-05-03 00:00:00+09:00,5875.0,5900.0,5800.0,5800.0,55162,0.0,0.0
2019-05-07 00:00:00+09:00,5700.0,5900.0,5525.0,5750.0,68064,0.0,0.0
2019-05-08 00:00:00+09:00,5575.0,5800.0,5575.0,5700.0,48768,0.0,0.0
2019-05-09 00:00:00+09:00,5700.0,5750.0,5350.0,5425.0,93638,0.0,0.0
2019-05-10 00:00:00+09:00,5450.0,5550.0,5225.0,5400.0,31340,0.0,0.0
2019-05-13 00:00:00+09:00,5350.0,5500.0,5025.0,5125.0,66064,0.0,0.0
2019-05-14 00:00:00+09:00,5025.0,5200.0,4980.0,5150.0,54588,0.0,0.0
2019-05-15 00:00:00+09:00,5200.0,5350.0,5125.0,5325.0,28968,0.0,0.0
2019-05-16 00:00:00+09:00,5375.0,5625.0,5275.0,5350.0,96064,0.0,0.0
2019-05-17 00:00:00+09:00,5350.0,5425.0,5275.0,5400.0,38880,0.0,0.0
2019-05-20 00:00:00+09:00,5400.0,5425.0,5200.0,5225.0,50894,0.0,0.0
2019-05-21 00:00:00+09:00,5225.0,5275.0,5175.0,5200.0,24750,0.0,0.0
2019-05-22 00:00:00+09:00,5200.0,5300.0,5150.0,5300.0,19108,0.0,0.0
2019-05-23 00:00:00+09:00,5300.0,5350.0,5150.0,5175.0,15226,0.0,0.0
2019-05-24 00:00:00+09:00,5150.0,5150.0,4900.0,5025.0,83386,0.0,0.0
2019-05-27 00:00:00+09:00,5025.0,5075.0,4965.0,5000.0,30768,0.0,0.0
2019-05-28 00:00:00+09:00,4945.0,5050.0,4945.0,5025.0,21304,0.0,0.0
2019-05-29 00:00:00+09:00,5025.0,5025.0,4910.0,4960.0,27542,0.0,0.0
2019-05-30 00:00:00+09:00,4985.0,5000.0,4850.0,4905.0,19796,0.0,0.0
2019-05-31 00:00:00+09:00,4950.0,4985.0,4860.0,4965.0,19178,0.0,0.0
2019-06-03 00:00:00+09:00,4965.0,5025.0,4925.0,4975.0,16902,0.0,0.0
2019-06-04 00:00:00+09:00,4910.0,4995.0,4910.0,4950.0,14744,0.0,0.0
2019-06-05 00:00:00+09:00,5050.0,5050.0,4960.0,4990.0,5512,0.0,0.0
2019-06-07 00:00:00+09:00,5025.0,5200.0,4995.0,5075.0,38550,0.0,0.0
2019-06-10 00:00:00+09:00,5125.0,5125.0,5000.0,5025.0,50338,0.0,0.0
2019-06-11 00:00:00+09:00,5025.0,5200.0,5025.0,5200.0,39552,0.0,0.0
2019-06-12 00:00:00+09:00,5200.0,5275.0,5125.0,5175.0,19742,0.0,0.0
2019-06-13 00:00:00+09:00,5200.0,5225.0,5100.0,5200.0,11164,0.0,0.0
2019-06-14 00:00:00+09:00,5200.0,5225.0,5125.0,5175.0,23636,0.0,0.0
2019-06-17 00:00:00+09:00,5175.0,5200.0,5075.0,5125.0,19514,0.0,0.0
2019-06-18 00:00:00+09:00,5175.0,5175.0,5075.0,5125.0,15218,0.0,0.0
2019-06-19 00:00:00+09:00,5125.0,5125.0,5075.0,5100.0,8120,0.0,0.0
2019-06-20 00:00:00+09:00,5100.0,5200.0,5075.0,5175.0,22306,0.0,0.0
2019-06-21 00:00:00+09:00,5200.0,5350.0,5150.0,5200.0,41878,0.0,0.0
2019-06-24 00:00:00+09:00,5250.0,5275.0,5100.0,5150.0,13734,0.0,0.0
2019-06-25 00:00:00+09:00,5150.0,5150.0,4725.0,4975.0,55486,0.0,0.0
2019-06-26 00:00:00+09:00,4955.0,5000.0,4925.0,4970.0,10954,0.0,0.0
2019-06-27 00:00:00+09:00,4955.0,4995.0,4950.0,4985.0,12132,0.0,0.0
2019-06-28 00:00:00+09:00,5000.0,5000.0,4805.0,4880.0,28690,0.0,0.0
2019-07-01 00:00:00+09:00,4830.0,4880.0,4795.0,4865.0,20810,0.0,0.0
2019-07-02 00:00:00+09:00,4805.0,4945.0,4805.0,4935.0,13920,0.0,0.0
2019-07-03 00:00:00+09:00,4945.0,4980.0,4785.0,4830.0,21268,0.0,0.0
2019-07-04 00:00:00+09:00,4830.0,4840.0,4695.0,4770.0,37882,0.0,0.0
2019-07-05 00:00:00+09:00,4765.0,4845.0,4685.0,4845.0,26714,0.0,0.0
2019-07-08 00:00:00+09:00,4845.0,6050.0,4845.0,5625.0,3425112,0.0,0.0
2019-07-09 00:00:00+09:00,5450.0,5700.0,5325.0,5700.0,690148,0.0,0.0
2019-07-10 00:00:00+09:00,5700.0,5750.0,5375.0,5425.0,374220,0.0,0.0
2019-07-11 00:00:00+09:00,5350.0,5475.0,5200.0,5325.0,336870,0.0,0.0
2019-07-12 00:00:00+09:00,5275.0,5350.0,5175.0,5325.0,187370,0.0,0.0
2019-07-15 00:00:00+09:00,5300.0,5475.0,5250.0,5300.0,362652,0.0,0.0
2019-07-16 00:00:00+09:00,5275.0,5425.0,5250.0,5325.0,148844,0.0,0.0
2019-07-17 00:00:00+09:00,5375.0,5500.0,5075.0,5100.0,309234,0.0,0.0
2019-07-18 00:00:00+09:00,5075.0,5125.0,4865.0,4915.0,169602,0.0,0.0
2019-07-19 00:00:00+09:00,4895.0,4945.0,4855.0,4925.0,66090,0.0,0.0
2019-07-22 00:00:00+09:00,4925.0,5025.0,4880.0,5000.0,47554,0.0,0.0
2019-07-23 00:00:00+09:00,5025.0,5075.0,4925.0,4940.0,56052,0.0,0.0
2019-07-24 00:00:00+09:00,4980.0,4980.0,4695.0,4700.0,96098,0.0,0.0
2019-07-25 00:00:00+09:00,4760.0,4765.0,4530.0,4550.0,76828,0.0,0.0
2019-07-26 00:00:00+09:00,4550.0,4580.0,4465.0,4500.0,40988,0.0,0.0
2019-07-29 00:00:00+09:00,4505.0,4590.0,4175.0,4175.0,54092,0.0,0.0
2019-07-30 00:00:00+09:00,4025.0,4390.0,4025.0,4340.0,44712,0.0,0.0
2019-07-31 00:00:00+09:00,4285.0,4550.0,4190.0,4495.0,53356,0.0,0.0
2019-08-01 00:00:00+09:00,4505.0,4550.0,4395.0,4450.0,29094,0.0,0.0
2019-08-02 00:00:00+09:00,4380.0,4395.0,4150.0,4260.0,42460,0.0,0.0
2019-08-05 00:00:00+09:00,4265.0,4440.0,4050.0,4100.0,40944,0.0,0.0
2019-08-06 00:00:00+09:00,3870.0,4070.0,3510.0,3755.0,77504,0.0,0.0
2019-08-07 00:00:00+09:00,3720.0,4050.0,3720.0,3840.0,24920,0.0,0.0
2019-08-08 00:00:00+09:00,3850.0,4100.0,3850.0,4050.0,31482,0.0,0.0
2019-08-09 00:00:00+09:00,4050.0,4250.0,4050.0,4150.0,20458,0.0,0.0
2019-08-12 00:00:00+09:00,4150.0,4250.0,4095.0,4100.0,20674,0.0,0.0
2019-08-13 00:00:00+09:00,4125.0,4700.0,4080.0,4140.0,245690,0.0,0.0
2019-08-14 00:00:00+09:00,4160.0,4265.0,4135.0,4155.0,35462,0.0,0.0
2019-08-16 00:00:00+09:00,4100.0,4255.0,4070.0,4235.0,49632,0.0,0.0
2019-08-19 00:00:00+09:00,4235.0,4300.0,4150.0,4250.0,18498,0.0,0.0
2019-08-20 00:00:00+09:00,4240.0,4350.0,4215.0,4305.0,34250,0.0,0.0
2019-08-21 00:00:00+09:00,4375.0,4435.0,4275.0,4435.0,37756,0.0,0.0
2019-08-22 00:00:00+09:00,4700.0,5375.0,4395.0,4410.0,2012816,0.0,0.0
2019-08-23 00:00:00+09:00,4355.0,4420.0,4295.0,4385.0,117326,0.0,0.0
2019-08-26 00:00:00+09:00,4250.0,4295.0,4075.0,4150.0,80710,0.0,0.0
2019-08-27 00:00:00+09:00,4205.0,4245.0,4175.0,4230.0,46050,0.0,0.0
2019-08-28 00:00:00+09:00,4230.0,4265.0,4185.0,4190.0,31560,0.0,0.0
2019-08-29 00:00:00+09:00,4195.0,4255.0,4155.0,4190.0,18872,0.0,0.0
2019-08-30 00:00:00+09:00,4245.0,4610.0,4235.0,4250.0,399170,0.0,0.0
2019-09-02 00:00:00+09:00,4275.0,4335.0,4235.0,4275.0,33158,0.0,0.0
2019-09-03 00:00:00+09:00,4275.0,4365.0,4260.0,4350.0,30652,0.0,0.0
2019-09-04 00:00:00+09:00,4300.0,4360.0,4270.0,4345.0,25606,0.0,0.0
2019-09-05 00:00:00+09:00,4300.0,4480.0,4300.0,4430.0,36286,0.0,0.0
2019-09-06 00:00:00+09:00,4430.0,4470.0,4365.0,4370.0,22638,0.0,0.0
2019-09-09 00:00:00+09:00,4375.0,4450.0,4305.0,4365.0,30790,0.0,0.0
2019-09-10 00:00:00+09:00,4310.0,4375.0,4310.0,4370.0,28098,0.0,0.0
2019-09-11 00:00:00+09:00,4365.0,4425.0,4340.0,4375.0,10258,0.0,0.0
2019-09-16 00:00:00+09:00,4430.0,4435.0,4330.0,4415.0,28220,0.0,0.0
2019-09-17 00:00:00+09:00,4450.0,4590.0,4360.0,4540.0,65184,0.0,0.0
2019-09-18 00:00:00+09:00,4525.0,4575.0,4515.0,4545.0,43370,0.0,0.0
2019-09-19 00:00:00+09:00,4525.0,4615.0,4515.0,4560.0,31092,0.0,0.0
2019-09-20 00:00:00+09:00,4650.0,4720.0,4555.0,4600.0,131302,0.0,0.0
2019-09-23 00:00:00+09:00,4565.0,4670.0,4560.0,4590.0,43664,0.0,0.0
2019-09-24 00:00:00+09:00,4605.0,4605.0,4550.0,4580.0,17106,0.0,0.0
2019-09-25 00:00:00+09:00,4665.0,4665.0,4455.0,4455.0,39126,0.0,0.0
2019-09-26 00:00:00+09:00,4455.0,4645.0,4420.0,4510.0,33172,0.0,0.0
2019-09-27 00:00:00+09:00,4585.0,4585.0,4400.0,4435.0,24096,0.0,0.0
2019-09-30 00:00:00+09:00,4500.0,4505.0,4295.0,4405.0,26858,0.0,0.0
2019-10-01 00:00:00+09:00,4360.0,4430.0,4340.0,4430.0,20060,0.0,0.0
2019-10-02 00:00:00+09:00,4430.0,4450.0,4370.0,4425.0,12438,0.0,0.0
2019-10-04 00:00:00+09:00,4385.0,4470.0,4350.0,4460.0,13462,0.0,0.0
2019-10-07 00:00:00+09:00,4405.0,4460.0,4365.0,4395.0,25244,0.0,0.0
2019-10-08 00:00:00+09:00,4395.0,4430.0,4365.0,4380.0,11954,0.0,0.0
2019-10-10 00:00:00+09:00,4415.0,4415.0,4305.0,4345.0,32086,0.0,0.0
2019-10-11 00:00:00+09:00,4330.0,4385.0,4325.0,4380.0,12466,0.0,0.0
2019-10-14 00:00:00+09:00,4365.0,4400.0,4335.0,4375.0,10796,0.0,0.0
2019-10-15 00:00:00+09:00,4370.0,4445.0,4370.0,4415.0,20180,0.0,0.0
2019-10-16 00:00:00+09:00,4425.0,4445.0,4380.0,4430.0,6740,0.0,0.0
2019-10-17 00:00:00+09:00,4455.0,4460.0,4350.0,4425.0,9510,0.0,0.0
2019-10-18 00:00:00+09:00,4420.0,4435.0,4375.0,4425.0,9564,0.0,0.0
2019-10-21 00:00:00+09:00,4425.0,4425.0,4330.0,4385.0,5596,0.0,0.0
2019-10-22 00:00:00+09:00,4385.0,4435.0,4295.0,4360.0,16494,0.0,0.0
2019-10-23 00:00:00+09:00,4275.0,4400.0,4205.0,4320.0,20688,0.0,0.0
2019-10-24 00:00:00+09:00,4325.0,4325.0,4200.0,4245.0,19028,0.0,0.0
2019-10-25 00:00:00+09:00,4190.0,4280.0,4090.0,4150.0,56616,0.0,0.0
2019-10-28 00:00:00+09:00,4150.0,4220.0,4120.0,4190.0,15286,0.0,0.0
2019-10-29 00:00:00+09:00,4190.0,4695.0,4160.0,4240.0,129522,0.0,0.0
2019-10-30 00:00:00+09:00,4270.0,4275.0,4200.0,4225.0,8368,0.0,0.0
2019-10-31 00:00:00+09:00,4245.0,4245.0,4155.0,4185.0,24760,0.0,0.0
2019-11-01 00:00:00+09:00,4190.0,4235.0,4155.0,4230.0,13322,0.0,0.0
2019-11-04 00:00:00+09:00,4230.0,4335.0,4200.0,4235.0,11042,0.0,0.0
2019-11-05 00:00:00+09:00,4245.0,4300.0,4200.0,4235.0,12106,0.0,0.0
2019-11-06 00:00:00+09:00,4245.0,4300.0,4225.0,4260.0,19900,0.0,0.0
2019-11-07 00:00:00+09:00,4270.0,4390.0,4245.0,4310.0,43758,0.0,0.0
2019-11-08 00:00:00+09:00,4320.0,4395.0,4285.0,4345.0,17154,0.0,0.0
2019-11-11 00:00:00+09:00,4345.0,4360.0,4250.0,4330.0,34270,0.0,0.0
2019-11-12 00:00:00+09:00,4395.0,4420.0,4295.0,4385.0,39180,0.0,0.0
2019-11-13 00:00:00+09:00,4355.0,4385.0,4275.0,4345.0,28540,0.0,0.0
2019-11-14 00:00:00+09:00,4345.0,4370.0,4280.0,4280.0,6270,0.0,0.0
2019-11-15 00:00:00+09:00,4280.0,4340.0,4275.0,4330.0,8954,0.0,0.0
2019-11-18 00:00:00+09:00,4330.0,4595.0,4205.0,4300.0,126940,0.0,0.0
2019-11-19 00:00:00+09:00,4300.0,4335.0,4215.0,4240.0,23994,0.0,0.0
2019-11-20 00:00:00+09:00,4275.0,4315.0,4145.0,4195.0,34050,0.0,0.0
2019-11-21 00:00:00+09:00,4150.0,4190.0,4050.0,4050.0,37678,0.0,0.0
2019-11-22 00:00:00+09:00,4050.0,4180.0,4015.0,4090.0,12642,0.0,0.0
2019-11-25 00:00:00+09:00,4090.0,4275.0,3975.0,4230.0,54308,0.0,0.0
2019-11-26 00:00:00+09:00,4160.0,4265.0,4160.0,4255.0,14732,0.0,0.0
2019-11-27 00:00:00+09:00,4215.0,4250.0,4195.0,4245.0,6680,0.0,0.0
2019-11-28 00:00:00+09:00,4245.0,5500.0,4200.0,5500.0,853722,0.0,0.0
2019-11-29 00:00:00+09:00,5800.0,7100.0,5450.0,5500.0,5506152,0.0,0.0
2019-12-02 00:00:00+09:00,5675.0,6900.0,5600.0,5950.0,6828948,0.0,0.0
2019-12-03 00:00:00+09:00,6225.0,6950.0,6125.0,6425.0,4576686,0.0,0.0
2019-12-04 00:00:00+09:00,6475.0,6750.0,6050.0,6100.0,884468,0.0,0.0
2019-12-05 00:00:00+09:00,6150.0,6325.0,5575.0,5675.0,966316,0.0,0.0
2019-12-06 00:00:00+09:00,5650.0,5825.0,5550.0,5775.0,593866,0.0,0.0
2019-12-09 00:00:00+09:00,5700.0,5875.0,5500.0,5525.0,426572,0.0,0.0
2019-12-10 00:00:00+09:00,5550.0,6000.0,5475.0,5775.0,648846,0.0,0.0
2019-12-11 00:00:00+09:00,5725.0,5850.0,5525.0,5775.0,364024,0.0,0.0
2019-12-12 00:00:00+09:00,5700.0,5950.0,5700.0,5825.0,332264,0.0,0.0
2019-12-13 00:00:00+09:00,6490.0,7570.0,6140.0,6700.0,3751008,0.0,0.0
2019-12-16 00:00:00+09:00,6840.0,6940.0,6600.0,6820.0,234732,0.0,0.0
2019-12-17 00:00:00+09:00,6800.0,6800.0,6690.0,6690.0,103345,0.0,0.0
2019-12-18 00:00:00+09:00,6750.0,6750.0,6130.0,6130.0,120561,0.0,0.0
2019-12-19 00:00:00+09:00,6220.0,6690.0,5670.0,5830.0,477225,0.0,0.0
2019-12-20 00:00:00+09:00,5860.0,5880.0,5600.0,5730.0,141331,0.0,0.0
2019-12-23 00:00:00+09:00,5760.0,7380.0,5750.0,7000.0,3800267,0.0,0.0
2019-12-24 00:00:00+09:00,6850.0,6900.0,6200.0,6270.0,545717,0.0,0.0
2019-12-26 00:00:00+09:00,6300.0,7850.0,6300.0,7100.0,3912789,0.0,0.0
2019-12-27 00:00:00+09:00,7080.0,8650.0,6990.0,7980.0,4404719,0.0,0.0
2019-12-30 00:00:00+09:00,7930.0,9940.0,7870.0,9060.0,4909266,0.0,0.0
2020-01-02 00:00:00+09:00,8930.0,10200.0,8930.0,9090.0,2493967,0.0,0.0
2020-01-03 00:00:00+09:00,9320.0,9610.0,8250.0,8250.0,1247973,0.0,0.0
2020-01-06 00:00:00+09:00,7700.0,7860.0,7170.0,7270.0,1190283,0.0,0.0
2020-01-07 00:00:00+09:00,7310.0,8160.0,7240.0,7320.0,3663374,0.0,0.0
2020-01-08 00:00:00+09:00,7200.0,7610.0,6650.0,6730.0,1348833,0.0,0.0
2020-01-09 00:00:00+09:00,6970.0,7120.0,6800.0,6840.0,602686,0.0,0.0
2020-01-10 00:00:00+09:00,6910.0,7170.0,6830.0,6870.0,424575,0.0,0.0
2020-01-13 00:00:00+09:00,6950.0,7190.0,6710.0,6790.0,428693,0.0,0.0
2020-01-14 00:00:00+09:00,6900.0,6940.0,6700.0,6940.0,310546,0.0,0.0
2020-01-15 00:00:00+09:00,6960.0,7030.0,6780.0,6820.0,191480,0.0,0.0
2020-01-16 00:00:00+09:00,6760.0,6890.0,6660.0,6750.0,159188,0.0,0.0
2020-01-17 00:00:00+09:00,6780.0,6810.0,6650.0,6650.0,145297,0.0,0.0
2020-01-20 00:00:00+09:00,6700.0,6730.0,6470.0,6470.0,114051,0.0,0.0
2020-01-21 00:00:00+09:00,6430.0,6600.0,6380.0,6500.0,86278,0.0,0.0
2020-01-22 00:00:00+09:00,6440.0,6770.0,6440.0,6570.0,133728,0.0,0.0
2020-01-23 00:00:00+09:00,6570.0,6690.0,6500.0,6650.0,73994,0.0,0.0
2020-01-28 00:00:00+09:00,6430.0,6570.0,6200.0,6460.0,89937,0.0,0.0
2020-01-29 00:00:00+09:00,6460.0,6590.0,6410.0,6540.0,73126,0.0,0.0
2020-01-30 00:00:00+09:00,6500.0,6620.0,6280.0,6280.0,92530,0.0,0.0
2020-01-31 00:00:00+09:00,6290.0,6550.0,6230.0,6290.0,89821,0.0,0.0
2020-02-03 00:00:00+09:00,6000.0,6530.0,6000.0,6440.0,109182,0.0,0.0
2020-02-04 00:00:00+09:00,6390.0,6620.0,6390.0,6550.0,90204,0.0,0.0
2020-02-05 00:00:00+09:00,6600.0,6690.0,6420.0,6530.0,79938,0.0,0.0
2020-02-06 00:00:00+09:00,6540.0,6830.0,6500.0,6800.0,148448,0.0,0.0
2020-02-07 00:00:00+09:00,6780.0,6950.0,6600.0,6780.0,295071,0.0,0.0
2020-02-10 00:00:00+09:00,6760.0,7280.0,6700.0,7040.0,807962,0.0,0.0
2020-02-11 00:00:00+09:00,7040.0,7070.0,6870.0,6870.0,145879,0.0,0.0
2020-02-12 00:00:00+09:00,6970.0,6970.0,6650.0,6750.0,110457,0.0,0.0
2020-02-13 00:00:00+09:00,6720.0,6850.0,6620.0,6670.0,75162,0.0,0.0
2020-02-14 00:00:00+09:00,6620.0,6720.0,6570.0,6650.0,67767,0.0,0.0
2020-02-17 00:00:00+09:00,6800.0,6800.0,6590.0,6650.0,60714,0.0,0.0
2020-02-18 00:00:00+09:00,6570.0,6690.0,6530.0,6550.0,51621,0.0,0.0
2020-02-19 00:00:00+09:00,6550.0,6630.0,6330.0,6490.0,54827,0.0,0.0
2020-02-20 00:00:00+09:00,6490.0,6620.0,6470.0,6520.0,63742,0.0,0.0
2020-02-21 00:00:00+09:00,6380.0,6450.0,6130.0,6160.0,108705,0.0,0.0
2020-02-24 00:00:00+09:00,5930.0,6120.0,5800.0,5800.0,90722,0.0,0.0
2020-02-25 00:00:00+09:00,5610.0,6750.0,5610.0,6150.0,658041,0.0,0.0
2020-02-26 00:00:00+09:00,6030.0,6130.0,5900.0,6000.0,67356,0.0,0.0
2020-02-27 00:00:00+09:00,6050.0,6400.0,5830.0,5830.0,225311,0.0,0.0
2020-02-28 00:00:00+09:00,5610.0,5860.0,5560.0,5590.0,74184,0.0,0.0
2020-03-02 00:00:00+09:00,5550.0,5840.0,5550.0,5790.0,77538,0.0,0.0
2020-03-03 00:00:00+09:00,5800.0,6270.0,5780.0,5800.0,229614,0.0,0.0
2020-03-04 00:00:00+09:00,5650.0,5970.0,5650.0,5950.0,46646,0.0,0.0
2020-03-05 00:00:00+09:00,5980.0,6090.0,5860.0,5950.0,39231,0.0,0.0
2020-03-06 00:00:00+09:00,5750.0,5990.0,5750.0,5870.0,36698,0.0,0.0
2020-03-09 00:00:00+09:00,5750.0,5810.0,5520.0,5560.0,69529,0.0,0.0
2020-03-10 00:00:00+09:00,5420.0,5530.0,5130.0,5420.0,66013,0.0,0.0
2020-03-11 00:00:00+09:00,5520.0,5630.0,5100.0,5130.0,63455,0.0,0.0
2020-03-12 00:00:00+09:00,5010.0,5180.0,4700.0,4715.0,76359,0.0,0.0
2020-03-13 00:00:00+09:00,3805.0,4300.0,3750.0,4090.0,136750,0.0,0.0
2020-03-16 00:00:00+09:00,3860.0,4200.0,3860.0,3900.0,151917,0.0,0.0
2020-03-17 00:00:00+09:00,3360.0,4060.0,3360.0,3880.0,50643,0.0,0.0
2020-03-18 00:00:00+09:00,3880.0,4035.0,3650.0,3650.0,54259,0.0,0.0
2020-03-19 00:00:00+09:00,3445.0,3650.0,2835.0,2835.0,220498,0.0,0.0
2020-03-20 00:00:00+09:00,2830.0,3035.0,2830.0,3000.0,91701,0.0,0.0
2020-03-23 00:00:00+09:00,2760.0,2955.0,2760.0,2835.0,42642,0.0,0.0
2020-03-24 00:00:00+09:00,2875.0,3135.0,2860.0,2990.0,82763,0.0,0.0
2020-03-25 00:00:00+09:00,3070.0,3205.0,3070.0,3190.0,95675,0.0,0.0
2020-03-26 00:00:00+09:00,3270.0,3450.0,3130.0,3300.0,104659,0.0,0.0
2020-03-27 00:00:00+09:00,3520.0,3520.0,3150.0,3390.0,109761,0.0,0.0
2020-03-30 00:00:00+09:00,3200.0,3535.0,3200.0,3535.0,96875,0.0,0.0
2020-03-31 00:00:00+09:00,3600.0,3880.0,3575.0,3715.0,135800,0.0,0.0
2020-04-01 00:00:00+09:00,3850.0,4545.0,3625.0,3820.0,590912,0.0,0.0
2020-04-02 00:00:00+09:00,3855.0,3935.0,3740.0,3900.0,86911,0.0,0.0
2020-04-03 00:00:00+09:00,3900.0,4065.0,3850.0,3945.0,69543,0.0,0.0
2020-04-06 00:00:00+09:00,3955.0,4145.0,3945.0,4145.0,96474,0.0,0.0
2020-04-07 00:00:00+09:00,4200.0,4750.0,4090.0,4630.0,324214,0.0,0.0
2020-04-08 00:00:00+09:00,4550.0,4665.0,4515.0,4595.0,102286,0.0,0.0
2020-04-09 00:00:00+09:00,4690.0,5040.0,4600.0,4690.0,420488,0.0,0.0
2020-04-10 00:00:00+09:00,4735.0,4735.0,4285.0,4620.0,105458,0.0,0.0
2020-04-13 00:00:00+09:00,4595.0,5040.0,4480.0,4585.0,358552,0.0,0.0
2020-04-14 00:00:00+09:00,4540.0,4665.0,4540.0,4620.0,84410,0.0,0.0
2020-04-16 00:00:00+09:00,4620.0,4850.0,4365.0,4795.0,149771,0.0,0.0
2020-04-17 00:00:00+09:00,4820.0,4830.0,4700.0,4740.0,121745,0.0,0.0
2020-04-20 00:00:00+09:00,4740.0,4850.0,4705.0,4755.0,64445,0.0,0.0
2020-04-21 00:00:00+09:00,4700.0,4795.0,4340.0,4585.0,117290,0.0,0.0
2020-04-22 00:00:00+09:00,4440.0,4680.0,4440.0,4635.0,37643,0.0,0.0
2020-04-23 00:00:00+09:00,4635.0,4795.0,4635.0,4745.0,69796,0.0,0.0
2020-04-24 00:00:00+09:00,4830.0,4830.0,4640.0,4760.0,75289,0.0,0.0
2020-04-27 00:00:00+09:00,4725.0,4950.0,4720.0,4850.0,89667,0.0,0.0
2020-04-28 00:00:00+09:00,4850.0,4930.0,4750.0,4820.0,43702,0.0,0.0
2020-04-29 00:00:00+09:00,4820.0,4895.0,4750.0,4800.0,23172,0.0,0.0
2020-05-04 00:00:00+09:00,4750.0,5050.0,4690.0,4970.0,115958,0.0,0.0
2020-05-06 00:00:00+09:00,5040.0,5330.0,5030.0,5290.0,196726,0.0,0.0
2020-05-07 00:00:00+09:00,5290.0,5400.0,5160.0,5240.0,124149,0.0,0.0
2020-05-08 00:00:00+09:00,5240.0,5330.0,5160.0,5190.0,59158,0.0,0.0
2020-05-11 00:00:00+09:00,5280.0,5280.0,5130.0,5150.0,59836,0.0,0.0
2020-05-12 00:00:00+09:00,5140.0,5400.0,5000.0,5190.0,111905,0.0,0.0
2020-05-13 00:00:00+09:00,5190.0,5200.0,5040.0,5050.0,36735,0.0,0.0
2020-05-14 00:00:00+09:00,5020.0,5290.0,5000.0,5050.0,72845,0.0,0.0
2020-05-15 00:00:00+09:00,5190.0,5200.0,5030.0,5160.0,75577,0.0,0.0
2020-05-18 00:00:00+09:00,5200.0,5220.0,5090.0,5150.0,23435,0.0,0.0
2020-05-19 00:00:00+09:00,5160.0,5210.0,5050.0,5190.0,46391,0.0,0.0
2020-05-20 00:00:00+09:00,5200.0,5420.0,5150.0,5420.0,107954,0.0,0.0
2020-05-21 00:00:00+09:00,5470.0,5540.0,5350.0,5520.0,104541,0.0,0.0
2020-05-22 00:00:00+09:00,5670.0,5840.0,5270.0,5420.0,181998,0.0,0.0
2020-05-25 00:00:00+09:00,5420.0,5490.0,5320.0,5370.0,34940,0.0,0.0
2020-05-26 00:00:00+09:00,5370.0,5500.0,5350.0,5430.0,53315,0.0,0.0
2020-05-27 00:00:00+09:00,5430.0,6990.0,5430.0,6220.0,3690485,0.0,0.0
2020-05-28 00:00:00+09:00,6200.0,6520.0,5760.0,5940.0,689844,0.0,0.0
2020-05-29 00:00:00+09:00,6010.0,6700.0,6000.0,6380.0,1810549,0.0,0.0
2020-06-01 00:00:00+09:00,6820.0,7800.0,6700.0,7110.0,3940422,0.0,0.0
2020-06-02 00:00:00+09:00,7190.0,7380.0,7060.0,7250.0,600096,0.0,0.0
2020-06-03 00:00:00+09:00,7300.0,7370.0,6960.0,7090.0,396646,0.0,0.0
2020-06-04 00:00:00+09:00,7090.0,7290.0,6950.0,7120.0,260154,0.0,0.0
2020-06-05 00:00:00+09:00,7240.0,7240.0,6770.0,6970.0,186908,0.0,0.0
2020-06-08 00:00:00+09:00,7000.0,7150.0,6850.0,7020.0,200620,0.0,0.0
2020-06-09 00:00:00+09:00,7170.0,7170.0,6830.0,7030.0,238023,0.0,0.0
2020-06-10 00:00:00+09:00,7000.0,7000.0,6480.0,6610.0,431306,0.0,0.0
2020-06-11 00:00:00+09:00,6500.0,6840.0,6400.0,6520.0,345168,0.0,0.0
2020-06-12 00:00:00+09:00,6100.0,6780.0,6100.0,6700.0,237440,0.0,0.0
2020-06-15 00:00:00+09:00,6690.0,6690.0,5920.0,5950.0,213744,0.0,0.0
2020-06-16 00:00:00+09:00,6090.0,6350.0,5960.0,6310.0,209715,0.0,0.0
2020-06-17 00:00:00+09:00,6210.0,6350.0,6080.0,6290.0,99910,0.0,0.0
2020-06-18 00:00:00+09:00,6230.0,6600.0,6210.0,6590.0,159924,0.0,0.0
2020-06-19 00:00:00+09:00,6660.0,6870.0,6310.0,6400.0,225203,0.0,0.0
2020-06-22 00:00:00+09:00,6490.0,6570.0,6270.0,6270.0,129609,0.0,0.0
2020-06-23 00:00:00+09:00,6380.0,6390.0,6030.0,6320.0,127251,0.0,0.0
2020-06-24 00:00:00+09:00,6320.0,6500.0,6250.0,6300.0,45432,0.0,0.0
2020-06-25 00:00:00+09:00,6170.0,6440.0,6090.0,6300.0,116489,0.0,0.0
2020-06-26 00:00:00+09:00,6250.0,6380.0,6060.0,6150.0,65671,0.0,0.0
2020-06-29 00:00:00+09:00,6130.0,6140.0,5790.0,5910.0,104962,0.0,0.0
2020-06-30 00:00:00+09:00,5940.0,6600.0,5900.0,6290.0,421145,0.0,0.0
2020-07-01 00:00:00+09:00,6290.0,6320.0,6010.0,6070.0,105248,0.0,0.0
2020-07-02 00:00:00+09:00,6140.0,6460.0,5960.0,6370.0,176189,0.0,0.0
2020-07-03 00:00:00+09:00,6370.0,6840.0,6240.0,6710.0,822919,0.0,0.0
2020-07-06 00:00:00+09:00,6690.0,6690.0,6390.0,6440.0,259150,0.0,0.0
2020-07-07 00:00:00+09:00,6450.0,6460.0,6150.0,6210.0,175599,0.0,0.0
2020-07-08 00:00:00+09:00,6160.0,6360.0,6030.0,6360.0,82858,0.0,0.0
2020-07-09 00:00:00+09:00,6400.0,6470.0,6300.0,6340.0,74559,0.0,0.0
2020-07-10 00:00:00+09:00,6340.0,6340.0,6120.0,6210.0,74947,0.0,0.0
2020-07-13 00:00:00+09:00,6150.0,6800.0,6150.0,6510.0,751310,0.0,0.0
2020-07-14 00:00:00+09:00,6420.0,6490.0,6260.0,6370.0,158383,0.0,0.0
2020-07-15 00:00:00+09:00,6400.0,7500.0,6310.0,7080.0,3027475,0.0,0.0
2020-07-16 00:00:00+09:00,7100.0,7350.0,6810.0,6920.0,922061,0.0,0.0
2020-07-17 00:00:00+09:00,6910.0,7060.0,6840.0,6910.0,362637,0.0,0.0
2020-07-20 00:00:00+09:00,6860.0,7200.0,6760.0,7060.0,345103,0.0,0.0
2020-07-21 00:00:00+09:00,7060.0,7870.0,7060.0,7200.0,2531282,0.0,0.0
2020-07-22 00:00:00+09:00,7200.0,7250.0,6930.0,7020.0,292226,0.0,0.0
2020-07-23 00:00:00+09:00,6950.0,7070.0,6790.0,6810.0,260076,0.0,0.0
2020-07-24 00:00:00+09:00,6770.0,7010.0,6630.0,6810.0,183749,0.0,0.0
2020-07-27 00:00:00+09:00,6810.0,7160.0,6730.0,7140.0,255950,0.0,0.0
2020-07-28 00:00:00+09:00,7140.0,7200.0,6960.0,7090.0,174075,0.0,0.0
2020-07-29 00:00:00+09:00,7110.0,7430.0,7090.0,7130.0,372962,0.0,0.0
2020-07-30 00:00:00+09:00,7170.0,7220.0,6990.0,7200.0,168302,0.0,0.0
2020-07-31 00:00:00+09:00,7210.0,7330.0,7030.0,7320.0,146950,0.0,0.0
2020-08-03 00:00:00+09:00,7320.0,7480.0,7230.0,7410.0,203801,0.0,0.0
2020-08-04 00:00:00+09:00,7450.0,7470.0,7160.0,7300.0,151558,0.0,0.0
2020-08-05 00:00:00+09:00,7240.0,7290.0,7100.0,7150.0,94006,0.0,0.0
2020-08-06 00:00:00+09:00,7210.0,7280.0,7060.0,7130.0,149691,0.0,0.0
2020-08-07 00:00:00+09:00,7250.0,7480.0,7040.0,7180.0,269929,0.0,0.0
2020-08-10 00:00:00+09:00,7180.0,7250.0,7050.0,7150.0,125447,0.0,0.0
2020-08-11 00:00:00+09:00,7160.0,7240.0,6950.0,7050.0,90555,0.0,0.0
2020-08-12 00:00:00+09:00,7130.0,7140.0,6720.0,7090.0,110601,0.0,0.0
2020-08-13 00:00:00+09:00,7090.0,7150.0,6950.0,6960.0,82181,0.0,0.0
2020-08-14 00:00:00+09:00,7020.0,7030.0,6830.0,6870.0,99475,0.0,0.0
2020-08-18 00:00:00+09:00,6820.0,6920.0,6150.0,6350.0,132570,0.0,0.0
2020-08-19 00:00:00+09:00,6380.0,6800.0,6380.0,6620.0,98152,0.0,0.0
2020-08-20 00:00:00+09:00,6730.0,6790.0,6320.0,6390.0,101865,0.0,0.0
2020-08-21 00:00:00+09:00,6680.0,6680.0,6390.0,6620.0,48702,0.0,0.0
2020-08-24 00:00:00+09:00,6700.0,6720.0,6410.0,6650.0,44648,0.0,0.0
2020-08-25 00:00:00+09:00,6650.0,6970.0,6610.0,6800.0,70910,0.0,0.0
2020-08-26 00:00:00+09:00,6980.0,7100.0,6790.0,6990.0,174552,0.0,0.0
2020-08-27 00:00:00+09:00,6990.0,7150.0,6920.0,7070.0,165489,0.0,0.0
2020-08-28 00:00:00+09:00,7070.0,7950.0,7070.0,7270.0,1905123,0.0,0.0
2020-08-31 00:00:00+09:00,7380.0,8360.0,7350.0,8020.0,4182353,0.0,0.0
2020-09-01 00:00:00+09:00,7980.0,8050.0,7620.0,7760.0,537746,0.0,0.0
2020-09-02 00:00:00+09:00,7850.0,8240.0,7580.0,7770.0,1083530,0.0,0.0
2020-09-03 00:00:00+09:00,7700.0,7950.0,7500.0,7940.0,426899,0.0,0.0
2020-09-04 00:00:00+09:00,7500.0,8450.0,7410.0,7810.0,808255,0.0,0.0
2020-09-07 00:00:00+09:00,7700.0,7900.0,7640.0,7690.0,224237,0.0,0.0
2020-09-08 00:00:00+09:00,7690.0,7720.0,7400.0,7430.0,139771,0.0,0.0
2020-09-09 00:00:00+09:00,7300.0,7460.0,7220.0,7360.0,96569,0.0,0.0
2020-09-10 00:00:00+09:00,7330.0,7500.0,7330.0,7450.0,87877,0.0,0.0
2020-09-11 00:00:00+09:00,7450.0,7470.0,7210.0,7350.0,61034,0.0,0.0
2020-09-14 00:00:00+09:00,7300.0,7410.0,7280.0,7290.0,56421,0.0,0.0
2020-09-15 00:00:00+09:00,7290.0,7680.0,7270.0,7590.0,156854,0.0,0.0
2020-09-16 00:00:00+09:00,7680.0,7680.0,7370.0,7400.0,65754,0.0,0.0
2020-09-17 00:00:00+09:00,7400.0,7550.0,7330.0,7430.0,29529,0.0,0.0
2020-09-18 00:00:00+09:00,7470.0,7470.0,7340.0,7430.0,30380,0.0,0.0
2020-09-21 00:00:00+09:00,7360.0,7560.0,7160.0,7190.0,60528,0.0,0.0
2020-09-22 00:00:00+09:00,7290.0,7360.0,6720.0,6940.0,114145,0.0,0.0
2020-09-23 00:00:00+09:00,6990.0,7080.0,6740.0,6950.0,54021,0.0,0.0
2020-09-24 00:00:00+09:00,6740.0,6900.0,6640.0,6740.0,52225,0.0,0.0
2020-09-25 00:00:00+09:00,6740.0,6790.0,6600.0,6720.0,28205,0.0,0.0
2020-09-28 00:00:00+09:00,6710.0,6900.0,6710.0,6820.0,25276,0.0,0.0
2020-09-29 00:00:00+09:00,6830.0,6960.0,6830.0,6940.0,38263,0.0,0.0
2020-10-05 00:00:00+09:00,7090.0,7090.0,6820.0,6850.0,60443,0.0,0.0
2020-10-06 00:00:00+09:00,6750.0,6990.0,6750.0,6920.0,39194,0.0,0.0
2020-10-07 00:00:00+09:00,6910.0,7070.0,6800.0,6860.0,49948,0.0,0.0
2020-10-08 00:00:00+09:00,6940.0,7190.0,6900.0,6930.0,85987,0.0,0.0
2020-10-12 00:00:00+09:00,6940.0,7050.0,6850.0,6990.0,39468,0.0,0.0
2020-10-13 00:00:00+09:00,6990.0,7110.0,6910.0,7020.0,50949,0.0,0.0
2020-10-14 00:00:00+09:00,7070.0,7070.0,6880.0,6930.0,36836,0.0,0.0
2020-10-15 00:00:00+09:00,6930.0,6930.0,6670.0,6930.0,41036,0.0,0.0
2020-10-16 00:00:00+09:00,6860.0,6980.0,6650.0,6660.0,41057,0.0,0.0
2020-10-19 00:00:00+09:00,6610.0,6760.0,6590.0,6610.0,29650,0.0,0.0
2020-10-20 00:00:00+09:00,6510.0,6730.0,6460.0,6610.0,38738,0.0,0.0
2020-10-21 00:00:00+09:00,6510.0,6680.0,6510.0,6600.0,26396,0.0,0.0
2020-10-22 00:00:00+09:00,6670.0,6690.0,6540.0,6660.0,24843,0.0,0.0
2020-10-23 00:00:00+09:00,6660.0,6780.0,6450.0,6450.0,45199,0.0,0.0
2020-10-26 00:00:00+09:00,6420.0,6510.0,6210.0,6220.0,44842,0.0,0.0
2020-10-27 00:00:00+09:00,6160.0,6290.0,5870.0,6100.0,70810,0.0,0.0
2020-10-28 00:00:00+09:00,6170.0,6190.0,6050.0,6110.0,23783,0.0,0.0
2020-10-29 00:00:00+09:00,6030.0,6150.0,5720.0,6050.0,44794,0.0,0.0
2020-10-30 00:00:00+09:00,6050.0,7300.0,5900.0,5990.0,620963,0.0,0.0
2020-11-02 00:00:00+09:00,6050.0,6050.0,5850.0,5930.0,49958,0.0,0.0
2020-11-03 00:00:00+09:00,5920.0,6050.0,5920.0,5950.0,54491,0.0,0.0
2020-11-04 00:00:00+09:00,6020.0,6530.0,6000.0,6160.0,179822,0.0,0.0
2020-11-05 00:00:00+09:00,6390.0,6400.0,6170.0,6340.0,52384,0.0,0.0
2020-11-06 00:00:00+09:00,6380.0,6470.0,6180.0,6260.0,46637,0.0,0.0
2020-11-09 00:00:00+09:00,6260.0,6340.0,6230.0,6290.0,45110,0.0,0.0
2020-11-10 00:00:00+09:00,6260.0,6340.0,6200.0,6260.0,30160,0.0,0.0
2020-11-11 00:00:00+09:00,6260.0,6300.0,6210.0,6220.0,34670,0.0,0.0
2020-11-12 00:00:00+09:00,6260.0,6330.0,6220.0,6290.0,34141,0.0,0.0
2020-11-13 00:00:00+09:00,6290.0,6330.0,6100.0,6160.0,42409,0.0,0.0
2020-11-16 00:00:00+09:00,6160.0,6220.0,6140.0,6150.0,31320,0.0,0.0
2020-11-17 00:00:00+09:00,6090.0,6190.0,6010.0,6030.0,52892,0.0,0.0
2020-11-18 00:00:00+09:00,6040.0,6200.0,6030.0,6180.0,29279,0.0,0.0
2020-11-19 00:00:00+09:00,6220.0,6220.0,6110.0,6170.0,13686,0.0,0.0
2020-11-20 00:00:00+09:00,6210.0,6220.0,6040.0,6190.0,67544,0.0,0.0
2020-11-23 00:00:00+09:00,6190.0,6420.0,6190.0,6260.0,123388,0.0,0.0
2020-11-24 00:00:00+09:00,6270.0,6310.0,6180.0,6230.0,65348,0.0,0.0
2020-11-25 00:00:00+09:00,6230.0,6340.0,6110.0,6180.0,93097,0.0,0.0
2020-11-26 00:00:00+09:00,6180.0,6540.0,6120.0,6440.0,223242,0.0,0.0
2020-11-27 00:00:00+09:00,6460.0,6520.0,6260.0,6300.0,112369,0.0,0.0
2020-11-30 00:00:00+09:00,6350.0,6410.0,6320.0,6360.0,91976,0.0,0.0
2020-12-01 00:00:00+09:00,6360.0,6510.0,6340.0,6490.0,115637,0.0,0.0
2020-12-02 00:00:00+09:00,6740.0,7000.0,6500.0,6620.0,304257,0.0,0.0
2020-12-03 00:00:00+09:00,6640.0,6640.0,6550.0,6590.0,93131,0.0,0.0
2020-12-04 00:00:00+09:00,6660.0,6660.0,6310.0,6470.0,74264,0.0,0.0
2020-12-07 00:00:00+09:00,6550.0,6550.0,6290.0,6420.0,60560,0.0,0.0
2020-12-08 00:00:00+09:00,6370.0,6720.0,6340.0,6530.0,144520,0.0,0.0
2020-12-09 00:00:00+09:00,6540.0,6640.0,6460.0,6490.0,71288,0.0,0.0
2020-12-10 00:00:00+09:00,6500.0,6980.0,6460.0,6690.0,258875,0.0,0.0
2020-12-11 00:00:00+09:00,6710.0,6810.0,6600.0,6720.0,68975,0.0,0.0
2020-12-14 00:00:00+09:00,6830.0,6830.0,6600.0,6630.0,51313,0.0,0.0
2020-12-15 00:00:00+09:00,6680.0,6680.0,6430.0,6490.0,53447,0.0,0.0
2020-12-16 00:00:00+09:00,6490.0,6950.0,6450.0,6940.0,266983,0.0,0.0
2020-12-17 00:00:00+09:00,6940.0,6940.0,6580.0,6640.0,198581,0.0,0.0
2020-12-18 00:00:00+09:00,6660.0,6730.0,6500.0,6600.0,320386,0.0,0.0
2020-12-21 00:00:00+09:00,6600.0,6770.0,6580.0,6770.0,131637,0.0,0.0
2020-12-22 00:00:00+09:00,6770.0,6770.0,6470.0,6510.0,102976,0.0,0.0
2020-12-23 00:00:00+09:00,6530.0,6620.0,6170.0,6260.0,160353,0.0,0.0
2020-12-24 00:00:00+09:00,6320.0,6350.0,6270.0,6280.0,33021,0.0,0.0
2020-12-28 00:00:00+09:00,6280.0,6340.0,6250.0,6340.0,36167,0.0,0.0
2020-12-29 00:00:00+09:00,6340.0,6360.0,6260.0,6290.0,37076,0.0,0.0
2020-12-30 00:00:00+09:00,6350.0,6350.0,6200.0,6280.0,97784,0.0,0.0
2021-01-04 00:00:00+09:00,6290.0,6330.0,6220.0,6290.0,114663,0.0,0.0
2021-01-05 00:00:00+09:00,6290.0,6350.0,6200.0,6240.0,71586,0.0,0.0
2021-01-06 00:00:00+09:00,6240.0,6270.0,6160.0,6210.0,62833,0.0,0.0
2021-01-07 00:00:00+09:00,6170.0,6290.0,6160.0,6190.0,74100,0.0,0.0
2021-01-08 00:00:00+09:00,6290.0,6300.0,6170.0,6170.0,62409,0.0,0.0
2021-01-11 00:00:00+09:00,6170.0,6240.0,5920.0,5960.0,81886,0.0,0.0
2021-01-12 00:00:00+09:00,5950.0,6140.0,5920.0,6070.0,46514,0.0,0.0
2021-01-13 00:00:00+09:00,6030.0,6110.0,6000.0,6050.0,39809,0.0,0.0
2021-01-14 00:00:00+09:00,6100.0,6440.0,6100.0,6270.0,244391,0.0,0.0
2021-01-15 00:00:00+09:00,6300.0,6370.0,6160.0,6180.0,63169,0.0,0.0
2021-01-18 00:00:00+09:00,6170.0,6230.0,6030.0,6140.0,42280,0.0,0.0
2021-01-19 00:00:00+09:00,6110.0,6840.0,6110.0,6390.0,924561,0.0,0.0
2021-01-20 00:00:00+09:00,6480.0,6510.0,6340.0,6460.0,164300,0.0,0.0
2021-01-21 00:00:00+09:00,6480.0,6900.0,6370.0,6550.0,277569,0.0,0.0
2021-01-22 00:00:00+09:00,6530.0,6600.0,6420.0,6560.0,103665,0.0,0.0
2021-01-25 00:00:00+09:00,6530.0,6640.0,6320.0,6520.0,102685,0.0,0.0
2021-01-26 00:00:00+09:00,6510.0,6550.0,6390.0,6520.0,78599,0.0,0.0
2021-01-27 00:00:00+09:00,6510.0,6520.0,6370.0,6400.0,86068,0.0,0.0
2021-01-28 00:00:00+09:00,6300.0,6430.0,6200.0,6210.0,75004,0.0,0.0
2021-01-29 00:00:00+09:00,6210.0,6320.0,5860.0,5990.0,106697,0.0,0.0
2021-02-01 00:00:00+09:00,5920.0,6090.0,5810.0,6030.0,63682,0.0,0.0
2021-02-02 00:00:00+09:00,6030.0,6200.0,6030.0,6120.0,43173,0.0,0.0
2021-02-03 00:00:00+09:00,6190.0,6190.0,6050.0,6110.0,30025,0.0,0.0
2021-02-04 00:00:00+09:00,6090.0,6160.0,6030.0,6100.0,45297,0.0,0.0
2021-02-05 00:00:00+09:00,6190.0,6190.0,6040.0,6090.0,32878,0.0,0.0
2021-02-08 00:00:00+09:00,6100.0,6110.0,6010.0,6070.0,26955,0.0,0.0
2021-02-09 00:00:00+09:00,6070.0,6150.0,6030.0,6050.0,31042,0.0,0.0
2021-02-10 00:00:00+09:00,6040.0,6080.0,5960.0,6080.0,29129,0.0,0.0
2021-02-15 00:00:00+09:00,6080.0,6240.0,6000.0,6220.0,69489,0.0,0.0
2021-02-16 00:00:00+09:00,6220.0,6280.0,6090.0,6260.0,45637,0.0,0.0
2021-02-17 00:00:00+09:00,6290.0,6570.0,6240.0,6460.0,200310,0.0,0.0
2021-02-18 00:00:00+09:00,6500.0,6660.0,6380.0,6630.0,201421,0.0,0.0
2021-02-19 00:00:00+09:00,6560.0,6610.0,6290.0,6400.0,116104,0.0,0.0
2021-02-22 00:00:00+09:00,6400.0,6520.0,6290.0,6290.0,50328,0.0,0.0
2021-02-23 00:00:00+09:00,6130.0,6380.0,6130.0,6300.0,49151,0.0,0.0
2021-02-24 00:00:00+09:00,6380.0,6380.0,6030.0,6030.0,68540,0.0,0.0
2021-02-25 00:00:00+09:00,6080.0,6130.0,6060.0,6070.0,39097,0.0,0.0
2021-02-26 00:00:00+09:00,6000.0,6030.0,5900.0,5940.0,60724,0.0,0.0
2021-03-02 00:00:00+09:00,5960.0,6050.0,5900.0,5950.0,50692,0.0,0.0
2021-03-03 00:00:00+09:00,5950.0,6070.0,5930.0,6070.0,31520,0.0,0.0
2021-03-04 00:00:00+09:00,6070.0,6080.0,5960.0,6000.0,33602,0.0,0.0
2021-03-05 00:00:00+09:00,6000.0,6020.0,5830.0,5950.0,47230,0.0,0.0
2021-03-08 00:00:00+09:00,5950.0,6030.0,5900.0,5930.0,53034,0.0,0.0
2021-03-09 00:00:00+09:00,5920.0,6120.0,5800.0,5930.0,102292,0.0,0.0
2021-03-10 00:00:00+09:00,5950.0,6630.0,5950.0,6200.0,1038807,0.0,0.0
2021-03-11 00:00:00+09:00,6210.0,6380.0,6160.0,6250.0,208638,0.0,0.0
2021-03-12 00:00:00+09:00,6330.0,6770.0,6250.0,6500.0,616654,0.0,0.0
2021-03-15 00:00:00+09:00,6520.0,6720.0,6360.0,6490.0,361408,0.0,0.0
2021-03-16 00:00:00+09:00,6700.0,7760.0,6640.0,7200.0,5345000,0.0,0.0
2021-03-17 00:00:00+09:00,8500.0,9360.0,8410.0,9360.0,5665266,0.0,0.0
2021-03-18 00:00:00+09:00,9200.0,11150.0,9030.0,9930.0,18056750,0.0,0.0
2021-03-19 00:00:00+09:00,9710.0,9790.0,9370.0,9530.0,1612607,0.0,0.0
2021-03-22 00:00:00+09:00,9650.0,9900.0,9250.0,9310.0,2322190,0.0,0.0
2021-03-23 00:00:00+09:00,9250.0,9700.0,9060.0,9070.0,2031503,0.0,0.0
2021-03-24 00:00:00+09:00,9100.0,9740.0,8900.0,8980.0,1710964,0.0,0.0
2021-03-25 00:00:00+09:00,9000.0,10100.0,8710.0,8810.0,9448957,0.0,0.0
2021-03-26 00:00:00+09:00,8920.0,9050.0,8740.0,8820.0,960751,0.0,0.0
2021-03-29 00:00:00+09:00,8850.0,8870.0,8500.0,8540.0,649241,0.0,0.0
2021-03-30 00:00:00+09:00,8590.0,11100.0,8570.0,11100.0,9020949,0.0,0.0
2021-03-31 00:00:00+09:00,11750.0,11850.0,10450.0,11000.0,7539548,0.0,0.0
2021-04-01 00:00:00+09:00,11000.0,11100.0,10600.0,11000.0,2335491,0.0,0.0
2021-04-02 00:00:00+09:00,10850.0,11650.0,10550.0,10850.0,3962370,0.0,0.0
2021-04-05 00:00:00+09:00,10400.0,10650.0,10300.0,10650.0,726126,0.0,0.0
2021-04-06 00:00:00+09:00,10650.0,10950.0,10350.0,10500.0,1389400,0.0,0.0
2021-04-07 00:00:00+09:00,10500.0,10700.0,10400.0,10500.0,596733,0.0,0.0
2021-04-08 00:00:00+09:00,10500.0,11200.0,10350.0,10550.0,1467320,0.0,0.0
2021-04-09 00:00:00+09:00,10600.0,10700.0,10400.0,10500.0,404610,0.0,0.0
2021-04-12 00:00:00+09:00,10550.0,10950.0,10350.0,10500.0,1022851,0.0,0.0
2021-04-13 00:00:00+09:00,10450.0,10650.0,9740.0,9830.0,975946,0.0,0.0
2021-04-14 00:00:00+09:00,9940.0,9940.0,9440.0,9480.0,439789,0.0,0.0
2021-04-15 00:00:00+09:00,9480.0,9660.0,9170.0,9200.0,422101,0.0,0.0
2021-04-16 00:00:00+09:00,9280.0,9580.0,9100.0,9240.0,315207,0.0,0.0
2021-04-19 00:00:00+09:00,9380.0,9420.0,9230.0,9230.0,147529,0.0,0.0
2021-04-20 00:00:00+09:00,9170.0,9440.0,9090.0,9400.0,187377,0.0,0.0
2021-04-21 00:00:00+09:00,9460.0,9460.0,9170.0,9200.0,122184,0.0,0.0
2021-04-22 00:00:00+09:00,9200.0,9540.0,9200.0,9540.0,241777,0.0,0.0
2021-04-23 00:00:00+09:00,9510.0,9510.0,9280.0,9300.0,200320,0.0,0.0
2021-04-26 00:00:00+09:00,9490.0,9690.0,9330.0,9360.0,313110,0.0,0.0
2021-04-27 00:00:00+09:00,9510.0,9770.0,9260.0,9660.0,364913,0.0,0.0
2021-04-28 00:00:00+09:00,9660.0,9700.0,9330.0,9650.0,211199,0.0,0.0
2021-04-29 00:00:00+09:00,9690.0,9790.0,9420.0,9450.0,211376,0.0,0.0
2021-04-30 00:00:00+09:00,9520.0,9890.0,9470.0,9710.0,414998,0.0,0.0
2021-05-03 00:00:00+09:00,9710.0,10250.0,9710.0,9810.0,842918,0.0,0.0
2021-05-04 00:00:00+09:00,9830.0,9980.0,9500.0,9810.0,378522,0.0,0.0
2021-05-06 00:00:00+09:00,9810.0,10300.0,9810.0,10200.0,540408,0.0,0.0
2021-05-07 00:00:00+09:00,10150.0,10350.0,9900.0,9990.0,452434,0.0,0.0
2021-05-10 00:00:00+09:00,9990.0,10150.0,9580.0,9960.0,405270,0.0,0.0
2021-05-11 00:00:00+09:00,9780.0,9860.0,9640.0,9640.0,202364,0.0,0.0
2021-05-12 00:00:00+09:00,9700.0,10100.0,9640.0,9780.0,346932,0.0,0.0
2021-05-13 00:00:00+09:00,9540.0,9860.0,9510.0,9670.0,120235,0.0,0.0
2021-05-14 00:00:00+09:00,9670.0,9770.0,9470.0,9650.0,156263,0.0,0.0
2021-05-17 00:00:00+09:00,9600.0,10200.0,9080.0,9200.0,750227,0.0,0.0
2021-05-18 00:00:00+09:00,9180.0,9290.0,8780.0,9260.0,230066,0.0,0.0
2021-05-20 00:00:00+09:00,9420.0,10350.0,9340.0,9360.0,2080524,0.0,0.0
2021-05-21 00:00:00+09:00,9380.0,9450.0,9120.0,9240.0,264090,0.0,0.0
2021-05-24 00:00:00+09:00,9240.0,9350.0,9150.0,9220.0,103169,0.0,0.0
2021-05-25 00:00:00+09:00,9350.0,11200.0,9300.0,10000.0,5254871,0.0,0.0
2021-05-26 00:00:00+09:00,10000.0,10150.0,9850.0,10000.0,820761,0.0,0.0
2021-05-27 00:00:00+09:00,10100.0,10450.0,10050.0,10050.0,953058,0.0,0.0
2021-05-28 00:00:00+09:00,10250.0,11250.0,10050.0,10750.0,4110242,0.0,0.0
2021-05-31 00:00:00+09:00,10800.0,13000.0,10800.0,12000.0,11787570,0.0,0.0
2021-06-01 00:00:00+09:00,11950.0,12450.0,11750.0,12300.0,2153811,0.0,0.0
2021-06-02 00:00:00+09:00,12100.0,12250.0,11500.0,12000.0,1557159,0.0,0.0
2021-06-03 00:00:00+09:00,11900.0,12800.0,11800.0,11950.0,3853131,0.0,0.0
2021-06-04 00:00:00+09:00,12000.0,12400.0,11750.0,12000.0,1415056,0.0,0.0
2021-06-07 00:00:00+09:00,12200.0,12350.0,10650.0,10900.0,3100286,0.0,0.0
2021-06-08 00:00:00+09:00,10750.0,10800.0,10050.0,10050.0,1138050,0.0,0.0
2021-06-09 00:00:00+09:00,10050.0,10100.0,9640.0,9650.0,597745,0.0,0.0
2021-06-10 00:00:00+09:00,9650.0,9850.0,9220.0,9460.0,446622,0.0,0.0
2021-06-11 00:00:00+09:00,9460.0,9500.0,9200.0,9420.0,210949,0.0,0.0
2021-06-14 00:00:00+09:00,9460.0,9950.0,9430.0,9890.0,495198,0.0,0.0
2021-06-15 00:00:00+09:00,9870.0,10650.0,9670.0,10200.0,1323477,0.0,0.0
2021-06-16 00:00:00+09:00,10150.0,10950.0,9900.0,9930.0,1510614,0.0,0.0
2021-06-17 00:00:00+09:00,10100.0,10100.0,9890.0,9940.0,266787,0.0,0.0
2021-06-18 00:00:00+09:00,9550.0,9850.0,9550.0,9600.0,254123,0.0,0.0
2021-06-21 00:00:00+09:00,9610.0,11250.0,9590.0,10900.0,3216584,0.0,0.0
2021-06-22 00:00:00+09:00,11100.0,11600.0,10450.0,11500.0,2013652,0.0,0.0
2021-06-23 00:00:00+09:00,11150.0,11300.0,10100.0,10100.0,1436771,0.0,0.0
2021-06-24 00:00:00+09:00,10250.0,10700.0,9810.0,10150.0,1051221,0.0,0.0
2021-06-25 00:00:00+09:00,10300.0,10500.0,10000.0,10000.0,454957,0.0,0.0
2021-06-28 00:00:00+09:00,10150.0,10200.0,9970.0,10100.0,272656,0.0,0.0
2021-06-29 00:00:00+09:00,10050.0,10100.0,9880.0,9960.0,363301,0.0,0.0
2021-06-30 00:00:00+09:00,10000.0,10200.0,10000.0,10000.0,202484,0.0,0.0
2021-07-01 00:00:00+09:00,10100.0,10100.0,9960.0,10000.0,161414,0.0,0.0
2021-07-02 00:00:00+09:00,10000.0,10400.0,9890.0,10150.0,752495,0.0,0.0
2021-07-05 00:00:00+09:00,10150.0,10450.0,10000.0,10000.0,310693,0.0,0.0
2021-07-06 00:00:00+09:00,9980.0,10050.0,9910.0,10000.0,170454,0.0,0.0
2021-07-07 00:00:00+09:00,10050.0,10050.0,9870.0,9870.0,191977,0.0,0.0
2021-07-08 00:00:00+09:00,9770.0,9930.0,9480.0,9560.0,253617,0.0,0.0
2021-07-09 00:00:00+09:00,9360.0,9560.0,9310.0,9480.0,159523,0.0,0.0
2021-07-12 00:00:00+09:00,9450.0,9950.0,9440.0,9660.0,199177,0.0,0.0
2021-07-13 00:00:00+09:00,9700.0,9910.0,9700.0,9870.0,129872,0.0,0.0
2021-07-14 00:00:00+09:00,9870.0,10050.0,9610.0,9730.0,276780,0.0,0.0
2021-07-15 00:00:00+09:00,9930.0,10350.0,9840.0,10050.0,752185,0.0,0.0
2021-07-16 00:00:00+09:00,10000.0,10050.0,9760.0,9810.0,231961,0.0,0.0
2021-07-19 00:00:00+09:00,9850.0,9900.0,9500.0,9600.0,166486,0.0,0.0
2021-07-20 00:00:00+09:00,9500.0,9510.0,9330.0,9400.0,143755,0.0,0.0
2021-07-21 00:00:00+09:00,9440.0,9500.0,9320.0,9340.0,131729,0.0,0.0
2021-07-22 00:00:00+09:00,9340.0,9470.0,9340.0,9390.0,85292,0.0,0.0
2021-07-23 00:00:00+09:00,9600.0,10150.0,9590.0,9610.0,1100018,0.0,0.0
2021-07-26 00:00:00+09:00,9680.0,9870.0,9450.0,9620.0,203237,0.0,0.0
2021-07-27 00:00:00+09:00,9620.0,9880.0,9550.0,9550.0,185432,0.0,0.0
2021-07-28 00:00:00+09:00,9660.0,9820.0,9460.0,9550.0,162325,0.0,0.0
2021-07-29 00:00:00+09:00,9610.0,9920.0,9610.0,9760.0,235612,0.0,0.0
2021-07-30 00:00:00+09:00,9730.0,9730.0,9450.0,9450.0,128544,0.0,0.0
2021-08-02 00:00:00+09:00,9460.0,9550.0,9370.0,9400.0,73929,0.0,0.0
2021-08-03 00:00:00+09:00,9390.0,9460.0,9260.0,9300.0,69208,0.0,0.0
2021-08-04 00:00:00+09:00,9300.0,9440.0,9300.0,9320.0,61262,0.0,0.0
2021-08-05 00:00:00+09:00,9320.0,9470.0,9180.0,9270.0,188827,0.0,0.0
2021-08-06 00:00:00+09:00,9270.0,9270.0,9050.0,9080.0,174288,0.0,0.0
2021-08-09 00:00:00+09:00,9080.0,9180.0,8700.0,8750.0,195291,0.0,0.0
2021-08-10 00:00:00+09:00,8760.0,8840.0,8500.0,8720.0,100640,0.0,0.0
2021-08-11 00:00:00+09:00,8620.0,8790.0,8560.0,8580.0,70544,0.0,0.0
2021-08-12 00:00:00+09:00,8580.0,8640.0,8380.0,8390.0,103050,0.0,0.0
2021-08-13 00:00:00+09:00,8390.0,8390.0,8000.0,8210.0,137024,0.0,0.0
2021-08-17 00:00:00+09:00,8210.0,8350.0,7630.0,7850.0,139121,0.0,0.0
2021-08-18 00:00:00+09:00,7640.0,8040.0,7620.0,7970.0,92174,0.0,0.0
2021-08-19 00:00:00+09:00,7810.0,8050.0,7550.0,7590.0,160901,0.0,0.0
2021-08-20 00:00:00+09:00,7700.0,7700.0,7300.0,7370.0,141242,0.0,0.0
2021-08-23 00:00:00+09:00,7170.0,7720.0,7170.0,7720.0,120265,0.0,0.0
2021-08-24 00:00:00+09:00,7860.0,7880.0,7670.0,7800.0,68148,0.0,0.0
2021-08-25 00:00:00+09:00,7860.0,7860.0,7690.0,7820.0,41624,0.0,0.0
2021-08-26 00:00:00+09:00,7880.0,7880.0,7710.0,7720.0,38565,0.0,0.0
2021-08-27 00:00:00+09:00,7570.0,7790.0,7570.0,7740.0,20108,0.0,0.0
2021-08-30 00:00:00+09:00,7770.0,7780.0,7650.0,7720.0,40225,0.0,0.0
2021-08-31 00:00:00+09:00,7730.0,7760.0,7580.0,7650.0,48112,0.0,0.0
2021-09-01 00:00:00+09:00,7650.0,7710.0,7610.0,7690.0,52615,0.0,0.0
2021-09-02 00:00:00+09:00,7650.0,7700.0,7620.0,7700.0,45969,0.0,0.0
2021-09-03 00:00:00+09:00,7830.0,7830.0,7690.0,7710.0,57142,0.0,0.0
2021-09-06 00:00:00+09:00,7710.0,10000.0,7700.0,9690.0,6074381,0.0,0.0
2021-09-07 00:00:00+09:00,10700.0,11600.0,10000.0,10850.0,8088395,0.0,0.0
2021-09-08 00:00:00+09:00,10600.0,11300.0,10150.0,11100.0,3310308,0.0,0.0
2021-09-09 00:00:00+09:00,10700.0,11600.0,10300.0,10600.0,3204634,0.0,0.0
2021-09-10 00:00:00+09:00,11000.0,11200.0,9880.0,9900.0,1866983,0.0,0.0
2021-09-13 00:00:00+09:00,10100.0,10550.0,9350.0,9500.0,1124462,0.0,0.0
2021-09-14 00:00:00+09:00,9690.0,10250.0,9540.0,10000.0,1060566,0.0,0.0
2021-09-15 00:00:00+09:00,10050.0,10250.0,9770.0,9900.0,448300,0.0,0.0
2021-09-16 00:00:00+09:00,9810.0,10250.0,9590.0,9800.0,616685,0.0,0.0
2021-09-17 00:00:00+09:00,9500.0,9530.0,8720.0,8920.0,759350,0.0,0.0
2021-09-23 00:00:00+09:00,8700.0,8780.0,8270.0,8460.0,419110,0.0,0.0
2021-09-24 00:00:00+09:00,8470.0,8570.0,8150.0,8240.0,188606,0.0,0.0
2021-09-27 00:00:00+09:00,8200.0,8460.0,8180.0,8210.0,171269,0.0,0.0
2021-09-28 00:00:00+09:00,8280.0,8590.0,8150.0,8360.0,376554,0.0,0.0
2021-09-29 00:00:00+09:00,8360.0,8460.0,7970.0,8120.0,300859,0.0,0.0
2021-09-30 00:00:00+09:00,8180.0,8180.0,7750.0,8010.0,192310,0.0,0.0
2021-10-01 00:00:00+09:00,8000.0,8120.0,7550.0,7670.0,200478,0.0,0.0
2021-10-05 00:00:00+09:00,7500.0,7590.0,7010.0,7140.0,220886,0.0,0.0
2021-10-06 00:00:00+09:00,7140.0,7450.0,6670.0,6670.0,245213,0.0,0.0
2021-10-07 00:00:00+09:00,6660.0,7390.0,6650.0,7350.0,307454,0.0,0.0
2021-10-08 00:00:00+09:00,7400.0,7520.0,6900.0,7280.0,171592,0.0,0.0
2021-10-12 00:00:00+09:00,7210.0,7870.0,7210.0,7380.0,322179,0.0,0.0
2021-10-13 00:00:00+09:00,7420.0,7580.0,7380.0,7560.0,105904,0.0,0.0
2021-10-14 00:00:00+09:00,7560.0,7700.0,7500.0,7700.0,96227,0.0,0.0
2021-10-15 00:00:00+09:00,7710.0,8000.0,7670.0,8000.0,186882,0.0,0.0
2021-10-18 00:00:00+09:00,7930.0,7980.0,7750.0,7780.0,108079,0.0,0.0
2021-10-19 00:00:00+09:00,7710.0,7810.0,7490.0,7740.0,90215,0.0,0.0
2021-10-20 00:00:00+09:00,7800.0,7850.0,7570.0,7660.0,75274,0.0,0.0
2021-10-21 00:00:00+09:00,7660.0,7670.0,7460.0,7560.0,75313,0.0,0.0
2021-10-22 00:00:00+09:00,7560.0,7600.0,7380.0,7500.0,73094,0.0,0.0
2021-10-25 00:00:00+09:00,7480.0,7560.0,7260.0,7530.0,79137,0.0,0.0
2021-10-26 00:00:00+09:00,7570.0,7680.0,7550.0,7650.0,79637,0.0,0.0
2021-10-27 00:00:00+09:00,7700.0,7700.0,7470.0,7540.0,61150,0.0,0.0
2021-10-28 00:00:00+09:00,7470.0,7600.0,7320.0,7350.0,90110,0.0,0.0
2021-10-29 00:00:00+09:00,7350.0,7460.0,7140.0,7200.0,73771,0.0,0.0
2021-11-01 00:00:00+09:00,7200.0,7260.0,7050.0,7190.0,74884,0.0,0.0
2021-11-02 00:00:00+09:00,7190.0,7340.0,7110.0,7310.0,73870,0.0,0.0
2021-11-03 00:00:00+09:00,7320.0,7320.0,7140.0,7150.0,50770,0.0,0.0
2021-11-04 00:00:00+09:00,7170.0,7300.0,6900.0,6960.0,125183,0.0,0.0
2021-11-05 00:00:00+09:00,7000.0,7030.0,6620.0,6700.0,150549,0.0,0.0
2021-11-08 00:00:00+09:00,6700.0,6850.0,6530.0,6850.0,67317,0.0,0.0
2021-11-09 00:00:00+09:00,6890.0,6940.0,6670.0,6820.0,59122,0.0,0.0
2021-11-10 00:00:00+09:00,7220.0,7930.0,6980.0,6980.0,900990,0.0,0.0
2021-11-11 00:00:00+09:00,7120.0,7250.0,6750.0,6910.0,260511,0.0,0.0
2021-11-12 00:00:00+09:00,6940.0,7260.0,6910.0,7160.0,221926,0.0,0.0
2021-11-15 00:00:00+09:00,7670.0,7850.0,7310.0,7330.0,614430,0.0,0.0
2021-11-16 00:00:00+09:00,7300.0,7320.0,7180.0,7260.0,146543,0.0,0.0
2021-11-17 00:00:00+09:00,7300.0,7310.0,7010.0,7120.0,158915,0.0,0.0
2021-11-18 00:00:00+09:00,7170.0,7170.0,6980.0,6990.0,110204,0.0,0.0
2021-11-19 00:00:00+09:00,6990.0,7660.0,6860.0,7330.0,400944,0.0,0.0
2021-11-22 00:00:00+09:00,7440.0,7670.0,7300.0,7320.0,365513,0.0,0.0
2021-11-23 00:00:00+09:00,7530.0,7900.0,7320.0,7410.0,831211,0.0,0.0
2021-11-24 00:00:00+09:00,7470.0,7650.0,7370.0,7550.0,172477,0.0,0.0
2021-11-25 00:00:00+09:00,7460.0,7510.0,7200.0,7200.0,150404,0.0,0.0
2021-11-26 00:00:00+09:00,7140.0,7250.0,7000.0,7010.0,95485,0.0,0.0
2021-11-29 00:00:00+09:00,6600.0,6900.0,6450.0,6760.0,129526,0.0,0.0
2021-11-30 00:00:00+09:00,6760.0,6900.0,6400.0,6400.0,140122,0.0,0.0
2021-12-01 00:00:00+09:00,6310.0,6470.0,6310.0,6430.0,74350,0.0,0.0
2021-12-02 00:00:00+09:00,6300.0,6490.0,6300.0,6490.0,41683,0.0,0.0
2021-12-03 00:00:00+09:00,6480.0,6700.0,6420.0,6700.0,60289,0.0,0.0
2021-12-06 00:00:00+09:00,6700.0,6740.0,6500.0,6650.0,57966,0.0,0.0
2021-12-07 00:00:00+09:00,6660.0,6800.0,6660.0,6720.0,33478,0.0,0.0
2021-12-08 00:00:00+09:00,6720.0,6840.0,6720.0,6770.0,58175,0.0,0.0
2021-12-09 00:00:00+09:00,6810.0,6890.0,6760.0,6810.0,24764,0.0,0.0
2021-12-10 00:00:00+09:00,6960.0,6990.0,6800.0,6810.0,52902,0.0,0.0
2021-12-13 00:00:00+09:00,6810.0,7190.0,6810.0,7050.0,128408,0.0,0.0
2021-12-14 00:00:00+09:00,7070.0,7220.0,6930.0,7080.0,53322,0.0,0.0
2021-12-15 00:00:00+09:00,7120.0,7150.0,6950.0,7000.0,36116,0.0,0.0
2021-12-16 00:00:00+09:00,6950.0,7050.0,6950.0,6990.0,35337,0.0,0.0
2021-12-17 00:00:00+09:00,7060.0,7060.0,6920.0,6930.0,28616,0.0,0.0
2021-12-20 00:00:00+09:00,6870.0,6950.0,6760.0,6780.0,35656,0.0,0.0
2021-12-21 00:00:00+09:00,6720.0,6830.0,6640.0,6700.0,45240,0.0,0.0
2021-12-22 00:00:00+09:00,6720.0,6770.0,6610.0,6650.0,67611,0.0,0.0
2021-12-23 00:00:00+09:00,6700.0,6760.0,6620.0,6650.0,34248,0.0,0.0
2021-12-24 00:00:00+09:00,6660.0,6720.0,6650.0,6680.0,30176,0.0,0.0
2021-12-27 00:00:00+09:00,6740.0,6740.0,6620.0,6620.0,39893,0.0,0.0
2021-12-28 00:00:00+09:00,6640.0,6670.0,6560.0,6620.0,40046,0.0,0.0
2021-12-29 00:00:00+09:00,6580.0,6750.0,6580.0,6660.0,39981,0.0,0.0
2021-12-30 00:00:00+09:00,6560.0,6720.0,6520.0,6650.0,30384,0.0,0.0
2022-01-04 00:00:00+09:00,6660.0,6760.0,6660.0,6750.0,42394,0.0,0.0
2022-01-05 00:00:00+09:00,6760.0,6960.0,6720.0,6960.0,83400,0.0,0.0
2022-01-06 00:00:00+09:00,6880.0,7140.0,6820.0,6970.0,117368,0.0,0.0
2022-01-07 00:00:00+09:00,7040.0,7400.0,6920.0,7290.0,316718,0.0,0.0
2022-01-10 00:00:00+09:00,7350.0,7420.0,7020.0,7060.0,151565,0.0,0.0
2022-01-11 00:00:00+09:00,7010.0,7090.0,6760.0,6840.0,87442,0.0,0.0
2022-01-12 00:00:00+09:00,6870.0,7000.0,6830.0,6980.0,50601,0.0,0.0
2022-01-13 00:00:00+09:00,7010.0,7160.0,6910.0,7040.0,101286,0.0,0.0
2022-01-14 00:00:00+09:00,6900.0,6980.0,6770.0,6860.0,66105,0.0,0.0
2022-01-17 00:00:00+09:00,6810.0,6850.0,6530.0,6530.0,76387,0.0,0.0
2022-01-18 00:00:00+09:00,6530.0,6580.0,6320.0,6440.0,62468,0.0,0.0
2022-01-19 00:00:00+09:00,6290.0,6390.0,6290.0,6310.0,54678,0.0,0.0
2022-01-20 00:00:00+09:00,6240.0,6430.0,6220.0,6430.0,29655,0.0,0.0
2022-01-21 00:00:00+09:00,6430.0,6510.0,6300.0,6390.0,23524,0.0,0.0
2022-01-24 00:00:00+09:00,6290.0,6330.0,6020.0,6220.0,37622,0.0,0.0
2022-01-25 00:00:00+09:00,6110.0,6220.0,5820.0,5850.0,76508,0.0,0.0
2022-01-26 00:00:00+09:00,5810.0,5950.0,5600.0,5840.0,76137,0.0,0.0
2022-01-27 00:00:00+09:00,5800.0,5840.0,5460.0,5460.0,84674,0.0,0.0
2022-01-28 00:00:00+09:00,5460.0,5780.0,5390.0,5720.0,51763,0.0,0.0
2022-02-03 00:00:00+09:00,5750.0,6210.0,5750.0,6200.0,70303,0.0,0.0
2022-02-04 00:00:00+09:00,6200.0,6300.0,6140.0,6280.0,39145,0.0,0.0
2022-02-07 00:00:00+09:00,6280.0,6310.0,6160.0,6300.0,19706,0.0,0.0
2022-02-08 00:00:00+09:00,6300.0,7140.0,6090.0,6100.0,630665,0.0,0.0
2022-02-09 00:00:00+09:00,6100.0,6390.0,6100.0,6370.0,89666,0.0,0.0
2022-02-10 00:00:00+09:00,6400.0,6400.0,6240.0,6240.0,41100,0.0,0.0
2022-02-11 00:00:00+09:00,6240.0,6270.0,6110.0,6110.0,33426,0.0,0.0
2022-02-14 00:00:00+09:00,5980.0,6010.0,5850.0,5920.0,50753,0.0,0.0
2022-02-15 00:00:00+09:00,5820.0,7240.0,5820.0,6270.0,3866700,0.0,0.0
2022-02-16 00:00:00+09:00,6300.0,7570.0,6230.0,7170.0,9484780,0.0,0.0
2022-02-17 00:00:00+09:00,7100.0,7210.0,6760.0,7030.0,1033425,0.0,0.0
2022-02-18 00:00:00+09:00,6890.0,7160.0,6780.0,7030.0,609044,0.0,0.0
2022-02-21 00:00:00+09:00,6960.0,7090.0,6870.0,7040.0,432936,0.0,0.0
2022-02-22 00:00:00+09:00,6910.0,7140.0,6820.0,6840.0,386372,0.0,0.0
2022-02-23 00:00:00+09:00,6840.0,7250.0,6700.0,7250.0,693853,0.0,0.0
2022-02-24 00:00:00+09:00,7030.0,7110.0,6730.0,6760.0,418480,0.0,0.0
2022-02-25 00:00:00+09:00,6830.0,7030.0,6800.0,6920.0,217235,0.0,0.0
2022-02-28 00:00:00+09:00,6920.0,6920.0,6750.0,6800.0,95941,0.0,0.0
2022-03-02 00:00:00+09:00,6890.0,7130.0,6780.0,7120.0,352059,0.0,0.0
2022-03-03 00:00:00+09:00,7120.0,7220.0,6990.0,7070.0,241401,0.0,0.0
2022-03-04 00:00:00+09:00,7070.0,7190.0,7000.0,7100.0,184809,0.0,0.0
2022-03-07 00:00:00+09:00,7050.0,7180.0,6900.0,7090.0,114209,0.0,0.0
2022-03-08 00:00:00+09:00,6950.0,7850.0,6910.0,6930.0,2465753,0.0,0.0
2022-03-10 00:00:00+09:00,6940.0,6970.0,6830.0,6850.0,151937,0.0,0.0
2022-03-11 00:00:00+09:00,6860.0,6930.0,6780.0,6780.0,100346,0.0,0.0
2022-03-14 00:00:00+09:00,6780.0,7230.0,6650.0,6940.0,398957,0.0,0.0
2022-03-15 00:00:00+09:00,6880.0,7300.0,6720.0,7100.0,650036,0.0,0.0
2022-03-16 00:00:00+09:00,7120.0,7200.0,7040.0,7190.0,204635,0.0,0.0
2022-03-17 00:00:00+09:00,7220.0,7250.0,7060.0,7070.0,190598,0.0,0.0
2022-03-18 00:00:00+09:00,7100.0,7120.0,7020.0,7120.0,90297,0.0,0.0
2022-03-21 00:00:00+09:00,7140.0,7310.0,7090.0,7100.0,139821,0.0,0.0
2022-03-22 00:00:00+09:00,7170.0,7360.0,7140.0,7220.0,280476,0.0,0.0
2022-03-23 00:00:00+09:00,7260.0,7340.0,7180.0,7210.0,168410,0.0,0.0
2022-03-24 00:00:00+09:00,7170.0,7580.0,7170.0,7530.0,758983,0.0,0.0
2022-03-25 00:00:00+09:00,7550.0,7560.0,7350.0,7410.0,191471,0.0,0.0
2022-03-28 00:00:00+09:00,7400.0,7490.0,7320.0,7360.0,111504,0.0,0.0
2022-03-29 00:00:00+09:00,7360.0,7460.0,7250.0,7300.0,86644,0.0,0.0
2022-03-30 00:00:00+09:00,7320.0,7400.0,7150.0,7230.0,101984,0.0,0.0
2022-03-31 00:00:00+09:00,7230.0,7890.0,7230.0,7480.0,1529129,0.0,0.0
2022-04-01 00:00:00+09:00,7400.0,7600.0,7370.0,7420.0,142115,0.0,0.0
2022-04-04 00:00:00+09:00,7470.0,7470.0,7340.0,7460.0,104256,0.0,0.0
2022-04-05 00:00:00+09:00,7460.0,7500.0,7380.0,7410.0,58046,0.0,0.0
2022-04-06 00:00:00+09:00,7370.0,7600.0,7360.0,7440.0,166911,0.0,0.0
2022-04-07 00:00:00+09:00,7440.0,7440.0,7160.0,7200.0,104933,0.0,0.0
2022-04-08 00:00:00+09:00,7170.0,7270.0,6980.0,7070.0,63469,0.0,0.0
2022-04-11 00:00:00+09:00,7110.0,7370.0,7070.0,7190.0,75630,0.0,0.0
2022-04-12 00:00:00+09:00,7190.0,8800.0,7190.0,8040.0,10061130,0.0,0.0
2022-04-13 00:00:00+09:00,8000.0,8110.0,7800.0,7990.0,978694,0.0,0.0
2022-04-14 00:00:00+09:00,7940.0,8060.0,7650.0,7830.0,829653,0.0,0.0
2022-04-15 00:00:00+09:00,7750.0,7980.0,7680.0,7800.0,479196,0.0,0.0
2022-04-18 00:00:00+09:00,7790.0,8470.0,7760.0,8110.0,2908381,0.0,0.0
2022-04-19 00:00:00+09:00,8040.0,8280.0,7960.0,8150.0,559313,0.0,0.0
2022-04-20 00:00:00+09:00,8340.0,10550.0,8240.0,9870.0,19849880,0.0,0.0
2022-04-21 00:00:00+09:00,9660.0,9730.0,9450.0,9640.0,2141148,0.0,0.0
2022-04-22 00:00:00+09:00,9770.0,10250.0,9330.0,9640.0,4294441,0.0,0.0
2022-04-25 00:00:00+09:00,10200.0,11450.0,9680.0,9920.0,9905000,0.0,0.0
2022-04-26 00:00:00+09:00,9970.0,10050.0,9560.0,9750.0,1400561,0.0,0.0
2022-04-27 00:00:00+09:00,9510.0,10500.0,9010.0,9030.0,3224332,0.0,0.0
2022-04-28 00:00:00+09:00,9210.0,9900.0,9090.0,9530.0,2909644,0.0,0.0
2022-04-29 00:00:00+09:00,9290.0,9320.0,8640.0,8730.0,1480691,0.0,0.0
2022-05-03 00:00:00+09:00,9120.0,9150.0,8750.0,9030.0,468063,0.0,0.0
2022-05-04 00:00:00+09:00,9010.0,9030.0,8550.0,8580.0,418451,0.0,0.0
2022-05-06 00:00:00+09:00,8390.0,8480.0,8020.0,8050.0,528035,0.0,0.0
2022-05-10 00:00:00+09:00,7830.0,8020.0,7570.0,7970.0,378248,0.0,0.0
2022-05-11 00:00:00+09:00,7930.0,7980.0,7650.0,7720.0,250895,0.0,0.0
2022-05-12 00:00:00+09:00,8230.0,9020.0,7700.0,7890.0,4433843,0.0,0.0
2022-05-13 00:00:00+09:00,7740.0,8100.0,7640.0,7640.0,371700,0.0,0.0
2022-05-16 00:00:00+09:00,7650.0,8100.0,7550.0,7910.0,750264,0.0,0.0
2022-05-17 00:00:00+09:00,8690.0,8920.0,7970.0,8120.0,1768238,0.0,0.0
2022-05-18 00:00:00+09:00,8120.0,8330.0,8080.0,8210.0,330774,0.0,0.0
2022-05-19 00:00:00+09:00,7990.0,8050.0,7810.0,7870.0,280245,0.0,0.0
2022-05-20 00:00:00+09:00,7880.0,8130.0,7860.0,8020.0,201483,0.0,0.0
2022-05-23 00:00:00+09:00,7930.0,8070.0,7730.0,7920.0,260837,0.0,0.0
2022-05-24 00:00:00+09:00,7900.0,8000.0,7700.0,7720.0,159478,0.0,0.0
2022-05-25 00:00:00+09:00,7710.0,7750.0,7620.0,7620.0,109233,0.0,0.0
2022-05-26 00:00:00+09:00,7560.0,7710.0,7470.0,7520.0,130539,0.0,0.0
2022-05-27 00:00:00+09:00,7710.0,7970.0,7650.0,7820.0,449022,0.0,0.0
2022-05-30 00:00:00+09:00,7770.0,8660.0,7770.0,8180.0,2937171,0.0,0.0
2022-05-31 00:00:00+09:00,8230.0,8250.0,8010.0,8080.0,324509,0.0,0.0
2022-06-02 00:00:00+09:00,8290.0,8410.0,8110.0,8160.0,722468,0.0,0.0
2022-06-03 00:00:00+09:00,8150.0,8380.0,8140.0,8160.0,354623,0.0,0.0
2022-06-07 00:00:00+09:00,8110.0,8320.0,8000.0,8000.0,281877,0.0,0.0
2022-06-08 00:00:00+09:00,7890.0,7900.0,7700.0,7700.0,223590,0.0,0.0
2022-06-09 00:00:00+09:00,7640.0,7690.0,7500.0,7550.0,97473,0.0,0.0
2022-06-10 00:00:00+09:00,7460.0,7600.0,7440.0,7480.0,69038,0.0,0.0
2022-06-13 00:00:00+09:00,7330.0,7990.0,7150.0,7500.0,346871,0.0,0.0
2022-06-14 00:00:00+09:00,7260.0,7380.0,7040.0,7040.0,180202,0.0,0.0
2022-06-15 00:00:00+09:00,6930.0,7170.0,6680.0,6780.0,210305,0.0,0.0
2022-06-16 00:00:00+09:00,6780.0,7100.0,6780.0,6850.0,143418,0.0,0.0
2022-06-17 00:00:00+09:00,6570.0,6910.0,6560.0,6820.0,135413,0.0,0.0
2022-06-20 00:00:00+09:00,6810.0,6880.0,6390.0,6430.0,183528,0.0,0.0
2022-06-21 00:00:00+09:00,6410.0,6550.0,6330.0,6450.0,120622,0.0,0.0
2022-06-22 00:00:00+09:00,6450.0,6710.0,5980.0,6030.0,173712,0.0,0.0
2022-06-23 00:00:00+09:00,6030.0,6160.0,5600.0,5600.0,197520,0.0,0.0
2022-06-24 00:00:00+09:00,5510.0,6940.0,5510.0,6040.0,2020683,0.0,0.0
2022-06-27 00:00:00+09:00,6070.0,6440.0,6000.0,6250.0,367786,0.0,0.0
2022-06-28 00:00:00+09:00,6200.0,6320.0,6110.0,6180.0,116282,0.0,0.0
2022-06-29 00:00:00+09:00,6120.0,6330.0,6120.0,6250.0,101827,0.0,0.0
2022-06-30 00:00:00+09:00,6420.0,6420.0,5990.0,5990.0,132226,0.0,0.0
2022-07-01 00:00:00+09:00,6000.0,6150.0,5790.0,5880.0,77119,0.0,0.0
2022-07-04 00:00:00+09:00,5930.0,6200.0,5630.0,5740.0,169872,0.0,0.0
2022-07-05 00:00:00+09:00,5690.0,5940.0,5600.0,5870.0,90019,0.0,0.0
2022-07-06 00:00:00+09:00,5920.0,6020.0,5740.0,5740.0,59889,0.0,0.0
2022-07-07 00:00:00+09:00,5750.0,5930.0,5750.0,5900.0,42560,0.0,0.0
2022-07-08 00:00:00+09:00,5940.0,6930.0,5940.0,6220.0,1078023,0.0,0.0
2022-07-11 00:00:00+09:00,6220.0,6280.0,6150.0,6200.0,104205,0.0,0.0
2022-07-12 00:00:00+09:00,6160.0,6290.0,5950.0,5960.0,133469,0.0,0.0
2022-07-13 00:00:00+09:00,5880.0,6020.0,5850.0,5960.0,62847,0.0,0.0
2022-07-14 00:00:00+09:00,5910.0,6080.0,5880.0,6020.0,49830,0.0,0.0
2022-07-15 00:00:00+09:00,6010.0,6030.0,5810.0,5850.0,66207,0.0,0.0
2022-07-18 00:00:00+09:00,5920.0,6080.0,5880.0,6050.0,50888,0.0,0.0
2022-07-19 00:00:00+09:00,6280.0,6290.0,6060.0,6200.0,159699,0.0,0.0
2022-07-20 00:00:00+09:00,6260.0,6510.0,6200.0,6220.0,270965,0.0,0.0
2022-07-21 00:00:00+09:00,6250.0,6400.0,6230.0,6290.0,73794,0.0,0.0
2022-07-22 00:00:00+09:00,6290.0,6360.0,6110.0,6310.0,54579,0.0,0.0
2022-07-25 00:00:00+09:00,6200.0,6350.0,6200.0,6210.0,43639,0.0,0.0
2022-07-26 00:00:00+09:00,6110.0,6260.0,6100.0,6240.0,42181,0.0,0.0
2022-07-27 00:00:00+09:00,6240.0,6270.0,6200.0,6250.0,21122,0.0,0.0
2022-07-28 00:00:00+09:00,6250.0,6390.0,6250.0,6290.0,69422,0.0,0.0
2022-07-29 00:00:00+09:00,6290.0,6380.0,6290.0,6300.0,39665,0.0,0.0
2022-08-01 00:00:00+09:00,6300.0,6350.0,6260.0,6290.0,25321,0.0,0.0
2022-08-02 00:00:00+09:00,6240.0,6300.0,6190.0,6240.0,39490,0.0,0.0
2022-08-03 00:00:00+09:00,6260.0,7160.0,6200.0,6400.0,3204405,0.0,0.0
2022-08-04 00:00:00+09:00,6450.0,6660.0,6410.0,6540.0,361323,0.0,0.0
2022-08-05 00:00:00+09:00,6600.0,6610.0,6400.0,6450.0,157588,0.0,0.0
2022-08-08 00:00:00+09:00,6410.0,6460.0,6310.0,6460.0,64139,0.0,0.0
2022-08-09 00:00:00+09:00,6460.0,6460.0,6330.0,6400.0,44614,0.0,0.0
2022-08-10 00:00:00+09:00,6390.0,6390.0,6270.0,6300.0,56714,0.0,0.0
2022-08-11 00:00:00+09:00,6340.0,6450.0,6330.0,6450.0,53319,0.0,0.0
2022-08-12 00:00:00+09:00,6450.0,6600.0,6440.0,6440.0,122260,0.0,0.0
2022-08-16 00:00:00+09:00,6440.0,6520.0,6420.0,6470.0,54314,0.0,0.0
2022-08-17 00:00:00+09:00,6420.0,6490.0,6330.0,6340.0,65642,0.0,0.0
2022-08-18 00:00:00+09:00,6340.0,6370.0,6250.0,6340.0,46508,0.0,0.0
2022-08-19 00:00:00+09:00,6330.0,6460.0,6320.0,6340.0,42953,0.0,0.0
2022-08-22 00:00:00+09:00,6220.0,6930.0,6160.0,6530.0,2156682,0.0,0.0
2022-08-23 00:00:00+09:00,6650.0,6900.0,6440.0,6450.0,790684,0.0,0.0
2022-08-24 00:00:00+09:00,6700.0,6960.0,6610.0,6840.0,1059075,0.0,0.0
2022-08-25 00:00:00+09:00,7120.0,7150.0,6700.0,6780.0,518009,0.0,0.0
2022-08-26 00:00:00+09:00,6720.0,6770.0,6550.0,6610.0,214280,0.0,0.0
2022-08-29 00:00:00+09:00,6500.0,7180.0,6410.0,6800.0,2064183,0.0,0.0
2022-08-30 00:00:00+09:00,6860.0,8680.0,6860.0,7860.0,17707840,0.0,0.0
2022-08-31 00:00:00+09:00,7260.0,7350.0,7130.0,7300.0,1639264,0.0,0.0
2022-09-01 00:00:00+09:00,7260.0,7870.0,7140.0,7270.0,4560738,0.0,0.0
2022-09-02 00:00:00+09:00,7810.0,8150.0,7380.0,7450.0,3173603,0.0,0.0
2022-09-05 00:00:00+09:00,7310.0,7440.0,7190.0,7330.0,434137,0.0,0.0
2022-09-06 00:00:00+09:00,7260.0,7750.0,7210.0,7350.0,1070259,0.0,0.0
2022-09-07 00:00:00+09:00,7350.0,7650.0,7350.0,7540.0,909582,0.0,0.0
2022-09-08 00:00:00+09:00,7580.0,7790.0,7180.0,7340.0,868259,0.0,0.0
2022-09-13 00:00:00+09:00,7390.0,7690.0,7240.0,7560.0,989808,0.0,0.0
2022-09-14 00:00:00+09:00,7250.0,7630.0,7200.0,7460.0,528585,0.0,0.0
2022-09-15 00:00:00+09:00,7530.0,7650.0,7400.0,7490.0,463220,0.0,0.0
2022-09-16 00:00:00+09:00,7410.0,7520.0,7250.0,7510.0,200782,0.0,0.0
2022-09-19 00:00:00+09:00,7480.0,7690.0,7260.0,7280.0,408000,0.0,0.0
2022-09-20 00:00:00+09:00,7390.0,7500.0,7240.0,7240.0,191014,0.0,0.0
2022-09-21 00:00:00+09:00,7140.0,7170.0,6670.0,6780.0,446223,0.0,0.0
2022-09-22 00:00:00+09:00,6710.0,6960.0,6600.0,6800.0,241445,0.0,0.0
2022-09-23 00:00:00+09:00,6730.0,6870.0,6350.0,6380.0,236244,0.0,0.0
2022-09-26 00:00:00+09:00,6250.0,7060.0,5980.0,6030.0,1084553,0.0,0.0
2022-09-27 00:00:00+09:00,5980.0,6140.0,5760.0,5900.0,260378,0.0,0.0
2022-09-28 00:00:00+09:00,5820.0,6040.0,5500.0,5600.0,200317,0.0,0.0
2022-09-29 00:00:00+09:00,5660.0,5920.0,5660.0,5660.0,123090,0.0,0.0
2022-09-30 00:00:00+09:00,5510.0,5960.0,5460.0,5620.0,218931,0.0,0.0
2022-10-04 00:00:00+09:00,5680.0,5950.0,5640.0,5890.0,101652,0.0,0.0
2022-10-05 00:00:00+09:00,5920.0,6020.0,5780.0,5810.0,81731,0.0,0.0
2022-10-06 00:00:00+09:00,5850.0,6220.0,5850.0,6030.0,324287,0.0,0.0
2022-10-07 00:00:00+09:00,5950.0,6090.0,5930.0,5960.0,89280,0.0,0.0
2022-10-11 00:00:00+09:00,5890.0,5890.0,5450.0,5520.0,142016,0.0,0.0
2022-10-12 00:00:00+09:00,5460.0,5530.0,5290.0,5370.0,96598,0.0,0.0
2022-10-13 00:00:00+09:00,5320.0,5370.0,4925.0,5010.0,160822,0.0,0.0
2022-10-14 00:00:00+09:00,5080.0,5250.0,5070.0,5220.0,90898,0.0,0.0
2022-10-17 00:00:00+09:00,5030.0,5470.0,5030.0,5280.0,48182,0.0,0.0
2022-10-18 00:00:00+09:00,5320.0,5460.0,5320.0,5420.0,53558,0.0,0.0
2022-10-19 00:00:00+09:00,5450.0,5530.0,5380.0,5400.0,66444,0.0,0.0
2022-10-20 00:00:00+09:00,5350.0,5430.0,5260.0,5280.0,37617,0.0,0.0
2022-10-21 00:00:00+09:00,5280.0,5290.0,5110.0,5120.0,37757,0.0,0.0
2022-10-24 00:00:00+09:00,5200.0,5370.0,5110.0,5150.0,67409,0.0,0.0
2022-10-25 00:00:00+09:00,5210.0,5310.0,5190.0,5300.0,37653,0.0,0.0
2022-10-26 00:00:00+09:00,5300.0,5330.0,5150.0,5150.0,37671,0.0,0.0
2022-10-27 00:00:00+09:00,5160.0,5300.0,5150.0,5230.0,35945,0.0,0.0
2022-10-28 00:00:00+09:00,5150.0,5360.0,5150.0,5280.0,42328,0.0,0.0
2022-10-31 00:00:00+09:00,5360.0,5370.0,5250.0,5270.0,31224,0.0,0.0
2022-11-01 00:00:00+09:00,5250.0,5480.0,5250.0,5460.0,78187,0.0,0.0
2022-11-02 00:00:00+09:00,5530.0,5530.0,5320.0,5340.0,89910,0.0,0.0
2022-11-03 00:00:00+09:00,5280.0,5470.0,5150.0,5390.0,68167,0.0,0.0
2022-11-04 00:00:00+09:00,5300.0,5350.0,5250.0,5330.0,44456,0.0,0.0
2022-11-07 00:00:00+09:00,5340.0,5550.0,5340.0,5420.0,67576,0.0,0.0
2022-11-08 00:00:00+09:00,5430.0,5520.0,5420.0,5520.0,62592,0.0,0.0
2022-11-09 00:00:00+09:00,5520.0,5600.0,5510.0,5550.0,46775,0.0,0.0
2022-11-10 00:00:00+09:00,5500.0,5520.0,5430.0,5510.0,32282,0.0,0.0
2022-11-11 00:00:00+09:00,5620.0,5650.0,5530.0,5580.0,78103,0.0,0.0
2022-11-14 00:00:00+09:00,5610.0,5730.0,5540.0,5640.0,56595,0.0,0.0
2022-11-15 00:00:00+09:00,5580.0,5690.0,5560.0,5630.0,42645,0.0,0.0
2022-11-16 00:00:00+09:00,5660.0,5760.0,5580.0,5640.0,53975,0.0,0.0
2022-11-17 00:00:00+09:00,5650.0,5680.0,5570.0,5570.0,44279,0.0,0.0
2022-11-18 00:00:00+09:00,5640.0,5640.0,5480.0,5490.0,36422,0.0,0.0
2022-11-21 00:00:00+09:00,5430.0,5500.0,5270.0,5290.0,62941,0.0,0.0
2022-11-22 00:00:00+09:00,5290.0,5390.0,5200.0,5330.0,25210,0.0,0.0
2022-11-23 00:00:00+09:00,5310.0,5410.0,5310.0,5360.0,21152,0.0,0.0
2022-11-24 00:00:00+09:00,5420.0,5420.0,5350.0,5370.0,21298,0.0,0.0
2022-11-25 00:00:00+09:00,5410.0,5470.0,5330.0,5380.0,26700,0.0,0.0
2022-11-28 00:00:00+09:00,5260.0,6650.0,5230.0,5970.0,5983294,0.0,0.0
2022-11-29 00:00:00+09:00,5800.0,6110.0,5800.0,5880.0,644314,0.0,0.0
2022-11-30 00:00:00+09:00,5880.0,5950.0,5780.0,5790.0,208919,0.0,0.0
2022-12-01 00:00:00+09:00,5790.0,5900.0,5780.0,5830.0,164489,0.0,0.0
2022-12-02 00:00:00+09:00,5800.0,5860.0,5680.0,5760.0,109613,0.0,0.0
2022-12-05 00:00:00+09:00,5780.0,5800.0,5690.0,5710.0,92165,0.0,0.0
2022-12-06 00:00:00+09:00,5660.0,5750.0,5630.0,5650.0,53727,0.0,0.0
2022-12-07 00:00:00+09:00,5610.0,5840.0,5600.0,5630.0,67763,0.0,0.0
2022-12-08 00:00:00+09:00,5590.0,5630.0,5360.0,5520.0,101663,0.0,0.0
2022-12-09 00:00:00+09:00,5520.0,5580.0,5450.0,5570.0,45621,0.0,0.0
2022-12-12 00:00:00+09:00,5490.0,5680.0,5490.0,5540.0,55846,0.0,0.0
2022-12-13 00:00:00+09:00,5580.0,5890.0,5540.0,5830.0,430247,0.0,0.0
2022-12-14 00:00:00+09:00,5810.0,6390.0,5730.0,5780.0,2022328,0.0,0.0
2022-12-15 00:00:00+09:00,5710.0,5840.0,5660.0,5810.0,118222,0.0,0.0
2022-12-16 00:00:00+09:00,5680.0,5750.0,5550.0,5550.0,117621,0.0,0.0
2022-12-19 00:00:00+09:00,5510.0,5610.0,5500.0,5530.0,48963,0.0,0.0
2022-12-20 00:00:00+09:00,5470.0,5560.0,5340.0,5360.0,109047,0.0,0.0
2022-12-21 00:00:00+09:00,5380.0,5470.0,5310.0,5390.0,37985,0.0,0.0
2022-12-22 00:00:00+09:00,5400.0,5650.0,5400.0,5480.0,64682,0.0,0.0
2022-12-23 00:00:00+09:00,5430.0,5460.0,5230.0,5230.0,85648,0.0,0.0
2022-12-26 00:00:00+09:00,5250.0,5280.0,5060.0,5060.0,79034,0.0,0.0
2022-12-27 00:00:00+09:00,5060.0,5350.0,5010.0,5170.0,66953,0.0,0.0
2022-12-28 00:00:00+09:00,5110.0,5220.0,5110.0,5180.0,23013,0.0,0.0
2022-12-29 00:00:00+09:00,5180.0,5310.0,4965.0,4995.0,76789,0.0,0.0
2023-01-02 00:00:00+09:00,4995.0,5050.0,4630.0,4840.0,65150,0.0,0.0
2023-01-03 00:00:00+09:00,4650.0,4905.0,4650.0,4785.0,54644,0.0,0.0
2023-01-04 00:00:00+09:00,4725.0,4950.0,4725.0,4945.0,27501,0.0,0.0
2023-01-05 00:00:00+09:00,4945.0,5120.0,4925.0,5060.0,33590,0.0,0.0
2023-01-06 00:00:00+09:00,4995.0,5120.0,4960.0,5080.0,43665,0.0,0.0
2023-01-09 00:00:00+09:00,5120.0,5210.0,5090.0,5180.0,40483,0.0,0.0
2023-01-10 00:00:00+09:00,5130.0,5240.0,5130.0,5190.0,28693,0.0,0.0
2023-01-11 00:00:00+09:00,5170.0,5260.0,5160.0,5230.0,30349,0.0,0.0
2023-01-12 00:00:00+09:00,5230.0,5630.0,5210.0,5230.0,434132,0.0,0.0
2023-01-13 00:00:00+09:00,5280.0,5380.0,5250.0,5280.0,75812,0.0,0.0
2023-01-16 00:00:00+09:00,5280.0,5340.0,5250.0,5280.0,21617,0.0,0.0
2023-01-17 00:00:00+09:00,5230.0,5340.0,5150.0,5180.0,46087,0.0,0.0
2023-01-18 00:00:00+09:00,5160.0,5230.0,5160.0,5170.0,24026,0.0,0.0
2023-01-19 00:00:00+09:00,5170.0,5310.0,5110.0,5240.0,41117,0.0,0.0
2023-01-20 00:00:00+09:00,5210.0,5500.0,5200.0,5350.0,160834,0.0,0.0
2023-01-25 00:00:00+09:00,5350.0,5370.0,5270.0,5350.0,197673,0.0,0.0
2023-01-26 00:00:00+09:00,5410.0,5490.0,5350.0,5490.0,72379,0.0,0.0
2023-01-27 00:00:00+09:00,5520.0,5520.0,5430.0,5430.0,35528,0.0,0.0
2023-01-30 00:00:00+09:00,5430.0,5480.0,5370.0,5450.0,46007,0.0,0.0
2023-01-31 00:00:00+09:00,5400.0,5490.0,5340.0,5420.0,37577,0.0,0.0
2023-02-01 00:00:00+09:00,5490.0,6400.0,5490.0,5710.0,4075070,0.0,0.0
2023-02-02 00:00:00+09:00,5740.0,5800.0,5690.0,5740.0,203818,0.0,0.0
2023-02-03 00:00:00+09:00,5730.0,5810.0,5650.0,5670.0,166811,0.0,0.0
2023-02-06 00:00:00+09:00,5610.0,5750.0,5590.0,5690.0,105828,0.0,0.0
2023-02-07 00:00:00+09:00,5700.0,5720.0,5630.0,5680.0,61948,0.0,0.0
2023-02-08 00:00:00+09:00,5690.0,5800.0,5650.0,5750.0,154970,0.0,0.0
2023-02-09 00:00:00+09:00,5720.0,5840.0,5720.0,5840.0,113551,0.0,0.0
2023-02-10 00:00:00+09:00,5850.0,5860.0,5660.0,5660.0,90361,0.0,0.0
2023-02-13 00:00:00+09:00,5660.0,5660.0,5530.0,5630.0,55095,0.0,0.0
2023-02-14 00:00:00+09:00,5630.0,5780.0,5630.0,5720.0,57844,0.0,0.0
2023-02-15 00:00:00+09:00,5760.0,5770.0,5450.0,5540.0,85011,0.0,0.0
2023-02-16 00:00:00+09:00,5510.0,5610.0,5510.0,5550.0,47690,0.0,0.0
2023-02-17 00:00:00+09:00,5580.0,5680.0,5530.0,5620.0,40406,0.0,0.0
2023-02-20 00:00:00+09:00,5630.0,5650.0,5510.0,5640.0,48559,0.0,0.0
2023-02-21 00:00:00+09:00,5640.0,5880.0,5630.0,5690.0,231779,0.0,0.0
2023-02-22 00:00:00+09:00,5600.0,5830.0,5590.0,5720.0,178211,0.0,0.0
2023-02-23 00:00:00+09:00,5790.0,5790.0,5600.0,5600.0,69805,0.0,0.0
2023-02-24 00:00:00+09:00,5630.0,5630.0,5370.0,5380.0,112063,0.0,0.0
2023-02-27 00:00:00+09:00,5350.0,5410.0,5160.0,5380.0,68524,0.0,0.0
2023-02-28 00:00:00+09:00,5310.0,5460.0,5310.0,5320.0,42625,0.0,0.0
2023-03-02 00:00:00+09:00,5330.0,5460.0,5320.0,5340.0,32835,0.0,0.0
2023-03-03 00:00:00+09:00,5350.0,5400.0,5310.0,5340.0,29346,0.0,0.0
2023-03-06 00:00:00+09:00,5370.0,5370.0,5300.0,5330.0,43077,0.0,0.0
2023-03-07 00:00:00+09:00,5330.0,5440.0,5270.0,5440.0,56887,0.0,0.0
2023-03-08 00:00:00+09:00,5350.0,5440.0,5340.0,5360.0,39772,0.0,0.0
2023-03-09 00:00:00+09:00,5320.0,5450.0,5230.0,5250.0,59368,0.0,0.0
2023-03-10 00:00:00+09:00,5200.0,5390.0,5140.0,5190.0,55314,0.0,0.0
2023-03-13 00:00:00+09:00,5160.0,5160.0,4980.0,5160.0,83140,0.0,0.0
2023-03-14 00:00:00+09:00,5100.0,5110.0,4900.0,4920.0,60577,0.0,0.0
2023-03-15 00:00:00+09:00,4930.0,5060.0,4930.0,4985.0,34328,0.0,0.0
2023-03-16 00:00:00+09:00,4935.0,4980.0,4855.0,4935.0,24809,0.0,0.0
2023-03-17 00:00:00+09:00,4935.0,5120.0,4935.0,5090.0,30868,0.0,0.0
2023-03-20 00:00:00+09:00,5050.0,5160.0,5050.0,5130.0,19756,0.0,0.0
2023-03-21 00:00:00+09:00,5100.0,5170.0,5040.0,5080.0,21933,0.0,0.0
2023-03-22 00:00:00+09:00,5100.0,5100.0,4970.0,4990.0,38303,0.0,0.0
2023-03-23 00:00:00+09:00,4940.0,5010.0,4935.0,4955.0,21836,0.0,0.0
2023-03-24 00:00:00+09:00,4925.0,5040.0,4925.0,4990.0,30011,0.0,0.0
2023-03-27 00:00:00+09:00,5000.0,5100.0,4950.0,5010.0,29401,0.0,0.0
2023-03-28 00:00:00+09:00,4970.0,5100.0,4960.0,5090.0,41557,0.0,0.0
2023-03-29 00:00:00+09:00,5090.0,5120.0,5040.0,5100.0,25246,0.0,0.0
2023-03-30 00:00:00+09:00,5100.0,5150.0,5040.0,5130.0,35323,0.0,0.0
2023-03-31 00:00:00+09:00,5090.0,5150.0,5060.0,5120.0,23230,0.0,0.0
2023-04-03 00:00:00+09:00,5150.0,5150.0,5040.0,5060.0,45130,0.0,0.0
2023-04-04 00:00:00+09:00,5060.0,5210.0,5060.0,5180.0,53734,0.0,0.0
2023-04-05 00:00:00+09:00,5180.0,5210.0,5100.0,5210.0,33469,0.0,0.0
2023-04-06 00:00:00+09:00,5250.0,5250.0,5090.0,5110.0,32939,0.0,0.0
2023-04-07 00:00:00+09:00,5110.0,5110.0,5030.0,5040.0,29077,0.0,0.0
2023-04-10 00:00:00+09:00,5040.0,5040.0,4910.0,4965.0,41772,0.0,0.0
2023-04-11 00:00:00+09:00,4915.0,5050.0,4890.0,5020.0,41979,0.0,0.0
2023-04-12 00:00:00+09:00,5010.0,5140.0,5000.0,5070.0,34110,0.0,0.0
2023-04-13 00:00:00+09:00,5070.0,5090.0,4980.0,5080.0,37679,0.0,0.0
2023-04-14 00:00:00+09:00,5160.0,5160.0,5080.0,5110.0,32887,0.0,0.0
2023-04-17 00:00:00+09:00,5180.0,5180.0,5090.0,5180.0,39745,0.0,0.0
2023-04-18 00:00:00+09:00,5160.0,5190.0,5090.0,5160.0,39183,0.0,0.0
2023-04-19 00:00:00+09:00,5160.0,5180.0,5100.0,5170.0,40016,0.0,0.0
2023-04-20 00:00:00+09:00,5160.0,5380.0,5110.0,5210.0,86241,0.0,0.0
2023-04-21 00:00:00+09:00,5180.0,5300.0,5100.0,5190.0,110145,0.0,0.0
2023-04-24 00:00:00+09:00,5180.0,5180.0,5000.0,5050.0,76337,0.0,0.0
2023-04-25 00:00:00+09:00,5010.0,5070.0,4935.0,5050.0,48529,0.0,0.0
2023-04-26 00:00:00+09:00,4965.0,5100.0,4950.0,5070.0,32213,0.0,0.0
2023-04-27 00:00:00+09:00,5120.0,5120.0,4985.0,5030.0,20202,0.0,0.0
2023-04-28 00:00:00+09:00,5050.0,5050.0,4905.0,4935.0,46915,0.0,0.0
2023-05-02 00:00:00+09:00,4935.0,4995.0,4930.0,4950.0,20894,0.0,0.0
2023-05-03 00:00:00+09:00,4870.0,4970.0,4870.0,4960.0,17796,0.0,0.0
2023-05-04 00:00:00+09:00,4905.0,4935.0,4860.0,4930.0,32576,0.0,0.0
2023-05-08 00:00:00+09:00,4930.0,5150.0,4925.0,5080.0,72875,0.0,0.0
2023-05-09 00:00:00+09:00,5050.0,6220.0,5050.0,5340.0,13066840,0.0,0.0
2023-05-10 00:00:00+09:00,5350.0,5390.0,5150.0,5250.0,683046,0.0,0.0
2023-05-11 00:00:00+09:00,5250.0,5270.0,5130.0,5130.0,244767,0.0,0.0
2023-05-12 00:00:00+09:00,5080.0,5130.0,5000.0,5000.0,166307,0.0,0.0
2023-05-15 00:00:00+09:00,5000.0,5270.0,5000.0,5090.0,331875,0.0,0.0
2023-05-16 00:00:00+09:00,5180.0,5230.0,5090.0,5190.0,126661,0.0,0.0
2023-05-17 00:00:00+09:00,5190.0,5200.0,5000.0,5120.0,111006,0.0,0.0
2023-05-18 00:00:00+09:00,5090.0,5200.0,5070.0,5130.0,88402,0.0,0.0
2023-05-19 00:00:00+09:00,5130.0,5220.0,5130.0,5220.0,82032,0.0,0.0
2023-05-22 00:00:00+09:00,5690.0,6250.0,5400.0,5470.0,6972063,0.0,0.0
2023-05-23 00:00:00+09:00,5470.0,5620.0,5380.0,5490.0,508665,0.0,0.0
2023-05-24 00:00:00+09:00,5490.0,5970.0,5460.0,5560.0,2361051,0.0,0.0
2023-05-25 00:00:00+09:00,5510.0,5810.0,5510.0,5550.0,612711,0.0,0.0
2023-05-26 00:00:00+09:00,5500.0,5530.0,5360.0,5460.0,185947,0.0,0.0
2023-05-30 00:00:00+09:00,5400.0,5450.0,5350.0,5410.0,110035,0.0,0.0
2023-05-31 00:00:00+09:00,5900.0,5900.0,5600.0,5600.0,678520,0.0,0.0
2023-06-01 00:00:00+09:00,5600.0,5680.0,5510.0,5520.0,113443,0.0,0.0
2023-06-02 00:00:00+09:00,5570.0,5700.0,5530.0,5670.0,146527,0.0,0.0
2023-06-05 00:00:00+09:00,5700.0,5770.0,5560.0,5680.0,117011,0.0,0.0
2023-06-07 00:00:00+09:00,5630.0,6040.0,5630.0,5830.0,981105,0.0,0.0
2023-06-08 00:00:00+09:00,5870.0,5900.0,5710.0,5750.0,331465,0.0,0.0
2023-06-09 00:00:00+09:00,5860.0,5940.0,5720.0,5770.0,265453,0.0,0.0
2023-06-12 00:00:00+09:00,5850.0,6290.0,5780.0,5910.0,1283641,0.0,0.0
2023-06-13 00:00:00+09:00,5950.0,5970.0,5820.0,5860.0,175288,0.0,0.0
2023-06-14 00:00:00+09:00,6070.0,6390.0,5850.0,6010.0,2242564,0.0,0.0
2023-06-15 00:00:00+09:00,6010.0,6580.0,5900.0,6060.0,2377671,0.0,0.0
2023-06-16 00:00:00+09:00,6170.0,6250.0,6080.0,6150.0,618239,0.0,0.0
2023-06-19 00:00:00+09:00,6200.0,6200.0,6030.0,6090.0,227426,0.0,0.0
2023-06-20 00:00:00+09:00,6030.0,6070.0,5800.0,5840.0,245444,0.0,0.0
2023-06-21 00:00:00+09:00,5840.0,5920.0,5720.0,5820.0,126933,0.0,0.0
2023-06-22 00:00:00+09:00,5730.0,5900.0,5430.0,5740.0,137834,0.0,0.0
2023-06-23 00:00:00+09:00,5660.0,5980.0,5650.0,5740.0,189695,0.0,0.0
2023-06-26 00:00:00+09:00,5660.0,5710.0,5550.0,5710.0,70290,0.0,0.0
2023-06-27 00:00:00+09:00,5630.0,5740.0,5510.0,5590.0,96120,0.0,0.0
2023-06-28 00:00:00+09:00,5610.0,5660.0,5510.0,5540.0,61986,0.0,0.0
2023-06-29 00:00:00+09:00,5550.0,5850.0,5480.0,5520.0,206849,0.0,0.0
2023-06-30 00:00:00+09:00,5510.0,5670.0,5440.0,5660.0,90402,0.0,0.0
2023-07-03 00:00:00+09:00,5690.0,5750.0,5610.0,5690.0,70218,0.0,0.0
2023-07-04 00:00:00+09:00,5710.0,5880.0,5540.0,5760.0,131403,0.0,0.0
2023-07-05 00:00:00+09:00,5740.0,5770.0,5530.0,5560.0,93300,0.0,0.0
2023-07-06 00:00:00+09:00,5510.0,5670.0,5340.0,5390.0,89358,0.0,0.0
2023-07-07 00:00:00+09:00,5380.0,5410.0,5230.0,5260.0,79319,0.0,0.0
2023-07-10 00:00:00+09:00,5260.0,5460.0,5230.0,5330.0,45176,0.0,0.0
2023-07-12 00:00:00+09:00,5300.0,5390.0,5290.0,5310.0,28567,0.0,0.0
2023-07-13 00:00:00+09:00,5290.0,5400.0,5290.0,5300.0,33907,0.0,0.0
2023-07-14 00:00:00+09:00,5300.0,5420.0,5170.0,5390.0,103079,0.0,0.0
2023-07-17 00:00:00+09:00,5370.0,5370.0,5180.0,5230.0,49739,0.0,0.0
2023-07-18 00:00:00+09:00,5280.0,5460.0,5160.0,5220.0,113720,0.0,0.0
2023-07-19 00:00:00+09:00,5220.0,5250.0,5130.0,5180.0,53546,0.0,0.0
2023-07-20 00:00:00+09:00,5130.0,5390.0,5130.0,5200.0,65679,0.0,0.0
2023-07-21 00:00:00+09:00,5200.0,5590.0,5200.0,5260.0,204054,0.0,0.0
2023-07-24 00:00:00+09:00,5310.0,5310.0,5050.0,5100.0,71611,0.0,0.0
2023-07-25 00:00:00+09:00,5050.0,5140.0,4965.0,4970.0,84564,0.0,0.0
2023-07-26 00:00:00+09:00,4935.0,4995.0,4650.0,4750.0,132595,0.0,0.0
2023-07-27 00:00:00+09:00,4660.0,4960.0,4660.0,4825.0,72314,0.0,0.0
2023-07-28 00:00:00+09:00,4750.0,5060.0,4750.0,5040.0,49155,0.0,0.0
2023-07-31 00:00:00+09:00,5040.0,5070.0,5000.0,5040.0,34182,0.0,0.0
2023-08-01 00:00:00+09:00,5070.0,5130.0,5010.0,5070.0,29672,0.0,0.0
2023-08-02 00:00:00+09:00,5070.0,5140.0,4920.0,5020.0,31778,0.0,0.0
2023-08-03 00:00:00+09:00,5050.0,5050.0,4905.0,4955.0,33016,0.0,0.0
2023-08-04 00:00:00+09:00,4920.0,4990.0,4700.0,4940.0,49069,0.0,0.0
2023-08-07 00:00:00+09:00,4890.0,5030.0,4885.0,5030.0,32686,0.0,0.0
2023-08-08 00:00:00+09:00,4980.0,5100.0,4905.0,4935.0,37215,0.0,0.0
2023-08-09 00:00:00+09:00,4920.0,5010.0,4875.0,4985.0,22040,0.0,0.0
2023-08-10 00:00:00+09:00,4920.0,5060.0,4920.0,5030.0,41246,0.0,0.0
2023-08-11 00:00:00+09:00,5030.0,5090.0,4955.0,5000.0,36960,0.0,0.0
2023-08-14 00:00:00+09:00,5060.0,5060.0,4865.0,4915.0,39391,0.0,0.0
2023-08-16 00:00:00+09:00,4900.0,4930.0,4760.0,4785.0,45503,0.0,0.0
2023-08-17 00:00:00+09:00,4750.0,4830.0,4640.0,4830.0,45544,0.0,0.0
2023-08-18 00:00:00+09:00,4730.0,4830.0,4700.0,4780.0,22327,0.0,0.0
2023-08-21 00:00:00+09:00,4790.0,4905.0,4700.0,4750.0,29383,0.0,0.0
2023-08-22 00:00:00+09:00,4720.0,5090.0,4700.0,4945.0,171222,0.0,0.0
2023-08-23 00:00:00+09:00,4925.0,5020.0,4805.0,4805.0,37820,0.0,0.0
2023-08-24 00:00:00+09:00,4770.0,4925.0,4765.0,4890.0,21753,0.0,0.0
2023-08-25 00:00:00+09:00,4815.0,5360.0,4815.0,4960.0,528756,0.0,0.0
2023-08-28 00:00:00+09:00,4980.0,5130.0,4980.0,5030.0,60408,0.0,0.0
2023-08-29 00:00:00+09:00,5030.0,5150.0,5010.0,5050.0,36393,0.0,0.0
2023-08-30 00:00:00+09:00,5080.0,5080.0,5020.0,5040.0,20632,0.0,0.0
2023-08-31 00:00:00+09:00,5010.0,5070.0,4945.0,4945.0,46355,0.0,0.0
2023-09-01 00:00:00+09:00,4945.0,5010.0,4910.0,4920.0,26478,0.0,0.0
2023-09-04 00:00:00+09:00,4895.0,4920.0,4810.0,4860.0,23282,0.0,0.0
2023-09-05 00:00:00+09:00,4865.0,4965.0,4865.0,4895.0,21713,0.0,0.0
2023-09-06 00:00:00+09:00,4900.0,4920.0,4845.0,4860.0,19437,0.0,0.0
2023-09-07 00:00:00+09:00,4860.0,4875.0,4780.0,4790.0,23382,0.0,0.0
2023-09-08 00:00:00+09:00,4770.0,4870.0,4770.0,4840.0,23317,0.0,0.0
2023-09-11 00:00:00+09:00,4830.0,4890.0,4795.0,4890.0,20144,0.0,0.0
2023-09-12 00:00:00+09:00,4850.0,5010.0,4820.0,4840.0,15312,0.0,0.0
2023-09-13 00:00:00+09:00,4845.0,4865.0,4780.0,4780.0,27974,0.0,0.0
2023-09-14 00:00:00+09:00,4720.0,4810.0,4720.0,4785.0,22591,0.0,0.0
2023-09-15 00:00:00+09:00,4785.0,4855.0,4770.0,4845.0,18008,0.0,0.0
2023-09-18 00:00:00+09:00,4860.0,4860.0,4750.0,4800.0,20765,0.0,0.0
2023-09-19 00:00:00+09:00,4750.0,4795.0,4750.0,4750.0,35373,0.0,0.0
2023-09-20 00:00:00+09:00,4735.0,4745.0,4705.0,4710.0,13964,0.0,0.0
2023-09-21 00:00:00+09:00,4710.0,4720.0,4605.0,4660.0,45080,0.0,0.0
2023-09-22 00:00:00+09:00,4450.0,4690.0,4450.0,4580.0,27362,0.0,0.0
2023-09-25 00:00:00+09:00,4560.0,4575.0,4330.0,4370.0,86850,0.0,0.0
2023-09-26 00:00:00+09:00,4340.0,4410.0,4295.0,4310.0,21166,0.0,0.0
2023-09-27 00:00:00+09:00,4260.0,4390.0,4205.0,4385.0,20198,0.0,0.0
2023-10-04 00:00:00+09:00,4380.0,4380.0,4185.0,4260.0,34500,0.0,0.0
2023-10-05 00:00:00+09:00,4240.0,4370.0,4180.0,4180.0,20869,0.0,0.0
2023-10-06 00:00:00+09:00,4205.0,4260.0,4095.0,4235.0,12407,0.0,0.0
2023-10-10 00:00:00+09:00,4145.0,4240.0,4065.0,4185.0,21121,0.0,0.0
2023-10-11 00:00:00+09:00,4190.0,4310.0,4110.0,4220.0,8872,0.0,0.0
2023-10-12 00:00:00+09:00,4215.0,4330.0,4215.0,4310.0,9234,0.0,0.0
2023-10-13 00:00:00+09:00,4305.0,5260.0,4270.0,4350.0,1498582,0.0,0.0
2023-10-16 00:00:00+09:00,4350.0,4780.0,4340.0,4485.0,566265,0.0,0.0
2023-10-17 00:00:00+09:00,4445.0,4545.0,4355.0,4360.0,79824,0.0,0.0
2023-10-18 00:00:00+09:00,4400.0,4430.0,4300.0,4300.0,52490,0.0,0.0
2023-10-19 00:00:00+09:00,4260.0,4355.0,4220.0,4220.0,51025,0.0,0.0
2023-10-20 00:00:00+09:00,4220.0,4265.0,4110.0,4120.0,53051,0.0,0.0
2023-10-23 00:00:00+09:00,4070.0,4160.0,4070.0,4100.0,19295,0.0,0.0
2023-10-24 00:00:00+09:00,4080.0,4145.0,4020.0,4130.0,33454,0.0,0.0
2023-10-25 00:00:00+09:00,4155.0,4990.0,4155.0,4300.0,2125453,0.0,0.0
2023-10-26 00:00:00+09:00,4210.0,4230.0,4065.0,4070.0,154583,0.0,0.0
2023-10-27 00:00:00+09:00,4075.0,4150.0,4020.0,4035.0,117031,0.0,0.0
2023-10-30 00:00:00+09:00,4005.0,4115.0,4005.0,4100.0,34881,0.0,0.0
2023-10-31 00:00:00+09:00,4100.0,4140.0,4000.0,4005.0,45783,0.0,0.0
2023-11-01 00:00:00+09:00,4125.0,4265.0,4065.0,4175.0,82756,0.0,0.0
2023-11-02 00:00:00+09:00,4175.0,4220.0,4150.0,4205.0,45419,0.0,0.0
2023-11-03 00:00:00+09:00,4255.0,4255.0,4170.0,4240.0,32595,0.0,0.0
2023-11-06 00:00:00+09:00,4240.0,4285.0,4200.0,4250.0,57275,0.0,0.0
2023-11-07 00:00:00+09:00,4235.0,4275.0,4185.0,4270.0,39827,0.0,0.0
2023-11-08 00:00:00+09:00,4270.0,4300.0,4235.0,4290.0,18208,0.0,0.0
2023-11-09 00:00:00+09:00,4275.0,4305.0,4250.0,4260.0,18902,0.0,0.0
2023-11-10 00:00:00+09:00,4300.0,4300.0,4210.0,4210.0,24283,0.0,0.0
2023-11-13 00:00:00+09:00,4255.0,4265.0,4125.0,4125.0,22785,0.0,0.0
2023-11-14 00:00:00+09:00,4125.0,4210.0,4110.0,4195.0,8020,0.0,0.0
2023-11-15 00:00:00+09:00,4215.0,4280.0,4205.0,4260.0,10768,0.0,0.0
2023-11-16 00:00:00+09:00,4260.0,4380.0,4245.0,4310.0,36250,0.0,0.0
2023-11-17 00:00:00+09:00,4300.0,4370.0,4255.0,4305.0,16056,0.0,0.0
2023-11-20 00:00:00+09:00,4220.0,4355.0,4220.0,4355.0,22832,0.0,0.0
2023-11-21 00:00:00+09:00,4355.0,4410.0,4315.0,4385.0,30929,0.0,0.0
2023-11-22 00:00:00+09:00,4385.0,4385.0,4305.0,4345.0,15582,0.0,0.0
2023-11-23 00:00:00+09:00,4390.0,4390.0,4305.0,4315.0,10584,0.0,0.0
2023-11-24 00:00:00+09:00,4320.0,4350.0,4265.0,4315.0,16752,0.0,0.0
2023-11-27 00:00:00+09:00,4310.0,4315.0,4205.0,4275.0,18416,0.0,0.0
2023-11-28 00:00:00+09:00,4245.0,4320.0,4190.0,4250.0,31128,0.0,0.0
2023-11-29 00:00:00+09:00,4220.0,4305.0,4220.0,4245.0,20601,0.0,0.0
2023-11-30 00:00:00+09:00,4245.0,4270.0,4185.0,4205.0,17611,0.0,0.0
2023-12-01 00:00:00+09:00,4235.0,4370.0,4230.0,4330.0,29434,0.0,0.0
2023-12-04 00:00:00+09:00,4330.0,4330.0,4160.0,4295.0,19541,0.0,0.0
2023-12-05 00:00:00+09:00,4265.0,4300.0,4235.0,4235.0,18406,0.0,0.0
2023-12-06 00:00:00+09:00,4235.0,4325.0,4220.0,4265.0,28561,0.0,0.0
2023-12-07 00:00:00+09:00,4265.0,4270.0,4200.0,4210.0,28382,0.0,0.0
2023-12-08 00:00:00+09:00,4205.0,4245.0,4200.0,4225.0,19595,0.0,0.0
2023-12-11 00:00:00+09:00,4240.0,4250.0,4215.0,4245.0,16787,0.0,0.0
2023-12-12 00:00:00+09:00,4185.0,4250.0,4185.0,4200.0,18412,0.0,0.0
2023-12-13 00:00:00+09:00,4200.0,4220.0,4195.0,4200.0,15268,0.0,0.0
2023-12-14 00:00:00+09:00,4190.0,4390.0,4190.0,4300.0,55004,0.0,0.0
2023-12-15 00:00:00+09:00,4290.0,4325.0,4260.0,4285.0,13748,0.0,0.0
2023-12-18 00:00:00+09:00,4290.0,4345.0,4270.0,4270.0,14176,0.0,0.0
2023-12-19 00:00:00+09:00,4270.0,4295.0,4210.0,4275.0,18309,0.0,0.0
2023-12-20 00:00:00+09:00,4295.0,4385.0,4295.0,4350.0,35868,0.0,0.0
2023-12-21 00:00:00+09:00,4350.0,4360.0,4300.0,4330.0,23343,0.0,0.0
2023-12-22 00:00:00+09:00,4400.0,4400.0,4280.0,4315.0,21202,0.0,0.0
2023-12-26 00:00:00+09:00,4220.0,4300.0,4220.0,4245.0,22227,0.0,0.0
2023-12-27 00:00:00+09:00,4160.0,4240.0,4160.0,4225.0,26512,0.0,0.0
2023-12-28 00:00:00+09:00,4200.0,4265.0,4190.0,4230.0,11918,0.0,0.0
2024-01-02 00:00:00+09:00,4250.0,4310.0,4195.0,4295.0,28386,0.0,0.0
2024-01-03 00:00:00+09:00,4295.0,4305.0,4225.0,4300.0,9573,0.0,0.0
2024-01-04 00:00:00+09:00,4300.0,4725.0,4270.0,4365.0,507474,0.0,0.0
2024-01-05 00:00:00+09:00,4310.0,4400.0,4290.0,4345.0,42050,0.0,0.0
2024-01-08 00:00:00+09:00,4400.0,4430.0,4335.0,4355.0,28571,0.0,0.0
2024-01-09 00:00:00+09:00,4355.0,4410.0,4330.0,4395.0,14629,0.0,0.0
2024-01-10 00:00:00+09:00,4380.0,4410.0,4345.0,4370.0,15035,0.0,0.0
2024-01-11 00:00:00+09:00,4375.0,4410.0,4360.0,4380.0,19813,0.0,0.0
2024-01-12 00:00:00+09:00,4380.0,5000.0,4335.0,4495.0,1477707,0.0,0.0
2024-01-15 00:00:00+09:00,4520.0,4620.0,4430.0,4570.0,127162,0.0,0.0
2024-01-16 00:00:00+09:00,4575.0,4590.0,4450.0,4485.0,84588,0.0,0.0
2024-01-17 00:00:00+09:00,4490.0,4850.0,4460.0,4620.0,471579,0.0,0.0
2024-01-18 00:00:00+09:00,4760.0,4815.0,4555.0,4600.0,217860,0.0,0.0
2024-01-19 00:00:00+09:00,4560.0,5190.0,4550.0,4750.0,1686695,0.0,0.0
2024-01-22 00:00:00+09:00,4730.0,4730.0,4500.0,4555.0,272584,0.0,0.0
2024-01-23 00:00:00+09:00,4620.0,4750.0,4585.0,4700.0,218220,0.0,0.0
2024-01-24 00:00:00+09:00,4710.0,4795.0,4620.0,4675.0,72795,0.0,0.0
2024-01-25 00:00:00+09:00,4675.0,4675.0,4500.0,4500.0,74837,0.0,0.0
2024-01-26 00:00:00+09:00,4500.0,4735.0,4500.0,4685.0,78123,0.0,0.0
2024-01-29 00:00:00+09:00,4685.0,4725.0,4535.0,4540.0,45676,0.0,0.0
2024-01-30 00:00:00+09:00,4505.0,4600.0,4505.0,4540.0,24068,0.0,0.0
2024-01-31 00:00:00+09:00,4550.0,4680.0,4500.0,4565.0,24484,0.0,0.0
2024-02-01 00:00:00+09:00,4565.0,4865.0,4465.0,4590.0,300924,0.0,0.0
2024-02-02 00:00:00+09:00,4580.0,4635.0,4505.0,4600.0,44667,0.0,0.0
2024-02-05 00:00:00+09:00,4600.0,4695.0,4550.0,4555.0,42443,0.0,0.0
2024-02-06 00:00:00+09:00,4560.0,4635.0,4525.0,4570.0,26082,0.0,0.0
2024-02-07 00:00:00+09:00,4575.0,4625.0,4450.0,4505.0,57724,0.0,0.0
2024-02-08 00:00:00+09:00,4475.0,4550.0,4390.0,4420.0,50015,0.0,0.0
2024-02-13 00:00:00+09:00,4425.0,4450.0,4270.0,4400.0,72567,0.0,0.0
2024-02-14 00:00:00+09:00,4435.0,4470.0,4360.0,4435.0,19213,0.0,0.0
2024-02-15 00:00:00+09:00,4435.0,4485.0,4400.0,4450.0,16718,0.0,0.0
2024-02-16 00:00:00+09:00,4450.0,4475.0,4420.0,4450.0,25908,0.0,0.0
2024-02-19 00:00:00+09:00,4450.0,4495.0,4450.0,4470.0,17293,0.0,0.0
2024-02-20 00:00:00+09:00,4470.0,4525.0,4455.0,4520.0,27509,0.0,0.0
2024-02-21 00:00:00+09:00,4520.0,4520.0,4410.0,4430.0,18219,0.0,0.0
2024-02-22 00:00:00+09:00,4415.0,4485.0,4410.0,4480.0,24768,0.0,0.0
2024-02-23 00:00:00+09:00,4480.0,4530.0,4405.0,4405.0,18641,0.0,0.0
2024-02-26 00:00:00+09:00,4405.0,4410.0,4330.0,4370.0,26126,0.0,0.0
2024-02-27 00:00:00+09:00,4375.0,4415.0,4215.0,4260.0,78672,0.0,0.0
2024-02-28 00:00:00+09:00,4260.0,4290.0,4205.0,4240.0,25506,0.0,0.0
2024-02-29 00:00:00+09:00,4220.0,4265.0,4200.0,4200.0,43613,0.0,0.0
2024-03-04 00:00:00+09:00,4170.0,4235.0,4165.0,4210.0,14088,0.0,0.0
2024-03-05 00:00:00+09:00,4210.0,4255.0,4185.0,4215.0,16224,0.0,0.0
2024-03-06 00:00:00+09:00,4240.0,4245.0,4125.0,4130.0,36656,0.0,0.0
2024-03-07 00:00:00+09:00,4130.0,4150.0,4025.0,4055.0,34615,0.0,0.0
2024-03-08 00:00:00+09:00,4085.0,4125.0,4055.0,4085.0,15626,0.0,0.0
2024-03-11 00:00:00+09:00,4120.0,4280.0,4070.0,4190.0,15218,0.0,0.0
2024-03-12 00:00:00+09:00,4185.0,4190.0,4060.0,4115.0,15961,0.0,0.0
2024-03-13 00:00:00+09:00,4115.0,4130.0,4030.0,4085.0,26386,0.0,0.0
2024-03-14 00:00:00+09:00,4110.0,4170.0,4050.0,4165.0,25688,0.0,0.0
2024-03-15 00:00:00+09:00,4115.0,4240.0,4115.0,4235.0,37911,0.0,0.0
2024-03-18 00:00:00+09:00,4185.0,4325.0,4185.0,4250.0,61548,0.0,0.0
2024-03-19 00:00:00+09:00,4245.0,4415.0,4245.0,4415.0,77704,0.0,0.0
2024-03-20 00:00:00+09:00,4410.0,4630.0,4315.0,4500.0,125084,0.0,0.0
2024-03-21 00:00:00+09:00,4455.0,4600.0,4420.0,4495.0,45776,0.0,0.0
2024-03-22 00:00:00+09:00,4455.0,4560.0,4395.0,4435.0,27158,0.0,0.0
2024-03-25 00:00:00+09:00,4435.0,4550.0,4360.0,4400.0,15194,0.0,0.0
2024-03-26 00:00:00+09:00,4405.0,4405.0,4310.0,4355.0,13931,0.0,0.0
2024-03-27 00:00:00+09:00,4445.0,4810.0,4360.0,4390.0,769166,0.0,0.0
2024-03-28 00:00:00+09:00,4400.0,4450.0,4320.0,4380.0,62282,0.0,0.0
2024-03-29 00:00:00+09:00,4380.0,4380.0,4210.0,4275.0,75068,0.0,0.0
2024-04-01 00:00:00+09:00,4300.0,4650.0,4300.0,4500.0,167563,0.0,0.0
2024-04-02 00:00:00+09:00,4500.0,4515.0,4355.0,4440.0,58804,0.0,0.0
2024-04-03 00:00:00+09:00,4435.0,4435.0,4310.0,4335.0,17262,0.0,0.0
2024-04-04 00:00:00+09:00,4495.0,4555.0,4350.0,4350.0,49765,0.0,0.0
2024-04-05 00:00:00+09:00,4310.0,4600.0,4310.0,4510.0,148434,0.0,0.0
2024-04-08 00:00:00+09:00,4505.0,4505.0,4380.0,4415.0,38812,0.0,0.0
2024-04-09 00:00:00+09:00,4490.0,4490.0,4350.0,4350.0,24253,0.0,0.0
2024-04-11 00:00:00+09:00,4355.0,4520.0,4330.0,4330.0,16016,0.0,0.0
2024-04-12 00:00:00+09:00,4490.0,4490.0,4265.0,4345.0,22343,0.0,0.0
2024-04-15 00:00:00+09:00,4280.0,4590.0,4220.0,4485.0,224366,0.0,0.0
2024-04-16 00:00:00+09:00,4545.0,4770.0,4375.0,4375.0,349506,0.0,0.0
2024-04-17 00:00:00+09:00,4340.0,4445.0,4300.0,4385.0,51646,0.0,0.0
2024-04-18 00:00:00+09:00,4385.0,4730.0,4385.0,4580.0,200976,0.0,0.0
2024-04-19 00:00:00+09:00,4585.0,4790.0,4400.0,4515.0,148461,0.0,0.0
2024-04-22 00:00:00+09:00,4545.0,4945.0,4525.0,4710.0,662354,0.0,0.0
2024-04-23 00:00:00+09:00,4695.0,4695.0,4585.0,4610.0,107301,0.0,0.0
2024-04-24 00:00:00+09:00,4655.0,4720.0,4585.0,4600.0,74405,0.0,0.0
2024-04-25 00:00:00+09:00,4615.0,4800.0,4560.0,4570.0,138199,0.0,0.0
2024-04-26 00:00:00+09:00,4570.0,4575.0,4430.0,4455.0,63780,0.0,0.0
2024-04-29 00:00:00+09:00,4635.0,5090.0,4575.0,4605.0,581074,0.0,0.0
2024-04-30 00:00:00+09:00,4605.0,4745.0,4605.0,4665.0,89957,0.0,0.0
2024-05-02 00:00:00+09:00,4680.0,4680.0,4520.0,4645.0,60360,0.0,0.0
2024-05-03 00:00:00+09:00,4605.0,4650.0,4530.0,4610.0,32264,0.0,0.0
2024-05-07 00:00:00+09:00,4665.0,4665.0,4570.0,4590.0,29970,0.0,0.0
2024-05-08 00:00:00+09:00,4595.0,4775.0,4595.0,4700.0,90606,0.0,0.0
2024-05-09 00:00:00+09:00,4740.0,4750.0,4660.0,4725.0,44661,0.0,0.0
2024-05-10 00:00:00+09:00,4770.0,4825.0,4700.0,4760.0,66033,0.0,0.0
2024-05-13 00:00:00+09:00,4760.0,4840.0,4705.0,4705.0,63769,0.0,0.0
2024-05-14 00:00:00+09:00,4755.0,4830.0,4690.0,4770.0,76107,0.0,0.0
2024-05-16 00:00:00+09:00,4775.0,4795.0,4665.0,4705.0,40988,0.0,0.0
2024-05-17 00:00:00+09:00,4705.0,4920.0,4680.0,4765.0,133722,0.0,0.0
2024-05-20 00:00:00+09:00,4770.0,4830.0,4670.0,4700.0,55325,0.0,0.0
2024-05-21 00:00:00+09:00,4725.0,4800.0,4670.0,4680.0,45144,0.0,0.0
2024-05-22 00:00:00+09:00,4785.0,4900.0,4680.0,4700.0,69780,0.0,0.0
2024-05-23 00:00:00+09:00,4730.0,4750.0,4680.0,4720.0,30804,0.0,0.0
2024-05-24 00:00:00+09:00,4705.0,4705.0,4580.0,4595.0,37034,0.0,0.0
2024-05-27 00:00:00+09:00,4595.0,4650.0,4555.0,4620.0,33728,0.0,0.0
2024-05-28 00:00:00+09:00,4660.0,4860.0,4620.0,4730.0,104916,0.0,0.0
2024-05-29 00:00:00+09:00,4740.0,4775.0,4710.0,4750.0,37344,0.0,0.0
2024-05-30 00:00:00+09:00,4735.0,4740.0,4610.0,4645.0,39043,0.0,0.0
2024-05-31 00:00:00+09:00,4650.0,4680.0,4595.0,4595.0,20101,0.0,0.0
2024-06-03 00:00:00+09:00,4605.0,4650.0,4565.0,4640.0,32404,0.0,0.0
2024-06-04 00:00:00+09:00,4640.0,4640.0,4565.0,4595.0,25817,0.0,0.0
2024-06-05 00:00:00+09:00,4610.0,4610.0,4470.0,4510.0,36955,0.0,0.0
2024-06-07 00:00:00+09:00,4600.0,4600.0,4465.0,4465.0,11514,0.0,0.0
2024-06-10 00:00:00+09:00,4450.0,4510.0,4370.0,4500.0,18782,0.0,0.0
2024-06-11 00:00:00+09:00,4575.0,4600.0,4455.0,4540.0,26937,0.0,0.0
2024-06-12 00:00:00+09:00,4520.0,4595.0,4500.0,4580.0,26091,0.0,0.0
2024-06-13 00:00:00+09:00,4580.0,4700.0,4545.0,4550.0,36461,0.0,0.0
2024-06-14 00:00:00+09:00,4550.0,4795.0,4550.0,4650.0,178368,0.0,0.0
2024-06-17 00:00:00+09:00,4675.0,4765.0,4585.0,4745.0,57724,0.0,0.0
2024-06-18 00:00:00+09:00,4800.0,4800.0,4635.0,4700.0,39125,0.0,0.0
2024-06-19 00:00:00+09:00,4695.0,4695.0,4575.0,4580.0,40914,0.0,0.0
2024-06-20 00:00:00+09:00,4600.0,4600.0,4520.0,4530.0,16981,0.0,0.0
2024-06-21 00:00:00+09:00,4530.0,4530.0,4420.0,4445.0,18676,0.0,0.0
2024-06-24 00:00:00+09:00,4400.0,4440.0,4285.0,4290.0,47160,0.0,0.0
2024-06-25 00:00:00+09:00,4315.0,4480.0,4290.0,4400.0,37199,0.0,0.0
2024-06-26 00:00:00+09:00,4420.0,4465.0,4355.0,4360.0,16928,0.0,0.0
2024-06-27 00:00:00+09:00,4360.0,4360.0,4225.0,4225.0,23845,0.0,0.0
2024-06-28 00:00:00+09:00,4225.0,4645.0,4225.0,4265.0,142958,0.0,0.0
2024-07-01 00:00:00+09:00,4330.0,4685.0,4300.0,4385.0,71692,0.0,0.0
2024-07-02 00:00:00+09:00,4470.0,4475.0,4320.0,4355.0,34281,0.0,0.0
2024-07-03 00:00:00+09:00,4305.0,4345.0,4240.0,4255.0,22281,0.0,0.0
2024-07-04 00:00:00+09:00,4445.0,4450.0,4115.0,4225.0,51653,0.0,0.0
2024-07-05 00:00:00+09:00,4225.0,4225.0,4115.0,4130.0,41861,0.0,0.0
2024-07-08 00:00:00+09:00,4130.0,4210.0,4120.0,4190.0,15666,0.0,0.0
2024-07-09 00:00:00+09:00,4205.0,4255.0,4150.0,4150.0,18604,0.0,0.0
2024-07-10 00:00:00+09:00,4300.0,4460.0,4165.0,4460.0,64916,0.0,0.0
2024-07-11 00:00:00+09:00,4450.0,4520.0,4320.0,4355.0,50595,0.0,0.0
2024-07-12 00:00:00+09:00,4320.0,4355.0,4255.0,4280.0,23599,0.0,0.0
2024-07-15 00:00:00+09:00,4285.0,4305.0,4215.0,4290.0,15494,0.0,0.0
2024-07-16 00:00:00+09:00,4260.0,4275.0,4205.0,4215.0,20639,0.0,0.0
2024-07-17 00:00:00+09:00,4215.0,4400.0,4205.0,4215.0,25485,0.0,0.0
2024-07-18 00:00:00+09:00,4215.0,4230.0,4135.0,4150.0,31813,0.0,0.0
2024-07-19 00:00:00+09:00,4145.0,4185.0,4130.0,4140.0,14672,0.0,0.0
