Date,Open,High,Low,Close,Volume,Dividends,Stock Splits,Capital Gains
2020-06-24 00:00:00+09:00,7000.0,7500.0,5950.0,5950.0,15456,0.0,0.0,0.0
2020-06-25 00:00:00+09:00,5980.0,5980.0,5060.0,5330.0,62490,0.0,0.0,0.0
2020-06-26 00:00:00+09:00,5500.0,6120.0,5490.0,6120.0,48905,0.0,0.0,0.0
2020-06-29 00:00:00+09:00,7000.0,7000.0,6260.0,6860.0,102871,0.0,0.0,0.0
2020-06-30 00:00:00+09:00,7000.0,7000.0,6590.0,6670.0,5247,0.0,0.0,0.0
2020-07-01 00:00:00+09:00,6900.0,6900.0,6300.0,6450.0,7324,0.0,0.0,0.0
2020-07-02 00:00:00+09:00,6580.0,6580.0,6130.0,6370.0,3805,0.0,0.0,0.0
2020-07-03 00:00:00+09:00,6760.0,6760.0,5660.0,6380.0,13051,0.0,0.0,0.0
2020-07-06 00:00:00+09:00,6790.0,6790.0,5460.0,5920.0,23092,0.0,0.0,0.0
2020-07-07 00:00:00+09:00,5910.0,5910.0,5600.0,5720.0,1207,0.0,0.0,0.0
2020-07-08 00:00:00+09:00,5920.0,5930.0,5400.0,5400.0,7595,0.0,0.0,0.0
2020-07-09 00:00:00+09:00,5880.0,5880.0,5250.0,5510.0,10197,0.0,0.0,0.0
2020-07-10 00:00:00+09:00,6250.0,6250.0,5400.0,5500.0,13631,0.0,0.0,0.0
2020-07-13 00:00:00+09:00,5500.0,5890.0,5500.0,5690.0,2783,0.0,0.0,0.0
2020-07-14 00:00:00+09:00,5640.0,5860.0,5310.0,5510.0,6162,0.0,0.0,0.0
2020-07-15 00:00:00+09:00,5790.0,5790.0,5300.0,5480.0,2264,0.0,0.0,0.0
2020-07-16 00:00:00+09:00,5850.0,5850.0,5300.0,5460.0,282,0.0,0.0,0.0
2020-07-17 00:00:00+09:00,5450.0,5450.0,4995.0,5140.0,16540,0.0,0.0,0.0
2020-07-20 00:00:00+09:00,5450.0,5450.0,5000.0,5150.0,10228,0.0,0.0,0.0
2020-07-21 00:00:00+09:00,5150.0,5460.0,5150.0,5440.0,2232,0.0,0.0,0.0
2020-07-22 00:00:00+09:00,5440.0,5870.0,5420.0,5800.0,21507,0.0,0.0,0.0
2020-07-23 00:00:00+09:00,6000.0,6000.0,5500.0,5800.0,28842,0.0,0.0,0.0
2020-07-24 00:00:00+09:00,5700.0,5800.0,5600.0,5600.0,8828,0.0,0.0,0.0
2020-07-27 00:00:00+09:00,5790.0,5800.0,5450.0,5550.0,4873,0.0,0.0,0.0
2020-07-28 00:00:00+09:00,5700.0,5700.0,5220.0,5590.0,16176,0.0,0.0,0.0
2020-07-29 00:00:00+09:00,5750.0,5750.0,5400.0,5590.0,1692,0.0,0.0,0.0
2020-07-30 00:00:00+09:00,5590.0,5770.0,5400.0,5560.0,1825,0.0,0.0,0.0
2020-07-31 00:00:00+09:00,5640.0,5640.0,5050.0,5290.0,13007,0.0,0.0,0.0
2020-08-03 00:00:00+09:00,5370.0,5370.0,5060.0,5350.0,3418,0.0,0.0,0.0
2020-08-04 00:00:00+09:00,5350.0,5600.0,5200.0,5450.0,4284,0.0,0.0,0.0
2020-08-05 00:00:00+09:00,5770.0,5770.0,5200.0,5440.0,7896,0.0,0.0,0.0
2020-08-06 00:00:00+09:00,5310.0,5490.0,5030.0,5470.0,15719,0.0,0.0,0.0
2020-08-07 00:00:00+09:00,5780.0,5780.0,5150.0,5370.0,13273,0.0,0.0,0.0
2020-08-10 00:00:00+09:00,5360.0,5500.0,5080.0,5500.0,12316,0.0,0.0,0.0
2020-08-11 00:00:00+09:00,5530.0,5540.0,5300.0,5400.0,12889,0.0,0.0,0.0
2020-08-12 00:00:00+09:00,5540.0,5540.0,5200.0,5370.0,8851,0.0,0.0,0.0
2020-08-13 00:00:00+09:00,5340.0,5340.0,5200.0,5300.0,17884,0.0,0.0,0.0
2020-08-14 00:00:00+09:00,5440.0,5440.0,5220.0,5230.0,6461,0.0,0.0,0.0
2020-08-18 00:00:00+09:00,5300.0,5300.0,5010.0,5160.0,23814,0.0,0.0,0.0
2020-08-19 00:00:00+09:00,5140.0,5230.0,5140.0,5200.0,1027,0.0,0.0,0.0
2020-08-20 00:00:00+09:00,5490.0,5490.0,5100.0,5100.0,3791,0.0,0.0,0.0
2020-08-21 00:00:00+09:00,5150.0,5420.0,5070.0,5290.0,5595,0.0,0.0,0.0
2020-08-24 00:00:00+09:00,5290.0,5290.0,5170.0,5250.0,4405,0.0,0.0,0.0
2020-08-25 00:00:00+09:00,5280.0,5280.0,5130.0,5230.0,9919,0.0,0.0,0.0
2020-08-26 00:00:00+09:00,5340.0,5340.0,5000.0,5050.0,23643,0.0,0.0,0.0
2020-08-27 00:00:00+09:00,5230.0,5230.0,4800.0,4930.0,31928,0.0,0.0,0.0
2020-08-28 00:00:00+09:00,5140.0,5270.0,4900.0,5270.0,23473,0.0,0.0,0.0
2020-08-31 00:00:00+09:00,5490.0,6060.0,5370.0,5890.0,23141,0.0,0.0,0.0
2020-09-01 00:00:00+09:00,6500.0,6690.0,5520.0,6170.0,9524,0.0,0.0,0.0
2020-09-02 00:00:00+09:00,6440.0,6440.0,6010.0,6100.0,3244,0.0,0.0,0.0
2020-09-03 00:00:00+09:00,6350.0,6350.0,5900.0,6180.0,5294,0.0,0.0,0.0
2020-09-04 00:00:00+09:00,6190.0,6350.0,6150.0,6250.0,2001,0.0,0.0,0.0
2020-09-07 00:00:00+09:00,6400.0,6400.0,6010.0,6100.0,1824,0.0,0.0,0.0
2020-09-08 00:00:00+09:00,6390.0,6390.0,6100.0,6310.0,663,0.0,0.0,0.0
2020-09-09 00:00:00+09:00,6310.0,6360.0,5810.0,6220.0,5770,0.0,0.0,0.0
2020-09-10 00:00:00+09:00,6290.0,6290.0,6050.0,6050.0,3000,0.0,0.0,0.0
2020-09-11 00:00:00+09:00,6380.0,6380.0,5810.0,6160.0,2481,0.0,0.0,0.0
2020-09-14 00:00:00+09:00,6270.0,6270.0,5970.0,6260.0,785,0.0,0.0,0.0
2020-09-15 00:00:00+09:00,6250.0,6620.0,6120.0,6620.0,13421,0.0,0.0,0.0
2020-09-16 00:00:00+09:00,6970.0,6980.0,6400.0,6890.0,10349,0.0,0.0,0.0
2020-09-17 00:00:00+09:00,6900.0,6900.0,6200.0,6450.0,42165,0.0,0.0,0.0
2020-09-18 00:00:00+09:00,6850.0,6850.0,6190.0,6470.0,7026,0.0,0.0,0.0
2020-09-21 00:00:00+09:00,6520.0,6540.0,6050.0,6330.0,1276,0.0,0.0,0.0
2020-09-22 00:00:00+09:00,6360.0,6360.0,5970.0,6080.0,10780,0.0,0.0,0.0
2020-09-23 00:00:00+09:00,6080.0,6200.0,5910.0,6000.0,5980,0.0,0.0,0.0
2020-09-24 00:00:00+09:00,6490.0,6490.0,5560.0,5950.0,10028,0.0,0.0,0.0
2020-09-25 00:00:00+09:00,5950.0,5950.0,5800.0,5880.0,1655,0.0,0.0,0.0
2020-09-28 00:00:00+09:00,5890.0,6010.0,5650.0,6010.0,5281,0.0,0.0,0.0
2020-09-29 00:00:00+09:00,6200.0,6200.0,5900.0,6000.0,3120,0.0,0.0,0.0
2020-10-05 00:00:00+09:00,6000.0,6000.0,5560.0,5640.0,17110,0.0,0.0,0.0
2020-10-06 00:00:00+09:00,5640.0,5800.0,5640.0,5660.0,381,0.0,0.0,0.0
2020-10-07 00:00:00+09:00,5750.0,5940.0,5750.0,5940.0,1248,0.0,0.0,0.0
2020-10-08 00:00:00+09:00,5940.0,6000.0,5930.0,6000.0,1219,0.0,0.0,0.0
2020-10-12 00:00:00+09:00,5650.0,6090.0,5630.0,5880.0,21570,0.0,0.0,0.0
2020-10-13 00:00:00+09:00,5880.0,6000.0,5650.0,6000.0,3658,0.0,0.0,0.0
2020-10-14 00:00:00+09:00,6400.0,6400.0,6220.0,6220.0,105,0.0,0.0,0.0
2020-10-15 00:00:00+09:00,6250.0,6250.0,5650.0,5670.0,10674,0.0,0.0,0.0
2020-10-16 00:00:00+09:00,5670.0,5900.0,5520.0,5580.0,4768,0.0,0.0,0.0
2020-10-19 00:00:00+09:00,5700.0,5950.0,5650.0,5950.0,6461,0.0,0.0,0.0
2020-10-20 00:00:00+09:00,5950.0,5950.0,5890.0,5890.0,2744,0.0,0.0,0.0
2020-10-21 00:00:00+09:00,5900.0,5900.0,5890.0,5890.0,1013,0.0,0.0,0.0
2020-10-22 00:00:00+09:00,5890.0,5890.0,5870.0,5870.0,8,0.0,0.0,0.0
2020-10-23 00:00:00+09:00,5900.0,5900.0,5600.0,5870.0,2655,0.0,0.0,0.0
2020-10-26 00:00:00+09:00,6400.0,6400.0,5510.0,5580.0,26293,0.0,0.0,0.0
2020-10-27 00:00:00+09:00,5570.0,5580.0,5340.0,5530.0,1341,0.0,0.0,0.0
2020-10-28 00:00:00+09:00,6340.0,6340.0,5690.0,5690.0,1003,0.0,0.0,0.0
2020-10-29 00:00:00+09:00,5470.0,6000.0,5450.0,5480.0,10418,0.0,0.0,0.0
2020-10-30 00:00:00+09:00,5650.0,5650.0,5600.0,5640.0,1004,0.0,0.0,0.0
2020-11-02 00:00:00+09:00,5500.0,6100.0,5500.0,5980.0,4286,0.0,0.0,0.0
2020-11-03 00:00:00+09:00,6080.0,6080.0,5350.0,5640.0,11980,0.0,0.0,0.0
2020-11-04 00:00:00+09:00,5500.0,5650.0,5500.0,5630.0,3593,0.0,0.0,0.0
2020-11-05 00:00:00+09:00,5650.0,5790.0,5530.0,5650.0,8091,0.0,0.0,0.0
2020-11-06 00:00:00+09:00,5550.0,5550.0,5340.0,5530.0,19587,0.0,0.0,0.0
2020-11-09 00:00:00+09:00,5800.0,5800.0,5430.0,5430.0,4517,0.0,0.0,0.0
2020-11-10 00:00:00+09:00,5500.0,5500.0,5200.0,5400.0,22133,0.0,0.0,0.0
2020-11-11 00:00:00+09:00,5400.0,5400.0,5230.0,5340.0,5254,0.0,0.0,0.0
2020-11-12 00:00:00+09:00,5250.0,5250.0,5090.0,5210.0,8932,0.0,0.0,0.0
2020-11-13 00:00:00+09:00,5210.0,5210.0,4910.0,5010.0,36275,0.0,0.0,0.0
2020-11-16 00:00:00+09:00,5500.0,5500.0,5000.0,5040.0,15259,0.0,0.0,0.0
2020-11-17 00:00:00+09:00,5050.0,5490.0,5050.0,5350.0,819,0.0,0.0,0.0
2020-11-18 00:00:00+09:00,5600.0,5600.0,5240.0,5250.0,898,0.0,0.0,0.0
2020-11-19 00:00:00+09:00,5240.0,5450.0,5090.0,5330.0,3162,0.0,0.0,0.0
2020-11-20 00:00:00+09:00,5330.0,5330.0,5050.0,5050.0,9042,0.0,0.0,0.0
2020-11-23 00:00:00+09:00,5230.0,5250.0,5020.0,5030.0,14362,0.0,0.0,0.0
2020-11-24 00:00:00+09:00,5220.0,5220.0,4955.0,5010.0,7910,0.0,0.0,0.0
2020-11-25 00:00:00+09:00,5180.0,5300.0,5060.0,5230.0,1452,0.0,0.0,0.0
2020-11-26 00:00:00+09:00,5870.0,5870.0,5160.0,5170.0,1049,0.0,0.0,0.0
2020-11-27 00:00:00+09:00,5150.0,5330.0,5150.0,5190.0,530,0.0,0.0,0.0
2020-11-30 00:00:00+09:00,5430.0,5430.0,5180.0,5420.0,2347,0.0,0.0,0.0
2020-12-01 00:00:00+09:00,6200.0,6200.0,5400.0,5490.0,1787,0.0,0.0,0.0
2020-12-02 00:00:00+09:00,5600.0,5600.0,5070.0,5480.0,3552,0.0,0.0,0.0
2020-12-03 00:00:00+09:00,5480.0,5480.0,5140.0,5430.0,1183,0.0,0.0,0.0
2020-12-04 00:00:00+09:00,5290.0,5640.0,5210.0,5500.0,19133,0.0,0.0,0.0
2020-12-07 00:00:00+09:00,5440.0,5800.0,5440.0,5440.0,3231,0.0,0.0,0.0
2020-12-08 00:00:00+09:00,5570.0,5570.0,5130.0,5210.0,17082,0.0,0.0,0.0
2020-12-09 00:00:00+09:00,5700.0,5700.0,4990.0,5040.0,32015,0.0,0.0,0.0
2020-12-10 00:00:00+09:00,5750.0,5750.0,5020.0,5290.0,1502,0.0,0.0,0.0
2020-12-11 00:00:00+09:00,5590.0,5590.0,5130.0,5240.0,2766,0.0,0.0,0.0
2020-12-14 00:00:00+09:00,5240.0,5240.0,5240.0,5240.0,0,0.0,0.0,0.0
2020-12-15 00:00:00+09:00,5230.0,5350.0,5100.0,5270.0,9734,0.0,0.0,0.0
2020-12-16 00:00:00+09:00,5730.0,5730.0,5140.0,5250.0,1694,0.0,0.0,0.0
2020-12-17 00:00:00+09:00,5500.0,5500.0,5200.0,5320.0,2814,0.0,0.0,0.0
2020-12-18 00:00:00+09:00,5440.0,5490.0,5210.0,5400.0,6567,0.0,0.0,0.0
2020-12-21 00:00:00+09:00,5590.0,5590.0,5240.0,5530.0,10846,0.0,0.0,0.0
2020-12-22 00:00:00+09:00,5580.0,5580.0,5250.0,5530.0,2191,0.0,0.0,0.0
2020-12-23 00:00:00+09:00,5280.0,5750.0,5280.0,5530.0,1076,0.0,0.0,0.0
2020-12-24 00:00:00+09:00,5890.0,6000.0,5500.0,5650.0,4906,0.0,0.0,0.0
2020-12-28 00:00:00+09:00,5900.0,5900.0,5650.0,5700.0,11386,0.0,0.0,0.0
2020-12-29 00:00:00+09:00,5780.0,5850.0,5700.0,5840.0,2191,0.0,0.0,0.0
2020-12-30 00:00:00+09:00,6390.0,6390.0,5770.0,6000.0,3980,0.0,0.0,0.0
2021-01-04 00:00:00+09:00,6000.0,6150.0,5850.0,6150.0,9195,0.0,0.0,0.0
2021-01-05 00:00:00+09:00,6270.0,6400.0,6160.0,6400.0,6949,0.0,0.0,0.0
2021-01-06 00:00:00+09:00,6410.0,7000.0,6410.0,6630.0,24578,0.0,0.0,0.0
2021-01-07 00:00:00+09:00,6800.0,7000.0,6650.0,6950.0,25139,0.0,0.0,0.0
2021-01-08 00:00:00+09:00,7100.0,7100.0,6580.0,6820.0,17382,0.0,0.0,0.0
2021-01-11 00:00:00+09:00,6900.0,6900.0,6150.0,6400.0,9434,0.0,0.0,0.0
2021-01-12 00:00:00+09:00,6700.0,6700.0,6020.0,6490.0,5531,0.0,0.0,0.0
2021-01-13 00:00:00+09:00,6900.0,6900.0,6480.0,6490.0,302,0.0,0.0,0.0
2021-01-14 00:00:00+09:00,6940.0,6940.0,6500.0,6740.0,24319,0.0,0.0,0.0
2021-01-15 00:00:00+09:00,6780.0,6780.0,6390.0,6390.0,12951,0.0,0.0,0.0
2021-01-18 00:00:00+09:00,6490.0,6490.0,6390.0,6390.0,1280,0.0,0.0,0.0
2021-01-19 00:00:00+09:00,6490.0,6490.0,6200.0,6370.0,2599,0.0,0.0,0.0
2021-01-20 00:00:00+09:00,6300.0,6800.0,6200.0,6600.0,1798,0.0,0.0,0.0
2021-01-21 00:00:00+09:00,7290.0,7290.0,6220.0,6800.0,5667,0.0,0.0,0.0
2021-01-22 00:00:00+09:00,6900.0,6900.0,6600.0,6610.0,1297,0.0,0.0,0.0
2021-01-25 00:00:00+09:00,7190.0,7190.0,6410.0,6800.0,3256,0.0,0.0,0.0
2021-01-26 00:00:00+09:00,7790.0,7790.0,6720.0,6800.0,2435,0.0,0.0,0.0
2021-01-27 00:00:00+09:00,6560.0,6790.0,6550.0,6660.0,2259,0.0,0.0,0.0
2021-01-28 00:00:00+09:00,6200.0,6500.0,6050.0,6400.0,8839,0.0,0.0,0.0
2021-01-29 00:00:00+09:00,6400.0,6500.0,6240.0,6240.0,2352,0.0,0.0,0.0
2021-02-01 00:00:00+09:00,6810.0,6810.0,5930.0,6580.0,296,0.0,0.0,0.0
2021-02-02 00:00:00+09:00,6960.0,6960.0,6310.0,6570.0,134,0.0,0.0,0.0
2021-02-03 00:00:00+09:00,6970.0,6970.0,6380.0,6590.0,2151,0.0,0.0,0.0
2021-02-04 00:00:00+09:00,6210.0,6490.0,6210.0,6330.0,4638,0.0,0.0,0.0
2021-02-05 00:00:00+09:00,6330.0,6350.0,6300.0,6350.0,3918,0.0,0.0,0.0
2021-02-08 00:00:00+09:00,7180.0,7180.0,6300.0,6330.0,776,0.0,0.0,0.0
2021-02-09 00:00:00+09:00,6230.0,6600.0,6200.0,6330.0,1922,0.0,0.0,0.0
2021-02-10 00:00:00+09:00,6410.0,6410.0,6150.0,6290.0,4459,0.0,0.0,0.0
2021-02-15 00:00:00+09:00,6490.0,6490.0,5990.0,6190.0,6224,0.0,0.0,0.0
2021-02-16 00:00:00+09:00,6200.0,6400.0,6010.0,6330.0,7501,0.0,0.0,0.0
2021-02-17 00:00:00+09:00,7000.0,7000.0,6140.0,6200.0,2322,0.0,0.0,0.0
2021-02-18 00:00:00+09:00,6890.0,6890.0,6160.0,6320.0,3863,0.0,0.0,0.0
2021-02-19 00:00:00+09:00,6320.0,6650.0,5380.0,6200.0,5656,0.0,0.0,0.0
2021-02-22 00:00:00+09:00,6100.0,6200.0,6050.0,6190.0,1491,0.0,0.0,0.0
2021-02-23 00:00:00+09:00,6100.0,6190.0,5680.0,6180.0,1958,0.0,0.0,0.0
2021-02-24 00:00:00+09:00,6480.0,6480.0,6000.0,6170.0,4783,0.0,0.0,0.0
2021-02-25 00:00:00+09:00,6150.0,6150.0,5890.0,6130.0,497,0.0,0.0,0.0
2021-02-26 00:00:00+09:00,6470.0,6470.0,5900.0,5980.0,6448,0.0,0.0,0.0
2021-03-02 00:00:00+09:00,6130.0,6130.0,5800.0,6090.0,441,0.0,0.0,0.0
2021-03-03 00:00:00+09:00,6090.0,6090.0,5840.0,6050.0,49,0.0,0.0,0.0
2021-03-04 00:00:00+09:00,6870.0,6870.0,6140.0,6140.0,36,0.0,0.0,0.0
2021-03-05 00:00:00+09:00,6650.0,6650.0,5700.0,5990.0,2800,0.0,0.0,0.0
2021-03-08 00:00:00+09:00,5970.0,5970.0,5160.0,5540.0,9217,0.0,0.0,0.0
2021-03-09 00:00:00+09:00,5540.0,5640.0,5200.0,5440.0,2388,0.0,0.0,0.0
2021-03-10 00:00:00+09:00,5990.0,5990.0,4880.0,5450.0,1560,0.0,0.0,0.0
2021-03-11 00:00:00+09:00,6000.0,6000.0,5500.0,5530.0,923,0.0,0.0,0.0
2021-03-12 00:00:00+09:00,5310.0,5530.0,5310.0,5500.0,994,0.0,0.0,0.0
2021-03-15 00:00:00+09:00,5700.0,5700.0,5380.0,5490.0,1805,0.0,0.0,0.0
2021-03-16 00:00:00+09:00,5480.0,5930.0,5390.0,5580.0,3566,0.0,0.0,0.0
2021-03-17 00:00:00+09:00,5530.0,5530.0,5370.0,5420.0,825,0.0,0.0,0.0
2021-03-18 00:00:00+09:00,5900.0,5900.0,5490.0,5680.0,161,0.0,0.0,0.0
2021-03-19 00:00:00+09:00,6300.0,6300.0,4870.0,5380.0,3284,0.0,0.0,0.0
2021-03-22 00:00:00+09:00,5850.0,5850.0,5260.0,5320.0,15746,0.0,0.0,0.0
2021-03-23 00:00:00+09:00,5330.0,5880.0,5250.0,5500.0,3006,0.0,0.0,0.0
2021-03-24 00:00:00+09:00,5790.0,5790.0,5290.0,5290.0,1459,0.0,0.0,0.0
2021-03-25 00:00:00+09:00,5790.0,5790.0,4830.0,5190.0,16930,0.0,0.0,0.0
2021-03-26 00:00:00+09:00,5180.0,5450.0,5100.0,5230.0,2674,0.0,0.0,0.0
2021-03-29 00:00:00+09:00,5230.0,5400.0,5200.0,5400.0,5292,0.0,0.0,0.0
2021-03-30 00:00:00+09:00,5510.0,5510.0,5100.0,5230.0,2342,0.0,0.0,0.0
2021-03-31 00:00:00+09:00,5730.0,5730.0,5230.0,5350.0,1415,0.0,0.0,0.0
2021-04-01 00:00:00+09:00,5350.0,5350.0,5120.0,5160.0,675,0.0,0.0,0.0
2021-04-02 00:00:00+09:00,5490.0,5490.0,5150.0,5160.0,3350,0.0,0.0,0.0
2021-04-05 00:00:00+09:00,4995.0,5100.0,4900.0,5090.0,20071,0.0,0.0,0.0
2021-04-06 00:00:00+09:00,5090.0,5350.0,4885.0,5100.0,12467,0.0,0.0,0.0
2021-04-07 00:00:00+09:00,4890.0,5320.0,4890.0,5100.0,21027,0.0,0.0,0.0
2021-04-08 00:00:00+09:00,5260.0,5260.0,4910.0,4995.0,29657,0.0,0.0,0.0
2021-04-09 00:00:00+09:00,4995.0,5050.0,4885.0,4995.0,17371,0.0,0.0,0.0
2021-04-12 00:00:00+09:00,5000.0,5180.0,4995.0,5090.0,12575,0.0,0.0,0.0
2021-04-13 00:00:00+09:00,5090.0,5090.0,4990.0,5090.0,4195,0.0,0.0,0.0
2021-04-14 00:00:00+09:00,4995.0,5300.0,4895.0,5150.0,7704,0.0,0.0,0.0
2021-04-15 00:00:00+09:00,5150.0,5150.0,4880.0,4900.0,18470,0.0,0.0,0.0
2021-04-16 00:00:00+09:00,4990.0,5000.0,4800.0,5000.0,8901,0.0,0.0,0.0
2021-04-19 00:00:00+09:00,5000.0,5050.0,4900.0,5050.0,7185,0.0,0.0,0.0
2021-04-20 00:00:00+09:00,5340.0,5340.0,4805.0,5040.0,12585,0.0,0.0,0.0
2021-04-21 00:00:00+09:00,5640.0,5640.0,5040.0,5140.0,1346,0.0,0.0,0.0
2021-04-22 00:00:00+09:00,5280.0,5280.0,4980.0,5220.0,476,0.0,0.0,0.0
2021-04-23 00:00:00+09:00,5470.0,5470.0,5010.0,5250.0,8117,0.0,0.0,0.0
2021-04-26 00:00:00+09:00,5250.0,5370.0,5100.0,5350.0,3123,0.0,0.0,0.0
2021-04-27 00:00:00+09:00,5460.0,5470.0,5100.0,5400.0,3112,0.0,0.0,0.0
2021-04-28 00:00:00+09:00,5230.0,5270.0,5210.0,5240.0,824,0.0,0.0,0.0
2021-04-29 00:00:00+09:00,5240.0,5330.0,4935.0,5200.0,1452,0.0,0.0,0.0
2021-04-30 00:00:00+09:00,5190.0,5320.0,5150.0,5250.0,1135,0.0,0.0,0.0
2021-05-03 00:00:00+09:00,5090.0,5300.0,5090.0,5300.0,3514,0.0,0.0,0.0
2021-05-04 00:00:00+09:00,5500.0,5500.0,5100.0,5400.0,5615,0.0,0.0,0.0
2021-05-06 00:00:00+09:00,5490.0,5490.0,5130.0,5270.0,2284,0.0,0.0,0.0
2021-05-07 00:00:00+09:00,5290.0,5290.0,4800.0,5090.0,4172,0.0,0.0,0.0
2021-05-10 00:00:00+09:00,5380.0,5380.0,5000.0,5110.0,7844,0.0,0.0,0.0
2021-05-11 00:00:00+09:00,5300.0,5300.0,4850.0,5150.0,697,0.0,0.0,0.0
2021-05-12 00:00:00+09:00,5390.0,5390.0,4900.0,5130.0,2377,0.0,0.0,0.0
2021-05-13 00:00:00+09:00,5300.0,5300.0,5250.0,5250.0,9,0.0,0.0,0.0
2021-05-14 00:00:00+09:00,5230.0,5230.0,5120.0,5220.0,2002,0.0,0.0,0.0
2021-05-17 00:00:00+09:00,5060.0,5200.0,5060.0,5200.0,2,0.0,0.0,0.0
2021-05-18 00:00:00+09:00,5330.0,5330.0,5220.0,5220.0,2912,0.0,0.0,0.0
2021-05-20 00:00:00+09:00,5450.0,5450.0,5000.0,5210.0,5071,0.0,0.0,0.0
2021-05-21 00:00:00+09:00,5170.0,5170.0,4950.0,5130.0,1824,0.0,0.0,0.0
2021-05-24 00:00:00+09:00,5130.0,5130.0,4960.0,5100.0,864,0.0,0.0,0.0
2021-05-25 00:00:00+09:00,5100.0,5110.0,4995.0,5020.0,4030,0.0,0.0,0.0
2021-05-26 00:00:00+09:00,5020.0,5090.0,5020.0,5070.0,145,0.0,0.0,0.0
2021-05-27 00:00:00+09:00,5340.0,5340.0,5050.0,5070.0,743,0.0,0.0,0.0
2021-05-28 00:00:00+09:00,5150.0,5150.0,5120.0,5120.0,8,0.0,0.0,0.0
2021-05-31 00:00:00+09:00,5400.0,5400.0,5010.0,5080.0,2804,0.0,0.0,0.0
2021-06-01 00:00:00+09:00,5340.0,5340.0,4870.0,5080.0,11846,0.0,0.0,0.0
2021-06-02 00:00:00+09:00,5080.0,5080.0,4820.0,4925.0,13439,0.0,0.0,0.0
2021-06-03 00:00:00+09:00,4950.0,5000.0,4875.0,4900.0,3457,0.0,0.0,0.0
2021-06-04 00:00:00+09:00,4810.0,5030.0,4810.0,4860.0,1658,0.0,0.0,0.0
2021-06-07 00:00:00+09:00,4985.0,5000.0,4860.0,4905.0,4673,0.0,0.0,0.0
2021-06-08 00:00:00+09:00,5030.0,5030.0,4910.0,4915.0,578,0.0,0.0,0.0
2021-06-09 00:00:00+09:00,4835.0,5600.0,4820.0,5130.0,6549,0.0,0.0,0.0
2021-06-10 00:00:00+09:00,5050.0,5120.0,5000.0,5040.0,5384,0.0,0.0,0.0
2021-06-11 00:00:00+09:00,5130.0,5130.0,5000.0,5080.0,5133,0.0,0.0,0.0
2021-06-14 00:00:00+09:00,5380.0,5380.0,4990.0,4990.0,910,0.0,0.0,0.0
2021-06-15 00:00:00+09:00,5120.0,5120.0,5000.0,5050.0,6642,0.0,0.0,0.0
2021-06-16 00:00:00+09:00,5140.0,5140.0,4905.0,5000.0,10040,0.0,0.0,0.0
2021-06-17 00:00:00+09:00,5130.0,5130.0,4915.0,4985.0,7433,0.0,0.0,0.0
2021-06-18 00:00:00+09:00,5130.0,5130.0,4950.0,5040.0,1434,0.0,0.0,0.0
2021-06-21 00:00:00+09:00,4985.0,4995.0,4780.0,4795.0,61970,0.0,0.0,0.0
2021-06-22 00:00:00+09:00,4995.0,4995.0,4800.0,4840.0,3748,0.0,0.0,0.0
2021-06-23 00:00:00+09:00,4800.0,4800.0,4410.0,4470.0,103897,0.0,0.0,0.0
2021-06-24 00:00:00+09:00,4655.0,4655.0,4425.0,4590.0,10737,0.0,0.0,0.0
2021-06-25 00:00:00+09:00,4600.0,4870.0,4400.0,4400.0,32276,0.0,0.0,0.0
2021-06-28 00:00:00+09:00,4580.0,4580.0,4400.0,4430.0,3914,0.0,0.0,0.0
2021-06-29 00:00:00+09:00,4430.0,4490.0,4350.0,4430.0,6103,0.0,0.0,0.0
2021-06-30 00:00:00+09:00,4405.0,4535.0,4295.0,4300.0,80870,0.0,0.0,0.0
2021-07-01 00:00:00+09:00,4300.0,4720.0,4300.0,4720.0,8402,0.0,0.0,0.0
2021-07-02 00:00:00+09:00,4710.0,4800.0,4710.0,4765.0,3311,0.0,0.0,0.0
2021-07-05 00:00:00+09:00,4330.0,4800.0,4330.0,4720.0,2129,0.0,0.0,0.0
2021-07-06 00:00:00+09:00,4720.0,5180.0,4615.0,4620.0,2127,0.0,0.0,0.0
2021-07-07 00:00:00+09:00,4520.0,5040.0,4520.0,4660.0,4707,0.0,0.0,0.0
2021-07-08 00:00:00+09:00,5170.0,5170.0,4560.0,4940.0,399,0.0,0.0,0.0
2021-07-09 00:00:00+09:00,4870.0,4870.0,4575.0,4660.0,15732,0.0,0.0,0.0
2021-07-12 00:00:00+09:00,4790.0,4790.0,4300.0,4365.0,70861,0.0,0.0,0.0
2021-07-13 00:00:00+09:00,4640.0,4640.0,4390.0,4455.0,4235,0.0,0.0,0.0
2021-07-14 00:00:00+09:00,4655.0,4655.0,4300.0,4350.0,27171,0.0,0.0,0.0
2021-07-15 00:00:00+09:00,4350.0,4610.0,4350.0,4525.0,4436,0.0,0.0,0.0
2021-07-16 00:00:00+09:00,4580.0,4685.0,4510.0,4590.0,10165,0.0,0.0,0.0
2021-07-19 00:00:00+09:00,5170.0,5170.0,4505.0,4535.0,2874,0.0,0.0,0.0
2021-07-20 00:00:00+09:00,4685.0,4685.0,4540.0,4585.0,2367,0.0,0.0,0.0
2021-07-21 00:00:00+09:00,5030.0,5030.0,4525.0,4715.0,1094,0.0,0.0,0.0
2021-07-22 00:00:00+09:00,4630.0,4860.0,4610.0,4670.0,20784,0.0,0.0,0.0
2021-07-23 00:00:00+09:00,4860.0,4860.0,4660.0,4750.0,10284,0.0,0.0,0.0
2021-07-26 00:00:00+09:00,4980.0,4980.0,4710.0,4825.0,8358,0.0,0.0,0.0
2021-07-27 00:00:00+09:00,4985.0,4985.0,4725.0,4825.0,2575,0.0,0.0,0.0
2021-07-28 00:00:00+09:00,4975.0,4975.0,4700.0,4720.0,9397,0.0,0.0,0.0
2021-07-29 00:00:00+09:00,4980.0,4980.0,4800.0,4830.0,4476,0.0,0.0,0.0
2021-07-30 00:00:00+09:00,4995.0,4995.0,4800.0,4805.0,5554,0.0,0.0,0.0
2021-08-02 00:00:00+09:00,4805.0,4905.0,4805.0,4905.0,6107,0.0,0.0,0.0
2021-08-03 00:00:00+09:00,4985.0,5100.0,4840.0,5050.0,13349,0.0,0.0,0.0
2021-08-04 00:00:00+09:00,5090.0,5370.0,5020.0,5070.0,16785,0.0,0.0,0.0
2021-08-05 00:00:00+09:00,5190.0,5240.0,5000.0,5100.0,11074,0.0,0.0,0.0
2021-08-06 00:00:00+09:00,5100.0,5270.0,5010.0,5240.0,5594,0.0,0.0,0.0
2021-08-09 00:00:00+09:00,5240.0,5950.0,5210.0,5900.0,30318,0.0,0.0,0.0
2021-08-10 00:00:00+09:00,6000.0,6190.0,5600.0,6090.0,9612,0.0,0.0,0.0
2021-08-11 00:00:00+09:00,6080.0,6100.0,6020.0,6090.0,7702,0.0,0.0,0.0
2021-08-12 00:00:00+09:00,5830.0,6040.0,5550.0,5660.0,13177,0.0,0.0,0.0
2021-08-13 00:00:00+09:00,5850.0,5850.0,5570.0,5820.0,8043,0.0,0.0,0.0
2021-08-17 00:00:00+09:00,5800.0,5850.0,5650.0,5790.0,2554,0.0,0.0,0.0
2021-08-18 00:00:00+09:00,5850.0,5850.0,5650.0,5790.0,3672,0.0,0.0,0.0
2021-08-19 00:00:00+09:00,5700.0,5750.0,5620.0,5690.0,6690,0.0,0.0,0.0
2021-08-20 00:00:00+09:00,5690.0,5850.0,5520.0,5690.0,5895,0.0,0.0,0.0
2021-08-23 00:00:00+09:00,5650.0,5710.0,5500.0,5500.0,2524,0.0,0.0,0.0
2021-08-24 00:00:00+09:00,5450.0,5450.0,5300.0,5350.0,5558,0.0,0.0,0.0
2021-08-25 00:00:00+09:00,5300.0,5400.0,5300.0,5370.0,1601,0.0,0.0,0.0
2021-08-26 00:00:00+09:00,5380.0,5680.0,5020.0,5560.0,7236,0.0,0.0,0.0
2021-08-27 00:00:00+09:00,5790.0,5790.0,5300.0,5380.0,3603,0.0,0.0,0.0
2021-08-30 00:00:00+09:00,5400.0,5400.0,5260.0,5320.0,3038,0.0,0.0,0.0
2021-08-31 00:00:00+09:00,5320.0,5400.0,5220.0,5350.0,4868,0.0,0.0,0.0
2021-09-01 00:00:00+09:00,5340.0,5340.0,5250.0,5290.0,1656,0.0,0.0,0.0
2021-09-02 00:00:00+09:00,5280.0,5300.0,5120.0,5300.0,1954,0.0,0.0,0.0
2021-09-03 00:00:00+09:00,5350.0,5350.0,5270.0,5320.0,6805,0.0,0.0,0.0
2021-09-06 00:00:00+09:00,5320.0,5480.0,5310.0,5480.0,5278,0.0,0.0,0.0
2021-09-07 00:00:00+09:00,5470.0,5470.0,5300.0,5370.0,6869,0.0,0.0,0.0
2021-09-08 00:00:00+09:00,5430.0,5430.0,5280.0,5420.0,115,0.0,0.0,0.0
2021-09-09 00:00:00+09:00,5310.0,5700.0,5310.0,5380.0,1087,0.0,0.0,0.0
2021-09-10 00:00:00+09:00,5430.0,5430.0,5390.0,5390.0,28,0.0,0.0,0.0
2021-09-13 00:00:00+09:00,5370.0,5500.0,5200.0,5320.0,11574,0.0,0.0,0.0
2021-09-14 00:00:00+09:00,5290.0,5300.0,5060.0,5300.0,1911,0.0,0.0,0.0
2021-09-15 00:00:00+09:00,5290.0,5290.0,5040.0,5280.0,7223,0.0,0.0,0.0
2021-09-16 00:00:00+09:00,5220.0,5380.0,5130.0,5220.0,4639,0.0,0.0,0.0
2021-09-17 00:00:00+09:00,5390.0,5390.0,5100.0,5300.0,3015,0.0,0.0,0.0
2021-09-23 00:00:00+09:00,5370.0,5370.0,5200.0,5320.0,1902,0.0,0.0,0.0
2021-09-24 00:00:00+09:00,5400.0,5400.0,4900.0,5080.0,23342,0.0,0.0,0.0
2021-09-27 00:00:00+09:00,5100.0,5100.0,4900.0,4990.0,10634,0.0,0.0,0.0
2021-09-28 00:00:00+09:00,5200.0,5290.0,4825.0,4825.0,10772,0.0,0.0,0.0
2021-09-29 00:00:00+09:00,5040.0,5040.0,4700.0,4845.0,5322,0.0,0.0,0.0
2021-09-30 00:00:00+09:00,4900.0,4900.0,4590.0,4590.0,20492,0.0,0.0,0.0
2021-10-01 00:00:00+09:00,4635.0,4635.0,4500.0,4585.0,7131,0.0,0.0,0.0
2021-10-05 00:00:00+09:00,5000.0,5000.0,4250.0,4300.0,44208,0.0,0.0,0.0
2021-10-06 00:00:00+09:00,4330.0,4400.0,4120.0,4200.0,24107,0.0,0.0,0.0
2021-10-07 00:00:00+09:00,4290.0,4295.0,4205.0,4295.0,4403,0.0,0.0,0.0
2021-10-08 00:00:00+09:00,4300.0,4300.0,4200.0,4200.0,1765,0.0,0.0,0.0
2021-10-12 00:00:00+09:00,4470.0,4470.0,4190.0,4230.0,2800,0.0,0.0,0.0
2021-10-13 00:00:00+09:00,4340.0,4340.0,4285.0,4300.0,4236,0.0,0.0,0.0
2021-10-14 00:00:00+09:00,4300.0,4350.0,4300.0,4300.0,9134,0.0,0.0,0.0
2021-10-15 00:00:00+09:00,4395.0,4395.0,4235.0,4250.0,1548,0.0,0.0,0.0
2021-10-18 00:00:00+09:00,4390.0,4390.0,4200.0,4285.0,2716,0.0,0.0,0.0
2021-10-19 00:00:00+09:00,4400.0,4400.0,4250.0,4250.0,1620,0.0,0.0,0.0
2021-10-20 00:00:00+09:00,4380.0,4380.0,4250.0,4300.0,7388,0.0,0.0,0.0
2021-10-21 00:00:00+09:00,4390.0,4390.0,4300.0,4300.0,2550,0.0,0.0,0.0
2021-10-22 00:00:00+09:00,4390.0,4390.0,4200.0,4290.0,5397,0.0,0.0,0.0
2021-10-25 00:00:00+09:00,4255.0,4370.0,4190.0,4340.0,6135,0.0,0.0,0.0
2021-10-26 00:00:00+09:00,4280.0,4350.0,4220.0,4300.0,7200,0.0,0.0,0.0
2021-10-27 00:00:00+09:00,4300.0,4300.0,4220.0,4290.0,17422,0.0,0.0,0.0
2021-10-28 00:00:00+09:00,4395.0,4395.0,4200.0,4245.0,17052,0.0,0.0,0.0
2021-10-29 00:00:00+09:00,4200.0,4250.0,4185.0,4200.0,8025,0.0,0.0,0.0
2021-11-01 00:00:00+09:00,4200.0,4335.0,4200.0,4330.0,1311,0.0,0.0,0.0
2021-11-02 00:00:00+09:00,4400.0,4400.0,4130.0,4230.0,928,0.0,0.0,0.0
2021-11-03 00:00:00+09:00,4350.0,4350.0,4200.0,4230.0,1054,0.0,0.0,0.0
2021-11-04 00:00:00+09:00,4335.0,4340.0,4220.0,4230.0,13076,0.0,0.0,0.0
2021-11-05 00:00:00+09:00,4330.0,4350.0,4230.0,4330.0,13689,0.0,0.0,0.0
2021-11-08 00:00:00+09:00,4345.0,4345.0,4200.0,4340.0,800,0.0,0.0,0.0
2021-11-09 00:00:00+09:00,4390.0,4390.0,4200.0,4330.0,4800,0.0,0.0,0.0
2021-11-10 00:00:00+09:00,4340.0,4340.0,4200.0,4295.0,5737,0.0,0.0,0.0
2021-11-11 00:00:00+09:00,4340.0,4340.0,4155.0,4295.0,2126,0.0,0.0,0.0
2021-11-12 00:00:00+09:00,4360.0,4360.0,4255.0,4355.0,1308,0.0,0.0,0.0
2021-11-15 00:00:00+09:00,4400.0,4400.0,4160.0,4255.0,3705,0.0,0.0,0.0
2021-11-16 00:00:00+09:00,4190.0,4250.0,4160.0,4200.0,4764,0.0,0.0,0.0
2021-11-17 00:00:00+09:00,4400.0,4400.0,4160.0,4300.0,5660,0.0,0.0,0.0
2021-11-18 00:00:00+09:00,4335.0,4335.0,4100.0,4160.0,6344,0.0,0.0,0.0
2021-11-19 00:00:00+09:00,4160.0,4260.0,4025.0,4155.0,898,0.0,0.0,0.0
2021-11-22 00:00:00+09:00,4295.0,4295.0,4000.0,4150.0,10574,0.0,0.0,0.0
2021-11-23 00:00:00+09:00,4095.0,4300.0,4095.0,4285.0,4664,0.0,0.0,0.0
2021-11-24 00:00:00+09:00,4205.0,4355.0,4030.0,4300.0,3598,0.0,0.0,0.0
2021-11-25 00:00:00+09:00,4300.0,4480.0,4200.0,4475.0,112,0.0,0.0,0.0
2021-11-26 00:00:00+09:00,4500.0,4600.0,4495.0,4550.0,6160,0.0,0.0,0.0
2021-11-29 00:00:00+09:00,4550.0,4600.0,4380.0,4500.0,814,0.0,0.0,0.0
2021-11-30 00:00:00+09:00,4550.0,4550.0,4500.0,4500.0,11,0.0,0.0,0.0
2021-12-01 00:00:00+09:00,4550.0,4550.0,4395.0,4395.0,288,0.0,0.0,0.0
2021-12-02 00:00:00+09:00,4395.0,4395.0,3825.0,4030.0,9468,0.0,0.0,0.0
2021-12-03 00:00:00+09:00,4200.0,4200.0,3920.0,3985.0,2542,0.0,0.0,0.0
2021-12-06 00:00:00+09:00,4200.0,4200.0,4000.0,4180.0,213,0.0,0.0,0.0
2021-12-07 00:00:00+09:00,4150.0,4200.0,4000.0,4160.0,1860,0.0,0.0,0.0
2021-12-08 00:00:00+09:00,4195.0,4195.0,4160.0,4160.0,480,0.0,0.0,0.0
2021-12-09 00:00:00+09:00,4200.0,4250.0,4200.0,4245.0,1570,0.0,0.0,0.0
2021-12-10 00:00:00+09:00,4300.0,4390.0,4250.0,4360.0,1532,0.0,0.0,0.0
2021-12-13 00:00:00+09:00,4300.0,4390.0,4105.0,4370.0,246,0.0,0.0,0.0
2021-12-14 00:00:00+09:00,4380.0,4380.0,4365.0,4370.0,221,0.0,0.0,0.0
2021-12-15 00:00:00+09:00,4155.0,4360.0,4100.0,4270.0,4036,0.0,0.0,0.0
2021-12-16 00:00:00+09:00,4245.0,4300.0,4230.0,4295.0,2545,0.0,0.0,0.0
2021-12-17 00:00:00+09:00,4125.0,4400.0,4125.0,4400.0,2174,0.0,0.0,0.0
2021-12-20 00:00:00+09:00,4440.0,4700.0,4310.0,4555.0,1375,0.0,0.0,0.0
2021-12-21 00:00:00+09:00,4590.0,4590.0,4240.0,4555.0,1601,0.0,0.0,0.0
2021-12-22 00:00:00+09:00,4600.0,4700.0,4585.0,4700.0,3032,0.0,0.0,0.0
2021-12-23 00:00:00+09:00,4750.0,4750.0,4400.0,4590.0,6147,0.0,0.0,0.0
2021-12-24 00:00:00+09:00,4600.0,4600.0,4590.0,4600.0,9451,0.0,0.0,0.0
2021-12-27 00:00:00+09:00,4400.0,4700.0,4400.0,4695.0,2395,0.0,0.0,0.0
2021-12-28 00:00:00+09:00,4700.0,4700.0,4010.0,4400.0,4863,0.0,0.0,0.0
2021-12-29 00:00:00+09:00,4485.0,4485.0,4350.0,4435.0,250,0.0,0.0,0.0
2021-12-30 00:00:00+09:00,4500.0,4500.0,4355.0,4480.0,134,0.0,0.0,0.0
2022-01-04 00:00:00+09:00,4700.0,4700.0,4315.0,4545.0,334,0.0,0.0,0.0
2022-01-05 00:00:00+09:00,4475.0,4595.0,4345.0,4595.0,1281,0.0,0.0,0.0
2022-01-06 00:00:00+09:00,4700.0,4700.0,4550.0,4665.0,22138,0.0,0.0,0.0
2022-01-07 00:00:00+09:00,4665.0,4725.0,4570.0,4660.0,6539,0.0,0.0,0.0
2022-01-10 00:00:00+09:00,4790.0,4790.0,4550.0,4660.0,36084,0.0,0.0,0.0
2022-01-11 00:00:00+09:00,4795.0,4795.0,4605.0,4605.0,2552,0.0,0.0,0.0
2022-01-12 00:00:00+09:00,4795.0,4795.0,4575.0,4700.0,2164,0.0,0.0,0.0
2022-01-13 00:00:00+09:00,4700.0,4700.0,4700.0,4700.0,10,0.0,0.0,0.0
2022-01-14 00:00:00+09:00,4800.0,4800.0,4700.0,4785.0,1997,0.0,0.0,0.0
2022-01-17 00:00:00+09:00,4850.0,4850.0,4615.0,4655.0,2879,0.0,0.0,0.0
2022-01-18 00:00:00+09:00,4850.0,4850.0,4610.0,4740.0,153,0.0,0.0,0.0
2022-01-19 00:00:00+09:00,4760.0,4800.0,4700.0,4700.0,155,0.0,0.0,0.0
2022-01-20 00:00:00+09:00,4700.0,4880.0,4600.0,4700.0,60,0.0,0.0,0.0
2022-01-21 00:00:00+09:00,4510.0,4700.0,4510.0,4650.0,1003,0.0,0.0,0.0
2022-01-24 00:00:00+09:00,4560.0,4650.0,4460.0,4585.0,949,0.0,0.0,0.0
2022-01-25 00:00:00+09:00,4400.0,4700.0,4225.0,4600.0,3242,0.0,0.0,0.0
2022-01-26 00:00:00+09:00,4500.0,4700.0,4265.0,4265.0,3783,0.0,0.0,0.0
2022-01-27 00:00:00+09:00,4490.0,4490.0,4210.0,4440.0,3557,0.0,0.0,0.0
2022-01-28 00:00:00+09:00,4300.0,4390.0,4280.0,4345.0,1927,0.0,0.0,0.0
2022-02-03 00:00:00+09:00,4495.0,4495.0,4300.0,4475.0,1825,0.0,0.0,0.0
2022-02-04 00:00:00+09:00,4445.0,4450.0,4220.0,4350.0,3047,0.0,0.0,0.0
2022-02-07 00:00:00+09:00,4500.0,4500.0,4230.0,4300.0,1813,0.0,0.0,0.0
2022-02-08 00:00:00+09:00,4300.0,4300.0,4300.0,4300.0,0,0.0,0.0,0.0
2022-02-09 00:00:00+09:00,4300.0,4300.0,4300.0,4300.0,0,0.0,0.0,0.0
2022-02-10 00:00:00+09:00,4335.0,4335.0,4100.0,4195.0,4875,0.0,0.0,0.0
2022-02-11 00:00:00+09:00,4295.0,4295.0,3895.0,4195.0,8213,0.0,0.0,0.0
2022-02-14 00:00:00+09:00,4295.0,4295.0,3800.0,3800.0,3758,0.0,0.0,0.0
2022-02-15 00:00:00+09:00,4000.0,4000.0,3770.0,3790.0,4676,0.0,0.0,0.0
2022-02-16 00:00:00+09:00,3890.0,4095.0,3600.0,3775.0,6119,0.0,0.0,0.0
2022-02-17 00:00:00+09:00,3900.0,3900.0,3625.0,3900.0,16167,0.0,0.0,0.0
2022-02-18 00:00:00+09:00,4000.0,4000.0,3660.0,3785.0,5089,0.0,0.0,0.0
2022-02-21 00:00:00+09:00,3875.0,3875.0,3660.0,3870.0,3738,0.0,0.0,0.0
2022-02-22 00:00:00+09:00,3870.0,3870.0,3870.0,3870.0,0,0.0,0.0,0.0
2022-02-23 00:00:00+09:00,3870.0,3870.0,3870.0,3870.0,0,0.0,0.0,0.0
2022-02-24 00:00:00+09:00,3685.0,3695.0,3600.0,3695.0,1032,0.0,0.0,0.0
2022-02-25 00:00:00+09:00,3895.0,3995.0,3695.0,3965.0,2554,0.0,0.0,0.0
2022-02-28 00:00:00+09:00,3965.0,3965.0,3965.0,3965.0,0,0.0,0.0,0.0
2022-03-02 00:00:00+09:00,3995.0,3995.0,3980.0,3980.0,15,0.0,0.0,0.0
2022-03-03 00:00:00+09:00,3940.0,3995.0,3940.0,3995.0,173,0.0,0.0,0.0
2022-03-04 00:00:00+09:00,3710.0,3995.0,3710.0,3995.0,1101,0.0,0.0,0.0
2022-03-07 00:00:00+09:00,3990.0,3990.0,3990.0,3990.0,125,0.0,0.0,0.0
2022-03-08 00:00:00+09:00,3900.0,3900.0,3850.0,3870.0,312,0.0,0.0,0.0
2022-03-10 00:00:00+09:00,4095.0,4095.0,3755.0,3755.0,2988,0.0,0.0,0.0
2022-03-11 00:00:00+09:00,3995.0,3995.0,3950.0,3950.0,526,0.0,0.0,0.0
2022-03-14 00:00:00+09:00,3950.0,4505.0,3805.0,4505.0,4676,0.0,0.0,0.0
2022-03-15 00:00:00+09:00,4505.0,4505.0,4505.0,4505.0,0,0.0,0.0,0.0
2022-03-16 00:00:00+09:00,4400.0,4830.0,4200.0,4200.0,230,0.0,0.0,0.0
2022-03-17 00:00:00+09:00,4200.0,4200.0,4200.0,4200.0,0,0.0,0.0,0.0
2022-03-18 00:00:00+09:00,4400.0,4400.0,4200.0,4300.0,314,0.0,0.0,0.0
2022-03-21 00:00:00+09:00,4500.0,4500.0,4340.0,4340.0,33,0.0,0.0,0.0
2022-03-22 00:00:00+09:00,4590.0,4590.0,4505.0,4515.0,44,0.0,0.0,0.0
2022-03-23 00:00:00+09:00,4300.0,4600.0,4205.0,4565.0,7279,0.0,0.0,0.0
2022-03-24 00:00:00+09:00,4700.0,4700.0,4400.0,4590.0,54,0.0,0.0,0.0
2022-03-25 00:00:00+09:00,4585.0,4585.0,4320.0,4570.0,707,0.0,0.0,0.0
2022-03-28 00:00:00+09:00,4560.0,4560.0,4535.0,4545.0,259,0.0,0.0,0.0
2022-03-29 00:00:00+09:00,4690.0,4690.0,4400.0,4595.0,50,0.0,0.0,0.0
2022-03-30 00:00:00+09:00,4595.0,4645.0,4495.0,4645.0,8541,0.0,0.0,0.0
2022-03-31 00:00:00+09:00,4800.0,4800.0,4600.0,4690.0,595,0.0,0.0,0.0
2022-04-01 00:00:00+09:00,4400.0,4800.0,4400.0,4700.0,6517,0.0,0.0,0.0
2022-04-04 00:00:00+09:00,4800.0,4800.0,4515.0,4740.0,5522,0.0,0.0,0.0
2022-04-05 00:00:00+09:00,4740.0,4740.0,4690.0,4695.0,1519,0.0,0.0,0.0
2022-04-06 00:00:00+09:00,4785.0,4785.0,4695.0,4695.0,6682,0.0,0.0,0.0
2022-04-07 00:00:00+09:00,4885.0,4885.0,4500.0,4765.0,10487,0.0,0.0,0.0
2022-04-08 00:00:00+09:00,4500.0,4770.0,4500.0,4745.0,459,0.0,0.0,0.0
2022-04-11 00:00:00+09:00,4505.0,5390.0,4500.0,4700.0,30838,0.0,0.0,0.0
2022-04-12 00:00:00+09:00,4700.0,4785.0,4500.0,4695.0,35,0.0,0.0,0.0
2022-04-13 00:00:00+09:00,4790.0,4790.0,4550.0,4600.0,2069,0.0,0.0,0.0
2022-04-14 00:00:00+09:00,4645.0,4645.0,4500.0,4625.0,3741,0.0,0.0,0.0
2022-04-15 00:00:00+09:00,4980.0,4980.0,4460.0,4695.0,209,0.0,0.0,0.0
2022-04-18 00:00:00+09:00,4800.0,4800.0,4520.0,4795.0,567,0.0,0.0,0.0
2022-04-19 00:00:00+09:00,4790.0,4790.0,4700.0,4785.0,1064,0.0,0.0,0.0
2022-04-20 00:00:00+09:00,4900.0,4900.0,4700.0,4785.0,162,0.0,0.0,0.0
2022-04-21 00:00:00+09:00,4785.0,4850.0,4780.0,4780.0,2064,0.0,0.0,0.0
2022-04-22 00:00:00+09:00,4900.0,4900.0,4700.0,4700.0,138,0.0,0.0,0.0
2022-04-25 00:00:00+09:00,4800.0,4800.0,4600.0,4690.0,841,0.0,0.0,0.0
2022-04-26 00:00:00+09:00,4755.0,4755.0,4395.0,4670.0,13656,0.0,0.0,0.0
2022-04-27 00:00:00+09:00,4605.0,4645.0,4300.0,4595.0,378,0.0,0.0,0.0
2022-04-28 00:00:00+09:00,4795.0,4795.0,4690.0,4695.0,141,0.0,0.0,0.0
2022-04-29 00:00:00+09:00,4690.0,4690.0,4400.0,4490.0,5981,0.0,0.0,0.0
2022-05-02 00:00:00+09:00,4450.0,4700.0,4210.0,4700.0,2560,0.0,0.0,0.0
2022-05-03 00:00:00+09:00,4600.0,4600.0,4200.0,4445.0,6437,0.0,0.0,0.0
2022-05-04 00:00:00+09:00,4395.0,4595.0,4300.0,4520.0,3509,0.0,0.0,0.0
2022-05-06 00:00:00+09:00,4500.0,4500.0,4300.0,4365.0,4549,0.0,0.0,0.0
2022-05-10 00:00:00+09:00,4600.0,4600.0,4305.0,4565.0,3071,0.0,0.0,0.0
2022-05-11 00:00:00+09:00,4595.0,4595.0,4300.0,4535.0,2530,0.0,0.0,0.0
2022-05-12 00:00:00+09:00,4600.0,4600.0,4330.0,4455.0,5567,0.0,0.0,0.0
2022-05-13 00:00:00+09:00,4545.0,4545.0,4440.0,4450.0,2498,0.0,0.0,0.0
2022-05-16 00:00:00+09:00,4450.0,4450.0,4350.0,4445.0,409,0.0,0.0,0.0
2022-05-17 00:00:00+09:00,4540.0,4540.0,4400.0,4510.0,483,0.0,0.0,0.0
2022-05-18 00:00:00+09:00,4595.0,4800.0,4510.0,4770.0,2553,0.0,0.0,0.0
2022-05-19 00:00:00+09:00,4895.0,4895.0,4400.0,4635.0,573,0.0,0.0,0.0
2022-05-20 00:00:00+09:00,5030.0,5030.0,4400.0,4540.0,766,0.0,0.0,0.0
2022-05-23 00:00:00+09:00,4685.0,4685.0,4400.0,4485.0,4079,0.0,0.0,0.0
2022-05-24 00:00:00+09:00,4485.0,4485.0,4335.0,4455.0,1016,0.0,0.0,0.0
2022-05-25 00:00:00+09:00,4310.0,4595.0,4305.0,4540.0,2136,0.0,0.0,0.0
2022-05-26 00:00:00+09:00,4700.0,4700.0,4360.0,4495.0,135,0.0,0.0,0.0
2022-05-27 00:00:00+09:00,4645.0,4645.0,4300.0,4550.0,2442,0.0,0.0,0.0
2022-05-30 00:00:00+09:00,5210.0,5210.0,4500.0,4510.0,3303,0.0,0.0,0.0
2022-05-31 00:00:00+09:00,4510.0,4900.0,4510.0,4795.0,751,0.0,0.0,0.0
2022-06-02 00:00:00+09:00,4600.0,4900.0,4600.0,4850.0,3457,0.0,0.0,0.0
2022-06-03 00:00:00+09:00,4700.0,4900.0,4650.0,4795.0,3311,0.0,0.0,0.0
2022-06-07 00:00:00+09:00,4900.0,4900.0,4700.0,4795.0,255,0.0,0.0,0.0
2022-06-08 00:00:00+09:00,4795.0,4795.0,4640.0,4680.0,1564,0.0,0.0,0.0
2022-06-09 00:00:00+09:00,4600.0,4855.0,4600.0,4830.0,1763,0.0,0.0,0.0
2022-06-10 00:00:00+09:00,4900.0,4900.0,4340.0,4585.0,14468,0.0,0.0,0.0
2022-06-13 00:00:00+09:00,4500.0,4700.0,4450.0,4570.0,1938,0.0,0.0,0.0
2022-06-14 00:00:00+09:00,4695.0,4695.0,4500.0,4655.0,4212,0.0,0.0,0.0
2022-06-15 00:00:00+09:00,4800.0,4800.0,4305.0,4590.0,9161,0.0,0.0,0.0
2022-06-16 00:00:00+09:00,4785.0,4785.0,4445.0,4570.0,871,0.0,0.0,0.0
2022-06-17 00:00:00+09:00,4645.0,4900.0,4520.0,4860.0,5501,0.0,0.0,0.0
2022-06-20 00:00:00+09:00,4715.0,5000.0,4600.0,4630.0,6192,0.0,0.0,0.0
2022-06-21 00:00:00+09:00,4630.0,4845.0,4300.0,4660.0,7328,0.0,0.0,0.0
2022-06-22 00:00:00+09:00,4895.0,4895.0,4425.0,4655.0,1155,0.0,0.0,0.0
2022-06-23 00:00:00+09:00,4890.0,4890.0,4430.0,4605.0,2471,0.0,0.0,0.0
2022-06-24 00:00:00+09:00,4800.0,4800.0,4420.0,4685.0,589,0.0,0.0,0.0
2022-06-27 00:00:00+09:00,4895.0,4895.0,4640.0,4830.0,2149,0.0,0.0,0.0
2022-06-28 00:00:00+09:00,4900.0,4900.0,4655.0,4850.0,354,0.0,0.0,0.0
2022-06-29 00:00:00+09:00,4900.0,5100.0,4705.0,5000.0,2217,0.0,0.0,0.0
2022-06-30 00:00:00+09:00,4965.0,5160.0,4900.0,4940.0,3186,0.0,0.0,0.0
2022-07-01 00:00:00+09:00,5100.0,5100.0,4630.0,4860.0,1274,0.0,0.0,0.0
2022-07-04 00:00:00+09:00,4990.0,4990.0,4215.0,4750.0,5506,0.0,0.0,0.0
2022-07-05 00:00:00+09:00,4995.0,5110.0,4795.0,5090.0,4348,0.0,0.0,0.0
2022-07-06 00:00:00+09:00,5110.0,5110.0,4600.0,5000.0,5615,0.0,0.0,0.0
2022-07-07 00:00:00+09:00,5000.0,5080.0,4665.0,4990.0,1322,0.0,0.0,0.0
2022-07-08 00:00:00+09:00,5100.0,5100.0,4820.0,5010.0,4819,0.0,0.0,0.0
2022-07-11 00:00:00+09:00,5110.0,5110.0,4950.0,5010.0,815,0.0,0.0,0.0
2022-07-12 00:00:00+09:00,5000.0,5110.0,4850.0,4935.0,2206,0.0,0.0,0.0
2022-07-13 00:00:00+09:00,4995.0,4995.0,4895.0,4935.0,199,0.0,0.0,0.0
2022-07-14 00:00:00+09:00,4995.0,4995.0,4880.0,4880.0,158,0.0,0.0,0.0
2022-07-15 00:00:00+09:00,5000.0,5200.0,4900.0,5050.0,11030,0.0,0.0,0.0
2022-07-18 00:00:00+09:00,5780.0,5780.0,4900.0,5200.0,4409,0.0,0.0,0.0
2022-07-19 00:00:00+09:00,5190.0,5190.0,4985.0,5060.0,1177,0.0,0.0,0.0
2022-07-20 00:00:00+09:00,5150.0,5150.0,4860.0,5020.0,6250,0.0,0.0,0.0
2022-07-21 00:00:00+09:00,5090.0,5090.0,4995.0,5010.0,1526,0.0,0.0,0.0
2022-07-22 00:00:00+09:00,5100.0,5100.0,4900.0,5010.0,976,0.0,0.0,0.0
2022-07-25 00:00:00+09:00,5200.0,5200.0,4755.0,4910.0,3565,0.0,0.0,0.0
2022-07-26 00:00:00+09:00,4900.0,5000.0,4710.0,4900.0,3496,0.0,0.0,0.0
2022-07-27 00:00:00+09:00,5000.0,5000.0,4750.0,4840.0,614,0.0,0.0,0.0
2022-07-28 00:00:00+09:00,4985.0,4985.0,4705.0,4925.0,1285,0.0,0.0,0.0
2022-07-29 00:00:00+09:00,5000.0,5000.0,4755.0,4950.0,743,0.0,0.0,0.0
2022-08-01 00:00:00+09:00,4895.0,5200.0,4700.0,5200.0,3098,0.0,0.0,0.0
2022-08-02 00:00:00+09:00,5190.0,5190.0,4780.0,5040.0,362,0.0,0.0,0.0
2022-08-03 00:00:00+09:00,5080.0,5080.0,4715.0,4985.0,561,0.0,0.0,0.0
2022-08-04 00:00:00+09:00,5180.0,5180.0,4765.0,5030.0,2125,0.0,0.0,0.0
2022-08-05 00:00:00+09:00,5040.0,5060.0,4820.0,4980.0,5177,0.0,0.0,0.0
2022-08-08 00:00:00+09:00,5190.0,5190.0,4930.0,4995.0,2955,0.0,0.0,0.0
2022-08-09 00:00:00+09:00,5110.0,5110.0,4865.0,4930.0,2201,0.0,0.0,0.0
2022-08-10 00:00:00+09:00,5080.0,5080.0,4900.0,4990.0,57,0.0,0.0,0.0
2022-08-11 00:00:00+09:00,5200.0,5200.0,4985.0,4985.0,8,0.0,0.0,0.0
2022-08-12 00:00:00+09:00,5080.0,5080.0,4810.0,4900.0,1216,0.0,0.0,0.0
2022-08-16 00:00:00+09:00,4900.0,4900.0,4800.0,4900.0,1118,0.0,0.0,0.0
2022-08-17 00:00:00+09:00,4900.0,4900.0,4640.0,4700.0,14836,0.0,0.0,0.0
2022-08-18 00:00:00+09:00,4700.0,4990.0,4700.0,4780.0,1445,0.0,0.0,0.0
2022-08-19 00:00:00+09:00,4990.0,4990.0,4195.0,4755.0,9410,0.0,0.0,0.0
2022-08-22 00:00:00+09:00,4165.0,4590.0,4165.0,4485.0,2410,0.0,0.0,0.0
2022-08-23 00:00:00+09:00,4695.0,4695.0,4670.0,4670.0,25,0.0,0.0,0.0
2022-08-24 00:00:00+09:00,4900.0,4900.0,4485.0,4740.0,1044,0.0,0.0,0.0
2022-08-25 00:00:00+09:00,4720.0,4720.0,4690.0,4710.0,155,0.0,0.0,0.0
2022-08-26 00:00:00+09:00,4730.0,4880.0,4550.0,4695.0,410,0.0,0.0,0.0
2022-08-29 00:00:00+09:00,4800.0,4800.0,4460.0,4685.0,1432,0.0,0.0,0.0
2022-08-30 00:00:00+09:00,5000.0,5000.0,4400.0,4675.0,1393,0.0,0.0,0.0
2022-08-31 00:00:00+09:00,4885.0,4885.0,4505.0,4800.0,2887,0.0,0.0,0.0
2022-09-01 00:00:00+09:00,4980.0,5000.0,4810.0,4895.0,9945,0.0,0.0,0.0
2022-09-02 00:00:00+09:00,4995.0,4995.0,4810.0,4950.0,23381,0.0,0.0,0.0
2022-09-05 00:00:00+09:00,4985.0,5000.0,4870.0,4940.0,2994,0.0,0.0,0.0
2022-09-06 00:00:00+09:00,5120.0,5120.0,4810.0,4915.0,3945,0.0,0.0,0.0
2022-09-07 00:00:00+09:00,5000.0,5000.0,4250.0,4545.0,7935,0.0,0.0,0.0
2022-09-08 00:00:00+09:00,4530.0,4680.0,4505.0,4625.0,2664,0.0,0.0,0.0
2022-09-13 00:00:00+09:00,4890.0,4890.0,4400.0,4775.0,1195,0.0,0.0,0.0
2022-09-14 00:00:00+09:00,4840.0,4840.0,4600.0,4685.0,2744,0.0,0.0,0.0
2022-09-15 00:00:00+09:00,4685.0,4685.0,4615.0,4680.0,821,0.0,0.0,0.0
2022-09-16 00:00:00+09:00,4600.0,5000.0,4600.0,4790.0,4472,0.0,0.0,0.0
2022-09-19 00:00:00+09:00,4830.0,4830.0,4500.0,4670.0,2065,0.0,0.0,0.0
2022-09-20 00:00:00+09:00,4650.0,4665.0,4540.0,4545.0,5309,0.0,0.0,0.0
2022-09-21 00:00:00+09:00,4610.0,4610.0,4450.0,4580.0,984,0.0,0.0,0.0
2022-09-22 00:00:00+09:00,4580.0,4580.0,4450.0,4540.0,2996,0.0,0.0,0.0
2022-09-23 00:00:00+09:00,4795.0,4795.0,4415.0,4495.0,950,0.0,0.0,0.0
2022-09-26 00:00:00+09:00,4495.0,4770.0,3900.0,4340.0,13151,0.0,0.0,0.0
2022-09-27 00:00:00+09:00,4590.0,4590.0,4400.0,4490.0,1310,0.0,0.0,0.0
2022-09-28 00:00:00+09:00,4760.0,4760.0,4200.0,4300.0,6636,0.0,0.0,0.0
2022-09-29 00:00:00+09:00,4630.0,4630.0,4300.0,4520.0,1399,0.0,0.0,0.0
2022-09-30 00:00:00+09:00,4660.0,4660.0,4580.0,4590.0,1425,0.0,0.0,0.0
2022-10-04 00:00:00+09:00,4705.0,4705.0,4400.0,4600.0,662,0.0,0.0,0.0
2022-10-05 00:00:00+09:00,4800.0,4800.0,4500.0,4620.0,542,0.0,0.0,0.0
2022-10-06 00:00:00+09:00,5190.0,5190.0,4335.0,4615.0,377,0.0,0.0,0.0
2022-10-07 00:00:00+09:00,4795.0,4795.0,4220.0,4630.0,474,0.0,0.0,0.0
2022-10-11 00:00:00+09:00,4900.0,4900.0,4000.0,4600.0,5978,0.0,0.0,0.0
2022-10-12 00:00:00+09:00,4495.0,4580.0,4495.0,4500.0,1091,0.0,0.0,0.0
2022-10-13 00:00:00+09:00,4765.0,4765.0,3830.0,4185.0,17918,0.0,0.0,0.0
2022-10-14 00:00:00+09:00,4180.0,4350.0,4000.0,4175.0,7616,0.0,0.0,0.0
2022-10-17 00:00:00+09:00,4535.0,4535.0,4050.0,4205.0,4063,0.0,0.0,0.0
2022-10-18 00:00:00+09:00,4205.0,4600.0,4000.0,4190.0,7381,0.0,0.0,0.0
2022-10-19 00:00:00+09:00,4485.0,4485.0,4000.0,4325.0,5950,0.0,0.0,0.0
2022-10-20 00:00:00+09:00,4010.0,4175.0,4000.0,4110.0,2701,0.0,0.0,0.0
2022-10-21 00:00:00+09:00,4355.0,4355.0,4000.0,4045.0,3688,0.0,0.0,0.0
2022-10-24 00:00:00+09:00,4400.0,4400.0,4100.0,4205.0,1715,0.0,0.0,0.0
2022-10-25 00:00:00+09:00,4495.0,4495.0,4000.0,4165.0,1339,0.0,0.0,0.0
2022-10-26 00:00:00+09:00,4350.0,4350.0,3950.0,4095.0,3826,0.0,0.0,0.0
2022-10-27 00:00:00+09:00,4140.0,4140.0,3830.0,4055.0,498,0.0,0.0,0.0
2022-10-28 00:00:00+09:00,4450.0,4450.0,3965.0,4050.0,3630,0.0,0.0,0.0
2022-10-31 00:00:00+09:00,4115.0,4115.0,3790.0,4005.0,11435,0.0,0.0,0.0
2022-11-01 00:00:00+09:00,3960.0,4005.0,3950.0,4005.0,1704,0.0,0.0,0.0
2022-11-02 00:00:00+09:00,4150.0,4150.0,3800.0,3975.0,5652,0.0,0.0,0.0
2022-11-03 00:00:00+09:00,4400.0,4400.0,3635.0,3910.0,1265,0.0,0.0,0.0
2022-11-04 00:00:00+09:00,4300.0,4300.0,3800.0,4060.0,243,0.0,0.0,0.0
2022-11-07 00:00:00+09:00,4185.0,4185.0,3740.0,4100.0,218,0.0,0.0,0.0
2022-11-08 00:00:00+09:00,4590.0,4590.0,3935.0,4430.0,712,0.0,0.0,0.0
2022-11-09 00:00:00+09:00,4275.0,4275.0,3915.0,4140.0,1087,0.0,0.0,0.0
2022-11-10 00:00:00+09:00,4400.0,4400.0,3730.0,4220.0,4315,0.0,0.0,0.0
2022-11-11 00:00:00+09:00,4125.0,4300.0,4100.0,4290.0,1178,0.0,0.0,0.0
2022-11-14 00:00:00+09:00,4495.0,4495.0,4450.0,4475.0,164,0.0,0.0,0.0
2022-11-15 00:00:00+09:00,4440.0,4440.0,4400.0,4400.0,18,0.0,0.0,0.0
2022-11-16 00:00:00+09:00,4500.0,4500.0,3800.0,4050.0,10981,0.0,0.0,0.0
2022-11-17 00:00:00+09:00,4395.0,4395.0,4365.0,4365.0,295,0.0,0.0,0.0
2022-11-18 00:00:00+09:00,4595.0,4595.0,4100.0,4320.0,358,0.0,0.0,0.0
2022-11-21 00:00:00+09:00,4300.0,4380.0,4000.0,4170.0,1788,0.0,0.0,0.0
2022-11-22 00:00:00+09:00,4000.0,4120.0,3930.0,4065.0,1700,0.0,0.0,0.0
2022-11-23 00:00:00+09:00,4050.0,4480.0,3965.0,4015.0,478,0.0,0.0,0.0
2022-11-24 00:00:00+09:00,4460.0,4460.0,3815.0,4000.0,2427,0.0,0.0,0.0
2022-11-25 00:00:00+09:00,3820.0,4000.0,3800.0,3995.0,5163,0.0,0.0,0.0
2022-11-28 00:00:00+09:00,4110.0,4130.0,3850.0,4130.0,1615,0.0,0.0,0.0
2022-11-29 00:00:00+09:00,4295.0,4295.0,3650.0,4105.0,426,0.0,0.0,0.0
2022-11-30 00:00:00+09:00,4200.0,4200.0,4000.0,4175.0,812,0.0,0.0,0.0
2022-12-01 00:00:00+09:00,4300.0,4300.0,4185.0,4185.0,12,0.0,0.0,0.0
2022-12-02 00:00:00+09:00,4495.0,4495.0,3900.0,4300.0,733,0.0,0.0,0.0
2022-12-05 00:00:00+09:00,4400.0,4400.0,3900.0,4100.0,3764,0.0,0.0,0.0
2022-12-06 00:00:00+09:00,4200.0,4200.0,3900.0,4085.0,428,0.0,0.0,0.0
2022-12-07 00:00:00+09:00,4480.0,4480.0,3875.0,3995.0,3067,0.0,0.0,0.0
2022-12-08 00:00:00+09:00,4350.0,4350.0,3850.0,4190.0,969,0.0,0.0,0.0
2022-12-09 00:00:00+09:00,4815.0,4815.0,3900.0,4350.0,17,0.0,0.0,0.0
2022-12-12 00:00:00+09:00,4300.0,4300.0,4200.0,4290.0,123,0.0,0.0,0.0
2022-12-13 00:00:00+09:00,4600.0,4600.0,4600.0,4600.0,1,0.0,0.0,0.0
2022-12-14 00:00:00+09:00,4300.0,4300.0,4000.0,4045.0,2831,0.0,0.0,0.0
2022-12-15 00:00:00+09:00,4185.0,4185.0,3840.0,4060.0,7269,0.0,0.0,0.0
2022-12-16 00:00:00+09:00,4150.0,4150.0,3860.0,4030.0,763,0.0,0.0,0.0
2022-12-19 00:00:00+09:00,4000.0,4480.0,4000.0,4080.0,610,0.0,0.0,0.0
2022-12-20 00:00:00+09:00,4400.0,4400.0,4000.0,4020.0,132,0.0,0.0,0.0
2022-12-21 00:00:00+09:00,4500.0,4500.0,3900.0,4180.0,103,0.0,0.0,0.0
2022-12-22 00:00:00+09:00,4400.0,4400.0,3960.0,4165.0,616,0.0,0.0,0.0
2022-12-23 00:00:00+09:00,4200.0,4200.0,3780.0,4055.0,1898,0.0,0.0,0.0
2022-12-26 00:00:00+09:00,4135.0,4135.0,3950.0,3950.0,1084,0.0,0.0,0.0
2022-12-27 00:00:00+09:00,4200.0,4200.0,4000.0,4085.0,47,0.0,0.0,0.0
2022-12-28 00:00:00+09:00,4485.0,4485.0,3950.0,3995.0,1311,0.0,0.0,0.0
2022-12-29 00:00:00+09:00,4295.0,4295.0,3625.0,3965.0,9181,0.0,0.0,0.0
2023-01-02 00:00:00+09:00,4295.0,4295.0,3705.0,3955.0,8517,0.0,0.0,0.0
2023-01-03 00:00:00+09:00,3950.0,3950.0,3800.0,3950.0,1003,0.0,0.0,0.0
2023-01-04 00:00:00+09:00,4000.0,4000.0,3705.0,3885.0,2321,0.0,0.0,0.0
2023-01-05 00:00:00+09:00,4000.0,4000.0,3410.0,3900.0,12259,0.0,0.0,0.0
2023-01-06 00:00:00+09:00,3650.0,3970.0,3630.0,3960.0,4712,0.0,0.0,0.0
2023-01-09 00:00:00+09:00,4290.0,4290.0,3850.0,3995.0,3071,0.0,0.0,0.0
2023-01-10 00:00:00+09:00,4100.0,4150.0,4000.0,4150.0,1046,0.0,0.0,0.0
2023-01-11 00:00:00+09:00,4395.0,4395.0,3900.0,4180.0,2509,0.0,0.0,0.0
2023-01-12 00:00:00+09:00,4490.0,4490.0,3900.0,4200.0,1326,0.0,0.0,0.0
2023-01-13 00:00:00+09:00,4385.0,4385.0,3910.0,4100.0,2415,0.0,0.0,0.0
2023-01-16 00:00:00+09:00,4370.0,4370.0,4000.0,4200.0,1502,0.0,0.0,0.0
2023-01-17 00:00:00+09:00,4480.0,4480.0,4000.0,4045.0,5180,0.0,0.0,0.0
2023-01-18 00:00:00+09:00,4300.0,4300.0,3775.0,4000.0,1268,0.0,0.0,0.0
2023-01-19 00:00:00+09:00,4385.0,4385.0,3995.0,4000.0,120,0.0,0.0,0.0
2023-01-20 00:00:00+09:00,4395.0,4395.0,3770.0,3785.0,3024,0.0,0.0,0.0
2023-01-25 00:00:00+09:00,4280.0,4280.0,4160.0,4160.0,245,0.0,0.0,0.0
2023-01-26 00:00:00+09:00,4380.0,4380.0,3750.0,4080.0,1575,0.0,0.0,0.0
2023-01-27 00:00:00+09:00,3880.0,4080.0,3800.0,4080.0,1847,0.0,0.0,0.0
2023-01-30 00:00:00+09:00,4080.0,4195.0,4080.0,4195.0,55,0.0,0.0,0.0
2023-01-31 00:00:00+09:00,4000.0,4000.0,3645.0,3800.0,6080,0.0,0.0,0.0
2023-02-01 00:00:00+09:00,3800.0,3980.0,3800.0,3865.0,234,0.0,0.0,0.0
2023-02-02 00:00:00+09:00,4370.0,4370.0,3620.0,3795.0,3609,0.0,0.0,0.0
2023-02-03 00:00:00+09:00,4060.0,4060.0,3600.0,3835.0,1407,0.0,0.0,0.0
2023-02-06 00:00:00+09:00,3835.0,4190.0,3810.0,3810.0,207,0.0,0.0,0.0
2023-02-07 00:00:00+09:00,4170.0,4170.0,3930.0,3930.0,56,0.0,0.0,0.0
2023-02-08 00:00:00+09:00,3980.0,3980.0,3620.0,3930.0,2347,0.0,0.0,0.0
2023-02-09 00:00:00+09:00,3930.0,3995.0,3690.0,3925.0,523,0.0,0.0,0.0
2023-02-10 00:00:00+09:00,4485.0,4485.0,3715.0,3995.0,78,0.0,0.0,0.0
2023-02-13 00:00:00+09:00,3995.0,4100.0,3895.0,3995.0,3160,0.0,0.0,0.0
2023-02-14 00:00:00+09:00,4400.0,4590.0,3800.0,3800.0,1707,0.0,0.0,0.0
2023-02-15 00:00:00+09:00,4360.0,4360.0,3760.0,3870.0,1701,0.0,0.0,0.0
2023-02-16 00:00:00+09:00,3985.0,3985.0,3715.0,3840.0,2348,0.0,0.0,0.0
2023-02-17 00:00:00+09:00,4410.0,4410.0,3805.0,3850.0,2741,0.0,0.0,0.0
2023-02-20 00:00:00+09:00,4195.0,4195.0,3715.0,3800.0,4740,0.0,0.0,0.0
2023-02-21 00:00:00+09:00,4365.0,4365.0,3700.0,3875.0,1928,0.0,0.0,0.0
2023-02-22 00:00:00+09:00,3995.0,3995.0,3820.0,3885.0,1094,0.0,0.0,0.0
2023-02-23 00:00:00+09:00,4395.0,4395.0,3800.0,3830.0,1628,0.0,0.0,0.0
2023-02-24 00:00:00+09:00,4380.0,4380.0,3800.0,3810.0,240,0.0,0.0,0.0
2023-02-27 00:00:00+09:00,3850.0,3850.0,3750.0,3830.0,3974,0.0,0.0,0.0
2023-02-28 00:00:00+09:00,3700.0,3830.0,3700.0,3820.0,391,0.0,0.0,0.0
2023-03-02 00:00:00+09:00,4390.0,4390.0,3800.0,3870.0,858,0.0,0.0,0.0
2023-03-03 00:00:00+09:00,4400.0,4400.0,3800.0,3850.0,286,0.0,0.0,0.0
2023-03-06 00:00:00+09:00,4420.0,4420.0,3750.0,3820.0,1860,0.0,0.0,0.0
2023-03-07 00:00:00+09:00,4100.0,4100.0,3530.0,3750.0,16664,0.0,0.0,0.0
2023-03-08 00:00:00+09:00,3840.0,3840.0,3780.0,3780.0,89,0.0,0.0,0.0
2023-03-09 00:00:00+09:00,3850.0,3850.0,3685.0,3720.0,1948,0.0,0.0,0.0
2023-03-10 00:00:00+09:00,4145.0,4145.0,3640.0,3715.0,2245,0.0,0.0,0.0
2023-03-13 00:00:00+09:00,3925.0,3925.0,3590.0,3695.0,744,0.0,0.0,0.0
2023-03-14 00:00:00+09:00,4220.0,4220.0,3575.0,3775.0,80,0.0,0.0,0.0
2023-03-15 00:00:00+09:00,4145.0,4145.0,4075.0,4075.0,10,0.0,0.0,0.0
2023-03-16 00:00:00+09:00,4500.0,4500.0,3515.0,3600.0,8198,0.0,0.0,0.0
2023-03-17 00:00:00+09:00,3695.0,3695.0,3600.0,3645.0,2402,0.0,0.0,0.0
2023-03-20 00:00:00+09:00,3550.0,3685.0,3515.0,3635.0,15207,0.0,0.0,0.0
2023-03-21 00:00:00+09:00,3635.0,3635.0,3400.0,3545.0,16015,0.0,0.0,0.0
2023-03-22 00:00:00+09:00,3655.0,3655.0,3380.0,3485.0,2722,0.0,0.0,0.0
2023-03-23 00:00:00+09:00,3505.0,3505.0,3365.0,3445.0,986,0.0,0.0,0.0
2023-03-24 00:00:00+09:00,3935.0,3935.0,3480.0,3480.0,630,0.0,0.0,0.0
2023-03-27 00:00:00+09:00,3435.0,3535.0,3200.0,3280.0,10786,0.0,0.0,0.0
2023-03-28 00:00:00+09:00,3670.0,3670.0,2790.0,2790.0,21848,0.0,0.0,0.0
2023-03-29 00:00:00+09:00,2820.0,3075.0,2820.0,3045.0,12261,0.0,0.0,0.0
2023-03-30 00:00:00+09:00,3030.0,3195.0,2975.0,3050.0,13600,0.0,0.0,0.0
2023-03-31 00:00:00+09:00,3295.0,3295.0,3000.0,3135.0,2193,0.0,0.0,0.0
2023-04-03 00:00:00+09:00,3585.0,3585.0,3525.0,3525.0,25,0.0,0.0,0.0
2023-04-04 00:00:00+09:00,4015.0,4015.0,3100.0,3200.0,1523,0.0,0.0,0.0
2023-04-05 00:00:00+09:00,3655.0,3655.0,3105.0,3465.0,1240,0.0,0.0,0.0
2023-04-06 00:00:00+09:00,3450.0,3595.0,3200.0,3405.0,10473,0.0,0.0,0.0
2023-04-07 00:00:00+09:00,3700.0,3700.0,3320.0,3450.0,3260,0.0,0.0,0.0
2023-04-10 00:00:00+09:00,3900.0,3900.0,2935.0,3390.0,7748,0.0,0.0,0.0
2023-04-11 00:00:00+09:00,3385.0,3385.0,3005.0,3240.0,3120,0.0,0.0,0.0
2023-04-12 00:00:00+09:00,3385.0,3385.0,3005.0,3340.0,274,0.0,0.0,0.0
2023-04-13 00:00:00+09:00,3495.0,3495.0,3215.0,3335.0,432,0.0,0.0,0.0
2023-04-14 00:00:00+09:00,3490.0,3490.0,3200.0,3400.0,6776,0.0,0.0,0.0
2023-04-17 00:00:00+09:00,3595.0,3595.0,3300.0,3380.0,206,0.0,0.0,0.0
2023-04-18 00:00:00+09:00,3380.0,3600.0,3030.0,3285.0,10476,0.0,0.0,0.0
2023-04-19 00:00:00+09:00,3490.0,3490.0,3200.0,3300.0,7055,0.0,0.0,0.0
2023-04-20 00:00:00+09:00,3595.0,3595.0,3305.0,3305.0,38,0.0,0.0,0.0
2023-04-21 00:00:00+09:00,3570.0,3570.0,3155.0,3385.0,43,0.0,0.0,0.0
2023-04-24 00:00:00+09:00,3380.0,3380.0,3160.0,3265.0,790,0.0,0.0,0.0
2023-04-25 00:00:00+09:00,3540.0,3540.0,3125.0,3225.0,920,0.0,0.0,0.0
2023-04-26 00:00:00+09:00,3280.0,3280.0,3160.0,3245.0,316,0.0,0.0,0.0
2023-04-27 00:00:00+09:00,3010.0,3240.0,3000.0,3240.0,12623,0.0,0.0,0.0
2023-04-28 00:00:00+09:00,3140.0,3140.0,3000.0,3045.0,10345,0.0,0.0,0.0
2023-05-02 00:00:00+09:00,3480.0,3480.0,3005.0,3090.0,496,0.0,0.0,0.0
2023-05-03 00:00:00+09:00,3090.0,3460.0,3000.0,3200.0,6178,0.0,0.0,0.0
2023-05-04 00:00:00+09:00,3150.0,3300.0,3150.0,3290.0,1715,0.0,0.0,0.0
2023-05-08 00:00:00+09:00,3140.0,3290.0,3120.0,3275.0,1484,0.0,0.0,0.0
2023-05-09 00:00:00+09:00,3585.0,3585.0,3120.0,3250.0,3012,0.0,0.0,0.0
2023-05-10 00:00:00+09:00,3250.0,3495.0,3210.0,3445.0,1162,0.0,0.0,0.0
2023-05-11 00:00:00+09:00,3200.0,3495.0,3200.0,3250.0,1617,0.0,0.0,0.0
2023-05-12 00:00:00+09:00,3590.0,3590.0,3250.0,3250.0,934,0.0,0.0,0.0
2023-05-15 00:00:00+09:00,3490.0,3490.0,3205.0,3235.0,673,0.0,0.0,0.0
2023-05-16 00:00:00+09:00,3495.0,3590.0,3305.0,3540.0,2023,0.0,0.0,0.0
2023-05-17 00:00:00+09:00,3700.0,3700.0,3300.0,3580.0,832,0.0,0.0,0.0
2023-05-18 00:00:00+09:00,3795.0,3795.0,3335.0,3335.0,116,0.0,0.0,0.0
2023-05-19 00:00:00+09:00,3455.0,3455.0,3445.0,3450.0,1711,0.0,0.0,0.0
2023-05-22 00:00:00+09:00,3700.0,3800.0,3450.0,3450.0,127,0.0,0.0,0.0
2023-05-23 00:00:00+09:00,3690.0,3690.0,3405.0,3635.0,14,0.0,0.0,0.0
2023-05-24 00:00:00+09:00,3350.0,3600.0,3210.0,3365.0,1096,0.0,0.0,0.0
2023-05-25 00:00:00+09:00,3580.0,3580.0,3325.0,3325.0,141,0.0,0.0,0.0
2023-05-26 00:00:00+09:00,3325.0,3445.0,3285.0,3300.0,1732,0.0,0.0,0.0
2023-05-30 00:00:00+09:00,3395.0,3395.0,3265.0,3265.0,686,0.0,0.0,0.0
2023-05-31 00:00:00+09:00,3495.0,3495.0,3160.0,3300.0,125,0.0,0.0,0.0
2023-06-01 00:00:00+09:00,3495.0,3495.0,3135.0,3135.0,412,0.0,0.0,0.0
2023-06-02 00:00:00+09:00,3390.0,3390.0,3185.0,3185.0,3248,0.0,0.0,0.0
2023-06-05 00:00:00+09:00,3250.0,3495.0,3185.0,3185.0,1464,0.0,0.0,0.0
2023-06-07 00:00:00+09:00,3655.0,3655.0,3205.0,3210.0,149,0.0,0.0,0.0
2023-06-08 00:00:00+09:00,3490.0,3490.0,3220.0,3440.0,252,0.0,0.0,0.0
2023-06-09 00:00:00+09:00,3885.0,3885.0,3225.0,3265.0,304,0.0,0.0,0.0
2023-06-12 00:00:00+09:00,3490.0,3490.0,3215.0,3240.0,1439,0.0,0.0,0.0
2023-06-13 00:00:00+09:00,3470.0,3470.0,3220.0,3335.0,1678,0.0,0.0,0.0
2023-06-14 00:00:00+09:00,3700.0,3700.0,3240.0,3245.0,390,0.0,0.0,0.0
2023-06-15 00:00:00+09:00,3245.0,3495.0,3200.0,3480.0,682,0.0,0.0,0.0
2023-06-16 00:00:00+09:00,3590.0,3590.0,3055.0,3055.0,4605,0.0,0.0,0.0
2023-06-19 00:00:00+09:00,3255.0,3255.0,3075.0,3075.0,1534,0.0,0.0,0.0
2023-06-20 00:00:00+09:00,3275.0,3275.0,3010.0,3015.0,1951,0.0,0.0,0.0
2023-06-21 00:00:00+09:00,3420.0,3420.0,2990.0,2995.0,332,0.0,0.0,0.0
2023-06-22 00:00:00+09:00,3190.0,3345.0,3035.0,3060.0,8559,0.0,0.0,0.0
2023-06-23 00:00:00+09:00,3270.0,3495.0,3120.0,3120.0,16974,0.0,0.0,0.0
2023-06-26 00:00:00+09:00,3290.0,3495.0,3180.0,3210.0,10312,0.0,0.0,0.0
2023-06-27 00:00:00+09:00,3500.0,3500.0,3235.0,3255.0,3063,0.0,0.0,0.0
2023-06-28 00:00:00+09:00,3500.0,3500.0,3260.0,3265.0,3362,0.0,0.0,0.0
2023-06-29 00:00:00+09:00,3350.0,3495.0,3210.0,3210.0,4575,0.0,0.0,0.0
2023-06-30 00:00:00+09:00,3270.0,3275.0,3115.0,3125.0,647,0.0,0.0,0.0
2023-07-03 00:00:00+09:00,3245.0,3495.0,3150.0,3175.0,1758,0.0,0.0,0.0
2023-07-04 00:00:00+09:00,3495.0,3495.0,3195.0,3205.0,682,0.0,0.0,0.0
2023-07-05 00:00:00+09:00,3495.0,3500.0,3035.0,3150.0,1679,0.0,0.0,0.0
2023-07-06 00:00:00+09:00,3150.0,3545.0,3040.0,3255.0,825,0.0,0.0,0.0
2023-07-07 00:00:00+09:00,3560.0,3560.0,3210.0,3425.0,10,0.0,0.0,0.0
2023-07-10 00:00:00+09:00,3790.0,3790.0,3195.0,3245.0,2785,0.0,0.0,0.0
2023-07-11 00:00:00+09:00,3520.0,3520.0,3190.0,3335.0,784,0.0,0.0,0.0
2023-07-12 00:00:00+09:00,2920.0,3490.0,2920.0,3220.0,3007,0.0,0.0,0.0
2023-07-13 00:00:00+09:00,3490.0,3490.0,2950.0,3090.0,11651,0.0,0.0,0.0
2023-07-14 00:00:00+09:00,3190.0,3190.0,3000.0,3150.0,3276,0.0,0.0,0.0
2023-07-17 00:00:00+09:00,3495.0,3495.0,3005.0,3100.0,4919,0.0,0.0,0.0
2023-07-18 00:00:00+09:00,3100.0,3155.0,3050.0,3100.0,601,0.0,0.0,0.0
2023-07-19 00:00:00+09:00,3145.0,3145.0,3000.0,3035.0,2514,0.0,0.0,0.0
2023-07-20 00:00:00+09:00,3135.0,3135.0,2830.0,2985.0,8525,0.0,0.0,0.0
2023-07-21 00:00:00+09:00,3145.0,3155.0,2950.0,2970.0,602,0.0,0.0,0.0
2023-07-24 00:00:00+09:00,3140.0,3140.0,2825.0,2970.0,1736,0.0,0.0,0.0
2023-07-25 00:00:00+09:00,3120.0,3120.0,2830.0,2950.0,1448,0.0,0.0,0.0
2023-07-26 00:00:00+09:00,2950.0,3140.0,2635.0,2725.0,6062,0.0,0.0,0.0
2023-07-27 00:00:00+09:00,2900.0,2900.0,2600.0,2795.0,725,0.0,0.0,0.0
2023-07-28 00:00:00+09:00,2995.0,2995.0,2755.0,2800.0,781,0.0,0.0,0.0
2023-07-31 00:00:00+09:00,3185.0,3185.0,2625.0,2845.0,7089,0.0,0.0,0.0
2023-08-01 00:00:00+09:00,2910.0,2910.0,2420.0,2485.0,17632,0.0,0.0,0.0
2023-08-02 00:00:00+09:00,2690.0,2690.0,2480.0,2550.0,3030,0.0,0.0,0.0
2023-08-03 00:00:00+09:00,2700.0,2700.0,2600.0,2650.0,764,0.0,0.0,0.0
2023-08-04 00:00:00+09:00,2845.0,2845.0,2700.0,2795.0,870,0.0,0.0,0.0
2023-08-07 00:00:00+09:00,2980.0,2980.0,2700.0,2850.0,806,0.0,0.0,0.0
2023-08-08 00:00:00+09:00,2995.0,2995.0,2750.0,2870.0,224,0.0,0.0,0.0
2023-08-09 00:00:00+09:00,3185.0,3185.0,2635.0,2865.0,3194,0.0,0.0,0.0
2023-08-10 00:00:00+09:00,3285.0,3285.0,2660.0,2975.0,278,0.0,0.0,0.0
2023-08-11 00:00:00+09:00,3405.0,3405.0,3245.0,3245.0,19,0.0,0.0,0.0
2023-08-14 00:00:00+09:00,3695.0,3695.0,2885.0,3295.0,2012,0.0,0.0,0.0
2023-08-16 00:00:00+09:00,3495.0,3500.0,3265.0,3265.0,930,0.0,0.0,0.0
2023-08-17 00:00:00+09:00,3690.0,3690.0,2900.0,3200.0,2201,0.0,0.0,0.0
2023-08-18 00:00:00+09:00,3580.0,3580.0,2955.0,3085.0,2613,0.0,0.0,0.0
2023-08-21 00:00:00+09:00,3490.0,3490.0,2955.0,3125.0,1763,0.0,0.0,0.0
2023-08-22 00:00:00+09:00,3480.0,3480.0,3000.0,3070.0,2010,0.0,0.0,0.0
2023-08-23 00:00:00+09:00,3510.0,3510.0,3005.0,3195.0,1240,0.0,0.0,0.0
2023-08-24 00:00:00+09:00,3200.0,3200.0,3010.0,3135.0,1312,0.0,0.0,0.0
2023-08-25 00:00:00+09:00,3200.0,3200.0,2715.0,2975.0,10100,0.0,0.0,0.0
2023-08-28 00:00:00+09:00,3405.0,3405.0,2540.0,2985.0,7002,0.0,0.0,0.0
2023-08-29 00:00:00+09:00,3425.0,3425.0,2840.0,2930.0,1037,0.0,0.0,0.0
2023-08-30 00:00:00+09:00,3195.0,3195.0,2735.0,2930.0,794,0.0,0.0,0.0
2023-08-31 00:00:00+09:00,3350.0,3350.0,2905.0,3115.0,168,0.0,0.0,0.0
2023-09-01 00:00:00+09:00,3115.0,3560.0,3000.0,3085.0,665,0.0,0.0,0.0
2023-09-04 00:00:00+09:00,3100.0,3100.0,2650.0,2720.0,26744,0.0,0.0,0.0
2023-09-05 00:00:00+09:00,2945.0,2945.0,2600.0,2615.0,18820,0.0,0.0,0.0
2023-09-06 00:00:00+09:00,2770.0,2770.0,2530.0,2620.0,3697,0.0,0.0,0.0
2023-09-07 00:00:00+09:00,2995.0,2995.0,2600.0,2710.0,3884,0.0,0.0,0.0
2023-09-08 00:00:00+09:00,2800.0,2800.0,2640.0,2725.0,1210,0.0,0.0,0.0
2023-09-11 00:00:00+09:00,2865.0,2865.0,2700.0,2740.0,359,0.0,0.0,0.0
2023-09-12 00:00:00+09:00,2840.0,2840.0,2630.0,2660.0,2897,0.0,0.0,0.0
2023-09-13 00:00:00+09:00,2885.0,2885.0,2580.0,2660.0,1447,0.0,0.0,0.0
2023-09-14 00:00:00+09:00,3030.0,3030.0,2640.0,2765.0,185,0.0,0.0,0.0
2023-09-15 00:00:00+09:00,2870.0,2870.0,2630.0,2720.0,477,0.0,0.0,0.0
2023-09-18 00:00:00+09:00,2750.0,2750.0,2710.0,2710.0,5,0.0,0.0,0.0
2023-09-19 00:00:00+09:00,3030.0,3030.0,2690.0,2690.0,214,0.0,0.0,0.0
2023-09-20 00:00:00+09:00,2950.0,2950.0,2535.0,2695.0,191,0.0,0.0,0.0
2023-09-21 00:00:00+09:00,2690.0,2690.0,2500.0,2640.0,4037,0.0,0.0,0.0
2023-09-22 00:00:00+09:00,2835.0,2835.0,2605.0,2780.0,152,0.0,0.0,0.0
2023-09-25 00:00:00+09:00,2835.0,2835.0,2620.0,2770.0,122,0.0,0.0,0.0
2023-09-26 00:00:00+09:00,2880.0,2880.0,2600.0,2645.0,115,0.0,0.0,0.0
2023-09-27 00:00:00+09:00,2730.0,2730.0,2520.0,2670.0,2404,0.0,0.0,0.0
2023-10-04 00:00:00+09:00,2885.0,2885.0,2540.0,2630.0,2517,0.0,0.0,0.0
2023-10-05 00:00:00+09:00,2725.0,2725.0,2450.0,2680.0,1793,0.0,0.0,0.0
2023-10-06 00:00:00+09:00,2895.0,2895.0,2485.0,2620.0,1422,0.0,0.0,0.0
2023-10-10 00:00:00+09:00,2600.0,2600.0,2410.0,2555.0,894,0.0,0.0,0.0
2023-10-11 00:00:00+09:00,2915.0,2915.0,2265.0,2735.0,1446,0.0,0.0,0.0
2023-10-12 00:00:00+09:00,2595.0,2595.0,2590.0,2595.0,259,0.0,0.0,0.0
2023-10-13 00:00:00+09:00,2900.0,2900.0,2450.0,2625.0,1198,0.0,0.0,0.0
2023-10-16 00:00:00+09:00,2700.0,2700.0,2495.0,2610.0,104,0.0,0.0,0.0
2023-10-17 00:00:00+09:00,2650.0,2650.0,2450.0,2640.0,758,0.0,0.0,0.0
2023-10-18 00:00:00+09:00,2730.0,2730.0,2495.0,2665.0,803,0.0,0.0,0.0
2023-10-19 00:00:00+09:00,2720.0,2720.0,2445.0,2455.0,470,0.0,0.0,0.0
2023-10-20 00:00:00+09:00,2730.0,2730.0,2395.0,2485.0,1120,0.0,0.0,0.0
2023-10-23 00:00:00+09:00,2695.0,2695.0,2240.0,2580.0,128,0.0,0.0,0.0
2023-10-24 00:00:00+09:00,2580.0,2650.0,2580.0,2650.0,19,0.0,0.0,0.0
2023-10-25 00:00:00+09:00,2635.0,2635.0,2595.0,2595.0,16,0.0,0.0,0.0
2023-10-26 00:00:00+09:00,2645.0,2645.0,2355.0,2630.0,20,0.0,0.0,0.0
2023-10-27 00:00:00+09:00,2615.0,2615.0,2575.0,2575.0,10,0.0,0.0,0.0
2023-10-30 00:00:00+09:00,2575.0,2600.0,2355.0,2535.0,3394,0.0,0.0,0.0
2023-10-31 00:00:00+09:00,2600.0,2600.0,2230.0,2495.0,1694,0.0,0.0,0.0
2023-11-01 00:00:00+09:00,2555.0,2555.0,2465.0,2465.0,102,0.0,0.0,0.0
2023-11-02 00:00:00+09:00,2600.0,2600.0,2245.0,2430.0,493,0.0,0.0,0.0
2023-11-03 00:00:00+09:00,2755.0,2755.0,2205.0,2445.0,2044,0.0,0.0,0.0
2023-11-06 00:00:00+09:00,2635.0,2635.0,2250.0,2380.0,3434,0.0,0.0,0.0
2023-11-07 00:00:00+09:00,2705.0,2705.0,2205.0,2390.0,2473,0.0,0.0,0.0
2023-11-08 00:00:00+09:00,2695.0,2695.0,2290.0,2600.0,10062,0.0,0.0,0.0
2023-11-09 00:00:00+09:00,2690.0,2690.0,2400.0,2660.0,986,0.0,0.0,0.0
2023-11-10 00:00:00+09:00,2685.0,2685.0,2675.0,2675.0,312,0.0,0.0,0.0
2023-11-13 00:00:00+09:00,2670.0,2670.0,2665.0,2665.0,11,0.0,0.0,0.0
2023-11-14 00:00:00+09:00,2690.0,2690.0,2660.0,2660.0,159,0.0,0.0,0.0
2023-11-15 00:00:00+09:00,2990.0,2990.0,2400.0,2685.0,203,0.0,0.0,0.0
2023-11-16 00:00:00+09:00,2670.0,2670.0,2670.0,2670.0,100,0.0,0.0,0.0
2023-11-17 00:00:00+09:00,2665.0,2665.0,2505.0,2585.0,10,0.0,0.0,0.0
2023-11-20 00:00:00+09:00,2675.0,2675.0,2480.0,2565.0,232,0.0,0.0,0.0
2023-11-21 00:00:00+09:00,2945.0,2945.0,2595.0,2600.0,147,0.0,0.0,0.0
2023-11-22 00:00:00+09:00,2645.0,2645.0,2455.0,2600.0,588,0.0,0.0,0.0
2023-11-23 00:00:00+09:00,2735.0,2735.0,2410.0,2595.0,3190,0.0,0.0,0.0
2023-11-24 00:00:00+09:00,2820.0,2820.0,2285.0,2590.0,2566,0.0,0.0,0.0
2023-11-27 00:00:00+09:00,2825.0,2825.0,2500.0,2575.0,642,0.0,0.0,0.0
2023-11-28 00:00:00+09:00,2740.0,2740.0,2340.0,2580.0,43,0.0,0.0,0.0
2023-11-29 00:00:00+09:00,2665.0,2665.0,2275.0,2605.0,9660,0.0,0.0,0.0
2023-11-30 00:00:00+09:00,2335.0,2600.0,2335.0,2585.0,56,0.0,0.0,0.0
2023-12-01 00:00:00+09:00,2745.0,2745.0,2330.0,2570.0,470,0.0,0.0,0.0
2023-12-04 00:00:00+09:00,2840.0,2840.0,2505.0,2680.0,126,0.0,0.0,0.0
2023-12-05 00:00:00+09:00,2915.0,2915.0,2325.0,2685.0,1235,0.0,0.0,0.0
2023-12-06 00:00:00+09:00,2890.0,2890.0,2315.0,2330.0,8622,0.0,0.0,0.0
2023-12-07 00:00:00+09:00,2255.0,2580.0,2255.0,2525.0,1848,0.0,0.0,0.0
2023-12-08 00:00:00+09:00,2735.0,2735.0,2515.0,2645.0,7438,0.0,0.0,0.0
2023-12-11 00:00:00+09:00,2840.0,2840.0,2740.0,2740.0,273,0.0,0.0,0.0
2023-12-12 00:00:00+09:00,2755.0,2755.0,2700.0,2700.0,50,0.0,0.0,0.0
2023-12-13 00:00:00+09:00,3000.0,3000.0,2470.0,2860.0,47,0.0,0.0,0.0
2023-12-14 00:00:00+09:00,2815.0,2815.0,2535.0,2765.0,538,0.0,0.0,0.0
2023-12-15 00:00:00+09:00,3170.0,3170.0,3105.0,3105.0,72,0.0,0.0,0.0
2023-12-18 00:00:00+09:00,3490.0,3490.0,2680.0,3060.0,3505,0.0,0.0,0.0
2023-12-19 00:00:00+09:00,3505.0,3505.0,2620.0,2755.0,4201,0.0,0.0,0.0
2023-12-20 00:00:00+09:00,2895.0,2895.0,2670.0,2745.0,711,0.0,0.0,0.0
2023-12-21 00:00:00+09:00,3090.0,3090.0,2545.0,2925.0,821,0.0,0.0,0.0
2023-12-22 00:00:00+09:00,2890.0,2890.0,2710.0,2830.0,123,0.0,0.0,0.0
2023-12-26 00:00:00+09:00,2830.0,2830.0,2600.0,2700.0,144,0.0,0.0,0.0
2023-12-27 00:00:00+09:00,2700.0,3095.0,2620.0,2940.0,237,0.0,0.0,0.0
2023-12-28 00:00:00+09:00,2800.0,2800.0,2695.0,2765.0,43,0.0,0.0,0.0
2024-01-02 00:00:00+09:00,3160.0,3160.0,3030.0,3030.0,32,0.0,0.0,0.0
2024-01-03 00:00:00+09:00,3025.0,3025.0,2925.0,2925.0,169,0.0,0.0,0.0
2024-01-04 00:00:00+09:00,3335.0,3335.0,2510.0,2535.0,4327,0.0,0.0,0.0
2024-01-05 00:00:00+09:00,2800.0,2840.0,2600.0,2620.0,192,0.0,0.0,0.0
2024-01-08 00:00:00+09:00,2600.0,2995.0,2595.0,2885.0,536,0.0,0.0,0.0
2024-01-09 00:00:00+09:00,3305.0,3305.0,2610.0,2925.0,274,0.0,0.0,0.0
2024-01-10 00:00:00+09:00,3340.0,3340.0,2545.0,2975.0,389,0.0,0.0,0.0
2024-01-11 00:00:00+09:00,2985.0,2985.0,2610.0,2980.0,157,0.0,0.0,0.0
2024-01-12 00:00:00+09:00,3385.0,3385.0,2600.0,2900.0,407,0.0,0.0,0.0
2024-01-15 00:00:00+09:00,3095.0,3095.0,3095.0,3095.0,2,0.0,0.0,0.0
2024-01-16 00:00:00+09:00,2910.0,2910.0,2510.0,2630.0,300,0.0,0.0,0.0
2024-01-17 00:00:00+09:00,2920.0,2920.0,2415.0,2645.0,661,0.0,0.0,0.0
2024-01-18 00:00:00+09:00,2625.0,2625.0,2430.0,2555.0,442,0.0,0.0,0.0
2024-01-19 00:00:00+09:00,2890.0,2890.0,2890.0,2890.0,1,0.0,0.0,0.0
2024-01-22 00:00:00+09:00,2890.0,2890.0,2530.0,2755.0,113,0.0,0.0,0.0
2024-01-23 00:00:00+09:00,2840.0,2840.0,2435.0,2475.0,34,0.0,0.0,0.0
2024-01-24 00:00:00+09:00,2765.0,2765.0,2480.0,2550.0,106,0.0,0.0,0.0
2024-01-25 00:00:00+09:00,2820.0,2820.0,2540.0,2785.0,98,0.0,0.0,0.0
2024-01-26 00:00:00+09:00,2985.0,2985.0,2520.0,2645.0,78,0.0,0.0,0.0
2024-01-29 00:00:00+09:00,2830.0,2830.0,2415.0,2600.0,1003,0.0,0.0,0.0
2024-01-30 00:00:00+09:00,2420.0,2590.0,2420.0,2590.0,508,0.0,0.0,0.0
2024-01-31 00:00:00+09:00,2550.0,2835.0,2430.0,2635.0,357,0.0,0.0,0.0
2024-02-01 00:00:00+09:00,2780.0,2780.0,2410.0,2640.0,354,0.0,0.0,0.0
2024-02-02 00:00:00+09:00,2785.0,2785.0,2320.0,2320.0,2942,0.0,0.0,0.0
2024-02-05 00:00:00+09:00,2585.0,2585.0,2220.0,2570.0,2168,0.0,0.0,0.0
2024-02-06 00:00:00+09:00,2735.0,2735.0,2370.0,2710.0,19,0.0,0.0,0.0
2024-02-07 00:00:00+09:00,2790.0,2790.0,2360.0,2580.0,2048,0.0,0.0,0.0
2024-02-08 00:00:00+09:00,2410.0,2680.0,2410.0,2620.0,374,0.0,0.0,0.0
2024-02-13 00:00:00+09:00,2770.0,2770.0,2745.0,2770.0,711,0.0,0.0,0.0
2024-02-14 00:00:00+09:00,2430.0,2765.0,2430.0,2765.0,118,0.0,0.0,0.0
2024-02-15 00:00:00+09:00,2505.0,2765.0,2500.0,2765.0,3903,0.0,0.0,0.0
2024-02-16 00:00:00+09:00,2765.0,2765.0,2700.0,2700.0,304,0.0,0.0,0.0
2024-02-19 00:00:00+09:00,2760.0,2760.0,2555.0,2750.0,137,0.0,0.0,0.0
2024-02-20 00:00:00+09:00,2765.0,2765.0,2540.0,2690.0,164,0.0,0.0,0.0
2024-02-21 00:00:00+09:00,2760.0,2760.0,2710.0,2710.0,4,0.0,0.0,0.0
2024-02-22 00:00:00+09:00,2765.0,2765.0,2705.0,2705.0,3,0.0,0.0,0.0
2024-02-23 00:00:00+09:00,2790.0,2790.0,2550.0,2745.0,131,0.0,0.0,0.0
2024-02-26 00:00:00+09:00,2740.0,2790.0,2545.0,2785.0,612,0.0,0.0,0.0
2024-02-27 00:00:00+09:00,2785.0,2800.0,2535.0,2785.0,966,0.0,0.0,0.0
2024-02-28 00:00:00+09:00,2785.0,2785.0,2550.0,2575.0,363,0.0,0.0,0.0
2024-02-29 00:00:00+09:00,2780.0,2780.0,2780.0,2780.0,2,0.0,0.0,0.0
2024-03-04 00:00:00+09:00,2780.0,2780.0,2500.0,2735.0,1568,0.0,0.0,0.0
2024-03-05 00:00:00+09:00,2750.0,2750.0,2585.0,2590.0,792,0.0,0.0,0.0
2024-03-06 00:00:00+09:00,2585.0,2640.0,2400.0,2420.0,2845,0.0,0.0,0.0
2024-03-07 00:00:00+09:00,2635.0,2635.0,2435.0,2505.0,320,0.0,0.0,0.0
2024-03-08 00:00:00+09:00,2625.0,2625.0,2410.0,2500.0,2222,0.0,0.0,0.0
2024-03-11 00:00:00+09:00,2675.0,2675.0,2425.0,2570.0,1929,0.0,0.0,0.0
2024-03-12 00:00:00+09:00,2630.0,2630.0,2410.0,2500.0,1666,0.0,0.0,0.0
2024-03-13 00:00:00+09:00,2600.0,2600.0,2500.0,2500.0,472,0.0,0.0,0.0
2024-03-14 00:00:00+09:00,2590.0,2590.0,2495.0,2495.0,199,0.0,0.0,0.0
2024-03-15 00:00:00+09:00,2590.0,2590.0,2410.0,2470.0,4674,0.0,0.0,0.0
2024-03-18 00:00:00+09:00,2505.0,2505.0,2420.0,2460.0,2274,0.0,0.0,0.0
2024-03-19 00:00:00+09:00,2495.0,2495.0,2410.0,2465.0,11605,0.0,0.0,0.0
2024-03-20 00:00:00+09:00,2540.0,2540.0,2535.0,2535.0,3,0.0,0.0,0.0
2024-03-21 00:00:00+09:00,2545.0,2545.0,2425.0,2535.0,5090,0.0,0.0,0.0
2024-03-22 00:00:00+09:00,2580.0,2580.0,2575.0,2580.0,955,0.0,0.0,0.0
2024-03-25 00:00:00+09:00,2590.0,2680.0,2505.0,2645.0,646,0.0,0.0,0.0
2024-03-26 00:00:00+09:00,2695.0,2695.0,2545.0,2680.0,49,0.0,0.0,0.0
2024-03-27 00:00:00+09:00,2700.0,2800.0,2600.0,2790.0,870,0.0,0.0,0.0
2024-03-28 00:00:00+09:00,2780.0,3090.0,2600.0,2900.0,2383,0.0,0.0,0.0
2024-03-29 00:00:00+09:00,3000.0,3000.0,2895.0,2900.0,164,0.0,0.0,0.0
2024-04-01 00:00:00+09:00,3000.0,3000.0,2550.0,2685.0,1673,0.0,0.0,0.0
2024-04-02 00:00:00+09:00,2700.0,2780.0,2600.0,2685.0,726,0.0,0.0,0.0
2024-04-03 00:00:00+09:00,2780.0,2780.0,2695.0,2750.0,817,0.0,0.0,0.0
2024-04-04 00:00:00+09:00,2785.0,2785.0,2550.0,2700.0,1308,0.0,0.0,0.0
2024-04-05 00:00:00+09:00,2680.0,2745.0,2600.0,2745.0,999,0.0,0.0,0.0
2024-04-08 00:00:00+09:00,2785.0,2785.0,2395.0,2425.0,9749,0.0,0.0,0.0
2024-04-09 00:00:00+09:00,2485.0,2485.0,2315.0,2400.0,1619,0.0,0.0,0.0
2024-04-11 00:00:00+09:00,2490.0,2490.0,2320.0,2400.0,1153,0.0,0.0,0.0
2024-04-12 00:00:00+09:00,2485.0,2485.0,2350.0,2400.0,3546,0.0,0.0,0.0
2024-04-15 00:00:00+09:00,2450.0,2450.0,2330.0,2395.0,1323,0.0,0.0,0.0
2024-04-16 00:00:00+09:00,2450.0,2485.0,2350.0,2395.0,1486,0.0,0.0,0.0
2024-04-17 00:00:00+09:00,2445.0,2445.0,2390.0,2400.0,3035,0.0,0.0,0.0
2024-04-18 00:00:00+09:00,2395.0,2445.0,2395.0,2400.0,525,0.0,0.0,0.0
2024-04-19 00:00:00+09:00,2500.0,2500.0,2390.0,2390.0,15,0.0,0.0,0.0
2024-04-22 00:00:00+09:00,2410.0,2410.0,2300.0,2380.0,942,0.0,0.0,0.0
2024-04-23 00:00:00+09:00,2395.0,2395.0,2230.0,2315.0,4419,0.0,0.0,0.0
2024-04-24 00:00:00+09:00,2370.0,2370.0,2250.0,2295.0,2100,0.0,0.0,0.0
2024-04-25 00:00:00+09:00,2300.0,2300.0,2125.0,2250.0,12401,0.0,0.0,0.0
2024-04-26 00:00:00+09:00,2300.0,2300.0,2145.0,2170.0,19530,0.0,0.0,0.0
2024-04-29 00:00:00+09:00,2225.0,2340.0,2170.0,2340.0,1059,0.0,0.0,0.0
2024-04-30 00:00:00+09:00,2390.0,2500.0,2350.0,2420.0,10154,0.0,0.0,0.0
2024-05-02 00:00:00+09:00,2480.0,2480.0,2400.0,2400.0,1098,0.0,0.0,0.0
2024-05-03 00:00:00+09:00,2445.0,2445.0,2350.0,2400.0,250,0.0,0.0,0.0
2024-05-07 00:00:00+09:00,2490.0,2490.0,2405.0,2440.0,374,0.0,0.0,0.0
2024-05-08 00:00:00+09:00,2485.0,2485.0,2215.0,2345.0,2051,0.0,0.0,0.0
2024-05-09 00:00:00+09:00,2360.0,2385.0,2300.0,2385.0,466,0.0,0.0,0.0
2024-05-10 00:00:00+09:00,2400.0,2400.0,2395.0,2395.0,81,0.0,0.0,0.0
2024-05-13 00:00:00+09:00,2350.0,2400.0,2330.0,2400.0,968,0.0,0.0,0.0
2024-05-14 00:00:00+09:00,2440.0,2440.0,2440.0,2440.0,1,0.0,0.0,0.0
2024-05-16 00:00:00+09:00,2490.0,2490.0,2305.0,2480.0,14151,0.0,0.0,0.0
2024-05-17 00:00:00+09:00,2490.0,2540.0,2315.0,2540.0,380,0.0,0.0,0.0
2024-05-20 00:00:00+09:00,2585.0,2640.0,2515.0,2625.0,2310,0.0,0.0,0.0
2024-05-21 00:00:00+09:00,2645.0,2645.0,2520.0,2625.0,817,0.0,0.0,0.0
2024-05-22 00:00:00+09:00,2650.0,2650.0,2515.0,2640.0,703,0.0,0.0,0.0
2024-05-23 00:00:00+09:00,2685.0,2690.0,2245.0,2245.0,25419,0.0,0.0,0.0
2024-05-24 00:00:00+09:00,2280.0,2400.0,2245.0,2400.0,1855,0.0,0.0,0.0
2024-05-27 00:00:00+09:00,2310.0,2395.0,2225.0,2330.0,1934,0.0,0.0,0.0
2024-05-28 00:00:00+09:00,2330.0,2330.0,2325.0,2325.0,24,0.0,0.0,0.0
2024-05-29 00:00:00+09:00,2320.0,2445.0,2305.0,2390.0,2416,0.0,0.0,0.0
2024-05-30 00:00:00+09:00,2390.0,2440.0,2350.0,2440.0,223,0.0,0.0,0.0
2024-05-31 00:00:00+09:00,2490.0,2490.0,2130.0,2150.0,14614,0.0,0.0,0.0
2024-06-03 00:00:00+09:00,2195.0,2195.0,2100.0,2100.0,3306,0.0,0.0,0.0
2024-06-04 00:00:00+09:00,2100.0,2140.0,2045.0,2125.0,495,0.0,0.0,0.0
2024-06-05 00:00:00+09:00,2185.0,2185.0,2020.0,2035.0,3625,0.0,0.0,0.0
2024-06-07 00:00:00+09:00,2090.0,2190.0,2080.0,2190.0,5723,0.0,0.0,0.0
2024-06-10 00:00:00+09:00,2200.0,2200.0,2200.0,2200.0,2,0.0,0.0,0.0
2024-06-11 00:00:00+09:00,2200.0,2250.0,2100.0,2250.0,17,0.0,0.0,0.0
2024-06-12 00:00:00+09:00,2295.0,2295.0,2000.0,2030.0,5486,0.0,0.0,0.0
2024-06-13 00:00:00+09:00,2090.0,2090.0,2000.0,2000.0,4394,0.0,0.0,0.0
2024-06-14 00:00:00+09:00,2090.0,2090.0,2090.0,2090.0,4,0.0,0.0,0.0
2024-06-17 00:00:00+09:00,2050.0,2050.0,2000.0,2030.0,118,0.0,0.0,0.0
2024-06-18 00:00:00+09:00,2090.0,2090.0,1730.0,1730.0,10343,0.0,0.0,0.0
2024-06-19 00:00:00+09:00,1786.0,1880.0,1485.0,1879.0,14643,0.0,0.0,0.0
2024-06-20 00:00:00+09:00,1895.0,1940.0,1880.0,1900.0,1058,0.0,0.0,0.0
2024-06-21 00:00:00+09:00,1940.0,1979.0,1900.0,1979.0,530,0.0,0.0,0.0
2024-06-24 00:00:00+09:00,1840.0,1940.0,1683.0,1683.0,10725,0.0,0.0,0.0
2024-06-25 00:00:00+09:00,1740.0,1740.0,1431.0,1593.0,47764,0.0,0.0,0.0
2024-06-26 00:00:00+09:00,1600.0,1600.0,1355.0,1378.0,38554,0.0,0.0,0.0
2024-06-27 00:00:00+09:00,1440.0,1480.0,1370.0,1479.0,711,0.0,0.0,0.0
2024-06-28 00:00:00+09:00,1500.0,1539.0,1400.0,1537.0,986,0.0,0.0,0.0
2024-07-01 00:00:00+09:00,1589.0,1589.0,1450.0,1500.0,5385,0.0,0.0,0.0
2024-07-02 00:00:00+09:00,1560.0,1560.0,1406.0,1438.0,8512,0.0,0.0,0.0
2024-07-03 00:00:00+09:00,1490.0,1490.0,1350.0,1487.0,6153,0.0,0.0,0.0
2024-07-04 00:00:00+09:00,1500.0,1590.0,1415.0,1585.0,24588,0.0,0.0,0.0
2024-07-05 00:00:00+09:00,1600.0,1600.0,1417.0,1558.0,45,0.0,0.0,0.0
2024-07-08 00:00:00+09:00,1558.0,1590.0,1460.0,1590.0,582,0.0,0.0,0.0
2024-07-09 00:00:00+09:00,1595.0,1595.0,1500.0,1593.0,418,0.0,0.0,0.0
2024-07-10 00:00:00+09:00,1600.0,1600.0,1500.0,1597.0,1595,0.0,0.0,0.0
2024-07-11 00:00:00+09:00,1600.0,1600.0,1479.0,1592.0,292,0.0,0.0,0.0
2024-07-12 00:00:00+09:00,1600.0,1600.0,1500.0,1573.0,18663,0.0,0.0,0.0
2024-07-15 00:00:00+09:00,1573.0,1573.0,1530.0,1564.0,1788,0.0,0.0,0.0
2024-07-16 00:00:00+09:00,1564.0,1564.0,1510.0,1560.0,100,0.0,0.0,0.0
2024-07-17 00:00:00+09:00,1590.0,1590.0,1405.0,1560.0,376,0.0,0.0,0.0
2024-07-18 00:00:00+09:00,1590.0,1590.0,1440.0,1545.0,2977,0.0,0.0,0.0
2024-07-19 00:00:00+09:00,1590.0,1590.0,1544.0,1544.0,16,0.0,0.0,0.0
