Date,Open,High,Low,Close,Volume,Dividends,Stock Splits
2021-03-11 00:00:00+09:00,7200.0,9360.0,6180.0,8480.0,53043700,0.0,0.0
2021-03-12 00:00:00+09:00,8240.0,10600.0,8120.0,8840.0,31211375,0.0,0.0
2021-03-15 00:00:00+09:00,8920.0,9160.0,7900.0,8000.0,5621750,0.0,0.0
2021-03-16 00:00:00+09:00,7880.0,8080.0,7120.0,7280.0,3006790,0.0,0.0
2021-03-17 00:00:00+09:00,7140.0,8680.0,6840.0,7560.0,8486235,0.0,0.0
2021-03-18 00:00:00+09:00,7900.0,9220.0,7760.0,8400.0,12572647,0.0,0.0
2021-03-19 00:00:00+09:00,8000.0,8600.0,7500.0,7520.0,5991225,0.0,0.0
2021-03-22 00:00:00+09:00,7360.0,7720.0,7260.0,7300.0,1527490,0.0,0.0
2021-03-23 00:00:00+09:00,7460.0,7620.0,7260.0,7460.0,1959317,0.0,0.0
2021-03-24 00:00:00+09:00,8100.0,8240.0,7320.0,7320.0,3893322,0.0,0.0
2021-03-25 00:00:00+09:00,7140.0,7240.0,6800.0,6920.0,1072740,0.0,0.0
2021-03-26 00:00:00+09:00,6900.0,7020.0,6580.0,6580.0,664685,0.0,0.0
2021-03-29 00:00:00+09:00,6600.0,6640.0,6140.0,6160.0,707050,0.0,0.0
2021-03-30 00:00:00+09:00,6180.0,6300.0,6060.0,6240.0,526525,0.0,0.0
2021-03-31 00:00:00+09:00,6160.0,7720.0,6080.0,6520.0,5060610,0.0,0.0
2021-04-01 00:00:00+09:00,6640.0,7600.0,6580.0,6720.0,4493072,0.0,0.0
2021-04-02 00:00:00+09:00,6860.0,7360.0,6740.0,6880.0,2028427,0.0,0.0
2021-04-05 00:00:00+09:00,6920.0,7320.0,6820.0,6920.0,1212660,0.0,0.0
2021-04-06 00:00:00+09:00,7000.0,7180.0,6720.0,6940.0,942122,0.0,0.0
2021-04-07 00:00:00+09:00,7040.0,7400.0,6940.0,7280.0,1790630,0.0,0.0
2021-04-08 00:00:00+09:00,7280.0,7300.0,6820.0,6860.0,784587,0.0,0.0
2021-04-09 00:00:00+09:00,6900.0,8160.0,6820.0,7060.0,5824087,0.0,0.0
2021-04-12 00:00:00+09:00,6840.0,7240.0,6840.0,6960.0,1590415,0.0,0.0
2021-04-13 00:00:00+09:00,7040.0,7220.0,6880.0,7100.0,1715732,0.0,0.0
2021-04-14 00:00:00+09:00,7120.0,7160.0,6860.0,6860.0,627797,0.0,0.0
2021-04-15 00:00:00+09:00,6920.0,7220.0,6900.0,7080.0,1662535,0.0,0.0
2021-04-16 00:00:00+09:00,7080.0,7080.0,6940.0,6960.0,423340,0.0,0.0
2021-04-19 00:00:00+09:00,7020.0,7260.0,7000.0,7060.0,1081395,0.0,0.0
2021-04-20 00:00:00+09:00,7120.0,7300.0,7020.0,7040.0,739950,0.0,0.0
2021-04-21 00:00:00+09:00,7080.0,7240.0,6940.0,6980.0,607297,0.0,0.0
2021-04-22 00:00:00+09:00,7020.0,7080.0,6920.0,6920.0,358650,0.0,0.0
2021-04-23 00:00:00+09:00,6920.0,6960.0,6680.0,6720.0,394627,0.0,0.0
2021-04-26 00:00:00+09:00,6760.0,6840.0,6540.0,6600.0,329980,0.0,0.0
2021-04-27 00:00:00+09:00,6620.0,6620.0,6520.0,6520.0,200580,0.0,0.0
2021-04-28 00:00:00+09:00,6520.0,6520.0,6280.0,6360.0,294655,0.0,0.0
2021-04-29 00:00:00+09:00,6380.0,6820.0,6380.0,6680.0,810092,0.0,0.0
2021-04-30 00:00:00+09:00,6680.0,6720.0,6500.0,6640.0,148087,0.0,0.0
2021-05-03 00:00:00+09:00,6580.0,6920.0,6580.0,6680.0,552690,0.0,0.0
2021-05-04 00:00:00+09:00,6720.0,6900.0,6540.0,6540.0,359795,0.0,0.0
2021-05-06 00:00:00+09:00,6540.0,6540.0,6400.0,6440.0,156535,0.0,0.0
2021-05-07 00:00:00+09:00,6440.0,6520.0,6400.0,6460.0,85247,0.0,0.0
2021-05-10 00:00:00+09:00,6580.0,6580.0,6440.0,6520.0,116567,0.0,0.0
2021-05-11 00:00:00+09:00,6440.0,6880.0,6440.0,6640.0,652650,0.0,0.0
2021-05-12 00:00:00+09:00,6820.0,6820.0,6600.0,6740.0,222042,0.0,0.0
2021-05-13 00:00:00+09:00,6720.0,7060.0,6680.0,6820.0,1150590,0.0,0.0
2021-05-14 00:00:00+09:00,6900.0,7020.0,6760.0,6780.0,352415,0.0,0.0
2021-05-17 00:00:00+09:00,6820.0,6900.0,6420.0,6440.0,362960,0.0,0.0
2021-05-18 00:00:00+09:00,6440.0,6500.0,6360.0,6400.0,127170,0.0,0.0
2021-05-20 00:00:00+09:00,6420.0,6420.0,6280.0,6380.0,149037,0.0,0.0
2021-05-21 00:00:00+09:00,6460.0,6460.0,6260.0,6260.0,110422,0.0,0.0
2021-05-24 00:00:00+09:00,6260.0,6340.0,6140.0,6160.0,81455,0.0,0.0
2021-05-25 00:00:00+09:00,6220.0,6220.0,6080.0,6120.0,69980,0.0,0.0
2021-05-26 00:00:00+09:00,6220.0,6220.0,6100.0,6140.0,88572,0.0,0.0
2021-05-27 00:00:00+09:00,6120.0,6240.0,6100.0,6140.0,64242,0.0,0.0
2021-05-28 00:00:00+09:00,6160.0,6200.0,6080.0,6120.0,90185,0.0,0.0
2021-05-31 00:00:00+09:00,6220.0,6220.0,6100.0,6160.0,65817,0.0,0.0
2021-06-01 00:00:00+09:00,6240.0,6340.0,6160.0,6180.0,129972,0.0,0.0
2021-06-02 00:00:00+09:00,6200.0,6620.0,6120.0,6280.0,305690,0.0,0.0
2021-06-03 00:00:00+09:00,6300.0,6400.0,6240.0,6360.0,136707,0.0,0.0
2021-06-04 00:00:00+09:00,6380.0,6600.0,6360.0,6460.0,304177,0.0,0.0
2021-06-07 00:00:00+09:00,6620.0,6620.0,6360.0,6380.0,127317,0.0,0.0
2021-06-08 00:00:00+09:00,6400.0,6500.0,6280.0,6420.0,117017,0.0,0.0
2021-06-09 00:00:00+09:00,6500.0,6520.0,6280.0,6280.0,75645,0.0,0.0
2021-06-10 00:00:00+09:00,6280.0,6300.0,6200.0,6200.0,54797,0.0,0.0
2021-06-11 00:00:00+09:00,6080.0,6200.0,5600.0,5900.0,308145,0.0,0.0
2021-06-14 00:00:00+09:00,5920.0,5980.0,5740.0,5740.0,171605,0.0,0.0
2021-06-15 00:00:00+09:00,5780.0,5800.0,5580.0,5620.0,287945,0.0,0.0
2021-06-16 00:00:00+09:00,5620.0,5720.0,5620.0,5660.0,128785,0.0,0.0
2021-06-17 00:00:00+09:00,5660.0,5880.0,5620.0,5860.0,146182,0.0,0.0
2021-06-18 00:00:00+09:00,5860.0,5880.0,5760.0,5800.0,66562,0.0,0.0
2021-06-21 00:00:00+09:00,5740.0,5820.0,5720.0,5800.0,50205,0.0,0.0
2021-06-22 00:00:00+09:00,5780.0,5860.0,5740.0,5800.0,72710,0.0,0.0
2021-06-23 00:00:00+09:00,5800.0,5880.0,5760.0,5820.0,60452,0.0,0.0
2021-06-24 00:00:00+09:00,5820.0,5840.0,5740.0,5760.0,66287,0.0,0.0
2021-06-25 00:00:00+09:00,5800.0,5820.0,5720.0,5720.0,63182,0.0,0.0
2021-06-28 00:00:00+09:00,5760.0,5760.0,5640.0,5720.0,66880,0.0,0.0
2021-06-29 00:00:00+09:00,5720.0,5940.0,5720.0,5940.0,304370,0.0,0.0
2021-06-30 00:00:00+09:00,5980.0,6000.0,5860.0,5900.0,85785,0.0,0.0
2021-07-01 00:00:00+09:00,5860.0,5960.0,5780.0,5840.0,87960,0.0,0.0
2021-07-02 00:00:00+09:00,5860.0,5880.0,5720.0,5780.0,60172,0.0,0.0
2021-07-05 00:00:00+09:00,5780.0,5860.0,5760.0,5800.0,60410,0.0,0.0
2021-07-06 00:00:00+09:00,5840.0,5860.0,5780.0,5800.0,45290,0.0,0.0
2021-07-07 00:00:00+09:00,5820.0,5920.0,5760.0,5820.0,102792,0.0,0.0
2021-07-08 00:00:00+09:00,6000.0,6120.0,5820.0,5920.0,276632,0.0,0.0
2021-07-09 00:00:00+09:00,5900.0,5900.0,5760.0,5760.0,102707,0.0,0.0
2021-07-12 00:00:00+09:00,5760.0,5880.0,5740.0,5800.0,36095,0.0,0.0
2021-07-13 00:00:00+09:00,5800.0,5920.0,5760.0,5900.0,75990,0.0,0.0
2021-07-14 00:00:00+09:00,5860.0,5900.0,5800.0,5840.0,44402,0.0,0.0
2021-07-15 00:00:00+09:00,5860.0,5960.0,5840.0,5920.0,62422,0.0,0.0
2021-07-16 00:00:00+09:00,5900.0,5920.0,5820.0,5860.0,41930,0.0,0.0
2021-07-19 00:00:00+09:00,5820.0,5900.0,5760.0,5880.0,52732,0.0,0.0
2021-07-20 00:00:00+09:00,5800.0,5920.0,5700.0,5760.0,76595,0.0,0.0
2021-07-21 00:00:00+09:00,5760.0,5920.0,5700.0,5880.0,138900,0.0,0.0
2021-07-22 00:00:00+09:00,5960.0,6540.0,5900.0,6340.0,2061555,0.0,0.0
2021-07-23 00:00:00+09:00,6440.0,6480.0,6140.0,6240.0,519267,0.0,0.0
2021-07-26 00:00:00+09:00,6180.0,6260.0,5960.0,6120.0,309747,0.0,0.0
2021-07-27 00:00:00+09:00,6200.0,6720.0,6160.0,6520.0,2221340,0.0,0.0
2021-07-28 00:00:00+09:00,6400.0,7320.0,6340.0,6840.0,3664512,0.0,0.0
2021-07-29 00:00:00+09:00,6720.0,6880.0,6540.0,6840.0,650855,0.0,0.0
2021-07-30 00:00:00+09:00,7000.0,7180.0,6600.0,6640.0,1357752,0.0,0.0
2021-08-02 00:00:00+09:00,6640.0,6940.0,6580.0,6620.0,538615,0.0,0.0
2021-08-03 00:00:00+09:00,6620.0,6800.0,6300.0,6320.0,415770,0.0,0.0
2021-08-04 00:00:00+09:00,6320.0,6920.0,6300.0,6920.0,1097337,0.0,0.0
2021-08-05 00:00:00+09:00,6920.0,6940.0,6760.0,6880.0,405122,0.0,0.0
2021-08-06 00:00:00+09:00,6880.0,7060.0,6800.0,6840.0,609680,0.0,0.0
2021-08-09 00:00:00+09:00,6840.0,7000.0,6720.0,6740.0,376037,0.0,0.0
2021-08-10 00:00:00+09:00,6700.0,6700.0,6440.0,6540.0,236172,0.0,0.0
2021-08-11 00:00:00+09:00,6540.0,6680.0,6440.0,6560.0,144760,0.0,0.0
2021-08-12 00:00:00+09:00,6480.0,6900.0,6480.0,6600.0,472047,0.0,0.0
2021-08-13 00:00:00+09:00,6620.0,6660.0,6240.0,6320.0,231552,0.0,0.0
2021-08-17 00:00:00+09:00,6340.0,6680.0,5800.0,5920.0,574777,0.0,0.0
2021-08-18 00:00:00+09:00,5920.0,6060.0,5720.0,5900.0,117477,0.0,0.0
2021-08-19 00:00:00+09:00,5860.0,5980.0,5600.0,5600.0,174322,0.0,0.0
2021-08-20 00:00:00+09:00,5620.0,5680.0,5120.0,5280.0,193872,0.0,0.0
2021-08-23 00:00:00+09:00,5280.0,5380.0,5180.0,5300.0,110685,0.0,0.0
2021-08-24 00:00:00+09:00,5320.0,5540.0,5320.0,5440.0,92287,0.0,0.0
2021-08-25 00:00:00+09:00,5480.0,5500.0,5320.0,5380.0,87175,0.0,0.0
2021-08-26 00:00:00+09:00,5380.0,5540.0,5380.0,5400.0,63957,0.0,0.0
2021-08-27 00:00:00+09:00,5400.0,5520.0,5320.0,5500.0,94870,0.0,0.0
2021-08-30 00:00:00+09:00,5560.0,5580.0,5460.0,5520.0,76340,0.0,0.0
2021-08-31 00:00:00+09:00,5520.0,6000.0,5520.0,5700.0,563905,0.0,0.0
2021-09-01 00:00:00+09:00,5660.0,5780.0,5600.0,5760.0,91942,0.0,0.0
2021-09-02 00:00:00+09:00,5780.0,5980.0,5700.0,5720.0,276420,0.0,0.0
2021-09-03 00:00:00+09:00,5660.0,5740.0,5560.0,5560.0,94912,0.0,0.0
2021-09-06 00:00:00+09:00,5600.0,5600.0,5380.0,5420.0,212122,0.0,0.0
2021-09-07 00:00:00+09:00,5420.0,5460.0,5380.0,5440.0,65147,0.0,0.0
2021-09-08 00:00:00+09:00,5420.0,5460.0,5380.0,5380.0,63287,0.0,0.0
2021-09-09 00:00:00+09:00,5360.0,5440.0,5300.0,5420.0,58547,0.0,0.0
2021-09-10 00:00:00+09:00,5400.0,5420.0,5300.0,5400.0,59410,0.0,0.0
2021-09-13 00:00:00+09:00,5400.0,5400.0,5260.0,5280.0,71360,0.0,0.0
2021-09-14 00:00:00+09:00,5260.0,5340.0,5260.0,5320.0,31190,0.0,0.0
2021-09-15 00:00:00+09:00,5320.0,5360.0,5300.0,5320.0,36492,0.0,0.0
2021-09-16 00:00:00+09:00,5340.0,5380.0,5280.0,5320.0,29107,0.0,0.0
2021-09-17 00:00:00+09:00,5320.0,5360.0,5180.0,5300.0,47350,0.0,0.0
2021-09-23 00:00:00+09:00,5260.0,5260.0,5160.0,5180.0,56800,0.0,0.0
2021-09-24 00:00:00+09:00,5180.0,5300.0,5160.0,5280.0,42342,0.0,0.0
2021-09-27 00:00:00+09:00,5240.0,5280.0,5140.0,5220.0,41700,0.0,0.0
2021-09-28 00:00:00+09:00,5180.0,5220.0,5040.0,5040.0,73480,0.0,0.0
2021-09-29 00:00:00+09:00,4900.0,4980.0,4820.0,4860.0,82227,0.0,0.0
2021-09-30 00:00:00+09:00,4860.0,5100.0,4860.0,4940.0,51427,0.0,0.0
2021-10-01 00:00:00+09:00,4900.0,4980.0,4580.0,4600.0,160675,0.0,0.0
2021-10-05 00:00:00+09:00,4520.0,4600.0,4320.0,4340.0,144695,0.0,0.0
2021-10-06 00:00:00+09:00,4380.0,4580.0,4200.0,4280.0,123645,0.0,0.0
2021-10-07 00:00:00+09:00,4280.0,4500.0,4280.0,4440.0,53982,0.0,0.0
2021-10-08 00:00:00+09:00,4540.0,4540.0,4160.0,4440.0,71355,0.0,0.0
2021-10-12 00:00:00+09:00,4380.0,4380.0,4260.0,4300.0,58530,0.0,0.0
2021-10-13 00:00:00+09:00,4300.0,4440.0,4260.0,4420.0,29512,0.0,0.0
2021-10-14 00:00:00+09:00,4480.0,4620.0,4420.0,4600.0,50060,0.0,0.0
2021-10-15 00:00:00+09:00,4680.0,4800.0,4580.0,4780.0,78732,0.0,0.0
2021-10-18 00:00:00+09:00,4780.0,4860.0,4700.0,4760.0,25770,0.0,0.0
2021-10-19 00:00:00+09:00,4700.0,4800.0,4560.0,4620.0,86527,0.0,0.0
2021-10-20 00:00:00+09:00,4680.0,4700.0,4600.0,4600.0,27640,0.0,0.0
2021-10-21 00:00:00+09:00,4600.0,4720.0,4520.0,4560.0,37290,0.0,0.0
2021-10-22 00:00:00+09:00,4500.0,4660.0,4500.0,4520.0,20462,0.0,0.0
2021-10-25 00:00:00+09:00,4520.0,5760.0,4500.0,4720.0,4087217,0.0,0.0
2021-10-26 00:00:00+09:00,4780.0,4820.0,4640.0,4680.0,321195,0.0,0.0
2021-10-27 00:00:00+09:00,4720.0,4740.0,4560.0,4560.0,131415,0.0,0.0
2021-10-28 00:00:00+09:00,4560.0,4600.0,4480.0,4500.0,104802,0.0,0.0
2021-10-29 00:00:00+09:00,4460.0,4540.0,4400.0,4400.0,89697,0.0,0.0
2021-11-01 00:00:00+09:00,4360.0,4540.0,4340.0,4460.0,63885,0.0,0.0
2021-11-02 00:00:00+09:00,4460.0,4620.0,4440.0,4520.0,71092,0.0,0.0
2021-11-03 00:00:00+09:00,4600.0,4600.0,4460.0,4520.0,24807,0.0,0.0
2021-11-04 00:00:00+09:00,4480.0,4580.0,4380.0,4400.0,79945,0.0,0.0
2021-11-05 00:00:00+09:00,4400.0,4400.0,4300.0,4300.0,58590,0.0,0.0
2021-11-08 00:00:00+09:00,4260.0,4340.0,4200.0,4340.0,35520,0.0,0.0
2021-11-09 00:00:00+09:00,4400.0,4400.0,4260.0,4300.0,29922,0.0,0.0
2021-11-10 00:00:00+09:00,4320.0,4320.0,4160.0,4200.0,64835,0.0,0.0
2021-11-11 00:00:00+09:00,4380.0,4380.0,4100.0,4180.0,51552,0.0,0.0
2021-11-12 00:00:00+09:00,4180.0,4240.0,4140.0,4220.0,32710,0.0,0.0
2021-11-15 00:00:00+09:00,4260.0,4320.0,4240.0,4320.0,28662,0.0,0.0
2021-11-16 00:00:00+09:00,4320.0,4380.0,4240.0,4320.0,33190,0.0,0.0
2021-11-17 00:00:00+09:00,4440.0,4500.0,4300.0,4460.0,90080,0.0,0.0
2021-11-18 00:00:00+09:00,4460.0,4500.0,4360.0,4420.0,73265,0.0,0.0
2021-11-19 00:00:00+09:00,4360.0,4480.0,4360.0,4420.0,63542,0.0,0.0
2021-11-22 00:00:00+09:00,4480.0,4480.0,4380.0,4420.0,42210,0.0,0.0
2021-11-23 00:00:00+09:00,4420.0,4480.0,4380.0,4440.0,33265,0.0,0.0
2021-11-24 00:00:00+09:00,4400.0,4440.0,4320.0,4420.0,35925,0.0,0.0
2021-11-25 00:00:00+09:00,4380.0,5220.0,4380.0,4800.0,1166865,0.0,0.0
2021-11-26 00:00:00+09:00,4740.0,4840.0,4480.0,4560.0,277487,0.0,0.0
2021-11-29 00:00:00+09:00,4400.0,4500.0,4280.0,4320.0,196557,0.0,0.0
2021-11-30 00:00:00+09:00,4380.0,4740.0,4320.0,4460.0,325567,0.0,0.0
2021-12-01 00:00:00+09:00,4540.0,5340.0,4520.0,4940.0,1428907,0.0,0.0
2021-12-02 00:00:00+09:00,4880.0,5080.0,4840.0,4960.0,357335,0.0,0.0
2021-12-03 00:00:00+09:00,4960.0,5120.0,4860.0,5040.0,195865,0.0,0.0
2021-12-06 00:00:00+09:00,5000.0,5000.0,4780.0,4920.0,103635,0.0,0.0
2021-12-07 00:00:00+09:00,4900.0,5000.0,4780.0,4840.0,117562,0.0,0.0
2021-12-08 00:00:00+09:00,4880.0,5020.0,4820.0,4880.0,75087,0.0,0.0
2021-12-09 00:00:00+09:00,4920.0,5040.0,4840.0,5000.0,124012,0.0,0.0
2021-12-10 00:00:00+09:00,5100.0,5400.0,4980.0,5200.0,808147,0.0,0.0
2021-12-13 00:00:00+09:00,5540.0,5540.0,5200.0,5300.0,541982,0.0,0.0
2021-12-14 00:00:00+09:00,5220.0,5480.0,5100.0,5480.0,197432,0.0,0.0
2021-12-15 00:00:00+09:00,5400.0,5460.0,5240.0,5320.0,149215,0.0,0.0
2021-12-16 00:00:00+09:00,5260.0,5320.0,5080.0,5160.0,165657,0.0,0.0
2021-12-17 00:00:00+09:00,5120.0,5260.0,5060.0,5200.0,90040,0.0,0.0
2021-12-20 00:00:00+09:00,5140.0,5220.0,4980.0,5000.0,134355,0.0,0.0
2021-12-21 00:00:00+09:00,4940.0,5180.0,4940.0,5160.0,74315,0.0,0.0
2021-12-22 00:00:00+09:00,5160.0,5340.0,5160.0,5320.0,118832,0.0,0.0
2021-12-23 00:00:00+09:00,5360.0,5380.0,5240.0,5280.0,78335,0.0,0.0
2021-12-24 00:00:00+09:00,5240.0,5400.0,5220.0,5340.0,78800,0.0,0.0
2021-12-27 00:00:00+09:00,5380.0,5380.0,5240.0,5380.0,75217,0.0,0.0
2021-12-28 00:00:00+09:00,5240.0,5380.0,5200.0,5320.0,188032,0.0,0.0
2021-12-29 00:00:00+09:00,5320.0,5380.0,5220.0,5320.0,78867,0.0,0.0
2021-12-30 00:00:00+09:00,5280.0,5420.0,5260.0,5380.0,139252,0.0,0.0
2022-01-04 00:00:00+09:00,5380.0,5700.0,5360.0,5580.0,296952,0.0,0.0
2022-01-05 00:00:00+09:00,5620.0,5860.0,5540.0,5840.0,389485,0.0,0.0
2022-01-06 00:00:00+09:00,5760.0,6060.0,5740.0,5880.0,285437,0.0,0.0
2022-01-07 00:00:00+09:00,5880.0,5880.0,5720.0,5840.0,136705,0.0,0.0
2022-01-10 00:00:00+09:00,5840.0,5900.0,5480.0,5500.0,218877,0.0,0.0
2022-01-11 00:00:00+09:00,5420.0,5540.0,5320.0,5360.0,120835,0.0,0.0
2022-01-12 00:00:00+09:00,5420.0,5580.0,5420.0,5460.0,49810,0.0,0.0
2022-01-13 00:00:00+09:00,5520.0,5520.0,5380.0,5500.0,57197,0.0,0.0
2022-01-14 00:00:00+09:00,5480.0,5480.0,5300.0,5400.0,107342,0.0,0.0
2022-01-17 00:00:00+09:00,5260.0,5340.0,5160.0,5180.0,102480,0.0,0.0
2022-01-18 00:00:00+09:00,5140.0,5360.0,5140.0,5280.0,50272,0.0,0.0
2022-01-19 00:00:00+09:00,5180.0,5320.0,5100.0,5320.0,47967,0.0,0.0
2022-01-20 00:00:00+09:00,5400.0,5400.0,5220.0,5320.0,28397,0.0,0.0
2022-01-21 00:00:00+09:00,5320.0,5320.0,4980.0,5040.0,98915,0.0,0.0
2022-01-24 00:00:00+09:00,5040.0,5040.0,4540.0,4800.0,148057,0.0,0.0
2022-01-25 00:00:00+09:00,4800.0,4900.0,4520.0,4520.0,89287,0.0,0.0
2022-01-26 00:00:00+09:00,4480.0,4600.0,4440.0,4520.0,49600,0.0,0.0
2022-01-27 00:00:00+09:00,4460.0,4520.0,4100.0,4340.0,85160,0.0,0.0
2022-01-28 00:00:00+09:00,4280.0,5000.0,4260.0,4880.0,127207,0.0,0.0
2022-02-03 00:00:00+09:00,4960.0,5040.0,4880.0,4900.0,81827,0.0,0.0
2022-02-04 00:00:00+09:00,4900.0,4980.0,4840.0,4920.0,17060,0.0,0.0
2022-02-07 00:00:00+09:00,5020.0,5020.0,4700.0,4780.0,41377,0.0,0.0
2022-02-08 00:00:00+09:00,4780.0,4900.0,4560.0,4620.0,43392,0.0,0.0
2022-02-09 00:00:00+09:00,4680.0,4780.0,4640.0,4740.0,16915,0.0,0.0
2022-02-10 00:00:00+09:00,4780.0,4780.0,4660.0,4720.0,13535,0.0,0.0
2022-02-11 00:00:00+09:00,4640.0,4700.0,4560.0,4640.0,18577,0.0,0.0
2022-02-14 00:00:00+09:00,4480.0,4560.0,4380.0,4500.0,34345,0.0,0.0
2022-02-15 00:00:00+09:00,4440.0,4660.0,4360.0,4460.0,22597,0.0,0.0
2022-02-16 00:00:00+09:00,4560.0,4620.0,4480.0,4620.0,24385,0.0,0.0
2022-02-17 00:00:00+09:00,4620.0,4720.0,4520.0,4680.0,45227,0.0,0.0
2022-02-18 00:00:00+09:00,4660.0,4740.0,4560.0,4740.0,25912,0.0,0.0
2022-02-21 00:00:00+09:00,4720.0,4720.0,4600.0,4700.0,25257,0.0,0.0
2022-02-22 00:00:00+09:00,4560.0,4680.0,4500.0,4520.0,45822,0.0,0.0
2022-02-23 00:00:00+09:00,4500.0,4620.0,4500.0,4580.0,10162,0.0,0.0
2022-02-24 00:00:00+09:00,4780.0,5800.0,4520.0,4520.0,1706300,0.0,0.0
2022-02-25 00:00:00+09:00,4820.0,5440.0,4640.0,5000.0,1486122,0.0,0.0
2022-02-28 00:00:00+09:00,5420.0,5780.0,5080.0,5080.0,880360,0.0,0.0
2022-03-02 00:00:00+09:00,5240.0,5500.0,5160.0,5240.0,552807,0.0,0.0
2022-03-03 00:00:00+09:00,5220.0,5360.0,5040.0,5160.0,249210,0.0,0.0
2022-03-04 00:00:00+09:00,5140.0,5240.0,5080.0,5100.0,124560,0.0,0.0
2022-03-07 00:00:00+09:00,5120.0,5140.0,4840.0,4860.0,144460,0.0,0.0
2022-03-08 00:00:00+09:00,4800.0,4940.0,4700.0,4840.0,102310,0.0,0.0
2022-03-10 00:00:00+09:00,5040.0,5040.0,4800.0,4900.0,89417,0.0,0.0
2022-03-11 00:00:00+09:00,4860.0,4960.0,4840.0,4940.0,56345,0.0,0.0
2022-03-14 00:00:00+09:00,4980.0,5500.0,4960.0,5240.0,984255,0.0,0.0
2022-03-15 00:00:00+09:00,5260.0,5400.0,5140.0,5400.0,236310,0.0,0.0
2022-03-16 00:00:00+09:00,5340.0,5420.0,5180.0,5220.0,162360,0.0,0.0
2022-03-17 00:00:00+09:00,5300.0,5440.0,5240.0,5420.0,102250,0.0,0.0
2022-03-18 00:00:00+09:00,5440.0,5440.0,5260.0,5360.0,91210,0.0,0.0
2022-03-21 00:00:00+09:00,5300.0,5360.0,5220.0,5300.0,93052,0.0,0.0
2022-03-22 00:00:00+09:00,5380.0,5760.0,5240.0,5520.0,560715,0.0,0.0
2022-03-23 00:00:00+09:00,5520.0,5580.0,5400.0,5520.0,226597,0.0,0.0
2022-03-24 00:00:00+09:00,5500.0,5840.0,5480.0,5540.0,557787,0.0,0.0
2022-03-25 00:00:00+09:00,5620.0,5660.0,5500.0,5620.0,111952,0.0,0.0
2022-03-28 00:00:00+09:00,5680.0,6140.0,5640.0,6040.0,913425,0.0,0.0
2022-03-29 00:00:00+09:00,5920.0,6020.0,5820.0,5940.0,240040,0.0,0.0
2022-03-30 00:00:00+09:00,5940.0,5940.0,5460.0,5460.0,370040,0.0,0.0
2022-03-31 00:00:00+09:00,5440.0,6680.0,5400.0,6080.0,6820210,0.0,0.0
2022-04-01 00:00:00+09:00,6120.0,6260.0,5940.0,5940.0,599907,0.0,0.0
2022-04-04 00:00:00+09:00,6000.0,6180.0,5900.0,5940.0,570835,0.0,0.0
2022-04-05 00:00:00+09:00,6100.0,6160.0,5960.0,6000.0,328940,0.0,0.0
2022-04-06 00:00:00+09:00,6000.0,6120.0,5760.0,5840.0,331865,0.0,0.0
2022-04-07 00:00:00+09:00,5740.0,5820.0,5560.0,5600.0,166157,0.0,0.0
2022-04-08 00:00:00+09:00,5600.0,5660.0,5460.0,5560.0,89555,0.0,0.0
2022-04-11 00:00:00+09:00,5560.0,5700.0,5520.0,5640.0,74000,0.0,0.0
2022-04-12 00:00:00+09:00,5640.0,5640.0,5280.0,5440.0,108647,0.0,0.0
2022-04-13 00:00:00+09:00,5440.0,5580.0,5400.0,5520.0,46677,0.0,0.0
2022-04-14 00:00:00+09:00,5620.0,5620.0,5400.0,5520.0,95185,0.0,0.0
2022-04-15 00:00:00+09:00,5440.0,5660.0,5340.0,5640.0,117735,0.0,0.0
2022-04-18 00:00:00+09:00,5680.0,5840.0,5600.0,5660.0,190455,0.0,0.0
2022-04-19 00:00:00+09:00,5600.0,5800.0,5540.0,5560.0,67007,0.0,0.0
2022-04-20 00:00:00+09:00,5640.0,5660.0,5440.0,5440.0,54757,0.0,0.0
2022-04-21 00:00:00+09:00,5440.0,5480.0,5280.0,5420.0,81447,0.0,0.0
2022-04-22 00:00:00+09:00,5300.0,5420.0,5240.0,5320.0,77940,0.0,0.0
2022-04-25 00:00:00+09:00,5240.0,5240.0,5080.0,5120.0,82280,0.0,0.0
2022-04-26 00:00:00+09:00,5120.0,5280.0,5080.0,5280.0,56322,0.0,0.0
2022-04-27 00:00:00+09:00,5220.0,5220.0,5000.0,5080.0,81525,0.0,0.0
2022-04-28 00:00:00+09:00,5120.0,5340.0,4980.0,5100.0,95815,0.0,0.0
2022-04-29 00:00:00+09:00,5060.0,5200.0,5060.0,5100.0,31915,0.0,0.0
2022-05-02 00:00:00+09:00,5040.0,5240.0,4980.0,5200.0,39680,0.0,0.0
2022-05-03 00:00:00+09:00,5240.0,5460.0,5140.0,5160.0,187937,0.0,0.0
2022-05-04 00:00:00+09:00,5240.0,5280.0,5100.0,5140.0,48947,0.0,0.0
2022-05-06 00:00:00+09:00,5020.0,5140.0,4940.0,5000.0,49452,0.0,0.0
2022-05-10 00:00:00+09:00,4500.0,4740.0,4460.0,4740.0,71575,0.0,0.0
2022-05-11 00:00:00+09:00,4660.0,4760.0,4600.0,4640.0,31595,0.0,0.0
2022-05-12 00:00:00+09:00,4620.0,4680.0,4380.0,4400.0,69450,0.0,0.0
2022-05-13 00:00:00+09:00,4340.0,4620.0,4340.0,4600.0,38760,0.0,0.0
2022-05-16 00:00:00+09:00,4640.0,4740.0,4500.0,4560.0,35722,0.0,0.0
2022-05-17 00:00:00+09:00,4560.0,4600.0,4520.0,4560.0,20955,0.0,0.0
2022-05-18 00:00:00+09:00,4560.0,4760.0,4560.0,4680.0,60157,0.0,0.0
2022-05-19 00:00:00+09:00,4620.0,4620.0,4460.0,4600.0,18785,0.0,0.0
2022-05-20 00:00:00+09:00,4560.0,4620.0,4520.0,4620.0,28367,0.0,0.0
2022-05-23 00:00:00+09:00,4680.0,4680.0,4560.0,4560.0,34025,0.0,0.0
2022-05-24 00:00:00+09:00,4640.0,4640.0,4460.0,4460.0,28325,0.0,0.0
2022-05-25 00:00:00+09:00,4460.0,4560.0,4420.0,4480.0,16977,0.0,0.0
2022-05-26 00:00:00+09:00,4440.0,4540.0,4400.0,4460.0,50182,0.0,0.0
2022-05-27 00:00:00+09:00,4480.0,4520.0,4440.0,4460.0,19970,0.0,0.0
2022-05-30 00:00:00+09:00,4500.0,4520.0,4440.0,4500.0,21700,0.0,0.0
2022-05-31 00:00:00+09:00,4580.0,4580.0,4480.0,4520.0,28192,0.0,0.0
2022-06-02 00:00:00+09:00,4560.0,4600.0,4480.0,4480.0,27660,0.0,0.0
2022-06-03 00:00:00+09:00,4540.0,4640.0,4520.0,4580.0,22302,0.0,0.0
2022-06-07 00:00:00+09:00,4580.0,4660.0,4520.0,4520.0,20275,0.0,0.0
2022-06-08 00:00:00+09:00,4480.0,4540.0,4440.0,4500.0,25005,0.0,0.0
2022-06-09 00:00:00+09:00,4500.0,4500.0,4300.0,4400.0,49285,0.0,0.0
2022-06-10 00:00:00+09:00,4400.0,4440.0,4320.0,4400.0,28535,0.0,0.0
2022-06-13 00:00:00+09:00,4240.0,4360.0,4060.0,4120.0,71247,0.0,0.0
2022-06-14 00:00:00+09:00,4000.0,4120.0,3904.0,3924.0,90515,0.0,0.0
2022-06-15 00:00:00+09:00,3872.0,3952.0,3764.0,3768.0,71037,0.0,0.0
2022-06-16 00:00:00+09:00,3808.0,4120.0,3808.0,3808.0,29660,0.0,0.0
2022-06-17 00:00:00+09:00,3680.0,3880.0,3656.0,3852.0,22287,0.0,0.0
2022-06-20 00:00:00+09:00,3816.0,3860.0,3600.0,3604.0,62285,0.0,0.0
2022-06-21 00:00:00+09:00,3592.0,3756.0,3528.0,3640.0,28735,0.0,0.0
2022-06-22 00:00:00+09:00,3628.0,3660.0,3388.0,3448.0,80512,0.0,0.0
2022-06-23 00:00:00+09:00,3380.0,3440.0,3180.0,3256.0,90387,0.0,0.0
2022-06-24 00:00:00+09:00,3160.0,3412.0,3160.0,3412.0,39265,0.0,0.0
2022-06-27 00:00:00+09:00,3600.0,3612.0,3428.0,3560.0,37122,0.0,0.0
2022-06-28 00:00:00+09:00,3560.0,3648.0,3524.0,3560.0,13660,0.0,0.0
2022-06-29 00:00:00+09:00,3556.0,3616.0,3496.0,3588.0,21215,0.0,0.0
2022-06-30 00:00:00+09:00,3556.0,3584.0,3368.0,3460.0,25207,0.0,0.0
2022-07-01 00:00:00+09:00,3364.0,3488.0,3320.0,3348.0,37335,0.0,0.0
2022-07-04 00:00:00+09:00,3336.0,3384.0,3200.0,3320.0,24930,0.0,0.0
2022-07-05 00:00:00+09:00,3284.0,3480.0,3284.0,3428.0,23855,0.0,0.0
2022-07-06 00:00:00+09:00,3460.0,4440.0,3460.0,4440.0,1172555,0.0,0.0
2022-07-07 00:00:00+09:00,4740.0,5360.0,4460.0,4700.0,3306657,0.0,0.0
2022-07-08 00:00:00+09:00,4700.0,4720.0,4260.0,4320.0,383330,0.0,0.0
2022-07-11 00:00:00+09:00,4360.0,5360.0,4260.0,4920.0,4965290,0.0,0.0
2022-07-12 00:00:00+09:00,4940.0,5880.0,4860.0,5080.0,7269692,0.0,0.0
2022-07-13 00:00:00+09:00,5000.0,5260.0,4700.0,4700.0,1038705,0.0,0.0
2022-07-14 00:00:00+09:00,4800.0,5800.0,4800.0,5500.0,6497625,0.0,0.0
2022-07-15 00:00:00+09:00,5660.0,6000.0,5100.0,5140.0,2677790,0.0,0.0
2022-07-18 00:00:00+09:00,5280.0,5520.0,5160.0,5300.0,1203380,0.0,0.0
2022-07-19 00:00:00+09:00,5380.0,5460.0,5100.0,5300.0,847292,0.0,0.0
2022-07-20 00:00:00+09:00,5340.0,5460.0,5220.0,5240.0,364745,0.0,0.0
2022-07-21 00:00:00+09:00,5340.0,5340.0,5060.0,5060.0,295262,0.0,0.0
2022-07-22 00:00:00+09:00,5060.0,5140.0,4840.0,4840.0,214397,0.0,0.0
2022-07-25 00:00:00+09:00,4960.0,4980.0,4760.0,4880.0,208410,0.0,0.0
2022-07-26 00:00:00+09:00,4840.0,4860.0,4700.0,4800.0,153437,0.0,0.0
2022-07-27 00:00:00+09:00,4720.0,5180.0,4720.0,4900.0,695485,0.0,0.0
2022-07-28 00:00:00+09:00,4940.0,5420.0,4860.0,5040.0,1557710,0.0,0.0
2022-07-29 00:00:00+09:00,5120.0,5420.0,4940.0,4960.0,674892,0.0,0.0
2022-08-01 00:00:00+09:00,5000.0,5000.0,4700.0,4700.0,253932,0.0,0.0
2022-08-02 00:00:00+09:00,4720.0,4720.0,4560.0,4620.0,105375,0.0,0.0
2022-08-03 00:00:00+09:00,4560.0,4760.0,4560.0,4680.0,65572,0.0,0.0
2022-08-04 00:00:00+09:00,4680.0,4740.0,4600.0,4640.0,63747,0.0,0.0
2022-08-05 00:00:00+09:00,4640.0,4740.0,4520.0,4620.0,70782,0.0,0.0
2022-08-08 00:00:00+09:00,4620.0,4640.0,4540.0,4600.0,31932,0.0,0.0
2022-08-09 00:00:00+09:00,4540.0,4740.0,4460.0,4680.0,136157,0.0,0.0
2022-08-10 00:00:00+09:00,4620.0,4640.0,4480.0,4500.0,59605,0.0,0.0
2022-08-11 00:00:00+09:00,4480.0,4580.0,4480.0,4480.0,43300,0.0,0.0
2022-08-12 00:00:00+09:00,4540.0,4660.0,4480.0,4600.0,91172,0.0,0.0
2022-08-16 00:00:00+09:00,4660.0,4660.0,4500.0,4520.0,56565,0.0,0.0
2022-08-17 00:00:00+09:00,4560.0,4580.0,4380.0,4520.0,85575,0.0,0.0
2022-08-18 00:00:00+09:00,4440.0,4660.0,4380.0,4620.0,102172,0.0,0.0
2022-08-19 00:00:00+09:00,4560.0,4660.0,4500.0,4500.0,75275,0.0,0.0
2022-08-22 00:00:00+09:00,4480.0,4480.0,4260.0,4360.0,96192,0.0,0.0
2022-08-23 00:00:00+09:00,4280.0,4380.0,4080.0,4100.0,111175,0.0,0.0
2022-08-24 00:00:00+09:00,4060.0,4940.0,4060.0,4340.0,1693090,0.0,0.0
2022-08-25 00:00:00+09:00,4340.0,4440.0,4280.0,4340.0,168387,0.0,0.0
2022-08-26 00:00:00+09:00,4380.0,4460.0,4280.0,4320.0,116595,0.0,0.0
2022-08-29 00:00:00+09:00,4160.0,4380.0,4080.0,4320.0,192090,0.0,0.0
2022-08-30 00:00:00+09:00,4260.0,4420.0,4240.0,4300.0,94825,0.0,0.0
2022-08-31 00:00:00+09:00,4320.0,4400.0,4220.0,4280.0,69972,0.0,0.0
2022-09-01 00:00:00+09:00,4300.0,4340.0,4160.0,4180.0,52855,0.0,0.0
2022-09-02 00:00:00+09:00,4160.0,4220.0,4040.0,4040.0,50092,0.0,0.0
2022-09-05 00:00:00+09:00,3968.0,4140.0,3936.0,4020.0,57647,0.0,0.0
2022-09-06 00:00:00+09:00,4080.0,4200.0,4000.0,4040.0,97517,0.0,0.0
2022-09-07 00:00:00+09:00,4080.0,4080.0,3908.0,3932.0,78587,0.0,0.0
2022-09-08 00:00:00+09:00,3936.0,4020.0,3932.0,3936.0,27295,0.0,0.0
2022-09-13 00:00:00+09:00,4000.0,4160.0,4000.0,4140.0,89970,0.0,0.0
2022-09-14 00:00:00+09:00,4000.0,4260.0,4000.0,4200.0,73267,0.0,0.0
2022-09-15 00:00:00+09:00,4220.0,4260.0,4100.0,4100.0,41080,0.0,0.0
2022-09-16 00:00:00+09:00,4020.0,4080.0,3968.0,4080.0,76692,0.0,0.0
2022-09-19 00:00:00+09:00,4040.0,4220.0,3920.0,3936.0,104020,0.0,0.0
2022-09-20 00:00:00+09:00,3940.0,4020.0,3832.0,3832.0,96285,0.0,0.0
2022-09-21 00:00:00+09:00,3788.0,3856.0,3772.0,3828.0,46012,0.0,0.0
2022-09-22 00:00:00+09:00,3732.0,3808.0,3664.0,3676.0,40007,0.0,0.0
2022-09-23 00:00:00+09:00,3676.0,3712.0,3544.0,3568.0,44897,0.0,0.0
2022-09-26 00:00:00+09:00,3432.0,3560.0,3276.0,3344.0,70327,0.0,0.0
2022-09-27 00:00:00+09:00,3348.0,3464.0,3208.0,3392.0,56312,0.0,0.0
2022-09-28 00:00:00+09:00,3304.0,3464.0,3172.0,3196.0,45520,0.0,0.0
2022-09-29 00:00:00+09:00,3292.0,3756.0,3292.0,3304.0,370012,0.0,0.0
2022-09-30 00:00:00+09:00,3300.0,3356.0,3240.0,3288.0,38705,0.0,0.0
2022-10-04 00:00:00+09:00,3380.0,3944.0,3380.0,3584.0,585217,0.0,0.0
2022-10-05 00:00:00+09:00,3648.0,3676.0,3464.0,3464.0,93792,0.0,0.0
2022-10-06 00:00:00+09:00,3636.0,3636.0,3528.0,3580.0,37837,0.0,0.0
2022-10-07 00:00:00+09:00,3528.0,3572.0,3488.0,3528.0,29810,0.0,0.0
2022-10-11 00:00:00+09:00,3528.0,3528.0,3308.0,3308.0,39980,0.0,0.0
2022-10-12 00:00:00+09:00,3236.0,3360.0,3224.0,3360.0,21722,0.0,0.0
2022-10-13 00:00:00+09:00,3308.0,3312.0,3192.0,3268.0,40935,0.0,0.0
2022-10-14 00:00:00+09:00,3432.0,3476.0,3340.0,3448.0,46445,0.0,0.0
2022-10-17 00:00:00+09:00,3436.0,3768.0,3428.0,3600.0,207470,0.0,0.0
2022-10-18 00:00:00+09:00,3596.0,3732.0,3564.0,3652.0,94470,0.0,0.0
2022-10-19 00:00:00+09:00,3648.0,3736.0,3616.0,3648.0,77427,0.0,0.0
2022-10-20 00:00:00+09:00,3648.0,3756.0,3612.0,3648.0,44845,0.0,0.0
2022-10-21 00:00:00+09:00,3636.0,3824.0,3608.0,3696.0,75165,0.0,0.0
2022-10-24 00:00:00+09:00,3736.0,3760.0,3684.0,3732.0,66370,0.0,0.0
2022-10-25 00:00:00+09:00,3764.0,3888.0,3668.0,3668.0,155187,0.0,0.0
2022-10-26 00:00:00+09:00,3688.0,3704.0,3600.0,3608.0,62210,0.0,0.0
2022-10-27 00:00:00+09:00,3636.0,3700.0,3616.0,3672.0,18300,0.0,0.0
2022-10-28 00:00:00+09:00,3604.0,3664.0,3548.0,3548.0,43272,0.0,0.0
2022-10-31 00:00:00+09:00,3564.0,3632.0,3540.0,3608.0,26677,0.0,0.0
2022-11-01 00:00:00+09:00,3592.0,3664.0,3592.0,3656.0,22582,0.0,0.0
2022-11-02 00:00:00+09:00,3640.0,3656.0,3604.0,3640.0,13597,0.0,0.0
2022-11-03 00:00:00+09:00,3632.0,3632.0,3420.0,3576.0,43280,0.0,0.0
2022-11-04 00:00:00+09:00,3536.0,3544.0,3424.0,3504.0,49407,0.0,0.0
2022-11-07 00:00:00+09:00,3496.0,3600.0,3460.0,3536.0,35537,0.0,0.0
2022-11-08 00:00:00+09:00,3540.0,3616.0,3540.0,3556.0,21815,0.0,0.0
2022-11-09 00:00:00+09:00,3564.0,3600.0,3556.0,3576.0,14825,0.0,0.0
2022-11-10 00:00:00+09:00,3516.0,3604.0,3516.0,3576.0,18805,0.0,0.0
2022-11-11 00:00:00+09:00,3648.0,3648.0,3580.0,3604.0,50455,0.0,0.0
2022-11-14 00:00:00+09:00,3604.0,3644.0,3560.0,3604.0,55362,0.0,0.0
2022-11-15 00:00:00+09:00,3604.0,3636.0,3592.0,3636.0,25030,0.0,0.0
2022-11-16 00:00:00+09:00,3640.0,3640.0,3556.0,3616.0,27857,0.0,0.0
2022-11-17 00:00:00+09:00,3616.0,3616.0,3556.0,3612.0,35207,0.0,0.0
2022-11-18 00:00:00+09:00,3612.0,3636.0,3564.0,3580.0,28150,0.0,0.0
2022-11-21 00:00:00+09:00,3580.0,3580.0,3440.0,3480.0,34557,0.0,0.0
2022-11-22 00:00:00+09:00,3416.0,3460.0,3416.0,3436.0,33187,0.0,0.0
2022-11-23 00:00:00+09:00,3436.0,3536.0,3432.0,3492.0,24385,0.0,0.0
2022-11-24 00:00:00+09:00,3524.0,3528.0,3492.0,3492.0,16200,0.0,0.0
2022-11-25 00:00:00+09:00,3524.0,3524.0,3496.0,3512.0,12852,0.0,0.0
2022-11-28 00:00:00+09:00,3544.0,3544.0,3460.0,3460.0,21015,0.0,0.0
2022-11-29 00:00:00+09:00,3380.0,3460.0,3380.0,3460.0,26430,0.0,0.0
2022-11-30 00:00:00+09:00,3416.0,3468.0,3412.0,3468.0,15755,0.0,0.0
2022-12-01 00:00:00+09:00,3520.0,3544.0,3472.0,3536.0,27745,0.0,0.0
2022-12-02 00:00:00+09:00,3572.0,3580.0,3484.0,3516.0,32575,0.0,0.0
2022-12-05 00:00:00+09:00,3516.0,3540.0,3468.0,3476.0,17350,0.0,0.0
2022-12-06 00:00:00+09:00,3508.0,4480.0,3508.0,4160.0,4411440,0.0,0.0
2022-12-07 00:00:00+09:00,4180.0,4220.0,3844.0,3932.0,590820,0.0,0.0
2022-12-08 00:00:00+09:00,3968.0,4240.0,3656.0,3680.0,1106987,0.0,0.0
2022-12-09 00:00:00+09:00,3696.0,3728.0,3616.0,3712.0,121222,0.0,0.0
2022-12-12 00:00:00+09:00,3780.0,3796.0,3688.0,3700.0,160595,0.0,0.0
2022-12-13 00:00:00+09:00,3700.0,3716.0,3640.0,3660.0,62802,0.0,0.0
2022-12-14 00:00:00+09:00,3692.0,3760.0,3660.0,3728.0,72700,0.0,0.0
2022-12-15 00:00:00+09:00,3708.0,3804.0,3700.0,3744.0,69450,0.0,0.0
2022-12-16 00:00:00+09:00,3644.0,3708.0,3624.0,3700.0,33910,0.0,0.0
2022-12-19 00:00:00+09:00,3680.0,3740.0,3640.0,3720.0,41625,0.0,0.0
2022-12-20 00:00:00+09:00,3872.0,4200.0,3608.0,3608.0,1107502,0.0,0.0
2022-12-21 00:00:00+09:00,3604.0,3644.0,3532.0,3572.0,89095,0.0,0.0
2022-12-22 00:00:00+09:00,3580.0,3600.0,3480.0,3480.0,52840,0.0,0.0
2022-12-23 00:00:00+09:00,3464.0,3596.0,3392.0,3424.0,65460,0.0,0.0
2022-12-26 00:00:00+09:00,3400.0,3472.0,3392.0,3420.0,29062,0.0,0.0
2022-12-27 00:00:00+09:00,3416.0,3504.0,3416.0,3504.0,24250,0.0,0.0
2022-12-28 00:00:00+09:00,3676.0,3940.0,3504.0,3536.0,728730,0.0,0.0
2022-12-29 00:00:00+09:00,3492.0,3524.0,3420.0,3420.0,102815,0.0,0.0
2023-01-02 00:00:00+09:00,3420.0,3472.0,3376.0,3380.0,67005,0.0,0.0
2023-01-03 00:00:00+09:00,3328.0,3376.0,3244.0,3300.0,60872,0.0,0.0
2023-01-04 00:00:00+09:00,3232.0,3424.0,3232.0,3396.0,47900,0.0,0.0
2023-01-05 00:00:00+09:00,3396.0,3732.0,3372.0,3504.0,295892,0.0,0.0
2023-01-06 00:00:00+09:00,3520.0,3560.0,3468.0,3556.0,33142,0.0,0.0
2023-01-09 00:00:00+09:00,3540.0,3616.0,3540.0,3576.0,32390,0.0,0.0
2023-01-10 00:00:00+09:00,3512.0,3644.0,3512.0,3568.0,57225,0.0,0.0
2023-01-11 00:00:00+09:00,3720.0,3720.0,3612.0,3656.0,116767,0.0,0.0
2023-01-12 00:00:00+09:00,3960.0,3960.0,3672.0,3708.0,424025,0.0,0.0
2023-01-13 00:00:00+09:00,3672.0,3776.0,3672.0,3748.0,72717,0.0,0.0
2023-01-16 00:00:00+09:00,3748.0,3800.0,3724.0,3752.0,82070,0.0,0.0
2023-01-17 00:00:00+09:00,3812.0,3812.0,3688.0,3720.0,52980,0.0,0.0
2023-01-18 00:00:00+09:00,3720.0,3904.0,3720.0,3784.0,137720,0.0,0.0
2023-01-19 00:00:00+09:00,3816.0,3924.0,3780.0,3832.0,194257,0.0,0.0
2023-01-20 00:00:00+09:00,3848.0,3852.0,3780.0,3848.0,82492,0.0,0.0
2023-01-25 00:00:00+09:00,3880.0,4260.0,3872.0,4008.0,1941420,0.0,0.0
2023-01-26 00:00:00+09:00,4080.0,4128.0,3980.0,4028.0,205202,0.0,0.0
2023-01-27 00:00:00+09:00,4036.0,4300.0,3976.0,4100.0,508867,0.0,0.0
2023-01-30 00:00:00+09:00,4132.0,4216.0,4080.0,4176.0,94397,0.0,0.0
2023-01-31 00:00:00+09:00,4140.0,4196.0,4060.0,4060.0,93892,0.0,0.0
2023-02-01 00:00:00+09:00,4060.0,4124.0,3960.0,4068.0,168527,0.0,0.0
2023-02-02 00:00:00+09:00,4072.0,4224.0,4040.0,4216.0,113385,0.0,0.0
2023-02-03 00:00:00+09:00,4248.0,4264.0,4152.0,4220.0,104507,0.0,0.0
2023-02-06 00:00:00+09:00,4224.0,4320.0,4192.0,4300.0,123810,0.0,0.0
2023-02-07 00:00:00+09:00,4260.0,4300.0,4204.0,4268.0,76650,0.0,0.0
2023-02-08 00:00:00+09:00,4360.0,4516.0,4268.0,4516.0,199210,0.0,0.0
2023-02-09 00:00:00+09:00,4480.0,4596.0,4448.0,4496.0,122407,0.0,0.0
2023-02-10 00:00:00+09:00,4520.0,4528.0,4300.0,4428.0,106992,0.0,0.0
2023-02-13 00:00:00+09:00,4424.0,4424.0,4212.0,4288.0,68360,0.0,0.0
2023-02-14 00:00:00+09:00,4276.0,4316.0,4140.0,4192.0,95640,0.0,0.0
2023-02-15 00:00:00+09:00,4216.0,4300.0,3944.0,4000.0,108945,0.0,0.0
2023-02-16 00:00:00+09:00,3984.0,4104.0,3984.0,4032.0,63375,0.0,0.0
2023-02-17 00:00:00+09:00,4028.0,4028.0,3920.0,3976.0,36677,0.0,0.0
2023-02-20 00:00:00+09:00,4040.0,4732.0,4040.0,4356.0,1398815,0.0,0.0
2023-02-21 00:00:00+09:00,4380.0,5660.0,4356.0,5252.0,6650332,0.0,0.0
2023-02-22 00:00:00+09:00,5188.0,5196.0,4960.0,5000.0,623092,0.0,0.0
2023-02-23 00:00:00+09:00,4928.0,5104.0,4828.0,4880.0,560905,0.0,0.0
2023-02-24 00:00:00+09:00,4944.0,5032.0,4728.0,4800.0,412445,0.0,0.0
2023-02-27 00:00:00+09:00,4744.0,5020.0,4660.0,4920.0,520725,0.0,0.0
2023-02-28 00:00:00+09:00,4868.0,4912.0,4772.0,4856.0,193577,0.0,0.0
2023-03-02 00:00:00+09:00,4836.0,4852.0,4688.0,4792.0,122250,0.0,0.0
2023-03-03 00:00:00+09:00,4792.0,5060.0,4720.0,4740.0,256422,0.0,0.0
2023-03-06 00:00:00+09:00,4744.0,5000.0,4700.0,4840.0,194880,0.0,0.0
2023-03-07 00:00:00+09:00,4840.0,4900.0,4740.0,4776.0,80092,0.0,0.0
2023-03-08 00:00:00+09:00,4772.0,4836.0,4660.0,4780.0,68937,0.0,0.0
2023-03-09 00:00:00+09:00,4776.0,4876.0,4696.0,4840.0,117377,0.0,0.0
2023-03-10 00:00:00+09:00,4884.0,5000.0,4696.0,4760.0,175712,0.0,0.0
2023-03-13 00:00:00+09:00,4760.0,4904.0,4672.0,4856.0,170127,0.0,0.0
2023-03-14 00:00:00+09:00,4856.0,4856.0,4676.0,4792.0,124552,0.0,0.0
2023-03-15 00:00:00+09:00,4804.0,4868.0,4772.0,4832.0,93177,0.0,0.0
2023-03-16 00:00:00+09:00,4780.0,4832.0,4744.0,4820.0,84725,0.0,0.0
2023-03-17 00:00:00+09:00,4856.0,4960.0,4784.0,4916.0,200825,0.0,0.0
2023-03-20 00:00:00+09:00,4960.0,5104.0,4868.0,5040.0,441605,0.0,0.0
2023-03-21 00:00:00+09:00,5052.0,5160.0,4976.0,5064.0,202485,0.0,0.0
2023-03-22 00:00:00+09:00,5064.0,5080.0,4968.0,5004.0,140640,0.0,0.0
2023-03-23 00:00:00+09:00,4996.0,4996.0,4888.0,4932.0,148207,0.0,0.0
2023-03-24 00:00:00+09:00,4924.0,5052.0,4908.0,5012.0,118455,0.0,0.0
2023-03-27 00:00:00+09:00,4980.0,4996.0,4820.0,4864.0,130935,0.0,0.0
2023-03-28 00:00:00+09:00,4820.0,4960.0,4820.0,4960.0,89875,0.0,0.0
2023-03-29 00:00:00+09:00,4924.0,4968.0,4684.0,4780.0,156730,0.0,0.0
2023-03-30 00:00:00+09:00,4780.0,5020.0,4780.0,4924.0,211602,0.0,0.0
2023-03-31 00:00:00+09:00,4960.0,5240.0,4960.0,5152.0,472022,0.0,0.0
2023-04-03 00:00:00+09:00,5208.0,5212.0,4948.0,5008.0,212412,0.0,0.0
2023-04-04 00:00:00+09:00,5008.0,5012.0,4840.0,4904.0,98612,0.0,0.0
2023-04-05 00:00:00+09:00,4840.0,5000.0,4824.0,4960.0,79450,0.0,0.0
2023-04-06 00:00:00+09:00,4956.0,4968.0,4836.0,4944.0,55282,0.0,0.0
2023-04-07 00:00:00+09:00,4944.0,4944.0,4836.0,4860.0,64932,0.0,0.0
2023-04-10 00:00:00+09:00,4832.0,4836.0,4492.0,4580.0,200220,0.0,0.0
2023-04-11 00:00:00+09:00,4560.0,4704.0,4544.0,4676.0,63767,0.0,0.0
2023-04-12 00:00:00+09:00,4600.0,4744.0,4600.0,4716.0,48632,0.0,0.0
2023-04-13 00:00:00+09:00,4740.0,4800.0,4680.0,4780.0,55010,0.0,0.0
2023-04-14 00:00:00+09:00,4820.0,4840.0,4712.0,4764.0,39820,0.0,0.0
2023-04-17 00:00:00+09:00,4756.0,4872.0,4680.0,4860.0,71015,0.0,0.0
2023-04-18 00:00:00+09:00,4920.0,4920.0,4760.0,4816.0,62590,0.0,0.0
2023-04-19 00:00:00+09:00,4880.0,4880.0,4780.0,4816.0,67065,0.0,0.0
2023-04-20 00:00:00+09:00,4844.0,4844.0,4680.0,4752.0,57565,0.0,0.0
2023-04-21 00:00:00+09:00,4668.0,4732.0,4588.0,4596.0,60845,0.0,0.0
2023-04-24 00:00:00+09:00,4588.0,4600.0,4428.0,4532.0,36477,0.0,0.0
2023-04-25 00:00:00+09:00,4456.0,4540.0,4324.0,4448.0,71645,0.0,0.0
2023-04-26 00:00:00+09:00,4440.0,4480.0,4324.0,4364.0,20220,0.0,0.0
2023-04-27 00:00:00+09:00,4244.0,4384.0,4224.0,4336.0,69977,0.0,0.0
2023-04-28 00:00:00+09:00,4432.0,4432.0,4172.0,4180.0,59185,0.0,0.0
2023-05-02 00:00:00+09:00,4180.0,4264.0,4140.0,4144.0,74897,0.0,0.0
2023-05-03 00:00:00+09:00,4168.0,4180.0,4040.0,4144.0,40855,0.0,0.0
2023-05-04 00:00:00+09:00,4120.0,4276.0,4064.0,4064.0,17560,0.0,0.0
2023-05-08 00:00:00+09:00,4056.0,4228.0,4000.0,4132.0,50735,0.0,0.0
2023-05-09 00:00:00+09:00,4092.0,4172.0,4020.0,4068.0,25687,0.0,0.0
2023-05-10 00:00:00+09:00,4020.0,4120.0,4020.0,4080.0,19000,0.0,0.0
2023-05-11 00:00:00+09:00,4080.0,4180.0,4080.0,4152.0,22125,0.0,0.0
2023-05-12 00:00:00+09:00,4180.0,4180.0,4020.0,4076.0,25225,0.0,0.0
2023-05-15 00:00:00+09:00,4076.0,4076.0,3944.0,3948.0,55990,0.0,0.0
2023-05-16 00:00:00+09:00,3932.0,3984.0,3924.0,3960.0,23170,0.0,0.0
2023-05-17 00:00:00+09:00,3896.0,4028.0,3896.0,4008.0,25847,0.0,0.0
2023-05-18 00:00:00+09:00,4060.0,4104.0,4008.0,4080.0,19092,0.0,0.0
2023-05-19 00:00:00+09:00,4120.0,4144.0,4080.0,4112.0,15982,0.0,0.0
2023-05-22 00:00:00+09:00,4156.0,4160.0,4088.0,4136.0,18215,0.0,0.0
2023-05-23 00:00:00+09:00,4136.0,4156.0,4076.0,4136.0,17432,0.0,0.0
2023-05-24 00:00:00+09:00,4068.0,4112.0,4008.0,4016.0,25835,0.0,0.0
2023-05-25 00:00:00+09:00,4016.0,4056.0,3968.0,4008.0,34127,0.0,0.0
2023-05-26 00:00:00+09:00,4012.0,4124.0,3996.0,4016.0,16567,0.0,0.0
2023-05-30 00:00:00+09:00,4020.0,4112.0,4020.0,4068.0,15382,0.0,0.0
2023-05-31 00:00:00+09:00,4004.0,4096.0,4004.0,4056.0,22442,0.0,0.0
2023-06-01 00:00:00+09:00,4096.0,4096.0,3944.0,4032.0,40505,0.0,0.0
2023-06-02 00:00:00+09:00,4072.0,4076.0,4008.0,4072.0,14520,0.0,0.0
2023-06-05 00:00:00+09:00,4072.0,4072.0,4008.0,4032.0,25385,0.0,0.0
2023-06-07 00:00:00+09:00,4032.0,4060.0,4000.0,4060.0,34472,0.0,0.0
2023-06-08 00:00:00+09:00,4060.0,4100.0,4004.0,4068.0,14840,0.0,0.0
2023-06-09 00:00:00+09:00,4036.0,4120.0,4036.0,4080.0,18290,0.0,0.0
2023-06-12 00:00:00+09:00,4080.0,4140.0,4048.0,4088.0,28422,0.0,0.0
2023-06-13 00:00:00+09:00,4088.0,4108.0,4020.0,4092.0,13230,0.0,0.0
2023-06-14 00:00:00+09:00,4092.0,4160.0,4016.0,4016.0,25790,0.0,0.0
2023-06-15 00:00:00+09:00,4016.0,4056.0,3968.0,3980.0,32770,0.0,0.0
2023-06-16 00:00:00+09:00,3980.0,4020.0,3900.0,3976.0,19352,0.0,0.0
2023-06-19 00:00:00+09:00,3976.0,3976.0,3928.0,3972.0,20307,0.0,0.0
2023-06-20 00:00:00+09:00,3972.0,3972.0,3924.0,3960.0,19087,0.0,0.0
2023-06-21 00:00:00+09:00,3972.0,3980.0,3904.0,3948.0,21425,0.0,0.0
2023-06-22 00:00:00+09:00,3932.0,3980.0,3908.0,3952.0,13777,0.0,0.0
2023-06-23 00:00:00+09:00,3960.0,4080.0,3884.0,3956.0,19235,0.0,0.0
2023-06-26 00:00:00+09:00,3956.0,3964.0,3840.0,3916.0,25405,0.0,0.0
2023-06-27 00:00:00+09:00,3916.0,3956.0,3892.0,3892.0,11082,0.0,0.0
2023-06-28 00:00:00+09:00,3912.0,3916.0,3832.0,3840.0,31725,0.0,0.0
2023-06-29 00:00:00+09:00,3840.0,3856.0,3780.0,3808.0,20352,0.0,0.0
2023-06-30 00:00:00+09:00,3732.0,3816.0,3724.0,3816.0,34577,0.0,0.0
2023-07-03 00:00:00+09:00,3836.0,4080.0,3836.0,4016.0,32417,0.0,0.0
2023-07-04 00:00:00+09:00,4016.0,4040.0,3920.0,3932.0,18070,0.0,0.0
2023-07-05 00:00:00+09:00,3952.0,3952.0,3808.0,3840.0,15095,0.0,0.0
2023-07-06 00:00:00+09:00,3840.0,3868.0,3668.0,3748.0,46422,0.0,0.0
2023-07-07 00:00:00+09:00,3656.0,3748.0,3652.0,3700.0,16227,0.0,0.0
2023-07-10 00:00:00+09:00,3668.0,3720.0,3652.0,3684.0,8537,0.0,0.0
2023-07-11 00:00:00+09:00,3652.0,3704.0,3652.0,3680.0,26562,0.0,0.0
2023-07-12 00:00:00+09:00,3748.0,3788.0,3696.0,3732.0,20025,0.0,0.0
2023-07-13 00:00:00+09:00,3736.0,3780.0,3736.0,3768.0,12310,0.0,0.0
2023-07-14 00:00:00+09:00,3800.0,3816.0,3768.0,3788.0,12822,0.0,0.0
2023-07-17 00:00:00+09:00,3792.0,3792.0,3732.0,3780.0,8892,0.0,0.0
2023-07-18 00:00:00+09:00,3780.0,3812.0,3660.0,3672.0,31802,0.0,0.0
2023-07-19 00:00:00+09:00,3668.0,4648.0,3636.0,3784.0,1784350,0.0,0.0
2023-07-20 00:00:00+09:00,3820.0,3840.0,3728.0,3760.0,77347,0.0,0.0
2023-07-21 00:00:00+09:00,3720.0,3792.0,3668.0,3668.0,67370,0.0,0.0
2023-07-24 00:00:00+09:00,3624.0,3732.0,3576.0,3684.0,117797,0.0,0.0
2023-07-25 00:00:00+09:00,3652.0,3880.0,3644.0,3736.0,74775,0.0,0.0
2023-07-26 00:00:00+09:00,3676.0,3900.0,3644.0,3784.0,98565,0.0,0.0
2023-07-27 00:00:00+09:00,3708.0,3764.0,3688.0,3692.0,28627,0.0,0.0
2023-07-28 00:00:00+09:00,3688.0,3788.0,3656.0,3776.0,17010,0.0,0.0
2023-07-31 00:00:00+09:00,3796.0,3840.0,3720.0,3736.0,29865,0.0,0.0
2023-08-01 00:00:00+09:00,3764.0,3848.0,3736.0,3820.0,31437,0.0,0.0
2023-08-02 00:00:00+09:00,3824.0,3904.0,3756.0,3832.0,29192,0.0,0.0
2023-08-03 00:00:00+09:00,3812.0,3832.0,3708.0,3744.0,29255,0.0,0.0
2023-08-04 00:00:00+09:00,3744.0,3880.0,3744.0,3824.0,24957,0.0,0.0
2023-08-07 00:00:00+09:00,3824.0,3864.0,3756.0,3780.0,26700,0.0,0.0
2023-08-08 00:00:00+09:00,3780.0,3896.0,3760.0,3844.0,24587,0.0,0.0
2023-08-09 00:00:00+09:00,3804.0,3864.0,3728.0,3852.0,23710,0.0,0.0
2023-08-10 00:00:00+09:00,3852.0,3872.0,3816.0,3856.0,19977,0.0,0.0
2023-08-11 00:00:00+09:00,3856.0,3896.0,3816.0,3888.0,29295,0.0,0.0
2023-08-14 00:00:00+09:00,3864.0,3920.0,3816.0,3832.0,36705,0.0,0.0
2023-08-16 00:00:00+09:00,3820.0,3828.0,3732.0,3756.0,20180,0.0,0.0
2023-08-17 00:00:00+09:00,3756.0,3756.0,3600.0,3716.0,45165,0.0,0.0
2023-08-18 00:00:00+09:00,3660.0,3792.0,3640.0,3792.0,27757,0.0,0.0
2023-08-21 00:00:00+09:00,3780.0,3820.0,3740.0,3820.0,15740,0.0,0.0
2023-08-22 00:00:00+09:00,3876.0,4396.0,3784.0,3800.0,688855,0.0,0.0
2023-08-23 00:00:00+09:00,3784.0,3912.0,3724.0,3872.0,66995,0.0,0.0
2023-08-24 00:00:00+09:00,3852.0,4000.0,3852.0,3892.0,80127,0.0,0.0
2023-08-25 00:00:00+09:00,3892.0,3908.0,3824.0,3856.0,30765,0.0,0.0
2023-08-28 00:00:00+09:00,3856.0,3936.0,3856.0,3916.0,30850,0.0,0.0
2023-08-29 00:00:00+09:00,3880.0,5052.0,3880.0,4680.0,5313817,0.0,0.0
2023-08-30 00:00:00+09:00,4472.0,4488.0,4336.0,4360.0,862270,0.0,0.0
2023-08-31 00:00:00+09:00,4360.0,4508.0,4284.0,4336.0,293007,0.0,0.0
2023-09-01 00:00:00+09:00,4500.0,4500.0,4244.0,4248.0,210135,0.0,0.0
2023-09-04 00:00:00+09:00,4224.0,4384.0,4116.0,4248.0,95740,0.0,0.0
2023-09-05 00:00:00+09:00,4240.0,4656.0,4168.0,4180.0,479977,0.0,0.0
2023-09-06 00:00:00+09:00,4464.0,4572.0,4280.0,4284.0,520242,0.0,0.0
2023-09-07 00:00:00+09:00,4232.0,4460.0,4164.0,4240.0,180342,0.0,0.0
2023-09-08 00:00:00+09:00,4240.0,4340.0,4180.0,4300.0,70165,0.0,0.0
2023-09-11 00:00:00+09:00,4300.0,4388.0,4184.0,4220.0,55905,0.0,0.0
2023-09-12 00:00:00+09:00,4220.0,4356.0,4180.0,4180.0,51060,0.0,0.0
2023-09-13 00:00:00+09:00,4136.0,4192.0,4040.0,4056.0,69255,0.0,0.0
2023-09-14 00:00:00+09:00,4052.0,4096.0,4036.0,4036.0,27587,0.0,0.0
2023-09-15 00:00:00+09:00,4080.0,4340.0,4076.0,4340.0,140545,0.0,0.0
2023-09-18 00:00:00+09:00,4356.0,4540.0,4340.0,4392.0,358672,0.0,0.0
2023-09-19 00:00:00+09:00,4368.0,4392.0,4216.0,4260.0,71245,0.0,0.0
2023-09-20 00:00:00+09:00,4224.0,4556.0,4220.0,4268.0,235570,0.0,0.0
2023-09-21 00:00:00+09:00,4160.0,4240.0,4048.0,4096.0,78625,0.0,0.0
2023-09-22 00:00:00+09:00,4060.0,4144.0,4040.0,4044.0,35932,0.0,0.0
2023-09-25 00:00:00+09:00,4176.0,4176.0,3948.0,3948.0,52552,0.0,0.0
2023-09-26 00:00:00+09:00,3944.0,4320.0,3884.0,3948.0,234845,0.0,0.0
2023-09-27 00:00:00+09:00,3948.0,4136.0,3748.0,3864.0,196220,0.0,0.0
2023-10-04 00:00:00+09:00,3928.0,3928.0,3600.0,3620.0,61962,0.0,0.0
2023-10-05 00:00:00+09:00,3600.0,3660.0,3532.0,3548.0,50512,0.0,0.0
2023-10-06 00:00:00+09:00,3476.0,3772.0,3472.0,3712.0,30640,0.0,0.0
2023-10-10 00:00:00+09:00,3748.0,3772.0,3568.0,3596.0,41185,0.0,0.0
2023-10-11 00:00:00+09:00,3608.0,3880.0,3608.0,3852.0,56782,0.0,0.0
2023-10-12 00:00:00+09:00,3876.0,4180.0,3668.0,3892.0,111395,0.0,0.0
2023-10-13 00:00:00+09:00,3892.0,3940.0,3768.0,3924.0,18337,0.0,0.0
2023-10-16 00:00:00+09:00,3912.0,3912.0,3768.0,3780.0,15242,0.0,0.0
2023-10-17 00:00:00+09:00,3780.0,3860.0,3780.0,3784.0,8392,0.0,0.0
2023-10-18 00:00:00+09:00,3808.0,3840.0,3744.0,3764.0,6950,0.0,0.0
2023-10-19 00:00:00+09:00,3708.0,3708.0,3620.0,3672.0,23900,0.0,0.0
2023-10-20 00:00:00+09:00,3552.0,3664.0,3536.0,3648.0,27782,0.0,0.0
2023-10-23 00:00:00+09:00,3616.0,3740.0,3560.0,3648.0,12112,0.0,0.0
2023-10-24 00:00:00+09:00,3648.0,3764.0,3564.0,3756.0,20320,0.0,0.0
2023-10-25 00:00:00+09:00,3776.0,3784.0,3704.0,3704.0,14690,0.0,0.0
2023-10-26 00:00:00+09:00,3552.0,3680.0,3540.0,3572.0,12227,0.0,0.0
2023-10-27 00:00:00+09:00,3588.0,3652.0,3520.0,3616.0,9592,0.0,0.0
2023-10-30 00:00:00+09:00,3596.0,3668.0,3548.0,3628.0,6272,0.0,0.0
2023-10-31 00:00:00+09:00,3628.0,3668.0,3552.0,3588.0,5562,0.0,0.0
2023-11-01 00:00:00+09:00,3592.0,3660.0,3544.0,3572.0,7025,0.0,0.0
2023-11-02 00:00:00+09:00,3592.0,3780.0,3592.0,3684.0,17297,0.0,0.0
2023-11-03 00:00:00+09:00,3684.0,3780.0,3680.0,3712.0,12532,0.0,0.0
2023-11-06 00:00:00+09:00,3696.0,3832.0,3696.0,3740.0,17235,0.0,0.0
2023-11-07 00:00:00+09:00,3740.0,3760.0,3668.0,3688.0,10727,0.0,0.0
2023-11-08 00:00:00+09:00,3688.0,3876.0,3680.0,3788.0,24877,0.0,0.0
2023-11-09 00:00:00+09:00,3788.0,3880.0,3756.0,3800.0,10040,0.0,0.0
2023-11-10 00:00:00+09:00,3808.0,3808.0,3688.0,3708.0,14382,0.0,0.0
2023-11-13 00:00:00+09:00,3684.0,3728.0,3640.0,3640.0,21475,0.0,0.0
2023-11-14 00:00:00+09:00,3616.0,3704.0,3616.0,3640.0,10782,0.0,0.0
2023-11-15 00:00:00+09:00,3720.0,3800.0,3648.0,3796.0,30317,0.0,0.0
2023-11-16 00:00:00+09:00,3796.0,3868.0,3760.0,3804.0,32717,0.0,0.0
2023-11-17 00:00:00+09:00,3804.0,3876.0,3752.0,3808.0,26477,0.0,0.0
2023-11-20 00:00:00+09:00,3760.0,3808.0,3752.0,3784.0,15607,0.0,0.0
2023-11-21 00:00:00+09:00,3784.0,3896.0,3784.0,3860.0,16520,0.0,0.0
2023-11-22 00:00:00+09:00,3860.0,3892.0,3824.0,3864.0,15345,0.0,0.0
2023-11-23 00:00:00+09:00,3860.0,3864.0,3808.0,3808.0,12897,0.0,0.0
2023-11-24 00:00:00+09:00,3824.0,3896.0,3820.0,3868.0,9745,0.0,0.0
2023-11-27 00:00:00+09:00,3796.0,3888.0,3780.0,3792.0,14090,0.0,0.0
2023-11-28 00:00:00+09:00,3800.0,3840.0,3764.0,3792.0,14740,0.0,0.0
2023-11-29 00:00:00+09:00,3796.0,3832.0,3768.0,3784.0,9140,0.0,0.0
2023-11-30 00:00:00+09:00,3764.0,3792.0,3756.0,3776.0,6997,0.0,0.0
2023-12-01 00:00:00+09:00,3760.0,3792.0,3720.0,3760.0,12175,0.0,0.0
2023-12-04 00:00:00+09:00,3760.0,3764.0,3680.0,3704.0,15615,0.0,0.0
2023-12-05 00:00:00+09:00,3696.0,3776.0,3676.0,3676.0,9725,0.0,0.0
2023-12-06 00:00:00+09:00,3676.0,3752.0,3676.0,3708.0,9800,0.0,0.0
2023-12-07 00:00:00+09:00,3728.0,3728.0,3668.0,3700.0,7962,0.0,0.0
2023-12-08 00:00:00+09:00,3740.0,3768.0,3672.0,3764.0,8915,0.0,0.0
2023-12-11 00:00:00+09:00,3764.0,3800.0,3716.0,3788.0,8840,0.0,0.0
2023-12-12 00:00:00+09:00,3740.0,3800.0,3740.0,3760.0,3765,0.0,0.0
2023-12-13 00:00:00+09:00,3768.0,3768.0,3696.0,3708.0,7885,0.0,0.0
2023-12-14 00:00:00+09:00,3724.0,3840.0,3720.0,3744.0,10300,0.0,0.0
2023-12-15 00:00:00+09:00,3792.0,3800.0,3708.0,3724.0,10315,0.0,0.0
2023-12-18 00:00:00+09:00,3724.0,3776.0,3708.0,3728.0,9585,0.0,0.0
2023-12-19 00:00:00+09:00,3704.0,3744.0,3700.0,3720.0,13637,0.0,0.0
2023-12-20 00:00:00+09:00,3800.0,3800.0,3720.0,3736.0,18425,0.0,0.0
2023-12-21 00:00:00+09:00,3784.0,3784.0,3712.0,3716.0,15187,0.0,0.0
2023-12-22 00:00:00+09:00,3736.0,3780.0,3672.0,3720.0,14825,0.0,0.0
2023-12-26 00:00:00+09:00,3724.0,3724.0,3628.0,3628.0,23652,0.0,0.0
2023-12-27 00:00:00+09:00,3620.0,3696.0,3620.0,3680.0,11280,0.0,0.0
2023-12-28 00:00:00+09:00,3668.0,3756.0,3660.0,3660.0,10162,0.0,0.0
2024-01-02 00:00:00+09:00,3676.0,3684.0,3640.0,3684.0,15522,0.0,0.0
2024-01-03 00:00:00+09:00,3644.0,4028.0,3620.0,3860.0,469782,0.0,0.0
2024-01-04 00:00:00+09:00,3920.0,3920.0,3856.0,3876.0,123175,0.0,0.0
2024-01-05 00:00:00+09:00,3876.0,3928.0,3872.0,3924.0,71712,0.0,0.0
2024-01-08 00:00:00+09:00,3960.0,4000.0,3932.0,3980.0,137852,0.0,0.0
2024-01-09 00:00:00+09:00,4000.0,4000.0,3940.0,3964.0,55902,0.0,0.0
2024-01-10 00:00:00+09:00,3996.0,3996.0,3916.0,3928.0,40300,0.0,0.0
2024-01-11 00:00:00+09:00,3928.0,3968.0,3904.0,3936.0,24252,0.0,0.0
2024-01-12 00:00:00+09:00,3924.0,3996.0,3800.0,3948.0,79825,0.0,0.0
2024-01-15 00:00:00+09:00,3928.0,3948.0,3848.0,3848.0,32632,0.0,0.0
2024-01-16 00:00:00+09:00,3848.0,3936.0,3804.0,3912.0,45980,0.0,0.0
2024-01-17 00:00:00+09:00,3988.0,3988.0,3844.0,3920.0,83195,0.0,0.0
2024-01-18 00:00:00+09:00,3928.0,4040.0,3920.0,3920.0,122480,0.0,0.0
2024-01-19 00:00:00+09:00,3888.0,4016.0,3888.0,3988.0,57572,0.0,0.0
2024-01-22 00:00:00+09:00,4048.0,4056.0,3944.0,3968.0,58062,0.0,0.0
2024-01-23 00:00:00+09:00,3960.0,4020.0,3944.0,3984.0,64710,0.0,0.0
2024-01-24 00:00:00+09:00,4028.0,4104.0,3972.0,4092.0,161020,0.0,0.0
2024-01-25 00:00:00+09:00,4092.0,4092.0,3928.0,3944.0,71037,0.0,0.0
2024-01-26 00:00:00+09:00,3996.0,4004.0,3940.0,3956.0,33192,0.0,0.0
2024-01-29 00:00:00+09:00,4048.0,4060.0,3824.0,3852.0,98600,0.0,0.0
2024-01-30 00:00:00+09:00,3948.0,3948.0,3848.0,3864.0,43622,0.0,0.0
2024-01-31 00:00:00+09:00,3828.0,3944.0,3808.0,3808.0,24855,0.0,0.0
2024-02-01 00:00:00+09:00,3856.0,4080.0,3812.0,4048.0,254110,0.0,0.0
2024-02-02 00:00:00+09:00,4000.0,4040.0,3920.0,3996.0,97565,0.0,0.0
2024-02-05 00:00:00+09:00,4004.0,4060.0,3936.0,4000.0,66087,0.0,0.0
2024-02-06 00:00:00+09:00,3988.0,4028.0,3952.0,3980.0,53270,0.0,0.0
2024-02-07 00:00:00+09:00,3988.0,3988.0,3896.0,3964.0,44037,0.0,0.0
2024-02-08 00:00:00+09:00,3964.0,4012.0,3924.0,3940.0,59687,0.0,0.0
2024-02-13 00:00:00+09:00,3940.0,4000.0,3880.0,3932.0,53587,0.0,0.0
2024-02-14 00:00:00+09:00,3972.0,3996.0,3932.0,3972.0,19225,0.0,0.0
2024-02-15 00:00:00+09:00,3996.0,4000.0,3960.0,3972.0,17362,0.0,0.0
2024-02-16 00:00:00+09:00,3996.0,3996.0,3920.0,3944.0,20840,0.0,0.0
2024-02-19 00:00:00+09:00,4016.0,4096.0,3972.0,4024.0,149822,0.0,0.0
2024-02-20 00:00:00+09:00,4036.0,4036.0,3964.0,3968.0,29880,0.0,0.0
2024-02-21 00:00:00+09:00,3960.0,3996.0,3916.0,3996.0,50007,0.0,0.0
2024-02-22 00:00:00+09:00,4020.0,4020.0,3920.0,3940.0,42910,0.0,0.0
2024-02-23 00:00:00+09:00,3940.0,3960.0,3852.0,3912.0,41355,0.0,0.0
2024-02-26 00:00:00+09:00,3908.0,3908.0,3868.0,3868.0,13357,0.0,0.0
2024-02-27 00:00:00+09:00,3868.0,3884.0,3804.0,3804.0,22627,0.0,0.0
2024-02-28 00:00:00+09:00,3764.0,3828.0,3760.0,3772.0,23992,0.0,0.0
2024-02-29 00:00:00+09:00,3788.0,3860.0,3728.0,3768.0,22797,0.0,0.0
2024-03-04 00:00:00+09:00,3800.0,3936.0,3800.0,3868.0,42437,0.0,0.0
2024-03-05 00:00:00+09:00,3924.0,3928.0,3876.0,3892.0,38645,0.0,0.0
2024-03-06 00:00:00+09:00,3808.0,3916.0,3808.0,3852.0,26795,0.0,0.0
2024-03-07 00:00:00+09:00,3852.0,3872.0,3688.0,3688.0,33417,0.0,0.0
2024-03-08 00:00:00+09:00,3748.0,3756.0,3688.0,3696.0,13575,0.0,0.0
2024-03-11 00:00:00+09:00,3696.0,3736.0,3680.0,3680.0,21487,0.0,0.0
2024-03-12 00:00:00+09:00,3680.0,3684.0,3644.0,3672.0,18345,0.0,0.0
2024-03-13 00:00:00+09:00,3672.0,3720.0,3640.0,3708.0,14740,0.0,0.0
2024-03-14 00:00:00+09:00,3716.0,4084.0,3668.0,3748.0,455567,0.0,0.0
2024-03-15 00:00:00+09:00,3784.0,3920.0,3752.0,3812.0,81590,0.0,0.0
2024-03-18 00:00:00+09:00,3812.0,3900.0,3812.0,3836.0,46625,0.0,0.0
2024-03-19 00:00:00+09:00,3832.0,3836.0,3756.0,3780.0,24765,0.0,0.0
2024-03-20 00:00:00+09:00,3792.0,3816.0,3764.0,3764.0,12370,0.0,0.0
2024-03-21 00:00:00+09:00,3768.0,3784.0,3732.0,3732.0,20482,0.0,0.0
2024-03-22 00:00:00+09:00,3752.0,3768.0,3700.0,3708.0,21652,0.0,0.0
2024-03-25 00:00:00+09:00,3712.0,3788.0,3704.0,3724.0,19820,0.0,0.0
2024-03-26 00:00:00+09:00,3716.0,4076.0,3704.0,3880.0,382900,0.0,0.0
2024-03-27 00:00:00+09:00,3880.0,3880.0,3772.0,3804.0,39712,0.0,0.0
2024-03-28 00:00:00+09:00,3804.0,3816.0,3756.0,3768.0,28620,0.0,0.0
2024-03-29 00:00:00+09:00,3780.0,3788.0,3740.0,3760.0,22812,0.0,0.0
2024-04-01 00:00:00+09:00,3764.0,3792.0,3760.0,3780.0,24477,0.0,0.0
2024-04-02 00:00:00+09:00,3780.0,4156.0,3752.0,3752.0,442145,0.0,0.0
2024-04-03 00:00:00+09:00,3752.0,3812.0,3752.0,3772.0,29210,0.0,0.0
2024-04-04 00:00:00+09:00,3780.0,3820.0,3772.0,3812.0,20695,0.0,0.0
2024-04-05 00:00:00+09:00,3820.0,3836.0,3784.0,3820.0,29495,0.0,0.0
2024-04-08 00:00:00+09:00,3804.0,3840.0,3684.0,3704.0,46847,0.0,0.0
2024-04-09 00:00:00+09:00,3668.0,3808.0,3668.0,3740.0,64967,0.0,0.0
2024-05-07 00:00:00+09:00,3595.0,4265.0,3410.0,3575.0,1745515,0.0,0.0
2024-05-08 00:00:00+09:00,3695.0,4115.0,3640.0,3800.0,1605740,0.0,0.0
2024-05-09 00:00:00+09:00,3835.0,3870.0,3705.0,3775.0,79868,0.0,0.0
2024-05-10 00:00:00+09:00,3760.0,3760.0,3580.0,3640.0,140584,0.0,0.0
2024-05-13 00:00:00+09:00,3660.0,3660.0,3535.0,3625.0,47181,0.0,0.0
2024-05-14 00:00:00+09:00,3625.0,3645.0,3555.0,3635.0,26830,0.0,0.0
2024-05-16 00:00:00+09:00,3640.0,3645.0,3555.0,3565.0,32859,0.0,0.0
2024-05-17 00:00:00+09:00,3565.0,3600.0,3310.0,3435.0,76489,0.0,0.0
2024-05-20 00:00:00+09:00,3435.0,3540.0,3435.0,3515.0,18482,0.0,0.0
2024-05-21 00:00:00+09:00,3515.0,3520.0,3435.0,3435.0,10825,0.0,0.0
2024-05-22 00:00:00+09:00,3435.0,3455.0,3360.0,3420.0,23374,0.0,0.0
2024-05-23 00:00:00+09:00,3435.0,4090.0,3435.0,3550.0,2964722,0.0,0.0
2024-05-24 00:00:00+09:00,3565.0,3895.0,3565.0,3670.0,248367,0.0,0.0
2024-05-27 00:00:00+09:00,3650.0,3780.0,3650.0,3705.0,98733,0.0,0.0
2024-05-28 00:00:00+09:00,3780.0,3780.0,3630.0,3660.0,57699,0.0,0.0
2024-05-29 00:00:00+09:00,3680.0,3720.0,3660.0,3685.0,41093,0.0,0.0
2024-05-30 00:00:00+09:00,3630.0,3675.0,3560.0,3570.0,51101,0.0,0.0
2024-05-31 00:00:00+09:00,3570.0,3640.0,3520.0,3600.0,38390,0.0,0.0
2024-06-03 00:00:00+09:00,3690.0,3690.0,3570.0,3605.0,25618,0.0,0.0
2024-06-04 00:00:00+09:00,3625.0,4330.0,3560.0,3695.0,3551214,0.0,0.0
2024-06-05 00:00:00+09:00,3745.0,3815.0,3695.0,3780.0,201929,0.0,0.0
2024-06-07 00:00:00+09:00,3780.0,3860.0,3705.0,3705.0,128324,0.0,0.0
2024-06-10 00:00:00+09:00,3660.0,3850.0,3660.0,3810.0,87426,0.0,0.0
2024-06-11 00:00:00+09:00,3805.0,3860.0,3750.0,3860.0,53954,0.0,0.0
2024-06-12 00:00:00+09:00,3850.0,3955.0,3780.0,3800.0,56101,0.0,0.0
2024-06-13 00:00:00+09:00,3810.0,3860.0,3740.0,3795.0,31738,0.0,0.0
2024-06-14 00:00:00+09:00,3850.0,3850.0,3700.0,3775.0,51588,0.0,0.0
2024-06-17 00:00:00+09:00,3775.0,3820.0,3670.0,3690.0,37781,0.0,0.0
2024-06-18 00:00:00+09:00,3690.0,3730.0,3655.0,3655.0,20167,0.0,0.0
2024-06-19 00:00:00+09:00,3620.0,3690.0,3590.0,3590.0,30659,0.0,0.0
2024-06-20 00:00:00+09:00,3660.0,3660.0,3570.0,3595.0,27655,0.0,0.0
2024-06-21 00:00:00+09:00,3615.0,3615.0,3345.0,3510.0,54422,0.0,0.0
2024-06-24 00:00:00+09:00,3505.0,3510.0,3380.0,3400.0,45917,0.0,0.0
2024-06-25 00:00:00+09:00,3405.0,3575.0,3400.0,3575.0,36936,0.0,0.0
2024-06-26 00:00:00+09:00,3595.0,3595.0,3500.0,3530.0,21422,0.0,0.0
2024-06-27 00:00:00+09:00,3550.0,3550.0,3435.0,3455.0,14631,0.0,0.0
2024-06-28 00:00:00+09:00,3415.0,3485.0,3415.0,3465.0,24093,0.0,0.0
2024-07-01 00:00:00+09:00,3465.0,3505.0,3445.0,3490.0,13165,0.0,0.0
2024-07-02 00:00:00+09:00,3500.0,3500.0,3400.0,3480.0,19468,0.0,0.0
2024-07-03 00:00:00+09:00,3495.0,3500.0,3400.0,3400.0,22508,0.0,0.0
2024-07-04 00:00:00+09:00,3400.0,3445.0,3345.0,3345.0,20160,0.0,0.0
2024-07-05 00:00:00+09:00,3385.0,3385.0,3230.0,3230.0,37819,0.0,0.0
2024-07-08 00:00:00+09:00,3210.0,3340.0,3210.0,3290.0,21542,0.0,0.0
2024-07-09 00:00:00+09:00,3350.0,3350.0,3290.0,3295.0,12611,0.0,0.0
2024-07-10 00:00:00+09:00,3520.0,3960.0,3400.0,3415.0,1750952,0.0,0.0
2024-07-11 00:00:00+09:00,3450.0,3470.0,3365.0,3370.0,51007,0.0,0.0
2024-07-12 00:00:00+09:00,3445.0,3455.0,3365.0,3365.0,43345,0.0,0.0
2024-07-15 00:00:00+09:00,3430.0,3430.0,3355.0,3365.0,28223,0.0,0.0
2024-07-16 00:00:00+09:00,3365.0,3400.0,3300.0,3350.0,23495,0.0,0.0
2024-07-17 00:00:00+09:00,3350.0,3350.0,3300.0,3305.0,35653,0.0,0.0
2024-07-18 00:00:00+09:00,3340.0,3375.0,3250.0,3375.0,19143,0.0,0.0
2024-07-19 00:00:00+09:00,3345.0,3375.0,3260.0,3300.0,19254,0.0,0.0
