Date,Open,High,Low,Close,Volume,Dividends,Stock Splits
2001-08-08 00:00:00+09:00,4649.8623046875,4649.8623046875,4649.8623046875,4649.8623046875,1574255,0.0,0.0
2001-08-09 00:00:00+09:00,4096.30712890625,4096.30712890625,4096.30712890625,4096.30712890625,1766586,0.0,0.0
2001-08-10 00:00:00+09:00,3715.739013671875,3715.739013671875,3715.739013671875,3715.739013671875,939151,0.0,0.0
2001-08-13 00:00:00+09:00,3418.2021484374995,3418.2021484374995,3418.2021484374995,3418.2021484375,446691,0.0,0.0
2001-08-14 00:00:00+09:00,3355.927490234375,3355.927490234375,3355.927490234375,3355.927490234375,390367,0.0,0.0
2001-08-15 00:00:00+09:00,3355.927490234375,3355.927490234375,3355.927490234375,3355.927490234375,0,0.0,0.0
2001-08-16 00:00:00+09:00,3189.861083984375,3189.861083984375,3189.861083984375,3189.861083984375,194456,0.0,0.0
2001-08-17 00:00:00+09:00,3224.4580078125,3224.4580078125,3224.4580078125,3224.4580078125,258635,0.0,0.0
2001-08-20 00:00:00+09:00,2954.60009765625,2954.60009765625,2954.60009765625,2954.60009765625,134861,0.0,0.0
2001-08-21 00:00:00+09:00,3307.490966796875,3307.490966796875,3307.490966796875,3307.490966796875,277487,0.0,0.0
2001-08-22 00:00:00+09:00,3307.490966796875,3307.490966796875,3307.490966796875,3307.490966796875,504103,0.0,0.0
2001-08-23 00:00:00+09:00,3196.7802734375005,3196.7802734375005,3196.7802734375005,3196.7802734375,138369,0.0,0.0
2001-08-24 00:00:00+09:00,3044.55224609375,3044.55224609375,3044.55224609375,3044.55224609375,100854,0.0,0.0
2001-08-27 00:00:00+09:00,3065.310791015625,3065.310791015625,3065.310791015625,3065.310791015625,126968,0.0,0.0
2001-08-28 00:00:00+09:00,3196.7802734375005,3196.7802734375005,3196.7802734375005,3196.7802734375,84235,0.0,0.0
2001-08-29 00:00:00+09:00,3252.135498046875,3252.135498046875,3252.135498046875,3252.135498046875,180210,0.0,0.0
2001-08-30 00:00:00+09:00,3148.343994140625,3148.343994140625,3148.343994140625,3148.343994140625,153702,0.0,0.0
2001-08-31 00:00:00+09:00,3037.633056640625,3037.633056640625,3037.633056640625,3037.633056640625,111416,0.0,0.0
2001-09-03 00:00:00+09:00,3321.3303222656255,3321.3303222656255,3321.3303222656255,3321.330322265625,109801,0.0,0.0
2001-09-04 00:00:00+09:00,3459.71875,3459.71875,3459.71875,3459.71875,589813,0.0,0.0
2001-09-05 00:00:00+09:00,3528.9130859374995,3528.9130859374995,3528.9130859374995,3528.9130859375,168780,0.0,0.0
2001-09-06 00:00:00+09:00,3494.316162109375,3494.316162109375,3494.316162109375,3494.316162109375,146686,0.0,0.0
2001-09-07 00:00:00+09:00,3445.88037109375,3445.88037109375,3445.88037109375,3445.88037109375,85096,0.0,0.0
2001-09-10 00:00:00+09:00,3314.41015625,3314.41015625,3314.41015625,3314.41015625,96985,0.0,0.0
2001-09-11 00:00:00+09:00,3362.846435546875,3362.846435546875,3362.846435546875,3362.846435546875,86901,0.0,0.0
2001-09-12 00:00:00+09:00,2961.519287109375,2961.519287109375,2961.519287109375,2961.519287109375,17190,0.0,0.0
2001-09-13 00:00:00+09:00,2940.76123046875,2940.76123046875,2940.76123046875,2940.76123046875,81628,0.0,0.0
2001-09-14 00:00:00+09:00,2650.14453125,2650.14453125,2650.14453125,2650.14453125,124795,0.0,0.0
2001-09-17 00:00:00+09:00,2338.769775390625,2338.769775390625,2338.769775390625,2338.769775390625,52451,0.0,0.0
2001-09-18 00:00:00+09:00,2525.594970703125,2525.594970703125,2525.594970703125,2525.594970703125,91166,0.0,0.0
2001-09-19 00:00:00+09:00,2629.38671875,2629.38671875,2629.38671875,2629.38671875,37772,0.0,0.0
2001-09-20 00:00:00+09:00,2594.789306640625,2594.789306640625,2594.789306640625,2594.789306640625,45020,0.0,0.0
2001-09-21 00:00:00+09:00,2657.064208984375,2657.064208984375,2657.064208984375,2657.064208984375,45732,0.0,0.0
2001-09-24 00:00:00+09:00,2760.856201171875,2760.856201171875,2760.856201171875,2760.856201171875,75238,0.0,0.0
2001-09-25 00:00:00+09:00,2753.93603515625,2753.93603515625,2753.93603515625,2753.93603515625,73217,0.0,0.0
2001-09-26 00:00:00+09:00,2663.983642578125,2663.983642578125,2663.983642578125,2663.983642578125,28282,0.0,0.0
2001-09-27 00:00:00+09:00,2726.25830078125,2726.25830078125,2726.25830078125,2726.25830078125,26022,0.0,0.0
2001-09-28 00:00:00+09:00,2767.77490234375,2767.77490234375,2767.77490234375,2767.77490234375,14230,0.0,0.0
2001-10-01 00:00:00+09:00,2767.77490234375,2767.77490234375,2767.77490234375,2767.77490234375,0,0.0,0.0
2001-10-02 00:00:00+09:00,2767.77490234375,2767.77490234375,2767.77490234375,2767.77490234375,0,0.0,0.0
2001-10-03 00:00:00+09:00,2767.77490234375,2767.77490234375,2767.77490234375,2767.77490234375,0,0.0,0.0
2001-10-04 00:00:00+09:00,2975.3583984375,2975.3583984375,2975.3583984375,2975.3583984375,37849,0.0,0.0
2001-10-05 00:00:00+09:00,2906.163818359375,2906.163818359375,2906.163818359375,2906.163818359375,20695,0.0,0.0
2001-10-08 00:00:00+09:00,2830.050048828125,2830.050048828125,2830.050048828125,2830.050048828125,34958,0.0,0.0
2001-10-09 00:00:00+09:00,2899.2446289062505,2899.2446289062505,2899.2446289062505,2899.24462890625,45062,0.0,0.0
2001-10-10 00:00:00+09:00,2781.61376953125,2781.61376953125,2781.61376953125,2781.61376953125,38891,0.0,0.0
2001-10-11 00:00:00+09:00,3113.74755859375,3113.74755859375,3113.74755859375,3113.74755859375,282214,0.0,0.0
2001-10-12 00:00:00+09:00,3079.149658203125,3079.149658203125,3079.149658203125,3079.149658203125,189659,0.0,0.0
2001-10-15 00:00:00+09:00,3009.955322265625,3009.955322265625,3009.955322265625,3009.955322265625,118569,0.0,0.0
2001-10-16 00:00:00+09:00,3023.79443359375,3023.79443359375,3023.79443359375,3023.79443359375,177778,0.0,0.0
2001-10-17 00:00:00+09:00,3238.2963867187495,3238.2963867187495,3238.2963867187495,3238.29638671875,311245,0.0,0.0
2001-10-18 00:00:00+09:00,3155.2636718749995,3155.2636718749995,3155.2636718749995,3155.263671875,178689,0.0,0.0
2001-10-19 00:00:00+09:00,3321.3303222656255,3321.3303222656255,3321.3303222656255,3321.330322265625,218715,0.0,0.0
2001-10-22 00:00:00+09:00,3349.007568359375,3349.007568359375,3349.007568359375,3349.007568359375,263978,0.0,0.0
2001-10-23 00:00:00+09:00,3252.135498046875,3252.135498046875,3252.135498046875,3252.135498046875,193964,0.0,0.0
2001-10-24 00:00:00+09:00,3245.216552734375,3245.216552734375,3245.216552734375,3245.216552734375,257701,0.0,0.0
2001-10-25 00:00:00+09:00,2913.0830078125,2913.0830078125,2913.0830078125,2913.0830078125,232201,0.0,0.0
2001-10-26 00:00:00+09:00,2843.888916015625,2843.888916015625,2843.888916015625,2843.888916015625,116241,0.0,0.0
2001-10-29 00:00:00+09:00,2975.3583984375,2975.3583984375,2975.3583984375,2975.3583984375,131491,0.0,0.0
2001-10-30 00:00:00+09:00,2788.53369140625,2788.53369140625,2788.53369140625,2788.53369140625,75991,0.0,0.0
2001-10-31 00:00:00+09:00,2906.163818359375,2906.163818359375,2906.163818359375,2906.163818359375,184569,0.0,0.0
2001-11-01 00:00:00+09:00,2975.3583984375,2975.3583984375,2975.3583984375,2975.3583984375,108184,0.0,0.0
2001-11-02 00:00:00+09:00,3148.343994140625,3148.343994140625,3148.343994140625,3148.343994140625,290721,0.0,0.0
2001-11-05 00:00:00+09:00,3148.343994140625,3148.343994140625,3148.343994140625,3148.343994140625,269287,0.0,0.0
2001-11-06 00:00:00+09:00,3127.586181640625,3127.586181640625,3127.586181640625,3127.586181640625,156746,0.0,0.0
2001-11-07 00:00:00+09:00,3355.927490234375,3355.927490234375,3355.927490234375,3355.927490234375,1159595,0.0,0.0
2001-11-08 00:00:00+09:00,3335.168701171875,3335.168701171875,3335.168701171875,3335.168701171875,327525,0.0,0.0
2001-11-09 00:00:00+09:00,3438.9609375,3438.9609375,3438.9609375,3438.9609375,656427,0.0,0.0
2001-11-12 00:00:00+09:00,3542.75244140625,3542.75244140625,3542.75244140625,3542.75244140625,267562,0.0,0.0
2001-11-13 00:00:00+09:00,3549.6713867187495,3549.6713867187495,3549.6713867187495,3549.67138671875,450083,0.0,0.0
2001-11-14 00:00:00+09:00,3390.5244140625,3390.5244140625,3390.5244140625,3390.5244140625,301163,0.0,0.0
2001-11-15 00:00:00+09:00,3390.5244140625,3390.5244140625,3390.5244140625,3390.5244140625,292584,0.0,0.0
2001-11-16 00:00:00+09:00,3625.785400390625,3625.785400390625,3625.785400390625,3625.785400390625,209594,0.0,0.0
2001-11-19 00:00:00+09:00,3598.107666015625,3598.107666015625,3598.107666015625,3598.107666015625,326950,0.0,0.0
2001-11-20 00:00:00+09:00,3598.107666015625,3598.107666015625,3598.107666015625,3598.107666015625,125048,0.0,0.0
2001-11-21 00:00:00+09:00,3805.690673828125,3805.690673828125,3805.690673828125,3805.690673828125,455089,0.0,0.0
2001-11-22 00:00:00+09:00,3729.5769042968755,3729.5769042968755,3729.5769042968755,3729.576904296875,445359,0.0,0.0
2001-11-23 00:00:00+09:00,3639.624267578125,3639.624267578125,3639.624267578125,3639.624267578125,213353,0.0,0.0
2001-11-26 00:00:00+09:00,3528.9130859374995,3528.9130859374995,3528.9130859374995,3528.9130859375,259235,0.0,0.0
2001-11-27 00:00:00+09:00,3480.477294921875,3480.477294921875,3480.477294921875,3480.477294921875,140021,0.0,0.0
2001-11-28 00:00:00+09:00,3321.3303222656255,3321.3303222656255,3321.3303222656255,3321.330322265625,146332,0.0,0.0
2001-11-29 00:00:00+09:00,3300.571533203125,3300.571533203125,3300.571533203125,3300.571533203125,84433,0.0,0.0
2001-11-30 00:00:00+09:00,3390.5244140625,3390.5244140625,3390.5244140625,3390.5244140625,71986,0.0,0.0
2001-12-03 00:00:00+09:00,3438.9609375,3438.9609375,3438.9609375,3438.9609375,44659,0.0,0.0
2001-12-04 00:00:00+09:00,3272.893798828125,3272.893798828125,3272.893798828125,3272.893798828125,96809,0.0,0.0
2001-12-05 00:00:00+09:00,3259.05517578125,3259.05517578125,3259.05517578125,3259.05517578125,123937,0.0,0.0
2001-12-06 00:00:00+09:00,3210.6191406250005,3210.6191406250005,3210.6191406250005,3210.619140625,85721,0.0,0.0
2001-12-07 00:00:00+09:00,3252.135498046875,3252.135498046875,3252.135498046875,3252.135498046875,63126,0.0,0.0
2001-12-10 00:00:00+09:00,3189.861083984375,3189.861083984375,3189.861083984375,3189.861083984375,108433,0.0,0.0
2001-12-11 00:00:00+09:00,3155.2636718749995,3155.2636718749995,3155.2636718749995,3155.263671875,76362,0.0,0.0
2001-12-12 00:00:00+09:00,3300.571533203125,3300.571533203125,3300.571533203125,3300.571533203125,194000,0.0,0.0
2001-12-13 00:00:00+09:00,3342.088134765625,3342.088134765625,3342.088134765625,3342.088134765625,95177,0.0,0.0
2001-12-14 00:00:00+09:00,3265.97412109375,3265.97412109375,3265.97412109375,3265.97412109375,40979,0.0,0.0
2001-12-17 00:00:00+09:00,3238.2963867187495,3238.2963867187495,3238.2963867187495,3238.29638671875,55201,0.0,0.0
2001-12-18 00:00:00+09:00,3155.2636718749995,3155.2636718749995,3155.2636718749995,3155.263671875,60248,0.0,0.0
2001-12-19 00:00:00+09:00,3217.538818359375,3217.538818359375,3217.538818359375,3217.538818359375,111122,0.0,0.0
2001-12-20 00:00:00+09:00,3113.74755859375,3113.74755859375,3113.74755859375,3113.74755859375,18061,0.0,0.0
2001-12-21 00:00:00+09:00,3058.391845703125,3058.391845703125,3058.391845703125,3058.391845703125,29953,0.0,0.0
2001-12-24 00:00:00+09:00,2975.3583984375,2975.3583984375,2975.3583984375,2975.3583984375,36593,0.0,0.0
2001-12-25 00:00:00+09:00,2975.3583984375,2975.3583984375,2975.3583984375,2975.3583984375,0,0.0,0.0
2001-12-26 00:00:00+09:00,3009.955322265625,3009.955322265625,3009.955322265625,3009.955322265625,16687,0.0,0.0
2001-12-27 00:00:00+09:00,3277.111328125,3277.111328125,3277.111328125,3277.111328125,20611,125.0,0.0
2001-12-28 00:00:00+09:00,3334.104248046875,3334.104248046875,3334.104248046875,3334.104248046875,25248,0.0,0.0
2001-12-31 00:00:00+09:00,3334.104248046875,3334.104248046875,3334.104248046875,3334.104248046875,0,0.0,0.0
2002-01-01 00:00:00+09:00,3334.104248046875,3334.104248046875,3334.104248046875,3334.104248046875,0,0.0,0.0
2002-01-02 00:00:00+09:00,3334.104248046875,3334.104248046875,3334.104248046875,3334.104248046875,22431,0.0,0.0
2002-01-03 00:00:00+09:00,3348.353271484375,3348.353271484375,3348.353271484375,3348.353271484375,43097,0.0,0.0
2002-01-04 00:00:00+09:00,3405.345703125,3405.345703125,3405.345703125,3405.345703125,58118,0.0,0.0
2002-01-07 00:00:00+09:00,3319.856201171875,3319.856201171875,3319.856201171875,3319.856201171875,18231,0.0,0.0
2002-01-08 00:00:00+09:00,3277.111328125,3277.111328125,3277.111328125,3277.111328125,19194,0.0,0.0
2002-01-09 00:00:00+09:00,3262.86279296875,3262.86279296875,3262.86279296875,3262.86279296875,39922,0.0,0.0
2002-01-10 00:00:00+09:00,3184.4973144531255,3184.4973144531255,3184.4973144531255,3184.497314453125,21369,0.0,0.0
2002-01-11 00:00:00+09:00,3205.8701171875,3205.8701171875,3205.8701171875,3205.8701171875,17637,0.0,0.0
2002-01-14 00:00:00+09:00,3134.6279296875,3134.6279296875,3134.6279296875,3134.6279296875,29131,0.0,0.0
2002-01-15 00:00:00+09:00,3113.256103515625,3113.256103515625,3113.256103515625,3113.256103515625,20034,0.0,0.0
2002-01-16 00:00:00+09:00,3163.124755859375,3163.124755859375,3163.124755859375,3163.124755859375,28218,0.0,0.0
2002-01-17 00:00:00+09:00,3156.00048828125,3156.00048828125,3156.00048828125,3156.00048828125,15076,0.0,0.0
2002-01-18 00:00:00+09:00,3063.3869628906245,3063.3869628906245,3063.3869628906245,3063.386962890625,39940,0.0,0.0
2002-01-21 00:00:00+09:00,3091.883056640625,3091.883056640625,3091.883056640625,3091.883056640625,11360,0.0,0.0
2002-01-22 00:00:00+09:00,3063.3869628906245,3063.3869628906245,3063.3869628906245,3063.386962890625,25142,0.0,0.0
2002-01-23 00:00:00+09:00,3099.007080078125,3099.007080078125,3099.007080078125,3099.007080078125,22460,0.0,0.0
2002-01-24 00:00:00+09:00,3077.634765625,3077.634765625,3077.634765625,3077.634765625,18637,0.0,0.0
2002-01-25 00:00:00+09:00,3027.7658691406255,3027.7658691406255,3027.7658691406255,3027.765869140625,29050,0.0,0.0
2002-01-28 00:00:00+09:00,3177.3732910156245,3177.3732910156245,3177.3732910156245,3177.373291015625,222481,0.0,0.0
2002-01-29 00:00:00+09:00,3177.3732910156245,3177.3732910156245,3177.3732910156245,3177.373291015625,102833,0.0,0.0
2002-01-30 00:00:00+09:00,3255.738525390625,3255.738525390625,3255.738525390625,3255.738525390625,62253,0.0,0.0
2002-01-31 00:00:00+09:00,3419.59423828125,3419.59423828125,3419.59423828125,3419.59423828125,72798,0.0,0.0
2002-02-01 00:00:00+09:00,3440.966796875,3440.966796875,3440.966796875,3440.966796875,48136,0.0,0.0
2002-02-04 00:00:00+09:00,3284.235107421875,3284.235107421875,3284.235107421875,3284.235107421875,51693,0.0,0.0
2002-02-05 00:00:00+09:00,3234.3662109375,3234.3662109375,3234.3662109375,3234.3662109375,28119,0.0,0.0
2002-02-06 00:00:00+09:00,3127.50390625,3127.50390625,3127.50390625,3127.50390625,36068,0.0,0.0
2002-02-07 00:00:00+09:00,3027.7658691406255,3027.7658691406255,3027.7658691406255,3027.765869140625,28590,0.0,0.0
2002-02-08 00:00:00+09:00,3034.89013671875,3034.89013671875,3034.89013671875,3034.89013671875,24517,0.0,0.0
2002-02-11 00:00:00+09:00,3034.89013671875,3034.89013671875,3034.89013671875,3034.89013671875,0,0.0,0.0
2002-02-12 00:00:00+09:00,3034.89013671875,3034.89013671875,3034.89013671875,3034.89013671875,0,0.0,0.0
2002-02-13 00:00:00+09:00,3034.89013671875,3034.89013671875,3034.89013671875,3034.89013671875,0,0.0,0.0
2002-02-14 00:00:00+09:00,3084.759033203125,3084.759033203125,3084.759033203125,3084.759033203125,41406,0.0,0.0
2002-02-15 00:00:00+09:00,3027.7658691406255,3027.7658691406255,3027.7658691406255,3027.765869140625,69351,0.0,0.0
2002-02-18 00:00:00+09:00,3027.7658691406255,3027.7658691406255,3027.7658691406255,3027.765869140625,47516,0.0,0.0
2002-02-19 00:00:00+09:00,2963.6484375,2963.6484375,2963.6484375,2963.6484375,32539,0.0,0.0
2002-02-20 00:00:00+09:00,2970.7724609375,2970.7724609375,2970.7724609375,2970.7724609375,40295,0.0,0.0
2002-02-21 00:00:00+09:00,3034.89013671875,3034.89013671875,3034.89013671875,3034.89013671875,72711,0.0,0.0
2002-02-22 00:00:00+09:00,3063.3869628906245,3063.3869628906245,3063.3869628906245,3063.386962890625,38697,0.0,0.0
2002-02-25 00:00:00+09:00,3063.3869628906245,3063.3869628906245,3063.3869628906245,3063.386962890625,39310,0.0,0.0
2002-02-26 00:00:00+09:00,3013.517578125,3013.517578125,3013.517578125,3013.517578125,31755,0.0,0.0
2002-02-27 00:00:00+09:00,2977.896484375,2977.896484375,2977.896484375,2977.896484375,29644,0.0,0.0
2002-02-28 00:00:00+09:00,2942.276123046875,2942.276123046875,2942.276123046875,2942.276123046875,32987,0.0,0.0
2002-03-01 00:00:00+09:00,2942.276123046875,2942.276123046875,2942.276123046875,2942.276123046875,0,0.0,0.0
2002-03-04 00:00:00+09:00,2970.7724609375,2970.7724609375,2970.7724609375,2970.7724609375,48629,0.0,0.0
2002-03-05 00:00:00+09:00,2920.903076171875,2920.903076171875,2920.903076171875,2920.903076171875,119629,0.0,0.0
2002-03-06 00:00:00+09:00,2999.269287109375,2999.269287109375,2999.269287109375,2999.269287109375,91595,0.0,0.0
2002-03-07 00:00:00+09:00,2992.144775390625,2992.144775390625,2992.144775390625,2992.144775390625,77707,0.0,0.0
2002-03-08 00:00:00+09:00,3312.73193359375,3312.73193359375,3312.73193359375,3312.73193359375,435427,0.0,0.0
2002-03-11 00:00:00+09:00,3312.73193359375,3312.73193359375,3312.73193359375,3312.73193359375,158760,0.0,0.0
2002-03-12 00:00:00+09:00,3134.6279296875,3134.6279296875,3134.6279296875,3134.6279296875,121826,0.0,0.0
2002-03-13 00:00:00+09:00,3099.007080078125,3099.007080078125,3099.007080078125,3099.007080078125,94848,0.0,0.0
2002-03-14 00:00:00+09:00,3191.6218261718745,3191.6218261718745,3191.6218261718745,3191.621826171875,74390,0.0,0.0
2002-03-15 00:00:00+09:00,3305.60791015625,3305.60791015625,3305.60791015625,3305.60791015625,198101,0.0,0.0
2002-03-18 00:00:00+09:00,3369.724853515625,3369.724853515625,3369.724853515625,3369.724853515625,177048,0.0,0.0
2002-03-19 00:00:00+09:00,3448.09033203125,3448.09033203125,3448.09033203125,3448.09033203125,126420,0.0,0.0
2002-03-20 00:00:00+09:00,3861.292724609375,3861.292724609375,3861.292724609375,3861.292724609375,467128,0.0,0.0
2002-03-21 00:00:00+09:00,3896.912109375,3896.912109375,3896.912109375,3896.912109375,314756,0.0,0.0
2002-03-22 00:00:00+09:00,4260.244140625,4260.244140625,4260.244140625,4260.244140625,226920,0.0,0.0
2002-03-25 00:00:00+09:00,4096.38818359375,4096.38818359375,4096.38818359375,4096.38818359375,93755,0.0,0.0
2002-03-26 00:00:00+09:00,4203.251953125,4203.251953125,4203.251953125,4203.251953125,252772,0.0,0.0
2002-03-27 00:00:00+09:00,4167.63037109375,4167.63037109375,4167.63037109375,4167.63037109375,78839,0.0,0.0
2002-03-28 00:00:00+09:00,4132.009765625,4132.009765625,4132.009765625,4132.009765625,108469,0.0,0.0
2002-03-29 00:00:00+09:00,3932.5334472656245,3932.5334472656245,3932.5334472656245,3932.533447265625,21168,0.0,0.0
2002-04-01 00:00:00+09:00,3761.5539550781255,3761.5539550781255,3761.5539550781255,3761.553955078125,71402,0.0,0.0
2002-04-02 00:00:00+09:00,4060.767822265625,4060.767822265625,4060.767822265625,4060.767822265625,99327,0.0,0.0
2002-04-03 00:00:00+09:00,3896.912109375,3896.912109375,3896.912109375,3896.912109375,51174,0.0,0.0
2002-04-04 00:00:00+09:00,3704.560546875,3704.560546875,3704.560546875,3704.560546875,44314,0.0,0.0
2002-04-05 00:00:00+09:00,3704.560546875,3704.560546875,3704.560546875,3704.560546875,0,0.0,0.0
2002-04-08 00:00:00+09:00,3611.946044921875,3611.946044921875,3611.946044921875,3611.946044921875,40895,0.0,0.0
2002-04-09 00:00:00+09:00,3768.67724609375,3768.67724609375,3768.67724609375,3768.67724609375,59958,0.0,0.0
2002-04-10 00:00:00+09:00,3640.443115234375,3640.443115234375,3640.443115234375,3640.443115234375,71420,0.0,0.0
2002-04-11 00:00:00+09:00,3562.07763671875,3562.07763671875,3562.07763671875,3562.07763671875,29548,0.0,0.0
2002-04-12 00:00:00+09:00,3704.560546875,3704.560546875,3704.560546875,3704.560546875,44464,0.0,0.0
2002-04-15 00:00:00+09:00,3847.0437011718755,3847.0437011718755,3847.0437011718755,3847.043701171875,42677,0.0,0.0
2002-04-16 00:00:00+09:00,3911.1611328125,3911.1611328125,3911.1611328125,3911.1611328125,43640,0.0,0.0
2002-04-17 00:00:00+09:00,3847.0437011718755,3847.0437011718755,3847.0437011718755,3847.043701171875,57843,0.0,0.0
2002-04-18 00:00:00+09:00,3711.68505859375,3711.68505859375,3711.68505859375,3711.68505859375,29206,0.0,0.0
2002-04-19 00:00:00+09:00,3725.9333496093755,3725.9333496093755,3725.9333496093755,3725.933349609375,39643,0.0,0.0
2002-04-22 00:00:00+09:00,3668.939453125,3668.939453125,3668.939453125,3668.939453125,24669,0.0,0.0
2002-04-23 00:00:00+09:00,3668.939453125,3668.939453125,3668.939453125,3668.939453125,13969,0.0,0.0
2002-04-24 00:00:00+09:00,3740.1813964843755,3740.1813964843755,3740.1813964843755,3740.181396484375,45086,0.0,0.0
2002-04-25 00:00:00+09:00,3619.0703125,3619.0703125,3619.0703125,3619.0703125,23879,0.0,0.0
2002-04-26 00:00:00+09:00,3768.67724609375,3768.67724609375,3768.67724609375,3768.67724609375,51349,0.0,0.0
2002-04-29 00:00:00+09:00,3918.28515625,3918.28515625,3918.28515625,3918.28515625,162018,0.0,0.0
2002-04-30 00:00:00+09:00,3818.546630859375,3818.546630859375,3818.546630859375,3818.546630859375,477624,0.0,0.0
2002-05-01 00:00:00+09:00,3818.546630859375,3818.546630859375,3818.546630859375,3818.546630859375,0,0.0,0.0
2002-05-02 00:00:00+09:00,3918.28515625,3918.28515625,3918.28515625,3918.28515625,186542,0.0,0.0
2002-05-03 00:00:00+09:00,3761.5539550781255,3761.5539550781255,3761.5539550781255,3761.553955078125,120510,0.0,0.0
2002-05-06 00:00:00+09:00,3597.6982421875,3597.6982421875,3597.6982421875,3597.6982421875,69329,0.0,0.0
2002-05-07 00:00:00+09:00,3476.58740234375,3476.58740234375,3476.58740234375,3476.58740234375,78766,0.0,0.0
2002-05-08 00:00:00+09:00,3455.2153320312495,3455.2153320312495,3455.2153320312495,3455.21533203125,88754,0.0,0.0
2002-05-09 00:00:00+09:00,3398.221435546875,3398.221435546875,3398.221435546875,3398.221435546875,83451,0.0,0.0
2002-05-10 00:00:00+09:00,3326.9804687499995,3326.9804687499995,3326.9804687499995,3326.98046875,22586,0.0,0.0
2002-05-13 00:00:00+09:00,3362.600830078125,3362.600830078125,3362.600830078125,3362.600830078125,31034,0.0,0.0
2002-05-14 00:00:00+09:00,3348.353271484375,3348.353271484375,3348.353271484375,3348.353271484375,50324,0.0,0.0
2002-05-15 00:00:00+09:00,3383.9736328125,3383.9736328125,3383.9736328125,3383.9736328125,82199,0.0,0.0
2002-05-16 00:00:00+09:00,3341.228515625,3341.228515625,3341.228515625,3341.228515625,43620,0.0,0.0
2002-05-17 00:00:00+09:00,3383.9736328125,3383.9736328125,3383.9736328125,3383.9736328125,86758,0.0,0.0
2002-05-20 00:00:00+09:00,3476.58740234375,3476.58740234375,3476.58740234375,3476.58740234375,57779,0.0,0.0
2002-05-21 00:00:00+09:00,3619.0703125,3619.0703125,3619.0703125,3619.0703125,339752,0.0,0.0
2002-05-22 00:00:00+09:00,3576.3259277343755,3576.3259277343755,3576.3259277343755,3576.325927734375,225331,0.0,0.0
2002-05-23 00:00:00+09:00,3711.68505859375,3711.68505859375,3711.68505859375,3711.68505859375,295593,0.0,0.0
2002-05-24 00:00:00+09:00,3875.540771484375,3875.540771484375,3875.540771484375,3875.540771484375,234243,0.0,0.0
2002-05-27 00:00:00+09:00,3683.188232421875,3683.188232421875,3683.188232421875,3683.188232421875,118362,0.0,0.0
2002-05-28 00:00:00+09:00,3483.7119140625,3483.7119140625,3483.7119140625,3483.7119140625,141988,0.0,0.0
2002-05-29 00:00:00+09:00,3419.59423828125,3419.59423828125,3419.59423828125,3419.59423828125,100762,0.0,0.0
2002-05-30 00:00:00+09:00,3341.228515625,3341.228515625,3341.228515625,3341.228515625,28736,0.0,0.0
2002-05-31 00:00:00+09:00,3205.8701171875,3205.8701171875,3205.8701171875,3205.8701171875,102994,0.0,0.0
2002-06-03 00:00:00+09:00,3170.249267578125,3170.249267578125,3170.249267578125,3170.249267578125,27245,0.0,0.0
2002-06-04 00:00:00+09:00,3205.8701171875,3205.8701171875,3205.8701171875,3205.8701171875,11336,0.0,0.0
2002-06-05 00:00:00+09:00,3234.3662109375,3234.3662109375,3234.3662109375,3234.3662109375,19668,0.0,0.0
2002-06-06 00:00:00+09:00,3234.3662109375,3234.3662109375,3234.3662109375,3234.3662109375,0,0.0,0.0
2002-06-07 00:00:00+09:00,3319.856201171875,3319.856201171875,3319.856201171875,3319.856201171875,24730,0.0,0.0
2002-06-10 00:00:00+09:00,3319.856201171875,3319.856201171875,3319.856201171875,3319.856201171875,18046,0.0,0.0
2002-06-11 00:00:00+09:00,3284.235107421875,3284.235107421875,3284.235107421875,3284.235107421875,27863,0.0,0.0
2002-06-12 00:00:00+09:00,3647.5673828125,3647.5673828125,3647.5673828125,3647.5673828125,91775,0.0,0.0
2002-06-13 00:00:00+09:00,3647.5673828125,3647.5673828125,3647.5673828125,3647.5673828125,0,0.0,0.0
2002-06-14 00:00:00+09:00,3497.960205078125,3497.960205078125,3497.960205078125,3497.960205078125,98241,0.0,0.0
2002-06-17 00:00:00+09:00,3277.111328125,3277.111328125,3277.111328125,3277.111328125,36804,0.0,0.0
2002-06-18 00:00:00+09:00,3277.111328125,3277.111328125,3277.111328125,3277.111328125,43063,0.0,0.0
2002-06-19 00:00:00+09:00,3077.634765625,3077.634765625,3077.634765625,3077.634765625,43653,0.0,0.0
2002-06-20 00:00:00+09:00,3049.13818359375,3049.13818359375,3049.13818359375,3049.13818359375,28194,0.0,0.0
2002-06-21 00:00:00+09:00,3027.7658691406255,3027.7658691406255,3027.7658691406255,3027.765869140625,38063,0.0,0.0
2002-06-24 00:00:00+09:00,2928.027587890625,2928.027587890625,2928.027587890625,2928.027587890625,14840,0.0,0.0
2002-06-25 00:00:00+09:00,2778.420166015625,2778.420166015625,2778.420166015625,2778.420166015625,17479,0.0,0.0
2002-06-26 00:00:00+09:00,2450.708984375,2450.708984375,2450.708984375,2450.708984375,65497,0.0,0.0
2002-06-27 00:00:00+09:00,2422.212646484375,2422.212646484375,2422.212646484375,2422.212646484375,31363,0.0,0.0
2002-06-28 00:00:00+09:00,2500.578369140625,2500.578369140625,2500.578369140625,2500.578369140625,56179,0.0,0.0
2002-07-01 00:00:00+09:00,2500.578369140625,2500.578369140625,2500.578369140625,2500.578369140625,0,0.0,0.0
2002-07-02 00:00:00+09:00,2543.3232421875,2543.3232421875,2543.3232421875,2543.3232421875,22814,0.0,0.0
2002-07-03 00:00:00+09:00,2671.558349609375,2671.558349609375,2671.558349609375,2671.558349609375,26396,0.0,0.0
2002-07-04 00:00:00+09:00,2778.420166015625,2778.420166015625,2778.420166015625,2778.420166015625,27654,0.0,0.0
2002-07-05 00:00:00+09:00,2714.302978515625,2714.302978515625,2714.302978515625,2714.302978515625,45799,0.0,0.0
2002-07-08 00:00:00+09:00,2849.662109375,2849.662109375,2849.662109375,2849.662109375,45912,0.0,0.0
2002-07-09 00:00:00+09:00,2785.544677734375,2785.544677734375,2785.544677734375,2785.544677734375,50165,0.0,0.0
2002-07-10 00:00:00+09:00,2778.420166015625,2778.420166015625,2778.420166015625,2778.420166015625,30877,0.0,0.0
2002-07-11 00:00:00+09:00,2671.558349609375,2671.558349609375,2671.558349609375,2671.558349609375,50693,0.0,0.0
2002-07-12 00:00:00+09:00,2728.55126953125,2728.55126953125,2728.55126953125,2728.55126953125,24011,0.0,0.0
2002-07-15 00:00:00+09:00,2707.178955078125,2707.178955078125,2707.178955078125,2707.178955078125,40723,0.0,0.0
2002-07-16 00:00:00+09:00,2635.937255859375,2635.937255859375,2635.937255859375,2635.937255859375,19530,0.0,0.0
2002-07-17 00:00:00+09:00,2635.937255859375,2635.937255859375,2635.937255859375,2635.937255859375,0,0.0,0.0
2002-07-18 00:00:00+09:00,2728.55126953125,2728.55126953125,2728.55126953125,2728.55126953125,20972,0.0,0.0
2002-07-19 00:00:00+09:00,2707.178955078125,2707.178955078125,2707.178955078125,2707.178955078125,20508,0.0,0.0
2002-07-22 00:00:00+09:00,2564.69580078125,2564.69580078125,2564.69580078125,2564.69580078125,15910,0.0,0.0
2002-07-23 00:00:00+09:00,2571.820068359375,2571.820068359375,2571.820068359375,2571.820068359375,22730,0.0,0.0
2002-07-24 00:00:00+09:00,2472.081787109375,2472.081787109375,2472.081787109375,2472.081787109375,11734,0.0,0.0
2002-07-25 00:00:00+09:00,2543.3232421875,2543.3232421875,2543.3232421875,2543.3232421875,54510,0.0,0.0
2002-07-26 00:00:00+09:00,2500.578369140625,2500.578369140625,2500.578369140625,2500.578369140625,12547,0.0,0.0
2002-07-29 00:00:00+09:00,2422.212646484375,2422.212646484375,2422.212646484375,2422.212646484375,20027,0.0,0.0
2002-07-30 00:00:00+09:00,2415.088623046875,2415.088623046875,2415.088623046875,2415.088623046875,63041,0.0,0.0
2002-07-31 00:00:00+09:00,2400.84033203125,2400.84033203125,2400.84033203125,2400.84033203125,20810,0.0,0.0
2002-08-01 00:00:00+09:00,2457.833740234375,2457.833740234375,2457.833740234375,2457.833740234375,25393,0.0,0.0
2002-08-02 00:00:00+09:00,2472.081787109375,2472.081787109375,2472.081787109375,2472.081787109375,43077,0.0,0.0
2002-08-05 00:00:00+09:00,2407.964599609375,2407.964599609375,2407.964599609375,2407.964599609375,16668,0.0,0.0
2002-08-06 00:00:00+09:00,2265.481201171875,2265.481201171875,2265.481201171875,2265.481201171875,50783,0.0,0.0
2002-08-07 00:00:00+09:00,2286.853515625,2286.853515625,2286.853515625,2286.853515625,13905,0.0,0.0
2002-08-08 00:00:00+09:00,2301.101806640625,2301.101806640625,2301.101806640625,2301.101806640625,26510,0.0,0.0
2002-08-09 00:00:00+09:00,2301.101806640625,2301.101806640625,2301.101806640625,2301.101806640625,16123,0.0,0.0
2002-08-12 00:00:00+09:00,2308.226318359375,2308.226318359375,2308.226318359375,2308.226318359375,8549,0.0,0.0
2002-08-13 00:00:00+09:00,2315.35009765625,2315.35009765625,2315.35009765625,2315.35009765625,23306,0.0,0.0
2002-08-14 00:00:00+09:00,2365.219482421875,2365.219482421875,2365.219482421875,2365.219482421875,24486,0.0,0.0
2002-08-15 00:00:00+09:00,2365.219482421875,2365.219482421875,2365.219482421875,2365.219482421875,0,0.0,0.0
2002-08-16 00:00:00+09:00,2493.454345703125,2493.454345703125,2493.454345703125,2493.454345703125,57927,0.0,0.0
2002-08-19 00:00:00+09:00,2521.950927734375,2521.950927734375,2521.950927734375,2521.950927734375,20904,0.0,0.0
2002-08-20 00:00:00+09:00,2593.192138671875,2593.192138671875,2593.192138671875,2593.192138671875,27302,0.0,0.0
2002-08-21 00:00:00+09:00,2600.316650390625,2600.316650390625,2600.316650390625,2600.316650390625,12527,0.0,0.0
2002-08-22 00:00:00+09:00,2707.178955078125,2707.178955078125,2707.178955078125,2707.178955078125,62746,0.0,0.0
2002-08-23 00:00:00+09:00,2778.420166015625,2778.420166015625,2778.420166015625,2778.420166015625,35829,0.0,0.0
2002-08-26 00:00:00+09:00,2849.662109375,2849.662109375,2849.662109375,2849.662109375,32892,0.0,0.0
2002-08-27 00:00:00+09:00,2707.178955078125,2707.178955078125,2707.178955078125,2707.178955078125,29627,0.0,0.0
2002-08-28 00:00:00+09:00,2764.172119140625,2764.172119140625,2764.172119140625,2764.172119140625,23070,0.0,0.0
2002-08-29 00:00:00+09:00,2735.67578125,2735.67578125,2735.67578125,2735.67578125,19887,0.0,0.0
2002-08-30 00:00:00+09:00,2792.66845703125,2792.66845703125,2792.66845703125,2792.66845703125,15630,0.0,0.0
2002-09-02 00:00:00+09:00,2849.662109375,2849.662109375,2849.662109375,2849.662109375,21959,0.0,0.0
2002-09-03 00:00:00+09:00,2849.662109375,2849.662109375,2849.662109375,2849.662109375,7520,0.0,0.0
2002-09-04 00:00:00+09:00,2778.420166015625,2778.420166015625,2778.420166015625,2778.420166015625,12090,0.0,0.0
2002-09-05 00:00:00+09:00,2849.662109375,2849.662109375,2849.662109375,2849.662109375,32760,0.0,0.0
2002-09-06 00:00:00+09:00,2885.28271484375,2885.28271484375,2885.28271484375,2885.28271484375,20542,0.0,0.0
2002-09-09 00:00:00+09:00,2849.662109375,2849.662109375,2849.662109375,2849.662109375,19400,0.0,0.0
2002-09-10 00:00:00+09:00,2913.779052734375,2913.779052734375,2913.779052734375,2913.779052734375,14956,0.0,0.0
2002-09-11 00:00:00+09:00,2899.53076171875,2899.53076171875,2899.53076171875,2899.53076171875,15535,0.0,0.0
2002-09-12 00:00:00+09:00,2799.793212890625,2799.793212890625,2799.793212890625,2799.793212890625,7578,0.0,0.0
2002-09-13 00:00:00+09:00,2771.29638671875,2771.29638671875,2771.29638671875,2771.29638671875,34525,0.0,0.0
2002-09-16 00:00:00+09:00,2885.28271484375,2885.28271484375,2885.28271484375,2885.28271484375,6936,0.0,0.0
2002-09-17 00:00:00+09:00,2878.15869140625,2878.15869140625,2878.15869140625,2878.15869140625,21808,0.0,0.0
2002-09-18 00:00:00+09:00,2885.28271484375,2885.28271484375,2885.28271484375,2885.28271484375,13831,0.0,0.0
2002-09-19 00:00:00+09:00,2899.53076171875,2899.53076171875,2899.53076171875,2899.53076171875,11415,0.0,0.0
2002-09-20 00:00:00+09:00,2899.53076171875,2899.53076171875,2899.53076171875,2899.53076171875,0,0.0,0.0
2002-09-23 00:00:00+09:00,2785.544677734375,2785.544677734375,2785.544677734375,2785.544677734375,5626,0.0,0.0
2002-09-24 00:00:00+09:00,2814.041015625,2814.041015625,2814.041015625,2814.041015625,13089,0.0,0.0
2002-09-25 00:00:00+09:00,2749.92333984375,2749.92333984375,2749.92333984375,2749.92333984375,12771,0.0,0.0
2002-09-26 00:00:00+09:00,2749.92333984375,2749.92333984375,2749.92333984375,2749.92333984375,7221,0.0,0.0
2002-09-27 00:00:00+09:00,2742.799560546875,2742.799560546875,2742.799560546875,2742.799560546875,1479,0.0,0.0
2002-09-30 00:00:00+09:00,2529.07470703125,2529.07470703125,2529.07470703125,2529.07470703125,10620,0.0,0.0
2002-10-01 00:00:00+09:00,2493.454345703125,2493.454345703125,2493.454345703125,2493.454345703125,4955,0.0,0.0
2002-10-02 00:00:00+09:00,2557.57177734375,2557.57177734375,2557.57177734375,2557.57177734375,1302,0.0,0.0
2002-10-03 00:00:00+09:00,2557.57177734375,2557.57177734375,2557.57177734375,2557.57177734375,0,0.0,0.0
2002-10-04 00:00:00+09:00,2600.316650390625,2600.316650390625,2600.316650390625,2600.316650390625,4810,0.0,0.0
2002-10-07 00:00:00+09:00,2600.316650390625,2600.316650390625,2600.316650390625,2600.316650390625,5892,0.0,0.0
2002-10-08 00:00:00+09:00,2464.957763671875,2464.957763671875,2464.957763671875,2464.957763671875,10559,0.0,0.0
2002-10-09 00:00:00+09:00,2393.7158203125,2393.7158203125,2393.7158203125,2393.7158203125,14457,0.0,0.0
2002-10-10 00:00:00+09:00,2315.35009765625,2315.35009765625,2315.35009765625,2315.35009765625,6049,0.0,0.0
2002-10-11 00:00:00+09:00,2372.343505859375,2372.343505859375,2372.343505859375,2372.343505859375,9194,0.0,0.0
2002-10-14 00:00:00+09:00,2564.69580078125,2564.69580078125,2564.69580078125,2564.69580078125,7192,0.0,0.0
2002-10-15 00:00:00+09:00,2422.212646484375,2422.212646484375,2422.212646484375,2422.212646484375,44461,0.0,0.0
2002-10-16 00:00:00+09:00,2450.708984375,2450.708984375,2450.708984375,2450.708984375,5177,0.0,0.0
2002-10-17 00:00:00+09:00,2436.461181640625,2436.461181640625,2436.461181640625,2436.461181640625,8460,0.0,0.0
2002-10-18 00:00:00+09:00,2493.454345703125,2493.454345703125,2493.454345703125,2493.454345703125,15176,0.0,0.0
2002-10-21 00:00:00+09:00,2472.081787109375,2472.081787109375,2472.081787109375,2472.081787109375,5676,0.0,0.0
2002-10-22 00:00:00+09:00,2436.461181640625,2436.461181640625,2436.461181640625,2436.461181640625,5311,0.0,0.0
2002-10-23 00:00:00+09:00,2415.088623046875,2415.088623046875,2415.088623046875,2415.088623046875,6015,0.0,0.0
2002-10-24 00:00:00+09:00,2386.592041015625,2386.592041015625,2386.592041015625,2386.592041015625,2759,0.0,0.0
2002-10-25 00:00:00+09:00,2379.468017578125,2379.468017578125,2379.468017578125,2379.468017578125,3338,0.0,0.0
2002-10-28 00:00:00+09:00,2393.7158203125,2393.7158203125,2393.7158203125,2393.7158203125,9994,0.0,0.0
2002-10-29 00:00:00+09:00,2322.47412109375,2322.47412109375,2322.47412109375,2322.47412109375,15908,0.0,0.0
2002-10-30 00:00:00+09:00,2372.343505859375,2372.343505859375,2372.343505859375,2372.343505859375,7483,0.0,0.0
2002-10-31 00:00:00+09:00,2400.84033203125,2400.84033203125,2400.84033203125,2400.84033203125,6683,0.0,0.0
2002-11-01 00:00:00+09:00,2350.97119140625,2350.97119140625,2350.97119140625,2350.97119140625,6986,0.0,0.0
2002-11-04 00:00:00+09:00,2379.468017578125,2379.468017578125,2379.468017578125,2379.468017578125,1355,0.0,0.0
2002-11-05 00:00:00+09:00,2329.5986328125,2329.5986328125,2329.5986328125,2329.5986328125,24564,0.0,0.0
2002-11-06 00:00:00+09:00,2457.833740234375,2457.833740234375,2457.833740234375,2457.833740234375,43589,0.0,0.0
2002-11-07 00:00:00+09:00,2493.454345703125,2493.454345703125,2493.454345703125,2493.454345703125,14185,0.0,0.0
2002-11-08 00:00:00+09:00,2400.84033203125,2400.84033203125,2400.84033203125,2400.84033203125,18094,0.0,0.0
2002-11-11 00:00:00+09:00,2407.964599609375,2407.964599609375,2407.964599609375,2407.964599609375,12610,0.0,0.0
2002-11-12 00:00:00+09:00,2336.722900390625,2336.722900390625,2336.722900390625,2336.722900390625,32339,0.0,0.0
2002-11-13 00:00:00+09:00,2350.97119140625,2350.97119140625,2350.97119140625,2350.97119140625,2793,0.0,0.0
2002-11-14 00:00:00+09:00,2415.088623046875,2415.088623046875,2415.088623046875,2415.088623046875,3444,0.0,0.0
2002-11-15 00:00:00+09:00,2422.212646484375,2422.212646484375,2422.212646484375,2422.212646484375,7511,0.0,0.0
2002-11-18 00:00:00+09:00,2350.97119140625,2350.97119140625,2350.97119140625,2350.97119140625,17000,0.0,0.0
2002-11-19 00:00:00+09:00,2400.84033203125,2400.84033203125,2400.84033203125,2400.84033203125,17454,0.0,0.0
2002-11-20 00:00:00+09:00,2400.84033203125,2400.84033203125,2400.84033203125,2400.84033203125,4212,0.0,0.0
2002-11-21 00:00:00+09:00,2415.088623046875,2415.088623046875,2415.088623046875,2415.088623046875,8782,0.0,0.0
2002-11-22 00:00:00+09:00,2365.219482421875,2365.219482421875,2365.219482421875,2365.219482421875,3914,0.0,0.0
2002-11-25 00:00:00+09:00,2422.212646484375,2422.212646484375,2422.212646484375,2422.212646484375,10297,0.0,0.0
2002-11-26 00:00:00+09:00,2422.212646484375,2422.212646484375,2422.212646484375,2422.212646484375,5809,0.0,0.0
2002-11-27 00:00:00+09:00,2429.337158203125,2429.337158203125,2429.337158203125,2429.337158203125,15296,0.0,0.0
2002-11-28 00:00:00+09:00,2536.19921875,2536.19921875,2536.19921875,2536.19921875,13075,0.0,0.0
2002-11-29 00:00:00+09:00,2536.19921875,2536.19921875,2536.19921875,2536.19921875,2804,0.0,0.0
2002-12-02 00:00:00+09:00,2564.69580078125,2564.69580078125,2564.69580078125,2564.69580078125,2033,0.0,0.0
2002-12-03 00:00:00+09:00,2521.950927734375,2521.950927734375,2521.950927734375,2521.950927734375,4992,0.0,0.0
2002-12-04 00:00:00+09:00,2472.081787109375,2472.081787109375,2472.081787109375,2472.081787109375,15757,0.0,0.0
2002-12-05 00:00:00+09:00,2443.585205078125,2443.585205078125,2443.585205078125,2443.585205078125,10966,0.0,0.0
2002-12-06 00:00:00+09:00,2457.833740234375,2457.833740234375,2457.833740234375,2457.833740234375,11787,0.0,0.0
2002-12-09 00:00:00+09:00,2514.82666015625,2514.82666015625,2514.82666015625,2514.82666015625,11897,0.0,0.0
2002-12-10 00:00:00+09:00,2550.447509765625,2550.447509765625,2550.447509765625,2550.447509765625,7036,0.0,0.0
2002-12-11 00:00:00+09:00,2707.178955078125,2707.178955078125,2707.178955078125,2707.178955078125,26342,0.0,0.0
2002-12-12 00:00:00+09:00,2778.420166015625,2778.420166015625,2778.420166015625,2778.420166015625,7184,0.0,0.0
2002-12-13 00:00:00+09:00,2778.420166015625,2778.420166015625,2778.420166015625,2778.420166015625,11598,0.0,0.0
2002-12-16 00:00:00+09:00,2707.178955078125,2707.178955078125,2707.178955078125,2707.178955078125,6262,0.0,0.0
2002-12-17 00:00:00+09:00,2757.0478515625,2757.0478515625,2757.0478515625,2757.0478515625,9840,0.0,0.0
2002-12-18 00:00:00+09:00,2778.420166015625,2778.420166015625,2778.420166015625,2778.420166015625,4082,0.0,0.0
2002-12-19 00:00:00+09:00,2778.420166015625,2778.420166015625,2778.420166015625,2778.420166015625,0,0.0,0.0
2002-12-20 00:00:00+09:00,2849.662109375,2849.662109375,2849.662109375,2849.662109375,7601,0.0,0.0
2002-12-23 00:00:00+09:00,2721.42724609375,2721.42724609375,2721.42724609375,2721.42724609375,5342,0.0,0.0
2002-12-24 00:00:00+09:00,2607.4404296875,2607.4404296875,2607.4404296875,2607.4404296875,1521,0.0,0.0
2002-12-25 00:00:00+09:00,2607.4404296875,2607.4404296875,2607.4404296875,2607.4404296875,0,0.0,0.0
2002-12-26 00:00:00+09:00,2707.178955078125,2707.178955078125,2707.178955078125,2707.178955078125,4941,0.0,0.0
2002-12-27 00:00:00+09:00,2833.96142578125,2833.96142578125,2833.96142578125,2833.96142578125,1904,170.0,0.0
2002-12-30 00:00:00+09:00,2722.094482421875,2722.094482421875,2722.094482421875,2722.094482421875,7410,0.0,0.0
2002-12-31 00:00:00+09:00,2722.094482421875,2722.094482421875,2722.094482421875,2722.094482421875,0,0.0,0.0
2003-01-01 00:00:00+09:00,2722.094482421875,2722.094482421875,2722.094482421875,2722.094482421875,0,0.0,0.0
2003-01-02 00:00:00+09:00,2684.80517578125,2684.80517578125,2684.80517578125,2684.80517578125,4124,0.0,0.0
2003-01-03 00:00:00+09:00,2796.67236328125,2796.67236328125,2796.67236328125,2796.67236328125,5434,0.0,0.0
2003-01-06 00:00:00+09:00,2632.6005859375,2632.6005859375,2632.6005859375,2632.6005859375,1547,0.0,0.0
2003-01-07 00:00:00+09:00,2707.178955078125,2707.178955078125,2707.178955078125,2707.178955078125,1146,0.0,0.0
2003-01-08 00:00:00+09:00,2729.552490234375,2729.552490234375,2729.552490234375,2729.552490234375,3337,0.0,0.0
2003-01-09 00:00:00+09:00,2602.77001953125,2602.77001953125,2602.77001953125,2602.77001953125,6741,0.0,0.0
2003-01-10 00:00:00+09:00,2431.24072265625,2431.24072265625,2431.24072265625,2431.24072265625,3361,0.0,0.0
2003-01-13 00:00:00+09:00,2610.227294921875,2610.227294921875,2610.227294921875,2610.227294921875,1871,0.0,0.0
2003-01-14 00:00:00+09:00,2535.649658203125,2535.649658203125,2535.649658203125,2535.649658203125,2687,0.0,0.0
2003-01-15 00:00:00+09:00,2610.227294921875,2610.227294921875,2610.227294921875,2610.227294921875,8630,0.0,0.0
2003-01-16 00:00:00+09:00,2535.649658203125,2535.649658203125,2535.649658203125,2535.649658203125,2250,0.0,0.0
2003-01-17 00:00:00+09:00,2580.39599609375,2580.39599609375,2580.39599609375,2580.39599609375,4753,0.0,0.0
2003-01-20 00:00:00+09:00,2535.649658203125,2535.649658203125,2535.649658203125,2535.649658203125,3201,0.0,0.0
2003-01-21 00:00:00+09:00,2558.023193359375,2558.023193359375,2558.023193359375,2558.023193359375,845,0.0,0.0
2003-01-22 00:00:00+09:00,2468.529052734375,2468.529052734375,2468.529052734375,2468.529052734375,3174,0.0,0.0
2003-01-23 00:00:00+09:00,2535.649658203125,2535.649658203125,2535.649658203125,2535.649658203125,2904,0.0,0.0
2003-01-24 00:00:00+09:00,2528.19140625,2528.19140625,2528.19140625,2528.19140625,20581,0.0,0.0
2003-01-27 00:00:00+09:00,2535.649658203125,2535.649658203125,2535.649658203125,2535.649658203125,1008,0.0,0.0
2003-01-28 00:00:00+09:00,2520.734130859375,2520.734130859375,2520.734130859375,2520.734130859375,8459,0.0,0.0
2003-01-29 00:00:00+09:00,2498.360595703125,2498.360595703125,2498.360595703125,2498.360595703125,3995,0.0,0.0
2003-01-30 00:00:00+09:00,2520.734130859375,2520.734130859375,2520.734130859375,2520.734130859375,824,0.0,0.0
2003-01-31 00:00:00+09:00,2520.734130859375,2520.734130859375,2520.734130859375,2520.734130859375,0,0.0,0.0
2003-02-03 00:00:00+09:00,2535.649658203125,2535.649658203125,2535.649658203125,2535.649658203125,217,0.0,0.0
2003-02-04 00:00:00+09:00,2535.649658203125,2535.649658203125,2535.649658203125,2535.649658203125,101,0.0,0.0
2003-02-05 00:00:00+09:00,2483.445068359375,2483.445068359375,2483.445068359375,2483.445068359375,3749,0.0,0.0
2003-02-06 00:00:00+09:00,2490.903076171875,2490.903076171875,2490.903076171875,2490.903076171875,1458,0.0,0.0
2003-02-07 00:00:00+09:00,2483.445068359375,2483.445068359375,2483.445068359375,2483.445068359375,1300,0.0,0.0
2003-02-10 00:00:00+09:00,2461.07177734375,2543.107503255208,2461.07177734375,2461.07177734375,1010,0.0,0.0
2003-02-11 00:00:00+09:00,2483.445068359375,2535.6496193459084,2408.867138378613,2483.445068359375,2036,0.0,0.0
2003-02-12 00:00:00+09:00,2610.227294921875,2610.227294921875,2386.493526785714,2610.227294921875,14410,0.0,0.0
2003-02-13 00:00:00+09:00,2684.80517578125,2722.0941365559897,2535.6493326822915,2684.80517578125,15477,0.0,0.0
2003-02-14 00:00:00+09:00,2714.63671875,2759.3834778502746,2610.2276141826924,2714.63671875,14236,0.0,0.0
2003-02-17 00:00:00+09:00,2789.214599609375,2796.672392656459,2707.1788760914524,2789.214599609375,11300,0.0,0.0
2003-02-18 00:00:00+09:00,2684.80517578125,2833.9610188802085,2610.227254231771,2684.80517578125,15733,0.0,0.0
2003-02-19 00:00:00+09:00,2759.38330078125,2759.38330078125,2535.649519636824,2759.38330078125,12577,0.0,0.0
2003-02-20 00:00:00+09:00,2759.38330078125,2796.672264305321,2692.2631664379223,2759.38330078125,2203,0.0,0.0
2003-02-21 00:00:00+09:00,2759.38330078125,2975.6592892208614,2535.649519636824,2759.38330078125,7046,0.0,0.0
2003-02-24 00:00:00+09:00,2654.974853515625,2833.9619222919596,2647.517058983278,2654.974853515625,7456,0.0,0.0
2003-02-25 00:00:00+09:00,2684.80517578125,2722.0941365559897,2625.1428385416666,2684.80517578125,4014,0.0,0.0
2003-02-26 00:00:00+09:00,2684.80517578125,2751.925305175781,2610.227254231771,2684.80517578125,3137,0.0,0.0
2003-02-27 00:00:00+09:00,2610.227294921875,2684.8052176339284,2535.649372209821,2610.227294921875,4302,0.0,0.0
2003-02-28 00:00:00+09:00,2722.094482421875,2751.9256548319777,2610.22758588399,2722.094482421875,1278,0.0,0.0
2003-03-03 00:00:00+09:00,2714.63671875,2714.63671875,2550.5652687156594,2714.63671875,2746,0.0,0.0
2003-03-04 00:00:00+09:00,2610.227294921875,2722.0941789899553,2610.227294921875,2610.227294921875,2992,0.0,0.0
2003-03-05 00:00:00+09:00,2647.516357421875,2684.805320202465,2610.227394641285,2647.516357421875,3643,0.0,0.0
2003-03-06 00:00:00+09:00,2669.889892578125,2677.3476855741533,2550.5652046416726,2669.889892578125,1905,0.0,0.0
2003-03-07 00:00:00+09:00,2647.516357421875,2684.805320202465,2602.769602085167,2647.516357421875,6889,0.0,0.0
2003-03-10 00:00:00+09:00,2610.227294921875,2647.5162562779014,2461.071449497768,2610.227294921875,4114,0.0,0.0
2003-03-11 00:00:00+09:00,2468.529052734375,2543.1069697354133,2468.529052734375,2468.529052734375,1742,0.0,0.0
2003-03-12 00:00:00+09:00,2610.227294921875,2610.227294921875,2468.529241768973,2610.227294921875,6517,0.0,0.0
2003-03-13 00:00:00+09:00,2587.8544921875,2587.8544921875,2587.8544921875,2587.8544921875,230,0.0,0.0
2003-03-14 00:00:00+09:00,2640.05908203125,2722.0948162186614,2498.3609957075387,2640.05908203125,1544,0.0,0.0
2003-03-17 00:00:00+09:00,2535.649658203125,2632.6009686638326,2386.4937959558824,2535.649658203125,6967,0.0,0.0
2003-03-18 00:00:00+09:00,2572.93896484375,2669.890288156703,2535.649994338768,2572.93896484375,4414,0.0,0.0
2003-03-19 00:00:00+09:00,2535.649658203125,2647.516554888557,2408.8671752929686,2535.649658203125,3290,0.0,0.0
2003-03-20 00:00:00+09:00,2558.023193359375,2587.854367625957,2498.360844826212,2558.023193359375,4733,0.0,0.0
2003-03-21 00:00:00+09:00,2535.649658203125,2610.227589326746,2393.9515890682446,2535.649658203125,5103,0.0,0.0
2003-03-24 00:00:00+09:00,2580.39599609375,2625.1427474710986,2535.649244716402,2580.39599609375,12289,0.0,0.0
2003-03-25 00:00:00+09:00,2662.431884765625,2662.431884765625,2572.938376034007,2662.431884765625,4329,0.0,0.0
2003-03-26 00:00:00+09:00,2684.80517578125,2722.0941365559897,2595.311669921875,2684.80517578125,9104,0.0,0.0
2003-03-27 00:00:00+09:00,2610.227294921875,2699.720802176339,2610.227294921875,2610.227294921875,5219,0.0,0.0
2003-03-28 00:00:00+09:00,2550.565185546875,2699.721044350786,2543.1073926066797,2550.565185546875,1160,0.0,0.0
2003-03-31 00:00:00+09:00,2572.93896484375,2632.601317651721,2490.90322973279,2572.93896484375,1070,0.0,0.0
2003-04-01 00:00:00+09:00,2461.07177734375,2595.3120561079545,2461.07177734375,2461.07177734375,5951,0.0,0.0
2003-04-02 00:00:00+09:00,2528.19140625,2535.64919800885,2528.19140625,2528.19140625,651,0.0,0.0
2003-04-03 00:00:00+09:00,2535.649658203125,2558.023037540211,2505.818485753676,2535.649658203125,162,0.0,0.0
2003-04-04 00:00:00+09:00,2498.360595703125,2565.480731110075,2498.360595703125,2498.360595703125,2876,0.0,0.0
2003-04-07 00:00:00+09:00,2490.903076171875,2528.192044378041,2453.6141079657095,2490.903076171875,4798,0.0,0.0
2003-04-08 00:00:00+09:00,2490.903076171875,2505.8186634543413,2453.6141079657095,2490.903076171875,3186,0.0,0.0
2003-04-09 00:00:00+09:00,2490.903076171875,2490.903076171875,2446.156314324476,2490.903076171875,589,0.0,0.0
2003-04-10 00:00:00+09:00,2535.649658203125,2572.9386237649355,2468.5295201918657,2535.649658203125,5014,0.0,0.0
2003-04-11 00:00:00+09:00,2558.023193359375,2610.227748325893,2468.52967055963,2558.023193359375,1487,0.0,0.0
2003-04-14 00:00:00+09:00,2468.529052734375,2520.733594635102,2438.6978859339597,2468.529052734375,7894,0.0,0.0
2003-04-15 00:00:00+09:00,2498.360595703125,2535.6495598180973,2461.071631588153,2498.360595703125,9174,0.0,0.0
2003-04-16 00:00:00+09:00,2520.734130859375,2565.4808905787722,2490.90295771311,2520.734130859375,4842,0.0,0.0
2003-04-17 00:00:00+09:00,2558.023193359375,2610.227748325893,2513.2764319595026,2558.023193359375,12444,0.0,0.0
2003-04-18 00:00:00+09:00,2572.93896484375,2602.7701412477354,2535.649994338768,2572.93896484375,5391,0.0,0.0
2003-04-21 00:00:00+09:00,2543.107177734375,2580.3961392847323,2505.8182161840173,2543.107177734375,9048,0.0,0.0
2003-04-22 00:00:00+09:00,2535.649658203125,2602.7697962143843,2528.191865090763,2535.649658203125,3709,0.0,0.0
2003-04-23 00:00:00+09:00,2535.649658203125,2572.9386237649355,2513.2762788660384,2535.649658203125,6694,0.0,0.0
2003-04-24 00:00:00+09:00,2498.360595703125,2565.480731110075,2498.360595703125,2498.360595703125,776,0.0,0.0
2003-04-25 00:00:00+09:00,2461.07177734375,2535.64970999053,2364.1204649029355,2461.07177734375,5669,0.0,0.0
2003-04-28 00:00:00+09:00,2453.61376953125,2490.9027325940347,2393.951428630794,2453.61376953125,2303,0.0,0.0
2003-04-29 00:00:00+09:00,2468.529052734375,2475.986844434479,2431.240094233856,2468.529052734375,6430,0.0,0.0
2003-04-30 00:00:00+09:00,2461.07177734375,2498.36074366714,2453.613984079072,2461.07177734375,917,0.0,0.0
2003-05-01 00:00:00+09:00,2461.07177734375,2461.07177734375,2461.07177734375,2461.07177734375,0,0.0,0.0
2003-05-02 00:00:00+09:00,2461.07177734375,2461.07177734375,2438.6983975497155,2461.07177734375,2297,0.0,0.0
2003-05-05 00:00:00+09:00,2461.07177734375,2461.07177734375,2461.07177734375,2461.07177734375,0,0.0,0.0
2003-05-06 00:00:00+09:00,2461.07177734375,2498.36074366714,2423.7828110203595,2461.07177734375,233,0.0,0.0
2003-05-07 00:00:00+09:00,2490.903076171875,2498.3608698131084,2461.0719016069424,2490.903076171875,5215,0.0,0.0
2003-05-08 00:00:00+09:00,2490.903076171875,2490.903076171875,2490.903076171875,2490.903076171875,0,0.0,0.0
2003-05-09 00:00:00+09:00,2498.360595703125,2528.1917669951026,2461.071631588153,2498.360595703125,275,0.0,0.0
2003-05-12 00:00:00+09:00,2513.276611328125,2535.649993624814,2498.361023130332,2513.276611328125,6199,0.0,0.0
2003-05-13 00:00:00+09:00,2475.987548828125,2535.649899402297,2416.3251982539537,2475.987548828125,8180,0.0,0.0
2003-05-14 00:00:00+09:00,2475.987548828125,2483.4453426498967,2386.4940229668678,2475.987548828125,4673,0.0,0.0
2003-05-15 00:00:00+09:00,2446.156005859375,2498.3605547649104,2446.156005859375,2446.156005859375,3842,0.0,0.0
2003-05-16 00:00:00+09:00,2446.156005859375,2468.5293839617475,2446.156005859375,2446.156005859375,4501,0.0,0.0
2003-05-19 00:00:00+09:00,2461.07177734375,2461.07177734375,2408.8672244910035,2461.07177734375,7140,0.0,0.0
2003-05-20 00:00:00+09:00,2461.07177734375,2535.64970999053,2423.7828110203595,2461.07177734375,5470,0.0,0.0
2003-05-21 00:00:00+09:00,2572.93896484375,2677.3480822576994,2461.0720533288045,2572.93896484375,29808,0.0,0.0
2003-05-22 00:00:00+09:00,2461.07177734375,2528.191916725852,2431.2406042850375,2461.07177734375,6980,0.0,0.0
2003-05-23 00:00:00+09:00,2505.818603515625,2505.818603515625,2386.4939081101193,2505.818603515625,5626,0.0,0.0
2003-05-26 00:00:00+09:00,2475.987548828125,2520.734311758754,2393.951816788639,2475.987548828125,6500,0.0,0.0
2003-05-27 00:00:00+09:00,2431.24072265625,2475.98748442293,2431.24072265625,2431.24072265625,815,0.0,0.0
2003-05-28 00:00:00+09:00,2423.782958984375,2490.903102463942,2379.0361966646633,2423.782958984375,4588,0.0,0.0
2003-05-29 00:00:00+09:00,2438.6982421875,2446.1560349770643,2393.951485450115,2438.6982421875,6060,0.0,0.0
2003-05-30 00:00:00+09:00,2431.24072265625,2461.0718971673696,2401.4095481451304,2431.24072265625,1541,0.0,0.0
2003-06-02 00:00:00+09:00,2483.445068359375,2483.445068359375,2431.2405173728416,2483.445068359375,5955,0.0,0.0
2003-06-03 00:00:00+09:00,2498.360595703125,2513.276181349114,2453.6138387651586,2498.360595703125,4041,0.0,0.0
2003-06-04 00:00:00+09:00,2520.734130859375,2535.6497174325073,2461.071784566845,2520.734130859375,4451,0.0,0.0
2003-06-05 00:00:00+09:00,2513.276611328125,2535.649993624814,2498.361023130332,2513.276611328125,907,0.0,0.0
2003-06-06 00:00:00+09:00,2513.276611328125,2513.276611328125,2513.276611328125,2513.276611328125,0,0.0,0.0
2003-06-09 00:00:00+09:00,2498.360595703125,2535.6495598180973,2446.1560459421644,2498.360595703125,2042,0.0,0.0
2003-06-10 00:00:00+09:00,2461.07177734375,2498.36074366714,2311.915912050189,2461.07177734375,16547,0.0,0.0
2003-06-11 00:00:00+09:00,2393.95166015625,2461.0718001606306,2379.03607348861,2393.95166015625,6392,0.0,0.0
2003-06-12 00:00:00+09:00,2461.07177734375,2513.276330196496,2423.7828110203595,2461.07177734375,1307,0.0,0.0
2003-06-13 00:00:00+09:00,2423.782958984375,2461.0719275841348,2371.5784029447113,2423.782958984375,11919,0.0,0.0
2003-06-16 00:00:00+09:00,2423.782958984375,2423.782958984375,2386.4939903846152,2423.782958984375,13571,0.0,0.0
2003-06-17 00:00:00+09:00,2461.07177734375,2461.07177734375,2393.9516379616475,2461.07177734375,8926,0.0,0.0
2003-06-18 00:00:00+09:00,2461.07177734375,2468.529570608428,2393.9516379616475,2461.07177734375,15578,0.0,0.0
2003-06-19 00:00:00+09:00,2498.360595703125,2520.7339741721084,2423.782667473181,2498.360595703125,29726,0.0,0.0
2003-06-20 00:00:00+09:00,2498.360595703125,2498.360595703125,2461.071631588153,2498.360595703125,1326,0.0,0.0
2003-06-23 00:00:00+09:00,2461.07177734375,2498.36074366714,2461.07177734375,2461.07177734375,2057,0.0,0.0
2003-06-24 00:00:00+09:00,2461.07177734375,2475.987363873106,2416.3250177556815,2461.07177734375,11144,0.0,0.0
2003-06-25 00:00:00+09:00,2483.445068359375,2498.3606543555275,2438.698310370918,2483.445068359375,5202,0.0,0.0
2003-06-26 00:00:00+09:00,2431.24072265625,2498.3608653062693,2416.32513540069,2431.24072265625,14903,0.0,0.0
2003-06-27 00:00:00+09:00,2438.6982421875,2483.4449989248856,2393.951485450115,2438.6982421875,2760,0.0,0.0
2003-06-30 00:00:00+09:00,2431.24072265625,2431.24072265625,2379.036167261791,2431.24072265625,4761,0.0,0.0
2003-07-01 00:00:00+09:00,2423.782958984375,2431.240752704327,2423.782958984375,2423.782958984375,2200,0.0,0.0
2003-07-02 00:00:00+09:00,2393.95166015625,2423.7828334915303,2349.204900153329,2393.95166015625,7875,0.0,0.0
2003-07-03 00:00:00+09:00,2416.324951171875,2416.324951171875,2379.035985876013,2416.324951171875,3641,0.0,0.0
2003-07-04 00:00:00+09:00,2416.324951171875,2416.324951171875,2356.6626066984954,2416.324951171875,6530,0.0,0.0
2003-07-07 00:00:00+09:00,2416.324951171875,2416.324951171875,2349.2048136393228,2416.324951171875,12128,0.0,0.0
2003-07-08 00:00:00+09:00,2416.324951171875,2416.324951171875,2379.035985876013,2416.324951171875,5069,0.0,0.0
2003-07-09 00:00:00+09:00,2423.782958984375,2438.698546424279,2393.951784104567,2423.782958984375,3692,0.0,0.0
2003-07-10 00:00:00+09:00,2423.782958984375,2431.240752704327,2393.951784104567,2423.782958984375,11165,0.0,0.0
2003-07-11 00:00:00+09:00,2423.782958984375,2423.782958984375,2386.4939903846152,2423.782958984375,4782,0.0,0.0
2003-07-14 00:00:00+09:00,2393.95166015625,2438.6984201591704,2386.49386682243,2393.95166015625,7224,0.0,0.0
2003-07-15 00:00:00+09:00,2379.035888671875,2416.3248524441615,2349.204717654046,2379.035888671875,6174,0.0,0.0
2003-07-16 00:00:00+09:00,2386.493896484375,2386.493896484375,2326.8315490722653,2386.493896484375,5987,0.0,0.0
2003-07-17 00:00:00+09:00,2386.493896484375,2386.493896484375,2386.493896484375,2386.493896484375,0,0.0,0.0
2003-07-18 00:00:00+09:00,2349.205078125,2349.205078125,2304.4583147321428,2349.205078125,9519,0.0,0.0
2003-07-21 00:00:00+09:00,2334.2890625,2334.2890625,2274.626722244409,2334.2890625,9784,0.0,0.0
2003-07-22 00:00:00+09:00,2345.475830078125,2386.493690381558,2297.0001769922496,2345.475830078125,1432,0.0,0.0
2003-07-23 00:00:00+09:00,2416.324951171875,2423.7827442310477,2349.2048136393228,2416.324951171875,7437,0.0,0.0
2003-07-24 00:00:00+09:00,2408.8671875,2423.7827738003098,2364.120428599071,2408.8671875,4200,0.0,0.0
2003-07-25 00:00:00+09:00,2345.475830078125,2345.475830078125,2297.0001769922496,2345.475830078125,6977,0.0,0.0
2003-07-28 00:00:00+09:00,2323.1025390625,2334.289228656701,2311.9158494682983,2323.1025390625,2294,0.0,0.0
2003-07-29 00:00:00+09:00,2334.2890625,2379.035817691693,2289.5423073083066,2334.2890625,1768,0.0,0.0
2003-07-30 00:00:00+09:00,2323.1025390625,2386.493780096308,2237.3379188402887,2323.1025390625,18824,0.0,0.0
2003-07-31 00:00:00+09:00,2297.000244140625,2360.391484644506,2237.3379001369726,2297.000244140625,2443,0.0,0.0
2003-08-01 00:00:00+09:00,2274.626708984375,2341.746841380635,2203.777680343878,2274.626708984375,7068,0.0,0.0
2003-08-04 00:00:00+09:00,2267.169189453125,2267.169189453125,2002.417524237382,2267.169189453125,21134,0.0,0.0
2003-08-05 00:00:00+09:00,2259.711669921875,2274.6272585022175,2173.947035584906,2259.711669921875,1745,0.0,0.0
2003-08-06 00:00:00+09:00,2237.337646484375,2259.7110229492187,2162.759724934896,2237.337646484375,3041,0.0,0.0
2003-08-07 00:00:00+09:00,2293.271240234375,2293.271240234375,2237.3377953506097,2293.271240234375,7422,0.0,0.0
2003-08-08 00:00:00+09:00,2278.355712890625,2300.7290914132827,2181.404405959109,2278.355712890625,3850,0.0,0.0
2003-08-11 00:00:00+09:00,2200.048828125,2237.337791313559,2200.048828125,2200.048828125,217,0.0,0.0
2003-08-12 00:00:00+09:00,2237.337646484375,2296.9999837239584,2155.301932779948,2237.337646484375,3438,0.0,0.0
2003-08-13 00:00:00+09:00,2311.915771484375,2311.915771484375,2207.5066721270164,2311.915771484375,4120,0.0,0.0
2003-08-14 00:00:00+09:00,2218.693359375,2278.355701811975,2214.964462972689,2218.693359375,2631,0.0,0.0
2003-08-15 00:00:00+09:00,2218.693359375,2218.693359375,2218.693359375,2218.693359375,0,0.0,0.0
2003-08-18 00:00:00+09:00,2274.626708984375,2274.626708984375,2218.6932653208246,2274.626708984375,4344,0.0,0.0
2003-08-19 00:00:00+09:00,2289.54248046875,2297.0002735647395,2200.048963316877,2289.54248046875,3290,0.0,0.0
2003-08-20 00:00:00+09:00,2289.54248046875,2289.54248046875,2203.7778598648715,2289.54248046875,3186,0.0,0.0
2003-08-21 00:00:00+09:00,2203.777587890625,2285.8133018222557,2200.0486918028237,2203.777587890625,5994,0.0,0.0
2003-08-22 00:00:00+09:00,2270.897705078125,2270.897705078125,2196.3197837290895,2270.897705078125,4344,0.0,0.0
2003-08-25 00:00:00+09:00,2222.42236328125,2274.6269154388633,2222.42236328125,2222.42236328125,3231,0.0,0.0
2003-08-26 00:00:00+09:00,2241.06689453125,2267.169171173045,2237.3379978681364,2241.06689453125,3416,0.0,0.0
2003-08-27 00:00:00+09:00,2282.084716796875,2297.0003031811684,2237.337957643995,2282.084716796875,2309,0.0,0.0
2003-08-28 00:00:00+09:00,2297.000244140625,2297.000244140625,2282.084658139712,2297.000244140625,3000,0.0,0.0
2003-08-29 00:00:00+09:00,2300.7294921875,2311.916183397488,2252.253830277553,2300.7294921875,135,0.0,0.0
2003-09-01 00:00:00+09:00,2259.711669921875,2270.8983613571318,2196.3204184554197,2259.711669921875,2732,0.0,0.0
2003-09-02 00:00:00+09:00,2192.591064453125,2285.813473656064,2192.591064453125,2192.591064453125,3178,0.0,0.0
2003-09-03 00:00:00+09:00,2267.169189453125,2267.169189453125,2267.169189453125,2267.169189453125,1,0.0,0.0
2003-09-04 00:00:00+09:00,2293.271240234375,2293.271240234375,2293.271240234375,2293.271240234375,10,0.0,0.0
2003-09-05 00:00:00+09:00,2259.711669921875,2334.289612823587,2200.0493156005055,2259.711669921875,2205,0.0,0.0
2003-09-08 00:00:00+09:00,2311.915771484375,2311.915771484375,2214.9644649382562,2311.915771484375,5537,0.0,0.0
2003-09-09 00:00:00+09:00,2371.57861328125,2386.4942020440253,2282.085080704599,2371.57861328125,4568,0.0,0.0
2003-09-10 00:00:00+09:00,2371.57861328125,2371.57861328125,2371.57861328125,2371.57861328125,0,0.0,0.0
2003-09-11 00:00:00+09:00,2371.57861328125,2371.57861328125,2371.57861328125,2371.57861328125,0,0.0,0.0
2003-09-12 00:00:00+09:00,2371.57861328125,2371.57861328125,2371.57861328125,2371.57861328125,0,0.0,0.0
2003-09-15 00:00:00+09:00,2382.7646484375,2386.493544600939,2334.2889983127934,2382.7646484375,4071,0.0,0.0
2003-09-16 00:00:00+09:00,2386.493896484375,2431.240657043457,2386.493896484375,2386.493896484375,5421,0.0,0.0
2003-09-17 00:00:00+09:00,2393.95166015625,2401.40945349007,2311.915933484229,2393.95166015625,6105,0.0,0.0
2003-09-18 00:00:00+09:00,2461.07177734375,2572.9386763139205,2416.3250177556815,2461.07177734375,9001,0.0,0.0
2003-09-19 00:00:00+09:00,2356.662841796875,2457.3430581394628,2356.662841796875,2356.662841796875,4113,0.0,0.0
2003-09-22 00:00:00+09:00,2356.662841796875,2371.578429403184,2297.0004913716375,2356.662841796875,5864,0.0,0.0
2003-09-23 00:00:00+09:00,2259.711669921875,2311.9162299530735,2237.3382870513615,2259.711669921875,6214,0.0,0.0
2003-09-24 00:00:00+09:00,2293.271240234375,2311.915721862297,2192.5910394435973,2293.271240234375,15778,0.0,0.0
2003-09-25 00:00:00+09:00,2233.609130859375,2244.795820997235,2162.7600933195954,2233.609130859375,7252,0.0,0.0
2003-09-26 00:00:00+09:00,2162.76025390625,2218.693708748653,2159.0313569167565,2162.76025390625,6022,0.0,0.0
2003-09-29 00:00:00+09:00,2185.133056640625,2185.133056640625,2129.1996166242266,2185.133056640625,80,0.0,0.0
2003-09-30 00:00:00+09:00,2185.133056640625,2185.133056640625,2110.5551366187606,2185.133056640625,528,0.0,0.0
2003-10-01 00:00:00+09:00,2058.350830078125,2185.1333087423573,2058.350830078125,2058.350830078125,17489,0.0,0.0
2003-10-02 00:00:00+09:00,2118.012939453125,2118.012939453125,1946.4837225255833,2118.012939453125,1101,0.0,0.0
2003-10-03 00:00:00+09:00,2118.012939453125,2118.012939453125,2118.012939453125,2118.012939453125,0,0.0,0.0
2003-10-06 00:00:00+09:00,2114.284423828125,2118.01332051918,1976.315246259094,2114.284423828125,3805,0.0,0.0
2003-10-07 00:00:00+09:00,2088.182373046875,2088.182373046875,2088.182373046875,2088.182373046875,1004,0.0,0.0
2003-10-08 00:00:00+09:00,2058.350830078125,2088.1820015285325,2058.350830078125,2058.350830078125,890,0.0,0.0
2003-10-09 00:00:00+09:00,2058.350830078125,2058.350830078125,1961.3995228643003,2058.350830078125,1667,0.0,0.0
2003-10-10 00:00:00+09:00,2058.350830078125,2103.0975872537365,1983.772901452106,2058.350830078125,4986,0.0,0.0
2003-10-13 00:00:00+09:00,2088.182373046875,2088.182373046875,1961.3998718261719,2088.182373046875,17007,0.0,0.0
2003-10-14 00:00:00+09:00,2035.9775390625,2088.182091346154,1991.2307799622254,2035.9775390625,10270,0.0,0.0
2003-10-15 00:00:00+09:00,1946.484130859375,2013.6042733028016,1946.484130859375,1946.484130859375,15234,0.0,0.0
2003-10-16 00:00:00+09:00,1946.484130859375,2002.4175828955638,1939.0263372545498,1946.484130859375,11509,0.0,0.0
2003-10-17 00:00:00+09:00,1946.484130859375,1972.5864084762632,1920.3818532424868,1946.484130859375,2548,0.0,0.0
2003-10-20 00:00:00+09:00,1901.7371826171875,2125.470968807445,1901.7371826171875,1901.7371826171875,10697,0.0,0.0
2003-10-21 00:00:00+09:00,1748.852294921875,1901.7370371218683,1748.852294921875,1748.852294921875,75171,0.0,0.0
2003-10-22 00:00:00+09:00,1797.328125,1797.328125,1774.9547458506224,1797.328125,2487,0.0,0.0
2003-10-23 00:00:00+09:00,1849.5325927734375,1864.4481781990296,1748.8523911506898,1849.5325927734375,8489,0.0,0.0
2003-10-24 00:00:00+09:00,1868.1771240234375,1868.1771240234375,1804.785884286115,1868.1771240234375,1740,0.0,0.0
2003-10-27 00:00:00+09:00,1849.5325927734375,1898.008245406612,1789.8702510710684,1849.5325927734375,7562,0.0,0.0
2003-10-28 00:00:00+09:00,1827.15966796875,1860.71974350287,1801.057386997768,1827.15966796875,3078,0.0,0.0
2003-10-29 00:00:00+09:00,1845.8037109375,1883.092674794823,1804.7858506944444,1845.8037109375,766,0.0,0.0
2003-10-30 00:00:00+09:00,1883.0926513671875,1883.0926513671875,1767.4968648476174,1883.0926513671875,2433,0.0,0.0
2003-10-31 00:00:00+09:00,1856.990966796875,1860.7198643205636,1801.0575039415476,1856.990966796875,544,0.0,0.0
2003-11-03 00:00:00+09:00,1864.447998046875,1864.447998046875,1793.5989741210938,1864.447998046875,1238,0.0,0.0
2003-11-04 00:00:00+09:00,1845.8037109375,1864.4481928661617,1797.3280579229797,1845.8037109375,4038,0.0,0.0
2003-11-05 00:00:00+09:00,1849.5325927734375,1864.4481781990296,1789.8702510710684,1849.5325927734375,4388,0.0,0.0
2003-11-06 00:00:00+09:00,1782.4122314453123,1827.1589820255294,1760.0388561552038,1782.4122314453125,746,0.0,0.0
2003-11-07 00:00:00+09:00,1890.5509033203125,1939.0265675080127,1748.8528080024191,1890.5509033203125,1422,0.0,0.0
2003-11-10 00:00:00+09:00,1864.447998046875,1901.7369580078125,1793.5989741210938,1864.447998046875,3349,0.0,0.0
2003-11-11 00:00:00+09:00,1815.9725341796875,1864.4481870428003,1789.8702595610882,1815.9725341796875,2097,0.0,0.0
2003-11-12 00:00:00+09:00,1860.7197265625,1864.4486238101201,1786.1417816100952,1860.7197265625,325,0.0,0.0
2003-11-13 00:00:00+09:00,1815.9725341796875,1871.9059797909715,1793.599155935174,1815.9725341796875,690,0.0,0.0
2003-11-14 00:00:00+09:00,1916.6528320312502,1939.0262113934825,1819.701521461576,1916.65283203125,1017,0.0,0.0
2003-11-17 00:00:00+09:00,1864.447998046875,1931.5681259765627,1815.9723500976563,1864.447998046875,4258,0.0,0.0
2003-11-18 00:00:00+09:00,1864.447998046875,1883.0924780273438,1789.870078125,1864.447998046875,6596,0.0,0.0
2003-11-19 00:00:00+09:00,1856.990966796875,1890.5510445100715,1801.0575039415476,1856.990966796875,2984,0.0,0.0
2003-11-20 00:00:00+09:00,1830.8880615234375,1856.9903353129773,1801.056891478249,1830.8880615234375,7309,0.0,0.0
2003-11-21 00:00:00+09:00,1856.990966796875,1864.448761844252,1827.159786607367,1856.990966796875,647,0.0,0.0
2003-11-24 00:00:00+09:00,1827.15966796875,1935.2976891342475,1827.15966796875,1827.15966796875,2277,0.0,0.0
2003-11-25 00:00:00+09:00,1886.8216552734375,1935.2973104484468,1864.4482759618948,1886.8216552734375,5604,0.0,0.0
2003-11-26 00:00:00+09:00,1838.345947265625,1883.0927046027193,1830.8881543761092,1838.345947265625,2977,0.0,0.0
2003-11-27 00:00:00+09:00,1860.7197265625,1898.0086990387024,1801.0573706005762,1860.7197265625,26,0.0,0.0
2003-11-28 00:00:00+09:00,1856.990966796875,1856.990966796875,1815.9730940363015,1856.990966796875,4201,0.0,0.0
2003-12-01 00:00:00+09:00,1827.15966796875,1886.822024473852,1793.59959243463,1827.15966796875,3455,0.0,0.0
2003-12-02 00:00:00+09:00,1819.701416015625,1827.1592087042136,1763.7679708512103,1819.701416015625,3604,0.0,0.0
2003-12-03 00:00:00+09:00,1778.6835937499998,1819.7014544025155,1771.225800904088,1778.68359375,2450,0.0,0.0
2003-12-04 00:00:00+09:00,1815.9725341796875,1856.9903942946291,1763.7679849424892,1815.9725341796875,4053,0.0,0.0
2003-12-05 00:00:00+09:00,1760.0391845703125,1804.7859435000662,1722.7502187955179,1760.0391845703125,3600,0.0,0.0
2003-12-08 00:00:00+09:00,1678.0035400390625,1782.4126491970487,1551.2210503472222,1678.0035400390625,11232,0.0,0.0
2003-12-09 00:00:00+09:00,1670.5457763671875,1670.5457763671875,1618.341220855713,1670.5457763671875,1904,0.0,0.0
2003-12-10 00:00:00+09:00,1741.39453125,1741.39453125,1622.0698524491436,1741.39453125,490,0.0,0.0
2003-12-11 00:00:00+09:00,1737.66552734375,1741.3944233251743,1640.7142318267167,1737.66552734375,1650,0.0,0.0
2003-12-12 00:00:00+09:00,1737.66552734375,1752.5811112694473,1737.66552734375,1737.66552734375,200,0.0,0.0
2003-12-15 00:00:00+09:00,1711.563720703125,1745.1237936580883,1618.3412958282272,1711.563720703125,1947,0.0,0.0
2003-12-16 00:00:00+09:00,1715.292236328125,1715.292236328125,1636.98541684358,1715.292236328125,9,0.0,0.0
2003-12-17 00:00:00+09:00,1648.17236328125,1707.8347112733315,1648.17236328125,1648.17236328125,213,0.0,0.0
2003-12-18 00:00:00+09:00,1640.714599609375,1696.6480518687854,1595.9678378018466,1640.714599609375,1880,0.0,0.0
2003-12-19 00:00:00+09:00,1625.7989501953125,1692.9190903409906,1625.7989501953125,1625.7989501953125,651,0.0,0.0
2003-12-22 00:00:00+09:00,1622.070068359375,1625.798965068247,1588.509997979526,1622.070068359375,1575,0.0,0.0
2003-12-23 00:00:00+09:00,1629.5278320312498,1808.514870789831,1566.1365891375856,1629.52783203125,916,0.0,0.0
2003-12-24 00:00:00+09:00,1618.3411865234375,1618.3411865234375,1566.1366321194555,1618.3411865234375,861,0.0,0.0
2003-12-25 00:00:00+09:00,1618.3411865234375,1618.3411865234375,1618.3411865234375,1618.3411865234375,0,0.0,0.0
2003-12-26 00:00:00+09:00,1640.714599609375,1640.714599609375,1532.576591907848,1640.714599609375,10313,0.0,0.0
2003-12-29 00:00:00+09:00,1656.879150390625,1689.2084996665396,1628.5909697741997,1656.879150390625,2515,170.0,0.0
2003-12-30 00:00:00+09:00,1656.879150390625,1656.879150390625,1632.632138433689,1656.879150390625,3455,0.0,0.0
2003-12-31 00:00:00+09:00,1656.879150390625,1656.879150390625,1656.879150390625,1656.879150390625,0,0.0,0.0
2004-01-01 00:00:00+09:00,1656.879150390625,1656.879150390625,1656.879150390625,1656.879150390625,0,0.0,0.0
2004-01-02 00:00:00+09:00,1628.5908203125,1656.8789983328165,1628.5908203125,1628.5908203125,2008,0.0,0.0
2004-01-05 00:00:00+09:00,1572.0147705078125,1624.5499684939348,1567.973601431957,1572.0147705078125,10128,0.0,0.0
2004-01-06 00:00:00+09:00,1616.467529296875,1616.467529296875,1572.014672241211,1616.467529296875,1260,0.0,0.0
2004-01-07 00:00:00+09:00,1612.4263916015625,1616.4675605028197,1576.055871490249,1612.4263916015625,5811,0.0,0.0
2004-01-08 00:00:00+09:00,1608.3848876953125,1612.4260557548484,1567.973207099953,1608.3848876953125,11063,0.0,0.0
2004-01-09 00:00:00+09:00,1656.879150390625,1656.879150390625,1600.3027891577744,1656.879150390625,12044,0.0,0.0
2004-01-12 00:00:00+09:00,1656.879150390625,1656.879150390625,1616.4674637957316,1656.879150390625,8249,0.0,0.0
2004-01-13 00:00:00+09:00,1689.208740234375,1697.2910787043959,1640.7147094142495,1689.208740234375,6634,0.0,0.0
2004-01-14 00:00:00+09:00,1681.126220703125,1689.2085583026592,1656.8792079045222,1681.126220703125,7653,0.0,0.0
2004-01-15 00:00:00+09:00,1697.2908935546875,1737.7025814964659,1677.0850495837983,1697.2908935546875,11369,0.0,0.0
2004-01-16 00:00:00+09:00,1721.537841796875,1729.6201790823063,1673.043818084287,1721.537841796875,2060,0.0,0.0
2004-01-19 00:00:00+09:00,1709.4141845703125,1709.4141845703125,1656.8789968648418,1709.4141845703125,7009,0.0,0.0
2004-01-20 00:00:00+09:00,1689.208740234375,1709.4145864094273,1656.8793863542912,1689.208740234375,2102,0.0,0.0
2004-01-21 00:00:00+09:00,1689.208740234375,1689.208740234375,1689.208740234375,1689.208740234375,0,0.0,0.0
2004-01-22 00:00:00+09:00,1689.208740234375,1689.208740234375,1689.208740234375,1689.208740234375,0,0.0,0.0
2004-01-23 00:00:00+09:00,1689.208740234375,1689.208740234375,1689.208740234375,1689.208740234375,0,0.0,0.0
2004-01-26 00:00:00+09:00,1689.208740234375,1689.208740234375,1656.8793863542912,1689.208740234375,1881,0.0,0.0
2004-01-27 00:00:00+09:00,1640.714599609375,1737.7026547586977,1616.4675858220444,1640.714599609375,5726,0.0,0.0
2004-01-28 00:00:00+09:00,1636.6732177734375,1636.6732177734375,1616.4673755787037,1636.6732177734375,3943,0.0,0.0
2004-01-29 00:00:00+09:00,1616.467529296875,1636.673373413086,1616.467529296875,1616.467529296875,202,0.0,0.0
2004-01-30 00:00:00+09:00,1616.467529296875,1616.467529296875,1576.0558410644533,1616.467529296875,2692,0.0,0.0
2004-02-02 00:00:00+09:00,1616.467529296875,1616.467529296875,1580.0970098876953,1616.467529296875,1353,0.0,0.0
2004-02-03 00:00:00+09:00,1681.126220703125,1681.126220703125,1576.0558319091797,1681.126220703125,4440,0.0,0.0
2004-02-04 00:00:00+09:00,1648.796875,1669.0027190563726,1624.549862132353,1648.796875,3330,0.0,0.0
2004-02-05 00:00:00+09:00,1765.9908447265625,1765.9908447265625,1616.4675924270596,1765.9908447265625,19756,0.0,0.0
2004-02-06 00:00:00+09:00,1656.879150390625,1733.6613549209223,1628.5909697741997,1656.879150390625,4136,0.0,0.0
2004-02-09 00:00:00+09:00,1697.2908935546875,1697.2908935546875,1624.5498552594865,1697.2908935546875,1946,0.0,0.0
2004-02-10 00:00:00+09:00,1689.208740234375,1697.2910787043959,1600.3030170641448,1689.208740234375,5955,0.0,0.0
2004-02-11 00:00:00+09:00,1664.9615478515625,1681.1262230734224,1608.385184575053,1664.9615478515625,1270,0.0,0.0
2004-02-12 00:00:00+09:00,1685.167236328125,1685.167236328125,1620.5085414090604,1685.167236328125,14,0.0,0.0
2004-02-13 00:00:00+09:00,1685.167236328125,1697.2907416254498,1640.7143835712682,1685.167236328125,593,0.0,0.0
2004-02-16 00:00:00+09:00,1697.2908935546875,1697.2908935546875,1685.1673871721541,1697.2908935546875,114,0.0,0.0
2004-02-17 00:00:00+09:00,1693.2496337890625,1693.2496337890625,1600.302756516632,1693.2496337890625,812,0.0,0.0
2004-02-18 00:00:00+09:00,1664.9615478515625,1681.1262230734224,1503.3147956329642,1664.9615478515625,2017,0.0,0.0
2004-02-19 00:00:00+09:00,1681.126220703125,1697.2908959021936,1616.467519906851,1681.126220703125,618,0.0,0.0
2004-02-20 00:00:00+09:00,1616.467529296875,1677.085061645508,1616.467529296875,1616.467529296875,2257,0.0,0.0
2004-02-23 00:00:00+09:00,1664.9615478515625,1664.9615478515625,1584.1381717422632,1664.9615478515625,2210,0.0,0.0
2004-02-24 00:00:00+09:00,1616.467529296875,1664.9615551757813,1576.0558410644533,1616.467529296875,913,0.0,0.0
2004-02-25 00:00:00+09:00,1612.4263916015625,1616.4675605028197,1507.3560001688793,1612.4263916015625,11185,0.0,0.0
2004-02-26 00:00:00+09:00,1689.208740234375,1689.208740234375,1535.6443093039773,1689.208740234375,19098,0.0,0.0
2004-02-27 00:00:00+09:00,1689.208740234375,1697.2910787043959,1600.3030170641448,1689.208740234375,5727,0.0,0.0
2004-03-01 00:00:00+09:00,1689.208740234375,1689.208740234375,1689.208740234375,1689.208740234375,0,0.0,0.0
2004-03-02 00:00:00+09:00,1592.220458984375,1664.9614951816309,1592.220458984375,1592.220458984375,2936,0.0,0.0
2004-03-03 00:00:00+09:00,1628.5908203125,1648.7966617555833,1543.726286251551,1628.5908203125,408,0.0,0.0
2004-03-04 00:00:00+09:00,1616.467529296875,1628.5910357666016,1584.1381787109376,1616.467529296875,1081,0.0,0.0
2004-03-05 00:00:00+09:00,1632.6322021484375,1632.6322021484375,1616.4675268796411,1632.6322021484375,91,0.0,0.0
2004-03-08 00:00:00+09:00,1640.714599609375,1640.714599609375,1592.2205720347135,1640.714599609375,1001,0.0,0.0
2004-03-09 00:00:00+09:00,1656.879150390625,1656.879150390625,1640.7144757526676,1656.879150390625,1046,0.0,0.0
2004-03-10 00:00:00+09:00,1608.3848876953125,1648.7965682906722,1604.3437196357766,1608.3848876953125,384,0.0,0.0
2004-03-11 00:00:00+09:00,1620.5084228515625,1628.5907591251364,1584.13790962048,1620.5084228515625,1420,0.0,0.0
2004-03-12 00:00:00+09:00,1673.043701171875,1673.043701171875,1559.890987082956,1673.043701171875,1515,0.0,0.0
2004-03-15 00:00:00+09:00,1632.6322021484375,1648.7968774172339,1592.2205139764465,1632.6322021484375,501,0.0,0.0
2004-03-16 00:00:00+09:00,1596.26171875,1632.6322389240506,1596.26171875,1596.26171875,781,0.0,0.0
2004-03-17 00:00:00+09:00,1616.467529296875,1693.2497369384766,1608.3851916503907,1616.467529296875,2483,0.0,0.0
2004-03-18 00:00:00+09:00,1664.9615478515625,1664.9615478515625,1588.1793405477283,1664.9615478515625,1745,0.0,0.0
2004-03-19 00:00:00+09:00,1616.467529296875,1640.7145422363283,1572.014672241211,1616.467529296875,2426,0.0,0.0
2004-03-22 00:00:00+09:00,1810.443359375,1810.443359375,1640.7142944335938,1810.443359375,17238,0.0,0.0
2004-03-23 00:00:00+09:00,2024.6253662109375,2024.6253662109375,1858.9374619900823,2024.6253662109375,131547,0.0,0.0
2004-03-24 00:00:00+09:00,2267.095703125,2267.095703125,2073.1196001838234,2267.095703125,96847,0.0,0.0
2004-03-25 00:00:00+09:00,2537.853759765625,2537.853759765625,2424.701044362062,2537.853759765625,55671,0.0,0.0
2004-03-26 00:00:00+09:00,2651.0068359375,2788.406580483041,2537.85410513529,2651.0068359375,119648,0.0,0.0
2004-03-29 00:00:00+09:00,2731.830078125,2731.830078125,2513.60696537537,2731.830078125,111010,0.0,0.0
2004-03-30 00:00:00+09:00,2727.7890625,3059.1649189814816,2606.5539930555556,2727.7890625,226517,0.0,0.0
2004-03-31 00:00:00+09:00,2828.818359375,2828.818359375,2707.5832868303573,2828.818359375,59892,0.0,0.0
2004-04-01 00:00:00+09:00,2885.39453125,2974.3002450980393,2832.8593367034314,2885.39453125,58936,0.0,0.0
2004-04-02 00:00:00+09:00,2780.324462890625,2974.3005882085754,2731.830431561137,2780.324462890625,109709,0.0,0.0
2004-04-05 00:00:00+09:00,2780.324462890625,2780.324462890625,2780.324462890625,2780.324462890625,0,0.0,0.0
2004-04-06 00:00:00+09:00,2667.1708984375,2796.4882753314396,2545.935857599432,2667.1708984375,76020,0.0,0.0
2004-04-07 00:00:00+09:00,2626.759765625,2739.9124939903845,2465.1130108173074,2626.759765625,55482,0.0,0.0
2004-04-08 00:00:00+09:00,2529.771484375,2626.759528504393,2509.565641848043,2529.771484375,47403,0.0,0.0
2004-04-09 00:00:00+09:00,2626.759765625,2659.0891165865382,2448.9483353365385,2626.759765625,48216,0.0,0.0
2004-04-12 00:00:00+09:00,2626.759765625,2626.759765625,2545.9363882211537,2626.759765625,42027,0.0,0.0
2004-04-13 00:00:00+09:00,2578.265625,2727.788866575235,2465.112901645768,2578.265625,52215,0.0,0.0
2004-04-14 00:00:00+09:00,2586.34765625,2828.8177490234375,2489.359619140625,2586.34765625,111626,0.0,0.0
2004-04-15 00:00:00+09:00,2586.34765625,2586.34765625,2586.34765625,2586.34765625,0,0.0,0.0
2004-04-16 00:00:00+09:00,2610.594970703125,2610.594970703125,2545.936271738342,2610.594970703125,26084,0.0,0.0
2004-04-19 00:00:00+09:00,2545.9365234375,2618.6775669642857,2545.9365234375,2545.9365234375,28785,0.0,0.0
2004-04-20 00:00:00+09:00,2586.34765625,2586.34765625,2505.5242919921875,2586.34765625,27214,0.0,0.0
2004-04-21 00:00:00+09:00,2505.5244140625,2574.22427702873,2424.7010458669356,2505.5244140625,13084,0.0,0.0
2004-04-22 00:00:00+09:00,2457.030517578125,2501.4833723369397,2388.330651132684,2457.030517578125,13166,0.0,0.0
2004-04-23 00:00:00+09:00,2408.5361328125,2408.5361328125,2343.8774446833054,2408.5361328125,19191,0.0,0.0
2004-04-26 00:00:00+09:00,2424.700927734375,2424.700927734375,2242.848358154297,2424.700927734375,13969,0.0,0.0
2004-04-27 00:00:00+09:00,2424.700927734375,2424.700927734375,2343.8775634765625,2424.700927734375,1562,0.0,0.0
2004-04-28 00:00:00+09:00,2420.659912109375,2424.7010805770033,2343.8777112244366,2420.659912109375,246,0.0,0.0
2004-04-29 00:00:00+09:00,2303.4658203125,2424.700863486842,2263.054139254386,2303.4658203125,6357,0.0,0.0
2004-04-30 00:00:00+09:00,2307.507080078125,2380.2481088721815,2303.4659118117884,2307.507080078125,8244,0.0,0.0
2004-05-03 00:00:00+09:00,2360.04248046875,2360.04248046875,2105.4488567195526,2360.04248046875,1719,0.0,0.0
2004-05-04 00:00:00+09:00,2303.4658203125,2343.877501370614,2279.2188116776315,2303.4658203125,3458,0.0,0.0
2004-05-05 00:00:00+09:00,2303.4658203125,2303.4658203125,2303.4658203125,2303.4658203125,0,0.0,0.0
2004-05-06 00:00:00+09:00,2303.465691583807,2424.7007279829545,2222.642333984375,2222.642333984375,1541,0.0,0.0
2004-05-07 00:00:00+09:00,2190.313513604526,2384.289618130388,2141.8194874730602,2343.8779296875,2422,0.0,0.0
2004-05-10 00:00:00+09:00,2182.230777138158,2303.4658203125,2109.489751233553,2303.4658203125,91,0.0,0.0
2004-05-11 00:00:00+09:00,2093.325303047153,2424.7011232206405,2093.325303047153,2271.13671875,1131,0.0,0.0
2004-05-12 00:00:00+09:00,2190.3133531507556,2319.6307466947114,2190.3133531507556,2206.47802734375,636,0.0,0.0
2004-05-13 00:00:00+09:00,2254.972151416843,2384.28955078125,2254.972151416843,2384.28955078125,205,0.0,0.0
2004-05-14 00:00:00+09:00,2327.7129859855336,2327.7129859855336,2149.901577333861,2234.76611328125,827,0.0,0.0
2004-05-17 00:00:00+09:00,2234.7661431401757,2246.8896484375,2117.572258599371,2246.8896484375,202,0.0,0.0
2004-05-18 00:00:00+09:00,2424.701306573276,2424.701306573276,2343.8779296875,2343.8779296875,11,0.0,0.0
2004-05-19 00:00:00+09:00,2343.8779636548916,2343.8779636548916,2222.6428965692935,2323.672119140625,13781,0.0,0.0
2004-05-20 00:00:00+09:00,2267.095842997233,2327.71337890625,2141.819602118598,2327.71337890625,11974,0.0,0.0
2004-05-21 00:00:00+09:00,2263.0542268275444,2505.524322559067,2263.0542268275444,2501.483154296875,6597,0.0,0.0
2004-05-24 00:00:00+09:00,2424.700927734375,2424.700927734375,2343.8775634765625,2424.700927734375,1539,0.0,0.0
2004-05-25 00:00:00+09:00,2420.6601736321804,2497.4423828125,2303.4662754095875,2497.4423828125,11398,0.0,0.0
2004-05-26 00:00:00+09:00,2497.4423828125,2497.4423828125,2497.4423828125,2497.4423828125,0,0.0,0.0
2004-05-27 00:00:00+09:00,2497.4419555664062,2497.4419555664062,2343.8775634765625,2424.700927734375,15493,0.0,0.0
2004-05-28 00:00:00+09:00,2505.5250209380233,2505.5250209380233,2279.219535175879,2412.578125,3,0.0,0.0
2004-05-31 00:00:00+09:00,2319.6305541992188,2392.37158203125,2279.2188720703125,2392.37158203125,14121,0.0,0.0
2004-06-01 00:00:00+09:00,2339.8362766752307,2408.5361328125,2339.8362766752307,2408.5361328125,27,0.0,0.0
2004-06-02 00:00:00+09:00,2186.272344760237,2408.5366311961207,2186.272344760237,2343.8779296875,1720,0.0,0.0
2004-06-03 00:00:00+09:00,2311.5482177734375,2392.37158203125,2299.4247131347656,2392.37158203125,171,0.0,0.0
2004-06-04 00:00:00+09:00,2267.09602701005,2412.578125,2267.09602701005,2412.578125,203,0.0,0.0
2004-06-07 00:00:00+09:00,2408.5361328125,2408.5361328125,2408.5361328125,2408.5361328125,0,0.0,0.0
2004-06-08 00:00:00+09:00,2263.054443359375,2412.577683367048,2194.3545763288225,2263.054443359375,305,0.0,0.0
2004-06-09 00:00:00+09:00,2263.054084521812,2408.5361328125,2263.054084521812,2408.5361328125,199,0.0,0.0
2004-06-10 00:00:00+09:00,2380.247956755977,2408.5361328125,2376.2067887479025,2408.5361328125,25,0.0,0.0
2004-06-11 00:00:00+09:00,2194.354620464778,2339.836694749735,2137.7782582428495,2145.860595703125,13182,0.0,0.0
2004-06-14 00:00:00+09:00,2254.972246901433,2254.972246901433,2145.860686567493,2149.90185546875,6042,0.0,0.0
2004-06-15 00:00:00+09:00,2206.47802734375,2206.47802734375,2206.47802734375,2206.47802734375,31,0.0,0.0
2004-06-16 00:00:00+09:00,2238.807373046875,2238.807373046875,2048.872451506797,2238.807373046875,7,0.0,0.0
2004-06-17 00:00:00+09:00,2101.4075001449446,2178.189697265625,2101.4075001449446,2178.189697265625,1983,0.0,0.0
2004-06-18 00:00:00+09:00,2178.189697265625,2178.189697265625,1964.0077789816212,2178.189697265625,5366,0.0,0.0
2004-06-21 00:00:00+09:00,1980.172607421875,2145.8605194714605,1919.5550786232461,1980.172607421875,3625,0.0,0.0
2004-06-22 00:00:00+09:00,1996.3374477652617,2166.066542514535,1939.7610828488373,2085.2431640625,3943,0.0,0.0
2004-06-23 00:00:00+09:00,1883.1846242268882,2020.5843607584636,1883.1846242268882,1939.760986328125,13840,0.0,0.0
2004-06-24 00:00:00+09:00,2056.95523191437,2056.95523191437,2052.9140625,2052.9140625,10001,0.0,0.0
2004-06-25 00:00:00+09:00,1899.3490600585938,2093.3251342773438,1899.3490600585938,1955.9254150390625,13811,0.0,0.0
2004-06-28 00:00:00+09:00,2174.1485644727345,2174.1485644727345,1899.3491176620544,2012.5018310546875,345,0.0,0.0
2004-06-29 00:00:00+09:00,2012.5018310546875,2012.5018310546875,1939.7608010165661,2012.5018310546875,12853,0.0,0.0
2004-06-30 00:00:00+09:00,2016.5433349609375,2016.5433349609375,1939.7611238101201,2016.5433349609375,4484,0.0,0.0
2004-07-01 00:00:00+09:00,1955.9257874048055,2020.5844911206668,1903.3905906356683,1923.596435546875,1678,0.0,0.0
2004-07-02 00:00:00+09:00,1899.3494337307427,2016.5433349609375,1899.3494337307427,2016.5433349609375,2012,0.0,0.0
2004-07-05 00:00:00+09:00,1883.1847647607854,1883.1847647607854,1802.3613842989491,1826.6083984375,17142,0.0,0.0
2004-07-06 00:00:00+09:00,1802.3613842989491,1899.3494408531526,1794.2790462527655,1826.6083984375,13335,0.0,0.0
2004-07-07 00:00:00+09:00,1782.155271806271,1854.8963033085677,1782.155271806271,1814.484619140625,1723,0.0,0.0
2004-07-08 00:00:00+09:00,1770.0320321142146,1858.9377506222345,1761.949694068031,1826.6083984375,2830,0.0,0.0
2004-07-09 00:00:00+09:00,1761.9493989236491,1850.8551025390625,1761.9493989236491,1850.8551025390625,7821,0.0,0.0
2004-07-12 00:00:00+09:00,1818.5260571931537,1842.7730712890625,1778.114367033306,1842.7730712890625,582,0.0,0.0
2004-07-13 00:00:00+09:00,1838.7315368652344,1875.10205078125,1838.7315368652344,1875.10205078125,938,0.0,0.0
2004-07-14 00:00:00+09:00,1875.1021718082266,2065.037090073284,1814.4846447023572,1891.266845703125,2682,0.0,0.0
2004-07-15 00:00:00+09:00,1891.2668134581368,1927.6373291015625,1891.2668134581368,1927.6373291015625,2423,0.0,0.0
2004-07-16 00:00:00+09:00,1895.308100139277,1943.8021240234375,1858.9375822261566,1943.8021240234375,31,0.0,0.0
2004-07-19 00:00:00+09:00,1834.6903686523438,1955.9254150390625,1834.6903686523438,1955.9254150390625,65,0.0,0.0
2004-07-20 00:00:00+09:00,1915.51416015625,1915.51416015625,1915.51416015625,1915.51416015625,0,0.0,0.0
2004-07-21 00:00:00+09:00,2000.3787005389179,2000.3787005389179,1875.1024586869855,1964.0081787109375,639,0.0,0.0
2004-07-22 00:00:00+09:00,1959.9669108400403,2065.0373019366198,1846.814181966801,2008.4609375,2109,0.0,0.0
2004-07-23 00:00:00+09:00,1968.0491016621493,1980.172607421875,1968.0491016621493,1980.172607421875,1631,0.0,0.0
2004-07-26 00:00:00+09:00,1951.8846953045766,2040.790416415758,1858.9378050519776,1992.29638671875,10810,0.0,0.0
2004-07-27 00:00:00+09:00,1964.0078115115764,2008.4606632124558,1858.9374347640435,1996.337158203125,6078,0.0,0.0
2004-07-28 00:00:00+09:00,2016.5431247010522,2020.5842932876276,1899.3492356903698,1980.172607421875,3535,0.0,0.0
2004-07-29 00:00:00+09:00,1980.1729145988088,1992.2964222392097,1899.3495303294696,1972.090576171875,3420,0.0,0.0
2004-07-30 00:00:00+09:00,1850.855243234536,1959.966796875,1834.690568621134,1959.966796875,10249,0.0,0.0
2004-08-02 00:00:00+09:00,2137.778187260967,2137.778187260967,1883.18456571571,1931.6785888671875,1209,0.0,0.0
2004-08-03 00:00:00+09:00,1939.7612224641393,1972.090576171875,1899.3495303294696,1972.090576171875,1329,0.0,0.0
2004-08-04 00:00:00+09:00,1846.8140468993129,1955.9255989043052,1846.8140468993129,1947.84326171875,3597,0.0,0.0
2004-08-05 00:00:00+09:00,2056.9546812768076,2060.995849609375,1939.760799632353,2060.995849609375,4912,0.0,0.0
2004-08-06 00:00:00+09:00,1911.4729412576426,2016.543335491678,1850.8554061226223,1858.937744140625,25319,0.0,0.0
2004-08-09 00:00:00+09:00,2008.4608867860288,2008.4608867860288,1891.2669919836248,1935.7198486328125,450,0.0,0.0
2004-08-10 00:00:00+09:00,1907.4318329782197,1927.6376786665485,1858.9378033262312,1867.0201416015625,1175,0.0,0.0
2004-08-11 00:00:00+09:00,1907.4316740832442,1907.4316740832442,1854.8964796699345,1887.225830078125,1367,0.0,0.0
2004-08-12 00:00:00+09:00,1899.349365234375,2020.584431100399,1883.184689785572,1899.349365234375,19777,0.0,0.0
2004-08-13 00:00:00+09:00,1875.1023236750534,1935.719855690411,1858.9376484709583,1887.225830078125,2430,0.0,0.0
2004-08-16 00:00:00+09:00,1931.6783746585154,1939.7607109541577,1895.307861328125,1895.307861328125,677,0.0,0.0
2004-08-17 00:00:00+09:00,1923.5963114420574,1947.843323771159,1923.5963114420574,1939.760986328125,5106,0.0,0.0
2004-08-18 00:00:00+09:00,1939.7612224641393,2008.4610990930776,1939.7612224641393,1972.090576171875,3890,0.0,0.0
2004-08-19 00:00:00+09:00,1955.9256857815683,1984.2138671875,1899.3493229697049,1984.2138671875,7831,0.0,0.0
2004-08-20 00:00:00+09:00,1947.8435608910731,1988.2552530257428,1939.7612224641393,1972.090576171875,1558,0.0,0.0
2004-08-23 00:00:00+09:00,1972.090576171875,1980.1729145988088,1931.6788840372053,1972.090576171875,3488,0.0,0.0
2004-08-24 00:00:00+09:00,2016.5433349609375,2016.5433349609375,2016.5433349609375,2016.5433349609375,1,0.0,0.0
2004-08-25 00:00:00+09:00,2012.50195920319,2024.6254649815223,1935.7197559404176,1947.84326171875,3423,0.0,0.0
2004-08-26 00:00:00+09:00,1943.8023916776062,2036.7492835873463,1943.8023916776062,1972.090576171875,2459,0.0,0.0
2004-08-27 00:00:00+09:00,2012.501937027816,2206.47802734375,1968.049082997081,2206.47802734375,34574,0.0,0.0
2004-08-30 00:00:00+09:00,2141.819608019172,2303.4663708885437,2133.7372698757035,2153.943115234375,14671,0.0,0.0
2004-08-31 00:00:00+09:00,2190.31346781194,2259.0133367285507,2069.0784050179213,2254.97216796875,1969,0.0,0.0
2004-09-01 00:00:00+09:00,2182.2310703822545,2279.219117954799,2182.2310703822545,2263.054443359375,45,0.0,0.0
2004-09-02 00:00:00+09:00,2125.6544799804688,2263.05419921875,2117.5721435546875,2133.73681640625,11006,0.0,0.0
2004-09-03 00:00:00+09:00,2299.4249313601044,2299.4249313601044,2129.6958503106766,2250.930908203125,252,0.0,0.0
2004-09-06 00:00:00+09:00,2424.701189313616,2424.701189313616,2105.44886605399,2263.054443359375,906,0.0,0.0
2004-09-07 00:00:00+09:00,2400.454273897059,2400.454273897059,2109.490119485294,2267.095703125,2053,0.0,0.0
2004-09-08 00:00:00+09:00,2263.05419921875,2263.05419921875,2125.6544799804688,2133.73681640625,3479,0.0,0.0
2004-09-09 00:00:00+09:00,2198.395690247253,2222.6427015367444,2036.7489483173078,2206.47802734375,966,0.0,0.0
2004-09-10 00:00:00+09:00,2040.7897793856534,2234.76583762429,2040.7897793856534,2222.642333984375,481,0.0,0.0
2004-09-13 00:00:00+09:00,2222.6428643588365,2343.8779296875,2222.6428643588365,2343.8779296875,790,0.0,0.0
2004-09-14 00:00:00+09:00,2149.901721191406,2339.8366476876395,2149.901721191406,2263.054443359375,4896,0.0,0.0
2004-09-15 00:00:00+09:00,2166.06639578683,2263.054443359375,2166.06639578683,2263.054443359375,321,0.0,0.0
2004-09-16 00:00:00+09:00,2222.6428643588365,2343.8779296875,2222.6428643588365,2343.8779296875,4,0.0,0.0
2004-09-17 00:00:00+09:00,2234.7661794502046,2376.2070768837616,2133.7369669976633,2162.025146484375,4935,0.0,0.0
2004-09-20 00:00:00+09:00,2343.8779872381447,2343.8779872381447,2190.313567384611,2194.354736328125,1953,0.0,0.0
2004-09-21 00:00:00+09:00,2327.71337890625,2327.71337890625,2327.71337890625,2327.71337890625,10,0.0,0.0
2004-09-22 00:00:00+09:00,2190.313379256901,2263.05441399237,2190.313379256901,2250.930908203125,1437,0.0,0.0
2004-09-23 00:00:00+09:00,2384.289502825056,2384.289502825056,2137.778215244838,2263.054443359375,3926,0.0,0.0
2004-09-24 00:00:00+09:00,2190.3129909446025,2222.642333984375,2190.3129909446025,2222.642333984375,30005,0.0,0.0
2004-09-27 00:00:00+09:00,2222.642333984375,2222.642333984375,2222.642333984375,2222.642333984375,0,0.0,0.0
2004-09-28 00:00:00+09:00,2222.642333984375,2222.642333984375,2222.642333984375,2222.642333984375,0,0.0,0.0
2004-09-29 00:00:00+09:00,2222.642333984375,2222.642333984375,2222.642333984375,2222.642333984375,0,0.0,0.0
2004-09-30 00:00:00+09:00,2174.148319424716,2424.7007279829545,2174.148319424716,2222.642333984375,22840,0.0,0.0
2004-10-01 00:00:00+09:00,2198.3953267045454,2259.0128449041194,2190.3129909446025,2222.642333984375,2392,0.0,0.0
2004-10-04 00:00:00+09:00,2254.972241210937,2254.972241210937,2129.6960055881077,2182.231201171875,21564,0.0,0.0
2004-10-05 00:00:00+09:00,2157.9842627514367,2157.9842627514367,2109.490234375,2109.490234375,9141,0.0,0.0
2004-10-06 00:00:00+09:00,2149.9018500434026,2263.0545789930557,2125.6548366970487,2182.231201171875,1986,0.0,0.0
2004-10-07 00:00:00+09:00,2202.43701171875,2202.43701171875,2202.43701171875,2202.43701171875,1,0.0,0.0
2004-10-08 00:00:00+09:00,2149.901932846653,2218.601806640625,2149.901932846653,2218.601806640625,1232,0.0,0.0
2004-10-11 00:00:00+09:00,2246.8898979242704,2246.8898979242704,2117.57249372719,2214.560546875,1231,0.0,0.0
2004-10-12 00:00:00+09:00,2206.47802734375,2206.47802734375,2206.47802734375,2206.47802734375,1,0.0,0.0
2004-10-13 00:00:00+09:00,2182.2310160542584,2210.5191958919986,2145.8604991200204,2206.47802734375,541,0.0,0.0
2004-10-14 00:00:00+09:00,2141.819303993867,2162.025146484375,2141.819303993867,2162.025146484375,736,0.0,0.0
2004-10-15 00:00:00+09:00,2198.395842889908,2202.43701171875,2198.395842889908,2202.43701171875,27,0.0,0.0
2004-10-18 00:00:00+09:00,2287.301687413355,2287.301687413355,2060.99622010744,2186.2724609375,1141,0.0,0.0
2004-10-19 00:00:00+09:00,2174.14865197868,2218.601505457798,2141.819303993867,2162.025146484375,302,0.0,0.0
2004-10-20 00:00:00+09:00,2157.984324852196,2254.9723843961146,2113.5314642279,2242.848876953125,1974,0.0,0.0
2004-10-21 00:00:00+09:00,2222.642760345901,2230.72509765625,2222.642760345901,2230.72509765625,200,0.0,0.0
2004-10-22 00:00:00+09:00,2206.478214518229,2303.466267903646,2145.8606811523437,2182.231201171875,745,0.0,0.0
2004-10-25 00:00:00+09:00,2117.5723167446977,2254.9720472204986,2117.5723167446977,2238.807373046875,20051,0.0,0.0
2004-10-26 00:00:00+09:00,2125.65470929827,2275.177949305943,2125.65470929827,2263.054443359375,4300,0.0,0.0
2004-10-27 00:00:00+09:00,2271.136780657087,2279.219117954799,2222.6427568708145,2263.054443359375,20514,0.0,0.0
2004-10-28 00:00:00+09:00,2263.054139254386,2303.4658203125,2157.9837685032894,2303.4658203125,579,0.0,0.0
2004-10-29 00:00:00+09:00,2263.054443359375,2263.054443359375,2263.054443359375,2263.054443359375,30,0.0,0.0
2004-11-01 00:00:00+09:00,2222.642333984375,2263.054012784091,2206.4776624644887,2222.642333984375,2639,0.0,0.0
2004-11-02 00:00:00+09:00,2259.0133367285507,2263.0545054883514,2190.31346781194,2254.97216796875,4645,0.0,0.0
2004-11-03 00:00:00+09:00,2287.301362994745,2287.301362994745,2194.354487820047,2259.01318359375,875,0.0,0.0
2004-11-04 00:00:00+09:00,2246.8896781361805,2259.01318359375,2246.8896781361805,2259.01318359375,3,0.0,0.0
2004-11-05 00:00:00+09:00,2254.9722356865877,2279.2192489735403,2210.5193779938413,2214.560546875,7596,0.0,0.0
2004-11-08 00:00:00+09:00,2242.848509650324,2263.0543520796064,2218.6014987351855,2259.01318359375,74,0.0,0.0
2004-11-09 00:00:00+09:00,2222.642707104953,2529.7715175412736,2101.4076503537735,2141.8193359375,17142,0.0,0.0
2004-11-10 00:00:00+09:00,2174.14865197868,2254.9720219407127,2157.983977986273,2162.025146484375,4962,0.0,0.0
2004-11-11 00:00:00+09:00,2210.5194121021814,2210.5194121021814,2141.8195400624427,2194.354736328125,3043,0.0,0.0
2004-11-12 00:00:00+09:00,2190.313261118332,2246.8896184165915,2133.7369038200723,2234.76611328125,3321,0.0,0.0
2004-11-15 00:00:00+09:00,2166.066463906827,2250.9310082016837,2166.066463906827,2190.3134765625,5972,0.0,0.0
2004-11-16 00:00:00+09:00,2214.560546875,2214.560546875,2214.560546875,2214.560546875,1,0.0,0.0
2004-11-17 00:00:00+09:00,2242.8488845406764,2242.8488845406764,2178.1901779593236,2210.51953125,886,0.0,0.0
2004-11-18 00:00:00+09:00,2206.478085725204,2230.72509765625,2170.1075678286343,2230.72509765625,949,0.0,0.0
2004-11-19 00:00:00+09:00,2190.313538953993,2226.6840589735243,2141.8195122612847,2182.231201171875,1621,0.0,0.0
2004-11-22 00:00:00+09:00,2194.354736328125,2194.354736328125,2194.354736328125,2194.354736328125,500,0.0,0.0
2004-11-23 00:00:00+09:00,2190.313538953993,2190.313538953993,2149.9018500434026,2182.231201171875,505,0.0,0.0
2004-11-24 00:00:00+09:00,2206.478085725204,2230.72509765625,2190.3134111045065,2230.72509765625,1161,0.0,0.0
2004-11-25 00:00:00+09:00,2230.72509765625,2230.72509765625,2230.72509765625,2230.72509765625,501,0.0,0.0
2004-11-26 00:00:00+09:00,2222.642817890345,2263.0545054883514,2206.4781428511424,2254.97216796875,32883,0.0,0.0
2004-11-29 00:00:00+09:00,2246.889768763951,2299.424961199079,2246.889768763951,2263.054443359375,3481,0.0,0.0
2004-11-30 00:00:00+09:00,2263.05448500209,2424.7012339308108,2263.05448500209,2416.618896484375,2533,0.0,0.0
2004-12-01 00:00:00+09:00,2416.6186540216922,2416.6186540216922,2230.724911404639,2351.9599609375,12604,0.0,0.0
2004-12-02 00:00:00+09:00,2416.618775647096,2505.5244831123737,2347.918910787563,2400.4541015625,3442,0.0,0.0
2004-12-03 00:00:00+09:00,2424.70098737785,2505.5243536237786,2372.165799317997,2481.27734375,10680,0.0,0.0
2004-12-06 00:00:00+09:00,2416.619065321885,2489.360107421875,2416.619065321885,2489.360107421875,24106,0.0,0.0
2004-12-07 00:00:00+09:00,2505.524633748974,2505.524633748974,2351.9602207127464,2461.07177734375,29202,0.0,0.0
2004-12-08 00:00:00+09:00,2723.747508190524,2723.747508190524,2505.5244140625,2505.5244140625,3471,0.0,0.0
2004-12-09 00:00:00+09:00,2424.700808057598,2473.19482421875,2384.2891279233045,2473.19482421875,6986,0.0,0.0
2004-12-10 00:00:00+09:00,2473.1949462890625,2473.1949462890625,2424.700927734375,2424.700927734375,1035,0.0,0.0
2004-12-13 00:00:00+09:00,2360.042327724359,2384.289337940705,2360.042327724359,2364.08349609375,2557,0.0,0.0
2004-12-14 00:00:00+09:00,2384.2895466986306,2465.112921162991,2360.042534359323,2416.618896484375,5715,0.0,0.0
2004-12-15 00:00:00+09:00,2400.454288404815,2465.1129897759884,2376.207275390625,2376.207275390625,8396,0.0,0.0
2004-12-16 00:00:00+09:00,2420.6597595214844,2465.1126098632812,2420.6597595214844,2424.700927734375,2310,0.0,0.0
2004-12-17 00:00:00+09:00,2424.70098737785,2481.27734375,2424.70098737785,2481.27734375,2361,0.0,0.0
2004-12-20 00:00:00+09:00,2432.7832641601562,2473.1949462890625,2323.6717224121094,2392.37158203125,41,0.0,0.0
2004-12-21 00:00:00+09:00,2465.1124881918913,2473.19482421875,2465.1124881918913,2473.19482421875,20,0.0,0.0
2004-12-22 00:00:00+09:00,2448.9479370117188,2448.9479370117188,2351.9598999023438,2424.700927734375,5568,0.0,0.0
2004-12-23 00:00:00+09:00,2364.0837071305614,2444.907081733316,2364.0837071305614,2384.28955078125,2392,0.0,0.0
2004-12-24 00:00:00+09:00,2299.4248009821617,2424.701020367833,2299.4248009821617,2396.412841796875,1117,0.0,0.0
2004-12-27 00:00:00+09:00,2384.2895466986306,2420.660065207593,2343.8778594664504,2416.618896484375,5137,0.0,0.0
2004-12-28 00:00:00+09:00,2424.701306573276,2424.701306573276,2303.4662412446123,2343.8779296875,2686,0.0,0.0
2004-12-29 00:00:00+09:00,2365.846435546875,2450.3409511021205,2365.846435546875,2365.846435546875,4496,126.0,0.0
2004-12-30 00:00:00+09:00,2399.644170418432,2492.588134765625,2399.644170418432,2492.588134765625,4,0.0,0.0
2005-01-03 00:00:00+09:00,2492.5880758351295,2492.5880758351295,2450.3408203125,2450.3408203125,64,0.0,0.0
2005-01-04 00:00:00+09:00,2450.3406798364385,2450.3406798364385,2365.846173635182,2437.66650390625,2643,0.0,0.0
2005-01-05 00:00:00+09:00,2285.5765237742457,2463.014996969289,2285.5765237742457,2450.3408203125,5903,0.0,0.0
2005-01-06 00:00:00+09:00,2437.66650390625,2437.66650390625,2437.66650390625,2437.66650390625,1,0.0,0.0
2005-01-07 00:00:00+09:00,2450.3406921281303,2467.239593453152,2323.5989321904685,2446.115966796875,242,0.0,0.0
2005-01-10 00:00:00+09:00,2467.239501953125,2467.239501953125,2467.239501953125,2467.239501953125,1,0.0,0.0
2005-01-11 00:00:00+09:00,2463.0151284354074,2484.1387573242187,2361.6217097691124,2365.846435546875,3404,0.0,0.0
2005-01-12 00:00:00+09:00,2408.093505859375,2408.093505859375,2370.07097681949,2408.093505859375,4012,0.0,0.0
2005-01-13 00:00:00+09:00,2399.644342019896,2441.8916015625,2399.644342019896,2441.8916015625,1006,0.0,0.0
2005-01-14 00:00:00+09:00,2382.745338657924,2450.3409511021205,2365.846435546875,2365.846435546875,13583,0.0,0.0
2005-01-17 00:00:00+09:00,2408.093898607337,2429.217529296875,2403.869172469429,2429.217529296875,1053,0.0,0.0
2005-01-18 00:00:00+09:00,2382.7451531661186,2420.7676822060034,2365.846251370614,2408.093505859375,3112,0.0,0.0
2005-01-19 00:00:00+09:00,2424.9924669989227,2479.9138991783407,2408.093564789871,2450.3408203125,17052,0.0,0.0
2005-01-20 00:00:00+09:00,2408.093564789871,2450.3408203125,2408.093564789871,2450.3408203125,6452,0.0,0.0
2005-01-21 00:00:00+09:00,2492.588295481313,2534.835554726759,2492.588295481313,2522.161376953125,2539,0.0,0.0
2005-01-24 00:00:00+09:00,2695.3748936806955,2695.3748936806955,2534.8353232106856,2619.329833984375,7678,0.0,0.0
2005-01-25 00:00:00+09:00,2534.8352532637746,2593.981409173263,2534.8352532637746,2568.633056640625,2799,0.0,0.0
2005-01-26 00:00:00+09:00,2577.082976284406,2577.082976284406,2479.914273899912,2551.734619140625,2744,0.0,0.0
2005-01-27 00:00:00+09:00,2551.7342335668104,2619.329842403017,2450.3408203125,2450.3408203125,4729,0.0,0.0
2005-01-28 00:00:00+09:00,2463.0150437127977,2484.138671875,2450.340866815476,2484.138671875,6300,0.0,0.0
2005-01-31 00:00:00+09:00,2450.340650403822,2602.4307597392317,2450.340650403822,2501.037353515625,11499,0.0,0.0
2005-02-01 00:00:00+09:00,2534.8351805002094,2534.8351805002094,2467.239575686871,2517.936279296875,2202,0.0,0.0
2005-02-02 00:00:00+09:00,2509.486687954521,2530.610313274004,2412.318011484902,2505.261962890625,2187,0.0,0.0
2005-02-03 00:00:00+09:00,2517.9362040480523,2517.9362040480523,2467.239501953125,2467.239501953125,970,0.0,0.0
2005-02-04 00:00:00+09:00,2475.6892206101193,2484.138671875,2450.340866815476,2484.138671875,10828,0.0,0.0
2005-02-07 00:00:00+09:00,2475.6889523022796,2509.4867536988977,2454.5653264293933,2467.239501953125,0,0.0,0.0
2005-02-11 00:00:00+09:00,2492.5879516601562,2534.835205078125,2492.5879516601562,2534.835205078125,7437,0.0,0.0
2005-02-14 00:00:00+09:00,2543.2850326146836,2653.127907777444,2543.2850326146836,2636.22900390625,8105,0.0,0.0
2005-02-15 00:00:00+09:00,2703.8242746422893,2703.8242746422893,2585.531962626689,2657.352294921875,6293,0.0,0.0
2005-02-16 00:00:00+09:00,2686.9255599975586,2703.824462890625,2623.5546741485596,2703.824462890625,9472,0.0,0.0
2005-02-17 00:00:00+09:00,2703.824519230769,2813.667390324519,2703.824519230769,2746.07177734375,8656,0.0,0.0
2005-02-18 00:00:00+09:00,2720.7234378095286,2720.7234378095286,2619.3300177669375,2665.802001953125,5432,0.0,0.0
2005-02-21 00:00:00+09:00,2737.6220460500776,2737.6220460500776,2678.475890734181,2720.72314453125,3098,0.0,0.0
2005-02-22 00:00:00+09:00,2729.1727585565477,2729.1727585565477,2555.959007626488,2661.5771484375,20271,0.0,0.0
2005-02-23 00:00:00+09:00,2695.375189714371,2737.6224497412422,2568.633409633758,2653.1279296875,2711,0.0,0.0
2005-02-24 00:00:00+09:00,2653.127951320214,2670.02685546875,2619.330143023141,2670.02685546875,5033,0.0,0.0
2005-02-25 00:00:00+09:00,2619.3300220927254,2653.1278288294056,2577.082763671875,2577.082763671875,4214,0.0,0.0
2005-02-28 00:00:00+09:00,2534.8356516768295,2598.20654296875,2534.8356516768295,2598.20654296875,3274,0.0,0.0
2005-03-02 00:00:00+09:00,2602.431217655255,2661.577381692874,2585.5323136445063,2653.1279296875,3733,0.0,0.0
2005-03-03 00:00:00+09:00,2653.127638293851,2661.5770893712197,2619.329833984375,2619.329833984375,7840,0.0,0.0
2005-03-04 00:00:00+09:00,2661.577359713041,2661.577359713041,2636.22900390625,2636.22900390625,1380,0.0,0.0
2005-03-07 00:00:00+09:00,2661.5770893712197,2695.3748936806955,2619.329833984375,2619.329833984375,1680,0.0,0.0
2005-03-08 00:00:00+09:00,2644.6781186344892,2657.352294921875,2619.3297660597177,2657.352294921875,2824,0.0,0.0
2005-03-09 00:00:00+09:00,2678.4762857036226,2703.824641719745,2581.3075876418193,2653.1279296875,5983,0.0,0.0
2005-03-10 00:00:00+09:00,2602.43072646266,2644.677978515625,2551.7340239991013,2644.677978515625,2664,0.0,0.0
2005-03-11 00:00:00+09:00,2661.577239139899,2762.9706577738,2644.6783360342492,2729.1728515625,14157,0.0,0.0
2005-03-14 00:00:00+09:00,2737.6223257211536,2788.3190354567305,2703.824519230769,2746.07177734375,10962,0.0,0.0
2005-03-15 00:00:00+09:00,2746.0715451854867,2788.318799726802,2703.8242906441715,2754.52099609375,3242,0.0,0.0
2005-03-16 00:00:00+09:00,2703.8243348982787,2737.622139084507,2619.3298244327075,2699.599609375,5467,0.0,0.0
2005-03-17 00:00:00+09:00,2619.330164111635,2695.3752333922953,2581.307629471305,2686.92578125,5983,0.0,0.0
2005-03-18 00:00:00+09:00,2619.3297119140625,2619.3297119140625,2475.6890502929687,2534.835205078125,2058,0.0,0.0
2005-03-21 00:00:00+09:00,2670.026732197746,2670.026732197746,2577.082763671875,2577.082763671875,11,0.0,0.0
2005-03-22 00:00:00+09:00,2530.610988187474,2551.734619140625,2475.6895477092817,2551.734619140625,362,0.0,0.0
2005-03-23 00:00:00+09:00,2475.689651362313,2539.060546875,2382.745671277038,2539.060546875,8718,0.0,0.0
2005-03-24 00:00:00+09:00,2395.419444766287,2547.5095682435117,2374.2958165055616,2492.588134765625,4129,0.0,0.0
2005-03-25 00:00:00+09:00,2408.0939705141127,2509.487400851549,2408.0939705141127,2488.36376953125,8961,0.0,0.0
2005-03-28 00:00:00+09:00,2475.6893980238174,2492.5883017645942,2424.9926868014863,2433.442138671875,5320,0.0,0.0
2005-03-29 00:00:00+09:00,2395.4192508056217,2463.014855766627,2365.846173635182,2437.66650390625,2397,0.0,0.0
2005-03-30 00:00:00+09:00,2408.0939705141127,2488.36376953125,2408.0939705141127,2488.36376953125,783,0.0,0.0
2005-03-31 00:00:00+09:00,2416.5429015167815,2458.7901550398024,2416.5429015167815,2454.5654296875,3393,0.0,0.0
2005-04-01 00:00:00+09:00,2463.0148681218966,2463.0148681218966,2382.745086828044,2446.115966796875,541,0.0,0.0
2005-04-04 00:00:00+09:00,2509.486846765706,2509.486846765706,2391.194537490555,2446.115966796875,506,0.0,0.0
2005-04-06 00:00:00+09:00,2492.588262412754,2517.936617623731,2408.09374504283,2496.81298828125,1830,0.0,0.0
2005-04-07 00:00:00+09:00,2496.81286041777,2496.81286041777,2492.588134765625,2492.588134765625,6,0.0,0.0
2005-04-08 00:00:00+09:00,2526.385939982786,2526.385939982786,2488.36340911348,2492.588134765625,198,0.0,0.0
2005-04-12 00:00:00+09:00,2501.0379483234296,2501.0379483234296,2450.3412331547115,2488.36376953125,332,0.0,0.0
2005-04-13 00:00:00+09:00,2501.037353515625,2501.037353515625,2501.037353515625,2501.037353515625,9,0.0,0.0
2005-04-14 00:00:00+09:00,2416.542889478087,2492.5879454406845,2374.2956361655333,2446.115966796875,1215,0.0,0.0
2005-04-15 00:00:00+09:00,2441.8916015625,2441.8916015625,2441.8916015625,2441.8916015625,235,0.0,0.0
2005-04-18 00:00:00+09:00,2408.093598762445,2408.093598762445,2386.969970703125,2386.969970703125,105,0.0,0.0
2005-04-19 00:00:00+09:00,2365.8464802486797,2408.093738824549,2315.1497699576366,2399.644287109375,4131,0.0,0.0
2005-04-20 00:00:00+09:00,2420.768044952768,2420.768044952768,2323.599345068102,2403.869140625,5977,0.0,0.0
2005-04-21 00:00:00+09:00,2729.17265520475,2762.970458984375,2729.17265520475,2762.970458984375,30501,0.0,0.0
2005-04-22 00:00:00+09:00,2767.195348739624,2948.858554840088,2686.9255599975586,2703.824462890625,52424,0.0,0.0
2005-04-25 00:00:00+09:00,2724.9479647549715,2830.566102923769,2703.824337121212,2788.31884765625,45673,0.0,0.0
2005-04-26 00:00:00+09:00,2872.8135478763043,2881.262999487705,2800.9932091793967,2834.791015625,57161,0.0,0.0
2005-04-27 00:00:00+09:00,2834.7908672651965,3160.0947372792352,2834.7908672651965,3079.824951171875,121704,0.0,0.0
2005-04-28 00:00:00+09:00,3079.825067541102,3117.84759923914,2923.510215004722,3075.600341796875,79448,0.0,0.0
2005-04-29 00:00:00+09:00,3096.723772795304,3109.39794921875,2991.1056359332542,3109.39794921875,28280,0.0,0.0
2005-05-02 00:00:00+09:00,3075.600542534722,3126.297254774305,2957.3082139756943,3041.802734375,3645,0.0,0.0
2005-05-03 00:00:00+09:00,3024.9036236702127,3117.8475897606386,2788.3189827127662,2978.431640625,15730,0.0,0.0
2005-05-04 00:00:00+09:00,2872.813232421875,2936.184112548828,2860.139056396484,2872.813232421875,32275,0.0,0.0
2005-05-06 00:00:00+09:00,2872.8130519701085,2915.060302734375,2817.8916259765624,2915.060302734375,8753,0.0,0.0
2005-05-09 00:00:00+09:00,2800.992725670856,2915.060302734375,2800.992725670856,2915.060302734375,3490,0.0,0.0
2005-05-10 00:00:00+09:00,2830.5658012058425,2915.060302734375,2800.992725670856,2915.060302734375,1017,0.0,0.0
2005-05-11 00:00:00+09:00,2813.6670776367187,2906.61103515625,2771.41982421875,2872.813232421875,1762,0.0,0.0
2005-05-12 00:00:00+09:00,2800.9929440797177,2957.307784096233,2788.3187678621625,2817.891845703125,8537,0.0,0.0
2005-05-13 00:00:00+09:00,2822.1169866979476,2923.51041136973,2788.3191784740197,2855.914794921875,7470,0.0,0.0
2005-05-16 00:00:00+09:00,2847.465087890625,2847.465087890625,2771.420026196217,2847.465087890625,651,0.0,0.0
2005-05-17 00:00:00+09:00,2851.6898135403144,2851.6898135403144,2792.5436544446634,2847.465087890625,854,0.0,0.0
2005-05-18 00:00:00+09:00,2830.566470685942,3274.1627086292615,2788.3192099294356,2881.26318359375,27220,0.0,0.0
2005-05-19 00:00:00+09:00,2830.5660934335883,2915.060603685337,2805.2177403580636,2868.588623046875,1548,0.0,0.0
2005-05-20 00:00:00+09:00,2830.5662082008203,2898.1618191429297,2758.7458715748294,2864.364013671875,6965,0.0,0.0
2005-05-24 00:00:00+09:00,2830.5662082008203,2948.8585273495114,2788.3189513620023,2864.364013671875,4523,0.0,0.0
2005-05-25 00:00:00+09:00,2826.3417127259386,2953.0834935656667,2788.3191784740197,2855.914794921875,12674,0.0,0.0
2005-05-26 00:00:00+09:00,2893.9368591308594,2893.9368591308594,2737.622021484375,2872.813232421875,14211,0.0,0.0
2005-05-27 00:00:00+09:00,2788.318550441576,2923.5097528872284,2788.318550441576,2915.060302734375,6078,0.0,0.0
2005-05-30 00:00:00+09:00,2805.217819940476,2872.813430059524,2733.397484188988,2839.015625,8506,0.0,0.0
2005-05-31 00:00:00+09:00,2767.195516557836,2834.7911322294776,2746.071886660448,2830.56640625,3792,0.0,0.0
2005-06-01 00:00:00+09:00,2771.4200148809523,2813.6672712053573,2746.0716610863096,2750.29638671875,6186,0.0,0.0
2005-06-02 00:00:00+09:00,2741.846651376012,2855.9142316335656,2695.3746742340454,2805.217529296875,6579,0.0,0.0
2005-06-03 00:00:00+09:00,2813.667236328125,2864.3639432889922,2788.3188828476914,2813.667236328125,3792,0.0,0.0
2005-06-07 00:00:00+09:00,2746.0715570945626,2813.6671646538134,2678.475949535312,2762.970458984375,7460,0.0,0.0
2005-06-08 00:00:00+09:00,2762.970470893674,2788.3188238376524,2703.8243140243903,2771.419921875,11764,0.0,0.0
2005-06-09 00:00:00+09:00,2716.498382472693,2779.869262312647,2695.374755859375,2695.374755859375,27771,0.0,0.0
2005-06-10 00:00:00+09:00,2661.5770591177593,2788.3188238376524,2640.4534316644435,2771.419921875,16052,0.0,0.0
2005-06-13 00:00:00+09:00,2737.6224419780433,2746.071893959457,2678.476278108147,2741.84716796875,3989,0.0,0.0
2005-06-14 00:00:00+09:00,2720.723488245846,2830.566361994902,2686.925680938444,2796.7685546875,14777,0.0,0.0
2005-06-15 00:00:00+09:00,2720.7231924606976,2771.419897910276,2686.9253888276457,2754.52099609375,2777,0.0,0.0
2005-06-16 00:00:00+09:00,2746.0717627464032,2826.341552734375,2695.3750532803156,2826.341552734375,8762,0.0,0.0
2005-06-17 00:00:00+09:00,2800.993059587908,2826.341413068342,2800.993059587908,2813.667236328125,4247,0.0,0.0
2005-06-20 00:00:00+09:00,2771.4199455492426,2830.566102923769,2703.824337121212,2788.31884765625,9537,0.0,0.0
2005-06-21 00:00:00+09:00,2771.4199455492426,2796.7682987097537,2729.1726902817236,2788.31884765625,8905,0.0,0.0
2005-06-22 00:00:00+09:00,2822.1169542910447,2893.9372959421644,2779.869694496269,2830.56640625,107900,0.0,0.0
2005-06-23 00:00:00+09:00,2813.6674914331493,2851.690025101165,2779.869683728247,2822.116943359375,45734,0.0,0.0
2005-06-24 00:00:00+09:00,2822.116430075772,2843.240056049393,2771.4197277390813,2805.217529296875,71740,0.0,0.0
2005-06-27 00:00:00+09:00,2800.9932091793967,2915.0608059333085,2661.5772575912815,2834.791015625,65445,0.0,0.0
2005-06-28 00:00:00+09:00,2809.442510748053,2834.7908642284865,2746.071627046969,2813.667236328125,53984,0.0,0.0
2005-06-29 00:00:00+09:00,2788.31884765625,2864.3639071377843,2729.1726902817236,2788.31884765625,94569,0.0,0.0
2005-06-30 00:00:00+09:00,2788.318743813631,2864.363800463094,2771.4198423359726,2800.992919921875,108357,0.0,0.0
2005-07-01 00:00:00+09:00,2822.1168382078986,2847.4651930421014,2750.296499510991,2834.791015625,44380,0.0,0.0
2005-07-04 00:00:00+09:00,2834.7908642284865,2864.3639432889922,2784.0941572676193,2813.667236328125,50319,0.0,0.0
2005-07-05 00:00:00+09:00,2834.7909109415573,2889.712344387519,2817.8920083427997,2847.465087890625,75797,0.0,0.0
2005-07-06 00:00:00+09:00,2826.341155270496,2868.588407217738,2792.5433537127024,2805.217529296875,54781,0.0,0.0
2005-07-07 00:00:00+09:00,2826.3415863715277,2868.5888447627312,2805.2179571759257,2851.68994140625,17162,0.0,0.0
2005-07-08 00:00:00+09:00,2851.689732757434,2906.611164647577,2851.689732757434,2877.0380859375,36272,0.0,0.0
2005-07-11 00:00:00+09:00,2915.0604858398438,2915.0604858398438,2839.0154296875,2872.813232421875,15970,0.0,0.0
2005-07-12 00:00:00+09:00,2851.68994140625,2872.8135706018516,2788.3190538194444,2851.68994140625,58673,0.0,0.0
2005-07-13 00:00:00+09:00,2792.543537291547,2860.139144850798,2724.9479297322964,2762.970458984375,52496,0.0,0.0
2005-07-14 00:00:00+09:00,2754.521228966346,2788.3190354567305,2695.375067608173,2746.07177734375,33733,0.0,0.0
2005-07-15 00:00:00+09:00,2788.3187678621625,2868.588550573346,2712.273710556831,2817.891845703125,22159,0.0,0.0
2005-07-18 00:00:00+09:00,2944.6340415096847,2948.8587675376757,2792.5439045020107,2855.914794921875,44772,0.0,0.0
2005-07-19 00:00:00+09:00,2767.1951724561445,2855.914406992906,2746.0715451854867,2754.52099609375,17204,0.0,0.0
2005-07-20 00:00:00+09:00,2775.644811897634,2784.0942633798186,2712.27392578125,2712.27392578125,19772,0.0,0.0
2005-07-21 00:00:00+09:00,2703.824519230769,2746.07177734375,2699.599793419471,2746.07177734375,6243,0.0,0.0
2005-07-22 00:00:00+09:00,2619.32975863233,2771.4198736496915,2610.8803077980324,2737.6220703125,18094,0.0,0.0
2005-07-25 00:00:00+09:00,2771.4200148809523,2792.543643043155,2670.026599702381,2750.29638671875,16059,0.0,0.0
2005-07-26 00:00:00+09:00,2750.296503155048,2775.6448580228366,2703.824519230769,2746.07177734375,13097,0.0,0.0
2005-07-27 00:00:00+09:00,2708.049072265625,2746.0716021414296,2703.824346723869,2708.049072265625,15473,0.0,0.0
2005-07-28 00:00:00+09:00,2737.622009086011,2737.622009086011,2627.7791506967574,2695.374755859375,20776,0.0,0.0
2005-07-29 00:00:00+09:00,2686.9257596172865,2784.0944584713707,2670.02685546875,2670.02685546875,8099,0.0,0.0
2005-08-01 00:00:00+09:00,2670.0266443000755,2784.09423828125,2661.5771928940626,2784.09423828125,8648,0.0,0.0
2005-08-02 00:00:00+09:00,2800.9929760891964,2800.9929760891964,2674.2512124652512,2754.52099609375,8970,0.0,0.0
2005-08-03 00:00:00+09:00,2691.150448927239,2864.364214085821,2691.150448927239,2830.56640625,25469,0.0,0.0
2005-08-04 00:00:00+09:00,2788.3191227442785,3193.8928133252643,2788.3191227442785,2999.555419921875,12284,0.0,0.0
2005-08-05 00:00:00+09:00,2936.1842386785993,2936.1842386785993,2636.2287265258215,2699.599609375,11463,0.0,0.0
2005-08-08 00:00:00+09:00,2632.004125595093,2729.1728172302246,2632.004125595093,2703.824462890625,12873,0.0,0.0
2005-08-09 00:00:00+09:00,2686.9255599975586,2703.824462890625,2543.284885406494,2703.824462890625,4220,0.0,0.0
2005-08-10 00:00:00+09:00,2661.5774033944817,2729.1730199886274,2661.5774033944817,2670.02685546875,544,0.0,0.0
2005-08-11 00:00:00+09:00,2695.3748838517213,2712.2737859448357,2644.678177572379,2699.599609375,3301,0.0,0.0
2005-08-12 00:00:00+09:00,2775.644635401735,2775.644635401735,2695.3748514251242,2762.970458984375,3106,0.0,0.0
2005-08-16 00:00:00+09:00,2771.420109326625,2771.420109326625,2534.835465847523,2729.1728515625,1837,0.0,0.0
2005-08-17 00:00:00+09:00,2720.7233796296296,2720.7233796296296,2509.487092391304,2623.5546875,16855,0.0,0.0
2005-08-18 00:00:00+09:00,2577.0824468247943,2695.374755859375,2555.9588202114764,2695.374755859375,5113,0.0,0.0
2005-08-19 00:00:00+09:00,2661.5770913063084,2720.723248890893,2619.329835888748,2708.049072265625,4365,0.0,0.0
2005-08-22 00:00:00+09:00,2678.4759817586073,2703.8243348982787,2627.7792754792645,2699.599609375,12589,0.0,0.0
2005-08-23 00:00:00+09:00,2644.678027805846,2699.5994564982993,2644.678027805846,2678.475830078125,26495,0.0,0.0
2005-08-24 00:00:00+09:00,2720.723307291667,2720.723307291667,2661.5771484375,2661.5771484375,4938,0.0,0.0
2005-08-25 00:00:00+09:00,2779.8696796269383,2779.8696796269383,2661.5773528343025,2724.9482421875,5289,0.0,0.0
2005-08-26 00:00:00+09:00,2720.723227642952,2999.555111221267,2661.5770705202794,2779.869384765625,24097,0.0,0.0
2005-08-29 00:00:00+09:00,2948.8585284971937,2948.8585284971937,2644.678279139317,2775.644775390625,2440,0.0,0.0
2005-08-30 00:00:00+09:00,2661.5769892153535,2762.9703983283193,2623.554460797991,2720.72314453125,1853,0.0,0.0
2005-08-31 00:00:00+09:00,2758.7459703255004,2758.7459703255004,2623.5547436020456,2665.802001953125,22345,0.0,0.0
2005-09-01 00:00:00+09:00,2661.5773528343025,2724.9482421875,2661.5773528343025,2724.9482421875,2399,0.0,0.0
2005-09-02 00:00:00+09:00,2703.8242430124224,2720.72314453125,2703.8242430124224,2720.72314453125,101,0.0,0.0
2005-09-05 00:00:00+09:00,2661.5770591177593,2872.8133336509145,2661.5770591177593,2771.419921875,1511,0.0,0.0
2005-09-06 00:00:00+09:00,2741.8468434403585,2771.419921875,2741.8468434403585,2771.419921875,599,0.0,0.0
2005-09-07 00:00:00+09:00,2703.8242430124224,2872.813258200699,2703.8242430124224,2720.72314453125,1462,0.0,0.0
2005-09-08 00:00:00+09:00,2809.4430024664657,2860.139718300447,2678.476486562014,2716.4990234375,2021,0.0,0.0
2005-09-09 00:00:00+09:00,2703.824337121212,2830.566102923769,2703.824337121212,2788.31884765625,4974,0.0,0.0
2005-09-12 00:00:00+09:00,2957.307992104514,2957.307992104514,2746.071706954192,2784.09423828125,20104,0.0,0.0
2005-09-13 00:00:00+09:00,2788.3188238376524,2953.0831179735137,2703.8243140243903,2771.419921875,6485,0.0,0.0
2005-09-14 00:00:00+09:00,2754.52099609375,2868.5885833553007,2746.0715451854867,2754.52099609375,16168,0.0,0.0
2005-09-15 00:00:00+09:00,2754.5212444903923,2754.5212444903923,2661.577276118017,2665.802001953125,3054,0.0,0.0
2005-09-16 00:00:00+09:00,2703.8243348982787,2703.8243348982787,2636.2287265258215,2699.599609375,1416,0.0,0.0
2005-09-20 00:00:00+09:00,2699.599621182113,2708.049072265625,2695.374895640357,2708.049072265625,29262,0.0,0.0
2005-09-21 00:00:00+09:00,2746.0716021414296,2746.0716021414296,2708.049072265625,2708.049072265625,2995,0.0,0.0
2005-09-22 00:00:00+09:00,2653.1275319923643,2800.992919921875,2653.1275319923643,2800.992919921875,471,0.0,0.0
2005-09-23 00:00:00+09:00,2843.240234375,2843.240234375,2843.240234375,2843.240234375,2,0.0,0.0
2005-09-26 00:00:00+09:00,2746.0716841603053,2851.6898258587785,2636.228816793893,2767.1953125,2003,0.0,0.0
2005-09-27 00:00:00+09:00,2788.318977355957,2788.318977355957,2691.150285720825,2703.824462890625,12733,0.0,0.0
2005-09-28 00:00:00+09:00,2813.6671278211807,2813.6671278211807,2661.5770128038193,2737.6220703125,20314,0.0,0.0
2005-09-29 00:00:00+09:00,2784.0944204757466,2830.56640625,2648.9031891324626,2830.56640625,12097,0.0,0.0
2005-09-30 00:00:00+09:00,2830.5660934335883,2877.03807407205,2741.8468576692517,2868.588623046875,6084,0.0,0.0
2005-10-04 00:00:00+09:00,2868.588895215729,2868.588895215729,2703.824584592145,2796.7685546875,10515,0.0,0.0
2005-10-05 00:00:00+09:00,2771.4199386160712,2957.307861328125,2771.4199386160712,2957.307861328125,10635,0.0,0.0
2005-10-06 00:00:00+09:00,2839.015636241007,2936.184326171875,2788.3189284509895,2936.184326171875,5720,0.0,0.0
2005-10-07 00:00:00+09:00,2923.510009765625,2936.1841861085395,2906.611107975072,2923.510009765625,51,0.0,0.0
2005-10-10 00:00:00+09:00,2813.667352707942,2868.5887875205594,2805.2179011983085,2809.442626953125,18224,0.0,0.0
2005-10-11 00:00:00+09:00,2809.442545572917,2860.1392531622023,2771.4200148809523,2839.015625,28380,0.0,0.0
2005-10-12 00:00:00+09:00,2817.8920784627585,2839.015707236842,2809.442626953125,2809.442626953125,1771,0.0,0.0
2005-10-13 00:00:00+09:00,2796.768449688675,2813.667352707942,2788.3189981790415,2809.442626953125,3427,0.0,0.0
2005-10-14 00:00:00+09:00,2805.217749763258,2872.813358191288,2788.31884765625,2788.31884765625,3522,0.0,0.0
2005-10-17 00:00:00+09:00,2758.746021466673,2843.2405397351777,2754.521295553248,2796.7685546875,1469,0.0,0.0
2005-10-18 00:00:00+09:00,2792.543552235275,2877.0380621364934,2771.4199247599704,2860.13916015625,844,0.0,0.0
2005-10-19 00:00:00+09:00,2788.318917410714,2855.914527529762,2623.554617745536,2661.5771484375,442,0.0,0.0
2005-10-20 00:00:00+09:00,2729.17265520475,2771.4199099292814,2695.3748514251242,2762.970458984375,9224,0.0,0.0
2005-10-21 00:00:00+09:00,2746.0716841603053,2800.9931178435113,2678.476073473282,2767.1953125,6069,0.0,0.0
2005-10-24 00:00:00+09:00,2847.465076264881,2847.465076264881,2644.678245907738,2750.29638671875,19226,0.0,0.0
2005-10-25 00:00:00+09:00,2754.52099609375,2830.566054268117,2754.52099609375,2754.52099609375,14282,0.0,0.0
2005-10-26 00:00:00+09:00,2779.869501076151,2830.566209302464,2741.8469699064167,2775.644775390625,20765,0.0,0.0
2005-10-27 00:00:00+09:00,2762.9705636160716,2762.9705636160716,2729.1727585565477,2750.29638671875,29584,0.0,0.0
2005-10-28 00:00:00+09:00,2746.0715570945626,2762.970458984375,2729.17265520475,2762.970458984375,2697,0.0,0.0
2005-10-31 00:00:00+09:00,2762.9710129519826,2762.9710129519826,2699.600118159506,2716.4990234375,3296,0.0,0.0
2005-11-01 00:00:00+09:00,2686.9255599975586,2708.0491886138916,2674.251382827759,2703.824462890625,3374,0.0,0.0
2005-11-02 00:00:00+09:00,2674.2517602425155,3016.4545921218896,2674.2517602425155,2716.4990234375,27765,0.0,0.0
2005-11-03 00:00:00+09:00,2716.498604484733,2872.813454198473,2716.498604484733,2767.1953125,5580,0.0,0.0
2005-11-04 00:00:00+09:00,2762.970470893674,2788.3188238376524,2729.172666968369,2771.419921875,9416,0.0,0.0
2005-11-07 00:00:00+09:00,2771.419897910276,2771.419897910276,2674.2512124652512,2754.52099609375,23900,0.0,0.0
2005-11-08 00:00:00+09:00,2720.723284147991,2750.296363323512,2695.374930568972,2733.3974609375,3601,0.0,0.0
2005-11-09 00:00:00+09:00,2733.397554486711,2805.2178920852803,2703.824474299065,2712.27392578125,3995,0.0,0.0
2005-11-10 00:00:00+09:00,2708.048968392129,2750.2962221891985,2678.475890734181,2720.72314453125,4263,0.0,0.0
2005-11-11 00:00:00+09:00,2703.824474299065,2733.397554486711,2695.3750228168806,2712.27392578125,4804,0.0,0.0
2005-11-14 00:00:00+09:00,2703.824519230769,2788.3190354567305,2703.824519230769,2746.07177734375,7911,0.0,0.0
2005-11-15 00:00:00+09:00,2746.0714968094917,2746.0714968094917,2699.5995176327156,2720.72314453125,5586,0.0,0.0
2005-11-16 00:00:00+09:00,2720.723273566535,2931.9595525701484,2686.9254689259574,2813.667236328125,18995,0.0,0.0
2005-11-17 00:00:00+09:00,2746.071548802006,2843.240234375,2733.39737242292,2843.240234375,5773,0.0,0.0
2005-11-18 00:00:00+09:00,2771.4202743620563,2991.106027817585,2771.4202743620563,2855.914794921875,34789,0.0,0.0
2005-11-21 00:00:00+09:00,2855.9147621268658,2957.3081856343283,2779.869694496269,2830.56640625,21249,0.0,0.0
2005-11-22 00:00:00+09:00,2855.914751064278,2855.914751064278,2771.420231802021,2822.116943359375,9443,0.0,0.0
2005-11-23 00:00:00+09:00,2822.1166155987194,2847.4649684334386,2741.846831622109,2762.970458984375,19852,0.0,0.0
2005-11-24 00:00:00+09:00,2750.2966126399256,2843.240584188433,2746.071886660448,2830.56640625,6563,0.0,0.0
2005-11-25 00:00:00+09:00,2792.54374642365,2830.5662785232157,2788.3190206348095,2826.341552734375,5853,0.0,0.0
2005-11-28 00:00:00+09:00,2847.4651429521277,3202.342104388298,2839.015691489362,2978.431640625,33440,0.0,0.0
2005-11-29 00:00:00+09:00,2931.9591394280988,3033.3525390625,2898.161339549965,3033.3525390625,9455,0.0,0.0
2005-11-30 00:00:00+09:00,3058.7016709172694,3117.8478358245093,2931.9598889731838,3067.151123046875,13732,0.0,0.0
2005-12-01 00:00:00+09:00,2978.4315826635566,3105.173352138602,2923.5101492243707,2936.184326171875,15179,0.0,0.0
2005-12-02 00:00:00+09:00,2999.555126307819,3041.8023816079294,2872.8133604074887,2877.0380859375,19593,0.0,0.0
2005-12-05 00:00:00+09:00,2995.330181521667,2999.554906742431,2885.4873257818035,2982.656005859375,27401,0.0,0.0
2005-12-06 00:00:00+09:00,2957.3078494358883,3020.6787319238,2948.8583984375,2948.8583984375,8060,0.0,0.0
2005-12-07 00:00:00+09:00,2957.3082529554617,2986.8813354850167,2881.26318359375,2881.26318359375,11904,0.0,0.0
2005-12-08 00:00:00+09:00,2830.566102923769,2902.386436878551,2779.8693966027463,2788.31884765625,14898,0.0,0.0
2005-12-09 00:00:00+09:00,2847.464923544087,2872.813275979198,2796.768218673866,2817.891845703125,3319,0.0,0.0
2005-12-12 00:00:00+09:00,2898.161794992798,3109.3980774266756,2822.1167333166027,3024.903564453125,21845,0.0,0.0
2005-12-13 00:00:00+09:00,3029.1282542634253,3058.7013334542817,2910.8359375,2910.8359375,18396,0.0,0.0
2005-12-14 00:00:00+09:00,2910.8362277560764,3071.375816514757,2877.038419596354,3041.802734375,24556,0.0,0.0
2005-12-15 00:00:00+09:00,3126.297194402021,3464.2752694725095,2999.5554162505878,3371.331298828125,52456,0.0,0.0
2005-12-16 00:00:00+09:00,3337.533878692209,3337.533878692209,2923.510688677226,3084.05029296875,29030,0.0,0.0
2005-12-19 00:00:00+09:00,3050.251708343586,3219.24072265625,3050.251708343586,3219.24072265625,9067,0.0,0.0
2005-12-20 00:00:00+09:00,3176.9936865234376,3683.9607641601565,3176.9936865234376,3379.780517578125,25443,0.0,0.0
2005-12-21 00:00:00+09:00,3417.802989022943,3447.3760680379746,3143.195826740506,3337.533203125,21104,0.0,0.0
2005-12-22 00:00:00+09:00,3329.0839712137804,3438.926843360428,3126.2971303276618,3134.74658203125,17267,0.0,0.0
2005-12-23 00:00:00+09:00,3016.4543321397573,3244.589533730159,3016.4543321397573,3193.892822265625,5945,0.0,0.0
2005-12-26 00:00:00+09:00,3062.926040842563,3371.3310077136075,3062.926040842563,3337.533203125,23513,0.0,0.0
2005-12-27 00:00:00+09:00,3320.63428088202,3616.3650692557367,3295.285927592844,3498.07275390625,44002,0.0,0.0
2005-12-28 00:00:00+09:00,3414.6233968296006,3695.6273172669494,3337.985963983051,3516.806640625,33022,32.0,0.0
2005-12-29 00:00:00+09:00,3487.003260830966,3559.3830598958334,3359.2742036576706,3512.549072265625,12936,0.0,0.0
2006-01-02 00:00:00+09:00,3397.5925248922763,3474.229950265786,3278.3787520890387,3303.924560546875,19842,0.0,0.0
2006-01-03 00:00:00+09:00,3240.0600833525555,3337.9856837692555,3159.1650221387595,3316.697509765625,21887,0.0,0.0
2006-01-04 00:00:00+09:00,3252.833029656661,3329.470457056949,3150.649793122944,3235.802490234375,28916,0.0,0.0
2006-01-05 00:00:00+09:00,3218.7720170454545,3231.544921875,3048.466619318182,3091.04296875,12087,0.0,0.0
2006-01-06 00:00:00+09:00,3065.4970487310084,3082.527587890625,2971.8290833531164,3082.527587890625,30411,0.0,0.0
2006-01-09 00:00:00+09:00,3052.724542389341,3133.6196139449858,2980.344741523764,3056.982177734375,15862,0.0,0.0
2006-01-10 00:00:00+09:00,2988.8591943292213,3108.0729513679935,2980.343925969309,3095.300048828125,11938,0.0,0.0
2006-01-11 00:00:00+09:00,3129.3616832386365,3142.134588068182,3027.178444602273,3091.04296875,4808,0.0,0.0
2006-01-12 00:00:00+09:00,3048.466619318182,3142.134588068182,2959.056285511364,3044.208984375,8739,0.0,0.0
2006-01-13 00:00:00+09:00,2980.3443495704237,3235.80243667646,2920.7374625790153,2988.859619140625,10784,0.0,0.0
2006-01-16 00:00:00+09:00,3044.208871346933,3044.208871346933,2827.069497306802,2988.859619140625,14592,0.0,0.0
2006-01-17 00:00:00+09:00,2920.737548828125,2942.025723382266,2886.6764695415,2920.737548828125,20000,0.0,0.0
2006-01-18 00:00:00+09:00,3031.435283564815,3056.981086516204,2810.0383246527776,2873.90283203125,9941,0.0,0.0
2006-01-19 00:00:00+09:00,2758.9474008192196,2950.540970320554,2758.9474008192196,2890.93408203125,3779,0.0,0.0
2006-01-20 00:00:00+09:00,2771.720238218916,2954.798533523699,2673.7946384047304,2801.523681640625,7926,0.0,0.0
2006-01-23 00:00:00+09:00,2724.886245854063,2758.947323927239,2473.6857950643916,2567.353759765625,44638,0.0,0.0
2006-01-24 00:00:00+09:00,2567.3536317503294,2639.7334190467736,2426.8516917042916,2622.702880859375,50225,0.0,0.0
2006-01-25 00:00:00+09:00,2520.5200371413935,2873.903758564933,2520.5200371413935,2597.157470703125,12775,0.0,0.0
2006-01-26 00:00:00+09:00,2597.157470703125,2665.2796338691082,2554.5811187243853,2597.157470703125,2759,0.0,0.0
2006-01-27 00:00:00+09:00,2682.3099462178384,2724.8862945705023,2605.672519183043,2626.960693359375,10181,0.0,0.0
2006-01-31 00:00:00+09:00,2626.960396194458,2810.038673400879,2597.156955718994,2724.885986328125,12200,0.0,0.0
2006-02-01 00:00:00+09:00,2639.7336647727275,2822.8119673295455,2482.201171875,2482.201171875,9029,0.0,0.0
2006-02-02 00:00:00+09:00,2592.8996585969003,2852.6153879473286,2588.642023689516,2639.733642578125,24293,0.0,0.0
2006-02-03 00:00:00+09:00,2686.5676491477275,2686.5676491477275,2512.004616477273,2529.03515625,1254,0.0,0.0
2006-02-06 00:00:00+09:00,2452.3974989853896,2622.702880859375,2452.3974989853896,2622.702880859375,6568,0.0,0.0
2006-02-07 00:00:00+09:00,2682.310146115861,2707.85595703125,2643.991429742777,2707.85595703125,2910,0.0,0.0
2006-02-08 00:00:00+09:00,2682.310146115861,2767.4628491671583,2643.991429742777,2707.85595703125,1415,0.0,0.0
2006-02-09 00:00:00+09:00,2724.8861053719006,2724.8861053719006,2571.6112619447313,2575.868896484375,2685,0.0,0.0
2006-02-10 00:00:00+09:00,2512.0043826412843,2622.702880859375,2512.0043826412843,2622.702880859375,3010,0.0,0.0
2006-02-13 00:00:00+09:00,2699.3402863757924,2699.3402863757924,2605.6723269116483,2686.5673828125,20,0.0,0.0
2006-02-14 00:00:00+09:00,2682.3099693885215,2682.3099693885215,2571.6114627153443,2656.76416015625,1032,0.0,0.0
2006-02-15 00:00:00+09:00,2805.7813349856606,3052.72415354282,2690.8251953125,2690.8251953125,85571,0.0,0.0
2006-02-16 00:00:00+09:00,2699.3405304465405,2767.462688943614,2529.0351342038566,2546.065673828125,11457,0.0,0.0
2006-02-17 00:00:00+09:00,2592.899886232947,2592.899886232947,2494.9742747660216,2516.262451171875,6538,0.0,0.0
2006-02-20 00:00:00+09:00,2469.4282670454545,2575.869140625,2469.4282670454545,2529.03515625,21402,0.0,0.0
2006-02-21 00:00:00+09:00,2605.6725179842206,2605.6725179842206,2529.0350909846848,2580.126708984375,9036,0.0,0.0
2006-02-22 00:00:00+09:00,2588.6420454545455,2716.37109375,2529.03515625,2529.03515625,3723,0.0,0.0
2006-02-23 00:00:00+09:00,2588.642333984375,2673.795042339124,2512.0048964651005,2588.642333984375,5934,0.0,0.0
2006-02-24 00:00:00+09:00,2588.64197865099,2631.2183269840657,2494.974012318224,2580.126708984375,20993,0.0,0.0
2006-02-27 00:00:00+09:00,2529.03515625,2580.126775568182,2460.912997159091,2482.201171875,14492,0.0,0.0
2006-02-28 00:00:00+09:00,2456.6552976464022,2546.0656291032037,2456.6552976464022,2533.292724609375,4487,0.0,0.0
2006-03-02 00:00:00+09:00,2580.1265941188867,2580.1265941188867,2512.0044398187183,2524.77734375,3427,0.0,0.0
2006-03-03 00:00:00+09:00,2473.685573032924,2554.580626195791,2426.8515948860013,2503.489013671875,3699,0.0,0.0
2006-03-06 00:00:00+09:00,2503.489300719464,2516.2622053149717,2418.336603416081,2422.59423828125,5221,0.0,0.0
2006-03-07 00:00:00+09:00,2431.1092990944603,2431.1092990944603,2320.4108021129264,2341.698974609375,3672,0.0,0.0
2006-03-08 00:00:00+09:00,2248.031000664894,2299.1226143163685,2188.424118071506,2201.197021484375,9270,0.0,0.0
2006-03-09 00:00:00+09:00,2171.3938636564267,2282.092374352637,2171.3938636564267,2260.80419921875,6954,0.0,0.0
2006-03-10 00:00:00+09:00,2341.6992411072,2443.8824807191504,2256.5465414305745,2324.668701171875,4936,0.0,0.0
2006-03-13 00:00:00+09:00,2380.018092884737,2380.018092884737,2294.8653883092543,2316.153564453125,6197,0.0,0.0
2006-03-14 00:00:00+09:00,2252.288693860901,2358.7295584100925,2252.288693860901,2354.471923828125,3209,0.0,0.0
2006-03-15 00:00:00+09:00,2409.8211265980117,2409.8211265980117,2307.637898615057,2341.698974609375,3405,0.0,0.0
2006-03-16 00:00:00+09:00,2401.305857599432,2401.305857599432,2341.698974609375,2341.698974609375,395,0.0,0.0
2006-03-17 00:00:00+09:00,2375.760457655963,2375.760457655963,2201.197413276224,2316.153564453125,1911,0.0,0.0
2006-03-20 00:00:00+09:00,2239.5161303351906,2350.214646283318,2239.5161303351906,2316.153564453125,322,0.0,0.0
2006-03-21 00:00:00+09:00,2388.533292701776,2388.533292701776,2299.1229555418163,2367.2451171875,5347,0.0,0.0
2006-03-22 00:00:00+09:00,2452.3978408081707,2452.3978408081707,2316.1535163188278,2397.048583984375,326,0.0,0.0
2006-03-23 00:00:00+09:00,2337.4417643229167,2354.4723054108795,2299.123046875,2299.123046875,849,0.0,0.0
2006-03-24 00:00:00+09:00,2299.1226296164773,2341.698974609375,2299.1226296164773,2341.698974609375,3874,0.0,0.0
2006-03-27 00:00:00+09:00,2269.319424715909,2324.668678977273,2269.319424715909,2294.865234375,3790,0.0,0.0
2006-03-28 00:00:00+09:00,2256.5468020280787,2307.638427734375,2256.5468020280787,2307.638427734375,7556,0.0,0.0
2006-03-29 00:00:00+09:00,2358.7300365149454,2460.9132871942934,2354.472401069973,2448.140380859375,4270,0.0,0.0
2006-03-30 00:00:00+09:00,2541.808266685749,2541.808266685749,2448.140290358971,2469.428466796875,199,0.0,0.0
2006-03-31 00:00:00+09:00,2388.5331617589804,2575.869096014587,2388.5331617589804,2563.09619140625,6500,0.0,0.0
2006-04-03 00:00:00+09:00,2397.0484111521505,2609.930152817528,2397.0484111521505,2580.126708984375,817,0.0,0.0
2006-04-04 00:00:00+09:00,2580.1266857522955,2580.1266857522955,2473.685815878026,2550.3232421875,619,0.0,0.0
2006-04-05 00:00:00+09:00,2622.703079578488,2622.703079578488,2409.8213361062085,2563.09619140625,298,0.0,0.0
2006-04-06 00:00:00+09:00,2558.8385785463265,2563.0962134523934,2426.8518964582463,2546.065673828125,1819,0.0,0.0
2006-04-07 00:00:00+09:00,2541.808266685749,2541.808266685749,2409.8215727707434,2469.428466796875,1465,0.0,0.0
2006-04-10 00:00:00+09:00,2554.580988908679,2554.580988908679,2465.170654296875,2465.170654296875,117,0.0,0.0
2006-04-11 00:00:00+09:00,2465.1709226392663,2465.1709226392663,2388.5334846297555,2448.140380859375,3175,0.0,0.0
2006-04-12 00:00:00+09:00,2439.625109969429,2541.808360648777,2409.8216618546194,2448.140380859375,4519,0.0,0.0
2006-04-13 00:00:00+09:00,2580.1270796535327,2580.1270796535327,2401.306390964674,2448.140380859375,2833,0.0,0.0
2006-04-14 00:00:00+09:00,2512.004433012259,2554.5807793345007,2426.851740367776,2431.109375,7512,0.0,0.0
2006-04-17 00:00:00+09:00,2486.4588762555804,2486.4588762555804,2384.275634765625,2384.275634765625,3305,0.0,0.0
2006-04-18 00:00:00+09:00,2452.3976805301645,2452.3976805301645,2328.92626953125,2328.92626953125,1603,0.0,0.0
2006-04-19 00:00:00+09:00,2426.8516228788644,2426.8516228788644,2303.3802245218694,2375.760009765625,4634,0.0,0.0
2006-04-20 00:00:00+09:00,2375.760189658717,2465.170519377056,2328.9262074253015,2426.851806640625,3361,0.0,0.0
2006-04-21 00:00:00+09:00,2426.851806640625,2465.170519377056,2367.2449201617324,2426.851806640625,4831,0.0,0.0
2006-04-24 00:00:00+09:00,2443.8825025626106,2443.8825025626106,2333.183991993573,2401.30615234375,8118,0.0,0.0
2006-04-25 00:00:00+09:00,2460.913065883092,2460.913065883092,2350.214554268973,2384.275634765625,6743,0.0,0.0
2006-04-26 00:00:00+09:00,2414.0791224037725,2460.913108905433,2358.729865629083,2443.882568359375,19132,0.0,0.0
2006-04-27 00:00:00+09:00,2439.625016110803,2605.6727920764592,2371.5028516120715,2516.262451171875,20625,0.0,0.0
2006-04-28 00:00:00+09:00,2499.2318697025294,2575.869303526457,2371.5028133293167,2456.655517578125,15549,0.0,0.0
2006-05-02 00:00:00+09:00,2426.8521139210666,2533.292996110587,2392.79103162042,2469.428466796875,16096,0.0,0.0
2006-05-03 00:00:00+09:00,2546.065781375603,2805.781521616258,2486.45889017283,2648.2490234375,27345,0.0,0.0
2006-05-04 00:00:00+09:00,2639.73390367296,2678.052621629503,2452.39794921875,2452.39794921875,3428,0.0,0.0
2006-05-08 00:00:00+09:00,2494.9740987486757,2537.550448556674,2384.2755892478813,2512.004638671875,6257,0.0,0.0
2006-05-09 00:00:00+09:00,2503.4893243584966,2567.3538479390704,2384.275547008092,2499.231689453125,2607,0.0,0.0
2006-05-10 00:00:00+09:00,2494.97427852236,2546.06590197333,2435.367384496228,2469.428466796875,1613,0.0,0.0
2006-05-11 00:00:00+09:00,2469.428466796875,2503.4895490975214,2443.8826550713898,2469.428466796875,523,0.0,0.0
2006-05-12 00:00:00+09:00,2435.3674745244566,2529.0354543138587,2384.2758491847826,2448.140380859375,4506,0.0,0.0
2006-05-15 00:00:00+09:00,2426.851608516034,2533.292468538667,2384.275264506981,2439.62451171875,7007,0.0,0.0
2006-05-16 00:00:00+09:00,2452.3977957589286,2494.9741463797436,2384.275634765625,2384.275634765625,1091,0.0,0.0
2006-05-17 00:00:00+09:00,2384.275811887255,2520.5201439950984,2358.7299996170345,2388.533447265625,1098,0.0,0.0
2006-05-18 00:00:00+09:00,2358.7293798474298,2358.7293798474298,2299.122500212296,2350.214111328125,4025,0.0,0.0
2006-05-19 00:00:00+09:00,2452.3978386324043,2469.4283791784624,2333.1840548099954,2443.882568359375,8361,0.0,0.0
2006-05-22 00:00:00+09:00,2469.4284577546296,2537.5506221064816,2260.8043294270833,2299.123046875,6879,0.0,0.0
2006-05-23 00:00:00+09:00,2384.275654195502,2469.4283561310554,2218.2278854211722,2460.9130859375,6062,0.0,0.0
2006-05-24 00:00:00+09:00,2333.1842058208626,2418.3369140625,2333.1842058208626,2418.3369140625,312,0.0,0.0
2006-05-25 00:00:00+09:00,2307.638225747527,2405.563833113197,2307.638225747527,2367.2451171875,41,0.0,0.0
2006-05-26 00:00:00+09:00,2328.926226421734,2422.59419165259,2328.926226421734,2362.9873046875,3742,0.0,0.0
2006-05-29 00:00:00+09:00,2405.563720262438,2405.563720262438,2299.122847684454,2358.729736328125,3502,0.0,0.0
2006-05-30 00:00:00+09:00,2341.698934356799,2375.760009765625,2316.1531278001794,2375.760009765625,740,0.0,0.0
2006-06-01 00:00:00+09:00,2384.275614995292,2384.275614995292,2260.80419921875,2260.80419921875,788,0.0,0.0
2006-06-02 00:00:00+09:00,2358.729644036604,2592.899554545653,2256.546410359928,2286.349853515625,3632,0.0,0.0
2006-06-05 00:00:00+09:00,2358.7294720612117,2375.760009765625,2243.773342556424,2375.760009765625,3335,0.0,0.0
2006-06-07 00:00:00+09:00,2239.5157573204915,2328.9260822325264,2192.6817776046637,2231.00048828125,6027,0.0,0.0
2006-06-08 00:00:00+09:00,2231.0006062024822,2380.017822265625,2171.393719777225,2380.017822265625,3242,0.0,0.0
2006-06-09 00:00:00+09:00,2375.7603873932103,2375.7603873932103,2201.1973481761465,2367.2451171875,1678,0.0,0.0
2006-06-12 00:00:00+09:00,2222.4855236904227,2367.2451171875,2222.4855236904227,2367.2451171875,1755,0.0,0.0
2006-06-13 00:00:00+09:00,2362.9873046875,2362.9873046875,2273.5769742398647,2362.9873046875,24,0.0,0.0
2006-06-14 00:00:00+09:00,2235.2582611908783,2362.9873046875,2235.2582611908783,2362.9873046875,657,0.0,0.0
2006-06-15 00:00:00+09:00,2213.9700672238373,2380.017822265625,2213.9700672238373,2380.017822265625,1520,0.0,0.0
2006-06-16 00:00:00+09:00,2384.275457010286,2384.275457010286,2299.122762117062,2380.017822265625,13,0.0,0.0
2006-06-19 00:00:00+09:00,2380.017822265625,2380.017822265625,2380.017822265625,2380.017822265625,1,0.0,0.0
2006-06-20 00:00:00+09:00,2375.760009765625,2375.760009765625,2375.760009765625,2375.760009765625,10,0.0,0.0
2006-06-21 00:00:00+09:00,2345.956941673224,2367.2451171875,2341.6993065703687,2367.2451171875,3,0.0,0.0
2006-06-22 00:00:00+09:00,2384.2752786178316,2384.2752786178316,2375.760009765625,2375.760009765625,35,0.0,0.0
2006-06-23 00:00:00+09:00,2375.7602750161536,2375.7602750161536,2265.061767578125,2265.061767578125,21603,0.0,0.0
2006-06-26 00:00:00+09:00,2375.7603209778504,2375.7603209778504,2141.59039686713,2324.668701171875,4548,0.0,0.0
2006-06-27 00:00:00+09:00,2282.092238386015,2294.86514270534,2213.9700820162834,2222.4853515625,15545,0.0,0.0
2006-06-28 00:00:00+09:00,2222.4851459703946,2380.017618002779,2213.9698772118873,2345.95654296875,33702,0.0,0.0
2006-06-29 00:00:00+09:00,2265.061878218633,2316.153499531835,2265.061878218633,2273.5771484375,192,0.0,0.0
2006-06-30 00:00:00+09:00,2341.6993101884364,2341.6993101884364,2213.9702569054307,2273.5771484375,734,0.0,0.0
2006-07-03 00:00:00+09:00,2341.6992411072,2341.6992411072,2273.5770813658996,2324.668701171875,161,0.0,0.0
2006-07-04 00:00:00+09:00,2235.2584306909403,2320.4111328125,2235.2584306909403,2320.4111328125,754,0.0,0.0
2006-07-05 00:00:00+09:00,2286.3499425392783,2316.153386855433,2213.970149200046,2311.895751953125,111,0.0,0.0
2006-07-06 00:00:00+09:00,2286.350141059028,2316.153587962963,2213.970341435185,2299.123046875,0,0.0,0.0
2006-07-07 00:00:00+09:00,2299.123046875,2469.4284577546296,2205.455070891204,2299.123046875,3380,0.0,0.0
2006-07-10 00:00:00+09:00,2256.5464986532606,2358.729736328125,2256.5464986532606,2358.729736328125,14,0.0,0.0
2006-07-11 00:00:00+09:00,2273.5767722058654,2367.244729113223,2171.3935464887477,2282.092041015625,14169,0.0,0.0
2006-07-12 00:00:00+09:00,2299.1230147178294,2494.9742344900887,2248.0313921685442,2456.655517578125,18604,0.0,0.0
2006-07-13 00:00:00+09:00,2320.4110226251382,2456.655339549917,2265.061768874447,2405.563720703125,9236,0.0,0.0
2006-07-14 00:00:00+09:00,2324.6687628406144,2512.004707098832,2324.6687628406144,2460.9130859375,4737,0.0,0.0
2006-07-18 00:00:00+09:00,2388.533466177927,2571.6117888974472,2388.533466177927,2418.3369140625,13645,0.0,0.0
2006-07-19 00:00:00+09:00,2469.4283791784624,2503.489460270579,2426.8520278133165,2443.882568359375,6241,0.0,0.0
2006-07-20 00:00:00+09:00,2469.428466796875,2469.428466796875,2443.8826550713898,2469.428466796875,15098,0.0,0.0
2006-07-21 00:00:00+09:00,2469.4285390074824,2477.943809831646,2414.079278650418,2418.3369140625,20722,0.0,0.0
2006-07-24 00:00:00+09:00,2439.624640764509,2767.4625069754466,2418.3364676339284,2682.309814453125,7159,0.0,0.0
2006-07-25 00:00:00+09:00,2639.7334646986064,2669.536907041978,2286.349791198632,2635.475830078125,4373,0.0,0.0
2006-07-26 00:00:00+09:00,2529.0350282539443,2631.21826171875,2529.0350282539443,2631.21826171875,413,0.0,0.0
2006-07-27 00:00:00+09:00,2622.7030116345354,2635.4759159119762,2520.5197774150083,2567.353759765625,5074,0.0,0.0
2006-07-28 00:00:00+09:00,2469.4280798793416,2724.886157108239,2384.275387469709,2635.475830078125,7826,0.0,0.0
2006-07-31 00:00:00+09:00,2635.4758964464504,2720.6285910004553,2597.157183897148,2631.21826171875,22234,0.0,0.0
2006-08-01 00:00:00+09:00,2716.371070498512,2716.371070498512,2494.974055348163,2592.899658203125,20351,0.0,0.0
2006-08-02 00:00:00+09:00,2588.6419335613596,2588.6419335613596,2507.746873137567,2567.353759765625,1142,0.0,0.0
2006-08-03 00:00:00+09:00,2614.1878098395973,2614.1878098395973,2469.4282242784466,2563.09619140625,14353,0.0,0.0
2006-08-04 00:00:00+09:00,2490.7164200492525,2635.4760068555343,2473.685880424984,2546.065673828125,1569,0.0,0.0
2006-08-07 00:00:00+09:00,2482.201215223252,2546.065740486286,2477.943580205716,2541.80810546875,9614,0.0,0.0
2006-08-08 00:00:00+09:00,2494.9739457712876,2537.55029296875,2490.7163110515417,2537.55029296875,3485,0.0,0.0
2006-08-09 00:00:00+09:00,2486.459083958676,2639.7339589972244,2477.943813123201,2588.642333984375,12077,0.0,0.0
2006-08-10 00:00:00+09:00,2635.476323579487,2635.476323579487,2503.4896256296256,2588.642333984375,11817,0.0,0.0
2006-08-11 00:00:00+09:00,2639.7339589972244,2639.7339589972244,2486.459083958676,2588.642333984375,5307,0.0,0.0
2006-08-14 00:00:00+09:00,2571.61137072672,2588.6419096057048,2494.9739457712876,2537.55029296875,8795,0.0,0.0
2006-08-16 00:00:00+09:00,2682.3099912446123,2682.3099912446123,2494.974055348163,2592.899658203125,8,0.0,0.0
2006-08-17 00:00:00+09:00,2639.7335728818866,2682.3099208315944,2477.9434506729967,2550.3232421875,17822,0.0,0.0
2006-08-18 00:00:00+09:00,2550.3231758626303,2597.157157389323,2516.262098388672,2554.580810546875,4436,0.0,0.0
2006-08-21 00:00:00+09:00,2554.580810546875,2588.6418880208334,2477.9433862304686,2554.580810546875,8803,0.0,0.0
2006-08-22 00:00:00+09:00,2494.973924967448,2554.580810546875,2494.973924967448,2554.580810546875,3443,0.0,0.0
2006-08-23 00:00:00+09:00,2516.262273652675,2554.5809884798728,2499.2317337294758,2512.004638671875,5032,0.0,0.0
2006-08-24 00:00:00+09:00,2512.0046792319786,2682.3100812138077,2477.9435988356126,2665.279541015625,4496,0.0,0.0
2006-08-25 00:00:00+09:00,2558.838753922259,2682.3101746606044,2554.5811187243853,2597.157470703125,6953,0.0,0.0
2006-08-28 00:00:00+09:00,2597.157338287871,2682.3100379038665,2512.004638671875,2512.004638671875,3271,0.0,0.0
2006-08-29 00:00:00+09:00,2592.8994390314274,2678.05212996842,2554.580728109781,2622.702880859375,3190,0.0,0.0
2006-08-30 00:00:00+09:00,2631.2186881617495,2631.2186881617495,2469.428542287726,2588.642333984375,4743,0.0,0.0
2006-08-31 00:00:00+09:00,2639.7336421772375,2639.7336421772375,2512.004594975113,2592.899658203125,3364,0.0,0.0
2006-09-01 00:00:00+09:00,2592.899522705078,2597.157157389323,2524.7773677571613,2554.580810546875,237,0.0,0.0
2006-09-04 00:00:00+09:00,2626.9609170882427,2626.9609170882427,2554.5811187243853,2597.157470703125,2068,0.0,0.0
2006-09-05 00:00:00+09:00,2567.354024318007,2626.9609170882427,2554.5811187243853,2597.157470703125,2664,0.0,0.0
2006-09-06 00:00:00+09:00,2622.703496875,2673.7951234375,2575.869505859375,2661.022216796875,17900,0.0,0.0
2006-09-07 00:00:00+09:00,2682.31039453125,2682.31039453125,2558.838963671875,2661.022216796875,6139,0.0,0.0
2006-09-08 00:00:00+09:00,2601.414837838801,2648.2488201894175,2558.838490247331,2567.353759765625,4586,0.0,0.0
2006-09-11 00:00:00+09:00,2588.641935565961,2614.187744140625,2571.611396516185,2614.187744140625,14581,0.0,0.0
2006-09-12 00:00:00+09:00,2563.096302158785,2592.899747532724,2563.096302158785,2571.611572265625,2883,0.0,0.0
2006-09-13 00:00:00+09:00,2614.1878129232778,2946.2833331317725,2575.869099053067,2750.43212890625,34855,0.0,0.0
2006-09-14 00:00:00+09:00,2737.659403099204,2746.174673404334,2626.960889132518,2707.85595703125,22166,0.0,0.0
2006-09-15 00:00:00+09:00,2707.85595703125,2810.039200692807,2631.218524285083,2707.85595703125,13423,0.0,0.0
2006-09-18 00:00:00+09:00,2707.855997596154,2805.7816075721153,2669.5372806490386,2767.462890625,25759,0.0,0.0
2006-09-19 00:00:00+09:00,2763.20496680895,2810.038949297237,2707.8557147773377,2754.689697265625,32012,0.0,0.0
2006-09-20 00:00:00+09:00,2754.6899185297857,2805.781539893553,2699.3406620523715,2771.720458984375,29260,0.0,0.0
2006-09-21 00:00:00+09:00,2741.917079326923,2801.5239723557693,2724.8865384615383,2767.462890625,7119,0.0,0.0
2006-09-22 00:00:00+09:00,2737.65922272511,2801.523745805789,2656.76416015625,2656.76416015625,4346,0.0,0.0
2006-09-25 00:00:00+09:00,2601.4151171875,2767.462890625,2601.4151171875,2767.462890625,8384,0.0,0.0
2006-09-26 00:00:00+09:00,2648.248934659091,2895.1917613636365,2648.248934659091,2810.0390625,8513,0.0,0.0
2006-09-27 00:00:00+09:00,2805.7810920925313,2810.0387265266627,2703.59786567338,2784.492919921875,3611,0.0,0.0
2006-09-28 00:00:00+09:00,2805.7810920925313,2810.0387265266627,2724.8860378440368,2784.492919921875,7387,0.0,0.0
2006-09-29 00:00:00+09:00,2810.0389511896847,2810.0389511896847,2741.916794797208,2801.523681640625,1189,0.0,0.0
2006-10-02 00:00:00+09:00,2810.0390852107557,2852.615434986676,2746.174560546875,2746.174560546875,15770,0.0,0.0
2006-10-04 00:00:00+09:00,2746.1748424755788,2810.039373695941,2746.1748424755788,2805.78173828125,3435,0.0,0.0
2006-10-09 00:00:00+09:00,2741.916794797208,2805.781316415155,2686.56754272832,2801.523681640625,14632,0.0,0.0
2006-10-10 00:00:00+09:00,2801.523921472886,3082.527840647978,2392.7909481272977,2895.19189453125,30291,0.0,0.0
2006-10-11 00:00:00+09:00,2895.19189453125,2963.3140567555147,2818.554462028952,2895.19189453125,23730,0.0,0.0
2006-10-12 00:00:00+09:00,2920.7378554070133,2971.829479699847,2903.7073139760687,2963.314208984375,2061,0.0,0.0
2006-10-13 00:00:00+09:00,2980.3443302170504,3065.4970253661086,2963.3137911872386,3052.72412109375,18273,0.0,0.0
2006-10-16 00:00:00+09:00,2831.327299230239,3048.4666860884977,2831.327299230239,3039.951416015625,1635,0.0,0.0
2006-10-17 00:00:00+09:00,2869.6459083446557,3022.9207639832425,2869.6459083446557,2937.76806640625,85,0.0,0.0
2006-10-18 00:00:00+09:00,2895.1918716876826,2929.252952531067,2814.2968046846445,2912.222412109375,907,0.0,0.0
2006-10-19 00:00:00+09:00,3039.9515083553456,3039.9515083553456,2835.585020398684,2971.829345703125,1019,0.0,0.0
2006-10-20 00:00:00+09:00,2856.8727366129556,3065.496826171875,2856.8727366129556,3065.496826171875,2109,0.0,0.0
2006-10-23 00:00:00+09:00,2980.344372575811,3022.9207207554655,2937.7680243961568,3018.6630859375,694,0.0,0.0
2006-10-24 00:00:00+09:00,2954.798533523699,2980.344342170878,2801.523681640625,2801.523681640625,3710,0.0,0.0
2006-10-25 00:00:00+09:00,2810.039019352909,2963.3138749539767,2810.039019352909,2890.93408203125,763,0.0,0.0
2006-10-26 00:00:00+09:00,2890.9342154611336,2895.1918505354506,2827.069689346381,2882.4189453125,300,0.0,0.0
2006-10-27 00:00:00+09:00,3022.9207164154955,3022.9207164154955,2737.6591840213573,2878.1611328125,229,0.0,0.0
2006-10-30 00:00:00+09:00,3022.920015914352,3022.920015914352,2737.6585496238426,2873.90283203125,0,0.0,0.0
2006-10-31 00:00:00+09:00,3048.466552734375,3048.466552734375,3048.466552734375,3048.466552734375,1,0.0,0.0
2006-11-01 00:00:00+09:00,3074.012544261466,3074.012544261466,2827.069708295863,2959.056396484375,423,0.0,0.0
2006-11-02 00:00:00+09:00,2959.0558757781982,3018.662756729126,2648.2485679626466,2724.885986328125,2232,0.0,0.0
2006-11-03 00:00:00+09:00,2724.8862281399047,2993.1172162224266,2614.187725121721,2678.05224609375,1476,0.0,0.0
2006-11-06 00:00:00+09:00,2720.628593408436,2763.204940723122,2631.2182640475953,2678.05224609375,5176,0.0,0.0
2006-11-07 00:00:00+09:00,2605.6726654819054,2895.1918505354506,2605.6726654819054,2882.4189453125,1406,0.0,0.0
2006-11-08 00:00:00+09:00,2967.5712886798347,2967.5712886798347,2673.7945040042123,2716.370849609375,3803,0.0,0.0
2006-11-09 00:00:00+09:00,2810.0392701156493,2810.0392701156493,2639.7338598056103,2703.598388671875,485,0.0,0.0
2006-11-10 00:00:00+09:00,2656.7640066964286,2682.309814453125,2656.7640066964286,2682.309814453125,1525,0.0,0.0
2006-11-13 00:00:00+09:00,2643.9912555401143,2682.3099693885215,2614.1878114357974,2656.76416015625,1795,0.0,0.0
2006-11-14 00:00:00+09:00,2656.764072436407,2682.3098808252184,2618.4453598531895,2678.05224609375,3625,0.0,0.0
2006-11-15 00:00:00+09:00,2639.7338400676754,2839.842695685709,2639.7338400676754,2673.794921875,2302,0.0,0.0
2006-11-16 00:00:00+09:00,2673.7944954215704,2712.1132063432174,2580.1265353908784,2622.702880859375,9184,0.0,0.0
2006-11-17 00:00:00+09:00,2622.702889278017,2716.370849609375,2567.353639991306,2716.370849609375,4230,0.0,0.0
2006-11-20 00:00:00+09:00,2673.794545200893,2716.3708914620534,2605.672391183036,2682.309814453125,7568,0.0,0.0
2006-11-21 00:00:00+09:00,2758.947237723214,2758.947237723214,2622.7029296875,2682.309814453125,451,0.0,0.0
2006-11-22 00:00:00+09:00,2631.2180305480956,2797.265770339966,2554.580612182617,2724.885986328125,10605,0.0,0.0
2006-11-23 00:00:00+09:00,2767.4627370723274,2767.4627370723274,2558.838623046875,2558.838623046875,2233,0.0,0.0
2006-11-24 00:00:00+09:00,2597.1572483176055,2682.3099449837564,2554.58089998453,2580.126708984375,18825,0.0,0.0
2006-11-27 00:00:00+09:00,2584.3844971488143,2678.0524690388866,2580.126862062902,2648.2490234375,2905,0.0,0.0
2006-11-28 00:00:00+09:00,2635.4760076707407,2678.0523567445816,2622.703102948589,2639.733642578125,780,0.0,0.0
2006-11-29 00:00:00+09:00,2639.7334275200824,2895.191501151058,2639.7334275200824,2716.370849609375,1296,0.0,0.0
2006-11-30 00:00:00+09:00,2716.370849609375,2810.038809940733,2648.2486966411147,2716.370849609375,3884,0.0,0.0
2006-12-04 00:00:00+09:00,2810.0390388734877,2980.344435168851,2639.733642578125,2639.733642578125,12340,0.0,0.0
2006-12-05 00:00:00+09:00,2758.9470611572265,2758.9470611572265,2639.733299255371,2724.885986328125,784,0.0,0.0
2006-12-06 00:00:00+09:00,2712.113083267212,2724.885986328125,2699.340180206299,2724.885986328125,1006,0.0,0.0
2006-12-07 00:00:00+09:00,2682.310104124799,2720.6288198980105,2648.2490234375,2648.2490234375,3479,0.0,0.0
2006-12-08 00:00:00+09:00,2648.2490930776125,2699.3407154521,2597.157470703125,2597.157470703125,2227,0.0,0.0
2006-12-11 00:00:00+09:00,2678.0525394627302,2678.0525394627302,2597.157470703125,2597.157470703125,3382,0.0,0.0
2006-12-12 00:00:00+09:00,2750.4323085568985,2750.4323085568985,2597.1574430645637,2707.85595703125,3381,0.0,0.0
2006-12-13 00:00:00+09:00,2665.2794299003403,2699.3405088767026,2648.248890412159,2656.76416015625,2015,0.0,0.0
2006-12-14 00:00:00+09:00,2656.764091765065,2656.764091765065,2597.157205090849,2614.187744140625,5202,0.0,0.0
2006-12-15 00:00:00+09:00,2724.886185243328,2724.886185243328,2631.2182226255886,2712.11328125,93,0.0,0.0
2006-12-18 00:00:00+09:00,2724.8865649606296,2724.8865649606296,2673.794941867618,2703.598388671875,699,0.0,0.0
2006-12-19 00:00:00+09:00,2724.886431709265,2724.886431709265,2580.1268400247104,2665.279541015625,15245,0.0,0.0
2006-12-20 00:00:00+09:00,2724.8862969483566,2724.8862969483566,2652.506504685666,2720.628662109375,3040,0.0,0.0
2006-12-21 00:00:00+09:00,2665.2794056505263,2716.3710236502166,2580.126708984375,2580.126708984375,9548,0.0,0.0
2006-12-22 00:00:00+09:00,2592.8993018462984,2665.2790853132724,2580.126398881538,2584.384033203125,3358,0.0,0.0
2006-12-26 00:00:00+09:00,2601.4145704894718,2618.4451077758185,2584.384033203125,2584.384033203125,2879,0.0,0.0
2006-12-27 00:00:00+09:00,2653.5698903481793,2780.555908203125,2631.675749338706,2780.555908203125,12794,84.0,0.0
2006-12-28 00:00:00+09:00,2662.327714490969,2710.494827746562,2618.539429713157,2666.70654296875,4827,0.0,0.0
2007-01-02 00:00:00+09:00,2675.464244639161,2710.494873046875,2671.0854160881963,2710.494873046875,368,0.0,0.0
2007-01-03 00:00:00+09:00,2758.66205656588,2758.66205656588,2587.8877387784682,2631.676025390625,870,0.0,0.0
2007-01-04 00:00:00+09:00,2653.5700224805996,2653.5700224805996,2601.02408144138,2609.78173828125,2391,0.0,0.0
2007-01-05 00:00:00+09:00,2649.19136316636,2649.19136316636,2605.403076171875,2605.403076171875,1184,0.0,0.0
2007-01-08 00:00:00+09:00,2605.403076171875,2636.054877068015,2601.0242474724264,2605.403076171875,5216,0.0,0.0
2007-01-09 00:00:00+09:00,2605.403076171875,2609.7819048713236,2605.403076171875,2605.403076171875,484,0.0,0.0
2007-01-10 00:00:00+09:00,2605.403076171875,2605.403076171875,2592.266590073529,2605.403076171875,1150,0.0,0.0
2007-01-11 00:00:00+09:00,2609.7819542518027,2732.38916015625,2609.7819542518027,2732.38916015625,104,0.0,0.0
2007-01-12 00:00:00+09:00,2679.8429547991072,2758.661865234375,2640.4334995814734,2758.661865234375,2135,0.0,0.0
2007-01-15 00:00:00+09:00,2758.6617282590323,2833.101806640625,2758.6617282590323,2833.101806640625,53,0.0,0.0
2007-01-16 00:00:00+09:00,2798.071320452009,2802.450148809524,2675.4641264415923,2758.661865234375,855,0.0,0.0
2007-01-17 00:00:00+09:00,2758.6615162433873,2802.4497942789967,2723.6308938149,2793.692138671875,410,0.0,0.0
2007-01-18 00:00:00+09:00,2776.177224731445,2802.4501953125,2776.177224731445,2802.4501953125,338,0.0,0.0
2007-01-19 00:00:00+09:00,2828.72274344308,2828.72274344308,2697.35791015625,2697.35791015625,262,0.0,0.0
2007-01-22 00:00:00+09:00,2854.996008359002,2854.996008359002,2723.6311613486187,2754.282958984375,19,0.0,0.0
2007-01-23 00:00:00+09:00,3060.8011571240154,3060.8011571240154,2710.494873046875,2710.494873046875,15449,0.0,0.0
2007-01-24 00:00:00+09:00,2688.600741299716,2973.224598277699,2688.600741299716,2890.02685546875,16429,0.0,0.0
2007-01-25 00:00:00+09:00,2802.449776785714,2802.449776785714,2662.3272879464284,2697.35791015625,2547,0.0,0.0
2007-01-26 00:00:00+09:00,2776.177301311339,2776.177301311339,2697.358387393982,2710.494873046875,20108,0.0,0.0
2007-01-29 00:00:00+09:00,2714.873779296875,2723.6314366494457,2714.873779296875,2714.873779296875,22529,0.0,0.0
2007-01-30 00:00:00+09:00,2684.222043550931,2798.071591890775,2684.222043550931,2732.38916015625,2298,0.0,0.0
2007-01-31 00:00:00+09:00,2837.480416707484,2837.480416707484,2697.3579269935344,2793.692138671875,916,0.0,0.0
2007-02-01 00:00:00+09:00,2758.6614813605306,2758.6614813605306,2723.630859375,2723.630859375,329,0.0,0.0
2007-02-02 00:00:00+09:00,2846.2387084960938,2846.2387084960938,2714.873845027043,2732.38916015625,13310,0.0,0.0
2007-02-05 00:00:00+09:00,2754.2826536123393,2754.2826536123393,2723.630859375,2723.630859375,872,0.0,0.0
2007-02-06 00:00:00+09:00,2719.25260797316,2728.010265325731,2714.873779296875,2714.873779296875,13462,0.0,0.0
2007-02-07 00:00:00+09:00,2719.25260797316,2732.389094002016,2714.873779296875,2714.873779296875,11107,0.0,0.0
2007-02-08 00:00:00+09:00,2828.722900390625,2828.722900390625,2828.722900390625,2828.722900390625,5,0.0,0.0
2007-02-09 00:00:00+09:00,2890.0268103966346,2890.0268103966346,2719.252498873197,2846.238525390625,7,0.0,0.0
2007-02-12 00:00:00+09:00,2890.0262391914443,2890.0262391914443,2692.9789956102095,2706.115478515625,4297,0.0,0.0
2007-02-13 00:00:00+09:00,2784.934430359275,2784.934430359275,2719.252014548915,2749.90380859375,523,0.0,0.0
2007-02-14 00:00:00+09:00,2789.313866793725,2789.313866793725,2714.873779296875,2714.873779296875,106,0.0,0.0
2007-02-15 00:00:00+09:00,2714.873779296875,2723.6314366494457,2714.873779296875,2714.873779296875,6806,0.0,0.0
2007-02-16 00:00:00+09:00,2749.9039110725307,3038.906551408179,2749.9039110725307,2837.48046875,776,0.0,0.0
2007-02-20 00:00:00+09:00,2837.4803808279744,2859.374519568931,2723.630859375,2723.630859375,309,0.0,0.0
2007-02-21 00:00:00+09:00,2758.6620660597277,2758.6620660597277,2714.873779296875,2714.873779296875,3760,0.0,0.0
2007-02-22 00:00:00+09:00,2723.631445465327,2798.071533203125,2714.873788084409,2798.071533203125,17112,0.0,0.0
2007-02-23 00:00:00+09:00,2815.5862776896797,2837.480416707484,2741.146205029144,2793.692138671875,4586,0.0,0.0
2007-02-26 00:00:00+09:00,2798.0712210107035,2798.0712210107035,2714.873485174705,2780.555908203125,4812,0.0,0.0
2007-02-27 00:00:00+09:00,2767.4196442094103,2767.4196442094103,2710.494873046875,2710.494873046875,6302,0.0,0.0
2007-02-28 00:00:00+09:00,2671.0851173151555,2688.600429559845,2583.5085560917078,2679.8427734375,3674,0.0,0.0
2007-03-05 00:00:00+09:00,2758.6620660597277,2758.6620660597277,2644.8125204763105,2714.873779296875,1515,0.0,0.0
2007-03-06 00:00:00+09:00,2671.085056664371,3021.3912936039605,2653.5697448173914,2881.268798828125,1301,0.0,0.0
2007-03-07 00:00:00+09:00,2714.8736703725963,2846.238525390625,2714.8736703725963,2846.238525390625,290,0.0,0.0
2007-03-08 00:00:00+09:00,2846.2385697798295,2890.02685546875,2763.0408269708805,2890.02685546875,5588,0.0,0.0
2007-03-09 00:00:00+09:00,2846.238612843983,3065.1800446012126,2802.450326492537,2933.815185546875,6914,0.0,0.0
2007-03-12 00:00:00+09:00,2977.6034816083093,3017.012939453125,2933.8151951140694,3017.012939453125,1705,0.0,0.0
2007-03-13 00:00:00+09:00,2990.7397405534934,3065.1798219435514,2894.405517578125,2894.405517578125,464,0.0,0.0
2007-03-14 00:00:00+09:00,2977.602887834821,3012.6335100446427,2806.828604561942,2819.965087890625,107,0.0,0.0
2007-03-15 00:00:00+09:00,2890.0263412880267,2920.678135816839,2763.0403353829465,2806.82861328125,1055,0.0,0.0
2007-03-16 00:00:00+09:00,2872.51123046875,2885.6477147544306,2763.0405280880814,2872.51123046875,246,0.0,0.0
2007-03-19 00:00:00+09:00,3065.180098243026,3065.180098243026,2819.965690383584,3060.80126953125,24,0.0,0.0
2007-03-20 00:00:00+09:00,2911.920607622932,3284.120986040901,2911.920607622932,2977.60302734375,4063,0.0,0.0
2007-03-21 00:00:00+09:00,2903.1633304345346,3126.483586621807,2894.4056733291513,2999.49755859375,9543,0.0,0.0
2007-03-22 00:00:00+09:00,3065.1795869715074,3065.1795869715074,2951.330059455423,2977.60302734375,1375,0.0,0.0
2007-03-23 00:00:00+09:00,3065.1795869715074,3065.1795869715074,2907.541779641544,2977.60302734375,290,0.0,0.0
2007-03-26 00:00:00+09:00,2898.784523425994,2977.6034379602356,2898.784523425994,2973.224609375,752,0.0,0.0
2007-03-27 00:00:00+09:00,3065.180054596789,3065.180054596789,2973.224652958885,3017.012939453125,25045,0.0,0.0
2007-03-28 00:00:00+09:00,3060.800859375,3065.1796875,2973.224296875,3065.1796875,31671,0.0,0.0
2007-03-29 00:00:00+09:00,3065.1797756424603,3065.1797756424603,3003.8761801296114,3056.422119140625,2379,0.0,0.0
2007-03-30 00:00:00+09:00,3056.4221923467503,3056.4221923467503,2955.7091401634048,2964.466796875,361,0.0,0.0
2007-04-02 00:00:00+09:00,2933.8148340996036,3100.210302302268,2933.8148340996036,2968.845458984375,566,0.0,0.0
2007-04-03 00:00:00+09:00,2942.572509765625,2964.466650463286,2890.026572091239,2942.572509765625,5801,0.0,0.0
2007-04-04 00:00:00+09:00,2960.087821971395,3065.1796973076575,2951.330165693373,3052.043212890625,598,0.0,0.0
2007-04-05 00:00:00+09:00,2973.2243267437357,3060.8008901235216,2916.299560546875,2916.299560546875,1799,0.0,0.0
2007-04-06 00:00:00+09:00,2890.026524972707,3030.149023153202,2890.026524972707,3008.2548828125,3466,0.0,0.0
2007-04-09 00:00:00+09:00,3008.255324989941,3060.80126953125,2977.6035240075107,3060.80126953125,1368,0.0,0.0
2007-04-10 00:00:00+09:00,3060.8007399667454,3310.393933354592,2995.1183206541546,3003.8759765625,5682,0.0,0.0
2007-04-11 00:00:00+09:00,3205.3021875,3205.3021875,3038.90671875,3065.1796875,13594,0.0,0.0
2007-04-12 00:00:00+09:00,3104.5894162002487,3524.9569535136816,3082.695273631841,3520.578125,49573,0.0,0.0
2007-04-13 00:00:00+09:00,3573.1237599984315,3853.3687607826223,3301.6364154887465,3489.926025390625,13591,0.0,0.0
2007-04-16 00:00:00+09:00,3489.925868772111,3678.2154702240564,3371.6975143720515,3481.168212890625,14491,0.0,0.0
2007-04-17 00:00:00+09:00,3625.66986509811,3625.66986509811,3240.332971222949,3389.213134765625,13944,0.0,0.0
2007-04-18 00:00:00+09:00,3257.8482533330503,3341.0459909853726,3187.7870005731997,3222.817626953125,18400,0.0,0.0
2007-04-19 00:00:00+09:00,3284.12096490718,3459.2740830355633,3161.5137822173124,3235.953857421875,3895,0.0,0.0
2007-04-20 00:00:00+09:00,3327.909273330479,3411.107005163741,3196.54443359375,3196.54443359375,5297,0.0,0.0
2007-04-23 00:00:00+09:00,3301.6362449410035,3590.638887071118,3214.059686719757,3397.970458984375,14724,0.0,0.0
2007-04-24 00:00:00+09:00,3397.9707963646356,3503.062676664573,3275.3636026813756,3485.54736328125,7610,0.0,0.0
2007-04-25 00:00:00+09:00,3590.639113505175,3590.639113505175,3336.667078647492,3437.380126953125,9751,0.0,0.0
2007-04-26 00:00:00+09:00,3437.3803176879883,3678.2158813476562,3437.3803176879883,3503.062744140625,11639,0.0,0.0
2007-04-27 00:00:00+09:00,3678.215753844895,3678.215753844895,3345.4248046875,3345.4248046875,3081,0.0,0.0
2007-04-30 00:00:00+09:00,3503.0626085069443,3503.0626085069443,3275.3635389539927,3468.031982421875,3487,0.0,0.0
2007-05-02 00:00:00+09:00,3327.909487880228,3459.274336086027,3284.121205144962,3454.8955078125,9064,0.0,0.0
2007-05-03 00:00:00+09:00,3848.9900869516227,3848.9900869516227,3371.69780085637,3415.486083984375,4123,0.0,0.0
2007-05-04 00:00:00+09:00,3332.288269904826,3415.4860059471275,3319.151785266568,3411.107177734375,5460,0.0,0.0
2007-05-07 00:00:00+09:00,3590.6393127441406,3590.6393127441406,3327.9096069335938,3503.062744140625,5636,0.0,0.0
2007-05-08 00:00:00+09:00,3481.1685086763823,3481.1685086763823,3327.9095177283652,3415.486083984375,9287,0.0,0.0
2007-05-09 00:00:00+09:00,3345.425157404804,3406.728759765625,3327.909842444569,3406.728759765625,1962,0.0,0.0
2007-05-10 00:00:00+09:00,3393.592344585218,3397.971173416941,3319.1522544459294,3327.909912109375,9585,0.0,0.0
2007-05-11 00:00:00+09:00,3384.8342210386154,3384.8342210386154,3288.5,3288.5,7038,0.0,0.0
2007-05-14 00:00:00+09:00,3288.500082957344,3393.591963105115,3288.500082957344,3389.213134765625,982,0.0,0.0
2007-05-15 00:00:00+09:00,3314.7729002008787,3389.2129785409247,3301.6364157879293,3380.455322265625,2332,0.0,0.0
2007-05-16 00:00:00+09:00,3380.4551232765025,3380.4551232765025,3240.332631119964,3314.772705078125,4206,0.0,0.0
2007-05-17 00:00:00+09:00,3314.7730271633823,3354.182481911692,3244.7117742774985,3319.15185546875,14024,0.0,0.0
2007-05-18 00:00:00+09:00,3288.4998928869195,3332.2881737509265,3288.4998928869195,3323.530517578125,14031,0.0,0.0
2007-05-21 00:00:00+09:00,3275.3639661287007,3327.909912109375,3240.333335474918,3327.909912109375,3540,0.0,0.0
2007-05-22 00:00:00+09:00,3270.9846476183648,3341.0458984375,3270.9846476183648,3341.0458984375,3215,0.0,0.0
2007-05-23 00:00:00+09:00,3389.212812297865,3389.212812297865,3288.49977007196,3384.833984375,1290,0.0,0.0
2007-05-25 00:00:00+09:00,3389.213312322443,3389.213312322443,3292.879083806818,3371.697998046875,2819,0.0,0.0
2007-05-28 00:00:00+09:00,3402.349798029119,3402.349798029119,3371.697998046875,3371.697998046875,158,0.0,0.0
2007-05-29 00:00:00+09:00,3371.6976856998613,3371.6976856998613,3349.8035448836285,3354.182373046875,6388,0.0,0.0
2007-05-30 00:00:00+09:00,3354.1828148849213,3406.728759765625,3354.1828148849213,3406.728759765625,2747,0.0,0.0
2007-05-31 00:00:00+09:00,3411.10741215796,3800.8231498756218,3411.10741215796,3520.578125,65365,0.0,0.0
2007-06-01 00:00:00+09:00,3599.3966580134775,3765.7921239557063,3463.6529884290276,3472.41064453125,12972,0.0,0.0
2007-06-04 00:00:00+09:00,3529.335728236607,3590.6393264938183,3415.486188616071,3586.260498046875,10442,0.0,0.0
2007-06-05 00:00:00+09:00,3748.276717275943,3748.276717275943,3507.4411805350824,3713.24609375,3686,0.0,0.0
2007-06-07 00:00:00+09:00,3708.8676188151044,3708.8676188151044,3503.062686011905,3678.2158203125,7476,0.0,0.0
2007-06-08 00:00:00+09:00,3748.27695596247,3748.27695596247,3555.6085143008477,3616.912109375,4043,0.0,0.0
2007-06-11 00:00:00+09:00,3722.003966111403,3722.003966111403,3511.8202127309946,3643.18505859375,3469,0.0,0.0
2007-06-12 00:00:00+09:00,3713.2463097205527,3713.2463097205527,3555.608494685246,3643.18505859375,11561,0.0,0.0
2007-06-13 00:00:00+09:00,3564.3661707400124,3616.912109375,3564.3661707400124,3616.912109375,4971,0.0,0.0
2007-06-14 00:00:00+09:00,3616.9123979048295,3678.215997869318,3551.2299693714485,3564.366455078125,7905,0.0,0.0
2007-06-15 00:00:00+09:00,3564.366377301468,3564.366377301468,3555.6087203547813,3559.987548828125,12080,0.0,0.0
2007-06-18 00:00:00+09:00,3559.9876703058635,3608.15478515625,3551.2300130603385,3608.15478515625,14757,0.0,0.0
2007-06-19 00:00:00+09:00,3555.608646676409,3651.94287109375,3538.0933331459833,3651.94287109375,3192,0.0,0.0
2007-06-20 00:00:00+09:00,3651.942725021675,3651.942725021675,3568.7449890799344,3630.048583984375,5790,0.0,0.0
2007-06-21 00:00:00+09:00,3573.1238172873946,3634.4274121918347,3573.1238172873946,3630.048583984375,1470,0.0,0.0
2007-06-22 00:00:00+09:00,3630.048594033747,3630.048594033747,3511.8202321050244,3616.912109375,3241,0.0,0.0
2007-06-25 00:00:00+09:00,3573.1238572903917,3612.5333115987414,3503.0626051866584,3577.502685546875,8730,0.0,0.0
2007-06-26 00:00:00+09:00,3590.639123941017,3590.639123941017,3371.6977139446135,3424.24365234375,8688,0.0,0.0
2007-06-27 00:00:00+09:00,3468.032049897927,3494.3050199729114,3459.2743932062654,3485.54736328125,5401,0.0,0.0
2007-06-28 00:00:00+09:00,3485.54744376717,3625.669954069368,3485.54744376717,3586.260498046875,700,0.0,0.0
2007-06-29 00:00:00+09:00,3503.0626814639363,3638.8063603706637,3503.0626814639363,3581.881591796875,2235,0.0,0.0
2007-07-02 00:00:00+09:00,3586.2604453546537,3678.2158413893885,3586.2604453546537,3651.94287109375,3608,0.0,0.0
2007-07-03 00:00:00+09:00,3660.7005868427723,3932.1879509387672,3660.7005868427723,3778.928955078125,32840,0.0,0.0
2007-07-04 00:00:00+09:00,3818.3380661362326,3984.733532321068,3800.82275390625,3800.82275390625,29456,0.0,0.0
2007-07-05 00:00:00+09:00,3800.82275390625,3809.5804100212413,3713.2461927563363,3800.82275390625,15278,0.0,0.0
2007-07-06 00:00:00+09:00,4028.5216660610463,4028.5216660610463,3757.034336391715,3765.7919921875,5378,0.0,0.0
2007-07-09 00:00:00+09:00,3765.7918534712358,3853.368408203125,3757.0341979980467,3853.368408203125,22086,0.0,0.0
2007-07-10 00:00:00+09:00,3809.5806757314026,4028.5220938768853,3765.7923921023057,3774.550048828125,48406,0.0,0.0
2007-07-11 00:00:00+09:00,3774.549551797327,3809.580174087789,3730.7612739342485,3787.68603515625,13746,0.0,0.0
2007-07-12 00:00:00+09:00,3940.945413523707,3853.368848778736,3678.215719288793,3809.58056640625,124453,0.0,0.0
2007-07-13 00:00:00+09:00,3940.9453125,4378.828125,3765.7921875,4378.828125,124453,0.0,0.0
2007-07-16 00:00:00+09:00,4501.435617291271,5026.895027870019,4076.6892604067834,4615.28515625,121271,0.0,0.0
2007-07-18 00:00:00+09:00,4729.134761854488,4755.40773275368,4361.313169265806,4536.46630859375,52001,0.0,0.0
2007-07-19 00:00:00+09:00,4466.405140269886,4536.466397372159,4159.887140447443,4238.7060546875,33628,0.0,0.0
2007-07-20 00:00:00+09:00,4208.053866120003,4510.1930094730515,4208.053866120003,4326.2822265625,59295,0.0,0.0
2007-07-23 00:00:00+09:00,4317.524335739213,4553.981043781726,4251.841916838515,4313.1455078125,30482,0.0,0.0
2007-07-24 00:00:00+09:00,4313.14556386133,4313.14556386133,4054.794712828012,4234.32666015625,44967,0.0,0.0
2007-07-25 00:00:00+09:00,4234.326955586922,4234.326955586922,4028.522025997899,4168.64453125,31642,0.0,0.0
2007-07-26 00:00:00+09:00,4247.463322751232,4247.463322751232,3984.733632684146,3997.8701171875,36095,0.0,0.0
2007-07-27 00:00:00+09:00,3853.3689849088837,3940.945552747722,3643.185222095672,3844.611328125,43858,0.0,0.0
2007-07-30 00:00:00+09:00,3835.8534925730955,4374.449359680962,3835.8534925730955,4081.06787109375,28305,0.0,0.0
2007-07-31 00:00:00+09:00,4199.296644244278,4199.296644244278,3945.324584425541,3993.49169921875,8211,0.0,0.0
2007-08-01 00:00:00+09:00,3949.7027240668403,4037.2792811414934,3884.020306260851,3940.945068359375,6774,0.0,0.0
2007-08-02 00:00:00+09:00,3940.9454107018155,4028.5219753840784,3765.7922813372907,3919.05126953125,6386,0.0,0.0
2007-08-03 00:00:00+09:00,4063.5529456967215,4063.5529456967215,3765.79260053791,4006.628173828125,5494,0.0,0.0
2007-08-06 00:00:00+09:00,3686.973052842882,3993.491002604167,3686.973052842882,3940.945068359375,14242,0.0,0.0
2007-08-07 00:00:00+09:00,4159.886638426678,4194.91726275027,3949.7028924851193,4046.037109375,42879,0.0,0.0
2007-08-08 00:00:00+09:00,4028.521875,4199.296171875,4028.521875,4159.88671875,11324,0.0,0.0
2007-08-09 00:00:00+09:00,4072.3103494847073,4159.886916140293,3984.7337828291224,4116.0986328125,8897,0.0,0.0
2007-08-10 00:00:00+09:00,4116.099067189175,4199.296814291934,3945.324744188773,4085.447265625,10460,0.0,0.0
2007-08-13 00:00:00+09:00,4089.825215386285,4177.4017724609375,3866.5049948459205,3940.945068359375,7563,0.0,0.0
2007-08-14 00:00:00+09:00,3770.17068120783,3940.944962935014,3770.17068120783,3853.368408203125,5863,0.0,0.0
2007-08-16 00:00:00+09:00,3660.7004862034573,3848.9901045129654,3288.500077917221,3498.683837890625,21606,0.0,0.0
2007-08-17 00:00:00+09:00,3840.232447847407,3840.232447847407,3060.8010046126997,3498.683837890625,12339,0.0,0.0
2007-08-20 00:00:00+09:00,3332.288421702666,4019.764482421875,3332.288421702666,3722.004150390625,16372,0.0,0.0
2007-08-21 00:00:00+09:00,3722.003885652528,3722.003885652528,3503.062480614144,3529.33544921875,8522,0.0,0.0
2007-08-22 00:00:00+09:00,3476.7897432018794,3848.990156516942,3463.6532580260537,3844.611328125,21986,0.0,0.0
2007-08-23 00:00:00+09:00,3975.976148623512,3975.976148623512,3590.6392531622027,3678.2158203125,16689,0.0,0.0
2007-08-24 00:00:00+09:00,3590.6394804641163,3765.7926258526095,3590.6394804641163,3691.3525390625,12058,0.0,0.0
2007-08-27 00:00:00+09:00,3590.6394804641163,3857.748027181569,3590.6394804641163,3691.3525390625,11804,0.0,0.0
2007-08-28 00:00:00+09:00,3809.5805902674315,3809.5805902674315,3503.062611740167,3673.8369140625,21082,0.0,0.0
2007-08-29 00:00:00+09:00,3503.062343358396,3590.638901942356,3384.83398927005,3494.3046875,53260,0.0,0.0
2007-08-30 00:00:00+09:00,3546.850622650376,3656.321320880326,3397.970473057644,3494.3046875,34689,0.0,0.0
2007-08-31 00:00:00+09:00,3463.653221552096,3520.5779900478956,3406.728453056297,3485.54736328125,71655,0.0,0.0
2007-09-03 00:00:00+09:00,3437.3802255483774,3590.639216496394,3371.69780085637,3415.486083984375,39731,0.0,0.0
2007-09-04 00:00:00+09:00,3485.5473160683046,3485.5473160683046,3371.6977806188374,3441.759033203125,22387,0.0,0.0
2007-09-05 00:00:00+09:00,3415.4861097479584,3546.8509601228798,3376.076654635482,3485.54736328125,14746,0.0,0.0
2007-09-06 00:00:00+09:00,3415.4861965227487,3485.5474518360356,3266.6060289820134,3476.789794921875,18147,0.0,0.0
2007-09-07 00:00:00+09:00,3476.789972928204,3476.789972928204,3380.455741940269,3459.274658203125,6853,0.0,0.0
2007-09-10 00:00:00+09:00,3459.274339925556,3459.274339925556,3192.1658149439627,3345.4248046875,25005,0.0,0.0
2007-09-11 00:00:00+09:00,3266.6057336346,3371.697607102737,3266.6057336346,3349.803466796875,4092,0.0,0.0
2007-09-12 00:00:00+09:00,3354.182885099712,3433.0018040707237,3319.1522544459294,3327.909912109375,7123,0.0,0.0
2007-09-13 00:00:00+09:00,3284.1210553026576,3393.5917571460795,3214.0598061228675,3336.6669921875,6751,0.0,0.0
2007-09-14 00:00:00+09:00,3336.666945056105,3459.2741293888753,3336.666945056105,3402.349365234375,1908,0.0,0.0
2007-09-17 00:00:00+09:00,3424.2440287529666,3468.0323155656647,3402.349885346618,3459.274658203125,7837,0.0,0.0
2007-09-18 00:00:00+09:00,3463.6534868843946,3481.168801609474,3209.681423370748,3459.274658203125,4623,0.0,0.0
2007-09-19 00:00:00+09:00,3476.7896594952686,3476.7896594952686,3358.5612957592834,3441.759033203125,1586,0.0,0.0
2007-09-20 00:00:00+09:00,3437.3806329024465,3441.7594617341692,3253.4698219700863,3327.909912109375,78768,0.0,0.0
2007-09-21 00:00:00+09:00,3284.12110323733,3406.7282910915237,3284.12110323733,3380.455322265625,26108,0.0,0.0
2007-09-27 00:00:00+09:00,3441.7590748395105,3441.7590748395105,3310.3942246547963,3389.213134765625,6405,0.0,0.0
2007-09-28 00:00:00+09:00,3853.3690920398008,3853.3690920398008,3468.0321828358205,3520.578125,35672,0.0,0.0
2007-10-01 00:00:00+09:00,3476.7899960887676,3516.1994544827207,3393.592250590422,3433.001708984375,16029,0.0,0.0
2007-10-02 00:00:00+09:00,3415.4860432942705,3507.441436767578,3384.834245469835,3468.031982421875,39156,0.0,0.0
2007-10-04 00:00:00+09:00,3498.6838009278586,3498.6838009278586,3402.349578624463,3441.759033203125,23230,0.0,0.0
2007-10-05 00:00:00+09:00,3380.4557644591036,3472.411167378328,3327.9098199338328,3433.001708984375,19524,0.0,0.0
2007-10-08 00:00:00+09:00,3341.0461980646305,3424.2439408735795,3327.9097123579545,3371.697998046875,32928,0.0,0.0
2007-10-09 00:00:00+09:00,3415.485995943894,3459.2742779431746,3327.9094319453325,3424.24365234375,14656,0.0,0.0
2007-10-10 00:00:00+09:00,3332.2883198523396,3454.8955116471693,3270.9847239549244,3345.4248046875,13663,0.0,0.0
2007-10-11 00:00:00+09:00,3441.759389686094,3441.759389686094,3345.425157404804,3406.728759765625,4690,0.0,0.0
2007-10-12 00:00:00+09:00,3336.6674999246866,3433.001732205977,3336.6674999246866,3406.728759765625,4078,0.0,0.0
2007-10-15 00:00:00+09:00,3441.7590163329123,3441.7590163329123,3314.772996646329,3358.561279296875,15360,0.0,0.0
2007-10-16 00:00:00+09:00,3349.8038780849897,3354.1827066837936,3205.302534324461,3249.0908203125,22741,0.0,0.0
2007-10-17 00:00:00+09:00,3284.1210155206945,3327.909295727637,3196.5444551068094,3279.7421875,1361,0.0,0.0
2007-10-18 00:00:00+09:00,3284.12096490718,3327.909244439276,3152.756126310893,3235.953857421875,3796,0.0,0.0
2007-10-19 00:00:00+09:00,3209.680939168892,3327.909295727637,3122.104378755007,3279.7421875,12066,0.0,0.0
2007-10-22 00:00:00+09:00,3253.4691692347133,3253.4691692347133,3152.756126310893,3235.953857421875,11824,0.0,0.0
2007-10-23 00:00:00+09:00,3249.090235943775,3319.1514809236946,3174.6501631526103,3270.984375,6108,0.0,0.0
2007-10-24 00:00:00+09:00,3292.8787003800676,3319.1516687341636,3222.8174514358107,3240.332763671875,29798,0.0,0.0
2007-10-25 00:00:00+09:00,3310.3939577792553,3367.3187216035017,2986.3606867796984,3087.07373046875,19754,0.0,0.0
2007-10-26 00:00:00+09:00,3218.438564160023,3227.196220116921,3170.271456397084,3209.680908203125,10272,0.0,0.0
2007-10-29 00:00:00+09:00,3275.363505315401,3306.0153028250375,3244.711707805765,3301.636474609375,2715,0.0,0.0
2007-10-30 00:00:00+09:00,3327.909912109375,3341.046398604544,3253.4698219700863,3327.909912109375,5921,0.0,0.0
2007-10-31 00:00:00+09:00,3327.909912109375,3332.288740941098,3253.4698219700863,3327.909912109375,5921,0.0,0.0
2007-11-01 00:00:00+09:00,3354.1824715372454,3354.1824715372454,3266.6059057007637,3332.288330078125,7166,0.0,0.0
2007-11-02 00:00:00+09:00,3336.6670008355327,3336.6670008355327,3170.2715336022648,3214.059814453125,5744,0.0,0.0
2007-11-05 00:00:00+09:00,3297.257509124183,3297.257509124183,3196.5444643567776,3266.605712890625,6701,0.0,0.0
2007-11-06 00:00:00+09:00,3275.363378511945,3292.878690696501,3183.407989543027,3253.46923828125,1714,0.0,0.0
2007-11-07 00:00:00+09:00,3288.499862650362,3288.499862650362,3249.0904102351114,3253.46923828125,893,0.0,0.0
2007-11-08 00:00:00+09:00,3279.7421369539707,3279.7421369539707,3170.2714381237315,3235.953857421875,8937,0.0,0.0
2007-11-09 00:00:00+09:00,3275.363238732993,3275.363238732993,2780.555690635629,3218.4384765625,9780,0.0,0.0
2007-11-12 00:00:00+09:00,3214.0600800566617,3214.0600800566617,3069.5587413075204,3187.787109375,5456,0.0,0.0
2007-11-13 00:00:00+09:00,3165.8929671402816,3200.923594715831,3078.316398201408,3187.787109375,416,0.0,0.0
2007-11-14 00:00:00+09:00,3187.7870049885723,3187.7870049885723,3087.0739540067907,3113.346923828125,3809,0.0,0.0
2007-11-15 00:00:00+09:00,3108.9678704011526,3135.2408383200354,3034.527794630984,3087.07373046875,3401,0.0,0.0
2007-11-16 00:00:00+09:00,3078.3162502228956,3078.3162502228956,2890.0266360556348,3069.55859375,592,0.0,0.0
2007-11-19 00:00:00+09:00,3073.937744140625,3082.695401531339,3025.7706284916976,3073.937744140625,3013,0.0,0.0
2007-11-20 00:00:00+09:00,3021.3914159175483,3073.9373535856794,2819.965321523045,3052.043212890625,4537,0.0,0.0
2007-11-21 00:00:00+09:00,3034.528231438287,3043.285888671875,3030.149402821493,3043.285888671875,19535,0.0,0.0
2007-11-22 00:00:00+09:00,3174.6502865062043,3174.6502865062043,2977.60302734375,2977.60302734375,10020,0.0,0.0
2007-11-23 00:00:00+09:00,3130.8620066923254,3130.8620066923254,2903.1629516601565,2977.60302734375,6242,0.0,0.0
2007-11-26 00:00:00+09:00,3122.10435072955,3122.10435072955,2977.60302734375,2977.60302734375,11068,0.0,0.0
2007-11-27 00:00:00+09:00,2671.08546615336,3117.725986723266,2671.08546615336,3030.1494140625,2589,0.0,0.0
2007-11-28 00:00:00+09:00,3104.5891706850352,3104.5891706850352,2977.603153830499,3025.770263671875,1599,0.0,0.0
2007-11-29 00:00:00+09:00,3174.650390625,3174.650390625,3065.1796875,3065.1796875,53,0.0,0.0
2007-11-30 00:00:00+09:00,3104.5889278816776,3183.407828730578,3065.1794774572277,3135.24072265625,9304,0.0,0.0
2007-12-03 00:00:00+09:00,3174.65046864239,3187.7869533402204,2890.0266335227275,3179.029296875,725,0.0,0.0
2007-12-04 00:00:00+09:00,3179.0295528810752,3183.408381466311,2973.224609375,2973.224609375,7528,0.0,0.0
2007-12-05 00:00:00+09:00,3017.012559064049,3139.6197457894386,2951.330137604019,3091.45263671875,5082,0.0,0.0
2007-12-06 00:00:00+09:00,3148.377659017644,3148.377659017644,2977.603349279552,2981.982177734375,3533,0.0,0.0
2007-12-07 00:00:00+09:00,3021.391633827781,3056.4222614663636,2960.0880354602605,2981.982177734375,604,0.0,0.0
2007-12-10 00:00:00+09:00,3012.63375999814,3012.63375999814,2907.5418846493676,2942.572509765625,3296,0.0,0.0
2007-12-11 00:00:00+09:00,2942.572721640969,2981.982177734375,2916.299750912032,2981.982177734375,1585,0.0,0.0
2007-12-12 00:00:00+09:00,2977.6035240075107,3060.80126953125,2890.026949771996,3060.80126953125,1005,0.0,0.0
2007-12-13 00:00:00+09:00,3034.528187015283,3034.528187015283,2890.02684477646,2999.49755859375,3438,0.0,0.0
2007-12-14 00:00:00+09:00,2995.1187300410584,2999.49755859375,2977.603415830292,2999.49755859375,2221,0.0,0.0
2007-12-17 00:00:00+09:00,3017.0125389487807,3021.3913670169213,2890.026524972707,3008.2548828125,383,0.0,0.0
2007-12-18 00:00:00+09:00,2999.497423721381,2999.497423721381,2890.02671482644,2964.466796875,1278,0.0,0.0
2007-12-20 00:00:00+09:00,3095.8313828412224,3095.8313828412224,2890.0264677159926,2977.60302734375,1850,0.0,0.0
2007-12-21 00:00:00+09:00,3056.4218598314997,3056.4218598314997,2890.026400413739,2960.087646484375,2883,0.0,0.0
2007-12-24 00:00:00+09:00,2955.70931739297,2955.70931739297,2938.1940029195302,2946.95166015625,286,0.0,0.0
2007-12-26 00:00:00+09:00,2942.5727982954545,2946.9516268643465,2890.02685546875,2890.02685546875,16597,0.0,0.0
2007-12-27 00:00:00+09:00,3060.800859375,3060.800859375,2890.0265625,2955.708984375,1682,0.0,0.0
2007-12-28 00:00:00+09:00,2898.784345895187,2951.3302856999335,2872.5113759928136,2894.405517578125,6127,0.0,0.0
2008-01-02 00:00:00+09:00,2916.2995114210175,2916.2995114210175,2868.1324023735233,2872.51123046875,566,0.0,0.0
2008-01-03 00:00:00+09:00,2868.1324903389,2868.1324903389,2854.9960056503246,2863.753662109375,3603,0.0,0.0
2008-01-04 00:00:00+09:00,3043.2856195199015,3043.2856195199015,2863.753662109375,2863.753662109375,10505,0.0,0.0
2008-01-07 00:00:00+09:00,2863.7535742782966,2933.814823801925,2828.7229495164825,2872.51123046875,1767,0.0,0.0
2008-01-08 00:00:00+09:00,3038.9069794170673,3038.9069794170673,2846.238525390625,2846.238525390625,1063,0.0,0.0
2008-01-09 00:00:00+09:00,2806.82864709677,2942.572310216895,2793.6921635690164,2876.889892578125,6625,0.0,0.0
2008-01-10 00:00:00+09:00,2951.330106761043,2951.330106761043,2911.920654296875,2911.920654296875,3632,0.0,0.0
2008-01-11 00:00:00+09:00,2806.828856322142,2916.299560546875,2806.828856322142,2916.299560546875,72,0.0,0.0
2008-01-14 00:00:00+09:00,3012.6337802646394,3012.6337802646394,2890.026591532939,2916.299560546875,90,0.0,0.0
2008-01-15 00:00:00+09:00,2999.49725575855,2999.49725575855,2684.2216317956077,2968.845458984375,271,0.0,0.0
2008-01-16 00:00:00+09:00,2960.088053127476,2960.088053127476,2679.8430303461764,2763.040771484375,9493,0.0,0.0
2008-01-17 00:00:00+09:00,2846.238426616174,2903.1631951484974,2609.7816957895993,2868.132568359375,2506,0.0,0.0
2008-01-18 00:00:00+09:00,2881.2687204207095,2885.647548263294,2741.146229458,2876.889892578125,933,0.0,0.0
2008-01-21 00:00:00+09:00,2723.631283569336,2881.269107055664,2688.6006561279296,2802.4501953125,3219,0.0,0.0
2008-01-22 00:00:00+09:00,2802.450272617124,2802.450272617124,2640.4336162314466,2710.494873046875,3057,0.0,0.0
2008-01-23 00:00:00+09:00,2706.1157628501337,2995.118417135099,2706.1157628501337,2872.51123046875,14986,0.0,0.0
2008-01-24 00:00:00+09:00,2872.511075680272,3240.3326158588434,2872.511075680272,3218.4384765625,24450,0.0,0.0
2008-01-25 00:00:00+09:00,3240.3331409801135,3275.36376953125,3091.452969637784,3275.36376953125,3474,0.0,0.0
2008-01-28 00:00:00+09:00,3371.6979747000937,3415.486260085809,3135.24123361723,3205.302490234375,3192,0.0,0.0
2008-01-29 00:00:00+09:00,3279.7422449041696,3279.7422449041696,3082.6949805240793,3091.45263671875,458,0.0,0.0
2008-01-30 00:00:00+09:00,3087.0735430869327,3196.5442361041996,2749.90380859375,2749.90380859375,4072,0.0,0.0
2008-01-31 00:00:00+09:00,3126.4835626576514,3143.9988767341647,2714.8736818595853,2929.436279296875,3246,0.0,0.0
2008-02-01 00:00:00+09:00,3148.3778873330616,3227.1968052356974,2916.299962397523,3104.589599609375,346,0.0,0.0
2008-02-04 00:00:00+09:00,3078.3165305066464,3122.1048168580924,2863.7539273845614,2933.815185546875,10217,0.0,0.0
2008-02-05 00:00:00+09:00,3065.1797756424603,3065.1797756424603,2916.299615111255,3056.422119140625,559,0.0,0.0
2008-02-11 00:00:00+09:00,2990.7394416402785,3060.8006877109146,2728.009768875393,2960.087646484375,2072,0.0,0.0
2008-02-12 00:00:00+09:00,2946.951580904447,3008.2551799128605,2846.238525390625,2846.238525390625,1206,0.0,0.0
2008-02-13 00:00:00+09:00,2846.2381216195913,3187.7866962139424,2819.9651543431028,2960.087646484375,2969,0.0,0.0
2008-02-14 00:00:00+09:00,2946.9513375543625,3065.1796973076575,2946.9513375543625,3052.043212890625,9,0.0,0.0
2008-02-15 00:00:00+09:00,3034.5276663392697,3095.8312555582447,2977.6029049216495,3038.906494140625,147,0.0,0.0
2008-02-18 00:00:00+09:00,3038.906494140625,3038.906494140625,2911.920487901319,3038.906494140625,2855,0.0,0.0
2008-02-19 00:00:00+09:00,3069.558926954802,3100.2107279372317,2951.3305517368563,3060.80126953125,688,0.0,0.0
2008-02-20 00:00:00+09:00,3065.179567920918,3065.179567920918,2960.0876970207723,3003.8759765625,370,0.0,0.0
2008-02-21 00:00:00+09:00,2990.7396481536152,3021.3914454260535,2990.7396481536152,3012.6337890625,94811,0.0,0.0
2008-02-22 00:00:00+09:00,2990.739634671796,3463.653076171875,2990.739634671796,3463.653076171875,94811,0.0,0.0
2008-02-25 00:00:00+09:00,3507.441403235918,3507.441403235918,3183.408115046832,3192.165771484375,37729,0.0,0.0
2008-02-26 00:00:00+09:00,3183.4082454654717,3187.787073863636,2977.6033107517483,3130.8623046875,44148,0.0,0.0
2008-02-27 00:00:00+09:00,3065.1799770000853,3222.817804388661,3060.8011484615135,3205.302490234375,13799,0.0,0.0
2008-02-28 00:00:00+09:00,3205.302158282953,3266.605751474157,3117.725596581233,3214.059814453125,7376,0.0,0.0
2008-02-29 00:00:00+09:00,3231.574971979315,3231.574971979315,3082.69482421875,3082.69482421875,2547,0.0,0.0
2008-03-03 00:00:00+09:00,3056.4219345633865,3095.831386441711,3030.1489666445036,3087.07373046875,479,0.0,0.0
2008-03-04 00:00:00+09:00,3157.1351861461603,3187.7869840699095,3078.316277199377,3139.619873046875,529,0.0,0.0
2008-03-05 00:00:00+09:00,3082.695258171071,3179.029484988917,3082.695258171071,3148.377685546875,2702,0.0,0.0
2008-03-06 00:00:00+09:00,3148.3776747262377,3196.5447879696158,3043.285791286141,3161.51416015625,9254,0.0,0.0
2008-03-07 00:00:00+09:00,3095.8315631686874,3117.725704350927,3034.5279678584166,3069.55859375,3307,0.0,0.0
2008-03-10 00:00:00+09:00,3117.725952687776,3117.725952687776,2973.224609375,2973.224609375,31854,0.0,0.0
2008-03-11 00:00:00+09:00,3056.422374522257,3056.422374522257,2890.026887084083,3043.285888671875,9405,0.0,0.0
2008-03-12 00:00:00+09:00,3043.285996796214,3104.589599609375,2916.299962397523,3104.589599609375,3930,0.0,0.0
2008-03-13 00:00:00+09:00,3073.9372429342834,3091.4525548598344,2977.60302734375,2977.60302734375,4504,0.0,0.0
2008-03-14 00:00:00+09:00,2977.603076879529,3073.9372940726903,2964.4665927168253,3021.391357421875,4421,0.0,0.0
2008-03-17 00:00:00+09:00,2960.0878125,3021.39140625,2955.708984375,2955.708984375,6738,0.0,0.0
2008-03-18 00:00:00+09:00,2933.814805654112,3060.8008196301853,2933.814805654112,3008.2548828125,5920,0.0,0.0
2008-03-19 00:00:00+09:00,3052.0431441930464,3052.0431441930464,2990.739551626759,3034.52783203125,177,0.0,0.0
2008-03-20 00:00:00+09:00,3003.8762670056576,3047.66455078125,2960.0879832300648,3047.66455078125,7416,0.0,0.0
2008-03-21 00:00:00+09:00,3047.6644626387892,3056.422119140625,3034.527977886036,3056.422119140625,2152,0.0,0.0
2008-03-24 00:00:00+09:00,2990.739795946241,3130.8623046875,2964.466825557255,3130.8623046875,3201,0.0,0.0
2008-03-25 00:00:00+09:00,3113.3472571541124,3113.3472571541124,3043.285996796214,3104.589599609375,885,0.0,0.0
2008-03-26 00:00:00+09:00,3082.6950484154927,3270.9846607476893,3038.9067664777726,3108.968017578125,8330,0.0,0.0
2008-03-27 00:00:00+09:00,3078.316267225477,3152.75634765625,3078.316267225477,3152.75634765625,56,0.0,0.0
2008-03-28 00:00:00+09:00,3170.271760270979,3170.271760270979,3052.043393520542,3130.8623046875,2994,0.0,0.0
2008-03-31 00:00:00+09:00,3157.134981672731,3235.953885514769,3073.937249839469,3196.54443359375,1383,0.0,0.0
2008-04-01 00:00:00+09:00,3091.453113292269,3170.2720311949047,3091.453113292269,3104.589599609375,364,0.0,0.0
2008-04-02 00:00:00+09:00,3139.6197148862093,3139.6197148862093,3021.391357421875,3021.391357421875,1960,0.0,0.0
2008-04-03 00:00:00+09:00,3108.968205458748,3108.968205458748,2977.60335170697,3078.31640625,4732,0.0,0.0
2008-04-04 00:00:00+09:00,3157.135275076486,3157.135275076486,3065.179878715035,3130.8623046875,2832,0.0,0.0
2008-04-07 00:00:00+09:00,3139.6199040817005,3143.9987323998057,3021.39153949285,3100.21044921875,4400,0.0,0.0
2008-04-08 00:00:00+09:00,3078.3164296793507,3183.4083134806374,3025.7704877787073,3148.377685546875,5384,0.0,0.0
2008-04-10 00:00:00+09:00,3143.998775087554,3143.998775087554,3047.66455078125,3047.66455078125,395,0.0,0.0
2008-04-11 00:00:00+09:00,3065.179965539534,3174.650678594517,3047.6646514507365,3122.104736328125,2767,0.0,0.0
2008-04-14 00:00:00+09:00,3060.800859375,3122.104453125,3056.42203125,3065.1796875,492,0.0,0.0
2008-04-15 00:00:00+09:00,3065.1797756424603,3148.377512409899,3056.422119140625,3056.422119140625,78,0.0,0.0
2008-04-16 00:00:00+09:00,3056.4221090406563,3130.862189060271,3021.391483149073,3069.55859375,4693,0.0,0.0
2008-04-17 00:00:00+09:00,3060.8012580545537,3135.241345875623,3047.664771968483,3073.937744140625,353,0.0,0.0
2008-04-18 00:00:00+09:00,3065.180140658057,3130.862572243587,3043.285996796214,3104.589599609375,2650,0.0,0.0
2008-04-21 00:00:00+09:00,3100.210428702731,3126.4833984375,3082.6951155462184,3126.4833984375,230,0.0,0.0
2008-04-22 00:00:00+09:00,3126.4834762893356,3130.8623046875,3008.2551095388985,3130.8623046875,14110,0.0,0.0
2008-04-23 00:00:00+09:00,3126.4833780924478,3152.75634765625,3087.0739237467446,3152.75634765625,2568,0.0,0.0
2008-04-24 00:00:00+09:00,3139.6198427815084,3235.9540638989324,3135.241014548898,3179.029296875,3235,0.0,0.0
2008-04-25 00:00:00+09:00,3152.7561502659573,3218.4385700631647,3087.07373046875,3087.07373046875,1544,0.0,0.0
2008-04-28 00:00:00+09:00,3165.8925538496537,3165.8925538496537,2977.6029552112927,3082.69482421875,1607,0.0,0.0
2008-04-29 00:00:00+09:00,3104.5894222393276,3275.363734605102,3104.5894222393276,3122.104736328125,4681,0.0,0.0
2008-04-30 00:00:00+09:00,3113.346768496147,3235.9539548785547,3073.937315730373,3214.059814453125,2196,0.0,0.0
2008-05-02 00:00:00+09:00,3244.711532030717,3244.711532030717,3117.7255206556956,3209.680908203125,9560,0.0,0.0
2008-05-06 00:00:00+09:00,3183.408187262756,3187.787015580862,3078.316307628222,3100.21044921875,5993,0.0,0.0
2008-05-07 00:00:00+09:00,3100.2107708370063,3148.3778873330616,3047.6648255685827,3104.589599609375,3005,0.0,0.0
2008-05-08 00:00:00+09:00,3108.968017578125,3108.968017578125,3025.7702818964567,3108.968017578125,6548,0.0,0.0
2008-05-09 00:00:00+09:00,3082.6951155462184,3135.241055015756,3082.6951155462184,3126.4833984375,1604,0.0,0.0
2008-05-13 00:00:00+09:00,3117.7256053027622,3152.7562300814448,3047.6643557453967,3091.45263671875,4931,0.0,0.0
2008-05-14 00:00:00+09:00,3095.831307844682,3113.3466193459253,3043.285373340954,3082.69482421875,2659,0.0,0.0
2008-05-15 00:00:00+09:00,3047.6644347965544,3078.3162322729563,2951.330214156433,2986.36083984375,12460,0.0,0.0
2008-05-16 00:00:00+09:00,2990.7399014883667,3038.9070155679747,2929.4363017506844,2999.49755859375,7878,0.0,0.0
2008-05-19 00:00:00+09:00,2977.6029049216495,3038.906494140625,2977.6029049216495,3038.906494140625,2933,0.0,0.0
2008-05-20 00:00:00+09:00,3012.63375,3030.1490625,2946.951328125,2955.708984375,2151,0.0,0.0
2008-05-21 00:00:00+09:00,2933.8150482177734,2938.1938766479493,2763.040739440918,2802.4501953125,5285,0.0,0.0
2008-05-22 00:00:00+09:00,2784.934668564215,2881.268886659204,2723.6310752310405,2872.51123046875,7864,0.0,0.0
2008-05-23 00:00:00+09:00,2806.828976066285,2968.8456252307974,2754.283035796713,2964.466796875,7211,0.0,0.0
2008-05-26 00:00:00+09:00,2977.603349279552,3060.8010899211868,2925.0574078216778,2981.982177734375,6016,0.0,0.0
2008-05-27 00:00:00+09:00,2981.982177734375,2981.982177734375,2951.330378550615,2981.982177734375,5382,0.0,0.0
2008-05-28 00:00:00+09:00,3152.756672478541,3152.756672478541,2964.4670378721835,3060.80126953125,2601,0.0,0.0
2008-05-29 00:00:00+09:00,3034.5282858824116,3073.937744140625,2981.9823415381275,3073.937744140625,5998,0.0,0.0
2008-05-30 00:00:00+09:00,3052.0436121076987,3065.180098243026,3003.876496278165,3060.80126953125,1243,0.0,0.0
2008-06-02 00:00:00+09:00,3060.8007399667454,3060.8007399667454,3003.8759765625,3003.8759765625,595,0.0,0.0
2008-06-03 00:00:00+09:00,2995.118818917002,3021.391791012765,2981.9823328691205,2990.739990234375,3987,0.0,0.0
2008-06-04 00:00:00+09:00,2977.6034816083093,3017.012939453125,2977.6034816083093,3017.012939453125,2231,0.0,0.0
2008-06-05 00:00:00+09:00,3017.012756177642,3152.756436063719,3012.63392779422,3143.998779296875,6667,0.0,0.0
2008-06-09 00:00:00+09:00,2995.1182322582054,3174.6501730807004,2977.60292095845,3135.24072265625,4618,0.0,0.0
2008-06-10 00:00:00+09:00,3130.862572243587,3152.7567161054303,3073.9377982027945,3104.589599609375,1857,0.0,0.0
2008-06-11 00:00:00+09:00,3148.377822808954,3503.062946101757,2990.739990234375,2990.739990234375,12464,0.0,0.0
2008-06-12 00:00:00+09:00,3012.633971497253,3244.7118791852677,2981.982172368647,3187.787109375,6014,0.0,0.0
2008-06-13 00:00:00+09:00,3183.4082752250088,3187.787103664108,2995.11865234375,2995.11865234375,796,0.0,0.0
2008-06-16 00:00:00+09:00,2986.361072935675,3108.9682724110403,2986.361072935675,2999.49755859375,1392,0.0,0.0
2008-06-17 00:00:00+09:00,3139.6201654436995,3139.6201654436995,2986.3611615517475,2990.739990234375,3599,0.0,0.0
2008-06-18 00:00:00+09:00,3052.043212890625,3148.3774319488657,2990.7396189444717,3052.043212890625,724,0.0,0.0
2008-06-19 00:00:00+09:00,3017.012962330138,3043.2859344259014,2960.0881894559843,2990.739990234375,324,0.0,0.0
2008-06-20 00:00:00+09:00,3017.012962330138,3017.012962330138,2990.739990234375,2990.739990234375,324,0.0,0.0
2008-06-23 00:00:00+09:00,2977.60302734375,3021.391307157629,2977.60302734375,2977.60302734375,650,0.0,0.0
2008-06-24 00:00:00+09:00,2990.7396383326927,3047.6644045088638,2977.603153830499,3025.770263671875,3177,0.0,0.0
2008-06-25 00:00:00+09:00,3021.3913670169213,3021.3913670169213,3008.2548828125,3008.2548828125,32,0.0,0.0
2008-06-26 00:00:00+09:00,3030.149023153202,3030.149023153202,2990.739570539938,3008.2548828125,1834,0.0,0.0
2008-06-27 00:00:00+09:00,3012.633966100146,3012.633966100146,2960.0880248309577,2995.11865234375,462,0.0,0.0
2008-06-30 00:00:00+09:00,2981.982011632835,3047.6644347965544,2964.466698789177,2986.36083984375,5073,0.0,0.0
2008-07-01 00:00:00+09:00,2986.3610061891977,3017.0128053729577,2977.603349279552,2981.982177734375,2530,0.0,0.0
2008-07-02 00:00:00+09:00,2981.9821670264528,2999.497480782849,2951.3303679527594,2995.11865234375,8499,0.0,0.0
2008-07-03 00:00:00+09:00,2938.1938931861464,2986.3610061891977,2933.815064731323,2981.982177734375,252,0.0,0.0
2008-07-04 00:00:00+09:00,2933.815185546875,2981.982300533465,2933.815185546875,2933.815185546875,2516,0.0,0.0
2008-07-07 00:00:00+09:00,2973.224643263176,3030.1494155200558,2933.815185546875,2933.815185546875,1173,0.0,0.0
2008-07-08 00:00:00+09:00,2960.088157357742,2960.088157357742,2933.815185546875,2933.815185546875,3420,0.0,0.0
2008-07-09 00:00:00+09:00,2933.814729295736,3034.527772241709,2925.0570733873906,3003.8759765625,169,0.0,0.0
2008-07-10 00:00:00+09:00,2999.4974915536664,2999.4974915536664,2981.982177734375,2981.982177734375,300,0.0,0.0
2008-07-11 00:00:00+09:00,3003.875871729782,3038.906494140625,2977.6029049216495,3038.906494140625,90,0.0,0.0
2008-07-14 00:00:00+09:00,2986.361095130707,3038.907038153535,2933.8151521078794,2973.224609375,213,0.0,0.0
2008-07-15 00:00:00+09:00,3030.149023153202,3030.149023153202,2960.087774062955,3008.2548828125,483,0.0,0.0
2008-07-16 00:00:00+09:00,2951.3302864031602,3100.21044921875,2951.3302864031602,3100.21044921875,62,0.0,0.0
2008-07-17 00:00:00+09:00,3113.347031379061,3275.363684207507,2981.982177734375,2981.982177734375,3186,0.0,0.0
2008-07-18 00:00:00+09:00,3100.210615662571,3100.210615662571,3095.831787109375,3095.831787109375,13,0.0,0.0
2008-07-21 00:00:00+09:00,3187.7870049885723,3187.7870049885723,3012.633872846343,3113.346923828125,96,0.0,0.0
2008-07-22 00:00:00+09:00,2995.118818917002,3012.6341336475107,2977.6035041864934,2990.739990234375,1642,0.0,0.0
2008-07-23 00:00:00+09:00,3056.4222504911368,3056.4222504911368,2977.603338587354,2995.11865234375,3989,0.0,0.0
2008-07-24 00:00:00+09:00,2995.118818917002,3060.80124915641,2986.3611615517475,2990.739990234375,490,0.0,0.0
2008-07-25 00:00:00+09:00,2938.1937099722927,3240.332854514898,2933.8148817905158,3012.6337890625,4284,0.0,0.0
2008-07-28 00:00:00+09:00,3012.633976918135,3139.620002107998,2981.982177734375,2981.982177734375,2080,0.0,0.0
2008-07-29 00:00:00+09:00,2990.739388325716,3060.8006331474016,2955.708765914873,3038.906494140625,322,0.0,0.0
2008-07-30 00:00:00+09:00,2986.3606867796984,3087.07373046875,2981.981858793218,3087.07373046875,215,0.0,0.0
2008-07-31 00:00:00+09:00,3284.12125494326,3284.12125494326,3047.664524587345,3183.408203125,158,0.0,0.0
2008-08-01 00:00:00+09:00,3082.694905821918,3196.54443359375,2968.8453780500854,3196.54443359375,2096,0.0,0.0
2008-08-04 00:00:00+09:00,3253.469187987615,3253.469187987615,3038.9066170436136,3209.680908203125,254,0.0,0.0
2008-08-05 00:00:00+09:00,3205.3024339978447,3209.6812624595905,3030.1492955280173,3174.650634765625,2082,0.0,0.0
2008-08-06 00:00:00+09:00,3161.5143736501677,3165.893202422536,3038.9071680238453,3104.589599609375,1583,0.0,0.0
2008-08-07 00:00:00+09:00,3126.4837434712185,3126.4837434712185,3043.285996796214,3104.589599609375,394,0.0,0.0
2008-08-08 00:00:00+09:00,3069.5589154452678,3122.104859789552,3065.180086749911,3073.937744140625,236,0.0,0.0
2008-08-11 00:00:00+09:00,3078.316152426744,3095.8314648160854,3003.876074772043,3091.45263671875,207,0.0,0.0
2008-08-12 00:00:00+09:00,3139.619765625,3139.619765625,3065.1796875,3065.1796875,53,0.0,0.0
2008-08-13 00:00:00+09:00,3025.770367810955,3108.9681058549613,2986.360912948005,3100.21044921875,2388,0.0,0.0
2008-08-14 00:00:00+09:00,3095.8318992254563,3095.8318992254563,3025.770639837044,3060.80126953125,862,0.0,0.0
2008-08-18 00:00:00+09:00,3113.3466193459253,3113.3466193459253,3082.69482421875,3082.69482421875,21,0.0,0.0
2008-08-19 00:00:00+09:00,3108.96796875,3108.96796875,3038.90671875,3065.1796875,92,0.0,0.0
2008-08-20 00:00:00+09:00,3025.7702440565595,3060.800869168647,2920.678368720297,3052.043212890625,5475,0.0,0.0
2008-08-21 00:00:00+09:00,3021.391435504477,3087.073858015444,2911.9207313195325,3025.770263671875,815,0.0,0.0
2008-08-22 00:00:00+09:00,2977.6034379602356,3008.255238056885,2793.692637380339,2973.224609375,1252,0.0,0.0
2008-08-25 00:00:00+09:00,2894.4052642454585,2960.0876832525414,2894.4052642454585,2907.541748046875,484,0.0,0.0
2008-08-26 00:00:00+09:00,2850.6170723594432,3052.0431634939046,2684.2216057701053,3008.2548828125,7134,0.0,0.0
2008-08-27 00:00:00+09:00,2894.405651143848,2946.9515933733883,2811.2079092804092,2929.436279296875,1003,0.0,0.0
2008-08-28 00:00:00+09:00,2811.207564051011,2977.60302734375,2798.0710801068476,2977.60302734375,1237,0.0,0.0
2008-08-29 00:00:00+09:00,3021.3913106715427,3091.4525584552302,3021.3913106715427,3087.07373046875,165,0.0,0.0
2008-09-01 00:00:00+09:00,3104.588912724701,3104.588912724701,2793.692138671875,2793.692138671875,215,0.0,0.0
2008-09-02 00:00:00+09:00,2885.647696904567,3021.3913670169213,2872.5112127001453,3008.2548828125,596,0.0,0.0
2008-09-03 00:00:00+09:00,2890.0268978052745,3043.2858999616146,2890.0268978052745,3030.1494140625,49,0.0,0.0
2008-09-04 00:00:00+09:00,3047.6643161525976,3060.800800273945,3034.52783203125,3034.52783203125,75,0.0,0.0
2008-09-05 00:00:00+09:00,3047.66455078125,3047.66455078125,2890.0267291891164,3047.66455078125,416,0.0,0.0
2008-09-08 00:00:00+09:00,3047.664717288669,3047.664717288669,2938.1940018688174,3043.285888671875,447,0.0,0.0
2008-09-09 00:00:00+09:00,3196.544479591259,3196.544479591259,2736.767533896626,3021.391357421875,1183,0.0,0.0
2008-09-10 00:00:00+09:00,2824.344149662056,3052.043212890625,2732.388758742826,3052.043212890625,14890,0.0,0.0
2008-09-11 00:00:00+09:00,3003.8761033615046,3052.043212890625,2916.299540581286,3052.043212890625,342,0.0,0.0
2008-09-12 00:00:00+09:00,3052.0435459054634,3052.0435459054634,2968.845802186376,3043.285888671875,555,0.0,0.0
2008-09-16 00:00:00+09:00,2973.224378360215,2977.6032066052226,2596.6451492895544,2850.6171875,12703,0.0,0.0
2008-09-17 00:00:00+09:00,2570.3721982497577,2850.6172079396806,2570.3721982497577,2824.34423828125,1236,0.0,0.0
2008-09-18 00:00:00+09:00,2767.419621875,2767.419621875,2596.645309765625,2736.767822265625,1063,0.0,0.0
2008-09-19 00:00:00+09:00,2802.4501953125,2837.480822753906,2679.8429992675783,2802.4501953125,2557,0.0,0.0
2008-09-22 00:00:00+09:00,2780.55607455762,2780.55607455762,2723.631304527307,2776.17724609375,60,0.0,0.0
2008-09-23 00:00:00+09:00,2793.6924920944944,2793.6924920944944,2605.4028727213545,2758.661865234375,3816,0.0,0.0
2008-09-24 00:00:00+09:00,2789.3133466921677,2789.3133466921677,2653.5696830383886,2741.146240234375,754,0.0,0.0
2008-09-25 00:00:00+09:00,2662.327396820695,2771.798095703125,2662.327396820695,2771.798095703125,5809,0.0,0.0
2008-09-26 00:00:00+09:00,2771.79832947929,2784.934814453125,2771.79832947929,2784.934814453125,291,0.0,0.0
2008-09-29 00:00:00+09:00,2784.934814453125,2784.934814453125,2784.934814453125,2784.934814453125,500,0.0,0.0
2008-09-30 00:00:00+09:00,2552.856944117053,3060.801035913928,2548.4781157394937,3047.66455078125,986,0.0,0.0
2008-10-01 00:00:00+09:00,2811.2075818341987,2951.330078125,2811.2075818341987,2951.330078125,13,0.0,0.0
2008-10-02 00:00:00+09:00,2968.845458984375,2968.845458984375,2968.845458984375,2968.845458984375,4,0.0,0.0
2008-10-06 00:00:00+09:00,2933.815185546875,2933.815185546875,2933.815185546875,2933.815185546875,64,0.0,0.0
2008-10-07 00:00:00+09:00,2653.5701127485795,2890.02685546875,2653.5701127485795,2890.02685546875,81,0.0,0.0
2008-10-08 00:00:00+09:00,2657.948896855017,2868.1326646458588,2653.570068359375,2653.570068359375,44,0.0,0.0
2008-10-09 00:00:00+09:00,2890.0268835308907,2890.0268835308907,2285.74853515625,2285.74853515625,5540,0.0,0.0
2008-10-10 00:00:00+09:00,2276.990765814558,2622.918209082539,2189.4141978986136,2526.583984375,2382,0.0,0.0
2008-10-13 00:00:00+09:00,2509.068719588822,2776.1772569272484,2320.7790949076366,2763.040771484375,2523,0.0,0.0
2008-10-14 00:00:00+09:00,2798.071514516821,2828.7233151453306,2535.34179484388,2631.676025390625,1916,0.0,0.0
2008-10-15 00:00:00+09:00,2522.204907024793,2649.19091796875,2522.204907024793,2649.19091796875,120,0.0,0.0
2008-10-16 00:00:00+09:00,2789.3134765625,2789.3134765625,2789.3134765625,2789.3134765625,50,0.0,0.0
2008-10-17 00:00:00+09:00,2627.297214275235,2798.071533203125,2627.297214275235,2798.071533203125,3005,0.0,0.0
2008-10-20 00:00:00+09:00,2636.0549796411547,2793.6928189552436,2539.720744504767,2583.509033203125,5815,0.0,0.0
2008-10-21 00:00:00+09:00,2583.508466581335,2583.508466581335,2469.658940935378,2579.129638671875,1168,0.0,0.0
2008-10-22 00:00:00+09:00,2583.5088108010486,2557.23583984375,2557.23583984375,2557.23583984375,1168,0.0,0.0
2008-10-23 00:00:00+09:00,2088.7011274857955,2552.85693359375,2198.1718364735207,2552.85693359375,24083,0.0,0.0
2008-10-24 00:00:00+09:00,2193.7930681782386,2530.96286109186,2171.89892578125,2171.89892578125,1959,0.0,0.0
2008-10-27 00:00:00+09:00,2088.7011646433466,2088.7011646433466,1847.8656005859375,1847.8656005859375,24083,0.0,0.0
2008-10-28 00:00:00+09:00,1839.1079519737877,1839.1079519737877,1677.0912990618112,1738.3948974609375,2038,0.0,0.0
2008-10-29 00:00:00+09:00,1817.2136867747588,1917.9267344755285,1677.0911856258617,1786.5618896484375,3875,0.0,0.0
2008-10-30 00:00:00+09:00,1961.715057439825,2005.503339971964,1738.3948165259162,2001.12451171875,3140,0.0,0.0
2008-10-31 00:00:00+09:00,2093.0797556751177,2093.0797556751177,1856.6230468749998,1856.623046875,8,0.0,0.0
2008-11-03 00:00:00+09:00,2128.1105120933216,2128.1105120933216,1839.1078499571918,1917.9267578125,5233,0.0,0.0
2008-11-04 00:00:00+09:00,1913.548105875651,2005.5035068445038,1839.1080193770558,1996.745849609375,5666,0.0,0.0
2008-11-05 00:00:00+09:00,2093.079534546942,2101.837189503205,2014.2606399405715,2049.291259765625,3991,0.0,0.0
2008-11-06 00:00:00+09:00,2009.882335462068,2009.882335462068,1922.3057631107797,1996.745849609375,180,0.0,0.0
2008-11-07 00:00:00+09:00,1996.7454099597587,2176.27734375,1742.7734060613684,2176.27734375,10546,0.0,0.0
2008-11-10 00:00:00+09:00,2228.823486328125,2228.823486328125,2224.4446582606824,2228.823486328125,20,0.0,0.0
2008-11-11 00:00:00+09:00,2360.1883311263136,2447.764892578125,2023.0185695368405,2447.764892578125,1460,0.0,0.0
2008-11-12 00:00:00+09:00,2198.171931092573,2325.157958984375,2198.171931092573,2325.157958984375,106,0.0,0.0
2008-11-13 00:00:00+09:00,2031.776437443795,2434.628662109375,2031.776437443795,2434.628662109375,805,0.0,0.0
2008-11-14 00:00:00+09:00,2526.583912929165,2622.9181349125993,2522.2050846571906,2618.539306640625,31,0.0,0.0
2008-11-17 00:00:00+09:00,2526.5838375634685,2614.160400390625,2614.160400390625,2614.160400390625,31,0.0,0.0
2008-11-18 00:00:00+09:00,2741.1463662939136,2741.1463662939136,2679.8427734375,2679.8427734375,202,0.0,0.0
2008-11-19 00:00:00+09:00,2377.703622775608,2447.7648713288486,2364.567138671875,2364.567138671875,248,0.0,0.0
2008-11-20 00:00:00+09:00,2145.6260375976562,2452.14404296875,2101.8377511160716,2452.14404296875,5882,0.0,0.0
2008-11-21 00:00:00+09:00,2145.625711520947,2403.9765625,2403.9765625,2403.9765625,5882,0.0,0.0
2008-11-24 00:00:00+09:00,2504.689216278559,2504.689216278559,2491.552734375,2491.552734375,11,0.0,0.0
2008-11-25 00:00:00+09:00,2583.508480167731,2583.508480167731,2276.9905248935934,2443.385986328125,3003,0.0,0.0
2008-11-26 00:00:00+09:00,2548.4781828579835,2557.23583984375,2206.9295604130994,2557.23583984375,304,0.0,0.0
2008-11-27 00:00:00+09:00,2666.7063837069218,2666.7063837069218,2259.475359594042,2342.673095703125,7862,0.0,0.0
2008-11-28 00:00:00+09:00,2684.2215744777277,2684.2215744777277,2377.70361328125,2377.70361328125,658,0.0,0.0
2008-12-01 00:00:00+09:00,2478.4166775779795,2478.4166775779795,2114.9739492405724,2351.4306640625,2456,0.0,0.0
2008-12-02 00:00:00+09:00,2325.1578340970555,2325.1578340970555,2119.352903395433,2276.99072265625,575,0.0,0.0
2008-12-03 00:00:00+09:00,2263.854258496474,2263.854258496474,2250.7177734375,2250.7177734375,15,0.0,0.0
2008-12-04 00:00:00+09:00,2276.9903797786724,2276.9903797786724,2114.9737566021126,2176.27734375,814,0.0,0.0
2008-12-05 00:00:00+09:00,2101.837530177039,2202.550578498022,2027.3974509832685,2040.533935546875,8526,0.0,0.0
2008-12-08 00:00:00+09:00,2141.2470703125,2163.141212135736,2062.42815974885,2141.2470703125,3833,0.0,0.0
2008-12-09 00:00:00+09:00,2185.0354673897154,2185.0354673897154,2101.8377241424114,2106.216552734375,2092,0.0,0.0
2008-12-10 00:00:00+09:00,2114.9739745072243,2132.4892869255036,2075.5645215660957,2093.079833984375,4855,0.0,0.0
2008-12-11 00:00:00+09:00,2180.656514981898,2180.656514981898,2093.079948115155,2154.383544921875,1246,0.0,0.0
2008-12-12 00:00:00+09:00,2167.5200405003834,2246.3389510640336,2097.4587866660277,2141.2470703125,55,0.0,0.0
2008-12-15 00:00:00+09:00,2141.2472602559324,2220.0661778113654,2110.595458984375,2110.595458984375,811,0.0,0.0
2008-12-16 00:00:00+09:00,2320.7789596085695,2320.7789596085695,2036.155124939594,2123.731689453125,3733,0.0,0.0
2008-12-17 00:00:00+09:00,2097.4587866660277,2141.2470703125,2097.4587866660277,2141.2470703125,145,0.0,0.0
2008-12-18 00:00:00+09:00,2145.625250657726,2241.9594455852157,2097.458153193981,2132.48876953125,1015,0.0,0.0
2008-12-19 00:00:00+09:00,2128.110440776952,2228.823486328125,2084.3221601025293,2228.823486328125,150,0.0,0.0
2008-12-22 00:00:00+09:00,2224.4444479376257,2224.4444479376257,2114.9737566021126,2176.27734375,1730,0.0,0.0
2008-12-23 00:00:00+09:00,2220.065928141276,2220.065928141276,2123.731706407335,2206.929443359375,408,0.0,0.0
2008-12-24 00:00:00+09:00,2272.6118778068862,2272.6118778068862,2119.3528879740516,2193.79296875,1274,0.0,0.0
2008-12-26 00:00:00+09:00,2202.5504967514353,2202.5504967514353,2145.625732421875,2145.625732421875,1277,0.0,0.0
2008-12-29 00:00:00+09:00,2312.0580632716046,2312.0580632716046,2015.179012345679,2186.109375,1602,65.0,0.0
2008-12-30 00:00:00+09:00,2289.5672563997655,2289.5672563997655,2096.1460539927125,2276.07275390625,455,0.0,0.0
2009-01-02 00:00:00+09:00,2357.039750442814,2357.039750442814,2154.622214622343,2222.0947265625,9400,0.0,0.0
2009-01-05 00:00:00+09:00,2118.6367330212684,2280.570750831811,2118.6367330212684,2154.6220703125,1623,0.0,0.0
2009-01-06 00:00:00+09:00,2469.493405261672,2469.493405261672,2154.6217506745734,2240.0869140625,6408,0.0,0.0
2009-01-07 00:00:00+09:00,2163.6185225799304,2208.6001966460412,2141.127685546875,2141.127685546875,2190,0.0,0.0
2009-01-08 00:00:00+09:00,2159.1202445652175,2429.0102751358695,2087.1495697463765,2172.61474609375,2877,0.0,0.0
2009-01-09 00:00:00+09:00,2159.1203551733192,2424.5122321633735,2114.1386811072084,2141.127685546875,2877,0.0,0.0
2009-01-12 00:00:00+09:00,1956.702840999681,2204.10205078125,1956.702840999681,2204.10205078125,59,0.0,0.0
2009-01-13 00:00:00+09:00,2199.6035938752,2199.6035938752,2100.6439229851094,2105.14208984375,447,0.0,0.0
2009-01-14 00:00:00+09:00,2150.124017256725,2195.1056912579115,2078.153338854826,2132.13134765625,962,0.0,0.0
2009-01-15 00:00:00+09:00,2069.1567789713545,2177.112784830729,2069.1567789713545,2159.1201171875,1207,0.0,0.0
2009-01-16 00:00:00+09:00,2159.1203582635985,2163.6185256766476,2069.157010002615,2150.1240234375,6121,0.0,0.0
2009-01-19 00:00:00+09:00,2150.1239830168665,2150.1239830168665,1844.2486046797392,2037.6697998046875,4554,0.0,0.0
2009-01-20 00:00:00+09:00,2204.1020063920455,2204.1020063920455,2078.1533203125,2078.1533203125,700,0.0,0.0
2009-01-21 00:00:00+09:00,2141.1276633522725,2141.1276633522725,2042.1679814326299,2078.1533203125,5058,0.0,0.0
2009-01-22 00:00:00+09:00,2114.1390325492707,2114.1390325492707,2082.65185546875,2082.65185546875,152,0.0,0.0
2009-01-23 00:00:00+09:00,2078.1533203125,2078.1533203125,2078.1533203125,2078.1533203125,989,0.0,0.0
2009-01-28 00:00:00+09:00,2078.1536873143896,2087.15002362311,2078.1536873143896,2082.65185546875,1098,0.0,0.0
2009-01-29 00:00:00+09:00,2100.6441758554192,2145.6258498566062,2096.146008455301,2132.13134765625,1907,0.0,0.0
2009-01-30 00:00:00+09:00,2078.1533203125,2082.6514876724837,2078.1533203125,2078.1533203125,2170,0.0,0.0
2009-02-02 00:00:00+09:00,2078.1536873143896,2096.1463599318304,2078.1536873143896,2082.65185546875,3642,0.0,0.0
2009-02-03 00:00:00+09:00,2181.6111826795213,2181.6111826795213,2078.1533327792554,2114.138671875,2345,0.0,0.0
2009-02-04 00:00:00+09:00,2082.6516390141755,2181.611328125,2078.1534713273195,2181.611328125,1933,0.0,0.0
2009-02-05 00:00:00+09:00,2159.120261790061,2222.094602758938,2159.120261790061,2217.596435546875,36,0.0,0.0
2009-02-06 00:00:00+09:00,2339.0469239300623,2361.5377597370825,2150.123903151096,2154.6220703125,2419,0.0,0.0
2009-02-09 00:00:00+09:00,2159.1203582635985,2159.1203582635985,2150.1240234375,2150.1240234375,3,0.0,0.0
2009-02-10 00:00:00+09:00,2150.1237833658856,2159.1201171875,2150.1237833658856,2159.1201171875,11,0.0,0.0
2009-02-11 00:00:00+09:00,2267.0760967548076,2267.0760967548076,2087.149422409188,2105.14208984375,1464,0.0,0.0
2009-02-12 00:00:00+09:00,2105.1423401913403,2150.1240141270528,2105.1423401913403,2123.135009765625,333,0.0,0.0
2009-02-13 00:00:00+09:00,2141.127685546875,2217.5965314592636,2109.6405137005977,2141.127685546875,2468,0.0,0.0
2009-02-16 00:00:00+09:00,2613.435316244133,2429.010448832757,2123.135058979743,2276.07275390625,53737,0.0,0.0
2009-02-17 00:00:00+09:00,2613.435546875,2613.435546875,2473.992342136403,2613.435546875,53737,0.0,0.0
2009-02-18 00:00:00+09:00,2613.4351056521573,2959.793975075937,2523.471762944682,2730.387451171875,59119,0.0,0.0
2009-02-19 00:00:00+09:00,2968.7907647649085,2968.7907647649085,2433.5087935421448,2451.50146484375,21243,0.0,0.0
2009-02-20 00:00:00+09:00,2568.453486053037,2568.453486053037,2235.589111328125,2235.589111328125,12026,0.0,0.0
2009-02-23 00:00:00+09:00,2163.6185524232924,2379.5305909187564,2078.153370518838,2231.091064453125,8301,0.0,0.0
2009-02-24 00:00:00+09:00,2132.1313773089573,2226.592894025177,2132.1313773089573,2222.0947265625,5057,0.0,0.0
2009-02-25 00:00:00+09:00,2231.0910901021402,2312.05810546875,2231.0910901021402,2312.05810546875,386,0.0,0.0
2009-02-26 00:00:00+09:00,2208.600454749903,2208.600454749903,2141.12793576569,2168.116943359375,728,0.0,0.0
2009-02-27 00:00:00+09:00,2087.149586397059,2491.9846354826955,2087.149586397059,2217.596435546875,4935,0.0,0.0
2009-03-02 00:00:00+09:00,2217.5965346332378,2235.5892042854343,2114.138684133107,2150.1240234375,3017,0.0,0.0
2009-03-03 00:00:00+09:00,2424.5123023399938,2455.999475097656,1947.7065434382512,2339.047119140625,23481,0.0,0.0
2009-03-04 00:00:00+09:00,2339.0467877094975,2424.511958798883,2168.116445530726,2415.515625,3899,0.0,0.0
2009-03-05 00:00:00+09:00,2608.9367605220377,2608.9367605220377,2262.577914728595,2334.548583984375,5563,0.0,0.0
2009-03-06 00:00:00+09:00,2249.083765685328,2608.9371681949806,2249.083765685328,2330.05078125,411,0.0,0.0
2009-03-09 00:00:00+09:00,2258.0801371480084,2473.992182134272,2258.0801371480084,2455.99951171875,221,0.0,0.0
2009-03-10 00:00:00+09:00,2811.3545047855037,2811.3545047855037,2460.497462588273,2527.969970703125,2041,0.0,0.0
2009-03-11 00:00:00+09:00,2523.4720117369693,2523.4720117369693,2406.519654686771,2411.017822265625,1396,0.0,0.0
2009-03-12 00:00:00+09:00,2348.0434814453124,2442.505000813802,2343.5453138563366,2429.010498046875,2339,0.0,0.0
2009-03-13 00:00:00+09:00,2442.5049869177474,2442.5049869177474,2343.54530052329,2384.02880859375,4958,0.0,0.0
2009-03-16 00:00:00+09:00,2429.0104870330124,2473.9921627188087,2388.5269789157956,2393.025146484375,156,0.0,0.0
2009-03-17 00:00:00+09:00,2631.4280306355336,2631.4280306355336,2330.0508031952245,2402.021484375,10787,0.0,0.0
2009-03-18 00:00:00+09:00,2429.0103647543383,2518.973711597092,2388.5268586750994,2397.523193359375,2305,0.0,0.0
2009-03-19 00:00:00+09:00,2325.5526356214887,2433.5086573911517,2325.5526356214887,2402.021484375,2382,0.0,0.0
2009-03-20 00:00:00+09:00,2402.021136373446,2442.504638671875,2397.5229694513982,2442.504638671875,2552,0.0,0.0
2009-03-23 00:00:00+09:00,2442.5052481225493,2464.9960883446724,2433.5089120337,2438.007080078125,425,0.0,0.0
2009-03-24 00:00:00+09:00,2464.9957352650317,2572.95175286788,2402.02139166337,2487.486572265625,6896,0.0,0.0
2009-03-25 00:00:00+09:00,2487.486693009086,2487.486693009086,2393.0251730213995,2482.988525390625,804,0.0,0.0
2009-03-26 00:00:00+09:00,2653.918677435981,2653.918677435981,2447.002983940972,2590.9443359375,9687,0.0,0.0
2009-03-27 00:00:00+09:00,2590.94455099278,2698.9005739508125,2491.98486328125,2491.98486328125,838,0.0,0.0
2009-03-30 00:00:00+09:00,2487.4864589458725,2581.947970045083,2451.5011213842686,2509.977294921875,1075,0.0,0.0
2009-03-31 00:00:00+09:00,2509.9776665533414,2644.9227023895423,2460.4978200800674,2532.468505859375,2869,0.0,0.0
2009-04-01 00:00:00+09:00,2532.4681308978775,2595.4424716306844,2491.984626141073,2509.977294921875,1349,0.0,0.0
2009-04-02 00:00:00+09:00,2509.9775544819076,2635.9262489720395,2509.9775544819076,2563.95556640625,14016,0.0,0.0
2009-04-03 00:00:00+09:00,2541.464599609375,2599.9407762375554,2527.970097310564,2541.464599609375,14407,0.0,0.0
2009-04-06 00:00:00+09:00,2523.4722994290864,2617.933829354239,2523.4722994290864,2572.9521484375,13199,0.0,0.0
2009-04-07 00:00:00+09:00,2536.966692663511,2671.9117295073147,2518.9740210843374,2613.435546875,11625,0.0,0.0
2009-04-08 00:00:00+09:00,2608.9371203207093,2653.9187948089975,2545.962776037106,2568.45361328125,8797,0.0,0.0
2009-04-09 00:00:00+09:00,2626.9297039404464,2680.907711555661,2563.9553617226957,2671.911376953125,23409,0.0,0.0
2009-04-10 00:00:00+09:00,2698.900751706933,2788.864110097164,2653.9190725118174,2676.409912109375,9316,0.0,0.0
2009-04-13 00:00:00+09:00,2721.3914782795687,2739.3841492103425,2676.4098009526333,2716.893310546875,8332,0.0,0.0
2009-04-14 00:00:00+09:00,2757.3766102396003,2851.8381254354103,2631.427923311853,2824.84912109375,9760,0.0,0.0
2009-04-15 00:00:00+09:00,2707.896874053413,2887.823576648324,2698.900538923667,2784.36572265625,7404,0.0,0.0
2009-04-16 00:00:00+09:00,2941.8013219321647,2941.8013219321647,2743.8819669397867,2766.372802734375,7935,0.0,0.0
2009-04-17 00:00:00+09:00,2824.849227930004,2824.849227930004,2667.413363316071,2775.369384765625,9060,0.0,0.0
2009-04-20 00:00:00+09:00,2914.8126207496134,2914.8126207496134,2757.3767538881375,2910.314453125,14094,0.0,0.0
2009-04-21 00:00:00+09:00,2878.8271484375,2914.8124877929686,2788.863800048828,2878.8271484375,3526,0.0,0.0
2009-04-22 00:00:00+09:00,2941.801615683685,2941.801615683685,2793.3620846170775,2874.3291015625,11851,0.0,0.0
2009-04-23 00:00:00+09:00,2896.8198181152343,2896.8198181152343,2806.8564697265624,2878.8271484375,13408,0.0,0.0
2009-04-24 00:00:00+09:00,2968.790471003606,2968.790471003606,2784.3656084109575,2806.8564453125,22104,0.0,0.0
2009-04-27 00:00:00+09:00,2788.86379708317,2923.8088195226783,2788.86379708317,2869.830810546875,4391,0.0,0.0
2009-04-28 00:00:00+09:00,2923.8089257812503,2964.2924339843753,2811.354736328125,2811.354736328125,42532,0.0,0.0
2009-04-29 00:00:00+09:00,2860.834216889881,2878.826884920635,2797.859878782242,2833.84521484375,25708,0.0,0.0
2009-04-30 00:00:00+09:00,2968.790225074405,2968.790225074405,2707.896538628472,2833.84521484375,68606,0.0,0.0
2009-05-04 00:00:00+09:00,2923.80908203125,2968.790760216346,2860.834732572115,2923.80908203125,15876,0.0,0.0
2009-05-06 00:00:00+09:00,2968.790490492335,3324.145715869448,2838.3436356070656,2860.83447265625,195201,0.0,0.0
2009-05-07 00:00:00+09:00,2878.8271484375,2878.8271484375,2784.3656326293944,2878.8271484375,387119,0.0,0.0
2009-05-08 00:00:00+09:00,2892.321565379267,3310.651123046875,2892.321565379267,3310.651123046875,387119,0.0,0.0
2009-05-11 00:00:00+09:00,3657.010148131732,3805.449674439662,3576.043133781952,3706.489990234375,477604,0.0,0.0
2009-05-12 00:00:00+09:00,3612.0284820924326,4039.3543921780874,3598.533979668675,3733.47900390625,141467,0.0,0.0
2009-05-13 00:00:00+09:00,3733.4792732632773,3940.3949920224472,3675.0030918748166,3832.43896484375,64577,0.0,0.0
2009-05-14 00:00:00+09:00,3805.4496114118624,3881.91845703125,3598.533911500579,3881.91845703125,304379,0.0,0.0
2009-05-15 00:00:00+09:00,3958.3873724168348,4462.18212890625,3958.3873724168348,4462.18212890625,304379,0.0,0.0
2009-05-18 00:00:00+09:00,4498.167497838439,5127.91094753582,4138.314098011364,4552.1455078125,503625,0.0,0.0
2009-05-19 00:00:00+09:00,4750.064921465969,4750.064921465969,4142.812303664921,4295.75,205493,0.0,0.0
2009-05-20 00:00:00+09:00,4295.749954950242,4543.149167015439,4246.270112537202,4534.15283203125,326581,0.0,0.0
2009-05-21 00:00:00+09:00,4525.156050133582,5208.87744140625,4525.156050133582,5208.87744140625,548491,0.0,0.0
2009-05-22 00:00:00+09:00,5577.727898848684,5982.56298828125,5460.775539679276,5982.56298828125,548491,0.0,0.0
2009-05-25 00:00:00+09:00,6198.474368772645,6558.327742866848,5406.796945765398,6207.470703125,749250,0.0,0.0
2009-05-26 00:00:00+09:00,6297.434182363014,6378.40119327911,5667.690764126713,5910.591796875,296173,0.0,0.0
2009-05-27 00:00:00+09:00,6027.544016077898,6738.254429913949,5937.580672554348,6207.470703125,338231,0.0,0.0
2009-05-28 00:00:00+09:00,6207.471635960821,6297.4349930037315,5757.6548507462685,6027.544921875,163922,0.0,0.0
2009-05-29 00:00:00+09:00,6270.4455078125,6477.361213235295,5955.573782169118,6117.5078125,178797,0.0,0.0
2009-06-01 00:00:00+09:00,6117.507359601449,6207.470703125,5856.613663383152,6207.470703125,115307,0.0,0.0
2009-06-02 00:00:00+09:00,6315.42686424983,6684.276581392626,6225.463518605246,6603.3095703125,259499,0.0,0.0
2009-06-03 00:00:00+09:00,6576.320370021754,6765.243390227577,6387.39734981593,6720.26171875,176298,0.0,0.0
2009-06-04 00:00:00+09:00,6693.273607336956,6720.262613818154,6252.453168144065,6414.38720703125,204748,0.0,0.0
2009-06-05 00:00:00+09:00,6387.397976345486,6540.33567437066,6207.471272786458,6477.361328125,174384,0.0,0.0
2009-06-08 00:00:00+09:00,6621.302149540961,7215.060222733493,6117.50742077154,6369.40478515625,634137,0.0,0.0
2009-06-09 00:00:00+09:00,6468.365371385262,6468.365371385262,5721.669507929105,6027.544921875,201443,0.0,0.0
2009-06-10 00:00:00+09:00,6072.526382244631,6468.36513901317,5991.559363814703,6126.50439453125,611508,0.0,0.0
2009-06-11 00:00:00+09:00,6198.474724225198,6567.324453823504,6018.5480268601705,6540.33544921875,200318,0.0,0.0
2009-06-12 00:00:00+09:00,6684.277086376821,6729.258762597391,6477.361375762195,6639.29541015625,143817,0.0,0.0
2009-06-15 00:00:00+09:00,6531.339114350499,6639.2951327695155,6351.412416985471,6540.33544921875,76704,0.0,0.0
2009-06-16 00:00:00+09:00,6522.3427734375,6522.3427734375,6261.4490625,6522.3427734375,74200,0.0,0.0
2009-06-17 00:00:00+09:00,6297.434821746088,6423.38351818101,6180.482460770804,6324.423828125,99900,0.0,0.0
2009-06-18 00:00:00+09:00,6387.398125800695,6387.398125800695,6027.5447102626285,6144.4970703125,83466,0.0,0.0
2009-06-19 00:00:00+09:00,6045.537132352942,6243.4565027573535,5910.592107077206,6117.5078125,79443,0.0,0.0
2009-06-22 00:00:00+09:00,6171.485822610294,6198.474827665441,6000.55545726103,6117.5078125,75544,0.0,0.0
2009-06-23 00:00:00+09:00,5991.558454241072,5991.558454241072,5406.796743241568,5667.6904296875,103163,0.0,0.0
2009-06-24 00:00:00+09:00,5649.697714401294,5847.617061084142,5361.815028317152,5559.734375,72557,0.0,0.0
2009-06-25 00:00:00+09:00,5577.7283437262895,5946.578121295286,5577.7283437262895,5928.58544921875,60380,0.0,0.0
2009-06-26 00:00:00+09:00,6027.5451456397,6081.52316186931,5847.618424874336,5928.58544921875,51279,0.0,0.0
2009-06-29 00:00:00+09:00,6117.507609577922,6324.423308137176,6072.525935978085,6234.4599609375,388599,0.0,0.0
2009-06-30 00:00:00+09:00,6333.41920613354,6432.378881229377,5406.796793872525,5793.63916015625,200326,0.0,0.0
2009-07-01 00:00:00+09:00,5757.654296875,5892.599319458008,5496.760586547852,5757.654296875,103649,0.0,0.0
2009-07-02 00:00:00+09:00,5784.6432828211255,5793.639617631112,5622.709256241374,5703.67626953125,53786,0.0,0.0
2009-07-03 00:00:00+09:00,5523.749585190537,5847.617639045357,5523.749585190537,5739.66162109375,48589,0.0,0.0
2009-07-06 00:00:00+09:00,5703.676287841797,5793.639636230469,5667.690948486328,5757.654296875,68324,0.0,0.0
2009-07-07 00:00:00+09:00,5793.640272887324,6513.347139084507,5793.640272887324,6387.3984375,259453,0.0,0.0
2009-07-08 00:00:00+09:00,6513.346668836805,6684.277037217882,6306.430959743923,6477.361328125,144028,0.0,0.0
2009-07-09 00:00:00+09:00,6477.361266565186,6522.342942027444,6171.48587342183,6279.44189453125,86826,0.0,0.0
2009-07-10 00:00:00+09:00,6252.453125,6387.39815647482,6054.533745503597,6252.453125,54397,0.0,0.0
2009-07-13 00:00:00+09:00,6252.453110117698,6252.453110117698,6072.526401912872,6198.47509765625,90791,0.0,0.0
2009-07-14 00:00:00+09:00,6207.471185728561,6216.467520780341,6045.5371547965115,6189.478515625,101074,0.0,0.0
2009-07-15 00:00:00+09:00,6135.500554676434,6450.372284021999,6099.515214179798,6351.41259765625,102228,0.0,0.0
2009-07-16 00:00:00+09:00,6522.342470675539,6531.33880511785,6270.445106290828,6369.40478515625,66461,0.0,0.0
2009-07-17 00:00:00+09:00,6315.427507107282,6432.379868350009,6270.445829706233,6378.40185546875,34316,0.0,0.0
2009-07-20 00:00:00+09:00,6423.383343589469,6612.306383106807,6387.3980027290245,6567.32470703125,128151,0.0,0.0
2009-07-21 00:00:00+09:00,6738.255534771127,6738.255534771127,6279.442407570423,6387.3984375,266487,0.0,0.0
2009-07-22 00:00:00+09:00,6459.368457270603,7341.00927734375,6459.368457270603,7341.00927734375,903779,0.0,0.0
2009-07-23 00:00:00+09:00,7556.921139377235,7700.8624944129915,7089.111735511025,7547.9248046875,882004,0.0,0.0
2009-07-24 00:00:00+09:00,7646.884335691824,7700.862342767296,7152.0859375,7152.0859375,373763,0.0,0.0
2009-07-27 00:00:00+09:00,7224.057089918014,7403.983792033033,7053.126722908745,7098.1083984375,232670,0.0,0.0
2009-07-28 00:00:00+09:00,7152.086172392874,7484.950560290404,7026.137485080295,7125.09716796875,294714,0.0,0.0
2009-07-29 00:00:00+09:00,7179.075113088973,7251.045790914427,6882.196067058978,6945.17041015625,208079,0.0,0.0
2009-07-30 00:00:00+09:00,6936.1746026828205,7125.097646335659,6774.240565266101,7089.1123046875,143701,0.0,0.0
2009-07-31 00:00:00+09:00,7143.090034022178,7170.079039188508,6891.192652469758,6972.15966796875,87924,0.0,0.0
2009-08-03 00:00:00+09:00,6972.159305211217,7439.96870375442,6801.228948051199,7314.02001953125,182726,0.0,0.0
2009-08-04 00:00:00+09:00,7367.997872262069,7439.968547449,6873.199480351918,6918.18115234375,290094,0.0,0.0
2009-08-05 00:00:00+09:00,6918.181300807644,7269.038349873311,6612.305924699113,6657.28759765625,884795,0.0,0.0
2009-08-06 00:00:00+09:00,6747.250677614796,6873.199356930272,6522.342321694302,6612.3056640625,211991,0.0,0.0
2009-08-07 00:00:00+09:00,6549.331556309768,6639.294901863474,6477.360879866803,6585.31689453125,162206,0.0,0.0
2009-08-10 00:00:00+09:00,6630.298332536139,6684.276337957058,6549.331324404761,6612.3056640625,98032,0.0,0.0
2009-08-11 00:00:00+09:00,6585.3170927039755,6621.302432008369,6405.390396182009,6450.3720703125,184475,0.0,0.0
2009-08-12 00:00:00+09:00,6450.371809027168,6450.371809027168,6360.408464410331,6405.39013671875,123880,0.0,0.0
2009-08-13 00:00:00+09:00,6441.375777509405,6639.295144974778,6432.379442624615,6576.32080078125,155722,0.0,0.0
2009-08-14 00:00:00+09:00,6648.2914798595675,6684.276819398726,6468.364782163774,6576.32080078125,113309,0.0,0.0
2009-08-17 00:00:00+09:00,6576.320964237224,6576.320964237224,6315.42724609375,6315.42724609375,84140,0.0,0.0
2009-08-18 00:00:00+09:00,6126.504389497423,6351.412773840207,6027.544700386598,6108.51171875,122074,0.0,0.0
2009-08-19 00:00:00+09:00,6216.467738096612,6243.45674419544,6063.530036869923,6090.51904296875,68943,0.0,0.0
2009-08-20 00:00:00+09:00,6162.489487591912,6198.474827665441,5829.625091911765,6117.5078125,169787,0.0,0.0
2009-08-21 00:00:00+09:00,6117.507753314394,6135.500423177084,5883.603045099432,5937.5810546875,99577,0.0,0.0
2009-08-24 00:00:00+09:00,5919.587782118056,5919.587782118056,5631.705093625992,5667.6904296875,126271,0.0,0.0
2009-08-25 00:00:00+09:00,5532.746137083994,5820.628862916006,5532.746137083994,5676.6875,68157,0.0,0.0
2009-08-26 00:00:00+09:00,5793.639407703488,5901.595421511628,5712.672397347384,5802.6357421875,50029,0.0,0.0
2009-08-27 00:00:00+09:00,5829.625536380598,6108.51194321362,5820.629200676306,6027.544921875,106731,0.0,0.0
2009-08-28 00:00:00+09:00,6117.508033718331,6189.478716467958,6018.548344937593,6036.541015625,67819,0.0,0.0
2009-08-31 00:00:00+09:00,5955.57395634542,6108.511656130726,5892.599609375,5892.599609375,47278,0.0,0.0
2009-09-01 00:00:00+09:00,5784.642877920783,5964.569561526406,5730.664872839096,5919.587890625,79855,0.0,0.0
2009-09-02 00:00:00+09:00,5829.624975585937,5919.588323974609,5757.654296875,5757.654296875,57759,0.0,0.0
2009-09-03 00:00:00+09:00,5811.631828355493,5883.602501152464,5739.6611555585205,5793.63916015625,42509,0.0,0.0
2009-09-04 00:00:00+09:00,5883.602978362559,5883.602978362559,5685.683612117947,5739.66162109375,43585,0.0,0.0
2009-09-07 00:00:00+09:00,5694.680197110229,5766.65087890625,5667.69119143672,5766.65087890625,59332,0.0,0.0
2009-09-08 00:00:00+09:00,5667.690568569891,6072.5256091820265,5667.690568569891,6009.55126953125,170826,0.0,0.0
2009-09-09 00:00:00+09:00,6063.529427174772,6468.364477950535,5919.588075787833,6405.39013671875,359663,0.0,0.0
2009-09-10 00:00:00+09:00,6423.3832560104765,6468.3649314727345,6216.4675488840885,6279.44189453125,152425,0.0,0.0
2009-09-11 00:00:00+09:00,6279.44189453125,6342.4162401784115,6171.48587342183,6279.44189453125,87129,0.0,0.0
2009-09-14 00:00:00+09:00,6441.375937611289,6495.353948261663,6306.430910985355,6315.42724609375,79397,0.0,0.0
2009-09-15 00:00:00+09:00,6342.416518328059,6540.335899041843,6342.416518328059,6396.39453125,100766,0.0,0.0
2009-09-16 00:00:00+09:00,6405.3905915178575,6432.379596819196,6216.467554408482,6297.4345703125,106708,0.0,0.0
2009-09-17 00:00:00+09:00,6297.434244791666,6405.390260416666,6072.52587890625,6072.52587890625,76544,0.0,0.0
2009-09-18 00:00:00+09:00,6036.541257579292,6180.482628847948,6009.552250466419,6027.544921875,37275,0.0,0.0
2009-09-21 00:00:00+09:00,6117.507309772559,6207.470652563332,5901.595287074704,6081.52197265625,35287,0.0,0.0
2009-09-22 00:00:00+09:00,6162.489225260417,6162.489225260417,5982.562532552083,6072.52587890625,71144,0.0,0.0
2009-09-23 00:00:00+09:00,6036.540219741495,6063.529222214259,5802.635531644209,5883.6025390625,88164,0.0,0.0
2009-09-24 00:00:00+09:00,5802.635971069336,5820.62864074707,5622.709274291992,5757.654296875,95156,0.0,0.0
2009-09-25 00:00:00+09:00,5757.65376984127,5802.635439918155,5496.7600833953375,5667.6904296875,60706,0.0,0.0
2009-09-28 00:00:00+09:00,5649.698229667468,5712.672572991787,5532.745877779447,5613.712890625,31188,0.0,0.0
2009-09-29 00:00:00+09:00,5685.683288871951,5685.683288871951,5514.75293683308,5532.74560546875,57887,0.0,0.0
2009-09-30 00:00:00+09:00,5487.765123741175,5577.728486425456,5388.805424788466,5415.79443359375,65511,0.0,0.0
2009-10-01 00:00:00+09:00,5397.801259700084,5442.7829368642515,5217.874551043415,5361.81591796875,44550,0.0,0.0
2009-10-05 00:00:00+09:00,5370.812253401584,5397.801259700084,5181.88920931208,5361.81591796875,24096,0.0,0.0
2009-10-06 00:00:00+09:00,5334.8262083139,5478.7675562616605,5217.873863106343,5424.78955078125,41535,0.0,0.0
2009-10-07 00:00:00+09:00,5478.768104810393,5613.713132022472,5442.782764220506,5604.716796875,24211,0.0,0.0
2009-10-08 00:00:00+09:00,5523.749780547752,5658.694807759832,5514.753445400281,5604.716796875,21892,0.0,0.0
2009-10-09 00:00:00+09:00,5667.691006747159,5937.5810546875,5631.705667021781,5937.5810546875,62848,0.0,0.0
2009-10-12 00:00:00+09:00,5937.581285782443,6072.526315004771,5829.62526240458,5892.599609375,59709,0.0,0.0
2009-10-13 00:00:00+09:00,5973.566862980769,5973.566862980769,5757.654807692307,5847.6181640625,32847,0.0,0.0
2009-10-14 00:00:00+09:00,5847.617911997681,5847.617911997681,5730.665553757728,5820.62890625,24675,0.0,0.0
2009-10-15 00:00:00+09:00,5847.6178959267745,5847.6178959267745,5694.680197110229,5766.65087890625,29414,0.0,0.0
2009-10-16 00:00:00+09:00,5802.63618699697,5802.63618699697,5595.720478003279,5658.69482421875,30121,0.0,0.0
2009-10-19 00:00:00+09:00,5559.734671208531,5757.654028436019,5559.734671208531,5694.6796875,18929,0.0,0.0
2009-10-20 00:00:00+09:00,5748.657912034255,5748.657912034255,5586.723886343149,5613.712890625,14985,0.0,0.0
2009-10-21 00:00:00+09:00,5721.66939579133,5721.66939579133,5550.739020759828,5577.72802734375,27619,0.0,0.0
2009-10-22 00:00:00+09:00,5568.73146171875,5685.683818750001,5568.73146171875,5622.70947265625,23798,0.0,0.0
2009-10-23 00:00:00+09:00,5631.705572626393,5766.650594334694,5604.7165682847335,5649.6982421875,28490,0.0,0.0
2009-10-26 00:00:00+09:00,5649.698478125,5712.67282421875,5595.720467187501,5622.70947265625,25428,0.0,0.0
2009-10-27 00:00:00+09:00,5649.69829660894,5919.58834262529,5649.69829660894,5811.63232421875,220581,0.0,0.0
2009-10-28 00:00:00+09:00,5928.585142497775,5982.56315593478,5667.691410885582,5685.68408203125,97292,0.0,0.0
2009-10-29 00:00:00+09:00,5649.697706346387,5712.67204383751,4947.983660016741,5541.74169921875,54926,0.0,0.0
2009-10-30 00:00:00+09:00,5577.7277748936385,5739.661807067971,5514.753429048065,5550.73876953125,54716,0.0,0.0
2009-11-02 00:00:00+09:00,5289.844349254261,5622.7087045644785,5289.844349254261,5541.74169921875,27014,0.0,0.0
2009-11-03 00:00:00+09:00,5568.730701000659,5649.697706346387,5487.76369565493,5541.74169921875,24651,0.0,0.0
2009-11-04 00:00:00+09:00,5604.71602057164,5604.71602057164,5469.771012050654,5505.75634765625,13289,0.0,0.0
2009-11-05 00:00:00+09:00,5559.735087842676,5559.735087842676,5487.764407093903,5496.7607421875,15233,0.0,0.0
2009-11-06 00:00:00+09:00,5568.731450816475,5604.716791371025,5496.760769707377,5586.72412109375,16639,0.0,0.0
2009-11-09 00:00:00+09:00,5649.698455860008,5658.694790980805,5487.764423685677,5550.73876953125,19611,0.0,0.0
2009-11-10 00:00:00+09:00,5640.702120739212,5649.698455860008,5469.771753444084,5550.73876953125,43868,0.0,0.0
2009-11-11 00:00:00+09:00,5550.738056734827,5631.7050624246385,5532.745388803758,5595.7197265625,39627,0.0,0.0
2009-11-12 00:00:00+09:00,5595.720221103767,5640.7018949068515,5496.7605387369795,5613.712890625,28498,0.0,0.0
2009-11-13 00:00:00+09:00,5640.701372419085,5667.690374200994,5496.760029582234,5541.74169921875,21259,0.0,0.0
2009-11-16 00:00:00+09:00,5496.759997719213,5604.7160042210635,5469.77099609375,5469.77099609375,16554,0.0,0.0
2009-11-17 00:00:00+09:00,5523.749015459049,5559.734351064645,5451.778344247856,5505.75634765625,30460,0.0,0.0
2009-11-18 00:00:00+09:00,5505.757104846014,5712.672813034672,5505.757104846014,5586.72412109375,31184,0.0,0.0
2009-11-19 00:00:00+09:00,5541.74169921875,5649.697706346387,5460.7746938730215,5541.74169921875,23710,0.0,0.0
2009-11-20 00:00:00+09:00,5487.764423685677,5568.731439772842,5469.771753444084,5550.73876953125,29123,0.0,0.0
2009-11-23 00:00:00+09:00,5550.738017163246,5550.738017163246,5478.767345952053,5505.75634765625,25960,0.0,0.0
2009-11-24 00:00:00+09:00,5505.757077281096,5550.738752749079,5469.77173690671,5496.7607421875,28399,0.0,0.0
2009-11-25 00:00:00+09:00,5541.742423276916,5550.738758379639,5487.764412660583,5514.75341796875,13912,0.0,0.0
2009-11-26 00:00:00+09:00,5514.753654905226,5514.753654905226,5487.7646484375,5487.7646484375,25975,0.0,0.0
2009-11-27 00:00:00+09:00,5487.764390173037,5514.75339537061,5406.79737458032,5442.78271484375,66970,0.0,0.0
2009-11-30 00:00:00+09:00,5442.78221927472,5523.749227495336,5397.800548041045,5424.78955078125,22589,0.0,0.0
2009-12-01 00:00:00+09:00,5559.734824605507,5559.734824605507,5406.797135255518,5451.77880859375,22346,0.0,0.0
2009-12-02 00:00:00+09:00,5442.782748081696,5559.735104652046,5442.782748081696,5550.73876953125,25526,0.0,0.0
2009-12-03 00:00:00+09:00,5550.738072209465,5649.697746106231,5496.760068265775,5631.705078125,24352,0.0,0.0
2009-12-04 00:00:00+09:00,5631.706068594244,5694.680417604084,5586.7243907300735,5685.68408203125,23069,0.0,0.0
2009-12-07 00:00:00+09:00,5712.6728515625,5757.654527559055,5640.702169968012,5712.6728515625,21537,0.0,0.0
2009-12-08 00:00:00+09:00,5748.658032520708,6090.518760589232,5712.6726927240215,5973.56640625,100043,0.0,0.0
2009-12-09 00:00:00+09:00,5919.58839655497,6045.5370858433735,5910.592061605798,5973.56640625,42663,0.0,0.0
2009-12-10 00:00:00+09:00,5973.56640034932,6054.533414811886,5874.606716006184,5955.57373046875,22848,0.0,0.0
2009-12-11 00:00:00+09:00,5955.573951055226,5991.559292149215,5865.610598320252,5874.60693359375,24898,0.0,0.0
2009-12-14 00:00:00+09:00,5883.6031075307,6216.467503522498,5856.614102450284,6135.50048828125,89126,0.0,0.0
2009-12-15 00:00:00+09:00,6216.467753420114,6216.467753420114,6072.526387204886,6144.4970703125,31124,0.0,0.0
2009-12-16 00:00:00+09:00,6144.497065293457,6207.471412961178,6090.519053006838,6126.50439453125,32931,0.0,0.0
2009-12-17 00:00:00+09:00,6198.47508264321,6198.47508264321,6054.533716427984,6144.4970703125,55904,0.0,0.0
2009-12-18 00:00:00+09:00,6144.496594824645,6198.474602978303,6063.529582594159,6180.48193359375,19238,0.0,0.0
2009-12-21 00:00:00+09:00,6243.4568185334165,6486.357876314975,6171.4861347462875,6360.4091796875,87069,0.0,0.0
2009-12-22 00:00:00+09:00,6423.383003048781,6459.368342001435,6225.463638809182,6270.4453125,26843,0.0,0.0
2009-12-23 00:00:00+09:00,6216.467783273381,6333.420143884892,6180.482441546763,6252.453125,33918,0.0,0.0
2009-12-24 00:00:00+09:00,6216.4675488840885,6288.438229623702,6207.471213791637,6279.44189453125,43823,0.0,0.0
2009-12-28 00:00:00+09:00,6333.420422535211,6468.365459947183,6279.442407570423,6387.3984375,45646,0.0,0.0
2009-12-29 00:00:00+09:00,6566.911441609759,6594.3880585202605,6319.62188941525,6328.78076171875,21022,126.0,0.0
2009-12-30 00:00:00+09:00,6402.051722067166,6402.051722067166,6191.397659681552,6255.509765625,24162,0.0,0.0
2010-01-04 00:00:00+09:00,6255.509435998933,6255.509435998933,6118.126359073627,6173.07958984375,44593,0.0,0.0
2010-01-05 00:00:00+09:00,6163.921636268695,6337.940226297083,6090.650650993584,6200.55712890625,42651,0.0,0.0
2010-01-06 00:00:00+09:00,6209.715077023831,6264.668307793953,6081.490871893546,6173.07958984375,41670,0.0,0.0
2010-01-07 00:00:00+09:00,6273.827179588974,6273.827179588974,6136.444102663668,6173.07958984375,33392,0.0,0.0
2010-01-08 00:00:00+09:00,6173.079933993788,6173.079933993788,6017.3791047980985,6081.4912109375,40522,0.0,0.0
2010-01-11 00:00:00+09:00,6182.238622679746,6182.238622679746,6035.6966701421525,6090.64990234375,32438,0.0,0.0
2010-01-12 00:00:00+09:00,6154.762613808801,6154.762613808801,5999.0617738761375,6035.697265625,29438,0.0,0.0
2010-01-13 00:00:00+09:00,6127.285517120361,6127.285517120361,5815.883861541748,5861.67822265625,49840,0.0,0.0
2010-01-14 00:00:00+09:00,5953.267017926356,5953.267017926356,5779.248443556201,5907.47265625,12445,0.0,0.0
2010-01-15 00:00:00+09:00,5861.677906534955,6026.53759765625,5861.677906534955,6026.53759765625,13675,0.0,0.0
2010-01-18 00:00:00+09:00,6118.126314945859,6118.126314945859,5898.313393450798,6026.53759765625,13250,0.0,0.0
2010-01-19 00:00:00+09:00,6044.855942053297,6090.650305250671,5916.631725100652,5971.5849609375,34040,0.0,0.0
2010-01-20 00:00:00+09:00,6008.220307632399,6008.220307632399,5852.519476489486,5879.99609375,25837,0.0,0.0
2010-01-21 00:00:00+09:00,5879.995859435468,5989.902324097814,5843.360371214687,5916.63134765625,25952,0.0,0.0
2010-01-22 00:00:00+09:00,5907.471859381066,5953.266214880144,5733.453308484569,5898.31298828125,17688,0.0,0.0
2010-01-25 00:00:00+09:00,5916.631252776955,5916.631252776955,5733.453814610485,5797.56591796875,28085,0.0,0.0
2010-01-26 00:00:00+09:00,5696.818253632564,5779.248099746218,5678.500510051752,5751.771484375,20263,0.0,0.0
2010-01-27 00:00:00+09:00,5751.772413561228,5925.791005691265,5751.772413561228,5852.52001953125,18089,0.0,0.0
2010-01-28 00:00:00+09:00,5861.678294573643,5907.47265625,5770.08957122093,5907.47265625,20295,0.0,0.0
2010-01-29 00:00:00+09:00,5907.473019233573,6026.538366908048,5770.089925763025,5889.1552734375,10684,0.0,0.0
2010-02-01 00:00:00+09:00,5971.585372041275,5971.585372041275,5815.884526451242,5852.52001953125,28898,0.0,0.0
2010-02-02 00:00:00+09:00,5944.107601966387,5944.107601966387,5815.88340099947,5934.94873046875,34436,0.0,0.0
2010-02-03 00:00:00+09:00,5953.266443123156,6292.144686808629,5834.201114260693,6209.71484375,82706,0.0,0.0
2010-02-04 00:00:00+09:00,6310.462666769055,6310.462666769055,6090.649743688567,6173.07958984375,21710,0.0,0.0
2010-02-05 00:00:00+09:00,5962.426243387057,5962.426243387057,5248.034158925935,5815.88427734375,46275,0.0,0.0
2010-02-08 00:00:00+09:00,5815.883843144284,5879.99594850178,5779.248354368572,5788.4072265625,11920,0.0,0.0
2010-02-09 00:00:00+09:00,5770.088792883831,5898.31298828125,5770.088792883831,5898.31298828125,19697,0.0,0.0
2010-02-10 00:00:00+09:00,5916.631281869854,6191.397440470621,5861.6780501497005,6118.12646484375,110032,0.0,0.0
2010-02-11 00:00:00+09:00,6163.921061688158,6228.03316782756,6044.855721714985,6081.4912109375,35805,0.0,0.0
2010-02-12 00:00:00+09:00,6136.444262511748,6136.444262511748,6026.537798108553,6090.64990234375,33234,0.0,0.0
2010-02-16 00:00:00+09:00,6099.808919270833,6191.397641782407,6044.855685763889,6182.23876953125,47461,0.0,0.0
2010-02-17 00:00:00+09:00,6264.668637902635,6383.733977511895,6173.079915126281,6255.509765625,67086,0.0,0.0
2010-02-18 00:00:00+09:00,6319.621560552603,6319.621560552603,6200.556226803061,6246.3505859375,17933,0.0,0.0
2010-02-19 00:00:00+09:00,6228.033552938433,6292.145663042211,6090.650459858908,6136.44482421875,33683,0.0,0.0
2010-02-22 00:00:00+09:00,6136.44482421875,6182.239188578591,6035.697222627099,6136.44482421875,32431,0.0,0.0
2010-02-23 00:00:00+09:00,6182.238588953865,6228.032948872042,6118.126485068417,6191.3974609375,34958,0.0,0.0
2010-02-24 00:00:00+09:00,6145.603101019323,6246.350692839312,6145.603101019323,6191.3974609375,23494,0.0,0.0
2010-02-25 00:00:00+09:00,6163.9214931390225,6667.659505208333,6163.9214931390225,6429.52880859375,120984,0.0,0.0
2010-02-26 00:00:00+09:00,6594.388405767995,7281.303864702161,6511.958550695895,7125.60302734375,316155,0.0,0.0
2010-03-02 00:00:00+09:00,7299.621239608373,7473.639813701922,7079.808303911258,7143.92041015625,183220,0.0,0.0
2010-03-03 00:00:00+09:00,7143.920224946121,7244.667817862028,6869.154062448193,6905.78955078125,107274,0.0,0.0
2010-03-04 00:00:00+09:00,6924.107124660326,7079.807946246603,6713.453071925951,6740.9296875,85164,0.0,0.0
2010-03-05 00:00:00+09:00,6795.883246382131,6933.266330877726,6640.182417287122,6823.35986328125,65077,0.0,0.0
2010-03-08 00:00:00+09:00,6869.1541530007335,7043.172724876752,6740.9299421447195,7024.85498046875,69673,0.0,0.0
2010-03-09 00:00:00+09:00,7052.332143733639,7098.126508303338,6869.154685454843,6997.37890625,51394,0.0,0.0
2010-03-10 00:00:00+09:00,7043.172868529802,7162.23820961028,6924.107527449324,7116.44384765625,56002,0.0,0.0
2010-03-11 00:00:00+09:00,7116.443941728784,7180.5560493119265,6924.1076189793575,6988.2197265625,45309,0.0,0.0
2010-03-12 00:00:00+09:00,6979.061388380984,6979.061388380984,6759.248431266622,6887.47265625,49477,0.0,0.0
2010-03-15 00:00:00+09:00,6823.3595554803005,6878.312786799605,6685.976477182039,6814.20068359375,31964,0.0,0.0
2010-03-16 00:00:00+09:00,6722.611831163765,7143.919929574573,6722.611831163765,6969.9013671875,54209,0.0,0.0
2010-03-17 00:00:00+09:00,6988.219509828629,7180.555826612904,6988.219509828629,7098.1259765625,64449,0.0,0.0
2010-03-18 00:00:00+09:00,7098.125599118098,7757.564364455521,6988.219138228527,7464.48046875,200944,0.0,0.0
2010-03-19 00:00:00+09:00,7464.4801355771515,7565.227720229113,7208.03173828125,7208.03173828125,53232,0.0,0.0
2010-03-22 00:00:00+09:00,7299.62109375,7327.0977101631115,7162.2380116844415,7299.62109375,22496,0.0,0.0
2010-03-23 00:00:00+09:00,7510.275172263199,7537.7517887470885,7299.621112553377,7372.89208984375,29372,0.0,0.0
2010-03-24 00:00:00+09:00,7299.62109375,7446.163047953262,7098.125906720515,7299.62109375,36374,0.0,0.0
2010-03-25 00:00:00+09:00,7327.097856570513,7327.097856570513,7052.331686949118,7143.92041015625,16350,0.0,0.0
2010-03-26 00:00:00+09:00,7116.443703754722,7272.14453125,7052.331598315491,7272.14453125,62317,0.0,0.0
2010-03-29 00:00:00+09:00,7327.0978348475965,8133.078596680833,7327.0978348475965,7812.51806640625,395326,0.0,0.0
2010-03-30 00:00:00+09:00,7959.059967298704,7968.218839528046,7400.368761308806,7592.705078125,232022,0.0,0.0
2010-03-31 00:00:00+09:00,7620.181250000001,7940.741759314904,7510.274789663462,7739.24658203125,163604,0.0,0.0
2010-04-01 00:00:00+09:00,7693.452983810241,7940.742544004142,7601.8642578125,7601.8642578125,79284,0.0,0.0
2010-04-02 00:00:00+09:00,7601.8643279846565,7656.817564090569,7491.95785577283,7647.65869140625,66264,0.0,0.0
2010-04-05 00:00:00+09:00,7665.976578776042,7665.976578776042,7299.621664617091,7418.68701171875,67343,0.0,0.0
2010-04-06 00:00:00+09:00,7418.686888345195,7748.406305604982,7317.939288626927,7720.9296875,59008,0.0,0.0
2010-04-07 00:00:00+09:00,7675.135238610693,7812.518327607304,7519.434404414533,7601.8642578125,32107,0.0,0.0
2010-04-08 00:00:00+09:00,7601.864056755515,7867.471355124081,7537.7519502527575,7785.04150390625,53174,0.0,0.0
2010-04-09 00:00:00+09:00,7830.836674753529,7876.631041272555,7592.705968854591,7867.47216796875,50080,0.0,0.0
2010-04-12 00:00:00+09:00,8032.330719103003,8041.489591074614,7693.452456153389,7702.611328125,33438,0.0,0.0
2010-04-13 00:00:00+09:00,7739.246816011445,7785.041175869501,7510.275016721166,7702.611328125,42134,0.0,0.0
2010-04-14 00:00:00+09:00,7785.041909348865,7785.041909348865,7638.499943996416,7665.9765625,20479,0.0,0.0
2010-04-15 00:00:00+09:00,7775.882837208208,7775.882837208208,7574.387640013178,7601.8642578125,26313,0.0,0.0
2010-04-16 00:00:00+09:00,7638.49996021412,7675.135451630015,7400.369266010803,7418.68701171875,37301,0.0,0.0
2010-04-19 00:00:00+09:00,7290.46241934857,7464.480994684779,7235.509185031872,7363.7333984375,51884,0.0,0.0
2010-04-20 00:00:00+09:00,7354.574805398589,7556.070005546496,7354.574805398589,7546.9111328125,17193,0.0,0.0
2010-04-21 00:00:00+09:00,7638.499637877541,7684.294000214937,7510.275423332835,7656.8173828125,21459,0.0,0.0
2010-04-22 00:00:00+09:00,7427.845746982598,7656.817564090569,7427.845746982598,7647.65869140625,39917,0.0,0.0
2010-04-23 00:00:00+09:00,7647.658885674918,7748.406487761654,7592.705648173062,7711.77099609375,35702,0.0,0.0
2010-04-26 00:00:00+09:00,7794.200047841112,7794.200047841112,7656.816968266945,7702.611328125,18767,0.0,0.0
2010-04-27 00:00:00+09:00,7702.611580141129,8426.162489571747,7620.181729699666,8233.826171875,124159,0.0,0.0
2010-04-28 00:00:00+09:00,8050.64892578125,8160.555395757786,7885.789220816447,8050.64892578125,56586,0.0,0.0
2010-04-29 00:00:00+09:00,8233.826817380597,8233.826817380597,7995.696119658801,8078.1259765625,25945,0.0,0.0
2010-04-30 00:00:00+09:00,8105.6022081343435,8563.545835712555,7977.377992412445,8270.4619140625,89316,0.0,0.0
2010-05-03 00:00:00+09:00,8288.781129939627,8600.182851948408,8242.986759055982,8343.734375,77135,0.0,0.0
2010-05-04 00:00:00+09:00,8316.256419765296,8774.200055214926,8252.144310802347,8682.611328125,94950,0.0,0.0
2010-05-06 00:00:00+09:00,8426.161951695372,8517.750668561626,8307.096619769241,8508.591796875,50975,0.0,0.0
2010-05-07 00:00:00+09:00,8224.667334784835,8471.956887167009,8133.078611680327,8380.3681640625,37187,0.0,0.0
2010-05-10 00:00:00+09:00,8444.481196384804,8444.481196384804,8288.780350030638,8407.845703125,29993,0.0,0.0
2010-05-11 00:00:00+09:00,8600.180894221503,8600.180894221503,8316.255859375,8316.255859375,23539,0.0,0.0
2010-05-12 00:00:00+09:00,8261.303517807262,8261.303517807262,7940.74296002095,8197.19140625,82454,0.0,0.0
2010-05-13 00:00:00+09:00,8270.462137652568,8362.05086564429,8096.443554468294,8160.5556640625,22429,0.0,0.0
2010-05-14 00:00:00+09:00,8160.554248664952,8316.25505924554,7931.5824683993815,7959.05908203125,69431,0.0,0.0
2010-05-17 00:00:00+09:00,7940.742959465779,7940.742959465779,7693.453386333627,7803.35986328125,91143,0.0,0.0
2010-05-18 00:00:00+09:00,7968.219578702685,8004.855071018559,7693.453386333627,7803.35986328125,52849,0.0,0.0
2010-05-19 00:00:00+09:00,7693.452414772727,7876.629853219697,7556.0693359375,7556.0693359375,48848,0.0,0.0
2010-05-20 00:00:00+09:00,7537.7517887470885,7647.658254682648,7143.920285811336,7372.89208984375,27372,0.0,0.0
2010-05-24 00:00:00+09:00,7098.126327514648,7372.892507934571,7070.6497094726565,7327.09814453125,40852,0.0,0.0
2010-05-25 00:00:00+09:00,7180.555769390812,7317.93885171334,6685.97667302971,6878.31298828125,53675,0.0,0.0
2010-05-26 00:00:00+09:00,6869.153778437089,7098.125571051659,6869.153778437089,6969.9013671875,27716,0.0,0.0
2010-05-27 00:00:00+09:00,6969.901389410964,7116.443337151536,6914.94815900825,7043.17236328125,17936,0.0,0.0
2010-05-28 00:00:00+09:00,7116.444140625,7363.733705357143,7052.33203125,7052.33203125,41801,0.0,0.0
2010-05-31 00:00:00+09:00,7052.331489276762,7088.966977532746,6960.742768636805,7079.80810546875,30319,0.0,0.0
2010-06-01 00:00:00+09:00,7079.808412694808,7272.144734385094,7024.855177926154,7088.96728515625,42948,0.0,0.0
2010-06-03 00:00:00+09:00,7153.079354100319,7281.303567874204,7107.284992038217,7189.71484375,43518,0.0,0.0
2010-06-04 00:00:00+09:00,7189.714227630108,7290.4618155332055,7125.602126237229,7171.396484375,27794,0.0,0.0
2010-06-07 00:00:00+09:00,6997.377982301248,7116.443314460825,6878.312650141673,6969.9013671875,13101,0.0,0.0
2010-06-08 00:00:00+09:00,6997.378291092519,7052.331523745079,6933.2661863312005,6979.060546875,24969,0.0,0.0
2010-06-09 00:00:00+09:00,6979.061398797286,7015.696891704359,6896.631539756373,6960.74365234375,18444,0.0,0.0
2010-06-10 00:00:00+09:00,6914.948114443268,7079.807804588936,6869.1537560694715,6896.63037109375,33552,0.0,0.0
2010-06-11 00:00:00+09:00,6933.265880369169,7006.536854005832,6887.471521846255,6969.9013671875,18612,0.0,0.0
2010-06-14 00:00:00+09:00,6960.742239101717,6997.377724570674,6905.789010898283,6933.265625,19446,0.0,0.0
2010-06-15 00:00:00+09:00,6896.630498499586,6960.742601407285,6795.88290821606,6914.9482421875,38364,0.0,0.0
2010-06-16 00:00:00+09:00,6960.743303571428,7153.079631696428,6951.584430803571,7052.33203125,53741,0.0,0.0
2010-06-17 00:00:00+09:00,7143.920481687898,7198.87371616242,7088.967247213376,7189.71484375,43027,0.0,0.0
2010-06-18 00:00:00+09:00,7272.144695461784,7272.144695461784,7061.490629976115,7189.71484375,17854,0.0,0.0
2010-06-21 00:00:00+09:00,7198.873754693556,7198.873754693556,6960.7430706960595,7088.96728515625,34423,0.0,0.0
2010-06-22 00:00:00+09:00,7088.966676263695,7088.966676263695,6869.1537560694715,6896.63037109375,30453,0.0,0.0
2010-06-23 00:00:00+09:00,6942.424857719371,7043.172448002898,6869.153882967716,6914.9482421875,10939,0.0,0.0
2010-06-24 00:00:00+09:00,6914.948514020738,7052.3315970807525,6896.630769612736,7024.85498046875,18122,0.0,0.0
2010-06-25 00:00:00+09:00,6960.742517677178,7153.078824086679,6960.742517677178,7043.17236328125,13421,0.0,0.0
2010-06-28 00:00:00+09:00,7043.172872395833,7043.172872395833,6869.154296875,6869.154296875,25394,0.0,0.0
2010-06-29 00:00:00+09:00,6951.5841484375,7006.537382812499,6750.088955729167,6869.154296875,48595,0.0,0.0
2010-06-30 00:00:00+09:00,6777.565143386045,6869.15386153991,6740.929656124498,6841.67724609375,6981,0.0,0.0
2010-07-01 00:00:00+09:00,6805.042046294341,6914.948512721707,6649.341218855575,6777.5654296875,24927,0.0,0.0
2010-07-02 00:00:00+09:00,6750.089174182758,6859.995646489669,6713.453683413788,6759.248046875,12979,0.0,0.0
2010-07-05 00:00:00+09:00,6722.61255610603,6795.88353764397,6713.453683413788,6759.248046875,12891,0.0,0.0
2010-07-06 00:00:00+09:00,6731.771428798273,6759.248046875,6640.182701875847,6759.248046875,34858,0.0,0.0
2010-07-07 00:00:00+09:00,6713.4535035996705,6768.40673828125,6695.13575870581,6768.40673828125,13074,0.0,0.0
2010-07-08 00:00:00+09:00,6777.566187808387,6988.220272024054,6777.566187808387,6960.74365234375,24744,0.0,0.0
2010-07-09 00:00:00+09:00,7006.537163201279,7006.537163201279,6823.359721026082,6979.060546875,22955,0.0,0.0
2010-07-12 00:00:00+09:00,7015.695748079893,7070.648978482607,6997.378004612321,7043.17236328125,16390,0.0,0.0
2010-07-13 00:00:00+09:00,7079.808286360508,7143.920392446567,6988.219563380424,7070.6494140625,18436,0.0,0.0
2010-07-14 00:00:00+09:00,7070.649776785714,7098.126395089285,6988.219921874999,7052.33203125,14791,0.0,0.0
2010-07-15 00:00:00+09:00,7061.490683943414,7189.714898697251,7024.855194013747,7162.23828125,18405,0.0,0.0
2010-07-16 00:00:00+09:00,7143.920661770568,7226.350515560228,7088.967425910793,7180.55615234375,10721,0.0,0.0
2010-07-19 00:00:00+09:00,7143.920772915328,7143.920772915328,7034.014299485862,7125.60302734375,5041,0.0,0.0
2010-07-20 00:00:00+09:00,7125.6027750020185,7143.920519924903,7052.3317953104815,7088.96728515625,13470,0.0,0.0
2010-07-21 00:00:00+09:00,6969.901389410964,7052.331235015035,6887.4715438068915,7043.17236328125,21220,0.0,0.0
2010-07-22 00:00:00+09:00,7070.649359228776,7070.649359228776,6823.359809100309,6850.83642578125,21064,0.0,0.0
2010-07-23 00:00:00+09:00,6869.154188368056,6960.74291087963,6612.705765335648,6676.81787109375,36382,0.0,0.0
2010-07-26 00:00:00+09:00,6640.182507641502,6823.3599561281635,6640.182507641502,6695.1357421875,4939,0.0,0.0
2010-07-27 00:00:00+09:00,6685.9771065272525,6768.40696126526,6640.182742783915,6658.50048828125,28270,0.0,0.0
2010-07-28 00:00:00+09:00,6740.930286815069,6750.089159487372,6621.864942075128,6685.97705078125,8631,0.0,0.0
2010-07-29 00:00:00+09:00,6685.976689239669,6731.771050124872,6640.182328354465,6704.29443359375,30422,0.0,0.0
2010-07-30 00:00:00+09:00,6704.294379783163,6759.247612404336,6704.294379783163,6731.77099609375,6581,0.0,0.0
2010-08-02 00:00:00+09:00,6823.35986328125,6823.35986328125,6594.3880557885905,6823.35986328125,16398,0.0,0.0
2010-08-03 00:00:00+09:00,6823.35986328125,6841.677607880662,6750.088884883598,6823.35986328125,11351,0.0,0.0
2010-08-04 00:00:00+09:00,6777.565501782718,6850.836480180369,6740.930012583893,6823.35986328125,22016,0.0,0.0
2010-08-05 00:00:00+09:00,6850.836117909137,6887.471605170683,6759.2473997552715,6841.67724609375,8262,0.0,0.0
2010-08-06 00:00:00+09:00,6878.313152138435,6878.313152138435,6768.406683662188,6795.88330078125,3771,0.0,0.0
2010-08-09 00:00:00+09:00,6823.359736446417,6823.359736446417,6649.34116598671,6805.0419921875,24313,0.0,0.0
2010-08-10 00:00:00+09:00,6805.04222806897,6850.83659030362,6704.29463115274,6768.40673828125,13703,0.0,0.0
2010-08-11 00:00:00+09:00,6786.7244493160015,6786.7244493160015,6603.547001291277,6621.86474609375,24704,0.0,0.0
2010-08-12 00:00:00+09:00,6612.705999461206,6649.341489762931,6411.210802801724,6640.1826171875,28547,0.0,0.0
2010-08-13 00:00:00+09:00,6484.480981581703,6640.181796111208,6484.480981581703,6557.751953125,17078,0.0,0.0
2010-08-16 00:00:00+09:00,6557.753042473591,6557.753042473591,6475.323185794454,6502.7998046875,15606,0.0,0.0
2010-08-17 00:00:00+09:00,6475.322340375922,6576.069929830144,6475.322340375922,6521.11669921875,12013,0.0,0.0
2010-08-18 00:00:00+09:00,6521.117550616197,6548.594169509242,6411.211075044013,6502.7998046875,17091,0.0,0.0
2010-08-19 00:00:00+09:00,6502.799608819346,6530.276226884779,6411.210881934566,6438.6875,18319,0.0,0.0
2010-08-20 00:00:00+09:00,6411.2102161754265,6457.004574862393,6383.733600963245,6447.845703125,12716,0.0,0.0
2010-08-23 00:00:00+09:00,6493.640536604256,6502.799409011314,6365.416322905442,6374.5751953125,18012,0.0,0.0
2010-08-24 00:00:00+09:00,6475.322847616793,6475.322847616793,6347.0986328125,6347.0986328125,14317,0.0,0.0
2010-08-25 00:00:00+09:00,6347.098964293574,6585.229661366637,6282.986853543133,6502.7998046875,21986,0.0,0.0
2010-08-26 00:00:00+09:00,6411.210647431931,6502.7993709666725,6319.621923897189,6475.32275390625,9243,0.0,0.0
2010-08-27 00:00:00+09:00,6475.323120481577,6475.323120481577,6081.49158698694,6136.44482421875,30027,0.0,0.0
2010-08-30 00:00:00+09:00,6136.44482421875,6255.510171554338,6090.650459858908,6136.44482421875,19653,0.0,0.0
2010-08-31 00:00:00+09:00,6099.809152617362,6218.874496437221,6081.491407414307,6145.603515625,16171,0.0,0.0
2010-09-01 00:00:00+09:00,6090.649921933043,6173.079770500557,6090.649921933043,6163.9208984375,11138,0.0,0.0
2010-09-02 00:00:00+09:00,6182.238642563614,6200.556386689728,6154.762026374443,6163.9208984375,3725,0.0,0.0
2010-09-03 00:00:00+09:00,6218.87451171875,6218.87451171875,6163.921275974549,6218.87451171875,5141,0.0,0.0
2010-09-06 00:00:00+09:00,6218.873948818852,6273.827179588974,6136.444102663668,6173.07958984375,8257,0.0,0.0
2010-09-07 00:00:00+09:00,6237.191692408893,6237.191692408893,6136.444102663668,6173.07958984375,3983,0.0,0.0
2010-09-08 00:00:00+09:00,6173.079567849099,6218.8739266610355,6099.80859375,6099.80859375,10054,0.0,0.0
2010-09-09 00:00:00+09:00,6127.285536024306,6200.556514033565,6127.285536024306,6182.23876953125,4444,0.0,0.0
2010-09-10 00:00:00+09:00,6182.239382587472,6273.828114181361,6154.762763109306,6200.55712890625,6564,0.0,0.0
2010-09-13 00:00:00+09:00,6108.968397312362,6200.55712890625,6099.809524152973,6200.55712890625,10830,0.0,0.0
2010-09-14 00:00:00+09:00,6136.444102663668,6228.032820613872,6127.285230868648,6173.07958984375,9436,0.0,0.0
2010-09-15 00:00:00+09:00,6173.079951695034,6228.033185686384,6099.8089730399,6154.76220703125,8255,0.0,0.0
2010-09-16 00:00:00+09:00,6191.397696358817,6191.397696358817,6108.967845371792,6154.76220703125,14592,0.0,0.0
2010-09-17 00:00:00+09:00,6136.444408275463,6273.827492042824,6081.491174768518,6182.23876953125,8755,0.0,0.0
2010-09-20 00:00:00+09:00,6218.873948818852,6218.873948818852,6090.649743688567,6173.07958984375,2765,0.0,0.0
2010-09-24 00:00:00+09:00,6118.127078474813,6182.239188578591,6072.332714114972,6136.44482421875,15195,0.0,0.0
2010-09-27 00:00:00+09:00,6173.07987900581,6173.07987900581,6081.491156765367,6108.9677734375,7091,0.0,0.0
2010-09-28 00:00:00+09:00,6081.4912109375,6090.650083243128,6035.696849409356,6081.4912109375,12723,0.0,0.0
2010-09-29 00:00:00+09:00,6127.285572465644,6127.285572465644,6044.855721714985,6081.4912109375,11858,0.0,0.0
2010-09-30 00:00:00+09:00,6063.173412317279,6108.9677734375,6008.220178973013,6108.9677734375,32239,0.0,0.0
2010-10-01 00:00:00+09:00,6072.332356044224,6292.145292009626,6063.173483712332,6154.76220703125,16553,0.0,0.0
2010-10-04 00:00:00+09:00,6255.509986843331,6255.509986843331,6145.603515625,6145.603515625,4821,0.0,0.0
2010-10-05 00:00:00+09:00,6255.509435998933,6255.509435998933,6099.808615483586,6173.07958984375,4109,0.0,0.0
2010-10-06 00:00:00+09:00,6218.874276514458,6255.509765625,6044.855703239385,6255.509765625,20187,0.0,0.0
2010-10-07 00:00:00+09:00,6255.51061814542,6264.669491671255,6163.921882887068,6237.19287109375,10019,0.0,0.0
2010-10-08 00:00:00+09:00,6255.509201004794,6255.509201004794,6145.602743593289,6209.71484375,14872,0.0,0.0
2010-10-11 00:00:00+09:00,6209.715639094717,6282.986620086985,6182.2390212226155,6218.87451171875,14125,0.0,0.0
2010-10-12 00:00:00+09:00,6163.921442834655,6228.033552938433,6136.44482421875,6136.44482421875,15264,0.0,0.0
2010-10-13 00:00:00+09:00,6127.285770421945,6173.080133429583,6063.173662211252,6145.603515625,17601,0.0,0.0
2010-10-14 00:00:00+09:00,6163.9208246105445,6200.55631242398,6044.855489216879,6118.12646484375,32744,0.0,0.0
2010-10-15 00:00:00+09:00,6118.126981679459,6273.827818039565,6081.491490771199,6264.6689453125,27572,0.0,0.0
2010-10-18 00:00:00+09:00,6228.03345440424,6310.463308947825,6182.239090768914,6264.6689453125,26906,0.0,0.0
2010-10-19 00:00:00+09:00,6264.6691506840125,6539.435341503487,6264.6691506840125,6402.05224609375,70402,0.0,0.0
2010-10-20 00:00:00+09:00,6402.05224609375,6484.482103339592,6347.099007929855,6402.05224609375,32183,0.0,0.0
2010-10-21 00:00:00+09:00,6402.0519945762135,6457.00523058116,6310.463267901304,6365.41650390625,21886,0.0,0.0
2010-10-22 00:00:00+09:00,6365.416305896848,6402.051795427189,6237.192092540652,6301.30419921875,17093,0.0,0.0
2010-10-25 00:00:00+09:00,6402.051722067166,6402.051722067166,6228.033148792093,6255.509765625,34973,0.0,0.0
2010-10-26 00:00:00+09:00,6255.509747540509,6365.416214554398,6173.079897280092,6182.23876953125,29359,0.0,0.0
2010-10-27 00:00:00+09:00,6173.080509428084,6301.304733659527,6173.080509428084,6200.55712890625,29704,0.0,0.0
2010-10-28 00:00:00+09:00,6163.920696086711,6228.032798423424,6099.80859375,6099.80859375,45907,0.0,0.0
2010-10-29 00:00:00+09:00,6127.285755002121,6163.921245316034,6044.855901795814,6072.33251953125,18536,0.0,0.0
2010-11-01 00:00:00+09:00,6136.44448249665,6136.44448249665,5925.790418172138,5980.74365234375,66532,0.0,0.0
2010-11-02 00:00:00+09:00,5980.743087956935,6008.2197024498455,5861.6777584876545,5934.94873046875,44086,0.0,0.0
2010-11-03 00:00:00+09:00,5907.472907538039,6008.220507511556,5861.678543913713,5944.1083984375,41832,0.0,0.0
2010-11-04 00:00:00+09:00,5944.108510825719,5944.108510825719,5788.407671559098,5889.1552734375,34154,0.0,0.0
2010-11-05 00:00:00+09:00,5898.3141332431105,5944.108497631643,5788.40765871063,5815.88427734375,54091,0.0,0.0
2010-11-08 00:00:00+09:00,5861.67822265625,5907.472583770752,5788.407244873047,5861.67822265625,5448,0.0,0.0
2010-11-09 00:00:00+09:00,5861.678667434716,5989.902888284851,5852.519794516849,5962.42626953125,16907,0.0,0.0
2010-11-10 00:00:00+09:00,5999.061196153009,5999.061196153009,5907.472475601055,5916.63134765625,15578,0.0,0.0
2010-11-11 00:00:00+09:00,5925.790652987769,5971.585016612095,5861.678543913713,5944.1083984375,14226,0.0,0.0
2010-11-12 00:00:00+09:00,5944.108072662353,5953.266944885254,5733.454011535645,5861.67822265625,20184,0.0,0.0
2010-11-15 00:00:00+09:00,5870.836926622789,5953.266774266479,5696.818359375,5696.818359375,18342,0.0,0.0
2010-11-16 00:00:00+09:00,5678.500412855691,5760.930257558435,5541.117338351118,5632.7060546875,33735,0.0,0.0
2010-11-17 00:00:00+09:00,5632.705874752688,5751.771202186485,5586.911518047382,5641.86474609375,7787,0.0,0.0
2010-11-18 00:00:00+09:00,5641.864897414138,5733.45361328125,5586.91166789387,5733.45361328125,4959,0.0,0.0
2010-11-19 00:00:00+09:00,5715.136466733871,5825.042937247984,5623.547741305443,5678.5009765625,16444,0.0,0.0
2010-11-22 00:00:00+09:00,5742.612514291159,5770.089129192073,5577.752824885671,5632.7060546875,34956,0.0,0.0
2010-11-23 00:00:00+09:00,5596.070363898026,5632.705849095395,5495.322779605263,5568.59375,31650,0.0,0.0
2010-11-24 00:00:00+09:00,5412.893113062449,5586.911673380869,5412.893113062449,5559.43505859375,19743,0.0,0.0
2010-11-25 00:00:00+09:00,5522.799931398502,5623.547525503615,5504.482187015754,5541.11767578125,13373,0.0,0.0
2010-11-26 00:00:00+09:00,5586.912681842672,5586.912681842672,4716.819723195043,5312.146484375,48905,0.0,0.0
2010-11-29 00:00:00+09:00,5312.1459056712965,5477.00560619213,5312.1459056712965,5440.3701171875,5403,0.0,0.0
2010-11-30 00:00:00+09:00,5357.940068675469,5495.323147359455,5339.622324850937,5376.2578125,26928,0.0,0.0
2010-12-01 00:00:00+09:00,5403.735603003011,5586.913081070909,5357.941233486036,5513.64208984375,8228,0.0,0.0
2010-12-02 00:00:00+09:00,5513.641040488903,5678.500739373953,5357.940213764134,5467.8466796875,27281,0.0,0.0
2010-12-03 00:00:00+09:00,5394.575737754639,5495.323332177901,5229.716037789302,5367.09912109375,16577,0.0,0.0
2010-12-06 00:00:00+09:00,5403.734848179768,5412.893720803801,5266.351758819265,5330.4638671875,5373,0.0,0.0
2010-12-07 00:00:00+09:00,5339.622724473269,5339.622724473269,5174.763017714232,5257.19287109375,20280,0.0,0.0
2010-12-08 00:00:00+09:00,5220.5573956990975,5357.9404850596,5211.398523075064,5330.4638671875,21015,0.0,0.0
2010-12-09 00:00:00+09:00,5330.463812099359,5385.417047275641,5312.146067040599,5357.9404296875,4065,0.0,0.0
2010-12-10 00:00:00+09:00,5357.9403032201435,5376.258047846537,5284.669324714569,5339.62255859375,3449,0.0,0.0
2010-12-13 00:00:00+09:00,5357.9403032201435,5376.258047846537,5293.828197027766,5339.62255859375,3865,0.0,0.0
2010-12-14 00:00:00+09:00,5339.622450823695,5422.052299978778,5312.145834438667,5394.57568359375,9569,0.0,0.0
2010-12-15 00:00:00+09:00,5458.687916402285,5477.005661088198,5367.099192972716,5412.8935546875,10065,0.0,0.0
2010-12-16 00:00:00+09:00,5394.5760602678565,5477.005915178571,5376.258314732143,5449.529296875,14709,0.0,0.0
2010-12-17 00:00:00+09:00,5458.688043449621,5486.164661117991,5422.052553225126,5431.21142578125,15126,0.0,0.0
2010-12-20 00:00:00+09:00,5431.211281725718,5431.211281725718,5275.510452401372,5339.62255859375,11536,0.0,0.0
2010-12-21 00:00:00+09:00,5422.052260580279,5422.052260580279,5248.03369140625,5248.03369140625,21044,0.0,0.0
2010-12-22 00:00:00+09:00,5330.464093338816,5330.464093338816,5220.5576171875,5220.5576171875,20447,0.0,0.0
2010-12-23 00:00:00+09:00,5220.5576171875,5312.146347313596,5211.39874417489,5220.5576171875,7427,0.0,0.0
2010-12-24 00:00:00+09:00,5220.556331694859,5266.350685481656,5083.173270334468,5211.3974609375,36997,0.0,0.0
2010-12-27 00:00:00+09:00,5183.921586973713,5257.192563468041,5165.603842850131,5248.03369140625,7983,0.0,0.0
2010-12-28 00:00:00+09:00,5257.192690217391,5275.510434782608,5174.762839673913,5266.3515625,5674,0.0,0.0
2010-12-29 00:00:00+09:00,5393.703233885018,5393.703233885018,5318.790688969948,5374.97509765625,2094,126.0,0.0
2010-12-30 00:00:00+09:00,5356.246557490252,5562.2560404706455,5337.518422673852,5403.06689453125,6981,0.0,0.0
2011-01-03 00:00:00+09:00,5403.066787429836,5431.158989097582,5356.246451316925,5421.794921875,4432,0.0,0.0
2011-01-04 00:00:00+09:00,5431.1592658069885,5740.173499896006,5431.1592658069885,5627.8046875,22361,0.0,0.0
2011-01-05 00:00:00+09:00,5646.53271484375,5655.896782364221,5580.984242200456,5646.53271484375,13809,0.0,0.0
2011-01-06 00:00:00+09:00,5562.256537224264,5646.533151424633,5562.256537224264,5571.62060546875,12665,0.0,0.0
2011-01-07 00:00:00+09:00,5618.44091796875,5637.169054361979,5571.620576985677,5618.44091796875,5502,0.0,0.0
2011-01-10 00:00:00+09:00,5712.081599934896,5712.081599934896,5571.620576985677,5618.44091796875,16989,0.0,0.0
2011-01-11 00:00:00+09:00,5646.532205682052,5693.3525390625,5571.619672273335,5693.3525390625,11671,0.0,0.0
2011-01-12 00:00:00+09:00,5693.3525390625,5740.172872442949,5599.711872301604,5693.3525390625,11508,0.0,0.0
2011-01-13 00:00:00+09:00,5721.4450381937295,5721.4450381937295,5599.712165040672,5683.98876953125,11974,0.0,0.0
2011-01-14 00:00:00+09:00,5683.989120176175,5683.989120176175,5571.620307256711,5580.984375,14435,0.0,0.0
2011-01-17 00:00:00+09:00,5571.6206344345865,5655.897249073093,5459.251814916578,5524.80029296875,16363,0.0,0.0
2011-01-18 00:00:00+09:00,5468.6156143344715,5552.892224829352,5468.6156143344715,5487.34375,4181,0.0,0.0
2011-01-19 00:00:00+09:00,5552.892224829352,5552.892224829352,5431.159343003414,5487.34375,15146,0.0,0.0
2011-01-20 00:00:00+09:00,5524.800607674938,5712.081984206291,5431.1599194092605,5637.16943359375,18788,0.0,0.0
2011-01-21 00:00:00+09:00,5712.081599934896,5712.081599934896,5524.800236002604,5618.44091796875,7777,0.0,0.0
2011-01-24 00:00:00+09:00,5487.343591594376,5702.717145530675,5440.523253782138,5599.71240234375,10560,0.0,0.0
2011-01-25 00:00:00+09:00,5618.440699658703,5618.440699658703,5468.6156143344715,5487.34375,8199,0.0,0.0
2011-01-26 00:00:00+09:00,5459.251250232911,5646.532596724606,5459.251250232911,5496.70751953125,2353,0.0,0.0
2011-01-27 00:00:00+09:00,5580.984286684783,5580.984286684783,5384.3388671875,5384.3388671875,9960,0.0,0.0
2011-01-28 00:00:00+09:00,5440.52288701189,5487.3432216677575,5365.6103515625,5365.6103515625,12745,0.0,0.0
2011-01-31 00:00:00+09:00,5403.066856598657,5983.639031831095,5300.062115831612,5665.2607421875,42613,0.0,0.0
2011-02-01 00:00:00+09:00,5665.260694550305,5974.274914253048,5665.260694550305,5758.9013671875,19094,0.0,0.0
2011-02-07 00:00:00+09:00,5899.362411984972,5964.9108832292495,5805.721738778861,5880.63427734375,68315,0.0,0.0
2011-02-08 00:00:00+09:00,6021.095592541367,6067.915931519138,5843.178304425837,5871.2705078125,20446,0.0,0.0
2011-02-09 00:00:00+09:00,5889.9983584065085,5974.274964488636,5665.2607421875,5665.2607421875,25364,0.0,0.0
2011-02-10 00:00:00+09:00,5730.809759889886,5777.630101065457,5609.0768728334015,5740.173828125,9012,0.0,0.0
2011-02-11 00:00:00+09:00,5796.358155897797,5796.358155897797,5627.804930039702,5712.08154296875,13757,0.0,0.0
2011-02-14 00:00:00+09:00,5852.542622884114,5852.542622884114,5552.892440592448,5618.44091796875,23496,0.0,0.0
2011-02-15 00:00:00+09:00,5618.440444919844,5646.532647144443,5318.790287857452,5403.06689453125,33692,0.0,0.0
2011-02-16 00:00:00+09:00,5384.339030228055,5562.256319922547,5365.61089447074,5440.5234375,9748,0.0,0.0
2011-02-17 00:00:00+09:00,5384.339002152564,5693.3532405369715,5318.79052734375,5318.79052734375,20010,0.0,0.0
2011-02-18 00:00:00+09:00,5440.523464626736,5468.615668402778,5337.518717447917,5393.703125,11206,0.0,0.0
2011-02-21 00:00:00+09:00,5459.25073885792,5477.978871752801,5290.697542803987,5328.15380859375,17208,0.0,0.0
2011-02-22 00:00:00+09:00,5328.154595173581,5412.431205642056,5197.057645555953,5318.79052734375,12791,0.0,0.0
2011-02-23 00:00:00+09:00,5243.8779847051055,5365.6108664929025,5243.8779847051055,5318.79052734375,7191,0.0,0.0
2011-02-24 00:00:00+09:00,5356.246007936072,5356.246007936072,5243.877210566784,5328.15380859375,7097,0.0,0.0
2011-02-25 00:00:00+09:00,5215.785594583609,5356.2466070050705,5215.785594583609,5309.42626953125,2869,0.0,0.0
2011-02-28 00:00:00+09:00,5337.518280352805,5337.518280352805,5159.601004341044,5300.06201171875,4056,0.0,0.0
2011-03-02 00:00:00+09:00,5300.062391684089,5337.518663003411,5206.421713385784,5318.79052734375,2570,0.0,0.0
2011-03-03 00:00:00+09:00,5328.15503540039,5328.15503540039,5225.150280761719,5243.87841796875,14376,0.0,0.0
2011-03-04 00:00:00+09:00,5328.15503540039,5328.15503540039,5215.786212158203,5243.87841796875,10094,0.0,0.0
2011-03-07 00:00:00+09:00,5243.877739266547,5300.062143615832,5197.05740230881,5234.513671875,12518,0.0,0.0
2011-03-08 00:00:00+09:00,5262.606336228391,5290.698540870179,5187.693790516955,5281.33447265625,18517,0.0,0.0
2011-03-09 00:00:00+09:00,5243.87841796875,5309.426898193359,5168.965869140625,5243.87841796875,28388,0.0,0.0
2011-03-10 00:00:00+09:00,5197.057671826432,5290.69835059808,5197.057671826432,5271.97021484375,20457,0.0,0.0
2011-03-11 00:00:00+09:00,5271.969950816454,5468.615366388648,5215.785546367255,5403.06689453125,27086,0.0,0.0
2011-03-14 00:00:00+09:00,5655.896528899126,6208.376487847881,5618.44026049582,6161.55615234375,452754,0.0,0.0
2011-03-15 00:00:00+09:00,6554.847375118372,6695.3083902994795,5646.53281028054,6180.28466796875,580194,0.0,0.0
2011-03-16 00:00:00+09:00,6199.0130375597,7107.32763671875,6124.10049329916,7107.32763671875,331467,0.0,0.0
2011-03-17 00:00:00+09:00,8156.1027294473915,8165.466796875,7406.977335238676,8165.466796875,2088558,0.0,0.0
2011-03-18 00:00:00+09:00,8605.577940154646,8970.776568735746,7744.083739399231,8212.287109375,1922951,0.0,0.0
2011-03-21 00:00:00+09:00,8614.942038738665,8708.582713072781,7172.875653993281,7229.06005859375,1577579,0.0,0.0
2011-03-22 00:00:00+09:00,7229.060438368056,7350.793321397569,6835.769585503473,7079.2353515625,846423,0.0,0.0
2011-03-23 00:00:00+09:00,7154.147191952171,7332.064465050458,6835.768913776289,6901.3173828125,827687,0.0,0.0
2011-03-24 00:00:00+09:00,6901.318175223214,6901.318175223214,6554.84765625,6554.84765625,495546,0.0,0.0
2011-03-25 00:00:00+09:00,6620.3956151651155,6807.676962128768,6508.0268069869235,6601.66748046875,323061,0.0,0.0
2011-03-28 00:00:00+09:00,6648.48781391379,6985.59423828125,6620.395611883168,6985.59423828125,440444,0.0,0.0
2011-03-29 00:00:00+09:00,6976.23043873271,7088.599251168674,6826.40535548476,6854.49755859375,315228,0.0,0.0
2011-03-30 00:00:00+09:00,6854.497614020271,7144.783715160473,6770.221004011824,6929.41015625,292033,0.0,0.0
2011-03-31 00:00:00+09:00,7051.142691732153,7968.8212890625,7004.322355133666,7968.8212890625,2255003,0.0,0.0
2011-04-01 00:00:00+09:00,7837.72476911013,7865.816972583643,7397.613581358427,7556.802734375,782664,0.0,0.0
2011-04-04 00:00:00+09:00,7631.715110750234,8193.55916798338,7416.341555477528,7500.6181640625,1037477,0.0,0.0
2011-04-05 00:00:00+09:00,7575.530870024009,7809.632565636617,7500.618327427975,7556.802734375,488263,0.0,0.0
2011-04-06 00:00:00+09:00,7594.258979083282,7865.816945043103,7584.894911291564,7603.623046875,286818,0.0,0.0
2011-04-07 00:00:00+09:00,7772.176606618814,7828.361015823287,7303.973196581536,7378.8857421875,238477,0.0,0.0
2011-04-08 00:00:00+09:00,7406.977339828571,7435.069542128806,7200.967856293515,7229.06005859375,166982,0.0,0.0
2011-04-11 00:00:00+09:00,7257.1519172054595,7725.355266702586,7210.331582255747,7332.064453125,444444,0.0,0.0
2011-04-12 00:00:00+09:00,7191.6041379310345,7210.332273706897,6732.764811422414,6788.94921875,318629,0.0,0.0
2011-04-13 00:00:00+09:00,6788.949003075703,6976.230354884688,6695.30832717121,6826.4052734375,88239,0.0,0.0
2011-04-14 00:00:00+09:00,6920.045949341992,6966.866287294239,6807.677138256601,6826.4052734375,84881,0.0,0.0
2011-04-15 00:00:00+09:00,6770.221082974138,7023.050915948276,6770.221082974138,6788.94921875,100254,0.0,0.0
2011-04-18 00:00:00+09:00,6798.312645755597,7013.686186874576,6798.312645755597,6901.3173828125,84492,0.0,0.0
2011-04-19 00:00:00+09:00,6976.23017093771,6985.59423828125,6863.8613628152225,6985.59423828125,68522,0.0,0.0
2011-04-20 00:00:00+09:00,7079.234688308538,7425.705169085543,6985.594017828266,7238.423828125,167112,0.0,0.0
2011-04-21 00:00:00+09:00,7257.151929009075,7341.428532055631,6845.132980781463,6901.3173828125,79611,0.0,0.0
2011-04-22 00:00:00+09:00,6845.133033752441,7013.686241149902,6536.11882019043,6592.30322265625,135207,0.0,0.0
2011-04-25 00:00:00+09:00,6498.663332572993,6592.304014598541,6358.202309534672,6414.38671875,84890,0.0,0.0
2011-04-26 00:00:00+09:00,6358.201843077322,6526.755058357722,6096.007952641144,6199.0126953125,82794,0.0,0.0
2011-04-27 00:00:00+09:00,6208.376704504731,6414.386187912128,6124.10009765625,6124.10009765625,36644,0.0,0.0
2011-04-28 00:00:00+09:00,6124.100504932316,6264.5615256876445,6058.552028579829,6096.00830078125,59150,0.0,0.0
2011-04-29 00:00:00+09:00,6096.008137263808,6227.105086452277,5983.639323673692,6039.82373046875,67471,0.0,0.0
2011-05-02 00:00:00+09:00,6030.45987647003,6367.566329191957,6030.45987647003,6170.9208984375,82275,0.0,0.0
2011-05-03 00:00:00+09:00,6170.920219444576,6273.924957553666,6114.735816839618,6161.55615234375,55810,0.0,0.0
2011-05-04 00:00:00+09:00,6283.289328564973,6283.289328564973,6067.915774828767,6152.1923828125,22353,0.0,0.0
2011-05-06 00:00:00+09:00,6114.7360302286415,6208.376704504731,6077.279760518206,6124.10009765625,30768,0.0,0.0
2011-05-09 00:00:00+09:00,6124.100502732624,6648.488313364163,6105.37236663864,6264.5615234375,225632,0.0,0.0
2011-05-11 00:00:00+09:00,6152.192546309389,6320.745766756221,6152.192546309389,6208.376953125,66444,0.0,0.0
2011-05-12 00:00:00+09:00,6264.561303524571,6264.561303524571,6030.459610567748,6133.46435546875,39664,0.0,0.0
2011-05-13 00:00:00+09:00,6142.828392718068,6142.828392718068,5983.639242297021,6011.7314453125,30710,0.0,0.0
2011-05-16 00:00:00+09:00,6011.731254875195,6133.46413075273,5983.63905274961,6002.3671875,23789,0.0,0.0
2011-05-17 00:00:00+09:00,6002.3674592720445,6086.644069464632,5964.911188075339,6039.82373046875,16655,0.0,0.0
2011-05-18 00:00:00+09:00,6133.464435577393,6133.464435577393,5993.00341796875,5993.00341796875,20226,0.0,0.0
2011-05-19 00:00:00+09:00,5993.00341796875,6161.556639099122,5993.00341796875,5993.00341796875,56474,0.0,0.0
2011-05-20 00:00:00+09:00,6039.82383906007,6152.19265467049,5993.0034992223955,6021.095703125,26168,0.0,0.0
2011-05-23 00:00:00+09:00,6030.459689331055,6077.280028533936,5993.00341796875,5993.00341796875,32183,0.0,0.0
2011-05-24 00:00:00+09:00,5955.546840514647,6077.279716185543,5627.804482939156,5833.81396484375,33904,0.0,0.0
2011-05-25 00:00:00+09:00,5796.357695406551,5946.182773155347,5796.357695406551,5833.81396484375,39350,0.0,0.0
2011-05-26 00:00:00+09:00,5777.629857635498,6058.551892852784,5777.629857635498,5993.00341796875,45867,0.0,0.0
2011-05-27 00:00:00+09:00,6002.367485809326,6021.095621490479,5936.819010925294,5993.00341796875,20952,0.0,0.0
2011-05-30 00:00:00+09:00,6086.643384850544,6086.643384850544,5955.546450407609,6030.458984375,14889,0.0,0.0
2011-05-31 00:00:00+09:00,6067.915251358696,6152.191852072011,5993.002717391305,6030.458984375,19357,0.0,0.0
2011-06-01 00:00:00+09:00,5983.638778423028,6067.915380936029,5955.546577585361,5964.91064453125,18922,0.0,0.0
2011-06-02 00:00:00+09:00,5899.362905033299,5955.547313652663,5702.7174748655225,5712.08154296875,37736,0.0,0.0
2011-06-03 00:00:00+09:00,5618.440394750852,5618.440394750852,5449.887182908326,5496.70751953125,45183,0.0,0.0
2011-06-07 00:00:00+09:00,5543.527748302207,5609.076218299024,5328.154204026952,5515.435546875,24208,0.0,0.0
2011-06-08 00:00:00+09:00,5431.159610037076,5609.0769076072565,5431.159610037076,5524.80029296875,7481,0.0,0.0
2011-06-09 00:00:00+09:00,5393.70282712305,5552.891973062446,5393.70282712305,5403.06689453125,17381,0.0,0.0
2011-06-10 00:00:00+09:00,5403.067033209768,5571.620250883557,5393.702965561224,5506.07177734375,28370,0.0,0.0
2011-06-13 00:00:00+09:00,5552.892504712085,5552.892504712085,5281.334523874562,5356.2470703125,21749,0.0,0.0
2011-06-14 00:00:00+09:00,5290.6982421875,5356.246715984513,5206.4216330199115,5290.6982421875,33704,0.0,0.0
2011-06-15 00:00:00+09:00,5328.154404520778,5346.882539510306,5290.698134541722,5309.42626953125,7766,0.0,0.0
2011-06-16 00:00:00+09:00,5309.426486352409,5374.974961492562,5271.97021484375,5271.97021484375,19615,0.0,0.0
2011-06-17 00:00:00+09:00,5271.969749313956,5412.430755068324,5206.421279961917,5225.1494140625,21338,0.0,0.0
2011-06-20 00:00:00+09:00,5328.154517145958,5852.542307937125,5290.698246375161,5459.25146484375,36705,0.0,0.0
2011-06-21 00:00:00+09:00,5609.076469906197,5768.265618467809,5524.799861844168,5599.71240234375,33649,0.0,0.0
2011-06-22 00:00:00+09:00,5599.712592276189,5702.717338956855,5580.984456516068,5609.07666015625,13727,0.0,0.0
2011-06-23 00:00:00+09:00,5777.630077311198,5777.630077311198,5599.712781575521,5618.44091796875,19294,0.0,0.0
2011-06-24 00:00:00+09:00,5721.444739090769,5721.444739090769,5599.711872301604,5693.3525390625,5247,0.0,0.0
2011-06-27 00:00:00+09:00,6264.560791810871,6264.560791810871,5655.896439841205,5749.537109375,13277,0.0,0.0
2011-06-28 00:00:00+09:00,5749.537567595674,5749.537567595674,5627.8046875,5627.8046875,11504,0.0,0.0
2011-06-29 00:00:00+09:00,5646.532822899334,5712.081296797005,5609.076552100665,5627.8046875,5879,0.0,0.0
2011-06-30 00:00:00+09:00,5627.804661716172,5712.081270627063,5618.440594059406,5674.625,18760,0.0,0.0
2011-07-01 00:00:00+09:00,5740.173390048456,5749.537457568926,5637.168647323279,5646.53271484375,12583,0.0,0.0
2011-07-04 00:00:00+09:00,5712.081030868902,5768.265434451219,5665.260694550305,5758.9013671875,28759,0.0,0.0
2011-07-05 00:00:00+09:00,5721.445098132622,5796.357636242378,5712.081030868902,5758.9013671875,15278,0.0,0.0
2011-07-06 00:00:00+09:00,5758.9019645952285,5843.178578711256,5618.440941068516,5740.173828125,9068,0.0,0.0
2011-07-07 00:00:00+09:00,5730.808869597199,5852.541737742238,5702.716669256037,5768.26513671875,10987,0.0,0.0
2011-07-08 00:00:00+09:00,5815.085363888046,5815.085363888046,5749.536897628439,5786.9931640625,7539,0.0,0.0
2011-07-11 00:00:00+09:00,5955.5463630157765,5955.5463630157765,5721.444697802893,5786.9931640625,7156,0.0,0.0
2011-07-12 00:00:00+09:00,5871.270532873293,5899.362736379863,5655.89697265625,5655.89697265625,8724,0.0,0.0
2011-07-13 00:00:00+09:00,5627.804661716172,5768.265676567657,5627.804661716172,5674.625,10056,0.0,0.0
2011-07-14 00:00:00+09:00,5655.896674845041,5712.081078899793,5637.1685401601235,5665.2607421875,12397,0.0,0.0
2011-07-15 00:00:00+09:00,5712.081030868902,5786.993568978659,5646.532560022866,5758.9013671875,18183,0.0,0.0
2011-07-18 00:00:00+09:00,5786.993498883929,5955.546707589286,5740.17316313244,5899.3623046875,21013,0.0,0.0
2011-07-19 00:00:00+09:00,5861.90576171875,5983.63862897489,5843.1776282947285,5861.90576171875,10911,0.0,0.0
2011-07-20 00:00:00+09:00,5861.906142702528,5993.003085191083,5843.178008061306,5880.63427734375,31113,0.0,0.0
2011-07-21 00:00:00+09:00,5852.542075381917,5946.182748588028,5824.449873420083,5880.63427734375,17987,0.0,0.0
2011-07-22 00:00:00+09:00,5908.726644907088,5946.182915239304,5861.9063069918175,5936.81884765625,14169,0.0,0.0
2011-07-25 00:00:00+09:00,5983.639321359151,5983.639321359151,5861.906440016945,5871.2705078125,15581,0.0,0.0
2011-07-26 00:00:00+09:00,5871.270510083576,6133.464408460513,5871.270510083576,6039.82373046875,50679,0.0,0.0
2011-07-27 00:00:00+09:00,6077.27972650156,6086.643793876755,5946.18278324883,6002.3671875,34245,0.0,0.0
2011-07-28 00:00:00+09:00,5993.003497790869,6451.842828090483,5955.547225929676,6358.2021484375,114066,0.0,0.0
2011-07-29 00:00:00+09:00,6358.201672065548,6611.031488185976,6292.653201219512,6526.7548828125,77685,0.0,0.0
2011-08-01 00:00:00+09:00,6545.483588169643,6582.939860491071,6283.289681919643,6554.84765625,45518,0.0,0.0
2011-08-02 00:00:00+09:00,6601.667691366215,6601.667691366215,6320.7456619463765,6395.658203125,28268,0.0,0.0
2011-08-03 00:00:00+09:00,6339.473845270753,6339.473845270753,6086.644016877385,6133.46435546875,30814,0.0,0.0
2011-08-04 00:00:00+09:00,6245.83322205063,6245.83322205063,6021.095594870398,6039.82373046875,32819,0.0,0.0
2011-08-05 00:00:00+09:00,5627.804713716443,5730.809458892618,5393.703020134229,5580.984375,40040,0.0,0.0
2011-08-08 00:00:00+09:00,5552.892618386788,5552.892618386788,4925.500029125548,5337.51904296875,56135,0.0,0.0
2011-08-09 00:00:00+09:00,5009.776510799632,5094.053125,4541.573098575368,4775.6748046875,88041,0.0,0.0
2011-08-10 00:00:00+09:00,4981.684109805045,5290.698349698968,4981.684109805045,5103.4169921875,37770,0.0,0.0
2011-08-11 00:00:00+09:00,4953.591673482627,5206.42149424639,4916.135403739847,5187.693359375,12623,0.0,0.0
2011-08-12 00:00:00+09:00,5384.339447021484,5431.1597900390625,5225.150280761719,5243.87841796875,18529,0.0,0.0
2011-08-16 00:00:00+09:00,5384.338652984671,5459.251190765328,5337.518316871761,5421.794921875,14878,0.0,0.0
2011-08-17 00:00:00+09:00,5524.800130765732,5571.620470856968,5318.790634364298,5468.61572265625,18047,0.0,0.0
2011-08-18 00:00:00+09:00,5552.892137375553,5552.892137375553,5290.6982421875,5290.6982421875,22259,0.0,0.0
2011-08-19 00:00:00+09:00,5150.236946794429,5197.057282674378,4981.683737626611,5084.6884765625,40630,0.0,0.0
2011-08-22 00:00:00+09:00,5056.596734964623,5150.237415241745,4962.9560546875,4962.9560546875,12643,0.0,0.0
2011-08-23 00:00:00+09:00,4888.043701171875,5534.164420292295,4888.043701171875,5431.15966796875,49524,0.0,0.0
2011-08-24 00:00:00+09:00,5571.620303883273,5571.620303883273,5290.698271754704,5412.43115234375,36028,0.0,0.0
2011-08-25 00:00:00+09:00,5421.795438228169,5599.712732401459,5337.518825198716,5374.97509765625,17471,0.0,0.0
2011-08-26 00:00:00+09:00,5431.1591546474365,5515.435762219551,5328.154412059295,5477.9794921875,15043,0.0,0.0
2011-08-29 00:00:00+09:00,5599.712674911708,5599.712674911708,5459.251654638003,5468.61572265625,18604,0.0,0.0
2011-08-30 00:00:00+09:00,5590.348386180644,5590.348386180644,5421.795168506856,5506.07177734375,11412,0.0,0.0
2011-08-31 00:00:00+09:00,5552.892039639044,5843.178132773632,5449.887296913868,5646.53271484375,66924,0.0,0.0
2011-09-01 00:00:00+09:00,5646.533151424633,5786.9941750919115,5562.256537224264,5571.62060546875,30130,0.0,0.0
2011-09-02 00:00:00+09:00,5571.6199635438115,5693.352836696869,5477.979291887613,5683.98876953125,19291,0.0,0.0
2011-09-05 00:00:00+09:00,5665.26126942736,5665.26126942736,5281.33447265625,5281.33447265625,43103,0.0,0.0
2011-09-06 00:00:00+09:00,5253.241882324219,5262.605949850643,5084.688666848575,5094.052734375,16037,0.0,0.0
2011-09-07 00:00:00+09:00,5122.1454777372055,5253.2424369480295,5056.596998131793,5168.9658203125,13468,0.0,0.0
2011-09-08 00:00:00+09:00,5271.969749313956,5300.061950464829,5159.600944710462,5225.1494140625,9247,0.0,0.0
2011-09-09 00:00:00+09:00,5150.237171440193,5271.97005003787,5112.7809011024465,5215.78564453125,11223,0.0,0.0
2011-09-14 00:00:00+09:00,5215.7851990973495,5243.877399451554,5075.324197326326,5122.14453125,10485,0.0,0.0
2011-09-15 00:00:00+09:00,5122.145211158609,5234.5140274911555,4962.9560546875,4962.9560546875,20014,0.0,0.0
2011-09-16 00:00:00+09:00,5431.1589373289235,5431.1589373289235,5047.232184862568,5131.5087890625,18670,0.0,0.0
2011-09-19 00:00:00+09:00,5065.96044921875,5178.329257704194,4972.31977548088,5065.96044921875,9837,0.0,0.0
2011-09-20 00:00:00+09:00,4972.319717035061,5075.324456935976,4869.314977134146,4991.0478515625,15568,0.0,0.0
2011-09-21 00:00:00+09:00,4991.04857767816,5131.509607068727,4934.864165921933,5075.3251953125,13789,0.0,0.0
2011-09-22 00:00:00+09:00,4850.587185329861,5037.868543836806,4841.223117404514,4888.04345703125,18668,0.0,0.0
2011-09-23 00:00:00+09:00,4785.03863773088,4785.03863773088,4494.752536420396,4499.4345703125,59216,0.0,0.0
2011-09-26 00:00:00+09:00,4560.301079644098,4588.393283420139,3932.9085286458335,4045.27734375,48529,0.0,0.0
2011-09-27 00:00:00+09:00,4045.277410714286,4185.738431919643,3946.954695870536,4096.77978515625,27812,0.0,0.0
2011-09-28 00:00:00+09:00,4101.461833243535,4209.148616536459,4049.9594586251796,4073.36962890625,15136,0.0,0.0
2011-09-29 00:00:00+09:00,4157.645709745762,4157.645709745762,4026.5487729519773,4143.599609375,13395,0.0,0.0
2011-09-30 00:00:00+09:00,4213.83043285011,4443.250089749727,4167.010094707331,4279.37890625,8491,0.0,0.0
2011-10-04 00:00:00+09:00,4110.825887276786,4110.825887276786,3956.318763950893,4096.77978515625,9668,0.0,0.0
2011-10-05 00:00:00+09:00,4007.820962775735,4120.189774816176,3979.728759765625,3979.728759765625,9478,0.0,0.0
2011-10-06 00:00:00+09:00,4232.558477279244,4232.558477279244,4073.369331009891,4082.7333984375,11943,0.0,0.0
2011-10-07 00:00:00+09:00,4092.0971987223757,4260.650401415745,4092.0971987223757,4237.240234375,6528,0.0,0.0
2011-10-10 00:00:00+09:00,4223.19431339356,4555.61869948108,4223.19431339356,4461.97802734375,17132,0.0,0.0
2011-10-11 00:00:00+09:00,4508.798594892786,4569.665034906915,4368.337579475565,4401.11181640625,7291,0.0,0.0
2011-10-12 00:00:00+09:00,4354.291452508223,4490.070433285362,4354.291452508223,4447.93212890625,1912,0.0,0.0
2011-10-13 00:00:00+09:00,4513.48095703125,4541.573162158001,4405.79417071204,4513.48095703125,6062,0.0,0.0
2011-10-14 00:00:00+09:00,4560.301246868407,4560.301246868407,4419.840222837553,4438.568359375,6429,0.0,0.0
2011-10-17 00:00:00+09:00,4438.568410026582,4536.891127970209,4438.568410026582,4513.48095703125,5658,0.0,0.0
2011-10-18 00:00:00+09:00,4518.162719215808,4518.162719215808,4429.204075003268,4476.0244140625,2955,0.0,0.0
2011-10-19 00:00:00+09:00,4513.480086263021,4513.480086263021,4419.839420572916,4494.751953125,4330,0.0,0.0
2011-10-20 00:00:00+09:00,4485.388399465461,4569.665008223684,4354.291452508223,4447.93212890625,16989,0.0,0.0
2011-10-21 00:00:00+09:00,4270.014833072323,4284.060934496903,4064.005345511817,4110.82568359375,77332,0.0,0.0
2011-10-24 00:00:00+09:00,4148.281653941762,4190.4199551669035,4082.733185369318,4120.189453125,23918,0.0,0.0
2011-10-25 00:00:00+09:00,4124.871689486531,4167.00999278435,4092.097453588227,4106.1435546875,21668,0.0,0.0
2011-10-26 00:00:00+09:00,4087.4152793884277,4204.466117858887,4078.051212310791,4195.10205078125,6559,0.0,0.0
2011-10-27 00:00:00+09:00,4129.554034302566,4302.7892942449635,4129.554034302566,4241.9228515625,10989,0.0,0.0
2011-10-28 00:00:00+09:00,4298.107516449606,4321.517688107828,4241.923104469873,4302.78955078125,11162,0.0,0.0
2011-10-31 00:00:00+09:00,4354.291144625068,4354.291144625068,4260.650474848185,4288.74267578125,11152,0.0,0.0
2011-11-01 00:00:00+09:00,4241.922743174794,4307.47121823489,4223.194607443338,4260.65087890625,6872,0.0,0.0
2011-11-02 00:00:00+09:00,4260.650726352534,4260.650726352534,4134.235814691525,4181.05615234375,9521,0.0,0.0
2011-11-03 00:00:00+09:00,4176.374106086442,4209.148342344968,4148.281903579134,4204.46630859375,5334,0.0,0.0
2011-11-04 00:00:00+09:00,4213.830944500139,4344.927907217921,4213.830944500139,4232.55908203125,12469,0.0,0.0
2011-11-07 00:00:00+09:00,4209.148329894276,4270.014768480067,4204.466296156907,4227.87646484375,8088,0.0,0.0
2011-11-08 00:00:00+09:00,4227.876534292943,4279.37890625,4171.6921285216085,4279.37890625,9695,0.0,0.0
2011-11-09 00:00:00+09:00,4241.922278645833,4265.332445746528,4204.466011284722,4213.830078125,7431,0.0,0.0
2011-11-10 00:00:00+09:00,4167.01008929207,4213.830427374003,4110.82568359375,4110.82568359375,16360,0.0,0.0
2011-11-11 00:00:00+09:00,4124.8713700216185,4167.009670055892,4101.461203335912,4162.32763671875,4769,0.0,0.0
2011-11-14 00:00:00+09:00,4213.830593837781,4232.558729810393,4162.328219913096,4167.01025390625,14368,0.0,0.0
2011-11-15 00:00:00+09:00,4204.466658742805,4270.01513671875,4134.23614662572,4270.01513671875,15233,0.0,0.0
2011-11-16 00:00:00+09:00,4237.240570343292,4260.650739240217,4157.64599609375,4157.64599609375,13191,0.0,0.0
2011-11-17 00:00:00+09:00,4195.102457865169,4195.102457865169,4134.236015954179,4167.01025390625,5093,0.0,0.0
2011-11-18 00:00:00+09:00,4167.010063652519,4167.010063652519,4120.189725858671,4157.64599609375,5600,0.0,0.0
2011-11-21 00:00:00+09:00,4124.87158203125,4265.332589364891,4120.1895484534625,4124.87158203125,12744,0.0,0.0
2011-11-22 00:00:00+09:00,4124.871867046098,4157.6461043552035,4106.143731440894,4138.91796875,11124,0.0,0.0
2011-11-23 00:00:00+09:00,4213.830427374003,4213.830427374003,4106.143649785557,4110.82568359375,10666,0.0,0.0
2011-11-24 00:00:00+09:00,4110.8254929633995,4190.420064011665,4101.46142578125,4101.46142578125,6079,0.0,0.0
2011-11-25 00:00:00+09:00,4101.4616032877975,4134.23583984375,4101.4616032877975,4134.23583984375,11621,0.0,0.0
2011-11-28 00:00:00+09:00,4087.4155019066748,4199.784312955656,4087.4155019066748,4134.23583984375,14430,0.0,0.0
2011-11-29 00:00:00+09:00,4251.28664610593,4251.28664610593,4138.917836076698,4204.46630859375,2540,0.0,0.0
2011-11-30 00:00:00+09:00,4204.466702158235,4223.194838916179,4157.646360263378,4199.78466796875,9397,0.0,0.0
2011-12-01 00:00:00+09:00,4223.1945522231545,4265.332857067953,4181.056247378356,4185.73828125,17009,0.0,0.0
2011-12-02 00:00:00+09:00,4181.056247378356,4227.876586094799,4167.010145763423,4185.73828125,1063,0.0,0.0
2011-12-05 00:00:00+09:00,4195.101944444445,4213.830078125,4176.373810763889,4213.830078125,2236,0.0,0.0
2011-12-06 00:00:00+09:00,4195.101902173913,4321.516803243886,4195.101902173913,4307.470703125,24986,0.0,0.0
2011-12-07 00:00:00+09:00,4335.563368405578,4410.475910408266,4298.107097404234,4354.29150390625,13628,0.0,0.0
2011-12-08 00:00:00+09:00,4382.383407658262,4382.383407658262,4321.516971440786,4363.6552734375,5809,0.0,0.0
2011-12-09 00:00:00+09:00,4241.922155761718,4494.751953125,4241.922155761718,4494.751953125,25672,0.0,0.0
2011-12-12 00:00:00+09:00,4541.57304862581,4747.5825477387325,4466.6605034938375,4700.76220703125,37839,0.0,0.0
2011-12-13 00:00:00+09:00,4597.757084960937,4700.761826171875,4588.393017578125,4682.03369140625,18988,0.0,0.0
2011-12-14 00:00:00+09:00,4682.034122242647,4794.40294117647,4677.352088120404,4775.6748046875,19288,0.0,0.0
2011-12-15 00:00:00+09:00,4682.034084866116,4756.946630223974,4597.757471338527,4677.35205078125,16951,0.0,0.0
2011-12-16 00:00:00+09:00,4677.3519287109375,4728.854302300348,4667.987860785591,4719.490234375,18079,0.0,0.0
2011-12-19 00:00:00+09:00,4625.849320023149,5150.237097191764,4447.9320384837965,4803.7666015625,97577,0.0,0.0
2011-12-20 00:00:00+09:00,4803.766971072635,4822.4951074121,4588.393403168794,4677.35205078125,31453,0.0,0.0
2011-12-21 00:00:00+09:00,4728.853515625,4756.945714727723,4597.75658647896,4728.853515625,25427,0.0,0.0
2011-12-22 00:00:00+09:00,4672.669762299719,4794.40264187867,4672.669762299719,4785.03857421875,7792,0.0,0.0
2011-12-23 00:00:00+09:00,4785.038655915612,4822.494927194795,4728.854248996839,4813.130859375,8571,0.0,0.0
2011-12-26 00:00:00+09:00,4813.130859375,4813.130859375,4710.126113357247,4813.130859375,4414,0.0,0.0
2011-12-27 00:00:00+09:00,4813.13066901194,4813.13066901194,4738.218129416423,4803.7666015625,4557,0.0,0.0
2011-12-28 00:00:00+09:00,4899.269164327973,4927.919861195388,4803.76684143659,4918.36962890625,5311,100.0,0.0
2011-12-29 00:00:00+09:00,4918.369689468265,4956.570619095203,4841.967830214389,4927.919921875,4109,0.0,0.0
2012-01-02 00:00:00+09:00,4918.36962890625,4927.919861195388,4851.5180028822815,4918.36962890625,11022,0.0,0.0
2012-01-03 00:00:00+09:00,4918.369385236031,5052.072630659923,4908.819153420039,4956.5703125,7876,0.0,0.0
2012-01-04 00:00:00+09:00,4908.818853268678,5013.8713968211205,4908.818853268678,4985.220703125,14048,0.0,0.0
2012-01-05 00:00:00+09:00,5004.321472515418,5052.072631604306,4975.670777062085,5032.97216796875,11623,0.0,0.0
2012-01-06 00:00:00+09:00,4966.120665465501,5099.82391415111,4966.120665465501,5052.07275390625,4535,0.0,0.0
2012-01-09 00:00:00+09:00,5052.07239773766,5300.378413505484,5013.871472234918,5223.9765625,12058,0.0,0.0
2012-01-10 00:00:00+09:00,5223.976867675781,5309.928955078125,5157.125244140625,5195.326171875,13142,0.0,0.0
2012-01-11 00:00:00+09:00,5166.675717096259,5233.52734375,5071.173393305201,5233.52734375,11106,0.0,0.0
2012-01-12 00:00:00+09:00,5166.675476074219,5271.72802734375,5166.675476074219,5195.326171875,10005,0.0,0.0
2012-01-13 00:00:00+09:00,5166.675841609491,5290.828865529867,5138.025143781711,5176.22607421875,4674,0.0,0.0
2012-01-16 00:00:00+09:00,5157.125484717153,5243.077576129106,5138.025019958942,5233.52734375,9099,0.0,0.0
2012-01-17 00:00:00+09:00,5157.125603693182,5281.278627485795,5157.125603693182,5252.6279296875,8665,0.0,0.0
2012-01-18 00:00:00+09:00,5204.876766690341,5300.37909268466,5176.226068892045,5252.6279296875,9779,0.0,0.0
2012-01-19 00:00:00+09:00,5204.876646612683,5300.378970403741,5204.876646612683,5233.52734375,4128,0.0,0.0
2012-01-20 00:00:00+09:00,5185.775636997258,5300.378413505484,5166.675174245886,5223.9765625,10849,0.0,0.0
2012-01-25 00:00:00+09:00,5157.125484717153,5309.929202782847,5157.125484717153,5233.52734375,3471,0.0,0.0
2012-01-26 00:00:00+09:00,5166.675836292614,5281.278627485795,5166.675836292614,5252.6279296875,4030,0.0,0.0
2012-01-27 00:00:00+09:00,5176.2257080078125,5367.2303466796875,5176.2257080078125,5348.1298828125,16584,0.0,0.0
2012-01-30 00:00:00+09:00,5262.178162286932,5300.37909268466,5223.977231889205,5252.6279296875,19834,0.0,0.0
2012-01-31 00:00:00+09:00,5252.6279296875,5443.632581676136,5223.977231889205,5252.6279296875,22784,0.0,0.0
2012-02-01 00:00:00+09:00,5252.6279296875,5271.728394886363,5223.977231889205,5252.6279296875,10650,0.0,0.0
2012-02-02 00:00:00+09:00,5252.627015157101,5300.378169840347,5223.976322347153,5262.17724609375,14561,0.0,0.0
2012-02-03 00:00:00+09:00,5300.378356272563,5300.378356272563,5252.627199909747,5290.828125,11587,0.0,0.0
2012-02-06 00:00:00+09:00,5271.728088268535,5329.029480532324,5252.627624180606,5281.2783203125,14342,0.0,0.0
2012-02-07 00:00:00+09:00,5223.976322347153,5319.478631713646,5223.976322347153,5262.17724609375,7967,0.0,0.0
2012-02-08 00:00:00+09:00,5252.627446510235,5481.8330078125,5214.426519626524,5481.8330078125,13699,0.0,0.0
2012-02-09 00:00:00+09:00,5481.833556385869,5567.785650475544,5348.130298913044,5491.3837890625,7773,0.0,0.0
2012-02-10 00:00:00+09:00,5414.981147106131,5539.134154006271,5309.928602806012,5520.03369140625,4435,0.0,0.0
2012-02-13 00:00:00+09:00,5634.637089170258,5634.637089170258,5434.082209725215,5539.134765625,3429,0.0,0.0
2012-02-14 00:00:00+09:00,5539.134765625,5586.885927397629,5462.732906788793,5539.134765625,8506,0.0,0.0
2012-02-15 00:00:00+09:00,5424.5317983643845,5529.584350797498,5414.981566325011,5510.48388671875,4247,0.0,0.0
2012-02-16 00:00:00+09:00,5529.584350797498,5529.584350797498,5395.881102246263,5510.48388671875,2165,0.0,0.0
2012-02-17 00:00:00+09:00,5529.584536679141,5529.584536679141,5367.23058655212,5462.73291015625,8418,0.0,0.0
2012-02-20 00:00:00+09:00,5472.2827760915725,5586.8855567427045,5319.479068556729,5481.8330078125,24714,0.0,0.0
2012-02-21 00:00:00+09:00,5481.8327662062065,5586.885310506325,5061.622589005731,5520.03369140625,14494,0.0,0.0
2012-02-22 00:00:00+09:00,5462.732666015625,5730.13916015625,5424.53173828125,5730.13916015625,23982,0.0,0.0
2012-02-23 00:00:00+09:00,5653.737245160626,5825.641418155375,5653.737245160626,5796.99072265625,16842,0.0,0.0
2012-02-24 00:00:00+09:00,5835.191711425781,5835.191711425781,5682.388000488281,5806.541015625,7028,0.0,0.0
2012-02-27 00:00:00+09:00,5835.191958395851,5835.191958395851,5682.388240991049,5768.34033203125,8354,0.0,0.0
2012-02-28 00:00:00+09:00,5768.340087890625,5806.541015625,5691.938232421875,5806.541015625,8009,0.0,0.0
2012-02-29 00:00:00+09:00,5691.938232421875,5892.493103027344,5691.938232421875,5730.13916015625,4587,0.0,0.0
2012-03-02 00:00:00+09:00,5787.440793504902,5873.392884497549,5730.139399509804,5844.7421875,8971,0.0,0.0
2012-03-05 00:00:00+09:00,5940.244076901509,5940.244076901509,5730.138980933932,5854.2919921875,10564,0.0,0.0
2012-03-06 00:00:00+09:00,5911.593504652749,5911.593504652749,5701.488404325834,5796.99072265625,13151,0.0,0.0
2012-03-07 00:00:00+09:00,5825.6414794921875,5825.6414794921875,5672.8377685546875,5730.13916015625,3594,0.0,0.0
2012-03-08 00:00:00+09:00,5911.593379551911,5911.593379551911,5682.387820409349,5777.89013671875,6829,0.0,0.0
2012-03-09 00:00:00+09:00,5663.287357147469,5873.392453028151,5663.287357147469,5777.89013671875,7391,0.0,0.0
2012-03-12 00:00:00+09:00,5777.890442502855,5796.990906775592,5672.8378890028025,5749.23974609375,5530,0.0,0.0
2012-03-13 00:00:00+09:00,5691.938232421875,5921.143798828125,5644.187072753906,5730.13916015625,5285,0.0,0.0
2012-03-14 00:00:00+09:00,5634.636900738353,5777.890381265599,5615.536436668053,5739.689453125,12565,0.0,0.0
2012-03-15 00:00:00+09:00,5730.139522741337,5825.641848120359,5644.187429900217,5787.44091796875,6164,0.0,0.0
2012-03-16 00:00:00+09:00,5854.292545734066,5854.292545734066,5691.938592589728,5787.44091796875,1849,0.0,0.0
2012-03-19 00:00:00+09:00,5787.44036834969,5787.44036834969,5663.287357147469,5777.89013671875,1895,0.0,0.0
2012-03-20 00:00:00+09:00,5663.287476197308,5825.641417336185,5586.885621543719,5720.5888671875,13842,0.0,0.0
2012-03-21 00:00:00+09:00,5539.134283897861,5711.038451329174,5539.134283897861,5691.93798828125,1957,0.0,0.0
2012-03-22 00:00:00+09:00,5586.885741364092,5682.38806172929,5586.885741364092,5663.28759765625,1742,0.0,0.0
2012-03-23 00:00:00+09:00,5663.287047515045,5663.287047515045,5586.88519864469,5653.73681640625,1504,0.0,0.0
2012-03-26 00:00:00+09:00,5682.38806012033,5816.09130859375,5558.235043680726,5816.09130859375,7976,0.0,0.0
2012-03-27 00:00:00+09:00,5854.292050160692,5854.292050160692,5500.933476170569,5711.03857421875,1017,0.0,0.0
2012-03-28 00:00:00+09:00,5682.38806172929,5806.541078204047,5625.08666951017,5663.28759765625,937,0.0,0.0
2012-03-29 00:00:00+09:00,5739.689267743644,5739.689267743644,5462.732547669491,5634.63671875,3704,0.0,0.0
2012-03-30 00:00:00+09:00,5720.589361252115,5720.589361252115,5472.283312182741,5644.1875,1651,0.0,0.0
2012-04-02 00:00:00+09:00,5586.885743033741,5653.737367309359,5491.383422640002,5510.48388671875,6861,0.0,0.0
2012-04-03 00:00:00+09:00,5625.086671191237,5625.086671191237,5472.282958561254,5510.48388671875,1110,0.0,0.0
2012-04-04 00:00:00+09:00,5596.436098405116,5596.436098405116,5472.283079157221,5529.58447265625,8271,0.0,0.0
2012-04-05 00:00:00+09:00,5481.8327662062065,5577.335079206315,5424.531378406142,5520.03369140625,16543,0.0,0.0
2012-04-06 00:00:00+09:00,5510.483449698343,5510.483449698343,5281.2778989309945,5367.22998046875,8620,0.0,0.0
2012-04-09 00:00:00+09:00,5367.230037654843,5395.880731806025,5243.077029666385,5300.37841796875,4603,0.0,0.0
2012-04-10 00:00:00+09:00,5233.526561102415,5510.483258679003,5233.526561102415,5338.5791015625,4260,0.0,0.0
2012-04-12 00:00:00+09:00,5529.583922706261,5567.784847906304,5281.2779089059795,5520.03369140625,694,0.0,0.0
2012-04-13 00:00:00+09:00,5319.479311541323,5615.536508413462,5214.4267578125,5214.4267578125,32503,0.0,0.0
2012-04-16 00:00:00+09:00,5157.12468969042,5195.3256133177565,5090.2730733425815,5109.37353515625,20013,0.0,0.0
2012-04-17 00:00:00+09:00,5080.722850483426,5223.976314312845,5080.722850483426,5185.775390625,7890,0.0,0.0
2012-04-18 00:00:00+09:00,5157.124697859116,5271.7274689226515,5157.124697859116,5185.775390625,3959,0.0,0.0
2012-04-19 00:00:00+09:00,5128.474366588204,5233.526914134704,5128.474366588204,5166.67529296875,17603,0.0,0.0
2012-04-20 00:00:00+09:00,5080.72350761218,5223.976989969666,5080.72350761218,5214.4267578125,3027,0.0,0.0
2012-04-23 00:00:00+09:00,5214.4267578125,5233.5272221268315,5157.125364869506,5214.4267578125,19231,0.0,0.0
2012-04-24 00:00:00+09:00,5252.62700707873,5252.62700707873,5157.124697859116,5185.775390625,8210,0.0,0.0
2012-04-25 00:00:00+09:00,5329.029300277656,5615.536251905488,5204.876287905597,5481.8330078125,6254,0.0,0.0
2012-04-26 00:00:00+09:00,5319.478834106023,5615.536004406358,5319.478834106023,5520.03369140625,439,0.0,0.0
2012-04-27 00:00:00+09:00,5577.3349609375,5577.3349609375,5348.129414597603,5577.3349609375,3317,0.0,0.0
2012-04-30 00:00:00+09:00,5701.488526642628,5701.488526642628,5491.383421808227,5586.8857421875,493,0.0,0.0
2012-05-02 00:00:00+09:00,5586.885561735734,5768.339964595527,5586.885561735734,5711.03857421875,6808,0.0,0.0
2012-05-03 00:00:00+09:00,5720.589112559086,5768.340273765756,5539.13469997374,5682.38818359375,4761,0.0,0.0
2012-05-04 00:00:00+09:00,5730.13916015625,5959.3447265625,5309.928955078125,5730.13916015625,21251,0.0,0.0
2012-05-07 00:00:00+09:00,5749.23986735565,5806.54126138245,5491.383594235048,5768.34033203125,6009,0.0,0.0
2012-05-08 00:00:00+09:00,5777.890013636246,5816.090939346238,5443.631913673818,5758.78955078125,13103,0.0,0.0
2012-05-09 00:00:00+09:00,5768.340210366487,5768.340210366487,5539.134639093646,5749.23974609375,3065,0.0,0.0
2012-05-10 00:00:00+09:00,5586.885741364092,5758.789918021448,5529.584349144972,5663.28759765625,2378,0.0,0.0
2012-05-11 00:00:00+09:00,5663.287601137757,5730.139225434492,5147.575070848652,5357.68017578125,21744,0.0,0.0
2012-05-14 00:00:00+09:00,5309.928597861842,5567.784842722039,5309.928597861842,5443.6318359375,3690,0.0,0.0
2012-05-15 00:00:00+09:00,5500.93359375,5529.584289550781,5223.976867675781,5500.93359375,1505,0.0,0.0
2012-05-16 00:00:00+09:00,5395.881221158517,5586.885866155279,5204.876576161755,5529.58447265625,4503,0.0,0.0
2012-05-17 00:00:00+09:00,5529.584093583931,5529.584093583931,5023.421819041705,5166.67529296875,33407,0.0,0.0
2012-05-18 00:00:00+09:00,5118.924438022769,5166.675598825221,5061.623045059828,5138.02490234375,7788,0.0,0.0
2012-05-21 00:00:00+09:00,5071.173214509526,5386.3308719084225,5071.173214509526,5357.68017578125,1690,0.0,0.0
2012-05-22 00:00:00+09:00,5281.278259277344,5472.282897949219,5109.374084472656,5348.1298828125,6708,0.0,0.0
2012-05-23 00:00:00+09:00,5481.832941188846,5481.832941188846,5214.426456252805,5319.47900390625,710,0.0,0.0
2012-05-24 00:00:00+09:00,5309.928592776913,5367.22998046875,5195.325817393239,5367.22998046875,532,0.0,0.0
2012-05-25 00:00:00+09:00,5357.680537471065,5472.283329716435,5252.627977912809,5414.98193359375,1182,0.0,0.0
2012-05-29 00:00:00+09:00,5481.832761101973,5481.832761101973,5319.47882915296,5443.6318359375,1031,0.0,0.0
2012-05-30 00:00:00+09:00,5367.229985608552,5481.832761101973,5329.029060444079,5443.6318359375,3235,0.0,0.0
2012-05-31 00:00:00+09:00,5453.181872973502,5453.181872973502,5319.478639660667,5338.5791015625,360,0.0,0.0
2012-06-01 00:00:00+09:00,5290.8284912109375,5434.081970214844,5290.8284912109375,5424.53173828125,37,0.0,0.0
2012-06-04 00:00:00+09:00,5319.478639660667,5434.081411071668,5214.426099200581,5338.5791015625,2167,0.0,0.0
2012-06-05 00:00:00+09:00,5434.082216519836,5434.082216519836,5300.378963389295,5386.3310546875,1705,0.0,0.0
2012-06-07 00:00:00+09:00,5443.631830724533,5443.631830724533,5329.029055340859,5367.22998046875,2006,0.0,0.0
2012-06-08 00:00:00+09:00,5395.88134765625,5395.88134765625,5281.2785579715155,5395.88134765625,1373,0.0,0.0
2012-06-11 00:00:00+09:00,5510.484260464892,5510.484260464892,5300.37914134838,5414.98193359375,1598,0.0,0.0
2012-06-12 00:00:00+09:00,5434.081847497516,5443.632079215437,5309.928835164532,5405.43115234375,346,0.0,0.0
2012-06-13 00:00:00+09:00,5434.081594088448,5434.081594088448,5290.828125,5290.828125,1117,0.0,0.0
2012-06-14 00:00:00+09:00,5252.627205085076,5367.22998046875,5252.627205085076,5367.22998046875,1659,0.0,0.0
2012-06-15 00:00:00+09:00,5367.230650235067,5395.88134765625,5367.230650235067,5395.88134765625,957,0.0,0.0
2012-06-18 00:00:00+09:00,5500.933843085107,5500.933843085107,5386.3310546875,5386.3310546875,1491,0.0,0.0
2012-06-19 00:00:00+09:00,5414.98193359375,5414.98193359375,5357.680537471065,5414.98193359375,2127,0.0,0.0
2012-06-20 00:00:00+09:00,5424.53173828125,5434.081970214844,5319.479187011719,5424.53173828125,1701,0.0,0.0
2012-06-21 00:00:00+09:00,5500.933655536028,5500.933655536028,5405.431335127417,5434.08203125,11,0.0,0.0
2012-06-22 00:00:00+09:00,5434.08203125,5434.08203125,5319.479246759666,5434.08203125,22,0.0,0.0
2012-06-25 00:00:00+09:00,5357.680114746094,5434.081970214844,5348.1298828125,5424.53173828125,1789,0.0,0.0
2012-06-26 00:00:00+09:00,5414.98193359375,5443.632631655092,5319.479606722608,5414.98193359375,1496,0.0,0.0
2012-06-27 00:00:00+09:00,5424.531615779593,5424.531615779593,5329.029298600375,5405.43115234375,1386,0.0,0.0
2012-06-28 00:00:00+09:00,5357.680357588099,5395.881287053967,5319.479428122229,5386.3310546875,1435,0.0,0.0
2012-06-29 00:00:00+09:00,5348.1298828125,5348.1298828125,5300.378723144531,5348.1298828125,831,0.0,0.0
2012-07-02 00:00:00+09:00,5414.980949169834,5414.980949169834,5319.478639660667,5338.5791015625,770,0.0,0.0
2012-07-03 00:00:00+09:00,5243.077391272561,5376.780639866032,5214.426695145388,5357.68017578125,3594,0.0,0.0
2012-07-04 00:00:00+09:00,5357.680114746094,5386.330810546875,5300.378723144531,5348.1298828125,1191,0.0,0.0
2012-07-05 00:00:00+09:00,5348.129944620253,5348.129944620253,5243.077392136641,5281.2783203125,3230,0.0,0.0
2012-07-06 00:00:00+09:00,5223.976867675781,5348.1298828125,5204.876403808594,5348.1298828125,8293,0.0,0.0
2012-07-09 00:00:00+09:00,5262.177855357342,5386.3308719084225,5262.177855357342,5357.68017578125,37,0.0,0.0
2012-07-10 00:00:00+09:00,5233.526747532895,5443.6318359375,5233.526747532895,5443.6318359375,9470,0.0,0.0
2012-07-11 00:00:00+09:00,5434.081970214844,5434.081970214844,5357.680114746094,5424.53173828125,2041,0.0,0.0
2012-07-12 00:00:00+09:00,5434.082216519836,5615.536631482712,5376.780822321033,5386.3310546875,12159,0.0,0.0
2012-07-13 00:00:00+09:00,5386.331051272946,5520.034304318729,5252.627798227163,5462.73291015625,16630,0.0,0.0
2012-07-16 00:00:00+09:00,5586.885927397629,5586.885927397629,5329.029653825431,5539.134765625,28197,0.0,0.0
2012-07-17 00:00:00+09:00,5615.536807863422,5615.536807863422,5443.632619867602,5567.78564453125,1621,0.0,0.0
2012-07-18 00:00:00+09:00,5615.536562904793,5711.0388854031735,5348.1300599093265,5529.58447265625,10842,0.0,0.0
2012-07-19 00:00:00+09:00,5634.637089170258,5634.637089170258,5434.082209725215,5539.134765625,5819,0.0,0.0
2012-07-20 00:00:00+09:00,5376.780344852785,5625.0863643308885,5376.780344852785,5615.5361328125,8443,0.0,0.0
2012-07-23 00:00:00+09:00,5615.536255296611,5634.63671875,5443.632084216102,5634.63671875,2726,0.0,0.0
2012-07-24 00:00:00+09:00,5634.636347522474,5634.636347522474,5443.63172557256,5577.3349609375,5228,0.0,0.0
2012-07-25 00:00:00+09:00,5577.335510149573,5634.636902377137,5338.579709201389,5586.8857421875,16086,0.0,0.0
2012-07-26 00:00:00+09:00,5586.885743033741,5634.636903230611,5443.632262443132,5510.48388671875,5533,0.0,0.0
2012-07-27 00:00:00+09:00,5443.632445435424,5711.038951526989,5414.981748354185,5462.73291015625,2738,0.0,0.0
2012-07-30 00:00:00+09:00,5558.235174636434,5558.235174636434,5329.029600424623,5376.78076171875,4119,0.0,0.0
2012-07-31 00:00:00+09:00,5319.479187011719,5424.53173828125,5281.278259277344,5424.53173828125,5936,0.0,0.0
2012-08-01 00:00:00+09:00,5300.378540696533,5405.4310883499775,5300.378540696533,5319.47900390625,5137,0.0,0.0
2012-08-02 00:00:00+09:00,5329.029660488697,5405.431519420435,5252.627801556959,5386.3310546875,971,0.0,0.0
2012-08-03 00:00:00+09:00,5376.780393535402,5376.780393535402,5262.177614277099,5319.47900390625,1676,0.0,0.0
2012-08-06 00:00:00+09:00,5414.981319954836,5424.531551559695,5099.8236769945015,5319.47900390625,22579,0.0,0.0
2012-08-07 00:00:00+09:00,5262.177614277099,5338.579467115967,5157.125066623654,5319.47900390625,4126,0.0,0.0
2012-08-08 00:00:00+09:00,5281.278077486816,5329.029235511109,5214.426456252805,5319.47900390625,2811,0.0,0.0
2012-08-09 00:00:00+09:00,5223.976687857664,5319.47900390625,5223.976687857664,5319.47900390625,6077,0.0,0.0
2012-08-10 00:00:00+09:00,5319.47900390625,5357.679930325685,5262.177614277099,5319.47900390625,5309,0.0,0.0
2012-08-13 00:00:00+09:00,5281.277707967049,5319.478631713646,5233.526553283802,5262.17724609375,3614,0.0,0.0
2012-08-14 00:00:00+09:00,5214.426875491794,5319.479431591446,5214.426875491794,5309.92919921875,1960,0.0,0.0
2012-08-16 00:00:00+09:00,5309.928772301391,5329.029235511109,5300.378540696533,5319.47900390625,9678,0.0,0.0
2012-08-17 00:00:00+09:00,5367.230407823641,5376.780639866032,5252.627623314951,5357.68017578125,2694,0.0,0.0
2012-08-20 00:00:00+09:00,5329.029296875,5357.679992019489,5262.177674871192,5329.029296875,5940,0.0,0.0
2012-08-21 00:00:00+09:00,5329.029600424623,5386.330993977575,5243.077510095193,5376.78076171875,11974,0.0,0.0
2012-08-22 00:00:00+09:00,5348.129517904805,5367.22998046875,5233.5267425211305,5367.22998046875,3862,0.0,0.0
2012-08-23 00:00:00+09:00,5348.1298828125,5367.2303466796875,5252.6275634765625,5271.72802734375,4505,0.0,0.0
2012-08-24 00:00:00+09:00,5290.8284912109375,5290.8284912109375,5233.527099609375,5271.72802734375,1310,0.0,0.0
2012-08-27 00:00:00+09:00,5281.277893727437,5300.378356272563,5223.976506092057,5290.828125,5848,0.0,0.0
2012-08-28 00:00:00+09:00,5290.8284912109375,5500.93359375,5252.6275634765625,5348.1298828125,7553,0.0,0.0
2012-08-29 00:00:00+09:00,5281.278498656361,5386.3310546875,5262.1780339234265,5386.3310546875,21374,0.0,0.0
2012-08-30 00:00:00+09:00,5348.12994373886,5376.780639866032,5290.828551484515,5357.68017578125,2736,0.0,0.0
2012-08-31 00:00:00+09:00,5357.67999544044,5520.033934696211,5309.928836835801,5481.8330078125,14536,0.0,0.0
2012-09-03 00:00:00+09:00,5348.1300599093265,5529.58447265625,5348.1300599093265,5529.58447265625,3868,0.0,0.0
2012-09-04 00:00:00+09:00,5453.182312649717,5548.6846298589935,5424.531617486933,5481.8330078125,2560,0.0,0.0
2012-09-05 00:00:00+09:00,5405.431656840983,5529.584680761359,5052.073050298374,5176.22607421875,19963,0.0,0.0
2012-09-06 00:00:00+09:00,5338.579952813883,5434.0822775511615,5147.575303339326,5395.88134765625,6865,0.0,0.0
2012-09-07 00:00:00+09:00,5386.3308719084225,5434.082032120376,5357.68017578125,5357.68017578125,3369,0.0,0.0
2012-09-10 00:00:00+09:00,5281.278318596222,5443.632263290861,5281.278318596222,5434.08203125,5409,0.0,0.0
2012-09-11 00:00:00+09:00,5434.0816046463815,5491.382992393092,5309.928597861842,5443.6318359375,5789,0.0,0.0
2012-09-12 00:00:00+09:00,5443.6318359375,5472.282529810855,5338.579291735197,5443.6318359375,6889,0.0,0.0
2012-09-13 00:00:00+09:00,5367.229985608552,5443.6318359375,5367.229985608552,5443.6318359375,2888,0.0,0.0
2012-09-14 00:00:00+09:00,5443.631841006163,5529.583922706261,5443.631841006163,5520.03369140625,6143,0.0,0.0
2012-09-17 00:00:00+09:00,5577.335326728952,5577.335326728952,5453.182314318889,5558.23486328125,247,0.0,0.0
2012-09-18 00:00:00+09:00,5596.4359750731155,5596.4359750731155,5500.933654679377,5510.48388671875,5012,0.0,0.0
2012-09-19 00:00:00+09:00,5453.182314318889,5615.536253624356,5453.182314318889,5558.23486328125,712,0.0,0.0
2012-09-20 00:00:00+09:00,5510.483704661995,5605.986021900505,5510.483704661995,5558.23486328125,1980,0.0,0.0
2012-09-21 00:00:00+09:00,5491.3837890625,5558.235417798913,5443.632625679348,5491.3837890625,1650,0.0,0.0
2012-09-24 00:00:00+09:00,5539.134396394656,5586.885554984265,5405.43115234375,5405.43115234375,2212,0.0,0.0
2012-09-25 00:00:00+09:00,5615.535993800045,5615.535993800045,5367.22998046875,5367.22998046875,1574,0.0,0.0
2012-09-26 00:00:00+09:00,5520.034242967382,5520.034242967382,5281.278436610661,5453.1826171875,4076,0.0,0.0
2012-09-27 00:00:00+09:00,5443.632445435424,5539.134769039554,5386.331051272946,5462.73291015625,3103,0.0,0.0
2012-09-28 00:00:00+09:00,5462.732906788793,5539.134765625,5443.632442079741,5539.134765625,7275,0.0,0.0
2012-10-02 00:00:00+09:00,5625.086608886719,6370.004699707031,5625.086608886719,6112.1484375,371233,0.0,0.0
2012-10-04 00:00:00+09:00,6016.646180485211,6112.148500810373,5835.191771867402,5892.4931640625,105045,0.0,0.0
2012-10-05 00:00:00+09:00,5949.794370769289,5949.794370769289,5758.789736073646,5863.84228515625,69245,0.0,0.0
2012-10-08 00:00:00+09:00,5873.39269921875,6131.2489640625,5854.29223515625,5968.89501953125,51799,0.0,0.0
2012-10-09 00:00:00+09:00,6007.0957627863745,6083.497616685088,5806.540896302251,5940.244140625,30822,0.0,0.0
2012-10-10 00:00:00+09:00,5987.995113243387,6007.095576124546,5758.789558669477,5911.59326171875,21446,0.0,0.0
2012-10-11 00:00:00+09:00,5854.2919897662705,5921.143611182852,5730.1389785640495,5777.89013671875,40934,0.0,0.0
2012-10-12 00:00:00+09:00,5787.4402450637435,5882.942559338723,5758.78955078125,5758.78955078125,23989,0.0,0.0
2012-10-15 00:00:00+09:00,5911.593566894531,5911.593566894531,5691.938232421875,5806.541015625,43627,0.0,0.0
2012-10-16 00:00:00+09:00,5873.392639160156,5873.392639160156,5691.938232421875,5806.541015625,14233,0.0,0.0
2012-10-17 00:00:00+09:00,5816.091247558594,6179.000061035156,5739.689392089844,6112.1484375,23778,0.0,0.0
2012-10-18 00:00:00+09:00,6083.497679292486,6083.497679292486,5892.493042580006,5949.79443359375,13970,0.0,0.0
2012-10-19 00:00:00+09:00,5968.89501953125,6064.39733984375,5940.2443234375,5968.89501953125,5014,0.0,0.0
2012-10-22 00:00:00+09:00,5921.143798828125,6045.296813964844,5844.741943359375,5959.3447265625,11579,0.0,0.0
2012-10-23 00:00:00+09:00,6026.195676576162,6026.195676576162,5921.143137047893,6007.09521484375,6188,0.0,0.0
2012-10-24 00:00:00+09:00,6083.4976182725695,6150.349240451389,5997.545532614087,6016.64599609375,30934,0.0,0.0
2012-10-25 00:00:00+09:00,6045.296813964844,6140.799133300781,5892.493103027344,5959.3447265625,17340,0.0,0.0
2012-10-26 00:00:00+09:00,5921.143798828125,5997.545654296875,5796.990783691406,5806.541015625,9607,0.0,0.0
2012-10-29 00:00:00+09:00,5806.541015625,6007.095886230469,5644.187072753906,5882.94287109375,7270,0.0,0.0
2012-10-30 00:00:00+09:00,5825.6414794921875,5902.0433349609375,5749.2396240234375,5882.94287109375,12799,0.0,0.0
2012-10-31 00:00:00+09:00,5873.392699997467,5921.1438601600485,5682.388059347143,5892.4931640625,16080,0.0,0.0
2012-11-01 00:00:00+09:00,5835.191771867402,5911.593628127533,5758.789915607273,5892.4931640625,16702,0.0,0.0
2012-11-02 00:00:00+09:00,6016.646241014377,6016.646241014377,5739.689509285144,5978.4453125,10896,0.0,0.0
2012-11-05 00:00:00+09:00,5968.8945881371355,5968.8945881371355,5777.889961316748,5902.04296875,12471,0.0,0.0
2012-11-06 00:00:00+09:00,5902.04296875,5987.995050819175,5844.741580703883,5902.04296875,5583,0.0,0.0
2012-11-07 00:00:00+09:00,5959.344664634146,5959.344664634146,5787.440491615854,5873.392578125,12169,0.0,0.0
2012-11-08 00:00:00+09:00,5844.741580703883,5902.04296875,5777.889961316748,5902.04296875,5371,0.0,0.0
2012-11-09 00:00:00+09:00,5949.794739950857,5949.794739950857,5854.292416677167,5921.14404296875,2219,0.0,0.0
2012-11-12 00:00:00+09:00,5921.143677150322,5959.344604099679,5873.3925184636255,5940.244140625,3174,0.0,0.0
2012-11-13 00:00:00+09:00,5940.244504503384,6102.59845398338,5873.392878246915,5997.5458984375,17492,0.0,0.0
2012-11-14 00:00:00+09:00,6054.84673731559,6054.84673731559,5921.14349705941,5987.9951171875,4427,0.0,0.0
2012-11-15 00:00:00+09:00,5987.995422363281,5987.995422363281,5806.541015625,5882.94287109375,4398,0.0,0.0
2012-11-16 00:00:00+09:00,5825.64129728283,5940.244076901509,5777.890139108381,5854.2919921875,1948,0.0,0.0
2012-11-19 00:00:00+09:00,5911.593813827614,5911.593813827614,5758.790096507353,5844.7421875,1679,0.0,0.0
2012-11-20 00:00:00+09:00,5796.990663012775,5882.942748625815,5796.990663012775,5863.84228515625,3222,0.0,0.0
2012-11-21 00:00:00+09:00,5787.4405517578125,5835.191711425781,5777.890319824219,5806.541015625,2599,0.0,0.0
2012-11-22 00:00:00+09:00,5825.641848120359,5825.641848120359,5701.48882512763,5787.44091796875,2608,0.0,0.0
2012-11-23 00:00:00+09:00,5787.4404312779925,5987.995297708419,5758.789736073646,5863.84228515625,1730,0.0,0.0
2012-11-26 00:00:00+09:00,5863.842043385922,5987.995050819175,5796.990423998786,5902.04296875,1265,0.0,0.0
2012-11-27 00:00:00+09:00,5892.493349162582,5921.1440461601305,5672.838005514705,5844.7421875,14211,0.0,0.0
2012-11-28 00:00:00+09:00,5911.593505462399,5968.894896468496,5796.990723450203,5873.392578125,3637,0.0,0.0
2012-11-29 00:00:00+09:00,5959.344662979966,5959.344662979966,5644.187012533911,5720.5888671875,14611,0.0,0.0
2012-11-30 00:00:00+09:00,5758.7900440534495,5835.191902017675,5500.933773424191,5605.986328125,18395,0.0,0.0
2012-12-03 00:00:00+09:00,5520.034237915247,5653.73748935264,5443.632379951022,5605.986328125,13229,0.0,0.0
2012-12-04 00:00:00+09:00,5605.985964981156,5720.588744503769,5586.885501727387,5701.48828125,2113,0.0,0.0
2012-12-05 00:00:00+09:00,5634.6364721096415,5672.837397344283,5539.134159023038,5596.435546875,4479,0.0,0.0
2012-12-06 00:00:00+09:00,5558.235230334051,5567.785462688577,5453.182674434267,5539.134765625,2441,0.0,0.0
2012-12-07 00:00:00+09:00,5586.885558452803,5615.536253624356,5462.73254604274,5558.23486328125,3919,0.0,0.0
2012-12-10 00:00:00+09:00,5462.732308553755,5634.6364721096415,5462.732308553755,5596.435546875,2360,0.0,0.0
2012-12-11 00:00:00+09:00,5596.435974225427,5596.435974225427,5491.383421808227,5586.8857421875,1125,0.0,0.0
2012-12-12 00:00:00+09:00,5567.785093300849,5567.785093300849,5443.632080928789,5481.8330078125,3503,0.0,0.0
2012-12-13 00:00:00+09:00,5558.235417798913,5558.235417798913,5443.632625679348,5491.3837890625,2217,0.0,0.0
2012-12-14 00:00:00+09:00,5558.2346166062935,5558.2346166062935,5386.330453206098,5520.03369140625,5094,0.0,0.0
2012-12-17 00:00:00+09:00,5529.584164676734,5548.684628112577,5405.43115234375,5405.43115234375,657,0.0,0.0
2012-12-18 00:00:00+09:00,5405.431519420435,5424.531984153368,5290.828731022828,5386.3310546875,5317,0.0,0.0
2012-12-20 00:00:00+09:00,5386.331115182523,5443.63251002489,5300.379022918972,5395.88134765625,9166,0.0,0.0
2012-12-21 00:00:00+09:00,5443.632079215437,5443.632079215437,5300.37860344661,5405.43115234375,3526,0.0,0.0
2012-12-24 00:00:00+09:00,5434.081970214844,5434.081970214844,5300.378723144531,5424.53173828125,3166,0.0,0.0
2012-12-26 00:00:00+09:00,5386.331051272946,5462.73291015625,5319.479424750055,5462.73291015625,3652,0.0,0.0
2012-12-27 00:00:00+09:00,5491.893029827689,5589.094676373312,5472.452700518565,5579.37451171875,753,100.0,0.0
2012-12-28 00:00:00+09:00,5569.654347064187,5579.37451171875,5540.493853100501,5579.37451171875,698,0.0,0.0
2013-01-02 00:00:00+09:00,5579.375044939159,5579.375044939159,5433.572561186394,5491.8935546875,11851,0.0,0.0
2013-01-03 00:00:00+09:00,5443.292143095026,5559.93411758992,5443.292143095026,5472.45263671875,5137,0.0,0.0
2013-01-04 00:00:00+09:00,5569.6540943541295,5569.6540943541295,5423.851631151142,5530.7734375,2019,0.0,0.0
2013-01-07 00:00:00+09:00,5433.572364847928,5559.934512867647,5433.572364847928,5453.0126953125,2364,0.0,0.0
2013-01-08 00:00:00+09:00,5501.61299513432,5540.49365234375,5453.012173622533,5540.49365234375,340,0.0,0.0
2013-01-09 00:00:00+09:00,5462.732671613205,5540.493990782076,5423.852012028769,5511.33349609375,6376,0.0,0.0
2013-01-10 00:00:00+09:00,5501.613720271018,5521.054051438053,5384.971733268805,5491.8935546875,36810,0.0,0.0
2013-01-11 00:00:00+09:00,5491.893166301532,5521.053660989859,5472.452836509314,5511.33349609375,3873,0.0,0.0
2013-01-14 00:00:00+09:00,5443.292292402827,5511.333446057862,5443.292292402827,5501.61328125,5006,0.0,0.0
2013-01-15 00:00:00+09:00,5501.613720271018,5501.613720271018,5443.2927267699115,5491.8935546875,1324,0.0,0.0
2013-01-16 00:00:00+09:00,5521.0537109375,5521.0537109375,5453.012556049186,5521.0537109375,2008,0.0,0.0
2013-01-17 00:00:00+09:00,5443.292391065141,5521.0537109375,5433.572226081096,5521.0537109375,2765,0.0,0.0
2013-01-18 00:00:00+09:00,5453.012556049186,5521.0537109375,5443.292391065141,5521.0537109375,1133,0.0,0.0
2013-01-21 00:00:00+09:00,5491.893166301532,5511.33349609375,5443.2923418209875,5511.33349609375,5142,0.0,0.0
2013-01-22 00:00:00+09:00,5511.33349609375,5511.33349609375,5453.012506717097,5511.33349609375,10847,0.0,0.0
2013-01-23 00:00:00+09:00,5511.333694484731,5569.65468596076,5511.333694484731,5550.21435546875,3711,0.0,0.0
2013-01-24 00:00:00+09:00,5559.9339809484645,5559.9339809484645,5472.452502227247,5540.49365234375,5513,0.0,0.0
2013-01-25 00:00:00+09:00,5511.333109072934,5530.7734375,5443.291959578207,5530.7734375,3813,0.0,0.0
2013-01-28 00:00:00+09:00,5491.892965801232,5501.613130342473,5132.246877775311,5472.45263671875,10685,0.0,0.0
2013-01-29 00:00:00+09:00,5433.572315325056,5443.29248046875,5394.691654750279,5443.29248046875,2970,0.0,0.0
2013-01-30 00:00:00+09:00,5443.292430679786,5443.292430679786,5297.489954858005,5433.572265625,9106,0.0,0.0
2013-01-31 00:00:00+09:00,5375.251373454212,5501.613521473931,5326.650547292781,5453.0126953125,6996,0.0,0.0
2013-02-01 00:00:00+09:00,5453.01249544154,5521.053649573609,5414.1318359375,5414.1318359375,4718,0.0,0.0
2013-02-04 00:00:00+09:00,5453.012645612444,5453.012645612444,5375.251324462891,5443.29248046875,2620,0.0,0.0
2013-02-05 00:00:00+09:00,5472.4525863267345,5472.4525863267345,5394.691270712856,5462.732421875,901,0.0,0.0
2013-02-06 00:00:00+09:00,5443.292530080214,5462.7328605447865,5346.090877757353,5453.0126953125,1828,0.0,0.0
2013-02-07 00:00:00+09:00,5443.292471590909,5443.292471590909,5326.650490056819,5346.0908203125,12919,0.0,0.0
2013-02-08 00:00:00+09:00,5433.572306463068,5433.572306463068,5307.210159801137,5346.0908203125,7517,0.0,0.0
2013-02-12 00:00:00+09:00,5346.090770506034,5355.810935543317,5268.329450207764,5336.37060546875,7317,0.0,0.0
2013-02-13 00:00:00+09:00,5307.210010926075,5336.370505491602,5239.168856939842,5316.93017578125,3730,0.0,0.0
2013-02-14 00:00:00+09:00,5326.650390625,5326.650390625,5297.489895785812,5326.650390625,4329,0.0,0.0
2013-02-15 00:00:00+09:00,5326.650490056819,5384.971480823864,5307.210159801137,5346.0908203125,9204,0.0,0.0
2013-02-18 00:00:00+09:00,5346.0908203125,5443.292471590909,5326.650490056819,5346.0908203125,30345,0.0,0.0
2013-02-19 00:00:00+09:00,5355.810935543317,5355.810935543317,5316.930275394183,5336.37060546875,10667,0.0,0.0
2013-02-20 00:00:00+09:00,5346.09063237691,5414.131785879889,5336.370467590771,5404.41162109375,53713,0.0,0.0
2013-02-21 00:00:00+09:00,5355.810797163051,5462.732609810589,5355.810797163051,5404.41162109375,21213,0.0,0.0
2013-02-22 00:00:00+09:00,5404.411770460644,5462.732760789356,5384.971440351073,5433.572265625,7599,0.0,0.0
2013-02-25 00:00:00+09:00,5414.1318359375,5501.613319821589,5394.691506185481,5414.1318359375,8674,0.0,0.0
2013-02-26 00:00:00+09:00,5414.132034383356,5472.453025777072,5375.251373454212,5453.0126953125,3708,0.0,0.0
2013-02-27 00:00:00+09:00,5453.012645612444,5453.012645612444,5404.411819893973,5443.29248046875,1670,0.0,0.0
2013-02-28 00:00:00+09:00,5394.691703918784,5453.0126953125,5394.691703918784,5453.0126953125,8294,0.0,0.0
2013-03-04 00:00:00+09:00,5453.0127516526445,5559.9345703125,5453.0127516526445,5559.9345703125,9039,0.0,0.0
2013-03-05 00:00:00+09:00,5559.9341824096255,5589.094676373312,5540.493853100501,5579.37451171875,10975,0.0,0.0
2013-03-06 00:00:00+09:00,5550.21446016027,5686.296776171205,5550.21446016027,5666.8564453125,12976,0.0,0.0
2013-03-07 00:00:00+09:00,5666.856196103212,5666.856196103212,5589.094876088073,5618.25537109375,6936,0.0,0.0
2013-03-08 00:00:00+09:00,5618.255342467546,5880.699796181429,5618.255342467546,5802.9384765625,25473,0.0,0.0
2013-03-11 00:00:00+09:00,5802.93822499868,5870.9793767155825,5734.897073281778,5754.33740234375,6890,0.0,0.0
2013-03-12 00:00:00+09:00,5734.8974609375,5822.378947629767,5666.856304621292,5734.8974609375,3225,0.0,0.0
2013-03-13 00:00:00+09:00,5734.897452518858,5734.897452518858,5627.9756356074895,5637.69580078125,13652,0.0,0.0
2013-03-14 00:00:00+09:00,5589.094788222589,5705.736766411583,5589.094788222589,5696.0166015625,1389,0.0,0.0
2013-03-15 00:00:00+09:00,5696.016791823815,5696.016791823815,5598.815140086207,5637.69580078125,10637,0.0,0.0
2013-03-18 00:00:00+09:00,5676.576171875,5802.938312687286,5598.8148544520545,5676.576171875,27903,0.0,0.0
2013-03-19 00:00:00+09:00,5686.296313840951,5870.979441982795,5686.296313840951,5861.25927734375,14594,0.0,0.0
2013-03-20 00:00:00+09:00,5861.259377421229,5900.140036641271,5744.617399761106,5880.69970703125,22421,0.0,0.0
2013-03-21 00:00:00+09:00,5909.85988066343,6016.781687714907,5822.378402166768,6007.0615234375,41989,0.0,0.0
2013-03-22 00:00:00+09:00,6007.061710133272,6055.662533030791,5880.699570599724,5948.74072265625,7035,0.0,0.0
2013-03-25 00:00:00+09:00,6065.382748776508,6065.382748776508,5929.300443515497,5958.4609375,12156,0.0,0.0
2013-03-26 00:00:00+09:00,6007.0618734375,6084.8231921875,5919.58038984375,6075.10302734375,22857,0.0,0.0
2013-03-27 00:00:00+09:00,6113.983660774942,6415.308769652563,5977.901353539887,6259.7861328125,67800,0.0,0.0
2013-03-28 00:00:00+09:00,6211.185652631768,6366.7082980810765,6123.704164566532,6327.82763671875,12195,0.0,0.0
2013-03-29 00:00:00+09:00,5939.0209765625,6327.8275871394235,5939.0209765625,6318.107421875,15545,0.0,0.0
2013-04-01 00:00:00+09:00,6318.107272447353,6318.107272447353,6211.185457067475,6288.94677734375,10532,0.0,0.0
2013-04-02 00:00:00+09:00,6279.22617519049,6318.10683262201,6162.58420289593,6298.66650390625,20041,0.0,0.0
2013-04-03 00:00:00+09:00,6201.465143997477,6327.827286430027,6172.304649589965,6259.7861328125,6981,0.0,0.0
2013-04-04 00:00:00+09:00,6143.143986742424,6502.790074573863,6123.703657670455,6415.30859375,36245,0.0,0.0
2013-04-05 00:00:00+09:00,6415.308932648401,6493.07025304414,6318.107282153729,6386.1484375,7921,0.0,0.0
2013-04-08 00:00:00+09:00,6415.308731336141,6415.308731336141,6240.345765936065,6347.267578125,3895,0.0,0.0
2013-04-09 00:00:00+09:00,6269.50601083261,6356.987490053531,6075.10272367501,6298.66650390625,12794,0.0,0.0
2013-04-10 00:00:00+09:00,6143.144166905581,6386.148287431909,6133.424002084528,6356.98779296875,13065,0.0,0.0
2013-04-11 00:00:00+09:00,6395.868452252962,6434.749111537175,6172.30466136874,6356.98779296875,4389,0.0,0.0
2013-04-12 00:00:00+09:00,6288.946688633111,6502.790316376431,6279.226523735687,6366.7080078125,13911,0.0,0.0
2013-04-15 00:00:00+09:00,6366.708057682689,6376.42822265625,6172.304758211461,6376.42822265625,15880,0.0,0.0
2013-04-16 00:00:00+09:00,6308.387306037586,6366.7082980810765,6201.465487291186,6327.82763671875,5607,0.0,0.0
2013-04-17 00:00:00+09:00,6356.987942351598,6415.308932648401,6279.22662195586,6386.1484375,9379,0.0,0.0
2013-04-18 00:00:00+09:00,6415.30859375,6425.028758285985,6318.106948390152,6415.30859375,6862,0.0,0.0
2013-04-19 00:00:00+09:00,6444.469477969462,6493.070303595175,6172.304854465473,6395.86865234375,24474,0.0,0.0
2013-04-22 00:00:00+09:00,6395.868562898836,6522.23070775854,6347.267737952797,6473.6298828125,9838,0.0,0.0
2013-04-23 00:00:00+09:00,6356.987902942004,6512.510542769332,6318.107242985173,6473.6298828125,13647,0.0,0.0
2013-04-24 00:00:00+09:00,6444.469446720366,6590.27192289051,6415.308951486337,6580.5517578125,34595,0.0,0.0
2013-04-25 00:00:00+09:00,6609.7118132374635,6648.59247096239,6512.510168925148,6590.271484375,4992,0.0,0.0
2013-04-26 00:00:00+09:00,6590.271400384931,6687.473043458455,6512.510085926112,6668.03271484375,22740,0.0,0.0
2013-04-29 00:00:00+09:00,6677.753318174042,6677.753318174042,6541.671008924498,6658.31298828125,7046,0.0,0.0
2013-04-30 00:00:00+09:00,6658.312736960018,6658.312736960018,6531.95059742647,6609.7119140625,5961,0.0,0.0
2013-05-02 00:00:00+09:00,6687.473774779736,6687.473774779736,6580.5519557062225,6619.4326171875,2936,0.0,0.0
2013-05-03 00:00:00+09:00,6609.712174010791,6804.115473246403,6522.230689354766,6755.5146484375,18612,0.0,0.0
2013-05-06 00:00:00+09:00,6755.5145984836545,6755.5145984836545,6706.913774034132,6745.79443359375,1149,0.0,0.0
2013-05-07 00:00:00+09:00,6736.074053596048,6774.9547119140625,6609.7119140625,6609.7119140625,5041,0.0,0.0
2013-05-08 00:00:00+09:00,6580.551434414629,6755.514397220335,6580.551434414629,6706.91357421875,3293,0.0,0.0
2013-05-09 00:00:00+09:00,6706.913712195736,6706.913712195736,6483.349921789211,6638.87255859375,5390,0.0,0.0
2013-05-10 00:00:00+09:00,6609.712064192899,6668.033052994601,6522.2305809903455,6638.87255859375,3254,0.0,0.0
2013-05-13 00:00:00+09:00,6706.913762678179,6706.913762678179,6551.391124703034,6648.5927734375,1946,0.0,0.0
2013-05-14 00:00:00+09:00,6706.913712195736,6706.913712195736,6512.510416190063,6638.87255859375,3057,0.0,0.0
2013-05-15 00:00:00+09:00,6590.272037620708,6804.115673059728,6541.671211384567,6794.3955078125,15358,0.0,0.0
2013-05-16 00:00:00+09:00,6804.115083056851,6804.115083056851,6687.473110204448,6774.95458984375,2849,0.0,0.0
2013-05-20 00:00:00+09:00,6755.5148468235875,6804.115673059728,6687.47369009299,6794.3955078125,13168,0.0,0.0
2013-05-21 00:00:00+09:00,6765.234921985502,7241.5230127574705,6658.313105689755,6872.15673828125,100580,0.0,0.0
2013-05-22 00:00:00+09:00,6969.358160383484,7776.13183864266,6949.917830786877,7017.958984375,489890,0.0,0.0
2013-05-23 00:00:00+09:00,7056.839762252697,7115.160752023381,6755.5146484375,6755.5146484375,158611,0.0,0.0
2013-05-24 00:00:00+09:00,6726.353926043219,6930.477383336438,6522.23046875,6522.23046875,110560,0.0,0.0
2013-05-27 00:00:00+09:00,6531.950497787611,6658.312635393621,6512.510168925148,6590.271484375,19121,0.0,0.0
2013-05-28 00:00:00+09:00,6629.152142099926,6716.633621981011,6531.950497787611,6590.271484375,36479,0.0,0.0
2013-05-29 00:00:00+09:00,6570.831291915052,6619.432115080104,6405.588493153875,6522.23046875,67898,0.0,0.0
2013-05-30 00:00:00+09:00,6512.510102370689,6551.390759698275,6425.0286233836205,6483.349609375,10656,0.0,0.0
2013-05-31 00:00:00+09:00,6454.189302430031,6570.831277775152,6308.386833248629,6425.02880859375,39345,0.0,0.0
2013-06-03 00:00:00+09:00,6512.510290102591,6541.670783938871,6356.987656309097,6425.02880859375,30031,0.0,0.0
2013-06-04 00:00:00+09:00,6473.629821684161,6493.070151479008,6259.786193940839,6366.7080078125,31019,0.0,0.0
2013-06-05 00:00:00+09:00,6366.707957789803,6376.428122610856,6211.185320652953,6356.98779296875,8702,0.0,0.0
2013-06-07 00:00:00+09:00,6240.34545016925,6318.106764190051,6075.102657875049,6191.74462890625,23592,0.0,0.0
2013-06-10 00:00:00+09:00,6055.662709153543,6220.905511811024,6055.662709153543,6172.3046875,21992,0.0,0.0
2013-06-11 00:00:00+09:00,6162.584612053928,6211.185437070126,6075.103127024771,6094.54345703125,15301,0.0,0.0
2013-06-12 00:00:00+09:00,6094.543119884673,6152.864106677827,6055.662462022569,6123.70361328125,31036,0.0,0.0
2013-06-13 00:00:00+09:00,6113.98368671875,6152.86434609375,6065.3828625,6075.10302734375,12028,0.0,0.0
2013-06-14 00:00:00+09:00,6123.7038010817305,6182.024789663462,6016.781988681891,6065.3828125,19357,0.0,0.0
2013-06-17 00:00:00+09:00,6026.501968625992,6298.666573660714,6007.061639694941,6123.70361328125,15287,0.0,0.0
2013-06-18 00:00:00+09:00,6113.983698326771,6279.226500984252,6075.103038877953,6172.3046875,6603,0.0,0.0
2013-06-19 00:00:00+09:00,6162.584770202637,6998.518981933594,6162.584770202637,6220.90576171875,138581,0.0,0.0
2013-06-20 00:00:00+09:00,6162.584770202637,6327.827579498291,6143.144439697266,6220.90576171875,47615,0.0,0.0
2013-06-21 00:00:00+09:00,6220.905662225705,6230.625827322933,6065.383020670062,6201.46533203125,9577,0.0,0.0
2013-06-24 00:00:00+09:00,6259.786171259842,6259.786171259842,6045.942544291339,6172.3046875,25572,0.0,0.0
2013-06-25 00:00:00+09:00,5968.180866327872,6152.863987598604,5832.098566444174,6007.0615234375,21550,0.0,0.0
2013-06-26 00:00:00+09:00,6026.50244140625,6084.823432774698,5929.300789125504,6026.50244140625,21843,0.0,0.0
2013-06-27 00:00:00+09:00,6104.263434291074,6240.345740151067,6075.102940178219,6152.8642578125,29221,0.0,0.0
2013-06-28 00:00:00+09:00,6143.14380764325,6220.90512166405,6143.14380764325,6191.74462890625,13692,0.0,0.0
2013-07-01 00:00:00+09:00,6191.744979194973,6279.226462417508,6143.144155182454,6259.7861328125,13566,0.0,0.0
2013-07-02 00:00:00+09:00,6250.06568211685,6318.10683262201,6220.90518904321,6298.66650390625,4567,0.0,0.0
2013-07-03 00:00:00+09:00,6288.94672745743,6298.666892414861,6172.304747968266,6279.2265625,6013,0.0,0.0
2013-07-04 00:00:00+09:00,6269.506247418109,6269.506247418109,6162.584435446637,6250.06591796875,10768,0.0,0.0
2013-07-05 00:00:00+09:00,6250.065968009996,6288.946627220012,6143.144155182454,6259.7861328125,12051,0.0,0.0
2013-07-08 00:00:00+09:00,6259.785915798611,6259.785915798611,6104.263284350198,6123.70361328125,3361,0.0,0.0
2013-07-09 00:00:00+09:00,6123.704011253429,6201.46533203125,5929.300709308875,6201.46533203125,10945,0.0,0.0
2013-07-10 00:00:00+09:00,6123.703562822933,6201.464877906399,6055.662412124901,6113.9833984375,10046,0.0,0.0
2013-07-11 00:00:00+09:00,6133.424365852453,6162.584862045095,6084.823538864715,6143.14453125,7851,0.0,0.0
2013-07-12 00:00:00+09:00,6113.983499034271,6152.8641572157285,6084.823005398177,6133.423828125,10506,0.0,0.0
2013-07-15 00:00:00+09:00,6133.42401640625,6133.42401640625,6065.3828625,6075.10302734375,14340,0.0,0.0
2013-07-16 00:00:00+09:00,6123.703562822933,6123.703562822933,6055.662412124901,6113.9833984375,13922,0.0,0.0
2013-07-17 00:00:00+09:00,6045.942297557043,6279.2262447296625,6045.942297557043,6123.70361328125,15799,0.0,0.0
2013-07-18 00:00:00+09:00,6133.42364339065,6250.065614421851,6075.102657875049,6191.74462890625,5621,0.0,0.0
2013-07-19 00:00:00+09:00,6191.7452321172095,7115.160926075036,6172.304901718097,6979.07861328125,467768,0.0,0.0
2013-07-22 00:00:00+09:00,7095.7203972292755,7698.370622747379,7076.280067373853,7416.48583984375,423103,0.0,0.0
2013-07-23 00:00:00+09:00,7416.485537973705,7649.769486743519,7290.123399056721,7358.16455078125,122332,0.0,0.0
2013-07-24 00:00:00+09:00,7367.885154441551,7523.407796223958,7183.202017324942,7348.44482421875,86503,0.0,0.0
2013-07-25 00:00:00+09:00,7358.164762939769,7610.889048060554,7358.164762939769,7494.2470703125,111089,0.0,0.0
2013-07-26 00:00:00+09:00,7494.246969989435,7533.127628718303,7329.004170391742,7474.806640625,35446,0.0,0.0
2013-07-29 00:00:00+09:00,7397.045848966899,7669.21047941509,7387.32568359375,7387.32568359375,56205,0.0,0.0
2013-07-30 00:00:00+09:00,7406.765287990196,7562.28791870915,7290.12331495098,7435.92578125,30740,0.0,0.0
2013-07-31 00:00:00+09:00,7484.526483908117,7484.526483908117,7270.682870082172,7319.28369140625,25278,0.0,0.0
2013-08-01 00:00:00+09:00,7397.04541015625,7533.127717307613,7202.642114225731,7397.04541015625,40336,0.0,0.0
2013-08-02 00:00:00+09:00,7474.806889812459,7766.411840000202,7377.605239749879,7523.40771484375,60059,0.0,0.0
2013-08-05 00:00:00+09:00,7523.407514458198,7698.3704799107145,7406.765537489854,7484.52685546875,40641,0.0,0.0
2013-08-06 00:00:00+09:00,7533.1277047270305,7542.847869507324,7299.84375,7299.84375,28147,0.0,0.0
2013-08-07 00:00:00+09:00,7299.844124415938,7426.206273040981,7008.239166050454,7086.00048828125,48039,0.0,0.0
2013-08-08 00:00:00+09:00,7144.321529858733,7241.523183326199,7027.679545697774,7095.720703125,41906,0.0,0.0
2013-08-09 00:00:00+09:00,7095.719996617493,7183.201476027845,6911.036873417859,6959.6376953125,46576,0.0,0.0
2013-08-12 00:00:00+09:00,7037.399148228139,7212.3621104769045,6842.995856840621,6891.5966796875,81192,0.0,0.0
2013-08-13 00:00:00+09:00,6901.317283501059,7533.1280207229875,6901.317283501059,7455.36669921875,136421,0.0,0.0
2013-08-14 00:00:00+09:00,7494.246648172933,7552.567633761828,7280.403034346987,7319.28369140625,67084,0.0,0.0
2013-08-16 00:00:00+09:00,7290.1236092534045,7649.769707309905,7144.321137068337,7494.2470703125,77671,0.0,0.0
2013-08-19 00:00:00+09:00,7552.567754289215,7581.728247549019,7338.724137050654,7435.92578125,35742,0.0,0.0
2013-08-20 00:00:00+09:00,7435.9262598302985,7542.848075331126,7212.362463783113,7338.724609375,62213,0.0,0.0
2013-08-21 00:00:00+09:00,7503.967405096476,7503.967405096476,7134.601133861157,7241.52294921875,40745,0.0,0.0
2013-08-22 00:00:00+09:00,7192.9217084336315,7270.683024200482,7056.839405841643,7066.5595703125,32182,0.0,0.0
2013-08-23 00:00:00+09:00,7222.082164011438,7503.966932189543,7163.76117749183,7435.92578125,37168,0.0,0.0
2013-08-26 00:00:00+09:00,7494.247056884766,7941.374637451172,7435.926068115235,7776.1318359375,109064,0.0,0.0
2013-08-27 00:00:00+09:00,7776.132093558283,8164.938698236197,7776.132093558283,7921.9345703125,118638,0.0,0.0
2013-08-28 00:00:00+09:00,7951.094955197307,7951.094955197307,7688.650500685904,7805.29248046875,38851,0.0,0.0
2013-08-29 00:00:00+09:00,7951.094716185803,8252.419821566928,7737.251093012102,8232.9794921875,118389,0.0,0.0
2013-08-30 00:00:00+09:00,8349.621195866512,8398.222017728365,8067.736429067758,8087.1767578125,54652,0.0,0.0
2013-09-02 00:00:00+09:00,8213.53954200973,8213.53954200973,7980.255578686377,8116.337890625,30469,0.0,0.0
2013-09-03 00:00:00+09:00,8203.819135974703,8203.819135974703,7853.893201264881,8164.9384765625,80647,0.0,0.0
2013-09-04 00:00:00+09:00,8242.700054824561,8437.103358004386,8087.177412280702,8310.7412109375,81344,0.0,0.0
2013-09-05 00:00:00+09:00,8398.222782258064,8398.222782258064,8135.7783203125,8135.7783203125,28733,0.0,0.0
2013-09-06 00:00:00+09:00,8213.539288991906,8213.539288991906,7921.934343820595,8067.73681640625,54908,0.0,0.0
2013-09-09 00:00:00+09:00,8106.617437751415,8232.979580066485,8067.736778577547,8155.21826171875,21247,0.0,0.0
2013-09-10 00:00:00+09:00,8232.980226901775,8301.02138580179,8087.177743544601,8281.5810546875,41469,0.0,0.0
2013-09-11 00:00:00+09:00,8330.181421396683,8689.827527104591,8320.46125637755,8573.185546875,95500,0.0,0.0
2013-09-12 00:00:00+09:00,8660.666419719828,8689.826912715516,8427.38247575431,8456.54296875,38757,0.0,0.0
2013-09-13 00:00:00+09:00,8641.22595451468,8641.22595451468,8310.740372452252,8524.583984375,14038,0.0,0.0
2013-09-16 00:00:00+09:00,8524.584661577928,8524.584661577928,8310.741032667192,8466.263671875,23175,0.0,0.0
2013-09-17 00:00:00+09:00,8544.025779222535,8544.025779222535,8349.622462289144,8427.3837890625,10485,0.0,0.0
2013-09-23 00:00:00+09:00,8310.740934488276,8582.905549886724,8281.5804399813,8446.8232421875,19981,0.0,0.0
2013-09-24 00:00:00+09:00,8369.062160915799,8553.745298032407,8291.300840024594,8398.22265625,11474,0.0,0.0
2013-09-25 00:00:00+09:00,8388.50237065766,8388.50237065766,8126.0579164192395,8184.37890625,29853,0.0,0.0
2013-09-26 00:00:00+09:00,8184.378996412245,8242.699986885493,8096.897510702376,8106.61767578125,18723,0.0,0.0
2013-09-27 00:00:00+09:00,8106.618118883452,8232.980271815688,8058.017290832592,8194.099609375,19130,0.0,0.0
2013-09-30 00:00:00+09:00,8242.699795386905,8252.419960239955,8058.016663178943,8164.9384765625,11180,0.0,0.0
2013-10-01 00:00:00+09:00,8116.3379402708215,8232.97992264597,7999.695957895671,8126.05810546875,34317,0.0,0.0
2013-10-02 00:00:00+09:00,8077.456880873528,8203.819022210899,8019.1358925639715,8048.29638671875,27276,0.0,0.0
2013-10-04 00:00:00+09:00,7776.131859756098,8135.777958269818,7776.131859756098,7970.53515625,13579,0.0,0.0
2013-10-07 00:00:00+09:00,7902.494090714478,8096.897389379041,7766.411781649284,7892.77392578125,25292,0.0,0.0
2013-10-08 00:00:00+09:00,7795.572384139867,8009.416015625,7727.531228667324,8009.416015625,28220,0.0,0.0
2013-10-10 00:00:00+09:00,7999.695689397734,8145.498162473027,7766.411732477266,7883.0537109375,40519,0.0,0.0
2013-10-11 00:00:00+09:00,7951.0952576966165,7999.696084455153,7659.490297145396,7863.61376953125,88934,0.0,0.0
2013-10-14 00:00:00+09:00,7951.09498565051,8242.69993622449,7902.4941605548465,8096.8974609375,81282,0.0,0.0
2013-10-15 00:00:00+09:00,8213.539362009768,8369.062000817054,8096.897382904304,8271.8603515625,77075,0.0,0.0
2013-10-16 00:00:00+09:00,8369.062590358097,8456.544080849644,8164.939112544484,8194.099609375,55706,0.0,0.0
2013-10-17 00:00:00+09:00,8417.662886546548,8524.584701502683,8271.860411606365,8378.7822265625,74360,0.0,0.0
2013-10-18 00:00:00+09:00,8398.22289726426,8446.823724216021,8223.259920237922,8349.6220703125,23496,0.0,0.0
2013-10-21 00:00:00+09:00,8359.34237914466,8398.22304137324,8164.9390680017605,8281.5810546875,19192,0.0,0.0
2013-10-22 00:00:00+09:00,8281.580748635617,8339.901739823192,8019.13628829153,8126.05810546875,36511,0.0,0.0
2013-10-23 00:00:00+09:00,8077.457321148541,8213.539634621562,8038.57666015625,8038.57666015625,16528,0.0,0.0
2013-10-24 00:00:00+09:00,8135.778161502579,8135.778161502579,7999.695850557494,8009.416015625,8737,0.0,0.0
2013-10-25 00:00:00+09:00,8106.617375028306,8262.140010520456,8048.29638671875,8048.29638671875,15063,0.0,0.0
2013-10-28 00:00:00+09:00,8096.897560348054,8223.259707148203,8058.016899794162,8116.337890625,15714,0.0,0.0
2013-10-29 00:00:00+09:00,8067.736564867424,8096.897058475379,7970.534919507576,8019.1357421875,25849,0.0,0.0
2013-10-30 00:00:00+09:00,8019.136329660105,8077.457321148541,7999.695999163959,8038.57666015625,19795,0.0,0.0
2013-10-31 00:00:00+09:00,8019.135992211031,8194.098959313818,8019.135992211031,8067.73681640625,24118,0.0,0.0
2013-11-01 00:00:00+09:00,8126.057855746089,8174.658680242178,8028.8562067539115,8077.45703125,18965,0.0,0.0
2013-11-04 00:00:00+09:00,8077.457230071108,8145.498386040419,8038.576569517215,8116.337890625,15196,0.0,0.0
2013-11-05 00:00:00+09:00,8116.337790975765,8232.979771205357,8096.8974609375,8096.8974609375,26611,0.0,0.0
2013-11-06 00:00:00+09:00,8067.736692462367,8232.9794921875,7921.934222116662,8232.9794921875,51416,0.0,0.0
2013-11-07 00:00:00+09:00,8349.62201388377,8349.62201388377,8087.1775501179245,8242.7001953125,32544,0.0,0.0
2013-11-08 00:00:00+09:00,8262.140164335138,8262.140164335138,8048.296536552347,8077.45703125,22031,0.0,0.0
2013-11-11 00:00:00+09:00,8058.016400331439,8116.337387547349,7844.172780539773,8019.1357421875,26756,0.0,0.0
2013-11-12 00:00:00+09:00,8058.016678627851,8058.016678627851,7824.732721707383,7883.0537109375,26068,0.0,0.0
2013-11-13 00:00:00+09:00,7902.4939528245195,7902.4939528245195,7513.6873622796475,7581.728515625,58769,0.0,0.0
2013-11-14 00:00:00+09:00,7581.728540039063,7785.852000732422,7562.288210449219,7776.1318359375,16140,0.0,0.0
2013-11-15 00:00:00+09:00,7756.691518373843,7912.21415533372,7708.0906943238815,7873.33349609375,34676,0.0,0.0
2013-11-18 00:00:00+09:00,7883.053800323981,7941.374790215403,7776.131985523039,7805.29248046875,14602,0.0,0.0
2013-11-19 00:00:00+09:00,7785.852231165406,7892.774047074045,7523.407773935111,7630.32958984375,31153,0.0,0.0
2013-11-20 00:00:00+09:00,7805.292368738148,7824.732698423673,7610.889071882902,7688.650390625,18754,0.0,0.0
2013-11-21 00:00:00+09:00,7698.370745421975,7785.852231165406,7620.609424761146,7630.32958984375,13776,0.0,0.0
2013-11-22 00:00:00+09:00,7678.930213918454,7756.6915325404125,7542.847906330026,7591.44873046875,16573,0.0,0.0
2013-11-25 00:00:00+09:00,7591.448879942602,7659.49003507653,7581.728714923469,7620.609375,8018,0.0,0.0
2013-11-26 00:00:00+09:00,7678.930025015883,7678.930025015883,7591.448543718234,7649.76953125,8152,0.0,0.0
2013-11-27 00:00:00+09:00,7678.930125653517,7688.650290369534,7640.049466789448,7669.2099609375,4855,0.0,0.0
2013-11-28 00:00:00+09:00,7669.210060939476,7717.810885153287,7591.448742197377,7688.650390625,15934,0.0,0.0
2013-11-29 00:00:00+09:00,7727.531160613519,7815.0126454506535,7698.370665667809,7805.29248046875,12030,0.0,0.0
2013-12-02 00:00:00+09:00,7824.73291015625,7824.73291015625,7708.090928886841,7824.73291015625,15062,0.0,0.0
2013-12-03 00:00:00+09:00,7785.851813910322,7834.45263671875,7717.810661978521,7834.45263671875,9641,0.0,0.0
2013-12-04 00:00:00+09:00,7776.131699194548,7853.893016186494,7756.691369946561,7844.1728515625,9889,0.0,0.0
2013-12-05 00:00:00+09:00,7883.053900790956,7883.053900790956,7776.132084627329,7824.73291015625,8064,0.0,0.0
2013-12-06 00:00:00+09:00,7883.053900790956,7883.053900790956,7746.971589309977,7824.73291015625,8186,0.0,0.0
2013-12-09 00:00:00+09:00,7805.292549207373,8009.416015625,7727.531228667324,8009.416015625,15632,0.0,0.0
2013-12-10 00:00:00+09:00,8058.016666788584,8058.016666788584,7776.1318859238445,7785.85205078125,10585,0.0,0.0
2013-12-11 00:00:00+09:00,7746.971589309977,7892.77406589674,7746.971589309977,7824.73291015625,5829,0.0,0.0
2013-12-12 00:00:00+09:00,7581.7283581149195,7844.172801280436,7581.7283581149195,7834.45263671875,10495,0.0,0.0
2013-12-13 00:00:00+09:00,7853.893305378269,7853.893305378269,7717.810995631616,7805.29248046875,4379,0.0,0.0
2013-12-16 00:00:00+09:00,7766.41148478695,7853.892965842122,7678.930003731778,7834.45263671875,15937,0.0,0.0
2013-12-17 00:00:00+09:00,7883.053459527179,7883.053459527179,7746.971155663578,7834.45263671875,2255,0.0,0.0
2013-12-18 00:00:00+09:00,7824.73291015625,7834.453075262035,7746.971589309977,7824.73291015625,3853,0.0,0.0
2013-12-19 00:00:00+09:00,7785.851813910322,7883.053459527179,7785.851813910322,7834.45263671875,9884,0.0,0.0
2013-12-20 00:00:00+09:00,7756.6913202252645,7863.613130403808,7746.971155663578,7834.45263671875,3583,0.0,0.0
2013-12-23 00:00:00+09:00,7815.012942772713,7863.61376953125,7776.132281365884,7863.61376953125,6746,0.0,0.0
2013-12-24 00:00:00+09:00,7863.613331283758,7873.33349609375,7776.131847993827,7873.33349609375,10244,0.0,0.0
2013-12-26 00:00:00+09:00,7834.452836853781,7902.493990523727,7785.85201280382,7873.33349609375,6832,0.0,0.0
2013-12-27 00:00:00+09:00,7912.700288660386,8030.80029296875,7893.016954608992,8030.80029296875,11324,100.0,0.0
2013-12-30 00:00:00+09:00,8070.166862217644,8089.850196027931,7971.750193166209,8060.3251953125,8330,0.0,0.0
2014-01-02 00:00:00+09:00,8020.958365925407,8080.008366165348,7932.383365565494,8011.11669921875,9890,0.0,0.0
2014-01-03 00:00:00+09:00,7971.750130047781,8030.800131011098,7932.383462738902,7981.591796875,7807,0.0,0.0
2014-01-06 00:00:00+09:00,7883.175194583721,7991.433530589241,7873.333527674129,7912.7001953125,10000,0.0,0.0
2014-01-07 00:00:00+09:00,7873.333527674129,7912.7001953125,7824.125193126166,7912.7001953125,8399,0.0,0.0
2014-01-08 00:00:00+09:00,7883.175064942015,7952.066732176215,7853.650064698786,7902.8583984375,9239,0.0,0.0
2014-01-09 00:00:00+09:00,7902.858236878267,8011.116568890298,7794.599904866236,8001.27490234375,19290,0.0,0.0
2014-01-10 00:00:00+09:00,8030.800128631961,8257.15846559095,7312.358450457778,8129.216796875,36736,0.0,0.0
2014-01-13 00:00:00+09:00,8119.375358507472,8188.26702821602,8050.483688798923,8109.53369140625,27386,0.0,0.0
2014-01-14 00:00:00+09:00,8050.483524898831,8227.63352911421,8050.483524898831,8207.9501953125,25476,0.0,0.0
2014-01-15 00:00:00+09:00,8267.00045790969,8286.683792333284,8168.583785791717,8227.6337890625,29424,0.0,0.0
2014-01-16 00:00:00+09:00,8286.683071673628,8306.366404385442,8198.108074470465,8247.31640625,21956,0.0,0.0
2014-01-17 00:00:00+09:00,8247.316666666666,8267.0,8158.741666666667,8267.0,11076,0.0,0.0
2014-01-20 00:00:00+09:00,8257.158397746536,8355.575065180941,8247.316731003095,8345.7333984375,31240,0.0,0.0
2014-01-21 00:00:00+09:00,8345.73385663507,8375.258858486373,8178.425512811019,8306.3671875,16754,0.0,0.0
2014-01-22 00:00:00+09:00,8306.36683217244,8335.89183276073,8119.375161779932,8168.58349609375,17172,0.0,0.0
2014-01-23 00:00:00+09:00,8129.216926768439,8227.633596584039,7971.750255063482,8139.05859375,23618,0.0,0.0
2014-01-24 00:00:00+09:00,8089.849903051404,8178.4249019899235,8070.166569953955,8148.89990234375,21589,0.0,0.0
2014-01-27 00:00:00+09:00,8217.7919921875,8247.316993357035,8139.058655735404,8217.7919921875,53371,0.0,0.0
2014-01-28 00:00:00+09:00,8217.79156818482,8247.316567830994,8060.324903405231,8148.89990234375,29241,0.0,0.0
2014-01-29 00:00:00+09:00,8099.691859403103,8217.791862213355,8080.0085256013945,8207.9501953125,29400,0.0,0.0
2014-02-03 00:00:00+09:00,8207.950325130987,8217.7919921875,8109.533654565868,8217.7919921875,23620,0.0,0.0
2014-02-04 00:00:00+09:00,8168.583365924683,8227.633366160284,8020.958365335682,8158.74169921875,46519,0.0,0.0
2014-02-05 00:00:00+09:00,8207.949934739334,8266.999934269832,8109.533268855169,8188.2666015625,43973,0.0,0.0
2014-02-06 00:00:00+09:00,8148.900451368122,8286.683792333284,8070.167113673744,8227.6337890625,37276,0.0,0.0
2014-02-07 00:00:00+09:00,8227.6337890625,8237.475456274298,8119.375449732731,8227.6337890625,11806,0.0,0.0
2014-02-10 00:00:00+09:00,8247.316852869028,8650.8251953125,8148.900183980376,8650.8251953125,95298,0.0,0.0
2014-02-11 00:00:00+09:00,8709.874806002736,8837.816469819725,8670.508140212893,8768.9248046875,61252,0.0,0.0
2014-02-12 00:00:00+09:00,8798.450462453888,8837.817131189699,8631.14212032669,8670.5087890625,30597,0.0,0.0
2014-02-13 00:00:00+09:00,8670.508849479753,8749.2421875,8670.508849479753,8749.2421875,15096,0.0,0.0
2014-02-14 00:00:00+09:00,8788.608528427363,8867.34186350846,8719.716860231403,8798.4501953125,23997,0.0,0.0
2014-02-17 00:00:00+09:00,8857.50006453056,8946.075065175868,8768.925063885255,8936.2333984375,71564,0.0,0.0
2014-02-18 00:00:00+09:00,8857.499871786105,9054.333202270242,8857.499871786105,8995.283203125,56239,0.0,0.0
2014-02-19 00:00:00+09:00,9034.650520266594,9044.4921875,8906.708846232317,9044.4921875,42149,0.0,0.0
2014-02-20 00:00:00+09:00,8985.441348805147,9280.691338360628,8955.916349849598,9201.9580078125,54452,0.0,0.0
2014-02-21 00:00:00+09:00,9290.533004679144,9290.533004679144,9123.224677264372,9201.9580078125,50334,0.0,0.0
2014-02-24 00:00:00+09:00,9231.483065785871,9231.483065785871,8955.916407105695,8985.44140625,41953,0.0,0.0
2014-02-25 00:00:00+09:00,8985.441666666666,9152.75,8955.916666666666,9152.75,33558,0.0,0.0
2014-02-26 00:00:00+09:00,8995.283398867703,9113.38339972811,8660.666729763216,8936.2333984375,92635,0.0,0.0
2014-02-27 00:00:00+09:00,8936.2333984375,8955.916731914234,8749.241730408521,8936.2333984375,27854,0.0,0.0
2014-02-28 00:00:00+09:00,8955.916666666666,9014.966666666667,8906.708333333334,9005.125,24402,0.0,0.0
2014-03-03 00:00:00+09:00,9103.542129399355,9103.542129399355,8887.025451727155,8965.7587890625,11387,0.0,0.0
2014-03-04 00:00:00+09:00,8955.916997643157,9014.96699982542,8729.558655944484,8808.2919921875,44688,0.0,0.0
2014-03-05 00:00:00+09:00,8798.450262471815,8896.866932074408,8621.300257187148,8729.55859375,63996,0.0,0.0
2014-03-06 00:00:00+09:00,8709.87520005968,8788.608535201462,8463.83352774161,8503.2001953125,67247,0.0,0.0
2014-03-07 00:00:00+09:00,8562.250321821733,8709.875327370384,8562.250321821733,8660.6669921875,50894,0.0,0.0
2014-03-10 00:00:00+09:00,8660.666537047511,8739.399869202489,8542.566538815045,8700.033203125,134677,0.0,0.0
2014-03-11 00:00:00+09:00,8739.400130502258,8788.6084645704,8640.98346236597,8719.716796875,35179,0.0,0.0
2014-03-12 00:00:00+09:00,8719.716994406961,8798.450330699574,8473.675318492542,8660.6669921875,39297,0.0,0.0
2014-03-13 00:00:00+09:00,8581.933784406923,8700.03379061436,8581.933784406923,8670.5087890625,27441,0.0,0.0
2014-03-14 00:00:00+09:00,8709.875193346266,8827.97519596791,8709.875193346266,8798.4501953125,42963,0.0,0.0
2014-03-17 00:00:00+09:00,8808.292191015185,8808.292191015185,8660.667182227222,8749.2421875,27250,0.0,0.0
2014-03-18 00:00:00+09:00,8739.399675210674,8768.924674113412,8650.824678502458,8759.0830078125,25521,0.0,0.0
2014-03-19 00:00:00+09:00,8808.292060370919,8808.292060370919,8650.825386665963,8739.400390625,30943,0.0,0.0
2014-03-20 00:00:00+09:00,8729.558661443536,8759.083662553267,8660.6669921875,8660.6669921875,11785,0.0,0.0
2014-03-21 00:00:00+09:00,8621.299674107142,8690.191338169643,8581.93300892857,8611.4580078125,35638,0.0,0.0
2014-03-24 00:00:00+09:00,8611.4580078125,8660.666339285714,8562.249676339285,8611.4580078125,26996,0.0,0.0
2014-03-25 00:00:00+09:00,8611.458657004616,8709.875327370384,8562.250321821733,8660.6669921875,32940,0.0,0.0
2014-03-26 00:00:00+09:00,8660.666795993227,8739.400130502258,8601.616795111455,8719.716796875,29934,0.0,0.0
2014-03-27 00:00:00+09:00,8729.55839800007,8818.133398656215,8690.191731041783,8788.6083984375,31334,0.0,0.0
2014-03-28 00:00:00+09:00,8837.817175598477,9113.383858133842,8798.450506664853,9044.4921875,39926,0.0,0.0
2014-03-31 00:00:00+09:00,9152.750332675138,9152.750332675138,8946.075325163118,8955.9169921875,21709,0.0,0.0
2014-04-01 00:00:00+09:00,8946.075462341309,8995.283798217773,8798.450454711914,8818.1337890625,19379,0.0,0.0
2014-04-02 00:00:00+09:00,8818.133201357467,8906.708200031815,8640.983204008768,8700.033203125,21650,0.0,0.0
2014-04-03 00:00:00+09:00,8700.033597333715,8700.033597333715,8552.408592854072,8581.93359375,24413,0.0,0.0
2014-04-04 00:00:00+09:00,8542.56640625,8719.716400849655,8453.991408950173,8542.56640625,28728,0.0,0.0
2014-04-07 00:00:00+09:00,8463.83352774161,8532.725195990668,8414.625193277994,8503.2001953125,20843,0.0,0.0
2014-04-08 00:00:00+09:00,8424.466796875,8473.675130968895,8345.733462324766,8424.466796875,28955,0.0,0.0
2014-04-09 00:00:00+09:00,8385.100192599826,8562.250196668838,8385.100192599826,8503.2001953125,8000,0.0,0.0
2014-04-10 00:00:00+09:00,8503.199999999999,8542.566666666666,8316.208333333334,8414.625,30495,0.0,0.0
2014-04-11 00:00:00+09:00,8365.416534751192,8404.78320079708,8168.583204521752,8257.158203125,50313,0.0,0.0
2014-04-14 00:00:00+09:00,8227.633647940753,8680.350331918353,8227.633647940753,8513.0419921875,122659,0.0,0.0
2014-04-15 00:00:00+09:00,8650.82533078938,8709.875333047326,8503.20032514451,8513.0419921875,49563,0.0,0.0
2014-04-16 00:00:00+09:00,8513.04219113795,8562.25052750291,8365.417182043073,8453.9921875,96543,0.0,0.0
2014-04-17 00:00:00+09:00,8453.991730361973,8749.24173258649,8453.991730361973,8640.9833984375,72508,0.0,0.0
2014-04-18 00:00:00+09:00,8700.033004464285,8700.033004464285,8522.883011160715,8611.4580078125,41019,0.0,0.0
2014-04-21 00:00:00+09:00,8572.092125027064,8650.825462570367,8522.8837890625,8522.8837890625,25402,0.0,0.0
2014-04-22 00:00:00+09:00,8581.933333333332,8729.558333333332,8513.041666666666,8709.875,74232,0.0,0.0
2014-04-23 00:00:00+09:00,8749.241990005237,8975.60033170391,8749.241990005237,8808.2919921875,101325,0.0,0.0
2014-04-24 00:00:00+09:00,8867.341405380012,8936.233070016704,8729.558076106625,8837.81640625,30990,0.0,0.0
2014-04-25 00:00:00+09:00,8877.183202690489,8877.183202690489,8729.558204863042,8847.658203125,11239,0.0,0.0
2014-04-28 00:00:00+09:00,8778.767180586283,8906.708854742808,8778.767180586283,8896.8671875,24887,0.0,0.0
2014-04-29 00:00:00+09:00,8877.183792114258,8916.55046081543,8700.033782958984,8818.1337890625,15767,0.0,0.0
2014-04-30 00:00:00+09:00,8818.13326793722,8877.1832674993,8768.92493496882,8778.7666015625,25483,0.0,0.0
2014-05-02 00:00:00+09:00,8768.92538543397,8936.233726121261,8768.92538543397,8887.025390625,16081,0.0,0.0
2014-05-07 00:00:00+09:00,8877.183640788613,9428.316993210079,8877.183640788613,9398.7919921875,159086,0.0,0.0
2014-05-08 00:00:00+09:00,9448.0,9743.25,9359.425,9595.625,199102,0.0,0.0
2014-05-09 00:00:00+09:00,9526.732979283708,10333.749615958568,8690.19134370611,8759.0830078125,477095,0.0,0.0
2014-05-12 00:00:00+09:00,8887.025307796139,9408.633659195026,8709.875301660668,9398.7919921875,377772,0.0,0.0
2014-05-13 00:00:00+09:00,9526.733397444048,9831.825066163849,9526.733397444048,9674.3583984375,184733,0.0,0.0
2014-05-14 00:00:00+09:00,9723.566978913836,10186.125327101032,9526.733639259708,10136.9169921875,159451,0.0,0.0
2014-05-15 00:00:00+09:00,10136.916666666666,10186.125,9831.824999999999,9890.875,82608,0.0,0.0
2014-05-16 00:00:00+09:00,9940.083333333332,9940.083333333332,9644.833333333332,9890.875,35999,0.0,0.0
2014-05-19 00:00:00+09:00,9890.874799909212,9940.08313224707,9625.149805284786,9654.6748046875,31186,0.0,0.0
2014-05-20 00:00:00+09:00,9723.567137650367,9723.567137650367,9379.108787632387,9408.6337890625,42448,0.0,0.0
2014-05-21 00:00:00+09:00,9477.525304346178,10481.375336582221,9448.00030339806,10136.9169921875,288729,0.0,0.0
2014-05-22 00:00:00+09:00,9989.291339534344,10136.916334699878,9841.666344368812,9940.0830078125,77711,0.0,0.0
2014-05-23 00:00:00+09:00,9940.083862550302,9940.083862550302,9595.625510877768,9782.6171875,78789,0.0,0.0
2014-05-26 00:00:00+09:00,9654.674674147003,9890.874666175065,9585.783009805486,9644.8330078125,37161,0.0,0.0
2014-05-27 00:00:00+09:00,9684.199668069949,9684.199668069949,9418.474677177785,9497.2080078125,39838,0.0,0.0
2014-05-28 00:00:00+09:00,9536.574999999999,9536.574999999999,9123.225,9152.75,59235,0.0,0.0
2014-05-29 00:00:00+09:00,9152.74973902209,9418.474731445312,9074.016407933728,9133.06640625,26550,0.0,0.0
2014-05-30 00:00:00+09:00,9152.750064548907,9369.266732742537,9093.700064132463,9231.4833984375,30409,0.0,0.0
2014-06-02 00:00:00+09:00,9280.69221913667,9349.583889904387,8749.2421875,8749.2421875,59820,0.0,0.0
2014-06-03 00:00:00+09:00,8759.083466382031,8759.083466382031,8473.675128713405,8572.091796875,36552,0.0,0.0
2014-06-05 00:00:00+09:00,8542.566935124703,8611.458603956353,8276.84192677405,8286.68359375,39950,0.0,0.0
2014-06-09 00:00:00+09:00,8266.99987192623,8493.35820175278,8266.99987192623,8404.783203125,31002,0.0,0.0
2014-06-10 00:00:00+09:00,8414.625,8877.183333333332,8414.625,8857.5,46210,0.0,0.0
2014-06-11 00:00:00+09:00,8887.024866993072,8887.024866993072,8640.983204008768,8700.033203125,16973,0.0,0.0
2014-06-12 00:00:00+09:00,8759.083527771953,8808.291862197637,8562.250190069211,8798.4501953125,18852,0.0,0.0
2014-06-13 00:00:00+09:00,8749.241601781461,8827.9749345309,8680.349935625702,8778.7666015625,4343,0.0,0.0
2014-06-16 00:00:00+09:00,8788.60800111607,8837.816332589286,8522.883011160715,8611.4580078125,22173,0.0,0.0
2014-06-17 00:00:00+09:00,8611.458333333334,8709.875,8562.25,8709.875,30903,0.0,0.0
2014-06-18 00:00:00+09:00,8719.716796875,8749.241797315886,8572.09179467057,8719.716796875,23794,0.0,0.0
2014-06-19 00:00:00+09:00,8719.716732364039,8778.766732808941,8611.458398215049,8640.9833984375,47592,0.0,0.0
2014-06-20 00:00:00+09:00,8640.983144056981,8926.39147113859,8631.14147760589,8916.5498046875,52541,0.0,0.0
2014-06-23 00:00:00+09:00,8906.708706240111,9615.308735907833,8867.342037925238,9329.900390625,132226,0.0,0.0
2014-06-24 00:00:00+09:00,9329.900323134816,9448.00032722513,9152.750316999345,9398.7919921875,42114,0.0,0.0
2014-06-25 00:00:00+09:00,9447.999676165802,9634.99133642325,9339.741346543069,9497.2080078125,40832,0.0,0.0
2014-06-26 00:00:00+09:00,9526.7333984375,9595.62506557496,9398.7917308965,9526.7333984375,27456,0.0,0.0
2014-06-27 00:00:00+09:00,9595.624865515758,9595.624865515758,9261.008203538797,9290.533203125,11611,0.0,0.0
2014-06-30 00:00:00+09:00,9300.375383323599,9516.892058914202,9300.375383323599,9477.525390625,13765,0.0,0.0
2014-07-01 00:00:00+09:00,9644.833200273722,9644.833200273722,9300.374871692518,9438.158203125,15998,0.0,0.0
2014-07-02 00:00:00+09:00,9487.366535779458,9487.366535779458,9251.16653903806,9438.158203125,16904,0.0,0.0
2014-07-03 00:00:00+09:00,9487.366602755856,9792.4582673673,9487.366602755856,9664.5166015625,63782,0.0,0.0
2014-07-04 00:00:00+09:00,9792.458594537551,9989.29193312122,9634.991923670616,9762.93359375,71088,0.0,0.0
2014-07-07 00:00:00+09:00,9772.775132476307,9890.875134077229,9585.783463274847,9605.466796875,25575,0.0,0.0
2014-07-08 00:00:00+09:00,9605.46724607396,9762.933922239108,9497.208906210422,9713.7255859375,21252,0.0,0.0
2014-07-09 00:00:00+09:00,9753.091994170369,9890.875332130394,9546.41698723033,9694.0419921875,22847,0.0,0.0
2014-07-10 00:00:00+09:00,9654.674688452744,10136.916339557927,9625.149689405489,10087.7080078125,98993,0.0,0.0
2014-07-11 00:00:00+09:00,10136.916666666666,11022.666666666666,10038.5,10924.25,255723,0.0,0.0
2014-07-14 00:00:00+09:00,11022.667001146789,11219.500340452982,10727.4169921875,10727.4169921875,107581,0.0,0.0
2014-07-15 00:00:00+09:00,10825.832978805694,10924.249642249382,9841.666344368812,9940.0830078125,226312,0.0,0.0
2014-07-16 00:00:00+09:00,9989.291666666666,10136.916666666666,9674.358333333334,10038.5,68048,0.0,0.0
2014-07-17 00:00:00+09:00,10087.7080078125,10432.166330030488,9989.291344321648,10087.7080078125,87248,0.0,0.0
2014-07-18 00:00:00+09:00,9940.083017202523,10284.54133958083,9841.666353665865,10235.3330078125,53321,0.0,0.0
2014-07-21 00:00:00+09:00,10432.166996860047,10530.583666641745,10235.333657296651,10284.5419921875,42093,0.0,0.0
2014-07-22 00:00:00+09:00,10284.541996928096,10382.958666755158,9989.291987446906,10136.9169921875,31144,0.0,0.0
2014-07-23 00:00:00+09:00,10284.541666666666,10284.541666666666,9890.875,10038.5,49596,0.0,0.0
2014-07-24 00:00:00+09:00,10087.708333333332,10087.708333333332,9654.675,9890.875,38770,0.0,0.0
2014-07-25 00:00:00+09:00,9841.666532982546,9841.666532982546,9585.783203125,9585.783203125,21311,0.0,0.0
2014-07-28 00:00:00+09:00,9585.783790470521,9792.458800326662,9546.417121926494,9556.2587890625,33175,0.0,0.0
2014-07-29 00:00:00+09:00,9595.62533764129,9634.992005693151,9172.433656083776,9251.1669921875,35761,0.0,0.0
2014-07-30 00:00:00+09:00,9447.999869655892,9447.999869655892,9152.749873729144,9438.158203125,16084,0.0,0.0
2014-07-31 00:00:00+09:00,9438.158004728619,9438.158004728619,9083.858017064143,9349.5830078125,33897,0.0,0.0
2014-08-01 00:00:00+09:00,9152.750126008064,9487.366797281478,9152.750126008064,9457.841796875,12956,0.0,0.0
2014-08-04 00:00:00+09:00,9536.574667968749,9536.574667968749,9300.374676192434,9349.5830078125,8673,0.0,0.0
2014-08-05 00:00:00+09:00,9349.583924246948,9408.633927979034,9192.117247628052,9270.8505859375,11214,0.0,0.0
2014-08-06 00:00:00+09:00,9280.692209969578,9280.692209969578,8808.292182314712,8896.8671875,53956,0.0,0.0
2014-08-07 00:00:00+09:00,8955.916731914234,9054.333399297908,8837.816731053827,8936.2333984375,9454,0.0,0.0
2014-08-08 00:00:00+09:00,8936.233669211648,8936.233669211648,8503.200319602272,8660.6669921875,60216,0.0,0.0
2014-08-11 00:00:00+09:00,8660.666339285714,8827.974666294642,8611.4580078125,8611.4580078125,12211,0.0,0.0
2014-08-12 00:00:00+09:00,8700.033333333333,8700.033333333333,8444.15,8562.25,14919,0.0,0.0
2014-08-13 00:00:00+09:00,8700.033132803426,8700.033132803426,8463.833138247677,8473.6748046875,12873,0.0,0.0
2014-08-14 00:00:00+09:00,8591.774733477432,8591.774733477432,8306.366408997656,8394.94140625,48254,0.0,0.0
2014-08-18 00:00:00+09:00,8394.941603344141,8709.874934301954,8394.941603344141,8631.1416015625,33489,0.0,0.0
2014-08-19 00:00:00+09:00,8503.200169427711,8503.200169427711,8070.166827466114,8168.58349609375,103706,0.0,0.0
2014-08-20 00:00:00+09:00,8089.850332395186,8257.158672602873,7843.808655619177,7922.5419921875,69268,0.0,0.0
2014-08-21 00:00:00+09:00,7922.541862222092,7991.433530589241,7774.916858578203,7912.7001953125,54925,0.0,0.0
2014-08-22 00:00:00+09:00,7902.858528402907,8050.483532046796,7784.758525487795,7912.7001953125,42072,0.0,0.0
2014-08-25 00:00:00+09:00,7971.750358515528,8001.275359843364,7824.125351876352,7961.90869140625,25704,0.0,0.0
2014-08-26 00:00:00+09:00,7961.908494895513,8050.483496692868,7853.650159365414,8020.95849609375,28243,0.0,0.0
2014-08-27 00:00:00+09:00,7952.066764443928,8060.325099108388,7863.491763354826,7942.22509765625,27523,0.0,0.0
2014-08-28 00:00:00+09:00,7952.066634033808,8070.166633549162,7873.333301023573,7932.38330078125,34703,0.0,0.0
2014-08-29 00:00:00+09:00,7912.699967528691,7971.749967286368,7696.183301750542,7932.38330078125,34672,0.0,0.0
2014-09-01 00:00:00+09:00,7912.70016994724,7912.70016994724,7528.8751617035305,7578.08349609375,51048,0.0,0.0
2014-09-02 00:00:00+09:00,7519.033654233871,7627.2919921875,7361.566980846775,7627.2919921875,98255,0.0,0.0
2014-09-03 00:00:00+09:00,7617.450248229679,7991.43359375,7617.450248229679,7991.43359375,71151,0.0,0.0
2014-09-04 00:00:00+09:00,8030.799936147837,8188.2666015625,7912.699937086839,8188.2666015625,54088,0.0,0.0
2014-09-05 00:00:00+09:00,8148.900063568691,8365.41673192438,8070.166729621167,8345.7333984375,39564,0.0,0.0
2014-09-11 00:00:00+09:00,8316.208138251699,8385.099803302304,8178.4248081504875,8326.0498046875,29794,0.0,0.0
2014-09-12 00:00:00+09:00,8316.208668778581,8316.208668778581,7883.175317978277,8070.1669921875,42377,0.0,0.0
2014-09-15 00:00:00+09:00,8070.166862217644,8119.375196743361,7774.916855063339,8060.3251953125,32778,0.0,0.0
2014-09-16 00:00:00+09:00,8040.64199099657,8070.1669921875,7774.916980278201,8070.1669921875,24482,0.0,0.0
2014-09-17 00:00:00+09:00,8020.958430157961,8119.37509801266,7991.433429801551,8089.85009765625,9553,0.0,0.0
2014-09-18 00:00:00+09:00,8099.691567809233,8099.691567809233,7922.541569971364,8001.27490234375,15807,0.0,0.0
2014-09-19 00:00:00+09:00,8001.275197498833,8050.483532046796,7843.808526945351,7912.7001953125,21733,0.0,0.0
2014-09-22 00:00:00+09:00,7824.125032389119,7883.175032633565,7676.500031778003,7863.49169921875,31271,0.0,0.0
2014-09-23 00:00:00+09:00,7745.391795402796,7902.858464686715,7745.391795402796,7833.966796875,3412,0.0,0.0
2014-09-24 00:00:00+09:00,7725.708237267975,7883.174901976621,7725.708237267975,7853.64990234375,9410,0.0,0.0
2014-09-25 00:00:00+09:00,7883.175131026225,7883.175131026225,7794.60012955402,7833.966796875,5687,0.0,0.0
2014-09-26 00:00:00+09:00,7833.966796875,7912.70013151696,7676.500127591081,7833.966796875,7721,0.0,0.0
2014-09-29 00:00:00+09:00,7902.8586642108385,7902.8586642108385,7706.025322636472,7774.9169921875,9076,0.0,0.0
2014-09-30 00:00:00+09:00,7765.0749347303845,7824.124934234038,7706.024935226731,7745.3916015625,9011,0.0,0.0
2014-10-01 00:00:00+09:00,7784.758398685359,7873.333399428934,7578.083396950349,7755.2333984375,14525,0.0,0.0
2014-10-02 00:00:00+09:00,7774.916830463774,7774.916830463774,7617.450160479698,7725.70849609375,11925,0.0,0.0
2014-10-06 00:00:00+09:00,7725.708620450024,7883.17529296875,7637.13361715824,7883.17529296875,14499,0.0,0.0
2014-10-07 00:00:00+09:00,7922.541568153783,7922.541568153783,7784.7582365337175,7853.64990234375,13789,0.0,0.0
2014-10-08 00:00:00+09:00,7843.8083005343315,7853.649967159845,7725.708301028168,7784.75830078125,9523,0.0,0.0
2014-10-10 00:00:00+09:00,7696.18359375,7774.916929747443,7578.083589753836,7696.18359375,11570,0.0,0.0
2014-10-13 00:00:00+09:00,7696.183463708387,7755.233464708707,7469.825126540493,7686.341796875,22944,0.0,0.0
2014-10-14 00:00:00+09:00,7528.875064430385,7706.025065946394,7381.250063167044,7607.6083984375,10746,0.0,0.0
2014-10-15 00:00:00+09:00,7528.875290688838,7607.608627062054,7509.191956595533,7587.92529296875,6803,0.0,0.0
2014-10-16 00:00:00+09:00,7479.666961185516,7656.8169681609625,7322.200288318452,7440.30029296875,23410,0.0,0.0
2014-10-17 00:00:00+09:00,7381.250223982225,7538.716895427179,7302.516888259748,7509.19189453125,34281,0.0,0.0
2014-10-20 00:00:00+09:00,7538.716571130668,7725.708235427643,7489.508238420937,7706.02490234375,17706,0.0,0.0
2014-10-21 00:00:00+09:00,7676.50025975064,7765.075262747762,7627.291924752239,7696.18359375,5428,0.0,0.0
2014-10-22 00:00:00+09:00,7755.233595748082,7853.6502657448855,7696.18359375,7696.18359375,7832,0.0,0.0
2014-10-23 00:00:00+09:00,7696.183492431641,7981.591831665039,7696.183492431641,7873.33349609375,46216,0.0,0.0
2014-10-24 00:00:00+09:00,7883.174967649852,7991.433300538926,7824.124967892176,7932.38330078125,28822,0.0,0.0
2014-10-27 00:00:00+09:00,7922.541666666666,8001.275,7922.541666666666,7971.75,7825,0.0,0.0
2014-10-28 00:00:00+09:00,7991.433365805436,8011.11669921875,7578.083364125844,8011.11669921875,69167,0.0,0.0
2014-10-29 00:00:00+09:00,8020.958631422636,8020.958631422636,7873.3336259363305,7883.17529296875,44017,0.0,0.0
2014-10-30 00:00:00+09:00,7794.600289676967,7932.383628130852,7794.600289676967,7883.17529296875,17546,0.0,0.0
2014-10-31 00:00:00+09:00,7893.0168614933145,7952.06686295087,7794.600192397388,7912.7001953125,18837,0.0,0.0
2014-11-03 00:00:00+09:00,7932.383529131685,7932.383529131685,7794.600192397388,7912.7001953125,11489,0.0,0.0
2014-11-04 00:00:00+09:00,7942.225295163273,7942.225295163273,7833.966957806649,7883.17529296875,17888,0.0,0.0
2014-11-05 00:00:00+09:00,7893.0166015625,7932.383267904457,7843.808268635053,7893.0166015625,21103,0.0,0.0
2014-11-06 00:00:00+09:00,7863.491666666667,7971.75,7824.125,7971.75,19982,0.0,0.0
2014-11-07 00:00:00+09:00,7971.749904466712,8178.4249019899235,7893.016572076917,8148.89990234375,67203,0.0,0.0
2014-11-10 00:00:00+09:00,8089.850320452844,8227.633659244011,8070.16698633982,8217.7919921875,11838,0.0,0.0
2014-11-11 00:00:00+09:00,8139.05859375,8217.79192960248,7942.225254118803,8139.05859375,33029,0.0,0.0
2014-11-12 00:00:00+09:00,8109.533463226392,8168.583464172216,7942.225127213226,8129.216796875,11279,0.0,0.0
2014-11-13 00:00:00+09:00,8099.692115309136,8247.317123486095,8070.167113673744,8227.6337890625,14938,0.0,0.0
2014-11-14 00:00:00+09:00,8198.108658074476,8326.050329809132,8119.37532162238,8217.7919921875,60753,0.0,0.0
2014-11-17 00:00:00+09:00,8316.20892487119,8316.20892487119,8148.900579637097,8237.4755859375,5970,0.0,0.0
2014-11-18 00:00:00+09:00,8267.00032747006,8267.00032747006,7824.125309927021,8217.7919921875,5308,0.0,0.0
2014-11-19 00:00:00+09:00,8168.58349609375,8247.316830995858,8089.850161191642,8168.58349609375,46727,0.0,0.0
2014-11-20 00:00:00+09:00,8168.583527709083,8207.9501953125,8080.0085256013945,8207.9501953125,7258,0.0,0.0
2014-11-21 00:00:00+09:00,8168.583785791717,8237.475456274298,8099.692115309136,8227.6337890625,8631,0.0,0.0
2014-11-24 00:00:00+09:00,8217.791666666666,8267.0,8060.325,8267.0,53624,0.0,0.0
2014-11-25 00:00:00+09:00,8168.583333333333,8267.0,8129.216666666666,8267.0,6387,0.0,0.0
2014-11-26 00:00:00+09:00,8188.266959987966,8237.475295084048,8119.3752908534525,8178.42529296875,4893,0.0,0.0
2014-11-27 00:00:00+09:00,8129.216957872669,8178.42529296875,8070.1669557573705,8178.42529296875,5794,0.0,0.0
2014-11-28 00:00:00+09:00,8109.53343122719,8158.741765154539,8011.116763372491,8089.85009765625,9033,0.0,0.0
2014-12-01 00:00:00+09:00,8080.008333333333,8158.741666666667,8011.116666666667,8119.375,69282,0.0,0.0
2014-12-02 00:00:00+09:00,8070.16685870054,8237.475196015062,8070.16685870054,8207.9501953125,16289,0.0,0.0
2014-12-03 00:00:00+09:00,8237.475164133095,8286.683498446913,8080.0084943288775,8168.58349609375,10267,0.0,0.0
2014-12-04 00:00:00+09:00,8080.008653396332,8247.316993357035,8060.325319283308,8217.7919921875,52551,0.0,0.0
2014-12-05 00:00:00+09:00,8178.425162956513,8227.633497270332,8148.9001623682225,8168.58349609375,7528,0.0,0.0
2014-12-08 00:00:00+09:00,8080.00823650268,8168.583235441199,8060.324903405231,8148.89990234375,49247,0.0,0.0
2014-12-09 00:00:00+09:00,8089.850258842201,8158.741927713119,8050.483590915961,8139.05859375,55663,0.0,0.0
2014-12-10 00:00:00+09:00,8158.741568892475,8237.474901282269,8089.849903051404,8148.89990234375,63866,0.0,0.0
2014-12-11 00:00:00+09:00,8070.166666666666,8139.058333333333,8040.641666666666,8119.375,12501,0.0,0.0
2014-12-12 00:00:00+09:00,8139.05859375,8139.05859375,7952.066921100362,8139.05859375,12710,0.0,0.0
2014-12-15 00:00:00+09:00,8139.058235795026,8148.89990234375,7952.066571369263,8148.89990234375,9785,0.0,0.0
2014-12-16 00:00:00+09:00,8070.166731930012,8070.166731930012,7971.750064467451,8050.4833984375,14842,0.0,0.0
2014-12-17 00:00:00+09:00,8040.641829826495,8040.641829826495,7902.8584936972775,8020.95849609375,24071,0.0,0.0
2014-12-18 00:00:00+09:00,7981.591602040621,8060.324934736459,7942.224935692701,8040.6416015625,6812,0.0,0.0
2014-12-19 00:00:00+09:00,7952.06698742378,8119.375327505716,7952.06698742378,8070.1669921875,6367,0.0,0.0
2014-12-22 00:00:00+09:00,8070.166830425614,8119.375164757477,8001.275162361005,8020.95849609375,53521,0.0,0.0
2014-12-23 00:00:00+09:00,8020.95826838854,8099.691601084379,8001.27493521458,8040.6416015625,10657,0.0,0.0
2014-12-24 00:00:00+09:00,8060.32481739619,8660.666470462329,8040.641484508776,8621.2998046875,97389,0.0,0.0
2014-12-26 00:00:00+09:00,8621.300453142736,8808.29212963784,8562.250450039019,8670.5087890625,54735,0.0,0.0
2014-12-29 00:00:00+09:00,8473.675445383442,8709.87545779831,8473.675445383442,8670.5087890625,8730,0.0,0.0
2014-12-30 00:00:00+09:00,8621.300513217098,8749.2421875,8394.942166408886,8749.2421875,9877,0.0,0.0
2015-01-02 00:00:00+09:00,8768.925513343473,9044.492196142146,8759.083846100662,8896.8671875,97973,0.0,0.0
2015-01-05 00:00:00+09:00,8808.291541223762,9320.058200602127,8808.291541223762,9142.908203125,115249,0.0,0.0
2015-01-06 00:00:00+09:00,9152.749676219919,9320.058003634693,9083.858011990307,9201.9580078125,46605,0.0,0.0
2015-01-07 00:00:00+09:00,9162.591536178013,9300.374867549112,9034.649871333424,9142.908203125,12048,0.0,0.0
2015-01-08 00:00:00+09:00,9064.174936007537,9270.849934548427,9005.124936424427,9221.6416015625,58835,0.0,0.0
2015-01-09 00:00:00+09:00,9221.64147422943,9369.26647114879,9054.333144387487,9359.4248046875,132345,0.0,0.0
2015-01-12 00:00:00+09:00,9329.9,9694.041666666666,9329.9,9595.625,217049,0.0,0.0
2015-01-13 00:00:00+09:00,9595.624871634858,10333.749861760616,9595.624871634858,9733.408203125,332814,0.0,0.0
2015-01-14 00:00:00+09:00,9733.408526690753,9841.666862174676,9684.20019237988,9831.8251953125,76229,0.0,0.0
2015-01-15 00:00:00+09:00,10038.50033203125,10087.708666992188,9694.041987304687,9841.6669921875,91399,0.0,0.0
2015-01-16 00:00:00+09:00,9841.666666666666,10038.5,9713.725,9890.875,157629,0.0,0.0
2015-01-19 00:00:00+09:00,9251.167190845825,9487.367204229122,9005.125510238222,9192.1171875,810895,0.0,0.0
2015-01-20 00:00:00+09:00,9192.117229697145,9694.04226044078,9103.542224271798,9566.1005859375,251042,0.0,0.0
2015-01-21 00:00:00+09:00,9644.833942907377,9644.833942907377,9251.167251360137,9270.8505859375,118632,0.0,0.0
2015-01-22 00:00:00+09:00,9270.849806535884,9388.949804071372,9192.116474845558,9359.4248046875,153397,0.0,0.0
2015-01-23 00:00:00+09:00,9408.633526025542,9595.625196521865,9320.058524211494,9536.5751953125,106204,0.0,0.0
2015-01-26 00:00:00+09:00,9625.150459014547,9664.517127558574,9379.10878061438,9556.2587890625,77021,0.0,0.0
2015-01-27 00:00:00+09:00,9615.308267555907,9625.149934155248,9447.999935367116,9516.8916015625,50746,0.0,0.0
2015-01-28 00:00:00+09:00,9546.41692924896,9605.46693087318,9428.31692600052,9467.68359375,28678,0.0,0.0
2015-01-29 00:00:00+09:00,9457.84173130004,9536.575065171422,9379.108397428654,9526.7333984375,48995,0.0,0.0
2015-01-30 00:00:00+09:00,9546.416339459196,9605.466337435233,9398.791344519106,9497.2080078125,30540,0.0,0.0
2015-02-02 00:00:00+09:00,9497.208206284757,9733.408203125,9418.474874004676,9733.408203125,63443,0.0,0.0
2015-02-03 00:00:00+09:00,9595.624805882073,9743.249802895643,9585.783139414501,9654.6748046875,25908,0.0,0.0
2015-02-04 00:00:00+09:00,9644.83379328656,9664.517127558574,9457.842117702434,9556.2587890625,48732,0.0,0.0
2015-02-05 00:00:00+09:00,9625.150520301328,10038.500542645557,9457.842177923902,9634.9921875,184755,0.0,0.0
2015-02-06 00:00:00+09:00,9644.833333333332,9664.516666666666,9388.949999999999,9448.0,55843,0.0,0.0
2015-02-09 00:00:00+09:00,9388.95039309731,9438.158728490902,9211.80038568038,9329.900390625,113314,0.0,0.0
2015-02-10 00:00:00+09:00,9526.733864594311,9526.733864594311,9261.00884977608,9339.7421875,24810,0.0,0.0
2015-02-11 00:00:00+09:00,9270.85051699157,9388.95052357745,9270.85051699157,9339.7421875,15985,0.0,0.0
2015-02-12 00:00:00+09:00,9398.792060176029,9398.792060176029,9201.958718601662,9329.900390625,47442,0.0,0.0
2015-02-13 00:00:00+09:00,9329.9,9448.0,9290.533333333333,9448.0,47782,0.0,0.0
2015-02-16 00:00:00+09:00,9418.474933506204,9546.41659926961,9083.858269201908,9221.6416015625,236100,0.0,0.0
2015-02-17 00:00:00+09:00,9182.27506475713,9270.850065381797,9103.541730868537,9231.4833984375,57790,0.0,0.0
2015-02-23 00:00:00+09:00,9221.64192031575,9989.291941430614,9152.750251754158,9467.68359375,86505,0.0,0.0
2015-02-24 00:00:00+09:00,9467.68359375,9467.68359375,9290.533588877339,9467.68359375,85928,0.0,0.0
2015-02-25 00:00:00+09:00,9467.68346367716,9782.616801346254,9369.266795655567,9457.841796875,37847,0.0,0.0
2015-02-26 00:00:00+09:00,9398.792251379637,9497.208924168954,9339.742247706048,9418.4755859375,8912,0.0,0.0
2015-02-27 00:00:00+09:00,9408.63300575658,9408.63300575658,9251.166344572368,9349.5830078125,17666,0.0,0.0
2015-03-02 00:00:00+09:00,9447.999867584746,9447.999867584746,9172.43320478019,9290.533203125,52067,0.0,0.0
2015-03-03 00:00:00+09:00,9329.90013258593,9369.26679981203,9142.90846326195,9162.591796875,68938,0.0,0.0
2015-03-04 00:00:00+09:00,9172.43359375,9221.64192848042,9152.750259857832,9172.43359375,25563,0.0,0.0
2015-03-05 00:00:00+09:00,9162.591796875,9201.9584641011,9113.383462842374,9162.591796875,15419,0.0,0.0
2015-03-06 00:00:00+09:00,9152.749676219919,9211.799674131016,9054.333013034759,9201.9580078125,26735,0.0,0.0
2015-03-09 00:00:00+09:00,9201.958202284042,9221.641535337056,8857.499873856297,9142.908203125,17647,0.0,0.0
2015-03-10 00:00:00+09:00,9074.017189200218,9133.067192600653,8946.075515165941,9044.4921875,20480,0.0,0.0
2015-03-11 00:00:00+09:00,9044.491601774336,9231.483267099376,8867.34160304535,9074.0166015625,10782,0.0,0.0
2015-03-12 00:00:00+09:00,9133.067253236246,9162.592255132484,9074.01724944377,9123.2255859375,4611,0.0,0.0
2015-03-13 00:00:00+09:00,9152.750457697759,9211.80046065065,9044.492118950797,9113.3837890625,8855,0.0,0.0
2015-03-16 00:00:00+09:00,9123.2255859375,9172.43392243123,9044.492247547532,9123.2255859375,30042,0.0,0.0
2015-03-17 00:00:00+09:00,9172.433853051392,9192.1171875,9113.383849705568,9192.1171875,15947,0.0,0.0
2015-03-18 00:00:00+09:00,9123.225516929871,9201.958854724304,9113.383849705568,9192.1171875,12083,0.0,0.0
2015-03-19 00:00:00+09:00,9211.799933907267,9211.799933907267,9034.64993517828,9074.0166015625,17426,0.0,0.0
2015-03-20 00:00:00+09:00,9074.017120427241,9133.06712338013,9044.492118950797,9113.3837890625,18115,0.0,0.0
2015-03-23 00:00:00+09:00,9201.958527813831,9339.741864059171,9133.06685969116,9241.3251953125,33643,0.0,0.0
2015-03-24 00:00:00+09:00,9261.00807753784,9497.20807101383,9261.00807753784,9428.31640625,112560,0.0,0.0
2015-03-25 00:00:00+09:00,9625.14986721194,9625.14986721194,9388.949870470542,9438.158203125,38525,0.0,0.0
2015-03-26 00:00:00+09:00,9349.583017777424,9644.8330078125,9349.583017777424,9644.8330078125,59234,0.0,0.0
2015-03-27 00:00:00+09:00,9694.041666666666,10776.625,9694.041666666666,10333.75,186928,0.0,0.0
2015-03-30 00:00:00+09:00,10333.749661587253,10678.20798364016,9940.0830078125,9940.0830078125,97050,0.0,0.0
2015-03-31 00:00:00+09:00,10186.125,10235.333333333332,9831.824999999999,10186.125,48371,0.0,0.0
2015-04-01 00:00:00+09:00,10235.333957373272,11022.667338709676,10186.125621039746,10678.208984375,146234,0.0,0.0
2015-04-02 00:00:00+09:00,10727.417006205143,10727.417006205143,10284.5419921875,10284.5419921875,43823,0.0,0.0
2015-04-03 00:00:00+09:00,10333.75,10629.0,10186.125,10481.375,24131,0.0,0.0
2015-04-06 00:00:00+09:00,10530.583333333332,10629.0,9841.666666666666,9890.875,90800,0.0,0.0
2015-04-07 00:00:00+09:00,9940.08301257622,10136.916339557927,9841.666349085366,10087.7080078125,44922,0.0,0.0
2015-04-08 00:00:00+09:00,10087.7080078125,10235.333003048781,9890.874680830793,10087.7080078125,41215,0.0,0.0
2015-04-09 00:00:00+09:00,10087.708657273968,10284.541996928096,10087.708657273968,10136.9169921875,31400,0.0,0.0
2015-04-10 00:00:00+09:00,10235.333643922018,11170.292005626434,9890.875300136182,10727.4169921875,282628,0.0,0.0
2015-04-13 00:00:00+09:00,10776.625,10776.625,10136.916666666666,10333.75,129928,0.0,0.0
2015-04-14 00:00:00+09:00,10333.75,10432.166666666666,10038.5,10333.75,52159,0.0,0.0
2015-04-15 00:00:00+09:00,10333.749676021918,10530.583003184242,10136.916348859597,10382.9580078125,43102,0.0,0.0
2015-04-16 00:00:00+09:00,10382.958657318692,10530.583661925119,10136.916982974646,10432.1669921875,45380,0.0,0.0
2015-04-17 00:00:00+09:00,10432.166344188085,10530.5830078125,10087.708021502629,10530.5830078125,60135,0.0,0.0
2015-04-20 00:00:00+09:00,10629.000327034884,10825.83366642442,10382.958652797965,10579.7919921875,97986,0.0,0.0
2015-04-21 00:00:00+09:00,10629.000630605382,11071.875656880606,10579.79229435258,10973.458984375,199112,0.0,0.0
2015-04-22 00:00:00+09:00,10973.45866632024,11170.292005626434,10186.12530909547,10727.4169921875,215812,0.0,0.0
2015-04-23 00:00:00+09:00,10825.833333333332,10924.25,10333.75,10629.0,90931,0.0,0.0
2015-04-24 00:00:00+09:00,10530.5830078125,10727.416335061333,10382.958012375877,10530.5830078125,35790,0.0,0.0
2015-04-27 00:00:00+09:00,10924.25,11071.875,10629.0,10629.0,81991,0.0,0.0
2015-04-28 00:00:00+09:00,10579.791339624708,10825.832998685748,10481.374676000292,10530.5830078125,43240,0.0,0.0
2015-04-29 00:00:00+09:00,10678.207993727465,10678.207993727465,10235.3330078125,10235.3330078125,43161,0.0,0.0
2015-04-30 00:00:00+09:00,10235.333662014564,10284.541996928096,10087.708657273968,10136.9169921875,30184,0.0,0.0
2015-05-04 00:00:00+09:00,10136.916666666666,10136.916666666666,9841.666666666666,10038.5,22618,0.0,0.0
2015-05-06 00:00:00+09:00,10038.5,10136.916666666666,9743.25,9743.25,37495,0.0,0.0
2015-05-07 00:00:00+09:00,9575.941603129702,9841.6666013666,9526.733270122868,9812.1416015625,30532,0.0,0.0
2015-05-08 00:00:00+09:00,9812.141345335705,9989.291339534344,9713.724681892018,9940.0830078125,12014,0.0,0.0
2015-05-11 00:00:00+09:00,10038.5,10579.791666666666,10038.5,10186.125,51111,0.0,0.0
2015-05-12 00:00:00+09:00,10186.125327101032,10481.375336582221,10087.708657273968,10136.9169921875,39400,0.0,0.0
2015-05-13 00:00:00+09:00,10136.916666666666,10382.958333333332,9989.291666666666,10186.125,22857,0.0,0.0
2015-05-14 00:00:00+09:00,10186.124671303354,10481.374661775915,9989.291344321648,10087.7080078125,48090,0.0,0.0
2015-05-15 00:00:00+09:00,9841.666344368812,10038.499671256188,9743.249680925124,9940.0830078125,60482,0.0,0.0
2015-05-18 00:00:00+09:00,10186.124863735464,10186.124863735464,9644.833204309909,9733.408203125,27587,0.0,0.0
2015-05-19 00:00:00+09:00,9733.408740852452,9733.408740852452,9152.75038320807,9329.900390625,38334,0.0,0.0
2015-05-20 00:00:00+09:00,9329.899738202545,9329.899738202545,9074.016412049312,9280.69140625,127978,0.0,0.0
2015-05-21 00:00:00+09:00,9280.691983126611,9575.941993194265,9280.691983126611,9546.4169921875,18875,0.0,0.0
2015-05-22 00:00:00+09:00,9595.625395492601,9644.833730854101,9408.6337211189,9477.525390625,17946,0.0,0.0
2015-05-26 00:00:00+09:00,9300.374681225712,9625.149670093911,9300.374681225712,9497.2080078125,9588,0.0,0.0
2015-05-27 00:00:00+09:00,9556.258659189754,9575.941993194265,9300.375317131122,9546.4169921875,23881,0.0,0.0
2015-05-28 00:00:00+09:00,9546.416666666666,9743.25,9349.583333333332,9595.625,107628,0.0,0.0
2015-05-29 00:00:00+09:00,9654.675,10186.125,9605.466666666667,10038.5,92765,0.0,0.0
2015-06-01 00:00:00+09:00,10087.708657273968,10235.333662014564,9841.66698270631,10136.9169921875,59469,0.0,0.0
2015-06-02 00:00:00+09:00,10186.12467604417,11416.332970252404,10038.499680739184,10235.3330078125,588650,0.0,0.0
2015-06-03 00:00:00+09:00,10333.750275642642,10333.750275642642,9703.8835921749,9762.93359375,141619,0.0,0.0
2015-06-04 00:00:00+09:00,9831.824999999999,10136.916666666666,9605.466666666667,9890.875,131273,0.0,0.0
2015-06-05 00:00:00+09:00,9890.874680830793,10284.541334794209,9792.458017339939,10087.7080078125,168506,0.0,0.0
2015-06-08 00:00:00+09:00,9890.875,10284.541666666666,9890.875,10186.125,69710,0.0,0.0
2015-06-09 00:00:00+09:00,10432.166996860047,10530.583666641745,10038.500317733253,10284.5419921875,46927,0.0,0.0
2015-06-10 00:00:00+09:00,10136.916344275842,10284.54133958083,10038.499680739184,10235.3330078125,28459,0.0,0.0
2015-06-11 00:00:00+09:00,10235.333662014564,10284.541996928096,10087.708657273968,10136.9169921875,28847,0.0,0.0
2015-06-12 00:00:00+09:00,10136.916996998152,10186.125331935036,9841.666987376848,9989.2919921875,72407,0.0,0.0
2015-06-15 00:00:00+09:00,9694.041859242056,10087.708533729043,9694.041859242056,9831.8251953125,19939,0.0,0.0
2015-06-16 00:00:00+09:00,9772.774935157033,9940.083267380265,9762.933268555667,9812.1416015625,14582,0.0,0.0
2015-06-17 00:00:00+09:00,9575.941666666666,9694.041666666666,9152.75,9448.0,101884,0.0,0.0
2015-06-18 00:00:00+09:00,9448.000450566427,9644.83379328656,9448.000450566427,9556.2587890625,18119,0.0,0.0
2015-06-19 00:00:00+09:00,9359.42467920175,9733.407999716645,9359.42467920175,9497.2080078125,19300,0.0,0.0
2015-06-22 00:00:00+09:00,9457.841666666667,9625.15,9408.633333333333,9595.625,37950,0.0,0.0
2015-06-23 00:00:00+09:00,9595.62506557496,9595.62506557496,9448.000064566115,9526.7333984375,25350,0.0,0.0
2015-06-24 00:00:00+09:00,9546.41685920033,9753.091863368585,9507.05019173971,9684.2001953125,30775,0.0,0.0
2015-06-25 00:00:00+09:00,9831.824736683959,9831.824736683959,9654.674741428391,9723.56640625,22215,0.0,0.0
2015-06-26 00:00:00+09:00,9723.566348236387,9940.0830078125,9634.991351137067,9940.0830078125,36222,0.0,0.0
2015-06-29 00:00:00+09:00,10087.7080078125,10235.333003048781,9713.724686547257,10087.7080078125,83747,0.0,0.0
2015-06-30 00:00:00+09:00,10038.5,10432.166666666666,9821.983333333334,10186.125,136787,0.0,0.0
2015-07-01 00:00:00+09:00,10333.750317950582,10678.208661882269,10235.333648255813,10579.7919921875,137572,0.0,0.0
2015-07-02 00:00:00+09:00,10727.416666666666,11071.875,10629.0,11071.875,137967,0.0,0.0
2015-07-03 00:00:00+09:00,11367.125,12203.666666666666,11317.916666666666,11810.0,298635,0.0,0.0
2015-07-06 00:00:00+09:00,13483.083697385204,13483.083697385204,11810.00031887755,12056.0419921875,479766,0.0,0.0
2015-07-07 00:00:00+09:00,12449.708976745605,12843.375663757324,11859.208946228027,12597.333984375,207237,0.0,0.0
2015-07-08 00:00:00+09:00,12597.334016393443,12794.16736039959,11908.417312371927,12006.833984375,114690,0.0,0.0
2015-07-09 00:00:00+09:00,11859.20897637039,12006.833984375,11514.75062435963,12006.833984375,83557,0.0,0.0
2015-07-10 00:00:00+09:00,12203.6669921875,12351.291996125252,11760.791980374244,12203.6669921875,43940,0.0,0.0
2015-07-13 00:00:00+09:00,12203.666666666666,13335.458333333332,11957.625,12991.0,115971,0.0,0.0
2015-07-14 00:00:00+09:00,12991.000648584904,13532.292342275943,12695.750633844338,13040.208984375,93175,0.0,0.0
2015-07-15 00:00:00+09:00,13237.041666666666,13433.875,12794.166666666666,12991.0,50243,0.0,0.0
2015-07-16 00:00:00+09:00,12991.00065601145,13040.208991829675,12597.33396946565,12892.583984375,66332,0.0,0.0
2015-07-17 00:00:00+09:00,12941.79232776303,13187.83400699807,12695.750648527992,12744.958984375,31822,0.0,0.0
2015-07-20 00:00:00+09:00,13089.416999699519,13089.416999699519,12646.54198843149,12794.1669921875,45830,0.0,0.0
2015-07-21 00:00:00+09:00,12794.166666666666,12991.0,12498.916666666666,12548.125,20460,0.0,0.0
2015-07-22 00:00:00+09:00,12548.125,12597.333333333332,12006.833333333332,12105.25,65628,0.0,0.0
2015-07-23 00:00:00+09:00,12203.667304841898,12597.333992094862,12105.250633028656,12449.708984375,33045,0.0,0.0
2015-07-24 00:00:00+09:00,12449.708984375,12498.91732028162,12203.667304841898,12449.708984375,13626,0.0,0.0
2015-07-27 00:00:00+09:00,12449.709000189778,12449.709000189778,11711.583960652835,12154.458984375,39808,0.0,0.0
2015-07-28 00:00:00+09:00,12351.292328251518,12351.292328251518,11760.792296621965,12154.458984375,37024,0.0,0.0
2015-07-29 00:00:00+09:00,12006.833992479253,12105.250664548756,11810.000648340249,11859.208984375,29494,0.0,0.0
2015-07-30 00:00:00+09:00,11859.208333333332,12302.083333333332,11810.0,11957.625,19221,0.0,0.0
2015-07-31 00:00:00+09:00,11711.583976270747,12154.459000583507,11711.583976270747,11859.208984375,14954,0.0,0.0
2015-08-03 00:00:00+09:00,11859.20897637039,12548.125680391906,11810.000640368853,12006.833984375,31509,0.0,0.0
2015-08-04 00:00:00+09:00,11859.208333333332,12203.666666666666,11760.791666666666,12105.25,15570,0.0,0.0
2015-08-05 00:00:00+09:00,11957.625648373463,12105.250656378073,11810.000640368853,12006.833984375,25398,0.0,0.0
2015-08-06 00:00:00+09:00,12351.291996125252,12351.291996125252,11957.625318957913,12203.6669921875,22446,0.0,0.0
2015-08-07 00:00:00+09:00,12203.666666666666,12302.083333333332,11908.416666666666,11957.625,14163,0.0,0.0
2015-08-10 00:00:00+09:00,12203.667328381147,12252.875664382684,11908.417312371927,12006.833984375,18806,0.0,0.0
2015-08-11 00:00:00+09:00,12252.875343452066,12252.875343452066,11416.333653336864,11613.1669921875,40844,0.0,0.0
2015-08-12 00:00:00+09:00,11613.167000679347,11810.000339673912,10825.833644701086,11317.9169921875,39123,0.0,0.0
2015-08-13 00:00:00+09:00,11170.291666666666,11416.333333333332,10924.25,11071.875,15498,0.0,0.0
2015-08-17 00:00:00+09:00,11317.916666666666,11465.541666666666,11071.875,11219.5,13622,0.0,0.0
2015-08-18 00:00:00+09:00,11219.500340452982,11268.70867527953,10678.208657360952,10727.4169921875,15199,0.0,0.0
2015-08-19 00:00:00+09:00,10530.583333333332,10727.416666666666,9821.983333333334,9890.875,78567,0.0,0.0
2015-08-20 00:00:00+09:00,9890.875081481554,10432.16675260741,7607.608396005216,7902.8583984375,312285,0.0,0.0
2015-08-21 00:00:00+09:00,8070.166666666666,8867.341666666667,7971.75,8562.25,288139,0.0,0.0
2015-08-24 00:00:00+09:00,8640.983032483553,10186.124645353619,8621.299699835527,9349.5830078125,258855,0.0,0.0
2015-08-25 00:00:00+09:00,9831.824999999999,10186.125,9359.425,9890.875,106789,0.0,0.0
2015-08-26 00:00:00+09:00,9890.874680830793,10333.749666539634,9782.616350990855,10087.7080078125,66132,0.0,0.0
2015-08-27 00:00:00+09:00,10136.91727627841,11121.084002130681,10136.91727627841,10825.833984375,112724,0.0,0.0
2015-08-28 00:00:00+09:00,11071.875326974052,11121.083661760602,10629.000313895089,11022.6669921875,87569,0.0,0.0
2015-08-31 00:00:00+09:00,11022.667338709676,11022.667338709676,10530.583975374424,10678.208984375,29608,0.0,0.0
2015-09-01 00:00:00+09:00,10579.792001532596,10825.833675986842,10235.333657296651,10284.5419921875,30142,0.0,0.0
2015-09-02 00:00:00+09:00,10087.708333333332,10284.541666666666,9812.141666666666,10186.125,63240,0.0,0.0
2015-09-03 00:00:00+09:00,10333.75,10333.75,9841.666666666666,9890.875,32300,0.0,0.0
2015-09-04 00:00:00+09:00,9890.875134077229,10038.50013607838,9467.683461673925,9605.466796875,26018,0.0,0.0
2015-09-07 00:00:00+09:00,9546.417182711952,9684.20052349336,9497.208846718591,9634.9921875,12025,0.0,0.0
2015-09-08 00:00:00+09:00,9694.042151432574,9694.042151432574,9083.858787586056,9113.3837890625,31983,0.0,0.0
2015-09-09 00:00:00+09:00,9162.592096974835,9743.250457577966,9162.592096974835,9703.8837890625,14791,0.0,0.0
2015-09-10 00:00:00+09:00,9713.725,9831.824999999999,9457.841666666667,9743.25,11599,0.0,0.0
2015-09-11 00:00:00+09:00,9743.250130076942,9762.933463673058,9615.308461702194,9753.091796875,17000,0.0,0.0
2015-09-14 00:00:00+09:00,9940.083399220315,10136.916733858341,9615.308397067573,9821.9833984375,25682,0.0,0.0
2015-09-15 00:00:00+09:00,9703.88352610423,10235.333536661661,9664.51685865553,9831.8251953125,34934,0.0,0.0
2015-09-16 00:00:00+09:00,9890.875322313732,9989.2919921875,9762.933651477832,9989.2919921875,11705,0.0,0.0
2015-09-17 00:00:00+09:00,9989.291666666666,10186.125,9743.25,9743.25,13027,0.0,0.0
2015-09-18 00:00:00+09:00,9762.93365625,9940.083662109375,9654.675319335938,9841.6669921875,29254,0.0,0.0
2015-09-21 00:00:00+09:00,9743.25019650343,9940.08353380653,8896.866846100102,9684.2001953125,26540,0.0,0.0
2015-09-22 00:00:00+09:00,9684.199999999999,10235.333333333332,9615.308333333332,10186.125,52570,0.0,0.0
2015-09-23 00:00:00+09:00,10038.500322360436,10186.125327101032,9890.875317619842,10136.9169921875,26870,0.0,0.0
2015-09-24 00:00:00+09:00,10136.916666666666,10432.166666666666,10087.708333333332,10333.75,29520,0.0,0.0
2015-09-25 00:00:00+09:00,10186.125317843454,10432.1669921875,10186.125317843454,10432.1669921875,17599,0.0,0.0
2015-09-30 00:00:00+09:00,10432.16633960308,10481.374671393662,9890.874689906694,10382.9580078125,31041,0.0,0.0
2015-10-01 00:00:00+09:00,10284.54133958083,10530.582998422477,10136.916344275842,10235.3330078125,7726,0.0,0.0
2015-10-02 00:00:00+09:00,10235.333657296651,10432.166996860047,10087.708652624102,10284.5419921875,25916,0.0,0.0
2015-10-05 00:00:00+09:00,10284.541666666666,10333.75,10136.916666666666,10333.75,15229,0.0,0.0
2015-10-06 00:00:00+09:00,10333.750309318439,10924.250326993779,10333.750309318439,10875.0419921875,63202,0.0,0.0
2015-10-07 00:00:00+09:00,10825.833333333332,11268.708333333332,10776.625,11071.875,31615,0.0,0.0
2015-10-08 00:00:00+09:00,11022.6669921875,11219.500331333706,10727.416983468192,11022.6669921875,18846,0.0,0.0
2015-10-12 00:00:00+09:00,10973.458661800056,11022.666996606335,10629.000318156108,10875.0419921875,18623,0.0,0.0
2015-10-13 00:00:00+09:00,10875.042311869394,10973.458984375,10579.79229435258,10973.458984375,22333,0.0,0.0
2015-10-14 00:00:00+09:00,10825.833333333332,10973.458333333332,10530.583333333332,10629.0,8868,0.0,0.0
2015-10-15 00:00:00+09:00,10629.000648041474,10727.417320708524,10235.333957373272,10678.208984375,22822,0.0,0.0
2015-10-16 00:00:00+09:00,10629.000648041474,10727.417320708524,10432.167302707372,10678.208984375,8191,0.0,0.0
2015-10-19 00:00:00+09:00,10579.792311707948,10727.417320708524,10333.750630040322,10678.208984375,15342,0.0,0.0
2015-10-20 00:00:00+09:00,10678.208975497158,10924.250656960226,10530.583966619319,10825.833984375,13012,0.0,0.0
2015-10-21 00:00:00+09:00,10825.833661840597,11121.083670799886,10432.166983228211,10727.4169921875,14630,0.0,0.0
2015-10-22 00:00:00+09:00,10628.999657012195,10727.416320503049,10087.7080078125,10087.7080078125,14759,0.0,0.0
2015-10-23 00:00:00+09:00,10333.750331841626,10333.750331841626,9989.291987446906,10136.9169921875,10834,0.0,0.0
2015-10-26 00:00:00+09:00,10136.916733858341,10284.541734836861,9821.9833984375,9821.9833984375,17516,0.0,0.0
2015-10-27 00:00:00+09:00,9654.675191793356,9890.87519648555,9625.150191206832,9831.8251953125,21987,0.0,0.0
2015-10-28 00:00:00+09:00,9831.824999999999,9890.875,9733.408333333333,9890.875,15369,0.0,0.0
2015-10-29 00:00:00+09:00,9890.874676090656,9940.0830078125,9753.091347269494,9940.0830078125,10426,0.0,0.0
2015-10-30 00:00:00+09:00,9940.083598475303,9940.083598475303,9674.358591387348,9762.93359375,12675,0.0,0.0
2015-11-02 00:00:00+09:00,9762.933527277277,9831.8251953125,9575.941856895959,9831.8251953125,13012,0.0,0.0
2015-11-03 00:00:00+09:00,9743.25019650343,9841.66686515498,9575.941859795796,9684.2001953125,10847,0.0,0.0
2015-11-04 00:00:00+09:00,9684.200065170397,9713.725065369086,9605.466731307222,9674.3583984375,4446,0.0,0.0
2015-11-05 00:00:00+09:00,9644.833924093364,9644.833924093364,9497.208915051118,9566.1005859375,9747,0.0,0.0
2015-11-06 00:00:00+09:00,9566.099933528098,9566.099933528098,9329.89993516938,9369.2666015625,12154,0.0,0.0
2015-11-09 00:00:00+09:00,9369.267058939873,9398.792060176029,9251.167053995254,9329.900390625,4663,0.0,0.0
2015-11-10 00:00:00+09:00,9329.900537268772,9329.900537268772,8867.342177298695,9044.4921875,16936,0.0,0.0
2015-11-11 00:00:00+09:00,9054.333830394191,9507.050521913901,9005.12549435944,9487.3671875,5948,0.0,0.0
2015-11-12 00:00:00+09:00,9447.999869655892,9457.841536186783,9014.966542296663,9438.158203125,5462,0.0,0.0
2015-11-13 00:00:00+09:00,9349.583594574973,9428.316930108236,9142.90858880016,9320.05859375,4696,0.0,0.0
2015-11-16 00:00:00+09:00,9103.542137145996,9162.592140197754,8798.450454711914,8818.1337890625,22641,0.0,0.0
2015-11-17 00:00:00+09:00,8827.974682617189,9054.3330078125,8660.666355298914,9054.3330078125,70298,0.0,0.0
2015-11-18 00:00:00+09:00,8847.658920577273,8877.18392253693,8631.142239539786,8827.9755859375,44904,0.0,0.0
2015-11-19 00:00:00+09:00,8827.974867876837,8827.974867876837,8493.358206218185,8700.033203125,55484,0.0,0.0
2015-11-20 00:00:00+09:00,8700.03379061436,8700.03379061436,8591.775451590876,8670.5087890625,15443,0.0,0.0
2015-11-23 00:00:00+09:00,8670.508849479753,8847.658860025309,8513.042173439257,8749.2421875,60787,0.0,0.0
2015-11-24 00:00:00+09:00,8749.24198467548,9044.491995406937,8709.875316577953,8955.9169921875,15746,0.0,0.0
2015-11-25 00:00:00+09:00,8955.916539121366,9142.908203125,8906.708206488833,9142.908203125,12113,0.0,0.0
2015-11-26 00:00:00+09:00,9054.333527800325,9201.958530970982,9054.333527800325,9093.7001953125,6723,0.0,0.0
2015-11-27 00:00:00+09:00,9182.274669879416,9182.274669879416,8759.08301842731,9054.3330078125,4177,0.0,0.0
2015-11-30 00:00:00+09:00,8916.550194667903,9123.225199180075,8768.925191444925,8946.0751953125,14041,0.0,0.0
2015-12-01 00:00:00+09:00,8857.500389327242,9005.125395816029,8827.975388029485,8887.025390625,13256,0.0,0.0
2015-12-02 00:00:00+09:00,8955.917251319217,9349.583943684896,8857.500578227797,8975.6005859375,23006,0.0,0.0
2015-12-03 00:00:00+09:00,8975.599872174382,9182.274869231029,8936.233206068353,9142.908203125,10478,0.0,0.0
2015-12-04 00:00:00+09:00,9182.274669879416,9182.274669879416,9034.649675186822,9054.3330078125,17597,0.0,0.0
2015-12-07 00:00:00+09:00,9054.333657094594,9241.325330447635,8965.758653927365,9103.5419921875,15084,0.0,0.0
2015-12-08 00:00:00+09:00,9103.541600270466,9182.274933029561,8650.824936905665,8926.3916015625,27768,0.0,0.0
2015-12-09 00:00:00+09:00,8926.391666666666,9005.125,8857.5,8857.5,9411,0.0,0.0
2015-12-10 00:00:00+09:00,8857.500327339385,8906.70866249127,8768.925324065991,8808.2919921875,7253,0.0,0.0
2015-12-11 00:00:00+09:00,8808.291729795843,9103.541731911904,8808.291729795843,9083.8583984375,14453,0.0,0.0
2015-12-14 00:00:00+09:00,9014.966600916483,9103.541600270466,8926.3916015625,8926.3916015625,5291,0.0,0.0
2015-12-15 00:00:00+09:00,9113.383201415481,9113.383201415481,8768.924873068245,8995.283203125,3542,0.0,0.0
2015-12-16 00:00:00+09:00,9093.700127180233,9349.58346409223,9024.808459550079,9310.216796875,8105,0.0,0.0
2015-12-17 00:00:00+09:00,9221.6414711455,9388.94980093149,9162.591472397504,9211.7998046875,4392,0.0,0.0
2015-12-18 00:00:00+09:00,9034.650323057433,9192.116995354729,9024.808656038851,9103.5419921875,4562,0.0,0.0
2015-12-21 00:00:00+09:00,9054.333070920044,9103.541402827219,8926.391407961391,8985.44140625,9098,0.0,0.0
2015-12-22 00:00:00+09:00,8985.442263055673,9034.6505996551,8778.767249338072,8827.9755859375,10830,0.0,0.0
2015-12-23 00:00:00+09:00,8827.974809777077,9349.583131870928,8827.974809777077,9064.1748046875,13159,0.0,0.0
2015-12-24 00:00:00+09:00,9152.750322057846,9349.583662317154,9024.808650889296,9251.1669921875,14884,0.0,0.0
2015-12-28 00:00:00+09:00,9162.591417491007,9674.358070240236,9162.591417491007,9575.94140625,11663,0.0,0.0
2015-12-29 00:00:00+09:00,9575.941865869037,9644.833533968815,9369.266861569706,9388.9501953125,3534,0.0,0.0
2015-12-30 00:00:00+09:00,9349.583642578125,9940.083662109375,9300.375307617187,9841.6669921875,20182,0.0,0.0
2016-01-04 00:00:00+09:00,9890.875136170005,9890.875136170005,9448.00013007284,9457.841796875,10598,0.0,0.0
2016-01-05 00:00:00+09:00,9270.850127633976,9644.833466116024,9251.166794029656,9457.841796875,5675,0.0,0.0
2016-01-06 00:00:00+09:00,9457.84192681263,9654.675265560032,9408.63359212578,9467.68359375,10295,0.0,0.0
2016-01-07 00:00:00+09:00,9408.633654155929,9585.783660196521,9408.633654155929,9546.4169921875,6578,0.0,0.0
2016-01-08 00:00:00+09:00,9448.000587774295,9467.683922332159,9251.167242195665,9418.4755859375,8822,0.0,0.0
2016-01-11 00:00:00+09:00,9418.474731445312,9418.474731445312,9054.333075161638,9133.06640625,16867,0.0,0.0
2016-01-12 00:00:00+09:00,9133.066993243243,9221.641996410473,9064.175324113176,9103.5419921875,3365,0.0,0.0
2016-01-13 00:00:00+09:00,9103.54134971217,9369.266340460526,9093.699683388157,9349.5830078125,17321,0.0,0.0
2016-01-14 00:00:00+09:00,9349.583202297405,9438.15820105601,9251.166537010064,9290.533203125,7171,0.0,0.0
2016-01-15 00:00:00+09:00,9477.52513688933,9477.52513688933,8906.708461978029,9014.966796875,9900,0.0,0.0
2016-01-18 00:00:00+09:00,8955.916666666666,9044.491666666667,8857.5,8857.5,6400,0.0,0.0
2016-01-19 00:00:00+09:00,8857.500395903717,8857.500395903717,8660.667053772522,8739.400390625,19501,0.0,0.0
2016-01-20 00:00:00+09:00,8808.29180046283,8808.29180046283,8572.091796875,8572.091796875,6287,0.0,0.0
2016-01-21 00:00:00+09:00,8640.983333333334,8640.983333333334,8463.833333333334,8562.25,5627,0.0,0.0
2016-01-22 00:00:00+09:00,8562.250130058841,8650.825131404277,8552.40846324268,8572.091796875,3618,0.0,0.0
2016-01-25 00:00:00+09:00,8709.874871819382,8955.916534865128,8552.408207470105,8847.658203125,8662,0.0,0.0
2016-01-26 00:00:00+09:00,8670.508333333333,8808.291666666666,8670.508333333333,8709.875,3777,0.0,0.0
2016-01-27 00:00:00+09:00,8660.666666666666,8867.341666666667,8660.666666666666,8709.875,6091,0.0,0.0
2016-01-28 00:00:00+09:00,8808.291339317064,8808.291339317064,8621.299679599719,8759.0830078125,6854,0.0,0.0
2016-01-29 00:00:00+09:00,8808.292173898259,10333.75059507617,8690.192167097388,9044.4921875,68992,0.0,0.0
2016-02-01 00:00:00+09:00,9369.26707175926,11022.667143246186,9034.650390625,9034.650390625,622795,0.0,0.0
2016-02-02 00:00:00+09:00,9251.16714477539,9526.733825683594,8759.083786010742,8818.1337890625,141583,0.0,0.0
2016-02-03 00:00:00+09:00,9152.74966548688,9201.957997021755,8906.7080078125,8906.7080078125,41140,0.0,0.0
2016-02-04 00:00:00+09:00,8867.34147243205,9014.9664691984,8808.29147372551,8916.5498046875,20107,0.0,0.0
2016-02-05 00:00:00+09:00,8916.550582082647,9142.908930192914,8916.550582082647,8975.6005859375,35209,0.0,0.0
2016-02-11 00:00:00+09:00,8837.817253257386,8975.600595735787,8759.0839146983,8827.9755859375,30465,0.0,0.0
2016-02-12 00:00:00+09:00,8906.708934550383,8906.708934550383,8335.892229352678,8680.3505859375,49237,0.0,0.0
2016-02-15 00:00:00+09:00,8680.35,8906.708333333334,8621.3,8857.5,15707,0.0,0.0
2016-02-16 00:00:00+09:00,8936.23326706138,8936.23326706138,8778.7666015625,8778.7666015625,13995,0.0,0.0
2016-02-17 00:00:00+09:00,8719.716342608848,8857.49967082163,8719.716342608848,8759.0830078125,13811,0.0,0.0
2016-02-18 00:00:00+09:00,8719.716666666667,8946.074999999999,8719.716666666667,8857.5,10046,0.0,0.0
2016-02-19 00:00:00+09:00,8857.500130063818,8955.916798175638,8857.500130063818,8867.341796875,10710,0.0,0.0
2016-02-22 00:00:00+09:00,8946.075325163118,9014.966994333792,8867.341988968063,8955.9169921875,10639,0.0,0.0
2016-02-23 00:00:00+09:00,8906.70813823641,9044.491468551669,8906.70813823641,8916.5498046875,13167,0.0,0.0
2016-02-24 00:00:00+09:00,8916.550194667903,8975.600195957095,8867.341860260245,8946.0751953125,4988,0.0,0.0
2016-02-25 00:00:00+09:00,8985.441862838628,8985.441862838628,8887.025194023308,8946.0751953125,6014,0.0,0.0
2016-02-26 00:00:00+09:00,8887.024935182952,8975.599934536935,8808.291602423857,8926.3916015625,34835,0.0,0.0
2016-02-29 00:00:00+09:00,8926.39198585304,9211.800329391892,8857.500316722973,9103.5419921875,25758,0.0,0.0
2016-03-02 00:00:00+09:00,9103.541728878808,9585.783398841038,9103.541728878808,9526.7333984375,55800,0.0,0.0
2016-03-03 00:00:00+09:00,9526.73326816184,9595.624934357225,9428.316602168434,9516.8916015625,13149,0.0,0.0
2016-03-04 00:00:00+09:00,9457.842117702434,9684.200461830587,9457.842117702434,9556.2587890625,17621,0.0,0.0
2016-03-07 00:00:00+09:00,9408.633654155929,9634.991995207796,9408.633654155929,9546.4169921875,5403,0.0,0.0
2016-03-08 00:00:00+09:00,9546.417182711952,9644.833854698672,9507.050513917264,9634.9921875,11159,0.0,0.0
2016-03-09 00:00:00+09:00,9644.8330078125,9694.041339485013,9487.36634646046,9644.8330078125,14885,0.0,0.0
2016-03-10 00:00:00+09:00,9644.83300275259,9644.83300275259,9457.841342495143,9497.2080078125,5493,0.0,0.0
2016-03-11 00:00:00+09:00,9497.208657176225,9575.941993194265,9448.000322164948,9546.4169921875,6693,0.0,0.0
2016-03-14 00:00:00+09:00,9634.99192761643,9644.833594549642,9477.525256685005,9615.30859375,5439,0.0,0.0
2016-03-15 00:00:00+09:00,9615.308723558921,9625.150390625,9497.208718765976,9625.150390625,6518,0.0,0.0
2016-03-16 00:00:00+09:00,9694.042190692033,9694.042190692033,9497.208846718591,9634.9921875,8240,0.0,0.0
2016-03-17 00:00:00+09:00,9634.991797275232,9644.833464075307,9546.41679607454,9605.466796875,4164,0.0,0.0
2016-03-18 00:00:00+09:00,9605.466666666667,9782.616666666667,9575.941666666666,9743.25,19495,0.0,0.0
2016-03-21 00:00:00+09:00,9743.25,9890.875,9743.25,9890.875,22990,0.0,0.0
2016-03-22 00:00:00+09:00,9940.083639171511,12400.500381540698,9841.666969476744,10579.7919921875,1406834,0.0,0.0
2016-03-23 00:00:00+09:00,10579.791309590242,10628.999641262755,9644.8330078125,9644.8330078125,267294,0.0,0.0
2016-03-24 00:00:00+09:00,9654.67558237557,9762.933922239108,9575.942244292995,9713.7255859375,66752,0.0,0.0
2016-03-25 00:00:00+09:00,9634.992195604253,9713.725533259854,9467.6838530861,9487.3671875,45636,0.0,0.0
2016-03-28 00:00:00+09:00,9487.36646868428,9585.783133297187,9251.166473613303,9359.4248046875,42342,0.0,0.0
2016-03-29 00:00:00+09:00,9349.58314704129,9841.666470569779,9349.58314704129,9802.2998046875,58211,0.0,0.0
2016-03-30 00:00:00+09:00,9802.300194725976,9940.083530796423,9654.675191793356,9831.8251953125,21708,0.0,0.0
2016-03-31 00:00:00+09:00,9841.6666013666,9940.083267380265,9654.674935940635,9812.1416015625,14226,0.0,0.0
2016-04-01 00:00:00+09:00,9812.141345335705,10038.499671256188,9684.19968285891,9940.0830078125,16637,0.0,0.0
2016-04-04 00:00:00+09:00,9989.29197836822,10432.1669921875,9841.666973761792,10432.1669921875,49748,0.0,0.0
2016-04-05 00:00:00+09:00,10432.166666666666,10481.375,10136.916666666666,10333.75,22235,0.0,0.0
2016-04-06 00:00:00+09:00,10333.750322449881,10579.791996793927,10235.333652712265,10432.1669921875,26481,0.0,0.0
2016-04-07 00:00:00+09:00,10333.750327078349,10382.958661969198,9989.291982842404,10284.5419921875,50913,0.0,0.0
2016-04-08 00:00:00+09:00,10284.541996928096,10284.541996928096,9890.875317619842,10136.9169921875,23033,0.0,0.0
2016-04-11 00:00:00+09:00,10136.916996998152,10284.542001808804,9821.983653402092,9989.2919921875,42565,0.0,0.0
2016-04-12 00:00:00+09:00,9989.291666666666,10136.916666666666,9743.25,10038.5,59422,0.0,0.0
2016-04-14 00:00:00+09:00,10136.9169921875,10186.125327101032,9890.875317619842,10136.9169921875,23099,0.0,0.0
2016-04-15 00:00:00+09:00,10136.916987514953,10284.5419921875,9989.291982842404,10284.5419921875,19766,0.0,0.0
2016-04-18 00:00:00+09:00,10432.166344188085,10776.62466687354,10235.333016939252,10530.5830078125,103798,0.0,0.0
2016-04-19 00:00:00+09:00,10481.374676000292,10579.791339624708,10333.74968056367,10530.5830078125,35528,0.0,0.0
2016-04-20 00:00:00+09:00,10530.583657340116,10579.7919921875,10382.958652797965,10579.7919921875,31077,0.0,0.0
2016-04-21 00:00:00+09:00,10579.791666666666,10727.416666666666,10481.375,10629.0,29394,0.0,0.0
2016-04-22 00:00:00+09:00,10629.000639204545,10825.833984375,10530.583966619319,10825.833984375,47088,0.0,0.0
2016-04-25 00:00:00+09:00,10776.625630876659,11317.917329231193,10678.208958448562,11121.083984375,140067,0.0,0.0
2016-04-26 00:00:00+09:00,11071.875,11121.083333333332,10727.416666666666,10924.25,32636,0.0,0.0
2016-04-27 00:00:00+09:00,10776.625648082387,11022.667329545455,10727.417311789774,10825.833984375,22760,0.0,0.0
2016-04-28 00:00:00+09:00,11121.083333333332,11514.75,10629.0,10629.0,103242,0.0,0.0
2016-04-29 00:00:00+09:00,10629.000639204545,10924.250656960226,10432.16729403409,10825.833984375,32442,0.0,0.0
2016-05-02 00:00:00+09:00,10973.45866632024,11022.667001146789,10629.000322534404,10727.4169921875,22890,0.0,0.0
2016-05-03 00:00:00+09:00,10629.000639204545,10875.042320667613,10579.792302911932,10825.833984375,22895,0.0,0.0
2016-05-04 00:00:00+09:00,10727.417320708524,10875.0423297091,10629.000648041474,10678.208984375,22608,0.0,0.0
2016-05-09 00:00:00+09:00,10579.791666666666,10678.208333333332,10481.375,10629.0,31168,0.0,0.0
2016-05-10 00:00:00+09:00,10579.791979108539,11071.875326974052,10579.791979108539,11022.6669921875,62345,0.0,0.0
2016-05-11 00:00:00+09:00,11022.666979613734,11514.75032691792,11022.666979613734,11465.5419921875,49770,0.0,0.0
2016-05-12 00:00:00+09:00,11317.916666666666,11662.375,11219.5,11514.75,29741,0.0,0.0
2016-05-13 00:00:00+09:00,11465.541666666666,11613.166666666666,11367.125,11514.75,33005,0.0,0.0
2016-05-16 00:00:00+09:00,11514.75,11613.166666666666,11268.708333333332,11514.75,26806,0.0,0.0
2016-05-17 00:00:00+09:00,11514.750318710774,11760.7919921875,11317.916979929394,11760.7919921875,27911,0.0,0.0
2016-05-18 00:00:00+09:00,11711.583657492156,11810.000326882846,11563.95865340612,11760.7919921875,25424,0.0,0.0
2016-05-19 00:00:00+09:00,11760.792320443803,11760.792320443803,11416.333967962186,11711.583984375,14609,0.0,0.0
2016-05-20 00:00:00+09:00,11711.583984375,11711.583984375,11514.75064009979,11711.583984375,14863,0.0,0.0
2016-05-23 00:00:00+09:00,11711.583333333332,11760.791666666666,11514.75,11662.375,14364,0.0,0.0
2016-05-24 00:00:00+09:00,11613.16732893319,11662.375665072737,11367.125648235453,11416.333984375,15627,0.0,0.0
2016-05-25 00:00:00+09:00,11416.333333333332,11711.583333333332,11367.125,11662.375,36336,0.0,0.0
2016-05-26 00:00:00+09:00,11662.375,11711.583333333332,11416.333333333332,11514.75,12630,0.0,0.0
2016-05-27 00:00:00+09:00,11514.75,11662.375,11367.125,11514.75,19512,0.0,0.0
2016-05-30 00:00:00+09:00,11514.750340053013,11514.750340053013,11022.6669921875,11022.6669921875,20646,0.0,0.0
2016-05-31 00:00:00+09:00,11121.083657420153,11170.2919921875,10776.625314048733,11170.2919921875,27501,0.0,0.0
2016-06-01 00:00:00+09:00,11170.291987941575,11317.9169921875,11022.666983695652,11317.9169921875,12693,0.0,0.0
2016-06-02 00:00:00+09:00,11219.50063981681,11416.333984375,11170.292303677263,11416.333984375,7263,0.0,0.0
2016-06-03 00:00:00+09:00,11416.333333333332,11416.333333333332,10924.25,10924.25,20750,0.0,0.0
2016-06-07 00:00:00+09:00,10924.250322614398,11121.083661760602,10875.041987827846,11022.6669921875,11664,0.0,0.0
2016-06-08 00:00:00+09:00,11022.667311946901,11121.083984375,10924.250639518805,11121.083984375,10959,0.0,0.0
2016-06-09 00:00:00+09:00,11121.084002130681,11219.50067471591,10825.833984375,10825.833984375,11111,0.0,0.0
2016-06-10 00:00:00+09:00,10825.832998685748,10924.249662310163,10530.5830078125,10530.5830078125,16176,0.0,0.0
2016-06-13 00:00:00+09:00,10432.166330030488,10530.582993521342,10087.7080078125,10087.7080078125,28459,0.0,0.0
2016-06-14 00:00:00+09:00,10087.708017069017,10481.374671393662,10087.708017069017,10382.9580078125,8345,0.0,0.0
2016-06-15 00:00:00+09:00,10432.166666666666,10776.625,10432.166666666666,10776.625,8515,0.0,0.0
2016-06-16 00:00:00+09:00,10776.625336269162,10776.625336269162,10333.750322449881,10432.1669921875,10615,0.0,0.0
2016-06-17 00:00:00+09:00,10382.958657318692,10776.625336269162,10284.541987581073,10432.1669921875,8941,0.0,0.0
2016-06-20 00:00:00+09:00,10333.74968056367,10579.791339624708,10186.124685127044,10530.5830078125,14013,0.0,0.0
2016-06-21 00:00:00+09:00,10481.374666654146,10579.791330190805,10235.3330078125,10235.3330078125,10860,0.0,0.0
2016-06-22 00:00:00+09:00,10235.333652712265,10579.791996793927,10235.333652712265,10432.1669921875,6689,0.0,0.0
2016-06-23 00:00:00+09:00,10481.375,10481.375,10136.916666666666,10481.375,13162,0.0,0.0
2016-06-24 00:00:00+09:00,10481.374651578204,10530.582983275754,9792.4580078125,9792.4580078125,62534,0.0,0.0
2016-06-27 00:00:00+09:00,9743.250304024174,10432.1669921875,9733.408637050412,10432.1669921875,21235,0.0,0.0
2016-06-28 00:00:00+09:00,10432.166983228211,10727.4169921875,10186.12530909547,10727.4169921875,24339,0.0,0.0
2016-06-29 00:00:00+09:00,10727.4169921875,11071.875335973338,10579.791987707857,10727.4169921875,15717,0.0,0.0
2016-06-30 00:00:00+09:00,10727.417311789774,10924.250656960226,10629.000639204545,10825.833984375,20226,0.0,0.0
2016-07-01 00:00:00+09:00,10973.458975732854,11121.083984375,10727.41729466261,11121.083984375,21553,0.0,0.0
2016-07-04 00:00:00+09:00,11022.666666666666,11219.5,10825.833333333332,11219.5,13197,0.0,0.0
2016-07-05 00:00:00+09:00,11121.083661760602,11219.500331333706,10875.041987827846,11022.6669921875,10993,0.0,0.0
2016-07-06 00:00:00+09:00,10973.458657400948,11022.6669921875,10678.20864868164,11022.6669921875,10974,0.0,0.0
2016-07-07 00:00:00+09:00,10875.041987827846,11022.6669921875,10776.625318254743,11022.6669921875,11004,0.0,0.0
2016-07-08 00:00:00+09:00,10924.250656960226,11071.875665838068,10727.417311789774,10825.833984375,10629,0.0,0.0
2016-07-11 00:00:00+09:00,10825.833975616591,10973.458984375,10727.417303110988,10973.458984375,26206,0.0,0.0
2016-07-12 00:00:00+09:00,10973.458333333332,11317.916666666666,10973.458333333332,11219.5,31649,0.0,0.0
2016-07-13 00:00:00+09:00,11170.291987941575,11416.333661684783,11121.083653192934,11317.9169921875,21942,0.0,0.0
2016-07-14 00:00:00+09:00,11317.916987996245,11465.5419921875,11219.500318535409,11465.5419921875,50430,0.0,0.0
2016-07-15 00:00:00+09:00,11465.541666666666,11563.958333333332,11367.125,11514.75,24286,0.0,0.0
2016-07-18 00:00:00+09:00,11416.333333333332,11514.75,11367.125,11514.75,7820,0.0,0.0
2016-07-19 00:00:00+09:00,11514.75032691792,11563.958661648338,11268.708653265827,11465.5419921875,18636,0.0,0.0
2016-07-20 00:00:00+09:00,11367.125648235453,11465.542320514547,11268.708975956359,11416.333984375,8064,0.0,0.0
2016-07-21 00:00:00+09:00,11367.125648235453,11416.333984375,11219.50063981681,11416.333984375,18948,0.0,0.0
2016-07-22 00:00:00+09:00,11416.333649320084,11760.7919921875,11268.708645234048,11760.7919921875,34511,0.0,0.0
2016-07-25 00:00:00+09:00,12006.83365752551,12302.083665497448,11760.79198421556,12056.0419921875,48253,0.0,0.0
2016-07-26 00:00:00+09:00,12056.041666666666,12203.666666666666,11908.416666666666,12105.25,26408,0.0,0.0
2016-07-27 00:00:00+09:00,12056.041666666666,12252.875,11957.625,12105.25,21337,0.0,0.0
2016-07-28 00:00:00+09:00,12056.04199622288,12203.667000258263,11760.791988152117,11908.4169921875,42651,0.0,0.0
2016-07-29 00:00:00+09:00,11908.416666666666,12695.75,11121.083333333332,11219.5,173386,0.0,0.0
2016-08-01 00:00:00+09:00,11219.5,11317.916666666666,10875.041666666666,11071.875,89614,0.0,0.0
2016-08-02 00:00:00+09:00,11121.083984375,11317.917329231193,10973.458975732854,11121.083984375,58163,0.0,0.0
2016-08-03 00:00:00+09:00,11268.708959755777,11957.625664719013,11219.500623686976,11711.583984375,77734,0.0,0.0
2016-08-04 00:00:00+09:00,11908.41698820153,12400.500334821429,11711.583649553571,12056.0419921875,91008,0.0,0.0
2016-08-05 00:00:00+09:00,12302.083665497448,12794.167012117347,11957.62532286352,12056.0419921875,81946,0.0,0.0
2016-08-08 00:00:00+09:00,12203.666666666666,12597.333333333332,12105.25,12252.875,39556,0.0,0.0
2016-08-09 00:00:00+09:00,12302.083920916066,13729.12565574233,12252.875585232401,13630.708984375,208478,0.0,0.0
2016-08-10 00:00:00+09:00,13729.12533762198,13729.12533762198,13187.833657644052,13237.0419921875,122024,0.0,0.0
2016-08-11 00:00:00+09:00,13286.25,13778.333333333332,13040.208333333332,13138.625,71005,0.0,0.0
2016-08-12 00:00:00+09:00,13384.666666666666,13483.083333333332,13040.208333333332,13433.875,29584,0.0,0.0
2016-08-16 00:00:00+09:00,13581.5,13975.166666666666,13187.833333333332,13581.5,56491,0.0,0.0
2016-08-17 00:00:00+09:00,13679.917342000934,13679.917342000934,12695.750626749068,13187.833984375,58828,0.0,0.0
2016-08-18 00:00:00+09:00,13187.833668870193,13335.458672626202,12794.1669921875,12794.1669921875,26573,0.0,0.0
2016-08-19 00:00:00+09:00,12744.95865390328,12991.000326758556,12646.54198476117,12941.7919921875,17657,0.0,0.0
2016-08-22 00:00:00+09:00,12744.958661387403,12892.583665187258,12597.33365758755,12646.5419921875,24203,0.0,0.0
2016-08-23 00:00:00+09:00,12646.541666666666,12695.75,12154.458333333332,12400.5,38563,0.0,0.0
2016-08-24 00:00:00+09:00,12400.50033077117,12498.917000063004,12203.6669921875,12203.6669921875,20034,0.0,0.0
2016-08-25 00:00:00+09:00,12203.667328381147,12351.292336385757,12006.833984375,12006.833984375,11398,0.0,0.0
2016-08-26 00:00:00+09:00,12006.833653603831,12351.291996125252,12006.833653603831,12203.6669921875,9782,0.0,0.0
2016-08-29 00:00:00+09:00,12203.666666666666,12252.875,11810.0,11810.0,31057,0.0,0.0
2016-08-30 00:00:00+09:00,11810.0,12203.666666666666,11810.0,12105.25,23516,0.0,0.0
2016-08-31 00:00:00+09:00,12154.458333333332,12252.875,11908.416666666666,12252.875,23844,0.0,0.0
2016-09-01 00:00:00+09:00,12252.875648437499,12302.083984375,12154.458976562499,12302.083984375,12366,0.0,0.0
2016-09-02 00:00:00+09:00,12302.083333333332,12449.708333333332,12105.25,12400.5,18934,0.0,0.0
2016-09-05 00:00:00+09:00,12400.50064086914,12695.75065612793,12351.292304992676,12597.333984375,21178,0.0,0.0
2016-09-06 00:00:00+09:00,12597.333661417324,12794.166999876968,12302.083653727856,12498.9169921875,21703,0.0,0.0
2016-09-07 00:00:00+09:00,12400.5,12498.916666666666,12252.875,12400.5,8941,0.0,0.0
2016-09-08 00:00:00+09:00,12351.291666666666,12449.708333333332,12006.833333333332,12105.25,21406,0.0,0.0
2016-09-09 00:00:00+09:00,12105.25,12252.875,11908.416666666666,12105.25,11770,0.0,0.0
2016-09-12 00:00:00+09:00,12006.83400930851,12203.667353723404,11563.958984375,11563.958984375,9858,0.0,0.0
2016-09-13 00:00:00+09:00,12056.04231243674,12302.083992282389,11760.792296621965,12154.458984375,16766,0.0,0.0
2016-09-19 00:00:00+09:00,12056.041666666666,12548.125,12056.041666666666,12548.125,21109,0.0,0.0
2016-09-20 00:00:00+09:00,12597.333333333332,12597.333333333332,12351.291666666666,12548.125,13525,0.0,0.0
2016-09-21 00:00:00+09:00,12843.375,12843.375,12203.666666666666,12400.5,16394,0.0,0.0
2016-09-22 00:00:00+09:00,12498.916666666666,12498.916666666666,12203.666666666666,12400.5,22845,0.0,0.0
2016-09-23 00:00:00+09:00,12941.7919921875,13384.667003326997,12400.500311905895,12941.7919921875,60707,0.0,0.0
2016-09-26 00:00:00+09:00,12695.75,13187.833333333332,12597.333333333332,12991.0,66011,0.0,0.0
2016-09-27 00:00:00+09:00,12991.0,13975.166666666666,12449.708333333332,13138.625,313960,0.0,0.0
2016-09-28 00:00:00+09:00,13384.667327425374,13384.667327425374,13089.417312849813,13187.833984375,46783,0.0,0.0
2016-09-29 00:00:00+09:00,13040.208333333332,13237.041666666666,12892.583333333332,12991.0,23826,0.0,0.0
2016-09-30 00:00:00+09:00,12794.166666666666,12941.791666666666,12646.541666666666,12695.75,25387,0.0,0.0
2016-10-04 00:00:00+09:00,12597.333333333332,12794.166666666666,12548.125,12695.75,17519,0.0,0.0
2016-10-05 00:00:00+09:00,12794.166666666666,12991.0,12744.958333333332,12991.0,15989,0.0,0.0
2016-10-06 00:00:00+09:00,13040.208333333332,13040.208333333332,12843.375,12991.0,6801,0.0,0.0
2016-10-07 00:00:00+09:00,13089.416995900665,13089.416995900665,12794.166988474335,12941.7919921875,15722,0.0,0.0
2016-10-10 00:00:00+09:00,12941.79231279481,13286.25066332547,12941.79231279481,13040.208984375,16392,0.0,0.0
2016-10-11 00:00:00+09:00,13040.208991829675,13040.208991829675,12695.750641102099,12892.583984375,14940,0.0,0.0
2016-10-12 00:00:00+09:00,12892.583661358172,12892.583661358172,12646.54198843149,12794.1669921875,7710,0.0,0.0
2016-10-13 00:00:00+09:00,12794.16731273855,13089.417327647901,12646.542305283874,12892.583984375,22377,0.0,0.0
2016-10-14 00:00:00+09:00,12892.583665187258,12892.583665187258,12646.5419921875,12646.5419921875,11691,0.0,0.0
2016-10-17 00:00:00+09:00,12794.166666666666,12892.583333333332,12548.125,12843.375,12149,0.0,0.0
2016-10-18 00:00:00+09:00,12843.37533449188,12843.37533449188,12498.9169921875,12498.9169921875,9318,0.0,0.0
2016-10-19 00:00:00+09:00,12498.916666666666,12695.75,12351.291666666666,12400.5,8221,0.0,0.0
2016-10-20 00:00:00+09:00,12351.291666666666,12548.125,12203.666666666666,12252.875,5080,0.0,0.0
2016-10-21 00:00:00+09:00,12252.875319112944,12498.9169921875,12252.875319112944,12498.9169921875,7513,0.0,0.0
2016-10-24 00:00:00+09:00,12498.916666666666,12695.75,12400.5,12695.75,3735,0.0,0.0
2016-10-25 00:00:00+09:00,12695.750326787453,12695.750326787453,12302.08364998784,12646.5419921875,7487,0.0,0.0
2016-10-26 00:00:00+09:00,12548.125,12548.125,12056.041666666666,12105.25,10840,0.0,0.0
2016-10-27 00:00:00+09:00,12105.250311588035,12646.5419921875,12105.250311588035,12646.5419921875,9251,0.0,0.0
2016-10-28 00:00:00+09:00,12646.542312680986,12744.958984375,12351.292297598939,12744.958984375,4279,0.0,0.0
2016-10-31 00:00:00+09:00,12695.75,12794.166666666666,11514.75,11514.75,83494,0.0,0.0
2016-11-01 00:00:00+09:00,11416.333984375,11760.792337351832,11416.333984375,11416.333984375,8523,0.0,0.0
2016-11-02 00:00:00+09:00,11416.333333333332,11563.958333333332,10776.625,10776.625,38153,0.0,0.0
2016-11-03 00:00:00+09:00,10727.416979281386,11170.2919921875,10727.416979281386,11170.2919921875,15366,0.0,0.0
2016-11-04 00:00:00+09:00,11121.083333333332,11121.083333333332,10678.208333333332,10924.25,18952,0.0,0.0
2016-11-07 00:00:00+09:00,10924.250326993779,11071.875331412613,10629.000318156108,10875.0419921875,15452,0.0,0.0
2016-11-08 00:00:00+09:00,10776.62466687354,10973.457994122371,10530.5830078125,10530.5830078125,21488,0.0,0.0
2016-11-09 00:00:00+09:00,10629.000341322815,10727.417011149879,9841.66698270631,10136.9169921875,63402,0.0,0.0
2016-11-10 00:00:00+09:00,10284.541983103198,10579.7919921875,10284.541983103198,10579.7919921875,13742,0.0,0.0
2016-11-11 00:00:00+09:00,10579.79229435258,11022.667320627803,10382.958949341368,10973.458984375,25145,0.0,0.0
2016-11-14 00:00:00+09:00,10924.250322614398,11022.6669921875,10825.833653041294,11022.6669921875,6132,0.0,0.0
2016-11-15 00:00:00+09:00,11022.66632593458,11022.66632593458,10530.5830078125,10530.5830078125,23835,0.0,0.0
2016-11-16 00:00:00+09:00,10727.417311789774,11022.667329545455,10579.792302911932,10825.833984375,23958,0.0,0.0
2016-11-17 00:00:00+09:00,10825.833333333332,11219.5,10727.416666666666,11219.5,20713,0.0,0.0
2016-11-18 00:00:00+09:00,11170.292320589047,11170.292320589047,10924.250639518805,11121.083984375,6179,0.0,0.0
2016-11-21 00:00:00+09:00,11071.875,11071.875,10825.833333333332,10924.25,7388,0.0,0.0
2016-11-22 00:00:00+09:00,11022.666666666666,11022.666666666666,10825.833333333332,10924.25,4884,0.0,0.0
2016-11-23 00:00:00+09:00,10924.25,10924.25,10629.0,10776.625,7160,0.0,0.0
2016-11-24 00:00:00+09:00,10776.625336269162,10776.625336269162,10333.750322449881,10432.1669921875,18040,0.0,0.0
2016-11-25 00:00:00+09:00,10481.375322492733,10579.7919921875,10284.541983103198,10579.7919921875,3001,0.0,0.0
2016-11-28 00:00:00+09:00,10579.791339624708,10678.208003249125,10432.166344188085,10530.5830078125,3279,0.0,0.0
2016-11-29 00:00:00+09:00,10481.37531805476,10727.4169921875,10382.958648401664,10727.4169921875,5603,0.0,0.0
2016-11-30 00:00:00+09:00,10629.000639204545,10825.833984375,10481.375630326704,10825.833984375,8053,0.0,0.0
2016-12-01 00:00:00+09:00,10727.417303110988,11071.875656880606,10629.000630605382,10973.458984375,14193,0.0,0.0
2016-12-02 00:00:00+09:00,10973.458333333332,10973.458333333332,10727.416666666666,10924.25,7593,0.0,0.0
2016-12-05 00:00:00+09:00,10875.042320667613,10924.250656960226,10629.000639204545,10825.833984375,9522,0.0,0.0
2016-12-06 00:00:00+09:00,10825.833657381221,10875.0419921875,10579.79198334983,10875.0419921875,10200,0.0,0.0
2016-12-07 00:00:00+09:00,10776.625648082387,10825.833984375,10579.792302911932,10825.833984375,4282,0.0,0.0
2016-12-08 00:00:00+09:00,10825.833333333332,10924.25,10678.208333333332,10924.25,10514,0.0,0.0
2016-12-09 00:00:00+09:00,10727.416666666666,11121.083333333332,10727.416666666666,11071.875,16884,0.0,0.0
2016-12-12 00:00:00+09:00,11071.875326974052,11071.875326974052,10973.458657400948,11022.6669921875,8244,0.0,0.0
2016-12-13 00:00:00+09:00,11022.66730349345,11268.708984375,10776.625622611899,11268.708984375,47186,0.0,0.0
2016-12-14 00:00:00+09:00,11268.708333333332,11317.916666666666,10973.458333333332,11219.5,18408,0.0,0.0
2016-12-15 00:00:00+09:00,11121.083333333332,11170.291666666666,11022.666666666666,11071.875,9074,0.0,0.0
2016-12-16 00:00:00+09:00,11170.291987941575,11317.9169921875,10973.458648947011,11317.9169921875,21132,0.0,0.0
2016-12-19 00:00:00+09:00,11317.917303856382,11563.958984375,11170.292295545212,11563.958984375,14111,0.0,0.0
2016-12-20 00:00:00+09:00,11514.750656654096,11514.750656654096,11416.333984375,11416.333984375,4373,0.0,0.0
2016-12-21 00:00:00+09:00,11416.33399290393,11514.75066525655,11268.708984375,11268.708984375,3786,0.0,0.0
2016-12-22 00:00:00+09:00,11268.708333333332,11859.208333333332,11268.708333333332,11810.0,24563,0.0,0.0
2016-12-23 00:00:00+09:00,11859.208333333332,11908.416666666666,11662.375,11810.0,8387,0.0,0.0
2016-12-26 00:00:00+09:00,11810.000326882846,11859.208661578192,11563.95865340612,11760.7919921875,8558,0.0,0.0
2016-12-27 00:00:00+09:00,11810.0,11859.208333333332,11613.166666666666,11810.0,10456,0.0,0.0
2016-12-28 00:00:00+09:00,12000.0,12050.0,11750.0,11950.0,6671,190.0,0.0
2016-12-29 00:00:00+09:00,11950.0,12050.0,11750.0,12050.0,8596,0.0,0.0
2017-01-02 00:00:00+09:00,12000.0,12000.0,11700.0,11750.0,10551,0.0,0.0
2017-01-03 00:00:00+09:00,11750.0,12000.0,11750.0,12000.0,12519,0.0,0.0
2017-01-04 00:00:00+09:00,12000.0,12050.0,11750.0,11850.0,16253,0.0,0.0
2017-01-05 00:00:00+09:00,11950.0,12050.0,11800.0,11950.0,15915,0.0,0.0
2017-01-06 00:00:00+09:00,11850.0,12000.0,11850.0,12000.0,6124,0.0,0.0
2017-01-09 00:00:00+09:00,12000.0,12050.0,11900.0,12000.0,5081,0.0,0.0
2017-01-10 00:00:00+09:00,11950.0,12000.0,11850.0,12000.0,8510,0.0,0.0
2017-01-11 00:00:00+09:00,12000.0,12000.0,11800.0,11900.0,8714,0.0,0.0
2017-01-12 00:00:00+09:00,11900.0,12000.0,11750.0,12000.0,11967,0.0,0.0
2017-01-13 00:00:00+09:00,12000.0,12350.0,11950.0,12350.0,23392,0.0,0.0
2017-01-16 00:00:00+09:00,12350.0,12350.0,12100.0,12150.0,8540,0.0,0.0
2017-01-17 00:00:00+09:00,12200.0,12200.0,11950.0,11950.0,7343,0.0,0.0
2017-01-18 00:00:00+09:00,11950.0,12200.0,11900.0,12150.0,10809,0.0,0.0
2017-01-19 00:00:00+09:00,12200.0,12200.0,11900.0,12000.0,7490,0.0,0.0
2017-01-20 00:00:00+09:00,12000.0,12150.0,11950.0,12000.0,6057,0.0,0.0
2017-01-23 00:00:00+09:00,12000.0,12100.0,11900.0,12050.0,7621,0.0,0.0
2017-01-24 00:00:00+09:00,11950.0,12000.0,11750.0,11900.0,6267,0.0,0.0
2017-01-25 00:00:00+09:00,11900.0,11950.0,11800.0,11900.0,3522,0.0,0.0
2017-01-26 00:00:00+09:00,11900.0,11950.0,11800.0,11950.0,3197,0.0,0.0
2017-01-31 00:00:00+09:00,11850.0,12050.0,11800.0,12050.0,2450,0.0,0.0
2017-02-01 00:00:00+09:00,11950.0,12100.0,11850.0,12100.0,5728,0.0,0.0
2017-02-02 00:00:00+09:00,12100.0,12100.0,11800.0,12000.0,7828,0.0,0.0
2017-02-03 00:00:00+09:00,12000.0,12000.0,11750.0,11800.0,6756,0.0,0.0
2017-02-06 00:00:00+09:00,11800.0,11800.0,11650.0,11800.0,4537,0.0,0.0
2017-02-07 00:00:00+09:00,11800.0,11800.0,11600.0,11750.0,4678,0.0,0.0
2017-02-08 00:00:00+09:00,11600.0,11750.0,11350.0,11550.0,7244,0.0,0.0
2017-02-09 00:00:00+09:00,11550.0,11550.0,11400.0,11500.0,5673,0.0,0.0
2017-02-10 00:00:00+09:00,11500.0,11750.0,11350.0,11700.0,7774,0.0,0.0
2017-02-13 00:00:00+09:00,11700.0,11700.0,11500.0,11700.0,6107,0.0,0.0
2017-02-14 00:00:00+09:00,11550.0,11700.0,11500.0,11700.0,5738,0.0,0.0
2017-02-15 00:00:00+09:00,11700.0,11800.0,11550.0,11800.0,8596,0.0,0.0
2017-02-16 00:00:00+09:00,11650.0,12050.0,11550.0,12000.0,9588,0.0,0.0
2017-02-17 00:00:00+09:00,11900.0,12000.0,11850.0,12000.0,5492,0.0,0.0
2017-02-20 00:00:00+09:00,12000.0,12200.0,11900.0,12150.0,14147,0.0,0.0
2017-02-21 00:00:00+09:00,12300.0,12300.0,11950.0,11950.0,30856,0.0,0.0
2017-02-22 00:00:00+09:00,12000.0,12000.0,11850.0,11850.0,4150,0.0,0.0
2017-02-23 00:00:00+09:00,11900.0,11900.0,11650.0,11650.0,9941,0.0,0.0
2017-02-24 00:00:00+09:00,11650.0,11800.0,11600.0,11600.0,5183,0.0,0.0
2017-02-27 00:00:00+09:00,11500.0,11900.0,11500.0,11650.0,10622,0.0,0.0
2017-02-28 00:00:00+09:00,11800.0,11850.0,11550.0,11750.0,4880,0.0,0.0
2017-03-02 00:00:00+09:00,11650.0,11800.0,11450.0,11600.0,32054,0.0,0.0
2017-03-03 00:00:00+09:00,11600.0,11600.0,11400.0,11550.0,3875,0.0,0.0
2017-03-06 00:00:00+09:00,11550.0,11550.0,11400.0,11500.0,4761,0.0,0.0
2017-03-07 00:00:00+09:00,11500.0,11550.0,11350.0,11500.0,6121,0.0,0.0
2017-03-08 00:00:00+09:00,11500.0,11600.0,11400.0,11500.0,6534,0.0,0.0
2017-03-09 00:00:00+09:00,11400.0,11500.0,11400.0,11400.0,6588,0.0,0.0
2017-03-10 00:00:00+09:00,11400.0,11450.0,11250.0,11450.0,4982,0.0,0.0
2017-03-13 00:00:00+09:00,11700.0,11700.0,11450.0,11650.0,8708,0.0,0.0
2017-03-14 00:00:00+09:00,11750.0,11800.0,11550.0,11750.0,5952,0.0,0.0
2017-03-15 00:00:00+09:00,11750.0,11750.0,11550.0,11700.0,5098,0.0,0.0
2017-03-16 00:00:00+09:00,11600.0,11600.0,11400.0,11500.0,17526,0.0,0.0
2017-03-17 00:00:00+09:00,11450.0,11450.0,11150.0,11300.0,18152,0.0,0.0
2017-03-20 00:00:00+09:00,11300.0,11350.0,11100.0,11300.0,10950,0.0,0.0
2017-03-21 00:00:00+09:00,11250.0,11400.0,11150.0,11350.0,5311,0.0,0.0
2017-03-22 00:00:00+09:00,11300.0,11300.0,11050.0,11300.0,8363,0.0,0.0
2017-03-23 00:00:00+09:00,11300.0,11350.0,11150.0,11350.0,3926,0.0,0.0
2017-03-24 00:00:00+09:00,11250.0,11350.0,11150.0,11350.0,8497,0.0,0.0
2017-03-27 00:00:00+09:00,11350.0,11350.0,11200.0,11300.0,5623,0.0,0.0
2017-03-28 00:00:00+09:00,11250.0,11500.0,11200.0,11350.0,19387,0.0,0.0
2017-03-29 00:00:00+09:00,11350.0,11400.0,11150.0,11350.0,23178,0.0,0.0
2017-03-30 00:00:00+09:00,11350.0,11350.0,11200.0,11300.0,6504,0.0,0.0
2017-03-31 00:00:00+09:00,11300.0,11350.0,11250.0,11300.0,4742,0.0,0.0
2017-04-03 00:00:00+09:00,11300.0,11500.0,11300.0,11350.0,10353,0.0,0.0
2017-04-04 00:00:00+09:00,11400.0,11500.0,11200.0,11300.0,7188,0.0,0.0
2017-04-05 00:00:00+09:00,11300.0,11400.0,11300.0,11350.0,4408,0.0,0.0
2017-04-06 00:00:00+09:00,11350.0,11450.0,11200.0,11450.0,21853,0.0,0.0
2017-04-07 00:00:00+09:00,11450.0,11450.0,11300.0,11350.0,9484,0.0,0.0
2017-04-10 00:00:00+09:00,11350.0,11450.0,11150.0,11350.0,23188,0.0,0.0
2017-04-11 00:00:00+09:00,11250.0,11350.0,11150.0,11150.0,9700,0.0,0.0
2017-04-12 00:00:00+09:00,11250.0,11300.0,11150.0,11200.0,8378,0.0,0.0
2017-04-13 00:00:00+09:00,11200.0,11300.0,11150.0,11300.0,29117,0.0,0.0
2017-04-14 00:00:00+09:00,11200.0,11300.0,11100.0,11250.0,7422,0.0,0.0
2017-04-17 00:00:00+09:00,11250.0,11250.0,11100.0,11200.0,12300,0.0,0.0
2017-04-18 00:00:00+09:00,11150.0,11250.0,11150.0,11250.0,3966,0.0,0.0
2017-04-19 00:00:00+09:00,11250.0,11400.0,11100.0,11350.0,27588,0.0,0.0
2017-04-20 00:00:00+09:00,11400.0,11400.0,11200.0,11400.0,11598,0.0,0.0
2017-04-21 00:00:00+09:00,11400.0,11600.0,11300.0,11600.0,15262,0.0,0.0
2017-04-24 00:00:00+09:00,11400.0,11600.0,11400.0,11500.0,10783,0.0,0.0
2017-04-25 00:00:00+09:00,11500.0,11500.0,11300.0,11500.0,2461,0.0,0.0
2017-04-26 00:00:00+09:00,11350.0,11750.0,11350.0,11550.0,18507,0.0,0.0
2017-04-27 00:00:00+09:00,11550.0,11550.0,11350.0,11400.0,6708,0.0,0.0
2017-04-28 00:00:00+09:00,11400.0,11600.0,11350.0,11450.0,3277,0.0,0.0
2017-05-02 00:00:00+09:00,11500.0,11550.0,11350.0,11350.0,3246,0.0,0.0
2017-05-04 00:00:00+09:00,11350.0,11600.0,11350.0,11600.0,4823,0.0,0.0
2017-05-08 00:00:00+09:00,11600.0,11750.0,11500.0,11750.0,12888,0.0,0.0
2017-05-10 00:00:00+09:00,11950.0,11950.0,11500.0,11600.0,15925,0.0,0.0
2017-05-11 00:00:00+09:00,11700.0,11700.0,11450.0,11550.0,6097,0.0,0.0
2017-05-12 00:00:00+09:00,11550.0,11650.0,11450.0,11650.0,6970,0.0,0.0
2017-05-15 00:00:00+09:00,11650.0,11750.0,11500.0,11700.0,7725,0.0,0.0
2017-05-16 00:00:00+09:00,11550.0,11900.0,11500.0,11750.0,45489,0.0,0.0
2017-05-17 00:00:00+09:00,11850.0,11900.0,11700.0,11850.0,23959,0.0,0.0
2017-05-18 00:00:00+09:00,11800.0,11850.0,11700.0,11800.0,14132,0.0,0.0
2017-05-19 00:00:00+09:00,11800.0,12000.0,11700.0,11950.0,19237,0.0,0.0
2017-05-22 00:00:00+09:00,12000.0,12250.0,11900.0,12200.0,22427,0.0,0.0
2017-05-23 00:00:00+09:00,12150.0,12400.0,12150.0,12200.0,17457,0.0,0.0
2017-05-24 00:00:00+09:00,12250.0,12300.0,12050.0,12100.0,10810,0.0,0.0
2017-05-25 00:00:00+09:00,12200.0,12250.0,12050.0,12100.0,10658,0.0,0.0
2017-05-26 00:00:00+09:00,12100.0,12400.0,12000.0,12200.0,19605,0.0,0.0
2017-05-29 00:00:00+09:00,12200.0,12200.0,12050.0,12050.0,7265,0.0,0.0
2017-05-30 00:00:00+09:00,12100.0,12200.0,12050.0,12050.0,8227,0.0,0.0
2017-05-31 00:00:00+09:00,12150.0,12150.0,12000.0,12050.0,4012,0.0,0.0
2017-06-01 00:00:00+09:00,12050.0,12100.0,12000.0,12100.0,3740,0.0,0.0
2017-06-02 00:00:00+09:00,12050.0,12200.0,12000.0,12200.0,5535,0.0,0.0
2017-06-05 00:00:00+09:00,12100.0,12350.0,12100.0,12100.0,4542,0.0,0.0
2017-06-07 00:00:00+09:00,12050.0,12150.0,11950.0,12150.0,4152,0.0,0.0
2017-06-08 00:00:00+09:00,12200.0,12300.0,12000.0,12300.0,15102,0.0,0.0
2017-06-09 00:00:00+09:00,12150.0,12300.0,12000.0,12250.0,9893,0.0,0.0
2017-06-12 00:00:00+09:00,12300.0,12300.0,12100.0,12200.0,2339,0.0,0.0
2017-06-13 00:00:00+09:00,12200.0,12300.0,12100.0,12250.0,6514,0.0,0.0
2017-06-14 00:00:00+09:00,12250.0,12350.0,12150.0,12300.0,4258,0.0,0.0
2017-06-15 00:00:00+09:00,12300.0,12300.0,12050.0,12100.0,3129,0.0,0.0
2017-06-16 00:00:00+09:00,12100.0,12100.0,11950.0,12050.0,3435,0.0,0.0
2017-06-19 00:00:00+09:00,12000.0,12050.0,11750.0,11800.0,18894,0.0,0.0
2017-06-20 00:00:00+09:00,11850.0,11850.0,11700.0,11700.0,8595,0.0,0.0
2017-06-21 00:00:00+09:00,11700.0,11800.0,11700.0,11750.0,2305,0.0,0.0
2017-06-22 00:00:00+09:00,11650.0,11800.0,11500.0,11650.0,6727,0.0,0.0
2017-06-23 00:00:00+09:00,11650.0,11750.0,11500.0,11750.0,29371,0.0,0.0
2017-06-26 00:00:00+09:00,11750.0,11900.0,11750.0,11900.0,31269,0.0,0.0
2017-06-27 00:00:00+09:00,11850.0,12000.0,11750.0,12000.0,8688,0.0,0.0
2017-06-28 00:00:00+09:00,11900.0,12100.0,11800.0,12100.0,18680,0.0,0.0
2017-06-29 00:00:00+09:00,12100.0,12200.0,11850.0,12150.0,9246,0.0,0.0
2017-06-30 00:00:00+09:00,12050.0,12150.0,11950.0,12050.0,2482,0.0,0.0
2017-07-03 00:00:00+09:00,11900.0,12100.0,11900.0,12050.0,1526,0.0,0.0
2017-07-04 00:00:00+09:00,12050.0,12150.0,11650.0,12000.0,26148,0.0,0.0
2017-07-05 00:00:00+09:00,12000.0,12050.0,11800.0,12000.0,9418,0.0,0.0
2017-07-06 00:00:00+09:00,12000.0,12100.0,11850.0,12100.0,12036,0.0,0.0
2017-07-07 00:00:00+09:00,12050.0,12150.0,11900.0,12100.0,15322,0.0,0.0
2017-07-10 00:00:00+09:00,12100.0,12100.0,11900.0,12100.0,3019,0.0,0.0
2017-07-11 00:00:00+09:00,12100.0,12100.0,11800.0,12000.0,4558,0.0,0.0
2017-07-12 00:00:00+09:00,12000.0,12000.0,11800.0,11800.0,3606,0.0,0.0
2017-07-13 00:00:00+09:00,11800.0,11950.0,11700.0,11900.0,3952,0.0,0.0
2017-07-14 00:00:00+09:00,11900.0,11900.0,11700.0,11900.0,4795,0.0,0.0
2017-07-17 00:00:00+09:00,11800.0,11950.0,11800.0,11950.0,2338,0.0,0.0
2017-07-18 00:00:00+09:00,12000.0,12000.0,11750.0,11900.0,5924,0.0,0.0
2017-07-19 00:00:00+09:00,11850.0,12050.0,11750.0,12050.0,12598,0.0,0.0
2017-07-20 00:00:00+09:00,12050.0,12300.0,11900.0,12300.0,51111,0.0,0.0
2017-07-21 00:00:00+09:00,12300.0,12550.0,12200.0,12550.0,44199,0.0,0.0
2017-07-24 00:00:00+09:00,12600.0,12600.0,12350.0,12350.0,11620,0.0,0.0
2017-07-25 00:00:00+09:00,12500.0,12500.0,12250.0,12500.0,17288,0.0,0.0
2017-07-26 00:00:00+09:00,12500.0,12600.0,12450.0,12600.0,33429,0.0,0.0
2017-07-27 00:00:00+09:00,12450.0,12900.0,12450.0,12900.0,21432,0.0,0.0
2017-07-28 00:00:00+09:00,12850.0,12850.0,12700.0,12800.0,8605,0.0,0.0
2017-07-31 00:00:00+09:00,12450.0,12500.0,11800.0,11950.0,27614,0.0,0.0
2017-08-01 00:00:00+09:00,11800.0,12300.0,11550.0,11550.0,17845,0.0,0.0
2017-08-02 00:00:00+09:00,11550.0,11750.0,11550.0,11750.0,8224,0.0,0.0
2017-08-03 00:00:00+09:00,11600.0,11800.0,11250.0,11250.0,12290,0.0,0.0
2017-08-04 00:00:00+09:00,11100.0,11300.0,10850.0,11150.0,20493,0.0,0.0
2017-08-07 00:00:00+09:00,11150.0,11400.0,11150.0,11400.0,5175,0.0,0.0
2017-08-08 00:00:00+09:00,11100.0,11450.0,11100.0,11400.0,6326,0.0,0.0
2017-08-09 00:00:00+09:00,11350.0,11350.0,10950.0,11150.0,7190,0.0,0.0
2017-08-10 00:00:00+09:00,11050.0,11250.0,10900.0,11050.0,4039,0.0,0.0
2017-08-11 00:00:00+09:00,11050.0,11050.0,10700.0,11000.0,7882,0.0,0.0
2017-08-14 00:00:00+09:00,11000.0,11000.0,10800.0,10900.0,1115,0.0,0.0
2017-08-16 00:00:00+09:00,10900.0,11100.0,10900.0,10950.0,1717,0.0,0.0
2017-08-17 00:00:00+09:00,11150.0,11150.0,10950.0,11000.0,1278,0.0,0.0
2017-08-18 00:00:00+09:00,11100.0,11100.0,10900.0,11100.0,2567,0.0,0.0
2017-08-21 00:00:00+09:00,11150.0,11150.0,11000.0,11100.0,692,0.0,0.0
2017-08-22 00:00:00+09:00,11000.0,11050.0,10300.0,10400.0,32989,0.0,0.0
2017-08-23 00:00:00+09:00,10450.0,10550.0,10400.0,10500.0,2421,0.0,0.0
2017-08-24 00:00:00+09:00,10500.0,10750.0,10450.0,10750.0,2493,0.0,0.0
2017-08-25 00:00:00+09:00,10750.0,10750.0,10600.0,10700.0,961,0.0,0.0
2017-08-28 00:00:00+09:00,10700.0,11000.0,10550.0,11000.0,15025,0.0,0.0
2017-08-29 00:00:00+09:00,10950.0,11000.0,10750.0,11000.0,7423,0.0,0.0
2017-08-30 00:00:00+09:00,11050.0,11050.0,10850.0,10850.0,2668,0.0,0.0
2017-08-31 00:00:00+09:00,10850.0,11000.0,10650.0,10650.0,8203,0.0,0.0
2017-09-01 00:00:00+09:00,10700.0,10800.0,10650.0,10700.0,1763,0.0,0.0
2017-09-04 00:00:00+09:00,10650.0,11000.0,10450.0,11000.0,6000,0.0,0.0
2017-09-05 00:00:00+09:00,10900.0,10900.0,10450.0,10550.0,4274,0.0,0.0
2017-09-06 00:00:00+09:00,10450.0,10650.0,10400.0,10550.0,5728,0.0,0.0
2017-09-07 00:00:00+09:00,10550.0,10950.0,10500.0,10800.0,3571,0.0,0.0
2017-09-08 00:00:00+09:00,10650.0,10900.0,10650.0,10700.0,6557,0.0,0.0
2017-09-11 00:00:00+09:00,10700.0,10800.0,10650.0,10800.0,1700,0.0,0.0
2017-09-12 00:00:00+09:00,10700.0,10950.0,10600.0,10950.0,5532,0.0,0.0
2017-09-13 00:00:00+09:00,10950.0,10950.0,10700.0,10800.0,2921,0.0,0.0
2017-09-14 00:00:00+09:00,10800.0,10850.0,10700.0,10850.0,1850,0.0,0.0
2017-09-15 00:00:00+09:00,10850.0,10850.0,10650.0,10650.0,1052,0.0,0.0
2017-09-18 00:00:00+09:00,10650.0,10800.0,10650.0,10800.0,1959,0.0,0.0
2017-09-19 00:00:00+09:00,10800.0,10800.0,10550.0,10650.0,2472,0.0,0.0
2017-09-20 00:00:00+09:00,10650.0,10650.0,10500.0,10600.0,4459,0.0,0.0
2017-09-21 00:00:00+09:00,10600.0,10600.0,10200.0,10200.0,7191,0.0,0.0
2017-09-25 00:00:00+09:00,9980.0,10000.0,9870.0,9900.0,5376,0.0,0.0
2017-09-26 00:00:00+09:00,9900.0,10050.0,9530.0,10050.0,69669,0.0,0.0
2017-09-27 00:00:00+09:00,10050.0,10100.0,9860.0,9950.0,2405,0.0,0.0
2017-09-28 00:00:00+09:00,9950.0,10850.0,9950.0,10400.0,15695,0.0,0.0
2017-09-29 00:00:00+09:00,10550.0,10750.0,10250.0,10750.0,11968,0.0,0.0
2017-10-10 00:00:00+09:00,10600.0,10700.0,10400.0,10400.0,9165,0.0,0.0
2017-10-11 00:00:00+09:00,10400.0,10600.0,10250.0,10250.0,8428,0.0,0.0
2017-10-12 00:00:00+09:00,10250.0,10400.0,10250.0,10250.0,2926,0.0,0.0
2017-10-13 00:00:00+09:00,10250.0,10600.0,10250.0,10300.0,8527,0.0,0.0
2017-10-16 00:00:00+09:00,10300.0,10400.0,10250.0,10300.0,2064,0.0,0.0
2017-10-17 00:00:00+09:00,10300.0,10700.0,10150.0,10700.0,8717,0.0,0.0
2017-10-18 00:00:00+09:00,10750.0,10900.0,10500.0,10850.0,11648,0.0,0.0
2017-10-19 00:00:00+09:00,10850.0,11000.0,10800.0,11000.0,16131,0.0,0.0
2017-10-20 00:00:00+09:00,11000.0,11050.0,10800.0,11000.0,3946,0.0,0.0
2017-10-23 00:00:00+09:00,11100.0,11250.0,11000.0,11200.0,8398,0.0,0.0
2017-10-24 00:00:00+09:00,11200.0,11300.0,11100.0,11250.0,3555,0.0,0.0
2017-10-25 00:00:00+09:00,11250.0,11250.0,11050.0,11250.0,2648,0.0,0.0
2017-10-26 00:00:00+09:00,11250.0,11250.0,11050.0,11100.0,3419,0.0,0.0
2017-10-27 00:00:00+09:00,11100.0,11300.0,11100.0,11300.0,3716,0.0,0.0
2017-10-30 00:00:00+09:00,11300.0,11300.0,11100.0,11300.0,5155,0.0,0.0
2017-10-31 00:00:00+09:00,11350.0,11500.0,11300.0,11500.0,7567,0.0,0.0
2017-11-01 00:00:00+09:00,11500.0,11500.0,11300.0,11400.0,4708,0.0,0.0
2017-11-02 00:00:00+09:00,11400.0,11400.0,11200.0,11300.0,6028,0.0,0.0
2017-11-03 00:00:00+09:00,11300.0,11300.0,11200.0,11200.0,3618,0.0,0.0
2017-11-06 00:00:00+09:00,11100.0,11350.0,11100.0,11300.0,3381,0.0,0.0
2017-11-07 00:00:00+09:00,11300.0,11450.0,11250.0,11300.0,3464,0.0,0.0
2017-11-08 00:00:00+09:00,11250.0,11700.0,11250.0,11600.0,9675,0.0,0.0
2017-11-09 00:00:00+09:00,11700.0,11750.0,11500.0,11750.0,11096,0.0,0.0
2017-11-10 00:00:00+09:00,11800.0,11900.0,11550.0,11800.0,5084,0.0,0.0
2017-11-13 00:00:00+09:00,11800.0,11950.0,11550.0,11950.0,11473,0.0,0.0
2017-11-14 00:00:00+09:00,11900.0,12050.0,11900.0,12000.0,9054,0.0,0.0
2017-11-15 00:00:00+09:00,12000.0,12150.0,11850.0,12050.0,12966,0.0,0.0
2017-11-16 00:00:00+09:00,12150.0,12350.0,11950.0,12100.0,20073,0.0,0.0
2017-11-17 00:00:00+09:00,12100.0,12100.0,11750.0,12000.0,6159,0.0,0.0
2017-11-20 00:00:00+09:00,12000.0,12000.0,11750.0,11750.0,5039,0.0,0.0
2017-11-21 00:00:00+09:00,11900.0,11900.0,11500.0,11650.0,4714,0.0,0.0
2017-11-22 00:00:00+09:00,11950.0,11950.0,11650.0,11900.0,3641,0.0,0.0
2017-11-23 00:00:00+09:00,11900.0,12100.0,11750.0,12100.0,5194,0.0,0.0
2017-11-24 00:00:00+09:00,12150.0,12300.0,11800.0,12100.0,1993,0.0,0.0
2017-11-27 00:00:00+09:00,12150.0,12150.0,11700.0,11700.0,1251,0.0,0.0
2017-11-28 00:00:00+09:00,11750.0,11800.0,11600.0,11700.0,2447,0.0,0.0
2017-11-29 00:00:00+09:00,11600.0,11850.0,11600.0,11750.0,2188,0.0,0.0
2017-11-30 00:00:00+09:00,11750.0,11800.0,11600.0,11800.0,6987,0.0,0.0
2017-12-01 00:00:00+09:00,11800.0,12050.0,11800.0,12000.0,11506,0.0,0.0
2017-12-04 00:00:00+09:00,12000.0,12000.0,11900.0,12000.0,5736,0.0,0.0
2017-12-05 00:00:00+09:00,12050.0,12050.0,11800.0,11800.0,1069,0.0,0.0
2017-12-06 00:00:00+09:00,11800.0,11900.0,11500.0,11850.0,1991,0.0,0.0
2017-12-07 00:00:00+09:00,11700.0,11850.0,11550.0,11550.0,1797,0.0,0.0
2017-12-08 00:00:00+09:00,11550.0,11750.0,10850.0,11200.0,5391,0.0,0.0
2017-12-11 00:00:00+09:00,11200.0,11500.0,11200.0,11500.0,2431,0.0,0.0
2017-12-12 00:00:00+09:00,11500.0,11700.0,11300.0,11650.0,2061,0.0,0.0
2017-12-13 00:00:00+09:00,11650.0,11800.0,11450.0,11750.0,11449,0.0,0.0
2017-12-14 00:00:00+09:00,11750.0,11750.0,11450.0,11700.0,1666,0.0,0.0
2017-12-15 00:00:00+09:00,11700.0,11700.0,11500.0,11600.0,3801,0.0,0.0
2017-12-18 00:00:00+09:00,11600.0,11700.0,11500.0,11700.0,1074,0.0,0.0
2017-12-19 00:00:00+09:00,11750.0,11750.0,11450.0,11500.0,520,0.0,0.0
2017-12-21 00:00:00+09:00,11700.0,11700.0,11400.0,11500.0,2860,0.0,0.0
2017-12-22 00:00:00+09:00,11500.0,11500.0,11350.0,11350.0,388,0.0,0.0
2017-12-26 00:00:00+09:00,11450.0,11450.0,11100.0,11350.0,1599,0.0,0.0
2017-12-27 00:00:00+09:00,11350.0,11350.0,11200.0,11350.0,2976,0.0,0.0
2017-12-28 00:00:00+09:00,11350.0,11850.0,11300.0,11850.0,8707,0.0,0.0
2018-01-02 00:00:00+09:00,11600.0,12000.0,11550.0,12000.0,11987,0.0,0.0
2018-01-03 00:00:00+09:00,12050.0,12050.0,11600.0,11800.0,3795,0.0,0.0
2018-01-04 00:00:00+09:00,11950.0,12000.0,11700.0,11950.0,18880,0.0,0.0
2018-01-05 00:00:00+09:00,12000.0,12000.0,11850.0,12000.0,3746,0.0,0.0
2018-01-08 00:00:00+09:00,12000.0,12400.0,11950.0,12000.0,25513,0.0,0.0
2018-01-09 00:00:00+09:00,12000.0,12150.0,11800.0,11850.0,2109,0.0,0.0
2018-01-10 00:00:00+09:00,11950.0,11950.0,11600.0,11800.0,10197,0.0,0.0
2018-01-11 00:00:00+09:00,11750.0,11750.0,11600.0,11650.0,3108,0.0,0.0
2018-01-12 00:00:00+09:00,11650.0,12100.0,11650.0,12000.0,13709,0.0,0.0
2018-01-15 00:00:00+09:00,12000.0,12000.0,11700.0,11800.0,2283,0.0,0.0
2018-01-16 00:00:00+09:00,11800.0,11900.0,11650.0,11650.0,1184,0.0,0.0
2018-01-17 00:00:00+09:00,11900.0,11900.0,11650.0,11650.0,3007,0.0,0.0
2018-01-18 00:00:00+09:00,11650.0,11750.0,11500.0,11700.0,1695,0.0,0.0
2018-01-19 00:00:00+09:00,11650.0,12000.0,11600.0,12000.0,4575,0.0,0.0
2018-01-22 00:00:00+09:00,12000.0,12000.0,11750.0,11750.0,1236,0.0,0.0
2018-01-23 00:00:00+09:00,11750.0,11950.0,11750.0,11800.0,1973,0.0,0.0
2018-01-24 00:00:00+09:00,11800.0,12000.0,11750.0,12000.0,7881,0.0,0.0
2018-01-25 00:00:00+09:00,11950.0,12050.0,11900.0,12050.0,12817,0.0,0.0
2018-01-26 00:00:00+09:00,12150.0,13350.0,12100.0,12900.0,45885,0.0,0.0
2018-01-29 00:00:00+09:00,12750.0,13250.0,12600.0,13000.0,21662,0.0,0.0
2018-01-30 00:00:00+09:00,13000.0,13050.0,12650.0,12800.0,14604,0.0,0.0
2018-01-31 00:00:00+09:00,12800.0,12850.0,12550.0,12700.0,4753,0.0,0.0
2018-02-01 00:00:00+09:00,12750.0,12750.0,12600.0,12650.0,5880,0.0,0.0
2018-02-02 00:00:00+09:00,12600.0,12650.0,12350.0,12500.0,2570,0.0,0.0
2018-02-05 00:00:00+09:00,12350.0,12350.0,12000.0,12150.0,3228,0.0,0.0
2018-02-07 00:00:00+09:00,12100.0,12300.0,11950.0,12000.0,3482,0.0,0.0
2018-02-08 00:00:00+09:00,12000.0,12100.0,11950.0,12100.0,1282,0.0,0.0
2018-02-09 00:00:00+09:00,12000.0,12350.0,11800.0,12000.0,1600,0.0,0.0
2018-02-12 00:00:00+09:00,12000.0,12400.0,12000.0,12250.0,583,0.0,0.0
2018-02-13 00:00:00+09:00,12300.0,12350.0,12000.0,12300.0,1023,0.0,0.0
2018-02-14 00:00:00+09:00,12300.0,12300.0,11700.0,11700.0,7144,0.0,0.0
2018-02-19 00:00:00+09:00,11700.0,11850.0,11600.0,11650.0,3216,0.0,0.0
2018-02-20 00:00:00+09:00,11650.0,11900.0,11650.0,11850.0,2754,0.0,0.0
2018-02-21 00:00:00+09:00,11850.0,11950.0,11700.0,11700.0,3169,0.0,0.0
2018-02-22 00:00:00+09:00,11700.0,12100.0,11700.0,11900.0,1230,0.0,0.0
2018-02-23 00:00:00+09:00,11850.0,11900.0,11500.0,11600.0,9406,0.0,0.0
2018-02-26 00:00:00+09:00,11600.0,11800.0,11450.0,11800.0,1827,0.0,0.0
2018-02-27 00:00:00+09:00,11800.0,11850.0,11650.0,11850.0,373,0.0,0.0
2018-02-28 00:00:00+09:00,11650.0,11850.0,11350.0,11350.0,3728,0.0,0.0
2018-03-07 00:00:00+09:00,10800.0,11100.0,10800.0,10800.0,3680,0.0,0.0
2018-03-08 00:00:00+09:00,10800.0,11000.0,10800.0,10850.0,1168,0.0,0.0
2018-03-09 00:00:00+09:00,10850.0,11000.0,10800.0,11000.0,273,0.0,0.0
2018-03-12 00:00:00+09:00,11000.0,11100.0,11000.0,11050.0,2500,0.0,0.0
2018-03-13 00:00:00+09:00,11050.0,11200.0,10800.0,11050.0,4508,0.0,0.0
2018-03-14 00:00:00+09:00,11050.0,11150.0,11000.0,11150.0,1232,0.0,0.0
2018-03-15 00:00:00+09:00,11150.0,11150.0,11000.0,11150.0,436,0.0,0.0
2018-03-16 00:00:00+09:00,11150.0,11150.0,11000.0,11150.0,883,0.0,0.0
2018-03-19 00:00:00+09:00,11150.0,11150.0,10950.0,11100.0,492,0.0,0.0
2018-03-20 00:00:00+09:00,11100.0,11100.0,10750.0,10850.0,2297,0.0,0.0
2018-03-21 00:00:00+09:00,10850.0,10950.0,10800.0,10850.0,1501,0.0,0.0
2018-03-22 00:00:00+09:00,10850.0,11050.0,10850.0,11050.0,695,0.0,0.0
2018-03-23 00:00:00+09:00,10900.0,10900.0,10700.0,10900.0,1660,0.0,0.0
2018-03-26 00:00:00+09:00,10900.0,10900.0,10750.0,10900.0,745,0.0,0.0
2018-03-27 00:00:00+09:00,10900.0,10900.0,10750.0,10850.0,692,0.0,0.0
2018-03-28 00:00:00+09:00,10850.0,10850.0,10650.0,10700.0,1849,0.0,0.0
2018-03-29 00:00:00+09:00,10700.0,10700.0,10550.0,10600.0,719,0.0,0.0
2018-03-30 00:00:00+09:00,10600.0,10850.0,10550.0,10850.0,1181,0.0,0.0
2018-04-02 00:00:00+09:00,10850.0,11000.0,10550.0,10850.0,1588,0.0,0.0
2018-04-03 00:00:00+09:00,10650.0,10900.0,10600.0,10850.0,1400,0.0,0.0
2018-04-04 00:00:00+09:00,10750.0,10900.0,10550.0,10550.0,2385,0.0,0.0
2018-04-05 00:00:00+09:00,10550.0,10700.0,10550.0,10600.0,340,0.0,0.0
2018-04-06 00:00:00+09:00,10600.0,10700.0,10500.0,10650.0,845,0.0,0.0
2018-04-09 00:00:00+09:00,10650.0,10650.0,10500.0,10600.0,1908,0.0,0.0
2018-04-10 00:00:00+09:00,10600.0,10600.0,10350.0,10500.0,8808,0.0,0.0
2018-04-11 00:00:00+09:00,10500.0,10500.0,10400.0,10400.0,3830,0.0,0.0
2018-04-12 00:00:00+09:00,10400.0,10700.0,10350.0,10700.0,2174,0.0,0.0
2018-04-13 00:00:00+09:00,10550.0,10700.0,10400.0,10450.0,4021,0.0,0.0
2018-04-16 00:00:00+09:00,10450.0,10450.0,10250.0,10300.0,6165,0.0,0.0
2018-04-17 00:00:00+09:00,10300.0,10350.0,10000.0,10050.0,8208,0.0,0.0
2018-04-18 00:00:00+09:00,10050.0,10250.0,10000.0,10250.0,2305,0.0,0.0
2018-04-19 00:00:00+09:00,10050.0,10300.0,10050.0,10250.0,8164,0.0,0.0
2018-04-20 00:00:00+09:00,10250.0,10350.0,10200.0,10350.0,95,0.0,0.0
2018-04-23 00:00:00+09:00,10500.0,10600.0,10450.0,10550.0,8686,0.0,0.0
2018-04-24 00:00:00+09:00,10600.0,10750.0,10550.0,10700.0,3088,0.0,0.0
2018-04-25 00:00:00+09:00,10650.0,11900.0,10550.0,11200.0,57880,0.0,0.0
2018-04-26 00:00:00+09:00,11200.0,11350.0,11200.0,11200.0,6500,0.0,0.0
2018-04-27 00:00:00+09:00,11150.0,11350.0,11100.0,11100.0,4417,0.0,0.0
2018-04-30 00:00:00+09:00,11000.0,11400.0,10950.0,11000.0,7595,0.0,0.0
2018-05-02 00:00:00+09:00,11000.0,11600.0,10750.0,11400.0,10632,0.0,0.0
2018-05-03 00:00:00+09:00,11400.0,11800.0,11250.0,11750.0,14479,0.0,0.0
2018-05-04 00:00:00+09:00,11700.0,11900.0,11550.0,11800.0,15291,0.0,0.0
2018-05-08 00:00:00+09:00,11750.0,11750.0,11350.0,11450.0,4634,0.0,0.0
2018-05-09 00:00:00+09:00,11450.0,11700.0,11250.0,11650.0,4858,0.0,0.0
2018-05-10 00:00:00+09:00,11650.0,11650.0,11250.0,11250.0,4867,0.0,0.0
2018-05-11 00:00:00+09:00,11250.0,11650.0,11150.0,11650.0,5469,0.0,0.0
2018-05-14 00:00:00+09:00,11650.0,12150.0,11350.0,12000.0,12967,0.0,0.0
2018-05-15 00:00:00+09:00,12000.0,12000.0,11500.0,11500.0,6747,0.0,0.0
2018-05-16 00:00:00+09:00,11500.0,11850.0,10950.0,10950.0,14432,0.0,0.0
2018-05-17 00:00:00+09:00,10950.0,11700.0,10950.0,11350.0,15218,0.0,0.0
2018-05-18 00:00:00+09:00,11350.0,11550.0,11300.0,11350.0,2610,0.0,0.0
2018-05-21 00:00:00+09:00,11350.0,11500.0,10950.0,10950.0,9594,0.0,0.0
2018-05-23 00:00:00+09:00,10950.0,10950.0,10750.0,10750.0,6816,0.0,0.0
2018-05-24 00:00:00+09:00,10750.0,10900.0,10750.0,10750.0,580,0.0,0.0
2018-05-25 00:00:00+09:00,10500.0,10850.0,10500.0,10850.0,393,0.0,0.0
2018-05-28 00:00:00+09:00,10850.0,11000.0,10800.0,11000.0,1673,0.0,0.0
2018-05-29 00:00:00+09:00,10750.0,11000.0,10650.0,10650.0,4020,0.0,0.0
2018-05-30 00:00:00+09:00,10650.0,10850.0,10300.0,10350.0,10883,0.0,0.0
2018-05-31 00:00:00+09:00,10400.0,10450.0,10300.0,10450.0,1883,0.0,0.0
2018-06-01 00:00:00+09:00,10450.0,10600.0,10200.0,10450.0,7171,0.0,0.0
2018-06-04 00:00:00+09:00,10450.0,10550.0,10350.0,10400.0,4083,0.0,0.0
2018-06-05 00:00:00+09:00,10400.0,11000.0,10200.0,10950.0,17711,0.0,0.0
2018-06-07 00:00:00+09:00,10800.0,11100.0,10750.0,10900.0,3714,0.0,0.0
2018-06-08 00:00:00+09:00,10900.0,11050.0,10900.0,11000.0,2983,0.0,0.0
2018-06-11 00:00:00+09:00,11000.0,11400.0,11000.0,11300.0,10429,0.0,0.0
2018-06-12 00:00:00+09:00,11400.0,11650.0,11150.0,11650.0,7582,0.0,0.0
2018-06-14 00:00:00+09:00,11400.0,11700.0,11400.0,11600.0,17420,0.0,0.0
2018-06-15 00:00:00+09:00,11650.0,11700.0,11350.0,11650.0,5502,0.0,0.0
2018-06-18 00:00:00+09:00,11650.0,11700.0,11450.0,11600.0,1354,0.0,0.0
2018-06-19 00:00:00+09:00,11700.0,11700.0,11150.0,11400.0,4694,0.0,0.0
2018-06-20 00:00:00+09:00,11400.0,11450.0,11050.0,11250.0,4481,0.0,0.0
2018-06-21 00:00:00+09:00,11150.0,11600.0,11000.0,11500.0,3453,0.0,0.0
2018-06-22 00:00:00+09:00,11500.0,11600.0,11150.0,11500.0,2667,0.0,0.0
2018-06-25 00:00:00+09:00,11500.0,11500.0,11250.0,11500.0,424,0.0,0.0
2018-06-26 00:00:00+09:00,11550.0,11600.0,11500.0,11600.0,1836,0.0,0.0
2018-06-27 00:00:00+09:00,11400.0,11650.0,11250.0,11550.0,1400,0.0,0.0
2018-06-28 00:00:00+09:00,11550.0,11550.0,11250.0,11450.0,387,0.0,0.0
2018-06-29 00:00:00+09:00,11300.0,11450.0,11050.0,11350.0,4288,0.0,0.0
2018-07-02 00:00:00+09:00,11350.0,11350.0,10750.0,10800.0,1298,0.0,0.0
2018-07-03 00:00:00+09:00,10800.0,11050.0,9990.0,10050.0,28907,0.0,0.0
2018-07-04 00:00:00+09:00,10050.0,10350.0,10000.0,10150.0,21634,0.0,0.0
2018-07-05 00:00:00+09:00,10050.0,10200.0,9980.0,10150.0,45901,0.0,0.0
2018-07-06 00:00:00+09:00,10150.0,10350.0,10100.0,10350.0,2355,0.0,0.0
2018-07-09 00:00:00+09:00,10350.0,10400.0,10150.0,10400.0,1366,0.0,0.0
2018-07-10 00:00:00+09:00,10400.0,10500.0,10300.0,10400.0,225,0.0,0.0
2018-07-11 00:00:00+09:00,10400.0,10500.0,10300.0,10400.0,1280,0.0,0.0
2018-07-12 00:00:00+09:00,10400.0,10600.0,10250.0,10600.0,1170,0.0,0.0
2018-07-13 00:00:00+09:00,10300.0,10600.0,10300.0,10450.0,1087,0.0,0.0
2018-07-16 00:00:00+09:00,10450.0,10450.0,9950.0,10000.0,22059,0.0,0.0
2018-07-17 00:00:00+09:00,10000.0,10050.0,9880.0,9930.0,11680,0.0,0.0
2018-07-18 00:00:00+09:00,9930.0,9990.0,9770.0,9770.0,5286,0.0,0.0
2018-07-19 00:00:00+09:00,9770.0,9850.0,9550.0,9720.0,7795,0.0,0.0
2018-07-20 00:00:00+09:00,9720.0,9820.0,9680.0,9790.0,1899,0.0,0.0
2018-07-23 00:00:00+09:00,9790.0,9790.0,9560.0,9560.0,3678,0.0,0.0
2018-07-24 00:00:00+09:00,9560.0,9720.0,9460.0,9720.0,28939,0.0,0.0
2018-07-25 00:00:00+09:00,9720.0,9920.0,9680.0,9850.0,2909,0.0,0.0
2018-07-26 00:00:00+09:00,9800.0,9920.0,9620.0,9900.0,12129,0.0,0.0
2018-07-27 00:00:00+09:00,9900.0,10100.0,9850.0,10100.0,10369,0.0,0.0
2018-07-30 00:00:00+09:00,10050.0,10850.0,9950.0,9990.0,24297,0.0,0.0
2018-07-31 00:00:00+09:00,9910.0,9990.0,9840.0,9930.0,4544,0.0,0.0
2018-08-01 00:00:00+09:00,9930.0,9950.0,9800.0,9920.0,1655,0.0,0.0
2018-08-02 00:00:00+09:00,9920.0,10000.0,9800.0,9960.0,1054,0.0,0.0
2018-08-03 00:00:00+09:00,9820.0,12050.0,9710.0,9770.0,255376,0.0,0.0
2018-08-06 00:00:00+09:00,9770.0,9770.0,9620.0,9620.0,13379,0.0,0.0
2018-08-07 00:00:00+09:00,9620.0,9620.0,9390.0,9500.0,16569,0.0,0.0
2018-08-08 00:00:00+09:00,9580.0,9590.0,9460.0,9590.0,14455,0.0,0.0
2018-08-09 00:00:00+09:00,9560.0,9560.0,9480.0,9500.0,4884,0.0,0.0
2018-08-10 00:00:00+09:00,9500.0,9540.0,9100.0,9300.0,11151,0.0,0.0
2018-08-13 00:00:00+09:00,9390.0,9390.0,8950.0,9020.0,17523,0.0,0.0
2018-08-14 00:00:00+09:00,9020.0,9200.0,8930.0,9200.0,6466,0.0,0.0
2018-08-16 00:00:00+09:00,9030.0,9160.0,8870.0,8870.0,13705,0.0,0.0
2018-08-17 00:00:00+09:00,8820.0,8950.0,8670.0,8700.0,14429,0.0,0.0
2018-08-20 00:00:00+09:00,9190.0,9190.0,8430.0,8500.0,30115,0.0,0.0
2018-08-21 00:00:00+09:00,8500.0,8620.0,8310.0,8620.0,22573,0.0,0.0
2018-08-22 00:00:00+09:00,8600.0,8900.0,8600.0,8620.0,14434,0.0,0.0
2018-08-23 00:00:00+09:00,8620.0,8840.0,8620.0,8700.0,6457,0.0,0.0
2018-08-24 00:00:00+09:00,8790.0,8860.0,8730.0,8860.0,4476,0.0,0.0
2018-08-27 00:00:00+09:00,8860.0,9030.0,8850.0,9000.0,6696,0.0,0.0
2018-08-28 00:00:00+09:00,9070.0,9100.0,8900.0,8980.0,1801,0.0,0.0
2018-08-29 00:00:00+09:00,8890.0,9070.0,8890.0,9020.0,405,0.0,0.0
2018-08-30 00:00:00+09:00,8920.0,9020.0,8800.0,8900.0,7102,0.0,0.0
2018-08-31 00:00:00+09:00,8780.0,9170.0,8780.0,8870.0,3381,0.0,0.0
2018-09-03 00:00:00+09:00,8840.0,8950.0,8800.0,8900.0,3858,0.0,0.0
2018-09-04 00:00:00+09:00,8830.0,9090.0,8830.0,9000.0,5232,0.0,0.0
2018-09-05 00:00:00+09:00,9000.0,9100.0,9000.0,9090.0,6034,0.0,0.0
2018-09-06 00:00:00+09:00,9150.0,9150.0,8830.0,9000.0,3875,0.0,0.0
2018-09-07 00:00:00+09:00,9120.0,9120.0,8830.0,9010.0,2419,0.0,0.0
2018-09-10 00:00:00+09:00,8880.0,9100.0,8880.0,8960.0,530,0.0,0.0
2018-09-11 00:00:00+09:00,8880.0,8950.0,8850.0,8950.0,2638,0.0,0.0
2018-09-12 00:00:00+09:00,8950.0,9040.0,8850.0,8860.0,2373,0.0,0.0
2018-09-13 00:00:00+09:00,8870.0,8940.0,8770.0,8900.0,7391,0.0,0.0
2018-09-14 00:00:00+09:00,8900.0,9110.0,8900.0,9010.0,8579,0.0,0.0
2018-09-17 00:00:00+09:00,8930.0,9080.0,8930.0,9080.0,4040,0.0,0.0
2018-09-18 00:00:00+09:00,9010.0,9130.0,9010.0,9120.0,3109,0.0,0.0
2018-09-19 00:00:00+09:00,9120.0,9400.0,9120.0,9340.0,13140,0.0,0.0
2018-09-20 00:00:00+09:00,9220.0,9410.0,9220.0,9370.0,6886,0.0,0.0
2018-09-21 00:00:00+09:00,9370.0,9420.0,9350.0,9380.0,7871,0.0,0.0
2018-09-27 00:00:00+09:00,9280.0,9550.0,9280.0,9480.0,6708,0.0,0.0
2018-09-28 00:00:00+09:00,9380.0,9550.0,9380.0,9550.0,11251,0.0,0.0
2018-10-01 00:00:00+09:00,9550.0,9770.0,9500.0,9550.0,16523,0.0,0.0
2018-10-02 00:00:00+09:00,9550.0,9730.0,9550.0,9710.0,5450,0.0,0.0
2018-10-04 00:00:00+09:00,9710.0,9790.0,9600.0,9750.0,9717,0.0,0.0
2018-10-05 00:00:00+09:00,9620.0,9780.0,9610.0,9780.0,4812,0.0,0.0
2018-10-08 00:00:00+09:00,9670.0,9780.0,9520.0,9700.0,7575,0.0,0.0
2018-10-10 00:00:00+09:00,9600.0,9690.0,9310.0,9600.0,2066,0.0,0.0
2018-10-11 00:00:00+09:00,8650.0,9570.0,8500.0,9150.0,7246,0.0,0.0
2018-10-12 00:00:00+09:00,8900.0,9250.0,8900.0,9200.0,2228,0.0,0.0
2018-10-15 00:00:00+09:00,9200.0,9560.0,9140.0,9150.0,385,0.0,0.0
2018-10-16 00:00:00+09:00,9470.0,9470.0,9180.0,9300.0,3297,0.0,0.0
2018-10-17 00:00:00+09:00,9600.0,9670.0,8820.0,8900.0,69167,0.0,0.0
2018-10-18 00:00:00+09:00,8900.0,9140.0,8900.0,9050.0,11361,0.0,0.0
2018-10-19 00:00:00+09:00,8920.0,9090.0,8910.0,9070.0,447,0.0,0.0
2018-10-22 00:00:00+09:00,9070.0,9370.0,9070.0,9280.0,2913,0.0,0.0
2018-10-23 00:00:00+09:00,9390.0,9390.0,9120.0,9120.0,369,0.0,0.0
2018-10-24 00:00:00+09:00,9120.0,9120.0,9010.0,9010.0,403,0.0,0.0
2018-10-25 00:00:00+09:00,8920.0,9230.0,8860.0,9100.0,1707,0.0,0.0
2018-10-26 00:00:00+09:00,8920.0,9190.0,8740.0,9100.0,2347,0.0,0.0
2018-10-29 00:00:00+09:00,9000.0,9220.0,8700.0,9100.0,1321,0.0,0.0
2018-10-30 00:00:00+09:00,8900.0,8900.0,8100.0,8530.0,11756,0.0,0.0
2018-10-31 00:00:00+09:00,8530.0,8830.0,8300.0,8590.0,11962,0.0,0.0
2018-11-01 00:00:00+09:00,8880.0,8880.0,8600.0,8830.0,1143,0.0,0.0
2018-11-02 00:00:00+09:00,8830.0,9170.0,8730.0,9100.0,171,0.0,0.0
2018-11-05 00:00:00+09:00,9100.0,9170.0,8800.0,8900.0,374,0.0,0.0
2018-11-06 00:00:00+09:00,8950.0,9100.0,8910.0,8990.0,1088,0.0,0.0
2018-11-07 00:00:00+09:00,9000.0,9100.0,8980.0,9050.0,226,0.0,0.0
2018-11-08 00:00:00+09:00,8640.0,9100.0,8640.0,9100.0,308,0.0,0.0
2018-11-09 00:00:00+09:00,9000.0,9170.0,8910.0,8920.0,227,0.0,0.0
2018-11-12 00:00:00+09:00,9030.0,9030.0,8830.0,8960.0,390,0.0,0.0
2018-11-13 00:00:00+09:00,8950.0,8950.0,8420.0,8760.0,1229,0.0,0.0
2018-11-14 00:00:00+09:00,8740.0,8740.0,8310.0,8690.0,1360,0.0,0.0
2018-11-15 00:00:00+09:00,8690.0,8800.0,8610.0,8750.0,272,0.0,0.0
2018-11-16 00:00:00+09:00,8750.0,8850.0,8580.0,8800.0,713,0.0,0.0
2018-11-19 00:00:00+09:00,8790.0,8790.0,8670.0,8720.0,494,0.0,0.0
2018-11-20 00:00:00+09:00,8720.0,8900.0,8700.0,8870.0,725,0.0,0.0
2018-11-21 00:00:00+09:00,8870.0,8870.0,8660.0,8860.0,20257,0.0,0.0
2018-11-22 00:00:00+09:00,8870.0,9000.0,8800.0,9000.0,10594,0.0,0.0
2018-11-23 00:00:00+09:00,9000.0,9150.0,9000.0,9150.0,5242,0.0,0.0
2018-11-26 00:00:00+09:00,9230.0,9400.0,9150.0,9260.0,3741,0.0,0.0
2018-11-27 00:00:00+09:00,9450.0,9450.0,8810.0,9390.0,1244,0.0,0.0
2018-11-28 00:00:00+09:00,9390.0,9400.0,9050.0,9340.0,1877,0.0,0.0
2018-11-29 00:00:00+09:00,9400.0,9400.0,9110.0,9340.0,1252,0.0,0.0
2018-11-30 00:00:00+09:00,9410.0,9540.0,9130.0,9340.0,820,0.0,0.0
2018-12-03 00:00:00+09:00,9560.0,9560.0,9350.0,9470.0,113,0.0,0.0
2018-12-04 00:00:00+09:00,9480.0,9480.0,9290.0,9420.0,194,0.0,0.0
2018-12-05 00:00:00+09:00,9140.0,9510.0,9140.0,9500.0,2901,0.0,0.0
2018-12-06 00:00:00+09:00,9510.0,9590.0,9230.0,9500.0,887,0.0,0.0
2018-12-07 00:00:00+09:00,9600.0,9600.0,9360.0,9530.0,309,0.0,0.0
2018-12-10 00:00:00+09:00,9500.0,9590.0,9010.0,9570.0,1119,0.0,0.0
2018-12-11 00:00:00+09:00,9590.0,9590.0,9360.0,9500.0,2069,0.0,0.0
2018-12-12 00:00:00+09:00,9540.0,9570.0,9380.0,9560.0,5908,0.0,0.0
2018-12-13 00:00:00+09:00,9600.0,9670.0,9560.0,9650.0,7669,0.0,0.0
2018-12-14 00:00:00+09:00,9690.0,9760.0,9550.0,9760.0,10506,0.0,0.0
2018-12-17 00:00:00+09:00,9840.0,10100.0,9800.0,9900.0,8814,0.0,0.0
2018-12-18 00:00:00+09:00,9760.0,9990.0,9570.0,9900.0,2410,0.0,0.0
2018-12-19 00:00:00+09:00,9900.0,10100.0,9900.0,9950.0,7986,0.0,0.0
2018-12-20 00:00:00+09:00,9900.0,9900.0,9830.0,9890.0,895,0.0,0.0
2018-12-21 00:00:00+09:00,9890.0,10550.0,9500.0,9900.0,22203,0.0,0.0
2018-12-24 00:00:00+09:00,9980.0,10000.0,9820.0,9820.0,4967,0.0,0.0
2018-12-26 00:00:00+09:00,9990.0,9990.0,9490.0,9490.0,7488,0.0,0.0
2018-12-27 00:00:00+09:00,9990.0,11500.0,9940.0,10600.0,237014,0.0,0.0
2018-12-28 00:00:00+09:00,10650.0,10900.0,10050.0,10100.0,47287,0.0,0.0
2019-01-02 00:00:00+09:00,10100.0,10300.0,9550.0,9750.0,25289,0.0,0.0
2019-01-03 00:00:00+09:00,9610.0,9860.0,9450.0,9500.0,13420,0.0,0.0
2019-01-04 00:00:00+09:00,9400.0,9400.0,9050.0,9210.0,11305,0.0,0.0
2019-01-07 00:00:00+09:00,9290.0,9340.0,9040.0,9040.0,9403,0.0,0.0
2019-01-08 00:00:00+09:00,9100.0,9180.0,9000.0,9060.0,2827,0.0,0.0
2019-01-09 00:00:00+09:00,9150.0,9280.0,9040.0,9140.0,2863,0.0,0.0
2019-01-10 00:00:00+09:00,9240.0,10650.0,9240.0,9830.0,91115,0.0,0.0
2019-01-11 00:00:00+09:00,10000.0,10050.0,9600.0,9920.0,16150,0.0,0.0
2019-01-14 00:00:00+09:00,9810.0,10050.0,9800.0,9830.0,3865,0.0,0.0
2019-01-15 00:00:00+09:00,9990.0,9990.0,9600.0,9780.0,2876,0.0,0.0
2019-01-16 00:00:00+09:00,9970.0,9970.0,9620.0,9650.0,12689,0.0,0.0
2019-01-17 00:00:00+09:00,9850.0,9930.0,9450.0,9580.0,6478,0.0,0.0
2019-01-18 00:00:00+09:00,9580.0,9710.0,9500.0,9620.0,5495,0.0,0.0
2019-01-21 00:00:00+09:00,9620.0,9640.0,9510.0,9640.0,4923,0.0,0.0
2019-01-22 00:00:00+09:00,9740.0,12500.0,9570.0,11200.0,2194652,0.0,0.0
2019-01-23 00:00:00+09:00,11200.0,11200.0,10300.0,10500.0,439396,0.0,0.0
2019-01-24 00:00:00+09:00,10800.0,12600.0,10500.0,11150.0,2142123,0.0,0.0
2019-01-25 00:00:00+09:00,11000.0,11250.0,10750.0,11250.0,205167,0.0,0.0
2019-01-28 00:00:00+09:00,11150.0,11300.0,10950.0,11200.0,135550,0.0,0.0
2019-01-29 00:00:00+09:00,11300.0,11850.0,11100.0,11250.0,359518,0.0,0.0
2019-01-30 00:00:00+09:00,11250.0,12000.0,10800.0,12000.0,311075,0.0,0.0
2019-01-31 00:00:00+09:00,11450.0,11800.0,11300.0,11450.0,166809,0.0,0.0
2019-02-01 00:00:00+09:00,11450.0,11600.0,10850.0,10850.0,80196,0.0,0.0
2019-02-07 00:00:00+09:00,10950.0,10950.0,10550.0,10700.0,32068,0.0,0.0
2019-02-08 00:00:00+09:00,10700.0,10750.0,10200.0,10600.0,45740,0.0,0.0
2019-02-11 00:00:00+09:00,10600.0,10900.0,10400.0,10600.0,48067,0.0,0.0
2019-02-12 00:00:00+09:00,10650.0,11000.0,10550.0,10900.0,36026,0.0,0.0
2019-02-13 00:00:00+09:00,10850.0,11500.0,10800.0,11450.0,64337,0.0,0.0
2019-02-14 00:00:00+09:00,11450.0,11450.0,11150.0,11200.0,16669,0.0,0.0
2019-02-15 00:00:00+09:00,11150.0,11300.0,10600.0,10750.0,44324,0.0,0.0
2019-02-18 00:00:00+09:00,10750.0,10900.0,10750.0,10800.0,15575,0.0,0.0
2019-02-19 00:00:00+09:00,10850.0,10850.0,10600.0,10750.0,18528,0.0,0.0
2019-02-20 00:00:00+09:00,10750.0,10750.0,10400.0,10450.0,20753,0.0,0.0
2019-02-21 00:00:00+09:00,10600.0,10600.0,10400.0,10400.0,12496,0.0,0.0
2019-02-22 00:00:00+09:00,10450.0,10550.0,10150.0,10250.0,13897,0.0,0.0
2019-02-25 00:00:00+09:00,10350.0,10450.0,10000.0,10300.0,21905,0.0,0.0
2019-02-26 00:00:00+09:00,10200.0,10400.0,10000.0,10100.0,23492,0.0,0.0
2019-02-27 00:00:00+09:00,10050.0,10200.0,10000.0,10100.0,16554,0.0,0.0
2019-02-28 00:00:00+09:00,10050.0,10200.0,9870.0,9890.0,27135,0.0,0.0
2019-03-04 00:00:00+09:00,9870.0,10100.0,9870.0,10000.0,8286,0.0,0.0
2019-03-05 00:00:00+09:00,9940.0,10200.0,9940.0,10000.0,7430,0.0,0.0
2019-03-06 00:00:00+09:00,9940.0,10550.0,9940.0,10350.0,31737,0.0,0.0
2019-03-07 00:00:00+09:00,10400.0,13450.0,10050.0,11700.0,2882066,0.0,0.0
2019-03-08 00:00:00+09:00,11400.0,11950.0,11250.0,11950.0,477138,0.0,0.0
2019-03-11 00:00:00+09:00,11850.0,11850.0,11050.0,11650.0,312317,0.0,0.0
2019-03-12 00:00:00+09:00,11400.0,11650.0,11100.0,11600.0,276450,0.0,0.0
2019-03-13 00:00:00+09:00,11500.0,11600.0,10850.0,10900.0,200497,0.0,0.0
2019-03-14 00:00:00+09:00,10850.0,11150.0,10800.0,10850.0,102617,0.0,0.0
2019-03-15 00:00:00+09:00,10800.0,10850.0,10400.0,10550.0,195034,0.0,0.0
2019-03-18 00:00:00+09:00,10650.0,10750.0,10500.0,10650.0,65841,0.0,0.0
2019-03-19 00:00:00+09:00,10750.0,11200.0,10550.0,11050.0,245698,0.0,0.0
2019-03-20 00:00:00+09:00,10900.0,11050.0,10600.0,10650.0,73793,0.0,0.0
2019-03-21 00:00:00+09:00,10600.0,10750.0,10100.0,10100.0,79851,0.0,0.0
2019-03-22 00:00:00+09:00,10200.0,10650.0,10100.0,10300.0,66352,0.0,0.0
2019-03-25 00:00:00+09:00,10100.0,10350.0,10000.0,10050.0,34159,0.0,0.0
2019-03-26 00:00:00+09:00,10050.0,10250.0,9960.0,10150.0,30632,0.0,0.0
2019-03-27 00:00:00+09:00,10350.0,10350.0,10000.0,10250.0,31492,0.0,0.0
2019-03-28 00:00:00+09:00,10250.0,10950.0,10200.0,10200.0,62165,0.0,0.0
2019-03-29 00:00:00+09:00,10200.0,10400.0,9960.0,10400.0,58973,0.0,0.0
2019-04-01 00:00:00+09:00,10500.0,10500.0,10250.0,10300.0,31956,0.0,0.0
2019-04-02 00:00:00+09:00,10250.0,10450.0,10200.0,10300.0,15733,0.0,0.0
2019-04-03 00:00:00+09:00,10350.0,10450.0,10300.0,10450.0,20169,0.0,0.0
2019-04-04 00:00:00+09:00,10550.0,10550.0,10300.0,10450.0,21125,0.0,0.0
2019-04-05 00:00:00+09:00,10450.0,10700.0,10350.0,10550.0,29174,0.0,0.0
2019-04-08 00:00:00+09:00,10500.0,10550.0,10200.0,10450.0,27192,0.0,0.0
2019-04-09 00:00:00+09:00,10450.0,10450.0,10250.0,10350.0,17156,0.0,0.0
2019-04-10 00:00:00+09:00,10350.0,10450.0,10250.0,10400.0,18430,0.0,0.0
2019-04-11 00:00:00+09:00,10450.0,10600.0,10250.0,10450.0,28735,0.0,0.0
2019-04-12 00:00:00+09:00,10500.0,10900.0,10450.0,10750.0,49222,0.0,0.0
2019-04-15 00:00:00+09:00,11000.0,11000.0,10600.0,10700.0,36446,0.0,0.0
2019-04-16 00:00:00+09:00,10600.0,10800.0,10550.0,10750.0,17021,0.0,0.0
2019-04-17 00:00:00+09:00,10800.0,10800.0,10600.0,10750.0,22344,0.0,0.0
2019-04-18 00:00:00+09:00,10700.0,10750.0,10400.0,10500.0,27572,0.0,0.0
2019-04-19 00:00:00+09:00,10550.0,10650.0,10450.0,10600.0,14549,0.0,0.0
2019-04-22 00:00:00+09:00,10650.0,10950.0,10600.0,10800.0,38092,0.0,0.0
2019-04-23 00:00:00+09:00,10800.0,10850.0,10500.0,10600.0,16279,0.0,0.0
2019-04-24 00:00:00+09:00,10550.0,10600.0,10200.0,10250.0,30355,0.0,0.0
2019-04-25 00:00:00+09:00,10350.0,10800.0,10200.0,10300.0,69514,0.0,0.0
2019-04-26 00:00:00+09:00,10250.0,10350.0,10100.0,10100.0,27180,0.0,0.0
2019-04-29 00:00:00+09:00,10150.0,10300.0,10100.0,10200.0,17144,0.0,0.0
2019-04-30 00:00:00+09:00,10200.0,10350.0,10200.0,10300.0,13545,0.0,0.0
2019-05-02 00:00:00+09:00,10300.0,10400.0,10100.0,10300.0,38438,0.0,0.0
2019-05-03 00:00:00+09:00,10200.0,10300.0,10200.0,10300.0,10106,0.0,0.0
2019-05-07 00:00:00+09:00,10150.0,10300.0,10050.0,10250.0,9581,0.0,0.0
2019-05-08 00:00:00+09:00,10150.0,10400.0,10050.0,10300.0,8616,0.0,0.0
2019-05-09 00:00:00+09:00,10350.0,10350.0,10050.0,10200.0,22319,0.0,0.0
2019-05-10 00:00:00+09:00,10200.0,10350.0,10150.0,10200.0,11971,0.0,0.0
2019-05-13 00:00:00+09:00,10250.0,10400.0,10200.0,10250.0,10999,0.0,0.0
2019-05-14 00:00:00+09:00,10250.0,10450.0,10100.0,10250.0,14652,0.0,0.0
2019-05-15 00:00:00+09:00,10350.0,10500.0,10200.0,10350.0,12778,0.0,0.0
2019-05-16 00:00:00+09:00,10450.0,10500.0,10200.0,10450.0,25534,0.0,0.0
2019-05-17 00:00:00+09:00,10400.0,10600.0,10300.0,10300.0,33207,0.0,0.0
2019-05-20 00:00:00+09:00,10300.0,10600.0,10250.0,10350.0,33895,0.0,0.0
2019-05-21 00:00:00+09:00,10350.0,10600.0,10350.0,10550.0,23624,0.0,0.0
2019-05-22 00:00:00+09:00,10600.0,10650.0,10300.0,10500.0,13123,0.0,0.0
2019-05-23 00:00:00+09:00,10500.0,10500.0,10300.0,10350.0,21560,0.0,0.0
2019-05-24 00:00:00+09:00,10300.0,10450.0,10150.0,10200.0,35970,0.0,0.0
2019-05-27 00:00:00+09:00,10100.0,10200.0,10000.0,10200.0,20117,0.0,0.0
2019-05-28 00:00:00+09:00,10200.0,10300.0,10100.0,10300.0,6528,0.0,0.0
2019-05-29 00:00:00+09:00,10300.0,10300.0,10000.0,10100.0,14263,0.0,0.0
2019-05-30 00:00:00+09:00,10100.0,10200.0,10050.0,10150.0,2839,0.0,0.0
2019-05-31 00:00:00+09:00,10000.0,10050.0,9530.0,9610.0,77989,0.0,0.0
2019-06-03 00:00:00+09:00,9230.0,9640.0,9230.0,9580.0,20437,0.0,0.0
2019-06-04 00:00:00+09:00,9590.0,9790.0,9520.0,9770.0,8027,0.0,0.0
2019-06-05 00:00:00+09:00,9740.0,9900.0,9740.0,9870.0,9621,0.0,0.0
2019-06-07 00:00:00+09:00,9870.0,10100.0,9840.0,10050.0,13148,0.0,0.0
2019-06-10 00:00:00+09:00,9990.0,10200.0,9990.0,10150.0,8817,0.0,0.0
2019-06-11 00:00:00+09:00,10150.0,10300.0,10100.0,10300.0,13451,0.0,0.0
2019-06-12 00:00:00+09:00,10200.0,10350.0,10150.0,10250.0,7415,0.0,0.0
2019-06-13 00:00:00+09:00,10250.0,10350.0,10200.0,10250.0,4161,0.0,0.0
2019-06-14 00:00:00+09:00,10150.0,10350.0,10100.0,10150.0,19643,0.0,0.0
2019-06-17 00:00:00+09:00,10050.0,11000.0,10050.0,10350.0,64261,0.0,0.0
2019-06-18 00:00:00+09:00,10400.0,10400.0,10150.0,10250.0,18067,0.0,0.0
2019-06-19 00:00:00+09:00,10250.0,10450.0,10150.0,10350.0,7433,0.0,0.0
2019-06-20 00:00:00+09:00,10400.0,10400.0,9960.0,10100.0,59727,0.0,0.0
2019-06-21 00:00:00+09:00,9950.0,10100.0,9900.0,9990.0,25519,0.0,0.0
2019-06-24 00:00:00+09:00,9990.0,10050.0,9840.0,9940.0,11492,0.0,0.0
2019-06-25 00:00:00+09:00,10000.0,10050.0,9810.0,10050.0,20487,0.0,0.0
2019-06-26 00:00:00+09:00,10000.0,10150.0,9960.0,10150.0,13663,0.0,0.0
2019-06-27 00:00:00+09:00,10150.0,10200.0,9860.0,9870.0,15820,0.0,0.0
2019-06-28 00:00:00+09:00,9900.0,9990.0,9810.0,9950.0,4571,0.0,0.0
2019-07-01 00:00:00+09:00,9960.0,10100.0,9890.0,9990.0,35821,0.0,0.0
2019-07-02 00:00:00+09:00,9950.0,10050.0,9950.0,9960.0,7928,0.0,0.0
2019-07-03 00:00:00+09:00,10050.0,10050.0,9900.0,9900.0,3560,0.0,0.0
2019-07-04 00:00:00+09:00,10000.0,10000.0,9580.0,9700.0,7682,0.0,0.0
2019-07-05 00:00:00+09:00,9700.0,9770.0,9630.0,9730.0,4602,0.0,0.0
2019-07-08 00:00:00+09:00,9730.0,9830.0,9410.0,9420.0,15094,0.0,0.0
2019-07-09 00:00:00+09:00,9300.0,9460.0,9150.0,9370.0,14368,0.0,0.0
2019-07-10 00:00:00+09:00,9370.0,9400.0,9300.0,9310.0,3702,0.0,0.0
2019-07-11 00:00:00+09:00,9250.0,9370.0,9250.0,9330.0,5509,0.0,0.0
2019-07-12 00:00:00+09:00,9210.0,9500.0,9210.0,9400.0,3583,0.0,0.0
2019-07-15 00:00:00+09:00,9440.0,9440.0,9230.0,9300.0,3296,0.0,0.0
2019-07-16 00:00:00+09:00,9220.0,9350.0,9110.0,9110.0,8643,0.0,0.0
2019-07-17 00:00:00+09:00,9110.0,9120.0,8830.0,8920.0,20809,0.0,0.0
2019-07-18 00:00:00+09:00,8930.0,9080.0,8860.0,8980.0,3047,0.0,0.0
2019-07-19 00:00:00+09:00,8950.0,9100.0,8950.0,9100.0,4242,0.0,0.0
2019-07-22 00:00:00+09:00,9130.0,9270.0,9090.0,9240.0,3082,0.0,0.0
2019-07-23 00:00:00+09:00,9240.0,9290.0,9030.0,9190.0,3815,0.0,0.0
2019-07-24 00:00:00+09:00,9110.0,9200.0,9040.0,9100.0,5689,0.0,0.0
2019-07-25 00:00:00+09:00,9100.0,9180.0,8980.0,9000.0,3990,0.0,0.0
2019-07-26 00:00:00+09:00,9080.0,9180.0,8810.0,8810.0,10602,0.0,0.0
2019-07-29 00:00:00+09:00,8850.0,8890.0,8600.0,8800.0,9845,0.0,0.0
2019-07-30 00:00:00+09:00,8800.0,8800.0,8540.0,8570.0,9576,0.0,0.0
2019-07-31 00:00:00+09:00,8570.0,8750.0,8210.0,8390.0,15472,0.0,0.0
2019-08-01 00:00:00+09:00,8360.0,8380.0,8140.0,8240.0,8763,0.0,0.0
2019-08-02 00:00:00+09:00,8180.0,8250.0,8000.0,8190.0,7295,0.0,0.0
2019-08-05 00:00:00+09:00,8190.0,8230.0,8020.0,8100.0,15987,0.0,0.0
2019-08-06 00:00:00+09:00,7250.0,8250.0,7250.0,7760.0,25795,0.0,0.0
2019-08-07 00:00:00+09:00,7540.0,8100.0,7540.0,8090.0,17346,0.0,0.0
2019-08-08 00:00:00+09:00,8080.0,9990.0,8080.0,8270.0,47785,0.0,0.0
2019-08-09 00:00:00+09:00,8500.0,8500.0,8210.0,8270.0,4697,0.0,0.0
2019-08-12 00:00:00+09:00,8280.0,8420.0,8250.0,8410.0,1262,0.0,0.0
2019-08-13 00:00:00+09:00,8430.0,8600.0,8300.0,8430.0,2593,0.0,0.0
2019-08-14 00:00:00+09:00,8430.0,8570.0,8390.0,8490.0,2290,0.0,0.0
2019-08-16 00:00:00+09:00,8470.0,8470.0,8250.0,8320.0,3171,0.0,0.0
2019-08-19 00:00:00+09:00,8390.0,8390.0,8300.0,8320.0,1520,0.0,0.0
2019-08-20 00:00:00+09:00,8240.0,8500.0,8240.0,8500.0,1987,0.0,0.0
2019-08-21 00:00:00+09:00,8450.0,8680.0,8440.0,8610.0,2400,0.0,0.0
2019-08-22 00:00:00+09:00,8650.0,8650.0,8470.0,8590.0,725,0.0,0.0
2019-08-23 00:00:00+09:00,8590.0,8590.0,8450.0,8490.0,2065,0.0,0.0
2019-08-26 00:00:00+09:00,8400.0,8430.0,8300.0,8400.0,3216,0.0,0.0
2019-08-27 00:00:00+09:00,8310.0,8480.0,8310.0,8400.0,1238,0.0,0.0
2019-08-28 00:00:00+09:00,8420.0,8480.0,8350.0,8410.0,2488,0.0,0.0
2019-08-29 00:00:00+09:00,8410.0,8490.0,8400.0,8470.0,1450,0.0,0.0
2019-08-30 00:00:00+09:00,8420.0,8620.0,8420.0,8540.0,3074,0.0,0.0
2019-09-02 00:00:00+09:00,8520.0,8630.0,8520.0,8630.0,878,0.0,0.0
2019-09-03 00:00:00+09:00,8680.0,8760.0,8610.0,8690.0,2189,0.0,0.0
2019-09-04 00:00:00+09:00,8690.0,8780.0,8620.0,8760.0,1987,0.0,0.0
2019-09-05 00:00:00+09:00,8850.0,8850.0,8670.0,8770.0,1917,0.0,0.0
2019-09-06 00:00:00+09:00,8670.0,8780.0,8620.0,8660.0,4231,0.0,0.0
2019-09-09 00:00:00+09:00,8670.0,8840.0,8650.0,8830.0,5125,0.0,0.0
2019-09-10 00:00:00+09:00,8800.0,8980.0,8740.0,8830.0,19314,0.0,0.0
2019-09-11 00:00:00+09:00,8820.0,8920.0,8770.0,8880.0,15751,0.0,0.0
2019-09-16 00:00:00+09:00,8880.0,9200.0,8880.0,9170.0,4399,0.0,0.0
2019-09-17 00:00:00+09:00,9170.0,9170.0,8980.0,9120.0,34575,0.0,0.0
2019-09-18 00:00:00+09:00,9120.0,9320.0,9000.0,9220.0,21550,0.0,0.0
2019-09-19 00:00:00+09:00,9220.0,9540.0,9200.0,9500.0,16702,0.0,0.0
2019-09-20 00:00:00+09:00,9500.0,10100.0,9450.0,10000.0,132973,0.0,0.0
2019-09-23 00:00:00+09:00,10000.0,10050.0,9510.0,9730.0,69502,0.0,0.0
2019-09-24 00:00:00+09:00,9620.0,9680.0,9200.0,9250.0,44910,0.0,0.0
2019-09-25 00:00:00+09:00,9210.0,9210.0,9030.0,9120.0,11844,0.0,0.0
2019-09-26 00:00:00+09:00,9080.0,9220.0,9080.0,9200.0,4037,0.0,0.0
2019-09-27 00:00:00+09:00,9120.0,9280.0,9100.0,9130.0,1541,0.0,0.0
2019-09-30 00:00:00+09:00,9200.0,9220.0,9070.0,9160.0,902,0.0,0.0
2019-10-01 00:00:00+09:00,9040.0,9250.0,9040.0,9160.0,1560,0.0,0.0
2019-10-02 00:00:00+09:00,9160.0,9160.0,9000.0,9080.0,1778,0.0,0.0
2019-10-04 00:00:00+09:00,9050.0,9130.0,9010.0,9060.0,358,0.0,0.0
2019-10-07 00:00:00+09:00,9090.0,9100.0,8880.0,9040.0,1902,0.0,0.0
2019-10-08 00:00:00+09:00,9030.0,9080.0,8960.0,9070.0,1975,0.0,0.0
2019-10-10 00:00:00+09:00,9070.0,9100.0,8500.0,9020.0,1569,0.0,0.0
2019-10-11 00:00:00+09:00,9020.0,9050.0,8990.0,8990.0,358,0.0,0.0
2019-10-14 00:00:00+09:00,8910.0,9050.0,8910.0,9010.0,1553,0.0,0.0
2019-10-15 00:00:00+09:00,9020.0,9020.0,8650.0,8950.0,1521,0.0,0.0
2019-10-16 00:00:00+09:00,8960.0,8970.0,8900.0,8910.0,357,0.0,0.0
2019-10-17 00:00:00+09:00,8920.0,8920.0,8790.0,8820.0,3139,0.0,0.0
2019-10-18 00:00:00+09:00,8840.0,8840.0,8760.0,8820.0,2322,0.0,0.0
2019-10-21 00:00:00+09:00,8840.0,8850.0,8800.0,8840.0,2812,0.0,0.0
2019-10-22 00:00:00+09:00,8860.0,8940.0,8810.0,8940.0,2650,0.0,0.0
2019-10-23 00:00:00+09:00,8940.0,8960.0,8880.0,8880.0,2351,0.0,0.0
2019-10-24 00:00:00+09:00,8900.0,8930.0,8830.0,8910.0,1307,0.0,0.0
2019-10-25 00:00:00+09:00,8920.0,8930.0,8850.0,8910.0,4982,0.0,0.0
2019-10-28 00:00:00+09:00,8900.0,9010.0,8830.0,9000.0,2237,0.0,0.0
2019-10-29 00:00:00+09:00,9000.0,9040.0,8940.0,8980.0,902,0.0,0.0
2019-10-30 00:00:00+09:00,8980.0,9030.0,8850.0,8850.0,1837,0.0,0.0
2019-10-31 00:00:00+09:00,8850.0,8990.0,8750.0,8800.0,21548,0.0,0.0
2019-11-01 00:00:00+09:00,8860.0,9080.0,8710.0,8740.0,16919,0.0,0.0
2019-11-04 00:00:00+09:00,8830.0,8840.0,8700.0,8710.0,23260,0.0,0.0
2019-11-05 00:00:00+09:00,8750.0,8830.0,8720.0,8820.0,11589,0.0,0.0
2019-11-06 00:00:00+09:00,8840.0,8890.0,8800.0,8890.0,2718,0.0,0.0
2019-11-07 00:00:00+09:00,8890.0,8890.0,8810.0,8840.0,6522,0.0,0.0
2019-11-08 00:00:00+09:00,8810.0,8940.0,8810.0,8850.0,6479,0.0,0.0
2019-11-11 00:00:00+09:00,8940.0,9060.0,8810.0,8840.0,6901,0.0,0.0
2019-11-12 00:00:00+09:00,8820.0,8980.0,8800.0,8920.0,7465,0.0,0.0
2019-11-13 00:00:00+09:00,8930.0,8930.0,8800.0,8880.0,13871,0.0,0.0
2019-11-14 00:00:00+09:00,8880.0,8970.0,8780.0,8790.0,4900,0.0,0.0
2019-11-15 00:00:00+09:00,8820.0,8920.0,8800.0,8880.0,9926,0.0,0.0
2019-11-18 00:00:00+09:00,8890.0,9000.0,8880.0,8970.0,10442,0.0,0.0
2019-11-19 00:00:00+09:00,8960.0,9000.0,8900.0,8900.0,1840,0.0,0.0
2019-11-20 00:00:00+09:00,8920.0,9000.0,8850.0,8920.0,7639,0.0,0.0
2019-11-21 00:00:00+09:00,8880.0,9090.0,8760.0,8760.0,79968,0.0,0.0
2019-11-22 00:00:00+09:00,8850.0,9000.0,8700.0,8700.0,78108,0.0,0.0
2019-11-25 00:00:00+09:00,8740.0,8820.0,8700.0,8740.0,14040,0.0,0.0
2019-11-26 00:00:00+09:00,8760.0,8810.0,8610.0,8670.0,19312,0.0,0.0
2019-11-27 00:00:00+09:00,8610.0,8680.0,8450.0,8520.0,10271,0.0,0.0
2019-11-28 00:00:00+09:00,8590.0,8590.0,8490.0,8490.0,2749,0.0,0.0
2019-11-29 00:00:00+09:00,8490.0,8520.0,8480.0,8500.0,1880,0.0,0.0
2019-12-02 00:00:00+09:00,8390.0,8480.0,8370.0,8390.0,4221,0.0,0.0
2019-12-03 00:00:00+09:00,8390.0,8390.0,8220.0,8250.0,10334,0.0,0.0
2019-12-04 00:00:00+09:00,8150.0,8180.0,8030.0,8150.0,13859,0.0,0.0
2019-12-05 00:00:00+09:00,8020.0,8120.0,7930.0,8050.0,15557,0.0,0.0
2019-12-06 00:00:00+09:00,7920.0,8000.0,7920.0,7950.0,14791,0.0,0.0
2019-12-09 00:00:00+09:00,7950.0,7990.0,7930.0,7930.0,4739,0.0,0.0
2019-12-10 00:00:00+09:00,7800.0,7950.0,7800.0,7950.0,2221,0.0,0.0
2019-12-11 00:00:00+09:00,7950.0,7980.0,7810.0,7960.0,1133,0.0,0.0
2019-12-12 00:00:00+09:00,7970.0,7970.0,7920.0,7940.0,1105,0.0,0.0
2019-12-13 00:00:00+09:00,7970.0,8050.0,7930.0,8040.0,2143,0.0,0.0
2019-12-16 00:00:00+09:00,8040.0,8160.0,7990.0,8150.0,1289,0.0,0.0
2019-12-17 00:00:00+09:00,8030.0,8150.0,8030.0,8100.0,5789,0.0,0.0
2019-12-18 00:00:00+09:00,8100.0,8100.0,8000.0,8030.0,2312,0.0,0.0
2019-12-19 00:00:00+09:00,8010.0,8150.0,8000.0,8110.0,8179,0.0,0.0
2019-12-20 00:00:00+09:00,8110.0,8160.0,8110.0,8160.0,2391,0.0,0.0
2019-12-23 00:00:00+09:00,8160.0,8170.0,8070.0,8070.0,1885,0.0,0.0
2019-12-24 00:00:00+09:00,8070.0,8100.0,7900.0,7930.0,9539,0.0,0.0
2019-12-26 00:00:00+09:00,7950.0,7960.0,7890.0,7930.0,6888,0.0,0.0
2019-12-27 00:00:00+09:00,7870.0,7990.0,7870.0,7900.0,1972,0.0,0.0
2019-12-30 00:00:00+09:00,7900.0,7960.0,7890.0,7900.0,5725,0.0,0.0
2020-01-02 00:00:00+09:00,7900.0,7980.0,7820.0,7970.0,3474,0.0,0.0
2020-01-03 00:00:00+09:00,7800.0,7960.0,7800.0,7910.0,4658,0.0,0.0
2020-01-06 00:00:00+09:00,7850.0,7900.0,7760.0,7840.0,3966,0.0,0.0
2020-01-07 00:00:00+09:00,7760.0,7870.0,7710.0,7870.0,16289,0.0,0.0
2020-01-08 00:00:00+09:00,7810.0,7860.0,7700.0,7700.0,2384,0.0,0.0
2020-01-09 00:00:00+09:00,7650.0,7780.0,7650.0,7770.0,6739,0.0,0.0
2020-01-10 00:00:00+09:00,7760.0,7830.0,7760.0,7770.0,2796,0.0,0.0
2020-01-13 00:00:00+09:00,7770.0,7860.0,7770.0,7810.0,1145,0.0,0.0
2020-01-14 00:00:00+09:00,7810.0,7870.0,7760.0,7840.0,2702,0.0,0.0
2020-01-15 00:00:00+09:00,7840.0,7930.0,7840.0,7910.0,1075,0.0,0.0
2020-01-16 00:00:00+09:00,7910.0,7980.0,7850.0,7910.0,2686,0.0,0.0
2020-01-17 00:00:00+09:00,7980.0,7980.0,7900.0,7910.0,3321,0.0,0.0
2020-01-20 00:00:00+09:00,7910.0,7970.0,7880.0,7960.0,3847,0.0,0.0
2020-01-21 00:00:00+09:00,7960.0,8580.0,7850.0,7990.0,23640,0.0,0.0
2020-01-22 00:00:00+09:00,7990.0,8750.0,7860.0,8120.0,55137,0.0,0.0
2020-01-23 00:00:00+09:00,8120.0,8570.0,8120.0,8270.0,42553,0.0,0.0
2020-01-28 00:00:00+09:00,8340.0,9400.0,8300.0,9090.0,358530,0.0,0.0
2020-01-29 00:00:00+09:00,8800.0,8950.0,8420.0,8520.0,42163,0.0,0.0
2020-01-30 00:00:00+09:00,8530.0,8600.0,8050.0,8050.0,20464,0.0,0.0
2020-01-31 00:00:00+09:00,8110.0,8300.0,8060.0,8060.0,11342,0.0,0.0
2020-02-03 00:00:00+09:00,7970.0,8050.0,7660.0,7720.0,26200,0.0,0.0
2020-02-04 00:00:00+09:00,7720.0,7870.0,7700.0,7820.0,3926,0.0,0.0
2020-02-05 00:00:00+09:00,7820.0,7990.0,7710.0,7910.0,7930,0.0,0.0
2020-02-06 00:00:00+09:00,7910.0,8070.0,7900.0,7910.0,13776,0.0,0.0
2020-02-07 00:00:00+09:00,7940.0,8100.0,7900.0,8090.0,11344,0.0,0.0
2020-02-10 00:00:00+09:00,8080.0,8080.0,7920.0,7960.0,3323,0.0,0.0
2020-02-11 00:00:00+09:00,7880.0,8070.0,7880.0,8030.0,2000,0.0,0.0
2020-02-12 00:00:00+09:00,7960.0,8050.0,7910.0,7980.0,2705,0.0,0.0
2020-02-13 00:00:00+09:00,7980.0,8160.0,7980.0,8100.0,8734,0.0,0.0
2020-02-14 00:00:00+09:00,8140.0,8160.0,8040.0,8140.0,4891,0.0,0.0
2020-02-17 00:00:00+09:00,8160.0,8160.0,7980.0,8070.0,4757,0.0,0.0
2020-02-18 00:00:00+09:00,7960.0,8050.0,7950.0,7990.0,3651,0.0,0.0
2020-02-19 00:00:00+09:00,8030.0,8040.0,7900.0,7950.0,7248,0.0,0.0
2020-02-20 00:00:00+09:00,7950.0,8420.0,7940.0,8000.0,27186,0.0,0.0
2020-02-21 00:00:00+09:00,8000.0,8110.0,7950.0,7950.0,8075,0.0,0.0
2020-02-24 00:00:00+09:00,8010.0,8010.0,7790.0,7930.0,6374,0.0,0.0
2020-02-25 00:00:00+09:00,7860.0,8050.0,7770.0,8050.0,5840,0.0,0.0
2020-02-26 00:00:00+09:00,7970.0,8140.0,7850.0,8100.0,17110,0.0,0.0
2020-02-27 00:00:00+09:00,8110.0,8110.0,7910.0,8020.0,3126,0.0,0.0
2020-02-28 00:00:00+09:00,8000.0,8000.0,7650.0,7900.0,7203,0.0,0.0
2020-03-02 00:00:00+09:00,7800.0,7900.0,7760.0,7760.0,6660,0.0,0.0
2020-03-03 00:00:00+09:00,7980.0,7980.0,7760.0,7890.0,2189,0.0,0.0
2020-03-04 00:00:00+09:00,7890.0,7920.0,7800.0,7800.0,2663,0.0,0.0
2020-03-05 00:00:00+09:00,7890.0,7890.0,7770.0,7780.0,1443,0.0,0.0
2020-03-06 00:00:00+09:00,7770.0,7830.0,7720.0,7800.0,1713,0.0,0.0
2020-03-09 00:00:00+09:00,7800.0,7800.0,7610.0,7610.0,2323,0.0,0.0
2020-03-10 00:00:00+09:00,7420.0,7590.0,7220.0,7380.0,11253,0.0,0.0
2020-03-11 00:00:00+09:00,7380.0,7410.0,7180.0,7350.0,5319,0.0,0.0
2020-03-12 00:00:00+09:00,7350.0,7350.0,6770.0,7100.0,16380,0.0,0.0
2020-03-13 00:00:00+09:00,5680.0,7050.0,5680.0,5940.0,66789,0.0,0.0
2020-03-16 00:00:00+09:00,6350.0,6350.0,5970.0,6240.0,25351,0.0,0.0
2020-03-17 00:00:00+09:00,5600.0,6300.0,5600.0,6300.0,46150,0.0,0.0
2020-03-18 00:00:00+09:00,6300.0,6380.0,6050.0,6250.0,12555,0.0,0.0
2020-03-19 00:00:00+09:00,6300.0,6400.0,5340.0,5700.0,10163,0.0,0.0
2020-03-20 00:00:00+09:00,5420.0,6150.0,5420.0,5780.0,28912,0.0,0.0
2020-03-23 00:00:00+09:00,5600.0,5640.0,5370.0,5540.0,11266,0.0,0.0
2020-03-24 00:00:00+09:00,5700.0,5950.0,5530.0,5700.0,22355,0.0,0.0
2020-03-25 00:00:00+09:00,5880.0,6120.0,5760.0,5910.0,23708,0.0,0.0
2020-03-26 00:00:00+09:00,5970.0,6100.0,5910.0,5980.0,12489,0.0,0.0
2020-03-27 00:00:00+09:00,6060.0,6230.0,6030.0,6100.0,19580,0.0,0.0
2020-03-30 00:00:00+09:00,5810.0,6250.0,5700.0,6250.0,24056,0.0,0.0
2020-03-31 00:00:00+09:00,6270.0,6980.0,6120.0,6980.0,29227,0.0,0.0
2020-04-01 00:00:00+09:00,6980.0,6980.0,6530.0,6530.0,9908,0.0,0.0
2020-04-02 00:00:00+09:00,6530.0,6700.0,6510.0,6700.0,6086,0.0,0.0
2020-04-03 00:00:00+09:00,6700.0,6880.0,6540.0,6760.0,6499,0.0,0.0
2020-04-06 00:00:00+09:00,6990.0,6990.0,6580.0,6930.0,7226,0.0,0.0
2020-04-07 00:00:00+09:00,6930.0,7040.0,6760.0,6860.0,19373,0.0,0.0
2020-04-08 00:00:00+09:00,6860.0,7040.0,6670.0,6990.0,11220,0.0,0.0
2020-04-09 00:00:00+09:00,6890.0,7120.0,6890.0,7030.0,5496,0.0,0.0
2020-04-10 00:00:00+09:00,7000.0,7070.0,6710.0,6980.0,13453,0.0,0.0
2020-04-13 00:00:00+09:00,6980.0,7030.0,6810.0,6860.0,15123,0.0,0.0
2020-04-14 00:00:00+09:00,6880.0,7100.0,6880.0,7100.0,3596,0.0,0.0
2020-04-16 00:00:00+09:00,7020.0,7190.0,6900.0,7170.0,2878,0.0,0.0
2020-04-17 00:00:00+09:00,7160.0,7280.0,7030.0,7140.0,4302,0.0,0.0
2020-04-20 00:00:00+09:00,7250.0,7370.0,7040.0,7260.0,7381,0.0,0.0
2020-04-21 00:00:00+09:00,7260.0,7370.0,6750.0,7000.0,12387,0.0,0.0
2020-04-22 00:00:00+09:00,7100.0,7170.0,6820.0,7080.0,10728,0.0,0.0
2020-04-23 00:00:00+09:00,7200.0,7230.0,7080.0,7130.0,3410,0.0,0.0
2020-04-24 00:00:00+09:00,7200.0,7200.0,7050.0,7100.0,1516,0.0,0.0
2020-04-27 00:00:00+09:00,7000.0,7180.0,7000.0,7120.0,9113,0.0,0.0
2020-04-28 00:00:00+09:00,7120.0,7320.0,7100.0,7320.0,9666,0.0,0.0
2020-04-29 00:00:00+09:00,7320.0,7580.0,7320.0,7560.0,6435,0.0,0.0
2020-05-04 00:00:00+09:00,7610.0,7700.0,7500.0,7630.0,5988,0.0,0.0
2020-05-06 00:00:00+09:00,7740.0,7880.0,7700.0,7790.0,12531,0.0,0.0
2020-05-07 00:00:00+09:00,7830.0,8030.0,7830.0,8000.0,11930,0.0,0.0
2020-05-08 00:00:00+09:00,8000.0,8400.0,8000.0,8150.0,15291,0.0,0.0
2020-05-11 00:00:00+09:00,8150.0,8240.0,8150.0,8230.0,11590,0.0,0.0
2020-05-12 00:00:00+09:00,8230.0,8400.0,8040.0,8040.0,6829,0.0,0.0
2020-05-13 00:00:00+09:00,7960.0,8690.0,7910.0,8600.0,35009,0.0,0.0
2020-05-14 00:00:00+09:00,8600.0,8690.0,8370.0,8620.0,10761,0.0,0.0
2020-05-15 00:00:00+09:00,8620.0,8640.0,8300.0,8580.0,7412,0.0,0.0
2020-05-18 00:00:00+09:00,8680.0,9280.0,8680.0,9190.0,67992,0.0,0.0
2020-05-19 00:00:00+09:00,9250.0,9250.0,8840.0,8910.0,20943,0.0,0.0
2020-05-20 00:00:00+09:00,8850.0,9070.0,8850.0,8960.0,5859,0.0,0.0
2020-05-21 00:00:00+09:00,8970.0,9000.0,8840.0,8860.0,13176,0.0,0.0
2020-05-22 00:00:00+09:00,8860.0,8890.0,8700.0,8750.0,10362,0.0,0.0
2020-05-25 00:00:00+09:00,8780.0,8930.0,8770.0,8850.0,12100,0.0,0.0
2020-05-26 00:00:00+09:00,8850.0,8910.0,8800.0,8910.0,11433,0.0,0.0
2020-05-27 00:00:00+09:00,8920.0,8990.0,8850.0,8920.0,5655,0.0,0.0
2020-05-28 00:00:00+09:00,8840.0,9060.0,8720.0,8740.0,8770,0.0,0.0
2020-05-29 00:00:00+09:00,8740.0,8780.0,8450.0,8760.0,27493,0.0,0.0
2020-06-01 00:00:00+09:00,8660.0,9010.0,8660.0,8980.0,14647,0.0,0.0
2020-06-02 00:00:00+09:00,8980.0,9100.0,8830.0,9070.0,7920,0.0,0.0
2020-06-03 00:00:00+09:00,9050.0,9130.0,8930.0,9070.0,7444,0.0,0.0
2020-06-04 00:00:00+09:00,9480.0,9690.0,9300.0,9480.0,68084,0.0,0.0
2020-06-05 00:00:00+09:00,9680.0,9680.0,9490.0,9580.0,16638,0.0,0.0
2020-06-08 00:00:00+09:00,9730.0,10700.0,9730.0,10100.0,212055,0.0,0.0
2020-06-09 00:00:00+09:00,10150.0,10250.0,9530.0,9690.0,59104,0.0,0.0
2020-06-10 00:00:00+09:00,9690.0,9800.0,9310.0,9340.0,21874,0.0,0.0
2020-06-11 00:00:00+09:00,9460.0,9460.0,9150.0,9300.0,10229,0.0,0.0
2020-06-12 00:00:00+09:00,8860.0,9180.0,8700.0,9180.0,17067,0.0,0.0
2020-06-15 00:00:00+09:00,9000.0,9000.0,8410.0,8420.0,23147,0.0,0.0
2020-06-16 00:00:00+09:00,8610.0,8830.0,8330.0,8580.0,13951,0.0,0.0
2020-06-17 00:00:00+09:00,8410.0,8870.0,8410.0,8830.0,7862,0.0,0.0
2020-06-18 00:00:00+09:00,9100.0,9110.0,8880.0,8950.0,7559,0.0,0.0
2020-06-22 00:00:00+09:00,9320.0,9330.0,9170.0,9280.0,13439,0.0,0.0
2020-06-23 00:00:00+09:00,9600.0,9600.0,9000.0,9130.0,9713,0.0,0.0
2020-06-24 00:00:00+09:00,9220.0,9260.0,9010.0,9010.0,7742,0.0,0.0
2020-06-25 00:00:00+09:00,8980.0,9020.0,8820.0,9020.0,15209,0.0,0.0
2020-06-26 00:00:00+09:00,8980.0,9450.0,8950.0,9130.0,7346,0.0,0.0
2020-06-29 00:00:00+09:00,9110.0,9110.0,8670.0,8700.0,13341,0.0,0.0
2020-06-30 00:00:00+09:00,8700.0,8820.0,8670.0,8740.0,4518,0.0,0.0
2020-07-01 00:00:00+09:00,8790.0,8810.0,8680.0,8750.0,6009,0.0,0.0
2020-07-02 00:00:00+09:00,8740.0,8810.0,8610.0,8810.0,4659,0.0,0.0
2020-07-06 00:00:00+09:00,9000.0,9090.0,8930.0,8990.0,7577,0.0,0.0
2020-07-07 00:00:00+09:00,9090.0,9090.0,8890.0,9000.0,7940,0.0,0.0
2020-07-08 00:00:00+09:00,9000.0,9120.0,8850.0,9000.0,5416,0.0,0.0
2020-07-09 00:00:00+09:00,9140.0,9150.0,9020.0,9100.0,5678,0.0,0.0
2020-07-10 00:00:00+09:00,9190.0,9190.0,8860.0,9030.0,6691,0.0,0.0
2020-07-13 00:00:00+09:00,9280.0,9400.0,9030.0,9240.0,27783,0.0,0.0
2020-07-14 00:00:00+09:00,9260.0,9270.0,9110.0,9230.0,7955,0.0,0.0
2020-07-15 00:00:00+09:00,9290.0,9290.0,9110.0,9230.0,8185,0.0,0.0
2020-07-16 00:00:00+09:00,9230.0,9230.0,9080.0,9130.0,8054,0.0,0.0
2020-07-17 00:00:00+09:00,9170.0,9200.0,9000.0,9110.0,2926,0.0,0.0
2020-07-20 00:00:00+09:00,8990.0,9170.0,8990.0,9010.0,5711,0.0,0.0
2020-07-21 00:00:00+09:00,9010.0,9150.0,8900.0,9140.0,8225,0.0,0.0
2020-07-22 00:00:00+09:00,9150.0,9300.0,9060.0,9240.0,5163,0.0,0.0
2020-07-23 00:00:00+09:00,9240.0,9280.0,9180.0,9190.0,2574,0.0,0.0
2020-07-24 00:00:00+09:00,9200.0,9300.0,9150.0,9210.0,7054,0.0,0.0
2020-07-27 00:00:00+09:00,9220.0,9660.0,9220.0,9510.0,22046,0.0,0.0
2020-07-28 00:00:00+09:00,9620.0,9620.0,9140.0,9300.0,9952,0.0,0.0
2020-07-29 00:00:00+09:00,9360.0,9360.0,9190.0,9270.0,4590,0.0,0.0
2020-07-30 00:00:00+09:00,9350.0,9360.0,9100.0,9220.0,4754,0.0,0.0
2020-07-31 00:00:00+09:00,9230.0,9600.0,9180.0,9400.0,9645,0.0,0.0
2020-08-03 00:00:00+09:00,9300.0,9400.0,9090.0,9100.0,6762,0.0,0.0
2020-08-04 00:00:00+09:00,9200.0,9200.0,9000.0,9120.0,6564,0.0,0.0
2020-08-05 00:00:00+09:00,9050.0,9390.0,9030.0,9070.0,9480,0.0,0.0
2020-08-06 00:00:00+09:00,9180.0,9180.0,8800.0,8940.0,8929,0.0,0.0
2020-08-07 00:00:00+09:00,8940.0,8940.0,8820.0,8890.0,5557,0.0,0.0
2020-08-10 00:00:00+09:00,8770.0,9010.0,8770.0,8980.0,9222,0.0,0.0
2020-08-11 00:00:00+09:00,8980.0,9210.0,8980.0,9100.0,5750,0.0,0.0
2020-08-12 00:00:00+09:00,9200.0,9200.0,8770.0,9000.0,9425,0.0,0.0
2020-08-13 00:00:00+09:00,9170.0,9170.0,8990.0,9070.0,6372,0.0,0.0
2020-08-14 00:00:00+09:00,9130.0,9150.0,8940.0,9070.0,12181,0.0,0.0
2020-08-18 00:00:00+09:00,9070.0,9070.0,8730.0,8750.0,7357,0.0,0.0
2020-08-19 00:00:00+09:00,8750.0,8880.0,8740.0,8860.0,4433,0.0,0.0
2020-08-20 00:00:00+09:00,8860.0,8860.0,8310.0,8370.0,7543,0.0,0.0
2020-08-21 00:00:00+09:00,8370.0,8540.0,8370.0,8540.0,4482,0.0,0.0
2020-08-24 00:00:00+09:00,8550.0,8570.0,8430.0,8530.0,3019,0.0,0.0
2020-08-25 00:00:00+09:00,8540.0,8770.0,8540.0,8770.0,2047,0.0,0.0
2020-08-26 00:00:00+09:00,8780.0,8920.0,8610.0,8680.0,4081,0.0,0.0
2020-08-27 00:00:00+09:00,8680.0,8680.0,8550.0,8570.0,4706,0.0,0.0
2020-08-28 00:00:00+09:00,8800.0,8800.0,8600.0,8620.0,10309,0.0,0.0
2020-08-31 00:00:00+09:00,8570.0,8810.0,8570.0,8780.0,3792,0.0,0.0
2020-09-01 00:00:00+09:00,8780.0,8900.0,8570.0,8760.0,3739,0.0,0.0
2020-09-02 00:00:00+09:00,8760.0,8940.0,8760.0,8870.0,4424,0.0,0.0
2020-09-03 00:00:00+09:00,8870.0,8930.0,8780.0,8880.0,10394,0.0,0.0
2020-09-04 00:00:00+09:00,8730.0,8850.0,8670.0,8840.0,2045,0.0,0.0
2020-09-07 00:00:00+09:00,8930.0,8930.0,8790.0,8860.0,2997,0.0,0.0
2020-09-08 00:00:00+09:00,8880.0,8920.0,8830.0,8840.0,7550,0.0,0.0
2020-09-09 00:00:00+09:00,8860.0,8930.0,8820.0,8920.0,4225,0.0,0.0
2020-09-10 00:00:00+09:00,8950.0,9020.0,8880.0,9020.0,3982,0.0,0.0
2020-09-11 00:00:00+09:00,9020.0,9050.0,8870.0,8990.0,2991,0.0,0.0
2020-09-14 00:00:00+09:00,8990.0,9060.0,8860.0,8970.0,4616,0.0,0.0
2020-09-15 00:00:00+09:00,8970.0,9000.0,8870.0,8940.0,4477,0.0,0.0
2020-09-16 00:00:00+09:00,8910.0,9020.0,8910.0,8920.0,5277,0.0,0.0
2020-09-17 00:00:00+09:00,8970.0,8980.0,8810.0,8810.0,3182,0.0,0.0
2020-09-18 00:00:00+09:00,8870.0,8870.0,8670.0,8860.0,5364,0.0,0.0
2020-09-21 00:00:00+09:00,8860.0,8910.0,8640.0,8640.0,3142,0.0,0.0
2020-09-22 00:00:00+09:00,8640.0,8670.0,8500.0,8500.0,7287,0.0,0.0
2020-09-23 00:00:00+09:00,8570.0,8600.0,8470.0,8470.0,3553,0.0,0.0
2020-09-24 00:00:00+09:00,8320.0,8530.0,8160.0,8230.0,6633,0.0,0.0
2020-09-25 00:00:00+09:00,8240.0,8490.0,8230.0,8330.0,2691,0.0,0.0
2020-09-28 00:00:00+09:00,8370.0,8660.0,8330.0,8410.0,2706,0.0,0.0
2020-09-29 00:00:00+09:00,8480.0,8540.0,8420.0,8490.0,732,0.0,0.0
2020-10-05 00:00:00+09:00,8470.0,8550.0,8470.0,8510.0,3837,0.0,0.0
2020-10-06 00:00:00+09:00,8510.0,8600.0,8500.0,8600.0,3226,0.0,0.0
2020-10-07 00:00:00+09:00,8600.0,8630.0,8530.0,8580.0,3954,0.0,0.0
2020-10-08 00:00:00+09:00,8590.0,8660.0,8580.0,8630.0,1604,0.0,0.0
2020-10-12 00:00:00+09:00,8630.0,8650.0,8600.0,8650.0,2343,0.0,0.0
2020-10-13 00:00:00+09:00,8650.0,8700.0,8580.0,8670.0,4694,0.0,0.0
2020-10-14 00:00:00+09:00,8740.0,8830.0,8600.0,8670.0,7578,0.0,0.0
2020-10-15 00:00:00+09:00,8670.0,8680.0,8600.0,8600.0,2580,0.0,0.0
2020-10-16 00:00:00+09:00,8600.0,8680.0,8520.0,8620.0,1720,0.0,0.0
2020-10-19 00:00:00+09:00,8620.0,8620.0,8430.0,8590.0,2999,0.0,0.0
2020-10-20 00:00:00+09:00,8590.0,8590.0,8450.0,8520.0,975,0.0,0.0
2020-10-21 00:00:00+09:00,8430.0,8600.0,8430.0,8530.0,2956,0.0,0.0
2020-10-22 00:00:00+09:00,8520.0,8570.0,8510.0,8550.0,5372,0.0,0.0
2020-10-23 00:00:00+09:00,8540.0,8540.0,8460.0,8520.0,1389,0.0,0.0
2020-10-26 00:00:00+09:00,8520.0,8520.0,8320.0,8420.0,4976,0.0,0.0
2020-10-27 00:00:00+09:00,8420.0,8420.0,8230.0,8280.0,5263,0.0,0.0
2020-10-28 00:00:00+09:00,8270.0,8480.0,8250.0,8310.0,1255,0.0,0.0
2020-10-29 00:00:00+09:00,8190.0,8280.0,7730.0,8060.0,13511,0.0,0.0
2020-10-30 00:00:00+09:00,8290.0,8290.0,8050.0,8100.0,5394,0.0,0.0
2020-11-02 00:00:00+09:00,8010.0,8130.0,8010.0,8130.0,2601,0.0,0.0
2020-11-03 00:00:00+09:00,8100.0,8200.0,8060.0,8130.0,4276,0.0,0.0
2020-11-04 00:00:00+09:00,8190.0,8260.0,7920.0,8020.0,5654,0.0,0.0
2020-11-05 00:00:00+09:00,8060.0,8420.0,8040.0,8270.0,17945,0.0,0.0
2020-11-06 00:00:00+09:00,8270.0,8300.0,8150.0,8190.0,4007,0.0,0.0
2020-11-09 00:00:00+09:00,8250.0,8320.0,8180.0,8300.0,5818,0.0,0.0
2020-11-10 00:00:00+09:00,8300.0,8390.0,8280.0,8340.0,1050,0.0,0.0
2020-11-11 00:00:00+09:00,8340.0,8410.0,8300.0,8390.0,7785,0.0,0.0
2020-11-12 00:00:00+09:00,8390.0,8490.0,8360.0,8420.0,4782,0.0,0.0
2020-11-13 00:00:00+09:00,8440.0,8470.0,8350.0,8410.0,1151,0.0,0.0
2020-11-16 00:00:00+09:00,8440.0,8440.0,8280.0,8390.0,16566,0.0,0.0
2020-11-17 00:00:00+09:00,8320.0,8410.0,8240.0,8240.0,3749,0.0,0.0
2020-11-18 00:00:00+09:00,8240.0,8280.0,8210.0,8270.0,6616,0.0,0.0
2020-11-19 00:00:00+09:00,8280.0,8280.0,8190.0,8260.0,3798,0.0,0.0
2020-11-20 00:00:00+09:00,8260.0,8340.0,8250.0,8260.0,2354,0.0,0.0
2020-11-23 00:00:00+09:00,8260.0,8320.0,8260.0,8310.0,3054,0.0,0.0
2020-11-24 00:00:00+09:00,8490.0,8490.0,8300.0,8350.0,13098,0.0,0.0
2020-11-25 00:00:00+09:00,8340.0,8410.0,8330.0,8350.0,3155,0.0,0.0
2020-11-26 00:00:00+09:00,8350.0,8390.0,8320.0,8320.0,4655,0.0,0.0
2020-11-27 00:00:00+09:00,8310.0,8330.0,8280.0,8320.0,6887,0.0,0.0
2020-11-30 00:00:00+09:00,8290.0,8390.0,8290.0,8340.0,8740,0.0,0.0
2020-12-01 00:00:00+09:00,8480.0,8480.0,8300.0,8360.0,3674,0.0,0.0
2020-12-02 00:00:00+09:00,8360.0,8400.0,8250.0,8330.0,8564,0.0,0.0
2020-12-03 00:00:00+09:00,8320.0,8350.0,8280.0,8330.0,4143,0.0,0.0
2020-12-04 00:00:00+09:00,8410.0,8410.0,8280.0,8380.0,3080,0.0,0.0
2020-12-07 00:00:00+09:00,8410.0,8410.0,8250.0,8340.0,9132,0.0,0.0
2020-12-08 00:00:00+09:00,8340.0,8400.0,8210.0,8350.0,8872,0.0,0.0
2020-12-09 00:00:00+09:00,8290.0,8350.0,8290.0,8300.0,974,0.0,0.0
2020-12-10 00:00:00+09:00,8300.0,8340.0,8270.0,8320.0,4259,0.0,0.0
2020-12-11 00:00:00+09:00,8360.0,8370.0,8290.0,8340.0,4209,0.0,0.0
2020-12-14 00:00:00+09:00,8340.0,8420.0,8280.0,8340.0,10014,0.0,0.0
2020-12-15 00:00:00+09:00,8340.0,8440.0,8290.0,8440.0,10441,0.0,0.0
2020-12-16 00:00:00+09:00,8490.0,8510.0,8420.0,8470.0,10949,0.0,0.0
2020-12-17 00:00:00+09:00,8560.0,8560.0,8390.0,8470.0,4189,0.0,0.0
2020-12-18 00:00:00+09:00,8470.0,8560.0,8330.0,8390.0,16193,0.0,0.0
2020-12-21 00:00:00+09:00,8570.0,8570.0,8330.0,8470.0,10013,0.0,0.0
2020-12-22 00:00:00+09:00,8470.0,8500.0,8330.0,8350.0,5433,0.0,0.0
2020-12-23 00:00:00+09:00,8310.0,8350.0,8260.0,8320.0,7793,0.0,0.0
2020-12-24 00:00:00+09:00,8340.0,8490.0,8340.0,8470.0,6833,0.0,0.0
2020-12-28 00:00:00+09:00,8470.0,8560.0,8350.0,8560.0,7967,0.0,0.0
2020-12-29 00:00:00+09:00,8500.0,8500.0,8310.0,8360.0,7199,0.0,0.0
2020-12-30 00:00:00+09:00,8360.0,8480.0,8290.0,8470.0,18575,0.0,0.0
2021-01-04 00:00:00+09:00,8470.0,8470.0,8370.0,8380.0,6242,0.0,0.0
2021-01-05 00:00:00+09:00,8300.0,8550.0,8200.0,8450.0,13648,0.0,0.0
2021-01-06 00:00:00+09:00,8450.0,8780.0,8290.0,8600.0,53191,0.0,0.0
2021-01-07 00:00:00+09:00,9770.0,10500.0,8930.0,9140.0,375139,0.0,0.0
2021-01-08 00:00:00+09:00,9140.0,9140.0,8810.0,8820.0,52433,0.0,0.0
2021-01-11 00:00:00+09:00,9090.0,9090.0,8580.0,8740.0,31860,0.0,0.0
2021-01-12 00:00:00+09:00,8730.0,8870.0,8610.0,8870.0,13690,0.0,0.0
2021-01-13 00:00:00+09:00,8870.0,8870.0,8670.0,8720.0,9960,0.0,0.0
2021-01-14 00:00:00+09:00,8790.0,8970.0,8680.0,8890.0,17582,0.0,0.0
2021-01-15 00:00:00+09:00,9070.0,9150.0,8890.0,8900.0,37731,0.0,0.0
2021-01-18 00:00:00+09:00,8900.0,8980.0,8720.0,8790.0,18215,0.0,0.0
2021-01-19 00:00:00+09:00,8790.0,8900.0,8750.0,8850.0,7588,0.0,0.0
2021-01-20 00:00:00+09:00,8890.0,8940.0,8740.0,8880.0,10328,0.0,0.0
2021-01-21 00:00:00+09:00,8970.0,8970.0,8820.0,8870.0,9589,0.0,0.0
2021-01-22 00:00:00+09:00,8900.0,9070.0,8880.0,8970.0,23892,0.0,0.0
2021-01-25 00:00:00+09:00,8960.0,9190.0,8920.0,9100.0,23602,0.0,0.0
2021-01-26 00:00:00+09:00,9100.0,9130.0,8960.0,9060.0,9384,0.0,0.0
2021-01-27 00:00:00+09:00,9110.0,9160.0,9000.0,9080.0,9567,0.0,0.0
2021-01-28 00:00:00+09:00,9080.0,9080.0,8870.0,8920.0,15674,0.0,0.0
2021-01-29 00:00:00+09:00,8920.0,8990.0,8700.0,8700.0,13210,0.0,0.0
2021-02-01 00:00:00+09:00,8700.0,8880.0,8670.0,8880.0,6360,0.0,0.0
2021-02-02 00:00:00+09:00,8880.0,8920.0,8810.0,8900.0,7178,0.0,0.0
2021-02-03 00:00:00+09:00,8940.0,8940.0,8820.0,8920.0,8947,0.0,0.0
2021-02-04 00:00:00+09:00,8960.0,9230.0,8850.0,9040.0,29426,0.0,0.0
2021-02-05 00:00:00+09:00,9090.0,11600.0,9010.0,9350.0,723027,0.0,0.0
2021-02-08 00:00:00+09:00,9480.0,11500.0,9460.0,10700.0,1321148,0.0,0.0
2021-02-09 00:00:00+09:00,10500.0,10950.0,10200.0,10500.0,327809,0.0,0.0
2021-02-10 00:00:00+09:00,10700.0,11300.0,10400.0,11100.0,473512,0.0,0.0
2021-02-15 00:00:00+09:00,11000.0,11100.0,10650.0,10750.0,190172,0.0,0.0
2021-02-16 00:00:00+09:00,10850.0,10850.0,10200.0,10350.0,165260,0.0,0.0
2021-02-17 00:00:00+09:00,10300.0,10550.0,10200.0,10250.0,66808,0.0,0.0
2021-02-18 00:00:00+09:00,10250.0,10500.0,10200.0,10400.0,62966,0.0,0.0
2021-02-19 00:00:00+09:00,10300.0,10400.0,9870.0,10050.0,66635,0.0,0.0
2021-02-22 00:00:00+09:00,10050.0,10200.0,9920.0,9940.0,30429,0.0,0.0
2021-02-23 00:00:00+09:00,9900.0,9920.0,9710.0,9710.0,49672,0.0,0.0
2021-02-24 00:00:00+09:00,9720.0,10100.0,9700.0,9790.0,47930,0.0,0.0
2021-02-25 00:00:00+09:00,9880.0,9920.0,9710.0,9760.0,23757,0.0,0.0
2021-02-26 00:00:00+09:00,9700.0,9850.0,9700.0,9780.0,39698,0.0,0.0
2021-03-02 00:00:00+09:00,9890.0,9940.0,9520.0,9580.0,31663,0.0,0.0
2021-03-03 00:00:00+09:00,9580.0,9640.0,9490.0,9640.0,9419,0.0,0.0
2021-03-04 00:00:00+09:00,9640.0,9680.0,9380.0,9630.0,22062,0.0,0.0
2021-03-05 00:00:00+09:00,9690.0,9900.0,9520.0,9900.0,21208,0.0,0.0
2021-03-08 00:00:00+09:00,9980.0,10100.0,9770.0,9960.0,24780,0.0,0.0
2021-03-09 00:00:00+09:00,9960.0,10000.0,9710.0,9890.0,20687,0.0,0.0
2021-03-10 00:00:00+09:00,9890.0,10050.0,9800.0,9900.0,16233,0.0,0.0
2021-03-11 00:00:00+09:00,9900.0,9970.0,9690.0,9700.0,17509,0.0,0.0
2021-03-12 00:00:00+09:00,9780.0,9810.0,9630.0,9650.0,15909,0.0,0.0
2021-03-15 00:00:00+09:00,9650.0,9810.0,9590.0,9760.0,15598,0.0,0.0
2021-03-16 00:00:00+09:00,9820.0,10300.0,9780.0,10150.0,41612,0.0,0.0
2021-03-17 00:00:00+09:00,10100.0,10200.0,9950.0,10050.0,20269,0.0,0.0
2021-03-18 00:00:00+09:00,10100.0,10100.0,9970.0,10050.0,10249,0.0,0.0
2021-03-19 00:00:00+09:00,10000.0,10050.0,9740.0,10050.0,11508,0.0,0.0
2021-03-22 00:00:00+09:00,10050.0,11500.0,9960.0,10550.0,924920,0.0,0.0
2021-03-23 00:00:00+09:00,10600.0,11650.0,10450.0,10450.0,766566,0.0,0.0
2021-03-24 00:00:00+09:00,10500.0,10550.0,9890.0,9890.0,196029,0.0,0.0
2021-03-25 00:00:00+09:00,9890.0,12850.0,9600.0,11650.0,3152958,0.0,0.0
2021-03-26 00:00:00+09:00,11550.0,12000.0,11400.0,11650.0,513278,0.0,0.0
2021-03-29 00:00:00+09:00,11650.0,11850.0,11400.0,11500.0,316494,0.0,0.0
2021-03-30 00:00:00+09:00,11600.0,11900.0,11100.0,11350.0,361548,0.0,0.0
2021-03-31 00:00:00+09:00,11450.0,11600.0,11200.0,11450.0,113200,0.0,0.0
2021-04-01 00:00:00+09:00,11450.0,11650.0,11300.0,11550.0,130373,0.0,0.0
2021-04-02 00:00:00+09:00,11550.0,11900.0,11450.0,11550.0,289381,0.0,0.0
2021-04-05 00:00:00+09:00,11800.0,12200.0,11550.0,12150.0,325751,0.0,0.0
2021-04-06 00:00:00+09:00,12100.0,12100.0,11700.0,11950.0,148306,0.0,0.0
2021-04-07 00:00:00+09:00,11850.0,11900.0,11550.0,11550.0,145332,0.0,0.0
2021-04-08 00:00:00+09:00,11650.0,11900.0,11500.0,11700.0,124284,0.0,0.0
2021-04-09 00:00:00+09:00,11550.0,11750.0,11400.0,11600.0,64947,0.0,0.0
2021-04-12 00:00:00+09:00,11650.0,11750.0,11350.0,11600.0,37174,0.0,0.0
2021-04-13 00:00:00+09:00,11600.0,11800.0,11500.0,11500.0,40371,0.0,0.0
2021-04-14 00:00:00+09:00,11550.0,11800.0,11450.0,11800.0,64755,0.0,0.0
2021-04-15 00:00:00+09:00,11750.0,11850.0,11500.0,11500.0,34744,0.0,0.0
2021-04-16 00:00:00+09:00,11600.0,11650.0,11450.0,11500.0,39901,0.0,0.0
2021-04-19 00:00:00+09:00,11750.0,11750.0,11450.0,11500.0,44498,0.0,0.0
2021-04-20 00:00:00+09:00,11600.0,12000.0,11400.0,11800.0,129540,0.0,0.0
2021-04-21 00:00:00+09:00,11800.0,11850.0,11500.0,11550.0,54615,0.0,0.0
2021-04-22 00:00:00+09:00,11600.0,12200.0,11500.0,11900.0,253244,0.0,0.0
2021-04-23 00:00:00+09:00,11900.0,11900.0,11600.0,11800.0,46356,0.0,0.0
2021-04-26 00:00:00+09:00,11750.0,12150.0,11600.0,11950.0,89977,0.0,0.0
2021-04-27 00:00:00+09:00,11950.0,12050.0,11750.0,12050.0,39520,0.0,0.0
2021-04-28 00:00:00+09:00,11950.0,11950.0,11400.0,11400.0,93030,0.0,0.0
2021-04-29 00:00:00+09:00,11350.0,11450.0,11100.0,11200.0,46538,0.0,0.0
2021-04-30 00:00:00+09:00,11150.0,11350.0,10850.0,11150.0,38124,0.0,0.0
2021-05-03 00:00:00+09:00,11150.0,11450.0,11050.0,11300.0,22304,0.0,0.0
2021-05-04 00:00:00+09:00,11100.0,11200.0,10850.0,11100.0,30832,0.0,0.0
2021-05-06 00:00:00+09:00,11200.0,11300.0,11100.0,11300.0,15298,0.0,0.0
2021-05-07 00:00:00+09:00,11300.0,11450.0,11150.0,11350.0,18255,0.0,0.0
2021-05-10 00:00:00+09:00,11300.0,11550.0,11250.0,11300.0,11770,0.0,0.0
2021-05-11 00:00:00+09:00,11300.0,11500.0,11200.0,11300.0,27686,0.0,0.0
2021-05-12 00:00:00+09:00,11300.0,11450.0,11100.0,11250.0,29791,0.0,0.0
2021-05-13 00:00:00+09:00,11100.0,11400.0,11000.0,11250.0,19358,0.0,0.0
2021-05-14 00:00:00+09:00,11400.0,11400.0,11100.0,11100.0,17929,0.0,0.0
2021-05-17 00:00:00+09:00,11100.0,11300.0,10950.0,11000.0,29908,0.0,0.0
2021-05-18 00:00:00+09:00,10950.0,11150.0,10950.0,11000.0,23957,0.0,0.0
2021-05-20 00:00:00+09:00,11050.0,11050.0,10800.0,10950.0,21922,0.0,0.0
2021-05-21 00:00:00+09:00,10950.0,11000.0,10800.0,11000.0,21181,0.0,0.0
2021-05-24 00:00:00+09:00,10950.0,11000.0,10750.0,10750.0,17252,0.0,0.0
2021-05-25 00:00:00+09:00,10750.0,11050.0,10750.0,11050.0,18753,0.0,0.0
2021-05-26 00:00:00+09:00,11100.0,11150.0,10950.0,11100.0,13553,0.0,0.0
2021-05-27 00:00:00+09:00,11100.0,11200.0,10950.0,11100.0,7374,0.0,0.0
2021-05-28 00:00:00+09:00,11200.0,11200.0,11000.0,11100.0,11242,0.0,0.0
2021-05-31 00:00:00+09:00,11150.0,11150.0,10950.0,11100.0,8282,0.0,0.0
2021-06-01 00:00:00+09:00,11200.0,11300.0,11000.0,11150.0,16478,0.0,0.0
2021-06-02 00:00:00+09:00,11150.0,11850.0,11150.0,11450.0,135527,0.0,0.0
2021-06-03 00:00:00+09:00,11450.0,11750.0,11300.0,11550.0,35529,0.0,0.0
2021-06-04 00:00:00+09:00,11550.0,11550.0,11250.0,11400.0,12182,0.0,0.0
2021-06-07 00:00:00+09:00,11400.0,11500.0,11050.0,11200.0,23792,0.0,0.0
2021-06-08 00:00:00+09:00,11200.0,11300.0,11050.0,11200.0,19042,0.0,0.0
2021-06-09 00:00:00+09:00,11300.0,11300.0,11100.0,11200.0,8142,0.0,0.0
2021-06-10 00:00:00+09:00,11100.0,11250.0,10850.0,10850.0,24632,0.0,0.0
2021-06-11 00:00:00+09:00,10900.0,11000.0,10800.0,10900.0,15282,0.0,0.0
2021-06-14 00:00:00+09:00,10950.0,11150.0,10950.0,11050.0,11271,0.0,0.0
2021-06-15 00:00:00+09:00,11050.0,11050.0,10800.0,10900.0,11141,0.0,0.0
2021-06-16 00:00:00+09:00,10900.0,11050.0,10750.0,10900.0,15652,0.0,0.0
2021-06-17 00:00:00+09:00,11000.0,11000.0,10800.0,10850.0,17882,0.0,0.0
2021-06-18 00:00:00+09:00,10900.0,10950.0,10700.0,10750.0,16365,0.0,0.0
2021-06-21 00:00:00+09:00,10750.0,10750.0,10400.0,10500.0,28237,0.0,0.0
2021-06-22 00:00:00+09:00,10500.0,10850.0,10300.0,10800.0,30888,0.0,0.0
2021-06-23 00:00:00+09:00,10850.0,11850.0,10800.0,10900.0,219845,0.0,0.0
2021-06-24 00:00:00+09:00,10900.0,11200.0,10900.0,10950.0,23210,0.0,0.0
2021-06-25 00:00:00+09:00,10950.0,11100.0,10900.0,10900.0,19501,0.0,0.0
2021-06-28 00:00:00+09:00,10950.0,11100.0,10850.0,10900.0,19481,0.0,0.0
2021-06-29 00:00:00+09:00,10850.0,11050.0,10700.0,10850.0,14481,0.0,0.0
2021-06-30 00:00:00+09:00,10800.0,11050.0,10800.0,10800.0,19108,0.0,0.0
2021-07-01 00:00:00+09:00,10900.0,10950.0,10800.0,10900.0,9963,0.0,0.0
2021-07-02 00:00:00+09:00,10900.0,11000.0,10800.0,10850.0,11538,0.0,0.0
2021-07-05 00:00:00+09:00,10850.0,10900.0,10650.0,10850.0,20595,0.0,0.0
2021-07-06 00:00:00+09:00,10850.0,11150.0,10850.0,10900.0,17743,0.0,0.0
2021-07-07 00:00:00+09:00,11100.0,11100.0,10700.0,10800.0,25321,0.0,0.0
2021-07-08 00:00:00+09:00,10800.0,10950.0,10550.0,10650.0,57305,0.0,0.0
2021-07-09 00:00:00+09:00,10650.0,10650.0,10300.0,10550.0,26235,0.0,0.0
2021-07-12 00:00:00+09:00,10500.0,10850.0,10450.0,10700.0,8062,0.0,0.0
2021-07-13 00:00:00+09:00,10800.0,10900.0,10750.0,10850.0,7555,0.0,0.0
2021-07-14 00:00:00+09:00,10900.0,10900.0,10750.0,10850.0,16513,0.0,0.0
2021-07-15 00:00:00+09:00,11100.0,11200.0,10850.0,10950.0,16384,0.0,0.0
2021-07-16 00:00:00+09:00,11000.0,11000.0,10800.0,10850.0,5613,0.0,0.0
2021-07-19 00:00:00+09:00,10850.0,10850.0,10650.0,10850.0,7599,0.0,0.0
2021-07-20 00:00:00+09:00,10800.0,10800.0,10500.0,10600.0,11409,0.0,0.0
2021-07-21 00:00:00+09:00,10600.0,10650.0,10450.0,10600.0,7690,0.0,0.0
2021-07-22 00:00:00+09:00,10500.0,10600.0,10450.0,10500.0,5824,0.0,0.0
2021-07-23 00:00:00+09:00,10500.0,10600.0,10450.0,10600.0,7759,0.0,0.0
2021-07-26 00:00:00+09:00,10650.0,10650.0,10400.0,10500.0,11426,0.0,0.0
2021-07-27 00:00:00+09:00,10500.0,10700.0,10450.0,10550.0,9776,0.0,0.0
2021-07-28 00:00:00+09:00,10500.0,10750.0,10500.0,10650.0,4570,0.0,0.0
2021-07-29 00:00:00+09:00,10600.0,10750.0,10550.0,10700.0,6857,0.0,0.0
2021-07-30 00:00:00+09:00,10700.0,11100.0,10350.0,11000.0,32807,0.0,0.0
2021-08-02 00:00:00+09:00,11000.0,11250.0,10850.0,11200.0,33893,0.0,0.0
2021-08-03 00:00:00+09:00,11250.0,11250.0,10900.0,11000.0,19361,0.0,0.0
2021-08-04 00:00:00+09:00,11000.0,11050.0,10850.0,11050.0,7533,0.0,0.0
2021-08-05 00:00:00+09:00,11050.0,11050.0,10900.0,11050.0,7325,0.0,0.0
2021-08-06 00:00:00+09:00,11000.0,11050.0,10850.0,10850.0,11840,0.0,0.0
2021-08-09 00:00:00+09:00,10850.0,10950.0,10750.0,10850.0,6133,0.0,0.0
2021-08-10 00:00:00+09:00,10850.0,10850.0,10600.0,10650.0,4835,0.0,0.0
2021-08-11 00:00:00+09:00,10650.0,10650.0,10500.0,10550.0,12794,0.0,0.0
2021-08-12 00:00:00+09:00,10550.0,10800.0,10550.0,10700.0,8419,0.0,0.0
2021-08-13 00:00:00+09:00,10700.0,10700.0,10250.0,10450.0,9153,0.0,0.0
2021-08-17 00:00:00+09:00,10250.0,10350.0,9560.0,9640.0,28092,0.0,0.0
2021-08-18 00:00:00+09:00,9550.0,9800.0,9490.0,9790.0,9819,0.0,0.0
2021-08-19 00:00:00+09:00,9510.0,9670.0,9210.0,9340.0,72322,0.0,0.0
2021-08-20 00:00:00+09:00,9340.0,9380.0,9000.0,9070.0,16320,0.0,0.0
2021-08-23 00:00:00+09:00,9070.0,9210.0,8980.0,9180.0,8908,0.0,0.0
2021-08-24 00:00:00+09:00,9190.0,9370.0,9180.0,9310.0,5849,0.0,0.0
2021-08-25 00:00:00+09:00,9400.0,9480.0,9300.0,9310.0,7942,0.0,0.0
2021-08-26 00:00:00+09:00,9360.0,9410.0,9310.0,9390.0,6756,0.0,0.0
2021-08-27 00:00:00+09:00,9390.0,9480.0,9350.0,9480.0,2308,0.0,0.0
2021-08-30 00:00:00+09:00,9520.0,9560.0,9390.0,9500.0,8485,0.0,0.0
2021-08-31 00:00:00+09:00,9490.0,9600.0,9450.0,9540.0,7123,0.0,0.0
2021-09-01 00:00:00+09:00,9550.0,9700.0,9550.0,9680.0,13694,0.0,0.0
2021-09-02 00:00:00+09:00,9680.0,9710.0,9600.0,9630.0,4092,0.0,0.0
2021-09-03 00:00:00+09:00,9550.0,9650.0,9550.0,9600.0,6672,0.0,0.0
2021-09-06 00:00:00+09:00,9600.0,9620.0,9520.0,9580.0,7637,0.0,0.0
2021-09-07 00:00:00+09:00,9580.0,9710.0,9560.0,9680.0,16481,0.0,0.0
2021-09-08 00:00:00+09:00,9610.0,9750.0,9610.0,9690.0,16093,0.0,0.0
2021-09-09 00:00:00+09:00,9600.0,9710.0,9580.0,9700.0,4794,0.0,0.0
2021-09-10 00:00:00+09:00,9700.0,9750.0,9670.0,9690.0,5144,0.0,0.0
2021-09-13 00:00:00+09:00,9690.0,9730.0,9600.0,9610.0,3079,0.0,0.0
2021-09-14 00:00:00+09:00,9610.0,9700.0,9600.0,9620.0,4581,0.0,0.0
2021-09-15 00:00:00+09:00,9640.0,9700.0,9610.0,9670.0,2444,0.0,0.0
2021-09-16 00:00:00+09:00,9800.0,9800.0,9610.0,9720.0,5628,0.0,0.0
2021-09-17 00:00:00+09:00,9710.0,9770.0,9600.0,9720.0,9750,0.0,0.0
2021-09-23 00:00:00+09:00,9720.0,9720.0,9480.0,9480.0,9654,0.0,0.0
2021-09-24 00:00:00+09:00,9470.0,9480.0,9360.0,9360.0,4897,0.0,0.0
2021-09-27 00:00:00+09:00,9350.0,9390.0,9250.0,9390.0,10624,0.0,0.0
2021-09-28 00:00:00+09:00,9350.0,9390.0,9190.0,9230.0,6446,0.0,0.0
2021-09-29 00:00:00+09:00,9160.0,9230.0,9110.0,9220.0,4631,0.0,0.0
2021-09-30 00:00:00+09:00,9190.0,9270.0,9100.0,9250.0,8109,0.0,0.0
2021-10-01 00:00:00+09:00,9220.0,9220.0,8980.0,9000.0,21305,0.0,0.0
2021-10-05 00:00:00+09:00,8970.0,8970.0,8570.0,8690.0,31037,0.0,0.0
2021-10-06 00:00:00+09:00,8580.0,8790.0,8580.0,8640.0,8184,0.0,0.0
2021-10-07 00:00:00+09:00,8500.0,8800.0,8500.0,8680.0,6816,0.0,0.0
2021-10-08 00:00:00+09:00,8790.0,8840.0,8740.0,8820.0,2447,0.0,0.0
2021-10-12 00:00:00+09:00,8850.0,8860.0,8750.0,8790.0,1754,0.0,0.0
2021-10-13 00:00:00+09:00,8790.0,8850.0,8750.0,8790.0,10278,0.0,0.0
2021-10-14 00:00:00+09:00,8820.0,8960.0,8790.0,8910.0,56972,0.0,0.0
2021-10-15 00:00:00+09:00,8920.0,8990.0,8910.0,8980.0,42323,0.0,0.0
2021-10-18 00:00:00+09:00,8980.0,9080.0,8920.0,9080.0,5802,0.0,0.0
2021-10-19 00:00:00+09:00,9030.0,9140.0,9030.0,9100.0,1925,0.0,0.0
2021-10-20 00:00:00+09:00,9090.0,9200.0,8990.0,9000.0,5900,0.0,0.0
2021-10-21 00:00:00+09:00,9000.0,9100.0,8960.0,9010.0,4772,0.0,0.0
2021-10-22 00:00:00+09:00,8970.0,9260.0,8960.0,9120.0,67436,0.0,0.0
2021-10-25 00:00:00+09:00,9120.0,9330.0,9020.0,9140.0,24396,0.0,0.0
2021-10-26 00:00:00+09:00,9170.0,9170.0,9040.0,9070.0,7926,0.0,0.0
2021-10-27 00:00:00+09:00,9070.0,9310.0,9030.0,9160.0,15644,0.0,0.0
2021-10-28 00:00:00+09:00,9070.0,9200.0,9020.0,9130.0,4921,0.0,0.0
2021-10-29 00:00:00+09:00,9060.0,9120.0,9020.0,9120.0,9066,0.0,0.0
2021-11-01 00:00:00+09:00,9100.0,9120.0,9040.0,9040.0,4940,0.0,0.0
2021-11-02 00:00:00+09:00,9040.0,9130.0,9010.0,9050.0,5578,0.0,0.0
2021-11-03 00:00:00+09:00,9070.0,9080.0,8960.0,9070.0,6655,0.0,0.0
2021-11-04 00:00:00+09:00,9070.0,9090.0,8990.0,9060.0,6242,0.0,0.0
2021-11-05 00:00:00+09:00,9060.0,9160.0,8940.0,9000.0,9105,0.0,0.0
2021-11-08 00:00:00+09:00,8930.0,9240.0,8910.0,9100.0,10937,0.0,0.0
2021-11-09 00:00:00+09:00,9120.0,9230.0,9010.0,9090.0,6561,0.0,0.0
2021-11-10 00:00:00+09:00,9000.0,9160.0,8970.0,9040.0,6271,0.0,0.0
2021-11-11 00:00:00+09:00,8970.0,9060.0,8880.0,9060.0,4339,0.0,0.0
2021-11-12 00:00:00+09:00,9060.0,9100.0,9020.0,9070.0,1034,0.0,0.0
2021-11-15 00:00:00+09:00,9160.0,9210.0,9150.0,9180.0,6547,0.0,0.0
2021-11-16 00:00:00+09:00,9220.0,9220.0,9100.0,9170.0,5005,0.0,0.0
2021-11-17 00:00:00+09:00,9170.0,9170.0,9070.0,9070.0,2765,0.0,0.0
2021-11-18 00:00:00+09:00,9040.0,9100.0,9010.0,9070.0,3699,0.0,0.0
2021-11-19 00:00:00+09:00,9060.0,9300.0,9060.0,9120.0,2695,0.0,0.0
2021-11-22 00:00:00+09:00,9120.0,9240.0,9070.0,9200.0,2625,0.0,0.0
2021-11-23 00:00:00+09:00,9160.0,9200.0,9060.0,9130.0,5483,0.0,0.0
2021-11-24 00:00:00+09:00,9130.0,9130.0,8980.0,9080.0,7236,0.0,0.0
2021-11-25 00:00:00+09:00,9060.0,9080.0,9000.0,9000.0,4498,0.0,0.0
2021-11-26 00:00:00+09:00,9000.0,9000.0,8820.0,8880.0,6453,0.0,0.0
2021-11-29 00:00:00+09:00,8860.0,8860.0,8500.0,8520.0,11397,0.0,0.0
2021-11-30 00:00:00+09:00,8510.0,8600.0,8310.0,8310.0,24836,0.0,0.0
2021-12-01 00:00:00+09:00,8190.0,8550.0,8110.0,8550.0,64137,0.0,0.0
2021-12-02 00:00:00+09:00,8310.0,8550.0,8270.0,8550.0,5424,0.0,0.0
2021-12-03 00:00:00+09:00,8550.0,8640.0,8520.0,8630.0,10710,0.0,0.0
2021-12-06 00:00:00+09:00,8560.0,8670.0,8540.0,8650.0,4604,0.0,0.0
2021-12-07 00:00:00+09:00,8630.0,8750.0,8590.0,8750.0,6604,0.0,0.0
2021-12-08 00:00:00+09:00,8790.0,9140.0,8790.0,8790.0,8323,0.0,0.0
2021-12-09 00:00:00+09:00,8940.0,9330.0,8910.0,9030.0,7680,0.0,0.0
2021-12-10 00:00:00+09:00,9030.0,9100.0,8960.0,8960.0,3255,0.0,0.0
2021-12-13 00:00:00+09:00,8960.0,9020.0,8960.0,9020.0,5011,0.0,0.0
2021-12-14 00:00:00+09:00,9000.0,9090.0,8950.0,9050.0,3124,0.0,0.0
2021-12-15 00:00:00+09:00,9050.0,9080.0,8990.0,9030.0,1858,0.0,0.0
2021-12-16 00:00:00+09:00,9030.0,9110.0,8990.0,9030.0,13028,0.0,0.0
2021-12-17 00:00:00+09:00,9050.0,9130.0,8940.0,9130.0,4220,0.0,0.0
2021-12-20 00:00:00+09:00,9020.0,9040.0,8960.0,8990.0,2109,0.0,0.0
2021-12-21 00:00:00+09:00,8950.0,9040.0,8880.0,9040.0,3977,0.0,0.0
2021-12-22 00:00:00+09:00,9040.0,9080.0,8930.0,9030.0,9412,0.0,0.0
2021-12-23 00:00:00+09:00,9070.0,9070.0,8970.0,8970.0,1890,0.0,0.0
2021-12-24 00:00:00+09:00,8970.0,9040.0,8970.0,9000.0,1851,0.0,0.0
2021-12-27 00:00:00+09:00,9000.0,9000.0,8920.0,8930.0,57605,0.0,0.0
2021-12-28 00:00:00+09:00,8940.0,9030.0,8930.0,9000.0,14764,0.0,0.0
2021-12-29 00:00:00+09:00,9000.0,9020.0,8890.0,8930.0,1835,0.0,0.0
2021-12-30 00:00:00+09:00,8930.0,9050.0,8840.0,8980.0,3975,0.0,0.0
2022-01-04 00:00:00+09:00,8920.0,9040.0,8910.0,9040.0,3381,0.0,0.0
2022-01-05 00:00:00+09:00,9090.0,9090.0,8970.0,9000.0,2257,0.0,0.0
2022-01-06 00:00:00+09:00,8980.0,9150.0,8950.0,8970.0,12561,0.0,0.0
2022-01-07 00:00:00+09:00,8970.0,9070.0,8970.0,9000.0,5959,0.0,0.0
2022-01-10 00:00:00+09:00,9240.0,9240.0,8950.0,9000.0,5570,0.0,0.0
2022-01-11 00:00:00+09:00,8950.0,9010.0,8950.0,9000.0,4295,0.0,0.0
2022-01-12 00:00:00+09:00,8970.0,9010.0,8950.0,8960.0,1853,0.0,0.0
2022-01-13 00:00:00+09:00,8990.0,9060.0,8970.0,9000.0,1920,0.0,0.0
2022-01-14 00:00:00+09:00,9070.0,9090.0,8970.0,9080.0,2847,0.0,0.0
2022-01-17 00:00:00+09:00,9050.0,9080.0,8930.0,8930.0,3994,0.0,0.0
2022-01-18 00:00:00+09:00,8930.0,9000.0,8710.0,8710.0,7955,0.0,0.0
2022-01-19 00:00:00+09:00,8600.0,8870.0,8570.0,8670.0,4874,0.0,0.0
2022-01-20 00:00:00+09:00,8800.0,8800.0,8610.0,8660.0,2096,0.0,0.0
2022-01-21 00:00:00+09:00,8660.0,8740.0,8660.0,8720.0,1126,0.0,0.0
2022-01-24 00:00:00+09:00,8680.0,8680.0,8370.0,8370.0,8110,0.0,0.0
2022-01-25 00:00:00+09:00,8380.0,8440.0,8270.0,8350.0,7678,0.0,0.0
2022-01-26 00:00:00+09:00,8340.0,8550.0,8250.0,8430.0,2686,0.0,0.0
2022-01-27 00:00:00+09:00,8450.0,8450.0,8210.0,8310.0,3896,0.0,0.0
2022-01-28 00:00:00+09:00,8710.0,8740.0,8290.0,8400.0,4971,0.0,0.0
2022-02-03 00:00:00+09:00,8400.0,8520.0,8370.0,8490.0,3654,0.0,0.0
2022-02-04 00:00:00+09:00,8500.0,8570.0,8420.0,8570.0,2261,0.0,0.0
2022-02-07 00:00:00+09:00,8520.0,8610.0,8520.0,8560.0,1975,0.0,0.0
2022-02-08 00:00:00+09:00,8610.0,8630.0,8520.0,8560.0,831,0.0,0.0
2022-02-09 00:00:00+09:00,8590.0,8700.0,8560.0,8700.0,6840,0.0,0.0
2022-02-10 00:00:00+09:00,8710.0,10650.0,8700.0,9320.0,733868,0.0,0.0
2022-02-11 00:00:00+09:00,9250.0,9570.0,9030.0,9040.0,73548,0.0,0.0
2022-02-14 00:00:00+09:00,9040.0,9040.0,8600.0,8600.0,37390,0.0,0.0
2022-02-15 00:00:00+09:00,8520.0,8590.0,8380.0,8550.0,22710,0.0,0.0
2022-02-16 00:00:00+09:00,8510.0,8710.0,8510.0,8640.0,27005,0.0,0.0
2022-02-17 00:00:00+09:00,8640.0,8790.0,8600.0,8690.0,15707,0.0,0.0
2022-02-18 00:00:00+09:00,8630.0,9230.0,8530.0,8810.0,69283,0.0,0.0
2022-02-21 00:00:00+09:00,8830.0,9090.0,8740.0,8750.0,24709,0.0,0.0
2022-02-22 00:00:00+09:00,8850.0,8890.0,8610.0,8700.0,19806,0.0,0.0
2022-02-23 00:00:00+09:00,8700.0,8860.0,8660.0,8800.0,21289,0.0,0.0
2022-02-24 00:00:00+09:00,8810.0,8840.0,8550.0,8550.0,15381,0.0,0.0
2022-02-25 00:00:00+09:00,8610.0,8690.0,8580.0,8650.0,10747,0.0,0.0
2022-02-28 00:00:00+09:00,8830.0,8830.0,8680.0,8790.0,9940,0.0,0.0
2022-03-02 00:00:00+09:00,8820.0,8880.0,8760.0,8820.0,13601,0.0,0.0
2022-03-03 00:00:00+09:00,8820.0,8930.0,8820.0,8850.0,11180,0.0,0.0
2022-03-04 00:00:00+09:00,8870.0,8910.0,8770.0,8880.0,10103,0.0,0.0
2022-03-07 00:00:00+09:00,8860.0,8910.0,8770.0,8770.0,7671,0.0,0.0
2022-03-08 00:00:00+09:00,8700.0,8820.0,8590.0,8630.0,7763,0.0,0.0
2022-03-10 00:00:00+09:00,8640.0,8880.0,8620.0,8730.0,4516,0.0,0.0
2022-03-11 00:00:00+09:00,8760.0,8880.0,8700.0,8750.0,5777,0.0,0.0
2022-03-14 00:00:00+09:00,8820.0,8890.0,8660.0,8750.0,4200,0.0,0.0
2022-03-15 00:00:00+09:00,8740.0,8740.0,8600.0,8630.0,7261,0.0,0.0
2022-03-16 00:00:00+09:00,8630.0,8730.0,8610.0,8660.0,4398,0.0,0.0
2022-03-17 00:00:00+09:00,8830.0,8830.0,8690.0,8730.0,5963,0.0,0.0
2022-03-18 00:00:00+09:00,8740.0,8780.0,8700.0,8760.0,5911,0.0,0.0
2022-03-21 00:00:00+09:00,8790.0,8810.0,8750.0,8760.0,6765,0.0,0.0
2022-03-22 00:00:00+09:00,8760.0,8840.0,8740.0,8790.0,6497,0.0,0.0
2022-03-23 00:00:00+09:00,8790.0,8990.0,8790.0,8990.0,16898,0.0,0.0
2022-03-24 00:00:00+09:00,8990.0,9080.0,8890.0,9040.0,18051,0.0,0.0
2022-03-25 00:00:00+09:00,9040.0,9090.0,8950.0,9000.0,8316,0.0,0.0
2022-03-28 00:00:00+09:00,9050.0,9090.0,9000.0,9050.0,23202,0.0,0.0
2022-03-29 00:00:00+09:00,9050.0,9140.0,9010.0,9110.0,17598,0.0,0.0
2022-03-30 00:00:00+09:00,9110.0,9110.0,8980.0,9060.0,13736,0.0,0.0
2022-03-31 00:00:00+09:00,9070.0,9190.0,8990.0,9060.0,26067,0.0,0.0
2022-04-01 00:00:00+09:00,9070.0,9100.0,8990.0,9050.0,10583,0.0,0.0
2022-04-04 00:00:00+09:00,9050.0,9110.0,8960.0,9080.0,19887,0.0,0.0
2022-04-05 00:00:00+09:00,9030.0,9090.0,9010.0,9090.0,18601,0.0,0.0
2022-04-06 00:00:00+09:00,9080.0,9110.0,9060.0,9080.0,10107,0.0,0.0
2022-04-07 00:00:00+09:00,9080.0,9080.0,8970.0,9020.0,15015,0.0,0.0
2022-04-08 00:00:00+09:00,8980.0,9220.0,8880.0,9220.0,17981,0.0,0.0
2022-04-11 00:00:00+09:00,9150.0,9210.0,9100.0,9100.0,11308,0.0,0.0
2022-04-12 00:00:00+09:00,9010.0,9100.0,9010.0,9070.0,6447,0.0,0.0
2022-04-13 00:00:00+09:00,9020.0,9120.0,9020.0,9080.0,4812,0.0,0.0
2022-04-14 00:00:00+09:00,9090.0,9150.0,9060.0,9140.0,8828,0.0,0.0
2022-04-15 00:00:00+09:00,9130.0,9180.0,9040.0,9130.0,18484,0.0,0.0
2022-04-18 00:00:00+09:00,9190.0,9190.0,9100.0,9110.0,7805,0.0,0.0
2022-04-19 00:00:00+09:00,9110.0,9260.0,9100.0,9210.0,15871,0.0,0.0
2022-04-20 00:00:00+09:00,9290.0,9580.0,9200.0,9470.0,36120,0.0,0.0
2022-04-21 00:00:00+09:00,9510.0,9520.0,9340.0,9340.0,15328,0.0,0.0
2022-04-22 00:00:00+09:00,9290.0,9300.0,9110.0,9260.0,15940,0.0,0.0
2022-04-25 00:00:00+09:00,9170.0,9210.0,9100.0,9150.0,9810,0.0,0.0
2022-04-26 00:00:00+09:00,9150.0,9630.0,9150.0,9550.0,89301,0.0,0.0
2022-04-27 00:00:00+09:00,9540.0,11100.0,9480.0,9950.0,665550,0.0,0.0
2022-04-28 00:00:00+09:00,10000.0,10100.0,9500.0,9590.0,133056,0.0,0.0
2022-04-29 00:00:00+09:00,9600.0,9660.0,9300.0,9590.0,79731,0.0,0.0
2022-05-03 00:00:00+09:00,9810.0,9980.0,9710.0,9880.0,48177,0.0,0.0
2022-05-04 00:00:00+09:00,10000.0,10950.0,9770.0,9770.0,232053,0.0,0.0
2022-05-06 00:00:00+09:00,9490.0,10650.0,9490.0,10100.0,209319,0.0,0.0
2022-05-10 00:00:00+09:00,9550.0,9620.0,9100.0,9500.0,38072,0.0,0.0
2022-05-11 00:00:00+09:00,9500.0,9780.0,9460.0,9590.0,35892,0.0,0.0
2022-05-12 00:00:00+09:00,9590.0,10400.0,9530.0,9850.0,112471,0.0,0.0
2022-05-13 00:00:00+09:00,9840.0,10100.0,9690.0,9890.0,39029,0.0,0.0
2022-05-16 00:00:00+09:00,9890.0,10100.0,9810.0,10000.0,35342,0.0,0.0
2022-05-17 00:00:00+09:00,9910.0,10100.0,9860.0,10000.0,26210,0.0,0.0
2022-05-18 00:00:00+09:00,10150.0,10250.0,9820.0,9820.0,33851,0.0,0.0
2022-05-19 00:00:00+09:00,9750.0,9760.0,9530.0,9570.0,25917,0.0,0.0
2022-05-20 00:00:00+09:00,9570.0,9720.0,9530.0,9550.0,11515,0.0,0.0
2022-05-23 00:00:00+09:00,9420.0,9580.0,9420.0,9520.0,28211,0.0,0.0
2022-05-24 00:00:00+09:00,9420.0,9870.0,9350.0,9400.0,16937,0.0,0.0
2022-05-25 00:00:00+09:00,9400.0,9520.0,9310.0,9310.0,11050,0.0,0.0
2022-05-26 00:00:00+09:00,9280.0,9550.0,9270.0,9470.0,10503,0.0,0.0
2022-05-27 00:00:00+09:00,9520.0,9520.0,9370.0,9400.0,11352,0.0,0.0
2022-05-30 00:00:00+09:00,9400.0,9570.0,9400.0,9420.0,7639,0.0,0.0
2022-05-31 00:00:00+09:00,9430.0,9510.0,9330.0,9460.0,12995,0.0,0.0
2022-06-02 00:00:00+09:00,9490.0,9680.0,9410.0,9500.0,18394,0.0,0.0
2022-06-03 00:00:00+09:00,9510.0,9590.0,9480.0,9520.0,11176,0.0,0.0
2022-06-07 00:00:00+09:00,9520.0,9600.0,9400.0,9420.0,11475,0.0,0.0
2022-06-08 00:00:00+09:00,9420.0,9600.0,9370.0,9560.0,15838,0.0,0.0
2022-06-09 00:00:00+09:00,9610.0,9700.0,9370.0,9530.0,16362,0.0,0.0
2022-06-10 00:00:00+09:00,9530.0,9560.0,9330.0,9550.0,10444,0.0,0.0
2022-06-13 00:00:00+09:00,9350.0,9350.0,9020.0,9020.0,28685,0.0,0.0
2022-06-14 00:00:00+09:00,8860.0,9020.0,8390.0,8900.0,31182,0.0,0.0
2022-06-15 00:00:00+09:00,8950.0,8950.0,8210.0,8280.0,34312,0.0,0.0
2022-06-16 00:00:00+09:00,8310.0,8600.0,8260.0,8270.0,13698,0.0,0.0
2022-06-17 00:00:00+09:00,8180.0,8270.0,7850.0,8140.0,14524,0.0,0.0
2022-06-20 00:00:00+09:00,8140.0,10000.0,7550.0,7560.0,1040970,0.0,0.0
2022-06-21 00:00:00+09:00,7560.0,8900.0,7500.0,7970.0,324688,0.0,0.0
2022-06-22 00:00:00+09:00,8030.0,8140.0,7570.0,7570.0,59773,0.0,0.0
2022-06-23 00:00:00+09:00,7550.0,7730.0,7170.0,7310.0,48902,0.0,0.0
2022-06-24 00:00:00+09:00,7310.0,8820.0,7310.0,7780.0,255780,0.0,0.0
2022-06-27 00:00:00+09:00,7940.0,7950.0,7710.0,7830.0,33913,0.0,0.0
2022-06-28 00:00:00+09:00,7760.0,8010.0,7760.0,8010.0,33018,0.0,0.0
2022-06-29 00:00:00+09:00,7970.0,8690.0,7970.0,8110.0,103382,0.0,0.0
2022-06-30 00:00:00+09:00,8110.0,8410.0,7840.0,7850.0,28232,0.0,0.0
2022-07-01 00:00:00+09:00,7750.0,8000.0,7590.0,7760.0,26632,0.0,0.0
2022-07-04 00:00:00+09:00,7770.0,8020.0,7540.0,7660.0,19509,0.0,0.0
2022-07-05 00:00:00+09:00,7660.0,7900.0,7610.0,7890.0,10328,0.0,0.0
2022-07-06 00:00:00+09:00,7880.0,8450.0,7370.0,7900.0,38375,0.0,0.0
2022-07-07 00:00:00+09:00,8070.0,8120.0,7850.0,7920.0,11866,0.0,0.0
2022-07-08 00:00:00+09:00,7970.0,8760.0,7900.0,8290.0,181128,0.0,0.0
2022-07-11 00:00:00+09:00,8320.0,8320.0,8040.0,8110.0,21366,0.0,0.0
2022-07-12 00:00:00+09:00,8110.0,8280.0,7890.0,7970.0,29381,0.0,0.0
2022-07-13 00:00:00+09:00,8000.0,8010.0,7800.0,7980.0,8718,0.0,0.0
2022-07-14 00:00:00+09:00,7900.0,8170.0,7900.0,7950.0,9649,0.0,0.0
2022-07-15 00:00:00+09:00,7980.0,8010.0,7790.0,7950.0,8401,0.0,0.0
2022-07-18 00:00:00+09:00,7970.0,8130.0,7950.0,8080.0,10801,0.0,0.0
2022-07-19 00:00:00+09:00,8010.0,8130.0,7780.0,8100.0,14573,0.0,0.0
2022-07-20 00:00:00+09:00,8200.0,8210.0,8100.0,8200.0,13391,0.0,0.0
2022-07-21 00:00:00+09:00,8250.0,8380.0,8120.0,8280.0,12711,0.0,0.0
2022-07-22 00:00:00+09:00,8280.0,9630.0,8200.0,8590.0,739436,0.0,0.0
2022-07-25 00:00:00+09:00,8620.0,8710.0,8430.0,8650.0,37271,0.0,0.0
2022-07-26 00:00:00+09:00,8700.0,8760.0,8530.0,8650.0,22167,0.0,0.0
2022-07-27 00:00:00+09:00,8650.0,8670.0,8530.0,8570.0,15161,0.0,0.0
2022-07-28 00:00:00+09:00,8590.0,8850.0,8590.0,8610.0,31605,0.0,0.0
2022-07-29 00:00:00+09:00,8830.0,8830.0,8600.0,8680.0,19440,0.0,0.0
2022-08-01 00:00:00+09:00,8610.0,9210.0,8610.0,8810.0,37154,0.0,0.0
2022-08-02 00:00:00+09:00,8790.0,8880.0,8680.0,8730.0,8632,0.0,0.0
2022-08-03 00:00:00+09:00,8770.0,8850.0,8670.0,8810.0,8553,0.0,0.0
2022-08-04 00:00:00+09:00,8810.0,8900.0,8720.0,8770.0,17260,0.0,0.0
2022-08-05 00:00:00+09:00,8790.0,8970.0,8710.0,8770.0,9201,0.0,0.0
2022-08-08 00:00:00+09:00,8820.0,8820.0,8670.0,8770.0,7517,0.0,0.0
2022-08-09 00:00:00+09:00,8690.0,8790.0,8570.0,8760.0,9513,0.0,0.0
2022-08-10 00:00:00+09:00,8670.0,8920.0,8650.0,8830.0,14604,0.0,0.0
2022-08-11 00:00:00+09:00,9180.0,9300.0,9030.0,9200.0,115663,0.0,0.0
2022-08-12 00:00:00+09:00,9450.0,9770.0,9000.0,9070.0,148393,0.0,0.0
2022-08-16 00:00:00+09:00,9110.0,9340.0,9020.0,9020.0,45341,0.0,0.0
2022-08-17 00:00:00+09:00,9150.0,9150.0,8810.0,8830.0,29366,0.0,0.0
2022-08-18 00:00:00+09:00,8870.0,9090.0,8850.0,8930.0,19560,0.0,0.0
2022-08-19 00:00:00+09:00,9020.0,9150.0,8930.0,8970.0,22422,0.0,0.0
2022-08-22 00:00:00+09:00,8970.0,9000.0,8680.0,8790.0,19842,0.0,0.0
2022-08-23 00:00:00+09:00,8870.0,8870.0,8410.0,8600.0,19194,0.0,0.0
2022-08-24 00:00:00+09:00,8730.0,9460.0,8560.0,8820.0,312237,0.0,0.0
2022-08-25 00:00:00+09:00,8860.0,9060.0,8770.0,9030.0,28940,0.0,0.0
2022-08-26 00:00:00+09:00,9070.0,9070.0,8880.0,8900.0,10299,0.0,0.0
2022-08-29 00:00:00+09:00,8770.0,8770.0,8640.0,8710.0,12794,0.0,0.0
2022-08-30 00:00:00+09:00,8640.0,8790.0,8640.0,8720.0,8189,0.0,0.0
2022-08-31 00:00:00+09:00,8720.0,8810.0,8570.0,8780.0,8161,0.0,0.0
2022-09-01 00:00:00+09:00,8780.0,8780.0,8470.0,8470.0,21319,0.0,0.0
2022-09-02 00:00:00+09:00,8580.0,8650.0,8490.0,8530.0,8308,0.0,0.0
2022-09-05 00:00:00+09:00,8520.0,8600.0,8440.0,8510.0,14544,0.0,0.0
2022-09-06 00:00:00+09:00,8540.0,8640.0,8520.0,8550.0,5596,0.0,0.0
2022-09-07 00:00:00+09:00,8570.0,8630.0,8190.0,8240.0,40634,0.0,0.0
2022-09-08 00:00:00+09:00,8250.0,8310.0,8140.0,8150.0,13059,0.0,0.0
2022-09-13 00:00:00+09:00,8250.0,8260.0,8130.0,8210.0,16279,0.0,0.0
2022-09-14 00:00:00+09:00,8180.0,8180.0,8030.0,8180.0,29310,0.0,0.0
2022-09-15 00:00:00+09:00,8180.0,8210.0,8140.0,8150.0,4485,0.0,0.0
2022-09-16 00:00:00+09:00,8060.0,8110.0,7980.0,7990.0,12631,0.0,0.0
2022-09-19 00:00:00+09:00,7950.0,7970.0,7850.0,7940.0,14926,0.0,0.0
2022-09-20 00:00:00+09:00,7860.0,8070.0,7860.0,7870.0,9774,0.0,0.0
2022-09-21 00:00:00+09:00,7870.0,7940.0,7870.0,7880.0,5672,0.0,0.0
2022-09-22 00:00:00+09:00,7850.0,7990.0,7800.0,7990.0,11698,0.0,0.0
2022-09-23 00:00:00+09:00,7910.0,8000.0,7740.0,7880.0,8685,0.0,0.0
2022-09-26 00:00:00+09:00,7880.0,7880.0,7550.0,7690.0,17643,0.0,0.0
2022-09-27 00:00:00+09:00,7510.0,7680.0,7380.0,7430.0,22899,0.0,0.0
2022-09-28 00:00:00+09:00,7430.0,7470.0,7010.0,7270.0,15514,0.0,0.0
2022-09-29 00:00:00+09:00,7310.0,7600.0,7310.0,7460.0,18497,0.0,0.0
2022-09-30 00:00:00+09:00,7400.0,7440.0,7240.0,7430.0,7890,0.0,0.0
2022-10-04 00:00:00+09:00,7450.0,7860.0,7450.0,7860.0,26477,0.0,0.0
2022-10-05 00:00:00+09:00,7930.0,8000.0,7850.0,7860.0,22330,0.0,0.0
2022-10-06 00:00:00+09:00,7900.0,8010.0,7900.0,8010.0,6187,0.0,0.0
2022-10-07 00:00:00+09:00,8050.0,8460.0,7980.0,8250.0,28583,0.0,0.0
2022-10-11 00:00:00+09:00,8230.0,8230.0,7800.0,7870.0,14856,0.0,0.0
2022-10-12 00:00:00+09:00,7800.0,8000.0,7790.0,7910.0,15992,0.0,0.0
2022-10-13 00:00:00+09:00,7900.0,7940.0,7640.0,7740.0,9068,0.0,0.0
2022-10-14 00:00:00+09:00,7790.0,7860.0,7760.0,7780.0,6142,0.0,0.0
2022-10-17 00:00:00+09:00,7780.0,7790.0,7700.0,7780.0,4681,0.0,0.0
2022-10-18 00:00:00+09:00,7890.0,7930.0,7790.0,7900.0,10826,0.0,0.0
2022-10-19 00:00:00+09:00,7950.0,8000.0,7830.0,7830.0,5387,0.0,0.0
2022-10-20 00:00:00+09:00,7880.0,7970.0,7750.0,7850.0,5526,0.0,0.0
2022-10-21 00:00:00+09:00,7750.0,7810.0,7610.0,7660.0,8820,0.0,0.0
2022-10-24 00:00:00+09:00,7700.0,7750.0,7640.0,7640.0,5936,0.0,0.0
2022-10-25 00:00:00+09:00,7660.0,7820.0,7660.0,7800.0,12773,0.0,0.0
2022-10-26 00:00:00+09:00,7800.0,7880.0,7730.0,7820.0,6621,0.0,0.0
2022-10-27 00:00:00+09:00,7810.0,7950.0,7810.0,7950.0,4873,0.0,0.0
2022-10-28 00:00:00+09:00,7950.0,7950.0,7870.0,7940.0,2801,0.0,0.0
2022-10-31 00:00:00+09:00,7870.0,8000.0,7820.0,7970.0,9035,0.0,0.0
2022-11-01 00:00:00+09:00,7970.0,8010.0,7900.0,7970.0,7244,0.0,0.0
2022-11-02 00:00:00+09:00,7970.0,8090.0,7950.0,8020.0,11279,0.0,0.0
2022-11-03 00:00:00+09:00,8020.0,8050.0,7940.0,8040.0,6736,0.0,0.0
2022-11-04 00:00:00+09:00,8010.0,8120.0,8000.0,8100.0,3178,0.0,0.0
2022-11-07 00:00:00+09:00,8100.0,8140.0,8040.0,8100.0,5337,0.0,0.0
2022-11-08 00:00:00+09:00,8100.0,8160.0,8080.0,8140.0,3608,0.0,0.0
2022-11-09 00:00:00+09:00,8130.0,8130.0,8010.0,8040.0,8549,0.0,0.0
2022-11-10 00:00:00+09:00,8040.0,8130.0,8000.0,8130.0,3979,0.0,0.0
2022-11-11 00:00:00+09:00,8240.0,8240.0,8130.0,8160.0,6767,0.0,0.0
2022-11-14 00:00:00+09:00,8010.0,8200.0,8000.0,8160.0,14264,0.0,0.0
2022-11-15 00:00:00+09:00,8160.0,8200.0,8080.0,8190.0,8704,0.0,0.0
2022-11-16 00:00:00+09:00,8110.0,8150.0,8040.0,8150.0,10728,0.0,0.0
2022-11-17 00:00:00+09:00,8120.0,8180.0,8010.0,8150.0,5088,0.0,0.0
2022-11-18 00:00:00+09:00,8150.0,8180.0,8110.0,8160.0,7985,0.0,0.0
2022-11-21 00:00:00+09:00,8160.0,8180.0,8120.0,8150.0,5163,0.0,0.0
2022-11-22 00:00:00+09:00,8070.0,8150.0,8060.0,8120.0,8886,0.0,0.0
2022-11-23 00:00:00+09:00,8110.0,8170.0,8110.0,8170.0,3868,0.0,0.0
2022-11-24 00:00:00+09:00,8200.0,8220.0,8170.0,8190.0,5551,0.0,0.0
2022-11-25 00:00:00+09:00,8190.0,8940.0,8190.0,8270.0,94998,0.0,0.0
2022-11-28 00:00:00+09:00,8390.0,8390.0,8230.0,8230.0,11357,0.0,0.0
2022-11-29 00:00:00+09:00,8210.0,8260.0,8130.0,8250.0,7469,0.0,0.0
2022-11-30 00:00:00+09:00,8250.0,8450.0,8250.0,8410.0,13251,0.0,0.0
2022-12-01 00:00:00+09:00,8510.0,8590.0,8460.0,8580.0,22785,0.0,0.0
2022-12-02 00:00:00+09:00,8580.0,8700.0,8520.0,8670.0,15807,0.0,0.0
2022-12-05 00:00:00+09:00,8670.0,8740.0,8580.0,8730.0,9893,0.0,0.0
2022-12-06 00:00:00+09:00,8730.0,8730.0,8510.0,8650.0,14202,0.0,0.0
2022-12-07 00:00:00+09:00,8630.0,8630.0,8510.0,8560.0,5687,0.0,0.0
2022-12-08 00:00:00+09:00,8550.0,8560.0,8420.0,8500.0,5979,0.0,0.0
2022-12-09 00:00:00+09:00,8500.0,8550.0,8480.0,8510.0,4097,0.0,0.0
2022-12-12 00:00:00+09:00,8550.0,8560.0,8500.0,8520.0,5259,0.0,0.0
2022-12-13 00:00:00+09:00,8480.0,8500.0,8480.0,8480.0,2740,0.0,0.0
2022-12-14 00:00:00+09:00,8480.0,8600.0,8460.0,8540.0,5484,0.0,0.0
2022-12-15 00:00:00+09:00,8540.0,8640.0,8540.0,8640.0,8160,0.0,0.0
2022-12-16 00:00:00+09:00,8640.0,8640.0,8540.0,8550.0,4834,0.0,0.0
2022-12-19 00:00:00+09:00,8470.0,8540.0,8470.0,8510.0,1242,0.0,0.0
2022-12-20 00:00:00+09:00,8490.0,8510.0,8340.0,8340.0,5249,0.0,0.0
2022-12-21 00:00:00+09:00,8340.0,8370.0,8320.0,8330.0,2908,0.0,0.0
2022-12-22 00:00:00+09:00,8330.0,8440.0,8330.0,8370.0,6204,0.0,0.0
2022-12-23 00:00:00+09:00,8370.0,8380.0,8310.0,8380.0,6072,0.0,0.0
2022-12-26 00:00:00+09:00,8290.0,8370.0,8260.0,8360.0,6184,0.0,0.0
2022-12-27 00:00:00+09:00,8310.0,8360.0,8290.0,8340.0,29890,0.0,0.0
2022-12-28 00:00:00+09:00,8340.0,8340.0,8250.0,8260.0,4232,0.0,0.0
2022-12-29 00:00:00+09:00,8200.0,8240.0,7950.0,7950.0,7178,0.0,0.0
2023-01-02 00:00:00+09:00,7950.0,8050.0,7810.0,7950.0,6976,0.0,0.0
2023-01-03 00:00:00+09:00,7930.0,7930.0,7770.0,7800.0,3248,0.0,0.0
2023-01-04 00:00:00+09:00,7760.0,7840.0,7690.0,7840.0,3167,0.0,0.0
2023-01-05 00:00:00+09:00,7840.0,7900.0,7840.0,7870.0,4135,0.0,0.0
2023-01-06 00:00:00+09:00,7870.0,7960.0,7690.0,7850.0,7221,0.0,0.0
2023-01-09 00:00:00+09:00,7900.0,8010.0,7860.0,7930.0,11334,0.0,0.0
2023-01-10 00:00:00+09:00,7930.0,7930.0,7720.0,7730.0,12913,0.0,0.0
2023-01-11 00:00:00+09:00,7800.0,7850.0,7750.0,7840.0,3301,0.0,0.0
2023-01-12 00:00:00+09:00,7850.0,7870.0,7730.0,7780.0,12453,0.0,0.0
2023-01-13 00:00:00+09:00,7780.0,7860.0,7690.0,7720.0,15269,0.0,0.0
2023-01-16 00:00:00+09:00,7730.0,8000.0,7730.0,7820.0,15736,0.0,0.0
2023-01-17 00:00:00+09:00,7750.0,7880.0,7750.0,7830.0,5125,0.0,0.0
2023-01-18 00:00:00+09:00,7830.0,8160.0,7820.0,7920.0,22365,0.0,0.0
2023-01-19 00:00:00+09:00,8000.0,8080.0,7970.0,8070.0,13129,0.0,0.0
2023-01-20 00:00:00+09:00,8070.0,8250.0,8070.0,8200.0,8924,0.0,0.0
2023-01-25 00:00:00+09:00,8280.0,8340.0,8080.0,8080.0,31602,0.0,0.0
2023-01-26 00:00:00+09:00,8160.0,8190.0,8080.0,8190.0,5797,0.0,0.0
2023-01-27 00:00:00+09:00,8190.0,8270.0,8120.0,8270.0,4614,0.0,0.0
2023-01-30 00:00:00+09:00,8270.0,8310.0,8110.0,8190.0,6113,0.0,0.0
2023-01-31 00:00:00+09:00,8190.0,8360.0,8180.0,8360.0,13034,0.0,0.0
2023-02-01 00:00:00+09:00,8360.0,8380.0,8280.0,8370.0,8001,0.0,0.0
2023-02-02 00:00:00+09:00,8370.0,8420.0,8370.0,8410.0,7713,0.0,0.0
2023-02-03 00:00:00+09:00,8410.0,8500.0,8400.0,8500.0,5594,0.0,0.0
2023-02-06 00:00:00+09:00,8500.0,8600.0,8370.0,8450.0,8496,0.0,0.0
2023-02-07 00:00:00+09:00,8450.0,8450.0,8370.0,8400.0,3718,0.0,0.0
2023-02-08 00:00:00+09:00,8400.0,8490.0,8370.0,8490.0,4385,0.0,0.0
2023-02-09 00:00:00+09:00,8490.0,8580.0,8430.0,8470.0,5759,0.0,0.0
2023-02-10 00:00:00+09:00,8490.0,8490.0,8300.0,8400.0,4615,0.0,0.0
2023-02-13 00:00:00+09:00,8340.0,8400.0,8250.0,8300.0,3323,0.0,0.0
2023-02-14 00:00:00+09:00,8300.0,8380.0,8250.0,8370.0,2440,0.0,0.0
2023-02-15 00:00:00+09:00,8370.0,8390.0,8110.0,8150.0,7560,0.0,0.0
2023-02-16 00:00:00+09:00,8100.0,8170.0,8000.0,8160.0,13045,0.0,0.0
2023-02-17 00:00:00+09:00,8170.0,8250.0,8140.0,8200.0,3312,0.0,0.0
2023-02-20 00:00:00+09:00,8190.0,8240.0,8120.0,8220.0,3496,0.0,0.0
2023-02-21 00:00:00+09:00,8220.0,8290.0,8220.0,8260.0,4112,0.0,0.0
2023-02-22 00:00:00+09:00,8250.0,8350.0,8180.0,8350.0,3425,0.0,0.0
2023-02-23 00:00:00+09:00,8260.0,8410.0,8260.0,8360.0,4017,0.0,0.0
2023-02-24 00:00:00+09:00,8360.0,8500.0,8360.0,8490.0,6396,0.0,0.0
2023-02-27 00:00:00+09:00,8340.0,8520.0,8010.0,8330.0,8230,0.0,0.0
2023-02-28 00:00:00+09:00,8210.0,8290.0,8200.0,8210.0,3200,0.0,0.0
2023-03-02 00:00:00+09:00,8250.0,8300.0,8220.0,8290.0,5054,0.0,0.0
2023-03-03 00:00:00+09:00,8250.0,8330.0,7840.0,8160.0,9159,0.0,0.0
2023-03-06 00:00:00+09:00,8160.0,8170.0,8030.0,8160.0,6288,0.0,0.0
2023-03-07 00:00:00+09:00,8120.0,8260.0,8100.0,8260.0,12623,0.0,0.0
2023-03-08 00:00:00+09:00,8200.0,8270.0,8180.0,8210.0,4898,0.0,0.0
2023-03-09 00:00:00+09:00,8220.0,8220.0,8170.0,8170.0,2090,0.0,0.0
2023-03-10 00:00:00+09:00,8170.0,8170.0,8010.0,8030.0,6398,0.0,0.0
2023-03-13 00:00:00+09:00,7990.0,7990.0,7790.0,7900.0,9785,0.0,0.0
2023-03-14 00:00:00+09:00,7850.0,7850.0,7690.0,7730.0,9916,0.0,0.0
2023-03-15 00:00:00+09:00,7800.0,7900.0,7750.0,7890.0,5251,0.0,0.0
2023-03-16 00:00:00+09:00,7840.0,7890.0,7780.0,7800.0,2390,0.0,0.0
2023-03-17 00:00:00+09:00,7870.0,7990.0,7710.0,7990.0,9796,0.0,0.0
2023-03-20 00:00:00+09:00,7920.0,7970.0,7800.0,7930.0,3752,0.0,0.0
2023-03-21 00:00:00+09:00,7710.0,7900.0,7710.0,7860.0,10051,0.0,0.0
2023-03-22 00:00:00+09:00,7870.0,7880.0,7810.0,7810.0,3205,0.0,0.0
2023-03-23 00:00:00+09:00,7740.0,7810.0,7710.0,7750.0,7321,0.0,0.0
2023-03-24 00:00:00+09:00,7770.0,7890.0,7750.0,7870.0,3053,0.0,0.0
2023-03-27 00:00:00+09:00,7870.0,7870.0,7770.0,7800.0,3654,0.0,0.0
2023-03-28 00:00:00+09:00,7790.0,7830.0,7750.0,7800.0,1666,0.0,0.0
2023-03-29 00:00:00+09:00,7800.0,7980.0,7800.0,7960.0,8286,0.0,0.0
2023-03-30 00:00:00+09:00,8000.0,8000.0,7800.0,7950.0,5163,0.0,0.0
2023-03-31 00:00:00+09:00,7950.0,7950.0,7810.0,7930.0,9518,0.0,0.0
2023-04-03 00:00:00+09:00,7860.0,7870.0,7750.0,7760.0,16363,0.0,0.0
2023-04-04 00:00:00+09:00,7760.0,7870.0,7750.0,7870.0,3671,0.0,0.0
2023-04-05 00:00:00+09:00,7870.0,7910.0,7840.0,7900.0,6597,0.0,0.0
2023-04-06 00:00:00+09:00,7880.0,7880.0,7720.0,7780.0,8028,0.0,0.0
2023-04-07 00:00:00+09:00,7780.0,7820.0,7760.0,7800.0,2700,0.0,0.0
2023-04-10 00:00:00+09:00,7800.0,7830.0,7750.0,7830.0,7076,0.0,0.0
2023-04-11 00:00:00+09:00,7760.0,7900.0,7760.0,7850.0,7022,0.0,0.0
2023-04-12 00:00:00+09:00,7840.0,7900.0,7660.0,7900.0,13521,0.0,0.0
2023-04-13 00:00:00+09:00,7830.0,8080.0,7810.0,8070.0,10095,0.0,0.0
2023-04-14 00:00:00+09:00,8020.0,8050.0,7950.0,8010.0,6844,0.0,0.0
2023-04-17 00:00:00+09:00,7960.0,8100.0,7950.0,8100.0,10349,0.0,0.0
2023-04-18 00:00:00+09:00,8050.0,8050.0,7960.0,7970.0,5395,0.0,0.0
2023-04-19 00:00:00+09:00,7940.0,7950.0,7860.0,7920.0,14023,0.0,0.0
2023-04-20 00:00:00+09:00,7880.0,7920.0,7780.0,7810.0,19324,0.0,0.0
2023-04-21 00:00:00+09:00,7710.0,7800.0,7700.0,7760.0,27776,0.0,0.0
2023-04-24 00:00:00+09:00,7750.0,7750.0,7700.0,7710.0,8894,0.0,0.0
2023-04-25 00:00:00+09:00,7710.0,7720.0,7620.0,7720.0,14260,0.0,0.0
2023-04-26 00:00:00+09:00,7710.0,7720.0,7610.0,7640.0,9742,0.0,0.0
2023-04-27 00:00:00+09:00,7630.0,7650.0,7590.0,7650.0,6168,0.0,0.0
2023-04-28 00:00:00+09:00,7650.0,7670.0,7520.0,7560.0,16134,0.0,0.0
2023-05-02 00:00:00+09:00,7800.0,8080.0,7590.0,7800.0,85504,0.0,0.0
2023-05-03 00:00:00+09:00,7800.0,7800.0,7650.0,7760.0,22303,0.0,0.0
2023-05-04 00:00:00+09:00,7690.0,7750.0,7640.0,7750.0,5668,0.0,0.0
2023-05-08 00:00:00+09:00,7750.0,7800.0,7690.0,7800.0,2945,0.0,0.0
2023-05-09 00:00:00+09:00,7800.0,7800.0,7720.0,7760.0,6879,0.0,0.0
2023-05-10 00:00:00+09:00,7760.0,7800.0,7670.0,7700.0,11297,0.0,0.0
2023-05-11 00:00:00+09:00,7700.0,7810.0,7700.0,7720.0,8958,0.0,0.0
2023-05-12 00:00:00+09:00,7700.0,7810.0,7700.0,7800.0,8409,0.0,0.0
2023-05-15 00:00:00+09:00,7800.0,7860.0,7730.0,7770.0,51094,0.0,0.0
2023-05-16 00:00:00+09:00,7850.0,7900.0,7780.0,7860.0,88670,0.0,0.0
2023-05-17 00:00:00+09:00,7880.0,7960.0,7800.0,7890.0,27019,0.0,0.0
2023-05-19 00:00:00+09:00,7990.0,8050.0,7910.0,8020.0,11739,0.0,0.0
2023-05-22 00:00:00+09:00,8080.0,8210.0,8020.0,8160.0,12859,0.0,0.0
2023-05-23 00:00:00+09:00,8160.0,8170.0,8080.0,8100.0,5359,0.0,0.0
2023-05-24 00:00:00+09:00,8180.0,8350.0,8010.0,8010.0,32463,0.0,0.0
2023-05-25 00:00:00+09:00,8020.0,8080.0,7940.0,8000.0,4559,0.0,0.0
2023-05-26 00:00:00+09:00,8030.0,8030.0,7960.0,8020.0,2265,0.0,0.0
2023-05-30 00:00:00+09:00,8040.0,8100.0,7970.0,8060.0,8382,0.0,0.0
2023-05-31 00:00:00+09:00,8060.0,8080.0,7980.0,8050.0,6229,0.0,0.0
2023-06-01 00:00:00+09:00,8100.0,8250.0,8040.0,8220.0,14304,0.0,0.0
2023-06-02 00:00:00+09:00,8220.0,8260.0,8170.0,8260.0,3754,0.0,0.0
2023-06-05 00:00:00+09:00,8270.0,8390.0,8260.0,8320.0,9649,0.0,0.0
2023-06-07 00:00:00+09:00,8310.0,8330.0,8230.0,8280.0,6053,0.0,0.0
2023-06-08 00:00:00+09:00,8280.0,8280.0,8220.0,8220.0,4039,0.0,0.0
2023-06-09 00:00:00+09:00,8320.0,8480.0,8260.0,8270.0,24901,0.0,0.0
2023-06-12 00:00:00+09:00,8370.0,8370.0,8250.0,8300.0,4561,0.0,0.0
2023-06-13 00:00:00+09:00,8280.0,8350.0,8280.0,8330.0,1905,0.0,0.0
2023-06-14 00:00:00+09:00,8330.0,8330.0,8190.0,8200.0,7137,0.0,0.0
2023-06-15 00:00:00+09:00,8200.0,8230.0,8130.0,8200.0,6518,0.0,0.0
2023-06-16 00:00:00+09:00,8190.0,8250.0,8010.0,8200.0,8682,0.0,0.0
2023-06-19 00:00:00+09:00,8200.0,8270.0,8200.0,8270.0,2253,0.0,0.0
2023-06-20 00:00:00+09:00,8250.0,8270.0,8200.0,8200.0,2505,0.0,0.0
2023-06-21 00:00:00+09:00,8200.0,8360.0,8150.0,8230.0,9840,0.0,0.0
2023-06-22 00:00:00+09:00,8180.0,8330.0,8180.0,8330.0,2322,0.0,0.0
2023-06-23 00:00:00+09:00,8280.0,8280.0,8200.0,8200.0,2857,0.0,0.0
2023-06-26 00:00:00+09:00,8200.0,8200.0,8050.0,8100.0,7949,0.0,0.0
2023-06-27 00:00:00+09:00,8130.0,8850.0,8050.0,8050.0,64589,0.0,0.0
2023-06-28 00:00:00+09:00,8070.0,8280.0,8050.0,8140.0,10025,0.0,0.0
2023-06-29 00:00:00+09:00,8140.0,8220.0,8100.0,8140.0,6754,0.0,0.0
2023-06-30 00:00:00+09:00,8140.0,8280.0,8110.0,8170.0,5449,0.0,0.0
2023-07-03 00:00:00+09:00,8340.0,8340.0,8100.0,8260.0,17947,0.0,0.0
2023-07-04 00:00:00+09:00,8300.0,8330.0,8260.0,8320.0,6080,0.0,0.0
2023-07-05 00:00:00+09:00,8320.0,8360.0,8200.0,8230.0,5414,0.0,0.0
2023-07-07 00:00:00+09:00,8080.0,8150.0,8080.0,8090.0,4947,0.0,0.0
2023-07-10 00:00:00+09:00,8090.0,8110.0,8070.0,8110.0,3418,0.0,0.0
2023-07-13 00:00:00+09:00,8200.0,8220.0,8150.0,8200.0,1834,0.0,0.0
2023-07-14 00:00:00+09:00,8200.0,8230.0,8110.0,8130.0,3315,0.0,0.0
2023-07-17 00:00:00+09:00,8170.0,8170.0,8060.0,8140.0,4904,0.0,0.0
2023-07-19 00:00:00+09:00,8060.0,8110.0,8050.0,8110.0,1927,0.0,0.0
2023-07-20 00:00:00+09:00,8100.0,8100.0,8050.0,8090.0,494,0.0,0.0
2023-07-21 00:00:00+09:00,8090.0,8140.0,7800.0,8130.0,13430,0.0,0.0
2023-07-24 00:00:00+09:00,8040.0,8130.0,7960.0,7990.0,6481,0.0,0.0
2023-07-25 00:00:00+09:00,7970.0,7990.0,7830.0,7830.0,6366,0.0,0.0
2023-07-26 00:00:00+09:00,7830.0,7830.0,7540.0,7650.0,9239,0.0,0.0
2023-07-28 00:00:00+09:00,7720.0,7770.0,7700.0,7770.0,2485,0.0,0.0
2023-07-31 00:00:00+09:00,7820.0,7830.0,7690.0,7750.0,6825,0.0,0.0
2023-08-02 00:00:00+09:00,7800.0,7830.0,7650.0,7660.0,8818,0.0,0.0
2023-08-03 00:00:00+09:00,7640.0,7700.0,7600.0,7700.0,5311,0.0,0.0
2023-08-04 00:00:00+09:00,7650.0,7770.0,7600.0,7760.0,2700,0.0,0.0
2023-08-07 00:00:00+09:00,7760.0,7810.0,7700.0,7740.0,2293,0.0,0.0
2023-08-08 00:00:00+09:00,7700.0,7740.0,7690.0,7710.0,2980,0.0,0.0
2023-08-09 00:00:00+09:00,7710.0,7800.0,7700.0,7720.0,2125,0.0,0.0
2023-08-10 00:00:00+09:00,7740.0,7820.0,7710.0,7820.0,4285,0.0,0.0
2023-08-11 00:00:00+09:00,7800.0,7880.0,7750.0,7800.0,2385,0.0,0.0
2023-08-14 00:00:00+09:00,7810.0,7860.0,7760.0,7760.0,3037,0.0,0.0
2023-08-16 00:00:00+09:00,7720.0,7750.0,7660.0,7710.0,7064,0.0,0.0
2023-08-17 00:00:00+09:00,7670.0,7690.0,7560.0,7620.0,12967,0.0,0.0
2023-08-18 00:00:00+09:00,7620.0,7620.0,7500.0,7590.0,7020,0.0,0.0
2023-08-21 00:00:00+09:00,7590.0,7670.0,7500.0,7640.0,7963,0.0,0.0
2023-08-22 00:00:00+09:00,7640.0,7660.0,7600.0,7660.0,7815,0.0,0.0
2023-08-23 00:00:00+09:00,7600.0,7690.0,7600.0,7670.0,1928,0.0,0.0
2023-08-24 00:00:00+09:00,7670.0,7740.0,7590.0,7730.0,2806,0.0,0.0
2023-08-25 00:00:00+09:00,7730.0,7730.0,7620.0,7670.0,2078,0.0,0.0
2023-08-28 00:00:00+09:00,7610.0,7710.0,7610.0,7640.0,5317,0.0,0.0
2023-08-29 00:00:00+09:00,7610.0,7690.0,7610.0,7690.0,3492,0.0,0.0
2023-08-30 00:00:00+09:00,7690.0,7710.0,7650.0,7690.0,2215,0.0,0.0
2023-08-31 00:00:00+09:00,7700.0,7700.0,7630.0,7700.0,3748,0.0,0.0
2023-09-01 00:00:00+09:00,7670.0,7680.0,7600.0,7630.0,7582,0.0,0.0
2023-09-04 00:00:00+09:00,7640.0,7730.0,7620.0,7730.0,4824,0.0,0.0
2023-09-05 00:00:00+09:00,7730.0,7730.0,7650.0,7660.0,3753,0.0,0.0
2023-09-06 00:00:00+09:00,7660.0,7660.0,7550.0,7650.0,7928,0.0,0.0
2023-09-07 00:00:00+09:00,7610.0,7680.0,7550.0,7600.0,7559,0.0,0.0
2023-09-08 00:00:00+09:00,7590.0,7670.0,7530.0,7570.0,8658,0.0,0.0
2023-09-11 00:00:00+09:00,7640.0,7650.0,7590.0,7650.0,3636,0.0,0.0
2023-09-12 00:00:00+09:00,7650.0,7650.0,7580.0,7580.0,2684,0.0,0.0
2023-09-13 00:00:00+09:00,7590.0,7670.0,7590.0,7610.0,818,0.0,0.0
2023-09-14 00:00:00+09:00,7610.0,7640.0,7580.0,7600.0,2799,0.0,0.0
2023-09-15 00:00:00+09:00,7610.0,7680.0,7600.0,7650.0,3170,0.0,0.0
2023-09-18 00:00:00+09:00,7650.0,7650.0,7590.0,7590.0,3433,0.0,0.0
2023-09-19 00:00:00+09:00,7590.0,7620.0,7500.0,7530.0,9967,0.0,0.0
2023-09-20 00:00:00+09:00,7530.0,7590.0,7530.0,7550.0,2949,0.0,0.0
2023-09-21 00:00:00+09:00,7540.0,7550.0,7410.0,7410.0,6389,0.0,0.0
2023-09-22 00:00:00+09:00,7410.0,7460.0,7360.0,7410.0,3962,0.0,0.0
2023-09-25 00:00:00+09:00,7410.0,7410.0,7270.0,7270.0,8432,0.0,0.0
2023-09-26 00:00:00+09:00,7380.0,7380.0,7050.0,7050.0,10395,0.0,0.0
2023-09-27 00:00:00+09:00,7050.0,7130.0,7000.0,7080.0,5932,0.0,0.0
2023-10-04 00:00:00+09:00,7080.0,7080.0,6960.0,6960.0,7578,0.0,0.0
2023-10-05 00:00:00+09:00,7000.0,7030.0,6850.0,6870.0,7600,0.0,0.0
2023-10-06 00:00:00+09:00,6910.0,6990.0,6850.0,6950.0,3926,0.0,0.0
2023-10-10 00:00:00+09:00,6940.0,7100.0,6940.0,7100.0,3881,0.0,0.0
2023-10-11 00:00:00+09:00,7150.0,7230.0,6970.0,7230.0,3456,0.0,0.0
2023-10-12 00:00:00+09:00,7230.0,7310.0,7150.0,7250.0,3465,0.0,0.0
2023-10-13 00:00:00+09:00,7250.0,7260.0,7160.0,7230.0,2238,0.0,0.0
2023-10-16 00:00:00+09:00,7230.0,7300.0,7150.0,7210.0,10903,0.0,0.0
2023-10-17 00:00:00+09:00,7210.0,7300.0,7150.0,7300.0,3561,0.0,0.0
2023-10-18 00:00:00+09:00,7300.0,7300.0,7220.0,7240.0,2442,0.0,0.0
2023-10-19 00:00:00+09:00,7210.0,7240.0,7140.0,7230.0,4190,0.0,0.0
2023-10-20 00:00:00+09:00,7160.0,7160.0,6850.0,7050.0,7719,0.0,0.0
2023-10-23 00:00:00+09:00,7000.0,7040.0,6970.0,7010.0,3634,0.0,0.0
2023-10-24 00:00:00+09:00,7010.0,7120.0,6990.0,7100.0,6053,0.0,0.0
2023-10-25 00:00:00+09:00,7100.0,7190.0,7100.0,7180.0,3589,0.0,0.0
2023-10-26 00:00:00+09:00,7170.0,7180.0,7000.0,7160.0,3901,0.0,0.0
2023-10-27 00:00:00+09:00,7160.0,7270.0,7160.0,7200.0,2689,0.0,0.0
2023-10-30 00:00:00+09:00,7200.0,7310.0,7200.0,7280.0,4134,0.0,0.0
2023-10-31 00:00:00+09:00,7280.0,7300.0,7150.0,7150.0,3019,0.0,0.0
2023-11-01 00:00:00+09:00,7150.0,7200.0,7080.0,7140.0,5395,0.0,0.0
2023-11-02 00:00:00+09:00,7150.0,7230.0,7120.0,7220.0,4083,0.0,0.0
2023-11-03 00:00:00+09:00,7200.0,7230.0,7180.0,7210.0,4587,0.0,0.0
2023-11-06 00:00:00+09:00,7240.0,7240.0,7150.0,7220.0,2194,0.0,0.0
2023-11-07 00:00:00+09:00,7190.0,7300.0,7130.0,7130.0,3502,0.0,0.0
2023-11-08 00:00:00+09:00,7150.0,7300.0,7150.0,7250.0,15361,0.0,0.0
2023-11-09 00:00:00+09:00,7230.0,7280.0,7210.0,7270.0,1211,0.0,0.0
2023-11-10 00:00:00+09:00,7270.0,7280.0,7140.0,7280.0,5336,0.0,0.0
2023-11-13 00:00:00+09:00,7280.0,7300.0,7230.0,7260.0,989,0.0,0.0
2023-11-14 00:00:00+09:00,7270.0,7310.0,7130.0,7140.0,5483,0.0,0.0
2023-11-15 00:00:00+09:00,7140.0,7250.0,7050.0,7070.0,7647,0.0,0.0
2023-11-16 00:00:00+09:00,7080.0,7300.0,7060.0,7180.0,6551,0.0,0.0
2023-11-17 00:00:00+09:00,7190.0,7220.0,7130.0,7150.0,3104,0.0,0.0
2023-11-20 00:00:00+09:00,7140.0,7260.0,7140.0,7240.0,2071,0.0,0.0
2023-11-21 00:00:00+09:00,7240.0,7240.0,7110.0,7230.0,2231,0.0,0.0
2023-11-22 00:00:00+09:00,7200.0,7230.0,7160.0,7220.0,1657,0.0,0.0
2023-11-23 00:00:00+09:00,7160.0,7200.0,7160.0,7190.0,538,0.0,0.0
2023-11-24 00:00:00+09:00,7190.0,7190.0,7120.0,7130.0,2560,0.0,0.0
2023-11-27 00:00:00+09:00,7150.0,7150.0,7070.0,7150.0,4261,0.0,0.0
2023-11-28 00:00:00+09:00,7100.0,7200.0,7090.0,7110.0,1295,0.0,0.0
2023-11-29 00:00:00+09:00,7110.0,7120.0,7090.0,7110.0,5858,0.0,0.0
2023-11-30 00:00:00+09:00,7060.0,7270.0,7060.0,7150.0,10320,0.0,0.0
2023-12-01 00:00:00+09:00,7150.0,7160.0,7110.0,7160.0,3777,0.0,0.0
2023-12-04 00:00:00+09:00,7180.0,7270.0,7170.0,7200.0,5976,0.0,0.0
2023-12-05 00:00:00+09:00,7200.0,7220.0,7090.0,7150.0,3535,0.0,0.0
2023-12-06 00:00:00+09:00,7150.0,7210.0,7130.0,7180.0,2775,0.0,0.0
2023-12-07 00:00:00+09:00,7180.0,7190.0,7100.0,7120.0,3952,0.0,0.0
2023-12-08 00:00:00+09:00,7130.0,7170.0,7100.0,7160.0,3180,0.0,0.0
2023-12-11 00:00:00+09:00,7140.0,7250.0,7140.0,7240.0,2387,0.0,0.0
2023-12-12 00:00:00+09:00,7170.0,7270.0,7170.0,7260.0,3637,0.0,0.0
2023-12-13 00:00:00+09:00,7260.0,7260.0,7180.0,7190.0,1683,0.0,0.0
2023-12-14 00:00:00+09:00,7200.0,7230.0,7160.0,7180.0,1819,0.0,0.0
2023-12-15 00:00:00+09:00,7200.0,7230.0,7160.0,7220.0,1247,0.0,0.0
2023-12-18 00:00:00+09:00,7270.0,7320.0,7230.0,7290.0,5142,0.0,0.0
2023-12-19 00:00:00+09:00,7220.0,7290.0,7220.0,7260.0,1587,0.0,0.0
2023-12-20 00:00:00+09:00,7280.0,7300.0,7260.0,7280.0,1253,0.0,0.0
2023-12-21 00:00:00+09:00,7200.0,7270.0,7200.0,7270.0,4150,0.0,0.0
2023-12-22 00:00:00+09:00,7220.0,7300.0,7200.0,7270.0,4177,0.0,0.0
2023-12-26 00:00:00+09:00,7280.0,7330.0,7240.0,7280.0,6306,0.0,0.0
2023-12-27 00:00:00+09:00,7120.0,7280.0,7120.0,7280.0,6279,0.0,0.0
2023-12-28 00:00:00+09:00,7230.0,7650.0,7220.0,7620.0,35418,0.0,0.0
2024-01-02 00:00:00+09:00,7590.0,7590.0,7370.0,7470.0,5014,0.0,0.0
2024-01-03 00:00:00+09:00,7470.0,7470.0,7330.0,7330.0,2718,0.0,0.0
2024-01-04 00:00:00+09:00,7330.0,7350.0,6800.0,7000.0,43898,0.0,0.0
2024-01-05 00:00:00+09:00,7010.0,7150.0,7010.0,7120.0,4733,0.0,0.0
2024-01-08 00:00:00+09:00,7120.0,7210.0,7040.0,7120.0,4536,0.0,0.0
2024-01-09 00:00:00+09:00,7120.0,7160.0,7060.0,7090.0,1989,0.0,0.0
2024-01-10 00:00:00+09:00,7100.0,7100.0,7010.0,7090.0,2219,0.0,0.0
2024-01-11 00:00:00+09:00,7050.0,7070.0,7000.0,7060.0,1631,0.0,0.0
2024-01-12 00:00:00+09:00,7060.0,7080.0,7020.0,7030.0,1470,0.0,0.0
2024-01-15 00:00:00+09:00,7030.0,7050.0,6980.0,7050.0,1791,0.0,0.0
2024-01-16 00:00:00+09:00,7050.0,7130.0,7030.0,7070.0,1644,0.0,0.0
2024-01-17 00:00:00+09:00,7060.0,7120.0,7020.0,7030.0,2661,0.0,0.0
2024-01-19 00:00:00+09:00,7050.0,7100.0,7030.0,7070.0,1500,0.0,0.0
2024-01-22 00:00:00+09:00,7040.0,7110.0,7020.0,7070.0,2587,0.0,0.0
2024-01-23 00:00:00+09:00,7090.0,7130.0,7060.0,7080.0,2946,0.0,0.0
2024-01-24 00:00:00+09:00,7080.0,7120.0,7060.0,7100.0,1651,0.0,0.0
2024-01-25 00:00:00+09:00,7090.0,7100.0,7060.0,7100.0,1301,0.0,0.0
2024-01-26 00:00:00+09:00,7120.0,7130.0,7040.0,7070.0,1658,0.0,0.0
2024-01-29 00:00:00+09:00,7090.0,7200.0,7010.0,7020.0,5409,0.0,0.0
2024-01-30 00:00:00+09:00,7020.0,7170.0,7020.0,7030.0,3531,0.0,0.0
2024-01-31 00:00:00+09:00,7090.0,7150.0,7030.0,7080.0,3313,0.0,0.0
2024-02-01 00:00:00+09:00,7040.0,7140.0,7010.0,7090.0,6073,0.0,0.0
2024-02-02 00:00:00+09:00,7100.0,7210.0,7100.0,7130.0,7723,0.0,0.0
2024-02-05 00:00:00+09:00,7140.0,7200.0,7120.0,7180.0,2606,0.0,0.0
2024-02-06 00:00:00+09:00,7250.0,7250.0,7100.0,7100.0,4349,0.0,0.0
2024-02-07 00:00:00+09:00,7100.0,7200.0,7090.0,7150.0,4062,0.0,0.0
2024-02-08 00:00:00+09:00,7150.0,7230.0,7150.0,7180.0,3860,0.0,0.0
2024-02-13 00:00:00+09:00,7180.0,7250.0,7160.0,7220.0,4771,0.0,0.0
2024-02-14 00:00:00+09:00,7220.0,7230.0,7100.0,7230.0,2089,0.0,0.0
2024-02-15 00:00:00+09:00,7230.0,7260.0,7100.0,7250.0,3944,0.0,0.0
2024-02-16 00:00:00+09:00,7250.0,7260.0,7170.0,7260.0,1959,0.0,0.0
2024-02-19 00:00:00+09:00,7250.0,7260.0,7170.0,7260.0,3889,0.0,0.0
2024-02-20 00:00:00+09:00,7250.0,7250.0,7170.0,7250.0,4126,0.0,0.0
2024-02-21 00:00:00+09:00,7240.0,7260.0,7150.0,7260.0,3307,0.0,0.0
2024-02-22 00:00:00+09:00,7250.0,7250.0,7150.0,7150.0,5058,0.0,0.0
2024-02-23 00:00:00+09:00,7150.0,7250.0,7150.0,7200.0,2635,0.0,0.0
2024-02-26 00:00:00+09:00,7200.0,7260.0,7080.0,7080.0,7537,0.0,0.0
2024-02-27 00:00:00+09:00,7140.0,7140.0,7030.0,7080.0,2480,0.0,0.0
2024-02-28 00:00:00+09:00,7080.0,7120.0,7000.0,7100.0,5683,0.0,0.0
2024-02-29 00:00:00+09:00,7060.0,7150.0,7010.0,7140.0,1618,0.0,0.0
2024-03-04 00:00:00+09:00,7100.0,7170.0,7100.0,7170.0,2804,0.0,0.0
2024-03-05 00:00:00+09:00,7170.0,7170.0,7070.0,7070.0,2879,0.0,0.0
2024-03-06 00:00:00+09:00,7070.0,7170.0,7070.0,7070.0,1060,0.0,0.0
2024-03-07 00:00:00+09:00,7100.0,7100.0,7010.0,7040.0,2891,0.0,0.0
2024-03-08 00:00:00+09:00,7040.0,7100.0,6990.0,7050.0,3517,0.0,0.0
2024-03-11 00:00:00+09:00,7050.0,7100.0,6970.0,7090.0,1348,0.0,0.0
2024-03-12 00:00:00+09:00,7090.0,7120.0,7030.0,7120.0,657,0.0,0.0
2024-03-13 00:00:00+09:00,7120.0,7150.0,7090.0,7090.0,993,0.0,0.0
2024-03-14 00:00:00+09:00,7100.0,7200.0,7100.0,7150.0,3676,0.0,0.0
2024-03-15 00:00:00+09:00,7150.0,7220.0,7130.0,7210.0,2852,0.0,0.0
2024-03-18 00:00:00+09:00,7200.0,7210.0,7140.0,7210.0,4134,0.0,0.0
2024-03-19 00:00:00+09:00,7230.0,7230.0,7180.0,7220.0,5203,0.0,0.0
2024-03-20 00:00:00+09:00,7220.0,7220.0,7150.0,7150.0,1033,0.0,0.0
2024-03-21 00:00:00+09:00,7160.0,7290.0,7150.0,7210.0,6642,0.0,0.0
2024-03-22 00:00:00+09:00,7210.0,7240.0,7210.0,7240.0,9021,0.0,0.0
2024-03-25 00:00:00+09:00,7220.0,7390.0,7190.0,7270.0,6697,0.0,0.0
2024-03-26 00:00:00+09:00,7260.0,7290.0,7200.0,7270.0,2274,0.0,0.0
2024-03-27 00:00:00+09:00,7280.0,7350.0,7220.0,7350.0,5119,0.0,0.0
2024-03-28 00:00:00+09:00,7330.0,7360.0,7210.0,7300.0,6642,0.0,0.0
2024-03-29 00:00:00+09:00,7300.0,7350.0,7230.0,7300.0,9838,0.0,0.0
2024-04-01 00:00:00+09:00,7300.0,7320.0,7230.0,7310.0,4358,0.0,0.0
2024-04-02 00:00:00+09:00,7300.0,7300.0,7180.0,7180.0,3610,0.0,0.0
2024-04-03 00:00:00+09:00,7220.0,7260.0,7180.0,7250.0,1762,0.0,0.0
2024-04-04 00:00:00+09:00,7250.0,7250.0,7190.0,7230.0,1116,0.0,0.0
2024-04-05 00:00:00+09:00,7260.0,7260.0,7170.0,7230.0,1072,0.0,0.0
2024-04-08 00:00:00+09:00,7230.0,7230.0,7150.0,7180.0,3442,0.0,0.0
2024-04-09 00:00:00+09:00,7180.0,7230.0,7120.0,7180.0,2793,0.0,0.0
2024-04-11 00:00:00+09:00,7190.0,7190.0,7120.0,7140.0,498,0.0,0.0
2024-04-12 00:00:00+09:00,7140.0,7300.0,7140.0,7150.0,3224,0.0,0.0
2024-04-15 00:00:00+09:00,7150.0,7200.0,7150.0,7170.0,961,0.0,0.0
2024-04-16 00:00:00+09:00,7170.0,7170.0,7090.0,7130.0,7056,0.0,0.0
2024-04-17 00:00:00+09:00,7160.0,7170.0,7060.0,7130.0,5004,0.0,0.0
2024-04-18 00:00:00+09:00,7130.0,7190.0,7130.0,7170.0,1658,0.0,0.0
2024-04-19 00:00:00+09:00,7210.0,7210.0,7150.0,7190.0,547,0.0,0.0
2024-04-22 00:00:00+09:00,7190.0,7200.0,7140.0,7170.0,983,0.0,0.0
2024-04-23 00:00:00+09:00,7180.0,7200.0,7120.0,7200.0,2279,0.0,0.0
2024-04-24 00:00:00+09:00,7190.0,7300.0,7170.0,7260.0,2684,0.0,0.0
2024-04-25 00:00:00+09:00,7260.0,7270.0,7230.0,7250.0,437,0.0,0.0
2024-04-26 00:00:00+09:00,7250.0,7270.0,7190.0,7240.0,3981,0.0,0.0
2024-04-29 00:00:00+09:00,7240.0,7250.0,7180.0,7240.0,3627,0.0,0.0
2024-04-30 00:00:00+09:00,7170.0,7260.0,7170.0,7170.0,5256,0.0,0.0
2024-05-02 00:00:00+09:00,7230.0,7300.0,7210.0,7280.0,3345,0.0,0.0
2024-05-03 00:00:00+09:00,7280.0,7330.0,7210.0,7290.0,2013,0.0,0.0
2024-05-07 00:00:00+09:00,7250.0,7340.0,7220.0,7250.0,3110,0.0,0.0
2024-05-08 00:00:00+09:00,7210.0,7260.0,7210.0,7240.0,1387,0.0,0.0
2024-05-09 00:00:00+09:00,7240.0,7290.0,7240.0,7260.0,612,0.0,0.0
2024-05-10 00:00:00+09:00,7260.0,7280.0,7220.0,7240.0,910,0.0,0.0
2024-05-13 00:00:00+09:00,7230.0,7260.0,7210.0,7220.0,1721,0.0,0.0
2024-05-14 00:00:00+09:00,7230.0,7290.0,7200.0,7280.0,2758,0.0,0.0
2024-05-16 00:00:00+09:00,7290.0,7340.0,7230.0,7320.0,3821,0.0,0.0
2024-05-17 00:00:00+09:00,7330.0,7330.0,7260.0,7300.0,1083,0.0,0.0
2024-05-20 00:00:00+09:00,7300.0,7300.0,7240.0,7250.0,5706,0.0,0.0
2024-05-21 00:00:00+09:00,7250.0,7290.0,7250.0,7290.0,682,0.0,0.0
2024-05-22 00:00:00+09:00,7280.0,7320.0,7280.0,7320.0,1922,0.0,0.0
2024-05-23 00:00:00+09:00,7330.0,7410.0,7290.0,7400.0,7508,0.0,0.0
2024-05-24 00:00:00+09:00,7400.0,7470.0,7350.0,7460.0,6133,0.0,0.0
2024-05-27 00:00:00+09:00,7470.0,7480.0,7420.0,7450.0,3355,0.0,0.0
2024-05-28 00:00:00+09:00,7460.0,7470.0,7390.0,7410.0,2496,0.0,0.0
2024-05-29 00:00:00+09:00,7420.0,7440.0,7300.0,7330.0,5836,0.0,0.0
2024-05-30 00:00:00+09:00,7310.0,7400.0,7300.0,7350.0,1852,0.0,0.0
2024-05-31 00:00:00+09:00,7350.0,7390.0,7300.0,7340.0,744,0.0,0.0
2024-06-03 00:00:00+09:00,7340.0,7360.0,7290.0,7360.0,6196,0.0,0.0
2024-06-04 00:00:00+09:00,7360.0,7380.0,7320.0,7380.0,1259,0.0,0.0
2024-06-05 00:00:00+09:00,7380.0,7400.0,7300.0,7310.0,2050,0.0,0.0
2024-06-07 00:00:00+09:00,7310.0,7350.0,7280.0,7350.0,6574,0.0,0.0
2024-06-10 00:00:00+09:00,7300.0,7400.0,7300.0,7390.0,506,0.0,0.0
2024-06-11 00:00:00+09:00,7390.0,7400.0,7350.0,7370.0,458,0.0,0.0
2024-06-12 00:00:00+09:00,7370.0,7370.0,7280.0,7350.0,2305,0.0,0.0
2024-06-13 00:00:00+09:00,7280.0,7350.0,7280.0,7340.0,1605,0.0,0.0
2024-06-14 00:00:00+09:00,7300.0,7340.0,7290.0,7330.0,519,0.0,0.0
2024-06-17 00:00:00+09:00,7330.0,7340.0,7300.0,7320.0,840,0.0,0.0
2024-06-18 00:00:00+09:00,7310.0,7320.0,7280.0,7320.0,773,0.0,0.0
2024-06-19 00:00:00+09:00,7310.0,7350.0,7270.0,7320.0,2634,0.0,0.0
2024-06-20 00:00:00+09:00,7320.0,7380.0,7290.0,7320.0,322,0.0,0.0
2024-06-21 00:00:00+09:00,7330.0,7340.0,7260.0,7260.0,2080,0.0,0.0
2024-06-24 00:00:00+09:00,7260.0,7260.0,7220.0,7240.0,5352,0.0,0.0
2024-06-25 00:00:00+09:00,7250.0,7270.0,7210.0,7250.0,1446,0.0,0.0
2024-06-26 00:00:00+09:00,7250.0,7260.0,7200.0,7250.0,807,0.0,0.0
2024-06-27 00:00:00+09:00,7280.0,7340.0,7220.0,7270.0,729,0.0,0.0
2024-06-28 00:00:00+09:00,7270.0,7280.0,7220.0,7280.0,2008,0.0,0.0
2024-07-01 00:00:00+09:00,7110.0,7200.0,7020.0,7070.0,16149,0.0,0.0
2024-07-02 00:00:00+09:00,7190.0,7190.0,6950.0,7100.0,7875,0.0,0.0
2024-07-03 00:00:00+09:00,7100.0,7100.0,6970.0,7010.0,4478,0.0,0.0
2024-07-04 00:00:00+09:00,7100.0,7100.0,7000.0,7020.0,2352,0.0,0.0
2024-07-05 00:00:00+09:00,7150.0,7150.0,6960.0,7010.0,5698,0.0,0.0
