Date,Open,High,Low,Close,Volume,Dividends,Stock Splits
2018-06-08 00:00:00-04:00,42.5,42.5,41.5,41.5,4160,0.0,0.0
2018-06-11 00:00:00-04:00,41.70000076293945,42.0,41.099998474121094,41.9900016784668,3150,0.0,0.0
2018-06-12 00:00:00-04:00,41.970001220703125,42.0,41.209999084472656,41.79999923706055,1210,0.0,0.0
2018-06-13 00:00:00-04:00,41.400001525878906,41.459999084472656,39.70000076293945,39.70000076293945,2940,0.0,0.0
2018-06-14 00:00:00-04:00,40.099998474121094,41.790000915527344,40.0,41.0,2690,0.0,0.0
2018-06-15 00:00:00-04:00,43.5,80.0,42.5099983215332,73.5,200100,0.0,0.0
2018-06-18 00:00:00-04:00,64.4000015258789,71.80000305175781,55.0,57.5,36760,0.0,0.0
2018-06-19 00:00:00-04:00,58.5,62.470001220703125,53.0,56.70000076293945,9290,0.0,0.0
2018-06-20 00:00:00-04:00,58.400001525878906,61.5,54.0,59.0,10190,0.0,0.0
2018-06-21 00:00:00-04:00,59.099998474121094,59.099998474121094,51.5,53.900001525878906,8000,0.0,0.0
2018-06-22 00:00:00-04:00,50.099998474121094,64.9000015258789,50.099998474121094,57.0,16410,0.0,0.0
2018-06-25 00:00:00-04:00,57.70000076293945,61.0,52.5,52.5,2910,0.0,0.0
2018-06-26 00:00:00-04:00,59.5,59.5,52.0,53.0,2230,0.0,0.0
2018-06-27 00:00:00-04:00,55.0,55.11000061035156,46.5,46.5,6620,0.0,0.0
2018-06-28 00:00:00-04:00,50.0,50.0,46.5,49.0,2850,0.0,0.0
2018-06-29 00:00:00-04:00,54.0,58.5,48.0,51.02000045776367,3360,0.0,0.0
2018-07-02 00:00:00-04:00,49.900001525878906,50.5,46.0,49.900001525878906,4690,0.0,0.0
2018-07-03 00:00:00-04:00,49.79999923706055,51.0,47.5,48.599998474121094,680,0.0,0.0
2018-07-05 00:00:00-04:00,48.75,49.79999923706055,48.0,48.5,870,0.0,0.0
2018-07-06 00:00:00-04:00,47.630001068115234,49.599998474121094,47.11000061035156,48.29999923706055,870,0.0,0.0
2018-07-09 00:00:00-04:00,47.400001525878906,50.2599983215332,46.7400016784668,50.2599983215332,630,0.0,0.0
2018-07-10 00:00:00-04:00,47.7599983215332,50.0,47.0,50.0,2220,0.0,0.0
2018-07-11 00:00:00-04:00,50.0,50.0,48.45000076293945,49.9900016784668,520,0.0,0.0
2018-07-12 00:00:00-04:00,50.5,65.0,50.0099983215332,57.900001525878906,18370,0.0,0.0
2018-07-13 00:00:00-04:00,56.0,64.0,56.0,60.70000076293945,11560,0.0,0.0
2018-07-16 00:00:00-04:00,65.0,75.0,61.41999816894531,73.62999725341797,16760,0.0,0.0
2018-07-17 00:00:00-04:00,72.5,73.0,66.0999984741211,69.4000015258789,10290,0.0,0.0
2018-07-18 00:00:00-04:00,70.0,70.5,67.0,68.4000015258789,4690,0.0,0.0
2018-07-19 00:00:00-04:00,72.5999984741211,72.5999984741211,67.0,69.0,1150,0.0,0.0
2018-07-20 00:00:00-04:00,67.55999755859375,77.0,67.30999755859375,73.0999984741211,9410,0.0,0.0
2018-07-23 00:00:00-04:00,73.30000305175781,73.30000305175781,70.0,71.4000015258789,7980,0.0,0.0
2018-07-24 00:00:00-04:00,70.0,76.5,68.37999725341797,70.0,8790,0.0,0.0
2018-07-25 00:00:00-04:00,70.5,73.5999984741211,70.0,70.0,1480,0.0,0.0
2018-07-26 00:00:00-04:00,68.19999694824219,71.4000015258789,68.0,68.80000305175781,2920,0.0,0.0
2018-07-27 00:00:00-04:00,68.8499984741211,69.30000305175781,67.0,67.9800033569336,1220,0.0,0.0
2018-07-30 00:00:00-04:00,68.9000015258789,68.93000030517578,60.5,62.91999816894531,2670,0.0,0.0
2018-07-31 00:00:00-04:00,62.599998474121094,62.900001525878906,58.29999923706055,59.29999923706055,1860,0.0,0.0
2018-08-01 00:00:00-04:00,58.0,62.099998474121094,56.20000076293945,59.88999938964844,1280,0.0,0.0
2018-08-02 00:00:00-04:00,56.599998474121094,60.45000076293945,56.599998474121094,58.79999923706055,1240,0.0,0.0
2018-08-03 00:00:00-04:00,56.5,62.369998931884766,56.5,61.959999084472656,490,0.0,0.0
2018-08-06 00:00:00-04:00,57.88999938964844,61.79999923706055,57.88999938964844,61.099998474121094,260,0.0,0.0
2018-08-07 00:00:00-04:00,61.099998474121094,61.63999938964844,57.0,60.5,850,0.0,0.0
2018-08-08 00:00:00-04:00,56.5,61.61000061035156,56.5,60.599998474121094,390,0.0,0.0
2018-08-09 00:00:00-04:00,61.0,62.79999923706055,60.0,62.79999923706055,620,0.0,0.0
2018-08-10 00:00:00-04:00,62.79999923706055,64.4000015258789,62.189998626708984,63.20000076293945,990,0.0,0.0
2018-08-13 00:00:00-04:00,56.5,64.4000015258789,56.5,64.4000015258789,1620,0.0,0.0
2018-08-14 00:00:00-04:00,60.099998474121094,65.0,59.099998474121094,62.900001525878906,970,0.0,0.0
2018-08-15 00:00:00-04:00,56.70000076293945,60.900001525878906,56.599998474121094,60.0,2100,0.0,0.0
2018-08-16 00:00:00-04:00,59.869998931884766,59.869998931884766,58.099998474121094,59.099998474121094,520,0.0,0.0
2018-08-17 00:00:00-04:00,63.79999923706055,63.79999923706055,57.0,57.0099983215332,380,0.0,0.0
2018-08-20 00:00:00-04:00,56.72999954223633,56.810001373291016,51.599998474121094,54.0,2380,0.0,0.0
2018-08-21 00:00:00-04:00,50.099998474121094,55.790000915527344,50.0,53.5,1600,0.0,0.0
2018-08-22 00:00:00-04:00,54.59000015258789,55.79999923706055,51.970001220703125,55.599998474121094,2400,0.0,0.0
2018-08-23 00:00:00-04:00,55.599998474121094,55.900001525878906,50.599998474121094,53.5,3490,0.0,0.0
2018-08-24 00:00:00-04:00,56.0,59.5,53.0099983215332,59.5,2690,0.0,0.0
2018-08-27 00:00:00-04:00,63.400001525878906,67.5,59.619998931884766,61.099998474121094,720,0.0,0.0
2018-08-28 00:00:00-04:00,61.0,62.79999923706055,57.29999923706055,62.20000076293945,440,0.0,0.0
2018-08-29 00:00:00-04:00,62.20000076293945,68.41000366210938,62.20000076293945,67.05000305175781,2480,0.0,0.0
2018-08-30 00:00:00-04:00,67.30000305175781,67.30000305175781,65.19999694824219,67.0999984741211,1260,0.0,0.0
2018-08-31 00:00:00-04:00,67.5,69.56999969482422,66.80000305175781,66.80000305175781,1000,0.0,0.0
2018-09-04 00:00:00-04:00,60.0,68.66999816894531,60.0,61.29999923706055,860,0.0,0.0
2018-09-05 00:00:00-04:00,67.9000015258789,67.9000015258789,62.0,65.0,310,0.0,0.0
2018-09-06 00:00:00-04:00,62.5,67.30000305175781,61.5,66.97000122070312,1840,0.0,0.0
2018-09-07 00:00:00-04:00,66.80000305175781,67.06999969482422,63.599998474121094,65.0999984741211,1250,0.0,0.0
2018-09-10 00:00:00-04:00,64.5,65.12000274658203,60.400001525878906,64.0999984741211,750,0.0,0.0
2018-09-11 00:00:00-04:00,64.0999984741211,65.0,64.0999984741211,65.0,200,0.0,0.0
2018-09-12 00:00:00-04:00,62.29999923706055,65.5,60.310001373291016,65.0999984741211,1490,0.0,0.0
2018-09-13 00:00:00-04:00,65.4000015258789,65.4000015258789,61.900001525878906,61.900001525878906,210,0.0,0.0
2018-09-14 00:00:00-04:00,62.0,66.0,62.0,63.29999923706055,1560,0.0,0.0
2018-09-17 00:00:00-04:00,62.2599983215332,62.2599983215332,57.5,58.900001525878906,1920,0.0,0.0
2018-09-18 00:00:00-04:00,57.5,60.599998474121094,57.5,57.70000076293945,1040,0.0,0.0
2018-09-19 00:00:00-04:00,57.5,60.0,56.310001373291016,58.900001525878906,970,0.0,0.0
2018-09-20 00:00:00-04:00,60.0,60.0,57.0,58.79999923706055,660,0.0,0.0
2018-09-21 00:00:00-04:00,60.0,60.0,58.0,58.70000076293945,150,0.0,0.0
2018-09-24 00:00:00-04:00,58.70000076293945,58.9900016784668,55.099998474121094,57.20000076293945,390,0.0,0.0
2018-09-25 00:00:00-04:00,57.0,57.0,54.0,56.0,1490,0.0,0.0
2018-09-26 00:00:00-04:00,55.900001525878906,56.0,53.5,54.099998474121094,1970,0.0,0.0
2018-09-27 00:00:00-04:00,54.650001525878906,54.650001525878906,53.20000076293945,53.20000076293945,1130,0.0,0.0
2018-09-28 00:00:00-04:00,53.400001525878906,55.5,53.279998779296875,55.5,810,0.0,0.0
2018-10-01 00:00:00-04:00,55.400001525878906,57.0,53.70000076293945,53.88999938964844,420,0.0,0.0
2018-10-02 00:00:00-04:00,53.599998474121094,54.20000076293945,52.599998474121094,52.599998474121094,250,0.0,0.0
2018-10-03 00:00:00-04:00,51.70000076293945,52.209999084472656,51.2400016784668,52.0,1160,0.0,0.0
2018-10-04 00:00:00-04:00,51.70000076293945,52.5,46.599998474121094,47.5,2530,0.0,0.0
2018-10-05 00:00:00-04:00,45.099998474121094,50.0,45.099998474121094,46.099998474121094,1250,0.0,0.0
2018-10-08 00:00:00-04:00,45.20000076293945,47.5,42.900001525878906,45.400001525878906,710,0.0,0.0
2018-10-09 00:00:00-04:00,43.400001525878906,45.400001525878906,42.599998474121094,45.400001525878906,430,0.0,0.0
2018-10-10 00:00:00-04:00,41.70000076293945,49.70000076293945,41.70000076293945,49.0,300,0.0,0.0
2018-10-11 00:00:00-04:00,49.20000076293945,49.900001525878906,45.099998474121094,45.099998474121094,540,0.0,0.0
2018-10-12 00:00:00-04:00,47.0,49.0,46.5,47.5,810,0.0,0.0
2018-10-15 00:00:00-04:00,52.20000076293945,52.20000076293945,49.0,51.400001525878906,380,0.0,0.0
2018-10-16 00:00:00-04:00,47.77000045776367,51.5,47.75,51.5,500,0.0,0.0
2018-10-17 00:00:00-04:00,51.5,51.5,51.5,51.5,0,0.0,0.0
2018-10-18 00:00:00-04:00,51.5,51.5,49.0099983215332,50.400001525878906,360,0.0,0.0
2018-10-19 00:00:00-04:00,51.5,51.5,51.5,51.5,100,0.0,0.0
2018-10-22 00:00:00-04:00,51.099998474121094,51.400001525878906,49.0,51.400001525878906,470,0.0,0.0
2018-10-23 00:00:00-04:00,51.29999923706055,51.29999923706055,51.29999923706055,51.29999923706055,20,0.0,0.0
2018-10-24 00:00:00-04:00,46.630001068115234,50.20000076293945,44.220001220703125,50.20000076293945,300,0.0,0.0
2018-10-25 00:00:00-04:00,50.29999923706055,50.29999923706055,50.0,50.0,40,0.0,0.0
2018-10-26 00:00:00-04:00,45.20000076293945,50.099998474121094,45.20000076293945,50.099998474121094,80,0.0,0.0
2018-10-29 00:00:00-04:00,45.099998474121094,50.20000076293945,45.0,45.0,80,0.0,0.0
2018-10-30 00:00:00-04:00,44.0,45.0,43.25,44.5,1390,0.0,0.0
2018-10-31 00:00:00-04:00,45.0,45.0,42.16999816894531,44.900001525878906,440,0.0,0.0
2018-11-01 00:00:00-04:00,42.70000076293945,49.79999923706055,42.70000076293945,49.79999923706055,2500,0.0,0.0
2018-11-02 00:00:00-04:00,47.70000076293945,49.400001525878906,45.70000076293945,49.400001525878906,80,0.0,0.0
2018-11-05 00:00:00-05:00,48.0,49.400001525878906,48.0,49.369998931884766,370,0.0,0.0
2018-11-06 00:00:00-05:00,45.22999954223633,50.29999923706055,45.22999954223633,50.29999923706055,280,0.0,0.0
2018-11-07 00:00:00-05:00,49.0,50.5,49.0,49.900001525878906,1470,0.0,0.0
2018-11-08 00:00:00-05:00,49.900001525878906,49.900001525878906,49.900001525878906,49.900001525878906,10,0.0,0.0
2018-11-09 00:00:00-05:00,49.900001525878906,49.900001525878906,49.900001525878906,49.900001525878906,30,0.0,0.0
2018-11-12 00:00:00-05:00,51.29999923706055,51.29999923706055,51.099998474121094,51.099998474121094,40,0.0,0.0
2018-11-13 00:00:00-05:00,51.099998474121094,51.099998474121094,50.900001525878906,50.900001525878906,50,0.0,0.0
2018-11-14 00:00:00-05:00,50.0,50.400001525878906,49.599998474121094,49.599998474121094,2900,0.0,0.0
2018-11-15 00:00:00-05:00,50.20000076293945,55.0,50.099998474121094,53.599998474121094,310,0.0,0.0
2018-11-16 00:00:00-05:00,53.599998474121094,53.599998474121094,52.0,52.0,30,0.0,0.0
2018-11-19 00:00:00-05:00,52.0,52.0,52.0,52.0,0,0.0,0.0
2018-11-20 00:00:00-05:00,52.0,54.5,52.0,53.20000076293945,130,0.0,0.0
2018-11-21 00:00:00-05:00,54.0,54.0,54.0,54.0,30,0.0,0.0
2018-11-23 00:00:00-05:00,54.0,54.0,54.0,54.0,10,0.0,0.0
2018-11-26 00:00:00-05:00,50.0,54.0,50.0,54.0,190,0.0,0.0
2018-11-27 00:00:00-05:00,53.470001220703125,53.79999923706055,53.470001220703125,53.79999923706055,120,0.0,0.0
2018-11-28 00:00:00-05:00,53.5,53.5,53.5,53.5,210,0.0,0.0
2018-11-29 00:00:00-05:00,53.5,53.5,53.5,53.5,10,0.0,0.0
2018-11-30 00:00:00-05:00,53.5,53.5,52.099998474121094,53.20000076293945,210,0.0,0.0
2018-12-03 00:00:00-05:00,52.7599983215332,53.900001525878906,50.5,50.900001525878906,380,0.0,0.0
2018-12-04 00:00:00-05:00,54.0,54.0,51.0,53.5,90,0.0,0.0
2018-12-06 00:00:00-05:00,52.4900016784668,55.0,52.4900016784668,53.70000076293945,490,0.0,0.0
2018-12-07 00:00:00-05:00,54.0,56.33000183105469,54.0,56.29999923706055,2800,0.0,0.0
2018-12-10 00:00:00-05:00,55.5,64.80000305175781,50.0,59.400001525878906,1240,0.0,0.0
2018-12-11 00:00:00-05:00,60.0,61.0,59.599998474121094,59.599998474121094,690,0.0,0.0
2018-12-12 00:00:00-05:00,53.0,60.0,53.0,60.0,180,0.0,0.0
2018-12-13 00:00:00-05:00,58.0,59.0,57.0,57.0,120,0.0,0.0
2018-12-14 00:00:00-05:00,57.0,59.5,57.0,59.0,180,0.0,0.0
2018-12-17 00:00:00-05:00,54.599998474121094,55.9900016784668,54.599998474121094,55.5,120,0.0,0.0
2018-12-18 00:00:00-05:00,58.5,58.599998474121094,56.20000076293945,57.0,240,0.0,0.0
2018-12-19 00:00:00-05:00,59.900001525878906,59.900001525878906,53.900001525878906,53.900001525878906,230,0.0,0.0
2018-12-20 00:00:00-05:00,55.0,57.52000045776367,55.0,57.20000076293945,150,0.0,0.0
2018-12-21 00:00:00-05:00,58.79999923706055,59.0,57.0,57.0,100,0.0,0.0
2018-12-24 00:00:00-05:00,54.099998474121094,59.400001525878906,52.599998474121094,59.400001525878906,90,0.0,0.0
2018-12-26 00:00:00-05:00,55.310001373291016,60.0,54.900001525878906,60.0,250,0.0,0.0
2018-12-27 00:00:00-05:00,54.29999923706055,59.599998474121094,54.29999923706055,57.7400016784668,80,0.0,0.0
2018-12-28 00:00:00-05:00,58.0,58.0,56.0,56.0,160,0.0,0.0
2018-12-31 00:00:00-05:00,56.0,56.0,51.79999923706055,54.29999923706055,260,0.0,0.0
2019-01-02 00:00:00-05:00,58.0,58.20000076293945,58.0,58.099998474121094,90,0.0,0.0
2019-01-03 00:00:00-05:00,58.099998474121094,58.099998474121094,58.099998474121094,58.099998474121094,90,0.0,0.0
2019-01-04 00:00:00-05:00,58.099998474121094,58.18000030517578,52.5,57.540000915527344,410,0.0,0.0
2019-01-07 00:00:00-05:00,58.099998474121094,59.0,58.099998474121094,59.0,130,0.0,0.0
2019-01-08 00:00:00-05:00,57.5,59.0,57.04999923706055,57.04999923706055,260,0.0,0.0
2019-01-09 00:00:00-05:00,58.79999923706055,59.0,56.939998626708984,59.0,2540,0.0,0.0
2019-01-10 00:00:00-05:00,54.79999923706055,57.79999923706055,54.79999923706055,57.79999923706055,3100,0.0,0.0
2019-01-11 00:00:00-05:00,57.0,58.16999816894531,57.0,58.16999816894531,150,0.0,0.0
2019-01-14 00:00:00-05:00,59.0,59.0,59.0,59.0,10,0.0,0.0
2019-01-15 00:00:00-05:00,58.5,59.0,57.099998474121094,57.099998474121094,1610,0.0,0.0
2019-01-16 00:00:00-05:00,55.5,57.79999923706055,55.29999923706055,57.79999923706055,460,0.0,0.0
2019-01-17 00:00:00-05:00,57.5,58.5,57.20000076293945,57.20000076293945,380,0.0,0.0
2019-01-18 00:00:00-05:00,57.70000076293945,60.0,55.400001525878906,59.900001525878906,1250,0.0,0.0
2019-01-22 00:00:00-05:00,59.900001525878906,61.0,57.79999923706055,60.5,380,0.0,0.0
2019-01-23 00:00:00-05:00,59.0,60.5,59.0,60.5,240,0.0,0.0
2019-01-24 00:00:00-05:00,59.400001525878906,62.099998474121094,57.0,62.099998474121094,1290,0.0,0.0
2019-01-25 00:00:00-05:00,61.70000076293945,61.7400016784668,53.599998474121094,60.5,990,0.0,0.0
2019-01-28 00:00:00-05:00,61.900001525878906,62.0,59.5,60.0,120,0.0,0.0
2019-01-29 00:00:00-05:00,60.29999923706055,62.0,60.0,62.0,240,0.0,0.0
2019-01-30 00:00:00-05:00,61.540000915527344,61.540000915527344,60.0,60.0,220,0.0,0.0
2019-01-31 00:00:00-05:00,61.5,62.0,61.0,62.0,400,0.0,0.0
2019-02-01 00:00:00-05:00,61.599998474121094,61.599998474121094,61.599998474121094,61.599998474121094,40,0.0,0.0
2019-02-04 00:00:00-05:00,61.70000076293945,61.70000076293945,61.0,61.0,1560,0.0,0.0
2019-02-05 00:00:00-05:00,59.400001525878906,61.599998474121094,57.599998474121094,61.599998474121094,250,0.0,0.0
2019-02-06 00:00:00-05:00,61.70000076293945,62.0,61.599998474121094,62.0,1080,0.0,0.0
2019-02-07 00:00:00-05:00,62.20000076293945,65.0,62.09000015258789,63.5,820,0.0,0.0
2019-02-08 00:00:00-05:00,65.0,65.0,60.0,62.0,290,0.0,0.0
2019-02-11 00:00:00-05:00,61.79999923706055,63.79999923706055,60.08000183105469,61.900001525878906,340,0.0,0.0
2019-02-12 00:00:00-05:00,62.20000076293945,63.0,61.79999923706055,63.0,80,0.0,0.0
2019-02-13 00:00:00-05:00,62.400001525878906,63.0,62.0,63.0,770,0.0,0.0
2019-02-14 00:00:00-05:00,61.66999816894531,63.20000076293945,61.099998474121094,63.20000076293945,570,0.0,0.0
2019-02-15 00:00:00-05:00,63.5,63.5,60.0,63.5,230,0.0,0.0
2019-02-19 00:00:00-05:00,63.79999923706055,63.79999923706055,63.25,63.400001525878906,310,0.0,0.0
2019-02-20 00:00:00-05:00,63.70000076293945,63.79999923706055,60.939998626708984,63.79999923706055,350,0.0,0.0
2019-02-21 00:00:00-05:00,63.0,63.0,60.599998474121094,63.0,550,0.0,0.0
2019-02-22 00:00:00-05:00,63.5,63.5,61.56999969482422,63.29999923706055,60,0.0,0.0
2019-02-25 00:00:00-05:00,63.5,68.5,63.0,64.0,4400,0.0,0.0
2019-02-26 00:00:00-05:00,66.5,66.5,62.400001525878906,63.900001525878906,550,0.0,0.0
2019-02-27 00:00:00-05:00,64.75,65.5,64.5999984741211,65.4000015258789,350,0.0,0.0
2019-02-28 00:00:00-05:00,65.5999984741211,67.5999984741211,62.70000076293945,64.80000305175781,2650,0.0,0.0
2019-03-01 00:00:00-05:00,68.5,68.5,65.0999984741211,65.55999755859375,390,0.0,0.0
2019-03-04 00:00:00-05:00,65.0,66.0,63.959999084472656,65.5,90,0.0,0.0
2019-03-05 00:00:00-05:00,69.25,69.25,67.81999969482422,68.5,430,0.0,0.0
2019-03-06 00:00:00-05:00,67.80000305175781,67.80000305175781,65.80000305175781,67.80000305175781,50,0.0,0.0
2019-03-07 00:00:00-05:00,68.48999786376953,68.48999786376953,68.30000305175781,68.30000305175781,110,0.0,0.0
2019-03-08 00:00:00-05:00,62.5,65.69999694824219,62.5,65.13999938964844,400,0.0,0.0
2019-03-11 00:00:00-04:00,65.4000015258789,65.4000015258789,62.90999984741211,64.0,170,0.0,0.0
2019-03-12 00:00:00-04:00,65.5,65.5,65.5,65.5,20,0.0,0.0
2019-03-13 00:00:00-04:00,63.619998931884766,64.69999694824219,63.619998931884766,64.69999694824219,90,0.0,0.0
2019-03-14 00:00:00-04:00,64.69999694824219,66.4000015258789,57.400001525878906,66.4000015258789,430,0.0,0.0
2019-03-15 00:00:00-04:00,66.48999786376953,66.54000091552734,66.48999786376953,66.54000091552734,110,0.0,0.0
2019-03-18 00:00:00-04:00,65.80000305175781,65.80000305175781,63.70000076293945,65.80000305175781,90,0.0,0.0
2019-03-19 00:00:00-04:00,65.5,65.62999725341797,64.0999984741211,64.0999984741211,200,0.0,0.0
2019-03-20 00:00:00-04:00,60.70000076293945,63.900001525878906,60.70000076293945,63.900001525878906,70,0.0,0.0
2019-03-21 00:00:00-04:00,64.0999984741211,64.5999984741211,63.720001220703125,64.0,250,0.0,0.0
2019-03-22 00:00:00-04:00,63.5,63.5,63.400001525878906,63.400001525878906,80,0.0,0.0
2019-03-25 00:00:00-04:00,65.69999694824219,66.0,65.69999694824219,66.0,130,0.0,0.0
2019-03-26 00:00:00-04:00,63.81999969482422,63.81999969482422,61.099998474121094,62.29999923706055,190,0.0,0.0
2019-03-27 00:00:00-04:00,62.79999923706055,65.0,62.5,62.79999923706055,130,0.0,0.0
2019-03-28 00:00:00-04:00,61.470001220703125,62.79999923706055,60.599998474121094,61.70000076293945,540,0.0,0.0
2019-03-29 00:00:00-04:00,66.5999984741211,66.5999984741211,60.599998474121094,62.5,710,0.0,0.0
2019-04-01 00:00:00-04:00,64.69999694824219,64.69999694824219,64.69999694824219,64.69999694824219,20,0.0,0.0
2019-04-02 00:00:00-04:00,61.79999923706055,64.4000015258789,61.66999816894531,61.97999954223633,380,0.0,0.0
2019-04-03 00:00:00-04:00,62.0,62.84000015258789,60.97999954223633,62.0,370,0.0,0.0
2019-04-04 00:00:00-04:00,63.79999923706055,64.5,63.79999923706055,64.5,140,0.0,0.0
2019-04-05 00:00:00-04:00,66.0,66.0,60.0,62.400001525878906,620,0.0,0.0
2019-04-08 00:00:00-04:00,62.400001525878906,64.80000305175781,60.20000076293945,60.20000076293945,550,0.0,0.0
2019-04-09 00:00:00-04:00,58.20000076293945,60.79999923706055,58.20000076293945,60.0,170,0.0,0.0
2019-04-10 00:00:00-04:00,60.900001525878906,61.900001525878906,59.09000015258789,60.279998779296875,610,0.0,0.0
2019-04-11 00:00:00-04:00,59.9900016784668,61.70000076293945,59.97999954223633,61.70000076293945,390,0.0,0.0
2019-04-12 00:00:00-04:00,59.25,61.900001525878906,58.79999923706055,58.79999923706055,440,0.0,0.0
2019-04-15 00:00:00-04:00,59.0,59.0,51.599998474121094,53.5,1170,0.0,0.0
2019-04-16 00:00:00-04:00,53.79999923706055,54.599998474121094,47.58000183105469,49.29999923706055,810,0.0,0.0
2019-04-17 00:00:00-04:00,51.560001373291016,53.0,49.20000076293945,50.400001525878906,350,0.0,0.0
2019-04-18 00:00:00-04:00,60.400001525878906,60.400001525878906,51.099998474121094,53.150001525878906,330,0.0,0.0
2019-04-22 00:00:00-04:00,54.5,54.599998474121094,54.5,54.599998474121094,20,0.0,0.0
2019-04-23 00:00:00-04:00,53.0,53.0,49.29999923706055,52.150001525878906,790,0.0,0.0
2019-04-24 00:00:00-04:00,53.0,53.0,48.470001220703125,50.099998474121094,940,0.0,0.0
2019-04-25 00:00:00-04:00,48.79999923706055,49.29999923706055,44.130001068115234,45.70000076293945,1220,0.0,0.0
2019-04-26 00:00:00-04:00,45.099998474121094,45.58000183105469,43.0,45.0,740,0.0,0.0
2019-04-29 00:00:00-04:00,45.400001525878906,46.900001525878906,40.099998474121094,42.5,2060,0.0,0.0
2019-04-30 00:00:00-04:00,41.68000030517578,42.06999969482422,41.68000030517578,41.900001525878906,410,0.0,0.0
2019-05-01 00:00:00-04:00,42.5,42.5,41.0,42.0,360,0.0,0.0
2019-05-02 00:00:00-04:00,41.209999084472656,42.0,41.209999084472656,42.0,200,0.0,0.0
2019-05-03 00:00:00-04:00,42.099998474121094,45.70000076293945,42.09000015258789,43.79999923706055,620,0.0,0.0
2019-05-06 00:00:00-04:00,42.599998474121094,45.029998779296875,41.18000030517578,41.5,820,0.0,0.0
2019-05-07 00:00:00-04:00,41.400001525878906,45.099998474121094,41.349998474121094,42.0,810,0.0,0.0
2019-05-08 00:00:00-04:00,44.29999923706055,44.5,41.56999969482422,43.0,1030,0.0,0.0
2019-05-09 00:00:00-04:00,43.099998474121094,45.0,43.0,44.0,430,0.0,0.0
2019-05-10 00:00:00-04:00,41.0,45.0,41.0,43.5,430,0.0,0.0
2019-05-13 00:00:00-04:00,43.400001525878906,44.150001525878906,40.56999969482422,41.5,1280,0.0,0.0
2019-05-14 00:00:00-04:00,40.68000030517578,43.70000076293945,40.68000030517578,43.0099983215332,380,0.0,0.0
2019-05-15 00:00:00-04:00,41.0,44.70000076293945,41.0,44.70000076293945,1530,0.0,0.0
2019-05-16 00:00:00-04:00,41.29999923706055,46.5099983215332,40.54999923706055,44.33000183105469,1690,0.0,0.0
2019-05-17 00:00:00-04:00,42.4900016784668,43.900001525878906,42.33000183105469,42.900001525878906,620,0.0,0.0
2019-05-20 00:00:00-04:00,41.68000030517578,44.5,41.27000045776367,43.0,860,0.0,0.0
2019-05-21 00:00:00-04:00,42.0,44.20000076293945,40.79999923706055,42.599998474121094,1460,0.0,0.0
2019-05-22 00:00:00-04:00,41.689998626708984,44.70000076293945,40.79999923706055,44.0,1280,0.0,0.0
2019-05-23 00:00:00-04:00,42.09000015258789,45.5,41.630001068115234,42.0,1120,0.0,0.0
2019-05-24 00:00:00-04:00,42.29999923706055,47.20000076293945,42.20000076293945,45.900001525878906,1540,0.0,0.0
2019-05-28 00:00:00-04:00,48.0,48.0,44.900001525878906,44.900001525878906,920,0.0,0.0
2019-05-29 00:00:00-04:00,44.900001525878906,44.900001525878906,44.900001525878906,44.900001525878906,20,0.0,0.0
2019-05-30 00:00:00-04:00,48.0,48.189998626708984,44.900001525878906,46.400001525878906,600,0.0,0.0
2019-05-31 00:00:00-04:00,45.79999923706055,47.470001220703125,45.09000015258789,46.0,520,0.0,0.0
2019-06-03 00:00:00-04:00,45.5,48.0,45.0,45.0,540,0.0,0.0
2019-06-04 00:00:00-04:00,45.0,48.5,43.400001525878906,48.400001525878906,1120,0.0,0.0
2019-06-05 00:00:00-04:00,49.70000076293945,51.099998474121094,43.84000015258789,43.84000015258789,1540,0.0,0.0
2019-06-06 00:00:00-04:00,42.130001068115234,45.5,42.130001068115234,43.5,400,0.0,0.0
2019-06-07 00:00:00-04:00,44.5,48.0,42.29999923706055,46.0,470,0.0,0.0
2019-06-10 00:00:00-04:00,46.900001525878906,46.900001525878906,40.70000076293945,42.70000076293945,1130,0.0,0.0
2019-06-11 00:00:00-04:00,43.4900016784668,43.4900016784668,43.4900016784668,43.4900016784668,60,0.0,0.0
2019-06-12 00:00:00-04:00,43.5,44.5,41.56999969482422,43.5,680,0.0,0.0
2019-06-13 00:00:00-04:00,43.5,43.5,41.099998474121094,41.099998474121094,600,0.0,0.0
2019-06-14 00:00:00-04:00,40.70000076293945,40.779998779296875,40.70000076293945,40.779998779296875,60,0.0,0.0
2019-06-17 00:00:00-04:00,41.29999923706055,43.5,39.0,39.5,1730,0.0,0.0
2019-06-18 00:00:00-04:00,40.7599983215332,40.7599983215332,35.20000076293945,37.130001068115234,910,0.0,0.0
2019-06-19 00:00:00-04:00,37.29999923706055,38.79999923706055,35.20000076293945,36.599998474121094,190,0.0,0.0
2019-06-20 00:00:00-04:00,36.900001525878906,39.20000076293945,34.470001220703125,37.61000061035156,790,0.0,0.0
2019-06-21 00:00:00-04:00,35.29999923706055,40.400001525878906,35.29999923706055,39.5,490,0.0,0.0
2019-06-24 00:00:00-04:00,38.54999923706055,39.0,34.29999923706055,39.0,690,0.0,0.0
2019-06-25 00:00:00-04:00,35.47999954223633,40.70000076293945,35.47999954223633,38.5099983215332,680,0.0,0.0
2019-06-26 00:00:00-04:00,40.400001525878906,40.400001525878906,35.599998474121094,38.599998474121094,180,0.0,0.0
2019-06-27 00:00:00-04:00,36.400001525878906,40.29999923706055,36.400001525878906,38.5,1200,0.0,0.0
2019-06-28 00:00:00-04:00,39.5,41.400001525878906,34.70000076293945,37.29999923706055,970,0.0,0.0
2019-07-01 00:00:00-04:00,40.0,40.0,35.5,36.5,520,0.0,0.0
2019-07-02 00:00:00-04:00,36.099998474121094,37.310001373291016,33.5,35.599998474121094,1500,0.0,0.0
2019-07-03 00:00:00-04:00,36.0,42.0,36.0,38.599998474121094,2290,0.0,0.0
2019-07-05 00:00:00-04:00,35.099998474121094,35.099998474121094,34.599998474121094,34.599998474121094,60,0.0,0.0
2019-07-08 00:00:00-04:00,35.0,38.70000076293945,34.79999923706055,37.33000183105469,660,0.0,0.0
2019-07-09 00:00:00-04:00,39.0,40.29999923706055,37.599998474121094,38.099998474121094,770,0.0,0.0
2019-07-10 00:00:00-04:00,41.5,41.5,34.20000076293945,36.20000076293945,1350,0.0,0.0
2019-07-11 00:00:00-04:00,36.0,38.79999923706055,35.70000076293945,37.0,460,0.0,0.0
2019-07-12 00:00:00-04:00,40.5,40.5,34.5,35.099998474121094,920,0.0,0.0
2019-07-15 00:00:00-04:00,34.900001525878906,34.900001525878906,31.0,31.299999237060547,810,0.0,0.0
2019-07-16 00:00:00-04:00,31.0,31.0,25.399999618530273,25.799999237060547,1700,0.0,0.0
2019-07-17 00:00:00-04:00,27.799999237060547,27.799999237060547,24.989999771118164,26.600000381469727,1030,0.0,0.0
2019-07-18 00:00:00-04:00,28.5,28.610000610351562,27.0,27.600000381469727,820,0.0,0.0
2019-07-19 00:00:00-04:00,25.989999771118164,29.0,25.989999771118164,28.399999618530273,490,0.0,0.0
2019-07-22 00:00:00-04:00,26.100000381469727,28.100000381469727,26.100000381469727,27.799999237060547,470,0.0,0.0
2019-07-23 00:00:00-04:00,28.700000762939453,30.0,26.0,29.0,750,0.0,0.0
2019-07-24 00:00:00-04:00,30.0,30.5,27.100000381469727,27.100000381469727,880,0.0,0.0
2019-07-25 00:00:00-04:00,29.0,30.0,27.100000381469727,27.600000381469727,220,0.0,0.0
2019-07-26 00:00:00-04:00,31.0,31.0,30.010000228881836,30.399999618530273,210,0.0,0.0
2019-07-29 00:00:00-04:00,31.0,31.0,30.010000228881836,30.399999618530273,10,0.0,0.0
2019-07-30 00:00:00-04:00,30.329999923706055,30.329999923706055,25.100000381469727,26.799999237060547,500,0.0,0.0
2019-07-31 00:00:00-04:00,29.5,29.5,28.299999237060547,28.299999237060547,20,0.0,0.0
2019-08-01 00:00:00-04:00,27.799999237060547,27.799999237060547,27.799999237060547,27.799999237060547,70,0.0,0.0
2019-08-02 00:00:00-04:00,27.700000762939453,27.700000762939453,27.700000762939453,27.700000762939453,20,0.0,0.0
2019-08-05 00:00:00-04:00,25.600000381469727,25.899999618530273,25.0,25.0,720,0.0,0.0
2019-08-06 00:00:00-04:00,25.100000381469727,26.0,25.100000381469727,26.0,90,0.0,0.0
2019-08-07 00:00:00-04:00,25.5,27.399999618530273,25.0,26.0,340,0.0,0.0
2019-08-08 00:00:00-04:00,25.899999618530273,28.899999618530273,25.899999618530273,26.100000381469727,820,0.0,0.0
2019-08-09 00:00:00-04:00,28.0,29.899999618530273,27.0,28.5,1080,0.0,0.0
2019-08-12 00:00:00-04:00,28.399999618530273,29.200000762939453,24.799999237060547,25.0,1130,0.0,0.0
2019-08-13 00:00:00-04:00,28.0,30.0,22.700000762939453,26.5,1220,0.0,0.0
2019-08-14 00:00:00-04:00,25.0,27.399999618530273,16.600000381469727,23.299999237060547,900,0.0,0.0
2019-08-15 00:00:00-04:00,23.299999237060547,23.299999237060547,18.489999771118164,20.0,930,0.0,0.0
2019-08-16 00:00:00-04:00,22.030000686645508,22.030000686645508,20.0,20.200000762939453,410,0.0,0.0
2019-08-19 00:00:00-04:00,20.200000762939453,20.200000762939453,20.200000762939453,20.200000762939453,0,0.0,0.0
2019-08-20 00:00:00-04:00,20.100000381469727,20.43000030517578,20.100000381469727,20.43000030517578,40,0.0,0.0
2019-08-21 00:00:00-04:00,20.43000030517578,20.43000030517578,20.43000030517578,20.43000030517578,0,0.0,0.0
2019-08-22 00:00:00-04:00,21.0,22.0,21.0,22.0,130,0.0,0.0
2019-08-23 00:00:00-04:00,22.0,22.0,22.0,22.0,0,0.0,0.0
2019-08-26 00:00:00-04:00,24.600000381469727,24.600000381469727,24.600000381469727,24.600000381469727,20,0.0,0.0
2019-08-27 00:00:00-04:00,27.600000381469727,27.600000381469727,24.100000381469727,24.200000762939453,1220,0.0,0.0
2019-08-28 00:00:00-04:00,24.200000762939453,24.200000762939453,24.200000762939453,24.200000762939453,0,0.0,0.0
2019-08-29 00:00:00-04:00,23.600000381469727,26.700000762939453,22.5,25.0,260,0.0,0.0
2019-08-30 00:00:00-04:00,26.200000762939453,27.280000686645508,26.0,27.200000762939453,610,0.0,0.0
2019-09-03 00:00:00-04:00,28.5,28.5,23.899999618530273,25.200000762939453,690,0.0,0.0
2019-09-04 00:00:00-04:00,25.0,25.200000762939453,25.0,25.200000762939453,210,0.0,0.0
2019-09-05 00:00:00-04:00,25.18000030517578,25.18000030517578,20.0,20.0,110,0.0,0.0
2019-09-06 00:00:00-04:00,22.5,24.5,22.5,24.5,80,0.0,0.0
2019-09-09 00:00:00-04:00,25.09000015258789,25.09000015258789,25.09000015258789,25.09000015258789,20,0.0,0.0
2019-09-10 00:00:00-04:00,21.600000381469727,24.0,21.600000381469727,22.790000915527344,220,0.0,0.0
2019-09-11 00:00:00-04:00,22.399999618530273,22.5,22.399999618530273,22.5,50,0.0,0.0
2019-09-12 00:00:00-04:00,21.8799991607666,22.389999389648438,20.899999618530273,20.899999618530273,720,0.0,0.0
2019-09-13 00:00:00-04:00,22.399999618530273,22.399999618530273,21.110000610351562,21.110000610351562,60,0.0,0.0
2019-09-16 00:00:00-04:00,21.110000610351562,21.110000610351562,21.110000610351562,21.110000610351562,0,0.0,0.0
2019-09-17 00:00:00-04:00,21.040000915527344,21.040000915527344,21.040000915527344,21.040000915527344,30,0.0,0.0
2019-09-18 00:00:00-04:00,21.040000915527344,21.040000915527344,21.040000915527344,21.040000915527344,0,0.0,0.0
2019-09-19 00:00:00-04:00,20.0,21.700000762939453,20.0,21.0,460,0.0,0.0
2019-09-20 00:00:00-04:00,20.200000762939453,21.0,20.200000762939453,21.0,250,0.0,0.0
2019-09-23 00:00:00-04:00,20.18000030517578,20.18000030517578,19.100000381469727,20.100000381469727,220,0.0,0.0
2019-09-24 00:00:00-04:00,17.700000762939453,19.899999618530273,15.0,19.700000762939453,200,0.0,0.0
2019-09-25 00:00:00-04:00,16.299999237060547,18.299999237060547,16.200000762939453,18.299999237060547,260,0.0,0.0
2019-09-26 00:00:00-04:00,19.649999618530273,19.649999618530273,17.0,17.0,70,0.0,0.0
2019-09-27 00:00:00-04:00,17.0,18.700000762939453,17.0,17.510000228881836,60,0.0,0.0
2019-09-30 00:00:00-04:00,18.0,18.09000015258789,15.800000190734863,15.800000190734863,1070,0.0,0.0
2019-10-01 00:00:00-04:00,14.800000190734863,16.700000762939453,12.100000381469727,16.700000762939453,170,0.0,0.0
2019-10-02 00:00:00-04:00,16.700000762939453,16.700000762939453,16.700000762939453,16.700000762939453,0,0.0,0.0
2019-10-03 00:00:00-04:00,14.300000190734863,16.600000381469727,14.0,16.600000381469727,270,0.0,0.0
2019-10-04 00:00:00-04:00,16.600000381469727,16.600000381469727,16.600000381469727,16.600000381469727,0,0.0,0.0
2019-10-07 00:00:00-04:00,16.350000381469727,16.350000381469727,15.0,15.0,150,0.0,0.0
2019-10-08 00:00:00-04:00,15.329999923706055,15.800000190734863,15.0,15.800000190734863,120,0.0,0.0
2019-10-09 00:00:00-04:00,15.380000114440918,16.940000534057617,15.380000114440918,16.200000762939453,170,0.0,0.0
2019-10-10 00:00:00-04:00,15.279999732971191,15.600000381469727,15.0,15.600000381469727,210,0.0,0.0
2019-10-11 00:00:00-04:00,16.5,17.0,16.5,17.0,280,0.0,0.0
2019-10-14 00:00:00-04:00,18.0,18.0,16.5,16.5,80,0.0,0.0
2019-10-15 00:00:00-04:00,15.619999885559082,15.619999885559082,15.619999885559082,15.619999885559082,50,0.0,0.0
2019-10-16 00:00:00-04:00,15.100000381469727,16.040000915527344,15.0,16.0,190,0.0,0.0
2019-10-17 00:00:00-04:00,16.0,16.0,16.0,16.0,0,0.0,0.0
2019-10-18 00:00:00-04:00,14.0,16.299999237060547,14.0,16.0,400,0.0,0.0
2019-10-21 00:00:00-04:00,16.0,16.0,16.0,16.0,0,0.0,0.0
2019-10-22 00:00:00-04:00,16.0,16.0,16.0,16.0,0,0.0,0.0
2019-10-23 00:00:00-04:00,16.190000534057617,16.190000534057617,16.100000381469727,16.100000381469727,50,0.0,0.0
2019-10-24 00:00:00-04:00,16.100000381469727,16.100000381469727,16.100000381469727,16.100000381469727,0,0.0,0.0
2019-10-25 00:00:00-04:00,14.5,16.299999237060547,14.5,16.299999237060547,80,0.0,0.0
2019-10-28 00:00:00-04:00,14.899999618530273,15.649999618530273,14.5,15.600000381469727,540,0.0,0.0
2019-10-29 00:00:00-04:00,14.199999809265137,15.369999885559082,12.5,15.369999885559082,500,0.0,0.0
2019-10-30 00:00:00-04:00,15.369999885559082,15.369999885559082,15.369999885559082,15.369999885559082,0,0.0,0.0
2019-10-31 00:00:00-04:00,15.369999885559082,15.369999885559082,15.369999885559082,15.369999885559082,0,0.0,0.0
2019-11-01 00:00:00-04:00,15.100000381469727,15.699999809265137,14.0,14.0,60,0.0,0.0
2019-11-04 00:00:00-05:00,12.600000381469727,13.699999809265137,12.600000381469727,13.699999809265137,140,0.0,0.0
2019-11-05 00:00:00-05:00,13.800000190734863,13.899999618530273,12.800000190734863,13.899999618530273,130,0.0,0.0
2019-11-06 00:00:00-05:00,13.5,13.5,12.199999809265137,13.0,790,0.0,0.0
2019-11-07 00:00:00-05:00,13.0,13.5,13.0,13.5,150,0.0,0.0
2019-11-08 00:00:00-05:00,13.5,13.5,13.5,13.5,10,0.0,0.0
2019-11-11 00:00:00-05:00,13.399999618530273,13.5,13.399999618530273,13.5,40,0.0,0.0
2019-11-12 00:00:00-05:00,13.5,13.5,13.5,13.5,180,0.0,0.0
2019-11-13 00:00:00-05:00,13.5,13.5,13.5,13.5,50,0.0,0.0
2019-11-14 00:00:00-05:00,13.5,13.5,13.5,13.5,0,0.0,0.0
2019-11-15 00:00:00-05:00,13.5,13.5,13.5,13.5,10,0.0,0.0
2019-11-18 00:00:00-05:00,13.760000228881836,14.199999809265137,13.5,14.199999809265137,190,0.0,0.0
2019-11-19 00:00:00-05:00,13.0,14.100000381469727,13.0,14.100000381469727,130,0.0,0.0
2019-11-20 00:00:00-05:00,14.100000381469727,14.100000381469727,14.100000381469727,14.100000381469727,30,0.0,0.0
2019-11-21 00:00:00-05:00,14.300000190734863,17.6299991607666,13.850000381469727,17.5,1540,0.0,0.0
2019-11-22 00:00:00-05:00,18.299999237060547,18.639999389648438,18.299999237060547,18.639999389648438,60,0.0,0.0
2019-11-25 00:00:00-05:00,19.700000762939453,19.700000762939453,19.5,19.5,30,0.0,0.0
2019-11-26 00:00:00-05:00,19.399999618530273,19.5,17.969999313354492,17.969999313354492,50,0.0,0.0
2019-11-27 00:00:00-05:00,17.969999313354492,17.969999313354492,17.969999313354492,17.969999313354492,0,0.0,0.0
2019-11-29 00:00:00-05:00,17.969999313354492,17.969999313354492,17.969999313354492,17.969999313354492,0,0.0,0.0
2019-12-02 00:00:00-05:00,17.969999313354492,17.969999313354492,17.969999313354492,17.969999313354492,0,0.0,0.0
2019-12-03 00:00:00-05:00,16.350000381469727,16.350000381469727,16.350000381469727,16.350000381469727,30,0.0,0.0
2019-12-04 00:00:00-05:00,16.350000381469727,16.350000381469727,16.350000381469727,16.350000381469727,0,0.0,0.0
2019-12-05 00:00:00-05:00,16.350000381469727,16.350000381469727,16.350000381469727,16.350000381469727,0,0.0,0.0
2019-12-06 00:00:00-05:00,13.399999618530273,17.0,13.399999618530273,16.600000381469727,90,0.0,0.0
2019-12-09 00:00:00-05:00,16.600000381469727,16.600000381469727,16.600000381469727,16.600000381469727,0,0.0,0.0
2019-12-10 00:00:00-05:00,15.149999618530273,15.149999618530273,15.149999618530273,15.149999618530273,30,0.0,0.0
2019-12-11 00:00:00-05:00,15.149999618530273,15.149999618530273,15.149999618530273,15.149999618530273,0,0.0,0.0
2019-12-12 00:00:00-05:00,13.699999809265137,16.200000762939453,13.699999809265137,16.200000762939453,150,0.0,0.0
2019-12-13 00:00:00-05:00,14.800000190734863,17.200000762939453,14.800000190734863,17.200000762939453,60,0.0,0.0
2019-12-16 00:00:00-05:00,17.200000762939453,17.200000762939453,14.649999618530273,14.649999618530273,60,0.0,0.0
2019-12-17 00:00:00-05:00,14.649999618530273,14.649999618530273,14.649999618530273,14.649999618530273,0,0.0,0.0
2019-12-18 00:00:00-05:00,16.59000015258789,16.59000015258789,16.59000015258789,16.59000015258789,20,0.0,0.0
2019-12-19 00:00:00-05:00,17.200000762939453,17.200000762939453,17.200000762939453,17.200000762939453,10,0.0,0.0
2019-12-20 00:00:00-05:00,16.899999618530273,16.899999618530273,16.899999618530273,16.899999618530273,10,0.0,0.0
2019-12-23 00:00:00-05:00,16.899999618530273,17.0,16.899999618530273,17.0,170,0.0,0.0
2019-12-24 00:00:00-05:00,17.0,17.0,17.0,17.0,0,0.0,0.0
2019-12-26 00:00:00-05:00,17.0,17.0,17.0,17.0,0,0.0,0.0
2019-12-27 00:00:00-05:00,14.0,14.0,14.0,14.0,20,0.0,0.0
2019-12-30 00:00:00-05:00,14.550000190734863,16.920000076293945,14.550000190734863,16.920000076293945,190,0.0,0.0
2019-12-31 00:00:00-05:00,16.5,19.799999237060547,16.5,19.799999237060547,3130,0.0,0.0
2020-01-02 00:00:00-05:00,21.0,25.899999618530273,21.0,25.399999618530273,7360,0.0,0.0
2020-01-03 00:00:00-05:00,26.0,26.0,22.399999618530273,23.389999389648438,850,0.0,0.0
2020-01-06 00:00:00-05:00,21.06999969482422,22.799999237060547,21.06999969482422,21.200000762939453,390,0.0,0.0
2020-01-07 00:00:00-05:00,20.040000915527344,20.270000457763672,17.899999618530273,19.90999984741211,1050,0.0,0.0
2020-01-08 00:00:00-05:00,19.899999618530273,19.899999618530273,16.700000762939453,16.700000762939453,400,0.0,0.0
2020-01-09 00:00:00-05:00,17.100000381469727,17.389999389648438,16.780000686645508,16.780000686645508,220,0.0,0.0
2020-01-10 00:00:00-05:00,16.209999084472656,16.489999771118164,15.140000343322754,16.059999465942383,410,0.0,0.0
2020-01-13 00:00:00-05:00,15.420000076293945,15.420000076293945,15.420000076293945,15.420000076293945,40,0.0,0.0
2020-01-14 00:00:00-05:00,15.199999809265137,15.529999732971191,15.199999809265137,15.529999732971191,30,0.0,0.0
2020-01-15 00:00:00-05:00,15.470000267028809,15.470000267028809,14.0,14.0,640,0.0,0.0
2020-01-16 00:00:00-05:00,14.0,15.050000190734863,14.0,14.5,360,0.0,0.0
2020-01-17 00:00:00-05:00,15.130000114440918,18.899999618530273,15.130000114440918,17.68000030517578,290,0.0,0.0
2020-01-21 00:00:00-05:00,16.399999618530273,18.399999618530273,16.399999618530273,17.450000762939453,600,0.0,0.0
2020-01-22 00:00:00-05:00,17.0,17.0,17.0,17.0,240,0.0,0.0
2020-01-23 00:00:00-05:00,15.119999885559082,17.700000762939453,15.119999885559082,17.100000381469727,560,0.0,0.0
2020-01-24 00:00:00-05:00,14.699999809265137,15.6899995803833,13.100000381469727,14.399999618530273,660,0.0,0.0
2020-01-27 00:00:00-05:00,13.600000381469727,16.399999618530273,13.600000381469727,16.399999618530273,480,0.0,0.0
2020-01-28 00:00:00-05:00,16.899999618530273,25.899999618530273,16.899999618530273,20.799999237060547,12320,0.0,0.0
2020-01-29 00:00:00-05:00,23.299999237060547,24.899999618530273,22.299999237060547,23.229999542236328,1990,0.0,0.0
2020-01-30 00:00:00-05:00,23.200000762939453,23.200000762939453,18.469999313354492,20.0,1180,0.0,0.0
2020-01-31 00:00:00-05:00,19.18000030517578,20.989999771118164,18.969999313354492,19.920000076293945,750,0.0,0.0
2020-02-03 00:00:00-05:00,17.600000381469727,22.899999618530273,17.600000381469727,20.190000534057617,720,0.0,0.0
2020-02-04 00:00:00-05:00,18.0,21.299999237060547,18.0,21.290000915527344,190,0.0,0.0
2020-02-05 00:00:00-05:00,21.399999618530273,21.780000686645508,21.100000381469727,21.780000686645508,200,0.0,0.0
2020-02-06 00:00:00-05:00,20.59000015258789,21.700000762939453,20.59000015258789,21.5,130,0.0,0.0
2020-02-07 00:00:00-05:00,22.0,22.0,21.700000762939453,22.0,130,0.0,0.0
2020-02-10 00:00:00-05:00,23.100000381469727,23.100000381469727,23.100000381469727,23.100000381469727,80,0.0,0.0
2020-02-11 00:00:00-05:00,20.5,22.5,20.5,21.65999984741211,320,0.0,0.0
2020-02-12 00:00:00-05:00,21.389999389648438,22.399999618530273,21.389999389648438,22.399999618530273,50,0.0,0.0
2020-02-13 00:00:00-05:00,23.299999237060547,23.299999237060547,22.59000015258789,22.59000015258789,350,0.0,0.0
2020-02-14 00:00:00-05:00,23.299999237060547,23.299999237060547,20.469999313354492,23.299999237060547,230,0.0,0.0
2020-02-18 00:00:00-05:00,23.0,23.0,23.0,23.0,20,0.0,0.0
2020-02-19 00:00:00-05:00,20.68000030517578,22.200000762939453,20.0,22.059999465942383,1560,0.0,0.0
2020-02-20 00:00:00-05:00,20.770000457763672,22.899999618530273,20.770000457763672,22.899999618530273,60,0.0,0.0
2020-02-21 00:00:00-05:00,22.0,23.200000762939453,21.639999389648438,23.200000762939453,130,0.0,0.0
2020-02-24 00:00:00-05:00,23.200000762939453,33.599998474121094,19.899999618530273,31.299999237060547,3210,0.0,0.0
2020-02-25 00:00:00-05:00,32.0,36.400001525878906,28.25,29.5,4510,0.0,0.0
2020-02-26 00:00:00-05:00,29.5,34.31999969482422,29.5,31.739999771118164,2580,0.0,0.0
2020-02-27 00:00:00-05:00,30.299999237060547,33.400001525878906,30.299999237060547,32.900001525878906,2080,0.0,0.0
2020-02-28 00:00:00-05:00,32.5,32.5,26.0,28.899999618530273,1710,0.0,0.0
2020-03-02 00:00:00-05:00,31.899999618530273,32.5,27.5,27.5,790,0.0,0.0
2020-03-03 00:00:00-05:00,26.600000381469727,29.459999084472656,26.5,26.5,640,0.0,0.0
2020-03-04 00:00:00-05:00,25.200000762939453,28.600000381469727,25.200000762939453,25.799999237060547,160,0.0,0.0
2020-03-05 00:00:00-05:00,25.200000762939453,26.399999618530273,25.200000762939453,26.399999618530273,250,0.0,0.0
2020-03-06 00:00:00-05:00,26.399999618530273,26.399999618530273,24.0,25.100000381469727,480,0.0,0.0
2020-03-09 00:00:00-04:00,24.0,24.0,22.950000762939453,23.5,220,0.0,0.0
2020-03-10 00:00:00-04:00,21.100000381469727,22.450000762939453,21.100000381469727,22.450000762939453,60,0.0,0.0
2020-03-11 00:00:00-04:00,21.229999542236328,22.5,18.100000381469727,22.0,1980,0.0,0.0
2020-03-12 00:00:00-04:00,18.899999618530273,20.1200008392334,18.899999618530273,19.899999618530273,160,0.0,0.0
2020-03-13 00:00:00-04:00,20.5,20.5,16.600000381469727,19.299999237060547,1200,0.0,0.0
2020-03-16 00:00:00-04:00,15.0,20.299999237060547,11.0,20.299999237060547,950,0.0,0.0
2020-03-17 00:00:00-04:00,17.40999984741211,17.700000762939453,17.299999237060547,17.299999237060547,120,0.0,0.0
2020-03-18 00:00:00-04:00,13.899999618530273,19.799999237060547,11.899999618530273,16.100000381469727,2800,0.0,0.0
2020-03-19 00:00:00-04:00,15.0,15.0,13.510000228881836,14.380000114440918,190,0.0,0.0
2020-03-20 00:00:00-04:00,16.600000381469727,20.700000762939453,16.600000381469727,18.700000762939453,1230,0.0,0.0
2020-03-23 00:00:00-04:00,20.5,20.5,20.399999618530273,20.5,160,0.0,0.0
2020-03-24 00:00:00-04:00,20.5,20.5,20.5,20.5,30,0.0,0.0
2020-03-25 00:00:00-04:00,19.899999618530273,19.899999618530273,19.899999618530273,19.899999618530273,90,0.0,0.0
2020-03-26 00:00:00-04:00,18.399999618530273,19.899999618530273,18.399999618530273,19.899999618530273,40,0.0,0.0
2020-03-27 00:00:00-04:00,17.5,17.5,14.09000015258789,15.739999771118164,460,0.0,0.0
2020-03-30 00:00:00-04:00,15.739999771118164,15.739999771118164,15.739999771118164,15.739999771118164,0,0.0,0.0
2020-03-31 00:00:00-04:00,18.799999237060547,19.0,17.389999389648438,19.0,80,0.0,0.0
2020-04-01 00:00:00-04:00,19.0,19.0,19.0,19.0,0,0.0,0.0
2020-04-02 00:00:00-04:00,18.100000381469727,18.1200008392334,16.850000381469727,16.850000381469727,90,0.0,0.0
2020-04-03 00:00:00-04:00,16.0,16.0,15.5,16.0,260,0.0,0.0
2020-04-06 00:00:00-04:00,18.0,19.0,17.920000076293945,19.0,170,0.0,0.0
2020-04-07 00:00:00-04:00,19.899999618530273,19.899999618530273,19.219999313354492,19.450000762939453,420,0.0,0.0
2020-04-08 00:00:00-04:00,18.5,20.100000381469727,18.5,20.100000381469727,90,0.0,0.0
2020-04-09 00:00:00-04:00,17.84000015258789,20.0,17.84000015258789,20.0,180,0.0,0.0
2020-04-13 00:00:00-04:00,20.0,20.5,18.0,20.5,490,0.0,0.0
2020-04-14 00:00:00-04:00,17.290000915527344,20.5,17.200000762939453,20.5,570,0.0,0.0
2020-04-15 00:00:00-04:00,20.5,20.5,20.5,20.5,0,0.0,0.0
2020-04-16 00:00:00-04:00,20.5,20.5,20.100000381469727,20.100000381469727,80,0.0,0.0
2020-04-17 00:00:00-04:00,18.18000030517578,19.299999237060547,18.18000030517578,19.299999237060547,120,0.0,0.0
2020-04-20 00:00:00-04:00,19.299999237060547,19.299999237060547,19.299999237060547,19.299999237060547,0,0.0,0.0
2020-04-21 00:00:00-04:00,17.100000381469727,18.25,16.0,16.0,290,0.0,0.0
2020-04-22 00:00:00-04:00,17.0,18.5,17.0,18.5,40,0.0,0.0
2020-04-23 00:00:00-04:00,15.100000381469727,24.899999618530273,15.100000381469727,22.299999237060547,5320,0.0,0.0
2020-04-24 00:00:00-04:00,21.799999237060547,22.84000015258789,19.65999984741211,20.5,1730,0.0,0.0
2020-04-27 00:00:00-04:00,23.399999618530273,23.399999618530273,21.399999618530273,22.299999237060547,370,0.0,0.0
2020-04-28 00:00:00-04:00,22.899999618530273,24.0,22.899999618530273,23.5,1130,0.0,0.0
2020-04-29 00:00:00-04:00,20.56999969482422,25.0,20.56999969482422,23.850000381469727,890,0.0,0.0
2020-04-30 00:00:00-04:00,21.0,23.5,21.0,21.600000381469727,530,0.0,0.0
2020-05-01 00:00:00-04:00,20.0,22.0,20.0,22.0,100,0.0,0.0
2020-05-04 00:00:00-04:00,22.0,22.0,22.0,22.0,0,0.0,0.0
2020-05-05 00:00:00-04:00,22.5,22.5,20.200000762939453,20.600000381469727,490,0.0,0.0
2020-05-06 00:00:00-04:00,20.200000762939453,24.5,20.200000762939453,24.5,650,0.0,0.0
2020-05-07 00:00:00-04:00,24.0,31.0,20.34000015258789,31.0,3470,0.0,0.0
2020-05-08 00:00:00-04:00,27.299999237060547,27.299999237060547,25.200000762939453,26.200000762939453,1780,0.0,0.0
2020-05-11 00:00:00-04:00,25.5,26.200000762939453,25.350000381469727,26.100000381469727,110,0.0,0.0
2020-05-12 00:00:00-04:00,24.799999237060547,25.0,24.049999237060547,24.799999237060547,150,0.0,0.0
2020-05-13 00:00:00-04:00,23.100000381469727,24.200000762939453,20.299999237060547,24.0,670,0.0,0.0
2020-05-14 00:00:00-04:00,22.170000076293945,24.0,22.170000076293945,24.0,80,0.0,0.0
2020-05-15 00:00:00-04:00,23.899999618530273,24.0,23.899999618530273,24.0,60,0.0,0.0
2020-05-18 00:00:00-04:00,25.0,25.0,23.0,23.0,280,0.0,0.0
2020-05-19 00:00:00-04:00,20.5,23.100000381469727,20.5,23.100000381469727,80,0.0,0.0
2020-05-20 00:00:00-04:00,24.700000762939453,24.700000762939453,21.510000228881836,21.510000228881836,200,0.0,0.0
2020-05-21 00:00:00-04:00,24.0,24.0,22.40999984741211,22.40999984741211,550,0.0,0.0
2020-05-22 00:00:00-04:00,22.200000762939453,22.200000762939453,22.200000762939453,22.200000762939453,30,0.0,0.0
2020-05-26 00:00:00-04:00,21.799999237060547,22.200000762939453,20.399999618530273,20.399999618530273,460,0.0,0.0
2020-05-27 00:00:00-04:00,20.399999618530273,20.399999618530273,16.399999618530273,19.0,1770,0.0,0.0
2020-05-28 00:00:00-04:00,16.899999618530273,18.700000762939453,16.399999618530273,16.5,3340,0.0,0.0
2020-05-29 00:00:00-04:00,17.5,17.899999618530273,16.399999618530273,16.450000762939453,1540,0.0,0.0
2020-06-01 00:00:00-04:00,16.25,16.399999618530273,15.600000381469727,16.0,1740,0.0,0.0
2020-06-02 00:00:00-04:00,16.0,16.0,15.109999656677246,15.199999809265137,1330,0.0,0.0
2020-06-03 00:00:00-04:00,15.0,16.5,14.600000381469727,15.199999809265137,2350,0.0,0.0
2020-06-04 00:00:00-04:00,15.0,16.0,14.609999656677246,15.0,6380,0.0,0.0
2020-06-05 00:00:00-04:00,14.800000190734863,15.100000381469727,14.100000381469727,14.199999809265137,4960,0.0,0.0
2020-06-08 00:00:00-04:00,15.0,16.200000762939453,14.5,15.449999809265137,8450,0.0,0.0
2020-06-09 00:00:00-04:00,17.0,17.5,15.699999809265137,17.100000381469727,5850,0.0,0.0
2020-06-10 00:00:00-04:00,17.100000381469727,17.5,16.299999237060547,17.0,5850,0.0,0.0
2020-06-11 00:00:00-04:00,26.700000762939453,32.20000076293945,20.299999237060547,22.600000381469727,575820,0.0,0.0
2020-06-12 00:00:00-04:00,21.799999237060547,23.889999389648438,20.600000381469727,22.600000381469727,28590,0.0,0.0
2020-06-15 00:00:00-04:00,21.799999237060547,23.399999618530273,20.200000762939453,21.899999618530273,7500,0.0,0.0
2020-06-16 00:00:00-04:00,20.0,28.0,20.0,21.100000381469727,68140,0.0,0.0
2020-06-17 00:00:00-04:00,21.0,22.100000381469727,20.0,21.5,6260,0.0,0.0
2020-06-18 00:00:00-04:00,21.200000762939453,22.200000762939453,20.0,21.299999237060547,2300,0.0,0.0
2020-06-19 00:00:00-04:00,20.600000381469727,23.0,20.600000381469727,21.899999618530273,3100,0.0,0.0
2020-06-22 00:00:00-04:00,21.600000381469727,22.100000381469727,18.0,18.399999618530273,5980,0.0,0.0
2020-06-23 00:00:00-04:00,18.100000381469727,19.0,17.899999618530273,18.700000762939453,4270,0.0,0.0
2020-06-24 00:00:00-04:00,18.700000762939453,20.399999618530273,17.5,17.799999237060547,8370,0.0,0.0
2020-06-25 00:00:00-04:00,17.600000381469727,18.530000686645508,16.709999084472656,17.799999237060547,1820,0.0,0.0
2020-06-26 00:00:00-04:00,17.799999237060547,18.600000381469727,16.5,17.149999618530273,1080,0.0,0.0
2020-06-29 00:00:00-04:00,16.899999618530273,19.100000381469727,16.5,16.899999618530273,1400,0.0,0.0
2020-06-30 00:00:00-04:00,17.0,18.3799991607666,16.700000762939453,17.799999237060547,920,0.0,0.0
2020-07-01 00:00:00-04:00,17.5,18.200000762939453,17.1299991607666,17.899999618530273,770,0.0,0.0
2020-07-02 00:00:00-04:00,18.0,18.899999618530273,16.899999618530273,17.700000762939453,1740,0.0,0.0
2020-07-06 00:00:00-04:00,20.100000381469727,20.100000381469727,16.600000381469727,18.0,1330,0.0,0.0
2020-07-07 00:00:00-04:00,17.600000381469727,20.899999618530273,17.299999237060547,20.899999618530273,10220,0.0,0.0
2020-07-08 00:00:00-04:00,22.5,24.100000381469727,20.600000381469727,21.299999237060547,10750,0.0,0.0
2020-07-09 00:00:00-04:00,20.799999237060547,21.899999618530273,17.600000381469727,19.200000762939453,11270,0.0,0.0
2020-07-10 00:00:00-04:00,21.899999618530273,25.0,19.200000762939453,20.200000762939453,55600,0.0,0.0
2020-07-13 00:00:00-04:00,21.200000762939453,22.5,19.5,21.0,8410,0.0,0.0
2020-07-14 00:00:00-04:00,21.0,21.780000686645508,20.0,20.700000762939453,2170,0.0,0.0
2020-07-15 00:00:00-04:00,20.5,20.5,19.0,19.0,3480,0.0,0.0
2020-07-16 00:00:00-04:00,19.100000381469727,26.0,19.0,23.600000381469727,39440,0.0,0.0
2020-07-17 00:00:00-04:00,26.0,29.899999618530273,23.600000381469727,27.139999389648438,74130,0.0,0.0
2020-07-20 00:00:00-04:00,28.899999618530273,28.899999618530273,25.200000762939453,26.0,20240,0.0,0.0
2020-07-21 00:00:00-04:00,27.899999618530273,27.899999618530273,24.299999237060547,25.0,10140,0.0,0.0
2020-07-22 00:00:00-04:00,27.0,27.5,24.700000762939453,25.899999618530273,18020,0.0,0.0
2020-07-23 00:00:00-04:00,28.5,34.06999969482422,27.229999542236328,31.600000381469727,44810,0.0,0.0
2020-07-24 00:00:00-04:00,28.399999618530273,30.0,26.600000381469727,28.100000381469727,16620,0.0,0.0
2020-07-27 00:00:00-04:00,28.700000762939453,28.700000762939453,23.760000228881836,24.399999618530273,13390,0.0,0.0
2020-07-28 00:00:00-04:00,23.899999618530273,25.0,22.100000381469727,24.0,6030,0.0,0.0
2020-07-29 00:00:00-04:00,23.600000381469727,25.399999618530273,21.700000762939453,22.399999618530273,11900,0.0,0.0
2020-07-30 00:00:00-04:00,22.200000762939453,24.100000381469727,20.649999618530273,22.799999237060547,8840,0.0,0.0
2020-07-31 00:00:00-04:00,22.200000762939453,23.100000381469727,21.299999237060547,22.0,1750,0.0,0.0
2020-08-03 00:00:00-04:00,28.5,48.099998474121094,25.200000762939453,31.0,1146790,0.0,0.0
2020-08-04 00:00:00-04:00,27.0,28.5,23.5,28.100000381469727,59980,0.0,0.0
2020-08-05 00:00:00-04:00,25.299999237060547,28.0,25.200000762939453,27.5,21520,0.0,0.0
2020-08-06 00:00:00-04:00,26.5,27.200000762939453,25.600000381469727,26.899999618530273,11740,0.0,0.0
2020-08-07 00:00:00-04:00,34.0,34.0,28.0,30.399999618530273,210450,0.0,0.0
2020-08-10 00:00:00-04:00,29.5,29.899999618530273,27.0,29.899999618530273,16350,0.0,0.0
2020-08-11 00:00:00-04:00,29.399999618530273,29.399999618530273,26.799999237060547,29.100000381469727,12270,0.0,0.0
2020-08-12 00:00:00-04:00,27.399999618530273,29.100000381469727,26.100000381469727,26.899999618530273,9500,0.0,0.0
2020-08-13 00:00:00-04:00,26.299999237060547,29.799999237060547,24.600000381469727,28.450000762939453,10230,0.0,0.0
2020-08-14 00:00:00-04:00,27.600000381469727,28.299999237060547,25.989999771118164,27.200000762939453,5160,0.0,0.0
2020-08-17 00:00:00-04:00,26.5,30.100000381469727,26.5,29.799999237060547,10480,0.0,0.0
2020-08-18 00:00:00-04:00,28.0,35.0,28.0,30.5,37960,0.0,0.0
2020-08-19 00:00:00-04:00,31.0,34.0,30.200000762939453,31.600000381469727,17210,0.0,0.0
2020-08-20 00:00:00-04:00,31.700000762939453,32.400001525878906,25.399999618530273,26.0,19450,0.0,0.0
2020-08-21 00:00:00-04:00,26.299999237060547,28.100000381469727,25.5,25.700000762939453,8730,0.0,0.0
2020-08-24 00:00:00-04:00,24.799999237060547,28.0,24.799999237060547,26.799999237060547,5810,0.0,0.0
2020-08-25 00:00:00-04:00,26.700000762939453,27.700000762939453,25.799999237060547,27.200000762939453,5340,0.0,0.0
2020-08-26 00:00:00-04:00,26.600000381469727,26.799999237060547,25.5,26.0,12270,0.0,0.0
2020-08-27 00:00:00-04:00,25.100000381469727,26.299999237060547,25.0,25.200000762939453,9750,0.0,0.0
2020-08-28 00:00:00-04:00,25.0,26.5,25.0,25.700000762939453,3730,0.0,0.0
2020-08-31 00:00:00-04:00,24.200000762939453,26.600000381469727,24.200000762939453,26.5,8180,0.0,0.0
2020-09-01 00:00:00-04:00,27.399999618530273,27.399999618530273,21.850000381469727,23.0,11260,0.0,0.0
2020-09-02 00:00:00-04:00,24.899999618530273,24.899999618530273,21.450000762939453,21.799999237060547,7930,0.0,0.0
2020-09-03 00:00:00-04:00,21.0,21.5,19.0,20.299999237060547,3940,0.0,0.0
2020-09-04 00:00:00-04:00,20.299999237060547,20.299999237060547,17.5,18.600000381469727,3900,0.0,0.0
2020-09-08 00:00:00-04:00,17.700000762939453,19.700000762939453,17.1200008392334,19.700000762939453,2510,0.0,0.0
2020-09-09 00:00:00-04:00,19.899999618530273,19.899999618530273,18.700000762939453,18.799999237060547,3080,0.0,0.0
2020-09-10 00:00:00-04:00,19.0,19.5,18.700000762939453,19.399999618530273,1050,0.0,0.0
2020-09-11 00:00:00-04:00,19.100000381469727,20.600000381469727,19.100000381469727,19.600000381469727,990,0.0,0.0
2020-09-14 00:00:00-04:00,19.700000762939453,19.700000762939453,18.399999618530273,18.399999618530273,2050,0.0,0.0
2020-09-15 00:00:00-04:00,19.299999237060547,20.200000762939453,18.600000381469727,18.899999618530273,2740,0.0,0.0
2020-09-16 00:00:00-04:00,17.719999313354492,19.799999237060547,17.719999313354492,18.5,930,0.0,0.0
2020-09-17 00:00:00-04:00,16.700000762939453,18.899999618530273,16.600000381469727,17.799999237060547,2270,0.0,0.0
2020-09-18 00:00:00-04:00,17.200000762939453,17.700000762939453,17.0,17.0,660,0.0,0.0
2020-09-21 00:00:00-04:00,17.100000381469727,18.399999618530273,17.0,18.299999237060547,2090,0.0,0.0
2020-09-22 00:00:00-04:00,19.299999237060547,19.799999237060547,17.399999618530273,18.100000381469727,2800,0.0,0.0
2020-09-23 00:00:00-04:00,17.600000381469727,17.799999237060547,16.5,16.8700008392334,990,0.0,0.0
2020-09-24 00:00:00-04:00,17.0,17.399999618530273,16.299999237060547,17.399999618530273,1330,0.0,0.0
2020-09-25 00:00:00-04:00,17.09000015258789,18.100000381469727,17.09000015258789,18.100000381469727,880,0.0,0.0
2020-09-28 00:00:00-04:00,23.100000381469727,64.30000305175781,23.100000381469727,40.900001525878906,2578000,0.0,0.0
2020-09-29 00:00:00-04:00,31.700000762939453,50.0,30.700000762939453,48.5,292180,0.0,0.0
2020-09-30 00:00:00-04:00,52.599998474121094,53.5,41.29999923706055,50.5,129180,0.0,0.0
2020-10-01 00:00:00-04:00,39.5,40.5,35.79999923706055,39.5,48010,0.0,0.0
2020-10-02 00:00:00-04:00,39.29999923706055,42.0,38.20000076293945,40.900001525878906,23860,0.0,0.0
2020-10-05 00:00:00-04:00,37.599998474121094,40.400001525878906,37.599998474121094,39.20000076293945,9270,0.0,0.0
2020-10-06 00:00:00-04:00,38.29999923706055,40.900001525878906,38.29999923706055,39.599998474121094,10080,0.0,0.0
2020-10-07 00:00:00-04:00,39.5,40.900001525878906,39.5,40.0,10470,0.0,0.0
2020-10-08 00:00:00-04:00,39.900001525878906,40.599998474121094,38.0,39.20000076293945,12460,0.0,0.0
2020-10-09 00:00:00-04:00,38.5,39.54999923706055,34.70000076293945,36.400001525878906,15110,0.0,0.0
2020-10-12 00:00:00-04:00,37.400001525878906,38.5,34.5,35.79999923706055,44000,0.0,0.0
2020-10-13 00:00:00-04:00,34.70000076293945,36.0,33.099998474121094,33.900001525878906,20270,0.0,0.0
2020-10-14 00:00:00-04:00,33.20000076293945,34.529998779296875,32.79999923706055,33.5,4070,0.0,0.0
2020-10-15 00:00:00-04:00,32.599998474121094,34.0,32.599998474121094,34.0,1670,0.0,0.0
2020-10-16 00:00:00-04:00,33.599998474121094,35.79999923706055,33.349998474121094,34.79999923706055,8170,0.0,0.0
2020-10-19 00:00:00-04:00,36.0,36.79999923706055,34.04999923706055,34.599998474121094,2360,0.0,0.0
2020-10-20 00:00:00-04:00,33.70000076293945,36.20000076293945,33.0,33.20000076293945,21170,0.0,0.0
2020-10-21 00:00:00-04:00,33.0,35.599998474121094,31.700000762939453,32.20000076293945,31670,0.0,0.0
2020-10-22 00:00:00-04:00,32.0,34.0,31.100000381469727,32.0,6190,0.0,0.0
2020-10-23 00:00:00-04:00,31.5,32.70000076293945,31.5,32.0,1870,0.0,0.0
2020-10-26 00:00:00-04:00,31.200000762939453,31.75,29.200000762939453,30.200000762939453,2900,0.0,0.0
2020-10-27 00:00:00-04:00,30.100000381469727,30.399999618530273,29.399999618530273,30.200000762939453,970,0.0,0.0
2020-10-28 00:00:00-04:00,29.399999618530273,30.5,28.5,28.700000762939453,1880,0.0,0.0
2020-10-29 00:00:00-04:00,29.200000762939453,30.100000381469727,27.700000762939453,27.700000762939453,2210,0.0,0.0
2020-10-30 00:00:00-04:00,27.600000381469727,28.200000762939453,26.200000762939453,26.700000762939453,1590,0.0,0.0
2020-11-02 00:00:00-05:00,26.799999237060547,26.799999237060547,25.600000381469727,26.5,570,0.0,0.0
2020-11-03 00:00:00-05:00,30.299999237060547,30.299999237060547,20.600000381469727,22.0,654790,0.0,0.0
2020-11-04 00:00:00-05:00,22.200000762939453,22.299999237060547,20.100000381469727,20.469999313354492,41910,0.0,0.0
2020-11-05 00:00:00-05:00,19.5,20.81999969482422,19.5,20.399999618530273,27850,0.0,0.0
2020-11-06 00:00:00-05:00,20.200000762939453,23.5,19.700000762939453,22.899999618530273,165770,0.0,0.0
2020-11-09 00:00:00-05:00,21.700000762939453,22.600000381469727,20.100000381469727,20.799999237060547,39380,0.0,0.0
2020-11-10 00:00:00-05:00,21.100000381469727,21.5,19.799999237060547,20.399999618530273,34000,0.0,0.0
2020-11-11 00:00:00-05:00,20.5,20.899999618530273,20.200000762939453,20.700000762939453,19610,0.0,0.0
2020-11-12 00:00:00-05:00,21.0,22.5,20.600000381469727,22.399999618530273,77100,0.0,0.0
2020-11-13 00:00:00-05:00,22.5,22.5,21.5,22.200000762939453,23020,0.0,0.0
2020-11-16 00:00:00-05:00,22.0,22.200000762939453,21.0,21.299999237060547,20560,0.0,0.0
2020-11-17 00:00:00-05:00,20.399999618530273,21.799999237060547,20.399999618530273,21.100000381469727,44330,0.0,0.0
2020-11-18 00:00:00-05:00,21.700000762939453,24.0,21.5,22.899999618530273,76400,0.0,0.0
2020-11-19 00:00:00-05:00,24.0,24.899999618530273,21.100000381469727,22.200000762939453,98410,0.0,0.0
2020-11-20 00:00:00-05:00,21.600000381469727,22.600000381469727,21.399999618530273,22.299999237060547,17710,0.0,0.0
2020-11-23 00:00:00-05:00,22.799999237060547,23.700000762939453,21.299999237060547,22.5,20820,0.0,0.0
2020-11-24 00:00:00-05:00,22.5,23.399999618530273,22.0,22.399999618530273,22170,0.0,0.0
2020-11-25 00:00:00-05:00,24.700000762939453,28.0,24.0,25.600000381469727,145230,0.0,0.0
2020-11-27 00:00:00-05:00,25.299999237060547,25.299999237060547,23.600000381469727,24.700000762939453,23270,0.0,0.0
2020-11-30 00:00:00-05:00,25.799999237060547,25.799999237060547,23.059999465942383,24.899999618530273,33280,0.0,0.0
2020-12-01 00:00:00-05:00,24.700000762939453,24.889999389648438,22.5,23.299999237060547,30120,0.0,0.0
2020-12-02 00:00:00-05:00,23.5,23.899999618530273,22.299999237060547,23.899999618530273,10410,0.0,0.0
2020-12-03 00:00:00-05:00,22.100000381469727,27.700000762939453,22.100000381469727,26.799999237060547,64010,0.0,0.0
2020-12-04 00:00:00-05:00,26.899999618530273,27.600000381469727,25.200000762939453,26.100000381469727,32760,0.0,0.0
2020-12-07 00:00:00-05:00,25.299999237060547,25.299999237060547,23.399999618530273,24.200000762939453,25770,0.0,0.0
2020-12-08 00:00:00-05:00,23.899999618530273,24.399999618530273,23.0,23.299999237060547,17100,0.0,0.0
2020-12-09 00:00:00-05:00,23.899999618530273,24.299999237060547,22.5,23.100000381469727,11110,0.0,0.0
2020-12-10 00:00:00-05:00,23.700000762939453,24.5,22.700000762939453,24.5,8620,0.0,0.0
2020-12-11 00:00:00-05:00,24.200000762939453,24.299999237060547,22.700000762939453,23.5,5440,0.0,0.0
2020-12-14 00:00:00-05:00,23.399999618530273,23.450000762939453,22.5,22.899999618530273,9220,0.0,0.0
2020-12-15 00:00:00-05:00,24.299999237060547,24.299999237060547,22.700000762939453,23.0,18400,0.0,0.0
2020-12-16 00:00:00-05:00,25.299999237060547,25.299999237060547,22.5,23.399999618530273,10740,0.0,0.0
2020-12-17 00:00:00-05:00,23.200000762939453,23.299999237060547,22.0,22.799999237060547,16220,0.0,0.0
2020-12-18 00:00:00-05:00,22.399999618530273,22.530000686645508,20.5,21.700000762939453,19500,0.0,0.0
2020-12-21 00:00:00-05:00,20.700000762939453,21.600000381469727,20.299999237060547,21.399999618530273,8000,0.0,0.0
2020-12-22 00:00:00-05:00,21.299999237060547,21.610000610351562,20.600000381469727,20.700000762939453,12930,0.0,0.0
2020-12-23 00:00:00-05:00,21.100000381469727,21.299999237060547,19.5,20.299999237060547,21460,0.0,0.0
2020-12-24 00:00:00-05:00,20.299999237060547,21.0,19.799999237060547,20.489999771118164,11450,0.0,0.0
2020-12-28 00:00:00-05:00,20.899999618530273,23.5,20.700000762939453,22.100000381469727,48790,0.0,0.0
2020-12-29 00:00:00-05:00,23.600000381469727,24.200000762939453,20.799999237060547,21.299999237060547,93100,0.0,0.0
2020-12-30 00:00:00-05:00,21.200000762939453,22.5,20.5,21.100000381469727,56490,0.0,0.0
2020-12-31 00:00:00-05:00,21.100000381469727,22.799999237060547,20.5,21.700000762939453,40790,0.0,0.0
2021-01-04 00:00:00-05:00,21.100000381469727,21.600000381469727,20.799999237060547,20.899999618530273,16100,0.0,0.0
2021-01-05 00:00:00-05:00,21.899999618530273,23.0,21.0,21.700000762939453,26490,0.0,0.0
2021-01-06 00:00:00-05:00,21.700000762939453,23.100000381469727,21.600000381469727,21.799999237060547,31440,0.0,0.0
2021-01-07 00:00:00-05:00,22.200000762939453,24.100000381469727,22.0,23.600000381469727,40880,0.0,0.0
2021-01-08 00:00:00-05:00,24.5,25.899999618530273,23.700000762939453,25.0,73760,0.0,0.0
2021-01-11 00:00:00-05:00,24.200000762939453,25.979999542236328,23.799999237060547,24.399999618530273,26180,0.0,0.0
2021-01-12 00:00:00-05:00,24.5,25.100000381469727,23.799999237060547,25.0,30380,0.0,0.0
2021-01-13 00:00:00-05:00,25.0,27.200000762939453,24.100000381469727,24.5,55740,0.0,0.0
2021-01-14 00:00:00-05:00,24.5,25.899999618530273,24.299999237060547,25.0,27840,0.0,0.0
2021-01-15 00:00:00-05:00,25.799999237060547,25.799999237060547,23.700000762939453,24.100000381469727,19990,0.0,0.0
2021-01-19 00:00:00-05:00,24.799999237060547,28.350000381469727,24.200000762939453,27.399999618530273,73660,0.0,0.0
2021-01-20 00:00:00-05:00,27.100000381469727,27.639999389648438,24.899999618530273,25.229999542236328,64860,0.0,0.0
2021-01-21 00:00:00-05:00,25.200000762939453,26.200000762939453,24.5,25.5,14030,0.0,0.0
2021-01-22 00:00:00-05:00,24.5,26.700000762939453,24.5,25.25,18350,0.0,0.0
2021-01-25 00:00:00-05:00,26.799999237060547,26.799999237060547,23.799999237060547,25.200000762939453,13690,0.0,0.0
2021-01-26 00:00:00-05:00,25.0,25.979999542236328,24.299999237060547,25.299999237060547,5380,0.0,0.0
2021-01-27 00:00:00-05:00,24.0,25.100000381469727,22.860000610351562,23.200000762939453,16470,0.0,0.0
2021-01-28 00:00:00-05:00,23.0,24.6299991607666,23.0,23.299999237060547,22670,0.0,0.0
2021-01-29 00:00:00-05:00,23.200000762939453,29.5,23.200000762939453,24.700000762939453,245080,0.0,0.0
2021-02-01 00:00:00-05:00,25.100000381469727,26.600000381469727,24.600000381469727,26.0,30470,0.0,0.0
2021-02-02 00:00:00-05:00,26.299999237060547,26.299999237060547,24.899999618530273,25.399999618530273,13590,0.0,0.0
2021-02-03 00:00:00-05:00,26.399999618530273,27.899999618530273,25.299999237060547,26.899999618530273,25750,0.0,0.0
2021-02-04 00:00:00-05:00,27.399999618530273,47.29999923706055,27.299999237060547,36.5,1246170,0.0,0.0
2021-02-05 00:00:00-05:00,40.79999923706055,56.79999923706055,29.0,30.299999237060547,1488190,0.0,0.0
2021-02-08 00:00:00-05:00,36.0,36.0,30.100000381469727,31.5,104130,0.0,0.0
2021-02-09 00:00:00-05:00,30.299999237060547,31.639999389648438,28.799999237060547,30.649999618530273,96490,0.0,0.0
2021-02-10 00:00:00-05:00,32.5,32.70000076293945,29.0,30.5,49200,0.0,0.0
2021-02-11 00:00:00-05:00,30.100000381469727,32.5,29.690000534057617,30.200000762939453,55660,0.0,0.0
2021-02-12 00:00:00-05:00,35.0,37.900001525878906,30.600000381469727,32.29999923706055,389530,0.0,0.0
2021-02-16 00:00:00-05:00,29.899999618530273,33.5,29.899999618530273,32.5,44750,0.0,0.0
2021-02-17 00:00:00-05:00,31.200000762939453,33.0,30.200000762939453,32.099998474121094,66600,0.0,0.0
2021-02-18 00:00:00-05:00,30.799999237060547,31.5,29.200000762939453,29.799999237060547,88290,0.0,0.0
2021-02-19 00:00:00-05:00,30.0,31.399999618530273,28.399999618530273,30.700000762939453,63660,0.0,0.0
2021-02-22 00:00:00-05:00,30.399999618530273,33.5,29.600000381469727,30.5,122020,0.0,0.0
2021-02-23 00:00:00-05:00,30.0,30.0,25.700000762939453,25.799999237060547,55980,0.0,0.0
2021-02-24 00:00:00-05:00,26.5,27.700000762939453,25.200000762939453,27.299999237060547,41490,0.0,0.0
2021-02-25 00:00:00-05:00,27.799999237060547,27.899999618530273,24.649999618530273,24.700000762939453,33860,0.0,0.0
2021-02-26 00:00:00-05:00,25.100000381469727,25.299999237060547,23.299999237060547,24.100000381469727,44500,0.0,0.0
2021-03-01 00:00:00-05:00,24.399999618530273,26.5,24.0,24.399999618530273,34460,0.0,0.0
2021-03-02 00:00:00-05:00,24.600000381469727,24.799999237060547,23.5,23.5,29210,0.0,0.0
2021-03-03 00:00:00-05:00,23.5,24.469999313354492,22.200000762939453,22.5,20860,0.0,0.0
2021-03-04 00:00:00-05:00,22.5,23.200000762939453,22.0,22.0,24050,0.0,0.0
2021-03-05 00:00:00-05:00,22.700000762939453,22.860000610351562,21.0,22.5,24420,0.0,0.0
2021-03-08 00:00:00-05:00,22.299999237060547,23.799999237060547,21.799999237060547,22.0,13760,0.0,0.0
2021-03-09 00:00:00-05:00,22.5,24.0,22.0,23.399999618530273,26030,0.0,0.0
2021-03-10 00:00:00-05:00,23.200000762939453,23.799999237060547,22.0,22.5,23290,0.0,0.0
2021-03-11 00:00:00-05:00,23.100000381469727,25.0,23.0,25.0,20430,0.0,0.0
2021-03-12 00:00:00-05:00,24.700000762939453,26.799999237060547,24.399999618530273,25.100000381469727,28810,0.0,0.0
2021-03-15 00:00:00-04:00,24.600000381469727,27.06999969482422,24.5,26.200000762939453,61230,0.0,0.0
2021-03-16 00:00:00-04:00,26.600000381469727,27.0,24.899999618530273,25.0,19880,0.0,0.0
2021-03-17 00:00:00-04:00,24.399999618530273,25.200000762939453,23.0,25.100000381469727,13850,0.0,0.0
2021-03-18 00:00:00-04:00,24.899999618530273,26.899999618530273,24.0,24.100000381469727,38680,0.0,0.0
2021-03-19 00:00:00-04:00,24.399999618530273,26.200000762939453,24.18000030517578,25.959999084472656,57250,0.0,0.0
2021-03-22 00:00:00-04:00,26.299999237060547,27.799999237060547,26.0,26.0,44150,0.0,0.0
2021-03-23 00:00:00-04:00,26.100000381469727,26.389999389648438,23.600000381469727,23.700000762939453,20960,0.0,0.0
2021-03-24 00:00:00-04:00,23.799999237060547,25.209999084472656,22.200000762939453,22.600000381469727,24390,0.0,0.0
2021-03-25 00:00:00-04:00,22.600000381469727,24.299999237060547,22.200000762939453,23.899999618530273,9390,0.0,0.0
2021-03-26 00:00:00-04:00,24.5,30.399999618530273,22.399999618530273,24.299999237060547,640880,0.0,0.0
2021-03-29 00:00:00-04:00,23.100000381469727,26.0,22.200000762939453,23.200000762939453,78220,0.0,0.0
2021-03-30 00:00:00-04:00,22.799999237060547,23.399999618530273,20.5,21.5,61230,0.0,0.0
2021-03-31 00:00:00-04:00,21.100000381469727,24.0,21.100000381469727,21.899999618530273,155880,0.0,0.0
2021-04-01 00:00:00-04:00,21.100000381469727,22.299999237060547,21.100000381469727,22.299999237060547,22940,0.0,0.0
2021-04-05 00:00:00-04:00,21.799999237060547,25.0,21.700000762939453,23.700000762939453,123120,0.0,0.0
2021-04-06 00:00:00-04:00,22.399999618530273,25.5,22.290000915527344,23.200000762939453,46380,0.0,0.0
2021-04-07 00:00:00-04:00,23.0,24.0,22.0,22.100000381469727,19700,0.0,0.0
2021-04-08 00:00:00-04:00,22.700000762939453,24.0,21.100000381469727,21.799999237060547,151340,0.0,0.0
2021-04-09 00:00:00-04:00,21.5,21.899999618530273,20.100000381469727,20.200000762939453,35530,0.0,0.0
2021-04-12 00:00:00-04:00,20.299999237060547,20.600000381469727,18.899999618530273,19.399999618530273,35040,0.0,0.0
2021-04-13 00:00:00-04:00,19.799999237060547,20.0,18.100000381469727,18.200000762939453,27300,0.0,0.0
2021-04-14 00:00:00-04:00,18.100000381469727,19.0,18.100000381469727,18.799999237060547,15600,0.0,0.0
2021-04-15 00:00:00-04:00,18.600000381469727,20.899999618530273,17.700000762939453,18.200000762939453,112220,0.0,0.0
2021-04-16 00:00:00-04:00,18.0,18.540000915527344,16.799999237060547,18.399999618530273,16110,0.0,0.0
2021-04-19 00:00:00-04:00,25.200000762939453,31.899999618530273,23.399999618530273,24.5,17898530,0.0,0.0
2021-04-20 00:00:00-04:00,24.5,26.200000762939453,22.0,25.600000381469727,603390,0.0,0.0
2021-04-21 00:00:00-04:00,24.799999237060547,25.799999237060547,23.100000381469727,23.700000762939453,129240,0.0,0.0
2021-04-22 00:00:00-04:00,24.0,25.600000381469727,23.200000762939453,23.899999618530273,176070,0.0,0.0
2021-04-23 00:00:00-04:00,23.200000762939453,23.5,21.200000762939453,21.5,106240,0.0,0.0
2021-04-26 00:00:00-04:00,21.100000381469727,22.299999237060547,20.5,21.5,103410,0.0,0.0
2021-04-27 00:00:00-04:00,21.200000762939453,22.399999618530273,20.799999237060547,21.799999237060547,75820,0.0,0.0
2021-04-28 00:00:00-04:00,21.100000381469727,21.799999237060547,20.700000762939453,20.899999618530273,42340,0.0,0.0
2021-04-29 00:00:00-04:00,21.200000762939453,22.399999618530273,20.5,21.100000381469727,79220,0.0,0.0
2021-04-30 00:00:00-04:00,21.200000762939453,21.899999618530273,20.5,20.899999618530273,77830,0.0,0.0
2021-05-03 00:00:00-04:00,20.899999618530273,23.799999237060547,20.899999618530273,23.5,65660,0.0,0.0
2021-05-04 00:00:00-04:00,22.600000381469727,24.799999237060547,21.299999237060547,24.0,45640,0.0,0.0
2021-05-05 00:00:00-04:00,22.399999618530273,31.299999237060547,22.399999618530273,25.799999237060547,267700,0.0,0.0
2021-05-06 00:00:00-04:00,23.899999618530273,25.399999618530273,23.0,23.600000381469727,29800,0.0,0.0
2021-05-07 00:00:00-04:00,23.200000762939453,28.299999237060547,23.200000762939453,24.200000762939453,112150,0.0,0.0
2021-05-10 00:00:00-04:00,24.200000762939453,24.899999618530273,23.100000381469727,24.700000762939453,19880,0.0,0.0
2021-05-11 00:00:00-04:00,23.799999237060547,25.299999237060547,23.5,24.399999618530273,23260,0.0,0.0
2021-05-12 00:00:00-04:00,24.0,25.5,24.0,24.200000762939453,20280,0.0,0.0
2021-05-13 00:00:00-04:00,25.399999618530273,25.399999618530273,23.200000762939453,23.799999237060547,11760,0.0,0.0
2021-05-14 00:00:00-04:00,23.299999237060547,23.799999237060547,22.5,22.899999618530273,28230,0.0,0.0
2021-05-17 00:00:00-04:00,22.5,23.5,22.100000381469727,22.700000762939453,20060,0.0,0.0
2021-05-18 00:00:00-04:00,23.100000381469727,23.899999618530273,21.5,23.0,19900,0.0,0.0
2021-05-19 00:00:00-04:00,22.299999237060547,22.299999237060547,21.200000762939453,21.299999237060547,23170,0.0,0.0
2021-05-20 00:00:00-04:00,21.200000762939453,23.100000381469727,21.100000381469727,22.0,21590,0.0,0.0
2021-05-21 00:00:00-04:00,22.100000381469727,24.5,22.0,22.799999237060547,30050,0.0,0.0
2021-05-24 00:00:00-04:00,22.700000762939453,23.0,22.0,22.299999237060547,4850,0.0,0.0
2021-05-25 00:00:00-04:00,22.100000381469727,23.5,22.100000381469727,22.899999618530273,15400,0.0,0.0
2021-05-26 00:00:00-04:00,23.450000762939453,23.450000762939453,22.5,23.100000381469727,12600,0.0,0.0
2021-05-27 00:00:00-04:00,23.899999618530273,26.899999618530273,22.0,22.5,77910,0.0,0.0
2021-05-28 00:00:00-04:00,22.600000381469727,23.5,22.200000762939453,23.100000381469727,15290,0.0,0.0
2021-06-01 00:00:00-04:00,22.600000381469727,23.299999237060547,22.200000762939453,22.700000762939453,11710,0.0,0.0
2021-06-02 00:00:00-04:00,22.920000076293945,24.0,22.0,22.700000762939453,55600,0.0,0.0
2021-06-03 00:00:00-04:00,22.700000762939453,22.700000762939453,21.5,21.799999237060547,32560,0.0,0.0
2021-06-04 00:00:00-04:00,22.100000381469727,22.100000381469727,21.5,21.899999618530273,14560,0.0,0.0
2021-06-07 00:00:00-04:00,24.100000381469727,24.799999237060547,22.200000762939453,24.0,213770,0.0,0.0
2021-06-08 00:00:00-04:00,23.299999237060547,24.0,22.600000381469727,23.299999237060547,73810,0.0,0.0
2021-06-09 00:00:00-04:00,24.0,24.0,22.299999237060547,23.399999618530273,33860,0.0,0.0
2021-06-10 00:00:00-04:00,23.600000381469727,24.399999618530273,22.700000762939453,22.799999237060547,43800,0.0,0.0
2021-06-11 00:00:00-04:00,23.0,24.200000762939453,23.0,23.700000762939453,13830,0.0,0.0
2021-06-14 00:00:00-04:00,23.399999618530273,25.899999618530273,23.399999618530273,24.200000762939453,83040,0.0,0.0
2021-06-15 00:00:00-04:00,24.299999237060547,24.299999237060547,23.200000762939453,23.5,10910,0.0,0.0
2021-06-16 00:00:00-04:00,23.200000762939453,23.5,22.700000762939453,22.799999237060547,15180,0.0,0.0
2021-06-17 00:00:00-04:00,22.700000762939453,23.299999237060547,22.700000762939453,22.899999618530273,6080,0.0,0.0
2021-06-18 00:00:00-04:00,22.700000762939453,23.799999237060547,22.700000762939453,23.100000381469727,14950,0.0,0.0
2021-06-21 00:00:00-04:00,23.200000762939453,23.399999618530273,22.799999237060547,22.799999237060547,10030,0.0,0.0
2021-06-22 00:00:00-04:00,23.0,23.100000381469727,22.5,22.700000762939453,5070,0.0,0.0
2021-06-23 00:00:00-04:00,22.799999237060547,23.200000762939453,22.799999237060547,22.899999618530273,7100,0.0,0.0
2021-06-24 00:00:00-04:00,22.700000762939453,23.700000762939453,22.700000762939453,23.299999237060547,16520,0.0,0.0
2021-06-25 00:00:00-04:00,23.399999618530273,23.899999618530273,23.299999237060547,23.299999237060547,9990,0.0,0.0
2021-06-28 00:00:00-04:00,23.100000381469727,23.899999618530273,23.100000381469727,23.600000381469727,11720,0.0,0.0
2021-06-29 00:00:00-04:00,23.600000381469727,24.700000762939453,23.0,23.200000762939453,38250,0.0,0.0
2021-06-30 00:00:00-04:00,23.5,24.200000762939453,23.100000381469727,24.049999237060547,17800,0.0,0.0
2021-07-01 00:00:00-04:00,24.0,24.3700008392334,23.299999237060547,23.5,9930,0.0,0.0
2021-07-02 00:00:00-04:00,23.700000762939453,25.299999237060547,23.299999237060547,24.799999237060547,22290,0.0,0.0
2021-07-06 00:00:00-04:00,24.299999237060547,24.700000762939453,23.299999237060547,23.899999618530273,11410,0.0,0.0
2021-07-07 00:00:00-04:00,23.600000381469727,26.700000762939453,23.600000381469727,25.450000762939453,82760,0.0,0.0
2021-07-08 00:00:00-04:00,24.5,26.0,24.5,24.700000762939453,32020,0.0,0.0
2021-07-09 00:00:00-04:00,25.100000381469727,26.299999237060547,24.0,25.799999237060547,30920,0.0,0.0
2021-07-12 00:00:00-04:00,25.200000762939453,27.5,25.0,26.799999237060547,41610,0.0,0.0
2021-07-13 00:00:00-04:00,26.899999618530273,27.030000686645508,25.200000762939453,25.5,13630,0.0,0.0
2021-07-14 00:00:00-04:00,26.0,27.200000762939453,24.100000381469727,24.700000762939453,57200,0.0,0.0
2021-07-15 00:00:00-04:00,24.200000762939453,25.5,24.100000381469727,24.700000762939453,18680,0.0,0.0
2021-07-16 00:00:00-04:00,24.399999618530273,25.5,24.299999237060547,24.600000381469727,34420,0.0,0.0
2021-07-19 00:00:00-04:00,23.600000381469727,24.100000381469727,21.600000381469727,21.899999618530273,35360,0.0,0.0
2021-07-20 00:00:00-04:00,21.399999618530273,22.299999237060547,21.299999237060547,21.399999618530273,16180,0.0,0.0
2021-07-21 00:00:00-04:00,21.399999618530273,22.5,21.270000457763672,21.700000762939453,11520,0.0,0.0
2021-07-22 00:00:00-04:00,21.899999618530273,22.729999542236328,21.0,21.0,8450,0.0,0.0
2021-07-23 00:00:00-04:00,18.0,19.0,16.700000762939453,17.399999618530273,46170,0.0,0.0
2021-07-26 00:00:00-04:00,16.5,17.299999237060547,16.200000762939453,16.700000762939453,22590,0.0,0.0
2021-07-27 00:00:00-04:00,16.5,17.600000381469727,15.199999809265137,15.600000381469727,22990,0.0,0.0
2021-07-28 00:00:00-04:00,15.869999885559082,17.399999618530273,15.699999809265137,16.09000015258789,7110,0.0,0.0
2021-07-29 00:00:00-04:00,16.0,17.299999237060547,16.0,17.100000381469727,11050,0.0,0.0
2021-07-30 00:00:00-04:00,17.100000381469727,17.5,16.700000762939453,17.299999237060547,3040,0.0,0.0
2021-08-02 00:00:00-04:00,17.399999618530273,17.399999618530273,16.799999237060547,16.799999237060547,4830,0.0,0.0
2021-08-03 00:00:00-04:00,16.899999618530273,16.899999618530273,16.399999618530273,16.399999618530273,4440,0.0,0.0
2021-08-04 00:00:00-04:00,16.0,17.299999237060547,16.0,16.799999237060547,8930,0.0,0.0
2021-08-05 00:00:00-04:00,16.799999237060547,16.799999237060547,16.5,16.639999389648438,2820,0.0,0.0
2021-08-06 00:00:00-04:00,16.600000381469727,16.600000381469727,16.100000381469727,16.200000762939453,2050,0.0,0.0
2021-08-09 00:00:00-04:00,17.0,17.299999237060547,16.200000762939453,17.299999237060547,25550,0.0,0.0
2021-08-10 00:00:00-04:00,16.639999389648438,18.100000381469727,16.600000381469727,17.399999618530273,38400,0.0,0.0
2021-08-11 00:00:00-04:00,18.200000762939453,18.200000762939453,16.0,16.299999237060547,9200,0.0,0.0
2021-08-12 00:00:00-04:00,17.100000381469727,17.100000381469727,16.100000381469727,16.399999618530273,1980,0.0,0.0
2021-08-13 00:00:00-04:00,16.200000762939453,16.600000381469727,15.5,15.699999809265137,6140,0.0,0.0
2021-08-16 00:00:00-04:00,15.399999618530273,15.680000305175781,14.199999809265137,14.199999809265137,5910,0.0,0.0
2021-08-17 00:00:00-04:00,14.0,15.699999809265137,13.600000381469727,13.899999618530273,2650,0.0,0.0
2021-08-18 00:00:00-04:00,13.699999809265137,14.300000190734863,13.100000381469727,13.600000381469727,6640,0.0,0.0
2021-08-19 00:00:00-04:00,13.300000190734863,14.699999809265137,13.300000190734863,14.300000190734863,6740,0.0,0.0
2021-08-20 00:00:00-04:00,15.300000190734863,15.300000190734863,13.5,13.699999809265137,3240,0.0,0.0
2021-08-23 00:00:00-04:00,14.300000190734863,14.300000190734863,13.600000381469727,14.0,2600,0.0,0.0
2021-08-24 00:00:00-04:00,13.899999618530273,15.5,13.899999618530273,15.0,24390,0.0,0.0
2021-08-25 00:00:00-04:00,15.300000190734863,15.600000381469727,14.449999809265137,15.050000190734863,53750,0.0,0.0
2021-08-26 00:00:00-04:00,15.199999809265137,15.5,14.350000381469727,14.800000190734863,71190,0.0,0.0
2021-08-27 00:00:00-04:00,14.800000190734863,16.0,14.800000190734863,15.699999809265137,50930,0.0,0.0
2021-08-30 00:00:00-04:00,15.199999809265137,15.800000190734863,14.699999809265137,15.550000190734863,15570,0.0,0.0
2021-08-31 00:00:00-04:00,15.800000190734863,15.800000190734863,15.100000381469727,15.699999809265137,11360,0.0,0.0
2021-09-01 00:00:00-04:00,15.300000190734863,16.399999618530273,15.199999809265137,15.899999618530273,40810,0.0,0.0
2021-09-02 00:00:00-04:00,15.800000190734863,15.800000190734863,15.199999809265137,15.399999618530273,1900,0.0,0.0
2021-09-03 00:00:00-04:00,15.399999618530273,15.5,14.699999809265137,15.0,3760,0.0,0.0
2021-09-07 00:00:00-04:00,15.100000381469727,15.300000190734863,13.899999618530273,15.100000381469727,5510,0.0,0.0
2021-09-08 00:00:00-04:00,15.0,15.0,13.899999618530273,14.0,6020,0.0,0.0
2021-09-09 00:00:00-04:00,14.600000381469727,15.0,13.600000381469727,14.199999809265137,6630,0.0,0.0
2021-09-10 00:00:00-04:00,14.0,16.399999618530273,13.899999618530273,15.399999618530273,30980,0.0,0.0
2021-09-13 00:00:00-04:00,16.799999237060547,17.0,15.600000381469727,15.699999809265137,15900,0.0,0.0
2021-09-14 00:00:00-04:00,15.600000381469727,16.600000381469727,15.5,16.200000762939453,14110,0.0,0.0
2021-09-15 00:00:00-04:00,16.200000762939453,16.399999618530273,15.199999809265137,15.600000381469727,6590,0.0,0.0
2021-09-16 00:00:00-04:00,15.199999809265137,16.399999618530273,14.5,16.299999237060547,12290,0.0,0.0
2021-09-17 00:00:00-04:00,16.0,16.399999618530273,15.600000381469727,15.899999618530273,7550,0.0,0.0
2021-09-20 00:00:00-04:00,15.800000190734863,15.800000190734863,14.699999809265137,15.25,11830,0.0,0.0
2021-09-21 00:00:00-04:00,15.199999809265137,15.239999771118164,14.399999618530273,15.199999809265137,6540,0.0,0.0
2021-09-22 00:00:00-04:00,15.050000190734863,15.550000190734863,14.5,15.100000381469727,13220,0.0,0.0
2021-09-23 00:00:00-04:00,15.100000381469727,15.600000381469727,14.300000190734863,14.899999618530273,5450,0.0,0.0
2021-09-24 00:00:00-04:00,14.100000381469727,15.300000190734863,14.100000381469727,15.199999809265137,3610,0.0,0.0
2021-09-27 00:00:00-04:00,14.800000190734863,16.0,14.800000190734863,15.300000190734863,8590,0.0,0.0
2021-09-28 00:00:00-04:00,15.600000381469727,15.800000190734863,14.800000190734863,15.300000190734863,2540,0.0,0.0
2021-09-29 00:00:00-04:00,15.0,15.199999809265137,14.300000190734863,14.399999618530273,5870,0.0,0.0
2021-09-30 00:00:00-04:00,14.199999809265137,15.470000267028809,14.199999809265137,14.699999809265137,3720,0.0,0.0
2021-10-01 00:00:00-04:00,14.399999618530273,15.0,14.199999809265137,14.199999809265137,2560,0.0,0.0
2021-10-04 00:00:00-04:00,13.899999618530273,14.399999618530273,13.600000381469727,13.899999618530273,9250,0.0,0.0
2021-10-05 00:00:00-04:00,13.600000381469727,14.0,13.600000381469727,13.699999809265137,3700,0.0,0.0
2021-10-06 00:00:00-04:00,13.600000381469727,14.0,13.600000381469727,13.899999618530273,1960,0.0,0.0
2021-10-07 00:00:00-04:00,13.699999809265137,14.0,13.600000381469727,13.899999618530273,2400,0.0,0.0
2021-10-08 00:00:00-04:00,13.800000190734863,13.800000190734863,13.5,13.5600004196167,4560,0.0,0.0
2021-10-11 00:00:00-04:00,13.100000381469727,13.899999618530273,13.100000381469727,13.399999618530273,11420,0.0,0.0
2021-10-12 00:00:00-04:00,14.0,14.5,12.300000190734863,13.300000190734863,10370,0.0,0.0
2021-10-13 00:00:00-04:00,13.600000381469727,14.399999618530273,13.300000190734863,14.199999809265137,2600,0.0,0.0
2021-10-14 00:00:00-04:00,14.100000381469727,14.199999809265137,13.399999618530273,13.800000190734863,1350,0.0,0.0
2021-10-15 00:00:00-04:00,14.0,14.800000190734863,13.399999618530273,14.5,10760,0.0,0.0
2021-10-18 00:00:00-04:00,14.399999618530273,14.449999809265137,14.0,14.300000190734863,2050,0.0,0.0
2021-10-19 00:00:00-04:00,14.699999809265137,14.699999809265137,14.0,14.399999618530273,18700,0.0,0.0
2021-10-20 00:00:00-04:00,14.399999618530273,15.399999618530273,14.25,14.800000190734863,18330,0.0,0.0
2021-10-21 00:00:00-04:00,14.630000114440918,15.699999809265137,14.100000381469727,15.0,47480,0.0,0.0
2021-10-22 00:00:00-04:00,14.899999618530273,15.300000190734863,14.100000381469727,14.300000190734863,8850,0.0,0.0
2021-10-25 00:00:00-04:00,14.0,15.699999809265137,13.100000381469727,15.199999809265137,80410,0.0,0.0
2021-10-26 00:00:00-04:00,15.199999809265137,15.199999809265137,13.699999809265137,14.0,18540,0.0,0.0
2021-10-27 00:00:00-04:00,14.0,14.899999618530273,13.899999618530273,13.90999984741211,18770,0.0,0.0
2021-10-28 00:00:00-04:00,14.199999809265137,14.199999809265137,13.609999656677246,14.0,14130,0.0,0.0
2021-10-29 00:00:00-04:00,13.899999618530273,13.970000267028809,12.600000381469727,13.100000381469727,20810,0.0,0.0
2021-11-01 00:00:00-04:00,13.0,13.880000114440918,12.699999809265137,13.0,6780,0.0,0.0
2021-11-02 00:00:00-04:00,13.199999809265137,13.399999618530273,12.710000038146973,13.0,21820,0.0,0.0
2021-11-03 00:00:00-04:00,13.100000381469727,13.699999809265137,12.899999618530273,13.399999618530273,11490,0.0,0.0
2021-11-04 00:00:00-04:00,13.100000381469727,13.399999618530273,12.699999809265137,13.100000381469727,12370,0.0,0.0
2021-11-05 00:00:00-04:00,13.09000015258789,13.399999618530273,12.34000015258789,12.800000190734863,38740,0.0,0.0
2021-11-08 00:00:00-05:00,13.100000381469727,13.399999618530273,12.800000190734863,12.899999618530273,22270,0.0,0.0
2021-11-09 00:00:00-05:00,12.899999618530273,13.5,12.800000190734863,13.300000190734863,67660,0.0,0.0
2021-11-10 00:00:00-05:00,13.100000381469727,13.300000190734863,12.199999809265137,12.699999809265137,48680,0.0,0.0
2021-11-11 00:00:00-05:00,13.100000381469727,13.100000381469727,12.199999809265137,12.699999809265137,26720,0.0,0.0
2021-11-12 00:00:00-05:00,12.300000190734863,12.899999618530273,12.300000190734863,12.600000381469727,1940,0.0,0.0
2021-11-15 00:00:00-05:00,12.800000190734863,13.050000190734863,12.220000267028809,12.699999809265137,9930,0.0,0.0
2021-11-16 00:00:00-05:00,12.5,13.100000381469727,12.399999618530273,12.5,11170,0.0,0.0
2021-11-17 00:00:00-05:00,12.5,13.399999618530273,12.100000381469727,12.800000190734863,27120,0.0,0.0
2021-11-18 00:00:00-05:00,12.800000190734863,13.300000190734863,11.199999809265137,11.699999809265137,50550,0.0,0.0
2021-11-19 00:00:00-05:00,11.699999809265137,12.100000381469727,11.399999618530273,11.649999618530273,10310,0.0,0.0
2021-11-22 00:00:00-05:00,11.5,11.5,9.630000114440918,11.300000190734863,44530,0.0,0.0
2021-11-23 00:00:00-05:00,11.300000190734863,12.0,11.199999809265137,11.699999809265137,67640,0.0,0.0
2021-11-24 00:00:00-05:00,11.800000190734863,12.489999771118164,11.0,12.0,83140,0.0,0.0
2021-11-26 00:00:00-05:00,11.199999809265137,11.699999809265137,11.100000381469727,11.399999618530273,3230,0.0,0.0
2021-11-29 00:00:00-05:00,11.399999618530273,12.470000267028809,11.010000228881836,11.800000190734863,91190,0.0,0.0
2021-11-30 00:00:00-05:00,11.75,11.789999961853027,10.800000190734863,11.100000381469727,2740,0.0,0.0
2021-12-01 00:00:00-05:00,11.399999618530273,12.0,11.0,11.699999809265137,9840,0.0,0.0
2021-12-02 00:00:00-05:00,11.630000114440918,11.630000114440918,11.0,11.5,5660,0.0,0.0
2021-12-03 00:00:00-05:00,11.119999885559082,11.119999885559082,10.09000015258789,10.720000267028809,2910,0.0,0.0
2021-12-06 00:00:00-05:00,10.5,10.899999618530273,10.100000381469727,10.399999618530273,3060,0.0,0.0
2021-12-07 00:00:00-05:00,11.0,11.100000381469727,10.399999618530273,10.699999809265137,2940,0.0,0.0
2021-12-08 00:00:00-05:00,10.3100004196167,11.0600004196167,10.3100004196167,10.899999618530273,2990,0.0,0.0
2021-12-09 00:00:00-05:00,10.600000381469727,11.300000190734863,10.600000381469727,11.100000381469727,1320,0.0,0.0
2021-12-10 00:00:00-05:00,10.899999618530273,10.949999809265137,10.5,10.619999885559082,2050,0.0,0.0
2021-12-13 00:00:00-05:00,10.300000190734863,10.649999618530273,9.069999694824219,9.079999923706055,10370,0.0,0.0
2021-12-14 00:00:00-05:00,9.899999618530273,10.449999809265137,9.109999656677246,9.65999984741211,10950,0.0,0.0
2021-12-15 00:00:00-05:00,9.369999885559082,10.640000343322754,8.399999618530273,9.989999771118164,11170,0.0,0.0
2021-12-16 00:00:00-05:00,9.199999809265137,9.479999542236328,9.0,9.15999984741211,3130,0.0,0.0
2021-12-17 00:00:00-05:00,9.170000076293945,10.300000190734863,9.170000076293945,10.300000190734863,3270,0.0,0.0
2021-12-20 00:00:00-05:00,9.699999809265137,9.699999809265137,9.300000190734863,9.699999809265137,2140,0.0,0.0
2021-12-21 00:00:00-05:00,9.699999809265137,10.0,9.3100004196167,9.739999771118164,1280,0.0,0.0
2021-12-22 00:00:00-05:00,9.739999771118164,10.0,9.670000076293945,9.699999809265137,2590,0.0,0.0
2021-12-23 00:00:00-05:00,9.899999618530273,9.899999618530273,9.420000076293945,9.699999809265137,2450,0.0,0.0
2021-12-27 00:00:00-05:00,9.460000038146973,10.199999809265137,9.319999694824219,9.75,4420,0.0,0.0
2021-12-28 00:00:00-05:00,10.100000381469727,10.100000381469727,9.350000381469727,9.800000190734863,2900,0.0,0.0
2021-12-29 00:00:00-05:00,9.899999618530273,9.899999618530273,8.170000076293945,8.800000190734863,31670,0.0,0.0
2021-12-30 00:00:00-05:00,8.710000038146973,9.600000381469727,8.199999809265137,9.5,11680,0.0,0.0
2021-12-31 00:00:00-05:00,9.220000267028809,9.229999542236328,8.260000228881836,9.229999542236328,23920,0.0,0.0
2022-01-03 00:00:00-05:00,9.899999618530273,9.899999618530273,8.600000381469727,9.369999885559082,24140,0.0,0.0
2022-01-04 00:00:00-05:00,9.399999618530273,9.699999809265137,8.949999809265137,9.470000267028809,29690,0.0,0.0
2022-01-05 00:00:00-05:00,9.5,9.510000228881836,8.489999771118164,9.5,4510,0.0,0.0
2022-01-06 00:00:00-05:00,9.5,9.5,8.5,8.880000114440918,4520,0.0,0.0
2022-01-07 00:00:00-05:00,8.850000381469727,9.199999809265137,8.420000076293945,9.050000190734863,11350,0.0,0.0
2022-01-10 00:00:00-05:00,9.0,9.0,8.300000190734863,8.989999771118164,4030,0.0,0.0
2022-01-11 00:00:00-05:00,8.649999618530273,9.15999984741211,8.300000190734863,9.15999984741211,4890,0.0,0.0
2022-01-12 00:00:00-05:00,8.5,9.100000381469727,8.5,8.949999809265137,1090,0.0,0.0
2022-01-13 00:00:00-05:00,9.0,9.0,8.40999984741211,8.9399995803833,2720,0.0,0.0
2022-01-14 00:00:00-05:00,8.529999732971191,8.630000114440918,8.350000381469727,8.600000381469727,1800,0.0,0.0
2022-01-18 00:00:00-05:00,8.5,8.649999618530273,8.300000190734863,8.300000190734863,3280,0.0,0.0
2022-01-19 00:00:00-05:00,8.489999771118164,8.489999771118164,7.699999809265137,8.199999809265137,2080,0.0,0.0
2022-01-20 00:00:00-05:00,7.699999809265137,8.600000381469727,7.699999809265137,8.600000381469727,4870,0.0,0.0
2022-01-21 00:00:00-05:00,8.600000381469727,8.600000381469727,7.389999866485596,8.100000381469727,7240,0.0,0.0
2022-01-24 00:00:00-05:00,7.860000133514404,8.100000381469727,6.949999809265137,8.100000381469727,9310,0.0,0.0
2022-01-25 00:00:00-05:00,7.599999904632568,8.0,7.599999904632568,7.900000095367432,19980,0.0,0.0
2022-01-26 00:00:00-05:00,7.800000190734863,8.100000381469727,7.420000076293945,7.75,16370,0.0,0.0
2022-01-27 00:00:00-05:00,7.619999885559082,7.690000057220459,7.179999828338623,7.690000057220459,1350,0.0,0.0
2022-01-28 00:00:00-05:00,7.800000190734863,7.800000190734863,7.019999980926514,7.300000190734863,2760,0.0,0.0
2022-01-31 00:00:00-05:00,7.800000190734863,7.800000190734863,7.0,7.239999771118164,890,0.0,0.0
2022-02-01 00:00:00-05:00,7.400000095367432,7.599999904632568,7.239999771118164,7.599999904632568,14970,0.0,0.0
2022-02-02 00:00:00-05:00,7.599999904632568,8.600000381469727,7.349999904632568,7.699999809265137,35870,0.0,0.0
2022-02-03 00:00:00-05:00,7.699999809265137,8.199999809265137,7.550000190734863,7.96999979019165,20080,0.0,0.0
2022-02-04 00:00:00-05:00,7.900000095367432,7.900000095367432,7.199999809265137,7.639999866485596,9480,0.0,0.0
2022-02-07 00:00:00-05:00,7.809999942779541,7.809999942779541,7.300000190734863,7.760000228881836,3300,0.0,0.0
2022-02-08 00:00:00-05:00,7.630000114440918,7.829999923706055,7.440000057220459,7.599999904632568,2820,0.0,0.0
2022-02-09 00:00:00-05:00,7.400000095367432,7.980000019073486,7.400000095367432,7.880000114440918,4070,0.0,0.0
2022-02-10 00:00:00-05:00,7.949999809265137,8.199999809265137,7.599999904632568,8.0,26520,0.0,0.0
2022-02-11 00:00:00-05:00,8.0,8.0,7.400000095367432,7.539999961853027,4040,0.0,0.0
2022-02-14 00:00:00-05:00,7.5,7.650000095367432,7.159999847412109,7.449999809265137,4900,0.0,0.0
2022-02-15 00:00:00-05:00,7.449999809265137,7.659999847412109,6.690000057220459,7.53000020980835,3650,0.0,0.0
2022-02-16 00:00:00-05:00,7.409999847412109,7.5,7.03000020980835,7.46999979019165,6320,0.0,0.0
2022-02-17 00:00:00-05:00,7.059999942779541,7.510000228881836,7.059999942779541,7.21999979019165,6910,0.0,0.0
2022-02-18 00:00:00-05:00,7.03000020980835,7.239999771118164,6.550000190734863,7.159999847412109,4100,0.0,0.0
2022-02-22 00:00:00-05:00,6.590000152587891,7.019999980926514,6.570000171661377,7.019999980926514,1330,0.0,0.0
2022-02-23 00:00:00-05:00,6.699999809265137,6.949999809265137,6.599999904632568,6.599999904632568,1730,0.0,0.0
2022-02-24 00:00:00-05:00,4.099999904632568,6.71999979019165,4.099999904632568,5.789999961853027,7910,0.0,0.0
2022-02-25 00:00:00-05:00,5.269999980926514,6.480000019073486,5.239999771118164,6.300000190734863,1730,0.0,0.0
2022-02-28 00:00:00-05:00,6.300000190734863,6.880000114440918,6.300000190734863,6.800000190734863,5830,0.0,0.0
2022-03-01 00:00:00-05:00,6.800000190734863,7.199999809265137,6.53000020980835,6.849999904632568,10050,0.0,0.0
2022-03-02 00:00:00-05:00,6.900000095367432,7.03000020980835,6.619999885559082,6.619999885559082,670,0.0,0.0
2022-03-03 00:00:00-05:00,6.929999828338623,7.0,6.849999904632568,6.849999904632568,430,0.0,0.0
2022-03-04 00:00:00-05:00,6.900000095367432,6.940000057220459,6.210000038146973,6.460000038146973,560,0.0,0.0
2022-03-07 00:00:00-05:00,6.5,6.5,6.150000095367432,6.150000095367432,1410,0.0,0.0
2022-03-08 00:00:00-05:00,6.199999809265137,6.199999809265137,6.050000190734863,6.070000171661377,1010,0.0,0.0
2022-03-09 00:00:00-05:00,6.079999923706055,6.099999904632568,6.0,6.099999904632568,590,0.0,0.0
2022-03-10 00:00:00-05:00,6.050000190734863,6.400000095367432,5.0,6.099999904632568,11510,0.0,0.0
2022-03-11 00:00:00-05:00,6.599999904632568,6.599999904632568,5.800000190734863,6.53000020980835,2470,0.0,0.0
2022-03-14 00:00:00-04:00,6.400000095367432,6.53000020980835,5.900000095367432,5.909999847412109,5090,0.0,0.0
2022-03-15 00:00:00-04:00,5.869999885559082,6.400000095367432,5.849999904632568,6.300000190734863,900,0.0,0.0
2022-03-16 00:00:00-04:00,6.019999980926514,7.869999885559082,6.019999980926514,6.800000190734863,22420,0.0,0.0
2022-03-17 00:00:00-04:00,8.0,8.0,6.860000133514404,7.320000171661377,1500,0.0,0.0
2022-03-18 00:00:00-04:00,7.0,7.489999771118164,6.389999866485596,7.199999809265137,13420,0.0,0.0
2022-03-21 00:00:00-04:00,6.980000019073486,7.800000190734863,6.75,7.400000095367432,33640,0.0,0.0
2022-03-22 00:00:00-04:00,7.300000190734863,9.0,7.03000020980835,7.849999904632568,54230,0.0,0.0
2022-03-23 00:00:00-04:00,8.5,12.100000381469727,7.0,7.409999847412109,134280,0.0,0.0
2022-03-24 00:00:00-04:00,7.75,7.980000019073486,7.010000228881836,7.5,31240,0.0,0.0
2022-03-25 00:00:00-04:00,7.599999904632568,7.75,7.099999904632568,7.699999809265137,37190,0.0,0.0
2022-03-28 00:00:00-04:00,7.46999979019165,7.75,7.010000228881836,7.699999809265137,55770,0.0,0.0
2022-03-29 00:00:00-04:00,7.550000190734863,8.380000114440918,7.300000190734863,7.980000019073486,88540,0.0,0.0
2022-03-30 00:00:00-04:00,8.0,8.0,7.610000133514404,7.730000019073486,26000,0.0,0.0
2022-03-31 00:00:00-04:00,7.900000095367432,9.170000076293945,7.389999866485596,7.659999847412109,35030,0.0,0.0
2022-04-01 00:00:00-04:00,7.510000228881836,7.800000190734863,7.110000133514404,7.199999809265137,39820,0.0,0.0
2022-04-04 00:00:00-04:00,7.400000095367432,7.900000095367432,7.150000095367432,7.630000114440918,85290,0.0,0.0
2022-04-05 00:00:00-04:00,7.550000190734863,7.980000019073486,7.300000190734863,7.619999885559082,32610,0.0,0.0
2022-04-06 00:00:00-04:00,7.5,7.75,7.090000152587891,7.489999771118164,34720,0.0,0.0
2022-04-07 00:00:00-04:00,7.699999809265137,7.800000190734863,7.409999847412109,7.449999809265137,27380,0.0,0.0
2022-04-08 00:00:00-04:00,7.300000190734863,7.550000190734863,6.809999942779541,7.400000095367432,17480,0.0,0.0
2022-04-11 00:00:00-04:00,7.5,7.550000190734863,6.710000038146973,6.800000190734863,25740,0.0,0.0
2022-04-12 00:00:00-04:00,6.699999809265137,7.070000171661377,6.610000133514404,6.610000133514404,3360,0.0,0.0
2022-04-13 00:00:00-04:00,6.699999809265137,6.909999847412109,6.420000076293945,6.449999809265137,1910,0.0,0.0
2022-04-14 00:00:00-04:00,6.5,7.400000095367432,6.489999771118164,7.309999942779541,64190,0.0,0.0
2022-04-18 00:00:00-04:00,7.239999771118164,7.239999771118164,6.730000019073486,6.960000038146973,970,0.0,0.0
2022-04-19 00:00:00-04:00,6.989999771118164,7.400000095367432,6.989999771118164,7.0,1060,0.0,0.0
2022-04-20 00:00:00-04:00,6.909999847412109,7.269999980926514,6.909999847412109,7.099999904632568,120,0.0,0.0
2022-04-21 00:00:00-04:00,7.099999904632568,7.199999809265137,6.909999847412109,7.099999904632568,400,0.0,0.0
2022-04-22 00:00:00-04:00,6.949999809265137,6.949999809265137,6.75,6.949999809265137,420,0.0,0.0
2022-04-25 00:00:00-04:00,6.949999809265137,7.340000152587891,6.900000095367432,7.300000190734863,3090,0.0,0.0
2022-04-26 00:00:00-04:00,7.199999809265137,7.5,7.099999904632568,7.199999809265137,8030,0.0,0.0
2022-04-27 00:00:00-04:00,7.300000190734863,7.599999904632568,7.099999904632568,7.300000190734863,16350,0.0,0.0
2022-04-28 00:00:00-04:00,7.199999809265137,7.599999904632568,6.889999866485596,7.349999904632568,7530,0.0,0.0
2022-04-29 00:00:00-04:00,7.360000133514404,7.449999809265137,6.989999771118164,7.099999904632568,8310,0.0,0.0
2022-05-02 00:00:00-04:00,7.119999885559082,7.400000095367432,6.909999847412109,7.300000190734863,5390,0.0,0.0
2022-05-03 00:00:00-04:00,7.400000095367432,7.400000095367432,7.110000133514404,7.300000190734863,5290,0.0,0.0
2022-05-04 00:00:00-04:00,7.300000190734863,7.400000095367432,7.0,7.300000190734863,11940,0.0,0.0
2022-05-05 00:00:00-04:00,7.400000095367432,7.590000152587891,6.980000019073486,7.260000228881836,14300,0.0,0.0
2022-05-06 00:00:00-04:00,7.269999980926514,7.409999847412109,6.800000190734863,7.300000190734863,8160,0.0,0.0
2022-05-09 00:00:00-04:00,7.079999923706055,7.099999904632568,6.0,6.019999980926514,4050,0.0,0.0
2022-05-10 00:00:00-04:00,6.690000057220459,7.400000095367432,6.019999980926514,7.309999942779541,25000,0.0,0.0
2022-05-11 00:00:00-04:00,7.090000152587891,7.480000019073486,6.460000038146973,6.460000038146973,4450,0.0,0.0
2022-05-12 00:00:00-04:00,6.670000076293945,8.199999809265137,6.599999904632568,6.789999961853027,29640,0.0,0.0
2022-05-13 00:00:00-04:00,7.199999809265137,7.46999979019165,6.099999904632568,6.5,22650,0.0,0.0
2022-05-16 00:00:00-04:00,6.409999847412109,7.199999809265137,6.409999847412109,7.159999847412109,11080,0.0,0.0
2022-05-17 00:00:00-04:00,7.159999847412109,7.199999809265137,6.21999979019165,6.96999979019165,31110,0.0,0.0
2022-05-18 00:00:00-04:00,7.0,7.050000190734863,6.199999809265137,6.900000095367432,60510,0.0,0.0
2022-05-19 00:00:00-04:00,7.0,7.090000152587891,5.800000190734863,6.800000190734863,82450,0.0,0.0
2022-05-20 00:00:00-04:00,6.599999904632568,6.920000076293945,6.050000190734863,6.760000228881836,87940,0.0,0.0
2022-05-23 00:00:00-04:00,6.239999771118164,6.800000190734863,6.130000114440918,6.400000095367432,59400,0.0,0.0
2022-05-24 00:00:00-04:00,6.400000095367432,7.019999980926514,6.21999979019165,6.599999904632568,39210,0.0,0.0
2022-05-25 00:00:00-04:00,6.21999979019165,6.550000190734863,5.829999923706055,6.050000190734863,16980,0.0,0.0
2022-05-26 00:00:00-04:00,6.21999979019165,6.53000020980835,5.599999904632568,5.639999866485596,9430,0.0,0.0
2022-05-27 00:00:00-04:00,5.920000076293945,6.099999904632568,5.5,5.949999809265137,9400,0.0,0.0
2022-05-31 00:00:00-04:00,6.070000171661377,6.070000171661377,5.619999885559082,6.019999980926514,2160,0.0,0.0
2022-06-01 00:00:00-04:00,5.730000019073486,6.0,5.730000019073486,5.869999885559082,1440,0.0,0.0
2022-06-02 00:00:00-04:00,5.610000133514404,6.289999961853027,5.610000133514404,5.900000095367432,10360,0.0,0.0
2022-06-03 00:00:00-04:00,5.900000095367432,6.369999885559082,5.78000020980835,6.0,8960,0.0,0.0
2022-06-06 00:00:00-04:00,6.0,6.5,5.800000190734863,6.099999904632568,2550,0.0,0.0
2022-06-07 00:00:00-04:00,6.170000076293945,6.239999771118164,5.900000095367432,6.090000152587891,2850,0.0,0.0
2022-06-08 00:00:00-04:00,6.199999809265137,6.400000095367432,5.96999979019165,6.090000152587891,3670,0.0,0.0
2022-06-09 00:00:00-04:00,6.199999809265137,6.210000038146973,5.599999904632568,5.789999961853027,5100,0.0,0.0
2022-06-10 00:00:00-04:00,5.929999828338623,6.28000020980835,5.699999809265137,6.099999904632568,17100,0.0,0.0
2022-06-13 00:00:00-04:00,5.989999771118164,5.989999771118164,5.5,5.570000171661377,2420,0.0,0.0
2022-06-14 00:00:00-04:00,5.789999961853027,5.789999961853027,4.210000038146973,4.800000190734863,12290,0.0,0.0
2022-06-15 00:00:00-04:00,4.849999904632568,4.849999904632568,4.400000095367432,4.599999904632568,2330,0.0,0.0
2022-06-16 00:00:00-04:00,4.5,4.699999809265137,3.0999999046325684,3.5999999046325684,23400,0.0,0.0
2022-06-17 00:00:00-04:00,3.799999952316284,4.139999866485596,3.4000000953674316,3.7799999713897705,9270,0.0,0.0
2022-06-21 00:00:00-04:00,3.7799999713897705,3.890000104904175,3.5999999046325684,3.609999895095825,1400,0.0,0.0
2022-06-22 00:00:00-04:00,3.759999990463257,4.150000095367432,3.5999999046325684,4.099999904632568,8290,0.0,0.0
2022-06-23 00:00:00-04:00,3.619999885559082,3.799999952316284,3.619999885559082,3.700000047683716,5340,0.0,0.0
2022-06-24 00:00:00-04:00,3.9200000762939453,3.940000057220459,3.690000057220459,3.700000047683716,1360,0.0,0.0
2022-06-27 00:00:00-04:00,3.700000047683716,3.809999942779541,3.700000047683716,3.700000047683716,1360,0.0,0.0
2022-06-28 00:00:00-04:00,3.809999942779541,6.699999809265137,3.809999942779541,4.5,99540,0.0,0.0
2022-06-29 00:00:00-04:00,4.369999885559082,4.960000038146973,3.5899999141693115,3.5999999046325684,35920,0.0,0.0
2022-06-30 00:00:00-04:00,3.559999942779541,3.740000009536743,3.049999952316284,3.6700000762939453,44180,0.0,0.0
2022-07-01 00:00:00-04:00,3.799999952316284,3.809999942779541,3.5199999809265137,3.5399999618530273,12730,0.0,0.0
2022-07-05 00:00:00-04:00,3.5,3.609999895095825,3.5,3.549999952316284,1420,0.0,0.0
2022-07-06 00:00:00-04:00,3.5999999046325684,3.609999895095825,3.4000000953674316,3.4000000953674316,1150,0.0,0.0
2022-07-07 00:00:00-04:00,3.4000000953674316,3.569999933242798,3.299999952316284,3.430000066757202,3960,0.0,0.0
2022-07-08 00:00:00-04:00,3.4600000381469727,3.8299999237060547,3.4600000381469727,3.5999999046325684,2010,0.0,0.0
2022-07-11 00:00:00-04:00,3.5999999046325684,3.75,3.4200000762939453,3.4200000762939453,1370,0.0,0.0
2022-07-12 00:00:00-04:00,3.5999999046325684,4.0,3.5999999046325684,3.8399999141693115,6070,0.0,0.0
2022-07-13 00:00:00-04:00,4.199999809265137,5.400000095367432,3.9000000953674316,4.099999904632568,38940,0.0,0.0
2022-07-14 00:00:00-04:00,4.019999980926514,5.0,4.0,4.309999942779541,13800,0.0,0.0
2022-07-15 00:00:00-04:00,4.300000190734863,4.5,4.099999904632568,4.300000190734863,1480,0.0,0.0
2022-07-18 00:00:00-04:00,4.239999771118164,4.440000057220459,4.0,4.199999809265137,2930,0.0,0.0
2022-07-19 00:00:00-04:00,4.300000190734863,4.300000190734863,3.869999885559082,3.869999885559082,3510,0.0,0.0
2022-07-20 00:00:00-04:00,3.869999885559082,3.869999885559082,3.5899999141693115,3.7899999618530273,1000,0.0,0.0
2022-07-21 00:00:00-04:00,3.75,3.75,3.75,3.75,570,0.0,0.0
2022-07-22 00:00:00-04:00,3.75,4.0,3.6600000858306885,4.0,1010,0.0,0.0
2022-07-25 00:00:00-04:00,4.900000095367432,4.900000095367432,3.75,4.150000095367432,370,0.0,0.0
2022-07-26 00:00:00-04:00,4.150000095367432,4.150000095367432,3.640000104904175,4.019999980926514,850,0.0,0.0
2022-07-27 00:00:00-04:00,3.8399999141693115,4.260000228881836,3.7300000190734863,3.990000009536743,450,0.0,0.0
2022-07-28 00:00:00-04:00,3.799999952316284,4.0,3.5999999046325684,3.990000009536743,900,0.0,0.0
2022-07-29 00:00:00-04:00,3.8299999237060547,3.9000000953674316,3.8299999237060547,3.9000000953674316,420,0.0,0.0
2022-08-01 00:00:00-04:00,3.859999895095825,3.859999895095825,3.700000047683716,3.700000047683716,180,0.0,0.0
2022-08-02 00:00:00-04:00,3.700000047683716,3.9000000953674316,3.569999933242798,3.740000009536743,2370,0.0,0.0
2022-08-03 00:00:00-04:00,3.690000057220459,4.0,3.559999942779541,4.0,3960,0.0,0.0
2022-08-04 00:00:00-04:00,4.0,4.699999809265137,3.799999952316284,4.130000114440918,52850,0.0,0.0
2022-08-05 00:00:00-04:00,4.5,5.389999866485596,4.300000190734863,4.440000057220459,32550,0.0,0.0
2022-08-08 00:00:00-04:00,5.690000057220459,5.690000057220459,4.260000228881836,4.409999847412109,6610,0.0,0.0
2022-08-09 00:00:00-04:00,4.760000228881836,4.760000228881836,4.130000114440918,4.300000190734863,1020,0.0,0.0
2022-08-10 00:00:00-04:00,4.210000038146973,4.210000038146973,4.010000228881836,4.019999980926514,1050,0.0,0.0
2022-08-11 00:00:00-04:00,4.039999961853027,4.239999771118164,4.039999961853027,4.099999904632568,390,0.0,0.0
2022-08-12 00:00:00-04:00,4.309999942779541,4.340000152587891,4.130000114440918,4.130000114440918,710,0.0,0.0
2022-08-15 00:00:00-04:00,4.119999885559082,4.300000190734863,4.010000228881836,4.099999904632568,1910,0.0,0.0
2022-08-16 00:00:00-04:00,4.5,4.730000019073486,3.7100000381469727,4.010000228881836,4360,0.0,0.0
2022-08-17 00:00:00-04:00,4.210000038146973,4.210000038146973,3.9000000953674316,3.9000000953674316,730,0.0,0.0
2022-08-18 00:00:00-04:00,4.099999904632568,4.099999904632568,3.5999999046325684,3.880000114440918,2420,0.0,0.0
2022-08-19 00:00:00-04:00,3.700000047683716,3.990000009536743,3.640000104904175,3.9800000190734863,460,0.0,0.0
2022-08-22 00:00:00-04:00,3.9000000953674316,3.9000000953674316,3.549999952316284,3.630000114440918,2700,0.0,0.0
2022-08-23 00:00:00-04:00,3.5399999618530273,4.199999809265137,3.5399999618530273,4.199999809265137,8680,0.0,0.0
2022-08-24 00:00:00-04:00,3.930000066757202,4.300000190734863,3.75,4.300000190734863,4800,0.0,0.0
2022-08-25 00:00:00-04:00,4.119999885559082,4.989999771118164,4.059999942779541,4.900000095367432,13850,0.0,0.0
2022-08-26 00:00:00-04:00,5.199999809265137,5.849999904632568,4.300000190734863,4.670000076293945,31490,0.0,0.0
2022-08-29 00:00:00-04:00,4.53000020980835,4.53000020980835,4.050000190734863,4.099999904632568,3120,0.0,0.0
2022-08-30 00:00:00-04:00,4.269999980926514,4.610000133514404,4.0,4.460000038146973,820,0.0,0.0
2022-08-31 00:00:00-04:00,4.699999809265137,4.800000190734863,4.400000095367432,4.409999847412109,1280,0.0,0.0
2022-09-01 00:00:00-04:00,4.610000133514404,4.800000190734863,4.389999866485596,4.599999904632568,940,0.0,0.0
2022-09-02 00:00:00-04:00,5.0,5.0,3.5,4.0,3640,0.0,0.0
2022-09-06 00:00:00-04:00,4.599999904632568,4.599999904632568,3.690000057220459,4.0,2280,0.0,0.0
2022-09-07 00:00:00-04:00,3.9800000190734863,4.179999828338623,3.700000047683716,3.7799999713897705,820,0.0,0.0
2022-09-08 00:00:00-04:00,3.9700000286102295,4.300000190734863,3.7200000286102295,3.9000000953674316,1450,0.0,0.0
2022-09-09 00:00:00-04:00,3.75,4.300000190734863,3.75,4.300000190734863,1300,0.0,0.0
2022-09-12 00:00:00-04:00,4.019999980926514,4.28000020980835,3.9100000858306885,4.199999809265137,1270,0.0,0.0
2022-09-13 00:00:00-04:00,4.110000133514404,4.199999809265137,3.8499999046325684,4.190000057220459,490,0.0,0.0
2022-09-14 00:00:00-04:00,4.019999980926514,4.190000057220459,3.8499999046325684,4.099999904632568,4180,0.0,0.0
2022-09-15 00:00:00-04:00,4.199999809265137,4.199999809265137,3.799999952316284,4.070000171661377,300,0.0,0.0
2022-09-16 00:00:00-04:00,4.199999809265137,4.199999809265137,3.759999990463257,4.070000171661377,300,0.0,0.0
2022-09-19 00:00:00-04:00,4.239999771118164,4.239999771118164,3.75,4.170000076293945,180,0.0,0.0
2022-09-20 00:00:00-04:00,4.099999904632568,4.199999809265137,3.799999952316284,3.799999952316284,2560,0.0,0.0
2022-09-21 00:00:00-04:00,3.940000057220459,4.199999809265137,3.5,3.700000047683716,3450,0.0,0.0
2022-09-22 00:00:00-04:00,3.5999999046325684,3.9700000286102295,2.9000000953674316,3.0,7290,0.0,0.0
2022-09-23 00:00:00-04:00,3.299999952316284,3.4200000762939453,2.5999999046325684,3.180000066757202,10420,0.0,0.0
2022-09-26 00:00:00-04:00,3.0,3.369999885559082,2.859999895095825,3.0,1560,0.0,0.0
2022-09-27 00:00:00-04:00,3.0,3.299999952316284,2.700000047683716,3.200000047683716,1960,0.0,0.0
2022-09-28 00:00:00-04:00,2.4600000381469727,3.299999952316284,2.309999942779541,3.299999952316284,1850,0.0,0.0
2022-09-29 00:00:00-04:00,3.299999952316284,3.299999952316284,3.0,3.0799999237060547,1140,0.0,0.0
2022-09-30 00:00:00-04:00,3.0299999713897705,3.299999952316284,2.700000047683716,3.0999999046325684,2190,0.0,0.0
2022-10-03 00:00:00-04:00,3.0,3.0,2.819999933242798,2.950000047683716,730,0.0,0.0
2022-10-04 00:00:00-04:00,2.309999942779541,3.059999942779541,2.309999942779541,2.890000104904175,3790,0.0,0.0
2022-10-05 00:00:00-04:00,2.690000057220459,3.1500000953674316,2.690000057220459,3.0,2930,0.0,0.0
2022-10-06 00:00:00-04:00,2.859999895095825,2.9700000286102295,2.7300000190734863,2.799999952316284,800,0.0,0.0
2022-10-07 00:00:00-04:00,2.7200000286102295,2.799999952316284,2.5,2.799999952316284,2780,0.0,0.0
2022-10-10 00:00:00-04:00,2.559999942779541,2.7899999618530273,2.559999942779541,2.7899999618530273,370,0.0,0.0
2022-10-11 00:00:00-04:00,2.3299999237060547,2.7899999618530273,2.3299999237060547,2.700000047683716,1920,0.0,0.0
2022-10-12 00:00:00-04:00,2.700000047683716,2.700000047683716,2.4000000953674316,2.5,1460,0.0,0.0
2022-10-13 00:00:00-04:00,2.450000047683716,3.700000047683716,2.450000047683716,3.2100000381469727,25920,0.0,0.0
2022-10-14 00:00:00-04:00,3.2100000381469727,3.2100000381469727,2.859999895095825,3.049999952316284,3570,0.0,0.0
2022-10-17 00:00:00-04:00,3.0399999618530273,3.2300000190734863,3.0399999618530273,3.140000104904175,900,0.0,0.0
2022-10-18 00:00:00-04:00,3.0999999046325684,3.0999999046325684,2.700000047683716,3.0,2910,0.0,0.0
2022-10-19 00:00:00-04:00,2.799999952316284,3.200000047683716,2.799999952316284,3.190000057220459,1700,0.0,0.0
2022-10-20 00:00:00-04:00,2.990000009536743,4.0,2.9700000286102295,3.200000047683716,22200,0.0,0.0
2022-10-21 00:00:00-04:00,2.6500000953674316,3.009999990463257,2.6500000953674316,2.799999952316284,2540,0.0,0.0
2022-10-24 00:00:00-04:00,3.0,3.200000047683716,2.6500000953674316,2.799999952316284,2010,0.0,0.0
2022-10-25 00:00:00-04:00,2.869999885559082,2.869999885559082,2.700000047683716,2.740000009536743,750,0.0,0.0
2022-10-26 00:00:00-04:00,2.700000047683716,3.0899999141693115,2.6500000953674316,2.6500000953674316,8340,0.0,0.0
2022-10-27 00:00:00-04:00,2.7799999713897705,2.990000009536743,2.700000047683716,2.799999952316284,1880,0.0,0.0
2022-10-28 00:00:00-04:00,2.799999952316284,2.799999952316284,2.4200000762939453,2.5399999618530273,720,0.0,0.0
2022-10-31 00:00:00-04:00,3.0,3.0,2.5399999618530273,2.5999999046325684,680,0.0,0.0
2022-11-01 00:00:00-04:00,2.990000009536743,3.0999999046325684,2.7300000190734863,3.0399999618530273,13640,0.0,0.0
2022-11-02 00:00:00-04:00,3.4000000953674316,3.4000000953674316,2.6600000858306885,2.759999990463257,2450,0.0,0.0
2022-11-03 00:00:00-04:00,2.799999952316284,2.8499999046325684,2.799999952316284,2.8499999046325684,220,0.0,0.0
2022-11-04 00:00:00-04:00,2.990000009536743,4.159999847412109,2.799999952316284,4.039999961853027,81240,0.0,0.0
2022-11-07 00:00:00-05:00,4.400000095367432,4.579999923706055,3.559999942779541,3.9600000381469727,20310,0.0,0.0
2022-11-08 00:00:00-05:00,3.8399999141693115,4.0,3.680000066757202,3.880000114440918,10020,0.0,0.0
2022-11-09 00:00:00-05:00,3.490000009536743,3.9700000286102295,3.0999999046325684,3.390000104904175,6920,0.0,0.0
2022-11-10 00:00:00-05:00,3.009999990463257,3.9700000286102295,3.009999990463257,3.240000009536743,7760,0.0,0.0
2022-11-11 00:00:00-05:00,3.069999933242798,3.299999952316284,2.8499999046325684,2.890000104904175,1570,0.0,0.0
2022-11-14 00:00:00-05:00,3.0299999713897705,3.049999952316284,3.0299999713897705,3.0399999618530273,330,0.0,0.0
2022-11-15 00:00:00-05:00,2.990000009536743,3.119999885559082,2.9000000953674316,2.9000000953674316,680,0.0,0.0
2022-11-16 00:00:00-05:00,3.130000114440918,3.130000114440918,2.9000000953674316,3.049999952316284,790,0.0,0.0
2022-11-17 00:00:00-05:00,3.0999999046325684,3.0999999046325684,2.8499999046325684,2.990000009536743,1130,0.0,0.0
2022-11-18 00:00:00-05:00,3.109999895095825,3.119999885559082,2.799999952316284,2.799999952316284,880,0.0,0.0
2022-11-21 00:00:00-05:00,3.0999999046325684,3.259999990463257,2.950000047683716,3.200000047683716,3510,0.0,0.0
2022-11-22 00:00:00-05:00,2.799999952316284,3.1500000953674316,2.799999952316284,3.1500000953674316,690,0.0,0.0
2022-11-23 00:00:00-05:00,3.4000000953674316,3.5999999046325684,3.0999999046325684,3.309999942779541,9250,0.0,0.0
2022-11-25 00:00:00-05:00,3.5999999046325684,3.5999999046325684,3.299999952316284,3.4000000953674316,980,0.0,0.0
2022-11-28 00:00:00-05:00,3.0999999046325684,3.309999942779541,3.0999999046325684,3.25,1710,0.0,0.0
2022-11-29 00:00:00-05:00,3.319999933242798,3.450000047683716,3.25,3.299999952316284,400,0.0,0.0
2022-11-30 00:00:00-05:00,2.9100000858306885,3.200000047683716,2.8499999046325684,3.200000047683716,1240,0.0,0.0
2022-12-01 00:00:00-05:00,3.109999895095825,3.359999895095825,3.109999895095825,3.3499999046325684,1450,0.0,0.0
2022-12-02 00:00:00-05:00,3.180000066757202,3.430000066757202,2.890000104904175,3.2799999713897705,2440,0.0,0.0
2022-12-05 00:00:00-05:00,3.200000047683716,3.440000057220459,3.0,3.1500000953674316,290,0.0,0.0
2022-12-06 00:00:00-05:00,3.0,3.1500000953674316,3.0,3.1500000953674316,130,0.0,0.0
2022-12-07 00:00:00-05:00,3.1600000858306885,3.200000047683716,3.0999999046325684,3.200000047683716,400,0.0,0.0
2022-12-08 00:00:00-05:00,3.0,3.0999999046325684,3.0,3.0999999046325684,100,0.0,0.0
2022-12-09 00:00:00-05:00,3.049999952316284,3.25,3.049999952316284,3.25,2640,0.0,0.0
2022-12-12 00:00:00-05:00,3.5799999237060547,3.5799999237060547,3.2699999809265137,3.4000000953674316,1540,0.0,0.0
2022-12-13 00:00:00-05:00,3.5,3.5,3.0,3.299999952316284,4530,0.0,0.0
2022-12-14 00:00:00-05:00,3.4000000953674316,3.4000000953674316,3.1600000858306885,3.2799999713897705,310,0.0,0.0
2022-12-15 00:00:00-05:00,3.2200000286102295,3.299999952316284,2.9000000953674316,3.1700000762939453,1930,0.0,0.0
2022-12-16 00:00:00-05:00,2.950000047683716,3.009999990463257,2.950000047683716,3.009999990463257,190,0.0,0.0
2022-12-19 00:00:00-05:00,3.0999999046325684,3.0999999046325684,2.890000104904175,2.940000057220459,4430,0.0,0.0
2022-12-20 00:00:00-05:00,3.0,3.299999952316284,2.890000104904175,3.0399999618530273,2010,0.0,0.0
2022-12-21 00:00:00-05:00,2.9000000953674316,3.1700000762939453,2.890000104904175,3.1700000762939453,250,0.0,0.0
2022-12-22 00:00:00-05:00,3.299999952316284,3.5,2.799999952316284,3.0,6730,0.0,0.0
2022-12-23 00:00:00-05:00,2.799999952316284,3.0,2.799999952316284,3.0,1290,0.0,0.0
2022-12-27 00:00:00-05:00,2.9000000953674316,3.1600000858306885,2.9000000953674316,3.0199999809265137,2400,0.0,0.0
2022-12-28 00:00:00-05:00,2.9000000953674316,2.9600000381469727,2.799999952316284,2.9600000381469727,790,0.0,0.0
2022-12-29 00:00:00-05:00,2.7799999713897705,3.0,2.7799999713897705,2.950000047683716,3460,0.0,0.0
2022-12-30 00:00:00-05:00,2.7799999713897705,3.049999952316284,2.7799999713897705,3.049999952316284,2220,0.0,0.0
2023-01-03 00:00:00-05:00,3.049999952316284,3.0999999046325684,3.049999952316284,3.0999999046325684,60,0.0,0.0
2023-01-04 00:00:00-05:00,3.059999942779541,3.059999942779541,2.7100000381469727,2.799999952316284,2950,0.0,0.0
2023-01-05 00:00:00-05:00,2.940000057220459,3.0,2.740000009536743,2.9000000953674316,2320,0.0,0.0
2023-01-06 00:00:00-05:00,2.700000047683716,3.1600000858306885,2.700000047683716,3.0,370,0.0,0.0
2023-01-09 00:00:00-05:00,2.8499999046325684,3.2799999713897705,2.8399999141693115,3.200000047683716,1270,0.0,0.0
2023-01-10 00:00:00-05:00,3.200000047683716,3.3499999046325684,3.0999999046325684,3.0999999046325684,710,0.0,0.0
2023-01-11 00:00:00-05:00,3.240000009536743,3.240000009536743,3.059999942779541,3.130000114440918,130,0.0,0.0
2023-01-12 00:00:00-05:00,2.700000047683716,5.0,2.700000047683716,3.5199999809265137,22360,0.0,0.0
2023-01-13 00:00:00-05:00,3.5199999809265137,4.03000020980835,3.5199999809265137,3.700000047683716,3420,0.0,0.0
2023-01-17 00:00:00-05:00,3.5999999046325684,3.700000047683716,3.559999942779541,3.690000057220459,140,0.0,0.0
2023-01-18 00:00:00-05:00,3.9000000953674316,3.9000000953674316,3.240000009536743,3.5999999046325684,230,0.0,0.0
2023-01-19 00:00:00-05:00,3.4700000286102295,4.0,3.4700000286102295,3.700000047683716,4650,0.0,0.0
2023-01-20 00:00:00-05:00,3.4200000762939453,3.7300000190734863,3.4200000762939453,3.680000066757202,2030,0.0,0.0
2023-01-23 00:00:00-05:00,3.5199999809265137,3.5999999046325684,3.309999942779541,3.5,3660,0.0,0.0
2023-01-24 00:00:00-05:00,3.5,3.799999952316284,3.4000000953674316,3.680000066757202,3810,0.0,0.0
2023-01-25 00:00:00-05:00,3.299999952316284,3.5999999046325684,3.299999952316284,3.4700000286102295,280,0.0,0.0
2023-01-26 00:00:00-05:00,3.4700000286102295,3.7200000286102295,3.450000047683716,3.7200000286102295,1490,0.0,0.0
2023-01-27 00:00:00-05:00,3.700000047683716,3.890000104904175,3.5,3.799999952316284,6040,0.0,0.0
2023-01-30 00:00:00-05:00,3.5399999618530273,3.950000047683716,3.5399999618530273,3.8299999237060547,1540,0.0,0.0
2023-01-31 00:00:00-05:00,3.799999952316284,3.819999933242798,3.049999952316284,3.7100000381469727,4570,0.0,0.0
2023-02-01 00:00:00-05:00,3.609999895095825,3.6600000858306885,3.5199999809265137,3.609999895095825,110,0.0,0.0
2023-02-02 00:00:00-05:00,3.200000047683716,6.960000038146973,3.200000047683716,5.599999904632568,295890,0.0,0.0
2023-02-03 00:00:00-05:00,5.0,5.619999885559082,4.949999809265137,5.099999904632568,16150,0.0,0.0
2023-02-06 00:00:00-05:00,5.599999904632568,5.599999904632568,4.03000020980835,4.329999923706055,4880,0.0,0.0
2023-02-07 00:00:00-05:00,4.699999809265137,4.800000190734863,4.300000190734863,4.519999980926514,5760,0.0,0.0
2023-02-08 00:00:00-05:00,4.519999980926514,4.699999809265137,4.199999809265137,4.46999979019165,4240,0.0,0.0
2023-02-09 00:00:00-05:00,4.510000228881836,4.679999828338623,4.019999980926514,4.050000190734863,1520,0.0,0.0
2023-02-10 00:00:00-05:00,4.0,4.300000190734863,4.0,4.28000020980835,5190,0.0,0.0
2023-02-13 00:00:00-05:00,4.300000190734863,4.5,4.099999904632568,4.309999942779541,650,0.0,0.0
2023-02-14 00:00:00-05:00,4.099999904632568,4.199999809265137,4.099999904632568,4.199999809265137,1290,0.0,0.0
2023-02-15 00:00:00-05:00,4.199999809265137,4.199999809265137,4.010000228881836,4.199999809265137,90,0.0,0.0
2023-02-16 00:00:00-05:00,4.0,4.199999809265137,3.9000000953674316,4.179999828338623,410,0.0,0.0
2023-02-17 00:00:00-05:00,4.179999828338623,4.329999923706055,3.8399999141693115,4.199999809265137,2480,0.0,0.0
2023-02-21 00:00:00-05:00,4.800000190734863,4.800000190734863,3.950000047683716,3.950000047683716,430,0.0,0.0
2023-02-22 00:00:00-05:00,3.8499999046325684,4.199999809265137,3.809999942779541,4.099999904632568,690,0.0,0.0
2023-02-23 00:00:00-05:00,4.0,4.0,3.5999999046325684,3.799999952316284,2620,0.0,0.0
2023-02-24 00:00:00-05:00,4.25,4.340000152587891,3.299999952316284,3.7699999809265137,1830,0.0,0.0
2023-02-27 00:00:00-05:00,3.640000104904175,3.640000104904175,3.0,3.200000047683716,2600,0.0,0.0
2023-02-28 00:00:00-05:00,3.5999999046325684,3.5999999046325684,3.109999895095825,3.109999895095825,2690,0.0,0.0
2023-03-01 00:00:00-05:00,3.119999885559082,3.119999885559082,2.609999895095825,2.609999895095825,4450,0.0,0.0
2023-03-02 00:00:00-05:00,2.619999885559082,3.0999999046325684,2.609999895095825,2.880000114440918,7190,0.0,0.0
2023-03-03 00:00:00-05:00,2.9000000953674316,3.190000057220459,2.9000000953674316,3.0999999046325684,2740,0.0,0.0
2023-03-06 00:00:00-05:00,3.1500000953674316,3.190000057220459,2.9000000953674316,3.069999933242798,950,0.0,0.0
2023-03-07 00:00:00-05:00,3.0,3.069999933242798,2.799999952316284,3.0,1470,0.0,0.0
2023-03-08 00:00:00-05:00,3.1500000953674316,3.1500000953674316,2.799999952316284,2.8399999141693115,1460,0.0,0.0
2023-03-09 00:00:00-05:00,3.0,3.0999999046325684,2.8399999141693115,2.940000057220459,1390,0.0,0.0
2023-03-10 00:00:00-05:00,3.009999990463257,3.009999990463257,2.940000057220459,2.940000057220459,480,0.0,0.0
2023-03-13 00:00:00-04:00,2.7100000381469727,2.8499999046325684,2.7100000381469727,2.819999933242798,890,0.0,0.0
2023-03-14 00:00:00-04:00,2.7100000381469727,3.0,2.7100000381469727,2.890000104904175,1090,0.0,0.0
2023-03-15 00:00:00-04:00,2.7100000381469727,2.9800000190734863,2.7100000381469727,2.8499999046325684,260,0.0,0.0
2023-03-16 00:00:00-04:00,2.75,2.8499999046325684,2.609999895095825,2.759999990463257,700,0.0,0.0
2023-03-17 00:00:00-04:00,2.740000009536743,2.740000009536743,2.5999999046325684,2.5999999046325684,850,0.0,0.0
2023-03-20 00:00:00-04:00,2.7699999809265137,2.7699999809265137,2.4700000286102295,2.549999952316284,270,0.0,0.0
2023-03-21 00:00:00-04:00,2.9000000953674316,2.9700000286102295,2.559999942779541,2.809999942779541,300,0.0,0.0
2023-03-22 00:00:00-04:00,2.75,2.950000047683716,2.5,2.9000000953674316,1850,0.0,0.0
2023-03-23 00:00:00-04:00,2.5,2.859999895095825,2.5,2.859999895095825,1240,0.0,0.0
2023-03-24 00:00:00-04:00,2.680000066757202,2.8499999046325684,2.5,2.8499999046325684,100,0.0,0.0
2023-03-27 00:00:00-04:00,3.009999990463257,3.009999990463257,2.8499999046325684,2.8499999046325684,120,0.0,0.0
2023-03-28 00:00:00-04:00,2.9000000953674316,2.9000000953674316,2.5,2.700000047683716,200,0.0,0.0
2023-03-29 00:00:00-04:00,2.8399999141693115,2.8399999141693115,2.5,2.7100000381469727,310,0.0,0.0
2023-03-30 00:00:00-04:00,2.5999999046325684,2.7100000381469727,2.5999999046325684,2.7100000381469727,150,0.0,0.0
2023-03-31 00:00:00-04:00,2.5,2.8299999237060547,2.5,2.6500000953674316,830,0.0,0.0
2023-04-03 00:00:00-04:00,2.9000000953674316,3.119999885559082,2.9000000953674316,2.940000057220459,2010,0.0,0.0
2023-04-04 00:00:00-04:00,2.8499999046325684,3.0,2.7300000190734863,2.8499999046325684,620,0.0,0.0
2023-04-05 00:00:00-04:00,2.9000000953674316,3.0999999046325684,2.5,2.869999885559082,14910,0.0,0.0
2023-04-06 00:00:00-04:00,2.549999952316284,3.049999952316284,2.5,2.9000000953674316,4700,0.0,0.0
2023-04-10 00:00:00-04:00,2.4100000858306885,2.890000104904175,2.4100000858306885,2.700000047683716,9420,0.0,0.0
2023-04-11 00:00:00-04:00,2.549999952316284,2.880000114440918,2.549999952316284,2.869999885559082,1820,0.0,0.0
2023-04-12 00:00:00-04:00,2.880000114440918,2.9000000953674316,2.5999999046325684,2.890000104904175,1470,0.0,0.0
2023-04-13 00:00:00-04:00,2.5999999046325684,2.890000104904175,2.5999999046325684,2.8499999046325684,260,0.0,0.0
2023-04-14 00:00:00-04:00,2.609999895095825,2.890000104904175,2.5999999046325684,2.8499999046325684,540,0.0,0.0
2023-04-17 00:00:00-04:00,2.5999999046325684,2.880000114440918,2.5999999046325684,2.819999933242798,1370,0.0,0.0
2023-04-18 00:00:00-04:00,2.6500000953674316,2.799999952316284,2.6500000953674316,2.799999952316284,1030,0.0,0.0
2023-04-19 00:00:00-04:00,2.6500000953674316,2.7699999809265137,2.5999999046325684,2.7699999809265137,1180,0.0,0.0
2023-04-20 00:00:00-04:00,2.5999999046325684,2.7799999713897705,2.5999999046325684,2.6700000762939453,600,0.0,0.0
2023-04-21 00:00:00-04:00,2.7200000286102295,2.799999952316284,2.640000104904175,2.7699999809265137,290,0.0,0.0
2023-04-24 00:00:00-04:00,2.8499999046325684,2.8499999046325684,2.630000114440918,2.690000057220459,850,0.0,0.0
2023-04-25 00:00:00-04:00,2.630000114440918,2.75,2.5999999046325684,2.700000047683716,1570,0.0,0.0
2023-04-26 00:00:00-04:00,2.700000047683716,2.7300000190734863,2.5999999046325684,2.700000047683716,1970,0.0,0.0
2023-04-27 00:00:00-04:00,2.5999999046325684,2.75,2.5,2.680000066757202,7750,0.0,0.0
2023-04-28 00:00:00-04:00,2.680000066757202,3.0,2.390000104904175,2.490000009536743,38710,0.0,0.0
2023-05-01 00:00:00-04:00,2.4200000762939453,3.0999999046325684,2.4000000953674316,2.690000057220459,50460,0.0,0.0
2023-05-02 00:00:00-04:00,3.880000114440918,5.199999809265137,2.680000066757202,3.25,489740,0.0,0.0
2023-05-03 00:00:00-04:00,2.509999990463257,2.75,2.309999942779541,2.450000047683716,32950,0.0,0.0
2023-05-04 00:00:00-04:00,2.5999999046325684,3.200000047683716,2.509999990463257,2.5999999046325684,51110,0.0,0.0
2023-05-05 00:00:00-04:00,2.619999885559082,2.619999885559082,2.25,2.369999885559082,12920,0.0,0.0
2023-05-08 00:00:00-04:00,2.299999952316284,2.3499999046325684,2.2200000286102295,2.299999952316284,5000,0.0,0.0
2023-05-09 00:00:00-04:00,2.309999942779541,2.319999933242798,2.2200000286102295,2.299999952316284,4690,0.0,0.0
2023-05-10 00:00:00-04:00,2.4200000762939453,2.700000047683716,2.299999952316284,2.390000104904175,8370,0.0,0.0
2023-05-11 00:00:00-04:00,2.299999952316284,2.5,2.2100000381469727,2.5,2230,0.0,0.0
2023-05-12 00:00:00-04:00,2.25,2.490000009536743,2.25,2.4200000762939453,1140,0.0,0.0
2023-05-15 00:00:00-04:00,2.4200000762939453,2.4200000762939453,2.2300000190734863,2.2899999618530273,580,0.0,0.0
2023-05-16 00:00:00-04:00,2.2899999618530273,2.2899999618530273,2.2300000190734863,2.25,3020,0.0,0.0
2023-05-17 00:00:00-04:00,2.2300000190734863,2.430000066757202,2.2300000190734863,2.4100000858306885,3780,0.0,0.0
2023-05-18 00:00:00-04:00,2.4000000953674316,2.430000066757202,2.4000000953674316,2.4000000953674316,1950,0.0,0.0
2023-05-19 00:00:00-04:00,2.4000000953674316,2.490000009536743,2.4000000953674316,2.490000009536743,2890,0.0,0.0
2023-05-22 00:00:00-04:00,2.369999885559082,2.390000104904175,2.299999952316284,2.380000114440918,700,0.0,0.0
2023-05-23 00:00:00-04:00,2.390000104904175,2.450000047683716,2.299999952316284,2.299999952316284,1910,0.0,0.0
2023-05-24 00:00:00-04:00,2.4000000953674316,2.700000047683716,2.2300000190734863,2.4000000953674316,15010,0.0,0.0
2023-05-25 00:00:00-04:00,2.450000047683716,2.450000047683716,2.240000009536743,2.380000114440918,3810,0.0,0.0
2023-05-26 00:00:00-04:00,2.240000009536743,2.4800000190734863,2.240000009536743,2.4800000190734863,710,0.0,0.0
2023-05-30 00:00:00-04:00,2.2799999713897705,2.369999885559082,2.2799999713897705,2.369999885559082,3410,0.0,0.0
2023-05-31 00:00:00-04:00,2.240000009536743,2.369999885559082,2.2300000190734863,2.309999942779541,3600,0.0,0.0
2023-06-01 00:00:00-04:00,2.299999952316284,2.309999942779541,2.2300000190734863,2.299999952316284,2120,0.0,0.0
2023-06-02 00:00:00-04:00,2.240000009536743,2.299999952316284,2.2300000190734863,2.299999952316284,2620,0.0,0.0
2023-06-05 00:00:00-04:00,2.2300000190734863,2.2899999618530273,2.049999952316284,2.180000066757202,22030,0.0,0.0
2023-06-06 00:00:00-04:00,2.140000104904175,2.4000000953674316,2.140000104904175,2.259999990463257,3270,0.0,0.0
2023-06-07 00:00:00-04:00,2.299999952316284,2.4000000953674316,2.200000047683716,2.299999952316284,3190,0.0,0.0
2023-06-08 00:00:00-04:00,2.299999952316284,2.4000000953674316,2.109999895095825,2.109999895095825,1540,0.0,0.0
2023-06-09 00:00:00-04:00,2.119999885559082,2.359999895095825,2.119999885559082,2.1700000762939453,1850,0.0,0.0
2023-06-12 00:00:00-04:00,2.180000066757202,2.380000114440918,2.119999885559082,2.2300000190734863,1620,0.0,0.0
2023-06-13 00:00:00-04:00,2.1500000953674316,2.299999952316284,2.1500000953674316,2.299999952316284,570,0.0,0.0
2023-06-14 00:00:00-04:00,2.25,2.25,2.200000047683716,2.200000047683716,470,0.0,0.0
2023-06-15 00:00:00-04:00,2.200000047683716,2.440000057220459,2.200000047683716,2.299999952316284,8460,0.0,0.0
2023-06-16 00:00:00-04:00,2.25,2.4100000858306885,2.25,2.369999885559082,1710,0.0,0.0
2023-06-20 00:00:00-04:00,2.299999952316284,2.5,2.200000047683716,2.299999952316284,4150,0.0,0.0
2023-06-21 00:00:00-04:00,2.2799999713897705,2.4000000953674316,2.119999885559082,2.2899999618530273,5970,0.0,0.0
2023-06-22 00:00:00-04:00,2.25,2.25,2.1600000858306885,2.25,760,0.0,0.0
2023-06-23 00:00:00-04:00,2.200000047683716,2.2200000286102295,2.1600000858306885,2.200000047683716,310,0.0,0.0
2023-06-26 00:00:00-04:00,2.180000066757202,2.200000047683716,2.119999885559082,2.200000047683716,1410,0.0,0.0
2023-06-27 00:00:00-04:00,2.200000047683716,2.25,2.200000047683716,2.200000047683716,480,0.0,0.0
2023-06-28 00:00:00-04:00,2.25,2.299999952316284,2.240000009536743,2.240000009536743,580,0.0,0.0
2023-06-29 00:00:00-04:00,2.200000047683716,2.240000009536743,2.130000114440918,2.200000047683716,1870,0.0,0.0
2023-06-30 00:00:00-04:00,2.309999942779541,2.309999942779541,2.119999885559082,2.2300000190734863,340,0.0,0.0
2023-07-03 00:00:00-04:00,2.180000066757202,2.309999942779541,2.180000066757202,2.200000047683716,380,0.0,0.0
2023-07-05 00:00:00-04:00,2.200000047683716,2.200000047683716,2.119999885559082,2.1500000953674316,2090,0.0,0.0
2023-07-06 00:00:00-04:00,2.1500000953674316,2.2699999809265137,2.119999885559082,2.140000104904175,970,0.0,0.0
2023-07-07 00:00:00-04:00,2.1600000858306885,2.259999990463257,2.119999885559082,2.140000104904175,1460,0.0,0.0
2023-07-10 00:00:00-04:00,2.190000057220459,2.240000009536743,2.119999885559082,2.2300000190734863,910,0.0,0.0
2023-07-11 00:00:00-04:00,2.130000114440918,2.200000047683716,2.130000114440918,2.200000047683716,460,0.0,0.0
2023-07-12 00:00:00-04:00,2.200000047683716,2.200000047683716,2.009999990463257,2.140000104904175,1910,0.0,0.0
2023-07-13 00:00:00-04:00,2.25,2.25,2.0299999713897705,2.0299999713897705,3330,0.0,0.0
2023-07-14 00:00:00-04:00,2.240000009536743,3.5,2.009999990463257,2.2699999809265137,270250,0.0,0.0
2023-07-17 00:00:00-04:00,2.1600000858306885,2.440000057220459,2.069999933242798,2.240000009536743,16380,0.0,0.0
2023-07-18 00:00:00-04:00,2.1500000953674316,2.299999952316284,1.809999942779541,2.0799999237060547,21640,0.0,0.0
2023-07-19 00:00:00-04:00,2.0999999046325684,2.3499999046325684,2.0899999141693115,2.0999999046325684,11070,0.0,0.0
2023-07-20 00:00:00-04:00,2.1700000762939453,2.2799999713897705,2.0,2.049999952316284,1790,0.0,0.0
2023-07-21 00:00:00-04:00,2.190000057220459,2.3399999141693115,2.0899999141693115,2.140000104904175,11690,0.0,0.0
2023-07-24 00:00:00-04:00,2.140000104904175,2.549999952316284,2.0999999046325684,2.190000057220459,28910,0.0,0.0
2023-07-25 00:00:00-04:00,2.2100000381469727,2.2100000381469727,2.0199999809265137,2.1500000953674316,3140,0.0,0.0
2023-07-26 00:00:00-04:00,2.0899999141693115,2.25,2.0,2.0,1540,0.0,0.0
2023-07-27 00:00:00-04:00,2.0199999809265137,2.569999933242798,2.0199999809265137,2.4000000953674316,9330,0.0,0.0
2023-07-28 00:00:00-04:00,2.4800000190734863,2.4800000190734863,2.200000047683716,2.3499999046325684,5190,0.0,0.0
2023-07-31 00:00:00-04:00,2.390000104904175,2.4800000190734863,2.009999990463257,2.1500000953674316,25910,0.0,0.0
2023-08-01 00:00:00-04:00,2.200000047683716,2.299999952316284,2.1600000858306885,2.180000066757202,2070,0.0,0.0
2023-08-02 00:00:00-04:00,2.200000047683716,2.200000047683716,2.049999952316284,2.0999999046325684,6110,0.0,0.0
2023-08-03 00:00:00-04:00,2.190000057220459,2.25,2.0199999809265137,2.1700000762939453,14060,0.0,0.0
2023-08-04 00:00:00-04:00,2.240000009536743,2.25,2.009999990463257,2.130000114440918,10930,0.0,0.0
2023-08-07 00:00:00-04:00,2.0399999618530273,2.140000104904175,1.9299999475479126,1.9800000190734863,12050,0.0,0.0
2023-08-08 00:00:00-04:00,1.899999976158142,2.119999885559082,1.899999976158142,1.9500000476837158,5690,0.0,0.0
2023-08-09 00:00:00-04:00,1.9299999475479126,2.140000104904175,1.9299999475479126,2.119999885559082,1310,0.0,0.0
2023-08-10 00:00:00-04:00,2.0799999237060547,2.0799999237060547,1.9500000476837158,2.0,1800,0.0,0.0
2023-08-11 00:00:00-04:00,2.0999999046325684,2.119999885559082,1.9500000476837158,2.049999952316284,9340,0.0,0.0
2023-08-14 00:00:00-04:00,1.9800000190734863,2.049999952316284,1.9500000476837158,2.0399999618530273,880,0.0,0.0
2023-08-15 00:00:00-04:00,1.9500000476837158,2.0399999618530273,1.899999976158142,1.9800000190734863,5390,0.0,0.0
2023-08-16 00:00:00-04:00,1.9199999570846558,2.180000066757202,1.899999976158142,2.0999999046325684,26950,0.0,0.0
2023-08-17 00:00:00-04:00,2.0399999618530273,2.0899999141693115,1.8700000047683716,1.9900000095367432,18540,0.0,0.0
2023-08-18 00:00:00-04:00,1.8799999952316284,2.0,1.8799999952316284,1.9500000476837158,1210,0.0,0.0
2023-08-21 00:00:00-04:00,1.8799999952316284,2.0,1.8799999952316284,1.940000057220459,6060,0.0,0.0
2023-08-22 00:00:00-04:00,1.940000057220459,1.9900000095367432,1.8899999856948853,1.899999976158142,2050,0.0,0.0
2023-08-23 00:00:00-04:00,1.8899999856948853,1.9900000095367432,1.850000023841858,1.9900000095367432,1660,0.0,0.0
2023-08-24 00:00:00-04:00,1.899999976158142,1.9900000095367432,1.8899999856948853,1.899999976158142,3080,0.0,0.0
2023-08-25 00:00:00-04:00,2.0,2.0799999237060547,1.899999976158142,2.0,1450,0.0,0.0
2023-08-28 00:00:00-04:00,2.0899999141693115,2.0899999141693115,1.8899999856948853,1.8899999856948853,1260,0.0,0.0
2023-08-29 00:00:00-04:00,1.8799999952316284,1.9500000476837158,1.8799999952316284,1.940000057220459,1120,0.0,0.0
2023-08-30 00:00:00-04:00,1.899999976158142,1.9500000476837158,1.899999976158142,1.9299999475479126,180,0.0,0.0
2023-08-31 00:00:00-04:00,1.8899999856948853,1.940000057220459,1.8799999952316284,1.9299999475479126,2520,0.0,0.0
2023-09-01 00:00:00-04:00,1.9299999475479126,2.0299999713897705,1.899999976158142,1.9900000095367432,1490,0.0,0.0
2023-09-05 00:00:00-04:00,1.8799999952316284,1.940000057220459,1.8799999952316284,1.909999966621399,700,0.0,0.0
2023-09-06 00:00:00-04:00,1.840000033378601,1.940000057220459,1.8300000429153442,1.940000057220459,350,0.0,0.0
2023-09-07 00:00:00-04:00,1.940000057220459,1.9500000476837158,1.7999999523162842,1.9199999570846558,1590,0.0,0.0
2023-09-08 00:00:00-04:00,1.7999999523162842,1.909999966621399,1.7999999523162842,1.909999966621399,410,0.0,0.0
2023-09-11 00:00:00-04:00,1.909999966621399,1.909999966621399,1.7999999523162842,1.899999976158142,680,0.0,0.0
2023-09-12 00:00:00-04:00,1.899999976158142,1.909999966621399,1.7999999523162842,1.899999976158142,3010,0.0,0.0
2023-09-13 00:00:00-04:00,1.899999976158142,1.9900000095367432,1.7999999523162842,1.9299999475479126,6330,0.0,0.0
2023-09-14 00:00:00-04:00,1.899999976158142,1.899999976158142,1.809999942779541,1.899999976158142,1660,0.0,0.0
2023-09-15 00:00:00-04:00,1.8799999952316284,1.9500000476837158,1.809999942779541,1.899999976158142,150,0.0,0.0
2023-09-18 00:00:00-04:00,1.809999942779541,1.8600000143051147,1.75,1.850000023841858,10290,0.0,0.0
2023-09-19 00:00:00-04:00,1.8300000429153442,1.850000023841858,1.7699999809265137,1.7999999523162842,6110,0.0,0.0
2023-09-20 00:00:00-04:00,1.75,1.7999999523162842,1.75,1.7699999809265137,1710,0.0,0.0
2023-09-21 00:00:00-04:00,1.7599999904632568,1.7599999904632568,1.7200000286102295,1.75,2460,0.0,0.0
2023-09-22 00:00:00-04:00,1.7699999809265137,1.7999999523162842,1.75,1.7999999523162842,490,0.0,0.0
2023-09-25 00:00:00-04:00,1.7699999809265137,1.7999999523162842,1.7699999809265137,1.7999999523162842,1720,0.0,0.0
2023-09-26 00:00:00-04:00,1.6299999952316284,1.7999999523162842,1.6299999952316284,1.7999999523162842,220,0.0,0.0
2023-09-27 00:00:00-04:00,1.7999999523162842,1.7999999523162842,1.7000000476837158,1.7999999523162842,100,0.0,0.0
2023-09-28 00:00:00-04:00,1.7400000095367432,1.7999999523162842,1.7400000095367432,1.7899999618530273,410,0.0,0.0
2023-09-29 00:00:00-04:00,1.7899999618530273,1.7899999618530273,1.7000000476837158,1.7899999618530273,420,0.0,0.0
2023-10-02 00:00:00-04:00,1.850000023841858,1.850000023841858,1.5499999523162842,1.690000057220459,13020,0.0,0.0
2023-10-03 00:00:00-04:00,1.6799999475479126,1.6799999475479126,1.6100000143051147,1.6799999475479126,410,0.0,0.0
2023-10-04 00:00:00-04:00,1.6100000143051147,1.6799999475479126,1.6100000143051147,1.6699999570846558,3170,0.0,0.0
2023-10-05 00:00:00-04:00,1.6299999952316284,1.6699999570846558,1.2799999713897705,1.5,9720,0.0,0.0
2023-10-06 00:00:00-04:00,1.559999942779541,2.2200000286102295,1.2799999713897705,1.340000033378601,221480,0.0,0.0
2023-10-09 00:00:00-04:00,1.5,1.5,1.2999999523162842,1.409999966621399,11150,0.0,0.0
2023-10-10 00:00:00-04:00,1.5499999523162842,1.5499999523162842,1.350000023841858,1.399999976158142,6290,0.0,0.0
2023-10-11 00:00:00-04:00,1.4500000476837158,1.4500000476837158,1.25,1.2999999523162842,210450,0.0,0.0
2023-10-12 00:00:00-04:00,1.559999942779541,1.7799999713897705,1.5099999904632568,1.5700000524520874,87960,0.0,0.0
2023-10-13 00:00:00-04:00,1.5199999809265137,1.600000023841858,1.399999976158142,1.4600000381469727,35420,0.0,0.0
2023-10-16 00:00:00-04:00,1.4199999570846558,1.809999942779541,1.3700000047683716,1.7400000095367432,43210,0.0,0.0
2023-10-17 00:00:00-04:00,1.7699999809265137,1.7699999809265137,1.5299999713897705,1.5700000524520874,9980,0.0,0.0
2023-10-18 00:00:00-04:00,1.899999976158142,1.899999976158142,1.5,1.5299999713897705,5540,0.0,0.0
2023-10-19 00:00:00-04:00,1.5099999904632568,1.5800000429153442,1.4199999570846558,1.4299999475479126,5580,0.0,0.0
2023-10-20 00:00:00-04:00,1.4900000095367432,1.5700000524520874,1.4199999570846558,1.4900000095367432,2240,0.0,0.0
2023-10-23 00:00:00-04:00,1.5499999523162842,1.5499999523162842,1.4199999570846558,1.440000057220459,1500,0.0,0.0
2023-10-24 00:00:00-04:00,1.4900000095367432,1.5,1.4199999570846558,1.4199999570846558,3630,0.0,0.0
2023-10-25 00:00:00-04:00,1.4199999570846558,1.5,1.4199999570846558,1.4199999570846558,1860,0.0,0.0
2023-10-26 00:00:00-04:00,1.4199999570846558,1.5,1.399999976158142,1.4299999475479126,3150,0.0,0.0
2023-10-27 00:00:00-04:00,1.399999976158142,1.5,1.399999976158142,1.399999976158142,8370,0.0,0.0
2023-10-30 00:00:00-04:00,1.4900000095367432,1.5,1.3600000143051147,1.3600000143051147,18860,0.0,0.0
2023-10-31 00:00:00-04:00,1.3899999856948853,1.4500000476837158,1.3899999856948853,1.399999976158142,2970,0.0,0.0
2023-11-01 00:00:00-04:00,1.5,1.5,1.3899999856948853,1.409999966621399,1610,0.0,0.0
2023-11-02 00:00:00-04:00,1.4800000190734863,1.559999942779541,1.4500000476837158,1.4500000476837158,3550,0.0,0.0
2023-11-03 00:00:00-04:00,1.5,1.690000057220459,1.4500000476837158,1.4600000381469727,8170,0.0,0.0
2023-11-06 00:00:00-05:00,1.7300000190734863,1.7300000190734863,1.4299999475479126,1.600000023841858,7560,0.0,0.0
2023-11-07 00:00:00-05:00,1.5,1.5299999713897705,1.340000033378601,1.350000023841858,5700,0.0,0.0
2023-11-08 00:00:00-05:00,1.3700000047683716,1.399999976158142,1.3700000047683716,1.3899999856948853,630,0.0,0.0
2023-11-09 00:00:00-05:00,1.3899999856948853,1.4900000095367432,1.350000023841858,1.3600000143051147,1910,0.0,0.0
2023-11-10 00:00:00-05:00,1.4199999570846558,1.4900000095367432,1.2999999523162842,1.2999999523162842,13070,0.0,0.0
2023-11-13 00:00:00-05:00,1.5,1.600000023841858,1.4199999570846558,1.4700000286102295,4320,0.0,0.0
2023-11-14 00:00:00-05:00,1.409999966621399,1.4700000286102295,1.3799999952316284,1.399999976158142,2450,0.0,0.0
2023-11-15 00:00:00-05:00,1.440000057220459,1.4800000190734863,1.309999942779541,1.309999942779541,1350,0.0,0.0
2023-11-16 00:00:00-05:00,1.309999942779541,1.4299999475479126,1.309999942779541,1.309999942779541,810,0.0,0.0
2023-11-17 00:00:00-05:00,1.3799999952316284,1.5800000429153442,1.309999942779541,1.4299999475479126,20400,0.0,0.0
2023-11-20 00:00:00-05:00,1.5700000524520874,1.5800000429153442,1.309999942779541,1.5199999809265137,5460,0.0,0.0
2023-11-21 00:00:00-05:00,1.5399999618530273,2.5899999141693115,1.4299999475479126,2.0299999713897705,346130,0.0,0.0
2023-11-22 00:00:00-05:00,2.049999952316284,2.049999952316284,1.659999966621399,1.8200000524520874,24790,0.0,0.0
2023-11-24 00:00:00-05:00,1.600000023841858,1.7599999904632568,1.3600000143051147,1.75,40380,0.0,0.0
2023-11-27 00:00:00-05:00,1.7999999523162842,2.0999999046325684,1.6699999570846558,1.7100000381469727,10970,0.0,0.0
2023-11-28 00:00:00-05:00,1.899999976158142,1.899999976158142,1.5,1.690000057220459,7780,0.0,0.0
2023-11-29 00:00:00-05:00,1.5199999809265137,1.6799999475479126,1.5,1.600000023841858,3240,0.0,0.0
2023-11-30 00:00:00-05:00,1.6799999475479126,1.8200000524520874,1.4600000381469727,1.7799999713897705,24030,0.0,0.0
2023-12-01 00:00:00-05:00,1.7799999713897705,1.7799999713897705,1.659999966621399,1.659999966621399,5020,0.0,0.0
2023-12-04 00:00:00-05:00,1.809999942779541,1.809999942779541,1.4700000286102295,1.7799999713897705,3840,0.0,0.0
2023-12-05 00:00:00-05:00,1.7000000476837158,1.9900000095367432,1.7000000476837158,1.7999999523162842,2650,0.0,0.0
2023-12-06 00:00:00-05:00,1.7000000476837158,1.7999999523162842,1.6399999856948853,1.649999976158142,1400,0.0,0.0
2023-12-07 00:00:00-05:00,1.7100000381469727,1.7999999523162842,1.6399999856948853,1.6399999856948853,7240,0.0,0.0
2023-12-08 00:00:00-05:00,1.7200000286102295,1.7999999523162842,1.6799999475479126,1.7799999713897705,1340,0.0,0.0
2023-12-11 00:00:00-05:00,1.7699999809265137,1.8300000429153442,1.75,1.8300000429153442,1920,0.0,0.0
2023-12-12 00:00:00-05:00,1.8200000524520874,1.8200000524520874,1.5399999618530273,1.7599999904632568,3170,0.0,0.0
2023-12-13 00:00:00-05:00,1.7200000286102295,1.7899999618530273,1.6100000143051147,1.7899999618530273,720,0.0,0.0
2023-12-14 00:00:00-05:00,1.659999966621399,1.7000000476837158,1.600000023841858,1.7000000476837158,3830,0.0,0.0
2023-12-15 00:00:00-05:00,1.6699999570846558,1.7000000476837158,1.399999976158142,1.5,19400,0.0,0.0
2023-12-18 00:00:00-05:00,1.7000000476837158,1.7000000476837158,1.399999976158142,1.5,2300,0.0,0.0
2023-12-19 00:00:00-05:00,1.5,1.590000033378601,1.409999966621399,1.590000033378601,2850,0.0,0.0
2023-12-20 00:00:00-05:00,1.590000033378601,1.600000023841858,1.4900000095367432,1.5299999713897705,2020,0.0,0.0
2023-12-21 00:00:00-05:00,1.5,1.5,1.399999976158142,1.4800000190734863,10210,0.0,0.0
2023-12-22 00:00:00-05:00,1.5299999713897705,1.5299999713897705,1.309999942779541,1.3899999856948853,18850,0.0,0.0
2023-12-26 00:00:00-05:00,1.399999976158142,1.4500000476837158,1.399999976158142,1.4500000476837158,1050,0.0,0.0
2023-12-27 00:00:00-05:00,1.4600000381469727,1.5,1.409999966621399,1.4199999570846558,1570,0.0,0.0
2023-12-28 00:00:00-05:00,1.4199999570846558,1.4199999570846558,1.3600000143051147,1.399999976158142,7250,0.0,0.0
2023-12-29 00:00:00-05:00,1.3799999952316284,1.4199999570846558,1.3300000429153442,1.3799999952316284,15950,0.0,0.0
2024-01-02 00:00:00-05:00,1.409999966621399,1.409999966621399,1.350000023841858,1.399999976158142,6060,0.0,0.0
2024-01-03 00:00:00-05:00,1.399999976158142,1.4500000476837158,1.2999999523162842,1.399999976158142,10480,0.0,0.0
2024-01-04 00:00:00-05:00,1.3799999952316284,1.399999976158142,1.350000023841858,1.3899999856948853,900,0.0,0.0
2024-01-05 00:00:00-05:00,1.309999942779541,1.3899999856948853,1.309999942779541,1.3799999952316284,2060,0.0,0.0
2024-01-08 00:00:00-05:00,1.309999942779541,1.3799999952316284,1.309999942779541,1.3200000524520874,2540,0.0,0.0
2024-01-09 00:00:00-05:00,1.3300000429153442,1.3700000047683716,1.309999942779541,1.350000023841858,1860,0.0,0.0
2024-01-10 00:00:00-05:00,1.350000023841858,1.399999976158142,1.3200000524520874,1.3200000524520874,3680,0.0,0.0
2024-01-11 00:00:00-05:00,1.350000023841858,1.399999976158142,1.3200000524520874,1.3300000429153442,1820,0.0,0.0
2024-01-12 00:00:00-05:00,1.309999942779541,1.4800000190734863,1.309999942779541,1.4500000476837158,3910,0.0,0.0
2024-01-16 00:00:00-05:00,1.3799999952316284,1.4900000095367432,1.3200000524520874,1.4900000095367432,4120,0.0,0.0
2024-01-17 00:00:00-05:00,1.4500000476837158,1.4900000095367432,1.4199999570846558,1.4900000095367432,1720,0.0,0.0
2024-01-18 00:00:00-05:00,1.440000057220459,1.4800000190734863,1.399999976158142,1.4800000190734863,490,0.0,0.0
2024-01-19 00:00:00-05:00,1.4600000381469727,1.4800000190734863,1.3799999952316284,1.4800000190734863,1500,0.0,0.0
2024-01-22 00:00:00-05:00,1.5,1.5,1.350000023841858,1.440000057220459,440,0.0,0.0
2024-01-23 00:00:00-05:00,1.4900000095367432,1.4900000095367432,1.3799999952316284,1.440000057220459,560,0.0,0.0
2024-01-24 00:00:00-05:00,1.399999976158142,1.440000057220459,1.399999976158142,1.440000057220459,2300,0.0,0.0
2024-01-25 00:00:00-05:00,1.399999976158142,1.440000057220459,1.3600000143051147,1.440000057220459,1020,0.0,0.0
2024-01-26 00:00:00-05:00,1.440000057220459,1.440000057220459,1.3799999952316284,1.399999976158142,900,0.0,0.0
2024-01-29 00:00:00-05:00,1.440000057220459,1.5499999523162842,1.399999976158142,1.5,6740,0.0,0.0
2024-01-30 00:00:00-05:00,1.2999999523162842,1.4800000190734863,1.2999999523162842,1.4800000190734863,3070,0.0,0.0
2024-01-31 00:00:00-05:00,1.440000057220459,1.5,1.3700000047683716,1.440000057220459,4600,0.0,0.0
2024-02-01 00:00:00-05:00,1.2999999523162842,1.4600000381469727,1.2999999523162842,1.4600000381469727,5630,0.0,0.0
2024-02-02 00:00:00-05:00,1.4500000476837158,1.4500000476837158,1.309999942779541,1.3700000047683716,420,0.0,0.0
2024-02-05 00:00:00-05:00,1.350000023841858,1.3899999856948853,1.2999999523162842,1.350000023841858,730,0.0,0.0
2024-02-06 00:00:00-05:00,1.399999976158142,1.399999976158142,1.2999999523162842,1.399999976158142,600,0.0,0.0
2024-02-07 00:00:00-05:00,1.2999999523162842,1.399999976158142,1.2999999523162842,1.3600000143051147,7130,0.0,0.0
2024-02-08 00:00:00-05:00,1.399999976158142,1.399999976158142,1.309999942779541,1.350000023841858,5740,0.0,0.0
2024-02-09 00:00:00-05:00,1.4199999570846558,1.4199999570846558,1.2799999713897705,1.2999999523162842,7780,0.0,0.0
2024-02-12 00:00:00-05:00,1.3799999952316284,1.3799999952316284,1.1200000047683716,1.1799999475479126,17420,0.0,0.0
2024-02-13 00:00:00-05:00,1.2300000190734863,1.2599999904632568,1.149999976158142,1.190000057220459,2910,0.0,0.0
2024-02-14 00:00:00-05:00,1.2599999904632568,1.2599999904632568,1.190000057220459,1.190000057220459,3620,0.0,0.0
2024-02-15 00:00:00-05:00,1.2699999809265137,1.5,1.2100000381469727,1.3799999952316284,1168700,0.0,0.0
2024-02-16 00:00:00-05:00,3.0,6.300000190734863,2.549999952316284,3.0,7175300,0.0,0.0
2024-02-20 00:00:00-05:00,2.799999952316284,3.140000104904175,2.1600000858306885,3.0799999237060547,428800,0.0,0.0
2024-02-21 00:00:00-05:00,2.569999933242798,2.7249999046325684,2.3499999046325684,2.559999942779541,195500,0.0,0.0
2024-02-22 00:00:00-05:00,2.5399999618530273,3.200000047683716,2.490999937057495,3.049999952316284,266300,0.0,0.0
2024-02-23 00:00:00-05:00,2.609999895095825,2.75,2.450000047683716,2.5,76600,0.0,0.0
2024-02-26 00:00:00-05:00,2.490000009536743,2.5,2.2200000286102295,2.3399999141693115,37600,0.0,0.0
2024-02-27 00:00:00-05:00,2.2699999809265137,2.3299999237060547,2.1619999408721924,2.2300000190734863,40000,0.0,0.0
2024-02-28 00:00:00-05:00,2.200000047683716,2.200000047683716,1.7100000381469727,1.7100000381469727,58700,0.0,0.0
2024-02-29 00:00:00-05:00,1.7400000095367432,2.0,1.5199999809265137,1.7599999904632568,83000,0.0,0.0
2024-03-01 00:00:00-05:00,1.7200000286102295,1.850000023841858,1.6200000047683716,1.6200000047683716,32400,0.0,0.0
2024-03-04 00:00:00-05:00,1.809999942779541,1.850000023841858,1.5700000524520874,1.6399999856948853,31100,0.0,0.0
2024-03-05 00:00:00-05:00,1.649999976158142,1.7999999523162842,1.5399999618530273,1.75,36100,0.0,0.0
2024-03-06 00:00:00-05:00,1.7400000095367432,2.049999952316284,1.725000023841858,1.7359999418258667,103500,0.0,0.0
2024-03-07 00:00:00-05:00,1.7599999904632568,1.9500000476837158,1.7350000143051147,1.7799999713897705,29400,0.0,0.0
2024-03-08 00:00:00-05:00,1.8799999952316284,1.909999966621399,1.6799999475479126,1.7000000476837158,10800,0.0,0.0
2024-03-11 00:00:00-04:00,1.7799999713897705,2.359999895095825,1.7799999713897705,2.140000104904175,37900,0.0,0.0
2024-03-12 00:00:00-04:00,2.1500000953674316,2.3299999237060547,1.75,2.0199999809265137,72700,0.0,0.0
2024-03-13 00:00:00-04:00,2.0399999618530273,2.140000104904175,1.6799999475479126,1.75,27400,0.0,0.0
2024-03-14 00:00:00-04:00,1.7599999904632568,1.9010000228881836,1.690000057220459,1.7100000381469727,23800,0.0,0.0
2024-03-15 00:00:00-04:00,1.899999976158142,1.9789999723434448,1.7100000381469727,1.774999976158142,7200,0.0,0.0
2024-03-18 00:00:00-04:00,1.75,1.850000023841858,1.6100000143051147,1.7139999866485596,18000,0.0,0.0
2024-03-19 00:00:00-04:00,1.7400000095367432,1.7400000095367432,1.5800000429153442,1.659999966621399,15000,0.0,0.0
2024-03-20 00:00:00-04:00,1.7130000591278076,2.240000009536743,1.7130000591278076,1.9700000286102295,92600,0.0,0.0
2024-03-21 00:00:00-04:00,1.9700000286102295,2.140000104904175,1.809999942779541,1.940000057220459,28900,0.0,0.0
2024-03-22 00:00:00-04:00,1.930999994277954,2.0950000286102295,1.850000023841858,2.0,21700,0.0,0.0
2024-03-25 00:00:00-04:00,2.049999952316284,2.440000057220459,1.899999976158142,2.25,75500,0.0,0.0
2024-03-26 00:00:00-04:00,2.240000009536743,2.2899999618530273,1.7699999809265137,1.9800000190734863,32500,0.0,0.0
2024-03-27 00:00:00-04:00,1.9199999570846558,2.009999990463257,1.5800000429153442,1.5800000429153442,14400,0.0,0.0
2024-03-28 00:00:00-04:00,1.8009999990463257,1.8229999542236328,1.7100000381469727,1.7200000286102295,7700,0.0,0.0
2024-04-01 00:00:00-04:00,1.6299999952316284,1.7699999809265137,1.6299999952316284,1.7300000190734863,7800,0.0,0.0
2024-04-02 00:00:00-04:00,1.6419999599456787,1.8049999475479126,1.6200000047683716,1.7300000190734863,17100,0.0,0.0
2024-04-03 00:00:00-04:00,1.75,1.809999942779541,1.659999966621399,1.659999966621399,4200,0.0,0.0
2024-04-04 00:00:00-04:00,1.659999966621399,1.7999999523162842,1.659999966621399,1.6699999570846558,7400,0.0,0.0
2024-04-05 00:00:00-04:00,1.6299999952316284,1.659999966621399,1.6299999952316284,1.659999966621399,1300,0.0,0.0
2024-04-08 00:00:00-04:00,1.649999976158142,1.8639999628067017,1.621999979019165,1.690000057220459,24700,0.0,0.0
2024-04-09 00:00:00-04:00,1.6799999475479126,1.781999945640564,1.600000023841858,1.6399999856948853,29000,0.0,0.0
2024-04-10 00:00:00-04:00,1.7799999713897705,1.8079999685287476,1.6299999952316284,1.6299999952316284,20600,0.0,0.0
2024-04-11 00:00:00-04:00,1.7400000095367432,1.7400000095367432,1.6399999856948853,1.649999976158142,1900,0.0,0.0
2024-04-12 00:00:00-04:00,1.6299999952316284,1.6950000524520874,1.6200000047683716,1.6200000047683716,3500,0.0,0.0
2024-04-15 00:00:00-04:00,1.659999966621399,1.7100000381469727,1.590000033378601,1.649999976158142,3100,0.0,0.0
2024-04-16 00:00:00-04:00,1.5800000429153442,1.6100000143051147,1.4630000591278076,1.5210000276565552,32200,0.0,0.0
2024-04-17 00:00:00-04:00,1.590000033378601,1.690000057220459,1.590000033378601,1.6100000143051147,9900,0.0,0.0
2024-04-18 00:00:00-04:00,1.600000023841858,1.6640000343322754,1.5800000429153442,1.590000033378601,2800,0.0,0.0
2024-04-19 00:00:00-04:00,1.6169999837875366,1.75,1.6169999837875366,1.7300000190734863,18200,0.0,0.0
2024-04-22 00:00:00-04:00,1.75,1.7799999713897705,1.7350000143051147,1.7350000143051147,3400,0.0,0.0
2024-04-23 00:00:00-04:00,1.784999966621399,1.7879999876022339,1.7400000095367432,1.7400000095367432,1500,0.0,0.0
2024-04-24 00:00:00-04:00,1.7899999618530273,1.840000033378601,1.7200000286102295,1.8250000476837158,5700,0.0,0.0
2024-04-25 00:00:00-04:00,1.8799999952316284,1.8799999952316284,1.7799999713897705,1.7799999713897705,4800,0.0,0.0
2024-04-26 00:00:00-04:00,1.7699999809265137,1.850000023841858,1.7400000095367432,1.7400000095367432,6200,0.0,0.0
2024-04-29 00:00:00-04:00,1.7740000486373901,1.7979999780654907,1.7200000286102295,1.7200000286102295,3400,0.0,0.0
2024-04-30 00:00:00-04:00,1.7000000476837158,1.7300000190734863,1.7000000476837158,1.7300000190734863,5400,0.0,0.0
2024-05-01 00:00:00-04:00,1.7230000495910645,1.7699999809265137,1.7100000381469727,1.7699999809265137,2200,0.0,0.0
2024-05-02 00:00:00-04:00,1.7029999494552612,1.7899999618530273,1.5800000429153442,1.7799999713897705,17100,0.0,0.0
2024-05-03 00:00:00-04:00,1.649999976158142,1.7480000257492065,1.649999976158142,1.659999966621399,1700,0.0,0.0
2024-05-06 00:00:00-04:00,1.694000005722046,1.694000005722046,1.694000005722046,1.694000005722046,500,0.0,0.0
2024-05-07 00:00:00-04:00,1.7000000476837158,2.2699999809265137,1.5,1.5199999809265137,121400,0.0,0.0
2024-05-08 00:00:00-04:00,1.4700000286102295,1.5829999446868896,1.4019999504089355,1.4900000095367432,20400,0.0,0.0
2024-05-09 00:00:00-04:00,1.4600000381469727,1.468000054359436,1.4049999713897705,1.4049999713897705,12600,0.0,0.0
2024-05-10 00:00:00-04:00,1.399999976158142,1.4149999618530273,1.2999999523162842,1.309999942779541,21400,0.0,0.0
2024-05-13 00:00:00-04:00,1.340000033378601,1.3450000286102295,1.2999999523162842,1.3450000286102295,5700,0.0,0.0
2024-05-14 00:00:00-04:00,1.2899999618530273,1.3899999856948853,1.25,1.340000033378601,5600,0.0,0.0
2024-05-15 00:00:00-04:00,1.340000033378601,1.4700000286102295,1.340000033378601,1.3609999418258667,5300,0.0,0.0
2024-05-16 00:00:00-04:00,1.409999966621399,1.4199999570846558,1.3200000524520874,1.340000033378601,5200,0.0,0.0
2024-05-17 00:00:00-04:00,1.3899999856948853,1.399999976158142,1.340000033378601,1.399999976158142,9000,0.0,0.0
2024-05-20 00:00:00-04:00,1.399999976158142,1.649999976158142,1.3700000047683716,1.5140000581741333,65000,0.0,0.0
2024-05-21 00:00:00-04:00,1.4900000095367432,1.5549999475479126,1.4359999895095825,1.4700000286102295,21600,0.0,0.0
2024-05-22 00:00:00-04:00,1.4700000286102295,1.5240000486373901,1.399999976158142,1.399999976158142,9100,0.0,0.0
2024-05-23 00:00:00-04:00,1.3300000429153442,1.3700000047683716,1.2999999523162842,1.3300000429153442,8900,0.0,0.0
2024-05-24 00:00:00-04:00,1.3300000429153442,1.4600000381469727,1.3300000429153442,1.4600000381469727,29300,0.0,0.0
2024-05-28 00:00:00-04:00,1.3700000047683716,1.4149999618530273,1.350000023841858,1.350000023841858,28200,0.0,0.0
2024-05-29 00:00:00-04:00,1.350000023841858,1.350000023841858,1.2200000286102295,1.2200000286102295,16300,0.0,0.0
2024-05-30 00:00:00-04:00,1.2330000400543213,1.2999999523162842,1.2330000400543213,1.2799999713897705,1700,0.0,0.0
2024-05-31 00:00:00-04:00,1.2690000534057617,1.2899999618530273,1.2599999904632568,1.2899999618530273,9700,0.0,0.0
2024-06-03 00:00:00-04:00,1.3700000047683716,1.3700000047683716,1.2949999570846558,1.3309999704360962,4300,0.0,0.0
2024-06-04 00:00:00-04:00,1.059999942779541,1.3899999856948853,1.059999942779541,1.2999999523162842,13100,0.0,0.0
2024-06-05 00:00:00-04:00,1.315000057220459,1.3899999856948853,1.315000057220459,1.3799999952316284,15300,0.0,0.0
2024-06-06 00:00:00-04:00,1.3700000047683716,1.4500000476837158,1.2999999523162842,1.3799999952316284,38400,0.0,0.0
2024-06-07 00:00:00-04:00,1.3700000047683716,1.4500000476837158,1.340000033378601,1.375,13000,0.0,0.0
2024-06-10 00:00:00-04:00,1.2799999713897705,1.3880000114440918,1.2799999713897705,1.3200000524520874,14000,0.0,0.0
2024-06-11 00:00:00-04:00,1.2999999523162842,1.3300000429153442,1.2599999904632568,1.2999999523162842,800,0.0,0.0
2024-06-12 00:00:00-04:00,1.2599999904632568,1.2899999618530273,1.2599999904632568,1.2799999713897705,4400,0.0,0.0
2024-06-13 00:00:00-04:00,1.350000023841858,1.350000023841858,1.2799999713897705,1.2799999713897705,700,0.0,0.0
2024-06-14 00:00:00-04:00,1.2769999504089355,1.2999999523162842,1.2699999809265137,1.2999999523162842,5200,0.0,0.0
2024-06-17 00:00:00-04:00,1.2599999904632568,1.2999999523162842,1.2599999904632568,1.2999999523162842,300,0.0,0.0
2024-06-18 00:00:00-04:00,1.3200000524520874,1.3200000524520874,1.2899999618530273,1.2899999618530273,400,0.0,0.0
2024-06-20 00:00:00-04:00,1.2610000371932983,1.2699999809265137,1.2100000381469727,1.2100000381469727,5100,0.0,0.0
2024-06-21 00:00:00-04:00,1.2100000381469727,1.2100000381469727,1.2100000381469727,1.2100000381469727,0,0.0,0.0
2024-06-24 00:00:00-04:00,1.2200000286102295,1.309999942779541,1.2200000286102295,1.2400000095367432,6300,0.0,0.0
2024-06-25 00:00:00-04:00,1.2300000190734863,1.2400000095367432,1.2200000286102295,1.2400000095367432,12000,0.0,0.0
2024-06-26 00:00:00-04:00,1.2300000190734863,1.2999999523162842,1.2000000476837158,1.2000000476837158,4900,0.0,0.0
2024-06-27 00:00:00-04:00,1.2109999656677246,1.2109999656677246,1.2100000381469727,1.2100000381469727,400,0.0,0.0
2024-06-28 00:00:00-04:00,1.2100000381469727,1.2100000381469727,1.2000000476837158,1.2000000476837158,2800,0.0,0.0
2024-07-01 00:00:00-04:00,1.2000000476837158,1.2200000286102295,1.2000000476837158,1.2100000381469727,2000,0.0,0.0
2024-07-02 00:00:00-04:00,1.2100000381469727,1.2100000381469727,1.2100000381469727,1.2100000381469727,400,0.0,0.0
2024-07-03 00:00:00-04:00,1.2200000286102295,1.2200000286102295,1.2100000381469727,1.2100000381469727,500,0.0,0.0
2024-07-05 00:00:00-04:00,1.2000000476837158,1.2000000476837158,1.2000000476837158,1.2000000476837158,300,0.0,0.0
2024-07-08 00:00:00-04:00,1.2000000476837158,1.2000000476837158,1.2000000476837158,1.2000000476837158,200,0.0,0.0
2024-07-09 00:00:00-04:00,1.2000000476837158,1.2400000095367432,1.2000000476837158,1.2000000476837158,4700,0.0,0.0
2024-07-10 00:00:00-04:00,1.2000000476837158,1.350000023841858,1.2000000476837158,1.2100000381469727,9600,0.0,0.0
2024-07-11 00:00:00-04:00,1.2400000095367432,1.2400000095367432,1.2400000095367432,1.2400000095367432,900,0.0,0.0
2024-07-12 00:00:00-04:00,1.2899999618530273,1.340000033378601,1.2899999618530273,1.3209999799728394,3100,0.0,0.0
2024-07-15 00:00:00-04:00,1.340000033378601,1.340000033378601,1.340000033378601,1.340000033378601,600,0.0,0.0
2024-07-16 00:00:00-04:00,1.3300000429153442,1.3550000190734863,1.2999999523162842,1.3550000190734863,4100,0.0,0.0
2024-07-17 00:00:00-04:00,1.3450000286102295,1.4199999570846558,1.2799999713897705,1.2799999713897705,9200,0.0,0.0
2024-07-18 00:00:00-04:00,1.3300000429153442,1.3300000429153442,1.2999999523162842,1.2999999523162842,600,0.0,0.0
2024-07-19 00:00:00-04:00,1.2999999523162842,1.2999999523162842,1.2999999523162842,1.2999999523162842,0,0.0,0.0
2024-07-22 00:00:00-04:00,1.309999942779541,1.309999942779541,1.309999942779541,1.309999942779541,400,0.0,0.0
2024-07-23 00:00:00-04:00,1.3200000524520874,1.3200000524520874,1.2799999713897705,1.2799999713897705,1600,0.0,0.0
2024-07-24 00:00:00-04:00,1.2799999713897705,1.2799999713897705,1.2799999713897705,1.2799999713897705,0,0.0,0.0
2024-07-25 00:00:00-04:00,1.2799999713897705,1.2899999618530273,1.2799999713897705,1.2899999618530273,700,0.0,0.0
2024-07-26 00:00:00-04:00,1.2899999618530273,1.340000033378601,1.25,1.25,6800,0.0,0.0
2024-07-29 00:00:00-04:00,1.277999997138977,1.277999997138977,1.277999997138977,1.277999997138977,300,0.0,0.0
2024-07-30 00:00:00-04:00,1.2899999618530273,1.2899999618530273,1.2899999618530273,1.2899999618530273,200,0.0,0.0
2024-07-31 00:00:00-04:00,1.25,1.25,1.2100000381469727,1.2100000381469727,3100,0.0,0.0
2024-08-01 00:00:00-04:00,1.2000000476837158,1.2000000476837158,1.2000000476837158,1.2000000476837158,600,0.0,0.0
2024-08-02 00:00:00-04:00,1.2000000476837158,1.2319999933242798,1.2000000476837158,1.2000000476837158,3900,0.0,0.0
2024-08-05 00:00:00-04:00,1.149999976158142,1.1640000343322754,1.149999976158142,1.1640000343322754,1900,0.0,0.0
2024-08-06 00:00:00-04:00,1.1399999856948853,1.1399999856948853,1.1399999856948853,1.1399999856948853,500,0.0,0.0
2024-08-07 00:00:00-04:00,1.2039999961853027,1.2100000381469727,1.1180000305175781,1.1180000305175781,800,0.0,0.0
2024-08-08 00:00:00-04:00,1.1180000305175781,1.1180000305175781,1.1180000305175781,1.1180000305175781,0,0.0,0.0
2024-08-09 00:00:00-04:00,1.1100000143051147,1.1100000143051147,1.1100000143051147,1.1100000143051147,400,0.0,0.0
2024-08-12 00:00:00-04:00,1.1100000143051147,1.1100000143051147,1.0800000429153442,1.0809999704360962,900,0.0,0.0
2024-08-13 00:00:00-04:00,1.25,1.25,1.0800000429153442,1.0800000429153442,500,0.0,0.0
2024-08-14 00:00:00-04:00,1.0800000429153442,1.0800000429153442,1.0800000429153442,1.0800000429153442,0,0.0,0.0
2024-08-15 00:00:00-04:00,1.340000033378601,1.340000033378601,1.1890000104904175,1.1890000104904175,900,0.0,0.0
2024-08-16 00:00:00-04:00,1.0199999809265137,1.2200000286102295,1.0199999809265137,1.2200000286102295,2200,0.0,0.0
2024-08-19 00:00:00-04:00,1.1299999952316284,1.1399999856948853,1.0499999523162842,1.0709999799728394,4200,0.0,0.0
2024-08-20 00:00:00-04:00,1.0700000524520874,1.0700000524520874,1.0199999809265137,1.0299999713897705,3100,0.0,0.0
2024-08-21 00:00:00-04:00,1.0399999618530273,1.4600000381469727,1.0399999618530273,1.4199999570846558,93700,0.0,0.0
2024-08-22 00:00:00-04:00,1.399999976158142,1.4700000286102295,1.2999999523162842,1.315999984741211,21900,0.0,0.0
2024-08-23 00:00:00-04:00,1.4500000476837158,1.5,1.2999999523162842,1.3200000524520874,16600,0.0,0.0
2024-08-26 00:00:00-04:00,1.3200000524520874,1.3600000143051147,1.2050000429153442,1.3600000143051147,8100,0.0,0.0
2024-08-27 00:00:00-04:00,1.3799999952316284,1.4800000190734863,1.3700000047683716,1.4800000190734863,2300,0.0,0.0
2024-08-28 00:00:00-04:00,1.4800000190734863,1.4800000190734863,1.4800000190734863,1.4800000190734863,0,0.0,0.0
2024-08-29 00:00:00-04:00,1.4299999475479126,1.4299999475479126,1.2000000476837158,1.25,2400,0.0,0.0
2024-08-30 00:00:00-04:00,1.309999942779541,1.3849999904632568,1.2000000476837158,1.2999999523162842,12000,0.0,0.0
2024-09-03 00:00:00-04:00,1.1749999523162842,1.2000000476837158,1.0800000429153442,1.1399999856948853,16100,0.0,0.0
2024-09-04 00:00:00-04:00,1.0700000524520874,1.2100000381469727,1.0700000524520874,1.1699999570846558,2900,0.0,0.0
2024-09-05 00:00:00-04:00,1.1200000047683716,1.149999976158142,1.0700000524520874,1.1349999904632568,1600,0.0,0.0
2024-09-06 00:00:00-04:00,1.1799999475479126,1.2380000352859497,1.0709999799728394,1.1449999809265137,7700,0.0,0.0
2024-09-09 00:00:00-04:00,1.1399999856948853,1.1399999856948853,1.1299999952316284,1.1299999952316284,500,0.0,0.0
2024-09-10 00:00:00-04:00,1.0850000381469727,1.1200000047683716,1.0499999523162842,1.0800000429153442,2600,0.0,0.0
2024-09-11 00:00:00-04:00,1.0809999704360962,1.2999999523162842,1.0800000429153442,1.2999999523162842,34900,0.0,0.0
2024-09-12 00:00:00-04:00,1.2200000286102295,1.600000023841858,1.090000033378601,1.2000000476837158,35700,0.0,0.0
2024-09-13 00:00:00-04:00,1.2200000286102295,1.2699999809265137,1.2200000286102295,1.2699999809265137,6200,0.0,0.0
2024-09-16 00:00:00-04:00,1.2699999809265137,1.406000018119812,1.2100000381469727,1.2999999523162842,2900,0.0,0.0
2024-09-17 00:00:00-04:00,1.2000000476837158,1.309999942779541,1.2000000476837158,1.2000000476837158,6700,0.0,0.0
2024-09-18 00:00:00-04:00,1.2230000495910645,1.2400000095367432,1.0499999523162842,1.0950000286102295,29000,0.0,0.0
2024-09-19 00:00:00-04:00,1.0800000429153442,1.0800000429153442,1.0,1.0399999618530273,10300,0.0,0.0
2024-09-20 00:00:00-04:00,1.0700000524520874,1.090000033378601,1.0499999523162842,1.090000033378601,5500,0.0,0.0
2024-09-23 00:00:00-04:00,1.090000033378601,1.090000033378601,1.0499999523162842,1.0499999523162842,1100,0.0,0.0
2024-09-24 00:00:00-04:00,1.059999942779541,1.090000033378601,1.059999942779541,1.090000033378601,2700,0.0,0.0
2024-09-25 00:00:00-04:00,1.059999942779541,1.059999942779541,1.059999942779541,1.059999942779541,900,0.0,0.0
2024-09-26 00:00:00-04:00,1.0700000524520874,1.0950000286102295,1.0700000524520874,1.090000033378601,8300,0.0,0.0
2024-09-27 00:00:00-04:00,1.090000033378601,1.090000033378601,1.090000033378601,1.090000033378601,500,0.0,0.0
2024-09-30 00:00:00-04:00,1.1200000047683716,1.4500000476837158,1.1100000143051147,1.2899999618530273,86200,0.0,0.0
2024-10-01 00:00:00-04:00,1.2200000286102295,1.2630000114440918,1.1399999856948853,1.1699999570846558,21700,0.0,0.0
2024-10-02 00:00:00-04:00,1.215999960899353,1.4210000038146973,1.2000000476837158,1.2599999904632568,13700,0.0,0.0
2024-10-03 00:00:00-04:00,1.2400000095367432,1.3450000286102295,1.2400000095367432,1.2999999523162842,6200,0.0,0.0
2024-10-04 00:00:00-04:00,1.2799999713897705,1.2999999523162842,1.1740000247955322,1.2300000190734863,6100,0.0,0.0
2024-10-07 00:00:00-04:00,1.440000057220459,4.179999828338623,1.440000057220459,4.019999980926514,38902200,0.0,0.0
2024-10-08 00:00:00-04:00,3.5,4.460000038146973,3.0999999046325684,4.179999828338623,6291600,0.0,0.0
2024-10-09 00:00:00-04:00,3.4100000858306885,3.869999885559082,2.819999933242798,2.819999933242798,515900,0.0,0.0
2024-10-10 00:00:00-04:00,2.9600000381469727,2.9600000381469727,1.9700000286102295,2.009999990463257,388700,0.0,0.0
2024-10-11 00:00:00-04:00,2.0,2.384999990463257,1.899999976158142,1.940000057220459,151600,0.0,0.0
2024-10-14 00:00:00-04:00,1.9700000286102295,1.9700000286102295,1.7699999809265137,1.840000033378601,46900,0.0,0.0
2024-10-15 00:00:00-04:00,1.850000023841858,2.180000066757202,1.7699999809265137,1.9900000095367432,86100,0.0,0.0
2024-10-16 00:00:00-04:00,1.8899999856948853,1.9199999570846558,1.7100000381469727,1.809999942779541,56500,0.0,0.0
2024-10-17 00:00:00-04:00,1.809999942779541,1.899999976158142,1.7009999752044678,1.8899999856948853,37600,0.0,0.0
2024-10-18 00:00:00-04:00,1.9700000286102295,1.9799000024795532,1.850000023841858,1.9049999713897705,32978,0.0,0.0
