Date,Open,High,Low,Close,Volume,Dividends,Stock Splits,Capital Gains
2023-11-15 00:00:00-05:00,25.15999984741211,26.031999588012695,25.079999923706055,26.031999588012695,1300,0.0,0.0,0.0
2023-11-16 00:00:00-05:00,25.510000228881836,25.520000457763672,25.200000762939453,25.200000762939453,7400,0.0,0.0,0.0
2023-11-17 00:00:00-05:00,25.399999618530273,25.639999389648438,25.399999618530273,25.63599967956543,2900,0.0,0.0,0.0
2023-11-20 00:00:00-05:00,25.75,26.374000549316406,25.75,26.374000549316406,4300,0.0,0.0,0.0
2023-11-21 00:00:00-05:00,25.84000015258789,26.079999923706055,25.829999923706055,26.040000915527344,7800,0.0,0.0,0.0
2023-11-22 00:00:00-05:00,26.040000915527344,26.53700065612793,26.040000915527344,26.53700065612793,2600,0.0,0.0,0.0
2023-11-24 00:00:00-05:00,26.739999771118164,27.110000610351562,26.639999389648438,27.0,900,0.0,0.0,0.0
2023-11-27 00:00:00-05:00,26.489999771118164,26.882999420166016,26.489999771118164,26.882999420166016,700,0.0,0.0,0.0
2023-11-28 00:00:00-05:00,27.1299991607666,28.1200008392334,27.1299991607666,28.059999465942383,1400,0.0,0.0,0.0
2023-11-29 00:00:00-05:00,28.1200008392334,28.1200008392334,27.878999710083008,27.878999710083008,2800,0.0,0.0,0.0
2023-11-30 00:00:00-05:00,27.549999237060547,27.631999969482422,27.549999237060547,27.631999969482422,400,0.0,0.0,0.0
2023-12-01 00:00:00-05:00,28.270000457763672,28.790000915527344,28.270000457763672,28.785999298095703,1400,0.0,0.0,0.0
2023-12-04 00:00:00-05:00,30.010000228881836,30.261999130249023,30.0,30.261999130249023,1700,0.0,0.0,0.0
2023-12-05 00:00:00-05:00,30.5,31.000999450683594,30.5,31.000999450683594,1000,0.0,0.0,0.0
2023-12-06 00:00:00-05:00,31.489999771118164,31.489999771118164,30.858999252319336,30.858999252319336,3700,0.0,0.0,0.0
2023-12-07 00:00:00-05:00,30.610000610351562,30.850000381469727,30.610000610351562,30.83300018310547,1200,0.0,0.0,0.0
2023-12-08 00:00:00-05:00,31.3700008392334,31.76099967956543,31.3700008392334,31.76099967956543,100,0.0,0.0,0.0
2023-12-11 00:00:00-05:00,30.476999282836914,30.476999282836914,29.974000930786133,29.974000930786133,2500,0.0,0.0,0.0
2023-12-12 00:00:00-05:00,30.270000457763672,30.290000915527344,30.204999923706055,30.222999572753906,900,0.0,0.0,0.0
2023-12-13 00:00:00-05:00,31.610000610351562,31.610000610351562,31.565000534057617,31.565000534057617,900,0.0,0.0,0.0
2023-12-14 00:00:00-05:00,32.099998474121094,32.290000915527344,31.940000534057617,32.077999114990234,1600,0.0,0.0,0.0
2023-12-15 00:00:00-05:00,31.520000457763672,31.610000610351562,31.459999084472656,31.459999084472656,1300,0.0,0.0,0.0
2023-12-18 00:00:00-05:00,31.200000762939453,31.70599937438965,31.079999923706055,31.70599937438965,1200,0.0,0.0,0.0
2023-12-19 00:00:00-05:00,32.599998474121094,32.599998474121094,32.599998474121094,32.599998474121094,400,0.0,0.0,0.0
2023-12-20 00:00:00-05:00,33.2400016784668,33.369998931884766,32.64899826049805,32.64899826049805,1400,0.0,0.0,0.0
2023-12-21 00:00:00-05:00,33.14099884033203,33.26599884033203,32.970001220703125,33.26599884033203,1500,0.0,0.0,0.0
2023-12-22 00:00:00-05:00,33.04999923706055,34.130001068115234,30.0,33.90800094604492,5200,0.0,0.0,0.0
2023-12-26 00:00:00-05:00,34.09000015258789,34.09000015258789,33.02000045776367,33.255001068115234,12400,0.0,0.0,0.0
2023-12-27 00:00:00-05:00,33.77000045776367,34.77000045776367,33.77000045776367,34.689998626708984,5200,0.0,0.0,0.0
2023-12-28 00:00:00-05:00,34.310001373291016,34.400001525878906,34.02000045776367,34.2130012512207,4200,0.0,0.0,0.0
2023-12-29 00:00:00-05:00,34.720001220703125,34.720001220703125,33.11000061035156,33.25199890136719,10300,0.0,0.0,0.0
2024-01-02 00:00:00-05:00,34.93000030517578,34.93000030517578,33.04499816894531,33.04499816894531,7500,0.0,0.0,0.0
2024-01-03 00:00:00-05:00,31.290000915527344,31.389999389648438,31.26300048828125,31.3799991607666,1400,0.0,0.0,0.0
2024-01-04 00:00:00-05:00,31.410999298095703,32.279998779296875,31.40999984741211,32.08000183105469,2600,0.0,0.0,0.0
2024-01-05 00:00:00-05:00,31.469999313354492,31.826000213623047,31.46500015258789,31.826000213623047,1800,0.0,0.0,0.0
2024-01-08 00:00:00-05:00,32.31999969482422,33.46500015258789,32.27000045776367,33.45500183105469,3400,0.0,0.0,0.0
2024-01-09 00:00:00-05:00,32.979000091552734,33.029998779296875,32.77000045776367,32.77000045776367,2300,0.0,0.0,0.0
2024-01-10 00:00:00-05:00,32.88999938964844,33.4900016784668,32.51499938964844,33.404998779296875,8000,0.0,0.0,0.0
2024-01-11 00:00:00-05:00,34.72999954223633,35.220001220703125,33.02000045776367,33.41999816894531,12700,0.0,0.0,0.0
2024-01-12 00:00:00-05:00,33.22999954223633,33.25,32.130001068115234,32.21799850463867,5200,0.0,0.0,0.0
2024-01-16 00:00:00-05:00,31.299999237060547,31.915000915527344,31.299999237060547,31.915000915527344,2200,0.0,0.0,0.0
2024-01-17 00:00:00-05:00,31.290000915527344,31.489999771118164,31.198999404907227,31.489999771118164,1400,0.0,0.0,0.0
2024-01-18 00:00:00-05:00,30.895000457763672,30.895000457763672,30.309999465942383,30.45400047302246,2500,0.0,0.0,0.0
2024-01-19 00:00:00-05:00,30.690000534057617,30.969999313354492,30.209999084472656,30.8799991607666,3200,0.0,0.0,0.0
2024-01-22 00:00:00-05:00,30.450000762939453,30.635000228881836,29.790000915527344,30.219999313354492,3600,0.0,0.0,0.0
2024-01-23 00:00:00-05:00,29.420000076293945,29.5,29.200000762939453,29.367000579833984,8500,0.0,0.0,0.0
2024-01-24 00:00:00-05:00,29.69499969482422,29.69499969482422,29.159000396728516,29.159000396728516,1100,0.0,0.0,0.0
2024-01-25 00:00:00-05:00,29.46500015258789,29.46500015258789,29.31999969482422,29.31999969482422,400,0.0,0.0,0.0
2024-01-26 00:00:00-05:00,30.54199981689453,30.54199981689453,30.54199981689453,30.54199981689453,200,0.0,0.0,0.0
2024-01-29 00:00:00-05:00,31.219999313354492,31.690000534057617,31.219999313354492,31.67300033569336,1000,0.0,0.0,0.0
2024-01-30 00:00:00-05:00,31.670000076293945,31.729999542236328,31.658000946044922,31.658000946044922,800,0.0,0.0,0.0
2024-01-31 00:00:00-05:00,30.719999313354492,30.719999313354492,30.719999313354492,30.719999313354492,300,0.0,0.0,0.0
2024-02-01 00:00:00-05:00,30.450000762939453,30.93000030517578,30.450000762939453,30.93000030517578,1400,0.0,0.0,0.0
2024-02-02 00:00:00-05:00,30.829999923706055,31.1200008392334,30.829999923706055,31.11199951171875,4300,0.0,0.0,0.0
2024-02-05 00:00:00-05:00,31.06999969482422,31.06999969482422,30.270000457763672,30.32699966430664,3200,0.0,0.0,0.0
2024-02-06 00:00:00-05:00,30.510000228881836,30.979999542236328,30.479999542236328,30.979999542236328,1400,0.0,0.0,0.0
2024-02-07 00:00:00-05:00,30.825000762939453,31.6200008392334,30.825000762939453,31.6200008392334,600,0.0,0.0,0.0
2024-02-08 00:00:00-05:00,31.3700008392334,32.6150016784668,31.3700008392334,32.6150016784668,5900,0.0,0.0,0.0
2024-02-09 00:00:00-05:00,33.74800109863281,33.74800109863281,33.74800109863281,33.74800109863281,600,0.0,0.0,0.0
2024-02-12 00:00:00-05:00,34.470001220703125,35.12300109863281,34.470001220703125,35.12300109863281,2900,0.0,0.0,0.0
2024-02-13 00:00:00-05:00,33.880001068115234,34.20399856567383,33.880001068115234,34.20399856567383,600,0.0,0.0,0.0
2024-02-14 00:00:00-05:00,35.47999954223633,36.37300109863281,35.47999954223633,36.37300109863281,1300,0.0,0.0,0.0
2024-02-15 00:00:00-05:00,36.83000183105469,37.0,36.77000045776367,36.93000030517578,1000,0.0,0.0,0.0
2024-02-16 00:00:00-05:00,37.43000030517578,37.59000015258789,37.06999969482422,37.06999969482422,1600,0.0,0.0,0.0
2024-02-20 00:00:00-05:00,37.439998626708984,37.439998626708984,36.81999969482422,37.30400085449219,1400,0.0,0.0,0.0
2024-02-21 00:00:00-05:00,36.41999816894531,36.619998931884766,36.209999084472656,36.209999084472656,3600,0.0,0.0,0.0
2024-02-22 00:00:00-05:00,36.70500183105469,37.33300018310547,36.619998931884766,37.33300018310547,1800,0.0,0.0,0.0
2024-02-23 00:00:00-05:00,37.099998474121094,37.59000015258789,36.7400016784668,37.25,3400,0.0,0.0,0.0
2024-02-26 00:00:00-05:00,37.5,39.915000915527344,37.439998626708984,39.915000915527344,2600,0.0,0.0,0.0
2024-02-27 00:00:00-05:00,41.13999938964844,41.222999572753906,40.939998626708984,40.939998626708984,11000,0.0,0.0,0.0
2024-02-28 00:00:00-05:00,42.560001373291016,44.209999084472656,41.599998474121094,42.02000045776367,12000,0.0,0.0,0.0
2024-02-29 00:00:00-05:00,43.5,43.7599983215332,42.189998626708984,42.81800079345703,2400,0.0,0.0,0.0
2024-03-01 00:00:00-05:00,42.540000915527344,43.244998931884766,42.540000915527344,43.244998931884766,1300,0.0,0.0,0.0
2024-03-04 00:00:00-05:00,44.279998779296875,45.29999923706055,44.279998779296875,45.183998107910156,8000,0.0,0.0,0.0
2024-03-05 00:00:00-05:00,45.58000183105469,46.15999984741211,41.709999084472656,42.40399932861328,13600,0.0,0.0,0.0
2024-03-06 00:00:00-05:00,45.060001373291016,45.7599983215332,44.959999084472656,45.68299865722656,2900,0.0,0.0,0.0
2024-03-07 00:00:00-05:00,45.97999954223633,46.16999816894531,45.35300064086914,46.16999816894531,3900,0.0,0.0,0.0
2024-03-08 00:00:00-05:00,46.41999816894531,48.2400016784668,46.2599983215332,47.150001525878906,4200,0.0,0.0,0.0
2024-03-11 00:00:00-04:00,48.790000915527344,48.86000061035156,48.07899856567383,48.10599899291992,3500,0.0,0.0,0.0
2024-03-12 00:00:00-04:00,47.650001525878906,48.32899856567383,46.650001525878906,47.62099838256836,32000,0.0,0.0,0.0
2024-03-13 00:00:00-04:00,49.02000045776367,49.02000045776367,47.970001220703125,48.35499954223633,4300,0.0,0.0,0.0
2024-03-14 00:00:00-04:00,48.11000061035156,48.11000061035156,45.91299819946289,46.08700180053711,3400,0.0,0.0,0.0
2024-03-15 00:00:00-04:00,45.040000915527344,45.900001525878906,45.040000915527344,45.87900161743164,3700,0.0,0.0,0.0
2024-03-18 00:00:00-04:00,45.15999984741211,45.599998474121094,44.65999984741211,44.74700164794922,4100,0.0,0.0,0.0
2024-03-19 00:00:00-04:00,42.2400016784668,43.27299880981445,42.02000045776367,43.27299880981445,2400,0.0,0.0,0.0
2024-03-20 00:00:00-04:00,43.060001373291016,45.04999923706055,42.61000061035156,45.04999923706055,2900,0.0,0.0,0.0
2024-03-21 00:00:00-04:00,46.11000061035156,46.689998626708984,45.470001220703125,45.47999954223633,1100,0.0,0.0,0.0
2024-03-22 00:00:00-04:00,44.290000915527344,44.459999084472656,43.810001373291016,44.38999938964844,3400,0.0,0.0,0.0
2024-03-25 00:00:00-04:00,45.619998931884766,47.83599853515625,45.459999084472656,47.83599853515625,4300,0.0,0.0,0.0
2024-03-26 00:00:00-04:00,48.900001525878906,48.900001525878906,46.70500183105469,46.70500183105469,2200,0.0,0.0,0.0
2024-03-27 00:00:00-04:00,47.75,47.75,45.79199981689453,45.79199981689453,4800,0.0,0.0,0.0
2024-03-28 00:00:00-04:00,46.619998931884766,47.22999954223633,46.619998931884766,47.09700012207031,2000,0.0,0.0,0.0
2024-04-01 00:00:00-04:00,47.0,47.0,45.650001525878906,45.869998931884766,2200,0.0,0.0,0.0
2024-04-02 00:00:00-04:00,43.04999923706055,44.03799819946289,43.040000915527344,44.03799819946289,1400,0.0,0.0,0.0
2024-04-03 00:00:00-04:00,44.810001373291016,44.810001373291016,44.465999603271484,44.465999603271484,400,0.0,0.0,0.0
2024-04-04 00:00:00-04:00,45.09000015258789,45.45000076293945,44.805999755859375,44.805999755859375,2600,0.0,0.0,0.0
2024-04-05 00:00:00-04:00,43.88999938964844,44.59000015258789,43.88999938964844,44.28799819946289,900,0.0,0.0,0.0
2024-04-08 00:00:00-04:00,46.7400016784668,47.12699890136719,46.720001220703125,47.12699890136719,1100,0.0,0.0,0.0
2024-04-09 00:00:00-04:00,44.90999984741211,45.18000030517578,44.90999984741211,45.18000030517578,600,0.0,0.0,0.0
2024-04-10 00:00:00-04:00,44.80400085449219,45.452999114990234,44.80400085449219,45.452999114990234,1000,0.0,0.0,0.0
2024-04-11 00:00:00-04:00,45.58000183105469,46.08000183105469,45.310001373291016,46.04999923706055,3400,0.0,0.0,0.0
2024-04-12 00:00:00-04:00,44.52000045776367,44.52000045776367,43.41999816894531,43.41999816894531,2200,0.0,0.0,0.0
2024-04-15 00:00:00-04:00,43.31999969482422,43.33000183105469,41.11199951171875,41.11199951171875,800,0.0,0.0,0.0
2024-04-16 00:00:00-04:00,41.130001068115234,41.130001068115234,40.11000061035156,40.61800003051758,1500,0.0,0.0,0.0
2024-04-17 00:00:00-04:00,40.75,40.75,39.470001220703125,39.939998626708984,1600,0.0,0.0,0.0
2024-04-18 00:00:00-04:00,40.630001068115234,41.16999816894531,39.959999084472656,40.582000732421875,4200,0.0,0.0,0.0
2024-04-19 00:00:00-04:00,40.25,40.65999984741211,40.11000061035156,40.49100112915039,1500,0.0,0.0,0.0
2024-04-22 00:00:00-04:00,41.7400016784668,42.01900100708008,41.61000061035156,41.882999420166016,2400,0.0,0.0,0.0
2024-04-23 00:00:00-04:00,42.029998779296875,42.79499816894531,42.029998779296875,42.79499816894531,300,0.0,0.0,0.0
2024-04-24 00:00:00-04:00,42.0099983215332,42.029998779296875,41.479000091552734,41.479000091552734,7600,0.0,0.0,0.0
2024-04-25 00:00:00-04:00,40.709999084472656,41.553001403808594,40.709999084472656,41.553001403808594,1600,0.0,0.0,0.0
2024-04-26 00:00:00-04:00,41.77000045776367,42.0629997253418,41.77000045776367,42.0629997253418,700,0.0,0.0,0.0
2024-04-29 00:00:00-04:00,41.849998474121094,41.849998474121094,41.29600143432617,41.29600143432617,500,0.0,0.0,0.0
2024-04-30 00:00:00-04:00,39.15999984741211,39.15999984741211,38.82099914550781,38.82099914550781,400,0.0,0.0,0.0
2024-05-01 00:00:00-04:00,38.000999450683594,38.90999984741211,37.880001068115234,38.33599853515625,1000,0.0,0.0,0.0
2024-05-02 00:00:00-04:00,39.595001220703125,40.08300018310547,39.56999969482422,40.08300018310547,1000,0.0,0.0,0.0
2024-05-03 00:00:00-04:00,40.983001708984375,40.983001708984375,40.983001708984375,40.983001708984375,100,0.0,0.0,0.0
2024-05-06 00:00:00-04:00,42.130001068115234,42.130001068115234,41.470001220703125,41.790000915527344,1300,0.0,0.0,0.0
2024-05-07 00:00:00-04:00,41.09000015258789,41.13199996948242,41.09000015258789,41.13199996948242,300,0.0,0.0,0.0
2024-05-08 00:00:00-04:00,40.32699966430664,40.32699966430664,40.32699966430664,40.32699966430664,100,0.0,0.0,0.0
2024-05-09 00:00:00-04:00,40.305999755859375,40.45100021362305,40.22999954223633,40.45100021362305,1400,0.0,0.0,0.0
2024-05-10 00:00:00-04:00,39.25,39.340999603271484,39.02299880981445,39.02299880981445,800,0.0,0.0,0.0
2024-05-13 00:00:00-04:00,39.45199966430664,39.7400016784668,39.45199966430664,39.606998443603516,700,0.0,0.0,0.0
2024-05-14 00:00:00-04:00,39.382999420166016,39.382999420166016,39.382999420166016,39.382999420166016,100,0.0,0.0,0.0
2024-05-15 00:00:00-04:00,40.9370002746582,41.58000183105469,40.9370002746582,41.56399917602539,600,0.0,0.0,0.0
2024-05-16 00:00:00-04:00,40.97999954223633,40.97999954223633,40.29600143432617,40.30400085449219,1300,0.0,0.0,0.0
2024-05-17 00:00:00-04:00,41.529998779296875,41.8120002746582,41.529998779296875,41.71900177001953,600,0.0,0.0,0.0
2024-05-20 00:00:00-04:00,44.029998779296875,44.1879997253418,44.029998779296875,44.1879997253418,1000,0.0,0.0,0.0
2024-05-21 00:00:00-04:00,44.9739990234375,44.9739990234375,44.65299987792969,44.65299987792969,700,0.0,0.0,0.0
2024-05-22 00:00:00-04:00,45.104000091552734,45.189998626708984,44.70500183105469,44.7869987487793,1100,0.0,0.0,0.0
2024-05-23 00:00:00-04:00,45.0,45.0,43.470001220703125,43.6870002746582,800,0.0,0.0,0.0
2024-05-24 00:00:00-04:00,44.540000915527344,44.724998474121094,44.540000915527344,44.724998474121094,800,0.0,0.0,0.0
2024-05-28 00:00:00-04:00,45.2400016784668,45.2400016784668,45.15299987792969,45.15299987792969,400,0.0,0.0,0.0
2024-05-29 00:00:00-04:00,44.41299819946289,44.41299819946289,44.41299819946289,44.41299819946289,200,0.0,0.0,0.0
2024-05-30 00:00:00-04:00,44.89799880981445,44.89799880981445,44.89799880981445,44.89799880981445,200,0.0,0.0,0.0
2024-05-31 00:00:00-04:00,44.29999923706055,44.29999923706055,43.599998474121094,44.2130012512207,600,0.0,0.0,0.0
2024-06-03 00:00:00-04:00,44.41999816894531,44.79800033569336,44.41999816894531,44.79800033569336,300,0.0,0.0,0.0
2024-06-04 00:00:00-04:00,45.66999816894531,45.849998474121094,45.452999114990234,45.452999114990234,400,0.0,0.0,0.0
2024-06-05 00:00:00-04:00,46.0,46.349998474121094,45.32600021362305,46.349998474121094,2800,0.0,0.0,0.0
2024-06-06 00:00:00-04:00,46.33000183105469,46.939998626708984,46.33000183105469,46.55799865722656,600,0.0,0.0,0.0
2024-06-07 00:00:00-04:00,46.88999938964844,46.88999938964844,45.44499969482422,45.44499969482422,300,0.0,0.0,0.0
2024-06-10 00:00:00-04:00,45.880001068115234,45.880001068115234,45.880001068115234,45.880001068115234,100,0.0,0.0,0.0
2024-06-11 00:00:00-04:00,44.400001525878906,44.70000076293945,44.209999084472656,44.60599899291992,800,0.0,0.0,0.0
2024-06-12 00:00:00-04:00,45.779998779296875,46.25,45.130001068115234,45.130001068115234,600,0.0,0.0,0.0
2024-06-13 00:00:00-04:00,44.540000915527344,44.540000915527344,44.28099822998047,44.28099822998047,400,0.0,0.0,0.0
2024-06-14 00:00:00-04:00,44.16999816894531,44.16999816894531,43.659000396728516,43.659000396728516,300,0.0,0.0,0.0
2024-06-17 00:00:00-04:00,44.310001373291016,44.310001373291016,44.310001373291016,44.310001373291016,300,0.0,0.0,0.0
2024-06-18 00:00:00-04:00,43.5099983215332,43.5099983215332,42.91299819946289,42.91299819946289,400,0.0,0.0,0.0
2024-06-20 00:00:00-04:00,43.487998962402344,43.487998962402344,43.487998962402344,43.487998962402344,100,0.0,0.0,0.0
2024-06-21 00:00:00-04:00,43.23099899291992,43.23099899291992,43.23099899291992,43.23099899291992,100,0.0,0.0,0.0
2024-06-24 00:00:00-04:00,41.900001525878906,41.900001525878906,40.959999084472656,40.99100112915039,1200,0.0,0.0,0.0
2024-06-25 00:00:00-04:00,42.486000061035156,42.486000061035156,42.486000061035156,42.486000061035156,100,0.0,0.0,0.0
2024-06-26 00:00:00-04:00,42.16400146484375,42.16400146484375,42.16400146484375,42.16400146484375,100,0.0,0.0,0.0
2024-06-27 00:00:00-04:00,42.880001068115234,42.880001068115234,42.60100173950195,42.60100173950195,200,0.0,0.0,0.0
2024-06-28 00:00:00-04:00,42.33000183105469,42.33000183105469,42.007999420166016,42.007999420166016,200,0.0,0.0,0.0
2024-07-01 00:00:00-04:00,43.11899948120117,43.11899948120117,43.11899948120117,43.11899948120117,100,0.0,0.0,0.0
2024-07-02 00:00:00-04:00,42.69300079345703,42.69300079345703,42.69300079345703,42.69300079345703,100,0.0,0.0,0.0
2024-07-03 00:00:00-04:00,41.869998931884766,42.104000091552734,41.869998931884766,42.104000091552734,600,0.0,0.0,0.0
2024-07-05 00:00:00-04:00,40.369998931884766,40.513999938964844,40.369998931884766,40.513999938964844,400,0.0,0.0,0.0
2024-07-08 00:00:00-04:00,40.68000030517578,40.68000030517578,40.275001525878906,40.275001525878906,400,0.0,0.0,0.0
2024-07-09 00:00:00-04:00,40.630001068115234,40.715999603271484,40.630001068115234,40.715999603271484,300,0.0,0.0,0.0
2024-07-10 00:00:00-04:00,40.742000579833984,40.742000579833984,40.742000579833984,40.742000579833984,200,0.0,0.0,0.0
2024-07-11 00:00:00-04:00,41.36000061035156,41.36000061035156,40.69200134277344,40.69200134277344,400,0.0,0.0,0.0
2024-07-12 00:00:00-04:00,41.15800094604492,41.15800094604492,41.15800094604492,41.15800094604492,200,0.0,0.0,0.0
2024-07-15 00:00:00-04:00,44.13999938964844,44.5,44.13999938964844,44.34199905395508,600,0.0,0.0,0.0
2024-07-16 00:00:00-04:00,45.54499816894531,45.54499816894531,45.54499816894531,45.54499816894531,100,0.0,0.0,0.0
2024-07-17 00:00:00-04:00,44.8120002746582,44.8120002746582,44.8120002746582,44.8120002746582,100,0.0,0.0,0.0
2024-07-18 00:00:00-04:00,43.35499954223633,43.35499954223633,43.35499954223633,43.35499954223633,100,0.0,0.0,0.0
2024-07-19 00:00:00-04:00,45.21699905395508,45.21699905395508,45.21699905395508,45.21699905395508,100,0.0,0.0,0.0
2024-07-22 00:00:00-04:00,44.71500015258789,45.650001525878906,44.71500015258789,45.52799987792969,300,0.0,0.0,0.0
2024-07-23 00:00:00-04:00,44.4640007019043,44.4640007019043,44.4640007019043,44.4640007019043,100,0.0,0.0,0.0
2024-07-24 00:00:00-04:00,43.104000091552734,43.104000091552734,43.104000091552734,43.104000091552734,100,0.0,0.0,0.0
2024-07-25 00:00:00-04:00,41.66899871826172,41.66899871826172,41.66899871826172,41.66899871826172,200,0.0,0.0,0.0
2024-07-26 00:00:00-04:00,43.33000183105469,43.33000183105469,43.0629997253418,43.0629997253418,400,0.0,0.0,0.0
2024-07-29 00:00:00-04:00,42.869998931884766,42.869998931884766,42.689998626708984,42.689998626708984,600,0.0,0.0,0.0
2024-07-30 00:00:00-04:00,42.97999954223633,42.992000579833984,41.952999114990234,41.952999114990234,600,0.0,0.0,0.0
2024-07-31 00:00:00-04:00,42.709999084472656,42.7400016784668,42.16299819946289,42.16299819946289,1100,0.0,0.0,0.0
2024-08-01 00:00:00-04:00,41.91999816894531,41.91999816894531,40.0099983215332,40.3380012512207,2300,0.0,0.0,0.0
2024-08-02 00:00:00-04:00,39.61000061035156,39.630001068115234,39.19300079345703,39.19300079345703,1300,0.0,0.0,0.0
2024-08-05 00:00:00-04:00,33.06999969482422,35.29999923706055,33.06999969482422,34.5989990234375,2400,0.0,0.0,0.0
2024-08-06 00:00:00-04:00,35.95000076293945,36.222999572753906,35.95000076293945,36.222999572753906,600,0.0,0.0,0.0
2024-08-07 00:00:00-04:00,35.42399978637695,35.42399978637695,35.42399978637695,35.42399978637695,400,0.0,0.0,0.0
2024-08-08 00:00:00-04:00,37.869998931884766,37.9739990234375,37.869998931884766,37.9739990234375,600,0.0,0.0,0.0
2024-08-09 00:00:00-04:00,38.4900016784668,38.65999984741211,38.459999084472656,38.56999969482422,2300,0.0,0.0,0.0
2024-08-12 00:00:00-04:00,38.77000045776367,38.77000045776367,38.16999816894531,38.20399856567383,700,0.0,0.0,0.0
2024-08-13 00:00:00-04:00,39.25400161743164,39.25400161743164,39.25400161743164,39.25400161743164,100,0.0,0.0,0.0
2024-08-14 00:00:00-04:00,38.689998626708984,38.87099838256836,38.689998626708984,38.87099838256836,500,0.0,0.0,0.0
2024-08-15 00:00:00-04:00,38.80699920654297,38.80699920654297,38.80699920654297,38.80699920654297,100,0.0,0.0,0.0
2024-08-16 00:00:00-04:00,39.345001220703125,39.957000732421875,39.25,39.957000732421875,1500,0.0,0.0,0.0
2024-08-19 00:00:00-04:00,39.86000061035156,39.99599838256836,39.86000061035156,39.99599838256836,200,0.0,0.0,0.0
2024-08-20 00:00:00-04:00,40.43000030517578,40.470001220703125,39.439998626708984,39.81399917602539,13700,0.0,0.0,0.0
2024-08-21 00:00:00-04:00,39.75,40.400001525878906,39.75,40.400001525878906,700,0.0,0.0,0.0
2024-08-22 00:00:00-04:00,39.821998596191406,39.821998596191406,39.821998596191406,39.821998596191406,100,0.0,0.0,0.0
2024-08-23 00:00:00-04:00,41.5,41.685001373291016,41.5,41.685001373291016,200,0.0,0.0,0.0
2024-08-26 00:00:00-04:00,41.159000396728516,41.159000396728516,41.159000396728516,41.159000396728516,100,0.0,0.0,0.0
2024-08-27 00:00:00-04:00,40.43000030517578,40.43000030517578,40.43000030517578,40.43000030517578,200,0.0,0.0,0.0
2024-08-28 00:00:00-04:00,39.125999450683594,39.125999450683594,39.125999450683594,39.125999450683594,100,0.0,0.0,0.0
2024-08-29 00:00:00-04:00,39.255001068115234,39.255001068115234,39.255001068115234,39.255001068115234,200,0.0,0.0,0.0
2024-08-30 00:00:00-04:00,39.23899841308594,39.23899841308594,39.025001525878906,39.025001525878906,1000,0.0,0.0,0.0
2024-09-03 00:00:00-04:00,38.189998626708984,38.2400016784668,37.784000396728516,37.784000396728516,700,0.0,0.0,0.0
2024-09-04 00:00:00-04:00,37.54800033569336,37.54800033569336,37.54800033569336,37.54800033569336,100,0.0,0.0,0.0
2024-09-05 00:00:00-04:00,37.119998931884766,37.119998931884766,36.895999908447266,36.895999908447266,1300,0.0,0.0,0.0
2024-09-06 00:00:00-04:00,35.849998474121094,35.86000061035156,35.03799819946289,35.03799819946289,3400,0.0,0.0,0.0
2024-09-09 00:00:00-04:00,36.31999969482422,36.638999938964844,36.31999969482422,36.638999938964844,500,0.0,0.0,0.0
2024-09-10 00:00:00-04:00,36.638999938964844,36.96500015258789,36.638999938964844,36.96500015258789,200,0.0,0.0,0.0
2024-09-11 00:00:00-04:00,37.0,37.233001708984375,37.0,37.233001708984375,200,0.0,0.0,0.0
2024-09-12 00:00:00-04:00,37.290000915527344,37.79800033569336,37.290000915527344,37.79800033569336,2200,0.0,0.0,0.0
2024-09-13 00:00:00-04:00,37.79999923706055,38.60900115966797,37.79999923706055,38.369998931884766,500,0.0,0.0,0.0
2024-09-16 00:00:00-04:00,37.40999984741211,38.11000061035156,37.400001525878906,37.834999084472656,2400,0.0,0.0,0.0
2024-09-17 00:00:00-04:00,38.380001068115234,38.83000183105469,38.380001068115234,38.69900131225586,400,0.0,0.0,0.0
2024-09-18 00:00:00-04:00,39.459999084472656,39.459999084472656,38.68600082397461,38.68600082397461,200,0.0,0.0,0.0
2024-09-19 00:00:00-04:00,40.35300064086914,40.35300064086914,40.310001373291016,40.310001373291016,300,0.0,0.0,0.0
2024-09-20 00:00:00-04:00,40.5099983215332,40.5099983215332,40.38800048828125,40.38800048828125,200,0.0,0.0,0.0
2024-09-23 00:00:00-04:00,41.099998474121094,41.099998474121094,40.82500076293945,40.82500076293945,500,0.0,0.0,0.0
2024-09-24 00:00:00-04:00,41.11800003051758,41.11800003051758,41.11800003051758,41.11800003051758,100,0.0,0.0,0.0
2024-09-25 00:00:00-04:00,40.33599853515625,40.33599853515625,40.33599853515625,40.33599853515625,100,0.0,0.0,0.0
2024-09-26 00:00:00-04:00,41.0,41.52899932861328,41.0,41.52899932861328,400,0.0,0.0,0.0
2024-09-27 00:00:00-04:00,38.66999816894531,39.027000427246094,38.494998931884766,39.027000427246094,1900,0.0,0.0,0.0
2024-09-30 00:00:00-04:00,38.27000045776367,38.279998779296875,37.83000183105469,37.85200119018555,1700,0.0,0.0,0.0
2024-10-01 00:00:00-04:00,37.31999969482422,37.31999969482422,36.150001525878906,36.55699920654297,1200,0.0,0.0,0.0
2024-10-02 00:00:00-04:00,35.933998107910156,35.933998107910156,35.933998107910156,35.933998107910156,100,0.0,0.0,0.0
2024-10-03 00:00:00-04:00,35.78200149536133,35.90800094604492,35.78200149536133,35.90800094604492,400,0.0,0.0,0.0
2024-10-04 00:00:00-04:00,36.27000045776367,36.946998596191406,36.27000045776367,36.946998596191406,300,0.0,0.0,0.0
2024-10-07 00:00:00-04:00,36.9900016784668,37.599998474121094,36.709999084472656,36.98099899291992,4800,0.0,0.0,0.0
2024-10-08 00:00:00-04:00,37.369998931884766,37.369998931884766,37.369998931884766,37.369998931884766,100,0.0,0.0,0.0
2024-10-09 00:00:00-04:00,37.2400016784668,37.2400016784668,37.099998474121094,37.145999908447266,400,0.0,0.0,0.0
2024-10-10 00:00:00-04:00,36.775001525878906,36.775001525878906,36.775001525878906,36.775001525878906,100,0.0,0.0,0.0
2024-10-11 00:00:00-04:00,37.38999938964844,38.16400146484375,37.38999938964844,38.16400146484375,1100,0.0,0.0,0.0
2024-10-14 00:00:00-04:00,38.66999816894531,40.0099983215332,38.66999816894531,39.994998931884766,600,0.0,0.0,0.0
2024-10-15 00:00:00-04:00,39.90999984741211,39.90999984741211,39.119998931884766,39.81999969482422,3700,0.0,0.0,0.0
2024-10-16 00:00:00-04:00,39.84000015258789,40.64400100708008,39.84000015258789,40.64400100708008,5200,0.0,0.0,0.0
2024-10-17 00:00:00-04:00,40.63999938964844,40.63999938964844,39.810001373291016,39.952999114990234,4100,0.0,0.0,0.0
2024-10-18 00:00:00-04:00,40.52000045776367,41.17879867553711,41.10200119018555,41.10200119018555,5406,0.0,0.0,0.0
