Date,Open,High,Low,Close,Volume,Dividends,Stock Splits
2017-06-15 00:00:00-04:00,162.0,162.0,130.60000610351562,145.0,4305,0.0,0.0
2017-06-16 00:00:00-04:00,156.0,196.60000610351562,144.60000610351562,192.0,14590,0.0,0.0
2017-06-19 00:00:00-04:00,200.0,233.1999969482422,190.0,202.24000549316406,11005,0.0,0.0
2017-06-20 00:00:00-04:00,201.0,214.0,192.0,205.0,2310,0.0,0.0
2017-06-21 00:00:00-04:00,205.0,210.0,200.0,210.0,5235,0.0,0.0
2017-06-22 00:00:00-04:00,213.0,213.0,200.39999389648438,211.1999969482422,4640,0.0,0.0
2017-06-23 00:00:00-04:00,210.0,214.0,202.1999969482422,212.1999969482422,1180,0.0,0.0
2017-06-26 00:00:00-04:00,212.60000610351562,214.0,208.55999755859375,214.0,1175,0.0,0.0
2017-06-27 00:00:00-04:00,215.0,215.39999389648438,212.0,215.39999389648438,900,0.0,0.0
2017-06-28 00:00:00-04:00,216.0,290.0,216.0,290.0,11995,0.0,0.0
2017-06-29 00:00:00-04:00,346.0,346.0,293.0,313.79998779296875,15210,0.0,0.0
2017-06-30 00:00:00-04:00,320.0,327.7200012207031,313.79998779296875,321.0,6750,0.0,0.0
2017-07-03 00:00:00-04:00,313.0,349.9800109863281,313.0,330.0,6125,0.0,0.0
2017-07-05 00:00:00-04:00,341.0,341.0,307.3999938964844,340.20001220703125,8760,0.0,0.0
2017-07-06 00:00:00-04:00,347.6000061035156,349.0,317.79998779296875,342.0,5760,0.0,0.0
2017-07-07 00:00:00-04:00,333.6000061035156,343.0,330.0,337.0,1735,0.0,0.0
2017-07-10 00:00:00-04:00,340.0,342.05999755859375,327.79998779296875,342.0,1780,0.0,0.0
2017-07-11 00:00:00-04:00,342.3999938964844,343.6000061035156,334.79998779296875,342.32000732421875,4335,0.0,0.0
2017-07-12 00:00:00-04:00,343.79998779296875,366.20001220703125,292.20001220703125,343.0,10975,0.0,0.0
2017-07-13 00:00:00-04:00,348.0,348.0,304.0,307.6000061035156,4345,0.0,0.0
2017-07-14 00:00:00-04:00,320.0,322.3999938964844,291.79998779296875,302.3999938964844,2825,0.0,0.0
2017-07-17 00:00:00-04:00,300.20001220703125,300.3800048828125,250.0,255.0,9380,0.0,0.0
2017-07-18 00:00:00-04:00,255.0,257.0,243.0,248.1999969482422,5315,0.0,0.0
2017-07-19 00:00:00-04:00,245.0,245.0,208.32000732421875,210.1999969482422,3280,0.0,0.0
2017-07-20 00:00:00-04:00,200.8000030517578,203.10000610351562,174.0,184.0,3740,0.0,0.0
2017-07-21 00:00:00-04:00,182.0,185.60000610351562,175.0,176.0,5175,0.0,0.0
2017-07-24 00:00:00-04:00,174.60000610351562,197.47999572753906,165.0,176.0,4035,0.0,0.0
2017-07-25 00:00:00-04:00,174.8000030517578,188.0,174.1999969482422,177.1999969482422,5850,0.0,0.0
2017-07-26 00:00:00-04:00,168.0,213.0,168.0,210.0,10795,0.0,0.0
2017-07-27 00:00:00-04:00,213.0,213.0,199.0,200.60000610351562,2615,0.0,0.0
2017-07-28 00:00:00-04:00,196.0,200.60000610351562,188.0,194.0,2040,0.0,0.0
2017-07-31 00:00:00-04:00,189.39999389648438,201.75999450683594,172.0,179.8000030517578,1650,0.0,0.0
2017-08-01 00:00:00-04:00,176.0,179.32000732421875,165.0,166.0,5170,0.0,0.0
2017-08-02 00:00:00-04:00,168.39999389648438,168.39999389648438,130.0,135.0,4650,0.0,0.0
2017-08-03 00:00:00-04:00,133.8000030517578,143.1999969482422,122.19999694824219,130.1999969482422,6455,0.0,0.0
2017-08-04 00:00:00-04:00,130.0,134.60000610351562,127.5999984741211,127.80000305175781,1200,0.0,0.0
2017-08-07 00:00:00-04:00,143.8000030517578,143.8000030517578,127.73999786376953,129.8000030517578,1495,0.0,0.0
2017-08-08 00:00:00-04:00,135.8000030517578,165.44000244140625,131.52000427246094,154.0,8805,0.0,0.0
2017-08-09 00:00:00-04:00,165.0,167.8000030517578,150.60000610351562,164.0,2265,0.0,0.0
2017-08-10 00:00:00-04:00,168.0,209.8000030517578,160.0,209.8000030517578,7290,0.0,0.0
2017-08-11 00:00:00-04:00,209.17999267578125,211.0,174.60000610351562,211.0,4235,0.0,0.0
2017-08-14 00:00:00-04:00,211.0,237.1999969482422,201.60000610351562,230.0,5485,0.0,0.0
2017-08-15 00:00:00-04:00,229.0,252.16000366210938,226.0,240.0,8925,0.0,0.0
2017-08-16 00:00:00-04:00,250.0,259.6000061035156,240.25999450683594,257.20001220703125,6245,0.0,0.0
2017-08-17 00:00:00-04:00,257.20001220703125,271.6000061035156,243.3800048828125,261.79998779296875,10160,0.0,0.0
2017-08-18 00:00:00-04:00,257.20001220703125,268.79998779296875,240.3800048828125,262.20001220703125,6170,0.0,0.0
2017-08-21 00:00:00-04:00,263.0,269.20001220703125,250.0,264.0,5960,0.0,0.0
2017-08-22 00:00:00-04:00,246.1999969482422,264.79998779296875,240.39999389648438,264.0,7120,0.0,0.0
2017-08-23 00:00:00-04:00,264.3999938964844,265.0,248.60000610351562,253.8000030517578,5170,0.0,0.0
2017-08-24 00:00:00-04:00,254.0,260.0,245.4199981689453,257.3999938964844,3950,0.0,0.0
2017-08-25 00:00:00-04:00,257.0,259.79998779296875,242.39999389648438,256.6000061035156,3940,0.0,0.0
2017-08-28 00:00:00-04:00,256.6000061035156,263.20001220703125,251.8000030517578,261.0,3300,0.0,0.0
2017-08-29 00:00:00-04:00,258.0,265.6000061035156,255.1999969482422,261.0,4225,0.0,0.0
2017-08-30 00:00:00-04:00,252.8000030517578,271.3999938964844,252.8000030517578,264.3999938964844,9475,0.0,0.0
2017-08-31 00:00:00-04:00,264.79998779296875,264.79998779296875,222.8000030517578,234.8000030517578,7835,0.0,0.0
2017-09-01 00:00:00-04:00,235.0,240.0,219.0,239.0,3010,0.0,0.0
2017-09-05 00:00:00-04:00,237.60000610351562,244.0,225.1999969482422,238.0,15895,0.0,0.0
2017-09-06 00:00:00-04:00,240.0,261.0,232.02000427246094,259.8999938964844,13025,0.0,0.0
2017-09-07 00:00:00-04:00,250.39999389648438,276.20001220703125,234.05999755859375,267.0,11565,0.0,0.0
2017-09-08 00:00:00-04:00,264.3999938964844,268.0,253.0,257.20001220703125,11730,0.0,0.0
2017-09-11 00:00:00-04:00,266.20001220703125,266.20001220703125,234.8000030517578,235.1999969482422,12750,0.0,0.0
2017-09-12 00:00:00-04:00,232.0,237.10000610351562,223.1999969482422,228.1999969482422,8855,0.0,0.0
2017-09-13 00:00:00-04:00,224.8000030517578,225.16000366210938,192.0,202.39999389648438,17080,0.0,0.0
2017-09-14 00:00:00-04:00,201.60000610351562,201.60000610351562,156.1999969482422,160.1999969482422,26145,0.0,0.0
2017-09-15 00:00:00-04:00,158.60000610351562,159.0,137.8000030517578,140.0,38910,0.0,0.0
2017-09-18 00:00:00-04:00,142.0,159.60000610351562,137.8000030517578,139.1999969482422,17615,0.0,0.0
2017-09-19 00:00:00-04:00,139.1999969482422,143.60000610351562,130.1999969482422,135.0,9210,0.0,0.0
2017-09-20 00:00:00-04:00,133.39999389648438,150.60000610351562,133.39999389648438,143.8000030517578,37560,0.0,0.0
2017-09-21 00:00:00-04:00,145.39999389648438,166.67999267578125,145.39999389648438,157.60000610351562,37100,0.0,0.0
2017-09-22 00:00:00-04:00,160.0,169.60000610351562,158.0,163.60000610351562,29965,0.0,0.0
2017-09-25 00:00:00-04:00,164.1999969482422,166.0,130.8000030517578,143.0,32130,0.0,0.0
2017-09-26 00:00:00-04:00,140.0,146.60000610351562,136.60000610351562,142.0,11960,0.0,0.0
2017-09-27 00:00:00-04:00,143.1999969482422,144.0,138.1999969482422,139.0,3875,0.0,0.0
2017-09-28 00:00:00-04:00,139.0,151.39999389648438,139.0,146.39999389648438,11845,0.0,0.0
2017-09-29 00:00:00-04:00,147.1999969482422,149.77999877929688,138.8000030517578,139.1999969482422,7425,0.0,0.0
2017-10-02 00:00:00-04:00,140.60000610351562,143.1999969482422,140.0,142.0,2480,0.0,0.0
2017-10-03 00:00:00-04:00,142.0,144.0,138.1999969482422,140.1999969482422,5835,0.0,0.0
2017-10-04 00:00:00-04:00,140.10000610351562,144.0,138.1999969482422,138.8000030517578,2355,0.0,0.0
2017-10-05 00:00:00-04:00,140.0,140.0,130.39999389648438,134.0,6260,0.0,0.0
2017-10-06 00:00:00-04:00,134.39999389648438,134.8000030517578,130.22000122070312,133.8000030517578,2660,0.0,0.0
2017-10-09 00:00:00-04:00,135.39999389648438,137.1999969482422,126.80000305175781,128.1999969482422,3715,0.0,0.0
2017-10-10 00:00:00-04:00,130.39999389648438,137.0,128.60000610351562,137.0,4790,0.0,0.0
2017-10-11 00:00:00-04:00,144.0,144.0,131.8000030517578,134.0,3070,0.0,0.0
2017-10-12 00:00:00-04:00,134.60000610351562,139.60000610351562,133.8000030517578,138.60000610351562,3040,0.0,0.0
2017-10-13 00:00:00-04:00,140.0,140.0,131.60000610351562,137.1999969482422,1130,0.0,0.0
2017-10-16 00:00:00-04:00,133.1999969482422,133.67999267578125,129.8000030517578,130.0,2575,0.0,0.0
2017-10-17 00:00:00-04:00,132.5800018310547,132.5800018310547,95.4000015258789,96.5999984741211,13190,0.0,0.0
2017-10-18 00:00:00-04:00,98.0,99.0,79.19999694824219,83.80000305175781,13965,0.0,0.0
2017-10-19 00:00:00-04:00,82.19999694824219,93.5999984741211,78.19999694824219,84.19999694824219,6070,0.0,0.0
2017-10-20 00:00:00-04:00,85.19999694824219,88.4000015258789,84.5999984741211,84.5999984741211,6165,0.0,0.0
2017-10-23 00:00:00-04:00,86.0,86.80000305175781,76.19999694824219,82.0,8650,0.0,0.0
2017-10-24 00:00:00-04:00,78.41999816894531,80.08000183105469,73.19999694824219,73.4000015258789,2805,0.0,0.0
2017-10-25 00:00:00-04:00,74.0,79.80000305175781,73.4000015258789,79.19999694824219,3655,0.0,0.0
2017-10-26 00:00:00-04:00,80.4000015258789,91.19999694824219,80.4000015258789,88.0,11285,0.0,0.0
2017-10-27 00:00:00-04:00,88.0,102.9800033569336,88.0,96.4000015258789,10335,0.0,0.0
2017-10-30 00:00:00-04:00,100.19999694824219,109.0,93.19999694824219,93.80000305175781,6390,0.0,0.0
2017-10-31 00:00:00-04:00,95.5999984741211,99.4000015258789,95.5999984741211,99.19999694824219,2525,0.0,0.0
2017-11-01 00:00:00-04:00,100.0,101.4000015258789,86.19999694824219,91.0,5700,0.0,0.0
2017-11-02 00:00:00-04:00,92.4000015258789,97.4000015258789,89.0,97.0,4035,0.0,0.0
2017-11-03 00:00:00-04:00,98.19999694824219,98.19999694824219,89.41999816894531,92.0,1945,0.0,0.0
2017-11-06 00:00:00-05:00,90.19999694824219,92.0,86.80000305175781,88.5999984741211,1965,0.0,0.0
2017-11-07 00:00:00-05:00,88.5999984741211,88.5999984741211,76.4000015258789,78.80000305175781,7515,0.0,0.0
2017-11-08 00:00:00-05:00,79.0,80.4000015258789,73.5999984741211,73.80000305175781,5045,0.0,0.0
2017-11-09 00:00:00-05:00,80.4000015258789,80.5999984741211,76.4000015258789,79.19999694824219,2515,0.0,0.0
2017-11-10 00:00:00-05:00,88.0,88.0,79.19999694824219,82.4000015258789,3320,0.0,0.0
2017-11-13 00:00:00-05:00,82.5999984741211,85.4000015258789,81.0,84.19999694824219,1910,0.0,0.0
2017-11-14 00:00:00-05:00,85.0,86.0,81.80000305175781,86.0,2460,0.0,0.0
2017-11-15 00:00:00-05:00,86.4000015258789,96.5999984741211,85.4000015258789,93.5999984741211,4990,0.0,0.0
2017-11-16 00:00:00-05:00,93.5999984741211,98.80000305175781,92.19999694824219,98.4000015258789,4515,0.0,0.0
2017-11-17 00:00:00-05:00,96.5999984741211,97.80000305175781,94.5999984741211,97.80000305175781,1015,0.0,0.0
2017-11-20 00:00:00-05:00,97.80000305175781,97.80000305175781,78.0,80.19999694824219,3685,0.0,0.0
2017-11-21 00:00:00-05:00,79.0,82.19999694824219,79.0,80.5999984741211,3205,0.0,0.0
2017-11-22 00:00:00-05:00,80.80000305175781,82.19999694824219,80.41999816894531,80.80000305175781,1020,0.0,0.0
2017-11-24 00:00:00-05:00,80.80000305175781,80.81999969482422,73.5999984741211,77.4000015258789,1615,0.0,0.0
2017-11-27 00:00:00-05:00,78.19999694824219,79.54000091552734,75.95999908447266,76.4000015258789,1715,0.0,0.0
2017-11-28 00:00:00-05:00,77.0,77.05999755859375,61.0,61.20000076293945,9470,0.0,0.0
2017-11-29 00:00:00-05:00,64.19999694824219,71.19999694824219,64.19999694824219,67.19999694824219,3310,0.0,0.0
2017-11-30 00:00:00-05:00,68.4000015258789,68.80000305175781,62.400001525878906,65.0,1740,0.0,0.0
2017-12-01 00:00:00-05:00,64.80000305175781,68.5999984741211,61.0,63.959999084472656,2860,0.0,0.0
2017-12-04 00:00:00-05:00,64.0,73.4000015258789,64.0,69.80000305175781,3310,0.0,0.0
2017-12-05 00:00:00-05:00,68.5999984741211,76.80000305175781,68.5999984741211,73.19999694824219,2920,0.0,0.0
2017-12-06 00:00:00-05:00,73.80000305175781,73.80000305175781,65.91999816894531,68.4000015258789,1330,0.0,0.0
2017-12-07 00:00:00-05:00,73.0,74.0,60.79999923706055,63.79999923706055,6855,0.0,0.0
2017-12-08 00:00:00-05:00,65.5999984741211,75.4000015258789,61.400001525878906,74.80000305175781,6300,0.0,0.0
2017-12-11 00:00:00-05:00,72.4000015258789,74.5999984741211,67.19999694824219,67.4000015258789,1870,0.0,0.0
2017-12-12 00:00:00-05:00,67.80000305175781,73.33999633789062,62.0,62.599998474121094,2200,0.0,0.0
2017-12-13 00:00:00-05:00,69.4000015258789,69.4000015258789,55.0,60.0,8990,0.0,0.0
2017-12-14 00:00:00-05:00,58.20000076293945,62.599998474121094,58.0,58.0,3675,0.0,0.0
2017-12-15 00:00:00-05:00,60.0,62.0,58.0,58.20000076293945,3820,0.0,0.0
2017-12-18 00:00:00-05:00,59.20000076293945,66.5999984741211,57.20000076293945,59.79999923706055,4385,0.0,0.0
2017-12-19 00:00:00-05:00,60.79999923706055,60.79999923706055,52.0,52.400001525878906,7415,0.0,0.0
2017-12-20 00:00:00-05:00,52.599998474121094,53.720001220703125,47.0,48.0,4100,0.0,0.0
2017-12-21 00:00:00-05:00,49.0,50.0,47.400001525878906,47.400001525878906,3405,0.0,0.0
2017-12-22 00:00:00-05:00,48.0,95.0,48.0,73.5999984741211,69115,0.0,0.0
2017-12-26 00:00:00-05:00,74.0,134.60000610351562,72.0,100.0,134700,0.0,0.0
2017-12-27 00:00:00-05:00,108.0,129.4199981689453,84.19999694824219,87.19999694824219,62660,0.0,0.0
2017-12-28 00:00:00-05:00,85.80000305175781,91.19999694824219,72.5999984741211,83.5999984741211,47970,0.0,0.0
2017-12-29 00:00:00-05:00,84.19999694824219,92.80000305175781,81.26000213623047,88.0,20660,0.0,0.0
2018-01-02 00:00:00-05:00,91.80000305175781,102.4000015258789,83.5999984741211,98.5999984741211,19015,0.0,0.0
2018-01-03 00:00:00-05:00,101.80000305175781,102.80000305175781,86.5999984741211,91.5,6515,0.0,0.0
2018-01-04 00:00:00-05:00,90.19999694824219,91.0,81.0,86.5999984741211,10960,0.0,0.0
2018-01-05 00:00:00-05:00,79.80000305175781,80.80000305175781,64.0,64.19999694824219,37990,0.0,0.0
2018-01-08 00:00:00-05:00,67.5999984741211,70.80000305175781,65.19999694824219,67.0,12355,0.0,0.0
2018-01-09 00:00:00-05:00,66.4000015258789,70.0,65.4000015258789,65.80000305175781,9340,0.0,0.0
2018-01-10 00:00:00-05:00,67.80000305175781,68.80000305175781,60.0,62.0,10945,0.0,0.0
2018-01-11 00:00:00-05:00,61.400001525878906,62.400001525878906,54.0,56.79999923706055,14000,0.0,0.0
2018-01-12 00:00:00-05:00,58.0,58.0,41.20000076293945,43.20000076293945,81650,0.0,0.0
2018-01-16 00:00:00-05:00,43.79999923706055,44.97999954223633,40.20000076293945,41.400001525878906,34950,0.0,0.0
2018-01-17 00:00:00-05:00,42.20000076293945,42.20000076293945,38.0,40.20000076293945,24280,0.0,0.0
2018-01-18 00:00:00-05:00,44.599998474121094,44.599998474121094,39.0,40.599998474121094,24065,0.0,0.0
2018-01-19 00:00:00-05:00,40.599998474121094,41.18000030517578,39.0,40.20000076293945,14080,0.0,0.0
2018-01-22 00:00:00-05:00,40.20000076293945,40.619998931884766,39.0,39.5,15215,0.0,0.0
2018-01-23 00:00:00-05:00,40.0,40.08000183105469,37.599998474121094,38.0,17150,0.0,0.0
2018-01-24 00:00:00-05:00,37.599998474121094,38.400001525878906,35.0,35.599998474121094,19260,0.0,0.0
2018-01-25 00:00:00-05:00,36.20000076293945,39.20000076293945,35.599998474121094,36.79999923706055,18150,0.0,0.0
2018-01-26 00:00:00-05:00,37.0,37.0,34.400001525878906,35.20000076293945,15290,0.0,0.0
2018-01-29 00:00:00-05:00,34.599998474121094,35.0,33.20000076293945,34.0,14375,0.0,0.0
2018-01-30 00:00:00-05:00,33.79999923706055,34.439998626708984,32.400001525878906,32.79999923706055,5235,0.0,0.0
2018-01-31 00:00:00-05:00,32.79999923706055,41.0,32.79999923706055,38.20000076293945,117470,0.0,0.0
2018-02-01 00:00:00-05:00,38.599998474121094,38.779998779296875,34.20000076293945,35.0,15880,0.0,0.0
2018-02-02 00:00:00-05:00,35.20000076293945,35.70000076293945,30.799999237060547,35.459999084472656,22350,0.0,0.0
2018-02-05 00:00:00-05:00,36.0,38.0,32.0,34.20000076293945,18115,0.0,0.0
2018-02-06 00:00:00-05:00,34.0,34.0,31.200000762939453,33.400001525878906,9435,0.0,0.0
2018-02-07 00:00:00-05:00,33.0,33.20000076293945,31.399999618530273,32.34000015258789,7925,0.0,0.0
2018-02-08 00:00:00-05:00,33.0,33.20000076293945,29.399999618530273,31.0,10670,0.0,0.0
2018-02-09 00:00:00-05:00,31.799999237060547,31.799999237060547,27.799999237060547,29.200000762939453,10125,0.0,0.0
2018-02-12 00:00:00-05:00,29.0,29.18000030517578,27.200000762939453,27.399999618530273,9305,0.0,0.0
2018-02-13 00:00:00-05:00,27.399999618530273,29.600000381469727,26.100000381469727,29.0,10195,0.0,0.0
2018-02-14 00:00:00-05:00,29.0,29.040000915527344,27.200000762939453,28.200000762939453,5420,0.0,0.0
2018-02-15 00:00:00-05:00,28.399999618530273,29.0,27.600000381469727,29.0,4090,0.0,0.0
2018-02-16 00:00:00-05:00,29.0,29.0,27.200000762939453,28.0,3790,0.0,0.0
2018-02-20 00:00:00-05:00,27.799999237060547,28.200000762939453,27.0,27.200000762939453,1825,0.0,0.0
2018-02-21 00:00:00-05:00,27.600000381469727,27.799999237060547,27.200000762939453,27.600000381469727,465,0.0,0.0
2018-02-22 00:00:00-05:00,27.040000915527344,27.600000381469727,27.0,27.200000762939453,1995,0.0,0.0
2018-02-23 00:00:00-05:00,27.200000762939453,27.600000381469727,27.0,27.139999389648438,3985,0.0,0.0
2018-02-26 00:00:00-05:00,27.200000762939453,27.399999618530273,24.600000381469727,24.84000015258789,7065,0.0,0.0
2018-02-27 00:00:00-05:00,25.0,25.200000762939453,22.0,22.799999237060547,12260,0.0,0.0
2018-02-28 00:00:00-05:00,24.600000381469727,24.600000381469727,22.799999237060547,23.520000457763672,2635,0.0,0.0
2018-03-01 00:00:00-05:00,24.0,24.0,22.6200008392334,23.799999237060547,1980,0.0,0.0
2018-03-02 00:00:00-05:00,23.799999237060547,25.600000381469727,21.219999313354492,25.520000457763672,15505,0.0,0.0
2018-03-05 00:00:00-05:00,25.799999237060547,27.0,24.799999237060547,26.399999618530273,5070,0.0,0.0
2018-03-06 00:00:00-05:00,26.600000381469727,27.200000762939453,25.600000381469727,27.200000762939453,3175,0.0,0.0
2018-03-07 00:00:00-05:00,27.0,27.200000762939453,25.399999618530273,26.399999618530273,1740,0.0,0.0
2018-03-08 00:00:00-05:00,27.0,27.200000762939453,25.8799991607666,26.0,1925,0.0,0.0
2018-03-09 00:00:00-05:00,26.0,32.400001525878906,25.81999969482422,28.200000762939453,24250,0.0,0.0
2018-03-12 00:00:00-04:00,28.200000762939453,28.440000534057617,27.399999618530273,27.799999237060547,5220,0.0,0.0
2018-03-13 00:00:00-04:00,27.799999237060547,28.399999618530273,26.399999618530273,26.940000534057617,1425,0.0,0.0
2018-03-14 00:00:00-04:00,26.799999237060547,27.639999389648438,25.600000381469727,27.600000381469727,4670,0.0,0.0
2018-03-15 00:00:00-04:00,27.600000381469727,30.799999237060547,27.0,27.799999237060547,11450,0.0,0.0
2018-03-16 00:00:00-04:00,28.0,28.0,27.200000762939453,27.399999618530273,1370,0.0,0.0
2018-03-19 00:00:00-04:00,27.399999618530273,27.600000381469727,26.0,26.600000381469727,3160,0.0,0.0
2018-03-20 00:00:00-04:00,26.600000381469727,27.0,26.239999771118164,26.600000381469727,1700,0.0,0.0
2018-03-21 00:00:00-04:00,26.600000381469727,26.600000381469727,25.399999618530273,26.399999618530273,1695,0.0,0.0
2018-03-22 00:00:00-04:00,26.399999618530273,26.399999618530273,24.079999923706055,24.399999618530273,1985,0.0,0.0
2018-03-23 00:00:00-04:00,24.600000381469727,24.600000381469727,23.200000762939453,23.399999618530273,3975,0.0,0.0
2018-03-26 00:00:00-04:00,23.600000381469727,23.799999237060547,22.799999237060547,22.799999237060547,1590,0.0,0.0
2018-03-27 00:00:00-04:00,22.799999237060547,22.799999237060547,22.200000762939453,22.399999618530273,3390,0.0,0.0
2018-03-28 00:00:00-04:00,22.399999618530273,24.5,22.200000762939453,23.600000381469727,4280,0.0,0.0
2018-03-29 00:00:00-04:00,23.600000381469727,24.0,22.799999237060547,23.600000381469727,4515,0.0,0.0
2018-04-02 00:00:00-04:00,23.600000381469727,23.600000381469727,21.200000762939453,21.799999237060547,2290,0.0,0.0
2018-04-03 00:00:00-04:00,21.600000381469727,21.799999237060547,20.399999618530273,21.200000762939453,2405,0.0,0.0
2018-04-04 00:00:00-04:00,21.0,21.0,19.040000915527344,19.799999237060547,4725,0.0,0.0
2018-04-05 00:00:00-04:00,20.0,20.799999237060547,16.68000030517578,19.1200008392334,7415,0.0,0.0
2018-04-06 00:00:00-04:00,19.0,19.799999237060547,18.0,19.020000457763672,2680,0.0,0.0
2018-04-09 00:00:00-04:00,19.200000762939453,20.0,19.0,19.360000610351562,1670,0.0,0.0
2018-04-10 00:00:00-04:00,19.200000762939453,19.360000610351562,19.0,19.0,2160,0.0,0.0
2018-04-11 00:00:00-04:00,19.0,19.719999313354492,18.559999465942383,18.559999465942383,2370,0.0,0.0
2018-04-12 00:00:00-04:00,19.0,19.200000762939453,17.399999618530273,17.8799991607666,3150,0.0,0.0
2018-04-13 00:00:00-04:00,17.799999237060547,17.799999237060547,16.65999984741211,17.079999923706055,5390,0.0,0.0
2018-04-16 00:00:00-04:00,16.600000381469727,17.200000762939453,16.399999618530273,16.799999237060547,4145,0.0,0.0
2018-04-17 00:00:00-04:00,16.799999237060547,16.860000610351562,16.399999618530273,16.760000228881836,1665,0.0,0.0
2018-04-18 00:00:00-04:00,16.700000762939453,16.700000762939453,15.800000190734863,15.800000190734863,3580,0.0,0.0
2018-04-19 00:00:00-04:00,15.600000381469727,15.760000228881836,14.800000190734863,15.399999618530273,8585,0.0,0.0
2018-04-20 00:00:00-04:00,15.399999618530273,15.739999771118164,15.0,15.479999542236328,9835,0.0,0.0
2018-04-23 00:00:00-04:00,15.460000038146973,15.600000381469727,14.399999618530273,15.15999984741211,3965,0.0,0.0
2018-04-24 00:00:00-04:00,15.199999809265137,15.279999732971191,14.5,14.819999694824219,2035,0.0,0.0
2018-04-25 00:00:00-04:00,14.800000190734863,14.800000190734863,14.180000305175781,14.399999618530273,3000,0.0,0.0
2018-04-26 00:00:00-04:00,14.199999809265137,14.199999809265137,13.5600004196167,13.800000190734863,1860,0.0,0.0
2018-04-27 00:00:00-04:00,13.579999923706055,13.579999923706055,11.800000190734863,12.0,24850,0.0,0.0
2018-04-30 00:00:00-04:00,12.199999809265137,12.359999656677246,12.0,12.0,4285,0.0,0.0
2018-05-01 00:00:00-04:00,12.399999618530273,12.399999618530273,11.84000015258789,12.020000457763672,8295,0.0,0.0
2018-05-02 00:00:00-04:00,12.079999923706055,12.600000381469727,12.0,12.15999984741211,1120,0.0,0.0
2018-05-03 00:00:00-04:00,13.0,13.65999984741211,11.720000267028809,11.819999694824219,2410,0.0,0.0
2018-05-04 00:00:00-04:00,11.34000015258789,11.460000038146973,10.800000190734863,11.0,11920,0.0,0.0
2018-05-07 00:00:00-04:00,11.5600004196167,15.199999809265137,10.0,13.800000190734863,37700,0.0,0.0
2018-05-08 00:00:00-04:00,14.039999961853027,14.800000190734863,11.600000381469727,12.380000114440918,23050,0.0,0.0
2018-05-09 00:00:00-04:00,13.199999809265137,13.199999809265137,11.619999885559082,12.520000457763672,5155,0.0,0.0
2018-05-10 00:00:00-04:00,11.800000190734863,12.920000076293945,11.479999542236328,11.720000267028809,6625,0.0,0.0
2018-05-11 00:00:00-04:00,12.199999809265137,12.199999809265137,11.140000343322754,11.34000015258789,2605,0.0,0.0
2018-05-14 00:00:00-04:00,12.0,13.0,11.5,12.600000381469727,8705,0.0,0.0
2018-05-15 00:00:00-04:00,13.0,13.0,12.399999618530273,12.800000190734863,3830,0.0,0.0
2018-05-16 00:00:00-04:00,12.899999618530273,12.9399995803833,11.600000381469727,12.600000381469727,3735,0.0,0.0
2018-05-17 00:00:00-04:00,12.079999923706055,12.600000381469727,11.84000015258789,12.600000381469727,1955,0.0,0.0
2018-05-18 00:00:00-04:00,13.0,25.600000381469727,12.420000076293945,22.399999618530273,533140,0.0,0.0
2018-05-21 00:00:00-04:00,29.600000381469727,39.400001525878906,26.600000381469727,34.0,2002920,0.0,0.0
2018-05-22 00:00:00-04:00,31.600000381469727,31.600000381469727,26.200000762939453,27.200000762939453,225385,0.0,0.0
2018-05-23 00:00:00-04:00,28.0,28.200000762939453,22.799999237060547,25.0,114605,0.0,0.0
2018-05-24 00:00:00-04:00,24.799999237060547,24.799999237060547,21.799999237060547,21.799999237060547,53070,0.0,0.0
2018-05-25 00:00:00-04:00,21.600000381469727,33.79999923706055,21.399999618530273,32.79999923706055,536260,0.0,0.0
2018-05-29 00:00:00-04:00,32.0,35.0,27.600000381469727,34.79999923706055,203815,0.0,0.0
2018-05-30 00:00:00-04:00,34.400001525878906,34.79999923706055,29.799999237060547,32.20000076293945,122745,0.0,0.0
2018-05-31 00:00:00-04:00,32.0,34.20000076293945,30.0,30.600000381469727,55580,0.0,0.0
2018-06-01 00:00:00-04:00,30.600000381469727,31.200000762939453,28.0,29.399999618530273,39260,0.0,0.0
2018-06-04 00:00:00-04:00,29.399999618530273,31.600000381469727,29.200000762939453,30.399999618530273,48145,0.0,0.0
2018-06-05 00:00:00-04:00,31.0,31.0,28.399999618530273,28.799999237060547,37370,0.0,0.0
2018-06-06 00:00:00-04:00,28.600000381469727,29.780000686645508,25.600000381469727,27.399999618530273,48310,0.0,0.0
2018-06-07 00:00:00-04:00,27.200000762939453,27.200000762939453,22.399999618530273,24.200000762939453,39930,0.0,0.0
2018-06-08 00:00:00-04:00,24.399999618530273,26.100000381469727,24.200000762939453,25.600000381469727,27240,0.0,0.0
2018-06-11 00:00:00-04:00,25.600000381469727,25.600000381469727,23.0,24.200000762939453,19500,0.0,0.0
2018-06-12 00:00:00-04:00,27.600000381469727,27.799999237060547,25.0,25.700000762939453,27105,0.0,0.0
2018-06-13 00:00:00-04:00,25.600000381469727,25.979999542236328,24.399999618530273,25.600000381469727,12010,0.0,0.0
2018-06-14 00:00:00-04:00,25.600000381469727,25.979999542236328,23.399999618530273,24.0,20935,0.0,0.0
2018-06-15 00:00:00-04:00,24.200000762939453,24.979999542236328,23.0,24.200000762939453,26465,0.0,0.0
2018-06-18 00:00:00-04:00,24.200000762939453,24.799999237060547,22.799999237060547,23.18000030517578,17035,0.0,0.0
2018-06-19 00:00:00-04:00,23.799999237060547,24.0,22.600000381469727,22.600000381469727,16990,0.0,0.0
2018-06-20 00:00:00-04:00,26.200000762939453,34.599998474121094,25.200000762939453,26.799999237060547,441550,0.0,0.0
2018-06-21 00:00:00-04:00,26.200000762939453,26.399999618530273,22.799999237060547,24.399999618530273,71935,0.0,0.0
2018-06-22 00:00:00-04:00,24.0,25.200000762939453,23.200000762939453,23.200000762939453,38690,0.0,0.0
2018-06-25 00:00:00-04:00,23.600000381469727,24.100000381469727,22.0,23.200000762939453,26355,0.0,0.0
2018-06-26 00:00:00-04:00,22.799999237060547,23.799999237060547,22.219999313354492,22.600000381469727,22335,0.0,0.0
2018-06-27 00:00:00-04:00,22.0,23.0,21.799999237060547,21.799999237060547,31540,0.0,0.0
2018-06-28 00:00:00-04:00,21.799999237060547,21.799999237060547,20.399999618530273,21.600000381469727,16025,0.0,0.0
2018-06-29 00:00:00-04:00,21.600000381469727,22.600000381469727,21.0,21.799999237060547,19900,0.0,0.0
2018-07-02 00:00:00-04:00,21.799999237060547,23.799999237060547,20.0,21.799999237060547,38545,0.0,0.0
2018-07-03 00:00:00-04:00,22.0,22.0,20.600000381469727,21.200000762939453,21355,0.0,0.0
2018-07-05 00:00:00-04:00,21.200000762939453,21.299999237060547,17.200000762939453,18.799999237060547,40880,0.0,0.0
2018-07-06 00:00:00-04:00,18.399999618530273,18.799999237060547,14.600000381469727,16.260000228881836,35405,0.0,0.0
2018-07-09 00:00:00-04:00,16.260000228881836,16.860000610351562,13.800000190734863,14.859999656677246,36370,0.0,0.0
2018-07-10 00:00:00-04:00,15.279999732971191,17.0,15.0,15.899999618530273,32175,0.0,0.0
2018-07-11 00:00:00-04:00,16.0,16.200000762939453,14.800000190734863,15.079999923706055,16640,0.0,0.0
2018-07-12 00:00:00-04:00,15.0,15.600000381469727,13.800000190734863,14.399999618530273,19020,0.0,0.0
2018-07-13 00:00:00-04:00,14.399999618530273,15.399999618530273,14.0,14.319999694824219,17675,0.0,0.0
2018-07-16 00:00:00-04:00,14.079999923706055,14.359999656677246,13.399999618530273,13.800000190734863,14730,0.0,0.0
2018-07-17 00:00:00-04:00,13.920000076293945,14.0,13.199999809265137,13.199999809265137,12595,0.0,0.0
2018-07-18 00:00:00-04:00,14.0,14.0,12.399999618530273,12.9399995803833,16110,0.0,0.0
2018-07-19 00:00:00-04:00,12.960000038146973,20.0,12.800000190734863,15.619999885559082,686575,0.0,0.0
2018-07-20 00:00:00-04:00,15.699999809265137,19.579999923706055,15.699999809265137,16.0,308115,0.0,0.0
2018-07-23 00:00:00-04:00,16.8799991607666,17.360000610351562,15.199999809265137,15.65999984741211,48085,0.0,0.0
2018-07-24 00:00:00-04:00,16.0,17.200000762939453,13.600000381469727,14.0,78615,0.0,0.0
2018-07-25 00:00:00-04:00,14.600000381469727,14.960000038146973,13.399999618530273,14.0,37420,0.0,0.0
2018-07-26 00:00:00-04:00,13.800000190734863,14.779999732971191,13.399999618530273,13.979999542236328,23645,0.0,0.0
2018-07-27 00:00:00-04:00,14.0,14.5,13.399999618530273,13.399999618530273,17220,0.0,0.0
2018-07-30 00:00:00-04:00,14.0,14.199999809265137,13.199999809265137,13.260000228881836,19930,0.0,0.0
2018-07-31 00:00:00-04:00,13.199999809265137,17.0,13.199999809265137,15.460000038146973,82025,0.0,0.0
2018-08-01 00:00:00-04:00,15.760000228881836,16.799999237060547,15.420000076293945,15.420000076293945,42310,0.0,0.0
2018-08-02 00:00:00-04:00,15.800000190734863,16.399999618530273,15.399999618530273,16.299999237060547,48490,0.0,0.0
2018-08-03 00:00:00-04:00,16.799999237060547,18.399999618530273,16.600000381469727,16.6200008392334,120035,0.0,0.0
2018-08-06 00:00:00-04:00,15.600000381469727,15.800000190734863,14.460000038146973,15.199999809265137,55220,0.0,0.0
2018-08-07 00:00:00-04:00,15.199999809265137,15.199999809265137,13.5,14.180000305175781,35330,0.0,0.0
2018-08-08 00:00:00-04:00,14.180000305175781,14.579999923706055,13.600000381469727,14.0,15275,0.0,0.0
2018-08-09 00:00:00-04:00,14.0,14.640000343322754,13.600000381469727,14.380000114440918,18995,0.0,0.0
2018-08-10 00:00:00-04:00,14.300000190734863,14.399999618530273,13.600000381469727,13.979999542236328,17580,0.0,0.0
2018-08-13 00:00:00-04:00,14.199999809265137,14.199999809265137,13.399999618530273,13.640000343322754,15510,0.0,0.0
2018-08-14 00:00:00-04:00,14.600000381469727,15.0,13.800000190734863,13.800000190734863,17515,0.0,0.0
2018-08-15 00:00:00-04:00,14.0,14.600000381469727,13.800000190734863,14.199999809265137,12640,0.0,0.0
2018-08-16 00:00:00-04:00,14.359999656677246,16.0,14.359999656677246,15.800000190734863,60140,0.0,0.0
2018-08-17 00:00:00-04:00,12.800000190734863,14.640000343322754,12.800000190734863,14.100000381469727,50130,0.0,0.0
2018-08-20 00:00:00-04:00,13.960000038146973,15.399999618530273,13.800000190734863,14.600000381469727,39295,0.0,0.0
2018-08-21 00:00:00-04:00,14.760000228881836,14.779999732971191,14.0,14.300000190734863,19700,0.0,0.0
2018-08-22 00:00:00-04:00,14.0,14.399999618530273,13.600000381469727,14.0,22485,0.0,0.0
2018-08-23 00:00:00-04:00,14.399999618530273,14.479999542236328,13.399999618530273,13.859999656677246,27615,0.0,0.0
2018-08-24 00:00:00-04:00,13.5,14.300000190734863,13.479999542236328,13.800000190734863,9275,0.0,0.0
2018-08-27 00:00:00-04:00,14.0,14.199999809265137,13.5,13.65999984741211,5450,0.0,0.0
2018-08-28 00:00:00-04:00,13.600000381469727,14.0,13.600000381469727,13.800000190734863,6630,0.0,0.0
2018-08-29 00:00:00-04:00,13.600000381469727,13.800000190734863,13.0600004196167,13.399999618530273,9285,0.0,0.0
2018-08-30 00:00:00-04:00,13.600000381469727,13.600000381469727,13.0,13.420000076293945,11030,0.0,0.0
2018-08-31 00:00:00-04:00,13.5600004196167,13.600000381469727,13.039999961853027,13.600000381469727,13680,0.0,0.0
2018-09-04 00:00:00-04:00,13.600000381469727,13.600000381469727,12.800000190734863,12.9399995803833,13185,0.0,0.0
2018-09-05 00:00:00-04:00,13.0600004196167,13.279999732971191,12.140000343322754,12.399999618530273,13235,0.0,0.0
2018-09-06 00:00:00-04:00,12.779999732971191,12.800000190734863,12.020000457763672,12.300000190734863,12370,0.0,0.0
2018-09-07 00:00:00-04:00,12.260000228881836,12.380000114440918,11.0600004196167,11.300000190734863,23725,0.0,0.0
2018-09-10 00:00:00-04:00,11.359999656677246,11.399999618530273,8.960000038146973,10.100000381469727,81005,0.0,0.0
2018-09-11 00:00:00-04:00,10.0,12.779999732971191,10.0,12.399999618530273,66590,0.0,0.0
2018-09-12 00:00:00-04:00,11.979999542236328,12.359999656677246,11.199999809265137,11.800000190734863,19850,0.0,0.0
2018-09-13 00:00:00-04:00,12.199999809265137,12.800000190734863,11.0,11.100000381469727,24675,0.0,0.0
2018-09-14 00:00:00-04:00,11.65999984741211,13.199999809265137,11.5600004196167,12.739999771118164,28710,0.0,0.0
2018-09-17 00:00:00-04:00,12.720000267028809,13.399999618530273,12.0,12.899999618530273,17850,0.0,0.0
2018-09-18 00:00:00-04:00,12.680000305175781,13.399999618530273,12.640000343322754,13.079999923706055,14710,0.0,0.0
2018-09-19 00:00:00-04:00,13.0,14.199999809265137,13.0,13.039999961853027,25445,0.0,0.0
2018-09-20 00:00:00-04:00,13.399999618530273,14.0,13.119999885559082,13.760000228881836,25705,0.0,0.0
2018-09-21 00:00:00-04:00,14.0,14.0,11.600000381469727,12.5600004196167,34455,0.0,0.0
2018-09-24 00:00:00-04:00,13.0,13.0,11.199999809265137,12.0,24480,0.0,0.0
2018-09-25 00:00:00-04:00,11.680000305175781,12.0,11.399999618530273,11.600000381469727,8850,0.0,0.0
2018-09-26 00:00:00-04:00,11.699999809265137,12.359999656677246,11.199999809265137,11.380000114440918,10745,0.0,0.0
2018-09-27 00:00:00-04:00,11.479999542236328,12.399999618530273,11.199999809265137,11.5,6545,0.0,0.0
2018-09-28 00:00:00-04:00,11.5600004196167,11.5600004196167,11.199999809265137,11.220000267028809,5395,0.0,0.0
2018-10-01 00:00:00-04:00,11.520000457763672,12.260000228881836,11.199999809265137,11.380000114440918,13815,0.0,0.0
2018-10-02 00:00:00-04:00,11.979999542236328,11.979999542236328,10.600000381469727,10.800000190734863,32310,0.0,0.0
2018-10-03 00:00:00-04:00,11.0,11.34000015258789,10.600000381469727,10.65999984741211,15660,0.0,0.0
2018-10-04 00:00:00-04:00,11.0,11.0,10.0,10.199999809265137,17025,0.0,0.0
2018-10-05 00:00:00-04:00,10.399999618530273,11.199999809265137,10.0600004196167,10.520000457763672,26530,0.0,0.0
2018-10-08 00:00:00-04:00,10.600000381469727,10.739999771118164,10.199999809265137,10.520000457763672,6235,0.0,0.0
2018-10-09 00:00:00-04:00,10.399999618530273,10.880000114440918,10.0,10.020000457763672,9210,0.0,0.0
2018-10-10 00:00:00-04:00,10.399999618530273,10.800000190734863,10.0,10.0,17195,0.0,0.0
2018-10-11 00:00:00-04:00,10.199999809265137,11.600000381469727,9.199999809265137,10.600000381469727,47890,0.0,0.0
2018-10-12 00:00:00-04:00,10.800000190734863,10.899999618530273,9.600000381469727,10.34000015258789,11240,0.0,0.0
2018-10-15 00:00:00-04:00,10.199999809265137,10.399999618530273,10.0,10.079999923706055,6510,0.0,0.0
2018-10-16 00:00:00-04:00,10.199999809265137,11.600000381469727,10.100000381469727,10.600000381469727,26510,0.0,0.0
2018-10-17 00:00:00-04:00,10.65999984741211,11.100000381469727,10.600000381469727,10.720000267028809,12810,0.0,0.0
2018-10-18 00:00:00-04:00,10.800000190734863,10.960000038146973,10.0,10.0600004196167,8725,0.0,0.0
2018-10-19 00:00:00-04:00,10.100000381469727,10.600000381469727,10.0,10.199999809265137,6130,0.0,0.0
2018-10-22 00:00:00-04:00,10.5,10.5,9.800000190734863,9.800000190734863,12670,0.0,0.0
2018-10-23 00:00:00-04:00,10.380000114440918,10.600000381469727,9.199999809265137,10.199999809265137,14415,0.0,0.0
2018-10-24 00:00:00-04:00,9.800000190734863,10.359999656677246,9.460000038146973,9.739999771118164,9920,0.0,0.0
2018-10-25 00:00:00-04:00,10.0,10.15999984741211,9.199999809265137,9.239999771118164,17345,0.0,0.0
2018-10-26 00:00:00-04:00,9.800000190734863,9.800000190734863,9.199999809265137,9.199999809265137,14125,0.0,0.0
2018-10-29 00:00:00-04:00,9.239999771118164,10.180000305175781,8.800000190734863,8.880000114440918,38680,0.0,0.0
2018-10-30 00:00:00-04:00,8.880000114440918,8.880000114440918,7.059999942779541,8.199999809265137,14325,0.0,0.0
2018-10-31 00:00:00-04:00,8.199999809265137,8.600000381469727,7.199999809265137,8.0,18805,0.0,0.0
2018-11-01 00:00:00-04:00,8.199999809265137,9.199999809265137,8.199999809265137,8.380000114440918,27180,0.0,0.0
2018-11-02 00:00:00-04:00,8.899999618530273,9.399999618530273,8.300000190734863,9.039999961853027,10915,0.0,0.0
2018-11-05 00:00:00-05:00,8.899999618530273,13.399999618530273,8.600000381469727,12.399999618530273,151445,0.0,0.0
2018-11-06 00:00:00-05:00,12.0,14.199999809265137,10.020000457763672,10.520000457763672,185245,0.0,0.0
2018-11-07 00:00:00-05:00,10.9399995803833,12.5600004196167,10.260000228881836,12.300000190734863,126535,0.0,0.0
2018-11-08 00:00:00-05:00,12.0,12.0,11.199999809265137,11.640000343322754,26620,0.0,0.0
2018-11-09 00:00:00-05:00,11.920000076293945,11.920000076293945,10.899999618530273,11.199999809265137,21885,0.0,0.0
2018-11-12 00:00:00-05:00,11.720000267028809,11.800000190734863,10.420000076293945,10.5600004196167,18725,0.0,0.0
2018-11-13 00:00:00-05:00,11.100000381469727,11.199999809265137,9.479999542236328,10.220000267028809,45410,0.0,0.0
2018-11-14 00:00:00-05:00,10.600000381469727,11.899999618530273,10.4399995803833,11.0,33040,0.0,0.0
2018-11-15 00:00:00-05:00,11.199999809265137,11.260000228881836,10.199999809265137,10.699999809265137,21380,0.0,0.0
2018-11-16 00:00:00-05:00,10.600000381469727,10.779999732971191,9.600000381469727,9.699999809265137,31530,0.0,0.0
2018-11-19 00:00:00-05:00,9.800000190734863,10.399999618530273,8.859999656677246,9.460000038146973,14440,0.0,0.0
2018-11-20 00:00:00-05:00,9.300000190734863,9.300000190734863,8.420000076293945,8.760000228881836,13800,0.0,0.0
2018-11-21 00:00:00-05:00,8.800000190734863,9.199999809265137,8.520000457763672,9.0,10240,0.0,0.0
2018-11-23 00:00:00-05:00,9.15999984741211,9.399999618530273,8.819999694824219,8.979999542236328,3225,0.0,0.0
2018-11-26 00:00:00-05:00,9.079999923706055,10.199999809265137,9.079999923706055,9.279999732971191,21840,0.0,0.0
2018-11-27 00:00:00-05:00,9.539999961853027,9.800000190734863,9.0,9.199999809265137,10070,0.0,0.0
2018-11-28 00:00:00-05:00,9.0,9.199999809265137,8.300000190734863,8.699999809265137,11535,0.0,0.0
2018-11-29 00:00:00-05:00,8.699999809265137,8.699999809265137,8.399999618530273,8.420000076293945,11460,0.0,0.0
2018-11-30 00:00:00-05:00,8.600000381469727,8.699999809265137,8.140000343322754,8.140000343322754,7120,0.0,0.0
2018-12-03 00:00:00-05:00,8.539999961853027,9.199999809265137,8.260000228881836,8.600000381469727,29225,0.0,0.0
2018-12-04 00:00:00-05:00,8.119999885559082,8.460000038146973,7.260000228881836,8.140000343322754,19810,0.0,0.0
2018-12-06 00:00:00-05:00,8.0,8.0,7.599999904632568,7.800000190734863,9225,0.0,0.0
2018-12-07 00:00:00-05:00,7.599999904632568,8.100000381469727,7.599999904632568,7.800000190734863,9360,0.0,0.0
2018-12-10 00:00:00-05:00,8.0,8.0,7.599999904632568,7.699999809265137,3675,0.0,0.0
2018-12-11 00:00:00-05:00,7.699999809265137,7.960000038146973,7.420000076293945,7.5,6060,0.0,0.0
2018-12-12 00:00:00-05:00,7.599999904632568,8.0,7.599999904632568,7.699999809265137,11785,0.0,0.0
2018-12-13 00:00:00-05:00,7.619999885559082,7.71999979019165,7.199999809265137,7.400000095367432,11325,0.0,0.0
2018-12-14 00:00:00-05:00,7.800000190734863,8.800000190734863,6.400000095367432,7.400000095367432,59400,0.0,0.0
2018-12-17 00:00:00-05:00,7.260000228881836,7.400000095367432,6.400000095367432,6.400000095367432,15580,0.0,0.0
2018-12-18 00:00:00-05:00,6.300000190734863,7.199999809265137,6.239999771118164,6.460000038146973,20965,0.0,0.0
2018-12-19 00:00:00-05:00,6.599999904632568,6.820000171661377,6.5,6.619999885559082,4555,0.0,0.0
2018-12-20 00:00:00-05:00,6.599999904632568,6.599999904632568,5.039999961853027,5.519999980926514,19015,0.0,0.0
2018-12-21 00:00:00-05:00,5.940000057220459,5.940000057220459,3.0999999046325684,4.539999961853027,36045,0.0,0.0
2018-12-24 00:00:00-05:00,4.0,6.0,4.0,5.599999904632568,27560,0.0,0.0
2018-12-26 00:00:00-05:00,4.639999866485596,5.599999904632568,4.639999866485596,5.260000228881836,14035,0.0,0.0
2018-12-27 00:00:00-05:00,5.0,5.460000038146973,5.0,5.039999961853027,7635,0.0,0.0
2018-12-28 00:00:00-05:00,5.400000095367432,5.519999980926514,4.800000190734863,5.099999904632568,13390,0.0,0.0
2018-12-31 00:00:00-05:00,5.599999904632568,5.900000095367432,5.099999904632568,5.440000057220459,12580,0.0,0.0
2019-01-02 00:00:00-05:00,5.71999979019165,6.400000095367432,5.400000095367432,6.159999847412109,7415,0.0,0.0
2019-01-03 00:00:00-05:00,6.0,6.400000095367432,5.619999885559082,5.699999809265137,8675,0.0,0.0
2019-01-04 00:00:00-05:00,5.960000038146973,6.360000133514404,5.639999866485596,6.079999923706055,13165,0.0,0.0
2019-01-07 00:00:00-05:00,6.199999809265137,6.400000095367432,5.619999885559082,6.260000228881836,10880,0.0,0.0
2019-01-08 00:00:00-05:00,6.260000228881836,6.400000095367432,5.599999904632568,6.159999847412109,5455,0.0,0.0
2019-01-09 00:00:00-05:00,6.039999961853027,6.599999904632568,5.800000190734863,6.599999904632568,9660,0.0,0.0
2019-01-10 00:00:00-05:00,6.239999771118164,7.559999942779541,6.0,6.360000133514404,22225,0.0,0.0
2019-01-11 00:00:00-05:00,6.599999904632568,6.599999904632568,5.199999809265137,5.480000019073486,19595,0.0,0.0
2019-01-14 00:00:00-05:00,5.880000114440918,6.199999809265137,5.0,5.480000019073486,20915,0.0,0.0
2019-01-15 00:00:00-05:00,5.300000190734863,6.0,5.300000190734863,5.320000171661377,8440,0.0,0.0
2019-01-16 00:00:00-05:00,5.800000190734863,5.800000190734863,5.400000095367432,5.400000095367432,10675,0.0,0.0
2019-01-17 00:00:00-05:00,5.460000038146973,5.460000038146973,5.199999809265137,5.199999809265137,5510,0.0,0.0
2019-01-18 00:00:00-05:00,5.699999809265137,5.699999809265137,4.460000038146973,5.099999904632568,17840,0.0,0.0
2019-01-22 00:00:00-05:00,5.400000095367432,5.599999904632568,4.880000114440918,5.0,7520,0.0,0.0
2019-01-23 00:00:00-05:00,5.099999904632568,5.360000133514404,4.699999809265137,4.800000190734863,15880,0.0,0.0
2019-01-24 00:00:00-05:00,4.800000190734863,4.800000190734863,4.5,4.599999904632568,16850,0.0,0.0
2019-01-25 00:00:00-05:00,4.71999979019165,5.0,4.599999904632568,4.800000190734863,13395,0.0,0.0
2019-01-28 00:00:00-05:00,5.039999961853027,6.0,4.860000133514404,5.460000038146973,30300,0.0,0.0
2019-01-29 00:00:00-05:00,5.599999904632568,5.980000019073486,4.880000114440918,5.139999866485596,20250,0.0,0.0
2019-01-30 00:00:00-05:00,5.260000228881836,5.260000228881836,5.0,5.0,6735,0.0,0.0
2019-01-31 00:00:00-05:00,5.019999980926514,5.599999904632568,4.800000190734863,5.320000171661377,14030,0.0,0.0
2019-02-01 00:00:00-05:00,5.320000171661377,5.400000095367432,5.059999942779541,5.159999847412109,8550,0.0,0.0
2019-02-04 00:00:00-05:00,5.400000095367432,5.900000095367432,5.199999809265137,5.340000152587891,24330,0.0,0.0
2019-02-05 00:00:00-05:00,5.599999904632568,5.78000020980835,5.300000190734863,5.300000190734863,13680,0.0,0.0
2019-02-06 00:00:00-05:00,5.559999942779541,5.840000152587891,5.420000076293945,5.599999904632568,10570,0.0,0.0
2019-02-07 00:00:00-05:00,5.800000190734863,5.800000190734863,5.300000190734863,5.400000095367432,13345,0.0,0.0
2019-02-08 00:00:00-05:00,5.300000190734863,5.559999942779541,5.059999942779541,5.119999885559082,5825,0.0,0.0
2019-02-11 00:00:00-05:00,5.199999809265137,5.420000076293945,5.099999904632568,5.159999847412109,11295,0.0,0.0
2019-02-12 00:00:00-05:00,5.400000095367432,7.0,5.239999771118164,6.5,157640,0.0,0.0
2019-02-13 00:00:00-05:00,6.800000190734863,7.0,6.199999809265137,6.400000095367432,84665,0.0,0.0
2019-02-14 00:00:00-05:00,5.800000190734863,8.399999618530273,5.599999904632568,8.0,215185,0.0,0.0
2019-02-15 00:00:00-05:00,9.0,10.319999694824219,7.659999847412109,7.659999847412109,271640,0.0,0.0
2019-02-19 00:00:00-05:00,7.800000190734863,8.399999618530273,7.400000095367432,7.599999904632568,49805,0.0,0.0
2019-02-20 00:00:00-05:00,7.400000095367432,10.0,7.400000095367432,9.720000267028809,205105,0.0,0.0
2019-02-21 00:00:00-05:00,10.0,10.199999809265137,9.020000457763672,9.380000114440918,92660,0.0,0.0
2019-02-22 00:00:00-05:00,10.0,10.0,8.220000267028809,8.699999809265137,60840,0.0,0.0
2019-02-25 00:00:00-05:00,9.0,9.460000038146973,8.199999809265137,8.399999618530273,38785,0.0,0.0
2019-02-26 00:00:00-05:00,8.399999618530273,9.0,7.599999904632568,8.600000381469727,73890,0.0,0.0
2019-02-27 00:00:00-05:00,8.800000190734863,9.140000343322754,8.460000038146973,8.699999809265137,50780,0.0,0.0
2019-02-28 00:00:00-05:00,8.779999732971191,9.0,8.600000381469727,8.800000190734863,14240,0.0,0.0
2019-03-01 00:00:00-05:00,9.0,9.0,8.300000190734863,8.720000267028809,19960,0.0,0.0
2019-03-04 00:00:00-05:00,9.199999809265137,9.199999809265137,8.300000190734863,8.539999961853027,21085,0.0,0.0
2019-03-05 00:00:00-05:00,8.800000190734863,8.800000190734863,8.0,8.119999885559082,20195,0.0,0.0
2019-03-06 00:00:00-05:00,8.800000190734863,8.800000190734863,7.420000076293945,7.519999980926514,34350,0.0,0.0
2019-03-07 00:00:00-05:00,8.199999809265137,8.199999809265137,7.199999809265137,7.199999809265137,13120,0.0,0.0
2019-03-08 00:00:00-05:00,7.21999979019165,7.599999904632568,6.800000190734863,7.139999866485596,18765,0.0,0.0
2019-03-11 00:00:00-04:00,7.199999809265137,7.199999809265137,6.480000019073486,7.019999980926514,19875,0.0,0.0
2019-03-12 00:00:00-04:00,7.199999809265137,7.800000190734863,6.800000190734863,7.199999809265137,25890,0.0,0.0
2019-03-13 00:00:00-04:00,7.559999942779541,7.599999904632568,7.0,7.059999942779541,5150,0.0,0.0
2019-03-14 00:00:00-04:00,7.360000133514404,7.400000095367432,6.820000171661377,7.199999809265137,9100,0.0,0.0
2019-03-15 00:00:00-04:00,6.800000190734863,7.199999809265137,6.800000190734863,7.119999885559082,13450,0.0,0.0
2019-03-18 00:00:00-04:00,7.239999771118164,7.960000038146973,7.199999809265137,7.360000133514404,30205,0.0,0.0
2019-03-19 00:00:00-04:00,7.039999961853027,7.559999942779541,7.0,7.380000114440918,14720,0.0,0.0
2019-03-20 00:00:00-04:00,7.300000190734863,8.380000114440918,7.199999809265137,7.739999771118164,75015,0.0,0.0
2019-03-21 00:00:00-04:00,7.800000190734863,8.0,7.420000076293945,7.900000095367432,25720,0.0,0.0
2019-03-22 00:00:00-04:00,7.800000190734863,8.5600004196167,7.699999809265137,8.279999732971191,52120,0.0,0.0
2019-03-25 00:00:00-04:00,8.5600004196167,8.760000228881836,8.0,8.600000381469727,35425,0.0,0.0
2019-03-26 00:00:00-04:00,8.600000381469727,9.100000381469727,8.199999809265137,8.399999618530273,42460,0.0,0.0
2019-03-27 00:00:00-04:00,8.800000190734863,8.800000190734863,8.15999984741211,8.180000305175781,16425,0.0,0.0
2019-03-28 00:00:00-04:00,8.199999809265137,8.579999923706055,7.059999942779541,7.639999866485596,13815,0.0,0.0
2019-03-29 00:00:00-04:00,7.900000095367432,7.980000019073486,7.699999809265137,7.739999771118164,9940,0.0,0.0
2019-04-01 00:00:00-04:00,6.0,7.0,5.199999809265137,6.480000019073486,77430,0.0,0.0
2019-04-02 00:00:00-04:00,6.199999809265137,6.400000095367432,5.900000095367432,6.400000095367432,20305,0.0,0.0
2019-04-03 00:00:00-04:00,6.199999809265137,6.400000095367432,5.900000095367432,6.320000171661377,17665,0.0,0.0
2019-04-04 00:00:00-04:00,6.400000095367432,6.78000020980835,6.21999979019165,6.440000057220459,33000,0.0,0.0
2019-04-05 00:00:00-04:00,6.599999904632568,6.599999904632568,6.179999828338623,6.420000076293945,4660,0.0,0.0
2019-04-08 00:00:00-04:00,6.400000095367432,6.800000190734863,6.199999809265137,6.699999809265137,49660,0.0,0.0
2019-04-09 00:00:00-04:00,8.0,8.0,7.199999809265137,7.519999980926514,44490,0.0,0.0
2019-04-10 00:00:00-04:00,7.360000133514404,7.519999980926514,6.820000171661377,6.860000133514404,27490,0.0,0.0
2019-04-11 00:00:00-04:00,7.0,7.380000114440918,6.679999828338623,6.800000190734863,18490,0.0,0.0
2019-04-12 00:00:00-04:00,7.0,7.179999828338623,6.420000076293945,6.880000114440918,18980,0.0,0.0
2019-04-15 00:00:00-04:00,6.860000133514404,7.0,6.599999904632568,6.739999771118164,6055,0.0,0.0
2019-04-16 00:00:00-04:00,6.940000057220459,7.0,6.599999904632568,6.800000190734863,9940,0.0,0.0
2019-04-17 00:00:00-04:00,6.619999885559082,7.5,6.440000057220459,6.940000057220459,69095,0.0,0.0
2019-04-18 00:00:00-04:00,7.0,7.400000095367432,7.0,7.300000190734863,17300,0.0,0.0
2019-04-22 00:00:00-04:00,7.400000095367432,7.400000095367432,6.800000190734863,7.199999809265137,12545,0.0,0.0
2019-04-23 00:00:00-04:00,7.360000133514404,8.0,7.199999809265137,7.800000190734863,91870,0.0,0.0
2019-04-24 00:00:00-04:00,8.0,8.380000114440918,7.21999979019165,7.420000076293945,99675,0.0,0.0
2019-04-25 00:00:00-04:00,7.199999809265137,7.380000114440918,6.840000152587891,7.119999885559082,28920,0.0,0.0
2019-04-26 00:00:00-04:00,7.119999885559082,7.119999885559082,6.639999866485596,6.760000228881836,18250,0.0,0.0
2019-04-29 00:00:00-04:00,6.599999904632568,6.739999771118164,6.039999961853027,6.539999961853027,14140,0.0,0.0
2019-04-30 00:00:00-04:00,8.199999809265137,9.600000381469727,6.800000190734863,7.139999866485596,309380,0.0,0.0
2019-05-01 00:00:00-04:00,7.599999904632568,7.599999904632568,6.440000057220459,7.21999979019165,51175,0.0,0.0
2019-05-02 00:00:00-04:00,7.400000095367432,7.5,6.78000020980835,7.019999980926514,27905,0.0,0.0
2019-05-03 00:00:00-04:00,7.599999904632568,7.619999885559082,7.199999809265137,7.360000133514404,43335,0.0,0.0
2019-05-06 00:00:00-04:00,7.019999980926514,7.019999980926514,6.599999904632568,6.800000190734863,26920,0.0,0.0
2019-05-07 00:00:00-04:00,6.900000095367432,6.900000095367432,6.440000057220459,6.699999809265137,12175,0.0,0.0
2019-05-08 00:00:00-04:00,6.800000190734863,8.5,6.360000133514404,8.34000015258789,234135,0.0,0.0
2019-05-09 00:00:00-04:00,8.800000190734863,9.0,7.079999923706055,7.960000038146973,145445,0.0,0.0
2019-05-10 00:00:00-04:00,7.380000114440918,7.800000190734863,7.159999847412109,7.300000190734863,46490,0.0,0.0
2019-05-13 00:00:00-04:00,7.199999809265137,7.320000171661377,6.800000190734863,7.199999809265137,18000,0.0,0.0
2019-05-14 00:00:00-04:00,8.0,8.5,7.199999809265137,7.420000076293945,106170,0.0,0.0
2019-05-15 00:00:00-04:00,7.800000190734863,7.800000190734863,7.179999828338623,7.420000076293945,20475,0.0,0.0
2019-05-16 00:00:00-04:00,7.800000190734863,7.800000190734863,7.059999942779541,7.619999885559082,24950,0.0,0.0
2019-05-17 00:00:00-04:00,7.519999980926514,7.900000095367432,7.199999809265137,7.400000095367432,25185,0.0,0.0
2019-05-20 00:00:00-04:00,7.5,7.5,7.019999980926514,7.179999828338623,16610,0.0,0.0
2019-05-21 00:00:00-04:00,7.039999961853027,7.300000190734863,6.599999904632568,7.199999809265137,29640,0.0,0.0
2019-05-22 00:00:00-04:00,7.179999828338623,7.199999809265137,6.800000190734863,7.0,11215,0.0,0.0
2019-05-23 00:00:00-04:00,7.199999809265137,7.300000190734863,6.800000190734863,7.039999961853027,9690,0.0,0.0
2019-05-24 00:00:00-04:00,7.099999904632568,7.159999847412109,6.900000095367432,7.039999961853027,8305,0.0,0.0
2019-05-28 00:00:00-04:00,7.199999809265137,7.199999809265137,6.800000190734863,6.800000190734863,13080,0.0,0.0
2019-05-29 00:00:00-04:00,7.199999809265137,7.199999809265137,6.71999979019165,6.840000152587891,11890,0.0,0.0
2019-05-30 00:00:00-04:00,6.820000171661377,6.840000152587891,6.300000190734863,6.579999923706055,15050,0.0,0.0
2019-05-31 00:00:00-04:00,6.599999904632568,6.599999904632568,6.0,6.360000133514404,10835,0.0,0.0
2019-06-03 00:00:00-04:00,6.519999980926514,6.519999980926514,5.800000190734863,6.0,10590,0.0,0.0
2019-06-04 00:00:00-04:00,6.300000190734863,7.019999980926514,5.840000152587891,6.800000190734863,78320,0.0,0.0
2019-06-05 00:00:00-04:00,6.599999904632568,6.900000095367432,6.0,6.320000171661377,39530,0.0,0.0
2019-06-06 00:00:00-04:00,6.739999771118164,6.739999771118164,6.0,6.019999980926514,12475,0.0,0.0
2019-06-07 00:00:00-04:00,6.0,6.199999809265137,5.599999904632568,5.800000190734863,14440,0.0,0.0
2019-06-10 00:00:00-04:00,5.800000190734863,6.059999942779541,5.199999809265137,5.539999961853027,19495,0.0,0.0
2019-06-11 00:00:00-04:00,5.800000190734863,6.059999942779541,5.260000228881836,5.78000020980835,10105,0.0,0.0
2019-06-12 00:00:00-04:00,5.800000190734863,5.800000190734863,5.400000095367432,5.599999904632568,9645,0.0,0.0
2019-06-13 00:00:00-04:00,5.800000190734863,7.900000095367432,5.599999904632568,7.900000095367432,236435,0.0,0.0
2019-06-14 00:00:00-04:00,7.360000133514404,7.380000114440918,6.400000095367432,6.5,87430,0.0,0.0
2019-06-17 00:00:00-04:00,6.599999904632568,6.699999809265137,6.059999942779541,6.340000152587891,28325,0.0,0.0
2019-06-18 00:00:00-04:00,7.400000095367432,8.100000381469727,6.300000190734863,6.820000171661377,375105,0.0,0.0
2019-06-19 00:00:00-04:00,6.800000190734863,6.800000190734863,6.199999809265137,6.28000020980835,57525,0.0,0.0
2019-06-20 00:00:00-04:00,6.199999809265137,6.800000190734863,6.0,6.320000171661377,46040,0.0,0.0
2019-06-21 00:00:00-04:00,6.199999809265137,6.199999809265137,5.800000190734863,5.980000019073486,20430,0.0,0.0
2019-06-24 00:00:00-04:00,5.920000076293945,6.539999961853027,5.800000190734863,6.340000152587891,20670,0.0,0.0
2019-06-25 00:00:00-04:00,6.400000095367432,6.400000095367432,6.0,6.199999809265137,12370,0.0,0.0
2019-06-26 00:00:00-04:00,6.340000152587891,6.400000095367432,5.800000190734863,5.940000057220459,16010,0.0,0.0
2019-06-27 00:00:00-04:00,5.900000095367432,6.0,5.800000190734863,5.900000095367432,14030,0.0,0.0
2019-06-28 00:00:00-04:00,5.960000038146973,5.980000019073486,5.699999809265137,5.860000133514404,15475,0.0,0.0
2019-07-01 00:00:00-04:00,5.860000133514404,6.179999828338623,5.760000228881836,5.860000133514404,9595,0.0,0.0
2019-07-02 00:00:00-04:00,6.0,6.0,5.699999809265137,5.940000057220459,10215,0.0,0.0
2019-07-03 00:00:00-04:00,5.599999904632568,5.980000019073486,5.0,5.059999942779541,45770,0.0,0.0
2019-07-05 00:00:00-04:00,5.400000095367432,5.5,5.199999809265137,5.420000076293945,22525,0.0,0.0
2019-07-08 00:00:00-04:00,5.599999904632568,6.0,5.239999771118164,5.599999904632568,62935,0.0,0.0
2019-07-09 00:00:00-04:00,5.460000038146973,6.059999942779541,5.440000057220459,5.78000020980835,73825,0.0,0.0
2019-07-10 00:00:00-04:00,5.78000020980835,6.099999904632568,5.460000038146973,5.800000190734863,31360,0.0,0.0
2019-07-11 00:00:00-04:00,5.639999866485596,5.880000114440918,5.400000095367432,5.5,21530,0.0,0.0
2019-07-12 00:00:00-04:00,5.5,5.659999847412109,5.320000171661377,5.400000095367432,8875,0.0,0.0
2019-07-15 00:00:00-04:00,5.599999904632568,5.599999904632568,5.320000171661377,5.340000152587891,6105,0.0,0.0
2019-07-16 00:00:00-04:00,5.300000190734863,5.340000152587891,5.21999979019165,5.239999771118164,11575,0.0,0.0
2019-07-17 00:00:00-04:00,5.21999979019165,5.599999904632568,5.199999809265137,5.21999979019165,14415,0.0,0.0
2019-07-18 00:00:00-04:00,5.5,5.5,5.019999980926514,5.340000152587891,9785,0.0,0.0
2019-07-19 00:00:00-04:00,5.340000152587891,5.340000152587891,4.699999809265137,5.0,19980,0.0,0.0
2019-07-22 00:00:00-04:00,4.659999847412109,4.980000019073486,4.199999809265137,4.78000020980835,37110,0.0,0.0
2019-07-23 00:00:00-04:00,4.880000114440918,5.0,4.300000190734863,4.78000020980835,20605,0.0,0.0
2019-07-24 00:00:00-04:00,5.0,5.099999904632568,4.679999828338623,4.800000190734863,98825,0.0,0.0
2019-07-25 00:00:00-04:00,5.5,6.619999885559082,5.300000190734863,5.460000038146973,203360,0.0,0.0
2019-07-26 00:00:00-04:00,5.599999904632568,5.78000020980835,4.820000171661377,4.940000057220459,74645,0.0,0.0
2019-07-29 00:00:00-04:00,4.880000114440918,5.159999847412109,4.699999809265137,4.699999809265137,31625,0.0,0.0
2019-07-30 00:00:00-04:00,4.699999809265137,4.800000190734863,4.300000190734863,4.599999904632568,44500,0.0,0.0
2019-07-31 00:00:00-04:00,4.920000076293945,4.920000076293945,4.0,4.0,33580,0.0,0.0
2019-08-01 00:00:00-04:00,4.320000171661377,4.400000095367432,4.019999980926514,4.199999809265137,24860,0.0,0.0
2019-08-02 00:00:00-04:00,4.579999923706055,4.579999923706055,3.9000000953674316,3.9800000190734863,22555,0.0,0.0
2019-08-05 00:00:00-04:00,4.0,4.179999828338623,3.640000104904175,3.700000047683716,23765,0.0,0.0
2019-08-06 00:00:00-04:00,3.7799999713897705,3.9600000381469727,3.700000047683716,3.859999895095825,17680,0.0,0.0
2019-08-07 00:00:00-04:00,3.799999952316284,3.9800000190734863,3.5199999809265137,3.5999999046325684,20155,0.0,0.0
2019-08-08 00:00:00-04:00,3.799999952316284,4.079999923706055,3.619999885559082,3.759999990463257,25995,0.0,0.0
2019-08-09 00:00:00-04:00,3.9600000381469727,3.9600000381469727,3.700000047683716,3.759999990463257,14970,0.0,0.0
2019-08-12 00:00:00-04:00,3.799999952316284,3.9200000762939453,3.5999999046325684,3.5999999046325684,14910,0.0,0.0
2019-08-13 00:00:00-04:00,3.8399999141693115,3.859999895095825,3.5799999237060547,3.6600000858306885,12030,0.0,0.0
2019-08-14 00:00:00-04:00,3.8399999141693115,3.9000000953674316,3.5399999618530273,3.6600000858306885,13840,0.0,0.0
2019-08-15 00:00:00-04:00,2.640000104904175,3.0,2.240000009536743,3.0,239830,0.0,0.0
2019-08-16 00:00:00-04:00,2.9000000953674316,3.5799999237060547,2.859999895095825,3.0,341850,0.0,0.0
2019-08-19 00:00:00-04:00,3.200000047683716,3.200000047683716,2.5999999046325684,2.759999990463257,130275,0.0,0.0
2019-08-20 00:00:00-04:00,2.5399999618530273,2.799999952316284,2.5,2.5999999046325684,113850,0.0,0.0
2019-08-21 00:00:00-04:00,2.5999999046325684,2.5999999046325684,2.0,2.0,270230,0.0,0.0
2019-08-22 00:00:00-04:00,1.2999999523162842,2.0,1.2000000476837158,1.399999976158142,139170,0.0,0.0
2019-08-23 00:00:00-04:00,1.399999976158142,1.600000023841858,1.1200000047683716,1.2999999523162842,52075,0.0,0.0
2019-08-26 00:00:00-04:00,1.159999966621399,1.5399999618530273,1.159999966621399,1.3200000524520874,36845,0.0,0.0
2019-08-27 00:00:00-04:00,1.2799999713897705,1.600000023841858,1.0199999809265137,1.2599999904632568,76710,0.0,0.0
2019-08-28 00:00:00-04:00,1.1799999475479126,1.2799999713897705,1.100000023841858,1.2000000476837158,29610,0.0,0.0
2019-08-29 00:00:00-04:00,1.2599999904632568,1.4600000381469727,1.1799999475479126,1.4600000381469727,45380,0.0,0.0
2019-08-30 00:00:00-04:00,1.4800000190734863,1.559999942779541,1.4199999570846558,1.5199999809265137,36395,0.0,0.0
2019-09-03 00:00:00-04:00,2.059999942779541,2.059999942779541,1.4800000190734863,1.6399999856948853,15735,0.0,0.0
2019-09-04 00:00:00-04:00,1.5800000429153442,2.059999942779541,1.4800000190734863,1.8600000143051147,27950,0.0,0.0
2019-09-05 00:00:00-04:00,1.840000033378601,1.9199999570846558,1.6200000047683716,1.7400000095367432,7570,0.0,0.0
2019-09-06 00:00:00-04:00,1.7400000095367432,1.7999999523162842,1.600000023841858,1.7400000095367432,13795,0.0,0.0
2019-09-09 00:00:00-04:00,1.659999966621399,1.8200000524520874,1.600000023841858,1.7000000476837158,19700,0.0,0.0
2019-09-10 00:00:00-04:00,1.600000023841858,1.7799999713897705,1.600000023841858,1.7599999904632568,7240,0.0,0.0
2019-09-11 00:00:00-04:00,1.7400000095367432,1.7799999713897705,1.7000000476837158,1.7000000476837158,12440,0.0,0.0
2019-09-12 00:00:00-04:00,1.4600000381469727,1.4600000381469727,1.4600000381469727,1.4600000381469727,0,0.0,0.0
2019-09-13 00:00:00-04:00,1.4600000381469727,1.4600000381469727,1.4600000381469727,1.4600000381469727,0,0.0,0.0
2019-09-16 00:00:00-04:00,1.4600000381469727,1.4600000381469727,1.4600000381469727,1.4600000381469727,0,0.0,0.0
2019-09-17 00:00:00-04:00,1.4600000381469727,1.4600000381469727,1.4600000381469727,1.4600000381469727,0,0.0,0.0
2019-09-18 00:00:00-04:00,1.659999966621399,1.9600000381469727,1.659999966621399,1.8600000143051147,6655,0.0,0.0
2019-09-19 00:00:00-04:00,1.7200000286102295,2.059999942779541,1.7200000286102295,1.9199999570846558,8100,0.0,0.0
2019-09-20 00:00:00-04:00,2.059999942779541,2.059999942779541,1.7000000476837158,1.7599999904632568,3275,0.0,0.0
2019-09-23 00:00:00-04:00,1.9199999570846558,1.9600000381469727,1.7000000476837158,1.8200000524520874,15695,0.0,0.0
2019-09-24 00:00:00-04:00,1.940000057220459,1.9600000381469727,1.600000023841858,1.840000033378601,3995,0.0,0.0
2019-09-25 00:00:00-04:00,1.840000033378601,1.899999976158142,1.840000033378601,1.8600000143051147,3340,0.0,0.0
2019-09-26 00:00:00-04:00,1.840000033378601,1.9600000381469727,1.7200000286102295,1.8200000524520874,4360,0.0,0.0
2019-09-27 00:00:00-04:00,1.8200000524520874,1.899999976158142,1.7200000286102295,1.7200000286102295,1270,0.0,0.0
2019-09-30 00:00:00-04:00,1.7200000286102295,1.899999976158142,1.6399999856948853,1.7799999713897705,3010,0.0,0.0
2019-10-01 00:00:00-04:00,1.7999999523162842,1.7999999523162842,1.6200000047683716,1.7999999523162842,3125,0.0,0.0
2019-10-02 00:00:00-04:00,1.7999999523162842,1.7999999523162842,1.399999976158142,1.7200000286102295,12910,0.0,0.0
2019-10-03 00:00:00-04:00,1.399999976158142,1.7000000476837158,1.399999976158142,1.6399999856948853,3755,0.0,0.0
2019-10-04 00:00:00-04:00,1.5399999618530273,1.6799999475479126,1.5399999618530273,1.600000023841858,970,0.0,0.0
2019-10-07 00:00:00-04:00,1.600000023841858,1.6799999475479126,1.600000023841858,1.6399999856948853,435,0.0,0.0
2019-10-08 00:00:00-04:00,1.6399999856948853,1.7599999904632568,1.399999976158142,1.659999966621399,10070,0.0,0.0
2019-10-09 00:00:00-04:00,1.6200000047683716,1.6799999475479126,1.5199999809265137,1.6799999475479126,1475,0.0,0.0
2019-10-10 00:00:00-04:00,1.6799999475479126,1.6799999475479126,1.5,1.5800000429153442,310,0.0,0.0
2019-10-11 00:00:00-04:00,1.5,1.6200000047683716,1.5,1.5,1625,0.0,0.0
2019-10-14 00:00:00-04:00,1.4199999570846558,1.600000023841858,1.3799999952316284,1.399999976158142,3050,0.0,0.0
2019-10-15 00:00:00-04:00,1.3799999952316284,1.6799999475479126,1.3799999952316284,1.399999976158142,580,0.0,0.0
2019-10-16 00:00:00-04:00,1.399999976158142,1.659999966621399,1.399999976158142,1.6399999856948853,4035,0.0,0.0
2019-10-17 00:00:00-04:00,1.440000057220459,1.6399999856948853,1.440000057220459,1.600000023841858,745,0.0,0.0
2019-10-18 00:00:00-04:00,1.600000023841858,1.6399999856948853,1.399999976158142,1.5399999618530273,4860,0.0,0.0
2019-10-21 00:00:00-04:00,1.5399999618530273,1.659999966621399,1.440000057220459,1.5,7410,0.0,0.0
2019-10-22 00:00:00-04:00,1.5800000429153442,1.8200000524520874,1.5,1.7999999523162842,23100,0.0,0.0
2019-10-23 00:00:00-04:00,1.8200000524520874,1.8200000524520874,1.659999966621399,1.659999966621399,6870,0.0,0.0
2019-10-24 00:00:00-04:00,1.7000000476837158,1.8200000524520874,1.6799999475479126,1.7000000476837158,3310,0.0,0.0
2019-10-25 00:00:00-04:00,1.7200000286102295,1.7999999523162842,1.600000023841858,1.7999999523162842,1750,0.0,0.0
2019-10-28 00:00:00-04:00,1.600000023841858,1.8799999952316284,1.600000023841858,1.8799999952316284,12480,0.0,0.0
2019-10-29 00:00:00-04:00,1.600000023841858,1.899999976158142,1.600000023841858,1.7999999523162842,1040,0.0,0.0
2019-10-30 00:00:00-04:00,1.7999999523162842,1.899999976158142,1.059999942779541,1.659999966621399,9805,0.0,0.0
2019-10-31 00:00:00-04:00,1.600000023841858,1.9199999570846558,1.600000023841858,1.7999999523162842,11605,0.0,0.0
2019-11-01 00:00:00-04:00,1.899999976158142,2.700000047683716,1.7999999523162842,2.5,77015,0.0,0.0
2019-11-04 00:00:00-05:00,2.5999999046325684,4.400000095367432,2.299999952316284,4.360000133514404,219715,0.0,0.0
2019-11-05 00:00:00-05:00,4.760000228881836,4.760000228881836,3.2200000286102295,4.0,77495,0.0,0.0
2019-11-06 00:00:00-05:00,3.759999990463257,4.0,3.0,3.240000009536743,50650,0.0,0.0
2019-11-07 00:00:00-05:00,3.380000114440918,3.5799999237060547,2.5999999046325684,2.9000000953674316,19445,0.0,0.0
2019-11-08 00:00:00-05:00,3.0999999046325684,3.4000000953674316,2.0,2.4600000381469727,43370,0.0,0.0
2019-11-11 00:00:00-05:00,2.4600000381469727,2.700000047683716,1.9199999570846558,2.4000000953674316,22165,0.0,0.0
2019-11-12 00:00:00-05:00,2.4000000953674316,2.559999942779541,2.2200000286102295,2.4000000953674316,2970,0.0,0.0
2019-11-13 00:00:00-05:00,2.359999895095825,2.5999999046325684,2.0,2.299999952316284,26650,0.0,0.0
2019-11-14 00:00:00-05:00,2.4200000762939453,2.559999942779541,2.059999942779541,2.440000057220459,26620,0.0,0.0
2019-11-15 00:00:00-05:00,2.259999990463257,2.6600000858306885,2.259999990463257,2.5,18775,0.0,0.0
2019-11-18 00:00:00-05:00,2.4200000762939453,2.799999952316284,2.319999933242798,2.4000000953674316,20205,0.0,0.0
2019-11-19 00:00:00-05:00,2.299999952316284,2.799999952316284,2.2200000286102295,2.5,14610,0.0,0.0
2019-11-20 00:00:00-05:00,2.119999885559082,2.4800000190734863,2.119999885559082,2.4200000762939453,2335,0.0,0.0
2019-11-21 00:00:00-05:00,2.440000057220459,2.700000047683716,2.440000057220459,2.5199999809265137,4710,0.0,0.0
2019-11-22 00:00:00-05:00,2.5399999618530273,3.4000000953674316,2.440000057220459,3.0999999046325684,39855,0.0,0.0
2019-11-25 00:00:00-05:00,3.0199999809265137,3.5,3.0,3.4000000953674316,42125,0.0,0.0
2019-11-26 00:00:00-05:00,3.259999990463257,3.7799999713897705,3.0999999046325684,3.5999999046325684,10880,0.0,0.0
2019-11-27 00:00:00-05:00,3.5999999046325684,3.5999999046325684,3.0999999046325684,3.319999933242798,5675,0.0,0.0
2019-11-29 00:00:00-05:00,3.319999933242798,3.4000000953674316,3.180000066757202,3.359999895095825,1745,0.0,0.0
2019-12-02 00:00:00-05:00,3.440000057220459,4.400000095367432,3.359999895095825,3.799999952316284,48610,0.0,0.0
2019-12-03 00:00:00-05:00,3.559999942779541,4.199999809265137,3.259999990463257,3.559999942779541,12755,0.0,0.0
2019-12-04 00:00:00-05:00,3.440000057220459,3.5799999237060547,3.0999999046325684,3.0999999046325684,5615,0.0,0.0
2019-12-05 00:00:00-05:00,3.440000057220459,3.640000104904175,3.140000104904175,3.4000000953674316,7125,0.0,0.0
2019-12-06 00:00:00-05:00,3.200000047683716,3.5199999809265137,3.0999999046325684,3.440000057220459,5400,0.0,0.0
2019-12-09 00:00:00-05:00,3.5399999618530273,3.9200000762939453,3.3399999141693115,3.5999999046325684,2325,0.0,0.0
2019-12-10 00:00:00-05:00,3.5999999046325684,3.5999999046325684,3.119999885559082,3.359999895095825,8195,0.0,0.0
2019-12-11 00:00:00-05:00,3.4000000953674316,3.5199999809265137,3.200000047683716,3.240000009536743,4670,0.0,0.0
2019-12-12 00:00:00-05:00,3.4600000381469727,3.799999952316284,3.299999952316284,3.5999999046325684,6520,0.0,0.0
2019-12-13 00:00:00-05:00,3.559999942779541,3.799999952316284,3.319999933242798,3.4000000953674316,6345,0.0,0.0
2019-12-16 00:00:00-05:00,3.319999933242798,3.859999895095825,3.319999933242798,3.5,10685,0.0,0.0
2019-12-17 00:00:00-05:00,3.5999999046325684,3.700000047683716,3.4000000953674316,3.700000047683716,1995,0.0,0.0
2019-12-18 00:00:00-05:00,3.5199999809265137,4.0,3.359999895095825,3.799999952316284,14750,0.0,0.0
2019-12-19 00:00:00-05:00,4.099999904632568,4.099999904632568,3.799999952316284,3.9000000953674316,10880,0.0,0.0
2019-12-20 00:00:00-05:00,4.059999942779541,4.059999942779541,3.6600000858306885,3.880000114440918,20010,0.0,0.0
2019-12-23 00:00:00-05:00,3.799999952316284,4.099999904632568,3.5799999237060547,4.0,16035,0.0,0.0
2019-12-24 00:00:00-05:00,4.0,4.099999904632568,3.799999952316284,3.9000000953674316,4685,0.0,0.0
2019-12-26 00:00:00-05:00,3.9800000190734863,3.9800000190734863,3.619999885559082,3.7799999713897705,10300,0.0,0.0
2019-12-27 00:00:00-05:00,3.880000114440918,3.9000000953674316,3.200000047683716,3.5999999046325684,9280,0.0,0.0
2019-12-30 00:00:00-05:00,3.4000000953674316,3.799999952316284,3.119999885559082,3.5,20820,0.0,0.0
2019-12-31 00:00:00-05:00,3.4000000953674316,3.5799999237060547,3.299999952316284,3.5,4725,0.0,0.0
2020-01-02 00:00:00-05:00,3.4000000953674316,3.700000047683716,3.200000047683716,3.700000047683716,8985,0.0,0.0
2020-01-03 00:00:00-05:00,3.680000066757202,3.680000066757202,3.4000000953674316,3.5199999809265137,4455,0.0,0.0
2020-01-06 00:00:00-05:00,3.4000000953674316,3.5799999237060547,3.200000047683716,3.299999952316284,7245,0.0,0.0
2020-01-07 00:00:00-05:00,3.4000000953674316,3.440000057220459,3.200000047683716,3.4000000953674316,7660,0.0,0.0
2020-01-08 00:00:00-05:00,3.5999999046325684,3.5999999046325684,3.240000009536743,3.380000114440918,3440,0.0,0.0
2020-01-09 00:00:00-05:00,3.4000000953674316,3.4000000953674316,3.180000066757202,3.2799999713897705,3420,0.0,0.0
2020-01-10 00:00:00-05:00,3.259999990463257,3.2799999713897705,3.2200000286102295,3.2200000286102295,3045,0.0,0.0
2020-01-13 00:00:00-05:00,3.2799999713897705,3.299999952316284,2.0999999046325684,3.299999952316284,17030,0.0,0.0
2020-01-14 00:00:00-05:00,3.2200000286102295,3.4000000953674316,3.0999999046325684,3.1600000858306885,3675,0.0,0.0
2020-01-15 00:00:00-05:00,3.200000047683716,3.4600000381469727,2.4000000953674316,3.1600000858306885,16220,0.0,0.0
2020-01-16 00:00:00-05:00,2.799999952316284,3.359999895095825,2.799999952316284,3.200000047683716,4560,0.0,0.0
2020-01-17 00:00:00-05:00,3.200000047683716,3.2799999713897705,2.619999885559082,3.200000047683716,5115,0.0,0.0
2020-01-21 00:00:00-05:00,3.200000047683716,3.200000047683716,2.859999895095825,3.059999942779541,2470,0.0,0.0
2020-01-22 00:00:00-05:00,3.200000047683716,3.200000047683716,2.9200000762939453,3.0999999046325684,1165,0.0,0.0
2020-01-23 00:00:00-05:00,3.0,3.0999999046325684,2.4200000762939453,2.940000057220459,21090,0.0,0.0
2020-01-24 00:00:00-05:00,3.0,3.0,2.5199999809265137,2.859999895095825,8715,0.0,0.0
2020-01-27 00:00:00-05:00,2.6600000858306885,3.0,2.5999999046325684,2.9000000953674316,2100,0.0,0.0
2020-01-28 00:00:00-05:00,2.619999885559082,2.799999952316284,2.440000057220459,2.700000047683716,7480,0.0,0.0
2020-01-29 00:00:00-05:00,2.5399999618530273,2.9600000381469727,2.5399999618530273,2.7799999713897705,3910,0.0,0.0
2020-01-30 00:00:00-05:00,2.5,2.799999952316284,2.5,2.7799999713897705,2605,0.0,0.0
2020-01-31 00:00:00-05:00,2.5999999046325684,2.759999990463257,2.5999999046325684,2.7200000286102295,1660,0.0,0.0
2020-02-03 00:00:00-05:00,2.7799999713897705,2.799999952316284,2.4200000762939453,2.640000104904175,9230,0.0,0.0
2020-02-04 00:00:00-05:00,2.5,2.759999990463257,2.440000057220459,2.759999990463257,7950,0.0,0.0
2020-02-05 00:00:00-05:00,2.440000057220459,3.0999999046325684,2.440000057220459,2.740000009536743,5230,0.0,0.0
2020-02-06 00:00:00-05:00,2.4800000190734863,2.9800000190734863,2.4800000190734863,2.700000047683716,2010,0.0,0.0
2020-02-07 00:00:00-05:00,2.5199999809265137,2.7799999713897705,2.5199999809265137,2.7799999713897705,2405,0.0,0.0
2020-02-10 00:00:00-05:00,2.880000114440918,3.200000047683716,2.759999990463257,3.200000047683716,7530,0.0,0.0
2020-02-11 00:00:00-05:00,3.0999999046325684,3.559999942779541,3.0999999046325684,3.259999990463257,18540,0.0,0.0
2020-02-12 00:00:00-05:00,3.200000047683716,3.4000000953674316,2.7799999713897705,3.0999999046325684,5480,0.0,0.0
2020-02-13 00:00:00-05:00,3.7799999713897705,3.7799999713897705,2.819999933242798,3.200000047683716,1485,0.0,0.0
2020-02-14 00:00:00-05:00,3.240000009536743,3.5999999046325684,2.9200000762939453,3.200000047683716,3770,0.0,0.0
2020-02-18 00:00:00-05:00,3.200000047683716,3.200000047683716,2.9600000381469727,2.9600000381469727,4410,0.0,0.0
2020-02-19 00:00:00-05:00,3.2799999713897705,3.319999933242798,2.9600000381469727,3.200000047683716,3020,0.0,0.0
2020-02-20 00:00:00-05:00,2.9600000381469727,3.319999933242798,2.9600000381469727,3.200000047683716,2590,0.0,0.0
2020-02-21 00:00:00-05:00,2.9800000190734863,3.2799999713897705,2.819999933242798,3.2799999713897705,1570,0.0,0.0
2020-02-24 00:00:00-05:00,2.8399999141693115,3.4000000953674316,2.819999933242798,3.319999933242798,3970,0.0,0.0
2020-02-25 00:00:00-05:00,2.819999933242798,3.359999895095825,2.819999933242798,2.9200000762939453,5280,0.0,0.0
2020-02-26 00:00:00-05:00,2.819999933242798,2.9800000190734863,2.819999933242798,2.9600000381469727,2740,0.0,0.0
2020-02-27 00:00:00-05:00,2.9600000381469727,2.9600000381469727,2.440000057220459,2.700000047683716,6830,0.0,0.0
2020-02-28 00:00:00-05:00,2.799999952316284,2.799999952316284,2.5,2.700000047683716,8370,0.0,0.0
2020-03-02 00:00:00-05:00,2.700000047683716,2.700000047683716,2.5999999046325684,2.5999999046325684,3345,0.0,0.0
2020-03-03 00:00:00-05:00,2.5,2.799999952316284,2.5,2.700000047683716,7995,0.0,0.0
2020-03-04 00:00:00-05:00,2.5,3.0399999618530273,2.5,2.619999885559082,1700,0.0,0.0
2020-03-05 00:00:00-05:00,2.5,3.0,2.5,2.700000047683716,755,0.0,0.0
2020-03-06 00:00:00-05:00,2.759999990463257,2.759999990463257,2.5,2.5999999046325684,3325,0.0,0.0
2020-03-09 00:00:00-04:00,2.559999942779541,2.5999999046325684,2.4200000762939453,2.4200000762939453,6470,0.0,0.0
2020-03-10 00:00:00-04:00,2.4200000762939453,2.5,2.180000066757202,2.319999933242798,8855,0.0,0.0
2020-03-11 00:00:00-04:00,2.319999933242798,2.4800000190734863,1.7599999904632568,2.0,11340,0.0,0.0
2020-03-12 00:00:00-04:00,1.5399999618530273,1.9600000381469727,1.100000023841858,1.600000023841858,17365,0.0,0.0
2020-03-13 00:00:00-04:00,1.5800000429153442,2.0,1.5800000429153442,1.7200000286102295,13175,0.0,0.0
2020-03-16 00:00:00-04:00,1.6200000047683716,1.899999976158142,1.600000023841858,1.899999976158142,1945,0.0,0.0
2020-03-17 00:00:00-04:00,2.0,2.0999999046325684,1.399999976158142,1.9800000190734863,4300,0.0,0.0
2020-03-18 00:00:00-04:00,1.9600000381469727,2.5999999046325684,1.4199999570846558,1.899999976158142,8825,0.0,0.0
2020-03-19 00:00:00-04:00,1.600000023841858,2.0,1.4199999570846558,1.6399999856948853,5410,0.0,0.0
2020-03-20 00:00:00-04:00,1.659999966621399,1.9600000381469727,1.4199999570846558,1.7799999713897705,6510,0.0,0.0
2020-03-23 00:00:00-04:00,1.659999966621399,1.7799999713897705,1.440000057220459,1.4600000381469727,3870,0.0,0.0
2020-03-24 00:00:00-04:00,1.659999966621399,1.7400000095367432,1.600000023841858,1.7400000095367432,4585,0.0,0.0
2020-03-25 00:00:00-04:00,1.7000000476837158,1.8600000143051147,1.5800000429153442,1.7000000476837158,3095,0.0,0.0
2020-03-26 00:00:00-04:00,1.659999966621399,1.9600000381469727,1.5,1.7799999713897705,4765,0.0,0.0
2020-03-27 00:00:00-04:00,1.7400000095367432,1.7999999523162842,1.5800000429153442,1.7200000286102295,3585,0.0,0.0
2020-03-30 00:00:00-04:00,1.5199999809265137,1.9600000381469727,1.5199999809265137,1.5800000429153442,3690,0.0,0.0
2020-03-31 00:00:00-04:00,1.840000033378601,1.899999976158142,1.7000000476837158,1.8600000143051147,6310,0.0,0.0
2020-04-01 00:00:00-04:00,1.8600000143051147,1.8600000143051147,1.6200000047683716,1.8600000143051147,6870,0.0,0.0
2020-04-02 00:00:00-04:00,1.8600000143051147,1.8600000143051147,1.659999966621399,1.7799999713897705,2070,0.0,0.0
2020-04-03 00:00:00-04:00,1.659999966621399,1.8600000143051147,1.600000023841858,1.8600000143051147,1710,0.0,0.0
2020-04-06 00:00:00-04:00,1.3600000143051147,1.840000033378601,1.3600000143051147,1.600000023841858,6195,0.0,0.0
2020-04-07 00:00:00-04:00,1.7000000476837158,1.899999976158142,1.600000023841858,1.7599999904632568,6275,0.0,0.0
2020-04-08 00:00:00-04:00,1.7999999523162842,1.7999999523162842,1.659999966621399,1.7400000095367432,2625,0.0,0.0
2020-04-09 00:00:00-04:00,1.899999976158142,1.899999976158142,1.5,1.899999976158142,9775,0.0,0.0
2020-04-13 00:00:00-04:00,1.7200000286102295,1.8799999952316284,1.6399999856948853,1.8799999952316284,1845,0.0,0.0
2020-04-14 00:00:00-04:00,1.7999999523162842,1.899999976158142,1.7000000476837158,1.899999976158142,5445,0.0,0.0
2020-04-15 00:00:00-04:00,1.7000000476837158,1.899999976158142,1.7000000476837158,1.8600000143051147,2065,0.0,0.0
2020-04-16 00:00:00-04:00,1.8600000143051147,1.899999976158142,1.5199999809265137,1.899999976158142,4250,0.0,0.0
2020-04-17 00:00:00-04:00,1.940000057220459,1.9600000381469727,1.659999966621399,1.7000000476837158,4965,0.0,0.0
2020-04-20 00:00:00-04:00,1.600000023841858,2.359999895095825,1.5,1.899999976158142,9730,0.0,0.0
2020-04-21 00:00:00-04:00,1.600000023841858,2.2799999713897705,1.600000023841858,2.0,955,0.0,0.0
2020-04-22 00:00:00-04:00,2.0,2.180000066757202,1.600000023841858,2.180000066757202,3740,0.0,0.0
2020-04-23 00:00:00-04:00,2.200000047683716,2.200000047683716,1.7400000095367432,1.7999999523162842,2675,0.0,0.0
2020-04-24 00:00:00-04:00,2.0,2.180000066757202,1.7400000095367432,2.0999999046325684,4680,0.0,0.0
2020-04-27 00:00:00-04:00,2.4000000953674316,2.4000000953674316,1.7400000095367432,2.0199999809265137,6545,0.0,0.0
2020-04-28 00:00:00-04:00,2.5799999237060547,2.5799999237060547,2.0,2.1600000858306885,5310,0.0,0.0
2020-04-29 00:00:00-04:00,2.4000000953674316,2.4000000953674316,2.200000047683716,2.200000047683716,7515,0.0,0.0
2020-04-30 00:00:00-04:00,2.200000047683716,2.299999952316284,2.0399999618530273,2.0799999237060547,3965,0.0,0.0
2020-05-01 00:00:00-04:00,2.440000057220459,2.440000057220459,2.0,2.0999999046325684,10965,0.0,0.0
2020-05-04 00:00:00-04:00,2.440000057220459,2.440000057220459,2.0399999618530273,2.319999933242798,1870,0.0,0.0
2020-05-05 00:00:00-04:00,2.0999999046325684,2.440000057220459,2.0999999046325684,2.0999999046325684,6305,0.0,0.0
2020-05-06 00:00:00-04:00,2.4000000953674316,2.440000057220459,2.0999999046325684,2.2200000286102295,3270,0.0,0.0
2020-05-07 00:00:00-04:00,2.0999999046325684,2.299999952316284,2.0999999046325684,2.119999885559082,2405,0.0,0.0
2020-05-08 00:00:00-04:00,2.299999952316284,2.299999952316284,2.0999999046325684,2.200000047683716,1850,0.0,0.0
2020-05-11 00:00:00-04:00,2.200000047683716,2.200000047683716,2.0999999046325684,2.1600000858306885,1945,0.0,0.0
2020-05-12 00:00:00-04:00,2.200000047683716,2.200000047683716,2.0,2.0,4160,0.0,0.0
2020-05-13 00:00:00-04:00,2.0,2.200000047683716,1.7999999523162842,2.0999999046325684,11720,0.0,0.0
2020-05-14 00:00:00-04:00,2.200000047683716,2.299999952316284,1.8200000524520874,2.200000047683716,7875,0.0,0.0
2020-05-15 00:00:00-04:00,1.8600000143051147,2.299999952316284,1.8600000143051147,1.8600000143051147,5045,0.0,0.0
2020-05-18 00:00:00-04:00,1.940000057220459,2.0799999237060547,1.6399999856948853,1.7000000476837158,11165,0.0,0.0
2020-05-19 00:00:00-04:00,1.6399999856948853,1.9800000190734863,1.6399999856948853,1.899999976158142,3280,0.0,0.0
2020-05-20 00:00:00-04:00,1.899999976158142,2.0,1.7599999904632568,1.8799999952316284,2375,0.0,0.0
2020-05-21 00:00:00-04:00,2.0,2.0,1.7999999523162842,1.8200000524520874,2380,0.0,0.0
2020-05-22 00:00:00-04:00,1.8799999952316284,2.0,1.7799999713897705,1.899999976158142,4810,0.0,0.0
2020-05-26 00:00:00-04:00,1.9199999570846558,2.0,1.7200000286102295,2.0,4575,0.0,0.0
2020-05-27 00:00:00-04:00,1.840000033378601,1.940000057220459,1.7200000286102295,1.7200000286102295,11630,0.0,0.0
2020-05-28 00:00:00-04:00,1.9199999570846558,1.9199999570846558,1.7599999904632568,1.7599999904632568,7615,0.0,0.0
2020-05-29 00:00:00-04:00,1.7799999713897705,1.840000033378601,1.440000057220459,1.6799999475479126,25925,0.0,0.0
2020-06-01 00:00:00-04:00,1.6799999475479126,1.7000000476837158,1.600000023841858,1.7000000476837158,7905,0.0,0.0
2020-06-02 00:00:00-04:00,1.7000000476837158,1.7000000476837158,1.5,1.7000000476837158,2915,0.0,0.0
2020-06-03 00:00:00-04:00,1.559999942779541,1.7799999713897705,1.559999942779541,1.7000000476837158,4875,0.0,0.0
2020-06-04 00:00:00-04:00,1.600000023841858,1.7000000476837158,1.600000023841858,1.600000023841858,6760,0.0,0.0
2020-06-05 00:00:00-04:00,1.5,1.7799999713897705,1.5,1.6399999856948853,8990,0.0,0.0
2020-06-08 00:00:00-04:00,1.7000000476837158,1.7799999713897705,1.5800000429153442,1.6399999856948853,13375,0.0,0.0
2020-06-09 00:00:00-04:00,1.7799999713897705,2.880000114440918,1.2999999523162842,2.799999952316284,130405,0.0,0.0
2020-06-10 00:00:00-04:00,6.400000095367432,6.960000038146973,4.440000057220459,4.940000057220459,775880,0.0,0.0
2020-06-11 00:00:00-04:00,4.800000190734863,4.800000190734863,3.0999999046325684,4.0,137520,0.0,0.0
2020-06-12 00:00:00-04:00,3.799999952316284,4.0,2.819999933242798,3.2200000286102295,126235,0.0,0.0
2020-06-15 00:00:00-04:00,3.2200000286102295,3.9000000953674316,3.140000104904175,3.359999895095825,46500,0.0,0.0
2020-06-16 00:00:00-04:00,3.5999999046325684,3.8399999141693115,3.2200000286102295,3.4000000953674316,31600,0.0,0.0
2020-06-17 00:00:00-04:00,3.4000000953674316,3.6600000858306885,3.200000047683716,3.359999895095825,15560,0.0,0.0
2020-06-18 00:00:00-04:00,3.200000047683716,3.4000000953674316,2.9000000953674316,3.2799999713897705,36825,0.0,0.0
2020-06-19 00:00:00-04:00,3.299999952316284,3.299999952316284,2.700000047683716,2.9600000381469727,40700,0.0,0.0
2020-06-22 00:00:00-04:00,2.9800000190734863,3.0,2.0,2.799999952316284,47385,0.0,0.0
2020-06-23 00:00:00-04:00,2.9000000953674316,2.9000000953674316,2.4000000953674316,2.7200000286102295,21870,0.0,0.0
2020-06-24 00:00:00-04:00,2.5999999046325684,3.4800000190734863,2.5,3.180000066757202,19325,0.0,0.0
2020-06-25 00:00:00-04:00,3.2200000286102295,4.0,2.859999895095825,3.119999885559082,24210,0.0,0.0
2020-06-26 00:00:00-04:00,3.200000047683716,3.5,2.859999895095825,3.200000047683716,15660,0.0,0.0
2020-06-29 00:00:00-04:00,3.5,5.119999885559082,3.0999999046325684,4.800000190734863,212795,0.0,0.0
2020-06-30 00:00:00-04:00,5.199999809265137,5.199999809265137,4.119999885559082,4.579999923706055,71195,0.0,0.0
2020-07-01 00:00:00-04:00,4.559999942779541,5.0,3.4000000953674316,4.059999942779541,45150,0.0,0.0
2020-07-02 00:00:00-04:00,3.799999952316284,5.599999904632568,3.799999952316284,4.840000152587891,192640,0.0,0.0
2020-07-06 00:00:00-04:00,5.78000020980835,7.300000190734863,5.039999961853027,6.920000076293945,302065,0.0,0.0
2020-07-07 00:00:00-04:00,6.199999809265137,6.199999809265137,5.0,5.300000190734863,125155,0.0,0.0
2020-07-08 00:00:00-04:00,5.159999847412109,6.199999809265137,5.159999847412109,5.980000019073486,92380,0.0,0.0
2020-07-09 00:00:00-04:00,6.079999923706055,8.579999923706055,5.639999866485596,8.34000015258789,311345,0.0,0.0
2020-07-10 00:00:00-04:00,9.199999809265137,9.779999732971191,7.099999904632568,8.300000190734863,295155,0.0,0.0
2020-07-13 00:00:00-04:00,9.119999885559082,9.180000305175781,6.21999979019165,6.599999904632568,116115,0.0,0.0
2020-07-14 00:00:00-04:00,6.800000190734863,6.980000019073486,5.699999809265137,6.400000095367432,96495,0.0,0.0
2020-07-15 00:00:00-04:00,6.599999904632568,7.800000190734863,6.239999771118164,6.619999885559082,35900,0.0,0.0
2020-07-16 00:00:00-04:00,6.400000095367432,6.78000020980835,5.900000095367432,6.5,30005,0.0,0.0
2020-07-17 00:00:00-04:00,6.599999904632568,6.599999904632568,5.28000020980835,5.599999904632568,70315,0.0,0.0
2020-07-20 00:00:00-04:00,5.599999904632568,6.0,5.099999904632568,5.619999885559082,76820,0.0,0.0
2020-07-21 00:00:00-04:00,6.0,6.199999809265137,5.0,5.099999904632568,63065,0.0,0.0
2020-07-22 00:00:00-04:00,5.480000019073486,5.480000019073486,4.400000095367432,4.900000095367432,35455,0.0,0.0
2020-07-23 00:00:00-04:00,4.900000095367432,5.400000095367432,4.900000095367432,5.119999885559082,15930,0.0,0.0
2020-07-24 00:00:00-04:00,5.400000095367432,5.400000095367432,4.599999904632568,4.900000095367432,28185,0.0,0.0
2020-07-27 00:00:00-04:00,4.78000020980835,5.019999980926514,4.099999904632568,4.400000095367432,47300,0.0,0.0
2020-07-28 00:00:00-04:00,4.21999979019165,4.739999771118164,4.039999961853027,4.579999923706055,22890,0.0,0.0
2020-07-29 00:00:00-04:00,4.239999771118164,5.800000190734863,4.239999771118164,5.679999828338623,34965,0.0,0.0
2020-07-30 00:00:00-04:00,5.739999771118164,5.800000190734863,5.199999809265137,5.300000190734863,32920,0.0,0.0
2020-07-31 00:00:00-04:00,5.21999979019165,5.559999942779541,4.960000038146973,5.059999942779541,14750,0.0,0.0
2020-08-03 00:00:00-04:00,5.179999828338623,5.300000190734863,4.820000171661377,5.139999866485596,18135,0.0,0.0
2020-08-04 00:00:00-04:00,5.179999828338623,5.179999828338623,4.599999904632568,4.699999809265137,21340,0.0,0.0
2020-08-05 00:00:00-04:00,4.699999809265137,4.800000190734863,4.5,4.519999980926514,16890,0.0,0.0
2020-08-06 00:00:00-04:00,4.71999979019165,4.800000190734863,4.5,4.539999961853027,27300,0.0,0.0
2020-08-07 00:00:00-04:00,4.599999904632568,4.599999904632568,4.199999809265137,4.5,36175,0.0,0.0
2020-08-10 00:00:00-04:00,4.420000076293945,4.579999923706055,4.21999979019165,4.400000095367432,14430,0.0,0.0
2020-08-11 00:00:00-04:00,4.539999961853027,4.599999904632568,4.260000228881836,4.5,7725,0.0,0.0
2020-08-12 00:00:00-04:00,4.320000171661377,4.559999942779541,3.9600000381469727,4.159999847412109,21990,0.0,0.0
2020-08-13 00:00:00-04:00,4.0,4.099999904632568,3.819999933242798,4.039999961853027,24625,0.0,0.0
2020-08-14 00:00:00-04:00,3.859999895095825,4.380000114440918,3.4200000762939453,4.360000133514404,79290,0.0,0.0
2020-08-17 00:00:00-04:00,4.360000133514404,4.400000095367432,3.799999952316284,4.039999961853027,23090,0.0,0.0
2020-08-18 00:00:00-04:00,4.099999904632568,4.980000019073486,4.099999904632568,4.619999885559082,58430,0.0,0.0
2020-08-19 00:00:00-04:00,4.619999885559082,4.619999885559082,4.159999847412109,4.5,9730,0.0,0.0
2020-08-20 00:00:00-04:00,4.239999771118164,4.579999923706055,4.119999885559082,4.179999828338623,10670,0.0,0.0
2020-08-21 00:00:00-04:00,4.199999809265137,4.21999979019165,4.059999942779541,4.059999942779541,14645,0.0,0.0
2020-08-24 00:00:00-04:00,4.400000095367432,4.400000095367432,3.799999952316284,3.9600000381469727,21735,0.0,0.0
2020-08-25 00:00:00-04:00,4.0,4.179999828338623,3.819999933242798,3.8399999141693115,21255,0.0,0.0
2020-08-26 00:00:00-04:00,3.8399999141693115,4.0,3.759999990463257,4.0,12560,0.0,0.0
2020-08-27 00:00:00-04:00,4.0,4.039999961853027,3.640000104904175,3.759999990463257,11510,0.0,0.0
2020-08-28 00:00:00-04:00,3.9000000953674316,4.0,3.640000104904175,3.799999952316284,8215,0.0,0.0
2020-08-31 00:00:00-04:00,3.640000104904175,3.799999952316284,3.4200000762939453,3.5,23510,0.0,0.0
2020-09-01 00:00:00-04:00,3.4800000190734863,3.6600000858306885,3.4000000953674316,3.440000057220459,17455,0.0,0.0
2020-09-02 00:00:00-04:00,3.4200000762939453,3.5999999046325684,3.2200000286102295,3.319999933242798,16165,0.0,0.0
2020-09-03 00:00:00-04:00,3.240000009536743,3.799999952316284,3.0399999618530273,3.7799999713897705,33445,0.0,0.0
2020-09-04 00:00:00-04:00,4.300000190734863,4.300000190734863,3.4600000381469727,3.5199999809265137,16080,0.0,0.0
2020-09-08 00:00:00-04:00,3.4200000762939453,3.700000047683716,3.119999885559082,3.119999885559082,13150,0.0,0.0
2020-09-09 00:00:00-04:00,3.0999999046325684,3.259999990463257,3.0199999809265137,3.059999942779541,13115,0.0,0.0
2020-09-10 00:00:00-04:00,2.9800000190734863,3.380000114440918,2.799999952316284,3.2200000286102295,11940,0.0,0.0
2020-09-11 00:00:00-04:00,3.240000009536743,3.559999942779541,3.200000047683716,3.299999952316284,6675,0.0,0.0
2020-09-14 00:00:00-04:00,3.4000000953674316,3.559999942779541,3.2200000286102295,3.319999933242798,7175,0.0,0.0
2020-09-15 00:00:00-04:00,3.559999942779541,3.559999942779541,3.240000009536743,3.259999990463257,9260,0.0,0.0
2020-09-16 00:00:00-04:00,3.259999990463257,3.259999990463257,2.819999933242798,3.059999942779541,24785,0.0,0.0
2020-09-17 00:00:00-04:00,3.0,3.0999999046325684,2.799999952316284,2.9800000190734863,8485,0.0,0.0
2020-09-18 00:00:00-04:00,2.9800000190734863,3.0,2.8399999141693115,3.0,7925,0.0,0.0
2020-09-21 00:00:00-04:00,3.0,3.0,2.799999952316284,2.859999895095825,11405,0.0,0.0
2020-09-22 00:00:00-04:00,2.9200000762939453,2.9600000381469727,2.6600000858306885,2.880000114440918,17745,0.0,0.0
2020-09-23 00:00:00-04:00,2.799999952316284,3.4000000953674316,2.700000047683716,3.299999952316284,28555,0.0,0.0
2020-09-24 00:00:00-04:00,3.299999952316284,4.78000020980835,3.2200000286102295,4.179999828338623,83795,0.0,0.0
2020-09-25 00:00:00-04:00,4.28000020980835,4.28000020980835,3.5999999046325684,3.759999990463257,25790,0.0,0.0
2020-09-28 00:00:00-04:00,3.7200000286102295,4.400000095367432,3.7200000286102295,3.740000009536743,13455,0.0,0.0
2020-09-29 00:00:00-04:00,3.619999885559082,3.740000009536743,3.259999990463257,3.5199999809265137,17390,0.0,0.0
2020-09-30 00:00:00-04:00,3.5199999809265137,3.5199999809265137,3.2799999713897705,3.4600000381469727,4975,0.0,0.0
2020-10-01 00:00:00-04:00,3.4200000762939453,3.9000000953674316,3.240000009536743,3.9000000953674316,7845,0.0,0.0
2020-10-02 00:00:00-04:00,3.859999895095825,3.859999895095825,3.4000000953674316,3.799999952316284,5075,0.0,0.0
2020-10-05 00:00:00-04:00,3.799999952316284,4.0,3.2799999713897705,3.799999952316284,13110,0.0,0.0
2020-10-06 00:00:00-04:00,4.019999980926514,5.980000019073486,3.740000009536743,4.139999866485596,219965,0.0,0.0
2020-10-07 00:00:00-04:00,4.400000095367432,4.800000190734863,4.019999980926514,4.5,74550,0.0,0.0
2020-10-08 00:00:00-04:00,4.039999961853027,4.539999961853027,4.0,4.0,28520,0.0,0.0
2020-10-09 00:00:00-04:00,4.0,4.980000019073486,4.0,4.639999866485596,32040,0.0,0.0
2020-10-12 00:00:00-04:00,4.980000019073486,5.199999809265137,4.340000152587891,4.480000019073486,34850,0.0,0.0
2020-10-13 00:00:00-04:00,4.599999904632568,4.699999809265137,4.119999885559082,4.28000020980835,27675,0.0,0.0
2020-10-14 00:00:00-04:00,4.400000095367432,4.400000095367432,3.5399999618530273,3.859999895095825,43570,0.0,0.0
2020-10-15 00:00:00-04:00,3.940000057220459,3.940000057220459,3.619999885559082,3.9000000953674316,8215,0.0,0.0
2020-10-16 00:00:00-04:00,3.9000000953674316,4.5,3.799999952316284,4.300000190734863,23405,0.0,0.0
2020-10-19 00:00:00-04:00,4.400000095367432,4.699999809265137,4.21999979019165,4.639999866485596,22255,0.0,0.0
2020-10-20 00:00:00-04:00,4.699999809265137,5.0,4.559999942779541,4.699999809265137,35785,0.0,0.0
2020-10-21 00:00:00-04:00,4.599999904632568,4.980000019073486,4.400000095367432,4.739999771118164,13430,0.0,0.0
2020-10-22 00:00:00-04:00,4.800000190734863,5.360000133514404,4.699999809265137,5.0,44105,0.0,0.0
2020-10-23 00:00:00-04:00,5.199999809265137,5.360000133514404,5.0,5.059999942779541,28160,0.0,0.0
2020-10-26 00:00:00-04:00,5.0,5.119999885559082,4.619999885559082,4.900000095367432,13145,0.0,0.0
2020-10-27 00:00:00-04:00,4.900000095367432,5.0,4.559999942779541,4.599999904632568,14215,0.0,0.0
2020-10-28 00:00:00-04:00,4.5,4.599999904632568,4.139999866485596,4.199999809265137,14140,0.0,0.0
2020-10-29 00:00:00-04:00,3.700000047683716,4.260000228881836,3.700000047683716,4.260000228881836,9930,0.0,0.0
2020-10-30 00:00:00-04:00,4.28000020980835,4.380000114440918,3.819999933242798,3.940000057220459,10915,0.0,0.0
2020-11-02 00:00:00-05:00,3.859999895095825,4.199999809265137,3.8399999141693115,3.859999895095825,8395,0.0,0.0
2020-11-03 00:00:00-05:00,3.819999933242798,4.199999809265137,3.799999952316284,4.099999904632568,13125,0.0,0.0
2020-11-04 00:00:00-05:00,4.099999904632568,4.559999942779541,4.0,4.21999979019165,10700,0.0,0.0
2020-11-05 00:00:00-05:00,4.199999809265137,4.5,4.199999809265137,4.5,6420,0.0,0.0
2020-11-06 00:00:00-05:00,4.559999942779541,4.559999942779541,4.079999923706055,4.199999809265137,9805,0.0,0.0
2020-11-09 00:00:00-05:00,4.380000114440918,4.659999847412109,4.199999809265137,4.5,16010,0.0,0.0
2020-11-10 00:00:00-05:00,4.380000114440918,4.539999961853027,4.199999809265137,4.400000095367432,14645,0.0,0.0
2020-11-11 00:00:00-05:00,4.400000095367432,4.400000095367432,4.21999979019165,4.260000228881836,4875,0.0,0.0
2020-11-12 00:00:00-05:00,4.400000095367432,4.400000095367432,4.099999904632568,4.199999809265137,6235,0.0,0.0
2020-11-13 00:00:00-05:00,4.0,4.400000095367432,3.799999952316284,4.400000095367432,38115,0.0,0.0
2020-11-16 00:00:00-05:00,4.079999923706055,4.840000152587891,4.079999923706055,4.760000228881836,49950,0.0,0.0
2020-11-17 00:00:00-05:00,5.099999904632568,5.360000133514404,4.599999904632568,5.099999904632568,89225,0.0,0.0
2020-11-18 00:00:00-05:00,4.860000133514404,5.400000095367432,4.860000133514404,5.0,59265,0.0,0.0
2020-11-19 00:00:00-05:00,5.159999847412109,7.800000190734863,5.019999980926514,7.340000152587891,329750,0.0,0.0
2020-11-20 00:00:00-05:00,7.480000019073486,8.600000381469727,6.699999809265137,7.5,385845,0.0,0.0
2020-11-23 00:00:00-05:00,7.760000228881836,14.0,7.679999828338623,13.800000190734863,801955,0.0,0.0
2020-11-24 00:00:00-05:00,15.100000381469727,19.399999618530273,12.399999618530273,12.800000190734863,1053800,0.0,0.0
2020-11-25 00:00:00-05:00,12.279999732971191,16.799999237060547,9.600000381469727,14.399999618530273,318935,0.0,0.0
2020-11-27 00:00:00-05:00,14.979999542236328,17.600000381469727,14.899999618530273,16.600000381469727,197225,0.0,0.0
2020-11-30 00:00:00-05:00,17.6200008392334,18.799999237060547,13.619999885559082,17.15999984741211,229115,0.0,0.0
2020-12-01 00:00:00-05:00,17.3799991607666,17.3799991607666,14.199999809265137,14.399999618530273,93750,0.0,0.0
2020-12-02 00:00:00-05:00,14.0,14.100000381469727,10.800000190734863,13.0,121275,0.0,0.0
2020-12-03 00:00:00-05:00,12.399999618530273,13.5,11.279999732971191,11.800000190734863,63995,0.0,0.0
2020-12-04 00:00:00-05:00,11.800000190734863,12.15999984741211,10.0,10.0,153885,0.0,0.0
2020-12-07 00:00:00-05:00,9.800000190734863,11.199999809265137,8.800000190734863,10.319999694824219,105380,0.0,0.0
2020-12-08 00:00:00-05:00,9.199999809265137,11.0,9.199999809265137,10.199999809265137,58040,0.0,0.0
2020-12-09 00:00:00-05:00,10.199999809265137,12.0,10.199999809265137,11.5,72745,0.0,0.0
2020-12-10 00:00:00-05:00,11.979999542236328,13.600000381469727,11.600000381469727,12.960000038146973,75595,0.0,0.0
2020-12-11 00:00:00-05:00,13.0,13.0,11.0,11.739999771118164,29175,0.0,0.0
2020-12-14 00:00:00-05:00,12.0,13.0,11.600000381469727,11.9399995803833,37270,0.0,0.0
2020-12-15 00:00:00-05:00,11.800000190734863,13.0,11.800000190734863,12.899999618530273,33340,0.0,0.0
2020-12-16 00:00:00-05:00,12.600000381469727,13.199999809265137,12.0,12.300000190734863,35700,0.0,0.0
2020-12-17 00:00:00-05:00,12.399999618530273,12.600000381469727,11.0,12.199999809265137,50615,0.0,0.0
2020-12-18 00:00:00-05:00,12.34000015258789,12.760000228881836,11.199999809265137,11.34000015258789,27570,0.0,0.0
2020-12-21 00:00:00-05:00,11.020000457763672,11.800000190734863,9.960000038146973,10.399999618530273,63305,0.0,0.0
2020-12-22 00:00:00-05:00,10.300000190734863,10.600000381469727,9.0,10.140000343322754,81545,0.0,0.0
2020-12-23 00:00:00-05:00,10.800000190734863,10.800000190734863,8.800000190734863,9.0,73365,0.0,0.0
2020-12-24 00:00:00-05:00,9.5,10.800000190734863,9.0,9.0,133210,0.0,0.0
2020-12-28 00:00:00-05:00,9.239999771118164,9.779999732971191,8.0,8.399999618530273,119185,0.0,0.0
2020-12-29 00:00:00-05:00,8.399999618530273,9.0,7.320000171661377,7.699999809265137,131725,0.0,0.0
2020-12-30 00:00:00-05:00,7.599999904632568,7.659999847412109,6.840000152587891,7.400000095367432,87575,0.0,0.0
2020-12-31 00:00:00-05:00,7.360000133514404,8.199999809265137,7.360000133514404,7.940000057220459,75135,0.0,0.0
2021-01-04 00:00:00-05:00,8.199999809265137,8.300000190734863,7.420000076293945,7.739999771118164,82340,0.0,0.0
2021-01-05 00:00:00-05:00,7.699999809265137,8.100000381469727,7.5,7.940000057220459,39735,0.0,0.0
2021-01-06 00:00:00-05:00,8.0,8.420000076293945,7.599999904632568,7.820000171661377,72735,0.0,0.0
2021-01-07 00:00:00-05:00,8.0,8.0,7.199999809265137,7.480000019073486,98235,0.0,0.0
2021-01-08 00:00:00-05:00,7.579999923706055,7.960000038146973,7.199999809265137,7.400000095367432,71295,0.0,0.0
2021-01-11 00:00:00-05:00,7.300000190734863,7.800000190734863,7.300000190734863,7.699999809265137,50625,0.0,0.0
2021-01-12 00:00:00-05:00,8.0,8.0,7.5,7.840000152587891,80610,0.0,0.0
2021-01-13 00:00:00-05:00,8.0,9.119999885559082,7.659999847412109,8.619999885559082,289815,0.0,0.0
2021-01-14 00:00:00-05:00,9.0,9.0,8.199999809265137,8.260000228881836,101710,0.0,0.0
2021-01-15 00:00:00-05:00,8.800000190734863,9.180000305175781,7.820000171661377,8.600000381469727,106490,0.0,0.0
2021-01-19 00:00:00-05:00,8.899999618530273,9.0,7.840000152587891,8.0600004196167,124710,0.0,0.0
2021-01-20 00:00:00-05:00,8.100000381469727,8.399999618530273,7.400000095367432,8.0,73370,0.0,0.0
2021-01-21 00:00:00-05:00,7.820000171661377,8.0,7.400000095367432,7.599999904632568,103560,0.0,0.0
2021-01-22 00:00:00-05:00,7.800000190734863,7.800000190734863,7.300000190734863,7.5,84615,0.0,0.0
2021-01-25 00:00:00-05:00,8.739999771118164,8.739999771118164,7.199999809265137,8.0,129765,0.0,0.0
2021-01-26 00:00:00-05:00,8.5,10.380000114440918,7.760000228881836,10.380000114440918,351150,0.0,0.0
2021-01-27 00:00:00-05:00,10.180000305175781,11.0,8.800000190734863,10.100000381469727,327095,0.0,0.0
2021-01-28 00:00:00-05:00,10.399999618530273,10.399999618530273,8.319999694824219,9.0600004196167,154790,0.0,0.0
2021-01-29 00:00:00-05:00,9.600000381469727,9.979999542236328,9.0,9.699999809265137,173935,0.0,0.0
2021-02-01 00:00:00-05:00,10.0,10.600000381469727,8.5,9.260000228881836,96860,0.0,0.0
2021-02-02 00:00:00-05:00,9.380000114440918,9.699999809265137,8.0,8.5,94770,0.0,0.0
2021-02-03 00:00:00-05:00,8.4399995803833,9.520000457763672,8.199999809265137,9.399999618530273,108375,0.0,0.0
2021-02-04 00:00:00-05:00,9.520000457763672,9.800000190734863,9.15999984741211,9.600000381469727,76385,0.0,0.0
2021-02-05 00:00:00-05:00,9.800000190734863,10.300000190734863,9.399999618530273,10.199999809265137,216495,0.0,0.0
2021-02-08 00:00:00-05:00,10.199999809265137,12.0,10.199999809265137,11.399999618530273,227760,0.0,0.0
2021-02-09 00:00:00-05:00,11.300000190734863,12.899999618530273,11.199999809265137,12.5,174535,0.0,0.0
2021-02-10 00:00:00-05:00,13.0,13.800000190734863,11.600000381469727,12.4399995803833,154045,0.0,0.0
2021-02-11 00:00:00-05:00,12.479999542236328,13.600000381469727,12.399999618530273,12.800000190734863,115235,0.0,0.0
2021-02-12 00:00:00-05:00,13.180000305175781,13.199999809265137,12.0,12.859999656677246,91250,0.0,0.0
2021-02-16 00:00:00-05:00,13.600000381469727,14.199999809265137,13.0,13.699999809265137,112500,0.0,0.0
2021-02-17 00:00:00-05:00,14.199999809265137,17.200000762939453,13.899999618530273,16.1200008392334,319055,0.0,0.0
2021-02-18 00:00:00-05:00,16.399999618530273,17.600000381469727,14.199999809265137,14.239999771118164,175840,0.0,0.0
2021-02-19 00:00:00-05:00,14.300000190734863,15.0,13.0,13.199999809265137,87985,0.0,0.0
2021-02-22 00:00:00-05:00,13.0,14.399999618530273,10.899999618530273,11.0,119655,0.0,0.0
2021-02-23 00:00:00-05:00,10.399999618530273,11.0,7.800000190734863,9.199999809265137,144965,0.0,0.0
2021-02-24 00:00:00-05:00,9.300000190734863,13.0,9.300000190734863,12.119999885559082,113360,0.0,0.0
2021-02-25 00:00:00-05:00,12.0,12.399999618530273,10.5,10.899999618530273,66650,0.0,0.0
2021-02-26 00:00:00-05:00,11.199999809265137,11.199999809265137,9.0,10.199999809265137,85415,0.0,0.0
2021-03-01 00:00:00-05:00,10.399999618530273,11.0,9.600000381469727,9.800000190734863,61485,0.0,0.0
2021-03-02 00:00:00-05:00,9.899999618530273,11.180000305175781,9.800000190734863,10.300000190734863,87150,0.0,0.0
2021-03-03 00:00:00-05:00,10.199999809265137,10.800000190734863,9.199999809265137,9.680000305175781,54750,0.0,0.0
2021-03-04 00:00:00-05:00,10.140000343322754,10.140000343322754,8.0,8.199999809265137,114110,0.0,0.0
2021-03-05 00:00:00-05:00,8.199999809265137,9.600000381469727,7.0,9.399999618530273,105395,0.0,0.0
2021-03-08 00:00:00-05:00,9.399999618530273,9.600000381469727,8.199999809265137,9.34000015258789,27915,0.0,0.0
2021-03-09 00:00:00-05:00,9.399999618530273,9.600000381469727,9.0,9.399999618530273,33135,0.0,0.0
2021-03-10 00:00:00-05:00,9.359999656677246,9.680000305175781,8.399999618530273,9.199999809265137,26845,0.0,0.0
2021-03-11 00:00:00-05:00,9.399999618530273,9.979999542236328,9.0,9.600000381469727,27530,0.0,0.0
2021-03-12 00:00:00-05:00,9.699999809265137,9.699999809265137,9.239999771118164,9.399999618530273,18680,0.0,0.0
2021-03-15 00:00:00-04:00,9.479999542236328,9.5,9.199999809265137,9.5,32745,0.0,0.0
2021-03-16 00:00:00-04:00,9.5,10.920000076293945,9.5,10.199999809265137,72780,0.0,0.0
2021-03-17 00:00:00-04:00,10.399999618530273,12.0,10.359999656677246,11.399999618530273,141680,0.0,0.0
2021-03-18 00:00:00-04:00,11.0,11.800000190734863,10.199999809265137,10.420000076293945,30315,0.0,0.0
2021-03-19 00:00:00-04:00,11.079999923706055,11.079999923706055,9.600000381469727,10.0,34640,0.0,0.0
2021-03-22 00:00:00-04:00,10.5,10.739999771118164,9.600000381469727,9.920000076293945,26105,0.0,0.0
2021-03-23 00:00:00-04:00,10.0,10.0,9.600000381469727,9.84000015258789,23515,0.0,0.0
2021-03-24 00:00:00-04:00,9.800000190734863,9.960000038146973,9.199999809265137,9.600000381469727,32045,0.0,0.0
2021-03-25 00:00:00-04:00,9.0,9.600000381469727,8.399999618530273,8.5,41160,0.0,0.0
2021-03-26 00:00:00-04:00,8.899999618530273,8.899999618530273,8.600000381469727,8.800000190734863,13635,0.0,0.0
2021-03-29 00:00:00-04:00,8.960000038146973,9.600000381469727,8.600000381469727,9.380000114440918,28240,0.0,0.0
2021-03-30 00:00:00-04:00,9.600000381469727,9.600000381469727,8.800000190734863,9.479999542236328,15750,0.0,0.0
2021-03-31 00:00:00-04:00,9.479999542236328,9.479999542236328,9.0,9.260000228881836,12440,0.0,0.0
2021-04-01 00:00:00-04:00,9.300000190734863,9.899999618530273,8.399999618530273,8.800000190734863,34510,0.0,0.0
2021-04-05 00:00:00-04:00,8.800000190734863,9.0,8.020000457763672,8.380000114440918,28350,0.0,0.0
2021-04-06 00:00:00-04:00,8.359999656677246,8.399999618530273,7.599999904632568,8.199999809265137,40620,0.0,0.0
2021-04-07 00:00:00-04:00,8.260000228881836,8.800000190734863,8.0,8.399999618530273,8490,0.0,0.0
2021-04-08 00:00:00-04:00,8.800000190734863,8.800000190734863,8.0,8.600000381469727,8940,0.0,0.0
2021-04-09 00:00:00-04:00,8.239999771118164,8.699999809265137,8.0600004196167,8.119999885559082,20310,0.0,0.0
2021-04-12 00:00:00-04:00,8.0,8.5,7.900000095367432,8.199999809265137,19015,0.0,0.0
2021-04-13 00:00:00-04:00,8.300000190734863,8.300000190734863,7.420000076293945,7.440000057220459,36700,0.0,0.0
2021-04-14 00:00:00-04:00,7.400000095367432,7.78000020980835,7.400000095367432,7.460000038146973,21120,0.0,0.0
2021-04-15 00:00:00-04:00,7.980000019073486,7.980000019073486,7.400000095367432,7.5,29505,0.0,0.0
2021-04-16 00:00:00-04:00,7.599999904632568,7.800000190734863,7.320000171661377,7.400000095367432,22690,0.0,0.0
2021-04-19 00:00:00-04:00,7.099999904632568,7.5,7.0,7.039999961853027,30195,0.0,0.0
2021-04-20 00:00:00-04:00,7.0,7.78000020980835,7.0,7.059999942779541,26370,0.0,0.0
2021-04-21 00:00:00-04:00,7.199999809265137,7.400000095367432,7.0,7.300000190734863,19665,0.0,0.0
2021-04-22 00:00:00-04:00,7.300000190734863,8.199999809265137,7.199999809265137,7.800000190734863,34680,0.0,0.0
2021-04-23 00:00:00-04:00,7.980000019073486,8.380000114440918,7.800000190734863,7.960000038146973,19820,0.0,0.0
2021-04-26 00:00:00-04:00,7.900000095367432,8.380000114440918,7.900000095367432,8.0,22920,0.0,0.0
2021-04-27 00:00:00-04:00,8.100000381469727,8.5,7.940000057220459,8.359999656677246,13090,0.0,0.0
2021-04-28 00:00:00-04:00,8.600000381469727,8.600000381469727,8.0,8.479999542236328,13585,0.0,0.0
2021-04-29 00:00:00-04:00,8.479999542236328,9.199999809265137,8.199999809265137,9.119999885559082,34865,0.0,0.0
2021-04-30 00:00:00-04:00,9.199999809265137,9.199999809265137,8.300000190734863,8.520000457763672,8325,0.0,0.0
2021-05-03 00:00:00-04:00,8.220000267028809,8.779999732971191,8.0,8.140000343322754,13160,0.0,0.0
2021-05-04 00:00:00-04:00,7.760000228881836,8.279999732971191,7.400000095367432,7.400000095367432,36640,0.0,0.0
2021-05-05 00:00:00-04:00,7.400000095367432,7.539999961853027,6.639999866485596,6.820000171661377,73960,0.0,0.0
2021-05-06 00:00:00-04:00,6.699999809265137,7.800000190734863,6.019999980926514,6.079999923706055,50735,0.0,0.0
2021-05-07 00:00:00-04:00,6.800000190734863,6.800000190734863,5.28000020980835,5.400000095367432,80855,0.0,0.0
2021-05-10 00:00:00-04:00,5.599999904632568,5.599999904632568,4.860000133514404,5.099999904632568,119685,0.0,0.0
2021-05-11 00:00:00-04:00,5.0,5.980000019073486,4.619999885559082,5.699999809265137,74965,0.0,0.0
2021-05-12 00:00:00-04:00,5.960000038146973,5.960000038146973,4.300000190734863,4.380000114440918,143090,0.0,0.0
2021-05-13 00:00:00-04:00,4.400000095367432,5.199999809265137,3.700000047683716,3.8399999141693115,350955,0.0,0.0
2021-05-14 00:00:00-04:00,4.0,4.400000095367432,3.559999942779541,4.360000133514404,152350,0.0,0.0
2021-05-17 00:00:00-04:00,4.199999809265137,5.199999809265137,3.759999990463257,4.139999866485596,99030,0.0,0.0
2021-05-18 00:00:00-04:00,3.880000114440918,4.800000190734863,3.880000114440918,4.059999942779541,89935,0.0,0.0
2021-05-19 00:00:00-04:00,4.340000152587891,4.5,3.9000000953674316,4.199999809265137,66415,0.0,0.0
2021-05-20 00:00:00-04:00,4.380000114440918,4.5,4.300000190734863,4.400000095367432,32800,0.0,0.0
2021-05-21 00:00:00-04:00,4.480000019073486,4.599999904632568,4.400000095367432,4.5,25075,0.0,0.0
2021-05-24 00:00:00-04:00,4.599999904632568,4.980000019073486,4.199999809265137,4.840000152587891,33465,0.0,0.0
2021-05-25 00:00:00-04:00,5.0,5.099999904632568,4.5,4.659999847412109,30100,0.0,0.0
2021-05-26 00:00:00-04:00,4.800000190734863,5.179999828338623,4.599999904632568,4.800000190734863,46590,0.0,0.0
2021-05-27 00:00:00-04:00,4.900000095367432,5.199999809265137,4.699999809265137,5.039999961853027,21370,0.0,0.0
2021-05-28 00:00:00-04:00,5.139999866485596,5.619999885559082,5.0,5.559999942779541,38215,0.0,0.0
2021-06-01 00:00:00-04:00,5.599999904632568,5.78000020980835,5.0,5.039999961853027,47855,0.0,0.0
2021-06-02 00:00:00-04:00,5.0,5.099999904632568,4.699999809265137,4.900000095367432,63335,0.0,0.0
2021-06-03 00:00:00-04:00,5.039999961853027,5.039999961853027,4.599999904632568,4.639999866485596,25005,0.0,0.0
2021-06-04 00:00:00-04:00,4.71999979019165,4.71999979019165,4.239999771118164,4.400000095367432,68050,0.0,0.0
2021-06-07 00:00:00-04:00,4.340000152587891,4.599999904632568,4.239999771118164,4.28000020980835,34355,0.0,0.0
2021-06-08 00:00:00-04:00,4.239999771118164,4.980000019073486,4.239999771118164,4.900000095367432,63425,0.0,0.0
2021-06-09 00:00:00-04:00,4.980000019073486,5.199999809265137,4.800000190734863,4.900000095367432,34030,0.0,0.0
2021-06-10 00:00:00-04:00,5.199999809265137,5.199999809265137,4.599999904632568,5.139999866485596,17975,0.0,0.0
2021-06-11 00:00:00-04:00,5.199999809265137,5.199999809265137,4.800000190734863,5.0,11180,0.0,0.0
2021-06-14 00:00:00-04:00,5.380000114440918,5.380000114440918,4.900000095367432,4.900000095367432,27515,0.0,0.0
2021-06-15 00:00:00-04:00,5.099999904632568,5.5,4.699999809265137,5.400000095367432,42725,0.0,0.0
2021-06-16 00:00:00-04:00,5.539999961853027,5.539999961853027,5.099999904632568,5.199999809265137,25455,0.0,0.0
2021-06-17 00:00:00-04:00,5.380000114440918,5.5,5.099999904632568,5.5,51535,0.0,0.0
2021-06-18 00:00:00-04:00,5.599999904632568,5.619999885559082,5.039999961853027,5.5,58125,0.0,0.0
2021-06-21 00:00:00-04:00,5.539999961853027,5.539999961853027,5.019999980926514,5.239999771118164,36885,0.0,0.0
2021-06-22 00:00:00-04:00,5.260000228881836,5.460000038146973,5.199999809265137,5.199999809265137,35115,0.0,0.0
2021-06-23 00:00:00-04:00,5.400000095367432,5.659999847412109,5.199999809265137,5.639999866485596,21360,0.0,0.0
2021-06-24 00:00:00-04:00,5.699999809265137,5.699999809265137,5.260000228881836,5.579999923706055,17770,0.0,0.0
2021-06-25 00:00:00-04:00,5.5,5.579999923706055,5.019999980926514,5.460000038146973,25425,0.0,0.0
2021-06-28 00:00:00-04:00,5.5,5.699999809265137,5.320000171661377,5.519999980926514,31885,0.0,0.0
2021-06-29 00:00:00-04:00,5.559999942779541,5.78000020980835,5.5,5.699999809265137,26675,0.0,0.0
2021-06-30 00:00:00-04:00,5.800000190734863,6.119999885559082,5.699999809265137,5.900000095367432,48855,0.0,0.0
2021-07-01 00:00:00-04:00,6.179999828338623,6.480000019073486,5.920000076293945,6.480000019073486,69425,0.0,0.0
2021-07-02 00:00:00-04:00,6.400000095367432,6.559999942779541,6.099999904632568,6.5,81940,0.0,0.0
2021-07-06 00:00:00-04:00,6.519999980926514,6.599999904632568,6.300000190734863,6.480000019073486,28635,0.0,0.0
2021-07-07 00:00:00-04:00,6.480000019073486,7.159999847412109,6.420000076293945,7.159999847412109,70185,0.0,0.0
2021-07-08 00:00:00-04:00,7.139999866485596,7.360000133514404,6.800000190734863,7.21999979019165,66035,0.0,0.0
2021-07-09 00:00:00-04:00,7.380000114440918,7.78000020980835,7.0,7.679999828338623,63090,0.0,0.0
2021-07-12 00:00:00-04:00,7.78000020980835,8.399999618530273,7.639999866485596,7.900000095367432,150095,0.0,0.0
2021-07-13 00:00:00-04:00,7.900000095367432,8.039999961853027,6.420000076293945,7.199999809265137,135090,0.0,0.0
2021-07-14 00:00:00-04:00,6.400000095367432,7.300000190734863,6.400000095367432,6.599999904632568,76780,0.0,0.0
2021-07-15 00:00:00-04:00,6.619999885559082,7.599999904632568,6.559999942779541,7.119999885559082,56705,0.0,0.0
2021-07-16 00:00:00-04:00,7.119999885559082,7.340000152587891,6.420000076293945,6.679999828338623,32870,0.0,0.0
2021-07-19 00:00:00-04:00,6.679999828338623,6.800000190734863,6.199999809265137,6.599999904632568,32930,0.0,0.0
2021-07-20 00:00:00-04:00,6.639999866485596,6.940000057220459,6.420000076293945,6.71999979019165,24860,0.0,0.0
2021-07-21 00:00:00-04:00,6.940000057220459,7.199999809265137,6.800000190734863,6.800000190734863,24550,0.0,0.0
2021-07-22 00:00:00-04:00,7.099999904632568,7.099999904632568,6.440000057220459,6.699999809265137,21200,0.0,0.0
2021-07-23 00:00:00-04:00,6.960000038146973,7.159999847412109,6.659999847412109,6.800000190734863,12220,0.0,0.0
2021-07-26 00:00:00-04:00,7.0,7.0,6.420000076293945,6.519999980926514,24455,0.0,0.0
2021-07-27 00:00:00-04:00,6.599999904632568,6.699999809265137,6.400000095367432,6.440000057220459,14695,0.0,0.0
2021-07-28 00:00:00-04:00,6.440000057220459,6.900000095367432,6.440000057220459,6.699999809265137,27970,0.0,0.0
2021-07-29 00:00:00-04:00,6.599999904632568,6.980000019073486,6.400000095367432,6.599999904632568,7820,0.0,0.0
2021-07-30 00:00:00-04:00,6.400000095367432,6.800000190734863,6.400000095367432,6.699999809265137,7395,0.0,0.0
2021-08-02 00:00:00-04:00,6.599999904632568,6.699999809265137,6.019999980926514,6.199999809265137,35830,0.0,0.0
2021-08-03 00:00:00-04:00,6.199999809265137,6.300000190734863,5.019999980926514,5.5,84215,0.0,0.0
2021-08-04 00:00:00-04:00,5.5,5.980000019073486,5.420000076293945,5.5,29885,0.0,0.0
2021-08-05 00:00:00-04:00,5.800000190734863,5.800000190734863,5.5,5.539999961853027,13700,0.0,0.0
2021-08-06 00:00:00-04:00,5.559999942779541,5.679999828338623,5.539999961853027,5.639999866485596,8060,0.0,0.0
2021-08-09 00:00:00-04:00,5.639999866485596,5.900000095367432,5.559999942779541,5.559999942779541,13120,0.0,0.0
2021-08-10 00:00:00-04:00,5.679999828338623,5.679999828338623,5.019999980926514,5.599999904632568,36395,0.0,0.0
2021-08-11 00:00:00-04:00,5.78000020980835,6.400000095367432,5.5,5.71999979019165,30955,0.0,0.0
2021-08-12 00:00:00-04:00,5.699999809265137,5.78000020980835,5.400000095367432,5.599999904632568,14225,0.0,0.0
2021-08-13 00:00:00-04:00,5.599999904632568,5.599999904632568,5.179999828338623,5.460000038146973,27300,0.0,0.0
2021-08-16 00:00:00-04:00,5.480000019073486,5.820000171661377,5.460000038146973,5.699999809265137,20875,0.0,0.0
2021-08-17 00:00:00-04:00,5.699999809265137,5.699999809265137,5.400000095367432,5.460000038146973,15260,0.0,0.0
2021-08-18 00:00:00-04:00,5.5,5.5,5.119999885559082,5.320000171661377,17940,0.0,0.0
2021-08-19 00:00:00-04:00,5.400000095367432,5.400000095367432,5.019999980926514,5.199999809265137,21375,0.0,0.0
2021-08-20 00:00:00-04:00,5.099999904632568,5.639999866485596,5.019999980926514,5.639999866485596,30175,0.0,0.0
2021-08-23 00:00:00-04:00,5.679999828338623,6.0,5.400000095367432,6.0,52650,0.0,0.0
2021-08-24 00:00:00-04:00,6.099999904632568,6.099999904632568,5.420000076293945,5.559999942779541,28960,0.0,0.0
2021-08-25 00:00:00-04:00,5.400000095367432,5.599999904632568,5.400000095367432,5.420000076293945,27715,0.0,0.0
2021-08-26 00:00:00-04:00,5.400000095367432,5.900000095367432,5.21999979019165,5.320000171661377,34360,0.0,0.0
2021-08-27 00:00:00-04:00,5.320000171661377,5.400000095367432,5.21999979019165,5.340000152587891,11845,0.0,0.0
2021-08-30 00:00:00-04:00,5.28000020980835,5.400000095367432,5.21999979019165,5.300000190734863,12250,0.0,0.0
2021-08-31 00:00:00-04:00,5.400000095367432,5.5,5.260000228881836,5.340000152587891,28040,0.0,0.0
2021-09-01 00:00:00-04:00,5.260000228881836,5.400000095367432,5.260000228881836,5.28000020980835,7565,0.0,0.0
2021-09-02 00:00:00-04:00,5.340000152587891,5.5,5.21999979019165,5.300000190734863,17870,0.0,0.0
2021-09-03 00:00:00-04:00,5.300000190734863,5.960000038146973,5.300000190734863,5.820000171661377,61890,0.0,0.0
2021-09-07 00:00:00-04:00,5.760000228881836,6.0,5.599999904632568,5.920000076293945,24960,0.0,0.0
2021-09-08 00:00:00-04:00,5.920000076293945,6.300000190734863,5.820000171661377,6.260000228881836,46730,0.0,0.0
2021-09-09 00:00:00-04:00,6.199999809265137,6.5,6.0,6.179999828338623,35695,0.0,0.0
2021-09-10 00:00:00-04:00,6.199999809265137,6.199999809265137,5.5,5.800000190734863,12155,0.0,0.0
2021-09-13 00:00:00-04:00,5.599999904632568,6.0,5.599999904632568,5.71999979019165,8550,0.0,0.0
2021-09-14 00:00:00-04:00,5.880000114440918,5.960000038146973,5.599999904632568,5.599999904632568,5425,0.0,0.0
2021-09-15 00:00:00-04:00,5.599999904632568,5.800000190734863,5.599999904632568,5.699999809265137,5470,0.0,0.0
2021-09-16 00:00:00-04:00,5.800000190734863,6.199999809265137,5.300000190734863,5.860000133514404,23120,0.0,0.0
2021-09-17 00:00:00-04:00,5.619999885559082,5.900000095367432,5.619999885559082,5.840000152587891,6875,0.0,0.0
2021-09-20 00:00:00-04:00,5.800000190734863,5.880000114440918,5.619999885559082,5.71999979019165,13980,0.0,0.0
2021-09-21 00:00:00-04:00,5.800000190734863,5.800000190734863,5.599999904632568,5.599999904632568,5820,0.0,0.0
2021-09-22 00:00:00-04:00,5.659999847412109,6.179999828338623,5.5,5.800000190734863,12440,0.0,0.0
2021-09-23 00:00:00-04:00,5.980000019073486,5.980000019073486,5.559999942779541,5.559999942779541,9520,0.0,0.0
2021-09-24 00:00:00-04:00,5.599999904632568,5.800000190734863,5.519999980926514,5.619999885559082,8580,0.0,0.0
2021-09-27 00:00:00-04:00,5.599999904632568,5.800000190734863,5.400000095367432,5.460000038146973,11865,0.0,0.0
2021-09-28 00:00:00-04:00,5.559999942779541,5.800000190734863,5.420000076293945,5.5,20020,0.0,0.0
2021-09-29 00:00:00-04:00,5.559999942779541,5.599999904632568,5.400000095367432,5.480000019073486,8830,0.0,0.0
2021-09-30 00:00:00-04:00,5.5,5.679999828338623,5.400000095367432,5.460000038146973,7635,0.0,0.0
2021-10-01 00:00:00-04:00,5.400000095367432,5.5,5.400000095367432,5.440000057220459,6925,0.0,0.0
2021-10-04 00:00:00-04:00,5.440000057220459,5.579999923706055,5.21999979019165,5.21999979019165,7905,0.0,0.0
2021-10-05 00:00:00-04:00,5.21999979019165,5.5,4.800000190734863,4.840000152587891,35715,0.0,0.0
2021-10-06 00:00:00-04:00,4.840000152587891,5.199999809265137,4.840000152587891,5.059999942779541,11290,0.0,0.0
2021-10-07 00:00:00-04:00,5.199999809265137,5.199999809265137,5.019999980926514,5.079999923706055,6025,0.0,0.0
2021-10-08 00:00:00-04:00,5.059999942779541,5.199999809265137,5.0,5.059999942779541,6515,0.0,0.0
2021-10-11 00:00:00-04:00,5.059999942779541,5.179999828338623,4.900000095367432,5.179999828338623,3595,0.0,0.0
2021-10-12 00:00:00-04:00,5.119999885559082,5.599999904632568,4.920000076293945,5.119999885559082,16365,0.0,0.0
2021-10-13 00:00:00-04:00,4.920000076293945,5.099999904632568,4.699999809265137,4.699999809265137,22775,0.0,0.0
2021-10-14 00:00:00-04:00,4.699999809265137,5.199999809265137,4.699999809265137,5.099999904632568,14570,0.0,0.0
2021-10-15 00:00:00-04:00,5.0,5.0,4.760000228881836,4.960000038146973,10485,0.0,0.0
2021-10-18 00:00:00-04:00,5.099999904632568,5.239999771118164,4.820000171661377,4.920000076293945,13055,0.0,0.0
2021-10-19 00:00:00-04:00,4.900000095367432,5.0,4.599999904632568,4.960000038146973,13855,0.0,0.0
2021-10-20 00:00:00-04:00,4.960000038146973,5.119999885559082,4.800000190734863,4.820000171661377,9665,0.0,0.0
2021-10-21 00:00:00-04:00,4.860000133514404,5.039999961853027,4.619999885559082,5.0,15790,0.0,0.0
2021-10-22 00:00:00-04:00,4.900000095367432,5.0,4.619999885559082,4.900000095367432,26070,0.0,0.0
2021-10-25 00:00:00-04:00,4.800000190734863,4.900000095367432,4.440000057220459,4.5,44935,0.0,0.0
2021-10-26 00:00:00-04:00,4.599999904632568,4.800000190734863,4.5,4.739999771118164,25120,0.0,0.0
2021-10-27 00:00:00-04:00,4.800000190734863,4.800000190734863,4.699999809265137,4.699999809265137,15060,0.0,0.0
2021-10-28 00:00:00-04:00,4.699999809265137,4.800000190734863,4.599999904632568,4.699999809265137,10435,0.0,0.0
2021-10-29 00:00:00-04:00,4.699999809265137,4.800000190734863,4.679999828338623,4.78000020980835,4990,0.0,0.0
2021-11-01 00:00:00-04:00,4.800000190734863,5.179999828338623,4.760000228881836,5.039999961853027,35800,0.0,0.0
2021-11-02 00:00:00-04:00,5.0,5.21999979019165,4.840000152587891,5.199999809265137,26550,0.0,0.0
2021-11-03 00:00:00-04:00,5.099999904632568,5.300000190734863,5.039999961853027,5.300000190734863,14000,0.0,0.0
2021-11-04 00:00:00-04:00,5.300000190734863,5.480000019073486,5.199999809265137,5.400000095367432,22095,0.0,0.0
2021-11-05 00:00:00-04:00,5.400000095367432,5.599999904632568,5.400000095367432,5.5,10970,0.0,0.0
2021-11-08 00:00:00-05:00,5.440000057220459,5.900000095367432,5.440000057220459,5.800000190734863,36900,0.0,0.0
2021-11-09 00:00:00-05:00,6.059999942779541,6.400000095367432,5.5,5.800000190734863,46250,0.0,0.0
2021-11-10 00:00:00-05:00,5.800000190734863,6.539999961853027,5.800000190734863,6.400000095367432,57760,0.0,0.0
2021-11-11 00:00:00-05:00,6.21999979019165,6.420000076293945,5.900000095367432,6.300000190734863,43295,0.0,0.0
2021-11-12 00:00:00-05:00,6.199999809265137,6.400000095367432,5.820000171661377,5.820000171661377,38460,0.0,0.0
2021-11-15 00:00:00-05:00,6.0,6.099999904632568,4.800000190734863,5.440000057220459,44850,0.0,0.0
2021-11-16 00:00:00-05:00,5.639999866485596,5.800000190734863,5.440000057220459,5.599999904632568,27870,0.0,0.0
2021-11-17 00:00:00-05:00,5.639999866485596,7.960000038146973,5.639999866485596,6.380000114440918,171795,0.0,0.0
2021-11-18 00:00:00-05:00,6.400000095367432,6.5,5.639999866485596,6.099999904632568,19780,0.0,0.0
2021-11-19 00:00:00-05:00,6.099999904632568,6.78000020980835,5.820000171661377,6.519999980926514,46900,0.0,0.0
2021-11-22 00:00:00-05:00,6.699999809265137,6.960000038146973,6.139999866485596,6.320000171661377,25385,0.0,0.0
2021-11-23 00:00:00-05:00,6.599999904632568,6.800000190734863,5.119999885559082,5.5,34815,0.0,0.0
2021-11-24 00:00:00-05:00,5.880000114440918,6.239999771118164,5.400000095367432,5.840000152587891,7475,0.0,0.0
2021-11-26 00:00:00-05:00,5.800000190734863,6.400000095367432,5.619999885559082,6.179999828338623,9485,0.0,0.0
2021-11-29 00:00:00-05:00,6.5,6.579999923706055,6.039999961853027,6.28000020980835,69040,0.0,0.0
2021-11-30 00:00:00-05:00,6.659999847412109,6.699999809265137,6.119999885559082,6.579999923706055,42030,0.0,0.0
2021-12-01 00:00:00-05:00,6.699999809265137,6.940000057220459,6.199999809265137,6.599999904632568,29815,0.0,0.0
2021-12-02 00:00:00-05:00,6.599999904632568,6.78000020980835,6.21999979019165,6.5,38495,0.0,0.0
2021-12-03 00:00:00-05:00,6.599999904632568,6.679999828338623,5.820000171661377,6.400000095367432,34355,0.0,0.0
2021-12-06 00:00:00-05:00,6.21999979019165,6.639999866485596,5.920000076293945,6.260000228881836,36225,0.0,0.0
2021-12-07 00:00:00-05:00,6.300000190734863,6.599999904632568,6.199999809265137,6.400000095367432,8230,0.0,0.0
2021-12-08 00:00:00-05:00,6.400000095367432,6.599999904632568,6.400000095367432,6.559999942779541,12800,0.0,0.0
2021-12-09 00:00:00-05:00,6.679999828338623,6.679999828338623,6.360000133514404,6.460000038146973,14825,0.0,0.0
2021-12-10 00:00:00-05:00,6.460000038146973,6.599999904632568,6.300000190734863,6.539999961853027,14280,0.0,0.0
2021-12-13 00:00:00-05:00,6.639999866485596,6.980000019073486,6.079999923706055,6.5,69415,0.0,0.0
2021-12-14 00:00:00-05:00,6.400000095367432,6.599999904632568,5.920000076293945,6.099999904632568,23140,0.0,0.0
2021-12-15 00:00:00-05:00,6.0,6.599999904632568,5.599999904632568,6.599999904632568,27560,0.0,0.0
2021-12-16 00:00:00-05:00,6.199999809265137,6.699999809265137,6.019999980926514,6.400000095367432,9280,0.0,0.0
2021-12-17 00:00:00-05:00,6.199999809265137,6.260000228881836,5.5,5.800000190734863,38595,0.0,0.0
2021-12-20 00:00:00-05:00,6.199999809265137,6.199999809265137,5.400000095367432,5.480000019073486,34925,0.0,0.0
2021-12-21 00:00:00-05:00,5.21999979019165,5.579999923706055,5.119999885559082,5.199999809265137,31830,0.0,0.0
2021-12-22 00:00:00-05:00,5.199999809265137,5.5,4.900000095367432,5.0,58625,0.0,0.0
2021-12-23 00:00:00-05:00,5.059999942779541,5.199999809265137,4.820000171661377,5.0,54870,0.0,0.0
2021-12-27 00:00:00-05:00,4.820000171661377,5.199999809265137,4.699999809265137,4.900000095367432,25720,0.0,0.0
2021-12-28 00:00:00-05:00,4.900000095367432,4.900000095367432,4.440000057220459,4.5,74845,0.0,0.0
2021-12-29 00:00:00-05:00,4.619999885559082,4.800000190734863,4.5,4.739999771118164,32095,0.0,0.0
2021-12-30 00:00:00-05:00,4.800000190734863,5.199999809265137,4.460000038146973,4.5,62130,0.0,0.0
2021-12-31 00:00:00-05:00,4.420000076293945,5.0,4.420000076293945,4.5,59665,0.0,0.0
2022-01-03 00:00:00-05:00,4.5,5.199999809265137,4.460000038146973,4.71999979019165,21515,0.0,0.0
2022-01-04 00:00:00-05:00,4.619999885559082,4.900000095367432,4.519999980926514,4.800000190734863,11550,0.0,0.0
2022-01-05 00:00:00-05:00,4.980000019073486,4.980000019073486,4.519999980926514,4.519999980926514,33535,0.0,0.0
2022-01-06 00:00:00-05:00,4.699999809265137,4.699999809265137,4.519999980926514,4.639999866485596,14915,0.0,0.0
2022-01-07 00:00:00-05:00,4.599999904632568,4.900000095367432,4.5,4.800000190734863,8305,0.0,0.0
2022-01-10 00:00:00-05:00,4.800000190734863,5.0,4.5,4.599999904632568,16685,0.0,0.0
2022-01-11 00:00:00-05:00,4.599999904632568,4.659999847412109,4.559999942779541,4.579999923706055,4055,0.0,0.0
2022-01-12 00:00:00-05:00,4.900000095367432,4.900000095367432,4.420000076293945,4.599999904632568,11605,0.0,0.0
2022-01-13 00:00:00-05:00,4.659999847412109,4.800000190734863,3.140000104904175,4.480000019073486,256625,0.0,0.0
2022-01-14 00:00:00-05:00,4.460000038146973,4.679999828338623,4.199999809265137,4.5,12960,0.0,0.0
2022-01-18 00:00:00-05:00,4.5,4.599999904632568,4.119999885559082,4.199999809265137,23130,0.0,0.0
2022-01-19 00:00:00-05:00,4.199999809265137,4.440000057220459,4.119999885559082,4.159999847412109,23520,0.0,0.0
2022-01-20 00:00:00-05:00,4.199999809265137,4.199999809265137,4.0,4.139999866485596,5795,0.0,0.0
2022-01-21 00:00:00-05:00,4.139999866485596,4.139999866485596,3.4200000762939453,3.700000047683716,45780,0.0,0.0
2022-01-24 00:00:00-05:00,3.700000047683716,3.7200000286102295,3.440000057220459,3.5999999046325684,51170,0.0,0.0
2022-01-25 00:00:00-05:00,3.799999952316284,3.9000000953674316,3.440000057220459,3.799999952316284,9040,0.0,0.0
2022-01-26 00:00:00-05:00,3.7200000286102295,3.759999990463257,3.619999885559082,3.7200000286102295,6085,0.0,0.0
2022-01-27 00:00:00-05:00,3.619999885559082,3.7200000286102295,3.4600000381469727,3.5199999809265137,11545,0.0,0.0
2022-01-28 00:00:00-05:00,3.559999942779541,3.700000047683716,3.5,3.5999999046325684,11945,0.0,0.0
2022-01-31 00:00:00-05:00,3.5999999046325684,3.700000047683716,3.5999999046325684,3.619999885559082,5585,0.0,0.0
2022-02-01 00:00:00-05:00,3.640000104904175,3.9800000190734863,3.640000104904175,3.7200000286102295,4760,0.0,0.0
2022-02-02 00:00:00-05:00,3.799999952316284,3.9000000953674316,3.4200000762939453,3.6600000858306885,13295,0.0,0.0
2022-02-03 00:00:00-05:00,3.700000047683716,3.700000047683716,3.559999942779541,3.5999999046325684,2905,0.0,0.0
2022-02-04 00:00:00-05:00,3.5999999046325684,3.819999933242798,3.4800000190734863,3.619999885559082,16450,0.0,0.0
2022-02-07 00:00:00-05:00,3.700000047683716,3.799999952316284,3.619999885559082,3.619999885559082,14925,0.0,0.0
2022-02-08 00:00:00-05:00,3.700000047683716,3.700000047683716,3.5199999809265137,3.619999885559082,11555,0.0,0.0
2022-02-09 00:00:00-05:00,3.640000104904175,3.700000047683716,3.640000104904175,3.6600000858306885,7710,0.0,0.0
2022-02-10 00:00:00-05:00,3.6600000858306885,3.799999952316284,3.6600000858306885,3.7799999713897705,2830,0.0,0.0
2022-02-11 00:00:00-05:00,3.680000066757202,3.8399999141693115,3.640000104904175,3.640000104904175,6440,0.0,0.0
2022-02-14 00:00:00-05:00,3.7200000286102295,3.7200000286102295,3.640000104904175,3.640000104904175,3445,0.0,0.0
2022-02-15 00:00:00-05:00,3.640000104904175,3.759999990463257,3.640000104904175,3.640000104904175,9765,0.0,0.0
2022-02-16 00:00:00-05:00,3.640000104904175,3.640000104904175,3.5199999809265137,3.619999885559082,11530,0.0,0.0
2022-02-17 00:00:00-05:00,3.619999885559082,3.799999952316284,3.5799999237060547,3.740000009536743,17060,0.0,0.0
2022-02-18 00:00:00-05:00,3.940000057220459,5.400000095367432,3.700000047683716,4.860000133514404,36460,0.0,0.0
2022-02-22 00:00:00-05:00,5.179999828338623,6.380000114440918,4.820000171661377,6.159999847412109,114440,0.0,0.0
2022-02-23 00:00:00-05:00,6.5,6.900000095367432,5.0,5.420000076293945,92110,0.0,0.0
2022-02-24 00:00:00-05:00,5.519999980926514,5.78000020980835,4.71999979019165,5.5,25780,0.0,0.0
2022-02-25 00:00:00-05:00,5.679999828338623,5.71999979019165,5.239999771118164,5.71999979019165,6115,0.0,0.0
2022-02-28 00:00:00-05:00,5.71999979019165,5.78000020980835,5.119999885559082,5.199999809265137,8875,0.0,0.0
2022-03-01 00:00:00-05:00,5.599999904632568,5.599999904632568,4.519999980926514,4.900000095367432,36710,0.0,0.0
2022-03-02 00:00:00-05:00,4.519999980926514,5.199999809265137,4.519999980926514,5.199999809265137,10450,0.0,0.0
2022-03-03 00:00:00-05:00,4.71999979019165,5.199999809265137,4.619999885559082,5.0,6215,0.0,0.0
2022-03-04 00:00:00-05:00,5.0,5.159999847412109,4.639999866485596,4.880000114440918,5150,0.0,0.0
2022-03-07 00:00:00-05:00,4.880000114440918,5.099999904632568,4.679999828338623,4.71999979019165,8260,0.0,0.0
2022-03-08 00:00:00-05:00,5.099999904632568,5.199999809265137,4.699999809265137,4.800000190734863,12195,0.0,0.0
2022-03-09 00:00:00-05:00,5.0,5.199999809265137,5.0,5.079999923706055,5610,0.0,0.0
2022-03-10 00:00:00-05:00,5.199999809265137,6.980000019073486,5.0,5.800000190734863,41190,0.0,0.0
2022-03-11 00:00:00-05:00,6.260000228881836,9.0,5.21999979019165,6.400000095367432,137255,0.0,0.0
2022-03-14 00:00:00-04:00,6.800000190734863,7.519999980926514,6.059999942779541,6.199999809265137,59725,0.0,0.0
2022-03-15 00:00:00-04:00,6.199999809265137,6.78000020980835,5.579999923706055,6.5,31305,0.0,0.0
2022-03-16 00:00:00-04:00,6.579999923706055,7.0,6.5,6.880000114440918,18525,0.0,0.0
2022-03-17 00:00:00-04:00,7.0,7.0,6.5,6.639999866485596,19390,0.0,0.0
2022-03-18 00:00:00-04:00,6.900000095367432,6.900000095367432,6.5,6.519999980926514,9395,0.0,0.0
2022-03-21 00:00:00-04:00,6.519999980926514,7.0,6.519999980926514,6.900000095367432,21670,0.0,0.0
2022-03-22 00:00:00-04:00,6.800000190734863,7.0,6.599999904632568,6.78000020980835,12730,0.0,0.0
2022-03-23 00:00:00-04:00,6.800000190734863,7.199999809265137,6.699999809265137,6.800000190734863,15060,0.0,0.0
2022-03-24 00:00:00-04:00,7.0,7.0,6.800000190734863,7.0,9220,0.0,0.0
2022-03-25 00:00:00-04:00,7.0,7.0,6.199999809265137,6.579999923706055,22560,0.0,0.0
2022-03-28 00:00:00-04:00,6.599999904632568,6.900000095367432,6.559999942779541,6.760000228881836,12495,0.0,0.0
2022-03-29 00:00:00-04:00,7.0,7.0,6.699999809265137,6.800000190734863,24180,0.0,0.0
2022-03-30 00:00:00-04:00,7.0,7.0,6.699999809265137,6.71999979019165,14615,0.0,0.0
2022-03-31 00:00:00-04:00,6.800000190734863,6.800000190734863,6.400000095367432,6.460000038146973,21865,0.0,0.0
2022-04-01 00:00:00-04:00,6.5,6.659999847412109,6.440000057220459,6.519999980926514,18685,0.0,0.0
2022-04-04 00:00:00-04:00,6.599999904632568,6.599999904632568,6.400000095367432,6.400000095367432,5820,0.0,0.0
2022-04-05 00:00:00-04:00,6.599999904632568,6.599999904632568,6.5,6.599999904632568,3445,0.0,0.0
2022-04-06 00:00:00-04:00,6.800000190734863,6.940000057220459,6.420000076293945,6.800000190734863,40155,0.0,0.0
2022-04-07 00:00:00-04:00,6.800000190734863,7.199999809265137,6.619999885559082,7.139999866485596,16825,0.0,0.0
2022-04-08 00:00:00-04:00,7.139999866485596,7.139999866485596,6.599999904632568,6.900000095367432,14795,0.0,0.0
2022-04-11 00:00:00-04:00,6.699999809265137,7.0,6.199999809265137,6.539999961853027,23290,0.0,0.0
2022-04-12 00:00:00-04:00,6.400000095367432,6.599999904632568,6.400000095367432,6.480000019073486,9590,0.0,0.0
2022-04-13 00:00:00-04:00,6.480000019073486,7.0,6.300000190734863,6.380000114440918,13120,0.0,0.0
2022-04-14 00:00:00-04:00,6.400000095367432,6.5,5.0,5.0,33110,0.0,0.0
2022-04-18 00:00:00-04:00,5.199999809265137,5.900000095367432,4.599999904632568,5.760000228881836,46400,0.0,0.0
2022-04-19 00:00:00-04:00,6.0,6.800000190734863,5.800000190734863,6.199999809265137,11800,0.0,0.0
2022-04-20 00:00:00-04:00,6.239999771118164,6.239999771118164,6.0,6.199999809265137,2910,0.0,0.0
2022-04-21 00:00:00-04:00,6.0,6.400000095367432,5.800000190734863,6.0,8280,0.0,0.0
2022-04-22 00:00:00-04:00,6.199999809265137,6.380000114440918,5.400000095367432,5.559999942779541,12685,0.0,0.0
2022-04-25 00:00:00-04:00,6.0,6.0,5.0,5.199999809265137,6230,0.0,0.0
2022-04-26 00:00:00-04:00,5.440000057220459,5.639999866485596,5.159999847412109,5.639999866485596,6755,0.0,0.0
2022-04-27 00:00:00-04:00,6.0,6.400000095367432,5.400000095367432,5.619999885559082,12300,0.0,0.0
2022-04-28 00:00:00-04:00,5.639999866485596,5.800000190734863,5.400000095367432,5.579999923706055,7145,0.0,0.0
2022-04-29 00:00:00-04:00,5.519999980926514,5.980000019073486,5.460000038146973,5.980000019073486,9745,0.0,0.0
2022-05-02 00:00:00-04:00,6.0,6.0,5.460000038146973,5.639999866485596,13755,0.0,0.0
2022-05-03 00:00:00-04:00,5.699999809265137,5.980000019073486,5.5,5.699999809265137,9320,0.0,0.0
2022-05-04 00:00:00-04:00,5.980000019073486,6.599999904632568,5.800000190734863,6.0,44860,0.0,0.0
2022-05-05 00:00:00-04:00,6.400000095367432,6.400000095367432,6.0,6.0,6005,0.0,0.0
2022-05-06 00:00:00-04:00,6.0,6.099999904632568,5.0,5.699999809265137,34995,0.0,0.0
2022-05-09 00:00:00-04:00,5.699999809265137,5.900000095367432,5.300000190734863,5.800000190734863,11795,0.0,0.0
2022-05-10 00:00:00-04:00,5.559999942779541,5.800000190734863,5.400000095367432,5.440000057220459,6430,0.0,0.0
2022-05-11 00:00:00-04:00,5.78000020980835,5.78000020980835,4.800000190734863,5.199999809265137,16795,0.0,0.0
2022-05-12 00:00:00-04:00,5.320000171661377,5.440000057220459,4.820000171661377,5.199999809265137,11700,0.0,0.0
2022-05-13 00:00:00-04:00,5.099999904632568,5.599999904632568,5.099999904632568,5.599999904632568,4880,0.0,0.0
2022-05-16 00:00:00-04:00,5.460000038146973,5.78000020980835,5.0,5.400000095367432,4120,0.0,0.0
2022-05-17 00:00:00-04:00,5.400000095367432,5.539999961853027,4.800000190734863,5.28000020980835,8485,0.0,0.0
2022-05-18 00:00:00-04:00,5.880000114440918,5.880000114440918,5.039999961853027,5.400000095367432,9865,0.0,0.0
2022-05-19 00:00:00-04:00,5.599999904632568,5.599999904632568,5.0,5.360000133514404,15450,0.0,0.0
2022-05-20 00:00:00-04:00,5.360000133514404,5.360000133514404,5.099999904632568,5.119999885559082,12795,0.0,0.0
2022-05-23 00:00:00-04:00,5.21999979019165,5.21999979019165,5.0,5.139999866485596,6980,0.0,0.0
2022-05-24 00:00:00-04:00,5.340000152587891,5.400000095367432,5.340000152587891,5.340000152587891,4730,0.0,0.0
2022-05-25 00:00:00-04:00,5.139999866485596,5.380000114440918,5.079999923706055,5.28000020980835,4330,0.0,0.0
2022-05-26 00:00:00-04:00,5.380000114440918,5.380000114440918,5.079999923706055,5.300000190734863,3765,0.0,0.0
2022-05-27 00:00:00-04:00,5.400000095367432,6.0,5.300000190734863,5.800000190734863,19550,0.0,0.0
2022-05-31 00:00:00-04:00,5.659999847412109,5.800000190734863,5.519999980926514,5.679999828338623,8595,0.0,0.0
2022-06-01 00:00:00-04:00,5.800000190734863,5.900000095367432,5.639999866485596,5.679999828338623,4900,0.0,0.0
2022-06-02 00:00:00-04:00,5.820000171661377,6.179999828338623,5.800000190734863,5.920000076293945,20745,0.0,0.0
2022-06-03 00:00:00-04:00,6.0,6.199999809265137,6.0,6.099999904632568,25485,0.0,0.0
2022-06-06 00:00:00-04:00,6.099999904632568,6.099999904632568,6.0,6.039999961853027,8160,0.0,0.0
2022-06-07 00:00:00-04:00,6.0,6.0,5.5,5.599999904632568,12305,0.0,0.0
2022-06-08 00:00:00-04:00,5.800000190734863,6.099999904632568,5.800000190734863,5.820000171661377,7780,0.0,0.0
2022-06-09 00:00:00-04:00,6.099999904632568,6.099999904632568,5.820000171661377,5.960000038146973,2475,0.0,0.0
2022-06-10 00:00:00-04:00,6.0,6.300000190734863,6.0,6.300000190734863,18290,0.0,0.0
2022-06-13 00:00:00-04:00,6.599999904632568,6.599999904632568,6.199999809265137,6.400000095367432,43255,0.0,0.0
2022-06-14 00:00:00-04:00,6.199999809265137,6.5,5.599999904632568,5.900000095367432,7505,0.0,0.0
2022-06-15 00:00:00-04:00,6.079999923706055,6.199999809265137,5.860000133514404,5.920000076293945,6875,0.0,0.0
2022-06-16 00:00:00-04:00,6.0,6.039999961853027,5.619999885559082,5.619999885559082,23595,0.0,0.0
2022-06-17 00:00:00-04:00,6.0,6.0,5.619999885559082,5.900000095367432,5785,0.0,0.0
2022-06-21 00:00:00-04:00,6.0,7.599999904632568,5.960000038146973,7.159999847412109,151600,0.0,0.0
2022-06-22 00:00:00-04:00,7.239999771118164,7.400000095367432,6.360000133514404,7.300000190734863,86980,0.0,0.0
2022-06-23 00:00:00-04:00,7.360000133514404,7.5,6.900000095367432,7.199999809265137,39805,0.0,0.0
2022-06-24 00:00:00-04:00,7.400000095367432,7.599999904632568,6.639999866485596,7.400000095367432,50630,0.0,0.0
2022-06-27 00:00:00-04:00,7.5,7.5,5.650000095367432,6.110000133514404,7300,0.0,0.0
2022-06-28 00:00:00-04:00,6.230000019073486,6.814000129699707,4.5,6.0,21000,0.0,0.0
2022-06-29 00:00:00-04:00,6.135000228881836,6.300000190734863,5.210000038146973,5.260000228881836,42100,0.0,0.0
2022-06-30 00:00:00-04:00,5.769999980926514,5.769999980926514,5.110000133514404,5.230000019073486,31000,0.0,0.0
2022-07-01 00:00:00-04:00,5.5,6.230000019073486,5.079999923706055,6.179999828338623,57100,0.0,0.0
2022-07-05 00:00:00-04:00,6.199999809265137,6.230000019073486,6.139999866485596,6.230000019073486,23000,0.0,0.0
2022-07-06 00:00:00-04:00,6.75,6.75,5.400000095367432,6.389999866485596,25900,0.0,0.0
2022-07-07 00:00:00-04:00,6.920000076293945,7.25,6.300000190734863,7.0,79200,0.0,0.0
2022-07-08 00:00:00-04:00,7.0,7.0,6.099999904632568,6.300000190734863,68500,0.0,0.0
2022-07-11 00:00:00-04:00,6.300000190734863,6.510000228881836,6.130000114440918,6.440000057220459,14000,0.0,0.0
2022-07-12 00:00:00-04:00,6.400000095367432,6.400000095367432,5.636000156402588,6.199999809265137,23800,0.0,0.0
2022-07-13 00:00:00-04:00,5.659999847412109,6.190000057220459,5.604000091552734,6.0,13100,0.0,0.0
2022-07-14 00:00:00-04:00,5.840000152587891,6.150000095367432,5.630000114440918,5.635000228881836,33100,0.0,0.0
2022-07-15 00:00:00-04:00,5.5,5.5,5.208000183105469,5.46999979019165,31300,0.0,0.0
2022-07-18 00:00:00-04:00,5.429999828338623,5.468999862670898,5.150000095367432,5.269999980926514,16200,0.0,0.0
2022-07-19 00:00:00-04:00,5.400000095367432,5.480000019073486,4.5,4.849999904632568,26200,0.0,0.0
2022-07-20 00:00:00-04:00,4.610000133514404,5.0,4.610000133514404,4.75,19200,0.0,0.0
2022-07-21 00:00:00-04:00,4.710000038146973,4.75,4.610000133514404,4.610000133514404,17100,0.0,0.0
2022-07-22 00:00:00-04:00,4.610000133514404,4.691999912261963,4.050000190734863,4.5,23000,0.0,0.0
2022-07-25 00:00:00-04:00,4.400000095367432,4.400000095367432,4.010000228881836,4.110000133514404,30000,0.0,0.0
2022-07-26 00:00:00-04:00,4.010000228881836,5.099999904632568,4.010000228881836,4.559999942779541,26700,0.0,0.0
2022-07-27 00:00:00-04:00,4.309999942779541,4.829999923706055,4.090000152587891,4.670000076293945,122400,0.0,0.0
2022-07-28 00:00:00-04:00,4.579999923706055,4.989999771118164,4.5,4.820000171661377,57800,0.0,0.0
2022-07-29 00:00:00-04:00,4.679999828338623,5.539999961853027,4.5,5.309999942779541,50100,0.0,0.0
2022-08-01 00:00:00-04:00,5.320000171661377,5.568999767303467,5.0,5.460000038146973,98700,0.0,0.0
2022-08-02 00:00:00-04:00,5.46999979019165,6.300000190734863,4.929999828338623,6.070000171661377,79800,0.0,0.0
2022-08-03 00:00:00-04:00,6.050000190734863,6.050000190734863,5.605000019073486,5.870999813079834,27900,0.0,0.0
2022-08-04 00:00:00-04:00,5.739999771118164,5.840000152587891,5.300000190734863,5.804999828338623,49800,0.0,0.0
2022-08-05 00:00:00-04:00,5.429999828338623,5.840000152587891,5.300000190734863,5.309999942779541,19900,0.0,0.0
2022-08-08 00:00:00-04:00,5.480000019073486,5.480000019073486,5.119999885559082,5.119999885559082,7100,0.0,0.0
2022-08-09 00:00:00-04:00,5.269999980926514,5.269999980926514,5.074999809265137,5.179999828338623,10100,0.0,0.0
2022-08-10 00:00:00-04:00,5.349999904632568,5.739999771118164,5.199999809265137,5.239999771118164,20400,0.0,0.0
2022-08-11 00:00:00-04:00,5.429999828338623,5.679999828338623,5.269999980926514,5.590000152587891,28800,0.0,0.0
2022-08-12 00:00:00-04:00,5.699999809265137,5.699999809265137,5.176000118255615,5.5,40200,0.0,0.0
2022-08-15 00:00:00-04:00,5.340000152587891,5.519999980926514,4.849999904632568,5.0,41300,0.0,0.0
2022-08-16 00:00:00-04:00,5.150000095367432,5.150000095367432,4.449999809265137,4.730000019073486,67200,0.0,0.0
2022-08-17 00:00:00-04:00,4.639999866485596,5.090000152587891,4.445000171661377,4.590000152587891,12500,0.0,0.0
2022-08-18 00:00:00-04:00,4.630000114440918,4.800000190734863,4.434999942779541,4.800000190734863,10900,0.0,0.0
2022-08-19 00:00:00-04:00,4.800000190734863,4.800000190734863,4.300000190734863,4.420000076293945,34800,0.0,0.0
2022-08-22 00:00:00-04:00,4.420000076293945,4.71999979019165,4.385000228881836,4.650000095367432,32700,0.0,0.0
2022-08-23 00:00:00-04:00,4.650000095367432,4.675000190734863,4.190999984741211,4.349999904632568,18700,0.0,0.0
2022-08-24 00:00:00-04:00,4.519999980926514,4.519999980926514,4.079999923706055,4.480000019073486,17300,0.0,0.0
2022-08-25 00:00:00-04:00,4.519999980926514,4.558000087738037,4.360000133514404,4.449999809265137,6700,0.0,0.0
2022-08-26 00:00:00-04:00,4.480000019073486,4.590000152587891,4.289999961853027,4.409999847412109,26700,0.0,0.0
2022-08-29 00:00:00-04:00,4.380000114440918,4.380000114440918,4.079999923706055,4.210000038146973,14000,0.0,0.0
2022-08-30 00:00:00-04:00,4.039999961853027,4.429999828338623,3.630000114440918,3.75600004196167,19900,0.0,0.0
2022-08-31 00:00:00-04:00,3.9000000953674316,3.930000066757202,3.6530001163482666,3.869999885559082,13900,0.0,0.0
2022-09-01 00:00:00-04:00,3.765000104904175,3.8299999237060547,3.369999885559082,3.7200000286102295,38200,0.0,0.0
2022-09-02 00:00:00-04:00,3.619999885559082,4.300000190734863,3.619999885559082,4.150000095367432,43800,0.0,0.0
2022-09-06 00:00:00-04:00,4.25,5.0,4.215000152587891,4.96999979019165,94100,0.0,0.0
2022-09-07 00:00:00-04:00,4.949999809265137,5.400000095367432,4.949999809265137,5.099999904632568,66200,0.0,0.0
2022-09-08 00:00:00-04:00,5.059999942779541,5.380000114440918,4.980000019073486,5.380000114440918,51500,0.0,0.0
2022-09-09 00:00:00-04:00,5.239999771118164,5.380000114440918,4.800000190734863,5.210000038146973,57900,0.0,0.0
2022-09-12 00:00:00-04:00,5.25,5.570000171661377,4.965000152587891,5.199999809265137,88800,0.0,0.0
2022-09-13 00:00:00-04:00,5.25,5.300000190734863,4.89900016784668,5.070000171661377,85200,0.0,0.0
2022-09-14 00:00:00-04:00,5.070000171661377,5.199999809265137,4.960000038146973,5.070000171661377,123100,0.0,0.0
2022-09-15 00:00:00-04:00,5.070000171661377,5.25,4.829999923706055,5.150000095367432,128600,0.0,0.0
2022-09-16 00:00:00-04:00,5.050000190734863,5.110000133514404,4.75,4.900000095367432,430800,0.0,0.0
2022-09-19 00:00:00-04:00,4.710000038146973,5.0,4.710000038146973,4.96999979019165,103400,0.0,0.0
2022-09-20 00:00:00-04:00,4.75,5.090000152587891,4.75,5.019999980926514,85600,0.0,0.0
2022-09-21 00:00:00-04:00,4.840000152587891,5.079999923706055,4.840000152587891,5.070000171661377,19600,0.0,0.0
2022-09-22 00:00:00-04:00,4.989999771118164,5.199999809265137,4.635000228881836,4.739999771118164,18600,0.0,0.0
2022-09-23 00:00:00-04:00,4.590000152587891,4.590000152587891,4.36899995803833,4.449999809265137,27100,0.0,0.0
2022-09-26 00:00:00-04:00,4.380000114440918,4.489999771118164,4.25600004196167,4.489999771118164,25800,0.0,0.0
2022-09-27 00:00:00-04:00,4.5,4.78000020980835,4.300000190734863,4.78000020980835,30700,0.0,0.0
2022-09-28 00:00:00-04:00,4.550000190734863,4.650000095367432,4.508999824523926,4.550000190734863,17600,0.0,0.0
2022-09-29 00:00:00-04:00,4.409999847412109,4.650000095367432,4.361999988555908,4.519999980926514,19400,0.0,0.0
2022-09-30 00:00:00-04:00,4.40500020980835,4.659999847412109,4.40500020980835,4.659999847412109,21600,0.0,0.0
2022-10-03 00:00:00-04:00,4.510000228881836,4.539999961853027,4.269999980926514,4.539999961853027,15200,0.0,0.0
2022-10-04 00:00:00-04:00,4.5,4.590000152587891,4.400000095367432,4.5,27600,0.0,0.0
2022-10-05 00:00:00-04:00,4.400000095367432,4.550000190734863,4.170000076293945,4.230000019073486,33300,0.0,0.0
2022-10-06 00:00:00-04:00,4.199999809265137,4.260000228881836,4.099999904632568,4.150000095367432,11000,0.0,0.0
2022-10-07 00:00:00-04:00,4.210000038146973,4.210000038146973,3.7100000381469727,4.070000171661377,30400,0.0,0.0
2022-10-10 00:00:00-04:00,4.190000057220459,4.190000057220459,3.9140000343322754,4.03000020980835,11800,0.0,0.0
2022-10-11 00:00:00-04:00,3.950000047683716,4.03000020980835,3.5999999046325684,3.5999999046325684,23700,0.0,0.0
2022-10-12 00:00:00-04:00,3.5999999046325684,3.7300000190734863,3.130000114440918,3.200000047683716,39100,0.0,0.0
2022-10-13 00:00:00-04:00,3.200000047683716,3.450000047683716,3.119999885559082,3.390000104904175,55200,0.0,0.0
2022-10-14 00:00:00-04:00,3.299999952316284,3.5,3.2899999618530273,3.3499999046325684,12700,0.0,0.0
2022-10-17 00:00:00-04:00,3.440000057220459,3.490000009536743,3.299999952316284,3.3499999046325684,9500,0.0,0.0
2022-10-18 00:00:00-04:00,3.3399999141693115,3.440000057220459,3.2200000286102295,3.309999942779541,28700,0.0,0.0
2022-10-19 00:00:00-04:00,3.309999942779541,3.559999942779541,3.2200000286102295,3.559999942779541,23700,0.0,0.0
2022-10-20 00:00:00-04:00,3.5899999141693115,3.7899999618530273,3.490000009536743,3.5299999713897705,16800,0.0,0.0
2022-10-21 00:00:00-04:00,3.6500000953674316,3.700000047683716,3.4489998817443848,3.5299999713897705,8500,0.0,0.0
2022-10-24 00:00:00-04:00,3.5299999713897705,3.677000045776367,3.0199999809265137,3.0999999046325684,65800,0.0,0.0
2022-10-25 00:00:00-04:00,3.200000047683716,3.509999990463257,3.200000047683716,3.4489998817443848,21900,0.0,0.0
2022-10-26 00:00:00-04:00,3.309999942779541,3.5,3.25,3.2799999713897705,36200,0.0,0.0
2022-10-27 00:00:00-04:00,3.259999990463257,3.427999973297119,3.259999990463257,3.4000000953674316,15500,0.0,0.0
2022-10-28 00:00:00-04:00,3.421999931335449,3.5399999618530273,3.257999897003174,3.430000066757202,22800,0.0,0.0
2022-10-31 00:00:00-04:00,3.4200000762939453,3.5,3.4200000762939453,3.490000009536743,12900,0.0,0.0
2022-11-01 00:00:00-04:00,3.4800000190734863,3.510999917984009,3.4200000762939453,3.430000066757202,4400,0.0,0.0
2022-11-02 00:00:00-04:00,3.549999952316284,3.549999952316284,3.430000066757202,3.430000066757202,4200,0.0,0.0
2022-11-03 00:00:00-04:00,3.4200000762939453,3.549999952316284,3.4000000953674316,3.4800000190734863,9800,0.0,0.0
2022-11-04 00:00:00-04:00,3.5,3.5320000648498535,3.450000047683716,3.4600000381469727,9000,0.0,0.0
2022-11-07 00:00:00-05:00,3.490000009536743,3.490000009536743,3.359999895095825,3.4000000953674316,9200,0.0,0.0
2022-11-08 00:00:00-05:00,3.440000057220459,3.440000057220459,3.200000047683716,3.2929999828338623,29200,0.0,0.0
2022-11-09 00:00:00-05:00,3.2899999618530273,3.2899999618530273,2.799999952316284,2.885999917984009,33900,0.0,0.0
2022-11-10 00:00:00-05:00,2.950000047683716,2.9619998931884766,2.819999933242798,2.8499999046325684,15300,0.0,0.0
2022-11-11 00:00:00-05:00,2.8499999046325684,3.0999999046325684,2.821000099182129,2.9649999141693115,18700,0.0,0.0
2022-11-14 00:00:00-05:00,2.9700000286102295,2.9700000286102295,2.681999921798706,2.7890000343322754,13200,0.0,0.0
2022-11-15 00:00:00-05:00,3.0910000801086426,3.240000009536743,2.880000114440918,2.890000104904175,22400,0.0,0.0
2022-11-16 00:00:00-05:00,2.8399999141693115,2.996000051498413,2.8399999141693115,2.9100000858306885,6400,0.0,0.0
2022-11-17 00:00:00-05:00,3.0,3.0,2.9100000858306885,2.9800000190734863,8200,0.0,0.0
2022-11-18 00:00:00-05:00,3.059999942779541,3.059999942779541,2.950000047683716,2.9600000381469727,10400,0.0,0.0
2022-11-21 00:00:00-05:00,2.990000009536743,2.990000009536743,2.700000047683716,2.756999969482422,22400,0.0,0.0
2022-11-22 00:00:00-05:00,2.75,2.759999990463257,2.4700000286102295,2.559999942779541,40900,0.0,0.0
2022-11-23 00:00:00-05:00,2.569999933242798,2.8450000286102295,2.5179998874664307,2.6500000953674316,16900,0.0,0.0
2022-11-25 00:00:00-05:00,2.7100000381469727,2.7100000381469727,2.509999990463257,2.6600000858306885,21300,0.0,0.0
2022-11-28 00:00:00-05:00,2.799999952316284,2.930000066757202,2.7300000190734863,2.8499999046325684,15900,0.0,0.0
2022-11-29 00:00:00-05:00,2.799999952316284,3.0480000972747803,2.799999952316284,3.009999990463257,19700,0.0,0.0
2022-11-30 00:00:00-05:00,3.009999990463257,3.119999885559082,3.009999990463257,3.119999885559082,11800,0.0,0.0
2022-12-01 00:00:00-05:00,3.009999990463257,3.200000047683716,3.009999990463257,3.1700000762939453,14100,0.0,0.0
2022-12-02 00:00:00-05:00,3.1010000705718994,3.299999952316284,3.0199999809265137,3.25,27800,0.0,0.0
2022-12-05 00:00:00-05:00,3.299999952316284,3.299999952316284,3.0,3.009999990463257,9400,0.0,0.0
2022-12-06 00:00:00-05:00,3.049999952316284,3.075000047683716,2.9049999713897705,3.0,20700,0.0,0.0
2022-12-07 00:00:00-05:00,2.9800000190734863,2.9800000190734863,2.759999990463257,2.7899999618530273,3500,0.0,0.0
2022-12-08 00:00:00-05:00,2.700000047683716,3.1500000953674316,2.700000047683716,2.9149999618530273,15600,0.0,0.0
2022-12-09 00:00:00-05:00,2.765000104904175,2.944000005722046,2.765000104904175,2.825000047683716,5900,0.0,0.0
2022-12-12 00:00:00-05:00,2.75,2.7899999618530273,2.509999990463257,2.5899999141693115,22000,0.0,0.0
2022-12-13 00:00:00-05:00,2.5199999809265137,2.5399999618530273,2.259999990463257,2.4600000381469727,8700,0.0,0.0
2022-12-14 00:00:00-05:00,2.450000047683716,2.565000057220459,2.440000057220459,2.549999952316284,6500,0.0,0.0
2022-12-15 00:00:00-05:00,2.259999990463257,2.680000066757202,2.259999990463257,2.5,6100,0.0,0.0
2022-12-16 00:00:00-05:00,2.390000104904175,2.621000051498413,2.390000104904175,2.609999895095825,18400,0.0,0.0
2022-12-19 00:00:00-05:00,2.5,2.5439999103546143,2.299999952316284,2.4000000953674316,20900,0.0,0.0
2022-12-20 00:00:00-05:00,2.3299999237060547,2.509999990463257,2.2799999713897705,2.4200000762939453,11700,0.0,0.0
2022-12-21 00:00:00-05:00,2.3499999046325684,2.5,2.299999952316284,2.4000000953674316,13900,0.0,0.0
2022-12-22 00:00:00-05:00,2.359999895095825,2.430000066757202,2.240000009536743,2.240000009536743,11700,0.0,0.0
2022-12-23 00:00:00-05:00,2.3299999237060547,2.3499999046325684,2.259999990463257,2.3299999237060547,6600,0.0,0.0
2022-12-27 00:00:00-05:00,2.2300000190734863,2.313999891281128,2.049999952316284,2.109999895095825,20000,0.0,0.0
2022-12-28 00:00:00-05:00,2.009999990463257,2.0999999046325684,2.003000020980835,2.0199999809265137,58000,0.0,0.0
2022-12-29 00:00:00-05:00,1.9800000190734863,2.0799999237060547,1.8300000429153442,1.9800000190734863,63600,0.0,0.0
2022-12-30 00:00:00-05:00,2.0,2.140000104904175,1.777999997138977,2.130000114440918,82600,0.0,0.0
2023-01-03 00:00:00-05:00,2.2799999713897705,2.319999933242798,2.2200000286102295,2.2799999713897705,7100,0.0,0.0
2023-01-04 00:00:00-05:00,2.4800000190734863,2.630000114440918,2.450000047683716,2.630000114440918,14800,0.0,0.0
2023-01-05 00:00:00-05:00,2.5199999809265137,2.697000026702881,2.5199999809265137,2.6600000858306885,6100,0.0,0.0
2023-01-06 00:00:00-05:00,2.740000009536743,2.8310000896453857,2.6700000762939453,2.7799999713897705,7800,0.0,0.0
2023-01-09 00:00:00-05:00,2.869999885559082,2.950000047683716,2.7300000190734863,2.950000047683716,11000,0.0,0.0
2023-01-10 00:00:00-05:00,2.990000009536743,3.2799999713897705,2.6700000762939453,2.7899999618530273,74400,0.0,0.0
2023-01-11 00:00:00-05:00,2.8499999046325684,2.874000072479248,2.6500000953674316,2.7279999256134033,11400,0.0,0.0
2023-01-12 00:00:00-05:00,2.7200000286102295,2.7200000286102295,2.569999933242798,2.63700008392334,27400,0.0,0.0
2023-01-13 00:00:00-05:00,2.5399999618530273,2.553999900817871,2.380000114440918,2.4100000858306885,13700,0.0,0.0
2023-01-17 00:00:00-05:00,2.549999952316284,2.630000114440918,2.507999897003174,2.565000057220459,17600,0.0,0.0
2023-01-18 00:00:00-05:00,2.7300000190734863,2.7300000190734863,2.561000108718872,2.7160000801086426,23300,0.0,0.0
2023-01-19 00:00:00-05:00,2.799999952316284,2.799999952316284,2.509999990463257,2.559999942779541,10100,0.0,0.0
2023-01-20 00:00:00-05:00,2.559999942779541,2.5999999046325684,2.5299999713897705,2.5899999141693115,5400,0.0,0.0
2023-01-23 00:00:00-05:00,2.700000047683716,3.2799999713897705,2.700000047683716,3.259999990463257,48500,0.0,0.0
2023-01-24 00:00:00-05:00,3.2699999809265137,3.4000000953674316,3.2200000286102295,3.4000000953674316,21600,0.0,0.0
2023-01-25 00:00:00-05:00,3.4000000953674316,3.4000000953674316,3.2720000743865967,3.4000000953674316,8500,0.0,0.0
2023-01-26 00:00:00-05:00,3.440000057220459,3.440000057220459,3.2990000247955322,3.3299999237060547,8200,0.0,0.0
2023-01-27 00:00:00-05:00,3.369999885559082,3.4700000286102295,3.2799999713897705,3.440000057220459,5900,0.0,0.0
2023-01-30 00:00:00-05:00,3.5,3.5,3.299999952316284,3.309999942779541,33300,0.0,0.0
2023-01-31 00:00:00-05:00,3.440000057220459,3.619999885559082,3.299999952316284,3.4700000286102295,19900,0.0,0.0
2023-02-01 00:00:00-05:00,3.5,3.8499999046325684,3.4700000286102295,3.75,49800,0.0,0.0
2023-02-02 00:00:00-05:00,3.8399999141693115,4.076000213623047,3.7899999618530273,3.8499999046325684,36400,0.0,0.0
2023-02-03 00:00:00-05:00,3.9000000953674316,4.0,3.815000057220459,3.9149999618530273,15100,0.0,0.0
2023-02-06 00:00:00-05:00,4.090000152587891,4.090000152587891,3.680999994277954,3.880000114440918,36900,0.0,0.0
2023-02-07 00:00:00-05:00,3.940000057220459,3.940000057220459,3.7139999866485596,3.815000057220459,16900,0.0,0.0
2023-02-08 00:00:00-05:00,3.9000000953674316,3.9000000953674316,3.619999885559082,3.7790000438690186,19400,0.0,0.0
2023-02-09 00:00:00-05:00,3.740000009536743,3.799999952316284,3.510999917984009,3.569999933242798,7200,0.0,0.0
2023-02-10 00:00:00-05:00,3.5899999141693115,3.5899999141693115,3.4000000953674316,3.4630000591278076,13300,0.0,0.0
2023-02-13 00:00:00-05:00,3.5399999618530273,3.5399999618530273,3.4049999713897705,3.4049999713897705,22000,0.0,0.0
2023-02-14 00:00:00-05:00,3.4100000858306885,3.430000066757202,3.25,3.4200000762939453,4000,0.0,0.0
2023-02-15 00:00:00-05:00,3.430000066757202,3.75,3.3559999465942383,3.7300000190734863,32500,0.0,0.0
2023-02-16 00:00:00-05:00,3.7899999618530273,3.940000057220459,3.6549999713897705,3.9000000953674316,19300,0.0,0.0
2023-02-17 00:00:00-05:00,3.869999885559082,3.950000047683716,3.7899999618530273,3.819999933242798,9900,0.0,0.0
2023-02-21 00:00:00-05:00,3.880000114440918,3.9000000953674316,3.5799999237060547,3.7100000381469727,10500,0.0,0.0
2023-02-22 00:00:00-05:00,3.5799999237060547,3.609999895095825,3.4200000762939453,3.4200000762939453,11200,0.0,0.0
2023-02-23 00:00:00-05:00,3.490000009536743,3.740000009536743,3.4489998817443848,3.683000087738037,36400,0.0,0.0
2023-02-24 00:00:00-05:00,3.680000066757202,3.680000066757202,3.5,3.5199999809265137,17300,0.0,0.0
2023-02-27 00:00:00-05:00,3.5,3.6600000858306885,3.5,3.609999895095825,7800,0.0,0.0
2023-02-28 00:00:00-05:00,3.5799999237060547,3.6500000953674316,3.5299999713897705,3.6500000953674316,6700,0.0,0.0
2023-03-01 00:00:00-05:00,3.490000009536743,3.6710000038146973,3.490000009536743,3.619999885559082,8100,0.0,0.0
2023-03-02 00:00:00-05:00,3.611999988555908,3.6600000858306885,3.5899999141693115,3.5899999141693115,5400,0.0,0.0
2023-03-03 00:00:00-05:00,3.569999933242798,3.6500000953674316,3.5,3.630000114440918,8600,0.0,0.0
2023-03-06 00:00:00-05:00,3.6700000762939453,3.690000057220459,3.634999990463257,3.640000104904175,4400,0.0,0.0
2023-03-07 00:00:00-05:00,3.611999988555908,3.880000114440918,3.611999988555908,3.880000114440918,8500,0.0,0.0
2023-03-08 00:00:00-05:00,3.890000104904175,3.890000104904175,3.7699999809265137,3.8399999141693115,2400,0.0,0.0
2023-03-09 00:00:00-05:00,3.6989998817443848,3.7190001010894775,3.6500000953674316,3.6500000953674316,2500,0.0,0.0
2023-03-10 00:00:00-05:00,3.6500000953674316,3.6500000953674316,3.509999990463257,3.6500000953674316,14700,0.0,0.0
2023-03-13 00:00:00-04:00,3.619999885559082,3.6449999809265137,3.4600000381469727,3.4600000381469727,11900,0.0,0.0
2023-03-14 00:00:00-04:00,3.450000047683716,3.569999933242798,3.259999990463257,3.259999990463257,11600,0.0,0.0
2023-03-15 00:00:00-04:00,3.259999990463257,3.3350000381469727,3.0,3.0,30900,0.0,0.0
2023-03-16 00:00:00-04:00,3.0969998836517334,3.0969998836517334,2.759999990463257,2.9200000762939453,4300,0.0,0.0
2023-03-17 00:00:00-04:00,2.7699999809265137,2.9600000381469727,2.7049999237060547,2.75,8900,0.0,0.0
2023-03-20 00:00:00-04:00,2.75,2.75,2.0999999046325684,2.25,11400,0.0,0.0
2023-03-21 00:00:00-04:00,2.630000114440918,3.2119998931884766,2.490000009536743,3.0,56300,0.0,0.0
2023-03-22 00:00:00-04:00,3.180000066757202,3.3499999046325684,3.119999885559082,3.2799999713897705,20800,0.0,0.0
2023-03-23 00:00:00-04:00,3.25,3.259999990463257,3.049999952316284,3.1700000762939453,28700,0.0,0.0
2023-03-24 00:00:00-04:00,3.0799999237060547,3.0799999237060547,2.809999942779541,2.9800000190734863,25500,0.0,0.0
2023-03-27 00:00:00-04:00,3.0,3.015000104904175,2.930000066757202,2.930000066757202,6300,0.0,0.0
2023-03-28 00:00:00-04:00,3.069999933242798,3.3499999046325684,3.063999891281128,3.2100000381469727,32800,0.0,0.0
2023-03-29 00:00:00-04:00,3.130000114440918,3.299999952316284,3.130000114440918,3.2200000286102295,3600,0.0,0.0
2023-03-30 00:00:00-04:00,3.130000114440918,3.299999952316284,3.0510001182556152,3.2249999046325684,4200,0.0,0.0
2023-03-31 00:00:00-04:00,3.200000047683716,3.2300000190734863,2.9700000286102295,3.1500000953674316,23100,0.0,0.0
2023-04-03 00:00:00-04:00,3.0,3.1500000953674316,2.9600000381469727,2.9600000381469727,7400,0.0,0.0
2023-04-04 00:00:00-04:00,2.9600000381469727,2.9600000381469727,2.75,2.9059998989105225,13500,0.0,0.0
2023-04-05 00:00:00-04:00,2.9100000858306885,2.927000045776367,2.5799999237060547,2.880000114440918,32500,0.0,0.0
2023-04-06 00:00:00-04:00,2.799999952316284,2.9679999351501465,2.799999952316284,2.9100000858306885,5000,0.0,0.0
2023-04-10 00:00:00-04:00,2.9200000762939453,2.924999952316284,2.8499999046325684,2.9200000762939453,6800,0.0,0.0
2023-04-11 00:00:00-04:00,2.953000068664551,2.9800000190734863,2.869999885559082,2.921999931335449,13400,0.0,0.0
2023-04-12 00:00:00-04:00,2.9200000762939453,2.950000047683716,2.88700008392334,2.9100000858306885,7000,0.0,0.0
2023-04-13 00:00:00-04:00,2.8499999046325684,2.9600000381469727,2.808000087738037,2.880000114440918,4000,0.0,0.0
2023-04-14 00:00:00-04:00,2.7699999809265137,2.888000011444092,2.7100000381469727,2.888000011444092,16300,0.0,0.0
2023-04-17 00:00:00-04:00,2.869999885559082,2.869999885559082,2.6040000915527344,2.6710000038146973,21300,0.0,0.0
2023-04-18 00:00:00-04:00,2.753999948501587,2.753999948501587,2.6700000762939453,2.680000066757202,11900,0.0,0.0
2023-04-19 00:00:00-04:00,2.5799999237060547,2.6500000953674316,2.569999933242798,2.6500000953674316,5300,0.0,0.0
2023-04-20 00:00:00-04:00,2.690000057220459,2.700000047683716,2.6449999809265137,2.6500000953674316,2500,0.0,0.0
2023-04-21 00:00:00-04:00,2.700000047683716,2.75,2.700000047683716,2.7320001125335693,3400,0.0,0.0
2023-04-24 00:00:00-04:00,2.619999885559082,2.7899999618530273,2.5250000953674316,2.5250000953674316,9600,0.0,0.0
2023-04-25 00:00:00-04:00,2.5,2.6700000762939453,2.299999952316284,2.309999942779541,13900,0.0,0.0
2023-04-26 00:00:00-04:00,2.25,2.369999885559082,2.109999895095825,2.263000011444092,15000,0.0,0.0
2023-04-27 00:00:00-04:00,2.36899995803833,2.369999885559082,2.1659998893737793,2.2799999713897705,16700,0.0,0.0
2023-04-28 00:00:00-04:00,2.25,2.378999948501587,2.25,2.3399999141693115,6300,0.0,0.0
2023-05-01 00:00:00-04:00,2.369999885559082,2.369999885559082,2.2799999713897705,2.2799999713897705,5400,0.0,0.0
2023-05-02 00:00:00-04:00,2.3499999046325684,2.4700000286102295,2.3499999046325684,2.4700000286102295,4600,0.0,0.0
2023-05-03 00:00:00-04:00,2.490000009536743,2.509999990463257,2.3399999141693115,2.3399999141693115,11600,0.0,0.0
2023-05-04 00:00:00-04:00,2.4000000953674316,2.4000000953674316,2.0,2.2100000381469727,40800,0.0,0.0
2023-05-05 00:00:00-04:00,2.25,2.299999952316284,2.23799991607666,2.255000114440918,6700,0.0,0.0
2023-05-08 00:00:00-04:00,2.299999952316284,2.5,2.2200000286102295,2.4700000286102295,23200,0.0,0.0
2023-05-09 00:00:00-04:00,2.4100000858306885,2.4240000247955322,2.3399999141693115,2.4100000858306885,7600,0.0,0.0
2023-05-10 00:00:00-04:00,2.3489999771118164,2.496999979019165,2.3489999771118164,2.450000047683716,5800,0.0,0.0
2023-05-11 00:00:00-04:00,2.380000114440918,2.5,2.380000114440918,2.4000000953674316,3900,0.0,0.0
2023-05-12 00:00:00-04:00,2.430000066757202,2.490000009536743,2.4200000762939453,2.490000009536743,7900,0.0,0.0
2023-05-15 00:00:00-04:00,2.3499999046325684,2.690000057220459,2.3499999046325684,2.559999942779541,29600,0.0,0.0
2023-05-16 00:00:00-04:00,2.4000000953674316,2.569999933242798,2.4000000953674316,2.430000066757202,53800,0.0,0.0
2023-05-17 00:00:00-04:00,2.4100000858306885,2.5199999809265137,2.365000009536743,2.440000057220459,42500,0.0,0.0
2023-05-18 00:00:00-04:00,2.5199999809265137,2.5199999809265137,2.4100000858306885,2.4100000858306885,11600,0.0,0.0
2023-05-19 00:00:00-04:00,2.5199999809265137,2.5199999809265137,2.390000104904175,2.4600000381469727,3200,0.0,0.0
2023-05-22 00:00:00-04:00,2.4800000190734863,2.5799999237060547,2.4049999713897705,2.4100000858306885,7800,0.0,0.0
2023-05-23 00:00:00-04:00,2.450000047683716,2.5199999809265137,2.450000047683716,2.5199999809265137,21100,0.0,0.0
2023-05-24 00:00:00-04:00,2.430000066757202,2.609999895095825,2.4100000858306885,2.609999895095825,8000,0.0,0.0
2023-05-25 00:00:00-04:00,2.5999999046325684,2.5999999046325684,2.4100000858306885,2.4200000762939453,9300,0.0,0.0
2023-05-26 00:00:00-04:00,2.450000047683716,2.450000047683716,2.009999990463257,2.2799999713897705,61900,0.0,0.0
2023-05-30 00:00:00-04:00,2.190000057220459,2.2300000190734863,2.1500000953674316,2.1500000953674316,12000,0.0,0.0
2023-05-31 00:00:00-04:00,2.200000047683716,2.2290000915527344,2.0999999046325684,2.0999999046325684,11100,0.0,0.0
2023-06-01 00:00:00-04:00,2.180000066757202,2.2899999618530273,2.109999895095825,2.2899999618530273,7300,0.0,0.0
2023-06-02 00:00:00-04:00,2.3399999141693115,2.4000000953674316,2.0250000953674316,2.2300000190734863,31800,0.0,0.0
2023-06-05 00:00:00-04:00,2.25,2.25,2.140000104904175,2.190000057220459,2900,0.0,0.0
2023-06-06 00:00:00-04:00,2.1500000953674316,2.1500000953674316,2.009999990463257,2.0999999046325684,8600,0.0,0.0
2023-06-07 00:00:00-04:00,2.0199999809265137,2.1600000858306885,2.009999990463257,2.109999895095825,17500,0.0,0.0
2023-06-08 00:00:00-04:00,2.0769999027252197,2.1500000953674316,2.049999952316284,2.119999885559082,7100,0.0,0.0
2023-06-09 00:00:00-04:00,2.109999895095825,2.115000009536743,1.9800000190734863,2.0,27400,0.0,0.0
2023-06-12 00:00:00-04:00,2.059999942779541,2.140000104904175,2.009999990463257,2.130000114440918,15900,0.0,0.0
2023-06-13 00:00:00-04:00,2.109999895095825,2.1600000858306885,2.0369999408721924,2.0999999046325684,13200,0.0,0.0
2023-06-14 00:00:00-04:00,2.069999933242798,2.072999954223633,1.9609999656677246,1.9900000095367432,27100,0.0,0.0
2023-06-15 00:00:00-04:00,2.0,2.1500000953674316,2.0,2.1500000953674316,7300,0.0,0.0
2023-06-16 00:00:00-04:00,2.200000047683716,2.200000047683716,2.119999885559082,2.180000066757202,9500,0.0,0.0
2023-06-20 00:00:00-04:00,2.0999999046325684,2.180000066757202,2.055999994277954,2.0899999141693115,11200,0.0,0.0
2023-06-21 00:00:00-04:00,2.059999942779541,2.140000104904175,2.059999942779541,2.119999885559082,3700,0.0,0.0
2023-06-22 00:00:00-04:00,2.0959999561309814,2.1600000858306885,2.0959999561309814,2.1500000953674316,1500,0.0,0.0
2023-06-23 00:00:00-04:00,2.0889999866485596,2.200000047683716,2.0299999713897705,2.200000047683716,23500,0.0,0.0
2023-06-26 00:00:00-04:00,2.130000114440918,2.130000114440918,2.0799999237060547,2.119999885559082,5600,0.0,0.0
2023-06-27 00:00:00-04:00,2.0899999141693115,2.140000104904175,2.069000005722046,2.140000104904175,3900,0.0,0.0
2023-06-28 00:00:00-04:00,2.0810000896453857,2.1700000762939453,2.0199999809265137,2.0399999618530273,9000,0.0,0.0
2023-06-29 00:00:00-04:00,2.066999912261963,2.109999895095825,2.0250000953674316,2.069999933242798,4400,0.0,0.0
2023-06-30 00:00:00-04:00,2.1500000953674316,2.1500000953674316,2.0299999713897705,2.0999999046325684,7600,0.0,0.0
2023-07-03 00:00:00-04:00,2.0999999046325684,2.119999885559082,2.049999952316284,2.069999933242798,2400,0.0,0.0
2023-07-05 00:00:00-04:00,2.0,2.069999933242798,2.0,2.0199999809265137,22200,0.0,0.0
2023-07-06 00:00:00-04:00,2.0999999046325684,2.0999999046325684,2.0299999713897705,2.059999942779541,6800,0.0,0.0
2023-07-07 00:00:00-04:00,2.0899999141693115,2.119999885559082,2.0409998893737793,2.119999885559082,4700,0.0,0.0
2023-07-10 00:00:00-04:00,2.069999933242798,2.0950000286102295,1.9700000286102295,2.009999990463257,30200,0.0,0.0
2023-07-11 00:00:00-04:00,2.0999999046325684,2.119999885559082,2.0450000762939453,2.0980000495910645,5400,0.0,0.0
2023-07-12 00:00:00-04:00,2.109999895095825,2.1500000953674316,2.109999895095825,2.11299991607666,8700,0.0,0.0
2023-07-13 00:00:00-04:00,2.1500000953674316,2.4130001068115234,2.0820000171661377,2.4000000953674316,33800,0.0,0.0
2023-07-14 00:00:00-04:00,2.4700000286102295,3.369999885559082,2.4679999351501465,3.0299999713897705,291200,0.0,0.0
2023-07-17 00:00:00-04:00,2.9700000286102295,3.0799999237060547,2.950000047683716,2.950000047683716,46300,0.0,0.0
2023-07-18 00:00:00-04:00,2.9749999046325684,3.0190000534057617,2.799999952316284,2.9100000858306885,34800,0.0,0.0
2023-07-19 00:00:00-04:00,3.009999990463257,3.0299999713897705,2.7100000381469727,2.7100000381469727,10000,0.0,0.0
2023-07-20 00:00:00-04:00,2.6600000858306885,2.6600000858306885,2.430000066757202,2.628999948501587,18000,0.0,0.0
2023-07-21 00:00:00-04:00,2.490000009536743,2.5899999141693115,2.4609999656677246,2.4700000286102295,10900,0.0,0.0
2023-07-24 00:00:00-04:00,2.5,2.740000009536743,2.5,2.693000078201294,21100,0.0,0.0
2023-07-25 00:00:00-04:00,2.680000066757202,2.799999952316284,2.6619999408721924,2.7699999809265137,19500,0.0,0.0
2023-07-26 00:00:00-04:00,2.75,2.8399999141693115,2.75,2.819999933242798,6700,0.0,0.0
2023-07-27 00:00:00-04:00,2.7869999408721924,2.8610000610351562,2.7200000286102295,2.7699999809265137,17700,0.0,0.0
2023-07-28 00:00:00-04:00,2.7200000286102295,3.0999999046325684,2.7200000286102295,3.0999999046325684,39100,0.0,0.0
2023-07-31 00:00:00-04:00,3.25,3.368000030517578,2.9000000953674316,3.180000066757202,85000,0.0,0.0
2023-08-01 00:00:00-04:00,3.2230000495910645,3.299999952316284,3.0339999198913574,3.1449999809265137,25700,0.0,0.0
2023-08-02 00:00:00-04:00,3.190000057220459,3.190000057220459,2.7799999713897705,3.0,26000,0.0,0.0
2023-08-03 00:00:00-04:00,2.930000066757202,3.130000114440918,2.8459999561309814,2.990000009536743,13700,0.0,0.0
2023-08-04 00:00:00-04:00,3.0360000133514404,3.059999942779541,2.930000066757202,2.930000066757202,5900,0.0,0.0
2023-08-07 00:00:00-04:00,3.009999990463257,3.009999990463257,2.740000009536743,2.759999990463257,11700,0.0,0.0
2023-08-08 00:00:00-04:00,2.809999942779541,2.8239998817443848,2.6700000762939453,2.7300000190734863,4300,0.0,0.0
2023-08-09 00:00:00-04:00,2.753999948501587,2.9700000286102295,2.6600000858306885,2.6600000858306885,26600,0.0,0.0
2023-08-10 00:00:00-04:00,2.9100000858306885,2.9100000858306885,2.5999999046325684,2.7799999713897705,10300,0.0,0.0
2023-08-11 00:00:00-04:00,2.7009999752044678,2.75,2.4010000228881836,2.490000009536743,5700,0.0,0.0
2023-08-14 00:00:00-04:00,2.5,2.5,2.0299999713897705,2.13700008392334,73800,0.0,0.0
2023-08-15 00:00:00-04:00,2.2100000381469727,2.4200000762939453,2.0999999046325684,2.4200000762939453,13400,0.0,0.0
2023-08-16 00:00:00-04:00,2.4100000858306885,2.619999885559082,2.3399999141693115,2.430000066757202,20900,0.0,0.0
2023-08-17 00:00:00-04:00,2.2720000743865967,2.430000066757202,2.2720000743865967,2.3299999237060547,7700,0.0,0.0
2023-08-18 00:00:00-04:00,2.25,2.4600000381469727,2.0999999046325684,2.3499999046325684,22700,0.0,0.0
2023-08-21 00:00:00-04:00,2.2799999713897705,2.4000000953674316,2.1649999618530273,2.2100000381469727,8200,0.0,0.0
2023-08-22 00:00:00-04:00,2.190000057220459,2.5,2.190000057220459,2.4100000858306885,19300,0.0,0.0
2023-08-23 00:00:00-04:00,2.3299999237060547,2.3299999237060547,2.190000057220459,2.200000047683716,9000,0.0,0.0
2023-08-24 00:00:00-04:00,2.2799999713897705,2.309999942779541,2.1449999809265137,2.190000057220459,9600,0.0,0.0
2023-08-25 00:00:00-04:00,2.180000066757202,2.2809998989105225,2.119999885559082,2.1419999599456787,17400,0.0,0.0
2023-08-28 00:00:00-04:00,2.119999885559082,2.1500000953674316,2.049999952316284,2.140000104904175,9700,0.0,0.0
2023-08-29 00:00:00-04:00,2.117000102996826,2.2100000381469727,2.059999942779541,2.140000104904175,6100,0.0,0.0
2023-08-30 00:00:00-04:00,2.0799999237060547,2.177999973297119,2.0250000953674316,2.049999952316284,26900,0.0,0.0
2023-08-31 00:00:00-04:00,2.130000114440918,2.130000114440918,1.9010000228881836,1.940000057220459,31000,0.0,0.0
2023-09-01 00:00:00-04:00,2.049999952316284,2.049999952316284,1.8899999856948853,1.8949999809265137,30700,0.0,0.0
2023-09-05 00:00:00-04:00,1.909999966621399,1.909999966621399,1.75,1.75,31700,0.0,0.0
2023-09-06 00:00:00-04:00,1.7599999904632568,1.774999976158142,1.4600000381469727,1.5,43300,0.0,0.0
2023-09-07 00:00:00-04:00,1.5800000429153442,1.6859999895095825,1.409999966621399,1.440000057220459,45700,0.0,0.0
2023-09-08 00:00:00-04:00,1.409999966621399,1.5440000295639038,1.409999966621399,1.5099999904632568,10500,0.0,0.0
2023-09-11 00:00:00-04:00,1.5800000429153442,1.5800000429153442,1.4299999475479126,1.4900000095367432,7500,0.0,0.0
2023-09-12 00:00:00-04:00,1.5099999904632568,1.659999966621399,1.4900000095367432,1.5099999904632568,54200,0.0,0.0
2023-09-13 00:00:00-04:00,1.524999976158142,1.6399999856948853,1.5,1.5099999904632568,9000,0.0,0.0
2023-09-14 00:00:00-04:00,1.5099999904632568,1.6299999952316284,1.5,1.600000023841858,7800,0.0,0.0
2023-09-15 00:00:00-04:00,1.6699999570846558,1.8489999771118164,1.600000023841858,1.840000033378601,33700,0.0,0.0
2023-09-18 00:00:00-04:00,1.6699999570846558,1.7699999809265137,1.4900000095367432,1.5,42700,0.0,0.0
2023-09-19 00:00:00-04:00,1.4700000286102295,1.5499999523162842,1.3949999809265137,1.399999976158142,14200,0.0,0.0
2023-09-20 00:00:00-04:00,1.4900000095367432,1.5099999904632568,1.159999966621399,1.350000023841858,35000,0.0,0.0
2023-09-21 00:00:00-04:00,1.3630000352859497,1.4299999475479126,1.2100000381469727,1.3300000429153442,15500,0.0,0.0
2023-09-22 00:00:00-04:00,1.2949999570846558,1.649999976158142,1.2949999570846558,1.5099999904632568,86600,0.0,0.0
2023-09-25 00:00:00-04:00,1.5199999809265137,1.7829999923706055,1.5,1.600000023841858,72200,0.0,0.0
2023-09-26 00:00:00-04:00,1.7999999523162842,1.7999999523162842,1.600000023841858,1.6399999856948853,19100,0.0,0.0
2023-09-27 00:00:00-04:00,1.75,1.7999999523162842,1.5099999904632568,1.559999942779541,67500,0.0,0.0
2023-09-28 00:00:00-04:00,1.5299999713897705,1.690000057220459,1.5199999809265137,1.5199999809265137,30900,0.0,0.0
2023-09-29 00:00:00-04:00,1.5099999904632568,1.6399999856948853,1.5099999904632568,1.5800000429153442,16100,0.0,0.0
2023-10-02 00:00:00-04:00,1.4609999656677246,1.5499999523162842,1.4609999656677246,1.5499999523162842,28700,0.0,0.0
2023-10-03 00:00:00-04:00,1.5499999523162842,1.559999942779541,1.50600004196167,1.5499999523162842,8500,0.0,0.0
2023-10-04 00:00:00-04:00,1.559999942779541,1.559999942779541,1.4199999570846558,1.434999942779541,34400,0.0,0.0
2023-10-05 00:00:00-04:00,1.4299999475479126,1.5299999713897705,1.4299999475479126,1.5,24300,0.0,0.0
2023-10-06 00:00:00-04:00,1.5399999618530273,1.7000000476837158,1.5,1.5399999618530273,25300,0.0,0.0
2023-10-09 00:00:00-04:00,1.5499999523162842,1.590000033378601,1.4819999933242798,1.5299999713897705,3700,0.0,0.0
2023-10-10 00:00:00-04:00,1.503999948501587,1.6399999856948853,1.5,1.5099999904632568,22100,0.0,0.0
2023-10-11 00:00:00-04:00,1.4900000095367432,1.590999960899353,1.4900000095367432,1.565000057220459,13100,0.0,0.0
2023-10-12 00:00:00-04:00,1.590000033378601,1.590000033378601,1.5149999856948853,1.559999942779541,6100,0.0,0.0
2023-10-13 00:00:00-04:00,1.590000033378601,1.600000023841858,1.5,1.5750000476837158,15000,0.0,0.0
2023-10-16 00:00:00-04:00,1.590000033378601,1.7899999618530273,1.5399999618530273,1.7200000286102295,13700,0.0,0.0
2023-10-17 00:00:00-04:00,1.6200000047683716,1.850000023841858,1.5499999523162842,1.7699999809265137,25800,0.0,0.0
2023-10-18 00:00:00-04:00,1.8899999856948853,1.8899999856948853,1.7699999809265137,1.809999942779541,20300,0.0,0.0
2023-10-19 00:00:00-04:00,1.7699999809265137,1.840000033378601,1.7699999809265137,1.7799999713897705,14800,0.0,0.0
2023-10-20 00:00:00-04:00,1.7699999809265137,1.7699999809265137,1.5640000104904175,1.600000023841858,18000,0.0,0.0
2023-10-23 00:00:00-04:00,1.5499999523162842,1.649999976158142,1.534999966621399,1.5529999732971191,6200,0.0,0.0
2023-10-24 00:00:00-04:00,1.5,1.649999976158142,1.3700000047683716,1.4900000095367432,65500,0.0,0.0
2023-10-25 00:00:00-04:00,1.4800000190734863,1.4900000095367432,1.3300000429153442,1.350000023841858,7800,0.0,0.0
2023-10-26 00:00:00-04:00,1.340000033378601,1.4529999494552612,1.3240000009536743,1.4299999475479126,10100,0.0,0.0
2023-10-27 00:00:00-04:00,1.4479999542236328,1.4479999542236328,1.3530000448226929,1.3799999952316284,9100,0.0,0.0
2023-10-30 00:00:00-04:00,1.3370000123977661,1.4700000286102295,1.3300000429153442,1.440000057220459,9900,0.0,0.0
2023-10-31 00:00:00-04:00,1.3609999418258667,1.409999966621399,1.3609999418258667,1.399999976158142,2800,0.0,0.0
2023-11-01 00:00:00-04:00,1.3600000143051147,1.440000057220459,1.3600000143051147,1.399999976158142,24600,0.0,0.0
2023-11-02 00:00:00-04:00,1.3849999904632568,1.4500000476837158,1.3509999513626099,1.4199999570846558,8100,0.0,0.0
2023-11-03 00:00:00-04:00,1.440000057220459,1.5299999713897705,1.4299999475479126,1.5,14500,0.0,0.0
2023-11-06 00:00:00-05:00,1.4600000381469727,1.4700000286102295,1.350000023841858,1.350000023841858,6900,0.0,0.0
2023-11-07 00:00:00-05:00,1.3609999418258667,1.399999976158142,1.3300000429153442,1.3300000429153442,17300,0.0,0.0
2023-11-08 00:00:00-05:00,1.3200000524520874,1.350000023841858,1.1200000047683716,1.1299999952316284,35800,0.0,0.0
2023-11-09 00:00:00-05:00,1.2200000286102295,1.2200000286102295,1.0299999713897705,1.0299999713897705,79200,0.0,0.0
2023-11-10 00:00:00-05:00,0.9800000190734863,1.2200000286102295,0.9190000295639038,1.149999976158142,169800,0.0,0.0
2023-11-13 00:00:00-05:00,1.1799999475479126,1.5,1.0800000429153442,1.5,225200,0.0,0.0
2023-11-14 00:00:00-05:00,1.590000033378601,1.600000023841858,1.1699999570846558,1.3799999952316284,118300,0.0,0.0
2023-11-15 00:00:00-05:00,1.3799999952316284,1.3799999952316284,1.0800000429153442,1.2799999713897705,55700,0.0,0.0
2023-11-16 00:00:00-05:00,1.2009999752044678,1.2599999904632568,1.0800000429153442,1.190000057220459,24600,0.0,0.0
2023-11-17 00:00:00-05:00,1.190000057220459,1.4600000381469727,1.1799999475479126,1.4299999475479126,35300,0.0,0.0
2023-11-20 00:00:00-05:00,1.4900000095367432,1.5399999618530273,1.399999976158142,1.5230000019073486,21500,0.0,0.0
2023-11-21 00:00:00-05:00,1.4900000095367432,1.5800000429153442,1.399999976158142,1.4700000286102295,22700,0.0,0.0
2023-11-22 00:00:00-05:00,1.5399999618530273,1.5399999618530273,1.375,1.4299999475479126,36000,0.0,0.0
2023-11-24 00:00:00-05:00,1.4299999475479126,1.5299999713897705,1.4049999713897705,1.5199999809265137,21300,0.0,0.0
2023-11-27 00:00:00-05:00,1.5099999904632568,1.5099999904632568,1.440000057220459,1.440000057220459,27800,0.0,0.0
2023-11-28 00:00:00-05:00,1.4900000095367432,1.5099999904632568,1.440000057220459,1.440000057220459,6600,0.0,0.0
2023-11-29 00:00:00-05:00,1.4700000286102295,1.4700000286102295,1.4199999570846558,1.4199999570846558,5500,0.0,0.0
2023-11-30 00:00:00-05:00,1.399999976158142,1.4299999475479126,1.3359999656677246,1.3799999952316284,17600,0.0,0.0
2023-12-01 00:00:00-05:00,1.3600000143051147,1.3700000047683716,1.309999942779541,1.3600000143051147,7300,0.0,0.0
2023-12-04 00:00:00-05:00,1.3250000476837158,1.3300000429153442,1.2599999904632568,1.2799999713897705,17800,0.0,0.0
2023-12-05 00:00:00-05:00,1.1699999570846558,1.222000002861023,1.090000033378601,1.090000033378601,24200,0.0,0.0
2023-12-06 00:00:00-05:00,1.149999976158142,1.149999976158142,1.059999942779541,1.1100000143051147,22100,0.0,0.0
2023-12-07 00:00:00-05:00,1.090000033378601,1.2799999713897705,1.090000033378601,1.2599999904632568,30200,0.0,0.0
2023-12-08 00:00:00-05:00,1.3200000524520874,1.3200000524520874,1.2599999904632568,1.2799999713897705,12900,0.0,0.0
2023-12-11 00:00:00-05:00,1.2599999904632568,1.2799999713897705,1.2599999904632568,1.2699999809265137,9500,0.0,0.0
2023-12-12 00:00:00-05:00,1.2400000095367432,1.2799999713897705,1.2000000476837158,1.2699999809265137,11300,0.0,0.0
2023-12-13 00:00:00-05:00,1.25,1.3700000047683716,1.2209999561309814,1.340000033378601,14600,0.0,0.0
2023-12-14 00:00:00-05:00,1.2999999523162842,1.4490000009536743,1.2699999809265137,1.3600000143051147,15300,0.0,0.0
2023-12-15 00:00:00-05:00,1.4199999570846558,1.4199999570846558,1.309999942779541,1.309999942779541,7900,0.0,0.0
2023-12-18 00:00:00-05:00,1.2960000038146973,1.3350000381469727,1.2799999713897705,1.2799999713897705,11000,0.0,0.0
2023-12-19 00:00:00-05:00,1.2799999713897705,1.309999942779541,1.2300000190734863,1.2300000190734863,13800,0.0,0.0
2023-12-20 00:00:00-05:00,1.2599999904632568,1.277999997138977,1.090000033378601,1.1200000047683716,29900,0.0,0.0
2023-12-21 00:00:00-05:00,1.1699999570846558,1.1699999570846558,1.100000023841858,1.1200000047683716,24100,0.0,0.0
2023-12-22 00:00:00-05:00,1.149999976158142,1.25,1.149999976158142,1.190000057220459,20200,0.0,0.0
2023-12-26 00:00:00-05:00,1.1399999856948853,1.3899999856948853,1.1399999856948853,1.2699999809265137,18100,0.0,0.0
2023-12-27 00:00:00-05:00,1.3200000524520874,1.3899999856948853,1.2799999713897705,1.3200000524520874,24200,0.0,0.0
2023-12-28 00:00:00-05:00,1.2799999713897705,1.3799999952316284,1.25,1.2899999618530273,30500,0.0,0.0
2023-12-29 00:00:00-05:00,1.3200000524520874,1.3650000095367432,1.2200000286102295,1.3600000143051147,26500,0.0,0.0
2024-01-02 00:00:00-05:00,1.2799999713897705,1.4199999570846558,1.2510000467300415,1.2599999904632568,27600,0.0,0.0
2024-01-03 00:00:00-05:00,1.2100000381469727,1.2400000095367432,1.190000057220459,1.2200000286102295,3500,0.0,0.0
2024-01-04 00:00:00-05:00,1.1799999475479126,1.2599999904632568,1.1699999570846558,1.190000057220459,6800,0.0,0.0
2024-01-05 00:00:00-05:00,1.190000057220459,1.190000057220459,1.149999976158142,1.159999966621399,5600,0.0,0.0
2024-01-08 00:00:00-05:00,1.1829999685287476,1.2400000095367432,1.1699999570846558,1.1699999570846558,22300,0.0,0.0
2024-01-09 00:00:00-05:00,1.1699999570846558,1.2699999809265137,1.1699999570846558,1.2699999809265137,31000,0.0,0.0
2024-01-10 00:00:00-05:00,1.25,1.2899999618530273,1.2100000381469727,1.2699999809265137,6300,0.0,0.0
2024-01-11 00:00:00-05:00,1.309999942779541,1.309999942779541,1.2300000190734863,1.2350000143051147,14400,0.0,0.0
2024-01-12 00:00:00-05:00,1.3200000524520874,1.3200000524520874,1.25,1.25,6400,0.0,0.0
2024-01-16 00:00:00-05:00,1.25,1.25,1.159999966621399,1.159999966621399,5800,0.0,0.0
2024-01-17 00:00:00-05:00,1.1699999570846558,1.2400000095367432,1.149999976158142,1.149999976158142,15300,0.0,0.0
2024-01-18 00:00:00-05:00,1.1649999618530273,1.1649999618530273,1.1200000047683716,1.1299999952316284,3100,0.0,0.0
2024-01-19 00:00:00-05:00,1.159999966621399,1.25,1.1200000047683716,1.1740000247955322,18700,0.0,0.0
2024-01-22 00:00:00-05:00,1.1399999856948853,1.2000000476837158,1.1399999856948853,1.1749999523162842,8600,0.0,0.0
2024-01-23 00:00:00-05:00,1.1799999475479126,1.190000057220459,1.156000018119812,1.1799999475479126,7500,0.0,0.0
2024-01-24 00:00:00-05:00,1.1699999570846558,1.1699999570846558,1.1150000095367432,1.1150000095367432,4300,0.0,0.0
2024-01-25 00:00:00-05:00,1.1200000047683716,1.2200000286102295,1.1200000047683716,1.2000000476837158,296500,0.0,0.0
2024-01-26 00:00:00-05:00,1.309999942779541,1.5299999713897705,1.2100000381469727,1.340000033378601,275300,0.0,0.0
2024-01-29 00:00:00-05:00,1.4199999570846558,1.4199999570846558,1.3600000143051147,1.3899999856948853,31100,0.0,0.0
2024-01-30 00:00:00-05:00,1.350000023841858,1.5,1.340000033378601,1.4600000381469727,58600,0.0,0.0
2024-01-31 00:00:00-05:00,1.4199999570846558,2.0199999809265137,1.4199999570846558,1.7699999809265137,290000,0.0,0.0
2024-02-01 00:00:00-05:00,1.75,2.3889999389648438,1.7389999628067017,2.240000009536743,184600,0.0,0.0
2024-02-02 00:00:00-05:00,2.2300000190734863,2.3499999046325684,2.0,2.059999942779541,93500,0.0,0.0
2024-02-05 00:00:00-05:00,2.0299999713897705,2.0299999713897705,1.7599999904632568,1.850000023841858,37000,0.0,0.0
2024-02-06 00:00:00-05:00,1.9299999475479126,2.130000114440918,1.805999994277954,2.059999942779541,44600,0.0,0.0
2024-02-07 00:00:00-05:00,2.059999942779541,2.0850000381469727,1.9500000476837158,2.0799999237060547,18400,0.0,0.0
2024-02-08 00:00:00-05:00,2.0999999046325684,2.2899999618530273,2.0360000133514404,2.2799999713897705,42800,0.0,0.0
2024-02-09 00:00:00-05:00,2.200000047683716,2.2690000534057617,2.0399999618530273,2.119999885559082,28300,0.0,0.0
2024-02-12 00:00:00-05:00,2.059999942779541,2.4700000286102295,2.059999942779541,2.375,38400,0.0,0.0
2024-02-13 00:00:00-05:00,2.450000047683716,2.450000047683716,2.240000009536743,2.430000066757202,29600,0.0,0.0
2024-02-14 00:00:00-05:00,2.390000104904175,2.6600000858306885,2.390000104904175,2.6600000858306885,45800,0.0,0.0
2024-02-15 00:00:00-05:00,2.5799999237060547,2.688999891281128,2.49399995803833,2.619999885559082,33100,0.0,0.0
2024-02-16 00:00:00-05:00,2.700000047683716,2.700000047683716,2.444999933242798,2.5799999237060547,15000,0.0,0.0
2024-02-20 00:00:00-05:00,2.559999942779541,2.5899999141693115,2.450000047683716,2.5199999809265137,16000,0.0,0.0
2024-02-21 00:00:00-05:00,2.4800000190734863,2.5350000858306885,2.3450000286102295,2.3499999046325684,17200,0.0,0.0
2024-02-22 00:00:00-05:00,2.4700000286102295,2.515000104904175,2.3510000705718994,2.444999933242798,21300,0.0,0.0
2024-02-23 00:00:00-05:00,2.430000066757202,2.5399999618530273,2.4000000953674316,2.440000057220459,25100,0.0,0.0
2024-02-26 00:00:00-05:00,2.700000047683716,2.859999895095825,2.5,2.7899999618530273,57700,0.0,0.0
2024-02-27 00:00:00-05:00,2.7899999618530273,2.8499999046325684,2.7179999351501465,2.7899999618530273,17000,0.0,0.0
2024-02-28 00:00:00-05:00,2.8399999141693115,2.8499999046325684,2.7300000190734863,2.799999952316284,13600,0.0,0.0
2024-02-29 00:00:00-05:00,2.9000000953674316,2.9000000953674316,2.6700000762939453,2.759999990463257,16200,0.0,0.0
2024-03-01 00:00:00-05:00,2.680000066757202,2.75,2.4730000495910645,2.7149999141693115,28500,0.0,0.0
2024-03-04 00:00:00-05:00,2.6689999103546143,2.740000009536743,2.5999999046325684,2.740000009536743,7400,0.0,0.0
2024-03-05 00:00:00-05:00,2.7119998931884766,2.75,2.6600000858306885,2.740000009536743,9500,0.0,0.0
2024-03-06 00:00:00-05:00,2.799999952316284,2.890000104904175,2.7100000381469727,2.8499999046325684,22600,0.0,0.0
2024-03-07 00:00:00-05:00,2.8499999046325684,2.8499999046325684,2.7139999866485596,2.7699999809265137,8900,0.0,0.0
2024-03-08 00:00:00-05:00,2.9000000953674316,2.9000000953674316,2.5899999141693115,2.630000114440918,18600,0.0,0.0
2024-03-11 00:00:00-04:00,2.609999895095825,2.625,2.0999999046325684,2.3299999237060547,53000,0.0,0.0
2024-03-12 00:00:00-04:00,2.359999895095825,2.555000066757202,2.2709999084472656,2.555000066757202,9600,0.0,0.0
2024-03-13 00:00:00-04:00,2.4800000190734863,2.5,2.2799999713897705,2.2899999618530273,6400,0.0,0.0
2024-03-14 00:00:00-04:00,2.2100000381469727,2.309999942779541,2.1700000762939453,2.309999942779541,9900,0.0,0.0
2024-03-15 00:00:00-04:00,2.2300000190734863,2.2300000190734863,2.059999942779541,2.0999999046325684,27200,0.0,0.0
2024-03-18 00:00:00-04:00,2.380000114440918,2.450000047683716,2.0399999618530273,2.109999895095825,41100,0.0,0.0
2024-03-19 00:00:00-04:00,2.200000047683716,2.369999885559082,2.0799999237060547,2.180000066757202,19500,0.0,0.0
2024-03-20 00:00:00-04:00,2.2200000286102295,2.5299999713897705,2.0199999809265137,2.3299999237060547,186700,0.0,0.0
2024-03-21 00:00:00-04:00,2.3499999046325684,2.700000047683716,2.2880001068115234,2.6500000953674316,93400,0.0,0.0
2024-03-22 00:00:00-04:00,2.880000114440918,3.200000047683716,2.5339999198913574,2.880000114440918,136200,0.0,0.0
2024-03-25 00:00:00-04:00,2.990000009536743,2.990000009536743,2.759999990463257,2.759999990463257,9500,0.0,0.0
2024-03-26 00:00:00-04:00,2.809999942779541,2.890000104904175,2.509999990463257,2.569999933242798,30500,0.0,0.0
2024-03-27 00:00:00-04:00,2.609999895095825,2.75,2.5,2.7300000190734863,28900,0.0,0.0
2024-03-28 00:00:00-04:00,2.799999952316284,2.799999952316284,2.549999952316284,2.700000047683716,5400,0.0,0.0
2024-04-01 00:00:00-04:00,2.8299999237060547,2.890000104904175,2.640000104904175,2.890000104904175,10100,0.0,0.0
2024-04-02 00:00:00-04:00,2.759999990463257,2.799999952316284,2.6700000762939453,2.7300000190734863,13400,0.0,0.0
2024-04-03 00:00:00-04:00,2.7300000190734863,2.880000114440918,2.6710000038146973,2.880000114440918,4600,0.0,0.0
2024-04-04 00:00:00-04:00,2.8570001125335693,2.9200000762939453,2.809999942779541,2.9200000762939453,11200,0.0,0.0
2024-04-05 00:00:00-04:00,2.990000009536743,2.990000009536743,2.700000047683716,2.9000000953674316,10200,0.0,0.0
2024-04-08 00:00:00-04:00,2.6600000858306885,2.697999954223633,2.549999952316284,2.5899999141693115,16700,0.0,0.0
2024-04-09 00:00:00-04:00,2.562999963760376,2.562999963760376,2.3399999141693115,2.369999885559082,17900,0.0,0.0
2024-04-10 00:00:00-04:00,2.359999895095825,2.4000000953674316,2.2699999809265137,2.4000000953674316,9400,0.0,0.0
2024-04-11 00:00:00-04:00,2.3499999046325684,2.3499999046325684,2.2300000190734863,2.2899999618530273,8600,0.0,0.0
2024-04-12 00:00:00-04:00,2.2899999618530273,2.299999952316284,2.240000009536743,2.299999952316284,8500,0.0,0.0
2024-04-15 00:00:00-04:00,2.25,2.299999952316284,2.2300000190734863,2.299999952316284,6600,0.0,0.0
2024-04-16 00:00:00-04:00,2.299999952316284,2.299999952316284,2.25,2.2699999809265137,6400,0.0,0.0
2024-04-17 00:00:00-04:00,2.259999990463257,2.2799999713897705,2.1600000858306885,2.200000047683716,19700,0.0,0.0
2024-04-18 00:00:00-04:00,2.299999952316284,2.299999952316284,2.25,2.25,4900,0.0,0.0
2024-04-19 00:00:00-04:00,2.259999990463257,2.309999942779541,2.109999895095825,2.200000047683716,32700,0.0,0.0
2024-04-22 00:00:00-04:00,2.2200000286102295,2.25,2.2109999656677246,2.2300000190734863,6000,0.0,0.0
2024-04-23 00:00:00-04:00,2.200000047683716,2.240000009536743,2.180000066757202,2.180000066757202,12700,0.0,0.0
2024-04-24 00:00:00-04:00,2.140000104904175,2.4000000953674316,2.140000104904175,2.3499999046325684,17300,0.0,0.0
2024-04-25 00:00:00-04:00,2.3550000190734863,2.509999990463257,2.299999952316284,2.306999921798706,11800,0.0,0.0
2024-04-26 00:00:00-04:00,2.309999942779541,2.3499999046325684,2.2679998874664307,2.2899999618530273,4000,0.0,0.0
2024-04-29 00:00:00-04:00,2.2899999618530273,2.3550000190734863,2.265000104904175,2.299999952316284,2500,0.0,0.0
2024-04-30 00:00:00-04:00,2.2699999809265137,2.2699999809265137,2.1500000953674316,2.1500000953674316,17300,0.0,0.0
2024-05-01 00:00:00-04:00,2.184999942779541,2.2899999618530273,2.119999885559082,2.200000047683716,8400,0.0,0.0
2024-05-02 00:00:00-04:00,2.1500000953674316,2.1700000762939453,2.130000114440918,2.130000114440918,3500,0.0,0.0
2024-05-03 00:00:00-04:00,2.180000066757202,2.240000009536743,2.0999999046325684,2.1600000858306885,15700,0.0,0.0
2024-05-06 00:00:00-04:00,2.180000066757202,2.299999952316284,2.130000114440918,2.2100000381469727,8500,0.0,0.0
2024-05-07 00:00:00-04:00,2.309999942779541,2.309999942779541,2.190000057220459,2.2200000286102295,18800,0.0,0.0
2024-05-08 00:00:00-04:00,2.25,2.3399999141693115,2.1700000762939453,2.246999979019165,7900,0.0,0.0
2024-05-09 00:00:00-04:00,2.2100000381469727,2.3499999046325684,2.200000047683716,2.299999952316284,10200,0.0,0.0
2024-05-10 00:00:00-04:00,2.369999885559082,2.369999885559082,2.200000047683716,2.2100000381469727,8300,0.0,0.0
2024-05-13 00:00:00-04:00,2.240000009536743,2.240000009536743,2.1700000762939453,2.200000047683716,5600,0.0,0.0
2024-05-14 00:00:00-04:00,2.0899999141693115,2.1500000953674316,2.0,2.109999895095825,39200,0.0,0.0
2024-05-15 00:00:00-04:00,2.0799999237060547,2.0999999046325684,2.049999952316284,2.055000066757202,7700,0.0,0.0
2024-05-16 00:00:00-04:00,2.049999952316284,2.059999942779541,1.5499999523162842,1.649999976158142,76000,0.0,0.0
2024-05-17 00:00:00-04:00,1.649999976158142,1.7000000476837158,1.4700000286102295,1.6100000143051147,88000,0.0,0.0
2024-05-20 00:00:00-04:00,1.5700000524520874,1.600000023841858,1.340000033378601,1.4800000190734863,54200,0.0,0.0
2024-05-21 00:00:00-04:00,1.399999976158142,1.5399999618530273,1.3899999856948853,1.5299999713897705,18900,0.0,0.0
2024-05-22 00:00:00-04:00,1.5,1.7400000095367432,1.350000023841858,1.6799999475479126,42500,0.0,0.0
2024-05-23 00:00:00-04:00,1.680999994277954,1.7000000476837158,1.5950000286102295,1.7000000476837158,32200,0.0,0.0
2024-05-24 00:00:00-04:00,1.5789999961853027,1.6349999904632568,1.5509999990463257,1.6050000190734863,5500,0.0,0.0
2024-05-28 00:00:00-04:00,1.5,1.5800000429153442,1.4550000429153442,1.5440000295639038,27500,0.0,0.0
2024-05-29 00:00:00-04:00,1.5099999904632568,1.5700000524520874,1.5099999904632568,1.5399999618530273,3000,0.0,0.0
2024-05-30 00:00:00-04:00,1.5499999523162842,1.5499999523162842,1.5110000371932983,1.5299999713897705,4600,0.0,0.0
2024-05-31 00:00:00-04:00,1.4900000095367432,1.6799999475479126,1.4900000095367432,1.6100000143051147,58300,0.0,0.0
2024-06-03 00:00:00-04:00,1.5800000429153442,1.6399999856948853,1.4900000095367432,1.4900000095367432,6700,0.0,0.0
2024-06-04 00:00:00-04:00,1.440000057220459,1.4700000286102295,1.3899999856948853,1.409999966621399,4600,0.0,0.0
2024-06-05 00:00:00-04:00,1.440000057220459,1.5479999780654907,1.440000057220459,1.5,5800,0.0,0.0
2024-06-06 00:00:00-04:00,1.4600000381469727,1.4600000381469727,1.3830000162124634,1.3899999856948853,7200,0.0,0.0
2024-06-07 00:00:00-04:00,1.3849999904632568,1.440000057220459,1.3459999561309814,1.409999966621399,9100,0.0,0.0
2024-06-10 00:00:00-04:00,1.350000023841858,1.399999976158142,1.3380000591278076,1.3799999952316284,7100,0.0,0.0
2024-06-11 00:00:00-04:00,1.3300000429153442,1.440000057220459,1.3300000429153442,1.3799999952316284,20700,0.0,0.0
2024-06-12 00:00:00-04:00,1.3600000143051147,1.399999976158142,1.3600000143051147,1.3899999856948853,5800,0.0,0.0
2024-06-13 00:00:00-04:00,1.2599999904632568,1.399999976158142,1.2599999904632568,1.3600000143051147,12900,0.0,0.0
2024-06-14 00:00:00-04:00,1.3200000524520874,1.340000033378601,1.2949999570846558,1.3200000524520874,4400,0.0,0.0
2024-06-17 00:00:00-04:00,1.2799999713897705,1.8600000143051147,1.2799999713897705,1.7599999904632568,260600,0.0,0.0
2024-06-18 00:00:00-04:00,1.7999999523162842,1.8569999933242798,1.7100000381469727,1.7300000190734863,88700,0.0,0.0
2024-06-20 00:00:00-04:00,1.7300000190734863,1.75,1.309999942779541,1.4299999475479126,60900,0.0,0.0
2024-06-21 00:00:00-04:00,1.3899999856948853,1.4149999618530273,1.2999999523162842,1.3600000143051147,61000,0.0,0.0
2024-06-24 00:00:00-04:00,1.3600000143051147,1.3700000047683716,1.2999999523162842,1.3200000524520874,12800,0.0,0.0
2024-06-25 00:00:00-04:00,1.309999942779541,1.3600000143051147,1.2999999523162842,1.3200000524520874,11000,0.0,0.0
2024-06-26 00:00:00-04:00,1.3300000429153442,1.3739999532699585,1.3009999990463257,1.340000033378601,4800,0.0,0.0
2024-06-27 00:00:00-04:00,1.340000033378601,1.5499999523162842,1.340000033378601,1.4900000095367432,30700,0.0,0.0
2024-06-28 00:00:00-04:00,1.4700000286102295,2.2699999809265137,1.3619999885559082,1.909999966621399,182500,0.0,0.0
2024-07-01 00:00:00-04:00,1.940000057220459,2.0199999809265137,1.7999999523162842,1.899999976158142,47600,0.0,0.0
2024-07-02 00:00:00-04:00,1.8799999952316284,2.0299999713897705,1.8700000047683716,1.9199999570846558,22000,0.0,0.0
2024-07-03 00:00:00-04:00,1.8899999856948853,1.9600000381469727,1.7999999523162842,1.850000023841858,14600,0.0,0.0
2024-07-05 00:00:00-04:00,1.8049999475479126,1.899999976158142,1.7000000476837158,1.7400000095367432,18000,0.0,0.0
2024-07-08 00:00:00-04:00,1.7400000095367432,1.7999999523162842,1.5110000371932983,1.559999942779541,36400,0.0,0.0
2024-07-09 00:00:00-04:00,1.5700000524520874,1.6399999856948853,1.5700000524520874,1.6399999856948853,4500,0.0,0.0
2024-07-10 00:00:00-04:00,1.8799999952316284,1.8899999856948853,1.7020000219345093,1.840000033378601,12700,0.0,0.0
2024-07-11 00:00:00-04:00,1.8200000524520874,1.9299999475479126,1.6180000305175781,1.899999976158142,34400,0.0,0.0
2024-07-12 00:00:00-04:00,1.850000023841858,1.899999976158142,1.7799999713897705,1.850000023841858,5500,0.0,0.0
2024-07-15 00:00:00-04:00,1.7599999904632568,1.7899999618530273,1.7300000190734863,1.7599999904632568,7000,0.0,0.0
2024-07-16 00:00:00-04:00,1.8300000429153442,1.8300000429153442,1.722000002861023,1.809999942779541,8400,0.0,0.0
2024-07-17 00:00:00-04:00,1.7599999904632568,1.840000033378601,1.75,1.7910000085830688,2700,0.0,0.0
2024-07-18 00:00:00-04:00,1.7100000381469727,1.8600000143051147,1.7000000476837158,1.7000000476837158,14300,0.0,0.0
2024-07-19 00:00:00-04:00,1.7050000429153442,1.899999976158142,1.7039999961853027,1.784999966621399,19100,0.0,0.0
2024-07-22 00:00:00-04:00,1.7599999904632568,1.7599999904632568,1.7319999933242798,1.7400000095367432,5500,0.0,0.0
2024-07-23 00:00:00-04:00,1.7400000095367432,1.7799999713897705,1.7079999446868896,1.7400000095367432,3000,0.0,0.0
2024-07-24 00:00:00-04:00,1.7000000476837158,1.715000033378601,1.6799999475479126,1.7000000476837158,1800,0.0,0.0
2024-07-25 00:00:00-04:00,1.7000000476837158,1.7829999923706055,1.649999976158142,1.649999976158142,21500,0.0,0.0
2024-07-26 00:00:00-04:00,1.7400000095367432,1.815999984741211,1.5800000429153442,1.6799999475479126,8000,0.0,0.0
2024-07-29 00:00:00-04:00,1.8200000524520874,1.8200000524520874,1.6699999570846558,1.7100000381469727,4100,0.0,0.0
2024-07-30 00:00:00-04:00,1.6699999570846558,1.7799999713897705,1.6299999952316284,1.6399999856948853,5900,0.0,0.0
2024-07-31 00:00:00-04:00,1.684999942779541,1.7100000381469727,1.6200000047683716,1.6399999856948853,3300,0.0,0.0
2024-08-01 00:00:00-04:00,1.75,1.75,1.6299999952316284,1.7000000476837158,2100,0.0,0.0
2024-08-02 00:00:00-04:00,1.6200000047683716,1.6549999713897705,1.6200000047683716,1.6200000047683716,900,0.0,0.0
2024-08-05 00:00:00-04:00,1.649999976158142,1.7899999618530273,1.649999976158142,1.6699999570846558,9500,0.0,0.0
2024-08-06 00:00:00-04:00,1.5800000429153442,1.7999999523162842,1.5800000429153442,1.659999966621399,4700,0.0,0.0
2024-08-07 00:00:00-04:00,1.6799999475479126,1.7369999885559082,1.600000023841858,1.600000023841858,6700,0.0,0.0
2024-08-08 00:00:00-04:00,1.593999981880188,1.6549999713897705,1.559999942779541,1.6299999952316284,6500,0.0,0.0
2024-08-09 00:00:00-04:00,1.600000023841858,1.75,1.600000023841858,1.75,24600,0.0,0.0
2024-08-12 00:00:00-04:00,1.75,1.850000023841858,1.6369999647140503,1.7599999904632568,29400,0.0,0.0
2024-08-13 00:00:00-04:00,1.7200000286102295,1.7999999523162842,1.649999976158142,1.6699999570846558,26100,0.0,0.0
2024-08-14 00:00:00-04:00,1.6100000143051147,1.6200000047683716,1.5700000524520874,1.6009999513626099,8500,0.0,0.0
2024-08-15 00:00:00-04:00,1.590000033378601,1.840000033378601,1.5809999704360962,1.7999999523162842,40800,0.0,0.0
2024-08-16 00:00:00-04:00,1.809999942779541,1.850000023841858,1.7799999713897705,1.7899999618530273,19900,0.0,0.0
2024-08-19 00:00:00-04:00,1.7699999809265137,2.0199999809265137,1.75,2.0199999809265137,78500,0.0,0.0
2024-08-20 00:00:00-04:00,1.9500000476837158,2.1500000953674316,1.8600000143051147,2.0799999237060547,65500,0.0,0.0
2024-08-21 00:00:00-04:00,2.0999999046325684,2.130000114440918,2.0799999237060547,2.119999885559082,36900,0.0,0.0
2024-08-22 00:00:00-04:00,2.119999885559082,2.3299999237060547,2.0799999237060547,2.2899999618530273,117400,0.0,0.0
2024-08-23 00:00:00-04:00,2.2300000190734863,2.6110000610351562,2.2300000190734863,2.5399999618530273,76400,0.0,0.0
2024-08-26 00:00:00-04:00,2.4600000381469727,2.5999999046325684,2.0799999237060547,2.190000057220459,76100,0.0,0.0
2024-08-27 00:00:00-04:00,2.2200000286102295,2.299999952316284,1.7699999809265137,2.119999885559082,2517800,0.0,0.0
2024-08-28 00:00:00-04:00,1.8799999952316284,1.9049999713897705,1.7300000190734863,1.840000033378601,151400,0.0,0.0
2024-08-29 00:00:00-04:00,1.7000000476837158,1.9299999475479126,1.649999976158142,1.8849999904632568,139300,0.0,0.0
2024-08-30 00:00:00-04:00,1.8799999952316284,1.8899999856948853,1.8300000429153442,1.8600000143051147,43600,0.0,0.0
2024-09-03 00:00:00-04:00,1.840000033378601,1.840000033378601,1.6959999799728394,1.7599999904632568,33700,0.0,0.0
2024-09-04 00:00:00-04:00,1.7300000190734863,1.7300000190734863,1.5700000524520874,1.590000033378601,73500,0.0,0.0
2024-09-05 00:00:00-04:00,1.5700000524520874,1.7100000381469727,1.5700000524520874,1.659999966621399,34900,0.0,0.0
2024-09-06 00:00:00-04:00,1.6100000143051147,1.7100000381469727,1.590000033378601,1.7000000476837158,12700,0.0,0.0
2024-09-09 00:00:00-04:00,1.6480000019073486,1.7699999809265137,1.6399999856948853,1.75,8900,0.0,0.0
2024-09-10 00:00:00-04:00,1.7000000476837158,1.7400000095367432,1.659999966621399,1.7000000476837158,8900,0.0,0.0
2024-09-11 00:00:00-04:00,1.6699999570846558,1.7999999523162842,1.6649999618530273,1.7100000381469727,9600,0.0,0.0
2024-09-12 00:00:00-04:00,1.659999966621399,1.8300000429153442,1.659999966621399,1.8200000524520874,27900,0.0,0.0
2024-09-13 00:00:00-04:00,1.8200000524520874,2.0999999046325684,1.8200000524520874,1.909999966621399,124000,0.0,0.0
2024-09-16 00:00:00-04:00,1.8899999856948853,1.899999976158142,1.809999942779541,1.840000033378601,11900,0.0,0.0
2024-09-17 00:00:00-04:00,1.8600000143051147,1.8799999952316284,1.7999999523162842,1.809999942779541,4100,0.0,0.0
2024-09-18 00:00:00-04:00,1.7400000095367432,1.9500000476837158,1.6799999475479126,1.8899999856948853,54300,0.0,0.0
2024-09-19 00:00:00-04:00,1.9600000381469727,1.9600000381469727,1.8300000429153442,1.850000023841858,26900,0.0,0.0
2024-09-20 00:00:00-04:00,1.7599999904632568,1.9500000476837158,1.7300000190734863,1.9500000476837158,36200,0.0,0.0
2024-09-23 00:00:00-04:00,1.9800000190734863,1.9800000190734863,1.850000023841858,1.899999976158142,18800,0.0,0.0
2024-09-24 00:00:00-04:00,1.9199999570846558,1.940000057220459,1.840000033378601,1.8899999856948853,11000,0.0,0.0
2024-09-25 00:00:00-04:00,1.8359999656677246,1.8700000047683716,1.7740000486373901,1.8700000047683716,15500,0.0,0.0
2024-09-26 00:00:00-04:00,1.7699999809265137,1.9299999475479126,1.7699999809265137,1.909999966621399,28400,0.0,0.0
2024-09-27 00:00:00-04:00,1.899999976158142,1.909999966621399,1.8300000429153442,1.909999966621399,8600,0.0,0.0
2024-09-30 00:00:00-04:00,1.8700000047683716,1.8700000047683716,1.7000000476837158,1.7999999523162842,22200,0.0,0.0
2024-10-01 00:00:00-04:00,1.7999999523162842,1.7999999523162842,1.690000057220459,1.7699999809265137,26000,0.0,0.0
2024-10-02 00:00:00-04:00,1.75,1.7999999523162842,1.75,1.784000039100647,15200,0.0,0.0
2024-10-03 00:00:00-04:00,1.75,1.8600000143051147,1.75,1.7999999523162842,16200,0.0,0.0
2024-10-04 00:00:00-04:00,1.8799999952316284,1.8799999952316284,1.7699999809265137,1.7899999618530273,19600,0.0,0.0
2024-10-07 00:00:00-04:00,1.812000036239624,1.899999976158142,1.809999942779541,1.8200000524520874,17000,0.0,0.0
2024-10-08 00:00:00-04:00,1.8300000429153442,1.8300000429153442,1.7899999618530273,1.7899999618530273,14200,0.0,0.0
2024-10-09 00:00:00-04:00,1.8300000429153442,1.909999966621399,1.7710000276565552,1.7899999618530273,22200,0.0,0.0
2024-10-10 00:00:00-04:00,1.7599999904632568,1.843999981880188,1.75,1.75,12800,0.0,0.0
2024-10-11 00:00:00-04:00,1.75,1.7699999809265137,1.7300000190734863,1.7400000095367432,2600,0.0,0.0
2024-10-14 00:00:00-04:00,1.7400000095367432,1.7599999904632568,1.7309999465942383,1.75,5300,0.0,0.0
2024-10-15 00:00:00-04:00,1.7599999904632568,1.7599999904632568,1.7000000476837158,1.7400000095367432,11100,0.0,0.0
2024-10-16 00:00:00-04:00,1.690000057220459,1.9600000381469727,1.6799999475479126,1.9600000381469727,45700,0.0,0.0
2024-10-17 00:00:00-04:00,1.9299999475479126,1.9900000095367432,1.8389999866485596,1.9199999570846558,49600,0.0,0.0
2024-10-18 00:00:00-04:00,1.9299999475479126,2.119999885559082,1.899999976158142,2.109999895095825,27327,0.0,0.0
