Date,Open,High,Low,Close,Volume,Dividends,Stock Splits,Capital Gains
2017-07-14 00:00:00-04:00,40.39163589477539,40.39163589477539,40.39163589477539,40.39163589477539,100,0.0,0.0,0.0
2017-07-17 00:00:00-04:00,40.39163589477539,40.39163589477539,40.39163589477539,40.39163589477539,100,0.0,0.0,0.0
2017-07-18 00:00:00-04:00,40.39163589477539,40.39163589477539,40.39163589477539,40.39163589477539,100,0.0,0.0,0.0
2017-07-19 00:00:00-04:00,40.39163589477539,40.39163589477539,40.39163589477539,40.39163589477539,0,0.0,0.0,0.0
2017-07-20 00:00:00-04:00,40.39163589477539,40.39163589477539,40.39163589477539,40.39163589477539,2000,0.0,0.0,0.0
2017-07-21 00:00:00-04:00,40.527584075927734,40.527584075927734,40.527584075927734,40.527584075927734,100,0.0,0.0,0.0
2017-07-24 00:00:00-04:00,40.527584075927734,40.527584075927734,40.527584075927734,40.527584075927734,100,0.0,0.0,0.0
2017-07-25 00:00:00-04:00,40.527584075927734,40.527584075927734,40.527584075927734,40.527584075927734,0,0.0,0.0,0.0
2017-07-26 00:00:00-04:00,40.527584075927734,40.527584075927734,40.527584075927734,40.527584075927734,100,0.0,0.0,0.0
2017-07-27 00:00:00-04:00,40.527584075927734,40.527584075927734,40.527584075927734,40.527584075927734,100,0.0,0.0,0.0
2017-07-28 00:00:00-04:00,40.69557189941406,40.69557189941406,40.69557189941406,40.69557189941406,200,0.0,0.0,0.0
2017-07-31 00:00:00-04:00,40.71955490112305,40.71955490112305,40.71955490112305,40.71955490112305,200,0.0,0.0,0.0
2017-08-01 00:00:00-04:00,40.783546447753906,40.783546447753906,40.783546447753906,40.783546447753906,100,0.0,0.0,0.0
2017-08-02 00:00:00-04:00,40.791542053222656,40.791542053222656,40.791542053222656,40.791542053222656,100,0.0,0.0,0.0
2017-08-03 00:00:00-04:00,40.79954147338867,40.79954147338867,40.791544473830136,40.79954147338867,600,0.0,0.0,0.0
2017-08-04 00:00:00-04:00,40.79954147338867,40.79954147338867,40.79954147338867,40.79954147338867,0,0.0,0.0,0.0
2017-08-07 00:00:00-04:00,40.79954147338867,40.79954147338867,40.79954147338867,40.79954147338867,0,0.0,0.0,0.0
2017-08-08 00:00:00-04:00,40.79954147338867,40.79954147338867,40.79954147338867,40.79954147338867,0,0.0,0.0,0.0
2017-08-09 00:00:00-04:00,40.79954147338867,40.79954147338867,40.79954147338867,40.79954147338867,0,0.0,0.0,0.0
2017-08-10 00:00:00-04:00,40.45561599731445,40.45561599731445,40.45561599731445,40.45561599731445,200,0.0,0.0,0.0
2017-08-11 00:00:00-04:00,40.39961580094289,41.55937576293945,40.39961580094289,41.55937576293945,15300,0.0,0.0,0.0
2017-08-14 00:00:00-04:00,40.55159378051758,40.55159378051758,40.55159378051758,40.55159378051758,200,0.0,0.0,0.0
2017-08-15 00:00:00-04:00,40.559574656191145,40.559574656191145,40.55477523803711,40.55477523803711,200,0.0,0.0,0.0
2017-08-16 00:00:00-04:00,40.55477523803711,40.55477523803711,40.55477523803711,40.55477523803711,100,0.0,0.0,0.0
2017-08-17 00:00:00-04:00,40.55477523803711,40.55477523803711,40.55477523803711,40.55477523803711,100,0.0,0.0,0.0
2017-08-18 00:00:00-04:00,40.59158846124034,40.59158846124034,40.58278901516278,40.58359146118164,800,0.0,0.0,0.0
2017-08-21 00:00:00-04:00,40.55158412686768,40.55158412686768,40.5491828918457,40.5491828918457,15400,0.0,0.0,0.0
2017-08-22 00:00:00-04:00,40.68197250366211,40.68197250366211,40.68197250366211,40.68197250366211,200,0.0,0.0,0.0
2017-08-23 00:00:00-04:00,40.68197250366211,40.68197250366211,40.68197250366211,40.68197250366211,0,0.0,0.0,0.0
2017-08-24 00:00:00-04:00,40.73555374145508,40.73555374145508,40.73555374145508,40.73555374145508,100,0.0,0.0,0.0
2017-08-25 00:00:00-04:00,40.73555374145508,40.73555374145508,40.73555374145508,40.73555374145508,100,0.0,0.0,0.0
2017-08-28 00:00:00-04:00,40.79554522668374,40.825138092041016,40.79154520127046,40.825138092041016,600,0.0,0.0,0.0
2017-08-29 00:00:00-04:00,40.78593444824219,40.78593444824219,40.78593444824219,40.78593444824219,400,0.0,0.0,0.0
2017-08-30 00:00:00-04:00,40.78593444824219,40.78593444824219,40.78593444824219,40.78593444824219,0,0.0,0.0,0.0
2017-08-31 00:00:00-04:00,40.78593444824219,40.78593444824219,40.78593444824219,40.78593444824219,0,0.0,0.0,0.0
2017-09-01 00:00:00-04:00,41.01231002807617,41.01231002807617,41.01231002807617,41.01231002807617,300,0.364,0.0,0.0
2017-09-05 00:00:00-04:00,41.01231396518683,41.01231396518683,40.9398112245482,40.94142150878906,1500,0.0,0.0,0.0
2017-09-06 00:00:00-04:00,40.99620056152344,40.99620056152344,40.99620056152344,40.99620056152344,300,0.0,0.0,0.0
2017-09-07 00:00:00-04:00,41.02842330932617,41.02842330932617,41.02842330932617,41.02842330932617,400,0.0,0.0,0.0
2017-09-08 00:00:00-04:00,40.933367685875446,40.933367685875446,40.914031982421875,40.914031982421875,1100,0.0,0.0,0.0
2017-09-11 00:00:00-04:00,41.02036666870117,41.02036666870117,41.02036666870117,41.02036666870117,200,0.0,0.0,0.0
2017-09-12 00:00:00-04:00,41.02036666870117,41.02036666870117,41.02036666870117,41.02036666870117,100,0.0,0.0,0.0
2017-09-13 00:00:00-04:00,41.028427893166665,41.06870651245117,41.028427893166665,41.06870651245117,1500,0.0,0.0,0.0
2017-09-14 00:00:00-04:00,41.07676148488056,41.084815979003906,41.07676148488056,41.084815979003906,200,0.0,0.0,0.0
2017-09-15 00:00:00-04:00,41.09286103177091,41.141197204589844,41.09286103177091,41.141197204589844,30000,0.0,0.0,0.0
2017-09-18 00:00:00-04:00,41.125099182128906,41.125099182128906,41.125099182128906,41.125099182128906,10500,0.0,0.0,0.0
2017-09-19 00:00:00-04:00,41.16537260923969,41.16537260923969,41.14926362122907,41.157318115234375,2300,0.0,0.0,0.0
2017-09-20 00:00:00-04:00,41.15006998280908,41.173431396484375,41.14926484069083,41.173431396484375,800,0.0,0.0,0.0
2017-09-21 00:00:00-04:00,41.173431396484375,41.173431396484375,41.173431396484375,41.173431396484375,100,0.0,0.0,0.0
2017-09-22 00:00:00-04:00,41.173431396484375,41.173431396484375,41.173431396484375,41.173431396484375,10300,0.0,0.0,0.0
2017-09-25 00:00:00-04:00,41.141207273385305,41.173431396484375,41.141207273385305,41.173431396484375,700,0.0,0.0,0.0
2017-09-26 00:00:00-04:00,41.21371078491211,41.21371078491211,41.21371078491211,41.21371078491211,100,0.0,0.0,0.0
2017-09-27 00:00:00-04:00,41.229820251464844,41.229820251464844,41.229820251464844,41.229820251464844,100,0.0,0.0,0.0
2017-09-28 00:00:00-04:00,41.26205322640319,41.26205322640319,41.245941162109375,41.245941162109375,1700,0.0,0.0,0.0
2017-09-29 00:00:00-04:00,41.31843566894531,41.31843566894531,41.31843566894531,41.31843566894531,200,0.0,0.0,0.0
2017-10-02 00:00:00-04:00,41.141197204589844,41.141197204589844,41.141197204589844,41.141197204589844,100,0.0,0.0,0.0
2017-10-03 00:00:00-04:00,41.117031376723276,41.1387825012207,41.117031376723276,41.1387825012207,1000,0.0,0.0,0.0
2017-10-04 00:00:00-04:00,41.14120268670542,41.14120268670542,41.133148193359375,41.133148193359375,300,0.0,0.0,0.0
2017-10-05 00:00:00-04:00,41.133148193359375,41.133148193359375,41.133148193359375,41.133148193359375,0,0.0,0.0,0.0
2017-10-06 00:00:00-04:00,41.133148193359375,41.133148193359375,41.133148193359375,41.133148193359375,0,0.0,0.0,0.0
2017-10-09 00:00:00-04:00,41.165367126464844,41.165367126464844,41.165367126464844,41.165367126464844,200,0.0,0.0,0.0
2017-10-10 00:00:00-04:00,41.193563720371365,41.204036712646484,41.193563720371365,41.204036712646484,900,0.0,0.0,0.0
2017-10-11 00:00:00-04:00,41.184715270996094,41.184715270996094,41.184715270996094,41.184715270996094,100,0.0,0.0,0.0
2017-10-12 00:00:00-04:00,41.18954086303711,41.18954086303711,41.18954086303711,41.18954086303711,300,0.0,0.0,0.0
2017-10-13 00:00:00-04:00,41.21774673461914,41.21774673461914,41.21774673461914,41.21774673461914,200,0.0,0.0,0.0
2017-10-16 00:00:00-04:00,41.19759872306113,41.221765279306815,41.19759872306113,41.21371078491211,900,0.0,0.0,0.0
2017-10-17 00:00:00-04:00,41.229820251464844,41.229820251464844,41.229820251464844,41.229820251464844,200,0.0,0.0,0.0
2017-10-18 00:00:00-04:00,41.35065674925985,41.35871124267578,41.35065674925985,41.35871124267578,500,0.0,0.0,0.0
2017-10-19 00:00:00-04:00,41.35871124267578,41.35871124267578,41.35871124267578,41.35871124267578,100,0.0,0.0,0.0
2017-10-20 00:00:00-04:00,41.35871124267578,41.35871124267578,41.35871124267578,41.35871124267578,100,0.0,0.0,0.0
2017-10-23 00:00:00-04:00,41.43121337890625,41.43121337890625,41.43121337890625,41.43121337890625,300,0.0,0.0,0.0
2017-10-24 00:00:00-04:00,41.378843087057255,41.390926361083984,41.378843087057255,41.390926361083984,600,0.0,0.0,0.0
2017-10-25 00:00:00-04:00,41.245941162109375,41.245941162109375,41.245941162109375,41.245941162109375,1000,0.0,0.0,0.0
2017-10-26 00:00:00-04:00,41.310384512348165,41.310384512348165,41.302330017089844,41.302330017089844,700,0.0,0.0,0.0
2017-10-27 00:00:00-04:00,41.302330017089844,41.302330017089844,41.302330017089844,41.302330017089844,0,0.0,0.0,0.0
2017-10-30 00:00:00-04:00,41.35066636988732,41.35066636988732,41.25399398803711,41.25399398803711,1700,0.0,0.0,0.0
2017-10-31 00:00:00-04:00,41.25399398803711,41.25399398803711,41.25399398803711,41.25399398803711,0,0.0,0.0,0.0
2017-11-01 00:00:00-04:00,41.3211555480957,41.3211555480957,41.3211555480957,41.3211555480957,400,0.233,0.0,0.0
2017-11-02 00:00:00-04:00,41.312255859375,41.312255859375,41.312255859375,41.312255859375,1000,0.0,0.0,0.0
2017-11-03 00:00:00-04:00,41.33735605642544,41.33735605642544,41.302555084228516,41.302555084228516,500,0.0,0.0,0.0
2017-11-06 00:00:00-05:00,41.2645149230957,41.2645149230957,41.2645149230957,41.2645149230957,200,0.0,0.0,0.0
2017-11-07 00:00:00-05:00,41.2645149230957,41.2645149230957,41.2645149230957,41.2645149230957,0,0.0,0.0,0.0
2017-11-08 00:00:00-05:00,41.28879165649414,41.28879165649414,41.28879165649414,41.28879165649414,100,0.0,0.0,0.0
2017-11-09 00:00:00-05:00,41.28879165649414,41.28879165649414,41.28879165649414,41.28879165649414,100,0.0,0.0,0.0
2017-11-10 00:00:00-05:00,40.924617767333984,40.924617767333984,40.924617767333984,40.924617767333984,100,0.0,0.0,0.0
2017-11-13 00:00:00-05:00,40.924617767333984,40.924617767333984,40.924617767333984,40.924617767333984,500,0.0,0.0,0.0
2017-11-14 00:00:00-05:00,40.77246856689453,40.77246856689453,40.77246856689453,40.77246856689453,200,0.0,0.0,0.0
2017-11-15 00:00:00-05:00,40.77246856689453,40.77246856689453,40.77246856689453,40.77246856689453,100,0.0,0.0,0.0
2017-11-16 00:00:00-05:00,41.01362609863281,41.01362609863281,41.01362609863281,41.01362609863281,100,0.0,0.0,0.0
2017-11-17 00:00:00-05:00,41.04601287841797,41.04601287841797,41.04601287841797,41.04601287841797,2300,0.0,0.0,0.0
2017-11-20 00:00:00-05:00,41.07028579711914,41.07028579711914,41.07028579711914,41.07028579711914,100,0.0,0.0,0.0
2017-11-21 00:00:00-05:00,41.07028579711914,41.07028579711914,41.07028579711914,41.07028579711914,0,0.0,0.0,0.0
2017-11-22 00:00:00-05:00,41.1997640315056,41.24022674560547,41.1997640315056,41.24022674560547,400,0.0,0.0,0.0
2017-11-24 00:00:00-05:00,41.28879165649414,41.28879165649414,41.28879165649414,41.28879165649414,300,0.0,0.0,0.0
2017-11-27 00:00:00-05:00,41.21272274263755,41.22405242919922,41.20382261011513,41.22405242919922,1900,0.0,0.0,0.0
2017-11-28 00:00:00-05:00,41.22405242919922,41.22405242919922,41.22405242919922,41.22405242919922,0,0.0,0.0,0.0
2017-11-29 00:00:00-05:00,41.159297943115234,41.159297943115234,41.159297943115234,41.159297943115234,100,0.0,0.0,0.0
2017-11-30 00:00:00-05:00,41.228904852561854,41.28879165649414,41.228904852561854,41.28879165649414,400,0.0,0.0,0.0
2017-12-01 00:00:00-05:00,41.27658551835672,41.27658551835672,41.17089317726643,41.19934844970703,600,0.235,0.0,0.0
2017-12-04 00:00:00-05:00,41.19934844970703,41.19934844970703,41.19934844970703,41.19934844970703,0,0.0,0.0,0.0
2017-12-05 00:00:00-05:00,41.19934844970703,41.19934844970703,41.19934844970703,41.19934844970703,100,0.0,0.0,0.0
2017-12-06 00:00:00-05:00,41.21968460083008,41.21968460083008,41.21968460083008,41.21968460083008,300,0.0,0.0,0.0
2017-12-07 00:00:00-05:00,41.24406433105469,41.24406433105469,41.24406433105469,41.24406433105469,200,0.0,0.0,0.0
2017-12-08 00:00:00-05:00,41.24406433105469,41.24406433105469,41.24406433105469,41.24406433105469,100,0.0,0.0,0.0
2017-12-11 00:00:00-05:00,41.25220489501953,41.25220489501953,41.25220489501953,41.25220489501953,300,0.0,0.0,0.0
2017-12-12 00:00:00-05:00,41.25220489501953,41.25220489501953,41.25220489501953,41.25220489501953,100,0.0,0.0,0.0
2017-12-13 00:00:00-05:00,41.33269500732422,41.33269500732422,41.33269500732422,41.33269500732422,300,0.0,0.0,0.0
2017-12-14 00:00:00-05:00,41.382270251596346,41.382270251596346,41.33348846435547,41.33348846435547,1200,0.0,0.0,0.0
2017-12-15 00:00:00-05:00,41.29285430908203,41.29285430908203,41.29285430908203,41.29285430908203,400,0.0,0.0,0.0
2017-12-18 00:00:00-05:00,41.29285430908203,41.29285430908203,41.29285430908203,41.29285430908203,100,0.0,0.0,0.0
2017-12-19 00:00:00-05:00,41.29285430908203,41.29285430908203,41.29285430908203,41.29285430908203,0,0.0,0.0,0.0
2017-12-20 00:00:00-05:00,41.260324929795054,41.260324929795054,41.24406433105469,41.24406433105469,500,0.0,0.0,0.0
2017-12-21 00:00:00-05:00,41.345481872558594,41.345481872558594,41.345481872558594,41.345481872558594,400,0.304,0.0,0.0
2017-12-22 00:00:00-05:00,41.32094192504883,41.32094192504883,41.32094192504883,41.32094192504883,200,0.0,0.0,0.0
2017-12-26 00:00:00-05:00,41.35285949707031,41.35285949707031,41.35285949707031,41.35285949707031,200,0.0,0.0,0.0
2017-12-27 00:00:00-05:00,41.35285949707031,41.35285949707031,41.35285949707031,41.35285949707031,0,0.0,0.0,0.0
2017-12-28 00:00:00-05:00,41.36922073364258,41.36922073364258,41.36922073364258,41.36922073364258,200,0.0,0.0,0.0
2017-12-29 00:00:00-05:00,41.45999526977539,41.45999526977539,41.45999526977539,41.45999526977539,200,0.0,0.0,0.0
2018-01-02 00:00:00-05:00,41.427284240722656,41.427284240722656,41.427284240722656,41.427284240722656,200,0.0,0.0,0.0
2018-01-03 00:00:00-05:00,41.492711209735845,41.62357711791992,41.492711209735845,41.62357711791992,600,0.0,0.0,0.0
2018-01-04 00:00:00-05:00,41.648109436035156,41.648109436035156,41.648109436035156,41.648109436035156,200,0.0,0.0,0.0
2018-01-05 00:00:00-05:00,41.78715896606445,41.78715896606445,41.78715896606445,41.78715896606445,200,0.0,0.0,0.0
2018-01-08 00:00:00-05:00,41.78715896606445,41.78715896606445,41.78715896606445,41.78715896606445,100,0.0,0.0,0.0
2018-01-09 00:00:00-05:00,41.75691228959138,41.78717404629755,41.73809814453125,41.73809814453125,1100,0.0,0.0,0.0
2018-01-10 00:00:00-05:00,41.648112097368475,41.648112097368475,41.590858459472656,41.590858459472656,200,0.0,0.0,0.0
2018-01-11 00:00:00-05:00,41.77079909608175,41.77079909608175,41.745445251464844,41.745445251464844,800,0.0,0.0,0.0
2018-01-12 00:00:00-05:00,41.75691228959138,41.75691228959138,41.73809814453125,41.73809814453125,500,0.0,0.0,0.0
2018-01-16 00:00:00-05:00,41.68082809448242,41.68082809448242,41.68082809448242,41.68082809448242,500,0.0,0.0,0.0
2018-01-17 00:00:00-05:00,41.68082809448242,41.68082809448242,41.68082809448242,41.68082809448242,0,0.0,0.0,0.0
2018-01-18 00:00:00-05:00,41.69719314575195,41.69719314575195,41.69719314575195,41.69719314575195,200,0.0,0.0,0.0
2018-01-19 00:00:00-05:00,41.71355292091112,41.75444793701172,41.69719429045294,41.75444793701172,30500,0.0,0.0,0.0
2018-01-22 00:00:00-05:00,41.770805611154884,41.770805611154884,41.742178788530886,41.74626922607422,900,0.0,0.0,0.0
2018-01-23 00:00:00-05:00,41.74626922607422,41.74626922607422,41.74626922607422,41.74626922607422,0,0.0,0.0,0.0
2018-01-24 00:00:00-05:00,41.74626922607422,41.74626922607422,41.74626922607422,41.74626922607422,0,0.0,0.0,0.0
2018-01-25 00:00:00-05:00,41.83625030517578,41.83625030517578,41.83625030517578,41.83625030517578,700,0.0,0.0,0.0
2018-01-26 00:00:00-05:00,41.87713092582758,41.87713092582758,41.859954833984375,41.859954833984375,500,0.0,0.0,0.0
2018-01-29 00:00:00-05:00,41.859954833984375,41.859954833984375,41.859954833984375,41.859954833984375,0,0.0,0.0,0.0
2018-01-30 00:00:00-05:00,41.859954833984375,41.859954833984375,41.859954833984375,41.859954833984375,0,0.0,0.0,0.0
2018-01-31 00:00:00-05:00,41.68084126161075,41.68084126161075,41.61540985107422,41.61540985107422,2600,0.0,0.0,0.0
2018-02-01 00:00:00-05:00,41.60799996583705,41.61621177324457,41.51765441894531,41.51765441894531,7300,0.211,0.0,0.0
2018-02-02 00:00:00-05:00,41.51765441894531,41.51765441894531,41.51765441894531,41.51765441894531,100,0.0,0.0,0.0
2018-02-05 00:00:00-05:00,41.51765441894531,41.51765441894531,41.51765441894531,41.51765441894531,100,0.0,0.0,0.0
2018-02-06 00:00:00-05:00,41.51765441894531,41.51765441894531,41.51765441894531,41.51765441894531,0,0.0,0.0,0.0
2018-02-07 00:00:00-05:00,41.23841409969523,41.25484085083008,41.23841409969523,41.25484085083008,400,0.0,0.0,0.0
2018-02-08 00:00:00-05:00,40.94519997696476,40.94519997696476,40.88113784790039,40.88113784790039,400,0.0,0.0,0.0
2018-02-09 00:00:00-05:00,40.498407427391726,40.498407427391726,40.449951171875,40.449951171875,1100,0.0,0.0,0.0
2018-02-12 00:00:00-05:00,40.449951171875,40.449951171875,40.449951171875,40.449951171875,100,0.0,0.0,0.0
2018-02-13 00:00:00-05:00,40.77849197387695,40.77849197387695,40.77849197387695,40.77849197387695,300,0.0,0.0,0.0
2018-02-14 00:00:00-05:00,40.77849197387695,40.77849197387695,40.77849197387695,40.77849197387695,0,0.0,0.0,0.0
2018-02-15 00:00:00-05:00,41.06593238563119,41.16448974609375,41.06593238563119,41.16448974609375,200,0.0,0.0,0.0
2018-02-16 00:00:00-05:00,41.29508590698242,41.29508590698242,41.29508590698242,41.29508590698242,100,0.0,0.0,0.0
2018-02-20 00:00:00-05:00,41.29508590698242,41.29508590698242,41.29508590698242,41.29508590698242,0,0.0,0.0,0.0
2018-02-21 00:00:00-05:00,41.29508590698242,41.29508590698242,41.29508590698242,41.29508590698242,0,0.0,0.0,0.0
2018-02-22 00:00:00-05:00,41.29508590698242,41.29508590698242,41.29508590698242,41.29508590698242,0,0.0,0.0,0.0
2018-02-23 00:00:00-05:00,41.29508590698242,41.29508590698242,41.29508590698242,41.29508590698242,0,0.0,0.0,0.0
2018-02-26 00:00:00-05:00,41.29508590698242,41.29508590698242,41.29508590698242,41.29508590698242,0,0.0,0.0,0.0
2018-02-27 00:00:00-05:00,41.29508590698242,41.29508590698242,41.29508590698242,41.29508590698242,0,0.0,0.0,0.0
2018-02-28 00:00:00-05:00,41.271258733089084,41.30329136088085,41.246620178222656,41.246620178222656,2200,0.0,0.0,0.0
2018-03-01 00:00:00-05:00,41.246620178222656,41.246620178222656,41.246620178222656,41.246620178222656,100,0.23,0.0,0.0
2018-03-02 00:00:00-05:00,40.924844675881005,41.01560592651367,40.924844675881005,41.01560592651367,400,0.0,0.0,0.0
2018-03-05 00:00:00-05:00,41.01560592651367,41.01560592651367,41.01560592651367,41.01560592651367,100,0.0,0.0,0.0
2018-03-06 00:00:00-05:00,41.01560592651367,41.01560592651367,41.01560592651367,41.01560592651367,0,0.0,0.0,0.0
2018-03-07 00:00:00-05:00,41.147613525390625,41.147613525390625,41.147613525390625,41.147613525390625,500,0.0,0.0,0.0
2018-03-08 00:00:00-05:00,41.147613525390625,41.147613525390625,41.147613525390625,41.147613525390625,100,0.0,0.0,0.0
2018-03-09 00:00:00-05:00,41.147613525390625,41.147613525390625,41.147613525390625,41.147613525390625,0,0.0,0.0,0.0
2018-03-12 00:00:00-04:00,41.21281433105469,41.21281433105469,41.21281433105469,41.21281433105469,300,0.0,0.0,0.0
2018-03-13 00:00:00-04:00,41.21281433105469,41.21281433105469,41.21281433105469,41.21281433105469,0,0.0,0.0,0.0
2018-03-14 00:00:00-04:00,41.21281433105469,41.21281433105469,41.21281433105469,41.21281433105469,0,0.0,0.0,0.0
2018-03-15 00:00:00-04:00,41.21281433105469,41.21281433105469,41.21281433105469,41.21281433105469,0,0.0,0.0,0.0
2018-03-16 00:00:00-04:00,41.21281433105469,41.21281433105469,41.21281433105469,41.21281433105469,0,0.0,0.0,0.0
2018-03-19 00:00:00-04:00,41.21281433105469,41.21281433105469,41.21281433105469,41.21281433105469,100,0.0,0.0,0.0
2018-03-20 00:00:00-04:00,41.0494384765625,41.0494384765625,41.0494384765625,41.0494384765625,100,0.0,0.0,0.0
2018-03-21 00:00:00-04:00,41.0494384765625,41.0494384765625,41.0494384765625,41.0494384765625,0,0.0,0.0,0.0
2018-03-22 00:00:00-04:00,41.0494384765625,41.0494384765625,41.0494384765625,41.0494384765625,0,0.0,0.0,0.0
2018-03-23 00:00:00-04:00,40.866268157958984,40.866268157958984,40.866268157958984,40.866268157958984,600,0.0,0.0,0.0
2018-03-26 00:00:00-04:00,40.866268157958984,40.866268157958984,40.866268157958984,40.866268157958984,100,0.0,0.0,0.0
2018-03-27 00:00:00-04:00,40.866268157958984,40.866268157958984,40.866268157958984,40.866268157958984,0,0.0,0.0,0.0
2018-03-28 00:00:00-04:00,40.866268157958984,40.866268157958984,40.866268157958984,40.866268157958984,100,0.0,0.0,0.0
2018-03-29 00:00:00-04:00,41.04861831665039,41.065120651462436,41.04861831665039,41.04861831665039,1700,0.0,0.0,0.0
2018-04-02 00:00:00-04:00,41.04861831665039,41.04861831665039,41.04861831665039,41.04861831665039,200,0.241,0.0,0.0
2018-04-03 00:00:00-04:00,40.96651840209961,40.96651840209961,40.96651840209961,40.96651840209961,200,0.0,0.0,0.0
2018-04-04 00:00:00-04:00,40.88361740112305,40.88361740112305,40.88361740112305,40.88361740112305,100,0.0,0.0,0.0
2018-04-05 00:00:00-04:00,41.13483428955078,41.13483428955078,41.13483428955078,41.13483428955078,1000,0.0,0.0,0.0
2018-04-06 00:00:00-04:00,41.13483428955078,41.13483428955078,41.13483428955078,41.13483428955078,0,0.0,0.0,0.0
2018-04-09 00:00:00-04:00,41.182098388671875,41.182098388671875,41.182098388671875,41.182098388671875,400,0.0,0.0,0.0
2018-04-10 00:00:00-04:00,41.182098388671875,41.182098388671875,41.182098388671875,41.182098388671875,0,0.0,0.0,0.0
2018-04-11 00:00:00-04:00,41.182098388671875,41.182098388671875,41.182098388671875,41.182098388671875,0,0.0,0.0,0.0
2018-04-12 00:00:00-04:00,41.3562126159668,41.3562126159668,41.3562126159668,41.3562126159668,0,0.0,0.0,0.0
2018-04-13 00:00:00-04:00,41.48887211551672,41.497161865234375,41.48887211551672,41.497161865234375,300,0.0,0.0,0.0
2018-04-16 00:00:00-04:00,41.61323165893555,41.61323165893555,41.61323165893555,41.61323165893555,500,0.0,0.0,0.0
2018-04-17 00:00:00-04:00,41.61323165893555,41.61323165893555,41.61323165893555,41.61323165893555,100,0.0,0.0,0.0
2018-04-18 00:00:00-04:00,41.604942321777344,41.604942321777344,41.604942321777344,41.604942321777344,200,0.0,0.0,0.0
2018-04-19 00:00:00-04:00,41.50544738769531,41.50544738769531,41.50544738769531,41.50544738769531,200,0.0,0.0,0.0
2018-04-20 00:00:00-04:00,41.50544738769531,41.50544738769531,41.50544738769531,41.50544738769531,100,0.0,0.0,0.0
2018-04-23 00:00:00-04:00,41.3147513522233,41.35620641887092,41.24842071533203,41.24842071533203,900,0.0,0.0,0.0
2018-04-24 00:00:00-04:00,41.24842071533203,41.24842071533203,41.24842071533203,41.24842071533203,100,0.0,0.0,0.0
2018-04-25 00:00:00-04:00,41.09918646211934,41.09918646211934,41.0494384765625,41.0494384765625,300,0.0,0.0,0.0
2018-04-26 00:00:00-04:00,41.0494384765625,41.0494384765625,41.0494384765625,41.0494384765625,100,0.0,0.0,0.0
2018-04-27 00:00:00-04:00,41.0494384765625,41.0494384765625,41.0494384765625,41.0494384765625,0,0.0,0.0,0.0
2018-04-30 00:00:00-04:00,41.0494384765625,41.0494384765625,41.0494384765625,41.0494384765625,0,0.0,0.0,0.0
2018-05-01 00:00:00-04:00,41.24186325073242,41.24186325073242,41.24186325073242,41.24186325073242,0,0.231,0.0,0.0
2018-05-02 00:00:00-04:00,41.049442291259766,41.049442291259766,41.049442291259766,41.049442291259766,100,0.0,0.0,0.0
2018-05-03 00:00:00-04:00,41.049442291259766,41.049442291259766,41.049442291259766,41.049442291259766,100,0.0,0.0,0.0
2018-05-04 00:00:00-04:00,41.19187927246094,41.19187927246094,41.19187927246094,41.19187927246094,100,0.0,0.0,0.0
2018-05-07 00:00:00-04:00,41.19188147632624,41.20854187011719,41.19188147632624,41.20854187011719,800,0.0,0.0,0.0
2018-05-08 00:00:00-04:00,41.20854187011719,41.20854187011719,41.20854187011719,41.20854187011719,100,0.0,0.0,0.0
2018-05-09 00:00:00-04:00,41.20854187011719,41.20854187011719,41.20854187011719,41.20854187011719,0,0.0,0.0,0.0
2018-05-10 00:00:00-04:00,41.27599979198936,41.33347702026367,41.27599979198936,41.33347702026367,1100,0.0,0.0,0.0
2018-05-11 00:00:00-04:00,41.27518844604492,41.27518844604492,41.27518844604492,41.27518844604492,100,0.0,0.0,0.0
2018-05-14 00:00:00-04:00,41.27518844604492,41.27518844604492,41.27518844604492,41.27518844604492,100,0.0,0.0,0.0
2018-05-15 00:00:00-04:00,41.19187927246094,41.19187927246094,41.19187927246094,41.19187927246094,100,0.0,0.0,0.0
2018-05-16 00:00:00-04:00,41.17521667480469,41.17521667480469,41.17521667480469,41.17521667480469,100,0.0,0.0,0.0
2018-05-17 00:00:00-04:00,41.14189910888672,41.14189910888672,41.14189910888672,41.14189910888672,100,0.0,0.0,0.0
2018-05-18 00:00:00-04:00,41.14189910888672,41.14189910888672,41.14189910888672,41.14189910888672,0,0.0,0.0,0.0
2018-05-21 00:00:00-04:00,41.14189910888672,41.14189910888672,41.14189910888672,41.14189910888672,100,0.0,0.0,0.0
2018-05-22 00:00:00-04:00,41.25019503721226,41.25019503721226,41.24186325073242,41.24186325073242,400,0.0,0.0,0.0
2018-05-23 00:00:00-04:00,41.24186325073242,41.24186325073242,41.24186325073242,41.24186325073242,0,0.0,0.0,0.0
2018-05-24 00:00:00-04:00,41.24186325073242,41.24186325073242,41.24186325073242,41.24186325073242,400,0.0,0.0,0.0
2018-05-25 00:00:00-04:00,41.20854396911211,41.20854396911211,41.18355178833008,41.18355178833008,200,0.0,0.0,0.0
2018-05-29 00:00:00-04:00,41.18355178833008,41.18355178833008,41.18355178833008,41.18355178833008,0,0.0,0.0,0.0
2018-05-30 00:00:00-04:00,41.149396253885214,41.16688919067383,41.149396253885214,41.16688919067383,900,0.0,0.0,0.0
2018-05-31 00:00:00-04:00,41.15856170654297,41.15856170654297,41.15856170654297,41.15856170654297,200,0.0,0.0,0.0
2018-06-01 00:00:00-04:00,41.2414436340332,41.2414436340332,41.2414436340332,41.2414436340332,200,0.249,0.0,0.0
2018-06-04 00:00:00-04:00,41.2414436340332,41.2414436340332,41.2414436340332,41.2414436340332,0,0.0,0.0,0.0
2018-06-05 00:00:00-04:00,41.2414436340332,41.2414436340332,41.2414436340332,41.2414436340332,100,0.0,0.0,0.0
2018-06-06 00:00:00-04:00,41.38795852661133,41.38795852661133,41.38795852661133,41.38795852661133,300,0.0,0.0,0.0
2018-06-07 00:00:00-04:00,41.459129681830305,41.459129681830305,41.41057205200195,41.41057205200195,2200,0.0,0.0,0.0
2018-06-08 00:00:00-04:00,41.41057205200195,41.41057205200195,41.41057205200195,41.41057205200195,100,0.0,0.0,0.0
2018-06-11 00:00:00-04:00,41.42564010620117,41.42647686619926,41.42564010620117,41.42564010620117,3000,0.0,0.0,0.0
2018-06-12 00:00:00-04:00,41.42564010620117,41.42564010620117,41.42564010620117,41.42564010620117,0,0.0,0.0,0.0
2018-06-13 00:00:00-04:00,41.52610778808594,41.52610778808594,41.52610778808594,41.52610778808594,200,0.0,0.0,0.0
2018-06-14 00:00:00-04:00,41.52610778808594,41.52610778808594,41.52610778808594,41.52610778808594,0,0.0,0.0,0.0
2018-06-15 00:00:00-04:00,41.5428352355957,41.5428352355957,41.5428352355957,41.5428352355957,100,0.0,0.0,0.0
2018-06-18 00:00:00-04:00,41.567962646484375,41.567962646484375,41.567962646484375,41.567962646484375,800,0.0,0.0,0.0
2018-06-19 00:00:00-04:00,41.45076128564471,41.50099563598633,41.45076128564471,41.50099563598633,700,0.0,0.0,0.0
2018-06-20 00:00:00-04:00,41.582195073113944,41.5847053527832,41.57800807992514,41.5847053527832,1500,0.0,0.0,0.0
2018-06-21 00:00:00-04:00,41.56796640048507,41.56796640048507,41.509361267089844,41.509361267089844,600,0.0,0.0,0.0
2018-06-22 00:00:00-04:00,41.509361267089844,41.509361267089844,41.509361267089844,41.509361267089844,0,0.0,0.0,0.0
2018-06-25 00:00:00-04:00,41.509361267089844,41.509361267089844,41.509361267089844,41.509361267089844,100,0.0,0.0,0.0
2018-06-26 00:00:00-04:00,41.450748443603516,41.450748443603516,41.450748443603516,41.450748443603516,700,0.0,0.0,0.0
2018-06-27 00:00:00-04:00,41.417266845703125,41.417266845703125,41.417266845703125,41.417266845703125,100,0.0,0.0,0.0
2018-06-28 00:00:00-04:00,41.20795874070289,41.357818603515625,41.20795874070289,41.357818603515625,1500,0.0,0.0,0.0
2018-06-29 00:00:00-04:00,41.21632519844218,41.21632519844218,41.20795440673828,41.20795440673828,300,0.0,0.0,0.0
2018-07-02 00:00:00-04:00,41.17683029174805,41.17683029174805,41.17683029174805,41.17683029174805,100,0.243,0.0,0.0
2018-07-03 00:00:00-04:00,41.21889877319336,41.21889877319336,41.21889877319336,41.21889877319336,200,0.0,0.0,0.0
2018-07-05 00:00:00-04:00,41.227299187294484,41.26936721801758,41.227299187294484,41.26936721801758,500,0.0,0.0,0.0
2018-07-06 00:00:00-04:00,41.26936721801758,41.26936721801758,41.26936721801758,41.26936721801758,0,0.0,0.0,0.0
2018-07-09 00:00:00-04:00,41.33668987392989,41.42082595825195,41.33668987392989,41.42082595825195,1300,0.0,0.0,0.0
2018-07-10 00:00:00-04:00,41.45447067599482,41.45447067599482,41.4182922335279,41.43680191040039,1800,0.0,0.0,0.0
2018-07-11 00:00:00-04:00,41.43680191040039,41.43680191040039,41.43680191040039,41.43680191040039,800,0.0,0.0,0.0
2018-07-12 00:00:00-04:00,41.46709212595573,41.49654006958008,41.46709212595573,41.49654006958008,200,0.0,0.0,0.0
2018-07-13 00:00:00-04:00,41.49654006958008,41.49654006958008,41.49654006958008,41.49654006958008,800,0.0,0.0,0.0
2018-07-16 00:00:00-04:00,41.462890625,41.462890625,41.462890625,41.462890625,300,0.0,0.0,0.0
2018-07-17 00:00:00-04:00,41.462890625,41.462890625,41.462890625,41.462890625,0,0.0,0.0,0.0
2018-07-18 00:00:00-04:00,41.462890625,41.462890625,41.462890625,41.462890625,100,0.0,0.0,0.0
2018-07-19 00:00:00-04:00,41.462890625,41.462890625,41.462890625,41.462890625,0,0.0,0.0,0.0
2018-07-20 00:00:00-04:00,41.51336425173578,41.547019958496094,41.51336425173578,41.547019958496094,400,0.0,0.0,0.0
2018-07-23 00:00:00-04:00,41.530198214495414,41.530198214495414,41.517578125,41.517578125,1200,0.0,0.0,0.0
2018-07-24 00:00:00-04:00,41.600041217245725,41.600041217245725,41.56722640991211,41.56722640991211,900,0.0,0.0,0.0
2018-07-25 00:00:00-04:00,41.55713653564453,41.55713653564453,41.55713653564453,41.55713653564453,100,0.0,0.0,0.0
2018-07-26 00:00:00-04:00,41.664825439453125,41.664825439453125,41.664825439453125,41.664825439453125,1000,0.0,0.0,0.0
2018-07-27 00:00:00-04:00,41.64799499511719,41.64799499511719,41.64799499511719,41.64799499511719,300,0.0,0.0,0.0
2018-07-30 00:00:00-04:00,41.6900593510462,41.6984748840332,41.63957899146588,41.6984748840332,1500,0.0,0.0,0.0
2018-07-31 00:00:00-04:00,41.74896209014463,41.75737762451172,41.69848172228589,41.75737762451172,1700,0.0,0.0,0.0
2018-08-01 00:00:00-04:00,41.73116823293736,41.73116823293736,41.72863006591797,41.72863006591797,1500,0.239,0.0,0.0
2018-08-02 00:00:00-04:00,41.76498031616211,41.76498031616211,41.76498031616211,41.76498031616211,300,0.0,0.0,0.0
2018-08-03 00:00:00-04:00,41.76498031616211,41.76498031616211,41.76498031616211,41.76498031616211,100,0.0,0.0,0.0
2018-08-06 00:00:00-04:00,41.849525451660156,41.849525451660156,41.849525451660156,41.849525451660156,400,0.0,0.0,0.0
2018-08-07 00:00:00-04:00,41.917169601926325,41.950984954833984,41.908713344861575,41.950984954833984,2800,0.0,0.0,0.0
2018-08-08 00:00:00-04:00,41.94251859910147,41.95012664794922,41.934062344722996,41.95012664794922,2100,0.0,0.0,0.0
2018-08-09 00:00:00-04:00,41.93406677246094,41.93406677246094,41.93406677246094,41.93406677246094,0,0.0,0.0,0.0
2018-08-10 00:00:00-04:00,41.90871163639698,41.91293976475699,41.890957367425315,41.89434051513672,2000,0.0,0.0,0.0
2018-08-13 00:00:00-04:00,41.87320035767461,41.87320035767461,41.832618713378906,41.832618713378906,500,0.0,0.0,0.0
2018-08-14 00:00:00-04:00,41.90109369792295,41.921382904052734,41.90109369792295,41.921382904052734,300,0.0,0.0,0.0
2018-08-15 00:00:00-04:00,41.90024948120117,41.90024948120117,41.90024948120117,41.90024948120117,100,0.0,0.0,0.0
2018-08-16 00:00:00-04:00,41.899410247802734,41.899410247802734,41.899410247802734,41.899410247802734,200,0.0,0.0,0.0
2018-08-17 00:00:00-04:00,41.89179611206055,41.89179611206055,41.89179611206055,41.89179611206055,300,0.0,0.0,0.0
2018-08-20 00:00:00-04:00,41.950139974150936,41.950984954833984,41.950139974150936,41.950984954833984,300,0.0,0.0,0.0
2018-08-21 00:00:00-04:00,41.96788565721269,41.96788565721269,41.91716102567091,41.958587646484375,1400,0.0,0.0,0.0
2018-08-22 00:00:00-04:00,42.03129577636719,42.03129577636719,42.03129577636719,42.03129577636719,300,0.0,0.0,0.0
2018-08-23 00:00:00-04:00,42.004249572753906,42.004249572753906,42.004249572753906,42.004249572753906,500,0.0,0.0,0.0
2018-08-24 00:00:00-04:00,42.05243352894526,42.05243352894526,42.03974914550781,42.03974914550781,700,0.0,0.0,0.0
2018-08-27 00:00:00-04:00,42.03974914550781,42.03974914550781,42.03974914550781,42.03974914550781,100,0.0,0.0,0.0
2018-08-28 00:00:00-04:00,42.03974914550781,42.03974914550781,42.03974914550781,42.03974914550781,100,0.0,0.0,0.0
2018-08-29 00:00:00-04:00,42.05242987795098,42.0693359375,42.02706433839489,42.0693359375,2400,0.0,0.0,0.0
2018-08-30 00:00:00-04:00,42.0693359375,42.0693359375,42.0693359375,42.0693359375,0,0.0,0.0,0.0
2018-08-31 00:00:00-04:00,42.06003885581481,42.07779312133789,42.06003885581481,42.07779312133789,700,0.0,0.0,0.0
2018-09-04 00:00:00-04:00,42.00726870873868,42.041255950927734,42.00726870873868,42.041255950927734,5300,0.247,0.0,0.0
2018-09-05 00:00:00-04:00,42.041255950927734,42.041255950927734,42.041255950927734,42.041255950927734,0,0.0,0.0,0.0
2018-09-06 00:00:00-04:00,41.97327423095703,41.97327423095703,41.97327423095703,41.97327423095703,100,0.0,0.0,0.0
2018-09-07 00:00:00-04:00,41.964786529541016,41.964786529541016,41.964786529541016,41.964786529541016,100,0.0,0.0,0.0
2018-09-10 00:00:00-04:00,42.000483616613586,42.00218200683594,42.000483616613586,42.00218200683594,1500,0.0,0.0,0.0
2018-09-11 00:00:00-04:00,42.041255950927734,42.0497543820759,42.041255950927734,42.041255950927734,900,0.0,0.0,0.0
2018-09-12 00:00:00-04:00,42.05825608094993,42.08374489593546,42.05825608094993,42.0633544921875,1500,0.0,0.0,0.0
2018-09-13 00:00:00-04:00,42.1856973997658,42.1856973997658,42.16615295410156,42.16615295410156,400,0.0,0.0,0.0
2018-09-14 00:00:00-04:00,42.1942027770769,42.1942027770769,42.15341872746279,42.17975997924805,900,0.0,0.0,0.0
2018-09-17 00:00:00-04:00,42.20269662189217,42.20269662189217,42.16616178977097,42.1687126159668,2100,0.0,0.0,0.0
2018-09-18 00:00:00-04:00,42.17890522130586,42.2366828918457,42.17890522130586,42.2366828918457,2400,0.0,0.0,0.0
2018-09-19 00:00:00-04:00,42.202693939208984,42.23668118417619,42.202693939208984,42.202693939208984,2100,0.0,0.0,0.0
2018-09-20 00:00:00-04:00,42.16021418358374,42.236683869019835,42.143220560019905,42.1687126159668,16400,0.0,0.0,0.0
2018-09-21 00:00:00-04:00,42.18570156831543,42.20269194879564,42.15171432495117,42.15171432495117,43300,0.0,0.0,0.0
2018-09-24 00:00:00-04:00,42.20269662189217,42.20269662189217,42.1687126159668,42.1687126159668,2800,0.0,0.0,0.0
2018-09-25 00:00:00-04:00,42.14406622626793,42.185699462890625,42.14321379020473,42.185699462890625,1100,0.0,0.0,0.0
2018-09-26 00:00:00-04:00,42.16020766310895,42.16020766310895,42.109230041503906,42.109230041503906,12500,0.0,0.0,0.0
2018-09-27 00:00:00-04:00,42.236677729638174,42.24517616078593,42.22563171386719,42.22563171386719,2100,0.0,0.0,0.0
2018-09-28 00:00:00-04:00,42.21119111911881,42.2536735534668,42.21119111911881,42.2536735534668,236900,0.0,0.0,0.0
2018-10-01 00:00:00-04:00,42.255380961967546,42.32368458982649,42.255380961967546,42.2809944152832,1300,0.242,0.0,0.0
2018-10-02 00:00:00-04:00,42.2809944152832,42.2809944152832,42.2809944152832,42.2809944152832,100,0.0,0.0,0.0
2018-10-03 00:00:00-04:00,42.31515414324232,42.31515414324232,42.28527069091797,42.28527069091797,4300,0.0,0.0,0.0
2018-10-04 00:00:00-04:00,42.084625244140625,42.084625244140625,42.084625244140625,42.084625244140625,300,0.0,0.0,0.0
2018-10-05 00:00:00-04:00,41.97362711776848,41.97362711776848,41.961673736572266,41.961673736572266,1100,0.0,0.0,0.0
2018-10-08 00:00:00-04:00,41.83700721598849,41.86603731483088,41.797730433542576,41.803707122802734,3000,0.0,0.0,0.0
2018-10-09 00:00:00-04:00,41.802867798905424,41.837021251007,41.76017761230469,41.76017761230469,7400,0.0,0.0,0.0
2018-10-10 00:00:00-04:00,41.74309011047025,41.74309011047025,41.53988265991211,41.53988265991211,1100,0.0,0.0,0.0
2018-10-11 00:00:00-04:00,41.50401922137174,41.572322845458984,41.50401922137174,41.572322845458984,8900,0.0,0.0,0.0
2018-10-12 00:00:00-04:00,41.695281412030816,41.77724838256836,41.695281412030816,41.77724838256836,500,0.0,0.0,0.0
2018-10-15 00:00:00-04:00,41.71663284301758,41.71663284301758,41.71663284301758,41.71663284301758,100,0.0,0.0,0.0
2018-10-16 00:00:00-04:00,41.815664950450945,41.86262512207031,41.815664950450945,41.86262512207031,800,0.0,0.0,0.0
2018-10-17 00:00:00-04:00,41.71747934371401,41.7943229675293,41.71747934371401,41.7943229675293,2200,0.0,0.0,0.0
2018-10-18 00:00:00-04:00,41.70809260426526,41.70809260426526,41.580875396728516,41.580875396728516,9100,0.0,0.0,0.0
2018-10-19 00:00:00-04:00,41.59793741864946,41.59793741864946,41.52963054101794,41.58939743041992,1200,0.0,0.0,0.0
2018-10-22 00:00:00-04:00,41.640642307256165,41.640642307256165,41.580875396728516,41.580875396728516,600,0.0,0.0,0.0
2018-10-23 00:00:00-04:00,41.36228659009943,41.62355422973633,41.36228659009943,41.62355422973633,38200,0.0,0.0,0.0
2018-10-24 00:00:00-04:00,41.63210472347764,41.63210472347764,41.529647621941486,41.53477096557617,2100,0.0,0.0,0.0
2018-10-25 00:00:00-04:00,41.47841170848916,41.55525207519531,41.47841170848916,41.55525207519531,1600,0.0,0.0,0.0
2018-10-26 00:00:00-04:00,41.410099029541016,41.410099029541016,41.410099029541016,41.410099029541016,300,0.0,0.0,0.0
2018-10-29 00:00:00-04:00,41.410102875699764,41.410102875699764,41.22140884399414,41.22140884399414,1600,0.0,0.0,0.0
2018-10-30 00:00:00-04:00,41.28629941407544,41.28629941407544,41.2350692478796,41.24275588989258,3400,0.0,0.0,0.0
2018-10-31 00:00:00-04:00,41.401568710653954,41.401568710653954,41.3588752746582,41.3588752746582,2100,0.0,0.0,0.0
2018-11-01 00:00:00-04:00,41.44555606497254,41.44898986816406,41.44555606497254,41.44898986816406,600,0.242,0.0,0.0
2018-11-02 00:00:00-04:00,41.53135158233118,41.53135158233118,41.420658111572266,41.420658111572266,400,0.0,0.0,0.0
2018-11-05 00:00:00-05:00,41.502177611202995,41.52362823486328,41.493594743014796,41.52362823486328,1200,0.0,0.0,0.0
2018-11-06 00:00:00-05:00,41.50218963623047,41.50218963623047,41.50218963623047,41.50218963623047,500,0.0,0.0,0.0
2018-11-07 00:00:00-05:00,41.669525146484375,41.669525146484375,41.669525146484375,41.669525146484375,400,0.0,0.0,0.0
2018-11-08 00:00:00-05:00,41.66951336056009,41.68667582593142,41.66951336056009,41.67809295654297,4400,0.0,0.0,0.0
2018-11-09 00:00:00-05:00,41.43782009375119,41.454982557095384,41.43782009375119,41.4463996887207,2200,0.0,0.0,0.0
2018-11-12 00:00:00-05:00,41.43782277329246,41.43782277329246,41.236167907714844,41.236167907714844,1400,0.0,0.0,0.0
2018-11-13 00:00:00-05:00,41.20183553158956,41.20183553158956,41.19754409790039,41.19754409790039,1000,0.0,0.0,0.0
2018-11-14 00:00:00-05:00,41.22329754434104,41.22329754434104,41.171810150146484,41.171810150146484,500,0.0,0.0,0.0
2018-11-15 00:00:00-05:00,40.90579852682107,41.034515380859375,40.806260810082435,41.034515380859375,1000,0.0,0.0,0.0
2018-11-16 00:00:00-05:00,40.9487114861089,40.9487114861089,40.8963664509569,40.90580368041992,1600,0.0,0.0,0.0
2018-11-19 00:00:00-05:00,40.8114011659267,40.83885848603296,40.77192717651787,40.802818298339844,2100,0.0,0.0,0.0
2018-11-20 00:00:00-05:00,40.67497484497849,40.708438873291016,40.67497484497849,40.708438873291016,600,0.0,0.0,0.0
2018-11-21 00:00:00-05:00,40.96673086352928,40.991615295410156,40.94871076388389,40.991615295410156,1500,0.0,0.0,0.0
2018-11-23 00:00:00-05:00,40.64836120605469,40.64836120605469,40.64836120605469,40.64836120605469,100,0.0,0.0,0.0
2018-11-26 00:00:00-05:00,40.819984436035156,40.819984436035156,40.819984436035156,40.819984436035156,200,0.0,0.0,0.0
2018-11-27 00:00:00-05:00,40.78566360473633,40.78566360473633,40.78566360473633,40.78566360473633,300,0.0,0.0,0.0
2018-11-28 00:00:00-05:00,40.88005447387695,40.88005447387695,40.88005447387695,40.88005447387695,200,0.0,0.0,0.0
2018-11-29 00:00:00-05:00,41.05168074514788,41.11174774169922,41.05168074514788,41.11174774169922,700,0.0,0.0,0.0
2018-11-30 00:00:00-05:00,41.03451939414601,41.0431022644043,41.03451939414601,41.0431022644043,400,0.0,0.0,0.0
2018-12-03 00:00:00-05:00,41.1629638671875,41.1629638671875,41.1629638671875,41.1629638671875,8200,0.239,0.0,0.0
2018-12-04 00:00:00-05:00,41.1629638671875,41.1629638671875,41.1629638671875,41.1629638671875,3200,0.0,0.0,0.0
2018-12-06 00:00:00-05:00,40.800761112600696,40.87837841590327,40.800761112600696,40.86112976074219,5300,0.0,0.0,0.0
2018-12-07 00:00:00-05:00,40.836116790771484,40.836116790771484,40.836116790771484,40.836116790771484,100,0.0,0.0,0.0
2018-12-10 00:00:00-05:00,40.82663101512517,40.856815338134766,40.79213370601579,40.856815338134766,1800,0.0,0.0,0.0
2018-12-11 00:00:00-05:00,41.00515371158587,41.00515371158587,40.916324615478516,40.916324615478516,200,0.0,0.0,0.0
2018-12-12 00:00:00-05:00,41.11121376299879,41.11121376299879,41.07240676879883,41.07240676879883,2800,0.0,0.0,0.0
2018-12-13 00:00:00-05:00,41.15434118644267,41.1629638671875,41.13709253510915,41.1629638671875,1300,0.0,0.0,0.0
2018-12-14 00:00:00-05:00,41.1629638671875,41.1629638671875,41.1629638671875,41.1629638671875,0,0.0,0.0,0.0
2018-12-17 00:00:00-05:00,41.01550115510325,41.05086040644553,40.792137145996094,40.792137145996094,6200,0.0,0.0,0.0
2018-12-18 00:00:00-05:00,40.6491003717053,40.69590759277344,40.6491003717053,40.69590759277344,1200,0.242,0.0,0.0
2018-12-19 00:00:00-05:00,40.69590759277344,40.69590759277344,40.69590759277344,40.69590759277344,0,0.0,0.0,0.0
2018-12-20 00:00:00-05:00,40.01976013183594,40.01976013183594,40.01976013183594,40.01976013183594,200,0.0,0.0,0.0
2018-12-21 00:00:00-05:00,39.88366957715755,39.96168601877148,39.82386016845703,39.82386016845703,800,0.0,0.0,0.0
2018-12-24 00:00:00-05:00,39.62361991390156,39.62361991390156,39.53086853027344,39.53086853027344,100,0.0,0.0,0.0
2018-12-26 00:00:00-05:00,40.18099594116211,40.18099594116211,40.18099594116211,40.18099594116211,100,0.0,0.0,0.0
2018-12-27 00:00:00-05:00,40.02236609862852,40.1402587890625,39.96602217536181,40.1402587890625,300,0.0,0.0,0.0
2018-12-28 00:00:00-05:00,40.1263864563145,40.23907429225618,40.11771612631159,40.213069915771484,2600,0.0,0.0,0.0
2018-12-31 00:00:00-05:00,40.19573892477563,40.204409256150896,40.057043383634294,40.14373016357422,105000,0.0,0.0,0.0
2019-01-02 00:00:00-05:00,40.09172821044922,40.09172821044922,40.01371174220159,40.09172821044922,5400,0.0,0.0,0.0
2019-01-03 00:00:00-05:00,40.03971309145124,40.03971309145124,39.97990036010742,39.97990036010742,1300,0.0,0.0,0.0
2019-01-04 00:00:00-05:00,40.41245365137717,40.663840370084074,40.41245365137717,40.647369384765625,3600,0.0,0.0,0.0
2019-01-07 00:00:00-05:00,40.923883731491664,41.01923751831055,40.923883731491664,41.01923751831055,3500,0.0,0.0,0.0
2019-01-08 00:00:00-05:00,41.14928398276327,41.2689094543457,41.14928398276327,41.2689094543457,3100,0.0,0.0,0.0
2019-01-09 00:00:00-05:00,41.38331686907386,41.461333306063004,41.36597951565827,41.435325622558594,700,0.0,0.0,0.0
2019-01-10 00:00:00-05:00,41.273233740117725,41.53242111206055,41.24549661408136,41.53242111206055,1400,0.0,0.0,0.0
2019-01-11 00:00:00-05:00,41.40932002392907,41.45699691772461,41.40932002392907,41.45699691772461,900,0.0,0.0,0.0
2019-01-14 00:00:00-05:00,41.43533194788477,41.43533194788477,41.356449127197266,41.356449127197266,700,0.0,0.0,0.0
2019-01-15 00:00:00-05:00,41.47867417262171,41.483009338378906,41.45353616340264,41.483009338378906,300,0.0,0.0,0.0
2019-01-16 00:00:00-05:00,41.64337450014292,41.64337450014292,41.59049606323242,41.59049606323242,300,0.0,0.0,0.0
2019-01-17 00:00:00-05:00,41.7300656937628,41.7300656937628,41.53935805959064,41.70926284790039,3400,0.0,0.0,0.0
2019-01-18 00:00:00-05:00,41.79940878976479,41.82541316984111,41.78813934326172,41.78813934326172,500,0.0,0.0,0.0
2019-01-22 00:00:00-05:00,41.63730239868164,41.63730239868164,41.63730239868164,41.63730239868164,100,0.0,0.0,0.0
2019-01-23 00:00:00-05:00,41.61737104772004,41.634708404541016,41.61737104772004,41.634708404541016,1500,0.0,0.0,0.0
2019-01-24 00:00:00-05:00,41.649441237087544,41.72138977050781,41.649441237087544,41.72138977050781,400,0.0,0.0,0.0
2019-01-25 00:00:00-05:00,41.790733782776044,41.81760783837556,41.790733782776044,41.80807113647461,1000,0.0,0.0,0.0
2019-01-28 00:00:00-05:00,41.77340446791946,41.77340446791946,41.665048466523025,41.752601623535156,1700,0.0,0.0,0.0
2019-01-29 00:00:00-05:00,41.773399353027344,41.773399353027344,41.773399353027344,41.773399353027344,0,0.0,0.0,0.0
2019-01-30 00:00:00-05:00,41.86875668624671,42.09587175597746,41.86875668624671,42.056861877441406,2100,0.0,0.0,0.0
2019-01-31 00:00:00-05:00,42.23022250201696,42.23022250201696,42.15480849108465,42.17214584350586,900,0.0,0.0,0.0
2019-02-01 00:00:00-05:00,42.13294047751792,42.167797897293475,42.06322896215333,42.10157012939453,24600,0.255,0.0,0.0
2019-02-04 00:00:00-05:00,42.11552307144189,42.21747589111328,42.11552307144189,42.21747589111328,1400,0.0,0.0,0.0
2019-02-05 00:00:00-05:00,42.42050552368164,42.42050552368164,42.42050552368164,42.42050552368164,200,0.0,0.0,0.0
2019-02-06 00:00:00-05:00,42.37693186031396,42.39697337738097,42.35950315340032,42.37257385253906,900,0.0,0.0,0.0
2019-02-07 00:00:00-05:00,42.22878509697206,42.24621380206285,42.08935878043135,42.18521499633789,2100,0.0,0.0,0.0
2019-02-08 00:00:00-05:00,42.22008514404297,42.22008514404297,42.22008514404297,42.22008514404297,100,0.0,0.0,0.0
2019-02-11 00:00:00-05:00,42.20876102572014,42.259301964440695,42.20876102572014,42.24013137817383,2200,0.0,0.0,0.0
2019-02-12 00:00:00-05:00,42.420505440829146,42.516361674614274,42.40307673248765,42.512874603271484,2800,0.0,0.0,0.0
2019-02-13 00:00:00-05:00,42.54773857536042,42.54773857536042,42.494581505356784,42.498939514160156,4700,0.0,0.0,0.0
2019-02-14 00:00:00-05:00,42.49020986368863,42.49456787109375,42.446639762194415,42.49456787109375,2000,0.0,0.0,0.0
2019-02-15 00:00:00-05:00,42.629640863273636,42.629640863273636,42.583457946777344,42.583457946777344,1100,0.0,0.0,0.0
2019-02-19 00:00:00-05:00,42.603501010036936,42.63835842599821,42.59043031009799,42.62092971801758,5300,0.0,0.0,0.0
2019-02-20 00:00:00-05:00,42.664501551991485,42.667988623403154,42.63226026922527,42.65230178833008,800,0.0,0.0,0.0
2019-02-21 00:00:00-05:00,42.655774056772344,42.67145756221644,42.61220396227134,42.625274658203125,3200,0.0,0.0,0.0
2019-02-22 00:00:00-05:00,42.69935999875395,42.701972809235976,42.68193128964801,42.684547424316406,5800,0.0,0.0,0.0
2019-02-25 00:00:00-05:00,42.79957243227788,42.81264313250712,42.71678689857767,42.74554443359375,1500,0.0,0.0,0.0
2019-02-26 00:00:00-05:00,42.81264877319336,42.81264877319336,42.81264877319336,42.81264877319336,400,0.0,0.0,0.0
2019-02-27 00:00:00-05:00,42.81264756548661,42.830076275658975,42.777790145141864,42.786502838134766,6100,0.0,0.0,0.0
2019-02-28 00:00:00-05:00,42.79086513327229,42.81265185421687,42.75949478149414,42.75949478149414,26200,0.0,0.0,0.0
2019-03-01 00:00:00-05:00,42.85407757993226,42.898743463999935,42.85407757993226,42.88473129272461,400,0.247,0.0,0.0
2019-03-04 00:00:00-05:00,42.77525234102351,42.849696593188014,42.77525234102351,42.846195220947266,500,0.0,0.0,0.0
2019-03-05 00:00:00-05:00,42.83655882582017,42.854075709651894,42.81291119969754,42.82692337036133,1300,0.0,0.0,0.0
2019-03-06 00:00:00-05:00,42.75860915652548,42.75860915652548,42.69642639160156,42.69642639160156,2700,0.0,0.0,0.0
2019-03-07 00:00:00-05:00,42.66138719703908,42.66138719703908,42.60883989410019,42.630733489990234,7300,0.0,0.0,0.0
2019-03-08 00:00:00-05:00,42.49498017050227,42.580810546875,42.45118963943503,42.580810546875,700,0.0,0.0,0.0
2019-03-11 00:00:00-04:00,42.67015012185878,42.72707748413086,42.67015012185878,42.72707748413086,600,0.0,0.0,0.0
2019-03-12 00:00:00-04:00,42.74022150220816,42.819045816080646,42.74022150220816,42.80152893066406,1500,0.0,0.0,0.0
2019-03-13 00:00:00-04:00,42.897872659804705,42.94166320542652,42.897872659804705,42.90575408935547,300,0.0,0.0,0.0
2019-03-14 00:00:00-04:00,42.89786712706897,42.915384011259356,42.8812255859375,42.8812255859375,500,0.0,0.0,0.0
2019-03-15 00:00:00-04:00,42.889107258251336,43.03799575161162,42.889107258251336,42.992454528808594,3700,0.0,0.0,0.0
2019-03-18 00:00:00-04:00,42.95917374833242,42.99420751605842,42.95479369211567,42.985450744628906,1500,0.0,0.0,0.0
2019-03-19 00:00:00-04:00,42.98719155171831,42.98719155171831,42.95916387577783,42.976680755615234,700,0.0,0.0,0.0
2019-03-20 00:00:00-04:00,42.92413734912553,43.16323962524342,42.92413734912553,43.13521194458008,5100,0.0,0.0,0.0
2019-03-21 00:00:00-04:00,43.112452675884,43.127343534201096,43.112452675884,43.1168327331543,1200,0.0,0.0,0.0
2019-03-22 00:00:00-04:00,42.99682831884637,42.99682831884637,42.94690704345703,42.94690704345703,300,0.0,0.0,0.0
2019-03-25 00:00:00-04:00,42.95042485386825,42.99684143066406,42.91626642292026,42.99684143066406,900,0.0,0.0,0.0
2019-03-26 00:00:00-04:00,43.08178136212636,43.08178136212636,43.03974151611328,43.03974151611328,500,0.0,0.0,0.0
2019-03-27 00:00:00-04:00,43.06427686464575,43.06865692138672,43.05552009216819,43.06865692138672,800,0.0,0.0,0.0
2019-03-28 00:00:00-04:00,43.11681846528907,43.12995529174805,43.09229549829801,43.12995529174805,1400,0.0,0.0,0.0
2019-03-29 00:00:00-04:00,43.204402508157365,43.22191604928416,43.169368743896484,43.169368743896484,5400,0.0,0.0,0.0
2019-04-01 00:00:00-04:00,43.29084723148837,43.326058160981425,43.282042820165586,43.29964828491211,13100,0.248,0.0,0.0
2019-04-02 00:00:00-04:00,43.3172492980957,43.3172492980957,43.242428599036316,43.3172492980957,15900,0.0,0.0,0.0
2019-04-03 00:00:00-04:00,43.37886891291501,43.40527878759354,43.34101867675781,43.34101867675781,1700,0.0,0.0,0.0
2019-04-04 00:00:00-04:00,43.3788790980768,43.43169550193603,43.3788790980768,43.42817306518555,10300,0.0,0.0,0.0
2019-04-05 00:00:00-04:00,43.539960007634015,43.54612175244549,43.502106411307224,43.529396057128906,20500,0.0,0.0,0.0
2019-04-08 00:00:00-04:00,43.519709070440015,43.523231506347656,43.47041511512629,43.523231506347656,1600,0.0,0.0,0.0
2019-04-09 00:00:00-04:00,43.52059366820237,43.53291715744716,43.48538273953185,43.519710540771484,2600,0.0,0.0,0.0
2019-04-10 00:00:00-04:00,43.59894052435746,43.651756925931615,43.59013946971153,43.634151458740234,3200,0.0,0.0,0.0
2019-04-11 00:00:00-04:00,43.65703587728457,43.81019973754883,43.65703587728457,43.81019973754883,13400,0.0,0.0,0.0
2019-04-12 00:00:00-04:00,43.862133007950845,43.862133007950845,43.76618775156931,43.81019973754883,1800,0.0,0.0,0.0
2019-04-15 00:00:00-04:00,43.8049057301853,43.84539862658797,43.8049057301853,43.82339096069336,1100,0.0,0.0,0.0
2019-04-16 00:00:00-04:00,43.84540911221747,43.84980796012968,43.82516098022461,43.82516098022461,6200,0.0,0.0,0.0
2019-04-17 00:00:00-04:00,43.83221614469971,43.83221614469971,43.78380529729541,43.792606353759766,3900,0.0,0.0,0.0
2019-04-18 00:00:00-04:00,43.76531683935838,43.82781407357169,43.748591139615385,43.77939987182617,4800,0.0,0.0,0.0
2019-04-22 00:00:00-04:00,43.74858415398298,43.768828929660316,43.74858415398298,43.76178741455078,1100,0.0,0.0,0.0
2019-04-23 00:00:00-04:00,43.85420418001779,43.907020568847656,43.85420418001779,43.907020568847656,5200,0.0,0.0,0.0
2019-04-24 00:00:00-04:00,43.8718045497285,43.88060560122905,43.783780603129784,43.83659362792969,3200,0.0,0.0,0.0
2019-04-25 00:00:00-04:00,43.774976193730915,43.8541990888291,43.77057398903148,43.83659362792969,3100,0.0,0.0,0.0
2019-04-26 00:00:00-04:00,43.91582743005183,43.9510383605957,43.85420998054962,43.9510383605957,11600,0.0,0.0,0.0
2019-04-29 00:00:00-04:00,43.924639085417404,43.93784234707397,43.88766860961914,43.88766860961914,3500,0.0,0.0,0.0
2019-04-30 00:00:00-04:00,43.915828614300075,43.92463302612305,43.915828614300075,43.92463302612305,7000,0.0,0.0,0.0
2019-05-01 00:00:00-04:00,43.92816673293214,43.94585870727925,43.8397102355957,43.8397102355957,11100,0.244,0.0,0.0
2019-05-02 00:00:00-04:00,43.87509595692704,43.9193275851832,43.85298351719843,43.89278793334961,16500,0.0,0.0,0.0
2019-05-03 00:00:00-04:00,44.016624450683594,44.025472125301995,43.93701225111382,44.016624450683594,5400,0.0,0.0,0.0
2019-05-06 00:00:00-04:00,43.830875685471106,44.03432838978388,43.830875685471106,43.96533203125,11000,0.0,0.0,0.0
2019-05-07 00:00:00-04:00,43.822016959401694,43.822016959401694,43.68136863575977,43.77690124511719,3200,0.0,0.0,0.0
2019-05-08 00:00:00-04:00,43.707025570079104,43.79371388915296,43.707025570079104,43.7362174987793,1400,0.0,0.0,0.0
2019-05-09 00:00:00-04:00,43.66279280077625,43.70702104836492,43.66279280077625,43.691097259521484,3600,0.0,0.0,0.0
2019-05-10 00:00:00-04:00,43.60706740434323,43.79105989560965,43.60706740434323,43.78309631347656,1000,0.0,0.0,0.0
2019-05-13 00:00:00-04:00,43.57432505001628,43.58582499970118,43.42218017578125,43.42218017578125,2300,0.0,0.0,0.0
2019-05-14 00:00:00-04:00,43.51241926176645,43.58761100582841,43.51241926176645,43.52126693725586,5100,0.0,0.0,0.0
2019-05-15 00:00:00-04:00,43.485872142576525,43.53894805908203,43.485872142576525,43.53894805908203,900,0.0,0.0,0.0
2019-05-16 00:00:00-04:00,43.66279880383305,43.691103266469774,43.634490966796875,43.634490966796875,6500,0.0,0.0,0.0
2019-05-17 00:00:00-04:00,43.592015375172444,43.68401159478052,43.58936309814453,43.58936309814453,1300,0.0,0.0,0.0
2019-05-20 00:00:00-04:00,43.67163881097424,43.67163881097424,43.379729665936935,43.49295425415039,32900,0.0,0.0,0.0
2019-05-21 00:00:00-04:00,43.53894937280885,43.662789807326426,43.53894937280885,43.622982025146484,2200,0.0,0.0,0.0
2019-05-22 00:00:00-04:00,43.60971569302434,43.64509963989258,43.59202371959023,43.64509963989258,1200,0.0,0.0,0.0
2019-05-23 00:00:00-04:00,43.45492674821538,43.46996307373047,43.388582673719824,43.46996307373047,2100,0.0,0.0,0.0
2019-05-24 00:00:00-04:00,43.47703635304365,43.47703635304365,43.37973217427178,43.4089241027832,900,0.0,0.0,0.0
2019-05-28 00:00:00-04:00,43.50356877820866,43.53895272633873,43.43988037109375,43.43988037109375,2700,0.0,0.0,0.0
2019-05-29 00:00:00-04:00,43.326659239167086,43.37973516972564,43.26031516956878,43.325775146484375,12700,0.0,0.0,0.0
2019-05-30 00:00:00-04:00,43.37088059810178,43.42395652022123,43.29126840212211,43.35053634643555,4600,0.0,0.0,0.0
2019-05-31 00:00:00-04:00,43.220510754488885,43.220510754488885,43.04359436035156,43.04359436035156,4500,0.0,0.0,0.0
2019-06-03 00:00:00-04:00,43.122724172065574,43.1378378342277,43.113834381103516,43.113834381103516,1400,0.249,0.0,0.0
2019-06-04 00:00:00-04:00,43.48726405646,43.50593566894531,43.43036057913645,43.50593566894531,2600,0.0,0.0,0.0
2019-06-05 00:00:00-04:00,43.52282178961526,43.53171157836914,43.46236037247421,43.53171157836914,3100,0.0,0.0,0.0
2019-06-06 00:00:00-04:00,43.47835920302668,43.67396505054377,43.47835920302668,43.5761604309082,1300,0.0,0.0,0.0
2019-06-07 00:00:00-04:00,43.74510841058251,43.77178117139912,43.727325439453125,43.727325439453125,1100,0.0,0.0,0.0
2019-06-10 00:00:00-04:00,43.80290964952783,43.81802670442725,43.80290964952783,43.816246032714844,900,0.0,0.0,0.0
2019-06-11 00:00:00-04:00,43.95406207899783,43.95406207899783,43.85358810424805,43.85358810424805,2800,0.0,0.0,0.0
2019-06-12 00:00:00-04:00,43.86958581673328,43.86958581673328,43.727325439453125,43.727325439453125,11800,0.0,0.0,0.0
2019-06-13 00:00:00-04:00,43.82514111591864,43.864261627197266,43.82514111591864,43.864261627197266,1300,0.0,0.0,0.0
2019-06-14 00:00:00-04:00,43.91403827823324,43.91403827823324,43.88291892901313,43.89536666870117,500,0.0,0.0,0.0
2019-06-17 00:00:00-04:00,43.92294215083659,43.92294215083659,43.86514663696289,43.86514663696289,1100,0.0,0.0,0.0
2019-06-18 00:00:00-04:00,44.100766372280496,44.13633232156715,44.029637865462796,44.11854934692383,12100,0.0,0.0,0.0
2019-06-19 00:00:00-04:00,44.09898030848622,44.32126235961914,44.09898030848622,44.32126235961914,500,0.0,0.0,0.0
2019-06-20 00:00:00-04:00,44.45641172912468,44.56132888793945,44.45641172912468,44.56132888793945,4500,0.0,0.0,0.0
2019-06-21 00:00:00-04:00,44.438644224847955,44.45909312313327,44.4377555847168,44.4377555847168,1000,0.0,0.0,0.0
2019-06-24 00:00:00-04:00,44.46530709203593,44.491983248810214,44.428855895996094,44.428855895996094,800,0.0,0.0,0.0
2019-06-25 00:00:00-04:00,44.29637186045395,44.31593211333877,44.26969909667969,44.26969909667969,1700,0.0,0.0,0.0
2019-06-26 00:00:00-04:00,44.31860142476938,44.3408275973295,44.26969909667969,44.26969909667969,3900,0.0,0.0,0.0
2019-06-27 00:00:00-04:00,44.420843884026894,44.420843884026894,44.35860518161101,44.40306091308594,1000,0.0,0.0,0.0
2019-06-28 00:00:00-04:00,44.41194723274195,44.43861998915496,44.41194723274195,44.433284759521484,95100,0.0,0.0,0.0
2019-07-01 00:00:00-04:00,44.65658813690758,44.65658813690758,44.46992019426187,44.5413703918457,6900,0.225,0.0,0.0
2019-07-02 00:00:00-04:00,44.61282618744301,44.621756184918766,44.55030598382604,44.589603424072266,13600,0.0,0.0,0.0
2019-07-03 00:00:00-04:00,44.71643829345703,44.71643829345703,44.71643829345703,44.71643829345703,200,0.0,0.0,0.0
2019-07-05 00:00:00-04:00,44.61282812585421,44.61282812585421,44.523511111738046,44.545841217041016,5000,0.0,0.0,0.0
2019-07-08 00:00:00-04:00,44.6128254409594,44.62175543828573,44.56816864013672,44.56816864013672,400,0.0,0.0,0.0
2019-07-09 00:00:00-04:00,44.532440185546875,44.54137018254212,44.52350678145625,44.532440185546875,9900,0.0,0.0,0.0
2019-07-10 00:00:00-04:00,44.63961526889058,44.6753420695288,44.57530975341797,44.57530975341797,2000,0.0,0.0,0.0
2019-07-11 00:00:00-04:00,44.60388760082507,44.60388760082507,44.51099996522924,44.55923080444336,3000,0.0,0.0,0.0
2019-07-12 00:00:00-04:00,44.56815854593137,44.61013395308232,44.56547716237392,44.59941864013672,2800,0.0,0.0,0.0
2019-07-15 00:00:00-04:00,44.65749174074142,44.66642173996723,44.6083682272589,44.61283493041992,7900,0.0,0.0,0.0
2019-07-16 00:00:00-04:00,44.64855224445575,44.64855224445575,44.55298321545779,44.56816864013672,1900,0.0,0.0,0.0
2019-07-17 00:00:00-04:00,44.55030080800508,44.60388760082507,44.51457400806165,44.55923080444336,4200,0.0,0.0,0.0
2019-07-18 00:00:00-04:00,44.559234630942555,44.72893524169922,44.50564783352084,44.72893524169922,2700,0.0,0.0,0.0
2019-07-19 00:00:00-04:00,44.720000984085246,44.72893438821538,44.627113342285156,44.627113342285156,2900,0.0,0.0,0.0
2019-07-22 00:00:00-04:00,44.67534905534984,44.73786926269531,44.67534905534984,44.73786926269531,300,0.0,0.0,0.0
2019-07-23 00:00:00-04:00,44.75572992734397,44.87094427078997,44.7467965227865,44.84772491455078,6300,0.0,0.0,0.0
2019-07-24 00:00:00-04:00,44.917377702801396,44.95221183842392,44.917377702801396,44.9254150390625,700,0.0,0.0,0.0
2019-07-25 00:00:00-04:00,44.84950846834809,44.92542536862239,44.84950846834809,44.90220260620117,1100,0.0,0.0,0.0
2019-07-26 00:00:00-04:00,44.98794443064923,45.06832803099135,44.98794443064923,45.05046463012695,7600,0.0,0.0,0.0
2019-07-29 00:00:00-04:00,45.03260245568551,45.04153585990868,44.96115225737737,44.983482360839844,15300,0.0,0.0,0.0
2019-07-30 00:00:00-04:00,44.90130532031777,44.96918487548828,44.90130532031777,44.96918487548828,1300,0.0,0.0,0.0
2019-07-31 00:00:00-04:00,44.996874611375944,45.04331672462033,44.88969421386719,44.88969421386719,3700,0.0,0.0,0.0
2019-08-01 00:00:00-04:00,45.01263469094838,45.0575030601565,44.90494992020149,44.91212844848633,5600,0.237,0.0,0.0
2019-08-02 00:00:00-04:00,44.88700131746397,44.9219970703125,44.88700131746397,44.9219970703125,1200,0.0,0.0,0.0
2019-08-05 00:00:00-04:00,44.64471594660348,44.653688252629465,44.388962434391644,44.45088195800781,5100,0.0,0.0,0.0
2019-08-06 00:00:00-04:00,44.62766027848712,44.74252700805664,44.581895018239315,44.74252700805664,1100,0.0,0.0,0.0
2019-08-07 00:00:00-04:00,44.48318232736266,44.80624008178711,44.46882526995097,44.80624008178711,4100,0.0,0.0,0.0
2019-08-08 00:00:00-04:00,44.71650164178099,44.88251495361328,44.71650164178099,44.88251495361328,2400,0.0,0.0,0.0
2019-08-09 00:00:00-04:00,44.92290656617585,44.940854601947926,44.82868194580078,44.82868194580078,4200,0.0,0.0,0.0
2019-08-12 00:00:00-04:00,44.80624030177585,44.82418833524726,44.72009111040805,44.74252700805664,8200,0.0,0.0,0.0
2019-08-13 00:00:00-04:00,44.797267675773234,44.938157865500315,44.797267675773234,44.9345703125,2300,0.0,0.0,0.0
2019-08-14 00:00:00-04:00,44.644712563366014,44.65368486871206,44.549591064453125,44.549591064453125,6600,0.0,0.0,0.0
2019-08-15 00:00:00-04:00,44.72008662579364,44.72008662579364,44.707523345947266,44.707523345947266,200,0.0,0.0,0.0
2019-08-16 00:00:00-04:00,44.78829440939187,44.904954920914236,44.78829440939187,44.89149475097656,6100,0.0,0.0,0.0
2019-08-19 00:00:00-04:00,45.03597376058078,45.04225540161133,45.03238278431863,45.04225540161133,900,0.0,0.0,0.0
2019-08-20 00:00:00-04:00,45.02160622590446,45.02160622590446,44.953408496745666,44.95878982543945,6900,0.0,0.0,0.0
2019-08-21 00:00:00-04:00,45.07994636854095,45.13378705114846,45.07725228046795,45.102378845214844,3900,0.0,0.0,0.0
2019-08-22 00:00:00-04:00,45.10237145241016,45.15621554942969,45.093399147858804,45.138267517089844,3000,0.0,0.0,0.0
2019-08-23 00:00:00-04:00,45.09340121063978,45.14724531012239,44.91571807861328,44.91571807861328,3100,0.0,0.0,0.0
2019-08-26 00:00:00-04:00,45.15622106070479,45.21006516429594,45.08443234582081,45.18852615356445,1300,0.0,0.0,0.0
2019-08-27 00:00:00-04:00,45.192117860796785,45.228013930438216,45.11494096874396,45.19570541381836,5400,0.0,0.0,0.0
2019-08-28 00:00:00-04:00,45.2405798228784,45.28993606567383,45.2405798228784,45.28993606567383,500,0.0,0.0,0.0
2019-08-29 00:00:00-04:00,45.42094769721253,45.43889230748063,45.34018325805664,45.34018325805664,3500,0.0,0.0,0.0
2019-08-30 00:00:00-04:00,45.3985094455425,45.3985094455425,45.23698057560623,45.35453796386719,1300,0.0,0.0,0.0
2019-09-03 00:00:00-04:00,45.33561139687942,45.33561139687942,45.20489586126857,45.25537872314453,1900,0.23,0.0,0.0
2019-09-04 00:00:00-04:00,45.302258031182944,45.35364532470703,45.27251165569052,45.35364532470703,4800,0.0,0.0,0.0
2019-09-05 00:00:00-04:00,45.48886206793001,45.48886206793001,45.42034912109375,45.42034912109375,7400,0.0,0.0,0.0
2019-09-06 00:00:00-04:00,45.46722683053452,45.48435592651367,45.46722683053452,45.48435592651367,500,0.0,0.0,0.0
2019-09-09 00:00:00-04:00,45.51591008270082,45.54295349121094,45.4843582931433,45.54295349121094,1800,0.0,0.0,0.0
2019-09-10 00:00:00-04:00,45.46722619360274,45.60605405848759,45.46722619360274,45.551963806152344,7600,0.0,0.0,0.0
2019-09-11 00:00:00-04:00,45.470839588219654,45.59705020320705,45.470839588219654,45.53394317626953,7000,0.0,0.0,0.0
2019-09-12 00:00:00-04:00,45.54294755652792,45.625883187002216,45.538439176068,45.587120056152344,3000,0.0,0.0,0.0
2019-09-13 00:00:00-04:00,45.56007164970939,45.579002718898806,45.506882395004105,45.521305084228516,6500,0.0,0.0,0.0
2019-09-16 00:00:00-04:00,45.551962276380806,45.600643157958984,45.551962276380806,45.600643157958984,500,0.0,0.0,0.0
2019-09-17 00:00:00-04:00,45.57269821103984,45.637603759765625,45.53032768725843,45.637603759765625,2900,0.0,0.0,0.0
2019-09-18 00:00:00-04:00,45.579010811998266,45.64661932904636,45.579010811998266,45.64481735229492,500,0.0,0.0,0.0
2019-09-19 00:00:00-04:00,45.63401134038647,45.687200619369534,45.60696792602539,45.60696792602539,5300,0.0,0.0,0.0
2019-09-20 00:00:00-04:00,45.59704529722656,45.678175525515,45.59704529722656,45.649330139160156,2400,0.0,0.0,0.0
2019-09-23 00:00:00-04:00,45.67817408484608,45.70522093230977,45.64211735303974,45.65113067626953,1500,0.0,0.0,0.0
2019-09-24 00:00:00-04:00,45.68358303370897,45.71333284620154,45.62588882446289,45.62588882446289,1800,0.0,0.0,0.0
2019-09-25 00:00:00-04:00,45.59704377267089,45.69620408355927,45.55106585151335,45.64121627807617,4800,0.0,0.0,0.0
2019-09-26 00:00:00-04:00,45.606046336101315,45.65021883108503,45.59883499145508,45.59883499145508,7800,0.0,0.0,0.0
2019-09-27 00:00:00-04:00,45.60605677036614,45.614169105088386,45.569095611572266,45.569095611572266,3800,0.0,0.0,0.0
2019-09-30 00:00:00-04:00,45.62407947419975,45.66013963873346,45.61506271362305,45.61506271362305,14600,0.0,0.0,0.0
2019-10-01 00:00:00-04:00,45.679358806316394,45.679358806316394,45.54987716674805,45.54987716674805,6800,0.222,0.0,0.0
2019-10-02 00:00:00-04:00,45.51728287452884,45.52633591660867,45.367881774902344,45.367881774902344,8200,0.0,0.0,0.0
2019-10-03 00:00:00-04:00,45.39956633740139,45.46294798533627,45.21847443442711,45.39594650268555,11200,0.0,0.0,0.0
2019-10-04 00:00:00-04:00,45.43126084681308,45.53448486328125,45.43126084681308,45.53448486328125,400,0.0,0.0,0.0
2019-10-07 00:00:00-04:00,45.47201156616211,45.54444626621495,45.426735992832626,45.47201156616211,15500,0.0,0.0,0.0
2019-10-08 00:00:00-04:00,45.3361930847168,45.44484686500531,45.3361930847168,45.3361930847168,11300,0.0,0.0,0.0
2019-10-09 00:00:00-04:00,45.46295694684823,45.5444481465479,45.44484740757703,45.499176025390625,7100,0.0,0.0,0.0
2019-10-10 00:00:00-04:00,45.56255868833316,45.59877776767249,45.507325110446914,45.527244567871094,3800,0.0,0.0,0.0
2019-10-11 00:00:00-04:00,45.626837020671935,45.716479743858905,45.626837020671935,45.66667938232422,2400,0.0,0.0,0.0
2019-10-14 00:00:00-04:00,45.707436781732085,45.71649327962397,45.689327239990234,45.689327239990234,1400,0.0,0.0,0.0
2019-10-15 00:00:00-04:00,45.616876058124724,45.79524962611925,45.616876058124724,45.74092102050781,12300,0.0,0.0,0.0
2019-10-16 00:00:00-04:00,45.765377439812426,45.851396884909285,45.73097173419847,45.807029724121094,4100,0.0,0.0,0.0
2019-10-17 00:00:00-04:00,45.86135994005222,45.905727102388255,45.80703132219441,45.872222900390625,24100,0.0,0.0,0.0
2019-10-18 00:00:00-04:00,45.85229950180496,45.90209986704995,45.84324645996094,45.84324645996094,4200,0.0,0.0,0.0
2019-10-21 00:00:00-04:00,45.852295635538376,45.89756774902344,45.83418609933618,45.89756774902344,12600,0.0,0.0,0.0
2019-10-22 00:00:00-04:00,45.85229893880496,45.88398976593164,45.83418940129812,45.84777069091797,2300,0.0,0.0,0.0
2019-10-23 00:00:00-04:00,45.86588343674052,45.89395443075406,45.85230214617066,45.861358642578125,6100,0.0,0.0,0.0
2019-10-24 00:00:00-04:00,45.90663411224872,45.92474365234375,45.90663411224872,45.92474365234375,400,0.0,0.0,0.0
2019-10-25 00:00:00-04:00,46.000788766940836,46.00169372558594,45.960946408272,46.00169372558594,2100,0.0,0.0,0.0
2019-10-28 00:00:00-04:00,46.033390045166016,46.051499582352356,46.011660672967025,46.033390045166016,5100,0.0,0.0,0.0
2019-10-29 00:00:00-04:00,45.98811380681358,46.042438959461826,45.951894735687596,45.97905731201172,6300,0.0,0.0,0.0
2019-10-30 00:00:00-04:00,45.99717388142447,45.99717388142447,45.91568268594981,45.94194030761719,3900,0.0,0.0,0.0
2019-10-31 00:00:00-04:00,45.960954540030784,45.960954540030784,45.774432858960964,45.812461853027344,5600,0.0,0.0,0.0
2019-11-01 00:00:00-04:00,45.90798234409023,45.935272216796875,45.88523847001604,45.935272216796875,7900,0.236,0.0,0.0
2019-11-04 00:00:00-05:00,46.058088694231955,46.058088694231955,45.94892225083824,45.98986053466797,8300,0.0,0.0,0.0
2019-11-05 00:00:00-05:00,45.91252638835952,45.93072079142359,45.896150384533584,45.914344787597656,5300,0.0,0.0,0.0
2019-11-06 00:00:00-05:00,45.967118887985,45.967118887985,45.913448333740234,45.913448333740234,1200,0.0,0.0,0.0
2019-11-07 00:00:00-05:00,45.99440205759099,46.0007699255107,45.89888403879537,45.92344284057617,3800,0.0,0.0,0.0
2019-11-08 00:00:00-05:00,45.95801585491842,45.95801585491842,45.88523823443705,45.921627044677734,3000,0.0,0.0,0.0
2019-11-11 00:00:00-05:00,45.8588630164224,45.87614822387695,45.8588630164224,45.87614822387695,500,0.0,0.0,0.0
2019-11-12 00:00:00-05:00,45.939829267991925,45.939829267991925,45.86705163512501,45.87160110473633,1900,0.0,0.0,0.0
2019-11-13 00:00:00-05:00,45.79426527277276,45.8033607393438,45.70329672615192,45.76697540283203,31700,0.0,0.0,0.0
2019-11-14 00:00:00-05:00,45.712400156501175,45.7506073691655,45.712400156501175,45.722408294677734,2800,0.0,0.0,0.0
2019-11-15 00:00:00-05:00,45.81246121607715,45.81246121607715,45.75787800413333,45.77971267700195,13100,0.0,0.0,0.0
2019-11-18 00:00:00-05:00,45.80336350279024,45.80336350279024,45.72603988647461,45.72603988647461,3300,0.0,0.0,0.0
2019-11-19 00:00:00-05:00,45.621428333417164,45.621428333417164,45.51681137084961,45.51681137084961,2500,0.0,0.0,0.0
2019-11-20 00:00:00-05:00,45.48497066830189,45.56684375431395,45.44949105861312,45.45404052734375,4200,0.0,0.0,0.0
2019-11-21 00:00:00-05:00,45.43948729402787,45.481331302451466,45.42675155751148,45.43402862548828,1900,0.0,0.0,0.0
2019-11-22 00:00:00-05:00,45.54864113320946,45.54864113320946,45.484962463378906,45.484962463378906,24200,0.0,0.0,0.0
2019-11-25 00:00:00-05:00,45.64870924241517,45.64870924241517,45.56683617003032,45.62869644165039,3200,0.0,0.0,0.0
2019-11-26 00:00:00-05:00,45.566841025756275,45.71148358472393,45.566841025756275,45.62506103515625,11800,0.0,0.0,0.0
2019-11-27 00:00:00-05:00,45.6851050790938,45.72603988647461,45.63143106538077,45.72603988647461,2500,0.0,0.0,0.0
2019-11-29 00:00:00-05:00,45.748781508814176,45.748781508814176,45.672367095947266,45.672367095947266,2100,0.0,0.0,0.0
2019-12-02 00:00:00-05:00,45.740921032625714,45.740921032625714,45.60380656770828,45.63762664794922,700,0.241,0.0,0.0
2019-12-03 00:00:00-05:00,45.51241085561602,45.62210036334349,45.50326802924155,45.61844253540039,5600,0.0,0.0,0.0
2019-12-04 00:00:00-05:00,45.619349325698515,45.70435806480847,45.61295074346517,45.671451568603516,5700,0.0,0.0,0.0
2019-12-05 00:00:00-05:00,45.69156067787959,45.77748648857521,45.69156067787959,45.753719329833984,1600,0.0,0.0,0.0
2019-12-06 00:00:00-05:00,45.81404736227567,45.84147234814023,45.759204364478116,45.81861877441406,16800,0.0,0.0,0.0
2019-12-09 00:00:00-05:00,45.81770404417121,45.84147120233784,45.79028254595783,45.80582046508789,1500,0.0,0.0,0.0
2019-12-10 00:00:00-05:00,45.825027544082744,45.8670768737793,45.825027544082744,45.8670768737793,1000,0.0,0.0,0.0
2019-12-11 00:00:00-05:00,45.91459633728234,45.996864318847656,45.88717483908246,45.996864318847656,3300,0.0,0.0,0.0
2019-12-12 00:00:00-05:00,46.079137575554775,46.14312340332338,45.99686958457141,46.09741973876953,15200,0.0,0.0,0.0
2019-12-13 00:00:00-05:00,46.07000360320407,46.161410942957986,46.07000360320407,46.1367301940918,9400,0.0,0.0,0.0
2019-12-16 00:00:00-05:00,46.17969634680115,46.2436821865094,46.170553520004695,46.23454284667969,3000,0.0,0.0,0.0
2019-12-17 00:00:00-05:00,46.24001527080424,46.32594108836352,46.24001527080424,46.26195526123047,3200,0.0,0.0,0.0
2019-12-18 00:00:00-05:00,46.30764997258286,46.43470801717784,46.30764997258286,46.39631652832031,2700,0.0,0.0,0.0
2019-12-19 00:00:00-05:00,46.469815589824265,46.53411432277573,46.42388842400439,46.470733642578125,18300,0.247,0.0,0.0
2019-12-20 00:00:00-05:00,46.47898777635203,46.575439355216965,46.47898777635203,46.48358154296875,2800,0.0,0.0,0.0
2019-12-23 00:00:00-05:00,46.47715713888791,46.53410793797632,46.47715713888791,46.48726272583008,4800,0.0,0.0,0.0
2019-12-24 00:00:00-05:00,46.47990593727506,46.51572750302024,46.47990593727506,46.48908996582031,500,0.0,0.0,0.0
2019-12-26 00:00:00-05:00,46.58002424600671,46.58002424600671,46.55338670993272,46.57175827026367,1500,0.0,0.0,0.0
2019-12-27 00:00:00-05:00,46.57084361383404,46.59839920433143,46.5341004904928,46.56624984741211,7400,0.0,0.0,0.0
2019-12-30 00:00:00-05:00,46.54328795209489,46.60759017469321,46.52491989308665,46.59748458862305,13900,0.0,0.0,0.0
2019-12-31 00:00:00-05:00,46.589219919392114,46.61677551269531,46.573602513574166,46.61677551269531,6100,0.0,0.0,0.0
2020-01-02 00:00:00-05:00,46.653516224860574,46.69025935004122,46.64432869155677,46.675559997558594,4100,0.0,0.0,0.0
2020-01-03 00:00:00-05:00,46.635145313941585,46.635145313941585,46.589218158832644,46.60758972167969,4400,0.0,0.0,0.0
2020-01-06 00:00:00-05:00,46.67189583363212,46.699451430259515,46.6489305004307,46.68107986450195,4700,0.0,0.0,0.0
2020-01-07 00:00:00-05:00,46.72700702688691,46.72700702688691,46.66638401350306,46.68107986450195,6500,0.0,0.0,0.0
2020-01-08 00:00:00-05:00,46.69485766281566,46.77201613658667,46.68107986450195,46.68107986450195,1600,0.0,0.0,0.0
2020-01-09 00:00:00-05:00,46.720575200504925,46.80049133300781,46.720575200504925,46.80049133300781,1000,0.0,0.0,0.0
2020-01-10 00:00:00-05:00,46.809672347764426,46.809672347764426,46.77292922015287,46.7747688293457,3800,0.0,0.0,0.0
2020-01-13 00:00:00-05:00,46.82804400171047,46.85559959546342,46.77292931018704,46.814266204833984,3400,0.0,0.0,0.0
2020-01-14 00:00:00-05:00,46.8372344459246,46.90153317135512,46.78211975097656,46.78211975097656,15400,0.0,0.0,0.0
2020-01-15 00:00:00-05:00,46.91072379166883,46.91072379166883,46.87398065654194,46.88132858276367,3100,0.0,0.0,0.0
2020-01-16 00:00:00-05:00,46.97501066274283,46.97501066274283,46.87488687121438,46.946537017822266,6600,0.0,0.0,0.0
2020-01-17 00:00:00-05:00,47.00257337321039,47.00257337321039,46.88316345214844,46.88316345214844,3500,0.0,0.0,0.0
2020-01-21 00:00:00-05:00,46.94929437599582,46.94929437599582,46.79130172729492,46.79130172729492,17300,0.0,0.0,0.0
2020-01-22 00:00:00-05:00,46.87581169474593,46.919902748032385,46.84733454382334,46.86478805541992,22500,0.0,0.0,0.0
2020-01-23 00:00:00-05:00,46.82345572514051,46.82345572514051,46.7729347946578,46.783958435058594,2600,0.0,0.0,0.0
2020-01-24 00:00:00-05:00,46.770172348602955,46.770172348602955,46.64432907104492,46.64432907104492,3600,0.0,0.0,0.0
2020-01-27 00:00:00-05:00,46.27600187826627,46.413783377333836,46.27600187826627,46.30815124511719,4000,0.0,0.0,0.0
2020-01-28 00:00:00-05:00,46.53686221901311,46.61677835008102,46.52492403080123,46.56350326538086,11900,0.0,0.0,0.0
2020-01-29 00:00:00-05:00,46.61677325512654,46.61677325512654,46.52859115600586,46.52859115600586,1100,0.0,0.0,0.0
2020-01-30 00:00:00-05:00,46.44225883255904,46.56442642211914,46.38714413253923,46.56442642211914,3800,0.0,0.0,0.0
2020-01-31 00:00:00-05:00,46.44683746797649,46.7086260954987,46.41468811035156,46.41468811035156,16200,0.0,0.0,0.0
2020-02-03 00:00:00-05:00,46.5420715376336,46.5817596887088,46.390702365980516,46.476539611816406,6600,0.243,0.0,0.0
2020-02-04 00:00:00-05:00,46.648215275588115,46.648215275588115,46.58452833090207,46.63713836669922,11200,0.0,0.0,0.0
2020-02-05 00:00:00-05:00,46.77743068559317,46.786659095018486,46.73497155195716,46.7515869140625,4200,0.0,0.0,0.0
2020-02-06 00:00:00-05:00,46.753430972383974,46.84665515840057,46.753430972383974,46.83465576171875,2900,0.0,0.0,0.0
2020-02-07 00:00:00-05:00,46.77465402655482,46.81434568883545,46.77465402655482,46.78388595581055,6900,0.0,0.0,0.0
2020-02-10 00:00:00-05:00,46.84665843939184,46.878963155432444,46.83281406408158,46.85865783691406,3700,0.0,0.0,0.0
2020-02-11 00:00:00-05:00,47.01095283576932,47.017413779437774,46.962036274251126,46.997108459472656,3100,0.0,0.0,0.0
2020-02-12 00:00:00-05:00,47.071869135562665,47.17339924947722,47.04510287373791,47.17155075073242,3000,0.0,0.0,0.0
2020-02-13 00:00:00-05:00,47.13739746098903,47.17431813976881,47.10139927103629,47.12724304199219,3900,0.0,0.0,0.0
2020-02-14 00:00:00-05:00,47.14017292175393,47.14017292175393,47.072792500539336,47.118019104003906,1200,0.0,0.0,0.0
2020-02-18 00:00:00-05:00,47.07279117681075,47.146632539300946,47.07279117681075,47.12632369995117,5600,0.0,0.0,0.0
2020-02-19 00:00:00-05:00,47.16232398010191,47.22047247120959,47.15401805878656,47.18355178833008,7400,0.0,0.0,0.0
2020-02-20 00:00:00-05:00,47.10048811307844,47.18632888793945,47.10048811307844,47.18632888793945,3400,0.0,0.0,0.0
2020-02-21 00:00:00-05:00,47.10047819329189,47.174319553063654,47.10047819329189,47.173397064208984,11000,0.0,0.0,0.0
2020-02-24 00:00:00-05:00,46.76819711353384,46.820810664545654,46.66482203103991,46.739585876464844,6800,0.0,0.0,0.0
2020-02-25 00:00:00-05:00,46.95280213536565,46.95280213536565,46.46361541748047,46.46361541748047,4700,0.0,0.0,0.0
2020-02-26 00:00:00-05:00,46.570675882291255,46.59190368652344,46.380537570109105,46.59190368652344,4200,0.0,0.0,0.0
2020-02-27 00:00:00-05:00,46.11287127001336,46.27716582505987,45.93196487426758,45.93196487426758,7200,0.0,0.0,0.0
2020-02-28 00:00:00-05:00,45.189879847658645,46.131336117936954,45.189879847658645,46.06672668457031,21500,0.0,0.0,0.0
2020-03-02 00:00:00-05:00,46.021280527337446,46.44513702392578,45.956357599855004,46.44513702392578,5400,0.241,0.0,0.0
2020-03-03 00:00:00-05:00,46.44791532221857,46.631553424833655,46.15112028688274,46.32177734375,4700,0.0,0.0,0.0
2020-03-04 00:00:00-05:00,46.6018754382068,46.856005338877495,46.559213825154956,46.830963134765625,6900,0.0,0.0,0.0
2020-03-05 00:00:00-05:00,46.4293714382017,46.605590306963585,46.19750282970934,46.288394927978516,3400,0.0,0.0,0.0
2020-03-06 00:00:00-05:00,45.817239180424835,45.849700644607566,45.5315747575826,45.84877014160156,13100,0.0,0.0,0.0
2020-03-09 00:00:00-04:00,43.377976787854344,44.02813652052917,43.34366139657747,43.9390983581543,20300,0.0,0.0,0.0
2020-03-10 00:00:00-04:00,44.53732370893129,44.650473582724175,44.13850941063911,44.63099670410156,17100,0.0,0.0,0.0
2020-03-11 00:00:00-04:00,44.027205116141076,44.027205116141076,43.461445240381764,43.54584503173828,3700,0.0,0.0,0.0
2020-03-12 00:00:00-04:00,41.671430306784515,42.65455456790552,37.76676344169172,41.70667266845703,68200,0.0,0.0,0.0
2020-03-13 00:00:00-04:00,41.86619571555102,43.014408111572266,41.652877018609225,43.014408111572266,4900,0.0,0.0,0.0
2020-03-16 00:00:00-04:00,39.937052060589586,41.267048699324434,39.603160684395334,40.44159698486328,5300,0.0,0.0,0.0
2020-03-17 00:00:00-04:00,40.233844016589835,40.706854445636864,38.84263229370117,38.84263229370117,18900,0.0,0.0,0.0
2020-03-18 00:00:00-04:00,39.34345792510321,39.812760399897186,38.21194169021884,38.610755920410156,8600,0.0,0.0,0.0
2020-03-19 00:00:00-04:00,38.592210217307986,38.801817506296295,37.989350444168515,38.236061096191406,4600,0.0,0.0,0.0
2020-03-20 00:00:00-04:00,37.87341848202375,38.31489793549541,37.29374694824219,37.29374694824219,5200,0.0,0.0,0.0
2020-03-23 00:00:00-04:00,37.595177660014734,37.595177660014734,36.811460597356565,37.00437545776367,14300,0.0,0.0,0.0
2020-03-24 00:00:00-04:00,37.80756520307232,38.0626220703125,37.39576635591157,38.0626220703125,5100,0.0,0.0,0.0
2020-03-25 00:00:00-04:00,38.74987382494303,39.08098423347732,37.980072021484375,37.980072021484375,11000,0.0,0.0,0.0
2020-03-26 00:00:00-04:00,38.66640676210722,39.964872347388486,38.66640676210722,39.927772521972656,5100,0.0,0.0,0.0
2020-03-27 00:00:00-04:00,40.06688477828901,40.53062186244043,39.86933161996562,40.17725372314453,4000,0.0,0.0,0.0
2020-03-30 00:00:00-04:00,40.38408799565168,41.02219009399414,40.38408799565168,41.02219009399414,4900,0.0,0.0,0.0
2020-03-31 00:00:00-04:00,40.65120671603852,40.78105257255148,40.53063404726181,40.72540283203125,4100,0.0,0.0,0.0
2020-04-01 00:00:00-04:00,40.57243561267037,40.57243561267037,39.87291086072778,40.07810592651367,5900,0.246,0.0,0.0
2020-04-02 00:00:00-04:00,39.87291301980264,40.25531976258616,39.86358758811053,40.183502197265625,4300,0.0,0.0,0.0
2020-04-03 00:00:00-04:00,40.44652686285269,40.507151066691684,39.555796879715,40.0100212097168,2800,0.0,0.0,0.0
2020-04-06 00:00:00-04:00,40.24878786540012,40.24878786540012,40.1387292782834,40.22733688354492,900,0.0,0.0,0.0
2020-04-07 00:00:00-04:00,40.73938634869942,40.908204747443015,40.10887908935547,40.10887908935547,3800,0.0,0.0,0.0
2020-04-08 00:00:00-04:00,41.318599844617374,41.318599844617374,40.415747845696956,41.09941482543945,2100,0.0,0.0,0.0
2020-04-09 00:00:00-04:00,43.165334583468926,43.165334583468926,41.74763082251408,42.572139739990234,8200,0.0,0.0,0.0
2020-04-13 00:00:00-04:00,41.99014482998354,42.53110885620117,41.99014482998354,42.53110885620117,1100,0.0,0.0,0.0
2020-04-14 00:00:00-04:00,42.90418609827263,43.11870660180796,42.7101843903502,42.96947479248047,2900,0.0,0.0,0.0
2020-04-15 00:00:00-04:00,42.60572033731758,42.71764329919373,42.35389100462111,42.517112731933594,2100,0.0,0.0,0.0
2020-04-16 00:00:00-04:00,42.45928133693727,42.97040101345832,42.45928133693727,42.67100524902344,1200,0.0,0.0,0.0
2020-04-17 00:00:00-04:00,42.96574953061244,43.006787125169254,42.377215489653004,42.94615936279297,11200,0.0,0.0,0.0
2020-04-20 00:00:00-04:00,42.71764373779297,42.71764373779297,42.68313501736882,42.71764373779297,800,0.0,0.0,0.0
2020-04-21 00:00:00-04:00,41.915524502928136,42.29793124915766,41.80360153177896,42.0974006652832,6700,0.0,0.0,0.0
2020-04-22 00:00:00-04:00,42.10206517264242,42.201866149902344,42.03677647628878,42.201866149902344,900,0.0,0.0,0.0
2020-04-23 00:00:00-04:00,42.083407593683255,42.437834460130446,42.026512145996094,42.026512145996094,700,0.0,0.0,0.0
2020-04-24 00:00:00-04:00,41.924856491463586,42.01812504776467,41.831584377195135,41.85023880004883,5800,0.0,0.0,0.0
2020-04-27 00:00:00-04:00,41.682347982564686,41.95189955999276,41.682347982564686,41.91086196899414,2100,0.0,0.0,0.0
2020-04-28 00:00:00-04:00,41.971488554253526,41.971488554253526,41.915525288646336,41.92485427856445,200,0.0,0.0,0.0
2020-04-29 00:00:00-04:00,42.18600636892682,42.20839309692383,42.01812014081701,42.20839309692383,2000,0.0,0.0,0.0
2020-04-30 00:00:00-04:00,41.999460840881504,42.47513961791992,41.77561493471821,42.47513961791992,3200,0.0,0.0,0.0
2020-05-01 00:00:00-04:00,42.21260412256618,42.2501106262207,41.81879298782774,42.2501106262207,1000,0.24,0.0,0.0
2020-05-04 00:00:00-04:00,41.800045397860515,42.029766484773454,41.800045397860515,41.99225997924805,1300,0.0,0.0,0.0
2020-05-05 00:00:00-04:00,42.372001108189814,42.372001108189814,42.01570005635887,42.10946273803711,1000,0.0,0.0,0.0
2020-05-06 00:00:00-04:00,41.9500602310493,42.35136832153615,41.9500602310493,42.08414077758789,2300,0.0,0.0,0.0
2020-05-07 00:00:00-04:00,42.23792217900837,42.23792217900837,42.207916259765625,42.207916259765625,500,0.0,0.0,0.0
2020-05-08 00:00:00-04:00,42.30636679879222,42.597036836847366,42.30636679879222,42.47983169555664,1400,0.0,0.0,0.0
2020-05-11 00:00:00-04:00,42.320426995240524,42.653292713837565,42.320426995240524,42.568904876708984,1300,0.0,0.0,0.0
2020-05-12 00:00:00-04:00,42.728310672972015,42.728310672972015,42.404823303222656,42.404823303222656,600,0.0,0.0,0.0
2020-05-13 00:00:00-04:00,41.987570014798365,42.207916259765625,41.987570014798365,42.207916259765625,800,0.0,0.0,0.0
2020-05-14 00:00:00-04:00,42.19385644031828,42.19385644031828,42.12446975708008,42.12446975708008,700,0.0,0.0,0.0
2020-05-15 00:00:00-04:00,41.97350113705098,42.053199768066406,41.87504925577014,42.053199768066406,2100,0.0,0.0,0.0
2020-05-18 00:00:00-04:00,42.268861163163834,42.61578735764287,42.2313546619183,42.54546356201172,1700,0.0,0.0,0.0
2020-05-19 00:00:00-04:00,42.47982709622889,42.81268923223723,42.47982709622889,42.646728515625,2700,0.0,0.0,0.0
2020-05-20 00:00:00-04:00,42.83144985111829,43.076175689697266,42.822071436199344,43.076175689697266,3400,0.0,0.0,0.0
2020-05-21 00:00:00-04:00,42.85020093006893,43.28151499720754,42.85020093006893,43.2205696105957,800,0.0,0.0,0.0
2020-05-22 00:00:00-04:00,43.08460153505819,43.45965576171875,43.08460153505819,43.45965576171875,14900,0.0,0.0,0.0
2020-05-26 00:00:00-04:00,43.422160162089014,43.65657043457031,43.422160162089014,43.65657043457031,1200,0.0,0.0,0.0
2020-05-27 00:00:00-04:00,43.76533251441061,43.947235107421875,43.76533251441061,43.947235107421875,1000,0.0,0.0,0.0
2020-05-28 00:00:00-04:00,43.94067164867216,44.228526707669346,43.92848185716314,43.947235107421875,7800,0.0,0.0,0.0
2020-05-29 00:00:00-04:00,44.019439104933745,44.10664190926718,43.86285319976109,43.9378662109375,2600,0.0,0.0,0.0
2020-06-01 00:00:00-04:00,44.17628111510646,44.17628111510646,43.96048359231842,44.068851470947266,3500,0.234,0.0,0.0
2020-06-02 00:00:00-04:00,44.130099322811795,44.58242532421174,44.08297911025069,44.4853630065918,6700,0.0,0.0,0.0
2020-06-03 00:00:00-04:00,45.119569447048995,45.119569447048995,44.9669068373932,45.0234489440918,500,0.0,0.0,0.0
2020-06-04 00:00:00-04:00,44.83686334656303,45.12898855962605,44.83686334656303,44.95936584472656,2200,0.0,0.0,0.0
2020-06-05 00:00:00-04:00,45.4682316836651,45.60958513716905,45.16668100463983,45.3363037109375,4400,0.0,0.0,0.0
2020-06-08 00:00:00-04:00,45.517232562549815,45.661415100097656,45.47765417020889,45.661415100097656,2000,0.0,0.0,0.0
2020-06-09 00:00:00-04:00,45.56247287992293,45.59074573242192,45.27694403044518,45.37871551513672,2000,0.0,0.0,0.0
2020-06-10 00:00:00-04:00,45.22323239668699,45.49651028429933,45.190250396728516,45.190250396728516,2700,0.0,0.0,0.0
2020-06-11 00:00:00-04:00,44.761478867891384,44.761478867891384,44.073566045083346,44.164031982421875,5000,0.0,0.0,0.0
2020-06-12 00:00:00-04:00,44.620126914301196,44.65782165527344,44.620126914301196,44.65782165527344,400,0.0,0.0,0.0
2020-06-15 00:00:00-04:00,44.29030063666121,44.737913939230964,44.29030063666121,44.61069869995117,1200,0.0,0.0,0.0
2020-06-16 00:00:00-04:00,45.09129201878589,45.365515277068496,44.846283437500595,45.204376220703125,5100,0.0,0.0,0.0
2020-06-17 00:00:00-04:00,45.279764176850755,45.31463342502476,45.0677375793457,45.0677375793457,1600,0.0,0.0,0.0
2020-06-18 00:00:00-04:00,45.35515647217174,45.374003841198444,45.053605757280636,45.15726089477539,2900,0.0,0.0,0.0
2020-06-19 00:00:00-04:00,45.091296983772764,45.091296983772764,45.01591110229492,45.01591110229492,1900,0.0,0.0,0.0
2020-06-22 00:00:00-04:00,45.03475981071567,45.3174631655095,44.91225370555668,45.07716369628906,1600,0.0,0.0,0.0
2020-06-23 00:00:00-04:00,45.22982420379014,45.23264969145607,44.95183000828203,45.039466857910156,1400,0.0,0.0,0.0
2020-06-24 00:00:00-04:00,44.78973951046903,44.97820957787949,44.7614702585261,44.785030364990234,1900,0.0,0.0,0.0
2020-06-25 00:00:00-04:00,45.091294831669146,45.091294831669146,44.7803222439169,44.86984634399414,4600,0.0,0.0,0.0
2020-06-26 00:00:00-04:00,44.76147082235862,44.76147082235862,44.44578552246094,44.44578552246094,10100,0.0,0.0,0.0
2020-06-29 00:00:00-04:00,44.52588682649768,44.52588682649768,43.64950400455345,44.14423751831055,136600,0.0,0.0,0.0
2020-06-30 00:00:00-04:00,44.285595446185695,44.40338881902515,44.13953281419068,44.3280029296875,12600,0.0,0.0,0.0
2020-07-01 00:00:00-04:00,46.37389149735164,46.37389149735164,44.3469286428644,44.413230895996094,9800,0.24,0.0,0.0
2020-07-02 00:00:00-04:00,44.55531926817288,44.87736040454498,44.55531926817288,44.62540817260742,12600,0.0,0.0,0.0
2020-07-06 00:00:00-04:00,44.7068655711202,44.877358141378224,44.6879215507357,44.75896072387695,11300,0.0,0.0,0.0
2020-07-07 00:00:00-04:00,44.8707222143715,44.94365469632487,44.829994201660156,44.829994201660156,1100,0.0,0.0,0.0
2020-07-08 00:00:00-04:00,45.05732293958916,45.05732293958916,44.830001911166875,44.95313262939453,2200,0.0,0.0,0.0
2020-07-09 00:00:00-04:00,45.04785113025827,45.04785113025827,44.65477083333264,44.88777542114258,2300,0.0,0.0,0.0
2020-07-10 00:00:00-04:00,44.97207538691601,44.97207538691601,44.776955225554296,44.844207763671875,2400,0.0,0.0,0.0
2020-07-13 00:00:00-04:00,45.11321588785762,45.16152080150412,44.626365661621094,44.626365661621094,5000,0.0,0.0,0.0
2020-07-14 00:00:00-04:00,44.65951644065545,45.084797680848524,44.65951644065545,44.99102783203125,1400,0.0,0.0,0.0
2020-07-15 00:00:00-04:00,45.038385605459744,45.26949691772461,45.038385605459744,45.26949691772461,1300,0.0,0.0,0.0
2020-07-16 00:00:00-04:00,45.104685117888664,45.379368029945645,45.104685117888664,45.298858642578125,8200,0.0,0.0,0.0
2020-07-17 00:00:00-04:00,45.32725816843358,45.46459957991545,45.18044655518133,45.334835052490234,5600,0.0,0.0,0.0
2020-07-20 00:00:00-04:00,45.34147653402177,45.57827138228644,45.34147653402177,45.49586868286133,26600,0.0,0.0,0.0
2020-07-21 00:00:00-04:00,45.83401056352188,45.97608891872742,45.48355519740493,45.729820251464844,21700,0.0,0.0,0.0
2020-07-22 00:00:00-04:00,45.77718176639014,46.03291702270508,45.71087588477954,46.03291702270508,19300,0.0,0.0,0.0
2020-07-23 00:00:00-04:00,45.79611997261575,45.952405432006735,45.62562740113511,45.78948974609375,2600,0.0,0.0,0.0
2020-07-24 00:00:00-04:00,46.070799742289175,46.070799742289175,45.90030718231046,45.94293212890625,1700,0.0,0.0,0.0
2020-07-27 00:00:00-04:00,46.13710010391263,46.13710010391263,45.88420486450195,45.88420486450195,10800,0.0,0.0,0.0
2020-07-28 00:00:00-04:00,45.88137218525308,46.21288716738008,45.88137218525308,45.959041595458984,6500,0.0,0.0,0.0
2020-07-29 00:00:00-04:00,46.00450390755555,46.31517791748047,46.00450390755555,46.31517791748047,10000,0.0,0.0,0.0
2020-07-30 00:00:00-04:00,46.15226382723034,46.38621508031986,46.15226382723034,46.250770568847656,1600,0.0,0.0,0.0
2020-07-31 00:00:00-04:00,46.30759852910424,46.56617736816406,46.28865450823942,46.56617736816406,3700,0.0,0.0,0.0
2020-08-03 00:00:00-04:00,46.65470574191704,46.65470574191704,46.507155799331656,46.56903076171875,1300,0.246,0.0,0.0
2020-08-04 00:00:00-04:00,46.73086222325014,46.91173000935212,46.63566941611706,46.66422653198242,800,0.0,0.0,0.0
2020-08-05 00:00:00-04:00,46.79083418650705,46.79083418650705,46.54047281957725,46.673744201660156,3400,0.0,0.0,0.0
2020-08-06 00:00:00-04:00,46.74990420404317,46.89269342296836,46.66422922013885,46.79750061035156,4400,0.0,0.0,0.0
2020-08-07 00:00:00-04:00,46.78798250026149,46.864136023622336,46.66327751977726,46.83081817626953,1400,0.0,0.0,0.0
2020-08-10 00:00:00-04:00,46.921249655473666,46.96789463755833,46.807013933681574,46.88317108154297,6300,0.0,0.0,0.0
2020-08-11 00:00:00-04:00,46.883177579204,46.97837039585108,46.56427764892578,46.56427764892578,4400,0.0,0.0,0.0
2020-08-12 00:00:00-04:00,46.787986755371094,46.930775986423455,46.787986755371094,46.787986755371094,3700,0.0,0.0,0.0
2020-08-13 00:00:00-04:00,46.76894661582513,46.76894661582513,46.454803776741464,46.523345947265625,2000,0.0,0.0,0.0
2020-08-14 00:00:00-04:00,46.68327501011677,46.68327501011677,46.473846435546875,46.473846435546875,1900,0.0,0.0,0.0
2020-08-17 00:00:00-04:00,46.35961009503064,46.52619934082031,46.35961009503064,46.52619934082031,7100,0.0,0.0,0.0
2020-08-18 00:00:00-04:00,46.60711389442944,46.626153184265284,46.40720679821287,46.497642517089844,2300,0.0,0.0,0.0
2020-08-19 00:00:00-04:00,46.61664099034815,46.65281310344772,46.530965991416515,46.54143524169922,3300,0.0,0.0,0.0
2020-08-20 00:00:00-04:00,46.64423579976968,46.673744335298466,46.55475151075906,46.65470504760742,2700,0.0,0.0,0.0
2020-08-21 00:00:00-04:00,46.526194819927746,46.80701614534711,46.48906766388513,46.60710906982422,5000,0.0,0.0,0.0
2020-08-24 00:00:00-04:00,46.67184490680163,46.73086561354536,46.58807276111339,46.71182632446289,1400,0.0,0.0,0.0
2020-08-25 00:00:00-04:00,46.816539899149525,46.816539899149525,46.72610418520246,46.79750061035156,500,0.0,0.0,0.0
2020-08-26 00:00:00-04:00,46.902210368508314,46.91172819630465,46.74989970415821,46.88317108154297,7600,0.0,0.0,0.0
2020-08-27 00:00:00-04:00,46.673742411475345,47.01644231304291,46.65470312456907,46.8974494934082,600,0.0,0.0,0.0
2020-08-28 00:00:00-04:00,46.79750400487059,46.997411104690194,46.64519331481185,46.84986114501953,45900,0.0,0.0,0.0
2020-08-31 00:00:00-04:00,46.90221502268065,47.00692929569467,46.90221502268065,46.958377838134766,2700,0.0,0.0,0.0
2020-09-01 00:00:00-04:00,46.97751291557641,47.015776884268455,46.77663255352254,46.96794509887695,3100,0.239,0.0,0.0
2020-09-02 00:00:00-04:00,46.87228699753516,47.08273516807812,46.87228699753516,46.99664306640625,6800,0.0,0.0,0.0
2020-09-03 00:00:00-04:00,47.12100082637381,47.12100082637381,46.80533218383789,46.80533218383789,6600,0.0,0.0,0.0
2020-09-04 00:00:00-04:00,47.27404991240294,47.27404991240294,46.422696672275,47.05308151245117,11000,0.0,0.0,0.0
2020-09-08 00:00:00-04:00,46.80532764775513,46.84359161558244,46.52791935458636,46.81489181518555,11600,0.0,0.0,0.0
2020-09-09 00:00:00-04:00,46.862721397136355,47.02533777918088,46.862721397136355,46.99568557739258,4200,0.0,0.0,0.0
2020-09-10 00:00:00-04:00,47.1496934760535,47.1496934760535,46.87228519808811,46.91054916381836,3900,0.0,0.0,0.0
2020-09-11 00:00:00-04:00,46.51835390364047,46.9870747249074,46.51835390364047,46.89141845703125,1600,0.0,0.0,0.0
2020-09-14 00:00:00-04:00,47.149691481319415,47.149691481319415,46.81775907321022,46.8818473815918,4900,0.0,0.0,0.0
2020-09-15 00:00:00-04:00,46.94403213988551,47.0157761678266,46.94403213988551,46.95742416381836,1000,0.0,0.0,0.0
2020-09-16 00:00:00-04:00,47.09229881723683,47.245351035297055,47.07125473022461,47.07125473022461,8700,0.0,0.0,0.0
2020-09-17 00:00:00-04:00,47.08273678563764,47.3027491310127,47.00429674490021,47.14012908935547,12200,0.0,0.0,0.0
2020-09-18 00:00:00-04:00,47.034904923573386,47.054036907799016,46.98707678753576,47.03012466430664,6800,0.0,0.0,0.0
2020-09-21 00:00:00-04:00,46.93924806913343,46.93924806913343,46.64270779089467,46.75749969482422,9600,0.0,0.0,0.0
2020-09-22 00:00:00-04:00,46.78619588019657,46.78619588019657,46.63888361733831,46.64270782470703,6900,0.0,0.0,0.0
2020-09-23 00:00:00-04:00,46.48008438416807,46.51834834636845,46.17397998466962,46.24094009399414,1100,0.0,0.0,0.0
2020-09-24 00:00:00-04:00,45.953975239950935,46.246687665767055,45.953975239950935,46.118507385253906,11900,0.0,0.0,0.0
2020-09-25 00:00:00-04:00,46.278257177888776,46.3270413674804,46.27442932128906,46.27442932128906,700,0.0,0.0,0.0
2020-09-28 00:00:00-04:00,46.47053176448161,46.49922791873577,46.3461756809583,46.40835189819336,1600,0.0,0.0,0.0
2020-09-29 00:00:00-04:00,46.40356135941663,46.42938935417639,46.39399719238281,46.39399719238281,1300,0.0,0.0,0.0
2020-09-30 00:00:00-04:00,46.537489864644506,46.537489864644506,46.494441986083984,46.494441986083984,500,0.0,0.0,0.0
2020-10-01 00:00:00-04:00,46.51944516823061,46.740599588601896,46.51944516823061,46.7021369934082,2100,0.251,0.0,0.0
2020-10-02 00:00:00-04:00,46.50501637547875,46.71174821192738,46.50501637547875,46.65886306762695,2100,0.0,0.0,0.0
2020-10-05 00:00:00-04:00,46.893487125538755,46.96175585048786,46.893487125538755,46.908870697021484,69600,0.0,0.0,0.0
2020-10-06 00:00:00-04:00,46.96175151963975,47.09636692768705,46.846367408169876,46.85982894897461,4900,0.0,0.0,0.0
2020-10-07 00:00:00-04:00,47.163666588870804,47.250205574714364,47.080014314418705,47.1780891418457,4200,0.0,0.0,0.0
2020-10-08 00:00:00-04:00,47.307901468726605,47.34636405695998,47.20213118508199,47.2550163269043,4500,0.0,0.0,0.0
2020-10-09 00:00:00-04:00,47.38482649974876,47.39444398151921,47.25021109891907,47.289634704589844,5600,0.0,0.0,0.0
2020-10-12 00:00:00-04:00,47.58675306858883,47.68290587792095,47.445403230318334,47.59636688232422,9100,0.0,0.0,0.0
2020-10-13 00:00:00-04:00,47.56752431206344,47.56752431206344,47.41367760812366,47.52136993408203,1100,0.0,0.0,0.0
2020-10-14 00:00:00-04:00,47.54829466671296,47.54829466671296,47.31271769549849,47.384830474853516,6200,0.0,0.0,0.0
2020-10-15 00:00:00-04:00,47.37521199122341,47.4617509859155,47.29348173734602,47.34636688232422,4900,0.0,0.0,0.0
2020-10-16 00:00:00-04:00,47.2694452734777,47.48098586937687,47.2694452734777,47.33386993408203,6500,0.0,0.0,0.0
2020-10-19 00:00:00-04:00,47.442517037532625,47.452130850629885,47.314632415771484,47.314632415771484,6500,0.0,0.0,0.0
2020-10-20 00:00:00-04:00,47.48099015039197,47.577142974654734,47.39445114135742,47.39445114135742,2500,0.0,0.0,0.0
2020-10-21 00:00:00-04:00,47.4809849187429,47.586755214574815,47.41367721557617,47.41367721557617,4500,0.0,0.0,0.0
2020-10-22 00:00:00-04:00,47.384826703840254,47.59636728776637,47.384826703840254,47.538673400878906,2400,0.0,0.0,0.0
2020-10-23 00:00:00-04:00,47.55790029207147,47.59636287976768,47.48578385713964,47.572322845458984,2700,0.0,0.0,0.0
2020-10-26 00:00:00-04:00,47.57713348914539,47.57713348914539,47.288671405872975,47.341556549072266,6100,0.0,0.0,0.0
2020-10-27 00:00:00-04:00,47.47136684234179,47.47136684234179,47.31752014160156,47.31752014160156,400,0.0,0.0,0.0
2020-10-28 00:00:00-04:00,47.04829125146218,47.12521277097268,46.865599433129276,47.086753845214844,9300,0.0,0.0,0.0
2020-10-29 00:00:00-04:00,47.13483029079874,47.192524181473495,47.04925230342937,47.11079025268555,3800,0.0,0.0,0.0
2020-10-30 00:00:00-04:00,47.04829125146218,47.14444406784901,46.95790452294291,47.086753845214844,7100,0.0,0.0,0.0
2020-11-02 00:00:00-05:00,47.250121296175514,47.250121296175514,46.97945525197821,47.16118621826172,7100,0.259,0.0,0.0
2020-11-03 00:00:00-05:00,47.32744169458569,47.39510726928711,47.2501111895686,47.39510726928711,4500,0.0,0.0,0.0
2020-11-04 00:00:00-05:00,47.636776039601585,47.83010785347936,47.631945417690424,47.71894454956055,3500,0.0,0.0,0.0
2020-11-05 00:00:00-05:00,47.88810962528586,48.16747076569567,47.80207661578334,47.95674133300781,10100,0.0,0.0,0.0
2020-11-06 00:00:00-05:00,47.94610892589452,48.091108718638324,47.94610892589452,48.081443786621094,4000,0.0,0.0,0.0
2020-11-09 00:00:00-05:00,48.458434578004294,48.74843045059158,48.458434578004294,48.526100158691406,6200,0.0,0.0,0.0
2020-11-10 00:00:00-05:00,48.61309795970224,48.71943063715893,48.550263002570105,48.56476593017578,8600,0.0,0.0,0.0
2020-11-11 00:00:00-05:00,48.50676642523562,48.624696285059215,48.47776794433594,48.47776794433594,7600,0.0,0.0,0.0
2020-11-12 00:00:00-05:00,48.51643481077606,48.52610343009608,48.216773986816406,48.216773986816406,10600,0.0,0.0,0.0
2020-11-13 00:00:00-05:00,48.22933729167588,48.39076855949709,48.22933729167588,48.347267150878906,7700,0.0,0.0,0.0
2020-11-16 00:00:00-05:00,48.50676944931251,48.59280246050907,48.39077183098452,48.497100830078125,22000,0.0,0.0,0.0
2020-11-17 00:00:00-05:00,48.51642905203214,48.52609767020453,48.443932853226215,48.487430572509766,7400,0.0,0.0,0.0
2020-11-18 00:00:00-05:00,48.5261019115596,48.61310104522814,48.49709974200494,48.50193405151367,5800,0.0,0.0,0.0
2020-11-19 00:00:00-05:00,48.44876840027572,48.74843290662887,48.44876840027572,48.7252311706543,3800,0.0,0.0,0.0
2020-11-20 00:00:00-05:00,48.6324332567133,48.68076528797666,48.61309970670843,48.64886474609375,4300,0.0,0.0,0.0
2020-11-23 00:00:00-05:00,48.75810224028359,48.75810224028359,48.68077171754821,48.70977020263672,6700,0.0,0.0,0.0
2020-11-24 00:00:00-05:00,48.954328856352866,49.03069324322417,48.81609563549988,48.970760345458984,10300,0.0,0.0,0.0
2020-11-25 00:00:00-05:00,48.980423949457254,49.00942611694336,48.93209192031035,49.00942611694336,4400,0.0,0.0,0.0
2020-11-27 00:00:00-05:00,49.10609375541152,49.10609375541152,49.00556150495758,49.04326248168945,1600,0.0,0.0,0.0
2020-11-30 00:00:00-05:00,49.041329568344544,49.06259536743164,48.97076192535341,49.06259536743164,8500,0.0,0.0,0.0
2020-12-01 00:00:00-05:00,49.13060412798913,49.22775630269933,49.038306967731906,49.141292572021484,19600,0.255,0.0,0.0
2020-12-02 00:00:00-05:00,49.256904290197056,49.37834636009097,49.20444048583248,49.27147674560547,10300,0.0,0.0,0.0
2020-12-03 00:00:00-05:00,49.35113900242573,49.50949769799219,49.35113900242573,49.3890266418457,4000,0.0,0.0,0.0
2020-12-04 00:00:00-05:00,49.547396168969904,49.55808090732031,49.46578744941529,49.519222259521484,3800,0.0,0.0,0.0
2020-12-07 00:00:00-05:00,49.49493143771315,49.58722860001302,49.45121406996141,49.57556915283203,5900,0.0,0.0,0.0
2020-12-08 00:00:00-05:00,49.58722181150817,49.713518882912865,49.50949711576608,49.645511627197266,9500,0.0,0.0,0.0
2020-12-09 00:00:00-05:00,49.65523327939704,49.65523327939704,49.46286723539949,49.50464630126953,11400,0.0,0.0,0.0
2020-12-10 00:00:00-05:00,49.4531542787779,49.65523406068806,49.4531542787779,49.62511444091797,7600,0.0,0.0,0.0
2020-12-11 00:00:00-05:00,49.616372874256854,49.65523522694877,49.45315544029233,49.59208297729492,8800,0.0,0.0,0.0
2020-12-14 00:00:00-05:00,49.64551490190206,49.64551490190206,49.49006920628188,49.548362731933594,7400,0.0,0.0,0.0
2020-12-15 00:00:00-05:00,49.56779862838644,49.69409942626953,49.56779862838644,49.69409942626953,4800,0.0,0.0,0.0
2020-12-16 00:00:00-05:00,49.65523002743638,49.69894739004859,49.60665394471697,49.62705612182617,11300,0.0,0.0,0.0
2020-12-17 00:00:00-05:00,49.77751108577232,49.77751108577232,49.70423628198909,49.71400451660156,43900,0.285,0.0,0.0
2020-12-18 00:00:00-05:00,49.85567300807882,49.98268243190196,49.757975744775905,49.811710357666016,8400,0.0,0.0,0.0
2020-12-21 00:00:00-05:00,49.679809705051674,49.72572897925662,49.445334807127004,49.590904235839844,14800,0.0,0.0,0.0
2020-12-22 00:00:00-05:00,49.66027770054728,49.72866652916622,49.59384177362842,49.62607955932617,10400,0.0,0.0,0.0
2020-12-23 00:00:00-05:00,49.72866394888737,49.914290227376924,49.71010020296499,49.81561279296875,8000,0.0,0.0,0.0
2020-12-24 00:00:00-05:00,49.9729118347168,49.98268006982078,49.85274129954211,49.9729118347168,10700,0.0,0.0,0.0
2020-12-28 00:00:00-05:00,50.09015212790497,50.09796746181316,49.884985636895834,49.995384216308594,9500,0.0,0.0,0.0
2020-12-29 00:00:00-05:00,50.11945907107325,50.11945907107325,49.9240608215332,49.9240608215332,15800,0.0,0.0,0.0
2020-12-30 00:00:00-05:00,50.06084181109682,50.11945867665941,49.977795040030486,50.07061004638672,9200,0.0,0.0,0.0
2020-12-31 00:00:00-05:00,50.1096892357869,50.1096892357869,50.041300409668175,50.06084060668945,4200,0.0,0.0,0.0
2021-01-04 00:00:00-05:00,50.20738280238224,50.20738280238224,49.69934889791767,50.00221633911133,36200,0.0,0.0,0.0
2021-01-05 00:00:00-05:00,49.938714367509355,50.070606031360754,49.91233528935682,50.009056091308594,12100,0.0,0.0,0.0
2021-01-06 00:00:00-05:00,49.948485656589554,50.16635345045017,49.899637027246584,49.9729118347168,12900,0.0,0.0,0.0
2021-01-07 00:00:00-05:00,50.07060768569458,50.12922827540497,49.981702213792914,49.99244689941406,43200,0.0,0.0,0.0
2021-01-08 00:00:00-05:00,49.982681021131235,50.148770836352305,49.92406042865705,50.07061004638672,29300,0.0,0.0,0.0
2021-01-11 00:00:00-05:00,49.98268284972547,50.021763246138,49.875213623046875,49.875213623046875,21700,0.0,0.0,0.0
2021-01-12 00:00:00-05:00,49.87521258184888,50.09991926616234,49.857629012668525,50.016876220703125,13100,0.0,0.0,0.0
2021-01-13 00:00:00-05:00,50.011987492592766,50.1585371045752,50.011987492592766,50.085262298583984,10500,0.0,0.0,0.0
2021-01-14 00:00:00-05:00,50.178079129404246,50.178079129404246,50.036415493169805,50.12923049926758,13600,0.0,0.0,0.0
2021-01-15 00:00:00-05:00,50.158538931967264,50.178079129404246,50.07060990695663,50.12923049926758,14600,0.0,0.0,0.0
2021-01-19 00:00:00-05:00,50.24646498064795,50.285545373207,50.12922752988215,50.25623321533203,35200,0.0,0.0,0.0
2021-01-20 00:00:00-05:00,50.393020126419025,50.393020126419025,50.29043315295152,50.32951354980469,7300,0.0,0.0,0.0
2021-01-21 00:00:00-05:00,50.40278783027181,50.40278783027181,50.2777350339555,50.295318603515625,12000,0.0,0.0,0.0
2021-01-22 00:00:00-05:00,50.27577338753033,50.32462201475007,50.22203877951521,50.285545349121094,9600,0.0,0.0,0.0
2021-01-25 00:00:00-05:00,50.31485785204335,50.33439804989491,50.10969136496955,50.1976203918457,58500,0.0,0.0,0.0
2021-01-26 00:00:00-05:00,50.28554798492083,50.45163407155589,50.177102312429426,50.24646759033203,82600,0.0,0.0,0.0
2021-01-27 00:00:00-05:00,50.19761749802538,50.39301573836482,50.031527689317855,50.085262298583984,25800,0.0,0.0,0.0
2021-01-28 00:00:00-05:00,50.090150213961635,50.36859150595244,50.090150213961635,50.160491943359375,19900,0.0,0.0,0.0
2021-01-29 00:00:00-05:00,50.23669295589527,50.305085506243316,50.06083864342334,50.07549285888672,13700,0.0,0.0,0.0
2021-02-01 00:00:00-05:00,50.203113686791525,50.29146503497541,50.11378119787844,50.217838287353516,38800,0.245,0.0,0.0
2021-02-02 00:00:00-05:00,50.38962949658701,50.43871274109742,50.36017655403156,50.404354095458984,42700,0.0,0.0,0.0
2021-02-03 00:00:00-05:00,50.47797735519775,50.54669839164742,50.39944491253054,50.43380355834961,28100,0.0,0.0,0.0
2021-02-04 00:00:00-05:00,50.56633278455566,50.56633278455566,50.458351135253906,50.458351135253906,36400,0.0,0.0,0.0
2021-02-05 00:00:00-05:00,50.72339905743246,50.72339905743246,50.61050796508789,50.61050796508789,25900,0.0,0.0,0.0
2021-02-08 00:00:00-05:00,50.713581685640385,50.772483825683594,50.556513057003315,50.772483825683594,34300,0.0,0.0,0.0
2021-02-09 00:00:00-05:00,50.78229844069112,50.80193248716499,50.70376599960713,50.72339630126953,47400,0.0,0.0,0.0
2021-02-10 00:00:00-05:00,50.752852729321106,50.752852729321106,50.64486733870366,50.68904113769531,13200,0.0,0.0,0.0
2021-02-11 00:00:00-05:00,50.792113854415966,50.792113854415966,50.679219031133314,50.752845764160156,47900,0.0,0.0,0.0
2021-02-12 00:00:00-05:00,50.79212188720703,50.79212188720703,50.67628362400038,50.79212188720703,83100,0.0,0.0,0.0
2021-02-16 00:00:00-05:00,50.80192900457432,50.80192900457432,50.752845764160156,50.752845764160156,24900,0.0,0.0,0.0
2021-02-17 00:00:00-05:00,50.77248328985992,50.77248328985992,50.69394710396446,50.72339630126953,36000,0.0,0.0,0.0
2021-02-18 00:00:00-05:00,50.710645553381,50.75285707464797,50.693954926137664,50.743038177490234,25100,0.0,0.0,0.0
2021-02-19 00:00:00-05:00,50.85102357735311,50.85102357735311,50.7135889756411,50.743038177490234,11000,0.0,0.0,0.0
2021-02-22 00:00:00-05:00,50.70377284151762,50.74303719495217,50.63505554199219,50.63505554199219,21000,0.0,0.0,0.0
2021-02-23 00:00:00-05:00,50.65468584630348,50.914834188577714,50.487802045973716,50.63505554199219,155800,0.0,0.0,0.0
2021-02-24 00:00:00-05:00,50.693951050723584,50.733219146728516,50.65468295471865,50.733219146728516,48400,0.0,0.0,0.0
2021-02-25 00:00:00-05:00,50.713585276784755,50.713585276784755,50.36017990112305,50.36017990112305,28500,0.0,0.0,0.0
2021-02-26 00:00:00-05:00,50.55651300840021,50.55651300840021,50.28164384475247,50.37981033325195,20500,0.0,0.0,0.0
2021-03-01 00:00:00-05:00,50.558265239763195,50.65686005963482,50.508969710331286,50.653900146484375,22300,0.221,0.0,0.0
2021-03-02 00:00:00-05:00,50.607563606013755,50.72587362669133,50.607563606013755,50.68643569946289,22500,0.0,0.0,0.0
2021-03-03 00:00:00-05:00,50.6765804009374,50.6765804009374,50.538547649365555,50.582916259765625,14200,0.0,0.0,0.0
2021-03-04 00:00:00-05:00,50.637143773322755,50.637143773322755,50.282209925031836,50.41038131713867,21800,0.0,0.0,0.0
2021-03-05 00:00:00-05:00,50.49911132835756,50.49911132835756,50.19544380105567,50.400516510009766,49400,0.0,0.0,0.0
2021-03-08 00:00:00-05:00,50.331500992688675,50.57798239202702,50.1441764831543,50.1441764831543,43400,0.0,0.0,0.0
2021-03-09 00:00:00-05:00,50.242768921273736,50.33150237791798,50.203330993652344,50.203330993652344,24100,0.0,0.0,0.0
2021-03-10 00:00:00-05:00,50.30192825512909,50.331504821777344,50.23291375894453,50.331504821777344,9900,0.0,0.0,0.0
2021-03-11 00:00:00-05:00,50.479390352905504,50.479390352905504,50.40051450137076,50.44981002807617,65400,0.0,0.0,0.0
2021-03-12 00:00:00-05:00,50.425166154848654,50.44192520541351,50.35615166250908,50.400516510009766,13600,0.0,0.0,0.0
2021-03-15 00:00:00-04:00,50.39065724013651,50.410376203153135,50.34136171309878,50.39558792114258,11600,0.0,0.0,0.0
2021-03-16 00:00:00-04:00,50.430100840169594,50.430100840169594,50.29699876508371,50.33052062988281,15300,0.0,0.0,0.0
2021-03-17 00:00:00-04:00,50.11460122620274,50.499111617440875,50.11460122620274,50.346290588378906,18200,0.0,0.0,0.0
2021-03-18 00:00:00-04:00,50.242767318773794,50.242767318773794,50.055442810058594,50.055442810058594,15800,0.0,0.0,0.0
2021-03-19 00:00:00-04:00,50.22305144041699,50.23291280311741,50.03572692019584,50.14812088012695,17100,0.0,0.0,0.0
2021-03-22 00:00:00-04:00,50.331500924417895,50.331500924417895,50.14417641513761,50.28713607788086,37300,0.0,0.0,0.0
2021-03-23 00:00:00-04:00,50.183613633571824,50.351219177246094,50.183613633571824,50.351219177246094,11700,0.0,0.0,0.0
2021-03-24 00:00:00-04:00,50.44981002807617,50.489247953843545,50.40051450137076,50.44981002807617,10700,0.0,0.0,0.0
2021-03-25 00:00:00-04:00,50.479392581732185,50.48925018310547,50.31474318344158,50.48925018310547,9300,0.0,0.0,0.0
2021-03-26 00:00:00-04:00,50.5779832689689,50.5779832689689,50.43009668340638,50.49911117553711,10100,0.0,0.0,0.0
2021-03-29 00:00:00-04:00,50.410376928055975,50.54840591014955,50.410376928055975,50.518829345703125,25600,0.0,0.0,0.0
2021-03-30 00:00:00-04:00,50.58784219583251,50.59769979665901,50.390656330234506,50.55826187133789,38100,0.0,0.0,0.0
2021-03-31 00:00:00-04:00,50.62727759373248,50.72587240943763,50.52967192304089,50.71601104736328,11900,0.0,0.0,0.0
2021-04-01 00:00:00-04:00,50.78926616604935,50.79916301656528,50.71502657124062,50.77936553955078,103400,0.204,0.0,0.0
2021-04-05 00:00:00-04:00,50.828853607177734,50.83875423294842,50.7694649564831,50.828853607177734,22200,0.0,0.0,0.0
2021-04-06 00:00:00-04:00,50.87835167232863,50.96743842870984,50.852614575244985,50.937740325927734,24000,0.0,0.0,0.0
2021-04-07 00:00:00-04:00,50.977336806030024,50.977336806030024,50.849644400198265,50.9278450012207,30000,0.0,0.0,0.0
2021-04-08 00:00:00-04:00,50.87834946648557,51.016928020185446,50.87834946648557,50.977333068847656,18900,0.0,0.0,0.0
2021-04-09 00:00:00-04:00,50.95753860473633,50.95753860473633,50.81005249986295,50.95753860473633,12400,0.0,0.0,0.0
2021-04-12 00:00:00-04:00,50.87835167232863,50.937740325927734,50.84865356954652,50.937740325927734,11700,0.0,0.0,0.0
2021-04-13 00:00:00-04:00,50.89814617421958,50.96545684027537,50.84865437011361,50.95753860473633,16700,0.0,0.0,0.0
2021-04-14 00:00:00-04:00,51.0070258686314,51.01692649416089,50.903091956465374,50.98722839355469,15300,0.0,0.0,0.0
2021-04-15 00:00:00-04:00,51.02682895893826,51.14561004648747,51.02187864562875,51.125816345214844,223100,0.0,0.0,0.0
2021-04-16 00:00:00-04:00,51.11096147203114,51.13570926069149,51.076316833496094,51.076316833496094,16500,0.0,0.0,0.0
2021-04-19 00:00:00-04:00,51.036723969237606,51.07631514340875,50.97733154400747,50.98722839355469,29600,0.0,0.0,0.0
2021-04-20 00:00:00-04:00,50.987230827178706,51.0169289292024,50.900126463862414,50.93872833251953,11200,0.0,0.0,0.0
2021-04-21 00:00:00-04:00,50.94763946533203,51.04662306909685,50.91596274861642,50.94763946533203,19700,0.0,0.0,0.0
2021-04-22 00:00:00-04:00,51.096113423621105,51.096113423621105,51.00702667236328,51.00702667236328,7300,0.0,0.0,0.0
2021-04-23 00:00:00-04:00,51.05652173045625,51.155505330412275,51.026823629683605,51.13570785522461,37900,0.0,0.0,0.0
2021-04-26 00:00:00-04:00,51.135710867467154,51.17530582017489,51.09611591475941,51.11591339111328,29700,0.0,0.0,0.0
2021-04-27 00:00:00-04:00,51.13570909821643,51.13570909821643,50.977333068847656,50.977333068847656,21200,0.0,0.0,0.0
2021-04-28 00:00:00-04:00,50.977333230819504,51.12581241081679,50.908043953749406,51.076316833496094,30200,0.0,0.0,0.0
2021-04-29 00:00:00-04:00,51.27429176065569,51.27429176065569,51.066423913448894,51.125816345214844,25600,0.0,0.0,0.0
2021-04-30 00:00:00-04:00,51.15551067310648,51.15551067310648,51.05652706281258,51.125816345214844,10700,0.0,0.0,0.0
2021-05-03 00:00:00-04:00,51.16951770968821,51.16951770968821,51.08011245727539,51.08011245727539,18200,0.184,0.0,0.0
2021-05-04 00:00:00-04:00,51.13972230585383,51.13972230585383,50.9350826703367,51.09005355834961,10600,0.0,0.0,0.0
2021-05-05 00:00:00-04:00,51.17945604197771,51.189388275146484,51.06025029654074,51.189388275146484,37500,0.0,0.0,0.0
2021-05-06 00:00:00-04:00,51.22912736547275,51.22912736547275,51.060252866726714,51.17945861816406,31200,0.0,0.0,0.0
2021-05-07 00:00:00-04:00,51.109920501708984,51.26886276332716,51.109920501708984,51.109920501708984,13500,0.0,0.0,0.0
2021-05-10 00:00:00-04:00,51.09005474504625,51.24800416999554,51.09005474504625,51.129791259765625,23400,0.0,0.0,0.0
2021-05-11 00:00:00-04:00,51.02051267124263,51.13971841407761,50.99567640463931,51.119850158691406,57200,0.0,0.0,0.0
2021-05-12 00:00:00-04:00,51.01057855155207,51.01057855155207,50.83176803588867,50.83176803588867,13800,0.0,0.0,0.0
2021-05-13 00:00:00-04:00,50.83176890021689,51.02945483098499,50.83176890021689,51.02051544189453,6400,0.0,0.0,0.0
2021-05-14 00:00:00-04:00,51.10992168942643,51.149658203125,51.03640951803233,51.149658203125,12900,0.0,0.0,0.0
2021-05-17 00:00:00-04:00,50.99071606334116,51.129790072146,50.99071606334116,51.09005355834961,17900,0.0,0.0,0.0
2021-05-18 00:00:00-04:00,51.09004869771582,51.09998093047872,50.970842957150246,50.9907112121582,15600,0.0,0.0,0.0
2021-05-19 00:00:00-04:00,50.91124380542891,50.99071683422317,50.851639033833216,50.86256790161133,10900,0.0,0.0,0.0
2021-05-20 00:00:00-04:00,50.871505338492156,51.07018411336958,50.871505338492156,51.050315856933594,7800,0.0,0.0,0.0
2021-05-21 00:00:00-04:00,51.159590638466014,51.159590638466014,51.03243834150842,51.06025314331055,11000,0.0,0.0,0.0
2021-05-24 00:00:00-04:00,51.189388386167835,51.19833156446969,51.0920365850769,51.14468765258789,37900,0.0,0.0,0.0
2021-05-25 00:00:00-04:00,51.22912555269442,51.22912555269442,51.06025105992413,51.0771369934082,19600,0.0,0.0,0.0
2021-05-26 00:00:00-04:00,51.070180561022944,51.20925455691868,51.070180561022944,51.16157150268555,10400,0.0,0.0,0.0
2021-05-27 00:00:00-04:00,51.31853110629332,51.31853110629332,51.15958884592411,51.17349624633789,9000,0.0,0.0,0.0
2021-05-28 00:00:00-04:00,51.288732135932676,51.288732135932676,51.15959036134408,51.17945861816406,40400,0.0,0.0,0.0
2021-06-01 00:00:00-04:00,51.302058859319374,51.3120245571555,51.182447671784466,51.26816940307617,15300,0.173,0.0,0.0
2021-06-02 00:00:00-04:00,51.361857956886645,51.37182745645009,51.21334587319145,51.341922760009766,16700,0.0,0.0,0.0
2021-06-03 00:00:00-04:00,51.302058353215315,51.34192494641677,51.20337855413498,51.26218795776367,37100,0.0,0.0,0.0
2021-06-04 00:00:00-04:00,51.26218613753523,51.40970203276805,51.26218613753523,51.36883544921875,10300,0.0,0.0,0.0
2021-06-07 00:00:00-04:00,51.27215270205708,51.45156567600296,51.27215270205708,51.401729583740234,14500,0.0,0.0,0.0
2021-06-08 00:00:00-04:00,51.36185823908918,51.5412712097168,51.35089635220918,51.5412712097168,54600,0.0,0.0,0.0
2021-06-09 00:00:00-04:00,51.54127168570025,51.56120688287076,51.411698607467066,51.471500396728516,19400,0.0,0.0,0.0
2021-06-10 00:00:00-04:00,51.64094801744922,51.64094801744922,51.491435938794,51.58114242553711,85700,0.0,0.0,0.0
2021-06-11 00:00:00-04:00,51.63097804140524,51.65091323852539,51.60805427572961,51.65091323852539,22800,0.0,0.0,0.0
2021-06-14 00:00:00-04:00,51.63097935859373,51.63097935859373,51.52133767276082,51.53828430175781,15200,0.0,0.0,0.0
2021-06-15 00:00:00-04:00,51.59111007162903,51.59111007162903,51.51137308165138,51.536293029785156,13500,0.0,0.0,0.0
2021-06-16 00:00:00-04:00,51.4615346992683,51.58114208004127,51.341923516245245,51.471500396728516,11100,0.0,0.0,0.0
2021-06-17 00:00:00-04:00,51.451566429870184,51.571177615753385,51.451566429870184,51.531307220458984,9600,0.0,0.0,0.0
2021-06-18 00:00:00-04:00,51.551243403151176,51.56120910104011,51.45156741301056,51.4675178527832,11500,0.0,0.0,0.0
2021-06-21 00:00:00-04:00,51.5811428359846,51.601078033447266,51.51137154599033,51.601078033447266,6100,0.0,0.0,0.0
2021-06-22 00:00:00-04:00,51.630977630615234,51.67981753238348,51.50140075149027,51.630977630615234,8700,0.0,0.0,0.0
2021-06-23 00:00:00-04:00,51.63895282902756,51.730655498839354,51.61104431271532,51.67583465576172,8400,0.0,0.0,0.0
2021-06-24 00:00:00-04:00,51.730654295255405,51.730654295255405,51.60107741442758,51.69178009033203,34600,0.0,0.0,0.0
2021-06-25 00:00:00-04:00,51.73065584112994,51.830328027975966,51.73065584112994,51.78547668457031,14100,0.0,0.0,0.0
2021-06-28 00:00:00-04:00,51.69078560355114,51.840293884277344,51.69078560355114,51.840293884277344,9200,0.0,0.0,0.0
2021-06-29 00:00:00-04:00,51.801421738243896,51.880162535309964,51.720684759881784,51.85723876953125,11400,0.0,0.0,0.0
2021-06-30 00:00:00-04:00,51.73065593113689,51.93000030517578,51.73065593113689,51.93000030517578,19800,0.0,0.0,0.0
2021-07-01 00:00:00-04:00,51.90999984741211,51.97999954223633,51.83000183105469,51.939998626708984,8000,0.17,0.0,0.0
2021-07-02 00:00:00-04:00,51.86000061035156,52.040000915527344,51.86000061035156,52.029998779296875,115100,0.0,0.0,0.0
2021-07-06 00:00:00-04:00,52.029998779296875,52.029998779296875,51.900001525878906,52.029998779296875,113500,0.0,0.0,0.0
2021-07-07 00:00:00-04:00,52.119998931884766,52.119998931884766,51.970001220703125,52.00600051879883,11400,0.0,0.0,0.0
2021-07-08 00:00:00-04:00,51.939998626708984,52.029998779296875,51.900001525878906,51.93000030517578,64600,0.0,0.0,0.0
2021-07-09 00:00:00-04:00,52.02000045776367,52.040000915527344,51.90999984741211,51.96099853515625,17500,0.0,0.0,0.0
2021-07-12 00:00:00-04:00,51.9900016784668,52.04999923706055,51.959999084472656,52.040000915527344,23400,0.0,0.0,0.0
2021-07-13 00:00:00-04:00,52.06999969482422,52.06999969482422,51.88999938964844,51.88999938964844,15100,0.0,0.0,0.0
2021-07-14 00:00:00-04:00,52.0,52.0099983215332,51.90999984741211,51.97200012207031,11300,0.0,0.0,0.0
2021-07-15 00:00:00-04:00,51.959999084472656,51.97999954223633,51.900001525878906,51.97999954223633,16700,0.0,0.0,0.0
2021-07-16 00:00:00-04:00,52.0099983215332,52.0099983215332,51.810001373291016,51.849998474121094,17200,0.0,0.0,0.0
2021-07-19 00:00:00-04:00,51.86000061035156,51.86000061035156,51.540000915527344,51.560001373291016,16700,0.0,0.0,0.0
2021-07-20 00:00:00-04:00,51.68000030517578,51.73500061035156,51.58000183105469,51.72600173950195,5900,0.0,0.0,0.0
2021-07-21 00:00:00-04:00,51.86000061035156,51.869998931884766,51.72999954223633,51.8489990234375,10100,0.0,0.0,0.0
2021-07-22 00:00:00-04:00,51.869998931884766,51.959999084472656,51.849998474121094,51.88999938964844,9600,0.0,0.0,0.0
2021-07-23 00:00:00-04:00,51.979000091552734,52.02000045776367,51.869998931884766,51.970001220703125,61800,0.0,0.0,0.0
2021-07-26 00:00:00-04:00,52.04999923706055,52.04999923706055,51.86199951171875,51.89500045776367,12500,0.0,0.0,0.0
2021-07-27 00:00:00-04:00,51.959999084472656,51.959999084472656,51.7599983215332,51.87699890136719,9400,0.0,0.0,0.0
2021-07-28 00:00:00-04:00,51.91999816894531,51.95000076293945,51.86000061035156,51.9010009765625,4700,0.0,0.0,0.0
2021-07-29 00:00:00-04:00,51.939998626708984,52.029998779296875,51.880001068115234,51.96900177001953,48600,0.0,0.0,0.0
2021-07-30 00:00:00-04:00,51.95000076293945,51.959999084472656,51.91999816894531,51.95000076293945,8800,0.0,0.0,0.0
2021-08-02 00:00:00-04:00,51.84000015258789,51.84000015258789,51.6349983215332,51.63999938964844,10700,0.0,0.0,0.0
2021-08-03 00:00:00-04:00,51.709999084472656,51.709999084472656,51.595001220703125,51.64699935913086,16100,0.0,0.0,0.0
2021-08-04 00:00:00-04:00,51.599998474121094,51.61000061035156,51.529998779296875,51.564998626708984,16600,0.0,0.0,0.0
2021-08-05 00:00:00-04:00,51.65999984741211,51.65999984741211,51.540000915527344,51.60100173950195,11300,0.0,0.0,0.0
2021-08-06 00:00:00-04:00,51.70000076293945,51.709999084472656,51.630001068115234,51.64500045776367,15100,0.0,0.0,0.0
2021-08-09 00:00:00-04:00,51.66999816894531,51.66999816894531,51.529998779296875,51.529998779296875,22900,0.0,0.0,0.0
2021-08-10 00:00:00-04:00,51.5,51.560001373291016,51.380001068115234,51.380001068115234,13100,0.0,0.0,0.0
2021-08-11 00:00:00-04:00,51.52000045776367,51.52000045776367,51.400001525878906,51.45000076293945,13900,0.0,0.0,0.0
2021-08-12 00:00:00-04:00,51.51300048828125,51.599998474121094,51.470001220703125,51.54999923706055,9400,0.0,0.0,0.0
2021-08-13 00:00:00-04:00,51.650001525878906,51.650001525878906,51.58300018310547,51.619998931884766,22700,0.0,0.0,0.0
2021-08-16 00:00:00-04:00,51.720001220703125,51.720001220703125,51.63999938964844,51.709999084472656,9100,0.0,0.0,0.0
2021-08-17 00:00:00-04:00,51.4900016784668,51.650001525878906,51.4900016784668,51.63999938964844,15600,0.0,0.0,0.0
2021-08-18 00:00:00-04:00,51.5,51.619998931884766,51.400001525878906,51.457000732421875,13800,0.0,0.0,0.0
2021-08-19 00:00:00-04:00,51.459999084472656,51.540000915527344,51.43000030517578,51.48500061035156,6200,0.0,0.0,0.0
2021-08-20 00:00:00-04:00,51.54999923706055,51.54999923706055,51.4900016784668,51.525001525878906,9700,0.0,0.0,0.0
2021-08-23 00:00:00-04:00,51.72999954223633,51.76900100708008,51.599998474121094,51.698001861572266,12000,0.0,0.0,0.0
2021-08-24 00:00:00-04:00,51.630001068115234,51.77000045776367,51.630001068115234,51.744998931884766,10200,0.0,0.0,0.0
2021-08-25 00:00:00-04:00,51.869998931884766,51.900001525878906,51.75899887084961,51.900001525878906,12000,0.0,0.0,0.0
2021-08-26 00:00:00-04:00,51.880001068115234,51.880001068115234,51.720001220703125,51.779998779296875,8800,0.0,0.0,0.0
2021-08-27 00:00:00-04:00,51.900001525878906,51.970001220703125,51.790000915527344,51.915000915527344,43700,0.0,0.0,0.0
2021-08-30 00:00:00-04:00,51.810001373291016,52.02000045776367,51.810001373291016,51.97999954223633,8600,0.0,0.0,0.0
2021-08-31 00:00:00-04:00,52.0,52.029998779296875,52.0,52.01499938964844,18500,0.0,0.0,0.0
2021-09-01 00:00:00-04:00,51.90999984741211,51.90999984741211,51.79999923706055,51.880001068115234,16100,0.0,0.0,0.0
2021-09-02 00:00:00-04:00,51.91999816894531,52.0,51.869998931884766,51.970001220703125,11100,0.0,0.0,0.0
2021-09-03 00:00:00-04:00,51.84000015258789,51.970001220703125,51.84000015258789,51.915000915527344,11200,0.0,0.0,0.0
2021-09-07 00:00:00-04:00,52.0,52.0,51.7599983215332,51.856998443603516,13200,0.0,0.0,0.0
2021-09-08 00:00:00-04:00,51.91999816894531,51.92900085449219,51.84000015258789,51.8849983215332,11700,0.0,0.0,0.0
2021-09-09 00:00:00-04:00,51.959999084472656,51.959999084472656,51.862998962402344,51.90999984741211,14400,0.0,0.0,0.0
2021-09-10 00:00:00-04:00,51.95100021362305,51.970001220703125,51.90999984741211,51.935001373291016,12100,0.0,0.0,0.0
2021-09-13 00:00:00-04:00,51.849998474121094,51.970001220703125,51.849998474121094,51.970001220703125,17800,0.0,0.0,0.0
2021-09-14 00:00:00-04:00,52.08000183105469,52.08000183105469,51.95100021362305,51.994998931884766,15300,0.0,0.0,0.0
2021-09-15 00:00:00-04:00,52.0,52.119998931884766,52.0,52.09000015258789,14900,0.0,0.0,0.0
2021-09-16 00:00:00-04:00,52.0,52.119998931884766,51.970001220703125,52.060001373291016,19100,0.0,0.0,0.0
2021-09-17 00:00:00-04:00,52.13999938964844,52.13999938964844,51.9900016784668,52.04999923706055,6500,0.0,0.0,0.0
2021-09-20 00:00:00-04:00,51.88999938964844,51.90999984741211,51.79999923706055,51.900001525878906,17100,0.0,0.0,0.0
2021-09-21 00:00:00-04:00,51.909000396728516,52.0,51.880001068115234,51.95500183105469,6300,0.0,0.0,0.0
2021-09-22 00:00:00-04:00,51.917999267578125,52.040000915527344,51.880001068115234,52.0099983215332,13400,0.0,0.0,0.0
2021-09-23 00:00:00-04:00,52.09000015258789,52.099998474121094,51.97999954223633,52.0,14400,0.0,0.0,0.0
2021-09-24 00:00:00-04:00,52.0,52.0,51.90999984741211,51.974998474121094,8000,0.0,0.0,0.0
2021-09-27 00:00:00-04:00,52.150001525878906,52.150001525878906,51.810001373291016,51.880001068115234,28800,0.0,0.0,0.0
2021-09-28 00:00:00-04:00,51.869998931884766,51.869998931884766,51.56999969482422,51.64799880981445,22500,0.0,0.0,0.0
2021-09-29 00:00:00-04:00,51.630001068115234,51.83000183105469,51.630001068115234,51.7599983215332,19500,0.0,0.0,0.0
2021-09-30 00:00:00-04:00,51.7599983215332,51.81999969482422,51.56999969482422,51.724998474121094,13800,0.0,0.0,0.0
2021-10-01 00:00:00-04:00,51.53499984741211,51.65999984741211,51.40999984741211,51.584999084472656,11800,0.0,0.0,0.0
2021-10-04 00:00:00-04:00,51.52000045776367,51.56999969482422,51.369998931884766,51.446998596191406,161600,0.0,0.0,0.0
2021-10-05 00:00:00-04:00,51.48500061035156,51.560001373291016,51.452999114990234,51.452999114990234,11900,0.0,0.0,0.0
2021-10-06 00:00:00-04:00,51.38999938964844,51.470001220703125,51.33000183105469,51.42499923706055,7900,0.0,0.0,0.0
2021-10-07 00:00:00-04:00,51.56999969482422,51.58000183105469,51.470001220703125,51.4900016784668,9100,0.0,0.0,0.0
2021-10-08 00:00:00-04:00,51.52000045776367,51.52000045776367,51.369998931884766,51.369998931884766,15300,0.0,0.0,0.0
2021-10-11 00:00:00-04:00,51.209999084472656,51.380001068115234,51.209999084472656,51.224998474121094,10000,0.0,0.0,0.0
2021-10-12 00:00:00-04:00,51.13999938964844,51.349998474121094,51.13999938964844,51.275001525878906,7700,0.0,0.0,0.0
2021-10-13 00:00:00-04:00,51.38999938964844,51.38999938964844,51.22999954223633,51.380001068115234,6000,0.0,0.0,0.0
2021-10-14 00:00:00-04:00,51.38999938964844,51.65999984741211,51.38999938964844,51.630001068115234,13400,0.0,0.0,0.0
2021-10-15 00:00:00-04:00,51.7599983215332,51.7599983215332,51.560001373291016,51.63999938964844,3700,0.0,0.0,0.0
2021-10-18 00:00:00-04:00,51.61000061035156,51.650001525878906,51.5099983215332,51.595001220703125,6500,0.0,0.0,0.0
2021-10-19 00:00:00-04:00,51.659000396728516,51.65999984741211,51.55400085449219,51.64500045776367,9300,0.0,0.0,0.0
2021-10-20 00:00:00-04:00,51.58000183105469,51.70000076293945,51.58000183105469,51.6349983215332,22900,0.0,0.0,0.0
2021-10-21 00:00:00-04:00,51.7400016784668,51.7400016784668,51.54999923706055,51.564998626708984,12400,0.0,0.0,0.0
2021-10-22 00:00:00-04:00,51.63999938964844,51.63999938964844,51.53499984741211,51.560001373291016,8700,0.0,0.0,0.0
2021-10-25 00:00:00-04:00,51.45000076293945,51.650001525878906,51.45000076293945,51.60499954223633,8600,0.0,0.0,0.0
2021-10-26 00:00:00-04:00,51.5,51.689998626708984,51.5,51.595001220703125,25200,0.0,0.0,0.0
2021-10-27 00:00:00-04:00,51.625,51.68000030517578,51.599998474121094,51.619998931884766,7200,0.0,0.0,0.0
2021-10-28 00:00:00-04:00,51.709999084472656,51.709999084472656,51.619998931884766,51.630001068115234,8800,0.0,0.0,0.0
2021-10-29 00:00:00-04:00,51.689998626708984,51.70000076293945,51.599998474121094,51.65999984741211,4700,0.0,0.0,0.0
2021-11-01 00:00:00-04:00,51.5,51.5,51.29999923706055,51.349998474121094,8700,0.0,0.0,0.0
2021-11-02 00:00:00-04:00,51.345001220703125,51.459999084472656,51.345001220703125,51.459999084472656,20100,0.0,0.0,0.0
2021-11-03 00:00:00-04:00,51.5,51.540000915527344,51.29999923706055,51.47999954223633,216400,0.0,0.0,0.0
2021-11-04 00:00:00-04:00,51.459999084472656,51.689998626708984,51.459999084472656,51.625,14900,0.0,0.0,0.0
2021-11-05 00:00:00-04:00,51.79999923706055,51.81999969482422,51.619998931884766,51.775001525878906,50800,0.0,0.0,0.0
2021-11-08 00:00:00-05:00,51.7400016784668,51.83000183105469,51.7400016784668,51.810001373291016,41500,0.0,0.0,0.0
2021-11-09 00:00:00-05:00,51.86000061035156,51.86000061035156,51.75,51.814998626708984,8300,0.0,0.0,0.0
2021-11-10 00:00:00-05:00,51.724998474121094,51.79999923706055,51.5099983215332,51.65999984741211,15800,0.0,0.0,0.0
2021-11-11 00:00:00-05:00,51.52000045776367,51.63999938964844,51.52000045776367,51.599998474121094,7600,0.0,0.0,0.0
2021-11-12 00:00:00-05:00,51.63999938964844,51.63999938964844,51.54999923706055,51.560001373291016,10300,0.0,0.0,0.0
2021-11-15 00:00:00-05:00,51.599998474121094,51.612998962402344,51.51499938964844,51.529998779296875,42000,0.0,0.0,0.0
2021-11-16 00:00:00-05:00,51.56999969482422,51.56999969482422,51.47999954223633,51.5359992980957,18800,0.0,0.0,0.0
2021-11-17 00:00:00-05:00,51.47999954223633,51.54999923706055,51.47999954223633,51.51499938964844,20200,0.0,0.0,0.0
2021-11-18 00:00:00-05:00,51.58000183105469,51.58000183105469,51.42499923706055,51.42499923706055,15800,0.0,0.0,0.0
2021-11-19 00:00:00-05:00,51.400001525878906,51.51100158691406,51.400001525878906,51.439998626708984,33100,0.0,0.0,0.0
2021-11-22 00:00:00-05:00,51.58000183105469,51.58000183105469,51.27000045776367,51.29999923706055,70500,0.0,0.0,0.0
2021-11-23 00:00:00-05:00,51.27000045776367,51.33000183105469,51.06999969482422,51.1349983215332,16600,0.0,0.0,0.0
2021-11-24 00:00:00-05:00,51.13999938964844,51.15999984741211,51.02000045776367,51.154998779296875,14200,0.0,0.0,0.0
2021-11-26 00:00:00-05:00,50.939998626708984,50.939998626708984,50.70000076293945,50.810001373291016,8400,0.0,0.0,0.0
2021-11-29 00:00:00-05:00,51.04999923706055,51.04999923706055,50.880001068115234,50.9900016784668,14600,0.0,0.0,0.0
2021-11-30 00:00:00-05:00,51.02000045776367,51.02000045776367,50.69200134277344,50.82500076293945,12400,0.0,0.0,0.0
2021-12-01 00:00:00-05:00,50.91999816894531,50.91999816894531,50.63999938964844,50.63999938964844,15000,0.0,0.0,0.0
2021-12-02 00:00:00-05:00,50.654998779296875,50.91999816894531,50.63999938964844,50.915000915527344,31100,0.0,0.0,0.0
2021-12-03 00:00:00-05:00,50.79999923706055,50.91999816894531,50.779998779296875,50.85499954223633,12000,0.0,0.0,0.0
2021-12-06 00:00:00-05:00,50.79999923706055,51.150001525878906,50.79999923706055,51.06999969482422,15800,0.0,0.0,0.0
2021-12-07 00:00:00-05:00,51.119998931884766,51.38999938964844,51.119998931884766,51.310001373291016,8900,0.0,0.0,0.0
2021-12-08 00:00:00-05:00,51.18000030517578,51.380001068115234,51.18000030517578,51.380001068115234,16800,0.0,0.0,0.0
2021-12-09 00:00:00-05:00,51.209999084472656,51.310001373291016,51.08000183105469,51.125,16800,0.0,0.0,0.0
2021-12-10 00:00:00-05:00,51.29999923706055,51.29999923706055,51.17499923706055,51.290000915527344,7100,0.0,0.0,0.0
2021-12-13 00:00:00-05:00,51.25,51.31999969482422,51.209999084472656,51.244998931884766,15200,0.0,0.0,0.0
2021-12-14 00:00:00-05:00,51.22999954223633,51.25,51.11000061035156,51.185001373291016,9300,0.0,0.0,0.0
2021-12-15 00:00:00-05:00,51.220001220703125,51.32899856567383,51.11000061035156,51.32899856567383,10800,0.0,0.0,0.0
2021-12-16 00:00:00-05:00,51.220001220703125,51.220001220703125,51.007999420166016,51.108001708984375,21700,0.0,0.0,0.0
2021-12-17 00:00:00-05:00,50.92499923706055,51.099998474121094,50.86000061035156,51.00400161743164,12000,0.0,0.0,0.0
2021-12-20 00:00:00-05:00,50.779998779296875,51.04999923706055,50.779998779296875,50.999000549316406,9800,0.0,0.0,0.0
2021-12-21 00:00:00-05:00,51.11000061035156,51.20000076293945,51.11000061035156,51.18000030517578,9700,0.0,0.0,0.0
2021-12-22 00:00:00-05:00,51.25,51.349998474121094,51.18000030517578,51.31999969482422,6300,0.0,0.0,0.0
2021-12-23 00:00:00-05:00,51.34000015258789,51.5,51.310001373291016,51.472999572753906,12100,0.0,0.0,0.0
2021-12-27 00:00:00-05:00,51.36000061035156,51.540000915527344,51.36000061035156,51.47999954223633,16200,0.0,0.0,0.0
2021-12-28 00:00:00-05:00,51.709999084472656,51.709999084472656,51.45000076293945,51.5099983215332,115400,0.0,0.0,0.0
2021-12-29 00:00:00-05:00,51.5,51.5,51.31999969482422,51.439998626708984,8700,0.0,0.0,0.0
2021-12-30 00:00:00-05:00,51.470001220703125,51.470001220703125,51.29999923706055,51.349998474121094,15200,0.0,0.0,0.0
2021-12-31 00:00:00-05:00,51.459999084472656,51.459999084472656,51.36000061035156,51.400001525878906,3700,0.0,0.0,0.0
2022-01-03 00:00:00-05:00,51.22999954223633,51.380001068115234,51.209999084472656,51.36000061035156,15700,0.0,0.0,0.0
2022-01-04 00:00:00-05:00,51.27000045776367,51.400001525878906,51.209999084472656,51.36000061035156,132500,0.0,0.0,0.0
2022-01-05 00:00:00-05:00,51.31999969482422,51.31999969482422,50.95000076293945,50.9900016784668,15300,0.0,0.0,0.0
2022-01-06 00:00:00-05:00,50.959999084472656,51.060001373291016,50.79999923706055,50.9370002746582,24600,0.0,0.0,0.0
2022-01-07 00:00:00-05:00,50.970001220703125,50.970001220703125,50.790000915527344,50.88999938964844,18100,0.0,0.0,0.0
2022-01-10 00:00:00-05:00,50.84000015258789,50.84000015258789,50.459999084472656,50.81999969482422,20500,0.0,0.0,0.0
2022-01-11 00:00:00-05:00,50.849998474121094,51.02000045776367,50.72999954223633,51.0099983215332,15500,0.0,0.0,0.0
2022-01-12 00:00:00-05:00,51.02000045776367,51.16999816894531,51.0099983215332,51.0099983215332,13500,0.0,0.0,0.0
2022-01-13 00:00:00-05:00,51.09000015258789,51.112998962402344,50.93000030517578,50.93000030517578,14100,0.0,0.0,0.0
2022-01-14 00:00:00-05:00,50.810001373291016,50.959999084472656,50.790000915527344,50.849998474121094,83400,0.0,0.0,0.0
2022-01-18 00:00:00-05:00,50.650001525878906,50.79999923706055,50.551998138427734,50.70000076293945,31900,0.0,0.0,0.0
2022-01-19 00:00:00-05:00,50.66999816894531,50.84000015258789,50.63999938964844,50.66999816894531,12600,0.0,0.0,0.0
2022-01-20 00:00:00-05:00,50.650001525878906,50.83000183105469,50.56399917602539,50.56399917602539,6400,0.0,0.0,0.0
2022-01-21 00:00:00-05:00,50.459999084472656,50.650001525878906,50.45000076293945,50.5,10800,0.0,0.0,0.0
2022-01-24 00:00:00-05:00,50.31999969482422,50.558998107910156,50.209999084472656,50.459999084472656,25800,0.0,0.0,0.0
2022-01-25 00:00:00-05:00,50.439998626708984,50.47999954223633,50.244998931884766,50.3650016784668,15000,0.0,0.0,0.0
2022-01-26 00:00:00-05:00,50.58000183105469,50.59000015258789,50.183998107910156,50.183998107910156,6500,0.0,0.0,0.0
2022-01-27 00:00:00-05:00,50.18000030517578,50.33399963378906,49.849998474121094,49.941001892089844,8800,0.0,0.0,0.0
2022-01-28 00:00:00-05:00,49.83000183105469,50.05500030517578,49.689998626708984,49.99300003051758,19300,0.0,0.0,0.0
2022-01-31 00:00:00-05:00,50.119998931884766,50.209999084472656,49.86000061035156,50.06999969482422,6000,0.0,0.0,0.0
2022-02-01 00:00:00-05:00,50.09000015258789,50.130001068115234,49.869998931884766,50.130001068115234,14700,0.0,0.0,0.0
2022-02-02 00:00:00-05:00,50.119998931884766,50.18000030517578,49.93000030517578,50.10499954223633,36200,0.0,0.0,0.0
2022-02-03 00:00:00-05:00,49.959999084472656,49.959999084472656,49.810001373291016,49.810001373291016,12700,0.0,0.0,0.0
2022-02-04 00:00:00-05:00,49.66999816894531,49.66999816894531,49.33000183105469,49.56999969482422,54400,0.0,0.0,0.0
2022-02-07 00:00:00-05:00,49.470001220703125,49.63999938964844,49.38999938964844,49.5629997253418,16100,0.0,0.0,0.0
2022-02-08 00:00:00-05:00,49.470001220703125,49.689998626708984,49.459999084472656,49.58000183105469,18700,0.0,0.0,0.0
2022-02-09 00:00:00-05:00,49.83000183105469,49.869998931884766,49.540000915527344,49.70000076293945,8700,0.0,0.0,0.0
2022-02-10 00:00:00-05:00,49.5,49.689998626708984,49.21500015258789,49.21500015258789,32300,0.0,0.0,0.0
2022-02-11 00:00:00-05:00,49.27000045776367,49.32699966430664,48.939998626708984,49.0,11900,0.0,0.0,0.0
2022-02-14 00:00:00-05:00,48.90999984741211,49.08000183105469,48.77000045776367,48.90999984741211,14800,0.0,0.0,0.0
2022-02-15 00:00:00-05:00,48.95000076293945,49.11000061035156,48.91999816894531,49.0,8700,0.0,0.0,0.0
2022-02-16 00:00:00-05:00,48.88100051879883,49.19900131225586,48.880001068115234,49.19900131225586,15100,0.0,0.0,0.0
2022-02-17 00:00:00-05:00,49.18000030517578,49.18000030517578,48.9900016784668,49.060001373291016,10600,0.0,0.0,0.0
2022-02-18 00:00:00-05:00,49.02000045776367,49.18000030517578,48.83000183105469,49.084999084472656,16800,0.0,0.0,0.0
2022-02-22 00:00:00-05:00,49.02000045776367,49.16400146484375,48.95000076293945,49.0,15000,0.0,0.0,0.0
2022-02-23 00:00:00-05:00,48.9900016784668,49.11000061035156,48.939998626708984,48.939998626708984,11100,0.0,0.0,0.0
2022-02-24 00:00:00-05:00,48.650001525878906,49.05500030517578,48.529998779296875,49.02000045776367,36600,0.0,0.0,0.0
2022-02-25 00:00:00-05:00,49.369998931884766,49.400001525878906,49.209999084472656,49.34000015258789,17700,0.0,0.0,0.0
2022-02-28 00:00:00-05:00,49.130001068115234,49.57600021362305,49.130001068115234,49.470001220703125,15800,0.0,0.0,0.0
2022-03-01 00:00:00-05:00,49.279998779296875,49.279998779296875,48.96200180053711,49.03099822998047,10500,0.0,0.0,0.0
2022-03-02 00:00:00-05:00,49.040000915527344,49.2400016784668,48.970001220703125,49.224998474121094,12500,0.0,0.0,0.0
2022-03-03 00:00:00-05:00,49.22999954223633,49.262001037597656,49.060001373291016,49.08000183105469,23100,0.0,0.0,0.0
2022-03-04 00:00:00-05:00,48.959999084472656,48.97999954223633,48.68000030517578,48.72999954223633,12900,0.0,0.0,0.0
2022-03-07 00:00:00-05:00,48.709999084472656,48.79999923706055,48.33000183105469,48.37799835205078,19500,0.0,0.0,0.0
2022-03-08 00:00:00-05:00,48.36000061035156,48.46799850463867,48.20000076293945,48.244998931884766,14300,0.0,0.0,0.0
2022-03-09 00:00:00-05:00,48.5,48.54999923706055,48.369998931884766,48.4900016784668,4200,0.0,0.0,0.0
2022-03-10 00:00:00-05:00,48.31999969482422,48.32500076293945,48.189998626708984,48.2239990234375,9400,0.0,0.0,0.0
2022-03-11 00:00:00-05:00,48.189998626708984,48.189998626708984,47.75,47.849998474121094,18300,0.0,0.0,0.0
2022-03-14 00:00:00-04:00,47.849998474121094,47.849998474121094,47.36000061035156,47.40999984741211,25100,0.0,0.0,0.0
2022-03-15 00:00:00-04:00,47.54999923706055,47.86000061035156,47.54999923706055,47.7599983215332,11700,0.0,0.0,0.0
2022-03-16 00:00:00-04:00,48.15999984741211,48.310001373291016,48.13999938964844,48.310001373291016,10700,0.0,0.0,0.0
2022-03-17 00:00:00-04:00,48.380001068115234,48.47999954223633,48.380001068115234,48.47999954223633,35600,0.0,0.0,0.0
2022-03-18 00:00:00-04:00,48.459999084472656,48.749000549316406,48.459999084472656,48.749000549316406,5800,0.0,0.0,0.0
2022-03-21 00:00:00-04:00,48.58100128173828,48.619998931884766,48.18000030517578,48.28900146484375,18800,0.0,0.0,0.0
2022-03-22 00:00:00-04:00,48.290000915527344,48.5,48.209999084472656,48.4900016784668,16900,0.0,0.0,0.0
2022-03-23 00:00:00-04:00,48.43000030517578,48.44499969482422,48.334999084472656,48.345001220703125,11700,0.0,0.0,0.0
2022-03-24 00:00:00-04:00,48.349998474121094,48.43000030517578,48.20000076293945,48.41999816894531,22700,0.0,0.0,0.0
2022-03-25 00:00:00-04:00,48.45000076293945,48.45000076293945,48.13600158691406,48.183998107910156,16600,0.0,0.0,0.0
2022-03-28 00:00:00-04:00,48.15999984741211,48.45000076293945,48.150001525878906,48.448001861572266,19500,0.0,0.0,0.0
2022-03-29 00:00:00-04:00,48.66999816894531,48.9900016784668,48.66999816894531,48.98500061035156,7600,0.0,0.0,0.0
2022-03-30 00:00:00-04:00,48.88999938964844,48.91999816894531,48.79999923706055,48.856998443603516,10000,0.0,0.0,0.0
2022-03-31 00:00:00-04:00,48.91999816894531,48.91999816894531,48.7239990234375,48.7239990234375,5500,0.0,0.0,0.0
2022-04-01 00:00:00-04:00,48.5099983215332,48.56999969482422,48.380001068115234,48.54999923706055,34600,0.0,0.0,0.0
2022-04-04 00:00:00-04:00,48.59000015258789,48.88100051879883,48.58000183105469,48.88100051879883,5300,0.0,0.0,0.0
2022-04-05 00:00:00-04:00,48.91999816894531,48.91999816894531,48.374000549316406,48.374000549316406,8200,0.0,0.0,0.0
2022-04-06 00:00:00-04:00,48.040000915527344,48.31999969482422,47.9900016784668,48.060001373291016,8300,0.0,0.0,0.0
2022-04-07 00:00:00-04:00,48.13999938964844,48.15999984741211,47.97999954223633,47.97999954223633,11400,0.0,0.0,0.0
2022-04-08 00:00:00-04:00,47.869998931884766,47.97999954223633,47.869998931884766,47.869998931884766,10300,0.0,0.0,0.0
2022-04-11 00:00:00-04:00,47.61000061035156,47.654998779296875,47.430999755859375,47.4739990234375,13000,0.0,0.0,0.0
2022-04-12 00:00:00-04:00,47.7599983215332,47.959999084472656,47.72999954223633,47.7859992980957,15400,0.0,0.0,0.0
2022-04-13 00:00:00-04:00,47.790000915527344,48.04600143432617,47.790000915527344,48.04600143432617,17800,0.0,0.0,0.0
2022-04-14 00:00:00-04:00,48.060001373291016,48.060001373291016,47.612998962402344,47.750999450683594,5000,0.0,0.0,0.0
2022-04-18 00:00:00-04:00,47.70000076293945,47.7599983215332,47.439998626708984,47.709999084472656,563500,0.0,0.0,0.0
2022-04-19 00:00:00-04:00,47.599998474121094,47.75600051879883,47.599998474121094,47.68000030517578,11100,0.0,0.0,0.0
2022-04-20 00:00:00-04:00,47.7599983215332,47.849998474121094,47.709999084472656,47.77899932861328,13200,0.0,0.0,0.0
2022-04-21 00:00:00-04:00,47.880001068115234,47.915000915527344,47.52000045776367,47.52000045776367,7400,0.0,0.0,0.0
2022-04-22 00:00:00-04:00,47.5099983215332,47.5099983215332,47.31999969482422,47.345001220703125,12300,0.0,0.0,0.0
2022-04-25 00:00:00-04:00,47.380001068115234,47.619998931884766,47.33000183105469,47.595001220703125,26400,0.0,0.0,0.0
2022-04-26 00:00:00-04:00,47.689998626708984,47.689998626708984,47.349998474121094,47.349998474121094,11200,0.0,0.0,0.0
2022-04-27 00:00:00-04:00,47.43000030517578,47.45500183105469,47.150001525878906,47.1619987487793,14700,0.0,0.0,0.0
2022-04-28 00:00:00-04:00,47.20000076293945,47.38999938964844,47.130001068115234,47.3849983215332,6000,0.0,0.0,0.0
2022-04-29 00:00:00-04:00,47.2400016784668,47.2400016784668,46.869998931884766,46.869998931884766,7200,0.0,0.0,0.0
2022-05-02 00:00:00-04:00,46.63999938964844,46.66999816894531,46.470001220703125,46.65299987792969,5100,0.0,0.0,0.0
2022-05-03 00:00:00-04:00,46.72999954223633,46.90999984741211,46.72999954223633,46.808998107910156,20100,0.0,0.0,0.0
2022-05-04 00:00:00-04:00,46.849998474121094,47.380001068115234,46.72999954223633,47.380001068115234,14400,0.0,0.0,0.0
2022-05-05 00:00:00-04:00,47.02000045776367,47.02000045776367,46.400001525878906,46.5,20000,0.0,0.0,0.0
2022-05-06 00:00:00-04:00,46.349998474121094,46.45000076293945,46.13999938964844,46.26599884033203,13500,0.0,0.0,0.0
2022-05-09 00:00:00-04:00,46.06999969482422,46.09000015258789,45.77000045776367,45.79999923706055,23100,0.0,0.0,0.0
2022-05-10 00:00:00-04:00,46.13999938964844,46.13999938964844,45.845001220703125,46.000999450683594,121500,0.0,0.0,0.0
2022-05-11 00:00:00-04:00,45.88999938964844,46.08000183105469,45.76900100708008,45.76900100708008,14400,0.0,0.0,0.0
2022-05-12 00:00:00-04:00,45.68000030517578,45.814998626708984,45.520999908447266,45.68199920654297,15800,0.0,0.0,0.0
2022-05-13 00:00:00-04:00,45.78499984741211,45.86000061035156,45.560001373291016,45.74100112915039,8900,0.0,0.0,0.0
2022-05-16 00:00:00-04:00,45.70500183105469,45.75,45.650001525878906,45.654998779296875,6200,0.0,0.0,0.0
2022-05-17 00:00:00-04:00,45.64500045776367,45.65999984741211,45.58000183105469,45.619998931884766,5100,0.0,0.0,0.0
2022-05-18 00:00:00-04:00,45.38999938964844,45.39500045776367,45.275001525878906,45.29499816894531,10800,0.0,0.0,0.0
2022-05-19 00:00:00-04:00,45.209999084472656,45.638999938964844,45.20000076293945,45.61000061035156,13600,0.0,0.0,0.0
2022-05-20 00:00:00-04:00,45.63999938964844,45.67499923706055,45.40999984741211,45.58399963378906,5400,0.0,0.0,0.0
2022-05-23 00:00:00-04:00,45.61000061035156,45.720001220703125,45.61000061035156,45.6619987487793,7100,0.0,0.0,0.0
2022-05-24 00:00:00-04:00,45.599998474121094,45.83000183105469,45.58000183105469,45.82500076293945,7800,0.0,0.0,0.0
2022-05-25 00:00:00-04:00,45.90999984741211,46.38999938964844,45.90999984741211,46.349998474121094,7900,0.0,0.0,0.0
2022-05-26 00:00:00-04:00,46.52000045776367,46.84000015258789,46.52000045776367,46.80500030517578,11300,0.0,0.0,0.0
2022-05-27 00:00:00-04:00,47.06999969482422,47.23500061035156,46.939998626708984,47.23500061035156,9700,0.0,0.0,0.0
2022-05-31 00:00:00-04:00,47.0,47.060001373291016,46.82099914550781,46.92399978637695,12200,0.0,0.0,0.0
2022-06-01 00:00:00-04:00,46.810001373291016,46.810001373291016,46.54999923706055,46.650001525878906,15700,0.0,0.0,0.0
2022-06-02 00:00:00-04:00,46.529998779296875,46.79999923706055,46.525001525878906,46.79499816894531,39400,0.0,0.0,0.0
2022-06-03 00:00:00-04:00,46.61000061035156,46.619998931884766,46.5099983215332,46.5260009765625,7300,0.0,0.0,0.0
2022-06-06 00:00:00-04:00,46.56999969482422,46.56999969482422,46.257999420166016,46.31999969482422,6100,0.0,0.0,0.0
2022-06-07 00:00:00-04:00,46.150001525878906,46.375,46.150001525878906,46.375,4700,0.0,0.0,0.0
2022-06-08 00:00:00-04:00,46.310001373291016,46.310001373291016,46.018001556396484,46.018001556396484,11400,0.0,0.0,0.0
2022-06-09 00:00:00-04:00,45.959999084472656,45.959999084472656,45.65999984741211,45.680999755859375,17000,0.0,0.0,0.0
2022-06-10 00:00:00-04:00,45.310001373291016,45.310001373291016,44.87900161743164,45.005001068115234,64200,0.0,0.0,0.0
2022-06-13 00:00:00-04:00,44.279998779296875,44.369998931884766,43.36000061035156,43.698001861572266,21600,0.0,0.0,0.0
2022-06-14 00:00:00-04:00,44.02799987792969,44.05400085449219,43.55500030517578,43.8380012512207,7400,0.0,0.0,0.0
2022-06-15 00:00:00-04:00,44.27000045776367,44.689998626708984,44.27000045776367,44.54499816894531,9100,0.0,0.0,0.0
2022-06-16 00:00:00-04:00,43.54100036621094,44.0,43.54100036621094,43.87799835205078,11700,0.0,0.0,0.0
2022-06-17 00:00:00-04:00,43.900001525878906,44.2400016784668,43.900001525878906,44.04999923706055,46800,0.0,0.0,0.0
2022-06-21 00:00:00-04:00,44.31999969482422,44.65999984741211,43.94200134277344,43.94200134277344,24800,0.0,0.0,0.0
2022-06-22 00:00:00-04:00,43.922000885009766,44.08300018310547,43.91999816894531,43.92599868774414,7100,0.0,0.0,0.0
2022-06-23 00:00:00-04:00,44.060001373291016,44.202999114990234,44.0,44.202999114990234,10800,0.0,0.0,0.0
2022-06-24 00:00:00-04:00,44.29999923706055,44.6349983215332,44.26900100708008,44.38199996948242,24100,0.0,0.0,0.0
2022-06-27 00:00:00-04:00,44.400001525878906,44.400001525878906,44.119998931884766,44.152000427246094,29300,0.0,0.0,0.0
2022-06-28 00:00:00-04:00,44.18000030517578,44.18000030517578,43.702999114990234,43.702999114990234,7100,0.0,0.0,0.0
2022-06-29 00:00:00-04:00,43.630001068115234,43.630001068115234,43.459999084472656,43.55400085449219,10300,0.0,0.0,0.0
2022-06-30 00:00:00-04:00,43.38999938964844,43.560001373291016,43.2400016784668,43.50400161743164,15800,0.0,0.0,0.0
2022-07-01 00:00:00-04:00,43.369998931884766,43.75,43.369998931884766,43.57699966430664,8600,0.0,0.0,0.0
2022-07-05 00:00:00-04:00,43.43000030517578,43.560001373291016,43.16999816894531,43.53900146484375,40000,0.0,0.0,0.0
2022-07-06 00:00:00-04:00,43.5,43.540000915527344,43.32400131225586,43.38600158691406,5800,0.0,0.0,0.0
2022-07-07 00:00:00-04:00,43.630001068115234,44.0,43.599998474121094,43.979000091552734,19600,0.0,0.0,0.0
2022-07-08 00:00:00-04:00,43.880001068115234,44.04999923706055,43.65999984741211,44.04999923706055,46400,0.0,0.0,0.0
2022-07-11 00:00:00-04:00,43.9900016784668,44.04499816894531,43.790000915527344,43.79499816894531,6800,0.0,0.0,0.0
2022-07-12 00:00:00-04:00,43.84000015258789,44.005001068115234,43.84000015258789,43.92100143432617,3400,0.0,0.0,0.0
2022-07-13 00:00:00-04:00,43.540000915527344,43.93000030517578,43.540000915527344,43.900001525878906,9400,0.0,0.0,0.0
2022-07-14 00:00:00-04:00,43.5,43.869998931884766,43.279998779296875,43.81999969482422,10700,0.0,0.0,0.0
2022-07-15 00:00:00-04:00,44.02000045776367,44.305999755859375,44.02000045776367,44.305999755859375,4000,0.0,0.0,0.0
2022-07-18 00:00:00-04:00,44.45000076293945,44.45000076293945,43.880001068115234,43.900001525878906,8100,0.0,0.0,0.0
2022-07-19 00:00:00-04:00,44.21099853515625,44.619998931884766,44.21099853515625,44.52899932861328,2600,0.0,0.0,0.0
2022-07-20 00:00:00-04:00,44.56999969482422,44.96500015258789,44.56999969482422,44.69300079345703,6000,0.0,0.0,0.0
2022-07-21 00:00:00-04:00,44.68000030517578,45.25,44.68000030517578,45.25,8400,0.0,0.0,0.0
2022-07-22 00:00:00-04:00,45.58000183105469,45.58000183105469,45.09000015258789,45.13999938964844,25200,0.0,0.0,0.0
2022-07-25 00:00:00-04:00,45.119998931884766,45.220001220703125,45.09000015258789,45.13999938964844,9200,0.0,0.0,0.0
2022-07-26 00:00:00-04:00,45.0,45.060001373291016,44.8650016784668,44.8650016784668,4900,0.0,0.0,0.0
2022-07-27 00:00:00-04:00,45.060001373291016,45.40999984741211,45.060001373291016,45.33399963378906,2200,0.0,0.0,0.0
2022-07-28 00:00:00-04:00,45.7400016784668,45.858001708984375,45.560001373291016,45.845001220703125,14100,0.0,0.0,0.0
2022-07-29 00:00:00-04:00,45.900001525878906,46.08000183105469,45.810001373291016,45.9630012512207,5200,0.0,0.0,0.0
2022-08-01 00:00:00-04:00,45.68000030517578,45.909000396728516,45.65999984741211,45.81399917602539,6200,0.0,0.0,0.0
2022-08-02 00:00:00-04:00,45.81999969482422,45.81999969482422,45.66899871826172,45.69599914550781,4800,0.0,0.0,0.0
2022-08-03 00:00:00-04:00,45.900001525878906,46.1150016784668,45.7599983215332,46.090999603271484,7700,0.0,0.0,0.0
2022-08-04 00:00:00-04:00,46.209999084472656,46.209999084472656,46.119998931884766,46.19499969482422,13400,0.0,0.0,0.0
2022-08-05 00:00:00-04:00,45.970001220703125,46.11399841308594,45.82099914550781,46.10499954223633,14000,0.0,0.0,0.0
2022-08-08 00:00:00-04:00,46.279998779296875,46.439998626708984,46.150001525878906,46.16699981689453,26000,0.0,0.0,0.0
2022-08-09 00:00:00-04:00,46.119998931884766,46.119998931884766,45.89099884033203,45.89099884033203,8500,0.0,0.0,0.0
2022-08-10 00:00:00-04:00,46.5099983215332,46.5099983215332,46.38999938964844,46.50299835205078,15600,0.0,0.0,0.0
2022-08-11 00:00:00-04:00,46.709999084472656,46.832000732421875,46.22800064086914,46.22800064086914,15100,0.0,0.0,0.0
2022-08-12 00:00:00-04:00,46.369998931884766,46.66999816894531,46.349998474121094,46.66999816894531,7300,0.0,0.0,0.0
2022-08-15 00:00:00-04:00,46.650001525878906,46.70899963378906,46.542999267578125,46.590999603271484,10000,0.0,0.0,0.0
2022-08-16 00:00:00-04:00,46.560001373291016,46.560001373291016,46.38999938964844,46.459999084472656,30700,0.0,0.0,0.0
2022-08-17 00:00:00-04:00,46.09000015258789,46.2599983215332,46.051998138427734,46.058998107910156,10300,0.0,0.0,0.0
2022-08-18 00:00:00-04:00,46.13999938964844,46.17399978637695,46.119998931884766,46.119998931884766,4100,0.0,0.0,0.0
2022-08-19 00:00:00-04:00,45.9900016784668,45.9900016784668,45.709999084472656,45.729000091552734,10100,0.0,0.0,0.0
2022-08-22 00:00:00-04:00,45.529998779296875,45.529998779296875,45.20000076293945,45.20000076293945,13700,0.0,0.0,0.0
2022-08-23 00:00:00-04:00,45.31999969482422,45.4900016784668,45.20000076293945,45.380001068115234,11500,0.0,0.0,0.0
2022-08-24 00:00:00-04:00,45.41999816894531,45.47100067138672,45.36199951171875,45.426998138427734,9400,0.0,0.0,0.0
2022-08-25 00:00:00-04:00,45.619998931884766,45.79999923706055,45.529998779296875,45.79999923706055,9100,0.0,0.0,0.0
2022-08-26 00:00:00-04:00,45.75,45.79499816894531,45.11000061035156,45.13399887084961,7800,0.0,0.0,0.0
2022-08-29 00:00:00-04:00,45.0,45.13999938964844,44.98500061035156,44.98899841308594,8900,0.0,0.0,0.0
2022-08-30 00:00:00-04:00,45.04999923706055,45.08000183105469,44.58000183105469,44.7400016784668,61600,0.0,0.0,0.0
2022-08-31 00:00:00-04:00,44.81999969482422,44.81999969482422,44.5,44.529998779296875,3800,0.0,0.0,0.0
2022-09-01 00:00:00-04:00,44.2599983215332,44.45800018310547,44.09000015258789,44.45800018310547,27200,0.0,0.0,0.0
2022-09-02 00:00:00-04:00,44.709999084472656,44.84000015258789,44.38999938964844,44.38999938964844,14200,0.0,0.0,0.0
2022-09-06 00:00:00-04:00,44.41999816894531,44.41999816894531,44.22999954223633,44.369998931884766,21000,0.0,0.0,0.0
2022-09-07 00:00:00-04:00,44.380001068115234,44.895999908447266,44.380001068115234,44.895999908447266,3300,0.0,0.0,0.0
2022-09-08 00:00:00-04:00,44.75,45.09000015258789,44.720001220703125,45.04600143432617,17500,0.0,0.0,0.0
2022-09-09 00:00:00-04:00,45.250999450683594,45.38999938964844,45.06999969482422,45.10599899291992,10200,0.0,0.0,0.0
2022-09-12 00:00:00-04:00,45.349998474121094,45.36000061035156,45.13999938964844,45.29999923706055,24500,0.0,0.0,0.0
2022-09-13 00:00:00-04:00,44.720001220703125,44.720001220703125,44.349998474121094,44.380001068115234,6700,0.0,0.0,0.0
2022-09-14 00:00:00-04:00,44.439998626708984,44.689998626708984,44.380001068115234,44.40999984741211,10300,0.0,0.0,0.0
2022-09-15 00:00:00-04:00,44.36000061035156,44.36000061035156,44.18600082397461,44.18600082397461,7000,0.0,0.0,0.0
2022-09-16 00:00:00-04:00,43.93000030517578,44.25699996948242,43.93000030517578,44.25699996948242,14700,0.0,0.0,0.0
2022-09-19 00:00:00-04:00,44.150001525878906,44.439998626708984,44.150001525878906,44.439998626708984,10900,0.0,0.0,0.0
2022-09-20 00:00:00-04:00,44.220001220703125,44.220001220703125,44.0099983215332,44.0099983215332,9800,0.0,0.0,0.0
2022-09-21 00:00:00-04:00,44.22999954223633,44.22999954223633,43.689998626708984,43.88999938964844,5600,0.0,0.0,0.0
2022-09-22 00:00:00-04:00,43.88999938964844,43.88999938964844,43.4900016784668,43.624000549316406,6800,0.0,0.0,0.0
2022-09-23 00:00:00-04:00,43.38999938964844,43.38999938964844,42.9900016784668,43.130001068115234,14100,0.0,0.0,0.0
2022-09-26 00:00:00-04:00,43.0099983215332,43.11000061035156,42.64699935913086,42.64699935913086,8000,0.0,0.0,0.0
2022-09-27 00:00:00-04:00,42.97999954223633,42.97999954223633,42.53099822998047,42.53099822998047,10700,0.0,0.0,0.0
2022-09-28 00:00:00-04:00,42.790000915527344,43.2239990234375,42.78499984741211,43.2239990234375,7100,0.0,0.0,0.0
2022-09-29 00:00:00-04:00,42.939998626708984,42.939998626708984,42.599998474121094,42.82899856567383,18300,0.0,0.0,0.0
2022-09-30 00:00:00-04:00,42.90999984741211,43.099998474121094,42.59000015258789,42.59000015258789,17400,0.0,0.0,0.0
2022-10-03 00:00:00-04:00,42.63999938964844,42.79899978637695,42.63999938964844,42.79499816894531,5100,0.0,0.0,0.0
2022-10-04 00:00:00-04:00,43.22999954223633,43.59000015258789,43.22999954223633,43.564998626708984,13500,0.0,0.0,0.0
2022-10-05 00:00:00-04:00,43.29999923706055,43.57899856567383,43.154998779296875,43.52399826049805,17500,0.0,0.0,0.0
2022-10-06 00:00:00-04:00,43.529998779296875,43.599998474121094,43.349998474121094,43.36399841308594,29400,0.0,0.0,0.0
2022-10-07 00:00:00-04:00,43.2400016784668,43.25899887084961,42.94900131225586,42.94900131225586,12300,0.0,0.0,0.0
2022-10-10 00:00:00-04:00,43.060001373291016,43.060001373291016,42.361000061035156,42.433998107910156,50200,0.0,0.0,0.0
2022-10-11 00:00:00-04:00,42.59000015258789,42.83000183105469,42.5099983215332,42.571998596191406,13500,0.0,0.0,0.0
2022-10-12 00:00:00-04:00,42.599998474121094,42.757999420166016,42.57099914550781,42.68000030517578,101600,0.0,0.0,0.0
2022-10-13 00:00:00-04:00,42.029998779296875,42.77000045776367,42.02000045776367,42.75199890136719,14200,0.0,0.0,0.0
2022-10-14 00:00:00-04:00,42.88999938964844,42.88999938964844,42.439998626708984,42.5099983215332,2900,0.0,0.0,0.0
2022-10-17 00:00:00-04:00,42.91999816894531,43.04999923706055,42.88999938964844,42.96799850463867,8400,0.0,0.0,0.0
2022-10-18 00:00:00-04:00,43.41999816894531,43.41999816894531,43.130001068115234,43.2599983215332,5500,0.0,0.0,0.0
2022-10-19 00:00:00-04:00,43.08000183105469,43.13999938964844,42.880001068115234,42.89500045776367,6500,0.0,0.0,0.0
2022-10-20 00:00:00-04:00,42.90999984741211,43.18000030517578,42.630001068115234,42.689998626708984,15600,0.0,0.0,0.0
2022-10-21 00:00:00-04:00,42.63999938964844,43.119998931884766,42.63999938964844,43.06800079345703,12300,0.0,0.0,0.0
2022-10-24 00:00:00-04:00,43.119998931884766,43.16999816894531,42.939998626708984,43.16999816894531,14200,0.0,0.0,0.0
2022-10-25 00:00:00-04:00,43.290000915527344,43.529998779296875,43.290000915527344,43.51300048828125,18300,0.0,0.0,0.0
2022-10-26 00:00:00-04:00,43.45000076293945,43.75400161743164,43.40999984741211,43.61000061035156,52900,0.0,0.0,0.0
2022-10-27 00:00:00-04:00,43.75,44.099998474121094,43.72999954223633,44.029998779296875,24600,0.0,0.0,0.0
2022-10-28 00:00:00-04:00,44.01499938964844,44.27000045776367,44.01499938964844,44.24399948120117,57700,0.0,0.0,0.0
2022-10-31 00:00:00-04:00,44.0099983215332,44.0099983215332,43.66400146484375,43.66400146484375,10500,0.0,0.0,0.0
2022-11-01 00:00:00-04:00,43.869998931884766,43.869998931884766,43.470001220703125,43.66600036621094,15400,0.0,0.0,0.0
2022-11-02 00:00:00-04:00,43.77000045776367,43.959999084472656,43.28200149536133,43.28200149536133,19700,0.0,0.0,0.0
2022-11-03 00:00:00-04:00,42.93000030517578,43.20000076293945,42.79999923706055,43.0989990234375,11700,0.0,0.0,0.0
2022-11-04 00:00:00-04:00,43.380001068115234,43.459999084472656,43.07899856567383,43.310001373291016,13200,0.0,0.0,0.0
2022-11-07 00:00:00-05:00,43.36000061035156,43.38999938964844,43.22999954223633,43.290000915527344,7500,0.0,0.0,0.0
2022-11-08 00:00:00-05:00,43.38999938964844,43.40999984741211,43.20000076293945,43.27000045776367,6700,0.0,0.0,0.0
2022-11-09 00:00:00-05:00,43.13999938964844,43.150001525878906,42.720001220703125,42.720001220703125,10800,0.0,0.0,0.0
2022-11-10 00:00:00-05:00,43.685001373291016,43.97999954223633,43.68000030517578,43.97999954223633,12200,0.0,0.0,0.0
2022-11-11 00:00:00-05:00,43.97999954223633,44.150001525878906,43.78099822998047,44.084999084472656,18400,0.0,0.0,0.0
2022-11-14 00:00:00-05:00,43.9900016784668,43.9900016784668,43.7599983215332,43.81999969482422,6300,0.0,0.0,0.0
2022-11-15 00:00:00-05:00,44.189998626708984,44.189998626708984,43.95000076293945,44.150001525878906,7500,0.0,0.0,0.0
2022-11-16 00:00:00-05:00,44.099998474121094,44.119998931884766,44.02000045776367,44.02000045776367,22200,0.0,0.0,0.0
2022-11-17 00:00:00-05:00,43.720001220703125,43.88999938964844,43.71900177001953,43.8650016784668,8300,0.0,0.0,0.0
2022-11-18 00:00:00-05:00,44.02000045776367,44.02000045776367,43.81999969482422,43.90999984741211,19000,0.0,0.0,0.0
2022-11-21 00:00:00-05:00,43.91999816894531,43.97999954223633,43.827999114990234,43.90299987792969,11600,0.0,0.0,0.0
2022-11-22 00:00:00-05:00,43.970001220703125,44.209999084472656,43.95000076293945,44.209999084472656,9200,0.0,0.0,0.0
2022-11-23 00:00:00-05:00,44.15999984741211,44.43000030517578,44.15999984741211,44.42599868774414,9700,0.0,0.0,0.0
2022-11-25 00:00:00-05:00,44.47999954223633,44.47999954223633,44.32500076293945,44.32500076293945,3300,0.0,0.0,0.0
2022-11-28 00:00:00-05:00,44.2599983215332,44.2599983215332,43.91999816894531,43.93000030517578,6000,0.0,0.0,0.0
2022-11-29 00:00:00-05:00,43.91999816894531,44.13100051879883,43.880001068115234,44.130001068115234,2600,0.0,0.0,0.0
2022-11-30 00:00:00-05:00,44.150001525878906,44.77000045776367,44.08000183105469,44.77000045776367,6900,0.0,0.0,0.0
2022-12-01 00:00:00-05:00,44.560001373291016,44.595001220703125,44.43000030517578,44.595001220703125,7600,0.0,0.0,0.0
2022-12-02 00:00:00-05:00,44.361000061035156,44.599998474121094,44.34000015258789,44.569000244140625,10200,0.0,0.0,0.0
2022-12-05 00:00:00-05:00,44.40999984741211,44.40999984741211,44.11000061035156,44.19900131225586,11900,0.0,0.0,0.0
2022-12-06 00:00:00-05:00,44.2400016784668,44.2400016784668,44.0099983215332,44.04499816894531,6000,0.0,0.0,0.0
2022-12-07 00:00:00-05:00,44.08000183105469,44.27000045776367,44.08000183105469,44.244998931884766,6900,0.0,0.0,0.0
2022-12-08 00:00:00-05:00,44.31999969482422,44.334999084472656,44.18899917602539,44.24800109863281,13200,0.0,0.0,0.0
2022-12-09 00:00:00-05:00,44.13999938964844,44.36000061035156,44.13999938964844,44.22999954223633,23000,0.0,0.0,0.0
2022-12-12 00:00:00-05:00,44.29999923706055,44.37099838256836,44.22999954223633,44.349998474121094,29100,0.0,0.0,0.0
2022-12-13 00:00:00-05:00,45.02000045776367,45.02000045776367,44.540000915527344,44.84000015258789,24200,0.0,0.0,0.0
2022-12-14 00:00:00-05:00,44.810001373291016,44.87799835205078,44.400001525878906,44.689998626708984,27100,0.0,0.0,0.0
2022-12-15 00:00:00-05:00,44.145999908447266,44.20000076293945,44.08000183105469,44.159000396728516,9100,0.0,0.0,0.0
2022-12-16 00:00:00-05:00,44.040000915527344,44.040000915527344,43.88999938964844,44.0,15500,0.0,0.0,0.0
2022-12-19 00:00:00-05:00,43.880001068115234,43.880001068115234,43.70000076293945,43.775001525878906,17600,0.0,0.0,0.0
2022-12-20 00:00:00-05:00,43.66999816894531,43.744998931884766,43.540000915527344,43.689998626708984,10300,0.0,0.0,0.0
2022-12-21 00:00:00-05:00,43.849998474121094,44.08000183105469,43.849998474121094,43.9900016784668,13400,0.0,0.0,0.0
2022-12-22 00:00:00-05:00,43.970001220703125,43.970001220703125,43.61000061035156,43.779998779296875,21000,0.0,0.0,0.0
2022-12-23 00:00:00-05:00,43.685001373291016,43.88999938964844,43.63999938964844,43.88999938964844,12700,0.0,0.0,0.0
2022-12-27 00:00:00-05:00,43.849998474121094,43.849998474121094,43.45000076293945,43.45000076293945,11000,0.0,0.0,0.0
2022-12-28 00:00:00-05:00,43.4900016784668,43.56999969482422,42.94599914550781,42.94599914550781,12400,0.0,0.0,0.0
2022-12-29 00:00:00-05:00,43.2599983215332,43.560001373291016,43.14099884033203,43.54999923706055,47100,0.0,0.0,0.0
2022-12-30 00:00:00-05:00,43.439998626708984,43.564998626708984,43.400001525878906,43.564998626708984,16300,0.0,0.0,0.0
2023-01-03 00:00:00-05:00,43.849998474121094,43.87099838256836,43.54499816894531,43.57899856567383,60200,0.0,0.0,0.0
2023-01-04 00:00:00-05:00,43.869998931884766,44.06399917602539,43.7400016784668,44.06399917602539,98200,0.0,0.0,0.0
2023-01-05 00:00:00-05:00,43.900001525878906,44.000999450683594,43.88999938964844,44.000999450683594,3500,0.0,0.0,0.0
2023-01-06 00:00:00-05:00,44.18000030517578,44.66999816894531,44.13999938964844,44.58000183105469,30600,0.0,0.0,0.0
2023-01-09 00:00:00-05:00,44.59000015258789,44.7599983215332,44.5890007019043,44.64099884033203,10200,0.0,0.0,0.0
2023-01-10 00:00:00-05:00,44.68000030517578,44.689998626708984,44.560001373291016,44.64500045776367,13600,0.0,0.0,0.0
2023-01-11 00:00:00-05:00,44.86000061035156,44.939998626708984,44.79199981689453,44.939998626708984,12700,0.0,0.0,0.0
2023-01-12 00:00:00-05:00,45.040000915527344,45.2599983215332,44.93000030517578,45.25,34500,0.0,0.0,0.0
2023-01-13 00:00:00-05:00,45.119998931884766,45.32500076293945,45.119998931884766,45.27000045776367,13200,0.0,0.0,0.0
2023-01-17 00:00:00-05:00,45.2599983215332,45.2599983215332,45.130001068115234,45.20500183105469,7600,0.0,0.0,0.0
2023-01-18 00:00:00-05:00,45.43000030517578,45.5,45.25,45.255001068115234,26800,0.0,0.0,0.0
2023-01-19 00:00:00-05:00,45.099998474121094,45.108001708984375,44.970001220703125,45.03799819946289,78800,0.0,0.0,0.0
2023-01-20 00:00:00-05:00,45.0,45.05799865722656,44.880001068115234,45.05799865722656,11400,0.0,0.0,0.0
2023-01-23 00:00:00-05:00,45.040000915527344,45.20000076293945,45.0,45.029998779296875,10300,0.0,0.0,0.0
2023-01-24 00:00:00-05:00,44.9900016784668,45.09000015258789,44.900001525878906,45.06999969482422,28600,0.0,0.0,0.0
2023-01-25 00:00:00-05:00,44.9900016784668,45.130001068115234,44.95000076293945,45.09400177001953,38700,0.0,0.0,0.0
2023-01-26 00:00:00-05:00,45.209999084472656,45.22999954223633,45.08000183105469,45.215999603271484,11400,0.0,0.0,0.0
2023-01-27 00:00:00-05:00,45.150001525878906,45.18000030517578,45.07500076293945,45.08000183105469,13500,0.0,0.0,0.0
2023-01-30 00:00:00-05:00,44.91999816894531,44.970001220703125,44.81999969482422,44.84000015258789,13400,0.0,0.0,0.0
2023-01-31 00:00:00-05:00,45.01900100708008,45.154998779296875,44.944000244140625,45.154998779296875,5900,0.0,0.0,0.0
2023-02-01 00:00:00-05:00,44.900001525878906,45.5,44.83000183105469,45.47999954223633,146600,0.0,0.0,0.0
2023-02-02 00:00:00-05:00,45.709999084472656,45.709999084472656,45.459999084472656,45.540000915527344,41500,0.0,0.0,0.0
2023-02-03 00:00:00-05:00,45.209999084472656,45.36000061035156,45.099998474121094,45.12099838256836,95700,0.0,0.0,0.0
2023-02-06 00:00:00-05:00,44.9900016784668,44.9900016784668,44.8390007019043,44.904998779296875,22800,0.0,0.0,0.0
2023-02-07 00:00:00-05:00,44.90999984741211,45.189998626708984,44.900001525878906,45.130001068115234,82400,0.0,0.0,0.0
2023-02-08 00:00:00-05:00,45.0099983215332,45.04999923706055,44.82899856567383,44.939998626708984,10500,0.0,0.0,0.0
2023-02-09 00:00:00-05:00,45.09000015258789,45.09000015258789,44.590999603271484,44.6150016784668,11900,0.0,0.0,0.0
2023-02-10 00:00:00-05:00,44.619998931884766,44.619998931884766,44.310001373291016,44.31800079345703,14400,0.0,0.0,0.0
2023-02-13 00:00:00-05:00,44.38999938964844,44.47600173950195,44.319000244140625,44.40999984741211,10300,0.0,0.0,0.0
2023-02-14 00:00:00-05:00,44.31999969482422,44.4900016784668,44.16999816894531,44.41999816894531,44200,0.0,0.0,0.0
2023-02-15 00:00:00-05:00,44.2400016784668,44.38999938964844,44.189998626708984,44.38999938964844,11200,0.0,0.0,0.0
2023-02-16 00:00:00-05:00,44.2400016784668,44.2400016784668,44.060001373291016,44.060001373291016,19200,0.0,0.0,0.0
2023-02-17 00:00:00-05:00,43.93000030517578,44.29999923706055,43.900001525878906,44.25,100900,0.0,0.0,0.0
2023-02-21 00:00:00-05:00,43.93000030517578,43.93000030517578,43.5099983215332,43.56999969482422,31500,0.0,0.0,0.0
2023-02-22 00:00:00-05:00,43.76900100708008,43.98899841308594,43.7400016784668,43.810001373291016,12500,0.0,0.0,0.0
2023-02-23 00:00:00-05:00,44.0,44.220001220703125,43.91999816894531,44.16999816894531,9500,0.0,0.0,0.0
2023-02-24 00:00:00-05:00,43.790000915527344,44.01499938964844,43.779998779296875,43.95000076293945,16000,0.0,0.0,0.0
2023-02-27 00:00:00-05:00,44.04999923706055,44.25899887084961,44.04999923706055,44.20000076293945,13100,0.0,0.0,0.0
2023-02-28 00:00:00-05:00,44.16999816894531,44.20899963378906,44.05400085449219,44.165000915527344,10800,0.0,0.0,0.0
2023-03-01 00:00:00-05:00,44.0,44.0,43.75,43.86000061035156,15700,0.0,0.0,0.0
2023-03-02 00:00:00-05:00,43.689998626708984,43.90999984741211,43.66999816894531,43.869998931884766,21000,0.0,0.0,0.0
2023-03-03 00:00:00-05:00,44.0099983215332,44.36000061035156,44.0099983215332,44.314998626708984,17100,0.0,0.0,0.0
2023-03-06 00:00:00-05:00,44.470001220703125,44.470001220703125,44.290000915527344,44.30099868774414,31400,0.0,0.0,0.0
2023-03-07 00:00:00-05:00,44.349998474121094,44.349998474121094,44.040000915527344,44.040000915527344,20300,0.0,0.0,0.0
2023-03-08 00:00:00-05:00,44.09000015258789,44.09000015258789,43.779998779296875,43.88600158691406,21000,0.0,0.0,0.0
2023-03-09 00:00:00-05:00,44.0,44.08000183105469,43.584999084472656,43.60499954223633,17600,0.0,0.0,0.0
2023-03-10 00:00:00-05:00,43.70000076293945,43.8849983215332,43.525001525878906,43.56999969482422,13200,0.0,0.0,0.0
2023-03-13 00:00:00-04:00,43.5,43.86199951171875,43.31999969482422,43.31999969482422,11200,0.0,0.0,0.0
2023-03-14 00:00:00-04:00,43.68000030517578,43.86000061035156,43.540000915527344,43.654998779296875,35500,0.0,0.0,0.0
2023-03-15 00:00:00-04:00,43.369998931884766,43.499000549316406,43.25,43.47999954223633,25400,0.0,0.0,0.0
2023-03-16 00:00:00-04:00,43.349998474121094,43.81999969482422,43.34400177001953,43.731998443603516,32800,0.0,0.0,0.0
2023-03-17 00:00:00-04:00,43.47999954223633,43.66999816894531,43.404998779296875,43.4630012512207,21400,0.0,0.0,0.0
2023-03-20 00:00:00-04:00,43.369998931884766,43.58000183105469,43.27000045776367,43.323001861572266,20300,0.0,0.0,0.0
2023-03-21 00:00:00-04:00,43.68000030517578,43.81999969482422,43.595001220703125,43.784000396728516,10700,0.0,0.0,0.0
2023-03-22 00:00:00-04:00,43.67900085449219,44.25,43.63100051879883,43.82899856567383,34500,0.0,0.0,0.0
2023-03-23 00:00:00-04:00,43.95000076293945,44.0099983215332,43.52000045776367,43.64500045776367,31200,0.0,0.0,0.0
2023-03-24 00:00:00-04:00,43.540000915527344,43.6150016784668,43.50299835205078,43.60499954223633,17400,0.0,0.0,0.0
2023-03-27 00:00:00-04:00,43.650001525878906,43.650001525878906,43.53300094604492,43.5629997253418,9100,0.0,0.0,0.0
2023-03-28 00:00:00-04:00,43.40999984741211,43.5,43.38999938964844,43.46799850463867,25100,0.0,0.0,0.0
2023-03-29 00:00:00-04:00,43.56999969482422,43.970001220703125,43.56999969482422,43.94499969482422,27000,0.0,0.0,0.0
2023-03-30 00:00:00-04:00,43.974998474121094,44.21200180053711,43.95199966430664,44.21200180053711,32700,0.0,0.0,0.0
2023-03-31 00:00:00-04:00,44.35100173950195,44.66999816894531,44.349998474121094,44.66999816894531,23300,0.0,0.0,0.0
2023-04-03 00:00:00-04:00,44.310001373291016,44.44499969482422,44.310001373291016,44.42499923706055,28700,0.0,0.0,0.0
2023-04-04 00:00:00-04:00,44.380001068115234,44.42499923706055,44.25,44.2599983215332,27200,0.0,0.0,0.0
2023-04-05 00:00:00-04:00,44.22999954223633,44.22999954223633,44.01300048828125,44.01300048828125,28200,0.0,0.0,0.0
2023-04-06 00:00:00-04:00,44.0,44.27000045776367,43.939998626708984,44.220001220703125,18800,0.0,0.0,0.0
2023-04-10 00:00:00-04:00,44.060001373291016,44.18000030517578,43.9900016784668,44.159000396728516,25600,0.0,0.0,0.0
2023-04-11 00:00:00-04:00,44.16999816894531,44.369998931884766,44.13999938964844,44.290000915527344,26200,0.0,0.0,0.0
2023-04-12 00:00:00-04:00,44.540000915527344,44.540000915527344,44.2599983215332,44.275001525878906,4500,0.0,0.0,0.0
2023-04-13 00:00:00-04:00,44.38999938964844,44.630001068115234,44.380001068115234,44.56999969482422,33600,0.0,0.0,0.0
2023-04-14 00:00:00-04:00,44.4900016784668,44.61000061035156,44.380001068115234,44.4739990234375,7700,0.0,0.0,0.0
2023-04-17 00:00:00-04:00,44.41999816894531,44.41999816894531,44.27000045776367,44.400001525878906,17400,0.0,0.0,0.0
2023-04-18 00:00:00-04:00,44.47999954223633,44.540000915527344,44.42900085449219,44.49399948120117,7000,0.0,0.0,0.0
2023-04-19 00:00:00-04:00,44.349998474121094,44.470001220703125,44.34000015258789,44.3849983215332,14000,0.0,0.0,0.0
2023-04-20 00:00:00-04:00,44.369998931884766,44.40999984741211,44.349998474121094,44.375,29200,0.0,0.0,0.0
2023-04-21 00:00:00-04:00,44.37900161743164,44.49399948120117,44.332000732421875,44.45500183105469,14500,0.0,0.0,0.0
2023-04-24 00:00:00-04:00,44.52000045776367,44.68000030517578,44.470001220703125,44.61000061035156,35300,0.0,0.0,0.0
2023-04-25 00:00:00-04:00,44.58000183105469,44.61000061035156,44.48500061035156,44.52000045776367,16500,0.0,0.0,0.0
2023-04-26 00:00:00-04:00,44.47999954223633,44.47999954223633,44.33000183105469,44.35900115966797,9600,0.0,0.0,0.0
2023-04-27 00:00:00-04:00,44.5,44.619998931884766,44.470001220703125,44.52000045776367,20300,0.0,0.0,0.0
2023-04-28 00:00:00-04:00,44.439998626708984,44.75,44.439998626708984,44.689998626708984,31200,0.0,0.0,0.0
2023-05-01 00:00:00-04:00,44.369998931884766,44.369998931884766,44.18000030517578,44.18299865722656,25200,0.0,0.0,0.0
2023-05-02 00:00:00-04:00,44.15999984741211,44.25,44.150001525878906,44.20399856567383,15100,0.0,0.0,0.0
2023-05-03 00:00:00-04:00,44.2599983215332,44.400001525878906,44.154998779296875,44.15999984741211,24800,0.0,0.0,0.0
2023-05-04 00:00:00-04:00,44.10499954223633,44.10499954223633,43.880001068115234,44.053001403808594,32600,0.0,0.0,0.0
2023-05-05 00:00:00-04:00,44.2599983215332,44.41999816894531,44.2599983215332,44.40999984741211,138900,0.0,0.0,0.0
2023-05-08 00:00:00-04:00,44.34000015258789,44.34000015258789,44.16999816894531,44.290000915527344,15400,0.0,0.0,0.0
2023-05-09 00:00:00-04:00,44.21900177001953,44.25,44.18000030517578,44.21500015258789,13400,0.0,0.0,0.0
2023-05-10 00:00:00-04:00,44.340999603271484,44.540000915527344,44.31999969482422,44.46500015258789,235700,0.0,0.0,0.0
2023-05-11 00:00:00-04:00,44.349998474121094,44.380001068115234,44.32500076293945,44.334999084472656,49500,0.0,0.0,0.0
2023-05-12 00:00:00-04:00,44.33000183105469,44.36899948120117,44.11000061035156,44.1609992980957,19000,0.0,0.0,0.0
2023-05-15 00:00:00-04:00,44.16999816894531,44.560001373291016,44.150001525878906,44.18000030517578,122700,0.0,0.0,0.0
2023-05-16 00:00:00-04:00,44.09000015258789,44.09000015258789,43.91999816894531,43.935001373291016,76400,0.0,0.0,0.0
2023-05-17 00:00:00-04:00,43.939998626708984,44.16400146484375,43.939998626708984,44.060001373291016,40900,0.0,0.0,0.0
2023-05-18 00:00:00-04:00,44.09000015258789,44.119998931884766,43.94900131225586,44.119998931884766,27300,0.0,0.0,0.0
2023-05-19 00:00:00-04:00,44.119998931884766,44.27000045776367,44.08000183105469,44.13999938964844,111300,0.0,0.0,0.0
2023-05-22 00:00:00-04:00,44.13999938964844,44.45000076293945,44.13999938964844,44.34000015258789,66200,0.0,0.0,0.0
2023-05-23 00:00:00-04:00,44.2400016784668,44.310001373291016,44.11000061035156,44.13999938964844,38000,0.0,0.0,0.0
2023-05-24 00:00:00-04:00,44.0099983215332,44.06999969482422,43.79999923706055,43.8849983215332,225000,0.0,0.0,0.0
2023-05-25 00:00:00-04:00,44.060001373291016,44.060001373291016,43.84000015258789,43.849998474121094,112400,0.0,0.0,0.0
2023-05-26 00:00:00-04:00,43.91699981689453,44.13999938964844,43.91699981689453,44.13999938964844,85900,0.0,0.0,0.0
2023-05-30 00:00:00-04:00,44.29999923706055,44.29999923706055,44.16999816894531,44.290000915527344,35100,0.0,0.0,0.0
2023-05-31 00:00:00-04:00,44.16999816894531,44.224998474121094,44.08300018310547,44.189998626708984,8400,0.0,0.0,0.0
2023-06-01 00:00:00-04:00,43.959999084472656,44.16999816894531,43.939998626708984,44.12900161743164,6700,0.0,0.0,0.0
2023-06-02 00:00:00-04:00,44.29999923706055,44.400001525878906,44.220001220703125,44.36000061035156,26400,0.0,0.0,0.0
2023-06-05 00:00:00-04:00,44.29999923706055,44.36000061035156,44.18000030517578,44.27000045776367,105500,0.0,0.0,0.0
2023-06-06 00:00:00-04:00,44.16999816894531,44.36000061035156,44.16999816894531,44.36000061035156,50100,0.0,0.0,0.0
2023-06-07 00:00:00-04:00,44.38999938964844,44.43000030517578,44.099998474121094,44.1150016784668,27900,0.0,0.0,0.0
2023-06-08 00:00:00-04:00,44.13999938964844,44.43000030517578,44.13999938964844,44.375,67900,0.0,0.0,0.0
2023-06-09 00:00:00-04:00,44.40999984741211,44.4900016784668,44.40999984741211,44.4370002746582,41100,0.0,0.0,0.0
2023-06-12 00:00:00-04:00,44.459999084472656,44.470001220703125,44.290000915527344,44.39899826049805,13000,0.0,0.0,0.0
2023-06-13 00:00:00-04:00,44.2599983215332,44.5099983215332,44.2599983215332,44.3650016784668,53300,0.0,0.0,0.0
2023-06-14 00:00:00-04:00,44.47999954223633,44.5,44.2599983215332,44.40999984741211,33000,0.0,0.0,0.0
2023-06-15 00:00:00-04:00,44.5,44.61899948120117,44.47999954223633,44.58399963378906,29600,0.0,0.0,0.0
2023-06-16 00:00:00-04:00,44.619998931884766,44.619998931884766,44.4900016784668,44.4900016784668,14800,0.0,0.0,0.0
2023-06-20 00:00:00-04:00,44.459999084472656,44.529998779296875,44.43000030517578,44.43000030517578,14800,0.0,0.0,0.0
2023-06-21 00:00:00-04:00,44.369998931884766,44.47999954223633,44.310001373291016,44.380001068115234,247100,0.0,0.0,0.0
2023-06-22 00:00:00-04:00,44.31999969482422,44.34000015258789,44.22999954223633,44.2599983215332,14200,0.0,0.0,0.0
2023-06-23 00:00:00-04:00,44.150001525878906,44.22999954223633,44.060001373291016,44.13999938964844,22200,0.0,0.0,0.0
2023-06-26 00:00:00-04:00,44.26900100708008,44.29199981689453,44.16999816894531,44.220001220703125,12500,0.0,0.0,0.0
2023-06-27 00:00:00-04:00,44.310001373291016,44.400001525878906,44.279998779296875,44.36000061035156,9200,0.0,0.0,0.0
2023-06-28 00:00:00-04:00,44.33000183105469,44.555999755859375,44.33000183105469,44.555999755859375,11200,0.0,0.0,0.0
2023-06-29 00:00:00-04:00,44.36600112915039,44.47700119018555,44.34000015258789,44.439998626708984,14900,0.0,0.0,0.0
2023-06-30 00:00:00-04:00,44.61000061035156,44.75,44.61000061035156,44.70000076293945,7000,0.0,0.0,0.0
2023-07-03 00:00:00-04:00,44.45000076293945,44.45000076293945,44.34000015258789,44.38100051879883,23300,0.0,0.0,0.0
2023-07-05 00:00:00-04:00,44.36000061035156,44.36000061035156,44.189998626708984,44.268001556396484,18800,0.0,0.0,0.0
2023-07-06 00:00:00-04:00,43.95000076293945,44.0099983215332,43.849998474121094,44.005001068115234,72700,0.0,0.0,0.0
2023-07-07 00:00:00-04:00,43.970001220703125,44.290000915527344,43.970001220703125,44.040000915527344,38800,0.0,0.0,0.0
2023-07-10 00:00:00-04:00,44.08000183105469,44.279998779296875,44.08000183105469,44.2400016784668,25400,0.0,0.0,0.0
2023-07-11 00:00:00-04:00,44.310001373291016,44.42499923706055,44.29899978637695,44.42499923706055,10000,0.0,0.0,0.0
2023-07-12 00:00:00-04:00,44.70000076293945,44.86000061035156,44.70000076293945,44.80400085449219,16900,0.0,0.0,0.0
2023-07-13 00:00:00-04:00,44.959999084472656,45.11000061035156,44.959999084472656,45.09700012207031,6600,0.0,0.0,0.0
2023-07-14 00:00:00-04:00,44.959999084472656,44.959999084472656,44.75,44.7599983215332,12900,0.0,0.0,0.0
2023-07-17 00:00:00-04:00,44.810001373291016,44.94499969482422,44.7599983215332,44.90999984741211,17200,0.0,0.0,0.0
2023-07-18 00:00:00-04:00,44.97999954223633,45.0880012512207,44.93000030517578,45.04999923706055,54500,0.0,0.0,0.0
2023-07-19 00:00:00-04:00,45.16999816894531,45.16999816894531,45.06999969482422,45.09000015258789,11000,0.0,0.0,0.0
2023-07-20 00:00:00-04:00,44.939998626708984,44.939998626708984,44.79499816894531,44.90999984741211,56700,0.0,0.0,0.0
2023-07-21 00:00:00-04:00,44.93000030517578,45.09000015258789,44.93000030517578,44.9900016784668,5500,0.0,0.0,0.0
2023-07-24 00:00:00-04:00,45.11000061035156,45.125,44.96699905395508,44.970001220703125,9000,0.0,0.0,0.0
2023-07-25 00:00:00-04:00,44.93000030517578,44.970001220703125,44.810001373291016,44.88999938964844,14700,0.0,0.0,0.0
2023-07-26 00:00:00-04:00,44.900001525878906,45.13999938964844,44.900001525878906,45.119998931884766,18000,0.0,0.0,0.0
2023-07-27 00:00:00-04:00,45.189998626708984,45.220001220703125,44.70000076293945,44.77000045776367,172700,0.0,0.0,0.0
2023-07-28 00:00:00-04:00,44.9900016784668,45.060001373291016,44.970001220703125,45.060001373291016,213100,0.0,0.0,0.0
2023-07-31 00:00:00-04:00,45.11000061035156,45.220001220703125,45.060001373291016,45.20000076293945,40600,0.0,0.0,0.0
2023-08-01 00:00:00-04:00,44.77000045776367,44.77000045776367,44.619998931884766,44.63600158691406,60000,0.0,0.0,0.0
2023-08-02 00:00:00-04:00,44.529998779296875,44.560001373291016,44.380001068115234,44.560001373291016,42700,0.0,0.0,0.0
2023-08-03 00:00:00-04:00,44.38999938964844,44.470001220703125,44.310001373291016,44.380001068115234,41900,0.0,0.0,0.0
2023-08-04 00:00:00-04:00,44.619998931884766,44.790000915527344,44.59000015258789,44.625,24400,0.0,0.0,0.0
2023-08-07 00:00:00-04:00,44.709999084472656,44.720001220703125,44.55699920654297,44.720001220703125,24600,0.0,0.0,0.0
2023-08-08 00:00:00-04:00,44.650001525878906,44.79600143432617,44.590999603271484,44.75,19700,0.0,0.0,0.0
2023-08-09 00:00:00-04:00,44.72999954223633,44.77000045776367,44.650001525878906,44.72999954223633,13800,0.0,0.0,0.0
2023-08-10 00:00:00-04:00,44.79899978637695,44.90999984741211,44.630001068115234,44.69499969482422,23700,0.0,0.0,0.0
2023-08-11 00:00:00-04:00,44.584999084472656,44.650001525878906,44.56999969482422,44.630001068115234,15100,0.0,0.0,0.0
2023-08-14 00:00:00-04:00,44.54999923706055,44.720001220703125,44.53799819946289,44.638999938964844,10900,0.0,0.0,0.0
2023-08-15 00:00:00-04:00,44.529998779296875,44.6349983215332,44.52199935913086,44.529998779296875,20800,0.0,0.0,0.0
2023-08-16 00:00:00-04:00,44.470001220703125,44.60300064086914,44.40999984741211,44.40999984741211,20500,0.0,0.0,0.0
2023-08-17 00:00:00-04:00,44.40999984741211,44.41999816894531,44.178001403808594,44.20600128173828,19600,0.0,0.0,0.0
2023-08-18 00:00:00-04:00,44.11000061035156,44.380001068115234,44.11000061035156,44.25,10800,0.0,0.0,0.0
2023-08-21 00:00:00-04:00,44.2599983215332,44.27000045776367,44.119998931884766,44.23500061035156,13100,0.0,0.0,0.0
2023-08-22 00:00:00-04:00,44.321998596191406,44.321998596191406,44.224998474121094,44.26499938964844,32700,0.0,0.0,0.0
2023-08-23 00:00:00-04:00,44.40999984741211,44.619998931884766,44.40999984741211,44.58000183105469,33100,0.0,0.0,0.0
2023-08-24 00:00:00-04:00,44.599998474121094,44.599998474121094,44.279998779296875,44.279998779296875,272400,0.0,0.0,0.0
2023-08-25 00:00:00-04:00,44.290000915527344,44.540000915527344,44.290000915527344,44.4900016784668,91400,0.0,0.0,0.0
2023-08-28 00:00:00-04:00,44.59000015258789,44.709999084472656,44.54999923706055,44.68000030517578,11300,0.0,0.0,0.0
2023-08-29 00:00:00-04:00,44.63999938964844,44.93000030517578,44.630001068115234,44.900001525878906,17200,0.0,0.0,0.0
2023-08-30 00:00:00-04:00,44.91999816894531,44.97999954223633,44.86000061035156,44.869998931884766,21100,0.0,0.0,0.0
2023-08-31 00:00:00-04:00,44.86000061035156,44.93600082397461,44.810001373291016,44.92499923706055,16100,0.0,0.0,0.0
2023-09-01 00:00:00-04:00,44.72999954223633,44.72999954223633,44.564998626708984,44.63999938964844,8500,0.0,0.0,0.0
2023-09-05 00:00:00-04:00,44.61000061035156,44.61000061035156,44.34000015258789,44.40399932861328,24600,0.0,0.0,0.0
2023-09-06 00:00:00-04:00,44.380001068115234,44.38999938964844,44.220001220703125,44.31999969482422,17800,0.0,0.0,0.0
2023-09-07 00:00:00-04:00,44.22999954223633,44.439998626708984,44.22999954223633,44.43000030517578,15800,0.0,0.0,0.0
2023-09-08 00:00:00-04:00,44.439998626708984,44.540000915527344,44.34000015258789,44.34000015258789,20300,0.0,0.0,0.0
2023-09-11 00:00:00-04:00,44.41999816894531,44.45500183105469,44.349998474121094,44.43000030517578,30500,0.0,0.0,0.0
2023-09-12 00:00:00-04:00,44.40999984741211,44.43000030517578,44.349998474121094,44.400001525878906,10500,0.0,0.0,0.0
2023-09-13 00:00:00-04:00,44.38999938964844,44.540000915527344,44.38999938964844,44.5099983215332,11600,0.0,0.0,0.0
2023-09-14 00:00:00-04:00,44.54999923706055,44.59000015258789,44.500999450683594,44.529998779296875,10400,0.0,0.0,0.0
2023-09-15 00:00:00-04:00,44.4900016784668,44.5,44.43000030517578,44.43899917602539,14200,0.0,0.0,0.0
2023-09-18 00:00:00-04:00,44.400001525878906,44.470001220703125,44.400001525878906,44.43000030517578,20500,0.0,0.0,0.0
2023-09-19 00:00:00-04:00,44.400001525878906,44.43000030517578,44.33000183105469,44.36000061035156,15100,0.0,0.0,0.0
2023-09-20 00:00:00-04:00,44.459999084472656,44.52299880981445,44.33000183105469,44.33000183105469,20700,0.0,0.0,0.0
2023-09-21 00:00:00-04:00,44.189998626708984,44.189998626708984,44.060001373291016,44.06999969482422,25200,0.0,0.0,0.0
2023-09-22 00:00:00-04:00,44.150001525878906,44.25,44.1150016784668,44.1150016784668,19100,0.0,0.0,0.0
2023-09-25 00:00:00-04:00,43.98500061035156,44.11000061035156,43.98500061035156,44.05500030517578,24200,0.0,0.0,0.0
2023-09-26 00:00:00-04:00,43.9900016784668,44.0099983215332,43.814998626708984,43.845001220703125,19800,0.0,0.0,0.0
2023-09-27 00:00:00-04:00,43.900001525878906,43.939998626708984,43.720001220703125,43.792999267578125,19400,0.0,0.0,0.0
2023-09-28 00:00:00-04:00,43.74599838256836,43.98400115966797,43.720001220703125,43.97999954223633,20700,0.0,0.0,0.0
2023-09-29 00:00:00-04:00,44.13999938964844,44.150001525878906,43.93299865722656,43.93299865722656,12500,0.0,0.0,0.0
2023-10-02 00:00:00-04:00,43.599998474121094,43.599998474121094,43.36000061035156,43.38999938964844,16000,0.0,0.0,0.0
2023-10-03 00:00:00-04:00,43.23500061035156,43.23500061035156,42.974998474121094,43.01300048828125,18300,0.0,0.0,0.0
2023-10-04 00:00:00-04:00,43.099998474121094,43.189998626708984,42.959999084472656,43.13999938964844,35200,0.0,0.0,0.0
2023-10-05 00:00:00-04:00,43.130001068115234,43.20000076293945,43.04999923706055,43.154998779296875,57700,0.0,0.0,0.0
2023-10-06 00:00:00-04:00,42.970001220703125,43.45800018310547,42.91999816894531,43.242000579833984,16100,0.0,0.0,0.0
2023-10-09 00:00:00-04:00,43.220001220703125,43.59299850463867,43.209999084472656,43.59299850463867,24900,0.0,0.0,0.0
2023-10-10 00:00:00-04:00,43.45000076293945,43.630001068115234,43.38999938964844,43.534000396728516,33300,0.0,0.0,0.0
2023-10-11 00:00:00-04:00,43.56999969482422,43.59000015258789,43.36000061035156,43.560001373291016,13400,0.0,0.0,0.0
2023-10-12 00:00:00-04:00,43.4900016784668,43.4900016784668,43.20000076293945,43.34000015258789,14000,0.0,0.0,0.0
2023-10-13 00:00:00-04:00,43.36000061035156,43.5099983215332,43.27000045776367,43.310001373291016,15800,0.0,0.0,0.0
2023-10-16 00:00:00-04:00,43.36000061035156,43.41999816894531,43.266998291015625,43.32099914550781,23800,0.0,0.0,0.0
2023-10-17 00:00:00-04:00,43.09000015258789,43.27000045776367,43.08000183105469,43.16999816894531,24300,0.0,0.0,0.0
2023-10-18 00:00:00-04:00,43.150001525878906,43.18000030517578,42.95899963378906,42.95899963378906,10200,0.0,0.0,0.0
2023-10-19 00:00:00-04:00,43.09000015258789,43.47999954223633,43.03499984741211,43.060001373291016,1293300,0.0,0.0,0.0
2023-10-20 00:00:00-04:00,43.08000183105469,43.18000030517578,43.02000045776367,43.099998474121094,480100,0.0,0.0,0.0
2023-10-23 00:00:00-04:00,42.97999954223633,43.310001373291016,42.93000030517578,43.18000030517578,105100,0.0,0.0,0.0
2023-10-24 00:00:00-04:00,43.29999923706055,43.380001068115234,43.22999954223633,43.369998931884766,106000,0.0,0.0,0.0
2023-10-25 00:00:00-04:00,43.290000915527344,43.290000915527344,43.11800003051758,43.15999984741211,32200,0.0,0.0,0.0
2023-10-26 00:00:00-04:00,43.09000015258789,43.369998931884766,43.09000015258789,43.31999969482422,40400,0.0,0.0,0.0
2023-10-27 00:00:00-04:00,43.34000015258789,43.380001068115234,43.189998626708984,43.279998779296875,160200,0.0,0.0,0.0
2023-10-30 00:00:00-04:00,43.25,43.36000061035156,43.20000076293945,43.29999923706055,47500,0.0,0.0,0.0
2023-10-31 00:00:00-04:00,43.349998474121094,43.54999923706055,43.34199905395508,43.470001220703125,47900,0.0,0.0,0.0
2023-11-01 00:00:00-04:00,43.36000061035156,43.689998626708984,43.290000915527344,43.689998626708984,88300,0.0,0.0,0.0
2023-11-02 00:00:00-04:00,43.970001220703125,44.220001220703125,43.970001220703125,44.12300109863281,50800,0.0,0.0,0.0
2023-11-03 00:00:00-04:00,44.47999954223633,44.619998931884766,44.380001068115234,44.599998474121094,34400,0.0,0.0,0.0
2023-11-06 00:00:00-05:00,44.529998779296875,44.58000183105469,44.36000061035156,44.439998626708984,45300,0.0,0.0,0.0
2023-11-07 00:00:00-05:00,44.38999938964844,44.48500061035156,44.279998779296875,44.41999816894531,22900,0.0,0.0,0.0
2023-11-08 00:00:00-05:00,44.38999938964844,44.459999084472656,44.35100173950195,44.439998626708984,48600,0.0,0.0,0.0
2023-11-09 00:00:00-05:00,44.470001220703125,44.470001220703125,44.15999984741211,44.189998626708984,38900,0.0,0.0,0.0
2023-11-10 00:00:00-05:00,44.27000045776367,44.43000030517578,44.27000045776367,44.41999816894531,28000,0.0,0.0,0.0
2023-11-13 00:00:00-05:00,44.349998474121094,44.45000076293945,44.27000045776367,44.36000061035156,49100,0.0,0.0,0.0
2023-11-14 00:00:00-05:00,44.77000045776367,44.939998626708984,44.77000045776367,44.849998474121094,54100,0.0,0.0,0.0
2023-11-15 00:00:00-05:00,44.849998474121094,44.849998474121094,44.68000030517578,44.70000076293945,53100,0.0,0.0,0.0
2023-11-16 00:00:00-05:00,44.70000076293945,44.84000015258789,44.70000076293945,44.81999969482422,56800,0.0,0.0,0.0
2023-11-17 00:00:00-05:00,44.81999969482422,44.900001525878906,44.72999954223633,44.900001525878906,157800,0.0,0.0,0.0
2023-11-20 00:00:00-05:00,44.900001525878906,45.02000045776367,44.849998474121094,44.939998626708984,54000,0.0,0.0,0.0
2023-11-21 00:00:00-05:00,44.939998626708984,44.974998474121094,44.900001525878906,44.95600128173828,75200,0.0,0.0,0.0
2023-11-22 00:00:00-05:00,45.04499816894531,45.11000061035156,44.95000076293945,45.06999969482422,71500,0.0,0.0,0.0
2023-11-24 00:00:00-05:00,45.06999969482422,45.06999969482422,44.9900016784668,45.03200149536133,28600,0.0,0.0,0.0
2023-11-27 00:00:00-05:00,45.029998779296875,45.20000076293945,44.95000076293945,45.11800003051758,51800,0.0,0.0,0.0
2023-11-28 00:00:00-05:00,45.09000015258789,45.290000915527344,45.029998779296875,45.27000045776367,60900,0.0,0.0,0.0
2023-11-29 00:00:00-05:00,45.439998626708984,45.70000076293945,45.422000885009766,45.56999969482422,115000,0.0,0.0,0.0
2023-11-30 00:00:00-05:00,45.540000915527344,45.540000915527344,45.310001373291016,45.41699981689453,39200,0.0,0.0,0.0
2023-12-01 00:00:00-05:00,45.130001068115234,45.54999923706055,45.07899856567383,45.540000915527344,60400,0.0,0.0,0.0
2023-12-04 00:00:00-05:00,45.34000015258789,45.45000076293945,45.310001373291016,45.43000030517578,54700,0.0,0.0,0.0
2023-12-05 00:00:00-05:00,45.36000061035156,45.540000915527344,45.36000061035156,45.52000045776367,42900,0.0,0.0,0.0
2023-12-06 00:00:00-05:00,45.54999923706055,45.58000183105469,45.4630012512207,45.47999954223633,59300,0.0,0.0,0.0
2023-12-07 00:00:00-05:00,45.560001373291016,45.630001068115234,45.49300003051758,45.529998779296875,218400,0.0,0.0,0.0
2023-12-08 00:00:00-05:00,45.439998626708984,45.4900016784668,45.35200119018555,45.435001373291016,177700,0.0,0.0,0.0
2023-12-11 00:00:00-05:00,45.439998626708984,45.439998626708984,45.33599853515625,45.430999755859375,62900,0.0,0.0,0.0
2023-12-12 00:00:00-05:00,45.529998779296875,45.58000183105469,45.29999923706055,45.58000183105469,258600,0.0,0.0,0.0
2023-12-13 00:00:00-05:00,45.650001525878906,46.18299865722656,45.58000183105469,46.18000030517578,60200,0.0,0.0,0.0
2023-12-14 00:00:00-05:00,46.189998626708984,46.279998779296875,46.06999969482422,46.08000183105469,122500,0.0,0.0,0.0
2023-12-15 00:00:00-05:00,46.08000183105469,46.310001373291016,45.917999267578125,45.970001220703125,76500,0.0,0.0,0.0
2023-12-18 00:00:00-05:00,46.11000061035156,46.11000061035156,45.95000076293945,46.08000183105469,70800,0.0,0.0,0.0
2023-12-19 00:00:00-05:00,46.06999969482422,46.25,46.06999969482422,46.189998626708984,64800,0.0,0.0,0.0
2023-12-20 00:00:00-05:00,46.25,46.349998474121094,46.16999816894531,46.18000030517578,61800,0.0,0.0,0.0
2023-12-21 00:00:00-05:00,46.290000915527344,46.40999984741211,46.20100021362305,46.33000183105469,57200,0.0,0.0,0.0
2023-12-22 00:00:00-05:00,46.439998626708984,46.459999084472656,46.25,46.290000915527344,39200,0.0,0.0,0.0
2023-12-26 00:00:00-05:00,46.31999969482422,46.43000030517578,46.27399826049805,46.43000030517578,106000,0.0,0.0,0.0
2023-12-27 00:00:00-05:00,46.4900016784668,46.66999816894531,46.380001068115234,46.56999969482422,61600,0.0,0.0,0.0
2023-12-28 00:00:00-05:00,46.5099983215332,46.5099983215332,46.29999923706055,46.369998931884766,58400,0.0,0.0,0.0
2023-12-29 00:00:00-05:00,46.369998931884766,46.470001220703125,46.20000076293945,46.20000076293945,43000,0.0,0.0,0.0
2024-01-02 00:00:00-05:00,46.189998626708984,46.189998626708984,46.029998779296875,46.11000061035156,213900,0.0,0.0,0.0
2024-01-03 00:00:00-05:00,45.880001068115234,46.040000915527344,45.709999084472656,45.959999084472656,43300,0.0,0.0,0.0
2024-01-04 00:00:00-05:00,45.90999984741211,45.970001220703125,45.810001373291016,45.810001373291016,97000,0.0,0.0,0.0
2024-01-05 00:00:00-05:00,45.75,46.04499816894531,45.75,45.84000015258789,47400,0.0,0.0,0.0
2024-01-08 00:00:00-05:00,45.93000030517578,46.18000030517578,45.880001068115234,46.150001525878906,52800,0.0,0.0,0.0
2024-01-09 00:00:00-05:00,46.040000915527344,46.20000076293945,45.9900016784668,46.15999984741211,55400,0.0,0.0,0.0
2024-01-10 00:00:00-05:00,46.25,46.35599899291992,46.25,46.29999923706055,270800,0.0,0.0,0.0
2024-01-11 00:00:00-05:00,46.459999084472656,46.470001220703125,46.22999954223633,46.45000076293945,46800,0.0,0.0,0.0
2024-01-12 00:00:00-05:00,46.560001373291016,46.68000030517578,46.47999954223633,46.5099983215332,48100,0.0,0.0,0.0
2024-01-16 00:00:00-05:00,46.47999954223633,46.983001708984375,46.22999954223633,46.27000045776367,131500,0.0,0.0,0.0
2024-01-17 00:00:00-05:00,46.119998931884766,46.16999816894531,46.00400161743164,46.09000015258789,103000,0.0,0.0,0.0
2024-01-18 00:00:00-05:00,46.18000030517578,46.18000030517578,46.060001373291016,46.15999984741211,84700,0.0,0.0,0.0
2024-01-19 00:00:00-05:00,46.25,46.25,46.0099983215332,46.220001220703125,66300,0.0,0.0,0.0
2024-01-22 00:00:00-05:00,46.209999084472656,46.35499954223633,46.209999084472656,46.255001068115234,80900,0.0,0.0,0.0
2024-01-23 00:00:00-05:00,46.22999954223633,46.310001373291016,46.15999984741211,46.209999084472656,144200,0.0,0.0,0.0
2024-01-24 00:00:00-05:00,46.380001068115234,46.380001068115234,46.16999816894531,46.220001220703125,46800,0.0,0.0,0.0
2024-01-25 00:00:00-05:00,46.459999084472656,46.970001220703125,46.36000061035156,46.63999938964844,3165200,0.0,0.0,0.0
2024-01-26 00:00:00-05:00,46.619998931884766,46.650001525878906,46.5,46.56999969482422,279500,0.0,0.0,0.0
2024-01-29 00:00:00-05:00,46.61000061035156,46.68000030517578,46.51499938964844,46.68000030517578,321500,0.0,0.0,0.0
2024-01-30 00:00:00-05:00,46.70000076293945,46.70000076293945,46.51499938964844,46.61000061035156,251500,0.0,0.0,0.0
2024-01-31 00:00:00-05:00,46.630001068115234,46.779998779296875,46.529998779296875,46.529998779296875,219800,0.0,0.0,0.0
2024-02-01 00:00:00-05:00,46.45000076293945,46.599998474121094,46.349998474121094,46.58000183105469,202800,0.0,0.0,0.0
2024-02-02 00:00:00-05:00,46.27000045776367,46.41999816894531,46.25,46.349998474121094,198500,0.0,0.0,0.0
2024-02-05 00:00:00-05:00,46.22999954223633,46.22999954223633,46.020999908447266,46.11000061035156,162800,0.0,0.0,0.0
2024-02-06 00:00:00-05:00,46.18000030517578,46.35200119018555,46.15999984741211,46.310001373291016,141300,0.0,0.0,0.0
2024-02-07 00:00:00-05:00,46.380001068115234,46.3849983215332,46.23899841308594,46.310001373291016,95600,0.0,0.0,0.0
2024-02-08 00:00:00-05:00,46.310001373291016,46.380001068115234,46.2599983215332,46.34000015258789,239800,0.0,0.0,0.0
2024-02-09 00:00:00-05:00,46.34000015258789,46.45899963378906,46.28499984741211,46.43000030517578,91700,0.0,0.0,0.0
2024-02-12 00:00:00-05:00,46.45000076293945,46.474998474121094,46.310001373291016,46.310001373291016,116700,0.0,0.0,0.0
2024-02-13 00:00:00-05:00,46.029998779296875,46.08000183105469,45.88999938964844,45.959999084472656,143200,0.0,0.0,0.0
2024-02-14 00:00:00-05:00,46.095001220703125,46.209999084472656,46.06999969482422,46.130001068115234,51800,0.0,0.0,0.0
2024-02-15 00:00:00-05:00,46.2400016784668,46.34000015258789,46.16999816894531,46.27000045776367,87900,0.0,0.0,0.0
2024-02-16 00:00:00-05:00,46.150001525878906,46.183998107910156,46.09000015258789,46.15999984741211,57200,0.0,0.0,0.0
2024-02-20 00:00:00-05:00,46.13999938964844,46.36000061035156,46.08000183105469,46.209999084472656,164100,0.0,0.0,0.0
2024-02-21 00:00:00-05:00,46.2599983215332,46.27000045776367,46.08000183105469,46.189998626708984,77300,0.0,0.0,0.0
2024-02-22 00:00:00-05:00,46.2599983215332,46.369998931884766,46.2599983215332,46.369998931884766,90900,0.0,0.0,0.0
2024-02-23 00:00:00-05:00,46.380001068115234,46.479000091552734,46.36000061035156,46.43000030517578,73600,0.0,0.0,0.0
2024-02-26 00:00:00-05:00,46.40999984741211,46.40999984741211,46.16999816894531,46.220001220703125,333700,0.0,0.0,0.0
2024-02-27 00:00:00-05:00,46.2400016784668,46.2599983215332,46.15999984741211,46.2400016784668,98300,0.0,0.0,0.0
2024-02-28 00:00:00-05:00,46.22999954223633,46.279998779296875,46.16999816894531,46.27000045776367,122100,0.0,0.0,0.0
2024-02-29 00:00:00-05:00,46.34000015258789,46.40999984741211,46.25,46.27000045776367,58500,0.0,0.0,0.0
2024-03-01 00:00:00-05:00,46.08000183105469,46.2599983215332,45.95000076293945,46.18000030517578,238000,0.0,0.0,0.0
2024-03-04 00:00:00-05:00,46.189998626708984,46.25,46.099998474121094,46.220001220703125,313900,0.0,0.0,0.0
2024-03-05 00:00:00-05:00,46.20000076293945,46.279998779296875,46.13999938964844,46.150001525878906,131900,0.0,0.0,0.0
2024-03-06 00:00:00-05:00,46.29999923706055,46.36000061035156,46.19499969482422,46.2599983215332,58300,0.0,0.0,0.0
2024-03-07 00:00:00-05:00,46.38999938964844,46.38999938964844,46.279998779296875,46.31999969482422,80500,0.0,0.0,0.0
2024-03-08 00:00:00-05:00,46.40999984741211,46.540000915527344,46.35200119018555,46.36000061035156,80000,0.0,0.0,0.0
2024-03-11 00:00:00-04:00,46.36000061035156,46.38999938964844,46.27000045776367,46.380001068115234,170600,0.0,0.0,0.0
2024-03-12 00:00:00-04:00,46.40999984741211,46.40999984741211,46.29999923706055,46.369998931884766,58700,0.0,0.0,0.0
2024-03-13 00:00:00-04:00,46.400001525878906,46.4900016784668,46.36000061035156,46.369998931884766,92600,0.0,0.0,0.0
2024-03-14 00:00:00-04:00,46.2599983215332,46.2599983215332,46.0,46.04999923706055,5037600,0.0,0.0,0.0
2024-03-15 00:00:00-04:00,46.040000915527344,46.13999938964844,46.0099983215332,46.04999923706055,157300,0.0,0.0,0.0
2024-03-18 00:00:00-04:00,46.279998779296875,46.279998779296875,46.150001525878906,46.189998626708984,124200,0.0,0.0,0.0
2024-03-19 00:00:00-04:00,46.22999954223633,46.470001220703125,46.21500015258789,46.470001220703125,155800,0.0,0.0,0.0
2024-03-20 00:00:00-04:00,46.43000030517578,46.68000030517578,46.39400100708008,46.65999984741211,117400,0.0,0.0,0.0
2024-03-21 00:00:00-04:00,46.77000045776367,46.77000045776367,46.650001525878906,46.72999954223633,73500,0.0,0.0,0.0
2024-03-22 00:00:00-04:00,46.720001220703125,46.77000045776367,46.689998626708984,46.720001220703125,97900,0.0,0.0,0.0
2024-03-25 00:00:00-04:00,46.650001525878906,46.68000030517578,46.59000015258789,46.63999938964844,65900,0.0,0.0,0.0
2024-03-26 00:00:00-04:00,46.65999984741211,46.65999984741211,46.54999923706055,46.54999923706055,63600,0.0,0.0,0.0
2024-03-27 00:00:00-04:00,46.689998626708984,46.79499816894531,46.630001068115234,46.790000915527344,110500,0.0,0.0,0.0
2024-03-28 00:00:00-04:00,46.75,46.790000915527344,46.685001373291016,46.720001220703125,123800,0.0,0.0,0.0
2024-04-01 00:00:00-04:00,46.369998931884766,46.369998931884766,46.18199920654297,46.244998931884766,314900,0.0,0.0,0.0
2024-04-02 00:00:00-04:00,46.11000061035156,46.189998626708984,46.06999969482422,46.189998626708984,144600,0.0,0.0,0.0
2024-04-03 00:00:00-04:00,46.11000061035156,46.279998779296875,46.09000015258789,46.2400016784668,88000,0.0,0.0,0.0
2024-04-04 00:00:00-04:00,46.380001068115234,46.400001525878906,46.150001525878906,46.220001220703125,110300,0.0,0.0,0.0
2024-04-05 00:00:00-04:00,46.18000030517578,46.2599983215332,46.13999938964844,46.13999938964844,108500,0.0,0.0,0.0
2024-04-08 00:00:00-04:00,46.15999984741211,46.310001373291016,46.15999984741211,46.29499816894531,81200,0.0,0.0,0.0
2024-04-09 00:00:00-04:00,46.369998931884766,46.435001373291016,46.314998626708984,46.38999938964844,87900,0.0,0.0,0.0
2024-04-10 00:00:00-04:00,46.130001068115234,46.18000030517578,45.91999816894531,46.03499984741211,306200,0.0,0.0,0.0
2024-04-11 00:00:00-04:00,46.11000061035156,46.11000061035156,45.880001068115234,45.9900016784668,247700,0.0,0.0,0.0
2024-04-12 00:00:00-04:00,45.9900016784668,46.00299835205078,45.849998474121094,45.900001525878906,233700,0.0,0.0,0.0
2024-04-15 00:00:00-04:00,46.02000045776367,46.02000045776367,45.64099884033203,45.709999084472656,165900,0.0,0.0,0.0
2024-04-16 00:00:00-04:00,45.689998626708984,45.689998626708984,45.5099983215332,45.560001373291016,63300,0.0,0.0,0.0
2024-04-17 00:00:00-04:00,45.70000076293945,45.7400016784668,45.58000183105469,45.630001068115234,585000,0.0,0.0,0.0
2024-04-18 00:00:00-04:00,45.65999984741211,45.68000030517578,45.540000915527344,45.65999984741211,121600,0.0,0.0,0.0
2024-04-19 00:00:00-04:00,45.7400016784668,45.79999923706055,45.689998626708984,45.75,100900,0.0,0.0,0.0
2024-04-22 00:00:00-04:00,45.849998474121094,46.01499938964844,45.83000183105469,46.0099983215332,77000,0.0,0.0,0.0
2024-04-23 00:00:00-04:00,46.060001373291016,46.20500183105469,46.02000045776367,46.16999816894531,58400,0.0,0.0,0.0
2024-04-24 00:00:00-04:00,46.16999816894531,46.16999816894531,45.9900016784668,46.09000015258789,62500,0.0,0.0,0.0
2024-04-25 00:00:00-04:00,45.88999938964844,46.0,45.74599838256836,45.97999954223633,69400,0.0,0.0,0.0
2024-04-26 00:00:00-04:00,46.040000915527344,46.15999984741211,46.040000915527344,46.130001068115234,46900,0.0,0.0,0.0
2024-04-29 00:00:00-04:00,46.209999084472656,46.27000045776367,46.1619987487793,46.27000045776367,42200,0.0,0.0,0.0
2024-04-30 00:00:00-04:00,46.13999938964844,46.189998626708984,45.9900016784668,45.9900016784668,88300,0.0,0.0,0.0
2024-05-01 00:00:00-04:00,45.709999084472656,46.11000061035156,45.65999984741211,45.880001068115234,169600,0.0,0.0,0.0
2024-05-02 00:00:00-04:00,45.9900016784668,46.20800018310547,45.90999984741211,46.16999816894531,103300,0.0,0.0,0.0
2024-05-03 00:00:00-04:00,46.470001220703125,46.52000045776367,46.34199905395508,46.41999816894531,63800,0.0,0.0,0.0
2024-05-06 00:00:00-04:00,46.5099983215332,46.53799819946289,46.472999572753906,46.4900016784668,54400,0.0,0.0,0.0
2024-05-07 00:00:00-04:00,46.599998474121094,46.599998474121094,46.45500183105469,46.540000915527344,85100,0.0,0.0,0.0
2024-05-08 00:00:00-04:00,46.4900016784668,46.4900016784668,46.41999816894531,46.459999084472656,50500,0.0,0.0,0.0
2024-05-09 00:00:00-04:00,46.459999084472656,46.470001220703125,46.38999938964844,46.470001220703125,78100,0.0,0.0,0.0
2024-05-10 00:00:00-04:00,46.47999954223633,46.47999954223633,46.31999969482422,46.349998474121094,58100,0.0,0.0,0.0
2024-05-13 00:00:00-04:00,46.47999954223633,46.47999954223633,46.34000015258789,46.349998474121094,48700,0.0,0.0,0.0
2024-05-14 00:00:00-04:00,46.41999816894531,46.45500183105469,46.369998931884766,46.43000030517578,42900,0.0,0.0,0.0
2024-05-15 00:00:00-04:00,46.619998931884766,46.720001220703125,46.54499816894531,46.709999084472656,63100,0.0,0.0,0.0
2024-05-16 00:00:00-04:00,46.75,46.75,46.619998931884766,46.630001068115234,85800,0.0,0.0,0.0
2024-05-17 00:00:00-04:00,46.630001068115234,46.630001068115234,46.553001403808594,46.630001068115234,68700,0.0,0.0,0.0
2024-05-20 00:00:00-04:00,46.619998931884766,46.65999984741211,46.582000732421875,46.65999984741211,63100,0.0,0.0,0.0
2024-05-21 00:00:00-04:00,46.650001525878906,46.689998626708984,46.61000061035156,46.619998931884766,79300,0.0,0.0,0.0
2024-05-22 00:00:00-04:00,46.560001373291016,46.56999969482422,46.47999954223633,46.52000045776367,50900,0.0,0.0,0.0
2024-05-23 00:00:00-04:00,46.58000183105469,46.58000183105469,46.31999969482422,46.34000015258789,111500,0.0,0.0,0.0
2024-05-24 00:00:00-04:00,46.38999938964844,46.5,46.349998474121094,46.5,77200,0.0,0.0,0.0
2024-05-28 00:00:00-04:00,46.5099983215332,46.5099983215332,46.33000183105469,46.36000061035156,55700,0.0,0.0,0.0
2024-05-29 00:00:00-04:00,46.16999816894531,46.275001525878906,46.16999816894531,46.189998626708984,63500,0.0,0.0,0.0
2024-05-30 00:00:00-04:00,46.189998626708984,46.369998931884766,46.189998626708984,46.34000015258789,44100,0.0,0.0,0.0
2024-05-31 00:00:00-04:00,46.38999938964844,46.470001220703125,46.349998474121094,46.470001220703125,192600,0.0,0.0,0.0
2024-06-03 00:00:00-04:00,46.209999084472656,46.29999923706055,46.18000030517578,46.29999923706055,84300,0.0,0.0,0.0
2024-06-04 00:00:00-04:00,46.209999084472656,46.31999969482422,46.209999084472656,46.25,109500,0.0,0.0,0.0
2024-06-05 00:00:00-04:00,46.349998474121094,46.38999938964844,46.2400016784668,46.36000061035156,91600,0.0,0.0,0.0
2024-06-06 00:00:00-04:00,46.36000061035156,46.36000061035156,46.2599983215332,46.279998779296875,269500,0.0,0.0,0.0
2024-06-07 00:00:00-04:00,46.13999938964844,46.18000030517578,46.06999969482422,46.130001068115234,114900,0.0,0.0,0.0
2024-06-10 00:00:00-04:00,46.09000015258789,46.189998626708984,46.0629997253418,46.189998626708984,58900,0.0,0.0,0.0
2024-06-11 00:00:00-04:00,46.16999816894531,46.2400016784668,46.119998931884766,46.2400016784668,287000,0.0,0.0,0.0
2024-06-12 00:00:00-04:00,46.584999084472656,46.59000015258789,46.38999938964844,46.40999984741211,118700,0.0,0.0,0.0
2024-06-13 00:00:00-04:00,46.54999923706055,46.54999923706055,46.380001068115234,46.40999984741211,269500,0.0,0.0,0.0
2024-06-14 00:00:00-04:00,46.34000015258789,46.34000015258789,46.22999954223633,46.29999923706055,122400,0.0,0.0,0.0
2024-06-17 00:00:00-04:00,46.25,46.38999938964844,46.19499969482422,46.33000183105469,89500,0.0,0.0,0.0
2024-06-18 00:00:00-04:00,46.400001525878906,46.54999923706055,46.400001525878906,46.52000045776367,75400,0.0,0.0,0.0
2024-06-20 00:00:00-04:00,46.4900016784668,46.5099983215332,46.400001525878906,46.5099983215332,106500,0.0,0.0,0.0
2024-06-21 00:00:00-04:00,46.5099983215332,46.58000183105469,46.470001220703125,46.58000183105469,134200,0.0,0.0,0.0
2024-06-24 00:00:00-04:00,46.58000183105469,46.64899826049805,46.540000915527344,46.540000915527344,68700,0.0,0.0,0.0
2024-06-25 00:00:00-04:00,46.58000183105469,46.59000015258789,46.5099983215332,46.584999084472656,51300,0.0,0.0,0.0
2024-06-26 00:00:00-04:00,46.5099983215332,46.529998779296875,46.439998626708984,46.459999084472656,286600,0.0,0.0,0.0
2024-06-27 00:00:00-04:00,46.5,46.5,46.439998626708984,46.4900016784668,118900,0.0,0.0,0.0
2024-06-28 00:00:00-04:00,46.560001373291016,46.6349983215332,46.42499923706055,46.439998626708984,294200,0.0,0.0,0.0
2024-07-01 00:00:00-04:00,46.2400016784668,46.2400016784668,46.11199951171875,46.13999938964844,176500,0.0,0.0,0.0
2024-07-02 00:00:00-04:00,46.119998931884766,46.244998931884766,46.11000061035156,46.244998931884766,91800,0.0,0.0,0.0
2024-07-03 00:00:00-04:00,46.27000045776367,46.380001068115234,46.25,46.369998931884766,41700,0.0,0.0,0.0
2024-07-05 00:00:00-04:00,46.459999084472656,46.56999969482422,46.41999816894531,46.540000915527344,65700,0.0,0.0,0.0
2024-07-08 00:00:00-04:00,46.540000915527344,46.56999969482422,46.470001220703125,46.5099983215332,253900,0.0,0.0,0.0
2024-07-09 00:00:00-04:00,46.54999923706055,46.58000183105469,46.439998626708984,46.47999954223633,216500,0.0,0.0,0.0
2024-07-10 00:00:00-04:00,46.540000915527344,46.584999084472656,46.51499938964844,46.54999923706055,101200,0.0,0.0,0.0
2024-07-11 00:00:00-04:00,46.720001220703125,46.75,46.68000030517578,46.73500061035156,168000,0.0,0.0,0.0
2024-07-12 00:00:00-04:00,46.779998779296875,46.875,46.73500061035156,46.849998474121094,97900,0.0,0.0,0.0
2024-07-15 00:00:00-04:00,46.880001068115234,46.880001068115234,46.75,46.810001373291016,96700,0.0,0.0,0.0
2024-07-16 00:00:00-04:00,46.880001068115234,47.03499984741211,46.840999603271484,47.025001525878906,67500,0.0,0.0,0.0
2024-07-17 00:00:00-04:00,46.880001068115234,46.97999954223633,46.880001068115234,46.95000076293945,91900,0.0,0.0,0.0
2024-07-18 00:00:00-04:00,46.95000076293945,46.9900016784668,46.810001373291016,46.869998931884766,68300,0.0,0.0,0.0
2024-07-19 00:00:00-04:00,46.900001525878906,46.900001525878906,46.7599983215332,46.849998474121094,21700,0.0,0.0,0.0
2024-07-22 00:00:00-04:00,46.970001220703125,47.0099983215332,46.91999816894531,47.0099983215332,94100,0.0,0.0,0.0
2024-07-23 00:00:00-04:00,46.9900016784668,47.07600021362305,46.97999954223633,47.025001525878906,42900,0.0,0.0,0.0
2024-07-24 00:00:00-04:00,47.0099983215332,47.0099983215332,46.790000915527344,46.790000915527344,318900,0.0,0.0,0.0
2024-07-25 00:00:00-04:00,46.849998474121094,46.9900016784668,46.83000183105469,46.86000061035156,198300,0.0,0.0,0.0
2024-07-26 00:00:00-04:00,47.04999923706055,47.04999923706055,46.94499969482422,46.97999954223633,90600,0.0,0.0,0.0
2024-07-29 00:00:00-04:00,47.08000183105469,47.08000183105469,46.88999938964844,46.95000076293945,103900,0.0,0.0,0.0
2024-07-30 00:00:00-04:00,47.0,47.0,46.86000061035156,46.95000076293945,72400,0.0,0.0,0.0
2024-07-31 00:00:00-04:00,47.099998474121094,47.18000030517578,47.040000915527344,47.16999816894531,77300,0.0,0.0,0.0
2024-08-01 00:00:00-04:00,46.90999984741211,46.959999084472656,46.744998931884766,46.78499984741211,96500,0.0,0.0,0.0
2024-08-02 00:00:00-04:00,46.720001220703125,46.7599983215332,46.58000183105469,46.654998779296875,86600,0.0,0.0,0.0
2024-08-05 00:00:00-04:00,46.15999984741211,46.435001373291016,46.15999984741211,46.29999923706055,518900,0.0,0.0,0.0
2024-08-06 00:00:00-04:00,46.52000045776367,46.599998474121094,46.25,46.439998626708984,172400,0.0,0.0,0.0
2024-08-07 00:00:00-04:00,46.66999816894531,46.72999954223633,46.47999954223633,46.5,77000,0.0,0.0,0.0
2024-08-08 00:00:00-04:00,46.63999938964844,46.70000076293945,46.529998779296875,46.66999816894531,81200,0.0,0.0,0.0
2024-08-09 00:00:00-04:00,46.689998626708984,46.709999084472656,46.58000183105469,46.650001525878906,107400,0.0,0.0,0.0
2024-08-12 00:00:00-04:00,46.689998626708984,46.69499969482422,46.619998931884766,46.689998626708984,102700,0.0,0.0,0.0
2024-08-13 00:00:00-04:00,46.7599983215332,46.89500045776367,46.7400016784668,46.88999938964844,54000,0.0,0.0,0.0
2024-08-14 00:00:00-04:00,46.88999938964844,47.0,46.86000061035156,46.974998474121094,76800,0.0,0.0,0.0
2024-08-15 00:00:00-04:00,47.040000915527344,47.11000061035156,46.970001220703125,47.04499816894531,96800,0.0,0.0,0.0
2024-08-16 00:00:00-04:00,47.04999923706055,47.22999954223633,47.04499816894531,47.209999084472656,90900,0.0,0.0,0.0
2024-08-19 00:00:00-04:00,47.18000030517578,47.310001373291016,47.16999816894531,47.290000915527344,73400,0.0,0.0,0.0
2024-08-20 00:00:00-04:00,47.34000015258789,47.34000015258789,47.19900131225586,47.2599983215332,64400,0.0,0.0,0.0
2024-08-21 00:00:00-04:00,47.33000183105469,47.40999984741211,47.310001373291016,47.3849983215332,88600,0.0,0.0,0.0
2024-08-22 00:00:00-04:00,47.400001525878906,47.400001525878906,47.29999923706055,47.349998474121094,93500,0.0,0.0,0.0
2024-08-23 00:00:00-04:00,47.459999084472656,47.599998474121094,47.40999984741211,47.59000015258789,99300,0.0,0.0,0.0
2024-08-26 00:00:00-04:00,47.61000061035156,47.619998931884766,47.52000045776367,47.52000045776367,69600,0.0,0.0,0.0
2024-08-27 00:00:00-04:00,47.4900016784668,47.59000015258789,47.470001220703125,47.540000915527344,87800,0.0,0.0,0.0
2024-08-28 00:00:00-04:00,47.560001373291016,47.599998474121094,47.5099983215332,47.560001373291016,69500,0.0,0.0,0.0
2024-08-29 00:00:00-04:00,47.59000015258789,47.619998931884766,47.540000915527344,47.56800079345703,114100,0.0,0.0,0.0
2024-08-30 00:00:00-04:00,47.650001525878906,47.650001525878906,47.54999923706055,47.560001373291016,101100,0.0,0.0,0.0
2024-09-03 00:00:00-04:00,47.279998779296875,47.310001373291016,47.150001525878906,47.18000030517578,69000,0.0,0.0,0.0
2024-09-04 00:00:00-04:00,47.13999938964844,47.36000061035156,47.13999938964844,47.31999969482422,90100,0.0,0.0,0.0
2024-09-05 00:00:00-04:00,47.400001525878906,47.4900016784668,47.35200119018555,47.47999954223633,585000,0.0,0.0,0.0
2024-09-06 00:00:00-04:00,47.5099983215332,47.529998779296875,47.29999923706055,47.38999938964844,180900,0.0,0.0,0.0
2024-09-09 00:00:00-04:00,47.459999084472656,47.540000915527344,47.400001525878906,47.540000915527344,76900,0.0,0.0,0.0
2024-09-10 00:00:00-04:00,47.5099983215332,47.54999923706055,47.345001220703125,47.400001525878906,73100,0.0,0.0,0.0
2024-09-11 00:00:00-04:00,47.36000061035156,47.470001220703125,47.290000915527344,47.46500015258789,120800,0.0,0.0,0.0
2024-09-12 00:00:00-04:00,47.41999816894531,47.58000183105469,47.40999984741211,47.5099983215332,228900,0.0,0.0,0.0
2024-09-13 00:00:00-04:00,47.56999969482422,47.685001373291016,47.56999969482422,47.619998931884766,108400,0.0,0.0,0.0
2024-09-16 00:00:00-04:00,47.630001068115234,47.79499816894531,47.62200164794922,47.7400016784668,152800,0.0,0.0,0.0
2024-09-17 00:00:00-04:00,47.79999923706055,47.81999969482422,47.72999954223633,47.79999923706055,91500,0.0,0.0,0.0
2024-09-18 00:00:00-04:00,47.810001373291016,48.060001373291016,47.75,47.84000015258789,128700,0.0,0.0,0.0
2024-09-19 00:00:00-04:00,48.099998474121094,48.099998474121094,47.94499969482422,48.040000915527344,95100,0.0,0.0,0.0
2024-09-20 00:00:00-04:00,48.0,48.029998779296875,47.89799880981445,48.0099983215332,127800,0.0,0.0,0.0
2024-09-23 00:00:00-04:00,48.0099983215332,48.0099983215332,47.93000030517578,47.95000076293945,84500,0.0,0.0,0.0
2024-09-24 00:00:00-04:00,47.90999984741211,47.994998931884766,47.88999938964844,47.93000030517578,101100,0.0,0.0,0.0
2024-09-25 00:00:00-04:00,47.88999938964844,47.92499923706055,47.869998931884766,47.900001525878906,73700,0.0,0.0,0.0
2024-09-26 00:00:00-04:00,48.0,48.0,47.854000091552734,47.90999984741211,1023000,0.0,0.0,0.0
2024-09-27 00:00:00-04:00,47.939998626708984,48.04999923706055,47.939998626708984,48.029998779296875,120500,0.0,0.0,0.0
2024-09-30 00:00:00-04:00,48.040000915527344,48.099998474121094,47.970001220703125,48.060001373291016,101200,0.0,0.0,0.0
2024-10-01 00:00:00-04:00,47.790000915527344,47.86000061035156,47.71200180053711,47.77000045776367,116800,0.0,0.0,0.0
2024-10-02 00:00:00-04:00,47.720001220703125,47.77000045776367,47.665000915527344,47.76499938964844,213000,0.0,0.0,0.0
2024-10-03 00:00:00-04:00,47.709999084472656,47.709999084472656,47.61000061035156,47.66999816894531,211900,0.0,0.0,0.0
2024-10-04 00:00:00-04:00,47.66999816894531,47.7400016784668,47.540000915527344,47.63999938964844,975200,0.0,0.0,0.0
2024-10-07 00:00:00-04:00,47.52000045776367,47.525001525878906,47.380001068115234,47.38999938964844,123500,0.0,0.0,0.0
2024-10-08 00:00:00-04:00,47.439998626708984,47.4900016784668,47.402000427246094,47.4900016784668,69900,0.0,0.0,0.0
2024-10-09 00:00:00-04:00,47.439998626708984,47.49700164794922,47.400001525878906,47.439998626708984,61700,0.0,0.0,0.0
2024-10-10 00:00:00-04:00,47.38999938964844,47.44499969482422,47.349998474121094,47.439998626708984,59500,0.0,0.0,0.0
2024-10-11 00:00:00-04:00,47.40999984741211,47.560001373291016,47.40999984741211,47.54999923706055,71300,0.0,0.0,0.0
2024-10-14 00:00:00-04:00,47.52000045776367,47.599998474121094,47.439998626708984,47.59000015258789,71400,0.0,0.0,0.0
2024-10-15 00:00:00-04:00,47.54999923706055,47.630001068115234,47.54999923706055,47.58000183105469,46000,0.0,0.0,0.0
2024-10-16 00:00:00-04:00,47.61000061035156,47.70500183105469,47.61000061035156,47.66999816894531,51900,0.0,0.0,0.0
2024-10-17 00:00:00-04:00,47.68000030517578,47.68000030517578,47.52000045776367,47.630001068115234,74200,0.0,0.0,0.0
2024-10-18 00:00:00-04:00,47.619998931884766,47.709999084472656,47.61000061035156,47.709999084472656,80393,0.0,0.0,0.0
