Date,Open,High,Low,Close,Volume,Dividends,Stock Splits
2021-12-31 00:00:00-05:00,9.729999542236328,9.843000411987305,9.729999542236328,9.843000411987305,7200,0.0,0.0
2022-01-03 00:00:00-05:00,9.800000190734863,10.156999588012695,9.800000190734863,9.854999542236328,354000,0.0,0.0
2022-01-04 00:00:00-05:00,9.836999893188477,10.3100004196167,9.836999893188477,9.880000114440918,800,0.0,0.0
2022-01-05 00:00:00-05:00,9.880000114440918,9.880000114440918,9.880000114440918,9.880000114440918,19500,0.0,0.0
2022-01-06 00:00:00-05:00,9.890000343322754,9.899999618530273,9.880000114440918,9.899999618530273,7100,0.0,0.0
2022-01-07 00:00:00-05:00,9.880000114440918,9.890000343322754,9.869999885559082,9.880000114440918,57800,0.0,0.0
2022-01-10 00:00:00-05:00,9.880000114440918,9.880000114440918,9.84000015258789,9.880000114440918,14400,0.0,0.0
2022-01-11 00:00:00-05:00,9.880000114440918,9.880000114440918,9.880000114440918,9.880000114440918,0,0.0,0.0
2022-01-12 00:00:00-05:00,9.890000343322754,9.890000343322754,9.890000343322754,9.890000343322754,100,0.0,0.0
2022-01-13 00:00:00-05:00,9.890000343322754,9.890000343322754,9.890000343322754,9.890000343322754,0,0.0,0.0
2022-01-14 00:00:00-05:00,9.906000137329102,9.906000137329102,9.906000137329102,9.906000137329102,200,0.0,0.0
2022-01-18 00:00:00-05:00,9.906000137329102,9.906000137329102,9.906000137329102,9.906000137329102,0,0.0,0.0
2022-01-19 00:00:00-05:00,9.906000137329102,9.906000137329102,9.906000137329102,9.906000137329102,0,0.0,0.0
2022-01-20 00:00:00-05:00,9.906000137329102,9.906000137329102,9.906000137329102,9.906000137329102,0,0.0,0.0
2022-01-21 00:00:00-05:00,9.906000137329102,9.906000137329102,9.906000137329102,9.906000137329102,0,0.0,0.0
2022-01-24 00:00:00-05:00,9.8100004196167,9.819999694824219,9.8100004196167,9.8100004196167,333000,0.0,0.0
2022-01-25 00:00:00-05:00,9.819999694824219,9.819999694824219,9.819999694824219,9.819999694824219,2000,0.0,0.0
2022-01-26 00:00:00-05:00,9.819999694824219,9.819999694824219,9.805000305175781,9.819999694824219,2000,0.0,0.0
2022-01-27 00:00:00-05:00,9.800000190734863,9.819999694824219,9.800000190734863,9.819999694824219,18700,0.0,0.0
2022-01-28 00:00:00-05:00,9.819999694824219,9.819999694824219,9.819999694824219,9.819999694824219,200,0.0,0.0
2022-01-31 00:00:00-05:00,9.890000343322754,9.890000343322754,9.890000343322754,9.890000343322754,1100,0.0,0.0
2022-02-01 00:00:00-05:00,9.970000267028809,9.970000267028809,9.819999694824219,9.819999694824219,5100,0.0,0.0
2022-02-02 00:00:00-05:00,9.9399995803833,9.9399995803833,9.819999694824219,9.819999694824219,1400,0.0,0.0
2022-02-03 00:00:00-05:00,9.819999694824219,9.819999694824219,9.819999694824219,9.819999694824219,0,0.0,0.0
2022-02-04 00:00:00-05:00,9.819999694824219,9.819999694824219,9.819999694824219,9.819999694824219,0,0.0,0.0
2022-02-07 00:00:00-05:00,9.819999694824219,9.819999694824219,9.819999694824219,9.819999694824219,0,0.0,0.0
2022-02-08 00:00:00-05:00,9.899999618530273,9.899999618530273,9.899999618530273,9.899999618530273,20000,0.0,0.0
2022-02-09 00:00:00-05:00,9.899999618530273,9.899999618530273,9.899999618530273,9.899999618530273,0,0.0,0.0
2022-02-10 00:00:00-05:00,9.899999618530273,9.899999618530273,9.899999618530273,9.899999618530273,0,0.0,0.0
2022-02-11 00:00:00-05:00,9.899999618530273,9.899999618530273,9.864999771118164,9.869999885559082,48600,0.0,0.0
2022-02-14 00:00:00-05:00,9.869999885559082,9.869999885559082,9.869999885559082,9.869999885559082,0,0.0,0.0
2022-02-15 00:00:00-05:00,9.869999885559082,9.869999885559082,9.869999885559082,9.869999885559082,0,0.0,0.0
2022-02-16 00:00:00-05:00,9.899999618530273,9.899999618530273,9.899999618530273,9.899999618530273,100,0.0,0.0
2022-02-17 00:00:00-05:00,9.899999618530273,9.899999618530273,9.899999618530273,9.899999618530273,0,0.0,0.0
2022-02-18 00:00:00-05:00,9.899999618530273,9.899999618530273,9.899999618530273,9.899999618530273,0,0.0,0.0
2022-02-22 00:00:00-05:00,9.899999618530273,9.899999618530273,9.899999618530273,9.899999618530273,0,0.0,0.0
2022-02-23 00:00:00-05:00,9.899999618530273,9.899999618530273,9.899999618530273,9.899999618530273,0,0.0,0.0
2022-02-24 00:00:00-05:00,9.899999618530273,9.899999618530273,9.899999618530273,9.899999618530273,0,0.0,0.0
2022-02-25 00:00:00-05:00,9.899999618530273,9.899999618530273,9.899999618530273,9.899999618530273,0,0.0,0.0
2022-02-28 00:00:00-05:00,9.899999618530273,9.899999618530273,9.899999618530273,9.899999618530273,0,0.0,0.0
2022-03-01 00:00:00-05:00,9.880000114440918,9.904999732971191,9.880000114440918,9.899999618530273,261200,0.0,0.0
2022-03-02 00:00:00-05:00,9.899999618530273,9.899999618530273,9.899999618530273,9.899999618530273,400,0.0,0.0
2022-03-03 00:00:00-05:00,9.899999618530273,9.899999618530273,9.899999618530273,9.899999618530273,17500,0.0,0.0
2022-03-04 00:00:00-05:00,9.899999618530273,9.899999618530273,9.899999618530273,9.899999618530273,3000,0.0,0.0
2022-03-07 00:00:00-05:00,9.90999984741211,9.90999984741211,9.899999618530273,9.899999618530273,400,0.0,0.0
2022-03-08 00:00:00-05:00,9.899999618530273,9.899999618530273,9.899999618530273,9.899999618530273,6500,0.0,0.0
2022-03-09 00:00:00-05:00,9.90999984741211,9.90999984741211,9.90999984741211,9.90999984741211,2000,0.0,0.0
2022-03-10 00:00:00-05:00,9.90999984741211,9.90999984741211,9.90999984741211,9.90999984741211,73200,0.0,0.0
2022-03-11 00:00:00-05:00,9.90999984741211,9.90999984741211,9.895000457763672,9.895000457763672,16500,0.0,0.0
2022-03-14 00:00:00-04:00,9.895000457763672,9.895000457763672,9.895000457763672,9.895000457763672,0,0.0,0.0
2022-03-15 00:00:00-04:00,9.895000457763672,9.895000457763672,9.895000457763672,9.895000457763672,0,0.0,0.0
2022-03-16 00:00:00-04:00,9.899999618530273,9.90999984741211,9.899999618530273,9.90999984741211,10100,0.0,0.0
2022-03-17 00:00:00-04:00,9.90999984741211,9.90999984741211,9.90999984741211,9.90999984741211,0,0.0,0.0
2022-03-18 00:00:00-04:00,9.90999984741211,9.90999984741211,9.90999984741211,9.90999984741211,0,0.0,0.0
2022-03-21 00:00:00-04:00,9.90999984741211,9.90999984741211,9.90999984741211,9.90999984741211,0,0.0,0.0
2022-03-22 00:00:00-04:00,9.90999984741211,9.90999984741211,9.90999984741211,9.90999984741211,0,0.0,0.0
2022-03-23 00:00:00-04:00,9.90999984741211,9.90999984741211,9.90999984741211,9.90999984741211,0,0.0,0.0
2022-03-24 00:00:00-04:00,9.90999984741211,9.90999984741211,9.90999984741211,9.90999984741211,0,0.0,0.0
2022-03-25 00:00:00-04:00,9.90999984741211,9.90999984741211,9.90999984741211,9.90999984741211,0,0.0,0.0
2022-03-28 00:00:00-04:00,9.90999984741211,9.920000076293945,9.90999984741211,9.920000076293945,388800,0.0,0.0
2022-03-29 00:00:00-04:00,9.920000076293945,9.920000076293945,9.920000076293945,9.920000076293945,24300,0.0,0.0
2022-03-30 00:00:00-04:00,9.920000076293945,9.920000076293945,9.90999984741211,9.920000076293945,11100,0.0,0.0
2022-03-31 00:00:00-04:00,9.9399995803833,9.949999809265137,9.90999984741211,9.9399995803833,105400,0.0,0.0
2022-04-01 00:00:00-04:00,9.930000305175781,9.930000305175781,9.930000305175781,9.930000305175781,151600,0.0,0.0
2022-04-04 00:00:00-04:00,9.930000305175781,9.930000305175781,9.930000305175781,9.930000305175781,0,0.0,0.0
2022-04-05 00:00:00-04:00,9.930000305175781,9.9399995803833,9.930000305175781,9.930000305175781,13900,0.0,0.0
2022-04-06 00:00:00-04:00,9.930000305175781,9.930000305175781,9.920000076293945,9.920000076293945,25200,0.0,0.0
2022-04-07 00:00:00-04:00,9.9399995803833,9.9399995803833,9.9399995803833,9.9399995803833,22000,0.0,0.0
2022-04-08 00:00:00-04:00,9.9399995803833,9.9399995803833,9.9399995803833,9.9399995803833,0,0.0,0.0
2022-04-11 00:00:00-04:00,9.9399995803833,9.960000038146973,9.9399995803833,9.960000038146973,504900,0.0,0.0
2022-04-12 00:00:00-04:00,9.960000038146973,9.960000038146973,9.960000038146973,9.960000038146973,0,0.0,0.0
2022-04-13 00:00:00-04:00,9.960000038146973,9.960000038146973,9.960000038146973,9.960000038146973,100,0.0,0.0
2022-04-14 00:00:00-04:00,9.960000038146973,9.960000038146973,9.960000038146973,9.960000038146973,100,0.0,0.0
2022-04-18 00:00:00-04:00,9.960000038146973,9.960000038146973,9.960000038146973,9.960000038146973,100,0.0,0.0
2022-04-19 00:00:00-04:00,9.960000038146973,9.960000038146973,9.960000038146973,9.960000038146973,0,0.0,0.0
2022-04-20 00:00:00-04:00,9.960000038146973,9.960000038146973,9.960000038146973,9.960000038146973,0,0.0,0.0
2022-04-21 00:00:00-04:00,9.960000038146973,9.960000038146973,9.960000038146973,9.960000038146973,0,0.0,0.0
2022-04-22 00:00:00-04:00,9.960000038146973,9.960000038146973,9.960000038146973,9.960000038146973,0,0.0,0.0
2022-04-25 00:00:00-04:00,9.960000038146973,9.960000038146973,9.960000038146973,9.960000038146973,0,0.0,0.0
2022-04-26 00:00:00-04:00,9.9399995803833,9.9399995803833,9.9399995803833,9.9399995803833,400,0.0,0.0
2022-04-27 00:00:00-04:00,9.9399995803833,9.9399995803833,9.9399995803833,9.9399995803833,0,0.0,0.0
2022-04-28 00:00:00-04:00,9.9399995803833,9.9399995803833,9.9399995803833,9.9399995803833,200,0.0,0.0
2022-04-29 00:00:00-04:00,9.9399995803833,9.9399995803833,9.9399995803833,9.9399995803833,0,0.0,0.0
2022-05-02 00:00:00-04:00,9.9399995803833,9.9399995803833,9.9399995803833,9.9399995803833,4700,0.0,0.0
2022-05-03 00:00:00-04:00,9.9399995803833,9.9399995803833,9.9399995803833,9.9399995803833,0,0.0,0.0
2022-05-04 00:00:00-04:00,9.9399995803833,9.9399995803833,9.9399995803833,9.9399995803833,0,0.0,0.0
2022-05-05 00:00:00-04:00,9.970000267028809,9.979999542236328,9.970000267028809,9.979999542236328,1100,0.0,0.0
2022-05-06 00:00:00-04:00,9.944999694824219,9.944999694824219,9.944999694824219,9.944999694824219,600,0.0,0.0
2022-05-09 00:00:00-04:00,9.944999694824219,9.944999694824219,9.944999694824219,9.944999694824219,0,0.0,0.0
2022-05-10 00:00:00-04:00,9.944999694824219,9.944999694824219,9.944999694824219,9.944999694824219,0,0.0,0.0
2022-05-11 00:00:00-04:00,9.90999984741211,9.90999984741211,9.90999984741211,9.90999984741211,100,0.0,0.0
2022-05-12 00:00:00-04:00,9.90999984741211,9.90999984741211,9.90999984741211,9.90999984741211,100000,0.0,0.0
2022-05-13 00:00:00-04:00,9.90999984741211,9.90999984741211,9.90999984741211,9.90999984741211,25000,0.0,0.0
2022-05-16 00:00:00-04:00,9.90999984741211,9.90999984741211,9.90999984741211,9.90999984741211,0,0.0,0.0
2022-05-17 00:00:00-04:00,9.90999984741211,9.90999984741211,9.90999984741211,9.90999984741211,650000,0.0,0.0
2022-05-18 00:00:00-04:00,9.90999984741211,9.90999984741211,9.90999984741211,9.90999984741211,0,0.0,0.0
2022-05-19 00:00:00-04:00,9.90999984741211,9.90999984741211,9.90999984741211,9.90999984741211,0,0.0,0.0
2022-05-20 00:00:00-04:00,9.90999984741211,9.90999984741211,9.90999984741211,9.90999984741211,0,0.0,0.0
2022-05-23 00:00:00-04:00,9.90999984741211,9.90999984741211,9.90999984741211,9.90999984741211,0,0.0,0.0
2022-05-24 00:00:00-04:00,9.90999984741211,9.90999984741211,9.90999984741211,9.90999984741211,0,0.0,0.0
2022-05-25 00:00:00-04:00,9.90999984741211,9.90999984741211,9.90999984741211,9.90999984741211,0,0.0,0.0
2022-05-26 00:00:00-04:00,9.930000305175781,9.930000305175781,9.899999618530273,9.899999618530273,123000,0.0,0.0
2022-05-27 00:00:00-04:00,9.899999618530273,9.899999618530273,9.899999618530273,9.899999618530273,0,0.0,0.0
2022-05-31 00:00:00-04:00,9.899999618530273,9.899999618530273,9.899999618530273,9.899999618530273,0,0.0,0.0
2022-06-01 00:00:00-04:00,9.899999618530273,9.899999618530273,9.899999618530273,9.899999618530273,0,0.0,0.0
2022-06-02 00:00:00-04:00,9.899999618530273,9.899999618530273,9.899999618530273,9.899999618530273,0,0.0,0.0
2022-06-03 00:00:00-04:00,9.90999984741211,9.949999809265137,9.90999984741211,9.949999809265137,6100,0.0,0.0
2022-06-06 00:00:00-04:00,9.949999809265137,9.949999809265137,9.949999809265137,9.949999809265137,0,0.0,0.0
2022-06-07 00:00:00-04:00,9.920000076293945,9.920000076293945,9.920000076293945,9.920000076293945,100,0.0,0.0
2022-06-08 00:00:00-04:00,9.920000076293945,9.920000076293945,9.920000076293945,9.920000076293945,0,0.0,0.0
2022-06-09 00:00:00-04:00,9.920000076293945,9.970000267028809,9.920000076293945,9.970000267028809,300,0.0,0.0
2022-06-10 00:00:00-04:00,9.970000267028809,9.970000267028809,9.970000267028809,9.970000267028809,0,0.0,0.0
2022-06-13 00:00:00-04:00,10.0,10.0,10.0,10.0,100,0.0,0.0
2022-06-14 00:00:00-04:00,9.949999809265137,9.949999809265137,9.949999809265137,9.949999809265137,240200,0.0,0.0
2022-06-15 00:00:00-04:00,9.949999809265137,9.949999809265137,9.949999809265137,9.949999809265137,72300,0.0,0.0
2022-06-16 00:00:00-04:00,9.949999809265137,9.949999809265137,9.949999809265137,9.949999809265137,0,0.0,0.0
2022-06-17 00:00:00-04:00,9.979999542236328,9.979999542236328,9.979999542236328,9.979999542236328,100,0.0,0.0
2022-06-21 00:00:00-04:00,9.979999542236328,9.979999542236328,9.979999542236328,9.979999542236328,0,0.0,0.0
2022-06-22 00:00:00-04:00,9.949999809265137,9.949999809265137,9.949999809265137,9.949999809265137,800,0.0,0.0
2022-06-23 00:00:00-04:00,9.9399995803833,9.9399995803833,9.9399995803833,9.9399995803833,500000,0.0,0.0
2022-06-24 00:00:00-04:00,9.9399995803833,9.9399995803833,9.9399995803833,9.9399995803833,0,0.0,0.0
2022-06-27 00:00:00-04:00,9.9399995803833,9.9399995803833,9.9399995803833,9.9399995803833,0,0.0,0.0
2022-06-28 00:00:00-04:00,9.9399995803833,9.9399995803833,9.9399995803833,9.9399995803833,0,0.0,0.0
2022-06-29 00:00:00-04:00,9.9399995803833,9.9399995803833,9.9399995803833,9.9399995803833,0,0.0,0.0
2022-06-30 00:00:00-04:00,9.9399995803833,9.960000038146973,9.930000305175781,9.960000038146973,1900,0.0,0.0
2022-07-01 00:00:00-04:00,9.960000038146973,9.960000038146973,9.960000038146973,9.960000038146973,0,0.0,0.0
2022-07-05 00:00:00-04:00,9.949999809265137,9.979999542236328,9.949999809265137,9.979999542236328,175500,0.0,0.0
2022-07-06 00:00:00-04:00,9.979999542236328,9.979999542236328,9.979999542236328,9.979999542236328,200,0.0,0.0
2022-07-07 00:00:00-04:00,9.979999542236328,9.979999542236328,9.979999542236328,9.979999542236328,200,0.0,0.0
2022-07-08 00:00:00-04:00,9.979999542236328,9.979999542236328,9.960000038146973,9.960000038146973,2200,0.0,0.0
2022-07-11 00:00:00-04:00,9.949999809265137,9.949999809265137,9.949999809265137,9.949999809265137,100,0.0,0.0
2022-07-12 00:00:00-04:00,9.949999809265137,9.949999809265137,9.949999809265137,9.949999809265137,0,0.0,0.0
2022-07-13 00:00:00-04:00,9.9399995803833,9.9399995803833,9.9399995803833,9.9399995803833,400,0.0,0.0
2022-07-14 00:00:00-04:00,9.9399995803833,9.9399995803833,9.9399995803833,9.9399995803833,0,0.0,0.0
2022-07-15 00:00:00-04:00,9.9399995803833,9.9399995803833,9.9399995803833,9.9399995803833,0,0.0,0.0
2022-07-18 00:00:00-04:00,9.9399995803833,9.9399995803833,9.9399995803833,9.9399995803833,0,0.0,0.0
2022-07-19 00:00:00-04:00,9.9399995803833,9.9399995803833,9.9399995803833,9.9399995803833,0,0.0,0.0
2022-07-20 00:00:00-04:00,9.970000267028809,9.979999542236328,9.970000267028809,9.979999542236328,300,0.0,0.0
2022-07-21 00:00:00-04:00,9.979999542236328,9.979999542236328,9.979999542236328,9.979999542236328,0,0.0,0.0
2022-07-22 00:00:00-04:00,9.979999542236328,9.979999542236328,9.979999542236328,9.979999542236328,0,0.0,0.0
2022-07-25 00:00:00-04:00,9.979999542236328,9.979999542236328,9.979999542236328,9.979999542236328,0,0.0,0.0
2022-07-26 00:00:00-04:00,9.979999542236328,9.979999542236328,9.979999542236328,9.979999542236328,0,0.0,0.0
2022-07-27 00:00:00-04:00,9.979999542236328,9.979999542236328,9.979999542236328,9.979999542236328,0,0.0,0.0
2022-07-28 00:00:00-04:00,9.979999542236328,9.979999542236328,9.979999542236328,9.979999542236328,0,0.0,0.0
2022-07-29 00:00:00-04:00,9.979999542236328,9.979999542236328,9.979999542236328,9.979999542236328,0,0.0,0.0
2022-08-01 00:00:00-04:00,9.970000267028809,9.984999656677246,9.970000267028809,9.984999656677246,600,0.0,0.0
2022-08-02 00:00:00-04:00,9.970000267028809,9.984999656677246,9.970000267028809,9.984999656677246,500,0.0,0.0
2022-08-03 00:00:00-04:00,9.984999656677246,9.984999656677246,9.984999656677246,9.984999656677246,3600,0.0,0.0
2022-08-04 00:00:00-04:00,9.984999656677246,9.984999656677246,9.984999656677246,9.984999656677246,0,0.0,0.0
2022-08-05 00:00:00-04:00,9.989999771118164,9.989999771118164,9.989999771118164,9.989999771118164,400,0.0,0.0
2022-08-08 00:00:00-04:00,9.989999771118164,9.989999771118164,9.989999771118164,9.989999771118164,0,0.0,0.0
2022-08-09 00:00:00-04:00,9.989999771118164,10.0,9.989999771118164,10.0,24000,0.0,0.0
2022-08-10 00:00:00-04:00,10.008000373840332,10.024999618530273,10.008000373840332,10.020000457763672,4200,0.0,0.0
2022-08-11 00:00:00-04:00,10.010000228881836,10.010000228881836,10.010000228881836,10.010000228881836,1200,0.0,0.0
2022-08-12 00:00:00-04:00,10.010000228881836,10.010000228881836,10.010000228881836,10.010000228881836,0,0.0,0.0
2022-08-15 00:00:00-04:00,10.029999732971191,10.029999732971191,10.029999732971191,10.029999732971191,100,0.0,0.0
2022-08-16 00:00:00-04:00,10.029999732971191,10.029999732971191,10.029999732971191,10.029999732971191,0,0.0,0.0
2022-08-17 00:00:00-04:00,10.0,10.0,9.989999771118164,9.989999771118164,328800,0.0,0.0
2022-08-18 00:00:00-04:00,9.989999771118164,9.989999771118164,9.989999771118164,9.989999771118164,0,0.0,0.0
2022-08-19 00:00:00-04:00,10.029999732971191,10.029999732971191,10.029999732971191,10.029999732971191,900,0.0,0.0
2022-08-22 00:00:00-04:00,10.029999732971191,10.029999732971191,10.029999732971191,10.029999732971191,0,0.0,0.0
2022-08-23 00:00:00-04:00,10.029999732971191,10.029999732971191,10.029999732971191,10.029999732971191,0,0.0,0.0
2022-08-24 00:00:00-04:00,10.029999732971191,10.029999732971191,10.029999732971191,10.029999732971191,0,0.0,0.0
2022-08-25 00:00:00-04:00,10.029999732971191,10.029999732971191,10.029999732971191,10.029999732971191,0,0.0,0.0
2022-08-26 00:00:00-04:00,10.029999732971191,10.029999732971191,10.029999732971191,10.029999732971191,0,0.0,0.0
2022-08-29 00:00:00-04:00,10.029999732971191,10.029999732971191,10.029999732971191,10.029999732971191,0,0.0,0.0
2022-08-30 00:00:00-04:00,10.029999732971191,10.029999732971191,10.029999732971191,10.029999732971191,0,0.0,0.0
2022-08-31 00:00:00-04:00,10.029999732971191,10.029999732971191,10.029999732971191,10.029999732971191,0,0.0,0.0
2022-09-01 00:00:00-04:00,10.125,10.125,10.050000190734863,10.0600004196167,600,0.0,0.0
2022-09-02 00:00:00-04:00,10.0600004196167,10.0600004196167,10.0600004196167,10.0600004196167,0,0.0,0.0
2022-09-06 00:00:00-04:00,10.050000190734863,10.050000190734863,10.050000190734863,10.050000190734863,200,0.0,0.0
2022-09-07 00:00:00-04:00,10.050000190734863,10.050000190734863,10.020000457763672,10.020000457763672,106700,0.0,0.0
2022-09-08 00:00:00-04:00,10.050000190734863,10.050000190734863,10.050000190734863,10.050000190734863,100,0.0,0.0
2022-09-09 00:00:00-04:00,10.029999732971191,10.029999732971191,10.029999732971191,10.029999732971191,200,0.0,0.0
2022-09-12 00:00:00-04:00,10.029999732971191,10.029999732971191,10.029999732971191,10.029999732971191,0,0.0,0.0
2022-09-13 00:00:00-04:00,10.029999732971191,10.029999732971191,10.029999732971191,10.029999732971191,0,0.0,0.0
2022-09-14 00:00:00-04:00,10.039999961853027,10.039999961853027,10.039999961853027,10.039999961853027,5000,0.0,0.0
2022-09-15 00:00:00-04:00,10.039999961853027,10.039999961853027,10.039999961853027,10.039999961853027,0,0.0,0.0
2022-09-16 00:00:00-04:00,10.039999961853027,10.039999961853027,10.039999961853027,10.039999961853027,0,0.0,0.0
2022-09-19 00:00:00-04:00,10.039999961853027,10.039999961853027,10.039999961853027,10.039999961853027,0,0.0,0.0
2022-09-20 00:00:00-04:00,10.039999961853027,10.039999961853027,10.039999961853027,10.039999961853027,0,0.0,0.0
2022-09-21 00:00:00-04:00,10.069999694824219,10.069999694824219,10.069999694824219,10.069999694824219,15100,0.0,0.0
2022-09-22 00:00:00-04:00,10.069999694824219,10.069999694824219,10.069999694824219,10.069999694824219,0,0.0,0.0
2022-09-23 00:00:00-04:00,10.069999694824219,10.069999694824219,10.069999694824219,10.069999694824219,0,0.0,0.0
2022-09-26 00:00:00-04:00,10.069999694824219,10.069999694824219,10.069999694824219,10.069999694824219,218700,0.0,0.0
2022-09-27 00:00:00-04:00,10.079999923706055,10.095000267028809,10.069999694824219,10.079999923706055,102500,0.0,0.0
2022-09-28 00:00:00-04:00,10.079999923706055,10.079999923706055,10.079999923706055,10.079999923706055,0,0.0,0.0
2022-09-29 00:00:00-04:00,10.09000015258789,10.09000015258789,10.09000015258789,10.09000015258789,111600,0.0,0.0
2022-09-30 00:00:00-04:00,10.09000015258789,10.09000015258789,10.09000015258789,10.09000015258789,1700,0.0,0.0
2022-10-03 00:00:00-04:00,10.09000015258789,10.09000015258789,10.09000015258789,10.09000015258789,67800,0.0,0.0
2022-10-04 00:00:00-04:00,10.09000015258789,10.09000015258789,10.09000015258789,10.09000015258789,0,0.0,0.0
2022-10-05 00:00:00-04:00,10.09000015258789,10.09000015258789,10.09000015258789,10.09000015258789,0,0.0,0.0
2022-10-06 00:00:00-04:00,10.09000015258789,10.09000015258789,10.09000015258789,10.09000015258789,0,0.0,0.0
2022-10-07 00:00:00-04:00,10.09000015258789,10.09000015258789,10.09000015258789,10.09000015258789,0,0.0,0.0
2022-10-10 00:00:00-04:00,10.09000015258789,10.09000015258789,10.09000015258789,10.09000015258789,0,0.0,0.0
2022-10-11 00:00:00-04:00,10.09000015258789,10.09000015258789,10.09000015258789,10.09000015258789,0,0.0,0.0
2022-10-12 00:00:00-04:00,10.09000015258789,10.09000015258789,10.09000015258789,10.09000015258789,0,0.0,0.0
2022-10-13 00:00:00-04:00,10.069999694824219,10.069999694824219,10.069999694824219,10.069999694824219,1900,0.0,0.0
2022-10-14 00:00:00-04:00,10.069999694824219,10.069999694824219,10.069999694824219,10.069999694824219,0,0.0,0.0
2022-10-17 00:00:00-04:00,10.069999694824219,10.069999694824219,10.069999694824219,10.069999694824219,0,0.0,0.0
2022-10-18 00:00:00-04:00,10.079999923706055,10.079999923706055,10.079999923706055,10.079999923706055,67900,0.0,0.0
2022-10-19 00:00:00-04:00,10.079999923706055,10.079999923706055,10.079999923706055,10.079999923706055,0,0.0,0.0
2022-10-20 00:00:00-04:00,10.09000015258789,10.09000015258789,10.079999923706055,10.09000015258789,20000,0.0,0.0
2022-10-21 00:00:00-04:00,10.09000015258789,10.100000381469727,10.09000015258789,10.09000015258789,16000,0.0,0.0
2022-10-24 00:00:00-04:00,10.100000381469727,10.100000381469727,10.100000381469727,10.100000381469727,6000,0.0,0.0
2022-10-25 00:00:00-04:00,10.100000381469727,10.100000381469727,10.100000381469727,10.100000381469727,200,0.0,0.0
2022-10-26 00:00:00-04:00,10.100000381469727,10.100000381469727,10.100000381469727,10.100000381469727,60100,0.0,0.0
2022-10-27 00:00:00-04:00,10.100000381469727,10.100000381469727,10.100000381469727,10.100000381469727,0,0.0,0.0
2022-10-28 00:00:00-04:00,10.100000381469727,10.100000381469727,10.100000381469727,10.100000381469727,0,0.0,0.0
2022-10-31 00:00:00-04:00,10.100000381469727,10.100000381469727,10.100000381469727,10.100000381469727,0,0.0,0.0
2022-11-01 00:00:00-04:00,10.149999618530273,10.149999618530273,10.149999618530273,10.149999618530273,2100,0.0,0.0
2022-11-02 00:00:00-04:00,10.170000076293945,10.170000076293945,10.170000076293945,10.170000076293945,100,0.0,0.0
2022-11-03 00:00:00-04:00,10.149999618530273,10.149999618530273,10.149999618530273,10.149999618530273,300000,0.0,0.0
2022-11-04 00:00:00-04:00,10.149999618530273,10.149999618530273,10.149999618530273,10.149999618530273,0,0.0,0.0
2022-11-07 00:00:00-05:00,10.149999618530273,10.149999618530273,10.149999618530273,10.149999618530273,0,0.0,0.0
2022-11-08 00:00:00-05:00,10.149999618530273,10.149999618530273,10.149999618530273,10.149999618530273,164400,0.0,0.0
2022-11-09 00:00:00-05:00,10.149999618530273,10.154999732971191,10.149999618530273,10.154999732971191,200,0.0,0.0
2022-11-10 00:00:00-05:00,10.149999618530273,10.15999984741211,10.149999618530273,10.15999984741211,35700,0.0,0.0
2022-11-11 00:00:00-05:00,10.177000045776367,10.177000045776367,10.177000045776367,10.177000045776367,100,0.0,0.0
2022-11-14 00:00:00-05:00,10.170000076293945,10.175000190734863,10.170000076293945,10.170000076293945,178800,0.0,0.0
2022-11-15 00:00:00-05:00,10.170000076293945,10.170000076293945,10.170000076293945,10.170000076293945,9000,0.0,0.0
2022-11-16 00:00:00-05:00,10.180000305175781,10.180000305175781,10.170000076293945,10.170000076293945,9300,0.0,0.0
2022-11-17 00:00:00-05:00,10.170000076293945,10.170000076293945,10.170000076293945,10.170000076293945,0,0.0,0.0
2022-11-18 00:00:00-05:00,10.170000076293945,10.170000076293945,10.170000076293945,10.170000076293945,0,0.0,0.0
2022-11-21 00:00:00-05:00,10.170000076293945,10.170000076293945,10.170000076293945,10.170000076293945,650600,0.0,0.0
2022-11-22 00:00:00-05:00,10.170000076293945,10.170000076293945,10.170000076293945,10.170000076293945,0,0.0,0.0
2022-11-23 00:00:00-05:00,10.170000076293945,10.170000076293945,10.170000076293945,10.170000076293945,0,0.0,0.0
2022-11-25 00:00:00-05:00,10.180000305175781,10.1850004196167,10.180000305175781,10.1850004196167,405800,0.0,0.0
2022-11-28 00:00:00-05:00,10.199999809265137,10.21500015258789,10.199999809265137,10.199999809265137,208900,0.0,0.0
2022-11-29 00:00:00-05:00,10.199999809265137,10.199999809265137,10.199999809265137,10.199999809265137,0,0.0,0.0
2022-11-30 00:00:00-05:00,10.220000267028809,10.220000267028809,10.1899995803833,10.199999809265137,172500,0.0,0.0
2022-12-01 00:00:00-05:00,10.1899995803833,10.220000267028809,10.1899995803833,10.220000267028809,3800,0.0,0.0
2022-12-02 00:00:00-05:00,10.199999809265137,10.199999809265137,10.199999809265137,10.199999809265137,1900,0.0,0.0
2022-12-05 00:00:00-05:00,10.199999809265137,10.199999809265137,10.199999809265137,10.199999809265137,0,0.0,0.0
2022-12-06 00:00:00-05:00,10.199999809265137,10.199999809265137,10.199999809265137,10.199999809265137,0,0.0,0.0
2022-12-07 00:00:00-05:00,10.210000038146973,10.210000038146973,10.210000038146973,10.210000038146973,2200,0.0,0.0
2022-12-08 00:00:00-05:00,10.210000038146973,10.210000038146973,10.210000038146973,10.210000038146973,100,0.0,0.0
2022-12-09 00:00:00-05:00,10.234999656677246,10.234999656677246,10.220000267028809,10.220000267028809,340600,0.0,0.0
2022-12-12 00:00:00-05:00,10.220000267028809,10.220000267028809,10.220000267028809,10.220000267028809,7700,0.0,0.0
2022-12-13 00:00:00-05:00,10.229999542236328,10.229999542236328,10.225000381469727,10.225000381469727,54800,0.0,0.0
2022-12-14 00:00:00-05:00,10.229999542236328,10.234999656677246,10.229999542236328,10.229999542236328,428400,0.0,0.0
2022-12-15 00:00:00-05:00,10.229999542236328,10.229999542236328,10.229999542236328,10.229999542236328,8400,0.0,0.0
2022-12-16 00:00:00-05:00,10.229999542236328,10.229999542236328,10.229999542236328,10.229999542236328,4500,0.0,0.0
2022-12-19 00:00:00-05:00,10.300000190734863,10.300000190734863,10.300000190734863,10.300000190734863,100,0.0,0.0
2022-12-20 00:00:00-05:00,10.300000190734863,10.300000190734863,10.300000190734863,10.300000190734863,0,0.0,0.0
2022-12-21 00:00:00-05:00,10.239999771118164,10.239999771118164,10.239999771118164,10.239999771118164,900,0.0,0.0
2022-12-22 00:00:00-05:00,10.239999771118164,10.239999771118164,10.239999771118164,10.239999771118164,0,0.0,0.0
2022-12-23 00:00:00-05:00,10.25,10.25,10.25,10.25,8100,0.0,0.0
2022-12-27 00:00:00-05:00,10.25,10.25,10.25,10.25,0,0.0,0.0
2022-12-28 00:00:00-05:00,10.300000190734863,10.300000190734863,10.300000190734863,10.300000190734863,100,0.0,0.0
2022-12-29 00:00:00-05:00,10.300000190734863,10.300000190734863,10.300000190734863,10.300000190734863,0,0.0,0.0
2022-12-30 00:00:00-05:00,10.289999961853027,10.3100004196167,10.260000228881836,10.260000228881836,4400,0.0,0.0
2023-01-03 00:00:00-05:00,10.260000228881836,10.260000228881836,10.260000228881836,10.260000228881836,0,0.0,0.0
2023-01-04 00:00:00-05:00,10.260000228881836,10.260000228881836,10.260000228881836,10.260000228881836,0,0.0,0.0
2023-01-05 00:00:00-05:00,10.260000228881836,10.300000190734863,10.260000228881836,10.260000228881836,213900,0.0,0.0
2023-01-06 00:00:00-05:00,10.25,10.270000457763672,10.25,10.270000457763672,6000,0.0,0.0
2023-01-09 00:00:00-05:00,10.319999694824219,10.319999694824219,10.270000457763672,10.28499984741211,800,0.0,0.0
2023-01-10 00:00:00-05:00,10.300000190734863,10.300000190734863,10.295000076293945,10.295000076293945,3500,0.0,0.0
2023-01-11 00:00:00-05:00,10.305000305175781,10.305000305175781,10.305000305175781,10.305000305175781,654900,0.0,0.0
2023-01-12 00:00:00-05:00,10.305000305175781,10.305000305175781,10.305000305175781,10.305000305175781,0,0.0,0.0
2023-01-13 00:00:00-05:00,10.329999923706055,10.329999923706055,10.329999923706055,10.329999923706055,100,0.0,0.0
2023-01-17 00:00:00-05:00,10.329999923706055,10.329999923706055,10.329999923706055,10.329999923706055,0,0.0,0.0
2023-01-18 00:00:00-05:00,10.319999694824219,10.319999694824219,10.3100004196167,10.3100004196167,147800,0.0,0.0
2023-01-19 00:00:00-05:00,10.319999694824219,10.319999694824219,10.319999694824219,10.319999694824219,4000,0.0,0.0
2023-01-20 00:00:00-05:00,10.3100004196167,10.319999694824219,10.3100004196167,10.319999694824219,2100,0.0,0.0
2023-01-23 00:00:00-05:00,10.319999694824219,10.329999923706055,10.3149995803833,10.319999694824219,336600,0.0,0.0
2023-01-24 00:00:00-05:00,10.319999694824219,10.319999694824219,10.319999694824219,10.319999694824219,263400,0.0,0.0
2023-01-25 00:00:00-05:00,10.319999694824219,10.335000038146973,10.319999694824219,10.335000038146973,24000,0.0,0.0
2023-01-26 00:00:00-05:00,10.34000015258789,10.550000190734863,10.329999923706055,10.34000015258789,187500,0.0,0.0
2023-01-27 00:00:00-05:00,10.350000381469727,10.350000381469727,10.34000015258789,10.34000015258789,407100,0.0,0.0
2023-01-30 00:00:00-05:00,10.34000015258789,10.34000015258789,10.34000015258789,10.34000015258789,3200,0.0,0.0
2023-01-31 00:00:00-05:00,10.34000015258789,10.350000381469727,10.34000015258789,10.34000015258789,252800,0.0,0.0
2023-02-01 00:00:00-05:00,10.34000015258789,10.34000015258789,10.34000015258789,10.34000015258789,700,0.0,0.0
2023-02-02 00:00:00-05:00,10.34000015258789,10.350000381469727,10.34000015258789,10.350000381469727,6800,0.0,0.0
2023-02-03 00:00:00-05:00,10.350000381469727,10.600000381469727,10.34000015258789,10.34000015258789,80800,0.0,0.0
2023-02-06 00:00:00-05:00,10.34000015258789,10.350000381469727,10.34000015258789,10.34000015258789,866300,0.0,0.0
2023-02-07 00:00:00-05:00,10.350000381469727,10.350000381469727,10.350000381469727,10.350000381469727,175100,0.0,0.0
2023-02-08 00:00:00-05:00,10.350000381469727,10.350000381469727,10.350000381469727,10.350000381469727,300,0.0,0.0
2023-02-09 00:00:00-05:00,10.359999656677246,10.359999656677246,10.359999656677246,10.359999656677246,400,0.0,0.0
2023-02-10 00:00:00-05:00,10.364999771118164,10.364999771118164,10.364999771118164,10.364999771118164,400,0.0,0.0
2023-02-13 00:00:00-05:00,10.364999771118164,10.364999771118164,10.364999771118164,10.364999771118164,400,0.0,0.0
2023-02-14 00:00:00-05:00,10.359999656677246,10.359999656677246,10.359999656677246,10.359999656677246,3300,0.0,0.0
2023-02-15 00:00:00-05:00,10.359999656677246,10.359999656677246,10.359999656677246,10.359999656677246,42300,0.0,0.0
2023-02-16 00:00:00-05:00,10.359999656677246,10.369999885559082,10.359999656677246,10.359999656677246,30400,0.0,0.0
2023-02-17 00:00:00-05:00,10.375,10.380000114440918,10.375,10.380000114440918,20500,0.0,0.0
2023-02-21 00:00:00-05:00,10.359999656677246,10.369999885559082,10.359999656677246,10.369999885559082,3700,0.0,0.0
2023-02-22 00:00:00-05:00,10.390000343322754,10.395000457763672,10.380000114440918,10.380000114440918,311900,0.0,0.0
2023-02-23 00:00:00-05:00,10.380000114440918,10.380000114440918,10.380000114440918,10.380000114440918,53400,0.0,0.0
2023-02-24 00:00:00-05:00,10.380000114440918,10.380000114440918,10.380000114440918,10.380000114440918,50700,0.0,0.0
2023-02-27 00:00:00-05:00,10.380000114440918,10.390000343322754,10.380000114440918,10.380000114440918,2300,0.0,0.0
2023-02-28 00:00:00-05:00,10.399999618530273,10.414999961853027,10.399999618530273,10.414999961853027,400,0.0,0.0
2023-03-01 00:00:00-05:00,10.390000343322754,10.510000228881836,10.390000343322754,10.40999984741211,870200,0.0,0.0
2023-03-02 00:00:00-05:00,10.430000305175781,10.430000305175781,10.40999984741211,10.420000076293945,23300,0.0,0.0
2023-03-03 00:00:00-05:00,10.420000076293945,10.420000076293945,10.40999984741211,10.420000076293945,731100,0.0,0.0
2023-03-06 00:00:00-05:00,10.449999809265137,10.5,10.414999961853027,10.430000305175781,23500,0.0,0.0
2023-03-07 00:00:00-05:00,10.420000076293945,10.430000305175781,10.414999961853027,10.420000076293945,1107400,0.0,0.0
2023-03-08 00:00:00-05:00,10.420000076293945,10.420000076293945,10.420000076293945,10.420000076293945,51400,0.0,0.0
2023-03-09 00:00:00-05:00,10.420000076293945,10.430000305175781,10.420000076293945,10.420000076293945,16100,0.0,0.0
2023-03-10 00:00:00-05:00,10.430000305175781,10.430000305175781,10.40999984741211,10.414999961853027,57400,0.0,0.0
2023-03-13 00:00:00-04:00,10.40999984741211,10.40999984741211,10.40999984741211,10.40999984741211,44700,0.0,0.0
2023-03-14 00:00:00-04:00,10.40999984741211,10.420000076293945,10.40999984741211,10.420000076293945,303900,0.0,0.0
2023-03-15 00:00:00-04:00,10.420000076293945,10.425000190734863,10.420000076293945,10.420000076293945,386200,0.0,0.0
2023-03-16 00:00:00-04:00,10.420000076293945,10.420000076293945,10.420000076293945,10.420000076293945,100,0.0,0.0
2023-03-17 00:00:00-04:00,10.430000305175781,10.430000305175781,10.420000076293945,10.420000076293945,444900,0.0,0.0
2023-03-20 00:00:00-04:00,10.420000076293945,10.420000076293945,10.420000076293945,10.420000076293945,0,0.0,0.0
2023-03-21 00:00:00-04:00,10.430000305175781,10.430000305175781,10.430000305175781,10.430000305175781,470000,0.0,0.0
2023-03-22 00:00:00-04:00,10.430000305175781,10.430000305175781,10.430000305175781,10.430000305175781,900,0.0,0.0
2023-03-23 00:00:00-04:00,10.430000305175781,10.430000305175781,10.430000305175781,10.430000305175781,1200,0.0,0.0
2023-03-24 00:00:00-04:00,10.430000305175781,10.430000305175781,10.430000305175781,10.430000305175781,193200,0.0,0.0
2023-03-27 00:00:00-04:00,10.430000305175781,10.430000305175781,10.430000305175781,10.430000305175781,0,0.0,0.0
2023-03-28 00:00:00-04:00,10.430000305175781,10.430000305175781,10.430000305175781,10.430000305175781,200000,0.0,0.0
2023-03-29 00:00:00-04:00,10.430000305175781,10.430000305175781,10.430000305175781,10.430000305175781,7000,0.0,0.0
2023-03-30 00:00:00-04:00,10.430000305175781,10.430000305175781,10.430000305175781,10.430000305175781,0,0.0,0.0
2023-03-31 00:00:00-04:00,10.430000305175781,10.430000305175781,10.430000305175781,10.430000305175781,0,0.0,0.0
2023-04-03 00:00:00-04:00,10.454999923706055,10.454999923706055,10.430000305175781,10.430000305175781,3300,0.0,0.0
2023-04-04 00:00:00-04:00,10.460000038146973,10.460000038146973,10.460000038146973,10.460000038146973,53100,0.0,0.0
2023-04-05 00:00:00-04:00,10.460000038146973,10.460000038146973,10.4350004196167,10.449999809265137,107300,0.0,0.0
2023-04-06 00:00:00-04:00,10.449999809265137,10.449999809265137,10.449999809265137,10.449999809265137,0,0.0,0.0
2023-04-10 00:00:00-04:00,10.449999809265137,10.449999809265137,10.449999809265137,10.449999809265137,0,0.0,0.0
2023-04-11 00:00:00-04:00,10.4399995803833,10.449999809265137,10.4399995803833,10.449999809265137,82700,0.0,0.0
2023-04-12 00:00:00-04:00,10.470000267028809,10.470000267028809,10.470000267028809,10.470000267028809,200,0.0,0.0
2023-04-13 00:00:00-04:00,10.470000267028809,10.470000267028809,10.470000267028809,10.470000267028809,0,0.0,0.0
2023-04-14 00:00:00-04:00,10.470000267028809,10.470000267028809,10.470000267028809,10.470000267028809,0,0.0,0.0
2023-04-17 00:00:00-04:00,10.449999809265137,10.449999809265137,10.449999809265137,10.449999809265137,500,0.0,0.0
2023-04-18 00:00:00-04:00,10.449999809265137,10.449999809265137,10.449999809265137,10.449999809265137,0,0.0,0.0
2023-04-19 00:00:00-04:00,10.449999809265137,10.449999809265137,10.449999809265137,10.449999809265137,0,0.0,0.0
2023-04-20 00:00:00-04:00,10.489999771118164,10.489999771118164,10.470000267028809,10.470000267028809,5400,0.0,0.0
2023-04-21 00:00:00-04:00,10.470000267028809,10.470000267028809,10.470000267028809,10.470000267028809,100,0.0,0.0
2023-04-24 00:00:00-04:00,10.470000267028809,10.470000267028809,10.470000267028809,10.470000267028809,0,0.0,0.0
2023-04-25 00:00:00-04:00,10.460000038146973,10.460000038146973,10.460000038146973,10.460000038146973,2500,0.0,0.0
2023-04-26 00:00:00-04:00,10.5,10.5,10.5,10.5,100,0.0,0.0
2023-04-27 00:00:00-04:00,10.479999542236328,10.5,10.479999542236328,10.5,750600,0.0,0.0
2023-04-28 00:00:00-04:00,10.489999771118164,10.489999771118164,10.489999771118164,10.489999771118164,100,0.0,0.0
2023-05-01 00:00:00-04:00,10.494999885559082,10.5,10.494999885559082,10.5,19800,0.0,0.0
2023-05-02 00:00:00-04:00,10.529999732971191,10.529999732971191,10.5,10.510000228881836,178200,0.0,0.0
2023-05-03 00:00:00-04:00,10.5,10.510000228881836,10.5,10.510000228881836,1096800,0.0,0.0
2023-05-04 00:00:00-04:00,10.529999732971191,10.529999732971191,10.510000228881836,10.520000457763672,6100,0.0,0.0
2023-05-05 00:00:00-04:00,10.5,10.789999961853027,10.5,10.520000457763672,60700,0.0,0.0
2023-05-08 00:00:00-04:00,10.529999732971191,10.550000190734863,10.5,10.5,10000,0.0,0.0
2023-05-09 00:00:00-04:00,10.550000190734863,10.550000190734863,10.5,10.510000228881836,800,0.0,0.0
2023-05-10 00:00:00-04:00,10.539999961853027,10.59000015258789,10.5,10.510000228881836,23100,0.0,0.0
2023-05-11 00:00:00-04:00,10.510000228881836,10.510000228881836,10.510000228881836,10.510000228881836,500,0.0,0.0
2023-05-12 00:00:00-04:00,10.510000228881836,10.510000228881836,10.510000228881836,10.510000228881836,1600,0.0,0.0
2023-05-15 00:00:00-04:00,10.510000228881836,10.5600004196167,10.510000228881836,10.5600004196167,1700,0.0,0.0
2023-05-16 00:00:00-04:00,10.539999961853027,10.539999961853027,10.529999732971191,10.529999732971191,400,0.0,0.0
2023-05-17 00:00:00-04:00,10.550000190734863,10.550000190734863,10.550000190734863,10.550000190734863,100,0.0,0.0
2023-05-18 00:00:00-04:00,10.550000190734863,10.550000190734863,10.550000190734863,10.550000190734863,100,0.0,0.0
2023-05-19 00:00:00-04:00,10.550000190734863,10.5600004196167,10.550000190734863,10.5600004196167,11400,0.0,0.0
2023-05-22 00:00:00-04:00,10.550000190734863,10.550000190734863,10.550000190734863,10.550000190734863,200,0.0,0.0
2023-05-23 00:00:00-04:00,10.550000190734863,10.5600004196167,10.550000190734863,10.5600004196167,50700,0.0,0.0
2023-05-24 00:00:00-04:00,10.555000305175781,10.569999694824219,10.550000190734863,10.569999694824219,102400,0.0,0.0
2023-05-25 00:00:00-04:00,10.569999694824219,10.569999694824219,10.569999694824219,10.569999694824219,0,0.0,0.0
2023-05-26 00:00:00-04:00,10.569999694824219,10.569999694824219,10.569999694824219,10.569999694824219,0,0.0,0.0
2023-05-30 00:00:00-04:00,10.59000015258789,10.59000015258789,10.579999923706055,10.59000015258789,4100,0.0,0.0
2023-05-31 00:00:00-04:00,10.574999809265137,10.59000015258789,10.574999809265137,10.59000015258789,155700,0.0,0.0
2023-06-01 00:00:00-04:00,10.609999656677246,10.609999656677246,10.609999656677246,10.609999656677246,100,0.0,0.0
2023-06-02 00:00:00-04:00,10.609999656677246,10.609999656677246,10.609999656677246,10.609999656677246,0,0.0,0.0
2023-06-05 00:00:00-04:00,10.609999656677246,10.609999656677246,10.609999656677246,10.609999656677246,0,0.0,0.0
2023-06-06 00:00:00-04:00,10.609999656677246,10.609999656677246,10.609999656677246,10.609999656677246,0,0.0,0.0
2023-06-07 00:00:00-04:00,10.609999656677246,10.609999656677246,10.609999656677246,10.609999656677246,0,0.0,0.0
2023-06-08 00:00:00-04:00,10.609999656677246,10.609999656677246,10.609999656677246,10.609999656677246,0,0.0,0.0
2023-06-09 00:00:00-04:00,10.649999618530273,10.649999618530273,10.649999618530273,10.649999618530273,100,0.0,0.0
2023-06-12 00:00:00-04:00,10.65999984741211,10.699999809265137,10.649999618530273,10.699999809265137,1200,0.0,0.0
2023-06-13 00:00:00-04:00,10.699999809265137,10.699999809265137,10.699999809265137,10.699999809265137,0,0.0,0.0
2023-06-14 00:00:00-04:00,10.699999809265137,10.699999809265137,10.699999809265137,10.699999809265137,0,0.0,0.0
2023-06-15 00:00:00-04:00,10.699999809265137,10.699999809265137,10.699999809265137,10.699999809265137,0,0.0,0.0
2023-06-16 00:00:00-04:00,10.699999809265137,10.699999809265137,10.699999809265137,10.699999809265137,0,0.0,0.0
2023-06-20 00:00:00-04:00,10.699999809265137,10.699999809265137,10.699999809265137,10.699999809265137,0,0.0,0.0
2023-06-21 00:00:00-04:00,10.699999809265137,10.699999809265137,10.699999809265137,10.699999809265137,0,0.0,0.0
2023-06-22 00:00:00-04:00,10.699999809265137,10.699999809265137,10.699999809265137,10.699999809265137,0,0.0,0.0
2023-06-23 00:00:00-04:00,10.699999809265137,10.699999809265137,10.699999809265137,10.699999809265137,50500,0.0,0.0
2023-06-26 00:00:00-04:00,10.699999809265137,10.699999809265137,10.699999809265137,10.699999809265137,0,0.0,0.0
2023-06-27 00:00:00-04:00,10.699999809265137,10.699999809265137,10.699999809265137,10.699999809265137,0,0.0,0.0
2023-06-28 00:00:00-04:00,10.6899995803833,10.6899995803833,10.6899995803833,10.6899995803833,35000,0.0,0.0
2023-06-29 00:00:00-04:00,10.6899995803833,10.6899995803833,10.6899995803833,10.6899995803833,0,0.0,0.0
2023-06-30 00:00:00-04:00,10.699999809265137,10.699999809265137,10.699999809265137,10.699999809265137,13900,0.0,0.0
2023-07-03 00:00:00-04:00,10.699999809265137,10.699999809265137,10.699999809265137,10.699999809265137,0,0.0,0.0
2023-07-05 00:00:00-04:00,10.699999809265137,10.699999809265137,10.699999809265137,10.699999809265137,0,0.0,0.0
2023-07-06 00:00:00-04:00,10.699999809265137,10.699999809265137,10.699999809265137,10.699999809265137,0,0.0,0.0
2023-07-07 00:00:00-04:00,10.699999809265137,10.699999809265137,10.699999809265137,10.699999809265137,0,0.0,0.0
2023-07-10 00:00:00-04:00,10.699999809265137,10.699999809265137,10.699999809265137,10.699999809265137,0,0.0,0.0
2023-07-11 00:00:00-04:00,10.699999809265137,10.699999809265137,10.699999809265137,10.699999809265137,0,0.0,0.0
2023-07-12 00:00:00-04:00,10.699999809265137,10.699999809265137,10.699999809265137,10.699999809265137,0,0.0,0.0
2023-07-13 00:00:00-04:00,10.699999809265137,10.699999809265137,10.699999809265137,10.699999809265137,0,0.0,0.0
2023-07-14 00:00:00-04:00,10.699999809265137,10.699999809265137,10.699999809265137,10.699999809265137,0,0.0,0.0
2023-07-17 00:00:00-04:00,10.699999809265137,10.699999809265137,10.699999809265137,10.699999809265137,0,0.0,0.0
2023-07-18 00:00:00-04:00,10.699999809265137,10.699999809265137,10.699999809265137,10.699999809265137,0,0.0,0.0
2023-07-19 00:00:00-04:00,10.699999809265137,10.699999809265137,10.699999809265137,10.699999809265137,0,0.0,0.0
2023-07-20 00:00:00-04:00,10.699999809265137,10.699999809265137,10.699999809265137,10.699999809265137,0,0.0,0.0
2023-07-21 00:00:00-04:00,10.770000457763672,10.770000457763672,10.75,10.770000457763672,3000,0.0,0.0
2023-07-24 00:00:00-04:00,10.75,10.75,10.739999771118164,10.739999771118164,17100,0.0,0.0
2023-07-25 00:00:00-04:00,10.739999771118164,10.739999771118164,10.739999771118164,10.739999771118164,1000,0.0,0.0
2023-07-26 00:00:00-04:00,10.739999771118164,10.739999771118164,10.739999771118164,10.739999771118164,0,0.0,0.0
2023-07-27 00:00:00-04:00,10.770000457763672,10.779999732971191,10.755000114440918,10.760000228881836,112100,0.0,0.0
2023-07-28 00:00:00-04:00,10.800000190734863,10.800000190734863,10.800000190734863,10.800000190734863,100,0.0,0.0
2023-07-31 00:00:00-04:00,10.800000190734863,10.800000190734863,10.800000190734863,10.800000190734863,0,0.0,0.0
2023-08-01 00:00:00-04:00,10.819999694824219,10.819999694824219,10.819999694824219,10.819999694824219,2500,0.0,0.0
2023-08-02 00:00:00-04:00,10.845000267028809,10.845000267028809,10.789999961853027,10.789999961853027,21200,0.0,0.0
2023-08-03 00:00:00-04:00,10.789999961853027,10.789999961853027,10.789999961853027,10.789999961853027,0,0.0,0.0
2023-08-04 00:00:00-04:00,10.819999694824219,10.819999694824219,10.819999694824219,10.819999694824219,153900,0.0,0.0
2023-08-07 00:00:00-04:00,10.770000457763672,10.770000457763672,10.770000457763672,10.770000457763672,200,0.0,0.0
2023-08-08 00:00:00-04:00,10.770000457763672,10.770000457763672,10.770000457763672,10.770000457763672,0,0.0,0.0
2023-08-09 00:00:00-04:00,10.770000457763672,10.770000457763672,10.770000457763672,10.770000457763672,0,0.0,0.0
2023-08-10 00:00:00-04:00,10.890000343322754,10.890000343322754,10.890000343322754,10.890000343322754,200,0.0,0.0
2023-08-11 00:00:00-04:00,10.890000343322754,10.890000343322754,10.890000343322754,10.890000343322754,1300,0.0,0.0
2023-08-14 00:00:00-04:00,10.890000343322754,10.890000343322754,10.890000343322754,10.890000343322754,0,0.0,0.0
2023-08-15 00:00:00-04:00,10.880000114440918,10.920000076293945,10.819999694824219,10.84000015258789,113900,0.0,0.0
2023-08-16 00:00:00-04:00,10.90999984741211,10.90999984741211,10.875,10.890000343322754,5100,0.0,0.0
2023-08-17 00:00:00-04:00,10.890000343322754,10.890000343322754,10.890000343322754,10.890000343322754,0,0.0,0.0
2023-08-18 00:00:00-04:00,11.414999961853027,11.694999694824219,10.84000015258789,10.880000114440918,8300,0.0,0.0
2023-08-21 00:00:00-04:00,10.84000015258789,11.739999771118164,10.84000015258789,10.880000114440918,8900,0.0,0.0
2023-08-22 00:00:00-04:00,10.880000114440918,10.880000114440918,10.880000114440918,10.880000114440918,0,0.0,0.0
2023-08-23 00:00:00-04:00,10.880000114440918,10.880000114440918,10.880000114440918,10.880000114440918,0,0.0,0.0
2023-08-24 00:00:00-04:00,10.880000114440918,10.880000114440918,10.880000114440918,10.880000114440918,0,0.0,0.0
2023-08-25 00:00:00-04:00,10.880000114440918,10.880000114440918,10.880000114440918,10.880000114440918,0,0.0,0.0
2023-08-28 00:00:00-04:00,10.899999618530273,10.899999618530273,10.829999923706055,10.829999923706055,1500,0.0,0.0
2023-08-29 00:00:00-04:00,10.850000381469727,10.850000381469727,10.850000381469727,10.850000381469727,200,0.0,0.0
2023-08-30 00:00:00-04:00,10.850000381469727,10.850000381469727,10.850000381469727,10.850000381469727,200,0.0,0.0
2023-08-31 00:00:00-04:00,10.850000381469727,11.375,10.850000381469727,10.899999618530273,3000,0.0,0.0
2023-09-01 00:00:00-04:00,10.880000114440918,11.75,10.850000381469727,10.899999618530273,6800,0.0,0.0
2023-09-05 00:00:00-04:00,11.020000457763672,11.890000343322754,10.850000381469727,10.949999809265137,4500,0.0,0.0
2023-09-06 00:00:00-04:00,10.949999809265137,10.949999809265137,10.949999809265137,10.949999809265137,0,0.0,0.0
2023-09-07 00:00:00-04:00,10.869999885559082,10.869999885559082,10.869999885559082,10.869999885559082,2600,0.0,0.0
2023-09-08 00:00:00-04:00,10.869999885559082,10.869999885559082,10.869999885559082,10.869999885559082,0,0.0,0.0
2023-09-11 00:00:00-04:00,10.869999885559082,10.869999885559082,10.869999885559082,10.869999885559082,100,0.0,0.0
2023-09-12 00:00:00-04:00,10.869999885559082,10.869999885559082,10.869999885559082,10.869999885559082,0,0.0,0.0
2023-09-13 00:00:00-04:00,10.869999885559082,10.869999885559082,10.869999885559082,10.869999885559082,0,0.0,0.0
2023-09-14 00:00:00-04:00,11.0,11.0,10.989999771118164,10.989999771118164,1800,0.0,0.0
2023-09-15 00:00:00-04:00,10.869999885559082,10.90999984741211,10.869999885559082,10.880000114440918,900,0.0,0.0
2023-09-18 00:00:00-04:00,10.869999885559082,10.869999885559082,10.869999885559082,10.869999885559082,200,0.0,0.0
2023-09-19 00:00:00-04:00,10.869999885559082,10.869999885559082,10.869999885559082,10.869999885559082,200,0.0,0.0
2023-09-20 00:00:00-04:00,10.869999885559082,10.869999885559082,10.869999885559082,10.869999885559082,400,0.0,0.0
2023-09-21 00:00:00-04:00,10.869999885559082,10.869999885559082,10.869999885559082,10.869999885559082,0,0.0,0.0
2023-09-22 00:00:00-04:00,10.869999885559082,10.880000114440918,10.869999885559082,10.880000114440918,400,0.0,0.0
2023-09-25 00:00:00-04:00,10.880000114440918,10.880000114440918,10.880000114440918,10.880000114440918,15200,0.0,0.0
2023-09-26 00:00:00-04:00,10.880000114440918,10.880000114440918,10.880000114440918,10.880000114440918,0,0.0,0.0
2023-09-27 00:00:00-04:00,10.880000114440918,10.880000114440918,10.880000114440918,10.880000114440918,0,0.0,0.0
2023-09-28 00:00:00-04:00,10.930000305175781,10.989999771118164,10.930000305175781,10.989999771118164,3200,0.0,0.0
2023-09-29 00:00:00-04:00,10.9399995803833,10.9399995803833,10.9399995803833,10.9399995803833,400,0.0,0.0
2023-10-02 00:00:00-04:00,10.9399995803833,10.9399995803833,10.9399995803833,10.9399995803833,0,0.0,0.0
2023-10-03 00:00:00-04:00,10.9399995803833,10.9399995803833,10.9399995803833,10.9399995803833,0,0.0,0.0
2023-10-04 00:00:00-04:00,10.9399995803833,10.9399995803833,10.9399995803833,10.9399995803833,0,0.0,0.0
2023-10-05 00:00:00-04:00,10.9399995803833,10.949999809265137,10.9399995803833,10.949999809265137,1700,0.0,0.0
2023-10-06 00:00:00-04:00,10.949999809265137,10.949999809265137,10.949999809265137,10.949999809265137,0,0.0,0.0
2023-10-09 00:00:00-04:00,10.989999771118164,10.989999771118164,10.949999809265137,10.949999809265137,600,0.0,0.0
2023-10-10 00:00:00-04:00,10.970000267028809,10.970000267028809,10.949999809265137,10.949999809265137,1100,0.0,0.0
2023-10-11 00:00:00-04:00,10.970000267028809,10.970000267028809,10.970000267028809,10.970000267028809,300,0.0,0.0
2023-10-12 00:00:00-04:00,10.970000267028809,10.970000267028809,10.970000267028809,10.970000267028809,80400,0.0,0.0
2023-10-13 00:00:00-04:00,11.0,11.0,10.970000267028809,10.970000267028809,600,0.0,0.0
2023-10-16 00:00:00-04:00,10.970000267028809,10.970000267028809,10.970000267028809,10.970000267028809,0,0.0,0.0
2023-10-17 00:00:00-04:00,10.970000267028809,10.970000267028809,10.970000267028809,10.970000267028809,0,0.0,0.0
2023-10-18 00:00:00-04:00,10.984999656677246,10.984999656677246,10.970000267028809,10.970000267028809,144000,0.0,0.0
2023-10-19 00:00:00-04:00,10.984999656677246,10.984999656677246,10.984999656677246,10.984999656677246,445600,0.0,0.0
2023-10-20 00:00:00-04:00,10.989999771118164,10.989999771118164,10.979999542236328,10.989999771118164,219300,0.0,0.0
2023-10-23 00:00:00-04:00,10.989999771118164,10.989999771118164,10.989999771118164,10.989999771118164,0,0.0,0.0
2023-10-24 00:00:00-04:00,10.989999771118164,10.989999771118164,10.989999771118164,10.989999771118164,0,0.0,0.0
2023-10-25 00:00:00-04:00,10.989999771118164,10.989999771118164,10.989999771118164,10.989999771118164,0,0.0,0.0
2023-10-26 00:00:00-04:00,10.989999771118164,11.0,10.989999771118164,11.0,21200,0.0,0.0
2023-10-27 00:00:00-04:00,11.0,11.020000457763672,11.0,11.0,120700,0.0,0.0
2023-10-30 00:00:00-04:00,11.020000457763672,11.020000457763672,11.020000457763672,11.020000457763672,400,0.0,0.0
2023-10-31 00:00:00-04:00,11.020000457763672,11.020000457763672,11.020000457763672,11.020000457763672,0,0.0,0.0
2023-11-01 00:00:00-04:00,11.020000457763672,11.020000457763672,11.020000457763672,11.020000457763672,0,0.0,0.0
2023-11-02 00:00:00-04:00,11.020000457763672,11.020000457763672,11.020000457763672,11.020000457763672,0,0.0,0.0
2023-11-03 00:00:00-04:00,11.020000457763672,11.020000457763672,11.020000457763672,11.020000457763672,0,0.0,0.0
2023-11-06 00:00:00-05:00,11.0,11.0,10.979999542236328,10.979999542236328,800,0.0,0.0
2023-11-07 00:00:00-05:00,10.960000038146973,10.960000038146973,10.9399995803833,10.949999809265137,541800,0.0,0.0
2023-11-08 00:00:00-05:00,10.949999809265137,10.949999809265137,10.90999984741211,10.90999984741211,105200,0.0,0.0
2023-11-09 00:00:00-05:00,10.9399995803833,10.9399995803833,10.90999984741211,10.90999984741211,17200,0.0,0.0
2023-11-10 00:00:00-05:00,10.90999984741211,10.90999984741211,10.90999984741211,10.90999984741211,0,0.0,0.0
2023-11-13 00:00:00-05:00,10.90999984741211,10.90999984741211,10.90999984741211,10.90999984741211,0,0.0,0.0
2023-11-14 00:00:00-05:00,10.9399995803833,10.9399995803833,10.9399995803833,10.9399995803833,34500,0.0,0.0
2023-11-15 00:00:00-05:00,10.9399995803833,10.9399995803833,10.9399995803833,10.9399995803833,0,0.0,0.0
2023-11-16 00:00:00-05:00,10.9399995803833,10.9399995803833,10.9399995803833,10.9399995803833,0,0.0,0.0
2023-11-17 00:00:00-05:00,10.9399995803833,10.9399995803833,10.9399995803833,10.9399995803833,0,0.0,0.0
2023-11-20 00:00:00-05:00,10.9399995803833,10.9399995803833,10.9399995803833,10.9399995803833,0,0.0,0.0
2023-11-21 00:00:00-05:00,10.9399995803833,10.9399995803833,10.9399995803833,10.9399995803833,135300,0.0,0.0
2023-11-22 00:00:00-05:00,10.949999809265137,10.970000267028809,10.949999809265137,10.960000038146973,224300,0.0,0.0
2023-11-24 00:00:00-05:00,10.960000038146973,10.960000038146973,10.960000038146973,10.960000038146973,0,0.0,0.0
2023-11-27 00:00:00-05:00,10.960000038146973,10.960000038146973,10.960000038146973,10.960000038146973,0,0.0,0.0
2023-11-28 00:00:00-05:00,10.960000038146973,10.970000267028809,10.949999809265137,10.970000267028809,64000,0.0,0.0
2023-11-29 00:00:00-05:00,10.960000038146973,10.970000267028809,10.960000038146973,10.970000267028809,182300,0.0,0.0
2023-11-30 00:00:00-05:00,11.0,11.0,11.0,11.0,300,0.0,0.0
2023-12-01 00:00:00-05:00,11.0,11.0,11.0,11.0,0,0.0,0.0
2023-12-04 00:00:00-05:00,11.0,11.3100004196167,10.949999809265137,10.949999809265137,14700,0.0,0.0
2023-12-05 00:00:00-05:00,10.9399995803833,11.022000312805176,10.9399995803833,10.949999809265137,300,0.0,0.0
2023-12-06 00:00:00-05:00,10.989999771118164,10.989999771118164,10.949999809265137,10.949999809265137,7900,0.0,0.0
2023-12-07 00:00:00-05:00,10.949999809265137,10.949999809265137,10.949999809265137,10.949999809265137,200,0.0,0.0
2023-12-08 00:00:00-05:00,10.9399995803833,11.029999732971191,10.9399995803833,11.029999732971191,200,0.0,0.0
2023-12-11 00:00:00-05:00,11.0,11.029999732971191,10.994999885559082,11.029999732971191,5900,0.0,0.0
2023-12-12 00:00:00-05:00,11.029999732971191,11.029999732971191,11.0,11.029999732971191,800,0.0,0.0
2023-12-13 00:00:00-05:00,11.0,11.0,11.0,11.0,99200,0.0,0.0
2023-12-14 00:00:00-05:00,11.024999618530273,11.050000190734863,11.024999618530273,11.050000190734863,61900,0.0,0.0
2023-12-15 00:00:00-05:00,10.970000267028809,11.069999694824219,10.970000267028809,11.069999694824219,2500,0.0,0.0
2023-12-18 00:00:00-05:00,11.585000038146973,11.854999542236328,10.979999542236328,11.029999732971191,1500,0.0,0.0
2023-12-19 00:00:00-05:00,10.979999542236328,11.5600004196167,10.979999542236328,11.0,1100,0.0,0.0
2023-12-20 00:00:00-05:00,11.0,11.0,11.0,11.0,0,0.0,0.0
2023-12-21 00:00:00-05:00,11.119999885559082,11.119999885559082,11.020000457763672,11.020000457763672,38300,0.0,0.0
2023-12-22 00:00:00-05:00,11.020000457763672,11.020000457763672,11.020000457763672,11.020000457763672,0,0.0,0.0
2023-12-26 00:00:00-05:00,11.020000457763672,11.020000457763672,11.020000457763672,11.020000457763672,0,0.0,0.0
2023-12-27 00:00:00-05:00,11.050000190734863,11.050000190734863,11.050000190734863,11.050000190734863,100,0.0,0.0
2023-12-28 00:00:00-05:00,11.050000190734863,11.050000190734863,10.979999542236328,10.979999542236328,900,0.0,0.0
2023-12-29 00:00:00-05:00,10.979999542236328,10.979999542236328,10.979999542236328,10.979999542236328,100,0.0,0.0
2024-01-02 00:00:00-05:00,10.979999542236328,10.979999542236328,10.979999542236328,10.979999542236328,300,0.0,0.0
2024-01-03 00:00:00-05:00,11.0,11.0,11.0,11.0,200,0.0,0.0
2024-01-04 00:00:00-05:00,11.0,11.0,11.0,11.0,0,0.0,0.0
2024-01-05 00:00:00-05:00,11.0,11.0,11.0,11.0,0,0.0,0.0
2024-01-08 00:00:00-05:00,10.979999542236328,10.979999542236328,10.979999542236328,10.979999542236328,100,0.0,0.0
2024-01-09 00:00:00-05:00,10.979999542236328,10.979999542236328,10.979999542236328,10.979999542236328,100,0.0,0.0
2024-01-10 00:00:00-05:00,10.979999542236328,10.979999542236328,10.979999542236328,10.979999542236328,100,0.0,0.0
2024-01-11 00:00:00-05:00,10.979999542236328,10.979999542236328,10.979999542236328,10.979999542236328,100,0.0,0.0
2024-01-12 00:00:00-05:00,10.979999542236328,10.979999542236328,10.979999542236328,10.979999542236328,100,0.0,0.0
2024-01-16 00:00:00-05:00,11.0,11.0,10.979999542236328,11.0,237900,0.0,0.0
2024-01-17 00:00:00-05:00,11.050000190734863,11.050000190734863,11.050000190734863,11.050000190734863,100,0.0,0.0
2024-01-18 00:00:00-05:00,10.979999542236328,10.979999542236328,10.979999542236328,10.979999542236328,100,0.0,0.0
2024-01-19 00:00:00-05:00,10.979999542236328,10.979999542236328,10.979999542236328,10.979999542236328,0,0.0,0.0
2024-01-22 00:00:00-05:00,10.979999542236328,10.979999542236328,10.979999542236328,10.979999542236328,0,0.0,0.0
2024-01-23 00:00:00-05:00,10.979999542236328,10.979999542236328,10.979999542236328,10.979999542236328,0,0.0,0.0
2024-01-24 00:00:00-05:00,10.979999542236328,10.979999542236328,10.979999542236328,10.979999542236328,100,0.0,0.0
2024-01-25 00:00:00-05:00,10.970000267028809,10.970000267028809,10.970000267028809,10.970000267028809,600,0.0,0.0
2024-01-26 00:00:00-05:00,11.069999694824219,11.069999694824219,11.069999694824219,11.069999694824219,200,0.0,0.0
2024-01-29 00:00:00-05:00,10.99899959564209,10.99899959564209,10.99899959564209,10.99899959564209,400,0.0,0.0
2024-01-30 00:00:00-05:00,10.99899959564209,10.99899959564209,10.99899959564209,10.99899959564209,0,0.0,0.0
2024-01-31 00:00:00-05:00,10.99899959564209,10.99899959564209,10.99899959564209,10.99899959564209,0,0.0,0.0
2024-02-01 00:00:00-05:00,10.975000381469727,10.975000381469727,10.975000381469727,10.975000381469727,600,0.0,0.0
2024-02-02 00:00:00-05:00,10.975000381469727,10.975000381469727,10.975000381469727,10.975000381469727,13400,0.0,0.0
2024-02-05 00:00:00-05:00,10.979999542236328,10.979999542236328,10.979999542236328,10.979999542236328,2400,0.0,0.0
2024-02-06 00:00:00-05:00,10.979999542236328,10.979999542236328,10.979999542236328,10.979999542236328,0,0.0,0.0
2024-02-07 00:00:00-05:00,10.979999542236328,10.979999542236328,10.979999542236328,10.979999542236328,0,0.0,0.0
2024-02-08 00:00:00-05:00,10.979999542236328,10.979999542236328,10.979999542236328,10.979999542236328,0,0.0,0.0
2024-02-09 00:00:00-05:00,10.979999542236328,10.979999542236328,10.979999542236328,10.979999542236328,0,0.0,0.0
2024-02-12 00:00:00-05:00,10.979999542236328,10.979999542236328,10.979999542236328,10.979999542236328,0,0.0,0.0
2024-02-13 00:00:00-05:00,10.979999542236328,10.979999542236328,10.979999542236328,10.979999542236328,100,0.0,0.0
2024-02-14 00:00:00-05:00,10.979999542236328,10.979999542236328,10.979999542236328,10.979999542236328,200,0.0,0.0
2024-02-15 00:00:00-05:00,10.979999542236328,10.979999542236328,10.979999542236328,10.979999542236328,100,0.0,0.0
2024-02-16 00:00:00-05:00,11.0600004196167,11.0600004196167,10.979999542236328,10.979999542236328,200,0.0,0.0
2024-02-20 00:00:00-05:00,10.979999542236328,10.979999542236328,10.979999542236328,10.979999542236328,100,0.0,0.0
2024-02-21 00:00:00-05:00,11.0,11.0,11.0,11.0,100,0.0,0.0
2024-02-22 00:00:00-05:00,11.0600004196167,11.0600004196167,11.0,11.0,200,0.0,0.0
2024-02-23 00:00:00-05:00,11.0,11.0,11.0,11.0,100,0.0,0.0
2024-02-26 00:00:00-05:00,11.0,11.0,11.0,11.0,6300,0.0,0.0
2024-02-27 00:00:00-05:00,11.0,11.0,11.0,11.0,0,0.0,0.0
2024-02-28 00:00:00-05:00,11.0,11.0,11.0,11.0,0,0.0,0.0
2024-02-29 00:00:00-05:00,11.0600004196167,11.0600004196167,11.0600004196167,11.0600004196167,200,0.0,0.0
2024-03-01 00:00:00-05:00,11.0600004196167,11.0600004196167,11.039999961853027,11.039999961853027,6800,0.0,0.0
2024-03-04 00:00:00-05:00,11.039999961853027,11.039999961853027,11.039999961853027,11.039999961853027,0,0.0,0.0
2024-03-05 00:00:00-05:00,11.0600004196167,11.0600004196167,11.039999961853027,11.0600004196167,1800,0.0,0.0
2024-03-06 00:00:00-05:00,11.0600004196167,11.0600004196167,11.0600004196167,11.0600004196167,0,0.0,0.0
2024-03-07 00:00:00-05:00,11.0600004196167,11.0600004196167,11.0600004196167,11.0600004196167,0,0.0,0.0
2024-03-08 00:00:00-05:00,11.0600004196167,11.0600004196167,11.0600004196167,11.0600004196167,0,0.0,0.0
2024-03-11 00:00:00-04:00,11.100000381469727,11.100000381469727,11.100000381469727,11.100000381469727,100,0.0,0.0
2024-03-12 00:00:00-04:00,11.100000381469727,11.100000381469727,11.100000381469727,11.100000381469727,0,0.0,0.0
2024-03-13 00:00:00-04:00,11.079999923706055,11.079999923706055,11.079999923706055,11.079999923706055,100,0.0,0.0
2024-03-14 00:00:00-04:00,11.109999656677246,11.109999656677246,11.109999656677246,11.109999656677246,4500,0.0,0.0
2024-03-15 00:00:00-04:00,11.109999656677246,11.109999656677246,11.109999656677246,11.109999656677246,0,0.0,0.0
2024-03-18 00:00:00-04:00,11.109999656677246,11.109999656677246,11.109999656677246,11.109999656677246,300,0.0,0.0
2024-03-19 00:00:00-04:00,11.109999656677246,11.109999656677246,11.109999656677246,11.109999656677246,100,0.0,0.0
2024-03-20 00:00:00-04:00,11.109999656677246,11.109999656677246,11.109999656677246,11.109999656677246,300,0.0,0.0
2024-03-21 00:00:00-04:00,11.109999656677246,11.109999656677246,11.109999656677246,11.109999656677246,0,0.0,0.0
2024-03-22 00:00:00-04:00,11.109999656677246,11.109999656677246,11.109999656677246,11.109999656677246,0,0.0,0.0
2024-03-25 00:00:00-04:00,11.109999656677246,11.109999656677246,11.109999656677246,11.109999656677246,0,0.0,0.0
2024-03-26 00:00:00-04:00,11.109999656677246,11.109999656677246,11.109999656677246,11.109999656677246,0,0.0,0.0
2024-03-27 00:00:00-04:00,11.109999656677246,11.170000076293945,11.109999656677246,11.109999656677246,4500,0.0,0.0
2024-03-28 00:00:00-04:00,11.109999656677246,11.109999656677246,11.109999656677246,11.109999656677246,0,0.0,0.0
2024-04-01 00:00:00-04:00,11.149999618530273,11.149999618530273,11.149999618530273,11.149999618530273,100,0.0,0.0
2024-04-02 00:00:00-04:00,11.149999618530273,11.149999618530273,11.149999618530273,11.149999618530273,0,0.0,0.0
2024-04-03 00:00:00-04:00,11.149999618530273,11.149999618530273,11.149999618530273,11.149999618530273,0,0.0,0.0
2024-04-04 00:00:00-04:00,11.149999618530273,11.149999618530273,11.149999618530273,11.149999618530273,0,0.0,0.0
2024-04-05 00:00:00-04:00,11.170000076293945,11.170000076293945,11.170000076293945,11.170000076293945,100,0.0,0.0
2024-04-08 00:00:00-04:00,11.170000076293945,11.170000076293945,11.170000076293945,11.170000076293945,100,0.0,0.0
2024-04-09 00:00:00-04:00,11.170000076293945,11.170000076293945,11.170000076293945,11.170000076293945,0,0.0,0.0
2024-04-10 00:00:00-04:00,11.199999809265137,11.199999809265137,11.199999809265137,11.199999809265137,35400,0.0,0.0
2024-04-11 00:00:00-04:00,11.220000267028809,11.220000267028809,11.199999809265137,11.220000267028809,263800,0.0,0.0
2024-04-12 00:00:00-04:00,11.180999755859375,11.180999755859375,11.180999755859375,11.180999755859375,500,0.0,0.0
2024-04-15 00:00:00-04:00,11.180999755859375,11.180999755859375,11.180999755859375,11.180999755859375,0,0.0,0.0
2024-04-16 00:00:00-04:00,11.180999755859375,11.180999755859375,11.180999755859375,11.180999755859375,0,0.0,0.0
2024-04-17 00:00:00-04:00,11.180999755859375,11.180999755859375,11.180999755859375,11.180999755859375,0,0.0,0.0
2024-04-18 00:00:00-04:00,11.199999809265137,11.229999542236328,11.199999809265137,11.229999542236328,1200,0.0,0.0
2024-04-19 00:00:00-04:00,11.229999542236328,11.229999542236328,11.229999542236328,11.229999542236328,1000,0.0,0.0
2024-04-22 00:00:00-04:00,11.180000305175781,11.180000305175781,11.180000305175781,11.180000305175781,200,0.0,0.0
2024-04-23 00:00:00-04:00,11.180000305175781,11.180000305175781,11.180000305175781,11.180000305175781,0,0.0,0.0
2024-04-24 00:00:00-04:00,11.199999809265137,11.199999809265137,11.199999809265137,11.199999809265137,1300,0.0,0.0
2024-04-25 00:00:00-04:00,11.199999809265137,11.199999809265137,11.199999809265137,11.199999809265137,1300,0.0,0.0
2024-04-26 00:00:00-04:00,11.199999809265137,11.199999809265137,11.199999809265137,11.199999809265137,0,0.0,0.0
2024-04-29 00:00:00-04:00,11.3100004196167,11.3100004196167,11.3100004196167,11.3100004196167,100,0.0,0.0
2024-04-30 00:00:00-04:00,11.3100004196167,11.3100004196167,11.3100004196167,11.3100004196167,600,0.0,0.0
2024-05-01 00:00:00-04:00,11.229999542236328,11.229999542236328,11.229999542236328,11.229999542236328,200,0.0,0.0
2024-05-02 00:00:00-04:00,11.229999542236328,11.229999542236328,11.229999542236328,11.229999542236328,0,0.0,0.0
2024-05-03 00:00:00-04:00,11.220000267028809,11.239999771118164,11.220000267028809,11.239999771118164,800,0.0,0.0
2024-05-06 00:00:00-04:00,11.239999771118164,11.255000114440918,11.234999656677246,11.239999771118164,36700,0.0,0.0
2024-05-07 00:00:00-04:00,11.229999542236328,11.229999542236328,11.229999542236328,11.229999542236328,1000,0.0,0.0
2024-05-08 00:00:00-04:00,11.229999542236328,11.229999542236328,11.229999542236328,11.229999542236328,0,0.0,0.0
2024-05-09 00:00:00-04:00,11.229999542236328,11.229999542236328,11.229999542236328,11.229999542236328,0,0.0,0.0
2024-05-10 00:00:00-04:00,11.25,11.25,11.229999542236328,11.229999542236328,5000,0.0,0.0
2024-05-13 00:00:00-04:00,11.229999542236328,11.229999542236328,11.229999542236328,11.229999542236328,0,0.0,0.0
2024-05-14 00:00:00-04:00,11.229999542236328,11.229999542236328,11.229999542236328,11.229999542236328,0,0.0,0.0
2024-05-15 00:00:00-04:00,11.300000190734863,11.300000190734863,11.239999771118164,11.239999771118164,2100,0.0,0.0
2024-05-16 00:00:00-04:00,11.239999771118164,11.239999771118164,11.239999771118164,11.239999771118164,0,0.0,0.0
2024-05-17 00:00:00-04:00,11.239999771118164,11.239999771118164,11.239999771118164,11.239999771118164,0,0.0,0.0
2024-05-20 00:00:00-04:00,11.239999771118164,11.239999771118164,11.239999771118164,11.239999771118164,0,0.0,0.0
2024-05-21 00:00:00-04:00,11.244999885559082,11.244999885559082,11.244999885559082,11.244999885559082,34700,0.0,0.0
2024-05-22 00:00:00-04:00,11.244999885559082,11.244999885559082,11.244999885559082,11.244999885559082,0,0.0,0.0
2024-05-23 00:00:00-04:00,11.25,11.25,11.25,11.25,200,0.0,0.0
2024-05-24 00:00:00-04:00,11.25,11.25,11.25,11.25,0,0.0,0.0
2024-05-28 00:00:00-04:00,11.270000457763672,11.270000457763672,11.270000457763672,11.270000457763672,149200,0.0,0.0
2024-05-29 00:00:00-04:00,11.289999961853027,11.289999961853027,11.289999961853027,11.289999961853027,200,0.0,0.0
2024-05-30 00:00:00-04:00,11.289999961853027,11.289999961853027,11.289999961853027,11.289999961853027,0,0.0,0.0
2024-05-31 00:00:00-04:00,11.289999961853027,11.289999961853027,11.289999961853027,11.289999961853027,0,0.0,0.0
2024-06-03 00:00:00-04:00,11.289999961853027,11.289999961853027,11.289999961853027,11.289999961853027,0,0.0,0.0
2024-06-04 00:00:00-04:00,11.295000076293945,11.300000190734863,11.289999961853027,11.300000190734863,155400,0.0,0.0
2024-06-05 00:00:00-04:00,11.300000190734863,11.300000190734863,11.300000190734863,11.300000190734863,0,0.0,0.0
2024-06-06 00:00:00-04:00,11.300000190734863,11.300000190734863,11.300000190734863,11.300000190734863,0,0.0,0.0
2024-06-07 00:00:00-04:00,11.300000190734863,11.300000190734863,11.300000190734863,11.300000190734863,0,0.0,0.0
2024-06-10 00:00:00-04:00,11.399999618530273,11.399999618530273,11.399999618530273,11.399999618530273,100,0.0,0.0
2024-06-11 00:00:00-04:00,11.399999618530273,11.399999618530273,11.399999618530273,11.399999618530273,0,0.0,0.0
2024-06-12 00:00:00-04:00,11.399999618530273,11.399999618530273,11.399999618530273,11.399999618530273,0,0.0,0.0
2024-06-13 00:00:00-04:00,11.359999656677246,11.359999656677246,11.350000381469727,11.350000381469727,74400,0.0,0.0
2024-06-14 00:00:00-04:00,11.390000343322754,11.390000343322754,11.380000114440918,11.380000114440918,9500,0.0,0.0
2024-06-17 00:00:00-04:00,11.420000076293945,11.420000076293945,11.359999656677246,11.359999656677246,20000,0.0,0.0
2024-06-18 00:00:00-04:00,11.359999656677246,11.359999656677246,11.359999656677246,11.359999656677246,0,0.0,0.0
2024-06-20 00:00:00-04:00,11.359999656677246,11.359999656677246,11.359999656677246,11.359999656677246,3500,0.0,0.0
2024-06-21 00:00:00-04:00,11.369999885559082,11.369999885559082,11.359999656677246,11.359999656677246,3600,0.0,0.0
2024-06-24 00:00:00-04:00,11.359999656677246,11.359999656677246,11.359999656677246,11.359999656677246,0,0.0,0.0
2024-06-25 00:00:00-04:00,11.359999656677246,11.359999656677246,11.359999656677246,11.359999656677246,0,0.0,0.0
2024-06-26 00:00:00-04:00,11.359999656677246,11.359999656677246,11.359999656677246,11.359999656677246,0,0.0,0.0
2024-06-27 00:00:00-04:00,11.364999771118164,11.364999771118164,11.350000381469727,11.350000381469727,13300,0.0,0.0
2024-06-28 00:00:00-04:00,11.329999923706055,11.329999923706055,11.329999923706055,11.329999923706055,23000,0.0,0.0
2024-07-01 00:00:00-04:00,11.380000114440918,11.380000114440918,11.380000114440918,11.380000114440918,200,0.0,0.0
2024-07-02 00:00:00-04:00,11.380000114440918,11.380000114440918,11.380000114440918,11.380000114440918,0,0.0,0.0
2024-07-03 00:00:00-04:00,11.380000114440918,11.380000114440918,11.380000114440918,11.380000114440918,0,0.0,0.0
2024-07-05 00:00:00-04:00,11.380000114440918,11.380000114440918,11.380000114440918,11.380000114440918,0,0.0,0.0
2024-07-08 00:00:00-04:00,11.380000114440918,11.380000114440918,11.380000114440918,11.380000114440918,0,0.0,0.0
2024-07-09 00:00:00-04:00,11.380000114440918,11.380000114440918,11.380000114440918,11.380000114440918,0,0.0,0.0
2024-07-10 00:00:00-04:00,11.380000114440918,11.380000114440918,11.380000114440918,11.380000114440918,0,0.0,0.0
2024-07-11 00:00:00-04:00,11.390000343322754,11.390000343322754,11.390000343322754,11.390000343322754,100,0.0,0.0
2024-07-12 00:00:00-04:00,11.390000343322754,11.390000343322754,11.390000343322754,11.390000343322754,0,0.0,0.0
2024-07-15 00:00:00-04:00,11.390000343322754,11.390000343322754,11.390000343322754,11.390000343322754,0,0.0,0.0
2024-07-16 00:00:00-04:00,11.380000114440918,11.390000343322754,11.380000114440918,11.380000114440918,50600,0.0,0.0
2024-07-17 00:00:00-04:00,11.380000114440918,11.380000114440918,11.380000114440918,11.380000114440918,100000,0.0,0.0
2024-07-18 00:00:00-04:00,11.380000114440918,11.380000114440918,11.380000114440918,11.380000114440918,0,0.0,0.0
2024-07-19 00:00:00-04:00,11.380000114440918,11.380000114440918,11.380000114440918,11.380000114440918,0,0.0,0.0
2024-07-22 00:00:00-04:00,11.380000114440918,11.380000114440918,11.380000114440918,11.380000114440918,0,0.0,0.0
2024-07-23 00:00:00-04:00,11.390000343322754,11.390000343322754,11.390000343322754,11.390000343322754,700,0.0,0.0
2024-07-24 00:00:00-04:00,11.390000343322754,11.390000343322754,11.390000343322754,11.390000343322754,0,0.0,0.0
2024-07-25 00:00:00-04:00,11.390000343322754,11.390000343322754,11.390000343322754,11.390000343322754,0,0.0,0.0
2024-07-26 00:00:00-04:00,11.385000228881836,11.385000228881836,11.385000228881836,11.385000228881836,100,0.0,0.0
2024-07-29 00:00:00-04:00,11.390000343322754,11.390000343322754,11.390000343322754,11.390000343322754,8800,0.0,0.0
2024-07-30 00:00:00-04:00,11.390000343322754,11.390000343322754,11.390000343322754,11.390000343322754,0,0.0,0.0
2024-07-31 00:00:00-04:00,11.390000343322754,11.390000343322754,11.390000343322754,11.390000343322754,79900,0.0,0.0
2024-08-01 00:00:00-04:00,11.399999618530273,11.399999618530273,11.399999618530273,11.399999618530273,1000,0.0,0.0
2024-08-02 00:00:00-04:00,11.399999618530273,11.399999618530273,11.399999618530273,11.399999618530273,0,0.0,0.0
2024-08-05 00:00:00-04:00,11.399999618530273,11.399999618530273,11.399999618530273,11.399999618530273,100,0.0,0.0
2024-08-06 00:00:00-04:00,11.399999618530273,11.399999618530273,11.399999618530273,11.399999618530273,4000,0.0,0.0
2024-08-07 00:00:00-04:00,11.40999984741211,11.430000305175781,11.40999984741211,11.430000305175781,7800,0.0,0.0
2024-08-08 00:00:00-04:00,11.380000114440918,11.380000114440918,11.380000114440918,11.380000114440918,100,0.0,0.0
2024-08-09 00:00:00-04:00,11.380000114440918,11.380000114440918,11.380000114440918,11.380000114440918,0,0.0,0.0
2024-08-12 00:00:00-04:00,11.380000114440918,11.380000114440918,11.380000114440918,11.380000114440918,0,0.0,0.0
2024-08-13 00:00:00-04:00,11.380000114440918,11.380000114440918,11.380000114440918,11.380000114440918,0,0.0,0.0
2024-08-14 00:00:00-04:00,11.380000114440918,11.380000114440918,11.380000114440918,11.380000114440918,0,0.0,0.0
2024-08-15 00:00:00-04:00,11.380000114440918,11.380000114440918,11.380000114440918,11.380000114440918,0,0.0,0.0
2024-08-16 00:00:00-04:00,11.380000114440918,11.380000114440918,11.380000114440918,11.380000114440918,0,0.0,0.0
2024-08-19 00:00:00-04:00,11.380000114440918,11.380000114440918,11.380000114440918,11.380000114440918,0,0.0,0.0
2024-08-20 00:00:00-04:00,11.380000114440918,11.380000114440918,11.380000114440918,11.380000114440918,0,0.0,0.0
2024-08-21 00:00:00-04:00,11.380000114440918,11.380000114440918,11.380000114440918,11.380000114440918,0,0.0,0.0
2024-08-22 00:00:00-04:00,11.414999961853027,11.414999961853027,11.40999984741211,11.40999984741211,200,0.0,0.0
2024-08-23 00:00:00-04:00,11.40999984741211,11.40999984741211,11.40999984741211,11.40999984741211,0,0.0,0.0
2024-08-26 00:00:00-04:00,11.430000305175781,11.430000305175781,11.390000343322754,11.390000343322754,5100,0.0,0.0
2024-08-27 00:00:00-04:00,11.430000305175781,11.430000305175781,11.430000305175781,11.430000305175781,100,0.0,0.0
2024-08-28 00:00:00-04:00,11.449999809265137,11.449999809265137,11.449999809265137,11.449999809265137,100,0.0,0.0
2024-08-29 00:00:00-04:00,11.460000038146973,11.460000038146973,11.460000038146973,11.460000038146973,100,0.0,0.0
2024-08-30 00:00:00-04:00,11.470000267028809,11.470000267028809,11.470000267028809,11.470000267028809,1200,0.0,0.0
2024-09-03 00:00:00-04:00,11.470000267028809,11.470000267028809,11.420000076293945,11.420000076293945,2500,0.0,0.0
2024-09-04 00:00:00-04:00,11.430000305175781,11.430000305175781,11.430000305175781,11.430000305175781,200,0.0,0.0
2024-09-05 00:00:00-04:00,11.430000305175781,11.430000305175781,11.430000305175781,11.430000305175781,200,0.0,0.0
2024-09-06 00:00:00-04:00,11.430000305175781,11.430000305175781,11.420000076293945,11.420000076293945,100600,0.0,0.0
2024-09-09 00:00:00-04:00,11.470000267028809,11.470000267028809,11.449999809265137,11.449999809265137,222400,0.0,0.0
2024-09-10 00:00:00-04:00,11.470000267028809,11.470000267028809,11.470000267028809,11.470000267028809,200,0.0,0.0
2024-09-11 00:00:00-04:00,11.489999771118164,11.489999771118164,11.449999809265137,11.449999809265137,48500,0.0,0.0
2024-09-12 00:00:00-04:00,11.489999771118164,11.489999771118164,11.4399995803833,11.4399995803833,20300,0.0,0.0
2024-09-13 00:00:00-04:00,11.4399995803833,11.4399995803833,11.4399995803833,11.4399995803833,0,0.0,0.0
2024-09-16 00:00:00-04:00,11.4399995803833,11.4399995803833,11.4399995803833,11.4399995803833,0,0.0,0.0
2024-09-17 00:00:00-04:00,11.4399995803833,11.4399995803833,11.4399995803833,11.4399995803833,0,0.0,0.0
2024-09-18 00:00:00-04:00,11.4399995803833,11.4399995803833,11.4399995803833,11.4399995803833,0,0.0,0.0
2024-09-19 00:00:00-04:00,11.4399995803833,11.4399995803833,11.4399995803833,11.4399995803833,0,0.0,0.0
2024-09-20 00:00:00-04:00,11.4399995803833,11.4399995803833,11.4399995803833,11.4399995803833,0,0.0,0.0
2024-09-23 00:00:00-04:00,11.460000038146973,11.460000038146973,11.460000038146973,11.460000038146973,200,0.0,0.0
2024-09-24 00:00:00-04:00,11.460000038146973,11.460000038146973,11.460000038146973,11.460000038146973,0,0.0,0.0
2024-09-25 00:00:00-04:00,11.460000038146973,11.460000038146973,11.460000038146973,11.460000038146973,0,0.0,0.0
2024-09-26 00:00:00-04:00,11.449999809265137,11.460000038146973,11.449999809265137,11.460000038146973,95200,0.0,0.0
2024-09-27 00:00:00-04:00,11.460000038146973,11.460000038146973,11.460000038146973,11.460000038146973,0,0.0,0.0
2024-09-30 00:00:00-04:00,11.460000038146973,11.460000038146973,11.460000038146973,11.460000038146973,0,0.0,0.0
2024-10-01 00:00:00-04:00,11.454999923706055,11.454999923706055,11.454999923706055,11.454999923706055,80000,0.0,0.0
2024-10-02 00:00:00-04:00,11.454999923706055,11.454999923706055,11.454999923706055,11.454999923706055,0,0.0,0.0
2024-10-03 00:00:00-04:00,11.454999923706055,11.454999923706055,11.454999923706055,11.454999923706055,0,0.0,0.0
2024-10-04 00:00:00-04:00,11.454999923706055,11.454999923706055,11.454999923706055,11.454999923706055,0,0.0,0.0
2024-10-07 00:00:00-04:00,11.489999771118164,11.489999771118164,11.489999771118164,11.489999771118164,100,0.0,0.0
2024-10-08 00:00:00-04:00,11.510000228881836,11.510000228881836,11.470000267028809,11.470000267028809,2700,0.0,0.0
2024-10-09 00:00:00-04:00,11.470000267028809,11.470000267028809,11.470000267028809,11.470000267028809,500,0.0,0.0
2024-10-10 00:00:00-04:00,11.470000267028809,11.470000267028809,11.470000267028809,11.470000267028809,0,0.0,0.0
2024-10-11 00:00:00-04:00,11.470000267028809,11.470000267028809,11.470000267028809,11.470000267028809,0,0.0,0.0
2024-10-14 00:00:00-04:00,11.470000267028809,11.470000267028809,11.470000267028809,11.470000267028809,0,0.0,0.0
2024-10-15 00:00:00-04:00,11.470000267028809,11.470000267028809,11.470000267028809,11.470000267028809,0,0.0,0.0
2024-10-16 00:00:00-04:00,11.470000267028809,11.470000267028809,11.470000267028809,11.470000267028809,400,0.0,0.0
2024-10-17 00:00:00-04:00,11.470000267028809,11.470000267028809,11.470000267028809,11.470000267028809,0,0.0,0.0
