Date,Open,High,Low,Close,Volume,Dividends,Stock Splits
2010-09-14 00:00:00-04:00,19.54605474945759,19.822112765140975,19.502750397659725,19.76798439025879,7300,0.0,0.0
2010-09-15 00:00:00-04:00,19.59475982672396,19.78962516784668,19.378242322173392,19.78962516784668,6000,0.0,0.0
2010-09-16 00:00:00-04:00,20.044034343157087,20.044034343157087,19.730086178369923,19.924951553344727,8500,0.0,0.0
2010-09-17 00:00:00-04:00,19.9844996087668,20.011565860604584,19.65972523536449,19.681377410888672,6600,0.0,0.0
2010-09-20 00:00:00-04:00,19.800459820543487,20.071105785953662,19.800459820543487,19.995323181152344,4300,0.0,0.0
2010-09-21 00:00:00-04:00,19.968250312316453,20.201005906520443,19.88705779692731,20.1901798248291,4500,0.0,0.0
2010-09-22 00:00:00-04:00,20.190179904469442,20.26596041174381,19.86540571190389,20.011554718017578,7000,0.0,0.0
2010-09-23 00:00:00-04:00,19.87623621365399,20.141468048095703,19.87623621365399,20.141468048095703,4100,0.0,0.0
2010-09-24 00:00:00-04:00,20.320103523323812,20.320103523323812,20.02780532836914,20.02780532836914,7000,0.0,0.0
2010-09-27 00:00:00-04:00,19.84375961413284,19.91954014457125,19.751740988561796,19.876237869262695,11000,0.0,0.0
2010-09-28 00:00:00-04:00,19.843581527821033,19.843581527821033,19.462706240077946,19.566085815429688,3100,0.19,0.0
2010-09-29 00:00:00-04:00,19.723882823851145,20.05034626103884,19.707560274672932,20.006818771362305,31900,0.0,0.0
2010-09-30 00:00:00-04:00,20.30607849658719,20.34416583070994,20.246226378507426,20.32240104675293,6200,0.0,0.0
2010-10-01 00:00:00-04:00,20.53461793139865,20.627115209964515,20.229916984653578,20.56182289123535,4800,0.0,0.0
2010-10-04 00:00:00-04:00,20.382252538923133,20.447546888789073,20.115641208251127,20.240785598754883,7300,0.0,0.0
2010-10-05 00:00:00-04:00,20.491078425274925,20.567253106220225,20.31152411670448,20.458431243896484,6500,0.0,0.0
2010-10-06 00:00:00-04:00,20.69785073347178,20.83387761461877,20.589028813433085,20.725055694580078,20700,0.0,0.0
2010-10-07 00:00:00-04:00,20.621668345858716,20.76857549635075,20.463876724243164,20.463876724243164,2600,0.0,0.0
2010-10-08 00:00:00-04:00,20.46388249216013,21.122252039579244,20.46388249216013,21.051517486572266,14200,0.0,0.0
2010-10-11 00:00:00-04:00,21.051517486572266,21.051517486572266,21.051517486572266,21.051517486572266,0,0.0,0.0
2010-10-12 00:00:00-04:00,21.11680149437403,21.54120445251465,21.062389528199414,21.54120445251465,37700,0.0,0.0
2010-10-13 00:00:00-04:00,21.655466107637473,21.98737183116336,21.617378769751312,21.873109817504883,28600,0.0,0.0
2010-10-14 00:00:00-04:00,21.611935946445943,21.622818338158027,21.241942930651103,21.399734497070312,11400,0.0,0.0
2010-10-15 00:00:00-04:00,21.182086991597306,21.49222783481084,21.16032221210073,21.290908813476562,26800,0.0,0.0
2010-10-18 00:00:00-04:00,21.236501766792532,21.43238067626953,21.231061608464433,21.43238067626953,31800,0.0,0.0
2010-10-19 00:00:00-04:00,20.735922485847283,21.035180983992383,20.735922485847283,20.817537307739258,6200,0.0,0.0
2010-10-20 00:00:00-04:00,20.795786024608745,21.47592029202159,20.752256435203893,21.10048484802246,7700,0.0,0.0
2010-10-21 00:00:00-04:00,21.056948070581445,21.116800191879676,20.752247305610517,20.833864212036133,6600,0.0,0.0
2010-10-22 00:00:00-04:00,20.735925763451288,20.9100399017334,20.68695603233418,20.9100399017334,5000,0.0,0.0
2010-10-25 00:00:00-04:00,21.10047816149801,21.307239494440392,21.06783305539433,21.220182418823242,15500,0.0,0.0
2010-10-26 00:00:00-04:00,21.209304390676024,21.334448832910322,21.209304390676024,21.323566436767578,7000,0.0,0.0
2010-10-27 00:00:00-04:00,21.20326366150345,21.329017686505264,21.082978381688555,21.21419906616211,10100,0.19,0.0
2010-10-28 00:00:00-04:00,21.170458189570258,21.26340599469677,21.143118636801244,21.241535186767578,5400,0.0,0.0
2010-10-29 00:00:00-04:00,21.5258607474616,21.5258607474616,21.30715881035725,21.356367111206055,5100,0.0,0.0
2010-11-01 00:00:00-04:00,21.640679654475083,21.66801713355894,21.49305476456311,21.503990173339844,1400,0.0,0.0
2010-11-02 00:00:00-04:00,21.503994872287,21.580540664734592,21.503994872287,21.564136505126953,2800,0.0,0.0
2010-11-03 00:00:00-04:00,21.65708143340836,21.65708143340836,21.411039953531972,21.62427520751953,2200,0.0,0.0
2010-11-04 00:00:00-04:00,22.017942459805983,22.023409121482423,21.935927934647264,21.97966957092285,5900,0.0,0.0
2010-11-05 00:00:00-04:00,21.914054647983633,22.39520003272598,21.908585901727704,21.957794189453125,14600,0.0,0.0
2010-11-08 00:00:00-05:00,21.755507451502478,21.941405307319094,21.755507451502478,21.92500114440918,2000,0.0,0.0
2010-11-09 00:00:00-05:00,22.181962410134552,22.30224978613971,22.154624938964844,22.154624938964844,2800,0.0,0.0
2010-11-10 00:00:00-05:00,22.121831304186124,22.77794141400639,22.045285507088458,22.690460205078125,11000,0.0,0.0
2010-11-11 00:00:00-05:00,22.794338355371814,22.832611245301194,22.553765606427707,22.641246795654297,6700,0.0,0.0
2010-11-12 00:00:00-05:00,22.520955371793672,22.520955371793672,21.733624808822288,21.782833099365234,4400,0.0,0.0
2010-11-15 00:00:00-05:00,21.815639248500204,21.853912131492446,21.536791574453073,21.596935272216797,18100,0.0,0.0
2010-11-16 00:00:00-05:00,20.91348220070949,21.17045898929737,20.661974157168007,21.148588180541992,15000,0.0,0.0
2010-11-17 00:00:00-05:00,21.2415440075019,21.564131258412008,20.8916192781857,20.918956756591797,156200,0.0,0.0
2010-11-18 00:00:00-05:00,21.78283608753265,21.968733867783463,21.61334037780762,21.613340377807617,14700,0.0,0.0
2010-11-19 00:00:00-05:00,21.3837001181147,21.48211669921875,21.3837001181147,21.48211669921875,2800,0.0,0.0
2010-11-22 00:00:00-05:00,21.378240989591475,21.438384714626512,21.230618137235748,21.367307662963867,3900,0.0,0.0
2010-11-23 00:00:00-05:00,21.170458189570258,21.252470590732173,21.0993791066579,21.241535186767578,8500,0.0,0.0
2010-11-24 00:00:00-05:00,21.307156976009644,21.766433715820312,21.307156976009644,21.766433715820312,6900,0.0,0.0
2010-11-26 00:00:00-05:00,22.321311950683594,22.38723696968269,22.321311950683594,22.321311950683594,5600,0.19,0.0
2010-11-29 00:00:00-05:00,22.41470242504119,22.431185249279757,22.079580307006836,22.079580307006836,4600,0.0,0.0
2010-11-30 00:00:00-05:00,22.7003793042355,23.073957836870868,22.321307894231172,22.469640731811523,11700,0.0,0.0
2010-12-01 00:00:00-05:00,22.54104673988908,23.271722692359962,22.54104673988908,23.26622772216797,2200,0.0,0.0
2010-12-02 00:00:00-05:00,23.584878140548742,23.99691304573552,23.56290244263315,23.766172409057617,6500,0.0,0.0
2010-12-03 00:00:00-05:00,23.68926609385775,23.77716681403888,23.56840391343275,23.584884643554688,1900,0.0,0.0
2010-12-06 00:00:00-05:00,23.464020304307383,23.843093861840284,23.464020304307383,23.78815460205078,4100,0.0,0.0
2010-12-07 00:00:00-05:00,24.05734900335721,24.05734900335721,23.557413322505642,23.66728973388672,19300,0.0,0.0
2010-12-08 00:00:00-05:00,23.54092422666625,23.700244875935724,23.288210014822187,23.293704986572266,34800,0.0,0.0
2010-12-09 00:00:00-05:00,23.41457085964741,23.656299358026537,23.381609406754265,23.546422958374023,38600,0.0,0.0
2010-12-10 00:00:00-05:00,23.623342708697137,23.678279876708984,23.623342708697137,23.678279876708984,18100,0.0,0.0
2010-12-13 00:00:00-05:00,23.98043219054652,24.12327003479004,23.78265510181096,24.12327003479004,3200,0.0,0.0
2010-12-14 00:00:00-05:00,23.870554605687097,24.403451628491922,23.870554605687097,24.19468879699707,4300,0.0,0.0
2010-12-15 00:00:00-05:00,24.47486977103224,24.551782608032227,24.326536972939,24.551782608032227,7400,0.0,0.0
2010-12-16 00:00:00-05:00,24.722108534076824,24.903405002605226,24.722108534076824,24.870441436767578,7900,0.0,0.0
2010-12-17 00:00:00-05:00,24.52981878393675,24.52981878393675,24.2880902333581,24.30457305908203,2100,0.0,0.0
2010-12-20 00:00:00-05:00,24.91987559176142,25.42530415451002,24.650678486319578,24.804506301879883,6900,0.0,0.0
2010-12-21 00:00:00-05:00,24.606721239478762,25.33739526869543,24.606721239478762,25.304433822631836,4300,0.0,0.0
2010-12-22 00:00:00-05:00,25.480251989651443,25.75494206514573,25.342906951904297,25.342906951904297,6300,0.0,0.0
2010-12-23 00:00:00-05:00,25.5077030040522,25.590110808211683,25.39233375480293,25.485727310180664,5100,0.0,0.0
2010-12-27 00:00:00-05:00,25.485727310180668,25.485727310180668,25.485727310180668,25.485727310180664,0,0.0,0.0
2010-12-28 00:00:00-05:00,25.485727310180668,25.485727310180668,25.485727310180668,25.485727310180664,0,0.0,0.0
2010-12-29 00:00:00-05:00,25.904991205840556,26.076000213623043,25.67881908810901,26.076000213623047,23600,0.19,0.0
2010-12-30 00:00:00-05:00,26.0318580474489,26.075990201934125,25.78913751079099,25.81671905517578,11400,0.0,0.0
2010-12-31 00:00:00-05:00,25.800175633110502,25.965667036364838,25.783627124086276,25.893953323364258,15300,0.0,0.0
2011-01-03 00:00:00-05:00,25.893953323364258,25.893953323364258,25.893953323364258,25.893953323364258,0,0.0,0.0
2011-01-04 00:00:00-05:00,25.65674396185734,25.960147272681738,25.292662093205077,25.32024574279785,5400,0.0,0.0
2011-01-05 00:00:00-05:00,24.713437938223837,25.154748916625977,24.713437938223837,25.154748916625977,4100,0.0,0.0
2011-01-06 00:00:00-05:00,25.094084324782944,25.094084324782944,24.862394617040152,24.928590774536133,3900,0.0,0.0
2011-01-07 00:00:00-05:00,25.0554481503101,25.088547255507073,24.967185974121094,24.967185974121094,1500,0.0,0.0
2011-01-10 00:00:00-05:00,24.900997468682817,25.579513549804684,24.900997468682817,25.579513549804688,4400,0.0,0.0
2011-01-11 00:00:00-05:00,25.8443137122163,25.993256652667856,25.684339831883612,25.772602081298828,4400,0.0,0.0
2011-01-12 00:00:00-05:00,26.131158129974672,26.131158129974672,25.5960693359375,25.5960693359375,3000,0.0,0.0
2011-01-13 00:00:00-05:00,25.634669824870134,25.88842330755663,25.524341583251953,25.524341583251953,16400,0.0,0.0
2011-01-14 00:00:00-05:00,25.430564415589643,25.744998568211816,25.237491551465993,25.573991775512695,6100,0.0,0.0
2011-01-18 00:00:00-05:00,25.69535754021325,25.706388473510742,25.573996230573258,25.706388473510742,6300,0.0,0.0
2011-01-19 00:00:00-05:00,25.662264998040662,25.662264998040662,25.083044052124023,25.083044052124023,4200,0.0,0.0
2011-01-20 00:00:00-05:00,24.94512966444395,25.00029275236654,24.862382928223152,24.884449005126953,3200,0.0,0.0
2011-01-21 00:00:00-05:00,25.574002576503972,25.80017464328652,25.4195442199707,25.419544219970703,4500,0.0,0.0
2011-01-24 00:00:00-05:00,25.38644440680625,25.458158115100574,25.220953014412377,25.347829818725586,16200,0.0,0.0
2011-01-25 00:00:00-05:00,25.38094339797794,25.38094339797794,25.20993642611946,25.298198699951172,2100,0.0,0.0
2011-01-26 00:00:00-05:00,25.607100589966546,25.629166671569383,25.51332289966054,25.55745506286621,6100,0.0,0.0
2011-01-27 00:00:00-05:00,25.851020346054536,26.299688929787443,25.84548216684901,26.288610458374023,18300,0.19,0.0
2011-01-28 00:00:00-05:00,26.249836165832114,26.249836165832114,25.884255070934984,25.983959197998047,6200,0.0,0.0
2011-01-31 00:00:00-05:00,26.22768516822817,26.39386015966586,26.111364364624023,26.111364364624023,5800,0.0,0.0
2011-02-01 00:00:00-05:00,26.410481075946652,26.66527967153515,26.255386646110722,26.51018524169922,3200,0.0,0.0
2011-02-02 00:00:00-05:00,26.626501042504408,26.637579515832385,26.34400736815056,26.532337188720703,4900,0.0,0.0
2011-02-03 00:00:00-05:00,26.504634686079832,26.515713157208044,26.38277572967414,26.488018035888672,2900,0.0,0.0
2011-02-04 00:00:00-05:00,26.521259050429872,26.648658325806917,25.635000190020396,26.565570831298828,22900,0.0,0.0
2011-02-07 00:00:00-05:00,26.554508985239565,26.62097986766864,26.42157144638958,26.465883255004883,17000,0.0,0.0
2011-02-08 00:00:00-05:00,26.32738577722958,26.56556764572187,26.05597060532139,26.161212921142578,14200,0.0,0.0
2011-02-09 00:00:00-05:00,26.144599151613928,26.227684532315507,25.856565183242434,26.028278350830078,7000,0.0,0.0
2011-02-10 00:00:00-05:00,26.006122462441564,26.144600215582358,25.812252340242757,25.862104415893555,33600,0.0,0.0
2011-02-11 00:00:00-05:00,25.895344067938094,26.044900319324,25.701476027069237,25.9451961517334,56600,0.0,0.0
2011-02-14 00:00:00-05:00,26.02827898190797,26.23876364185754,25.995043561019873,26.111364364624023,15300,0.0,0.0
2011-02-15 00:00:00-05:00,26.39940912326957,26.67636473812259,26.39940912326957,26.659748077392578,4600,0.0,0.0
2011-02-16 00:00:00-05:00,27.219180732902526,28.11097760179858,27.219180732902526,27.690006256103516,10200,0.0,0.0
2011-02-17 00:00:00-05:00,27.59583825629147,27.93926239013672,27.59583825629147,27.93926239013672,3400,0.0,0.0
2011-02-18 00:00:00-05:00,28.29377616451974,28.85322536991557,27.922654679096414,27.950349807739258,67100,0.0,0.0
2011-02-22 00:00:00-05:00,28.094364233091895,28.41563148730807,28.005738565066476,28.410093307495117,64500,0.0,0.0
2011-02-23 00:00:00-05:00,28.182994323024364,28.880921304103847,28.066671398675343,28.80891227722168,24600,0.0,0.0
2011-02-24 00:00:00-05:00,29.39819431459811,29.39819431459811,28.208479552509353,28.542043685913086,48500,0.19,0.0
2011-02-25 00:00:00-05:00,28.7088372884775,29.003485795405556,28.60320909863062,28.953453063964844,17100,0.0,0.0
2011-02-28 00:00:00-05:00,28.73108786846029,29.186960220336914,28.7032911876387,29.186960220336914,7000,0.0,0.0
2011-03-01 00:00:00-05:00,29.053529350149372,29.142479989493186,28.519825514086474,28.625455856323242,10600,0.0,0.0
2011-03-02 00:00:00-05:00,28.719957865149652,28.719957865149652,28.47534419776423,28.564294815063477,13800,0.0,0.0
2011-03-03 00:00:00-05:00,28.492027904957272,28.492027904957272,27.858254355269516,28.28076934814453,6100,0.0,0.0
2011-03-04 00:00:00-05:00,28.49757419344694,28.6810359954834,28.380826930741677,28.6810359954834,11000,0.0,0.0
2011-03-07 00:00:00-05:00,28.792233617781374,28.83114938397029,28.164018630981445,28.164018630981445,5500,0.0,0.0
2011-03-08 00:00:00-05:00,28.141788308180104,28.230738958717883,27.97500610351562,27.975006103515625,7800,0.0,0.0
2011-03-09 00:00:00-05:00,28.019465104969004,28.019465104969004,26.8353085812642,27.224468231201172,13000,0.0,0.0
2011-03-10 00:00:00-05:00,26.879794999655836,26.93539047241211,26.018085319062763,26.93539047241211,12700,0.0,0.0
2011-03-11 00:00:00-05:00,26.30161466592886,27.00766120357515,26.30161466592886,26.957626342773438,3600,0.0,0.0
2011-03-14 00:00:00-04:00,26.562895685471577,27.135517120361328,26.562895685471577,27.135517120361328,29800,0.0,0.0
2011-03-15 00:00:00-04:00,25.990290214973694,26.507316478749793,25.990290214973694,26.1904296875,4200,0.0,0.0
2011-03-16 00:00:00-04:00,26.50174275216935,26.551777595533242,26.273806714789284,26.468387603759766,6400,0.0,0.0
2011-03-17 00:00:00-04:00,26.907587873508792,27.407934293676327,26.907587873508792,27.27450942993164,27900,0.0,0.0
2011-03-18 00:00:00-04:00,27.619206932951883,27.619206932951883,27.33011675259799,27.530256271362305,6600,0.0,0.0
2011-03-21 00:00:00-04:00,28.05284095579169,28.464239088365893,28.05284095579169,28.353050231933594,8100,0.0,0.0
2011-03-22 00:00:00-04:00,28.164018719392818,28.36971664428711,28.09730628010957,28.36971664428711,7300,0.0,0.0
2011-03-23 00:00:00-04:00,28.369712702840665,28.408628463745117,28.191811475634623,28.408628463745117,2000,0.0,0.0
2011-03-24 00:00:00-04:00,28.686591927819293,28.697711016718564,28.325231081965082,28.33078956604004,3300,0.0,0.0
2011-03-25 00:00:00-04:00,28.38639413806982,28.603211139448874,28.258527755737305,28.258527755737305,13200,0.0,0.0
2011-03-28 00:00:00-04:00,28.27521180566293,28.380840027222334,28.236296033469966,28.36416244506836,3200,0.0,0.0
2011-03-29 00:00:00-04:00,28.481339016725403,28.531560897827152,28.431117135623655,28.53156089782715,2600,0.19,0.0
2011-03-30 00:00:00-04:00,28.598519287942,28.71570295365403,28.542718150558258,28.671062469482422,4200,0.0,0.0
2011-03-31 00:00:00-04:00,28.799408852447296,28.933332443237305,28.69338370367169,28.933332443237305,5500,0.0,0.0
2011-04-01 00:00:00-04:00,29.2290915259294,29.2290915259294,29.106326430766735,29.201190948486328,2100,0.0,0.0
2011-04-04 00:00:00-04:00,29.234666309068537,29.24024770090824,28.894273781874123,28.950077056884766,16000,0.0,0.0
2011-04-05 00:00:00-04:00,28.871960772341314,29.290475845336914,28.871960772341314,29.290475845336914,4000,0.0,0.0
2011-04-06 00:00:00-04:00,29.368588345710947,29.368588345710947,29.117478961447013,29.15096092224121,4800,0.0,0.0
2011-04-07 00:00:00-04:00,29.38531829941563,29.446700809056285,29.20675215973898,29.245813369750977,12000,0.0,0.0
2011-04-08 00:00:00-04:00,29.463440449760352,29.686649186651284,29.429960629300105,29.658748626708984,5900,0.0,0.0
2011-04-11 00:00:00-04:00,29.591809890035684,30.066128327067744,29.4913660858961,29.508108139038086,8400,0.0,0.0
2011-04-12 00:00:00-04:00,29.390921673274025,29.402082332244927,28.877544132680715,28.88312339782715,14800,0.0,0.0
2011-04-13 00:00:00-04:00,29.06725281314452,29.234658335161132,28.95564842224121,28.95564842224121,5000,0.0,0.0
2011-04-14 00:00:00-04:00,28.9389138120103,28.9389138120103,28.693383681291635,28.698965072631836,1600,0.0,0.0
2011-04-15 00:00:00-04:00,28.855221258651337,29.12865206699795,28.849641993805783,29.022626876831055,2600,0.0,0.0
2011-04-18 00:00:00-04:00,28.28602266596219,28.486910132919014,28.280443404625206,28.48133087158203,2500,0.0,0.0
2011-04-19 00:00:00-04:00,28.754764641939406,29.173279565136323,28.754764641939406,29.162118911743164,4000,0.0,0.0
2011-04-20 00:00:00-04:00,29.28488623647759,29.815005605950116,29.28488623647759,29.619699478149414,5300,0.0,0.0
2011-04-21 00:00:00-04:00,29.75921474581654,29.893138385817164,29.642028899968647,29.84291648864746,23100,0.0,0.0
2011-04-25 00:00:00-04:00,29.948929180461267,29.948929180461267,29.6643399474661,29.681079864501953,4700,0.0,0.0
2011-04-26 00:00:00-04:00,29.57505684214633,29.898709429353715,29.569477579360093,29.681079864501953,6600,0.0,0.0
2011-04-27 00:00:00-04:00,29.86027854154475,29.86027854154475,29.485066012258596,29.697872161865234,3100,0.19,0.0
2011-04-28 00:00:00-04:00,29.905083861634036,29.92188378644649,29.70347621865325,29.809879302978516,5600,0.0,0.0
2011-04-29 00:00:00-04:00,29.804286974511623,30.08429718017578,29.804286974511623,30.08429718017578,4300,0.0,0.0
2011-05-02 00:00:00-04:00,30.21310425129602,30.392310627633062,29.944294686790457,29.949893951416016,4700,0.0,0.0
2011-05-03 00:00:00-04:00,29.753888865683503,29.888292585296554,29.39547609830389,29.40107536315918,3500,0.0,0.0
2011-05-04 00:00:00-04:00,29.255467866416012,29.255467866416012,28.566640865493707,28.846651077270508,18400,0.0,0.0
2011-05-05 00:00:00-04:00,28.202636725758513,28.538648218938846,27.94502777189966,28.185836791992188,31600,0.0,0.0
2011-05-06 00:00:00-04:00,28.236232781330582,28.505044503155375,28.001025195119745,28.0626277923584,9000,0.0,0.0
2011-05-09 00:00:00-04:00,28.185827036787327,28.533039077743666,28.03462127629628,28.393033981323242,7000,0.0,0.0
2011-05-10 00:00:00-04:00,27.989829652761635,28.57785086224601,27.889025772700418,28.44344711303711,7000,0.0,0.0
2011-05-11 00:00:00-04:00,28.437848938613463,28.437848938613463,27.38501161716978,27.52501678466797,8500,0.0,0.0
2011-05-12 00:00:00-04:00,27.373783297294324,27.861000189886127,26.914566982657057,27.687393188476562,8400,0.0,0.0
2011-05-13 00:00:00-04:00,27.636997815570535,27.9450106546785,27.34578917255373,27.939409255981445,11300,0.0,0.0
2011-05-16 00:00:00-04:00,27.715426778650528,28.18584427579187,27.681824765887026,27.989835739135742,7400,0.0,0.0
2011-05-17 00:00:00-04:00,27.446609962115527,28.25864029772326,27.429810026941094,28.241840362548828,6700,0.0,0.0
2011-05-18 00:00:00-04:00,28.22503533993648,28.897058261494536,28.22503533993648,28.80745506286621,3900,0.0,0.0
2011-05-19 00:00:00-04:00,28.969840095213055,29.048242568969723,28.80183448911917,29.048242568969727,4000,0.0,0.0
2011-05-20 00:00:00-04:00,28.947447171145907,29.300260541653675,28.947447171145907,29.28346061706543,5100,0.0,0.0
2011-05-23 00:00:00-04:00,29.283460617065433,29.283460617065433,29.283460617065433,29.28346061706543,0,0.0,0.0
2011-05-24 00:00:00-04:00,29.070661782655236,29.154665705570395,28.841053481170103,28.89705467224121,9100,0.0,0.0
2011-05-25 00:00:00-04:00,28.841047770188496,28.975453592976578,28.8130471801975,28.8802490234375,6700,0.0,0.0
2011-05-26 00:00:00-04:00,29.21627902462567,29.244281768798825,29.13787646808349,29.244281768798828,2900,0.0,0.0
2011-05-27 00:00:00-04:00,29.03068661715602,29.10937545137494,28.963237207159867,28.980100631713867,7500,0.19,0.0
2011-05-31 00:00:00-04:00,29.23301339361728,29.49718475341797,29.23301339361728,29.49718475341797,3900,0.0,0.0
2011-06-01 00:00:00-04:00,29.396015839441723,29.429740530557993,29.09250005172243,29.221776962280273,4500,0.0,0.0
2011-06-02 00:00:00-04:00,28.878923659227297,29.345436871633023,28.878923659227297,29.22740364074707,7700,0.0,0.0
2011-06-03 00:00:00-04:00,28.805854549774754,29.22740364074707,28.805854549774754,29.22740364074707,3800,0.0,0.0
2011-06-06 00:00:00-04:00,29.09813180272689,29.09813180272689,28.912649154663082,28.912649154663086,800,0.0,0.0
2011-06-07 00:00:00-04:00,29.148718160390068,29.148718160390068,28.80585785071906,28.951993942260742,30900,0.0,0.0
2011-06-08 00:00:00-04:00,28.92389398217003,29.22179019498957,28.83958543236488,28.929515838623047,9600,0.0,0.0
2011-06-09 00:00:00-04:00,28.687826770411316,28.699068338933284,28.42927712673596,28.474241256713867,6500,0.0,0.0
2011-06-10 00:00:00-04:00,27.962749178255763,28.013335141930536,27.366959177653886,27.810991287231445,5500,0.0,0.0
2011-06-13 00:00:00-04:00,27.58617479184458,27.726691161866338,27.383830875955702,27.69296646118164,14600,0.0,0.0
2011-06-14 00:00:00-04:00,27.92903978021243,28.918276468369996,27.917798210561756,28.70469093322754,7500,0.0,0.0
2011-06-15 00:00:00-04:00,28.468615718416913,28.468615718416913,27.93465311550351,28.041444778442383,2300,0.0,0.0
2011-06-16 00:00:00-04:00,27.74355293635306,27.951516567354034,27.456898335680386,27.619897842407227,31600,0.0,0.0
2011-06-17 00:00:00-04:00,27.350102374738555,27.816617687557105,27.350102374738555,27.664859771728516,8700,0.0,0.0
2011-06-20 00:00:00-04:00,27.445647999412902,27.647989694353424,27.34447607988822,27.378198623657227,16200,0.0,0.0
2011-06-21 00:00:00-04:00,27.760416126871856,28.350584503342983,27.743554847121487,28.249412536621094,6400,0.0,0.0
2011-06-22 00:00:00-04:00,27.99647560348301,28.401161193847656,27.968370620948562,28.401161193847656,7000,0.0,0.0
2011-06-23 00:00:00-04:00,27.698598220608897,27.9683895111084,27.58618679098371,27.9683895111084,6100,0.0,0.0
2011-06-24 00:00:00-04:00,27.5355866806554,27.57493108968609,27.524345114630993,27.56930923461914,2800,0.0,0.0
2011-06-27 00:00:00-04:00,27.541223350644426,27.552464923591046,27.22084602605355,27.38946533203125,7300,0.0,0.0
2011-06-28 00:00:00-04:00,27.558717086514356,28.14555350975739,27.558717086514356,28.05527114868164,5700,0.19,0.0
2011-06-29 00:00:00-04:00,28.78882931106508,29.200742914162653,28.749330893816154,29.11610221862793,6900,0.0,0.0
2011-06-30 00:00:00-04:00,29.409521690013104,29.88350486755371,29.409521690013104,29.88350486755371,10900,0.0,0.0
2011-07-01 00:00:00-04:00,29.88350486755371,29.88350486755371,29.88350486755371,29.88350486755371,0,0.0,0.0
2011-07-05 00:00:00-04:00,29.573152970606976,29.770645022596998,29.443372171798973,29.59572410583496,20600,0.0,0.0
2011-07-06 00:00:00-04:00,29.3361706357897,29.353097915649414,29.166889227182438,29.353097915649414,5400,0.0,0.0
2011-07-07 00:00:00-04:00,29.409537215264283,29.460321230827525,29.262829032805758,29.27411460876465,6700,0.0,0.0
2011-07-08 00:00:00-04:00,29.048392189398374,29.093534469604496,28.805757814546467,29.093534469604492,4900,0.0,0.0
2011-07-11 00:00:00-04:00,28.918612929289736,28.92989849995269,28.625194549560543,28.625194549560547,6800,0.0,0.0
2011-07-12 00:00:00-04:00,28.563135123459254,28.7437000131391,28.563135123459254,28.659061431884766,12000,0.0,0.0
2011-07-13 00:00:00-04:00,28.997618571311925,29.21768188476563,28.94683456416852,29.217681884765625,4500,0.0,0.0
2011-07-14 00:00:00-04:00,29.104812677184217,29.223307903996655,29.042743133853364,29.19509506225586,3000,0.0,0.0
2011-07-15 00:00:00-04:00,29.178166736674676,29.27973469277716,29.070957073011797,29.240236282348633,3100,0.0,0.0
2011-07-18 00:00:00-04:00,29.065318231807552,29.116102218627926,28.969394119203677,29.11610221862793,3500,0.0,0.0
2011-07-19 00:00:00-04:00,29.522379107589906,29.522379107589906,29.33617255941555,29.347455978393555,5200,0.0,0.0
2011-07-20 00:00:00-04:00,29.358729151456508,29.409513125421714,29.22330665588379,29.22330665588379,2300,0.0,0.0
2011-07-21 00:00:00-04:00,29.1668865072017,29.544945557998528,29.161244798608756,29.403879165649414,5500,0.0,0.0
2011-07-22 00:00:00-04:00,29.07096313440294,29.104819844330315,29.025820854499777,29.07660484313965,3600,0.0,0.0
2011-07-25 00:00:00-04:00,29.24588886974552,29.39823869686039,29.24588886974552,29.381311416625977,3000,0.0,0.0
2011-07-26 00:00:00-04:00,29.245878077709033,29.358729440965217,29.10481172113703,29.319231033325195,11100,0.0,0.0
2011-07-27 00:00:00-04:00,29.02475092670705,29.02475092670705,28.560355084711954,28.599998474121094,4000,0.19,0.0
2011-07-28 00:00:00-04:00,28.509367591269108,29.024733504642807,28.509367591269108,28.95677375793457,9000,0.0,0.0
2011-07-29 00:00:00-04:00,28.47540625794018,28.85485293934511,28.36214065551758,28.362140655517578,9400,0.0,0.0
2011-08-01 00:00:00-04:00,28.36214065551758,28.36214065551758,28.36214065551758,28.362140655517578,0,0.0,0.0
2011-08-02 00:00:00-04:00,28.43008470193449,28.639628542835684,28.197886888935415,28.243192672729492,21700,0.0,0.0
2011-08-03 00:00:00-04:00,28.06763645215517,28.107279832535436,27.34838887033828,27.597576141357422,53000,0.0,0.0
2011-08-04 00:00:00-04:00,27.376701307035223,27.461652630093223,24.992425612482304,25.728662490844727,103800,0.0,0.0
2011-08-05 00:00:00-04:00,25.575767640913636,26.05715301608427,25.23030187643443,25.994857788085938,73900,0.0,0.0
2011-08-08 00:00:00-04:00,24.680948742502228,24.828195300035066,23.03290725082345,23.859760284423828,123700,0.0,0.0
2011-08-09 00:00:00-04:00,23.78047001590039,24.86783503285875,23.310409695167888,24.799875259399414,58700,0.0,0.0
2011-08-10 00:00:00-04:00,24.499718004512346,26.1194408700925,24.00700581490521,25.938213348388672,10400,0.0,0.0
2011-08-11 00:00:00-04:00,25.949540637252287,26.02882740886008,24.55635323796609,25.887243270874023,11800,0.0,0.0
2011-08-12 00:00:00-04:00,26.3459717811588,26.51020986933187,25.853259677041674,26.01183319091797,13300,0.0,0.0
2011-08-15 00:00:00-04:00,25.983525096696383,26.402612991577012,25.983525096696383,26.351642608642578,6200,0.0,0.0
2011-08-16 00:00:00-04:00,26.221379634327604,26.221379634327604,25.49646960243815,25.5247859954834,4000,0.0,0.0
2011-08-17 00:00:00-04:00,25.71168581548018,25.762656202460587,24.8904972076416,24.8904972076416,11100,0.0,0.0
2011-08-18 00:00:00-04:00,24.63563976073545,24.63563976073545,23.197144414830397,24.12027359008789,10500,0.0,0.0
2011-08-19 00:00:00-04:00,23.95602985041126,24.420425536483197,23.729496581333372,23.820110321044922,4600,0.0,0.0
2011-08-22 00:00:00-04:00,24.244863250723572,24.27884205373268,23.38969403496062,23.46898078918457,9700,0.0,0.0
2011-08-23 00:00:00-04:00,23.72950412597777,24.148591995239258,23.20281092132003,24.148591995239258,13400,0.0,0.0
2011-08-24 00:00:00-04:00,24.669622171443514,24.76023593771317,24.460076081617817,24.663957595825195,3300,0.0,0.0
2011-08-25 00:00:00-04:00,24.947124121448883,24.947124121448883,24.17124366760254,24.17124366760254,12100,0.0,0.0
2011-08-26 00:00:00-04:00,24.063637061585162,24.443081451619094,23.661536534322607,24.20522117614746,5400,0.0,0.0
2011-08-29 00:00:00-04:00,24.791149926627394,25.536362054073226,24.791149926627394,25.4055233001709,15100,0.19,0.0
2011-08-30 00:00:00-04:00,25.240560518979876,25.689964765056796,25.183674839497804,25.66720962524414,3600,0.0,0.0
2011-08-31 00:00:00-04:00,25.64444735839439,26.463612564225414,25.64444735839439,26.196245193481445,4200,0.0,0.0
2011-09-01 00:00:00-04:00,26.907338489376507,26.907338489376507,26.571707747927626,26.622905731201172,9400,0.0,0.0
2011-09-02 00:00:00-04:00,25.73546164262691,25.95731871514162,25.303122891530368,25.439651489257812,16600,0.0,0.0
2011-09-06 00:00:00-04:00,24.728573843991935,24.990251345927067,24.48396160564642,24.77977180480957,13900,0.0,0.0
2011-09-07 00:00:00-04:00,24.97319338734604,25.155230152379545,24.836664728546207,24.916305541992188,11800,0.0,0.0
2011-09-08 00:00:00-04:00,24.9390443070663,24.98455238342285,24.796828042124098,24.98455238342285,11600,0.0,0.0
2011-09-09 00:00:00-04:00,24.666007036247937,24.728582584927135,24.063008859034195,24.19384765625,22900,0.0,0.0
2011-09-12 00:00:00-04:00,23.892347700631262,23.915102838300857,23.32348227918766,23.33485984802246,8500,0.0,0.0
2011-09-13 00:00:00-04:00,23.784249426075373,24.062992095947266,23.772871864237004,24.062992095947266,11600,0.0,0.0
2011-09-14 00:00:00-04:00,23.83547573471772,24.5806884765625,23.789965433204742,24.5806884765625,7200,0.0,0.0
2011-09-15 00:00:00-04:00,24.580665349569912,26.008518250394374,24.580665349569912,25.792348861694336,7700,0.0,0.0
2011-09-16 00:00:00-04:00,25.57618596894639,25.718402308413463,25.39983909683866,25.633073806762695,9500,0.0,0.0
2011-09-19 00:00:00-04:00,25.01869840612706,25.62169647216797,24.950435170175933,25.62169647216797,6000,0.0,0.0
2011-09-20 00:00:00-04:00,25.775289831221272,25.775289831221272,25.104028543536476,25.217802047729492,8600,0.0,0.0
2011-09-21 00:00:00-04:00,24.939055290971652,25.00163082231403,24.46120834350586,24.46120834350586,6200,0.0,0.0
2011-09-22 00:00:00-04:00,23.494130728460746,23.494130728460746,22.271071933654145,23.175567626953125,19500,0.0,0.0
2011-09-23 00:00:00-04:00,23.13575505666655,23.48845317137498,23.13575505666655,23.152822494506836,5500,0.0,0.0
2011-09-26 00:00:00-04:00,23.204025547088644,23.30073164580471,22.75462125646158,23.2950439453125,23100,0.0,0.0
2011-09-27 00:00:00-04:00,24.38157163289078,25.143851363248867,24.38157163289078,24.54654312133789,11000,0.0,0.0
2011-09-28 00:00:00-04:00,24.466552981239197,24.706534318423998,23.615195859901878,23.64376449584961,10200,0.19,0.0
2011-09-29 00:00:00-04:00,24.003736737120434,24.815099630321836,24.003736737120434,24.27800178527832,11400,0.0,0.0
2011-09-30 00:00:00-04:00,23.83802608906647,24.449403843002287,23.763745917382305,23.769458770751953,7400,0.0,0.0
2011-10-03 00:00:00-04:00,23.46663305839646,23.46663305839646,21.821054076768974,22.10674476623535,16200,0.0,0.0
2011-10-04 00:00:00-04:00,21.621057817816713,21.65534146358421,20.82683855119064,21.169666290283203,37500,0.0,0.0
2011-10-05 00:00:00-04:00,21.821050642561836,23.180938720703125,21.80962275522407,23.180938720703125,10000,0.0,0.0
2011-10-06 00:00:00-04:00,23.04952030227282,24.06086540222168,23.04952030227282,24.06086540222168,9600,0.0,0.0
2011-10-07 00:00:00-04:00,24.118008562012857,24.340846961035254,24.066584148419448,24.175148010253906,7500,0.0,0.0
2011-10-10 00:00:00-04:00,24.175148010253906,24.175148010253906,24.175148010253906,24.175148010253906,0,0.0,0.0
2011-10-11 00:00:00-04:00,24.637963620126577,24.96365082078599,24.260852009907946,24.409412384033203,10600,0.0,0.0
2011-10-12 00:00:00-04:00,24.906502231025453,25.957843541993462,24.906502231025453,25.866422653198242,11600,0.0,0.0
2011-10-13 00:00:00-04:00,25.455027695062103,25.620728737997272,24.935070978674382,24.9693546295166,13400,0.0,0.0
2011-10-14 00:00:00-04:00,25.449330153062622,25.849297601586663,25.40361859110685,25.769302368164062,6900,0.0,0.0
2011-10-17 00:00:00-04:00,25.775000439163254,25.780713290824135,25.437885520380263,25.552162170410156,5400,0.0,0.0
2011-10-18 00:00:00-04:00,25.11791766671457,26.26639512848026,24.855082831155407,26.083553314208984,6800,0.0,0.0
2011-10-19 00:00:00-04:00,26.077827191242125,26.957754410491507,26.00926208496094,26.009262084960938,5700,0.0,0.0
2011-10-20 00:00:00-04:00,26.037849193058545,26.089273604209065,25.775014282576763,25.99213981628418,4900,0.0,0.0
2011-10-21 00:00:00-04:00,26.809206798999206,27.192033364135394,26.809206798999206,26.96347999572754,5800,0.0,0.0
2011-10-24 00:00:00-04:00,27.283443165420472,27.991956575252406,27.283443165420472,27.66626739501953,5600,0.0,0.0
2011-10-25 00:00:00-04:00,27.991970920102514,27.991970920102514,26.900632721401042,27.27774429321289,6700,0.0,0.0
2011-10-26 00:00:00-04:00,27.163476530894815,27.546301082586066,27.140620748202004,27.426311492919922,7200,0.0,0.0
2011-10-27 00:00:00-04:00,28.521963077689595,28.521963077689595,27.86226275075664,28.017148971557617,9300,0.19,0.0
2011-10-28 00:00:00-04:00,27.69018430664559,28.286782955017895,27.68444656077745,28.258098602294922,9300,0.0,0.0
2011-10-31 00:00:00-04:00,27.83932694211189,27.90816674800683,27.454981206586297,27.644285202026367,11700,0.0,0.0
2011-11-01 00:00:00-04:00,26.192951396207018,27.013273967718227,25.550461740387973,26.692028045654297,9900,0.0,0.0
2011-11-02 00:00:00-04:00,26.703496396017112,26.7895450592041,26.479772497701028,26.7895450592041,10200,0.0,0.0
2011-11-03 00:00:00-04:00,26.732184328192268,27.472195988848533,26.732184328192268,27.368938446044922,8100,0.0,0.0
2011-11-04 00:00:00-04:00,27.03620892220945,27.701644897460934,27.03620892220945,27.701644897460938,3700,0.0,0.0
2011-11-07 00:00:00-05:00,27.724591857269495,28.67111599082634,27.67869866401908,28.240877151489258,5200,0.0,0.0
2011-11-08 00:00:00-05:00,27.707403823576442,27.87949906455573,27.6672483402916,27.845081329345703,5900,0.0,0.0
2011-11-09 00:00:00-05:00,27.50661737243911,27.638557086797167,27.374677658081055,27.374677658081055,10500,0.0,0.0
2011-11-10 00:00:00-05:00,27.56398227030014,27.56398227030014,27.17389867709985,27.28862953186035,8000,0.0,0.0
2011-11-11 00:00:00-05:00,27.50661992321578,27.592666429267446,27.219793859758493,27.248476028442383,6400,0.0,0.0
2011-11-14 00:00:00-05:00,27.064890732677203,27.064890732677203,26.64038745925301,26.812484741210938,127200,0.0,0.0
2011-11-15 00:00:00-05:00,26.841176828907063,27.191104888916016,26.76086590135917,27.191104888916016,17100,0.0,0.0
2011-11-16 00:00:00-05:00,27.013278295876283,27.414835215717787,27.013278295876283,27.06490707397461,4000,0.0,0.0
2011-11-17 00:00:00-05:00,26.984593097251494,27.24847251642696,26.85265338766376,26.932964324951172,5700,0.0,0.0
2011-11-18 00:00:00-05:00,27.076370679141963,27.196837055446064,27.0419507766372,27.070632934570312,3700,0.0,0.0
2011-11-21 00:00:00-05:00,26.33636747723276,26.33636747723276,26.078223597964666,26.279003143310547,8000,0.0,0.0
2011-11-22 00:00:00-05:00,25.986430682050027,25.99216842651367,25.986430682050027,25.992168426513672,1200,0.0,0.0
2011-11-23 00:00:00-05:00,25.7971386212533,25.7971386212533,25.177593231201172,25.177593231201172,10500,0.0,0.0
2011-11-25 00:00:00-05:00,24.89650178851325,25.00549489872903,24.179436670045803,24.431842803955078,9000,0.0,0.0
2011-11-28 00:00:00-05:00,25.428696608531705,25.44598257814202,24.483692169189453,24.483692169189453,5900,0.19,0.0
2011-11-29 00:00:00-05:00,24.789107464758942,25.84935760498047,24.71996133769025,25.84935760498047,8900,0.0,0.0
2011-11-30 00:00:00-05:00,26.90959916847354,26.90959916847354,26.177796112716006,26.754018783569336,5200,0.0,0.0
2011-12-01 00:00:00-05:00,27.082469276026487,27.082469276026487,26.512007785807516,26.59844207763672,4100,0.0,0.0
2011-12-02 00:00:00-05:00,26.74824980143739,26.909593610671234,26.633007049560547,26.633007049560547,2000,0.0,0.0
2011-12-05 00:00:00-05:00,27.088219243349485,27.209227641085338,27.001787185668945,27.001787185668945,4200,0.0,0.0
2011-12-06 00:00:00-05:00,26.782829234851274,27.203471516989612,26.782829234851274,27.076704025268555,3100,0.0,0.0
2011-12-07 00:00:00-05:00,26.621474114930884,27.13431167602539,26.621474114930884,27.13431167602539,3900,0.0,0.0
2011-12-08 00:00:00-05:00,26.771311457974427,26.78283617804857,26.385243227010942,26.592683792114258,7000,0.0,0.0
2011-12-09 00:00:00-05:00,26.8173931994738,26.961448811162274,26.794343774056237,26.91534996032715,2600,0.0,0.0
2011-12-12 00:00:00-05:00,26.60995308134687,27.0075457829836,26.48894689364624,26.748245239257812,4900,0.0,0.0
2011-12-13 00:00:00-05:00,26.506247066435805,26.78859718714035,25.832067489624023,25.832067489624023,11000,0.0,0.0
2011-12-14 00:00:00-05:00,25.618849016060636,25.624612471373347,24.437593460083008,24.437593460083008,8300,0.0,0.0
2011-12-15 00:00:00-05:00,25.00229811223173,25.00229811223173,24.524034500122067,24.52403450012207,3600,0.0,0.0
2011-12-16 00:00:00-05:00,24.742994516194845,24.835190032583316,24.345401763916012,24.345401763916016,6800,0.0,0.0
2011-12-19 00:00:00-05:00,24.668094736415778,24.668094736415778,24.391508102416992,24.391508102416992,6300,0.0,0.0
2011-12-20 00:00:00-05:00,24.840957183727017,24.840957183727017,24.575895309448242,24.575895309448242,3900,0.0,0.0
2011-12-21 00:00:00-05:00,24.61047004094101,24.61047004094101,24.2532125961823,24.489463806152344,6700,0.0,0.0
2011-12-22 00:00:00-05:00,24.3454117378645,25.290416717529297,24.3454117378645,25.290416717529297,10500,0.0,0.0
2011-12-23 00:00:00-05:00,25.44022691412094,26.10288153953544,25.353792650838145,25.803245544433594,11200,0.0,0.0
2011-12-27 00:00:00-05:00,26.04526329040527,26.04526329040527,26.04526329040527,26.045263290405273,700,0.0,0.0
2011-12-28 00:00:00-05:00,26.120490368500132,26.22464846112849,25.84852177026008,25.94110870361328,14900,0.19,0.0
2011-12-29 00:00:00-05:00,25.825378203292374,26.045265555989356,25.541836227854382,25.76751136779785,27000,0.0,0.0
2011-12-30 00:00:00-05:00,25.99318684521019,26.004760212459352,25.7327938079834,25.7327938079834,1600,0.0,0.0
2012-01-03 00:00:00-05:00,26.328794696606725,26.78593254089356,26.328794696606725,26.785932540893555,3800,0.0,0.0
2012-01-04 00:00:00-05:00,26.623920207319717,27.341453503316203,26.56027000046478,27.26622772216797,4500,0.0,0.0
2012-01-05 00:00:00-05:00,27.121564865112305,27.121564865112305,27.121564865112305,27.121564865112305,2900,0.0,0.0
2012-01-06 00:00:00-05:00,26.317238957675666,26.317238957675666,25.86588859558105,25.865888595581055,5700,0.0,0.0
2012-01-09 00:00:00-05:00,26.05683267966442,26.473464965820312,26.01632700822077,26.473464965820312,3800,0.0,0.0
2012-01-10 00:00:00-05:00,26.739639705816863,26.739639705816863,26.531323609617036,26.583402633666992,5600,0.0,0.0
2012-01-11 00:00:00-05:00,26.079986133443636,26.085773920795795,25.848523202027728,25.854310989379883,1700,0.0,0.0
2012-01-12 00:00:00-05:00,25.96424959881551,25.96424959881551,25.51289939880371,25.51289939880371,7000,0.0,0.0
2012-01-13 00:00:00-05:00,25.339289577024218,25.38558080469463,25.292996141961325,25.362436294555664,9200,0.0,0.0
2012-01-17 00:00:00-05:00,26.160988982833047,26.35773174828619,25.900593821587208,25.906381607055664,3700,0.0,0.0
2012-01-18 00:00:00-05:00,25.91216942255293,26.14941787719727,25.900596058010088,26.149417877197266,4200,0.0,0.0
2012-01-19 00:00:00-05:00,26.027898273234232,26.027898273234232,25.790649842174034,25.802223205566406,2300,0.0,0.0
2012-01-20 00:00:00-05:00,25.368233231417438,25.593908309936523,25.316154197344304,25.593908309936523,1500,0.0,0.0
2012-01-23 00:00:00-05:00,25.83694891544324,25.894813537597656,25.738576408908127,25.894813537597656,4500,0.0,0.0
2012-01-24 00:00:00-05:00,25.744366611438284,25.744366611438284,25.599702835083008,25.599702835083008,1300,0.0,0.0
2012-01-25 00:00:00-05:00,25.755943224896395,25.998979568481445,25.750157643870462,25.998979568481445,2400,0.0,0.0
2012-01-26 00:00:00-05:00,26.27672765107437,26.39824469067369,26.062625885009766,26.062625885009766,2300,0.0,0.0
2012-01-27 00:00:00-05:00,26.306692188592404,26.329936981201175,26.306692188592404,26.329936981201172,500,0.19,0.0
2012-01-30 00:00:00-05:00,26.40548636102974,26.696039696846842,26.40548636102974,26.637929916381836,5700,0.0,0.0
2012-01-31 00:00:00-05:00,26.539124283874003,26.678590774536133,26.52750410833477,26.678590774536133,1400,0.0,0.0
2012-02-01 00:00:00-05:00,26.742505713557247,26.742505713557247,26.236943975719583,26.26599884033203,5800,0.0,0.0
2012-02-02 00:00:00-05:00,26.32992492430923,26.32992492430923,26.045181887103727,26.138158798217773,1100,0.0,0.0
2012-02-03 00:00:00-05:00,26.527510033736426,26.74251879715302,26.527510033736426,26.6495418548584,6500,0.0,0.0
2012-02-06 00:00:00-05:00,26.562373126481376,26.562373126481376,26.417096525855143,26.550750732421875,3400,0.0,0.0
2012-02-07 00:00:00-05:00,26.405458838113077,27.358474648313166,26.39964875282095,27.335229873657227,6400,0.0,0.0
2012-02-08 00:00:00-05:00,27.32941410064659,27.32941410064659,27.05048349043207,27.25387191772461,6400,0.0,0.0
2012-02-09 00:00:00-05:00,27.096992235853975,27.096992235853975,26.88779357576067,26.899415969848633,2100,0.0,0.0
2012-02-10 00:00:00-05:00,26.45777171709707,26.81224694944235,26.4461493239511,26.70183753967285,3700,0.0,0.0
2012-02-13 00:00:00-05:00,26.556556625876127,26.852919844230417,26.510067060862802,26.835487365722656,4300,0.0,0.0
2012-02-14 00:00:00-05:00,26.94008905906221,26.94008905906221,26.39384770544226,26.678590774536133,1800,0.0,0.0
2012-02-15 00:00:00-05:00,26.68440099122331,26.94008918921505,26.68440099122331,26.928466796875,1100,0.0,0.0
2012-02-16 00:00:00-05:00,27.13184976824149,27.893099746860887,27.13184976824149,27.88147735595703,2200,0.0,0.0
2012-02-17 00:00:00-05:00,28.294075383243673,28.480029290480072,28.195288339850464,28.31151008605957,13100,0.0,0.0
2012-02-21 00:00:00-05:00,28.450976826378184,28.607875864584702,28.381244659423828,28.381244659423828,20700,0.0,0.0
2012-02-22 00:00:00-05:00,28.596236048945023,28.735702514648438,28.596236048945023,28.735702514648438,2400,0.0,0.0
2012-02-23 00:00:00-05:00,28.7066640210358,28.7066640210358,28.404488353612255,28.445165634155273,2800,0.0,0.0
2012-02-24 00:00:00-05:00,28.398677083663898,28.462599160206892,28.35799980163574,28.357999801635742,3600,0.0,0.0
2012-02-27 00:00:00-05:00,28.007964264210525,28.398828506469723,28.007964264210525,28.398828506469727,1700,0.19,0.0
2012-02-28 00:00:00-05:00,28.282152723458204,28.521337509155273,28.282152723458204,28.521337509155273,700,0.0,0.0
2012-02-29 00:00:00-05:00,28.795528851737384,28.795528851737384,28.6613522234461,28.70218849182129,9500,0.0,0.0
2012-03-01 00:00:00-05:00,28.737201114475113,28.748868942260742,28.713867684314447,28.748868942260742,2800,0.0,0.0
2012-03-02 00:00:00-05:00,28.684695361882124,28.684695361882124,28.4921817779541,28.4921817779541,500,0.0,0.0
2012-03-05 00:00:00-05:00,28.480496868209187,28.533000946044925,28.451328430613586,28.533000946044922,3900,0.0,0.0
2012-03-06 00:00:00-05:00,27.89712900675066,27.89712900675066,27.46543063782464,27.564603805541992,6000,0.0,0.0
2012-03-07 00:00:00-05:00,28.01962633233069,28.10713386535645,28.01962633233069,28.107133865356445,2400,0.0,0.0
2012-03-08 00:00:00-05:00,28.53300463475181,28.538837432861328,28.53300463475181,28.538837432861328,400,0.0,0.0
2012-03-09 00:00:00-05:00,28.68468838567787,28.68468838567787,28.474674224853516,28.474674224853516,6200,0.0,0.0
2012-03-12 00:00:00-04:00,28.46299964457735,28.46299964457735,28.375492095947266,28.375492095947266,1300,0.0,0.0
2012-03-13 00:00:00-04:00,28.53300160044889,28.91219797411599,28.53300160044889,28.81302261352539,4600,0.0,0.0
2012-03-14 00:00:00-04:00,28.7780239057647,28.88302984765955,28.69051635787471,28.754688262939453,6400,0.0,0.0
2012-03-15 00:00:00-04:00,28.72552503372378,28.894702911376953,28.72552503372378,28.894702911376953,2300,0.0,0.0
2012-03-16 00:00:00-04:00,28.579670834365547,28.87719244400257,28.556335195262125,28.731348037719727,4500,0.0,0.0
2012-03-19 00:00:00-04:00,28.620513952577607,28.93553625437217,28.60884613022824,28.912202835083008,3000,0.0,0.0
2012-03-20 00:00:00-04:00,28.533005901861596,28.550506522376764,28.334657376188122,28.50967025756836,2500,0.0,0.0
2012-03-21 00:00:00-04:00,28.527175005251216,28.538840602765994,28.42216682434082,28.42216682434082,2200,0.0,0.0
2012-03-22 00:00:00-04:00,27.99629437045797,27.99629437045797,27.69877052307129,27.69877052307129,4600,0.0,0.0
2012-03-23 00:00:00-04:00,27.838782570245606,27.91462006354101,27.83294754743263,27.85628318786621,4600,0.0,0.0
2012-03-26 00:00:00-04:00,28.258810087683546,28.276312928927453,28.101297868941984,28.212141036987305,3300,0.0,0.0
2012-03-27 00:00:00-04:00,28.107143153512315,28.28799107633684,27.885458961890276,28.23548698425293,3400,0.0,0.0
2012-03-28 00:00:00-04:00,28.499036951839198,28.499036951839198,27.983640670776367,27.983640670776367,2300,0.19,0.0
2012-03-29 00:00:00-04:00,27.901655471877508,27.901655471877508,26.88257861338264,27.081708908081055,10000,0.0,0.0
2012-03-30 00:00:00-04:00,26.993852771184223,27.192983038720627,26.97042515519631,27.11098861694336,2200,0.0,0.0
2012-04-02 00:00:00-04:00,27.36283080150198,27.427255630493164,27.36283080150198,27.427255630493164,2100,0.0,0.0
2012-04-03 00:00:00-04:00,26.964563453044352,27.1168384552002,26.964563453044352,27.116838455200195,1400,0.0,0.0
2012-04-04 00:00:00-04:00,26.94113731472724,26.94113731472724,26.73029327392578,26.73029327392578,900,0.0,0.0
2012-04-05 00:00:00-04:00,27.15782067000267,27.59707807719869,27.15782067000267,27.479942321777344,1500,0.0,0.0
2012-04-09 00:00:00-04:00,26.99384624384905,27.040699230315006,26.99384624384905,27.03484344482422,3200,0.0,0.0
2012-04-10 00:00:00-04:00,26.89427792738607,27.01141373571937,26.870852553063184,26.917705535888672,6600,0.0,0.0
2012-04-11 00:00:00-04:00,27.099254347590627,29.22526085836806,27.099254347590627,27.468231201171875,4500,0.0,0.0
2012-04-12 00:00:00-04:00,27.69665896043771,27.69665896043771,27.643947954213225,27.667375564575195,1900,0.0,0.0
2012-04-13 00:00:00-04:00,27.210546053886365,27.210546053886365,27.03484344482422,27.03484344482422,1600,0.0,0.0
2012-04-16 00:00:00-04:00,27.058285650425038,27.058285650425038,26.923580169677734,26.923580169677734,1600,0.0,0.0
2012-04-17 00:00:00-04:00,27.403820942503476,27.421390533447266,27.403820942503476,27.421390533447266,3300,0.0,0.0
2012-04-18 00:00:00-04:00,26.560457583675383,26.706876869658558,24.370026316508458,26.671737670898438,2800,0.0,0.0
2012-04-19 00:00:00-04:00,27.029002564177738,27.029002564177738,26.771303176879886,26.771303176879883,2200,0.0,0.0
2012-04-20 00:00:00-04:00,26.81814868318098,26.8650016784668,26.81814868318098,26.865001678466797,5000,0.0,0.0
2012-04-23 00:00:00-04:00,26.85913806796203,26.85913806796203,26.44330808139039,26.74785804748535,3000,0.0,0.0
2012-04-24 00:00:00-04:00,26.94112892219109,26.94112892219109,26.736142965367904,26.829851150512695,8600,0.0,0.0
2012-04-25 00:00:00-04:00,27.128554412350994,27.42725088891184,27.128554412350994,27.38625144958496,2200,0.0,0.0
2012-04-26 00:00:00-04:00,27.72143745422363,27.72143745422363,27.71555777987873,27.721437454223633,2700,0.19,0.0
2012-04-27 00:00:00-04:00,27.803788671122028,28.45654296875,27.803788671122028,28.45654296875,3300,0.0,0.0
2012-04-30 00:00:00-04:00,28.344797208843254,28.632948450782504,28.327153693717896,28.40948486328125,5700,0.0,0.0
2012-05-01 00:00:00-04:00,28.656485199604365,28.874069213867188,28.656485199604365,28.874069213867188,2500,0.0,0.0
2012-05-02 00:00:00-04:00,28.462406863538916,28.574138641357422,28.421242406274484,28.574138641357422,2500,0.0,0.0
2012-05-03 00:00:00-04:00,28.403599202026182,28.403599202026182,28.003713975720665,28.115447998046875,1700,0.0,0.0
2012-05-04 00:00:00-04:00,27.586196178125494,27.6214809715586,27.303924560546875,27.303924560546875,3400,0.0,0.0
2012-05-07 00:00:00-04:00,27.774360459842946,27.79200172424316,27.774360459842946,27.792001724243164,3600,0.0,0.0
2012-05-08 00:00:00-04:00,27.16866493225098,27.16866493225098,27.16866493225098,27.168664932250977,900,0.0,0.0
2012-05-09 00:00:00-04:00,26.86287036620792,27.14514193785396,26.792303034120167,27.0451717376709,3800,0.0,0.0
2012-05-10 00:00:00-04:00,27.233357247034824,27.315686188507534,26.986368179321293,26.98636817932129,4000,0.0,0.0
2012-05-11 00:00:00-04:00,26.98637964340825,27.256889778389848,26.280699177254906,26.815839767456055,4500,0.0,0.0
2012-05-14 00:00:00-04:00,26.551203442470026,26.551203442470026,26.280691146850586,26.280691146850586,3000,0.0,0.0
2012-05-15 00:00:00-04:00,25.90432274473689,25.90432274473689,25.239807128906254,25.23980712890625,3700,0.0,0.0
2012-05-16 00:00:00-04:00,25.52796233777616,26.251283740680122,24.12248400051027,24.140125274658203,12400,0.0,0.0
2012-05-17 00:00:00-04:00,24.875206075231358,25.151597976684567,24.875206075231358,25.15159797668457,5600,0.0,0.0
2012-05-18 00:00:00-04:00,25.29273352751188,25.357421186987857,24.610576629638672,24.610576629638672,6800,0.0,0.0
2012-05-21 00:00:00-04:00,25.139842987060547,25.139842987060547,25.139842987060547,25.139842987060547,1600,0.0,0.0
2012-05-22 00:00:00-04:00,24.728190494023032,25.26921272277832,24.728190494023032,25.26921272277832,2900,0.0,0.0
2012-05-23 00:00:00-04:00,24.72819328308105,24.72819328308105,24.72819328308105,24.728193283081055,3500,0.0,0.0
2012-05-24 00:00:00-04:00,24.80464290456379,24.81640450269481,24.575297349247606,24.628223419189453,4200,0.0,0.0
2012-05-25 00:00:00-04:00,24.557649022166178,24.82816123962402,24.557649022166178,24.828161239624023,5400,0.0,0.0
2012-05-29 00:00:00-04:00,25.023103816478432,25.283021926879883,25.023103816478432,25.283021926879883,1100,0.19,0.0
2012-05-30 00:00:00-04:00,25.034914676604416,25.034914676604416,24.77499435332744,24.780902862548828,2300,0.0,0.0
2012-05-31 00:00:00-04:00,24.78089555431726,24.845875615972982,24.515069053650848,24.81633758544922,24200,0.0,0.0
2012-06-01 00:00:00-04:00,24.219726569781578,24.47964477539063,24.190190768554647,24.479644775390625,5500,0.0,0.0
2012-06-04 00:00:00-04:00,24.326043156347765,24.326043156347765,23.953885966985382,24.266971588134766,4000,0.0,0.0
2012-06-05 00:00:00-04:00,24.266974053781077,24.61549949645996,24.266974053781077,24.61549949645996,2700,0.0,0.0
2012-06-06 00:00:00-04:00,24.863605077032343,25.436608811609876,24.863605077032343,25.430700302124023,3400,0.0,0.0
2012-06-07 00:00:00-04:00,25.613826393760142,25.613826393760142,25.247577667236328,25.247577667236328,4000,0.0,0.0
2012-06-08 00:00:00-04:00,25.20622062683105,25.20622062683105,25.20622062683105,25.206220626831055,800,0.0,0.0
2012-06-11 00:00:00-04:00,25.1589773661607,25.1589773661607,25.01720237731934,25.017202377319336,2800,0.0,0.0
2012-06-12 00:00:00-04:00,24.999475653806908,25.141250610351562,22.59522567707065,25.141250610351562,2400,0.0,0.0
2012-06-13 00:00:00-04:00,24.75137590054094,25.005387805151003,24.74546738921318,24.999479293823242,2000,0.0,0.0
2012-06-14 00:00:00-04:00,24.857701852069976,25.040825106610953,24.491450836115245,24.609596252441406,3500,0.0,0.0
2012-06-15 00:00:00-04:00,24.828162458710963,24.87542152404785,24.69820453590705,24.87542152404785,6200,0.0,0.0
2012-06-18 00:00:00-04:00,24.81634339984372,25.15896480396345,24.81634339984372,25.14715003967285,3600,0.0,0.0
2012-06-19 00:00:00-04:00,25.31255021095398,26.13956561774855,25.31255021095398,26.13365936279297,1500,0.0,0.0
2012-06-20 00:00:00-04:00,26.38767433166504,26.43493339480231,26.068684669233097,26.38767433166504,4800,0.0,0.0
2012-06-21 00:00:00-04:00,25.513396236515963,25.513396236515963,24.662753571282227,24.692289352416992,2500,0.0,0.0
2012-06-22 00:00:00-04:00,24.975842627054853,24.975842627054853,24.96402786120819,24.96993637084961,1700,0.0,0.0
2012-06-25 00:00:00-04:00,24.674571604826884,24.674571604826884,23.68806015943539,24.066125869750977,104900,0.0,0.0
2012-06-26 00:00:00-04:00,24.627308866802196,24.85178485582737,24.621402612049046,24.84587860107422,3800,0.0,0.0
2012-06-27 00:00:00-04:00,25.243466650655538,25.801266920385412,25.243466650655538,25.795333862304688,3500,0.19,0.0
2012-06-28 00:00:00-04:00,25.611389203721256,25.69446563720703,25.611389203721256,25.69446563720703,1700,0.0,0.0
2012-06-29 00:00:00-04:00,26.442157024228557,26.76852968449239,26.394683484870864,26.70325469970703,5100,0.0,0.0
2012-07-02 00:00:00-04:00,26.70325469970703,26.70325469970703,26.70325469970703,26.70325469970703,0,0.0,0.0
2012-07-03 00:00:00-04:00,27.02368787524323,27.450938309580685,27.02368787524323,27.237314224243164,7400,0.0,0.0
2012-07-05 00:00:00-04:00,26.768519074107957,27.065221786499023,26.768519074107957,27.065221786499023,2000,0.0,0.0
2012-07-06 00:00:00-04:00,26.192913738952463,26.572692829071233,26.192913738952463,26.53115463256836,1700,0.0,0.0
2012-07-09 00:00:00-04:00,26.964346373014802,26.964346373014802,26.637973785400387,26.63797378540039,3900,0.0,0.0
2012-07-10 00:00:00-04:00,26.175104953931736,26.347193013229635,26.11576307296972,26.264114379882812,14800,0.0,0.0
2012-07-11 00:00:00-04:00,26.57270473013632,26.70325469970703,26.57270473013632,26.70325469970703,1100,0.0,0.0
2012-07-12 00:00:00-04:00,26.175109289134202,26.483680330259276,26.175109289134202,26.436206817626953,1300,0.0,0.0
2012-07-13 00:00:00-04:00,26.643915176391598,26.643915176391598,26.643915176391598,26.6439151763916,300,0.0,0.0
2012-07-16 00:00:00-04:00,26.293796256325482,26.744783401489258,26.293796256325482,26.744783401489258,5000,0.0,0.0
2012-07-17 00:00:00-04:00,27.106759372463276,27.326318740844727,27.106759372463276,27.326318740844727,700,0.0,0.0
2012-07-18 00:00:00-04:00,27.444996455520972,27.444996455520972,27.16016216935172,27.18389892578125,4500,0.0,0.0
2012-07-19 00:00:00-04:00,27.427197110868242,27.682361602783203,27.427197110868242,27.682361602783203,1900,0.0,0.0
2012-07-20 00:00:00-04:00,27.445008586392095,27.445008586392095,27.249183654785156,27.249183654785156,500,0.0,0.0
2012-07-23 00:00:00-04:00,26.91094425708455,27.373802185058597,26.91094425708455,27.373802185058594,2800,0.0,0.0
2012-07-24 00:00:00-04:00,27.39160348847412,27.39160348847412,26.821934633229368,26.851604461669922,3900,0.0,0.0
2012-07-25 00:00:00-04:00,26.726985115779417,27.237314224243164,26.726985115779417,27.237314224243164,9900,0.0,0.0
2012-07-26 00:00:00-04:00,27.62302156989568,27.854449319177533,27.62302156989568,27.640825271606445,3200,0.0,0.0
2012-07-27 00:00:00-04:00,28.314107820410833,28.314107820410833,27.986398696899414,27.986398696899414,5000,0.19,0.0
2012-07-30 00:00:00-04:00,28.32008185909633,28.43924950319049,28.212831206704966,28.40945816040039,4100,0.0,0.0
2012-07-31 00:00:00-04:00,27.88512300903762,27.88512300903762,27.879165649414062,27.879165649414062,500,0.0,0.0
2012-08-01 00:00:00-04:00,27.765956088072528,27.91491508483887,27.765956088072528,27.914915084838867,3000,0.0,0.0
2012-08-02 00:00:00-04:00,27.611028821824913,27.920863685428664,27.36673625457063,27.479944229125977,1000,0.0,0.0
2012-08-03 00:00:00-04:00,27.89703461127353,27.89703461127353,27.742118288719887,27.837451934814453,3500,0.0,0.0
2012-08-06 00:00:00-04:00,27.885115876452282,28.004283494846796,27.70636558532715,27.70636558532715,3900,0.0,0.0
2012-08-07 00:00:00-04:00,28.05195345249523,28.326037403301406,28.01620248254656,28.30816078186035,11100,0.0,0.0
2012-08-08 00:00:00-04:00,28.218787261086064,28.45116288749256,28.218787261086064,28.3558292388916,1500,0.0,0.0
2012-08-09 00:00:00-04:00,28.075790460950596,28.075790460950596,25.454113538878207,27.891082763671875,1400,0.0,0.0
2012-08-10 00:00:00-04:00,27.700415312567344,27.88512300903762,27.700415312567344,27.879165649414062,3000,0.0,0.0
2012-08-13 00:00:00-04:00,27.944684620820315,27.944684620820315,27.527599334716797,27.527599334716797,5200,0.0,0.0
2012-08-14 00:00:00-04:00,27.40249939030346,27.700417398459717,27.40249939030346,27.670623779296875,2700,0.0,0.0
2012-08-15 00:00:00-04:00,27.622954353355457,28.15324797266321,27.622954353355457,27.902997970581055,4600,0.0,0.0
2012-08-16 00:00:00-04:00,27.80170377855094,28.30220603942871,27.789786787466515,28.30220603942871,3700,0.0,0.0
2012-08-17 00:00:00-04:00,28.123454069906984,28.445205991518506,28.123454069906984,28.326038360595703,5200,0.0,0.0
2012-08-20 00:00:00-04:00,28.35583865552625,28.427338347487794,28.26646233587365,28.343921661376953,2500,0.0,0.0
2012-08-21 00:00:00-04:00,28.695448169220533,28.772907449201085,28.391572952270508,28.391572952270508,2700,0.0,0.0
2012-08-22 00:00:00-04:00,28.260494653793376,28.355828299235167,28.153244018554684,28.153244018554688,3600,0.0,0.0
2012-08-23 00:00:00-04:00,27.950677139124053,28.212844259072984,27.950677139124053,28.111553192138672,3200,0.0,0.0
2012-08-24 00:00:00-04:00,28.18303077934486,28.486908287479217,28.18303077934486,28.445199966430664,2000,0.0,0.0
2012-08-27 00:00:00-04:00,28.117492816730664,28.13536943774493,27.742117869431684,27.9447021484375,7800,0.0,0.0
2012-08-28 00:00:00-04:00,27.9447073075944,28.063872680711842,27.908956331898885,28.040040969848633,2700,0.0,0.0
2012-08-29 00:00:00-04:00,28.099864283385564,28.183619100218397,27.94431766742665,28.016109466552734,8500,0.19,0.0
2012-08-30 00:00:00-04:00,27.87850599156771,27.87850599156771,27.28623856065641,27.316150665283203,5200,0.0,0.0
2012-08-31 00:00:00-04:00,26.82558880867292,27.130695972366215,26.771746099533203,27.106767654418945,30100,0.0,0.0
2012-09-04 00:00:00-04:00,27.214444554042213,27.25033816080153,26.843527215118534,27.232391357421875,5400,0.0,0.0
2012-09-05 00:00:00-04:00,26.88540880824876,26.939251508940167,26.753795092673197,26.92130470275879,4100,0.0,0.0
2012-09-06 00:00:00-04:00,27.28025253732561,27.92636489868164,27.28025253732561,27.92636489868164,2300,0.0,0.0
2012-09-07 00:00:00-04:00,27.447760048525595,27.82465658384551,27.447760048525595,27.63920021057129,4700,0.0,0.0
2012-09-10 00:00:00-04:00,27.429819255194566,28.183617117968065,27.429819255194566,28.0220890045166,12600,0.0,0.0
2012-09-11 00:00:00-04:00,28.034049242192562,28.04003074954532,27.788766362083006,27.800731658935547,6600,0.0,0.0
2012-09-12 00:00:00-04:00,27.980204975977447,28.20155724995011,27.92037849507477,27.998151779174805,5300,0.0,0.0
2012-09-13 00:00:00-04:00,27.986187499606356,28.823740005493168,27.986187499606356,28.823740005493164,6900,0.0,0.0
2012-09-14 00:00:00-04:00,28.925460493275356,28.961356406562725,28.799828219992264,28.883583068847656,3500,0.0,0.0
2012-09-17 00:00:00-04:00,28.84767191922262,28.84767191922262,28.45282624143556,28.53658103942871,4300,0.0,0.0
2012-09-18 00:00:00-04:00,28.3929772575872,28.41690783295087,27.95625452685402,27.962238311767578,3400,0.0,0.0
2012-09-19 00:00:00-04:00,28.022062468031468,28.04000925848158,27.6391823907939,27.962238311767578,8700,0.0,0.0
2012-09-20 00:00:00-04:00,27.86056071383706,28.530601479258756,27.86056071383706,28.381038665771484,20300,0.0,0.0
2012-09-21 00:00:00-04:00,28.387022679498703,28.47675899900814,28.321214675903317,28.32121467590332,2100,0.0,0.0
2012-09-24 00:00:00-04:00,28.339160260962,28.40496826171875,28.165669137868345,28.40496826171875,6500,0.0,0.0
2012-09-25 00:00:00-04:00,28.321210317945784,28.3571062095145,27.926364639278233,28.183612823486328,2300,0.0,0.0
2012-09-26 00:00:00-04:00,27.62500465436206,28.141582489013672,27.49285561056816,28.141582489013672,2700,0.19,0.0
2012-09-27 00:00:00-04:00,28.0514727311307,28.369829177856445,28.0514727311307,28.369829177856445,2500,0.0,0.0
2012-09-28 00:00:00-04:00,28.21364167147375,28.34578831444567,28.165586680292616,28.33377456665039,3300,0.0,0.0
2012-10-01 00:00:00-04:00,28.069478989318444,28.333774566650387,28.069478989318444,28.33377456665039,3400,0.0,0.0
2012-10-02 00:00:00-04:00,28.309752674558972,28.3998523564827,28.2857251761573,28.363813400268555,3000,0.0,0.0
2012-10-03 00:00:00-04:00,28.177600653204387,28.20763387723849,28.009412765502926,28.00941276550293,2200,0.0,0.0
2012-10-04 00:00:00-04:00,28.261697141946435,28.369818591315745,28.18961693949634,28.285724639892578,5100,0.0,0.0
2012-10-05 00:00:00-04:00,28.195625246218984,28.213647017020484,27.973376598367764,27.997404098510742,3200,0.0,0.0
2012-10-08 00:00:00-04:00,28.411873172555197,28.411873172555197,27.78116607666016,27.781166076660156,600,0.0,0.0
2012-10-09 00:00:00-04:00,28.237661439904475,28.237661439904475,27.89527771350637,27.979373931884766,9800,0.0,0.0
2012-10-10 00:00:00-04:00,27.961360654443222,27.961360654443222,27.558910369873047,27.558910369873047,2900,0.0,0.0
2012-10-11 00:00:00-04:00,28.06347654441273,28.363813400268555,27.9673688421944,28.363813400268555,4300,0.0,0.0
2012-10-12 00:00:00-04:00,28.345799498992108,28.345799498992108,28.231672286987305,28.231672286987305,2600,0.0,0.0
2012-10-15 00:00:00-04:00,28.261698835297807,28.562035703454825,28.261698835297807,28.417875289916992,6900,0.0,0.0
2012-10-16 00:00:00-04:00,28.86236892696748,28.97049036916187,28.856363198573646,28.92243766784668,6600,0.0,0.0
2012-10-17 00:00:00-04:00,29.156697526088735,29.517100774875395,29.150689506822438,29.51109504699707,6200,0.0,0.0
2012-10-18 00:00:00-04:00,29.402986156270295,29.493085861206055,29.384964382171983,29.493085861206055,2000,0.0,0.0
2012-10-19 00:00:00-04:00,29.084611957079286,29.114647467447778,28.706189273423774,28.790283203125,5800,0.0,0.0
2012-10-22 00:00:00-04:00,28.387843219193787,28.592072406010523,28.387843219193787,28.507978439331055,2800,0.0,0.0
2012-10-23 00:00:00-04:00,28.38184394714957,28.700200405269857,28.37583821590113,28.45392417907715,4600,0.0,0.0
2012-10-24 00:00:00-04:00,28.658158426962302,29.01255620875347,28.5320174261696,28.98252296447754,2500,0.0,0.0
2012-10-25 00:00:00-04:00,29.012542773296033,29.012542773296033,28.682172656473018,28.71220588684082,10200,0.0,0.0
2012-10-26 00:00:00-04:00,28.95343074831939,29.128321848469756,28.766480255532837,28.838848114013672,4500,0.19,0.0
2012-10-31 00:00:00-04:00,28.66325186113287,29.020483016967773,28.60270514714421,29.020483016967773,3100,0.19,0.0
2012-11-01 00:00:00-04:00,28.723806033602987,28.947834014892578,28.723806033602987,28.947834014892578,2200,0.0,0.0
2012-11-02 00:00:00-04:00,28.608772211417957,28.69959463438589,28.578498840332035,28.57849884033203,3200,0.0,0.0
2012-11-05 00:00:00-05:00,28.481616852776778,28.699588775634766,28.360521083443487,28.699588775634766,1200,0.0,0.0
2012-11-06 00:00:00-05:00,28.80252468688987,28.820688247680664,28.566389157768914,28.820688247680664,4800,0.0,0.0
2012-11-07 00:00:00-05:00,28.487672910618123,28.72380840961499,28.427126175899396,28.46345329284668,5000,0.0,0.0
2012-11-08 00:00:00-05:00,28.396852409827176,28.60271453857422,28.130441237501678,28.60271453857422,3700,0.0,0.0
2012-11-09 00:00:00-05:00,28.427132010062515,28.59666474983643,28.215213775634766,28.215213775634766,5400,0.0,0.0
2012-11-12 00:00:00-05:00,28.324197438029625,28.760141372680668,28.324197438029625,28.760141372680664,5800,0.0,0.0
2012-11-13 00:00:00-05:00,28.54822537426248,28.772251091205142,28.54216931423935,28.64510154724121,5500,0.0,0.0
2012-11-14 00:00:00-05:00,28.929660716445785,29.202125549567988,28.929660716445785,29.050756454467773,3700,0.0,0.0
2012-11-15 00:00:00-05:00,28.857017453847764,28.881237074519984,28.481622572268947,28.64510154724121,6700,0.0,0.0
2012-11-16 00:00:00-05:00,28.626943041130676,29.299022674560543,28.60877947580903,29.299022674560547,13900,0.0,0.0
2012-11-19 00:00:00-05:00,29.268743077119623,30.2617244720459,29.268743077119623,30.2617244720459,7700,0.0,0.0
2012-11-20 00:00:00-05:00,30.04981437928723,30.15274432713499,29.686526911664696,29.759185791015625,4800,0.0,0.0
2012-11-21 00:00:00-05:00,29.753114591948837,30.086126202225618,29.680458059274336,30.067962646484375,2800,0.0,0.0
2012-11-23 00:00:00-05:00,29.80760965182349,29.880266189575195,29.765226478992524,29.880266189575195,2900,0.0,0.0
2012-11-26 00:00:00-05:00,30.037691382698526,30.134567536270694,29.880266189575195,29.880266189575195,2000,0.0,0.0
2012-11-27 00:00:00-05:00,30.086131879390248,30.128515057257083,29.84394262153834,29.940818786621094,5100,0.0,0.0
2012-11-28 00:00:00-05:00,29.600441347360174,30.390596389770508,29.57612831377992,30.390596389770508,6500,0.19,0.0
2012-11-29 00:00:00-05:00,30.700597200766396,30.76745692245445,30.439240053852846,30.481786727905273,6000,0.0,0.0
2012-11-30 00:00:00-05:00,30.615481191168826,30.76135705038585,30.5850910634289,30.755277633666992,31900,0.0,0.0
2012-12-03 00:00:00-05:00,30.961954960584993,31.156454693715208,30.694518407185875,30.998424530029297,12800,0.0,0.0
2012-12-04 00:00:00-05:00,31.113894082216728,31.308393728206315,31.10781698267522,31.15644073486328,7300,0.0,0.0
2012-12-05 00:00:00-05:00,31.132129755151144,31.15644047173052,30.882926940917965,30.88292694091797,2800,0.0,0.0
2012-12-06 00:00:00-05:00,30.86471111633192,30.86471111633192,30.66413424180102,30.72491455078125,7900,0.0,0.0
2012-12-07 00:00:00-05:00,30.548630526395783,30.5729435632038,30.463537216186523,30.463537216186523,5700,0.0,0.0
2012-12-10 00:00:00-05:00,30.670188033943745,30.943703853705582,30.639797902552075,30.80390739440918,10000,0.0,0.0
2012-12-11 00:00:00-05:00,30.724890967580986,31.04703285004943,30.724890967580986,30.955860137939453,9700,0.0,0.0
2012-12-12 00:00:00-05:00,31.05312022606523,31.53329234067286,31.028807185640225,31.442119598388672,6100,0.0,0.0
2012-12-13 00:00:00-05:00,31.429965897089083,31.600154876708984,31.320559523983206,31.600154876708984,11300,0.0,0.0
2012-12-14 00:00:00-05:00,31.47858144224498,31.806800451664188,31.448191308473255,31.691314697265625,16100,0.0,0.0
2012-12-17 00:00:00-05:00,31.618382637424148,31.84935186211788,31.54544584174889,31.703475952148438,12900,0.0,0.0
2012-12-18 00:00:00-05:00,31.691322116793117,32.04993134394113,31.515056053583947,31.618385314941406,13900,0.0,0.0
2012-12-19 00:00:00-05:00,31.502908517152115,31.782501582252742,31.472516051216274,31.752111434936523,12300,0.0,0.0
2012-12-20 00:00:00-05:00,31.800715360814436,31.91619877599335,31.727778589049763,31.83718490600586,18800,0.0,0.0
2012-12-21 00:00:00-05:00,31.375242517962832,31.502884750184222,31.284072144796543,31.369165420532227,15100,0.0,0.0
2012-12-24 00:00:00-05:00,31.31448862427148,31.357035297947704,30.949799868821206,31.199005126953125,6400,0.0,0.0
2012-12-26 00:00:00-05:00,30.98625820416378,32.1471791334155,30.14747692125668,31.150367736816406,16500,0.0,0.0
2012-12-27 00:00:00-05:00,31.339488656429335,31.339488656429335,30.96734328741976,31.168668746948242,52400,0.19,0.0
2012-12-28 00:00:00-05:00,31.168678220474547,31.55302546087369,31.168678220474547,31.4005069732666,23100,0.0,0.0
2012-12-31 00:00:00-05:00,31.44320007100509,31.894653320312504,31.418796563678598,31.8946533203125,10900,0.0,0.0
2013-01-02 00:00:00-05:00,32.30340103681193,32.49862442349031,32.24239227394597,32.340003967285156,8400,0.0,0.0
2013-01-03 00:00:00-05:00,32.12038364390061,32.12038364390061,31.86415146052322,32.083778381347656,4600,0.0,0.0
2013-01-04 00:00:00-05:00,32.175294768711304,32.175294768711304,31.943466062038645,32.12038803100586,4700,0.0,0.0
2013-01-07 00:00:00-05:00,32.06548129330041,32.12038803100586,32.041077781598666,32.12038803100586,4700,0.0,0.0
2013-01-08 00:00:00-05:00,32.15090522469251,32.407135227136855,32.01668817927043,32.22411346435547,2900,0.0,0.0
2013-01-09 00:00:00-05:00,32.34611566505956,32.45592914375992,32.34001362332785,32.38882064819336,3700,0.0,0.0
2013-01-10 00:00:00-05:00,32.39491587049624,32.52913284301758,32.02277283011322,32.52913284301758,10900,0.0,0.0
2013-01-11 00:00:00-05:00,32.30952346517025,32.43763846639242,32.1875081809,32.22411346435547,6300,0.0,0.0
2013-01-14 00:00:00-05:00,32.51693391281338,32.51693391281338,32.21189700494975,32.26680374145508,4700,0.0,0.0
2013-01-15 00:00:00-05:00,32.21798261844014,32.37660070566134,32.08986541375663,32.36439895629883,8500,0.0,0.0
2013-01-16 00:00:00-05:00,32.071578544568695,32.071578544568695,31.284582806979333,31.38219451904297,65800,0.0,0.0
2013-01-17 00:00:00-05:00,31.644539091766404,31.644539091766404,31.113775340527937,31.45541763305664,135500,0.0,0.0
2013-01-18 00:00:00-05:00,31.44929594141702,31.54690763154926,31.11375590204035,31.418792724609375,12500,0.0,0.0
2013-01-22 00:00:00-05:00,31.485928731795127,31.485928731795127,31.11988282826418,31.27850341796875,28500,0.0,0.0
2013-01-23 00:00:00-05:00,31.04054927043438,31.504204239965862,30.99174225930139,31.492002487182617,3200,0.0,0.0
2013-01-24 00:00:00-05:00,31.418786781976895,31.437088243150644,31.0710450562007,31.125951766967773,27400,0.0,0.0
2013-01-25 00:00:00-05:00,31.016141072168285,31.095451289636674,30.772110707917562,30.85752296447754,3400,0.0,0.0
2013-01-28 00:00:00-05:00,31.125963764139346,31.437100360246507,31.0466535230741,31.406597137451172,5000,0.0,0.0
2013-01-29 00:00:00-05:00,31.63319478567372,31.657691127281495,31.081986213854677,31.24734878540039,4200,0.2,0.0
2013-01-30 00:00:00-05:00,31.26574479006885,31.498477730190412,31.210623892048595,31.424983978271484,5900,0.0,0.0
2013-01-31 00:00:00-05:00,31.578079666240672,31.767938613891605,31.418840567082473,31.7679386138916,6900,0.0,0.0
2013-02-01 00:00:00-05:00,31.663813977935096,31.774055681899306,31.369836879471297,31.65768814086914,2200,0.0,0.0
2013-02-04 00:00:00-05:00,31.45558798492622,31.62707408565009,31.228981018066406,31.228981018066406,5200,0.0,0.0
2013-02-05 00:00:00-05:00,31.16160596462231,31.406585736653096,31.081986428959098,31.36371421813965,6000,0.0,0.0
2013-02-06 00:00:00-05:00,31.449469494399374,31.49846686966743,31.173867435648628,31.296356201171875,3200,0.0,0.0
2013-02-07 00:00:00-05:00,31.198356447673696,31.418839911865216,31.100364056513342,31.271852493286133,22200,0.0,0.0
2013-02-08 00:00:00-05:00,31.155491263322983,31.302481048140304,31.075874035523494,31.290231704711914,11800,0.0,0.0
2013-02-11 00:00:00-05:00,31.228969418087864,31.26571509098074,31.124851226806644,31.12485122680664,2500,0.0,0.0
2013-02-12 00:00:00-05:00,31.192228227542827,31.296344105261912,31.045238494873047,31.045238494873047,2900,0.0,0.0
2013-02-13 00:00:00-05:00,31.259599716077815,31.547451019287106,31.143232158144837,31.54745101928711,3800,0.0,0.0
2013-02-14 00:00:00-05:00,31.529093101992107,31.529093101992107,31.16774559020996,31.16774559020996,2300,0.0,0.0
2013-02-15 00:00:00-05:00,30.92888400051448,31.07587378414276,30.879886627197266,30.879886627197266,6600,0.0,0.0
2013-02-19 00:00:00-05:00,30.84313918423311,31.627078422259785,30.837013344754215,31.565834045410156,5700,0.0,0.0
2013-02-20 00:00:00-05:00,31.65770056977491,31.98842581151124,31.65770056977491,31.85368537902832,6800,0.0,0.0
2013-02-21 00:00:00-05:00,31.388221691800716,31.388221691800716,31.235108415255347,31.24123191833496,1900,0.0,0.0
2013-02-22 00:00:00-05:00,31.20448725067373,31.66382709537553,31.07587265487481,31.58420753479004,5400,0.0,0.0
2013-02-25 00:00:00-05:00,31.394354547364134,31.553593710750185,30.965639114379883,30.965639114379883,5600,0.0,0.0
2013-02-26 00:00:00-05:00,30.984083650349923,31.08861541748047,30.73198065922631,31.08861541748047,1700,0.2,0.0
2013-02-27 00:00:00-05:00,31.162391087160877,31.40834617614746,30.99637175393517,31.40834617614746,7300,0.0,0.0
2013-02-28 00:00:00-05:00,31.0271081290849,31.371444702148434,31.0271081290849,31.371444702148438,17600,0.0,0.0
2013-03-01 00:00:00-05:00,31.346860902489258,31.980192184448242,31.346860902489258,31.980192184448242,2300,0.0,0.0
2013-03-04 00:00:00-05:00,31.97403757118068,31.97403757118068,31.574361163300356,31.709636688232422,3600,0.0,0.0
2013-03-05 00:00:00-05:00,31.65431448949232,31.70350646972656,31.32227565971937,31.703506469726562,2000,0.0,0.0
2013-03-06 00:00:00-05:00,31.678900773825095,31.678900773825095,31.002525326448595,31.316118240356445,4000,0.0,0.0
2013-03-07 00:00:00-05:00,31.49444393571555,31.715803146362305,31.21159475233213,31.715803146362305,4400,0.0,0.0
2013-03-08 00:00:00-05:00,31.414500443604307,31.506734207299562,31.303820865410824,31.383756637573242,2300,0.0,0.0
2013-03-11 00:00:00-04:00,31.432968139648434,31.549797967738535,31.15626900154515,31.432968139648438,12400,0.0,0.0
2013-03-12 00:00:00-04:00,31.43294507041148,31.43294507041148,31.156246135382816,31.359159469604492,7000,0.0,0.0
2013-03-13 00:00:00-04:00,31.35913544536797,31.746513657637617,31.051692941001615,31.38987922668457,8000,0.0,0.0
2013-03-14 00:00:00-04:00,31.45752856852706,31.45752856852706,30.904130918087354,31.05170440673828,18300,0.0,0.0
2013-03-15 00:00:00-04:00,31.143954998535595,31.37146200222715,30.990233606332758,31.33456802368164,14700,0.0,0.0
2013-03-18 00:00:00-04:00,31.16854885314242,31.297676606139248,31.064019431614188,31.08861541748047,3900,0.0,0.0
2013-03-19 00:00:00-04:00,31.11320091988559,31.11320091988559,30.953331744774193,30.98407554626465,4500,0.0,0.0
2013-03-20 00:00:00-04:00,31.40834227672803,31.40834227672803,31.16853503921804,31.29766273498535,2100,0.0,0.0
2013-03-21 00:00:00-04:00,31.451398341468337,31.512885961200475,31.199295347602828,31.236186981201172,5300,0.0,0.0
2013-03-22 00:00:00-04:00,31.35916366675431,31.43294927743686,31.07016670197777,31.186996459960938,7700,0.0,0.0
2013-03-25 00:00:00-04:00,31.3653065160854,31.420646301721543,31.17469352325128,31.273075103759766,5000,0.0,0.0
2013-03-26 00:00:00-04:00,31.48296732781381,31.686681776151328,31.48296732781381,31.600255966186523,8400,0.2,0.0
2013-03-27 00:00:00-04:00,31.575571945187633,32.01386376344772,31.575571945187633,31.75459098815918,7600,0.0,0.0
2013-03-28 00:00:00-04:00,31.847178551604213,32.13114197345817,31.847178551604213,32.00150680541992,12200,0.0,0.0
2013-04-01 00:00:00-04:00,32.00767846964728,32.34720250737267,31.63111951347754,31.915082931518555,5500,0.0,0.0
2013-04-02 00:00:00-04:00,32.00767889943315,32.19287468790182,31.921255454074316,32.00150680541992,5900,0.0,0.0
2013-04-03 00:00:00-04:00,31.915073185900656,31.915073185900656,31.149604254858083,31.174297332763672,3700,0.0,0.0
2013-04-04 00:00:00-04:00,31.11874649127,31.310114358292196,30.618722141551263,30.86564826965332,6200,0.0,0.0
2013-04-05 00:00:00-04:00,30.402661581116035,31.30393788718632,30.2853729730204,30.859474182128906,8700,0.0,0.0
2013-04-08 00:00:00-04:00,30.643415225333886,30.989111333704354,30.563163880471404,30.86564826965332,9400,0.0,0.0
2013-04-09 00:00:00-04:00,30.834782171678707,31.174303821534902,30.779223912257727,30.927377700805664,8100,0.0,0.0
2013-04-10 00:00:00-04:00,30.8656554831447,31.211351672306467,30.79157856934669,30.989118576049805,26500,0.0,0.0
2013-04-11 00:00:00-04:00,31.019975388487115,31.168131530959464,30.92120541179288,31.03232192993164,6100,0.0,0.0
2013-04-12 00:00:00-04:00,30.865664382768752,31.427419380340613,30.17427415995646,30.310081481933594,10200,0.0,0.0
2013-04-15 00:00:00-04:00,30.266846264699318,30.266846264699318,28.248233097153797,28.69887351989746,42600,0.0,0.0
2013-04-16 00:00:00-04:00,28.865553592878676,28.896421125430702,28.458127124730307,28.612455368041992,6700,0.0,0.0
2013-04-17 00:00:00-04:00,28.359362088439138,28.359362088439138,27.470432099704816,27.698837280273438,25900,0.0,0.0
2013-04-18 00:00:00-04:00,27.939582593765603,28.927284709463347,27.85933360716531,28.809993743896484,16400,0.0,0.0
2013-04-19 00:00:00-04:00,28.80998994068734,28.80998994068734,28.390219363892577,28.57541275024414,8800,0.0,0.0
2013-04-22 00:00:00-04:00,28.82851969389718,28.982847955261875,28.470476997197146,28.93963623046875,10200,0.0,0.0
2013-04-23 00:00:00-04:00,29.01371481808099,29.322371358698874,28.96432864124812,29.28533172607422,15000,0.0,0.0
2013-04-24 00:00:00-04:00,29.31001336313368,30.711313792637412,29.31001336313368,30.248329162597656,16600,0.0,0.0
2013-04-25 00:00:00-04:00,30.5878585447896,30.853303322013645,30.26068340978135,30.668109893798828,10800,0.0,0.0
2013-04-26 00:00:00-04:00,30.894950717817935,30.894950717817935,30.330970751928582,30.585071563720703,3900,0.196,0.0
2013-04-29 00:00:00-04:00,30.86395419405554,31.10565948486328,30.65943524190654,31.10565948486328,13300,0.0,0.0
2013-04-30 00:00:00-04:00,31.130433366988736,31.76258659362793,30.764776177977485,31.76258659362793,18000,0.0,0.0
2013-05-01 00:00:00-04:00,31.180027317448122,31.67583326824517,30.75859166822331,31.483707427978516,10700,0.0,0.0
2013-05-02 00:00:00-04:00,31.434137488305062,31.44033403022468,31.235815048217773,31.235815048217773,9900,0.0,0.0
2013-05-03 00:00:00-04:00,31.21101466478183,31.6076594243862,31.08706258635815,31.13664436340332,5700,0.0,0.0
2013-05-06 00:00:00-04:00,31.14903916826201,31.35975700399337,31.080867767333988,31.080867767333984,7000,0.0,0.0
2013-05-07 00:00:00-04:00,30.90113500249874,31.78119024888336,30.90113500249874,31.719215393066406,25300,0.0,0.0
2013-05-08 00:00:00-04:00,31.88036680207702,31.936145144871436,31.161447252832517,31.211029052734375,12300,0.0,0.0
2013-05-09 00:00:00-04:00,31.242005139894648,31.57667507501704,31.18622681737425,31.458919525146484,6400,0.0,0.0
2013-05-10 00:00:00-04:00,31.45891025255612,31.45891025255612,31.11804387726465,31.217205047607422,3800,0.0,0.0
2013-05-13 00:00:00-04:00,31.36596198690888,31.403145964768267,31.198626993972105,31.28539276123047,3900,0.0,0.0
2013-05-14 00:00:00-04:00,30.851553668914075,31.291583662605746,30.851553668914075,31.173828125,14000,0.0,0.0
2013-05-15 00:00:00-04:00,30.95072620924865,30.98171601315616,30.808182095196514,30.91973876953125,9800,0.0,0.0
2013-05-16 00:00:00-04:00,30.925937563311237,31.1800383507723,30.770998001098636,30.770998001098633,7600,0.0,0.0
2013-05-17 00:00:00-04:00,30.76479747986798,31.328777362151833,30.758600937948366,31.235815048217773,3900,0.0,0.0
2013-05-20 00:00:00-04:00,30.98790932513904,31.60766751164182,30.86395721500051,31.595272064208984,7400,0.0,0.0
2013-05-21 00:00:00-04:00,31.45892231227435,31.979519247190932,31.44033032451687,31.73781394958496,12100,0.0,0.0
2013-05-22 00:00:00-04:00,31.700624661897894,31.973317348133595,31.27299010161844,31.297780990600586,112300,0.0,0.0
2013-05-23 00:00:00-04:00,31.917534398807287,31.917534398807287,31.087058651921247,31.62624740600586,15900,0.0,0.0
2013-05-24 00:00:00-04:00,31.663438284386032,31.79358690507733,31.297780947070507,31.396942138671875,18300,0.0,0.0
2013-05-28 00:00:00-04:00,31.607649308330583,31.805971624659538,31.08085609886714,31.223400115966797,26400,0.0,0.0
2013-05-29 00:00:00-04:00,31.21221680244647,31.859231656640247,31.08157025685953,31.84056854248047,16400,0.192,0.0
2013-05-30 00:00:00-04:00,31.69124162183276,32.213829931917275,31.641472549708734,31.859216690063477,15800,0.0,0.0
2013-05-31 00:00:00-04:00,31.9214356572782,31.9214356572782,31.168657862361226,31.261978149414062,29000,0.0,0.0
2013-06-03 00:00:00-04:00,31.392639273395904,31.429967880249027,30.888716133668982,31.429967880249023,14700,0.0,0.0
2013-06-04 00:00:00-04:00,31.30553351454038,31.392631201568094,31.019354721953903,31.311756134033203,3400,0.0,0.0
2013-06-05 00:00:00-04:00,31.342859528238638,31.342859528238638,30.982023570885445,31.18110466003418,16600,0.0,0.0
2013-06-06 00:00:00-04:00,31.09400533720413,31.579265169709213,30.857595666369036,31.523273468017578,5700,0.0,0.0
2013-06-07 00:00:00-04:00,31.641485549709536,32.15785145465834,31.517059258428848,31.90277862548828,12400,0.0,0.0
2013-06-10 00:00:00-04:00,32.22005889225131,32.22005889225131,31.709913343075556,31.83433723449707,5700,0.0,0.0
2013-06-11 00:00:00-04:00,31.411300830344477,31.85301194324292,31.336643625986262,31.57305335998535,8400,0.0,0.0
2013-06-12 00:00:00-04:00,31.106448142629002,31.168660089620797,30.558973990813307,30.5714168548584,5400,0.0,0.0
2013-06-13 00:00:00-04:00,30.596305717609095,31.342861024165195,30.596305717609095,31.12511444091797,4500,0.0,0.0
2013-06-14 00:00:00-04:00,31.075353487368947,31.10645947219424,30.888715205182685,30.975812911987305,3700,0.0,0.0
2013-06-17 00:00:00-04:00,31.261984649960368,31.604155151581796,31.013132081562617,31.131338119506836,9900,0.0,0.0
2013-06-18 00:00:00-04:00,31.0131208244207,31.573037713460035,31.0131208244207,31.37395668029785,15700,0.0,0.0
2013-06-19 00:00:00-04:00,31.759692321801378,32.07075689375484,31.759692321801378,31.828126907348633,4100,0.0,0.0
2013-06-20 00:00:00-04:00,31.566841752171467,31.566841752171467,30.223042557996255,30.534107208251953,17300,0.0,0.0
2013-06-21 00:00:00-04:00,31.01937848963436,31.112696494423073,29.75023368932712,30.160839080810547,12900,0.0,0.0
2013-06-24 00:00:00-04:00,29.893281496141377,29.893281496141377,28.91653969444666,29.69420051574707,17000,0.0,0.0
2013-06-25 00:00:00-04:00,29.706655906532706,30.005277503108786,29.52623795029919,29.96794891357422,5800,0.0,0.0
2013-06-26 00:00:00-04:00,30.142852614608582,30.561331100867097,30.142852614608582,30.417675018310547,2600,0.19,0.0
2013-06-27 00:00:00-04:00,30.274009463045346,30.742453996271102,30.249025182774933,30.498863220214844,4400,0.0,0.0
2013-06-28 00:00:00-04:00,30.373939276822625,30.98603974841231,30.29274157042481,30.517595291137695,11700,0.0,0.0
2013-07-01 00:00:00-04:00,30.75492541953264,31.023497912313662,30.34269460328271,30.86110496520996,6900,0.0,0.0
2013-07-02 00:00:00-04:00,30.536334960492184,30.74869656154879,29.761841391437684,30.67374610900879,20700,0.0,0.0
2013-07-03 00:00:00-04:00,30.729952768765287,31.11719946791281,30.71746063232422,30.71746063232422,4300,0.0,0.0
2013-07-05 00:00:00-04:00,30.8486256703769,30.8486256703769,30.292738681970036,30.64251136779785,6800,0.0,0.0
2013-07-08 00:00:00-04:00,30.64874901179188,31.14217758178711,30.64874901179188,31.14217758178711,4200,0.0,0.0
2013-07-09 00:00:00-04:00,31.1734101211853,31.42324806254866,30.91732730347189,31.292081832885742,3300,0.0,0.0
2013-07-10 00:00:00-04:00,31.504452578601594,31.910438756349567,31.37953595403165,31.904193878173828,10500,0.0,0.0
2013-07-11 00:00:00-04:00,32.21649084893919,32.31017831923966,31.7230620710748,31.954160690307617,14900,0.0,0.0
2013-07-12 00:00:00-04:00,31.935409299365347,31.960391183955863,31.59188396427944,31.804243087768555,6000,0.0,0.0
2013-07-15 00:00:00-04:00,31.804252878996312,32.13528856501474,31.604383444955406,31.87920570373535,6700,0.0,0.0
2013-07-16 00:00:00-04:00,32.13529849328974,32.37888929237056,32.08532992802581,32.291446685791016,5400,0.0,0.0
2013-07-17 00:00:00-04:00,32.18525381256098,32.18525381256098,31.804251970234716,31.89169692993164,8900,0.0,0.0
2013-07-18 00:00:00-04:00,31.96039802491176,32.472566082053426,31.860463317266618,31.979137420654297,11000,0.0,0.0
2013-07-19 00:00:00-04:00,32.02285785505623,32.66618736950547,32.02285785505623,32.55376052856445,5700,0.0,0.0
2013-07-22 00:00:00-04:00,32.71616118844485,33.31576951505646,32.33515931967132,33.19709777832031,7300,0.0,0.0
2013-07-23 00:00:00-04:00,33.38446456749458,33.99031758094893,33.38446456749458,33.859153747558594,10700,0.0,0.0
2013-07-24 00:00:00-04:00,33.877901458992504,33.940359761859206,33.14712692576816,33.2907829284668,6100,0.0,0.0
2013-07-25 00:00:00-04:00,33.50940046860483,33.50940046860483,33.328268007499865,33.46567916870117,6300,0.0,0.0
2013-07-26 00:00:00-04:00,33.46565959516959,33.46565959516959,32.76611444059953,32.884788513183594,9800,0.0,0.0
2013-07-29 00:00:00-04:00,32.91301246370337,33.45842742919922,32.85659006096317,33.45842742919922,8100,0.195,0.0
2013-07-30 00:00:00-04:00,33.45844409684623,33.53994369506836,33.18887052629562,33.53994369506836,4000,0.0,0.0
2013-07-31 00:00:00-04:00,33.28289801899149,33.89100597932619,32.8503277824122,33.646507263183594,10600,0.0,0.0
2013-08-01 00:00:00-04:00,34.35491604533466,35.571131773987126,34.35491604533466,35.23259735107422,14400,0.0,0.0
2013-08-02 00:00:00-04:00,34.86272238537489,35.10721870442812,34.166846774845226,35.069602966308594,7000,0.0,0.0
2013-08-05 00:00:00-04:00,34.605688510203,35.088413068641295,34.605688510203,34.77495574951172,800,0.0,0.0
2013-08-06 00:00:00-04:00,34.756155188398175,34.963038217559486,34.317316747432024,34.58061981201172,6400,0.0,0.0
2013-08-07 00:00:00-04:00,34.47402933074204,34.47402933074204,34.09787919668347,34.242069244384766,4400,0.0,0.0
2013-08-08 00:00:00-04:00,34.323577821068056,34.73107330887294,34.323577821068056,34.65584182739258,15000,0.0,0.0
2013-08-09 00:00:00-04:00,34.56806642781687,34.63702740800954,34.273415836626064,34.624488830566406,8000,0.0,0.0
2013-08-12 00:00:00-04:00,34.52419476745433,34.53046525412992,34.21073739539356,34.39881134033203,7700,0.0,0.0
2013-08-13 00:00:00-04:00,34.28596364515386,34.28596364515386,33.95996771832929,34.15431213378906,7100,0.0,0.0
2013-08-14 00:00:00-04:00,34.02893121157918,34.11043079713209,33.84712775510106,34.02266311645508,6800,0.0,0.0
2013-08-15 00:00:00-04:00,33.602610654481325,34.36117889084483,33.19511773215063,34.31729507446289,8000,0.0,0.0
2013-08-16 00:00:00-04:00,34.311027212897436,34.61194585886123,34.22952766560866,34.54925537109375,6700,0.0,0.0
2013-08-19 00:00:00-04:00,34.60567954415504,34.630756697145614,34.10414844178823,34.141761779785156,4000,0.0,0.0
2013-08-20 00:00:00-04:00,34.13549940693385,34.39253428943297,33.93488693237305,33.93488693237305,8900,0.0,0.0
2013-08-21 00:00:00-04:00,33.75309110393717,34.154316171620046,33.42082704316668,33.571285247802734,8900,0.0,0.0
2013-08-22 00:00:00-04:00,33.44589547860617,33.677855619991796,33.22647630863555,33.33932113647461,4900,0.0,0.0
2013-08-23 00:00:00-04:00,33.22646535954005,33.38319396972656,33.17631105636575,33.38319396972656,15100,0.0,0.0
2013-08-26 00:00:00-04:00,33.34558561465454,33.94115494333427,33.34558561465454,33.652774810791016,3900,0.0,0.0
2013-08-27 00:00:00-04:00,33.10110004497127,33.62144046247579,33.10110004497127,33.29544448852539,6700,0.0,0.0
2013-08-28 00:00:00-04:00,33.591776705761276,33.975575254694775,33.28348116325866,33.69873809814453,6900,0.191,0.0
2013-08-29 00:00:00-04:00,33.811988818122266,34.23982716970971,33.35268728163347,34.176910400390625,8900,0.0,0.0
2013-08-30 00:00:00-04:00,33.84343251304435,34.535526275634766,33.560302373759235,34.535526275634766,17500,0.0,0.0
2013-09-03 00:00:00-04:00,34.510366141911426,34.510366141911426,33.49739293405348,33.61693572998047,4300,0.0,0.0
2013-09-04 00:00:00-04:00,33.66728747290734,33.83716568846483,33.32124032275175,33.62324523925781,10600,0.0,0.0
2013-09-05 00:00:00-04:00,33.49739627853863,34.441162109375,33.49739627853863,34.441162109375,4000,0.0,0.0
2013-09-06 00:00:00-04:00,34.71170610610379,34.79349981681005,34.441162109375,34.441162109375,6800,0.0,0.0
2013-09-09 00:00:00-04:00,34.585872650146484,34.74945767176028,34.53553732034493,34.585872650146484,11000,0.0,0.0
2013-09-10 00:00:00-04:00,34.585874477809604,34.81866939014209,34.39082866470248,34.56699752807617,17100,0.0,0.0
2013-09-11 00:00:00-04:00,34.67397322608814,35.07664645155739,34.40971742179785,35.0326042175293,10900,0.0,0.0
2013-09-12 00:00:00-04:00,34.86271508882397,34.86271508882397,34.57958481574486,34.762046813964844,15000,0.0,0.0
2013-09-13 00:00:00-04:00,34.67395450636205,34.8878748419168,34.529244044092735,34.548118591308594,29500,0.0,0.0
2013-09-16 00:00:00-04:00,34.63620301180988,34.900458673434194,34.3656566344871,34.548118591308594,5200,0.0,0.0
2013-09-17 00:00:00-04:00,34.37196116632574,34.90676098277638,34.37196116632574,34.692840576171875,9100,0.0,0.0
2013-09-18 00:00:00-04:00,34.843827074969305,35.359752084303274,34.554403796465806,35.152122497558594,7600,0.0,0.0
2013-09-19 00:00:00-04:00,35.23393201766588,35.2842673583207,35.026302337646484,35.026302337646484,53900,0.0,0.0
2013-09-20 00:00:00-04:00,35.00742061320425,35.29055084608156,34.61103828717602,35.08921432495117,12700,0.0,0.0
2013-09-23 00:00:00-04:00,35.22134596801719,35.22134596801719,34.65508782197995,34.762046813964844,8100,0.0,0.0
2013-09-24 00:00:00-04:00,34.71800824756564,34.96338704335173,34.673966022687175,34.692840576171875,8000,0.0,0.0
2013-09-25 00:00:00-04:00,34.585885346657854,35.57998447396702,34.365671798116395,34.40342330932617,10400,0.0,0.0
2013-09-26 00:00:00-04:00,34.826496873122494,34.87701456286762,34.48549343385202,34.73808670043945,17000,0.2,0.0
2013-09-27 00:00:00-04:00,34.687574077725536,34.84544579575308,34.630740162878375,34.794925689697266,8700,0.0,0.0
2013-09-30 00:00:00-04:00,34.50445616416785,35.0285916348068,34.50445616416785,34.88966369628906,11000,0.0,0.0
2013-10-01 00:00:00-04:00,34.79494163911576,35.262243198610236,34.79494163911576,35.14226150512695,3800,0.0,0.0
2013-10-02 00:00:00-04:00,35.0096507346047,35.72954819147883,34.997020701087685,35.54010009765625,8800,0.0,0.0
2013-10-03 00:00:00-04:00,35.306443750377085,35.502205619068015,34.87071851753458,35.00333023071289,16700,0.0,0.0
2013-10-04 00:00:00-04:00,34.82020292770381,35.14857655233662,34.82020292770381,35.06648254394531,9300,0.0,0.0
2013-10-07 00:00:00-04:00,34.769667238226184,35.10435450181491,34.66862943739197,34.902278900146484,7100,0.0,0.0
2013-10-08 00:00:00-04:00,34.73178438675896,35.12962186423544,34.61180272609284,34.719154357910156,17600,0.0,0.0
2013-10-09 00:00:00-04:00,34.700215230863165,34.75073294418623,34.479193309395185,34.59286117553711,6700,0.0,0.0
2013-10-10 00:00:00-04:00,34.85808982178927,35.13594328989254,34.67495797718538,34.88966369628906,10200,0.0,0.0
2013-10-11 00:00:00-04:00,35.085413968358324,35.40747123603079,35.0601539135401,35.230655670166016,6000,0.0,0.0
2013-10-14 00:00:00-04:00,35.47062367784895,35.508513765111516,35.12330630920312,35.25592041015625,3700,0.0,0.0
2013-10-15 00:00:00-04:00,35.2685314712709,35.394829293915905,34.85806655883789,34.85806655883789,5500,0.0,0.0
2013-10-16 00:00:00-04:00,34.851759604544434,34.851759604544434,34.43497836530898,34.794925689697266,16000,0.0,0.0
2013-10-17 00:00:00-04:00,34.80125345419498,35.43905434671368,34.63706546396859,35.338016510009766,7500,0.0,0.0
2013-10-18 00:00:00-04:00,35.24329068990233,35.71058972557692,35.24329068990233,35.4579963684082,20500,0.0,0.0
2013-10-21 00:00:00-04:00,35.6727047498308,35.6727047498308,35.01595763535333,35.079105377197266,14400,0.0,0.0
2013-10-22 00:00:00-04:00,35.186460440698234,35.60324181207417,34.88966074584816,34.914920806884766,2700,0.0,0.0
2013-10-23 00:00:00-04:00,34.73178939716941,34.83282723360389,34.10030231722087,34.21397018432617,20400,0.0,0.0
2013-10-24 00:00:00-04:00,34.37183505368763,34.71915239614411,34.100295471110556,34.42866897583008,5900,0.0,0.0
2013-10-25 00:00:00-04:00,34.46023596199835,34.66231155395508,34.37182819163367,34.66231155395508,10200,0.0,0.0
2013-10-28 00:00:00-04:00,34.71283596252398,34.80755755298015,34.54233420898524,34.656002044677734,23600,0.0,0.0
2013-10-29 00:00:00-04:00,34.72697270817535,34.96778086338041,34.650928918201096,34.771331787109375,5300,0.192,0.0
2013-10-30 00:00:00-04:00,35.15788369771669,35.17055806278083,34.460810540905044,34.822021484375,9400,0.0,0.0
2013-10-31 00:00:00-04:00,34.822040865635,35.29731894182459,34.77768177191512,34.88541030883789,6700,0.0,0.0
2013-11-01 00:00:00-04:00,34.75865741921558,34.90441144129994,34.52418765665167,34.771331787109375,4400,0.0,0.0
2013-11-04 00:00:00-05:00,35.005813981042515,35.297317273823495,34.69529792228769,35.20859909057617,8500,0.0,0.0
2013-11-05 00:00:00-05:00,35.25294648761201,35.25294648761201,34.784004566511,34.92975616455078,8000,0.0,0.0
2013-11-06 00:00:00-05:00,35.23395143674404,35.23395143674404,34.89808899494971,35.1198844909668,14300,0.0,0.0
2013-11-07 00:00:00-05:00,35.075514155126704,35.77258998016326,34.89807781515575,35.48108673095703,17300,0.0,0.0
2013-11-08 00:00:00-05:00,36.03240389073789,36.070424577345385,35.36701528383301,35.96269607543945,13800,0.0,0.0
2013-11-11 00:00:00-05:00,35.88665705120476,36.013398330636385,35.46841252125257,35.51277160644531,6300,0.0,0.0
2013-11-12 00:00:00-05:00,35.56347759611291,35.69655730997415,34.85372959754116,35.056514739990234,13500,0.0,0.0
2013-11-13 00:00:00-05:00,35.00581488472332,35.65219092717989,34.73965791072127,35.64585494995117,14400,0.0,0.0
2013-11-14 00:00:00-05:00,35.367027954475304,35.74091348352506,35.05651187073322,35.633182525634766,8200,0.0,0.0
2013-11-15 00:00:00-05:00,35.80427893721493,35.93735620795863,35.582483485975445,35.683876037597656,16100,0.0,0.0
2013-11-18 00:00:00-05:00,36.04508147578828,36.04508147578828,35.398703154497376,35.5634651184082,21000,0.0,0.0
2013-11-19 00:00:00-05:00,35.525453536413075,36.05142669451344,35.34801474049194,35.455745697021484,16100,0.0,0.0
2013-11-20 00:00:00-05:00,35.60782826120123,35.80427737902762,35.4367278845245,35.73456954956055,31300,0.0,0.0
2013-11-21 00:00:00-05:00,35.79161992407461,36.051438600180106,35.62685786351094,35.74092483520508,14700,0.0,0.0
2013-11-22 00:00:00-05:00,35.45575434194388,36.133817716534075,35.38604648555593,36.12114334106445,4300,0.0,0.0
2013-11-25 00:00:00-05:00,35.873981118618154,35.873981118618154,35.49375729688829,35.5634651184082,6700,0.0,0.0
2013-11-26 00:00:00-05:00,35.557113235220136,35.557113235220136,35.01027839176,35.37907409667969,26000,0.19,0.0
2013-11-27 00:00:00-05:00,35.264616264413924,35.264616264413924,34.67326926785413,35.194671630859375,7000,0.0,0.0
2013-11-29 00:00:00-05:00,35.226470845509006,35.226470845509006,34.83859777467065,35.18196105957031,2900,0.0,0.0
2013-12-02 00:00:00-05:00,35.18196711166956,35.213759474865995,34.9784906508883,35.09294509887695,5000,0.0,0.0
2013-12-03 00:00:00-05:00,34.9975718807499,36.13575655854309,34.9975718807499,36.01494216918945,7400,0.0,0.0
2013-12-04 00:00:00-05:00,35.74787427247045,36.04672535417583,35.74787427247045,35.989498138427734,4900,0.0,0.0
2013-12-05 00:00:00-05:00,35.951337911942005,36.46002277991414,35.91954556249389,36.15481185913086,13200,0.0,0.0
2013-12-06 00:00:00-05:00,36.12939425494407,36.38373802313621,35.90048534869152,35.99586486816406,7600,0.0,0.0
2013-12-09 00:00:00-05:00,36.04036280615426,36.39644347934914,35.92590839068452,36.18025207519531,9100,0.0,0.0
2013-12-10 00:00:00-05:00,36.281983988360246,36.644422111445586,36.08486753915912,36.60626983642578,14600,0.0,0.0
2013-12-11 00:00:00-05:00,36.60627495730957,36.81610886087115,36.18025207519531,36.18025207519531,14600,0.0,0.0
2013-12-12 00:00:00-05:00,36.33921627161427,36.45367068708401,36.14209979483835,36.18025207519531,14700,0.0,0.0
2013-12-13 00:00:00-05:00,36.0912333227975,36.73980759339509,36.0912333227975,36.618995666503906,20100,0.0,0.0
2013-12-16 00:00:00-05:00,37.954294065874535,37.954294065874535,36.51089874193696,36.618995666503906,10300,0.0,0.0
2013-12-17 00:00:00-05:00,36.56175770065247,36.74615671293905,36.16752725330927,36.269264221191406,12100,0.0,0.0
2013-12-18 00:00:00-05:00,36.224761081022066,36.38372527403957,35.74150857591223,36.16753387451172,16500,0.0,0.0
2013-12-19 00:00:00-05:00,36.16117069285833,36.50453390100736,35.98948908878381,36.390079498291016,5100,0.0,0.0
2013-12-20 00:00:00-05:00,36.61263718981605,37.08952980911347,36.58720233464255,36.879695892333984,15600,0.0,0.0
2013-12-23 00:00:00-05:00,37.490125714750825,37.623655093975934,36.8797036163488,36.92421340942383,10800,0.0,0.0
2013-12-24 00:00:00-05:00,37.01956648819436,37.1848881121897,36.76522291601684,37.0767936706543,1300,0.0,0.0
2013-12-26 00:00:00-05:00,37.261209022820466,37.83348113629913,37.17854938189678,37.24213409423828,2400,0.0,0.0
2013-12-27 00:00:00-05:00,36.97931987359142,37.72566687427931,36.76881024770782,37.12603759765625,8200,0.188,0.0
2013-12-30 00:00:00-05:00,36.99845901079435,37.75756444895286,36.94742548550012,37.362064361572266,20300,0.0,0.0
2013-12-31 00:00:00-05:00,37.21535037043356,37.83411854310752,37.21535037043356,37.39396286010742,4100,0.0,0.0
2014-01-02 00:00:00-05:00,37.53428848177939,37.7001425263052,37.08137702037071,37.164302825927734,6700,0.0,0.0
2014-01-03 00:00:00-05:00,37.12603759765625,37.4194730457859,36.95380311286391,37.12603759765625,4500,0.0,0.0
2014-01-06 00:00:00-05:00,37.25999603903486,37.31740753257531,36.81984287749953,37.29827117919922,7700,0.0,0.0
2014-01-07 00:00:00-05:00,37.11327046669181,37.41946422299057,36.93465805053711,36.93465805053711,3400,0.0,0.0
2014-01-08 00:00:00-05:00,36.92827463092351,37.030339208025524,36.290370415683064,36.37329864501953,6900,0.0,0.0
2014-01-09 00:00:00-05:00,36.33502603173878,36.34140643704335,35.83108108278935,36.30950927734375,10000,0.0,0.0
2014-01-10 00:00:00-05:00,36.220208749125284,36.25848388671875,36.03521833428687,36.25848388671875,5600,0.0,0.0
2014-01-13 00:00:00-05:00,35.945916610592676,36.04798123044221,35.49300501209863,35.62058639526367,15800,0.0,0.0
2014-01-14 00:00:00-05:00,35.71626090406574,35.92039007439865,35.47385660176605,35.79918670654297,9100,0.0,0.0
2014-01-15 00:00:00-05:00,35.82470788454958,36.15003802949579,35.82470788454958,36.041595458984375,15200,0.0,0.0
2014-01-16 00:00:00-05:00,36.22021474007362,37.08138722777753,36.054360649893106,36.609336853027344,21700,0.0,0.0
2014-01-17 00:00:00-05:00,36.539169544799584,36.89639694633711,36.360557060737115,36.838985443115234,6700,0.0,0.0
2014-01-21 00:00:00-05:00,36.890011831595395,36.890011831595395,36.76880844080206,36.78794479370117,8700,0.0,0.0
2014-01-22 00:00:00-05:00,36.96016964288192,37.068614625691424,36.30312907475832,36.315887451171875,6400,0.0,0.0
2014-01-23 00:00:00-05:00,36.04797482510144,36.53278350830078,36.04797482510144,36.53278350830078,5800,0.0,0.0
2014-01-24 00:00:00-05:00,36.239352360619144,36.392448064556746,35.89488337664104,36.022464752197266,7400,0.0,0.0
2014-01-27 00:00:00-05:00,35.920399145243465,36.245729332174804,35.276114311534414,35.44197082519531,16600,0.0,0.0
2014-01-28 00:00:00-05:00,35.42282877006449,35.56316850969145,35.174046455934544,35.359039306640625,10500,0.0,0.0
2014-01-29 00:00:00-05:00,35.36735781791252,35.36735781791252,34.84244881126226,35.13690948486328,10400,0.193,0.0
2014-01-30 00:00:00-05:00,35.36736249726342,35.36736249726342,34.78484133027919,35.12411117553711,4200,0.0,0.0
2014-01-31 00:00:00-05:00,35.21372944093244,35.309750406378626,34.91286847023592,35.12411117553711,10300,0.0,0.0
2014-02-03 00:00:00-05:00,35.284139685758475,35.40576655101836,34.05508517011554,34.38795471191406,34700,0.0,0.0
2014-02-04 00:00:00-05:00,34.51597780345117,35.008880615234375,34.51597780345117,35.008880615234375,8800,0.0,0.0
2014-02-05 00:00:00-05:00,34.938478660293725,35.34816360473633,34.938478660293725,35.34816360473633,4300,0.0,0.0
2014-02-06 00:00:00-05:00,35.25854610242555,35.604216255690844,35.053701183792306,35.54660415649414,13200,0.0,0.0
2014-02-07 00:00:00-05:00,35.7706403300236,35.7706403300236,34.81044062584623,35.245731353759766,8800,0.0,0.0
2014-02-10 00:00:00-05:00,35.11130905151367,35.23933619451203,34.92567225817644,35.11130905151367,6200,0.0,0.0
2014-02-11 00:00:00-05:00,34.95128042927694,35.4057769700827,34.95128042927694,35.06010437011719,8300,0.0,0.0
2014-02-12 00:00:00-05:00,35.34175922489241,35.95628661236146,34.98328613649285,35.93068313598633,6500,0.0,0.0
2014-02-13 00:00:00-05:00,35.853858621519365,36.18032791337882,35.853858621519365,36.10991287231445,8500,0.0,0.0
2014-02-14 00:00:00-05:00,36.30195370601605,36.378771449294916,36.21873814700221,36.32115936279297,5200,0.0,0.0
2014-02-18 00:00:00-05:00,36.500392143835434,36.73084046625496,36.2443379096106,36.686031341552734,10700,0.0,0.0
2014-02-19 00:00:00-05:00,36.679639645619595,36.679639645619595,36.37237593752685,36.61562728881836,7800,0.0,0.0
2014-02-20 00:00:00-05:00,36.750047456295974,36.750047456295974,36.321159378089824,36.51319885253906,9000,0.0,0.0
2014-02-21 00:00:00-05:00,36.410772489823515,36.6988328817355,36.404369791162104,36.493988037109375,8500,0.0,0.0
2014-02-24 00:00:00-05:00,36.60281282463438,36.8972734804335,36.276343558580216,36.442779541015625,15400,0.0,0.0
2014-02-25 00:00:00-05:00,36.42998969954314,36.83327440317476,35.96909289539272,36.590023040771484,7100,0.0,0.0
2014-02-26 00:00:00-05:00,36.61185043009564,36.688927323883995,36.098000387789476,36.27784729003906,4200,0.194,0.0
2014-02-27 00:00:00-05:00,36.3549263725631,36.3549263725631,35.828229741210905,35.930999755859375,9800,0.0,0.0
2014-02-28 00:00:00-05:00,36.136543689887034,36.27785339413429,36.06589128799409,36.213623046875,19500,0.0,0.0
2014-03-03 00:00:00-05:00,36.290691325965476,37.318391339175115,36.040189600885014,37.07431411743164,13400,0.0,0.0
2014-03-04 00:00:00-05:00,37.2927179529766,37.2927179529766,36.41274680563539,36.7852897644043,12200,0.0,0.0
2014-03-05 00:00:00-05:00,36.99723549255012,36.99723549255012,36.64396375933307,36.95869827270508,7400,0.0,0.0
2014-03-06 00:00:00-05:00,36.98440112377374,37.196363239419775,36.81097623811929,37.00366973876953,10100,0.0,0.0
2014-03-07 00:00:00-05:00,36.791701536226164,37.02293469424259,36.48981598013188,36.907318115234375,9300,0.0,0.0
2014-03-10 00:00:00-04:00,36.90729893461118,37.260570542328395,36.862337227277855,37.24772644042969,24700,0.0,0.0
2014-03-11 00:00:00-04:00,37.22847595135892,37.36336114786666,37.09359075485118,37.16424560546875,9100,0.0,0.0
2014-03-12 00:00:00-04:00,37.09999478991754,37.170649606218134,36.63110663201201,36.99080276489258,18300,0.0,0.0
2014-03-13 00:00:00-04:00,37.157819697627495,37.556055667846834,36.7595861776387,36.855934143066406,19300,0.0,0.0
2014-03-14 00:00:00-04:00,36.592594523027635,37.029367823179676,36.586170017013885,36.682518005371094,14300,0.0,0.0
2014-03-17 00:00:00-04:00,36.984390639793396,37.022927858860804,36.45126957387995,36.53477096557617,20300,0.0,0.0
2014-03-18 00:00:00-04:00,36.31639718688563,37.896487430685916,36.31639718688563,37.86437225341797,64100,0.0,0.0
2014-03-19 00:00:00-04:00,38.20478143843877,39.12328933246367,38.005663502942,38.37178421020508,88200,0.0,0.0
2014-03-20 00:00:00-04:00,38.37822168724778,38.69937835408667,38.12771987915039,38.12771987915039,12100,0.0,0.0
2014-03-21 00:00:00-04:00,38.673682569321514,38.89849369076509,38.4809890725347,38.54521942138672,15500,0.0,0.0
2014-03-24 00:00:00-04:00,38.76361124492278,39.071923821474215,38.54522459916697,38.69295883178711,19600,0.0,0.0
2014-03-25 00:00:00-04:00,39.00127066832431,39.142577951023085,38.94988441990208,39.09119415283203,139500,0.0,0.0
2014-03-26 00:00:00-04:00,39.25176050575177,40.31157582808003,39.25176050575177,40.09318923950195,25000,0.0,0.0
2014-03-27 00:00:00-04:00,40.334155036633994,40.63054207664472,39.928237983736324,40.501678466796875,22100,0.194,0.0
2014-03-28 00:00:00-04:00,40.73364369488584,40.74653030520773,40.21174703726288,40.30839538574219,25800,0.0,0.0
2014-03-31 00:00:00-04:00,40.30194508036288,40.6047742348876,40.076435576697186,40.23751449584961,16400,0.0,0.0
2014-04-01 00:00:00-04:00,40.334160372619515,40.353491514268896,40.10220879365019,40.23751449584961,16500,0.0,0.0
2014-04-02 00:00:00-04:00,40.237513134097355,40.56611303658507,39.792933759246175,40.46946716308594,19500,0.0,0.0
2014-04-03 00:00:00-04:00,40.398614537125795,40.86896493202587,40.379283385369256,40.759429931640625,13800,0.0,0.0
2014-04-04 00:00:00-04:00,40.93337273782888,41.21042866585255,40.624101518658804,40.72719192504883,10800,0.0,0.0
2014-04-07 00:00:00-04:00,40.694977014112894,40.694977014112894,40.12797854473574,40.17308044433594,14600,0.0,0.0
2014-04-08 00:00:00-04:00,40.205296328324025,40.81739421103385,40.108648000596645,40.73363494873047,21700,0.0,0.0
2014-04-09 00:00:00-04:00,40.56611304868399,41.21042870368038,40.56611304868399,41.04290771484375,10400,0.0,0.0
2014-04-10 00:00:00-04:00,41.15889125169961,41.32641226708279,40.59833477335723,41.068687438964844,14100,0.0,0.0
2014-04-11 00:00:00-04:00,41.16534124121706,41.603476236898835,40.95916035593975,41.34574890136719,21400,0.0,0.0
2014-04-14 00:00:00-04:00,41.38441467880754,41.55837781837726,41.100914094296385,41.46817398071289,12600,0.0,0.0
2014-04-15 00:00:00-04:00,41.133119929051354,41.326414173524114,40.791633348553816,41.081573486328125,12000,0.0,0.0
2014-04-16 00:00:00-04:00,41.126675245151155,41.27486511391079,40.907607793206,41.197547912597656,10200,0.0,0.0
2014-04-17 00:00:00-04:00,41.19111469630672,42.40887132485871,41.19111469630672,41.99650955200195,26500,0.0,0.0
2014-04-21 00:00:00-04:00,41.79677052779905,42.093155225851405,41.67434894452577,41.970733642578125,16000,0.0,0.0
2014-04-22 00:00:00-04:00,41.990049565637825,42.35086967092129,41.719438173478935,42.286434173583984,15700,0.0,0.0
2014-04-23 00:00:00-04:00,42.29289853294691,42.33155591688086,41.8418793345822,42.1575927734375,17500,0.0,0.0
2014-04-24 00:00:00-04:00,42.144685686535546,42.53771367941302,41.88695846381003,42.07381057739258,10200,0.0,0.0
2014-04-25 00:00:00-04:00,42.00295213258833,42.022280821707106,41.468168793515964,41.84187316894531,15400,0.0,0.0
2014-04-28 00:00:00-04:00,42.077747610264396,42.226383796474,41.96788522384091,42.15530014038086,9300,0.195,0.0
2014-04-29 00:00:00-04:00,42.26515769971043,43.03419924738701,42.26515769971043,42.7239990234375,11700,0.0,0.0
2014-04-30 00:00:00-04:00,42.82740433819607,43.15699644334327,42.60767955512757,43.144073486328125,21300,0.0,0.0
2014-05-01 00:00:00-04:00,42.911419604532824,42.937270448377916,42.491352020502646,42.7175407409668,15100,0.0,0.0
2014-05-02 00:00:00-04:00,42.756326255272946,43.16992996132377,42.49135876173206,42.8468017578125,12700,0.0,0.0
2014-05-05 00:00:00-04:00,42.54305937611938,43.07298941918448,42.49782162599961,42.950199127197266,23600,0.0,0.0
2014-05-06 00:00:00-04:00,42.7046143454383,43.59644619882791,42.48488465572137,43.08590316772461,17300,0.0,0.0
2014-05-07 00:00:00-04:00,42.98251932934028,42.98251932934028,42.3944235732122,42.523677825927734,15100,0.0,0.0
2014-05-08 00:00:00-04:00,42.543059487810126,42.62707104381168,41.509050246254425,41.967891693115234,21200,0.0,0.0
2014-05-09 00:00:00-04:00,41.71585316968048,41.71585316968048,39.977421851841385,41.67707443237305,56000,0.0,0.0
2014-05-12 00:00:00-04:00,41.6835466682231,42.97605974320676,41.6835466682231,42.49136734008789,17900,0.0,0.0
2014-05-13 00:00:00-04:00,42.65290739531343,42.78862059990604,42.12297753095702,42.76923370361328,20800,0.0,0.0
2014-05-14 00:00:00-04:00,42.74984038459101,43.10527826782504,42.60119931777283,42.73045349121094,12900,0.0,0.0
2014-05-15 00:00:00-04:00,42.46551798562963,42.46551798562963,41.58014472302235,42.29103088378906,14000,0.0,0.0
2014-05-16 00:00:00-04:00,42.17468032012234,42.57535600218615,41.95495065174307,42.26515579223633,15100,0.0,0.0
2014-05-19 00:00:00-04:00,42.006672129094085,43.38966063243906,42.006672129094085,42.90496826171875,16400,0.0,0.0
2014-05-20 00:00:00-04:00,42.704612676028056,42.704612676028056,41.79338902902954,42.23930740356445,16000,0.0,0.0
2014-05-21 00:00:00-04:00,42.03897490020365,42.568904876708984,42.03897490020365,42.568904876708984,11100,0.0,0.0
2014-05-22 00:00:00-04:00,42.704616083269826,44.0488303264048,42.62706355482369,42.78862762451172,11700,0.0,0.0
2014-05-23 00:00:00-04:00,43.09236643959521,43.34440597968268,43.05359264282601,43.279781341552734,13000,0.0,0.0
2014-05-27 00:00:00-04:00,43.48658662985115,43.48658662985115,43.29917171286152,43.37672424316406,12100,0.0,0.0
2014-05-28 00:00:00-04:00,43.42726764891671,43.725424415478656,43.1679993903448,43.58930969238281,12700,0.198,0.0
2014-05-29 00:00:00-04:00,43.81617683838578,44.54861019476383,43.25875169526674,43.66061782836914,31600,0.0,0.0
2014-05-30 00:00:00-04:00,43.53744125366211,43.816153677898896,43.17446877377388,43.53744125366211,17200,0.0,0.0
2014-06-02 00:00:00-04:00,43.47265835885769,44.367129052267146,43.36247090763035,44.243980407714844,11300,0.0,0.0
2014-06-03 00:00:00-04:00,44.28936475992585,44.73011963693075,44.0171351154878,44.60048294067383,11500,0.0,0.0
2014-06-04 00:00:00-04:00,44.76250511202663,44.76250511202663,44.11433675560513,44.50971984863281,16900,0.0,0.0
2014-06-05 00:00:00-04:00,44.658801305327934,44.658801305327934,44.010632940795254,44.269901275634766,5500,0.0,0.0
2014-06-06 00:00:00-04:00,44.243972973927754,44.477313975634786,44.243972973927754,44.46434783935547,15400,0.0,0.0
2014-06-09 00:00:00-04:00,44.50973237336407,44.50973237336407,44.036572109306334,44.412506103515625,22300,0.0,0.0
2014-06-10 00:00:00-04:00,44.159698750134446,44.39303970336914,43.93932393048559,44.39303970336914,10700,0.0,0.0
2014-06-11 00:00:00-04:00,44.269897690035414,44.58749877829561,44.1078556120267,44.503238677978516,15200,0.0,0.0
2014-06-12 00:00:00-04:00,44.522681068069005,44.99584114672818,44.40601057899263,44.91806411743164,17800,0.0,0.0
2014-06-13 00:00:00-04:00,44.84029109803334,45.36530593116168,44.67176592568216,45.16437530517578,17400,0.0,0.0
2014-06-16 00:00:00-04:00,45.1125216651548,45.721801570800274,45.08011621078743,45.488460540771484,13600,0.0,0.0
2014-06-17 00:00:00-04:00,45.35234048406375,45.47549405366681,45.03473937549661,45.11899948120117,18000,0.0,0.0
2014-06-18 00:00:00-04:00,45.183824622273534,45.41716567313663,44.95696664091583,45.30049514770508,9400,0.0,0.0
2014-06-19 00:00:00-04:00,45.50790437381479,46.382930755615234,45.488460112350964,46.382930755615234,11400,0.0,0.0
2014-06-20 00:00:00-04:00,46.55793071813722,47.11535585824063,46.408849831542796,46.52552032470703,37900,0.0,0.0
2014-06-23 00:00:00-04:00,46.68756883641189,46.96628144487778,45.96162339678534,45.9810676574707,16700,0.0,0.0
2014-06-24 00:00:00-04:00,46.078264253262645,46.214383895336304,44.65229652278685,44.70415115356445,21500,0.0,0.0
2014-06-25 00:00:00-04:00,44.76252088105263,45.0412335703046,44.49677433277081,44.56807327270508,25900,0.0,0.0
2014-06-26 00:00:00-04:00,44.880728591018,44.880728591018,44.07464506205956,44.82221984863281,29800,0.201,0.0
2014-06-27 00:00:00-04:00,44.7637165677482,44.880729094201556,44.20465727020761,44.70520782470703,13800,0.0,0.0
2014-06-30 00:00:00-04:00,44.56220661419668,45.446300348636946,44.56220661419668,45.335784912109375,33500,0.0,0.0
2014-07-01 00:00:00-04:00,45.58931327521036,45.58931327521036,45.062759248444216,45.24477767944336,8000,0.0,0.0
2014-07-02 00:00:00-04:00,45.24477266216184,45.36828728077032,44.58170488567522,44.75722122192383,23600,0.0,0.0
2014-07-03 00:00:00-04:00,44.69873462180111,44.965260265968524,44.69873462180111,44.86125183105469,8700,0.0,0.0
2014-07-07 00:00:00-04:00,44.84173733403989,44.84173733403989,43.502592552202984,43.76912307739258,130700,0.0,0.0
2014-07-08 00:00:00-04:00,43.704129095697965,43.704129095697965,43.01505277166456,43.11256408691406,57900,0.0,0.0
2014-07-09 00:00:00-04:00,43.13206697707088,43.437600128493315,42.77453208724405,43.05406188964844,31000,0.0,0.0
2014-07-10 00:00:00-04:00,42.80051475346117,42.89152892140528,42.28046284304124,42.78101348876953,31000,0.0,0.0
2014-07-11 00:00:00-04:00,42.644505187611,42.644505187611,41.513387052643,41.91643142700195,130500,0.0,0.0
2014-07-14 00:00:00-04:00,41.942430198869566,42.00744103635255,41.28586190522515,41.786415100097656,39600,0.0,0.0
2014-07-15 00:00:00-04:00,41.53939321626347,41.62390036646403,40.427773793205986,41.35737228393555,119400,0.0,0.0
2014-07-16 00:00:00-04:00,41.61090110088591,42.75501850313484,41.565394008022295,42.38447952270508,20000,0.0,0.0
2014-07-17 00:00:00-04:00,42.6900146337054,42.885037247178744,42.23496848177571,42.29347229003906,37000,0.0,0.0
2014-07-18 00:00:00-04:00,42.22844103195018,43.372562760296695,42.22844103195018,42.963016510009766,14700,0.0,0.0
2014-07-21 00:00:00-04:00,42.96303938962258,43.093056109599075,42.76151967319744,43.060550689697266,19000,0.0,0.0
2014-07-22 00:00:00-04:00,43.26856895003421,44.22417068542543,43.26856895003421,44.12665939331055,29100,0.0,0.0
2014-07-23 00:00:00-04:00,44.380177012845934,44.91973509098353,43.951134355750156,44.835227966308594,37800,0.0,0.0
2014-07-24 00:00:00-04:00,44.72471523632541,44.926234886282856,44.56869522381405,44.58169937133789,24800,0.0,0.0
2014-07-25 00:00:00-04:00,44.52970204985978,44.52970204985978,43.801623384161644,43.85363006591797,12800,0.0,0.0
2014-07-28 00:00:00-04:00,43.860128578184046,43.90563318111685,43.132049971629435,43.3920783996582,18300,0.0,0.0
2014-07-29 00:00:00-04:00,43.33274732351293,43.52183153310134,43.12410353611543,43.150184631347656,16900,0.199,0.0
2014-07-30 00:00:00-04:00,43.11758041381836,43.26754546220675,42.62857108895116,43.11758041381836,39400,0.0,0.0
2014-07-31 00:00:00-04:00,42.752459357469476,43.18930653789847,41.40931271422026,42.94154357910156,73500,0.0,0.0
2014-08-01 00:00:00-04:00,42.73941982541869,42.87634184855183,41.31802994040483,41.4223518371582,48700,0.0,0.0
2014-08-04 00:00:00-04:00,41.44191007232331,42.26344462241852,41.44191007232331,41.84615707397461,12200,0.0,0.0
2014-08-05 00:00:00-04:00,41.402795199911615,41.402795199911615,39.779282923675446,40.072689056396484,71000,0.0,0.0
2014-08-06 00:00:00-04:00,40.22917702421686,41.25935561598331,40.22917702421686,40.92683029174805,50000,0.0,0.0
2014-08-07 00:00:00-04:00,40.848589329502474,40.8681489110833,40.287858110032964,40.470420837402344,16200,0.0,0.0
2014-08-08 00:00:00-04:00,39.72712304757245,41.389754476335376,39.72712304757245,41.18762969970703,18700,0.0,0.0
2014-08-11 00:00:00-04:00,41.31149893271551,41.37018013807793,40.83553026132235,41.30497741699219,24000,0.0,0.0
2014-08-12 00:00:00-04:00,41.08330749754207,41.54623827373249,41.076788466769976,41.207191467285156,83400,0.0,0.0
2014-08-13 00:00:00-04:00,41.44190570934729,41.44190570934729,41.18761880450733,41.33106231689453,40800,0.0,0.0
2014-08-14 00:00:00-04:00,41.33106585148213,41.51362852851133,41.20718439024516,41.298465728759766,34000,0.0,0.0
2014-08-15 00:00:00-04:00,41.683162183684445,41.683162183684445,41.1419905776864,41.53971862792969,16300,0.0,0.0
2014-08-18 00:00:00-04:00,41.53320453557054,42.02221151503668,41.2984795935991,41.402801513671875,16300,0.0,0.0
2014-08-19 00:00:00-04:00,41.31151724477354,42.23085239091375,41.31151724477354,42.06133270263672,24200,0.0,0.0
2014-08-20 00:00:00-04:00,41.996131911434595,42.06133217337158,41.64404204039097,41.97005081176758,28200,0.0,0.0
2014-08-21 00:00:00-04:00,41.99612161187987,42.65465056273855,41.989600094947235,42.39384460449219,19000,0.0,0.0
2014-08-22 00:00:00-04:00,42.22432711559353,42.25692475300109,41.917880472093586,42.14608383178711,9600,0.0,0.0
2014-08-25 00:00:00-04:00,42.243878488484,42.243878488484,41.91787233096318,42.00263214111328,22300,0.0,0.0
2014-08-26 00:00:00-04:00,42.185205188481255,42.20476974129922,42.054804683123955,42.139564514160156,25400,0.0,0.0
2014-08-27 00:00:00-04:00,42.44432416465273,42.77786338631515,42.28082523103665,42.653602600097656,35400,0.196,0.0
2014-08-28 00:00:00-04:00,42.35928811541409,42.62742867665843,42.28081184546152,42.36582946777344,9200,0.0,0.0
2014-08-29 00:00:00-04:00,42.365857376201035,42.712474435731274,42.254679260803265,42.60783767700195,19000,0.0,0.0
2014-09-02 00:00:00-04:00,42.43125744602869,42.509738759993056,41.84266256007602,42.23506164550781,22000,0.0,0.0
2014-09-03 00:00:00-04:00,42.52280119632287,42.52280119632287,42.02576802202282,42.084625244140625,20900,0.0,0.0
2014-09-04 00:00:00-04:00,41.99306708817924,42.30698724793109,41.921127155519265,42.09116744995117,11800,0.0,0.0
2014-09-05 00:00:00-04:00,42.07155857793598,42.333157942902176,42.025779063286365,42.293914794921875,22500,0.0,0.0
2014-09-08 00:00:00-04:00,41.8034171200707,41.8034171200707,40.338467687504554,40.619686126708984,50500,0.0,0.0
2014-09-09 00:00:00-04:00,39.98529911286239,40.6000567046463,39.89374010850201,40.43655776977539,54400,0.0,0.0
2014-09-10 00:00:00-04:00,39.88720383309495,40.63929748535156,39.52750415723753,40.63929748535156,37700,0.0,0.0
2014-09-11 00:00:00-04:00,40.142254314741145,40.142254314741145,39.57981764789823,40.004913330078125,42200,0.0,0.0
2014-09-12 00:00:00-04:00,39.74986661314141,39.93952600671526,38.96507359591859,39.04355239868164,38700,0.0,0.0
2014-09-15 00:00:00-04:00,38.88005647727866,40.227286425021745,38.62499847726114,40.129188537597656,36600,0.0,0.0
2014-09-16 00:00:00-04:00,40.103011570764906,40.54772879585142,40.08339250032723,40.259971618652344,23900,0.0,0.0
2014-09-17 00:00:00-04:00,39.99837836809088,40.24689744167939,39.246282287797435,39.27898406982422,40100,0.0,0.0
2014-09-18 00:00:00-04:00,39.99837985194423,40.14879857462399,39.81526184082031,39.81526184082031,36500,0.0,0.0
2014-09-19 00:00:00-04:00,40.02454929594828,40.52812643476308,39.318232531440344,39.46211242675781,56300,0.0,0.0
2014-09-22 00:00:00-04:00,39.141650100120124,39.17435188801889,37.73556053833811,37.951377868652344,100200,0.0,0.0
2014-09-23 00:00:00-04:00,37.89906722059282,38.65770245120811,37.89906722059282,38.5792236328125,41400,0.0,0.0
2014-09-24 00:00:00-04:00,38.39609226032358,40.07686124227323,38.265292603268406,39.7956428527832,58300,0.0,0.0
2014-09-25 00:00:00-04:00,39.85450758325365,39.85450758325365,38.239139474184924,38.481117248535156,42600,0.0,0.0
2014-09-26 00:00:00-04:00,38.39185953241331,39.41546840802182,38.39185953241331,39.20549774169922,37800,0.194,0.0
2014-09-29 00:00:00-04:00,38.903687099924205,39.94698053001271,38.726523781262095,39.78950119018555,38400,0.0,0.0
2014-09-30 00:00:00-04:00,39.763260859321676,40.05853310642077,39.54016655074121,39.87480926513672,35900,0.0,0.0
2014-10-01 00:00:00-04:00,39.999466815539314,40.29473897522589,39.185830756679486,39.467979431152344,49800,0.0,0.0
2014-10-02 00:00:00-04:00,39.19893541313553,39.349851666029146,38.109711694081355,39.23174285888672,64300,0.0,0.0
2014-10-03 00:00:00-04:00,39.08740463743247,39.51390913276798,38.66090014209696,38.929927825927734,32700,0.0,0.0
2014-10-06 00:00:00-04:00,38.97585470062641,39.57951992009669,38.79212843566059,38.89711380004883,33000,0.0,0.0
2014-10-07 00:00:00-04:00,38.903684267439374,38.903684267439374,37.38139493982427,37.53887176513672,116300,0.0,0.0
2014-10-08 00:00:00-04:00,37.328907677854104,37.36171514707928,35.81318107342555,36.908966064453125,162500,0.0,0.0
2014-10-09 00:00:00-04:00,36.66618485857855,36.98770153556254,35.43260459049995,35.60976791381836,70100,0.0,0.0
2014-10-10 00:00:00-04:00,35.43259707694041,36.31841100264443,34.343372896549006,35.393226623535156,70500,0.0,0.0
2014-10-13 00:00:00-04:00,35.071701490039935,35.25542522184359,34.4483498960728,34.65176010131836,31800,0.0,0.0
2014-10-14 00:00:00-04:00,34.65833279075403,35.8066115248367,34.57959437841351,34.73051071166992,70900,0.0,0.0
2014-10-15 00:00:00-04:00,34.34993843356164,34.63865012818362,33.490371350516625,34.46148681640625,73000,0.0,0.0
2014-10-16 00:00:00-04:00,33.86436416975562,37.519169359839694,33.85780117847916,36.64647674560547,161100,0.0,0.0
2014-10-17 00:00:00-04:00,37.19109094340366,38.0572205910951,37.10578957570815,37.89318084716797,91900,0.0,0.0
2014-10-20 00:00:00-04:00,37.99817837767003,38.12941071553686,37.63729132582275,38.11628723144531,37100,0.0,0.0
2014-10-21 00:00:00-04:00,38.72651779782522,39.40892399322582,37.401075861660175,39.35643005371094,48300,0.0,0.0
2014-10-22 00:00:00-04:00,38.83149323761183,39.71730696434875,37.7685162649179,37.880062103271484,55000,0.0,0.0
2014-10-23 00:00:00-04:00,38.66746593164344,39.60577388678133,38.41812470851022,38.818382263183594,60700,0.0,0.0
2014-10-24 00:00:00-04:00,38.70683198500015,38.96929416097164,38.46405128083945,38.64777755737305,29900,0.0,0.0
2014-10-27 00:00:00-04:00,38.135978715328655,38.17534917535565,37.17798671544747,37.34858703613281,44100,0.0,0.0
2014-10-28 00:00:00-04:00,37.37483754799669,38.24096772619939,37.07300483502743,38.22784423828125,33500,0.0,0.0
2014-10-29 00:00:00-04:00,38.749898080956285,39.30290385675038,37.93355526473904,38.22980880737305,38100,0.193,0.0
2014-10-30 00:00:00-04:00,37.959890218439575,37.99280672129852,36.583959303442896,36.6695442199707,35600,0.0,0.0
2014-10-31 00:00:00-04:00,36.84730277157809,37.47272396901424,35.879541848360496,37.025054931640625,29100,0.0,0.0
2014-11-03 00:00:00-05:00,36.741956751495124,37.63729705284864,36.13628263820865,36.32720184326172,40200,0.0,0.0
2014-11-04 00:00:00-05:00,35.98486807633949,35.98486807633949,34.042764370232305,34.332435607910156,76100,0.0,0.0
2014-11-05 00:00:00-05:00,34.35877054115588,36.439125255167234,34.28635523627763,36.38645935058594,44200,0.0,0.0
2014-11-06 00:00:00-05:00,36.20872596929333,36.75514976665099,35.69522120463981,36.603729248046875,55500,0.0,0.0
2014-11-07 00:00:00-05:00,36.9921188573069,38.479968469060864,36.9394529701069,38.24296569824219,36200,0.0,0.0
2014-11-10 00:00:00-05:00,38.55898653641135,39.89541638117293,36.26138057188399,36.78146743774414,51500,0.0,0.0
2014-11-11 00:00:00-05:00,36.62346039147696,36.946045633452755,35.8005352681556,36.92629623413086,95600,0.0,0.0
2014-11-12 00:00:00-05:00,36.59711112529491,37.64387155187833,36.26135891814196,36.4654426574707,95900,0.0,0.0
2014-11-13 00:00:00-05:00,36.52469487536306,36.52469487536306,35.08293149616341,35.3001823425293,49900,0.0,0.0
2014-11-14 00:00:00-05:00,35.313369787537816,36.04412784987481,35.05003520047867,35.84662628173828,37200,0.0,0.0
2014-11-17 00:00:00-05:00,35.58328699546609,35.58328699546609,35.06978244761027,35.19486618041992,36700,0.0,0.0
2014-11-18 00:00:00-05:00,35.2672745645546,35.42527727388185,34.63526874998131,34.766937255859375,116500,0.0,0.0
2014-11-19 00:00:00-05:00,34.52993953068244,34.66819035209068,34.08885034776364,34.3719367980957,145700,0.0,0.0
2014-11-20 00:00:00-05:00,34.29292944753633,35.319940714106096,34.23367874924639,35.27385711669922,30100,0.0,0.0
2014-11-21 00:00:00-05:00,36.22845036019031,36.99212468005252,36.22845036019031,36.3601188659668,44600,0.0,0.0
2014-11-24 00:00:00-05:00,36.36012447296392,36.36012447296392,34.727441279120185,35.06977844238281,51700,0.0,0.0
2014-11-25 00:00:00-05:00,35.09951638139802,35.45646123121302,34.616980945853236,34.769012451171875,78700,0.215,0.0
2014-11-26 00:00:00-05:00,34.82939406707954,34.82939406707954,33.95368379013749,34.066463470458984,65700,0.191,0.0
2014-11-28 00:00:00-05:00,32.85903704163791,32.91211160644334,29.940004307171687,31.4393253326416,75900,0.0,0.0
2014-12-01 00:00:00-05:00,30.158932117044213,31.187227821254776,29.3694669053181,30.019615173339844,118800,0.0,0.0
2014-12-02 00:00:00-05:00,29.614920415201233,30.298238790956066,29.11072484809485,29.45570182800293,73400,0.0,0.0
2014-12-03 00:00:00-05:00,29.833857405545118,30.49727427447352,29.58839134191276,30.37122344970703,192000,0.0,0.0
2014-12-04 00:00:00-05:00,29.853760973979888,30.08595588037253,27.598142465874204,28.221755981445312,207400,0.0,0.0
2014-12-05 00:00:00-05:00,28.321265514117478,28.79229341924849,27.86350878092388,28.43404769897461,162600,0.0,0.0
2014-12-08 00:00:00-05:00,27.62467190292892,28.526919049889365,25.89315385335541,26.715791702270508,172400,0.0,0.0
2014-12-09 00:00:00-05:00,26.53667220140081,28.467215002823345,26.11208585109588,26.616281509399414,130300,0.0,0.0
2014-12-10 00:00:00-05:00,26.41063414652946,26.66273080793378,25.52165518231279,26.51014518737793,102400,0.0,0.0
2014-12-11 00:00:00-05:00,26.025845383459853,27.830340209839505,26.025845383459853,26.390724182128906,114300,0.0,0.0
2014-12-12 00:00:00-05:00,25.621164714907767,26.6361944808096,25.52165367991726,26.483606338500977,193600,0.0,0.0
2014-12-15 00:00:00-05:00,26.49023733243675,26.669360201241215,25.873259405688483,26.23813819885254,105100,0.0,0.0
2014-12-16 00:00:00-05:00,26.138630816505113,28.792298816932636,25.78038502907099,27.750734329223633,274300,0.0,0.0
2014-12-17 00:00:00-05:00,27.836977843964274,30.629962920099388,27.438928640080903,30.039522171020508,160400,0.0,0.0
2014-12-18 00:00:00-05:00,31.797576524993126,32.90548168325582,30.775913753279095,31.644990921020508,144400,0.0,0.0
2014-12-19 00:00:00-05:00,31.90373133590764,33.66842088084673,31.306654879421036,33.495933532714844,132000,0.0,0.0
2014-12-22 00:00:00-05:00,33.403035933350765,33.562257083953405,32.34157003178092,32.81259536743164,69300,0.0,0.0
2014-12-23 00:00:00-05:00,32.8457711857984,33.40304150983995,32.8457711857984,33.197383880615234,57700,0.0,0.0
2014-12-24 00:00:00-05:00,33.09123106626465,33.097864120816475,32.626838794873976,32.86566925048828,22500,0.0,0.0
2014-12-26 00:00:00-05:00,32.93202676729765,33.30354128062758,32.752903833945844,32.8922233581543,15200,0.0,0.0
2014-12-29 00:00:00-05:00,32.92883525139741,33.36166977546332,32.82229109498901,33.23514938354492,55200,0.185,0.0
2014-12-30 00:00:00-05:00,33.17523032495796,33.30175076335834,32.50267056683002,32.60255432128906,113900,0.0,0.0
2014-12-31 00:00:00-05:00,32.29622884354892,33.04203795300625,31.890028445474307,32.63583755493164,58700,0.0,0.0
2015-01-02 00:00:00-05:00,32.3228653240176,33.428261914330136,32.3228653240176,32.97544860839844,52300,0.0,0.0
2015-01-05 00:00:00-05:00,32.26958105162923,32.26958105162923,29.892313270307,30.33180809020996,105100,0.0,0.0
2015-01-06 00:00:00-05:00,29.832391721760523,30.3184995938938,28.547201406857763,29.226421356201172,95300,0.0,0.0
2015-01-07 00:00:00-05:00,29.59265884239574,30.018837894364918,28.900123280897134,28.993349075317383,73300,0.0,0.0
2015-01-08 00:00:00-05:00,29.2863649221204,29.366272437946243,28.460647998087033,29.07327651977539,89300,0.0,0.0
2015-01-09 00:00:00-05:00,29.093250059245612,29.106568400680903,28.59382368638473,28.793596267700195,66100,0.0,0.0
2015-01-12 00:00:00-05:00,28.16764503092492,28.16764503092492,25.89026214282161,25.950193405151367,131900,0.0,0.0
2015-01-13 00:00:00-05:00,26.056735216571223,26.90243071234357,25.43744640896008,26.855817794799805,129600,0.0,0.0
2015-01-14 00:00:00-05:00,26.54284808693007,28.50725904799501,26.436303892781496,28.394054412841797,88000,0.0,0.0
2015-01-15 00:00:00-05:00,29.053289425353118,29.053289425353118,27.10219740613116,27.228717803955078,62300,0.0,0.0
2015-01-16 00:00:00-05:00,27.408508583403773,29.3063270462371,27.408508583403773,29.066604614257812,56200,0.0,0.0
2015-01-20 00:00:00-05:00,29.206455469416372,29.805765608687082,28.187626454506393,28.8402099609375,109300,0.0,0.0
2015-01-21 00:00:00-05:00,29.266378830852876,30.085437578064976,28.973380471054117,29.199787139892578,75600,0.0,0.0
2015-01-22 00:00:00-05:00,29.326308974211532,29.725848944019454,28.087731511508526,28.846858978271484,79100,0.0,0.0
2015-01-23 00:00:00-05:00,28.53389278701621,29.752494371772247,28.53389278701621,29.3729305267334,110900,0.0,0.0
2015-01-26 00:00:00-05:00,29.48611801473631,30.118724956523742,29.37957387487199,29.58600425720215,36400,0.0,0.0
2015-01-27 00:00:00-05:00,29.692545666260568,30.03215428702802,29.42618407099056,29.9056339263916,50300,0.0,0.0
2015-01-28 00:00:00-05:00,29.75390144384901,29.75390144384901,28.176298327388622,28.35678482055664,52200,0.173,0.0
2015-01-29 00:00:00-05:00,28.276573749992274,28.537279345801934,27.588043325157827,28.249834060668945,37200,0.0,0.0
2015-01-30 00:00:00-05:00,27.975747777637363,29.459766809438342,27.828684643430556,29.279277801513672,51900,0.0,0.0
2015-02-02 00:00:00-05:00,29.279265948780946,30.63627478123723,29.272582306764708,30.48252296447754,71100,0.0,0.0
2015-02-03 00:00:00-05:00,30.716506780760213,33.778128930694464,30.716506780760213,32.88236999511719,157200,0.0,0.0
2015-02-04 00:00:00-05:00,31.939817726965796,31.939817726965796,29.580095657738628,30.041343688964844,136600,0.0,0.0
2015-02-05 00:00:00-05:00,30.562756213347722,30.68976587113286,29.70710428447199,30.449113845825195,61200,0.0,0.0
2015-02-06 00:00:00-05:00,30.656339588147357,30.91704507373634,30.10150274442841,30.529327392578125,57200,0.0,0.0
2015-02-09 00:00:00-05:00,30.642988289700554,32.02673558893788,30.642988289700554,31.34488868713379,42700,0.0,0.0
2015-02-10 00:00:00-05:00,31.1978081397489,31.378297165020825,29.78063816913975,30.041343688964844,52000,0.0,0.0
2015-02-11 00:00:00-05:00,29.70710738875028,30.141618318742317,28.84477427466905,29.88091278076172,39500,0.0,0.0
2015-02-12 00:00:00-05:00,30.622917689631475,31.191121848745485,30.00123417199389,30.796720504760742,59300,0.0,0.0
2015-02-13 00:00:00-05:00,31.832863376147976,32.30079762960574,31.244605648979416,31.451831817626953,43400,0.0,0.0
2015-02-17 00:00:00-05:00,31.26465251643326,31.679107316010224,30.79003471772125,31.458511352539062,64600,0.0,0.0
2015-02-18 00:00:00-05:00,31.39834557398285,31.39834557398285,30.08144590395387,30.148292541503906,60700,0.0,0.0
2015-02-19 00:00:00-05:00,29.546676956104626,30.676401902206866,29.118852184800506,30.489229202270508,31400,0.0,0.0
2015-02-20 00:00:00-05:00,30.442427216374526,30.87025186385392,29.96780940745433,30.088132858276367,49900,0.0,0.0
2015-02-23 00:00:00-05:00,29.753900184034848,29.753900184034848,28.931674055385386,29.179012298583984,57100,0.0,0.0
2015-02-24 00:00:00-05:00,29.32607750209367,29.62689258235966,28.296625133014203,28.41026496887207,93500,0.0,0.0
2015-02-25 00:00:00-05:00,28.525710533977787,29.532500317529944,28.525710533977787,29.512365341186523,84900,0.172,0.0
2015-02-26 00:00:00-05:00,29.076076261980447,29.297571148267014,28.700207315735536,29.089500427246094,42500,0.0,0.0
2015-02-27 00:00:00-05:00,29.40496577515661,29.995613762096937,29.40496577515661,29.854663848876953,82100,0.0,0.0
2015-03-02 00:00:00-05:00,30.103000183098896,30.156696843451673,29.00224424984384,29.250587463378906,57400,0.0,0.0
2015-03-03 00:00:00-05:00,29.102937944078473,30.270812693601066,29.102937944078473,30.14999771118164,54600,0.0,0.0
2015-03-04 00:00:00-05:00,30.129872759862092,30.666826993507712,29.566070174434252,30.425199508666992,46400,0.0,0.0
2015-03-05 00:00:00-05:00,30.418475429977853,30.418475429977853,29.505652273991416,29.599618911743164,78400,0.0,0.0
2015-03-06 00:00:00-05:00,29.418395839048305,29.807686519364363,29.029102598333672,29.324426651000977,48500,0.0,0.0
2015-03-09 00:00:00-04:00,29.324418820499176,29.525778752147144,28.76733000802736,28.881431579589844,44100,0.0,0.0
2015-03-10 00:00:00-04:00,28.492135678835485,28.787459597454554,28.40487989545358,28.54582977294922,70900,0.0,0.0
2015-03-11 00:00:00-04:00,28.458595170728465,28.807613411827642,28.183406037293175,28.498865127563477,54600,0.0,0.0
2015-03-12 00:00:00-04:00,28.760624255282238,28.760624255282238,28.277366948483998,28.398181915283203,56200,0.0,0.0
2015-03-13 00:00:00-04:00,28.223680120888535,28.35120849724369,27.794116782512024,28.310935974121094,58800,0.0,0.0
2015-03-16 00:00:00-04:00,28.02902848064528,28.156556834467597,27.633024367974045,28.13641929626465,66700,0.0,0.0
2015-03-17 00:00:00-04:00,27.90149876711891,28.498860255098528,27.814242941562746,28.418317794799805,57300,0.0,0.0
2015-03-18 00:00:00-04:00,28.16997065113478,29.774121489934746,27.88135746017767,29.6063232421875,46000,0.0,0.0
2015-03-19 00:00:00-04:00,28.868001293074382,29.00895372742385,28.24379434265822,28.33776092529297,42300,0.0,0.0
2015-03-20 00:00:00-04:00,28.847865256677167,29.109630030120414,28.28406322141584,28.68006706237793,50000,0.0,0.0
2015-03-23 00:00:00-04:00,28.693493565993045,29.552619571565767,28.693493565993045,29.431804656982422,49600,0.0,0.0
2015-03-24 00:00:00-04:00,29.599614151530133,29.619751685237592,29.055949388998997,29.27073097229004,32300,0.0,0.0
2015-03-25 00:00:00-04:00,29.391537589507895,30.002323023681647,29.176756067187302,29.693574905395508,40800,0.0,0.0
2015-03-26 00:00:00-04:00,30.06944247610636,30.619820468826152,29.41167371798753,29.87479591369629,51000,0.0,0.0
2015-03-27 00:00:00-04:00,29.8087893767058,29.8087893767058,28.858735423765907,28.946327209472656,36000,0.172,0.0
2015-03-30 00:00:00-04:00,29.006953425164454,29.134976469675777,28.259038522098585,28.33315658569336,33100,0.0,0.0
2015-03-31 00:00:00-04:00,28.056896541159475,28.798074515818325,27.942352326265205,28.353368759155273,47500,0.0,0.0
2015-04-01 00:00:00-04:00,28.38032809908122,29.236050572759435,28.32642567721338,29.081077575683594,79200,0.0,0.0
2015-04-02 00:00:00-04:00,28.899146064531834,30.105243025352856,28.899146064531834,29.606632232666016,63100,0.0,0.0
2015-04-06 00:00:00-04:00,29.930051315045713,30.152405483093183,29.748128448882312,29.963743209838867,42600,0.0,0.0
2015-04-07 00:00:00-04:00,29.855934321318916,30.496039164765584,29.855934321318916,30.16588020324707,62900,0.0,0.0
2015-04-08 00:00:00-04:00,30.287170956153233,30.354549617547097,28.575726225304873,28.663320541381836,65700,0.0,0.0
2015-04-09 00:00:00-04:00,28.79807573597532,29.28320767358844,28.582458399965237,29.229305267333984,51400,0.0,0.0
2015-04-10 00:00:00-04:00,29.49881886599635,29.76833857561324,28.959782017093005,29.53251075744629,49900,0.0,0.0
2015-04-13 00:00:00-04:00,29.71444603596344,30.08503643429788,29.492094367294296,29.559473037719727,31300,0.0,0.0
2015-04-14 00:00:00-04:00,29.970485790451576,30.522999042583418,29.876154635745827,30.280431747436523,61900,0.0,0.0
2015-04-15 00:00:00-04:00,30.556676030761306,31.91774552682969,30.30737199826432,31.78298568725586,82200,0.0,0.0
2015-04-16 00:00:00-04:00,31.7829931388099,32.706096585598544,31.62802018658199,32.43657684326172,64600,0.0,0.0
2015-04-17 00:00:00-04:00,32.3287794674686,32.58482304491144,32.00535721875048,32.35573196411133,40900,0.0,0.0
2015-04-20 00:00:00-04:00,32.30856867052847,32.881295127963924,32.207498086119045,32.5511360168457,52300,0.0,0.0
2015-04-21 00:00:00-04:00,32.57135655108014,32.59830905579462,32.03231930845208,32.38943099975586,40000,0.0,0.0
2015-04-22 00:00:00-04:00,32.564602196400074,32.8004300599897,32.18053563660549,32.36246109008789,48000,0.0,0.0
2015-04-23 00:00:00-04:00,32.40032854603206,33.21862051017678,32.386802739213486,32.92782211303711,40100,0.176,0.0
2015-04-24 00:00:00-04:00,32.81962105376586,32.90077590163932,32.488247787526845,32.68436813354492,38400,0.0,0.0
2015-04-27 00:00:00-04:00,32.83991722273292,33.04279922094823,32.650558455252,32.75876235961914,38700,0.0,0.0
2015-04-28 00:00:00-04:00,32.779032398213225,33.04954070446088,32.29887544651966,32.440895080566406,27200,0.0,0.0
2015-04-29 00:00:00-04:00,32.48824826976807,32.60997796360108,32.204211457563,32.42738342285156,49900,0.0,0.0
2015-04-30 00:00:00-04:00,32.49501664067197,32.63703378641215,31.825505765162777,32.55588150024414,51000,0.0,0.0
2015-05-01 00:00:00-04:00,32.27185247529099,32.33271734479586,31.582051480830888,31.960763931274414,43200,0.0,0.0
2015-05-04 00:00:00-04:00,32.01486318991021,32.325949115330744,31.757877930752706,31.920185089111328,29100,0.0,0.0
2015-05-05 00:00:00-04:00,32.45443609431352,32.69789291011027,31.446785280333273,31.582040786743164,38700,0.0,0.0
2015-05-06 00:00:00-04:00,31.92017795088604,32.062195070325444,31.128934922981585,31.554988861083984,46600,0.0,0.0
2015-05-07 00:00:00-04:00,31.440029378923985,31.440029378923985,30.29712285085483,30.83814239501953,50000,0.0,0.0
2015-05-08 00:00:00-04:00,31.345346188011916,32.231267394147544,30.52029241673549,32.062198638916016,64100,0.0,0.0
2015-05-11 00:00:00-04:00,32.190677245410875,32.190677245410875,30.70287485104198,31.0071964263916,54100,0.0,0.0
2015-05-12 00:00:00-04:00,31.108649134719492,31.98780609430905,31.07483590161688,31.62938117980957,33600,0.0,0.0
2015-05-13 00:00:00-04:00,31.87959996296701,31.974278040922858,31.14922437603323,31.38591957092285,32900,0.0,0.0
2015-05-14 00:00:00-04:00,31.45353974490328,31.839018753470945,30.90575880914892,31.101879119873047,45700,0.0,0.0
2015-05-15 00:00:00-04:00,30.736689987068534,31.426490588403492,30.58114709359844,31.115402221679688,28200,0.0,0.0
2015-05-18 00:00:00-04:00,30.993676926954922,31.081590798062336,30.43236757559769,30.4661808013916,23700,0.0,0.0
2015-05-19 00:00:00-04:00,30.533815891742684,30.533815891742684,29.580268288348034,30.060422897338867,53800,0.0,0.0
2015-05-20 00:00:00-04:00,30.16634178161621,30.43113707312977,29.989809860580753,30.16634178161621,34400,0.176,0.0
2015-05-21 00:00:00-04:00,30.2817712421513,31.36811440256709,30.173137185113745,30.892839431762695,34100,0.0,0.0
2015-05-22 00:00:00-04:00,30.66877087662693,30.87246193772099,30.29534158135354,30.34286880493164,20900,0.0,0.0
2015-05-26 00:00:00-04:00,29.77254201801247,29.847228401311472,29.093578664442838,29.13431739807129,41800,0.0,0.0
2015-05-27 00:00:00-04:00,28.90346285452987,29.147890017872548,28.659035691187196,28.883094787597656,39300,0.0,0.0
2015-05-28 00:00:00-04:00,28.61150340470795,28.91024881364754,28.353496712452454,28.73371696472168,41500,0.0,0.0
2015-05-29 00:00:00-04:00,28.69297597059087,29.27009608930098,28.434971888852495,28.97814178466797,39300,0.0,0.0
2015-06-01 00:00:00-04:00,28.930627894084147,28.930627894084147,28.319559861313806,28.59793472290039,34200,0.0,0.0
2015-06-02 00:00:00-04:00,28.7880464187769,29.64353908062833,28.67941238885863,29.45343017578125,67000,0.0,0.0
2015-06-03 00:00:00-04:00,29.283684028747647,29.60279497683388,28.74730247020819,28.944202423095703,21700,0.0,0.0
2015-06-04 00:00:00-04:00,28.6997752303167,28.6997752303167,28.047971169580887,28.129446029663086,30000,0.0,0.0
2015-06-05 00:00:00-04:00,27.993655627749114,29.025680120620336,27.857862454206174,28.937414169311523,37900,0.0,0.0
2015-06-08 00:00:00-04:00,28.91025504978081,29.141100057336462,28.84914825659281,28.971359252929688,33100,0.0,0.0
2015-06-09 00:00:00-04:00,29.263326284064238,29.962660461525545,29.242958207549915,29.76576042175293,56300,0.0,0.0
2015-06-10 00:00:00-04:00,30.295335556962947,30.73666264818723,30.071279060369527,30.41754913330078,39800,0.0,0.0
2015-06-11 00:00:00-04:00,30.431142729801692,30.471881470699405,30.057713336713046,30.383615493774414,35400,0.0,0.0
2015-06-12 00:00:00-04:00,30.342884851660767,30.45151893300995,29.996614526747983,30.207094192504883,35200,0.0,0.0
2015-06-15 00:00:00-04:00,29.921916384296075,30.38361169660975,29.745387042547804,30.00339126586914,30500,0.0,0.0
2015-06-16 00:00:00-04:00,30.037344319234844,30.74346434236866,29.96265792495145,30.655200958251953,33100,0.0,0.0
2015-06-17 00:00:00-04:00,30.811354519874108,31.13046550178289,30.49224094792595,30.872461318969727,47800,0.0,0.0
2015-06-18 00:00:00-04:00,31.10828230846617,31.67401262446721,30.719769783061686,30.92424964904785,79800,0.176,0.0
2015-06-19 00:00:00-04:00,30.672065657299648,31.101475304530744,30.290367904193868,30.378976821899414,61500,0.0,0.0
2015-06-22 00:00:00-04:00,30.310818579636063,30.50166616157487,29.874594049431185,30.40624237060547,37300,0.0,0.0
2015-06-23 00:00:00-04:00,30.30399410827169,30.590268015151103,30.208570339346117,30.399417877197266,33800,0.0,0.0
2015-06-24 00:00:00-04:00,30.249481203905106,30.597096892727734,29.738279979098728,30.542570114135742,43500,0.0,0.0
2015-06-25 00:00:00-04:00,30.72659493036178,30.767489353716726,30.249473390429458,30.508480072021484,55200,0.0,0.0
2015-06-26 00:00:00-04:00,30.33808265105684,30.447138790755606,29.929122777212324,30.41305923461914,47500,0.0,0.0
2015-06-29 00:00:00-04:00,29.49289478055099,29.77235126846045,29.13164684742742,29.383838653564453,45900,0.0,0.0
2015-06-30 00:00:00-04:00,29.64965948151029,29.64965948151029,29.090746568257867,29.43836212158203,48700,0.0,0.0
2015-07-01 00:00:00-04:00,29.377018961458486,29.377018961458486,28.49775514166819,28.572729110717773,21900,0.0,0.0
2015-07-02 00:00:00-04:00,28.70224589772055,29.281606260183086,28.70224589772055,28.940805435180664,24700,0.0,0.0
2015-07-06 00:00:00-04:00,28.14332469426319,28.14332469426319,27.386746663377103,27.523067474365234,57400,0.0,0.0
2015-07-07 00:00:00-04:00,27.250432891081147,28.00019624512554,26.855105297217346,27.829795837402344,77400,0.0,0.0
2015-07-08 00:00:00-04:00,27.48216825811174,27.95247228838475,26.71877541763725,26.998231887817383,63500,0.0,0.0
2015-07-09 00:00:00-04:00,27.68665816088814,27.782081975409383,26.282560432754522,26.28937530517578,55800,0.0,0.0
2015-07-10 00:00:00-04:00,26.42569255231674,26.74604611462956,26.037179874666695,26.45977210998535,81800,0.0,0.0
2015-07-13 00:00:00-04:00,26.25529898329801,26.25529898329801,25.716832991923155,26.00310707092285,140100,0.0,0.0
2015-07-14 00:00:00-04:00,25.859957013601,26.602902667555192,25.805430251896798,26.384790420532227,54900,0.0,0.0
2015-07-15 00:00:00-04:00,26.13941579155983,26.289368949615113,25.19880761858572,25.362390518188477,124400,0.0,0.0
2015-07-16 00:00:00-04:00,25.328310645860842,25.553240380117504,24.62626196033843,24.83074188232422,82000,0.0,0.0
2015-07-17 00:00:00-04:00,24.89889888601949,24.89889888601949,23.98555288488451,24.312721252441406,99000,0.0,0.0
2015-07-20 00:00:00-04:00,24.173035674477298,24.30314717288008,23.50194319834548,23.618358612060547,50900,0.166,0.0
2015-07-21 00:00:00-04:00,23.686830602497253,24.323684016541584,23.577264564181046,23.652591705322266,96000,0.0,0.0
2015-07-22 00:00:00-04:00,23.289655979151473,23.54302960762886,22.789760682395233,23.385528564453125,63500,0.0,0.0
2015-07-23 00:00:00-04:00,23.419768286251987,23.67313931132787,23.00204686431603,23.549877166748047,73700,0.0,0.0
2015-07-24 00:00:00-04:00,23.543020594178852,23.543020594178852,22.803448035705244,22.92671012878418,103800,0.0,0.0
2015-07-27 00:00:00-04:00,22.659650251576128,22.81715128394437,21.844751618255163,21.981708526611328,91300,0.0,0.0
2015-07-28 00:00:00-04:00,22.11181781133312,23.18693537811857,22.057033486071496,22.755517959594727,79400,0.0,0.0
2015-07-29 00:00:00-04:00,22.803452514815287,23.700526232370763,22.440515509604918,23.597806930541992,83900,0.0,0.0
2015-07-30 00:00:00-04:00,23.61150645224605,23.967596774945093,23.426613249368042,23.71422576904297,203300,0.0,0.0
2015-07-31 00:00:00-04:00,23.597809736737716,23.74846403406594,22.974652341780985,23.07052230834961,60800,0.0,0.0
2015-08-03 00:00:00-04:00,22.68020001641329,22.913028268677536,21.981715259620557,22.050195693969727,45500,0.0,0.0
2015-08-04 00:00:00-04:00,22.426826637433265,23.173246315505462,22.358348822376115,22.782917022705078,67700,0.0,0.0
2015-08-05 00:00:00-04:00,23.07737311981177,23.611507317299,22.693890616949165,22.78976058959961,132600,0.0,0.0
2015-08-06 00:00:00-04:00,22.673338137011115,23.89226031950867,22.426813962515045,23.8648681640625,115300,0.0,0.0
2015-08-07 00:00:00-04:00,23.70737328751252,24.241510007084063,23.15269636446184,23.255413055419922,88900,0.0,0.0
2015-08-10 00:00:00-04:00,23.234867710505778,24.494878313163174,23.008886312927935,24.440093994140625,123200,0.0,0.0
2015-08-11 00:00:00-04:00,24.104547525553333,24.392157343864664,23.28964781581804,24.33737564086914,105000,0.0,0.0
2015-08-12 00:00:00-04:00,24.474337304351778,25.268691702932166,24.474337304351778,25.172819137573242,92900,0.0,0.0
2015-08-13 00:00:00-04:00,24.926301179911107,24.926301179911107,23.796399167348554,23.892269134521484,96300,0.0,0.0
2015-08-14 00:00:00-04:00,23.803242096950797,24.58390301682001,23.803242096950797,24.125093460083008,120800,0.0,0.0
2015-08-17 00:00:00-04:00,23.981286824605885,23.981286824605885,23.3033452512816,23.584108352661133,111200,0.0,0.0
2015-08-18 00:00:00-04:00,23.467692770352475,23.481388848315554,22.782904545757166,23.18692970275879,116900,0.0,0.0
2015-08-19 00:00:00-04:00,22.851390170114154,23.11845725145132,21.96801504236676,22.18714714050293,123100,0.0,0.0
2015-08-20 00:00:00-04:00,22.12795310952553,22.685451932067274,21.96276662009268,22.67168617248535,106600,0.164,0.0
2015-08-21 00:00:00-04:00,22.589094626066288,22.80245996490222,21.838877782124104,21.866409301757812,100700,0.0,0.0
2015-08-24 00:00:00-04:00,19.78094055435702,21.47409065075255,19.540045050007976,20.14572525024414,240700,0.0,0.0
2015-08-25 00:00:00-04:00,20.882180133146885,21.336439712322715,20.379741706600157,20.421037673950195,105600,0.0,0.0
2015-08-26 00:00:00-04:00,21.06801569512837,21.2469666521227,20.572458794905533,21.16437339782715,90900,0.0,0.0
2015-08-27 00:00:00-04:00,21.73563591400726,22.86440320900872,21.604863829088945,22.300020217895508,82900,0.0,0.0
2015-08-28 00:00:00-04:00,22.162365165428017,23.669680324649143,22.155480973182,23.476964950561523,114500,0.0,0.0
2015-08-31 00:00:00-04:00,22.98829536150586,24.041351117026352,22.06601039489334,23.827985763549805,127200,0.0,0.0
2015-09-01 00:00:00-04:00,23.029582035372325,23.29112614807823,22.554675268699313,22.97452163696289,84300,0.0,0.0
2015-09-02 00:00:00-04:00,23.00204913194854,23.20164864340119,21.611740680457142,22.26559829711914,78200,0.0,0.0
2015-09-03 00:00:00-04:00,22.57533143047516,23.353079882391846,22.18990061402482,22.699220657348633,66200,0.0,0.0
2015-09-04 00:00:00-04:00,22.024708140980113,23.187887094477695,22.017825262153067,22.712980270385742,100300,0.0,0.0
2015-09-08 00:00:00-04:00,23.002052891174937,23.532022736360837,22.7680428919095,23.119060516357422,64600,0.0,0.0
2015-09-09 00:00:00-04:00,23.27048458922799,23.607736505065272,22.24495783121738,22.375728607177734,60300,0.0,0.0
2015-09-10 00:00:00-04:00,22.403258853809962,22.540913814427917,21.99029659750609,22.417024612426758,78500,0.0,0.0
2015-09-11 00:00:00-04:00,22.244949420692272,22.244949420692272,21.026707742804497,21.24695587158203,62300,0.0,0.0
2015-09-14 00:00:00-04:00,21.185013654954908,21.570445625978355,20.882173592763408,21.040475845336914,61200,0.0,0.0
2015-09-15 00:00:00-04:00,21.054253883804023,21.48098205819028,20.85465424759638,20.971660614013672,49700,0.0,0.0
2015-09-16 00:00:00-04:00,21.171247720019522,22.162359807036644,21.171247720019522,22.155475616455078,48200,0.0,0.0
2015-09-17 00:00:00-04:00,22.093535743492744,22.46520334772458,21.92835189197858,22.176130294799805,46500,0.0,0.0
2015-09-18 00:00:00-04:00,22.01218257721718,22.378820855264767,21.83923959490787,22.150537490844727,53700,0.163,0.0
2015-09-21 00:00:00-04:00,22.40649568459586,22.482591030307194,22.129787135805245,22.427248001098633,55300,0.0,0.0
2015-09-22 00:00:00-04:00,22.00526515094852,22.579435811214445,22.00526515094852,22.192045211791992,34800,0.0,0.0
2015-09-23 00:00:00-04:00,22.240467857616213,22.427243950206726,21.57636614102081,21.604036331176758,54000,0.0,0.0
2015-09-24 00:00:00-04:00,21.46568084677133,21.8738263412846,21.17513661880341,21.763141632080078,48600,0.0,0.0
2015-09-25 00:00:00-04:00,22.08827936092151,22.24738659841742,21.70088742457702,21.83924102783203,35700,0.0,0.0
2015-09-28 00:00:00-04:00,21.610956356953036,21.610956356953036,21.299659759638626,21.410343170166016,46200,0.0,0.0
2015-09-29 00:00:00-04:00,21.569444775446925,21.970672363698892,21.25814693997127,21.79081153869629,84200,0.0,0.0
2015-09-30 00:00:00-04:00,21.88074218011987,22.323477044049465,21.28581930958798,22.24046516418457,84800,0.0,0.0
2015-10-01 00:00:00-04:00,22.44800518334902,23.38189646322825,21.846162875507417,21.908422470092773,46000,0.0,0.0
2015-10-02 00:00:00-04:00,21.673208849149315,22.586348666409798,21.666290973323488,22.565593719482422,59700,0.0,0.0
2015-10-05 00:00:00-04:00,22.925320531311854,23.838459235669568,22.738541800115904,23.644763946533203,87800,0.0,0.0
2015-10-06 00:00:00-04:00,23.831538581121716,25.477956172465174,23.817702828718836,25.05597496032715,69300,0.0,0.0
2015-10-07 00:00:00-04:00,25.547137833065168,26.501783844589195,25.457206742403354,25.72699737548828,111700,0.0,0.0
2015-10-08 00:00:00-04:00,25.720075688632885,26.501778560112257,25.22199914908497,26.14897346496582,115300,0.0,0.0
2015-10-09 00:00:00-04:00,26.31500540548733,26.55712453053313,25.89302409706418,26.18356704711914,58200,0.0,0.0
2015-10-12 00:00:00-04:00,26.211240733930854,26.211240733930854,25.42262107386369,25.450292587280273,20100,0.0,0.0
2015-10-13 00:00:00-04:00,25.235838265554605,26.128224638229153,24.96604765030424,25.692407608032227,37200,0.0,0.0
2015-10-14 00:00:00-04:00,25.69240083270941,25.927603319166778,25.457198346252042,25.872262954711914,42600,0.0,0.0
2015-10-15 00:00:00-04:00,25.720073746395904,26.32191442696865,25.65089762730471,26.038288116455078,66600,0.0,0.0
2015-10-16 00:00:00-04:00,26.21123277005629,26.391094913714984,25.726991987998225,26.072877883911133,171300,0.0,0.0
2015-10-19 00:00:00-04:00,25.89302927504459,25.89302927504459,25.042149929713336,25.208173751831055,104800,0.0,0.0
2015-10-20 00:00:00-04:00,25.301977006196587,26.163676926210236,25.2880783210944,25.51740264892578,42700,0.165,0.0
2015-10-21 00:00:00-04:00,25.38537389169266,25.38537389169266,24.31520133480634,24.530624389648438,60800,0.0,0.0
2015-10-22 00:00:00-04:00,24.68350152397128,25.010114015468538,24.600112059447632,24.954519271850586,36700,0.0,0.0
2015-10-23 00:00:00-04:00,24.74605183673335,25.19774733740636,24.29435368515625,24.64876365661621,38300,0.0,0.0
2015-10-26 00:00:00-04:00,24.627909827339153,24.77384472193982,23.891297939590025,23.96078872680664,36900,0.0,0.0
2015-10-27 00:00:00-04:00,23.571625536679175,23.571625536679175,22.980946090326064,23.21721839904785,87200,0.0,0.0
2015-10-28 00:00:00-04:00,23.293664713018895,24.509771893540776,23.293664713018895,24.0302791595459,144700,0.0,0.0
2015-10-29 00:00:00-04:00,23.946889500937313,24.66960533572179,23.946889500937313,24.245704650878906,108100,0.0,0.0
2015-10-30 00:00:00-04:00,24.34994011322317,24.711297980647856,23.988582245798483,24.48197364807129,104100,0.0,0.0
2015-11-02 00:00:00-05:00,24.32215106544803,24.6765583860039,23.974691764513057,24.64876365661621,102500,0.0,0.0
2015-11-03 00:00:00-05:00,24.829430608822882,25.976046867321102,24.829430608822882,25.725875854492188,77800,0.0,0.0
2015-11-04 00:00:00-05:00,25.684181766881398,25.684181766881398,24.363838482805146,24.683500289916992,57100,0.0,0.0
2015-11-05 00:00:00-05:00,24.25264727233259,24.301291336330234,23.078233767782624,23.210269927978516,95100,0.0,0.0
2015-11-06 00:00:00-05:00,22.84891855356734,23.189427097271405,22.570950123238646,23.147733688354492,48100,0.0,0.0
2015-11-09 00:00:00-05:00,23.21722822405395,24.092824414612664,22.696039321103708,22.807226181030273,69500,0.0,0.0
2015-11-10 00:00:00-05:00,22.50840298291123,22.925355547341006,22.153994496052228,22.66823387145996,56100,0.0,0.0
2015-11-11 00:00:00-05:00,22.654342432519712,22.654342432519712,21.20891330592239,21.549423217773438,52600,0.0,0.0
2015-11-12 00:00:00-05:00,21.146364605195817,21.34094088572955,20.868397543396554,20.90314292907715,51300,0.0,0.0
2015-11-13 00:00:00-05:00,20.889250123881133,21.153319901001215,20.6877244444018,20.91704750061035,52600,0.0,0.0
2015-11-16 00:00:00-05:00,20.930945537743906,21.667558767275356,20.45145140769853,21.625864028930664,56700,0.0,0.0
2015-11-17 00:00:00-05:00,21.56331927882482,21.77874362018675,21.056027819492687,21.090774536132812,64400,0.0,0.0
2015-11-18 00:00:00-05:00,21.30620093375955,21.368743704296076,20.73636798038395,21.201963424682617,58800,0.0,0.0
2015-11-19 00:00:00-05:00,21.063627758872858,21.13349080489854,20.42089013398479,20.609519958496094,41100,0.162,0.0
2015-11-20 00:00:00-05:00,20.602541760731846,20.73528146801788,20.197337530751543,20.29514503479004,251100,0.0,0.0
2015-11-23 00:00:00-05:00,20.183364742563214,20.6793913707481,20.02268060446518,20.53966522216797,144300,0.0,0.0
2015-11-24 00:00:00-05:00,20.80514819754446,21.336105787452947,20.56761450383468,20.77021598815918,118900,0.0,0.0
2015-11-25 00:00:00-05:00,20.588568405393506,20.833088492387123,20.183364184742786,20.735280990600586,91400,0.0,0.0
2015-11-27 00:00:00-05:00,20.55363947547594,20.763227379808708,20.47678995537447,20.61651611328125,41400,0.0,0.0
2015-11-30 00:00:00-05:00,20.714318689595615,21.175413035304636,20.714318689595615,20.909934997558594,65300,0.0,0.0
2015-12-01 00:00:00-05:00,20.847055603244076,21.412943800923404,20.798151865886553,21.091575622558594,85100,0.0,0.0
2015-12-02 00:00:00-05:00,20.888977394654088,20.94486758258687,20.183362939173193,20.399938583374023,88400,0.0,0.0
2015-12-03 00:00:00-05:00,20.588562049329013,20.700342397584215,20.204317268767607,20.448837280273438,60100,0.0,0.0
2015-12-04 00:00:00-05:00,20.169392712225616,20.525691850797173,20.0226801264662,20.49774742126465,83000,0.0,0.0
2015-12-07 00:00:00-05:00,19.889941861367127,19.889941861367127,17.8918663679255,18.14337158203125,109200,0.0,0.0
2015-12-08 00:00:00-05:00,17.766107666973134,18.66035052397987,17.633367993188585,18.150352478027344,68400,0.0,0.0
2015-12-09 00:00:00-05:00,18.094472006916437,19.17036018711157,18.0176238029937,18.40186882019043,95500,0.0,0.0
2015-12-10 00:00:00-05:00,18.283094870998653,18.69528549890161,18.157341617397456,18.44377899169922,84500,0.0,0.0
2015-12-11 00:00:00-05:00,18.066518357090622,18.066518357090622,17.151314826550013,17.430767059326172,88000,0.0,0.0
2015-12-14 00:00:00-05:00,17.36090017852395,17.36090017852395,16.60638224772119,17.19322967529297,132500,0.0,0.0
2015-12-15 00:00:00-05:00,17.339947837846708,18.6114506646469,17.339947837846708,18.366931915283203,100800,0.0,0.0
2015-12-16 00:00:00-05:00,18.311037242499644,18.485694223443105,17.98966903717664,18.318023681640625,83500,0.0,0.0
2015-12-17 00:00:00-05:00,18.108440709455483,18.269124855347812,17.842962613308472,18.14337158203125,139000,0.0,0.0
2015-12-18 00:00:00-05:00,18.1110350692296,18.778689795023364,18.096978841619045,18.49757194519043,94800,0.154,0.0
2015-12-21 00:00:00-05:00,18.49054929462337,18.834918929976006,18.18834701408558,18.427297592163086,122200,0.0,0.0
2015-12-22 00:00:00-05:00,18.455416941151334,18.694367608378034,18.279717999983262,18.511640548706055,136000,0.0,0.0
2015-12-23 00:00:00-05:00,18.8560084817156,20.00859299491555,18.652198426797366,19.910202026367188,121300,0.0,0.0
2015-12-24 00:00:00-05:00,19.994536154123406,19.994536154123406,18.961425722989716,19.530691146850586,55300,0.0,0.0
2015-12-28 00:00:00-05:00,19.10901257148564,19.298766363056966,18.954396682938953,18.975481033325195,32500,0.0,0.0
2015-12-29 00:00:00-05:00,19.277685984404684,19.97345355640312,18.877092655721622,19.298768997192383,104700,0.0,0.0
2015-12-30 00:00:00-05:00,18.919253213096727,19.326874512839396,18.680302657336277,18.827890396118164,58400,0.0,0.0
2015-12-31 00:00:00-05:00,18.806806120668135,19.137119494640572,18.72949819337581,19.073867797851562,42900,0.0,0.0
2016-01-04 00:00:00-05:00,18.97548087398172,19.270655074529373,18.602998729809904,19.0106201171875,72900,0.0,0.0
2016-01-05 00:00:00-05:00,19.0106201171875,19.045760700869486,18.441356066301385,19.0106201171875,99400,0.0,0.0
2016-01-06 00:00:00-05:00,18.603000361971393,18.82789609583904,17.63314295535222,17.77370262145996,198000,0.0,0.0
2016-01-07 00:00:00-05:00,17.443390217425687,17.506641941862483,16.902237170789306,16.972517013549805,162300,0.0,0.0
2016-01-08 00:00:00-05:00,17.091993559225497,17.43636333871016,16.867099118784626,17.162273406982422,139400,0.0,0.0
2016-01-11 00:00:00-05:00,17.239577266946988,17.239577266946988,16.276746665127867,16.712480545043945,74800,0.0,0.0
2016-01-12 00:00:00-05:00,16.817896565717337,17.08495826648338,15.588004438067022,16.325939178466797,129000,0.0,0.0
2016-01-13 00:00:00-05:00,16.508672824109727,17.014685306594615,16.22052665957959,16.368114471435547,86100,0.0,0.0
2016-01-14 00:00:00-05:00,16.459461735583915,17.583934193736358,16.290791067932346,17.443374633789062,87200,0.0,0.0
2016-01-15 00:00:00-05:00,16.543802219269818,16.768696503700646,16.234571907939593,16.382158279418945,106000,0.0,0.0
2016-01-19 00:00:00-05:00,16.23458287705135,16.564896412930402,15.72154227649136,15.981575965881348,86700,0.0,0.0
2016-01-20 00:00:00-05:00,15.434779235913387,15.93701153285703,14.366652723313196,15.604547500610352,146800,0.147,0.0
2016-01-21 00:00:00-05:00,15.512580925743627,16.644370029864703,15.512580925743627,16.26946449279785,88000,0.0,0.0
2016-01-22 00:00:00-05:00,17.090018040388806,18.059113206188425,17.08294419547664,17.98130226135254,152100,0.0,0.0
2016-01-25 00:00:00-05:00,17.65591309633976,18.27132414500455,16.6019344329834,16.6019344329834,75200,0.0,0.0
2016-01-26 00:00:00-05:00,16.97684264000394,17.528590511515436,16.686821686173065,17.337600708007812,99100,0.0,0.0
2016-01-27 00:00:00-05:00,17.146601531657574,18.16521191103057,17.05464427793801,17.73371696472168,80900,0.0,0.0
2016-01-28 00:00:00-05:00,18.2288820755108,19.141386514001457,18.115703251344485,18.992839813232422,90400,0.0,0.0
2016-01-29 00:00:00-05:00,19.134311030025277,19.35359616361443,18.285469921479493,18.936248779296875,81000,0.0,0.0
2016-02-01 00:00:00-05:00,18.625008051356605,18.738186876077503,17.889345690670776,18.59671401977539,90300,0.0,0.0
2016-02-02 00:00:00-05:00,17.910569125415385,17.910569125415385,17.30930566678845,17.740800857543945,80900,0.0,0.0
2016-02-03 00:00:00-05:00,18.136921884235296,18.971616652870406,17.59224934553429,18.936248779296875,65600,0.0,0.0
2016-02-04 00:00:00-05:00,19.190897840392616,19.558729612253902,18.50475120184952,18.900876998901367,70200,0.0,0.0
2016-02-05 00:00:00-05:00,18.674516943402363,18.794769570334324,18.19350643567453,18.61792755126953,61800,0.0,0.0
2016-02-08 00:00:00-05:00,18.221806222991603,18.92917447070464,18.066185694205966,18.533048629760742,71200,0.0,0.0
2016-02-09 00:00:00-05:00,18.221805777370626,18.25009980500432,16.856584876799786,16.955615997314453,99900,0.0,0.0
2016-02-10 00:00:00-05:00,16.906102622931442,17.104166238767238,16.439239638430927,16.4675350189209,89500,0.0,0.0
2016-02-11 00:00:00-05:00,16.191660176478756,16.658523152921536,15.986524068258978,16.524124145507812,68000,0.0,0.0
2016-02-12 00:00:00-05:00,16.842433266187495,17.563949016993725,16.51704460358714,17.160749435424805,74100,0.0,0.0
2016-02-16 00:00:00-05:00,17.60639907409063,17.75494713992538,16.778777990720297,17.167831420898438,63600,0.0,0.0
2016-02-17 00:00:00-05:00,17.620544299515497,18.21473378128751,17.415408193464522,18.13692283630371,93900,0.0,0.0
2016-02-18 00:00:00-05:00,18.285468625654175,18.75233153956894,17.70542690528722,18.03788948059082,94100,0.0,0.0
2016-02-19 00:00:00-05:00,17.694118302020073,18.462808806728688,17.530414651228615,18.249282836914062,94000,0.157,0.0
2016-02-22 00:00:00-05:00,18.81156453586129,19.587372631878996,18.78309386634757,19.103382110595703,65200,0.0,0.0
2016-02-23 00:00:00-05:00,18.79020888094781,18.832913521633156,18.007283228084138,18.235044479370117,53900,0.0,0.0
2016-02-24 00:00:00-05:00,17.566000426199476,18.59092140197754,17.55176509211291,18.59092140197754,63000,0.0,0.0
2016-02-25 00:00:00-05:00,18.5126286896699,18.86850390164151,17.736820618967297,18.434335708618164,77400,0.0,0.0
2016-02-26 00:00:00-05:00,19.017968475838508,19.146083753437463,18.66209330808853,18.811561584472656,65400,0.0,0.0
2016-02-29 00:00:00-05:00,18.81867515483989,19.38807475628732,18.81867515483989,19.331134796142578,88900,0.0,0.0
2016-03-01 00:00:00-05:00,19.51619905243312,20.719057795307517,19.51619905243312,20.320476531982422,108600,0.0,0.0
2016-03-02 00:00:00-05:00,20.178128871590896,20.697706460347295,19.715491273964567,20.676353454589844,105000,0.0,0.0
2016-03-03 00:00:00-05:00,20.719055153814026,21.45215721733732,20.484177569593406,21.331159591674805,106200,0.0,0.0
2016-03-04 00:00:00-05:00,21.537565162087716,22.37031310300733,21.395214552976867,22.227962493896484,177600,0.0,0.0
2016-03-07 00:00:00-05:00,22.114083534127268,22.704836280391778,22.114083534127268,22.320491790771484,114000,0.0,0.0
2016-03-08 00:00:00-05:00,22.028675302139437,22.05714461205401,20.911226039924305,20.932579040527344,79600,0.0,0.0
2016-03-09 00:00:00-05:00,21.295568246856345,21.56603275358156,20.8827531423457,21.324037551879883,85400,0.0,0.0
2016-03-10 00:00:00-05:00,21.146106248660672,21.302692224129608,20.38453344724606,20.861406326293945,60700,0.0,0.0
2016-03-11 00:00:00-05:00,21.2813404568429,21.921915658760344,21.21016513272843,21.786684036254883,71100,0.0,0.0
2016-03-14 00:00:00-04:00,21.494857673498238,21.77955749643046,21.138982555444,21.302684783935547,57900,0.0,0.0
2016-03-15 00:00:00-04:00,20.982396964526824,21.1389828877681,20.484172605951855,21.06068992614746,52000,0.0,0.0
2016-03-16 00:00:00-04:00,21.38098049164124,22.057142488293174,21.067809967397515,22.035789489746094,86800,0.0,0.0
2016-03-17 00:00:00-04:00,22.47707637715695,23.139003073455093,22.05714355498182,23.060712814331055,63300,0.0,0.0
2016-03-18 00:00:00-04:00,23.322551884242525,23.344016212090445,22.349587411913866,22.449745178222656,56200,0.166,0.0
2016-03-21 00:00:00-04:00,22.435444629474095,22.642914545416897,22.099198259651338,22.170740127563477,35600,0.0,0.0
2016-03-22 00:00:00-04:00,21.913182123417567,22.42112797610683,21.913182123417567,22.156423568725586,58100,0.0,0.0
2016-03-23 00:00:00-04:00,21.848799597113235,21.98472761919069,20.854370688554308,20.88298797607422,68600,0.0,0.0
2016-03-24 00:00:00-04:00,20.19618292788139,20.86151968278336,19.938634228712292,20.754207611083984,70900,0.0,0.0
2016-03-28 00:00:00-04:00,20.782822675428932,20.89013610727949,20.282032573163193,20.51096534729004,46500,0.0,0.0
2016-03-29 00:00:00-04:00,20.16757442093993,20.489510754303996,19.90286993992956,20.42512321472168,52600,0.0,0.0
2016-03-30 00:00:00-04:00,20.861522961649186,21.06899418215092,20.711286310566337,20.875831604003906,67400,0.0,0.0
2016-03-31 00:00:00-04:00,20.854366768993174,21.24784621115357,20.618279649515785,20.90444564819336,57300,0.0,0.0
2016-04-01 00:00:00-04:00,20.324957751909814,20.403653907139937,20.124640886118133,20.246261596679688,32700,0.0,0.0
2016-04-04 00:00:00-04:00,20.26057071140043,20.267725031547815,19.35199252088815,19.39491844177246,58900,0.0,0.0
2016-04-05 00:00:00-04:00,19.144524343256382,19.230373463323023,18.97997905933935,19.058673858642578,71400,0.0,0.0
2016-04-06 00:00:00-04:00,19.359146841035535,19.602388267858462,18.95851446461126,19.39491844177246,80500,0.0,0.0
2016-04-07 00:00:00-04:00,19.173148650839288,19.38777427400815,18.994294647139117,19.301923751831055,48900,0.0,0.0
2016-04-08 00:00:00-04:00,20.01017483067222,20.01017483067222,19.588079496627284,19.738317489624023,86500,0.0,0.0
2016-04-11 00:00:00-04:00,19.94579039396496,20.40365739920264,19.87424991101751,20.174724578857422,62600,0.0,0.0
2016-04-12 00:00:00-04:00,20.160417011665196,20.99029921195037,20.131799725322175,20.84006118774414,118500,0.0,0.0
2016-04-13 00:00:00-04:00,20.818600408216547,21.126229425794367,20.646900777031863,20.704133987426758,90900,0.0,0.0
2016-04-14 00:00:00-04:00,20.78998336865487,20.78998336865487,20.131800758991425,20.38935089111328,95100,0.0,0.0
2016-04-15 00:00:00-04:00,20.08886924009296,20.274877452863358,19.80270328373347,20.096023559570312,90000,0.0,0.0
2016-04-18 00:00:00-04:00,19.330534647529003,20.34642510679089,19.330534647529003,20.124645233154297,71500,0.0,0.0
2016-04-19 00:00:00-04:00,20.425122620543984,21.655638794945247,20.396506695199587,21.612712860107422,137900,0.0,0.0
2016-04-20 00:00:00-04:00,21.368088748756826,22.771043211244017,21.281752435060017,22.23863983154297,169100,0.17,0.0
2016-04-21 00:00:00-04:00,22.28899916109388,22.9724906562867,22.130717541234127,22.497644424438477,107100,0.0,0.0
2016-04-22 00:00:00-04:00,22.61276568432567,23.648793403554127,22.61276568432567,23.504899978637695,115100,0.0,0.0
2016-04-25 00:00:00-04:00,23.382587923375354,23.454533249939654,22.756653427474266,23.137969970703125,117000,0.0,0.0
2016-04-26 00:00:00-04:00,23.389785433718014,23.756713798930118,23.23869857488421,23.4113712310791,79900,0.0,0.0
2016-04-27 00:00:00-04:00,23.720743613959097,24.123641946383305,23.584043612995984,23.893413543701172,428700,0.0,0.0
2016-04-28 00:00:00-04:00,23.893409476991543,24.922243677103367,23.828657578224416,24.526538848876953,185300,0.0,0.0
2016-04-29 00:00:00-04:00,24.972607113718013,25.41867699007089,24.648847604925994,24.763961791992188,360100,0.0,0.0
2016-05-02 00:00:00-04:00,24.749574067763703,24.749574067763703,23.943772041511536,24.00852394104004,325000,0.0,0.0
2016-05-03 00:00:00-04:00,23.46892683231157,23.46892683231157,22.66312751148517,23.21711540222168,304300,0.0,0.0
2016-05-04 00:00:00-04:00,23.253087246201535,23.979747766448323,22.691905939327157,23.224308013916016,266300,0.0,0.0
2016-05-05 00:00:00-04:00,24.0229242912687,24.325100872270866,23.53368810834317,23.864641189575195,203700,0.0,0.0
2016-05-06 00:00:00-04:00,23.310641110892885,24.26752706698595,23.10918926918531,23.7567081451416,342700,0.0,0.0
2016-05-09 00:00:00-04:00,23.44015499122465,23.540879583232137,22.47607106832158,22.77105140686035,222500,0.0,0.0
2016-05-10 00:00:00-04:00,22.878966005583845,23.33942275497572,22.85738295312445,23.094804763793945,118300,0.0,0.0
2016-05-11 00:00:00-04:00,23.051639395278322,23.756714158376152,22.476067067882,23.504899978637695,88900,0.0,0.0
2016-05-12 00:00:00-04:00,23.95816618730302,24.08047657377736,23.26748095810165,23.691965103149414,109000,0.0,0.0
2016-05-13 00:00:00-04:00,23.454538386077086,23.713546009688013,23.073223131615936,23.188337326049805,97000,0.0,0.0
2016-05-16 00:00:00-04:00,23.59123361593763,24.159611036939307,23.52648172310784,24.022911071777344,96300,0.0,0.0
2016-05-17 00:00:00-04:00,24.044498912379076,24.886273686900648,23.843049758784353,24.44020652770996,145400,0.0,0.0
2016-05-18 00:00:00-04:00,24.245950352872452,24.389843778955083,23.53367940325979,23.663183212280273,131800,0.0,0.0
2016-05-19 00:00:00-04:00,23.281866559780315,23.80707520040099,22.735073494870136,23.569650650024414,98600,0.0,0.0
2016-05-20 00:00:00-04:00,23.51469625968777,23.79669862930512,23.348387240640285,23.55084991455078,57500,0.164,0.0
2016-05-23 00:00:00-04:00,23.225461993814125,23.709929805904356,23.09530800605879,23.536388397216797,29300,0.0,0.0
2016-05-24 00:00:00-04:00,23.652083342423207,23.753314688327617,23.25438758707846,23.370080947875977,72600,0.0,0.0
2016-05-25 00:00:00-04:00,23.673782268997435,24.527019244001696,23.673782268997435,24.4547119140625,100300,0.0,0.0
2016-05-26 00:00:00-04:00,24.72947609573374,25.105480148457982,24.01362164262768,24.20885467529297,98600,0.0,0.0
2016-05-27 00:00:00-04:00,23.94855041630337,23.94855041630337,23.579778649716452,23.890705108642578,91400,0.0,0.0
2016-05-31 00:00:00-04:00,23.782238475055227,24.58486236416196,23.695469144930716,23.919626235961914,105000,0.0,0.0
2016-06-01 00:00:00-04:00,23.767778705535488,24.028089478846578,23.333929255582024,23.9340877532959,98100,0.0,0.0
2016-06-02 00:00:00-04:00,23.55808302364063,24.064239723953214,23.456848925230975,23.97747039794922,84900,0.0,0.0
2016-06-03 00:00:00-04:00,24.208853127812,24.75839853833735,24.179929104448206,24.37516212463379,70300,0.0,0.0
2016-06-06 00:00:00-04:00,24.794558569613343,25.177792323601064,24.715018864065538,25.076560974121094,86500,0.0,0.0
2016-06-07 00:00:00-04:00,25.286249887969813,26.370875953395846,25.06932246820723,26.052717208862305,90600,0.0,0.0
2016-06-08 00:00:00-04:00,26.522731590716276,26.992737475694682,25.90811105652694,25.987648010253906,74600,0.0,0.0
2016-06-09 00:00:00-04:00,25.676721970480372,25.915341110617092,25.271796532693454,25.3151798248291,104000,0.0,0.0
2016-06-10 00:00:00-04:00,25.098252286153432,25.213945649507384,24.122089705251188,24.28839874267578,126200,0.0,0.0
2016-06-13 00:00:00-04:00,24.02808484011681,24.664399634439654,23.811160157018364,24.310087203979492,90000,0.0,0.0
2016-06-14 00:00:00-04:00,24.17270962824835,24.592097109743445,23.89070717790119,24.020862579345703,52100,0.0,0.0
2016-06-15 00:00:00-04:00,24.00639403095602,24.353474087606706,23.58700390520284,23.717159271240234,72500,0.0,0.0
2016-06-16 00:00:00-04:00,23.32669208536463,23.637618472138588,22.654225024152293,23.341154098510742,89100,0.0,0.0
2016-06-17 00:00:00-04:00,23.63039135150818,24.158242474775587,23.63039135150818,23.73162269592285,100600,0.0,0.0
2016-06-20 00:00:00-04:00,24.579781901398214,24.6597284133988,24.092838997329167,24.12190818786621,80700,0.167,0.0
2016-06-21 00:00:00-04:00,23.969280657144335,24.81234804012769,23.729443932457844,24.39081573486328,93500,0.0,0.0
2016-06-22 00:00:00-04:00,24.681525998759472,24.681525998759472,23.453264921978196,23.656763076782227,102200,0.0,0.0
2016-06-23 00:00:00-04:00,24.129173636482264,24.354474381852846,23.81665701633481,24.310869216918945,65900,0.0,0.0
2016-06-24 00:00:00-04:00,22.929991087443927,23.68584567700484,22.566599777746063,22.733760833740234,145600,0.0,0.0
2016-06-27 00:00:00-04:00,22.457575990428715,22.646539581682003,21.810740094920195,22.02877426147461,90800,0.0,0.0
2016-06-28 00:00:00-04:00,22.661079712740065,22.813703380035136,22.174135357774208,22.304956436157227,78800,0.0,0.0
2016-06-29 00:00:00-04:00,22.864570186245704,23.41692627941911,22.71921455992968,23.184354782104492,134300,0.0,0.0
2016-06-30 00:00:00-04:00,23.169827268328046,23.169827268328046,22.37036756595215,23.126220703125,88600,0.0,0.0
2016-07-01 00:00:00-04:00,23.16981766600558,23.39511977678115,23.126211118874505,23.220693588256836,22500,0.0,0.0
2016-07-05 00:00:00-04:00,22.806425199548805,22.806425199548805,22.35582100445664,22.544784545898438,65100,0.0,0.0
2016-07-06 00:00:00-04:00,22.37763187281434,23.242501973685922,22.290417370542613,23.20616340637207,77900,0.0,0.0
2016-07-07 00:00:00-04:00,23.533213146592775,23.533213146592775,22.59566325459174,22.726484298706055,73100,0.0,0.0
2016-07-08 00:00:00-04:00,22.90818588873062,22.93725646935928,22.58113319273523,22.762828826904297,57900,0.0,0.0
2016-07-11 00:00:00-04:00,22.93725228576637,22.95178826654328,22.58112907409668,22.58112907409668,60400,0.0,0.0
2016-07-12 00:00:00-04:00,23.08987520150141,23.467802349801236,22.900911627351498,23.409658432006836,77600,0.0,0.0
2016-07-13 00:00:00-04:00,23.2424993894363,23.43146435438596,22.89364419159231,23.235231399536133,109100,0.0,0.0
2016-07-14 00:00:00-04:00,23.53321593936223,24.0564974054645,23.36605631259088,23.925676345825195,90900,0.0,0.0
2016-07-15 00:00:00-04:00,24.06376187938223,24.121903020456266,23.729442693956933,23.79485321044922,86000,0.0,0.0
2016-07-18 00:00:00-04:00,23.576820391972777,23.758515994547196,23.387858185175528,23.736713409423828,49500,0.0,0.0
2016-07-19 00:00:00-04:00,23.700372527793675,23.845729550142313,23.460533025050232,23.649497985839844,119400,0.0,0.0
2016-07-20 00:00:00-04:00,23.448614190838036,24.303284795855912,23.19294504513188,23.996479034423828,93800,0.165,0.0
2016-07-21 00:00:00-04:00,23.92342822749472,24.215623885365023,23.660452692728313,23.77733039855957,124900,0.0,0.0
2016-07-22 00:00:00-04:00,23.806557694707795,24.120667146256732,23.492448243158854,23.938045501708984,85200,0.0,0.0
2016-07-25 00:00:00-04:00,23.609324457122714,23.609324457122714,23.1929473574125,23.514360427856445,184800,0.0,0.0
2016-07-26 00:00:00-04:00,23.353649511802693,23.762721502271962,23.14911421321417,23.696977615356445,158900,0.0,0.0
2016-07-27 00:00:00-04:00,23.813856470318207,24.463991732847028,23.623931224878998,23.770029067993164,206300,0.0,0.0
2016-07-28 00:00:00-04:00,23.68967268807262,24.30328133702358,23.660452565126313,23.989171981811523,132900,0.0,0.0
2016-07-29 00:00:00-04:00,23.835772879213323,24.588173006873063,23.835772879213323,24.339807510375977,101400,0.0,0.0
2016-08-01 00:00:00-04:00,24.12797070568812,24.157190837499005,23.463228033208754,23.67506980895996,95000,0.0,0.0
2016-08-02 00:00:00-04:00,23.923430486100116,24.303283762559644,23.477833319742125,23.864990234375,133300,0.0,0.0
2016-08-03 00:00:00-04:00,23.9307359234512,24.20101792812353,23.514358851651405,24.113357543945312,154000,0.0,0.0
2016-08-04 00:00:00-04:00,23.98916740478999,24.807311185098477,23.813849487146285,24.690433502197266,230400,0.0,0.0
2016-08-05 00:00:00-04:00,24.63199984784615,25.50858121132396,24.230230138570594,25.413619995117188,366400,0.0,0.0
2016-08-08 00:00:00-04:00,26.00530617560195,26.728488699938406,25.932258674251567,25.968782424926758,309400,0.0,0.0
2016-08-09 00:00:00-04:00,26.19524289271036,26.582399795114707,26.15871912982807,26.42169189453125,145300,0.0,0.0
2016-08-10 00:00:00-04:00,26.71388928684429,26.984168493437206,26.494743908888285,26.59701156616211,107100,0.0,0.0
2016-08-11 00:00:00-04:00,26.750410117874484,27.20331367410144,26.597008648790045,26.940338134765625,76800,0.0,0.0
2016-08-12 00:00:00-04:00,27.166790741763084,27.342108720180452,26.954951783847374,27.24714469909668,89000,0.0,0.0
2016-08-15 00:00:00-04:00,27.47359568930617,28.16025194561045,27.47359568930617,27.926496505737305,148900,0.0,0.0
2016-08-16 00:00:00-04:00,27.984945164678155,28.452456184848096,27.7073594514827,28.269834518432617,110600,0.0,0.0
2016-08-17 00:00:00-04:00,28.2187013843731,28.386712987310034,27.992249509152597,28.123737335205078,116900,0.0,0.0
2016-08-18 00:00:00-04:00,28.40032469749181,28.598415652033722,28.246254887978647,28.576406478881836,77200,0.167,0.0
2016-08-19 00:00:00-04:00,28.348957719291118,28.473682851863718,27.938105044284775,27.952775955200195,78300,0.0,0.0
2016-08-22 00:00:00-04:00,27.629964353535836,27.8794118345306,27.519912924173045,27.5859432220459,69700,0.0,0.0
2016-08-23 00:00:00-04:00,27.556601453467145,27.828058128956176,27.431876300691496,27.615293502807617,72300,0.0,0.0
2016-08-24 00:00:00-04:00,27.475897123701717,27.82805781190551,27.2924799236753,27.336498260498047,74300,0.0,0.0
2016-08-25 00:00:00-04:00,27.314493165418494,27.49791039279739,26.999015310428806,27.072383880615234,69100,0.0,0.0
2016-08-26 00:00:00-04:00,27.07971273010561,27.69599457565863,26.844938960249607,26.89629554748535,66900,0.0,0.0
2016-08-29 00:00:00-04:00,26.683537012526664,27.07971888878292,26.617506699817287,26.969667434692383,63000,0.0,0.0
2016-08-30 00:00:00-04:00,27.057707942512177,27.255798867645858,26.47810887994229,26.492782592773438,69800,0.0,0.0
2016-08-31 00:00:00-04:00,26.39740506372412,26.624843416286282,26.074591775105674,26.500118255615234,87200,0.0,0.0
2016-09-01 00:00:00-04:00,26.250676659199247,27.365853906261552,26.250676659199247,27.233793258666992,188300,0.0,0.0
2016-09-02 00:00:00-04:00,27.600625008621797,27.806054216960334,27.26313796462089,27.68866729736328,102700,0.0,0.0
2016-09-06 00:00:00-04:00,27.86475108764627,28.28294223582278,27.776711582431584,28.114198684692383,87600,0.0,0.0
2016-09-07 00:00:00-04:00,28.15821072721307,28.297606798600814,27.71800774609869,27.857406616210938,96400,0.0,0.0
2016-09-08 00:00:00-04:00,28.12885675891372,28.53971221930512,27.607952677885873,28.48835563659668,128800,0.0,0.0
2016-09-09 00:00:00-04:00,28.062837228977344,28.062837228977344,27.527259233395487,27.68866729736328,247900,0.0,0.0
2016-09-12 00:00:00-04:00,27.329160623156387,27.60795552859242,26.99167367373201,27.417200088500977,106100,0.0,0.0
2016-09-13 00:00:00-04:00,27.13840892714881,27.13840892714881,25.6563976817227,25.803129196166992,89600,0.0,0.0
2016-09-14 00:00:00-04:00,25.700416917904807,26.206650176154117,25.46564312809111,25.531673431396484,97800,0.0,0.0
2016-09-15 00:00:00-04:00,25.57569452435275,26.33137248414976,25.57569452435275,26.037906646728516,65300,0.0,0.0
2016-09-16 00:00:00-04:00,25.751774304203643,26.015895525575896,25.627051948958094,25.795795440673828,69900,0.0,0.0
2016-09-19 00:00:00-04:00,26.177301071571232,26.25800508139748,25.854487830990397,25.89850616455078,55400,0.0,0.0
2016-09-20 00:00:00-04:00,25.922838533237687,25.989175170854086,25.303700331095932,25.355295181274414,98600,0.163,0.0
2016-09-21 00:00:00-04:00,25.642750585947848,26.68939208984375,25.642750585947848,26.68939208984375,133300,0.0,0.0
2016-09-22 00:00:00-04:00,27.20534576044942,27.588623796416265,27.20534576044942,27.360130310058594,133800,0.0,0.0
2016-09-23 00:00:00-04:00,27.15374798546062,27.15374798546062,26.29874409324189,26.416675567626953,141900,0.0,0.0
2016-09-26 00:00:00-04:00,26.608302865032165,26.755717853909392,26.210286050282818,26.26188087463379,51200,0.0,0.0
2016-09-27 00:00:00-04:00,25.93021414474705,26.143965872335592,25.650125771069266,25.959697723388672,68400,0.0,0.0
2016-09-28 00:00:00-04:00,26.166065112391788,27.581242495611395,26.040764178374594,27.566503524780273,104700,0.0,0.0
2016-09-29 00:00:00-04:00,27.647581034680606,28.77530357783095,27.618100279259803,28.546810150146484,203500,0.0,0.0
2016-09-30 00:00:00-04:00,28.620518671879566,28.797414448787144,28.266721494649055,28.554182052612305,176400,0.0,0.0
2016-10-03 00:00:00-04:00,28.679474930367437,29.313357378103266,28.30356940134406,29.12908935546875,286300,0.0,0.0
2016-10-04 00:00:00-04:00,28.974316016387622,29.210178950986354,28.325691540387133,28.701597213745117,426800,0.0,0.0
2016-10-05 00:00:00-04:00,29.106984238728977,29.586079511720325,29.018533544758203,29.254396438598633,165400,0.0,0.0
2016-10-06 00:00:00-04:00,29.387080529351348,29.726136024806376,29.1364757605586,29.36496925354004,84200,0.0,0.0
2016-10-07 00:00:00-04:00,29.416552996727845,29.416552996727845,28.64999719203672,29.02590560913086,87100,0.0,0.0
2016-10-10 00:00:00-04:00,29.41655387135179,29.88091018380672,29.320733689989577,29.79245948791504,46200,0.0,0.0
2016-10-11 00:00:00-04:00,29.556595739796464,29.851425760883235,29.350216412060202,29.740863800048828,148100,0.0,0.0
2016-10-12 00:00:00-04:00,29.549229291156934,29.866170612297996,29.31336637473211,29.571340560913086,103900,0.0,0.0
2016-10-13 00:00:00-04:00,29.3649558070387,29.984096551621427,29.195429542793185,29.733491897583008,91700,0.0,0.0
2016-10-14 00:00:00-04:00,29.947256464372316,30.050446164506177,29.416563364588505,29.46078872680664,114800,0.0,0.0
2016-10-17 00:00:00-04:00,29.43866570509742,29.61556428857212,29.0553877839919,29.350217819213867,74600,0.0,0.0
2016-10-18 00:00:00-04:00,29.755608037261783,29.844058737909922,29.600823528689084,29.681901931762695,86400,0.0,0.0
2016-10-19 00:00:00-04:00,29.98410087127866,30.957036065544887,29.976728573849634,30.640094757080078,172200,0.0,0.0
2016-10-20 00:00:00-04:00,30.302664470103768,30.798457616156846,30.125065197836523,30.472862243652344,173800,0.164,0.0
2016-10-21 00:00:00-04:00,30.287861925814514,30.64305761971412,30.08066514341752,30.539459228515625,94700,0.0,0.0
2016-10-24 00:00:00-04:00,30.569046653378518,30.613444332070607,29.89565457239704,30.05105209350586,97700,0.0,0.0
2016-10-25 00:00:00-04:00,30.036270631746536,30.546864014586006,29.91787204342818,29.96967124938965,98400,0.0,0.0
2016-10-26 00:00:00-04:00,29.59227950078663,30.18427249978316,29.52568011197169,29.710678100585938,159500,0.0,0.0
2016-10-27 00:00:00-04:00,29.917865103237048,30.213862916791406,29.799466542384177,29.873464584350586,60200,0.0,0.0
2016-10-28 00:00:00-04:00,29.799462193071722,30.073258295799388,29.20006797838732,29.27406883239746,79200,0.0,0.0
2016-10-31 00:00:00-04:00,28.889275224594115,29.3702681122304,28.29728245827952,29.066871643066406,180500,0.0,0.0
2016-11-01 00:00:00-04:00,29.584870960823856,30.102865770257605,29.214875071634697,30.028867721557617,136700,0.0,0.0
2016-11-02 00:00:00-04:00,29.56267801826017,29.78467503156616,28.852286446542923,29.22228240966797,118800,0.0,0.0
2016-11-03 00:00:00-04:00,29.318470853622646,29.422069241699067,29.081673731492444,29.333271026611328,82000,0.0,0.0
2016-11-04 00:00:00-04:00,29.03727557368867,29.370269580684287,28.645078052835277,28.73387908935547,115800,0.0,0.0
2016-11-07 00:00:00-05:00,29.10388128659386,29.370275985716507,28.815282089232365,29.30367660522461,65700,0.0,0.0
2016-11-08 00:00:00-05:00,29.21486552126199,29.49606309551844,28.99286862488846,29.10386848449707,112100,0.0,0.0
2016-11-09 00:00:00-05:00,28.674681243335037,29.72546820748023,28.519283648273216,29.525672912597656,92900,0.0,0.0
2016-11-10 00:00:00-05:00,29.214873993372986,29.621868891890784,29.015075881843632,29.251873016357422,91900,0.0,0.0
2016-11-11 00:00:00-05:00,29.037273662382095,29.037273662382095,28.20848097981275,28.593276977539062,70500,0.0,0.0
2016-11-14 00:00:00-05:00,28.452682363030796,29.074275524337498,28.334283800060206,29.000274658203125,70200,0.0,0.0
2016-11-15 00:00:00-05:00,29.592279996521906,30.228670716825803,29.473881394739166,29.644079208374023,91800,0.0,0.0
2016-11-16 00:00:00-05:00,29.48866711717557,29.80686376322681,29.36286988740119,29.54046630859375,83200,0.0,0.0
2016-11-17 00:00:00-05:00,30.02146598854106,30.2286627815587,29.16307564523923,29.266674041748047,83900,0.0,0.0
2016-11-18 00:00:00-05:00,29.303077924592234,29.741435456255438,29.236209730466026,29.496253967285156,57900,0.159,0.0
2016-11-21 00:00:00-05:00,30.13521275432389,30.424973952134188,30.10549293038478,30.216938018798828,62000,0.0,0.0
2016-11-22 00:00:00-05:00,30.41755901610148,30.41755901610148,29.823176387318245,30.03864097595215,79600,0.0,0.0
2016-11-23 00:00:00-05:00,29.644849849478877,30.276380580655985,29.629989936079117,29.86031150817871,76600,0.0,0.0
2016-11-25 00:00:00-05:00,29.77115699082989,29.808305359866278,29.154486128956986,29.30307960510254,38800,0.0,0.0
2016-11-28 00:00:00-05:00,29.50368443282992,29.600272460481186,28.656689141435976,28.745845794677734,110000,0.0,0.0
2016-11-29 00:00:00-05:00,28.366922136906744,28.463510144959738,28.06230103542115,28.352062225341797,116500,0.0,0.0
2016-11-30 00:00:00-05:00,29.956897736037714,30.46212342445061,29.55568860096185,30.13521385192871,391800,0.0,0.0
2016-12-01 00:00:00-05:00,30.66272569098556,31.190239791459494,30.521560784084148,30.91533851623535,155000,0.0,0.0
2016-12-02 00:00:00-05:00,30.803894823384,31.338840370055596,30.79646628378631,31.242252349853516,82200,0.0,0.0
2016-12-05 00:00:00-05:00,31.52458225208622,31.94065128877299,31.48000251572171,31.51715087890625,100000,0.0,0.0
2016-12-06 00:00:00-05:00,31.219975411632078,31.517165287209355,31.071379056723572,31.338851928710938,174100,0.0,0.0
2016-12-07 00:00:00-05:00,31.2348250059481,31.569165985416667,31.04164895814902,31.316553115844727,116300,0.0,0.0
2016-12-08 00:00:00-05:00,31.41313397824051,31.88121128501728,31.33883725269936,31.7623348236084,76800,0.0,0.0
2016-12-09 00:00:00-05:00,31.948079694043876,32.28242062978272,31.844063143866997,32.25270080566406,95300,0.0,0.0
2016-12-12 00:00:00-05:00,33.35230854783449,33.39688828368891,32.29728030742544,32.41615676879883,111400,0.0,0.0
2016-12-13 00:00:00-05:00,32.68361451583025,33.24827673965163,32.63903480043497,33.047672271728516,111400,0.0,0.0
2016-12-14 00:00:00-05:00,32.83966404706857,33.062557123751624,32.14126215009193,32.237850189208984,202300,0.0,0.0
2016-12-15 00:00:00-05:00,31.844064332333183,32.222982184153345,31.442855194472873,32.148685455322266,142900,0.0,0.0
2016-12-16 00:00:00-05:00,32.312147547246326,32.312147547246326,31.79949038849257,32.06696319580078,149700,0.0,0.0
2016-12-19 00:00:00-05:00,31.985229232811605,32.341858632629496,31.79205603741636,32.20812225341797,74300,0.0,0.0
2016-12-20 00:00:00-05:00,32.40947073695502,32.55861751584142,32.18575199099452,32.37218475341797,65600,0.16,0.0
2016-12-21 00:00:00-05:00,32.29014682079965,32.72267210050125,31.969482311982972,32.036598205566406,74100,0.0,0.0
2016-12-22 00:00:00-05:00,31.954580956953077,32.22304464558026,31.529514398206306,31.745777130126953,78400,0.0,0.0
2016-12-23 00:00:00-05:00,31.656273707413646,31.656273707413646,31.35798024312564,31.46984100341797,57400,0.0,0.0
2016-12-27 00:00:00-05:00,31.671197003053507,32.06643352926078,31.46239038518528,31.574251174926758,22200,0.0,0.0
2016-12-28 00:00:00-05:00,31.417653699351998,31.65628743638018,31.044788129653146,31.208847045898438,69600,0.0,0.0
2016-12-29 00:00:00-05:00,31.193934389469547,31.33562227941005,30.888181896631092,31.164104461669922,52900,0.0,0.0
2016-12-30 00:00:00-05:00,31.104443623403967,31.72340180436862,31.104443623403967,31.447479248046875,52500,0.0,0.0
2017-01-03 00:00:00-05:00,31.6264573504063,32.14101080991975,31.261047842238067,31.715944290161133,141500,0.0,0.0
2017-01-04 00:00:00-05:00,31.880011580711187,32.349823074217014,31.70103482541501,32.066444396972656,232500,0.0,0.0
2017-01-05 00:00:00-05:00,32.25286627000488,32.67047666084359,32.185750365133266,32.394554138183594,98800,0.0,0.0
2017-01-06 00:00:00-05:00,32.46912982150496,32.46912982150496,32.05151941940865,32.20812225341797,84500,0.0,0.0
2017-01-09 00:00:00-05:00,31.969493630744815,32.12609933437728,31.58171309105145,31.66374397277832,101200,0.0,0.0
2017-01-10 00:00:00-05:00,31.812893789073815,32.07389857865137,31.64137594953159,31.753236770629883,90200,0.0,0.0
2017-01-11 00:00:00-05:00,31.797978044551943,32.036611801961286,31.477313399644622,31.8725528717041,71300,0.0,0.0
2017-01-12 00:00:00-05:00,32.252866797635534,32.30506774175208,31.522050735265776,31.58916664123535,152600,0.0,0.0
2017-01-13 00:00:00-05:00,31.507128397406223,31.917279795762248,31.21629382120354,31.835248947143555,65700,0.0,0.0
2017-01-17 00:00:00-05:00,32.15592706492813,32.40201971505666,31.596628690714507,31.611543655395508,129400,0.0,0.0
2017-01-18 00:00:00-05:00,31.275967229903223,31.410199080890102,30.828529623106245,30.850900650024414,66400,0.0,0.0
2017-01-19 00:00:00-05:00,30.895641326904293,31.022414255103108,30.828525410581825,30.895641326904297,61000,0.0,0.0
2017-01-20 00:00:00-05:00,31.143444922362836,31.293173599610512,30.933826487718285,30.99371910095215,48500,0.161,0.0
2017-01-23 00:00:00-05:00,30.686778568198275,31.008691389571695,30.58196648830876,30.7316951751709,98200,0.0,0.0
2017-01-24 00:00:00-05:00,30.96377002389324,31.383006855671688,30.96377002389324,31.11349868774414,71200,0.0,0.0
2017-01-25 00:00:00-05:00,31.0835538460272,31.547710155546604,31.07606584177221,31.510278701782227,72800,0.0,0.0
2017-01-26 00:00:00-05:00,31.6300502574715,31.682454845999256,31.143432957329892,31.24075698852539,56800,0.0,0.0
2017-01-27 00:00:00-05:00,31.008677981596172,31.098516868369934,30.62687270823345,30.791574478149414,58300,0.0,0.0
2017-01-30 00:00:00-05:00,30.63435929152206,30.69425188551462,30.14025681442771,30.31244659423828,95700,0.0,0.0
2017-01-31 00:00:00-05:00,30.574473361387415,30.858957506612175,30.40977156323049,30.836496353149414,87600,0.0,0.0
2017-02-01 00:00:00-05:00,31.008680700371965,31.031141851952718,30.447200460068245,30.87392807006836,181100,0.0,0.0
2017-02-02 00:00:00-05:00,30.97125191875723,31.18087316846469,30.499610532547404,30.634363174438477,147000,0.0,0.0
2017-02-03 00:00:00-05:00,30.739174546076818,31.128467880237178,30.514580150950035,30.671796798706055,98100,0.0,0.0
2017-02-06 00:00:00-05:00,30.55201061944912,30.55201061944912,29.706046309934532,29.915664672851562,94600,0.0,0.0
2017-02-07 00:00:00-05:00,29.54882596726438,29.735985994205077,29.346692795468186,29.541337966918945,90700,0.0,0.0
2017-02-08 00:00:00-05:00,29.339220556150508,29.765945418345037,28.620526352016235,29.73600196838379,128700,0.0,0.0
2017-02-09 00:00:00-05:00,30.0653983864924,30.252558486721025,29.638673586438063,29.691078186035156,90600,0.0,0.0
2017-02-10 00:00:00-05:00,30.18518418156141,30.656828487602414,30.18518418156141,30.439722061157227,78100,0.0,0.0
2017-02-13 00:00:00-05:00,30.304949436275894,30.304949436275894,29.90817111637692,30.237571716308594,59300,0.0,0.0
2017-02-14 00:00:00-05:00,30.3798333825936,30.3798333825936,30.0354565762427,30.267536163330078,70100,0.0,0.0
2017-02-15 00:00:00-05:00,30.06539390959749,30.275012276772593,29.998016169314624,30.0504207611084,74300,0.0,0.0
2017-02-16 00:00:00-05:00,30.14774641156841,30.31993334465251,29.683590206914044,29.72102165222168,132300,0.0,0.0
2017-02-17 00:00:00-05:00,29.578780840285013,29.840806692837734,29.578780840285013,29.803375244140625,116300,0.0,0.0
2017-02-21 00:00:00-05:00,30.04693664683745,30.535564103729996,29.79886199564368,30.40777015686035,132000,0.164,0.0
2017-02-22 00:00:00-05:00,30.18976181673278,30.18976181673278,29.490646084426448,29.535751342773438,94200,0.0,0.0
2017-02-23 00:00:00-05:00,30.12211177034796,30.219838417062597,29.633481404424845,29.723691940307617,70000,0.0,0.0
2017-02-24 00:00:00-05:00,29.573339462280273,29.678582203981506,29.265127346876817,29.573339462280273,124800,0.0,0.0
2017-02-27 00:00:00-05:00,29.813895834157563,30.415284992324313,29.347819595034544,29.407957077026367,196000,0.0,0.0
2017-02-28 00:00:00-05:00,29.10725663859038,29.12980783023062,28.513383739106047,28.58855628967285,205900,0.0,0.0
2017-03-01 00:00:00-05:00,28.829117987134044,29.340299468469137,28.460768396779095,29.310232162475586,335000,0.0,0.0
2017-03-02 00:00:00-05:00,28.97946289279902,29.47560923432592,28.971946784015724,29.144845962524414,318000,0.0,0.0
2017-03-03 00:00:00-05:00,29.08470876729393,29.41547494251847,28.911809570085467,28.9945011138916,135700,0.0,0.0
2017-03-06 00:00:00-05:00,28.738914841855166,29.032091911739755,28.430702682790596,28.934368133544922,120000,0.0,0.0
2017-03-07 00:00:00-05:00,28.994504746059828,29.27264671835571,28.550979665433985,29.174922943115234,181400,0.0,0.0
2017-03-08 00:00:00-05:00,28.91180787742348,28.964429244464885,27.581232880127782,27.656408309936523,133600,0.0,0.0
2017-03-09 00:00:00-05:00,27.51357642712463,27.904480059181793,26.91970630370744,27.656408309936523,143400,0.0,0.0
2017-03-10 00:00:00-05:00,27.904484741275713,28.02476258150169,27.468478645825265,27.6263427734375,109200,0.0,0.0
2017-03-13 00:00:00-04:00,27.61882416846901,27.67144553958696,27.250471702993732,27.438405990600586,166400,0.0,0.0
2017-03-14 00:00:00-04:00,27.085090529215172,27.378267579807698,26.724257015589764,26.949777603149414,131300,0.0,0.0
2017-03-15 00:00:00-04:00,27.21288520982103,28.160072750312843,27.16777994878823,28.039794921875,128300,0.0,0.0
2017-03-16 00:00:00-04:00,27.97965234009375,28.38558814477825,27.957098279864702,28.01723861694336,94000,0.0,0.0
2017-03-17 00:00:00-04:00,28.152559430296765,28.272837270653056,27.79924201965332,27.79924201965332,116100,0.0,0.0
2017-03-20 00:00:00-04:00,27.701840528936803,27.78489366276348,27.21862543778791,27.490434646606445,87900,0.161,0.0
2017-03-21 00:00:00-04:00,27.5734828028265,27.79244050153587,26.886410929094957,26.93926239013672,114600,0.0,0.0
2017-03-22 00:00:00-04:00,26.682555291016655,27.180871146834402,26.433395923013407,27.112918853759766,112900,0.0,0.0
2017-03-23 00:00:00-04:00,26.931712087851814,27.467781463897698,26.84110998944229,27.120468139648438,78000,0.0,0.0
2017-03-24 00:00:00-04:00,27.195974969696223,27.22617663220653,26.758059503863922,26.90151596069336,142200,0.0,0.0
2017-03-27 00:00:00-04:00,26.667462444856596,27.354534555993784,26.637260776628903,27.173330307006836,105800,0.0,0.0
2017-03-28 00:00:00-04:00,27.309229196184695,27.822645981576322,27.195977272465232,27.74714469909668,78000,0.0,0.0
2017-03-29 00:00:00-04:00,27.784899232331917,28.011405991688292,27.52064182644776,27.98875617980957,83700,0.0,0.0
2017-03-30 00:00:00-04:00,28.124655252945264,28.2077083870057,27.747143101899017,27.75469207763672,89800,0.0,0.0
2017-03-31 00:00:00-04:00,27.76978610920234,28.388905654896764,27.716934651412945,28.320953369140625,99900,0.0,0.0
2017-04-03 00:00:00-04:00,28.162413762426237,28.305870263235956,27.98875847003705,28.09446144104004,151100,0.0,0.0
2017-04-04 00:00:00-04:00,28.10955031983573,28.41156114868219,27.935895101315065,28.343608856201172,92900,0.0,0.0
2017-04-05 00:00:00-04:00,28.58522852662813,28.781533632749397,27.981209492189674,28.09446144104004,109400,0.0,0.0
2017-04-06 00:00:00-04:00,28.222807592796478,28.479515955926907,28.04915235894192,28.215255737304688,79100,0.0,0.0
2017-04-07 00:00:00-04:00,28.328513195579003,28.37381569222851,28.09445461650708,28.16240692138672,57300,0.0,0.0
2017-04-10 00:00:00-04:00,28.298305282074484,28.61541692821527,28.298305282074484,28.41156005859375,55200,0.0,0.0
2017-04-11 00:00:00-04:00,28.343621041838464,28.857037943495087,28.253016026117912,28.6984806060791,113000,0.0,0.0
2017-04-12 00:00:00-04:00,28.645620140855033,28.970280811608085,28.562569889429717,28.736225128173828,94100,0.0,0.0
2017-04-13 00:00:00-04:00,28.811723761745576,28.811723761745576,28.200153114281907,28.31340789794922,94100,0.0,0.0
2017-04-17 00:00:00-04:00,28.343608817149594,28.562566523752167,28.23035403644103,28.36625862121582,96900,0.0,0.0
2017-04-18 00:00:00-04:00,28.21525953914678,28.48706876969653,27.867949024639593,27.92835235595703,100400,0.0,0.0
2017-04-19 00:00:00-04:00,27.913253075791328,27.95100371986991,27.17332950713092,27.248830795288086,91100,0.0,0.0
2017-04-20 00:00:00-04:00,27.25565412636882,27.536251434993975,27.06606275764438,27.088815689086914,88500,0.159,0.0
2017-04-21 00:00:00-04:00,27.066058479810316,27.339070470493077,26.853717106138948,27.263235092163086,70300,0.0,0.0
2017-04-24 00:00:00-04:00,27.392161020981494,27.46799930666209,26.990228232146105,27.005395889282227,106200,0.0,0.0
2017-04-25 00:00:00-04:00,26.982642835258012,27.13431360380335,26.78546620745392,27.081228256225586,85200,0.0,0.0
2017-04-26 00:00:00-04:00,26.914396560587836,27.399750084309517,26.709637500342403,26.73238754272461,106600,0.0,0.0
2017-04-27 00:00:00-04:00,26.633792157341617,26.633792157341617,25.88301202802016,26.34561538696289,120400,0.0,0.0
2017-04-28 00:00:00-04:00,26.65655175084173,27.0053992293136,26.239448360348025,26.694469451904297,185900,0.0,0.0
2017-05-01 00:00:00-04:00,26.830966681934502,26.975055055844596,26.626207691893292,26.876466751098633,102100,0.0,0.0
2017-05-02 00:00:00-04:00,26.846134382689215,26.929552140613367,26.474534090574924,26.71721076965332,118400,0.0,0.0
2017-05-03 00:00:00-04:00,26.656545552393176,26.671710314943816,26.178774529882524,26.22427749633789,132300,0.0,0.0
2017-05-04 00:00:00-04:00,25.97401663223649,26.156025612915652,25.701004607685054,25.905763626098633,130600,0.0,0.0
2017-05-05 00:00:00-04:00,25.875424773441413,26.76271373183085,25.852674738819754,26.71721076965332,199400,0.0,0.0
2017-05-08 00:00:00-04:00,26.656543234025023,27.073643598319208,26.421448933853938,26.937137603759766,200200,0.0,0.0
2017-05-09 00:00:00-04:00,26.94472366526863,27.043311984348332,26.48970554986706,26.66412925720215,118400,0.0,0.0
2017-05-10 00:00:00-04:00,26.755127272487407,27.68791625877688,26.739959619100496,27.513492584228516,131900,0.0,0.0
2017-05-11 00:00:00-04:00,27.59692082845133,27.59692082845133,27.11156735819518,27.13431739807129,107500,0.0,0.0
2017-05-12 00:00:00-04:00,27.179816130093887,27.179816130093887,26.838551120522922,27.14948081970215,82100,0.0,0.0
2017-05-15 00:00:00-04:00,27.68033528391305,27.748588281152397,26.96747289613983,26.990222930908203,154400,0.0,0.0
2017-05-16 00:00:00-04:00,27.08880306809548,27.16463842307879,26.368355624020595,26.444190979003906,128000,0.0,0.0
2017-05-17 00:00:00-04:00,26.34562029167334,26.34562029167334,25.685840184973742,25.701007843017578,241900,0.0,0.0
2017-05-18 00:00:00-04:00,25.69185840268112,25.79090558259348,25.158515584408406,25.288040161132812,221200,0.158,0.0
2017-05-19 00:00:00-04:00,25.440430191875013,26.529972677744688,25.318523482584677,26.4461612701416,191800,0.0,0.0
2017-05-22 00:00:00-04:00,26.6671230698998,26.6671230698998,26.339498182522174,26.49188232421875,62100,0.0,0.0
2017-05-23 00:00:00-04:00,26.560445381724698,26.560445381724698,25.707098567695045,26.042341232299805,265400,0.0,0.0
2017-05-24 00:00:00-04:00,25.935670895455928,26.23281823820869,25.188992137479016,25.524234771728516,157100,0.0,0.0
2017-05-25 00:00:00-04:00,25.52424517531231,25.82901344447745,24.449941240909336,24.579465866088867,180600,0.0,0.0
2017-05-26 00:00:00-04:00,24.62517366748168,24.693746359576462,24.36612159806635,24.434694290161133,173100,0.0,0.0
2017-05-30 00:00:00-04:00,24.388982217182956,24.434698321617013,23.76421144225236,23.825164794921875,268500,0.0,0.0
2017-05-31 00:00:00-04:00,23.58896928174027,23.901356849069405,23.246107217940214,23.825164794921875,285300,0.0,0.0
2017-06-01 00:00:00-04:00,23.787069801477653,24.43470012979269,23.71087919493455,24.01564598083496,193500,0.0,0.0
2017-06-02 00:00:00-04:00,23.931835034303877,23.931835034303877,23.451827518848305,23.67278289794922,143300,0.0,0.0
2017-06-05 00:00:00-04:00,23.543253800980043,23.916593254581166,23.375632450355813,23.848020553588867,186300,0.0,0.0
2017-06-06 00:00:00-04:00,23.75658976145638,24.366123228368203,23.75658976145638,24.267074584960938,136400,0.0,0.0
2017-06-07 00:00:00-04:00,24.206121643518042,24.472791631479925,23.741351458940287,23.924211502075195,375600,0.0,0.0
2017-06-08 00:00:00-04:00,23.88612027247771,24.495655306639062,23.840405617219485,24.2137451171875,251700,0.0,0.0
2017-06-09 00:00:00-04:00,24.289928667414493,25.59280831628423,24.282310771453748,25.288040161132812,416000,0.0,0.0
2017-06-12 00:00:00-04:00,25.50138436226866,25.88234318258825,25.204236947457,25.630908966064453,269200,0.0,0.0
2017-06-13 00:00:00-04:00,25.798531044580105,26.34711266033963,25.592812938670285,26.126155853271484,203100,0.0,0.0
2017-06-14 00:00:00-04:00,26.12616440701889,26.20997583758715,25.70711016066359,25.88235092163086,267300,0.0,0.0
2017-06-15 00:00:00-04:00,25.707099880599042,25.94329246521878,24.92232281350179,25.04422950744629,257800,0.0,0.0
2017-06-16 00:00:00-04:00,25.097567080060838,25.669005334304813,25.059471777741624,25.653766632080078,335200,0.0,0.0
2017-06-19 00:00:00-04:00,25.684242146174636,25.72233744569004,25.341378637565878,25.448049545288086,130100,0.0,0.0
2017-06-20 00:00:00-04:00,24.929946796469707,25.02137610196825,24.465176558250512,24.678512573242188,165200,0.0,0.0
2017-06-21 00:00:00-04:00,24.602319536154816,25.204235126324786,24.16040594140169,24.3432674407959,199200,0.0,0.0
2017-06-22 00:00:00-04:00,24.564223458742546,24.975656732975985,24.465173361943368,24.594697952270508,158900,0.0,0.0
2017-06-23 00:00:00-04:00,24.533749054644282,24.76994166737381,24.2823162868049,24.411842346191406,198600,0.0,0.0
2017-06-26 00:00:00-04:00,24.54898931331411,24.587084617155515,24.175648360103406,24.2137451171875,214900,0.0,0.0
2017-06-27 00:00:00-04:00,24.35850468804336,24.739464934079237,24.305170689571078,24.3432674407959,168300,0.0,0.0
2017-06-28 00:00:00-04:00,24.45277781212432,24.88929756650265,24.422144129370704,24.674867630004883,131900,0.163,0.0
2017-06-29 00:00:00-04:00,24.62126646195561,24.935254487255364,24.131137637026068,24.16176986694336,171300,0.0,0.0
2017-06-30 00:00:00-04:00,24.261323307316022,24.544677588355952,24.085184001729633,24.29961395263672,174200,0.0,0.0
2017-07-03 00:00:00-04:00,24.45277810192267,24.896954821559106,24.45277810192267,24.82037353515625,66600,0.0,0.0
2017-07-05 00:00:00-04:00,24.54468406975809,24.54468406975809,23.572087691255124,23.85544204711914,222100,0.0,0.0
2017-07-06 00:00:00-04:00,23.909044303348384,24.25366596940517,23.464866078594387,23.57208251953125,187700,0.0,0.0
2017-07-07 00:00:00-04:00,23.51847845916686,23.51847845916686,22.905819215107442,23.058984756469727,157300,0.0,0.0
2017-07-10 00:00:00-04:00,22.982402539375464,23.541454295632654,22.928795036815856,23.480188369750977,207700,0.0,0.0
2017-07-11 00:00:00-04:00,23.434231530386203,23.503155856766014,22.913470602491824,22.95176124572754,284400,0.0,0.0
2017-07-12 00:00:00-04:00,23.296386338299236,24.391515841576982,23.281069494451874,23.771198272705078,297500,0.0,0.0
2017-07-13 00:00:00-04:00,23.870758893569864,23.985632320560544,23.625695193137783,23.85544204711914,184100,0.0,0.0
2017-07-14 00:00:00-04:00,23.954995838889676,24.10815989414196,23.755881252436556,23.863096237182617,157900,0.0,0.0
2017-07-17 00:00:00-04:00,23.84778229901112,24.04689690972393,23.625693880593424,23.694618225097656,138600,0.0,0.0
2017-07-18 00:00:00-04:00,23.886073332385667,23.96265609622513,23.595059121934657,23.67930030822754,105400,0.0,0.0
2017-07-19 00:00:00-04:00,23.671639472851748,24.42214726844853,23.671639472851748,24.307273864746094,191200,0.0,0.0
2017-07-20 00:00:00-04:00,24.50638505762327,24.89695428406809,24.008599403279174,24.023916244506836,196700,0.0,0.0
2017-07-21 00:00:00-04:00,24.069871274402516,24.28430126196939,23.932022590569677,24.10816192626953,138300,0.0,0.0
2017-07-24 00:00:00-04:00,24.131134033203125,24.360880835703345,24.000943788934457,24.131134033203125,138000,0.0,0.0
2017-07-25 00:00:00-04:00,24.360883405579383,24.896959821529798,24.360883405579383,24.613605499267578,152700,0.0,0.0
2017-07-26 00:00:00-04:00,25.523684268336876,25.793163910468795,24.730638724005562,25.646875381469727,231400,0.172,0.0
2017-07-27 00:00:00-04:00,26.278226577003235,26.370619164825687,25.708465921698718,25.962549209594727,290000,0.0,0.0
2017-07-28 00:00:00-04:00,26.016448229007167,26.4014208174076,25.777764166840104,25.8393611907959,143100,0.0,0.0
2017-07-31 00:00:00-04:00,25.847053005637687,26.00104259062005,25.161802436428566,25.37738609313965,93300,0.0,0.0
2017-08-01 00:00:00-04:00,25.38509149284581,25.38509149284581,24.776834144420214,25.015518188476562,115900,0.0,0.0
2017-08-02 00:00:00-04:00,24.85382679333765,25.34659118552114,24.78453161711763,25.169504165649414,148400,0.0,0.0
2017-08-03 00:00:00-04:00,25.177207480782684,25.21570415160787,24.18397751311121,24.299468994140625,157400,0.0,0.0
2017-08-04 00:00:00-04:00,24.330265067580076,24.861527589343783,24.19167471681096,24.799930572509766,150600,0.0,0.0
2017-08-07 00:00:00-04:00,24.622839790678025,24.692134955469427,24.36105838336684,24.684436798095703,56200,0.0,0.0
2017-08-08 00:00:00-04:00,24.49965182512266,24.69213809209383,24.291766304340907,24.66904067993164,151000,0.0,0.0
2017-08-09 00:00:00-04:00,24.70753567936238,24.815327511658424,24.28406650801058,24.32256317138672,106700,0.0,0.0
2017-08-10 00:00:00-04:00,24.35336220958267,24.568947360443754,23.960691511507434,24.068483352661133,137200,0.0,0.0
2017-08-11 00:00:00-04:00,23.86829549659187,24.191672462062034,23.491022614968944,23.960689544677734,201500,0.0,0.0
2017-08-14 00:00:00-04:00,24.022287275166622,24.253270213588845,23.57571918394428,23.614215850830078,124400,0.0,0.0
2017-08-15 00:00:00-04:00,23.537220520040925,23.69890974814916,23.383232387401396,23.452526092529297,73200,0.0,0.0
2017-08-16 00:00:00-04:00,23.452530007791047,23.837502606489288,23.2985418494441,23.44483184814453,261500,0.0,0.0
2017-08-17 00:00:00-04:00,23.452525883102627,23.806701375262804,23.429428471117472,23.491024017333984,209400,0.0,0.0
2017-08-18 00:00:00-04:00,23.768204266786704,24.199373082269656,23.552619124768412,24.099279403686523,199400,0.0,0.0
2017-08-21 00:00:00-04:00,24.037685060788718,24.053084314964522,23.591116969566375,23.614215850830078,181000,0.0,0.0
2017-08-22 00:00:00-04:00,23.652715891375756,24.153181443596356,23.652715891375756,23.91449737548828,121800,0.0,0.0
2017-08-23 00:00:00-04:00,23.81440078072284,24.515050663129795,23.791301900398757,24.307165145874023,140100,0.0,0.0
2017-08-24 00:00:00-04:00,24.260970937418843,24.52275239602677,24.222472800238986,24.461156845092773,120800,0.0,0.0
2017-08-25 00:00:00-04:00,24.58434766133642,24.70753876177316,24.25327102820502,24.561248779296875,110000,0.0,0.0
2017-08-28 00:00:00-04:00,24.638240094785033,24.638240094785033,24.137776136570423,24.20707130432129,152000,0.0,0.0
2017-08-29 00:00:00-04:00,24.08475361185867,24.487326312583807,24.03830172295686,24.45635986328125,106600,0.172,0.0
2017-08-30 00:00:00-04:00,24.301521186775744,24.49506627804126,24.154427980588896,24.47184181213379,125900,0.0,0.0
2017-08-31 00:00:00-04:00,24.603453508689014,25.400859847904403,24.526035173787108,25.246023178100586,197700,0.0,0.0
2017-09-01 00:00:00-04:00,25.292471908441698,26.182780537708947,25.292471908441698,26.066652297973633,193800,0.0,0.0
2017-09-05 00:00:00-04:00,26.2447190959045,26.376328358145447,25.880853330215103,25.927305221557617,198800,0.0,0.0
2017-09-06 00:00:00-04:00,26.035682897362907,26.35309668493812,25.55568901116561,26.1595516204834,270000,0.0,0.0
2017-09-07 00:00:00-04:00,26.1672981220406,26.46922801928021,25.82665979368945,26.422779083251953,165000,0.0,0.0
2017-09-08 00:00:00-04:00,26.32213618024165,26.438264432930726,25.83440165351733,25.896337509155273,107300,0.0,0.0
2017-09-11 00:00:00-04:00,25.973751822635627,26.500194730760704,25.9350433932984,26.384069442749023,97500,0.0,0.0
2017-09-12 00:00:00-04:00,26.399549882443154,26.670514788486827,26.283424596936257,26.647287368774414,121300,0.0,0.0
2017-09-13 00:00:00-04:00,26.716964423193527,27.971138803112332,26.678255993674423,27.916946411132812,239200,0.0,0.0
2017-09-14 00:00:00-04:00,28.110499622389444,28.69113509249164,28.079531688533795,28.528554916381836,289200,0.0,0.0
2017-09-15 00:00:00-04:00,28.66016715863599,28.907904722951745,28.396945627392405,28.528554916381836,202100,0.0,0.0
2017-09-18 00:00:00-04:00,28.52080928152663,28.85370712745824,28.373716052056643,28.505325317382812,121900,0.0,0.0
2017-09-19 00:00:00-04:00,28.629194151660673,28.79951480442105,28.373716125784306,28.644678115844727,159400,0.0,0.0
2017-09-20 00:00:00-04:00,28.776286138006544,29.3336970114883,28.68338531018094,29.00079917907715,183100,0.0,0.0
2017-09-21 00:00:00-04:00,28.83048439025879,28.946609698418946,28.551778925451416,28.83048439025879,144900,0.0,0.0
2017-09-22 00:00:00-04:00,28.675653345716135,28.993067309149854,28.466624205903937,28.691137313842773,111400,0.0,0.0
2017-09-25 00:00:00-04:00,28.838230581148416,29.0704841965181,28.66790988502034,28.691137313842773,162100,0.0,0.0
2017-09-26 00:00:00-04:00,28.652415811200942,28.714351661862754,28.288553024986477,28.319520950317383,197700,0.0,0.0
2017-09-27 00:00:00-04:00,28.35048694283443,28.59048394289156,28.15694183244565,28.23436164855957,155600,0.0,0.0
2017-09-28 00:00:00-04:00,28.399260273023977,28.422597756312847,27.761424451942094,28.018115997314453,166300,0.172,0.0
2017-09-29 00:00:00-04:00,27.885883686118103,27.9558902103474,27.54363121614058,27.675867080688477,120900,0.0,0.0
2017-10-02 00:00:00-04:00,27.380288841647584,27.53585925469137,27.178046414513013,27.489187240600586,198900,0.0,0.0
2017-10-03 00:00:00-04:00,27.34916495038888,27.50473531101382,27.310273102047102,27.372499465942383,99100,0.0,0.0
2017-10-04 00:00:00-04:00,27.3802807428954,27.44250710935182,27.05358267541086,27.25582504272461,108100,0.0,0.0
2017-10-05 00:00:00-04:00,27.216937907416703,27.566967584790852,27.030252841193157,27.271387100219727,97900,0.0,0.0
2017-10-06 00:00:00-04:00,27.03802924942374,27.03802924942374,26.734668621870444,26.78911781311035,132400,0.0,0.0
2017-10-09 00:00:00-04:00,26.960241419249158,26.960241419249158,26.758002020865025,26.905792236328125,50100,0.0,0.0
2017-10-10 00:00:00-04:00,27.115820846709944,27.15471270932808,26.711338947511702,26.726896286010742,88600,0.0,0.0
2017-10-11 00:00:00-04:00,26.859119906579867,26.89801472298117,26.407969115452048,26.61020851135254,110400,0.0,0.0
2017-10-12 00:00:00-04:00,26.275736654935244,26.555762752479424,26.09683175200608,26.34574317932129,133000,0.0,0.0
2017-10-13 00:00:00-04:00,26.5713215811576,27.014695271438324,26.53242972481443,26.540206909179688,110500,0.0,0.0
2017-10-16 00:00:00-04:00,26.695772863398012,26.9913562635279,26.46241879687776,26.843563079833984,117500,0.0,0.0
2017-10-17 00:00:00-04:00,26.866908534822283,27.209161069445795,26.773564506713196,27.10803985595703,134000,0.0,0.0
2017-10-18 00:00:00-04:00,27.154703634612254,27.395837849875342,26.874677569728128,26.905792236328125,208900,0.0,0.0
2017-10-19 00:00:00-04:00,26.74244838700824,26.975802484273636,26.594655183842093,26.93691062927246,138700,0.0,0.0
2017-10-20 00:00:00-04:00,26.75023674411192,26.835800641207737,25.816816997922345,26.291305541992188,191600,0.0,0.0
2017-10-23 00:00:00-04:00,26.330183350918034,26.44686186959887,26.104609431264,26.14350128173828,110500,0.0,0.0
2017-10-24 00:00:00-04:00,26.15905780627123,26.38463171894819,26.003487441927952,26.07349395751953,78500,0.0,0.0
2017-10-25 00:00:00-04:00,26.03460523863809,26.11238894653346,25.36565466860819,25.513444900512695,111600,0.0,0.0
2017-10-26 00:00:00-04:00,25.661237808135684,25.661237808135684,25.311205192066765,25.630123138427734,105900,0.0,0.0
2017-10-27 00:00:00-04:00,25.474559494098965,26.42353640034859,25.272320022029856,26.39242172241211,119700,0.0,0.0
2017-10-30 00:00:00-04:00,26.054716548824533,26.695726403161274,25.88273727696999,26.476842880249023,167400,0.168,0.0
2017-10-31 00:00:00-04:00,26.492477834260775,26.789532129195734,26.109436884761244,26.680091857910156,118100,0.0,0.0
2017-11-01 00:00:00-04:00,26.96150953692084,27.704140749840402,26.96150953692084,27.46962547302246,134100,0.0,0.0
2017-11-02 00:00:00-04:00,27.524345610600303,27.813584001358635,27.35236933131062,27.508710861206055,122200,0.0,0.0
2017-11-03 00:00:00-04:00,27.71195693285649,28.03246180928629,27.52434294035023,28.024642944335938,157600,0.0,0.0
2017-11-06 00:00:00-05:00,28.134085135364327,29.220674725324567,28.134085135364327,29.205039978027344,164000,0.0,0.0
2017-11-07 00:00:00-05:00,29.134688693617097,29.36138808430608,28.947074684972264,29.18159294128418,215000,0.0,0.0
2017-11-08 00:00:00-05:00,29.173771573535024,29.47864170216473,28.86108257995298,29.384836196899414,173400,0.0,0.0
2017-11-09 00:00:00-05:00,29.345754634264743,29.74443032000267,29.283215634606602,29.681894302368164,151900,0.0,0.0
2017-11-10 00:00:00-05:00,29.564621914763627,29.83040658010826,29.2675677636085,29.330106735229492,124300,0.0,0.0
2017-11-13 00:00:00-05:00,29.22849248819518,29.337932744292754,28.8923528547393,28.947072982788086,132800,0.0,0.0
2017-11-14 00:00:00-05:00,28.782912713001622,28.814182209731833,28.087182811882784,28.220073699951172,175900,0.0,0.0
2017-11-15 00:00:00-05:00,27.80576474588651,28.18880864561755,27.563430606707815,27.95429039001465,136300,0.0,0.0
2017-11-16 00:00:00-05:00,27.96992045701552,28.00900881442159,27.641599725370053,27.93865394592285,225500,0.0,0.0
2017-11-17 00:00:00-05:00,28.063736606295503,28.28261715388009,27.83703719228358,28.055917739868164,239900,0.0,0.0
2017-11-20 00:00:00-05:00,27.96991729836051,27.96991729836051,27.34454241678611,27.42271614074707,130500,0.0,0.0
2017-11-21 00:00:00-05:00,27.64160342423977,27.821398560679672,27.102215032896662,27.26637840270996,133900,0.0,0.0
2017-11-22 00:00:00-05:00,27.60251658684666,27.8292129752488,27.49307335207276,27.532161712646484,127600,0.0,0.0
2017-11-24 00:00:00-05:00,27.7588596564575,28.16535417661078,27.711958392378193,28.016828536987305,72600,0.0,0.0
2017-11-27 00:00:00-05:00,27.962108089872572,27.962108089872572,27.055313549685952,27.102214813232422,123500,0.0,0.0
2017-11-28 00:00:00-05:00,27.02404467834328,27.211658682943206,26.93805505048596,27.156938552856445,103500,0.0,0.0
2017-11-29 00:00:00-05:00,27.171080439612396,27.555985757982867,27.00612230167424,27.210355758666992,114100,0.168,0.0
2017-11-30 00:00:00-05:00,27.383166340531464,27.90946212328693,27.383166340531464,27.689517974853516,135500,0.0,0.0
2017-12-01 00:00:00-05:00,28.137262559934637,28.380774288258017,27.70522813579218,27.80734634399414,216000,0.0,0.0
2017-12-04 00:00:00-05:00,27.838760486901226,27.838760486901226,27.04538852147048,27.147506713867188,227000,0.0,0.0
2017-12-05 00:00:00-05:00,27.076816986069364,27.281050427309033,26.605504204223575,26.691911697387695,154300,0.0,0.0
2017-12-06 00:00:00-05:00,26.51909585987195,26.55051731028937,25.69430226375851,25.914249420166016,222200,0.0,0.0
2017-12-07 00:00:00-05:00,25.83569629692636,25.90639306348421,25.27797902547805,25.41937255859375,270000,0.0,0.0
2017-12-08 00:00:00-05:00,25.631461702514766,25.851405856770757,25.474357450968615,25.69430160522461,107700,0.0,0.0
2017-12-11 00:00:00-05:00,25.73357595690578,26.629069258285572,25.670736056545277,26.558372497558594,201100,0.0,0.0
2017-12-12 00:00:00-05:00,26.621211483314248,27.846620961643293,26.621211483314248,26.864723205566406,321700,0.0,0.0
2017-12-13 00:00:00-05:00,26.935418314846103,27.013968931917635,26.18132160350915,26.228450775146484,224300,0.0,0.0
2017-12-14 00:00:00-05:00,26.07920112519507,26.424828005227024,26.008504377402886,26.055633544921875,185700,0.0,0.0
2017-12-15 00:00:00-05:00,26.259877912748895,26.40912531614169,25.961380109448687,25.97709083557129,376300,0.0,0.0
2017-12-18 00:00:00-05:00,26.118479330793733,26.361991043901075,25.859256894597465,26.00065040588379,185900,0.0,0.0
2017-12-19 00:00:00-05:00,26.118486197480717,26.40912715975184,25.937817329230295,26.087064743041992,223300,0.0,0.0
2017-12-20 00:00:00-05:00,26.24416197338444,27.11608762264117,26.03992856738956,27.01396942138672,189600,0.0,0.0
2017-12-21 00:00:00-05:00,27.108222632697583,28.317920972399463,27.02181817687298,28.129398345947266,234100,0.0,0.0
2017-12-22 00:00:00-05:00,28.043002135721338,28.152974211323826,27.579546248172058,27.862333297729492,140300,0.0,0.0
2017-12-26 00:00:00-05:00,27.96445189590792,28.43576470102764,27.838769080512268,28.41219711303711,94400,0.0,0.0
2017-12-27 00:00:00-05:00,28.25508766346261,28.427899611793936,28.035140552792296,28.16868019104004,130800,0.0,0.0
2017-12-28 00:00:00-05:00,28.302863596045384,28.855346188722308,28.302863596045384,28.72117042541504,106500,0.17,0.0
2017-12-29 00:00:00-05:00,28.729060585245914,28.934266827506075,28.523851332198277,28.665918350219727,108700,0.0,0.0
2018-01-02 00:00:00-05:00,28.80798039145744,29.58145457218022,28.80798039145744,29.5419921875,163300,0.0,0.0
2018-01-03 00:00:00-05:00,29.684066357640923,30.062910761580092,29.518322495440227,29.8419189453125,195800,0.0,0.0
2018-01-04 00:00:00-05:00,29.90505059813693,30.02344076159605,29.360462469956214,29.960298538208008,224000,0.0,0.0
2018-01-05 00:00:00-05:00,29.952415272016346,30.126050411172624,29.652495652327893,29.684066772460938,146500,0.0,0.0
2018-01-08 00:00:00-05:00,29.75509614944863,29.75509614944863,29.281538445671874,29.628814697265625,141700,0.0,0.0
2018-01-09 00:00:00-05:00,29.66038508714715,30.331254720928957,29.66038508714715,30.06290626525879,159800,0.0,0.0
2018-01-10 00:00:00-05:00,30.189186141717062,30.481211413008715,29.660383542059556,29.71563148498535,184500,0.0,0.0
2018-01-11 00:00:00-05:00,29.889278214111442,30.536471235113932,29.841924536489174,30.173412322998047,190100,0.0,0.0
2018-01-12 00:00:00-05:00,30.204971210190664,30.74166808489866,30.023441827684582,30.560138702392578,139700,0.0,0.0
2018-01-16 00:00:00-05:00,31.057375927134718,31.199442950301687,30.607498024035174,30.702211380004883,261100,0.0,0.0
2018-01-17 00:00:00-05:00,30.72587864475764,31.67299083398596,30.678521981520895,31.459890365600586,236700,0.0,0.0
2018-01-18 00:00:00-05:00,31.428327054149904,31.428327054149904,30.91530694622474,31.0336971282959,126300,0.0,0.0
2018-01-19 00:00:00-05:00,30.875848731233503,31.136305962697538,30.520681147777008,30.946882247924805,214200,0.0,0.0
2018-01-22 00:00:00-05:00,31.03370718040442,31.696685791015625,30.89953440733219,31.696685791015625,224200,0.0,0.0
2018-01-23 00:00:00-05:00,31.704561768677287,32.028161146901304,31.36518285620251,31.83873748779297,100600,0.0,0.0
2018-01-24 00:00:00-05:00,32.028154385320626,32.03604565617351,31.467777809604527,31.744020462036133,136200,0.0,0.0
2018-01-25 00:00:00-05:00,31.909775023518147,31.949237412682297,31.136300754909037,31.27047348022461,172700,0.0,0.0
2018-01-26 00:00:00-05:00,31.333613986579532,31.60196243322521,31.246794928725468,31.420433044433594,117600,0.0,0.0
2018-01-29 00:00:00-05:00,31.207334658102525,31.47568312294663,30.79691918182405,30.8521671295166,201200,0.0,0.0
2018-01-30 00:00:00-05:00,30.593721920338655,30.593721920338655,29.951561861474392,30.022912979125977,183300,0.174,0.0
2018-01-31 00:00:00-05:00,30.17353970895763,30.284529645646163,29.674081969610288,29.9674129486084,203100,0.0,0.0
2018-02-01 00:00:00-05:00,29.983260330905015,30.39551070697923,29.72164170285196,30.324159622192383,219700,0.0,0.0
2018-02-02 00:00:00-05:00,29.753364455328754,29.76129403737716,28.873368351421444,29.02400016784668,203000,0.0,0.0
2018-02-05 00:00:00-05:00,28.619674351355496,28.920934940893236,28.104363448046715,28.22327995300293,216500,0.0,0.0
2018-02-06 00:00:00-05:00,27.707965203647657,28.572104993077975,27.541480305268593,28.365978240966797,251400,0.0,0.0
2018-02-07 00:00:00-05:00,28.28670161083367,28.540393757852446,27.295715716463796,27.30364227294922,357600,0.0,0.0
2018-02-08 00:00:00-05:00,27.382922369627646,27.54148071416363,26.2016658782959,26.2016658782959,402700,0.0,0.0
2018-02-09 00:00:00-05:00,26.39193558638997,26.39193558638997,25.274102168999306,26.130313873291016,266300,0.0,0.0
2018-02-12 00:00:00-05:00,27.02617079144165,27.21644143747988,26.455361877576276,26.63770294189453,232400,0.0,0.0
2018-02-13 00:00:00-05:00,26.423650929140393,26.47121631941303,25.662571418037764,25.916263580322266,242500,0.0,0.0
2018-02-14 00:00:00-05:00,25.638795048843793,26.883473472233483,25.55951736266287,26.812122344970703,187400,0.0,0.0
2018-02-15 00:00:00-05:00,26.81211342947303,26.954815636547604,26.027254314811746,26.73283576965332,152900,0.0,0.0
2018-02-16 00:00:00-05:00,26.5425626100748,26.875535402775263,26.439499242780776,26.788328170776367,193700,0.0,0.0
2018-02-20 00:00:00-05:00,26.812116779201663,27.00238742048854,26.542568468190648,26.69319725036621,176700,0.0,0.0
2018-02-21 00:00:00-05:00,26.558422588130064,26.788332046802296,26.209596633911133,26.209596633911133,146200,0.0,0.0
2018-02-22 00:00:00-05:00,26.423646351653442,26.938957143915236,26.257158441793273,26.52670669555664,135900,0.0,0.0
2018-02-23 00:00:00-05:00,26.693198139362085,27.40670928763924,26.693198139362085,27.39878273010254,149500,0.0,0.0
2018-02-26 00:00:00-05:00,27.446348507757207,27.628689576145543,27.145090929158773,27.406709671020508,143100,0.0,0.0
2018-02-27 00:00:00-05:00,27.335004787133478,27.470443451544067,26.976486206054688,26.976486206054688,141900,0.17,0.0
2018-02-28 00:00:00-05:00,27.088021850696943,27.135825336308084,26.235546112060547,26.235546112060547,267200,0.0,0.0
2018-03-01 00:00:00-05:00,26.370989924561243,26.370989924561243,24.99268925077701,25.191865921020508,387500,0.0,0.0
2018-03-02 00:00:00-05:00,24.99268836177234,25.582251102370314,24.6740044850406,25.566316604614258,296400,0.0,0.0
2018-03-05 00:00:00-05:00,25.359173328722186,25.74159368647397,25.30340410477434,25.343238830566406,190500,0.0,0.0
2018-03-06 00:00:00-05:00,25.645981810190992,25.645981810190992,25.247630069391985,25.327301025390625,141000,0.0,0.0
2018-03-07 00:00:00-05:00,25.175931815563526,25.51851441726647,24.913018667523293,24.976755142211914,277400,0.0,0.0
2018-03-08 00:00:00-05:00,24.96081708198719,25.04048804387909,24.594332784720542,24.920982360839844,142600,0.0,0.0
2018-03-09 00:00:00-05:00,25.15999286595617,25.414938719608365,25.016585443377522,25.247631072998047,149800,0.0,0.0
2018-03-12 00:00:00-04:00,25.239662005838785,25.43883862959749,24.8731762279323,25.040485382080078,138300,0.0,0.0
2018-03-13 00:00:00-04:00,25.136092207118097,25.287466884105854,24.395156357813992,24.506694793701172,197600,0.0,0.0
2018-03-14 00:00:00-04:00,24.697906888986704,24.705874138076773,24.307520801157633,24.387191772460938,139800,0.0,0.0
2018-03-15 00:00:00-04:00,24.434990434740595,24.53059589126276,24.044604399836345,24.419055938720703,292100,0.0,0.0
2018-03-16 00:00:00-04:00,24.41906367622372,24.833351586430403,24.387196193683483,24.52263641357422,184100,0.0,0.0
2018-03-19 00:00:00-04:00,24.41109110614598,24.618235016109555,24.267683666971404,24.355321884155273,226200,0.0,0.0
2018-03-20 00:00:00-04:00,24.56246275838081,24.785541138370135,24.53856101494002,24.6899356842041,136800,0.0,0.0
2018-03-21 00:00:00-04:00,24.90505001886081,25.582250974124893,24.90505001886081,25.414941787719727,254900,0.0,0.0
2018-03-22 00:00:00-04:00,25.159997691291153,25.29543789196906,24.841315313107096,25.120162963867188,162700,0.0,0.0
2018-03-23 00:00:00-04:00,25.438843796090076,25.63005169178304,24.889115777382067,24.952852249145508,143900,0.0,0.0
2018-03-26 00:00:00-04:00,25.199830631855814,25.343238071769324,24.75367533403393,25.319337844848633,154800,0.0,0.0
2018-03-27 00:00:00-04:00,25.367142918237143,25.49461587604959,24.897085816454677,24.984724044799805,121400,0.0,0.0
2018-03-28 00:00:00-04:00,24.982316606042218,25.166539795686557,24.862171114001683,24.998334884643555,192300,0.167,0.0
2018-03-29 00:00:00-04:00,25.102462706749392,25.895426334456328,25.05440481431447,25.855375289916992,199500,0.0,0.0
2018-04-02 00:00:00-04:00,25.71920992709272,25.71920992709272,24.870178556041004,25.206586837768555,285400,0.0,0.0
2018-04-03 00:00:00-04:00,25.398817160618343,25.727215503758025,25.16653611368831,25.66313934326172,147600,0.0,0.0
2018-04-04 00:00:00-04:00,25.254645370359416,25.4949363370054,24.990324695955753,25.46289825439453,126600,0.0,0.0
2018-04-05 00:00:00-04:00,25.5510065874719,26.536203312135473,25.52697840513345,26.456104278564453,186500,0.0,0.0
2018-04-06 00:00:00-04:00,26.335954555065896,26.520177708814387,25.783282038355388,26.071632385253906,124600,0.0,0.0
2018-04-09 00:00:00-04:00,26.27187855132247,26.520180948251873,25.991539599519445,26.015567779541016,87100,0.0,0.0
2018-04-10 00:00:00-04:00,26.51216954484294,26.896638758370752,26.167751372012276,26.784500122070312,170400,0.0,0.0
2018-04-11 00:00:00-04:00,26.736444418439945,27.5294049340803,26.736444418439945,27.44129753112793,133600,0.0,0.0
2018-04-12 00:00:00-04:00,27.393246272546786,28.026014961196314,27.273099236055742,27.865819931030273,135400,0.0,0.0
2018-04-13 00:00:00-04:00,28.009989350887444,28.186201097651665,27.705619162163167,28.001977920532227,125200,0.0,0.0
2018-04-16 00:00:00-04:00,28.362419862488938,28.370428238497603,26.79251539472684,27.249069213867188,378000,0.0,0.0
2018-04-17 00:00:00-04:00,27.00877505740496,27.809747005200215,27.00877505740496,27.689599990844727,269000,0.0,0.0
2018-04-18 00:00:00-04:00,27.873814167568074,29.579884720757562,27.865805795082043,29.291534423828125,314100,0.0,0.0
2018-04-19 00:00:00-04:00,29.339601461766925,29.692027996709164,28.931104082970055,29.107318878173828,126100,0.0,0.0
2018-04-20 00:00:00-04:00,28.86702911056341,28.947125081432876,28.418483729484286,28.786930084228516,130100,0.0,0.0
2018-04-23 00:00:00-04:00,28.578681283498614,28.987175660223784,28.442514454279753,28.89105987548828,104000,0.0,0.0
2018-04-24 00:00:00-04:00,29.011202988576496,29.115327134897903,28.2182394688344,28.45853042602539,123700,0.0,0.0
2018-04-25 00:00:00-04:00,28.21824396227575,28.658777963186918,28.018000956819236,28.410478591918945,175500,0.0,0.0
2018-04-26 00:00:00-04:00,28.62674140897429,28.778924993177515,27.937904981220928,27.993972778320312,100600,0.0,0.0
2018-04-27 00:00:00-04:00,27.598667122215154,27.840198179856646,27.01094789575715,27.03510284423828,190300,0.179,0.0
2018-04-30 00:00:00-04:00,27.002895973724883,27.671123447854786,27.002895973724883,27.220272064208984,144700,0.0,0.0
2018-05-01 00:00:00-04:00,27.11561291539463,27.131715191699158,26.455434942884985,26.801626205444336,128900,0.0,0.0
2018-05-02 00:00:00-04:00,26.77746891241743,27.139762419581377,26.535940931373098,26.817726135253906,88800,0.0,0.0
2018-05-03 00:00:00-04:00,26.753315993628785,26.938487540923497,26.527890296260402,26.672807693481445,150900,0.0,0.0
2018-05-04 00:00:00-04:00,26.632556901343005,27.22832576841764,26.358824346656093,27.196121215820312,124400,0.0,0.0
2018-05-07 00:00:00-04:00,27.45374781053994,27.72748032849817,27.220272513524346,27.316883087158203,175500,0.0,0.0
2018-05-08 00:00:00-04:00,27.18001966234611,27.759689339732972,26.680861368593675,27.590620040893555,191400,0.0,0.0
2018-05-09 00:00:00-04:00,28.041475901293122,28.274951246882136,27.61477322584685,27.711383819580078,203500,0.0,0.0
2018-05-10 00:00:00-04:00,27.920709160908704,28.23469588050169,27.89655728130779,28.105880737304688,177300,0.0,0.0
2018-05-11 00:00:00-04:00,28.138080248452457,28.138080248452457,27.598664821533546,27.783836364746094,126600,0.0,0.0
2018-05-14 00:00:00-04:00,28.017314729698974,28.073671152798674,27.735532614200476,27.783836364746094,66600,0.0,0.0
2018-05-15 00:00:00-04:00,27.574514823772937,27.767739052695944,27.13171301018491,27.502056121826172,154000,0.0,0.0
2018-05-16 00:00:00-04:00,27.494006082451385,27.679177635325683,27.365190955617315,27.518157958984375,334400,0.0,0.0
2018-05-17 00:00:00-04:00,27.727483475669338,29.2249613573398,27.671127045386694,29.144453048706055,286500,0.0,0.0
2018-05-18 00:00:00-04:00,29.039792684739364,29.93344912713653,28.91097753537011,29.45844268798828,253500,0.0,0.0
2018-05-21 00:00:00-04:00,29.595301686779784,29.740219085545526,29.063938915037,29.402080535888672,102200,0.0,0.0
2018-05-22 00:00:00-04:00,29.71607047167671,30.50506357868555,29.12029853677056,29.184707641601562,189800,0.0,0.0
2018-05-23 00:00:00-04:00,29.01563923894582,29.01563923894582,28.347408576188776,28.81436538696289,156400,0.0,0.0
2018-05-24 00:00:00-04:00,28.403764869165148,28.733853861943714,28.097830826918347,28.580886840820312,137400,0.0,0.0
2018-05-25 00:00:00-04:00,27.912656341648603,28.0656264348457,27.518161311308745,27.98511505126953,151500,0.0,0.0
2018-05-29 00:00:00-04:00,27.55841326590395,27.55841326590395,26.92238720684188,27.180017471313477,258800,0.0,0.0
2018-05-30 00:00:00-04:00,27.371834798114108,28.35113389169522,27.323273364282013,27.94646453857422,208300,0.177,0.0
2018-05-31 00:00:00-04:00,27.711751700813355,28.432062474493122,27.566070523284708,28.383501052856445,246700,0.0,0.0
2018-06-01 00:00:00-04:00,28.432060156879974,29.071435175713887,28.359219574053185,28.82863426208496,163800,0.0,0.0
2018-06-04 00:00:00-04:00,28.828644212994696,29.087632355245777,28.067866931054922,28.15689468383789,128600,0.0,0.0
2018-06-05 00:00:00-04:00,28.067865536490682,28.456347730565394,27.63082191038837,28.254013061523438,117700,0.0,0.0
2018-06-06 00:00:00-04:00,28.326852620561198,28.529187282136633,27.97074472764592,28.181171417236328,132300,0.0,0.0
2018-06-07 00:00:00-04:00,28.464439392089844,29.0390721911747,28.16498495023345,28.464439392089844,300800,0.0,0.0
2018-06-08 00:00:00-04:00,28.48062671694334,28.68296138466429,28.286387164865157,28.56965446472168,176700,0.0,0.0
2018-06-11 00:00:00-04:00,28.496807508740794,28.82054413988432,28.148791710844968,28.747703552246094,156000,0.0,0.0
2018-06-12 00:00:00-04:00,28.820546961290276,29.451830057700555,28.46443601469442,29.095722198486328,296700,0.0,0.0
2018-06-13 00:00:00-04:00,29.0471644040384,29.111912979652473,28.537280176914646,28.56965446472168,158600,0.0,0.0
2018-06-14 00:00:00-04:00,28.74770926766775,28.74770926766775,28.075956705075182,28.326852798461914,202800,0.0,0.0
2018-06-15 00:00:00-04:00,28.181169097859552,28.262101720876014,27.137121589086213,27.307085037231445,425600,0.0,0.0
2018-06-18 00:00:00-04:00,27.32326757693684,27.889805168784267,27.32326757693684,27.760311126708984,105200,0.0,0.0
2018-06-19 00:00:00-04:00,27.218057819553312,27.52560426279764,27.072376625434746,27.363739013671875,104400,0.0,0.0
2018-06-20 00:00:00-04:00,27.663195351192837,27.905996329130744,27.509422118887947,27.865530014038086,87800,0.0,0.0
2018-06-21 00:00:00-04:00,27.70365794138539,27.776498533711163,27.10474914882373,27.25042724609375,80700,0.0,0.0
2018-06-22 00:00:00-04:00,28.035495007541474,28.496817867821893,27.954562364025854,28.334949493408203,113400,0.0,0.0
2018-06-25 00:00:00-04:00,28.302575411976534,28.33494661366335,27.60654363390468,27.638917922973633,79100,0.0,0.0
2018-06-26 00:00:00-04:00,27.825064192566515,28.58584142690346,27.825064192566515,28.464439392089844,130400,0.0,0.0
2018-06-27 00:00:00-04:00,28.650580836367684,29.184744061373408,28.618206559123458,28.67486000061035,157100,0.0,0.0
2018-06-28 00:00:00-04:00,28.741561162807436,29.131938529579877,28.7008974354768,28.790359497070312,115300,0.172,0.0
2018-06-29 00:00:00-04:00,29.12380028275201,29.497911451494456,28.97740841629752,29.286455154418945,97200,0.0,0.0
2018-07-02 00:00:00-04:00,29.02620386958393,29.148198126755222,28.798484565469877,28.89607810974121,40600,0.0,0.0
2018-07-03 00:00:00-04:00,29.24579666842447,29.85576185362353,29.058741050589965,29.318992614746094,57200,0.0,0.0
2018-07-05 00:00:00-04:00,29.375918877780716,29.41658259802643,28.847284309700495,29.034339904785156,116900,0.0,0.0
2018-07-06 00:00:00-04:00,28.82288519770276,29.636172057595036,28.82288519770276,29.611774444580078,93700,0.0,0.0
2018-07-09 00:00:00-04:00,29.798821915590672,29.953348362351257,29.684962282678022,29.75002670288086,100000,0.0,0.0
2018-07-10 00:00:00-04:00,29.904557444465784,30.24613642769758,29.774431674314183,30.221738815307617,117600,0.0,0.0
2018-07-11 00:00:00-04:00,30.156672941286725,30.750371872123154,29.847623120288787,29.97774887084961,222700,0.0,0.0
2018-07-12 00:00:00-04:00,30.10787915423035,30.47385885229519,30.050949323691718,30.221738815307617,110800,0.0,0.0
2018-07-13 00:00:00-04:00,30.343730206318995,30.37625931894164,29.546709551872627,30.07534408569336,195000,0.0,0.0
2018-07-16 00:00:00-04:00,29.92895952420232,29.953360242677537,29.099406452246463,29.22953224182129,278300,0.0,0.0
2018-07-17 00:00:00-04:00,29.066876812941256,29.595511466335626,28.733429289203933,29.449119567871094,141200,0.0,0.0
2018-07-18 00:00:00-04:00,29.327122688564263,29.46537995333473,28.89607858131594,29.367786407470703,119700,0.0,0.0
2018-07-19 00:00:00-04:00,29.205127233069007,29.660568932516302,28.993674041951582,29.05060386657715,94100,0.0,0.0
2018-07-20 00:00:00-04:00,29.172595018299322,29.38405131185951,28.961141827181898,29.05060386657715,92600,0.0,0.0
2018-07-23 00:00:00-04:00,29.205131560145706,29.205131560145706,28.68462845648327,28.936748504638672,105500,0.0,0.0
2018-07-24 00:00:00-04:00,29.16446494788359,29.59550595619754,29.034339184858084,29.351520538330078,75100,0.0,0.0
2018-07-25 00:00:00-04:00,29.497910747789675,29.750030756767323,29.270191450934213,29.70936393737793,77400,0.0,0.0
2018-07-26 00:00:00-04:00,29.709365127188363,29.855756996013266,29.497911929131764,29.676836013793945,63900,0.0,0.0
2018-07-27 00:00:00-04:00,29.63616775478921,29.709363685650093,29.10753323407633,29.432846069335938,156900,0.0,0.0
2018-07-30 00:00:00-04:00,29.176232388040614,29.633896773393452,27.99937398546518,28.064756393432617,234700,0.176,0.0
2018-07-31 00:00:00-04:00,28.097442626953125,28.203684344698743,26.94510439001757,28.097442626953125,188200,0.0,0.0
2018-08-01 00:00:00-04:00,27.933990434968035,28.130131393747828,27.459977402308926,27.8195743560791,182700,0.0,0.0
2018-08-02 00:00:00-04:00,27.549880144721527,27.819577894351042,27.26383991111876,27.370084762573242,190900,0.0,0.0
2018-08-03 00:00:00-04:00,27.549875984454165,27.549875984454165,27.23931895418357,27.386423110961914,123400,0.0,0.0
2018-08-06 00:00:00-04:00,27.607085745773666,27.827746671121247,27.45997846220861,27.55805206298828,54600,0.0,0.0
2018-08-07 00:00:00-04:00,27.811400497727856,27.811400497727856,26.855206291869038,26.887897491455078,106600,0.0,0.0
2018-08-08 00:00:00-04:00,26.748958755533078,26.82251238838475,26.234083325571348,26.659059524536133,116500,0.0,0.0
2018-08-09 00:00:00-04:00,26.683586150192575,26.814347850434906,26.454750836564855,26.601858139038086,118200,0.0,0.0
2018-08-10 00:00:00-04:00,26.495612640187375,26.577340649358007,26.095156306868,26.332162857055664,147700,0.0,0.0
2018-08-13 00:00:00-04:00,26.315816052452536,26.438403384198445,25.678351639278524,25.8581485748291,93500,0.0,0.0
2018-08-14 00:00:00-04:00,26.078810114478404,26.323987901228687,25.923530018175303,26.095155715942383,184100,0.0,0.0
2018-08-15 00:00:00-04:00,25.792766164883194,25.88266540660701,24.787535141034454,25.016368865966797,215900,0.0,0.0
2018-08-16 00:00:00-04:00,25.000024041170924,25.286065816506515,24.918297596960432,24.96733283996582,149800,0.0,0.0
2018-08-17 00:00:00-04:00,25.171646452827044,25.335099330090426,24.83656945735905,25.073575973510742,137300,0.0,0.0
2018-08-20 00:00:00-04:00,25.08991903888732,25.08991903888732,24.697632484837015,24.93463897705078,218300,0.0,0.0
2018-08-21 00:00:00-04:00,25.171647301750276,25.800938873994586,25.106266460400363,25.43317222595215,157400,0.0,0.0
2018-08-22 00:00:00-04:00,25.727384504242476,26.381192899231266,25.727384504242476,26.242259979248047,167400,0.0,0.0
2018-08-23 00:00:00-04:00,26.0788104891048,26.0788104891048,25.727387846592755,25.91535758972168,96800,0.0,0.0
2018-08-24 00:00:00-04:00,26.21774107446985,26.511952490847218,26.111496244397856,26.250429153442383,84900,0.0,0.0
2018-08-27 00:00:00-04:00,26.446578010178733,26.634547748167943,26.315816317768643,26.38936996459961,162500,0.0,0.0
2018-08-28 00:00:00-04:00,26.536479153005047,26.70810330199663,26.18505649500997,26.27495574951172,124200,0.0,0.0
2018-08-29 00:00:00-04:00,26.471092266579763,26.699924426535468,26.274951305933257,26.585508346557617,85200,0.0,0.0
2018-08-30 00:00:00-04:00,26.583866318329264,26.63317291992804,26.107248375237976,26.370210647583008,78400,0.178,0.0
2018-08-31 00:00:00-04:00,26.189429229357845,26.271603778842454,25.803201950312303,26.04973030090332,92100,0.0,0.0
2018-09-04 00:00:00-04:00,25.992201598107258,26.04972596750794,25.285490872351385,25.32657814025879,127400,0.0,0.0
2018-09-05 00:00:00-04:00,25.19509806927975,25.29370971076469,24.792436870692406,25.285491943359375,146600,0.0,0.0
2018-09-06 00:00:00-04:00,25.236186356089895,25.548455260562704,25.0554001680228,25.42519187927246,156100,0.0,0.0
2018-09-07 00:00:00-04:00,25.260838894114734,25.79498124177852,25.047181641573445,25.712806701660156,141200,0.0,0.0
2018-09-10 00:00:00-04:00,25.91002720208615,25.91824496918773,25.38410107923681,25.54023551940918,112400,0.0,0.0
2018-09-11 00:00:00-04:00,25.490927899459066,26.074375198101666,25.13757178681472,25.95932960510254,176300,0.0,0.0
2018-09-12 00:00:00-04:00,26.090816873182384,26.54278315269535,26.000422990328182,26.41952133178711,179600,0.0,0.0
2018-09-13 00:00:00-04:00,26.452384984962784,26.518127119937734,26.090812646873157,26.27159881591797,109600,0.0,0.0
2018-09-14 00:00:00-04:00,26.214076992988865,26.345559700464353,25.745675235472145,25.836069107055664,137600,0.0,0.0
2018-09-17 00:00:00-04:00,25.967552153702258,25.992203889668556,25.679936550856873,25.77033042907715,101700,0.0,0.0
2018-09-18 00:00:00-04:00,26.386646181449265,26.485256249889265,26.197640676744843,26.370210647583008,169600,0.0,0.0
2018-09-19 00:00:00-04:00,26.575644784191397,27.14265648235091,26.493470266112716,26.929000854492188,157900,0.0,0.0
2018-09-20 00:00:00-04:00,27.134447859003334,27.22484173497741,26.27981883948564,26.781091690063477,196700,0.0,0.0
2018-09-21 00:00:00-04:00,26.822179881760913,27.08514218375795,26.674263195042844,26.83861541748047,149600,0.0,0.0
2018-09-24 00:00:00-04:00,27.076922286470857,27.561759552350274,27.076922286470857,27.36453628540039,152800,0.0,0.0
2018-09-25 00:00:00-04:00,27.627496855085194,27.85759117485783,27.496015730111097,27.528886795043945,114300,0.0,0.0
2018-09-26 00:00:00-04:00,27.47957991598289,27.611061039609325,26.698912507751892,26.739999771118164,138200,0.0,0.0
2018-09-27 00:00:00-04:00,26.985403552755056,27.02671554282586,26.704477607609668,26.803627014160156,143500,0.177,0.0
2018-09-28 00:00:00-04:00,26.762311063945067,27.5720379267444,26.762311063945067,27.21674919128418,131700,0.0,0.0
2018-10-01 00:00:00-04:00,27.54725115900015,27.795126212779174,27.522464599192944,27.67119026184082,104600,0.0,0.0
2018-10-02 00:00:00-04:00,27.654664102544995,27.69597608509245,27.249799109014592,27.315900802612305,73000,0.0,0.0
2018-10-03 00:00:00-04:00,27.373730919203762,28.026467634201516,27.241530719114184,27.960369110107422,153900,0.0,0.0
2018-10-04 00:00:00-04:00,27.811649773907888,27.96037542659473,27.398523661311575,27.629873275756836,142500,0.0,0.0
2018-10-05 00:00:00-04:00,27.613346766054278,27.687709589470483,27.001921908545008,27.175434112548828,126300,0.0,0.0
2018-10-08 00:00:00-04:00,26.977137485255227,27.158910838727063,26.712737014839618,26.919300079345703,48000,0.0,0.0
2018-10-09 00:00:00-04:00,27.076290601943818,27.20022656657144,26.59706271338956,27.026714324951172,98900,0.0,0.0
2018-10-10 00:00:00-04:00,26.919296190769053,27.034970985878516,25.671653696312934,25.812116622924805,241000,0.0,0.0
2018-10-11 00:00:00-04:00,25.61381949158416,25.79559441740785,25.09328127275431,25.30810546875,200800,0.0,0.0
2018-10-12 00:00:00-04:00,25.82864657953223,25.977372242761678,25.34115760603622,25.638608932495117,178600,0.0,0.0
2018-10-15 00:00:00-04:00,25.853434202788986,25.919534321141374,24.985868376468897,24.994131088256836,252400,0.0,0.0
2018-10-16 00:00:00-04:00,25.159381814122696,25.746020159159006,25.085018985040474,25.69644546508789,136900,0.0,0.0
2018-10-17 00:00:00-04:00,25.572508468146236,25.572508468146236,24.977605823246993,25.109806060791016,135000,0.0,0.0
2018-10-18 00:00:00-04:00,24.878449947651355,24.928024629819255,23.994360498561978,24.209184646606445,271500,0.0,0.0
2018-10-19 00:00:00-04:00,24.34139221138179,24.514906015372212,23.911742209400842,23.977842330932617,149400,0.0,0.0
2018-10-22 00:00:00-04:00,23.97784027852357,24.200928760579522,23.77953993090197,24.12656593322754,217900,0.0,0.0
2018-10-23 00:00:00-04:00,23.67212568118669,23.93652613824362,23.01112453854436,23.886951446533203,468900,0.0,0.0
2018-10-24 00:00:00-04:00,24.085248979363314,24.134823665289982,23.135059356689453,23.135059356689453,446400,0.0,0.0
2018-10-25 00:00:00-04:00,23.31683822899852,23.391201058535653,21.556921607172285,22.457536697387695,836300,0.0,0.0
2018-10-26 00:00:00-04:00,21.961781369691774,22.845870889286097,21.705643652788478,22.449270248413086,465700,0.0,0.0
2018-10-29 00:00:00-04:00,22.64757166679337,22.64757166679337,21.52386822055903,21.82958221435547,455400,0.0,0.0
2018-10-30 00:00:00-04:00,21.754569164080383,22.02129159288466,21.529521518605122,21.94627571105957,455500,0.23,0.0
2018-10-31 00:00:00-04:00,22.17965587538819,23.071509482063398,22.05462836135337,22.13797950744629,1017700,0.0,0.0
2018-11-01 00:00:00-04:00,22.40470280526629,23.01316508339153,22.338022203665147,22.504724502563477,307700,0.0,0.0
2018-11-02 00:00:00-04:00,22.58807895536655,22.58807895536655,21.237794588234763,21.64621353149414,647200,0.0,0.0
2018-11-05 00:00:00-05:00,21.91293224637766,22.137978261433926,21.421162260878155,21.787904739379883,732500,0.0,0.0
2018-11-06 00:00:00-05:00,21.85459041200111,21.91293733739147,21.20445485556302,21.34615135192871,586800,0.0,0.0
2018-11-07 00:00:00-05:00,21.671214448478672,21.771236137748843,21.071089082230113,21.371150970458984,283700,0.0,0.0
2018-11-08 00:00:00-05:00,21.279468357113668,21.321143137932076,20.229247664621788,20.562650680541992,457800,0.0,0.0
2018-11-09 00:00:00-05:00,20.29592676782367,20.29592676782367,19.620785511758086,19.97919273376465,656700,0.0,0.0
2018-11-12 00:00:00-05:00,20.112555278903024,20.30426340281074,19.612451553344727,19.612451553344727,592900,0.0,0.0
2018-11-13 00:00:00-05:00,19.59578197009314,19.91251445119507,19.229037842140073,19.562440872192383,541100,0.0,0.0
2018-11-14 00:00:00-05:00,19.87084273239394,20.65434116616377,19.837501629352488,20.387617111206055,482900,0.0,0.0
2018-11-15 00:00:00-05:00,20.329269258230994,21.2627993607321,20.329269258230994,20.896055221557617,480200,0.0,0.0
2018-11-16 00:00:00-05:00,21.121102847492853,21.312809396711387,20.53764633532477,20.979406356811523,374900,0.0,0.0
2018-11-19 00:00:00-05:00,20.821040335182367,21.379491050503823,20.679343837569725,21.254465103149414,399400,0.0,0.0
2018-11-20 00:00:00-05:00,20.804371957312462,20.90439367951494,20.045879329064068,20.129230499267578,374000,0.0,0.0
2018-11-21 00:00:00-05:00,20.4709638520402,21.496180291776987,20.4709638520402,21.062755584716797,459700,0.0,0.0
2018-11-23 00:00:00-05:00,20.996076707463704,21.079427864097276,20.470965533525955,20.51264190673828,287700,0.0,0.0
2018-11-26 00:00:00-05:00,20.93773137475753,21.10443209823359,20.46263025888349,20.51264190673828,473700,0.0,0.0
2018-11-27 00:00:00-05:00,20.50430695446101,20.779364662822452,20.23758452087308,20.4959716796875,311700,0.0,0.0
2018-11-28 00:00:00-05:00,20.44596205512967,20.79603565409751,20.379281445316327,20.63766860961914,343800,0.0,0.0
2018-11-29 00:00:00-05:00,20.774486893538146,21.639041873944304,20.749305120951714,21.294898986816406,365800,0.173,0.0
2018-11-30 00:00:00-05:00,21.101839341692344,21.168989126035136,20.623396928127807,20.883602142333984,715300,0.0,0.0
2018-12-03 00:00:00-05:00,21.706191677500644,22.18463415004331,21.085055695517422,21.30329132080078,495300,0.0,0.0
2018-12-04 00:00:00-05:00,21.32007878245632,21.445984441213525,20.514281285628353,20.65697479248047,401300,0.0,0.0
2018-12-06 00:00:00-05:00,20.111375741348112,20.14495142886513,19.658115166706633,19.935108184814453,381000,0.0,0.0
2018-12-07 00:00:00-05:00,20.547854301619296,20.94236070624273,19.64133136481189,19.716875076293945,446800,0.0,0.0
2018-12-10 00:00:00-05:00,19.397916155513865,19.64133356344388,18.986623458614776,19.154497146606445,321500,0.0,0.0
2018-12-11 00:00:00-05:00,19.59936068434254,19.867959799343694,19.09573654322687,19.23843002319336,557200,0.0,0.0
2018-12-12 00:00:00-05:00,19.548998630181597,19.750447965192354,18.827137312326972,18.83553123474121,394600,0.0,0.0
2018-12-13 00:00:00-05:00,18.818745320903112,19.355943602720348,18.60050811867057,18.953044891357422,426900,0.0,0.0
2018-12-14 00:00:00-05:00,18.709623428404942,19.179671822193534,18.08848604967757,18.14724349975586,583900,0.0,0.0
2018-12-17 00:00:00-05:00,18.088490067013623,18.206003392292327,17.492535921224793,17.534503936767578,773700,0.0,0.0
2018-12-18 00:00:00-05:00,17.517720857566186,17.60165690382368,16.74549738476402,16.821041107177734,1175400,0.0,0.0
2018-12-19 00:00:00-05:00,16.921761117680767,18.491389477347255,16.921761117680767,17.962583541870117,838400,0.0,0.0
2018-12-20 00:00:00-05:00,17.71916550085189,18.52496285597352,17.702377655709267,17.769527435302734,462900,0.0,0.0
2018-12-21 00:00:00-05:00,17.735956504839123,18.038131394593314,17.240727748042747,17.62683868408203,742300,0.0,0.0
2018-12-24 00:00:00-05:00,17.358234214043435,17.375022058585344,16.69512876343083,16.72870445251465,288100,0.0,0.0
2018-12-26 00:00:00-05:00,16.86300370151487,17.752738633422656,16.309017649480122,17.74434471130371,313300,0.0,0.0
2018-12-27 00:00:00-05:00,17.257510769514365,17.40020426288341,16.392957487022937,17.01409339904785,483300,0.0,0.0
2018-12-28 00:00:00-05:00,16.996316421130206,17.67345985845121,16.92013758262693,17.32642364501953,462500,0.169,0.0
2018-12-31 00:00:00-05:00,17.470316720633964,17.97817510274392,17.24178182095618,17.83428192138672,313100,0.0,0.0
2019-01-02 00:00:00-05:00,17.52956589439027,18.655319432188,17.309495497904148,18.43524742126465,261800,0.0,0.0
2019-01-03 00:00:00-05:00,18.5537469226422,18.90078311701854,18.172852751040256,18.663782119750977,375400,0.0,0.0
2019-01-04 00:00:00-05:00,19.120858281134037,19.62871672226799,18.883857244754868,19.383251190185547,564900,0.0,0.0
2019-01-07 00:00:00-05:00,19.713362692655828,19.806468928927927,19.163181699666353,19.577932357788086,466700,0.0,0.0
2019-01-08 00:00:00-05:00,19.908040170957193,19.908040170957193,18.934645691505597,19.027751922607422,468800,0.0,0.0
2019-01-09 00:00:00-05:00,19.290143753293776,19.6117864976047,19.10392808840664,19.518678665161133,404200,0.0,0.0
2019-01-10 00:00:00-05:00,19.3324651474838,20.34818199387149,19.239357312474326,20.16196632385254,358200,0.0,0.0
2019-01-11 00:00:00-05:00,20.035002193618777,20.424359296988726,19.823394651064476,20.3905029296875,543700,0.0,0.0
2019-01-14 00:00:00-05:00,20.229682283631014,20.669826393078857,20.119647063487832,20.263540267944336,427400,0.0,0.0
2019-01-15 00:00:00-05:00,20.36510822986245,20.610573739528544,20.31432287471811,20.525930404663086,304500,0.0,0.0
2019-01-16 00:00:00-05:00,20.55979031720082,20.830647722683608,20.49207435139264,20.585182189941406,593400,0.0,0.0
2019-01-17 00:00:00-05:00,20.466683842841572,21.12689840910253,20.398969486957434,21.025327682495117,346600,0.0,0.0
2019-01-18 00:00:00-05:00,21.18614724258566,21.37236129444874,20.76293216744806,20.830646514892578,495500,0.0,0.0
2019-01-22 00:00:00-05:00,20.69521774185627,20.847573812203088,20.365108886678044,20.602109909057617,1044200,0.0,0.0
2019-01-23 00:00:00-05:00,20.62750331600083,20.64443069190544,19.39171446647096,19.518678665161133,485400,0.0,0.0
2019-01-24 00:00:00-05:00,19.510212805021894,19.62024962010909,18.985427056634137,19.307069778442383,323900,0.0,0.0
2019-01-25 00:00:00-05:00,19.56946699780104,19.865716277211558,19.43403668007946,19.78953742980957,202000,0.0,0.0
2019-01-28 00:00:00-05:00,19.459426423431022,19.941891287860663,19.40017657894839,19.840320587158203,402500,0.0,0.0
2019-01-29 00:00:00-05:00,19.992680655502422,20.35664426027319,19.992680655502422,20.25507354736328,215800,0.0,0.0
2019-01-30 00:00:00-05:00,20.470781525433804,20.973812100546873,20.206477848640244,20.820344924926758,294800,0.173,0.0
2019-01-31 00:00:00-05:00,20.939707088676514,21.37453020106105,20.786239916517978,20.931180953979492,298400,0.0,0.0
2019-02-01 00:00:00-05:00,20.990864081596666,21.067596042157327,20.75213718656084,20.82887077331543,428600,0.0,0.0
2019-02-04 00:00:00-05:00,20.73508784530212,20.999391555786133,20.59014678609589,20.999391555786133,774000,0.0,0.0
2019-02-05 00:00:00-05:00,20.93970765456154,21.20401295873014,20.769189834594727,20.769189834594727,211100,0.0,0.0
2019-02-06 00:00:00-05:00,20.57309068415504,21.16990708182596,20.55604004157113,21.059070587158203,231500,0.0,0.0
2019-02-07 00:00:00-05:00,20.931182690536417,20.965287232153983,20.078588664425865,20.283212661743164,346200,0.0,0.0
2019-02-08 00:00:00-05:00,20.28321161272796,20.351419066241462,19.85691462172008,20.10416603088379,204500,0.0,0.0
2019-02-11 00:00:00-05:00,19.933644322936644,20.266157044017884,19.711971343807527,20.16384506225586,140600,0.0,0.0
2019-02-12 00:00:00-05:00,20.385520077721036,20.735083447634096,20.163845467938202,20.41109848022461,234100,0.0,0.0
2019-02-13 00:00:00-05:00,20.5134117992553,21.144331183014607,20.44520434225954,20.73508644104004,262900,0.0,0.0
2019-02-14 00:00:00-05:00,20.56456785183898,20.905605124217324,20.49636039736331,20.709508895874023,313700,0.0,0.0
2019-02-15 00:00:00-05:00,20.931185134097717,21.169912074708137,20.811822476889628,21.02497100830078,234600,0.0,0.0
2019-02-19 00:00:00-05:00,20.973814163018787,21.553578382953358,20.683932053051503,21.476844787597656,310400,0.0,0.0
2019-02-20 00:00:00-05:00,21.459791177879197,21.88608818051788,21.374531452112656,21.766725540161133,295900,0.0,0.0
2019-02-21 00:00:00-05:00,21.724093793800677,21.800827380590377,20.973811821649523,21.135805130004883,391300,0.0,0.0
2019-02-22 00:00:00-05:00,21.34895524939247,21.67294026462393,21.34042911396611,21.442739486694336,324100,0.0,0.0
2019-02-25 00:00:00-05:00,21.442740433509606,21.613259897178096,21.127281539775257,21.519474029541016,354000,0.0,0.0
2019-02-26 00:00:00-05:00,21.519473644902728,21.83493415919267,21.34042967482575,21.57915496826172,205300,0.0,0.0
2019-02-27 00:00:00-05:00,21.806664406542037,22.184418112407993,21.5834463820538,22.029882431030273,211000,0.175,0.0
2019-02-28 00:00:00-05:00,22.313194061439173,22.450558727716484,21.746564403666266,21.961196899414062,457800,0.0,0.0
2019-03-01 00:00:00-05:00,22.03846866419458,22.433391740882485,21.841007125850624,21.901103973388672,461200,0.0,0.0
2019-03-04 00:00:00-05:00,22.072808294042872,22.673780024741134,21.806664419026774,22.622268676757812,641100,0.0,0.0
2019-03-05 00:00:00-05:00,22.74246205418816,23.214654589656718,22.502073037721463,22.80255889892578,491300,0.0,0.0
2019-03-06 00:00:00-05:00,22.75104713809102,22.96567965826169,22.32178209774968,22.364707946777344,288400,0.0,0.0
2019-03-07 00:00:00-05:00,22.433389096858026,22.60509575888601,22.1414903914362,22.23592758178711,518000,0.0,0.0
2019-03-08 00:00:00-05:00,22.235928865114364,22.235928865114364,21.248619595261992,21.626373291015625,509600,0.0,0.0
2019-03-11 00:00:00-04:00,21.80666505545373,21.866761902774236,21.437496836180593,21.574861526489258,905000,0.0,0.0
2019-03-12 00:00:00-04:00,21.6778845019266,21.772323334653038,21.033986942463432,21.094083786010742,614000,0.0,0.0
2019-03-13 00:00:00-04:00,21.300130248345475,21.437494926416978,21.051157383409425,21.282960891723633,484800,0.0,0.0
2019-03-14 00:00:00-04:00,21.257202765270804,21.420323922000893,21.15417844588443,21.188520431518555,434700,0.0,0.0
2019-03-15 00:00:00-04:00,21.179939801708976,21.42032884383499,21.068331597785413,21.37740135192871,519200,0.0,0.0
2019-03-18 00:00:00-04:00,21.428912103144484,21.866762683198836,21.360229755538878,21.858177185058594,863700,0.0,0.0
2019-03-19 00:00:00-04:00,22.227339359592584,22.227339359592584,21.46324824603869,21.506174087524414,226900,0.0,0.0
2019-03-20 00:00:00-04:00,21.506178205929046,22.132906419243074,21.214277842883117,22.004125595092773,295500,0.0,0.0
2019-03-21 00:00:00-04:00,21.90968726078211,22.24451345615131,21.83241942530982,22.081392288208008,317400,0.0,0.0
2019-03-22 00:00:00-04:00,21.892517199352447,21.892517199352447,21.22286314257231,21.446081161499023,261000,0.0,0.0
2019-03-25 00:00:00-04:00,21.39456863099702,21.480421962374624,21.08549729304409,21.31730079650879,209700,0.0,0.0
2019-03-26 00:00:00-04:00,21.60920056485438,21.849589558802712,21.540518229085723,21.592029571533203,181300,0.0,0.0
2019-03-27 00:00:00-04:00,21.566276696038397,21.660713892929785,21.119840653859498,21.32588768005371,258500,0.0,0.0
2019-03-28 00:00:00-04:00,21.20658329770384,21.37084019093528,21.111485986618618,21.293033599853516,222800,0.172,0.0
2019-03-29 00:00:00-04:00,21.60426264742558,21.69935997032187,21.31032696659524,21.353553771972656,215900,0.0,0.0
2019-04-01 00:00:00-04:00,21.56103737159889,21.74258500637674,21.51781056646082,21.673423767089844,541500,0.0,0.0
2019-04-02 00:00:00-04:00,21.71665100344082,21.71665100344082,21.3276179941435,21.465940475463867,287600,0.0,0.0
2019-04-03 00:00:00-04:00,21.465937105732916,21.65613007545835,21.146065387309367,21.28438949584961,379800,0.0,0.0
2019-04-04 00:00:00-04:00,21.284390660634436,21.431358488125813,20.886712330802645,21.223873138427734,407900,0.0,0.0
2019-04-05 00:00:00-04:00,21.22387400661207,21.837681422631725,21.22387400661207,21.820390701293945,239900,0.0,0.0
2019-04-08 00:00:00-04:00,21.872263944430575,22.28723306362535,21.83768414637593,22.01923179626465,284900,0.0,0.0
2019-04-09 00:00:00-04:00,22.019228148453973,22.105680102669762,21.69071270115462,21.967357635498047,231500,0.0,0.0
2019-04-10 00:00:00-04:00,22.053808212280273,22.304517050020063,21.941420184139098,22.053808212280273,499600,0.0,0.0
2019-04-11 00:00:00-04:00,21.950065056942424,22.114323591155657,21.638840356616086,21.9932918548584,245500,0.0,0.0
2019-04-12 00:00:00-04:00,22.39097151246368,22.788649862088306,22.244003677657574,22.780004501342773,630500,0.0,0.0
2019-04-15 00:00:00-04:00,22.72813394138184,22.918326930609915,22.55523002467708,22.75406837463379,492000,0.0,0.0
2019-04-16 00:00:00-04:00,22.805939458863858,22.90103678031665,22.572521309105,22.866456985473633,142700,0.0,0.0
2019-04-17 00:00:00-04:00,22.99613373850985,23.428391885290356,22.99613373850985,23.34193992614746,405000,0.0,0.0
2019-04-18 00:00:00-04:00,23.272778966734755,23.333294844177768,22.416908023753578,22.814584732055664,364000,0.0,0.0
2019-04-22 00:00:00-04:00,23.05664615358198,23.5926469006474,23.05664615358198,23.584001541137695,235300,0.0,0.0
2019-04-23 00:00:00-04:00,23.62722925269496,23.75690636153964,23.385164106966695,23.592649459838867,348800,0.0,0.0
2019-04-24 00:00:00-04:00,23.69639480416434,23.69639480416434,22.95291015957624,22.987491607666016,222400,0.0,0.0
2019-04-25 00:00:00-04:00,22.97884134268065,23.11716380765767,22.693551052548816,22.94426155090332,307100,0.0,0.0
2019-04-26 00:00:00-04:00,22.978845839720332,22.99613656345978,22.183490685981795,22.555233001708984,360500,0.0,0.0
2019-04-29 00:00:00-04:00,22.582207962258025,22.59090870096701,22.30373618899922,22.390758514404297,214800,0.171,0.0
2019-04-30 00:00:00-04:00,22.503887712212325,22.608313173348595,22.060075352851232,22.242820739746094,200100,0.0,0.0
2019-05-01 00:00:00-04:00,22.23411994680927,22.23411994680927,21.320389626731643,21.329092025756836,424800,0.0,0.0
2019-05-02 00:00:00-04:00,21.08542579908566,21.18985290759935,20.615507960305493,20.624210357666016,323400,0.0,0.0
2019-05-03 00:00:00-04:00,20.728635760744744,20.99840343907689,20.415356095705757,20.954893112182617,350700,0.0,0.0
2019-05-06 00:00:00-04:00,20.615512323137743,20.78085292854074,20.397957322521556,20.75474739074707,274000,0.0,0.0
2019-05-07 00:00:00-04:00,20.49367871119591,20.58070103625877,19.771396234855917,19.971548080444336,436700,0.0,0.0
2019-05-08 00:00:00-04:00,20.00635641620898,20.772150900360106,19.971548481372743,20.659021377563477,392500,0.0,0.0
2019-05-09 00:00:00-04:00,20.38055001073379,20.659020111610772,20.189102231334044,20.45886993408203,336900,0.0,0.0
2019-05-10 00:00:00-04:00,20.511084333242717,20.632914597343746,20.171699077639644,20.476276397705078,250700,0.0,0.0
2019-05-13 00:00:00-04:00,20.424059680940335,20.6242115118078,19.945439418015805,20.162994384765625,285600,0.0,0.0
2019-05-14 00:00:00-04:00,20.39795447950393,20.49367753776061,20.119484383097767,20.310932159423828,564100,0.0,0.0
2019-05-15 00:00:00-04:00,20.075972630285783,20.345740331889125,19.85841765742215,20.293527603149414,691900,0.0,0.0
2019-05-16 00:00:00-04:00,20.406658172607422,20.78955374956012,20.34574138281636,20.406658172607422,334700,0.0,0.0
2019-05-17 00:00:00-04:00,20.284825988901446,20.3631459149438,20.01505827687377,20.03246307373047,265900,0.0,0.0
2019-05-20 00:00:00-04:00,19.988950054157428,20.102079568098326,19.545137716000283,19.81490707397461,489700,0.0,0.0
2019-05-21 00:00:00-04:00,20.00635361691073,20.08467353409974,19.780096262788334,19.988948822021484,700400,0.0,0.0
2019-05-22 00:00:00-04:00,19.936736423548673,19.99765154684567,19.31888113317899,19.41460418701172,546600,0.0,0.0
2019-05-23 00:00:00-04:00,18.988199827426552,19.005604625500254,18.509579499090112,18.62270736694336,506600,0.0,0.0
2019-05-24 00:00:00-04:00,18.883772242727026,18.93598497128491,18.509577425134648,18.90987777709961,333600,0.0,0.0
2019-05-28 00:00:00-04:00,19.284073493469784,19.414606150854617,19.118731242215503,19.1883487701416,523600,0.0,0.0
2019-05-29 00:00:00-04:00,18.953390682242194,19.31018072093242,18.86636835723689,19.08392333984375,514000,0.0,0.0
2019-05-30 00:00:00-04:00,19.136541090373058,19.1716226290691,18.645411258087343,18.671722412109375,360700,0.17,0.0
2019-05-31 00:00:00-04:00,18.320916024938015,18.54894103685684,18.136742941915145,18.382307052612305,480700,0.0,0.0
2019-06-03 00:00:00-04:00,18.645416661657237,18.759428349901068,18.356000574659475,18.557714462280273,328700,0.0,0.0
2019-06-04 00:00:00-04:00,18.73311506005047,18.934828906743153,18.47000851530438,18.873437881469727,399800,0.0,0.0
2019-06-05 00:00:00-04:00,18.820816624120653,18.926059582475975,18.2332158219687,18.338457107543945,419500,0.0,0.0
2019-06-06 00:00:00-04:00,18.347225648589745,18.706803071578452,18.28583462604727,18.65418243408203,294700,0.0,0.0
2019-06-07 00:00:00-04:00,18.715576176242273,18.873439784451087,18.443700891427174,18.79450798034668,328700,0.0,0.0
2019-06-10 00:00:00-04:00,18.820818176395353,19.07515437094242,18.49632223419831,18.50509262084961,400600,0.0,0.0
2019-06-11 00:00:00-04:00,18.68049368231214,18.74188638343799,18.031500182573733,18.06658172607422,709200,0.0,0.0
2019-06-12 00:00:00-04:00,17.926258442274243,18.04904049584694,17.584220092953135,17.601760864257812,505100,0.0,0.0
2019-06-13 00:00:00-04:00,17.961339543382124,17.961339543382124,17.680693874388673,17.812246322631836,434400,0.0,0.0
2019-06-14 00:00:00-04:00,17.89117680083026,18.022729239328566,17.426358073284234,17.487749099731445,564200,0.0,0.0
2019-06-17 00:00:00-04:00,17.39127628242361,17.9350284726368,17.356196413289204,17.926258087158203,438600,0.0,0.0
2019-06-18 00:00:00-04:00,18.04903906544709,18.27706405599667,17.80347330498295,18.145511627197266,402900,0.0,0.0
2019-06-19 00:00:00-04:00,18.17182272735338,18.443699666897952,17.952568102238104,18.347227096557617,330000,0.0,0.0
2019-06-20 00:00:00-04:00,18.785735798247263,19.373338243309497,18.776965412765144,18.987449645996094,622400,0.0,0.0
2019-06-21 00:00:00-04:00,18.943600808017877,19.083923640665557,18.741886945184355,18.88220977783203,385200,0.0,0.0
2019-06-24 00:00:00-04:00,18.873439079722342,19.022532296043554,18.654184448237036,18.92605972290039,248800,0.0,0.0
2019-06-25 00:00:00-04:00,18.864671388772123,19.10146682607252,18.785739576338656,18.90852165222168,272700,0.0,0.0
2019-06-26 00:00:00-04:00,19.24178448828455,19.601361904515105,19.180393466895904,19.566280364990234,291400,0.0,0.0
2019-06-27 00:00:00-04:00,19.579541583009824,19.650257694062482,19.093368530273438,19.093368530273438,290200,0.175,0.0
2019-06-28 00:00:00-04:00,19.06685024202831,19.23480164583159,18.9961341276909,19.208282470703125,348200,0.0,0.0
2019-07-01 00:00:00-04:00,19.553023585378376,19.747492464202185,19.155244417323956,19.296676635742188,210700,0.0,0.0
2019-07-02 00:00:00-04:00,19.270156690087873,19.367391968604597,18.43924286168941,18.456920623779297,788500,0.0,0.0
2019-07-03 00:00:00-04:00,18.545320433623566,18.757468801426068,18.4038881884219,18.7309513092041,304400,0.0,0.0
2019-07-05 00:00:00-04:00,18.898897191895568,19.190601348876953,18.748625251268493,19.190601348876953,464600,0.0,0.0
2019-07-08 00:00:00-04:00,19.155245663206877,19.332036790730918,19.093369274375007,19.164085388183594,379300,0.0,0.0
2019-07-09 00:00:00-04:00,19.06684866769438,19.19944116037832,18.837020893573204,19.128725051879883,675000,0.0,0.0
2019-07-10 00:00:00-04:00,19.420429317265935,19.72981292590434,19.24363988804758,19.358552932739258,611500,0.0,0.0
2019-07-11 00:00:00-04:00,19.44694998884381,19.44694998884381,19.128726631322895,19.208282470703125,620500,0.0,0.0
2019-07-12 00:00:00-04:00,19.234800163685907,19.393911830185946,19.102207670270882,19.358552932739258,584400,0.0,0.0
2019-07-15 00:00:00-04:00,19.455791111910568,19.606063076426214,19.270160244682877,19.411592483520508,627200,0.0,0.0
2019-07-16 00:00:00-04:00,19.438110933002356,19.49114759908003,18.907739214209965,19.049171447753906,557900,0.0,0.0
2019-07-17 00:00:00-04:00,19.066850623717276,19.08453007415683,18.6690731048584,18.6690731048584,395300,0.0,0.0
2019-07-18 00:00:00-04:00,18.58951603966483,18.61603352757265,17.732081295870177,17.740921020507812,835000,0.0,0.0
2019-07-19 00:00:00-04:00,17.76743860182299,17.811635535044456,17.36965945881008,17.66136360168457,714800,0.0,0.0
2019-07-22 00:00:00-04:00,17.679046126304247,17.811638635050482,17.422699148190326,17.59065055847168,911700,0.0,0.0
2019-07-23 00:00:00-04:00,17.679047941691863,17.74092433972692,17.546455419330254,17.652528762817383,437700,0.0,0.0
2019-07-24 00:00:00-04:00,17.661366355219677,18.103342500361343,17.36082244164293,17.378501892089844,497400,0.0,0.0
2019-07-25 00:00:00-04:00,17.440375992474184,17.511092098970593,16.83045020619454,16.87464714050293,734800,0.0,0.0
2019-07-26 00:00:00-04:00,16.918842435463056,16.989558535107438,16.29123726186976,16.3177547454834,726400,0.0,0.0
2019-07-29 00:00:00-04:00,16.361954858467296,16.361954858467296,14.876914944064337,15.062545776367188,1869400,0.0,0.0
2019-07-30 00:00:00-04:00,15.2009806586137,15.763648390704601,14.888386717007673,15.513574600219727,1266300,0.175,0.0
2019-07-31 00:00:00-04:00,15.620748743534799,16.31738653114611,15.593954392799766,16.022655487060547,693900,0.0,0.0
2019-08-01 00:00:00-04:00,15.78151209590733,15.790443546523012,15.370673885086017,15.593955039978027,996900,0.0,0.0
2019-08-02 00:00:00-04:00,15.701132259309894,15.799376522064737,14.906251816293981,15.013425827026367,854300,0.0,0.0
2019-08-05 00:00:00-04:00,14.888387935149249,14.968769289667456,14.54900131879465,14.665106773376465,659200,0.0,0.0
2019-08-06 00:00:00-04:00,14.80800461729815,14.87945451145219,13.879155141545732,13.905948638916016,1199400,0.0,0.0
2019-08-07 00:00:00-04:00,13.852363254522675,14.00419451018798,13.22717618212143,13.914881706237793,1214700,0.0,0.0
2019-08-08 00:00:00-04:00,13.986331029578679,14.15602517970766,13.763049880698432,14.066712379455566,616200,0.0,0.0
2019-08-09 00:00:00-04:00,14.263200619543497,14.325719923008638,13.8612947052677,13.914881706237793,390000,0.0,0.0
2019-08-12 00:00:00-04:00,13.825568480095171,13.968469132401708,13.3700755787587,13.414731979370117,616100,0.0,0.0
2019-08-13 00:00:00-04:00,13.334350413550732,13.941674556120535,13.316487512894275,13.745187759399414,952200,0.0,0.0
2019-08-14 00:00:00-04:00,13.423662151890769,13.50404350008921,13.0664126618421,13.18251895904541,742100,0.0,0.0
2019-08-15 00:00:00-04:00,13.08427659276548,13.1289329983833,12.825270462282242,13.075345993041992,555600,0.0,0.0
2019-08-16 00:00:00-04:00,13.137862327058821,13.512974710838199,13.057480980284675,13.405799865722656,466100,0.0,0.0
2019-08-19 00:00:00-04:00,13.611218805296813,13.673738106972388,12.825269048982431,13.655875205993652,481500,0.0,0.0
2019-08-20 00:00:00-04:00,13.566562589891586,13.66480684311645,13.31648793502377,13.379006385803223,390600,0.0,0.0
2019-08-21 00:00:00-04:00,13.58442525963615,13.771981460528563,13.379006157825415,13.44152545928955,318500,0.0,0.0
2019-08-22 00:00:00-04:00,13.512974634273265,13.530836682483004,13.209312148958142,13.218243598937988,483300,0.0,0.0
2019-08-23 00:00:00-04:00,13.084273817041149,13.102136716198842,12.584124565124512,12.584124565124512,947200,0.0,0.0
2019-08-26 00:00:00-04:00,12.762750875503674,12.84313222814908,12.468019816970525,12.539469718933105,638600,0.0,0.0
2019-08-27 00:00:00-04:00,12.673437755250655,12.682369205710133,12.289394754743057,12.4412260055542,605200,0.0,0.0
2019-08-28 00:00:00-04:00,12.557333388917925,13.2539704015684,12.503745533290934,13.164657592773438,2040300,0.0,0.0
2019-08-29 00:00:00-04:00,13.330040544276494,13.393301477842178,13.067958425677206,13.140256881713867,839000,0.173,0.0
2019-08-30 00:00:00-04:00,13.194479735669761,13.194479735669761,12.760688184236466,12.869135856628418,573300,0.0,0.0
2019-09-03 00:00:00-04:00,12.733575318071887,12.787798718380445,12.308821326949609,12.742612838745117,1695900,0.0,0.0
2019-09-04 00:00:00-04:00,13.113143219935775,13.167366622941383,12.941433766065296,13.158329963684082,1567200,0.0,0.0
2019-09-05 00:00:00-04:00,13.384262363067545,13.61923187116935,13.167366172862572,13.592120170593262,1334400,0.0,0.0
2019-09-06 00:00:00-04:00,13.601158801980734,13.84516585082025,13.393300115617338,13.73671817779541,939600,0.0,0.0
2019-09-09 00:00:00-04:00,14.007838942461206,14.32414532784365,13.97168971514883,14.22473430633545,1341200,0.0,0.0
2019-09-10 00:00:00-04:00,14.23377121932783,14.712749538045216,14.23377121932783,14.432592391967773,1213400,0.0,0.0
2019-09-11 00:00:00-04:00,14.550076936714731,14.9115691781044,14.224733057598542,14.45970344543457,1428500,0.0,0.0
2019-09-12 00:00:00-04:00,14.233770632010371,14.541039469266533,13.980726062096968,14.441628456115723,1031500,0.0,0.0
2019-09-13 00:00:00-04:00,14.676600150649227,14.875420470909548,14.4687423080501,14.812159538269043,1243900,0.0,0.0
2019-09-16 00:00:00-04:00,16.249091198267493,16.7099944486136,15.625517733444196,16.52924919128418,2690400,0.0,0.0
2019-09-17 00:00:00-04:00,16.529251650106488,16.529251650106488,15.652630902411452,15.71589183807373,2501700,0.0,0.0
2019-09-18 00:00:00-04:00,15.51707112119477,15.580332055278806,15.236914817223534,15.462847709655762,910900,0.0,0.0
2019-09-19 00:00:00-04:00,15.679740452159907,15.743001375643598,15.480918436947297,15.57129192352295,548400,0.0,0.0
2019-09-20 00:00:00-04:00,15.607442512159453,15.93278466112531,15.571292426868279,15.761076927185059,1094000,0.0,0.0
2019-09-23 00:00:00-04:00,15.770115852355957,15.86952514829417,15.58033133514465,15.770115852355957,663400,0.0,0.0
2019-09-24 00:00:00-04:00,15.761077225990658,15.761077225990658,15.245950566942016,15.327284812927246,925900,0.0,0.0
2019-09-25 00:00:00-04:00,15.273062794635734,15.453809793469985,14.983868975485837,15.435734748840332,813300,0.0,0.0
2019-09-26 00:00:00-04:00,15.399585989672179,15.498995285131926,15.200763951290511,15.408621788024902,755300,0.0,0.0
2019-09-27 00:00:00-04:00,15.3383187942498,15.593958079334021,15.219630183453651,15.484397888183594,702200,0.173,0.0
2019-09-30 00:00:00-04:00,15.4113595124417,15.5848291026964,15.183110693148782,15.256150245666504,682800,0.0,0.0
2019-10-01 00:00:00-04:00,15.301800940454246,15.466140367745805,14.425325446066172,14.516624450683594,1127400,0.0,0.0
2019-10-02 00:00:00-04:00,14.306635984100101,14.370545374525902,13.749709181546352,13.841008186340332,1715900,0.0,0.0
2019-10-03 00:00:00-04:00,13.74057977430993,14.187947273254395,13.585370499867944,14.187947273254395,1386500,0.0,0.0
2019-10-04 00:00:00-04:00,14.242726641817022,14.397935908261577,13.822748780384721,13.959697723388672,612700,0.0,0.0
2019-10-07 00:00:00-04:00,14.050997689570938,14.050997689570938,13.640149116516113,13.640149116516113,1208400,0.0,0.0
2019-10-08 00:00:00-04:00,13.539719982935315,13.576239759442688,13.247561770876342,13.256691932678223,1103800,0.0,0.0
2019-10-09 00:00:00-04:00,13.45754947990813,13.521459738077912,13.055831961855692,13.174521446228027,728100,0.0,0.0
2019-10-10 00:00:00-04:00,13.238432014717082,13.503200620183415,13.14713213530103,13.475811004638672,815900,0.0,0.0
2019-10-11 00:00:00-04:00,13.685798376406705,13.90491702404241,13.667538924453783,13.822748184204102,847400,0.0,0.0
2019-10-14 00:00:00-04:00,13.694928806525246,13.859268230827588,13.448419670071731,13.685798645019531,535600,0.0,0.0
2019-10-15 00:00:00-04:00,13.676668758730969,14.133166394801297,13.548849977879367,13.841008186340332,753000,0.0,0.0
2019-10-16 00:00:00-04:00,13.822749589784337,14.2062076974892,13.749710033145334,13.89578914642334,786700,0.0,0.0
2019-10-17 00:00:00-04:00,13.959698540807418,14.060127713511,13.749710033145334,13.89578914642334,632900,0.0,0.0
2019-10-18 00:00:00-04:00,13.914047683081726,13.977957943953324,13.457550048828125,13.457550048828125,1047200,0.0,0.0
2019-10-21 00:00:00-04:00,13.475809669012422,13.97795721463106,13.421029572652168,13.758837699890137,802100,0.0,0.0
2019-10-22 00:00:00-04:00,13.831879142982084,14.224467420368047,13.594501014765191,14.05099868774414,906000,0.0,0.0
2019-10-23 00:00:00-04:00,14.0327357964437,14.434454162787075,13.831876613272012,14.206205368041992,725600,0.0,0.0
2019-10-24 00:00:00-04:00,14.279245855290174,14.324894920692484,13.914047237170923,13.941437721252441,583100,0.0,0.0
2019-10-25 00:00:00-04:00,13.92317786649549,14.288375626189087,13.749709148316066,14.251855850219727,756800,0.0,0.0
2019-10-28 00:00:00-04:00,14.334024075516718,14.507493646384846,14.060125348835497,14.087515830993652,803600,0.0,0.0
2019-10-29 00:00:00-04:00,14.041867983166702,14.096647214217057,13.850138933090102,14.005348205566406,1345200,0.0,0.0
2019-10-30 00:00:00-04:00,14.057068967733441,14.084776478113922,13.549093246459961,13.549093246459961,1392200,0.176,0.0
2019-10-31 00:00:00-04:00,13.35513952686542,13.392083169341712,12.015931386092431,12.219120979309082,3287900,0.0,0.0
2019-11-01 00:00:00-04:00,12.357659936921019,12.893343177526061,12.265300393034954,12.856399536132812,1430100,0.0,0.0
2019-11-04 00:00:00-05:00,12.994938625375324,14.066305160522461,12.939523600898573,14.066305160522461,2168500,0.0,0.0
2019-11-05 00:00:00-05:00,14.084776468194992,14.62045969947171,14.066304207417097,14.158663749694824,2126400,0.0,0.0
2019-11-06 00:00:00-05:00,14.15866453503795,14.20484430873828,13.65068878594615,13.678397178649902,1023400,0.0,0.0
2019-11-07 00:00:00-05:00,13.973945277112193,14.140192097691468,13.789227076916253,13.863114356994629,858100,0.0,0.0
2019-11-08 00:00:00-05:00,13.706103666626616,13.909294127245078,13.438262056141038,13.863114356994629,1075700,0.0,0.0
2019-11-11 00:00:00-05:00,13.807699945007444,13.9831829147151,13.54909443685537,13.890823364257812,669100,0.0,0.0
2019-11-12 00:00:00-05:00,13.9000580653543,14.112483776422264,13.558329173110705,13.632216453552246,974600,0.0,0.0
2019-11-13 00:00:00-05:00,13.595273977575088,13.659925133296431,13.438263272989595,13.502914428710938,577500,0.0,0.0
2019-11-14 00:00:00-05:00,13.52138580878065,13.75228378507318,13.272015571597898,13.318195343017578,784900,0.0,0.0
2019-11-15 00:00:00-05:00,13.355138310593151,13.835405619046295,13.355138310593151,13.659923553466797,650300,0.0,0.0
2019-11-18 00:00:00-05:00,13.604508474183511,13.743047789805235,13.38284662615582,13.465970039367676,884900,0.0,0.0
2019-11-19 00:00:00-05:00,13.392082417652114,13.456733568155316,13.170420575236108,13.262779235839844,938500,0.0,0.0
2019-11-20 00:00:00-05:00,13.253544725284785,13.779991850575923,13.09653402461797,13.484442710876465,1095600,0.0,0.0
2019-11-21 00:00:00-05:00,13.567564154580033,13.909293920879767,13.456733236106812,13.853878021240234,964700,0.0,0.0
2019-11-22 00:00:00-05:00,13.909294331349315,13.992416862052831,13.61374432589307,13.687631607055664,857600,0.0,0.0
2019-11-25 00:00:00-05:00,13.696867537570332,13.918529377824152,13.382846156807826,13.909294128417969,1038500,0.0,0.0
2019-11-26 00:00:00-05:00,13.884067321016554,13.940127205572013,13.519681190051793,13.594427108764648,1209400,0.173,0.0
2019-11-27 00:00:00-05:00,13.603770005012468,13.799978256225586,13.519680627200902,13.799978256225586,667700,0.0,0.0
2019-11-29 00:00:00-05:00,13.659830043812418,13.70654646740631,13.426248816884623,13.472965240478516,706300,0.0,0.0
2019-12-02 00:00:00-05:00,13.529023474059999,13.585083357423946,13.080547971314893,13.08989143371582,1107800,0.0,0.0
2019-12-03 00:00:00-05:00,12.987114538560496,13.14594982798383,12.68813088366555,13.024487495422363,1275300,0.0,0.0
2019-12-04 00:00:00-05:00,13.276756245968814,13.631799798349425,13.18332340390595,13.547710418701172,1024800,0.0,0.0
2019-12-05 00:00:00-05:00,13.669173614025382,13.809321994865382,13.370189926344493,13.388875961303711,909000,0.0,0.0
2019-12-06 00:00:00-05:00,13.370188795998832,13.809320827394515,13.342158409367244,13.799978256225586,1162500,0.0,0.0
2019-12-09 00:00:00-05:00,13.706545833378577,14.014872967377553,13.60377041905946,13.921440124511719,969800,0.0,0.0
2019-12-10 00:00:00-05:00,13.83735153002565,13.89341052248583,13.715889191639768,13.790635108947754,1096500,0.0,0.0
2019-12-11 00:00:00-05:00,13.762605831106054,13.865382143970747,13.566398450637154,13.650486946105957,811800,0.0,0.0
2019-12-12 00:00:00-05:00,13.650486058831696,14.108305923292829,13.55705410625882,14.080275535583496,1084100,0.0,0.0
2019-12-13 00:00:00-05:00,14.117648117060998,14.369916253445002,13.884066905316525,13.902753829956055,1066600,0.0,0.0
2019-12-16 00:00:00-05:00,14.014872464110221,14.454005384143988,14.014872464110221,14.31385612487793,1058700,0.0,0.0
2019-12-17 00:00:00-05:00,14.397946673951509,14.799706669085024,14.36991717623386,14.6315279006958,1222400,0.0,0.0
2019-12-18 00:00:00-05:00,14.650214566113215,14.799706406005528,14.491379263467218,14.612841606140137,969600,0.0,0.0
2019-12-19 00:00:00-05:00,14.612841603828118,14.846422826383314,14.584811215571506,14.827735900878906,860800,0.0,0.0
2019-12-20 00:00:00-05:00,14.827736166802673,14.837079629722446,14.538095944623084,14.6315279006958,1126800,0.0,0.0
2019-12-23 00:00:00-05:00,14.668899634198874,15.332270298299717,14.668899634198874,15.313583374023438,1121500,0.0,0.0
2019-12-24 00:00:00-05:00,15.350957757124561,15.547165122608241,15.154748609557636,15.192122459411621,577600,0.0,0.0
2019-12-26 00:00:00-05:00,15.294899081679485,15.687315602869743,15.294899081679485,15.612567901611328,807200,0.0,0.0
2019-12-27 00:00:00-05:00,15.724687129930679,15.724687129930679,15.294898554994415,15.332270622253418,1151500,0.0,0.0
2019-12-30 00:00:00-05:00,15.526828091537705,15.526828091537705,15.215158266771597,15.23404598236084,831700,0.176,0.0
2019-12-31 00:00:00-05:00,15.11126883914756,15.536273995810033,14.99793443093817,15.451272964477539,625700,0.0,0.0
2020-01-02 00:00:00-05:00,15.545716687575524,15.611830000794484,15.186824851404847,15.252936363220215,825600,0.0,0.0
2020-01-03 00:00:00-05:00,15.621275698150026,15.75349872972301,15.366272593198953,15.48905086517334,1199000,0.0,0.0
2020-01-06 00:00:00-05:00,15.63071699513189,15.92349910736084,15.574050244966468,15.92349910736084,952300,0.0,0.0
2020-01-07 00:00:00-05:00,15.866829783046718,15.885719299316406,15.659050508290417,15.885719299316406,772800,0.0,0.0
2020-01-08 00:00:00-05:00,15.857387088770215,15.95183106887495,15.281269442833386,15.460716247558594,1227800,0.0,0.0
2020-01-09 00:00:00-05:00,15.41349257077086,15.630716608873302,15.035711243331077,15.592939376831055,1065900,0.0,0.0
2020-01-10 00:00:00-05:00,15.611830267949626,15.64016274412471,15.375716692337946,15.451272964477539,818000,0.0,0.0
2020-01-13 00:00:00-05:00,15.460718246747053,15.574051758089002,15.167936106072375,15.441828727722168,872100,0.0,0.0
2020-01-14 00:00:00-05:00,15.470159658752912,15.649606468747871,15.290714650161458,15.6212739944458,774300,0.0,0.0
2020-01-15 00:00:00-05:00,15.507938450130931,15.545715682409831,15.319046884526,15.337936401367188,840500,0.0,0.0
2020-01-16 00:00:00-05:00,15.432382119365764,15.753496698703634,15.385160128864564,15.507938385009766,764700,0.0,0.0
2020-01-17 00:00:00-05:00,15.583494972046632,15.592939730622353,15.347381411864106,15.385160446166992,865400,0.0,0.0
2020-01-21 00:00:00-05:00,15.36627067662897,15.470159416448555,15.24349061856472,15.337936401367188,1036800,0.0,0.0
2020-01-22 00:00:00-05:00,15.290714947319461,15.309602663420067,15.00737848966966,15.092378616333008,1078600,0.0,0.0
2020-01-23 00:00:00-05:00,14.91293224418592,15.19626869310804,14.657930070647229,15.16793441772461,936000,0.0,0.0
2020-01-24 00:00:00-05:00,15.167935833565048,15.177380592907806,14.799599226215733,14.941267013549805,1159600,0.0,0.0
2020-01-27 00:00:00-05:00,14.572930606821721,14.582374465592665,14.280149368078362,14.299038887023926,1674100,0.0,0.0
2020-01-28 00:00:00-05:00,14.459595355868114,14.799598570834371,14.317926674105834,14.58237361907959,975400,0.0,0.0
2020-01-29 00:00:00-05:00,14.676819333109647,14.865710007140947,14.676819333109647,14.752375602722168,898100,0.0,0.0
2020-01-30 00:00:00-05:00,14.555626100947956,14.823052962104772,14.421913581217776,14.698890686035156,1040100,0.174,0.0
2020-01-31 00:00:00-05:00,14.393260841073287,14.431464550180284,13.67694061218088,13.782001495361328,2031500,0.0,0.0
2020-02-03 00:00:00-05:00,13.715143316043271,13.734245624620812,13.304453700956408,13.314003944396973,1718300,0.0,0.0
2020-02-04 00:00:00-05:00,13.629186048408782,13.64828744668249,13.333106632956337,13.361759185791016,1715600,0.0,0.0
2020-02-05 00:00:00-05:00,13.696042368616865,13.963468321557514,13.676940059411272,13.906163215637207,1702000,0.0,0.0
2020-02-06 00:00:00-05:00,13.858407508450615,14.116282291064469,13.65783782826287,13.896611213684082,2069500,0.0,0.0
2020-02-07 00:00:00-05:00,13.743797224489535,13.79155117578518,13.51457406836856,13.590981483459473,1187000,0.0,0.0
2020-02-10 00:00:00-05:00,13.524125811101603,13.533676966115385,13.29490355586049,13.390413284301758,1470900,0.0,0.0
2020-02-11 00:00:00-05:00,13.638736602327107,13.782001191455434,13.562329185797966,13.571880340576172,837100,0.0,0.0
2020-02-12 00:00:00-05:00,13.839306603597688,13.95391773091868,13.552778329871071,13.782001495361328,1084000,0.0,0.0
2020-02-13 00:00:00-05:00,13.657838804784967,13.696042512749962,13.543227680889986,13.58143138885498,850300,0.0,0.0
2020-02-14 00:00:00-05:00,13.667389791735895,13.715143742969826,13.43816663591115,13.51457405090332,868400,0.0,0.0
2020-02-18 00:00:00-05:00,13.371310270398999,13.571879960888912,13.285351701496433,13.524125099182129,905400,0.0,0.0
2020-02-19 00:00:00-05:00,13.638736064332551,13.772449493408203,13.581430959620283,13.772449493408203,1055300,0.0,0.0
2020-02-20 00:00:00-05:00,13.801101495176326,14.049426034617948,13.782000097983682,13.896611213684082,977300,0.0,0.0
2020-02-21 00:00:00-05:00,13.71514356511168,13.829754686113658,13.629185907496364,13.686491012573242,1117200,0.0,0.0
2020-02-24 00:00:00-05:00,13.25669907040402,13.275800468464821,12.69319370946295,12.750499725341797,2626100,0.0,0.0
2020-02-25 00:00:00-05:00,12.893763173900584,12.9224157259162,12.015077018070615,12.06283187866211,2521800,0.0,0.0
2020-02-26 00:00:00-05:00,11.881363882404585,12.072383329462232,11.021780014038086,11.021780014038086,2629200,0.0,0.0
2020-02-27 00:00:00-05:00,10.365340518252548,10.365340518252548,9.657511319892867,9.967792510986328,3326300,0.173,0.0
2020-02-28 00:00:00-05:00,9.696296014429045,9.74477767944336,9.133910919569027,9.74477767944336,3618700,0.0,0.0
2020-03-02 00:00:00-05:00,10.113237167146927,10.423518347634143,9.686599619266147,10.384733200073242,2593000,0.0,0.0
2020-03-03 00:00:00-05:00,10.617444250311745,10.64653288025641,9.705992806121635,9.793259620666504,2617400,0.0,0.0
2020-03-04 00:00:00-05:00,10.035667037267128,10.05505914901145,9.686599778760593,9.899918556213379,1438700,0.0,0.0
2020-03-05 00:00:00-05:00,9.696296605030374,9.725385235926412,9.11451843884419,9.163000106811523,2298800,0.0,0.0
2020-03-06 00:00:00-05:00,7.85400062715465,8.678185284510793,7.388577908837111,7.5049333572387695,4279600,0.0,0.0
2020-03-09 00:00:00-04:00,4.4699926969732235,5.371748081021523,4.11122938463297,4.343940734863281,5357300,0.0,0.0
2020-03-10 00:00:00-04:00,5.468711137156542,5.468711137156542,3.587629777880838,4.198496341705322,5915700,0.0,0.0
2020-03-11 00:00:00-04:00,3.9851780086577335,4.150015123866648,3.4227926519593237,3.5391483306884766,3561700,0.0,0.0
2020-03-12 00:00:00-04:00,3.1416001193005116,3.5876298015434434,2.928281565567904,3.0349409580230713,3436600,0.0,0.0
2020-03-13 00:00:00-04:00,3.645807393227431,3.645807393227431,2.782836922306485,3.3937036991119385,4459600,0.0,0.0
2020-03-16 00:00:00-04:00,3.1512964816499713,3.170689056888983,2.540429668087896,2.5792150497436523,2686900,0.0,0.0
2020-03-17 00:00:00-04:00,2.608303909693801,2.7149630733894377,2.152577929729708,2.2495408058166504,4849700,0.0,0.0
2020-03-18 00:00:00-04:00,2.026525847637684,2.1137926624706345,1.4544444479868393,1.6677629947662354,2991300,0.0,0.0
2020-03-19 00:00:00-04:00,1.6968519163042963,2.0459184945115516,1.6871556288868095,1.929563045501709,3564700,0.0,0.0
2020-03-20 00:00:00-04:00,2.239844479053103,2.385289021818724,1.9877407744563607,2.09440016746521,4284700,0.0,0.0
2020-03-23 00:00:00-04:00,2.045918399447017,2.171970361195012,1.8519925445192693,1.9780443906784058,2308200,0.0,0.0
2020-03-24 00:00:00-04:00,2.14288152245596,2.2786295413970947,2.0362221335387773,2.2786295413970947,2378400,0.0,0.0
2020-03-25 00:00:00-04:00,2.3077186656616377,3.141600058497576,2.18166670086838,2.714962959289551,5034000,0.0,0.0
2020-03-26 00:00:00-04:00,2.8313187013238776,3.3646149718831446,2.7052667336616127,2.8119261264801025,5492800,0.0,0.0
2020-03-27 00:00:00-04:00,2.7149629004273073,2.7149629004273073,2.5210369294301316,2.618000030517578,1984100,0.0,0.0
2020-03-30 00:00:00-04:00,2.5199999809265137,2.799999952316284,2.259999990463257,2.7799999713897705,1966000,0.082,0.0
2020-03-31 00:00:00-04:00,2.9000000953674316,3.299999952316284,2.8499999046325684,3.109999895095825,2601400,0.0,0.0
2020-04-01 00:00:00-04:00,3.0,3.1600000858306885,2.880000114440918,3.0299999713897705,3000000,0.0,0.0
2020-04-02 00:00:00-04:00,3.1700000762939453,3.9700000286102295,3.009999990463257,3.440000057220459,5395600,0.0,0.0
2020-04-03 00:00:00-04:00,3.7799999713897705,3.799999952316284,3.190000057220459,3.4800000190734863,3220400,0.0,0.0
2020-04-06 00:00:00-04:00,3.619999885559082,3.680000066757202,3.299999952316284,3.630000114440918,2336300,0.0,0.0
2020-04-07 00:00:00-04:00,3.8499999046325684,4.239999771118164,3.759999990463257,3.869999885559082,3241800,0.0,0.0
2020-04-08 00:00:00-04:00,3.940000057220459,4.329999923706055,3.880000114440918,4.289999961853027,2786300,0.0,0.0
2020-04-09 00:00:00-04:00,4.599999904632568,5.090000152587891,4.139999866485596,4.46999979019165,5831000,0.0,0.0
2020-04-13 00:00:00-04:00,4.679999828338623,4.71999979019165,4.300000190734863,4.5,3024400,0.0,0.0
2020-04-14 00:00:00-04:00,4.53000020980835,4.550000190734863,4.199999809265137,4.289999961853027,1917700,0.0,0.0
2020-04-15 00:00:00-04:00,3.859999895095825,3.859999895095825,3.4200000762939453,3.569999933242798,2699500,0.0,0.0
2020-04-16 00:00:00-04:00,3.549999952316284,3.549999952316284,3.2300000190734863,3.240000009536743,1481100,0.0,0.0
2020-04-17 00:00:00-04:00,3.25,3.690000057220459,3.140000104904175,3.609999895095825,3019700,0.0,0.0
2020-04-20 00:00:00-04:00,3.1700000762939453,3.609999895095825,3.0999999046325684,3.380000114440918,2080400,0.0,0.0
2020-04-21 00:00:00-04:00,3.2100000381469727,3.440000057220459,3.140000104904175,3.369999885559082,1769600,0.0,0.0
2020-04-22 00:00:00-04:00,3.5299999713897705,3.7200000286102295,3.5299999713897705,3.609999895095825,1916800,0.0,0.0
2020-04-23 00:00:00-04:00,3.859999895095825,4.210000038146973,3.8399999141693115,3.950000047683716,3044700,0.0,0.0
2020-04-24 00:00:00-04:00,4.050000190734863,4.139999866485596,3.609999895095825,3.6700000762939453,2382500,0.0,0.0
2020-04-27 00:00:00-04:00,3.609999895095825,3.7699999809265137,3.369999885559082,3.7300000190734863,2005800,0.0,0.0
2020-04-28 00:00:00-04:00,3.819999933242798,4.139999866485596,3.759999990463257,4.099999904632568,2125700,0.0,0.0
2020-04-29 00:00:00-04:00,4.329999923706055,4.659999847412109,4.269999980926514,4.619999885559082,2934400,0.0,0.0
2020-04-30 00:00:00-04:00,4.789999961853027,5.019999980926514,4.460000038146973,4.940000057220459,5063900,0.0,0.0
2020-05-01 00:00:00-04:00,4.769999980926514,4.829999923706055,4.289999961853027,4.449999809265137,2061100,0.0,0.0
2020-05-04 00:00:00-04:00,4.309999942779541,4.610000133514404,4.199999809265137,4.480000019073486,3327300,0.0,0.0
2020-05-05 00:00:00-04:00,4.730000019073486,4.929999828338623,4.590000152587891,4.599999904632568,2121200,0.0,0.0
2020-05-06 00:00:00-04:00,4.599999904632568,4.710000038146973,4.409999847412109,4.46999979019165,1206000,0.0,0.0
2020-05-07 00:00:00-04:00,4.599999904632568,4.75,4.510000228881836,4.630000114440918,1399600,0.0,0.0
2020-05-08 00:00:00-04:00,4.699999809265137,4.789999961853027,4.639999866485596,4.769999980926514,1248000,0.0,0.0
2020-05-11 00:00:00-04:00,4.690000057220459,4.820000171661377,4.639999866485596,4.699999809265137,1297800,0.0,0.0
2020-05-12 00:00:00-04:00,4.690000057220459,5.039999961853027,4.690000057220459,4.929999828338623,1639800,0.0,0.0
2020-05-13 00:00:00-04:00,4.909999847412109,4.929999828338623,4.420000076293945,4.480000019073486,1877800,0.0,0.0
2020-05-14 00:00:00-04:00,4.349999904632568,4.5,4.070000171661377,4.429999828338623,1354900,0.0,0.0
2020-05-15 00:00:00-04:00,4.429999828338623,4.599999904632568,4.289999961853027,4.400000095367432,1288800,0.0,0.0
2020-05-18 00:00:00-04:00,4.639999866485596,5.059999942779541,4.599999904632568,4.980000019073486,1692200,0.0,0.0
2020-05-19 00:00:00-04:00,4.96999979019165,5.039999961853027,4.800000190734863,4.909999847412109,1749800,0.0,0.0
2020-05-20 00:00:00-04:00,5.059999942779541,5.400000095367432,5.059999942779541,5.320000171661377,1703800,0.0,0.0
2020-05-21 00:00:00-04:00,5.380000114440918,5.579999923706055,5.159999847412109,5.25,1693700,0.0,0.0
2020-05-22 00:00:00-04:00,5.099999904632568,5.150000095367432,4.880000114440918,5.099999904632568,1383900,0.0,0.0
2020-05-26 00:00:00-04:00,5.130000114440918,5.480000019073486,5.010000228881836,5.420000076293945,2552600,0.0,0.0
2020-05-27 00:00:00-04:00,5.449999809265137,5.480000019073486,5.170000076293945,5.400000095367432,1391200,0.0,0.0
2020-05-28 00:00:00-04:00,5.300000190734863,5.369999885559082,5.170000076293945,5.179999828338623,1329200,0.0,0.0
2020-05-29 00:00:00-04:00,5.190000057220459,5.190000057220459,4.880000114440918,4.96999979019165,1470100,0.0,0.0
2020-06-01 00:00:00-04:00,5.010000228881836,5.239999771118164,4.860000133514404,5.139999866485596,1928500,0.0,0.0
2020-06-02 00:00:00-04:00,5.230000019073486,5.5,5.230000019073486,5.46999979019165,1728300,0.0,0.0
2020-06-03 00:00:00-04:00,5.539999961853027,5.619999885559082,5.400000095367432,5.539999961853027,1900400,0.0,0.0
2020-06-04 00:00:00-04:00,5.449999809265137,5.829999923706055,5.349999904632568,5.809999942779541,2080600,0.0,0.0
2020-06-05 00:00:00-04:00,6.210000038146973,6.880000114440918,6.199999809265137,6.789999961853027,2458700,0.0,0.0
2020-06-08 00:00:00-04:00,7.5,7.5,7.019999980926514,7.460000038146973,2883600,0.0,0.0
2020-06-09 00:00:00-04:00,7.099999904632568,7.179999828338623,6.829999923706055,6.920000076293945,1859000,0.0,0.0
2020-06-10 00:00:00-04:00,6.849999904632568,6.849999904632568,6.300000190734863,6.460000038146973,2123400,0.0,0.0
2020-06-11 00:00:00-04:00,5.690000057220459,6.090000152587891,5.260000228881836,5.309999942779541,3209800,0.0,0.0
2020-06-12 00:00:00-04:00,5.75,5.920000076293945,5.320000171661377,5.5,1951000,0.0,0.0
2020-06-15 00:00:00-04:00,5.079999923706055,5.570000171661377,4.989999771118164,5.420000076293945,2229200,0.0,0.0
2020-06-16 00:00:00-04:00,5.940000057220459,5.960000038146973,5.5,5.559999942779541,1532400,0.0,0.0
2020-06-17 00:00:00-04:00,5.559999942779541,5.570000171661377,5.210000038146973,5.21999979019165,1505000,0.0,0.0
2020-06-18 00:00:00-04:00,5.150000095367432,5.449999809265137,5.110000133514404,5.210000038146973,1059700,0.0,0.0
2020-06-19 00:00:00-04:00,5.46999979019165,5.480000019073486,4.940000057220459,4.949999809265137,2145000,0.0,0.0
2020-06-22 00:00:00-04:00,4.960000038146973,4.960000038146973,4.75,4.880000114440918,1596500,0.0,0.0
2020-06-23 00:00:00-04:00,4.949999809265137,5.21999979019165,4.940000057220459,5.110000133514404,1840700,0.0,0.0
2020-06-24 00:00:00-04:00,5.010000228881836,5.03000020980835,4.639999866485596,4.650000095367432,1554100,0.0,0.0
2020-06-25 00:00:00-04:00,4.599999904632568,4.78000020980835,4.5,4.559999942779541,1845900,0.0,0.0
2020-06-26 00:00:00-04:00,4.510000228881836,4.53000020980835,4.179999828338623,4.239999771118164,2342300,0.0,0.0
2020-06-29 00:00:00-04:00,4.25,4.409999847412109,4.179999828338623,4.369999885559082,1463800,0.0,0.0
2020-06-30 00:00:00-04:00,4.329999923706055,4.489999771118164,4.159999847412109,4.460000038146973,1579000,0.0,0.0
2020-07-01 00:00:00-04:00,4.559999942779541,4.699999809265137,4.409999847412109,4.420000076293945,1013200,0.0,0.0
2020-07-02 00:00:00-04:00,4.570000171661377,4.699999809265137,4.420000076293945,4.550000190734863,1381900,0.0,0.0
2020-07-06 00:00:00-04:00,4.619999885559082,4.679999828338623,4.440000057220459,4.480000019073486,1423900,0.0,0.0
2020-07-07 00:00:00-04:00,4.420000076293945,4.449999809265137,4.289999961853027,4.289999961853027,937000,0.0,0.0
2020-07-08 00:00:00-04:00,4.289999961853027,4.380000114440918,4.090000152587891,4.150000095367432,1523300,0.0,0.0
2020-07-09 00:00:00-04:00,4.110000133514404,4.230000019073486,3.990000009536743,4.03000020980835,1205800,0.0,0.0
2020-07-10 00:00:00-04:00,4.0,4.369999885559082,4.0,4.340000152587891,990500,0.0,0.0
2020-07-13 00:00:00-04:00,4.369999885559082,4.400000095367432,4.170000076293945,4.190000057220459,851500,0.0,0.0
2020-07-14 00:00:00-04:00,4.110000133514404,4.400000095367432,4.070000171661377,4.389999866485596,1219000,0.0,0.0
2020-07-15 00:00:00-04:00,4.550000190734863,4.760000228881836,4.46999979019165,4.75,1261900,0.0,0.0
2020-07-16 00:00:00-04:00,4.690000057220459,4.789999961853027,4.570000171661377,4.630000114440918,754300,0.0,0.0
2020-07-17 00:00:00-04:00,4.650000095367432,4.75,4.420000076293945,4.420000076293945,820700,0.0,0.0
2020-07-20 00:00:00-04:00,4.440000057220459,4.539999961853027,4.320000171661377,4.349999904632568,684700,0.0,0.0
2020-07-21 00:00:00-04:00,4.510000228881836,5.0,4.510000228881836,4.989999771118164,1832300,0.0,0.0
2020-07-22 00:00:00-04:00,4.789999961853027,4.920000076293945,4.690000057220459,4.880000114440918,1097100,0.0,0.0
2020-07-23 00:00:00-04:00,4.809999942779541,4.900000095367432,4.710000038146973,4.769999980926514,1039500,0.0,0.0
2020-07-24 00:00:00-04:00,4.760000228881836,4.809999942779541,4.650000095367432,4.71999979019165,808600,0.0,0.0
2020-07-27 00:00:00-04:00,4.71999979019165,4.840000152587891,4.650000095367432,4.71999979019165,1348900,0.0,0.0
2020-07-28 00:00:00-04:00,4.650000095367432,4.710000038146973,4.289999961853027,4.300000190734863,1291500,0.0,0.0
2020-07-29 00:00:00-04:00,4.360000133514404,4.389999866485596,4.179999828338623,4.329999923706055,1042600,0.0,0.0
2020-07-30 00:00:00-04:00,4.199999809265137,4.210000038146973,4.059999942779541,4.179999828338623,1053600,0.0,0.0
2020-07-31 00:00:00-04:00,4.139999866485596,4.210000038146973,4.019999980926514,4.099999904632568,1286000,0.0,0.0
2020-08-03 00:00:00-04:00,4.039999961853027,4.230000019073486,4.0,4.119999885559082,859600,0.0,0.0
2020-08-04 00:00:00-04:00,4.099999904632568,4.340000152587891,4.070000171661377,4.260000228881836,794000,0.0,0.0
2020-08-05 00:00:00-04:00,4.389999866485596,4.579999923706055,4.329999923706055,4.409999847412109,1044900,0.0,0.0
2020-08-06 00:00:00-04:00,4.420000076293945,4.5,4.329999923706055,4.449999809265137,707100,0.0,0.0
2020-08-07 00:00:00-04:00,4.400000095367432,4.489999771118164,4.320000171661377,4.480000019073486,617100,0.0,0.0
2020-08-10 00:00:00-04:00,4.440000057220459,4.75,4.440000057220459,4.670000076293945,1094000,0.0,0.0
2020-08-11 00:00:00-04:00,4.760000228881836,4.889999866485596,4.550000190734863,4.559999942779541,998200,0.0,0.0
2020-08-12 00:00:00-04:00,4.679999828338623,4.71999979019165,4.539999961853027,4.659999847412109,801800,0.0,0.0
2020-08-13 00:00:00-04:00,4.630000114440918,4.670000076293945,4.46999979019165,4.519999980926514,647400,0.0,0.0
2020-08-14 00:00:00-04:00,4.449999809265137,4.659999847412109,4.420000076293945,4.650000095367432,842600,0.0,0.0
2020-08-17 00:00:00-04:00,4.650000095367432,4.690000057220459,4.559999942779541,4.670000076293945,650700,0.0,0.0
2020-08-18 00:00:00-04:00,4.610000133514404,4.71999979019165,4.489999771118164,4.53000020980835,731700,0.0,0.0
2020-08-19 00:00:00-04:00,4.519999980926514,4.519999980926514,4.400000095367432,4.409999847412109,611900,0.0,0.0
2020-08-20 00:00:00-04:00,4.360000133514404,4.400000095367432,4.28000020980835,4.289999961853027,605900,0.0,0.0
2020-08-21 00:00:00-04:00,4.230000019073486,4.25,4.03000020980835,4.03000020980835,907600,0.0,0.0
2020-08-24 00:00:00-04:00,4.099999904632568,4.230000019073486,4.039999961853027,4.159999847412109,923700,0.0,0.0
2020-08-25 00:00:00-04:00,4.230000019073486,4.320000171661377,4.139999866485596,4.199999809265137,729100,0.0,0.0
2020-08-26 00:00:00-04:00,4.230000019073486,4.239999771118164,4.099999904632568,4.119999885559082,804200,0.0,0.0
2020-08-27 00:00:00-04:00,4.110000133514404,4.150000095367432,4.0,4.039999961853027,755800,0.0,0.0
2020-08-28 00:00:00-04:00,4.059999942779541,4.150000095367432,4.010000228881836,4.130000114440918,617900,0.0,0.0
2020-08-31 00:00:00-04:00,4.130000114440918,4.130000114440918,3.950000047683716,3.9600000381469727,796000,0.0,0.0
2020-09-01 00:00:00-04:00,3.9600000381469727,4.0,3.8399999141693115,3.869999885559082,900000,0.0,0.0
2020-09-02 00:00:00-04:00,3.9000000953674316,3.9000000953674316,3.6700000762939453,3.6700000762939453,1338000,0.0,0.0
2020-09-03 00:00:00-04:00,3.569999933242798,3.819999933242798,3.559999942779541,3.5799999237060547,1351600,0.0,0.0
2020-09-04 00:00:00-04:00,3.5999999046325684,3.6500000953674316,3.4600000381469727,3.5399999618530273,1013400,0.0,0.0
2020-09-08 00:00:00-04:00,3.4100000858306885,3.4200000762939453,3.130000114440918,3.140000104904175,1261000,0.0,0.0
2020-09-09 00:00:00-04:00,3.190000057220459,3.25,3.140000104904175,3.1700000762939453,689700,0.0,0.0
2020-09-10 00:00:00-04:00,3.1500000953674316,3.200000047683716,2.930000066757202,2.940000057220459,1573100,0.0,0.0
2020-09-11 00:00:00-04:00,2.950000047683716,3.069999933242798,2.890000104904175,2.9100000858306885,1127000,0.0,0.0
2020-09-14 00:00:00-04:00,2.940000057220459,3.0199999809265137,2.8299999237060547,2.950000047683716,1192600,0.0,0.0
2020-09-15 00:00:00-04:00,3.0199999809265137,3.0799999237060547,2.869999885559082,2.9200000762939453,1155200,0.0,0.0
2020-09-16 00:00:00-04:00,3.0199999809265137,3.380000114440918,2.9600000381469727,3.25,1767500,0.0,0.0
2020-09-17 00:00:00-04:00,3.2100000381469727,3.2100000381469727,3.0199999809265137,3.059999942779541,1274600,0.0,0.0
2020-09-18 00:00:00-04:00,3.119999885559082,3.119999885559082,2.9600000381469727,3.0299999713897705,1200600,0.0,0.0
2020-09-21 00:00:00-04:00,2.890000104904175,2.9000000953674316,2.740000009536743,2.75,1287000,0.0,0.0
2020-09-22 00:00:00-04:00,2.7699999809265137,2.880000114440918,2.7200000286102295,2.75,982900,0.0,0.0
2020-09-23 00:00:00-04:00,2.759999990463257,2.799999952316284,2.559999942779541,2.559999942779541,1305100,0.0,0.0
2020-09-24 00:00:00-04:00,2.559999942779541,2.700000047683716,2.440000057220459,2.549999952316284,2056000,0.0,0.0
2020-09-25 00:00:00-04:00,2.5299999713897705,2.549999952316284,2.3499999046325684,2.380000114440918,1793700,0.0,0.0
2020-09-28 00:00:00-04:00,2.440000057220459,2.5799999237060547,2.430000066757202,2.5399999618530273,1546000,0.0,0.0
2020-09-29 00:00:00-04:00,2.5199999809265137,2.5199999809265137,2.3299999237060547,2.380000114440918,1379100,0.0,0.0
2020-09-30 00:00:00-04:00,2.4000000953674316,2.4600000381469727,2.3299999237060547,2.3399999141693115,1069000,0.0,0.0
2020-10-01 00:00:00-04:00,2.3299999237060547,2.3499999046325684,2.2300000190734863,2.25,1423700,0.0,0.0
2020-10-02 00:00:00-04:00,2.1600000858306885,2.4200000762939453,2.130000114440918,2.380000114440918,1467000,0.0,0.0
2020-10-05 00:00:00-04:00,2.450000047683716,2.5399999618530273,2.380000114440918,2.5199999809265137,1195100,0.0,0.0
2020-10-06 00:00:00-04:00,2.640000104904175,2.700000047683716,2.4600000381469727,2.4800000190734863,1882300,0.0,0.0
2020-10-07 00:00:00-04:00,2.490000009536743,2.640000104904175,2.4800000190734863,2.5899999141693115,1461100,0.0,0.0
2020-10-08 00:00:00-04:00,2.609999895095825,2.8499999046325684,2.609999895095825,2.8399999141693115,1225100,0.0,0.0
2020-10-09 00:00:00-04:00,2.859999895095825,2.9100000858306885,2.7200000286102295,2.8399999141693115,1407300,0.0,0.0
2020-10-12 00:00:00-04:00,2.819999933242798,2.8399999141693115,2.75,2.8299999237060547,367700,0.0,0.0
2020-10-13 00:00:00-04:00,2.819999933242798,2.819999933242798,2.6700000762939453,2.700000047683716,1152700,0.0,0.0
2020-10-14 00:00:00-04:00,2.740000009536743,2.9200000762939453,2.7100000381469727,2.7200000286102295,1490100,0.0,0.0
2020-10-15 00:00:00-04:00,2.5999999046325684,2.700000047683716,2.549999952316284,2.6500000953674316,1665000,0.0,0.0
2020-10-16 00:00:00-04:00,2.630000114440918,2.7699999809265137,2.5799999237060547,2.609999895095825,1817700,0.0,0.0
2020-10-19 00:00:00-04:00,2.630000114440918,2.7699999809265137,2.5799999237060547,2.619999885559082,1120500,0.0,0.0
2020-10-20 00:00:00-04:00,2.6500000953674316,2.7799999713897705,2.5999999046325684,2.740000009536743,1366300,0.0,0.0
2020-10-21 00:00:00-04:00,2.7300000190734863,2.809999942779541,2.6500000953674316,2.6600000858306885,1381300,0.0,0.0
2020-10-22 00:00:00-04:00,2.680000066757202,2.9200000762939453,2.6700000762939453,2.9000000953674316,1705800,0.0,0.0
2020-10-23 00:00:00-04:00,2.950000047683716,3.0,2.8299999237060547,2.940000057220459,1649200,0.0,0.0
2020-10-26 00:00:00-04:00,2.869999885559082,2.869999885559082,2.619999885559082,2.680000066757202,1590400,0.0,0.0
2020-10-27 00:00:00-04:00,2.690000057220459,2.759999990463257,2.630000114440918,2.690000057220459,1372300,0.0,0.0
2020-10-28 00:00:00-04:00,2.5799999237060547,2.5799999237060547,2.4200000762939453,2.4200000762939453,2021200,0.0,0.0
2020-10-29 00:00:00-04:00,2.369999885559082,2.490000009536743,2.2799999713897705,2.4800000190734863,1331900,0.0,0.0
2020-10-30 00:00:00-04:00,2.4100000858306885,2.509999990463257,2.4000000953674316,2.4700000286102295,1269700,0.0,0.0
2020-11-02 00:00:00-05:00,2.5,2.609999895095825,2.4200000762939453,2.5799999237060547,1152200,0.0,0.0
2020-11-03 00:00:00-05:00,2.690000057220459,2.759999990463257,2.5999999046325684,2.690000057220459,1278800,0.0,0.0
2020-11-04 00:00:00-05:00,2.700000047683716,2.7899999618530273,2.5999999046325684,2.6500000953674316,1212300,0.0,0.0
2020-11-05 00:00:00-05:00,2.6500000953674316,2.75,2.640000104904175,2.6600000858306885,1219600,0.0,0.0
2020-11-06 00:00:00-05:00,2.609999895095825,2.6700000762939453,2.559999942779541,2.5899999141693115,1162800,0.0,0.0
2020-11-09 00:00:00-05:00,2.930000066757202,3.369999885559082,2.930000066757202,3.2899999618530273,3979600,0.0,0.0
2020-11-10 00:00:00-05:00,3.2899999618530273,3.4700000286102295,3.180000066757202,3.4200000762939453,2569100,0.0,0.0
2020-11-11 00:00:00-05:00,3.490000009536743,3.5799999237060547,3.3299999237060547,3.359999895095825,2031700,0.0,0.0
2020-11-12 00:00:00-05:00,3.309999942779541,3.359999895095825,3.049999952316284,3.069999933242798,2031700,0.0,0.0
2020-11-13 00:00:00-05:00,3.069999933242798,3.1500000953674316,2.950000047683716,3.130000114440918,2111000,0.0,0.0
2020-11-16 00:00:00-05:00,3.369999885559082,3.4000000953674316,3.2200000286102295,3.359999895095825,1775100,0.0,0.0
2020-11-17 00:00:00-05:00,3.299999952316284,3.4600000381469727,3.190000057220459,3.430000066757202,1724700,0.0,0.0
2020-11-18 00:00:00-05:00,3.5299999713897705,3.8399999141693115,3.4700000286102295,3.549999952316284,2611400,0.0,0.0
2020-11-19 00:00:00-05:00,3.549999952316284,3.680000066757202,3.4800000190734863,3.630000114440918,1350200,0.0,0.0
2020-11-20 00:00:00-05:00,3.640000104904175,3.6500000953674316,3.5199999809265137,3.5799999237060547,1102100,0.0,0.0
2020-11-23 00:00:00-05:00,3.6700000762939453,4.110000133514404,3.6600000858306885,4.070000171661377,2330300,0.0,0.0
2020-11-24 00:00:00-05:00,4.28000020980835,4.510000228881836,4.25,4.409999847412109,3349900,0.0,0.0
2020-11-25 00:00:00-05:00,4.449999809265137,4.489999771118164,4.260000228881836,4.320000171661377,1688200,0.0,0.0
2020-11-27 00:00:00-05:00,4.320000171661377,4.420000076293945,4.260000228881836,4.320000171661377,889700,0.0,0.0
2020-11-30 00:00:00-05:00,4.289999961853027,4.360000133514404,4.010000228881836,4.010000228881836,1583300,0.0,0.0
2020-12-01 00:00:00-05:00,4.150000095367432,4.239999771118164,3.9600000381469727,3.990000009536743,1243900,0.0,0.0
2020-12-02 00:00:00-05:00,3.9800000190734863,4.349999904632568,3.9600000381469727,4.230000019073486,2359000,0.0,0.0
2020-12-03 00:00:00-05:00,4.25,4.360000133514404,4.139999866485596,4.289999961853027,1465000,0.0,0.0
2020-12-04 00:00:00-05:00,4.409999847412109,4.679999828338623,4.409999847412109,4.670000076293945,2468100,0.0,0.0
2020-12-07 00:00:00-05:00,4.579999923706055,4.769999980926514,4.460000038146973,4.670000076293945,2036900,0.0,0.0
2020-12-08 00:00:00-05:00,4.510000228881836,4.760000228881836,4.409999847412109,4.760000228881836,2249800,0.0,0.0
2020-12-09 00:00:00-05:00,4.820000171661377,5.050000190734863,4.699999809265137,4.760000228881836,3075800,0.0,0.0
2020-12-10 00:00:00-05:00,4.849999904632568,5.25,4.800000190734863,5.190000057220459,2776900,0.0,0.0
2020-12-11 00:00:00-05:00,5.179999828338623,5.210000038146973,4.96999979019165,5.090000152587891,2276100,0.0,0.0
2020-12-14 00:00:00-05:00,5.28000020980835,5.300000190734863,4.949999809265137,4.96999979019165,2751000,0.0,0.0
2020-12-15 00:00:00-05:00,5.059999942779541,5.099999904632568,4.889999866485596,4.980000019073486,1811900,0.0,0.0
2020-12-16 00:00:00-05:00,4.920000076293945,4.949999809265137,4.730000019073486,4.840000152587891,3138800,0.0,0.0
2020-12-17 00:00:00-05:00,4.989999771118164,5.0,4.800000190734863,4.849999904632568,1601000,0.0,0.0
2020-12-18 00:00:00-05:00,4.840000152587891,4.920000076293945,4.78000020980835,4.840000152587891,1355900,0.0,0.0
2020-12-21 00:00:00-05:00,4.46999979019165,4.619999885559082,4.340000152587891,4.449999809265137,2261800,0.0,0.0
2020-12-22 00:00:00-05:00,4.449999809265137,4.460000038146973,4.230000019073486,4.239999771118164,1300600,0.0,0.0
2020-12-23 00:00:00-05:00,4.28000020980835,4.53000020980835,4.28000020980835,4.460000038146973,1933400,0.0,0.0
2020-12-24 00:00:00-05:00,4.46999979019165,4.489999771118164,4.349999904632568,4.460000038146973,697800,0.0,0.0
2020-12-28 00:00:00-05:00,4.400000095367432,4.510000228881836,4.190000057220459,4.269999980926514,1957100,0.0,0.0
2020-12-29 00:00:00-05:00,4.300000190734863,4.460000038146973,4.300000190734863,4.329999923706055,1659700,0.0,0.0
2020-12-30 00:00:00-05:00,4.320000171661377,4.550000190734863,4.309999942779541,4.480000019073486,1535600,0.0,0.0
2020-12-31 00:00:00-05:00,4.489999771118164,4.559999942779541,4.449999809265137,4.449999809265137,1002900,0.0,0.0
2021-01-04 00:00:00-05:00,4.5,4.579999923706055,4.329999923706055,4.440000057220459,1497600,0.0,0.0
2021-01-05 00:00:00-05:00,4.489999771118164,5.0,4.489999771118164,4.900000095367432,2044000,0.0,0.0
2021-01-06 00:00:00-05:00,5.0,5.199999809265137,4.929999828338623,5.059999942779541,2350700,0.0,0.0
2021-01-07 00:00:00-05:00,5.179999828338623,5.309999942779541,5.119999885559082,5.28000020980835,1915100,0.0,0.0
2021-01-08 00:00:00-05:00,5.380000114440918,5.420000076293945,5.130000114440918,5.289999961853027,2088000,0.0,0.0
2021-01-11 00:00:00-05:00,5.110000133514404,5.239999771118164,5.070000171661377,5.170000076293945,1597400,0.0,0.0
2021-01-12 00:00:00-05:00,5.25,5.590000152587891,5.199999809265137,5.380000114440918,3343500,0.0,0.0
2021-01-13 00:00:00-05:00,5.349999904632568,5.369999885559082,5.159999847412109,5.210000038146973,1832500,0.0,0.0
2021-01-14 00:00:00-05:00,5.239999771118164,5.489999771118164,5.190000057220459,5.449999809265137,1427000,0.0,0.0
2021-01-15 00:00:00-05:00,5.360000133514404,5.360000133514404,5.21999979019165,5.340000152587891,3575300,0.0,0.0
2021-01-19 00:00:00-05:00,5.230000019073486,5.610000133514404,5.119999885559082,5.519999980926514,7299300,0.0,0.0
2021-01-20 00:00:00-05:00,5.670000076293945,5.980000019073486,5.619999885559082,5.880000114440918,2855800,0.0,0.0
2021-01-21 00:00:00-05:00,6.0,6.0,5.510000228881836,5.690000057220459,3067800,0.0,0.0
2021-01-22 00:00:00-05:00,5.429999828338623,5.550000190734863,5.300000190734863,5.329999923706055,2581300,0.0,0.0
2021-01-25 00:00:00-05:00,5.309999942779541,5.369999885559082,4.940000057220459,5.110000133514404,2901200,0.0,0.0
2021-01-26 00:00:00-05:00,5.150000095367432,5.199999809265137,4.670000076293945,4.670000076293945,3957300,0.0,0.0
2021-01-27 00:00:00-05:00,4.550000190734863,4.78000020980835,4.429999828338623,4.590000152587891,3091900,0.0,0.0
2021-01-28 00:00:00-05:00,4.690000057220459,4.710000038146973,4.449999809265137,4.539999961853027,2265800,0.0,0.0
2021-01-29 00:00:00-05:00,4.489999771118164,4.650000095367432,4.340000152587891,4.380000114440918,2033900,0.0,0.0
2021-02-01 00:00:00-05:00,4.460000038146973,4.570000171661377,4.360000133514404,4.53000020980835,1971100,0.0,0.0
2021-02-02 00:00:00-05:00,4.71999979019165,4.900000095367432,4.590000152587891,4.619999885559082,2791400,0.0,0.0
2021-02-03 00:00:00-05:00,4.71999979019165,4.909999847412109,4.639999866485596,4.889999866485596,2070200,0.0,0.0
2021-02-04 00:00:00-05:00,4.980000019073486,4.980000019073486,4.71999979019165,4.900000095367432,1295200,0.0,0.0
2021-02-05 00:00:00-05:00,5.019999980926514,5.079999923706055,4.929999828338623,5.0,1799700,0.0,0.0
2021-02-08 00:00:00-05:00,5.079999923706055,5.320000171661377,5.079999923706055,5.309999942779541,1846500,0.0,0.0
2021-02-09 00:00:00-05:00,5.260000228881836,5.289999961853027,5.03000020980835,5.260000228881836,1418400,0.0,0.0
2021-02-10 00:00:00-05:00,5.260000228881836,5.389999866485596,5.190000057220459,5.28000020980835,2798000,0.0,0.0
2021-02-11 00:00:00-05:00,5.25,5.349999904632568,5.019999980926514,5.070000171661377,2057600,0.0,0.0
2021-02-12 00:00:00-05:00,5.010000228881836,5.400000095367432,5.0,5.389999866485596,2106300,0.0,0.0
2021-02-16 00:00:00-05:00,5.590000152587891,5.869999885559082,5.510000228881836,5.809999942779541,3562000,0.0,0.0
2021-02-17 00:00:00-05:00,5.760000228881836,5.840000152587891,5.599999904632568,5.789999961853027,2596200,0.0,0.0
2021-02-18 00:00:00-05:00,5.75,5.840000152587891,5.519999980926514,5.53000020980835,2225500,0.0,0.0
2021-02-19 00:00:00-05:00,5.559999942779541,5.650000095367432,5.440000057220459,5.519999980926514,2308200,0.0,0.0
2021-02-22 00:00:00-05:00,5.550000190734863,6.300000190734863,5.550000190734863,6.239999771118164,4330400,0.0,0.0
2021-02-23 00:00:00-05:00,6.239999771118164,6.239999771118164,5.699999809265137,6.059999942779541,5479500,0.0,0.0
2021-02-24 00:00:00-05:00,6.110000133514404,6.809999942779541,6.070000171661377,6.769999980926514,4203600,0.0,0.0
2021-02-25 00:00:00-05:00,6.78000020980835,6.809999942779541,6.389999866485596,6.510000228881836,3298900,0.0,0.0
2021-02-26 00:00:00-05:00,6.380000114440918,6.460000038146973,6.03000020980835,6.289999961853027,3781100,0.0,0.0
2021-03-01 00:00:00-05:00,6.510000228881836,6.53000020980835,6.190000057220459,6.260000228881836,2123000,0.0,0.0
2021-03-02 00:00:00-05:00,6.269999980926514,6.449999809265137,6.21999979019165,6.25,1551400,0.0,0.0
2021-03-03 00:00:00-05:00,6.349999904632568,6.71999979019165,6.289999961853027,6.599999904632568,2327000,0.0,0.0
2021-03-04 00:00:00-05:00,6.78000020980835,7.199999809265137,6.559999942779541,6.980000019073486,5052600,0.0,0.0
2021-03-05 00:00:00-05:00,7.449999809265137,7.690000057220459,7.119999885559082,7.409999847412109,5043100,0.0,0.0
2021-03-08 00:00:00-05:00,7.75,7.769999980926514,7.099999904632568,7.139999866485596,4007900,0.0,0.0
2021-03-09 00:00:00-05:00,7.059999942779541,7.409999847412109,6.920000076293945,7.260000228881836,2964000,0.0,0.0
2021-03-10 00:00:00-05:00,7.380000114440918,8.420000076293945,7.340000152587891,8.399999618530273,5538300,0.0,0.0
2021-03-11 00:00:00-05:00,8.640000343322754,8.649999618530273,8.1899995803833,8.430000305175781,3684200,0.0,0.0
2021-03-12 00:00:00-05:00,8.329999923706055,8.789999961853027,8.319999694824219,8.6899995803833,2274000,0.0,0.0
2021-03-15 00:00:00-04:00,8.720000267028809,8.789999961853027,8.369999885559082,8.5600004196167,2486200,0.0,0.0
2021-03-16 00:00:00-04:00,8.3100004196167,8.470000267028809,8.149999618530273,8.270000457763672,3114600,0.0,0.0
2021-03-17 00:00:00-04:00,8.069999694824219,8.920000076293945,8.010000228881836,8.8100004196167,3830500,0.0,0.0
2021-03-18 00:00:00-04:00,8.619999885559082,8.630000114440918,7.840000152587891,7.929999828338623,3695400,0.0,0.0
2021-03-19 00:00:00-04:00,7.980000019073486,8.199999809265137,7.760000228881836,8.140000343322754,2553000,0.0,0.0
2021-03-22 00:00:00-04:00,8.140000343322754,8.15999984741211,7.880000114440918,7.889999866485596,2444000,0.0,0.0
2021-03-23 00:00:00-04:00,7.539999961853027,7.679999828338623,7.230000019073486,7.230000019073486,3173300,0.0,0.0
2021-03-24 00:00:00-04:00,7.409999847412109,7.900000095367432,7.409999847412109,7.679999828338623,3018900,0.0,0.0
2021-03-25 00:00:00-04:00,7.349999904632568,7.5,7.090000152587891,7.489999771118164,2916800,0.0,0.0
2021-03-26 00:00:00-04:00,7.769999980926514,7.809999942779541,7.360000133514404,7.570000171661377,2428000,0.0,0.0
2021-03-29 00:00:00-04:00,7.460000038146973,7.510000228881836,7.239999771118164,7.369999885559082,1585900,0.0,0.0
2021-03-30 00:00:00-04:00,7.239999771118164,7.440000057220459,7.150000095367432,7.369999885559082,1486800,0.0,0.0
2021-03-31 00:00:00-04:00,7.360000133514404,7.420000076293945,7.21999979019165,7.28000020980835,1606400,0.0,0.0
2021-04-01 00:00:00-04:00,7.369999885559082,7.559999942779541,7.159999847412109,7.559999942779541,2759500,0.0,0.0
2021-04-05 00:00:00-04:00,7.570000171661377,7.570000171661377,7.099999904632568,7.110000133514404,2258900,0.0,0.0
2021-04-06 00:00:00-04:00,7.21999979019165,7.349999904632568,7.019999980926514,7.039999961853027,1700600,0.0,0.0
2021-04-07 00:00:00-04:00,7.090000152587891,7.199999809265137,6.960000038146973,7.010000228881836,4320000,0.0,0.0
2021-04-08 00:00:00-04:00,6.96999979019165,6.980000019073486,6.78000020980835,6.960000038146973,2351900,0.0,0.0
2021-04-09 00:00:00-04:00,6.920000076293945,7.139999866485596,6.900000095367432,6.949999809265137,1949600,0.0,0.0
2021-04-12 00:00:00-04:00,7.070000171661377,7.139999866485596,6.860000133514404,6.909999847412109,1499000,0.0,0.0
2021-04-13 00:00:00-04:00,6.900000095367432,6.949999809265137,6.789999961853027,6.809999942779541,1554700,0.0,0.0
2021-04-14 00:00:00-04:00,6.920000076293945,7.460000038146973,6.920000076293945,7.269999980926514,3374000,0.0,0.0
2021-04-15 00:00:00-04:00,7.309999942779541,7.340000152587891,7.170000076293945,7.28000020980835,1752400,0.0,0.0
2021-04-16 00:00:00-04:00,7.340000152587891,7.340000152587891,6.989999771118164,7.010000228881836,2612600,0.0,0.0
2021-04-19 00:00:00-04:00,7.070000171661377,7.119999885559082,6.840000152587891,6.860000133514404,1551400,0.0,0.0
2021-04-20 00:00:00-04:00,6.900000095367432,6.940000057220459,6.420000076293945,6.5,2774400,0.0,0.0
2021-04-21 00:00:00-04:00,6.400000095367432,6.760000228881836,6.300000190734863,6.670000076293945,1446000,0.0,0.0
2021-04-22 00:00:00-04:00,6.710000038146973,6.710000038146973,6.460000038146973,6.539999961853027,1597900,0.0,0.0
2021-04-23 00:00:00-04:00,6.550000190734863,6.71999979019165,6.46999979019165,6.610000133514404,1137600,0.0,0.0
2021-04-26 00:00:00-04:00,6.610000133514404,6.829999923706055,6.590000152587891,6.730000019073486,1498700,0.0,0.0
2021-04-27 00:00:00-04:00,6.820000171661377,6.940000057220459,6.699999809265137,6.849999904632568,1216600,0.0,0.0
2021-04-28 00:00:00-04:00,6.960000038146973,7.360000133514404,6.920000076293945,7.340000152587891,2817000,0.0,0.0
2021-04-29 00:00:00-04:00,7.639999866485596,7.960000038146973,7.449999809265137,7.550000190734863,3096300,0.0,0.0
2021-04-30 00:00:00-04:00,7.349999904632568,7.590000152587891,7.260000228881836,7.420000076293945,2219400,0.0,0.0
2021-05-03 00:00:00-04:00,7.53000020980835,7.710000038146973,7.449999809265137,7.710000038146973,1768000,0.0,0.0
2021-05-04 00:00:00-04:00,7.730000019073486,7.789999961853027,7.5,7.559999942779541,2092800,0.0,0.0
2021-05-05 00:00:00-04:00,7.679999828338623,8.029999732971191,7.590000152587891,7.829999923706055,2638200,0.0,0.0
2021-05-06 00:00:00-04:00,7.869999885559082,7.909999847412109,7.599999904632568,7.760000228881836,1820700,0.0,0.0
2021-05-07 00:00:00-04:00,7.670000076293945,7.949999809265137,7.559999942779541,7.940000057220459,1837500,0.0,0.0
2021-05-10 00:00:00-04:00,8.109999656677246,8.1899995803833,7.789999961853027,7.789999961853027,2081300,0.0,0.0
2021-05-11 00:00:00-04:00,7.53000020980835,7.730000019073486,7.389999866485596,7.610000133514404,2250600,0.0,0.0
2021-05-12 00:00:00-04:00,7.659999847412109,8.239999771118164,7.659999847412109,7.900000095367432,2832300,0.0,0.0
2021-05-13 00:00:00-04:00,7.730000019073486,7.840000152587891,7.25,7.389999866485596,2810500,0.0,0.0
2021-05-14 00:00:00-04:00,7.579999923706055,7.769999980926514,7.53000020980835,7.730000019073486,1364500,0.0,0.0
2021-05-17 00:00:00-04:00,7.690000057220459,8.1899995803833,7.690000057220459,8.1899995803833,2830200,0.0,0.0
2021-05-18 00:00:00-04:00,8.170000076293945,8.300000190734863,7.909999847412109,7.940000057220459,3075100,0.0,0.0
2021-05-19 00:00:00-04:00,7.679999828338623,7.760000228881836,7.510000228881836,7.570000171661377,1956700,0.0,0.0
2021-05-20 00:00:00-04:00,7.619999885559082,7.619999885559082,7.380000114440918,7.480000019073486,1870100,0.0,0.0
2021-05-21 00:00:00-04:00,7.650000095367432,7.659999847412109,7.449999809265137,7.449999809265137,1386000,0.0,0.0
2021-05-24 00:00:00-04:00,7.53000020980835,7.639999866485596,7.380000114440918,7.610000133514404,1868300,0.0,0.0
2021-05-25 00:00:00-04:00,7.550000190734863,7.610000133514404,7.199999809265137,7.210000038146973,2041400,0.0,0.0
2021-05-26 00:00:00-04:00,7.25,7.389999866485596,7.159999847412109,7.380000114440918,1331200,0.0,0.0
2021-05-27 00:00:00-04:00,7.429999828338623,7.690000057220459,7.380000114440918,7.679999828338623,2268900,0.0,0.0
2021-05-28 00:00:00-04:00,7.730000019073486,7.760000228881836,7.630000114440918,7.699999809265137,1406300,0.0,0.0
2021-06-01 00:00:00-04:00,7.980000019073486,8.229999542236328,7.960000038146973,8.069999694824219,2586900,0.0,0.0
2021-06-02 00:00:00-04:00,8.140000343322754,8.65999984741211,8.0600004196167,8.550000190734863,2698800,0.0,0.0
2021-06-03 00:00:00-04:00,8.470000267028809,8.550000190734863,8.3100004196167,8.34000015258789,1887300,0.0,0.0
2021-06-04 00:00:00-04:00,8.510000228881836,8.6899995803833,8.399999618530273,8.670000076293945,1735700,0.0,0.0
2021-06-07 00:00:00-04:00,8.699999809265137,8.770000457763672,8.510000228881836,8.510000228881836,1522500,0.0,0.0
2021-06-08 00:00:00-04:00,8.449999809265137,8.470000267028809,8.210000038146973,8.449999809265137,1843300,0.0,0.0
2021-06-09 00:00:00-04:00,8.470000267028809,8.640000343322754,8.399999618530273,8.539999961853027,1645800,0.0,0.0
2021-06-10 00:00:00-04:00,8.670000076293945,8.890000343322754,8.5,8.640000343322754,1350600,0.0,0.0
2021-06-11 00:00:00-04:00,8.720000267028809,8.800000190734863,8.609999656677246,8.760000228881836,1223000,0.0,0.0
2021-06-14 00:00:00-04:00,8.979999542236328,9.199999809265137,8.800000190734863,8.829999923706055,1529600,0.0,0.0
2021-06-15 00:00:00-04:00,9.0,9.319999694824219,8.960000038146973,9.229999542236328,1453500,0.0,0.0
2021-06-16 00:00:00-04:00,9.260000228881836,9.4399995803833,9.100000381469727,9.270000457763672,1349900,0.0,0.0
2021-06-17 00:00:00-04:00,9.199999809265137,9.220000267028809,8.449999809265137,8.609999656677246,3586700,0.0,0.0
2021-06-18 00:00:00-04:00,8.380000114440918,8.729999542236328,8.3100004196167,8.420000076293945,1970400,0.0,0.0
2021-06-21 00:00:00-04:00,8.550000190734863,9.130000114440918,8.489999771118164,9.100000381469727,3041700,0.0,0.0
2021-06-22 00:00:00-04:00,9.029999732971191,9.069999694824219,8.800000190734863,9.0,1750500,0.0,0.0
2021-06-23 00:00:00-04:00,9.149999618530273,9.399999618530273,9.050000190734863,9.100000381469727,1747400,0.0,0.0
2021-06-24 00:00:00-04:00,9.09000015258789,9.199999809265137,8.970000267028809,9.1899995803833,1456500,0.0,0.0
2021-06-25 00:00:00-04:00,9.199999809265137,9.25,9.0600004196167,9.100000381469727,1062100,0.0,0.0
2021-06-28 00:00:00-04:00,9.0600004196167,9.0600004196167,8.600000381469727,8.630000114440918,3037400,0.0,0.0
2021-06-29 00:00:00-04:00,8.800000190734863,8.949999809265137,8.6899995803833,8.699999809265137,1803600,0.0,0.0
2021-06-30 00:00:00-04:00,8.800000190734863,8.920000076293945,8.699999809265137,8.75,2113600,0.0,0.0
2021-07-01 00:00:00-04:00,9.149999618530273,9.210000038146973,8.960000038146973,9.0600004196167,1902100,0.0,0.0
2021-07-02 00:00:00-04:00,9.0600004196167,9.0600004196167,8.770000457763672,8.800000190734863,1362100,0.0,0.0
2021-07-06 00:00:00-04:00,8.829999923706055,8.829999923706055,8.329999923706055,8.399999618530273,3142600,0.0,0.0
2021-07-07 00:00:00-04:00,8.430000305175781,8.529999732971191,7.960000038146973,8.020000457763672,2143500,0.0,0.0
2021-07-08 00:00:00-04:00,7.840000152587891,8.109999656677246,7.710000038146973,7.960000038146973,1955700,0.0,0.0
2021-07-09 00:00:00-04:00,8.180000305175781,8.25,7.960000038146973,8.140000343322754,1431000,0.0,0.0
2021-07-12 00:00:00-04:00,7.96999979019165,8.039999961853027,7.829999923706055,7.929999828338623,1336800,0.0,0.0
2021-07-13 00:00:00-04:00,7.920000076293945,7.929999828338623,7.699999809265137,7.809999942779541,1327800,0.0,0.0
2021-07-14 00:00:00-04:00,7.909999847412109,8.0600004196167,7.510000228881836,7.559999942779541,1847400,0.0,0.0
2021-07-15 00:00:00-04:00,7.420000076293945,7.610000133514404,7.300000190734863,7.340000152587891,2109900,0.0,0.0
2021-07-16 00:00:00-04:00,7.550000190734863,7.559999942779541,6.96999979019165,6.989999771118164,2537100,0.0,0.0
2021-07-19 00:00:00-04:00,6.619999885559082,6.760000228881836,6.440000057220459,6.570000171661377,4375600,0.0,0.0
2021-07-20 00:00:00-04:00,6.599999904632568,6.829999923706055,6.409999847412109,6.71999979019165,2041300,0.0,0.0
2021-07-21 00:00:00-04:00,6.920000076293945,7.289999961853027,6.909999847412109,7.190000057220459,2379500,0.0,0.0
2021-07-22 00:00:00-04:00,7.260000228881836,7.269999980926514,6.949999809265137,7.119999885559082,1458800,0.0,0.0
2021-07-23 00:00:00-04:00,7.150000095367432,7.150000095367432,6.909999847412109,6.989999771118164,1050500,0.0,0.0
2021-07-26 00:00:00-04:00,6.96999979019165,7.320000171661377,6.96999979019165,7.260000228881836,1482700,0.0,0.0
2021-07-27 00:00:00-04:00,7.199999809265137,7.239999771118164,6.949999809265137,7.0,1380200,0.0,0.0
2021-07-28 00:00:00-04:00,7.110000133514404,7.21999979019165,6.909999847412109,7.150000095367432,1368100,0.0,0.0
2021-07-29 00:00:00-04:00,7.300000190734863,7.389999866485596,7.150000095367432,7.260000228881836,1018000,0.0,0.0
2021-07-30 00:00:00-04:00,7.210000038146973,7.21999979019165,6.980000019073486,7.190000057220459,1114900,0.0,0.0
2021-08-02 00:00:00-04:00,7.21999979019165,7.539999961853027,7.050000190734863,7.050000190734863,1665400,0.0,0.0
2021-08-03 00:00:00-04:00,7.050000190734863,7.420000076293945,6.849999904632568,7.329999923706055,2067400,0.0,0.0
2021-08-04 00:00:00-04:00,7.110000133514404,7.170000076293945,6.829999923706055,6.849999904632568,2103300,0.0,0.0
2021-08-05 00:00:00-04:00,6.920000076293945,7.139999866485596,6.889999866485596,7.0,1701000,0.0,0.0
2021-08-06 00:00:00-04:00,7.090000152587891,7.170000076293945,6.96999979019165,7.079999923706055,1246000,0.0,0.0
2021-08-09 00:00:00-04:00,6.849999904632568,6.960000038146973,6.760000228881836,6.920000076293945,1908100,0.0,0.0
2021-08-10 00:00:00-04:00,7.019999980926514,7.340000152587891,7.0,7.329999923706055,1681400,0.0,0.0
2021-08-11 00:00:00-04:00,7.260000228881836,7.440000057220459,7.179999828338623,7.429999828338623,1435300,0.0,0.0
2021-08-12 00:00:00-04:00,7.440000057220459,7.46999979019165,7.21999979019165,7.300000190734863,979200,0.0,0.0
2021-08-13 00:00:00-04:00,7.309999942779541,7.309999942779541,7.079999923706055,7.090000152587891,1328300,0.0,0.0
2021-08-16 00:00:00-04:00,6.880000114440918,6.909999847412109,6.559999942779541,6.599999904632568,3705100,0.0,0.0
2021-08-17 00:00:00-04:00,6.5,6.630000114440918,6.190000057220459,6.21999979019165,3357100,0.0,0.0
2021-08-18 00:00:00-04:00,6.320000171661377,6.400000095367432,6.0,6.010000228881836,3652200,0.0,0.0
2021-08-19 00:00:00-04:00,5.75,5.840000152587891,5.510000228881836,5.710000038146973,4857000,0.0,0.0
2021-08-20 00:00:00-04:00,5.590000152587891,5.800000190734863,5.519999980926514,5.75,2634100,0.0,0.0
2021-08-23 00:00:00-04:00,6.019999980926514,6.25,6.019999980926514,6.21999979019165,3116400,0.0,0.0
2021-08-24 00:00:00-04:00,6.380000114440918,6.480000019073486,6.289999961853027,6.449999809265137,2284200,0.0,0.0
2021-08-25 00:00:00-04:00,6.440000057220459,6.480000019073486,6.340000152587891,6.409999847412109,1844300,0.0,0.0
2021-08-26 00:00:00-04:00,6.25,6.409999847412109,6.21999979019165,6.300000190734863,1711800,0.0,0.0
2021-08-27 00:00:00-04:00,6.440000057220459,6.75,6.409999847412109,6.670000076293945,1721000,0.0,0.0
2021-08-30 00:00:00-04:00,6.739999771118164,6.75,6.550000190734863,6.590000152587891,1403200,0.0,0.0
2021-08-31 00:00:00-04:00,6.519999980926514,6.739999771118164,6.480000019073486,6.659999847412109,1280000,0.0,0.0
2021-09-01 00:00:00-04:00,6.610000133514404,6.690000057220459,6.539999961853027,6.590000152587891,1397700,0.0,0.0
2021-09-02 00:00:00-04:00,6.699999809265137,6.980000019073486,6.690000057220459,6.900000095367432,1688000,0.0,0.0
2021-09-03 00:00:00-04:00,6.949999809265137,7.070000171661377,6.869999885559082,6.920000076293945,1716500,0.0,0.0
2021-09-07 00:00:00-04:00,6.880000114440918,6.989999771118164,6.809999942779541,6.829999923706055,1222600,0.0,0.0
2021-09-08 00:00:00-04:00,6.900000095367432,6.96999979019165,6.639999866485596,6.659999847412109,1363000,0.0,0.0
2021-09-09 00:00:00-04:00,6.559999942779541,6.820000171661377,6.5,6.739999771118164,1885500,0.0,0.0
2021-09-10 00:00:00-04:00,6.920000076293945,6.989999771118164,6.650000095367432,6.670000076293945,1787200,0.0,0.0
2021-09-13 00:00:00-04:00,6.809999942779541,7.420000076293945,6.809999942779541,7.389999866485596,3711100,0.0,0.0
2021-09-14 00:00:00-04:00,7.53000020980835,7.639999866485596,7.239999771118164,7.320000171661377,2833700,0.0,0.0
2021-09-15 00:00:00-04:00,7.5,7.929999828338623,7.5,7.880000114440918,3161800,0.0,0.0
2021-09-16 00:00:00-04:00,7.769999980926514,7.880000114440918,7.670000076293945,7.789999961853027,1829900,0.0,0.0
2021-09-17 00:00:00-04:00,7.710000038146973,7.800000190734863,7.570000171661377,7.630000114440918,1751100,0.0,0.0
2021-09-20 00:00:00-04:00,7.150000095367432,7.409999847412109,7.110000133514404,7.289999961853027,2217900,0.0,0.0
2021-09-21 00:00:00-04:00,7.420000076293945,7.5,7.199999809265137,7.429999828338623,1905300,0.0,0.0
2021-09-22 00:00:00-04:00,7.670000076293945,8.029999732971191,7.630000114440918,7.949999809265137,2301300,0.0,0.0
2021-09-23 00:00:00-04:00,8.0,8.449999809265137,7.980000019073486,8.399999618530273,2744000,0.0,0.0
2021-09-24 00:00:00-04:00,8.319999694824219,8.630000114440918,8.149999618530273,8.5600004196167,2432600,0.0,0.0
2021-09-27 00:00:00-04:00,8.760000228881836,9.15999984741211,8.699999809265137,9.079999923706055,3595100,0.0,0.0
2021-09-28 00:00:00-04:00,9.229999542236328,9.4399995803833,8.899999618530273,9.15999984741211,3883400,0.0,0.0
2021-09-29 00:00:00-04:00,9.100000381469727,10.050000190734863,8.989999771118164,9.970000267028809,5299400,0.0,0.0
2021-09-30 00:00:00-04:00,9.859999656677246,10.0,9.550000190734863,9.899999618530273,3679700,0.0,0.0
2021-10-01 00:00:00-04:00,9.989999771118164,10.470000267028809,9.949999809265137,10.239999771118164,4884000,0.0,0.0
2021-10-04 00:00:00-04:00,10.520000457763672,10.880000114440918,10.470000267028809,10.5,3767900,0.0,0.0
2021-10-05 00:00:00-04:00,10.760000228881836,11.40999984741211,10.710000038146973,11.34000015258789,4192900,0.0,0.0
2021-10-06 00:00:00-04:00,10.869999885559082,11.079999923706055,10.600000381469727,10.800000190734863,4089600,0.0,0.0
2021-10-07 00:00:00-04:00,10.6899995803833,10.960000038146973,10.40999984741211,10.949999809265137,3220900,0.0,0.0
2021-10-08 00:00:00-04:00,11.0600004196167,11.289999961853027,10.880000114440918,10.9399995803833,2349300,0.0,0.0
2021-10-11 00:00:00-04:00,11.239999771118164,11.470000267028809,11.039999961853027,11.0600004196167,2681300,0.0,0.0
2021-10-12 00:00:00-04:00,11.050000190734863,11.15999984741211,10.710000038146973,10.880000114440918,2666400,0.0,0.0
2021-10-13 00:00:00-04:00,10.75,10.8100004196167,10.399999618530273,10.630000114440918,2097900,0.0,0.0
2021-10-14 00:00:00-04:00,10.899999618530273,11.020000457763672,10.729999542236328,10.979999542236328,2140500,0.0,0.0
2021-10-15 00:00:00-04:00,11.109999656677246,11.399999618530273,10.890000343322754,10.899999618530273,1786400,0.0,0.0
2021-10-18 00:00:00-04:00,11.100000381469727,11.149999618530273,10.579999923706055,10.649999618530273,2206800,0.0,0.0
2021-10-19 00:00:00-04:00,10.65999984741211,10.779999732971191,10.390000343322754,10.539999961853027,2062800,0.0,0.0
2021-10-20 00:00:00-04:00,10.369999885559082,11.069999694824219,10.25,10.989999771118164,2004900,0.0,0.0
2021-10-21 00:00:00-04:00,10.850000381469727,10.979999542236328,10.579999923706055,10.800000190734863,1587400,0.0,0.0
2021-10-22 00:00:00-04:00,10.829999923706055,11.050000190734863,10.720000267028809,10.970000267028809,1385900,0.0,0.0
2021-10-25 00:00:00-04:00,11.1899995803833,11.770000457763672,11.170000076293945,11.430000305175781,2799500,0.0,0.0
2021-10-26 00:00:00-04:00,11.470000267028809,11.5,11.210000038146973,11.239999771118164,1412500,0.0,0.0
2021-10-27 00:00:00-04:00,11.010000228881836,11.199999809265137,10.670000076293945,10.670000076293945,1731700,0.0,0.0
2021-10-28 00:00:00-04:00,10.649999618530273,10.960000038146973,10.520000457763672,10.9399995803833,1793300,0.0,0.0
2021-10-29 00:00:00-04:00,10.899999618530273,10.920000076293945,10.619999885559082,10.84000015258789,1409600,0.0,0.0
2021-11-01 00:00:00-04:00,11.039999961853027,11.3100004196167,10.920000076293945,11.149999618530273,2137000,0.0,0.0
2021-11-02 00:00:00-04:00,11.09000015258789,11.09000015258789,10.84000015258789,10.920000076293945,1042000,0.0,0.0
2021-11-03 00:00:00-04:00,10.710000038146973,10.9399995803833,10.579999923706055,10.760000228881836,1436700,0.0,0.0
2021-11-04 00:00:00-04:00,11.079999923706055,11.149999618530273,10.789999961853027,10.949999809265137,1619700,0.0,0.0
2021-11-05 00:00:00-04:00,11.140000343322754,11.59000015258789,10.880000114440918,11.449999809265137,2374500,0.0,0.0
2021-11-08 00:00:00-05:00,11.609999656677246,12.069999694824219,11.600000381469727,11.90999984741211,2885100,0.0,0.0
2021-11-09 00:00:00-05:00,11.949999809265137,12.020000457763672,11.5,11.890000343322754,1632400,0.0,0.0
2021-11-10 00:00:00-05:00,11.600000381469727,11.880000114440918,10.25,10.5,5731900,0.0,0.0
2021-11-11 00:00:00-05:00,10.630000114440918,10.640000343322754,10.270000457763672,10.289999961853027,2907000,0.0,0.0
2021-11-12 00:00:00-05:00,10.09000015258789,10.510000228881836,9.979999542236328,10.15999984741211,2678700,0.0,0.0
2021-11-15 00:00:00-05:00,9.979999542236328,10.300000190734863,9.760000228881836,10.130000114440918,2188200,0.0,0.0
2021-11-16 00:00:00-05:00,10.15999984741211,10.289999961853027,9.9399995803833,10.0600004196167,1458800,0.0,0.0
2021-11-17 00:00:00-05:00,9.9399995803833,10.220000267028809,9.710000038146973,9.760000228881836,1577600,0.0,0.0
2021-11-18 00:00:00-05:00,9.760000228881836,10.09000015258789,9.569999694824219,9.75,1702100,0.0,0.0
2021-11-19 00:00:00-05:00,9.40999984741211,9.510000228881836,9.130000114440918,9.279999732971191,2129200,0.0,0.0
2021-11-22 00:00:00-05:00,9.210000038146973,9.649999618530273,9.130000114440918,9.460000038146973,1570700,0.0,0.0
2021-11-23 00:00:00-05:00,9.680000305175781,10.020000457763672,9.670000076293945,9.949999809265137,1735700,0.0,0.0
2021-11-24 00:00:00-05:00,9.75,10.130000114440918,9.75,9.9399995803833,963700,0.0,0.0
2021-11-26 00:00:00-05:00,8.899999618530273,9.130000114440918,8.710000038146973,9.119999885559082,2642700,0.0,0.0
2021-11-29 00:00:00-05:00,9.630000114440918,10.010000228881836,9.359999656677246,9.9399995803833,2672800,0.0,0.0
2021-11-30 00:00:00-05:00,9.550000190734863,10.119999885559082,9.550000190734863,9.979999542236328,3199100,0.0,0.0
2021-12-01 00:00:00-05:00,10.399999618530273,10.479999542236328,9.760000228881836,9.779999732971191,2105000,0.0,0.0
2021-12-02 00:00:00-05:00,9.619999885559082,10.270000457763672,9.399999618530273,10.15999984741211,2688500,0.0,0.0
2021-12-03 00:00:00-05:00,10.4399995803833,10.699999809265137,10.149999618530273,10.260000228881836,2827600,0.0,0.0
2021-12-06 00:00:00-05:00,10.489999771118164,10.600000381469727,10.220000267028809,10.34000015258789,1416400,0.0,0.0
2021-12-07 00:00:00-05:00,10.680000305175781,11.109999656677246,10.609999656677246,10.970000267028809,1808000,0.0,0.0
2021-12-08 00:00:00-05:00,10.979999542236328,11.4399995803833,10.869999885559082,11.430000305175781,2387500,0.0,0.0
2021-12-09 00:00:00-05:00,11.199999809265137,11.470000267028809,11.100000381469727,11.319999694824219,1335300,0.0,0.0
2021-12-10 00:00:00-05:00,11.470000267028809,11.529999732971191,11.100000381469727,11.380000114440918,1353100,0.0,0.0
2021-12-13 00:00:00-05:00,11.220000267028809,11.300000190734863,10.789999961853027,10.869999885559082,1607000,0.0,0.0
2021-12-14 00:00:00-05:00,10.539999961853027,10.899999618530273,10.4399995803833,10.520000457763672,1719800,0.0,0.0
2021-12-15 00:00:00-05:00,10.399999618530273,10.6899995803833,9.920000076293945,10.680000305175781,2276000,0.0,0.0
2021-12-16 00:00:00-05:00,10.880000114440918,11.229999542236328,10.770000457763672,10.850000381469727,2097400,0.0,0.0
2021-12-17 00:00:00-05:00,10.569999694824219,10.800000190734863,10.289999961853027,10.649999618530273,2039700,0.0,0.0
2021-12-20 00:00:00-05:00,10.220000267028809,10.890000343322754,9.989999771118164,10.869999885559082,3343000,0.0,0.0
2021-12-21 00:00:00-05:00,11.119999885559082,11.729999542236328,11.09000015258789,11.710000038146973,2494200,0.0,0.0
2021-12-22 00:00:00-05:00,11.680000305175781,12.609999656677246,11.510000228881836,12.430000305175781,3964800,0.0,0.0
2021-12-23 00:00:00-05:00,12.4399995803833,12.869999885559082,12.279999732971191,12.789999961853027,2597500,0.0,0.0
2021-12-27 00:00:00-05:00,12.789999961853027,13.489999771118164,12.640000343322754,13.449999809265137,1982500,0.0,0.0
2021-12-28 00:00:00-05:00,13.510000228881836,13.930000305175781,13.0600004196167,13.100000381469727,2066700,0.0,0.0
2021-12-29 00:00:00-05:00,13.020000457763672,13.020000457763672,12.4399995803833,12.619999885559082,2687200,0.0,0.0
2021-12-30 00:00:00-05:00,12.670000076293945,12.789999961853027,12.380000114440918,12.5600004196167,1666200,0.0,0.0
2021-12-31 00:00:00-05:00,12.5,12.630000114440918,12.350000381469727,12.59000015258789,1319000,0.0,0.0
2022-01-03 00:00:00-05:00,12.699999809265137,13.140000343322754,12.680000305175781,12.979999542236328,1280200,0.0,0.0
2022-01-04 00:00:00-05:00,13.079999923706055,13.140000343322754,12.539999961853027,12.619999885559082,2614800,0.0,0.0
2022-01-05 00:00:00-05:00,12.789999961853027,13.130000114440918,12.520000457763672,12.5600004196167,2560700,0.0,0.0
2022-01-06 00:00:00-05:00,13.020000457763672,13.859999656677246,12.930000305175781,13.760000228881836,3625600,0.0,0.0
2022-01-07 00:00:00-05:00,13.770000457763672,14.149999618530273,13.420000076293945,13.970000267028809,2835300,0.0,0.0
2022-01-10 00:00:00-05:00,13.829999923706055,14.149999618530273,13.6899995803833,14.029999732971191,2119400,0.0,0.0
2022-01-11 00:00:00-05:00,14.210000038146973,14.899999618530273,14.210000038146973,14.890000343322754,2905400,0.0,0.0
2022-01-12 00:00:00-05:00,15.069999694824219,15.300000190734863,14.829999923706055,14.920000076293945,2125500,0.0,0.0
2022-01-13 00:00:00-05:00,15.039999961853027,15.359999656677246,14.84000015258789,15.109999656677246,2580900,0.0,0.0
2022-01-14 00:00:00-05:00,15.260000228881836,15.930000305175781,15.170000076293945,15.84000015258789,3282900,0.0,0.0
2022-01-18 00:00:00-05:00,16.079999923706055,16.270000457763672,15.289999961853027,15.619999885559082,2872900,0.0,0.0
2022-01-19 00:00:00-05:00,15.850000381469727,15.960000038146973,15.359999656677246,15.510000228881836,2066400,0.0,0.0
2022-01-20 00:00:00-05:00,15.359999656677246,15.739999771118164,15.079999923706055,15.170000076293945,1873100,0.0,0.0
2022-01-21 00:00:00-05:00,14.869999885559082,14.899999618530273,14.170000076293945,14.289999961853027,3443500,0.0,0.0
2022-01-24 00:00:00-05:00,13.720000267028809,14.649999618530273,13.4399995803833,14.579999923706055,3142900,0.0,0.0
2022-01-25 00:00:00-05:00,14.5,15.520000457763672,14.210000038146973,15.430000305175781,2207900,0.0,0.0
2022-01-26 00:00:00-05:00,15.890000343322754,16.09000015258789,15.119999885559082,15.390000343322754,2285700,0.0,0.0
2022-01-27 00:00:00-05:00,15.710000038146973,15.979999542236328,15.09000015258789,15.350000381469727,1430000,0.0,0.0
2022-01-28 00:00:00-05:00,15.420000076293945,15.8100004196167,15.270000457763672,15.5600004196167,1515100,0.0,0.0
2022-01-31 00:00:00-05:00,15.630000114440918,15.789999961853027,15.260000228881836,15.569999694824219,1864400,0.0,0.0
2022-02-01 00:00:00-05:00,15.529999732971191,16.299999237060547,15.350000381469727,16.18000030517578,2605800,0.0,0.0
2022-02-02 00:00:00-05:00,16.239999771118164,16.68000030517578,15.8100004196167,16.149999618530273,2487200,0.0,0.0
2022-02-03 00:00:00-05:00,15.899999618530273,16.239999771118164,15.8100004196167,16.06999969482422,1614600,0.0,0.0
2022-02-04 00:00:00-05:00,16.290000915527344,16.979999542236328,16.239999771118164,16.5,2373200,0.0,0.0
2022-02-07 00:00:00-05:00,16.450000762939453,16.540000915527344,16.049999237060547,16.100000381469727,1482100,0.0,0.0
2022-02-08 00:00:00-05:00,15.880000114440918,15.880000114440918,15.140000343322754,15.319999694824219,2756900,0.0,0.0
2022-02-09 00:00:00-05:00,15.5600004196167,16.100000381469727,15.350000381469727,16.06999969482422,1907300,0.0,0.0
2022-02-10 00:00:00-05:00,15.739999771118164,16.729999542236328,15.720000267028809,16.209999084472656,1809100,0.0,0.0
2022-02-11 00:00:00-05:00,16.399999618530273,17.6299991607666,16.399999618530273,17.549999237060547,2894900,0.0,0.0
2022-02-14 00:00:00-05:00,17.229999542236328,17.520000457763672,16.940000534057617,17.06999969482422,2555200,0.0,0.0
2022-02-15 00:00:00-05:00,16.389999389648438,17.440000534057617,16.329999923706055,17.40999984741211,2102700,0.0,0.0
2022-02-16 00:00:00-05:00,17.649999618530273,18.18000030517578,17.40999984741211,17.5,2217500,0.0,0.0
2022-02-17 00:00:00-05:00,17.309999465942383,17.950000762939453,17.309999465942383,17.510000228881836,1539700,0.0,0.0
2022-02-18 00:00:00-05:00,17.100000381469727,17.290000915527344,16.760000228881836,17.010000228881836,1752600,0.0,0.0
2022-02-22 00:00:00-05:00,17.760000228881836,17.8799991607666,16.540000915527344,16.790000915527344,2382400,0.0,0.0
2022-02-23 00:00:00-05:00,16.899999618530273,17.649999618530273,16.860000610351562,17.31999969482422,2089300,0.0,0.0
2022-02-24 00:00:00-05:00,17.75,17.899999618530273,17.139999389648438,17.739999771118164,2825600,0.0,0.0
2022-02-25 00:00:00-05:00,17.799999237060547,18.1299991607666,17.540000915527344,18.110000610351562,2052200,0.0,0.0
2022-02-28 00:00:00-05:00,18.110000610351562,18.959999084472656,18.110000610351562,18.719999313354492,2239300,0.0,0.0
2022-03-01 00:00:00-05:00,19.200000762939453,19.709999084472656,18.799999237060547,19.290000915527344,3046200,0.0,0.0
2022-03-02 00:00:00-05:00,19.770000457763672,19.899999618530273,19.09000015258789,19.31999969482422,2540900,0.0,0.0
2022-03-03 00:00:00-05:00,19.0,19.31999969482422,18.790000915527344,19.020000457763672,1959300,0.0,0.0
2022-03-04 00:00:00-05:00,19.030000686645508,19.770000457763672,19.020000457763672,19.700000762939453,2881300,0.0,0.0
2022-03-07 00:00:00-05:00,20.18000030517578,22.170000076293945,20.139999389648438,22.079999923706055,5120300,0.0,0.0
2022-03-08 00:00:00-05:00,22.639999389648438,23.93000030517578,22.049999237060547,23.520000457763672,5639600,0.0,0.0
2022-03-09 00:00:00-05:00,22.270000457763672,22.719999313354492,21.1200008392334,21.670000076293945,4772500,0.0,0.0
2022-03-10 00:00:00-05:00,22.40999984741211,22.899999618530273,22.020000457763672,22.799999237060547,2481000,0.0,0.0
2022-03-11 00:00:00-05:00,22.40999984741211,23.40999984741211,22.34000015258789,22.450000762939453,3445300,0.0,0.0
2022-03-14 00:00:00-04:00,21.700000762939453,21.790000915527344,19.8799991607666,20.200000762939453,3829300,0.0,0.0
2022-03-15 00:00:00-04:00,19.0,20.280000686645508,18.549999237060547,20.030000686645508,4103900,0.0,0.0
2022-03-16 00:00:00-04:00,20.31999969482422,20.3700008392334,19.389999389648438,19.780000686645508,2375000,0.0,0.0
2022-03-17 00:00:00-04:00,20.719999313354492,20.950000762939453,20.34000015258789,20.59000015258789,2552100,0.0,0.0
2022-03-18 00:00:00-04:00,20.700000762939453,20.700000762939453,19.860000610351562,19.93000030517578,2277800,0.0,0.0
2022-03-21 00:00:00-04:00,20.8700008392334,21.5,20.56999969482422,21.40999984741211,3029000,0.0,0.0
2022-03-22 00:00:00-04:00,21.350000381469727,21.600000381469727,20.799999237060547,21.290000915527344,2602000,0.0,0.0
2022-03-23 00:00:00-04:00,21.889999389648438,22.34000015258789,21.639999389648438,21.899999618530273,2228900,0.0,0.0
2022-03-24 00:00:00-04:00,21.8700008392334,22.469999313354492,21.3700008392334,22.06999969482422,1910100,0.0,0.0
2022-03-25 00:00:00-04:00,21.860000610351562,23.709999084472656,21.860000610351562,23.440000534057617,3030200,0.0,0.0
2022-03-28 00:00:00-04:00,22.65999984741211,22.8700008392334,21.40999984741211,21.729999542236328,3373500,0.0,0.0
2022-03-29 00:00:00-04:00,20.899999618530273,21.309999465942383,20.0,21.25,4525100,0.0,0.0
2022-03-30 00:00:00-04:00,21.739999771118164,21.8799991607666,21.06999969482422,21.290000915527344,2770800,0.0,0.0
2022-03-31 00:00:00-04:00,20.75,21.559999465942383,20.729999542236328,21.020000457763672,2313500,0.0,0.0
2022-04-01 00:00:00-04:00,20.90999984741211,21.729999542236328,20.899999618530273,21.600000381469727,1642100,0.0,0.0
2022-04-04 00:00:00-04:00,22.100000381469727,22.329999923706055,21.65999984741211,22.260000228881836,2127600,0.0,0.0
2022-04-05 00:00:00-04:00,22.5,22.950000762939453,21.549999237060547,21.59000015258789,1799600,0.0,0.0
2022-04-06 00:00:00-04:00,21.950000762939453,22.049999237060547,20.18000030517578,20.270000457763672,2290900,0.0,0.0
2022-04-07 00:00:00-04:00,20.610000610351562,20.950000762939453,20.030000686645508,20.8700008392334,1385100,0.0,0.0
2022-04-08 00:00:00-04:00,20.959999084472656,21.520000457763672,20.850000381469727,21.440000534057617,1628500,0.0,0.0
2022-04-11 00:00:00-04:00,20.59000015258789,20.959999084472656,20.010000228881836,20.739999771118164,2405200,0.0,0.0
2022-04-12 00:00:00-04:00,21.329999923706055,21.65999984741211,20.850000381469727,20.899999618530273,2518000,0.0,0.0
2022-04-13 00:00:00-04:00,21.25,22.010000228881836,21.059999465942383,21.709999084472656,2037800,0.0,0.0
2022-04-14 00:00:00-04:00,21.559999465942383,21.969999313354492,21.290000915527344,21.790000915527344,1953700,0.0,0.0
2022-04-18 00:00:00-04:00,22.100000381469727,23.56999969482422,22.100000381469727,23.1200008392334,3309200,0.0,0.0
2022-04-19 00:00:00-04:00,22.81999969482422,23.010000228881836,21.860000610351562,22.3700008392334,2572700,0.0,0.0
2022-04-20 00:00:00-04:00,22.75,23.34000015258789,22.40999984741211,22.799999237060547,2128200,0.0,0.0
2022-04-21 00:00:00-04:00,23.139999389648438,23.15999984741211,20.850000381469727,21.1299991607666,3173700,0.0,0.0
2022-04-22 00:00:00-04:00,20.93000030517578,21.100000381469727,19.84000015258789,20.079999923706055,2823600,0.0,0.0
2022-04-25 00:00:00-04:00,19.010000228881836,19.420000076293945,18.079999923706055,19.239999771118164,3577300,0.0,0.0
2022-04-26 00:00:00-04:00,19.450000762939453,20.020000457763672,18.770000457763672,19.610000610351562,2559400,0.0,0.0
2022-04-27 00:00:00-04:00,19.690000534057617,20.059999465942383,19.149999618530273,19.81999969482422,2410600,0.0,0.0
2022-04-28 00:00:00-04:00,19.979999542236328,20.469999313354492,19.25,20.280000686645508,2321000,0.0,0.0
2022-04-29 00:00:00-04:00,20.309999465942383,20.860000610351562,19.280000686645508,19.479999542236328,1668500,0.0,0.0
2022-05-02 00:00:00-04:00,19.149999618530273,19.450000762939453,18.639999389648438,19.389999389648438,2181300,0.0,0.0
2022-05-03 00:00:00-04:00,19.389999389648438,20.889999389648438,19.3700008392334,20.809999465942383,2120000,0.0,0.0
2022-05-04 00:00:00-04:00,21.489999771118164,21.860000610351562,20.940000534057617,21.799999237060547,2494900,0.0,0.0
2022-05-05 00:00:00-04:00,21.940000534057617,22.229999542236328,20.469999313354492,21.020000457763672,1960200,0.0,0.0
2022-05-06 00:00:00-04:00,21.40999984741211,21.469999313354492,20.290000915527344,21.299999237060547,2246400,0.0,0.0
2022-05-09 00:00:00-04:00,20.510000228881836,20.600000381469727,18.100000381469727,18.25,4728700,0.0,0.0
2022-05-10 00:00:00-04:00,18.770000457763672,19.350000381469727,17.770000457763672,18.489999771118164,2827000,0.0,0.0
2022-05-11 00:00:00-04:00,19.059999465942383,19.6200008392334,18.360000610351562,18.510000228881836,2773700,0.0,0.0
2022-05-12 00:00:00-04:00,18.520000457763672,18.780000686645508,17.420000076293945,17.90999984741211,3503600,0.0,0.0
2022-05-13 00:00:00-04:00,18.489999771118164,19.170000076293945,18.469999313354492,19.1200008392334,2510500,0.0,0.0
2022-05-16 00:00:00-04:00,19.190000534057617,20.450000762939453,19.190000534057617,20.280000686645508,2428800,0.0,0.0
2022-05-17 00:00:00-04:00,20.600000381469727,21.0,20.280000686645508,20.610000610351562,2189400,0.0,0.0
2022-05-18 00:00:00-04:00,20.889999389648438,20.959999084472656,19.219999313354492,19.469999313354492,2188600,0.0,0.0
2022-05-19 00:00:00-04:00,18.959999084472656,19.860000610351562,18.739999771118164,19.479999542236328,1886000,0.0,0.0
2022-05-20 00:00:00-04:00,19.760000228881836,20.020000457763672,18.8799991607666,19.31999969482422,1880300,0.0,0.0
2022-05-23 00:00:00-04:00,19.520000457763672,20.469999313354492,19.260000228881836,20.360000610351562,1965900,0.0,0.0
2022-05-24 00:00:00-04:00,19.809999465942383,20.1200008392334,19.540000915527344,19.90999984741211,1773600,0.0,0.0
2022-05-25 00:00:00-04:00,20.15999984741211,21.760000228881836,20.110000610351562,21.68000030517578,2563100,0.0,0.0
2022-05-26 00:00:00-04:00,21.489999771118164,22.200000762939453,21.469999313354492,21.75,2669900,0.0,0.0
2022-05-27 00:00:00-04:00,21.600000381469727,21.959999084472656,21.450000762939453,21.940000534057617,1802500,0.0,0.0
2022-05-31 00:00:00-04:00,22.709999084472656,23.079999923706055,21.329999923706055,21.639999389648438,2929800,0.0,0.0
2022-06-01 00:00:00-04:00,22.06999969482422,23.18000030517578,22.049999237060547,22.68000030517578,2730600,0.0,0.0
2022-06-02 00:00:00-04:00,22.389999389648438,23.280000686645508,22.18000030517578,22.81999969482422,1866800,0.0,0.0
2022-06-03 00:00:00-04:00,22.889999389648438,23.040000915527344,22.450000762939453,22.700000762939453,1670000,0.0,0.0
2022-06-06 00:00:00-04:00,23.010000228881836,23.719999313354492,22.8799991607666,23.3799991607666,2824300,0.0,0.0
2022-06-07 00:00:00-04:00,23.329999923706055,24.989999771118164,22.940000534057617,24.799999237060547,4628400,0.0,0.0
2022-06-08 00:00:00-04:00,24.979999542236328,25.40999984741211,24.479999542236328,25.020000457763672,2977900,0.0,0.0
2022-06-09 00:00:00-04:00,24.649999618530273,24.780000686645508,23.920000076293945,24.170000076293945,2427100,0.0,0.0
2022-06-10 00:00:00-04:00,23.6299991607666,24.0,22.649999618530273,23.239999771118164,3136300,0.0,0.0
2022-06-13 00:00:00-04:00,21.81999969482422,22.610000610351562,20.920000076293945,21.700000762939453,3946100,0.0,0.0
2022-06-14 00:00:00-04:00,22.450000762939453,22.989999771118164,21.239999771118164,21.610000610351562,3500700,0.0,0.0
2022-06-15 00:00:00-04:00,21.649999618530273,22.34000015258789,21.25,22.059999465942383,2768000,0.0,0.0
2022-06-16 00:00:00-04:00,21.440000534057617,21.889999389648438,20.510000228881836,20.610000610351562,3089100,0.0,0.0
2022-06-17 00:00:00-04:00,20.600000381469727,20.600000381469727,18.520000457763672,18.739999771118164,5922600,0.0,0.0
2022-06-21 00:00:00-04:00,19.670000076293945,20.5,19.670000076293945,20.399999618530273,2542600,0.0,0.0
2022-06-22 00:00:00-04:00,18.81999969482422,19.290000915527344,18.450000762939453,18.56999969482422,3716700,0.0,0.0
2022-06-23 00:00:00-04:00,18.850000381469727,18.989999771118164,16.719999313354492,17.010000228881836,4785800,0.0,0.0
2022-06-24 00:00:00-04:00,17.360000610351562,18.420000076293945,17.209999084472656,17.860000610351562,3708800,0.0,0.0
2022-06-27 00:00:00-04:00,18.520000457763672,20.040000915527344,18.260000228881836,19.989999771118164,4234400,0.0,0.0
2022-06-28 00:00:00-04:00,20.84000015258789,21.299999237060547,20.489999771118164,21.010000228881836,3276000,0.0,0.0
2022-06-29 00:00:00-04:00,21.309999465942383,21.549999237060547,19.850000381469727,19.93000030517578,2904800,0.0,0.0
2022-06-30 00:00:00-04:00,19.260000228881836,19.56999969482422,18.399999618530273,19.059999465942383,2643400,0.0,0.0
2022-07-01 00:00:00-04:00,19.440000534057617,19.889999389648438,18.610000610351562,19.420000076293945,2365500,0.0,0.0
2022-07-05 00:00:00-04:00,19.709999084472656,19.84000015258789,17.989999771118164,18.829999923706055,3975700,0.0,0.0
2022-07-06 00:00:00-04:00,18.510000228881836,18.860000610351562,16.600000381469727,17.959999084472656,4827200,0.0,0.0
2022-07-07 00:00:00-04:00,18.889999389648438,20.59000015258789,18.829999923706055,20.329999923706055,3363100,0.0,0.0
2022-07-08 00:00:00-04:00,20.68000030517578,20.84000015258789,19.68000030517578,20.09000015258789,1526900,0.0,0.0
2022-07-11 00:00:00-04:00,19.6299991607666,19.969999313354492,19.299999237060547,19.81999969482422,1584300,0.0,0.0
2022-07-12 00:00:00-04:00,18.809999465942383,19.270000457763672,18.389999389648438,18.959999084472656,2102000,0.0,0.0
2022-07-13 00:00:00-04:00,18.649999618530273,19.639999389648438,18.649999618530273,19.40999984741211,2470100,0.0,0.0
2022-07-14 00:00:00-04:00,18.459999084472656,19.040000915527344,17.510000228881836,18.989999771118164,2906500,0.0,0.0
2022-07-15 00:00:00-04:00,19.479999542236328,20.1299991607666,19.020000457763672,20.110000610351562,3042700,0.0,0.0
2022-07-18 00:00:00-04:00,20.6200008392334,21.989999771118164,20.6200008392334,21.530000686645508,3896000,0.0,0.0
2022-07-19 00:00:00-04:00,21.389999389648438,22.729999542236328,21.280000686645508,22.670000076293945,3370800,0.0,0.0
2022-07-20 00:00:00-04:00,22.40999984741211,23.309999465942383,21.950000762939453,23.25,3035200,0.0,0.0
2022-07-21 00:00:00-04:00,22.149999618530273,22.649999618530273,21.6299991607666,22.6299991607666,3102900,0.0,0.0
2022-07-22 00:00:00-04:00,22.739999771118164,23.149999618530273,21.770000457763672,21.8799991607666,1727400,0.0,0.0
2022-07-25 00:00:00-04:00,22.229999542236328,23.510000228881836,21.959999084472656,23.440000534057617,2351200,0.0,0.0
2022-07-26 00:00:00-04:00,23.90999984741211,24.270000457763672,22.969999313354492,23.399999618530273,2099400,0.0,0.0
2022-07-27 00:00:00-04:00,23.709999084472656,24.280000686645508,23.530000686645508,24.219999313354492,1644600,0.0,0.0
2022-07-28 00:00:00-04:00,24.559999465942383,25.030000686645508,23.959999084472656,24.969999313354492,2283300,0.0,0.0
2022-07-29 00:00:00-04:00,25.549999237060547,26.020000457763672,25.389999389648438,25.860000610351562,2230800,0.0,0.0
2022-08-01 00:00:00-04:00,25.049999237060547,25.34000015258789,24.25,25.010000228881836,1634100,0.0,0.0
2022-08-02 00:00:00-04:00,25.110000610351562,25.18000030517578,24.450000762939453,24.940000534057617,1235500,0.0,0.0
2022-08-03 00:00:00-04:00,25.06999969482422,25.299999237060547,23.420000076293945,23.440000534057617,2006100,0.0,0.0
2022-08-04 00:00:00-04:00,23.299999237060547,23.309999465942383,21.850000381469727,22.049999237060547,3219600,0.0,0.0
2022-08-05 00:00:00-04:00,21.559999465942383,23.31999969482422,21.40999984741211,22.959999084472656,2211100,0.0,0.0
2022-08-08 00:00:00-04:00,22.93000030517578,23.40999984741211,22.6299991607666,23.09000015258789,1361700,0.0,0.0
2022-08-09 00:00:00-04:00,23.690000534057617,24.270000457763672,23.360000610351562,23.81999969482422,2432700,0.0,0.0
2022-08-10 00:00:00-04:00,23.959999084472656,25.100000381469727,23.530000686645508,25.020000457763672,2207900,0.0,0.0
2022-08-11 00:00:00-04:00,25.940000534057617,26.770000457763672,25.5,26.209999084472656,3946900,0.0,0.0
2022-08-12 00:00:00-04:00,24.200000762939453,25.780000686645508,24.0,25.459999084472656,3714400,0.0,0.0
2022-08-15 00:00:00-04:00,24.0,24.68000030517578,23.389999389648438,24.559999465942383,3236700,0.0,0.0
2022-08-16 00:00:00-04:00,24.8799991607666,25.43000030517578,23.829999923706055,24.049999237060547,2470100,0.0,0.0
2022-08-17 00:00:00-04:00,24.0,24.8700008392334,23.920000076293945,24.610000610351562,1759100,0.0,0.0
2022-08-18 00:00:00-04:00,25.020000457763672,25.3700008392334,24.829999923706055,25.329999923706055,2017200,0.0,0.0
2022-08-19 00:00:00-04:00,25.0,25.8700008392334,24.780000686645508,25.510000228881836,2000700,0.0,0.0
2022-08-22 00:00:00-04:00,25.209999084472656,26.719999313354492,24.950000762939453,26.68000030517578,2775500,0.0,0.0
2022-08-23 00:00:00-04:00,27.360000610351562,28.299999237060547,27.1299991607666,27.65999984741211,3586200,0.0,0.0
2022-08-24 00:00:00-04:00,27.709999084472656,28.729999542236328,27.43000030517578,28.65999984741211,3090400,0.0,0.0
2022-08-25 00:00:00-04:00,28.989999771118164,29.559999465942383,28.709999084472656,29.190000534057617,2974800,0.0,0.0
2022-08-26 00:00:00-04:00,29.15999984741211,29.959999084472656,28.969999313354492,29.190000534057617,2666000,0.0,0.0
2022-08-29 00:00:00-04:00,29.059999465942383,30.170000076293945,28.700000762939453,29.360000610351562,2782700,0.0,0.0
2022-08-30 00:00:00-04:00,28.479999542236328,28.5,26.899999618530273,27.06999969482422,3462200,0.0,0.0
2022-08-31 00:00:00-04:00,26.079999923706055,27.530000686645508,25.860000610351562,26.709999084472656,3225000,0.0,0.0
2022-09-01 00:00:00-04:00,26.059999465942383,26.25,25.350000381469727,25.639999389648438,2776200,0.0,0.0
2022-09-02 00:00:00-04:00,26.719999313354492,26.809999465942383,25.860000610351562,26.559999465942383,3036600,0.0,0.0
2022-09-06 00:00:00-04:00,27.0,27.100000381469727,25.1299991607666,25.18000030517578,2772000,0.0,0.0
2022-09-07 00:00:00-04:00,24.260000228881836,24.260000228881836,23.020000457763672,23.260000228881836,4572700,0.0,0.0
2022-09-08 00:00:00-04:00,23.450000762939453,24.059999465942383,23.25,23.920000076293945,2498500,0.0,0.0
2022-09-09 00:00:00-04:00,24.75,25.219999313354492,24.489999771118164,24.65999984741211,2488700,0.0,0.0
2022-09-12 00:00:00-04:00,25.09000015258789,25.6299991607666,24.829999923706055,25.190000534057617,2556400,0.0,0.0
2022-09-13 00:00:00-04:00,24.559999465942383,25.25,24.360000610351562,24.6200008392334,2499100,0.0,0.0
2022-09-14 00:00:00-04:00,25.239999771118164,26.100000381469727,25.1200008392334,25.420000076293945,2583600,0.0,0.0
2022-09-15 00:00:00-04:00,24.93000030517578,25.600000381469727,24.68000030517578,24.8799991607666,1892000,0.0,0.0
2022-09-16 00:00:00-04:00,24.190000534057617,24.350000381469727,22.649999618530273,23.1299991607666,4286600,0.0,0.0
2022-09-19 00:00:00-04:00,22.06999969482422,23.139999389648438,21.950000762939453,22.8799991607666,2800400,0.0,0.0
2022-09-20 00:00:00-04:00,22.59000015258789,22.700000762939453,21.969999313354492,22.56999969482422,1926800,0.0,0.0
2022-09-21 00:00:00-04:00,23.190000534057617,23.350000381469727,22.010000228881836,22.020000457763672,1991900,0.0,0.0
2022-09-22 00:00:00-04:00,22.579999923706055,22.850000381469727,21.540000915527344,21.559999465942383,2244400,0.0,0.0
2022-09-23 00:00:00-04:00,20.440000534057617,20.540000915527344,19.360000610351562,19.6299991607666,4312400,0.0,0.0
2022-09-26 00:00:00-04:00,19.420000076293945,19.719999313354492,18.299999237060547,18.40999984741211,3420600,0.0,0.0
2022-09-27 00:00:00-04:00,18.920000076293945,20.389999389648438,18.68000030517578,20.31999969482422,5758300,0.0,0.0
2022-09-28 00:00:00-04:00,20.5,21.639999389648438,20.260000228881836,21.56999969482422,3857900,0.0,0.0
2022-09-29 00:00:00-04:00,21.139999389648438,21.25,19.8799991607666,21.18000030517578,3448000,0.0,0.0
2022-09-30 00:00:00-04:00,20.829999923706055,21.790000915527344,20.600000381469727,21.420000076293945,2103600,0.0,0.0
2022-10-03 00:00:00-04:00,22.780000686645508,23.0,22.399999618530273,22.799999237060547,2704400,0.0,0.0
2022-10-04 00:00:00-04:00,23.399999618530273,24.010000228881836,23.18000030517578,23.829999923706055,2604700,0.0,0.0
2022-10-05 00:00:00-04:00,23.81999969482422,23.860000610351562,22.780000686645508,22.90999984741211,4430400,0.0,0.0
2022-10-06 00:00:00-04:00,22.600000381469727,23.760000228881836,22.40999984741211,23.25,3089700,0.0,0.0
2022-10-07 00:00:00-04:00,23.239999771118164,23.360000610351562,22.329999923706055,22.43000030517578,2613800,0.0,0.0
2022-10-10 00:00:00-04:00,22.260000228881836,22.690000534057617,20.93000030517578,21.229999542236328,3054700,0.0,0.0
2022-10-11 00:00:00-04:00,20.8799991607666,21.489999771118164,20.360000610351562,20.860000610351562,2674300,0.0,0.0
2022-10-12 00:00:00-04:00,20.65999984741211,21.020000457763672,20.059999465942383,20.690000534057617,2835800,0.0,0.0
2022-10-13 00:00:00-04:00,20.06999969482422,22.030000686645508,20.06999969482422,21.719999313354492,2409400,0.0,0.0
2022-10-14 00:00:00-04:00,21.219999313354492,21.75,20.600000381469727,20.610000610351562,2073700,0.0,0.0
2022-10-17 00:00:00-04:00,21.09000015258789,21.889999389648438,21.049999237060547,21.209999084472656,2209000,0.0,0.0
2022-10-18 00:00:00-04:00,21.260000228881836,21.479999542236328,20.260000228881836,20.729999542236328,2818500,0.0,0.0
2022-10-19 00:00:00-04:00,20.719999313354492,22.079999923706055,20.510000228881836,22.010000228881836,2190800,0.0,0.0
2022-10-20 00:00:00-04:00,22.399999618530273,22.770000457763672,21.829999923706055,22.049999237060547,1961900,0.0,0.0
2022-10-21 00:00:00-04:00,22.020000457763672,22.59000015258789,21.780000686645508,22.530000686645508,1524800,0.0,0.0
2022-10-24 00:00:00-04:00,22.280000686645508,22.56999969482422,21.93000030517578,22.010000228881836,1877400,0.0,0.0
2022-10-25 00:00:00-04:00,21.969999313354492,22.579999923706055,21.850000381469727,22.40999984741211,1156000,0.0,0.0
2022-10-26 00:00:00-04:00,22.639999389648438,23.18000030517578,22.440000534057617,22.760000228881836,1316700,0.0,0.0
2022-10-27 00:00:00-04:00,23.219999313354492,23.68000030517578,22.65999984741211,22.780000686645508,1541800,0.0,0.0
2022-10-28 00:00:00-04:00,22.8700008392334,23.049999237060547,22.06999969482422,22.510000228881836,1148400,0.0,0.0
2022-10-31 00:00:00-04:00,22.309999465942383,23.530000686645508,22.1200008392334,23.309999465942383,1967100,0.0,0.0
2022-11-01 00:00:00-04:00,23.40999984741211,24.079999923706055,23.40999984741211,23.829999923706055,2000400,0.0,0.0
2022-11-02 00:00:00-04:00,23.770000457763672,24.149999618530273,22.770000457763672,23.3799991607666,2514700,0.0,0.0
2022-11-03 00:00:00-04:00,23.190000534057617,23.850000381469727,22.889999389648438,23.649999618530273,1344100,0.0,0.0
2022-11-04 00:00:00-04:00,24.5,25.1200008392334,23.579999923706055,24.219999313354492,1837800,0.0,0.0
2022-11-07 00:00:00-05:00,24.6200008392334,25.020000457763672,24.190000534057617,24.6299991607666,1559400,0.0,0.0
2022-11-08 00:00:00-05:00,24.5,24.639999389648438,23.950000762939453,24.59000015258789,1134900,0.0,0.0
2022-11-09 00:00:00-05:00,23.950000762939453,24.040000915527344,21.700000762939453,21.959999084472656,3533000,0.0,0.0
2022-11-10 00:00:00-05:00,22.299999237060547,22.309999465942383,19.3700008392334,20.450000762939453,8915000,0.0,0.0
2022-11-11 00:00:00-05:00,20.860000610351562,21.5,20.600000381469727,21.309999465942383,3849000,0.0,0.0
2022-11-14 00:00:00-05:00,20.940000534057617,21.170000076293945,19.940000534057617,20.059999465942383,4300900,0.0,0.0
2022-11-15 00:00:00-05:00,20.3700008392334,20.979999542236328,19.809999465942383,20.770000457763672,2704100,0.0,0.0
2022-11-16 00:00:00-05:00,20.219999313354492,20.309999465942383,19.459999084472656,19.459999084472656,2604700,0.0,0.0
2022-11-17 00:00:00-05:00,19.0,19.34000015258789,18.459999084472656,19.299999237060547,2673200,0.0,0.0
2022-11-18 00:00:00-05:00,18.549999237060547,19.6299991607666,18.350000381469727,19.520000457763672,1863900,0.0,0.0
2022-11-21 00:00:00-05:00,18.850000381469727,19.25,18.350000381469727,19.100000381469727,2396900,0.0,0.0
2022-11-22 00:00:00-05:00,19.479999542236328,19.670000076293945,19.200000762939453,19.549999237060547,1771000,0.0,0.0
2022-11-23 00:00:00-05:00,18.899999618530273,19.329999923706055,18.799999237060547,19.209999084472656,2177500,0.0,0.0
2022-11-25 00:00:00-05:00,19.229999542236328,19.540000915527344,19.049999237060547,19.360000610351562,1038800,0.0,0.0
2022-11-28 00:00:00-05:00,18.809999465942383,19.100000381469727,18.420000076293945,18.84000015258789,2801800,0.0,0.0
2022-11-29 00:00:00-05:00,19.239999771118164,19.549999237060547,19.020000457763672,19.18000030517578,1519800,0.0,0.0
2022-11-30 00:00:00-05:00,19.6200008392334,19.81999969482422,19.15999984741211,19.780000686645508,1739600,0.0,0.0
2022-12-01 00:00:00-05:00,20.010000228881836,20.25,19.18000030517578,19.219999313354492,1474800,0.0,0.0
2022-12-02 00:00:00-05:00,19.18000030517578,19.510000228881836,19.059999465942383,19.270000457763672,1233600,0.0,0.0
2022-12-05 00:00:00-05:00,19.700000762939453,19.889999389648438,18.239999771118164,18.3700008392334,1972600,0.0,0.0
2022-12-06 00:00:00-05:00,18.280000686645508,18.8799991607666,17.81999969482422,17.8799991607666,1968600,0.0,0.0
2022-12-07 00:00:00-05:00,17.8799991607666,18.030000686645508,17.389999389648438,17.420000076293945,1938900,0.0,0.0
2022-12-08 00:00:00-05:00,18.040000915527344,18.149999618530273,17.239999771118164,17.309999465942383,2206000,0.0,0.0
2022-12-09 00:00:00-05:00,17.459999084472656,17.56999969482422,17.040000915527344,17.059999465942383,1855600,0.0,0.0
2022-12-12 00:00:00-05:00,17.299999237060547,17.770000457763672,17.079999923706055,17.34000015258789,1806000,0.0,0.0
2022-12-13 00:00:00-05:00,17.809999465942383,18.020000457763672,17.520000457763672,17.690000534057617,1709200,0.0,0.0
2022-12-14 00:00:00-05:00,17.850000381469727,18.229999542236328,17.15999984741211,18.09000015258789,2039100,0.0,0.0
2022-12-15 00:00:00-05:00,17.940000534057617,18.030000686645508,17.360000610351562,17.760000228881836,1297200,0.0,0.0
2022-12-16 00:00:00-05:00,17.31999969482422,17.549999237060547,16.920000076293945,17.290000915527344,2279000,0.0,0.0
2022-12-19 00:00:00-05:00,17.450000762939453,17.559999465942383,16.790000915527344,16.969999313354492,1602300,0.0,0.0
2022-12-20 00:00:00-05:00,16.84000015258789,17.420000076293945,16.790000915527344,17.299999237060547,1012600,0.0,0.0
2022-12-21 00:00:00-05:00,17.649999618530273,17.850000381469727,17.450000762939453,17.84000015258789,1343700,0.0,0.0
2022-12-22 00:00:00-05:00,17.709999084472656,17.829999923706055,16.8700008392334,17.25,1322500,0.0,0.0
2022-12-23 00:00:00-05:00,17.549999237060547,18.010000228881836,17.3700008392334,17.969999313354492,1627200,0.0,0.0
2022-12-27 00:00:00-05:00,18.059999465942383,18.280000686645508,17.790000915527344,18.270000457763672,1228100,0.0,0.0
2022-12-28 00:00:00-05:00,18.200000762939453,18.200000762939453,17.139999389648438,17.260000228881836,1573300,0.0,0.0
2022-12-29 00:00:00-05:00,17.040000915527344,17.81999969482422,17.010000228881836,17.75,912600,0.0,0.0
2022-12-30 00:00:00-05:00,17.510000228881836,17.799999237060547,17.489999771118164,17.700000762939453,834600,0.0,0.0
2023-01-03 00:00:00-05:00,17.34000015258789,17.40999984741211,15.130000114440918,15.319999694824219,4184900,0.0,0.0
2023-01-04 00:00:00-05:00,14.989999771118164,15.420000076293945,14.640000343322754,15.100000381469727,3148100,0.0,0.0
2023-01-05 00:00:00-05:00,14.970000267028809,15.199999809265137,14.729999542236328,14.960000038146973,1773500,0.0,0.0
2023-01-06 00:00:00-05:00,15.109999656677246,15.649999618530273,14.869999885559082,15.069999694824219,4201000,0.0,0.0
2023-01-09 00:00:00-05:00,15.470000267028809,15.770000457763672,15.100000381469727,15.119999885559082,2209500,0.0,0.0
2023-01-10 00:00:00-05:00,15.079999923706055,15.1899995803833,14.550000190734863,14.770000457763672,2392600,0.0,0.0
2023-01-11 00:00:00-05:00,15.100000381469727,15.470000267028809,14.90999984741211,15.260000228881836,2152600,0.0,0.0
2023-01-12 00:00:00-05:00,15.5,15.75,15.170000076293945,15.539999961853027,1702700,0.0,0.0
2023-01-13 00:00:00-05:00,15.489999771118164,15.6899995803833,15.1899995803833,15.539999961853027,1223700,0.0,0.0
2023-01-17 00:00:00-05:00,15.699999809265137,15.699999809265137,15.270000457763672,15.510000228881836,1584100,0.0,0.0
2023-01-18 00:00:00-05:00,15.640000343322754,16.139999389648438,15.020000457763672,15.029999732971191,2288800,0.0,0.0
2023-01-19 00:00:00-05:00,15.050000190734863,15.680000305175781,15.0,15.520000457763672,1533100,0.0,0.0
2023-01-20 00:00:00-05:00,15.59000015258789,15.90999984741211,15.260000228881836,15.720000267028809,1474500,0.0,0.0
2023-01-23 00:00:00-05:00,15.960000038146973,16.15999984741211,15.770000457763672,16.040000915527344,1352200,0.0,0.0
2023-01-24 00:00:00-05:00,16.149999618530273,16.170000076293945,15.369999885559082,15.40999984741211,1400800,0.0,0.0
2023-01-25 00:00:00-05:00,15.220000267028809,15.359999656677246,15.020000457763672,15.1899995803833,1373500,0.0,0.0
2023-01-26 00:00:00-05:00,15.40999984741211,15.640000343322754,14.979999542236328,15.640000343322754,1751500,0.0,0.0
2023-01-27 00:00:00-05:00,15.640000343322754,15.970000267028809,15.449999809265137,15.479999542236328,1274200,0.0,0.0
2023-01-30 00:00:00-05:00,15.170000076293945,15.449999809265137,15.020000457763672,15.029999732971191,1524000,0.0,0.0
2023-01-31 00:00:00-05:00,15.079999923706055,15.479999542236328,14.859999656677246,15.34000015258789,1638800,0.0,0.0
2023-02-01 00:00:00-05:00,15.1899995803833,15.239999771118164,14.390000343322754,14.880000114440918,3264600,0.0,0.0
2023-02-02 00:00:00-05:00,14.800000190734863,14.9399995803833,14.180000305175781,14.380000114440918,1826000,0.0,0.0
2023-02-03 00:00:00-05:00,14.380000114440918,14.75,14.210000038146973,14.260000228881836,1363900,0.0,0.0
2023-02-06 00:00:00-05:00,14.270000457763672,14.350000381469727,13.869999885559082,13.949999809265137,1661000,0.0,0.0
2023-02-07 00:00:00-05:00,14.109999656677246,14.640000343322754,13.930000305175781,14.619999885559082,1436800,0.0,0.0
2023-02-08 00:00:00-05:00,14.640000343322754,14.859999656677246,14.350000381469727,14.529999732971191,1165700,0.0,0.0
2023-02-09 00:00:00-05:00,14.489999771118164,14.75,14.210000038146973,14.25,1136600,0.0,0.0
2023-02-10 00:00:00-05:00,14.59000015258789,14.850000381469727,14.470000267028809,14.779999732971191,1508600,0.0,0.0
2023-02-13 00:00:00-05:00,14.609999656677246,14.800000190734863,14.40999984741211,14.569999694824219,1169800,0.0,0.0
2023-02-14 00:00:00-05:00,14.460000038146973,14.84000015258789,14.300000190734863,14.65999984741211,916100,0.0,0.0
2023-02-15 00:00:00-05:00,14.359999656677246,14.430000305175781,14.020000457763672,14.40999984741211,1904400,0.0,0.0
2023-02-16 00:00:00-05:00,14.319999694824219,14.479999542236328,14.029999732971191,14.029999732971191,1545100,0.0,0.0
2023-02-17 00:00:00-05:00,13.699999809265137,13.729999542236328,13.300000190734863,13.369999885559082,1871100,0.0,0.0
2023-02-21 00:00:00-05:00,13.350000381469727,13.5,13.0600004196167,13.15999984741211,1450300,0.0,0.0
2023-02-22 00:00:00-05:00,13.15999984741211,13.289999961853027,12.899999618530273,12.989999771118164,2254800,0.0,0.0
2023-02-23 00:00:00-05:00,13.3100004196167,13.680000305175781,13.220000267028809,13.609999656677246,1314600,0.0,0.0
2023-02-24 00:00:00-05:00,13.460000038146973,13.800000190734863,13.300000190734863,13.800000190734863,1114300,0.0,0.0
2023-02-27 00:00:00-05:00,13.84000015258789,13.850000381469727,13.619999885559082,13.680000305175781,887300,0.0,0.0
2023-02-28 00:00:00-05:00,13.819999694824219,13.880000114440918,13.390000343322754,13.399999618530273,1137900,0.0,0.0
2023-03-01 00:00:00-05:00,13.359999656677246,13.739999771118164,13.319999694824219,13.720000267028809,840100,0.0,0.0
2023-03-02 00:00:00-05:00,13.619999885559082,13.890000343322754,13.380000114440918,13.859999656677246,1487300,0.0,0.0
2023-03-03 00:00:00-05:00,13.640000343322754,14.25,13.59000015258789,14.130000114440918,1358800,0.0,0.0
2023-03-06 00:00:00-05:00,14.010000228881836,14.050000190734863,13.800000190734863,13.850000381469727,1275900,0.0,0.0
2023-03-07 00:00:00-05:00,13.800000190734863,13.920000076293945,13.520000457763672,13.8100004196167,2070800,0.0,0.0
2023-03-08 00:00:00-05:00,13.670000076293945,13.949999809265137,13.25,13.470000267028809,1848500,0.0,0.0
2023-03-09 00:00:00-05:00,13.970000267028809,14.390000343322754,13.34000015258789,13.369999885559082,2623000,0.0,0.0
2023-03-10 00:00:00-05:00,13.399999618530273,14.220000267028809,13.279999732971191,13.600000381469727,2645600,0.0,0.0
2023-03-13 00:00:00-04:00,13.109999656677246,13.729999542236328,12.779999732971191,13.119999885559082,1859100,0.0,0.0
2023-03-14 00:00:00-04:00,13.399999618530273,14.239999771118164,13.270000457763672,13.420000076293945,2518400,0.0,0.0
2023-03-15 00:00:00-04:00,12.859999656677246,12.970000267028809,11.9399995803833,12.489999771118164,3463400,0.0,0.0
2023-03-16 00:00:00-04:00,12.1899995803833,12.569999694824219,12.010000228881836,12.430000305175781,1743300,0.0,0.0
2023-03-17 00:00:00-04:00,12.270000457763672,12.369999885559082,11.930000305175781,12.109999656677246,2379700,0.0,0.0
2023-03-20 00:00:00-04:00,12.09000015258789,12.539999961853027,12.039999961853027,12.4399995803833,2524000,0.0,0.0
2023-03-21 00:00:00-04:00,12.760000228881836,12.979999542236328,12.569999694824219,12.819999694824219,1964600,0.0,0.0
2023-03-22 00:00:00-04:00,12.819999694824219,13.210000038146973,12.699999809265137,12.720000267028809,1750400,0.0,0.0
2023-03-23 00:00:00-04:00,12.890000343322754,13.239999771118164,12.390000343322754,12.479999542236328,1333600,0.0,0.0
2023-03-24 00:00:00-04:00,12.210000038146973,12.539999961853027,12.0600004196167,12.380000114440918,1074600,0.0,0.0
2023-03-27 00:00:00-04:00,12.520000457763672,12.84000015258789,12.229999542236328,12.789999961853027,1276400,0.0,0.0
2023-03-28 00:00:00-04:00,12.720000267028809,12.949999809265137,12.630000114440918,12.75,887600,0.0,0.0
2023-03-29 00:00:00-04:00,12.850000381469727,12.890000343322754,12.279999732971191,12.430000305175781,1791700,0.0,0.0
2023-03-30 00:00:00-04:00,12.630000114440918,12.829999923706055,12.4399995803833,12.670000076293945,1929000,0.0,0.0
2023-03-31 00:00:00-04:00,12.770000457763672,13.1899995803833,12.75,12.970000267028809,1832000,0.0,0.0
2023-04-03 00:00:00-04:00,13.710000038146973,13.850000381469727,13.489999771118164,13.579999923706055,2971000,0.0,0.0
2023-04-04 00:00:00-04:00,13.819999694824219,13.869999885559082,13.289999961853027,13.600000381469727,1670400,0.0,0.0
2023-04-05 00:00:00-04:00,13.720000267028809,13.739999771118164,13.210000038146973,13.390000343322754,854600,0.0,0.0
2023-04-06 00:00:00-04:00,13.300000190734863,13.34000015258789,13.109999656677246,13.170000076293945,855900,0.0,0.0
2023-04-10 00:00:00-04:00,13.270000457763672,13.430000305175781,13.079999923706055,13.140000343322754,1306800,0.0,0.0
2023-04-11 00:00:00-04:00,13.180000305175781,13.359999656677246,13.109999656677246,13.329999923706055,815200,0.0,0.0
2023-04-12 00:00:00-04:00,13.5,13.5,13.140000343322754,13.220000267028809,927100,0.0,0.0
2023-04-13 00:00:00-04:00,13.239999771118164,13.770000457763672,13.199999809265137,13.59000015258789,1540000,0.0,0.0
2023-04-14 00:00:00-04:00,13.710000038146973,13.869999885559082,13.279999732971191,13.470000267028809,1107500,0.0,0.0
2023-04-17 00:00:00-04:00,13.470000267028809,13.739999771118164,13.420000076293945,13.569999694824219,1911100,0.0,0.0
2023-04-18 00:00:00-04:00,13.529999732971191,13.989999771118164,13.40999984741211,13.770000457763672,1278900,0.0,0.0
2023-04-19 00:00:00-04:00,13.489999771118164,13.550000190734863,13.279999732971191,13.5,1051600,0.0,0.0
2023-04-20 00:00:00-04:00,13.260000228881836,13.329999923706055,12.829999923706055,12.930000305175781,1485500,0.0,0.0
2023-04-21 00:00:00-04:00,13.050000190734863,13.09000015258789,12.859999656677246,12.9399995803833,783900,0.0,0.0
2023-04-24 00:00:00-04:00,12.90999984741211,13.359999656677246,12.84000015258789,13.260000228881836,1188800,0.0,0.0
2023-04-25 00:00:00-04:00,13.010000228881836,13.09000015258789,12.739999771118164,12.760000228881836,1189200,0.0,0.0
2023-04-26 00:00:00-04:00,12.720000267028809,12.850000381469727,12.020000457763672,12.109999656677246,2060900,0.0,0.0
2023-04-27 00:00:00-04:00,12.149999618530273,12.369999885559082,12.010000228881836,12.149999618530273,794500,0.0,0.0
2023-04-28 00:00:00-04:00,12.239999771118164,12.819999694824219,12.079999923706055,12.670000076293945,1139700,0.0,0.0
2023-05-01 00:00:00-04:00,12.449999809265137,12.729999542236328,12.359999656677246,12.5,612400,0.0,0.0
2023-05-02 00:00:00-04:00,12.25,12.289999961853027,11.390000343322754,11.640000343322754,2299200,0.0,0.0
2023-05-03 00:00:00-04:00,11.40999984741211,11.680000305175781,11.350000381469727,11.479999542236328,1469900,0.0,0.0
2023-05-04 00:00:00-04:00,11.5600004196167,12.15999984741211,11.5600004196167,11.890000343322754,1808800,0.0,0.0
2023-05-05 00:00:00-04:00,12.359999656677246,12.619999885559082,12.300000190734863,12.539999961853027,1446700,0.0,0.0
2023-05-08 00:00:00-04:00,12.8100004196167,12.960000038146973,12.369999885559082,12.420000076293945,894300,0.0,0.0
2023-05-09 00:00:00-04:00,12.279999732971191,12.550000190734863,12.170000076293945,12.470000267028809,777300,0.0,0.0
2023-05-10 00:00:00-04:00,12.510000228881836,12.59000015258789,12.109999656677246,12.180000305175781,833200,0.0,0.0
2023-05-11 00:00:00-04:00,11.960000038146973,12.09000015258789,11.729999542236328,11.770000457763672,886600,0.0,0.0
2023-05-12 00:00:00-04:00,11.890000343322754,12.079999923706055,11.6899995803833,11.760000228881836,1020500,0.0,0.0
2023-05-15 00:00:00-04:00,11.899999618530273,11.960000038146973,11.729999542236328,11.800000190734863,879900,0.0,0.0
2023-05-16 00:00:00-04:00,11.720000267028809,11.869999885559082,11.369999885559082,11.390000343322754,1046100,0.0,0.0
2023-05-17 00:00:00-04:00,11.550000190734863,11.779999732971191,11.34000015258789,11.760000228881836,896100,0.0,0.0
2023-05-18 00:00:00-04:00,11.680000305175781,11.899999618530273,11.539999961853027,11.850000381469727,641300,0.0,0.0
2023-05-19 00:00:00-04:00,12.079999923706055,12.149999618530273,11.890000343322754,12.050000190734863,786600,0.0,0.0
2023-05-22 00:00:00-04:00,12.020000457763672,12.149999618530273,11.949999809265137,12.010000228881836,441400,0.0,0.0
2023-05-23 00:00:00-04:00,12.149999618530273,12.319999694824219,12.020000457763672,12.130000114440918,1022900,0.0,0.0
2023-05-24 00:00:00-04:00,12.279999732971191,12.3100004196167,12.010000228881836,12.119999885559082,552700,0.0,0.0
2023-05-25 00:00:00-04:00,11.800000190734863,11.8100004196167,11.369999885559082,11.449999809265137,1040500,0.0,0.0
2023-05-26 00:00:00-04:00,11.5600004196167,11.600000381469727,11.3100004196167,11.550000190734863,712800,0.0,0.0
2023-05-30 00:00:00-04:00,11.460000038146973,11.510000228881836,10.789999961853027,11.09000015258789,2043300,0.0,0.0
2023-05-31 00:00:00-04:00,10.90999984741211,10.960000038146973,10.779999732971191,10.869999885559082,981400,0.0,0.0
2023-06-01 00:00:00-04:00,10.880000114440918,11.25,10.75,11.109999656677246,1070700,0.0,0.0
2023-06-02 00:00:00-04:00,11.380000114440918,11.779999732971191,11.3100004196167,11.720000267028809,1765300,0.0,0.0
2023-06-05 00:00:00-04:00,12.010000228881836,12.140000343322754,11.800000190734863,11.899999618530273,967900,0.0,0.0
2023-06-06 00:00:00-04:00,11.729999542236328,11.930000305175781,11.65999984741211,11.90999984741211,1031700,0.0,0.0
2023-06-07 00:00:00-04:00,12.0600004196167,12.34000015258789,12.029999732971191,12.239999771118164,806400,0.0,0.0
2023-06-08 00:00:00-04:00,12.279999732971191,12.319999694824219,11.829999923706055,12.100000381469727,923100,0.0,0.0
2023-06-09 00:00:00-04:00,12.109999656677246,12.529999732971191,12.0,12.430000305175781,1737600,0.0,0.0
2023-06-12 00:00:00-04:00,12.140000343322754,12.149999618530273,11.65999984741211,11.729999542236328,1431700,0.0,0.0
2023-06-13 00:00:00-04:00,12.0,12.319999694824219,12.0,12.050000190734863,1255000,0.0,0.0
2023-06-14 00:00:00-04:00,12.239999771118164,12.289999961853027,11.640000343322754,11.829999923706055,1221900,0.0,0.0
2023-06-15 00:00:00-04:00,11.970000267028809,12.630000114440918,11.90999984741211,12.3100004196167,1557400,0.0,0.0
2023-06-16 00:00:00-04:00,12.270000457763672,12.449999809265137,12.119999885559082,12.390000343322754,1513500,0.0,0.0
2023-06-20 00:00:00-04:00,12.239999771118164,12.300000190734863,11.949999809265137,12.220000267028809,1053700,0.0,0.0
2023-06-21 00:00:00-04:00,12.170000076293945,12.569999694824219,12.130000114440918,12.529999732971191,1099800,0.0,0.0
2023-06-22 00:00:00-04:00,12.369999885559082,12.380000114440918,12.010000228881836,12.039999961853027,923000,0.0,0.0
2023-06-23 00:00:00-04:00,11.800000190734863,11.800000190734863,11.550000190734863,11.640000343322754,1507100,0.0,0.0
2023-06-26 00:00:00-04:00,11.720000267028809,12.369999885559082,11.6899995803833,12.220000267028809,909200,0.0,0.0
2023-06-27 00:00:00-04:00,12.069999694824219,12.300000190734863,11.989999771118164,12.210000038146973,822900,0.0,0.0
2023-06-28 00:00:00-04:00,12.170000076293945,12.289999961853027,11.90999984741211,12.25,770200,0.0,0.0
2023-06-29 00:00:00-04:00,12.270000457763672,12.460000038146973,12.149999618530273,12.40999984741211,693900,0.0,0.0
2023-06-30 00:00:00-04:00,12.5,12.579999923706055,12.319999694824219,12.449999809265137,799300,0.0,0.0
2023-07-03 00:00:00-04:00,12.489999771118164,12.789999961853027,12.489999771118164,12.539999961853027,590100,0.0,0.0
2023-07-05 00:00:00-04:00,12.619999885559082,12.680000305175781,12.359999656677246,12.470000267028809,664000,0.0,0.0
2023-07-06 00:00:00-04:00,12.300000190734863,12.430000305175781,11.859999656677246,12.130000114440918,987600,0.0,0.0
2023-07-07 00:00:00-04:00,12.119999885559082,13.020000457763672,12.069999694824219,12.90999984741211,1616800,0.0,0.0
2023-07-10 00:00:00-04:00,12.949999809265137,13.380000114440918,12.869999885559082,13.1899995803833,1661300,0.0,0.0
2023-07-11 00:00:00-04:00,13.350000381469727,13.699999809265137,13.3100004196167,13.579999923706055,1307300,0.0,0.0
2023-07-12 00:00:00-04:00,13.850000381469727,13.850000381469727,13.550000190734863,13.630000114440918,1469400,0.0,0.0
2023-07-13 00:00:00-04:00,13.649999618530273,13.779999732971191,13.380000114440918,13.539999961853027,1402700,0.0,0.0
2023-07-14 00:00:00-04:00,13.40999984741211,13.449999809265137,12.729999542236328,12.770000457763672,1607300,0.0,0.0
2023-07-17 00:00:00-04:00,12.760000228881836,12.829999923706055,12.579999923706055,12.649999618530273,1057200,0.0,0.0
2023-07-18 00:00:00-04:00,12.6899995803833,13.220000267028809,12.670000076293945,13.15999984741211,1173100,0.0,0.0
2023-07-19 00:00:00-04:00,13.220000267028809,13.350000381469727,12.930000305175781,12.970000267028809,1389200,0.0,0.0
2023-07-20 00:00:00-04:00,13.170000076293945,13.210000038146973,12.899999618530273,13.170000076293945,1022200,0.0,0.0
2023-07-21 00:00:00-04:00,13.260000228881836,13.430000305175781,13.109999656677246,13.399999618530273,1222100,0.0,0.0
2023-07-24 00:00:00-04:00,13.5,13.819999694824219,13.460000038146973,13.680000305175781,1470000,0.0,0.0
2023-07-25 00:00:00-04:00,13.510000228881836,13.6899995803833,13.279999732971191,13.470000267028809,1410500,0.0,0.0
2023-07-26 00:00:00-04:00,13.359999656677246,13.600000381469727,13.239999771118164,13.550000190734863,807700,0.0,0.0
2023-07-27 00:00:00-04:00,13.6899995803833,13.6899995803833,13.180000305175781,13.1899995803833,917700,0.0,0.0
2023-07-28 00:00:00-04:00,13.260000228881836,13.649999618530273,13.15999984741211,13.59000015258789,897300,0.0,0.0
2023-07-31 00:00:00-04:00,13.770000457763672,14.039999961853027,13.770000457763672,13.920000076293945,1123400,0.0,0.0
2023-08-01 00:00:00-04:00,13.75,13.789999961853027,13.4399995803833,13.720000267028809,1086400,0.0,0.0
2023-08-02 00:00:00-04:00,13.569999694824219,13.569999694824219,13.100000381469727,13.380000114440918,1822400,0.0,0.0
2023-08-03 00:00:00-04:00,13.640000343322754,14.380000114440918,13.5,14.050000190734863,2245700,0.0,0.0
2023-08-04 00:00:00-04:00,14.1899995803833,14.670000076293945,14.15999984741211,14.300000190734863,1514700,0.0,0.0
2023-08-07 00:00:00-04:00,14.270000457763672,14.390000343322754,13.920000076293945,14.039999961853027,1230200,0.0,0.0
2023-08-08 00:00:00-04:00,13.710000038146973,14.199999809265137,13.579999923706055,14.180000305175781,1053600,0.0,0.0
2023-08-09 00:00:00-04:00,14.739999771118164,15.449999809265137,14.699999809265137,15.0,3086200,0.0,0.0
2023-08-10 00:00:00-04:00,15.0,15.140000343322754,14.600000381469727,14.630000114440918,1613900,0.0,0.0
2023-08-11 00:00:00-04:00,14.649999618530273,14.9399995803833,14.649999618530273,14.789999961853027,966100,0.0,0.0
2023-08-14 00:00:00-04:00,14.670000076293945,14.739999771118164,14.40999984741211,14.430000305175781,944400,0.0,0.0
2023-08-15 00:00:00-04:00,14.260000228881836,14.319999694824219,14.039999961853027,14.119999885559082,957400,0.0,0.0
2023-08-16 00:00:00-04:00,14.029999732971191,14.34000015258789,14.029999732971191,14.15999984741211,1425900,0.0,0.0
2023-08-17 00:00:00-04:00,14.479999542236328,14.710000038146973,14.180000305175781,14.229999542236328,1041200,0.0,0.0
2023-08-18 00:00:00-04:00,14.050000190734863,14.279999732971191,13.9399995803833,14.239999771118164,924500,0.0,0.0
2023-08-21 00:00:00-04:00,14.420000076293945,14.489999771118164,14.100000381469727,14.149999618530273,703100,0.0,0.0
2023-08-22 00:00:00-04:00,14.15999984741211,14.34000015258789,14.079999923706055,14.100000381469727,472800,0.0,0.0
2023-08-23 00:00:00-04:00,13.8100004196167,13.949999809265137,13.25,13.720000267028809,1090900,0.0,0.0
2023-08-24 00:00:00-04:00,13.59000015258789,13.789999961853027,13.4399995803833,13.5600004196167,874100,0.0,0.0
2023-08-25 00:00:00-04:00,13.640000343322754,13.880000114440918,13.600000381469727,13.779999732971191,848400,0.0,0.0
2023-08-28 00:00:00-04:00,13.899999618530273,14.170000076293945,13.859999656677246,14.0600004196167,609200,0.0,0.0
2023-08-29 00:00:00-04:00,14.100000381469727,14.479999542236328,13.970000267028809,14.470000267028809,955800,0.0,0.0
2023-08-30 00:00:00-04:00,14.520000457763672,14.6899995803833,14.430000305175781,14.479999542236328,744200,0.0,0.0
2023-08-31 00:00:00-04:00,14.539999961853027,14.649999618530273,14.350000381469727,14.550000190734863,651400,0.0,0.0
2023-09-01 00:00:00-04:00,14.800000190734863,15.15999984741211,14.729999542236328,15.050000190734863,939900,0.0,0.0
2023-09-05 00:00:00-04:00,15.170000076293945,15.390000343322754,15.020000457763672,15.09000015258789,1500200,0.0,0.0
2023-09-06 00:00:00-04:00,15.109999656677246,15.3100004196167,14.829999923706055,14.949999809265137,1182900,0.0,0.0
2023-09-07 00:00:00-04:00,14.800000190734863,14.930000305175781,14.550000190734863,14.569999694824219,901900,0.0,0.0
2023-09-08 00:00:00-04:00,14.770000457763672,15.029999732971191,14.649999618530273,14.850000381469727,1328300,0.0,0.0
2023-09-11 00:00:00-04:00,15.130000114440918,15.489999771118164,14.9399995803833,14.949999809265137,1623900,0.0,0.0
2023-09-12 00:00:00-04:00,15.199999809265137,15.720000267028809,15.180000305175781,15.6899995803833,2050900,0.0,0.0
2023-09-13 00:00:00-04:00,15.800000190734863,15.84000015258789,15.3100004196167,15.520000457763672,1456600,0.0,0.0
2023-09-14 00:00:00-04:00,15.84000015258789,15.979999542236328,15.579999923706055,15.600000381469727,1253800,0.0,0.0
2023-09-15 00:00:00-04:00,15.5,15.569999694824219,15.270000457763672,15.319999694824219,935000,0.0,0.0
2023-09-18 00:00:00-04:00,15.5,15.510000228881836,15.020000457763672,15.050000190734863,1149100,0.0,0.0
2023-09-19 00:00:00-04:00,15.329999923706055,15.359999656677246,14.609999656677246,14.670000076293945,1316700,0.0,0.0
2023-09-20 00:00:00-04:00,14.579999923706055,14.84000015258789,14.289999961853027,14.289999961853027,836500,0.0,0.0
2023-09-21 00:00:00-04:00,14.329999923706055,14.449999809265137,14.0,14.029999732971191,1224600,0.0,0.0
2023-09-22 00:00:00-04:00,14.1899995803833,14.359999656677246,13.90999984741211,13.979999542236328,764700,0.0,0.0
2023-09-25 00:00:00-04:00,14.0,14.529999732971191,14.0,14.5,789300,0.0,0.0
2023-09-26 00:00:00-04:00,14.270000457763672,14.529999732971191,14.239999771118164,14.380000114440918,1089300,0.0,0.0
2023-09-27 00:00:00-04:00,14.65999984741211,14.90999984741211,14.5600004196167,14.75,1142800,0.0,0.0
2023-09-28 00:00:00-04:00,14.720000267028809,14.930000305175781,14.630000114440918,14.739999771118164,738900,0.0,0.0
2023-09-29 00:00:00-04:00,14.819999694824219,14.850000381469727,14.550000190734863,14.619999885559082,973000,0.0,0.0
2023-10-02 00:00:00-04:00,14.550000190734863,14.550000190734863,13.699999809265137,13.779999732971191,1662300,0.0,0.0
2023-10-03 00:00:00-04:00,13.65999984741211,13.770000457763672,13.460000038146973,13.739999771118164,1005400,0.0,0.0
2023-10-04 00:00:00-04:00,13.479999542236328,13.5,12.720000267028809,12.869999885559082,2134700,0.0,0.0
2023-10-05 00:00:00-04:00,12.6899995803833,13.079999923706055,12.670000076293945,13.079999923706055,1243400,0.0,0.0
2023-10-06 00:00:00-04:00,13.149999618530273,13.470000267028809,12.869999885559082,13.390000343322754,1222400,0.0,0.0
2023-10-09 00:00:00-04:00,13.930000305175781,14.380000114440918,13.869999885559082,14.1899995803833,1788700,0.0,0.0
2023-10-10 00:00:00-04:00,14.300000190734863,14.460000038146973,14.100000381469727,14.4399995803833,1313700,0.0,0.0
2023-10-11 00:00:00-04:00,14.210000038146973,14.529999732971191,14.130000114440918,14.510000228881836,905500,0.0,0.0
2023-10-12 00:00:00-04:00,14.710000038146973,14.710000038146973,14.210000038146973,14.520000457763672,1187700,0.0,0.0
2023-10-13 00:00:00-04:00,14.819999694824219,15.039999961853027,14.59000015258789,14.930000305175781,1416900,0.0,0.0
2023-10-16 00:00:00-04:00,14.989999771118164,15.109999656677246,14.6899995803833,15.100000381469727,847300,0.0,0.0
2023-10-17 00:00:00-04:00,15.039999961853027,15.3100004196167,15.010000228881836,15.289999961853027,1167700,0.0,0.0
2023-10-18 00:00:00-04:00,15.420000076293945,15.470000267028809,15.079999923706055,15.15999984741211,713000,0.0,0.0
2023-10-19 00:00:00-04:00,14.960000038146973,15.5600004196167,14.859999656677246,15.420000076293945,933800,0.0,0.0
2023-10-20 00:00:00-04:00,15.4399995803833,15.460000038146973,15.149999618530273,15.199999809265137,697200,0.0,0.0
2023-10-23 00:00:00-04:00,15.050000190734863,15.170000076293945,14.630000114440918,14.670000076293945,1221200,0.0,0.0
2023-10-24 00:00:00-04:00,14.75,14.75,14.329999923706055,14.380000114440918,921800,0.0,0.0
2023-10-25 00:00:00-04:00,14.399999618530273,14.699999809265137,14.199999809265137,14.649999618530273,866900,0.0,0.0
2023-10-26 00:00:00-04:00,14.40999984741211,14.720000267028809,14.180000305175781,14.649999618530273,755900,0.0,0.0
2023-10-27 00:00:00-04:00,14.720000267028809,14.789999961853027,14.329999923706055,14.630000114440918,703700,0.0,0.0
2023-10-30 00:00:00-04:00,14.640000343322754,14.8100004196167,14.109999656677246,14.300000190734863,859200,0.0,0.0
2023-10-31 00:00:00-04:00,14.319999694824219,14.569999694824219,14.15999984741211,14.420000076293945,862700,0.0,0.0
2023-11-01 00:00:00-04:00,14.5,14.710000038146973,14.270000457763672,14.510000228881836,931000,0.0,0.0
2023-11-02 00:00:00-04:00,14.779999732971191,14.800000190734863,13.84000015258789,14.449999809265137,2485700,0.0,0.0
2023-11-03 00:00:00-04:00,14.5,14.770000457763672,14.0600004196167,14.079999923706055,1586800,0.0,0.0
2023-11-06 00:00:00-05:00,14.199999809265137,14.25,13.84000015258789,13.960000038146973,1038900,0.0,0.0
2023-11-07 00:00:00-05:00,13.569999694824219,13.59000015258789,13.029999732971191,13.109999656677246,1774100,0.0,0.0
2023-11-08 00:00:00-05:00,13.029999732971191,13.069999694824219,12.640000343322754,12.760000228881836,1093400,0.0,0.0
2023-11-09 00:00:00-05:00,12.899999618530273,13.210000038146973,12.770000457763672,12.779999732971191,787300,0.0,0.0
2023-11-10 00:00:00-05:00,12.960000038146973,13.1899995803833,12.829999923706055,13.130000114440918,1073000,0.0,0.0
2023-11-13 00:00:00-05:00,13.109999656677246,13.380000114440918,13.109999656677246,13.180000305175781,1110500,0.0,0.0
2023-11-14 00:00:00-05:00,13.270000457763672,13.489999771118164,13.220000267028809,13.390000343322754,733300,0.0,0.0
2023-11-15 00:00:00-05:00,13.319999694824219,13.449999809265137,13.039999961853027,13.069999694824219,619000,0.0,0.0
2023-11-16 00:00:00-05:00,12.84000015258789,12.90999984741211,12.430000305175781,12.75,1391400,0.0,0.0
2023-11-17 00:00:00-05:00,12.890000343322754,13.289999961853027,12.890000343322754,13.15999984741211,1047200,0.0,0.0
2023-11-20 00:00:00-05:00,13.239999771118164,13.350000381469727,13.010000228881836,13.039999961853027,794600,0.0,0.0
2023-11-21 00:00:00-05:00,12.930000305175781,13.0600004196167,12.869999885559082,12.90999984741211,549800,0.0,0.0
2023-11-22 00:00:00-05:00,12.5,12.899999618530273,12.390000343322754,12.859999656677246,858800,0.0,0.0
2023-11-24 00:00:00-05:00,12.869999885559082,13.079999923706055,12.859999656677246,12.899999618530273,266100,0.0,0.0
2023-11-27 00:00:00-05:00,12.770000457763672,12.770000457763672,12.5,12.579999923706055,902200,0.0,0.0
2023-11-28 00:00:00-05:00,12.680000305175781,12.739999771118164,12.470000267028809,12.529999732971191,948300,0.0,0.0
2023-11-29 00:00:00-05:00,12.710000038146973,12.770000457763672,12.4399995803833,12.65999984741211,946800,0.0,0.0
2023-11-30 00:00:00-05:00,12.829999923706055,13.029999732971191,12.470000267028809,12.630000114440918,888200,0.0,0.0
2023-12-01 00:00:00-05:00,12.619999885559082,12.8100004196167,12.420000076293945,12.5,1578400,0.0,0.0
2023-12-04 00:00:00-05:00,12.34000015258789,12.40999984741211,12.0,12.010000228881836,1763400,0.0,0.0
2023-12-05 00:00:00-05:00,12.0,12.100000381469727,11.630000114440918,11.630000114440918,1145300,0.0,0.0
2023-12-06 00:00:00-05:00,11.460000038146973,11.510000228881836,11.100000381469727,11.180000305175781,1643500,0.0,0.0
2023-12-07 00:00:00-05:00,11.3100004196167,11.359999656677246,11.069999694824219,11.140000343322754,1837400,0.0,0.0
2023-12-08 00:00:00-05:00,11.279999732971191,11.460000038146973,11.199999809265137,11.369999885559082,1035900,0.0,0.0
2023-12-11 00:00:00-05:00,11.260000228881836,11.380000114440918,11.09000015258789,11.149999618530273,1333500,0.0,0.0
2023-12-12 00:00:00-05:00,10.930000305175781,10.960000038146973,10.720000267028809,10.84000015258789,1842600,0.0,0.0
2023-12-13 00:00:00-05:00,11.0600004196167,11.619999885559082,10.899999618530273,11.609999656677246,2403900,0.0,0.0
2023-12-14 00:00:00-05:00,11.859999656677246,12.350000381469727,11.859999656677246,12.239999771118164,1869100,0.0,0.0
2023-12-15 00:00:00-05:00,12.260000228881836,12.270000457763672,11.979999542236328,12.0600004196167,1378100,0.0,0.0
2023-12-18 00:00:00-05:00,12.350000381469727,12.579999923706055,12.270000457763672,12.329999923706055,1450800,0.0,0.0
2023-12-19 00:00:00-05:00,12.350000381469727,12.75,12.300000190734863,12.739999771118164,1494700,0.0,0.0
2023-12-20 00:00:00-05:00,12.8100004196167,12.880000114440918,12.449999809265137,12.460000038146973,899400,0.0,0.0
2023-12-21 00:00:00-05:00,12.449999809265137,12.59000015258789,12.430000305175781,12.5600004196167,994600,0.0,0.0
2023-12-22 00:00:00-05:00,12.649999618530273,12.720000267028809,12.479999542236328,12.520000457763672,1448500,0.0,0.0
2023-12-26 00:00:00-05:00,12.670000076293945,12.949999809265137,12.600000381469727,12.84000015258789,1358600,0.0,0.0
2023-12-27 00:00:00-05:00,12.819999694824219,12.819999694824219,12.449999809265137,12.460000038146973,1189600,0.0,0.0
2023-12-28 00:00:00-05:00,12.380000114440918,12.430000305175781,12.149999618530273,12.149999618530273,899100,0.0,0.0
2023-12-29 00:00:00-05:00,12.170000076293945,12.229999542236328,12.0600004196167,12.0600004196167,1013300,0.0,0.0
2024-01-02 00:00:00-05:00,12.15999984741211,12.3100004196167,11.9399995803833,12.010000228881836,1277500,0.0,0.0
2024-01-03 00:00:00-05:00,12.0,12.40999984741211,11.9399995803833,12.300000190734863,1102400,0.0,0.0
2024-01-04 00:00:00-05:00,12.5,12.5,12.010000228881836,12.020000457763672,1593300,0.0,0.0
2024-01-05 00:00:00-05:00,12.170000076293945,12.329999923706055,12.0600004196167,12.1899995803833,714500,0.0,0.0
2024-01-08 00:00:00-05:00,11.880000114440918,11.960000038146973,11.720000267028809,11.960000038146973,1025700,0.0,0.0
2024-01-09 00:00:00-05:00,11.989999771118164,11.989999771118164,11.720000267028809,11.859999656677246,1416000,0.0,0.0
2024-01-10 00:00:00-05:00,11.880000114440918,11.890000343322754,11.630000114440918,11.699999809265137,1123300,0.0,0.0
2024-01-11 00:00:00-05:00,11.75,11.84000015258789,11.520000457763672,11.8100004196167,1090100,0.0,0.0
2024-01-12 00:00:00-05:00,12.050000190734863,12.149999618530273,11.800000190734863,11.850000381469727,1550700,0.0,0.0
2024-01-16 00:00:00-05:00,11.600000381469727,11.619999885559082,10.960000038146973,10.989999771118164,2296900,0.0,0.0
2024-01-17 00:00:00-05:00,10.84000015258789,11.020000457763672,10.729999542236328,10.729999542236328,1439800,0.0,0.0
2024-01-18 00:00:00-05:00,10.779999732971191,10.829999923706055,10.619999885559082,10.649999618530273,1429900,0.0,0.0
2024-01-19 00:00:00-05:00,10.649999618530273,10.710000038146973,10.529999732971191,10.699999809265137,1111700,0.0,0.0
2024-01-22 00:00:00-05:00,10.579999923706055,10.84000015258789,10.420000076293945,10.720000267028809,1352800,0.0,0.0
2024-01-23 00:00:00-05:00,10.649999618530273,10.829999923706055,10.5600004196167,10.59000015258789,1201700,0.0,0.0
2024-01-24 00:00:00-05:00,10.800000190734863,10.8100004196167,10.5600004196167,10.6899995803833,1311900,0.0,0.0
2024-01-25 00:00:00-05:00,10.819999694824219,10.930000305175781,10.680000305175781,10.930000305175781,964600,0.0,0.0
2024-01-26 00:00:00-05:00,10.899999618530273,11.020000457763672,10.710000038146973,10.960000038146973,857300,0.0,0.0
2024-01-29 00:00:00-05:00,10.899999618530273,10.930000305175781,10.680000305175781,10.829999923706055,1061500,0.0,0.0
2024-01-30 00:00:00-05:00,10.680000305175781,11.149999618530273,10.680000305175781,11.130000114440918,1471600,0.0,0.0
2024-01-31 00:00:00-05:00,11.079999923706055,11.100000381469727,10.739999771118164,10.760000228881836,1184800,0.0,0.0
2024-02-01 00:00:00-05:00,10.84000015258789,10.949999809265137,10.479999542236328,10.579999923706055,1445300,0.0,0.0
2024-02-02 00:00:00-05:00,10.520000457763672,10.539999961853027,10.229999542236328,10.270000457763672,1294200,0.0,0.0
2024-02-05 00:00:00-05:00,10.1899995803833,10.1899995803833,9.819999694824219,10.0600004196167,1924800,0.0,0.0
2024-02-06 00:00:00-05:00,10.140000343322754,10.390000343322754,10.09000015258789,10.199999809265137,1025600,0.0,0.0
2024-02-07 00:00:00-05:00,10.390000343322754,10.399999618530273,10.09000015258789,10.270000457763672,883500,0.0,0.0
2024-02-08 00:00:00-05:00,10.289999961853027,10.529999732971191,10.270000457763672,10.449999809265137,1070600,0.0,0.0
2024-02-09 00:00:00-05:00,10.40999984741211,10.609999656677246,10.390000343322754,10.550000190734863,1362100,0.0,0.0
2024-02-12 00:00:00-05:00,10.569999694824219,10.979999542236328,10.569999694824219,10.850000381469727,1507500,0.0,0.0
2024-02-13 00:00:00-05:00,10.720000267028809,10.800000190734863,10.350000381469727,10.460000038146973,1195600,0.0,0.0
2024-02-14 00:00:00-05:00,10.550000190734863,10.699999809265137,10.270000457763672,10.319999694824219,1082400,0.0,0.0
2024-02-15 00:00:00-05:00,10.289999961853027,10.880000114440918,10.289999961853027,10.800000190734863,1265400,0.0,0.0
2024-02-16 00:00:00-05:00,10.8100004196167,10.84000015258789,10.6899995803833,10.760000228881836,925300,0.0,0.0
2024-02-20 00:00:00-05:00,10.729999542236328,10.75,10.430000305175781,10.59000015258789,972500,0.0,0.0
2024-02-21 00:00:00-05:00,10.649999618530273,10.949999809265137,10.649999618530273,10.84000015258789,793100,0.0,0.0
2024-02-22 00:00:00-05:00,10.789999961853027,11.029999732971191,10.699999809265137,11.010000228881836,1526200,0.0,0.0
2024-02-23 00:00:00-05:00,10.829999923706055,10.859999656677246,10.649999618530273,10.779999732971191,807800,0.0,0.0
2024-02-26 00:00:00-05:00,10.770000457763672,10.869999885559082,10.600000381469727,10.6899995803833,885500,0.0,0.0
2024-02-27 00:00:00-05:00,10.789999961853027,11.069999694824219,10.789999961853027,10.970000267028809,840800,0.0,0.0
2024-02-28 00:00:00-05:00,11.050000190734863,11.239999771118164,10.949999809265137,10.989999771118164,1262800,0.0,0.0
2024-02-29 00:00:00-05:00,11.100000381469727,11.119999885559082,10.880000114440918,11.09000015258789,1206600,0.0,0.0
2024-03-01 00:00:00-05:00,11.210000038146973,11.4399995803833,11.130000114440918,11.40999984741211,1911000,0.0,0.0
2024-03-04 00:00:00-05:00,11.520000457763672,11.569999694824219,11.420000076293945,11.5,1727700,0.0,0.0
2024-03-05 00:00:00-05:00,11.4399995803833,11.739999771118164,11.390000343322754,11.649999618530273,1724800,0.0,0.0
2024-03-06 00:00:00-05:00,11.84000015258789,11.9399995803833,11.649999618530273,11.819999694824219,2038100,0.0,0.0
2024-03-07 00:00:00-05:00,11.270000457763672,11.619999885559082,10.829999923706055,11.270000457763672,4010600,0.0,0.0
2024-03-08 00:00:00-05:00,11.3100004196167,11.399999618530273,10.829999923706055,11.0,2639800,0.0,0.0
2024-03-11 00:00:00-04:00,11.0,11.479999542236328,10.949999809265137,11.420000076293945,2163400,0.0,0.0
2024-03-12 00:00:00-04:00,11.399999618530273,11.460000038146973,11.130000114440918,11.220000267028809,1227200,0.0,0.0
2024-03-13 00:00:00-04:00,11.34000015258789,11.600000381469727,11.34000015258789,11.399999618530273,1163000,0.0,0.0
2024-03-14 00:00:00-04:00,11.479999542236328,11.579999923706055,11.34000015258789,11.399999618530273,1120400,0.0,0.0
2024-03-15 00:00:00-04:00,11.420000076293945,11.5,11.199999809265137,11.3100004196167,1539900,0.0,0.0
2024-03-18 00:00:00-04:00,11.359999656677246,11.869999885559082,11.319999694824219,11.850000381469727,1932500,0.0,0.0
2024-03-19 00:00:00-04:00,11.75,11.979999542236328,11.720000267028809,11.9399995803833,922200,0.0,0.0
2024-03-20 00:00:00-04:00,11.760000228881836,11.960000038146973,11.670000076293945,11.890000343322754,834300,0.0,0.0
2024-03-21 00:00:00-04:00,11.859999656677246,11.989999771118164,11.779999732971191,11.949999809265137,1007400,0.0,0.0
2024-03-22 00:00:00-04:00,11.899999618530273,11.9399995803833,11.579999923706055,11.670000076293945,792500,0.0,0.0
2024-03-25 00:00:00-04:00,11.699999809265137,12.1899995803833,11.699999809265137,12.140000343322754,1317200,0.0,0.0
2024-03-26 00:00:00-04:00,12.09000015258789,12.170000076293945,11.779999732971191,11.84000015258789,1164800,0.0,0.0
2024-03-27 00:00:00-04:00,11.84000015258789,12.270000457763672,11.710000038146973,12.239999771118164,1381700,0.0,0.0
2024-03-28 00:00:00-04:00,12.359999656677246,12.5600004196167,12.220000267028809,12.4399995803833,985200,0.0,0.0
2024-04-01 00:00:00-04:00,12.520000457763672,12.5600004196167,12.260000228881836,12.460000038146973,768400,0.0,0.0
2024-04-02 00:00:00-04:00,12.520000457763672,12.619999885559082,12.319999694824219,12.550000190734863,1491400,0.0,0.0
2024-04-03 00:00:00-04:00,12.609999656677246,12.6899995803833,12.470000267028809,12.59000015258789,1416100,0.0,0.0
2024-04-04 00:00:00-04:00,12.609999656677246,12.670000076293945,12.470000267028809,12.59000015258789,810700,0.0,0.0
2024-04-05 00:00:00-04:00,12.579999923706055,12.779999732971191,12.470000267028809,12.699999809265137,963100,0.0,0.0
2024-04-08 00:00:00-04:00,12.729999542236328,12.789999961853027,12.4399995803833,12.539999961853027,846200,0.0,0.0
2024-04-09 00:00:00-04:00,12.619999885559082,12.729999542236328,12.510000228881836,12.600000381469727,755700,0.0,0.0
2024-04-10 00:00:00-04:00,12.460000038146973,12.699999809265137,12.449999809265137,12.640000343322754,721600,0.0,0.0
2024-04-11 00:00:00-04:00,12.65999984741211,12.680000305175781,12.40999984741211,12.479999542236328,628900,0.0,0.0
2024-04-12 00:00:00-04:00,12.609999656677246,12.779999732971191,12.239999771118164,12.279999732971191,1201300,0.0,0.0
2024-04-15 00:00:00-04:00,12.289999961853027,12.369999885559082,11.920000076293945,11.989999771118164,1134300,0.0,0.0
2024-04-16 00:00:00-04:00,11.90999984741211,12.079999923706055,11.729999542236328,12.0600004196167,750300,0.0,0.0
2024-04-17 00:00:00-04:00,12.0,12.130000114440918,11.760000228881836,11.789999961853027,764200,0.0,0.0
2024-04-18 00:00:00-04:00,11.829999923706055,11.9399995803833,11.670000076293945,11.760000228881836,460300,0.0,0.0
2024-04-19 00:00:00-04:00,11.770000457763672,12.079999923706055,11.75,11.859999656677246,678700,0.0,0.0
2024-04-22 00:00:00-04:00,11.789999961853027,11.949999809265137,11.579999923706055,11.84000015258789,676800,0.0,0.0
2024-04-23 00:00:00-04:00,11.75,12.029999732971191,11.670000076293945,12.0,752500,0.0,0.0
2024-04-24 00:00:00-04:00,11.949999809265137,11.970000267028809,11.779999732971191,11.829999923706055,500200,0.0,0.0
2024-04-25 00:00:00-04:00,11.84000015258789,12.0600004196167,11.670000076293945,12.029999732971191,606800,0.0,0.0
2024-04-26 00:00:00-04:00,11.9399995803833,12.180000305175781,11.930000305175781,12.09000015258789,671700,0.0,0.0
2024-04-29 00:00:00-04:00,12.09000015258789,12.199999809265137,11.979999542236328,12.149999618530273,1154800,0.0,0.0
2024-04-30 00:00:00-04:00,12.039999961853027,12.050000190734863,11.520000457763672,11.529999732971191,1263800,0.0,0.0
2024-05-01 00:00:00-04:00,11.5,11.569999694824219,11.079999923706055,11.260000228881836,1571700,0.0,0.0
2024-05-02 00:00:00-04:00,11.609999656677246,12.359999656677246,11.600000381469727,11.760000228881836,2446600,0.0,0.0
2024-05-03 00:00:00-04:00,11.970000267028809,12.109999656677246,11.6899995803833,11.8100004196167,1219100,0.0,0.0
2024-05-06 00:00:00-04:00,11.920000076293945,12.220000267028809,11.890000343322754,11.960000038146973,1292100,0.0,0.0
2024-05-07 00:00:00-04:00,11.9399995803833,12.109999656677246,11.930000305175781,11.989999771118164,747000,0.0,0.0
2024-05-08 00:00:00-04:00,11.899999618530273,12.119999885559082,11.859999656677246,12.0,663100,0.0,0.0
2024-05-09 00:00:00-04:00,12.020000457763672,12.199999809265137,11.979999542236328,12.1899995803833,758600,0.0,0.0
2024-05-10 00:00:00-04:00,12.239999771118164,12.350000381469727,11.880000114440918,11.90999984741211,1084800,0.0,0.0
2024-05-13 00:00:00-04:00,12.039999961853027,12.100000381469727,11.729999542236328,11.84000015258789,783400,0.0,0.0
2024-05-14 00:00:00-04:00,11.890000343322754,12.109999656677246,11.869999885559082,11.989999771118164,672100,0.0,0.0
2024-05-15 00:00:00-04:00,11.9399995803833,12.09000015258789,11.779999732971191,12.09000015258789,633000,0.0,0.0
2024-05-16 00:00:00-04:00,12.109999656677246,12.239999771118164,11.989999771118164,12.0600004196167,658600,0.0,0.0
2024-05-17 00:00:00-04:00,12.109999656677246,12.369999885559082,12.010000228881836,12.329999923706055,913300,0.0,0.0
2024-05-20 00:00:00-04:00,12.380000114440918,12.680000305175781,12.300000190734863,12.5600004196167,1156700,0.0,0.0
2024-05-21 00:00:00-04:00,12.399999618530273,12.579999923706055,12.270000457763672,12.449999809265137,961400,0.0,0.0
2024-05-22 00:00:00-04:00,12.350000381469727,12.359999656677246,12.069999694824219,12.239999771118164,1272200,0.0,0.0
2024-05-23 00:00:00-04:00,12.399999618530273,12.470000267028809,11.930000305175781,11.949999809265137,1105100,0.0,0.0
2024-05-24 00:00:00-04:00,12.100000381469727,12.180000305175781,11.890000343322754,11.949999809265137,709000,0.0,0.0
2024-05-28 00:00:00-04:00,12.15999984741211,12.5600004196167,12.09000015258789,12.529999732971191,1341700,0.0,0.0
2024-05-29 00:00:00-04:00,12.420000076293945,12.489999771118164,12.069999694824219,12.199999809265137,1120200,0.0,0.0
2024-05-30 00:00:00-04:00,12.149999618530273,12.319999694824219,12.140000343322754,12.210000038146973,565500,0.0,0.0
2024-05-31 00:00:00-04:00,12.279999732971191,12.40999984741211,12.210000038146973,12.380000114440918,669400,0.0,0.0
2024-06-03 00:00:00-04:00,12.489999771118164,12.489999771118164,11.710000038146973,11.760000228881836,1656600,0.0,0.0
2024-06-04 00:00:00-04:00,11.600000381469727,11.609999656677246,11.279999732971191,11.359999656677246,1915800,0.0,0.0
2024-06-05 00:00:00-04:00,11.430000305175781,11.479999542236328,11.220000267028809,11.350000381469727,2270200,0.0,0.0
2024-06-06 00:00:00-04:00,11.420000076293945,11.609999656677246,11.34000015258789,11.569999694824219,951700,0.0,0.0
2024-06-07 00:00:00-04:00,11.470000267028809,11.600000381469727,11.229999542236328,11.25,1080600,0.0,0.0
2024-06-10 00:00:00-04:00,11.300000190734863,11.550000190734863,11.289999961853027,11.539999961853027,711400,0.0,0.0
2024-06-11 00:00:00-04:00,11.40999984741211,11.609999656677246,11.329999923706055,11.59000015258789,844500,0.0,0.0
2024-06-12 00:00:00-04:00,11.920000076293945,11.920000076293945,11.460000038146973,11.5,743800,0.0,0.0
2024-06-13 00:00:00-04:00,11.5,11.5,11.050000190734863,11.100000381469727,1349700,0.0,0.0
2024-06-14 00:00:00-04:00,11.109999656677246,11.109999656677246,10.800000190734863,10.880000114440918,1268400,0.0,0.0
2024-06-17 00:00:00-04:00,10.859999656677246,10.989999771118164,10.720000267028809,10.920000076293945,942200,0.0,0.0
2024-06-18 00:00:00-04:00,10.930000305175781,11.260000228881836,10.90999984741211,11.229999542236328,1041900,0.0,0.0
2024-06-20 00:00:00-04:00,11.270000457763672,11.390000343322754,11.1899995803833,11.289999961853027,1489500,0.0,0.0
2024-06-21 00:00:00-04:00,11.300000190734863,11.319999694824219,11.0,11.0,1177800,0.0,0.0
2024-06-24 00:00:00-04:00,11.109999656677246,11.5,11.0,11.4399995803833,1221700,0.0,0.0
2024-06-25 00:00:00-04:00,11.399999618530273,11.520000457763672,11.319999694824219,11.329999923706055,733200,0.0,0.0
2024-06-26 00:00:00-04:00,11.279999732971191,11.319999694824219,11.09000015258789,11.15999984741211,612000,0.0,0.0
2024-06-27 00:00:00-04:00,11.229999542236328,11.3100004196167,11.149999618530273,11.199999809265137,709400,0.0,0.0
2024-06-28 00:00:00-04:00,11.239999771118164,11.25,10.970000267028809,11.010000228881836,781100,0.0,0.0
2024-07-01 00:00:00-04:00,11.119999885559082,11.140000343322754,10.9399995803833,11.020000457763672,560400,0.0,0.0
2024-07-02 00:00:00-04:00,11.130000114440918,11.229999542236328,10.989999771118164,11.149999618530273,1227500,0.0,0.0
2024-07-03 00:00:00-04:00,11.220000267028809,11.430000305175781,11.170000076293945,11.350000381469727,640500,0.0,0.0
2024-07-05 00:00:00-04:00,11.369999885559082,11.40999984741211,10.949999809265137,11.0600004196167,1158400,0.0,0.0
2024-07-08 00:00:00-04:00,10.960000038146973,11.130000114440918,10.960000038146973,11.079999923706055,761800,0.0,0.0
2024-07-09 00:00:00-04:00,11.0600004196167,11.25,11.0,11.020000457763672,1138000,0.0,0.0
2024-07-10 00:00:00-04:00,11.010000228881836,11.069999694824219,10.760000228881836,10.800000190734863,2090700,0.0,0.0
2024-07-11 00:00:00-04:00,10.890000343322754,11.210000038146973,10.720000267028809,11.15999984741211,1089400,0.0,0.0
2024-07-12 00:00:00-04:00,11.220000267028809,11.260000228881836,11.100000381469727,11.220000267028809,740200,0.0,0.0
2024-07-15 00:00:00-04:00,11.239999771118164,11.329999923706055,11.09000015258789,11.289999961853027,1014200,0.0,0.0
2024-07-16 00:00:00-04:00,11.239999771118164,11.319999694824219,11.15999984741211,11.260000228881836,715900,0.0,0.0
2024-07-17 00:00:00-04:00,11.260000228881836,11.479999542236328,11.149999618530273,11.180000305175781,643500,0.0,0.0
2024-07-18 00:00:00-04:00,11.210000038146973,11.3100004196167,11.029999732971191,11.0600004196167,798600,0.0,0.0
2024-07-19 00:00:00-04:00,11.050000190734863,11.170000076293945,10.930000305175781,10.949999809265137,599800,0.0,0.0
2024-07-22 00:00:00-04:00,10.899999618530273,11.069999694824219,10.829999923706055,11.010000228881836,764900,0.0,0.0
2024-07-23 00:00:00-04:00,10.90999984741211,10.9399995803833,10.520000457763672,10.640000343322754,1279200,0.0,0.0
2024-07-24 00:00:00-04:00,10.6899995803833,10.829999923706055,10.380000114440918,10.380000114440918,1082000,0.0,0.0
2024-07-25 00:00:00-04:00,10.319999694824219,10.479999542236328,10.220000267028809,10.40999984741211,1104100,0.0,0.0
2024-07-26 00:00:00-04:00,10.40999984741211,10.430000305175781,10.210000038146973,10.359999656677246,1639300,0.0,0.0
2024-07-29 00:00:00-04:00,10.359999656677246,10.420000076293945,10.069999694824219,10.199999809265137,1245000,0.0,0.0
2024-07-30 00:00:00-04:00,10.15999984741211,10.350000381469727,10.15999984741211,10.3100004196167,1349800,0.0,0.0
2024-07-31 00:00:00-04:00,10.529999732971191,10.789999961853027,10.460000038146973,10.739999771118164,1731900,0.0,0.0
2024-08-01 00:00:00-04:00,10.579999923706055,10.579999923706055,9.829999923706055,9.979999542236328,3971900,0.0,0.0
2024-08-02 00:00:00-04:00,9.819999694824219,9.930000305175781,9.359999656677246,9.420000076293945,2472200,0.0,0.0
2024-08-05 00:00:00-04:00,8.90999984741211,9.319999694824219,8.710000038146973,9.270000457763672,1548400,0.0,0.0
2024-08-06 00:00:00-04:00,9.3100004196167,9.720000267028809,9.270000457763672,9.489999771118164,1620200,0.0,0.0
2024-08-07 00:00:00-04:00,9.729999542236328,9.850000381469727,9.569999694824219,9.569999694824219,1525500,0.0,0.0
2024-08-08 00:00:00-04:00,9.680000305175781,10.010000228881836,9.680000305175781,9.920000076293945,1387800,0.0,0.0
2024-08-09 00:00:00-04:00,9.920000076293945,9.930000305175781,9.789999961853027,9.90999984741211,936300,0.0,0.0
2024-08-12 00:00:00-04:00,9.970000267028809,10.289999961853027,9.970000267028809,10.220000267028809,1130000,0.0,0.0
2024-08-13 00:00:00-04:00,10.1899995803833,10.210000038146973,10.050000190734863,10.180000305175781,714100,0.0,0.0
2024-08-14 00:00:00-04:00,10.220000267028809,10.270000457763672,10.09000015258789,10.140000343322754,720000,0.0,0.0
2024-08-15 00:00:00-04:00,10.180000305175781,10.430000305175781,10.180000305175781,10.289999961853027,890200,0.0,0.0
2024-08-16 00:00:00-04:00,10.1899995803833,10.34000015258789,10.149999618530273,10.199999809265137,1078700,0.0,0.0
2024-08-19 00:00:00-04:00,10.220000267028809,10.40999984741211,10.1899995803833,10.220000267028809,1201800,0.0,0.0
2024-08-20 00:00:00-04:00,10.199999809265137,10.210000038146973,9.970000267028809,10.010000228881836,685700,0.0,0.0
2024-08-21 00:00:00-04:00,10.09000015258789,10.130000114440918,9.930000305175781,10.020000457763672,590500,0.0,0.0
2024-08-22 00:00:00-04:00,10.0,10.100000381469727,9.9399995803833,9.970000267028809,629500,0.0,0.0
2024-08-23 00:00:00-04:00,10.0600004196167,10.270000457763672,10.039999961853027,10.220000267028809,1213700,0.0,0.0
2024-08-26 00:00:00-04:00,10.4399995803833,10.489999771118164,10.220000267028809,10.350000381469727,1012000,0.0,0.0
2024-08-27 00:00:00-04:00,10.279999732971191,10.3100004196167,10.119999885559082,10.170000076293945,607000,0.0,0.0
2024-08-28 00:00:00-04:00,10.119999885559082,10.210000038146973,10.0600004196167,10.140000343322754,634300,0.0,0.0
2024-08-29 00:00:00-04:00,10.199999809265137,10.399999618530273,10.199999809265137,10.3100004196167,821500,0.0,0.0
2024-08-30 00:00:00-04:00,10.15999984741211,10.3100004196167,10.029999732971191,10.279999732971191,1183800,0.0,0.0
2024-09-03 00:00:00-04:00,10.020000457763672,10.0600004196167,9.619999885559082,9.649999618530273,1394000,0.0,0.0
2024-09-04 00:00:00-04:00,9.600000381469727,9.739999771118164,9.510000228881836,9.539999961853027,930400,0.0,0.0
2024-09-05 00:00:00-04:00,9.699999809265137,9.699999809265137,9.399999618530273,9.40999984741211,648500,0.0,0.0
2024-09-06 00:00:00-04:00,9.380000114440918,9.5,9.140000343322754,9.170000076293945,833600,0.0,0.0
2024-09-09 00:00:00-04:00,9.170000076293945,9.260000228881836,9.020000457763672,9.039999961853027,970300,0.0,0.0
2024-09-10 00:00:00-04:00,9.029999732971191,9.0600004196167,8.720000267028809,8.9399995803833,2192200,0.0,0.0
2024-09-11 00:00:00-04:00,9.0,9.170000076293945,8.8100004196167,9.149999618530273,984200,0.0,0.0
2024-09-12 00:00:00-04:00,9.199999809265137,9.279999732971191,9.029999732971191,9.199999809265137,1051600,0.0,0.0
2024-09-13 00:00:00-04:00,9.289999961853027,9.479999542236328,9.15999984741211,9.220000267028809,992000,0.0,0.0
2024-09-16 00:00:00-04:00,9.359999656677246,9.4399995803833,9.260000228881836,9.390000343322754,847700,0.0,0.0
2024-09-17 00:00:00-04:00,9.369999885559082,9.609999656677246,9.350000381469727,9.5600004196167,856800,0.0,0.0
2024-09-18 00:00:00-04:00,9.520000457763672,9.75,9.479999542236328,9.510000228881836,1271800,0.0,0.0
2024-09-19 00:00:00-04:00,9.75,9.819999694824219,9.600000381469727,9.609999656677246,1114000,0.0,0.0
2024-09-20 00:00:00-04:00,9.479999542236328,9.770000457763672,9.399999618530273,9.720000267028809,1310500,0.0,0.0
2024-09-23 00:00:00-04:00,9.770000457763672,10.069999694824219,9.729999542236328,9.859999656677246,866100,0.0,0.0
2024-09-24 00:00:00-04:00,10.0600004196167,10.140000343322754,9.949999809265137,9.970000267028809,1170900,0.0,0.0
2024-09-25 00:00:00-04:00,9.949999809265137,10.010000228881836,9.65999984741211,9.760000228881836,1276000,0.0,0.0
2024-09-26 00:00:00-04:00,9.5600004196167,9.699999809265137,9.470000267028809,9.539999961853027,1711700,0.0,0.0
2024-09-27 00:00:00-04:00,9.649999618530273,9.699999809265137,9.520000457763672,9.619999885559082,755800,0.0,0.0
2024-09-30 00:00:00-04:00,9.569999694824219,9.84000015258789,9.569999694824219,9.770000457763672,906500,0.0,0.0
2024-10-01 00:00:00-04:00,9.65999984741211,10.100000381469727,9.609999656677246,10.039999961853027,1324600,0.0,0.0
2024-10-02 00:00:00-04:00,10.270000457763672,10.319999694824219,9.960000038146973,10.15999984741211,1015900,0.0,0.0
2024-10-03 00:00:00-04:00,10.170000076293945,10.479999542236328,10.100000381469727,10.460000038146973,1744100,0.0,0.0
2024-10-04 00:00:00-04:00,10.460000038146973,10.5600004196167,10.130000114440918,10.3100004196167,1777800,0.0,0.0
2024-10-07 00:00:00-04:00,10.369999885559082,10.520000457763672,10.359999656677246,10.4399995803833,1053100,0.0,0.0
2024-10-08 00:00:00-04:00,10.210000038146973,10.220000267028809,9.970000267028809,10.119999885559082,760800,0.0,0.0
2024-10-09 00:00:00-04:00,10.020000457763672,10.039999961853027,9.859999656677246,9.949999809265137,862700,0.0,0.0
2024-10-10 00:00:00-04:00,10.0,10.130000114440918,9.869999885559082,10.09000015258789,1129200,0.0,0.0
2024-10-11 00:00:00-04:00,10.020000457763672,10.229999542236328,9.970000267028809,10.199999809265137,811600,0.0,0.0
2024-10-14 00:00:00-04:00,10.0600004196167,10.069999694824219,9.899999618530273,9.960000038146973,1001200,0.0,0.0
2024-10-15 00:00:00-04:00,9.59000015258789,9.710000038146973,9.40999984741211,9.5600004196167,1549200,0.0,0.0
2024-10-16 00:00:00-04:00,9.649999618530273,9.760000228881836,9.609999656677246,9.680000305175781,845900,0.0,0.0
2024-10-17 00:00:00-04:00,9.699999809265137,9.819999694824219,9.65999984741211,9.8100004196167,1236300,0.0,0.0
2024-10-18 00:00:00-04:00,9.770000457763672,9.829999923706055,9.630000114440918,9.760000228881836,617651,0.0,0.0
