Date,Open,High,Low,Close,Volume,Dividends,Stock Splits,Capital Gains
2022-04-27 00:00:00-04:00,22.639636993408203,22.639636993408203,22.639636993408203,22.639636993408203,100,0.0,0.0,0.0
2022-04-28 00:00:00-04:00,22.4978562602643,22.8721587979582,22.4978562602643,22.867433547973633,600,0.0,0.0,0.0
2022-04-29 00:00:00-04:00,22.874049108043,22.874049108043,22.41278648376465,22.41278648376465,3700,0.0,0.0,0.0
2022-05-02 00:00:00-04:00,22.51486590678781,22.51486590678781,22.36363269286074,22.414674758911133,700,0.0,0.0,0.0
2022-05-03 00:00:00-04:00,22.409950493036828,22.685951232910156,22.409950493036828,22.685951232910156,2000,0.0,0.0,0.0
2022-05-04 00:00:00-04:00,22.694458970033175,23.167063275607774,22.618842353254934,23.145322799682617,2000,0.0,0.0,0.0
2022-05-05 00:00:00-04:00,22.930761249264027,22.930761249264027,22.372143331985765,22.429800033569336,2300,0.0,0.0,0.0
2022-05-06 00:00:00-04:00,22.29746743360413,22.306919734425623,22.184041626588254,22.212398529052734,900,0.0,0.0,0.0
2022-05-09 00:00:00-04:00,21.843771040748546,21.843771040748546,21.380619049072266,21.380619049072266,200,0.0,0.0,0.0
2022-05-10 00:00:00-04:00,21.92883978012148,21.92883978012148,21.58478355407715,21.58478355407715,300,0.0,0.0,0.0
2022-05-11 00:00:00-04:00,21.966645535745233,21.97609783717755,21.487424850463867,21.487424850463867,1400,0.0,0.0,0.0
2022-05-12 00:00:00-04:00,21.314453584905774,21.352262794937147,21.238836967685394,21.28609848022461,1600,0.0,0.0,0.0
2022-05-13 00:00:00-04:00,21.503495721172698,21.976100022736933,21.503495721172698,21.884414672851562,3000,0.0,0.0,0.0
2022-05-16 00:00:00-04:00,21.749248949694298,22.113154457749445,21.749248949694298,21.990276336669922,1100,0.0,0.0,0.0
2022-05-17 00:00:00-04:00,22.30692258049507,22.524320118600343,22.25966107035766,22.504470825195312,800,0.0,0.0,0.0
2022-05-18 00:00:00-04:00,22.297468550938348,22.297468550938348,21.71616554260254,21.71616554260254,1000,0.0,0.0,0.0
2022-05-19 00:00:00-04:00,21.740741151203604,21.814468383789062,21.739796461880342,21.814468383789062,700,0.0,0.0,0.0
2022-05-20 00:00:00-04:00,21.739799010846177,21.739799010846177,21.26719468452343,21.51956558227539,700,0.0,0.0,0.0
2022-05-23 00:00:00-04:00,21.94774265418596,22.174592497826374,21.94774265418596,22.096141815185547,700,0.0,0.0,0.0
2022-05-24 00:00:00-04:00,21.961922782959792,21.987442016601562,21.961922782959792,21.987442016601562,400,0.0,0.0,0.0
2022-05-25 00:00:00-04:00,22.05171420544919,22.212399722362946,22.032809602790596,22.116933822631836,2900,0.0,0.0,0.0
2022-05-26 00:00:00-04:00,22.335279178217387,22.34284210205078,22.325828678399834,22.34284210205078,800,0.0,0.0,0.0
2022-05-27 00:00:00-04:00,22.34473163856923,22.639636993408203,22.34473163856923,22.639636993408203,400,0.0,0.0,0.0
2022-05-31 00:00:00-04:00,22.610332489013672,22.610332489013672,22.610332489013672,22.610332489013672,0,0.0,0.0,0.0
2022-06-01 00:00:00-04:00,22.258718490600586,22.258718490600586,22.258718490600586,22.258718490600586,0,0.0,0.0,0.0
2022-06-02 00:00:00-04:00,22.495964296042292,22.713363647460938,22.495964296042292,22.713363647460938,800,0.0,0.0,0.0
2022-06-03 00:00:00-04:00,22.467608206330777,22.524320215898378,22.4108943939209,22.4108943939209,1000,0.0,0.0,0.0
2022-06-06 00:00:00-04:00,22.460046768188477,22.460046768188477,22.460046768188477,22.460046768188477,0,0.0,0.0,0.0
2022-06-07 00:00:00-04:00,22.212399545867093,22.483675003051758,22.212399545867093,22.483675003051758,2200,0.0,0.0,0.0
2022-06-08 00:00:00-04:00,22.122608184814453,22.122608184814453,22.122608184814453,22.122608184814453,0,0.0,0.0,0.0
2022-06-09 00:00:00-04:00,21.892398855399883,22.059821955981157,21.633655548095703,21.633655548095703,700,0.149,0.0,0.0
2022-06-10 00:00:00-04:00,21.165632938499538,21.165632938499538,21.080018997192383,21.080018997192383,400,0.0,0.0,0.0
2022-06-13 00:00:00-04:00,20.499748565589368,20.566338602458792,20.336132049560547,20.336132049560547,800,0.0,0.0,0.0
2022-06-14 00:00:00-04:00,20.338030476441627,20.343738555908203,20.309493707894156,20.343738555908203,600,0.0,0.0,0.0
2022-06-15 00:00:00-04:00,20.37608494606016,20.539701461791992,20.37608494606016,20.539701461791992,200,0.0,0.0,0.0
2022-06-16 00:00:00-04:00,19.900451594437815,19.909964456295867,19.807228088378906,19.807228088378906,800,0.0,0.0,0.0
2022-06-17 00:00:00-04:00,19.760618209838867,19.760618209838867,19.760618209838867,19.760618209838867,100,0.0,0.0,0.0
2022-06-21 00:00:00-04:00,20.024118717027775,20.081195898287177,20.005094804334508,20.064071655273438,1500,0.0,0.0,0.0
2022-06-22 00:00:00-04:00,19.738741407056594,19.795816777793856,19.738741407056594,19.753009796142578,6600,0.0,0.0,0.0
2022-06-23 00:00:00-04:00,19.4153057615999,19.4153057615999,19.199369430541992,19.199369430541992,700,0.0,0.0,0.0
2022-06-24 00:00:00-04:00,19.38677054755834,19.81484031677246,19.38677054755834,19.81484031677246,700,0.0,0.0,0.0
2022-06-27 00:00:00-04:00,20.026018142700195,20.026018142700195,20.026018142700195,20.026018142700195,100,0.0,0.0,0.0
2022-06-28 00:00:00-04:00,20.052653853866353,20.052653853866353,19.891889572143555,19.891889572143555,600,0.0,0.0,0.0
2022-06-29 00:00:00-04:00,19.72922854286816,19.753009796142578,19.72922854286816,19.753009796142578,200,0.0,0.0,0.0
2022-06-30 00:00:00-04:00,19.491406254322868,19.71114917489602,19.405792317932573,19.609363555908203,1200,0.0,0.0,0.0
2022-07-01 00:00:00-04:00,19.358231662597397,19.69212532043457,19.358231662597397,19.69212532043457,200,0.0,0.0,0.0
2022-07-05 00:00:00-04:00,19.30306053161621,19.30306053161621,19.30306053161621,19.30306053161621,100,0.0,0.0,0.0
2022-07-06 00:00:00-04:00,19.263105202451552,19.288789749145508,19.263105202451552,19.288789749145508,200,0.0,0.0,0.0
2022-07-07 00:00:00-04:00,19.58177947998047,19.58177947998047,19.58177947998047,19.58177947998047,100,0.0,0.0,0.0
2022-07-08 00:00:00-04:00,19.502824783325195,19.502824783325195,19.502824783325195,19.502824783325195,100,0.0,0.0,0.0
2022-07-11 00:00:00-04:00,19.2374210357666,19.2374210357666,19.2374210357666,19.2374210357666,200,0.0,0.0,0.0
2022-07-12 00:00:00-04:00,19.20793118706966,19.20793118706966,19.110902895635345,19.17654037475586,1000,0.0,0.0,0.0
2022-07-13 00:00:00-04:00,19.015774803547572,19.206028405955774,19.015774803547572,19.127073287963867,400,0.0,0.0,0.0
2022-07-14 00:00:00-04:00,18.70185981005799,18.751325607299805,18.70185981005799,18.751325607299805,600,0.0,0.0,0.0
2022-07-15 00:00:00-04:00,18.947282906277444,19.012920379638672,18.947282906277444,19.012920379638672,500,0.0,0.0,0.0
2022-07-18 00:00:00-04:00,19.043361710262374,19.043361710262374,19.015775680541992,19.015775680541992,100,0.0,0.0,0.0
2022-07-19 00:00:00-04:00,19.700684065568122,19.704490661621094,19.700684065568122,19.704490661621094,2400,0.0,0.0,0.0
2022-07-20 00:00:00-04:00,19.787254333496094,19.787254333496094,19.787254333496094,19.787254333496094,100,0.0,0.0,0.0
2022-07-21 00:00:00-04:00,19.787250779516757,19.909963607788086,19.787250779516757,19.909963607788086,200,0.0,0.0,0.0
2022-07-22 00:00:00-04:00,19.80152130126953,19.80152130126953,19.80152130126953,19.80152130126953,0,0.0,0.0,0.0
2022-07-25 00:00:00-04:00,19.938503154621294,20.159196853637695,19.938503154621294,20.159196853637695,400,0.0,0.0,0.0
2022-07-26 00:00:00-04:00,19.919478140263838,19.96323585510254,19.919478140263838,19.96323585510254,300,0.0,0.0,0.0
2022-07-27 00:00:00-04:00,20.33137321472168,20.33137321472168,20.33137321472168,20.33137321472168,100,0.0,0.0,0.0
2022-07-28 00:00:00-04:00,20.36657183568923,20.416988372802734,20.36657183568923,20.416988372802734,1300,0.0,0.0,0.0
2022-07-29 00:00:00-04:00,20.480724670987236,20.798446655273438,20.480724670987236,20.798446655273438,8000,0.0,0.0,0.0
2022-08-01 00:00:00-04:00,20.804153867542748,20.812714173286018,20.66431679167594,20.72519874572754,6200,0.0,0.0,0.0
2022-08-02 00:00:00-04:00,20.680489110471036,20.680489110471036,20.491188049316406,20.491188049316406,7700,0.0,0.0,0.0
2022-08-03 00:00:00-04:00,20.499748526170087,20.59487533569336,20.470259197073947,20.59487533569336,700,0.0,0.0,0.0
2022-08-04 00:00:00-04:00,20.528287243515773,20.58536260383446,20.475967407226562,20.475967407226562,5500,0.0,0.0,0.0
2022-08-05 00:00:00-04:00,20.223883295327646,20.42364796751853,20.21437043269098,20.405574798583984,3200,0.0,0.0,0.0
2022-08-08 00:00:00-04:00,20.52828700527612,20.623413814298605,20.52828700527612,20.529237747192383,18300,0.0,0.0,0.0
2022-08-09 00:00:00-04:00,20.593924961382783,20.593924961382783,20.452186393685537,20.47787094116211,32200,0.0,0.0,0.0
2022-08-10 00:00:00-04:00,20.8897657141529,20.975379656784092,20.85171608097953,20.861228942871094,16200,0.0,0.0,0.0
2022-08-11 00:00:00-04:00,21.108558863527875,21.127582773778492,20.953502655029297,20.953502655029297,1300,0.0,0.0,0.0
2022-08-12 00:00:00-04:00,20.97537935476208,21.25600242614746,20.97537935476208,21.25600242614746,2700,0.0,0.0,0.0
2022-08-15 00:00:00-04:00,21.041969061122952,21.156119771624216,20.984891891479492,20.984891891479492,4400,0.0,0.0,0.0
2022-08-16 00:00:00-04:00,21.070506922330893,21.336861617943885,21.070506922330893,21.299762725830078,2800,0.0,0.0,0.0
2022-08-17 00:00:00-04:00,21.060992062527564,21.104751586914062,21.032455293328173,21.104751586914062,1400,0.0,0.0,0.0
2022-08-18 00:00:00-04:00,21.140901565551758,21.140901565551758,21.140901565551758,21.140901565551758,300,0.0,0.0,0.0
2022-08-19 00:00:00-04:00,20.927819717950122,20.956358307110662,20.906892507868257,20.913551330566406,2000,0.0,0.0,0.0
2022-08-22 00:00:00-04:00,20.625315263742213,20.63292664223854,20.57584946828443,20.592973709106445,1600,0.0,0.0,0.0
2022-08-23 00:00:00-04:00,20.796545028686523,20.796545028686523,20.796545028686523,20.796545028686523,100,0.0,0.0,0.0
2022-08-24 00:00:00-04:00,20.84315432448884,20.965868974955285,20.83459401871215,20.939231872558594,3700,0.0,0.0,0.0
2022-08-25 00:00:00-04:00,21.117119394710343,21.315935134887695,21.117119394710343,21.315935134887695,900,0.0,0.0,0.0
2022-08-26 00:00:00-04:00,21.35588747335058,21.35588747335058,20.709978103637695,20.709978103637695,2300,0.0,0.0,0.0
2022-08-29 00:00:00-04:00,20.537801199942855,20.728054830329935,20.537801199942855,20.606292724609375,1900,0.0,0.0,0.0
2022-08-30 00:00:00-04:00,20.728054841347593,20.728054841347593,20.319961547851562,20.319961547851562,1500,0.0,0.0,0.0
2022-08-31 00:00:00-04:00,20.251468755557912,20.251468755557912,20.141122817993164,20.141122817993164,3000,0.0,0.0,0.0
2022-09-01 00:00:00-04:00,19.919480183397717,19.919480183397717,19.653125456238012,19.844329833984375,1100,0.0,0.0,0.0
2022-09-02 00:00:00-04:00,19.821496963500977,19.821496963500977,19.821496963500977,19.821496963500977,200,0.0,0.0,0.0
2022-09-06 00:00:00-04:00,19.586536139098897,19.77678976426308,19.586536139098897,19.59319496154785,1900,0.0,0.0,0.0
2022-09-07 00:00:00-04:00,19.47238071314298,19.89759635925293,19.47238071314298,19.89759635925293,1200,0.0,0.0,0.0
2022-09-08 00:00:00-04:00,19.795812557285117,19.988920211791992,19.795812557285117,19.988920211791992,400,0.0,0.0,0.0
2022-09-09 00:00:00-04:00,20.366570199932365,20.410327911376953,20.328520568274016,20.410327911376953,900,0.0,0.0,0.0
2022-09-12 00:00:00-04:00,20.4607478373617,20.461698579268486,20.422696388374906,20.434112548828125,700,0.0,0.0,0.0
2022-09-13 00:00:00-04:00,20.02506799688792,20.047898502777436,19.772030948341634,19.800569534301758,2800,0.0,0.0,0.0
2022-09-14 00:00:00-04:00,19.719712799953417,19.724470138549805,19.719712799953417,19.724470138549805,300,0.0,0.0,0.0
2022-09-15 00:00:00-04:00,19.61507390962795,19.61507390962795,19.424820292393605,19.43718719482422,700,0.0,0.0,0.0
2022-09-16 00:00:00-04:00,19.03480333561754,19.03480333561754,18.816012930636358,18.941579818725586,6200,0.0,0.0,0.0
2022-09-19 00:00:00-04:00,18.996751808406295,19.274520874023438,18.996751808406295,19.274520874023438,1200,0.0,0.0,0.0
2022-09-20 00:00:00-04:00,19.082363565224682,19.082363565224682,18.8930625136394,18.929210662841797,600,0.0,0.0,0.0
2022-09-21 00:00:00-04:00,19.034801866585585,19.034801866585585,18.678077697753906,18.678077697753906,500,0.0,0.0,0.0
2022-09-22 00:00:00-04:00,18.663808014763333,18.673319061938848,18.521116905631107,18.573436737060547,1800,0.0,0.0,0.0
2022-09-23 00:00:00-04:00,17.98080062866211,17.98080062866211,17.98080062866211,17.98080062866211,300,0.0,0.0,0.0
2022-09-26 00:00:00-04:00,17.722058123943057,17.76962244103381,17.607907391711603,17.65546989440918,2000,0.0,0.0,0.0
2022-09-27 00:00:00-04:00,17.86474579782013,17.86474579782013,17.640247344970703,17.640247344970703,200,0.0,0.0,0.0
2022-09-28 00:00:00-04:00,17.531805535577217,17.93419075012207,17.531805535577217,17.93419075012207,4000,0.0,0.0,0.0
2022-09-29 00:00:00-04:00,17.475679726539095,17.562244415283203,17.475679726539095,17.562244415283203,2300,0.0,0.0,0.0
2022-09-30 00:00:00-04:00,17.547024760649432,17.64595635915978,17.435728073120117,17.435728073120117,3800,0.0,0.0,0.0
2022-10-03 00:00:00-04:00,17.59839305172635,17.947507670868507,17.59839305172635,17.918018341064453,500,0.0,0.0,0.0
2022-10-04 00:00:00-04:00,18.216713381189926,18.5534610748291,18.216713381189926,18.5534610748291,200,0.0,0.0,0.0
2022-10-05 00:00:00-04:00,18.302328613728076,18.349892926977862,18.24525325222136,18.29757308959961,800,0.0,0.0,0.0
2022-10-06 00:00:00-04:00,18.159640677282237,18.159640677282237,18.079734802246094,18.079734802246094,100,0.0,0.0,0.0
2022-10-07 00:00:00-04:00,17.959872544251194,17.959872544251194,17.741082149790557,17.7867431640625,1000,0.0,0.0,0.0
2022-10-10 00:00:00-04:00,17.95987088159537,17.964628219604492,17.95987088159537,17.964628219604492,200,0.0,0.0,0.0
2022-10-11 00:00:00-04:00,17.969384753585686,17.969384753585686,17.789596557617188,17.789596557617188,800,0.0,0.0,0.0
2022-10-12 00:00:00-04:00,17.85523433625346,17.85523433625346,17.817182886973395,17.82954978942871,800,0.0,0.0,0.0
2022-10-13 00:00:00-04:00,17.774374633308263,18.359402015898116,17.774374633308263,18.325157165527344,1100,0.0,0.0,0.0
2022-10-14 00:00:00-04:00,17.76962045810424,17.76962045810424,17.61741828918457,17.61741828918457,400,0.0,0.0,0.0
2022-10-17 00:00:00-04:00,18.0740227206268,18.10541534423828,18.0740227206268,18.10541534423828,300,0.0,0.0,0.0
2022-10-18 00:00:00-04:00,18.40696814000343,18.45453063847652,18.368916689710545,18.435504913330078,600,0.0,0.0,0.0
2022-10-19 00:00:00-04:00,18.368914462705508,18.368914462705508,18.27474021911621,18.27474021911621,100,0.0,0.0,0.0
2022-10-20 00:00:00-04:00,18.44501809295761,18.44501809295761,18.170103073120117,18.170103073120117,300,0.0,0.0,0.0
2022-10-21 00:00:00-04:00,18.235740112631508,18.554412841796875,18.235740112631508,18.554412841796875,300,0.0,0.0,0.0
2022-10-24 00:00:00-04:00,18.549656150103697,18.578194735823757,18.49258079305646,18.551559448242188,800,0.0,0.0,0.0
2022-10-25 00:00:00-04:00,18.654294693814816,18.974870681762695,18.654294693814816,18.974870681762695,3300,0.0,0.0,0.0
2022-10-26 00:00:00-04:00,19.091878244285514,19.1774921945248,19.091878244285514,19.0947322845459,1000,0.0,0.0,0.0
2022-10-27 00:00:00-04:00,19.120416215111348,19.282131247631323,19.120416215111348,19.144197463989258,1600,0.0,0.0,0.0
2022-10-28 00:00:00-04:00,19.158465937357143,19.367745282975402,19.158465937357143,19.33920669555664,500,0.0,0.0,0.0
2022-10-31 00:00:00-04:00,19.206029153938946,19.443845259014587,19.206029153938946,19.37440299987793,1400,0.0,0.0,0.0
2022-11-01 00:00:00-04:00,19.244080419378843,19.35823295782943,19.197468662042827,19.325889587402344,3000,0.0,0.0,0.0
2022-11-02 00:00:00-04:00,19.16797723442331,19.32969225447006,18.880695343017578,18.880695343017578,2300,0.0,0.0,0.0
2022-11-03 00:00:00-04:00,18.625758134219318,18.644783858955343,18.561071395874023,18.561071395874023,1000,0.0,0.0,0.0
2022-11-04 00:00:00-04:00,18.920650482177734,18.920650482177734,18.920650482177734,18.920650482177734,100,0.0,0.0,0.0
2022-11-07 00:00:00-05:00,19.110904561689825,19.177492788517725,19.110904561689825,19.174638748168945,1500,0.0,0.0,0.0
2022-11-08 00:00:00-05:00,19.45335804248367,19.55799589450775,19.32017979039129,19.410551071166992,2800,0.0,0.0,0.0
2022-11-09 00:00:00-05:00,19.120415283373216,19.120415283373216,18.977725982666016,18.977725982666016,400,0.0,0.0,0.0
2022-11-10 00:00:00-05:00,19.491408797723622,19.89284324645996,19.491408797723622,19.89284324645996,300,0.0,0.0,0.0
2022-11-11 00:00:00-05:00,20.043140645643124,20.043140645643124,19.989870071411133,19.989870071411133,400,0.0,0.0,0.0
2022-11-14 00:00:00-05:00,20.128752097821422,20.128752097821422,20.011747360229492,20.011747360229492,300,0.0,0.0,0.0
2022-11-15 00:00:00-05:00,19.995578609079434,20.109729323791772,19.986065747121255,20.067874908447266,700,0.0,0.0,0.0
2022-11-16 00:00:00-05:00,19.938499450683594,19.938499450683594,19.938499450683594,19.938499450683594,100,0.0,0.0,0.0
2022-11-17 00:00:00-05:00,19.738739302038486,19.833866119384766,19.738739302038486,19.833866119384766,200,0.0,0.0,0.0
2022-11-18 00:00:00-05:00,19.967039310097764,19.967039310097764,19.922330856323242,19.922330856323242,100,0.0,0.0,0.0
2022-11-21 00:00:00-05:00,19.776787021233794,19.967038805617126,19.776787021233794,19.927085876464844,200,0.0,0.0,0.0
2022-11-22 00:00:00-05:00,20.227685928344727,20.227685928344727,20.227685928344727,20.227685928344727,100,0.0,0.0,0.0
2022-11-23 00:00:00-05:00,20.147782521776893,20.414135422171228,20.147782521776893,20.37133026123047,900,0.0,0.0,0.0
2022-11-25 00:00:00-05:00,20.575850464150808,20.575850464150808,20.547313690185547,20.547313690185547,200,0.0,0.0,0.0
2022-11-28 00:00:00-05:00,20.376082697643415,20.376082697643415,20.157292329934023,20.202953338623047,1300,0.0,0.0,0.0
2022-11-29 00:00:00-05:00,20.11924217248128,20.309495782733567,20.11924217248128,20.25242042541504,600,0.0,0.0,0.0
2022-11-30 00:00:00-05:00,20.114487502386734,20.575849533081055,20.109730164012426,20.575849533081055,200,0.0,0.0,0.0
2022-12-01 00:00:00-05:00,20.64243928433652,20.64243928433652,20.51687240600586,20.51687240600586,300,0.0,0.0,0.0
2022-12-02 00:00:00-05:00,20.691904067993164,20.691904067993164,20.691904067993164,20.691904067993164,200,0.0,0.0,0.0
2022-12-05 00:00:00-05:00,20.264787673950195,20.264787673950195,20.264787673950195,20.264787673950195,100,0.0,0.0,0.0
2022-12-06 00:00:00-05:00,20.25242039208237,20.25242039208237,20.095460891723633,20.095460891723633,200,0.0,0.0,0.0
2022-12-07 00:00:00-05:00,20.14778023911622,20.14778023911622,19.786298751831055,19.786298751831055,200,0.0,0.0,0.0
2022-12-08 00:00:00-05:00,20.166807174682617,20.166807174682617,20.166807174682617,20.166807174682617,200,0.0,0.0,0.0
2022-12-09 00:00:00-05:00,20.119245529174805,20.119245529174805,20.119245529174805,20.119245529174805,100,0.0,0.0,0.0
2022-12-12 00:00:00-05:00,20.15253524882688,20.270492553710938,20.15253524882688,20.270492553710938,400,0.0,0.0,0.0
2022-12-13 00:00:00-05:00,20.420873078026744,20.440030058108388,20.353825474651167,20.392139434814453,500,0.146,0.0,0.0
2022-12-14 00:00:00-05:00,20.38255951461214,20.38255951461214,20.258040979728598,20.273366928100586,500,0.0,0.0,0.0
2022-12-15 00:00:00-05:00,20.018585175600702,20.018585175600702,19.81073760986328,19.81073760986328,500,0.0,0.0,0.0
2022-12-16 00:00:00-05:00,19.57798504033145,19.631623120264486,19.491780461321905,19.626832962036133,700,0.0,0.0,0.0
2022-12-19 00:00:00-05:00,19.424734115600586,19.424734115600586,19.424734115600586,19.424734115600586,200,0.0,0.0,0.0
2022-12-20 00:00:00-05:00,19.597140512798834,19.616297492205174,19.56744956970215,19.56744956970215,400,0.0,0.0,0.0
2022-12-21 00:00:00-05:00,19.712082898718958,19.759973526000977,19.712082898718958,19.759973526000977,500,0.0,0.0,0.0
2022-12-22 00:00:00-05:00,19.544462203979492,19.544462203979492,19.544462203979492,19.544462203979492,100,0.0,0.0,0.0
2022-12-23 00:00:00-05:00,19.691009521484375,19.691009521484375,19.691009521484375,19.691009521484375,100,0.0,0.0,0.0
2022-12-27 00:00:00-05:00,19.72165870666504,19.72165870666504,19.72165870666504,19.72165870666504,100,0.0,0.0,0.0
2022-12-28 00:00:00-05:00,19.501358032226562,19.501358032226562,19.501358032226562,19.501358032226562,100,0.0,0.0,0.0
2022-12-29 00:00:00-05:00,19.740816116333008,19.740816116333008,19.702502157355557,19.740816116333008,2600,0.0,0.0,0.0
2022-12-30 00:00:00-05:00,19.625875929698857,19.627792358398438,19.625875929698857,19.627792358398438,600,0.0,0.0,0.0
2023-01-03 00:00:00-05:00,19.62587547302246,19.62587547302246,19.62587547302246,19.62587547302246,400,0.0,0.0,0.0
2023-01-04 00:00:00-05:00,19.827020670545902,19.827020670545902,19.758056640625,19.758056640625,800,0.0,0.0,0.0
2023-01-05 00:00:00-05:00,19.61629867553711,19.61629867553711,19.61629867553711,19.61629867553711,100,0.0,0.0,0.0
2023-01-06 00:00:00-05:00,20.143104553222656,20.143104553222656,20.143104553222656,20.143104553222656,100,0.0,0.0,0.0
2023-01-09 00:00:00-05:00,20.33945784639071,20.33945784639071,20.293481826782227,20.293481826782227,500,0.0,0.0,0.0
2023-01-10 00:00:00-05:00,20.35382560869049,20.401716232299805,20.35382560869049,20.401716232299805,700,0.0,0.0,0.0
2023-01-11 00:00:00-05:00,20.508995056152344,20.508995056152344,20.508995056152344,20.508995056152344,200,0.0,0.0,0.0
2023-01-12 00:00:00-05:00,20.612440022278612,20.74174690246582,20.612440022278612,20.74174690246582,100,0.0,0.0,0.0
2023-01-13 00:00:00-05:00,20.689064488590624,20.890207290649414,20.689064488590624,20.890207290649414,100,0.0,0.0,0.0
2023-01-17 00:00:00-05:00,20.832738876342773,20.832738876342773,20.832738876342773,20.832738876342773,100,0.0,0.0,0.0
2023-01-18 00:00:00-05:00,20.69385305424235,20.69864321257994,20.60573387145996,20.60573387145996,600,0.0,0.0,0.0
2023-01-19 00:00:00-05:00,20.468765043769192,20.507077176115523,20.449608064140964,20.459186553955078,1000,0.0,0.0,0.0
2023-01-20 00:00:00-05:00,20.73025131225586,20.73025131225586,20.73025131225586,20.73025131225586,100,0.0,0.0,0.0
2023-01-23 00:00:00-05:00,20.708222053454723,20.756112676181907,20.693853405108445,20.70247459411621,2100,0.0,0.0,0.0
2023-01-24 00:00:00-05:00,20.545390899091316,20.717798233032227,20.545390899091316,20.717798233032227,300,0.0,0.0,0.0
2023-01-25 00:00:00-05:00,20.670863652793592,20.720670700073242,20.670863652793592,20.720670700073242,100,0.0,0.0,0.0
2023-01-26 00:00:00-05:00,20.717796667188317,20.90936279296875,20.717796667188317,20.90936279296875,300,0.0,0.0,0.0
2023-01-27 00:00:00-05:00,20.925647735595703,20.925647735595703,20.925647735595703,20.925647735595703,100,0.0,0.0,0.0
2023-01-30 00:00:00-05:00,20.880628205113336,20.900742484745205,20.801128387451172,20.801128387451172,500,0.0,0.0,0.0
2023-01-31 00:00:00-05:00,21.03388181679281,21.22257423400879,21.03388181679281,21.22257423400879,500,0.0,0.0,0.0
2023-02-01 00:00:00-05:00,21.27908706665039,21.27908706665039,21.27908706665039,21.27908706665039,100,0.0,0.0,0.0
2023-02-02 00:00:00-05:00,21.177557152811012,21.195755004882812,21.177557152811012,21.195755004882812,700,0.0,0.0,0.0
2023-02-03 00:00:00-05:00,20.97641415507508,21.110511197961483,20.97641415507508,20.99557113647461,700,0.0,0.0,0.0
2023-02-06 00:00:00-05:00,20.813580824216704,20.862430572509766,20.813580824216704,20.862430572509766,2600,0.0,0.0,0.0
2023-02-07 00:00:00-05:00,20.660329710444557,20.858600616455078,20.61722741900358,20.858600616455078,400,0.0,0.0,0.0
2023-02-08 00:00:00-05:00,20.832739335736115,20.842317825924297,20.73120880126953,20.73120880126953,2300,0.0,0.0,0.0
2023-02-09 00:00:00-05:00,20.44002914428711,20.44002914428711,20.44002914428711,20.44002914428711,100,0.0,0.0,0.0
2023-02-10 00:00:00-05:00,20.4879207611084,20.4879207611084,20.4879207611084,20.4879207611084,100,0.0,0.0,0.0
2023-02-13 00:00:00-05:00,20.487921535475515,20.577957153320312,20.487921535475515,20.577957153320312,300,0.0,0.0,0.0
2023-02-14 00:00:00-05:00,20.574123598137483,20.583702087402344,20.574123598137483,20.583702087402344,300,0.0,0.0,0.0
2023-02-15 00:00:00-05:00,20.654579162597656,20.654579162597656,20.654579162597656,20.654579162597656,100,0.0,0.0,0.0
2023-02-16 00:00:00-05:00,20.55975914001465,20.55975914001465,20.55975914001465,20.55975914001465,200,0.0,0.0,0.0
2023-02-17 00:00:00-05:00,20.631595611572266,20.631595611572266,20.631595611572266,20.631595611572266,0,0.0,0.0,0.0
2023-02-21 00:00:00-05:00,20.3250904649265,20.3250904649265,20.2388858795166,20.2388858795166,300,0.0,0.0,0.0
2023-02-22 00:00:00-05:00,20.37298350062313,20.405550003051758,20.37298350062313,20.405550003051758,1100,0.0,0.0,0.0
2023-02-23 00:00:00-05:00,20.514738082885742,20.514738082885742,20.514738082885742,20.514738082885742,100,0.0,0.0,0.0
2023-02-24 00:00:00-05:00,20.219729732812333,20.242717742919922,20.219729732812333,20.242717742919922,600,0.0,0.0,0.0
2023-02-27 00:00:00-05:00,20.411294722403706,20.411294722403706,20.401716232299805,20.401716232299805,1600,0.0,0.0,0.0
2023-02-28 00:00:00-05:00,20.181415557861328,20.181415557861328,20.181415557861328,20.181415557861328,100,0.0,0.0,0.0
2023-03-01 00:00:00-05:00,20.200571060180664,20.200571060180664,20.200571060180664,20.200571060180664,100,0.0,0.0,0.0
2023-03-02 00:00:00-05:00,20.478342056274414,20.478342056274414,20.478342056274414,20.478342056274414,100,0.0,0.0,0.0
2023-03-03 00:00:00-05:00,20.667034149169922,20.667034149169922,20.667034149169922,20.667034149169922,100,0.0,0.0,0.0
2023-03-06 00:00:00-05:00,20.430450439453125,20.430450439453125,20.430450439453125,20.430450439453125,100,0.0,0.0,0.0
2023-03-07 00:00:00-05:00,20.210151348244874,20.210151348244874,20.033911154442542,20.04444694519043,1200,0.0,0.0,0.0
2023-03-08 00:00:00-05:00,20.114370073479083,20.16513442993164,20.114370073479083,20.16513442993164,100,0.0,0.0,0.0
2023-03-09 00:00:00-05:00,19.83180809020996,19.83180809020996,19.83180809020996,19.83180809020996,100,0.0,0.0,0.0
2023-03-10 00:00:00-05:00,19.616298356399987,19.616298356399987,19.450593948364258,19.450593948364258,700,0.0,0.0,0.0
2023-03-13 00:00:00-04:00,19.309793067634356,19.434311606467524,19.247533798217773,19.247533798217773,1200,0.0,0.0,0.0
2023-03-14 00:00:00-04:00,19.405576411434726,19.473581314086914,19.405576411434726,19.473581314086914,100,0.0,0.0,0.0
2023-03-15 00:00:00-04:00,18.993710450212266,18.993710450212266,18.720729885364708,18.96306037902832,4400,0.0,0.0,0.0
2023-03-16 00:00:00-04:00,19.137383150524578,19.137383150524578,19.114395141601562,19.114395141601562,100,0.0,0.0,0.0
2023-03-17 00:00:00-04:00,18.80214500427246,18.80214500427246,18.80214500427246,18.80214500427246,100,0.0,0.0,0.0
2023-03-20 00:00:00-04:00,19.12780841707711,19.174741744995117,19.12780841707711,19.174741744995117,2100,0.0,0.0,0.0
2023-03-21 00:00:00-04:00,19.444848475033602,19.52051544189453,19.444848475033602,19.52051544189453,200,0.0,0.0,0.0
2023-03-22 00:00:00-04:00,19.273395538330078,19.273395538330078,19.273395538330078,19.273395538330078,0,0.0,0.0,0.0
2023-03-23 00:00:00-04:00,19.21017837524414,19.21017837524414,19.21017837524414,19.21017837524414,300,0.0,0.0,0.0
2023-03-24 00:00:00-04:00,19.21401023864746,19.21401023864746,19.21401023864746,19.21401023864746,100,0.0,0.0,0.0
2023-03-27 00:00:00-04:00,19.348108368370845,19.443889617919922,19.348108368370845,19.443889617919922,200,0.0,0.0,0.0
2023-03-28 00:00:00-04:00,19.491780373418987,19.491780373418987,19.415154284301632,19.453466415405273,1000,0.0,0.0,0.0
2023-03-29 00:00:00-04:00,19.683346438106792,19.712081909179688,19.683346438106792,19.712081909179688,700,0.0,0.0,0.0
2023-03-30 00:00:00-04:00,19.858627319335938,19.858627319335938,19.858627319335938,19.858627319335938,100,0.0,0.0,0.0
2023-03-31 00:00:00-04:00,20.0885066986084,20.0885066986084,20.0885066986084,20.0885066986084,100,0.0,0.0,0.0
2023-04-03 00:00:00-04:00,20.146934509277344,20.146934509277344,20.146934509277344,20.146934509277344,100,0.0,0.0,0.0
2023-04-04 00:00:00-04:00,19.9323787689209,19.9323787689209,19.9323787689209,19.9323787689209,100,0.0,0.0,0.0
2023-04-05 00:00:00-04:00,19.774337768554688,19.774337768554688,19.774337768554688,19.774337768554688,100,0.0,0.0,0.0
2023-04-06 00:00:00-04:00,19.73123767877185,19.73123767877185,19.654611587524414,19.654611587524414,200,0.0,0.0,0.0
2023-04-10 00:00:00-04:00,19.779129831461233,19.82606315612793,19.779129831461233,19.82606315612793,200,0.0,0.0,0.0
2023-04-11 00:00:00-04:00,20.028162002563477,20.047318980618922,19.99942653548031,20.028162002563477,1300,0.0,0.0,0.0
2023-04-12 00:00:00-04:00,20.095210436006422,20.095210436006422,20.0578556060791,20.0578556060791,200,0.0,0.0,0.0
2023-04-13 00:00:00-04:00,20.27720069885254,20.27720069885254,20.27720069885254,20.27720069885254,100,0.0,0.0,0.0
2023-04-14 00:00:00-04:00,20.193866729736328,20.193866729736328,20.193866729736328,20.193866729736328,100,0.0,0.0,0.0
2023-04-17 00:00:00-04:00,20.219729627558426,20.337541580200195,20.219729627558426,20.337541580200195,300,0.0,0.0,0.0
2023-04-18 00:00:00-04:00,20.344243602660924,20.359569549560547,20.305931475776674,20.359569549560547,400,0.0,0.0,0.0
2023-04-19 00:00:00-04:00,20.305934045312334,20.305934045312334,20.267620086669922,20.267620086669922,1100,0.0,0.0,0.0
2023-04-20 00:00:00-04:00,20.229307174682617,20.277197794228364,20.190993217517995,20.229307174682617,1200,0.0,0.0,0.0
2023-04-21 00:00:00-04:00,20.143103212116532,20.19769859313965,20.143103212116532,20.19769859313965,400,0.0,0.0,0.0
2023-04-24 00:00:00-04:00,20.275284269955776,20.27720069885254,20.275284269955776,20.27720069885254,700,0.0,0.0,0.0
2023-04-25 00:00:00-04:00,19.98985215559591,19.98985215559591,19.856714248657227,19.856714248657227,500,0.0,0.0,0.0
2023-04-26 00:00:00-04:00,19.894070809436673,19.903649300390025,19.804035186767578,19.804035186767578,900,0.0,0.0,0.0
2023-04-27 00:00:00-04:00,19.827022552490234,19.827022552490234,19.827022552490234,19.827022552490234,100,0.0,0.0,0.0
2023-04-28 00:00:00-04:00,20.025291442871094,20.025291442871094,20.025291442871094,20.025291442871094,100,0.0,0.0,0.0
2023-05-01 00:00:00-04:00,20.009009176552887,20.099044799804688,20.009009176552887,20.099044799804688,300,0.0,0.0,0.0
2023-05-02 00:00:00-04:00,19.9228031297132,19.9228031297132,19.841388702392578,19.841388702392578,300,0.0,0.0,0.0
2023-05-03 00:00:00-04:00,19.79157829284668,19.79157829284668,19.79157829284668,19.79157829284668,0,0.0,0.0,0.0
2023-05-04 00:00:00-04:00,19.482202529907227,19.482202529907227,19.482202529907227,19.482202529907227,100,0.0,0.0,0.0
2023-05-05 00:00:00-04:00,19.720701217651367,19.720701217651367,19.720701217651367,19.720701217651367,100,0.0,0.0,0.0
2023-05-08 00:00:00-04:00,19.88449086533918,19.88449086533918,19.702503204345703,19.702503204345703,1700,0.0,0.0,0.0
2023-05-09 00:00:00-04:00,19.520513663243204,19.520513663243204,19.434310913085938,19.434310913085938,700,0.0,0.0,0.0
2023-05-10 00:00:00-04:00,19.458257702221026,19.458257702221026,19.441017150878906,19.441017150878906,300,0.0,0.0,0.0
2023-05-11 00:00:00-04:00,19.231252670288086,19.231252670288086,19.231252670288086,19.231252670288086,100,0.0,0.0,0.0
2023-05-12 00:00:00-04:00,19.233167513997614,19.233167513997614,19.12014389038086,19.12014389038086,500,0.0,0.0,0.0
2023-05-15 00:00:00-04:00,19.24274444580078,19.24274444580078,19.24274444580078,19.24274444580078,100,0.0,0.0,0.0
2023-05-16 00:00:00-04:00,19.10865079852819,19.10865079852819,18.86919403076172,18.86919403076172,500,0.0,0.0,0.0
2023-05-17 00:00:00-04:00,18.840457651325018,18.917083740234375,18.840457651325018,18.917083740234375,500,0.0,0.0,0.0
2023-05-18 00:00:00-04:00,18.986047744750977,18.986047744750977,18.986047744750977,18.986047744750977,100,0.0,0.0,0.0
2023-05-19 00:00:00-04:00,19.06075859106125,19.146005873772413,18.98413249747859,19.034896850585938,4100,0.0,0.0,0.0
2023-05-22 00:00:00-04:00,19.021486818441208,19.021486818441208,18.945819854736328,18.945819854736328,300,0.0,0.0,0.0
2023-05-23 00:00:00-04:00,18.926662091849018,18.94485994288653,18.855783462524414,18.855783462524414,2200,0.0,0.0,0.0
2023-05-24 00:00:00-04:00,18.744674188019317,18.744674188019317,18.586633682250977,18.586633682250977,500,0.0,0.0,0.0
2023-05-25 00:00:00-04:00,18.485105514526367,18.485105514526367,18.485105514526367,18.485105514526367,100,0.0,0.0,0.0
2023-05-26 00:00:00-04:00,18.476484298706055,18.476484298706055,18.476484298706055,18.476484298706055,100,0.0,0.0,0.0
2023-05-30 00:00:00-04:00,18.22744998110425,18.256183624267578,18.22744998110425,18.256183624267578,600,0.0,0.0,0.0
2023-05-31 00:00:00-04:00,18.160398872478513,18.160398872478513,17.987991548702578,17.997570037841797,1900,0.0,0.0,0.0
2023-06-01 00:00:00-04:00,18.016727121925715,18.153696060180664,18.016727121925715,18.153696060180664,400,0.0,0.0,0.0
2023-06-02 00:00:00-04:00,18.62015724182129,18.62015724182129,18.62015724182129,18.62015724182129,100,0.0,0.0,0.0
2023-06-05 00:00:00-04:00,18.533953975345415,18.601001577236044,18.505218505859375,18.505218505859375,2500,0.0,0.0,0.0
2023-06-06 00:00:00-04:00,18.706362126234286,18.803102493286133,18.706362126234286,18.803102493286133,2900,0.0,0.0,0.0
2023-06-07 00:00:00-04:00,18.958398818969727,18.958398818969727,18.958398818969727,18.958398818969727,100,0.258,0.0,0.0
2023-06-08 00:00:00-04:00,18.945778043765944,18.945778043765944,18.877837539146565,18.8817195892334,500,0.0,0.0,0.0
2023-06-09 00:00:00-04:00,18.6060733795166,18.6060733795166,18.6060733795166,18.6060733795166,500,0.0,0.0,0.0
2023-06-12 00:00:00-04:00,18.720603942871094,18.720603942871094,18.720603942871094,18.720603942871094,200,0.0,0.0,0.0
2023-06-13 00:00:00-04:00,19.00498390197754,19.00498390197754,19.00498390197754,19.00498390197754,100,0.0,0.0,0.0
2023-06-14 00:00:00-04:00,19.16901298571033,19.17871903721899,18.936073303222656,18.936073303222656,1800,0.0,0.0,0.0
2023-06-15 00:00:00-04:00,18.965191433394562,19.188425064086914,18.965191433394562,19.188425064086914,900,0.0,0.0,0.0
2023-06-16 00:00:00-04:00,19.217542446097553,19.263160705566406,19.217542446097553,19.263160705566406,300,0.0,0.0,0.0
2023-06-20 00:00:00-04:00,18.848719981335787,18.877838134765625,18.848719981335787,18.877838134765625,200,0.0,0.0,0.0
2023-06-21 00:00:00-04:00,19.01371955871582,19.01371955871582,19.01371955871582,19.01371955871582,100,0.0,0.0,0.0
2023-06-22 00:00:00-04:00,18.829306988328455,18.85842514038086,18.81960093764432,18.85842514038086,3000,0.0,0.0,0.0
2023-06-23 00:00:00-04:00,18.66430925366452,18.703133459364174,18.57792854309082,18.57792854309082,600,0.0,0.0,0.0
2023-06-26 00:00:00-04:00,18.547839515967233,18.70313262939453,18.547839515967233,18.70313262939453,600,0.0,0.0,0.0
2023-06-27 00:00:00-04:00,18.722545813373895,18.809896574889876,18.722545813373895,18.777868270874023,1000,0.0,0.0,0.0
2023-06-28 00:00:00-04:00,18.707015991210938,18.707015991210938,18.707015991210938,18.707015991210938,100,0.0,0.0,0.0
2023-06-29 00:00:00-04:00,18.75748562380307,18.80019187927246,18.75748562380307,18.80019187927246,4900,0.0,0.0,0.0
2023-06-30 00:00:00-04:00,18.94577949450613,19.062248410989213,18.94577949450613,19.023426055908203,4700,0.0,0.0,0.0
2023-07-03 00:00:00-04:00,18.965192004194638,19.130189330875794,18.965192004194638,19.108837127685547,300,0.0,0.0,0.0
2023-07-05 00:00:00-04:00,18.877838134765625,18.877838134765625,18.877838134765625,18.877838134765625,200,0.0,0.0,0.0
2023-07-06 00:00:00-04:00,18.644896248947255,18.741954907261572,18.644896248947255,18.70992660522461,800,0.0,0.0,0.0
2023-07-07 00:00:00-04:00,18.95742416381836,18.95742416381836,18.95742416381836,18.95742416381836,100,0.0,0.0,0.0
2023-07-10 00:00:00-04:00,18.94577992619984,18.94577992619984,18.829309155822834,18.90695571899414,700,0.0,0.0,0.0
2023-07-11 00:00:00-04:00,19.08166084185406,19.166101455688477,19.071954790107103,19.166101455688477,2000,0.0,0.0,0.0
2023-07-12 00:00:00-04:00,19.314599544904233,19.314599544904233,19.304893493652344,19.304893493652344,400,0.0,0.0,0.0
2023-07-13 00:00:00-04:00,19.431070469693505,19.518423080444336,19.431070469693505,19.518423080444336,2000,0.0,0.0,0.0
2023-07-14 00:00:00-04:00,19.304895273834177,19.401953944063262,19.304895273834177,19.343719482421875,900,0.0,0.0,0.0
2023-07-17 00:00:00-04:00,19.285482496544283,19.372833251953125,19.285482496544283,19.372833251953125,300,0.0,0.0,0.0
2023-07-18 00:00:00-04:00,19.5960693359375,19.5960693359375,19.5960693359375,19.5960693359375,100,0.0,0.0,0.0
2023-07-19 00:00:00-04:00,19.761068539058464,19.765920639038086,19.761068539058464,19.765920639038086,200,0.0,0.0,0.0
2023-07-20 00:00:00-04:00,19.747481922822914,19.781452178955078,19.747481922822914,19.781452178955078,300,0.0,0.0,0.0
2023-07-21 00:00:00-04:00,19.76106949930962,19.829010009765625,19.76106949930962,19.829010009765625,400,0.0,0.0,0.0
2023-07-24 00:00:00-04:00,19.77077453865065,19.9066555526051,19.77077453865065,19.848421096801758,1100,0.0,0.0,0.0
2023-07-25 00:00:00-04:00,19.82027180273612,20.188122419307543,19.82027180273612,20.159006118774414,600,0.0,0.0,0.0
2023-07-26 00:00:00-04:00,20.061949667316046,20.129890177674415,20.061949667316046,20.081361770629883,900,0.0,0.0,0.0
2023-07-27 00:00:00-04:00,20.197828545565535,20.197828545565535,20.00080108642578,20.00080108642578,900,0.0,0.0,0.0
2023-07-28 00:00:00-04:00,20.217241712746574,20.217241712746574,20.100770950317383,20.100770950317383,100,0.0,0.0,0.0
2023-07-31 00:00:00-04:00,20.168712244230047,20.168712244230047,20.081359639826694,20.101741790771484,2400,0.0,0.0,0.0
2023-08-01 00:00:00-04:00,20.02312427812902,20.02312427812902,19.969743774028696,19.988183975219727,1700,0.0,0.0,0.0
2023-08-02 00:00:00-04:00,19.877537369429636,19.945477876305503,19.873655319213867,19.873655319213867,600,0.0,0.0,0.0
2023-08-03 00:00:00-04:00,19.770774965421293,19.79018521694808,19.731950759887695,19.731950759887695,500,0.0,0.0,0.0
2023-08-04 00:00:00-04:00,19.780479612250357,19.780479612250357,19.741657257080078,19.741657257080078,900,0.0,0.0,0.0
2023-08-07 00:00:00-04:00,19.81930160522461,19.81930160522461,19.81930160522461,19.81930160522461,100,0.0,0.0,0.0
2023-08-08 00:00:00-04:00,19.566951485865907,19.63489199395211,19.518423080444336,19.518423080444336,900,0.0,0.0,0.0
2023-08-09 00:00:00-04:00,19.528128805684076,19.528128805684076,19.520362854003906,19.520362854003906,200,0.0,0.0,0.0
2023-08-10 00:00:00-04:00,19.644597222157923,19.654303273083546,19.492216110229492,19.492216110229492,800,0.0,0.0,0.0
2023-08-11 00:00:00-04:00,19.470864808042222,19.470864808042222,19.410688400268555,19.410688400268555,3000,0.0,0.0,0.0
2023-08-14 00:00:00-04:00,19.275777370922498,19.275777370922498,19.266071319580078,19.266071319580078,200,0.0,0.0,0.0
2023-08-15 00:00:00-04:00,19.14959952710977,19.14959952710977,18.95742416381836,18.95742416381836,1400,0.0,0.0,0.0
2023-08-16 00:00:00-04:00,18.9554837692145,18.9554837692145,18.732248306274414,18.732248306274414,1000,0.0,0.0,0.0
2023-08-17 00:00:00-04:00,18.829307410341922,18.829307410341922,18.741954803466797,18.741954803466797,500,0.0,0.0,0.0
2023-08-18 00:00:00-04:00,18.615781157418485,18.674015615696568,18.57695695107306,18.6448974609375,900,0.0,0.0,0.0
2023-08-21 00:00:00-04:00,18.630338668823242,18.630338668823242,18.630338668823242,18.630338668823242,0,0.0,0.0,0.0
2023-08-22 00:00:00-04:00,18.478927612304688,18.478927612304688,18.478927612304688,18.478927612304688,100,0.0,0.0,0.0
2023-08-23 00:00:00-04:00,18.615779876708984,18.615779876708984,18.615779876708984,18.615779876708984,100,0.0,0.0,0.0
2023-08-24 00:00:00-04:00,18.476987838745117,18.476987838745117,18.476987838745117,18.476987838745117,100,0.0,0.0,0.0
2023-08-25 00:00:00-04:00,18.59539794921875,18.59539794921875,18.59539794921875,18.59539794921875,100,0.0,0.0,0.0
2023-08-28 00:00:00-04:00,18.703132773698265,18.790485382080078,18.703132773698265,18.790485382080078,600,0.0,0.0,0.0
2023-08-29 00:00:00-04:00,18.78077931798071,19.071953444891438,18.78077931798071,19.042837142944336,400,0.0,0.0,0.0
2023-08-30 00:00:00-04:00,19.120484679228074,19.149600982666016,19.120484679228074,19.149600982666016,600,0.0,0.0,0.0
2023-08-31 00:00:00-04:00,19.12048508620585,19.12048508620585,19.090396881103516,19.090396881103516,100,0.0,0.0,0.0
2023-09-01 00:00:00-04:00,19.23695257577612,19.23695257577612,19.16901206970215,19.16901206970215,400,0.0,0.0,0.0
2023-09-05 00:00:00-04:00,19.12048443243021,19.12048443243021,18.89919090270996,18.89919090270996,700,0.0,0.0,0.0
2023-09-06 00:00:00-04:00,18.780780792236328,18.780780792236328,18.780780792236328,18.780780792236328,100,0.0,0.0,0.0
2023-09-07 00:00:00-04:00,18.722546207292027,18.722546207292027,18.592487335205078,18.592487335205078,300,0.0,0.0,0.0
2023-09-08 00:00:00-04:00,18.615779876708984,18.615779876708984,18.615779876708984,18.615779876708984,300,0.0,0.0,0.0
2023-09-11 00:00:00-04:00,18.707984282725985,18.707984282725985,18.683720081439624,18.69342613220215,600,0.0,0.0,0.0
2023-09-12 00:00:00-04:00,18.567250190049478,18.64489674853347,18.567250190049478,18.58666229248047,300,0.0,0.0,0.0
2023-09-13 00:00:00-04:00,18.543956756591797,18.543956756591797,18.543956756591797,18.543956756591797,200,0.0,0.0,0.0
2023-09-14 00:00:00-04:00,18.771074295043945,18.771074295043945,18.771074295043945,18.771074295043945,100,0.0,0.0,0.0
2023-09-15 00:00:00-04:00,18.756513595581055,18.756513595581055,18.756513595581055,18.756513595581055,100,0.0,0.0,0.0
2023-09-18 00:00:00-04:00,18.615779876708984,18.615779876708984,18.615779876708984,18.615779876708984,100,0.0,0.0,0.0
2023-09-19 00:00:00-04:00,18.654603958129883,18.654603958129883,18.654603958129883,18.654603958129883,100,0.0,0.0,0.0
2023-09-20 00:00:00-04:00,18.800192592561483,18.809896792989075,18.580839157104492,18.580839157104492,4800,0.0,0.0,0.0
2023-09-21 00:00:00-04:00,18.421663447198696,18.421663447198696,18.256664276123047,18.256664276123047,300,0.0,0.0,0.0
2023-09-22 00:00:00-04:00,18.155723571777344,18.155723571777344,18.155723571777344,18.155723571777344,100,0.0,0.0,0.0
2023-09-25 00:00:00-04:00,18.07225400250609,18.11107635498047,18.043135849720358,18.11107635498047,2000,0.0,0.0,0.0
2023-09-26 00:00:00-04:00,17.859696694523066,17.89560890197754,17.859696694523066,17.89560890197754,200,0.0,0.0,0.0
2023-09-27 00:00:00-04:00,17.884931564331055,17.884931564331055,17.884931564331055,17.884931564331055,100,0.0,0.0,0.0
2023-09-28 00:00:00-04:00,18.023725509643555,18.023725509643555,18.023725509643555,18.023725509643555,100,0.0,0.0,0.0
2023-09-29 00:00:00-04:00,18.068370819091797,18.068370819091797,18.068370819091797,18.068370819091797,100,0.0,0.0,0.0
2023-10-02 00:00:00-04:00,17.713138580322266,17.713138580322266,17.713138580322266,17.713138580322266,100,0.0,0.0,0.0
2023-10-03 00:00:00-04:00,17.476316452026367,17.476316452026367,17.476316452026367,17.476316452026367,100,0.0,0.0,0.0
2023-10-04 00:00:00-04:00,17.596668243408203,17.596668243408203,17.596668243408203,17.596668243408203,100,0.0,0.0,0.0
2023-10-05 00:00:00-04:00,17.49961075087015,17.57725731058394,17.101671900931983,17.513198852539062,44800,0.0,0.0,0.0
2023-10-06 00:00:00-04:00,17.383142470821422,17.509319305419922,17.383142470821422,17.509319305419922,300,0.0,0.0,0.0
2023-10-09 00:00:00-04:00,17.673343658447266,17.673343658447266,17.673343658447266,17.673343658447266,0,0.0,0.0,0.0
2023-10-10 00:00:00-04:00,17.96549091885584,17.96549091885584,17.885902404785156,17.885902404785156,300,0.0,0.0,0.0
2023-10-11 00:00:00-04:00,17.94607897343659,17.94607897343659,17.82184410095215,17.82184410095215,200,0.0,0.0,0.0
2023-10-12 00:00:00-04:00,17.5685214595791,17.5685214595791,17.499610900878906,17.499610900878906,500,0.0,0.0,0.0
2023-10-13 00:00:00-04:00,17.43166732788086,17.43166732788086,17.43166732788086,17.43166732788086,100,0.0,0.0,0.0
2023-10-16 00:00:00-04:00,17.626754760742188,17.626754760742188,17.626754760742188,17.626754760742188,100,0.0,0.0,0.0
2023-10-17 00:00:00-04:00,17.713138580322266,17.713138580322266,17.713138580322266,17.713138580322266,100,0.0,0.0,0.0
2023-10-18 00:00:00-04:00,17.46175738996207,17.463699340820312,17.46175738996207,17.463699340820312,100,0.0,0.0,0.0
2023-10-19 00:00:00-04:00,17.268611907958984,17.268611907958984,17.268611907958984,17.268611907958984,100,0.0,0.0,0.0
2023-10-20 00:00:00-04:00,17.053139474309447,17.053139474309447,16.985198974609375,16.985198974609375,1000,0.0,0.0,0.0
2023-10-23 00:00:00-04:00,16.859025887019424,16.86873008698551,16.713436970168427,16.76487922668457,5600,0.0,0.0,0.0
2023-10-24 00:00:00-04:00,16.839614868164062,16.839614868164062,16.839614868164062,16.839614868164062,100,0.0,0.0,0.0
2023-10-25 00:00:00-04:00,16.775556564331055,16.775556564331055,16.775556564331055,16.775556564331055,100,0.0,0.0,0.0
2023-10-26 00:00:00-04:00,16.90755440535109,16.90755440535109,16.877466201782227,16.877466201782227,500,0.0,0.0,0.0
2023-10-27 00:00:00-04:00,16.91725871797999,16.91725871797999,16.68431906513005,16.737701416015625,800,0.0,0.0,0.0
2023-10-30 00:00:00-04:00,16.946375963892542,16.946375963892542,16.926965713500977,16.926965713500977,300,0.0,0.0,0.0
2023-10-31 00:00:00-04:00,17.02887725830078,17.02887725830078,17.02887725830078,17.02887725830078,100,0.0,0.0,0.0
2023-11-01 00:00:00-04:00,16.89784812927246,16.89784812927246,16.89784812927246,16.89784812927246,100,0.0,0.0,0.0
2023-11-02 00:00:00-04:00,17.09196615781353,17.334611892700195,17.09196615781353,17.334611892700195,5400,0.0,0.0,0.0
2023-11-03 00:00:00-04:00,17.62966903846399,17.722845657339203,17.62966903846399,17.64325714111328,1300,0.0,0.0,0.0
2023-11-06 00:00:00-05:00,17.567549793952434,17.567549793952434,17.41225668747744,17.42196273803711,500,0.0,0.0,0.0
2023-11-07 00:00:00-05:00,17.324904008792895,17.324904008792895,17.20843325382017,17.22687530517578,1700,0.0,0.0,0.0
2023-11-08 00:00:00-05:00,17.285112380981445,17.285112380981445,17.285112380981445,17.285112380981445,100,0.0,0.0,0.0
2023-11-09 00:00:00-05:00,17.474373613447938,17.47534366315548,17.255022048950195,17.255022048950195,700,0.0,0.0,0.0
2023-11-10 00:00:00-05:00,17.20843520345648,17.245317459106445,17.20843520345648,17.245317459106445,100,0.0,0.0,0.0
2023-11-13 00:00:00-05:00,17.26667022705078,17.26667022705078,17.26667022705078,17.26667022705078,100,0.0,0.0,0.0
2023-11-14 00:00:00-05:00,17.49961077853641,17.7335205078125,17.49961077853641,17.7335205078125,700,0.0,0.0,0.0
2023-11-15 00:00:00-05:00,17.887841135903845,17.887841135903845,17.878135085844217,17.882017135620117,500,0.0,0.0,0.0
2023-11-16 00:00:00-05:00,17.6937255859375,17.6937255859375,17.6937255859375,17.6937255859375,100,0.0,0.0,0.0
2023-11-17 00:00:00-05:00,17.839313507080078,17.839313507080078,17.839313507080078,17.839313507080078,200,0.0,0.0,0.0
2023-11-20 00:00:00-05:00,17.751961746098765,17.751961746098765,17.562696529645894,17.606372833251953,1200,0.0,0.0,0.0
2023-11-21 00:00:00-05:00,17.548139126303706,17.548139126303706,17.538433074951172,17.538433074951172,300,0.0,0.0,0.0
2023-11-22 00:00:00-05:00,17.577256458877514,17.577256458877514,17.451079648431506,17.56269645690918,4700,0.0,0.0,0.0
2023-11-24 00:00:00-05:00,17.71022605895996,17.71022605895996,17.71022605895996,17.71022605895996,100,0.0,0.0,0.0
2023-11-27 00:00:00-05:00,17.654903411865234,17.654903411865234,17.654903411865234,17.654903411865234,100,0.0,0.0,0.0
2023-11-28 00:00:00-05:00,17.65490360679492,17.7131380629011,17.567550997015662,17.65975570678711,5700,0.0,0.0,0.0
2023-11-29 00:00:00-05:00,17.693727116551653,17.751963427702947,17.684021064693106,17.727697372436523,2500,0.0,0.0,0.0
2023-11-30 00:00:00-05:00,17.858724101405247,17.858724101405247,17.810195699315184,17.830577850341797,800,0.0,0.0,0.0
2023-12-01 00:00:00-05:00,18.033432006835938,18.033432006835938,18.033432006835938,18.033432006835938,100,0.0,0.0,0.0
2023-12-04 00:00:00-05:00,17.9315185546875,17.9315185546875,17.9315185546875,17.9315185546875,100,0.0,0.0,0.0
2023-12-05 00:00:00-05:00,17.810195476117396,17.810195476117396,17.750019073486328,17.750019073486328,51600,0.0,0.0,0.0
2023-12-06 00:00:00-05:00,17.819902420043945,17.819902420043945,17.819902420043945,17.819902420043945,100,0.0,0.0,0.0
2023-12-07 00:00:00-05:00,17.97131565393959,17.97131565393959,17.96937370300293,17.96937370300293,100,0.0,0.0,0.0
2023-12-08 00:00:00-05:00,17.9703426361084,17.9703426361084,17.9703426361084,17.9703426361084,100,0.0,0.0,0.0
2023-12-11 00:00:00-05:00,17.984900238744693,18.043134689331055,17.984900238744693,18.043134689331055,900,0.0,0.0,0.0
2023-12-12 00:00:00-05:00,17.84902000427246,17.84902000427246,17.84902000427246,17.84902000427246,200,0.0,0.0,0.0
2023-12-13 00:00:00-05:00,17.946076745975798,18.353721618652344,17.946076745975798,18.353721618652344,10100,0.0,0.0,0.0
2023-12-14 00:00:00-05:00,18.58666213388361,18.809895756215276,18.58666213388361,18.75166130065918,900,0.0,0.0,0.0
2023-12-15 00:00:00-05:00,18.50901618248342,18.567250639947485,18.50901618248342,18.5458984375,500,0.0,0.0,0.0
2023-12-18 00:00:00-05:00,18.664310092099278,18.664310092099278,18.597339630126953,18.597339630126953,900,0.0,0.0,0.0
2023-12-19 00:00:00-05:00,18.87589454650879,18.87589454650879,18.87589454650879,18.87589454650879,100,0.0,0.0,0.0
2023-12-20 00:00:00-05:00,18.841559601246278,18.87589710260892,18.620817184448242,18.620817184448242,600,0.208,0.0,0.0
2023-12-21 00:00:00-05:00,18.895517349243164,18.895517349243164,18.895517349243164,18.895517349243164,200,0.0,0.0,0.0
2023-12-22 00:00:00-05:00,18.94456943861643,18.94456943861643,18.914155960083008,18.914155960083008,200,0.0,0.0,0.0
2023-12-26 00:00:00-05:00,19.023056870272065,19.042678833007812,19.023056870272065,19.042678833007812,600,0.0,0.0,0.0
2023-12-27 00:00:00-05:00,19.154521942138672,19.154521942138672,19.154521942138672,19.154521942138672,100,0.0,0.0,0.0
2023-12-28 00:00:00-05:00,19.209461702665767,19.209461702665767,19.1309757232666,19.1309757232666,900,0.0,0.0,0.0
2023-12-29 00:00:00-05:00,19.08192253112793,19.08192253112793,19.08192253112793,19.08192253112793,500,0.0,0.0,0.0
2024-01-02 00:00:00-05:00,18.98381494916453,19.1653134276094,18.98381494916453,19.1044864654541,800,0.0,0.0,0.0
2024-01-03 00:00:00-05:00,18.959287333131147,18.96811590603546,18.835670471191406,18.835670471191406,600,0.0,0.0,0.0
2024-01-04 00:00:00-05:00,18.866085920405453,18.866085920405453,18.822919845581055,18.822919845581055,300,0.0,0.0,0.0
2024-01-05 00:00:00-05:00,18.80722174082724,18.82390022277832,18.80722174082724,18.82390022277832,500,0.0,0.0,0.0
2024-01-08 00:00:00-05:00,18.885707135443113,19.003437042236328,18.885707135443113,19.003437042236328,500,0.0,0.0,0.0
2024-01-09 00:00:00-05:00,18.72677230834961,18.72677230834961,18.72677230834961,18.72677230834961,100,0.0,0.0,0.0
2024-01-10 00:00:00-05:00,18.601193790892953,18.66790771484375,18.601193790892953,18.66790771484375,300,0.0,0.0,0.0
2024-01-11 00:00:00-05:00,18.669869396083968,18.669869396083968,18.58843994140625,18.58843994140625,100,0.0,0.0,0.0
2024-01-12 00:00:00-05:00,18.679681733504438,18.679681733504438,18.561951829258202,18.566856384277344,1000,0.0,0.0,0.0
2024-01-16 00:00:00-05:00,18.34611654538081,18.34611654538081,18.29902458190918,18.29902458190918,500,0.0,0.0,0.0
2024-01-17 00:00:00-05:00,18.159710910431915,18.159710910431915,18.00273895263672,18.00273895263672,300,0.0,0.0,0.0
2024-01-18 00:00:00-05:00,18.071413958860614,18.115562438964844,18.00273896119922,18.115562438964844,700,0.0,0.0,0.0
2024-01-19 00:00:00-05:00,18.091035693338622,18.2048397064209,18.091035693338622,18.2048397064209,300,0.0,0.0,0.0
2024-01-22 00:00:00-05:00,18.248008728027344,18.248008728027344,18.248008728027344,18.248008728027344,100,0.0,0.0,0.0
2024-01-23 00:00:00-05:00,18.306871073264155,18.32158660888672,18.306871073264155,18.32158660888672,300,0.0,0.0,0.0
2024-01-24 00:00:00-05:00,18.316682815551758,18.316682815551758,18.316682815551758,18.316682815551758,200,0.0,0.0,0.0
2024-01-25 00:00:00-05:00,18.524669647216797,18.524669647216797,18.524669647216797,18.524669647216797,100,0.0,0.0,0.0
2024-01-26 00:00:00-05:00,18.57666778564453,18.57666778564453,18.57666778564453,18.57666778564453,100,0.0,0.0,0.0
2024-01-29 00:00:00-05:00,18.437355697866597,18.59138605639844,18.434414087404072,18.58353614807129,39400,0.0,0.0,0.0
2024-01-30 00:00:00-05:00,18.532518876993397,18.532518876993397,18.45403289794922,18.45403289794922,300,0.0,0.0,0.0
2024-01-31 00:00:00-05:00,18.45403351384338,18.45403351384338,18.211708068847656,18.211708068847656,400,0.0,0.0,0.0
2024-02-01 00:00:00-05:00,18.346115541063515,18.518783569335938,18.346115541063515,18.518783569335938,500,0.0,0.0,0.0
2024-02-02 00:00:00-05:00,18.36573600769043,18.36573600769043,18.36573600769043,18.36573600769043,100,0.0,0.0,0.0
2024-02-05 00:00:00-05:00,18.21857452392578,18.21857452392578,18.21857452392578,18.21857452392578,100,0.0,0.0,0.0
2024-02-06 00:00:00-05:00,18.189144708901605,18.248008728027344,18.189144708901605,18.248008728027344,1800,0.0,0.0,0.0
2024-02-07 00:00:00-05:00,18.36573669210342,18.36573669210342,18.336305618286133,18.336305618286133,100,0.0,0.0,0.0
2024-02-08 00:00:00-05:00,18.257819704910986,18.29804229736328,18.248008723183727,18.29804229736328,900,0.0,0.0,0.0
2024-02-09 00:00:00-05:00,18.2568359375,18.2568359375,18.2568359375,18.2568359375,100,0.0,0.0,0.0
2024-02-12 00:00:00-05:00,18.277439582619603,18.51289939880371,18.277439582619603,18.51289939880371,2800,0.0,0.0,0.0
2024-02-13 00:00:00-05:00,18.248008728027344,18.248008728027344,18.189144708901605,18.248008728027344,1100,0.0,0.0,0.0
2024-02-14 00:00:00-05:00,18.3363055907107,18.399093627929688,18.306872645684255,18.399093627929688,600,0.0,0.0,0.0
2024-02-15 00:00:00-05:00,18.640437659680185,18.640437659680185,18.58451712514253,18.630626678466797,1300,0.0,0.0,0.0
2024-02-16 00:00:00-05:00,18.728734549902597,18.728734549902597,18.718923568725586,18.718923568725586,100,0.0,0.0,0.0
2024-02-20 00:00:00-05:00,18.689491271972656,18.689491271972656,18.689491271972656,18.689491271972656,200,0.0,0.0,0.0
2024-02-21 00:00:00-05:00,18.571762740750692,18.655153274536133,18.571762740750692,18.655153274536133,300,0.0,0.0,0.0
2024-02-22 00:00:00-05:00,18.709113014389548,18.8415584564209,18.709113014389548,18.8415584564209,400,0.0,0.0,0.0
2024-02-23 00:00:00-05:00,18.902385711669922,18.902385711669922,18.902385711669922,18.902385711669922,100,0.0,0.0,0.0
2024-02-26 00:00:00-05:00,18.793485641479492,18.793485641479492,18.793485641479492,18.793485641479492,100,0.0,0.0,0.0
2024-02-27 00:00:00-05:00,18.71990578279954,18.758169174194336,18.71990578279954,18.758169174194336,900,0.0,0.0,0.0
2024-02-28 00:00:00-05:00,18.689491271972656,18.689491271972656,18.689491271972656,18.689491271972656,100,0.0,0.0,0.0
2024-02-29 00:00:00-05:00,18.84646224975586,18.84646224975586,18.84646224975586,18.84646224975586,100,0.0,0.0,0.0
2024-03-01 00:00:00-05:00,18.954382134716912,19.003437042236328,18.92593159823302,19.003437042236328,600,0.0,0.0,0.0
2024-03-04 00:00:00-05:00,18.944570987258295,18.944570987258295,18.89159393310547,18.89159393310547,600,0.0,0.0,0.0
2024-03-05 00:00:00-05:00,18.905327488513993,18.924949449850796,18.846461604503585,18.87589454650879,5200,0.0,0.0,0.0
2024-03-06 00:00:00-05:00,18.983814239501953,18.983814239501953,18.983814239501953,18.983814239501953,100,0.0,0.0,0.0
2024-03-07 00:00:00-05:00,19.209461472763095,19.220252990722656,19.209461472763095,19.220252990722656,200,0.0,0.0,0.0
2024-03-08 00:00:00-05:00,19.17021942138672,19.17021942138672,19.17021942138672,19.17021942138672,100,0.0,0.0,0.0
2024-03-11 00:00:00-04:00,19.268325805664062,19.268325805664062,19.268325805664062,19.268325805664062,100,0.0,0.0,0.0
2024-03-12 00:00:00-04:00,19.248705453858417,19.25753402709961,19.248705453858417,19.25753402709961,7500,0.0,0.0,0.0
2024-03-13 00:00:00-04:00,19.376244237935367,19.376244237935367,19.346811294555664,19.346811294555664,11800,0.0,0.0,0.0
2024-03-14 00:00:00-04:00,19.160408440171434,19.17021942138672,19.160408440171434,19.17021942138672,5500,0.0,0.0,0.0
2024-03-15 00:00:00-04:00,19.258514938437607,19.29285430908203,19.258514938437607,19.29285430908203,900,0.0,0.0,0.0
2024-03-18 00:00:00-04:00,19.346810874101827,19.346810874101827,19.336999893188477,19.336999893188477,400,0.0,0.0,0.0
2024-03-19 00:00:00-04:00,19.31737893506011,19.415486868534256,19.31737893506011,19.405675888061523,1200,0.0,0.0,0.0
2024-03-20 00:00:00-04:00,19.53321656297425,19.67056655883789,19.523405581662082,19.67056655883789,1200,0.0,0.0,0.0
2024-03-21 00:00:00-04:00,19.65094757080078,19.65094757080078,19.65094757080078,19.65094757080078,100,0.0,0.0,0.0
2024-03-22 00:00:00-04:00,19.592079162597656,19.592079162597656,19.592079162597656,19.592079162597656,100,0.0,0.0,0.0
2024-03-25 00:00:00-04:00,19.464542388916016,19.464542388916016,19.464542388916016,19.464542388916016,100,0.0,0.0,0.0
2024-03-26 00:00:00-04:00,19.474352950580453,19.474352950580453,19.454730987548828,19.454730987548828,900,0.0,0.0,0.0
2024-03-27 00:00:00-04:00,19.83734893798828,19.83734893798828,19.83734893798828,19.83734893798828,100,0.0,0.0,0.0
2024-03-28 00:00:00-04:00,19.89130973815918,19.89130973815918,19.89130973815918,19.89130973815918,200,0.0,0.0,0.0
2024-04-01 00:00:00-04:00,19.886405179211934,19.886405179211934,19.778486251831055,19.778486251831055,900,0.0,0.0,0.0
2024-04-02 00:00:00-04:00,19.62151336669922,19.62151336669922,19.62151336669922,19.62151336669922,100,0.0,0.0,0.0
2024-04-03 00:00:00-04:00,19.6999992757589,19.72648873787116,19.6999992757589,19.709810256958008,1200,0.0,0.0,0.0
2024-04-04 00:00:00-04:00,19.660757064819336,19.660757064819336,19.660757064819336,19.660757064819336,700,0.0,0.0,0.0
2024-04-05 00:00:00-04:00,19.620532852386898,19.620532852386898,19.6087589263916,19.6087589263916,500,0.0,0.0,0.0
2024-04-08 00:00:00-04:00,19.60188972201403,19.71961961546221,19.58226776123047,19.58226776123047,6300,0.0,0.0,0.0
2024-04-09 00:00:00-04:00,19.768672943115234,19.768672943115234,19.768672943115234,19.768672943115234,100,0.0,0.0,0.0
2024-04-10 00:00:00-04:00,19.572461816023154,19.611703872680664,19.572461816023154,19.611703872680664,2200,0.0,0.0,0.0
2024-04-11 00:00:00-04:00,19.56264807569524,19.56264807569524,19.454729160410164,19.47925567626953,3100,0.0,0.0,0.0
2024-04-12 00:00:00-04:00,18.963212966918945,18.963212966918945,18.963212966918945,18.963212966918945,100,0.0,0.0,0.0
2024-04-15 00:00:00-04:00,18.89453772473611,18.89453772473611,18.82684326171875,18.82684326171875,200,0.0,0.0,0.0
2024-04-16 00:00:00-04:00,18.73363975317037,18.73363975317037,18.689491271972656,18.689491271972656,800,0.0,0.0,0.0
2024-04-17 00:00:00-04:00,18.71892550696088,18.71892550696088,18.645344076141033,18.656137466430664,700,0.0,0.0,0.0
2024-04-18 00:00:00-04:00,18.63062571410843,18.662019729614258,18.63062571410843,18.662019729614258,400,0.0,0.0,0.0
2024-04-19 00:00:00-04:00,18.70028425212814,18.742469787597656,18.70028425212814,18.742469787597656,400,0.0,0.0,0.0
2024-04-22 00:00:00-04:00,18.80525779724121,18.80525779724121,18.80525779724121,18.80525779724121,300,0.0,0.0,0.0
2024-04-23 00:00:00-04:00,18.846463167516966,18.89061164855957,18.846463167516966,18.89061164855957,1600,0.0,0.0,0.0
2024-04-24 00:00:00-04:00,18.777788162231445,18.777788162231445,18.777788162231445,18.777788162231445,100,0.0,0.0,0.0
2024-04-25 00:00:00-04:00,18.591384817372653,18.6796817779541,18.561951873427716,18.6796817779541,1600,0.0,0.0,0.0
2024-04-26 00:00:00-04:00,18.73854658053738,18.824880599975586,18.69930265363147,18.824880599975586,7100,0.0,0.0,0.0
2024-04-29 00:00:00-04:00,19.062300828775285,19.092714309692383,19.062300828775285,19.092714309692383,200,0.0,0.0,0.0
2024-04-30 00:00:00-04:00,18.856274832609675,18.861181259155273,18.856274832609675,18.861181259155273,100,0.0,0.0,0.0
2024-05-01 00:00:00-04:00,18.737564427381916,18.77288246154785,18.737564427381916,18.77288246154785,800,0.0,0.0,0.0
2024-05-02 00:00:00-04:00,19.06229956889315,19.06328010559082,19.06229956889315,19.06328010559082,100,0.0,0.0,0.0
2024-05-03 00:00:00-04:00,19.268326372294883,19.268326372294883,19.07211235277508,19.101543426513672,4600,0.0,0.0,0.0
2024-05-06 00:00:00-04:00,19.233988798464754,19.233988798464754,19.16040924314654,19.18984031677246,600,0.0,0.0,0.0
2024-05-07 00:00:00-04:00,19.54400692779028,19.552837371826172,19.54400692779028,19.552837371826172,200,0.0,0.0,0.0
2024-05-08 00:00:00-04:00,19.552837756931353,19.552837756931353,19.484162761699306,19.51261329650879,500,0.0,0.0,0.0
2024-05-09 00:00:00-04:00,19.689208459967347,19.719621941393186,19.689208459967347,19.71765899658203,300,0.0,0.0,0.0
2024-05-10 00:00:00-04:00,19.680378119791904,19.680378119791904,19.679397583007812,19.679397583007812,200,0.0,0.0,0.0
2024-05-13 00:00:00-04:00,19.660757563090304,19.69509506225586,19.660757563090304,19.69509506225586,300,0.0,0.0,0.0
2024-05-14 00:00:00-04:00,19.788297342051997,19.85304832458496,19.788297342051997,19.85304832458496,400,0.0,0.0,0.0
2024-05-15 00:00:00-04:00,19.92564708748406,19.955080032348633,19.92564708748406,19.955080032348633,100,0.0,0.0,0.0
2024-05-16 00:00:00-04:00,19.876591713784407,19.876591713784407,19.798105741293035,19.832443237304688,1700,0.0,0.0,0.0
2024-05-17 00:00:00-04:00,19.81772965349292,19.81772965349292,19.806936264038086,19.806936264038086,100,0.0,0.0,0.0
2024-05-20 00:00:00-04:00,19.817729143614272,19.848142623901367,19.817729143614272,19.848142623901367,200,0.0,0.0,0.0
2024-05-21 00:00:00-04:00,19.72943053143317,19.796142578125,19.70980857071368,19.796142578125,2700,0.0,0.0,0.0
2024-05-22 00:00:00-04:00,19.729432376518236,19.75886344909668,19.729432376518236,19.75886344909668,200,0.0,0.0,0.0
2024-05-23 00:00:00-04:00,19.837348903478826,19.837348903478826,19.445899555758345,19.498878479003906,1300,0.0,0.0,0.0
2024-05-24 00:00:00-04:00,19.63132541661699,19.63132541661699,19.572461397263403,19.601892471313477,1800,0.0,0.0,0.0
2024-05-28 00:00:00-04:00,19.641134312509227,19.641134312509227,19.490047454833984,19.490047454833984,3000,0.0,0.0,0.0
2024-05-29 00:00:00-04:00,19.14176689975682,19.14569091796875,19.11135341954773,19.14569091796875,400,0.0,0.0,0.0
2024-05-30 00:00:00-04:00,19.278135980963196,19.298738479614258,19.278135980963196,19.298738479614258,300,0.0,0.0,0.0
2024-05-31 00:00:00-04:00,19.405677543059507,19.507709503173828,19.346811655202774,19.507709503173828,1200,0.0,0.0,0.0
2024-06-03 00:00:00-04:00,19.523404894440816,19.523404894440816,19.454729898926345,19.487106323242188,800,0.0,0.0,0.0
2024-06-04 00:00:00-04:00,19.376244420162998,19.376244420162998,19.297758441665636,19.33307647705078,200,0.0,0.0,0.0
2024-06-05 00:00:00-04:00,19.18983890080393,19.299720764160156,19.18983890080393,19.299720764160156,700,0.0,0.0,0.0
2024-06-06 00:00:00-04:00,19.25851487980427,19.307569786823116,19.24870576965387,19.305606842041016,2200,0.0,0.0,0.0
2024-06-07 00:00:00-04:00,19.150598320465885,19.177087783813477,19.150598320465885,19.177087783813477,200,0.0,0.0,0.0
2024-06-10 00:00:00-04:00,18.993624835495222,19.024038314819336,18.964191892882226,19.024038314819336,400,0.0,0.0,0.0
2024-06-11 00:00:00-04:00,18.941682581337865,18.971450181082194,18.931760048089757,18.953588485717773,2200,0.218,0.0,0.0
2024-06-12 00:00:00-04:00,19.17981776333089,19.17981776333089,19.040906082470432,19.075634002685547,2900,0.0,0.0,0.0
2024-06-13 00:00:00-04:00,18.882150297721967,18.951606141693276,18.882150297721967,18.933746337890625,500,0.0,0.0,0.0
2024-06-14 00:00:00-04:00,18.745222091674805,18.745222091674805,18.745222091674805,18.745222091674805,100,0.0,0.0,0.0
2024-06-17 00:00:00-04:00,18.68370276698375,18.834522247314453,18.64401452572973,18.834522247314453,800,0.0,0.0,0.0
2024-06-18 00:00:00-04:00,18.889095306396484,18.889095306396484,18.889095306396484,18.889095306396484,100,0.0,0.0,0.0
2024-06-20 00:00:00-04:00,18.883142471313477,18.883142471313477,18.883142471313477,18.883142471313477,100,0.0,0.0,0.0
2024-06-21 00:00:00-04:00,18.822614669799805,18.822614669799805,18.822614669799805,18.822614669799805,100,0.0,0.0,0.0
2024-06-24 00:00:00-04:00,19.001216888427734,19.001216888427734,19.001216888427734,19.001216888427734,100,0.0,0.0,0.0
2024-06-25 00:00:00-04:00,18.9317611556252,18.9317611556252,18.782926933255954,18.812692642211914,900,0.0,0.0,0.0
2024-06-26 00:00:00-04:00,18.712477727140772,18.76010513305664,18.712477727140772,18.76010513305664,600,0.0,0.0,0.0
2024-06-27 00:00:00-04:00,18.634092330932617,18.634092330932617,18.634092330932617,18.634092330932617,300,0.0,0.0,0.0
2024-06-28 00:00:00-04:00,18.609285354614258,18.609285354614258,18.609285354614258,18.609285354614258,100,0.0,0.0,0.0
2024-07-01 00:00:00-04:00,18.368173599243164,18.368173599243164,18.368173599243164,18.368173599243164,100,0.0,0.0,0.0
2024-07-02 00:00:00-04:00,18.355276243426882,18.35626792907715,18.306657151145643,18.35626792907715,1700,0.0,0.0,0.0
2024-07-03 00:00:00-04:00,18.471364974975586,18.471364974975586,18.471364974975586,18.471364974975586,100,0.0,0.0,0.0
2024-07-05 00:00:00-04:00,18.435645840210043,18.48823356628418,18.435645840210043,18.48823356628418,700,0.0,0.0,0.0
2024-07-08 00:00:00-04:00,18.444576263427734,18.444576263427734,18.444576263427734,18.444576263427734,100,0.0,0.0,0.0
2024-07-09 00:00:00-04:00,18.366189950317796,18.366189950317796,18.18758812670381,18.217355728149414,4100,0.0,0.0,0.0
2024-07-10 00:00:00-04:00,18.296733673174742,18.32253074645996,18.296733673174742,18.32253074645996,200,0.0,0.0,0.0
2024-07-11 00:00:00-04:00,18.63409251799054,18.648975372314453,18.63409251799054,18.648975372314453,500,0.0,0.0,0.0
2024-07-12 00:00:00-04:00,18.872226891018812,18.95458221435547,18.872226891018812,18.95458221435547,1300,0.0,0.0,0.0
2024-07-15 00:00:00-04:00,18.852382626938372,18.879173278808594,18.852382626938372,18.879173278808594,300,0.0,0.0,0.0
2024-07-16 00:00:00-04:00,18.86230509222326,19.199663668356873,18.86230509222326,19.189741134643555,3300,0.0,0.0,0.0
2024-07-17 00:00:00-04:00,19.338575330317273,19.398108639990525,19.338575330317273,19.365365982055664,500,0.0,0.0,0.0
2024-07-18 00:00:00-04:00,19.348498399573653,19.398109176919597,19.15997403910535,19.179819107055664,3000,0.0,0.0,0.0
2024-07-19 00:00:00-04:00,18.98137246027228,18.98137246027228,18.95160675048828,18.95160675048828,200,0.0,0.0,0.0
2024-07-22 00:00:00-04:00,19.07067326073036,19.180810928344727,19.026022803791296,19.180810928344727,5600,0.0,0.0,0.0
2024-07-23 00:00:00-04:00,19.050828731260445,19.050828731260445,19.021061131239982,19.03594398498535,300,0.0,0.0,0.0
2024-07-24 00:00:00-04:00,19.00121594044076,19.100439380664437,18.967479705810547,18.967479705810547,1900,0.0,0.0,0.0
2024-07-25 00:00:00-04:00,19.115323429564068,19.138145446777344,19.115323429564068,19.138145446777344,200,0.0,0.0,0.0
2024-07-26 00:00:00-04:00,19.18974139654028,19.408031463623047,19.18974139654028,19.408031463623047,9200,0.0,0.0,0.0
2024-07-29 00:00:00-04:00,19.298886811753775,19.298886811753775,19.219508435815925,19.25522804260254,600,0.0,0.0,0.0
2024-07-30 00:00:00-04:00,19.229430120242352,19.229430120242352,19.09051842794614,19.16791343688965,7100,0.0,0.0,0.0
2024-07-31 00:00:00-04:00,19.20958627186769,19.358420493048648,19.20958627186769,19.244314193725586,900,0.0,0.0,0.0
2024-08-01 00:00:00-04:00,18.991294321690514,19.02800750732422,18.991294321690514,19.02800750732422,100,0.0,0.0,0.0
2024-08-02 00:00:00-04:00,18.669811404535835,18.711484909057617,18.669811404535835,18.711484909057617,700,0.0,0.0,0.0
2024-08-05 00:00:00-04:00,18.27688829594704,18.4951783534232,18.27688829594704,18.455490112304688,5200,0.0,0.0,0.0
2024-08-06 00:00:00-04:00,18.569596667482497,18.569596667482497,18.524946212768555,18.524946212768555,200,0.0,0.0,0.0
2024-08-07 00:00:00-04:00,18.468390218877303,18.505101511959374,18.4058780670166,18.4058780670166,1600,0.0,0.0,0.0
2024-08-08 00:00:00-04:00,18.665843746586223,18.71843147277832,18.665843746586223,18.71843147277832,200,0.0,0.0,0.0
2024-08-09 00:00:00-04:00,18.675765991210938,18.675765991210938,18.675765991210938,18.675765991210938,100,0.0,0.0,0.0
2024-08-12 00:00:00-04:00,18.594402313232422,18.594402313232422,18.594402313232422,18.594402313232422,100,0.0,0.0,0.0
2024-08-13 00:00:00-04:00,18.743236564566427,18.892072677612305,18.72339338968613,18.892072677612305,300,0.0,0.0,0.0
2024-08-14 00:00:00-04:00,18.971450805664062,18.971450805664062,18.961528272089282,18.971450805664062,300,0.0,0.0,0.0
2024-08-15 00:00:00-04:00,19.174857794396264,19.286978826708694,19.174857794396264,19.240345001220703,1500,0.0,0.0,0.0
2024-08-16 00:00:00-04:00,19.338574496484007,19.467565536499023,19.338574496484007,19.467565536499023,700,0.0,0.0,0.0
2024-08-19 00:00:00-04:00,19.497331690359935,19.551904678344727,19.487409156859993,19.551904678344727,400,0.0,0.0,0.0
2024-08-20 00:00:00-04:00,19.408031463623047,19.408031463623047,19.408031463623047,19.408031463623047,100,0.0,0.0,0.0
2024-08-21 00:00:00-04:00,19.663034439086914,19.663034439086914,19.663034439086914,19.663034439086914,300,0.0,0.0,0.0
2024-08-22 00:00:00-04:00,19.578695094847102,19.578695094847102,19.563810348510742,19.563810348510742,200,0.0,0.0,0.0
2024-08-23 00:00:00-04:00,19.923992156982422,19.923992156982422,19.923992156982422,19.923992156982422,100,0.0,0.0,0.0
2024-08-26 00:00:00-04:00,19.92696762084961,19.92696762084961,19.92696762084961,19.92696762084961,200,0.0,0.0,0.0
2024-08-27 00:00:00-04:00,19.923992089902967,19.97757339477539,19.923992089902967,19.97757339477539,400,0.0,0.0,0.0
2024-08-28 00:00:00-04:00,19.953758239746094,19.953758239746094,19.953758239746094,19.953758239746094,100,0.0,0.0,0.0
2024-08-29 00:00:00-04:00,20.005355834960938,20.005355834960938,20.005355834960938,20.005355834960938,100,0.0,0.0,0.0
2024-08-30 00:00:00-04:00,20.053974963809427,20.127399444580078,19.983525539970277,20.127399444580078,1400,0.0,0.0,0.0
2024-09-03 00:00:00-04:00,19.69379425048828,19.69379425048828,19.69379425048828,19.69379425048828,200,0.0,0.0,0.0
2024-09-04 00:00:00-04:00,19.75432014465332,19.75432014465332,19.75432014465332,19.75432014465332,100,0.0,0.0,0.0
2024-09-05 00:00:00-04:00,19.83469042618804,19.83469042618804,19.72554444929977,19.742412567138672,900,0.0,0.0,0.0
2024-09-06 00:00:00-04:00,19.586632631731785,19.586632631731785,19.525114059448242,19.525114059448242,200,0.0,0.0,0.0
2024-09-09 00:00:00-04:00,19.70570056201653,19.70570056201653,19.695778028791917,19.69676971435547,200,0.0,0.0,0.0
2024-09-10 00:00:00-04:00,19.437799437170316,19.505271911621094,19.437799437170316,19.505271911621094,1500,0.0,0.0,0.0
2024-09-11 00:00:00-04:00,19.26912004532479,19.518169403076172,19.26912004532479,19.518169403076172,600,0.0,0.0,0.0
2024-09-12 00:00:00-04:00,19.62929916381836,19.62929916381836,19.62929916381836,19.62929916381836,100,0.0,0.0,0.0
2024-09-13 00:00:00-04:00,19.83965301513672,19.83965301513672,19.83965301513672,19.83965301513672,100,0.0,0.0,0.0
2024-09-16 00:00:00-04:00,19.874381365968535,20.03214454650879,19.85453629799736,20.03214454650879,3200,0.0,0.0,0.0
2024-09-17 00:00:00-04:00,20.043060170639794,20.082748413085938,20.043060170639794,20.082748413085938,400,0.0,0.0,0.0
2024-09-18 00:00:00-04:00,20.221660614013672,20.221660614013672,20.221660614013672,20.221660614013672,100,0.0,0.0,0.0
2024-09-19 00:00:00-04:00,20.559017921558723,20.688008962957085,20.529252213951203,20.537189483642578,21500,0.0,0.0,0.0
2024-09-20 00:00:00-04:00,20.315922879519484,20.340728267193033,20.283178329467773,20.283178329467773,2400,0.0,0.0,0.0
2024-09-23 00:00:00-04:00,20.221660228473443,20.30302387017139,20.196854840221327,20.300046920776367,2700,0.0,0.0,0.0
2024-09-24 00:00:00-04:00,20.474679946899414,20.474679946899414,20.474679946899414,20.474679946899414,100,0.0,0.0,0.0
2024-09-25 00:00:00-04:00,20.449875078162503,20.449875078162503,20.356605529785156,20.356605529785156,700,0.0,0.0,0.0
2024-09-26 00:00:00-04:00,20.777311325073242,20.777311325073242,20.777311325073242,20.777311325073242,100,0.0,0.0,0.0
2024-09-27 00:00:00-04:00,21.00552352815384,21.00552352815384,20.963850021362305,20.963850021362305,200,0.0,0.0,0.0
2024-09-30 00:00:00-04:00,20.87752560095268,20.87950897216797,20.856688848013427,20.87950897216797,1200,0.0,0.0,0.0
2024-10-01 00:00:00-04:00,20.792192459106445,20.792192459106445,20.792192459106445,20.792192459106445,100,0.0,0.0,0.0
2024-10-02 00:00:00-04:00,20.7574644664598,20.7574644664598,20.737619400024414,20.737619400024414,400,0.0,0.0,0.0
2024-10-03 00:00:00-04:00,20.5471134185791,20.5471134185791,20.5471134185791,20.5471134185791,100,0.0,0.0,0.0
2024-10-04 00:00:00-04:00,20.64236831665039,20.64236831665039,20.64236831665039,20.64236831665039,100,0.0,0.0,0.0
2024-10-07 00:00:00-04:00,20.44788932800293,20.44788932800293,20.44788932800293,20.44788932800293,100,0.0,0.0,0.0
2024-10-08 00:00:00-04:00,20.34072786399859,20.34072786399859,20.32088279724121,20.32088279724121,400,0.0,0.0,0.0
2024-10-09 00:00:00-04:00,20.32088426590184,20.385379791259766,20.32088426590184,20.385379791259766,1500,0.0,0.0,0.0
2024-10-10 00:00:00-04:00,20.340728253784683,20.36057332092235,20.340728253784683,20.350650787353516,300,0.0,0.0,0.0
2024-10-11 00:00:00-04:00,20.48956298828125,20.48956298828125,20.48956298828125,20.48956298828125,100,0.0,0.0,0.0
2024-10-14 00:00:00-04:00,20.477657318115234,20.477657318115234,20.477657318115234,20.477657318115234,100,0.0,0.0,0.0
2024-10-15 00:00:00-04:00,20.390339113405258,20.390339113405258,20.337751388549805,20.337751388549805,100,0.0,0.0,0.0
2024-10-16 00:00:00-04:00,20.420106465901295,20.420106465901295,20.417129516601562,20.417129516601562,600,0.0,0.0,0.0
2024-10-17 00:00:00-04:00,20.43995213550573,20.43995213550573,20.261350312494166,20.286155700683594,1000,0.0,0.0,0.0
2024-10-18 00:00:00-04:00,20.291117749032242,20.35263442993164,20.291117749032242,20.35263442993164,500,0.0,0.0,0.0
2024-10-21 00:00:00-04:00,20.142280864863903,20.14426612854004,20.142280864863903,20.14426612854004,800,0.0,0.0,0.0
2024-10-22 00:00:00-04:00,19.963681406069103,20.052980422973633,19.963681406069103,20.052980422973633,200,0.0,0.0,0.0
2024-10-23 00:00:00-04:00,19.943836261725036,20.174034118652344,19.943836261725036,20.174034118652344,800,0.0,0.0,0.0
2024-10-24 00:00:00-04:00,20.09267056309354,20.161134719848633,20.09267056309354,20.161134719848633,400,0.0,0.0,0.0
2024-10-25 00:00:00-04:00,20.07282518632642,20.077787399291992,20.07282518632642,20.077787399291992,700,0.0,0.0,0.0
2024-10-28 00:00:00-04:00,20.20181655883789,20.20181655883789,20.20181655883789,20.20181655883789,100,0.0,0.0,0.0
2024-10-29 00:00:00-04:00,20.003369389356546,20.013291922779935,19.983524322509766,19.983524322509766,1100,0.0,0.0,0.0
2024-10-30 00:00:00-04:00,20.072826406335768,20.281195835370422,20.072826406335768,20.26234245300293,700,0.0,0.0,0.0
2024-10-31 00:00:00-04:00,20.261350447991482,20.310961224702105,20.261350447991482,20.287147521972656,1500,0.0,0.0,0.0
2024-11-01 00:00:00-04:00,20.471702711372643,20.49948504841118,20.471702711372643,20.472694396972656,300,0.0,0.0,0.0
2024-11-04 00:00:00-05:00,20.598708210829123,20.598708210829123,20.5788631439209,20.5788631439209,100,0.0,0.0,0.0
2024-11-05 00:00:00-05:00,20.509407475862165,20.668164227412166,20.509407475862165,20.661218643188477,500,0.0,0.0,0.0
2024-11-06 00:00:00-05:00,20.65824216696641,20.74754307832458,20.608631390669565,20.67808723449707,1300,0.0,0.0,0.0
2024-11-07 00:00:00-05:00,20.777310027117473,20.826920801856314,20.75845664579649,20.795169830322266,2400,0.0,0.0,0.0
2024-11-08 00:00:00-05:00,20.549095674556945,20.549095674556945,20.539175033569336,20.539175033569336,200,0.0,0.0,0.0
2024-11-11 00:00:00-05:00,20.57886333125096,20.593746185302734,20.54909573061765,20.593746185302734,800,0.0,0.0,0.0
2024-11-12 00:00:00-05:00,20.439951938623977,20.439951938623977,20.07282576235535,20.122438430786133,1800,0.0,0.0,0.0
2024-11-13 00:00:00-05:00,20.04206657409668,20.04206657409668,20.04206657409668,20.04206657409668,100,0.0,0.0,0.0
2024-11-14 00:00:00-05:00,20.142280562623508,20.142280562623508,19.993446350097656,19.993446350097656,2700,0.0,0.0,0.0
2024-11-15 00:00:00-05:00,19.967649459838867,19.967649459838867,19.967649459838867,19.967649459838867,300,0.0,0.0,0.0
2024-11-18 00:00:00-05:00,20.082748413085938,20.082748413085938,20.082748413085938,20.082748413085938,100,0.0,0.0,0.0
2024-11-19 00:00:00-05:00,20.062904086636205,20.062904086636205,20.06092071533203,20.06092071533203,2200,0.0,0.0,0.0
2024-11-20 00:00:00-05:00,20.255395889282227,20.255395889282227,20.255395889282227,20.255395889282227,100,0.0,0.0,0.0
2024-11-21 00:00:00-05:00,20.559018324781537,20.559018324781537,20.49948501586914,20.49948501586914,600,0.0,0.0,0.0
2024-11-22 00:00:00-05:00,20.698923110961914,20.698923110961914,20.698923110961914,20.698923110961914,100,0.0,0.0,0.0
2024-11-25 00:00:00-05:00,20.912254333496094,20.912254333496094,20.912254333496094,20.912254333496094,100,0.0,0.0,0.0
2024-11-26 00:00:00-05:00,20.698923110961914,20.698923110961914,20.698923110961914,20.698923110961914,100,0.0,0.0,0.0
2024-11-27 00:00:00-05:00,20.75746470099595,20.75746470099595,20.7257137298584,20.7257137298584,100,0.0,0.0,0.0
2024-11-29 00:00:00-05:00,20.8179931640625,20.8179931640625,20.8179931640625,20.8179931640625,100,0.0,0.0,0.0
2024-12-02 00:00:00-05:00,20.707853650633183,20.83188247680664,20.707853650633183,20.83188247680664,1300,0.0,0.0,0.0
2024-12-03 00:00:00-05:00,20.8487491607666,20.8487491607666,20.8487491607666,20.8487491607666,100,0.0,0.0,0.0
2024-12-04 00:00:00-05:00,20.762426376342773,20.762426376342773,20.762426376342773,20.762426376342773,100,0.0,0.0,0.0
2024-12-05 00:00:00-05:00,20.648319244384766,20.648319244384766,20.648319244384766,20.648319244384766,100,0.0,0.0,0.0
2024-12-06 00:00:00-05:00,20.566957628255654,20.608631134033203,20.566957628255654,20.608631134033203,200,0.0,0.0,0.0
2024-12-09 00:00:00-05:00,20.678086469480746,20.678086469480746,20.618553161621094,20.618553161621094,500,0.0,0.0,0.0
2024-12-10 00:00:00-05:00,20.500476837158203,20.500476837158203,20.500476837158203,20.500476837158203,100,0.0,0.0,0.0
2024-12-11 00:00:00-05:00,20.53421401977539,20.53421401977539,20.53421401977539,20.53421401977539,100,0.0,0.0,0.0
2024-12-12 00:00:00-05:00,20.48956298828125,20.48956298828125,20.48956298828125,20.48956298828125,100,0.0,0.0,0.0
2024-12-13 00:00:00-05:00,20.47964096069336,20.47964096069336,20.47964096069336,20.47964096069336,100,0.0,0.0,0.0
2024-12-16 00:00:00-05:00,20.305999755859375,20.305999755859375,20.305999755859375,20.305999755859375,100,0.0,0.0,0.0
2024-12-17 00:00:00-05:00,20.190000534057617,20.190000534057617,20.14900016784668,20.14900016784668,200,0.159,0.0,0.0
2024-12-18 00:00:00-05:00,20.12700080871582,20.12700080871582,19.584999084472656,19.584999084472656,900,0.0,0.0,0.0
2024-12-19 00:00:00-05:00,19.479999542236328,19.479999542236328,19.479999542236328,19.479999542236328,300,0.0,0.0,0.0
2024-12-20 00:00:00-05:00,19.549999237060547,19.780000686645508,19.549999237060547,19.697999954223633,700,0.0,0.0,0.0
2024-12-23 00:00:00-05:00,19.760000228881836,19.760000228881836,19.760000228881836,19.760000228881836,100,0.0,0.0,0.0
2024-12-24 00:00:00-05:00,19.854999542236328,19.854999542236328,19.854999542236328,19.854999542236328,100,0.0,0.0,0.0
2024-12-26 00:00:00-05:00,19.889999389648438,19.889999389648438,19.889999389648438,19.889999389648438,100,0.0,0.0,0.0
2024-12-27 00:00:00-05:00,19.780000686645508,19.780000686645508,19.774999618530273,19.774999618530273,100,0.0,0.0,0.0
2024-12-30 00:00:00-05:00,19.63599967956543,19.63599967956543,19.63599967956543,19.63599967956543,100,0.0,0.0,0.0
2024-12-31 00:00:00-05:00,19.72599983215332,19.72599983215332,19.70199966430664,19.70199966430664,100,0.0,0.0,0.0
2025-01-02 00:00:00-05:00,19.610000610351562,19.610000610351562,19.610000610351562,19.610000610351562,100,0.0,0.0,0.0
2025-01-03 00:00:00-05:00,19.6299991607666,19.66900062561035,19.6299991607666,19.66900062561035,300,0.0,0.0,0.0
2025-01-06 00:00:00-05:00,19.979999542236328,20.010000228881836,19.823999404907227,19.823999404907227,2200,0.0,0.0,0.0
2025-01-07 00:00:00-05:00,19.809999465942383,19.850000381469727,19.809999465942383,19.850000381469727,200,0.0,0.0,0.0
2025-01-08 00:00:00-05:00,19.649999618530273,19.68000030517578,19.649999618530273,19.68000030517578,300,0.0,0.0,0.0
2025-01-10 00:00:00-05:00,19.559999465942383,19.614999771118164,19.520000457763672,19.614999771118164,700,0.0,0.0,0.0
2025-01-13 00:00:00-05:00,19.979999542236328,19.979999542236328,19.979999542236328,19.979999542236328,200,0.0,0.0,0.0
2025-01-14 00:00:00-05:00,20.079999923706055,20.079999923706055,20.079999923706055,20.079999923706055,100,0.0,0.0,0.0
2025-01-15 00:00:00-05:00,20.290000915527344,20.350000381469727,20.290000915527344,20.350000381469727,300,0.0,0.0,0.0
2025-01-16 00:00:00-05:00,20.506000518798828,20.506000518798828,20.506000518798828,20.506000518798828,200,0.0,0.0,0.0
2025-01-17 00:00:00-05:00,20.690000534057617,20.690000534057617,20.690000534057617,20.690000534057617,100,0.0,0.0,0.0
2025-01-21 00:00:00-05:00,20.8799991607666,21.06999969482422,20.8799991607666,21.06999969482422,400,0.0,0.0,0.0
2025-01-22 00:00:00-05:00,21.020000457763672,21.020000457763672,21.020000457763672,21.020000457763672,100,0.0,0.0,0.0
2025-01-23 00:00:00-05:00,21.190000534057617,21.25,21.049999237060547,21.25,2900,0.0,0.0,0.0
2025-01-24 00:00:00-05:00,21.219999313354492,21.219999313354492,21.149999618530273,21.149999618530273,300,0.0,0.0,0.0
2025-01-27 00:00:00-05:00,21.31999969482422,21.34000015258789,21.31999969482422,21.34000015258789,200,0.0,0.0,0.0
2025-01-28 00:00:00-05:00,21.3700008392334,21.3700008392334,21.329999923706055,21.344999313354492,1500,0.0,0.0,0.0
2025-01-29 00:00:00-05:00,21.209999084472656,21.209999084472656,21.149999618530273,21.149999618530273,500,0.0,0.0,0.0
2025-01-30 00:00:00-05:00,21.440000534057617,21.440000534057617,21.440000534057617,21.440000534057617,100,0.0,0.0,0.0
2025-01-31 00:00:00-05:00,21.360000610351562,21.360000610351562,21.1200008392334,21.1200008392334,1100,0.0,0.0,0.0
2025-02-03 00:00:00-05:00,20.808000564575195,20.808000564575195,20.808000564575195,20.808000564575195,100,0.0,0.0,0.0
2025-02-04 00:00:00-05:00,20.950000762939453,20.959999084472656,20.950000762939453,20.959999084472656,200,0.0,0.0,0.0
2025-02-05 00:00:00-05:00,20.709999084472656,20.739999771118164,20.709999084472656,20.709999084472656,27400,0.0,0.0,0.0
2025-02-06 00:00:00-05:00,20.75,20.75,20.615999221801758,20.615999221801758,100,0.0,0.0,0.0
2025-02-07 00:00:00-05:00,20.510000228881836,20.610000610351562,20.5049991607666,20.5049991607666,900,0.0,0.0,0.0
2025-02-10 00:00:00-05:00,20.510000228881836,20.549999237060547,20.489999771118164,20.549999237060547,1900,0.0,0.0,0.0
2025-02-11 00:00:00-05:00,20.6200008392334,20.6200008392334,20.6200008392334,20.6200008392334,100,0.0,0.0,0.0
2025-02-12 00:00:00-05:00,20.450000762939453,20.520000457763672,20.450000762939453,20.485000610351562,1800,0.0,0.0,0.0
2025-02-13 00:00:00-05:00,20.559999465942383,20.68000030517578,20.559999465942383,20.670000076293945,4300,0.0,0.0,0.0
2025-02-14 00:00:00-05:00,20.809999465942383,20.81999969482422,20.7810001373291,20.7810001373291,2400,0.0,0.0,0.0
2025-02-18 00:00:00-05:00,21.010000228881836,21.049999237060547,21.010000228881836,21.049999237060547,100,0.0,0.0,0.0
2025-02-19 00:00:00-05:00,21.030000686645508,21.030000686645508,20.959999084472656,20.959999084472656,500,0.0,0.0,0.0
2025-02-20 00:00:00-05:00,20.969999313354492,20.979999542236328,20.87299919128418,20.87299919128418,6400,0.0,0.0,0.0
2025-02-21 00:00:00-05:00,20.920000076293945,20.93000030517578,20.645000457763672,20.645000457763672,1000,0.0,0.0,0.0
2025-02-24 00:00:00-05:00,20.6299991607666,20.660999298095703,20.6299991607666,20.660999298095703,200,0.0,0.0,0.0
2025-02-25 00:00:00-05:00,20.81800079345703,20.81800079345703,20.81800079345703,20.81800079345703,100,0.0,0.0,0.0
2025-02-26 00:00:00-05:00,20.899999618530273,20.90999984741211,20.760000228881836,20.81999969482422,2400,0.0,0.0,0.0
2025-02-27 00:00:00-05:00,20.729999542236328,20.729999542236328,20.56999969482422,20.56999969482422,400,0.0,0.0,0.0
2025-02-28 00:00:00-05:00,20.600000381469727,20.6200008392334,20.489999771118164,20.6200008392334,1800,0.0,0.0,0.0
