Date,Open,High,Low,Close,Volume,Dividends,Stock Splits
2023-03-24 00:00:00-04:00,10.1899995803833,10.220000267028809,10.180000305175781,10.1899995803833,4891500,0.0,0.0
2023-03-27 00:00:00-04:00,10.1899995803833,10.210000038146973,10.1899995803833,10.210000038146973,67300,0.0,0.0
2023-03-28 00:00:00-04:00,10.1899995803833,10.220000267028809,10.1899995803833,10.210000038146973,28400,0.0,0.0
2023-03-29 00:00:00-04:00,10.170000076293945,10.210000038146973,10.170000076293945,10.210000038146973,13500,0.0,0.0
2023-03-30 00:00:00-04:00,10.199999809265137,10.210000038146973,10.199999809265137,10.210000038146973,1700,0.0,0.0
2023-03-31 00:00:00-04:00,10.199999809265137,10.199999809265137,10.199999809265137,10.199999809265137,300,0.0,0.0
2023-04-03 00:00:00-04:00,10.208000183105469,10.220000267028809,10.199999809265137,10.199999809265137,1800,0.0,0.0
2023-04-04 00:00:00-04:00,10.220000267028809,10.239999771118164,10.213000297546387,10.239999771118164,11600,0.0,0.0
2023-04-05 00:00:00-04:00,10.210000038146973,10.210000038146973,10.199999809265137,10.210000038146973,10600,0.0,0.0
2023-04-06 00:00:00-04:00,10.206999778747559,10.229999542236328,10.206999778747559,10.229999542236328,200,0.0,0.0
2023-04-10 00:00:00-04:00,10.229999542236328,10.229999542236328,10.220000267028809,10.220000267028809,15500,0.0,0.0
2023-04-11 00:00:00-04:00,10.170999526977539,10.239999771118164,10.119999885559082,10.220000267028809,42800,0.0,0.0
2023-04-12 00:00:00-04:00,10.220000267028809,10.220000267028809,10.220000267028809,10.220000267028809,0,0.0,0.0
2023-04-13 00:00:00-04:00,10.12399959564209,10.239999771118164,10.020000457763672,10.229999542236328,36900,0.0,0.0
2023-04-14 00:00:00-04:00,10.265000343322754,10.265000343322754,10.210000038146973,10.210000038146973,600,0.0,0.0
2023-04-17 00:00:00-04:00,10.210000038146973,10.210000038146973,10.210000038146973,10.210000038146973,0,0.0,0.0
2023-04-18 00:00:00-04:00,10.239999771118164,10.239999771118164,10.239999771118164,10.239999771118164,100,0.0,0.0
2023-04-19 00:00:00-04:00,10.239999771118164,10.239999771118164,10.239999771118164,10.239999771118164,0,0.0,0.0
2023-04-20 00:00:00-04:00,10.175000190734863,10.239999771118164,10.175000190734863,10.229999542236328,1000,0.0,0.0
2023-04-21 00:00:00-04:00,10.239999771118164,10.239999771118164,10.239999771118164,10.239999771118164,3300,0.0,0.0
2023-04-24 00:00:00-04:00,10.265000343322754,10.265000343322754,10.265000343322754,10.265000343322754,100,0.0,0.0
2023-04-25 00:00:00-04:00,10.256999969482422,10.256999969482422,10.25,10.25,34800,0.0,0.0
2023-04-26 00:00:00-04:00,10.25,10.25,10.25,10.25,0,0.0,0.0
2023-04-27 00:00:00-04:00,10.25,10.25,10.25,10.25,0,0.0,0.0
2023-04-28 00:00:00-04:00,10.25,10.260000228881836,10.25,10.260000228881836,60900,0.0,0.0
2023-05-01 00:00:00-04:00,10.279999732971191,10.279999732971191,10.279999732971191,10.279999732971191,40100,0.0,0.0
2023-05-02 00:00:00-04:00,10.289999961853027,10.289999961853027,10.289999961853027,10.289999961853027,100,0.0,0.0
2023-05-03 00:00:00-04:00,10.274999618530273,10.274999618530273,10.274999618530273,10.274999618530273,100,0.0,0.0
2023-05-04 00:00:00-04:00,10.300000190734863,10.300000190734863,10.300000190734863,10.300000190734863,50100,0.0,0.0
2023-05-05 00:00:00-04:00,10.3100004196167,10.3100004196167,10.3100004196167,10.3100004196167,5200,0.0,0.0
2023-05-08 00:00:00-04:00,10.3100004196167,10.3100004196167,10.3100004196167,10.3100004196167,0,0.0,0.0
2023-05-09 00:00:00-04:00,10.300000190734863,10.319999694824219,10.300000190734863,10.319999694824219,25200,0.0,0.0
2023-05-10 00:00:00-04:00,10.319999694824219,10.335000038146973,10.319999694824219,10.335000038146973,1200,0.0,0.0
2023-05-11 00:00:00-04:00,10.319999694824219,10.34000015258789,10.319999694824219,10.34000015258789,1400,0.0,0.0
2023-05-12 00:00:00-04:00,10.319999694824219,10.319999694824219,10.300000190734863,10.300000190734863,4900,0.0,0.0
2023-05-15 00:00:00-04:00,10.319999694824219,10.34000015258789,10.274999618530273,10.34000015258789,6400,0.0,0.0
2023-05-16 00:00:00-04:00,10.34000015258789,10.34000015258789,10.34000015258789,10.34000015258789,0,0.0,0.0
2023-05-17 00:00:00-04:00,10.319999694824219,10.319999694824219,10.319999694824219,10.319999694824219,100,0.0,0.0
2023-05-18 00:00:00-04:00,10.350000381469727,10.350000381469727,10.100000381469727,10.225000381469727,20300,0.0,0.0
2023-05-19 00:00:00-04:00,10.28499984741211,10.489999771118164,10.253000259399414,10.399999618530273,189800,0.0,0.0
2023-05-22 00:00:00-04:00,10.390000343322754,10.399999618530273,10.390000343322754,10.399999618530273,272500,0.0,0.0
2023-05-23 00:00:00-04:00,10.399999618530273,10.399999618530273,10.399999618530273,10.399999618530273,0,0.0,0.0
2023-05-24 00:00:00-04:00,10.369999885559082,10.380000114440918,10.359999656677246,10.359999656677246,400,0.0,0.0
2023-05-25 00:00:00-04:00,10.369999885559082,10.369999885559082,10.369999885559082,10.369999885559082,2900,0.0,0.0
2023-05-26 00:00:00-04:00,10.380000114440918,10.40999984741211,10.380000114440918,10.40999984741211,1200,0.0,0.0
2023-05-30 00:00:00-04:00,10.380000114440918,10.399999618530273,10.380000114440918,10.399999618530273,500,0.0,0.0
2023-05-31 00:00:00-04:00,10.399999618530273,10.399999618530273,10.399999618530273,10.399999618530273,0,0.0,0.0
2023-06-01 00:00:00-04:00,10.399999618530273,10.40999984741211,10.399999618530273,10.40999984741211,900,0.0,0.0
2023-06-02 00:00:00-04:00,10.390000343322754,10.407999992370605,10.390000343322754,10.407999992370605,600,0.0,0.0
2023-06-05 00:00:00-04:00,10.407999992370605,10.407999992370605,10.407999992370605,10.407999992370605,0,0.0,0.0
2023-06-06 00:00:00-04:00,10.390000343322754,10.420000076293945,10.390000343322754,10.420000076293945,19300,0.0,0.0
2023-06-07 00:00:00-04:00,10.329999923706055,10.329999923706055,10.329999923706055,10.329999923706055,500,0.0,0.0
2023-06-08 00:00:00-04:00,10.40999984741211,10.4399995803833,10.40999984741211,10.4399995803833,1100,0.0,0.0
2023-06-09 00:00:00-04:00,10.4399995803833,10.4399995803833,10.4399995803833,10.4399995803833,0,0.0,0.0
2023-06-12 00:00:00-04:00,10.4399995803833,10.4399995803833,10.4399995803833,10.4399995803833,0,0.0,0.0
2023-06-13 00:00:00-04:00,10.470000267028809,10.470000267028809,10.470000267028809,10.470000267028809,700,0.0,0.0
2023-06-14 00:00:00-04:00,10.489999771118164,10.489999771118164,10.489999771118164,10.489999771118164,1000,0.0,0.0
2023-06-15 00:00:00-04:00,10.489999771118164,10.489999771118164,10.489999771118164,10.489999771118164,0,0.0,0.0
2023-06-16 00:00:00-04:00,10.300000190734863,10.300000190734863,10.300000190734863,10.300000190734863,800,0.0,0.0
2023-06-20 00:00:00-04:00,10.300000190734863,10.300000190734863,10.300000190734863,10.300000190734863,0,0.0,0.0
2023-06-21 00:00:00-04:00,10.300000190734863,10.300000190734863,10.300000190734863,10.300000190734863,0,0.0,0.0
2023-06-22 00:00:00-04:00,10.300000190734863,10.300000190734863,10.300000190734863,10.300000190734863,0,0.0,0.0
2023-06-23 00:00:00-04:00,10.510000228881836,10.510000228881836,10.510000228881836,10.510000228881836,100,0.0,0.0
2023-06-26 00:00:00-04:00,10.510000228881836,10.510000228881836,10.510000228881836,10.510000228881836,0,0.0,0.0
2023-06-27 00:00:00-04:00,10.449999809265137,10.449999809265137,10.449999809265137,10.449999809265137,300,0.0,0.0
2023-06-28 00:00:00-04:00,10.449999809265137,10.449999809265137,10.449999809265137,10.449999809265137,100,0.0,0.0
2023-06-29 00:00:00-04:00,10.449999809265137,10.449999809265137,10.449999809265137,10.449999809265137,200,0.0,0.0
2023-06-30 00:00:00-04:00,10.449999809265137,10.449999809265137,10.449999809265137,10.449999809265137,0,0.0,0.0
2023-07-03 00:00:00-04:00,10.449999809265137,10.449999809265137,10.449999809265137,10.449999809265137,0,0.0,0.0
2023-07-05 00:00:00-04:00,10.449999809265137,10.449999809265137,10.449999809265137,10.449999809265137,0,0.0,0.0
2023-07-06 00:00:00-04:00,10.449999809265137,10.449999809265137,10.449999809265137,10.449999809265137,0,0.0,0.0
2023-07-07 00:00:00-04:00,10.449999809265137,10.449999809265137,10.449999809265137,10.449999809265137,0,0.0,0.0
2023-07-10 00:00:00-04:00,10.5,10.5,10.5,10.5,100,0.0,0.0
2023-07-11 00:00:00-04:00,10.489999771118164,10.489999771118164,10.489999771118164,10.489999771118164,200,0.0,0.0
2023-07-12 00:00:00-04:00,10.489999771118164,10.489999771118164,10.489999771118164,10.489999771118164,0,0.0,0.0
2023-07-13 00:00:00-04:00,10.510000228881836,10.510000228881836,10.510000228881836,10.510000228881836,2200,0.0,0.0
2023-07-14 00:00:00-04:00,10.5,10.550000190734863,10.479999542236328,10.479999542236328,11800,0.0,0.0
2023-07-17 00:00:00-04:00,10.539999961853027,10.539999961853027,10.539999961853027,10.539999961853027,200,0.0,0.0
2023-07-18 00:00:00-04:00,10.539999961853027,10.539999961853027,10.539999961853027,10.539999961853027,0,0.0,0.0
2023-07-19 00:00:00-04:00,10.5,10.5,10.5,10.5,75600,0.0,0.0
2023-07-20 00:00:00-04:00,10.520000457763672,10.520000457763672,10.520000457763672,10.520000457763672,200,0.0,0.0
2023-07-21 00:00:00-04:00,10.520000457763672,10.520000457763672,10.520000457763672,10.520000457763672,0,0.0,0.0
2023-07-24 00:00:00-04:00,10.539999961853027,10.539999961853027,10.539999961853027,10.539999961853027,200,0.0,0.0
2023-07-25 00:00:00-04:00,10.539999961853027,10.539999961853027,10.539999961853027,10.539999961853027,0,0.0,0.0
2023-07-26 00:00:00-04:00,10.539999961853027,10.539999961853027,10.539999961853027,10.539999961853027,0,0.0,0.0
2023-07-27 00:00:00-04:00,10.539999961853027,10.539999961853027,10.539999961853027,10.539999961853027,0,0.0,0.0
2023-07-28 00:00:00-04:00,10.539999961853027,10.539999961853027,10.539999961853027,10.539999961853027,0,0.0,0.0
2023-07-31 00:00:00-04:00,10.539999961853027,10.539999961853027,10.539999961853027,10.539999961853027,0,0.0,0.0
2023-08-01 00:00:00-04:00,10.550000190734863,10.550000190734863,10.539999961853027,10.539999961853027,3900,0.0,0.0
2023-08-02 00:00:00-04:00,10.539999961853027,10.539999961853027,10.520000457763672,10.539999961853027,10700,0.0,0.0
2023-08-03 00:00:00-04:00,10.539999961853027,10.539999961853027,10.539999961853027,10.539999961853027,1300,0.0,0.0
2023-08-04 00:00:00-04:00,10.5600004196167,11.020000457763672,10.520000457763672,10.765000343322754,2600,0.0,0.0
2023-08-07 00:00:00-04:00,10.765000343322754,10.765000343322754,10.765000343322754,10.765000343322754,0,0.0,0.0
2023-08-08 00:00:00-04:00,10.765000343322754,10.765000343322754,10.765000343322754,10.765000343322754,0,0.0,0.0
2023-08-09 00:00:00-04:00,10.765000343322754,10.765000343322754,10.765000343322754,10.765000343322754,0,0.0,0.0
2023-08-10 00:00:00-04:00,10.765000343322754,10.765000343322754,10.765000343322754,10.765000343322754,0,0.0,0.0
2023-08-11 00:00:00-04:00,10.765000343322754,10.765000343322754,10.765000343322754,10.765000343322754,0,0.0,0.0
2023-08-14 00:00:00-04:00,10.765000343322754,10.765000343322754,10.765000343322754,10.765000343322754,0,0.0,0.0
2023-08-15 00:00:00-04:00,10.765000343322754,10.765000343322754,10.765000343322754,10.765000343322754,0,0.0,0.0
2023-08-16 00:00:00-04:00,10.765000343322754,10.765000343322754,10.765000343322754,10.765000343322754,0,0.0,0.0
2023-08-17 00:00:00-04:00,10.765000343322754,10.765000343322754,10.765000343322754,10.765000343322754,0,0.0,0.0
2023-08-18 00:00:00-04:00,10.765000343322754,10.765000343322754,10.765000343322754,10.765000343322754,0,0.0,0.0
2023-08-21 00:00:00-04:00,10.765000343322754,10.765000343322754,10.765000343322754,10.765000343322754,0,0.0,0.0
2023-08-22 00:00:00-04:00,10.630000114440918,10.630000114440918,10.630000114440918,10.630000114440918,100,0.0,0.0
2023-08-23 00:00:00-04:00,10.630000114440918,10.630000114440918,10.630000114440918,10.630000114440918,0,0.0,0.0
2023-08-24 00:00:00-04:00,10.630000114440918,10.630000114440918,10.630000114440918,10.630000114440918,0,0.0,0.0
2023-08-25 00:00:00-04:00,10.630000114440918,10.630000114440918,10.630000114440918,10.630000114440918,0,0.0,0.0
2023-08-28 00:00:00-04:00,10.630000114440918,10.630000114440918,10.630000114440918,10.630000114440918,0,0.0,0.0
2023-08-29 00:00:00-04:00,10.680000305175781,10.680000305175781,10.664999961853027,10.680000305175781,6900,0.0,0.0
2023-08-30 00:00:00-04:00,10.680000305175781,10.680000305175781,10.680000305175781,10.680000305175781,0,0.0,0.0
2023-08-31 00:00:00-04:00,10.680000305175781,10.680000305175781,10.680000305175781,10.680000305175781,0,0.0,0.0
2023-09-01 00:00:00-04:00,10.680000305175781,10.680000305175781,10.680000305175781,10.680000305175781,0,0.0,0.0
2023-09-05 00:00:00-04:00,10.680000305175781,10.680000305175781,10.680000305175781,10.680000305175781,0,0.0,0.0
2023-09-06 00:00:00-04:00,10.640000343322754,10.652999877929688,10.640000343322754,10.652999877929688,1500,0.0,0.0
2023-09-07 00:00:00-04:00,10.652999877929688,10.652999877929688,10.652999877929688,10.652999877929688,0,0.0,0.0
2023-09-08 00:00:00-04:00,10.652999877929688,10.652999877929688,10.652999877929688,10.652999877929688,0,0.0,0.0
2023-09-11 00:00:00-04:00,10.65999984741211,10.65999984741211,10.619999885559082,10.619999885559082,6900,0.0,0.0
2023-09-12 00:00:00-04:00,10.619999885559082,10.630999565124512,10.600000381469727,10.609999656677246,18000,0.0,0.0
2023-09-13 00:00:00-04:00,10.619999885559082,10.621999740600586,10.619999885559082,10.619999885559082,11400,0.0,0.0
2023-09-14 00:00:00-04:00,10.619999885559082,10.619999885559082,10.619999885559082,10.619999885559082,0,0.0,0.0
2023-09-15 00:00:00-04:00,10.619999885559082,10.619999885559082,10.619999885559082,10.619999885559082,0,0.0,0.0
2023-09-18 00:00:00-04:00,10.619999885559082,10.619999885559082,10.619999885559082,10.619999885559082,0,0.0,0.0
2023-09-19 00:00:00-04:00,10.619999885559082,10.619999885559082,10.619999885559082,10.619999885559082,100,0.0,0.0
2023-09-20 00:00:00-04:00,10.649999618530273,10.649999618530273,10.630000114440918,10.649999618530273,5800,0.0,0.0
2023-09-21 00:00:00-04:00,10.649999618530273,10.649999618530273,10.649999618530273,10.649999618530273,0,0.0,0.0
2023-09-22 00:00:00-04:00,10.649999618530273,10.649999618530273,10.649999618530273,10.649999618530273,0,0.0,0.0
2023-09-25 00:00:00-04:00,10.680000305175781,10.680000305175781,10.680000305175781,10.680000305175781,1700,0.0,0.0
2023-09-26 00:00:00-04:00,10.65999984741211,10.65999984741211,10.65999984741211,10.65999984741211,500,0.0,0.0
2023-09-27 00:00:00-04:00,10.699999809265137,10.699999809265137,10.699999809265137,10.699999809265137,1500,0.0,0.0
2023-09-28 00:00:00-04:00,10.699999809265137,10.699999809265137,10.699999809265137,10.699999809265137,0,0.0,0.0
2023-09-29 00:00:00-04:00,10.699999809265137,10.699999809265137,10.699999809265137,10.699999809265137,0,0.0,0.0
2023-10-02 00:00:00-04:00,10.699999809265137,10.699999809265137,10.699999809265137,10.699999809265137,0,0.0,0.0
2023-10-03 00:00:00-04:00,10.680000305175781,10.699999809265137,10.661999702453613,10.661999702453613,1000,0.0,0.0
2023-10-04 00:00:00-04:00,10.699999809265137,10.699999809265137,10.670000076293945,10.670000076293945,2400,0.0,0.0
2023-10-05 00:00:00-04:00,10.699999809265137,10.699999809265137,10.670000076293945,10.670000076293945,1600,0.0,0.0
2023-10-06 00:00:00-04:00,10.670000076293945,10.670000076293945,10.670000076293945,10.670000076293945,0,0.0,0.0
2023-10-09 00:00:00-04:00,10.670000076293945,10.670000076293945,10.670000076293945,10.670000076293945,0,0.0,0.0
2023-10-10 00:00:00-04:00,10.670000076293945,10.670000076293945,10.670000076293945,10.670000076293945,0,0.0,0.0
2023-10-11 00:00:00-04:00,10.670000076293945,10.670000076293945,10.670000076293945,10.670000076293945,0,0.0,0.0
2023-10-12 00:00:00-04:00,10.670000076293945,10.670000076293945,10.670000076293945,10.670000076293945,1000,0.0,0.0
2023-10-13 00:00:00-04:00,10.670000076293945,10.6850004196167,10.670000076293945,10.670000076293945,4700,0.0,0.0
2023-10-16 00:00:00-04:00,10.670000076293945,10.670000076293945,10.670000076293945,10.670000076293945,0,0.0,0.0
2023-10-17 00:00:00-04:00,10.670000076293945,10.670000076293945,10.670000076293945,10.670000076293945,0,0.0,0.0
2023-10-18 00:00:00-04:00,10.670000076293945,10.670000076293945,10.670000076293945,10.670000076293945,0,0.0,0.0
2023-10-19 00:00:00-04:00,10.670000076293945,10.670000076293945,10.670000076293945,10.670000076293945,0,0.0,0.0
2023-10-20 00:00:00-04:00,10.670000076293945,10.670000076293945,10.670000076293945,10.670000076293945,0,0.0,0.0
2023-10-23 00:00:00-04:00,10.649999618530273,10.649999618530273,10.649999618530273,10.649999618530273,100,0.0,0.0
2023-10-24 00:00:00-04:00,10.680000305175781,10.680000305175781,10.640000343322754,10.640000343322754,1600,0.0,0.0
2023-10-25 00:00:00-04:00,10.649999618530273,10.65999984741211,10.649999618530273,10.65999984741211,1600,0.0,0.0
2023-10-26 00:00:00-04:00,10.670000076293945,10.670000076293945,10.670000076293945,10.670000076293945,100,0.0,0.0
2023-10-27 00:00:00-04:00,10.6899995803833,10.6899995803833,10.6899995803833,10.6899995803833,100,0.0,0.0
2023-10-30 00:00:00-04:00,10.800000190734863,10.800000190734863,10.6899995803833,10.6899995803833,300,0.0,0.0
2023-10-31 00:00:00-04:00,10.6899995803833,10.6899995803833,10.6899995803833,10.6899995803833,0,0.0,0.0
2023-11-01 00:00:00-04:00,10.6899995803833,10.6899995803833,10.6899995803833,10.6899995803833,0,0.0,0.0
2023-11-02 00:00:00-04:00,10.65999984741211,10.65999984741211,10.65999984741211,10.65999984741211,100,0.0,0.0
2023-11-03 00:00:00-04:00,10.65999984741211,10.65999984741211,10.65999984741211,10.65999984741211,0,0.0,0.0
2023-11-06 00:00:00-05:00,10.65999984741211,10.65999984741211,10.65999984741211,10.65999984741211,0,0.0,0.0
2023-11-07 00:00:00-05:00,10.699999809265137,11.204999923706055,10.699999809265137,11.204999923706055,200,0.0,0.0
2023-11-08 00:00:00-05:00,11.204999923706055,11.204999923706055,11.204999923706055,11.204999923706055,0,0.0,0.0
2023-11-09 00:00:00-05:00,11.204999923706055,11.204999923706055,11.204999923706055,11.204999923706055,0,0.0,0.0
2023-11-10 00:00:00-05:00,11.204999923706055,11.204999923706055,11.204999923706055,11.204999923706055,0,0.0,0.0
2023-11-13 00:00:00-05:00,11.204999923706055,11.204999923706055,11.204999923706055,11.204999923706055,0,0.0,0.0
2023-11-14 00:00:00-05:00,11.204999923706055,11.204999923706055,11.204999923706055,11.204999923706055,0,0.0,0.0
2023-11-15 00:00:00-05:00,11.204999923706055,11.204999923706055,11.204999923706055,11.204999923706055,0,0.0,0.0
2023-11-16 00:00:00-05:00,11.204999923706055,11.204999923706055,11.204999923706055,11.204999923706055,0,0.0,0.0
2023-11-17 00:00:00-05:00,11.204999923706055,11.204999923706055,11.204999923706055,11.204999923706055,0,0.0,0.0
2023-11-20 00:00:00-05:00,11.204999923706055,11.204999923706055,11.204999923706055,11.204999923706055,0,0.0,0.0
2023-11-21 00:00:00-05:00,11.204999923706055,11.204999923706055,11.204999923706055,11.204999923706055,0,0.0,0.0
2023-11-22 00:00:00-05:00,11.204999923706055,11.204999923706055,11.204999923706055,11.204999923706055,0,0.0,0.0
2023-11-24 00:00:00-05:00,11.204999923706055,11.204999923706055,11.204999923706055,11.204999923706055,0,0.0,0.0
2023-11-27 00:00:00-05:00,11.204999923706055,11.204999923706055,11.204999923706055,11.204999923706055,0,0.0,0.0
2023-11-28 00:00:00-05:00,11.204999923706055,11.204999923706055,11.204999923706055,11.204999923706055,0,0.0,0.0
2023-11-29 00:00:00-05:00,11.204999923706055,11.204999923706055,11.204999923706055,11.204999923706055,0,0.0,0.0
2023-11-30 00:00:00-05:00,11.204999923706055,11.204999923706055,11.204999923706055,11.204999923706055,0,0.0,0.0
2023-12-01 00:00:00-05:00,11.204999923706055,11.204999923706055,11.204999923706055,11.204999923706055,0,0.0,0.0
2023-12-04 00:00:00-05:00,11.204999923706055,11.204999923706055,11.204999923706055,11.204999923706055,0,0.0,0.0
2023-12-05 00:00:00-05:00,11.204999923706055,11.204999923706055,11.204999923706055,11.204999923706055,0,0.0,0.0
2023-12-06 00:00:00-05:00,11.204999923706055,11.204999923706055,11.204999923706055,11.204999923706055,0,0.0,0.0
2023-12-07 00:00:00-05:00,11.204999923706055,11.204999923706055,11.204999923706055,11.204999923706055,0,0.0,0.0
2023-12-08 00:00:00-05:00,11.204999923706055,11.204999923706055,11.204999923706055,11.204999923706055,0,0.0,0.0
2023-12-11 00:00:00-05:00,11.204999923706055,11.204999923706055,11.204999923706055,11.204999923706055,0,0.0,0.0
2023-12-12 00:00:00-05:00,11.204999923706055,11.204999923706055,11.204999923706055,11.204999923706055,0,0.0,0.0
2023-12-13 00:00:00-05:00,11.204999923706055,11.204999923706055,11.204999923706055,11.204999923706055,0,0.0,0.0
2023-12-14 00:00:00-05:00,11.204999923706055,11.204999923706055,11.204999923706055,11.204999923706055,0,0.0,0.0
2023-12-15 00:00:00-05:00,11.204999923706055,11.204999923706055,11.204999923706055,11.204999923706055,0,0.0,0.0
2023-12-18 00:00:00-05:00,11.204999923706055,11.204999923706055,11.204999923706055,11.204999923706055,0,0.0,0.0
2023-12-19 00:00:00-05:00,11.204999923706055,11.204999923706055,11.204999923706055,11.204999923706055,0,0.0,0.0
2023-12-20 00:00:00-05:00,11.204999923706055,11.204999923706055,11.204999923706055,11.204999923706055,0,0.0,0.0
2023-12-21 00:00:00-05:00,11.204999923706055,11.204999923706055,11.204999923706055,11.204999923706055,0,0.0,0.0
2023-12-22 00:00:00-05:00,11.204999923706055,11.204999923706055,11.204999923706055,11.204999923706055,0,0.0,0.0
2023-12-26 00:00:00-05:00,11.204999923706055,11.204999923706055,11.204999923706055,11.204999923706055,0,0.0,0.0
2023-12-27 00:00:00-05:00,11.204999923706055,11.204999923706055,11.204999923706055,11.204999923706055,0,0.0,0.0
2023-12-28 00:00:00-05:00,11.204999923706055,11.204999923706055,11.204999923706055,11.204999923706055,0,0.0,0.0
2023-12-29 00:00:00-05:00,11.204999923706055,11.204999923706055,11.204999923706055,11.204999923706055,0,0.0,0.0
2024-01-02 00:00:00-05:00,11.204999923706055,11.204999923706055,11.204999923706055,11.204999923706055,0,0.0,0.0
2024-01-03 00:00:00-05:00,11.204999923706055,11.204999923706055,11.204999923706055,11.204999923706055,0,0.0,0.0
2024-01-04 00:00:00-05:00,11.204999923706055,11.204999923706055,11.204999923706055,11.204999923706055,0,0.0,0.0
2024-01-05 00:00:00-05:00,11.204999923706055,11.204999923706055,11.204999923706055,11.204999923706055,0,0.0,0.0
2024-01-08 00:00:00-05:00,11.204999923706055,11.204999923706055,11.204999923706055,11.204999923706055,0,0.0,0.0
2024-01-09 00:00:00-05:00,11.204999923706055,11.204999923706055,11.204999923706055,11.204999923706055,0,0.0,0.0
2024-01-10 00:00:00-05:00,11.204999923706055,11.204999923706055,11.204999923706055,11.204999923706055,0,0.0,0.0
2024-01-11 00:00:00-05:00,11.204999923706055,11.204999923706055,11.204999923706055,11.204999923706055,0,0.0,0.0
2024-01-12 00:00:00-05:00,10.710000038146973,10.710000038146973,10.699999809265137,10.699999809265137,900,0.0,0.0
2024-01-16 00:00:00-05:00,10.699999809265137,10.699999809265137,10.699999809265137,10.699999809265137,0,0.0,0.0
2024-01-17 00:00:00-05:00,10.710000038146973,10.710000038146973,10.710000038146973,10.710000038146973,300,0.0,0.0
2024-01-18 00:00:00-05:00,10.710000038146973,10.710000038146973,10.710000038146973,10.710000038146973,0,0.0,0.0
2024-01-19 00:00:00-05:00,10.710000038146973,10.710000038146973,10.710000038146973,10.710000038146973,0,0.0,0.0
2024-01-22 00:00:00-05:00,10.710000038146973,10.710000038146973,10.710000038146973,10.710000038146973,0,0.0,0.0
2024-01-23 00:00:00-05:00,10.710000038146973,10.710000038146973,10.710000038146973,10.710000038146973,0,0.0,0.0
2024-01-24 00:00:00-05:00,10.710000038146973,10.710000038146973,10.710000038146973,10.710000038146973,0,0.0,0.0
2024-01-25 00:00:00-05:00,10.710000038146973,10.710000038146973,10.710000038146973,10.710000038146973,0,0.0,0.0
2024-01-26 00:00:00-05:00,10.710000038146973,10.710000038146973,10.710000038146973,10.710000038146973,0,0.0,0.0
2024-01-29 00:00:00-05:00,10.710000038146973,10.710000038146973,10.710000038146973,10.710000038146973,0,0.0,0.0
2024-01-30 00:00:00-05:00,10.710000038146973,10.710000038146973,10.710000038146973,10.710000038146973,0,0.0,0.0
2024-01-31 00:00:00-05:00,10.710000038146973,10.710000038146973,10.710000038146973,10.710000038146973,0,0.0,0.0
2024-02-01 00:00:00-05:00,10.710000038146973,10.710000038146973,10.710000038146973,10.710000038146973,0,0.0,0.0
2024-02-02 00:00:00-05:00,10.710000038146973,10.710000038146973,10.710000038146973,10.710000038146973,0,0.0,0.0
2024-02-05 00:00:00-05:00,10.710000038146973,10.710000038146973,10.710000038146973,10.710000038146973,0,0.0,0.0
2024-02-06 00:00:00-05:00,10.710000038146973,10.710000038146973,10.710000038146973,10.710000038146973,0,0.0,0.0
2024-02-07 00:00:00-05:00,10.710000038146973,10.710000038146973,10.710000038146973,10.710000038146973,0,0.0,0.0
2024-02-08 00:00:00-05:00,10.710000038146973,10.710000038146973,10.710000038146973,10.710000038146973,0,0.0,0.0
2024-02-09 00:00:00-05:00,10.710000038146973,10.710000038146973,10.710000038146973,10.710000038146973,0,0.0,0.0
2024-02-12 00:00:00-05:00,10.710000038146973,10.710000038146973,10.710000038146973,10.710000038146973,0,0.0,0.0
2024-02-13 00:00:00-05:00,10.710000038146973,10.710000038146973,10.710000038146973,10.710000038146973,0,0.0,0.0
2024-02-14 00:00:00-05:00,10.710000038146973,10.710000038146973,10.710000038146973,10.710000038146973,0,0.0,0.0
2024-02-15 00:00:00-05:00,10.710000038146973,10.710000038146973,10.710000038146973,10.710000038146973,0,0.0,0.0
2024-02-16 00:00:00-05:00,10.710000038146973,10.710000038146973,10.710000038146973,10.710000038146973,0,0.0,0.0
2024-02-20 00:00:00-05:00,10.710000038146973,10.710000038146973,10.710000038146973,10.710000038146973,0,0.0,0.0
2024-02-21 00:00:00-05:00,10.710000038146973,10.710000038146973,10.710000038146973,10.710000038146973,0,0.0,0.0
2024-02-22 00:00:00-05:00,10.710000038146973,10.710000038146973,10.710000038146973,10.710000038146973,0,0.0,0.0
2024-02-23 00:00:00-05:00,10.710000038146973,10.710000038146973,10.710000038146973,10.710000038146973,0,0.0,0.0
2024-02-26 00:00:00-05:00,10.710000038146973,10.710000038146973,10.710000038146973,10.710000038146973,0,0.0,0.0
2024-02-27 00:00:00-05:00,10.710000038146973,10.710000038146973,10.710000038146973,10.710000038146973,0,0.0,0.0
2024-02-28 00:00:00-05:00,10.710000038146973,10.710000038146973,10.710000038146973,10.710000038146973,0,0.0,0.0
2024-02-29 00:00:00-05:00,10.710000038146973,10.710000038146973,10.710000038146973,10.710000038146973,0,0.0,0.0
2024-03-01 00:00:00-05:00,10.710000038146973,10.710000038146973,10.710000038146973,10.710000038146973,0,0.0,0.0
2024-03-04 00:00:00-05:00,10.710000038146973,10.729999542236328,10.710000038146973,10.710000038146973,35000,0.0,0.0
2024-03-05 00:00:00-05:00,10.710000038146973,10.710000038146973,10.710000038146973,10.710000038146973,0,0.0,0.0
2024-03-06 00:00:00-05:00,10.710000038146973,10.710000038146973,10.710000038146973,10.710000038146973,0,0.0,0.0
2024-03-07 00:00:00-05:00,10.710000038146973,10.710000038146973,10.710000038146973,10.710000038146973,0,0.0,0.0
2024-03-08 00:00:00-05:00,10.710000038146973,10.710000038146973,10.710000038146973,10.710000038146973,0,0.0,0.0
2024-03-11 00:00:00-04:00,10.710000038146973,10.710000038146973,10.710000038146973,10.710000038146973,0,0.0,0.0
2024-03-12 00:00:00-04:00,10.710000038146973,10.710000038146973,10.710000038146973,10.710000038146973,0,0.0,0.0
2024-03-13 00:00:00-04:00,10.710000038146973,10.710000038146973,10.710000038146973,10.710000038146973,0,0.0,0.0
2024-03-14 00:00:00-04:00,10.710000038146973,10.710000038146973,10.710000038146973,10.710000038146973,0,0.0,0.0
2024-03-15 00:00:00-04:00,10.710000038146973,10.710000038146973,10.710000038146973,10.710000038146973,0,0.0,0.0
2024-03-18 00:00:00-04:00,10.710000038146973,10.710000038146973,10.710000038146973,10.710000038146973,0,0.0,0.0
2024-03-19 00:00:00-04:00,10.710000038146973,10.710000038146973,10.710000038146973,10.710000038146973,0,0.0,0.0
2024-03-20 00:00:00-04:00,10.710000038146973,10.710000038146973,10.710000038146973,10.710000038146973,0,0.0,0.0
2024-03-21 00:00:00-04:00,10.710000038146973,10.710000038146973,10.710000038146973,10.710000038146973,0,0.0,0.0
2024-03-22 00:00:00-04:00,10.710000038146973,10.710000038146973,10.710000038146973,10.710000038146973,0,0.0,0.0
2024-03-25 00:00:00-04:00,10.710000038146973,10.710000038146973,10.710000038146973,10.710000038146973,0,0.0,0.0
2024-03-26 00:00:00-04:00,10.710000038146973,10.710000038146973,10.710000038146973,10.710000038146973,0,0.0,0.0
2024-03-27 00:00:00-04:00,10.710000038146973,10.710000038146973,10.710000038146973,10.710000038146973,0,0.0,0.0
2024-03-28 00:00:00-04:00,10.710000038146973,10.710000038146973,10.710000038146973,10.710000038146973,0,0.0,0.0
2024-04-01 00:00:00-04:00,10.710000038146973,10.710000038146973,10.710000038146973,10.710000038146973,0,0.0,0.0
2024-04-02 00:00:00-04:00,10.710000038146973,10.710000038146973,10.710000038146973,10.710000038146973,0,0.0,0.0
2024-04-03 00:00:00-04:00,10.710000038146973,10.710000038146973,10.710000038146973,10.710000038146973,0,0.0,0.0
2024-04-04 00:00:00-04:00,10.710000038146973,10.710000038146973,10.710000038146973,10.710000038146973,0,0.0,0.0
2024-04-05 00:00:00-04:00,10.880000114440918,10.880000114440918,10.880000114440918,10.880000114440918,100,0.0,0.0
2024-04-08 00:00:00-04:00,10.880000114440918,10.880000114440918,10.880000114440918,10.880000114440918,0,0.0,0.0
2024-04-09 00:00:00-04:00,11.0,11.0,11.0,11.0,100,0.0,0.0
2024-04-10 00:00:00-04:00,11.0,11.0,11.0,11.0,0,0.0,0.0
2024-04-11 00:00:00-04:00,11.0,11.0,11.0,11.0,0,0.0,0.0
2024-04-12 00:00:00-04:00,11.0,11.0,11.0,11.0,0,0.0,0.0
2024-04-15 00:00:00-04:00,11.0,11.0,11.0,11.0,0,0.0,0.0
2024-04-16 00:00:00-04:00,11.0,11.0,11.0,11.0,0,0.0,0.0
2024-04-17 00:00:00-04:00,11.0,11.0,11.0,11.0,0,0.0,0.0
2024-04-18 00:00:00-04:00,11.0,11.0,11.0,11.0,0,0.0,0.0
2024-04-19 00:00:00-04:00,11.0,11.0,11.0,11.0,0,0.0,0.0
2024-04-22 00:00:00-04:00,11.0,11.0,11.0,11.0,0,0.0,0.0
2024-04-23 00:00:00-04:00,11.0,11.0,11.0,11.0,0,0.0,0.0
2024-04-24 00:00:00-04:00,11.0,11.0,11.0,11.0,0,0.0,0.0
2024-04-25 00:00:00-04:00,11.0,11.0,11.0,11.0,0,0.0,0.0
2024-04-26 00:00:00-04:00,11.0,11.0,11.0,11.0,0,0.0,0.0
2024-04-29 00:00:00-04:00,11.0,11.0,11.0,11.0,0,0.0,0.0
2024-04-30 00:00:00-04:00,11.0,11.0,11.0,11.0,0,0.0,0.0
2024-05-01 00:00:00-04:00,11.0,11.0,11.0,11.0,0,0.0,0.0
2024-05-02 00:00:00-04:00,11.0,11.0,11.0,11.0,0,0.0,0.0
2024-05-03 00:00:00-04:00,11.0,11.0,11.0,11.0,0,0.0,0.0
2024-05-06 00:00:00-04:00,11.0,11.0,11.0,11.0,0,0.0,0.0
2024-05-07 00:00:00-04:00,11.0,11.0,11.0,11.0,0,0.0,0.0
2024-05-08 00:00:00-04:00,11.0,11.0,11.0,11.0,0,0.0,0.0
2024-05-09 00:00:00-04:00,11.0,11.0,11.0,11.0,0,0.0,0.0
2024-05-10 00:00:00-04:00,11.0,11.0,11.0,11.0,0,0.0,0.0
2024-05-13 00:00:00-04:00,11.0,11.0,11.0,11.0,0,0.0,0.0
2024-05-14 00:00:00-04:00,11.0,11.0,11.0,11.0,0,0.0,0.0
2024-05-15 00:00:00-04:00,11.0,11.0,11.0,11.0,0,0.0,0.0
2024-05-16 00:00:00-04:00,11.0,11.869999885559082,10.960000038146973,10.960000038146973,1400,0.0,0.0
2024-05-17 00:00:00-04:00,10.960000038146973,10.960000038146973,10.960000038146973,10.960000038146973,0,0.0,0.0
2024-05-20 00:00:00-04:00,10.960000038146973,10.960000038146973,10.960000038146973,10.960000038146973,0,0.0,0.0
2024-05-21 00:00:00-04:00,10.960000038146973,10.960000038146973,10.960000038146973,10.960000038146973,0,0.0,0.0
2024-05-22 00:00:00-04:00,11.0,11.0,11.0,11.0,500,0.0,0.0
2024-05-23 00:00:00-04:00,11.0,11.0,11.0,11.0,0,0.0,0.0
2024-05-24 00:00:00-04:00,11.0,11.0,11.0,11.0,0,0.0,0.0
2024-05-28 00:00:00-04:00,11.0,11.0,11.0,11.0,0,0.0,0.0
2024-05-29 00:00:00-04:00,11.0,11.0,11.0,11.0,0,0.0,0.0
2024-05-30 00:00:00-04:00,11.0,11.0,11.0,11.0,0,0.0,0.0
2024-05-31 00:00:00-04:00,11.0,11.0,11.0,11.0,0,0.0,0.0
2024-06-03 00:00:00-04:00,11.0,11.0,11.0,11.0,0,0.0,0.0
2024-06-04 00:00:00-04:00,11.079999923706055,11.199999809265137,10.949999809265137,10.949999809265137,1200,0.0,0.0
2024-06-05 00:00:00-04:00,10.949999809265137,10.949999809265137,10.949999809265137,10.949999809265137,0,0.0,0.0
2024-06-06 00:00:00-04:00,10.949999809265137,10.949999809265137,10.949999809265137,10.949999809265137,0,0.0,0.0
2024-06-07 00:00:00-04:00,10.949999809265137,10.949999809265137,10.949999809265137,10.949999809265137,0,0.0,0.0
2024-06-10 00:00:00-04:00,10.949999809265137,10.949999809265137,10.949999809265137,10.949999809265137,0,0.0,0.0
2024-06-11 00:00:00-04:00,10.949999809265137,10.949999809265137,10.949999809265137,10.949999809265137,0,0.0,0.0
2024-06-12 00:00:00-04:00,10.949999809265137,10.949999809265137,10.949999809265137,10.949999809265137,0,0.0,0.0
2024-06-13 00:00:00-04:00,10.949999809265137,10.949999809265137,10.949999809265137,10.949999809265137,0,0.0,0.0
2024-06-14 00:00:00-04:00,10.949999809265137,10.949999809265137,10.949999809265137,10.949999809265137,0,0.0,0.0
2024-06-17 00:00:00-04:00,10.949999809265137,10.949999809265137,10.949999809265137,10.949999809265137,0,0.0,0.0
2024-06-18 00:00:00-04:00,10.949999809265137,10.949999809265137,10.949999809265137,10.949999809265137,0,0.0,0.0
2024-06-20 00:00:00-04:00,10.949999809265137,10.949999809265137,10.949999809265137,10.949999809265137,0,0.0,0.0
2024-06-21 00:00:00-04:00,10.949999809265137,10.949999809265137,10.949999809265137,10.949999809265137,0,0.0,0.0
2024-06-24 00:00:00-04:00,10.949999809265137,10.949999809265137,10.949999809265137,10.949999809265137,0,0.0,0.0
2024-06-25 00:00:00-04:00,10.949999809265137,10.949999809265137,10.949999809265137,10.949999809265137,0,0.0,0.0
2024-06-26 00:00:00-04:00,10.949999809265137,10.949999809265137,10.949999809265137,10.949999809265137,0,0.0,0.0
2024-06-27 00:00:00-04:00,10.949999809265137,10.949999809265137,10.949999809265137,10.949999809265137,0,0.0,0.0
2024-06-28 00:00:00-04:00,10.949999809265137,10.949999809265137,10.949999809265137,10.949999809265137,0,0.0,0.0
2024-07-01 00:00:00-04:00,10.949999809265137,10.949999809265137,10.949999809265137,10.949999809265137,0,0.0,0.0
2024-07-02 00:00:00-04:00,10.949999809265137,10.949999809265137,10.949999809265137,10.949999809265137,0,0.0,0.0
2024-07-03 00:00:00-04:00,10.949999809265137,10.949999809265137,10.949999809265137,10.949999809265137,0,0.0,0.0
2024-07-05 00:00:00-04:00,10.949999809265137,10.949999809265137,10.949999809265137,10.949999809265137,0,0.0,0.0
2024-07-08 00:00:00-04:00,10.949999809265137,10.949999809265137,10.949999809265137,10.949999809265137,0,0.0,0.0
2024-07-09 00:00:00-04:00,11.0600004196167,11.0600004196167,11.0600004196167,11.0600004196167,200,0.0,0.0
2024-07-10 00:00:00-04:00,11.0600004196167,11.0600004196167,11.0600004196167,11.0600004196167,0,0.0,0.0
2024-07-11 00:00:00-04:00,11.0600004196167,11.0600004196167,11.0600004196167,11.0600004196167,0,0.0,0.0
2024-07-12 00:00:00-04:00,11.0600004196167,11.0600004196167,11.0600004196167,11.0600004196167,0,0.0,0.0
2024-07-15 00:00:00-04:00,11.0600004196167,11.0600004196167,11.0600004196167,11.0600004196167,0,0.0,0.0
2024-07-16 00:00:00-04:00,11.0600004196167,11.0600004196167,11.0600004196167,11.0600004196167,0,0.0,0.0
2024-07-17 00:00:00-04:00,11.0600004196167,11.0600004196167,11.0600004196167,11.0600004196167,0,0.0,0.0
2024-07-18 00:00:00-04:00,11.0600004196167,11.0600004196167,11.0600004196167,11.0600004196167,0,0.0,0.0
2024-07-19 00:00:00-04:00,11.0600004196167,11.0600004196167,11.0600004196167,11.0600004196167,0,0.0,0.0
2024-07-22 00:00:00-04:00,11.0600004196167,11.0600004196167,11.0600004196167,11.0600004196167,0,0.0,0.0
2024-07-23 00:00:00-04:00,11.0600004196167,11.0600004196167,11.0600004196167,11.0600004196167,0,0.0,0.0
2024-07-24 00:00:00-04:00,11.0600004196167,11.0600004196167,11.0600004196167,11.0600004196167,0,0.0,0.0
2024-07-25 00:00:00-04:00,11.0600004196167,11.0600004196167,11.0600004196167,11.0600004196167,0,0.0,0.0
2024-07-26 00:00:00-04:00,11.0600004196167,11.0600004196167,11.0600004196167,11.0600004196167,0,0.0,0.0
2024-07-29 00:00:00-04:00,11.0600004196167,11.0600004196167,11.0600004196167,11.0600004196167,0,0.0,0.0
2024-07-30 00:00:00-04:00,11.0600004196167,11.0600004196167,11.0600004196167,11.0600004196167,0,0.0,0.0
2024-07-31 00:00:00-04:00,11.0600004196167,11.0600004196167,11.0600004196167,11.0600004196167,0,0.0,0.0
2024-08-01 00:00:00-04:00,11.0600004196167,11.0600004196167,11.0600004196167,11.0600004196167,0,0.0,0.0
2024-08-02 00:00:00-04:00,11.0600004196167,11.0600004196167,11.0600004196167,11.0600004196167,0,0.0,0.0
2024-08-05 00:00:00-04:00,11.229999542236328,12.050000190734863,11.229999542236328,11.300000190734863,1400,0.0,0.0
2024-08-06 00:00:00-04:00,12.399999618530273,13.300000190734863,11.699999809265137,11.899999618530273,3300,0.0,0.0
2024-08-07 00:00:00-04:00,11.899999618530273,11.899999618530273,11.899999618530273,11.899999618530273,0,0.0,0.0
2024-08-08 00:00:00-04:00,11.5,11.5,11.15999984741211,11.15999984741211,600,0.0,0.0
2024-08-09 00:00:00-04:00,11.15999984741211,11.15999984741211,11.15999984741211,11.15999984741211,0,0.0,0.0
2024-08-12 00:00:00-04:00,11.130000114440918,11.130000114440918,11.130000114440918,11.130000114440918,200,0.0,0.0
2024-08-13 00:00:00-04:00,11.130000114440918,11.130000114440918,11.130000114440918,11.130000114440918,0,0.0,0.0
2024-08-14 00:00:00-04:00,11.130000114440918,11.130000114440918,11.130000114440918,11.130000114440918,0,0.0,0.0
2024-08-15 00:00:00-04:00,11.130000114440918,11.130000114440918,11.130000114440918,11.130000114440918,0,0.0,0.0
2024-08-16 00:00:00-04:00,11.130000114440918,11.130000114440918,11.130000114440918,11.130000114440918,0,0.0,0.0
2024-08-19 00:00:00-04:00,11.130000114440918,11.130000114440918,11.130000114440918,11.130000114440918,100,0.0,0.0
2024-08-20 00:00:00-04:00,11.130000114440918,11.130000114440918,11.130000114440918,11.130000114440918,0,0.0,0.0
2024-08-21 00:00:00-04:00,11.130000114440918,11.130000114440918,11.130000114440918,11.130000114440918,0,0.0,0.0
2024-08-22 00:00:00-04:00,11.130000114440918,11.130000114440918,11.130000114440918,11.130000114440918,0,0.0,0.0
2024-08-23 00:00:00-04:00,11.130000114440918,11.130000114440918,11.130000114440918,11.130000114440918,0,0.0,0.0
2024-08-26 00:00:00-04:00,11.130000114440918,11.130000114440918,11.130000114440918,11.130000114440918,0,0.0,0.0
2024-08-27 00:00:00-04:00,11.130000114440918,11.130000114440918,11.130000114440918,11.130000114440918,0,0.0,0.0
2024-08-28 00:00:00-04:00,11.130000114440918,11.130000114440918,11.130000114440918,11.130000114440918,0,0.0,0.0
2024-08-29 00:00:00-04:00,11.130000114440918,11.130000114440918,11.130000114440918,11.130000114440918,0,0.0,0.0
2024-08-30 00:00:00-04:00,11.130000114440918,11.130000114440918,11.130000114440918,11.130000114440918,0,0.0,0.0
2024-09-03 00:00:00-04:00,11.130000114440918,11.130000114440918,11.130000114440918,11.130000114440918,0,0.0,0.0
2024-09-04 00:00:00-04:00,11.130000114440918,11.130000114440918,11.130000114440918,11.130000114440918,0,0.0,0.0
2024-09-05 00:00:00-04:00,11.130000114440918,11.130000114440918,11.130000114440918,11.130000114440918,0,0.0,0.0
2024-09-06 00:00:00-04:00,11.130000114440918,11.130000114440918,11.130000114440918,11.130000114440918,0,0.0,0.0
2024-09-09 00:00:00-04:00,11.130000114440918,11.130000114440918,11.130000114440918,11.130000114440918,0,0.0,0.0
2024-09-10 00:00:00-04:00,11.130000114440918,11.130000114440918,11.130000114440918,11.130000114440918,0,0.0,0.0
2024-09-11 00:00:00-04:00,11.130000114440918,11.130000114440918,11.130000114440918,11.130000114440918,0,0.0,0.0
2024-09-12 00:00:00-04:00,11.130000114440918,11.130000114440918,11.130000114440918,11.130000114440918,0,0.0,0.0
2024-09-13 00:00:00-04:00,11.130000114440918,11.130000114440918,11.130000114440918,11.130000114440918,0,0.0,0.0
2024-09-16 00:00:00-04:00,11.130000114440918,11.130000114440918,11.130000114440918,11.130000114440918,0,0.0,0.0
2024-09-17 00:00:00-04:00,11.130000114440918,11.130000114440918,11.130000114440918,11.130000114440918,0,0.0,0.0
2024-09-18 00:00:00-04:00,11.130000114440918,11.130000114440918,11.130000114440918,11.130000114440918,0,0.0,0.0
2024-09-19 00:00:00-04:00,11.130000114440918,11.130000114440918,11.130000114440918,11.130000114440918,0,0.0,0.0
2024-09-20 00:00:00-04:00,11.130000114440918,11.130000114440918,11.130000114440918,11.130000114440918,0,0.0,0.0
2024-09-23 00:00:00-04:00,11.130000114440918,11.130000114440918,11.130000114440918,11.130000114440918,0,0.0,0.0
2024-09-24 00:00:00-04:00,11.130000114440918,11.130000114440918,11.130000114440918,11.130000114440918,0,0.0,0.0
2024-09-25 00:00:00-04:00,11.489999771118164,11.489999771118164,11.289999961853027,11.289999961853027,400,0.0,0.0
2024-09-26 00:00:00-04:00,11.289999961853027,11.289999961853027,11.289999961853027,11.289999961853027,0,0.0,0.0
2024-09-27 00:00:00-04:00,11.289999961853027,11.289999961853027,11.289999961853027,11.289999961853027,0,0.0,0.0
2024-09-30 00:00:00-04:00,11.289999961853027,11.289999961853027,11.289999961853027,11.289999961853027,0,0.0,0.0
2024-10-01 00:00:00-04:00,11.289999961853027,11.289999961853027,11.289999961853027,11.289999961853027,0,0.0,0.0
2024-10-02 00:00:00-04:00,11.289999961853027,11.289999961853027,11.289999961853027,11.289999961853027,0,0.0,0.0
2024-10-03 00:00:00-04:00,11.289999961853027,11.289999961853027,11.289999961853027,11.289999961853027,0,0.0,0.0
2024-10-04 00:00:00-04:00,11.289999961853027,11.289999961853027,11.289999961853027,11.289999961853027,0,0.0,0.0
2024-10-07 00:00:00-04:00,11.289999961853027,11.289999961853027,11.289999961853027,11.289999961853027,0,0.0,0.0
2024-10-08 00:00:00-04:00,11.289999961853027,11.289999961853027,11.289999961853027,11.289999961853027,0,0.0,0.0
2024-10-09 00:00:00-04:00,11.289999961853027,11.289999961853027,11.289999961853027,11.289999961853027,0,0.0,0.0
2024-10-10 00:00:00-04:00,11.289999961853027,11.289999961853027,11.289999961853027,11.289999961853027,0,0.0,0.0
2024-10-11 00:00:00-04:00,11.289999961853027,11.289999961853027,11.289999961853027,11.289999961853027,0,0.0,0.0
2024-10-14 00:00:00-04:00,11.289999961853027,11.289999961853027,11.289999961853027,11.289999961853027,0,0.0,0.0
2024-10-15 00:00:00-04:00,11.289999961853027,11.289999961853027,11.289999961853027,11.289999961853027,0,0.0,0.0
2024-10-16 00:00:00-04:00,11.390000343322754,11.399999618530273,11.380000114440918,11.380000114440918,400,0.0,0.0
2024-10-17 00:00:00-04:00,11.380000114440918,11.380000114440918,11.380000114440918,11.380000114440918,0,0.0,0.0
2024-10-18 00:00:00-04:00,11.380000114440918,11.380000114440918,11.380000114440918,11.380000114440918,0,0.0,0.0
2024-10-21 00:00:00-04:00,11.380000114440918,11.380000114440918,11.380000114440918,11.380000114440918,0,0.0,0.0
2024-10-22 00:00:00-04:00,11.380000114440918,11.380000114440918,11.380000114440918,11.380000114440918,0,0.0,0.0
2024-10-23 00:00:00-04:00,11.380000114440918,11.380000114440918,11.380000114440918,11.380000114440918,0,0.0,0.0
2024-10-24 00:00:00-04:00,11.380000114440918,11.380000114440918,11.380000114440918,11.380000114440918,0,0.0,0.0
2024-10-25 00:00:00-04:00,11.380000114440918,11.380000114440918,11.380000114440918,11.380000114440918,0,0.0,0.0
2024-10-28 00:00:00-04:00,11.380000114440918,11.380000114440918,11.380000114440918,11.380000114440918,0,0.0,0.0
2024-10-29 00:00:00-04:00,11.380000114440918,11.380000114440918,11.380000114440918,11.380000114440918,0,0.0,0.0
2024-10-30 00:00:00-04:00,11.380000114440918,11.380000114440918,11.380000114440918,11.380000114440918,0,0.0,0.0
2024-10-31 00:00:00-04:00,11.380000114440918,11.380000114440918,11.380000114440918,11.380000114440918,0,0.0,0.0
2024-11-01 00:00:00-04:00,11.380000114440918,11.380000114440918,11.380000114440918,11.380000114440918,0,0.0,0.0
2024-11-04 00:00:00-05:00,11.380000114440918,11.380000114440918,11.380000114440918,11.380000114440918,0,0.0,0.0
2024-11-05 00:00:00-05:00,11.380000114440918,11.380000114440918,11.380000114440918,11.380000114440918,0,0.0,0.0
2024-11-06 00:00:00-05:00,11.380000114440918,11.380000114440918,11.380000114440918,11.380000114440918,0,0.0,0.0
2024-11-07 00:00:00-05:00,11.380000114440918,11.380000114440918,11.380000114440918,11.380000114440918,0,0.0,0.0
2024-11-08 00:00:00-05:00,12.0,12.0,11.760000228881836,11.760000228881836,400,0.0,0.0
2024-11-11 00:00:00-05:00,11.760000228881836,11.760000228881836,11.760000228881836,11.760000228881836,0,0.0,0.0
2024-11-12 00:00:00-05:00,12.9399995803833,13.699999809265137,12.029999732971191,12.029999732971191,2500,0.0,0.0
2024-11-13 00:00:00-05:00,11.430000305175781,11.430000305175781,11.399999618530273,11.399999618530273,400,0.0,0.0
2024-11-14 00:00:00-05:00,11.720000267028809,13.170000076293945,11.569999694824219,11.649999618530273,7800,0.0,0.0
2024-11-15 00:00:00-05:00,12.0,12.0,11.520000457763672,11.520000457763672,1000,0.0,0.0
2024-11-18 00:00:00-05:00,12.420000076293945,13.539999961853027,11.529999732971191,11.609999656677246,16900,0.0,0.0
2024-11-19 00:00:00-05:00,11.949999809265137,13.550000190734863,11.510000228881836,11.699999809265137,11500,0.0,0.0
2024-11-20 00:00:00-05:00,11.430000305175781,11.5,11.420000076293945,11.5,800,0.0,0.0
2024-11-21 00:00:00-05:00,11.40999984741211,11.40999984741211,11.399999618530273,11.399999618530273,500,0.0,0.0
2024-11-22 00:00:00-05:00,11.369999885559082,11.369999885559082,11.369999885559082,11.369999885559082,300,0.0,0.0
2024-11-25 00:00:00-05:00,11.40999984741211,11.550000190734863,11.40999984741211,11.5,2100,0.0,0.0
2024-11-26 00:00:00-05:00,11.5,11.5,11.5,11.5,0,0.0,0.0
2024-11-27 00:00:00-05:00,11.5,11.5,11.5,11.5,0,0.0,0.0
2024-11-29 00:00:00-05:00,11.5,11.5,11.5,11.5,0,0.0,0.0
2024-12-02 00:00:00-05:00,11.5,11.5,11.5,11.5,0,0.0,0.0
2024-12-03 00:00:00-05:00,11.4399995803833,11.4399995803833,11.4399995803833,11.4399995803833,900,0.0,0.0
2024-12-04 00:00:00-05:00,11.4399995803833,11.4399995803833,11.4399995803833,11.4399995803833,0,0.0,0.0
2024-12-05 00:00:00-05:00,11.4399995803833,11.4399995803833,11.4399995803833,11.4399995803833,0,0.0,0.0
2024-12-06 00:00:00-05:00,11.4399995803833,11.4399995803833,11.4399995803833,11.4399995803833,0,0.0,0.0
2024-12-09 00:00:00-05:00,11.4399995803833,11.4399995803833,11.4399995803833,11.4399995803833,0,0.0,0.0
2024-12-10 00:00:00-05:00,11.4399995803833,11.4399995803833,11.4399995803833,11.4399995803833,0,0.0,0.0
2024-12-11 00:00:00-05:00,11.4399995803833,11.4399995803833,11.4399995803833,11.4399995803833,0,0.0,0.0
2024-12-12 00:00:00-05:00,11.4399995803833,11.4399995803833,11.4399995803833,11.4399995803833,0,0.0,0.0
2024-12-13 00:00:00-05:00,11.4399995803833,11.4399995803833,11.4399995803833,11.4399995803833,0,0.0,0.0
2024-12-16 00:00:00-05:00,11.4399995803833,11.4399995803833,11.4399995803833,11.4399995803833,0,0.0,0.0
2024-12-17 00:00:00-05:00,11.4399995803833,11.4399995803833,11.4399995803833,11.4399995803833,0,0.0,0.0
2024-12-18 00:00:00-05:00,11.4399995803833,11.4399995803833,11.4399995803833,11.4399995803833,0,0.0,0.0
2024-12-19 00:00:00-05:00,11.4399995803833,11.4399995803833,11.4399995803833,11.4399995803833,0,0.0,0.0
2024-12-20 00:00:00-05:00,11.4399995803833,11.4399995803833,11.4399995803833,11.4399995803833,0,0.0,0.0
2024-12-23 00:00:00-05:00,11.4399995803833,11.4399995803833,11.4399995803833,11.4399995803833,0,0.0,0.0
2024-12-24 00:00:00-05:00,11.4399995803833,11.4399995803833,11.4399995803833,11.4399995803833,0,0.0,0.0
2024-12-26 00:00:00-05:00,11.4399995803833,11.4399995803833,11.4399995803833,11.4399995803833,0,0.0,0.0
2024-12-27 00:00:00-05:00,11.4399995803833,11.4399995803833,11.4399995803833,11.4399995803833,0,0.0,0.0
2024-12-30 00:00:00-05:00,11.4399995803833,11.4399995803833,11.4399995803833,11.4399995803833,0,0.0,0.0
2024-12-31 00:00:00-05:00,11.4399995803833,11.4399995803833,11.4399995803833,11.4399995803833,0,0.0,0.0
2025-01-02 00:00:00-05:00,11.4399995803833,11.4399995803833,11.4399995803833,11.4399995803833,0,0.0,0.0
2025-01-03 00:00:00-05:00,11.4399995803833,11.4399995803833,11.4399995803833,11.4399995803833,0,0.0,0.0
2025-01-06 00:00:00-05:00,11.4399995803833,11.4399995803833,11.4399995803833,11.4399995803833,0,0.0,0.0
2025-01-07 00:00:00-05:00,11.4399995803833,11.4399995803833,11.4399995803833,11.4399995803833,0,0.0,0.0
2025-01-08 00:00:00-05:00,11.4399995803833,11.4399995803833,11.4399995803833,11.4399995803833,0,0.0,0.0
2025-01-10 00:00:00-05:00,11.4399995803833,11.4399995803833,11.4399995803833,11.4399995803833,0,0.0,0.0
2025-01-13 00:00:00-05:00,11.4399995803833,11.4399995803833,11.4399995803833,11.4399995803833,0,0.0,0.0
2025-01-14 00:00:00-05:00,11.4399995803833,11.4399995803833,11.4399995803833,11.4399995803833,0,0.0,0.0
2025-01-15 00:00:00-05:00,11.4399995803833,11.4399995803833,11.4399995803833,11.4399995803833,0,0.0,0.0
2025-01-16 00:00:00-05:00,11.4399995803833,11.4399995803833,11.4399995803833,11.4399995803833,0,0.0,0.0
2025-01-17 00:00:00-05:00,11.4399995803833,11.4399995803833,11.4399995803833,11.4399995803833,0,0.0,0.0
2025-01-21 00:00:00-05:00,11.4399995803833,11.4399995803833,11.4399995803833,11.4399995803833,0,0.0,0.0
2025-01-22 00:00:00-05:00,11.4399995803833,11.4399995803833,11.4399995803833,11.4399995803833,0,0.0,0.0
2025-01-23 00:00:00-05:00,11.4399995803833,11.4399995803833,11.4399995803833,11.4399995803833,0,0.0,0.0
2025-01-24 00:00:00-05:00,11.4399995803833,11.4399995803833,11.4399995803833,11.4399995803833,0,0.0,0.0
2025-01-27 00:00:00-05:00,11.649999618530273,12.0,11.539999961853027,11.800000190734863,66900,0.0,0.0
2025-01-28 00:00:00-05:00,11.699999809265137,12.050000190734863,11.609999656677246,11.649999618530273,4800,0.0,0.0
2025-01-29 00:00:00-05:00,11.649999618530273,11.649999618530273,11.649999618530273,11.649999618530273,0,0.0,0.0
2025-01-30 00:00:00-05:00,11.609999656677246,11.609999656677246,11.609999656677246,11.609999656677246,800,0.0,0.0
2025-01-31 00:00:00-05:00,11.609999656677246,11.609999656677246,11.609999656677246,11.609999656677246,0,0.0,0.0
2025-02-03 00:00:00-05:00,11.609999656677246,11.609999656677246,11.609999656677246,11.609999656677246,0,0.0,0.0
2025-02-04 00:00:00-05:00,11.609999656677246,11.609999656677246,11.609999656677246,11.609999656677246,0,0.0,0.0
2025-02-05 00:00:00-05:00,11.609999656677246,11.609999656677246,11.609999656677246,11.609999656677246,0,0.0,0.0
2025-02-06 00:00:00-05:00,11.609999656677246,11.609999656677246,11.609999656677246,11.609999656677246,200,0.0,0.0
2025-02-07 00:00:00-05:00,11.609999656677246,11.609999656677246,11.609999656677246,11.609999656677246,0,0.0,0.0
2025-02-10 00:00:00-05:00,11.899999618530273,11.899999618530273,11.510000228881836,11.510000228881836,200,0.0,0.0
2025-02-11 00:00:00-05:00,11.510000228881836,11.510000228881836,11.510000228881836,11.510000228881836,0,0.0,0.0
2025-02-12 00:00:00-05:00,11.510000228881836,11.510000228881836,11.510000228881836,11.510000228881836,0,0.0,0.0
2025-02-13 00:00:00-05:00,11.510000228881836,11.510000228881836,11.510000228881836,11.510000228881836,0,0.0,0.0
2025-02-14 00:00:00-05:00,11.510000228881836,11.510000228881836,11.510000228881836,11.510000228881836,0,0.0,0.0
2025-02-18 00:00:00-05:00,11.510000228881836,11.510000228881836,11.510000228881836,11.510000228881836,0,0.0,0.0
2025-02-19 00:00:00-05:00,11.510000228881836,11.510000228881836,11.510000228881836,11.510000228881836,0,0.0,0.0
2025-02-20 00:00:00-05:00,11.510000228881836,11.510000228881836,11.510000228881836,11.510000228881836,0,0.0,0.0
2025-02-21 00:00:00-05:00,11.510000228881836,11.510000228881836,11.510000228881836,11.510000228881836,0,0.0,0.0
2025-02-24 00:00:00-05:00,11.510000228881836,11.510000228881836,11.510000228881836,11.510000228881836,0,0.0,0.0
2025-02-25 00:00:00-05:00,11.510000228881836,11.510000228881836,11.510000228881836,11.510000228881836,0,0.0,0.0
2025-02-26 00:00:00-05:00,11.510000228881836,11.510000228881836,11.510000228881836,11.510000228881836,0,0.0,0.0
2025-02-27 00:00:00-05:00,11.510000228881836,11.510000228881836,11.510000228881836,11.510000228881836,0,0.0,0.0
2025-02-28 00:00:00-05:00,11.510000228881836,11.510000228881836,11.510000228881836,11.510000228881836,0,0.0,0.0
