Date,Open,High,Low,Close,Volume,Dividends,Stock Splits
2013-11-18 00:00:00-05:00,46.32891609798327,46.561724721591226,44.224327703613525,45.14624786376953,587100,0.0,0.0
2013-11-19 00:00:00-05:00,45.62119604889343,45.63050683418019,42.184937240307114,42.65055465698242,1682000,0.0,0.0
2013-11-20 00:00:00-05:00,42.81816035486897,42.83678547048928,40.96500575536838,41.579620361328125,1106900,0.0,0.0
2013-11-21 00:00:00-05:00,41.43992688221201,42.04523060593669,40.08032563932115,40.778751373291016,730200,0.0,0.0
2013-11-22 00:00:00-05:00,40.88119272684086,41.067436770159375,40.27588892892341,40.965003967285156,947600,0.0,0.0
2013-11-25 00:00:00-05:00,41.23505927757855,42.482913551453564,40.69494515732798,41.141937255859375,727300,0.0,0.0
2013-11-26 00:00:00-05:00,41.90554544827593,41.90554544827593,40.080326987988194,40.22932434082031,873700,0.0,0.0
2013-11-27 00:00:00-05:00,40.55526291870765,40.55526291870765,39.5774673763556,40.26658248901367,1153300,0.0,0.0
2013-11-29 00:00:00-05:00,39.81027600798122,40.83463256618283,39.81027600798122,40.26658248901367,949900,0.0,0.0
2013-12-02 00:00:00-05:00,40.117578680851864,40.667003553199,38.664851773349156,40.1734504699707,5130700,0.0,0.0
2013-12-03 00:00:00-05:00,39.856840837676074,41.765871089203046,39.76371879706623,39.94996643066406,3239300,0.0,0.0
2013-12-04 00:00:00-05:00,39.51228781933236,39.6799103461888,38.78592590454004,38.953548431396484,2777700,0.0,0.0
2013-12-05 00:00:00-05:00,39.37259078048565,39.37259078048565,37.83605609394957,38.2271728515625,3380500,0.0,0.0
2013-12-06 00:00:00-05:00,37.94780995141088,38.23649395627773,37.84537357702658,37.901248931884766,4662300,0.0,0.0
2013-12-09 00:00:00-05:00,37.90124396087918,38.4320473290902,37.47287695361724,38.348236083984375,3074000,0.0,0.0
2013-12-10 00:00:00-05:00,38.24580541596756,39.89409111347961,38.2178695142332,39.63334655761719,3289400,0.0,0.0
2013-12-11 00:00:00-05:00,39.40984988606959,40.06171484794367,39.11185508390627,39.54022216796875,3367300,0.0,0.0
2013-12-12 00:00:00-05:00,39.1211603304995,40.13620609182729,39.11184954841514,40.0151481628418,1770500,0.0,0.0
2013-12-13 00:00:00-05:00,39.96858127374132,40.78806859229838,39.96858127374132,40.2758903503418,683800,0.0,0.0
2013-12-16 00:00:00-05:00,40.052394859712365,40.96500780896925,39.21428592904921,40.68563461303711,1953900,0.0,0.0
2013-12-17 00:00:00-05:00,40.44351752139029,40.97432094029018,40.192083762062246,40.741512298583984,1396700,0.0,0.0
2013-12-18 00:00:00-05:00,40.648389360234816,41.439937303507975,40.13620751795208,41.22575378417969,1225200,0.0,0.0
2013-12-19 00:00:00-05:00,40.93706891588107,41.4399364125592,40.806696650604025,41.393375396728516,593000,0.0,0.0
2013-12-20 00:00:00-05:00,41.253684708684,41.39337129471114,40.89050384786637,41.216434478759766,2878600,0.0,0.0
2013-12-23 00:00:00-05:00,41.13262469119597,41.76586441277602,40.55526031647683,41.579620361328125,773600,0.0,0.0
2013-12-24 00:00:00-05:00,41.682061412828034,41.92418441140311,41.20713330389736,41.514442443847656,304700,0.0,0.0
2013-12-26 00:00:00-05:00,41.77517227626464,41.91485529321521,41.38405201357359,41.62617492675781,513200,0.0,0.0
2013-12-27 00:00:00-05:00,41.69135486516063,41.87760241253062,41.05811533552858,41.57029342651367,393300,0.0,0.0
2013-12-30 00:00:00-05:00,41.393376305214304,41.793807444426754,40.974320048785245,41.08606719970703,381500,0.0,0.0
2013-12-31 00:00:00-05:00,41.188502980483726,41.43993673075341,40.7508216130834,41.15125274658203,874200,0.0,0.0
2014-01-02 00:00:00-05:00,41.048822885947985,41.141944925025804,40.29452158085655,40.64839172363281,992900,0.0,0.0
2014-01-03 00:00:00-05:00,40.57388048048483,41.27230624531169,40.201385318292985,40.93706130981445,378400,0.0,0.0
2014-01-06 00:00:00-05:00,40.9463856325668,40.95569641532349,40.3876427529598,40.676326751708984,597800,0.0,0.0
2014-01-07 00:00:00-05:00,39.260846094645515,40.95569258822731,39.260846094645515,40.85325622558594,1371300,0.0,0.0
2014-01-08 00:00:00-05:00,40.99294015380916,41.309560003022796,40.41557580019986,40.86256790161133,1407100,0.0,0.0
2014-01-09 00:00:00-05:00,40.87188482992171,41.20712984449469,40.82532381175946,41.09538269042969,1093500,0.0,0.0
2014-01-10 00:00:00-05:00,41.13261936311604,42.91128037449318,40.99293634262384,42.58534622192383,2008600,0.0,0.0
2014-01-13 00:00:00-05:00,42.557416793219424,44.177762812290005,42.09179954942573,43.80527114868164,2278500,0.0,0.0
2014-01-14 00:00:00-05:00,43.91701484607415,44.596815542379275,43.6842062424473,44.513004302978516,2338200,0.0,0.0
2014-01-15 00:00:00-05:00,44.67132396776425,45.80742774046958,44.01014471573657,44.233642578125,1733000,0.0,0.0
2014-01-16 00:00:00-05:00,44.02876748704928,44.40126272038459,43.805273188950345,44.14051818847656,1178700,0.0,0.0
2014-01-17 00:00:00-05:00,44.25226097773793,44.92275091073286,43.768018643061325,44.69925308227539,1572100,0.0,0.0
2014-01-21 00:00:00-05:00,45.98436334546339,45.98436334546339,44.64338331201547,44.857566833496094,1570400,0.0,0.0
2014-01-22 00:00:00-05:00,44.8016950159158,45.779490588331754,44.77375911602268,45.17418670654297,682200,0.0,0.0
2014-01-23 00:00:00-05:00,45.33248736761916,45.33248736761916,44.30813102785157,44.43850326538086,867600,0.0,0.0
2014-01-24 00:00:00-05:00,44.345384113437056,44.42919535716444,42.67847712522418,43.619022369384766,1417500,0.0,0.0
2014-01-27 00:00:00-05:00,42.091796999086,44.69925269586957,42.091796999086,43.39552307128906,717800,0.0,0.0
2014-01-28 00:00:00-05:00,43.55384203506622,44.58751299441841,43.55384203506622,44.44782638549805,721700,0.0,0.0
2014-01-29 00:00:00-05:00,44.093949852637365,45.14624577738026,43.88908068894701,44.494380950927734,800900,0.0,0.0
2014-01-30 00:00:00-05:00,44.615436542727544,46.21716072473752,44.54093964367294,46.02159881591797,1247100,0.0,0.0
2014-01-31 00:00:00-05:00,45.86329506293903,46.524470646808794,45.65842235432351,45.956417083740234,2011100,0.0,0.0
2014-02-03 00:00:00-05:00,45.9564306420947,46.505859252623424,43.95427818516211,44.177772521972656,1184800,0.0,0.0
2014-02-04 00:00:00-05:00,44.17775038696834,45.1462348342364,44.06600327455331,44.74580383300781,891300,0.0,0.0
2014-02-05 00:00:00-05:00,44.55026867595466,45.30457007003723,43.907718004803336,44.3267707824707,823100,0.0,0.0
2014-02-06 00:00:00-05:00,44.2336390436576,45.88192454588553,44.2336390436576,45.85398864746094,1168400,0.0,0.0
2014-02-07 00:00:00-05:00,45.93779789091745,46.813157009682236,45.93779789091745,46.5058479309082,1837500,0.0,0.0
2014-02-10 00:00:00-05:00,46.55241777728534,46.67347571382907,46.04955025626715,46.4127311706543,763400,0.0,0.0
2014-02-11 00:00:00-05:00,46.310299774871254,46.94353963551008,45.937808037799115,46.45929718017578,1446100,0.0,0.0
2014-02-12 00:00:00-05:00,46.48722515032743,47.49296012878418,46.310291871840896,46.56172561645508,1405300,0.0,0.0
2014-02-13 00:00:00-05:00,46.54310109314698,46.97146812170754,46.17992019709008,46.6734733581543,695000,0.0,0.0
2014-02-14 00:00:00-05:00,46.70141309718348,46.79453512922584,46.17992048156396,46.21717071533203,891700,0.0,0.0
2014-02-18 00:00:00-05:00,46.300977008020574,47.36258369010753,46.300977008020574,46.66415786743164,2748500,0.0,0.0
2014-02-19 00:00:00-05:00,46.41273121780949,46.87834850388206,45.65842993551584,45.77949142456055,1076100,0.0,0.0
2014-02-20 00:00:00-05:00,46.77590253557687,49.15054949686627,45.723606690286026,47.977195739746094,2623600,0.0,0.0
2014-02-21 00:00:00-05:00,48.19138484803964,49.159869570020156,48.19138484803964,48.76874923706055,2198700,0.0,0.0
2014-02-24 00:00:00-05:00,48.759446006952345,49.45787198248574,48.759446006952345,49.22506332397461,667900,0.0,0.0
2014-02-25 00:00:00-05:00,49.35542427074506,50.82677635980653,49.29023814552106,50.80815124511719,1117600,0.0,0.0
2014-02-26 00:00:00-05:00,51.05959882048791,51.94426891784437,50.45429486214873,50.90128707885742,1880100,0.0,0.0
2014-02-27 00:00:00-05:00,50.929212442062585,51.71144954750696,50.482220317862605,51.543827056884766,1139900,0.0,0.0
2014-02-28 00:00:00-05:00,51.301705843842896,51.51588934043656,50.11903766948681,50.61259078979492,1198500,0.0,0.0
2014-03-03 00:00:00-05:00,50.91059444737022,51.15271743541521,49.429934827060684,49.81174087524414,659600,0.0,0.0
2014-03-04 00:00:00-05:00,50.01660040334078,51.21789367110641,49.80241691063781,50.286659240722656,1189900,0.0,0.0
2014-03-05 00:00:00-05:00,50.19353984711375,50.575345841469975,49.70929749167065,50.2401008605957,395000,0.0,0.0
2014-03-06 00:00:00-05:00,50.2773621094655,50.37979494062056,49.392688449941886,49.532371520996094,617400,0.0,0.0
2014-03-07 00:00:00-05:00,49.765169870228895,50.08178973894618,48.973621974624535,49.71860885620117,776100,0.0,0.0
2014-03-10 00:00:00-04:00,49.541673224340194,49.979350998225684,48.64768900899143,49.625484466552734,1155300,0.0,0.0
2014-03-11 00:00:00-04:00,49.81173963361306,51.03165466935345,49.7744893975534,50.75228500366211,874700,0.0,0.0
2014-03-12 00:00:00-04:00,50.677777498658074,50.97577579340211,49.1412427744016,50.54740524291992,1255500,0.0,0.0
2014-03-13 00:00:00-04:00,50.789894646237066,51.02304693920468,49.54952629761259,49.987850189208984,946400,0.08,0.0
2014-03-14 00:00:00-04:00,50.00649582703911,50.3142585185027,49.66143147769422,49.70806121826172,1071800,0.0,0.0
2014-03-17 00:00:00-04:00,49.838627882991986,50.20234841207234,49.362998818227375,49.39097595214844,1011700,0.0,0.0
2014-03-18 00:00:00-04:00,49.381652013676366,49.88526177596936,49.15782426678347,49.68941116333008,880800,0.0,0.0
2014-03-19 00:00:00-04:00,49.596151677403824,50.360890846387406,49.353671321801414,49.68941116333008,645000,0.0,0.0
2014-03-20 00:00:00-04:00,49.81065073366009,50.56606536788684,49.26041123511447,50.519432067871094,628100,0.0,0.0
2014-03-21 00:00:00-04:00,50.71527593683447,51.11629807183952,50.118406775232756,50.18368911743164,1356800,0.0,0.0
2014-03-24 00:00:00-04:00,50.360885477753904,50.575385118615,49.46558170086731,49.86660385131836,895600,0.0,0.0
2014-03-25 00:00:00-04:00,50.08110643176361,50.26762895230177,49.586821218694304,49.62412643432617,708000,0.0,0.0
2014-03-26 00:00:00-04:00,49.72671265004332,49.89458255821335,48.50499355338834,48.53297424316406,691100,0.0,0.0
2014-03-27 00:00:00-04:00,48.37442876001686,48.46769179637503,47.74025434326562,47.98273468017578,492900,0.0,0.0
2014-03-28 00:00:00-04:00,48.141280070776006,48.90601923744228,48.06667319378535,48.64488983154297,346100,0.0,0.0
2014-03-31 00:00:00-04:00,48.850059727995955,49.03658223689266,48.41173236573184,48.65420913696289,334600,0.0,0.0
2014-04-01 00:00:00-04:00,48.90602423754424,50.41685367431078,48.766134994776614,50.286285400390625,593600,0.0,0.0
2014-04-02 00:00:00-04:00,50.286291321946564,51.1163165803111,49.978532105519676,50.985748291015625,500500,0.0,0.0
2014-04-03 00:00:00-04:00,51.07899441732591,51.29349405646571,50.90179999132893,51.246864318847656,427900,0.0,0.0
2014-04-04 00:00:00-04:00,51.12562522315578,51.619906855952294,49.428277123523706,50.10908126831055,492000,0.0,0.0
2014-04-07 00:00:00-04:00,50.09043827385105,50.36089579025756,48.057349974004985,48.14128494262695,1054200,0.0,0.0
2014-04-08 00:00:00-04:00,47.880152216721804,48.29049894752354,47.38587052307183,47.9454345703125,1213700,0.0,0.0
2014-04-09 00:00:00-04:00,47.992064135871914,48.113304316783626,47.7775644666413,48.02936935424805,1212800,0.0,0.0
2014-04-10 00:00:00-04:00,48.0480250264429,48.29982993010192,46.74237076101575,47.26463317871094,1488500,0.0,0.0
2014-04-11 00:00:00-04:00,47.1247352816847,47.46980319989962,46.499888910944286,46.63977813720703,1184600,0.0,0.0
2014-04-14 00:00:00-04:00,46.891575950292044,47.19933860542974,45.86570754840789,46.41594696044922,605900,0.0,0.0
2014-04-15 00:00:00-04:00,46.518532786627176,47.03146696854273,45.63255362279814,46.5931396484375,419300,0.0,0.0
2014-04-16 00:00:00-04:00,46.779673090861095,47.30193547628131,46.48123845851281,46.84495544433594,254000,0.0,0.0
2014-04-17 00:00:00-04:00,46.695737159864194,47.13406457349582,46.0988679075445,46.770347595214844,427200,0.0,0.0
2014-04-21 00:00:00-04:00,46.61179741658736,47.23664729686533,46.257405000274794,47.217994689941406,225700,0.0,0.0
2014-04-22 00:00:00-04:00,47.2926032866583,47.70295353872444,46.9661915476249,47.56306076049805,422500,0.0,0.0
2014-04-23 00:00:00-04:00,47.46047067303526,47.52575301736954,46.61179663906869,47.00349426269531,507800,0.0,0.0
2014-04-24 00:00:00-04:00,47.208671272862915,47.35788858537907,46.36932522406755,46.85428237915039,659800,0.0,0.0
2014-04-25 00:00:00-04:00,46.58383143137175,46.99417820902093,46.04291637401332,46.20146179199219,290300,0.0,0.0
2014-04-28 00:00:00-04:00,46.481233703827186,46.705061434003206,45.184907735114855,45.529972076416016,605400,0.0,0.0
2014-04-29 00:00:00-04:00,45.660530367321925,46.09885768374133,45.19422592266148,45.604576110839844,442000,0.0,0.0
2014-04-30 00:00:00-04:00,45.69783832268954,46.12683758372661,45.17557603254389,46.02425003051758,481100,0.0,0.0
2014-05-01 00:00:00-04:00,47.563062788800494,48.36510716190948,46.14549656896483,47.79621505737305,722100,0.0,0.0
2014-05-02 00:00:00-04:00,47.73093518563563,48.25319757510493,46.86360841689238,47.28328323364258,479000,0.0,0.0
2014-05-05 00:00:00-04:00,46.89158439402879,47.11541214330806,46.22943278707726,46.6864128112793,413800,0.0,0.0
2014-05-06 00:00:00-04:00,46.58381655041653,46.7796635709853,46.21077155708682,46.52785873413086,596000,0.0,0.0
2014-05-07 00:00:00-04:00,46.52785744886479,46.92887956044931,46.01492326542106,46.565162658691406,598000,0.0,0.0
2014-05-08 00:00:00-04:00,46.25740878086467,47.00349888831514,45.800432325553615,46.03358459472656,530600,0.0,0.0
2014-05-09 00:00:00-04:00,45.88436469467851,46.77966850393539,45.39007949275081,46.63045120239258,489100,0.0,0.0
2014-05-12 00:00:00-04:00,46.67708373754632,47.41384576449762,46.67708373754632,47.07810592651367,586100,0.0,0.0
2014-05-13 00:00:00-04:00,47.09675853502626,47.30193367104341,46.93821669910123,47.07810592651367,638700,0.0,0.0
2014-05-14 00:00:00-04:00,46.910225979097746,47.0314661297003,46.387967282878506,46.43459701538086,470700,0.0,0.0
2014-05-15 00:00:00-04:00,46.18279114847126,46.38796623599588,44.74657265103981,45.035682678222656,738400,0.0,0.0
2014-05-16 00:00:00-04:00,45.06366909507469,46.09886571171646,44.905127263938446,45.9589729309082,719500,0.0,0.0
2014-05-19 00:00:00-04:00,45.97761995363568,46.966186709127015,45.94964282392108,46.8262939453125,653500,0.0,0.0
2014-05-20 00:00:00-04:00,46.50920752972211,47.134057378728926,46.3972954514003,47.09675216674805,1543600,0.0,0.0
2014-05-21 00:00:00-04:00,47.11541570685741,47.59104481832041,47.00350360256406,47.29261016845703,338500,0.0,0.0
2014-05-22 00:00:00-04:00,47.236654413407415,48.34645801042332,46.928891689227484,48.02004623413086,501100,0.0,0.0
2014-05-23 00:00:00-04:00,48.24386697592229,49.04591134886177,47.87082548085781,48.9246711730957,451800,0.0,0.0
2014-05-27 00:00:00-04:00,48.952658348171596,49.27907014428819,48.803441018858045,48.93400573730469,331600,0.0,0.0
2014-05-28 00:00:00-04:00,49.07388746958023,49.670756695458834,48.92467016311057,49.37232208251953,523700,0.0,0.0
2014-05-29 00:00:00-04:00,49.37232354984906,50.23032575576502,49.37232354984906,49.913238525390625,815600,0.0,0.0
2014-05-30 00:00:00-04:00,49.885258510228546,49.90390756009586,48.80343217924763,48.8593864440918,400300,0.0,0.0
2014-06-02 00:00:00-04:00,49.213770524405724,49.213770524405724,48.5329664758385,48.560943603515625,646500,0.0,0.0
2014-06-03 00:00:00-04:00,47.84284742982432,49.185806847511856,47.84284742982432,48.87804412841797,451900,0.0,0.0
2014-06-04 00:00:00-04:00,48.747467991222805,49.717382108240606,48.71016278111736,49.56816482543945,621100,0.0,0.0
2014-06-05 00:00:00-04:00,49.614804855166206,50.6779786604534,49.335022836557165,50.650001525878906,608900,0.0,0.0
2014-06-06 00:00:00-04:00,50.76190808208841,52.31003887757183,50.705950261424796,52.067562103271484,965400,0.0,0.0
2014-06-09 00:00:00-04:00,52.198124281608486,52.981515945090074,51.871709013212346,52.552513122558594,850400,0.0,0.0
2014-06-10 00:00:00-04:00,52.44994107284806,52.92557018226023,52.179483560818774,52.906917572021484,618100,0.0,0.0
2014-06-11 00:00:00-04:00,52.59914782190713,52.61779687077478,52.20745020088892,52.543190002441406,625600,0.0,0.0
2014-06-12 00:00:00-04:00,52.46848628452462,52.823382701794166,52.1976441881168,52.41244888305664,1780200,0.08,0.0
2014-06-13 00:00:00-04:00,52.543189566436034,52.543189566436034,52.20697590767854,52.384422302246094,545100,0.0,0.0
2014-06-16 00:00:00-04:00,52.23499006585925,53.570517534614154,52.15093576493482,53.355712890625,634300,0.0,0.0
2014-06-17 00:00:00-04:00,53.12224504968795,53.85071350106238,52.3937730356328,53.46780014038086,1436700,0.0,0.0
2014-06-18 00:00:00-04:00,53.44910449175476,53.70126739224861,53.28099589142552,53.55183792114258,1901900,0.0,0.0
2014-06-19 00:00:00-04:00,53.54250284460404,53.92541610633812,52.33772566889931,53.48646545410156,875800,0.0,0.0
2014-06-20 00:00:00-04:00,53.36504703192557,53.9627648809597,53.122225491760226,53.81333541870117,1265000,0.0,0.0
2014-06-23 00:00:00-04:00,53.906742267987255,54.439085060639506,53.63590019799081,53.7573127746582,384500,0.0,0.0
2014-06-24 00:00:00-04:00,53.514486522294405,53.76664945511103,52.75800128652461,52.935447692871094,580300,0.0,0.0
2014-06-25 00:00:00-04:00,52.879395651774196,53.07552469809554,52.33771523561762,52.94477081298828,503900,0.0,0.0
2014-06-26 00:00:00-04:00,52.972799552406485,53.02883337780528,52.45913240171989,52.59922409057617,336500,0.0,0.0
2014-06-27 00:00:00-04:00,52.720637939230535,52.720637939230535,51.852077997514186,51.90811538696289,1105000,0.0,0.0
2014-06-30 00:00:00-04:00,51.85208299781454,53.00082287219243,51.75868733972686,52.935447692871094,609900,0.0,0.0
2014-07-01 00:00:00-04:00,53.0194983776734,53.66391234234496,53.0194983776734,53.290340423583984,424500,0.0,0.0
2014-07-02 00:00:00-04:00,53.23430187547862,54.04682443286981,53.23430187547862,53.579856872558594,484600,0.0,0.0
2014-07-03 00:00:00-04:00,53.66390783354394,53.92541207365304,53.25297768862897,53.38372802734375,138700,0.0,0.0
2014-07-07 00:00:00-04:00,53.271657859035464,53.271657859035464,52.24432713264104,52.33772277832031,274700,0.0,0.0
2014-07-08 00:00:00-04:00,52.33773101320509,52.33773101320509,51.357099736696334,51.842742919921875,424300,0.0,0.0
2014-07-09 00:00:00-04:00,51.83340090169811,52.328385391872985,51.70265055053342,51.936134338378906,342800,0.0,0.0
2014-07-10 00:00:00-04:00,51.226333266184106,52.18828873770289,51.01152864395195,51.92678451538086,496000,0.0,0.0
2014-07-11 00:00:00-04:00,51.99216718126447,52.72063900814852,51.77736252804218,52.32838439941406,269000,0.0,0.0
2014-07-14 00:00:00-04:00,52.39376373226787,52.832714419989486,51.94547526004754,52.28169250488281,426400,0.0,0.0
2014-07-15 00:00:00-04:00,52.160276779609845,52.4778148735869,51.627934028336526,51.936134338378906,306800,0.0,0.0
2014-07-16 00:00:00-04:00,52.10423782131065,52.40309675531771,51.497178607601555,51.76802062988281,417400,0.0,0.0
2014-07-17 00:00:00-04:00,51.41313015435343,51.525201376676385,50.60060755782218,50.684661865234375,408600,0.0,0.0
2014-07-18 00:00:00-04:00,50.75936897682452,51.37576597259244,50.53522655800683,51.263694763183594,300700,0.0,0.0
2014-07-21 00:00:00-04:00,51.17030486886966,51.41312642674406,50.955500223874694,51.14228439331055,265900,0.0,0.0
2014-07-22 00:00:00-04:00,51.506520725146466,51.908113091738926,51.095587012719065,51.27303695678711,242000,0.0,0.0
2014-07-23 00:00:00-04:00,51.291722722912496,51.45049356956323,50.52589609541673,50.85277557373047,362800,0.0,0.0
2014-07-24 00:00:00-04:00,50.824757416456684,51.79605098542144,50.70334839234642,51.33842468261719,412400,0.0,0.0
2014-07-25 00:00:00-04:00,51.020880307448806,51.59991912633876,50.79673429479591,51.4598274230957,473700,0.0,0.0
2014-07-28 00:00:00-04:00,51.45981457364203,51.46915591828838,49.797411494503145,50.0308952331543,513200,0.0,0.0
2014-07-29 00:00:00-04:00,49.984219581549105,50.301757738114055,48.95688857493048,48.98490905761719,582000,0.0,0.0
2014-07-30 00:00:00-04:00,49.07829860783501,50.3951472196898,48.96622737097173,50.114967346191406,799300,0.0,0.0
2014-07-31 00:00:00-04:00,47.537299306568706,49.24639873340821,46.631381094899155,48.032283782958984,1583400,0.0,0.0
2014-08-01 00:00:00-04:00,48.03228845418093,48.07898450245491,46.3138475138657,47.03297805786133,903900,0.0,0.0
2014-08-04 00:00:00-04:00,47.24777708576706,48.349820794245495,46.66873831844643,46.8088264465332,956900,0.0,0.0
2014-08-05 00:00:00-04:00,46.827506446667655,47.56531604808475,46.50996836268307,47.07033157348633,668400,0.0,0.0
2014-08-06 00:00:00-04:00,46.04299994575052,46.911559878071316,45.604052869196344,46.8088264465332,1078300,0.0,0.0
2014-08-07 00:00:00-04:00,47.16372807992827,47.285140654714155,46.32318496630306,46.575347900390625,622300,0.0,0.0
2014-08-08 00:00:00-04:00,46.62204285908421,47.36919385937518,46.62204285908421,47.26646041870117,850400,0.0,0.0
2014-08-11 00:00:00-04:00,47.40655000673326,47.658712942628874,46.95826153047887,47.03297805786133,342200,0.0,0.0
2014-08-12 00:00:00-04:00,46.967599360095015,47.74276367889129,46.958258013531776,47.59333419799805,712200,0.0,0.0
2014-08-13 00:00:00-04:00,47.68672884856376,48.826127280436594,47.68672884856376,48.78877258300781,708300,0.0,0.0
2014-08-14 00:00:00-04:00,48.77943087899903,48.90084344212178,48.256425929353114,48.58330535888672,626600,0.0,0.0
2014-08-15 00:00:00-04:00,48.8728280789448,49.43318774352153,48.40586050423757,48.80744934082031,755500,0.0,0.0
2014-08-18 00:00:00-04:00,49.040933318784326,49.68535085450011,48.723395224242026,49.16234588623047,325400,0.0,0.0
2014-08-19 00:00:00-04:00,49.311777152445906,49.88147818644514,48.779434380963345,49.13433074951172,513600,0.0,0.0
2014-08-20 00:00:00-04:00,49.15301115320126,49.414511872227465,48.81679390720751,49.05027770996094,332400,0.0,0.0
2014-08-21 00:00:00-04:00,49.153010983950956,49.28376134301384,48.66736424837447,48.69538116455078,249600,0.0,0.0
2014-08-22 00:00:00-04:00,48.61133788943933,48.67671308381273,48.321820189408854,48.536624908447266,399800,0.0,0.0
2014-08-25 00:00:00-04:00,48.77010199288646,49.087640134052464,48.48058077036792,49.00358581542969,276100,0.0,0.0
2014-08-26 00:00:00-04:00,49.003587096699405,49.106320551333404,48.64869067960392,48.919532775878906,291400,0.0,0.0
2014-08-27 00:00:00-04:00,48.807450774191004,48.807450774191004,48.23775330896847,48.57396697998047,281200,0.0,0.0
2014-08-28 00:00:00-04:00,48.312468212225404,48.36850560765289,47.8268214732275,48.14435958862305,438400,0.0,0.0
2014-08-29 00:00:00-04:00,48.14435500045343,48.33114273806403,47.85483739170279,48.032283782958984,372000,0.0,0.0
2014-09-02 00:00:00-04:00,48.12568170497812,48.84481226622142,48.06030652329057,48.816795349121094,661900,0.0,0.0
2014-09-03 00:00:00-04:00,49.16234842690459,49.3864944427981,48.54595133654751,48.7420768737793,393900,0.0,0.0
2014-09-04 00:00:00-04:00,48.826137450447725,49.34914251286511,48.630011888046404,48.87283706665039,411300,0.0,0.0
2014-09-05 00:00:00-04:00,49.003582594929995,49.1716912211275,48.480577584239946,49.01292037963867,517700,0.0,0.0
2014-09-08 00:00:00-04:00,48.85414631191637,49.143663912495306,48.620662537163206,48.77009201049805,477300,0.0,0.0
2014-09-09 00:00:00-04:00,48.71406277315856,49.02226311748914,48.1070034321512,48.32181167602539,533300,0.0,0.0
2014-09-10 00:00:00-04:00,48.219077713057246,48.71406225301543,47.86418132228787,48.51793670654297,620400,0.0,0.0
2014-09-11 00:00:00-04:00,48.368507373991406,49.050279677862555,48.34982824150011,48.620670318603516,472200,0.0,0.0
2014-09-12 00:00:00-04:00,48.48036164782272,48.54583744177266,47.4327418082973,47.582401275634766,811300,0.08,0.0
2014-09-15 00:00:00-04:00,47.45143477959953,47.610449920778514,46.843444945628704,47.516910552978516,818700,0.0,0.0
2014-09-16 00:00:00-04:00,47.44209594965818,48.087501711992786,47.31114436612621,47.79753494262695,671700,0.0,0.0
2014-09-17 00:00:00-04:00,47.85366767963049,48.873224075804444,47.619824502234295,47.7601318359375,610400,0.0,0.0
2014-09-18 00:00:00-04:00,47.91913819401834,47.91913819401834,47.255024499884456,47.34856033325195,551200,0.0,0.0
2014-09-19 00:00:00-04:00,47.59175278210843,47.59175278210843,44.4021327679932,46.637672424316406,1925100,0.0,0.0
2014-09-22 00:00:00-04:00,46.45059132219864,46.60025075728906,45.992257295142885,46.020320892333984,829600,0.0,0.0
2014-09-23 00:00:00-04:00,45.880014630933246,46.27287288688166,45.402976286027105,45.75841522216797,760000,0.0,0.0
2014-09-24 00:00:00-04:00,45.73970851768164,46.02967165733036,45.65552486497279,45.83324432373047,470900,0.0,0.0
2014-09-25 00:00:00-04:00,45.618128402452726,45.8332637018532,44.95401462149947,45.09431838989258,604800,0.0,0.0
2014-09-26 00:00:00-04:00,45.13172637902484,45.39362955609609,45.07560274043964,45.27203369140625,664800,0.0,0.0
2014-09-29 00:00:00-04:00,44.91658080003617,45.402974851567706,44.70144558711763,44.89787292480469,900800,0.0,0.0
2014-09-30 00:00:00-04:00,44.804352304149354,44.89788814385028,44.25248228632132,44.561153411865234,1371500,0.0,0.0
2014-10-01 00:00:00-04:00,44.37406465805706,44.89787447817425,43.85025840610235,44.6827392578125,1083800,0.0,0.0
2014-10-02 00:00:00-04:00,44.59857136214207,44.963366150294355,44.308604535787396,44.77629089355469,2127100,0.0,0.0
2014-10-03 00:00:00-04:00,45.67423969704266,46.02967866869946,45.44039657813868,45.964202880859375,968600,0.0,0.0
2014-10-06 00:00:00-04:00,46.020326777215935,46.2728777752566,45.337505294289464,45.44974899291992,750300,0.0,0.0
2014-10-07 00:00:00-04:00,45.243972112497886,45.243972112497886,43.569657853664545,43.579010009765625,691600,0.0,0.0
2014-10-08 00:00:00-04:00,43.5322275097705,44.22440101060109,42.886818341942735,44.186988830566406,1061700,0.0,0.0
2014-10-09 00:00:00-04:00,44.32730968854634,44.32730968854634,43.53224435656856,43.68190383911133,617300,0.0,0.0
2014-10-10 00:00:00-04:00,43.56964949862654,43.93444417539128,43.21420697616948,43.2609748840332,776400,0.0,0.0
2014-10-13 00:00:00-04:00,43.23291168682379,43.47610693080255,42.35365938346141,42.391075134277344,824500,0.0,0.0
2014-10-14 00:00:00-04:00,42.56879912173336,42.924241655928924,41.92339340830909,42.147884368896484,976900,0.0,0.0
2014-10-15 00:00:00-04:00,41.680192686885185,43.02712756974755,40.978663433030604,42.76522445678711,1284600,0.0,0.0
2014-10-16 00:00:00-04:00,41.74567757880501,43.49482323452722,41.36217497903355,43.335811614990234,696500,0.0,0.0
2014-10-17 00:00:00-04:00,43.709952706938616,44.4956656815397,43.32645015791681,43.728660583496094,756800,0.0,0.0
2014-10-20 00:00:00-04:00,43.56965006759132,44.12151638301763,43.56029434499881,43.86896896362305,602400,0.0,0.0
2014-10-21 00:00:00-04:00,44.12151437833643,45.33750135239944,44.12151437833643,45.11301040649414,657200,0.0,0.0
2014-10-22 00:00:00-04:00,45.12237323296171,45.37492068064406,43.96250970480074,44.05604553222656,696000,0.0,0.0
2014-10-23 00:00:00-04:00,44.617283717003374,45.627484495596626,44.20571739728856,45.31881332397461,733300,0.0,0.0
2014-10-24 00:00:00-04:00,45.35621727295423,45.99226733481031,44.963358939983216,45.945499420166016,414700,0.0,0.0
2014-10-27 00:00:00-04:00,45.711653603876194,46.12321979225398,45.412334685872146,45.97356033325195,584000,0.0,0.0
2014-10-28 00:00:00-04:00,46.22611070428066,47.00247165022661,45.90808745586504,46.95570373535156,730600,0.0,0.0
2014-10-29 00:00:00-04:00,47.24565834683307,48.0500791816169,46.45059323421883,47.039878845214844,1184500,0.0,0.0
2014-10-30 00:00:00-04:00,46.93700570168558,49.62152454206933,46.05775658584081,49.23802185058594,1203500,0.0,0.0
2014-10-31 00:00:00-04:00,50.15467421813617,51.043278838079125,49.45314481841748,49.65892791748047,2535400,0.0,0.0
2014-11-03 00:00:00-05:00,49.72441957992217,50.12663018292118,49.490576372046654,49.97697067260742,811100,0.0,0.0
2014-11-04 00:00:00-05:00,49.93954368119882,50.36046207442406,49.65893260843645,49.68699264526367,1120800,0.0,0.0
2014-11-05 00:00:00-05:00,49.97695209493187,50.11725939476714,49.33154636564792,49.62150955200195,539900,0.0,0.0
2014-11-06 00:00:00-05:00,49.88342166891289,50.05178545149644,49.45314756802483,49.96760177612305,1041500,0.0,0.0
2014-11-07 00:00:00-05:00,49.98630903446243,50.09855631234009,49.48121055666578,49.537330627441406,1249500,0.0,0.0
2014-11-10 00:00:00-05:00,49.67763927476064,49.67763927476064,49.172537215236666,49.275428771972656,562600,0.0,0.0
2014-11-11 00:00:00-05:00,49.39702181424841,49.93953599567614,48.98545564058306,49.125762939453125,582100,0.0,0.0
2014-11-12 00:00:00-05:00,48.929332374829876,49.266063447397514,48.64871779544628,49.107051849365234,631100,0.0,0.0
2014-11-13 00:00:00-05:00,49.17253965011718,49.27543121194806,48.527133809764585,48.75162124633789,375500,0.0,0.0
2014-11-14 00:00:00-05:00,48.63937098875682,49.116409403462534,48.44294361612289,48.89192199707031,372900,0.0,0.0
2014-11-17 00:00:00-05:00,48.81708960668768,49.499911105133826,48.742261661954245,49.42508316040039,529600,0.0,0.0
2014-11-18 00:00:00-05:00,49.49056622404935,50.556890462406564,49.275430945096886,50.38852310180664,629300,0.0,0.0
2014-11-19 00:00:00-05:00,50.45399675131598,50.80943933834431,50.07984985227436,50.5101203918457,758000,0.0,0.0
2014-11-20 00:00:00-05:00,50.15466174930629,50.84683882160666,50.061125946529394,50.59428787231445,220800,0.0,0.0
2014-11-21 00:00:00-05:00,51.25841525094559,51.33324676799174,50.528825800561236,50.69719314575195,488700,0.0,0.0
2014-11-24 00:00:00-05:00,50.743959432268404,50.96845040804344,50.397872597438116,50.463348388671875,482200,0.0,0.0
2014-11-25 00:00:00-05:00,50.45398933886853,50.48205293909208,49.83664365639206,50.10790252685547,453300,0.0,0.0
2014-11-26 00:00:00-05:00,50.13596930496316,50.32304453625338,49.48121134769227,49.6308708190918,537700,0.0,0.0
2014-11-28 00:00:00-05:00,49.658915377388105,50.65976344946175,49.658915377388105,50.36979675292969,343200,0.0,0.0
2014-12-01 00:00:00-05:00,50.31368729876182,50.49140678804836,49.808585295741686,50.2295036315918,467000,0.0,0.0
2014-12-02 00:00:00-05:00,50.31368929173538,50.90297141710468,50.173381984840006,50.84685134887695,316000,0.0,0.0
2014-12-03 00:00:00-05:00,51.0339331466085,51.52032735353218,50.89362582162846,51.1555290222168,1397500,0.0,0.0
2014-12-04 00:00:00-05:00,51.18357679262524,51.43612775855545,50.88425792222552,51.06197738647461,570900,0.0,0.0
2014-12-05 00:00:00-05:00,51.26777197336595,52.01606931758885,51.061988865643464,51.95994567871094,861100,0.0,0.0
2014-12-08 00:00:00-05:00,51.96929880570796,52.296677762395404,51.07133846934823,51.361305236816406,601500,0.0,0.0
2014-12-09 00:00:00-05:00,50.53818299570544,51.52032712997699,50.37917135837065,51.44549560546875,423800,0.0,0.0
2014-12-10 00:00:00-05:00,51.15551571647126,51.539018261080905,50.4820500089632,50.65041732788086,464300,0.0,0.0
2014-12-11 00:00:00-05:00,50.575599602281194,51.41743642623537,50.1172689955889,50.687843322753906,394800,0.0,0.0
2014-12-12 00:00:00-05:00,50.2943975365002,50.71593819289623,50.22882494255396,50.40681076049805,592700,0.08,0.0
2014-12-15 00:00:00-05:00,50.584790241024216,50.96885980176854,49.97589781800699,50.30376434326172,452600,0.0,0.0
2014-12-16 00:00:00-05:00,50.210108125187716,50.67848601282357,49.610585000764175,50.05086135864258,1016300,0.0,0.0
2014-12-17 00:00:00-05:00,50.153881622217064,50.781505983027266,49.64803288239396,50.68783187866211,418500,0.0,0.0
2014-12-18 00:00:00-05:00,51.34357859632753,51.50282534199042,50.84709567059901,51.47472381591797,504700,0.0,0.0
2014-12-19 00:00:00-05:00,51.87751435772581,51.88688033928753,51.193683353697494,51.51218032836914,686900,0.0,0.0
2014-12-22 00:00:00-05:00,51.50280354582622,52.092960357666016,51.30608579969219,52.092960357666016,277900,0.0,0.0
2014-12-23 00:00:00-05:00,52.09297384872721,52.32716272337645,51.89625605164712,52.158546447753906,362700,0.0,0.0
2014-12-24 00:00:00-05:00,52.280313995102006,52.364622114097216,51.89624446933226,52.20537185668945,134000,0.0,0.0
2014-12-26 00:00:00-05:00,52.242853229348725,52.458306559620254,52.06487097567361,52.13044357299805,193000,0.0,0.0
2014-12-29 00:00:00-05:00,52.02739443142611,52.51450765567219,51.793205587467696,52.373992919921875,340600,0.0,0.0
2014-12-30 00:00:00-05:00,52.16791017502778,52.35526198133503,51.90561979026071,52.139808654785156,448600,0.0,0.0
2014-12-31 00:00:00-05:00,52.33652318424692,52.50513944207949,51.75573583695601,51.95245361328125,564100,0.0,0.0
2015-01-02 00:00:00-05:00,51.9805530666727,52.08359314778142,50.5566845846717,51.56837844848633,668800,0.0,0.0
2015-01-05 00:00:00-05:00,51.26862948728831,51.746376806470124,51.109382763186865,51.46534729003906,534600,0.0,0.0
2015-01-06 00:00:00-05:00,51.52154959753378,51.6714303261527,50.659736301334576,51.38103485107422,1337500,0.0,0.0
2015-01-07 00:00:00-05:00,51.605851626614665,52.45829883982429,51.34356127591571,52.083595275878906,718400,0.0,0.0
2015-01-08 00:00:00-05:00,52.18665178300499,52.81427987112002,51.69017247596632,52.78617477416992,893900,0.0,0.0
2015-01-09 00:00:00-05:00,52.561362499201834,52.76744989513586,52.26160096335564,52.345909118652344,541000,0.0,0.0
2015-01-12 00:00:00-05:00,52.402095087699195,52.44893571582243,51.38103157243758,51.51218032836914,336600,0.0,0.0
2015-01-13 00:00:00-05:00,51.80257856074685,52.889214800440485,51.00633781319429,51.61522674560547,520200,0.0,0.0
2015-01-14 00:00:00-05:00,51.11874846519596,51.88688770609158,50.75341438396983,51.830684661865234,544200,0.0,0.0
2015-01-15 00:00:00-05:00,52.03675994219758,52.139803604357354,49.975897419316475,50.397438049316406,1114300,0.0,0.0
2015-01-16 00:00:00-05:00,50.43492427820672,50.912668086818194,49.80729613527408,49.99464797973633,2678200,0.0,0.0
2015-01-20 00:00:00-05:00,50.060213403188506,50.50985562128868,49.263972645322546,49.451324462890625,1137400,0.0,0.0
2015-01-21 00:00:00-05:00,49.25461138347587,50.06958775855683,49.02042248242877,49.57310485839844,1614200,0.0,0.0
2015-01-22 00:00:00-05:00,49.76044924037507,50.98760018448666,49.554365468261174,50.922027587890625,894200,0.0,0.0
2015-01-23 00:00:00-05:00,50.87518856475842,51.52154852343276,50.87518856475842,51.0344352722168,403700,0.0,0.0
2015-01-26 00:00:00-05:00,51.29671351834263,51.36228967033805,50.36932786534513,50.50047302246094,702600,0.0,0.0
2015-01-27 00:00:00-05:00,49.83538625827526,50.62226090979575,49.71360705995569,50.397438049316406,476800,0.0,0.0
2015-01-28 00:00:00-05:00,50.86581400991792,51.671424170308164,50.500480000773045,50.91265106201172,695100,0.0,0.0
2015-01-29 00:00:00-05:00,50.725302448600466,51.42786894471162,50.31312781721494,51.324825286865234,456600,0.0,0.0
2015-01-30 00:00:00-05:00,51.071913134749636,51.44661321156628,50.472390153091936,50.59416580200195,591800,0.0,0.0
2015-02-02 00:00:00-05:00,50.865818352735445,51.081271669512304,50.05084214172068,51.04380416870117,1213600,0.0,0.0
2015-02-03 00:00:00-05:00,51.46533479393974,51.92434646234605,51.240515523508876,51.56837844848633,429400,0.0,0.0
2015-02-04 00:00:00-05:00,51.54965037571676,52.43020277044155,51.49344733669238,52.1117057800293,578300,0.0,0.0
2015-02-05 00:00:00-05:00,52.224117161934835,53.45126810724507,52.224117161934835,53.39506149291992,627800,0.0,0.0
2015-02-06 00:00:00-05:00,53.60114707061988,54.14446336408744,53.404425713690046,53.910274505615234,977400,0.0,0.0
2015-02-09 00:00:00-05:00,53.90091366353925,54.425494469540055,53.282655161153485,53.31075668334961,730300,0.0,0.0
2015-02-10 00:00:00-05:00,53.60115465883982,53.72293030960928,52.701866599182736,53.282657623291016,527400,0.0,0.0
2015-02-11 00:00:00-05:00,53.33885813793555,53.591782557696234,52.82364331550694,53.132774353027344,860000,0.0,0.0
2015-02-12 00:00:00-05:00,53.52620723534238,54.228773841140764,53.25454729014176,54.10699462890625,723800,0.0,0.0
2015-02-13 00:00:00-05:00,54.06952067307896,55.09995014256956,53.57303790096022,54.950069427490234,746300,0.0,0.0
2015-02-17 00:00:00-05:00,55.07185285727631,55.736948358211265,54.69714925406424,54.85639953613281,1336700,0.0,0.0
2015-02-18 00:00:00-05:00,53.28265503258886,53.79786985442739,51.643332870914364,52.458309173583984,1721100,0.0,0.0
2015-02-19 00:00:00-05:00,52.40209967698837,54.20067203660255,52.261588500627575,53.97584915161133,1670200,0.0,0.0
2015-02-20 00:00:00-05:00,53.80723506166506,55.00628454114326,53.37632838586194,54.89387130737305,980200,0.0,0.0
2015-02-23 00:00:00-05:00,54.66906131730586,55.006293929296035,54.26625609447752,54.650325775146484,769700,0.0,0.0
2015-02-24 00:00:00-05:00,54.434867732106646,55.071861817139265,54.238149916462774,54.70652770996094,526600,0.0,0.0
2015-02-25 00:00:00-05:00,54.78145423417764,55.33414005172468,54.48169279823059,54.84702682495117,626000,0.0,0.0
2015-02-26 00:00:00-05:00,55.0250027797437,55.053104292631545,54.35990386275179,54.60346221923828,507200,0.0,0.0
2015-02-27 00:00:00-05:00,54.528537788205405,54.837668824073134,54.041424490541495,54.078895568847656,342900,0.0,0.0
2015-03-02 00:00:00-05:00,54.11636398269408,55.184264647769695,53.99458477091432,55.09995651245117,694300,0.0,0.0
2015-03-03 00:00:00-05:00,54.743987173222614,55.099955244536076,54.378653119728625,54.800193786621094,612000,0.0,0.0
2015-03-04 00:00:00-05:00,54.940716394351185,55.118698668754504,54.313088295301306,54.75336456298828,940000,0.0,0.0
2015-03-05 00:00:00-05:00,54.781462587333415,54.781462587333415,54.14446854545662,54.43486404418945,480000,0.0,0.0
2015-03-06 00:00:00-05:00,54.04141627363942,54.31307618989558,53.732288858212684,53.81659698486328,413900,0.0,0.0
2015-03-09 00:00:00-04:00,53.77913642118136,54.462967549445985,53.76977043791806,54.32245635986328,342800,0.0,0.0
2015-03-10 00:00:00-04:00,54.04140737046857,54.341168755077355,53.498091200904234,53.966468811035156,491100,0.0,0.0
2015-03-11 00:00:00-04:00,54.05079121205348,54.57537198707232,53.93838155646923,54.24750900268555,559900,0.0,0.0
2015-03-12 00:00:00-04:00,54.26625144057219,54.818937379837585,54.26625144057219,54.70652770996094,420900,0.0,0.0
2015-03-13 00:00:00-04:00,54.5094606534247,55.05370887116706,54.237334754769655,54.57514572143555,562300,0.1,0.0
2015-03-16 00:00:00-04:00,54.90358115686767,55.14755737968419,54.43439996790956,55.119407653808594,494300,0.0,0.0
2015-03-17 00:00:00-04:00,54.62206860043351,55.11940305332612,54.46254872769474,54.744056701660156,446100,0.0,0.0
2015-03-18 00:00:00-04:00,54.697135326600815,56.39556867448651,54.48131244293012,56.15159606933594,634800,0.0,0.0
2015-03-19 00:00:00-04:00,56.17036688475127,56.339272382211995,55.63550066931498,56.311119079589844,599900,0.0,0.0
2015-03-20 00:00:00-04:00,56.68646734416588,57.4465421084726,56.51756184098661,57.3714714050293,923000,0.0,0.0
2015-03-23 00:00:00-04:00,57.4653025984636,57.896948350582065,57.06180656683227,57.14625930786133,685900,0.0,0.0
2015-03-24 00:00:00-04:00,56.996121499317184,57.61544040700775,56.658310535200926,57.14625930786133,529500,0.0,0.0
2015-03-25 00:00:00-04:00,57.08995547688016,57.45591615628842,56.43310123148621,56.59262466430664,652900,0.0,0.0
2015-03-26 00:00:00-04:00,56.58324111868921,56.930434137617574,56.28296549482125,56.780296325683594,554100,0.0,0.0
2015-03-27 00:00:00-04:00,56.76153133154889,57.52160242635535,56.451870085836816,57.45591735839844,912800,0.0,0.0
2015-03-30 00:00:00-04:00,57.61544242186154,58.1503086072277,57.61544242186154,58.0940055847168,457400,0.0,0.0
2015-03-31 00:00:00-04:00,57.70927366216187,58.112769683075726,57.28700996823253,57.39961242675781,428200,0.0,0.0
2015-04-01 00:00:00-04:00,57.221331911514234,57.549760860163104,57.04304436538009,57.31517028808594,443500,0.0,0.0
2015-04-02 00:00:00-04:00,57.38086077726753,57.90634141738949,57.1838019576534,57.66236877441406,275700,0.0,0.0
2015-04-06 00:00:00-04:00,57.40900519924989,58.32859981407287,57.268249423896464,57.85003662109375,653400,0.0,0.0
2015-04-07 00:00:00-04:00,57.61543590645511,57.90632587428008,57.50282987416729,57.77495574951172,398800,0.0,0.0
2015-04-08 00:00:00-04:00,57.73742779675653,57.925100961694056,57.40900244279177,57.88756561279297,512100,0.0,0.0
2015-04-09 00:00:00-04:00,57.896964678758444,57.99079949322406,57.37148041087233,57.65298843383789,425500,0.0,0.0
2015-04-10 00:00:00-04:00,57.72804561091102,57.915718775398595,57.11810872121836,57.46530532836914,559800,0.0,0.0
2015-04-13 00:00:00-04:00,57.39961398269168,57.784345920586624,56.53632247798385,56.56447219848633,438800,0.0,0.0
2015-04-14 00:00:00-04:00,56.6020116346746,56.93982262337985,55.92638965726409,56.27358627319336,681000,0.0,0.0
2015-04-15 00:00:00-04:00,56.32050801445137,56.87414193762565,56.32050801445137,56.761539459228516,443500,0.0,0.0
2015-04-16 00:00:00-04:00,56.65832228057306,56.74277503910934,56.02023556709199,56.451881408691406,350400,0.0,0.0
2015-04-17 00:00:00-04:00,56.03899003507488,56.03899003507488,55.15692730282146,55.45720291137695,462000,0.0,0.0
2015-04-20 00:00:00-04:00,55.55104593715155,56.0014593877756,55.438443469387515,55.654266357421875,403300,0.0,0.0
2015-04-21 00:00:00-04:00,56.010829949879756,56.23603841879525,55.67302261585727,56.123435974121094,326600,0.0,0.0
2015-04-22 00:00:00-04:00,56.17974258383476,56.752144085036086,56.038990404902265,56.63954162597656,485400,0.0,0.0
2015-04-23 00:00:00-04:00,56.36741982577287,56.47064024555443,55.86070335388226,56.057762145996094,1013000,0.0,0.0
2015-04-24 00:00:00-04:00,56.01084370373299,57.315170291394494,55.954544257354776,57.20256423950195,873500,0.0,0.0
2015-04-27 00:00:00-04:00,57.21195974538812,57.66237329202431,56.77092824824556,56.85538101196289,793100,0.0,0.0
2015-04-28 00:00:00-04:00,56.67707358367814,57.333924205227774,56.52693578738573,57.06180191040039,950300,0.0,0.0
2015-04-29 00:00:00-04:00,56.911663676573774,56.95858106638556,56.35802988583295,56.81782531738281,560600,0.0,0.0
2015-04-30 00:00:00-04:00,57.28700956648886,58.6851707700126,57.14625738921123,57.3808479309082,2075800,0.0,0.0
2015-05-01 00:00:00-04:00,56.88352628342131,58.000179802817264,56.470648126244285,57.66236877441406,1464200,0.0,0.0
2015-05-04 00:00:00-04:00,57.333929813172425,58.516268206743455,57.333929813172425,58.413047790527344,672200,0.0,0.0
2015-05-05 00:00:00-04:00,58.1033885316645,58.51627021066833,57.56852233801671,57.70927810668945,577100,0.0,0.0
2015-05-06 00:00:00-04:00,57.84064528391524,58.037700486303336,57.174408982754855,57.50283432006836,531600,0.0,0.0
2015-05-07 00:00:00-04:00,57.30577617262909,58.17845325786242,57.071185635298995,57.69989013671875,1243500,0.0,0.0
2015-05-08 00:00:00-04:00,58.17845554663884,58.675786359882316,57.85941226013585,58.5350341796875,874400,0.0,0.0
2015-05-11 00:00:00-04:00,58.52565372789121,59.51093339464042,58.52565372789121,59.285728454589844,1367300,0.0,0.0
2015-05-12 00:00:00-04:00,58.994830318695534,59.19188910052224,57.75619250511366,57.972015380859375,565200,0.0,0.0
2015-05-13 00:00:00-04:00,57.943872251884194,58.450588754964635,57.80311647450581,57.93449020385742,621200,0.0,0.0
2015-05-14 00:00:00-04:00,58.36613021129266,58.36613021129266,57.953248547733175,58.05646896362305,587900,0.0,0.0
2015-05-15 00:00:00-04:00,58.01893869932059,58.215993909544004,57.634206746644615,57.98140335083008,890700,0.0,0.0
2015-05-18 00:00:00-04:00,58.00955220507755,58.29106015541169,57.77496164987113,58.07523727416992,691200,0.0,0.0
2015-05-19 00:00:00-04:00,58.27229079951718,59.10743615878394,57.981400810380656,58.01893615722656,546400,0.0,0.0
2015-05-20 00:00:00-04:00,58.197224341612475,58.197224341612475,57.61544077721167,57.74681091308594,480700,0.0,0.0
2015-05-21 00:00:00-04:00,57.90633419296312,57.96263721719539,57.418385388320644,57.61544418334961,579900,0.0,0.0
2015-05-22 00:00:00-04:00,57.61544736938939,57.97202247054127,57.23071896478058,57.484073638916016,252700,0.0,0.0
2015-05-26 00:00:00-04:00,57.446532568819215,57.587284745049665,56.92104847068322,57.136871337890625,375400,0.0,0.0
2015-05-27 00:00:00-04:00,57.54036710933915,58.10338297101218,57.174406441294934,58.00954818725586,286200,0.0,0.0
2015-05-28 00:00:00-04:00,57.81250036102565,58.150311352905796,57.577909792171994,58.12215805053711,376200,0.0,0.0
2015-05-29 00:00:00-04:00,58.18783925863718,59.08866970367409,58.05646912153557,58.59133529663086,675900,0.0,0.0
2015-06-01 00:00:00-04:00,58.61949184895119,58.61949184895119,58.07524001697557,58.21599578857422,357600,0.0,0.0
2015-06-02 00:00:00-04:00,58.17845764187996,58.83531191181474,57.88756406502615,58.54441833496094,271400,0.0,0.0
2015-06-03 00:00:00-04:00,58.525663468957674,59.154368155341004,57.99079717285394,58.93854522705078,458300,0.0,0.0
2015-06-04 00:00:00-04:00,58.413046560405476,58.79777491665676,57.93448341660712,58.01893615722656,223800,0.0,0.0
2015-06-05 00:00:00-04:00,57.85001948230825,58.2159800943251,57.3433031366386,58.08460998535156,314300,0.0,0.0
2015-06-08 00:00:00-04:00,57.92510186770721,58.26291285396493,57.60605855619359,57.61544418334961,235000,0.0,0.0
2015-06-09 00:00:00-04:00,57.55912543404943,57.55912543404943,56.986724039221734,57.19316482543945,415300,0.0,0.0
2015-06-10 00:00:00-04:00,57.25886442729276,58.12215597160305,57.25886442729276,57.82188034057617,336000,0.0,0.0
2015-06-11 00:00:00-04:00,58.009556492230764,58.41305256337131,57.73743056898378,57.85003662109375,344900,0.0,0.0
2015-06-12 00:00:00-04:00,57.83123751425407,58.244790028485205,57.304903165790954,57.427085876464844,276600,0.1,0.0
2015-06-15 00:00:00-04:00,57.192102879074625,57.42707454839767,56.70336496201987,57.20150375366211,431300,0.0,0.0
2015-06-16 00:00:00-04:00,56.98534327306892,57.31430225115691,56.66578158633318,56.96654510498047,320500,0.0,0.0
2015-06-17 00:00:00-04:00,57.16391140501412,57.55866570135321,56.59057991829744,57.49287033081055,352200,0.0,0.0
2015-06-18 00:00:00-04:00,57.58686886567913,58.197793178999675,57.44588440124462,57.71845245361328,335800,0.0,0.0
2015-06-19 00:00:00-04:00,57.680860410678974,58.282387477645436,57.37069958537995,57.962825775146484,647000,0.0,0.0
2015-06-22 00:00:00-04:00,58.27297476327125,58.705321780055165,58.00040676275753,58.348167419433594,275300,0.0,0.0
2015-06-23 00:00:00-04:00,58.29177292731183,58.81811076429868,58.05680125487929,58.348167419433594,425800,0.0,0.0
2015-06-24 00:00:00-04:00,58.536158003939185,59.024899647394285,58.05681723778402,58.319984436035156,508700,0.0,0.0
2015-06-25 00:00:00-04:00,58.319974299838535,58.865110356194286,57.934620861353224,58.01921081542969,229700,0.0,0.0
2015-06-26 00:00:00-04:00,58.1037976784372,58.310573907486805,57.8312296647597,57.92522048950195,256900,0.0,0.0
2015-06-29 00:00:00-04:00,57.812431865518384,57.93461814576456,56.20522639878427,56.299217224121094,525600,0.0,0.0
2015-06-30 00:00:00-04:00,56.853750412671516,57.35188923695744,56.402601622869746,56.52478790283203,617900,0.0,0.0
2015-07-01 00:00:00-04:00,57.07932152361903,57.154514184110866,56.46839729134812,56.590579986572266,612300,0.0,0.0
2015-07-02 00:00:00-04:00,56.86314938008458,56.94773933249508,56.054846187136064,56.177032470703125,308500,0.0,0.0
2015-07-06 00:00:00-04:00,55.90446355836575,56.51539138109675,55.53790829888051,55.97965621948242,340900,0.0,0.0
2015-07-07 00:00:00-04:00,56.139440028182705,56.139440028182705,55.152559571957084,56.06425094604492,876400,0.0,0.0
2015-07-08 00:00:00-04:00,55.725897882190765,55.866878772843464,54.91759453506563,54.9645881652832,477200,0.0,0.0
2015-07-09 00:00:00-04:00,55.688287651381906,56.0642437701015,55.537905920970715,55.631893157958984,593100,0.0,0.0
2015-07-10 00:00:00-04:00,56.23342757987168,56.80675550202754,56.06424767320814,56.646976470947266,753800,0.0,0.0
2015-07-13 00:00:00-04:00,57.098125531995144,57.38949174314347,56.75976569592192,57.323699951171875,615200,0.0,0.0
2015-07-14 00:00:00-04:00,57.35190252993558,57.9252341472026,57.098132621372265,57.82184600830078,361700,0.0,0.0
2015-07-15 00:00:00-04:00,57.69024806773688,58.13199238953286,56.95713398565884,57.22970199584961,453100,0.0,0.0
2015-07-16 00:00:00-04:00,57.51167942613842,57.72785298780084,57.30490674150449,57.58687210083008,339400,0.0,0.0
2015-07-17 00:00:00-04:00,57.417688285230874,58.21659068019083,57.417688285230874,57.69965362548828,787000,0.0,0.0
2015-07-20 00:00:00-04:00,57.718456748710416,58.075614789240795,57.47408772227434,57.962825775146484,309300,0.0,0.0
2015-07-21 00:00:00-04:00,57.88763084132933,58.01921442577327,57.02293308080896,57.163917541503906,355500,0.0,0.0
2015-07-22 00:00:00-04:00,57.10752143023411,57.78424108587844,57.03233234926455,57.398887634277344,376400,0.0,0.0
2015-07-23 00:00:00-04:00,57.67145803529148,58.085006961031745,57.27670369152611,57.40829086303711,572900,0.0,0.0
2015-07-24 00:00:00-04:00,57.6244620528852,58.141399085265014,57.38008947259998,57.737247467041016,728400,0.0,0.0
2015-07-27 00:00:00-04:00,57.45528059908575,57.85943220647797,56.96653903699786,57.52107238769531,1057600,0.0,0.0
2015-07-28 00:00:00-04:00,57.63386295538441,59.07188872848865,57.53047482535241,58.63954162597656,966300,0.0,0.0
2015-07-29 00:00:00-04:00,58.79932160323815,60.02117376989302,58.79932160323815,59.91778564453125,805300,0.0,0.0
2015-07-30 00:00:00-04:00,60.058766029972645,62.079524019384436,57.85943084502026,59.40084457397461,1392300,0.0,0.0
2015-07-31 00:00:00-04:00,59.851994303029834,60.0963633040447,59.26926546569916,59.419647216796875,646600,0.0,0.0
2015-08-03 00:00:00-04:00,59.41964743987084,59.50423739926736,58.63014234729794,58.921504974365234,543400,0.0,0.0
2015-08-04 00:00:00-04:00,59.02488751741164,59.26926008161119,58.686527711832845,58.865108489990234,429500,0.0,0.0
2015-08-05 00:00:00-04:00,59.50424168582149,59.84259796239822,58.818124670349505,59.10009002685547,551100,0.0,0.0
2015-08-06 00:00:00-04:00,59.10948196195786,59.147078295520785,58.18839330196846,58.54555130004883,428500,0.0,0.0
2015-08-07 00:00:00-04:00,58.49855431778389,58.930901372788306,58.13199546466259,58.90270233154297,398200,0.0,0.0
2015-08-10 00:00:00-04:00,59.25985823783472,59.711003442772814,59.10947650285536,59.57002258300781,304900,0.0,0.0
2015-08-11 00:00:00-04:00,59.100091168710804,59.39145382239655,58.949709403309875,59.363258361816406,320100,0.0,0.0
2015-08-12 00:00:00-04:00,59.02489755262199,59.28806832691746,58.17900148024208,59.27866744995117,392400,0.0,0.0
2015-08-13 00:00:00-04:00,59.16587383551001,59.654615393978204,58.81811672895163,59.485435485839844,325200,0.0,0.0
2015-08-14 00:00:00-04:00,59.44783551312897,59.804993473478824,59.25046016085011,59.77679443359375,157800,0.0,0.0
2015-08-17 00:00:00-04:00,59.739213045007105,60.81067995896144,59.194076918461484,60.79188537597656,445200,0.0,0.0
2015-08-18 00:00:00-04:00,60.782482889958544,60.96106369204323,59.43844794831307,60.68849563598633,634000,0.0,0.0
2015-08-19 00:00:00-04:00,60.19973949800983,60.547492950140416,59.83318071289895,60.368919372558594,458800,0.0,0.0
2015-08-20 00:00:00-04:00,59.729799521969596,59.82379034391401,58.79931368971095,58.83690643310547,667200,0.0,0.0
2015-08-21 00:00:00-04:00,58.413966283721514,58.413966283721514,56.74096533508573,56.7503662109375,469200,0.0,0.0
2015-08-24 00:00:00-04:00,53.46076934098294,55.84807940751458,51.07345568906721,55.03977966308594,1387800,0.0,0.0
2015-08-25 00:00:00-04:00,56.15824043926021,56.308622194929065,53.46076612834465,53.52655792236328,932100,0.0,0.0
2015-08-26 00:00:00-04:00,54.78600899118776,55.53791780412564,53.68633943914157,55.47212600708008,986000,0.0,0.0
2015-08-27 00:00:00-04:00,55.913869545162264,57.12632084074793,55.61310245858384,56.87255096435547,680100,0.0,0.0
2015-08-28 00:00:00-04:00,56.84435183359355,57.145115315354616,56.148837626539915,56.646976470947266,619300,0.0,0.0
2015-08-31 00:00:00-04:00,56.3556084018821,56.59998096353632,55.77287962355677,56.026649475097656,400300,0.0,0.0
2015-09-01 00:00:00-04:00,53.73333382456065,55.24655234869137,53.73333382456065,55.03977966308594,755700,0.0,0.0
2015-09-02 00:00:00-04:00,55.660094485222686,55.75408172607422,54.83299314127223,55.75408172607422,346100,0.0,0.0
2015-09-03 00:00:00-04:00,55.83868090030213,56.81616414230357,55.01157941973291,56.195838928222656,569200,0.0,0.0
2015-09-04 00:00:00-04:00,55.50031581443844,55.68829389487339,54.76720524466414,55.190155029296875,421400,0.0,0.0
2015-09-08 00:00:00-04:00,56.10183759493054,56.75975902267847,55.556705156202256,56.731563568115234,301200,0.0,0.0
2015-09-09 00:00:00-04:00,57.173310202811145,57.511666406171535,56.46839517138964,56.581180572509766,613500,0.0,0.0
2015-09-10 00:00:00-04:00,56.46840965168319,57.116930356154306,56.0078634688205,56.6751823425293,426200,0.0,0.0
2015-09-11 00:00:00-04:00,56.318021507080026,57.022936684333835,55.998463402026935,56.98534393310547,271500,0.0,0.0
2015-09-14 00:00:00-04:00,56.900598159904085,57.201858491806846,56.63699626731578,57.16420364379883,385100,0.1,0.0
2015-09-15 00:00:00-04:00,57.361920781932945,58.19038871734102,56.99475987627125,58.03034210205078,397600,0.0,0.0
2015-09-16 00:00:00-04:00,57.88912352155914,58.44457303820568,57.503133422961184,58.19038391113281,422600,0.0,0.0
2015-09-17 00:00:00-04:00,58.096240759310426,59.14123936016427,57.87029725125448,58.406917572021484,550700,0.0,0.0
2015-09-18 00:00:00-04:00,57.80438843831604,58.35042149691208,57.42781119070672,57.5407829284668,761800,0.0,0.0
2015-09-21 00:00:00-04:00,57.851458940652016,58.303349477095495,57.55019858302303,58.105648040771484,396900,0.0,0.0
2015-09-22 00:00:00-04:00,57.493717623378686,57.67258985929523,56.618178484642385,56.83470916748047,394300,0.0,0.0
2015-09-23 00:00:00-04:00,57.05124097177941,57.117141459533926,56.54286629357417,57.04182815551758,474600,0.0,0.0
2015-09-24 00:00:00-04:00,56.580513498162816,56.768802119700986,55.96857996729719,56.65583038330078,304800,0.0,0.0
2015-09-25 00:00:00-04:00,56.985330048251456,57.05123052393756,56.03447776241868,56.1474494934082,570300,0.0,0.0
2015-09-28 00:00:00-04:00,55.90268436869539,55.90268436869539,53.42669721888842,53.906829833984375,695400,0.0,0.0
2015-09-29 00:00:00-04:00,53.87858010228987,54.048039493141204,52.362861990400944,52.7865104675293,639400,0.0,0.0
2015-09-30 00:00:00-04:00,53.210164771899734,54.35872219316237,53.012463324691005,54.28340530395508,575300,0.0,0.0
2015-10-01 00:00:00-04:00,54.55641670538617,55.15893737722683,53.72794898595202,55.13069534301758,704800,0.0,0.0
2015-10-02 00:00:00-04:00,54.584675435382614,54.69764719808074,53.70913619403014,54.6788215637207,692600,0.0,0.0
2015-10-05 00:00:00-04:00,55.027140347498104,56.156868483297245,54.98948190499989,55.554344177246094,514900,0.0,0.0
2015-10-06 00:00:00-04:00,55.68614714260456,56.18510892194474,54.94240908529275,55.21542739868164,600700,0.0,0.0
2015-10-07 00:00:00-04:00,55.42254066955448,56.194520748711625,55.33781097348569,56.1474494934082,617300,0.0,0.0
2015-10-08 00:00:00-04:00,55.91209024851562,56.37339717476446,55.441370507623844,56.24159622192383,518600,0.0,0.0
2015-10-09 00:00:00-04:00,56.30749041200055,56.89118181997536,55.91208400631642,56.17568588256836,500600,0.0,0.0
2015-10-12 00:00:00-04:00,56.1945144127946,56.38280300408537,55.535509730236164,55.67672348022461,421300,0.0,0.0
2015-10-13 00:00:00-04:00,55.45079015725501,56.03448166453891,54.914169908552466,55.41313171386719,531400,0.0,0.0
2015-10-14 00:00:00-04:00,55.36606610109306,55.827369510060144,54.84827142997687,55.38489532470703,630000,0.0,0.0
2015-10-15 00:00:00-04:00,55.752046323224626,57.06064660629658,55.29073940473054,56.80645751953125,745700,0.0,0.0
2015-10-16 00:00:00-04:00,57.04182109180439,57.38073989617639,56.58993054974399,56.78763198852539,697000,0.0,0.0
2015-10-19 00:00:00-04:00,56.5146196334281,56.77822517095494,55.95917011010296,56.46754837036133,513500,0.0,0.0
2015-10-20 00:00:00-04:00,56.4298827173209,59.216546385488876,56.4298827173209,58.35983657836914,924500,0.0,0.0
2015-10-21 00:00:00-04:00,58.68934695753335,58.830564339229184,57.51254741442537,57.6820068359375,384300,0.0,0.0
2015-10-22 00:00:00-04:00,57.9173590487394,60.60987302890226,57.80438731317827,60.25212860107422,1248300,0.0,0.0
2015-10-23 00:00:00-04:00,60.60987744912218,60.65695230107027,59.87555572746137,59.99794387817383,1077000,0.0,0.0
2015-10-26 00:00:00-04:00,60.03560016602976,60.36510616129177,59.451908654177686,60.318031311035156,436500,0.0,0.0
2015-10-27 00:00:00-04:00,60.07326257869677,60.72285461425781,60.007362093551755,60.72285461425781,1020500,0.0,0.0
2015-10-28 00:00:00-04:00,60.79815575896944,61.51364450304615,59.88495842805299,61.38184356689453,1158000,0.0,0.0
2015-10-29 00:00:00-04:00,63.547171618795204,63.547171618795204,58.97177468763283,60.732269287109375,1801600,0.0,0.0
2015-10-30 00:00:00-04:00,60.807566792649084,61.81491383592313,60.21446256229746,61.35360336303711,1029100,0.0,0.0
2015-11-02 00:00:00-05:00,61.36302759676513,62.925813449619945,61.09942568297854,62.841087341308594,936900,0.0,0.0
2015-11-03 00:00:00-05:00,62.60571662703461,62.60571662703461,61.33477494406086,61.504234313964844,877300,0.0,0.0
2015-11-04 00:00:00-05:00,60.685185542952844,61.53248247690608,60.685185542952844,60.911128997802734,1181900,0.0,0.0
2015-11-05 00:00:00-05:00,60.23330037360179,60.72284935751845,59.941452828005296,60.40276336669922,1010500,0.0,0.0
2015-11-06 00:00:00-05:00,60.327448507106084,60.760509841202236,59.56488117343573,60.506317138671875,855900,0.0,0.0
2015-11-09 00:00:00-05:00,60.45925642422938,60.47808205717543,59.32952810817886,59.95087814331055,782700,0.0,0.0
2015-11-10 00:00:00-05:00,59.89438314823148,60.054429739165094,59.09416096748407,59.621368408203125,839500,0.0,0.0
2015-11-11 00:00:00-05:00,59.85673254656858,61.25947556415449,59.630785458412035,61.2029914855957,747400,0.0,0.0
2015-11-12 00:00:00-05:00,60.722847883816165,61.28771014853829,60.4874880082975,60.89230728149414,1038300,0.0,0.0
2015-11-13 00:00:00-05:00,60.84522935163143,61.21239016423537,59.93203552295936,59.96027755737305,650300,0.0,0.0
2015-11-16 00:00:00-05:00,60.24271556452951,61.08059255888995,59.86613832563549,60.92996597290039,778000,0.0,0.0
2015-11-17 00:00:00-05:00,61.193568877171344,61.32536983552848,60.572215345533266,60.80757522583008,846200,0.0,0.0
2015-11-18 00:00:00-05:00,61.35361052519207,62.040864520923016,60.88289077493106,61.99378967285156,1059700,0.0,0.0
2015-11-19 00:00:00-05:00,62.04087429852182,62.85051297117831,61.59839651432414,62.77519607543945,1700800,0.0,0.0
2015-11-20 00:00:00-05:00,62.90699443222773,63.076453849276625,62.36095773477972,62.615150451660156,2377900,0.0,0.0
2015-11-23 00:00:00-05:00,62.7375194413722,62.9163952212463,61.61720428550799,61.84315490722656,777600,0.0,0.0
2015-11-24 00:00:00-05:00,61.636043976715264,61.636043976715264,60.760504971989434,61.3630256652832,988900,0.0,0.0
2015-11-25 00:00:00-05:00,61.66428823553135,62.76577074430826,61.363027878021086,62.5115852355957,634300,0.0,0.0
2015-11-27 00:00:00-05:00,62.59631273714872,63.34005083249809,62.51158662656376,63.19883346557617,274600,0.0,0.0
2015-11-30 00:00:00-05:00,63.33061965014444,64.0084571071304,63.0858505993755,63.27413558959961,1311700,0.0,0.0
2015-12-01 00:00:00-05:00,63.396516669141334,64.09318689685018,63.31179058292926,64.04611206054688,899000,0.0,0.0
2015-12-02 00:00:00-05:00,63.92376222376873,64.093221670745,63.10470703294758,63.368309020996094,643400,0.0,0.0
2015-12-03 00:00:00-05:00,63.45302307503271,63.45302307503271,61.57956050069507,62.229148864746094,578200,0.0,0.0
2015-12-04 00:00:00-05:00,62.46452147399546,63.528352911696125,62.02204367416755,63.18943405151367,660700,0.0,0.0
2015-12-07 00:00:00-05:00,63.04820722044196,63.21766662515461,62.47392852572764,62.50217056274414,534400,0.0,0.0
2015-12-08 00:00:00-05:00,61.796088239655546,62.605726784713546,61.588970400322566,61.99378967285156,464800,0.0,0.0
2015-12-09 00:00:00-05:00,61.32536722412569,62.483340946226264,61.16532423616618,61.3630256652832,577500,0.0,0.0
2015-12-10 00:00:00-05:00,61.36302854208316,62.05969177962481,61.18415273385228,61.56072998046875,571200,0.0,0.0
2015-12-11 00:00:00-05:00,60.94879259053087,61.60780456493007,60.656948637399154,60.80757522583008,518200,0.0,0.0
2015-12-14 00:00:00-05:00,60.84529167856829,61.260169679390984,60.00611186326849,61.20359802246094,813000,0.1,0.0
2015-12-15 00:00:00-05:00,61.486465868310496,61.976777559752584,61.23188620857218,61.693904876708984,582000,0.0,0.0
2015-12-16 00:00:00-05:00,62.20306999578284,62.85367283595051,61.684472486409916,62.66508865356445,611200,0.0,0.0
2015-12-17 00:00:00-05:00,62.68394847591096,62.68394847591096,61.854192489940246,61.87305450439453,586400,0.0,0.0
2015-12-18 00:00:00-05:00,61.65618231459479,61.7976186429842,60.307836078950054,60.958438873291016,1609900,0.0,0.0
2015-12-21 00:00:00-05:00,61.28846196665663,61.750480665693274,60.70386173968562,61.06216812133789,459400,0.0,0.0
2015-12-22 00:00:00-05:00,61.35446485386494,61.477039188479026,60.74157879329119,61.448753356933594,443500,0.0,0.0
2015-12-23 00:00:00-05:00,61.80704680992324,62.17477693058868,61.51474315968265,62.06162643432617,313400,0.0,0.0
2015-12-24 00:00:00-05:00,62.08047973035409,62.15591339267833,61.70332580623285,61.863616943359375,114200,0.0,0.0
2015-12-28 00:00:00-05:00,61.71277219951776,62.59910007176149,61.40162081764192,62.52366638183594,303800,0.0,0.0
2015-12-29 00:00:00-05:00,63.2119540372706,63.68340356869975,62.76879032672736,63.13652038574219,475300,0.0,0.0
2015-12-30 00:00:00-05:00,62.891402771709636,63.25913305382844,62.65567786297946,62.80654525756836,309900,0.0,0.0
2015-12-31 00:00:00-05:00,62.47651911684898,63.09882900857183,61.58076032961283,62.15592956542969,310900,0.0,0.0
2016-01-04 00:00:00-05:00,61.17530445643846,61.17530445643846,59.770386503074306,60.84529113769531,845000,0.0,0.0
2016-01-05 00:00:00-05:00,60.88301638862002,61.66562464820683,60.44928351064165,60.779296875,525600,0.0,0.0
2016-01-06 00:00:00-05:00,59.98725013614462,60.18526171510282,58.82748447367626,59.185787200927734,505500,0.0,0.0
2016-01-07 00:00:00-05:00,58.11088950182034,58.7332029455893,57.281137044503176,57.47914505004883,613600,0.0,0.0
2016-01-08 00:00:00-05:00,57.79973647051471,58.186325107191955,56.215665081965035,56.35710144042969,675700,0.0,0.0
2016-01-11 00:00:00-05:00,56.59282561660331,56.998272669257425,55.61220932195725,56.09309005737305,562700,0.0,0.0
2016-01-12 00:00:00-05:00,56.53625223718283,56.98884355819625,55.9422281515955,56.67768859863281,521100,0.0,0.0
2016-01-13 00:00:00-05:00,57.073696358238024,57.22456010997638,55.31047558538176,55.45191192626953,513400,0.0,0.0
2016-01-14 00:00:00-05:00,56.3853778999401,57.460282535577484,55.66877600847365,56.79082489013672,929400,0.0,0.0
2016-01-15 00:00:00-05:00,56.96997318933012,56.96997318933012,53.42467345312836,55.32933044433594,1231500,0.0,0.0
2016-01-19 00:00:00-05:00,56.62110541726364,56.77196916983928,54.00927377833651,54.69758987426758,1000000,0.0,0.0
2016-01-20 00:00:00-05:00,54.26386417695121,54.7258865032639,52.35920680196241,54.131858825683594,1355200,0.0,0.0
2016-01-21 00:00:00-05:00,54.16013805859859,54.47129657456,52.57606684268288,53.94327163696289,1152600,0.0,0.0
2016-01-22 00:00:00-05:00,54.82960163862111,56.69654202205611,54.81074321896511,56.53624725341797,1086900,0.0,0.0
2016-01-25 00:00:00-05:00,56.281660856218394,56.90397428278602,55.47077043732011,55.810211181640625,1114700,0.0,0.0
2016-01-26 00:00:00-05:00,55.66878762338658,56.68711721813541,55.42363173790226,56.51739501953125,638000,0.0,0.0
2016-01-27 00:00:00-05:00,56.27222983941101,57.11140963088445,55.97992976502827,56.319374084472656,711800,0.0,0.0
2016-01-28 00:00:00-05:00,56.63053271014968,56.73424861078039,55.40476075439671,55.838497161865234,668100,0.0,0.0
2016-01-29 00:00:00-05:00,56.130797155012225,57.186847016772276,55.791352813509036,57.101985931396484,677700,0.0,0.0
2016-02-01 00:00:00-05:00,56.573966474206934,57.27171364334756,56.13080258582536,56.99827194213867,982600,0.0,0.0
2016-02-02 00:00:00-05:00,56.526822389973574,56.526822389973574,54.98046787723717,55.37648391723633,1217300,0.0,0.0
2016-02-03 00:00:00-05:00,55.99879966561336,56.093091771947655,54.405300835762674,55.98937225341797,897500,0.0,0.0
2016-02-04 00:00:00-05:00,55.932788539856325,57.48857388901703,55.83850004464227,56.385379791259766,542800,0.0,0.0
2016-02-05 00:00:00-05:00,56.41367277092813,56.903977293177086,52.81179375747828,53.056949615478516,1627200,0.0,0.0
2016-02-08 00:00:00-05:00,52.21775617166951,52.68920574881418,49.92651093899638,50.69968795776367,2161000,0.0,0.0
2016-02-09 00:00:00-05:00,50.28482105827314,51.81231690690413,50.152812135783115,51.180572509765625,1425700,0.0,0.0
2016-02-10 00:00:00-05:00,51.680304345283616,53.29266104846677,51.30314324187096,51.718017578125,1245900,0.0,0.0
2016-02-11 00:00:00-05:00,52.98150932923126,55.41419120184628,51.340866593776056,53.50010681152344,2540800,0.0,0.0
2016-02-12 00:00:00-05:00,54.773027569226386,55.50848796740453,53.90555823058922,54.21671676635742,1869100,0.0,0.0
2016-02-16 00:00:00-05:00,55.04646383593248,55.451910835165684,53.63211484238656,55.159610748291016,1177600,0.0,0.0
2016-02-17 00:00:00-05:00,55.53677301142708,56.14965542923111,55.09360916706259,55.45191192626953,1186300,0.0,0.0
2016-02-18 00:00:00-05:00,55.71592602116262,56.00822613177592,55.0464683064322,55.244476318359375,987300,0.0,0.0
2016-02-19 00:00:00-05:00,55.15961002834341,55.44247910398547,54.65987454147993,55.404762268066406,2485200,0.0,0.0
2016-02-22 00:00:00-05:00,55.4047677371892,57.922311031729095,55.4047677371892,57.58286666870117,988400,0.0,0.0
2016-02-23 00:00:00-05:00,57.32827867801385,58.45975859602163,57.07369542669644,57.62057876586914,742900,0.0,0.0
2016-02-24 00:00:00-05:00,56.998258999165245,59.18578491834846,56.58338103722957,59.05377960205078,1014800,0.0,0.0
2016-02-25 00:00:00-05:00,59.13865291619166,60.2229850936843,57.13970355121456,60.156982421875,912100,0.0,0.0
2016-02-26 00:00:00-05:00,60.34555352193949,60.81700315882964,59.52523216087571,60.23240661621094,748800,0.0,0.0
2016-02-29 00:00:00-05:00,60.270126064647066,60.57185357560113,59.34608511274079,59.40266036987305,1127900,0.0,0.0
2016-03-01 00:00:00-05:00,59.949538277571435,61.203596053346914,59.7043824491772,61.1281623840332,1140800,0.0,0.0
2016-03-02 00:00:00-05:00,60.901864911851675,61.26960227266795,60.39270559880067,60.949012756347656,674000,0.0,0.0
2016-03-03 00:00:00-05:00,60.88302404488963,61.26961631586185,60.55301063903085,61.137603759765625,695300,0.0,0.0
2016-03-04 00:00:00-05:00,61.12816969155024,61.28846086269076,60.19469770501623,60.28898620605469,836800,0.0,0.0
2016-03-07 00:00:00-05:00,59.95896974003564,60.30784149200121,59.383800561710295,59.864681243896484,913100,0.0,0.0
2016-03-08 00:00:00-05:00,59.47809627099856,59.74210695374053,58.8652102182038,59.35551834106445,972300,0.0,0.0
2016-03-09 00:00:00-05:00,59.80810334940005,60.04382817622351,59.280078442440335,59.704383850097656,479000,0.0,0.0
2016-03-10 00:00:00-05:00,59.92125751592769,60.449282486833994,59.0537917746629,59.496952056884766,579400,0.0,0.0
2016-03-11 00:00:00-05:00,60.138114776303446,60.307836934027044,59.7326677991721,60.10982894897461,440100,0.0,0.0
2016-03-14 00:00:00-04:00,59.73196136589619,60.90336311962148,59.73196136589619,60.619956970214844,569500,0.12,0.0
2016-03-15 00:00:00-04:00,60.13817193730451,60.60106551662961,59.90200255275593,60.11927795410156,463000,0.0,0.0
2016-03-16 00:00:00-04:00,59.83588404859443,60.55383749562373,59.54303267217414,60.23264694213867,486900,0.0,0.0
2016-03-17 00:00:00-04:00,60.10983215430474,60.95059097452102,59.65638737301231,60.808895111083984,596200,0.0,0.0
2016-03-18 00:00:00-04:00,61.101744332968636,61.74412535642491,60.92225329180184,60.988380432128906,865700,0.0,0.0
2016-03-21 00:00:00-04:00,60.70498845868987,61.158429699459,60.43103107237084,60.92226028442383,701500,0.0,0.0
2016-03-22 00:00:00-04:00,60.610512207773695,60.89391113501166,60.412127192853205,60.66719055175781,536600,0.0,0.0
2016-03-23 00:00:00-04:00,60.525498576690325,60.525498576690325,59.72252399138279,59.85477828979492,454600,0.0,0.0
2016-03-24 00:00:00-04:00,59.731970905735416,59.87367400307024,59.22184407972138,59.646949768066406,448100,0.0,0.0
2016-03-28 00:00:00-04:00,59.826431487284914,60.015364115987445,59.44855902256205,59.86421585083008,313000,0.0,0.0
2016-03-29 00:00:00-04:00,59.90200255275593,60.27987500949719,59.47689693983671,60.11927795410156,589800,0.0,0.0
2016-03-30 00:00:00-04:00,60.28932211116859,60.40268241032233,59.55247476118088,60.3082160949707,471100,0.0,0.0
2016-03-31 00:00:00-04:00,60.27042303459977,60.73331658949033,59.94923254442188,60.185401916503906,521100,0.0,0.0
2016-04-01 00:00:00-04:00,59.95868537079087,61.876379647929916,59.59026170214434,61.76301574707031,933700,0.0,0.0
2016-04-04 00:00:00-04:00,61.75358098825073,62.19757343257339,61.09230230443584,61.271793365478516,453800,0.0,0.0
2016-04-05 00:00:00-04:00,60.9789401164732,61.61187235955154,60.52549171098373,61.120635986328125,979000,0.0,0.0
2016-04-06 00:00:00-04:00,61.27178680903686,62.613227207712306,61.1017445608021,62.54710006713867,1143800,0.0,0.0
2016-04-07 00:00:00-04:00,62.33927201531849,62.33927201531849,60.242090220404656,60.431026458740234,1018900,0.0,0.0
2016-04-08 00:00:00-04:00,60.96004424089461,61.1773232596372,60.37434513920598,60.51604461669922,429400,0.0,0.0
2016-04-11 00:00:00-04:00,60.978939692927,61.13953314919241,59.78864394318784,59.90200424194336,577400,0.0,0.0
2016-04-12 00:00:00-04:00,59.93034341571751,60.449918959303055,59.637495676960846,59.90200424194336,574200,0.0,0.0
2016-04-13 00:00:00-04:00,60.11926873914771,60.77109844693236,59.84531143018483,60.72386169433594,746400,0.0,0.0
2016-04-14 00:00:00-04:00,60.66719714410978,60.7144267001229,59.996473303591614,60.17596435546875,463400,0.0,0.0
2016-04-15 00:00:00-04:00,60.06260848579646,60.29877790525242,59.81699027151302,60.242095947265625,340100,0.0,0.0
2016-04-18 00:00:00-04:00,59.99647076641425,60.98838149222041,59.987025576342866,60.695533752441406,315900,0.0,0.0
2016-04-19 00:00:00-04:00,60.789996652979404,61.01671723854616,60.223191585403804,60.34600067138672,457700,0.0,0.0
2016-04-20 00:00:00-04:00,60.44992362754689,60.667199051798605,60.062605940200925,60.37434768676758,350900,0.0,0.0
2016-04-21 00:00:00-04:00,60.41213334877646,60.81834140213661,59.64694319409069,59.74141311645508,359500,0.0,0.0
2016-04-22 00:00:00-04:00,59.82643191111474,60.73332150848363,59.760301166209686,60.68608474731445,557300,0.0,0.0
2016-04-25 00:00:00-04:00,60.75221231006952,61.15842395406207,60.393237427573865,61.120635986328125,534200,0.0,0.0
2016-04-26 00:00:00-04:00,61.40403227511642,62.121989132074155,61.29066839012833,62.036964416503906,778800,0.0,0.0
2016-04-27 00:00:00-04:00,62.20702894037573,63.20839226511521,61.84805398686947,63.132816314697266,994100,0.0,0.0
2016-04-28 00:00:00-04:00,60.41212891491225,62.53764975905496,60.138171565650836,61.630760192871094,1756700,0.0,0.0
2016-04-29 00:00:00-04:00,61.62133192038901,61.91417971234892,60.9978411548134,61.82915496826172,958100,0.0,0.0
2016-05-02 00:00:00-04:00,61.86694506022517,63.4067744360427,61.72524195344229,62.82107162475586,993300,0.0,0.0
2016-05-03 00:00:00-04:00,62.63211238314256,62.764366638081086,61.78190131045464,62.05585861206055,822800,0.0,0.0
2016-05-04 00:00:00-04:00,61.75358643633231,61.98030707580179,61.243459592036594,61.83860397338867,539000,0.0,0.0
2016-05-05 00:00:00-04:00,61.86692724356654,62.14088458249972,61.30957098000124,61.753570556640625,769500,0.0,0.0
2016-05-06 00:00:00-04:00,61.753568920954265,62.39594989001638,61.21510305036669,62.35816192626953,372400,0.0,0.0
2016-05-09 00:00:00-04:00,62.329835450212755,62.84940384109055,62.05587806273816,62.50931930541992,441700,0.0,0.0
2016-05-10 00:00:00-04:00,62.89664031940127,63.3122935887377,62.603785343885896,63.236724853515625,327500,0.0,0.0
2016-05-11 00:00:00-04:00,63.23671935624451,63.52011830515775,62.24480501675327,62.29204177856445,283900,0.0,0.0
2016-05-12 00:00:00-04:00,62.62266367942898,62.75491793455339,61.92360444415477,62.47151184082031,306900,0.0,0.0
2016-05-13 00:00:00-04:00,62.35816192626953,63.23671226326159,61.933052739605365,62.35816192626953,542600,0.0,0.0
2016-05-16 00:00:00-04:00,62.42427663822373,62.98163277610923,62.04640428327107,62.66988754272461,476100,0.0,0.0
2016-05-17 00:00:00-04:00,62.754943769926854,63.39732493384075,62.32039286600265,63.132816314697266,1042100,0.0,0.0
2016-05-18 00:00:00-04:00,63.03833791448078,63.718499716097945,62.55655033193208,63.46343994140625,720400,0.0,0.0
2016-05-19 00:00:00-04:00,62.99110136284431,63.68071916790379,62.792719935796015,63.49177932739258,1227900,0.0,0.0
2016-05-20 00:00:00-04:00,63.945240725485476,64.81434254641003,63.54847058348128,63.63349533081055,583100,0.0,0.0
2016-05-23 00:00:00-04:00,63.661817967655324,63.6712667609742,63.142242444880665,63.501224517822266,447400,0.0,0.0
2016-05-24 00:00:00-04:00,63.95465519712497,64.66316322607679,63.359511047439334,64.35142517089844,504500,0.0,0.0
2016-05-25 00:00:00-04:00,64.6631728013214,64.6726215944885,63.70905370364925,64.19083404541016,824900,0.0,0.0
2016-05-26 00:00:00-04:00,64.19083615837134,64.54981823736361,63.945225186481316,63.98301315307617,332000,0.0,0.0
2016-05-27 00:00:00-04:00,64.0113658506336,64.70097656656829,63.973577876054826,64.2286376953125,425500,0.0,0.0
2016-05-31 00:00:00-04:00,64.30421434651933,64.5687229641393,63.62404521131409,63.89800262451172,563700,0.0,0.0
2016-06-01 00:00:00-04:00,63.74685174693232,64.4836991694735,63.321742475014936,64.41757202148438,638100,0.0,0.0
2016-06-02 00:00:00-04:00,64.2663964421087,64.408099480504,63.775167410629706,64.3608627319336,575400,0.0,0.0
2016-06-03 00:00:00-04:00,64.10582372746588,64.34199313194155,63.61458733005822,64.13416290283203,333500,0.0,0.0
2016-06-06 00:00:00-04:00,64.37033634713258,64.40812431909842,63.737404033171856,64.14361572265625,447700,0.0,0.0
2016-06-07 00:00:00-04:00,64.17194195512451,64.39866253386708,63.69015441889397,64.00189971923828,596600,0.0,0.0
2016-06-08 00:00:00-04:00,63.94523311348454,65.27722486631518,63.76574205173771,65.19220733642578,715400,0.0,0.0
2016-06-09 00:00:00-04:00,64.87099398802813,65.2772055499286,64.53090955446886,65.16384887695312,441900,0.0,0.0
2016-06-10 00:00:00-04:00,65.14496809401453,65.22999282799029,63.85075715434393,64.15306091308594,589100,0.0,0.0
2016-06-13 00:00:00-04:00,63.89753759419315,64.50320813022753,63.623102496088954,63.86914825439453,664700,0.12,0.0
2016-06-14 00:00:00-04:00,63.821815926891105,64.05840331425938,63.310786303766726,64.00161743164062,557100,0.0,0.0
2016-06-15 00:00:00-04:00,64.35179252704427,64.74925774806938,64.2193041200359,64.50321197509766,701500,0.0,0.0
2016-06-16 00:00:00-04:00,64.06789401669432,64.6924885009006,63.821848207835245,64.54106903076172,703900,0.0,0.0
2016-06-17 00:00:00-04:00,64.67353214601853,64.8438753732192,64.03002131001028,64.05841064453125,511300,0.0,0.0
2016-06-20 00:00:00-04:00,64.51267973668135,65.43064041991806,64.51267973668135,65.2508316040039,351200,0.0,0.0
2016-06-21 00:00:00-04:00,65.24134463734951,65.5347107069858,64.87226886584754,65.31704711914062,587500,0.0,0.0
2016-06-22 00:00:00-04:00,65.20350678747327,65.95112404316157,65.12779706586717,65.14672088623047,484800,0.0,0.0
2016-06-23 00:00:00-04:00,65.53472137451172,65.71453014069273,65.21296591932014,65.53472137451172,419700,0.0,0.0
2016-06-24 00:00:00-04:00,63.27294907965832,64.28554309084325,62.13733219200131,62.19411087036133,1093700,0.0,0.0
2016-06-27 00:00:00-04:00,61.56952043886527,61.71147436385804,60.045900175472696,60.5853157043457,1188000,0.0,0.0
2016-06-28 00:00:00-04:00,60.973327056752325,62.94173666908866,60.75566339324096,62.847103118896484,857600,0.0,0.0
2016-06-29 00:00:00-04:00,63.25400958117786,64.77763315407667,63.18776539192466,64.36124420166016,961500,0.0,0.0
2016-06-30 00:00:00-04:00,64.41801915972464,65.7334445705637,64.39909534391802,65.7050552368164,578300,0.0,0.0
2016-07-01 00:00:00-04:00,65.58204637690811,65.83755765522604,64.61676550309319,65.10887145996094,775000,0.0,0.0
2016-07-05 00:00:00-04:00,64.69246514792617,64.86280838030228,63.897527656812606,64.36124420166016,455800,0.0,0.0
2016-07-06 00:00:00-04:00,64.28554978122928,64.93853353063184,63.84076416758271,64.59784698486328,980800,0.0,0.0
2016-07-07 00:00:00-04:00,64.81548933740041,65.2886641903645,64.41802419372863,64.95744323730469,333100,0.0,0.0
2016-07-08 00:00:00-04:00,65.43061238529803,66.1971532698402,65.31704783126138,65.99842071533203,386400,0.0,0.0
2016-07-11 00:00:00-04:00,66.24448974537592,66.8406875538568,66.09307030317838,66.1782455444336,501800,0.0,0.0
2016-07-12 00:00:00-04:00,66.46213977836979,66.97316224094806,66.33910970175936,66.74604034423828,427700,0.0,0.0
2016-07-13 00:00:00-04:00,67.20033089465535,67.20033089465535,66.4432478334308,66.6609115600586,331600,0.0,0.0
2016-07-14 00:00:00-04:00,67.25707316643805,67.5882941187834,67.04887507637089,67.2002944946289,462500,0.0,0.0
2016-07-15 00:00:00-04:00,67.38956057117639,67.7207815187237,67.07726344059957,67.52204895019531,363000,0.0,0.0
2016-07-18 00:00:00-04:00,67.52207109588663,67.66402503998603,66.95426253956659,67.13407135009766,291400,0.0,0.0
2016-07-19 00:00:00-04:00,67.039406263032,68.06146562581839,66.95423825950392,67.98575592041016,802400,0.0,0.0
2016-07-20 00:00:00-04:00,68.06148784785539,68.32646468322407,67.6356332510239,68.07095336914062,317900,0.0,0.0
2016-07-21 00:00:00-04:00,68.07093906152383,68.08986288003952,67.55044380139572,67.72078704833984,255000,0.0,0.0
2016-07-22 00:00:00-04:00,67.63561138551974,68.55357171134035,67.4084894886396,68.45893096923828,471000,0.0,0.0
2016-07-25 00:00:00-04:00,67.84382452016754,68.11826684899583,67.62616087313941,68.01416778564453,389800,0.0,0.0
2016-07-26 00:00:00-04:00,68.0898617412813,68.76177641860055,68.02361754747068,68.57250213623047,579300,0.0,0.0
2016-07-27 00:00:00-04:00,68.65768045481809,68.69552809291793,67.626155424737,68.02362060546875,758600,0.0,0.0
2016-07-28 00:00:00-04:00,68.84695398147896,69.4810066702082,68.27914549575013,68.8753433227539,841100,0.0,0.0
2016-07-29 00:00:00-04:00,68.91320212402063,69.54725484899659,68.31700426293418,68.50627136230469,961500,0.0,0.0
2016-08-01 00:00:00-04:00,67.89112987385231,68.73338058404903,67.76810700407466,68.5157241821289,632700,0.0,0.0
2016-08-02 00:00:00-04:00,67.18139969998806,68.20345966437966,66.95427767014965,67.8438491821289,618300,0.0,0.0
2016-08-03 00:00:00-04:00,67.8532654027045,67.8532654027045,66.96370166251859,67.23814392089844,720700,0.0,0.0
2016-08-04 00:00:00-04:00,67.40851297877929,67.9384666628665,67.11513957216464,67.19084930419922,658500,0.0,0.0
2016-08-05 00:00:00-04:00,67.72078885593174,67.80596409171517,67.3706440534775,67.57884216308594,650800,0.0,0.0
2016-08-08 00:00:00-04:00,67.5315158077492,67.7207828615076,66.87853219815473,67.17190551757812,672500,0.0,0.0
2016-08-09 00:00:00-04:00,67.29491724270342,67.48418426513672,66.94476530912031,67.48418426513672,716100,0.0,0.0
2016-08-10 00:00:00-04:00,67.66400284773707,67.66400284773707,67.10565999616803,67.52204895019531,485200,0.0,0.0
2016-08-11 00:00:00-04:00,67.6545505310013,68.2034351912294,67.57884802827195,67.95738220214844,490000,0.0,0.0
2016-08-12 00:00:00-04:00,67.95737691815583,68.64821544991008,67.83435404321921,68.4684066772461,598100,0.0,0.0
2016-08-15 00:00:00-04:00,68.73339919400456,69.29174945895033,68.51574273315272,68.9132080078125,602800,0.0,0.0
2016-08-16 00:00:00-04:00,68.68606409611772,69.18762829021055,68.28859894835458,68.35484313964844,402000,0.0,0.0
2016-08-17 00:00:00-04:00,68.35485647122873,68.42110067544252,67.4652852545778,67.81543731689453,597800,0.0,0.0
2016-08-18 00:00:00-04:00,67.73972254727978,68.23182128192319,67.55991376920035,68.03308868408203,283400,0.0,0.0
2016-08-19 00:00:00-04:00,67.77758855514777,67.82490172237243,67.27601699800913,67.45582580566406,546800,0.0,0.0
2016-08-22 00:00:00-04:00,67.39905621161977,68.19398684100295,67.26656777338924,68.05204010009766,624900,0.0,0.0
2016-08-23 00:00:00-04:00,68.21289210323911,68.71445631839775,68.21289210323911,68.30752563476562,390100,0.0,0.0
2016-08-24 00:00:00-04:00,68.14665435395268,68.37377629511091,67.8154333522477,67.94792175292969,483800,0.0,0.0
2016-08-25 00:00:00-04:00,67.84379418319702,68.31696890681799,67.65451996170466,68.22232818603516,309800,0.0,0.0
2016-08-26 00:00:00-04:00,68.37378356565787,68.6009055309672,67.36118941272734,67.73973083496094,308500,0.0,0.0
2016-08-29 00:00:00-04:00,67.8438119031657,68.29805571324367,67.59775896099627,68.2318115234375,354700,0.0,0.0
2016-08-30 00:00:00-04:00,68.07095769213673,68.26022480939783,67.25709609177412,67.43690490722656,450500,0.0,0.0
2016-08-31 00:00:00-04:00,67.26656704416278,67.65456683189498,66.89749108165334,67.39905548095703,573900,0.0,0.0
2016-09-01 00:00:00-04:00,67.49365727540648,68.02361077311427,66.92584892499457,67.98575592041016,534400,0.0,0.0
2016-09-02 00:00:00-04:00,68.1845158493594,68.65769081786273,68.06148573669924,68.50627136230469,420400,0.0,0.0
2016-09-06 00:00:00-04:00,68.47788014580803,68.8469560335363,67.83436191744751,68.20343780517578,329300,0.0,0.0
2016-09-07 00:00:00-04:00,68.04257714657331,68.08043201893688,66.81231906503245,67.08676147460938,757300,0.0,0.0
2016-09-08 00:00:00-04:00,66.88801856004643,67.1056822377632,65.97952342277162,66.13093566894531,515800,0.0,0.0
2016-09-09 00:00:00-04:00,65.63882413253624,65.90380092708445,63.24456024169922,63.24456024169922,951400,0.0,0.0
2016-09-12 00:00:00-04:00,63.14994247853293,64.01111727593633,63.13101143414985,63.76506423950195,1185200,0.0,0.0
2016-09-13 00:00:00-04:00,63.11089799508785,63.556477073251315,62.75064610972185,63.12038040161133,620800,0.12,0.0
2016-09-14 00:00:00-04:00,63.186736602344496,63.499590890413,62.409345701449425,62.65583038330078,749300,0.0,0.0
2016-09-15 00:00:00-04:00,62.617939280580174,63.64181525663336,62.56105205810684,63.376365661621094,1714800,0.0,0.0
2016-09-16 00:00:00-04:00,62.978180436309394,63.06350040590514,62.665326081876174,62.807533264160156,989800,0.0,0.0
2016-09-19 00:00:00-04:00,62.807533553989714,64.2106333351312,62.6653263710495,63.86933898925781,1088100,0.0,0.0
2016-09-20 00:00:00-04:00,64.2201152472631,64.32440004349608,63.575448885531195,63.85986328125,494300,0.0,0.0
2016-09-21 00:00:00-04:00,64.19166422498988,64.49503615291782,63.30050602228274,64.35282897949219,508900,0.0,0.0
2016-09-22 00:00:00-04:00,64.9974922388066,65.77488322040065,64.9974922388066,65.4620361328125,725900,0.0,0.0
2016-09-23 00:00:00-04:00,65.46204291023062,65.46204291023062,64.8647741940886,65.1017837524414,340600,0.0,0.0
2016-09-26 00:00:00-04:00,64.86477040621408,65.04489997458975,64.22010415582236,64.70360565185547,204100,0.0,0.0
2016-09-27 00:00:00-04:00,64.64672889936664,65.37671515036449,64.59932409491739,65.35775756835938,279700,0.0,0.0
2016-09-28 00:00:00-04:00,65.46203516548694,65.812804641257,64.93112889917633,65.80332946777344,366000,0.0,0.0
2016-09-29 00:00:00-04:00,65.59478026351849,65.86022986250623,64.24856021685923,64.71310424804688,671200,0.0,0.0
2016-09-30 00:00:00-04:00,64.88374365605341,65.79385955735393,64.43816449716543,65.3293228149414,1014700,0.0,0.0
2016-10-03 00:00:00-04:00,65.09232113130068,65.50945311603692,64.61830192317747,64.62777709960938,646800,0.0,0.0
2016-10-04 00:00:00-04:00,64.66569976593688,64.89322696152834,63.708178936424034,63.87882614135742,601700,0.0,0.0
2016-10-05 00:00:00-04:00,64.24854799271897,64.33387519499273,63.376354552574476,64.03998565673828,854600,0.0,0.0
2016-10-06 00:00:00-04:00,64.0873699568424,64.57087138171143,63.73660051168482,64.41918182373047,488900,0.0,0.0
2016-10-07 00:00:00-04:00,64.61827999289271,64.61827999289271,63.15830045940896,63.40478515625,642000,0.0,0.0
2016-10-10 00:00:00-04:00,63.62285088045587,64.12531002209425,63.49960850534249,63.78401565551758,591400,0.0,0.0
2016-10-11 00:00:00-04:00,63.51856046245902,63.7366124346076,62.21027032844026,62.78857421875,686100,0.0,0.0
2016-10-12 00:00:00-04:00,62.83596844625328,63.76504903085849,62.693761274850004,63.5469970703125,510100,0.0,0.0
2016-10-13 00:00:00-04:00,62.97816610561816,63.2815379834114,62.42830231681913,63.08245086669922,296100,0.0,0.0
2016-10-14 00:00:00-04:00,63.53750797361445,64.69411557091226,63.45218801953008,64.17269897460938,839700,0.0,0.0
2016-10-17 00:00:00-04:00,64.77945762519106,65.88866068059473,64.54244805439755,64.78893280029297,690500,0.0,0.0
2016-10-18 00:00:00-04:00,65.40515382734324,65.40515382734324,64.28646845459205,64.37179565429688,632600,0.0,0.0
2016-10-19 00:00:00-04:00,64.40023914046769,64.46660152919412,63.67972803932495,63.708168029785156,613900,0.0,0.0
2016-10-20 00:00:00-04:00,63.69869568035252,64.1063524385992,63.016106947199155,63.78401565551758,551600,0.0,0.0
2016-10-21 00:00:00-04:00,63.19623606932212,63.765057598405576,62.40936255039495,63.689212799072266,759300,0.0,0.0
2016-10-24 00:00:00-04:00,64.17271993947224,64.64673912712865,64.02103032760196,64.23908233642578,619000,0.0,0.0
2016-10-25 00:00:00-04:00,64.0494621641109,64.0494621641109,62.030143285744536,62.11546325683594,822000,0.0,0.0
2016-10-26 00:00:00-04:00,62.030137570154935,62.32402708744509,61.7078008321643,62.181819915771484,1537000,0.0,0.0
2016-10-27 00:00:00-04:00,60.82614386567001,61.15795584080285,58.27591839558311,59.574729919433594,2817500,0.0,0.0
2016-10-28 00:00:00-04:00,59.39459294794507,61.385471663410165,59.39459294794507,60.28574752807617,1198500,0.0,0.0
2016-10-31 00:00:00-04:00,60.25730894668961,60.94937639472401,60.25730894668961,60.52275848388672,1601000,0.0,0.0
2016-11-01 00:00:00-04:00,60.58912019491504,61.148462868135425,59.650560801502344,60.16250228881836,2094600,0.0,0.0
2016-11-02 00:00:00-04:00,60.02977992028472,60.49432024025784,59.69796798921735,60.05821990966797,1169800,0.0,0.0
2016-11-03 00:00:00-04:00,60.105623740094266,60.56068164524744,59.79276939603216,60.001338958740234,835200,0.0,0.0
2016-11-04 00:00:00-04:00,60.181462992762036,61.328591934517604,60.02029823871359,60.33314895629883,1692900,0.0,0.0
2016-11-07 00:00:00-05:00,61.39495514211921,62.07754379544183,61.17690317615773,62.02065658569336,713500,0.0,0.0
2016-11-08 00:00:00-05:00,61.916391676634106,62.54210055396968,61.52769965555933,62.29560852050781,429900,0.0,0.0
2016-11-09 00:00:00-05:00,60.977818190755436,63.765052879857485,60.968335783300915,63.281551361083984,1052600,0.0,0.0
2016-11-10 00:00:00-05:00,63.78399439336932,66.31525407422887,63.58490728472421,65.51890563964844,1358700,0.0,0.0
2016-11-11 00:00:00-05:00,65.36722468425604,66.267865227055,65.36722468425604,65.7085189819336,1187900,0.0,0.0
2016-11-14 00:00:00-05:00,65.77488330781648,65.83177051441837,64.83632757789073,65.02593231201172,1245600,0.0,0.0
2016-11-15 00:00:00-05:00,65.03543706500048,65.35777390331054,64.57090024371774,65.19660186767578,887500,0.0,0.0
2016-11-16 00:00:00-05:00,65.21557583378556,65.21557583378556,64.01156276738637,64.05896759033203,575400,0.0,0.0
2016-11-17 00:00:00-05:00,64.14427653174363,65.0449100471758,64.11582930631282,64.7320556640625,600200,0.0,0.0
2016-11-18 00:00:00-05:00,64.50453399989296,65.03543319260481,63.59441799826161,63.82194519042969,637800,0.0,0.0
2016-11-21 00:00:00-05:00,64.16321327409169,64.76995702628048,63.55646952190289,64.40022277832031,595800,0.0,0.0
2016-11-22 00:00:00-05:00,64.40023612512296,64.65620326023782,64.03050180053619,64.46659851074219,545500,0.0,0.0
2016-11-23 00:00:00-05:00,64.40022662202253,64.76047848608735,63.71763805183109,64.18217468261719,648100,0.0,0.0
2016-11-25 00:00:00-05:00,64.45710891386953,64.4760737264783,63.6892003612195,64.38127136230469,220900,0.0,0.0
2016-11-28 00:00:00-05:00,64.0589384947532,64.27699045511935,63.708161769975405,63.89777374267578,547800,0.0,0.0
2016-11-29 00:00:00-05:00,64.039968478939,64.31489312829571,63.679709417240524,63.97360610961914,403100,0.0,0.0
2016-11-30 00:00:00-05:00,64.15374280230607,64.40023475778294,63.054022259256975,63.4332389831543,733100,0.0,0.0
2016-12-01 00:00:00-05:00,63.49012207315491,63.82193401047494,61.859495143516185,62.0585823059082,1391300,0.0,0.0
2016-12-02 00:00:00-05:00,62.030139954746964,62.26714950566179,61.4233960830416,61.49924087524414,621300,0.0,0.0
2016-12-05 00:00:00-05:00,61.802622001926956,61.850019579384046,61.11055082783464,61.25275802612305,789200,0.0,0.0
2016-12-06 00:00:00-05:00,61.32858518268196,61.726759436950445,60.98729089817856,61.622474670410156,854600,0.0,0.0
2016-12-07 00:00:00-05:00,61.74572743804239,62.52311849886017,61.46132030825502,62.36195373535156,1093800,0.0,0.0
2016-12-08 00:00:00-05:00,62.21974805857272,62.62740479745447,61.906900931537145,61.98273849487305,722300,0.0,0.0
2016-12-09 00:00:00-05:00,62.06806371970201,62.371435662245275,61.783649359148725,62.26715087890625,411300,0.0,0.0
2016-12-12 00:00:00-05:00,62.26714707513722,62.37143185210571,61.21482413151497,61.73624801635742,658600,0.0,0.0
2016-12-13 00:00:00-05:00,61.869209300924545,62.61004301573807,61.76473200818831,62.35360336303711,776100,0.12,0.0
2016-12-14 00:00:00-05:00,62.3725991789778,62.85699326623952,62.06866719695888,62.154151916503906,770100,0.0,0.0
2016-12-15 00:00:00-05:00,62.18264879142319,62.543565781043206,61.5272924651792,61.64126968383789,774200,0.0,0.0
2016-12-16 00:00:00-05:00,61.84072199763169,62.14465398936024,60.890933617691175,60.99541091918945,1269000,0.0,0.0
2016-12-19 00:00:00-05:00,61.24236655863449,62.32512488466924,61.07140433629682,61.65077590942383,512300,0.0,0.0
2016-12-20 00:00:00-05:00,61.79323947073519,62.07817892838774,61.67926948472331,62.049686431884766,467800,0.0,0.0
2016-12-21 00:00:00-05:00,62.12566286331497,62.410595036175785,61.69825373455808,62.25863265991211,559200,0.0,0.0
2016-12-22 00:00:00-05:00,62.16366011059265,62.4865919982027,61.83123555445867,61.97370529174805,551100,0.0,0.0
2016-12-23 00:00:00-05:00,62.06867415713994,62.353613592495506,61.94520426651832,62.106666564941406,266100,0.0,0.0
2016-12-27 00:00:00-05:00,62.163641718719504,62.353603727673374,61.88820948677838,62.24912643432617,173600,0.0,0.0
2016-12-28 00:00:00-05:00,62.26812146009509,62.60055317725626,61.508295133336674,61.546287536621094,361600,0.0,0.0
2016-12-29 00:00:00-05:00,61.6127802060969,61.8882197299359,61.19487096353967,61.51779556274414,332200,0.0,0.0
2016-12-30 00:00:00-05:00,61.774241735264695,61.92620411937423,60.511021356061065,60.786460876464844,501800,0.0,0.0
2017-01-03 00:00:00-05:00,61.39432802764871,61.840729781821125,60.70098285779607,61.45131301879883,689800,0.0,0.0
2017-01-04 00:00:00-05:00,61.43230956858705,62.8949844685903,61.43230956858705,62.619544982910156,958800,0.0,0.0
2017-01-05 00:00:00-05:00,62.2871189144821,63.027952634559995,62.0496718377233,62.96146774291992,808900,0.0,0.0
2017-01-06 00:00:00-05:00,63.05647165434707,63.30341874704191,62.49609979565762,62.58157730102539,1238300,0.0,0.0
2017-01-09 00:00:00-05:00,62.34410932929522,62.58155642675485,61.926200118946966,62.135154724121094,850600,0.0,0.0
2017-01-10 00:00:00-05:00,61.84072404975693,61.992686427508794,60.60599983949214,61.2613525390625,1806100,0.0,0.0
2017-01-11 00:00:00-05:00,61.50830015599116,62.42959608351718,61.15687583164611,62.40109634399414,893200,0.0,0.0
2017-01-12 00:00:00-05:00,62.049680755891984,62.88549197753947,61.85971871939658,62.80001449584961,737700,0.0,0.0
2017-01-13 00:00:00-05:00,62.88549242379724,63.407878969978185,62.192150913023404,62.211143493652344,509000,0.0,0.0
2017-01-17 00:00:00-05:00,61.859719984608624,62.78101595309993,61.669765190538854,62.56256866455078,653400,0.0,0.0
2017-01-18 00:00:00-05:00,62.629046856555185,63.293895810873344,62.51506964453916,63.14193344116211,601500,0.0,0.0
2017-01-19 00:00:00-05:00,63.29389293925193,63.939749285420206,63.113430839991594,63.236907958984375,720000,0.0,0.0
2017-01-20 00:00:00-05:00,63.1989233581448,63.1989233581448,61.37533130137587,61.88821792602539,1013000,0.0,0.0
2017-01-23 00:00:00-05:00,61.574790975770746,62.47708716370039,61.498806155691476,61.802738189697266,829500,0.0,0.0
2017-01-24 00:00:00-05:00,62.030672441530356,63.5123471382163,62.030672441530356,63.084938049316406,759600,0.0,0.0
2017-01-25 00:00:00-05:00,63.63583346841334,65.098508719185,62.74302990391737,63.255916595458984,836000,0.0,0.0
2017-01-26 00:00:00-05:00,63.25590993777454,63.58833444925505,62.35361379999732,62.638545989990234,808400,0.0,0.0
2017-01-27 00:00:00-05:00,62.83801442661773,63.265416378860536,62.65755228191843,63.179931640625,450700,0.0,0.0
2017-01-30 00:00:00-05:00,62.705046575347566,62.74303899277769,61.56530303769466,62.53408432006836,709300,0.0,0.0
2017-01-31 00:00:00-05:00,62.38211191392719,62.43909690779697,61.48930836297245,62.37261199951172,594400,0.0,0.0
2017-02-01 00:00:00-05:00,62.62905502319336,63.73080589777271,62.08767587656577,62.62905502319336,685400,0.0,0.0
2017-02-02 00:00:00-05:00,62.29661165301563,62.448581260547535,61.79322500910823,62.325111389160156,992100,0.0,0.0
2017-02-03 00:00:00-05:00,63.27490420500885,64.0062380660046,62.87598757997365,63.94925308227539,950400,0.0,0.0
2017-02-06 00:00:00-05:00,63.749819512257574,63.95876693725586,63.20844024854864,63.95876693725586,626600,0.0,0.0
2017-02-07 00:00:00-05:00,64.00624382788149,64.34816825365746,63.45536478120789,63.65481948852539,872400,0.0,0.0
2017-02-08 00:00:00-05:00,63.65483220799615,64.39567344275247,63.369899960455115,64.2057113647461,922700,0.0,0.0
2017-02-09 00:00:00-05:00,64.29118753717422,68.384773758628,63.65482371861256,68.12833404541016,2487100,0.0,0.0
2017-02-10 00:00:00-05:00,68.19482212366587,68.72670140325948,67.90988265456261,68.30879211425781,1099200,0.0,0.0
2017-02-13 00:00:00-05:00,68.57471460030733,68.8406614198901,67.61543360333164,67.86237335205078,562100,0.0,0.0
2017-02-14 00:00:00-05:00,67.7673954696563,67.94785757003947,67.29250130764565,67.51095581054688,695500,0.0,0.0
2017-02-15 00:00:00-05:00,67.28300146011264,68.37525948304898,67.28300146011264,68.22329711914062,1138200,0.0,0.0
2017-02-16 00:00:00-05:00,68.28980058371891,69.43904389987348,68.28980058371891,69.26808166503906,1067300,0.0,0.0
2017-02-17 00:00:00-05:00,69.18258646965002,69.9804125270811,68.84066929796323,69.59099578857422,865000,0.0,0.0
2017-02-21 00:00:00-05:00,69.52453251068056,70.92072311068534,69.50553992435631,70.76876068115234,1120400,0.0,0.0
2017-02-22 00:00:00-05:00,70.58825554355448,71.23411178021409,70.19884616723643,70.34130859375,631200,0.0,0.0
2017-02-23 00:00:00-05:00,70.70225612149767,70.75924111095544,69.87593754280518,70.23685455322266,541700,0.0,0.0
2017-02-24 00:00:00-05:00,69.85694496175624,70.25585438058256,69.59099810289439,70.23685455322266,505200,0.0,0.0
2017-02-27 00:00:00-05:00,70.19886591371225,70.48379809319749,69.83794167486275,69.90442657470703,568200,0.0,0.0
2017-02-28 00:00:00-05:00,70.05639496792463,70.21785725808917,68.90715186437805,68.94513702392578,769200,0.0,0.0
2017-03-01 00:00:00-05:00,69.97090648597103,70.57877045444125,69.59098969409962,69.98990631103516,567800,0.0,0.0
2017-03-02 00:00:00-05:00,70.14187583982701,70.55978507817524,69.51501922861549,70.24635314941406,557200,0.0,0.0
2017-03-03 00:00:00-05:00,70.33182730256142,70.63575927211878,69.66697113731674,70.11337280273438,962000,0.0,0.0
2017-03-06 00:00:00-05:00,69.33455713505758,69.93292125234576,69.14460234280094,69.53401184082031,1106600,0.0,0.0
2017-03-07 00:00:00-05:00,69.55300818130533,69.71447047126084,68.97363667376099,69.20158386230469,675100,0.0,0.0
2017-03-08 00:00:00-05:00,69.3725257410073,69.79043483616,68.81214697738812,69.43901062011719,1073900,0.0,0.0
2017-03-09 00:00:00-05:00,69.62899176429723,70.25585564485716,69.44853687899663,69.7714614868164,676300,0.0,0.0
2017-03-10 00:00:00-05:00,70.20835688893453,70.83522071205684,70.16087181665313,70.73074340820312,692300,0.0,0.0
2017-03-13 00:00:00-04:00,70.54989246669396,71.22569329244753,70.21674497545412,71.15906524658203,668400,0.16,0.0
2017-03-14 00:00:00-04:00,70.6926831383756,71.17812034109562,70.43569124394416,70.78787231445312,506600,0.0,0.0
2017-03-15 00:00:00-04:00,71.04482820268007,71.66352122405154,70.4166220780538,71.31134033203125,521200,0.0,0.0
2017-03-16 00:00:00-04:00,71.36848635692006,71.75873435581529,71.11148721884712,71.5302963256836,459300,0.0,0.0
2017-03-17 00:00:00-04:00,71.43510220161355,71.97764696908779,71.2161773163216,71.84439086914062,829500,0.0,0.0
2017-03-20 00:00:00-04:00,71.84438840429736,72.03475218000149,71.39702554328886,71.60643005371094,530400,0.0,0.0
2017-03-21 00:00:00-04:00,71.88244912052716,72.01571246626641,70.61651632416745,70.69265747070312,709400,0.0,0.0
2017-03-22 00:00:00-04:00,70.70219035498636,71.25425552110613,70.48327271933027,71.16858673095703,472300,0.0,0.0
2017-03-23 00:00:00-04:00,71.0829268797214,71.73017395756652,70.71171239144836,71.25425720214844,410300,0.0,0.0
2017-03-24 00:00:00-04:00,71.39703778545994,71.98716994847793,71.0543771209078,71.43511199951172,422700,0.0,0.0
2017-03-27 00:00:00-04:00,70.49279043599505,71.6540285296723,70.4356827467695,71.2828140258789,696300,0.0,0.0
2017-03-28 00:00:00-04:00,71.05436898606004,71.77776444639628,71.05436898606004,71.5017318725586,271200,0.0,0.0
2017-03-29 00:00:00-04:00,71.28280591005175,71.77776336669922,71.11147559996807,71.77776336669922,394400,0.0,0.0
2017-03-30 00:00:00-04:00,71.6920942770044,72.26319288755981,71.63498659452272,72.20608520507812,450900,0.0,0.0
2017-03-31 00:00:00-04:00,72.05379486083984,72.61538041618554,71.83487721699503,72.05379486083984,592300,0.0,0.0
2017-04-03 00:00:00-04:00,72.22511213091684,72.81525142340801,71.68256741078754,72.07282257080078,654800,0.0,0.0
2017-04-04 00:00:00-04:00,71.90151610582278,72.09187993453429,71.22571507340795,71.29234313964844,513200,0.0,0.0
2017-04-05 00:00:00-04:00,71.38749236211436,71.8063013077837,70.36903109489131,70.55939483642578,1267500,0.0,0.0
2017-04-06 00:00:00-04:00,70.8354470116089,71.67306513550231,70.54038095173553,71.10195922851562,556400,0.0,0.0
2017-04-07 00:00:00-04:00,71.016296951817,71.52076753735169,70.98774310915098,71.09244537353516,384400,0.0,0.0
2017-04-10 00:00:00-04:00,71.04485134571438,71.59691651458463,70.94014908051783,71.02581787109375,451000,0.0,0.0
2017-04-11 00:00:00-04:00,71.12102162203932,71.7206742926786,70.89258354683133,71.66356658935547,760800,0.0,0.0
2017-04-12 00:00:00-04:00,71.64448248428175,71.8158127524693,70.81639223963455,71.61592864990234,824400,0.0,0.0
2017-04-13 00:00:00-04:00,71.520764229529,71.9110194263504,71.22569818640939,71.4922103881836,925500,0.0,0.0
2017-04-17 00:00:00-04:00,71.65401956886842,72.55826568603516,71.56835804574264,72.55826568603516,414300,0.0,0.0
2017-04-18 00:00:00-04:00,72.32030840115294,72.47259797627366,71.96812741194738,72.28223419189453,418400,0.0,0.0
2017-04-19 00:00:00-04:00,72.6058678730801,73.61480919343488,72.6058678730801,73.12937927246094,666100,0.0,0.0
2017-04-20 00:00:00-04:00,73.40540281195413,74.29060826560271,73.17695754126758,73.97650146484375,417100,0.0,0.0
2017-04-21 00:00:00-04:00,73.94793650106926,74.45240702295717,73.85274735497457,74.15734100341797,750500,0.0,0.0
2017-04-24 00:00:00-04:00,75.07108748418602,75.37567381927529,73.99551131503405,74.47142791748047,711800,0.0,0.0
2017-04-25 00:00:00-04:00,74.86169677650823,75.28049852553578,74.54759001830327,74.95687866210938,400100,0.0,0.0
2017-04-26 00:00:00-04:00,75.05205982394287,76.11811581336744,74.34770516299194,75.88015747070312,1521200,0.0,0.0
2017-04-27 00:00:00-04:00,78.050336210996,78.050336210996,75.956305705222,76.73680877685547,1601800,0.0,0.0
2017-04-28 00:00:00-04:00,76.20379774530214,76.47030999857638,74.6332780725198,74.8521957397461,1349300,0.0,0.0
2017-05-01 00:00:00-04:00,74.90928424857134,74.90928424857134,73.88130971520287,73.95745086669922,716500,0.0,0.0
2017-05-02 00:00:00-04:00,74.2239777715288,74.46193614090647,73.57673071634497,73.88131713867188,698100,0.0,0.0
2017-05-03 00:00:00-04:00,73.51960401821202,73.88130532947613,72.98657967981688,73.55767822265625,828800,0.0,0.0
2017-05-04 00:00:00-04:00,73.85275134124261,74.16685811171986,73.27213963781708,73.62431335449219,919700,0.0,0.0
2017-05-05 00:00:00-04:00,73.82420516027919,74.18590654390113,73.29118071525328,73.76709747314453,809500,0.0,0.0
2017-05-08 00:00:00-04:00,73.55772153544189,73.83375423376405,72.72011033019672,73.10084533691406,573300,0.0,0.0
2017-05-09 00:00:00-04:00,73.39589151887209,73.48155305953651,73.05323083238594,73.27215576171875,438000,0.0,0.0
2017-05-10 00:00:00-04:00,73.0627512090774,73.2340815523371,72.19657912317714,73.12937927246094,613200,0.0,0.0
2017-05-11 00:00:00-04:00,72.76764837890157,73.58622554721815,72.28221865450624,73.56719207763672,900000,0.0,0.0
2017-05-12 00:00:00-04:00,73.44346833835277,73.58623753825634,72.94851090564535,73.0341796875,415800,0.0,0.0
2017-05-15 00:00:00-04:00,73.00561665216716,73.83371429923957,73.00561665216716,73.51960754394531,582400,0.0,0.0
2017-05-16 00:00:00-04:00,73.86227207792618,74.90928738950419,73.84323860473212,74.69989013671875,1238600,0.0,0.0
2017-05-17 00:00:00-04:00,74.69989368504964,74.69989368504964,73.15792085422822,73.30069732666016,1009000,0.0,0.0
2017-05-18 00:00:00-04:00,73.12936778970493,74.01457321389962,72.58682299822517,73.59576416015625,656400,0.0,0.0
2017-05-19 00:00:00-04:00,74.08120200318115,75.62316760381215,73.72902099885874,75.251953125,1065000,0.0,0.0
2017-05-22 00:00:00-04:00,75.3852040773696,76.13715335177748,75.3852040773696,75.63268280029297,798800,0.0,0.0
2017-05-23 00:00:00-04:00,75.67076141452647,75.87064557324847,74.96640667494705,75.09966278076172,823800,0.0,0.0
2017-05-24 00:00:00-04:00,75.19485994053609,75.423297988032,74.86171960837233,75.2424545288086,702000,0.0,0.0
2017-05-25 00:00:00-04:00,75.47087286149845,75.85160768247762,75.24243487367602,75.63268280029297,645500,0.0,0.0
2017-05-26 00:00:00-04:00,75.53750796790457,75.84209440076252,75.2995495902995,75.5565414428711,655700,0.0,0.0
2017-05-30 00:00:00-04:00,75.52799373893988,75.52799373893988,74.4809782447511,74.68086242675781,855300,0.0,0.0
2017-05-31 00:00:00-04:00,74.8331382625603,75.3566422316221,74.01456102608057,74.8426513671875,3922200,0.0,0.0
2017-06-01 00:00:00-04:00,75.2138870961074,75.71836499887921,75.00448980628856,75.32810974121094,907200,0.0,0.0
2017-06-02 00:00:00-04:00,75.24243460424277,76.30848338487186,75.07110429851129,76.20378112792969,703700,0.0,0.0
2017-06-05 00:00:00-04:00,76.14666748046875,76.49884843185427,75.80400689585368,76.14666748046875,498600,0.0,0.0
2017-06-06 00:00:00-04:00,75.91823406542676,76.52740686085966,74.69036810721946,74.75699615478516,510900,0.0,0.0
2017-06-07 00:00:00-04:00,74.82363350023617,75.2329222038318,74.35723710931995,74.55712127685547,511500,0.0,0.0
2017-06-08 00:00:00-04:00,74.55712104369425,74.78555905417568,73.64336173985511,73.90987396240234,724500,0.0,0.0
2017-06-09 00:00:00-04:00,74.08119994203362,74.45241441051753,73.19599453366898,73.51010131835938,756900,0.0,0.0
2017-06-12 00:00:00-04:00,73.63384583290208,74.70941515675557,72.7867145333713,74.67134094238281,1033300,0.0,0.0
2017-06-13 00:00:00-04:00,74.57595483461712,75.73002612577973,74.2135142911628,75.61557006835938,611400,0.16,0.0
2017-06-14 00:00:00-04:00,76.00662601008707,76.41675113718505,75.75864151360243,76.06385040283203,563100,0.0,0.0
2017-06-15 00:00:00-04:00,75.65373516631176,77.09394321162772,75.38667826291646,77.01763916015625,600700,0.0,0.0
2017-06-16 00:00:00-04:00,77.2751365597928,78.14307855156072,77.02715937079026,77.80925750732422,822400,0.0,0.0
2017-06-19 00:00:00-04:00,78.24801302453274,78.57229432120108,77.88557970294671,78.37200164794922,403100,0.0,0.0
2017-06-20 00:00:00-04:00,77.90464350814659,78.94425878497432,77.73296305327779,78.12401580810547,520500,0.0,0.0
2017-06-21 00:00:00-04:00,78.30521853487937,78.30521853487937,77.58034478980542,77.74249267578125,437800,0.0,0.0
2017-06-22 00:00:00-04:00,77.72343090427685,78.11448369772191,77.41822198512043,77.43730163574219,298800,0.0,0.0
2017-06-23 00:00:00-04:00,77.45636736625117,78.38153386968065,77.24653488793678,77.68527221679688,590600,0.0,0.0
2017-06-26 00:00:00-04:00,77.89508715228139,78.17168378624378,77.5135743027901,77.64710998535156,236800,0.0,0.0
2017-06-27 00:00:00-04:00,77.49452586894066,77.84742663714471,76.76965195870604,76.86502838134766,456000,0.0,0.0
2017-06-28 00:00:00-04:00,77.37052893799107,78.04771092580175,77.14161681612961,77.48497772216797,264600,0.0,0.0
2017-06-29 00:00:00-04:00,77.50405888536976,77.50405888536976,75.2626804048048,76.130615234375,542700,0.0,0.0
2017-06-30 00:00:00-04:00,76.38813102150516,77.73296245373056,76.38813102150516,77.37052917480469,457200,0.0,0.0
2017-07-03 00:00:00-04:00,77.79970816330577,78.04769259871395,77.58987573924901,77.60895538330078,217200,0.0,0.0
2017-07-05 00:00:00-04:00,77.78065026028092,79.06824995664,77.59942999184955,78.34337615966797,416600,0.0,0.0
2017-07-06 00:00:00-04:00,78.13355688073437,78.13355688073437,76.77919274274925,76.93180084228516,424000,0.0,0.0
2017-07-07 00:00:00-04:00,77.11301110525122,77.8664971970502,76.51213310752748,77.46591186523438,414000,0.0,0.0
2017-07-10 00:00:00-04:00,77.58989333985433,78.0667826747972,77.34190884819297,77.7615737915039,472600,0.0,0.0
2017-07-11 00:00:00-04:00,77.61850946397327,78.05724680111491,77.2846883679692,77.70435333251953,354500,0.0,0.0
2017-07-12 00:00:00-04:00,78.24802449893096,78.71537413838477,77.81881961323373,78.20033264160156,374700,0.0,0.0
2017-07-13 00:00:00-04:00,78.19079291633997,78.86797502309207,76.8841132790336,77.05579376220703,541500,0.0,0.0
2017-07-14 00:00:00-04:00,77.07484177325189,77.5326586759125,76.73148091544465,77.03668975830078,438700,0.0,0.0
2017-07-17 00:00:00-04:00,77.04624888503707,77.113013108741,76.74103996571135,77.09394073486328,295800,0.0,0.0
2017-07-18 00:00:00-04:00,76.87455749511719,77.15115417596577,76.44536001465596,76.87455749511719,374300,0.0,0.0
2017-07-19 00:00:00-04:00,76.97948001028665,77.25607671370672,76.77918735127643,76.96994018554688,303000,0.0,0.0
2017-07-20 00:00:00-04:00,77.13207850562512,77.38959552753636,76.41674455095101,77.34190368652344,528900,0.0,0.0
2017-07-21 00:00:00-04:00,77.07485741905474,77.52313458978735,76.41675503862675,76.69335174560547,401400,0.0,0.0
2017-07-24 00:00:00-04:00,76.62658125338434,76.96040963716248,76.00663088752063,76.59796905517578,286000,0.0,0.0
2017-07-25 00:00:00-04:00,77.08438615947215,77.32283080946763,75.11006474857962,75.44388580322266,681700,0.0,0.0
2017-07-26 00:00:00-04:00,75.3771247739994,75.73002549051999,74.85255088791874,74.8620834350586,853400,0.0,0.0
2017-07-27 00:00:00-04:00,75.3389731863312,77.5040547870516,74.03230109884485,77.44682312011719,1371800,0.0,0.0
2017-07-28 00:00:00-04:00,77.55175225406607,78.20986195763699,76.52167667568938,77.6375961303711,736100,0.0,0.0
2017-07-31 00:00:00-04:00,77.79018660789608,78.10493531789021,77.00808838342068,77.48497772216797,615800,0.0,0.0
2017-08-01 00:00:00-04:00,77.85695414351248,78.80120031375074,77.19885177617707,77.70435333251953,878500,0.0,0.0
2017-08-02 00:00:00-04:00,77.42776297037393,77.61851581892138,76.16877525039854,77.1130142211914,521700,0.0,0.0
2017-08-03 00:00:00-04:00,77.24654859770094,77.36100468166453,76.43583801403591,77.02718353271484,372200,0.0,0.0
2017-08-04 00:00:00-04:00,77.12254957862446,77.56128692626953,76.74103662687743,77.56128692626953,343900,0.0,0.0
2017-08-07 00:00:00-04:00,77.57084233003705,78.26709687580926,77.08441303694917,78.20033264160156,321400,0.0,0.0
2017-08-08 00:00:00-04:00,78.1239966214168,78.4482778027757,77.5517237278976,77.60895538330078,468600,0.0,0.0
2017-08-09 00:00:00-04:00,77.5517502671747,77.75204293774848,76.74103975958901,76.86502838134766,354000,0.0,0.0
2017-08-10 00:00:00-04:00,76.48351987781265,76.76011658702869,75.21499240074559,75.272216796875,459900,0.0,0.0
2017-08-11 00:00:00-04:00,75.28174899682533,76.08291956850702,74.99561249165123,75.61557006835938,354100,0.0,0.0
2017-08-14 00:00:00-04:00,76.14969218773213,76.33091247946123,75.4248255743245,75.79679870605469,420400,0.0,0.0
2017-08-15 00:00:00-04:00,75.82540823302055,75.82540823302055,75.10053436839613,75.30082702636719,271400,0.0,0.0
2017-08-16 00:00:00-04:00,75.38666215917662,75.9493880458735,75.24359391241788,75.62510681152344,404100,0.0,0.0
2017-08-17 00:00:00-04:00,75.52019957669638,76.2641458163408,75.11961425946541,75.1863784790039,500500,0.0,0.0
2017-08-18 00:00:00-04:00,74.9479375544879,75.22453427122528,74.45196851869859,74.556884765625,327900,0.0,0.0
2017-08-21 00:00:00-04:00,74.58547231006465,74.69992834435644,73.84152627904835,73.89875793457031,384900,0.0,0.0
2017-08-22 00:00:00-04:00,74.08952590259912,74.69994365711408,73.70801298683888,74.47103881835938,507600,0.0,0.0
2017-08-23 00:00:00-04:00,74.2135162426666,74.25166826280996,73.24066519764926,73.52679443359375,611600,0.0,0.0
2017-08-24 00:00:00-04:00,73.66986674384782,73.95600327229161,73.26928142542985,73.58403015136719,360200,0.0,0.0
2017-08-25 00:00:00-04:00,73.99415083650112,74.213515855238,73.85108258089886,74.03230285644531,376800,0.0,0.0
2017-08-28 00:00:00-04:00,74.36612454834949,74.6331814134076,74.22305629156727,74.44242858886719,425100,0.0,0.0
2017-08-29 00:00:00-04:00,74.12767706735144,74.7190151670473,74.10859741956888,74.17536163330078,271900,0.0,0.0
2017-08-30 00:00:00-04:00,74.14677179666778,74.7190376978962,73.87017503444363,74.68089294433594,292300,0.0,0.0
2017-08-31 00:00:00-04:00,75.0719223022461,75.3485190047144,74.82393779714448,75.0719223022461,487600,0.0,0.0
2017-09-01 00:00:00-04:00,75.37714395104156,75.73004475734525,75.20546346104994,75.4916000366211,517800,0.0,0.0
2017-09-05 00:00:00-04:00,75.50112140666936,76.30229197961357,75.50112140666936,75.73002624511719,639400,0.0,0.0
2017-09-06 00:00:00-04:00,76.16876478851266,76.80779474780513,75.90170792652499,76.55027770996094,604900,0.0,0.0
2017-09-07 00:00:00-04:00,76.66473919450925,76.90318390032581,76.016169303618,76.51213836669922,395900,0.0,0.0
2017-09-08 00:00:00-04:00,76.50258624312946,77.63758518892598,76.20691718400752,77.0748519897461,512300,0.0,0.0
2017-09-11 00:00:00-04:00,77.47543826783149,77.86648370683113,76.76010432348156,77.32283020019531,759300,0.0,0.0
2017-09-12 00:00:00-04:00,77.57082170853391,77.84741839865096,77.20838115339592,77.25607299804688,660500,0.0,0.0
2017-09-13 00:00:00-04:00,77.34190372715283,78.08585715287748,76.71241363062063,78.02862548828125,589500,0.0,0.0
2017-09-14 00:00:00-04:00,77.88557416405418,78.82981306416403,77.65666203082728,78.80120086669922,784200,0.0,0.0
2017-09-15 00:00:00-04:00,78.96365509355162,79.28857288243651,78.47628934653494,79.09744262695312,978400,0.16,0.0
2017-09-18 00:00:00-04:00,79.29811696506968,79.43190447442453,78.54316899606884,78.98275756835938,508100,0.0,0.0
2017-09-19 00:00:00-04:00,79.0878860193934,79.45102254295863,78.4189411085649,79.17388916015625,677100,0.0,0.0
2017-09-20 00:00:00-04:00,79.32680357046418,80.31110074839955,78.90632427469599,79.86195373535156,1023200,0.0,0.0
2017-09-21 00:00:00-04:00,79.5561483029236,80.10085677444381,79.5561483029236,79.76638793945312,465000,0.0,0.0
2017-09-22 00:00:00-04:00,79.90972635491873,80.88446505323459,79.64214402101275,80.7984619140625,890500,0.0,0.0
2017-09-25 00:00:00-04:00,80.66466825409137,81.0373630772218,80.54999011971563,80.75067138671875,437300,0.0,0.0
2017-09-26 00:00:00-04:00,80.98958922838528,81.8209894062407,80.75068188552869,81.5629653930664,518900,0.0,0.0
2017-09-27 00:00:00-04:00,81.81142115540018,82.61414623048742,81.50562008524228,81.5438461303711,751400,0.0,0.0
2017-09-28 00:00:00-04:00,81.50561082478778,82.0120931061723,81.05646395914589,81.95475769042969,585300,0.0,0.0
2017-09-29 00:00:00-04:00,81.87833732893475,83.03464816989269,81.87833732893475,82.63328552246094,493100,0.0,0.0
2017-10-02 00:00:00-04:00,82.71926524503546,83.09196006790549,82.45169022255159,82.69059753417969,518600,0.0,0.0
2017-10-03 00:00:00-04:00,82.81484028971558,83.79913732181193,82.64282672064911,83.58889770507812,529300,0.0,0.0
2017-10-04 00:00:00-04:00,83.5411237393428,83.86604153959192,82.70973079425116,82.88174438476562,828500,0.0,0.0
2017-10-05 00:00:00-04:00,82.97728555391116,83.37864806988235,82.2127792741708,83.20663452148438,694000,0.0,0.0
2017-10-06 00:00:00-04:00,83.17798134561544,83.45511473817312,82.75750208920051,83.32132720947266,716800,0.0,0.0
2017-10-09 00:00:00-04:00,83.49331623818448,83.7991172554235,82.80526212667884,83.73222351074219,297900,0.0,0.0
2017-10-10 00:00:00-04:00,83.92336906490672,84.07627326023358,83.32132520027221,83.91381072998047,415900,0.0,0.0
2017-10-11 00:00:00-04:00,84.20049770820417,84.40117898511234,83.71312472664266,84.23872375488281,743800,0.0,0.0
2017-10-12 00:00:00-04:00,83.98072367730818,85.76775359133569,83.73226523945408,85.586181640625,913500,0.0,0.0
2017-10-13 00:00:00-04:00,85.82507524222112,85.82507524222112,84.27696025943273,84.382080078125,380500,0.0,0.0
2017-10-16 00:00:00-04:00,84.5922929627942,85.00321380745027,84.10492732375518,84.22915649414062,349700,0.0,0.0
2017-10-17 00:00:00-04:00,84.2004889802761,84.42983794570151,82.96772644344728,83.13973999023438,768100,0.0,0.0
2017-10-18 00:00:00-04:00,83.37864313393237,84.0284712459807,83.37864313393237,83.7131118774414,569100,0.0,0.0
2017-10-19 00:00:00-04:00,83.57934875528166,83.92337593204422,83.3595580701063,83.846923828125,422800,0.0,0.0
2017-10-20 00:00:00-04:00,83.6175626727221,84.37251068490056,83.53155953644914,84.11448669433594,546200,0.0,0.0
2017-10-23 00:00:00-04:00,84.08580988746535,84.24827238986366,83.34997862351747,83.43598175048828,379500,0.0,0.0
2017-10-24 00:00:00-04:00,83.71311876316074,84.8120938315468,83.6748927192052,84.5540771484375,619200,0.0,0.0
2017-10-25 00:00:00-04:00,84.26739786002008,84.5349729161969,81.75409524993238,82.65238189697266,894300,0.0,0.0
2017-10-26 00:00:00-04:00,77.13840225337397,78.59095565653921,75.74318427809568,77.1192855834961,3297200,0.0,0.0
2017-10-27 00:00:00-04:00,76.57455861003754,77.44418460714277,75.14111493286137,76.72746276855469,1919700,0.0,0.0
2017-10-30 00:00:00-04:00,77.42509443002116,79.17389806427369,77.1384099710304,78.33294677734375,1281300,0.0,0.0
2017-10-31 00:00:00-04:00,79.03055473484706,79.84284562200257,78.58141500554105,79.68994140625,1406900,0.0,0.0
2017-11-01 00:00:00-04:00,79.87150284995295,80.37798523908533,78.6387401131292,79.05921936035156,700600,0.0,0.0
2017-11-02 00:00:00-04:00,79.20256658190718,79.30768640519555,78.07492353371076,78.58141326904297,852600,0.0,0.0
2017-11-03 00:00:00-04:00,78.9158794804322,78.92543052523048,77.97935943815354,78.38072204589844,896100,0.0,0.0
2017-11-06 00:00:00-05:00,78.38072084353365,79.766387859788,78.18959787826522,79.40324401855469,718300,0.0,0.0
2017-11-07 00:00:00-05:00,79.57525715321391,80.87491372412917,79.00188096978042,79.82372283935547,851300,0.0,0.0
2017-11-08 00:00:00-05:00,79.73772300872051,79.80461677805503,78.32338822595227,79.72816467285156,388700,0.0,0.0
2017-11-09 00:00:00-05:00,79.37456960379963,79.651702983661,77.84556413807579,78.43805694580078,429500,0.0,0.0
2017-11-10 00:00:00-05:00,77.95068779387155,79.57525481432931,77.6162189709389,79.44146728515625,565200,0.0,0.0
2017-11-13 00:00:00-05:00,79.25033516787403,80.54999155039242,79.04965389730654,80.21552276611328,847000,0.0,0.0
2017-11-14 00:00:00-05:00,79.92883571321045,80.2728628515584,79.0496584889315,79.22167205810547,842400,0.0,0.0
2017-11-15 00:00:00-05:00,78.9540914687032,78.99231751370908,78.02712992720994,78.39026641845703,473100,0.0,0.0
2017-11-16 00:00:00-05:00,78.60051377364408,79.37457121146616,78.31382205325716,78.75341796875,334700,0.0,0.0
2017-11-17 00:00:00-05:00,78.85852110190672,79.21210654284303,78.38070648539016,78.98275756835938,517700,0.0,0.0
2017-11-20 00:00:00-05:00,78.93498288204354,79.94795495122521,78.93498288204354,79.54658508300781,338100,0.0,0.0
2017-11-21 00:00:00-05:00,79.89060872413957,80.08173896034356,79.19300341189582,79.6994857788086,456300,0.0,0.0
2017-11-22 00:00:00-05:00,79.62303545128789,80.08174073748383,79.09743640365431,79.47013854980469,402800,0.0,0.0
2017-11-24 00:00:00-05:00,79.47013233260301,79.86193653583607,79.21210835090596,79.24077606201172,196500,0.0,0.0
2017-11-27 00:00:00-05:00,79.42236198558386,80.42577579680083,78.9254306023792,79.41280364990234,720600,0.0,0.0
2017-11-28 00:00:00-05:00,79.51790548853943,80.29196281360704,79.14521068084966,79.63258361816406,651800,0.0,0.0
2017-11-29 00:00:00-05:00,79.8332714382105,80.06262042543732,78.81074839368625,79.25989532470703,745900,0.0,0.0
2017-11-30 00:00:00-05:00,79.3267882709584,80.49265715464064,78.8871996787438,80.40664672851562,970400,0.0,0.0
2017-12-01 00:00:00-05:00,80.49265676239959,81.0660328672388,78.82030553694278,80.8271255493164,862700,0.0,0.0
2017-12-04 00:00:00-05:00,81.6011975050926,81.95478302350317,79.68038028438087,79.72816467285156,766300,0.0,0.0
2017-12-05 00:00:00-05:00,79.594373207408,79.99573580361407,78.36161041259766,78.36161041259766,542200,0.0,0.0
2017-12-06 00:00:00-05:00,78.36160811105653,78.73430298099777,77.77867361378976,78.16092681884766,533200,0.0,0.0
2017-12-07 00:00:00-05:00,78.42850778950118,79.47014766956326,78.37117235622449,79.42236328125,643500,0.0,0.0
2017-12-08 00:00:00-05:00,80.06261590270887,80.06261590270887,78.64828872202035,78.80118560791016,562200,0.0,0.0
2017-12-11 00:00:00-05:00,78.50494610351308,78.76296279880651,77.82645019572529,78.52405548095703,732300,0.0,0.0
2017-12-12 00:00:00-05:00,78.55272856936729,78.75341714606567,78.05580452221074,78.50495147705078,427000,0.0,0.0
2017-12-13 00:00:00-05:00,78.8585198062179,79.51790629925583,78.2182499804151,78.97319793701172,732400,0.0,0.0
2017-12-14 00:00:00-05:00,79.01143069008303,79.460577626909,77.9697909634843,78.05580139160156,586000,0.0,0.0
2017-12-15 00:00:00-05:00,78.65902766635661,79.2335291356085,78.31432532376897,78.78350067138672,1256800,0.16,0.0
2017-12-18 00:00:00-05:00,79.35801417106657,79.89422195481396,78.92713983010407,79.0516128540039,856000,0.0,0.0
2017-12-19 00:00:00-05:00,78.96544058412829,78.96544058412829,76.63870308106637,76.66742706298828,1188200,0.0,0.0
2017-12-20 00:00:00-05:00,76.97382845422885,77.99835853982158,76.63870315617208,77.55790710449219,981300,0.0,0.0
2017-12-21 00:00:00-05:00,78.00793563553282,78.27603587397822,77.47173515864199,77.55790710449219,613800,0.0,0.0
2017-12-22 00:00:00-05:00,77.6536626522421,78.57286667757742,76.83978477300414,76.92595672607422,347900,0.0,0.0
2017-12-26 00:00:00-05:00,76.8780668920014,77.33766513871765,76.60996669721985,76.97381591796875,251400,0.0,0.0
2017-12-27 00:00:00-05:00,77.23235966188368,77.33767849500873,76.59082573622582,76.60040283203125,479300,0.0,0.0
2017-12-28 00:00:00-05:00,76.83975777726464,77.2802090947555,75.326898487721,76.1790771484375,1124100,0.0,0.0
2017-12-29 00:00:00-05:00,76.6003815848121,76.87805884467883,75.47052566422884,76.1790771484375,662900,0.0,0.0
2018-01-02 00:00:00-05:00,76.66743346830584,76.66743346830584,75.8248316057374,76.51423645019531,645400,0.0,0.0
2018-01-03 00:00:00-05:00,76.81104347817136,77.47172419021828,76.27484307719563,76.83976745605469,1117400,0.0,0.0
2018-01-04 00:00:00-05:00,77.19404178983895,78.02706631409048,76.93551139562275,77.91217041015625,1211700,0.0,0.0
2018-01-05 00:00:00-05:00,78.30474334933818,78.94626982826826,77.6536397767157,78.10366821289062,851100,0.0,0.0
2018-01-08 00:00:00-05:00,77.89302296288734,78.22814822033111,77.48129555940422,77.7876968383789,539100,0.0,0.0
2018-01-09 00:00:00-05:00,78.08452962131997,80.33466473592081,77.71110328467138,79.4058837890625,925500,0.0,0.0
2018-01-10 00:00:00-05:00,79.24309379021484,79.80801807649495,78.63986113279144,79.08988952636719,851500,0.0,0.0
2018-01-11 00:00:00-05:00,79.0899080902188,80.95704714191156,79.0899080902188,80.79426574707031,987900,0.0,0.0
2018-01-12 00:00:00-05:00,80.73679631131266,81.64642285761478,80.20059601498141,81.42620086669922,904200,0.0,0.0
2018-01-16 00:00:00-05:00,81.68473281018296,82.34541346517808,80.08570153450981,80.49742889404297,652800,0.0,0.0
2018-01-17 00:00:00-05:00,81.04322004388833,81.04322004388833,79.99954313349475,80.6314926147461,740900,0.0,0.0
2018-01-18 00:00:00-05:00,80.71765530708214,81.12938265178708,80.19102475972174,80.47827911376953,554500,0.0,0.0
2018-01-19 00:00:00-05:00,80.80384558760335,82.61352943576499,80.41127234007843,82.56565856933594,890200,0.0,0.0
2018-01-22 00:00:00-05:00,82.21136335606501,82.43158537088732,80.96660418424676,82.15391540527344,477500,0.0,0.0
2018-01-23 00:00:00-05:00,82.0198768487035,82.0198768487035,81.11024277057732,81.7230453491211,675700,0.0,0.0
2018-01-24 00:00:00-05:00,82.07731791849679,82.90077268402096,81.31131110701958,81.94326782226562,487000,0.0,0.0
2018-01-25 00:00:00-05:00,82.39330319171664,82.63267942724728,81.3879200804148,81.7230453491211,345400,0.0,0.0
2018-01-26 00:00:00-05:00,82.20179277162902,82.73800047381,81.72304032997108,82.69969940185547,594900,0.0,0.0
2018-01-29 00:00:00-05:00,82.63267178161838,83.36994730455544,82.49862168653893,82.99652099609375,590700,0.0,0.0
2018-01-30 00:00:00-05:00,82.517794013173,82.95824550498489,81.80924224853516,81.80924224853516,527300,0.0,0.0
2018-01-31 00:00:00-05:00,81.99113149189479,83.13056451511751,81.87623559387684,82.45073699951172,902500,0.0,0.0
2018-02-01 00:00:00-05:00,82.19221622007959,83.29334830420035,81.18684046906873,81.55068969726562,528500,0.0,0.0
2018-02-02 00:00:00-05:00,80.8804381751498,81.00491117936511,77.96004537656115,78.37177276611328,895700,0.0,0.0
2018-02-05 00:00:00-05:00,78.02706593996648,78.8505206717299,75.65245807107169,75.74820709228516,962300,0.0,0.0
2018-02-06 00:00:00-05:00,74.35027258025025,77.49088814382283,73.49809362447051,76.70573425292969,1131400,0.0,0.0
2018-02-07 00:00:00-05:00,76.35143577388551,77.74939199804406,76.35143577388551,76.56208801269531,578300,0.0,0.0
2018-02-08 00:00:00-05:00,76.52379804441716,76.83019935300126,73.95768434558155,74.03428649902344,894000,0.0,0.0
2018-02-09 00:00:00-05:00,74.88646367799156,75.66204037484559,72.91400575503769,75.1545639038086,1267400,0.0,0.0
2018-02-12 00:00:00-05:00,75.7865365602698,76.98341803688433,75.62376243269456,76.36103820800781,1009900,0.0,0.0
2018-02-13 00:00:00-05:00,76.09291524499002,76.98339509037248,75.585438818999,76.26526641845703,623100,0.0,0.0
2018-02-14 00:00:00-05:00,75.5758569967821,77.07913929707681,75.40350583409688,76.57166290283203,1074400,0.0,0.0
2018-02-15 00:00:00-05:00,77.36640218276577,79.06118271466627,77.09829466283543,78.76435852050781,685500,0.0,0.0
2018-02-16 00:00:00-05:00,78.69732705803995,79.98995716255298,78.37177160579931,79.20480346679688,692100,0.0,0.0
2018-02-20 00:00:00-05:00,82.54649021481795,84.65300521619848,81.67516462140951,82.01986694335938,1657000,0.0,0.0
2018-02-21 00:00:00-05:00,82.46988890463861,84.20297762552893,81.80921553524377,83.03482055664062,1168800,0.0,0.0
2018-02-22 00:00:00-05:00,83.5614550428497,84.53811419760322,81.93369952517136,82.38372802734375,1061900,0.0,0.0
2018-02-23 00:00:00-05:00,82.82415701696246,83.38908128666056,82.182630617589,82.5081787109375,798600,0.0,0.0
2018-02-26 00:00:00-05:00,82.87206152989341,84.26044087219135,82.31670687090084,84.11681365966797,1002800,0.0,0.0
2018-02-27 00:00:00-05:00,83.8870106627245,84.11680980913253,83.00610784717442,83.27420806884766,1218600,0.0,0.0
2018-02-28 00:00:00-05:00,83.331664370345,83.35081856248642,80.52617424670271,80.53575134277344,1142500,0.0,0.0
2018-03-01 00:00:00-05:00,80.57403995234074,81.31131552164089,78.38135282325194,78.58242797851562,957000,0.0,0.0
2018-03-02 00:00:00-05:00,78.13240863796912,78.92713956256337,77.16532651653736,78.73564147949219,630100,0.0,0.0
2018-03-05 00:00:00-05:00,78.15155169837834,79.76972999385085,77.96004633739938,79.48248291015625,559700,0.0,0.0
2018-03-06 00:00:00-05:00,79.55908231438394,80.78469477942602,79.19523306542047,80.35381317138672,706800,0.0,0.0
2018-03-07 00:00:00-05:00,79.73143887854226,80.57404796170988,79.60696585724864,80.36339569091797,450500,0.0,0.0
2018-03-08 00:00:00-05:00,80.84213322459236,81.54111496594393,80.58361013433922,81.15811157226562,542100,0.0,0.0
2018-03-09 00:00:00-05:00,81.62730407323589,83.59019231319948,81.62730407323589,83.50401306152344,705500,0.0,0.0
2018-03-12 00:00:00-04:00,83.80083189538932,84.04978523344248,83.35081069511678,83.6859359741211,621800,0.0,0.0
2018-03-13 00:00:00-04:00,83.97317835036355,84.2508556530859,81.6560182030453,82.43159484863281,644500,0.0,0.0
2018-03-14 00:00:00-04:00,82.94032139160213,82.94032139160213,81.8172956673607,81.93247985839844,294300,0.21,0.0
2018-03-15 00:00:00-04:00,82.09564874640023,82.38360555116425,81.38536457050691,82.04766082763672,313900,0.0,0.0
2018-03-16 00:00:00-04:00,81.94207852461064,82.8059343072596,81.83649484930093,82.43159484863281,676600,0.0,0.0
2018-03-19 00:00:00-04:00,82.39321783098974,82.5180025593872,81.08783336326991,81.82691192626953,409100,0.0,0.0
2018-03-20 00:00:00-04:00,81.894085125472,82.80593617125915,81.52934617176636,82.19163513183594,373700,0.0,0.0
2018-03-21 00:00:00-04:00,82.32600971977705,83.20907383614367,82.09564867000763,82.48918914794922,350000,0.0,0.0
2018-03-22 00:00:00-04:00,81.86529158891337,83.1898768431081,81.15500737924775,81.20299530029297,689700,0.0,0.0
2018-03-23 00:00:00-04:00,81.45254677766201,81.45254677766201,79.5136534084622,79.62883758544922,812700,0.0,0.0
2018-03-26 00:00:00-04:00,80.76147048164358,81.22219994709747,79.84961938763762,81.16460418701172,763800,0.0,0.0
2018-03-27 00:00:00-04:00,81.66371077678299,82.54676746186756,80.45430259840076,80.6270751953125,805800,0.0,0.0
2018-03-28 00:00:00-04:00,80.62708393848577,80.67507917957217,79.58085505482208,79.7920150756836,717900,0.0,0.0
2018-03-29 00:00:00-04:00,80.35832945677495,82.32600988120394,79.98399000402348,81.86528778076172,807100,0.0,0.0
2018-04-02 00:00:00-04:00,81.85570109054167,81.92289004666243,78.94736762509793,79.89761352539062,530300,0.0,0.0
2018-04-03 00:00:00-04:00,80.08958010114989,81.58693803224928,79.87841273690842,81.19339752197266,623300,0.0,0.0
2018-04-04 00:00:00-04:00,80.09916945408118,82.67155778759312,79.52326314840901,82.2972183227539,971700,0.0,0.0
2018-04-05 00:00:00-04:00,82.62356703723519,83.18027962030321,81.39496500773733,82.48918914794922,990900,0.0,0.0
2018-04-06 00:00:00-04:00,82.08604029538645,82.76753751255481,80.57908211868109,81.34696197509766,567800,0.0,0.0
2018-04-09 00:00:00-04:00,82.14363423369883,82.23961738287365,81.05900341119329,81.14539337158203,334400,0.0,0.0
2018-04-10 00:00:00-04:00,82.20123427498277,82.70035843809806,81.654122192021,81.80770111083984,651700,0.0,0.0
2018-04-11 00:00:00-04:00,81.03980971057626,81.81728273885061,80.95341975018752,81.14539337158203,453200,0.0,0.0
2018-04-12 00:00:00-04:00,81.56773203243725,82.33560458669481,81.00141897524126,81.88447570800781,578700,0.0,0.0
2018-04-13 00:00:00-04:00,82.32601737993214,82.39320633082683,80.79026470016325,81.16460418701172,335300,0.0,0.0
2018-04-16 00:00:00-04:00,81.87488869161751,82.59477338472185,81.46215450798253,81.94207763671875,627600,0.0,0.0
2018-04-17 00:00:00-04:00,82.27802815080103,82.52759024575434,81.68292079300353,82.18204498291016,801400,0.0,0.0
2018-04-18 00:00:00-04:00,82.63316239260482,83.54502074870771,82.31641868701355,83.02670288085938,578700,0.0,0.0
2018-04-19 00:00:00-04:00,82.68115790274457,82.87312422936225,81.27978321390691,81.96127319335938,551500,0.0,0.0
2018-04-20 00:00:00-04:00,82.11484183151424,82.6619538492214,80.92462732176404,81.34696197509766,587000,0.0,0.0
2018-04-23 00:00:00-04:00,81.71171995323822,81.83650466978537,80.59830195687786,81.12621307373047,560400,0.0,0.0
2018-04-24 00:00:00-04:00,81.53893690072466,82.42200102590455,78.30425968957042,78.85137176513672,916900,0.0,0.0
2018-04-25 00:00:00-04:00,78.64980080900523,79.80161333205405,78.01629879519658,79.69602966308594,1287400,0.0,0.0
2018-04-26 00:00:00-04:00,72.46838960841274,76.34616921589327,72.46838960841274,75.43431091308594,4987400,0.0,0.0
2018-04-27 00:00:00-04:00,74.8968003015318,75.5303023296313,73.95615509519968,74.704833984375,1842600,0.0,0.0
2018-04-30 00:00:00-04:00,74.86800623597723,75.30953462475726,73.83137054594815,74.0809326171875,1947700,0.0,0.0
2018-05-01 00:00:00-04:00,74.12892383885291,74.63764114349428,72.41079829475127,74.04253387451172,1534400,0.0,0.0
2018-05-02 00:00:00-04:00,72.70834576207564,74.59924384665113,71.93087272502386,72.10364532470703,2406500,0.0,0.0
2018-05-03 00:00:00-04:00,71.72931406816781,72.53558140966496,70.88464467454703,71.8156967163086,1348100,0.0,0.0
2018-05-04 00:00:00-04:00,71.09579600294965,73.3994279672222,71.02860707296456,73.09227752685547,1095800,0.0,0.0
2018-05-07 00:00:00-04:00,73.14028175579416,73.485826993693,72.41080387404841,72.6987533569336,939300,0.0,0.0
2018-05-08 00:00:00-04:00,72.59317320149415,73.14988581431967,72.23803475641792,72.84273529052734,927200,0.0,0.0
2018-05-09 00:00:00-04:00,72.88113440123686,73.47624178068068,72.0556659458666,73.21707916259766,1018800,0.0,0.0
2018-05-10 00:00:00-04:00,73.36104175711822,74.28249318511232,73.20746285759671,74.20570373535156,440800,0.0,0.0
2018-05-11 00:00:00-04:00,74.09053538118084,75.08877637342371,73.82177959923965,74.17691802978516,480800,0.0,0.0
2018-05-14 00:00:00-04:00,74.22492014484887,74.88720914794266,73.57222433267994,73.76419067382812,677400,0.0,0.0
2018-05-15 00:00:00-04:00,73.50503863476794,73.63941654412938,72.61238119512589,73.38985443115234,545300,0.0,0.0
2018-05-16 00:00:00-04:00,73.48583968892457,74.253719755367,73.42825124700785,73.9273681640625,403400,0.0,0.0
2018-05-17 00:00:00-04:00,73.64900072152082,74.21530645348942,73.56261075721065,73.78337860107422,569200,0.0,0.0
2018-05-18 00:00:00-04:00,73.79296851189896,75.3479218929932,73.52421276473216,75.22314453125,1374800,0.0,0.0
2018-05-21 00:00:00-04:00,75.5879049980573,75.91424926330383,75.29994814503638,75.61669921875,577200,0.0,0.0
2018-05-22 00:00:00-04:00,75.68388102932903,75.91424209616896,75.24235259994985,75.5111083984375,1015600,0.0,0.0
2018-05-23 00:00:00-04:00,75.13676649601389,76.08701227375497,75.00238860110287,76.03902435302734,1059100,0.0,0.0
2018-05-24 00:00:00-04:00,76.07742309570312,76.39416682295762,75.35753833940818,76.07742309570312,759600,0.0,0.0
2018-05-25 00:00:00-04:00,75.96223410145622,76.54774091877896,75.2327488773573,75.62628936767578,637800,0.0,0.0
2018-05-29 00:00:00-04:00,75.23274278687092,76.12540004896275,74.70483176882341,75.12715911865234,990500,0.0,0.0
2018-05-30 00:00:00-04:00,75.65508709355346,76.50934973752405,74.99279078549115,76.02942657470703,604200,0.0,0.0
2018-05-31 00:00:00-04:00,76.12541610889905,76.12541610889905,73.35146058167922,73.3610610961914,719400,0.0,0.0
2018-06-01 00:00:00-04:00,74.00415637423359,75.1847706747371,73.99455585972872,74.76243591308594,725200,0.0,0.0
2018-06-04 00:00:00-04:00,75.00239063902774,75.3479358990582,74.58965642971614,75.17516326904297,490900,0.0,0.0
2018-06-05 00:00:00-04:00,75.34794015015945,76.33658074095177,75.34794015015945,75.99103546142578,555900,0.0,0.0
2018-06-06 00:00:00-04:00,76.03901398989761,76.04861450195312,75.37671779592277,76.04861450195312,356600,0.0,0.0
2018-06-07 00:00:00-04:00,76.25020217720434,77.19084757072338,76.23100114784033,76.9892807006836,399900,0.0,0.0
2018-06-08 00:00:00-04:00,76.93167234333713,77.88191800554749,76.84528237965701,77.86272430419922,884900,0.0,0.0
2018-06-11 00:00:00-04:00,77.87233899438607,78.31386747775666,77.87233899438607,77.99712371826172,813800,0.0,0.0
2018-06-12 00:00:00-04:00,78.14109697807224,78.92817071339836,77.83393910765552,78.87057495117188,605300,0.0,0.0
2018-06-13 00:00:00-04:00,78.82257144112666,78.82257144112666,77.11403907846083,77.65155792236328,934300,0.0,0.0
2018-06-14 00:00:00-04:00,78.10386218443074,79.35490529344005,77.79590497865183,78.71013641357422,599000,0.21,0.0
2018-06-15 00:00:00-04:00,78.4984116674068,79.05657303399154,77.7092897616537,78.97958374023438,1195200,0.0,0.0
2018-06-18 00:00:00-04:00,78.58504937782486,78.78714082630026,78.08462616455743,78.41182708740234,673200,0.0,0.0
2018-06-19 00:00:00-04:00,77.90178877183166,77.98840359965628,76.30430062880785,77.15116119384766,621600,0.0,0.0
2018-06-20 00:00:00-04:00,77.32434489750813,77.4494543261062,76.30426252827674,76.9875259399414,635600,0.0,0.0
2018-06-21 00:00:00-04:00,76.81431493335549,76.81431493335549,74.58167664865412,74.9473648071289,663500,0.0,0.0
2018-06-22 00:00:00-04:00,75.3996851362127,75.5247946119132,74.5335736748858,74.76454162597656,634300,0.0,0.0
2018-06-25 00:00:00-04:00,74.58168107191898,74.58168107191898,73.27289227477246,73.50385284423828,793800,0.0,0.0
2018-06-26 00:00:00-04:00,73.90804487622118,74.09088529984652,73.32101426824057,73.45574188232422,719800,0.0,0.0
2018-06-27 00:00:00-04:00,73.58084952188868,74.87039479335294,73.37875808559079,74.475830078125,1331600,0.0,0.0
2018-06-28 00:00:00-04:00,74.24485826504183,74.59130277265359,73.75406065557453,74.27372741699219,734500,0.0,0.0
2018-06-29 00:00:00-04:00,74.71643100992254,75.21685429242676,73.99467259031965,74.44697570800781,669600,0.0,0.0
2018-07-02 00:00:00-04:00,74.05239267641834,74.78377641727684,73.76369378494319,74.706787109375,466700,0.0,0.0
2018-07-03 00:00:00-04:00,75.14947450215149,75.77499986245549,74.0235332588676,74.11976623535156,233800,0.0,0.0
2018-07-05 00:00:00-04:00,74.41807989423938,75.13021255741815,73.92728228889146,74.9473648071289,528400,0.0,0.0
2018-07-06 00:00:00-04:00,74.80301661899114,74.80301661899114,73.80217778703168,73.96577453613281,1000600,0.0,0.0
2018-07-09 00:00:00-04:00,74.35073244940124,75.39968435010702,73.99466236842768,75.005126953125,660400,0.0,0.0
2018-07-10 00:00:00-04:00,75.05323652536326,75.48629590384742,74.7356684583342,75.3996810913086,594000,0.0,0.0
2018-07-11 00:00:00-04:00,75.14945697744416,75.28419192362836,74.54318275908221,74.97624206542969,304800,0.0,0.0
2018-07-12 00:00:00-04:00,75.44777857278947,76.29463873386518,75.06283946608131,76.1021728515625,434500,0.0,0.0
2018-07-13 00:00:00-04:00,76.31392339951815,77.01643078778434,74.92814494075982,76.70848083496094,546400,0.0,0.0
2018-07-16 00:00:00-04:00,76.59297594314779,76.80469285457018,76.02519635533685,76.25615692138672,685300,0.0,0.0
2018-07-17 00:00:00-04:00,75.7749918058256,77.10303170326165,75.7749918058256,77.06453704833984,516400,0.0,0.0
2018-07-18 00:00:00-04:00,77.03566593485766,77.3339903252891,76.20804923033386,76.24654388427734,588300,0.0,0.0
2018-07-19 00:00:00-04:00,75.94822288225463,76.23692915656908,75.332323016349,75.7172622680664,909500,0.0,0.0
2018-07-20 00:00:00-04:00,75.42854706831415,77.43985056593525,75.11097901467264,76.49674987792969,609100,0.0,0.0
2018-07-23 00:00:00-04:00,76.72771963378273,76.84319625890924,75.50553817575805,75.74612426757812,483400,0.0,0.0
2018-07-24 00:00:00-04:00,75.89046622034854,76.94904340011799,75.85197157027099,76.81431579589844,1328700,0.0,0.0
2018-07-25 00:00:00-04:00,76.98755786584992,77.3340024636147,75.45743367747687,77.07416534423828,1090500,0.0,0.0
2018-07-26 00:00:00-04:00,74.58169304010666,79.10470890698714,73.03231792635667,78.41182708740234,1136800,0.0,0.0
2018-07-27 00:00:00-04:00,78.65240743884785,79.00847015158658,78.05575129502746,78.52729797363281,1122500,0.0,0.0
2018-07-30 00:00:00-04:00,78.80637992719764,79.34529042530201,77.81516640013929,77.88253021240234,795600,0.0,0.0
2018-07-31 00:00:00-04:00,78.22896502374068,78.80637010576413,77.62269078893165,78.46955108642578,665600,0.0,0.0
2018-08-01 00:00:00-04:00,78.46954705940765,79.18167971262015,77.54569750716082,77.83439636230469,579800,0.0,0.0
2018-08-02 00:00:00-04:00,77.51684649835637,78.25784847630138,77.21851473348306,78.14236450195312,348200,0.0,0.0
2018-08-03 00:00:00-04:00,78.33481901087438,78.83523476219251,77.78628311292218,78.64276885986328,301500,0.0,0.0
2018-08-06 00:00:00-04:00,78.50806591480787,79.59551255447096,77.90178418207485,79.46078491210938,459500,0.0,0.0
2018-08-07 00:00:00-04:00,79.74947485889444,80.35574912530505,79.62436540083041,79.97080993652344,480900,0.0,0.0
2018-08-08 00:00:00-04:00,80.04780953588431,80.04780953588431,79.34529487536513,79.41265869140625,485600,0.0,0.0
2018-08-09 00:00:00-04:00,79.51852043502184,80.1248021464256,79.3741746390739,79.45115661621094,608600,0.0,0.0
2018-08-10 00:00:00-04:00,79.09508605549378,79.28755199249542,78.39257143543857,78.71977233886719,459600,0.0,0.0
2018-08-13 00:00:00-04:00,78.83522227258757,79.19129221179955,78.20969717596213,78.65238189697266,530900,0.0,0.0
2018-08-14 00:00:00-04:00,78.89298935111105,80.36537496296248,78.59465762394261,80.13440704345703,392000,0.0,0.0
2018-08-15 00:00:00-04:00,79.75908826934855,82.46328058659482,79.15281403901562,82.08796691894531,1028300,0.0,0.0
2018-08-16 00:00:00-04:00,82.40554730061973,83.80095106847152,81.9243751066236,82.21308135986328,818100,0.0,0.0
2018-08-17 00:00:00-04:00,82.0879731587947,83.71433006153413,82.00135835238953,83.43524932861328,485600,0.0,0.0
2018-08-20 00:00:00-04:00,83.71432447510603,84.52269746515726,83.21390869429639,83.68545532226562,545700,0.0,0.0
2018-08-21 00:00:00-04:00,83.68545206329503,84.80177487701083,83.62771375986273,84.48419952392578,501100,0.0,0.0
2018-08-22 00:00:00-04:00,84.23399878899954,84.23399878899954,83.1657959857081,83.8201904296875,360500,0.0,0.0
2018-08-23 00:00:00-04:00,83.82020212802098,84.31099986502969,83.05033095490144,83.18505859375,410500,0.0,0.0
2018-08-24 00:00:00-04:00,83.5026153653873,84.11852249930284,83.16579631394457,83.9837875366211,380100,0.0,0.0
2018-08-27 00:00:00-04:00,84.5804511782243,85.07124889222804,84.20513743872297,84.38798522949219,310700,0.0,0.0
2018-08-28 00:00:00-04:00,84.63818231706597,84.70554612762025,83.9934133671743,84.4168472290039,332600,0.0,0.0
2018-08-29 00:00:00-04:00,84.45533366116166,84.70553788051448,83.3101416511324,83.68545532226562,500100,0.0,0.0
2018-08-30 00:00:00-04:00,83.62773039723359,84.13777175796594,82.96371040724348,84.00304412841797,778100,0.0,0.0
2018-08-31 00:00:00-04:00,83.84905414255991,84.57081234971345,83.79131583546095,83.9356689453125,644400,0.0,0.0
2018-09-04 00:00:00-04:00,83.88754504573983,84.00302899688093,82.96369546292249,83.86830139160156,565900,0.0,0.0
2018-09-05 00:00:00-04:00,84.00305133205086,85.91811480951232,84.00305133205086,85.84112548828125,435600,0.0,0.0
2018-09-06 00:00:00-04:00,85.8411056614508,86.51475105347114,85.35031537169927,85.5812759399414,461500,0.0,0.0
2018-09-07 00:00:00-04:00,85.4561903191084,85.83150406821613,84.96539259254234,85.36957550048828,341800,0.0,0.0
2018-09-10 00:00:00-04:00,85.64863215495726,86.78419858283071,85.64863215495726,86.41851043701172,495500,0.0,0.0
2018-09-11 00:00:00-04:00,86.39928546239088,86.76498106044863,85.8700004084159,86.32229614257812,488400,0.0,0.0
2018-09-12 00:00:00-04:00,86.26453822235258,86.77457950153331,85.78336609601546,86.36077117919922,421700,0.0,0.0
2018-09-13 00:00:00-04:00,86.55325017107369,86.55325017107369,85.61014951042577,85.97583770751953,471800,0.0,0.0
2018-09-14 00:00:00-04:00,85.81185306235544,86.07230233386032,84.59644030060626,84.71219635009766,758000,0.21,0.0
2018-09-17 00:00:00-04:00,84.88583510929114,85.95655475453563,84.62539317152526,85.74433898925781,744100,0.0,0.0
2018-09-18 00:00:00-04:00,85.94690550818348,87.28771525279022,85.64787822050106,87.17196655273438,599900,0.0,0.0
2018-09-19 00:00:00-04:00,87.384175425721,87.84719230664426,87.11408531160062,87.3745346069336,472100,0.0,0.0
2018-09-20 00:00:00-04:00,87.89543106198472,88.33915161289701,87.5288738629759,87.69286346435547,691300,0.0,0.0
2018-09-21 00:00:00-04:00,87.22983679137693,87.56744941629988,86.4967298348276,86.88257598876953,1112600,0.0,0.0
2018-09-24 00:00:00-04:00,86.79576352066483,87.11407978674528,85.84079264421392,86.22663879394531,355300,0.0,0.0
2018-09-25 00:00:00-04:00,86.19770163545934,86.39062103065667,85.65752144138425,85.97583770751953,381100,0.0,0.0
2018-09-26 00:00:00-04:00,85.97584054401536,86.84399256985162,85.7539839681593,86.36168670654297,347300,0.0,0.0
2018-09-27 00:00:00-04:00,86.47742501706232,87.28769516863142,85.97582290088933,86.80538940429688,479200,0.0,0.0
2018-09-28 00:00:00-04:00,86.61247989302717,87.56744335438793,86.51602020106999,87.36487579345703,516600,0.0,0.0
2018-10-01 00:00:00-04:00,88.31019766995254,89.58348472717199,87.49992007386597,87.91470336914062,783000,0.0,0.0
2018-10-02 00:00:00-04:00,87.65426843503444,88.32949368594635,87.47098985575695,88.08834075927734,509800,0.0,0.0
2018-10-03 00:00:00-04:00,88.10762338123354,88.81179311430216,87.58673957358609,87.99187469482422,544400,0.0,0.0
2018-10-04 00:00:00-04:00,87.70249156278156,87.92435548575918,86.6510683714867,86.99832916259766,346600,0.0,0.0
2018-10-05 00:00:00-04:00,87.30700009121813,87.86646923962266,85.99512769469223,86.38097381591797,395000,0.0,0.0
2018-10-08 00:00:00-04:00,86.27488646324096,86.27488646324096,85.14628500239873,85.24275207519531,763900,0.0,0.0
2018-10-09 00:00:00-04:00,85.17523110505601,86.12054661683669,83.70901694069586,84.51929473876953,879600,0.0,0.0
2018-10-10 00:00:00-04:00,84.61574253163911,84.61574253163911,81.49040257235194,81.56756591796875,871500,0.0,0.0
2018-10-11 00:00:00-04:00,81.57721317535828,81.77013257632846,79.69622325798707,79.83126831054688,756200,0.0,0.0
2018-10-12 00:00:00-04:00,84.21060459672702,84.21060459672702,79.67692517800444,80.8055191040039,696000,0.0,0.0
2018-10-15 00:00:00-04:00,80.63188359813725,81.42287220936721,80.21710765722804,80.86339569091797,402200,0.0,0.0
2018-10-16 00:00:00-04:00,81.30711464739517,82.29101526546339,80.88268317794478,82.21385192871094,401000,0.0,0.0
2018-10-17 00:00:00-04:00,81.94376408006765,81.94376408006765,80.34251242420814,81.19136810302734,408200,0.0,0.0
2018-10-18 00:00:00-04:00,80.98878445101866,81.47109022361363,79.127083874426,79.78302001953125,532000,0.0,0.0
2018-10-19 00:00:00-04:00,79.86984388874998,80.36179050884424,78.66407938173022,78.89558410644531,477400,0.0,0.0
2018-10-22 00:00:00-04:00,79.06922404913892,79.13674657531926,78.17213485308389,78.62550354003906,620600,0.0,0.0
2018-10-23 00:00:00-04:00,77.53548477811027,80.33286014324464,77.20752033693195,79.82161712646484,1097300,0.0,0.0
2018-10-24 00:00:00-04:00,79.41649265896602,79.95667292147057,76.82168451625614,76.91814422607422,1210500,0.0,0.0
2018-10-25 00:00:00-04:00,78.83773381436617,83.11096482515849,78.74126673685555,80.00491333007812,1569700,0.0,0.0
2018-10-26 00:00:00-04:00,79.38753311289244,80.44860434072096,78.6061927568952,79.78302001953125,1134600,0.0,0.0
2018-10-29 00:00:00-04:00,80.67048449031546,81.2878354712081,77.51620705229855,78.77984619140625,1018800,0.0,0.0
2018-10-30 00:00:00-04:00,78.8570059126005,81.82801169366839,78.8570059126005,81.60614776611328,796100,0.0,0.0
2018-10-31 00:00:00-04:00,82.43571770337702,83.64148236793508,82.43571770337702,82.6961669921875,712700,0.0,0.0
2018-11-01 00:00:00-04:00,83.09164293864815,85.00157715175916,82.94694972623932,84.31670379638672,1096600,0.0,0.0
2018-11-02 00:00:00-04:00,85.05946700713888,85.85044837191974,84.2781338207857,85.02088165283203,689200,0.0,0.0
2018-11-05 00:00:00-05:00,85.3584917280839,86.06266154397902,84.79902250602603,85.464599609375,628200,0.0,0.0
2018-11-06 00:00:00-05:00,85.22345876203008,86.26524136646064,84.67363028070362,85.9565658569336,319700,0.0,0.0
2018-11-07 00:00:00-05:00,86.64143421882349,86.80541646355783,85.3102725436909,86.59320068359375,480200,0.0,0.0
2018-11-08 00:00:00-05:00,86.60281830318726,87.48061829067252,86.14944972586206,87.22016906738281,435600,0.0,0.0
2018-11-09 00:00:00-05:00,86.86328604491258,87.29735836373341,85.72504395087674,86.22663879394531,505200,0.0,0.0
2018-11-12 00:00:00-05:00,86.26523379571292,86.43886421454665,85.25238845928214,85.4549560546875,351100,0.0,0.0
2018-11-13 00:00:00-05:00,85.88901882890252,87.43239593646089,85.5996324014967,85.72503662109375,664300,0.0,0.0
2018-11-14 00:00:00-05:00,86.20734523696102,86.60283218394318,83.37138464979957,84.0273208618164,682400,0.0,0.0
2018-11-15 00:00:00-05:00,83.4774840367505,86.37131867346031,83.23633115035801,85.32953643798828,792800,0.0,0.0
2018-11-16 00:00:00-05:00,84.94369878774232,86.48708330152394,84.61573436217554,86.11087799072266,558700,0.0,0.0
2018-11-19 00:00:00-05:00,86.03373412004046,86.74754483557184,85.83116651263579,86.27488708496094,705400,0.0,0.0
2018-11-20 00:00:00-05:00,85.60929870605469,86.50638798968866,85.1655781536363,85.60929870605469,595200,0.0,0.0
2018-11-21 00:00:00-05:00,86.08193622351486,87.27805989378102,85.59963042855661,86.62212371826172,352200,0.0,0.0
2018-11-23 00:00:00-05:00,86.34241208369357,86.78613266867593,85.46461173382949,85.9565658569336,283600,0.0,0.0
2018-11-26 00:00:00-05:00,86.81506464248463,86.9597578887696,86.02408323678482,86.59320068359375,972300,0.0,0.0
2018-11-27 00:00:00-05:00,86.29416162491947,87.43240372300112,86.03371970458188,87.05620574951172,625300,0.0,0.0
2018-11-28 00:00:00-05:00,87.12373497125174,89.6027869314445,86.95010455787855,88.93720245361328,783700,0.0,0.0
2018-11-29 00:00:00-05:00,88.48383905489774,89.60278485787205,87.73143570809003,88.50312805175781,740100,0.0,0.0
2018-11-30 00:00:00-05:00,88.69605387361368,89.52562062727023,87.77002740987234,88.34879302978516,1124500,0.0,0.0
2018-12-03 00:00:00-05:00,89.40985667618415,90.96288202982032,87.97258001115502,89.80534362792969,1080300,0.0,0.0
2018-12-04 00:00:00-05:00,89.37128427582698,89.69924875360279,86.83435054503803,87.08515167236328,635800,0.0,0.0
2018-12-06 00:00:00-05:00,86.02407454588312,86.56425476074219,84.00803219930673,86.56425476074219,754100,0.0,0.0
2018-12-07 00:00:00-05:00,86.66071370114201,87.22983844486012,84.88583166253002,85.53211975097656,547000,0.0,0.0
2018-12-10 00:00:00-05:00,85.58999145162826,85.88901869592276,82.53216705270337,84.14307403564453,694200,0.0,0.0
2018-12-11 00:00:00-05:00,85.45494716259937,85.52247704677828,83.89228091510437,84.22024536132812,683800,0.0,0.0
2018-12-12 00:00:00-05:00,85.37777885549482,86.2266344546634,84.6543201209321,84.73148345947266,448000,0.0,0.0
2018-12-13 00:00:00-05:00,85.10770154654814,85.73469332309013,84.10450440091545,84.34565734863281,571900,0.0,0.0
2018-12-14 00:00:00-05:00,83.39805142963016,84.97415107914561,82.672850982416,83.49474334716797,638900,0.21,0.0
2018-12-17 00:00:00-05:00,83.35937933653136,83.35937933653136,80.38122084310038,80.90336608886719,653200,0.0,0.0
2018-12-18 00:00:00-05:00,81.68658592138843,82.54715657389343,81.02907051954094,81.52220153808594,795100,0.0,0.0
2018-12-19 00:00:00-05:00,81.628578511648,82.55683440287845,78.78579715010542,79.2692642211914,1667200,0.0,0.0
2018-12-20 00:00:00-05:00,79.1628900669311,79.71404215763306,77.28703572655692,77.75116729736328,875800,0.0,0.0
2018-12-21 00:00:00-05:00,77.45140776232128,78.78578133196919,75.72059511008099,75.9429931640625,1130200,0.0,0.0
2018-12-24 00:00:00-05:00,75.42084389739522,75.71092701707943,72.8294607607076,72.91648864746094,545800,0.0,0.0
2018-12-26 00:00:00-05:00,73.21622047908689,76.0783433276453,72.35565008172487,76.01065826416016,820000,0.0,0.0
2018-12-27 00:00:00-05:00,74.7536602305639,76.67786407470703,73.99945294083243,76.67786407470703,613700,0.0,0.0
2018-12-28 00:00:00-05:00,76.88093069642325,77.23869158433982,75.3338376452556,75.95267486572266,732700,0.0,0.0
2018-12-31 00:00:00-05:00,76.2330674984951,77.41272807340827,76.11704014825476,77.07430267333984,431600,0.0,0.0
2019-01-02 00:00:00-05:00,76.0493596979344,78.38933818042571,75.72059830562489,78.37000274658203,864300,0.0,0.0
2019-01-03 00:00:00-05:00,77.973543680091,78.26362678075384,75.93331270288955,77.0452880859375,1050800,0.0,0.0
2019-01-04 00:00:00-05:00,78.14759881218966,78.42801053314207,76.62951285884066,76.87124633789062,1036400,0.0,0.0
2019-01-07 00:00:00-05:00,77.09363877533745,78.33131291768282,76.66818552248631,77.67379760742188,610900,0.0,0.0
2019-01-08 00:00:00-05:00,78.45703290571915,79.11454839401581,77.95423041566725,78.74711608886719,853500,0.0,0.0
2019-01-09 00:00:00-05:00,78.8437848648967,80.13947264755748,78.07990625896639,79.62699890136719,589900,0.0,0.0
2019-01-10 00:00:00-05:00,79.43362946706118,80.26519329609646,78.9598338733014,79.48197174072266,792700,0.0,0.0
2019-01-11 00:00:00-05:00,78.84378843761876,79.48196095403735,78.67941145066001,79.35626220703125,435800,0.0,0.0
2019-01-14 00:00:00-05:00,78.96949307901976,79.9364270186491,78.51503294705468,79.0661849975586,555100,0.0,0.0
2019-01-15 00:00:00-05:00,79.28858560451309,79.67536066825194,78.11859638511562,79.0468521118164,611300,0.0,0.0
2019-01-16 00:00:00-05:00,78.85346693697088,79.55932459253832,78.31197890603187,78.3313217163086,710800,0.0,0.0
2019-01-17 00:00:00-05:00,78.21529094535511,79.64635651632948,78.21529094535511,79.05652618408203,663400,0.0,0.0
2019-01-18 00:00:00-05:00,79.75272396140633,81.27081012998894,79.62701781312077,80.74866485595703,813500,0.0,0.0
2019-01-22 00:00:00-05:00,80.30386640641059,80.30386640641059,78.94048601443137,79.46263122558594,518600,0.0,0.0
2019-01-23 00:00:00-05:00,79.70436096191406,80.38121173503521,79.04684562068776,79.70436096191406,526200,0.0,0.0
2019-01-24 00:00:00-05:00,79.95576129423971,80.4682350472031,79.64634276167013,80.25550842285156,422300,0.0,0.0
2019-01-25 00:00:00-05:00,81.22245389014833,82.05401769871712,80.9323707468352,81.40617370605469,569900,0.0,0.0
2019-01-28 00:00:00-05:00,80.65197429023792,81.79294941038421,80.28453462241445,81.49320220947266,402500,0.0,0.0
2019-01-29 00:00:00-05:00,81.70591761258719,82.61483787333476,81.14509415905697,82.21839141845703,413300,0.0,0.0
2019-01-30 00:00:00-05:00,82.66317993173567,83.39805178698866,81.74459564550978,83.06929779052734,353300,0.0,0.0
2019-01-31 00:00:00-05:00,82.85656570055824,83.55275926746195,82.58582539723345,83.02094268798828,723100,0.0,0.0
2019-02-01 00:00:00-05:00,83.15631508071415,83.98787882169091,82.40210782194923,83.88151550292969,650300,0.0,0.0
2019-02-04 00:00:00-05:00,83.69779597505055,84.41333237216443,83.15631535204132,84.39398956298828,420600,0.0,0.0
2019-02-05 00:00:00-05:00,84.66472950976912,86.38587066302281,84.66472950976912,86.15380859375,688300,0.0,0.0
2019-02-06 00:00:00-05:00,85.99909835742503,86.84032607948157,85.59298053675245,86.67594909667969,735700,0.0,0.0
2019-02-07 00:00:00-05:00,86.55993278620794,87.74926491193952,85.70903347918917,87.73959350585938,541000,0.0,0.0
2019-02-08 00:00:00-05:00,87.45918265155971,88.36810302734375,86.95638018700942,88.36810302734375,696200,0.0,0.0
2019-02-11 00:00:00-05:00,88.45512402022123,88.97726187923067,88.18437630817081,88.484130859375,445100,0.0,0.0
2019-02-12 00:00:00-05:00,89.18998141853857,90.08923024614985,89.0352758296903,89.96353149414062,540400,0.0,0.0
2019-02-13 00:00:00-05:00,90.15690644863051,90.74673666335687,89.63476130557177,90.66938018798828,594000,0.0,0.0
2019-02-14 00:00:00-05:00,90.42766111829525,90.42766111829525,88.63883475931154,88.64850616455078,1042400,0.0,0.0
2019-02-15 00:00:00-05:00,89.29634941407197,89.39304133430512,87.79760620765656,88.532470703125,2165800,0.0,0.0
2019-02-19 00:00:00-05:00,85.20621925169932,87.67189630885468,84.29729901085535,85.1095199584961,2002100,0.0,0.0
2019-02-20 00:00:00-05:00,84.81944891798737,85.25456625307093,83.11764306741568,85.04183959960938,1271200,0.0,0.0
2019-02-21 00:00:00-05:00,84.57769694330572,85.75735730771726,84.57769694330572,85.31256866455078,770000,0.0,0.0
2019-02-22 00:00:00-05:00,85.54465356316864,86.88869125503955,85.3029200592045,86.73397827148438,799800,0.0,0.0
2019-02-25 00:00:00-05:00,86.72432176705527,86.9273770427477,85.3609411453925,85.76705169677734,734000,0.0,0.0
2019-02-26 00:00:00-05:00,85.74770839706464,86.63728591674302,85.65101647138152,85.70903015136719,634000,0.0,0.0
2019-02-27 00:00:00-05:00,85.47695991939544,87.5171910787594,85.04183522955097,87.43983459472656,640300,0.0,0.0
2019-02-28 00:00:00-05:00,87.30447207178058,87.41083540234807,86.59860700320736,86.98538208007812,720700,0.0,0.0
2019-03-01 00:00:00-05:00,87.88463239244015,88.70652483312571,87.48819328077252,88.18437957763672,732400,0.0,0.0
2019-03-04 00:00:00-05:00,88.30041168374945,88.48413150255318,86.88868894341155,87.20777893066406,618100,0.0,0.0
2019-03-05 00:00:00-05:00,87.21743907966663,87.82661218771143,86.95637015987641,86.9660415649414,674700,0.0,0.0
2019-03-06 00:00:00-05:00,87.17876039331234,87.63321311091248,86.44388859382632,86.4825668334961,731000,0.0,0.0
2019-03-07 00:00:00-05:00,86.35688354808882,86.35688354808882,84.4423581294018,85.06119537353516,620000,0.0,0.0
2019-03-08 00:00:00-05:00,84.51970211750897,85.15787470356021,84.37466054614072,85.07085418701172,450000,0.0,0.0
2019-03-11 00:00:00-04:00,85.22557050247013,85.97977791587084,85.2062350665129,85.6510238647461,518400,0.0,0.0
2019-03-12 00:00:00-04:00,85.80570512543535,86.19248012887833,85.47695116763656,85.8733901977539,597500,0.0,0.0
2019-03-13 00:00:00-04:00,86.38586599293068,86.94668939238156,86.22148901012879,86.67594909667969,656300,0.0,0.0
2019-03-14 00:00:00-04:00,86.34621198398148,86.77295066307903,86.02615797465832,86.09404754638672,625800,0.27,0.0
2019-03-15 00:00:00-04:00,86.08434375202327,86.50138175555344,85.57032171498997,85.7448959350586,1411700,0.0,0.0
2019-03-18 00:00:00-04:00,85.82248672673005,86.33650881170529,85.61881801755541,86.22013092041016,745800,0.0,0.0
2019-03-19 00:00:00-04:00,86.52078577825262,86.86023363513996,85.84189006447791,86.03585815429688,743800,0.0,0.0
2019-03-20 00:00:00-04:00,86.03586892437161,86.0649634015457,84.47440118781506,85.09510803222656,974200,0.0,0.0
2019-03-21 00:00:00-04:00,84.90112722340555,86.59837386593564,84.7265529870547,86.22013092041016,480800,0.0,0.0
2019-03-22 00:00:00-04:00,85.93887271693407,86.15224205192274,84.53258559001162,84.59077453613281,704600,0.0,0.0
2019-03-25 00:00:00-04:00,84.6489539196583,85.17267657380997,84.48408032466816,84.81382751464844,359000,0.0,0.0
2019-03-26 00:00:00-04:00,85.30845281272448,85.85156929521396,84.95930438843637,85.75458526611328,458000,0.0,0.0
2019-03-27 00:00:00-04:00,85.75460623327636,86.21043942084944,84.66837300271135,85.5412368774414,397000,0.0,0.0
2019-03-28 00:00:00-04:00,85.85156644674771,87.16087669409018,85.580008214513,87.11238098144531,609600,0.0,0.0
2019-03-29 00:00:00-04:00,87.51972992791246,88.1695385261946,87.25787228338672,87.9755630493164,827400,0.0,0.0
2019-04-01 00:00:00-04:00,88.41200009608748,90.04134966438214,88.41200009608748,89.84738159179688,666900,0.0,0.0
2019-04-02 00:00:00-04:00,89.97345813425683,90.18682744908581,89.32365696593766,89.6340103149414,519300,0.0,0.0
2019-04-03 00:00:00-04:00,90.1965259935983,91.78708779551131,89.90556649837214,90.6717529296875,748100,0.0,0.0
2019-04-04 00:00:00-04:00,90.67176993362222,91.32157860823345,90.5262901587269,91.28278350830078,581000,0.0,0.0
2019-04-05 00:00:00-04:00,91.68041944314211,92.3981102864036,91.29247584699233,92.05866241455078,746000,0.0,0.0
2019-04-08 00:00:00-04:00,92.00046140575846,92.05865034776065,91.34095959857207,91.55432891845703,442300,0.0,0.0
2019-04-09 00:00:00-04:00,91.09849154951057,91.55432463897479,90.5165799584656,90.6717529296875,724700,0.0,0.0
2019-04-10 00:00:00-04:00,90.67175928581052,90.83664029101415,89.4594403030631,90.51658630371094,786300,0.0,0.0
2019-04-11 00:00:00-04:00,90.75905376680292,91.01121079782753,90.27412615411353,90.94332122802734,461000,0.0,0.0
2019-04-12 00:00:00-04:00,91.39914616277628,92.1362381397282,91.37975231574931,91.71920013427734,438200,0.0,0.0
2019-04-15 00:00:00-04:00,91.71920340431654,92.12654080107286,91.0694022143375,91.2342758178711,462100,0.0,0.0
2019-04-16 00:00:00-04:00,91.48644263330434,91.56403282502777,90.81724017865356,91.06940460205078,1047000,0.0,0.0
2019-04-17 00:00:00-04:00,91.25367205813401,91.30216777781315,90.52628065939464,91.06940460205078,1088400,0.0,0.0
2019-04-18 00:00:00-04:00,91.25367453178018,91.80649911323935,90.70085734972916,90.9239273071289,1373500,0.0,0.0
2019-04-22 00:00:00-04:00,90.75905927929377,91.37976606928379,90.41961140967557,91.12760162353516,948700,0.0,0.0
2019-04-23 00:00:00-04:00,91.24399279417135,93.65893053564038,91.24399279417135,93.0964126586914,526900,0.0,0.0
2019-04-24 00:00:00-04:00,93.09641234920707,93.1643019272746,92.36902084159397,92.62118530273438,933200,0.0,0.0
2019-04-25 00:00:00-04:00,92.65026602663757,94.56088195360543,90.28381697198807,93.64921569824219,1548400,0.0,0.0
2019-04-26 00:00:00-04:00,93.7946991637873,95.34646606445312,92.56298626746738,95.34646606445312,553100,0.0,0.0
2019-04-29 00:00:00-04:00,95.4434585571289,95.89928430842343,95.10400330062537,95.4434585571289,592200,0.0,0.0
2019-04-30 00:00:00-04:00,95.52101808881939,96.55876265599572,95.35614451258729,96.23871612548828,589400,0.0,0.0
2019-05-01 00:00:00-04:00,96.35512666490351,97.37347773289083,96.03507262646075,96.05447387695312,619500,0.0,0.0
2019-05-02 00:00:00-04:00,96.0641657524735,96.77215594336997,95.37556201148556,95.93807983398438,738700,0.0,0.0
2019-05-03 00:00:00-04:00,96.60726908511472,99.3034651345294,96.60726908511472,99.1094970703125,675200,0.0,0.0
2019-05-06 00:00:00-04:00,97.63532755915921,98.77975706557878,97.3152735464823,98.17845153808594,629900,0.0,0.0
2019-05-07 00:00:00-04:00,96.94672640744301,97.70321229126871,95.30766872621527,96.36481475830078,1031100,0.0,0.0
2019-05-08 00:00:00-04:00,96.0156685947953,97.38316803255834,95.56953607309191,96.61698150634766,972400,0.0,0.0
2019-05-09 00:00:00-04:00,96.08355459797548,97.27647975256994,95.55983190079313,97.08250427246094,861200,0.0,0.0
2019-05-10 00:00:00-04:00,96.44239768122576,97.56742579817143,95.2785670712665,97.25707244873047,758400,0.0,0.0
2019-05-13 00:00:00-04:00,95.18158391323762,96.82064148599783,94.91972627824532,96.08354949951172,1131300,0.0,0.0
2019-05-14 00:00:00-04:00,96.3163270345935,97.27648910477555,96.02537488556968,96.40361785888672,829300,0.0,0.0
2019-05-15 00:00:00-04:00,96.14173513117629,97.65471414602902,96.0156566296916,97.40254974365234,1189500,0.0,0.0
2019-05-16 00:00:00-04:00,97.99416699482957,99.44894974582274,97.9359780526003,98.79914855957031,1094900,0.0,0.0
2019-05-17 00:00:00-04:00,97.80989515537853,98.7506558805451,97.44135284423828,97.44135284423828,2120000,0.0,0.0
2019-05-20 00:00:00-04:00,97.27647885418145,97.38316351740413,96.258127941386,96.96612548828125,817800,0.0,0.0
2019-05-21 00:00:00-04:00,97.40255517698054,98.51789010417022,97.20858710242918,98.42090606689453,600700,0.0,0.0
2019-05-22 00:00:00-04:00,97.98447232565053,98.9252330790329,96.55878395913562,96.91763305664062,1192500,0.0,0.0
2019-05-23 00:00:00-04:00,95.8992710717336,96.25812012793672,95.14278526622022,96.11264038085938,839300,0.0,0.0
2019-05-24 00:00:00-04:00,96.80124589198354,96.84004098821218,95.98657106940595,96.28722381591797,934800,0.0,0.0
2019-05-28 00:00:00-04:00,96.72365909531057,97.70320748675803,95.8410873413086,95.8410873413086,1182900,0.0,0.0
2019-05-29 00:00:00-04:00,95.34646931226557,95.4240595097939,94.29903124326714,94.84214782714844,614800,0.0,0.0
2019-05-30 00:00:00-04:00,95.06520602994188,96.56848459052954,95.03611155705704,96.481201171875,527900,0.0,0.0
2019-05-31 00:00:00-04:00,94.26991540375279,94.58026874847943,91.86467883197321,94.12444305419922,1586400,0.0,0.0
2019-06-03 00:00:00-04:00,94.30872845741035,96.80125631301935,94.30872845741035,96.59758758544922,677900,0.0,0.0
2019-06-04 00:00:00-04:00,97.14069577075115,97.79049694803584,96.06415595792065,97.39285278320312,1563900,0.0,0.0
2019-06-05 00:00:00-04:00,98.02326613953147,100.43820354948622,97.42195324333125,100.19573974609375,591100,0.0,0.0
2019-06-06 00:00:00-04:00,100.03086568940384,100.82614666500704,99.55563870870887,100.57398223876953,506500,0.0,0.0
2019-06-07 00:00:00-04:00,101.26258220356493,101.34986561745275,100.34121534921616,101.00071716308594,445700,0.0,0.0
2019-06-10 00:00:00-04:00,101.42745282726341,102.44579628974142,101.30136692280836,102.35851287841797,406300,0.0,0.0
2019-06-11 00:00:00-04:00,102.71736484932315,102.79494763955674,101.11710233515727,101.83479309082031,534400,0.0,0.0
2019-06-12 00:00:00-04:00,101.9414890887102,102.27123633224569,101.16560190482531,101.388671875,497000,0.0,0.0
2019-06-13 00:00:00-04:00,102.12766376835242,102.64301688421229,101.67065027509751,102.3999252319336,571700,0.27,0.0
2019-06-14 00:00:00-04:00,102.28324289064804,103.3236748341646,101.43728129564049,103.09030151367188,621300,0.0,0.0
2019-06-17 00:00:00-04:00,103.11947040799306,103.43062739159907,101.52478993969132,101.7581558227539,1305100,0.0,0.0
2019-06-18 00:00:00-04:00,102.58467319706413,103.99460175698987,102.01098048132977,103.21671295166016,621000,0.0,0.0
2019-06-19 00:00:00-04:00,103.33340124338065,104.31549364289691,102.29296921846084,104.19881439208984,386800,0.0,0.0
2019-06-20 00:00:00-04:00,104.92809050894743,106.40608457737846,104.10157290783495,105.26841735839844,517400,0.0,0.0
2019-06-21 00:00:00-04:00,105.3948204935278,105.54067697459419,104.35438847582176,104.86001586914062,723600,0.0,0.0
2019-06-24 00:00:00-04:00,105.21006163881488,105.90044844322183,104.62664317092276,104.90863037109375,389100,0.0,0.0
2019-06-25 00:00:00-04:00,105.16143987317865,105.4142572437781,104.38354369528855,104.59746551513672,582800,0.0,0.0
2019-06-26 00:00:00-04:00,104.83083466831228,105.46287440522563,103.96542903818576,104.61691284179688,532100,0.0,0.0
2019-06-27 00:00:00-04:00,104.85029317676194,105.84210385327836,104.40300542707269,105.76431274414062,369500,0.0,0.0
2019-06-28 00:00:00-04:00,106.11436621242859,107.55347206935059,105.34619569498824,107.49513244628906,935300,0.0,0.0
2019-07-01 00:00:00-04:00,108.3994282108542,108.89532981891828,107.36871460466088,108.43831634521484,680900,0.0,0.0
2019-07-02 00:00:00-04:00,108.53556927569217,108.53556927569217,106.47414928550714,107.21315002441406,825100,0.0,0.0
2019-07-03 00:00:00-04:00,107.39787550034536,107.73820970558167,107.14506555514433,107.45622253417969,541000,0.0,0.0
2019-07-05 00:00:00-04:00,106.69778943847511,108.01048285438152,105.79348821088298,107.92296600341797,436500,0.0,0.0
2019-07-08 00:00:00-04:00,106.72697321529374,107.87436624110859,106.0074165014549,106.9408950805664,481100,0.0,0.0
2019-07-09 00:00:00-04:00,106.82419434091365,107.32982170434838,105.98795847869718,107.12562561035156,625400,0.0,0.0
2019-07-10 00:00:00-04:00,107.69932061147036,108.3216346068431,106.24077079383396,106.29911041259766,538700,0.0,0.0
2019-07-11 00:00:00-04:00,106.46441010645636,106.9505933751734,105.6962396516553,106.25048828125,398300,0.0,0.0
2019-07-12 00:00:00-04:00,106.47413380399226,107.3881607055664,105.94905499363486,107.3881607055664,427800,0.0,0.0
2019-07-15 00:00:00-04:00,107.44651578246582,107.88407781143745,106.45470505479798,107.69933319091797,340600,0.0,0.0
2019-07-16 00:00:00-04:00,107.81600043010863,108.14660891487684,107.14507255500594,107.71876525878906,627900,0.0,0.0
2019-07-17 00:00:00-04:00,107.85490328574338,108.07855087163392,105.69624821086254,105.81293487548828,785500,0.0,0.0
2019-07-18 00:00:00-04:00,105.71570444926213,106.45470518797117,105.47261278429181,106.41580963134766,772800,0.0,0.0
2019-07-19 00:00:00-04:00,106.9603197722655,107.16451585614804,104.57802470840133,104.61691284179688,538100,0.0,0.0
2019-07-22 00:00:00-04:00,104.67527089804081,105.50178106320934,104.49051886140747,105.03504180908203,623700,0.0,0.0
2019-07-23 00:00:00-04:00,105.5309493964537,105.91989753301338,104.89890960186531,105.82266235351562,415100,0.0,0.0
2019-07-24 00:00:00-04:00,105.7156907130573,106.06574325861587,104.93779451880096,105.22950744628906,765800,0.0,0.0
2019-07-25 00:00:00-04:00,99.19112000736135,102.21518075929016,95.52529373163458,101.91374206542969,1800600,0.0,0.0
2019-07-26 00:00:00-04:00,101.91373371062205,102.6819041601175,100.82468794410124,102.35130310058594,858000,0.0,0.0
2019-07-29 00:00:00-04:00,102.41938164750641,102.41938164750641,100.33851759734351,100.83441925048828,683100,0.0,0.0
2019-07-30 00:00:00-04:00,100.51354022209456,101.57341627742463,100.22182726854521,101.38866424560547,776700,0.0,0.0
2019-07-31 00:00:00-04:00,101.30116235653189,102.25408497968286,100.03708268841577,100.67884826660156,752800,0.0,0.0
2019-08-01 00:00:00-04:00,100.63021724778558,101.77761013128531,99.42448474229093,99.64813232421875,1082100,0.0,0.0
2019-08-02 00:00:00-04:00,99.30779591525142,100.35795359968128,98.1604030567599,99.0160903930664,645000,0.0,0.0
2019-08-05 00:00:00-04:00,97.21721955008026,98.16040895558329,96.39070197446691,96.92550659179688,967600,0.0,0.0
2019-08-06 00:00:00-04:00,97.36305559838542,97.5283635425564,95.88506177308166,97.07135009765625,614300,0.0,0.0
2019-08-07 00:00:00-04:00,95.9336986365281,96.17679030254173,94.83491955826244,95.6128158569336,637000,0.0,0.0
2019-08-08 00:00:00-04:00,96.0309186456351,96.81853314512834,95.51556558208678,96.41014099121094,874600,0.0,0.0
2019-08-09 00:00:00-04:00,96.13787784690109,96.37124372805445,94.96131528043635,96.00174713134766,811300,0.0,0.0
2019-08-12 00:00:00-04:00,95.58364112645096,95.7489416703794,93.85282232188226,94.30011749267578,536200,0.0,0.0
2019-08-13 00:00:00-04:00,93.94032803354327,95.49611294776052,93.63889679288583,94.76683807373047,962600,0.0,0.0
2019-08-14 00:00:00-04:00,94.2806526491443,94.38761355501966,91.17880121589373,91.48023986816406,770900,0.0,0.0
2019-08-15 00:00:00-04:00,91.69416977505085,92.35537933403306,90.90654781510983,92.1025619506836,747900,0.0,0.0
2019-08-16 00:00:00-04:00,92.6568075117399,93.29856556373092,92.24841534969399,92.79293823242188,2424600,0.0,0.0
2019-08-19 00:00:00-04:00,93.86255229662385,94.34873562555576,93.07493767769618,93.88200378417969,679800,0.0,0.0
2019-08-20 00:00:00-04:00,93.41526417662021,93.74587269671947,92.25814548412608,92.37483215332031,683900,0.0,0.0
2019-08-21 00:00:00-04:00,93.3569252980442,93.51250010631209,92.17063678340492,92.8221206665039,594700,0.0,0.0
2019-08-22 00:00:00-04:00,93.27913466067021,93.73614818112446,92.09284613997676,93.04576873779297,528900,0.0,0.0
2019-08-23 00:00:00-04:00,92.57901504117623,93.16243346670376,90.45925574085763,90.8384780883789,586000,0.0,0.0
2019-08-26 00:00:00-04:00,91.5191328385301,91.8886294184173,90.76068077681332,91.42189025878906,391600,0.0,0.0
2019-08-27 00:00:00-04:00,91.94698829479636,92.19980570166855,90.54678535969619,91.17881774902344,447600,0.0,0.0
2019-08-28 00:00:00-04:00,90.7509696382034,91.74278023040236,90.36202154414912,91.68444061279297,398600,0.0,0.0
2019-08-29 00:00:00-04:00,92.4331534381995,93.38607583445307,91.61636917161132,93.1527099609375,445300,0.0,0.0
2019-08-30 00:00:00-04:00,93.92089061097273,94.14453820332949,93.00687100996772,93.60973358154297,620900,0.0,0.0
2019-09-03 00:00:00-04:00,93.08465735000568,93.65835007981305,92.10256501242115,92.69570922851562,650300,0.0,0.0
2019-09-04 00:00:00-04:00,93.4833193395216,94.17369869843463,92.95824051332688,94.08618927001953,595300,0.0,0.0
2019-09-05 00:00:00-04:00,94.90296507575849,96.00174392417647,94.64042939555253,95.89478302001953,641100,0.0,0.0
2019-09-06 00:00:00-04:00,96.05036719058722,97.22692983282357,95.88506665656509,96.21566772460938,629000,0.0,0.0
2019-09-09 00:00:00-04:00,96.5171050822799,96.79909226982292,94.73767252911253,95.23358154296875,670800,0.0,0.0
2019-09-10 00:00:00-04:00,95.03911160085448,95.72949101256424,93.52222204377777,95.54474639892578,702500,0.0,0.0
2019-09-11 00:00:00-04:00,95.9434028374155,97.18803079720533,95.4183240258977,97.16858673095703,497800,0.0,0.0
2019-09-12 00:00:00-04:00,97.39224797163834,97.83953574383952,96.1087168619712,97.55754852294922,440200,0.0,0.0
2019-09-13 00:00:00-04:00,98.210783804679,99.9072649753759,98.14253477593218,99.68301391601562,1069600,0.27,0.0
2019-09-16 00:00:00-04:00,99.0882571298557,99.68300178164553,98.36676642256089,99.57575225830078,667000,0.0,0.0
2019-09-17 00:00:00-04:00,99.32226395130562,100.1510042136857,98.63002173503116,99.02001190185547,627600,0.0,0.0
2019-09-18 00:00:00-04:00,98.15229030907246,99.99502173006069,97.557545518321,99.75127410888672,536900,0.0,0.0
2019-09-19 00:00:00-04:00,99.71225029917858,100.35574743924704,98.29851740212199,99.57575225830078,489700,0.0,0.0
2019-09-20 00:00:00-04:00,99.73175645860672,100.13149860463993,98.80551123108278,99.0297622680664,605900,0.0,0.0
2019-09-23 00:00:00-04:00,98.45452159393166,99.1662603316145,98.43501762275417,98.63002014160156,376300,0.0,0.0
2019-09-24 00:00:00-04:00,99.08826350590371,99.80000971220991,98.65927282350573,99.04926300048828,591500,0.0,0.0
2019-09-25 00:00:00-04:00,98.99077588595597,99.33202104432007,98.46428016794285,99.30277252197266,490900,0.0,0.0
2019-09-26 00:00:00-04:00,99.27351069975352,100.51174509095351,98.84451259323436,100.0925064086914,568200,0.0,0.0
2019-09-27 00:00:00-04:00,100.53126054605038,100.7555041720114,99.36127504373151,99.93651580810547,340300,0.0,0.0
2019-09-30 00:00:00-04:00,100.28750365144508,102.08148224720527,100.10225311262295,101.05774688720703,712400,0.0,0.0
2019-10-01 00:00:00-04:00,101.64274674733852,102.18873897781596,98.11327890661424,98.57152557373047,603700,0.0,0.0
2019-10-02 00:00:00-04:00,97.80127361993179,98.12302220092648,96.43629316465541,97.73302459716797,466400,0.0,0.0
2019-10-03 00:00:00-04:00,97.33329106858737,98.62027806798864,95.93905453268714,98.57152557373047,624100,0.0,0.0
2019-10-04 00:00:00-04:00,98.56177582847393,100.82376069437264,98.56177582847393,100.73600769042969,519500,0.0,0.0
2019-10-07 00:00:00-04:00,100.22901017389965,100.62875234621792,99.81950857676733,100.01451110839844,428600,0.0,0.0
2019-10-08 00:00:00-04:00,98.95177142595232,100.56050703810989,98.1230310919882,99.77076721191406,888600,0.0,0.0
2019-10-09 00:00:00-04:00,100.4630040273721,100.74575211438395,97.93777521638255,98.51302337646484,1063600,0.0,0.0
2019-10-10 00:00:00-04:00,98.40577723964869,99.35151907813162,98.11327715648976,98.18152618408203,1146500,0.0,0.0
2019-10-11 00:00:00-04:00,99.47827539229948,100.3167677825538,98.85428209330838,98.92253112792969,877900,0.0,0.0
2019-10-14 00:00:00-04:00,98.61052804108111,99.1077752257683,97.82078820079107,97.93778228759766,494500,0.0,0.0
2019-10-15 00:00:00-04:00,98.43503410222299,99.56602658512607,98.05478842504375,99.24427795410156,1113400,0.0,0.0
2019-10-16 00:00:00-04:00,99.22476237602316,100.86274642408563,99.02976728591953,100.8237533569336,551200,0.0,0.0
2019-10-17 00:00:00-04:00,101.18450404910948,101.99374787858498,100.38501220658537,101.52574920654297,511100,0.0,0.0
2019-10-18 00:00:00-04:00,101.0772541192449,102.19849457956934,101.0772541192449,101.35025024414062,608000,0.0,0.0
2019-10-21 00:00:00-04:00,101.95474171589034,102.86148304884063,101.740242646373,102.40323638916016,566200,0.0,0.0
2019-10-22 00:00:00-04:00,102.7347383391236,103.43672515966901,101.90599057073494,102.61773681640625,549200,0.0,0.0
2019-10-23 00:00:00-04:00,102.44223298780008,103.19297226388213,101.57449219501262,101.7597427368164,808300,0.0,0.0
2019-10-24 00:00:00-04:00,106.07895204952959,111.25614837858875,105.44520684032194,110.8174057006836,2049900,0.0,0.0
2019-10-25 00:00:00-04:00,111.19765312128358,113.07938480665244,110.0081636963186,110.49565887451172,1025500,0.0,0.0
2019-10-28 00:00:00-04:00,110.88565906581674,113.63513163678473,110.88565906581674,112.4358901977539,807400,0.0,0.0
2019-10-29 00:00:00-04:00,111.99714438006356,112.75763566423204,111.38289569778435,112.54313659667969,737700,0.0,0.0
2019-10-30 00:00:00-04:00,112.33839944298951,114.22013128564612,112.27015040988121,113.59613800048828,670700,0.0,0.0
2019-10-31 00:00:00-04:00,113.47913119704826,114.0933724664812,112.46514029613694,113.13788604736328,595200,0.0,0.0
2019-11-01 00:00:00-04:00,114.17137221640245,115.57536074648476,114.07387466594369,115.23411560058594,554800,0.0,0.0
2019-11-04 00:00:00-05:00,115.57534007066673,116.41383224406559,114.50285233031016,115.17559051513672,485200,0.0,0.0
2019-11-05 00:00:00-05:00,115.10736901956017,115.55586372953823,113.69363585633768,114.17137908935547,593300,0.0,0.0
2019-11-06 00:00:00-05:00,113.75212086500957,113.93737140943998,113.14763161659198,113.66437530517578,790900,0.0,0.0
2019-11-07 00:00:00-05:00,114.30786285486852,114.5418658870836,111.86064251128525,112.38713073730469,528600,0.0,0.0
2019-11-08 00:00:00-05:00,112.52364141949523,113.00138461479524,111.92889670268688,112.75763702392578,991800,0.0,0.0
2019-11-11 00:00:00-05:00,112.17264268187358,113.440125673032,112.17264268187358,112.76738739013672,388100,0.0,0.0
2019-11-12 00:00:00-05:00,112.4651279246439,112.71862748163262,111.33414306173015,111.83138275146484,530700,0.0,0.0
2019-11-13 00:00:00-05:00,111.21713202146569,113.98610806263395,111.1098825041812,113.80085754394531,580100,0.0,0.0
2019-11-14 00:00:00-05:00,114.0543700534267,114.61985878147149,113.59612341628075,114.25911712646484,404700,0.0,0.0
2019-11-15 00:00:00-05:00,115.11711103262596,116.28709648436357,115.00010951201776,116.14085388183594,677500,0.0,0.0
2019-11-18 00:00:00-05:00,116.00435258828459,116.5698413256374,115.14635633828495,115.4486083984375,419500,0.0,0.0
2019-11-19 00:00:00-05:00,115.47785266642249,116.40409046920314,114.76610647965865,116.22859191894531,668200,0.0,0.0
2019-11-20 00:00:00-05:00,116.05308949897818,116.42359055860483,114.38585704641436,114.56135559082031,887300,0.0,0.0
2019-11-21 00:00:00-05:00,114.36637280036715,116.04334997990776,113.48887998406987,115.55585479736328,717000,0.0,0.0
2019-11-22 00:00:00-05:00,115.39985561288282,116.52109597581514,114.73686189347303,116.07260131835938,583200,0.0,0.0
2019-11-25 00:00:00-05:00,116.01409163986179,117.03783441199151,114.6588557421803,116.81358337402344,562300,0.0,0.0
2019-11-26 00:00:00-05:00,116.92083659374045,119.2315663143117,116.87209154122354,119.10482025146484,672400,0.0,0.0
2019-11-27 00:00:00-05:00,118.95857127506227,119.30956838608401,118.07132651148349,118.51982116699219,463900,0.0,0.0
2019-11-29 00:00:00-05:00,118.20784428332063,118.51984094088404,116.79411105592735,117.02810668945312,316000,0.0,0.0
2019-12-02 00:00:00-05:00,117.21333258340786,117.69107573752527,116.66734040727368,117.3498306274414,602100,0.0,0.0
2019-12-03 00:00:00-05:00,116.26760555154307,117.28159646323931,116.24810901646215,117.17434692382812,529700,0.0,0.0
2019-12-04 00:00:00-05:00,117.97383629495705,119.75807048038116,117.97383629495705,118.74407958984375,714800,0.0,0.0
2019-12-05 00:00:00-05:00,118.75381499639016,119.34855964182825,118.62706150365354,119.2413101196289,602300,0.0,0.0
2019-12-06 00:00:00-05:00,120.27481161171195,120.7135542990327,119.55332082687418,119.9140625,512400,0.0,0.0
2019-12-09 00:00:00-05:00,119.42658136183324,121.06456565959708,119.05608765872235,120.98656463623047,726600,0.0,0.0
2019-12-10 00:00:00-05:00,121.06456565959708,121.45456333784314,120.61607093311957,120.98656463623047,1142100,0.0,0.0
2019-12-11 00:00:00-05:00,120.86956224171793,122.60504398025061,120.67455969668889,122.54654693603516,566600,0.0,0.0
2019-12-12 00:00:00-05:00,120.83055236180124,122.48803295377782,120.65505380417899,121.35704803466797,978100,0.0,0.0
2019-12-13 00:00:00-05:00,121.22055017752128,121.22055017752128,119.2900660405792,119.93356323242188,557100,0.0,0.0
2019-12-16 00:00:00-05:00,120.52961870740194,120.70550333179132,118.66329445605572,118.87826538085938,726400,0.27,0.0
2019-12-17 00:00:00-05:00,118.89779929721745,120.7738969005191,118.55580350311806,120.70549774169922,717200,0.0,0.0
2019-12-18 00:00:00-05:00,120.70549592203668,121.26246262258762,119.38636504756856,120.7836685180664,484700,0.0,0.0
2019-12-19 00:00:00-05:00,120.705501908346,121.2429292140174,119.35705810722882,120.8520736694336,516000,0.0,0.0
2019-12-20 00:00:00-05:00,121.72171875616006,122.26891202499102,121.2624640676987,121.36017608642578,1065200,0.0,0.0
2019-12-23 00:00:00-05:00,121.57514226122586,121.57514226122586,120.22669856348061,120.59800720214844,458000,0.0,0.0
2019-12-24 00:00:00-05:00,120.5686992284181,121.40903600966969,120.304876031955,121.03772735595703,179500,0.0,0.0
2019-12-26 00:00:00-05:00,121.08657690847018,121.81942821595277,120.70549482497515,121.79011535644531,229100,0.0,0.0
2019-12-27 00:00:00-05:00,122.01486844648248,122.17120619337338,121.38950254901981,121.74126434326172,219500,0.0,0.0
2019-12-30 00:00:00-05:00,121.65331394595141,121.92691056765652,120.66640545627328,121.2820053100586,304100,0.0,0.0
2019-12-31 00:00:00-05:00,121.22337757461771,121.85851687774789,121.02795353747726,121.6924057006836,278900,0.0,0.0
2020-01-02 00:00:00-05:00,121.93670011877965,122.52297973632812,120.62733509980325,122.52297973632812,572400,0.0,0.0
2020-01-03 00:00:00-05:00,120.99864160930561,122.04417587145268,120.0215065061794,121.00840759277344,480500,0.0,0.0
2020-01-06 00:00:00-05:00,119.36682562603566,120.8032079395993,118.11608645440721,120.7836685180664,627400,0.0,0.0
2020-01-07 00:00:00-05:00,120.48074750295513,120.73479723332785,119.26909474523812,119.33749389648438,588400,0.0,0.0
2020-01-08 00:00:00-05:00,119.45476367818549,120.71526882754304,119.06390815471082,119.84561920166016,938700,0.0,0.0
2020-01-09 00:00:00-05:00,120.33418928710077,120.8911559969725,119.42545334415752,120.06059265136719,458500,0.0,0.0
2020-01-10 00:00:00-05:00,120.39282478267317,121.04750356489801,119.73814600044835,120.60779571533203,525300,0.0,0.0
2020-01-13 00:00:00-05:00,121.1647645002104,121.80967730899071,119.57203681193316,121.7999038696289,945600,0.0,0.0
2020-01-14 00:00:00-05:00,121.61423654278106,122.6304579655356,121.05726982073716,121.86829376220703,703100,0.0,0.0
2020-01-15 00:00:00-05:00,121.97577285755199,122.85519591356243,121.00840376846601,122.4545669555664,884100,0.0,0.0
2020-01-16 00:00:00-05:00,123.2460459308577,125.6302653854373,123.1581073513381,125.57162475585938,784700,0.0,0.0
2020-01-17 00:00:00-05:00,125.99180389025167,126.97870498708802,124.77038499866772,125.12215423583984,975700,0.0,0.0
2020-01-21 00:00:00-05:00,124.78015686565787,125.21009872135109,123.75416942132132,124.23296356201172,669000,0.0,0.0
2020-01-22 00:00:00-05:00,124.69219515273875,126.92982769225127,124.62379600246913,126.49011993408203,786300,0.0,0.0
2020-01-23 00:00:00-05:00,125.9722392531217,126.97868708510177,125.63025095763228,126.83212280273438,729200,0.0,0.0
2020-01-24 00:00:00-05:00,127.02756583690643,127.59430599675125,124.88763753453168,125.07329559326172,682100,0.0,0.0
2020-01-27 00:00:00-05:00,123.66622621467224,125.64004345654682,123.51966190137198,124.75084686279297,675300,0.0,0.0
2020-01-28 00:00:00-05:00,125.28826355460339,126.70510646581221,124.63358482762824,126.4803695678711,380800,0.0,0.0
2020-01-29 00:00:00-05:00,127.02757650972424,128.69848426878505,126.26541224345789,127.8288345336914,555200,0.0,0.0
2020-01-30 00:00:00-05:00,127.02754219523355,128.2587268520248,126.42172330362298,127.67245483398438,524200,0.0,0.0
2020-01-31 00:00:00-05:00,127.48681276091668,128.27828977573296,125.75727952601207,126.36311340332031,607400,0.0,0.0
2020-02-03 00:00:00-05:00,127.07642714724848,129.97851968775933,126.96894168612219,129.15771484375,722300,0.0,0.0
2020-02-04 00:00:00-05:00,130.74068872380636,132.3529557902951,130.5647966400643,132.15753173828125,641000,0.0,0.0
2020-02-05 00:00:00-05:00,133.4473731620753,133.91639392456997,129.841741571251,130.2325897216797,765000,0.0,0.0
2020-02-06 00:00:00-05:00,130.5843335403065,130.67227212050844,128.6202973663047,129.38246154785156,649900,0.0,0.0
2020-02-07 00:00:00-05:00,129.34336022571082,131.80574469656227,129.0013719083048,130.9751739501953,782600,0.0,0.0
2020-02-10 00:00:00-05:00,130.6625202780255,133.2812354601041,130.6625202780255,133.26170349121094,631300,0.0,0.0
2020-02-11 00:00:00-05:00,133.70140646867534,134.86419970106616,132.73403728738143,134.73716735839844,460600,0.0,0.0
2020-02-12 00:00:00-05:00,134.63944744326756,135.54819089728878,133.67209317499578,135.40162658691406,604300,0.0,0.0
2020-02-13 00:00:00-05:00,133.3984760298721,134.49286247228338,133.10533254425565,133.70138549804688,808800,0.0,0.0
2020-02-14 00:00:00-05:00,133.62321052515944,136.05628202952406,133.4961782046815,135.7240447998047,748100,0.0,0.0
2020-02-18 00:00:00-05:00,129.90034226500114,131.56146894899868,127.62361569832693,131.28787231445312,1034900,0.0,0.0
2020-02-19 00:00:00-05:00,130.90677287589565,131.6103112457556,127.4086279007298,128.16102600097656,766700,0.0,0.0
2020-02-20 00:00:00-05:00,125.82569658944414,128.94276008245055,123.79325370199953,126.8810043334961,1245900,0.0,0.0
2020-02-21 00:00:00-05:00,126.27516174289968,126.284942635998,124.43815048312935,125.64002990722656,638700,0.0,0.0
2020-02-24 00:00:00-05:00,122.40572245164597,124.96581934327801,122.14189922948823,124.04730987548828,677100,0.0,0.0
2020-02-25 00:00:00-05:00,124.50655714837711,124.76061437093614,120.96933272982584,121.16475677490234,782900,0.0,0.0
2020-02-26 00:00:00-05:00,121.78034192286712,122.90404875203912,119.4645365623025,120.83252716064453,809900,0.0,0.0
2020-02-27 00:00:00-05:00,118.91735704093517,121.43836777719902,115.40944506892295,115.47784423828125,1206900,0.0,0.0
2020-02-28 00:00:00-05:00,112.24350448702968,114.03165594062048,109.40003794837352,112.36075592041016,1246500,0.0,0.0
2020-03-02 00:00:00-05:00,112.7222923185344,118.0965347290039,112.1066999625711,118.0965347290039,912700,0.0,0.0
2020-03-03 00:00:00-05:00,117.99884281574694,121.65332618980584,115.52669207873801,116.6113052368164,848900,0.0,0.0
2020-03-04 00:00:00-05:00,118.88802210066477,121.63377671495063,117.90112104816761,121.50674438476562,772600,0.0,0.0
2020-03-05 00:00:00-05:00,119.46453711638334,121.86828852157134,118.682826069434,119.84561920166016,961500,0.0,0.0
2020-03-06 00:00:00-05:00,116.65038099451117,117.52980404112554,112.88841249755131,117.06078338623047,970100,0.0,0.0
2020-03-09 00:00:00-04:00,109.70295469380015,117.2659857558375,99.78503936591062,112.37053680419922,1126900,0.0,0.0
2020-03-10 00:00:00-04:00,114.86222408117676,115.94684454503422,108.11021754409917,115.68301391601562,1277700,0.0,0.0
2020-03-11 00:00:00-04:00,113.27927789396689,113.96326951491157,110.91461262733004,112.15557098388672,1220100,0.0,0.0
2020-03-12 00:00:00-04:00,105.9116766498848,109.50753424364798,100.74263089291587,101.0260009765625,1598800,0.0,0.0
2020-03-13 00:00:00-04:00,106.71292164668168,110.07426872178088,101.87610596206197,109.25347137451172,1081300,0.0,0.0
2020-03-16 00:00:00-04:00,97.52358916440473,102.34489784957952,92.74148643812902,95.7499008178711,1040000,0.32,0.0
2020-03-17 00:00:00-04:00,97.56279897851022,104.29498774289956,95.11294960700205,100.54181671142578,1290300,0.0,0.0
2020-03-18 00:00:00-04:00,93.39804247263878,99.40507710770348,80.93320935234742,94.74056243896484,1547200,0.0,0.0
2020-03-19 00:00:00-04:00,93.7998215781064,97.4843966409349,91.08538464524068,92.2711181640625,1280900,0.0,0.0
2020-03-20 00:00:00-04:00,94.35840186109573,94.52498982857394,79.97288566059255,81.17820739746094,1202700,0.0,0.0
2020-03-23 00:00:00-04:00,80.61963108768359,81.92295260635062,75.81793282117752,77.02325439453125,1262400,0.0,0.0
2020-03-24 00:00:00-04:00,79.16932822388888,85.37234823801874,78.44417494875769,83.21647644042969,948200,0.0,0.0
2020-03-25 00:00:00-04:00,83.05968225072402,90.32103076941807,80.98220761570985,87.65559387207031,830700,0.0,0.0
2020-03-26 00:00:00-04:00,87.58700680970514,95.47552430555342,87.58700680970514,94.83856201171875,745400,0.0,0.0
2020-03-27 00:00:00-04:00,93.79003154899856,94.46619236153039,88.74334039645485,89.7820816040039,764300,0.0,0.0
2020-03-30 00:00:00-04:00,90.38963542727939,93.81942436182294,89.17451229813241,93.10407257080078,849700,0.0,0.0
2020-03-31 00:00:00-04:00,91.88895165494233,93.71164027903748,89.35091116439159,90.17405700683594,1142700,0.0,0.0
2020-04-01 00:00:00-04:00,86.77366477537875,86.77366477537875,81.23700388898183,82.89309692382812,1061000,0.0,0.0
2020-04-02 00:00:00-04:00,82.4717301508513,85.25475535779259,80.96262208988509,82.72650909423828,1059200,0.0,0.0
2020-04-03 00:00:00-04:00,82.33452299754809,84.14741726273826,80.55103320087954,82.3541259765625,830700,0.0,0.0
2020-04-06 00:00:00-04:00,85.63692749220287,93.22165847376586,85.33314858576661,92.59449768066406,843300,0.0,0.0
2020-04-07 00:00:00-04:00,96.09288154666956,96.85723329224997,89.76247218229138,90.889404296875,1064500,0.0,0.0
2020-04-08 00:00:00-04:00,89.8702644042479,94.45638226529714,89.05691270042563,92.75128936767578,856100,0.0,0.0
2020-04-09 00:00:00-04:00,92.81989118124311,95.84790131782616,92.27112733220852,93.44705200195312,816700,0.0,0.0
2020-04-13 00:00:00-04:00,92.9766853545351,94.61319049942642,90.44844635739875,93.84883117675781,816500,0.0,0.0
2020-04-14 00:00:00-04:00,95.78910053083196,97.12181904936863,94.93655034613174,95.9556884765625,615100,0.0,0.0
2020-04-15 00:00:00-04:00,94.44658402188338,94.9267598498575,91.18339055724228,92.56510162353516,623600,0.0,0.0
2020-04-16 00:00:00-04:00,92.47691006805685,93.5548422181646,90.30144278753508,92.09473419189453,754900,0.0,0.0
2020-04-17 00:00:00-04:00,94.4367901684932,96.27907408546314,93.01587313893039,95.6715087890625,767500,0.0,0.0
2020-04-20 00:00:00-04:00,93.72143096707379,94.3779887623436,91.44797119470125,92.0653305053711,571500,0.0,0.0
2020-04-21 00:00:00-04:00,90.37983588591906,91.09518763319234,88.4493536074662,88.93932342529297,603300,0.0,0.0
2020-04-22 00:00:00-04:00,90.47782733648847,91.29117901925511,89.27249830860029,91.10498809814453,699900,0.0,0.0
2020-04-23 00:00:00-04:00,92.6827020595195,96.31827758426397,90.27205120522856,93.22166442871094,1311100,0.0,0.0
2020-04-24 00:00:00-04:00,92.85908592925992,94.84836227828345,91.49697037570157,94.63277435302734,691500,0.0,0.0
2020-04-27 00:00:00-04:00,95.61271678425177,97.572596195614,95.45593031904305,97.08262634277344,717700,0.0,0.0
2020-04-28 00:00:00-04:00,99.00329841247225,100.96317764851476,98.62112255955164,99.58146667480469,564400,0.0,0.0
2020-04-29 00:00:00-04:00,102.23710771515363,102.50168813684873,99.63046460048984,100.30662536621094,810200,0.0,0.0
2020-04-30 00:00:00-04:00,98.82691887317259,99.54227815551639,96.63185600249106,98.52313995361328,1215200,0.0,0.0
2020-05-01 00:00:00-04:00,96.93563663562756,97.91557636904801,94.83856620421555,95.52452850341797,705900,0.0,0.0
2020-05-04 00:00:00-04:00,94.4465748013352,94.4465748013352,92.50629860382047,92.85907745361328,666600,0.0,0.0
2020-05-05 00:00:00-04:00,93.65282701865873,95.9458895641324,92.98646779341419,94.79935455322266,751900,0.0,0.0
2020-05-06 00:00:00-04:00,95.59311600002287,97.61178928980159,94.85816126135435,96.02428436279297,838900,0.0,0.0
2020-05-07 00:00:00-04:00,97.15120970850806,99.17968434726637,97.15120970850806,98.13114929199219,908800,0.0,0.0
2020-05-08 00:00:00-04:00,99.89505514730487,101.70794209226037,99.48347479236558,100.21842956542969,409900,0.0,0.0
2020-05-11 00:00:00-04:00,99.55206796003752,100.63000758324037,98.01356296987558,99.64026641845703,530400,0.0,0.0
2020-05-12 00:00:00-04:00,100.1400415171775,101.48255413715859,97.67058925728155,97.71958923339844,538700,0.0,0.0
2020-05-13 00:00:00-04:00,96.72004005371201,97.84697214169542,90.8992036413473,91.7811508178711,908700,0.0,0.0
2020-05-14 00:00:00-04:00,90.50722890845326,91.74195499133907,88.02798272890888,91.69295501708984,1442700,0.0,0.0
2020-05-15 00:00:00-04:00,90.91879811081824,92.58469997560798,90.1936448745206,91.07559204101562,766100,0.0,0.0
2020-05-18 00:00:00-04:00,94.2898026608715,95.7499107751678,93.82922978841002,93.95661926269531,726800,0.0,0.0
2020-05-19 00:00:00-04:00,93.65283403113307,95.50491941067581,92.22212300905143,92.35931396484375,712900,0.0,0.0
2020-05-20 00:00:00-04:00,93.83903002037944,95.87729896333674,93.46664814056909,95.3873291015625,814700,0.0,0.0
2020-05-21 00:00:00-04:00,92.08492185700527,93.60382369262206,91.64394456820384,92.11431884765625,972800,0.0,0.0
2020-05-22 00:00:00-04:00,92.47690312719907,92.70228504938058,91.05598621549576,92.39850616455078,497600,0.0,0.0
2020-05-26 00:00:00-04:00,95.01494568379296,96.57305358411375,94.42698340071468,95.68130493164062,746100,0.0,0.0
2020-05-27 00:00:00-04:00,97.60199183912206,98.39574807364872,95.7205094245895,97.04342651367188,853600,0.0,0.0
2020-05-28 00:00:00-04:00,98.62112107175452,99.55206070429219,96.41625696446924,97.90576934814453,645400,0.0,0.0
2020-05-29 00:00:00-04:00,96.83762991298212,98.17034835250215,95.88708731517123,97.6999740600586,917200,0.0,0.0
2020-06-01 00:00:00-04:00,98.36634014522652,99.96364657208693,97.43540046098045,98.63092803955078,480400,0.0,0.0
2020-06-02 00:00:00-04:00,99.33647974292077,99.94403750883276,97.3667990575208,98.0037612915039,664100,0.0,0.0
2020-06-03 00:00:00-04:00,98.86611030135826,103.27583870900615,98.58192690681496,102.932861328125,714800,0.0,0.0
2020-06-04 00:00:00-04:00,101.72753082697106,104.10878443228776,101.13956854291612,103.9617919921875,774900,0.0,0.0
2020-06-05 00:00:00-04:00,107.63657149772591,115.13311158923288,107.0976091563533,113.03604125976562,1535500,0.0,0.0
2020-06-08 00:00:00-04:00,112.63426670426425,114.35895511970129,112.02670142470463,113.22222900390625,707900,0.0,0.0
2020-06-09 00:00:00-04:00,111.29175142934812,111.3603469092939,109.53765846919596,110.03742980957031,612100,0.0,0.0
2020-06-10 00:00:00-04:00,109.64544487855768,110.1648116875495,106.57823652042244,106.83301544189453,663200,0.0,0.0
2020-06-11 00:00:00-04:00,103.14844806620437,103.37382999548466,99.34627749781093,99.52266693115234,734400,0.0,0.0
2020-06-12 00:00:00-04:00,102.79568455886347,102.80548605005418,97.37661876421463,100.35563659667969,732000,0.0,0.0
2020-06-15 00:00:00-04:00,97.45574086604002,101.47626103177281,96.79712508698573,100.90611267089844,540700,0.32,0.0
2020-06-16 00:00:00-04:00,104.8774735676352,104.99543011879369,100.32612664099257,102.75416564941406,472600,0.0,0.0
2020-06-17 00:00:00-04:00,103.75684529707077,104.22868651929323,101.87929012173703,102.47892761230469,481300,0.0,0.0
2020-06-18 00:00:00-04:00,101.72200683717502,103.47176565167034,100.43425700758101,101.24032592773438,563400,0.0,0.0
2020-06-19 00:00:00-04:00,103.20635864834786,103.20635864834786,100.17868941623843,100.99458312988281,969000,0.0,0.0
2020-06-22 00:00:00-04:00,100.48341998895793,101.11254664415989,98.70417187031941,100.95526123046875,709800,0.0,0.0
2020-06-23 00:00:00-04:00,102.45927445196459,103.12772245783133,100.68001884088594,100.91594696044922,466700,0.0,0.0
2020-06-24 00:00:00-04:00,99.87394072190632,100.23765758149356,96.05002758918164,96.1679916381836,560200,0.0,0.0
2020-06-25 00:00:00-04:00,95.43073731406274,96.58085871715934,93.46471474475669,96.3351058959961,716200,0.0,0.0
2020-06-26 00:00:00-04:00,96.04020411239674,96.84627310444328,94.70330810122958,95.40125274658203,837500,0.0,0.0
2020-06-29 00:00:00-04:00,96.46289372831583,98.11435297052084,95.35209368734314,98.09469604492188,515200,0.0,0.0
2020-06-30 00:00:00-04:00,97.70148998903782,100.99457625921163,97.70148998903782,100.48341369628906,805900,0.0,0.0
2020-07-01 00:00:00-04:00,100.54239327230692,101.60404726261467,99.3136291630936,100.15901947021484,804500,0.0,0.0
2020-07-02 00:00:00-04:00,101.6433714823011,102.8229820605203,100.56206053563665,100.65052795410156,453000,0.0,0.0
2020-07-06 00:00:00-04:00,102.62637708777248,103.25550369445862,101.64336582735278,102.20368194580078,397800,0.0,0.0
2020-07-07 00:00:00-04:00,101.3779535815935,102.00708021927386,100.27698571554343,100.3163070678711,514800,0.0,0.0
2020-07-08 00:00:00-04:00,101.15187096219675,101.71218714027621,100.00174946505179,100.74883270263672,700000,0.0,0.0
2020-07-09 00:00:00-04:00,100.80781539224114,101.42710983329664,98.36011176853806,98.82212829589844,473700,0.0,0.0
2020-07-10 00:00:00-04:00,98.56652976680581,100.0115574313968,97.8194466543239,99.78546905517578,436600,0.0,0.0
2020-07-13 00:00:00-04:00,100.28681020455204,101.78099159053778,99.7756476249976,100.02140045166016,499900,0.0,0.0
2020-07-14 00:00:00-04:00,99.8248129548676,102.60672958071052,99.43160688591088,102.46910858154297,548900,0.0,0.0
2020-07-15 00:00:00-04:00,104.15004534815938,105.94895784633215,103.74701461073825,104.98561096191406,722900,0.0,0.0
2020-07-16 00:00:00-04:00,104.90695547417297,106.0865659031313,104.33680718360503,105.58523559570312,586100,0.0,0.0
2020-07-17 00:00:00-04:00,105.70320752849088,105.70320752849088,103.13754734717043,105.03475952148438,750300,0.0,0.0
2020-07-20 00:00:00-04:00,105.18220651770108,106.68621256981167,104.83815407110401,105.70320129394531,635500,0.0,0.0
2020-07-21 00:00:00-04:00,107.22687366967777,108.30818459231696,106.58791482909704,107.95429992675781,774300,0.0,0.0
2020-07-22 00:00:00-04:00,107.49228791319904,110.49047548293436,107.49228791319904,109.70406341552734,1117100,0.0,0.0
2020-07-23 00:00:00-04:00,106.85332324806201,108.13124091331353,100.61120311347692,100.81763458251953,1622500,0.0,0.0
2020-07-24 00:00:00-04:00,101.00440765211228,101.52540242349158,98.69433267535346,99.30379486083984,873700,0.0,0.0
2020-07-27 00:00:00-04:00,99.95258515151565,100.345791155215,98.88109897892942,99.66751098632812,732500,0.0,0.0
2020-07-28 00:00:00-04:00,99.08753771884565,99.46107929663486,96.79711968978009,96.83644104003906,658000,0.0,0.0
2020-07-29 00:00:00-04:00,96.9937284519452,97.94725066482536,96.14833808793485,96.55137634277344,570900,0.0,0.0
2020-07-30 00:00:00-04:00,95.31277910654069,96.2171477439487,93.80877294872965,95.92224884033203,721800,0.0,0.0
2020-07-31 00:00:00-04:00,96.11884255477418,97.81945538316725,94.89991065741404,97.77030181884766,896500,0.0,0.0
2020-08-03 00:00:00-04:00,98.4190888556494,99.19566864159017,97.32794577032078,98.74347686767578,703500,0.0,0.0
2020-08-04 00:00:00-04:00,97.90792794338114,98.36011225971195,96.61035327484623,97.72116088867188,700800,0.0,0.0
2020-08-05 00:00:00-04:00,98.24215218459932,99.31363090675053,97.98656714545696,98.73365783691406,748200,0.0,0.0
2020-08-06 00:00:00-04:00,98.09470533860492,98.97941706999492,96.55137779042852,97.51472473144531,810500,0.0,0.0
2020-08-07 00:00:00-04:00,97.90791814836774,98.40925598144531,96.95439604419728,98.40925598144531,693000,0.0,0.0
2020-08-10 00:00:00-04:00,98.76315648550927,100.65053657217699,98.4780822797446,100.58172607421875,449700,0.0,0.0
2020-08-11 00:00:00-04:00,101.48608865000665,104.40563353001176,100.89628334591443,102.39046478271484,759400,0.0,0.0
2020-08-12 00:00:00-04:00,103.00975351042489,103.22601719320593,101.77115719072128,102.40028381347656,407000,0.0,0.0
2020-08-13 00:00:00-04:00,102.16437422530835,102.90163276898186,100.62104664054307,100.94544219970703,453800,0.0,0.0
2020-08-14 00:00:00-04:00,100.68984777519947,101.11254293425876,99.37260873310129,99.83462524414062,490900,0.0,0.0
2020-08-17 00:00:00-04:00,99.73632357176758,101.13219778946133,99.28413928292795,100.52273559570312,638500,0.0,0.0
2020-08-18 00:00:00-04:00,100.66035907654671,101.08305423745529,98.71399339381443,98.881103515625,959000,0.0,0.0
2020-08-19 00:00:00-04:00,99.05803985924315,99.56920990652286,97.80961887799037,98.99906158447266,565900,0.0,0.0
2020-08-20 00:00:00-04:00,97.96691458127762,98.46824496911819,97.16083807580081,97.65234375,376300,0.0,0.0
2020-08-21 00:00:00-04:00,97.66215982913978,98.86143467602456,97.56386021049582,98.5665283203125,584800,0.0,0.0
2020-08-24 00:00:00-04:00,98.74348838891818,101.24033815029196,98.71399924800055,101.15187072753906,522300,0.0,0.0
2020-08-25 00:00:00-04:00,101.5647188601177,101.87928215024682,99.0482125390846,100.34578704833984,534700,0.0,0.0
2020-08-26 00:00:00-04:00,100.32613904082513,101.29932570684808,99.68718764366346,100.71934509277344,471300,0.0,0.0
2020-08-27 00:00:00-04:00,101.1322069210232,102.13488271706498,100.78815444190359,101.48609161376953,591500,0.0,0.0
2020-08-28 00:00:00-04:00,101.57455382097396,103.08839203936805,100.43425717603532,102.23316955566406,622800,0.0,0.0
2020-08-31 00:00:00-04:00,102.00707888503571,102.61654858847102,101.50574852392286,101.63353729248047,866900,0.0,0.0
2020-09-01 00:00:00-04:00,101.22067049290685,101.25999184322255,98.90076332274528,100.36544799804688,593700,0.0,0.0
2020-09-02 00:00:00-04:00,100.61120253130512,103.62904684661406,100.26715008489157,103.01958465576172,635100,0.0,0.0
2020-09-03 00:00:00-04:00,103.15719639487733,103.55039486997198,98.15366555164988,98.71398162841797,591200,0.0,0.0
2020-09-04 00:00:00-04:00,99.69700004926419,100.31630194205427,97.21981497744602,97.97673034667969,583200,0.0,0.0
2020-09-08 00:00:00-04:00,97.2689636165041,97.52454865045253,95.72563619959008,96.3351058959961,775600,0.0,0.0
2020-09-09 00:00:00-04:00,97.25914241744458,98.34045336967417,96.85610417628034,97.01338958740234,584700,0.0,0.0
2020-09-10 00:00:00-04:00,97.31812907211354,97.66218156382627,94.9785646286852,95.3619384765625,537900,0.0,0.0
2020-09-11 00:00:00-04:00,95.74530214497763,97.20015466948045,95.63717030196689,96.30561828613281,649200,0.0,0.0
2020-09-14 00:00:00-04:00,97.47540630864557,97.76047299227434,96.20732080304165,97.45574188232422,590500,0.0,0.0
2020-09-15 00:00:00-04:00,98.36303882845628,99.77329728599936,97.7614595723253,99.52674865722656,684400,0.32,0.0
2020-09-16 00:00:00-04:00,100.088876903543,103.70821640809585,99.77329496701144,102.39657592773438,885300,0.0,0.0
2020-09-17 00:00:00-04:00,101.06521058277119,103.9744812016861,100.47348789330611,102.54450225830078,1244000,0.0,0.0
2020-09-18 00:00:00-04:00,102.613535904029,104.21116610341672,101.390649364269,101.82457733154297,1464900,0.0,0.0
2020-09-21 00:00:00-04:00,100.01984617441634,100.07902296184102,94.3985404334309,96.42023468017578,984900,0.0,0.0
2020-09-22 00:00:00-04:00,96.31176239591989,97.52477746674259,94.97053721948355,96.86402893066406,845800,0.0,0.0
2020-09-23 00:00:00-04:00,97.6233867162987,97.8304866483722,93.7575062694602,94.0533676147461,781700,0.0,0.0
2020-09-24 00:00:00-04:00,93.68847648653727,95.28611426791912,92.71214604883733,94.30977630615234,716100,0.0,0.0
2020-09-25 00:00:00-04:00,93.96461214456146,96.71609574310516,93.3235842052763,95.89755249023438,637300,0.0,0.0
2020-09-28 00:00:00-04:00,97.5740857164455,99.32951071321703,97.1007090483849,97.8403549194336,614500,0.0,0.0
2020-09-29 00:00:00-04:00,97.6529726457007,99.10267971357628,97.21905219732389,97.8009033203125,482400,0.0,0.0
2020-09-30 00:00:00-04:00,98.56028910508024,100.31571426025819,96.54845125139514,97.54450988769531,1442800,0.0,0.0
2020-10-01 00:00:00-04:00,98.56028211447244,100.27625846170388,96.81471361161144,97.1401596069336,872400,0.0,0.0
2020-10-02 00:00:00-04:00,95.19736298779198,98.31374151745892,94.99026302586869,97.45574951171875,1666000,0.0,0.0
2020-10-05 00:00:00-04:00,98.51096850750483,99.82260900499722,98.16580193555077,99.40840911865234,970900,0.0,0.0
2020-10-06 00:00:00-04:00,99.61551338963446,101.34135384845109,99.05338279829688,99.46758270263672,669600,0.0,0.0
2020-10-07 00:00:00-04:00,100.31570794301919,100.98632051868336,99.32951342139937,100.15791320800781,684100,0.0,0.0
2020-10-08 00:00:00-04:00,101.28217639099364,102.33740424931688,100.64115595834477,102.25851440429688,517500,0.0,0.0
2020-10-09 00:00:00-04:00,103.22497964677582,103.92517686017048,102.47547722132268,102.55436706542969,484700,0.0,0.0
2020-10-12 00:00:00-04:00,103.23484268026607,106.59776208178849,103.23484268026607,106.27232360839844,570200,0.0,0.0
2020-10-13 00:00:00-04:00,105.24668137787705,105.7101940105302,103.34332563523643,103.58987426757812,700300,0.0,0.0
2020-10-14 00:00:00-04:00,103.55042311811621,104.56620225532893,102.48533124598238,103.03760528564453,473100,0.0,0.0
2020-10-15 00:00:00-04:00,101.52872308018763,103.39263012575861,101.51886655229109,103.37290954589844,357200,0.0,0.0
2020-10-16 00:00:00-04:00,103.77724995731458,104.80288561032174,103.48138859936495,103.54055786132812,386500,0.0,0.0
2020-10-19 00:00:00-04:00,103.69835196115658,104.37882104179424,102.31767817256879,102.49519348144531,569500,0.0,0.0
2020-10-20 00:00:00-04:00,103.62932658046995,106.12439762328813,103.24471130247404,103.8462905883789,576800,0.0,0.0
2020-10-21 00:00:00-04:00,103.70822154729663,105.63129789269732,101.73583246521704,102.46561431884766,1155400,0.0,0.0
2020-10-22 00:00:00-04:00,103.55041617871564,104.04351339861428,98.45179273073958,100.56224822998047,1536900,0.0,0.0
2020-10-23 00:00:00-04:00,101.72597065411594,102.57409858002,100.33543270906367,101.4596939086914,764500,0.0,0.0
2020-10-26 00:00:00-04:00,100.20722709220705,100.72004493873732,98.52083534379719,99.4478530883789,715400,0.0,0.0
2020-10-27 00:00:00-04:00,99.4478529675168,99.57606307204392,97.6332586406965,97.8896713256836,683600,0.0,0.0
2020-10-28 00:00:00-04:00,95.64115220112085,97.60367727825654,94.75357558802237,95.02970886230469,994100,0.0,0.0
2020-10-29 00:00:00-04:00,94.45771149419585,97.50505652424016,94.34922949326456,96.75554656982422,776500,0.0,0.0
2020-10-30 00:00:00-04:00,95.76934983471035,97.20919292193523,94.47743742936527,97.1401596069336,912200,0.0,0.0
2020-11-02 00:00:00-05:00,98.51096665436151,100.3847376835211,98.22496935038906,100.10860443115234,901900,0.0,0.0
2020-11-03 00:00:00-05:00,101.39066372390072,103.21512974065958,100.7792278914916,102.64313507080078,726100,0.0,0.0
2020-11-04 00:00:00-05:00,102.8304909577109,103.46166232151036,99.84232300808547,100.1480484008789,814000,0.0,0.0
2020-11-05 00:00:00-05:00,101.4399799813852,103.27430259036679,101.4399799813852,102.69244384765625,741000,0.0,0.0
2020-11-06 00:00:00-05:00,102.56422320775265,103.30386904819316,101.05534689710463,101.4103775024414,749700,0.0,0.0
2020-11-09 00:00:00-05:00,104.78316121673393,113.15595006274889,103.99420264029894,110.32557678222656,1144200,0.0,0.0
2020-11-10 00:00:00-05:00,111.025790527802,114.96070489824267,109.79304727054021,113.56031036376953,971000,0.0,0.0
2020-11-11 00:00:00-05:00,116.70624588377142,116.70624588377142,109.85219756677557,110.80880737304688,980600,0.0,0.0
2020-11-12 00:00:00-05:00,110.079032988044,110.079032988044,106.85417275401848,108.62932586669922,906000,0.0,0.0
2020-11-13 00:00:00-05:00,109.46758691888107,113.34333151345817,109.46758691888107,112.4261703491211,611600,0.0,0.0
2020-11-16 00:00:00-05:00,114.84234792896741,116.74570363835849,113.97449946694915,116.62736511230469,548700,0.0,0.0
2020-11-17 00:00:00-05:00,115.26641463772188,115.51296327167634,112.78120771805057,113.86602020263672,813300,0.0,0.0
2020-11-18 00:00:00-05:00,114.28021576800366,114.81276170003736,112.92913412057393,112.97843933105469,691900,0.0,0.0
2020-11-19 00:00:00-05:00,112.32756178909784,113.07707176077135,110.32558803792581,112.55438232421875,584100,0.0,0.0
2020-11-20 00:00:00-05:00,112.37686902098564,113.08693032015931,110.404479867311,111.43998718261719,490100,0.0,0.0
2020-11-23 00:00:00-05:00,112.2486590695722,113.18554084646803,111.14411850732347,112.58396911621094,780100,0.0,0.0
2020-11-24 00:00:00-05:00,114.3295377711276,116.08496291677127,113.26444582071431,115.17766571044922,668500,0.0,0.0
2020-11-25 00:00:00-05:00,115.08889640335151,115.08889640335151,112.18948965789912,113.61946868896484,547300,0.0,0.0
2020-11-27 00:00:00-05:00,114.01394917347679,115.3748949037776,112.53465739199311,112.70230865478516,326500,0.0,0.0
2020-11-30 00:00:00-05:00,112.22893737442249,112.5741039454235,111.0454994571901,112.46562194824219,956800,0.0,0.0
2020-12-01 00:00:00-05:00,114.29008128735155,114.94097327621775,113.1658201466436,113.41236877441406,734500,0.0,0.0
2020-12-02 00:00:00-05:00,112.80091864856729,114.36897173889268,110.98632446944511,111.97251892089844,553900,0.0,0.0
2020-12-03 00:00:00-05:00,112.40644827886031,113.75752987867551,111.9330716257129,112.1993408203125,575600,0.0,0.0
2020-12-04 00:00:00-05:00,112.7121687246546,114.42814502381206,112.29796884624879,112.9587173461914,840300,0.0,0.0
2020-12-07 00:00:00-05:00,113.13623127935796,113.13623127935796,110.29598637837766,110.66088104248047,654200,0.0,0.0
2020-12-08 00:00:00-05:00,110.0198581548652,112.00211124520706,108.55043042798778,111.5583267211914,693300,0.0,0.0
2020-12-09 00:00:00-05:00,112.29797460034708,113.75753830115494,109.60566020462275,109.82262420654297,1154200,0.0,0.0
2020-12-10 00:00:00-05:00,108.99421116620204,110.96660013610416,107.46561422896798,109.12242126464844,674700,0.0,0.0
2020-12-11 00:00:00-05:00,108.24472266746257,108.96464052039613,107.35714601227865,108.06720733642578,518700,0.0,0.0
2020-12-14 00:00:00-05:00,108.63918704586872,109.40841753300177,107.317682536023,108.17567443847656,822500,0.0,0.0
2020-12-15 00:00:00-05:00,108.7889063556707,111.36051282916456,108.42295158762333,110.48023223876953,562500,0.32,0.0
2020-12-16 00:00:00-05:00,110.50990596727775,110.94509601328687,109.54060429746241,109.98568725585938,674700,0.0,0.0
2020-12-17 00:00:00-05:00,110.82640163313107,111.65722509567416,109.86699295894643,111.5879898071289,1232900,0.0,0.0
2020-12-18 00:00:00-05:00,112.37927296282264,113.12108296708838,111.3605142182558,112.50785064697266,1351200,0.0,0.0
2020-12-21 00:00:00-05:00,110.52967512470397,112.37925719237302,109.61972345822659,111.55831909179688,595000,0.0,0.0
2020-12-22 00:00:00-05:00,111.37040272582747,112.71555208404025,110.86596982997736,111.1626968383789,479900,0.0,0.0
2020-12-23 00:00:00-05:00,111.5484266536111,112.20122299064597,110.4802185817798,111.52864837646484,564900,0.0,0.0
2020-12-24 00:00:00-05:00,111.80560061523072,111.98363531151617,110.93521295899146,111.79570770263672,138800,0.0,0.0
2020-12-28 00:00:00-05:00,112.2506733703385,114.18926902791706,112.2506733703385,113.26942443847656,428500,0.0,0.0
2020-12-29 00:00:00-05:00,113.93212383594752,113.93212383594752,111.45942391795981,112.30014038085938,324000,0.0,0.0
2020-12-30 00:00:00-05:00,112.2309113886784,113.99147262179817,112.19134728223864,113.68486022949219,390300,0.0,0.0
2020-12-31 00:00:00-05:00,113.95190148581152,115.37617904545407,112.79467974164258,115.10912322998047,375900,0.0,0.0
2021-01-04 00:00:00-05:00,115.14868358925351,115.52453879198121,112.4682778856538,113.22987365722656,770800,0.0,0.0
2021-01-05 00:00:00-05:00,112.90347456002557,114.62447151070948,112.55729809668124,113.44746398925781,686400,0.0,0.0
2021-01-06 00:00:00-05:00,114.54534885673738,118.98632335311393,114.54534885673738,116.02896881103516,942800,0.0,0.0
2021-01-07 00:00:00-05:00,117.16641044087524,119.68856734191225,116.52350696158334,119.0852279663086,839500,0.0,0.0
2021-01-08 00:00:00-05:00,119.03576216053399,120.00506376411944,116.80043951673291,118.66980743408203,530100,0.0,0.0
2021-01-11 00:00:00-05:00,117.2158660186581,119.66878004858025,117.11695953369176,119.0159912109375,509100,0.0,0.0
2021-01-12 00:00:00-05:00,118.95663288036235,119.9753914871889,117.96755300840228,118.57089233398438,684500,0.0,0.0
2021-01-13 00:00:00-05:00,118.12582584032978,118.71927233683306,115.69268992240922,115.73225402832031,435600,0.0,0.0
2021-01-14 00:00:00-05:00,116.07842391987228,116.40482211551205,114.4365475753192,115.01021575927734,556600,0.0,0.0
2021-01-15 00:00:00-05:00,114.04091742411049,114.28818740330753,111.8253729773267,113.16063690185547,504300,0.0,0.0
2021-01-19 00:00:00-05:00,113.67496575274407,115.15858576645982,113.35846045166132,113.45736694335938,377800,0.0,0.0
2021-01-20 00:00:00-05:00,113.79364827878723,113.81342655699233,111.93417319210751,112.94303894042969,718300,0.0,0.0
2021-01-21 00:00:00-05:00,112.92325778472451,114.73327593160153,112.50784601051443,113.78376007080078,928100,0.0,0.0
2021-01-22 00:00:00-05:00,113.00238004739747,113.21008592357414,111.04399849960463,112.36936950683594,582000,0.0,0.0
2021-01-25 00:00:00-05:00,111.56822019447414,111.68690495772272,109.90656559426432,110.865966796875,615800,0.0,0.0
2021-01-26 00:00:00-05:00,111.53854159320653,112.30013737335602,109.31311172661671,110.04503631591797,551700,0.0,0.0
2021-01-27 00:00:00-05:00,108.74933547939663,112.4386069451648,106.98877440822356,110.9253158569336,855400,0.0,0.0
2021-01-28 00:00:00-05:00,111.92429422000241,113.58594134307113,108.90759726092347,109.2735595703125,1184700,0.0,0.0
2021-01-29 00:00:00-05:00,107.99764048229399,108.17567517237937,105.44581243976394,105.84144592285156,772500,0.0,0.0
2021-02-01 00:00:00-05:00,106.90965136493026,109.57027892460333,106.90965136493026,109.11530303955078,565800,0.0,0.0
2021-02-02 00:00:00-05:00,109.57027012634488,110.89564111644862,108.66031842930695,109.67906951904297,648400,0.0,0.0
2021-02-03 00:00:00-05:00,109.26366468336019,110.65826350676049,108.81857417251062,110.21318054199219,425400,0.0,0.0
2021-02-04 00:00:00-05:00,110.34175654972418,112.06276109188592,109.807652472441,110.64837646484375,428300,0.0,0.0
2021-02-05 00:00:00-05:00,111.12313150675199,113.21998372929451,111.12313150675199,112.54740905761719,1395700,0.0,0.0
2021-02-08 00:00:00-05:00,113.6057276628929,115.91028583863947,112.48806999660826,115.75202941894531,682100,0.0,0.0
2021-02-09 00:00:00-05:00,115.28715526977729,116.04875104857756,114.76294410950443,115.4454116821289,447500,0.0,0.0
2021-02-10 00:00:00-05:00,116.39492955443308,117.27521011181732,114.70360373475948,116.62242126464844,448100,0.0,0.0
2021-02-11 00:00:00-05:00,116.84000926266832,118.18515856940898,116.5136186212135,117.80931091308594,522300,0.0,0.0
2021-02-12 00:00:00-05:00,117.14663210558003,119.2929337935843,116.0784239447561,116.96859741210938,668800,0.0,0.0
2021-02-16 00:00:00-05:00,115.66301545940604,116.48394610908632,108.38338619137288,108.61087036132812,1336300,0.0,0.0
2021-02-17 00:00:00-05:00,107.7009112960048,109.0460605835335,107.06790075435376,108.10643768310547,838700,0.0,0.0
2021-02-18 00:00:00-05:00,107.68113292501931,108.99660347526661,106.88986597559821,107.12724304199219,713700,0.0,0.0
2021-02-19 00:00:00-05:00,107.17669617614709,108.13610486511179,106.40521507873484,107.86904907226562,914000,0.0,0.0
2021-02-22 00:00:00-05:00,107.2360370959835,108.06686810610951,105.35678384425329,107.79981231689453,620500,0.0,0.0
2021-02-23 00:00:00-05:00,107.82949680536127,108.42295083411216,105.68319504576742,107.60201263427734,496200,0.0,0.0
2021-02-24 00:00:00-05:00,107.43386256769135,109.59005707387452,106.83052321875381,108.1361083984375,569800,0.0,0.0
2021-02-25 00:00:00-05:00,107.67125120324535,108.78890890533592,105.89090415505699,106.41511535644531,574300,0.0,0.0
2021-02-26 00:00:00-05:00,106.42499510321481,108.34381251264574,105.75242047333764,107.59210968017578,1288600,0.0,0.0
2021-03-01 00:00:00-05:00,108.5515292701695,111.8154962666573,106.82063928180689,110.48023223876953,928200,0.0,0.0
2021-03-02 00:00:00-05:00,111.16268563582568,112.80456183697797,109.78786522453818,111.55831909179688,763400,0.0,0.0
2021-03-03 00:00:00-05:00,110.91542294471323,112.32980754898391,110.2527412014885,110.9253158569336,894800,0.0,0.0
2021-03-04 00:00:00-05:00,110.35164921538677,110.40110623109324,106.57336412549552,109.19442749023438,1101500,0.0,0.0
2021-03-05 00:00:00-05:00,110.40110710496911,112.62653699991496,109.47136953411243,112.07264709472656,1082800,0.0,0.0
2021-03-08 00:00:00-05:00,113.04195306387433,118.2247301032134,112.25068605273306,115.21792602539062,1233900,0.0,0.0
2021-03-09 00:00:00-05:00,115.00031812229595,115.86082036288126,112.94303763902766,113.1903076171875,721900,0.0,0.0
2021-03-10 00:00:00-05:00,113.12107444619105,115.19814079246285,112.68587686172383,114.6838150024414,636700,0.0,0.0
2021-03-11 00:00:00-05:00,115.05967217278565,115.28715633504173,113.41779583683136,113.74419403076172,527700,0.0,0.0
2021-03-12 00:00:00-05:00,115.0201134262514,116.01908633325456,114.33764581553578,116.00919342041016,437700,0.0,0.0
2021-03-15 00:00:00-04:00,115.24758475053652,116.8696827025096,115.14867827136369,116.84000396728516,1375100,0.0,0.0
2021-03-16 00:00:00-04:00,117.96109099864644,121.77076426723589,117.58408687765306,120.37190246582031,859800,0.36,0.0
2021-03-17 00:00:00-04:00,120.23300166441676,122.58428164732817,120.07426150280969,121.59217834472656,1109500,0.0,0.0
2021-03-18 00:00:00-04:00,120.9373993249477,122.44539307961617,120.57031836223567,121.01676940917969,678400,0.0,0.0
2021-03-19 00:00:00-04:00,120.77866560205157,120.77866560205157,118.77462006770553,118.97303771972656,1024600,0.0,0.0
2021-03-22 00:00:00-04:00,118.4372976576469,119.98498406280764,117.29638483677232,119.49884796142578,719400,0.0,0.0
2021-03-23 00:00:00-04:00,118.4373005038518,120.11395766258987,118.08014267632004,118.34801483154297,612300,0.0,0.0
2021-03-24 00:00:00-04:00,119.47900195213249,122.33625676066272,118.90358021561153,120.68936920166016,1272800,0.0,0.0
2021-03-25 00:00:00-04:00,121.07628976033028,122.70333859528793,119.56828847920275,122.50492095947266,718400,0.0,0.0
2021-03-26 00:00:00-04:00,123.57639097076284,125.81854666324509,122.77278967863005,125.74909973144531,471000,0.0,0.0
2021-03-29 00:00:00-04:00,125.73918067387662,127.39599907645844,124.70739224699774,125.2828140258789,812800,0.0,0.0
2021-03-30 00:00:00-04:00,124.83636537523638,125.30265515716994,123.45734233500399,124.30062866210938,578300,0.0,0.0
2021-03-31 00:00:00-04:00,123.76488863070226,125.64988644431804,123.11009680916462,124.62802124023438,592900,0.0,0.0
2021-04-01 00:00:00-04:00,124.85620542413577,126.9892291462818,123.63592253903104,126.74120330810547,735800,0.0,0.0
2021-04-05 00:00:00-04:00,127.93173085333035,129.03296623674433,127.43567915158165,129.00320434570312,631400,0.0,0.0
2021-04-06 00:00:00-04:00,132.57477865794482,133.37837996843055,129.97545752508086,130.4615936279297,1515400,0.0,0.0
2021-04-07 00:00:00-04:00,129.71752442759504,130.88819921723203,128.66589720617955,130.3227081298828,534700,0.0,0.0
2021-04-08 00:00:00-04:00,130.19371565563537,130.49134968206235,128.51705860711579,129.8167266845703,544400,0.0,0.0
2021-04-09 00:00:00-04:00,130.72945552948008,131.73147440847637,129.64805143192754,130.65008544921875,558500,0.0,0.0
2021-04-12 00:00:00-04:00,131.11638436577292,131.38424137477878,129.85640885336375,130.5707244873047,478000,0.0,0.0
2021-04-13 00:00:00-04:00,129.6381486220445,129.7869732140588,127.92181398988015,128.3186492919922,490900,0.0,0.0
2021-04-14 00:00:00-04:00,128.34839247214862,130.1837895380201,128.28886869933882,129.21153259277344,310900,0.0,0.0
2021-04-15 00:00:00-04:00,129.0726399259721,129.82663295229452,128.45752561194882,129.49923706054688,559400,0.0,0.0
2021-04-16 00:00:00-04:00,130.95763686879678,132.07871845291288,130.51119340713035,131.95965576171875,636100,0.0,0.0
2021-04-19 00:00:00-04:00,132.16800817610033,132.3168176217936,130.85842450081702,131.29495239257812,488300,0.0,0.0
2021-04-20 00:00:00-04:00,131.6521090848705,132.24737713919032,130.51119630876886,131.40408325195312,675600,0.0,0.0
2021-04-21 00:00:00-04:00,131.6421966954437,133.76529727119828,131.5231491370094,132.03903198242188,700600,0.0,0.0
2021-04-22 00:00:00-04:00,133.59662695081317,138.62658254407432,133.59662695081317,134.42007446289062,1119300,0.0,0.0
2021-04-23 00:00:00-04:00,133.71570589122666,137.73372801492624,133.23950045930823,137.2575225830078,938100,0.0,0.0
2021-04-26 00:00:00-04:00,138.1603132925979,139.1028236281759,134.57881943229074,135.17408752441406,932800,0.0,0.0
2021-04-27 00:00:00-04:00,135.2137576498772,137.5352909723353,133.9339510011606,136.56301879882812,817100,0.0,0.0
2021-04-28 00:00:00-04:00,136.7416031208698,136.7416031208698,134.9062059140396,135.42210388183594,519000,0.0,0.0
2021-04-29 00:00:00-04:00,136.18603703032966,137.13844781040493,135.6602234429702,136.1364288330078,840300,0.0,0.0
2021-04-30 00:00:00-04:00,135.20383789013266,135.45186371765908,132.87238905606637,133.31884765625,893200,0.0,0.0
2021-05-03 00:00:00-04:00,134.73754211958442,136.04712569695215,134.112512217814,134.99549865722656,985500,0.0,0.0
2021-05-04 00:00:00-04:00,134.56889354149402,136.68207845455686,134.54904723639754,136.32492065429688,917600,0.0,0.0
2021-05-05 00:00:00-04:00,136.63246264381496,136.63246264381496,133.7156766273494,135.16415405273438,917200,0.0,0.0
2021-05-06 00:00:00-04:00,135.57091499482087,139.1921012591594,135.23360349330966,139.05320739746094,799100,0.0,0.0
2021-05-07 00:00:00-04:00,139.00360056815455,141.07709293040915,138.79525220441278,140.1345977783203,674800,0.0,0.0
2021-05-10 00:00:00-04:00,140.83899433789284,143.6168715305513,140.83899433789284,141.42433166503906,872700,0.0,0.0
2021-05-11 00:00:00-04:00,140.53144164817036,140.90844578735874,137.97182817795468,138.63653564453125,605100,0.0,0.0
2021-05-12 00:00:00-04:00,138.4480150742019,138.54721631873966,133.85457206602433,134.32086181640625,796200,0.0,0.0
2021-05-13 00:00:00-04:00,134.7276416246662,138.88455719643616,134.51929325464528,138.1107177734375,660200,0.0,0.0
2021-05-14 00:00:00-04:00,138.48769476697007,140.31316118934416,138.39840910396472,139.14248657226562,500500,0.0,0.0
2021-05-17 00:00:00-04:00,138.42818434715562,139.17226188724493,137.52536663198944,137.83291625976562,360900,0.0,0.0
2021-05-18 00:00:00-04:00,137.882532702027,138.2992143327987,136.02730410205126,136.10667419433594,506500,0.0,0.0
2021-05-19 00:00:00-04:00,134.4597672679102,136.90034819614235,134.32087340294063,136.5729522705078,549200,0.0,0.0
2021-05-20 00:00:00-04:00,137.14838131954772,137.58489410527878,136.10666970780818,136.54319763183594,427500,0.0,0.0
2021-05-21 00:00:00-04:00,137.14836434370974,138.3884934569722,135.87847334279257,136.4241180419922,471900,0.0,0.0
2021-05-24 00:00:00-04:00,136.9102749518825,137.80316199407594,136.24556746255237,137.63450622558594,660100,0.0,0.0
2021-05-25 00:00:00-04:00,137.70394452701586,139.0234437657593,137.15828467064895,138.14047241210938,640100,0.0,0.0
2021-05-26 00:00:00-04:00,137.87260062853713,138.82501134545578,137.54520471387906,137.97181701660156,410600,0.0,0.0
2021-05-27 00:00:00-04:00,138.81510239556195,139.4103704758039,137.91228469123692,139.0730438232422,813300,0.0,0.0
2021-05-28 00:00:00-04:00,139.04327060028731,140.1147439744143,139.01350871253058,139.37066650390625,450700,0.0,0.0
2021-06-01 00:00:00-04:00,140.5413776950238,141.7219832170637,138.09088097405797,138.25953674316406,630000,0.0,0.0
2021-06-02 00:00:00-04:00,138.41826367785146,138.41826367785146,136.73169100993636,137.24757385253906,692000,0.0,0.0
2021-06-03 00:00:00-04:00,136.37451795040622,137.3963830759369,135.89829749591678,136.85072326660156,718400,0.0,0.0
2021-06-04 00:00:00-04:00,137.84285085321338,138.3091406691613,137.07892698521192,137.7337188720703,432400,0.0,0.0
2021-06-07 00:00:00-04:00,138.09086847671753,138.09086847671753,136.6027134434401,136.91026306152344,388600,0.0,0.0
2021-06-08 00:00:00-04:00,137.0789114513498,138.54722009991502,136.20585570114048,137.90235900878906,574700,0.0,0.0
2021-06-09 00:00:00-04:00,137.77338160588747,138.24960209353563,136.969780348137,136.99954223632812,570100,0.0,0.0
2021-06-10 00:00:00-04:00,137.73370396341213,138.5273896368786,136.3546809718534,137.56504821777344,791900,0.0,0.0
2021-06-11 00:00:00-04:00,138.11071874245616,138.51746962477617,136.8011350092417,137.604736328125,601600,0.0,0.0
2021-06-14 00:00:00-04:00,137.62456993816878,137.62456993816878,135.97767483952967,137.21780395507812,609800,0.0,0.0
2021-06-15 00:00:00-04:00,137.32724071930863,138.02352241649785,136.2330881030978,137.76490783691406,724900,0.36,0.0
2021-06-16 00:00:00-04:00,137.99366972716504,138.62033078391352,137.06861309844228,138.3915557861328,878300,0.0,0.0
2021-06-17 00:00:00-04:00,138.08321983706287,138.47114930411274,134.1442308673384,135.835205078125,662500,0.0,0.0
2021-06-18 00:00:00-04:00,133.96517281143628,134.9499238077871,133.08985377026016,133.93533325195312,885700,0.0,0.0
2021-06-21 00:00:00-04:00,135.31795891556314,137.34714008354894,135.24833833410435,137.03878784179688,1017300,0.0,0.0
2021-06-22 00:00:00-04:00,137.42670219484216,138.32191926136613,136.30269495401447,137.95388793945312,589600,0.0,0.0
2021-06-23 00:00:00-04:00,138.30203902678457,138.5109311307807,136.9691547145902,137.41676330566406,910500,0.0,0.0
2021-06-24 00:00:00-04:00,138.52084604285236,138.52084604285236,136.50162186170851,137.9837188720703,621500,0.0,0.0
2021-06-25 00:00:00-04:00,138.51090797318673,139.47576075462075,137.46647798343022,138.113037109375,785200,0.0,0.0
2021-06-28 00:00:00-04:00,138.5706017792889,139.02816698121404,137.3570757848376,138.5904998779297,401300,0.0,0.0
2021-06-29 00:00:00-04:00,139.32656704950034,140.22178410815604,138.36171423985087,138.45123291015625,395200,0.0,0.0
2021-06-30 00:00:00-04:00,137.89421160307754,138.83916634295454,137.89421160307754,138.56065368652344,509800,0.0,0.0
2021-07-01 00:00:00-04:00,139.43596557858584,140.172043377587,139.03809471187208,139.4658203125,430100,0.0,0.0
2021-07-02 00:00:00-04:00,139.3961977270822,139.9830626231365,138.60044074070578,139.29672241210938,362400,0.0,0.0
2021-07-06 00:00:00-04:00,138.6999038277725,139.7841148475018,135.95454322569734,137.82456970214844,379700,0.0,0.0
2021-07-07 00:00:00-04:00,137.0487086574886,139.3762850779592,137.0487086574886,139.27682495117188,516500,0.0,0.0
2021-07-08 00:00:00-04:00,137.4863970632834,137.92406418695387,136.06397891135435,136.7901153564453,441000,0.0,0.0
2021-07-09 00:00:00-04:00,138.74964345319424,139.31661020876865,137.35706503556045,137.53611755371094,853400,0.0,0.0
2021-07-12 00:00:00-04:00,137.22777785648734,137.8743218815237,136.55137909420398,137.3869171142578,506900,0.0,0.0
2021-07-13 00:00:00-04:00,136.8895525824185,137.21780287021997,133.30866932765753,133.32855224609375,780200,0.0,0.0
2021-07-14 00:00:00-04:00,133.8259067939748,135.8351896613737,133.30867768181372,135.1488494873047,758500,0.0,0.0
2021-07-15 00:00:00-04:00,134.3829378519358,136.79009143333533,134.3133021045291,136.59115600585938,1088400,0.0,0.0
2021-07-16 00:00:00-04:00,137.45655559800187,138.17273539448297,137.1780429191262,137.76490783691406,1083200,0.0,0.0
2021-07-19 00:00:00-04:00,135.27816308031055,136.2032197042652,133.99501659403128,135.1886444091797,1012800,0.0,0.0
2021-07-20 00:00:00-04:00,135.93466742360906,141.49499431317315,135.74567343860895,140.5997772216797,1070500,0.0,0.0
2021-07-21 00:00:00-04:00,139.7542810858583,140.58981905252492,137.21781245051912,139.7244415283203,1212500,0.0,0.0
2021-07-22 00:00:00-04:00,138.6501675863313,139.24698907402433,134.01489754161125,135.24832153320312,1260700,0.0,0.0
2021-07-23 00:00:00-04:00,137.13823953370562,138.89884937260572,136.36238065781103,138.4412841796875,710200,0.0,0.0
2021-07-26 00:00:00-04:00,138.28214411888277,139.386253309326,137.21781594690336,137.31729125976562,1442400,0.0,0.0
2021-07-27 00:00:00-04:00,136.20323180403435,137.88426449656697,134.52221428930423,135.97445678710938,676900,0.0,0.0
2021-07-28 00:00:00-04:00,136.08385668022433,136.78013828303912,134.82059315795996,134.87033081054688,702900,0.0,0.0
2021-07-29 00:00:00-04:00,135.9048300441011,137.09845791115833,134.59182876587684,134.78082275390625,576900,0.0,0.0
2021-07-30 00:00:00-04:00,134.57192497825753,136.34249137252831,134.57192497825753,135.87498474121094,571800,0.0,0.0
2021-08-02 00:00:00-04:00,136.32259439401142,137.83453106893148,134.97975360319802,135.1488494873047,747500,0.0,0.0
2021-08-03 00:00:00-04:00,135.75562469224448,137.16808618492985,134.5619967582092,137.0785675048828,424600,0.0,0.0
2021-08-04 00:00:00-04:00,136.0042834845463,137.0487135084854,134.72113700562755,134.7509765625,564000,0.0,0.0
2021-08-05 00:00:00-04:00,135.58652283307097,136.63095292111905,134.34315729439518,136.57127380371094,612400,0.0,0.0
2021-08-06 00:00:00-04:00,137.50627910312326,138.32191895650055,136.41211142173788,136.8099822998047,487400,0.0,0.0
2021-08-09 00:00:00-04:00,136.2032124590096,136.69061716113012,134.56197619771035,135.63624572753906,439600,0.0,0.0
2021-08-10 00:00:00-04:00,135.4870592129437,137.28745003820535,135.42736491926848,135.755615234375,447400,0.0,0.0
2021-08-11 00:00:00-04:00,135.92471126528676,137.07855809939883,135.48705935581816,136.44195556640625,364300,0.0,0.0
2021-08-12 00:00:00-04:00,136.6110614519196,137.27750359165344,136.0739341913798,136.37234497070312,346000,0.0,0.0
2021-08-13 00:00:00-04:00,136.16344567693977,137.5062865240374,136.09382509953133,137.27749633789062,370300,0.0,0.0
2021-08-16 00:00:00-04:00,137.3570699871708,139.5155506756236,136.13360258394118,139.2270965576172,427000,0.0,0.0
2021-08-17 00:00:00-04:00,138.64022772083464,139.4061299195594,137.38690561782857,139.34645080566406,903800,0.0,0.0
2021-08-18 00:00:00-04:00,138.938620005886,141.50492808732645,138.938620005886,139.21714782714844,822000,0.0,0.0
2021-08-19 00:00:00-04:00,137.77485343953012,140.00297011532126,137.61571417381893,139.4757843017578,431800,0.0,0.0
2021-08-20 00:00:00-04:00,139.5652961215703,139.80402777510238,137.74500710511938,137.844482421875,657500,0.0,0.0
2021-08-23 00:00:00-04:00,138.60043396172514,138.98836338666214,137.92405042195864,138.3517608642578,1083600,0.0,0.0
2021-08-24 00:00:00-04:00,138.80932102091302,139.7542757215484,138.33187294083004,139.65480041503906,546000,0.0,0.0
2021-08-25 00:00:00-04:00,140.07259072461784,141.0871660422197,139.26687713315545,140.39088439941406,395200,0.0,0.0
2021-08-26 00:00:00-04:00,140.41078826415722,140.4505692834651,138.7396970749865,139.29672241210938,589900,0.0,0.0
2021-08-27 00:00:00-04:00,140.1720469942771,141.40547099739535,140.1720469942771,140.73902893066406,355200,0.0,0.0
2021-08-30 00:00:00-04:00,141.1866384552507,143.08650453846963,140.4207210749842,142.32058715820312,658500,0.0,0.0
2021-08-31 00:00:00-04:00,142.24101806924983,143.97178836850676,142.14154275472393,143.22576904296875,1046700,0.0,0.0
2021-09-01 00:00:00-04:00,144.08120189674676,144.51885380851365,143.05666992698474,143.7827911376953,529800,0.0,0.0
2021-09-02 00:00:00-04:00,144.35971710203555,147.0752231838794,144.12098545502656,146.926025390625,575100,0.0,0.0
2021-09-03 00:00:00-04:00,146.49830113249573,147.91076257387226,146.02085301178585,147.3437957763672,1141500,0.0,0.0
2021-09-07 00:00:00-04:00,146.99564374704954,147.244316850584,141.89286680562645,142.3902130126953,1496500,0.0,0.0
2021-09-08 00:00:00-04:00,141.9227113050947,144.26024463082405,140.52020648745935,144.08120727539062,844700,0.0,0.0
2021-09-09 00:00:00-04:00,144.2701844762274,144.84710791139148,142.1017622475299,142.51953125,1017300,0.0,0.0
2021-09-10 00:00:00-04:00,146.70719667407647,147.54273469942515,143.63358543158267,143.79273986816406,1018300,0.0,0.0
2021-09-13 00:00:00-04:00,144.93663687660552,144.93663687660552,140.90812960452465,141.514892578125,857100,0.0,0.0
2021-09-14 00:00:00-04:00,141.7536145733313,141.7536145733313,138.28214766141198,138.81927490234375,1120800,0.0,0.0
2021-09-15 00:00:00-04:00,138.2508311045887,142.08032447870153,138.15109853270968,140.8237762451172,998100,0.36,0.0
2021-09-16 00:00:00-04:00,141.2127120764261,141.9107944439808,140.46476342182015,140.8137969970703,602100,0.0,0.0
2021-09-17 00:00:00-04:00,140.82378363260094,141.58169948065762,137.74222351770922,138.0613555908203,1796700,0.0,0.0
2021-09-20 00:00:00-04:00,135.70780204684647,137.51284898307352,135.1892200662388,136.8845672607422,559600,0.0,0.0
2021-09-21 00:00:00-04:00,137.5527400514907,137.5527400514907,134.36149542189239,134.93991088867188,569100,0.0,0.0
2021-09-22 00:00:00-04:00,135.98704210650297,137.07405719328213,135.35876035127524,135.99700927734375,501400,0.0,0.0
2021-09-23 00:00:00-04:00,136.69509642643655,139.16830892369163,136.69509642643655,138.2408447265625,523100,0.0,0.0
2021-09-24 00:00:00-04:00,137.93170362325736,139.1184512695326,136.7649055354304,136.96435546875,409100,0.0,0.0
2021-09-27 00:00:00-04:00,136.62527896140804,137.79207696298826,136.29617974808235,136.5155792236328,539000,0.0,0.0
2021-09-28 00:00:00-04:00,135.6379923711862,137.1937383837521,133.51382850057095,134.2218780517578,509200,0.0,0.0
2021-09-29 00:00:00-04:00,134.6407263704804,135.76764055768422,134.29169279167658,134.85015869140625,484900,0.0,0.0
2021-09-30 00:00:00-04:00,135.707808397508,136.23635757316885,131.70878165672084,131.81846618652344,916300,0.0,0.0
2021-10-01 00:00:00-04:00,131.99798152776648,133.06504704783418,128.9663029558633,132.10768127441406,1031100,0.0,0.0
2021-10-04 00:00:00-04:00,131.230081149808,132.6761121740524,128.8366515384417,129.90371704101562,1058100,0.0,0.0
2021-10-05 00:00:00-04:00,129.7441636143731,131.83841067789822,129.07598277107147,129.3352813720703,952100,0.0,0.0
2021-10-06 00:00:00-04:00,127.3806383207716,129.21560953901053,126.79224812278065,128.96629333496094,727200,0.0,0.0
2021-10-07 00:00:00-04:00,130.13309042287338,132.44673686721143,129.44497526983795,131.18020629882812,694800,0.0,0.0
2021-10-08 00:00:00-04:00,130.98076961158253,131.74866785296572,129.9934870897162,131.09046936035156,655100,0.0,0.0
2021-10-11 00:00:00-04:00,130.61178292733675,131.6190149808996,128.71698573669846,128.7469024658203,510500,0.0,0.0
2021-10-12 00:00:00-04:00,129.04605983575945,130.24278977684492,127.63992041544805,128.0089111328125,534000,0.0,0.0
2021-10-13 00:00:00-04:00,128.3479833278344,129.69429696400474,127.51028450477705,128.5673828125,590700,0.0,0.0
2021-10-14 00:00:00-04:00,129.73417520636858,132.22733722609453,128.3679272890158,131.9979705810547,472200,0.0,0.0
2021-10-15 00:00:00-04:00,133.18473184660994,134.1221632972504,132.67611700331716,133.7332305908203,519900,0.0,0.0
2021-10-18 00:00:00-04:00,132.49661435942784,134.77037709924923,132.2772148654929,134.4612274169922,421800,0.0,0.0
2021-10-19 00:00:00-04:00,135.47843083093198,135.47843083093198,133.32433518437998,134.3515167236328,707400,0.0,0.0
2021-10-20 00:00:00-04:00,134.88007807682848,137.26354058536344,134.70057769854654,136.4757080078125,625400,0.0,0.0
2021-10-21 00:00:00-04:00,129.98349787558416,133.87283995010034,128.84661654670649,131.1602783203125,1246300,0.0,0.0
2021-10-22 00:00:00-04:00,131.74866849198355,134.63076348683433,131.74866849198355,133.15481567382812,865500,0.0,0.0
2021-10-25 00:00:00-04:00,133.17475025145782,133.17475025145782,130.3624710998481,130.75140380859375,794400,0.0,0.0
2021-10-26 00:00:00-04:00,130.84114814962984,131.57912963297403,129.1158841820212,129.13583374023438,750400,0.0,0.0
2021-10-27 00:00:00-04:00,129.25550182379158,130.7713487035543,126.7523648423128,127.04157257080078,788200,0.0,0.0
2021-10-28 00:00:00-04:00,127.75960265182155,128.6970340610296,127.011654001971,127.60003662109375,813700,0.0,0.0
2021-10-29 00:00:00-04:00,127.11137500275682,128.79674740072747,126.941841806791,127.94908142089844,1244500,0.0,0.0
2021-11-01 00:00:00-04:00,128.4776369815365,130.5220330395306,128.1086538434838,129.51478576660156,678000,0.0,0.0
2021-11-02 00:00:00-04:00,130.00344195416312,131.45945528026192,129.78404247739405,130.8411407470703,732500,0.0,0.0
2021-11-03 00:00:00-04:00,130.15303409176045,131.97803064934413,128.62722004177402,129.03610229492188,1190800,0.0,0.0
2021-11-04 00:00:00-04:00,129.96356549822437,131.599079280566,129.96356549822437,130.7214813232422,455800,0.0,0.0
2021-11-05 00:00:00-04:00,131.60904878957857,132.29716399861078,130.68158452873595,131.0505828857422,519100,0.0,0.0
2021-11-08 00:00:00-05:00,132.06777203815153,133.10493596645244,130.83117340747805,131.65890502929688,892500,0.0,0.0
2021-11-09 00:00:00-05:00,131.25002718217806,132.80575790947856,130.77134431617498,132.60630798339844,414200,0.0,0.0
2021-11-10 00:00:00-05:00,131.82844346123105,133.64345758231585,131.82844346123105,132.26724243164062,483100,0.0,0.0
2021-11-11 00:00:00-05:00,132.2672510620205,133.1348666719984,131.28992048522733,132.0478515625,336200,0.0,0.0
2021-11-12 00:00:00-05:00,132.88554307543518,135.3388213354086,132.66614358807763,134.8102569580078,544500,0.0,0.0
2021-11-15 00:00:00-05:00,135.20916671238814,135.31886645174956,133.25452096114455,133.67337036132812,388000,0.0,0.0
2021-11-16 00:00:00-05:00,133.50384305263216,136.1765208125998,133.42406003711997,135.28895568847656,461000,0.0,0.0
2021-11-17 00:00:00-05:00,134.8900435105449,136.37597367442416,134.3016608776807,136.09674072265625,510400,0.0,0.0
2021-11-18 00:00:00-05:00,136.5754229316114,136.64523877773442,134.17201090712106,134.56094360351562,438400,0.0,0.0
2021-11-19 00:00:00-05:00,134.8401833062894,136.29618142516352,133.37420280027888,133.4340362548828,466400,0.0,0.0
2021-11-22 00:00:00-05:00,133.62352381095624,133.97255738104832,132.13759369429226,132.21737670898438,393400,0.0,0.0
2021-11-23 00:00:00-05:00,131.87831341655854,132.566413402514,130.18295094425108,131.67884826660156,473500,0.0,0.0
2021-11-24 00:00:00-05:00,130.9009740316031,132.3569873558147,129.95357550153938,131.65890502929688,311700,0.0,0.0
2021-11-26 00:00:00-05:00,129.5048090346195,131.2500224548058,127.82939623837291,129.01614379882812,351500,0.0,0.0
2021-11-29 00:00:00-05:00,130.8112283990693,131.45945968106142,128.2681999910626,128.32803344726562,550300,0.0,0.0
2021-11-30 00:00:00-05:00,127.38064370411448,127.38064370411448,122.89295184156354,123.30182647705078,1415300,0.0,0.0
2021-12-01 00:00:00-05:00,125.15674186768,128.07872064853217,122.43420540997771,122.45415496826172,756400,0.0,0.0
2021-12-02 00:00:00-05:00,123.1821535320459,128.39785215571547,123.1821535320459,128.07872009277344,900400,0.0,0.0
2021-12-03 00:00:00-05:00,128.62721285353555,129.62447767842554,127.25099013425701,128.86656188964844,699400,0.0,0.0
2021-12-06 00:00:00-05:00,130.28268553172325,132.7658806033229,128.77682101543542,131.2400665283203,854800,0.0,0.0
2021-12-07 00:00:00-05:00,131.9481175328912,133.37421426409315,130.56191991955697,131.3796844482422,528200,0.0,0.0
2021-12-08 00:00:00-05:00,127.19116199656779,132.25726173631082,127.19116199656779,132.11764526367188,765800,0.0,0.0
2021-12-09 00:00:00-05:00,131.6788461895544,132.05781170802965,130.5020809520533,130.53199768066406,397000,0.0,0.0
2021-12-10 00:00:00-05:00,130.92092230147603,131.74865391515678,129.7441571364947,130.70152282714844,392800,0.0,0.0
2021-12-13 00:00:00-05:00,131.04059611483694,131.04059611483694,129.16574853139022,130.10317993164062,411700,0.0,0.0
2021-12-14 00:00:00-05:00,129.45495203492038,130.95084935950612,128.3978536936085,129.27545166015625,440300,0.0,0.0
2021-12-15 00:00:00-05:00,129.51478322405202,130.17298168743105,127.68978669398516,130.00344848632812,665800,0.0,0.0
2021-12-16 00:00:00-05:00,130.78131164027008,132.01792553070703,129.89374653367415,131.25999450683594,597300,0.0,0.0
2021-12-17 00:00:00-05:00,132.02999877929688,132.02999877929688,127.70999908447266,127.88999938964844,1063100,0.36,0.0
2021-12-20 00:00:00-05:00,126.06999969482422,126.51000213623047,122.98999786376953,124.25,568900,0.0,0.0
2021-12-21 00:00:00-05:00,125.37999725341797,126.88999938964844,124.81999969482422,126.36000061035156,428900,0.0,0.0
2021-12-22 00:00:00-05:00,126.23999786376953,127.4800033569336,125.98999786376953,126.25,327200,0.0,0.0
2021-12-23 00:00:00-05:00,126.62999725341797,127.9800033569336,126.62999725341797,127.27999877929688,364100,0.0,0.0
2021-12-27 00:00:00-05:00,127.9800033569336,129.63999938964844,127.29000091552734,129.5800018310547,532600,0.0,0.0
2021-12-28 00:00:00-05:00,129.4499969482422,131.25,129.4499969482422,131.05999755859375,284300,0.0,0.0
2021-12-29 00:00:00-05:00,131.0399932861328,132.5800018310547,131.0399932861328,132.3699951171875,319700,0.0,0.0
2021-12-30 00:00:00-05:00,132.89999389648438,133.0500030517578,131.3699951171875,131.55999755859375,360100,0.0,0.0
2021-12-31 00:00:00-05:00,131.02999877929688,133.0399932861328,131.02999877929688,132.44000244140625,280400,0.0,0.0
2022-01-03 00:00:00-05:00,132.17999267578125,132.3000030517578,127.77999877929688,129.36000061035156,608900,0.0,0.0
2022-01-04 00:00:00-05:00,130.36000061035156,132.83999633789062,130.30999755859375,132.39999389648438,457000,0.0,0.0
2022-01-05 00:00:00-05:00,132.74000549316406,133.52000427246094,129.22000122070312,129.30999755859375,624600,0.0,0.0
2022-01-06 00:00:00-05:00,129.33999633789062,129.72999572753906,127.83999633789062,128.07000732421875,476800,0.0,0.0
2022-01-07 00:00:00-05:00,127.7300033569336,128.80999755859375,126.41999816894531,126.62999725341797,838200,0.0,0.0
2022-01-10 00:00:00-05:00,125.58000183105469,126.05000305175781,122.31999969482422,125.08999633789062,898100,0.0,0.0
2022-01-11 00:00:00-05:00,125.62000274658203,127.80999755859375,124.26000213623047,127.61000061035156,548500,0.0,0.0
2022-01-12 00:00:00-05:00,128.41000366210938,129.3699951171875,127.12000274658203,127.58000183105469,531000,0.0,0.0
2022-01-13 00:00:00-05:00,128.1300048828125,129.92999267578125,125.86000061035156,126.12000274658203,449800,0.0,0.0
2022-01-14 00:00:00-05:00,124.55999755859375,125.61000061035156,121.77999877929688,124.45999908447266,658300,0.0,0.0
2022-01-18 00:00:00-05:00,123.25,124.5199966430664,122.12000274658203,123.88999938964844,635500,0.0,0.0
2022-01-19 00:00:00-05:00,124.3499984741211,125.20999908447266,122.73999786376953,122.93000030517578,577700,0.0,0.0
2022-01-20 00:00:00-05:00,123.26000213623047,124.66000366210938,120.58000183105469,120.75,591900,0.0,0.0
2022-01-21 00:00:00-05:00,120.9000015258789,122.62000274658203,119.6500015258789,121.27999877929688,629500,0.0,0.0
2022-01-24 00:00:00-05:00,119.2300033569336,124.04000091552734,118.30000305175781,123.55000305175781,1124100,0.0,0.0
2022-01-25 00:00:00-05:00,121.19000244140625,121.93000030517578,118.75,120.68000030517578,688200,0.0,0.0
2022-01-26 00:00:00-05:00,121.48999786376953,124.27999877929688,119.66999816894531,120.38999938964844,955700,0.0,0.0
2022-01-27 00:00:00-05:00,121.69999694824219,123.37000274658203,119.33999633789062,120.51000213623047,700300,0.0,0.0
2022-01-28 00:00:00-05:00,119.77999877929688,121.26000213623047,117.68000030517578,121.20999908447266,765100,0.0,0.0
2022-01-31 00:00:00-05:00,120.36000061035156,122.86000061035156,119.7699966430664,122.7300033569336,649100,0.0,0.0
2022-02-01 00:00:00-05:00,122.62999725341797,123.56999969482422,118.97000122070312,120.0,720600,0.0,0.0
2022-02-02 00:00:00-05:00,120.30999755859375,122.0,119.08000183105469,120.18000030517578,729900,0.0,0.0
2022-02-03 00:00:00-05:00,119.30999755859375,120.16000366210938,115.88999938964844,116.11000061035156,1116200,0.0,0.0
2022-02-04 00:00:00-05:00,116.13999938964844,120.0,115.58999633789062,119.25,1293900,0.0,0.0
2022-02-07 00:00:00-05:00,120.23999786376953,122.30999755859375,119.25,120.45999908447266,1114600,0.0,0.0
2022-02-08 00:00:00-05:00,120.72000122070312,122.55000305175781,119.98999786376953,121.72000122070312,497200,0.0,0.0
2022-02-09 00:00:00-05:00,123.6500015258789,125.38999938964844,122.51000213623047,125.18000030517578,970400,0.0,0.0
2022-02-10 00:00:00-05:00,122.66000366210938,123.68000030517578,120.02999877929688,120.69000244140625,854800,0.0,0.0
2022-02-11 00:00:00-05:00,120.87000274658203,122.19000244140625,117.9800033569336,118.87000274658203,570200,0.0,0.0
2022-02-14 00:00:00-05:00,119.19000244140625,120.0,116.66999816894531,118.33000183105469,727500,0.0,0.0
2022-02-15 00:00:00-05:00,113.5999984741211,120.12999725341797,113.5999984741211,117.08999633789062,1449000,0.0,0.0
2022-02-16 00:00:00-05:00,116.02999877929688,117.36000061035156,113.22000122070312,115.23999786376953,1991400,0.0,0.0
2022-02-17 00:00:00-05:00,114.37000274658203,116.83999633789062,113.83000183105469,114.58999633789062,956200,0.0,0.0
2022-02-18 00:00:00-05:00,114.41999816894531,115.69999694824219,113.30999755859375,114.12999725341797,539700,0.0,0.0
2022-02-22 00:00:00-05:00,113.73999786376953,115.22000122070312,112.51000213623047,113.51000213623047,592000,0.0,0.0
2022-02-23 00:00:00-05:00,113.91000366210938,114.41999816894531,109.0,109.55999755859375,997100,0.0,0.0
2022-02-24 00:00:00-05:00,107.41000366210938,111.93000030517578,106.83000183105469,111.69999694824219,1108000,0.0,0.0
2022-02-25 00:00:00-05:00,111.77999877929688,115.3499984741211,111.31999969482422,115.0999984741211,754700,0.0,0.0
2022-02-28 00:00:00-05:00,114.3499984741211,115.12000274658203,112.87000274658203,114.5199966430664,995100,0.0,0.0
2022-03-01 00:00:00-05:00,113.9800033569336,115.87000274658203,112.12999725341797,114.62999725341797,926500,0.0,0.0
2022-03-02 00:00:00-05:00,115.86000061035156,118.4000015258789,115.2300033569336,117.37000274658203,772800,0.0,0.0
2022-03-03 00:00:00-05:00,118.52999877929688,119.26000213623047,117.54000091552734,117.70999908447266,1074800,0.0,0.0
2022-03-04 00:00:00-05:00,116.48999786376953,117.95999908447266,116.1500015258789,117.29000091552734,1040600,0.0,0.0
2022-03-07 00:00:00-05:00,117.47000122070312,118.58999633789062,114.72000122070312,114.7300033569336,853700,0.0,0.0
2022-03-08 00:00:00-05:00,115.25,116.7300033569336,111.33000183105469,111.43000030517578,1080100,0.0,0.0
2022-03-09 00:00:00-05:00,113.37000274658203,116.16999816894531,113.37000274658203,114.54000091552734,652700,0.0,0.0
2022-03-10 00:00:00-05:00,113.08000183105469,114.29000091552734,111.80999755859375,112.9000015258789,526400,0.0,0.0
2022-03-11 00:00:00-05:00,113.7699966430664,113.98999786376953,111.27999877929688,111.30999755859375,432800,0.0,0.0
2022-03-14 00:00:00-04:00,112.1500015258789,113.62999725341797,110.01000213623047,111.94999694824219,629900,0.0,0.0
2022-03-15 00:00:00-04:00,112.3499984741211,114.93000030517578,111.94000244140625,114.47000122070312,611500,0.0,0.0
2022-03-16 00:00:00-04:00,115.2699966430664,117.70999908447266,114.1500015258789,116.44000244140625,633400,0.0,0.0
2022-03-17 00:00:00-04:00,115.51000213623047,118.66999816894531,114.79000091552734,117.79000091552734,575300,0.0,0.0
2022-03-18 00:00:00-04:00,117.83000183105469,118.37999725341797,116.1500015258789,118.13999938964844,936300,0.0,0.0
2022-03-21 00:00:00-04:00,117.62999725341797,118.93000030517578,116.08999633789062,117.25,599300,0.0,0.0
2022-03-22 00:00:00-04:00,117.44000244140625,118.19000244140625,116.9000015258789,117.47000122070312,490200,0.0,0.0
2022-03-23 00:00:00-04:00,116.9000015258789,116.9000015258789,112.94000244140625,113.19000244140625,501900,0.0,0.0
2022-03-24 00:00:00-04:00,113.62000274658203,113.62000274658203,111.68000030517578,112.58999633789062,607600,0.0,0.0
2022-03-25 00:00:00-04:00,112.62999725341797,112.77999877929688,111.19000244140625,112.30000305175781,521400,0.0,0.0
2022-03-28 00:00:00-04:00,112.0,113.76000213623047,111.51000213623047,113.4800033569336,432900,0.0,0.0
2022-03-29 00:00:00-04:00,115.01000213623047,115.72000122070312,113.29000091552734,115.05000305175781,704400,0.0,0.0
2022-03-30 00:00:00-04:00,114.58000183105469,115.87000274658203,112.8499984741211,113.3499984741211,742800,0.0,0.0
2022-03-31 00:00:00-04:00,112.94999694824219,113.1500015258789,109.76000213623047,109.77999877929688,814100,0.0,0.0
2022-04-01 00:00:00-04:00,110.79000091552734,111.69000244140625,109.05000305175781,111.5199966430664,602700,0.0,0.0
2022-04-04 00:00:00-04:00,111.27999877929688,111.72000122070312,109.72000122070312,111.30000305175781,389900,0.0,0.0
2022-04-05 00:00:00-04:00,110.70999908447266,111.7699966430664,109.68000030517578,110.12999725341797,468000,0.0,0.0
2022-04-06 00:00:00-04:00,108.47000122070312,109.13999938964844,106.47000122070312,106.97000122070312,1026600,0.0,0.0
2022-04-07 00:00:00-04:00,106.11000061035156,109.05999755859375,106.0,108.44999694824219,1006900,0.0,0.0
2022-04-08 00:00:00-04:00,108.31999969482422,108.37999725341797,106.01000213623047,106.69999694824219,673000,0.0,0.0
2022-04-11 00:00:00-04:00,106.30999755859375,107.79000091552734,106.20999908447266,106.5199966430664,570300,0.0,0.0
2022-04-12 00:00:00-04:00,107.12999725341797,108.47000122070312,105.05999755859375,105.80000305175781,643600,0.0,0.0
2022-04-13 00:00:00-04:00,105.80000305175781,108.56999969482422,105.80000305175781,108.19000244140625,826700,0.0,0.0
2022-04-14 00:00:00-04:00,108.83000183105469,109.8499984741211,107.18000030517578,107.43000030517578,739800,0.0,0.0
2022-04-18 00:00:00-04:00,106.88999938964844,108.19000244140625,106.1500015258789,106.5999984741211,343600,0.0,0.0
2022-04-19 00:00:00-04:00,107.0999984741211,109.41000366210938,107.0999984741211,109.29000091552734,398100,0.0,0.0
2022-04-20 00:00:00-04:00,110.4000015258789,113.16999816894531,110.4000015258789,112.58999633789062,626900,0.0,0.0
2022-04-21 00:00:00-04:00,113.83999633789062,114.69000244140625,111.44000244140625,112.08999633789062,513900,0.0,0.0
2022-04-22 00:00:00-04:00,114.31999969482422,116.30999755859375,113.05999755859375,114.51000213623047,1760200,0.0,0.0
2022-04-25 00:00:00-04:00,114.04000091552734,114.75,111.37999725341797,114.72000122070312,1058200,0.0,0.0
2022-04-26 00:00:00-04:00,114.31999969482422,116.93000030517578,112.30999755859375,114.2300033569336,1169000,0.0,0.0
2022-04-27 00:00:00-04:00,114.12999725341797,116.58999633789062,113.02999877929688,116.0199966430664,1863400,0.0,0.0
2022-04-28 00:00:00-04:00,116.88999938964844,120.4000015258789,115.23999786376953,119.19999694824219,1222500,0.0,0.0
2022-04-29 00:00:00-04:00,118.20999908447266,118.88999938964844,114.01000213623047,114.23999786376953,891400,0.0,0.0
2022-05-02 00:00:00-04:00,114.38999938964844,117.11000061035156,112.2699966430664,114.77999877929688,1064100,0.0,0.0
2022-05-03 00:00:00-04:00,114.70999908447266,116.36000061035156,114.19999694824219,115.4000015258789,739600,0.0,0.0
2022-05-04 00:00:00-04:00,115.81999969482422,118.56999969482422,112.69000244140625,118.45999908447266,1096100,0.0,0.0
2022-05-05 00:00:00-04:00,117.2699966430664,117.83999633789062,112.87000274658203,113.76000213623047,630800,0.0,0.0
2022-05-06 00:00:00-04:00,113.0,113.0,110.11000061035156,112.56999969482422,795400,0.0,0.0
2022-05-09 00:00:00-04:00,111.4800033569336,115.58999633789062,110.69999694824219,113.8499984741211,923600,0.0,0.0
2022-05-10 00:00:00-04:00,114.93000030517578,115.62999725341797,110.5,110.70999908447266,763800,0.0,0.0
2022-05-11 00:00:00-04:00,110.12999725341797,112.68000030517578,108.37000274658203,108.5999984741211,707500,0.0,0.0
2022-05-12 00:00:00-04:00,108.01000213623047,111.26000213623047,107.51000213623047,111.18000030517578,800900,0.0,0.0
2022-05-13 00:00:00-04:00,112.0,112.98999786376953,111.05000305175781,112.77999877929688,627300,0.0,0.0
2022-05-16 00:00:00-04:00,112.06999969482422,112.75,109.69999694824219,111.75,458600,0.0,0.0
2022-05-17 00:00:00-04:00,113.1500015258789,113.66999816894531,111.2300033569336,113.66000366210938,716900,0.0,0.0
2022-05-18 00:00:00-04:00,112.0999984741211,112.0999984741211,108.77999877929688,109.16000366210938,511200,0.0,0.0
2022-05-19 00:00:00-04:00,108.45999908447266,110.01000213623047,107.37000274658203,108.80999755859375,560100,0.0,0.0
2022-05-20 00:00:00-04:00,109.77999877929688,109.77999877929688,106.77999877929688,109.08000183105469,696000,0.0,0.0
2022-05-23 00:00:00-04:00,110.5,110.7699966430664,107.44999694824219,108.51000213623047,497600,0.0,0.0
2022-05-24 00:00:00-04:00,108.08999633789062,108.73999786376953,105.05999755859375,108.01000213623047,622800,0.0,0.0
2022-05-25 00:00:00-04:00,107.19000244140625,108.72000122070312,106.6500015258789,108.0999984741211,538700,0.0,0.0
2022-05-26 00:00:00-04:00,109.31999969482422,111.55999755859375,109.16999816894531,110.77999877929688,583800,0.0,0.0
2022-05-27 00:00:00-04:00,111.88999938964844,114.0199966430664,111.41999816894531,113.54000091552734,453200,0.0,0.0
2022-05-31 00:00:00-04:00,111.97000122070312,112.7699966430664,110.43000030517578,111.6500015258789,1230500,0.0,0.0
2022-06-01 00:00:00-04:00,112.47000122070312,112.69000244140625,110.4800033569336,111.83999633789062,513900,0.0,0.0
2022-06-02 00:00:00-04:00,112.62000274658203,114.37000274658203,112.01000213623047,114.11000061035156,574700,0.0,0.0
2022-06-03 00:00:00-04:00,112.7699966430664,113.7300033569336,110.98999786376953,111.44000244140625,1287000,0.0,0.0
2022-06-06 00:00:00-04:00,112.0,112.86000061035156,111.11000061035156,112.08000183105469,1274700,0.0,0.0
2022-06-07 00:00:00-04:00,111.12999725341797,113.4800033569336,110.22000122070312,113.36000061035156,638100,0.0,0.0
2022-06-08 00:00:00-04:00,112.61000061035156,112.62000274658203,110.2300033569336,110.45999908447266,624300,0.0,0.0
2022-06-09 00:00:00-04:00,110.12000274658203,111.12000274658203,108.51000213623047,108.52999877929688,383000,0.0,0.0
2022-06-10 00:00:00-04:00,106.77999877929688,108.4000015258789,105.55000305175781,107.12000274658203,876100,0.0,0.0
2022-06-13 00:00:00-04:00,104.88999938964844,104.94000244140625,102.4000015258789,103.12000274658203,845000,0.0,0.0
2022-06-14 00:00:00-04:00,103.05999755859375,103.88999938964844,99.72000122070312,101.2699966430664,819800,0.0,0.0
2022-06-15 00:00:00-04:00,101.33000183105469,102.23999786376953,99.44999694824219,100.69000244140625,726200,0.0,0.0
2022-06-16 00:00:00-04:00,98.88999938964844,99.16000366210938,95.70999908447266,96.37000274658203,725800,0.0,0.0
2022-06-17 00:00:00-04:00,96.58000183105469,96.9800033569336,94.27999877929688,95.66999816894531,1507600,0.0,0.0
2022-06-21 00:00:00-04:00,96.56999969482422,97.16999816894531,93.33000183105469,95.08000183105469,1136700,0.0,0.0
2022-06-22 00:00:00-04:00,93.68000030517578,95.91000366210938,93.05000305175781,95.44999694824219,816500,0.0,0.0
2022-06-23 00:00:00-04:00,95.29000091552734,97.08000183105469,94.9000015258789,96.80999755859375,655600,0.0,0.0
2022-06-24 00:00:00-04:00,97.6500015258789,99.87999725341797,97.01000213623047,99.5999984741211,967300,0.0,0.0
2022-06-27 00:00:00-04:00,100.20999908447266,100.45999908447266,99.04000091552734,99.23999786376953,833900,0.0,0.0
2022-06-28 00:00:00-04:00,99.30999755859375,100.3499984741211,98.11000061035156,98.4000015258789,529400,0.0,0.0
2022-06-29 00:00:00-04:00,98.43000030517578,98.87000274658203,96.70999908447266,98.38999938964844,538200,0.0,0.0
2022-06-30 00:00:00-04:00,97.52999877929688,98.80000305175781,96.9000015258789,97.9000015258789,845600,0.0,0.0
2022-07-01 00:00:00-04:00,98.08000183105469,100.04000091552734,97.2300033569336,99.61000061035156,591000,0.0,0.0
2022-07-05 00:00:00-04:00,98.55000305175781,100.5199966430664,97.56999969482422,100.41000366210938,578600,0.0,0.0
2022-07-06 00:00:00-04:00,101.01000213623047,101.44999694824219,99.19000244140625,100.69999694824219,538900,0.0,0.0
2022-07-07 00:00:00-04:00,100.94999694824219,101.33999633789062,99.44999694824219,101.01000213623047,378700,0.0,0.0
2022-07-08 00:00:00-04:00,100.1500015258789,100.68000030517578,97.91000366210938,98.54000091552734,617800,0.0,0.0
2022-07-11 00:00:00-04:00,97.08999633789062,98.69999694824219,96.87999725341797,97.88999938964844,455300,0.0,0.0
2022-07-12 00:00:00-04:00,97.52999877929688,99.27999877929688,95.95999908447266,96.91000366210938,774300,0.0,0.0
2022-07-13 00:00:00-04:00,94.91999816894531,96.36000061035156,93.4000015258789,95.45999908447266,731300,0.0,0.0
2022-07-14 00:00:00-04:00,93.83000183105469,95.69999694824219,93.62000274658203,95.5999984741211,516800,0.0,0.0
2022-07-15 00:00:00-04:00,97.33000183105469,97.63999938964844,96.06999969482422,97.01000213623047,388300,0.0,0.0
2022-07-18 00:00:00-04:00,97.19000244140625,97.41000366210938,95.13999938964844,95.6500015258789,654300,0.0,0.0
2022-07-19 00:00:00-04:00,97.16999816894531,100.7699966430664,96.94999694824219,100.48999786376953,536000,0.0,0.0
2022-07-20 00:00:00-04:00,100.77999877929688,101.93000030517578,100.01000213623047,101.61000061035156,458900,0.0,0.0
2022-07-21 00:00:00-04:00,101.58000183105469,103.55000305175781,100.88999938964844,103.45999908447266,692300,0.0,0.0
2022-07-22 00:00:00-04:00,103.98999786376953,104.81999969482422,102.70999908447266,103.38999938964844,448800,0.0,0.0
2022-07-25 00:00:00-04:00,103.20999908447266,103.62999725341797,102.2699966430664,103.01000213623047,398600,0.0,0.0
2022-07-26 00:00:00-04:00,102.58000183105469,102.87000274658203,101.12999725341797,102.69000244140625,532300,0.0,0.0
2022-07-27 00:00:00-04:00,103.38999938964844,104.73999786376953,102.38999938964844,104.19000244140625,743100,0.0,0.0
2022-07-28 00:00:00-04:00,103.55000305175781,104.9000015258789,99.94999694824219,104.30999755859375,1093100,0.0,0.0
2022-07-29 00:00:00-04:00,104.66999816894531,106.43000030517578,102.45999908447266,105.69999694824219,999900,0.0,0.0
2022-08-01 00:00:00-04:00,104.68000030517578,107.55000305175781,103.8499984741211,105.37000274658203,1046800,0.0,0.0
2022-08-02 00:00:00-04:00,104.91000366210938,105.41999816894531,102.7300033569336,102.73999786376953,529900,0.0,0.0
2022-08-03 00:00:00-04:00,102.93000030517578,104.22000122070312,102.55000305175781,103.52999877929688,504700,0.0,0.0
2022-08-04 00:00:00-04:00,103.12999725341797,104.12000274658203,102.9800033569336,103.23999786376953,592300,0.0,0.0
2022-08-05 00:00:00-04:00,102.06999969482422,102.68000030517578,101.0,102.22000122070312,557900,0.0,0.0
2022-08-08 00:00:00-04:00,102.83000183105469,104.06999969482422,102.43000030517578,102.87000274658203,506200,0.0,0.0
2022-08-09 00:00:00-04:00,102.44000244140625,102.44000244140625,98.9000015258789,99.13999938964844,808400,0.0,0.0
2022-08-10 00:00:00-04:00,101.08999633789062,102.43000030517578,100.72000122070312,101.87000274658203,791100,0.0,0.0
2022-08-11 00:00:00-04:00,102.72000122070312,103.8499984741211,102.26000213623047,102.83000183105469,632300,0.0,0.0
2022-08-12 00:00:00-04:00,103.94000244140625,106.48999786376953,102.91999816894531,106.41000366210938,619800,0.0,0.0
2022-08-15 00:00:00-04:00,105.91000366210938,107.44000244140625,105.4000015258789,107.19999694824219,612100,0.0,0.0
2022-08-16 00:00:00-04:00,106.45999908447266,109.30000305175781,106.36000061035156,108.45999908447266,673800,0.0,0.0
2022-08-17 00:00:00-04:00,107.2300033569336,109.19000244140625,106.41999816894531,108.56999969482422,972800,0.0,0.0
2022-08-18 00:00:00-04:00,108.5999984741211,109.16999816894531,108.43000030517578,109.11000061035156,466100,0.0,0.0
2022-08-19 00:00:00-04:00,108.30000305175781,108.30000305175781,106.06999969482422,106.44999694824219,565700,0.0,0.0
2022-08-22 00:00:00-04:00,104.98999786376953,104.98999786376953,103.01000213623047,103.13999938964844,316900,0.0,0.0
2022-08-23 00:00:00-04:00,102.79000091552734,103.37000274658203,101.86000061035156,101.91999816894531,369600,0.0,0.0
2022-08-24 00:00:00-04:00,101.58999633789062,102.20999908447266,100.95999908447266,101.87000274658203,460300,0.0,0.0
2022-08-25 00:00:00-04:00,101.80999755859375,103.4800033569336,101.80999755859375,103.31999969482422,528100,0.0,0.0
2022-08-26 00:00:00-04:00,103.27999877929688,103.79000091552734,97.66000366210938,97.66000366210938,742000,0.0,0.0
2022-08-29 00:00:00-04:00,96.91999816894531,97.44999694824219,96.25,96.72000122070312,532000,0.0,0.0
2022-08-30 00:00:00-04:00,97.41000366210938,97.69999694824219,95.43000030517578,96.69000244140625,503200,0.0,0.0
2022-08-31 00:00:00-04:00,97.44000244140625,97.80000305175781,94.8499984741211,95.0999984741211,979100,0.0,0.0
2022-09-01 00:00:00-04:00,94.9000015258789,95.94000244140625,93.72000122070312,95.7300033569336,664400,0.0,0.0
2022-09-02 00:00:00-04:00,97.5999984741211,97.5999984741211,94.4000015258789,94.88999938964844,402300,0.0,0.0
2022-09-06 00:00:00-04:00,94.91999816894531,95.44000244140625,93.66000366210938,94.63999938964844,569900,0.0,0.0
2022-09-07 00:00:00-04:00,95.0,98.0199966430664,94.52999877929688,98.0,706500,0.0,0.0
2022-09-08 00:00:00-04:00,96.94000244140625,98.83999633789062,96.2300033569336,98.1500015258789,535600,0.0,0.0
2022-09-09 00:00:00-04:00,98.58000183105469,99.94000244140625,98.58000183105469,99.62999725341797,553100,0.0,0.0
2022-09-12 00:00:00-04:00,100.37999725341797,102.16999816894531,99.94000244140625,101.20999908447266,889600,0.0,0.0
2022-09-13 00:00:00-04:00,97.98999786376953,98.29000091552734,95.66000366210938,95.88999938964844,756900,0.0,0.0
2022-09-14 00:00:00-04:00,95.61000061035156,95.91999816894531,93.81999969482422,95.1500015258789,908400,0.0,0.0
2022-09-15 00:00:00-04:00,94.69000244140625,96.5,92.97000122070312,93.1500015258789,759400,0.0,0.0
2022-09-16 00:00:00-04:00,92.05999755859375,92.11000061035156,89.55999755859375,89.69000244140625,2627200,0.0,0.0
2022-09-19 00:00:00-04:00,89.11000061035156,92.22000122070312,89.01000213623047,92.20999908447266,546100,0.0,0.0
2022-09-20 00:00:00-04:00,91.20999908447266,91.4000015258789,89.0199966430664,91.0999984741211,1139200,0.0,0.0
2022-09-21 00:00:00-04:00,91.69999694824219,94.13999938964844,91.12999725341797,91.12999725341797,1252700,0.0,0.0
2022-09-22 00:00:00-04:00,90.7699966430664,91.54000091552734,89.87000274658203,90.62999725341797,1316200,0.0,0.0
2022-09-23 00:00:00-04:00,89.98999786376953,92.29000091552734,89.5,92.04000091552734,1166500,0.0,0.0
2022-09-26 00:00:00-04:00,92.18000030517578,92.8499984741211,89.7699966430664,90.19000244140625,895500,0.0,0.0
2022-09-27 00:00:00-04:00,91.23999786376953,91.43000030517578,88.54000091552734,88.98999786376953,952300,0.0,0.0
2022-09-28 00:00:00-04:00,90.05000305175781,92.22000122070312,89.37999725341797,91.80000305175781,763500,0.0,0.0
2022-09-29 00:00:00-04:00,90.58999633789062,90.58999633789062,88.4000015258789,89.2699966430664,919500,0.0,0.0
2022-09-30 00:00:00-04:00,89.4000015258789,91.5,88.29000091552734,89.68000030517578,837400,0.0,0.0
2022-10-03 00:00:00-04:00,90.2699966430664,93.54000091552734,90.08999633789062,92.44999694824219,908500,0.0,0.0
2022-10-04 00:00:00-04:00,93.5199966430664,95.91000366210938,93.5199966430664,95.83999633789062,958700,0.0,0.0
2022-10-05 00:00:00-04:00,94.47000122070312,96.94999694824219,94.16999816894531,95.95999908447266,808200,0.0,0.0
2022-10-06 00:00:00-04:00,95.8499984741211,96.38999938964844,93.98999786376953,94.41000366210938,532600,0.0,0.0
2022-10-07 00:00:00-04:00,93.0999984741211,93.68000030517578,91.4800033569336,92.41999816894531,615600,0.0,0.0
2022-10-10 00:00:00-04:00,93.12999725341797,93.48999786376953,91.0199966430664,91.79000091552734,389800,0.0,0.0
2022-10-11 00:00:00-04:00,91.29000091552734,92.83000183105469,90.58000183105469,91.58000183105469,609600,0.0,0.0
2022-10-12 00:00:00-04:00,91.22000122070312,91.43000030517578,89.93000030517578,90.5,730000,0.0,0.0
2022-10-13 00:00:00-04:00,89.0,92.62999725341797,87.33000183105469,92.19999694824219,831600,0.0,0.0
2022-10-14 00:00:00-04:00,92.8499984741211,93.9000015258789,89.63999938964844,89.94000244140625,684500,0.0,0.0
2022-10-17 00:00:00-04:00,91.80000305175781,93.9000015258789,91.80000305175781,93.52999877929688,713400,0.0,0.0
2022-10-18 00:00:00-04:00,95.83000183105469,96.62999725341797,94.48999786376953,95.18000030517578,897000,0.0,0.0
2022-10-19 00:00:00-04:00,94.16000366210938,94.55000305175781,91.95999908447266,92.11000061035156,767700,0.0,0.0
2022-10-20 00:00:00-04:00,91.8499984741211,91.8499984741211,89.58999633789062,89.80000305175781,795400,0.0,0.0
2022-10-21 00:00:00-04:00,90.0199966430664,93.20999908447266,88.81999969482422,92.79000091552734,681300,0.0,0.0
2022-10-24 00:00:00-04:00,93.62000274658203,94.83000183105469,92.13999938964844,94.36000061035156,486900,0.0,0.0
2022-10-25 00:00:00-04:00,94.4000015258789,97.98999786376953,94.4000015258789,97.54000091552734,994000,0.0,0.0
2022-10-26 00:00:00-04:00,98.08999633789062,98.7699966430664,96.58000183105469,97.33000183105469,898100,0.0,0.0
2022-10-27 00:00:00-04:00,105.06999969482422,105.06999969482422,100.5,103.45999908447266,1575800,0.0,0.0
2022-10-28 00:00:00-04:00,103.45999908447266,106.7300033569336,101.8499984741211,106.19000244140625,860300,0.0,0.0
2022-10-31 00:00:00-04:00,105.27999877929688,106.22000122070312,103.72000122070312,104.7699966430664,864300,0.0,0.0
2022-11-01 00:00:00-04:00,107.23999786376953,107.91999816894531,105.7300033569336,106.55999755859375,790100,0.0,0.0
2022-11-02 00:00:00-04:00,106.23999786376953,106.44000244140625,101.8499984741211,102.01000213623047,1118400,0.0,0.0
2022-11-03 00:00:00-04:00,100.72000122070312,103.18000030517578,100.19000244140625,102.33999633789062,1076400,0.0,0.0
2022-11-04 00:00:00-04:00,104.0999984741211,104.7699966430664,100.87999725341797,103.12000274658203,804200,0.0,0.0
2022-11-07 00:00:00-05:00,103.5,107.3499984741211,102.76000213623047,107.06999969482422,775800,0.0,0.0
2022-11-08 00:00:00-05:00,107.55000305175781,109.23999786376953,105.7300033569336,106.77999877929688,610100,0.0,0.0
2022-11-09 00:00:00-05:00,105.91999816894531,106.72000122070312,103.9800033569336,104.37000274658203,530100,0.0,0.0
2022-11-10 00:00:00-05:00,108.79000091552734,114.2300033569336,107.79000091552734,113.9800033569336,1323100,0.0,0.0
2022-11-11 00:00:00-05:00,114.31999969482422,116.9800033569336,113.16999816894531,113.56999969482422,993700,0.0,0.0
2022-11-14 00:00:00-05:00,112.87000274658203,113.9800033569336,110.79000091552734,110.94999694824219,567600,0.0,0.0
2022-11-15 00:00:00-05:00,112.83000183105469,113.76000213623047,111.54000091552734,112.63999938964844,506700,0.0,0.0
2022-11-16 00:00:00-05:00,112.38999938964844,112.81999969482422,110.16999816894531,111.05000305175781,467400,0.0,0.0
2022-11-17 00:00:00-05:00,109.41999816894531,110.79000091552734,107.72000122070312,110.7699966430664,591900,0.0,0.0
2022-11-18 00:00:00-05:00,112.41000366210938,113.12000274658203,111.18000030517578,112.95999908447266,681600,0.0,0.0
2022-11-21 00:00:00-05:00,112.68000030517578,113.44000244140625,112.01000213623047,112.66000366210938,550800,0.0,0.0
2022-11-22 00:00:00-05:00,113.29000091552734,114.36000061035156,112.9000015258789,113.94000244140625,440800,0.0,0.0
2022-11-23 00:00:00-05:00,114.29000091552734,114.9800033569336,113.55999755859375,113.98999786376953,300100,0.0,0.0
2022-11-25 00:00:00-05:00,113.41999816894531,114.37000274658203,112.58000183105469,114.31999969482422,192400,0.0,0.0
2022-11-28 00:00:00-05:00,113.41000366210938,113.80999755859375,111.61000061035156,112.25,502500,0.0,0.0
2022-11-29 00:00:00-05:00,111.81999969482422,112.86000061035156,110.73999786376953,110.7699966430664,349500,0.0,0.0
2022-11-30 00:00:00-05:00,110.3499984741211,113.66999816894531,108.76000213623047,113.6500015258789,896700,0.0,0.0
2022-12-01 00:00:00-05:00,115.12000274658203,116.18000030517578,114.0,114.05999755859375,521200,0.0,0.0
2022-12-02 00:00:00-05:00,112.62999725341797,115.0199966430664,112.44000244140625,114.5199966430664,286300,0.0,0.0
2022-12-05 00:00:00-05:00,112.2699966430664,112.48999786376953,109.69999694824219,111.0199966430664,752400,0.0,0.0
2022-12-06 00:00:00-05:00,111.37999725341797,111.37999725341797,107.48999786376953,109.16999816894531,423400,0.0,0.0
2022-12-07 00:00:00-05:00,109.23999786376953,109.83000183105469,108.05999755859375,109.1500015258789,575800,0.0,0.0
2022-12-08 00:00:00-05:00,110.0,112.30999755859375,109.7699966430664,110.86000061035156,463100,0.0,0.0
2022-12-09 00:00:00-05:00,110.19000244140625,111.47000122070312,109.05000305175781,109.12999725341797,383700,0.0,0.0
2022-12-12 00:00:00-05:00,109.08000183105469,110.80999755859375,108.19999694824219,110.25,692100,0.0,0.0
2022-12-13 00:00:00-05:00,114.73999786376953,114.80000305175781,111.27999877929688,111.83000183105469,559900,0.0,0.0
2022-12-14 00:00:00-05:00,112.08000183105469,112.25,109.0,109.7699966430664,690600,0.0,0.0
2022-12-15 00:00:00-05:00,107.63999938964844,107.88999938964844,105.2699966430664,105.70999908447266,760100,0.0,0.0
2022-12-16 00:00:00-05:00,104.5,105.4000015258789,103.18000030517578,103.86000061035156,1163600,0.0,0.0
2022-12-19 00:00:00-05:00,103.33000183105469,106.33999633789062,103.33000183105469,104.56999969482422,835400,0.0,0.0
2022-12-20 00:00:00-05:00,104.13999938964844,105.62999725341797,103.97000122070312,104.4800033569336,530000,0.0,0.0
2022-12-21 00:00:00-05:00,105.26000213623047,106.87000274658203,104.91999816894531,106.75,504800,0.0,0.0
2022-12-22 00:00:00-05:00,105.16000366210938,105.36000061035156,103.30000305175781,105.18000030517578,426100,0.0,0.0
2022-12-23 00:00:00-05:00,104.88999938964844,105.58000183105469,104.27999877929688,105.02999877929688,390500,0.0,0.0
2022-12-27 00:00:00-05:00,104.93000030517578,106.08999633789062,104.23999786376953,105.9800033569336,443000,0.0,0.0
2022-12-28 00:00:00-05:00,106.3499984741211,106.80000305175781,104.12999725341797,104.31999969482422,269200,0.0,0.0
2022-12-29 00:00:00-05:00,105.08999633789062,106.83000183105469,104.41999816894531,106.73999786376953,302700,0.0,0.0
2022-12-30 00:00:00-05:00,105.69000244140625,106.01000213623047,104.48999786376953,105.26000213623047,292300,0.0,0.0
2023-01-03 00:00:00-05:00,107.75,108.58000183105469,106.52999877929688,107.69999694824219,656400,0.0,0.0
2023-01-04 00:00:00-05:00,108.87000274658203,109.29000091552734,107.41000366210938,109.23999786376953,532000,0.0,0.0
2023-01-05 00:00:00-05:00,108.7699966430664,109.48999786376953,106.80999755859375,107.75,712400,0.0,0.0
2023-01-06 00:00:00-05:00,108.95999908447266,112.29000091552734,108.68000030517578,111.41999816894531,528300,0.0,0.0
2023-01-09 00:00:00-05:00,112.37999725341797,113.94000244140625,111.01000213623047,112.2699966430664,632700,0.0,0.0
2023-01-10 00:00:00-05:00,111.5,112.54000091552734,111.19999694824219,112.04000091552734,557900,0.0,0.0
2023-01-11 00:00:00-05:00,112.63999938964844,114.41000366210938,112.20999908447266,114.11000061035156,556000,0.0,0.0
2023-01-12 00:00:00-05:00,114.33000183105469,114.33000183105469,112.86000061035156,113.51000213623047,488100,0.0,0.0
2023-01-13 00:00:00-05:00,112.95999908447266,114.37000274658203,111.66000366210938,113.76000213623047,559300,0.0,0.0
2023-01-17 00:00:00-05:00,113.83999633789062,114.04000091552734,112.45999908447266,112.79000091552734,485600,0.0,0.0
2023-01-18 00:00:00-05:00,113.12999725341797,114.05000305175781,110.51000213623047,110.95999908447266,760000,0.0,0.0
2023-01-19 00:00:00-05:00,110.38999938964844,110.38999938964844,108.06999969482422,108.26000213623047,573800,0.0,0.0
2023-01-20 00:00:00-05:00,108.7300033569336,111.48999786376953,108.5999984741211,111.30000305175781,674300,0.0,0.0
2023-01-23 00:00:00-05:00,111.7300033569336,112.72000122070312,111.16999816894531,112.08999633789062,482200,0.0,0.0
2023-01-24 00:00:00-05:00,111.62999725341797,113.73999786376953,110.81999969482422,113.38999938964844,382800,0.0,0.0
2023-01-25 00:00:00-05:00,112.11000061035156,113.44000244140625,111.88999938964844,113.3499984741211,296100,0.0,0.0
2023-01-26 00:00:00-05:00,114.0,114.83999633789062,112.95999908447266,113.25,396600,0.0,0.0
2023-01-27 00:00:00-05:00,112.72000122070312,114.86000061035156,112.72000122070312,114.27999877929688,531700,0.0,0.0
2023-01-30 00:00:00-05:00,113.37000274658203,115.2699966430664,113.08999633789062,114.44999694824219,554400,0.0,0.0
2023-01-31 00:00:00-05:00,115.11000061035156,117.58000183105469,114.13999938964844,117.55000305175781,691200,0.0,0.0
2023-02-01 00:00:00-05:00,116.52999877929688,120.62999725341797,115.80000305175781,120.05000305175781,634800,0.0,0.0
2023-02-02 00:00:00-05:00,121.2300033569336,123.45999908447266,120.45999908447266,121.73999786376953,988300,0.0,0.0
2023-02-03 00:00:00-05:00,120.41000366210938,123.30999755859375,120.33999633789062,122.93000030517578,673500,0.0,0.0
2023-02-06 00:00:00-05:00,121.97000122070312,123.19999694824219,120.68000030517578,120.87000274658203,475900,0.0,0.0
2023-02-07 00:00:00-05:00,119.70999908447266,120.63999938964844,117.16999816894531,120.26000213623047,507200,0.0,0.0
2023-02-08 00:00:00-05:00,119.63999938964844,121.16999816894531,119.2699966430664,120.1500015258789,470000,0.0,0.0
2023-02-09 00:00:00-05:00,121.27999877929688,121.37999725341797,118.12000274658203,118.58000183105469,687500,0.0,0.0
2023-02-10 00:00:00-05:00,118.61000061035156,119.41000366210938,117.7300033569336,118.08000183105469,462800,0.0,0.0
2023-02-13 00:00:00-05:00,118.5,120.13999938964844,118.02999877929688,119.91999816894531,671900,0.0,0.0
2023-02-14 00:00:00-05:00,119.02999877929688,120.41999816894531,118.25,119.86000061035156,375000,0.0,0.0
2023-02-15 00:00:00-05:00,118.83999633789062,121.77999877929688,118.55999755859375,121.58000183105469,437300,0.0,0.0
2023-02-16 00:00:00-05:00,119.23999786376953,120.06999969482422,118.18000030517578,118.75,656600,0.0,0.0
2023-02-17 00:00:00-05:00,118.48999786376953,118.88999938964844,116.45999908447266,118.5999984741211,839000,0.0,0.0
2023-02-21 00:00:00-05:00,117.36000061035156,118.05000305175781,113.61000061035156,115.01000213623047,1217800,0.0,0.0
2023-02-22 00:00:00-05:00,118.08000183105469,118.08000183105469,112.05999755859375,113.13999938964844,1645000,0.0,0.0
2023-02-23 00:00:00-05:00,114.95999908447266,116.02999877929688,112.30000305175781,113.77999877929688,1453400,0.0,0.0
2023-02-24 00:00:00-05:00,112.25,113.80999755859375,111.37000274658203,113.01000213623047,1048900,0.0,0.0
2023-02-27 00:00:00-05:00,114.1500015258789,114.8499984741211,112.02999877929688,113.0,1025300,0.0,0.0
2023-02-28 00:00:00-05:00,112.8499984741211,113.44000244140625,112.19999694824219,112.70999908447266,1292800,0.0,0.0
2023-03-01 00:00:00-05:00,112.0999984741211,113.0,111.80999755859375,112.41000366210938,841600,0.0,0.0
2023-03-02 00:00:00-05:00,111.69000244140625,112.62999725341797,111.4000015258789,112.51000213623047,924700,0.0,0.0
2023-03-03 00:00:00-05:00,113.23999786376953,114.87000274658203,112.25,114.76000213623047,659100,0.0,0.0
2023-03-06 00:00:00-05:00,114.83000183105469,115.77999877929688,114.27999877929688,114.43000030517578,691400,0.0,0.0
2023-03-07 00:00:00-05:00,114.5999984741211,115.11000061035156,113.08000183105469,113.37999725341797,675000,0.0,0.0
2023-03-08 00:00:00-05:00,113.69000244140625,114.62000274658203,112.7699966430664,114.3499984741211,650600,0.0,0.0
2023-03-09 00:00:00-05:00,114.7300033569336,115.37999725341797,111.22000122070312,111.5,898700,0.0,0.0
2023-03-10 00:00:00-05:00,111.6500015258789,111.6500015258789,107.20999908447266,107.48999786376953,883100,0.0,0.0
2023-03-13 00:00:00-04:00,106.2300033569336,107.5,105.16999816894531,105.9800033569336,874000,0.0,0.0
2023-03-14 00:00:00-04:00,107.48999786376953,108.83000183105469,106.16000366210938,107.62000274658203,938200,0.0,0.0
2023-03-15 00:00:00-04:00,105.37000274658203,105.51000213623047,101.91999816894531,103.83999633789062,1065900,0.0,0.0
2023-03-16 00:00:00-04:00,103.19999694824219,106.41000366210938,102.08000183105469,106.18000030517578,1128300,0.0,0.0
2023-03-17 00:00:00-04:00,106.0,106.05999755859375,103.11000061035156,103.31999969482422,1994100,0.0,0.0
2023-03-20 00:00:00-04:00,104.0,106.06999969482422,103.62000274658203,105.80999755859375,938600,0.0,0.0
2023-03-21 00:00:00-04:00,107.33000183105469,107.5199966430664,105.98999786376953,106.91999816894531,873100,0.0,0.0
2023-03-22 00:00:00-04:00,106.58999633789062,106.91999816894531,103.6500015258789,103.86000061035156,730300,0.0,0.0
2023-03-23 00:00:00-04:00,104.05999755859375,105.33999633789062,101.23999786376953,102.2699966430664,957300,0.0,0.0
2023-03-24 00:00:00-04:00,101.2300033569336,101.56999969482422,99.56999969482422,100.5999984741211,877500,0.0,0.0
2023-03-27 00:00:00-04:00,101.9800033569336,102.58999633789062,101.04000091552734,102.4000015258789,851100,0.0,0.0
2023-03-28 00:00:00-04:00,102.75,104.47000122070312,102.38999938964844,104.22000122070312,987900,0.0,0.0
2023-03-29 00:00:00-04:00,105.4000015258789,105.61000061035156,104.37000274658203,105.4000015258789,625500,0.0,0.0
2023-03-30 00:00:00-04:00,106.27999877929688,106.27999877929688,104.7300033569336,105.04000091552734,460000,0.0,0.0
2023-03-31 00:00:00-04:00,105.79000091552734,106.8499984741211,105.33999633789062,106.7300033569336,726500,0.0,0.0
2023-04-03 00:00:00-04:00,106.19000244140625,106.73999786376953,104.73999786376953,106.05999755859375,859900,0.0,0.0
2023-04-04 00:00:00-04:00,105.9800033569336,105.9800033569336,99.06999969482422,99.97000122070312,1311700,0.0,0.0
2023-04-05 00:00:00-04:00,99.25,99.86000061035156,98.01000213623047,99.19000244140625,1318900,0.0,0.0
2023-04-06 00:00:00-04:00,99.01000213623047,99.75,98.05000305175781,99.63999938964844,836800,0.0,0.0
2023-04-10 00:00:00-04:00,98.72000122070312,100.43000030517578,98.72000122070312,100.37999725341797,526000,0.0,0.0
2023-04-11 00:00:00-04:00,101.05999755859375,102.29000091552734,100.36000061035156,101.33000183105469,643600,0.0,0.0
2023-04-12 00:00:00-04:00,101.98999786376953,102.69999694824219,101.37000274658203,101.55000305175781,548000,0.0,0.0
2023-04-13 00:00:00-04:00,101.62999725341797,102.68000030517578,99.98999786376953,102.13999938964844,661400,0.0,0.0
2023-04-14 00:00:00-04:00,102.16000366210938,103.95999908447266,101.6500015258789,102.73999786376953,1008900,0.0,0.0
2023-04-17 00:00:00-04:00,103.13999938964844,104.72000122070312,102.7699966430664,104.43000030517578,1016900,0.0,0.0
2023-04-18 00:00:00-04:00,105.25,106.27999877929688,103.48999786376953,104.30999755859375,765300,0.0,0.0
2023-04-19 00:00:00-04:00,103.80000305175781,104.55000305175781,103.4000015258789,104.18000030517578,527000,0.0,0.0
2023-04-20 00:00:00-04:00,103.5999984741211,104.66999816894531,103.18000030517578,104.19000244140625,765400,0.0,0.0
2023-04-21 00:00:00-04:00,104.44000244140625,104.44999694824219,102.75,102.98999786376953,672300,0.0,0.0
2023-04-24 00:00:00-04:00,103.37000274658203,103.70999908447266,102.25,103.13999938964844,861300,0.0,0.0
2023-04-25 00:00:00-04:00,103.2699966430664,104.12000274658203,101.91999816894531,101.94999694824219,1365800,0.0,0.0
2023-04-26 00:00:00-04:00,108.9000015258789,110.54000091552734,107.05999755859375,107.48999786376953,2946600,0.0,0.0
2023-04-27 00:00:00-04:00,110.54000091552734,112.06999969482422,108.66000366210938,111.44000244140625,1409300,0.0,0.0
2023-04-28 00:00:00-04:00,111.30000305175781,111.9000015258789,109.08000183105469,110.4800033569336,1233000,0.0,0.0
2023-05-01 00:00:00-04:00,110.62000274658203,111.52999877929688,109.56999969482422,110.68000030517578,973400,0.0,0.0
2023-05-02 00:00:00-04:00,110.97000122070312,111.04000091552734,108.86000061035156,109.61000061035156,597500,0.0,0.0
2023-05-03 00:00:00-04:00,110.41000366210938,111.23999786376953,108.75,108.95999908447266,644800,0.0,0.0
2023-05-04 00:00:00-04:00,108.72000122070312,109.44999694824219,106.97000122070312,107.02999877929688,527700,0.0,0.0
2023-05-05 00:00:00-04:00,108.08000183105469,108.66999816894531,107.13999938964844,108.08999633789062,813800,0.0,0.0
2023-05-08 00:00:00-04:00,108.37999725341797,108.94000244140625,107.30999755859375,107.62000274658203,381800,0.0,0.0
2023-05-09 00:00:00-04:00,107.18000030517578,108.2699966430664,106.62999725341797,107.8499984741211,668200,0.0,0.0
2023-05-10 00:00:00-04:00,108.69000244140625,109.2300033569336,107.05999755859375,108.30999755859375,605700,0.0,0.0
2023-05-11 00:00:00-04:00,107.38999938964844,109.02999877929688,106.68000030517578,108.87000274658203,658600,0.0,0.0
2023-05-12 00:00:00-04:00,109.48999786376953,109.83999633789062,107.3499984741211,108.72000122070312,601400,0.0,0.0
2023-05-15 00:00:00-04:00,108.31999969482422,109.41999816894531,107.69999694824219,109.37999725341797,327400,0.0,0.0
2023-05-16 00:00:00-04:00,108.44999694824219,108.91999816894531,106.44999694824219,106.5,512500,0.0,0.0
2023-05-17 00:00:00-04:00,106.95999908447266,109.19000244140625,106.95999908447266,109.05000305175781,497900,0.0,0.0
2023-05-18 00:00:00-04:00,108.73999786376953,110.87999725341797,108.44000244140625,110.48999786376953,575900,0.0,0.0
2023-05-19 00:00:00-04:00,111.70999908447266,111.70999908447266,109.05999755859375,109.30000305175781,572200,0.0,0.0
2023-05-22 00:00:00-04:00,109.2699966430664,110.29000091552734,108.5,109.76000213623047,403600,0.0,0.0
2023-05-23 00:00:00-04:00,108.66999816894531,109.68000030517578,107.56999969482422,107.86000061035156,452800,0.0,0.0
2023-05-24 00:00:00-04:00,107.83999633789062,107.83999633789062,105.83999633789062,106.27999877929688,490800,0.0,0.0
2023-05-25 00:00:00-04:00,106.56999969482422,106.77999877929688,104.43000030517578,105.25,598200,0.0,0.0
2023-05-26 00:00:00-04:00,105.30000305175781,107.27999877929688,105.29000091552734,107.0999984741211,727100,0.0,0.0
2023-05-30 00:00:00-04:00,107.4000015258789,107.7699966430664,106.36000061035156,107.08000183105469,478400,0.0,0.0
2023-05-31 00:00:00-04:00,106.69999694824219,107.27999877929688,103.88999938964844,104.73999786376953,1533000,0.0,0.0
2023-06-01 00:00:00-04:00,104.41999816894531,105.37000274658203,103.55000305175781,104.76000213623047,668100,0.0,0.0
2023-06-02 00:00:00-04:00,105.97000122070312,109.58999633789062,105.2300033569336,109.2699966430664,765300,0.0,0.0
2023-06-05 00:00:00-04:00,109.26000213623047,109.55000305175781,107.58000183105469,108.47000122070312,573000,0.0,0.0
2023-06-06 00:00:00-04:00,108.86000061035156,110.72000122070312,108.86000061035156,110.16999816894531,663800,0.0,0.0
2023-06-07 00:00:00-04:00,110.1500015258789,113.76000213623047,110.05999755859375,113.08000183105469,708100,0.0,0.0
2023-06-08 00:00:00-04:00,112.56999969482422,113.69000244140625,112.11000061035156,113.0999984741211,636600,0.0,0.0
2023-06-09 00:00:00-04:00,113.2699966430664,113.72000122070312,112.18000030517578,112.6500015258789,407400,0.0,0.0
2023-06-12 00:00:00-04:00,113.04000091552734,115.2300033569336,112.44999694824219,114.58999633789062,808600,0.0,0.0
2023-06-13 00:00:00-04:00,114.58999633789062,118.04000091552734,114.58999633789062,117.7699966430664,928200,0.0,0.0
2023-06-14 00:00:00-04:00,117.8499984741211,118.69000244140625,116.31999969482422,116.7699966430664,1023900,0.0,0.0
2023-06-15 00:00:00-04:00,116.5999984741211,119.31999969482422,116.05000305175781,118.94000244140625,857300,0.0,0.0
2023-06-16 00:00:00-04:00,119.87999725341797,119.95999908447266,117.54000091552734,118.43000030517578,2882000,0.0,0.0
2023-06-20 00:00:00-04:00,117.25,119.01000213623047,117.19999694824219,118.22000122070312,800400,0.0,0.0
2023-06-21 00:00:00-04:00,117.56999969482422,119.9800033569336,117.37000274658203,119.41999816894531,729100,0.0,0.0
2023-06-22 00:00:00-04:00,119.44000244140625,119.9800033569336,116.18000030517578,116.38999938964844,898700,0.0,0.0
2023-06-23 00:00:00-04:00,115.61000061035156,116.55999755859375,114.68000030517578,115.5,1110500,0.0,0.0
2023-06-26 00:00:00-04:00,115.83000183105469,117.56999969482422,115.58000183105469,117.16999816894531,613400,0.0,0.0
2023-06-27 00:00:00-04:00,117.61000061035156,119.31999969482422,117.26000213623047,118.98999786376953,481200,0.0,0.0
2023-06-28 00:00:00-04:00,118.61000061035156,119.06999969482422,117.08999633789062,118.16000366210938,514700,0.0,0.0
2023-06-29 00:00:00-04:00,118.0,119.62999725341797,118.0,119.58000183105469,544900,0.0,0.0
2023-06-30 00:00:00-04:00,120.0,120.83999633789062,119.5199966430664,120.0199966430664,738200,0.0,0.0
2023-07-03 00:00:00-04:00,119.12000274658203,119.94999694824219,117.44000244140625,118.75,483200,0.0,0.0
2023-07-05 00:00:00-04:00,117.51000213623047,117.79000091552734,116.04000091552734,116.56999969482422,666200,0.0,0.0
2023-07-06 00:00:00-04:00,115.11000061035156,115.68000030517578,114.33999633789062,115.41999816894531,743400,0.0,0.0
2023-07-07 00:00:00-04:00,115.33999633789062,117.86000061035156,115.25,116.79000091552734,493600,0.0,0.0
2023-07-10 00:00:00-04:00,116.81999969482422,118.93000030517578,116.81999969482422,118.55999755859375,512000,0.0,0.0
2023-07-11 00:00:00-04:00,119.2300033569336,121.66999816894531,118.83999633789062,121.4000015258789,832500,0.0,0.0
2023-07-12 00:00:00-04:00,122.9800033569336,123.19000244140625,121.5999984741211,122.3499984741211,689500,0.0,0.0
2023-07-13 00:00:00-04:00,122.12000274658203,122.91999816894531,121.4000015258789,122.77999877929688,482300,0.0,0.0
2023-07-14 00:00:00-04:00,122.6500015258789,123.04000091552734,121.80000305175781,122.73999786376953,386900,0.0,0.0
2023-07-17 00:00:00-04:00,122.5,124.58000183105469,121.87000274658203,124.19000244140625,632200,0.0,0.0
2023-07-18 00:00:00-04:00,123.91999816894531,126.05000305175781,123.76000213623047,125.5999984741211,789900,0.0,0.0
2023-07-19 00:00:00-04:00,125.0199966430664,126.36000061035156,125.01000213623047,125.80000305175781,935300,0.0,0.0
2023-07-20 00:00:00-04:00,126.36000061035156,126.36000061035156,124.05999755859375,124.62000274658203,871100,0.0,0.0
2023-07-21 00:00:00-04:00,124.94000244140625,125.68000030517578,124.58999633789062,125.19000244140625,752900,0.0,0.0
2023-07-24 00:00:00-04:00,125.45999908447266,126.5,125.01000213623047,126.3499984741211,793200,0.0,0.0
2023-07-25 00:00:00-04:00,125.56999969482422,128.36000061035156,125.37999725341797,127.06999969482422,1216500,0.0,0.0
2023-07-26 00:00:00-04:00,120.44000244140625,123.43000030517578,115.55000305175781,117.30000305175781,2476200,0.0,0.0
2023-07-27 00:00:00-04:00,118.19000244140625,120.22000122070312,114.94000244140625,115.51000213623047,1389300,0.0,0.0
2023-07-28 00:00:00-04:00,116.97000122070312,117.05000305175781,114.38999938964844,114.98999786376953,986100,0.0,0.0
2023-07-31 00:00:00-04:00,118.4000015258789,118.79000091552734,116.27999877929688,116.86000061035156,1076000,0.0,0.0
2023-08-01 00:00:00-04:00,116.22000122070312,117.12999725341797,115.41000366210938,116.12999725341797,761000,0.0,0.0
2023-08-02 00:00:00-04:00,115.38999938964844,115.80000305175781,114.04000091552734,114.4800033569336,615700,0.0,0.0
2023-08-03 00:00:00-04:00,113.16000366210938,113.37000274658203,111.33999633789062,111.58999633789062,1171000,0.0,0.0
2023-08-04 00:00:00-04:00,112.83999633789062,113.38999938964844,111.54000091552734,111.91000366210938,626600,0.0,0.0
2023-08-07 00:00:00-04:00,112.04000091552734,113.26000213623047,111.8499984741211,113.22000122070312,602000,0.0,0.0
2023-08-08 00:00:00-04:00,111.79000091552734,112.08000183105469,110.55000305175781,111.80999755859375,710800,0.0,0.0
2023-08-09 00:00:00-04:00,111.3499984741211,111.9800033569336,110.44000244140625,110.91000366210938,762400,0.0,0.0
2023-08-10 00:00:00-04:00,111.0999984741211,111.7699966430664,109.93000030517578,111.27999877929688,772000,0.0,0.0
2023-08-11 00:00:00-04:00,111.0199966430664,113.08000183105469,111.01000213623047,111.41000366210938,700900,0.0,0.0
2023-08-14 00:00:00-04:00,111.56999969482422,112.43000030517578,110.69000244140625,112.31999969482422,698300,0.0,0.0
2023-08-15 00:00:00-04:00,111.41000366210938,111.9800033569336,108.73999786376953,109.25,906000,0.0,0.0
2023-08-16 00:00:00-04:00,109.55999755859375,110.66000366210938,107.68000030517578,107.7699966430664,739100,0.0,0.0
2023-08-17 00:00:00-04:00,107.6500015258789,108.62999725341797,105.5,105.87000274658203,870700,0.0,0.0
2023-08-18 00:00:00-04:00,105.54000091552734,107.87000274658203,105.11000061035156,107.62999725341797,907000,0.0,0.0
2023-08-21 00:00:00-04:00,107.5999984741211,108.08999633789062,106.08999633789062,107.44000244140625,784700,0.0,0.0
2023-08-22 00:00:00-04:00,107.75,108.44000244140625,107.45999908447266,107.79000091552734,671400,0.0,0.0
2023-08-23 00:00:00-04:00,108.37000274658203,111.19999694824219,108.37000274658203,110.43000030517578,943500,0.0,0.0
2023-08-24 00:00:00-04:00,109.66999816894531,110.87999725341797,108.3499984741211,108.37999725341797,712600,0.0,0.0
2023-08-25 00:00:00-04:00,109.33000183105469,110.19000244140625,108.33000183105469,109.83999633789062,769400,0.0,0.0
2023-08-28 00:00:00-04:00,110.47000122070312,111.61000061035156,110.20999908447266,110.80999755859375,575100,0.0,0.0
2023-08-29 00:00:00-04:00,110.72000122070312,113.16999816894531,110.72000122070312,112.76000213623047,716600,0.0,0.0
2023-08-30 00:00:00-04:00,112.76000213623047,114.76000213623047,112.76000213623047,113.56999969482422,776100,0.0,0.0
2023-08-31 00:00:00-04:00,114.02999877929688,115.11000061035156,113.37000274658203,113.80999755859375,1014100,0.0,0.0
2023-09-01 00:00:00-04:00,114.58000183105469,115.68000030517578,114.38999938964844,114.75,528000,0.0,0.0
2023-09-05 00:00:00-04:00,114.51000213623047,114.94999694824219,111.08000183105469,111.13999938964844,681400,0.0,0.0
2023-09-06 00:00:00-04:00,109.26000213623047,111.4800033569336,107.81999969482422,108.47000122070312,1301100,0.0,0.0
2023-09-07 00:00:00-04:00,108.18000030517578,108.62000274658203,107.26000213623047,108.02999877929688,893600,0.0,0.0
2023-09-08 00:00:00-04:00,108.30999755859375,108.9000015258789,107.4000015258789,108.0999984741211,614500,0.0,0.0
2023-09-11 00:00:00-04:00,108.94999694824219,108.94999694824219,107.77999877929688,108.2699966430664,628500,0.0,0.0
2023-09-12 00:00:00-04:00,107.19999694824219,108.2300033569336,106.62999725341797,106.76000213623047,586700,0.0,0.0
2023-09-13 00:00:00-04:00,106.48999786376953,107.3499984741211,105.11000061035156,105.55999755859375,465600,0.0,0.0
2023-09-14 00:00:00-04:00,106.44000244140625,106.98999786376953,105.45999908447266,106.30999755859375,343000,0.0,0.0
2023-09-15 00:00:00-04:00,105.11000061035156,106.5199966430664,104.7699966430664,105.68000030517578,1423100,0.0,0.0
2023-09-18 00:00:00-04:00,105.73999786376953,106.19000244140625,104.62999725341797,105.18000030517578,545500,0.0,0.0
2023-09-19 00:00:00-04:00,104.93000030517578,105.91999816894531,104.2699966430664,105.83999633789062,685300,0.0,0.0
2023-09-20 00:00:00-04:00,106.68000030517578,107.36000061035156,104.16999816894531,104.25,648200,0.0,0.0
2023-09-21 00:00:00-04:00,103.66000366210938,104.73999786376953,102.83999633789062,103.8499984741211,736200,0.0,0.0
2023-09-22 00:00:00-04:00,104.08000183105469,104.8499984741211,103.36000061035156,103.81999969482422,513200,0.0,0.0
2023-09-25 00:00:00-04:00,103.0999984741211,104.5,103.0999984741211,103.98999786376953,414700,0.0,0.0
2023-09-26 00:00:00-04:00,103.0999984741211,103.7300033569336,101.93000030517578,102.08999633789062,545400,0.0,0.0
2023-09-27 00:00:00-04:00,103.08999633789062,104.02999877929688,102.58000183105469,103.29000091552734,571200,0.0,0.0
2023-09-28 00:00:00-04:00,102.91000366210938,105.25,102.8499984741211,104.26000213623047,548700,0.0,0.0
2023-09-29 00:00:00-04:00,105.16000366210938,105.30000305175781,103.91000366210938,104.19999694824219,653200,0.0,0.0
2023-10-02 00:00:00-04:00,104.0,104.58999633789062,102.5199966430664,103.12999725341797,674800,0.0,0.0
2023-10-03 00:00:00-04:00,102.66000366210938,104.06999969482422,101.94999694824219,102.77999877929688,606900,0.0,0.0
2023-10-04 00:00:00-04:00,103.12999725341797,104.30000305175781,102.4800033569336,104.12000274658203,615500,0.0,0.0
2023-10-05 00:00:00-04:00,103.94999694824219,104.08000183105469,102.08000183105469,102.75,611100,0.0,0.0
2023-10-06 00:00:00-04:00,101.98999786376953,104.4000015258789,101.41999816894531,103.69000244140625,680700,0.0,0.0
2023-10-09 00:00:00-04:00,102.75,104.95999908447266,102.16999816894531,104.44999694824219,371400,0.0,0.0
2023-10-10 00:00:00-04:00,105.0,106.56999969482422,104.52999877929688,105.47000122070312,471700,0.0,0.0
2023-10-11 00:00:00-04:00,105.54000091552734,106.37000274658203,105.19999694824219,105.97000122070312,330400,0.0,0.0
2023-10-12 00:00:00-04:00,105.94999694824219,105.95999908447266,103.12999725341797,103.94000244140625,467700,0.0,0.0
2023-10-13 00:00:00-04:00,103.93000030517578,105.05999755859375,102.26000213623047,103.4800033569336,546300,0.0,0.0
2023-10-16 00:00:00-04:00,104.80999755859375,105.6500015258789,103.76000213623047,105.26000213623047,470500,0.0,0.0
2023-10-17 00:00:00-04:00,104.6500015258789,106.75,103.91000366210938,105.58999633789062,443300,0.0,0.0
2023-10-18 00:00:00-04:00,104.08000183105469,104.08000183105469,99.87999725341797,100.06999969482422,691500,0.0,0.0
2023-10-19 00:00:00-04:00,99.1500015258789,100.87000274658203,98.02999877929688,98.55999755859375,566100,0.0,0.0
2023-10-20 00:00:00-04:00,98.55999755859375,98.69999694824219,96.38999938964844,97.0,1194900,0.0,0.0
2023-10-23 00:00:00-04:00,96.54000091552734,97.88999938964844,96.54000091552734,96.87000274658203,694000,0.0,0.0
2023-10-24 00:00:00-04:00,97.76000213623047,98.79000091552734,96.77999877929688,97.11000061035156,588500,0.0,0.0
2023-10-25 00:00:00-04:00,96.55999755859375,97.97000122070312,95.94000244140625,96.5199966430664,1030300,0.0,0.0
2023-10-26 00:00:00-04:00,97.52999877929688,98.25,96.72000122070312,97.25,812400,0.0,0.0
2023-10-27 00:00:00-04:00,97.12000274658203,98.44000244140625,96.9000015258789,97.43000030517578,748000,0.0,0.0
2023-10-30 00:00:00-04:00,98.2300033569336,98.76000213623047,96.47000122070312,97.70999908447266,1148800,0.0,0.0
2023-10-31 00:00:00-04:00,102.12999725341797,104.98999786376953,95.97000122070312,98.36000061035156,2026900,0.0,0.0
2023-11-01 00:00:00-04:00,98.58999633789062,100.25,97.0999984741211,98.91999816894531,1169700,0.0,0.0
2023-11-02 00:00:00-04:00,100.37999725341797,101.19999694824219,98.20999908447266,99.12999725341797,776300,0.0,0.0
2023-11-03 00:00:00-04:00,100.83999633789062,102.33000183105469,100.29000091552734,101.88999938964844,686900,0.0,0.0
2023-11-06 00:00:00-05:00,101.9000015258789,102.3499984741211,101.44000244140625,101.7300033569336,813900,0.0,0.0
2023-11-07 00:00:00-05:00,101.16000366210938,101.9000015258789,100.22000122070312,101.41000366210938,461400,0.0,0.0
2023-11-08 00:00:00-05:00,101.88999938964844,102.73999786376953,101.5199966430664,102.06999969482422,813800,0.0,0.0
2023-11-09 00:00:00-05:00,102.44000244140625,102.86000061035156,101.11000061035156,101.12999725341797,669900,0.0,0.0
2023-11-10 00:00:00-05:00,102.05000305175781,103.66999816894531,101.44000244140625,103.48999786376953,599700,0.0,0.0
2023-11-13 00:00:00-05:00,102.75,103.41000366210938,102.1500015258789,103.2300033569336,666500,0.0,0.0
2023-11-14 00:00:00-05:00,105.29000091552734,106.30999755859375,104.27999877929688,105.93000030517578,1016200,0.0,0.0
2023-11-15 00:00:00-05:00,106.37999725341797,107.37999725341797,105.6500015258789,106.66999816894531,661700,0.0,0.0
2023-11-16 00:00:00-05:00,106.61000061035156,107.3499984741211,105.76000213623047,105.94999694824219,428100,0.0,0.0
2023-11-17 00:00:00-05:00,106.95999908447266,106.95999908447266,105.51000213623047,106.3499984741211,411900,0.0,0.0
2023-11-20 00:00:00-05:00,106.2699966430664,106.47000122070312,104.62000274658203,105.73999786376953,441800,0.0,0.0
2023-11-21 00:00:00-05:00,105.5199966430664,105.62000274658203,103.8499984741211,104.16000366210938,712100,0.0,0.0
2023-11-22 00:00:00-05:00,104.66999816894531,105.36000061035156,104.23999786376953,104.66999816894531,439000,0.0,0.0
2023-11-24 00:00:00-05:00,104.91000366210938,105.19999694824219,104.38999938964844,105.04000091552734,196400,0.0,0.0
2023-11-27 00:00:00-05:00,104.47000122070312,104.63999938964844,103.55000305175781,104.1500015258789,636700,0.0,0.0
2023-11-28 00:00:00-05:00,103.91000366210938,105.05000305175781,103.19000244140625,104.12000274658203,604500,0.0,0.0
2023-11-29 00:00:00-05:00,105.12000274658203,106.23999786376953,104.5,104.58999633789062,476600,0.0,0.0
2023-11-30 00:00:00-05:00,104.81999969482422,106.3499984741211,103.56999969482422,106.08999633789062,1287900,0.0,0.0
2023-12-01 00:00:00-05:00,106.33999633789062,108.79000091552734,105.31999969482422,108.69000244140625,689300,0.0,0.0
2023-12-04 00:00:00-05:00,106.5999984741211,108.45999908447266,105.94000244140625,107.05000305175781,661000,0.0,0.0
2023-12-05 00:00:00-05:00,106.08999633789062,106.80999755859375,105.23999786376953,105.5199966430664,509600,0.0,0.0
2023-12-06 00:00:00-05:00,106.16999816894531,106.54000091552734,104.87999725341797,105.12999725341797,969600,0.0,0.0
2023-12-07 00:00:00-05:00,105.33000183105469,105.7699966430664,104.25,105.08999633789062,729900,0.0,0.0
2023-12-08 00:00:00-05:00,107.0,112.36000061035156,106.66000366210938,110.33999633789062,2081100,0.0,0.0
2023-12-11 00:00:00-05:00,110.05000305175781,110.6500015258789,109.01000213623047,109.77999877929688,756100,0.0,0.0
2023-12-12 00:00:00-05:00,109.0999984741211,110.30999755859375,108.19000244140625,109.75,699100,0.0,0.0
2023-12-13 00:00:00-05:00,109.33000183105469,111.80999755859375,107.91999816894531,111.25,870200,0.0,0.0
2023-12-14 00:00:00-05:00,112.37000274658203,118.94000244140625,112.26000213623047,118.58000183105469,1939900,0.0,0.0
2023-12-15 00:00:00-05:00,117.86000061035156,118.62999725341797,116.87000274658203,117.5199966430664,1580900,0.0,0.0
2023-12-18 00:00:00-05:00,118.30000305175781,118.30000305175781,116.93000030517578,117.94999694824219,744200,0.0,0.0
2023-12-19 00:00:00-05:00,118.8499984741211,119.56999969482422,118.31999969482422,119.5199966430664,873000,0.0,0.0
2023-12-20 00:00:00-05:00,119.27999877929688,122.5999984741211,119.16999816894531,120.54000091552734,1634200,0.0,0.0
2023-12-21 00:00:00-05:00,121.38999938964844,123.19999694824219,121.19999694824219,123.01000213623047,1212600,0.0,0.0
2023-12-22 00:00:00-05:00,124.08999633789062,126.12999725341797,123.44999694824219,126.12000274658203,1683600,0.0,0.0
2023-12-26 00:00:00-05:00,126.29000091552734,127.62000274658203,125.45999908447266,127.4800033569336,778400,0.0,0.0
2023-12-27 00:00:00-05:00,127.5199966430664,128.42999267578125,126.61000061035156,127.58999633789062,1011100,0.0,0.0
2023-12-28 00:00:00-05:00,127.19999694824219,127.54000091552734,126.44000244140625,126.86000061035156,714100,0.0,0.0
2023-12-29 00:00:00-05:00,126.13999938964844,127.16999816894531,125.47000122070312,126.69000244140625,672700,0.0,0.0
2024-01-02 00:00:00-05:00,125.91999816894531,126.4800033569336,123.4800033569336,124.25,1003700,0.0,0.0
2024-01-03 00:00:00-05:00,123.04000091552734,123.04000091552734,120.66000366210938,121.51000213623047,825800,0.0,0.0
2024-01-04 00:00:00-05:00,121.55999755859375,122.93000030517578,121.08999633789062,122.2699966430664,751000,0.0,0.0
2024-01-05 00:00:00-05:00,122.27999877929688,123.30000305175781,121.93000030517578,122.77999877929688,660100,0.0,0.0
2024-01-08 00:00:00-05:00,123.04000091552734,124.08999633789062,122.66000366210938,123.7300033569336,697500,0.0,0.0
2024-01-09 00:00:00-05:00,122.6500015258789,124.08000183105469,122.6500015258789,124.05000305175781,519000,0.0,0.0
2024-01-10 00:00:00-05:00,123.44000244140625,124.37000274658203,121.87999725341797,122.0999984741211,868400,0.0,0.0
2024-01-11 00:00:00-05:00,121.8499984741211,122.18000030517578,119.83000183105469,120.66999816894531,863000,0.0,0.0
2024-01-12 00:00:00-05:00,121.98999786376953,121.98999786376953,119.16999816894531,119.77999877929688,550900,0.0,0.0
2024-01-16 00:00:00-05:00,118.81999969482422,119.44999694824219,117.16999816894531,119.41000366210938,900400,0.0,0.0
2024-01-17 00:00:00-05:00,118.5199966430664,119.62999725341797,117.94000244140625,118.72000122070312,922200,0.0,0.0
2024-01-18 00:00:00-05:00,119.26000213623047,121.26000213623047,119.26000213623047,121.16999816894531,599700,0.0,0.0
2024-01-19 00:00:00-05:00,121.26000213623047,122.51000213623047,120.16999816894531,122.19000244140625,673700,0.0,0.0
2024-01-22 00:00:00-05:00,123.16000366210938,125.41000366210938,122.98999786376953,125.38999938964844,795000,0.0,0.0
2024-01-23 00:00:00-05:00,125.47000122070312,126.13999938964844,122.75,124.33000183105469,521400,0.0,0.0
2024-01-24 00:00:00-05:00,125.43000030517578,125.43000030517578,122.5,122.93000030517578,487400,0.0,0.0
2024-01-25 00:00:00-05:00,124.79000091552734,125.80999755859375,123.56999969482422,125.76000213623047,577400,0.0,0.0
2024-01-26 00:00:00-05:00,125.72000122070312,126.25,124.72000122070312,124.87000274658203,510900,0.0,0.0
2024-01-29 00:00:00-05:00,124.66000366210938,126.88999938964844,124.0999984741211,126.86000061035156,638200,0.0,0.0
2024-01-30 00:00:00-05:00,126.0199966430664,127.33000183105469,125.62999725341797,126.19000244140625,479700,0.0,0.0
2024-01-31 00:00:00-05:00,125.76000213623047,126.4000015258789,123.70999908447266,123.88999938964844,619400,0.0,0.0
2024-02-01 00:00:00-05:00,124.94999694824219,127.2699966430664,124.01000213623047,127.2300033569336,774300,0.0,0.0
2024-02-02 00:00:00-05:00,126.30000305175781,128.4199981689453,125.08000183105469,127.62999725341797,585000,0.0,0.0
2024-02-05 00:00:00-05:00,126.19999694824219,126.75,123.88999938964844,125.76000213623047,598100,0.0,0.0
2024-02-06 00:00:00-05:00,125.05000305175781,126.44999694824219,125.05000305175781,126.02999877929688,338800,0.0,0.0
2024-02-07 00:00:00-05:00,126.93000030517578,127.58999633789062,126.06999969482422,126.94000244140625,548700,0.0,0.0
2024-02-08 00:00:00-05:00,128.75999450683594,130.58999633789062,127.83000183105469,130.52000427246094,755700,0.0,0.0
2024-02-09 00:00:00-05:00,130.19000244140625,132.9499969482422,130.19000244140625,131.91000366210938,780400,0.0,0.0
2024-02-12 00:00:00-05:00,131.6699981689453,133.92999267578125,131.58999633789062,133.57000732421875,766100,0.0,0.0
2024-02-13 00:00:00-05:00,129.0,130.6699981689453,128.22000122070312,129.58999633789062,840700,0.0,0.0
2024-02-14 00:00:00-05:00,131.07000732421875,131.30999755859375,129.0399932861328,131.17999267578125,694500,0.0,0.0
2024-02-15 00:00:00-05:00,132.02999877929688,133.66000366210938,131.39999389648438,133.30999755859375,680700,0.0,0.0
2024-02-16 00:00:00-05:00,132.5800018310547,134.88999938964844,131.9499969482422,132.4199981689453,1002800,0.0,0.0
2024-02-20 00:00:00-05:00,128.19000244140625,136.91000366210938,128.0500030517578,132.05999755859375,1527700,0.0,0.0
2024-02-21 00:00:00-05:00,131.60000610351562,132.52999877929688,128.75,131.11000061035156,1072700,0.0,0.0
2024-02-22 00:00:00-05:00,132.47000122070312,133.32000732421875,127.2699966430664,129.66000366210938,1321600,0.0,0.0
2024-02-23 00:00:00-05:00,127.75,129.86000061035156,127.51000213623047,129.08999633789062,931600,0.0,0.0
2024-02-26 00:00:00-05:00,128.77000427246094,129.6199951171875,128.22000122070312,128.49000549316406,877500,0.0,0.0
2024-02-27 00:00:00-05:00,131.6999969482422,131.6999969482422,128.69000244140625,129.2899932861328,950000,0.0,0.0
2024-02-28 00:00:00-05:00,128.8800048828125,129.82000732421875,127.95999908447266,128.16000366210938,819900,0.0,0.0
2024-02-29 00:00:00-05:00,128.60000610351562,129.60000610351562,127.79000091552734,127.87000274658203,1731600,0.0,0.0
2024-03-01 00:00:00-05:00,127.55000305175781,128.0,126.4800033569336,126.80000305175781,1435600,0.0,0.0
2024-03-04 00:00:00-05:00,126.43000030517578,129.88999938964844,125.77999877929688,128.7899932861328,1176300,0.0,0.0
2024-03-05 00:00:00-05:00,128.22000122070312,129.42999267578125,126.56999969482422,127.52999877929688,764800,0.0,0.0
2024-03-06 00:00:00-05:00,128.27999877929688,129.3800048828125,127.16999816894531,128.41000366210938,588800,0.0,0.0
2024-03-07 00:00:00-05:00,129.36000061035156,131.9499969482422,129.0399932861328,131.89999389648438,1376200,0.0,0.0
2024-03-08 00:00:00-05:00,132.52000427246094,134.5,130.64999389648438,130.85000610351562,803000,0.0,0.0
2024-03-11 00:00:00-04:00,130.47999572753906,131.38999938964844,129.35000610351562,131.0399932861328,720500,0.0,0.0
2024-03-12 00:00:00-04:00,131.2899932861328,133.60000610351562,130.3699951171875,133.0800018310547,806400,0.0,0.0
2024-03-13 00:00:00-04:00,133.02999877929688,134.39999389648438,132.2899932861328,132.75999450683594,959200,0.0,0.0
2024-03-14 00:00:00-04:00,132.38999938964844,132.69000244140625,128.66000366210938,130.05999755859375,920400,0.0,0.0
2024-03-15 00:00:00-04:00,129.0,131.60000610351562,129.0,130.38999938964844,1538700,0.0,0.0
2024-03-18 00:00:00-04:00,131.4499969482422,131.8800048828125,130.50999450683594,131.33999633789062,505400,0.0,0.0
2024-03-19 00:00:00-04:00,131.3000030517578,133.2899932861328,131.3000030517578,133.00999450683594,540900,0.0,0.0
2024-03-20 00:00:00-04:00,133.24000549316406,135.35000610351562,132.69000244140625,135.27999877929688,610400,0.0,0.0
2024-03-21 00:00:00-04:00,135.82000732421875,136.07000732421875,134.7899932861328,135.2899932861328,670400,0.0,0.0
2024-03-22 00:00:00-04:00,135.47000122070312,135.47000122070312,133.72999572753906,134.1199951171875,352600,0.0,0.0
2024-03-25 00:00:00-04:00,133.75,134.25,132.52999877929688,132.91000366210938,355400,0.0,0.0
2024-03-26 00:00:00-04:00,133.19000244140625,133.94000244140625,133.05999755859375,133.33999633789062,431300,0.0,0.0
2024-03-27 00:00:00-04:00,134.14999389648438,135.0,133.4600067138672,134.24000549316406,511900,0.0,0.0
2024-03-28 00:00:00-04:00,134.8300018310547,135.0500030517578,133.83999633789062,134.7100067138672,341200,0.0,0.0
2024-04-01 00:00:00-04:00,134.41000366210938,134.41000366210938,132.17999267578125,132.32000732421875,300300,0.0,0.0
2024-04-02 00:00:00-04:00,132.1699981689453,132.1699981689453,130.10000610351562,131.5800018310547,423200,0.0,0.0
2024-04-03 00:00:00-04:00,131.33999633789062,132.66000366210938,131.13999938964844,131.47999572753906,482500,0.0,0.0
2024-04-04 00:00:00-04:00,132.3699951171875,133.9199981689453,130.47000122070312,131.02000427246094,372800,0.0,0.0
2024-04-05 00:00:00-04:00,131.50999450683594,132.77000427246094,130.4499969482422,132.30999755859375,351900,0.0,0.0
2024-04-08 00:00:00-04:00,133.0500030517578,133.50999450683594,132.50999450683594,132.86000061035156,471400,0.0,0.0
2024-04-09 00:00:00-04:00,133.42999267578125,134.33999633789062,131.4600067138672,133.8800048828125,336700,0.0,0.0
2024-04-10 00:00:00-04:00,131.02999877929688,131.75,129.0399932861328,129.1300048828125,547500,0.0,0.0
2024-04-11 00:00:00-04:00,129.14999389648438,129.8300018310547,128.00999450683594,129.75,471500,0.0,0.0
2024-04-12 00:00:00-04:00,128.60000610351562,129.91000366210938,126.7699966430664,127.41999816894531,600000,0.0,0.0
2024-04-15 00:00:00-04:00,128.85000610351562,129.3300018310547,125.80999755859375,126.94000244140625,471000,0.0,0.0
2024-04-16 00:00:00-04:00,126.33999633789062,127.06999969482422,125.04000091552734,126.37999725341797,520000,0.0,0.0
2024-04-17 00:00:00-04:00,127.61000061035156,127.6500015258789,125.5999984741211,125.77999877929688,576900,0.0,0.0
2024-04-18 00:00:00-04:00,126.0,126.83000183105469,124.61000061035156,124.83999633789062,421300,0.0,0.0
2024-04-19 00:00:00-04:00,125.04000091552734,126.05000305175781,124.61000061035156,125.20999908447266,328300,0.0,0.0
2024-04-22 00:00:00-04:00,125.83000183105469,126.80999755859375,124.91000366210938,125.41999816894531,704900,0.0,0.0
2024-04-23 00:00:00-04:00,125.69999694824219,127.58999633789062,125.69999694824219,126.97000122070312,612300,0.0,0.0
2024-04-24 00:00:00-04:00,126.5999984741211,127.63999938964844,125.08999633789062,126.54000091552734,871200,0.0,0.0
2024-04-25 00:00:00-04:00,126.54000091552734,127.7699966430664,123.16000366210938,124.87000274658203,932000,0.0,0.0
2024-04-26 00:00:00-04:00,125.08000183105469,125.9800033569336,123.43000030517578,123.8499984741211,975500,0.0,0.0
2024-04-29 00:00:00-04:00,123.94999694824219,125.31999969482422,123.94999694824219,124.80999755859375,705700,0.0,0.0
2024-04-30 00:00:00-04:00,124.37000274658203,124.73999786376953,121.23999786376953,121.55999755859375,665200,0.0,0.0
2024-05-01 00:00:00-04:00,121.87000274658203,123.66999816894531,120.29000091552734,121.05999755859375,691400,0.0,0.0
2024-05-02 00:00:00-04:00,122.01000213623047,122.5999984741211,120.0199966430664,122.26000213623047,503100,0.0,0.0
2024-05-03 00:00:00-04:00,124.16999816894531,125.33000183105469,122.61000061035156,122.87999725341797,603800,0.0,0.0
2024-05-06 00:00:00-04:00,123.8499984741211,124.98999786376953,123.02999877929688,124.87999725341797,374200,0.0,0.0
2024-05-07 00:00:00-04:00,125.30999755859375,125.94000244140625,124.1500015258789,124.37000274658203,612400,0.0,0.0
2024-05-08 00:00:00-04:00,124.0,124.66000366210938,123.52999877929688,124.12999725341797,591600,0.0,0.0
2024-05-09 00:00:00-04:00,124.5,125.9000015258789,123.93000030517578,125.66999816894531,670400,0.0,0.0
2024-05-10 00:00:00-04:00,126.04000091552734,126.86000061035156,125.33000183105469,125.98999786376953,590000,0.0,0.0
2024-05-13 00:00:00-04:00,126.58999633789062,126.9800033569336,125.45999908447266,125.70999908447266,591600,0.0,0.0
2024-05-14 00:00:00-04:00,126.75,127.61000061035156,126.20999908447266,127.33999633789062,490600,0.0,0.0
2024-05-15 00:00:00-04:00,128.32000732421875,128.97999572753906,127.87000274658203,127.94000244140625,420400,0.0,0.0
2024-05-16 00:00:00-04:00,127.55000305175781,128.07000732421875,125.30999755859375,125.38999938964844,533000,0.0,0.0
2024-05-17 00:00:00-04:00,126.0,126.25,124.0199966430664,124.43000030517578,507600,0.0,0.0
2024-05-20 00:00:00-04:00,124.62000274658203,124.62000274658203,123.05999755859375,123.23999786376953,731700,0.0,0.0
2024-05-21 00:00:00-04:00,123.0,124.1500015258789,121.69000244140625,123.55000305175781,628300,0.0,0.0
2024-05-22 00:00:00-04:00,123.22000122070312,123.63999938964844,122.23999786376953,123.06999969482422,519900,0.0,0.0
2024-05-23 00:00:00-04:00,123.41000366210938,123.44999694824219,120.4000015258789,121.55999755859375,503500,0.0,0.0
2024-05-24 00:00:00-04:00,122.26000213623047,123.5999984741211,121.76000213623047,122.5999984741211,407800,0.0,0.0
2024-05-28 00:00:00-04:00,122.41999816894531,122.87000274658203,119.80000305175781,120.41999816894531,536900,0.0,0.0
2024-05-29 00:00:00-04:00,119.29000091552734,119.79000091552734,118.51000213623047,119.38999938964844,397900,0.0,0.0
2024-05-30 00:00:00-04:00,119.91000366210938,121.22000122070312,119.86000061035156,120.44999694824219,632200,0.0,0.0
2024-05-31 00:00:00-04:00,120.52999877929688,122.0,119.7699966430664,121.81999969482422,1117000,0.0,0.0
2024-06-03 00:00:00-04:00,122.51000213623047,122.51000213623047,118.76000213623047,120.5,545500,0.0,0.0
2024-06-04 00:00:00-04:00,117.44000244140625,119.0999984741211,115.97000122070312,117.63999938964844,719900,0.0,0.0
2024-06-05 00:00:00-04:00,117.77999877929688,118.52999877929688,117.26000213623047,118.26000213623047,517800,0.0,0.0
2024-06-06 00:00:00-04:00,118.16000366210938,119.0199966430664,116.37000274658203,117.5199966430664,507800,0.0,0.0
2024-06-07 00:00:00-04:00,116.48999786376953,117.54000091552734,115.5,116.93000030517578,372600,0.0,0.0
2024-06-10 00:00:00-04:00,116.62000274658203,118.05999755859375,116.37999725341797,117.48999786376953,533700,0.0,0.0
2024-06-11 00:00:00-04:00,117.1500015258789,117.87000274658203,115.72000122070312,117.30999755859375,566900,0.0,0.0
2024-06-12 00:00:00-04:00,119.63999938964844,122.37999725341797,119.0199966430664,119.98999786376953,437100,0.0,0.0
2024-06-13 00:00:00-04:00,119.6500015258789,119.94999694824219,117.79000091552734,119.16000366210938,461000,0.0,0.0
2024-06-14 00:00:00-04:00,116.98999786376953,117.33000183105469,115.0,116.36000061035156,480100,0.0,0.0
2024-06-17 00:00:00-04:00,116.02999877929688,117.22000122070312,115.47000122070312,116.2300033569336,785700,0.0,0.0
2024-06-18 00:00:00-04:00,116.20999908447266,116.7699966430664,115.75,116.61000061035156,884100,0.0,0.0
2024-06-20 00:00:00-04:00,115.66000366210938,117.18000030517578,115.01000213623047,115.75,720700,0.0,0.0
2024-06-21 00:00:00-04:00,115.55999755859375,116.61000061035156,113.58000183105469,116.2300033569336,1510900,0.0,0.0
2024-06-24 00:00:00-04:00,117.08000183105469,120.05999755859375,116.55000305175781,118.38999938964844,825400,0.0,0.0
2024-06-25 00:00:00-04:00,117.5999984741211,118.30999755859375,115.12999725341797,116.12999725341797,785200,0.0,0.0
2024-06-26 00:00:00-04:00,114.87999725341797,115.12999725341797,113.62000274658203,114.6500015258789,749500,0.0,0.0
2024-06-27 00:00:00-04:00,115.52999877929688,116.38999938964844,114.58000183105469,116.31999969482422,545500,0.0,0.0
2024-06-28 00:00:00-04:00,116.69000244140625,118.56999969482422,116.6500015258789,118.1500015258789,2983300,0.0,0.0
2024-07-01 00:00:00-04:00,118.54000091552734,118.80000305175781,115.37000274658203,115.73999786376953,635800,0.0,0.0
2024-07-02 00:00:00-04:00,115.83000183105469,116.48999786376953,115.33000183105469,116.11000061035156,632800,0.0,0.0
2024-07-03 00:00:00-04:00,116.30999755859375,116.97000122070312,115.37999725341797,115.69000244140625,247400,0.0,0.0
2024-07-05 00:00:00-04:00,115.54000091552734,115.54000091552734,113.2699966430664,114.94999694824219,682100,0.0,0.0
2024-07-08 00:00:00-04:00,115.5,116.19999694824219,114.48999786376953,115.04000091552734,442700,0.0,0.0
2024-07-09 00:00:00-04:00,114.66999816894531,115.37000274658203,114.04000091552734,114.66999816894531,277100,0.0,0.0
2024-07-10 00:00:00-04:00,114.66999816894531,117.20999908447266,114.30000305175781,117.0,1027300,0.0,0.0
2024-07-11 00:00:00-04:00,118.4800033569336,121.79000091552734,118.25,119.83000183105469,732900,0.0,0.0
2024-07-12 00:00:00-04:00,120.38999938964844,123.77999877929688,120.38999938964844,122.93000030517578,612600,0.0,0.0
2024-07-15 00:00:00-04:00,123.12999725341797,124.75,122.26000213623047,122.72000122070312,381100,0.0,0.0
2024-07-16 00:00:00-04:00,123.66999816894531,128.2899932861328,122.80000305175781,128.02000427246094,622400,0.0,0.0
2024-07-17 00:00:00-04:00,127.55999755859375,128.92999267578125,126.02999877929688,126.91999816894531,578800,0.0,0.0
2024-07-18 00:00:00-04:00,126.30000305175781,130.1300048828125,126.13999938964844,127.41000366210938,838900,0.0,0.0
2024-07-19 00:00:00-04:00,127.97000122070312,127.97000122070312,124.05999755859375,124.0999984741211,594200,0.0,0.0
2024-07-22 00:00:00-04:00,124.66000366210938,126.79000091552734,123.05000305175781,126.66999816894531,602000,0.0,0.0
2024-07-23 00:00:00-04:00,125.97000122070312,127.6500015258789,125.3499984741211,127.18000030517578,796500,0.0,0.0
2024-07-24 00:00:00-04:00,130.33999633789062,131.7899932861328,124.61000061035156,127.86000061035156,1551500,0.0,0.0
2024-07-25 00:00:00-04:00,129.02999877929688,133.9600067138672,127.3499984741211,132.8800048828125,1312100,0.0,0.0
2024-07-26 00:00:00-04:00,134.14999389648438,137.52000427246094,133.42999267578125,136.77000427246094,1089900,0.0,0.0
2024-07-29 00:00:00-04:00,136.63999938964844,138.67999267578125,136.4199981689453,137.66000366210938,757700,0.0,0.0
2024-07-30 00:00:00-04:00,138.97000122070312,141.10000610351562,138.00999450683594,139.33999633789062,991100,0.0,0.0
2024-07-31 00:00:00-04:00,141.75999450683594,141.99000549316406,136.5800018310547,136.80999755859375,925300,0.0,0.0
2024-08-01 00:00:00-04:00,136.60000610351562,139.1999969482422,131.94000244140625,132.2899932861328,1156100,0.0,0.0
2024-08-02 00:00:00-04:00,130.0800018310547,130.55999755859375,127.83000183105469,129.5399932861328,1312900,0.0,0.0
