Date,Open,High,Low,Close,Volume,Dividends,Stock Splits
1984-11-19 00:00:00-05:00,17.143796920776367,17.143796920776367,17.143796920776367,17.143796920776367,28,0.0,0.0
1984-11-20 00:00:00-05:00,15.238926887512209,15.238926887512209,15.238926887512209,15.238926887512207,28,0.0,0.0
1984-11-21 00:00:00-05:00,15.238926887512209,15.238926887512209,15.238926887512209,15.238926887512207,0,0.0,0.0
1984-11-23 00:00:00-05:00,15.238926887512209,15.238926887512209,15.238926887512209,15.238926887512207,0,0.0,0.0
1984-11-26 00:00:00-05:00,13.334063529968262,13.334063529968262,13.334063529968262,13.334063529968262,40,0.0,0.0
1984-11-27 00:00:00-05:00,13.334063529968262,13.334063529968262,13.334063529968262,13.334063529968262,2,0.0,0.0
1984-11-28 00:00:00-05:00,13.334063529968262,13.334063529968262,13.334063529968262,13.334063529968262,26,0.0,0.0
1984-11-29 00:00:00-05:00,13.334063529968262,13.334063529968262,13.334063529968262,13.334063529968262,18,0.0,0.0
1984-11-30 00:00:00-05:00,13.334063529968262,13.334063529968262,13.334063529968262,13.334063529968262,68,0.0,0.0
1984-12-03 00:00:00-05:00,13.334063529968262,13.334063529968262,13.334063529968262,13.334063529968262,0,0.0,0.0
1984-12-04 00:00:00-05:00,13.334063529968262,13.334063529968262,13.334063529968262,13.334063529968262,0,0.0,0.0
1984-12-05 00:00:00-05:00,15.238926887512209,15.238926887512209,15.238926887512209,15.238926887512207,90,0.0,0.0
1984-12-06 00:00:00-05:00,15.238926887512209,15.238926887512209,15.238926887512209,15.238926887512207,6,0.0,0.0
1984-12-07 00:00:00-05:00,15.238926887512209,15.238926887512209,15.238926887512209,15.238926887512207,0,0.0,0.0
1984-12-10 00:00:00-05:00,15.238926887512209,15.238926887512209,15.238926887512209,15.238926887512207,0,0.0,0.0
1984-12-11 00:00:00-05:00,15.238926887512209,15.238926887512209,15.238926887512209,15.238926887512207,38,0.0,0.0
1984-12-12 00:00:00-05:00,13.334063529968262,13.334063529968262,13.334063529968262,13.334063529968262,36,0.0,0.0
1984-12-13 00:00:00-05:00,13.334063529968262,13.334063529968262,13.334063529968262,13.334063529968262,6,0.0,0.0
1984-12-14 00:00:00-05:00,15.238926887512209,15.238926887512209,15.238926887512209,15.238926887512207,70,0.0,0.0
1984-12-17 00:00:00-05:00,15.238926887512209,15.238926887512209,15.238926887512209,15.238926887512207,32,0.0,0.0
1984-12-18 00:00:00-05:00,15.238926887512209,15.238926887512209,15.238926887512209,15.238926887512207,28,0.0,0.0
1984-12-19 00:00:00-05:00,15.238926887512209,15.238926887512209,15.238926887512209,15.238926887512207,16,0.0,0.0
1984-12-20 00:00:00-05:00,15.238926887512209,15.238926887512209,15.238926887512209,15.238926887512207,2,0.0,0.0
1984-12-21 00:00:00-05:00,15.238926887512209,15.238926887512209,15.238926887512209,15.238926887512207,34,0.0,0.0
1984-12-24 00:00:00-05:00,15.238926887512209,15.238926887512209,15.238926887512209,15.238926887512207,12,0.0,0.0
1984-12-26 00:00:00-05:00,15.238926887512209,15.238926887512209,15.238926887512209,15.238926887512207,18,0.0,0.0
1984-12-27 00:00:00-05:00,15.238926887512209,15.238926887512209,15.238926887512209,15.238926887512207,10,0.0,0.0
1984-12-28 00:00:00-05:00,15.238926887512209,15.238926887512209,15.238926887512209,15.238926887512207,90,0.0,0.0
1984-12-31 00:00:00-05:00,15.238926887512209,15.238926887512209,15.238926887512209,15.238926887512207,28,0.0,0.0
1985-01-02 00:00:00-05:00,15.238926887512209,15.238926887512209,15.238926887512209,15.238926887512207,4,0.0,0.0
1985-01-03 00:00:00-05:00,15.238926887512209,15.238926887512209,15.238926887512209,15.238926887512207,110,0.0,0.0
1985-01-04 00:00:00-05:00,15.238926887512209,15.238926887512209,15.238926887512209,15.238926887512207,0,0.0,0.0
1985-01-07 00:00:00-05:00,15.238926887512209,15.238926887512209,15.238926887512209,15.238926887512207,0,0.0,0.0
1985-01-08 00:00:00-05:00,15.238926887512209,15.238926887512209,15.238926887512209,15.238926887512207,0,0.0,0.0
1985-01-09 00:00:00-05:00,17.143796920776367,17.143796920776367,17.143796920776367,17.143796920776367,2,0.0,0.0
1985-01-10 00:00:00-05:00,17.143796920776367,17.143796920776367,17.143796920776367,17.143796920776367,0,0.0,0.0
1985-01-11 00:00:00-05:00,17.143796920776367,17.143796920776367,17.143796920776367,17.143796920776367,0,0.0,0.0
1985-01-14 00:00:00-05:00,17.143796920776367,17.143796920776367,17.143796920776367,17.143796920776367,0,0.0,0.0
1985-01-15 00:00:00-05:00,17.143796920776367,17.143796920776367,17.143796920776367,17.143796920776367,0,0.0,0.0
1985-01-16 00:00:00-05:00,17.143796920776367,17.143796920776367,17.143796920776367,17.143796920776367,0,0.0,0.0
1985-01-17 00:00:00-05:00,17.143796920776367,17.143796920776367,17.143796920776367,17.143796920776367,0,0.0,0.0
1985-01-18 00:00:00-05:00,17.143796920776367,17.143796920776367,17.143796920776367,17.143796920776367,0,0.0,0.0
1985-01-21 00:00:00-05:00,17.143796920776367,17.143796920776367,17.143796920776367,17.143796920776367,0,0.0,0.0
1985-01-22 00:00:00-05:00,17.143796920776367,17.143796920776367,17.143796920776367,17.143796920776367,0,0.0,0.0
1985-01-23 00:00:00-05:00,17.143796920776367,17.143796920776367,17.143796920776367,17.143796920776367,0,0.0,0.0
1985-01-24 00:00:00-05:00,17.143796920776367,17.143796920776367,17.143796920776367,17.143796920776367,0,0.0,0.0
1985-01-25 00:00:00-05:00,17.143796920776367,17.143796920776367,17.143796920776367,17.143796920776367,2,0.0,0.0
1985-01-28 00:00:00-05:00,17.143796920776367,17.143796920776367,17.143796920776367,17.143796920776367,2,0.0,0.0
1985-01-29 00:00:00-05:00,17.143796920776367,17.143796920776367,17.143796920776367,17.143796920776367,6,0.0,0.0
1985-01-30 00:00:00-05:00,17.143796920776367,17.143796920776367,17.143796920776367,17.143796920776367,4,0.0,0.0
1985-01-31 00:00:00-05:00,17.143796920776367,17.143796920776367,17.143796920776367,17.143796920776367,0,0.0,0.0
1985-02-01 00:00:00-05:00,15.238926887512209,15.238926887512209,15.238926887512209,15.238926887512207,166,0.0,0.0
1985-02-04 00:00:00-05:00,15.238926887512209,15.238926887512209,15.238926887512209,15.238926887512207,6,0.0,0.0
1985-02-05 00:00:00-05:00,16.191356658935547,16.191356658935547,16.191356658935547,16.191356658935547,6,0.0,0.0
1985-02-06 00:00:00-05:00,16.191356658935547,16.191356658935547,16.191356658935547,16.191356658935547,2,0.0,0.0
1985-02-07 00:00:00-05:00,16.191356658935547,16.191356658935547,16.191356658935547,16.191356658935547,0,0.0,0.0
1985-02-08 00:00:00-05:00,16.191356658935547,16.191356658935547,16.191356658935547,16.191356658935547,80,0.0,0.0
1985-02-11 00:00:00-05:00,16.191356658935547,16.191356658935547,16.191356658935547,16.191356658935547,2,0.0,0.0
1985-02-12 00:00:00-05:00,16.191356658935547,16.191356658935547,16.191356658935547,16.191356658935547,0,0.0,0.0
1985-02-13 00:00:00-05:00,16.191356658935547,16.191356658935547,16.191356658935547,16.191356658935547,0,0.0,0.0
1985-02-14 00:00:00-05:00,16.191356658935547,16.191356658935547,16.191356658935547,16.191356658935547,0,0.0,0.0
1985-02-15 00:00:00-05:00,16.191356658935547,16.191356658935547,16.191356658935547,16.191356658935547,0,0.0,0.0
1985-02-19 00:00:00-05:00,16.191356658935547,16.191356658935547,16.191356658935547,16.191356658935547,0,0.0,0.0
1985-02-20 00:00:00-05:00,19.048664093017578,19.048664093017578,19.048664093017578,19.048664093017578,204,0.0,0.0
1985-02-21 00:00:00-05:00,19.048664093017578,19.048664093017578,19.048664093017578,19.048664093017578,0,0.0,0.0
1985-02-22 00:00:00-05:00,19.048664093017578,19.048664093017578,19.048664093017578,19.048664093017578,2,0.0,0.0
1985-02-25 00:00:00-05:00,17.143796920776367,17.143796920776367,17.143796920776367,17.143796920776367,160,0.0,0.0
1985-02-26 00:00:00-05:00,17.143796920776367,17.143796920776367,17.143796920776367,17.143796920776367,0,0.0,0.0
1985-02-27 00:00:00-05:00,17.143796920776367,17.143796920776367,17.143796920776367,17.143796920776367,14,0.0,0.0
1985-02-28 00:00:00-05:00,17.143796920776367,17.143796920776367,17.143796920776367,17.143796920776367,108,0.0,0.0
1985-03-01 00:00:00-05:00,17.143796920776367,17.143796920776367,17.143796920776367,17.143796920776367,0,0.0,0.0
1985-03-04 00:00:00-05:00,17.143796920776367,17.143796920776367,17.143796920776367,17.143796920776367,2,0.0,0.0
1985-03-05 00:00:00-05:00,17.143796920776367,17.143796920776367,17.143796920776367,17.143796920776367,0,0.0,0.0
1985-03-06 00:00:00-05:00,17.143796920776367,17.143796920776367,17.143796920776367,17.143796920776367,0,0.0,0.0
1985-03-07 00:00:00-05:00,17.143796920776367,17.143796920776367,17.143796920776367,17.143796920776367,2,0.0,0.0
1985-03-08 00:00:00-05:00,17.143796920776367,17.143796920776367,17.143796920776367,17.143796920776367,0,0.0,0.0
1985-03-11 00:00:00-05:00,17.143796920776367,17.143796920776367,17.143796920776367,17.143796920776367,16,0.0,0.0
1985-03-12 00:00:00-05:00,17.143796920776367,17.143796920776367,17.143796920776367,17.143796920776367,4,0.0,0.0
1985-03-13 00:00:00-05:00,17.143796920776367,17.143796920776367,17.143796920776367,17.143796920776367,0,0.0,0.0
1985-03-14 00:00:00-05:00,17.143796920776367,17.143796920776367,17.143796920776367,17.143796920776367,0,0.0,0.0
1985-03-15 00:00:00-05:00,17.143796920776367,17.143796920776367,17.143796920776367,17.143796920776367,0,0.0,0.0
1985-03-18 00:00:00-05:00,17.143796920776367,17.143796920776367,17.143796920776367,17.143796920776367,2,0.0,0.0
1985-03-19 00:00:00-05:00,19.048664093017578,19.048664093017578,19.048664093017578,19.048664093017578,112,0.0,0.0
1985-03-20 00:00:00-05:00,19.048664093017578,19.048664093017578,19.048664093017578,19.048664093017578,84,0.0,0.0
1985-03-21 00:00:00-05:00,19.048664093017578,19.048664093017578,19.048664093017578,19.048664093017578,0,0.0,0.0
1985-03-22 00:00:00-05:00,19.048664093017578,19.048664093017578,19.048664093017578,19.048664093017578,0,0.0,0.0
1985-03-25 00:00:00-05:00,19.048664093017578,19.048664093017578,19.048664093017578,19.048664093017578,4,0.0,0.0
1985-03-26 00:00:00-05:00,19.048664093017578,19.048664093017578,19.048664093017578,19.048664093017578,0,0.0,0.0
1985-03-27 00:00:00-05:00,22.8583927154541,22.8583927154541,22.8583927154541,22.8583927154541,42,0.0,0.0
1985-03-28 00:00:00-05:00,26.668127059936523,26.668127059936523,26.668127059936523,26.668127059936523,74,0.0,0.0
1985-03-29 00:00:00-05:00,26.668127059936523,26.668127059936523,26.668127059936523,26.668127059936523,32,0.0,0.0
1985-04-01 00:00:00-05:00,26.668127059936523,26.668127059936523,26.668127059936523,26.668127059936523,0,0.0,0.0
1985-04-02 00:00:00-05:00,24.763252258300778,24.763252258300778,24.763252258300778,24.76325225830078,10,0.0,0.0
1985-04-03 00:00:00-05:00,24.763252258300778,24.763252258300778,24.763252258300778,24.76325225830078,44,0.0,0.0
1985-04-04 00:00:00-05:00,26.668127059936523,26.668127059936523,26.668127059936523,26.668127059936523,158,0.0,0.0
1985-04-08 00:00:00-05:00,24.763252258300778,24.763252258300778,24.763252258300778,24.76325225830078,4,0.0,0.0
1985-04-09 00:00:00-05:00,24.763252258300778,24.763252258300778,24.763252258300778,24.76325225830078,0,0.0,0.0
1985-04-10 00:00:00-05:00,24.763252258300778,24.763252258300778,24.763252258300778,24.76325225830078,0,0.0,0.0
1985-04-11 00:00:00-05:00,24.763252258300778,24.763252258300778,24.763252258300778,24.76325225830078,0,0.0,0.0
1985-04-12 00:00:00-05:00,22.8583927154541,22.8583927154541,22.8583927154541,22.8583927154541,28,0.0,0.0
1985-04-15 00:00:00-05:00,24.763252258300778,24.763252258300778,24.763252258300778,24.76325225830078,18,0.0,0.0
1985-04-16 00:00:00-05:00,24.763252258300778,24.763252258300778,24.763252258300778,24.76325225830078,6,0.0,0.0
1985-04-17 00:00:00-05:00,24.763252258300778,24.763252258300778,24.763252258300778,24.76325225830078,50,0.0,0.0
1985-04-18 00:00:00-05:00,24.763252258300778,24.763252258300778,24.763252258300778,24.76325225830078,0,0.0,0.0
1985-04-19 00:00:00-05:00,24.763252258300778,24.763252258300778,24.763252258300778,24.76325225830078,0,0.0,0.0
1985-04-22 00:00:00-05:00,24.763252258300778,24.763252258300778,24.763252258300778,24.76325225830078,2,0.0,0.0
1985-04-23 00:00:00-05:00,24.763252258300778,24.763252258300778,24.763252258300778,24.76325225830078,2,0.0,0.0
1985-04-24 00:00:00-05:00,22.8583927154541,22.8583927154541,22.8583927154541,22.8583927154541,2,0.0,0.0
1985-04-25 00:00:00-05:00,22.8583927154541,22.8583927154541,22.8583927154541,22.8583927154541,0,0.0,0.0
1985-04-26 00:00:00-05:00,22.8583927154541,22.8583927154541,22.8583927154541,22.8583927154541,0,0.0,0.0
1985-04-29 00:00:00-04:00,26.668127059936523,26.668127059936523,26.668127059936523,26.668127059936523,24,0.0,0.0
1985-04-30 00:00:00-04:00,26.668127059936523,26.668127059936523,26.668127059936523,26.668127059936523,150,0.0,0.0
1985-05-01 00:00:00-04:00,26.668127059936523,26.668127059936523,26.668127059936523,26.668127059936523,0,0.0,0.0
1985-05-02 00:00:00-04:00,26.668127059936523,26.668127059936523,26.668127059936523,26.668127059936523,0,0.0,0.0
1985-05-03 00:00:00-04:00,26.668127059936523,26.668127059936523,26.668127059936523,26.668127059936523,0,0.0,0.0
1985-05-06 00:00:00-04:00,26.668127059936523,26.668127059936523,26.668127059936523,26.668127059936523,0,0.0,0.0
1985-05-07 00:00:00-04:00,24.763252258300778,24.763252258300778,24.763252258300778,24.76325225830078,34,0.0,0.0
1985-05-08 00:00:00-04:00,24.763252258300778,24.763252258300778,24.763252258300778,24.76325225830078,0,0.0,0.0
1985-05-09 00:00:00-04:00,24.763252258300778,24.763252258300778,24.763252258300778,24.76325225830078,12,0.0,0.0
1985-05-10 00:00:00-04:00,24.763252258300778,24.763252258300778,24.763252258300778,24.76325225830078,10,0.0,0.0
1985-05-13 00:00:00-04:00,24.763252258300778,24.763252258300778,24.763252258300778,24.76325225830078,0,0.0,0.0
1985-05-14 00:00:00-04:00,24.763252258300778,24.763252258300778,24.763252258300778,24.76325225830078,0,0.0,0.0
1985-05-15 00:00:00-04:00,24.763252258300778,24.763252258300778,24.763252258300778,24.76325225830078,0,0.0,0.0
1985-05-16 00:00:00-04:00,24.763252258300778,24.763252258300778,24.763252258300778,24.76325225830078,2,0.0,0.0
1985-05-17 00:00:00-04:00,24.763252258300778,24.763252258300778,24.763252258300778,24.76325225830078,36,0.0,0.0
1985-05-20 00:00:00-04:00,24.763252258300778,24.763252258300778,24.763252258300778,24.76325225830078,0,0.0,0.0
1985-05-21 00:00:00-04:00,24.763252258300778,24.763252258300778,24.763252258300778,24.76325225830078,4,0.0,0.0
1985-05-22 00:00:00-04:00,24.763252258300778,24.763252258300778,24.763252258300778,24.76325225830078,0,0.0,0.0
1985-05-23 00:00:00-04:00,24.763252258300778,24.763252258300778,24.763252258300778,24.76325225830078,6,0.0,0.0
1985-05-24 00:00:00-04:00,26.668127059936523,26.668127059936523,26.668127059936523,26.668127059936523,20,0.0,0.0
1985-05-28 00:00:00-04:00,26.668127059936523,26.668127059936523,26.668127059936523,26.668127059936523,2,0.0,0.0
1985-05-29 00:00:00-04:00,24.763252258300778,24.763252258300778,24.763252258300778,24.76325225830078,6,0.0,0.0
1985-05-30 00:00:00-04:00,24.763252258300778,24.763252258300778,24.763252258300778,24.76325225830078,0,0.0,0.0
1985-05-31 00:00:00-04:00,24.763252258300778,24.763252258300778,24.763252258300778,24.76325225830078,0,0.0,0.0
1985-06-03 00:00:00-04:00,24.763252258300778,24.763252258300778,24.763252258300778,24.76325225830078,0,0.0,0.0
1985-06-04 00:00:00-04:00,24.763252258300778,24.763252258300778,24.763252258300778,24.76325225830078,0,0.0,0.0
1985-06-05 00:00:00-04:00,24.763252258300778,24.763252258300778,24.763252258300778,24.76325225830078,12,0.0,0.0
1985-06-06 00:00:00-04:00,24.763252258300778,24.763252258300778,24.763252258300778,24.76325225830078,0,0.0,0.0
1985-06-07 00:00:00-04:00,24.763252258300778,24.763252258300778,24.763252258300778,24.76325225830078,4,0.0,0.0
1985-06-10 00:00:00-04:00,24.763252258300778,24.763252258300778,24.763252258300778,24.76325225830078,4,0.0,0.0
1985-06-11 00:00:00-04:00,24.763252258300778,24.763252258300778,24.763252258300778,24.76325225830078,2,0.0,0.0
1985-06-12 00:00:00-04:00,26.668127059936523,26.668127059936523,26.668127059936523,26.668127059936523,30,0.0,0.0
1985-06-13 00:00:00-04:00,26.668127059936523,26.668127059936523,26.668127059936523,26.668127059936523,0,0.0,0.0
1985-06-14 00:00:00-04:00,26.668127059936523,26.668127059936523,26.668127059936523,26.668127059936523,0,0.0,0.0
1985-06-17 00:00:00-04:00,26.668127059936523,26.668127059936523,26.668127059936523,26.668127059936523,0,0.0,0.0
1985-06-18 00:00:00-04:00,26.668127059936523,26.668127059936523,26.668127059936523,26.668127059936523,52,0.0,0.0
1985-06-19 00:00:00-04:00,26.668127059936523,26.668127059936523,26.668127059936523,26.668127059936523,4,0.0,0.0
1985-06-20 00:00:00-04:00,26.668127059936523,26.668127059936523,26.668127059936523,26.668127059936523,0,0.0,0.0
1985-06-21 00:00:00-04:00,26.668127059936523,26.668127059936523,26.668127059936523,26.668127059936523,0,0.0,0.0
1985-06-24 00:00:00-04:00,26.668127059936523,26.668127059936523,26.668127059936523,26.668127059936523,0,0.0,0.0
1985-06-25 00:00:00-04:00,26.668127059936523,26.668127059936523,26.668127059936523,26.668127059936523,0,0.0,0.0
1985-06-26 00:00:00-04:00,26.668127059936523,26.668127059936523,26.668127059936523,26.668127059936523,0,0.0,0.0
1985-06-27 00:00:00-04:00,26.668127059936523,26.668127059936523,26.668127059936523,26.668127059936523,0,0.0,0.0
1985-06-28 00:00:00-04:00,26.668127059936523,26.668127059936523,26.668127059936523,26.668127059936523,0,0.0,0.0
1985-07-01 00:00:00-04:00,26.668127059936523,26.668127059936523,26.668127059936523,26.668127059936523,200,0.0,0.0
1985-07-02 00:00:00-04:00,26.668127059936523,26.668127059936523,26.668127059936523,26.668127059936523,0,0.0,0.0
1985-07-03 00:00:00-04:00,26.668127059936523,26.668127059936523,26.668127059936523,26.668127059936523,0,0.0,0.0
1985-07-05 00:00:00-04:00,26.668127059936523,26.668127059936523,26.668127059936523,26.668127059936523,12,0.0,0.0
1985-07-08 00:00:00-04:00,26.668127059936523,26.668127059936523,26.668127059936523,26.668127059936523,6,0.0,0.0
1985-07-09 00:00:00-04:00,26.668127059936523,26.668127059936523,26.668127059936523,26.668127059936523,0,0.0,0.0
1985-07-10 00:00:00-04:00,26.668127059936523,26.668127059936523,26.668127059936523,26.668127059936523,6,0.0,0.0
1985-07-11 00:00:00-04:00,26.668127059936523,26.668127059936523,26.668127059936523,26.668127059936523,0,0.0,0.0
1985-07-12 00:00:00-04:00,28.57299041748047,28.57299041748047,28.57299041748047,28.57299041748047,60,0.0,0.0
1985-07-15 00:00:00-04:00,28.57299041748047,28.57299041748047,28.57299041748047,28.57299041748047,0,0.0,0.0
1985-07-16 00:00:00-04:00,28.57299041748047,28.57299041748047,28.57299041748047,28.57299041748047,60,0.0,0.0
1985-07-17 00:00:00-04:00,28.57299041748047,28.57299041748047,28.57299041748047,28.57299041748047,96,0.0,0.0
1985-07-18 00:00:00-04:00,28.57299041748047,28.57299041748047,28.57299041748047,28.57299041748047,20,0.0,0.0
1985-07-19 00:00:00-04:00,30.477853775024418,30.477853775024418,30.477853775024418,30.477853775024414,258,0.0,0.0
1985-07-22 00:00:00-04:00,30.477853775024418,30.477853775024418,30.477853775024418,30.477853775024414,58,0.0,0.0
1985-07-23 00:00:00-04:00,30.477853775024418,30.477853775024418,30.477853775024418,30.477853775024414,0,0.0,0.0
1985-07-24 00:00:00-04:00,28.57299041748047,28.57299041748047,28.57299041748047,28.57299041748047,140,0.0,0.0
1985-07-25 00:00:00-04:00,28.57299041748047,28.57299041748047,28.57299041748047,28.57299041748047,6,0.0,0.0
1985-07-26 00:00:00-04:00,30.477853775024418,30.477853775024418,30.477853775024418,30.477853775024414,32,0.0,0.0
1985-07-29 00:00:00-04:00,30.477853775024418,30.477853775024418,30.477853775024418,30.477853775024414,8,0.0,0.0
1985-07-30 00:00:00-04:00,30.477853775024418,30.477853775024418,30.477853775024418,30.477853775024414,0,0.0,0.0
1985-07-31 00:00:00-04:00,30.477853775024418,30.477853775024418,30.477853775024418,30.477853775024414,10,0.0,0.0
1985-08-01 00:00:00-04:00,30.477853775024418,30.477853775024418,30.477853775024418,30.477853775024414,0,0.0,0.0
1985-08-02 00:00:00-04:00,30.477853775024418,30.477853775024418,30.477853775024418,30.477853775024414,0,0.0,0.0
1985-08-05 00:00:00-04:00,28.57299041748047,28.57299041748047,28.57299041748047,28.57299041748047,200,0.0,0.0
1985-08-06 00:00:00-04:00,28.57299041748047,28.57299041748047,28.57299041748047,28.57299041748047,80,0.0,0.0
1985-08-07 00:00:00-04:00,28.57299041748047,28.57299041748047,28.57299041748047,28.57299041748047,154,0.0,0.0
1985-08-08 00:00:00-04:00,28.57299041748047,28.57299041748047,28.57299041748047,28.57299041748047,54,0.0,0.0
1985-08-09 00:00:00-04:00,28.57299041748047,28.57299041748047,28.57299041748047,28.57299041748047,2,0.0,0.0
1985-08-12 00:00:00-04:00,28.57299041748047,28.57299041748047,28.57299041748047,28.57299041748047,0,0.0,0.0
1985-08-13 00:00:00-04:00,28.57299041748047,28.57299041748047,28.57299041748047,28.57299041748047,0,0.0,0.0
1985-08-14 00:00:00-04:00,28.57299041748047,28.57299041748047,28.57299041748047,28.57299041748047,0,0.0,0.0
1985-08-15 00:00:00-04:00,28.57299041748047,28.57299041748047,28.57299041748047,28.57299041748047,0,0.0,0.0
1985-08-16 00:00:00-04:00,28.57299041748047,28.57299041748047,28.57299041748047,28.57299041748047,0,0.0,0.0
1985-08-19 00:00:00-04:00,28.57299041748047,28.57299041748047,28.57299041748047,28.57299041748047,20,0.0,0.0
1985-08-20 00:00:00-04:00,28.57299041748047,28.57299041748047,28.57299041748047,28.57299041748047,0,0.0,0.0
1985-08-21 00:00:00-04:00,28.57299041748047,28.57299041748047,28.57299041748047,28.57299041748047,0,0.0,0.0
1985-08-22 00:00:00-04:00,28.57299041748047,28.57299041748047,28.57299041748047,28.57299041748047,0,0.0,0.0
1985-08-23 00:00:00-04:00,28.57299041748047,28.57299041748047,28.57299041748047,28.57299041748047,180,0.0,0.0
1985-08-26 00:00:00-04:00,28.57299041748047,28.57299041748047,28.57299041748047,28.57299041748047,2,0.0,0.0
1985-08-27 00:00:00-04:00,28.57299041748047,28.57299041748047,28.57299041748047,28.57299041748047,6,0.0,0.0
1985-08-28 00:00:00-04:00,28.57299041748047,28.57299041748047,28.57299041748047,28.57299041748047,0,0.0,0.0
1985-08-29 00:00:00-04:00,28.57299041748047,28.57299041748047,28.57299041748047,28.57299041748047,0,0.0,0.0
1985-08-30 00:00:00-04:00,32.382713317871094,32.382713317871094,32.382713317871094,32.382713317871094,24,0.0,0.0
1985-09-03 00:00:00-04:00,34.287593841552734,34.287593841552734,34.287593841552734,34.287593841552734,132,0.0,0.0
1985-09-04 00:00:00-04:00,36.19247055053711,36.19247055053711,36.19247055053711,36.19247055053711,212,0.0,0.0
1985-09-05 00:00:00-04:00,38.097328186035156,38.097328186035156,38.097328186035156,38.097328186035156,230,0.0,0.0
1985-09-06 00:00:00-04:00,36.19247055053711,36.19247055053711,36.19247055053711,36.19247055053711,74,0.0,0.0
1985-09-09 00:00:00-04:00,36.19247055053711,36.19247055053711,36.19247055053711,36.19247055053711,60,0.0,0.0
1985-09-10 00:00:00-04:00,36.19247055053711,36.19247055053711,36.19247055053711,36.19247055053711,32,0.0,0.0
1985-09-11 00:00:00-04:00,36.19247055053711,36.19247055053711,36.19247055053711,36.19247055053711,18,0.0,0.0
1985-09-12 00:00:00-04:00,36.19247055053711,36.19247055053711,36.19247055053711,36.19247055053711,4,0.0,0.0
1985-09-13 00:00:00-04:00,36.19247055053711,36.19247055053711,36.19247055053711,36.19247055053711,70,0.0,0.0
1985-09-16 00:00:00-04:00,36.19247055053711,36.19247055053711,36.19247055053711,36.19247055053711,60,0.0,0.0
1985-09-17 00:00:00-04:00,36.19247055053711,36.19247055053711,36.19247055053711,36.19247055053711,174,0.0,0.0
1985-09-18 00:00:00-04:00,34.287593841552734,34.287593841552734,34.287593841552734,34.287593841552734,24,0.0,0.0
1985-09-19 00:00:00-04:00,34.287593841552734,34.287593841552734,34.287593841552734,34.287593841552734,108,0.0,0.0
1985-09-20 00:00:00-04:00,34.287593841552734,34.287593841552734,34.287593841552734,34.287593841552734,0,0.0,0.0
1985-09-23 00:00:00-04:00,34.287593841552734,34.287593841552734,34.287593841552734,34.287593841552734,142,0.0,0.0
1985-09-24 00:00:00-04:00,34.287593841552734,34.287593841552734,34.287593841552734,34.287593841552734,100,0.0,0.0
1985-09-25 00:00:00-04:00,32.382713317871094,32.382713317871094,32.382713317871094,32.382713317871094,30,0.0,0.0
1985-09-26 00:00:00-04:00,32.382713317871094,32.382713317871094,32.382713317871094,32.382713317871094,0,0.0,0.0
1985-09-30 00:00:00-04:00,32.382713317871094,32.382713317871094,32.382713317871094,32.382713317871094,4,0.0,0.0
1985-10-01 00:00:00-04:00,30.477853775024418,30.477853775024418,30.477853775024418,30.477853775024414,20,0.0,0.0
1985-10-02 00:00:00-04:00,30.477853775024418,30.477853775024418,30.477853775024418,30.477853775024414,6,0.0,0.0
1985-10-03 00:00:00-04:00,32.382713317871094,32.382713317871094,32.382713317871094,32.382713317871094,126,0.0,0.0
1985-10-04 00:00:00-04:00,32.382713317871094,32.382713317871094,32.382713317871094,32.382713317871094,0,0.0,0.0
1985-10-07 00:00:00-04:00,32.382713317871094,32.382713317871094,32.382713317871094,32.382713317871094,0,0.0,0.0
1985-10-08 00:00:00-04:00,32.382713317871094,32.382713317871094,32.382713317871094,32.382713317871094,6,0.0,0.0
1985-10-09 00:00:00-04:00,32.382713317871094,32.382713317871094,32.382713317871094,32.382713317871094,0,0.0,0.0
1985-10-10 00:00:00-04:00,32.382713317871094,32.382713317871094,32.382713317871094,32.382713317871094,0,0.0,0.0
1985-10-11 00:00:00-04:00,32.382713317871094,32.382713317871094,32.382713317871094,32.382713317871094,0,0.0,0.0
1985-10-14 00:00:00-04:00,32.382713317871094,32.382713317871094,32.382713317871094,32.382713317871094,220,0.0,0.0
1985-10-15 00:00:00-04:00,32.382713317871094,32.382713317871094,32.382713317871094,32.382713317871094,160,0.0,0.0
1985-10-16 00:00:00-04:00,32.382713317871094,32.382713317871094,32.382713317871094,32.382713317871094,2,0.0,0.0
1985-10-17 00:00:00-04:00,32.382713317871094,32.382713317871094,32.382713317871094,32.382713317871094,0,0.0,0.0
1985-10-18 00:00:00-04:00,32.382713317871094,32.382713317871094,32.382713317871094,32.382713317871094,0,0.0,0.0
1985-10-21 00:00:00-04:00,32.382713317871094,32.382713317871094,32.382713317871094,32.382713317871094,0,0.0,0.0
1985-10-22 00:00:00-04:00,32.382713317871094,32.382713317871094,32.382713317871094,32.382713317871094,6,0.0,0.0
1985-10-23 00:00:00-04:00,32.382713317871094,32.382713317871094,32.382713317871094,32.382713317871094,0,0.0,0.0
1985-10-24 00:00:00-04:00,32.382713317871094,32.382713317871094,32.382713317871094,32.382713317871094,14,0.0,0.0
1985-10-25 00:00:00-04:00,32.382713317871094,32.382713317871094,32.382713317871094,32.382713317871094,0,0.0,0.0
1985-10-28 00:00:00-05:00,30.477853775024418,30.477853775024418,30.477853775024418,30.477853775024414,126,0.0,0.0
1985-10-29 00:00:00-05:00,28.57299041748047,28.57299041748047,28.57299041748047,28.57299041748047,38,0.0,0.0
1985-10-30 00:00:00-05:00,28.57299041748047,28.57299041748047,28.57299041748047,28.57299041748047,0,0.0,0.0
1985-10-31 00:00:00-05:00,28.57299041748047,28.57299041748047,28.57299041748047,28.57299041748047,80,0.0,0.0
1985-11-01 00:00:00-05:00,28.57299041748047,28.57299041748047,28.57299041748047,28.57299041748047,0,0.0,0.0
1985-11-04 00:00:00-05:00,28.57299041748047,28.57299041748047,28.57299041748047,28.57299041748047,0,0.0,0.0
1985-11-05 00:00:00-05:00,26.668127059936523,26.668127059936523,26.668127059936523,26.668127059936523,52,0.0,0.0
1985-11-06 00:00:00-05:00,26.668127059936523,26.668127059936523,26.668127059936523,26.668127059936523,0,0.0,0.0
1985-11-07 00:00:00-05:00,26.668127059936523,26.668127059936523,26.668127059936523,26.668127059936523,50,0.0,0.0
1985-11-08 00:00:00-05:00,26.668127059936523,26.668127059936523,26.668127059936523,26.668127059936523,0,0.0,0.0
1985-11-11 00:00:00-05:00,26.668127059936523,26.668127059936523,26.668127059936523,26.668127059936523,200,0.0,0.0
1985-11-12 00:00:00-05:00,26.668127059936523,26.668127059936523,26.668127059936523,26.668127059936523,0,0.0,0.0
1985-11-13 00:00:00-05:00,26.668127059936523,26.668127059936523,26.668127059936523,26.668127059936523,0,0.0,0.0
1985-11-14 00:00:00-05:00,26.668127059936523,26.668127059936523,26.668127059936523,26.668127059936523,40,0.0,0.0
1985-11-15 00:00:00-05:00,22.8583927154541,22.8583927154541,22.8583927154541,22.8583927154541,288,0.0,0.0
1985-11-18 00:00:00-05:00,22.8583927154541,22.8583927154541,22.8583927154541,22.8583927154541,22,0.0,0.0
1985-11-19 00:00:00-05:00,22.8583927154541,22.8583927154541,22.8583927154541,22.8583927154541,26,0.0,0.0
1985-11-20 00:00:00-05:00,22.8583927154541,22.8583927154541,22.8583927154541,22.8583927154541,0,0.0,0.0
1985-11-21 00:00:00-05:00,22.8583927154541,22.8583927154541,22.8583927154541,22.8583927154541,0,0.0,0.0
1985-11-22 00:00:00-05:00,22.8583927154541,22.8583927154541,22.8583927154541,22.8583927154541,4,0.0,0.0
1985-11-25 00:00:00-05:00,22.8583927154541,22.8583927154541,22.8583927154541,22.8583927154541,0,0.0,0.0
1985-11-26 00:00:00-05:00,22.8583927154541,22.8583927154541,22.8583927154541,22.8583927154541,2,0.0,0.0
1985-11-27 00:00:00-05:00,22.8583927154541,22.8583927154541,22.8583927154541,22.8583927154541,0,0.0,0.0
1985-11-29 00:00:00-05:00,22.8583927154541,22.8583927154541,22.8583927154541,22.8583927154541,48,0.0,0.0
1985-12-02 00:00:00-05:00,22.8583927154541,22.8583927154541,22.8583927154541,22.8583927154541,16,0.0,0.0
1985-12-03 00:00:00-05:00,22.8583927154541,22.8583927154541,22.8583927154541,22.8583927154541,0,0.0,0.0
1985-12-04 00:00:00-05:00,22.8583927154541,22.8583927154541,22.8583927154541,22.8583927154541,0,0.0,0.0
1985-12-05 00:00:00-05:00,22.8583927154541,22.8583927154541,22.8583927154541,22.8583927154541,6,0.0,0.0
1985-12-06 00:00:00-05:00,24.763252258300778,24.763252258300778,24.763252258300778,24.76325225830078,8,0.0,0.0
1985-12-09 00:00:00-05:00,22.8583927154541,22.8583927154541,22.8583927154541,22.8583927154541,14,0.0,0.0
1985-12-10 00:00:00-05:00,24.763252258300778,24.763252258300778,24.763252258300778,24.76325225830078,12,0.0,0.0
1985-12-11 00:00:00-05:00,24.763252258300778,24.763252258300778,24.763252258300778,24.76325225830078,4,0.0,0.0
1985-12-12 00:00:00-05:00,24.763252258300778,24.763252258300778,24.763252258300778,24.76325225830078,78,0.0,0.0
1985-12-13 00:00:00-05:00,26.668127059936523,26.668127059936523,26.668127059936523,26.668127059936523,14,0.0,0.0
1985-12-16 00:00:00-05:00,26.668127059936523,26.668127059936523,26.668127059936523,26.668127059936523,4,0.0,0.0
1985-12-17 00:00:00-05:00,26.668127059936523,26.668127059936523,26.668127059936523,26.668127059936523,64,0.0,0.0
1985-12-18 00:00:00-05:00,26.668127059936523,26.668127059936523,26.668127059936523,26.668127059936523,24,0.0,0.0
1985-12-19 00:00:00-05:00,26.668127059936523,26.668127059936523,26.668127059936523,26.668127059936523,4,0.0,0.0
1985-12-20 00:00:00-05:00,26.668127059936523,26.668127059936523,26.668127059936523,26.668127059936523,36,0.0,0.0
1985-12-23 00:00:00-05:00,24.763252258300778,24.763252258300778,24.763252258300778,24.76325225830078,66,0.0,0.0
1985-12-24 00:00:00-05:00,24.763252258300778,24.763252258300778,24.763252258300778,24.76325225830078,0,0.0,0.0
1985-12-26 00:00:00-05:00,24.763252258300778,24.763252258300778,24.763252258300778,24.76325225830078,6,0.0,0.0
1985-12-27 00:00:00-05:00,24.763252258300778,24.763252258300778,24.763252258300778,24.76325225830078,14,0.0,0.0
1985-12-30 00:00:00-05:00,24.763252258300778,24.763252258300778,24.763252258300778,24.76325225830078,26,0.0,0.0
1985-12-31 00:00:00-05:00,24.763252258300778,24.763252258300778,24.763252258300778,24.76325225830078,24,0.0,0.0
1986-01-02 00:00:00-05:00,24.763252258300778,24.763252258300778,24.763252258300778,24.76325225830078,2,0.0,0.0
1986-01-03 00:00:00-05:00,24.763252258300778,24.763252258300778,24.763252258300778,24.76325225830078,0,0.0,0.0
1986-01-06 00:00:00-05:00,26.668127059936523,26.668127059936523,26.668127059936523,26.668127059936523,54,0.0,0.0
1986-01-07 00:00:00-05:00,26.668127059936523,26.668127059936523,26.668127059936523,26.668127059936523,100,0.0,0.0
1986-01-08 00:00:00-05:00,28.57299041748047,28.57299041748047,28.57299041748047,28.57299041748047,290,0.0,0.0
1986-01-09 00:00:00-05:00,28.57299041748047,28.57299041748047,28.57299041748047,28.57299041748047,0,0.0,0.0
1986-01-10 00:00:00-05:00,28.57299041748047,28.57299041748047,28.57299041748047,28.57299041748047,0,0.0,0.0
1986-01-13 00:00:00-05:00,28.57299041748047,28.57299041748047,28.57299041748047,28.57299041748047,4,0.0,0.0
1986-01-14 00:00:00-05:00,30.477853775024418,30.477853775024418,30.477853775024418,30.477853775024414,60,0.0,0.0
1986-01-15 00:00:00-05:00,34.287593841552734,34.287593841552734,34.287593841552734,34.287593841552734,40,0.0,0.0
1986-01-16 00:00:00-05:00,36.19247055053711,36.19247055053711,36.19247055053711,36.19247055053711,98,0.0,0.0
1986-01-17 00:00:00-05:00,36.19247055053711,36.19247055053711,36.19247055053711,36.19247055053711,20,0.0,0.0
1986-01-20 00:00:00-05:00,36.19247055053711,36.19247055053711,36.19247055053711,36.19247055053711,0,0.0,0.0
1986-01-21 00:00:00-05:00,36.19247055053711,36.19247055053711,36.19247055053711,36.19247055053711,88,0.0,0.0
1986-01-22 00:00:00-05:00,36.19247055053711,36.19247055053711,36.19247055053711,36.19247055053711,16,0.0,0.0
1986-01-23 00:00:00-05:00,34.287593841552734,34.287593841552734,34.287593841552734,34.287593841552734,30,0.0,0.0
1986-01-24 00:00:00-05:00,43.81192398071289,43.81192398071289,43.81192398071289,43.81192398071289,110,0.0,0.0
1986-01-27 00:00:00-05:00,45.7167854309082,45.7167854309082,45.7167854309082,45.7167854309082,112,0.0,0.0
1986-01-28 00:00:00-05:00,45.7167854309082,45.7167854309082,45.7167854309082,45.7167854309082,180,0.0,0.0
1986-01-29 00:00:00-05:00,43.81192398071289,43.81192398071289,43.81192398071289,43.81192398071289,52,0.0,0.0
1986-01-30 00:00:00-05:00,49.526504516601555,49.526504516601555,49.526504516601555,49.52650451660156,184,0.0,0.0
1986-01-31 00:00:00-05:00,51.43138885498047,51.43138885498047,51.43138885498047,51.43138885498047,286,0.0,0.0
1986-02-03 00:00:00-05:00,51.43138885498047,51.43138885498047,51.43138885498047,51.43138885498047,90,0.0,0.0
1986-02-04 00:00:00-05:00,49.526504516601555,49.526504516601555,49.526504516601555,49.52650451660156,78,0.0,0.0
1986-02-05 00:00:00-05:00,49.526504516601555,49.526504516601555,49.526504516601555,49.52650451660156,70,0.0,0.0
1986-02-06 00:00:00-05:00,49.526504516601555,49.526504516601555,49.526504516601555,49.52650451660156,0,0.0,0.0
1986-02-07 00:00:00-05:00,51.43138885498047,51.43138885498047,51.43138885498047,51.43138885498047,148,0.0,0.0
1986-02-10 00:00:00-05:00,49.526504516601555,49.526504516601555,49.526504516601555,49.52650451660156,40,0.0,0.0
1986-02-11 00:00:00-05:00,47.62165069580078,47.62165069580078,47.62165069580078,47.62165069580078,12,0.0,0.0
1986-02-12 00:00:00-05:00,49.526504516601555,49.526504516601555,49.526504516601555,49.52650451660156,2,0.0,0.0
1986-02-13 00:00:00-05:00,49.526504516601555,49.526504516601555,49.526504516601555,49.52650451660156,20,0.0,0.0
1986-02-14 00:00:00-05:00,49.526504516601555,49.526504516601555,49.526504516601555,49.52650451660156,48,0.0,0.0
1986-02-18 00:00:00-05:00,49.526504516601555,49.526504516601555,49.526504516601555,49.52650451660156,0,0.0,0.0
1986-02-19 00:00:00-05:00,49.526504516601555,49.526504516601555,49.526504516601555,49.52650451660156,4,0.0,0.0
1986-02-20 00:00:00-05:00,49.526504516601555,49.526504516601555,49.526504516601555,49.52650451660156,0,0.0,0.0
1986-02-21 00:00:00-05:00,47.62165069580078,47.62165069580078,47.62165069580078,47.62165069580078,8,0.0,0.0
1986-02-24 00:00:00-05:00,47.62165069580078,47.62165069580078,47.62165069580078,47.62165069580078,6,0.0,0.0
1986-02-25 00:00:00-05:00,47.62165069580078,47.62165069580078,47.62165069580078,47.62165069580078,60,0.0,0.0
1986-02-26 00:00:00-05:00,47.62165069580078,47.62165069580078,47.62165069580078,47.62165069580078,0,0.0,0.0
1986-02-27 00:00:00-05:00,45.7167854309082,45.7167854309082,45.7167854309082,45.7167854309082,10,0.0,0.0
1986-02-28 00:00:00-05:00,49.526504516601555,49.526504516601555,49.526504516601555,49.52650451660156,212,0.0,0.0
1986-03-03 00:00:00-05:00,49.526504516601555,49.526504516601555,49.526504516601555,49.52650451660156,0,0.0,0.0
1986-03-04 00:00:00-05:00,49.526504516601555,49.526504516601555,49.526504516601555,49.52650451660156,0,0.0,0.0
1986-03-05 00:00:00-05:00,49.526504516601555,49.526504516601555,49.526504516601555,49.52650451660156,12,0.0,0.0
1986-03-06 00:00:00-05:00,49.526504516601555,49.526504516601555,49.526504516601555,49.52650451660156,50,0.0,0.0
1986-03-07 00:00:00-05:00,49.526504516601555,49.526504516601555,49.526504516601555,49.52650451660156,0,0.0,0.0
1986-03-10 00:00:00-05:00,49.526504516601555,49.526504516601555,49.526504516601555,49.52650451660156,20,0.0,0.0
1986-03-11 00:00:00-05:00,49.526504516601555,49.526504516601555,49.526504516601555,49.52650451660156,0,0.0,0.0
1986-03-12 00:00:00-05:00,51.43138885498047,51.43138885498047,51.43138885498047,51.43138885498047,6,0.0,0.0
1986-03-13 00:00:00-05:00,49.526504516601555,49.526504516601555,49.526504516601555,49.52650451660156,12,0.0,0.0
1986-03-14 00:00:00-05:00,49.526504516601555,49.526504516601555,49.526504516601555,49.52650451660156,30,0.0,0.0
1986-03-17 00:00:00-05:00,49.526504516601555,49.526504516601555,49.526504516601555,49.52650451660156,8,0.0,0.0
1986-03-18 00:00:00-05:00,47.62165069580078,47.62165069580078,47.62165069580078,47.62165069580078,44,0.0,0.0
1986-03-19 00:00:00-05:00,47.62165069580078,47.62165069580078,47.62165069580078,47.62165069580078,4,0.0,0.0
1986-03-20 00:00:00-05:00,47.62165069580078,47.62165069580078,47.62165069580078,47.62165069580078,16,0.0,0.0
1986-03-21 00:00:00-05:00,47.62165069580078,47.62165069580078,47.62165069580078,47.62165069580078,8,0.0,0.0
1986-03-24 00:00:00-05:00,47.62165069580078,47.62165069580078,47.62165069580078,47.62165069580078,86,0.0,0.0
1986-03-25 00:00:00-05:00,47.62165069580078,47.62165069580078,47.62165069580078,47.62165069580078,10,0.0,0.0
1986-03-26 00:00:00-05:00,47.62165069580078,47.62165069580078,47.62165069580078,47.62165069580078,120,0.0,0.0
1986-03-27 00:00:00-05:00,47.62165069580078,47.62165069580078,47.62165069580078,47.62165069580078,0,0.0,0.0
1986-03-31 00:00:00-05:00,47.62165069580078,47.62165069580078,47.62165069580078,47.62165069580078,0,0.0,0.0
1986-04-01 00:00:00-05:00,43.81192398071289,43.81192398071289,43.81192398071289,43.81192398071289,110,0.0,0.0
1986-04-02 00:00:00-05:00,41.90705108642578,41.90705108642578,41.90705108642578,41.90705108642578,16,0.0,0.0
1986-04-03 00:00:00-05:00,41.90705108642578,41.90705108642578,41.90705108642578,41.90705108642578,46,0.0,0.0
1986-04-04 00:00:00-05:00,41.90705108642578,41.90705108642578,41.90705108642578,41.90705108642578,64,0.0,0.0
1986-04-07 00:00:00-05:00,43.81192398071289,43.81192398071289,43.81192398071289,43.81192398071289,46,0.0,0.0
1986-04-08 00:00:00-05:00,43.81192398071289,43.81192398071289,43.81192398071289,43.81192398071289,0,0.0,0.0
1986-04-09 00:00:00-05:00,43.81192398071289,43.81192398071289,43.81192398071289,43.81192398071289,0,0.0,0.0
1986-04-10 00:00:00-05:00,43.81192398071289,43.81192398071289,43.81192398071289,43.81192398071289,0,0.0,0.0
1986-04-11 00:00:00-05:00,43.81192398071289,43.81192398071289,43.81192398071289,43.81192398071289,154,0.0,0.0
1986-04-14 00:00:00-05:00,43.81192398071289,43.81192398071289,43.81192398071289,43.81192398071289,44,0.0,0.0
1986-04-15 00:00:00-05:00,40.0021858215332,40.0021858215332,40.0021858215332,40.0021858215332,48,0.0,0.0
1986-04-16 00:00:00-05:00,40.0021858215332,40.0021858215332,40.0021858215332,40.0021858215332,6,0.0,0.0
1986-04-17 00:00:00-05:00,40.0021858215332,40.0021858215332,40.0021858215332,40.0021858215332,100,0.0,0.0
1986-04-18 00:00:00-05:00,40.0021858215332,40.0021858215332,40.0021858215332,40.0021858215332,0,0.0,0.0
1986-04-21 00:00:00-05:00,38.097328186035156,38.097328186035156,38.097328186035156,38.097328186035156,150,0.0,0.0
1986-04-22 00:00:00-05:00,38.097328186035156,38.097328186035156,38.097328186035156,38.097328186035156,40,0.0,0.0
1986-04-23 00:00:00-05:00,40.0021858215332,40.0021858215332,40.0021858215332,40.0021858215332,106,0.0,0.0
1986-04-24 00:00:00-05:00,43.81192398071289,43.81192398071289,43.81192398071289,43.81192398071289,288,0.0,0.0
1986-04-25 00:00:00-05:00,43.81192398071289,43.81192398071289,43.81192398071289,43.81192398071289,36,0.0,0.0
1986-04-28 00:00:00-04:00,43.81192398071289,43.81192398071289,43.81192398071289,43.81192398071289,2,0.0,0.0
1986-04-29 00:00:00-04:00,41.90705108642578,41.90705108642578,41.90705108642578,41.90705108642578,84,0.0,0.0
1986-04-30 00:00:00-04:00,43.81192398071289,43.81192398071289,43.81192398071289,43.81192398071289,120,0.0,0.0
1986-05-01 00:00:00-04:00,41.90705108642578,41.90705108642578,41.90705108642578,41.90705108642578,100,0.0,0.0
1986-05-02 00:00:00-04:00,41.90705108642578,41.90705108642578,41.90705108642578,41.90705108642578,0,0.0,0.0
1986-05-05 00:00:00-04:00,41.90705108642578,41.90705108642578,41.90705108642578,41.90705108642578,0,0.0,0.0
1986-05-06 00:00:00-04:00,41.90705108642578,41.90705108642578,41.90705108642578,41.90705108642578,0,0.0,0.0
1986-05-07 00:00:00-04:00,41.90705108642578,41.90705108642578,41.90705108642578,41.90705108642578,0,0.0,0.0
1986-05-08 00:00:00-04:00,41.90705108642578,41.90705108642578,41.90705108642578,41.90705108642578,0,0.0,0.0
1986-05-09 00:00:00-04:00,40.0021858215332,40.0021858215332,40.0021858215332,40.0021858215332,12,0.0,0.0
1986-05-12 00:00:00-04:00,40.0021858215332,40.0021858215332,40.0021858215332,40.0021858215332,0,0.0,0.0
1986-05-13 00:00:00-04:00,40.0021858215332,40.0021858215332,40.0021858215332,40.0021858215332,0,0.0,0.0
1986-05-14 00:00:00-04:00,41.90705108642578,41.90705108642578,41.90705108642578,41.90705108642578,24,0.0,0.0
1986-05-15 00:00:00-04:00,41.90705108642578,41.90705108642578,41.90705108642578,41.90705108642578,10,0.0,0.0
1986-05-16 00:00:00-04:00,41.90705108642578,41.90705108642578,41.90705108642578,41.90705108642578,0,0.0,0.0
1986-05-19 00:00:00-04:00,41.90705108642578,41.90705108642578,41.90705108642578,41.90705108642578,0,0.0,0.0
1986-05-20 00:00:00-04:00,41.90705108642578,41.90705108642578,41.90705108642578,41.90705108642578,8,0.0,0.0
1986-05-21 00:00:00-04:00,41.90705108642578,41.90705108642578,41.90705108642578,41.90705108642578,0,0.0,0.0
1986-05-22 00:00:00-04:00,41.90705108642578,41.90705108642578,41.90705108642578,41.90705108642578,6,0.0,0.0
1986-05-23 00:00:00-04:00,41.90705108642578,41.90705108642578,41.90705108642578,41.90705108642578,0,0.0,0.0
1986-05-27 00:00:00-04:00,41.90705108642578,41.90705108642578,41.90705108642578,41.90705108642578,0,0.0,0.0
1986-05-28 00:00:00-04:00,41.90705108642578,41.90705108642578,41.90705108642578,41.90705108642578,18,0.0,0.0
1986-05-29 00:00:00-04:00,41.90705108642578,41.90705108642578,41.90705108642578,41.90705108642578,0,0.0,0.0
1986-05-30 00:00:00-04:00,41.90705108642578,41.90705108642578,41.90705108642578,41.90705108642578,0,0.0,0.0
1986-06-02 00:00:00-04:00,41.90705108642578,41.90705108642578,41.90705108642578,41.90705108642578,0,0.0,0.0
1986-06-03 00:00:00-04:00,40.0021858215332,40.0021858215332,40.0021858215332,40.0021858215332,14,0.0,0.0
1986-06-04 00:00:00-04:00,40.0021858215332,40.0021858215332,40.0021858215332,40.0021858215332,390,0.0,0.0
1986-06-05 00:00:00-04:00,38.097328186035156,38.097328186035156,38.097328186035156,38.097328186035156,198,0.0,0.0
1986-06-06 00:00:00-04:00,38.097328186035156,38.097328186035156,38.097328186035156,38.097328186035156,26,0.0,0.0
1986-06-09 00:00:00-04:00,38.097328186035156,38.097328186035156,38.097328186035156,38.097328186035156,20,0.0,0.0
1986-06-10 00:00:00-04:00,40.0021858215332,40.0021858215332,40.0021858215332,40.0021858215332,130,0.0,0.0
1986-06-11 00:00:00-04:00,38.097328186035156,38.097328186035156,38.097328186035156,38.097328186035156,80,0.0,0.0
1986-06-12 00:00:00-04:00,38.097328186035156,38.097328186035156,38.097328186035156,38.097328186035156,30,0.0,0.0
1986-06-13 00:00:00-04:00,36.19247055053711,36.19247055053711,36.19247055053711,36.19247055053711,106,0.0,0.0
1986-06-16 00:00:00-04:00,36.19247055053711,36.19247055053711,36.19247055053711,36.19247055053711,120,0.0,0.0
1986-06-17 00:00:00-04:00,34.287593841552734,34.287593841552734,34.287593841552734,34.287593841552734,80,0.0,0.0
1986-06-18 00:00:00-04:00,34.287593841552734,34.287593841552734,34.287593841552734,34.287593841552734,0,0.0,0.0
1986-06-19 00:00:00-04:00,34.287593841552734,34.287593841552734,34.287593841552734,34.287593841552734,0,0.0,0.0
1986-06-20 00:00:00-04:00,34.287593841552734,34.287593841552734,34.287593841552734,34.287593841552734,428,0.0,0.0
1986-06-23 00:00:00-04:00,38.097328186035156,38.097328186035156,38.097328186035156,38.097328186035156,86,0.0,0.0
1986-06-24 00:00:00-04:00,43.81192398071289,43.81192398071289,43.81192398071289,43.81192398071289,1330,0.0,0.0
1986-06-25 00:00:00-04:00,41.90705108642578,41.90705108642578,41.90705108642578,41.90705108642578,42,0.0,0.0
1986-06-26 00:00:00-04:00,41.90705108642578,41.90705108642578,41.90705108642578,41.90705108642578,30,0.0,0.0
1986-06-27 00:00:00-04:00,41.90705108642578,41.90705108642578,41.90705108642578,41.90705108642578,0,0.0,0.0
1986-06-30 00:00:00-04:00,41.90705108642578,41.90705108642578,41.90705108642578,41.90705108642578,2,0.0,0.0
1986-07-01 00:00:00-04:00,41.90705108642578,41.90705108642578,41.90705108642578,41.90705108642578,20,0.0,0.0
1986-07-02 00:00:00-04:00,41.90705108642578,41.90705108642578,41.90705108642578,41.90705108642578,160,0.0,0.0
1986-07-03 00:00:00-04:00,41.90705108642578,41.90705108642578,41.90705108642578,41.90705108642578,30,0.0,0.0
1986-07-07 00:00:00-04:00,41.90705108642578,41.90705108642578,41.90705108642578,41.90705108642578,252,0.0,0.0
1986-07-08 00:00:00-04:00,41.90705108642578,41.90705108642578,41.90705108642578,41.90705108642578,106,0.0,0.0
1986-07-09 00:00:00-04:00,43.81192398071289,43.81192398071289,43.81192398071289,43.81192398071289,116,0.0,0.0
1986-07-10 00:00:00-04:00,45.7167854309082,45.7167854309082,45.7167854309082,45.7167854309082,134,0.0,0.0
1986-07-11 00:00:00-04:00,49.526504516601555,49.526504516601555,49.526504516601555,49.52650451660156,112,0.0,0.0
1986-07-14 00:00:00-04:00,55.24111938476563,55.24111938476563,55.24111938476563,55.241119384765625,214,0.0,0.0
1986-07-15 00:00:00-04:00,53.33625411987305,53.33625411987305,53.33625411987305,53.33625411987305,172,0.0,0.0
1986-07-16 00:00:00-04:00,49.526504516601555,49.526504516601555,49.526504516601555,49.52650451660156,58,0.0,0.0
1986-07-17 00:00:00-04:00,49.526504516601555,49.526504516601555,49.526504516601555,49.52650451660156,0,0.0,0.0
1986-07-18 00:00:00-04:00,45.7167854309082,45.7167854309082,45.7167854309082,45.7167854309082,50,0.0,0.0
1986-07-21 00:00:00-04:00,45.7167854309082,45.7167854309082,45.7167854309082,45.7167854309082,24,0.0,0.0
1986-07-22 00:00:00-04:00,49.526504516601555,49.526504516601555,49.526504516601555,49.52650451660156,16,0.0,0.0
1986-07-23 00:00:00-04:00,47.62165069580078,47.62165069580078,47.62165069580078,47.62165069580078,2,0.0,0.0
1986-07-24 00:00:00-04:00,47.62165069580078,47.62165069580078,47.62165069580078,47.62165069580078,0,0.0,0.0
1986-07-25 00:00:00-04:00,47.62165069580078,47.62165069580078,47.62165069580078,47.62165069580078,0,0.0,0.0
1986-07-28 00:00:00-04:00,47.62165069580078,47.62165069580078,47.62165069580078,47.62165069580078,0,0.0,0.0
1986-07-29 00:00:00-04:00,47.62165069580078,47.62165069580078,47.62165069580078,47.62165069580078,0,0.0,0.0
1986-07-30 00:00:00-04:00,47.62165069580078,47.62165069580078,47.62165069580078,47.62165069580078,6,0.0,0.0
1986-07-31 00:00:00-04:00,49.526504516601555,49.526504516601555,49.526504516601555,49.52650451660156,2,0.0,0.0
1986-08-01 00:00:00-04:00,49.526504516601555,49.526504516601555,49.526504516601555,49.52650451660156,0,0.0,0.0
1986-08-04 00:00:00-04:00,47.62165069580078,47.62165069580078,47.62165069580078,47.62165069580078,2,0.0,0.0
1986-08-05 00:00:00-04:00,47.62165069580078,47.62165069580078,47.62165069580078,47.62165069580078,16,0.0,0.0
1986-08-06 00:00:00-04:00,47.62165069580078,47.62165069580078,47.62165069580078,47.62165069580078,10,0.0,0.0
1986-08-07 00:00:00-04:00,47.62165069580078,47.62165069580078,47.62165069580078,47.62165069580078,0,0.0,0.0
1986-08-08 00:00:00-04:00,45.7167854309082,45.7167854309082,45.7167854309082,45.7167854309082,6,0.0,0.0
1986-08-11 00:00:00-04:00,45.7167854309082,45.7167854309082,45.7167854309082,45.7167854309082,40,0.0,0.0
1986-08-12 00:00:00-04:00,45.7167854309082,45.7167854309082,45.7167854309082,45.7167854309082,0,0.0,0.0
1986-08-13 00:00:00-04:00,45.7167854309082,45.7167854309082,45.7167854309082,45.7167854309082,0,0.0,0.0
1986-08-14 00:00:00-04:00,45.7167854309082,45.7167854309082,45.7167854309082,45.7167854309082,16,0.0,0.0
1986-08-15 00:00:00-04:00,43.81192398071289,43.81192398071289,43.81192398071289,43.81192398071289,10,0.0,0.0
1986-08-18 00:00:00-04:00,43.81192398071289,43.81192398071289,43.81192398071289,43.81192398071289,0,0.0,0.0
1986-08-19 00:00:00-04:00,43.81192398071289,43.81192398071289,43.81192398071289,43.81192398071289,0,0.0,0.0
1986-08-20 00:00:00-04:00,43.81192398071289,43.81192398071289,43.81192398071289,43.81192398071289,0,0.0,0.0
1986-08-21 00:00:00-04:00,43.81192398071289,43.81192398071289,43.81192398071289,43.81192398071289,0,0.0,0.0
1986-08-22 00:00:00-04:00,43.81192398071289,43.81192398071289,43.81192398071289,43.81192398071289,0,0.0,0.0
1986-08-25 00:00:00-04:00,43.81192398071289,43.81192398071289,43.81192398071289,43.81192398071289,30,0.0,0.0
1986-08-26 00:00:00-04:00,43.81192398071289,43.81192398071289,43.81192398071289,43.81192398071289,20,0.0,0.0
1986-08-27 00:00:00-04:00,43.81192398071289,43.81192398071289,43.81192398071289,43.81192398071289,52,0.0,0.0
1986-08-28 00:00:00-04:00,43.81192398071289,43.81192398071289,43.81192398071289,43.81192398071289,0,0.0,0.0
1986-08-29 00:00:00-04:00,43.81192398071289,43.81192398071289,43.81192398071289,43.81192398071289,0,0.0,0.0
1986-09-02 00:00:00-04:00,43.81192398071289,43.81192398071289,43.81192398071289,43.81192398071289,0,0.0,0.0
1986-09-03 00:00:00-04:00,45.7167854309082,45.7167854309082,45.7167854309082,45.7167854309082,56,0.0,0.0
1986-09-04 00:00:00-04:00,49.526504516601555,49.526504516601555,49.526504516601555,49.52650451660156,102,0.0,0.0
1986-09-05 00:00:00-04:00,53.33625411987305,53.33625411987305,53.33625411987305,53.33625411987305,96,0.0,0.0
1986-09-08 00:00:00-04:00,53.33625411987305,53.33625411987305,53.33625411987305,53.33625411987305,0,0.0,0.0
1986-09-09 00:00:00-04:00,53.33625411987305,53.33625411987305,53.33625411987305,53.33625411987305,2,0.0,0.0
1986-09-10 00:00:00-04:00,53.33625411987305,53.33625411987305,53.33625411987305,53.33625411987305,0,0.0,0.0
1986-09-11 00:00:00-04:00,53.33625411987305,53.33625411987305,53.33625411987305,53.33625411987305,8,0.0,0.0
1986-09-12 00:00:00-04:00,53.33625411987305,53.33625411987305,53.33625411987305,53.33625411987305,0,0.0,0.0
1986-09-15 00:00:00-04:00,53.33625411987305,53.33625411987305,53.33625411987305,53.33625411987305,94,0.0,0.0
1986-09-16 00:00:00-04:00,51.43138885498047,51.43138885498047,51.43138885498047,51.43138885498047,10,0.0,0.0
1986-09-17 00:00:00-04:00,51.43138885498047,51.43138885498047,51.43138885498047,51.43138885498047,20,0.0,0.0
1986-09-18 00:00:00-04:00,51.43138885498047,51.43138885498047,51.43138885498047,51.43138885498047,4,0.0,0.0
1986-09-19 00:00:00-04:00,51.43138885498047,51.43138885498047,51.43138885498047,51.43138885498047,82,0.0,0.0
1986-09-22 00:00:00-04:00,51.43138885498047,51.43138885498047,51.43138885498047,51.43138885498047,0,0.0,0.0
1986-09-23 00:00:00-04:00,51.43138885498047,51.43138885498047,51.43138885498047,51.43138885498047,4,0.0,0.0
1986-09-24 00:00:00-04:00,51.43138885498047,51.43138885498047,51.43138885498047,51.43138885498047,44,0.0,0.0
1986-09-25 00:00:00-04:00,51.43138885498047,51.43138885498047,51.43138885498047,51.43138885498047,2,0.0,0.0
1986-09-26 00:00:00-04:00,51.43138885498047,51.43138885498047,51.43138885498047,51.43138885498047,2,0.0,0.0
1986-09-29 00:00:00-04:00,49.526504516601555,49.526504516601555,49.526504516601555,49.52650451660156,40,0.0,0.0
1986-09-30 00:00:00-04:00,49.526504516601555,49.526504516601555,49.526504516601555,49.52650451660156,0,0.0,0.0
1986-10-01 00:00:00-04:00,49.526504516601555,49.526504516601555,49.526504516601555,49.52650451660156,16,0.0,0.0
1986-10-02 00:00:00-04:00,47.62165069580078,47.62165069580078,47.62165069580078,47.62165069580078,20,0.0,0.0
1986-10-03 00:00:00-04:00,47.62165069580078,47.62165069580078,47.62165069580078,47.62165069580078,0,0.0,0.0
1986-10-06 00:00:00-04:00,47.62165069580078,47.62165069580078,47.62165069580078,47.62165069580078,8,0.0,0.0
1986-10-07 00:00:00-04:00,47.62165069580078,47.62165069580078,47.62165069580078,47.62165069580078,0,0.0,0.0
1986-10-08 00:00:00-04:00,47.62165069580078,47.62165069580078,47.62165069580078,47.62165069580078,0,0.0,0.0
1986-10-09 00:00:00-04:00,47.62165069580078,47.62165069580078,47.62165069580078,47.62165069580078,6,0.0,0.0
1986-10-10 00:00:00-04:00,47.62165069580078,47.62165069580078,47.62165069580078,47.62165069580078,0,0.0,0.0
1986-10-13 00:00:00-04:00,45.7167854309082,45.7167854309082,45.7167854309082,45.7167854309082,18,0.0,0.0
1986-10-14 00:00:00-04:00,45.7167854309082,45.7167854309082,45.7167854309082,45.7167854309082,12,0.0,0.0
1986-10-15 00:00:00-04:00,45.7167854309082,45.7167854309082,45.7167854309082,45.7167854309082,2,0.0,0.0
1986-10-16 00:00:00-04:00,45.7167854309082,45.7167854309082,45.7167854309082,45.7167854309082,0,0.0,0.0
1986-10-17 00:00:00-04:00,45.7167854309082,45.7167854309082,45.7167854309082,45.7167854309082,0,0.0,0.0
1986-10-20 00:00:00-04:00,45.7167854309082,45.7167854309082,45.7167854309082,45.7167854309082,0,0.0,0.0
1986-10-21 00:00:00-04:00,45.7167854309082,45.7167854309082,45.7167854309082,45.7167854309082,14,0.0,0.0
1986-10-22 00:00:00-04:00,45.7167854309082,45.7167854309082,45.7167854309082,45.7167854309082,14,0.0,0.0
1986-10-23 00:00:00-04:00,45.7167854309082,45.7167854309082,45.7167854309082,45.7167854309082,0,0.0,0.0
1986-10-24 00:00:00-04:00,45.7167854309082,45.7167854309082,45.7167854309082,45.7167854309082,0,0.0,0.0
1986-10-27 00:00:00-05:00,45.7167854309082,45.7167854309082,45.7167854309082,45.7167854309082,0,0.0,0.0
1986-10-28 00:00:00-05:00,45.7167854309082,45.7167854309082,45.7167854309082,45.7167854309082,202,0.0,0.0
1986-10-29 00:00:00-05:00,45.7167854309082,45.7167854309082,45.7167854309082,45.7167854309082,0,0.0,0.0
1986-10-30 00:00:00-05:00,45.7167854309082,45.7167854309082,45.7167854309082,45.7167854309082,60,0.0,0.0
1986-10-31 00:00:00-05:00,45.7167854309082,45.7167854309082,45.7167854309082,45.7167854309082,0,0.0,0.0
1986-11-03 00:00:00-05:00,45.7167854309082,45.7167854309082,45.7167854309082,45.7167854309082,0,0.0,0.0
1986-11-04 00:00:00-05:00,45.7167854309082,45.7167854309082,45.7167854309082,45.7167854309082,0,0.0,0.0
1986-11-05 00:00:00-05:00,45.7167854309082,45.7167854309082,45.7167854309082,45.7167854309082,0,0.0,0.0
1986-11-06 00:00:00-05:00,45.7167854309082,45.7167854309082,45.7167854309082,45.7167854309082,0,0.0,0.0
1986-11-07 00:00:00-05:00,45.7167854309082,45.7167854309082,45.7167854309082,45.7167854309082,60,0.0,0.0
1986-11-10 00:00:00-05:00,45.7167854309082,45.7167854309082,45.7167854309082,45.7167854309082,0,0.0,0.0
1986-11-11 00:00:00-05:00,47.62165069580078,47.62165069580078,47.62165069580078,47.62165069580078,140,0.0,0.0
1986-11-12 00:00:00-05:00,47.62165069580078,47.62165069580078,47.62165069580078,47.62165069580078,0,0.0,0.0
1986-11-13 00:00:00-05:00,47.62165069580078,47.62165069580078,47.62165069580078,47.62165069580078,96,0.0,0.0
1986-11-14 00:00:00-05:00,53.33625411987305,53.33625411987305,53.33625411987305,53.33625411987305,50,0.0,0.0
1986-11-17 00:00:00-05:00,55.24111938476563,55.24111938476563,55.24111938476563,55.241119384765625,174,0.0,0.0
1986-11-18 00:00:00-05:00,68.57518768310547,68.57518768310547,68.57518768310547,68.57518768310547,200,0.0,0.0
1986-11-19 00:00:00-05:00,64.76542663574219,64.76542663574219,64.76542663574219,64.76542663574219,90,0.0,0.0
1986-11-20 00:00:00-05:00,60.955707550048835,60.955707550048835,60.955707550048835,60.95570755004883,84,0.0,0.0
1986-11-21 00:00:00-05:00,60.955707550048835,60.955707550048835,60.955707550048835,60.95570755004883,0,0.0,0.0
1986-11-24 00:00:00-05:00,60.955707550048835,60.955707550048835,60.955707550048835,60.95570755004883,2,0.0,0.0
1986-11-25 00:00:00-05:00,59.05083084106445,59.05083084106445,59.05083084106445,59.05083084106445,6,0.0,0.0
1986-11-26 00:00:00-05:00,55.24111938476563,55.24111938476563,55.24111938476563,55.241119384765625,100,0.0,0.0
1986-11-28 00:00:00-05:00,53.33625411987305,53.33625411987305,53.33625411987305,53.33625411987305,128,0.0,0.0
1986-12-01 00:00:00-05:00,55.24111938476563,55.24111938476563,55.24111938476563,55.241119384765625,74,0.0,0.0
1986-12-02 00:00:00-05:00,55.24111938476563,55.24111938476563,55.24111938476563,55.241119384765625,10,0.0,0.0
1986-12-03 00:00:00-05:00,55.24111938476563,55.24111938476563,55.24111938476563,55.241119384765625,0,0.0,0.0
1986-12-04 00:00:00-05:00,55.24111938476563,55.24111938476563,55.24111938476563,55.241119384765625,0,0.0,0.0
1986-12-05 00:00:00-05:00,53.33625411987305,53.33625411987305,53.33625411987305,53.33625411987305,10,0.0,0.0
1986-12-08 00:00:00-05:00,53.33625411987305,53.33625411987305,53.33625411987305,53.33625411987305,2,0.0,0.0
1986-12-09 00:00:00-05:00,53.33625411987305,53.33625411987305,53.33625411987305,53.33625411987305,62,0.0,0.0
1986-12-10 00:00:00-05:00,55.24111938476563,55.24111938476563,55.24111938476563,55.241119384765625,16,0.0,0.0
1986-12-11 00:00:00-05:00,55.24111938476563,55.24111938476563,55.24111938476563,55.241119384765625,24,0.0,0.0
1986-12-12 00:00:00-05:00,55.24111938476563,55.24111938476563,55.24111938476563,55.241119384765625,26,0.0,0.0
1986-12-15 00:00:00-05:00,55.24111938476563,55.24111938476563,55.24111938476563,55.241119384765625,4,0.0,0.0
1986-12-16 00:00:00-05:00,55.24111938476563,55.24111938476563,55.24111938476563,55.241119384765625,34,0.0,0.0
1986-12-17 00:00:00-05:00,55.24111938476563,55.24111938476563,55.24111938476563,55.241119384765625,56,0.0,0.0
1986-12-18 00:00:00-05:00,55.24111938476563,55.24111938476563,55.24111938476563,55.241119384765625,8,0.0,0.0
1986-12-19 00:00:00-05:00,55.24111938476563,55.24111938476563,55.24111938476563,55.241119384765625,6,0.0,0.0
1986-12-22 00:00:00-05:00,55.24111938476563,55.24111938476563,55.24111938476563,55.241119384765625,210,0.0,0.0
1986-12-23 00:00:00-05:00,55.24111938476563,55.24111938476563,55.24111938476563,55.241119384765625,0,0.0,0.0
1986-12-24 00:00:00-05:00,55.24111938476563,55.24111938476563,55.24111938476563,55.241119384765625,10,0.0,0.0
1986-12-26 00:00:00-05:00,55.24111938476563,55.24111938476563,55.24111938476563,55.241119384765625,0,0.0,0.0
1986-12-29 00:00:00-05:00,55.24111938476563,55.24111938476563,55.24111938476563,55.241119384765625,0,0.0,0.0
1986-12-30 00:00:00-05:00,53.33625411987305,53.33625411987305,53.33625411987305,53.33625411987305,58,0.0,0.0
1986-12-31 00:00:00-05:00,51.43138885498047,51.43138885498047,51.43138885498047,51.43138885498047,54,0.0,0.0
1987-01-02 00:00:00-05:00,51.43138885498047,51.43138885498047,51.43138885498047,51.43138885498047,0,0.0,0.0
1987-01-05 00:00:00-05:00,51.43138885498047,51.43138885498047,51.43138885498047,51.43138885498047,0,0.0,0.0
1987-01-06 00:00:00-05:00,53.33625411987305,53.33625411987305,53.33625411987305,53.33625411987305,98,0.0,0.0
1987-01-07 00:00:00-05:00,53.33625411987305,53.33625411987305,53.33625411987305,53.33625411987305,22,0.0,0.0
1987-01-08 00:00:00-05:00,53.33625411987305,53.33625411987305,53.33625411987305,53.33625411987305,0,0.0,0.0
1987-01-09 00:00:00-05:00,55.24111938476563,55.24111938476563,55.24111938476563,55.241119384765625,40,0.0,0.0
1987-01-12 00:00:00-05:00,55.24111938476563,55.24111938476563,55.24111938476563,55.241119384765625,4,0.0,0.0
1987-01-13 00:00:00-05:00,57.14598083496094,57.14598083496094,57.14598083496094,57.14598083496094,90,0.0,0.0
1987-01-14 00:00:00-05:00,64.76542663574219,64.76542663574219,64.76542663574219,64.76542663574219,270,0.0,0.0
1987-01-15 00:00:00-05:00,68.57518768310547,68.57518768310547,68.57518768310547,68.57518768310547,206,0.0,0.0
1987-01-16 00:00:00-05:00,70.48004913330078,70.48004913330078,70.48004913330078,70.48004913330078,80,0.0,0.0
1987-01-19 00:00:00-05:00,72.38494110107422,72.38494110107422,72.38494110107422,72.38494110107422,40,0.0,0.0
1987-01-20 00:00:00-05:00,66.6703109741211,66.6703109741211,66.6703109741211,66.6703109741211,228,0.0,0.0
1987-01-21 00:00:00-05:00,66.6703109741211,66.6703109741211,66.6703109741211,66.6703109741211,0,0.0,0.0
1987-01-22 00:00:00-05:00,66.6703109741211,66.6703109741211,66.6703109741211,66.6703109741211,2,0.0,0.0
1987-01-23 00:00:00-05:00,70.48004913330078,70.48004913330078,70.48004913330078,70.48004913330078,34,0.0,0.0
1987-01-26 00:00:00-05:00,70.48004913330078,70.48004913330078,70.48004913330078,70.48004913330078,50,0.0,0.0
1987-01-27 00:00:00-05:00,72.38494110107422,72.38494110107422,72.38494110107422,72.38494110107422,40,0.0,0.0
1987-01-28 00:00:00-05:00,72.38494110107422,72.38494110107422,72.38494110107422,72.38494110107422,22,0.0,0.0
1987-01-29 00:00:00-05:00,83.81410217285156,83.81410217285156,83.81410217285156,83.81410217285156,290,0.0,0.0
1987-01-30 00:00:00-05:00,83.81410217285156,83.81410217285156,83.81410217285156,83.81410217285156,40,0.0,0.0
1987-02-02 00:00:00-05:00,83.81410217285156,83.81410217285156,83.81410217285156,83.81410217285156,8,0.0,0.0
1987-02-03 00:00:00-05:00,83.81410217285156,83.81410217285156,83.81410217285156,83.81410217285156,32,0.0,0.0
1987-02-04 00:00:00-05:00,83.81410217285156,83.81410217285156,83.81410217285156,83.81410217285156,0,0.0,0.0
1987-02-05 00:00:00-05:00,85.71898651123047,85.71898651123047,85.71898651123047,85.71898651123047,4,0.0,0.0
1987-02-06 00:00:00-05:00,85.71898651123047,85.71898651123047,85.71898651123047,85.71898651123047,0,0.0,0.0
1987-02-09 00:00:00-05:00,89.52870178222656,89.52870178222656,89.52870178222656,89.52870178222656,56,0.0,0.0
1987-02-10 00:00:00-05:00,87.62384796142578,87.62384796142578,87.62384796142578,87.62384796142578,2,0.0,0.0
1987-02-11 00:00:00-05:00,87.62384796142578,87.62384796142578,87.62384796142578,87.62384796142578,10,0.0,0.0
1987-02-12 00:00:00-05:00,87.62384796142578,87.62384796142578,87.62384796142578,87.62384796142578,0,0.0,0.0
1987-02-13 00:00:00-05:00,87.62384796142578,87.62384796142578,87.62384796142578,87.62384796142578,0,0.0,0.0
1987-02-17 00:00:00-05:00,87.62384796142578,87.62384796142578,87.62384796142578,87.62384796142578,2,0.0,0.0
1987-02-18 00:00:00-05:00,87.62384796142578,87.62384796142578,87.62384796142578,87.62384796142578,0,0.0,0.0
1987-02-19 00:00:00-05:00,83.81410217285156,83.81410217285156,83.81410217285156,83.81410217285156,166,0.0,0.0
1987-02-20 00:00:00-05:00,83.81410217285156,83.81410217285156,83.81410217285156,83.81410217285156,26,0.0,0.0
1987-02-23 00:00:00-05:00,83.81410217285156,83.81410217285156,83.81410217285156,83.81410217285156,0,0.0,0.0
1987-02-24 00:00:00-05:00,83.81410217285156,83.81410217285156,83.81410217285156,83.81410217285156,74,0.0,0.0
1987-02-25 00:00:00-05:00,83.81410217285156,83.81410217285156,83.81410217285156,83.81410217285156,60,0.0,0.0
1987-02-26 00:00:00-05:00,83.81410217285156,83.81410217285156,83.81410217285156,83.81410217285156,10,0.0,0.0
1987-02-27 00:00:00-05:00,83.81410217285156,83.81410217285156,83.81410217285156,83.81410217285156,2,0.0,0.0
1987-03-02 00:00:00-05:00,83.81410217285156,83.81410217285156,83.81410217285156,83.81410217285156,26,0.0,0.0
1987-03-03 00:00:00-05:00,83.81410217285156,83.81410217285156,83.81410217285156,83.81410217285156,0,0.0,0.0
1987-03-04 00:00:00-05:00,85.71898651123047,85.71898651123047,85.71898651123047,85.71898651123047,10,0.0,0.0
1987-03-05 00:00:00-05:00,93.33844757080078,93.33844757080078,93.33844757080078,93.33844757080078,108,0.0,0.0
1987-03-06 00:00:00-05:00,93.33844757080078,93.33844757080078,93.33844757080078,93.33844757080078,28,0.0,0.0
1987-03-09 00:00:00-05:00,93.33844757080078,93.33844757080078,93.33844757080078,93.33844757080078,12,0.0,0.0
1987-03-10 00:00:00-05:00,93.33844757080078,93.33844757080078,93.33844757080078,93.33844757080078,22,0.0,0.0
1987-03-11 00:00:00-05:00,95.24330139160156,95.24330139160156,95.24330139160156,95.24330139160156,2,0.0,0.0
1987-03-12 00:00:00-05:00,95.24330139160156,95.24330139160156,95.24330139160156,95.24330139160156,8,0.0,0.0
1987-03-13 00:00:00-05:00,95.24330139160156,95.24330139160156,95.24330139160156,95.24330139160156,44,0.0,0.0
1987-03-16 00:00:00-05:00,95.24330139160156,95.24330139160156,95.24330139160156,95.24330139160156,30,0.0,0.0
1987-03-17 00:00:00-05:00,95.24330139160156,95.24330139160156,95.24330139160156,95.24330139160156,14,0.0,0.0
1987-03-18 00:00:00-05:00,95.24330139160156,95.24330139160156,95.24330139160156,95.24330139160156,8,0.0,0.0
1987-03-19 00:00:00-05:00,104.76763916015625,104.76763916015625,104.76763916015625,104.76763916015625,76,0.0,0.0
1987-03-20 00:00:00-05:00,108.5773696899414,108.5773696899414,108.5773696899414,108.5773696899414,96,0.0,0.0
1987-03-23 00:00:00-05:00,125.72115325927734,125.72115325927734,125.72115325927734,125.72115325927734,370,0.0,0.0
1987-03-24 00:00:00-05:00,152.38931274414062,152.38931274414062,152.38931274414062,152.38931274414062,326,0.0,0.0
1987-03-25 00:00:00-05:00,148.57957458496094,148.57957458496094,148.57957458496094,148.57957458496094,184,0.0,0.0
1987-03-26 00:00:00-05:00,148.57957458496094,148.57957458496094,148.57957458496094,148.57957458496094,204,0.0,0.0
1987-03-27 00:00:00-05:00,175.24769592285156,175.24769592285156,175.24769592285156,175.24769592285156,146,0.0,0.0
1987-03-30 00:00:00-05:00,171.43797302246094,171.43797302246094,171.43797302246094,171.43797302246094,74,0.0,0.0
1987-03-31 00:00:00-05:00,182.8671417236328,182.8671417236328,182.8671417236328,182.8671417236328,142,0.0,0.0
1987-04-01 00:00:00-05:00,160.0087432861328,160.0087432861328,160.0087432861328,160.0087432861328,362,0.0,0.0
1987-04-02 00:00:00-05:00,160.0087432861328,160.0087432861328,160.0087432861328,160.0087432861328,36,0.0,0.0
1987-04-03 00:00:00-05:00,194.29632568359372,194.29632568359372,194.29632568359372,194.29632568359375,384,0.0,0.0
1987-04-06 00:00:00-04:00,179.05740356445312,179.05740356445312,179.05740356445312,179.05740356445312,86,0.0,0.0
1987-04-07 00:00:00-04:00,179.05740356445312,179.05740356445312,179.05740356445312,179.05740356445312,124,0.0,0.0
1987-04-08 00:00:00-04:00,179.05740356445312,179.05740356445312,179.05740356445312,179.05740356445312,124,0.0,0.0
1987-04-09 00:00:00-04:00,190.48660278320312,190.48660278320312,190.48660278320312,190.48660278320312,108,0.0,0.0
1987-04-10 00:00:00-04:00,209.5352783203125,209.5352783203125,209.5352783203125,209.5352783203125,240,0.0,0.0
1987-04-13 00:00:00-04:00,213.3450164794922,213.3450164794922,213.3450164794922,213.3450164794922,66,0.0,0.0
1987-04-14 00:00:00-04:00,205.72555541992188,205.72555541992188,205.72555541992188,205.72555541992188,60,0.0,0.0
1987-04-15 00:00:00-04:00,175.24769592285156,175.24769592285156,175.24769592285156,175.24769592285156,168,0.0,0.0
1987-04-16 00:00:00-04:00,175.24769592285156,175.24769592285156,175.24769592285156,175.24769592285156,140,0.0,0.0
1987-04-20 00:00:00-04:00,175.24769592285156,175.24769592285156,175.24769592285156,175.24769592285156,108,0.0,0.0
1987-04-21 00:00:00-04:00,167.62820434570312,167.62820434570312,167.62820434570312,167.62820434570312,32,0.0,0.0
1987-04-22 00:00:00-04:00,163.81849670410156,163.81849670410156,163.81849670410156,163.81849670410156,182,0.0,0.0
1987-04-23 00:00:00-04:00,163.81849670410156,163.81849670410156,163.81849670410156,163.81849670410156,134,0.0,0.0
1987-04-24 00:00:00-04:00,163.81849670410156,163.81849670410156,163.81849670410156,163.81849670410156,60,0.0,0.0
1987-04-27 00:00:00-04:00,160.0087432861328,160.0087432861328,160.0087432861328,160.0087432861328,70,0.0,0.0
1987-04-28 00:00:00-04:00,160.0087432861328,160.0087432861328,160.0087432861328,160.0087432861328,50,0.0,0.0
1987-04-29 00:00:00-04:00,156.19898986816406,156.19898986816406,156.19898986816406,156.19898986816406,60,0.0,0.0
1987-04-30 00:00:00-04:00,171.43797302246094,171.43797302246094,171.43797302246094,171.43797302246094,390,0.0,0.0
1987-05-01 00:00:00-04:00,175.24769592285156,175.24769592285156,175.24769592285156,175.24769592285156,10,0.0,0.0
1987-05-04 00:00:00-04:00,175.24769592285156,175.24769592285156,175.24769592285156,175.24769592285156,2,0.0,0.0
1987-05-05 00:00:00-04:00,175.24769592285156,175.24769592285156,175.24769592285156,175.24769592285156,2,0.0,0.0
1987-05-06 00:00:00-04:00,175.24769592285156,175.24769592285156,175.24769592285156,175.24769592285156,20,0.0,0.0
1987-05-07 00:00:00-04:00,175.24769592285156,175.24769592285156,175.24769592285156,175.24769592285156,32,0.0,0.0
1987-05-08 00:00:00-04:00,175.24769592285156,175.24769592285156,175.24769592285156,175.24769592285156,22,0.0,0.0
1987-05-11 00:00:00-04:00,186.67689514160156,186.67689514160156,186.67689514160156,186.67689514160156,130,0.0,0.0
1987-05-12 00:00:00-04:00,179.05740356445312,179.05740356445312,179.05740356445312,179.05740356445312,164,0.0,0.0
1987-05-13 00:00:00-04:00,179.05740356445312,179.05740356445312,179.05740356445312,179.05740356445312,38,0.0,0.0
1987-05-14 00:00:00-04:00,179.05740356445312,179.05740356445312,179.05740356445312,179.05740356445312,68,0.0,0.0
1987-05-15 00:00:00-04:00,179.05740356445312,179.05740356445312,179.05740356445312,179.05740356445312,20,0.0,0.0
1987-05-18 00:00:00-04:00,179.05740356445312,179.05740356445312,179.05740356445312,179.05740356445312,32,0.0,0.0
1987-05-19 00:00:00-04:00,179.05740356445312,179.05740356445312,179.05740356445312,179.05740356445312,8,0.0,0.0
1987-05-20 00:00:00-04:00,179.05740356445312,179.05740356445312,179.05740356445312,179.05740356445312,128,0.0,0.0
1987-05-21 00:00:00-04:00,179.05740356445312,179.05740356445312,179.05740356445312,179.05740356445312,40,0.0,0.0
1987-05-22 00:00:00-04:00,175.24769592285156,175.24769592285156,175.24769592285156,175.24769592285156,30,0.0,0.0
1987-05-26 00:00:00-04:00,163.81849670410156,163.81849670410156,163.81849670410156,163.81849670410156,32,0.0,0.0
1987-05-27 00:00:00-04:00,163.81849670410156,163.81849670410156,163.81849670410156,163.81849670410156,20,0.0,0.0
1987-05-28 00:00:00-04:00,163.81849670410156,163.81849670410156,163.81849670410156,163.81849670410156,22,0.0,0.0
1987-05-29 00:00:00-04:00,163.81849670410156,163.81849670410156,163.81849670410156,163.81849670410156,0,0.0,0.0
1987-06-01 00:00:00-04:00,163.81849670410156,163.81849670410156,163.81849670410156,163.81849670410156,8,0.0,0.0
1987-06-02 00:00:00-04:00,167.62820434570312,167.62820434570312,167.62820434570312,167.62820434570312,18,0.0,0.0
1987-06-03 00:00:00-04:00,163.81849670410156,163.81849670410156,163.81849670410156,163.81849670410156,8,0.0,0.0
1987-06-04 00:00:00-04:00,163.81849670410156,163.81849670410156,163.81849670410156,163.81849670410156,0,0.0,0.0
1987-06-05 00:00:00-04:00,163.81849670410156,163.81849670410156,163.81849670410156,163.81849670410156,0,0.0,0.0
1987-06-08 00:00:00-04:00,163.81849670410156,163.81849670410156,163.81849670410156,163.81849670410156,8,0.0,0.0
1987-06-09 00:00:00-04:00,160.0087432861328,160.0087432861328,160.0087432861328,160.0087432861328,46,0.0,0.0
1987-06-10 00:00:00-04:00,160.0087432861328,160.0087432861328,160.0087432861328,160.0087432861328,18,0.0,0.0
1987-06-11 00:00:00-04:00,160.0087432861328,160.0087432861328,160.0087432861328,160.0087432861328,34,0.0,0.0
1987-06-12 00:00:00-04:00,163.81849670410156,163.81849670410156,163.81849670410156,163.81849670410156,12,0.0,0.0
1987-06-15 00:00:00-04:00,167.62820434570312,167.62820434570312,167.62820434570312,167.62820434570312,26,0.0,0.0
1987-06-16 00:00:00-04:00,171.43797302246094,171.43797302246094,171.43797302246094,171.43797302246094,60,0.0,0.0
1987-06-17 00:00:00-04:00,175.24769592285156,175.24769592285156,175.24769592285156,175.24769592285156,88,0.0,0.0
1987-06-18 00:00:00-04:00,179.05740356445312,179.05740356445312,179.05740356445312,179.05740356445312,190,0.0,0.0
1987-06-19 00:00:00-04:00,201.91578674316406,201.91578674316406,201.91578674316406,201.91578674316406,170,0.0,0.0
1987-06-22 00:00:00-04:00,190.48660278320312,190.48660278320312,190.48660278320312,190.48660278320312,250,0.0,0.0
1987-06-23 00:00:00-04:00,190.48660278320312,190.48660278320312,190.48660278320312,190.48660278320312,0,0.0,0.0
1987-06-24 00:00:00-04:00,190.48660278320312,190.48660278320312,190.48660278320312,190.48660278320312,0,0.0,0.0
1987-06-25 00:00:00-04:00,182.8671417236328,182.8671417236328,182.8671417236328,182.8671417236328,8,0.0,0.0
1987-06-26 00:00:00-04:00,186.67689514160156,186.67689514160156,186.67689514160156,186.67689514160156,36,0.0,0.0
1987-06-29 00:00:00-04:00,186.67689514160156,186.67689514160156,186.67689514160156,186.67689514160156,38,0.0,0.0
1987-06-30 00:00:00-04:00,186.67689514160156,186.67689514160156,186.67689514160156,186.67689514160156,10,0.0,0.0
1987-07-01 00:00:00-04:00,186.67689514160156,186.67689514160156,186.67689514160156,186.67689514160156,10,0.0,0.0
1987-07-02 00:00:00-04:00,186.67689514160156,186.67689514160156,186.67689514160156,186.67689514160156,20,0.0,0.0
1987-07-06 00:00:00-04:00,186.67689514160156,186.67689514160156,186.67689514160156,186.67689514160156,16,0.0,0.0
1987-07-07 00:00:00-04:00,186.67689514160156,186.67689514160156,186.67689514160156,186.67689514160156,0,0.0,0.0
1987-07-08 00:00:00-04:00,190.48660278320312,190.48660278320312,190.48660278320312,190.48660278320312,10,0.0,0.0
1987-07-09 00:00:00-04:00,198.10601806640622,198.10601806640622,198.10601806640622,198.10601806640625,20,0.0,0.0
1987-07-10 00:00:00-04:00,198.10601806640622,198.10601806640622,198.10601806640622,198.10601806640625,42,0.0,0.0
1987-07-13 00:00:00-04:00,198.10601806640622,198.10601806640622,198.10601806640622,198.10601806640625,10,0.0,0.0
1987-07-14 00:00:00-04:00,198.10601806640622,198.10601806640622,198.10601806640622,198.10601806640625,4,0.0,0.0
1987-07-15 00:00:00-04:00,198.10601806640622,198.10601806640622,198.10601806640622,198.10601806640625,0,0.0,0.0
1987-07-16 00:00:00-04:00,198.10601806640622,198.10601806640622,198.10601806640622,198.10601806640625,8,0.0,0.0
1987-07-17 00:00:00-04:00,198.10601806640622,198.10601806640622,198.10601806640622,198.10601806640625,0,0.0,0.0
1987-07-20 00:00:00-04:00,198.10601806640622,198.10601806640622,198.10601806640622,198.10601806640625,36,0.0,0.0
1987-07-21 00:00:00-04:00,198.10601806640622,198.10601806640622,198.10601806640622,198.10601806640625,20,0.0,0.0
1987-07-22 00:00:00-04:00,201.91578674316406,201.91578674316406,201.91578674316406,201.91578674316406,20,0.0,0.0
1987-07-23 00:00:00-04:00,201.91578674316406,201.91578674316406,201.91578674316406,201.91578674316406,46,0.0,0.0
1987-07-24 00:00:00-04:00,201.91578674316406,201.91578674316406,201.91578674316406,201.91578674316406,24,0.0,0.0
1987-07-27 00:00:00-04:00,198.10601806640622,198.10601806640622,198.10601806640622,198.10601806640625,22,0.0,0.0
1987-07-28 00:00:00-04:00,198.10601806640622,198.10601806640622,198.10601806640622,198.10601806640625,0,0.0,0.0
1987-07-29 00:00:00-04:00,198.10601806640622,198.10601806640622,198.10601806640622,198.10601806640625,30,0.0,0.0
1987-07-30 00:00:00-04:00,198.10601806640622,198.10601806640622,198.10601806640622,198.10601806640625,20,0.0,0.0
1987-07-31 00:00:00-04:00,198.10601806640622,198.10601806640622,198.10601806640622,198.10601806640625,2,0.0,0.0
1987-08-03 00:00:00-04:00,198.10601806640622,198.10601806640622,198.10601806640622,198.10601806640625,2,0.0,0.0
1987-08-04 00:00:00-04:00,198.10601806640622,198.10601806640622,198.10601806640622,198.10601806640625,26,0.0,0.0
1987-08-05 00:00:00-04:00,198.10601806640622,198.10601806640622,198.10601806640622,198.10601806640625,6,0.0,0.0
1987-08-06 00:00:00-04:00,198.10601806640622,198.10601806640622,198.10601806640622,198.10601806640625,0,0.0,0.0
1987-08-07 00:00:00-04:00,190.48660278320312,190.48660278320312,190.48660278320312,190.48660278320312,4,0.0,0.0
1987-08-10 00:00:00-04:00,190.48660278320312,190.48660278320312,190.48660278320312,190.48660278320312,24,0.0,0.0
1987-08-11 00:00:00-04:00,190.48660278320312,190.48660278320312,190.48660278320312,190.48660278320312,2,0.0,0.0
1987-08-12 00:00:00-04:00,186.67689514160156,186.67689514160156,186.67689514160156,186.67689514160156,24,0.0,0.0
1987-08-13 00:00:00-04:00,186.67689514160156,186.67689514160156,186.67689514160156,186.67689514160156,40,0.0,0.0
1987-08-14 00:00:00-04:00,194.29632568359372,194.29632568359372,194.29632568359372,194.29632568359375,190,0.0,0.0
1987-08-17 00:00:00-04:00,194.29632568359372,194.29632568359372,194.29632568359372,194.29632568359375,10,0.0,0.0
1987-08-18 00:00:00-04:00,198.10601806640622,198.10601806640622,198.10601806640622,198.10601806640625,72,0.0,0.0
1987-08-19 00:00:00-04:00,198.10601806640622,198.10601806640622,198.10601806640622,198.10601806640625,72,0.0,0.0
1987-08-20 00:00:00-04:00,198.10601806640622,198.10601806640622,198.10601806640622,198.10601806640625,28,0.0,0.0
1987-08-21 00:00:00-04:00,198.10601806640622,198.10601806640622,198.10601806640622,198.10601806640625,2,0.0,0.0
1987-08-24 00:00:00-04:00,198.10601806640622,198.10601806640622,198.10601806640622,198.10601806640625,6,0.0,0.0
1987-08-25 00:00:00-04:00,198.10601806640622,198.10601806640622,198.10601806640622,198.10601806640625,0,0.0,0.0
1987-08-26 00:00:00-04:00,198.10601806640622,198.10601806640622,198.10601806640622,198.10601806640625,6,0.0,0.0
1987-08-27 00:00:00-04:00,198.10601806640622,198.10601806640622,198.10601806640622,198.10601806640625,2,0.0,0.0
1987-08-28 00:00:00-04:00,198.10601806640622,198.10601806640622,198.10601806640622,198.10601806640625,22,0.0,0.0
1987-08-31 00:00:00-04:00,198.10601806640622,198.10601806640622,198.10601806640622,198.10601806640625,40,0.0,0.0
1987-09-01 00:00:00-04:00,198.10601806640622,198.10601806640622,198.10601806640622,198.10601806640625,2,0.0,0.0
1987-09-02 00:00:00-04:00,198.10601806640622,198.10601806640622,198.10601806640622,198.10601806640625,22,0.0,0.0
1987-09-03 00:00:00-04:00,194.29632568359372,194.29632568359372,194.29632568359372,194.29632568359375,60,0.0,0.0
1987-09-04 00:00:00-04:00,194.29632568359372,194.29632568359372,194.29632568359372,194.29632568359375,12,0.0,0.0
1987-09-08 00:00:00-04:00,190.48660278320312,190.48660278320312,190.48660278320312,190.48660278320312,10,0.0,0.0
1987-09-09 00:00:00-04:00,190.48660278320312,190.48660278320312,190.48660278320312,190.48660278320312,4,0.0,0.0
1987-09-10 00:00:00-04:00,190.48660278320312,190.48660278320312,190.48660278320312,190.48660278320312,32,0.0,0.0
1987-09-11 00:00:00-04:00,190.48660278320312,190.48660278320312,190.48660278320312,190.48660278320312,110,0.0,0.0
1987-09-14 00:00:00-04:00,192.39149475097656,192.39149475097656,192.39149475097656,192.39149475097656,40,0.0,0.0
1987-09-15 00:00:00-04:00,188.58172607421875,188.58172607421875,188.58172607421875,188.58172607421875,84,0.0,0.0
1987-09-16 00:00:00-04:00,186.67689514160156,186.67689514160156,186.67689514160156,186.67689514160156,62,0.0,0.0
1987-09-17 00:00:00-04:00,182.8671417236328,182.8671417236328,182.8671417236328,182.8671417236328,42,0.0,0.0
1987-09-18 00:00:00-04:00,180.96231079101562,180.96231079101562,180.96231079101562,180.96231079101562,120,0.0,0.0
1987-09-21 00:00:00-04:00,180.96231079101562,180.96231079101562,180.96231079101562,180.96231079101562,80,0.0,0.0
1987-09-22 00:00:00-04:00,167.62820434570312,167.62820434570312,167.62820434570312,167.62820434570312,60,0.0,0.0
1987-09-23 00:00:00-04:00,167.62820434570312,167.62820434570312,167.62820434570312,167.62820434570312,70,0.0,0.0
1987-09-24 00:00:00-04:00,171.43797302246094,171.43797302246094,171.43797302246094,171.43797302246094,24,0.0,0.0
1987-09-25 00:00:00-04:00,171.43797302246094,171.43797302246094,171.43797302246094,171.43797302246094,6,0.0,0.0
1987-09-28 00:00:00-04:00,171.43797302246094,171.43797302246094,171.43797302246094,171.43797302246094,10,0.0,0.0
1987-09-29 00:00:00-04:00,163.81849670410156,163.81849670410156,163.81849670410156,163.81849670410156,4,0.0,0.0
1987-09-30 00:00:00-04:00,163.81849670410156,163.81849670410156,163.81849670410156,163.81849670410156,10,0.0,0.0
1987-10-01 00:00:00-04:00,163.81849670410156,163.81849670410156,163.81849670410156,163.81849670410156,16,0.0,0.0
1987-10-02 00:00:00-04:00,163.81849670410156,163.81849670410156,163.81849670410156,163.81849670410156,0,0.0,0.0
1987-10-05 00:00:00-04:00,163.81849670410156,163.81849670410156,163.81849670410156,163.81849670410156,10,0.0,0.0
1987-10-06 00:00:00-04:00,163.81849670410156,163.81849670410156,163.81849670410156,163.81849670410156,66,0.0,0.0
1987-10-07 00:00:00-04:00,156.19898986816406,156.19898986816406,156.19898986816406,156.19898986816406,118,0.0,0.0
1987-10-08 00:00:00-04:00,156.19898986816406,156.19898986816406,156.19898986816406,156.19898986816406,60,0.0,0.0
1987-10-09 00:00:00-04:00,160.0087432861328,160.0087432861328,160.0087432861328,160.0087432861328,60,0.0,0.0
1987-10-12 00:00:00-04:00,156.19898986816406,156.19898986816406,156.19898986816406,156.19898986816406,8,0.0,0.0
1987-10-13 00:00:00-04:00,160.0087432861328,160.0087432861328,160.0087432861328,160.0087432861328,10,0.0,0.0
1987-10-14 00:00:00-04:00,160.0087432861328,160.0087432861328,160.0087432861328,160.0087432861328,64,0.0,0.0
1987-10-15 00:00:00-04:00,160.0087432861328,160.0087432861328,160.0087432861328,160.0087432861328,84,0.0,0.0
1987-10-16 00:00:00-04:00,160.0087432861328,160.0087432861328,160.0087432861328,160.0087432861328,0,0.0,0.0
1987-10-19 00:00:00-04:00,160.0087432861328,160.0087432861328,160.0087432861328,160.0087432861328,34,0.0,0.0
1987-10-20 00:00:00-04:00,160.0087432861328,160.0087432861328,160.0087432861328,160.0087432861328,0,0.0,0.0
1987-10-21 00:00:00-04:00,144.76988220214844,144.76988220214844,144.76988220214844,144.76988220214844,102,0.0,0.0
1987-10-22 00:00:00-04:00,125.72115325927734,125.72115325927734,125.72115325927734,125.72115325927734,100,0.0,0.0
1987-10-23 00:00:00-04:00,125.72115325927734,125.72115325927734,125.72115325927734,125.72115325927734,0,0.0,0.0
1987-10-26 00:00:00-05:00,120.00653076171875,120.00653076171875,120.00653076171875,120.00653076171875,2,0.0,0.0
1987-10-27 00:00:00-05:00,114.29196166992188,114.29196166992188,114.29196166992188,114.29196166992188,20,0.0,0.0
1987-10-28 00:00:00-05:00,114.29196166992188,114.29196166992188,114.29196166992188,114.29196166992188,0,0.0,0.0
1987-10-29 00:00:00-05:00,106.6725082397461,106.6725082397461,106.6725082397461,106.6725082397461,152,0.0,0.0
1987-10-30 00:00:00-05:00,110.48223876953126,110.48223876953126,110.48223876953126,110.48223876953125,42,0.0,0.0
1987-11-02 00:00:00-05:00,114.29196166992188,114.29196166992188,114.29196166992188,114.29196166992188,58,0.0,0.0
1987-11-03 00:00:00-05:00,114.29196166992188,114.29196166992188,114.29196166992188,114.29196166992188,0,0.0,0.0
1987-11-04 00:00:00-05:00,110.48223876953126,110.48223876953126,110.48223876953126,110.48223876953125,42,0.0,0.0
1987-11-05 00:00:00-05:00,110.48223876953126,110.48223876953126,110.48223876953126,110.48223876953125,24,0.0,0.0
1987-11-06 00:00:00-05:00,110.48223876953126,110.48223876953126,110.48223876953126,110.48223876953125,154,0.0,0.0
1987-11-09 00:00:00-05:00,110.48223876953126,110.48223876953126,110.48223876953126,110.48223876953125,172,0.0,0.0
1987-11-10 00:00:00-05:00,110.48223876953126,110.48223876953126,110.48223876953126,110.48223876953125,0,0.0,0.0
1987-11-11 00:00:00-05:00,106.6725082397461,106.6725082397461,106.6725082397461,106.6725082397461,50,0.0,0.0
1987-11-12 00:00:00-05:00,110.48223876953126,110.48223876953126,110.48223876953126,110.48223876953125,8,0.0,0.0
1987-11-13 00:00:00-05:00,114.29196166992188,114.29196166992188,114.29196166992188,114.29196166992188,24,0.0,0.0
1987-11-16 00:00:00-05:00,114.29196166992188,114.29196166992188,114.29196166992188,114.29196166992188,0,0.0,0.0
1987-11-17 00:00:00-05:00,114.29196166992188,114.29196166992188,114.29196166992188,114.29196166992188,4,0.0,0.0
1987-11-18 00:00:00-05:00,118.1016616821289,118.1016616821289,118.1016616821289,118.1016616821289,2,0.0,0.0
1987-11-19 00:00:00-05:00,118.1016616821289,118.1016616821289,118.1016616821289,118.1016616821289,50,0.0,0.0
1987-11-20 00:00:00-05:00,118.1016616821289,118.1016616821289,118.1016616821289,118.1016616821289,40,0.0,0.0
1987-11-23 00:00:00-05:00,121.91141510009767,121.91141510009767,121.91141510009767,121.91141510009766,40,0.0,0.0
1987-11-24 00:00:00-05:00,129.53085327148438,129.53085327148438,129.53085327148438,129.53085327148438,80,0.0,0.0
1987-11-25 00:00:00-05:00,129.53085327148438,129.53085327148438,129.53085327148438,129.53085327148438,10,0.0,0.0
1987-11-27 00:00:00-05:00,129.53085327148438,129.53085327148438,129.53085327148438,129.53085327148438,0,0.0,0.0
1987-11-30 00:00:00-05:00,140.96009826660156,140.96009826660156,140.96009826660156,140.96009826660156,30,0.0,0.0
1987-12-01 00:00:00-05:00,142.8649444580078,142.8649444580078,142.8649444580078,142.8649444580078,70,0.0,0.0
1987-12-02 00:00:00-05:00,142.8649444580078,142.8649444580078,142.8649444580078,142.8649444580078,2,0.0,0.0
1987-12-03 00:00:00-05:00,140.96009826660156,140.96009826660156,140.96009826660156,140.96009826660156,22,0.0,0.0
1987-12-04 00:00:00-05:00,140.96009826660156,140.96009826660156,140.96009826660156,140.96009826660156,0,0.0,0.0
1987-12-07 00:00:00-05:00,137.15037536621094,137.15037536621094,137.15037536621094,137.15037536621094,22,0.0,0.0
1987-12-08 00:00:00-05:00,137.15037536621094,137.15037536621094,137.15037536621094,137.15037536621094,2,0.0,0.0
1987-12-09 00:00:00-05:00,137.15037536621094,137.15037536621094,137.15037536621094,137.15037536621094,16,0.0,0.0
1987-12-10 00:00:00-05:00,137.15037536621094,137.15037536621094,137.15037536621094,137.15037536621094,4,0.0,0.0
1987-12-11 00:00:00-05:00,148.57957458496094,148.57957458496094,148.57957458496094,148.57957458496094,46,0.0,0.0
1987-12-14 00:00:00-05:00,152.38931274414062,152.38931274414062,152.38931274414062,152.38931274414062,4,0.0,0.0
1987-12-15 00:00:00-05:00,140.96009826660156,140.96009826660156,140.96009826660156,140.96009826660156,94,0.0,0.0
1987-12-16 00:00:00-05:00,140.96009826660156,140.96009826660156,140.96009826660156,140.96009826660156,0,0.0,0.0
1987-12-17 00:00:00-05:00,129.53085327148438,129.53085327148438,129.53085327148438,129.53085327148438,2,0.0,0.0
1987-12-18 00:00:00-05:00,133.3406219482422,133.3406219482422,133.3406219482422,133.3406219482422,20,0.0,0.0
1987-12-21 00:00:00-05:00,140.96009826660156,140.96009826660156,140.96009826660156,140.96009826660156,62,0.0,0.0
1987-12-22 00:00:00-05:00,140.96009826660156,140.96009826660156,140.96009826660156,140.96009826660156,0,0.0,0.0
1987-12-23 00:00:00-05:00,137.15037536621094,137.15037536621094,137.15037536621094,137.15037536621094,32,0.0,0.0
1987-12-24 00:00:00-05:00,137.15037536621094,137.15037536621094,137.15037536621094,137.15037536621094,12,0.0,0.0
1987-12-28 00:00:00-05:00,140.96009826660156,140.96009826660156,140.96009826660156,140.96009826660156,10,0.0,0.0
1987-12-29 00:00:00-05:00,140.96009826660156,140.96009826660156,140.96009826660156,140.96009826660156,10,0.0,0.0
1987-12-30 00:00:00-05:00,140.96009826660156,140.96009826660156,140.96009826660156,140.96009826660156,0,0.0,0.0
1987-12-31 00:00:00-05:00,140.96009826660156,140.96009826660156,140.96009826660156,140.96009826660156,0,0.0,0.0
1988-01-04 00:00:00-05:00,140.96009826660156,140.96009826660156,140.96009826660156,140.96009826660156,0,0.0,0.0
1988-01-05 00:00:00-05:00,140.96009826660156,140.96009826660156,140.96009826660156,140.96009826660156,0,0.0,0.0
1988-01-06 00:00:00-05:00,148.57957458496094,148.57957458496094,148.57957458496094,148.57957458496094,180,0.0,0.0
1988-01-07 00:00:00-05:00,148.57957458496094,148.57957458496094,148.57957458496094,148.57957458496094,0,0.0,0.0
1988-01-08 00:00:00-05:00,148.57957458496094,148.57957458496094,148.57957458496094,148.57957458496094,6,0.0,0.0
1988-01-11 00:00:00-05:00,144.76988220214844,144.76988220214844,144.76988220214844,144.76988220214844,20,0.0,0.0
1988-01-12 00:00:00-05:00,137.15037536621094,137.15037536621094,137.15037536621094,137.15037536621094,22,0.0,0.0
1988-01-13 00:00:00-05:00,137.15037536621094,137.15037536621094,137.15037536621094,137.15037536621094,10,0.0,0.0
1988-01-14 00:00:00-05:00,137.15037536621094,137.15037536621094,137.15037536621094,137.15037536621094,0,0.0,0.0
1988-01-15 00:00:00-05:00,137.15037536621094,137.15037536621094,137.15037536621094,137.15037536621094,0,0.0,0.0
1988-01-18 00:00:00-05:00,137.15037536621094,137.15037536621094,137.15037536621094,137.15037536621094,4,0.0,0.0
1988-01-19 00:00:00-05:00,137.15037536621094,137.15037536621094,137.15037536621094,137.15037536621094,0,0.0,0.0
1988-01-20 00:00:00-05:00,137.15037536621094,137.15037536621094,137.15037536621094,137.15037536621094,0,0.0,0.0
1988-01-21 00:00:00-05:00,137.15037536621094,137.15037536621094,137.15037536621094,137.15037536621094,0,0.0,0.0
1988-01-22 00:00:00-05:00,137.15037536621094,137.15037536621094,137.15037536621094,137.15037536621094,34,0.0,0.0
1988-01-25 00:00:00-05:00,137.15037536621094,137.15037536621094,137.15037536621094,137.15037536621094,16,0.0,0.0
1988-01-26 00:00:00-05:00,137.15037536621094,137.15037536621094,137.15037536621094,137.15037536621094,0,0.0,0.0
1988-01-27 00:00:00-05:00,129.53085327148438,129.53085327148438,129.53085327148438,129.53085327148438,100,0.0,0.0
1988-01-28 00:00:00-05:00,129.53085327148438,129.53085327148438,129.53085327148438,129.53085327148438,0,0.0,0.0
1988-01-29 00:00:00-05:00,121.91141510009767,121.91141510009767,121.91141510009767,121.91141510009766,118,0.0,0.0
1988-02-01 00:00:00-05:00,114.29196166992188,114.29196166992188,114.29196166992188,114.29196166992188,54,0.0,0.0
1988-02-02 00:00:00-05:00,110.48223876953126,110.48223876953126,110.48223876953126,110.48223876953125,14,0.0,0.0
1988-02-03 00:00:00-05:00,102.86277770996094,102.86277770996094,102.86277770996094,102.86277770996094,18,0.0,0.0
1988-02-04 00:00:00-05:00,102.86277770996094,102.86277770996094,102.86277770996094,102.86277770996094,6,0.0,0.0
1988-02-05 00:00:00-05:00,106.6725082397461,106.6725082397461,106.6725082397461,106.6725082397461,38,0.0,0.0
1988-02-08 00:00:00-05:00,110.48223876953126,110.48223876953126,110.48223876953126,110.48223876953125,40,0.0,0.0
1988-02-09 00:00:00-05:00,110.48223876953126,110.48223876953126,110.48223876953126,110.48223876953125,2,0.0,0.0
1988-02-10 00:00:00-05:00,106.6725082397461,106.6725082397461,106.6725082397461,106.6725082397461,56,0.0,0.0
1988-02-11 00:00:00-05:00,106.6725082397461,106.6725082397461,106.6725082397461,106.6725082397461,10,0.0,0.0
1988-02-12 00:00:00-05:00,106.6725082397461,106.6725082397461,106.6725082397461,106.6725082397461,122,0.0,0.0
1988-02-16 00:00:00-05:00,106.6725082397461,106.6725082397461,106.6725082397461,106.6725082397461,0,0.0,0.0
1988-02-17 00:00:00-05:00,106.6725082397461,106.6725082397461,106.6725082397461,106.6725082397461,8,0.0,0.0
1988-02-18 00:00:00-05:00,106.6725082397461,106.6725082397461,106.6725082397461,106.6725082397461,0,0.0,0.0
1988-02-19 00:00:00-05:00,106.6725082397461,106.6725082397461,106.6725082397461,106.6725082397461,0,0.0,0.0
1988-02-22 00:00:00-05:00,106.6725082397461,106.6725082397461,106.6725082397461,106.6725082397461,6,0.0,0.0
1988-02-23 00:00:00-05:00,106.6725082397461,106.6725082397461,106.6725082397461,106.6725082397461,4,0.0,0.0
1988-02-24 00:00:00-05:00,106.6725082397461,106.6725082397461,106.6725082397461,106.6725082397461,0,0.0,0.0
1988-02-25 00:00:00-05:00,106.6725082397461,106.6725082397461,106.6725082397461,106.6725082397461,0,0.0,0.0
1988-02-26 00:00:00-05:00,102.86277770996094,102.86277770996094,102.86277770996094,102.86277770996094,2,0.0,0.0
1988-02-29 00:00:00-05:00,102.86277770996094,102.86277770996094,102.86277770996094,102.86277770996094,0,0.0,0.0
1988-03-01 00:00:00-05:00,102.86277770996094,102.86277770996094,102.86277770996094,102.86277770996094,0,0.0,0.0
1988-03-02 00:00:00-05:00,102.86277770996094,102.86277770996094,102.86277770996094,102.86277770996094,0,0.0,0.0
1988-03-03 00:00:00-05:00,93.33844757080078,93.33844757080078,93.33844757080078,93.33844757080078,40,0.0,0.0
1988-03-04 00:00:00-05:00,97.14816284179686,97.14816284179686,97.14816284179686,97.14816284179688,100,0.0,0.0
1988-03-07 00:00:00-05:00,97.14816284179686,97.14816284179686,97.14816284179686,97.14816284179688,0,0.0,0.0
1988-03-08 00:00:00-05:00,97.14816284179686,97.14816284179686,97.14816284179686,97.14816284179688,0,0.0,0.0
1988-03-09 00:00:00-05:00,95.24330139160156,95.24330139160156,95.24330139160156,95.24330139160156,40,0.0,0.0
1988-03-10 00:00:00-05:00,97.14816284179686,97.14816284179686,97.14816284179686,97.14816284179688,2,0.0,0.0
1988-03-11 00:00:00-05:00,97.14816284179686,97.14816284179686,97.14816284179686,97.14816284179688,0,0.0,0.0
1988-03-14 00:00:00-05:00,99.05300903320311,99.05300903320311,99.05300903320311,99.05300903320312,30,0.0,0.0
1988-03-15 00:00:00-05:00,99.05300903320311,99.05300903320311,99.05300903320311,99.05300903320312,0,0.0,0.0
1988-03-16 00:00:00-05:00,99.05300903320311,99.05300903320311,99.05300903320311,99.05300903320312,0,0.0,0.0
1988-03-17 00:00:00-05:00,99.05300903320311,99.05300903320311,99.05300903320311,99.05300903320312,0,0.0,0.0
1988-03-18 00:00:00-05:00,99.05300903320311,99.05300903320311,99.05300903320311,99.05300903320312,2,0.0,0.0
1988-03-21 00:00:00-05:00,99.05300903320311,99.05300903320311,99.05300903320311,99.05300903320312,0,0.0,0.0
1988-03-22 00:00:00-05:00,99.05300903320311,99.05300903320311,99.05300903320311,99.05300903320312,0,0.0,0.0
1988-03-23 00:00:00-05:00,99.05300903320311,99.05300903320311,99.05300903320311,99.05300903320312,0,0.0,0.0
1988-03-24 00:00:00-05:00,100.95789337158203,100.95789337158203,100.95789337158203,100.95789337158203,22,0.0,0.0
1988-03-25 00:00:00-05:00,137.15037536621094,137.15037536621094,137.15037536621094,137.15037536621094,468,0.0,0.0
1988-03-28 00:00:00-05:00,137.15037536621094,137.15037536621094,137.15037536621094,137.15037536621094,0,0.0,0.0
1988-03-29 00:00:00-05:00,140.96009826660156,140.96009826660156,140.96009826660156,140.96009826660156,102,0.0,0.0
1988-03-30 00:00:00-05:00,140.96009826660156,140.96009826660156,140.96009826660156,140.96009826660156,0,0.0,0.0
1988-03-31 00:00:00-05:00,137.15037536621094,137.15037536621094,137.15037536621094,137.15037536621094,14,0.0,0.0
1988-04-04 00:00:00-04:00,140.96009826660156,140.96009826660156,140.96009826660156,140.96009826660156,68,0.0,0.0
1988-04-05 00:00:00-04:00,140.96009826660156,140.96009826660156,140.96009826660156,140.96009826660156,26,0.0,0.0
1988-04-06 00:00:00-04:00,137.15037536621094,137.15037536621094,137.15037536621094,137.15037536621094,46,0.0,0.0
1988-04-07 00:00:00-04:00,133.3406219482422,133.3406219482422,133.3406219482422,133.3406219482422,2,0.0,0.0
1988-04-08 00:00:00-04:00,133.3406219482422,133.3406219482422,133.3406219482422,133.3406219482422,40,0.0,0.0
1988-04-11 00:00:00-04:00,125.72115325927734,125.72115325927734,125.72115325927734,125.72115325927734,12,0.0,0.0
1988-04-12 00:00:00-04:00,125.72115325927734,125.72115325927734,125.72115325927734,125.72115325927734,0,0.0,0.0
1988-04-13 00:00:00-04:00,125.72115325927734,125.72115325927734,125.72115325927734,125.72115325927734,2,0.0,0.0
1988-04-14 00:00:00-04:00,125.72115325927734,125.72115325927734,125.72115325927734,125.72115325927734,20,0.0,0.0
1988-04-15 00:00:00-04:00,125.72115325927734,125.72115325927734,125.72115325927734,125.72115325927734,0,0.0,0.0
1988-04-18 00:00:00-04:00,125.72115325927734,125.72115325927734,125.72115325927734,125.72115325927734,40,0.0,0.0
1988-04-19 00:00:00-04:00,125.72115325927734,125.72115325927734,125.72115325927734,125.72115325927734,4,0.0,0.0
1988-04-20 00:00:00-04:00,125.72115325927734,125.72115325927734,125.72115325927734,125.72115325927734,4,0.0,0.0
1988-04-21 00:00:00-04:00,121.91141510009767,121.91141510009767,121.91141510009767,121.91141510009766,64,0.0,0.0
1988-04-22 00:00:00-04:00,121.91141510009767,121.91141510009767,121.91141510009767,121.91141510009766,8,0.0,0.0
1988-04-25 00:00:00-04:00,118.1016616821289,118.1016616821289,118.1016616821289,118.1016616821289,20,0.0,0.0
1988-04-26 00:00:00-04:00,118.1016616821289,118.1016616821289,118.1016616821289,118.1016616821289,0,0.0,0.0
1988-04-27 00:00:00-04:00,118.1016616821289,118.1016616821289,118.1016616821289,118.1016616821289,12,0.0,0.0
1988-04-28 00:00:00-04:00,118.1016616821289,118.1016616821289,118.1016616821289,118.1016616821289,0,0.0,0.0
1988-04-29 00:00:00-04:00,118.1016616821289,118.1016616821289,118.1016616821289,118.1016616821289,0,0.0,0.0
1988-05-02 00:00:00-04:00,106.6725082397461,106.6725082397461,106.6725082397461,106.6725082397461,56,0.0,0.0
1988-05-03 00:00:00-04:00,106.6725082397461,106.6725082397461,106.6725082397461,106.6725082397461,48,0.0,0.0
1988-05-04 00:00:00-04:00,106.6725082397461,106.6725082397461,106.6725082397461,106.6725082397461,20,0.0,0.0
1988-05-05 00:00:00-04:00,106.6725082397461,106.6725082397461,106.6725082397461,106.6725082397461,254,0.0,0.0
1988-05-06 00:00:00-04:00,108.5773696899414,108.5773696899414,108.5773696899414,108.5773696899414,34,0.0,0.0
1988-05-09 00:00:00-04:00,108.5773696899414,108.5773696899414,108.5773696899414,108.5773696899414,32,0.0,0.0
1988-05-10 00:00:00-04:00,108.5773696899414,108.5773696899414,108.5773696899414,108.5773696899414,0,0.0,0.0
1988-05-11 00:00:00-04:00,102.86277770996094,102.86277770996094,102.86277770996094,102.86277770996094,118,0.0,0.0
1988-05-12 00:00:00-04:00,102.86277770996094,102.86277770996094,102.86277770996094,102.86277770996094,20,0.0,0.0
1988-05-13 00:00:00-04:00,102.86277770996094,102.86277770996094,102.86277770996094,102.86277770996094,4,0.0,0.0
1988-05-16 00:00:00-04:00,102.86277770996094,102.86277770996094,102.86277770996094,102.86277770996094,0,0.0,0.0
1988-05-17 00:00:00-04:00,102.86277770996094,102.86277770996094,102.86277770996094,102.86277770996094,0,0.0,0.0
1988-05-18 00:00:00-04:00,102.86277770996094,102.86277770996094,102.86277770996094,102.86277770996094,0,0.0,0.0
1988-05-19 00:00:00-04:00,102.86277770996094,102.86277770996094,102.86277770996094,102.86277770996094,80,0.0,0.0
1988-05-20 00:00:00-04:00,102.86277770996094,102.86277770996094,102.86277770996094,102.86277770996094,20,0.0,0.0
1988-05-23 00:00:00-04:00,102.86277770996094,102.86277770996094,102.86277770996094,102.86277770996094,60,0.0,0.0
1988-05-24 00:00:00-04:00,100.95789337158203,100.95789337158203,100.95789337158203,100.95789337158203,32,0.0,0.0
1988-05-25 00:00:00-04:00,100.95789337158203,100.95789337158203,100.95789337158203,100.95789337158203,60,0.0,0.0
1988-05-26 00:00:00-04:00,100.95789337158203,100.95789337158203,100.95789337158203,100.95789337158203,104,0.0,0.0
1988-05-27 00:00:00-04:00,100.95789337158203,100.95789337158203,100.95789337158203,100.95789337158203,176,0.0,0.0
1988-05-31 00:00:00-04:00,104.76763916015625,104.76763916015625,104.76763916015625,104.76763916015625,54,0.0,0.0
1988-06-01 00:00:00-04:00,110.48223876953126,110.48223876953126,110.48223876953126,110.48223876953125,80,0.0,0.0
1988-06-02 00:00:00-04:00,110.48223876953126,110.48223876953126,110.48223876953126,110.48223876953125,0,0.0,0.0
1988-06-03 00:00:00-04:00,114.29196166992188,114.29196166992188,114.29196166992188,114.29196166992188,90,0.0,0.0
1988-06-06 00:00:00-04:00,125.72115325927734,125.72115325927734,125.72115325927734,125.72115325927734,252,0.0,0.0
1988-06-07 00:00:00-04:00,135.24549865722656,135.24549865722656,135.24549865722656,135.24549865722656,226,0.0,0.0
1988-06-08 00:00:00-04:00,135.24549865722656,135.24549865722656,135.24549865722656,135.24549865722656,102,0.0,0.0
1988-06-09 00:00:00-04:00,133.3406219482422,133.3406219482422,133.3406219482422,133.3406219482422,240,0.0,0.0
1988-06-10 00:00:00-04:00,133.3406219482422,133.3406219482422,133.3406219482422,133.3406219482422,2,0.0,0.0
1988-06-13 00:00:00-04:00,133.3406219482422,133.3406219482422,133.3406219482422,133.3406219482422,0,0.0,0.0
1988-06-14 00:00:00-04:00,133.3406219482422,133.3406219482422,133.3406219482422,133.3406219482422,152,0.0,0.0
1988-06-15 00:00:00-04:00,123.8163070678711,123.8163070678711,123.8163070678711,123.8163070678711,176,0.0,0.0
1988-06-16 00:00:00-04:00,125.72115325927734,125.72115325927734,125.72115325927734,125.72115325927734,28,0.0,0.0
1988-06-17 00:00:00-04:00,125.72115325927734,125.72115325927734,125.72115325927734,125.72115325927734,18,0.0,0.0
1988-06-20 00:00:00-04:00,123.8163070678711,123.8163070678711,123.8163070678711,123.8163070678711,30,0.0,0.0
1988-06-21 00:00:00-04:00,127.62602996826172,127.62602996826172,127.62602996826172,127.62602996826172,48,0.0,0.0
1988-06-22 00:00:00-04:00,127.62602996826172,127.62602996826172,127.62602996826172,127.62602996826172,0,0.0,0.0
1988-06-23 00:00:00-04:00,123.8163070678711,123.8163070678711,123.8163070678711,123.8163070678711,4,0.0,0.0
1988-06-24 00:00:00-04:00,123.8163070678711,123.8163070678711,123.8163070678711,123.8163070678711,0,0.0,0.0
1988-06-27 00:00:00-04:00,123.8163070678711,123.8163070678711,123.8163070678711,123.8163070678711,10,0.0,0.0
1988-06-28 00:00:00-04:00,123.8163070678711,123.8163070678711,123.8163070678711,123.8163070678711,48,0.0,0.0
1988-06-29 00:00:00-04:00,123.8163070678711,123.8163070678711,123.8163070678711,123.8163070678711,50,0.0,0.0
1988-06-30 00:00:00-04:00,123.8163070678711,123.8163070678711,123.8163070678711,123.8163070678711,0,0.0,0.0
1988-07-01 00:00:00-04:00,123.8163070678711,123.8163070678711,123.8163070678711,123.8163070678711,2,0.0,0.0
1988-07-05 00:00:00-04:00,123.8163070678711,123.8163070678711,123.8163070678711,123.8163070678711,36,0.0,0.0
1988-07-06 00:00:00-04:00,129.53085327148438,129.53085327148438,129.53085327148438,129.53085327148438,36,0.0,0.0
1988-07-07 00:00:00-04:00,129.53085327148438,129.53085327148438,129.53085327148438,129.53085327148438,0,0.0,0.0
1988-07-08 00:00:00-04:00,152.38931274414062,152.38931274414062,152.38931274414062,152.38931274414062,190,0.0,0.0
1988-07-11 00:00:00-04:00,144.76988220214844,144.76988220214844,144.76988220214844,144.76988220214844,42,0.0,0.0
1988-07-12 00:00:00-04:00,140.96009826660156,140.96009826660156,140.96009826660156,140.96009826660156,8,0.0,0.0
1988-07-13 00:00:00-04:00,140.96009826660156,140.96009826660156,140.96009826660156,140.96009826660156,8,0.0,0.0
1988-07-14 00:00:00-04:00,140.96009826660156,140.96009826660156,140.96009826660156,140.96009826660156,4,0.0,0.0
1988-07-15 00:00:00-04:00,140.96009826660156,140.96009826660156,140.96009826660156,140.96009826660156,52,0.0,0.0
1988-07-18 00:00:00-04:00,140.96009826660156,140.96009826660156,140.96009826660156,140.96009826660156,22,0.0,0.0
1988-07-19 00:00:00-04:00,148.57957458496094,148.57957458496094,148.57957458496094,148.57957458496094,10,0.0,0.0
1988-07-20 00:00:00-04:00,148.57957458496094,148.57957458496094,148.57957458496094,148.57957458496094,20,0.0,0.0
1988-07-21 00:00:00-04:00,144.76988220214844,144.76988220214844,144.76988220214844,144.76988220214844,10,0.0,0.0
1988-07-22 00:00:00-04:00,137.15037536621094,137.15037536621094,137.15037536621094,137.15037536621094,22,0.0,0.0
1988-07-25 00:00:00-04:00,131.435791015625,131.435791015625,131.435791015625,131.435791015625,52,0.0,0.0
1988-07-26 00:00:00-04:00,131.435791015625,131.435791015625,131.435791015625,131.435791015625,0,0.0,0.0
1988-07-27 00:00:00-04:00,131.435791015625,131.435791015625,131.435791015625,131.435791015625,0,0.0,0.0
1988-07-28 00:00:00-04:00,125.72115325927734,125.72115325927734,125.72115325927734,125.72115325927734,132,0.0,0.0
1988-07-29 00:00:00-04:00,121.91141510009767,121.91141510009767,121.91141510009767,121.91141510009766,10,0.0,0.0
1988-08-01 00:00:00-04:00,120.00653076171875,120.00653076171875,120.00653076171875,120.00653076171875,38,0.0,0.0
1988-08-02 00:00:00-04:00,120.00653076171875,120.00653076171875,120.00653076171875,120.00653076171875,20,0.0,0.0
1988-08-03 00:00:00-04:00,121.91141510009767,121.91141510009767,121.91141510009767,121.91141510009766,110,0.0,0.0
1988-08-04 00:00:00-04:00,120.00653076171875,120.00653076171875,120.00653076171875,120.00653076171875,100,0.0,0.0
1988-08-05 00:00:00-04:00,120.00653076171875,120.00653076171875,120.00653076171875,120.00653076171875,48,0.0,0.0
1988-08-08 00:00:00-04:00,121.91141510009767,121.91141510009767,121.91141510009767,121.91141510009766,214,0.0,0.0
1988-08-09 00:00:00-04:00,118.1016616821289,118.1016616821289,118.1016616821289,118.1016616821289,20,0.0,0.0
1988-08-10 00:00:00-04:00,118.1016616821289,118.1016616821289,118.1016616821289,118.1016616821289,0,0.0,0.0
1988-08-11 00:00:00-04:00,118.1016616821289,118.1016616821289,118.1016616821289,118.1016616821289,200,0.0,0.0
1988-08-12 00:00:00-04:00,118.1016616821289,118.1016616821289,118.1016616821289,118.1016616821289,0,0.0,0.0
1988-08-15 00:00:00-04:00,118.1016616821289,118.1016616821289,118.1016616821289,118.1016616821289,0,0.0,0.0
1988-08-16 00:00:00-04:00,112.38711547851561,112.38711547851561,112.38711547851561,112.38711547851562,34,0.0,0.0
1988-08-17 00:00:00-04:00,110.48223876953126,110.48223876953126,110.48223876953126,110.48223876953125,40,0.0,0.0
1988-08-18 00:00:00-04:00,114.29196166992188,114.29196166992188,114.29196166992188,114.29196166992188,16,0.0,0.0
1988-08-19 00:00:00-04:00,114.29196166992188,114.29196166992188,114.29196166992188,114.29196166992188,24,0.0,0.0
1988-08-22 00:00:00-04:00,114.29196166992188,114.29196166992188,114.29196166992188,114.29196166992188,16,0.0,0.0
1988-08-23 00:00:00-04:00,114.29196166992188,114.29196166992188,114.29196166992188,114.29196166992188,20,0.0,0.0
1988-08-24 00:00:00-04:00,114.29196166992188,114.29196166992188,114.29196166992188,114.29196166992188,10,0.0,0.0
1988-08-25 00:00:00-04:00,112.38711547851561,112.38711547851561,112.38711547851561,112.38711547851562,30,0.0,0.0
1988-08-26 00:00:00-04:00,110.48223876953126,110.48223876953126,110.48223876953126,110.48223876953125,84,0.0,0.0
1988-08-29 00:00:00-04:00,110.48223876953126,110.48223876953126,110.48223876953126,110.48223876953125,12,0.0,0.0
1988-08-30 00:00:00-04:00,110.48223876953126,110.48223876953126,110.48223876953126,110.48223876953125,4,0.0,0.0
1988-08-31 00:00:00-04:00,110.48223876953126,110.48223876953126,110.48223876953126,110.48223876953125,2,0.0,0.0
1988-09-01 00:00:00-04:00,114.29196166992188,114.29196166992188,114.29196166992188,114.29196166992188,38,0.0,0.0
1988-09-02 00:00:00-04:00,114.29196166992188,114.29196166992188,114.29196166992188,114.29196166992188,0,0.0,0.0
1988-09-06 00:00:00-04:00,114.29196166992188,114.29196166992188,114.29196166992188,114.29196166992188,0,0.0,0.0
1988-09-07 00:00:00-04:00,114.29196166992188,114.29196166992188,114.29196166992188,114.29196166992188,0,0.0,0.0
1988-09-08 00:00:00-04:00,114.29196166992188,114.29196166992188,114.29196166992188,114.29196166992188,0,0.0,0.0
1988-09-09 00:00:00-04:00,112.38711547851561,112.38711547851561,112.38711547851561,112.38711547851562,200,0.0,0.0
1988-09-12 00:00:00-04:00,112.38711547851561,112.38711547851561,112.38711547851561,112.38711547851562,8,0.0,0.0
1988-09-13 00:00:00-04:00,112.38711547851561,112.38711547851561,112.38711547851561,112.38711547851562,0,0.0,0.0
1988-09-14 00:00:00-04:00,116.19682312011717,116.19682312011717,116.19682312011717,116.19682312011719,78,0.0,0.0
1988-09-15 00:00:00-04:00,116.19682312011717,116.19682312011717,116.19682312011717,116.19682312011719,400,0.0,0.0
1988-09-16 00:00:00-04:00,116.19682312011717,116.19682312011717,116.19682312011717,116.19682312011719,4,0.0,0.0
1988-09-19 00:00:00-04:00,116.19682312011717,116.19682312011717,116.19682312011717,116.19682312011719,64,0.0,0.0
1988-09-20 00:00:00-04:00,112.38711547851561,112.38711547851561,112.38711547851561,112.38711547851562,40,0.0,0.0
1988-09-21 00:00:00-04:00,108.5773696899414,108.5773696899414,108.5773696899414,108.5773696899414,100,0.0,0.0
1988-09-22 00:00:00-04:00,108.5773696899414,108.5773696899414,108.5773696899414,108.5773696899414,0,0.0,0.0
1988-09-23 00:00:00-04:00,106.6725082397461,106.6725082397461,106.6725082397461,106.6725082397461,270,0.0,0.0
1988-09-26 00:00:00-04:00,106.6725082397461,106.6725082397461,106.6725082397461,106.6725082397461,0,0.0,0.0
1988-09-27 00:00:00-04:00,99.05300903320311,99.05300903320311,99.05300903320311,99.05300903320312,34,0.0,0.0
1988-09-28 00:00:00-04:00,99.05300903320311,99.05300903320311,99.05300903320311,99.05300903320312,60,0.0,0.0
1988-09-29 00:00:00-04:00,99.05300903320311,99.05300903320311,99.05300903320311,99.05300903320312,0,0.0,0.0
1988-09-30 00:00:00-04:00,99.05300903320311,99.05300903320311,99.05300903320311,99.05300903320312,18,0.0,0.0
1988-10-03 00:00:00-04:00,100.95789337158203,100.95789337158203,100.95789337158203,100.95789337158203,50,0.0,0.0
1988-10-04 00:00:00-04:00,100.95789337158203,100.95789337158203,100.95789337158203,100.95789337158203,0,0.0,0.0
1988-10-05 00:00:00-04:00,100.95789337158203,100.95789337158203,100.95789337158203,100.95789337158203,2,0.0,0.0
1988-10-06 00:00:00-04:00,100.95789337158203,100.95789337158203,100.95789337158203,100.95789337158203,0,0.0,0.0
1988-10-07 00:00:00-04:00,102.86277770996094,102.86277770996094,102.86277770996094,102.86277770996094,44,0.0,0.0
1988-10-10 00:00:00-04:00,102.86277770996094,102.86277770996094,102.86277770996094,102.86277770996094,0,0.0,0.0
1988-10-11 00:00:00-04:00,102.86277770996094,102.86277770996094,102.86277770996094,102.86277770996094,0,0.0,0.0
1988-10-12 00:00:00-04:00,102.86277770996094,102.86277770996094,102.86277770996094,102.86277770996094,8,0.0,0.0
1988-10-13 00:00:00-04:00,100.95789337158203,100.95789337158203,100.95789337158203,100.95789337158203,20,0.0,0.0
1988-10-14 00:00:00-04:00,100.95789337158203,100.95789337158203,100.95789337158203,100.95789337158203,0,0.0,0.0
1988-10-17 00:00:00-04:00,99.05300903320311,99.05300903320311,99.05300903320311,99.05300903320312,34,0.0,0.0
1988-10-18 00:00:00-04:00,99.05300903320311,99.05300903320311,99.05300903320311,99.05300903320312,40,0.0,0.0
1988-10-19 00:00:00-04:00,99.05300903320311,99.05300903320311,99.05300903320311,99.05300903320312,124,0.0,0.0
1988-10-20 00:00:00-04:00,99.05300903320311,99.05300903320311,99.05300903320311,99.05300903320312,0,0.0,0.0
1988-10-21 00:00:00-04:00,97.14816284179686,97.14816284179686,97.14816284179686,97.14816284179688,40,0.0,0.0
1988-10-24 00:00:00-04:00,97.14816284179686,97.14816284179686,97.14816284179686,97.14816284179688,196,0.0,0.0
1988-10-25 00:00:00-04:00,97.14816284179686,97.14816284179686,97.14816284179686,97.14816284179688,0,0.0,0.0
1988-10-26 00:00:00-04:00,97.14816284179686,97.14816284179686,97.14816284179686,97.14816284179688,0,0.0,0.0
1988-10-27 00:00:00-04:00,97.14816284179686,97.14816284179686,97.14816284179686,97.14816284179688,32,0.0,0.0
1988-10-28 00:00:00-04:00,97.14816284179686,97.14816284179686,97.14816284179686,97.14816284179688,14,0.0,0.0
1988-10-31 00:00:00-05:00,97.14816284179686,97.14816284179686,97.14816284179686,97.14816284179688,328,0.0,0.0
1988-11-01 00:00:00-05:00,97.14816284179686,97.14816284179686,97.14816284179686,97.14816284179688,120,0.0,0.0
1988-11-02 00:00:00-05:00,99.05300903320311,99.05300903320311,99.05300903320311,99.05300903320312,256,0.0,0.0
1988-11-03 00:00:00-05:00,97.14816284179686,97.14816284179686,97.14816284179686,97.14816284179688,100,0.0,0.0
1988-11-04 00:00:00-05:00,97.14816284179686,97.14816284179686,97.14816284179686,97.14816284179688,14,0.0,0.0
1988-11-07 00:00:00-05:00,97.14816284179686,97.14816284179686,97.14816284179686,97.14816284179688,150,0.0,0.0
1988-11-08 00:00:00-05:00,93.33844757080078,93.33844757080078,93.33844757080078,93.33844757080078,4,0.0,0.0
1988-11-09 00:00:00-05:00,93.33844757080078,93.33844757080078,93.33844757080078,93.33844757080078,0,0.0,0.0
1988-11-10 00:00:00-05:00,93.33844757080078,93.33844757080078,93.33844757080078,93.33844757080078,0,0.0,0.0
1988-11-11 00:00:00-05:00,93.33844757080078,93.33844757080078,93.33844757080078,93.33844757080078,10,0.0,0.0
1988-11-14 00:00:00-05:00,93.33844757080078,93.33844757080078,93.33844757080078,93.33844757080078,0,0.0,0.0
1988-11-15 00:00:00-05:00,93.33844757080078,93.33844757080078,93.33844757080078,93.33844757080078,0,0.0,0.0
1988-11-16 00:00:00-05:00,93.33844757080078,93.33844757080078,93.33844757080078,93.33844757080078,20,0.0,0.0
1988-11-17 00:00:00-05:00,91.4335708618164,91.4335708618164,91.4335708618164,91.4335708618164,388,0.0,0.0
1988-11-18 00:00:00-05:00,80.0043716430664,80.0043716430664,80.0043716430664,80.0043716430664,336,0.0,0.0
1988-11-21 00:00:00-05:00,80.0043716430664,80.0043716430664,80.0043716430664,80.0043716430664,0,0.0,0.0
1988-11-22 00:00:00-05:00,80.0043716430664,80.0043716430664,80.0043716430664,80.0043716430664,30,0.0,0.0
1988-11-23 00:00:00-05:00,80.0043716430664,80.0043716430664,80.0043716430664,80.0043716430664,30,0.0,0.0
1988-11-25 00:00:00-05:00,81.90924835205078,81.90924835205078,81.90924835205078,81.90924835205078,204,0.0,0.0
1988-11-28 00:00:00-05:00,81.90924835205078,81.90924835205078,81.90924835205078,81.90924835205078,44,0.0,0.0
1988-11-29 00:00:00-05:00,83.81410217285156,83.81410217285156,83.81410217285156,83.81410217285156,42,0.0,0.0
1988-11-30 00:00:00-05:00,81.90924835205078,81.90924835205078,81.90924835205078,81.90924835205078,122,0.0,0.0
1988-12-01 00:00:00-05:00,81.90924835205078,81.90924835205078,81.90924835205078,81.90924835205078,96,0.0,0.0
1988-12-02 00:00:00-05:00,81.90924835205078,81.90924835205078,81.90924835205078,81.90924835205078,496,0.0,0.0
1988-12-05 00:00:00-05:00,81.90924835205078,81.90924835205078,81.90924835205078,81.90924835205078,90,0.0,0.0
1988-12-06 00:00:00-05:00,76.19465637207031,76.19465637207031,76.19465637207031,76.19465637207031,332,0.0,0.0
1988-12-07 00:00:00-05:00,62.86057662963867,62.86057662963867,62.86057662963867,62.86057662963867,400,0.0,0.0
1988-12-08 00:00:00-05:00,53.33625411987305,53.33625411987305,53.33625411987305,53.33625411987305,524,0.0,0.0
1988-12-09 00:00:00-05:00,53.33625411987305,53.33625411987305,53.33625411987305,53.33625411987305,900,0.0,0.0
1988-12-12 00:00:00-05:00,60.955707550048835,60.955707550048835,60.955707550048835,60.95570755004883,376,0.0,0.0
1988-12-13 00:00:00-05:00,60.955707550048835,60.955707550048835,60.955707550048835,60.95570755004883,514,0.0,0.0
1988-12-14 00:00:00-05:00,62.86057662963867,62.86057662963867,62.86057662963867,62.86057662963867,292,0.0,0.0
1988-12-15 00:00:00-05:00,59.05083084106445,59.05083084106445,59.05083084106445,59.05083084106445,194,0.0,0.0
1988-12-16 00:00:00-05:00,60.955707550048835,60.955707550048835,60.955707550048835,60.95570755004883,80,0.0,0.0
1988-12-19 00:00:00-05:00,62.86057662963867,62.86057662963867,62.86057662963867,62.86057662963867,410,0.0,0.0
1988-12-20 00:00:00-05:00,60.955707550048835,60.955707550048835,60.955707550048835,60.95570755004883,42,0.0,0.0
1988-12-21 00:00:00-05:00,60.955707550048835,60.955707550048835,60.955707550048835,60.95570755004883,26,0.0,0.0
1988-12-22 00:00:00-05:00,60.955707550048835,60.955707550048835,60.955707550048835,60.95570755004883,24,0.0,0.0
1988-12-23 00:00:00-05:00,60.955707550048835,60.955707550048835,60.955707550048835,60.95570755004883,2,0.0,0.0
1988-12-27 00:00:00-05:00,60.955707550048835,60.955707550048835,60.955707550048835,60.95570755004883,60,0.0,0.0
1988-12-28 00:00:00-05:00,60.955707550048835,60.955707550048835,60.955707550048835,60.95570755004883,0,0.0,0.0
1988-12-29 00:00:00-05:00,60.955707550048835,60.955707550048835,60.955707550048835,60.95570755004883,4,0.0,0.0
1988-12-30 00:00:00-05:00,60.955707550048835,60.955707550048835,60.955707550048835,60.95570755004883,10,0.0,0.0
1989-01-03 00:00:00-05:00,60.955707550048835,60.955707550048835,60.955707550048835,60.95570755004883,0,0.0,0.0
1989-01-04 00:00:00-05:00,59.05083084106445,59.05083084106445,59.05083084106445,59.05083084106445,20,0.0,0.0
1989-01-05 00:00:00-05:00,59.05083084106445,59.05083084106445,59.05083084106445,59.05083084106445,0,0.0,0.0
1989-01-06 00:00:00-05:00,59.05083084106445,59.05083084106445,59.05083084106445,59.05083084106445,0,0.0,0.0
1989-01-09 00:00:00-05:00,59.05083084106445,59.05083084106445,59.05083084106445,59.05083084106445,0,0.0,0.0
1989-01-10 00:00:00-05:00,60.955707550048835,60.955707550048835,60.955707550048835,60.95570755004883,150,0.0,0.0
1989-01-11 00:00:00-05:00,60.955707550048835,60.955707550048835,60.955707550048835,60.95570755004883,268,0.0,0.0
1989-01-12 00:00:00-05:00,60.955707550048835,60.955707550048835,60.955707550048835,60.95570755004883,20,0.0,0.0
1989-01-13 00:00:00-05:00,60.955707550048835,60.955707550048835,60.955707550048835,60.95570755004883,100,0.0,0.0
1989-01-16 00:00:00-05:00,60.955707550048835,60.955707550048835,60.955707550048835,60.95570755004883,632,0.0,0.0
1989-01-17 00:00:00-05:00,60.955707550048835,60.955707550048835,60.955707550048835,60.95570755004883,314,0.0,0.0
1989-01-18 00:00:00-05:00,60.955707550048835,60.955707550048835,60.955707550048835,60.95570755004883,94,0.0,0.0
1989-01-19 00:00:00-05:00,60.955707550048835,60.955707550048835,60.955707550048835,60.95570755004883,74,0.0,0.0
1989-01-20 00:00:00-05:00,60.955707550048835,60.955707550048835,60.955707550048835,60.95570755004883,266,0.0,0.0
1989-01-23 00:00:00-05:00,60.955707550048835,60.955707550048835,60.955707550048835,60.95570755004883,10,0.0,0.0
1989-01-24 00:00:00-05:00,60.955707550048835,60.955707550048835,60.955707550048835,60.95570755004883,0,0.0,0.0
1989-01-25 00:00:00-05:00,60.955707550048835,60.955707550048835,60.955707550048835,60.95570755004883,0,0.0,0.0
1989-01-26 00:00:00-05:00,60.955707550048835,60.955707550048835,60.955707550048835,60.95570755004883,80,0.0,0.0
1989-01-27 00:00:00-05:00,60.955707550048835,60.955707550048835,60.955707550048835,60.95570755004883,44,0.0,0.0
1989-01-30 00:00:00-05:00,60.955707550048835,60.955707550048835,60.955707550048835,60.95570755004883,0,0.0,0.0
1989-01-31 00:00:00-05:00,57.14598083496094,57.14598083496094,57.14598083496094,57.14598083496094,180,0.0,0.0
1989-02-01 00:00:00-05:00,57.14598083496094,57.14598083496094,57.14598083496094,57.14598083496094,76,0.0,0.0
1989-02-02 00:00:00-05:00,57.14598083496094,57.14598083496094,57.14598083496094,57.14598083496094,70,0.0,0.0
1989-02-03 00:00:00-05:00,57.14598083496094,57.14598083496094,57.14598083496094,57.14598083496094,52,0.0,0.0
1989-02-06 00:00:00-05:00,57.14598083496094,57.14598083496094,57.14598083496094,57.14598083496094,54,0.0,0.0
1989-02-07 00:00:00-05:00,57.14598083496094,57.14598083496094,57.14598083496094,57.14598083496094,0,0.0,0.0
1989-02-08 00:00:00-05:00,57.14598083496094,57.14598083496094,57.14598083496094,57.14598083496094,42,0.0,0.0
1989-02-09 00:00:00-05:00,57.14598083496094,57.14598083496094,57.14598083496094,57.14598083496094,20,0.0,0.0
1989-02-10 00:00:00-05:00,57.14598083496094,57.14598083496094,57.14598083496094,57.14598083496094,0,0.0,0.0
1989-02-13 00:00:00-05:00,57.14598083496094,57.14598083496094,57.14598083496094,57.14598083496094,0,0.0,0.0
1989-02-14 00:00:00-05:00,57.14598083496094,57.14598083496094,57.14598083496094,57.14598083496094,0,0.0,0.0
1989-02-15 00:00:00-05:00,57.14598083496094,57.14598083496094,57.14598083496094,57.14598083496094,40,0.0,0.0
1989-02-16 00:00:00-05:00,57.14598083496094,57.14598083496094,57.14598083496094,57.14598083496094,0,0.0,0.0
1989-02-17 00:00:00-05:00,55.24111938476563,55.24111938476563,55.24111938476563,55.241119384765625,22,0.0,0.0
1989-02-21 00:00:00-05:00,55.24111938476563,55.24111938476563,55.24111938476563,55.241119384765625,0,0.0,0.0
1989-02-22 00:00:00-05:00,57.14598083496094,57.14598083496094,57.14598083496094,57.14598083496094,110,0.0,0.0
1989-02-23 00:00:00-05:00,57.14598083496094,57.14598083496094,57.14598083496094,57.14598083496094,76,0.0,0.0
1989-02-24 00:00:00-05:00,59.05083084106445,59.05083084106445,59.05083084106445,59.05083084106445,340,0.0,0.0
1989-02-27 00:00:00-05:00,59.05083084106445,59.05083084106445,59.05083084106445,59.05083084106445,206,0.0,0.0
1989-02-28 00:00:00-05:00,59.05083084106445,59.05083084106445,59.05083084106445,59.05083084106445,14,0.0,0.0
1989-03-01 00:00:00-05:00,59.05083084106445,59.05083084106445,59.05083084106445,59.05083084106445,0,0.0,0.0
1989-03-02 00:00:00-05:00,59.05083084106445,59.05083084106445,59.05083084106445,59.05083084106445,6,0.0,0.0
1989-03-03 00:00:00-05:00,60.955707550048835,60.955707550048835,60.955707550048835,60.95570755004883,210,0.0,0.0
1989-03-06 00:00:00-05:00,60.955707550048835,60.955707550048835,60.955707550048835,60.95570755004883,50,0.0,0.0
1989-03-07 00:00:00-05:00,60.955707550048835,60.955707550048835,60.955707550048835,60.95570755004883,0,0.0,0.0
1989-03-08 00:00:00-05:00,60.955707550048835,60.955707550048835,60.955707550048835,60.95570755004883,974,0.0,0.0
1989-03-09 00:00:00-05:00,62.86057662963867,62.86057662963867,62.86057662963867,62.86057662963867,224,0.0,0.0
1989-03-10 00:00:00-05:00,62.86057662963867,62.86057662963867,62.86057662963867,62.86057662963867,4,0.0,0.0
1989-03-13 00:00:00-05:00,62.86057662963867,62.86057662963867,62.86057662963867,62.86057662963867,120,0.0,0.0
1989-03-14 00:00:00-05:00,62.86057662963867,62.86057662963867,62.86057662963867,62.86057662963867,14,0.0,0.0
1989-03-15 00:00:00-05:00,62.86057662963867,62.86057662963867,62.86057662963867,62.86057662963867,0,0.0,0.0
1989-03-16 00:00:00-05:00,62.86057662963867,62.86057662963867,62.86057662963867,62.86057662963867,60,0.0,0.0
1989-03-17 00:00:00-05:00,64.76542663574219,64.76542663574219,64.76542663574219,64.76542663574219,848,0.0,0.0
1989-03-20 00:00:00-05:00,64.76542663574219,64.76542663574219,64.76542663574219,64.76542663574219,30,0.0,0.0
1989-03-21 00:00:00-05:00,64.76542663574219,64.76542663574219,64.76542663574219,64.76542663574219,112,0.0,0.0
1989-03-22 00:00:00-05:00,74.28978729248047,74.28978729248047,74.28978729248047,74.28978729248047,304,0.0,0.0
1989-03-23 00:00:00-05:00,72.38494110107422,72.38494110107422,72.38494110107422,72.38494110107422,134,0.0,0.0
1989-03-27 00:00:00-05:00,74.28978729248047,74.28978729248047,74.28978729248047,74.28978729248047,130,0.0,0.0
1989-03-28 00:00:00-05:00,74.28978729248047,74.28978729248047,74.28978729248047,74.28978729248047,8,0.0,0.0
1989-03-29 00:00:00-05:00,85.71898651123047,85.71898651123047,85.71898651123047,85.71898651123047,102,0.0,0.0
1989-03-30 00:00:00-05:00,87.62384796142578,87.62384796142578,87.62384796142578,87.62384796142578,40,0.0,0.0
1989-03-31 00:00:00-05:00,83.81410217285156,83.81410217285156,83.81410217285156,83.81410217285156,20,0.0,0.0
1989-04-03 00:00:00-04:00,97.14816284179686,97.14816284179686,97.14816284179686,97.14816284179688,90,0.0,0.0
1989-04-04 00:00:00-04:00,97.14816284179686,97.14816284179686,97.14816284179686,97.14816284179688,30,0.0,0.0
1989-04-05 00:00:00-04:00,93.33844757080078,93.33844757080078,93.33844757080078,93.33844757080078,150,0.0,0.0
1989-04-06 00:00:00-04:00,95.24330139160156,95.24330139160156,95.24330139160156,95.24330139160156,106,0.0,0.0
1989-04-07 00:00:00-04:00,93.33844757080078,93.33844757080078,93.33844757080078,93.33844757080078,12,0.0,0.0
1989-04-10 00:00:00-04:00,93.33844757080078,93.33844757080078,93.33844757080078,93.33844757080078,0,0.0,0.0
1989-04-11 00:00:00-04:00,93.33844757080078,93.33844757080078,93.33844757080078,93.33844757080078,0,0.0,0.0
1989-04-12 00:00:00-04:00,93.33844757080078,93.33844757080078,93.33844757080078,93.33844757080078,0,0.0,0.0
1989-04-13 00:00:00-04:00,93.33844757080078,93.33844757080078,93.33844757080078,93.33844757080078,36,0.0,0.0
1989-04-14 00:00:00-04:00,91.4335708618164,91.4335708618164,91.4335708618164,91.4335708618164,44,0.0,0.0
1989-04-17 00:00:00-04:00,87.62384796142578,87.62384796142578,87.62384796142578,87.62384796142578,40,0.0,0.0
1989-04-18 00:00:00-04:00,87.62384796142578,87.62384796142578,87.62384796142578,87.62384796142578,2,0.0,0.0
1989-04-19 00:00:00-04:00,87.62384796142578,87.62384796142578,87.62384796142578,87.62384796142578,0,0.0,0.0
1989-04-20 00:00:00-04:00,83.81410217285156,83.81410217285156,83.81410217285156,83.81410217285156,84,0.0,0.0
1989-04-21 00:00:00-04:00,76.19465637207031,76.19465637207031,76.19465637207031,76.19465637207031,82,0.0,0.0
1989-04-24 00:00:00-04:00,72.38494110107422,72.38494110107422,72.38494110107422,72.38494110107422,132,0.0,0.0
1989-04-25 00:00:00-04:00,68.57518768310547,68.57518768310547,68.57518768310547,68.57518768310547,36,0.0,0.0
1989-04-26 00:00:00-04:00,68.57518768310547,68.57518768310547,68.57518768310547,68.57518768310547,0,0.0,0.0
1989-04-27 00:00:00-04:00,60.955707550048835,60.955707550048835,60.955707550048835,60.95570755004883,182,0.0,0.0
1989-04-28 00:00:00-04:00,60.955707550048835,60.955707550048835,60.955707550048835,60.95570755004883,8,0.0,0.0
1989-05-01 00:00:00-04:00,62.86057662963867,62.86057662963867,62.86057662963867,62.86057662963867,10,0.0,0.0
1989-05-02 00:00:00-04:00,62.86057662963867,62.86057662963867,62.86057662963867,62.86057662963867,30,0.0,0.0
1989-05-03 00:00:00-04:00,62.86057662963867,62.86057662963867,62.86057662963867,62.86057662963867,2,0.0,0.0
1989-05-04 00:00:00-04:00,64.76542663574219,64.76542663574219,64.76542663574219,64.76542663574219,112,0.0,0.0
1989-05-05 00:00:00-04:00,68.57518768310547,68.57518768310547,68.57518768310547,68.57518768310547,50,0.0,0.0
1989-05-08 00:00:00-04:00,68.57518768310547,68.57518768310547,68.57518768310547,68.57518768310547,0,0.0,0.0
1989-05-09 00:00:00-04:00,68.57518768310547,68.57518768310547,68.57518768310547,68.57518768310547,0,0.0,0.0
1989-05-10 00:00:00-04:00,68.57518768310547,68.57518768310547,68.57518768310547,68.57518768310547,10,0.0,0.0
1989-05-11 00:00:00-04:00,64.76542663574219,64.76542663574219,64.76542663574219,64.76542663574219,18,0.0,0.0
1989-05-12 00:00:00-04:00,64.76542663574219,64.76542663574219,64.76542663574219,64.76542663574219,0,0.0,0.0
1989-05-15 00:00:00-04:00,62.86057662963867,62.86057662963867,62.86057662963867,62.86057662963867,116,0.0,0.0
1989-05-16 00:00:00-04:00,64.76542663574219,64.76542663574219,64.76542663574219,64.76542663574219,30,0.0,0.0
1989-05-17 00:00:00-04:00,62.86057662963867,62.86057662963867,62.86057662963867,62.86057662963867,52,0.0,0.0
1989-05-18 00:00:00-04:00,62.86057662963867,62.86057662963867,62.86057662963867,62.86057662963867,22,0.0,0.0
1989-05-19 00:00:00-04:00,62.86057662963867,62.86057662963867,62.86057662963867,62.86057662963867,32,0.0,0.0
1989-05-22 00:00:00-04:00,60.955707550048835,60.955707550048835,60.955707550048835,60.95570755004883,2,0.0,0.0
1989-05-23 00:00:00-04:00,60.955707550048835,60.955707550048835,60.955707550048835,60.95570755004883,0,0.0,0.0
1989-05-24 00:00:00-04:00,60.955707550048835,60.955707550048835,60.955707550048835,60.95570755004883,0,0.0,0.0
1989-05-25 00:00:00-04:00,60.955707550048835,60.955707550048835,60.955707550048835,60.95570755004883,0,0.0,0.0
1989-05-26 00:00:00-04:00,60.955707550048835,60.955707550048835,60.955707550048835,60.95570755004883,0,0.0,0.0
1989-05-30 00:00:00-04:00,60.955707550048835,60.955707550048835,60.955707550048835,60.95570755004883,0,0.0,0.0
1989-05-31 00:00:00-04:00,60.955707550048835,60.955707550048835,60.955707550048835,60.95570755004883,40,0.0,0.0
1989-06-01 00:00:00-04:00,60.955707550048835,60.955707550048835,60.955707550048835,60.95570755004883,0,0.0,0.0
1989-06-02 00:00:00-04:00,60.955707550048835,60.955707550048835,60.955707550048835,60.95570755004883,40,0.0,0.0
1989-06-05 00:00:00-04:00,60.955707550048835,60.955707550048835,60.955707550048835,60.95570755004883,2,0.0,0.0
1989-06-06 00:00:00-04:00,62.86057662963867,62.86057662963867,62.86057662963867,62.86057662963867,34,0.0,0.0
1989-06-07 00:00:00-04:00,66.6703109741211,66.6703109741211,66.6703109741211,66.6703109741211,200,0.0,0.0
1989-06-08 00:00:00-04:00,66.6703109741211,66.6703109741211,66.6703109741211,66.6703109741211,40,0.0,0.0
1989-06-09 00:00:00-04:00,66.6703109741211,66.6703109741211,66.6703109741211,66.6703109741211,0,0.0,0.0
1989-06-12 00:00:00-04:00,62.86057662963867,62.86057662963867,62.86057662963867,62.86057662963867,10,0.0,0.0
1989-06-13 00:00:00-04:00,62.86057662963867,62.86057662963867,62.86057662963867,62.86057662963867,0,0.0,0.0
1989-06-14 00:00:00-04:00,62.86057662963867,62.86057662963867,62.86057662963867,62.86057662963867,10,0.0,0.0
1989-06-15 00:00:00-04:00,66.6703109741211,66.6703109741211,66.6703109741211,66.6703109741211,140,0.0,0.0
1989-06-16 00:00:00-04:00,66.6703109741211,66.6703109741211,66.6703109741211,66.6703109741211,0,0.0,0.0
1989-06-19 00:00:00-04:00,66.6703109741211,66.6703109741211,66.6703109741211,66.6703109741211,0,0.0,0.0
1989-06-20 00:00:00-04:00,64.76542663574219,64.76542663574219,64.76542663574219,64.76542663574219,272,0.0,0.0
1989-06-21 00:00:00-04:00,64.76542663574219,64.76542663574219,64.76542663574219,64.76542663574219,0,0.0,0.0
1989-06-22 00:00:00-04:00,64.76542663574219,64.76542663574219,64.76542663574219,64.76542663574219,0,0.0,0.0
1989-06-23 00:00:00-04:00,68.57518768310547,68.57518768310547,68.57518768310547,68.57518768310547,20,0.0,0.0
1989-06-26 00:00:00-04:00,72.38494110107422,72.38494110107422,72.38494110107422,72.38494110107422,98,0.0,0.0
1989-06-27 00:00:00-04:00,72.38494110107422,72.38494110107422,72.38494110107422,72.38494110107422,0,0.0,0.0
1989-06-28 00:00:00-04:00,72.38494110107422,72.38494110107422,72.38494110107422,72.38494110107422,28,0.0,0.0
1989-06-29 00:00:00-04:00,68.57518768310547,68.57518768310547,68.57518768310547,68.57518768310547,40,0.0,0.0
1989-06-30 00:00:00-04:00,68.57518768310547,68.57518768310547,68.57518768310547,68.57518768310547,4,0.0,0.0
1989-07-03 00:00:00-04:00,68.57518768310547,68.57518768310547,68.57518768310547,68.57518768310547,20,0.0,0.0
1989-07-05 00:00:00-04:00,68.57518768310547,68.57518768310547,68.57518768310547,68.57518768310547,2,0.0,0.0
1989-07-06 00:00:00-04:00,68.57518768310547,68.57518768310547,68.57518768310547,68.57518768310547,4,0.0,0.0
1989-07-07 00:00:00-04:00,68.57518768310547,68.57518768310547,68.57518768310547,68.57518768310547,2,0.0,0.0
1989-07-10 00:00:00-04:00,60.955707550048835,60.955707550048835,60.955707550048835,60.95570755004883,112,0.0,0.0
1989-07-11 00:00:00-04:00,60.955707550048835,60.955707550048835,60.955707550048835,60.95570755004883,0,0.0,0.0
1989-07-12 00:00:00-04:00,60.955707550048835,60.955707550048835,60.955707550048835,60.95570755004883,4,0.0,0.0
1989-07-13 00:00:00-04:00,60.955707550048835,60.955707550048835,60.955707550048835,60.95570755004883,20,0.0,0.0
1989-07-14 00:00:00-04:00,60.955707550048835,60.955707550048835,60.955707550048835,60.95570755004883,2,0.0,0.0
1989-07-17 00:00:00-04:00,60.955707550048835,60.955707550048835,60.955707550048835,60.95570755004883,0,0.0,0.0
1989-07-18 00:00:00-04:00,62.86057662963867,62.86057662963867,62.86057662963867,62.86057662963867,2,0.0,0.0
1989-07-19 00:00:00-04:00,62.86057662963867,62.86057662963867,62.86057662963867,62.86057662963867,0,0.0,0.0
1989-07-20 00:00:00-04:00,64.76542663574219,64.76542663574219,64.76542663574219,64.76542663574219,104,0.0,0.0
1989-07-21 00:00:00-04:00,64.76542663574219,64.76542663574219,64.76542663574219,64.76542663574219,14,0.0,0.0
1989-07-24 00:00:00-04:00,64.76542663574219,64.76542663574219,64.76542663574219,64.76542663574219,2,0.0,0.0
1989-07-25 00:00:00-04:00,64.76542663574219,64.76542663574219,64.76542663574219,64.76542663574219,0,0.0,0.0
1989-07-26 00:00:00-04:00,64.76542663574219,64.76542663574219,64.76542663574219,64.76542663574219,0,0.0,0.0
1989-07-27 00:00:00-04:00,64.76542663574219,64.76542663574219,64.76542663574219,64.76542663574219,0,0.0,0.0
1989-07-28 00:00:00-04:00,64.76542663574219,64.76542663574219,64.76542663574219,64.76542663574219,0,0.0,0.0
1989-07-31 00:00:00-04:00,64.76542663574219,64.76542663574219,64.76542663574219,64.76542663574219,20,0.0,0.0
1989-08-01 00:00:00-04:00,64.76542663574219,64.76542663574219,64.76542663574219,64.76542663574219,0,0.0,0.0
1989-08-02 00:00:00-04:00,64.76542663574219,64.76542663574219,64.76542663574219,64.76542663574219,0,0.0,0.0
1989-08-03 00:00:00-04:00,62.86057662963867,62.86057662963867,62.86057662963867,62.86057662963867,6,0.0,0.0
1989-08-04 00:00:00-04:00,62.86057662963867,62.86057662963867,62.86057662963867,62.86057662963867,0,0.0,0.0
1989-08-07 00:00:00-04:00,62.86057662963867,62.86057662963867,62.86057662963867,62.86057662963867,0,0.0,0.0
1989-08-08 00:00:00-04:00,62.86057662963867,62.86057662963867,62.86057662963867,62.86057662963867,30,0.0,0.0
1989-08-09 00:00:00-04:00,64.76542663574219,64.76542663574219,64.76542663574219,64.76542663574219,52,0.0,0.0
1989-08-10 00:00:00-04:00,64.76542663574219,64.76542663574219,64.76542663574219,64.76542663574219,2,0.0,0.0
1989-08-11 00:00:00-04:00,62.86057662963867,62.86057662963867,62.86057662963867,62.86057662963867,140,0.0,0.0
1989-08-14 00:00:00-04:00,62.86057662963867,62.86057662963867,62.86057662963867,62.86057662963867,10,0.0,0.0
1989-08-15 00:00:00-04:00,62.86057662963867,62.86057662963867,62.86057662963867,62.86057662963867,144,0.0,0.0
1989-08-16 00:00:00-04:00,66.6703109741211,66.6703109741211,66.6703109741211,66.6703109741211,70,0.0,0.0
1989-08-17 00:00:00-04:00,72.38494110107422,72.38494110107422,72.38494110107422,72.38494110107422,190,0.0,0.0
1989-08-18 00:00:00-04:00,72.38494110107422,72.38494110107422,72.38494110107422,72.38494110107422,0,0.0,0.0
1989-08-21 00:00:00-04:00,72.38494110107422,72.38494110107422,72.38494110107422,72.38494110107422,0,0.0,0.0
1989-08-22 00:00:00-04:00,74.28978729248047,74.28978729248047,74.28978729248047,74.28978729248047,2,0.0,0.0
1989-08-23 00:00:00-04:00,74.28978729248047,74.28978729248047,74.28978729248047,74.28978729248047,0,0.0,0.0
1989-08-24 00:00:00-04:00,74.28978729248047,74.28978729248047,74.28978729248047,74.28978729248047,0,0.0,0.0
1989-08-25 00:00:00-04:00,74.28978729248047,74.28978729248047,74.28978729248047,74.28978729248047,0,0.0,0.0
1989-08-28 00:00:00-04:00,78.09949493408203,78.09949493408203,78.09949493408203,78.09949493408203,190,0.0,0.0
1989-08-29 00:00:00-04:00,87.62384796142578,87.62384796142578,87.62384796142578,87.62384796142578,200,0.0,0.0
1989-08-30 00:00:00-04:00,87.62384796142578,87.62384796142578,87.62384796142578,87.62384796142578,180,0.0,0.0
1989-08-31 00:00:00-04:00,87.62384796142578,87.62384796142578,87.62384796142578,87.62384796142578,0,0.0,0.0
1989-09-01 00:00:00-04:00,87.62384796142578,87.62384796142578,87.62384796142578,87.62384796142578,0,0.0,0.0
1989-09-05 00:00:00-04:00,87.62384796142578,87.62384796142578,87.62384796142578,87.62384796142578,20,0.0,0.0
1989-09-06 00:00:00-04:00,87.62384796142578,87.62384796142578,87.62384796142578,87.62384796142578,30,0.0,0.0
1989-09-07 00:00:00-04:00,87.62384796142578,87.62384796142578,87.62384796142578,87.62384796142578,20,0.0,0.0
1989-09-08 00:00:00-04:00,87.62384796142578,87.62384796142578,87.62384796142578,87.62384796142578,2,0.0,0.0
1989-09-11 00:00:00-04:00,83.81410217285156,83.81410217285156,83.81410217285156,83.81410217285156,40,0.0,0.0
1989-09-12 00:00:00-04:00,83.81410217285156,83.81410217285156,83.81410217285156,83.81410217285156,40,0.0,0.0
1989-09-13 00:00:00-04:00,83.81410217285156,83.81410217285156,83.81410217285156,83.81410217285156,100,0.0,0.0
1989-09-14 00:00:00-04:00,83.81410217285156,83.81410217285156,83.81410217285156,83.81410217285156,0,0.0,0.0
1989-09-15 00:00:00-04:00,83.81410217285156,83.81410217285156,83.81410217285156,83.81410217285156,0,0.0,0.0
1989-09-18 00:00:00-04:00,83.81410217285156,83.81410217285156,83.81410217285156,83.81410217285156,0,0.0,0.0
1989-09-19 00:00:00-04:00,83.81410217285156,83.81410217285156,83.81410217285156,83.81410217285156,40,0.0,0.0
1989-09-20 00:00:00-04:00,83.81410217285156,83.81410217285156,83.81410217285156,83.81410217285156,0,0.0,0.0
1989-09-21 00:00:00-04:00,83.81410217285156,83.81410217285156,83.81410217285156,83.81410217285156,0,0.0,0.0
1989-09-22 00:00:00-04:00,87.62384796142578,87.62384796142578,87.62384796142578,87.62384796142578,36,0.0,0.0
1989-09-25 00:00:00-04:00,99.05300903320311,99.05300903320311,99.05300903320311,99.05300903320312,94,0.0,0.0
1989-09-26 00:00:00-04:00,99.05300903320311,99.05300903320311,99.05300903320311,99.05300903320312,124,0.0,0.0
1989-09-27 00:00:00-04:00,100.95789337158203,100.95789337158203,100.95789337158203,100.95789337158203,100,0.0,0.0
1989-09-28 00:00:00-04:00,99.05300903320311,99.05300903320311,99.05300903320311,99.05300903320312,40,0.0,0.0
1989-09-29 00:00:00-04:00,97.14816284179686,97.14816284179686,97.14816284179686,97.14816284179688,60,0.0,0.0
1989-10-02 00:00:00-04:00,95.24330139160156,95.24330139160156,95.24330139160156,95.24330139160156,20,0.0,0.0
1989-10-03 00:00:00-04:00,95.24330139160156,95.24330139160156,95.24330139160156,95.24330139160156,0,0.0,0.0
1989-10-04 00:00:00-04:00,93.33844757080078,93.33844757080078,93.33844757080078,93.33844757080078,120,0.0,0.0
1989-10-05 00:00:00-04:00,93.33844757080078,93.33844757080078,93.33844757080078,93.33844757080078,20,0.0,0.0
1989-10-06 00:00:00-04:00,93.33844757080078,93.33844757080078,93.33844757080078,93.33844757080078,0,0.0,0.0
1989-10-09 00:00:00-04:00,93.33844757080078,93.33844757080078,93.33844757080078,93.33844757080078,10,0.0,0.0
1989-10-10 00:00:00-04:00,93.33844757080078,93.33844757080078,93.33844757080078,93.33844757080078,0,0.0,0.0
1989-10-11 00:00:00-04:00,93.33844757080078,93.33844757080078,93.33844757080078,93.33844757080078,6,0.0,0.0
1989-10-12 00:00:00-04:00,93.33844757080078,93.33844757080078,93.33844757080078,93.33844757080078,0,0.0,0.0
1989-10-13 00:00:00-04:00,93.33844757080078,93.33844757080078,93.33844757080078,93.33844757080078,0,0.0,0.0
1989-10-16 00:00:00-04:00,87.62384796142578,87.62384796142578,87.62384796142578,87.62384796142578,14,0.0,0.0
1989-10-17 00:00:00-04:00,87.62384796142578,87.62384796142578,87.62384796142578,87.62384796142578,20,0.0,0.0
1989-10-18 00:00:00-04:00,87.62384796142578,87.62384796142578,87.62384796142578,87.62384796142578,6,0.0,0.0
1989-10-19 00:00:00-04:00,87.62384796142578,87.62384796142578,87.62384796142578,87.62384796142578,0,0.0,0.0
1989-10-20 00:00:00-04:00,87.62384796142578,87.62384796142578,87.62384796142578,87.62384796142578,0,0.0,0.0
1989-10-23 00:00:00-04:00,87.62384796142578,87.62384796142578,87.62384796142578,87.62384796142578,0,0.0,0.0
1989-10-24 00:00:00-04:00,87.62384796142578,87.62384796142578,87.62384796142578,87.62384796142578,0,0.0,0.0
1989-10-25 00:00:00-04:00,87.62384796142578,87.62384796142578,87.62384796142578,87.62384796142578,0,0.0,0.0
1989-10-26 00:00:00-04:00,76.19465637207031,76.19465637207031,76.19465637207031,76.19465637207031,20,0.0,0.0
1989-10-27 00:00:00-04:00,83.81410217285156,83.81410217285156,83.81410217285156,83.81410217285156,42,0.0,0.0
1989-10-30 00:00:00-05:00,80.0043716430664,80.0043716430664,80.0043716430664,80.0043716430664,6,0.0,0.0
1989-10-31 00:00:00-05:00,80.0043716430664,80.0043716430664,80.0043716430664,80.0043716430664,0,0.0,0.0
1989-11-01 00:00:00-05:00,83.81410217285156,83.81410217285156,83.81410217285156,83.81410217285156,40,0.0,0.0
1989-11-02 00:00:00-05:00,87.62384796142578,87.62384796142578,87.62384796142578,87.62384796142578,140,0.0,0.0
1989-11-03 00:00:00-05:00,87.62384796142578,87.62384796142578,87.62384796142578,87.62384796142578,0,0.0,0.0
1989-11-06 00:00:00-05:00,87.62384796142578,87.62384796142578,87.62384796142578,87.62384796142578,0,0.0,0.0
1989-11-07 00:00:00-05:00,91.4335708618164,91.4335708618164,91.4335708618164,91.4335708618164,48,0.0,0.0
1989-11-08 00:00:00-05:00,87.62384796142578,87.62384796142578,87.62384796142578,87.62384796142578,10,0.0,0.0
1989-11-09 00:00:00-05:00,87.62384796142578,87.62384796142578,87.62384796142578,87.62384796142578,50,0.0,0.0
1989-11-10 00:00:00-05:00,87.62384796142578,87.62384796142578,87.62384796142578,87.62384796142578,0,0.0,0.0
1989-11-13 00:00:00-05:00,87.62384796142578,87.62384796142578,87.62384796142578,87.62384796142578,0,0.0,0.0
1989-11-14 00:00:00-05:00,87.62384796142578,87.62384796142578,87.62384796142578,87.62384796142578,0,0.0,0.0
1989-11-15 00:00:00-05:00,76.19465637207031,76.19465637207031,76.19465637207031,76.19465637207031,90,0.0,0.0
1989-11-16 00:00:00-05:00,76.19465637207031,76.19465637207031,76.19465637207031,76.19465637207031,104,0.0,0.0
1989-11-17 00:00:00-05:00,68.57518768310547,68.57518768310547,68.57518768310547,68.57518768310547,552,0.0,0.0
1989-11-20 00:00:00-05:00,64.76542663574219,64.76542663574219,64.76542663574219,64.76542663574219,56,0.0,0.0
1989-11-21 00:00:00-05:00,64.76542663574219,64.76542663574219,64.76542663574219,64.76542663574219,0,0.0,0.0
1989-11-22 00:00:00-05:00,68.57518768310547,68.57518768310547,68.57518768310547,68.57518768310547,80,0.0,0.0
1989-11-24 00:00:00-05:00,68.57518768310547,68.57518768310547,68.57518768310547,68.57518768310547,40,0.0,0.0
1989-11-27 00:00:00-05:00,64.76542663574219,64.76542663574219,64.76542663574219,64.76542663574219,40,0.0,0.0
1989-11-28 00:00:00-05:00,64.76542663574219,64.76542663574219,64.76542663574219,64.76542663574219,80,0.0,0.0
1989-11-29 00:00:00-05:00,64.76542663574219,64.76542663574219,64.76542663574219,64.76542663574219,0,0.0,0.0
1989-11-30 00:00:00-05:00,64.76542663574219,64.76542663574219,64.76542663574219,64.76542663574219,24,0.0,0.0
1989-12-01 00:00:00-05:00,64.76542663574219,64.76542663574219,64.76542663574219,64.76542663574219,40,0.0,0.0
1989-12-04 00:00:00-05:00,60.955707550048835,60.955707550048835,60.955707550048835,60.95570755004883,40,0.0,0.0
1989-12-05 00:00:00-05:00,60.955707550048835,60.955707550048835,60.955707550048835,60.95570755004883,0,0.0,0.0
1989-12-06 00:00:00-05:00,60.955707550048835,60.955707550048835,60.955707550048835,60.95570755004883,0,0.0,0.0
1989-12-07 00:00:00-05:00,60.955707550048835,60.955707550048835,60.955707550048835,60.95570755004883,0,0.0,0.0
1989-12-08 00:00:00-05:00,60.955707550048835,60.955707550048835,60.955707550048835,60.95570755004883,42,0.0,0.0
1989-12-11 00:00:00-05:00,60.955707550048835,60.955707550048835,60.955707550048835,60.95570755004883,0,0.0,0.0
1989-12-12 00:00:00-05:00,62.86057662963867,62.86057662963867,62.86057662963867,62.86057662963867,40,0.0,0.0
1989-12-13 00:00:00-05:00,60.955707550048835,60.955707550048835,60.955707550048835,60.95570755004883,172,0.0,0.0
1989-12-14 00:00:00-05:00,57.14598083496094,57.14598083496094,57.14598083496094,57.14598083496094,238,0.0,0.0
1989-12-15 00:00:00-05:00,57.14598083496094,57.14598083496094,57.14598083496094,57.14598083496094,0,0.0,0.0
1989-12-18 00:00:00-05:00,57.14598083496094,57.14598083496094,57.14598083496094,57.14598083496094,20,0.0,0.0
1989-12-19 00:00:00-05:00,57.14598083496094,57.14598083496094,57.14598083496094,57.14598083496094,2,0.0,0.0
1989-12-20 00:00:00-05:00,57.14598083496094,57.14598083496094,57.14598083496094,57.14598083496094,40,0.0,0.0
1989-12-21 00:00:00-05:00,57.14598083496094,57.14598083496094,57.14598083496094,57.14598083496094,12,0.0,0.0
1989-12-22 00:00:00-05:00,57.14598083496094,57.14598083496094,57.14598083496094,57.14598083496094,182,0.0,0.0
1989-12-26 00:00:00-05:00,53.33625411987305,53.33625411987305,53.33625411987305,53.33625411987305,52,0.0,0.0
1989-12-27 00:00:00-05:00,49.526504516601555,49.526504516601555,49.526504516601555,49.52650451660156,124,0.0,0.0
1989-12-28 00:00:00-05:00,45.7167854309082,45.7167854309082,45.7167854309082,45.7167854309082,182,0.0,0.0
1989-12-29 00:00:00-05:00,49.526504516601555,49.526504516601555,49.526504516601555,49.52650451660156,88,0.0,0.0
1990-01-02 00:00:00-05:00,45.7167854309082,45.7167854309082,45.7167854309082,45.7167854309082,20,0.0,0.0
1990-01-03 00:00:00-05:00,41.90705108642578,41.90705108642578,41.90705108642578,41.90705108642578,80,0.0,0.0
1990-01-04 00:00:00-05:00,41.90705108642578,41.90705108642578,41.90705108642578,41.90705108642578,0,0.0,0.0
1990-01-05 00:00:00-05:00,41.90705108642578,41.90705108642578,41.90705108642578,41.90705108642578,56,0.0,0.0
1990-01-08 00:00:00-05:00,45.7167854309082,45.7167854309082,45.7167854309082,45.7167854309082,164,0.0,0.0
1990-01-09 00:00:00-05:00,41.90705108642578,41.90705108642578,41.90705108642578,41.90705108642578,88,0.0,0.0
1990-01-10 00:00:00-05:00,38.097328186035156,38.097328186035156,38.097328186035156,38.097328186035156,168,0.0,0.0
1990-01-11 00:00:00-05:00,38.097328186035156,38.097328186035156,38.097328186035156,38.097328186035156,96,0.0,0.0
1990-01-12 00:00:00-05:00,38.097328186035156,38.097328186035156,38.097328186035156,38.097328186035156,134,0.0,0.0
1990-01-15 00:00:00-05:00,38.097328186035156,38.097328186035156,38.097328186035156,38.097328186035156,68,0.0,0.0
1990-01-16 00:00:00-05:00,34.287593841552734,34.287593841552734,34.287593841552734,34.287593841552734,140,0.0,0.0
1990-01-17 00:00:00-05:00,30.477853775024418,30.477853775024418,30.477853775024418,30.477853775024414,108,0.0,0.0
1990-01-18 00:00:00-05:00,26.668127059936523,26.668127059936523,26.668127059936523,26.668127059936523,226,0.0,0.0
1990-01-19 00:00:00-05:00,30.477853775024418,30.477853775024418,30.477853775024418,30.477853775024414,144,0.0,0.0
1990-01-22 00:00:00-05:00,30.477853775024418,30.477853775024418,30.477853775024418,30.477853775024414,240,0.0,0.0
1990-01-23 00:00:00-05:00,26.668127059936523,26.668127059936523,26.668127059936523,26.668127059936523,10,0.0,0.0
1990-01-24 00:00:00-05:00,28.57299041748047,28.57299041748047,28.57299041748047,28.57299041748047,20,0.0,0.0
1990-01-25 00:00:00-05:00,32.382713317871094,32.382713317871094,32.382713317871094,32.382713317871094,108,0.0,0.0
1990-01-26 00:00:00-05:00,34.287593841552734,34.287593841552734,34.287593841552734,34.287593841552734,50,0.0,0.0
1990-01-29 00:00:00-05:00,36.19247055053711,36.19247055053711,36.19247055053711,36.19247055053711,60,0.0,0.0
1990-01-30 00:00:00-05:00,36.19247055053711,36.19247055053711,36.19247055053711,36.19247055053711,0,0.0,0.0
1990-01-31 00:00:00-05:00,36.19247055053711,36.19247055053711,36.19247055053711,36.19247055053711,0,0.0,0.0
1990-02-01 00:00:00-05:00,36.19247055053711,36.19247055053711,36.19247055053711,36.19247055053711,20,0.0,0.0
1990-02-02 00:00:00-05:00,36.19247055053711,36.19247055053711,36.19247055053711,36.19247055053711,0,0.0,0.0
1990-02-05 00:00:00-05:00,43.81192398071289,43.81192398071289,43.81192398071289,43.81192398071289,100,0.0,0.0
1990-02-06 00:00:00-05:00,45.7167854309082,45.7167854309082,45.7167854309082,45.7167854309082,30,0.0,0.0
1990-02-07 00:00:00-05:00,49.526504516601555,49.526504516601555,49.526504516601555,49.52650451660156,60,0.0,0.0
1990-02-08 00:00:00-05:00,51.43138885498047,51.43138885498047,51.43138885498047,51.43138885498047,26,0.0,0.0
1990-02-09 00:00:00-05:00,51.43138885498047,51.43138885498047,51.43138885498047,51.43138885498047,0,0.0,0.0
1990-02-12 00:00:00-05:00,51.43138885498047,51.43138885498047,51.43138885498047,51.43138885498047,0,0.0,0.0
1990-02-13 00:00:00-05:00,53.33625411987305,53.33625411987305,53.33625411987305,53.33625411987305,150,0.0,0.0
1990-02-14 00:00:00-05:00,49.526504516601555,49.526504516601555,49.526504516601555,49.52650451660156,250,0.0,0.0
1990-02-15 00:00:00-05:00,49.526504516601555,49.526504516601555,49.526504516601555,49.52650451660156,0,0.0,0.0
1990-02-16 00:00:00-05:00,49.526504516601555,49.526504516601555,49.526504516601555,49.52650451660156,0,0.0,0.0
1990-02-20 00:00:00-05:00,49.526504516601555,49.526504516601555,49.526504516601555,49.52650451660156,0,0.0,0.0
1990-02-21 00:00:00-05:00,53.33625411987305,53.33625411987305,53.33625411987305,53.33625411987305,200,0.0,0.0
1990-02-22 00:00:00-05:00,53.33625411987305,53.33625411987305,53.33625411987305,53.33625411987305,558,0.0,0.0
1990-02-23 00:00:00-05:00,53.33625411987305,53.33625411987305,53.33625411987305,53.33625411987305,48,0.0,0.0
1990-02-26 00:00:00-05:00,53.33625411987305,53.33625411987305,53.33625411987305,53.33625411987305,2,0.0,0.0
1990-02-27 00:00:00-05:00,53.33625411987305,53.33625411987305,53.33625411987305,53.33625411987305,20,0.0,0.0
1990-02-28 00:00:00-05:00,53.33625411987305,53.33625411987305,53.33625411987305,53.33625411987305,0,0.0,0.0
1990-03-01 00:00:00-05:00,49.526504516601555,49.526504516601555,49.526504516601555,49.52650451660156,100,0.0,0.0
1990-03-02 00:00:00-05:00,49.526504516601555,49.526504516601555,49.526504516601555,49.52650451660156,10,0.0,0.0
1990-03-05 00:00:00-05:00,45.7167854309082,45.7167854309082,45.7167854309082,45.7167854309082,100,0.0,0.0
1990-03-06 00:00:00-05:00,40.0021858215332,40.0021858215332,40.0021858215332,40.0021858215332,208,0.0,0.0
1990-03-07 00:00:00-05:00,40.0021858215332,40.0021858215332,40.0021858215332,40.0021858215332,20,0.0,0.0
1990-03-08 00:00:00-05:00,40.0021858215332,40.0021858215332,40.0021858215332,40.0021858215332,0,0.0,0.0
1990-03-09 00:00:00-05:00,40.0021858215332,40.0021858215332,40.0021858215332,40.0021858215332,12,0.0,0.0
1990-03-12 00:00:00-05:00,40.0021858215332,40.0021858215332,40.0021858215332,40.0021858215332,0,0.0,0.0
1990-03-13 00:00:00-05:00,40.0021858215332,40.0021858215332,40.0021858215332,40.0021858215332,0,0.0,0.0
1990-03-14 00:00:00-05:00,40.0021858215332,40.0021858215332,40.0021858215332,40.0021858215332,4,0.0,0.0
1990-03-15 00:00:00-05:00,40.0021858215332,40.0021858215332,40.0021858215332,40.0021858215332,24,0.0,0.0
1990-03-16 00:00:00-05:00,40.0021858215332,40.0021858215332,40.0021858215332,40.0021858215332,0,0.0,0.0
1990-03-19 00:00:00-05:00,40.0021858215332,40.0021858215332,40.0021858215332,40.0021858215332,4,0.0,0.0
1990-03-20 00:00:00-05:00,40.0021858215332,40.0021858215332,40.0021858215332,40.0021858215332,40,0.0,0.0
1990-03-21 00:00:00-05:00,40.0021858215332,40.0021858215332,40.0021858215332,40.0021858215332,0,0.0,0.0
1990-03-22 00:00:00-05:00,40.0021858215332,40.0021858215332,40.0021858215332,40.0021858215332,0,0.0,0.0
1990-03-23 00:00:00-05:00,40.0021858215332,40.0021858215332,40.0021858215332,40.0021858215332,0,0.0,0.0
1990-03-26 00:00:00-05:00,36.19247055053711,36.19247055053711,36.19247055053711,36.19247055053711,70,0.0,0.0
1990-03-27 00:00:00-05:00,36.19247055053711,36.19247055053711,36.19247055053711,36.19247055053711,0,0.0,0.0
1990-03-28 00:00:00-05:00,36.19247055053711,36.19247055053711,36.19247055053711,36.19247055053711,0,0.0,0.0
1990-03-29 00:00:00-05:00,36.19247055053711,36.19247055053711,36.19247055053711,36.19247055053711,32,0.0,0.0
1990-03-30 00:00:00-05:00,36.19247055053711,36.19247055053711,36.19247055053711,36.19247055053711,80,0.0,0.0
1990-04-02 00:00:00-04:00,36.19247055053711,36.19247055053711,36.19247055053711,36.19247055053711,0,0.0,0.0
1990-04-03 00:00:00-04:00,36.19247055053711,36.19247055053711,36.19247055053711,36.19247055053711,0,0.0,0.0
1990-04-04 00:00:00-04:00,38.097328186035156,38.097328186035156,38.097328186035156,38.097328186035156,2,0.0,0.0
1990-04-05 00:00:00-04:00,41.90705108642578,41.90705108642578,41.90705108642578,41.90705108642578,10,0.0,0.0
1990-04-06 00:00:00-04:00,41.90705108642578,41.90705108642578,41.90705108642578,41.90705108642578,0,0.0,0.0
1990-04-09 00:00:00-04:00,41.90705108642578,41.90705108642578,41.90705108642578,41.90705108642578,0,0.0,0.0
1990-04-10 00:00:00-04:00,38.097328186035156,38.097328186035156,38.097328186035156,38.097328186035156,96,0.0,0.0
1990-04-11 00:00:00-04:00,40.0021858215332,40.0021858215332,40.0021858215332,40.0021858215332,40,0.0,0.0
1990-04-12 00:00:00-04:00,40.0021858215332,40.0021858215332,40.0021858215332,40.0021858215332,0,0.0,0.0
1990-04-16 00:00:00-04:00,40.0021858215332,40.0021858215332,40.0021858215332,40.0021858215332,0,0.0,0.0
1990-04-17 00:00:00-04:00,40.0021858215332,40.0021858215332,40.0021858215332,40.0021858215332,6,0.0,0.0
1990-04-18 00:00:00-04:00,40.0021858215332,40.0021858215332,40.0021858215332,40.0021858215332,0,0.0,0.0
1990-04-19 00:00:00-04:00,40.0021858215332,40.0021858215332,40.0021858215332,40.0021858215332,0,0.0,0.0
1990-04-20 00:00:00-04:00,38.097328186035156,38.097328186035156,38.097328186035156,38.097328186035156,10,0.0,0.0
1990-04-23 00:00:00-04:00,38.097328186035156,38.097328186035156,38.097328186035156,38.097328186035156,8,0.0,0.0
1990-04-24 00:00:00-04:00,38.097328186035156,38.097328186035156,38.097328186035156,38.097328186035156,0,0.0,0.0
1990-04-25 00:00:00-04:00,34.287593841552734,34.287593841552734,34.287593841552734,34.287593841552734,18,0.0,0.0
1990-04-26 00:00:00-04:00,34.287593841552734,34.287593841552734,34.287593841552734,34.287593841552734,0,0.0,0.0
1990-04-27 00:00:00-04:00,34.287593841552734,34.287593841552734,34.287593841552734,34.287593841552734,2,0.0,0.0
1990-04-30 00:00:00-04:00,34.287593841552734,34.287593841552734,34.287593841552734,34.287593841552734,0,0.0,0.0
1990-05-01 00:00:00-04:00,34.287593841552734,34.287593841552734,34.287593841552734,34.287593841552734,0,0.0,0.0
1990-05-02 00:00:00-04:00,34.287593841552734,34.287593841552734,34.287593841552734,34.287593841552734,0,0.0,0.0
1990-05-03 00:00:00-04:00,34.287593841552734,34.287593841552734,34.287593841552734,34.287593841552734,0,0.0,0.0
1990-05-04 00:00:00-04:00,34.287593841552734,34.287593841552734,34.287593841552734,34.287593841552734,4,0.0,0.0
1990-05-07 00:00:00-04:00,34.287593841552734,34.287593841552734,34.287593841552734,34.287593841552734,0,0.0,0.0
1990-05-08 00:00:00-04:00,34.287593841552734,34.287593841552734,34.287593841552734,34.287593841552734,0,0.0,0.0
1990-05-09 00:00:00-04:00,36.19247055053711,36.19247055053711,36.19247055053711,36.19247055053711,20,0.0,0.0
1990-05-10 00:00:00-04:00,36.19247055053711,36.19247055053711,36.19247055053711,36.19247055053711,0,0.0,0.0
1990-05-11 00:00:00-04:00,36.19247055053711,36.19247055053711,36.19247055053711,36.19247055053711,4,0.0,0.0
1990-05-14 00:00:00-04:00,36.19247055053711,36.19247055053711,36.19247055053711,36.19247055053711,0,0.0,0.0
1990-05-15 00:00:00-04:00,36.19247055053711,36.19247055053711,36.19247055053711,36.19247055053711,0,0.0,0.0
1990-05-16 00:00:00-04:00,36.19247055053711,36.19247055053711,36.19247055053711,36.19247055053711,0,0.0,0.0
1990-05-17 00:00:00-04:00,36.19247055053711,36.19247055053711,36.19247055053711,36.19247055053711,0,0.0,0.0
1990-05-18 00:00:00-04:00,36.19247055053711,36.19247055053711,36.19247055053711,36.19247055053711,0,0.0,0.0
1990-05-21 00:00:00-04:00,36.19247055053711,36.19247055053711,36.19247055053711,36.19247055053711,0,0.0,0.0
1990-05-22 00:00:00-04:00,36.19247055053711,36.19247055053711,36.19247055053711,36.19247055053711,0,0.0,0.0
1990-05-23 00:00:00-04:00,34.287593841552734,34.287593841552734,34.287593841552734,34.287593841552734,66,0.0,0.0
1990-05-24 00:00:00-04:00,34.287593841552734,34.287593841552734,34.287593841552734,34.287593841552734,120,0.0,0.0
1990-05-25 00:00:00-04:00,34.287593841552734,34.287593841552734,34.287593841552734,34.287593841552734,120,0.0,0.0
1990-05-29 00:00:00-04:00,34.287593841552734,34.287593841552734,34.287593841552734,34.287593841552734,0,0.0,0.0
1990-05-30 00:00:00-04:00,26.668127059936523,26.668127059936523,26.668127059936523,26.668127059936523,90,0.0,0.0
1990-05-31 00:00:00-04:00,26.668127059936523,26.668127059936523,26.668127059936523,26.668127059936523,106,0.0,0.0
1990-06-01 00:00:00-04:00,26.668127059936523,26.668127059936523,26.668127059936523,26.668127059936523,0,0.0,0.0
1990-06-04 00:00:00-04:00,26.668127059936523,26.668127059936523,26.668127059936523,26.668127059936523,0,0.0,0.0
1990-06-05 00:00:00-04:00,26.668127059936523,26.668127059936523,26.668127059936523,26.668127059936523,106,0.0,0.0
1990-06-06 00:00:00-04:00,26.668127059936523,26.668127059936523,26.668127059936523,26.668127059936523,2,0.0,0.0
1990-06-07 00:00:00-04:00,26.668127059936523,26.668127059936523,26.668127059936523,26.668127059936523,10,0.0,0.0
1990-06-08 00:00:00-04:00,26.668127059936523,26.668127059936523,26.668127059936523,26.668127059936523,0,0.0,0.0
1990-06-11 00:00:00-04:00,26.668127059936523,26.668127059936523,26.668127059936523,26.668127059936523,0,0.0,0.0
1990-06-12 00:00:00-04:00,26.668127059936523,26.668127059936523,26.668127059936523,26.668127059936523,0,0.0,0.0
1990-06-13 00:00:00-04:00,26.668127059936523,26.668127059936523,26.668127059936523,26.668127059936523,4,0.0,0.0
1990-06-14 00:00:00-04:00,26.668127059936523,26.668127059936523,26.668127059936523,26.668127059936523,0,0.0,0.0
1990-06-15 00:00:00-04:00,26.668127059936523,26.668127059936523,26.668127059936523,26.668127059936523,0,0.0,0.0
1990-06-18 00:00:00-04:00,26.668127059936523,26.668127059936523,26.668127059936523,26.668127059936523,0,0.0,0.0
1990-06-19 00:00:00-04:00,20.95352554321289,20.95352554321289,20.95352554321289,20.95352554321289,360,0.0,0.0
1990-06-20 00:00:00-04:00,20.95352554321289,20.95352554321289,20.95352554321289,20.95352554321289,22,0.0,0.0
1990-06-21 00:00:00-04:00,20.95352554321289,20.95352554321289,20.95352554321289,20.95352554321289,0,0.0,0.0
1990-06-22 00:00:00-04:00,20.95352554321289,20.95352554321289,20.95352554321289,20.95352554321289,0,0.0,0.0
1990-06-25 00:00:00-04:00,20.95352554321289,20.95352554321289,20.95352554321289,20.95352554321289,0,0.0,0.0
1990-06-26 00:00:00-04:00,20.95352554321289,20.95352554321289,20.95352554321289,20.95352554321289,0,0.0,0.0
1990-06-27 00:00:00-04:00,20.95352554321289,20.95352554321289,20.95352554321289,20.95352554321289,26,0.0,0.0
1990-06-28 00:00:00-04:00,20.95352554321289,20.95352554321289,20.95352554321289,20.95352554321289,0,0.0,0.0
1990-06-29 00:00:00-04:00,20.95352554321289,20.95352554321289,20.95352554321289,20.95352554321289,0,0.0,0.0
1990-07-02 00:00:00-04:00,20.95352554321289,20.95352554321289,20.95352554321289,20.95352554321289,0,0.0,0.0
1990-07-03 00:00:00-04:00,20.95352554321289,20.95352554321289,20.95352554321289,20.95352554321289,2,0.0,0.0
1990-07-05 00:00:00-04:00,20.95352554321289,20.95352554321289,20.95352554321289,20.95352554321289,0,0.0,0.0
1990-07-06 00:00:00-04:00,20.95352554321289,20.95352554321289,20.95352554321289,20.95352554321289,6,0.0,0.0
1990-07-09 00:00:00-04:00,20.95352554321289,20.95352554321289,20.95352554321289,20.95352554321289,0,0.0,0.0
1990-07-10 00:00:00-04:00,20.95352554321289,20.95352554321289,20.95352554321289,20.95352554321289,60,0.0,0.0
1990-07-11 00:00:00-04:00,20.95352554321289,20.95352554321289,20.95352554321289,20.95352554321289,6,0.0,0.0
1990-07-12 00:00:00-04:00,20.95352554321289,20.95352554321289,20.95352554321289,20.95352554321289,0,0.0,0.0
1990-07-13 00:00:00-04:00,20.95352554321289,20.95352554321289,20.95352554321289,20.95352554321289,0,0.0,0.0
1990-07-16 00:00:00-04:00,20.95352554321289,20.95352554321289,20.95352554321289,20.95352554321289,0,0.0,0.0
1990-07-17 00:00:00-04:00,20.95352554321289,20.95352554321289,20.95352554321289,20.95352554321289,24,0.0,0.0
1990-07-18 00:00:00-04:00,20.95352554321289,20.95352554321289,20.95352554321289,20.95352554321289,40,0.0,0.0
1990-07-19 00:00:00-04:00,20.95352554321289,20.95352554321289,20.95352554321289,20.95352554321289,0,0.0,0.0
1990-07-20 00:00:00-04:00,20.95352554321289,20.95352554321289,20.95352554321289,20.95352554321289,8,0.0,0.0
1990-07-23 00:00:00-04:00,20.95352554321289,20.95352554321289,20.95352554321289,20.95352554321289,0,0.0,0.0
1990-07-24 00:00:00-04:00,20.95352554321289,20.95352554321289,20.95352554321289,20.95352554321289,0,0.0,0.0
1990-07-25 00:00:00-04:00,20.95352554321289,20.95352554321289,20.95352554321289,20.95352554321289,0,0.0,0.0
1990-07-26 00:00:00-04:00,20.95352554321289,20.95352554321289,20.95352554321289,20.95352554321289,0,0.0,0.0
1990-07-27 00:00:00-04:00,20.95352554321289,20.95352554321289,20.95352554321289,20.95352554321289,0,0.0,0.0
1990-07-30 00:00:00-04:00,20.95352554321289,20.95352554321289,20.95352554321289,20.95352554321289,20,0.0,0.0
1990-07-31 00:00:00-04:00,20.95352554321289,20.95352554321289,20.95352554321289,20.95352554321289,0,0.0,0.0
1990-08-01 00:00:00-04:00,20.95352554321289,20.95352554321289,20.95352554321289,20.95352554321289,36,0.0,0.0
1990-08-02 00:00:00-04:00,20.95352554321289,20.95352554321289,20.95352554321289,20.95352554321289,20,0.0,0.0
1990-08-03 00:00:00-04:00,20.95352554321289,20.95352554321289,20.95352554321289,20.95352554321289,0,0.0,0.0
1990-08-06 00:00:00-04:00,20.95352554321289,20.95352554321289,20.95352554321289,20.95352554321289,0,0.0,0.0
1990-08-07 00:00:00-04:00,20.95352554321289,20.95352554321289,20.95352554321289,20.95352554321289,0,0.0,0.0
1990-08-08 00:00:00-04:00,19.048664093017578,19.048664093017578,19.048664093017578,19.048664093017578,240,0.0,0.0
1990-08-09 00:00:00-04:00,15.238926887512209,15.238926887512209,15.238926887512209,15.238926887512207,46,0.0,0.0
1990-08-10 00:00:00-04:00,15.238926887512209,15.238926887512209,15.238926887512209,15.238926887512207,0,0.0,0.0
1990-08-13 00:00:00-04:00,15.238926887512209,15.238926887512209,15.238926887512209,15.238926887512207,0,0.0,0.0
1990-08-14 00:00:00-04:00,17.143796920776367,17.143796920776367,17.143796920776367,17.143796920776367,10,0.0,0.0
1990-08-15 00:00:00-04:00,17.143796920776367,17.143796920776367,17.143796920776367,17.143796920776367,0,0.0,0.0
1990-08-16 00:00:00-04:00,17.143796920776367,17.143796920776367,17.143796920776367,17.143796920776367,0,0.0,0.0
1990-08-17 00:00:00-04:00,17.143796920776367,17.143796920776367,17.143796920776367,17.143796920776367,0,0.0,0.0
1990-08-20 00:00:00-04:00,17.143796920776367,17.143796920776367,17.143796920776367,17.143796920776367,0,0.0,0.0
1990-08-21 00:00:00-04:00,17.143796920776367,17.143796920776367,17.143796920776367,17.143796920776367,0,0.0,0.0
1990-08-22 00:00:00-04:00,17.143796920776367,17.143796920776367,17.143796920776367,17.143796920776367,0,0.0,0.0
1990-08-23 00:00:00-04:00,17.143796920776367,17.143796920776367,17.143796920776367,17.143796920776367,0,0.0,0.0
1990-08-24 00:00:00-04:00,17.143796920776367,17.143796920776367,17.143796920776367,17.143796920776367,0,0.0,0.0
1990-08-27 00:00:00-04:00,13.334063529968262,13.334063529968262,13.334063529968262,13.334063529968262,10,0.0,0.0
1990-08-28 00:00:00-04:00,13.334063529968262,13.334063529968262,13.334063529968262,13.334063529968262,0,0.0,0.0
1990-08-29 00:00:00-04:00,15.238926887512209,15.238926887512209,15.238926887512209,15.238926887512207,160,0.0,0.0
1990-08-30 00:00:00-04:00,15.238926887512209,15.238926887512209,15.238926887512209,15.238926887512207,0,0.0,0.0
1990-08-31 00:00:00-04:00,15.238926887512209,15.238926887512209,15.238926887512209,15.238926887512207,20,0.0,0.0
1990-09-04 00:00:00-04:00,15.238926887512209,15.238926887512209,15.238926887512209,15.238926887512207,0,0.0,0.0
1990-09-05 00:00:00-04:00,15.238926887512209,15.238926887512209,15.238926887512209,15.238926887512207,60,0.0,0.0
1990-09-06 00:00:00-04:00,15.238926887512209,15.238926887512209,15.238926887512209,15.238926887512207,0,0.0,0.0
1990-09-07 00:00:00-04:00,15.238926887512209,15.238926887512209,15.238926887512209,15.238926887512207,0,0.0,0.0
1990-09-10 00:00:00-04:00,15.238926887512209,15.238926887512209,15.238926887512209,15.238926887512207,20,0.0,0.0
1990-09-11 00:00:00-04:00,15.238926887512209,15.238926887512209,15.238926887512209,15.238926887512207,40,0.0,0.0
1990-09-12 00:00:00-04:00,15.238926887512209,15.238926887512209,15.238926887512209,15.238926887512207,34,0.0,0.0
1990-09-13 00:00:00-04:00,15.238926887512209,15.238926887512209,15.238926887512209,15.238926887512207,0,0.0,0.0
1990-09-14 00:00:00-04:00,15.238926887512209,15.238926887512209,15.238926887512209,15.238926887512207,0,0.0,0.0
1990-09-17 00:00:00-04:00,15.238926887512209,15.238926887512209,15.238926887512209,15.238926887512207,0,0.0,0.0
1990-09-18 00:00:00-04:00,15.238926887512209,15.238926887512209,15.238926887512209,15.238926887512207,0,0.0,0.0
1990-09-19 00:00:00-04:00,15.238926887512209,15.238926887512209,15.238926887512209,15.238926887512207,0,0.0,0.0
1990-09-20 00:00:00-04:00,15.238926887512209,15.238926887512209,15.238926887512209,15.238926887512207,0,0.0,0.0
1990-09-21 00:00:00-04:00,15.238926887512209,15.238926887512209,15.238926887512209,15.238926887512207,0,0.0,0.0
1990-09-24 00:00:00-04:00,15.238926887512209,15.238926887512209,15.238926887512209,15.238926887512207,0,0.0,0.0
1990-09-25 00:00:00-04:00,15.238926887512209,15.238926887512209,15.238926887512209,15.238926887512207,40,0.0,0.0
1990-09-26 00:00:00-04:00,15.238926887512209,15.238926887512209,15.238926887512209,15.238926887512207,0,0.0,0.0
1990-09-27 00:00:00-04:00,15.238926887512209,15.238926887512209,15.238926887512209,15.238926887512207,74,0.0,0.0
1990-09-28 00:00:00-04:00,15.238926887512209,15.238926887512209,15.238926887512209,15.238926887512207,0,0.0,0.0
1990-10-01 00:00:00-04:00,15.238926887512209,15.238926887512209,15.238926887512209,15.238926887512207,0,0.0,0.0
1990-10-02 00:00:00-04:00,15.238926887512209,15.238926887512209,15.238926887512209,15.238926887512207,0,0.0,0.0
1990-10-03 00:00:00-04:00,15.238926887512209,15.238926887512209,15.238926887512209,15.238926887512207,0,0.0,0.0
1990-10-04 00:00:00-04:00,15.238926887512209,15.238926887512209,15.238926887512209,15.238926887512207,12,0.0,0.0
1990-10-05 00:00:00-04:00,15.238926887512209,15.238926887512209,15.238926887512209,15.238926887512207,80,0.0,0.0
1990-10-08 00:00:00-04:00,15.238926887512209,15.238926887512209,15.238926887512209,15.238926887512207,0,0.0,0.0
1990-10-09 00:00:00-04:00,15.238926887512209,15.238926887512209,15.238926887512209,15.238926887512207,98,0.0,0.0
1990-10-10 00:00:00-04:00,15.238926887512209,15.238926887512209,15.238926887512209,15.238926887512207,106,0.0,0.0
1990-10-11 00:00:00-04:00,13.334063529968262,13.334063529968262,13.334063529968262,13.334063529968262,10,0.0,0.0
1990-10-12 00:00:00-04:00,13.334063529968262,13.334063529968262,13.334063529968262,13.334063529968262,60,0.0,0.0
1990-10-15 00:00:00-04:00,13.334063529968262,13.334063529968262,13.334063529968262,13.334063529968262,126,0.0,0.0
1990-10-16 00:00:00-04:00,13.334063529968262,13.334063529968262,13.334063529968262,13.334063529968262,20,0.0,0.0
1990-10-17 00:00:00-04:00,13.334063529968262,13.334063529968262,13.334063529968262,13.334063529968262,0,0.0,0.0
1990-10-18 00:00:00-04:00,13.334063529968262,13.334063529968262,13.334063529968262,13.334063529968262,0,0.0,0.0
1990-10-19 00:00:00-04:00,13.334063529968262,13.334063529968262,13.334063529968262,13.334063529968262,40,0.0,0.0
1990-10-22 00:00:00-04:00,13.334063529968262,13.334063529968262,13.334063529968262,13.334063529968262,0,0.0,0.0
1990-10-23 00:00:00-04:00,13.334063529968262,13.334063529968262,13.334063529968262,13.334063529968262,0,0.0,0.0
1990-10-24 00:00:00-04:00,15.238926887512209,15.238926887512209,15.238926887512209,15.238926887512207,120,0.0,0.0
1990-10-25 00:00:00-04:00,13.334063529968262,13.334063529968262,13.334063529968262,13.334063529968262,50,0.0,0.0
1990-10-26 00:00:00-04:00,13.334063529968262,13.334063529968262,13.334063529968262,13.334063529968262,0,0.0,0.0
1990-10-29 00:00:00-05:00,13.334063529968262,13.334063529968262,13.334063529968262,13.334063529968262,0,0.0,0.0
1990-10-30 00:00:00-05:00,13.334063529968262,13.334063529968262,13.334063529968262,13.334063529968262,0,0.0,0.0
1990-10-31 00:00:00-05:00,13.334063529968262,13.334063529968262,13.334063529968262,13.334063529968262,0,0.0,0.0
1990-11-01 00:00:00-05:00,13.334063529968262,13.334063529968262,13.334063529968262,13.334063529968262,2,0.0,0.0
1990-11-02 00:00:00-05:00,13.334063529968262,13.334063529968262,13.334063529968262,13.334063529968262,0,0.0,0.0
1990-11-05 00:00:00-05:00,13.334063529968262,13.334063529968262,13.334063529968262,13.334063529968262,0,0.0,0.0
1990-11-06 00:00:00-05:00,13.334063529968262,13.334063529968262,13.334063529968262,13.334063529968262,0,0.0,0.0
1990-11-07 00:00:00-05:00,13.334063529968262,13.334063529968262,13.334063529968262,13.334063529968262,0,0.0,0.0
1990-11-08 00:00:00-05:00,13.334063529968262,13.334063529968262,13.334063529968262,13.334063529968262,2,0.0,0.0
1990-11-09 00:00:00-05:00,13.334063529968262,13.334063529968262,13.334063529968262,13.334063529968262,40,0.0,0.0
1990-11-12 00:00:00-05:00,13.334063529968262,13.334063529968262,13.334063529968262,13.334063529968262,2,0.0,0.0
1990-11-13 00:00:00-05:00,13.334063529968262,13.334063529968262,13.334063529968262,13.334063529968262,0,0.0,0.0
1990-11-14 00:00:00-05:00,13.334063529968262,13.334063529968262,13.334063529968262,13.334063529968262,0,0.0,0.0
1990-11-15 00:00:00-05:00,13.334063529968262,13.334063529968262,13.334063529968262,13.334063529968262,40,0.0,0.0
1990-11-16 00:00:00-05:00,13.334063529968262,13.334063529968262,13.334063529968262,13.334063529968262,0,0.0,0.0
1990-11-19 00:00:00-05:00,13.334063529968262,13.334063529968262,13.334063529968262,13.334063529968262,0,0.0,0.0
1990-11-20 00:00:00-05:00,13.334063529968262,13.334063529968262,13.334063529968262,13.334063529968262,2,0.0,0.0
1990-11-21 00:00:00-05:00,13.334063529968262,13.334063529968262,13.334063529968262,13.334063529968262,2,0.0,0.0
1990-11-23 00:00:00-05:00,13.334063529968262,13.334063529968262,13.334063529968262,13.334063529968262,2,0.0,0.0
1990-11-26 00:00:00-05:00,13.334063529968262,13.334063529968262,13.334063529968262,13.334063529968262,10,0.0,0.0
1990-11-27 00:00:00-05:00,13.334063529968262,13.334063529968262,13.334063529968262,13.334063529968262,6,0.0,0.0
1990-11-28 00:00:00-05:00,13.334063529968262,13.334063529968262,13.334063529968262,13.334063529968262,100,0.0,0.0
1990-11-29 00:00:00-05:00,13.334063529968262,13.334063529968262,13.334063529968262,13.334063529968262,536,0.0,0.0
1990-11-30 00:00:00-05:00,13.334063529968262,13.334063529968262,13.334063529968262,13.334063529968262,80,0.0,0.0
1990-12-03 00:00:00-05:00,13.334063529968262,13.334063529968262,13.334063529968262,13.334063529968262,0,0.0,0.0
1990-12-04 00:00:00-05:00,13.334063529968262,13.334063529968262,13.334063529968262,13.334063529968262,6,0.0,0.0
1990-12-05 00:00:00-05:00,13.334063529968262,13.334063529968262,13.334063529968262,13.334063529968262,220,0.0,0.0
1990-12-06 00:00:00-05:00,13.334063529968262,13.334063529968262,13.334063529968262,13.334063529968262,2,0.0,0.0
1990-12-07 00:00:00-05:00,13.334063529968262,13.334063529968262,13.334063529968262,13.334063529968262,166,0.0,0.0
1990-12-10 00:00:00-05:00,13.334063529968262,13.334063529968262,13.334063529968262,13.334063529968262,70,0.0,0.0
1990-12-11 00:00:00-05:00,13.334063529968262,13.334063529968262,13.334063529968262,13.334063529968262,0,0.0,0.0
1990-12-12 00:00:00-05:00,13.334063529968262,13.334063529968262,13.334063529968262,13.334063529968262,0,0.0,0.0
1990-12-13 00:00:00-05:00,13.334063529968262,13.334063529968262,13.334063529968262,13.334063529968262,0,0.0,0.0
1990-12-14 00:00:00-05:00,13.334063529968262,13.334063529968262,13.334063529968262,13.334063529968262,2,0.0,0.0
1990-12-17 00:00:00-05:00,13.334063529968262,13.334063529968262,13.334063529968262,13.334063529968262,34,0.0,0.0
1990-12-18 00:00:00-05:00,13.334063529968262,13.334063529968262,13.334063529968262,13.334063529968262,224,0.0,0.0
1990-12-19 00:00:00-05:00,13.334063529968262,13.334063529968262,13.334063529968262,13.334063529968262,280,0.0,0.0
1990-12-20 00:00:00-05:00,13.334063529968262,13.334063529968262,13.334063529968262,13.334063529968262,60,0.0,0.0
1990-12-21 00:00:00-05:00,13.334063529968262,13.334063529968262,13.334063529968262,13.334063529968262,2,0.0,0.0
1990-12-24 00:00:00-05:00,13.334063529968262,13.334063529968262,13.334063529968262,13.334063529968262,0,0.0,0.0
1990-12-26 00:00:00-05:00,13.334063529968262,13.334063529968262,13.334063529968262,13.334063529968262,42,0.0,0.0
1990-12-27 00:00:00-05:00,13.334063529968262,13.334063529968262,13.334063529968262,13.334063529968262,336,0.0,0.0
1990-12-28 00:00:00-05:00,11.42919635772705,11.42919635772705,11.42919635772705,11.42919635772705,1160,0.0,0.0
1990-12-31 00:00:00-05:00,11.42919635772705,11.42919635772705,11.42919635772705,11.42919635772705,204,0.0,0.0
1991-01-02 00:00:00-05:00,11.42919635772705,11.42919635772705,11.42919635772705,11.42919635772705,0,0.0,0.0
1991-01-03 00:00:00-05:00,11.42919635772705,11.42919635772705,11.42919635772705,11.42919635772705,100,0.0,0.0
1991-01-04 00:00:00-05:00,11.42919635772705,11.42919635772705,11.42919635772705,11.42919635772705,0,0.0,0.0
1991-01-07 00:00:00-05:00,11.42919635772705,11.42919635772705,11.42919635772705,11.42919635772705,0,0.0,0.0
1991-01-08 00:00:00-05:00,11.42919635772705,11.42919635772705,11.42919635772705,11.42919635772705,60,0.0,0.0
1991-01-09 00:00:00-05:00,11.42919635772705,11.42919635772705,11.42919635772705,11.42919635772705,20,0.0,0.0
1991-01-10 00:00:00-05:00,11.42919635772705,11.42919635772705,11.42919635772705,11.42919635772705,100,0.0,0.0
1991-01-11 00:00:00-05:00,11.42919635772705,11.42919635772705,11.42919635772705,11.42919635772705,2,0.0,0.0
1991-01-14 00:00:00-05:00,11.42919635772705,11.42919635772705,11.42919635772705,11.42919635772705,100,0.0,0.0
1991-01-15 00:00:00-05:00,11.42919635772705,11.42919635772705,11.42919635772705,11.42919635772705,20,0.0,0.0
1991-01-16 00:00:00-05:00,11.42919635772705,11.42919635772705,11.42919635772705,11.42919635772705,0,0.0,0.0
1991-01-17 00:00:00-05:00,11.42919635772705,11.42919635772705,11.42919635772705,11.42919635772705,70,0.0,0.0
1991-01-18 00:00:00-05:00,11.42919635772705,11.42919635772705,11.42919635772705,11.42919635772705,0,0.0,0.0
1991-01-21 00:00:00-05:00,11.42919635772705,11.42919635772705,11.42919635772705,11.42919635772705,0,0.0,0.0
1991-01-22 00:00:00-05:00,11.42919635772705,11.42919635772705,11.42919635772705,11.42919635772705,0,0.0,0.0
1991-01-23 00:00:00-05:00,11.42919635772705,11.42919635772705,11.42919635772705,11.42919635772705,0,0.0,0.0
1991-01-24 00:00:00-05:00,11.42919635772705,11.42919635772705,11.42919635772705,11.42919635772705,0,0.0,0.0
1991-01-25 00:00:00-05:00,11.42919635772705,11.42919635772705,11.42919635772705,11.42919635772705,14,0.0,0.0
1991-01-28 00:00:00-05:00,11.42919635772705,11.42919635772705,11.42919635772705,11.42919635772705,0,0.0,0.0
1991-01-29 00:00:00-05:00,11.42919635772705,11.42919635772705,11.42919635772705,11.42919635772705,2,0.0,0.0
1991-01-30 00:00:00-05:00,11.42919635772705,11.42919635772705,11.42919635772705,11.42919635772705,0,0.0,0.0
1991-01-31 00:00:00-05:00,9.524332046508789,9.524332046508789,9.524332046508789,9.524332046508789,40,0.0,0.0
1991-02-01 00:00:00-05:00,9.524332046508789,9.524332046508789,9.524332046508789,9.524332046508789,0,0.0,0.0
1991-02-04 00:00:00-05:00,9.524332046508789,9.524332046508789,9.524332046508789,9.524332046508789,0,0.0,0.0
1991-02-05 00:00:00-05:00,11.42919635772705,11.42919635772705,11.42919635772705,11.42919635772705,2,0.0,0.0
1991-02-06 00:00:00-05:00,11.42919635772705,11.42919635772705,11.42919635772705,11.42919635772705,2,0.0,0.0
1991-02-07 00:00:00-05:00,11.42919635772705,11.42919635772705,11.42919635772705,11.42919635772705,0,0.0,0.0
1991-02-08 00:00:00-05:00,11.42919635772705,11.42919635772705,11.42919635772705,11.42919635772705,160,0.0,0.0
1991-02-11 00:00:00-05:00,11.42919635772705,11.42919635772705,11.42919635772705,11.42919635772705,40,0.0,0.0
1991-02-12 00:00:00-05:00,11.42919635772705,11.42919635772705,11.42919635772705,11.42919635772705,0,0.0,0.0
1991-02-13 00:00:00-05:00,11.42919635772705,11.42919635772705,11.42919635772705,11.42919635772705,0,0.0,0.0
1991-02-14 00:00:00-05:00,11.42919635772705,11.42919635772705,11.42919635772705,11.42919635772705,0,0.0,0.0
1991-02-15 00:00:00-05:00,11.42919635772705,11.42919635772705,11.42919635772705,11.42919635772705,0,0.0,0.0
1991-02-19 00:00:00-05:00,11.42919635772705,11.42919635772705,11.42919635772705,11.42919635772705,10,0.0,0.0
1991-02-20 00:00:00-05:00,11.42919635772705,11.42919635772705,11.42919635772705,11.42919635772705,0,0.0,0.0
1991-02-21 00:00:00-05:00,11.42919635772705,11.42919635772705,11.42919635772705,11.42919635772705,170,0.0,0.0
1991-02-22 00:00:00-05:00,13.334063529968262,13.334063529968262,13.334063529968262,13.334063529968262,326,0.0,0.0
1991-02-25 00:00:00-05:00,13.334063529968262,13.334063529968262,13.334063529968262,13.334063529968262,0,0.0,0.0
1991-02-26 00:00:00-05:00,13.334063529968262,13.334063529968262,13.334063529968262,13.334063529968262,0,0.0,0.0
1991-02-27 00:00:00-05:00,13.334063529968262,13.334063529968262,13.334063529968262,13.334063529968262,0,0.0,0.0
1991-02-28 00:00:00-05:00,13.334063529968262,13.334063529968262,13.334063529968262,13.334063529968262,0,0.0,0.0
1991-03-01 00:00:00-05:00,13.334063529968262,13.334063529968262,13.334063529968262,13.334063529968262,0,0.0,0.0
1991-03-04 00:00:00-05:00,13.334063529968262,13.334063529968262,13.334063529968262,13.334063529968262,0,0.0,0.0
1991-03-05 00:00:00-05:00,13.334063529968262,13.334063529968262,13.334063529968262,13.334063529968262,0,0.0,0.0
1991-03-06 00:00:00-05:00,19.048664093017578,19.048664093017578,19.048664093017578,19.048664093017578,6,0.0,0.0
1991-03-07 00:00:00-05:00,19.048664093017578,19.048664093017578,19.048664093017578,19.048664093017578,64,0.0,0.0
1991-03-08 00:00:00-05:00,19.048664093017578,19.048664093017578,19.048664093017578,19.048664093017578,0,0.0,0.0
1991-03-11 00:00:00-05:00,19.048664093017578,19.048664093017578,19.048664093017578,19.048664093017578,40,0.0,0.0
1991-03-12 00:00:00-05:00,19.048664093017578,19.048664093017578,19.048664093017578,19.048664093017578,46,0.0,0.0
1991-03-13 00:00:00-05:00,20.95352554321289,20.95352554321289,20.95352554321289,20.95352554321289,16,0.0,0.0
1991-03-14 00:00:00-05:00,20.95352554321289,20.95352554321289,20.95352554321289,20.95352554321289,0,0.0,0.0
1991-03-15 00:00:00-05:00,20.95352554321289,20.95352554321289,20.95352554321289,20.95352554321289,0,0.0,0.0
1991-03-18 00:00:00-05:00,20.95352554321289,20.95352554321289,20.95352554321289,20.95352554321289,0,0.0,0.0
1991-03-19 00:00:00-05:00,20.95352554321289,20.95352554321289,20.95352554321289,20.95352554321289,0,0.0,0.0
1991-03-20 00:00:00-05:00,20.95352554321289,20.95352554321289,20.95352554321289,20.95352554321289,0,0.0,0.0
1991-03-21 00:00:00-05:00,20.95352554321289,20.95352554321289,20.95352554321289,20.95352554321289,0,0.0,0.0
1991-03-22 00:00:00-05:00,20.95352554321289,20.95352554321289,20.95352554321289,20.95352554321289,0,0.0,0.0
1991-03-25 00:00:00-05:00,20.95352554321289,20.95352554321289,20.95352554321289,20.95352554321289,4,0.0,0.0
1991-03-26 00:00:00-05:00,20.95352554321289,20.95352554321289,20.95352554321289,20.95352554321289,0,0.0,0.0
1991-03-27 00:00:00-05:00,20.95352554321289,20.95352554321289,20.95352554321289,20.95352554321289,2,0.0,0.0
1991-03-28 00:00:00-05:00,20.95352554321289,20.95352554321289,20.95352554321289,20.95352554321289,0,0.0,0.0
1991-04-01 00:00:00-05:00,20.95352554321289,20.95352554321289,20.95352554321289,20.95352554321289,0,0.0,0.0
1991-04-02 00:00:00-05:00,20.95352554321289,20.95352554321289,20.95352554321289,20.95352554321289,0,0.0,0.0
1991-04-03 00:00:00-05:00,20.95352554321289,20.95352554321289,20.95352554321289,20.95352554321289,0,0.0,0.0
1991-04-04 00:00:00-05:00,20.95352554321289,20.95352554321289,20.95352554321289,20.95352554321289,0,0.0,0.0
1991-04-05 00:00:00-05:00,20.95352554321289,20.95352554321289,20.95352554321289,20.95352554321289,50,0.0,0.0
1991-04-08 00:00:00-04:00,20.95352554321289,20.95352554321289,20.95352554321289,20.95352554321289,0,0.0,0.0
1991-04-09 00:00:00-04:00,20.95352554321289,20.95352554321289,20.95352554321289,20.95352554321289,0,0.0,0.0
1991-04-10 00:00:00-04:00,19.048664093017578,19.048664093017578,19.048664093017578,19.048664093017578,80,0.0,0.0
1991-04-11 00:00:00-04:00,19.048664093017578,19.048664093017578,19.048664093017578,19.048664093017578,0,0.0,0.0
1991-04-12 00:00:00-04:00,19.048664093017578,19.048664093017578,19.048664093017578,19.048664093017578,2,0.0,0.0
1991-04-15 00:00:00-04:00,19.048664093017578,19.048664093017578,19.048664093017578,19.048664093017578,2,0.0,0.0
1991-04-16 00:00:00-04:00,19.048664093017578,19.048664093017578,19.048664093017578,19.048664093017578,46,0.0,0.0
1991-04-17 00:00:00-04:00,19.048664093017578,19.048664093017578,19.048664093017578,19.048664093017578,0,0.0,0.0
1991-04-18 00:00:00-04:00,24.763252258300778,24.763252258300778,24.763252258300778,24.76325225830078,50,0.0,0.0
1991-04-19 00:00:00-04:00,26.668127059936523,26.668127059936523,26.668127059936523,26.668127059936523,74,0.0,0.0
1991-04-22 00:00:00-04:00,26.668127059936523,26.668127059936523,26.668127059936523,26.668127059936523,0,0.0,0.0
1991-04-23 00:00:00-04:00,24.763252258300778,24.763252258300778,24.763252258300778,24.76325225830078,2,0.0,0.0
1991-04-24 00:00:00-04:00,24.763252258300778,24.763252258300778,24.763252258300778,24.76325225830078,24,0.0,0.0
1991-04-25 00:00:00-04:00,24.763252258300778,24.763252258300778,24.763252258300778,24.76325225830078,50,0.0,0.0
1991-04-26 00:00:00-04:00,24.763252258300778,24.763252258300778,24.763252258300778,24.76325225830078,0,0.0,0.0
1991-04-29 00:00:00-04:00,24.763252258300778,24.763252258300778,24.763252258300778,24.76325225830078,0,0.0,0.0
1991-04-30 00:00:00-04:00,24.763252258300778,24.763252258300778,24.763252258300778,24.76325225830078,0,0.0,0.0
1991-05-01 00:00:00-04:00,24.763252258300778,24.763252258300778,24.763252258300778,24.76325225830078,0,0.0,0.0
1991-05-02 00:00:00-04:00,24.763252258300778,24.763252258300778,24.763252258300778,24.76325225830078,200,0.0,0.0
1991-05-03 00:00:00-04:00,24.763252258300778,24.763252258300778,24.763252258300778,24.76325225830078,0,0.0,0.0
1991-05-06 00:00:00-04:00,24.763252258300778,24.763252258300778,24.763252258300778,24.76325225830078,0,0.0,0.0
1991-05-07 00:00:00-04:00,24.763252258300778,24.763252258300778,24.763252258300778,24.76325225830078,0,0.0,0.0
1991-05-08 00:00:00-04:00,24.763252258300778,24.763252258300778,24.763252258300778,24.76325225830078,0,0.0,0.0
1991-05-09 00:00:00-04:00,24.763252258300778,24.763252258300778,24.763252258300778,24.76325225830078,0,0.0,0.0
1991-05-10 00:00:00-04:00,24.763252258300778,24.763252258300778,24.763252258300778,24.76325225830078,16,0.0,0.0
1991-05-13 00:00:00-04:00,24.763252258300778,24.763252258300778,24.763252258300778,24.76325225830078,0,0.0,0.0
1991-05-14 00:00:00-04:00,24.763252258300778,24.763252258300778,24.763252258300778,24.76325225830078,0,0.0,0.0
1991-05-15 00:00:00-04:00,24.763252258300778,24.763252258300778,24.763252258300778,24.76325225830078,0,0.0,0.0
1991-05-16 00:00:00-04:00,20.95352554321289,20.95352554321289,20.95352554321289,20.95352554321289,84,0.0,0.0
1991-05-17 00:00:00-04:00,20.95352554321289,20.95352554321289,20.95352554321289,20.95352554321289,10,0.0,0.0
1991-05-20 00:00:00-04:00,20.95352554321289,20.95352554321289,20.95352554321289,20.95352554321289,0,0.0,0.0
1991-05-21 00:00:00-04:00,20.95352554321289,20.95352554321289,20.95352554321289,20.95352554321289,0,0.0,0.0
1991-05-22 00:00:00-04:00,20.95352554321289,20.95352554321289,20.95352554321289,20.95352554321289,0,0.0,0.0
1991-05-23 00:00:00-04:00,20.95352554321289,20.95352554321289,20.95352554321289,20.95352554321289,0,0.0,0.0
1991-05-24 00:00:00-04:00,20.95352554321289,20.95352554321289,20.95352554321289,20.95352554321289,6,0.0,0.0
1991-05-28 00:00:00-04:00,20.95352554321289,20.95352554321289,20.95352554321289,20.95352554321289,0,0.0,0.0
1991-05-29 00:00:00-04:00,20.95352554321289,20.95352554321289,20.95352554321289,20.95352554321289,0,0.0,0.0
1991-05-30 00:00:00-04:00,19.048664093017578,19.048664093017578,19.048664093017578,19.048664093017578,22,0.0,0.0
1991-05-31 00:00:00-04:00,15.238926887512209,15.238926887512209,15.238926887512209,15.238926887512207,310,0.0,0.0
1991-06-03 00:00:00-04:00,15.238926887512209,15.238926887512209,15.238926887512209,15.238926887512207,0,0.0,0.0
1991-06-04 00:00:00-04:00,17.143796920776367,17.143796920776367,17.143796920776367,17.143796920776367,42,0.0,0.0
1991-06-05 00:00:00-04:00,17.143796920776367,17.143796920776367,17.143796920776367,17.143796920776367,6,0.0,0.0
1991-06-06 00:00:00-04:00,17.143796920776367,17.143796920776367,17.143796920776367,17.143796920776367,0,0.0,0.0
1991-06-07 00:00:00-04:00,17.143796920776367,17.143796920776367,17.143796920776367,17.143796920776367,0,0.0,0.0
1991-06-10 00:00:00-04:00,17.143796920776367,17.143796920776367,17.143796920776367,17.143796920776367,0,0.0,0.0
1991-06-11 00:00:00-04:00,17.143796920776367,17.143796920776367,17.143796920776367,17.143796920776367,0,0.0,0.0
1991-06-12 00:00:00-04:00,17.143796920776367,17.143796920776367,17.143796920776367,17.143796920776367,0,0.0,0.0
1991-06-13 00:00:00-04:00,17.143796920776367,17.143796920776367,17.143796920776367,17.143796920776367,0,0.0,0.0
1991-06-14 00:00:00-04:00,17.143796920776367,17.143796920776367,17.143796920776367,17.143796920776367,0,0.0,0.0
1991-06-17 00:00:00-04:00,17.143796920776367,17.143796920776367,17.143796920776367,17.143796920776367,0,0.0,0.0
1991-06-18 00:00:00-04:00,17.143796920776367,17.143796920776367,17.143796920776367,17.143796920776367,0,0.0,0.0
1991-06-19 00:00:00-04:00,17.143796920776367,17.143796920776367,17.143796920776367,17.143796920776367,0,0.0,0.0
1991-06-20 00:00:00-04:00,15.238926887512209,15.238926887512209,15.238926887512209,15.238926887512207,160,0.0,0.0
1991-06-21 00:00:00-04:00,15.238926887512209,15.238926887512209,15.238926887512209,15.238926887512207,0,0.0,0.0
1991-06-24 00:00:00-04:00,15.238926887512209,15.238926887512209,15.238926887512209,15.238926887512207,0,0.0,0.0
1991-06-25 00:00:00-04:00,15.238926887512209,15.238926887512209,15.238926887512209,15.238926887512207,150,0.0,0.0
1991-06-26 00:00:00-04:00,15.238926887512209,15.238926887512209,15.238926887512209,15.238926887512207,0,0.0,0.0
1991-06-27 00:00:00-04:00,15.238926887512209,15.238926887512209,15.238926887512209,15.238926887512207,0,0.0,0.0
1991-06-28 00:00:00-04:00,15.238926887512209,15.238926887512209,15.238926887512209,15.238926887512207,80,0.0,0.0
1991-07-01 00:00:00-04:00,15.238926887512209,15.238926887512209,15.238926887512209,15.238926887512207,0,0.0,0.0
1991-07-02 00:00:00-04:00,15.238926887512209,15.238926887512209,15.238926887512209,15.238926887512207,0,0.0,0.0
1991-07-03 00:00:00-04:00,15.238926887512209,15.238926887512209,15.238926887512209,15.238926887512207,0,0.0,0.0
1991-07-05 00:00:00-04:00,15.238926887512209,15.238926887512209,15.238926887512209,15.238926887512207,0,0.0,0.0
1991-07-08 00:00:00-04:00,15.238926887512209,15.238926887512209,15.238926887512209,15.238926887512207,0,0.0,0.0
1991-07-09 00:00:00-04:00,15.238926887512209,15.238926887512209,15.238926887512209,15.238926887512207,0,0.0,0.0
1991-07-10 00:00:00-04:00,15.238926887512209,15.238926887512209,15.238926887512209,15.238926887512207,0,0.0,0.0
1991-07-11 00:00:00-04:00,15.238926887512209,15.238926887512209,15.238926887512209,15.238926887512207,0,0.0,0.0
1991-07-12 00:00:00-04:00,15.238926887512209,15.238926887512209,15.238926887512209,15.238926887512207,20,0.0,0.0
1991-07-15 00:00:00-04:00,15.238926887512209,15.238926887512209,15.238926887512209,15.238926887512207,0,0.0,0.0
1991-07-16 00:00:00-04:00,15.238926887512209,15.238926887512209,15.238926887512209,15.238926887512207,0,0.0,0.0
1991-07-17 00:00:00-04:00,13.334063529968262,13.334063529968262,13.334063529968262,13.334063529968262,66,0.0,0.0
1991-07-18 00:00:00-04:00,13.334063529968262,13.334063529968262,13.334063529968262,13.334063529968262,0,0.0,0.0
1991-07-19 00:00:00-04:00,13.334063529968262,13.334063529968262,13.334063529968262,13.334063529968262,0,0.0,0.0
1991-07-22 00:00:00-04:00,13.334063529968262,13.334063529968262,13.334063529968262,13.334063529968262,0,0.0,0.0
1991-07-23 00:00:00-04:00,13.334063529968262,13.334063529968262,13.334063529968262,13.334063529968262,0,0.0,0.0
1991-07-24 00:00:00-04:00,13.334063529968262,13.334063529968262,13.334063529968262,13.334063529968262,0,0.0,0.0
1991-07-25 00:00:00-04:00,13.334063529968262,13.334063529968262,13.334063529968262,13.334063529968262,0,0.0,0.0
1991-07-26 00:00:00-04:00,13.334063529968262,13.334063529968262,13.334063529968262,13.334063529968262,0,0.0,0.0
1991-07-29 00:00:00-04:00,13.334063529968262,13.334063529968262,13.334063529968262,13.334063529968262,0,0.0,0.0
1991-07-30 00:00:00-04:00,13.334063529968262,13.334063529968262,13.334063529968262,13.334063529968262,8,0.0,0.0
1991-07-31 00:00:00-04:00,13.334063529968262,13.334063529968262,13.334063529968262,13.334063529968262,0,0.0,0.0
1991-08-01 00:00:00-04:00,13.334063529968262,13.334063529968262,13.334063529968262,13.334063529968262,0,0.0,0.0
1991-08-02 00:00:00-04:00,13.334063529968262,13.334063529968262,13.334063529968262,13.334063529968262,6,0.0,0.0
1991-08-05 00:00:00-04:00,13.334063529968262,13.334063529968262,13.334063529968262,13.334063529968262,0,0.0,0.0
1991-08-06 00:00:00-04:00,13.334063529968262,13.334063529968262,13.334063529968262,13.334063529968262,40,0.0,0.0
1991-08-07 00:00:00-04:00,13.334063529968262,13.334063529968262,13.334063529968262,13.334063529968262,2,0.0,0.0
1991-08-08 00:00:00-04:00,13.334063529968262,13.334063529968262,13.334063529968262,13.334063529968262,0,0.0,0.0
1991-08-09 00:00:00-04:00,13.334063529968262,13.334063529968262,13.334063529968262,13.334063529968262,0,0.0,0.0
1991-08-12 00:00:00-04:00,13.334063529968262,13.334063529968262,13.334063529968262,13.334063529968262,0,0.0,0.0
1991-08-13 00:00:00-04:00,13.334063529968262,13.334063529968262,13.334063529968262,13.334063529968262,0,0.0,0.0
1991-08-14 00:00:00-04:00,13.334063529968262,13.334063529968262,13.334063529968262,13.334063529968262,40,0.0,0.0
1991-08-15 00:00:00-04:00,13.334063529968262,13.334063529968262,13.334063529968262,13.334063529968262,0,0.0,0.0
1991-08-16 00:00:00-04:00,13.334063529968262,13.334063529968262,13.334063529968262,13.334063529968262,0,0.0,0.0
1991-08-19 00:00:00-04:00,13.334063529968262,13.334063529968262,13.334063529968262,13.334063529968262,80,0.0,0.0
1991-08-20 00:00:00-04:00,13.334063529968262,13.334063529968262,13.334063529968262,13.334063529968262,0,0.0,0.0
1991-08-21 00:00:00-04:00,13.334063529968262,13.334063529968262,13.334063529968262,13.334063529968262,0,0.0,0.0
1991-08-22 00:00:00-04:00,13.334063529968262,13.334063529968262,13.334063529968262,13.334063529968262,6,0.0,0.0
1991-08-23 00:00:00-04:00,13.334063529968262,13.334063529968262,13.334063529968262,13.334063529968262,2,0.0,0.0
1991-08-26 00:00:00-04:00,13.334063529968262,13.334063529968262,13.334063529968262,13.334063529968262,0,0.0,0.0
1991-08-27 00:00:00-04:00,13.334063529968262,13.334063529968262,13.334063529968262,13.334063529968262,2,0.0,0.0
1991-08-28 00:00:00-04:00,13.334063529968262,13.334063529968262,13.334063529968262,13.334063529968262,0,0.0,0.0
1991-08-29 00:00:00-04:00,13.334063529968262,13.334063529968262,13.334063529968262,13.334063529968262,8,0.0,0.0
1991-08-30 00:00:00-04:00,13.334063529968262,13.334063529968262,13.334063529968262,13.334063529968262,0,0.0,0.0
1991-09-03 00:00:00-04:00,13.334063529968262,13.334063529968262,13.334063529968262,13.334063529968262,0,0.0,0.0
1991-09-04 00:00:00-04:00,13.334063529968262,13.334063529968262,13.334063529968262,13.334063529968262,2,0.0,0.0
1991-09-05 00:00:00-04:00,13.334063529968262,13.334063529968262,13.334063529968262,13.334063529968262,0,0.0,0.0
1991-09-06 00:00:00-04:00,13.334063529968262,13.334063529968262,13.334063529968262,13.334063529968262,0,0.0,0.0
1991-09-09 00:00:00-04:00,13.334063529968262,13.334063529968262,13.334063529968262,13.334063529968262,4,0.0,0.0
1991-09-10 00:00:00-04:00,13.334063529968262,13.334063529968262,13.334063529968262,13.334063529968262,172,0.0,0.0
1991-09-11 00:00:00-04:00,11.42919635772705,11.42919635772705,11.42919635772705,11.42919635772705,2,0.0,0.0
1991-09-12 00:00:00-04:00,11.42919635772705,11.42919635772705,11.42919635772705,11.42919635772705,0,0.0,0.0
1991-09-13 00:00:00-04:00,11.42919635772705,11.42919635772705,11.42919635772705,11.42919635772705,10,0.0,0.0
1991-09-16 00:00:00-04:00,11.42919635772705,11.42919635772705,11.42919635772705,11.42919635772705,0,0.0,0.0
1991-09-17 00:00:00-04:00,11.42919635772705,11.42919635772705,11.42919635772705,11.42919635772705,0,0.0,0.0
1991-09-18 00:00:00-04:00,11.42919635772705,11.42919635772705,11.42919635772705,11.42919635772705,0,0.0,0.0
1991-09-19 00:00:00-04:00,11.42919635772705,11.42919635772705,11.42919635772705,11.42919635772705,10,0.0,0.0
1991-09-20 00:00:00-04:00,11.42919635772705,11.42919635772705,11.42919635772705,11.42919635772705,0,0.0,0.0
1991-09-23 00:00:00-04:00,11.42919635772705,11.42919635772705,11.42919635772705,11.42919635772705,0,0.0,0.0
1991-09-24 00:00:00-04:00,11.42919635772705,11.42919635772705,11.42919635772705,11.42919635772705,0,0.0,0.0
1991-09-25 00:00:00-04:00,11.42919635772705,11.42919635772705,11.42919635772705,11.42919635772705,0,0.0,0.0
1991-09-26 00:00:00-04:00,11.42919635772705,11.42919635772705,11.42919635772705,11.42919635772705,0,0.0,0.0
1991-09-27 00:00:00-04:00,11.42919635772705,11.42919635772705,11.42919635772705,11.42919635772705,2,0.0,0.0
1991-09-30 00:00:00-04:00,11.42919635772705,11.42919635772705,11.42919635772705,11.42919635772705,0,0.0,0.0
1991-10-01 00:00:00-04:00,15.238926887512209,15.238926887512209,15.238926887512209,15.238926887512207,120,0.0,0.0
1991-10-02 00:00:00-04:00,15.238926887512209,15.238926887512209,15.238926887512209,15.238926887512207,6,0.0,0.0
1991-10-03 00:00:00-04:00,15.238926887512209,15.238926887512209,15.238926887512209,15.238926887512207,0,0.0,0.0
1991-10-04 00:00:00-04:00,15.238926887512209,15.238926887512209,15.238926887512209,15.238926887512207,0,0.0,0.0
1991-10-07 00:00:00-04:00,15.238926887512209,15.238926887512209,15.238926887512209,15.238926887512207,2,0.0,0.0
1991-10-08 00:00:00-04:00,15.238926887512209,15.238926887512209,15.238926887512209,15.238926887512207,22,0.0,0.0
1991-10-09 00:00:00-04:00,15.238926887512209,15.238926887512209,15.238926887512209,15.238926887512207,0,0.0,0.0
1991-10-10 00:00:00-04:00,15.238926887512209,15.238926887512209,15.238926887512209,15.238926887512207,20,0.0,0.0
1991-10-11 00:00:00-04:00,15.238926887512209,15.238926887512209,15.238926887512209,15.238926887512207,0,0.0,0.0
1991-10-14 00:00:00-04:00,15.238926887512209,15.238926887512209,15.238926887512209,15.238926887512207,0,0.0,0.0
1991-10-15 00:00:00-04:00,15.238926887512209,15.238926887512209,15.238926887512209,15.238926887512207,0,0.0,0.0
1991-10-16 00:00:00-04:00,15.238926887512209,15.238926887512209,15.238926887512209,15.238926887512207,0,0.0,0.0
1991-10-17 00:00:00-04:00,15.238926887512209,15.238926887512209,15.238926887512209,15.238926887512207,0,0.0,0.0
1991-10-18 00:00:00-04:00,15.238926887512209,15.238926887512209,15.238926887512209,15.238926887512207,0,0.0,0.0
1991-10-21 00:00:00-04:00,15.238926887512209,15.238926887512209,15.238926887512209,15.238926887512207,0,0.0,0.0
1991-10-22 00:00:00-04:00,15.238926887512209,15.238926887512209,15.238926887512209,15.238926887512207,26,0.0,0.0
1991-10-23 00:00:00-04:00,15.238926887512209,15.238926887512209,15.238926887512209,15.238926887512207,0,0.0,0.0
1991-10-24 00:00:00-04:00,15.238926887512209,15.238926887512209,15.238926887512209,15.238926887512207,24,0.0,0.0
1991-10-25 00:00:00-04:00,15.238926887512209,15.238926887512209,15.238926887512209,15.238926887512207,2,0.0,0.0
1991-10-28 00:00:00-05:00,15.238926887512209,15.238926887512209,15.238926887512209,15.238926887512207,0,0.0,0.0
1991-10-29 00:00:00-05:00,15.238926887512209,15.238926887512209,15.238926887512209,15.238926887512207,0,0.0,0.0
1991-10-30 00:00:00-05:00,15.238926887512209,15.238926887512209,15.238926887512209,15.238926887512207,0,0.0,0.0
1991-10-31 00:00:00-05:00,15.238926887512209,15.238926887512209,15.238926887512209,15.238926887512207,0,0.0,0.0
1991-11-01 00:00:00-05:00,15.238926887512209,15.238926887512209,15.238926887512209,15.238926887512207,0,0.0,0.0
1991-11-04 00:00:00-05:00,15.238926887512209,15.238926887512209,15.238926887512209,15.238926887512207,0,0.0,0.0
1991-11-05 00:00:00-05:00,15.238926887512209,15.238926887512209,15.238926887512209,15.238926887512207,0,0.0,0.0
1991-11-06 00:00:00-05:00,16.191356658935547,16.191356658935547,16.191356658935547,16.191356658935547,2,0.0,0.0
1991-11-07 00:00:00-05:00,16.191356658935547,16.191356658935547,16.191356658935547,16.191356658935547,2,0.0,0.0
1991-11-08 00:00:00-05:00,16.191356658935547,16.191356658935547,16.191356658935547,16.191356658935547,0,0.0,0.0
1991-11-11 00:00:00-05:00,16.191356658935547,16.191356658935547,16.191356658935547,16.191356658935547,0,0.0,0.0
1991-11-12 00:00:00-05:00,16.191356658935547,16.191356658935547,16.191356658935547,16.191356658935547,96,0.0,0.0
1991-11-13 00:00:00-05:00,16.191356658935547,16.191356658935547,16.191356658935547,16.191356658935547,0,0.0,0.0
1991-11-14 00:00:00-05:00,16.191356658935547,16.191356658935547,16.191356658935547,16.191356658935547,0,0.0,0.0
1991-11-15 00:00:00-05:00,14.286495208740234,14.286495208740234,14.286495208740234,14.286495208740234,400,0.0,0.0
1991-11-18 00:00:00-05:00,11.42919635772705,11.42919635772705,11.42919635772705,11.42919635772705,60,0.0,0.0
1991-11-19 00:00:00-05:00,11.42919635772705,11.42919635772705,11.42919635772705,11.42919635772705,98,0.0,0.0
1991-11-20 00:00:00-05:00,11.42919635772705,11.42919635772705,11.42919635772705,11.42919635772705,2,0.0,0.0
1991-11-21 00:00:00-05:00,11.42919635772705,11.42919635772705,11.42919635772705,11.42919635772705,0,0.0,0.0
1991-11-22 00:00:00-05:00,11.42919635772705,11.42919635772705,11.42919635772705,11.42919635772705,0,0.0,0.0
1991-11-25 00:00:00-05:00,11.42919635772705,11.42919635772705,11.42919635772705,11.42919635772705,40,0.0,0.0
1991-11-26 00:00:00-05:00,11.42919635772705,11.42919635772705,11.42919635772705,11.42919635772705,40,0.0,0.0
1991-11-27 00:00:00-05:00,11.42919635772705,11.42919635772705,11.42919635772705,11.42919635772705,4,0.0,0.0
1991-11-29 00:00:00-05:00,11.42919635772705,11.42919635772705,11.42919635772705,11.42919635772705,0,0.0,0.0
1991-12-02 00:00:00-05:00,11.42919635772705,11.42919635772705,11.42919635772705,11.42919635772705,30,0.0,0.0
1991-12-03 00:00:00-05:00,11.42919635772705,11.42919635772705,11.42919635772705,11.42919635772705,2,0.0,0.0
1991-12-04 00:00:00-05:00,11.42919635772705,11.42919635772705,11.42919635772705,11.42919635772705,40,0.0,0.0
1991-12-05 00:00:00-05:00,11.42919635772705,11.42919635772705,11.42919635772705,11.42919635772705,10,0.0,0.0
1991-12-06 00:00:00-05:00,11.42919635772705,11.42919635772705,11.42919635772705,11.42919635772705,4,0.0,0.0
1991-12-09 00:00:00-05:00,11.42919635772705,11.42919635772705,11.42919635772705,11.42919635772705,4,0.0,0.0
1991-12-10 00:00:00-05:00,11.42919635772705,11.42919635772705,11.42919635772705,11.42919635772705,0,0.0,0.0
1991-12-11 00:00:00-05:00,11.42919635772705,11.42919635772705,11.42919635772705,11.42919635772705,4,0.0,0.0
1991-12-12 00:00:00-05:00,11.42919635772705,11.42919635772705,11.42919635772705,11.42919635772705,20,0.0,0.0
1991-12-13 00:00:00-05:00,11.42919635772705,11.42919635772705,11.42919635772705,11.42919635772705,0,0.0,0.0
1991-12-16 00:00:00-05:00,11.42919635772705,11.42919635772705,11.42919635772705,11.42919635772705,0,0.0,0.0
1991-12-17 00:00:00-05:00,11.42919635772705,11.42919635772705,11.42919635772705,11.42919635772705,14,0.0,0.0
1991-12-18 00:00:00-05:00,9.524332046508789,9.524332046508789,9.524332046508789,9.524332046508789,32,0.0,0.0
1991-12-19 00:00:00-05:00,9.524332046508789,9.524332046508789,9.524332046508789,9.524332046508789,34,0.0,0.0
1991-12-20 00:00:00-05:00,9.524332046508789,9.524332046508789,9.524332046508789,9.524332046508789,0,0.0,0.0
1991-12-23 00:00:00-05:00,9.524332046508789,9.524332046508789,9.524332046508789,9.524332046508789,80,0.0,0.0
1991-12-24 00:00:00-05:00,9.524332046508789,9.524332046508789,9.524332046508789,9.524332046508789,2,0.0,0.0
1991-12-26 00:00:00-05:00,9.524332046508789,9.524332046508789,9.524332046508789,9.524332046508789,0,0.0,0.0
1991-12-27 00:00:00-05:00,9.524332046508789,9.524332046508789,9.524332046508789,9.524332046508789,16,0.0,0.0
1991-12-30 00:00:00-05:00,9.524332046508789,9.524332046508789,9.524332046508789,9.524332046508789,30,0.0,0.0
1991-12-31 00:00:00-05:00,9.524332046508789,9.524332046508789,9.524332046508789,9.524332046508789,22,0.0,0.0
1992-01-02 00:00:00-05:00,9.524332046508789,9.524332046508789,9.524332046508789,9.524332046508789,0,0.0,0.0
1992-01-03 00:00:00-05:00,9.524332046508789,9.524332046508789,9.524332046508789,9.524332046508789,40,0.0,0.0
1992-01-06 00:00:00-05:00,9.524332046508789,9.524332046508789,9.524332046508789,9.524332046508789,0,0.0,0.0
1992-01-07 00:00:00-05:00,9.524332046508789,9.524332046508789,9.524332046508789,9.524332046508789,2,0.0,0.0
1992-01-08 00:00:00-05:00,9.524332046508789,9.524332046508789,9.524332046508789,9.524332046508789,0,0.0,0.0
1992-01-09 00:00:00-05:00,9.524332046508789,9.524332046508789,9.524332046508789,9.524332046508789,50,0.0,0.0
1992-01-10 00:00:00-05:00,9.524332046508789,9.524332046508789,9.524332046508789,9.524332046508789,0,0.0,0.0
1992-01-13 00:00:00-05:00,9.524332046508789,9.524332046508789,9.524332046508789,9.524332046508789,54,0.0,0.0
1992-01-14 00:00:00-05:00,9.524332046508789,9.524332046508789,9.524332046508789,9.524332046508789,0,0.0,0.0
1992-01-15 00:00:00-05:00,7.619463443756104,7.619463443756104,7.619463443756104,7.6194634437561035,980,0.0,0.0
1992-01-16 00:00:00-05:00,7.619463443756104,7.619463443756104,7.619463443756104,7.6194634437561035,88,0.0,0.0
1992-01-17 00:00:00-05:00,7.619463443756104,7.619463443756104,7.619463443756104,7.6194634437561035,0,0.0,0.0
1992-01-20 00:00:00-05:00,7.619463443756104,7.619463443756104,7.619463443756104,7.6194634437561035,0,0.0,0.0
1992-01-21 00:00:00-05:00,7.619463443756104,7.619463443756104,7.619463443756104,7.6194634437561035,200,0.0,0.0
1992-01-22 00:00:00-05:00,7.619463443756104,7.619463443756104,7.619463443756104,7.6194634437561035,0,0.0,0.0
1992-01-23 00:00:00-05:00,7.619463443756104,7.619463443756104,7.619463443756104,7.6194634437561035,6,0.0,0.0
1992-01-24 00:00:00-05:00,7.619463443756104,7.619463443756104,7.619463443756104,7.6194634437561035,0,0.0,0.0
1992-01-27 00:00:00-05:00,7.619463443756104,7.619463443756104,7.619463443756104,7.6194634437561035,0,0.0,0.0
1992-01-28 00:00:00-05:00,7.619463443756104,7.619463443756104,7.619463443756104,7.6194634437561035,12,0.0,0.0
1992-01-29 00:00:00-05:00,7.619463443756104,7.619463443756104,7.619463443756104,7.6194634437561035,12,0.0,0.0
1992-01-30 00:00:00-05:00,7.619463443756104,7.619463443756104,7.619463443756104,7.6194634437561035,18,0.0,0.0
1992-01-31 00:00:00-05:00,7.619463443756104,7.619463443756104,7.619463443756104,7.6194634437561035,0,0.0,0.0
1992-02-03 00:00:00-05:00,7.619463443756104,7.619463443756104,7.619463443756104,7.6194634437561035,0,0.0,0.0
1992-02-04 00:00:00-05:00,7.619463443756104,7.619463443756104,7.619463443756104,7.6194634437561035,0,0.0,0.0
1992-02-05 00:00:00-05:00,7.619463443756104,7.619463443756104,7.619463443756104,7.6194634437561035,0,0.0,0.0
1992-02-06 00:00:00-05:00,7.619463443756104,7.619463443756104,7.619463443756104,7.6194634437561035,0,0.0,0.0
1992-02-07 00:00:00-05:00,7.619463443756104,7.619463443756104,7.619463443756104,7.6194634437561035,0,0.0,0.0
1992-02-10 00:00:00-05:00,7.619463443756104,7.619463443756104,7.619463443756104,7.6194634437561035,0,0.0,0.0
1992-02-11 00:00:00-05:00,7.619463443756104,7.619463443756104,7.619463443756104,7.6194634437561035,0,0.0,0.0
1992-02-12 00:00:00-05:00,7.619463443756104,7.619463443756104,7.619463443756104,7.6194634437561035,0,0.0,0.0
1992-02-13 00:00:00-05:00,7.619463443756104,7.619463443756104,7.619463443756104,7.6194634437561035,0,0.0,0.0
1992-02-14 00:00:00-05:00,7.619463443756104,7.619463443756104,7.619463443756104,7.6194634437561035,0,0.0,0.0
1992-02-18 00:00:00-05:00,7.619463443756104,7.619463443756104,7.619463443756104,7.6194634437561035,0,0.0,0.0
1992-02-19 00:00:00-05:00,7.619463443756104,7.619463443756104,7.619463443756104,7.6194634437561035,2,0.0,0.0
1992-02-20 00:00:00-05:00,7.619463443756104,7.619463443756104,7.619463443756104,7.6194634437561035,0,0.0,0.0
1992-02-21 00:00:00-05:00,7.619463443756104,7.619463443756104,7.619463443756104,7.6194634437561035,0,0.0,0.0
1992-02-24 00:00:00-05:00,7.619463443756104,7.619463443756104,7.619463443756104,7.6194634437561035,2,0.0,0.0
1992-02-25 00:00:00-05:00,7.619463443756104,7.619463443756104,7.619463443756104,7.6194634437561035,2,0.0,0.0
1992-02-26 00:00:00-05:00,7.619463443756104,7.619463443756104,7.619463443756104,7.6194634437561035,0,0.0,0.0
1992-02-27 00:00:00-05:00,7.619463443756104,7.619463443756104,7.619463443756104,7.6194634437561035,0,0.0,0.0
1992-02-28 00:00:00-05:00,7.619463443756104,7.619463443756104,7.619463443756104,7.6194634437561035,2,0.0,0.0
1992-03-02 00:00:00-05:00,9.524332046508789,9.524332046508789,9.524332046508789,9.524332046508789,40,0.0,0.0
1992-03-03 00:00:00-05:00,9.524332046508789,9.524332046508789,9.524332046508789,9.524332046508789,0,0.0,0.0
1992-03-04 00:00:00-05:00,9.524332046508789,9.524332046508789,9.524332046508789,9.524332046508789,40,0.0,0.0
1992-03-05 00:00:00-05:00,9.524332046508789,9.524332046508789,9.524332046508789,9.524332046508789,40,0.0,0.0
1992-03-06 00:00:00-05:00,11.42919635772705,11.42919635772705,11.42919635772705,11.42919635772705,64,0.0,0.0
1992-03-09 00:00:00-05:00,11.42919635772705,11.42919635772705,11.42919635772705,11.42919635772705,0,0.0,0.0
1992-03-10 00:00:00-05:00,13.334063529968262,13.334063529968262,13.334063529968262,13.334063529968262,158,0.0,0.0
1992-03-11 00:00:00-05:00,11.42919635772705,11.42919635772705,11.42919635772705,11.42919635772705,80,0.0,0.0
1992-03-12 00:00:00-05:00,11.42919635772705,11.42919635772705,11.42919635772705,11.42919635772705,0,0.0,0.0
1992-03-13 00:00:00-05:00,11.42919635772705,11.42919635772705,11.42919635772705,11.42919635772705,2,0.0,0.0
1992-03-16 00:00:00-05:00,11.42919635772705,11.42919635772705,11.42919635772705,11.42919635772705,0,0.0,0.0
1992-03-17 00:00:00-05:00,11.42919635772705,11.42919635772705,11.42919635772705,11.42919635772705,0,0.0,0.0
1992-03-18 00:00:00-05:00,11.42919635772705,11.42919635772705,11.42919635772705,11.42919635772705,0,0.0,0.0
1992-03-19 00:00:00-05:00,11.42919635772705,11.42919635772705,11.42919635772705,11.42919635772705,0,0.0,0.0
1992-03-20 00:00:00-05:00,11.42919635772705,11.42919635772705,11.42919635772705,11.42919635772705,0,0.0,0.0
1992-03-23 00:00:00-05:00,11.42919635772705,11.42919635772705,11.42919635772705,11.42919635772705,0,0.0,0.0
1992-03-24 00:00:00-05:00,12.381626129150389,12.381626129150389,12.381626129150389,12.38162612915039,120,0.0,0.0
1992-03-25 00:00:00-05:00,12.381626129150389,12.381626129150389,12.381626129150389,12.38162612915039,0,0.0,0.0
1992-03-26 00:00:00-05:00,12.381626129150389,12.381626129150389,12.381626129150389,12.38162612915039,28,0.0,0.0
1992-03-27 00:00:00-05:00,12.381626129150389,12.381626129150389,12.381626129150389,12.38162612915039,0,0.0,0.0
1992-03-30 00:00:00-05:00,12.381626129150389,12.381626129150389,12.381626129150389,12.38162612915039,0,0.0,0.0
1992-03-31 00:00:00-05:00,11.42919635772705,11.42919635772705,11.42919635772705,11.42919635772705,6,0.0,0.0
1992-04-01 00:00:00-05:00,11.42919635772705,11.42919635772705,11.42919635772705,11.42919635772705,0,0.0,0.0
1992-04-02 00:00:00-05:00,11.42919635772705,11.42919635772705,11.42919635772705,11.42919635772705,78,0.0,0.0
1992-04-03 00:00:00-05:00,11.42919635772705,11.42919635772705,11.42919635772705,11.42919635772705,4,0.0,0.0
1992-04-06 00:00:00-04:00,11.42919635772705,11.42919635772705,11.42919635772705,11.42919635772705,100,0.0,0.0
1992-04-07 00:00:00-04:00,11.42919635772705,11.42919635772705,11.42919635772705,11.42919635772705,0,0.0,0.0
1992-04-08 00:00:00-04:00,7.619463443756104,7.619463443756104,7.619463443756104,7.6194634437561035,324,0.0,0.0
1992-04-09 00:00:00-04:00,7.619463443756104,7.619463443756104,7.619463443756104,7.6194634437561035,0,0.0,0.0
1992-04-10 00:00:00-04:00,7.619463443756104,7.619463443756104,7.619463443756104,7.6194634437561035,0,0.0,0.0
1992-04-13 00:00:00-04:00,7.619463443756104,7.619463443756104,7.619463443756104,7.6194634437561035,2,0.0,0.0
1992-04-14 00:00:00-04:00,7.619463443756104,7.619463443756104,7.619463443756104,7.6194634437561035,2,0.0,0.0
1992-04-15 00:00:00-04:00,7.619463443756104,7.619463443756104,7.619463443756104,7.6194634437561035,108,0.0,0.0
1992-04-16 00:00:00-04:00,7.619463443756104,7.619463443756104,7.619463443756104,7.6194634437561035,40,0.0,0.0
1992-04-20 00:00:00-04:00,7.619463443756104,7.619463443756104,7.619463443756104,7.6194634437561035,2,0.0,0.0
1992-04-21 00:00:00-04:00,7.619463443756104,7.619463443756104,7.619463443756104,7.6194634437561035,4,0.0,0.0
1992-04-22 00:00:00-04:00,7.619463443756104,7.619463443756104,7.619463443756104,7.6194634437561035,0,0.0,0.0
1992-04-23 00:00:00-04:00,7.619463443756104,7.619463443756104,7.619463443756104,7.6194634437561035,0,0.0,0.0
1992-04-24 00:00:00-04:00,7.619463443756104,7.619463443756104,7.619463443756104,7.6194634437561035,2,0.0,0.0
1992-04-27 00:00:00-04:00,7.619463443756104,7.619463443756104,7.619463443756104,7.6194634437561035,0,0.0,0.0
1992-04-28 00:00:00-04:00,7.619463443756104,7.619463443756104,7.619463443756104,7.6194634437561035,2,0.0,0.0
1992-04-29 00:00:00-04:00,7.619463443756104,7.619463443756104,7.619463443756104,7.6194634437561035,4,0.0,0.0
1992-04-30 00:00:00-04:00,7.619463443756104,7.619463443756104,7.619463443756104,7.6194634437561035,0,0.0,0.0
1992-05-01 00:00:00-04:00,7.619463443756104,7.619463443756104,7.619463443756104,7.6194634437561035,0,0.0,0.0
1992-05-04 00:00:00-04:00,7.619463443756104,7.619463443756104,7.619463443756104,7.6194634437561035,0,0.0,0.0
1992-05-05 00:00:00-04:00,7.619463443756104,7.619463443756104,7.619463443756104,7.6194634437561035,2,0.0,0.0
1992-05-06 00:00:00-04:00,7.619463443756104,7.619463443756104,7.619463443756104,7.6194634437561035,0,0.0,0.0
1992-05-07 00:00:00-04:00,7.619463443756104,7.619463443756104,7.619463443756104,7.6194634437561035,66,0.0,0.0
1992-05-08 00:00:00-04:00,7.619463443756104,7.619463443756104,7.619463443756104,7.6194634437561035,0,0.0,0.0
1992-05-11 00:00:00-04:00,7.619463443756104,7.619463443756104,7.619463443756104,7.6194634437561035,0,0.0,0.0
1992-05-12 00:00:00-04:00,7.619463443756104,7.619463443756104,7.619463443756104,7.6194634437561035,2,0.0,0.0
1992-05-13 00:00:00-04:00,7.619463443756104,7.619463443756104,7.619463443756104,7.6194634437561035,0,0.0,0.0
1992-05-14 00:00:00-04:00,7.619463443756104,7.619463443756104,7.619463443756104,7.6194634437561035,0,0.0,0.0
1992-05-15 00:00:00-04:00,7.619463443756104,7.619463443756104,7.619463443756104,7.6194634437561035,0,0.0,0.0
1992-05-18 00:00:00-04:00,7.619463443756104,7.619463443756104,7.619463443756104,7.6194634437561035,0,0.0,0.0
1992-05-19 00:00:00-04:00,7.619463443756104,7.619463443756104,7.619463443756104,7.6194634437561035,0,0.0,0.0
1992-05-20 00:00:00-04:00,7.619463443756104,7.619463443756104,7.619463443756104,7.6194634437561035,0,0.0,0.0
1992-05-21 00:00:00-04:00,7.619463443756104,7.619463443756104,7.619463443756104,7.6194634437561035,0,0.0,0.0
1992-05-22 00:00:00-04:00,7.619463443756104,7.619463443756104,7.619463443756104,7.6194634437561035,0,0.0,0.0
1992-05-26 00:00:00-04:00,7.619463443756104,7.619463443756104,7.619463443756104,7.6194634437561035,0,0.0,0.0
1992-05-27 00:00:00-04:00,7.619463443756104,7.619463443756104,7.619463443756104,7.6194634437561035,0,0.0,0.0
1992-05-28 00:00:00-04:00,7.619463443756104,7.619463443756104,7.619463443756104,7.6194634437561035,0,0.0,0.0
1992-05-29 00:00:00-04:00,7.619463443756104,7.619463443756104,7.619463443756104,7.6194634437561035,0,0.0,0.0
1992-06-01 00:00:00-04:00,5.714598178863525,5.714598178863525,5.714598178863525,5.714598178863525,26,0.0,0.0
1992-06-02 00:00:00-04:00,5.714598178863525,5.714598178863525,5.714598178863525,5.714598178863525,2,0.0,0.0
1992-06-03 00:00:00-04:00,5.714598178863525,5.714598178863525,5.714598178863525,5.714598178863525,2,0.0,0.0
1992-06-04 00:00:00-04:00,5.714598178863525,5.714598178863525,5.714598178863525,5.714598178863525,0,0.0,0.0
1992-06-05 00:00:00-04:00,5.714598178863525,5.714598178863525,5.714598178863525,5.714598178863525,0,0.0,0.0
1992-06-08 00:00:00-04:00,8.571898460388184,8.571898460388184,8.571898460388184,8.571898460388184,600,0.0,0.0
1992-06-09 00:00:00-04:00,8.571898460388184,8.571898460388184,8.571898460388184,8.571898460388184,10,0.0,0.0
1992-06-10 00:00:00-04:00,8.571898460388184,8.571898460388184,8.571898460388184,8.571898460388184,1690,0.0,0.0
1992-06-11 00:00:00-04:00,5.714598178863525,5.714598178863525,5.714598178863525,5.714598178863525,200,0.0,0.0
1992-06-12 00:00:00-04:00,7.619463443756104,7.619463443756104,7.619463443756104,7.6194634437561035,200,0.0,0.0
1992-06-15 00:00:00-04:00,7.619463443756104,7.619463443756104,7.619463443756104,7.6194634437561035,0,0.0,0.0
1992-06-16 00:00:00-04:00,7.619463443756104,7.619463443756104,7.619463443756104,7.6194634437561035,0,0.0,0.0
1992-06-17 00:00:00-04:00,7.619463443756104,7.619463443756104,7.619463443756104,7.6194634437561035,0,0.0,0.0
1992-06-18 00:00:00-04:00,7.619463443756104,7.619463443756104,7.619463443756104,7.6194634437561035,0,0.0,0.0
1992-06-19 00:00:00-04:00,7.619463443756104,7.619463443756104,7.619463443756104,7.6194634437561035,0,0.0,0.0
1992-06-22 00:00:00-04:00,7.619463443756104,7.619463443756104,7.619463443756104,7.6194634437561035,0,0.0,0.0
1992-06-23 00:00:00-04:00,7.619464238484701,11.42919635772705,7.619464238484701,11.42919635772705,198,0.0,0.0
1992-06-24 00:00:00-04:00,11.42919635772705,11.42919635772705,11.42919635772705,11.42919635772705,220,0.0,0.0
1992-06-25 00:00:00-04:00,11.42919635772705,11.42919635772705,11.42919635772705,11.42919635772705,0,0.0,0.0
1992-06-26 00:00:00-04:00,11.42919635772705,11.42919635772705,8.571897268295288,11.42919635772705,204,0.0,0.0
1992-06-29 00:00:00-04:00,11.42919635772705,11.42919635772705,11.42919635772705,11.42919635772705,0,0.0,0.0
1992-06-30 00:00:00-04:00,11.42919635772705,11.42919635772705,11.42919635772705,11.42919635772705,0,0.0,0.0
1992-07-01 00:00:00-04:00,11.42919635772705,11.42919635772705,11.42919635772705,11.42919635772705,0,0.0,0.0
1992-07-02 00:00:00-04:00,11.42919635772705,11.42919635772705,11.42919635772705,11.42919635772705,0,0.0,0.0
1992-07-06 00:00:00-04:00,11.42919635772705,11.42919635772705,11.42919635772705,11.42919635772705,0,0.0,0.0
1992-07-07 00:00:00-04:00,11.42919635772705,11.42919635772705,11.42919635772705,11.42919635772705,0,0.0,0.0
1992-07-08 00:00:00-04:00,11.42919635772705,11.42919635772705,11.42919635772705,11.42919635772705,0,0.0,0.0
1992-07-09 00:00:00-04:00,11.42919635772705,11.42919635772705,11.42919635772705,11.42919635772705,0,0.0,0.0
1992-07-10 00:00:00-04:00,11.42919635772705,11.42919635772705,11.42919635772705,11.42919635772705,0,0.0,0.0
1992-07-13 00:00:00-04:00,11.42919635772705,11.42919635772705,11.42919635772705,11.42919635772705,200,0.0,0.0
1992-07-14 00:00:00-04:00,11.42919635772705,11.42919635772705,11.42919635772705,11.42919635772705,0,0.0,0.0
1992-07-15 00:00:00-04:00,11.42919635772705,11.42919635772705,11.42919635772705,11.42919635772705,0,0.0,0.0
1992-07-16 00:00:00-04:00,11.42919635772705,11.42919635772705,11.42919635772705,11.42919635772705,0,0.0,0.0
1992-07-17 00:00:00-04:00,11.42919635772705,11.42919635772705,11.42919635772705,11.42919635772705,0,0.0,0.0
1992-07-20 00:00:00-04:00,9.524332046508789,9.524332046508789,9.524332046508789,9.524332046508789,242,0.0,0.0
1992-07-21 00:00:00-04:00,9.524332046508789,9.524332046508789,9.524332046508789,9.524332046508789,0,0.0,0.0
1992-07-22 00:00:00-04:00,9.524332046508789,9.524332046508789,9.524332046508789,9.524332046508789,0,0.0,0.0
1992-07-23 00:00:00-04:00,9.524332046508789,9.524332046508789,9.524332046508789,9.524332046508789,0,0.0,0.0
1992-07-24 00:00:00-04:00,9.524332046508789,9.524332046508789,9.524332046508789,9.524332046508789,0,0.0,0.0
1992-07-27 00:00:00-04:00,9.524332046508789,9.524332046508789,9.524332046508789,9.524332046508789,0,0.0,0.0
1992-07-28 00:00:00-04:00,9.524332046508789,9.524332046508789,9.524332046508789,9.524332046508789,0,0.0,0.0
1992-07-29 00:00:00-04:00,8.571898460388184,8.571898460388184,8.571898460388184,8.571898460388184,200,0.0,0.0
1992-07-30 00:00:00-04:00,8.571898460388184,8.571898460388184,8.571898460388184,8.571898460388184,0,0.0,0.0
1992-07-31 00:00:00-04:00,11.42919635772705,11.42919635772705,11.42919635772705,11.42919635772705,400,0.0,0.0
1992-08-03 00:00:00-04:00,11.42919635772705,11.42919635772705,11.42919635772705,11.42919635772705,0,0.0,0.0
1992-08-04 00:00:00-04:00,11.42919635772705,11.42919635772705,11.42919635772705,11.42919635772705,0,0.0,0.0
1992-08-05 00:00:00-04:00,11.42919635772705,11.42919635772705,11.42919635772705,11.42919635772705,0,0.0,0.0
1992-08-06 00:00:00-04:00,11.42919635772705,11.42919635772705,11.42919635772705,11.42919635772705,0,0.0,0.0
1992-08-07 00:00:00-04:00,11.42919635772705,11.42919635772705,11.42919635772705,11.42919635772705,0,0.0,0.0
1992-08-10 00:00:00-04:00,11.42919635772705,11.42919635772705,11.42919635772705,11.42919635772705,0,0.0,0.0
1992-08-11 00:00:00-04:00,11.42919635772705,11.42919635772705,11.42919635772705,11.42919635772705,0,0.0,0.0
1992-08-12 00:00:00-04:00,11.42919635772705,11.42919635772705,11.42919635772705,11.42919635772705,0,0.0,0.0
1992-08-13 00:00:00-04:00,11.42919635772705,11.42919635772705,11.42919635772705,11.42919635772705,0,0.0,0.0
1992-08-14 00:00:00-04:00,11.42919635772705,11.42919635772705,11.42919635772705,11.42919635772705,0,0.0,0.0
1992-08-17 00:00:00-04:00,11.42919635772705,11.42919635772705,11.42919635772705,11.42919635772705,0,0.0,0.0
1992-08-18 00:00:00-04:00,7.619463443756104,7.619463443756104,7.619463443756104,7.6194634437561035,350,0.0,0.0
1992-08-19 00:00:00-04:00,7.619463443756104,7.619463443756104,7.619463443756104,7.6194634437561035,0,0.0,0.0
1992-08-20 00:00:00-04:00,7.619463443756104,7.619463443756104,7.619463443756104,7.6194634437561035,0,0.0,0.0
1992-08-21 00:00:00-04:00,7.619463443756104,7.619463443756104,7.619463443756104,7.6194634437561035,0,0.0,0.0
1992-08-24 00:00:00-04:00,7.619463443756104,7.619463443756104,7.619463443756104,7.6194634437561035,0,0.0,0.0
1992-08-25 00:00:00-04:00,9.524332046508789,9.524332046508789,9.524332046508789,9.524332046508789,100,0.0,0.0
1992-08-26 00:00:00-04:00,9.524332046508789,9.524332046508789,9.524332046508789,9.524332046508789,0,0.0,0.0
1992-08-27 00:00:00-04:00,9.524332046508789,9.524332046508789,9.524332046508789,9.524332046508789,0,0.0,0.0
1992-08-28 00:00:00-04:00,5.714598178863525,5.714598178863525,5.714598178863525,5.714598178863525,70,0.0,0.0
1992-08-31 00:00:00-04:00,5.714598178863525,5.714598178863525,5.714598178863525,5.714598178863525,0,0.0,0.0
1992-09-01 00:00:00-04:00,8.571898460388184,8.571898460388184,8.571898460388184,8.571898460388184,50,0.0,0.0
1992-09-02 00:00:00-04:00,8.571898460388184,8.571898460388184,8.571898460388184,8.571898460388184,0,0.0,0.0
1992-09-03 00:00:00-04:00,8.571898460388184,8.571898460388184,8.571898460388184,8.571898460388184,0,0.0,0.0
1992-09-04 00:00:00-04:00,7.619463443756104,7.619463443756104,7.619463443756104,7.6194634437561035,4,0.0,0.0
1992-09-08 00:00:00-04:00,7.619463443756104,7.619463443756104,7.619463443756104,7.6194634437561035,22,0.0,0.0
1992-09-09 00:00:00-04:00,7.619463443756104,7.619463443756104,7.619463443756104,7.6194634437561035,0,0.0,0.0
1992-09-10 00:00:00-04:00,7.619463443756104,7.619463443756104,7.619463443756104,7.6194634437561035,0,0.0,0.0
1992-09-11 00:00:00-04:00,7.619463443756104,7.619463443756104,7.619463443756104,7.6194634437561035,0,0.0,0.0
1992-09-14 00:00:00-04:00,7.619463443756104,7.619463443756104,7.619463443756104,7.6194634437561035,0,0.0,0.0
1992-09-15 00:00:00-04:00,9.524332046508789,9.524332046508789,9.524332046508789,9.524332046508789,40,0.0,0.0
1992-09-16 00:00:00-04:00,9.524332046508789,9.524332046508789,9.524332046508789,9.524332046508789,0,0.0,0.0
1992-09-17 00:00:00-04:00,9.524332046508789,9.524332046508789,9.524332046508789,9.524332046508789,0,0.0,0.0
1992-09-18 00:00:00-04:00,9.524332046508789,9.524332046508789,9.524332046508789,9.524332046508789,0,0.0,0.0
1992-09-21 00:00:00-04:00,9.524332046508789,9.524332046508789,9.524332046508789,9.524332046508789,0,0.0,0.0
1992-09-22 00:00:00-04:00,9.524332046508789,9.524332046508789,9.524332046508789,9.524332046508789,0,0.0,0.0
1992-09-23 00:00:00-04:00,9.524332046508789,9.524332046508789,9.524332046508789,9.524332046508789,0,0.0,0.0
1992-09-24 00:00:00-04:00,9.524332046508789,9.524332046508789,9.524332046508789,9.524332046508789,0,0.0,0.0
1992-09-25 00:00:00-04:00,9.524332046508789,9.524332046508789,9.524332046508789,9.524332046508789,0,0.0,0.0
1992-09-28 00:00:00-04:00,9.524332046508789,9.524332046508789,9.524332046508789,9.524332046508789,0,0.0,0.0
1992-09-29 00:00:00-04:00,9.524332046508789,9.524332046508789,9.524332046508789,9.524332046508789,0,0.0,0.0
1992-09-30 00:00:00-04:00,9.524332046508789,9.524332046508789,9.524332046508789,9.524332046508789,0,0.0,0.0
1992-10-01 00:00:00-04:00,9.524332046508789,9.524332046508789,9.524332046508789,9.524332046508789,0,0.0,0.0
1992-10-02 00:00:00-04:00,9.524332046508789,9.524332046508789,9.524332046508789,9.524332046508789,0,0.0,0.0
1992-10-05 00:00:00-04:00,9.524332046508789,9.524332046508789,9.524332046508789,9.524332046508789,0,0.0,0.0
1992-10-06 00:00:00-04:00,9.524332046508789,9.524332046508789,9.524332046508789,9.524332046508789,0,0.0,0.0
1992-10-07 00:00:00-04:00,9.524332046508789,9.524332046508789,9.524332046508789,9.524332046508789,0,0.0,0.0
1992-10-08 00:00:00-04:00,9.524332046508789,9.524332046508789,9.524332046508789,9.524332046508789,0,0.0,0.0
1992-10-09 00:00:00-04:00,9.524332046508789,9.524332046508789,9.524332046508789,9.524332046508789,0,0.0,0.0
1992-10-12 00:00:00-04:00,9.524332046508789,9.524332046508789,9.524332046508789,9.524332046508789,0,0.0,0.0
1992-10-13 00:00:00-04:00,9.524332046508789,9.524332046508789,9.524332046508789,9.524332046508789,0,0.0,0.0
1992-10-14 00:00:00-04:00,9.524332046508789,9.524332046508789,9.524332046508789,9.524332046508789,0,0.0,0.0
1992-10-15 00:00:00-04:00,9.524332046508789,9.524332046508789,9.524332046508789,9.524332046508789,0,0.0,0.0
1992-10-16 00:00:00-04:00,9.524332046508789,9.524332046508789,9.524332046508789,9.524332046508789,0,0.0,0.0
1992-10-19 00:00:00-04:00,9.524332046508789,9.524332046508789,9.524332046508789,9.524332046508789,0,0.0,0.0
1992-10-20 00:00:00-04:00,9.524332046508789,9.524332046508789,9.524332046508789,9.524332046508789,0,0.0,0.0
1992-10-21 00:00:00-04:00,9.524332046508789,9.524332046508789,9.524332046508789,9.524332046508789,0,0.0,0.0
1992-10-22 00:00:00-04:00,7.619464874267578,7.619464874267578,6.667031764984131,6.667031764984131,140,0.0,0.0
1992-10-23 00:00:00-04:00,6.667031764984131,6.667031764984131,6.667031764984131,6.667031764984131,200,0.0,0.0
1992-10-26 00:00:00-05:00,6.667031764984131,6.667031764984131,6.667031764984131,6.667031764984131,0,0.0,0.0
1992-10-27 00:00:00-05:00,6.667031764984131,6.667031764984131,6.667031764984131,6.667031764984131,0,0.0,0.0
1992-10-28 00:00:00-05:00,6.667031764984131,6.667031764984131,6.667031764984131,6.667031764984131,0,0.0,0.0
1992-10-29 00:00:00-05:00,6.667031764984131,6.667031764984131,5.714598655700684,6.667031764984131,94,0.0,0.0
1992-10-30 00:00:00-05:00,6.667031764984131,6.667031764984131,6.667031764984131,6.667031764984131,0,0.0,0.0
1992-11-02 00:00:00-05:00,6.667031764984131,6.667031764984131,6.667031764984131,6.667031764984131,0,0.0,0.0
1992-11-03 00:00:00-05:00,6.667031764984131,6.667031764984131,6.667031764984131,6.667031764984131,0,0.0,0.0
1992-11-04 00:00:00-05:00,6.667031764984131,6.667031764984131,6.667031764984131,6.667031764984131,0,0.0,0.0
1992-11-05 00:00:00-05:00,6.667031764984131,6.667031764984131,6.667031764984131,6.667031764984131,0,0.0,0.0
1992-11-06 00:00:00-05:00,6.667031764984131,6.667031764984131,6.667031764984131,6.667031764984131,0,0.0,0.0
1992-11-09 00:00:00-05:00,5.714598178863525,5.714598178863525,5.714598178863525,5.714598178863525,42,0.0,0.0
1992-11-10 00:00:00-05:00,5.714598178863525,5.714598178863525,5.714598178863525,5.714598178863525,84,0.0,0.0
1992-11-11 00:00:00-05:00,5.714598178863525,5.714598178863525,5.714598178863525,5.714598178863525,2,0.0,0.0
1992-11-12 00:00:00-05:00,5.714598178863525,5.714598178863525,5.714598178863525,5.714598178863525,0,0.0,0.0
1992-11-13 00:00:00-05:00,5.714598178863525,5.714598178863525,5.714598178863525,5.714598178863525,0,0.0,0.0
1992-11-16 00:00:00-05:00,5.714598178863525,5.714598178863525,5.714598178863525,5.714598178863525,2,0.0,0.0
1992-11-17 00:00:00-05:00,5.714598178863525,5.714598178863525,5.714598178863525,5.714598178863525,0,0.0,0.0
1992-11-18 00:00:00-05:00,5.714598178863525,5.714598178863525,5.714598178863525,5.714598178863525,0,0.0,0.0
1992-11-19 00:00:00-05:00,5.714598178863525,5.714598178863525,5.714598178863525,5.714598178863525,32,0.0,0.0
1992-11-20 00:00:00-05:00,5.714598178863525,5.714598178863525,5.714598178863525,5.714598178863525,454,0.0,0.0
1992-11-23 00:00:00-05:00,5.714598178863525,5.714598178863525,5.714598178863525,5.714598178863525,0,0.0,0.0
1992-11-24 00:00:00-05:00,5.714598178863525,5.714598178863525,5.714598178863525,5.714598178863525,0,0.0,0.0
1992-11-25 00:00:00-05:00,5.714598178863525,5.714598178863525,5.714598178863525,5.714598178863525,0,0.0,0.0
1992-11-27 00:00:00-05:00,8.571898460388184,8.571898460388184,8.571898460388184,8.571898460388184,140,0.0,0.0
1992-11-30 00:00:00-05:00,8.571898460388184,8.571898460388184,8.571898460388184,8.571898460388184,0,0.0,0.0
1992-12-01 00:00:00-05:00,6.667031764984131,6.667031764984131,6.667031764984131,6.667031764984131,100,0.0,0.0
1992-12-02 00:00:00-05:00,6.667031764984131,6.667031764984131,6.667031764984131,6.667031764984131,0,0.0,0.0
1992-12-03 00:00:00-05:00,5.714598178863525,5.714598178863525,5.714598178863525,5.714598178863525,14,0.0,0.0
1992-12-04 00:00:00-05:00,5.714598178863525,6.667031208674113,5.714598178863525,5.714598178863525,424,0.0,0.0
1992-12-07 00:00:00-05:00,5.714598178863525,5.714598178863525,5.714598178863525,5.714598178863525,0,0.0,0.0
1992-12-08 00:00:00-05:00,5.714598178863525,5.714598178863525,5.714598178863525,5.714598178863525,0,0.0,0.0
1992-12-09 00:00:00-05:00,5.714598178863525,5.714598178863525,5.714598178863525,5.714598178863525,0,0.0,0.0
1992-12-10 00:00:00-05:00,7.619463443756104,7.619463443756104,7.619463443756104,7.6194634437561035,400,0.0,0.0
1992-12-11 00:00:00-05:00,5.714597582817078,5.714597582817078,3.809731721878052,3.8097317218780518,320,0.0,0.0
1992-12-14 00:00:00-05:00,3.8097321192423506,5.714598178863525,3.8097321192423506,5.714598178863525,436,0.0,0.0
1992-12-15 00:00:00-05:00,5.714598178863525,5.714598178863525,5.714598178863525,5.714598178863525,0,0.0,0.0
1992-12-16 00:00:00-05:00,4.7621660232543945,4.7621660232543945,4.7621660232543945,4.7621660232543945,28,0.0,0.0
1992-12-17 00:00:00-05:00,4.762164652347565,7.619463443756104,4.762164652347565,7.6194634437561035,168,0.0,0.0
1992-12-18 00:00:00-05:00,5.714598178863525,5.714598178863525,4.762165149052938,5.714598178863525,228,0.0,0.0
1992-12-21 00:00:00-05:00,3.809731721878052,3.809731721878052,3.809731721878052,3.8097317218780518,10,0.0,0.0
1992-12-22 00:00:00-05:00,3.809731721878052,5.714597582817078,3.809731721878052,3.8097317218780518,96,0.0,0.0
1992-12-23 00:00:00-05:00,4.7621660232543945,4.7621660232543945,4.7621660232543945,4.7621660232543945,2,0.0,0.0
1992-12-24 00:00:00-05:00,4.7621660232543945,4.7621660232543945,4.7621660232543945,4.7621660232543945,0,0.0,0.0
1992-12-28 00:00:00-05:00,3.809731721878052,3.809731721878052,3.809731721878052,3.8097317218780518,34,0.0,0.0
1992-12-29 00:00:00-05:00,3.809731721878052,5.714597582817078,3.809731721878052,3.8097317218780518,26,0.0,0.0
1992-12-30 00:00:00-05:00,5.714598178863525,5.714598178863525,5.714598178863525,5.714598178863525,30,0.0,0.0
1992-12-31 00:00:00-05:00,5.714598178863525,5.714598178863525,5.714598178863525,5.714598178863525,0,0.0,0.0
1993-01-04 00:00:00-05:00,5.714598178863525,5.714598178863525,5.714598178863525,5.714598178863525,0,0.0,0.0
1993-01-05 00:00:00-05:00,7.619463443756104,7.619463443756104,7.619463443756104,7.6194634437561035,800,0.0,0.0
1993-01-06 00:00:00-05:00,7.619463443756104,7.619463443756104,7.619463443756104,7.6194634437561035,0,0.0,0.0
1993-01-07 00:00:00-05:00,7.619465637207032,7.619465637207032,4.7621660232543945,4.7621660232543945,3342,0.0,0.0
1993-01-08 00:00:00-05:00,7.619463443756104,7.619463443756104,7.619463443756104,7.6194634437561035,342,0.0,0.0
1993-01-11 00:00:00-05:00,6.667031764984131,6.667031764984131,6.667031764984131,6.667031764984131,200,0.0,0.0
1993-01-12 00:00:00-05:00,6.667031764984131,6.667031764984131,6.667031764984131,6.667031764984131,0,0.0,0.0
1993-01-13 00:00:00-05:00,6.667031764984131,6.667031764984131,6.667031764984131,6.667031764984131,0,0.0,0.0
1993-01-14 00:00:00-05:00,7.619463443756104,15.238926887512209,7.619463443756104,15.238926887512207,1152,0.0,0.0
1993-01-15 00:00:00-05:00,12.381626129150389,12.381626129150389,12.381626129150389,12.38162612915039,34,0.0,0.0
1993-01-18 00:00:00-05:00,12.38162938753764,12.38162938753764,11.42919635772705,11.42919635772705,440,0.0,0.0
1993-01-19 00:00:00-05:00,11.42919635772705,11.42919635772705,11.42919635772705,11.42919635772705,0,0.0,0.0
1993-01-20 00:00:00-05:00,13.334063529968262,13.334063529968262,13.334063529968262,13.334063529968262,2,0.0,0.0
1993-01-21 00:00:00-05:00,9.524332046508789,10.47676525115967,9.524332046508789,9.524332046508789,240,0.0,0.0
1993-01-22 00:00:00-05:00,9.524332046508789,9.524332046508789,9.524332046508789,9.524332046508789,200,0.0,0.0
1993-01-25 00:00:00-05:00,9.524332046508789,9.524332046508789,9.524332046508789,9.524332046508789,0,0.0,0.0
1993-01-26 00:00:00-05:00,9.524332046508789,9.524332046508789,9.524332046508789,9.524332046508789,0,0.0,0.0
1993-01-27 00:00:00-05:00,9.524332046508789,9.524332046508789,9.524332046508789,9.524332046508789,0,0.0,0.0
1993-01-28 00:00:00-05:00,7.619463443756104,8.571896374225616,7.619463443756104,7.6194634437561035,118,0.0,0.0
1993-01-29 00:00:00-05:00,7.619463443756104,7.619463443756104,7.619463443756104,7.6194634437561035,0,0.0,0.0
1993-02-01 00:00:00-05:00,9.524332046508789,9.524332046508789,9.524332046508789,9.524332046508789,366,0.0,0.0
1993-02-02 00:00:00-05:00,7.619463443756104,7.619463443756104,7.619463443756104,7.6194634437561035,360,0.0,0.0
1993-02-03 00:00:00-05:00,7.619463443756104,7.619463443756104,7.619463443756104,7.6194634437561035,0,0.0,0.0
1993-02-04 00:00:00-05:00,11.42919635772705,11.42919635772705,11.42919635772705,11.42919635772705,270,0.0,0.0
1993-02-05 00:00:00-05:00,11.42919635772705,11.42919635772705,11.42919635772705,11.42919635772705,50,0.0,0.0
1993-02-08 00:00:00-05:00,11.42919635772705,11.42919635772705,11.42919635772705,11.42919635772705,0,0.0,0.0
1993-02-09 00:00:00-05:00,11.42919635772705,11.42919635772705,11.42919635772705,11.42919635772705,0,0.0,0.0
1993-02-10 00:00:00-05:00,13.334058908315804,13.334058908315804,12.381626129150389,12.38162612915039,414,0.0,0.0
1993-02-11 00:00:00-05:00,12.381626129150389,12.381626129150389,12.381626129150389,12.38162612915039,0,0.0,0.0
1993-02-12 00:00:00-05:00,12.381626129150389,12.381626129150389,12.381626129150389,12.38162612915039,0,0.0,0.0
1993-02-16 00:00:00-05:00,12.381626129150389,12.381626129150389,12.381626129150389,12.38162612915039,0,0.0,0.0
1993-02-17 00:00:00-05:00,12.381630420684814,13.334063529968262,11.429197311401367,13.334063529968262,152,0.0,0.0
1993-02-18 00:00:00-05:00,11.42919635772705,11.42919635772705,11.42919635772705,11.42919635772705,60,0.0,0.0
1993-02-19 00:00:00-05:00,9.524332046508789,9.524332046508789,9.524332046508789,9.524332046508789,140,0.0,0.0
1993-02-22 00:00:00-05:00,9.524332046508789,9.524332046508789,9.524332046508789,9.524332046508789,14,0.0,0.0
1993-02-23 00:00:00-05:00,10.476762771606445,10.476762771606445,10.476762771606445,10.476762771606445,10,0.0,0.0
1993-02-24 00:00:00-05:00,10.476762771606445,10.476762771606445,10.476762771606445,10.476762771606445,0,0.0,0.0
1993-02-25 00:00:00-05:00,13.334063529968262,13.334063529968262,13.334063529968262,13.334063529968262,100,0.0,0.0
1993-02-26 00:00:00-05:00,13.334063529968262,13.334063529968262,13.334063529968262,13.334063529968262,0,0.0,0.0
1993-03-01 00:00:00-05:00,15.238930596245659,17.143796920776367,15.238930596245659,17.143796920776367,170,0.0,0.0
1993-03-02 00:00:00-05:00,19.048660596211754,22.8583927154541,19.048660596211754,22.8583927154541,702,0.0,0.0
1993-03-03 00:00:00-05:00,20.95352554321289,20.95352554321289,20.95352554321289,20.95352554321289,50,0.0,0.0
1993-03-04 00:00:00-05:00,20.95352554321289,20.95352554321289,20.95352554321289,20.95352554321289,98,0.0,0.0
1993-03-05 00:00:00-05:00,20.95352554321289,20.95352554321289,20.95352554321289,20.95352554321289,40,0.0,0.0
1993-03-08 00:00:00-05:00,20.95352554321289,20.95352554321289,20.95352554321289,20.95352554321289,0,0.0,0.0
1993-03-09 00:00:00-05:00,19.048664093017578,20.00109729766846,19.048664093017578,19.048664093017578,160,0.0,0.0
1993-03-10 00:00:00-05:00,17.14379768371582,19.048664093017578,17.14379768371582,19.048664093017578,440,0.0,0.0
1993-03-11 00:00:00-05:00,17.143796920776367,17.143796920776367,17.143796920776367,17.143796920776367,14,0.0,0.0
1993-03-12 00:00:00-05:00,17.143796920776367,17.143796920776367,17.143796920776367,17.143796920776367,0,0.0,0.0
1993-03-15 00:00:00-05:00,20.95352554321289,23.810824480923742,20.95352554321289,20.95352554321289,160,0.0,0.0
1993-03-16 00:00:00-05:00,20.95352554321289,20.95352554321289,20.95352554321289,20.95352554321289,0,0.0,0.0
1993-03-17 00:00:00-05:00,20.95352554321289,20.95352554321289,20.95352554321289,20.95352554321289,0,0.0,0.0
1993-03-18 00:00:00-05:00,20.95352554321289,20.95352554321289,20.95352554321289,20.95352554321289,0,0.0,0.0
1993-03-19 00:00:00-05:00,20.00109256397594,20.95352554321289,20.00109256397594,20.95352554321289,146,0.0,0.0
1993-03-22 00:00:00-05:00,19.048659584738992,20.95352554321289,19.048659584738992,20.95352554321289,80,0.0,0.0
1993-03-23 00:00:00-05:00,18.09623008304172,18.09623008304172,17.143796920776367,17.143796920776367,24,0.0,0.0
1993-03-24 00:00:00-05:00,17.143796920776367,17.143796920776367,17.143796920776367,17.143796920776367,34,0.0,0.0
1993-03-25 00:00:00-05:00,17.143796920776367,17.143796920776367,17.143796920776367,17.143796920776367,0,0.0,0.0
1993-03-26 00:00:00-05:00,20.95353050231934,20.95353050231934,17.14379768371582,19.048664093017578,602,0.0,0.0
1993-03-29 00:00:00-05:00,19.048664093017578,19.048664093017578,19.048664093017578,19.048664093017578,0,0.0,0.0
1993-03-30 00:00:00-05:00,19.048664093017578,19.048664093017578,19.048664093017578,19.048664093017578,0,0.0,0.0
1993-03-31 00:00:00-05:00,19.048664093017578,19.048664093017578,19.048664093017578,19.048664093017578,0,0.0,0.0
1993-04-01 00:00:00-05:00,19.048664093017578,19.048664093017578,19.048664093017578,19.048664093017578,0,0.0,0.0
1993-04-02 00:00:00-05:00,19.048664093017578,19.048664093017578,19.048664093017578,19.048664093017578,0,0.0,0.0
1993-04-05 00:00:00-04:00,19.048664093017578,19.048664093017578,19.048664093017578,19.048664093017578,0,0.0,0.0
1993-04-06 00:00:00-04:00,19.048664093017578,19.048664093017578,19.048664093017578,19.048664093017578,0,0.0,0.0
1993-04-07 00:00:00-04:00,17.143796920776367,17.143796920776367,17.143796920776367,17.143796920776367,28,0.0,0.0
1993-04-08 00:00:00-04:00,17.143796920776367,17.143796920776367,17.143796920776367,17.143796920776367,0,0.0,0.0
1993-04-12 00:00:00-04:00,17.143796920776367,17.143796920776367,17.143796920776367,17.143796920776367,0,0.0,0.0
1993-04-13 00:00:00-04:00,17.143796920776367,17.143796920776367,17.143796920776367,17.143796920776367,0,0.0,0.0
1993-04-14 00:00:00-04:00,17.143801839728106,19.048668710809007,17.143801839728106,18.096235275268555,800,0.0,0.0
1993-04-15 00:00:00-04:00,18.096235275268555,18.096235275268555,18.096235275268555,18.096235275268555,0,0.0,0.0
1993-04-16 00:00:00-04:00,20.0010929107666,20.0010929107666,20.0010929107666,20.0010929107666,200,0.0,0.0
1993-04-19 00:00:00-04:00,20.0010929107666,20.0010929107666,20.0010929107666,20.0010929107666,0,0.0,0.0
1993-04-20 00:00:00-04:00,20.0010929107666,20.0010929107666,20.0010929107666,20.0010929107666,0,0.0,0.0
1993-04-21 00:00:00-04:00,20.0010929107666,20.0010929107666,20.0010929107666,20.0010929107666,0,0.0,0.0
1993-04-22 00:00:00-04:00,19.048664093017578,19.048664093017578,19.048664093017578,19.048664093017578,20,0.0,0.0
1993-04-23 00:00:00-04:00,22.8583927154541,22.8583927154541,22.8583927154541,22.8583927154541,140,0.0,0.0
1993-04-26 00:00:00-04:00,22.858394622802734,26.668127059936523,22.858394622802734,26.668127059936523,230,0.0,0.0
1993-04-27 00:00:00-04:00,26.668127059936523,26.668127059936523,26.668127059936523,26.668127059936523,40,0.0,0.0
1993-04-28 00:00:00-04:00,26.668127059936523,26.668127059936523,26.668127059936523,26.668127059936523,0,0.0,0.0
1993-04-29 00:00:00-04:00,26.668127059936523,26.668127059936523,26.668127059936523,26.668127059936523,0,0.0,0.0
1993-04-30 00:00:00-04:00,24.76326084136963,26.668127059936523,24.76326084136963,26.668127059936523,218,0.0,0.0
1993-05-03 00:00:00-04:00,25.715694427490234,25.715694427490234,25.715694427490234,25.715694427490234,8,0.0,0.0
1993-05-04 00:00:00-04:00,24.76326130054615,25.715694427490234,24.76326130054615,25.715694427490234,136,0.0,0.0
1993-05-05 00:00:00-04:00,28.572990894317627,28.572990894317627,22.8583927154541,22.8583927154541,130,0.0,0.0
1993-05-06 00:00:00-04:00,25.715691375732423,25.715691375732423,22.858392333984376,23.81082534790039,162,0.0,0.0
1993-05-07 00:00:00-04:00,23.810819479135365,24.763252258300778,23.810819479135365,24.76325225830078,198,0.0,0.0
1993-05-10 00:00:00-04:00,24.763252258300778,24.763252258300778,22.85838669996995,24.76325225830078,470,0.0,0.0
1993-05-11 00:00:00-04:00,24.76325877507528,24.76325877507528,20.953526655832928,22.8583927154541,208,0.0,0.0
1993-05-12 00:00:00-04:00,24.763252258300778,24.763252258300778,24.763252258300778,24.76325225830078,6,0.0,0.0
1993-05-13 00:00:00-04:00,26.668124389648437,26.668124389648437,23.81082534790039,23.81082534790039,80,0.0,0.0
1993-05-14 00:00:00-04:00,20.95352554321289,20.95352554321289,20.95352554321289,20.95352554321289,188,0.0,0.0
1993-05-17 00:00:00-04:00,21.905961990356445,21.905961990356445,21.905961990356445,21.905961990356445,12,0.0,0.0
1993-05-18 00:00:00-04:00,21.905961990356445,21.905961990356445,21.905961990356445,21.905961990356445,0,0.0,0.0
1993-05-19 00:00:00-04:00,21.905961990356445,21.905961990356445,21.905961990356445,21.905961990356445,0,0.0,0.0
1993-05-20 00:00:00-04:00,21.90595852244984,21.90595852244984,20.95352554321289,20.95352554321289,130,0.0,0.0
1993-05-21 00:00:00-04:00,20.95352554321289,20.95352554321289,20.95352554321289,20.95352554321289,370,0.0,0.0
1993-05-24 00:00:00-04:00,20.95352554321289,20.95352554321289,20.95352554321289,20.95352554321289,0,0.0,0.0
1993-05-25 00:00:00-04:00,20.95352554321289,20.95352554321289,20.95352554321289,20.95352554321289,220,0.0,0.0
1993-05-26 00:00:00-04:00,20.95352554321289,20.95352554321289,20.95352554321289,20.95352554321289,380,0.0,0.0
1993-05-27 00:00:00-04:00,19.048663245307075,19.048663245307075,17.143796920776367,17.143796920776367,960,0.0,0.0
1993-05-28 00:00:00-04:00,22.85839589436849,22.85839589436849,17.143796920776367,17.143796920776367,554,0.0,0.0
1993-06-01 00:00:00-04:00,19.048663245307075,22.85839589436849,17.143796920776367,17.143796920776367,298,0.0,0.0
1993-06-02 00:00:00-04:00,17.143796920776367,17.143796920776367,17.143796920776367,17.143796920776367,0,0.0,0.0
1993-06-03 00:00:00-04:00,22.85839589436849,22.85839589436849,17.143796920776367,17.143796920776367,360,0.0,0.0
1993-06-04 00:00:00-04:00,22.858395046657986,25.715694427490234,19.048662538881654,25.715694427490234,958,0.0,0.0
1993-06-07 00:00:00-04:00,26.668117816631607,26.668117816631607,21.905953920804535,24.76325225830078,728,0.0,0.0
1993-06-08 00:00:00-04:00,26.66812341863459,26.66812341863459,20.95352554321289,20.95352554321289,540,0.0,0.0
1993-06-09 00:00:00-04:00,20.953521141639122,24.763252258300778,20.953521141639122,24.76325225830078,222,0.0,0.0
1993-06-10 00:00:00-04:00,24.76325836181641,24.76325836181641,23.81082534790039,23.81082534790039,260,0.0,0.0
1993-06-11 00:00:00-04:00,20.953521141639122,24.763252258300778,20.953521141639122,24.76325225830078,460,0.0,0.0
1993-06-14 00:00:00-04:00,24.763252258300778,24.763252258300778,24.763252258300778,24.76325225830078,110,0.0,0.0
1993-06-15 00:00:00-04:00,24.763261380402938,24.763261380402938,20.953528860340946,21.905961990356445,410,0.0,0.0
1993-06-16 00:00:00-04:00,24.763252258300778,24.763252258300778,24.763252258300778,24.76325225830078,190,0.0,0.0
1993-06-17 00:00:00-04:00,23.81082534790039,23.81082534790039,23.81082534790039,23.81082534790039,90,0.0,0.0
1993-06-18 00:00:00-04:00,24.763252258300778,24.763252258300778,24.763252258300778,24.76325225830078,64,0.0,0.0
1993-06-21 00:00:00-04:00,20.953526306152344,25.715691375732423,20.953526306152344,23.81082534790039,540,0.0,0.0
1993-06-22 00:00:00-04:00,20.95352554321289,20.95352554321289,20.95352554321289,20.95352554321289,30,0.0,0.0
1993-06-23 00:00:00-04:00,20.95352554321289,20.95352554321289,20.95352554321289,20.95352554321289,0,0.0,0.0
1993-06-24 00:00:00-04:00,20.95352554321289,20.95352554321289,20.95352554321289,20.95352554321289,480,0.0,0.0
1993-06-25 00:00:00-04:00,26.668117816631607,26.668117816631607,22.85838669996995,24.76325225830078,740,0.0,0.0
1993-06-28 00:00:00-04:00,24.763252258300778,24.763252258300778,24.763252258300778,24.76325225830078,0,0.0,0.0
1993-06-29 00:00:00-04:00,24.763252258300778,24.763252258300778,24.763252258300778,24.76325225830078,0,0.0,0.0
1993-06-30 00:00:00-04:00,24.76326084136963,26.668127059936523,23.81082773208618,26.668127059936523,160,0.0,0.0
1993-07-01 00:00:00-04:00,26.668127059936523,26.668127059936523,26.668127059936523,26.668127059936523,0,0.0,0.0
1993-07-02 00:00:00-04:00,26.668127059936523,26.668127059936523,26.668127059936523,26.668127059936523,22,0.0,0.0
1993-07-06 00:00:00-04:00,23.81082534790039,23.81082534790039,23.81082534790039,23.81082534790039,64,0.0,0.0
1993-07-07 00:00:00-04:00,26.668127059936523,26.668127059936523,26.668127059936523,26.668127059936523,100,0.0,0.0
1993-07-08 00:00:00-04:00,26.668124834696453,26.668124834696453,22.8583927154541,22.8583927154541,378,0.0,0.0
1993-07-09 00:00:00-04:00,22.8583927154541,22.8583927154541,22.8583927154541,22.8583927154541,0,0.0,0.0
1993-07-12 00:00:00-04:00,22.8583927154541,22.8583927154541,22.8583927154541,22.8583927154541,0,0.0,0.0
1993-07-13 00:00:00-04:00,22.8583927154541,22.8583927154541,22.8583927154541,22.8583927154541,0,0.0,0.0
1993-07-14 00:00:00-04:00,22.8583927154541,22.8583927154541,22.8583927154541,22.8583927154541,0,0.0,0.0
1993-07-15 00:00:00-04:00,22.8583927154541,22.8583927154541,22.8583927154541,22.8583927154541,0,0.0,0.0
1993-07-16 00:00:00-04:00,22.8583927154541,22.8583927154541,22.8583927154541,22.8583927154541,0,0.0,0.0
1993-07-19 00:00:00-04:00,19.048659584738992,20.95352554321289,19.048659584738992,20.95352554321289,48,0.0,0.0
1993-07-20 00:00:00-04:00,20.95352554321289,20.95352554321289,20.95352554321289,20.95352554321289,0,0.0,0.0
1993-07-21 00:00:00-04:00,20.95352554321289,20.95352554321289,20.95352554321289,20.95352554321289,0,0.0,0.0
1993-07-22 00:00:00-04:00,20.95352554321289,20.95352554321289,20.95352554321289,20.95352554321289,0,0.0,0.0
1993-07-23 00:00:00-04:00,24.763252258300778,24.763252258300778,24.763252258300778,24.76325225830078,10,0.0,0.0
1993-07-26 00:00:00-04:00,24.763252258300778,24.763252258300778,24.763252258300778,24.76325225830078,0,0.0,0.0
1993-07-27 00:00:00-04:00,24.763252258300778,24.763252258300778,24.763252258300778,24.76325225830078,0,0.0,0.0
1993-07-28 00:00:00-04:00,24.763252258300778,24.763252258300778,24.763252258300778,24.76325225830078,10,0.0,0.0
1993-07-29 00:00:00-04:00,20.00109362602234,22.8583927154541,20.00109362602234,22.8583927154541,84,0.0,0.0
1993-07-30 00:00:00-04:00,22.8583927154541,22.8583927154541,22.8583927154541,22.8583927154541,0,0.0,0.0
1993-08-02 00:00:00-04:00,22.8583927154541,22.8583927154541,22.8583927154541,22.8583927154541,0,0.0,0.0
1993-08-03 00:00:00-04:00,22.8583927154541,22.8583927154541,22.8583927154541,22.8583927154541,0,0.0,0.0
1993-08-04 00:00:00-04:00,26.668124834696453,26.668124834696453,22.8583927154541,22.8583927154541,40,0.0,0.0
1993-08-05 00:00:00-04:00,22.8583927154541,22.8583927154541,22.8583927154541,22.8583927154541,0,0.0,0.0
1993-08-06 00:00:00-04:00,22.8583927154541,22.8583927154541,22.8583927154541,22.8583927154541,0,0.0,0.0
1993-08-09 00:00:00-04:00,22.8583927154541,22.8583927154541,22.8583927154541,22.8583927154541,0,0.0,0.0
1993-08-10 00:00:00-04:00,20.00109362602234,26.668124834696453,20.00109362602234,22.8583927154541,158,0.0,0.0
1993-08-11 00:00:00-04:00,20.0010929107666,20.0010929107666,20.0010929107666,20.0010929107666,120,0.0,0.0
1993-08-12 00:00:00-04:00,20.0010929107666,20.0010929107666,20.0010929107666,20.0010929107666,0,0.0,0.0
1993-08-13 00:00:00-04:00,20.00109729766846,22.858396911621096,19.048664093017578,19.048664093017578,460,0.0,0.0
1993-08-16 00:00:00-04:00,19.048664093017578,19.048664093017578,19.048664093017578,19.048664093017578,0,0.0,0.0
1993-08-17 00:00:00-04:00,19.048664093017578,19.048664093017578,19.048664093017578,19.048664093017578,0,0.0,0.0
1993-08-18 00:00:00-04:00,20.001096407572426,22.85839589436849,17.143796920776367,17.143796920776367,68,0.0,0.0
1993-08-19 00:00:00-04:00,17.143796920776367,17.143796920776367,17.143796920776367,17.143796920776367,0,0.0,0.0
1993-08-20 00:00:00-04:00,17.143796920776367,17.143796920776367,17.143796920776367,17.143796920776367,0,0.0,0.0
1993-08-23 00:00:00-04:00,17.143796920776367,17.143796920776367,17.143796920776367,17.143796920776367,0,0.0,0.0
1993-08-24 00:00:00-04:00,17.14379392351423,20.0010929107666,17.14379392351423,20.0010929107666,84,0.0,0.0
1993-08-25 00:00:00-04:00,20.0010929107666,20.0010929107666,20.0010929107666,20.0010929107666,0,0.0,0.0
1993-08-26 00:00:00-04:00,20.0010929107666,20.0010929107666,20.0010929107666,20.0010929107666,0,0.0,0.0
1993-08-27 00:00:00-04:00,20.0010929107666,20.0010929107666,20.0010929107666,20.0010929107666,0,0.0,0.0
1993-08-30 00:00:00-04:00,20.0010929107666,20.0010929107666,20.0010929107666,20.0010929107666,0,0.0,0.0
1993-08-31 00:00:00-04:00,20.0010929107666,20.0010929107666,20.0010929107666,20.0010929107666,0,0.0,0.0
1993-09-01 00:00:00-04:00,20.0010929107666,20.0010929107666,20.0010929107666,20.0010929107666,0,0.0,0.0
1993-09-02 00:00:00-04:00,20.0010929107666,20.0010929107666,20.0010929107666,20.0010929107666,0,0.0,0.0
1993-09-03 00:00:00-04:00,22.8583927154541,22.8583927154541,22.8583927154541,22.8583927154541,4,0.0,0.0
1993-09-07 00:00:00-04:00,22.8583927154541,22.8583927154541,22.8583927154541,22.8583927154541,0,0.0,0.0
1993-09-08 00:00:00-04:00,22.8583927154541,22.8583927154541,22.8583927154541,22.8583927154541,0,0.0,0.0
1993-09-09 00:00:00-04:00,22.8583927154541,22.8583927154541,22.8583927154541,22.8583927154541,0,0.0,0.0
1993-09-10 00:00:00-04:00,15.238923914292279,16.191356658935547,15.238923914292279,16.191356658935547,524,0.0,0.0
1993-09-13 00:00:00-04:00,19.048664093017578,19.048664093017578,19.048664093017578,19.048664093017578,20,0.0,0.0
1993-09-14 00:00:00-04:00,19.048664093017578,19.048664093017578,19.048664093017578,19.048664093017578,0,0.0,0.0
1993-09-15 00:00:00-04:00,14.286495208740234,14.286495208740234,14.286495208740234,14.286495208740234,10,0.0,0.0
1993-09-16 00:00:00-04:00,17.143796920776367,17.143796920776367,17.143796920776367,17.143796920776367,40,0.0,0.0
1993-09-17 00:00:00-04:00,17.143796920776367,17.143796920776367,17.143796920776367,17.143796920776367,0,0.0,0.0
1993-09-20 00:00:00-04:00,17.143796920776367,17.143796920776367,17.143796920776367,17.143796920776367,0,0.0,0.0
1993-09-21 00:00:00-04:00,17.143796920776367,17.143796920776367,17.143796920776367,17.143796920776367,0,0.0,0.0
1993-09-22 00:00:00-04:00,17.143796920776367,17.143796920776367,17.143796920776367,17.143796920776367,0,0.0,0.0
1993-09-23 00:00:00-04:00,17.143796920776367,17.143796920776367,17.143796920776367,17.143796920776367,16,0.0,0.0
1993-09-24 00:00:00-04:00,17.143796920776367,17.143796920776367,17.143796920776367,17.143796920776367,50,0.0,0.0
1993-09-27 00:00:00-04:00,18.096235275268555,18.096235275268555,18.096235275268555,18.096235275268555,50,0.0,0.0
1993-09-28 00:00:00-04:00,18.096235275268555,18.096235275268555,18.096235275268555,18.096235275268555,0,0.0,0.0
1993-09-29 00:00:00-04:00,19.048664093017578,19.048664093017578,19.048664093017578,19.048664093017578,6,0.0,0.0
1993-09-30 00:00:00-04:00,19.048664093017578,19.048664093017578,19.048664093017578,19.048664093017578,0,0.0,0.0
1993-10-01 00:00:00-04:00,18.096235275268555,18.096235275268555,18.096235275268555,18.096235275268555,60,0.0,0.0
1993-10-04 00:00:00-04:00,16.191364479064944,19.048664093017578,16.191364479064944,19.048664093017578,114,0.0,0.0
1993-10-05 00:00:00-04:00,19.048664093017578,19.048664093017578,19.048664093017578,19.048664093017578,0,0.0,0.0
1993-10-06 00:00:00-04:00,20.95352554321289,20.95352554321289,20.95352554321289,20.95352554321289,26,0.0,0.0
1993-10-07 00:00:00-04:00,17.143796920776367,17.143796920776367,17.143796920776367,17.143796920776367,20,0.0,0.0
1993-10-08 00:00:00-04:00,17.143796920776367,17.143796920776367,17.143796920776367,17.143796920776367,0,0.0,0.0
1993-10-11 00:00:00-04:00,17.143796920776367,17.143796920776367,17.143796920776367,17.143796920776367,0,0.0,0.0
1993-10-12 00:00:00-04:00,17.143796920776367,17.143796920776367,17.143796920776367,17.143796920776367,0,0.0,0.0
1993-10-13 00:00:00-04:00,22.8583927154541,22.8583927154541,22.8583927154541,22.8583927154541,40,0.0,0.0
1993-10-14 00:00:00-04:00,22.8583927154541,22.8583927154541,22.8583927154541,22.8583927154541,0,0.0,0.0
1993-10-15 00:00:00-04:00,22.8583927154541,22.8583927154541,22.8583927154541,22.8583927154541,44,0.0,0.0
1993-10-18 00:00:00-04:00,22.8583927154541,22.8583927154541,22.8583927154541,22.8583927154541,0,0.0,0.0
1993-10-19 00:00:00-04:00,20.0010929107666,20.0010929107666,20.0010929107666,20.0010929107666,6,0.0,0.0
1993-10-20 00:00:00-04:00,22.85839150168679,22.85839150168679,20.95352554321289,20.95352554321289,44,0.0,0.0
1993-10-21 00:00:00-04:00,20.95352554321289,20.95352554321289,20.95352554321289,20.95352554321289,0,0.0,0.0
1993-10-22 00:00:00-04:00,22.8583927154541,22.8583927154541,22.8583927154541,22.8583927154541,40,0.0,0.0
1993-10-25 00:00:00-04:00,22.8583927154541,22.8583927154541,22.8583927154541,22.8583927154541,0,0.0,0.0
1993-10-26 00:00:00-04:00,19.048664093017578,19.048664093017578,19.048664093017578,19.048664093017578,30,0.0,0.0
1993-10-27 00:00:00-04:00,19.048664093017578,19.048664093017578,19.048664093017578,19.048664093017578,0,0.0,0.0
1993-10-28 00:00:00-04:00,19.048664093017578,19.048664093017578,19.048664093017578,19.048664093017578,0,0.0,0.0
1993-10-29 00:00:00-04:00,19.048664093017578,19.048664093017578,19.048664093017578,19.048664093017578,0,0.0,0.0
1993-11-01 00:00:00-05:00,19.048664093017578,19.048664093017578,19.048664093017578,19.048664093017578,0,0.0,0.0
1993-11-02 00:00:00-05:00,20.95353050231934,20.95353050231934,19.048664093017578,19.048664093017578,160,0.0,0.0
1993-11-03 00:00:00-05:00,19.048664093017578,19.048664093017578,19.048664093017578,19.048664093017578,0,0.0,0.0
1993-11-04 00:00:00-05:00,19.048664093017578,19.048664093017578,19.048664093017578,19.048664093017578,0,0.0,0.0
1993-11-05 00:00:00-05:00,19.048664093017578,19.048664093017578,19.048664093017578,19.048664093017578,0,0.0,0.0
1993-11-08 00:00:00-05:00,19.048664093017578,19.048664093017578,19.048664093017578,19.048664093017578,0,0.0,0.0
1993-11-09 00:00:00-05:00,19.048664093017578,19.048664093017578,19.048664093017578,19.048664093017578,96,0.0,0.0
1993-11-10 00:00:00-05:00,19.048664093017578,19.048664093017578,19.048664093017578,19.048664093017578,0,0.0,0.0
1993-11-11 00:00:00-05:00,19.048664093017578,19.048664093017578,19.048664093017578,19.048664093017578,0,0.0,0.0
1993-11-12 00:00:00-05:00,19.048664093017578,19.048664093017578,19.048664093017578,19.048664093017578,0,0.0,0.0
1993-11-15 00:00:00-05:00,19.048664093017578,19.048664093017578,19.048664093017578,19.048664093017578,0,0.0,0.0
1993-11-16 00:00:00-05:00,19.048664093017578,19.048664093017578,19.048664093017578,19.048664093017578,0,0.0,0.0
1993-11-17 00:00:00-05:00,22.8583927154541,22.8583927154541,22.8583927154541,22.8583927154541,46,0.0,0.0
1993-11-18 00:00:00-05:00,20.001096407572426,20.001096407572426,17.143796920776367,17.143796920776367,44,0.0,0.0
1993-11-19 00:00:00-05:00,17.143796920776367,17.143796920776367,17.143796920776367,17.143796920776367,0,0.0,0.0
1993-11-22 00:00:00-05:00,17.143796920776367,17.143796920776367,17.143796920776367,17.143796920776367,100,0.0,0.0
1993-11-23 00:00:00-05:00,17.143796920776367,17.143796920776367,17.143796920776367,17.143796920776367,0,0.0,0.0
1993-11-24 00:00:00-05:00,17.143796920776367,17.143796920776367,17.143796920776367,17.143796920776367,0,0.0,0.0
1993-11-26 00:00:00-05:00,17.143796920776367,17.143796920776367,17.143796920776367,17.143796920776367,0,0.0,0.0
1993-11-29 00:00:00-05:00,17.143796920776367,17.143796920776367,17.143796920776367,17.143796920776367,0,0.0,0.0
1993-11-30 00:00:00-05:00,17.143796920776367,17.143796920776367,17.143796920776367,17.143796920776367,2,0.0,0.0
1993-12-01 00:00:00-05:00,17.143794536590576,22.8583927154541,17.143794536590576,22.8583927154541,110,0.0,0.0
1993-12-02 00:00:00-05:00,19.048664093017578,19.048664093017578,19.048664093017578,19.048664093017578,20,0.0,0.0
1993-12-03 00:00:00-05:00,17.143796920776367,17.143796920776367,17.143796920776367,17.143796920776367,10,0.0,0.0
1993-12-06 00:00:00-05:00,17.143796920776367,17.143796920776367,17.143796920776367,17.143796920776367,0,0.0,0.0
1993-12-07 00:00:00-05:00,17.143796920776367,17.143796920776367,17.143796920776367,17.143796920776367,0,0.0,0.0
1993-12-08 00:00:00-05:00,17.143796920776367,17.143796920776367,17.143796920776367,17.143796920776367,0,0.0,0.0
1993-12-09 00:00:00-05:00,22.8583927154541,22.8583927154541,22.8583927154541,22.8583927154541,80,0.0,0.0
1993-12-10 00:00:00-05:00,22.8583927154541,22.8583927154541,22.8583927154541,22.8583927154541,0,0.0,0.0
1993-12-13 00:00:00-05:00,17.143796920776367,17.143796920776367,17.143796920776367,17.143796920776367,4,0.0,0.0
1993-12-14 00:00:00-05:00,17.143796920776367,17.143796920776367,17.143796920776367,17.143796920776367,156,0.0,0.0
1993-12-15 00:00:00-05:00,17.143796920776367,17.143796920776367,17.143796920776367,17.143796920776367,0,0.0,0.0
1993-12-16 00:00:00-05:00,17.143796920776367,17.143796920776367,17.143796920776367,17.143796920776367,0,0.0,0.0
1993-12-17 00:00:00-05:00,17.143796920776367,17.143796920776367,17.143796920776367,17.143796920776367,0,0.0,0.0
1993-12-20 00:00:00-05:00,17.143796920776367,17.143796920776367,17.143796920776367,17.143796920776367,0,0.0,0.0
1993-12-21 00:00:00-05:00,17.143796920776367,17.143796920776367,17.143796920776367,17.143796920776367,0,0.0,0.0
1993-12-22 00:00:00-05:00,17.143796920776367,17.143796920776367,17.143796920776367,17.143796920776367,0,0.0,0.0
1993-12-23 00:00:00-05:00,17.143796920776367,17.143796920776367,17.143796920776367,17.143796920776367,0,0.0,0.0
1993-12-27 00:00:00-05:00,17.143796920776367,17.143796920776367,17.143796920776367,17.143796920776367,0,0.0,0.0
1993-12-28 00:00:00-05:00,17.143796920776367,17.143796920776367,17.143796920776367,17.143796920776367,24,0.0,0.0
1993-12-29 00:00:00-05:00,21.905961990356445,21.905961990356445,21.905961990356445,21.905961990356445,40,0.0,0.0
1993-12-30 00:00:00-05:00,21.905961990356445,21.905961990356445,21.905961990356445,21.905961990356445,0,0.0,0.0
1993-12-31 00:00:00-05:00,17.143796920776367,17.143796920776367,17.143796920776367,17.143796920776367,2,0.0,0.0
1994-01-03 00:00:00-05:00,17.143796920776367,17.143796920776367,17.143796920776367,17.143796920776367,0,0.0,0.0
1994-01-04 00:00:00-05:00,22.8583927154541,22.8583927154541,22.8583927154541,22.8583927154541,20,0.0,0.0
1994-01-05 00:00:00-05:00,20.0010929107666,20.0010929107666,20.0010929107666,20.0010929107666,40,0.0,0.0
1994-01-06 00:00:00-05:00,22.858391898018976,22.858391898018976,20.0010929107666,20.0010929107666,140,0.0,0.0
1994-01-07 00:00:00-05:00,20.0010929107666,20.0010929107666,20.0010929107666,20.0010929107666,0,0.0,0.0
1994-01-10 00:00:00-05:00,20.0010929107666,20.0010929107666,20.0010929107666,20.0010929107666,0,0.0,0.0
1994-01-11 00:00:00-05:00,22.858391898018976,22.858391898018976,17.14379392351423,20.0010929107666,1134,0.0,0.0
1994-01-12 00:00:00-05:00,22.85839150168679,22.85839150168679,17.143793626265094,20.95352554321289,328,0.0,0.0
1994-01-13 00:00:00-05:00,22.8583927154541,22.8583927154541,20.00109362602234,22.8583927154541,1598,0.0,0.0
1994-01-14 00:00:00-05:00,22.85838587143842,34.28757880715763,22.85838587143842,32.382713317871094,5178,0.0,0.0
1994-01-17 00:00:00-05:00,34.28759536743164,38.097328186035156,30.477862548828128,38.097328186035156,3962,0.0,0.0
1994-01-18 00:00:00-05:00,41.90706100463868,41.90706100463868,34.28759536743164,38.097328186035156,3010,0.0,0.0
1994-01-19 00:00:00-05:00,41.90705181303478,41.90705181303478,34.28758784702846,40.0021858215332,4230,0.0,0.0
1994-01-20 00:00:00-05:00,34.28758725253019,41.90705108642578,34.28758725253019,41.90705108642578,1868,0.0,0.0
1994-01-21 00:00:00-05:00,41.90705181303478,41.90705181303478,36.19245383853004,40.0021858215332,3178,0.0,0.0
1994-01-24 00:00:00-05:00,43.81191179228992,43.81191179228992,38.097314601991236,39.049747467041016,2454,0.0,0.0
1994-01-25 00:00:00-05:00,41.90704606219036,41.90704606219036,38.097314601991236,39.049747467041016,2778,0.0,0.0
1994-01-26 00:00:00-05:00,41.90705108642578,41.90705108642578,36.192453211004086,41.90705108642578,1050,0.0,0.0
1994-01-27 00:00:00-05:00,41.907042283278244,49.526504516601555,40.00217672494741,49.52650451660156,3194,0.0,0.0
1994-01-28 00:00:00-05:00,49.52651587952958,49.52651587952958,41.9070518980635,44.76435089111328,2110,0.0,0.0
1994-01-31 00:00:00-05:00,45.7167854309082,45.7167854309082,44.76435240109762,45.7167854309082,1854,0.0,0.0
1994-02-01 00:00:00-05:00,45.7167733999399,49.526504516601555,45.7167733999399,49.52650451660156,2936,0.0,0.0
1994-02-02 00:00:00-05:00,49.52651672363282,57.14598083496094,45.71678466796875,57.14598083496094,2936,0.0,0.0
1994-02-03 00:00:00-05:00,59.05085606045193,68.57518768310547,55.24112341139051,68.57518768310547,3026,0.0,0.0
1994-02-04 00:00:00-05:00,68.57518826998198,80.00438631497897,66.67032192914914,74.28978729248047,4962,0.0,0.0
1994-02-07 00:00:00-05:00,72.38490642200817,87.62383408979936,68.57517450506037,83.81410217285156,2692,0.0,0.0
1994-02-08 00:00:00-05:00,89.52870237672484,89.52870237672484,68.5751762885552,73.33734130859375,3458,0.0,0.0
1994-02-09 00:00:00-05:00,76.19462270585318,76.19462270585318,55.24110146174355,60.003265380859375,4416,0.0,0.0
1994-02-10 00:00:00-05:00,57.145978754216976,63.813009608875625,57.145978754216976,62.86057662963867,1374,0.0,0.0
1994-02-11 00:00:00-05:00,62.86057341098786,62.86057341098786,51.4313782453537,60.95570755004883,1582,0.0,0.0
1994-02-14 00:00:00-05:00,60.95569635206653,60.95569635206653,53.336234308058216,59.05083084106445,410,0.0,0.0
1994-02-15 00:00:00-05:00,59.05084168910981,60.955707550048835,53.336244106292725,60.95570755004883,864,0.0,0.0
1994-02-16 00:00:00-05:00,60.955712890625,66.6703109741211,57.14598083496094,66.6703109741211,586,0.0,0.0
1994-02-17 00:00:00-05:00,66.67034048783152,72.38494110107422,65.71790705229107,72.38494110107422,552,0.0,0.0
1994-02-18 00:00:00-05:00,72.38488859288833,72.38488859288833,64.76542663574219,64.76542663574219,590,0.0,0.0
1994-02-22 00:00:00-05:00,64.76544494628907,68.57517700195312,64.76544494628907,66.6703109741211,416,0.0,0.0
1994-02-23 00:00:00-05:00,68.57517700195312,74.28977508544922,64.76544494628907,66.6703109741211,480,0.0,0.0
1994-02-24 00:00:00-05:00,70.48004046353427,70.48004046353427,62.86057662963867,62.86057662963867,672,0.0,0.0
1994-02-25 00:00:00-05:00,62.86056114645565,66.67029212502872,60.955695657169116,64.76542663574219,202,0.0,0.0
1994-02-28 00:00:00-05:00,66.67032192914914,74.28978729248047,66.67032192914914,74.28978729248047,1224,0.0,0.0
1994-03-01 00:00:00-05:00,76.19463833895597,83.81410217285156,70.48004046353427,83.81410217285156,5008,0.0,0.0
1994-03-02 00:00:00-05:00,83.81412221150227,83.81412221150227,72.3849237281156,79.05195617675781,3910,0.0,0.0
1994-03-03 00:00:00-05:00,81.90923763456799,83.81410362606957,76.19463966006325,80.0043716430664,3084,0.0,0.0
1994-03-04 00:00:00-05:00,80.0043866192853,80.0043866192853,76.19465392312885,77.14708709716797,1654,0.0,0.0
1994-03-07 00:00:00-05:00,80.0043821113054,81.90924835205078,72.38491714832394,81.90924835205078,1404,0.0,0.0
1994-03-08 00:00:00-05:00,85.71898083354151,87.62384707428687,78.09951587056004,81.90924835205078,946,0.0,0.0
1994-03-09 00:00:00-05:00,83.81411459279614,83.81411459279614,78.09951587056004,81.90924835205078,828,0.0,0.0
1994-03-10 00:00:00-05:00,83.81410217285156,83.81410217285156,78.09950429742987,83.81410217285156,798,0.0,0.0
1994-03-11 00:00:00-05:00,83.81410362606957,83.81410362606957,78.09950565156483,80.0043716430664,952,0.0,0.0
1994-03-14 00:00:00-05:00,83.81410217285156,83.81410217285156,78.09950429742987,83.81410217285156,800,0.0,0.0
1994-03-15 00:00:00-05:00,83.814103796127,89.52870178222656,78.09950581002742,89.52870178222656,1136,0.0,0.0
1994-03-16 00:00:00-05:00,89.52871422145678,89.52871422145678,83.81411544136378,87.62384796142578,830,0.0,0.0
1994-03-17 00:00:00-05:00,91.43358587449596,91.43358587449596,80.00438764018396,88.57628631591797,1408,0.0,0.0
1994-03-18 00:00:00-05:00,91.4335693359375,95.24330139160156,85.7189712524414,95.24330139160156,2036,0.0,0.0
1994-03-21 00:00:00-05:00,95.24327555010396,118.1016616821289,91.4335445280998,118.1016616821289,3270,0.0,0.0
1994-03-22 00:00:00-05:00,118.10170351225756,118.10170351225756,106.67250639816811,110.48223876953125,2622,0.0,0.0
1994-03-23 00:00:00-05:00,114.29197311401367,114.29197311401367,106.6725082397461,106.6725082397461,1734,0.0,0.0
1994-03-24 00:00:00-05:00,106.6725082397461,114.29197311401367,103.81520891189575,106.6725082397461,870,0.0,0.0
1994-03-25 00:00:00-05:00,99.05300903320311,106.67247126652643,99.05300903320311,99.05300903320312,1146,0.0,0.0
1994-03-28 00:00:00-05:00,99.05302745891066,106.67249110959611,91.43356380822523,100.95789337158203,672,0.0,0.0
1994-03-29 00:00:00-05:00,97.14816904067993,102.86276721954346,91.4335708618164,91.4335708618164,1382,0.0,0.0
1994-03-30 00:00:00-05:00,95.24330298105876,95.24330298105876,85.71897268295288,91.4335708618164,2442,0.0,0.0
1994-03-31 00:00:00-05:00,99.05304165544182,114.2919711408944,93.3384430983971,110.48223876953125,2356,0.0,0.0
1994-04-04 00:00:00-04:00,102.86277817946214,123.8163070678711,102.86277817946214,123.8163070678711,3814,0.0,0.0
1994-04-05 00:00:00-04:00,125.7211499160595,171.4379317037175,125.7211499160595,169.53306579589844,13288,0.0,0.0
1994-04-06 00:00:00-04:00,175.24769414857374,201.9158215190089,163.81849670410156,163.81849670410156,15560,0.0,0.0
1994-04-07 00:00:00-04:00,167.62816913311298,201.9157491830679,156.198975783128,198.10601806640625,6966,0.0,0.0
1994-04-08 00:00:00-04:00,198.10605755974262,205.72552131204043,186.67686193129595,194.29632568359375,7866,0.0,0.0
1994-04-11 00:00:00-04:00,186.67689159304595,194.29635655602743,144.76983429664787,163.81849670410156,7124,0.0,0.0
1994-04-12 00:00:00-04:00,163.8185111999512,163.8185111999512,125.72118301391602,152.38931274414062,7156,0.0,0.0
1994-04-13 00:00:00-04:00,152.38929925962935,175.24769414857374,152.38929925962935,163.81849670410156,2702,0.0,0.0
1994-04-14 00:00:00-04:00,163.818507554796,186.6769039577908,156.1990420871311,171.43797302246094,2122,0.0,0.0
1994-04-15 00:00:00-04:00,179.05739817899814,194.29632568359372,171.43793442670037,194.29632568359375,2762,0.0,0.0
1994-04-18 00:00:00-04:00,190.48657291149965,194.29630436972965,171.43791562034968,180.0098114013672,2326,0.0,0.0
1994-04-19 00:00:00-04:00,182.86717633928572,182.86717633928572,160.00877929687502,166.67581176757812,1606,0.0,0.0
1994-04-20 00:00:00-04:00,160.00877482096354,171.43797302246094,160.00877482096354,171.43797302246094,958,0.0,0.0
1994-04-21 00:00:00-04:00,171.43793626265094,175.24766817959872,159.0563075325706,167.62820434570312,1216,0.0,0.0
1994-04-22 00:00:00-04:00,167.6282291855923,167.6282291855923,160.0087642226108,163.81849670410156,788,0.0,0.0
1994-04-25 00:00:00-04:00,167.62820434570312,171.43793626265094,158.10387455333364,167.62820434570312,1246,0.0,0.0
1994-04-26 00:00:00-04:00,163.81849670410156,175.24769414857374,161.43741390316984,163.81849670410156,760,0.0,0.0
1994-04-28 00:00:00-04:00,171.43793626265094,171.43793626265094,160.00874051180753,167.62820434570312,1126,0.0,0.0
1994-04-29 00:00:00-04:00,160.00874051180753,171.43793626265094,160.00874051180753,167.62820434570312,674,0.0,0.0
1994-05-02 00:00:00-04:00,167.6282440185547,175.24770965576172,152.38931274414062,152.38931274414062,1792,0.0,0.0
1994-05-03 00:00:00-04:00,140.96007370948792,148.57953715324402,110.48221993446352,121.91141510009766,6076,0.0,0.0
1994-05-04 00:00:00-04:00,118.1016616821289,125.72112372613722,114.29193066012475,118.1016616821289,3420,0.0,0.0
1994-05-05 00:00:00-04:00,121.91144476996527,137.15037536621094,114.29197947184244,137.15037536621094,1888,0.0,0.0
1994-05-06 00:00:00-04:00,133.3405962981631,137.15032762096774,118.10167100694444,132.8643798828125,1392,0.0,0.0
1994-05-09 00:00:00-04:00,137.15031522863052,137.15031522863052,129.53085327148438,129.53085327148438,646,0.0,0.0
1994-05-10 00:00:00-04:00,133.34063838078424,133.34063838078424,118.1017082801232,123.8163070678711,1304,0.0,0.0
1994-05-11 00:00:00-04:00,129.53088989257813,133.3406219482422,121.91142578125,133.3406219482422,914,0.0,0.0
1994-05-12 00:00:00-04:00,125.72115325927734,129.53088517622515,118.10168942538175,125.72115325927734,218,0.0,0.0
1994-05-13 00:00:00-04:00,121.91139131433823,129.53085327148438,121.91139131433823,129.53085327148438,440,0.0,0.0
1994-05-16 00:00:00-04:00,129.53085327148438,133.34058425005745,125.7211222929113,129.53085327148438,606,0.0,0.0
1994-05-17 00:00:00-04:00,125.72119140624999,137.150390625,125.72119140624999,131.435791015625,408,0.0,0.0
1994-05-18 00:00:00-04:00,137.15034901012075,137.15034901012075,125.72115325927734,125.72115325927734,304,0.0,0.0
1994-05-19 00:00:00-04:00,125.72116872426625,140.96009826660156,125.72116872426625,140.96009826660156,776,0.0,0.0
1994-05-20 00:00:00-04:00,144.76988220214844,152.38934968647206,133.34068097566305,144.76988220214844,908,0.0,0.0
1994-05-23 00:00:00-04:00,152.38931274414062,152.38931274414062,144.7698471069336,152.38931274414062,566,0.0,0.0
1994-05-24 00:00:00-04:00,152.38925840796495,156.19898986816406,144.76979548756668,156.19898986816406,708,0.0,0.0
1994-05-25 00:00:00-04:00,148.57956677813863,163.81849670410156,148.57956677813863,163.81849670410156,2190,0.0,0.0
1994-05-26 00:00:00-04:00,163.81847242875534,167.62820434570312,160.00874051180753,167.62820434570312,772,0.0,0.0
1994-05-27 00:00:00-04:00,163.81847242875534,179.05740009654653,163.81847242875534,167.62820434570312,1764,0.0,0.0
1994-05-31 00:00:00-04:00,167.62820434570312,171.43793626265094,163.81847242875534,167.62820434570312,1336,0.0,0.0
1994-06-01 00:00:00-04:00,171.43794536590576,186.67687384287518,160.0087490081787,182.8671417236328,3812,0.0,0.0
1994-06-02 00:00:00-04:00,186.67687072753907,201.91579895019532,186.67687072753907,190.48660278320312,2326,0.0,0.0
1994-06-03 00:00:00-04:00,198.10606689453127,198.10606689453127,186.67687072753907,190.48660278320312,1386,0.0,0.0
1994-06-06 00:00:00-04:00,190.4866276955118,198.10609280333227,186.67689514160156,186.67689514160156,1964,0.0,0.0
1994-06-07 00:00:00-04:00,182.86716096297553,194.2963585231615,163.8184983626656,175.24769592285156,2070,0.0,0.0
1994-06-08 00:00:00-04:00,163.81847242875534,167.62820434570312,152.38927667791194,167.62820434570312,1366,0.0,0.0
1994-06-09 00:00:00-04:00,163.81847242875534,171.43793626265094,163.81847242875534,167.62820434570312,594,0.0,0.0
1994-06-10 00:00:00-04:00,163.81845523609834,167.6281867532169,160.00872371897978,161.91358947753906,978,0.0,0.0
1994-06-13 00:00:00-04:00,156.19902565696023,167.62822265625002,156.19902565696023,157.15145874023438,286,0.0,0.0
1994-06-14 00:00:00-04:00,167.62820434570312,167.62820434570312,156.19900859485975,167.62820434570312,628,0.0,0.0
1994-06-15 00:00:00-04:00,167.62820160460328,167.62820160460328,156.19900604065305,159.05630493164062,698,0.0,0.0
1994-06-16 00:00:00-04:00,156.19898986816406,163.8184527885623,156.19898986816406,156.19898986816406,228,0.0,0.0
1994-06-17 00:00:00-04:00,163.81849670410156,163.81849670410156,156.19903174112008,163.81849670410156,386,0.0,0.0
1994-06-20 00:00:00-04:00,163.81850593472703,163.81850593472703,154.29417419433594,154.29417419433594,416,0.0,0.0
1994-06-21 00:00:00-04:00,160.0087432861328,163.81847526913597,152.3892793201265,160.0087432861328,882,0.0,0.0
1994-06-22 00:00:00-04:00,163.8185111999512,163.8185111999512,148.57957992553713,152.38931274414062,456,0.0,0.0
1994-06-23 00:00:00-04:00,160.0087432861328,160.0087432861328,148.57954733712333,160.0087432861328,314,0.0,0.0
1994-06-24 00:00:00-04:00,160.00877838134767,160.00877838134767,147.62714672088623,152.38931274414062,670,0.0,0.0
1994-06-27 00:00:00-04:00,152.38922316028226,152.38922316028226,144.76976200226812,147.62705993652344,798,0.0,0.0
1994-06-28 00:00:00-04:00,152.38927667791194,167.62820434570312,144.76981284401634,167.62820434570312,806,0.0,0.0
1994-06-29 00:00:00-04:00,167.62820434570312,175.24766817959872,156.19900859485975,167.62820434570312,1500,0.0,0.0
1994-06-30 00:00:00-04:00,163.81847242875534,167.62820434570312,160.00874051180753,167.62820434570312,320,0.0,0.0
1994-07-01 00:00:00-04:00,167.62818424876144,167.62818424876144,156.19898986816406,156.19898986816406,86,0.0,0.0
1994-07-05 00:00:00-04:00,167.62820725213913,171.43793923514232,156.19901130312965,160.0087432861328,716,0.0,0.0
1994-07-06 00:00:00-04:00,163.81848112742108,182.8671417236328,163.81848112742108,182.8671417236328,1434,0.0,0.0
1994-07-07 00:00:00-04:00,171.4379199583139,194.29630928608907,171.4379199583139,191.4390106201172,1674,0.0,0.0
1994-07-08 00:00:00-04:00,190.4865772048862,194.29630874898393,163.81845639620212,164.77088928222656,1696,0.0,0.0
1994-07-11 00:00:00-04:00,175.2477057562934,175.2477057562934,163.818507554796,171.43797302246094,862,0.0,0.0
1994-07-12 00:00:00-04:00,171.43794536590576,182.8671417236328,171.43794536590576,182.8671417236328,716,0.0,0.0
1994-07-13 00:00:00-04:00,182.86716258769133,186.67689514160156,171.4379649259606,186.67689514160156,848,0.0,0.0
1994-07-14 00:00:00-04:00,186.67689348303753,190.48662600309953,175.24769592285156,175.24769592285156,1710,0.0,0.0
1994-07-15 00:00:00-04:00,175.2476470785797,182.86710999503967,167.6281841621197,180.0098114013672,1972,0.0,0.0
1994-07-18 00:00:00-04:00,182.867138671875,190.48660278320312,179.05740661621095,190.48660278320312,1184,0.0,0.0
1994-07-19 00:00:00-04:00,190.48662600309953,190.48662600309953,175.24769592285156,175.24769592285156,640,0.0,0.0
1994-07-20 00:00:00-04:00,186.67689514160156,186.67689514160156,171.4379649259606,186.67689514160156,320,0.0,0.0
1994-07-21 00:00:00-04:00,186.67687384287518,186.67687384287518,175.24767748514813,182.8671417236328,656,0.0,0.0
1994-07-22 00:00:00-04:00,182.86711887668918,182.86711887668918,171.43792394689612,176.20008850097656,800,0.0,0.0
1994-07-25 00:00:00-04:00,182.8671417236328,190.48660596211752,171.43794536590576,182.8671417236328,1016,0.0,0.0
1994-07-26 00:00:00-04:00,194.29636024942204,194.29636024942204,179.0574300337811,186.67689514160156,408,0.0,0.0
1994-07-27 00:00:00-04:00,186.67689514160156,186.67689514160156,179.0574300337811,186.67689514160156,416,0.0,0.0
1994-07-28 00:00:00-04:00,186.6768675459192,186.6768675459192,171.43793958298704,179.05740356445312,862,0.0,0.0
1994-07-29 00:00:00-04:00,171.43796340278956,175.24769592285156,167.62823088272756,175.24769592285156,264,0.0,0.0
1994-08-01 00:00:00-04:00,175.24767157372008,179.05740356445312,167.628207592254,179.05740356445312,302,0.0,0.0
1994-08-02 00:00:00-04:00,167.62823088272756,179.05742844291356,167.62823088272756,175.24769592285156,278,0.0,0.0
1994-08-03 00:00:00-04:00,167.628207592254,179.05740356445312,163.81847560152093,179.05740356445312,570,0.0,0.0
1994-08-04 00:00:00-04:00,171.43793958298704,179.05740356445312,167.628207592254,179.05740356445312,276,0.0,0.0
1994-08-05 00:00:00-04:00,175.2477057562934,175.2477057562934,163.818507554796,171.43797302246094,1130,0.0,0.0
1994-08-08 00:00:00-04:00,171.4379772508001,175.24771007859565,156.19904593961786,158.10391235351562,952,0.0,0.0
1994-08-09 00:00:00-04:00,160.0087642226108,163.81849670410156,156.19903174112008,163.81849670410156,800,0.0,0.0
1994-08-10 00:00:00-04:00,163.8184527885623,167.62818424876144,156.19898986816406,156.19898986816406,306,0.0,0.0
1994-08-11 00:00:00-04:00,163.81850136776706,163.81850136776706,156.19903618787092,160.4849853515625,248,0.0,0.0
1994-08-12 00:00:00-04:00,163.81849670410156,163.81849670410156,156.19903174112008,163.81849670410156,164,0.0,0.0
1994-08-15 00:00:00-04:00,163.81847526913597,163.81847526913597,156.19901130312965,160.0087432861328,454,0.0,0.0
1994-08-16 00:00:00-04:00,163.8184903231534,163.8184903231534,156.19902565696023,157.15145874023438,648,0.0,0.0
1994-08-17 00:00:00-04:00,156.19904556274415,160.00877838134767,148.57957992553713,152.38931274414062,580,0.0,0.0
1994-08-18 00:00:00-04:00,156.19901428222656,156.19901428222656,133.3406219482422,133.3406219482422,1736,0.0,0.0
1994-08-19 00:00:00-04:00,140.96006875142564,140.96006875142564,121.9114108120438,130.48330688476562,1030,0.0,0.0
1994-08-22 00:00:00-04:00,133.34068097566305,144.76988220214844,125.72121349133944,144.76988220214844,678,0.0,0.0
1994-08-23 00:00:00-04:00,144.7698419032953,152.38930726662662,140.9601092216296,148.57957458496094,268,0.0,0.0
1994-08-24 00:00:00-04:00,144.7698471069336,156.19904556274415,144.7698471069336,152.38931274414062,642,0.0,0.0
1994-08-25 00:00:00-04:00,152.38931274414062,152.38931274414062,140.9601142883301,152.38931274414062,316,0.0,0.0
1994-08-26 00:00:00-04:00,152.38930726662662,152.38930726662662,140.9601092216296,148.57957458496094,146,0.0,0.0
1994-08-29 00:00:00-04:00,148.57957458496094,148.57957458496094,142.86497556246246,148.57957458496094,174,0.0,0.0
1994-08-30 00:00:00-04:00,148.57954223632814,152.38927408854167,140.96007853190105,142.8649444580078,228,0.0,0.0
1994-08-31 00:00:00-04:00,148.57957458496094,148.57957458496094,140.9601092216296,148.57957458496094,120,0.0,0.0
1994-09-01 00:00:00-04:00,148.5795630377692,148.5795630377692,133.3406334954339,140.96009826660156,372,0.0,0.0
1994-09-02 00:00:00-04:00,133.3406427171495,140.96010801527234,129.5309100680881,137.15037536621094,538,0.0,0.0
1994-09-06 00:00:00-04:00,129.5308547481414,137.1503167921497,118.1016616821289,118.1016616821289,868,0.0,0.0
1994-09-07 00:00:00-04:00,118.10174600701585,144.76988220214844,118.10174600701585,144.76988220214844,1224,0.0,0.0
1994-09-08 00:00:00-04:00,133.3406427171495,144.76984066433377,133.3406427171495,137.15037536621094,454,0.0,0.0
1994-09-09 00:00:00-04:00,144.7698419032953,148.57957458496094,133.34064385829828,148.57957458496094,440,0.0,0.0
1994-09-12 00:00:00-04:00,152.38929100285947,152.38929100285947,140.960094177645,145.72225952148438,254,0.0,0.0
1994-09-13 00:00:00-04:00,152.38930726662662,152.38930726662662,140.9601092216296,148.57957458496094,174,0.0,0.0
1994-09-14 00:00:00-04:00,156.19898986816406,156.19898986816406,148.57952694776583,156.19898986816406,242,0.0,0.0
1994-09-15 00:00:00-04:00,156.19903979255156,156.19903979255156,147.1509246826172,147.1509246826172,242,0.0,0.0
1994-09-16 00:00:00-04:00,152.38931274414062,152.38931274414062,147.1509301185608,152.38931274414062,188,0.0,0.0
1994-09-19 00:00:00-04:00,152.38930726662662,152.38930726662662,137.15037653996396,148.57957458496094,470,0.0,0.0
1994-09-20 00:00:00-04:00,152.38934968647206,152.38934968647206,144.76988220214844,144.76988220214844,164,0.0,0.0
1994-09-21 00:00:00-04:00,152.3892636330712,152.3892636330712,143.81736755371094,143.81736755371094,282,0.0,0.0
1994-09-22 00:00:00-04:00,148.57961594431026,148.57961594431026,137.15041471782484,144.76988220214844,270,0.0,0.0
1994-09-23 00:00:00-04:00,144.7698419032953,148.57957458496094,140.9601092216296,148.57957458496094,282,0.0,0.0
1994-09-26 00:00:00-04:00,140.96010801527234,148.57957331339517,137.15037536621094,137.15037536621094,280,0.0,0.0
1994-09-27 00:00:00-04:00,144.76988220214844,144.76988220214844,137.15041471782484,144.76988220214844,90,0.0,0.0
1994-09-28 00:00:00-04:00,144.76982954858053,144.76982954858053,129.53090012241418,135.24549865722656,526,0.0,0.0
1994-09-29 00:00:00-04:00,137.15037536621094,137.15037536621094,129.5309100680881,137.15037536621094,178,0.0,0.0
1994-09-30 00:00:00-04:00,129.5309100680881,137.15037536621094,129.5309100680881,137.15037536621094,220,0.0,0.0
1994-10-03 00:00:00-04:00,129.53088989257813,137.15035400390624,129.53088989257813,133.3406219482422,246,0.0,0.0
1994-10-04 00:00:00-04:00,137.15031522863052,137.15031522863052,129.53085327148438,129.53085327148438,262,0.0,0.0
1994-10-05 00:00:00-04:00,133.3406219482422,133.3406219482422,125.72115783691407,133.3406219482422,242,0.0,0.0
1994-10-06 00:00:00-04:00,133.3406219482422,133.3406219482422,125.72115783691407,133.3406219482422,358,0.0,0.0
1994-10-07 00:00:00-04:00,133.3406219482422,133.3406219482422,125.72115783691407,133.3406219482422,348,0.0,0.0
1994-10-10 00:00:00-04:00,133.34061709317294,133.34061709317294,125.72115325927734,125.72115325927734,100,0.0,0.0
1994-10-11 00:00:00-04:00,133.3406334954339,144.76983065218536,129.53090110985008,140.96009826660156,354,0.0,0.0
1994-10-12 00:00:00-04:00,144.76983065218536,144.76983065218536,136.19793278462177,140.96009826660156,594,0.0,0.0
1994-10-13 00:00:00-04:00,148.57957458496094,148.57957458496094,140.9601092216296,148.57957458496094,476,0.0,0.0
1994-10-14 00:00:00-04:00,148.57957458496094,148.57957458496094,140.9601092216296,148.57957458496094,404,0.0,0.0
1994-10-17 00:00:00-04:00,148.57957992553713,152.38931274414062,140.9601142883301,152.38931274414062,198,0.0,0.0
1994-10-18 00:00:00-04:00,152.38929542335302,152.38929542335302,140.96009826660156,140.96009826660156,52,0.0,0.0
1994-10-19 00:00:00-04:00,148.57952694776583,156.19898986816406,133.34060110696933,156.19898986816406,3742,0.0,0.0
1994-10-20 00:00:00-04:00,160.00873086179374,167.62819423616486,152.3892674874226,153.8179168701172,3274,0.0,0.0
1994-10-21 00:00:00-04:00,163.8185111999512,163.8185111999512,152.38931274414062,152.38931274414062,1876,0.0,0.0
1994-10-24 00:00:00-04:00,152.38927667791194,167.62820434570312,152.38927667791194,167.62820434570312,1150,0.0,0.0
1994-10-25 00:00:00-04:00,171.43793626265094,171.43793626265094,160.00874051180753,167.62820434570312,962,0.0,0.0
1994-10-26 00:00:00-04:00,167.62819183259586,167.62819183259586,160.00872856747787,161.4373779296875,266,0.0,0.0
1994-10-27 00:00:00-04:00,167.6282291855923,167.6282291855923,156.19903174112008,163.81849670410156,810,0.0,0.0
1994-10-28 00:00:00-04:00,163.8184527885623,163.8184527885623,156.19898986816406,156.19898986816406,240,0.0,0.0
1994-10-31 00:00:00-05:00,156.19903281882958,205.72555541992188,156.19903281882958,205.72555541992188,7432,0.0,0.0
1994-11-01 00:00:00-05:00,228.58393618935034,236.20340072899535,209.5352748402378,217.1547393798828,28504,0.0,0.0
1994-11-02 00:00:00-05:00,220.96445922851564,232.39365539550784,200.01093292236328,228.58392333984375,20212,0.0,0.0
1994-11-03 00:00:00-05:00,228.58392913956448,228.58392913956448,194.2963397686298,210.48770141601562,11488,0.0,0.0
1994-11-04 00:00:00-05:00,209.53525039384948,217.15471404453493,197.15362196148567,201.91578674316406,8892,0.0,0.0
1994-11-07 00:00:00-05:00,205.72554900866595,228.58394334296216,194.29635184151783,226.6790771484375,9826,0.0,0.0
1994-11-08 00:00:00-05:00,228.58395894368488,274.3007507324219,228.58395894368488,274.3007507324219,11296,0.0,0.0
1994-11-09 00:00:00-05:00,274.3007372772045,274.3007372772045,243.82287757973734,253.82342529296875,10590,0.0,0.0
1994-11-10 00:00:00-05:00,251.44235140259502,255.25208399960405,240.013153611568,244.29910278320312,4188,0.0,0.0
1994-11-11 00:00:00-05:00,247.632541585589,262.87146722162527,240.01307876757087,256.2044372558594,3264,0.0,0.0
1994-11-14 00:00:00-05:00,262.87153460528395,293.3493936899546,259.06180221970016,281.9201965332031,9682,0.0,0.0
1994-11-15 00:00:00-05:00,289.5396613043707,293.3493936899546,278.11046414761927,281.9201965332031,6138,0.0,0.0
1994-11-16 00:00:00-05:00,281.9201442770762,281.9201442770762,266.6812175593964,278.11041259765625,5606,0.0,0.0
1994-11-17 00:00:00-05:00,278.11051432291663,278.11051432291663,259.0618489583333,262.87158203125,3030,0.0,0.0
1994-11-18 00:00:00-05:00,266.68127419490577,266.68127419490577,255.2520767294098,265.25262451171875,2946,0.0,0.0
1994-11-21 00:00:00-05:00,262.8714375215418,274.30063045726104,259.06170654296875,259.06170654296875,3188,0.0,0.0
1994-11-22 00:00:00-05:00,262.8715022693981,262.8715022693981,247.6325746016069,251.4423065185547,4192,0.0,0.0
1994-11-23 00:00:00-05:00,243.82279265873015,251.44225492931545,232.39359925285217,240.0130615234375,4290,0.0,0.0
1994-11-25 00:00:00-05:00,240.0131107677113,251.4423065185547,236.2033788507635,251.4423065185547,2100,0.0,0.0
1994-11-28 00:00:00-05:00,255.2520384355025,255.2520384355025,240.0131107677113,251.4423065185547,3578,0.0,0.0
1994-11-29 00:00:00-05:00,251.44234666090745,251.44234666090745,238.10828282282904,247.6326141357422,3224,0.0,0.0
1994-11-30 00:00:00-05:00,251.44230204417295,259.0617657424812,246.203920751586,253.34716796875,3294,0.0,0.0
1994-12-01 00:00:00-05:00,255.2520384355025,255.2520384355025,243.8228426846591,251.4423065185547,2172,0.0,0.0
1994-12-02 00:00:00-05:00,251.44232769866488,255.25205993652344,247.15637893107402,255.25205993652344,1588,0.0,0.0
1994-12-05 00:00:00-05:00,255.2520477294922,266.6812438964844,251.44231567382815,266.6812438964844,2120,0.0,0.0
1994-12-06 00:00:00-05:00,259.0618489583333,266.68131510416663,258.58563232421875,262.87158203125,2630,0.0,0.0
1994-12-07 00:00:00-05:00,262.87152441224055,262.87152441224055,251.44232769866488,255.25205993652344,2414,0.0,0.0
1994-12-08 00:00:00-05:00,255.25205993652344,256.20449299598806,251.44232769866488,255.25205993652344,1318,0.0,0.0
1994-12-09 00:00:00-05:00,255.2520384355025,255.2520384355025,247.6325746016069,251.4423065185547,1598,0.0,0.0
1994-12-12 00:00:00-05:00,251.44234666090745,255.2520791860727,247.6326141357422,247.6326141357422,974,0.0,0.0
1994-12-13 00:00:00-05:00,255.2520791860727,255.2520791860727,247.6326141357422,247.6326141357422,804,0.0,0.0
1994-12-14 00:00:00-05:00,247.6325746016069,255.2520384355025,247.15635811198842,251.4423065185547,1734,0.0,0.0
1994-12-15 00:00:00-05:00,247.63259546080633,255.25205993652344,247.15637893107402,255.25205993652344,922,0.0,0.0
1994-12-16 00:00:00-05:00,255.25202501085067,259.0617567274305,251.44229329427083,257.1568908691406,2198,0.0,0.0
1994-12-19 00:00:00-05:00,257.15684105368223,259.06170654296875,251.4422445858226,259.06170654296875,920,0.0,0.0
1994-12-20 00:00:00-05:00,255.2520384355025,259.0617703524503,247.6325746016069,251.4423065185547,776,0.0,0.0
1994-12-21 00:00:00-05:00,247.6325746016069,255.2520384355025,247.6325746016069,251.4423065185547,820,0.0,0.0
1994-12-22 00:00:00-05:00,251.44229364395144,251.44229364395144,243.82283020019534,243.8228302001953,668,0.0,0.0
1994-12-23 00:00:00-05:00,247.6325794777336,259.061775453629,243.82284748576848,250.96609497070312,1752,0.0,0.0
1994-12-27 00:00:00-05:00,251.4422445858226,259.06170654296875,247.63251360724954,259.06170654296875,424,0.0,0.0
1994-12-28 00:00:00-05:00,259.06178461119185,259.06178461119185,243.82285610465115,245.72772216796875,958,0.0,0.0
1994-12-29 00:00:00-05:00,243.82278540826613,247.6325164302703,232.39359234225367,236.2033233642578,2096,0.0,0.0
1994-12-30 00:00:00-05:00,236.20337814581197,236.20337814581197,224.77418242907913,232.39364624023438,1862,0.0,0.0
1995-01-03 00:00:00-05:00,228.58390952056308,232.3936413459058,201.91578674316406,201.91578674316406,3718,0.0,0.0
1995-01-04 00:00:00-05:00,201.91584278712762,209.53530855267962,194.29637702157564,203.82070922851562,2152,0.0,0.0
1995-01-05 00:00:00-05:00,203.82070922851562,203.82070922851562,198.10610990435163,203.82070922851562,978,0.0,0.0
1995-01-06 00:00:00-05:00,203.82067643550405,220.96447164970533,198.1060780307703,217.1547393798828,2514,0.0,0.0
1995-01-09 00:00:00-05:00,220.96445922851564,228.58392333984375,213.3449951171875,228.58392333984375,678,0.0,0.0
1995-01-10 00:00:00-05:00,228.58394334296216,228.58394334296216,221.91691166212578,226.6790771484375,1210,0.0,0.0
1995-01-11 00:00:00-05:00,222.86932525634765,228.58392333984375,222.86932525634765,228.58392333984375,1056,0.0,0.0
1995-01-12 00:00:00-05:00,228.5838904747596,228.5838904747596,222.86929321289062,222.86929321289062,1352,0.0,0.0
1995-01-13 00:00:00-05:00,228.58396368511652,228.58396368511652,213.3450327727754,224.77423095703125,1156,0.0,0.0
1995-01-16 00:00:00-05:00,224.77415896684695,224.77415896684695,217.15469595102164,222.86929321289062,840,0.0,0.0
1995-01-17 00:00:00-05:00,220.96447164970533,220.96447164970533,209.5352748402378,217.1547393798828,880,0.0,0.0
1995-01-18 00:00:00-05:00,217.15468408427108,217.15468408427108,201.91575888537486,207.63035583496094,1356,0.0,0.0
1995-01-19 00:00:00-05:00,201.91581916809082,213.3450164794922,201.91581916809082,213.3450164794922,698,0.0,0.0
1995-01-20 00:00:00-05:00,213.34496444310898,224.77415896684695,211.44009868915262,222.86929321289062,1138,0.0,0.0
1995-01-23 00:00:00-05:00,224.77418301037676,224.77418301037676,217.15471917951652,217.6309356689453,468,0.0,0.0
1995-01-24 00:00:00-05:00,217.1547393798828,224.77420391952785,217.1547393798828,217.1547393798828,782,0.0,0.0
1995-01-25 00:00:00-05:00,224.77415896684695,224.77415896684695,217.15469595102164,222.86929321289062,514,0.0,0.0
1995-01-26 00:00:00-05:00,222.86932525634765,228.58392333984375,219.0595932006836,228.58392333984375,1586,0.0,0.0
1995-01-27 00:00:00-05:00,228.58393618935034,228.58393618935034,217.1547393798828,217.1547393798828,788,0.0,0.0
1995-01-30 00:00:00-05:00,224.77423095703122,226.67909732107387,217.1547655008607,224.77423095703125,924,0.0,0.0
1995-01-31 00:00:00-05:00,226.67900254991318,243.82279265873015,223.82170419844368,240.0130615234375,3784,0.0,0.0
1995-02-01 00:00:00-05:00,243.82288161057693,251.44234666090745,240.01314908541167,247.6326141357422,5522,0.0,0.0
1995-02-02 00:00:00-05:00,247.63260817012525,257.1569392535916,241.91800952004544,242.39422607421875,2760,0.0,0.0
1995-02-03 00:00:00-05:00,247.6325619220734,247.6325619220734,240.0130984783173,243.8228302001953,2164,0.0,0.0
1995-02-06 00:00:00-05:00,243.82288161057693,247.6326141357422,240.01314908541167,247.6326141357422,1668,0.0,0.0
1995-02-07 00:00:00-05:00,247.63258823128632,247.63258823128632,240.01312397801598,245.72772216796875,1204,0.0,0.0
1995-02-08 00:00:00-05:00,245.72769606113437,245.72769606113437,236.20336675643924,243.8228302001953,1448,0.0,0.0
1995-02-09 00:00:00-05:00,243.82288161057693,247.6326141357422,240.01314908541167,247.6326141357422,698,0.0,0.0
1995-02-10 00:00:00-05:00,243.82288161057693,247.6326141357422,241.9180153479943,247.6326141357422,1136,0.0,0.0
1995-02-13 00:00:00-05:00,247.6325619220734,247.6325619220734,240.0130984783173,243.8228302001953,770,0.0,0.0
1995-02-14 00:00:00-05:00,240.0130984783173,247.6325619220734,240.0130984783173,243.8228302001953,1008,0.0,0.0
1995-02-15 00:00:00-05:00,243.82288161057693,247.6326141357422,240.01314908541167,247.6326141357422,1116,0.0,0.0
1995-02-16 00:00:00-05:00,247.63259767547368,247.63259767547368,241.91799926757812,241.91799926757812,536,0.0,0.0
1995-02-17 00:00:00-05:00,245.72769606113437,245.72769606113437,240.0130984783173,243.8228302001953,784,0.0,0.0
1995-02-21 00:00:00-05:00,241.91799926757812,247.63259767547368,236.20340085968257,241.91799926757812,1616,0.0,0.0
1995-02-22 00:00:00-05:00,247.63264456373838,247.63264456373838,240.0131785771618,243.34669494628906,1196,0.0,0.0
1995-02-23 00:00:00-05:00,243.82283020019534,247.6325619220734,243.82283020019534,243.8228302001953,882,0.0,0.0
1995-02-24 00:00:00-05:00,247.6325619220734,247.6325619220734,240.0130984783173,243.8228302001953,1316,0.0,0.0
1995-02-27 00:00:00-05:00,243.82280685240963,243.82280685240963,236.20334413827183,237.15577697753906,1366,0.0,0.0
1995-02-28 00:00:00-05:00,243.82283020019534,243.82283020019534,236.20336675643924,243.8228302001953,1046,0.0,0.0
1995-03-01 00:00:00-05:00,243.82278540826613,243.82278540826613,236.2033233642578,236.2033233642578,1584,0.0,0.0
1995-03-02 00:00:00-05:00,241.91791989726406,241.91791989726406,236.2033233642578,236.2033233642578,1016,0.0,0.0
1995-03-03 00:00:00-05:00,240.0130615234375,240.0130615234375,232.39359925285217,240.0130615234375,1108,0.0,0.0
1995-03-06 00:00:00-05:00,240.0130615234375,240.0130615234375,232.39359925285217,240.0130615234375,1136,0.0,0.0
1995-03-07 00:00:00-05:00,232.39364624023435,240.0131100513896,228.58391433465675,232.39364624023438,1088,0.0,0.0
1995-03-08 00:00:00-05:00,228.58394622802734,228.58394622802734,209.5352840423584,213.3450164794922,2416,0.0,0.0
1995-03-09 00:00:00-05:00,217.15474891662598,217.15474891662598,209.5352840423584,213.3450164794922,2156,0.0,0.0
1995-03-10 00:00:00-05:00,217.15474891662598,217.15474891662598,205.7255516052246,213.3450164794922,1292,0.0,0.0
1995-03-13 00:00:00-05:00,213.3450106534091,213.3450106534091,205.72554598721592,209.5352783203125,1422,0.0,0.0
1995-03-14 00:00:00-05:00,209.5352114163912,209.5352114163912,190.48655583308292,198.10601806640625,2928,0.0,0.0
1995-03-15 00:00:00-05:00,194.29632309247862,201.91578674316406,194.29632309247862,201.91578674316406,1378,0.0,0.0
1995-03-16 00:00:00-05:00,205.72555541992188,205.72555541992188,198.1060904043692,205.72555541992188,764,0.0,0.0
1995-03-17 00:00:00-05:00,201.91578674316406,209.53525039384948,201.91578674316406,201.91578674316406,1302,0.0,0.0
1995-03-20 00:00:00-05:00,209.53522148482298,209.53522148482298,201.91575888537486,207.63035583496094,1084,0.0,0.0
1995-03-21 00:00:00-05:00,209.5352840423584,215.24988269805908,203.82068538665771,213.3450164794922,1362,0.0,0.0
1995-03-22 00:00:00-05:00,217.1547393798828,217.1547393798828,209.5352748402378,217.1547393798828,1460,0.0,0.0
1995-03-23 00:00:00-05:00,217.1547393798828,217.1547393798828,211.91635750887687,217.1547393798828,1000,0.0,0.0
1995-03-24 00:00:00-05:00,217.1547393798828,217.1547393798828,209.5352748402378,217.1547393798828,1018,0.0,0.0
1995-03-27 00:00:00-05:00,213.34506697644338,220.9645336541735,213.34506697644338,218.5834503173828,1026,0.0,0.0
1995-03-28 00:00:00-05:00,220.96447753906253,220.96447753906253,213.34501279633622,220.9644775390625,452,0.0,0.0
1995-03-29 00:00:00-05:00,217.15474298650568,217.15474298650568,207.6304121537642,209.5352783203125,1518,0.0,0.0
1995-03-30 00:00:00-05:00,211.440087134685,213.34495278454702,207.63035583496094,207.63035583496094,1088,0.0,0.0
1995-03-31 00:00:00-05:00,207.6304121537642,213.3450106534091,207.6304121537642,209.5352783203125,1358,0.0,0.0
1995-04-03 00:00:00-04:00,213.3450106534091,213.3450106534091,203.8206798206676,209.5352783203125,1072,0.0,0.0
1995-04-04 00:00:00-04:00,203.82068538665771,215.24988269805908,203.82068538665771,213.3450164794922,1360,0.0,0.0
1995-04-05 00:00:00-04:00,209.5352840423584,213.3450164794922,205.7255516052246,213.3450164794922,954,0.0,0.0
1995-04-06 00:00:00-04:00,213.3450164794922,213.3450164794922,205.7255516052246,213.3450164794922,1180,0.0,0.0
1995-04-07 00:00:00-04:00,213.3450106534091,213.3450106534091,205.72554598721592,209.5352783203125,786,0.0,0.0
1995-04-10 00:00:00-04:00,203.8206245352369,213.34495278454702,203.8206245352369,207.63035583496094,928,0.0,0.0
1995-04-11 00:00:00-04:00,207.6304178237915,220.96448135375977,207.6304178237915,213.3450164794922,1112,0.0,0.0
1995-04-12 00:00:00-04:00,213.3450327727754,232.39369641320178,213.3450327727754,224.77423095703125,1034,0.0,0.0
1995-04-13 00:00:00-04:00,232.39359925285217,240.0130615234375,224.77413698226687,240.0130615234375,1042,0.0,0.0
1995-04-17 00:00:00-04:00,243.82278540826613,243.82278540826613,236.2033233642578,236.2033233642578,874,0.0,0.0
1995-04-18 00:00:00-04:00,241.9180242919922,241.9180242919922,232.3936926269531,238.10829162597656,776,0.0,0.0
1995-04-19 00:00:00-04:00,238.10823952279438,238.10823952279438,232.3936417742473,234.2985076904297,762,0.0,0.0
1995-04-20 00:00:00-04:00,238.10824409860078,238.10824409860078,224.77418242907913,232.39364624023438,842,0.0,0.0
1995-04-21 00:00:00-04:00,224.77418242907913,232.39364624023435,224.77418242907913,232.39364624023438,346,0.0,0.0
1995-04-24 00:00:00-04:00,224.7741912841797,232.39365539550784,220.96445922851564,228.58392333984375,716,0.0,0.0
1995-04-25 00:00:00-04:00,228.58396368511652,228.58396368511652,217.1547655008607,224.77423095703125,494,0.0,0.0
1995-04-26 00:00:00-04:00,224.77423095703122,228.58396368511652,217.1547655008607,224.77423095703125,398,0.0,0.0
1995-04-27 00:00:00-04:00,228.58392333984375,228.58392333984375,220.96445922851564,228.58392333984375,840,0.0,0.0
1995-04-28 00:00:00-04:00,220.9644505235015,232.39364624023435,220.9644505235015,232.39364624023438,486,0.0,0.0
1995-05-01 00:00:00-04:00,232.39369641320178,232.39369641320178,217.1547655008607,224.77423095703125,770,0.0,0.0
1995-05-02 00:00:00-04:00,217.15474891662598,220.96448135375977,209.5352840423584,213.3450164794922,900,0.0,0.0
1995-05-03 00:00:00-04:00,217.1547393798828,217.1547393798828,207.63040870532657,217.1547393798828,418,0.0,0.0
1995-05-04 00:00:00-04:00,217.1547393798828,222.8693377846166,211.44014097514906,217.1547393798828,660,0.0,0.0
1995-05-05 00:00:00-04:00,215.24988269805908,222.86934757232666,211.4401502609253,213.3450164794922,530,0.0,0.0
1995-05-08 00:00:00-04:00,213.3450164794922,217.15474891662598,209.5352840423584,213.3450164794922,340,0.0,0.0
1995-05-09 00:00:00-04:00,213.3449272260274,215.24979264768837,205.72546553938358,208.582763671875,938,0.0,0.0
1995-05-10 00:00:00-04:00,207.6304121537642,213.3450106534091,201.91581365411932,209.5352783203125,924,0.0,0.0
1995-05-11 00:00:00-04:00,203.8206798206676,215.2498768199574,203.8206798206676,209.5352783203125,642,0.0,0.0
1995-05-12 00:00:00-04:00,207.6303775546787,215.24984095118066,205.7255117055532,211.4401092529297,544,0.0,0.0
1995-05-15 00:00:00-04:00,211.4401436294591,211.9163601691651,201.91581283533932,205.24932861328125,1148,0.0,0.0
1995-05-16 00:00:00-04:00,201.91584278712762,209.53530855267962,198.10610990435163,203.82070922851562,1056,0.0,0.0
1995-05-17 00:00:00-04:00,194.2963610356397,203.82069245895536,190.48662846631342,192.39149475097656,1524,0.0,0.0
1995-05-18 00:00:00-04:00,196.20122732030282,201.91582617429222,190.48662846631342,192.39149475097656,1052,0.0,0.0
1995-05-19 00:00:00-04:00,198.10605491782133,201.91578674316406,190.4865912671359,201.91578674316406,850,0.0,0.0
1995-05-22 00:00:00-04:00,203.82068538665771,213.3450164794922,201.91581916809082,213.3450164794922,1454,0.0,0.0
1995-05-23 00:00:00-04:00,211.4401444868608,211.4401444868608,201.91581365411932,209.5352783203125,1138,0.0,0.0
1995-05-24 00:00:00-04:00,209.53522148482298,209.53522148482298,201.91575888537486,207.63035583496094,1092,0.0,0.0
1995-05-25 00:00:00-04:00,201.91575888537486,209.53522148482298,201.91575888537486,207.63035583496094,290,0.0,0.0
1995-05-26 00:00:00-04:00,201.91575888537486,213.34495278454702,201.91575888537486,207.63035583496094,746,0.0,0.0
1995-05-30 00:00:00-04:00,205.7255516052246,213.3450164794922,205.7255516052246,213.3450164794922,548,0.0,0.0
1995-05-31 00:00:00-04:00,213.3450164794922,217.15474891662598,205.7255516052246,213.3450164794922,694,0.0,0.0
1995-06-01 00:00:00-04:00,217.1547393798828,217.1547393798828,207.63040870532657,217.1547393798828,380,0.0,0.0
1995-06-02 00:00:00-04:00,217.15474298650568,217.15474298650568,205.24932944557884,209.5352783203125,462,0.0,0.0
1995-06-05 00:00:00-04:00,207.63039864845643,207.63039864845643,190.48660426463894,196.20120239257812,2156,0.0,0.0
1995-06-06 00:00:00-04:00,196.2011525080754,198.10601806640622,190.48655583308292,198.10601806640625,404,0.0,0.0
1995-06-07 00:00:00-04:00,190.48655583308292,198.10601806640622,190.48655583308292,198.10601806640625,1052,0.0,0.0
1995-06-08 00:00:00-04:00,190.4865912671359,201.91578674316406,190.4865912671359,201.91578674316406,468,0.0,0.0
1995-06-09 00:00:00-04:00,201.91578943589153,205.72552131204043,194.29632568359372,194.29632568359375,1234,0.0,0.0
1995-06-12 00:00:00-04:00,194.29628694974457,198.10601806640622,190.48655583308292,198.10601806640625,568,0.0,0.0
1995-06-13 00:00:00-04:00,196.20122652637716,196.20122652637716,186.67689514160156,186.67689514160156,1202,0.0,0.0
1995-06-14 00:00:00-04:00,186.67687384287518,190.48660596211752,179.05740960439047,182.8671417236328,1640,0.0,0.0
1995-06-15 00:00:00-04:00,179.05743900422127,182.86717174899192,167.62824076990927,177.15257263183594,2222,0.0,0.0
1995-06-16 00:00:00-04:00,167.62820434570312,177.15253413807264,167.62820434570312,167.62820434570312,1402,0.0,0.0
1995-06-19 00:00:00-04:00,167.62823088272756,175.24769592285156,160.0087658426036,175.24769592285156,2182,0.0,0.0
1995-06-20 00:00:00-04:00,175.24767748514813,190.48660596211752,171.43794536590576,182.8671417236328,2072,0.0,0.0
1995-06-21 00:00:00-04:00,190.48659380744485,194.29632568359372,184.77199599322148,194.29632568359375,760,0.0,0.0
1995-06-22 00:00:00-04:00,194.29636024942204,194.29636024942204,186.67689514160156,186.67689514160156,562,0.0,0.0
1995-06-23 00:00:00-04:00,186.67689589698716,192.39149475097656,186.67689589698716,192.39149475097656,504,0.0,0.0
1995-06-26 00:00:00-04:00,198.10606689453127,201.91579895019532,190.48660278320312,190.48660278320312,976,0.0,0.0
1995-06-27 00:00:00-04:00,190.48659380744485,194.29632568359372,186.67686193129595,194.29632568359375,586,0.0,0.0
1995-06-28 00:00:00-04:00,194.29636024942204,194.29636024942204,186.67689514160156,186.67689514160156,452,0.0,0.0
1995-06-29 00:00:00-04:00,194.2963315273853,194.2963315273853,179.05740356445312,179.05740356445312,1574,0.0,0.0
1995-06-30 00:00:00-04:00,186.67687384287518,186.67687384287518,179.05740960439047,182.8671417236328,1112,0.0,0.0
1995-07-03 00:00:00-04:00,186.67687384287518,186.67687384287518,179.05740960439047,182.8671417236328,292,0.0,0.0
1995-07-05 00:00:00-04:00,179.05740356445312,186.6768675459192,179.05740356445312,179.05740356445312,384,0.0,0.0
1995-07-06 00:00:00-04:00,186.67687072753907,190.48660278320312,179.05740661621095,190.48660278320312,546,0.0,0.0
1995-07-07 00:00:00-04:00,182.86713005514704,194.29632568359372,182.86713005514704,194.29632568359375,692,0.0,0.0
1995-07-10 00:00:00-04:00,182.867138671875,192.39146881103517,182.867138671875,190.48660278320312,826,0.0,0.0
1995-07-11 00:00:00-04:00,190.48660278320312,190.48660278320312,182.867138671875,190.48660278320312,764,0.0,0.0
1995-07-12 00:00:00-04:00,190.48655583308292,198.10601806640622,186.67682471642127,198.10601806640625,910,0.0,0.0
1995-07-13 00:00:00-04:00,190.48659380744485,194.29632568359372,186.67686193129595,194.29632568359375,814,0.0,0.0
1995-07-14 00:00:00-04:00,194.29632568359372,194.29632568359372,186.67686193129595,194.29632568359375,704,0.0,0.0
1995-07-17 00:00:00-04:00,186.67689514160156,194.29636024942204,182.86716258769133,186.67689514160156,752,0.0,0.0
1995-07-18 00:00:00-04:00,186.67689514160156,190.4866276955118,182.86716258769133,186.67689514160156,1144,0.0,0.0
1995-07-19 00:00:00-04:00,179.05742844291356,186.67689348303753,175.24769592285156,175.24769592285156,818,0.0,0.0
1995-07-20 00:00:00-04:00,182.86716096297553,182.86716096297553,175.24769592285156,175.24769592285156,858,0.0,0.0
1995-07-21 00:00:00-04:00,179.05740356445312,179.05740356445312,171.43793958298704,179.05740356445312,424,0.0,0.0
1995-07-24 00:00:00-04:00,175.24767748514813,182.8671417236328,175.24767748514813,182.8671417236328,306,0.0,0.0
1995-07-25 00:00:00-04:00,182.86716096297553,182.86716096297553,175.24769592285156,175.24769592285156,760,0.0,0.0
1995-07-26 00:00:00-04:00,175.24769592285156,182.86716096297553,175.24769592285156,175.24769592285156,312,0.0,0.0
1995-07-27 00:00:00-04:00,175.2477057562934,182.86717122395834,171.43797302246094,171.43797302246094,816,0.0,0.0
1995-07-28 00:00:00-04:00,171.43796340278956,182.86716096297553,171.43796340278956,175.24769592285156,338,0.0,0.0
1995-07-31 00:00:00-04:00,171.43794536590576,182.8671417236328,171.43794536590576,182.8671417236328,612,0.0,0.0
1995-08-01 00:00:00-04:00,171.43793958298704,182.86713555518617,171.43793958298704,179.05740356445312,916,0.0,0.0
1995-08-02 00:00:00-04:00,171.43796340278956,179.05742844291356,167.62823088272756,175.24769592285156,886,0.0,0.0
1995-08-03 00:00:00-04:00,175.24769592285156,175.24769592285156,167.62823088272756,175.24769592285156,514,0.0,0.0
1995-08-04 00:00:00-04:00,179.05743849012586,179.05743849012586,171.43797302246094,171.43797302246094,380,0.0,0.0
1995-08-07 00:00:00-04:00,171.43793626265094,179.05740009654653,167.62820434570312,167.62820434570312,1314,0.0,0.0
1995-08-08 00:00:00-04:00,163.8184983626656,176.6763456178748,163.8184983626656,175.24769592285156,2104,0.0,0.0
1995-08-09 00:00:00-04:00,175.24766817959872,175.24766817959872,163.81847242875534,167.62820434570312,1628,0.0,0.0
1995-08-10 00:00:00-04:00,163.81851712202274,169.5331165565119,163.81851712202274,166.19960021972656,452,0.0,0.0
1995-08-11 00:00:00-04:00,169.53309542633767,169.53309542633767,163.81849670410156,163.81849670410156,428,0.0,0.0
1995-08-14 00:00:00-04:00,163.8185053116236,169.5331043341221,148.57957458496094,148.57957458496094,1492,0.0,0.0
1995-08-15 00:00:00-04:00,158.10390689049237,158.10390689049237,148.57957515010125,154.29417419433594,778,0.0,0.0
1995-08-16 00:00:00-04:00,160.00874408922698,167.62820809347588,152.38928008497805,162.8660430908203,1584,0.0,0.0
1995-08-17 00:00:00-04:00,165.72337341308594,165.72337341308594,160.00877432987608,165.72337341308594,318,0.0,0.0
1995-08-18 00:00:00-04:00,163.81847526913597,165.72334126063757,160.0087432861328,160.0087432861328,656,0.0,0.0
1995-08-21 00:00:00-04:00,163.81847526913597,165.72334126063757,156.19901130312965,160.0087432861328,1264,0.0,0.0
1995-08-22 00:00:00-04:00,163.81850705201597,165.72337341308594,158.1039079688061,165.72337341308594,770,0.0,0.0
1995-08-23 00:00:00-04:00,158.10387729463125,165.72334126063757,158.10387729463125,160.0087432861328,484,0.0,0.0
1995-08-24 00:00:00-04:00,160.00877929687502,171.43797781808038,160.00877929687502,166.67581176757812,694,0.0,0.0
1995-08-25 00:00:00-04:00,163.81845523609834,171.43791827033547,160.00872371897978,161.91358947753906,506,0.0,0.0
1995-08-28 00:00:00-04:00,160.00872132836318,167.62818424876144,156.19898986816406,156.19898986816406,392,0.0,0.0
1995-08-29 00:00:00-04:00,156.19904556274415,163.8185111999512,152.38931274414062,152.38931274414062,512,0.0,0.0
1995-08-30 00:00:00-04:00,152.38931274414062,158.10391197204592,150.48444633483888,152.38931274414062,530,0.0,0.0
1995-08-31 00:00:00-04:00,150.4844409257938,158.10390628912512,148.57957458496094,148.57957458496094,664,0.0,0.0
1995-09-01 00:00:00-04:00,148.57954862520293,156.19901265726463,137.1503525771104,146.6746826171875,2360,0.0,0.0
1995-09-05 00:00:00-04:00,148.57957331339517,148.57957331339517,137.15037536621094,137.15037536621094,1298,0.0,0.0
1995-09-06 00:00:00-04:00,144.76984066433377,144.76984066433377,133.3406427171495,137.15037536621094,1760,0.0,0.0
1995-09-07 00:00:00-04:00,140.96010801527234,140.96010801527234,133.3406427171495,137.15037536621094,1112,0.0,0.0
1995-09-08 00:00:00-04:00,140.96009826660156,150.48442923056112,137.15036588101773,140.96009826660156,1532,0.0,0.0
1995-09-11 00:00:00-04:00,140.96009034748317,150.4844207763672,140.96009034748317,150.4844207763672,432,0.0,0.0
1995-09-12 00:00:00-04:00,150.48440007495273,156.19899754615346,144.769802603752,149.53196716308594,800,0.0,0.0
1995-09-13 00:00:00-04:00,148.57957458496094,156.19903994829227,144.7698419032953,148.57957458496094,890,0.0,0.0
1995-09-14 00:00:00-04:00,144.76983065218536,148.5795630377692,140.96009826660156,140.96009826660156,832,0.0,0.0
1995-09-15 00:00:00-04:00,144.76980381795804,144.76980381795804,137.15034045911813,139.05520629882812,964,0.0,0.0
1995-09-18 00:00:00-04:00,142.86493797824807,143.34115443817555,139.05520629882812,139.05520629882812,578,0.0,0.0
1995-09-19 00:00:00-04:00,139.05520629882812,148.57953549737798,139.05520629882812,139.05520629882812,398,0.0,0.0
1995-09-20 00:00:00-04:00,139.05521858512583,146.6746826171875,139.05521858512583,146.6746826171875,492,0.0,0.0
1995-09-21 00:00:00-04:00,146.67466624683104,150.4843978376578,139.05520306517747,143.81736755371094,540,0.0,0.0
1995-09-22 00:00:00-04:00,140.9601092216296,149.05579117016916,139.05524288079678,148.57957458496094,340,0.0,0.0
1995-09-25 00:00:00-04:00,148.57949961786684,148.57949961786684,139.05517271928562,142.38868713378906,348,0.0,0.0
1995-09-26 00:00:00-04:00,146.674669657668,146.674669657668,139.05520629882812,139.05520629882812,392,0.0,0.0
1995-09-27 00:00:00-04:00,144.76983065218536,144.76983065218536,139.05523207380963,140.96009826660156,292,0.0,0.0
1995-09-28 00:00:00-04:00,142.86493797824807,144.76980381795804,139.05520629882812,139.05520629882812,404,0.0,0.0
1995-09-29 00:00:00-04:00,139.05520629882812,142.86493797824807,133.3406087796982,139.05520629882812,824,0.0,0.0
1995-10-02 00:00:00-04:00,133.3406087796982,139.05520629882812,131.43574293998822,139.05520629882812,550,0.0,0.0
1995-10-03 00:00:00-04:00,131.4357187607709,139.05518071791704,129.53085327148438,129.53085327148438,860,0.0,0.0
1995-10-04 00:00:00-04:00,129.53085327148438,137.15031522863052,125.7211222929113,129.53085327148438,1144,0.0,0.0
1995-10-05 00:00:00-04:00,121.91141510009767,129.53087854385376,120.00654923915864,121.91141510009766,1148,0.0,0.0
1995-10-06 00:00:00-04:00,129.53087854385376,129.53087854385376,121.91141510009767,121.91141510009766,1028,0.0,0.0
1995-10-09 00:00:00-04:00,121.91144080528846,125.72117333045372,121.91144080528846,123.8163070678711,824,0.0,0.0
1995-10-10 00:00:00-04:00,123.8163070678711,127.62603959303635,118.1017082801232,123.8163070678711,618,0.0,0.0
1995-10-11 00:00:00-04:00,123.81628730080345,127.62601921775125,123.81628730080345,125.72115325927734,524,0.0,0.0
1995-10-12 00:00:00-04:00,129.53091064453125,129.53091064453125,118.10171264648437,119.05414581298828,690,0.0,0.0
1995-10-13 00:00:00-04:00,116.19682769775392,125.72115783691407,114.29196166992188,114.29196166992188,1478,0.0,0.0
1995-10-16 00:00:00-04:00,118.1017082801232,130.4833389869103,118.1017082801232,123.8163070678711,3296,0.0,0.0
1995-10-17 00:00:00-04:00,129.53088517622515,129.53088517622515,121.91142134232955,125.72115325927734,1416,0.0,0.0
1995-10-18 00:00:00-04:00,121.91139131433823,129.53085327148438,121.91139131433823,129.53085327148438,654,0.0,0.0
1995-10-19 00:00:00-04:00,133.3406061385943,137.15033774255414,123.81627712869471,131.91195678710938,722,0.0,0.0
1995-10-20 00:00:00-04:00,137.15036483549736,140.96009719203894,129.53090012241418,135.24549865722656,856,0.0,0.0
1995-10-23 00:00:00-04:00,140.96014845998664,144.76988220214844,137.15041471782484,144.76988220214844,458,0.0,0.0
1995-10-24 00:00:00-04:00,148.57957992553713,156.19904556274415,140.9601142883301,152.38931274414062,1912,0.0,0.0
1995-10-25 00:00:00-04:00,152.38931274414062,156.19904556274415,144.7698471069336,152.38931274414062,512,0.0,0.0
1995-10-26 00:00:00-04:00,152.38934968647206,152.38934968647206,144.76988220214844,144.76988220214844,678,0.0,0.0
1995-10-27 00:00:00-04:00,144.76988220214844,148.57961594431026,139.05528158890576,144.76988220214844,450,0.0,0.0
1995-10-30 00:00:00-05:00,144.7698471069336,152.38931274414062,140.9601142883301,152.38931274414062,918,0.0,0.0
1995-10-31 00:00:00-05:00,156.19900859485975,167.62820434570312,148.57954476096415,167.62820434570312,1150,0.0,0.0
1995-11-01 00:00:00-05:00,171.43796340278956,175.24769592285156,163.8184983626656,175.24769592285156,1038,0.0,0.0
1995-11-02 00:00:00-05:00,179.05740356445312,186.6768675459192,167.628207592254,179.05740356445312,1722,0.0,0.0
1995-11-03 00:00:00-05:00,179.05743849012586,179.05743849012586,171.43797302246094,171.43797302246094,766,0.0,0.0
1995-11-06 00:00:00-05:00,171.43796340278956,179.05742844291356,171.43796340278956,175.24769592285156,988,0.0,0.0
1995-11-07 00:00:00-05:00,171.43797302246094,177.15257212320964,171.43797302246094,171.43797302246094,650,0.0,0.0
1995-11-08 00:00:00-05:00,175.24767157372008,179.05740356445312,171.43793958298704,179.05740356445312,380,0.0,0.0
1995-11-09 00:00:00-05:00,179.05738723342483,179.05738723342483,171.43792394689612,176.20008850097656,828,0.0,0.0
1995-11-10 00:00:00-05:00,179.05742844291356,179.05742844291356,173.34282966282058,175.24769592285156,404,0.0,0.0
1995-11-13 00:00:00-05:00,173.34283988706525,182.86717174899192,173.34283988706525,177.15257263183594,588,0.0,0.0
1995-11-14 00:00:00-05:00,179.0574379405756,179.0574379405756,163.81850705201597,165.72337341308594,1216,0.0,0.0
1995-11-15 00:00:00-05:00,160.00877432987608,167.6282397741559,160.00877432987608,165.72337341308594,358,0.0,0.0
1995-11-16 00:00:00-05:00,167.6281867532169,167.6281867532169,160.00872371897978,161.91358947753906,388,0.0,0.0
1995-11-17 00:00:00-05:00,160.00872371897978,165.72332099465763,156.19899220186122,161.91358947753906,840,0.0,0.0
1995-11-20 00:00:00-05:00,161.91358947753906,163.81845523609834,156.19899220186122,161.91358947753906,518,0.0,0.0
1995-11-21 00:00:00-05:00,161.9136092776344,163.81847526913597,156.19901130312965,160.0087432861328,816,0.0,0.0
1995-11-22 00:00:00-05:00,160.00874051180753,167.62820434570312,156.19900859485975,167.62820434570312,612,0.0,0.0
1995-11-24 00:00:00-05:00,167.62820725213913,167.62820725213913,158.10387729463125,160.0087432861328,414,0.0,0.0
1995-11-27 00:00:00-05:00,158.10389798186546,171.43796166708302,158.10389798186546,163.81849670410156,938,0.0,0.0
1995-11-28 00:00:00-05:00,163.8184983626656,175.24769592285156,163.8184983626656,175.24769592285156,1340,0.0,0.0
1995-11-29 00:00:00-05:00,171.43793958298704,179.05740356445312,171.43793958298704,179.05740356445312,716,0.0,0.0
1995-11-30 00:00:00-05:00,173.34281142552695,182.8671417236328,173.34281142552695,182.8671417236328,674,0.0,0.0
1995-12-01 00:00:00-05:00,179.0574300337811,186.67689514160156,179.0574300337811,186.67689514160156,710,0.0,0.0
1995-12-04 00:00:00-05:00,186.67687384287518,186.67687384287518,179.05740960439047,182.8671417236328,988,0.0,0.0
1995-12-05 00:00:00-05:00,186.67689514160156,186.67689514160156,179.0574300337811,186.67689514160156,1538,0.0,0.0
1995-12-06 00:00:00-05:00,190.4866276955118,190.4866276955118,182.86716258769133,186.67689514160156,926,0.0,0.0
1995-12-07 00:00:00-05:00,182.86716258769133,190.4866276955118,182.86716258769133,186.67689514160156,340,0.0,0.0
1995-12-08 00:00:00-05:00,190.4866276955118,190.4866276955118,179.0574300337811,186.67689514160156,434,0.0,0.0
1995-12-11 00:00:00-05:00,186.67689348303753,186.67689348303753,167.62823088272756,175.24769592285156,852,0.0,0.0
1995-12-12 00:00:00-05:00,175.24767157372008,179.05740356445312,173.34280557835356,179.05740356445312,470,0.0,0.0
1995-12-13 00:00:00-05:00,179.05740356445312,182.86713555518617,173.34280557835356,179.05740356445312,456,0.0,0.0
1995-12-14 00:00:00-05:00,177.15256218288255,184.77202722300655,175.24769592285156,175.24769592285156,666,0.0,0.0
1995-12-15 00:00:00-05:00,180.9623048570421,180.9623048570421,171.43797302246094,171.43797302246094,604,0.0,0.0
1995-12-18 00:00:00-05:00,171.43793626265094,175.24766817959872,167.62820434570312,167.62820434570312,1258,0.0,0.0
1995-12-19 00:00:00-05:00,175.2477057562934,175.2477057562934,167.62824028862846,171.43797302246094,744,0.0,0.0
1995-12-20 00:00:00-05:00,175.24769592285156,175.24769592285156,167.62823088272756,175.24769592285156,746,0.0,0.0
1995-12-21 00:00:00-05:00,182.8671320134943,182.8671320134943,167.62820434570312,167.62820434570312,870,0.0,0.0
1995-12-22 00:00:00-05:00,167.62824028862846,175.2477057562934,160.00877482096354,171.43797302246094,1438,0.0,0.0
1995-12-26 00:00:00-05:00,163.81847526913597,171.43793923514232,160.0087432861328,160.0087432861328,806,0.0,0.0
1995-12-27 00:00:00-05:00,167.62820725213913,167.62820725213913,160.0087432861328,160.0087432861328,490,0.0,0.0
1995-12-28 00:00:00-05:00,163.81849670410156,171.43796166708302,160.0087642226108,163.81849670410156,996,0.0,0.0
1995-12-29 00:00:00-05:00,163.8184680724412,171.4379317037175,160.00873625680302,169.53306579589844,1802,0.0,0.0
1996-01-02 00:00:00-05:00,171.43796340278956,175.24769592285156,160.0087658426036,175.24769592285156,812,0.0,0.0
1996-01-03 00:00:00-05:00,171.4379649259606,186.67689514160156,171.4379649259606,186.67689514160156,1674,0.0,0.0
1996-01-04 00:00:00-05:00,190.48655583308292,198.10601806640622,182.8670935997596,198.10601806640625,1544,0.0,0.0
1996-01-05 00:00:00-05:00,198.10610990435163,205.72557566990363,190.48664413879965,203.82070922851562,1784,0.0,0.0
1996-01-08 00:00:00-05:00,196.20117841448103,205.72550746372767,194.29631260463168,200.0109100341797,900,0.0,0.0
1996-01-09 00:00:00-05:00,198.1060684352245,198.1060684352245,190.48660426463894,196.20120239257812,1724,0.0,0.0
1996-01-10 00:00:00-05:00,196.20116193578878,213.34495278454702,192.39143063606474,207.63035583496094,1560,0.0,0.0
1996-01-11 00:00:00-05:00,207.63035583496094,208.58278865989197,201.91575888537486,207.63035583496094,944,0.0,0.0
1996-01-12 00:00:00-05:00,207.63038725011486,207.63038725011486,194.29632568359372,194.29632568359375,860,0.0,0.0
1996-01-15 00:00:00-05:00,194.2963610356397,194.2963610356397,186.67689589698716,192.39149475097656,788,0.0,0.0
1996-01-16 00:00:00-05:00,194.29633634993172,198.1060684352245,188.58173822199254,196.20120239257812,956,0.0,0.0
1996-01-17 00:00:00-05:00,196.2011525080754,198.10601806640622,190.48655583308292,198.10601806640625,756,0.0,0.0
1996-01-18 00:00:00-05:00,198.10609360496596,198.10609360496596,192.39149475097656,192.39149475097656,928,0.0,0.0
1996-01-19 00:00:00-05:00,192.39149475097656,198.10609360496596,192.39149475097656,192.39149475097656,996,0.0,0.0
1996-01-22 00:00:00-05:00,196.2011525080754,198.10601806640622,192.39142139141376,198.10601806640625,1176,0.0,0.0
1996-01-23 00:00:00-05:00,198.10609360496596,198.10609360496596,186.67689589698716,192.39149475097656,2552,0.0,0.0
1996-01-24 00:00:00-05:00,186.67687384287518,192.3914720217387,179.05740960439047,182.8671417236328,1108,0.0,0.0
1996-01-25 00:00:00-05:00,186.67689514160156,186.67689514160156,179.0574300337811,186.67689514160156,680,0.0,0.0
1996-01-26 00:00:00-05:00,186.67691007915298,186.67691007915298,179.05744436163653,180.96231079101562,1064,0.0,0.0
1996-01-29 00:00:00-05:00,180.9622963107362,186.67689514160156,180.9622963107362,186.67689514160156,818,0.0,0.0
1996-01-30 00:00:00-05:00,186.6768675459192,186.6768675459192,171.43793958298704,179.05740356445312,1588,0.0,0.0
1996-01-31 00:00:00-05:00,171.43796340278956,179.05742844291356,167.62823088272756,175.24769592285156,396,0.0,0.0
1996-02-01 00:00:00-05:00,175.24767157372008,179.05740356445312,169.53307358762052,179.05740356445312,1342,0.0,0.0
1996-02-02 00:00:00-05:00,175.24770625945058,179.05743900422127,175.24770625945058,177.15257263183594,1982,0.0,0.0
1996-02-05 00:00:00-05:00,175.24767157372008,179.05740356445312,175.24767157372008,179.05740356445312,1304,0.0,0.0
1996-02-06 00:00:00-05:00,179.05739647451074,188.58172607421875,175.2476646346275,188.58172607421875,1484,0.0,0.0
1996-02-07 00:00:00-05:00,194.29633808135986,201.91580231984457,182.8671417236328,182.8671417236328,2726,0.0,0.0
1996-02-08 00:00:00-05:00,190.4866429379112,190.4866429379112,167.62824578536186,180.96231079101562,1708,0.0,0.0
1996-02-09 00:00:00-05:00,175.24770078554258,180.96229972420156,167.62823553399724,173.34283447265625,1156,0.0,0.0
1996-02-12 00:00:00-05:00,179.0574300337811,194.29636024942204,175.24769747987085,186.67689514160156,4100,0.0,0.0
1996-02-13 00:00:00-05:00,182.86716258769133,190.4866276955118,180.9622963107362,186.67689514160156,1510,0.0,0.0
1996-02-14 00:00:00-05:00,186.67687384287518,188.58173990249634,180.96227566401166,182.8671417236328,1662,0.0,0.0
1996-02-15 00:00:00-05:00,182.8671417236328,187.15309035778046,182.8671417236328,182.8671417236328,1922,0.0,0.0
1996-02-16 00:00:00-05:00,190.48660596211752,190.48660596211752,182.8671417236328,182.8671417236328,704,0.0,0.0
1996-02-20 00:00:00-05:00,182.86713555518617,186.6768675459192,179.05740356445312,179.05740356445312,1476,0.0,0.0
1996-02-21 00:00:00-05:00,182.8671417236328,186.67687384287518,177.1525435447693,182.8671417236328,600,0.0,0.0
1996-02-22 00:00:00-05:00,186.67687384287518,186.67687384287518,175.24767748514813,182.8671417236328,808,0.0,0.0
1996-02-23 00:00:00-05:00,175.24767157372008,182.86713555518617,175.24767157372008,179.05740356445312,404,0.0,0.0
1996-02-26 00:00:00-05:00,175.24769747987085,189.53419455703425,175.24769747987085,186.67689514160156,802,0.0,0.0
1996-02-27 00:00:00-05:00,179.0574300337811,186.67689514160156,179.0574300337811,186.67689514160156,674,0.0,0.0
1996-02-28 00:00:00-05:00,182.86713555518617,186.6768675459192,179.05740356445312,179.05740356445312,1006,0.0,0.0
1996-02-29 00:00:00-05:00,179.0574300337811,186.67689514160156,179.0574300337811,186.67689514160156,584,0.0,0.0
1996-03-01 00:00:00-05:00,182.86716258769133,186.67689514160156,182.86716258769133,186.67689514160156,440,0.0,0.0
1996-03-04 00:00:00-05:00,182.86716096297553,186.67689348303753,175.24769592285156,175.24769592285156,1224,0.0,0.0
1996-03-05 00:00:00-05:00,175.24767748514813,186.67687384287518,175.24767748514813,182.8671417236328,820,0.0,0.0
1996-03-06 00:00:00-05:00,182.86718242694803,186.67691539417612,179.05744945971995,183.34339904785156,332,0.0,0.0
1996-03-07 00:00:00-05:00,180.9622963107362,186.67689514160156,180.9622963107362,186.67689514160156,950,0.0,0.0
1996-03-08 00:00:00-05:00,186.6768675459192,192.39146553201877,179.05740356445312,179.05740356445312,1718,0.0,0.0
1996-03-11 00:00:00-05:00,179.05740960439047,186.67687384287518,175.24767748514813,182.8671417236328,1782,0.0,0.0
1996-03-12 00:00:00-05:00,180.96227566401166,186.67687384287518,180.96227566401166,182.8671417236328,518,0.0,0.0
1996-03-13 00:00:00-05:00,180.96231079101562,184.77204364977385,180.96231079101562,180.96231079101562,1254,0.0,0.0
1996-03-14 00:00:00-05:00,179.05742844291356,184.77202722300655,175.24769592285156,175.24769592285156,234,0.0,0.0
1996-03-15 00:00:00-05:00,175.24769592285156,180.96229470294455,175.24769592285156,175.24769592285156,356,0.0,0.0
1996-03-18 00:00:00-05:00,175.24769140625,179.057423828125,171.437958984375,178.58120727539062,1168,0.0,0.0
1996-03-19 00:00:00-05:00,177.1525779322574,180.96231079101562,173.34284507349918,180.96231079101562,332,0.0,0.0
1996-03-20 00:00:00-05:00,179.05740356445312,180.96226955981965,173.34280557835356,179.05740356445312,440,0.0,0.0
1996-03-21 00:00:00-05:00,175.24769592285156,177.15256218288255,163.8184983626656,175.24769592285156,1358,0.0,0.0
1996-03-22 00:00:00-05:00,175.2477057562934,175.2477057562934,167.62824028862846,171.43797302246094,296,0.0,0.0
1996-03-25 00:00:00-05:00,173.3427976115366,173.3427976115366,162.86603511853164,169.53306579589844,614,0.0,0.0
1996-03-26 00:00:00-05:00,169.53307324364073,169.53307324364073,160.0087432861328,160.0087432861328,624,0.0,0.0
1996-03-27 00:00:00-05:00,163.81847242875534,167.62820434570312,160.00874051180753,167.62820434570312,304,0.0,0.0
1996-03-28 00:00:00-05:00,167.62820434570312,171.43793626265094,163.81847242875534,167.62820434570312,652,0.0,0.0
1996-03-29 00:00:00-05:00,171.43797302246094,171.43797302246094,167.62824028862846,171.43797302246094,810,0.0,0.0
1996-04-01 00:00:00-05:00,167.62824028862846,171.43797302246094,167.62824028862846,171.43797302246094,756,0.0,0.0
1996-04-02 00:00:00-05:00,171.43791570896056,171.43791570896056,156.19898986816406,156.19898986816406,754,0.0,0.0
1996-04-03 00:00:00-05:00,156.19901130312965,163.81847526913597,156.19901130312965,160.0087432861328,716,0.0,0.0
1996-04-04 00:00:00-05:00,160.00877838134767,165.72337760925294,152.38931274414062,152.38931274414062,972,0.0,0.0
1996-04-08 00:00:00-04:00,152.38927408854167,158.10387186686197,137.1503466796875,142.8649444580078,2010,0.0,0.0
1996-04-09 00:00:00-04:00,140.96009826660156,140.96009826660156,129.53090110985008,140.96009826660156,2570,0.0,0.0
1996-04-10 00:00:00-04:00,140.96008605957033,140.96008605957033,133.3406219482422,133.3406219482422,842,0.0,0.0
1996-04-11 00:00:00-04:00,133.3406427171495,140.96010801527234,133.3406427171495,137.15037536621094,1076,0.0,0.0
1996-04-12 00:00:00-04:00,137.15041471782484,145.7223156376889,137.15041471782484,144.76988220214844,708,0.0,0.0
1996-04-15 00:00:00-04:00,144.76981038411458,146.67467631022134,137.1503466796875,142.8649444580078,1164,0.0,0.0
1996-04-16 00:00:00-04:00,139.05528158890576,146.67474907322935,139.05528158890576,144.76988220214844,588,0.0,0.0
1996-04-17 00:00:00-04:00,142.8649444580078,146.67467631022134,142.8649444580078,142.8649444580078,506,0.0,0.0
1996-04-18 00:00:00-04:00,146.67467631022134,146.67467631022134,142.8649444580078,142.8649444580078,340,0.0,0.0
1996-04-19 00:00:00-04:00,142.86496337030974,146.67469572685133,135.24549865722656,135.24549865722656,1066,0.0,0.0
1996-04-22 00:00:00-04:00,135.24547461940816,139.05520629882812,133.3406087796982,139.05520629882812,1534,0.0,0.0
1996-04-23 00:00:00-04:00,135.24549865722656,140.96009719203894,135.24549865722656,135.24549865722656,660,0.0,0.0
1996-04-24 00:00:00-04:00,135.24549865722656,140.96009719203894,135.24549865722656,135.24549865722656,476,0.0,0.0
1996-04-25 00:00:00-04:00,140.96014845998664,144.76988220214844,135.24554784674396,144.76988220214844,542,0.0,0.0
1996-04-26 00:00:00-04:00,137.1503466796875,144.76981038411458,137.1503466796875,142.8649444580078,796,0.0,0.0
1996-04-29 00:00:00-04:00,142.86501533106755,144.76988220214844,137.15041471782484,144.76988220214844,1392,0.0,0.0
1996-04-30 00:00:00-04:00,137.1503466796875,144.76981038411458,137.1503466796875,142.8649444580078,836,0.0,0.0
1996-05-01 00:00:00-04:00,137.15036588101773,142.86496445939346,137.15036588101773,140.96009826660156,376,0.0,0.0
1996-05-02 00:00:00-04:00,142.38875775867038,142.86497433980304,133.3406427171495,137.15037536621094,762,0.0,0.0
1996-05-03 00:00:00-04:00,133.3406427171495,140.96010801527234,133.3406427171495,137.15037536621094,450,0.0,0.0
1996-05-06 00:00:00-04:00,133.3406427171495,140.96010801527234,133.3406427171495,137.15037536621094,774,0.0,0.0
1996-05-07 00:00:00-04:00,137.150390625,140.96012369791666,129.53092447916666,131.435791015625,1268,0.0,0.0
1996-05-08 00:00:00-04:00,129.53088989257813,137.15035400390624,125.72115783691407,133.3406219482422,760,0.0,0.0
1996-05-09 00:00:00-04:00,125.72116384933244,133.34062832504955,125.72116384933244,127.62602996826172,450,0.0,0.0
1996-05-10 00:00:00-04:00,133.34061709317294,133.34061709317294,121.91142134232955,125.72115325927734,1592,0.0,0.0
1996-05-13 00:00:00-04:00,133.3406219482422,133.3406219482422,125.72115783691407,133.3406219482422,908,0.0,0.0
1996-05-14 00:00:00-04:00,133.3406334954339,140.96009826660156,129.53090110985008,140.96009826660156,1404,0.0,0.0
1996-05-15 00:00:00-04:00,133.3406219482422,140.96008605957033,133.3406219482422,133.3406219482422,364,0.0,0.0
1996-05-16 00:00:00-04:00,137.15037536621094,137.15037536621094,133.3406427171495,137.15037536621094,400,0.0,0.0
1996-05-17 00:00:00-04:00,133.3406427171495,137.15037536621094,133.3406427171495,137.15037536621094,458,0.0,0.0
1996-05-20 00:00:00-04:00,137.15036483549736,137.15036483549736,133.34063247895577,135.24549865722656,1348,0.0,0.0
1996-05-21 00:00:00-04:00,135.24552408854166,137.150390625,131.435791015625,131.435791015625,1158,0.0,0.0
1996-05-22 00:00:00-04:00,131.43575592041017,137.15035400390624,125.72115783691407,133.3406219482422,1824,0.0,0.0
1996-05-23 00:00:00-04:00,126.67359085083008,133.3406219482422,125.72115783691407,133.3406219482422,384,0.0,0.0
1996-05-24 00:00:00-04:00,131.4357187607709,133.34058425005745,125.7211222929113,129.53085327148438,792,0.0,0.0
1996-05-28 00:00:00-04:00,125.72114682197572,133.3406102657318,120.4827657043934,121.91141510009766,1908,0.0,0.0
1996-05-29 00:00:00-04:00,129.53088517622515,129.53088517622515,117.62547293576328,125.72115325927734,796,0.0,0.0
1996-05-30 00:00:00-04:00,125.72115783691407,133.3406219482422,121.91142578125,133.3406219482422,1772,0.0,0.0
1996-05-31 00:00:00-04:00,125.72117741902669,137.15037536621094,125.72117741902669,137.15037536621094,616,0.0,0.0
1996-06-03 00:00:00-04:00,133.34064385829828,152.38930726662662,133.34064385829828,148.57957458496094,1642,0.0,0.0
1996-06-04 00:00:00-04:00,152.38930080247962,182.86716096297553,150.4844345424486,175.24769592285156,3218,0.0,0.0
1996-06-05 00:00:00-04:00,180.96230888366702,182.86717529296877,148.57957992553713,152.38931274414062,3586,0.0,0.0
1996-06-06 00:00:00-04:00,152.38930726662662,158.10390628912512,148.57957458496094,148.57957458496094,1646,0.0,0.0
1996-06-07 00:00:00-04:00,146.6746968449773,149.53199613416515,125.72116872426625,140.96009826660156,32498,0.0,0.0
1996-06-10 00:00:00-04:00,137.15034901012075,140.96008092706853,125.72115325927734,125.72115325927734,2124,0.0,0.0
1996-06-11 00:00:00-04:00,125.72116384933244,133.34062832504955,121.91143161147389,127.62602996826172,1640,0.0,0.0
1996-06-12 00:00:00-04:00,129.53091583251955,158.10391197204592,125.72118301391602,152.38931274414062,6304,0.0,0.0
1996-06-13 00:00:00-04:00,150.48442923056112,160.00876019452068,140.96009826660156,140.96009826660156,3706,0.0,0.0
1996-06-14 00:00:00-04:00,140.96007853190105,146.67467631022134,137.1503466796875,142.8649444580078,1892,0.0,0.0
1996-06-17 00:00:00-04:00,142.8649123834104,144.76977788185587,137.15031588807398,140.0076141357422,4290,0.0,0.0
1996-06-18 00:00:00-04:00,139.05522556169657,140.96009166528145,133.34062725094194,134.29306030273438,908,0.0,0.0
1996-06-19 00:00:00-04:00,144.76982387245124,144.76982387245124,133.34062725094194,134.29306030273438,974,0.0,0.0
1996-06-20 00:00:00-04:00,133.34058425005745,140.9600462072036,125.7211222929113,129.53085327148438,1010,0.0,0.0
1996-06-21 00:00:00-04:00,133.34058425005745,133.34058425005745,125.7211222929113,129.53085327148438,430,0.0,0.0
1996-06-24 00:00:00-04:00,129.5309100680881,137.15037536621094,129.5309100680881,137.15037536621094,1182,0.0,0.0
1996-06-25 00:00:00-04:00,131.4357187607709,137.15031522863052,129.53085327148438,129.53085327148438,960,0.0,0.0
1996-06-26 00:00:00-04:00,137.15035400390624,137.15035400390624,125.72115783691407,133.3406219482422,856,0.0,0.0
1996-06-27 00:00:00-04:00,129.53085327148438,133.34058425005745,129.53085327148438,129.53085327148438,434,0.0,0.0
1996-06-28 00:00:00-04:00,129.53088517622515,133.34061709317294,125.72115325927734,125.72115325927734,1978,0.0,0.0
1996-07-01 00:00:00-04:00,125.7211222929113,133.34058425005745,121.91139131433823,129.53085327148438,946,0.0,0.0
1996-07-02 00:00:00-04:00,129.53088517622515,131.43575113469905,123.81628730080345,125.72115325927734,902,0.0,0.0
1996-07-03 00:00:00-04:00,125.72115325927734,131.43575113469905,125.72115325927734,125.72115325927734,536,0.0,0.0
1996-07-05 00:00:00-04:00,131.43573978173472,131.43573978173472,125.72114239992017,130.48330688476562,334,0.0,0.0
1996-07-08 00:00:00-04:00,125.7211222929113,131.4357187607709,125.7211222929113,129.53085327148438,582,0.0,0.0
1996-07-09 00:00:00-04:00,125.7211222929113,129.53085327148438,125.7211222929113,129.53085327148438,340,0.0,0.0
1996-07-10 00:00:00-04:00,127.62602996826172,127.62602996826172,121.91143161147389,127.62602996826172,1206,0.0,0.0
1996-07-11 00:00:00-04:00,121.91139131433823,131.4357187607709,120.0065258250517,129.53085327148438,2820,0.0,0.0
1996-07-12 00:00:00-04:00,125.7211222929113,137.15031522863052,125.7211222929113,129.53085327148438,2478,0.0,0.0
1996-07-15 00:00:00-04:00,129.53085327148438,131.4357187607709,125.7211222929113,129.53085327148438,1032,0.0,0.0
1996-07-16 00:00:00-04:00,125.72116384933244,129.530896087191,121.91143161147389,127.62602996826172,3852,0.0,0.0
1996-07-17 00:00:00-04:00,127.62598778219784,131.4357187607709,127.62598778219784,129.53085327148438,1044,0.0,0.0
1996-07-18 00:00:00-04:00,129.53088989257813,137.15035400390624,129.53088989257813,133.3406219482422,384,0.0,0.0
1996-07-19 00:00:00-04:00,135.24548797607423,135.24548797607423,129.53088989257813,133.3406219482422,766,0.0,0.0
1996-07-22 00:00:00-04:00,133.3406055756729,133.3406055756729,129.53087398779653,130.48330688476562,646,0.0,0.0
1996-07-23 00:00:00-04:00,129.53085327148438,133.34058425005745,125.7211222929113,129.53085327148438,2160,0.0,0.0
1996-07-24 00:00:00-04:00,129.5308547481414,129.5308547481414,118.1016616821289,118.1016616821289,1732,0.0,0.0
1996-07-25 00:00:00-04:00,118.10168942538175,127.62601921775125,118.10168942538175,125.72115325927734,870,0.0,0.0
1996-07-26 00:00:00-04:00,121.91142134232955,127.62601921775125,121.91142134232955,125.72115325927734,460,0.0,0.0
1996-07-29 00:00:00-04:00,121.91139131433823,135.24544973934397,121.91139131433823,129.53085327148438,1180,0.0,0.0
1996-07-30 00:00:00-04:00,131.43576220612027,131.43576220612027,121.91143161147389,127.62602996826172,522,0.0,0.0
1996-07-31 00:00:00-04:00,127.62604483579979,154.29417360745944,121.91144581330128,148.57957458496094,8904,0.0,0.0
1996-08-01 00:00:00-04:00,148.57957331339517,148.57957331339517,133.3406427171495,137.15037536621094,7882,0.0,0.0
1996-08-02 00:00:00-04:00,135.24550904168024,140.96010801527234,133.3406427171495,137.15037536621094,552,0.0,0.0
1996-08-05 00:00:00-04:00,139.05523207380963,142.86496445939346,135.2454996882258,140.96009826660156,994,0.0,0.0
1996-08-06 00:00:00-04:00,135.24549865722656,139.05523101376815,129.53090012241418,135.24549865722656,980,0.0,0.0
1996-08-07 00:00:00-04:00,133.3406427171495,140.96010801527234,133.3406427171495,137.15037536621094,1644,0.0,0.0
1996-08-08 00:00:00-04:00,137.15041471782484,144.76988220214844,137.15041471782484,144.76988220214844,2610,0.0,0.0
1996-08-09 00:00:00-04:00,144.76988220214844,144.76988220214844,137.15041471782484,144.76988220214844,866,0.0,0.0
1996-08-12 00:00:00-04:00,140.9600721385381,142.86493797824807,137.15034045911813,139.05520629882812,646,0.0,0.0
1996-08-13 00:00:00-04:00,137.15034045911813,139.05520629882812,135.24547461940816,139.05520629882812,1182,0.0,0.0
1996-08-14 00:00:00-04:00,135.24547461940816,140.9600721385381,135.24547461940816,139.05520629882812,658,0.0,0.0
1996-08-15 00:00:00-04:00,140.96009826660156,142.86496445939346,137.15036588101773,140.96009826660156,1408,0.0,0.0
1996-08-16 00:00:00-04:00,144.76988220214844,144.76988220214844,139.05528158890576,144.76988220214844,2118,0.0,0.0
1996-08-19 00:00:00-04:00,148.57954223632814,148.57954223632814,139.05521260579428,142.8649444580078,1860,0.0,0.0
1996-08-20 00:00:00-04:00,139.05523207380963,144.76983065218536,139.05523207380963,140.96009826660156,1062,0.0,0.0
1996-08-21 00:00:00-04:00,139.05524169074164,142.86497433980304,129.5309100680881,137.15037536621094,2112,0.0,0.0
1996-08-22 00:00:00-04:00,133.3406334954339,140.96009826660156,133.3406334954339,140.96009826660156,1530,0.0,0.0
1996-08-23 00:00:00-04:00,139.05523207380963,144.76983065218536,138.57901552561165,140.96009826660156,1476,0.0,0.0
1996-08-26 00:00:00-04:00,140.96009826660156,144.76983065218536,135.2454996882258,140.96009826660156,888,0.0,0.0
1996-08-27 00:00:00-04:00,135.24550904168024,137.15037536621094,129.5309100680881,137.15037536621094,646,0.0,0.0
1996-08-28 00:00:00-04:00,131.43575592041017,137.15035400390624,131.43575592041017,133.3406219482422,676,0.0,0.0
1996-08-29 00:00:00-04:00,133.3406219482422,135.24548797607423,131.43575592041017,133.3406219482422,788,0.0,0.0
1996-08-30 00:00:00-04:00,131.4357187607709,133.34058425005745,127.62598778219784,129.53085327148438,1258,0.0,0.0
1996-09-03 00:00:00-04:00,133.34058425005745,133.34058425005745,127.62598778219784,129.53085327148438,632,0.0,0.0
1996-09-04 00:00:00-04:00,129.53092447916666,137.150390625,129.53092447916666,131.435791015625,546,0.0,0.0
1996-09-05 00:00:00-04:00,135.24552408854166,135.24552408854166,127.62605794270833,131.435791015625,594,0.0,0.0
1996-09-06 00:00:00-04:00,127.6260238647461,133.3406219482422,125.72115783691407,133.3406219482422,1392,0.0,0.0
1996-09-09 00:00:00-04:00,129.5309100680881,137.15037536621094,129.5309100680881,137.15037536621094,454,0.0,0.0
1996-09-10 00:00:00-04:00,137.15036483549736,137.15036483549736,131.43576630068497,135.24549865722656,1526,0.0,0.0
1996-09-11 00:00:00-04:00,131.43574141108104,137.15033886373675,131.43574141108104,134.76925659179688,396,0.0,0.0
1996-09-12 00:00:00-04:00,131.43576630068497,135.24549865722656,131.43576630068497,135.24549865722656,1244,0.0,0.0
1996-09-13 00:00:00-04:00,131.43575592041017,135.24548797607423,131.43575592041017,133.3406219482422,478,0.0,0.0
1996-09-16 00:00:00-04:00,131.43575592041017,135.24548797607423,129.53088989257813,133.3406219482422,676,0.0,0.0
1996-09-17 00:00:00-04:00,129.53085327148438,133.34058425005745,129.53085327148438,129.53085327148438,580,0.0,0.0
1996-09-18 00:00:00-04:00,125.7211222929113,131.4357187607709,121.91139131433823,129.53085327148438,1128,0.0,0.0
1996-09-19 00:00:00-04:00,125.72115325927734,129.53088517622515,123.81628730080345,125.72115325927734,296,0.0,0.0
1996-09-20 00:00:00-04:00,123.8162605493449,127.6259916431709,121.91139500243192,122.38761138916016,2050,0.0,0.0
1996-09-23 00:00:00-04:00,121.91141510009767,125.72114682197572,121.91141510009767,121.91141510009766,1186,0.0,0.0
1996-09-24 00:00:00-04:00,120.00654923915864,123.8162809610367,120.00654923915864,121.91141510009766,1046,0.0,0.0
1996-09-25 00:00:00-04:00,121.91141510009767,123.8162809610367,120.95898216962816,121.91141510009766,928,0.0,0.0
1996-09-26 00:00:00-04:00,121.91143161147389,127.62602996826172,121.91143161147389,127.62602996826172,1386,0.0,0.0
1996-09-27 00:00:00-04:00,127.62598778219784,131.4357187607709,123.81625680362477,129.53085327148438,1304,0.0,0.0
1996-09-30 00:00:00-04:00,125.72117741902669,137.15037536621094,125.72117741902669,137.15037536621094,4724,0.0,0.0
1996-10-01 00:00:00-04:00,133.34058425005745,137.15031522863052,129.53085327148438,129.53085327148438,1518,0.0,0.0
1996-10-02 00:00:00-04:00,129.53088989257813,135.24548797607423,129.53088989257813,133.3406219482422,3618,0.0,0.0
1996-10-03 00:00:00-04:00,135.24548797607423,137.15035400390624,133.3406219482422,133.3406219482422,2092,0.0,0.0
1996-10-04 00:00:00-04:00,131.43575592041017,137.15035400390624,129.53088989257813,133.3406219482422,2858,0.0,0.0
1996-10-07 00:00:00-04:00,131.4357187607709,135.24544973934397,129.53085327148438,129.53085327148438,476,0.0,0.0
1996-10-08 00:00:00-04:00,129.53085327148438,135.24544973934397,127.62598778219784,129.53085327148438,690,0.0,0.0
1996-10-09 00:00:00-04:00,127.62598778219784,133.34058425005745,127.62598778219784,129.53085327148438,778,0.0,0.0
1996-10-10 00:00:00-04:00,133.34062832504955,133.34062832504955,127.62602996826172,127.62602996826172,192,0.0,0.0
1996-10-11 00:00:00-04:00,133.34061709317294,133.34061709317294,125.72115325927734,125.72115325927734,1074,0.0,0.0
1996-10-14 00:00:00-04:00,125.7211222929113,129.53085327148438,125.7211222929113,129.53085327148438,412,0.0,0.0
1996-10-15 00:00:00-04:00,123.81628730080345,129.53088517622515,121.91142134232955,125.72115325927734,1990,0.0,0.0
1996-10-16 00:00:00-04:00,123.81629773040316,129.530896087191,123.81629773040316,127.62602996826172,494,0.0,0.0
1996-10-17 00:00:00-04:00,121.91141510009767,127.62601268291475,121.91141510009767,121.91141510009766,490,0.0,0.0
1996-10-18 00:00:00-04:00,121.91143161147389,127.62602996826172,121.91143161147389,127.62602996826172,746,0.0,0.0
1996-10-21 00:00:00-04:00,121.91139270413306,127.62598923713931,118.1016616821289,118.1016616821289,1580,0.0,0.0
1996-10-22 00:00:00-04:00,118.10168907290598,121.91142097848359,110.48222526175076,116.19682312011719,2620,0.0,0.0
1996-10-23 00:00:00-04:00,112.38709121453957,116.19682312011717,110.48222526175076,116.19682312011719,1258,0.0,0.0
1996-10-24 00:00:00-04:00,112.38709564208985,118.10169372558595,112.38709564208985,114.29196166992188,1312,0.0,0.0
1996-10-25 00:00:00-04:00,114.29198184255826,116.19684820660089,112.38711547851561,112.38711547851562,396,0.0,0.0
1996-10-28 00:00:00-05:00,110.48222961425782,116.19682769775392,106.67249755859375,114.29196166992188,834,0.0,0.0
1996-10-29 00:00:00-05:00,106.67251326898823,112.3871121941126,99.05304803548907,106.19629669189453,2370,0.0,0.0
1996-10-30 00:00:00-05:00,103.33899722933235,106.67251326898823,99.05304803548907,106.19629669189453,3152,0.0,0.0
1996-10-31 00:00:00-05:00,102.86277402680497,110.48223876953126,102.86277402680497,110.48223876953125,1496,0.0,0.0
1996-11-01 00:00:00-05:00,106.6725082397461,112.38710689544678,106.6725082397461,106.6725082397461,1246,0.0,0.0
1996-11-04 00:00:00-05:00,106.67250532670455,112.38710382634943,102.86277299360796,104.76763916015625,878,0.0,0.0
1996-11-05 00:00:00-05:00,104.7676420211792,108.57737445831299,104.7676420211792,106.6725082397461,960,0.0,0.0
1996-11-06 00:00:00-05:00,104.76762170190209,108.57735340015307,104.76762170190209,105.72005462646484,602,0.0,0.0
1996-11-07 00:00:00-05:00,104.76761074241149,106.67247639227351,103.81517791748047,103.81517791748047,804,0.0,0.0
1996-11-08 00:00:00-05:00,103.81519224058907,106.67249110959611,95.24329563356795,100.95789337158203,2058,0.0,0.0
1996-11-11 00:00:00-05:00,100.95789947509766,100.95789947509766,89.52870330810548,95.24330139160156,1764,0.0,0.0
1996-11-12 00:00:00-05:00,89.52870480219524,95.24330298105876,89.52870480219524,91.4335708618164,1562,0.0,0.0
1996-11-13 00:00:00-05:00,91.43356380822523,101.9103263279177,91.43356380822523,100.95789337158203,1384,0.0,0.0
1996-11-14 00:00:00-05:00,97.14818844185055,102.86278776195941,97.14818844185055,100.48170471191406,1358,0.0,0.0
1996-11-15 00:00:00-05:00,99.05302745891066,101.43410984974987,99.05302745891066,100.95789337158203,556,0.0,0.0
1996-11-18 00:00:00-05:00,100.95789471794576,100.95789471794576,95.24329690372242,97.14816284179688,1604,0.0,0.0
1996-11-19 00:00:00-05:00,97.14816741943359,99.05303344726563,95.24330139160156,95.24330139160156,806,0.0,0.0
1996-11-20 00:00:00-05:00,95.2433138477559,99.05304640166614,91.43358129384566,93.33844757080078,872,0.0,0.0
1996-11-21 00:00:00-05:00,93.33844757080078,99.05304640166614,91.43358129384566,93.33844757080078,1178,0.0,0.0
1996-11-22 00:00:00-05:00,91.4335693359375,95.24330139160156,91.4335693359375,95.24330139160156,1002,0.0,0.0
1996-11-25 00:00:00-05:00,87.62384796142578,91.43358048148777,83.81411544136378,87.62384796142578,6752,0.0,0.0
1996-11-26 00:00:00-05:00,87.62384796142578,89.52871422145678,83.81411544136378,87.62384796142578,2802,0.0,0.0
1996-11-27 00:00:00-05:00,81.90923621437767,87.62383408979936,81.90923621437767,83.81410217285156,1794,0.0,0.0
1996-11-29 00:00:00-05:00,87.62384796142578,87.62384796142578,83.81411544136378,87.62384796142578,822,0.0,0.0
1996-12-02 00:00:00-05:00,83.81412200927736,85.7189884185791,76.19465637207031,76.19465637207031,4536,0.0,0.0
1996-12-03 00:00:00-05:00,76.19461902080138,83.81408092288152,68.57515711872124,77.6232681274414,5062,0.0,0.0
1996-12-04 00:00:00-05:00,76.19465637207031,78.09952278137207,72.3849235534668,76.19465637207031,3544,0.0,0.0
1996-12-05 00:00:00-05:00,72.3849235534668,76.19465637207031,70.48005714416504,76.19465637207031,3366,0.0,0.0
1996-12-06 00:00:00-05:00,70.48004913330078,74.2897815188846,66.67031674771695,70.48004913330078,1994,0.0,0.0
1996-12-09 00:00:00-05:00,70.48007422999332,75.24224140769557,68.57520735891242,72.38494110107422,4442,0.0,0.0
1996-12-10 00:00:00-05:00,70.48007422999332,74.28980797215513,68.57520735891242,72.38494110107422,2852,0.0,0.0
1996-12-11 00:00:00-05:00,68.57518768310547,72.38492033216689,64.76545503404405,68.57518768310547,2626,0.0,0.0
1996-12-12 00:00:00-05:00,66.6703109741211,72.3849090576172,64.76544494628907,66.6703109741211,2244,0.0,0.0
1996-12-13 00:00:00-05:00,64.76544494628907,68.57517700195312,64.76544494628907,66.6703109741211,1546,0.0,0.0
1996-12-16 00:00:00-05:00,68.57517700195312,68.57517700195312,60.955712890625,66.6703109741211,2306,0.0,0.0
1996-12-17 00:00:00-05:00,64.76542663574219,64.76542663574219,60.955695657169116,64.76542663574219,1590,0.0,0.0
1996-12-18 00:00:00-05:00,60.95571580573694,64.7654480435955,59.050849686807666,63.81301498413086,2186,0.0,0.0
1996-12-19 00:00:00-05:00,60.95571067116477,66.67030854658647,60.95571067116477,62.86057662963867,2904,0.0,0.0
1996-12-20 00:00:00-05:00,59.05083016788258,64.76542663574219,59.05083016788258,64.76542663574219,3180,0.0,0.0
1996-12-23 00:00:00-05:00,62.86057341098786,64.76543927192688,57.14597582817078,60.95570755004883,5088,0.0,0.0
1996-12-24 00:00:00-05:00,62.86058008948037,62.86058008948037,59.050847962845204,61.43193054199219,2400,0.0,0.0
1996-12-26 00:00:00-05:00,59.05084168910981,64.76543927192688,57.14597582817078,60.95570755004883,3284,0.0,0.0
1996-12-27 00:00:00-05:00,57.14598083496094,62.86057891845704,57.14598083496094,57.14598083496094,6534,0.0,0.0
1996-12-30 00:00:00-05:00,57.14598083496094,66.6703109741211,57.14598083496094,66.6703109741211,7726,0.0,0.0
1996-12-31 00:00:00-05:00,62.86058192466622,68.57518028145407,60.95571580573694,63.81301498413086,6014,0.0,0.0
1997-01-02 00:00:00-05:00,62.86057891845704,68.57517700195312,62.86057891845704,66.6703109741211,1340,0.0,0.0
1997-01-03 00:00:00-05:00,64.76545791625978,77.1470895767212,64.76545791625978,76.19465637207031,2832,0.0,0.0
1997-01-06 00:00:00-05:00,74.28978996276857,80.00438919067383,72.3849235534668,76.19465637207031,2856,0.0,0.0
1997-01-07 00:00:00-05:00,76.19463833895597,91.43356600674716,76.19463833895597,83.81410217285156,1288,0.0,0.0
1997-01-08 00:00:00-05:00,87.62383408979936,89.52870004827327,80.00437025590377,83.81410217285156,3522,0.0,0.0
1997-01-09 00:00:00-05:00,80.00437025590377,89.52870004827327,80.00437025590377,83.81410217285156,1312,0.0,0.0
1997-01-10 00:00:00-05:00,83.81411459279614,85.71898083354151,79.52816555111907,81.90924835205078,2332,0.0,0.0
1997-01-13 00:00:00-05:00,85.71896961757116,85.71896961757116,80.0043716430664,80.0043716430664,504,0.0,0.0
1997-01-14 00:00:00-05:00,81.90927545647872,81.90927545647872,72.38494110107422,72.38494110107422,894,0.0,0.0
1997-01-15 00:00:00-05:00,72.3849235534668,81.9092555999756,72.3849235534668,76.19465637207031,1466,0.0,0.0
1997-01-16 00:00:00-05:00,76.1946529812283,80.0043856302897,68.57518768310547,68.57518768310547,636,0.0,0.0
1997-01-17 00:00:00-05:00,76.1946529812283,76.1946529812283,68.57518768310547,68.57518768310547,1510,0.0,0.0
1997-01-20 00:00:00-05:00,68.57518294050887,76.19464771167651,68.57518294050887,70.48004913330078,750,0.0,0.0
1997-01-21 00:00:00-05:00,66.67032135857475,72.38492033216689,66.67032135857475,68.57518768310547,590,0.0,0.0
1997-01-22 00:00:00-05:00,70.48005400763617,72.38492033216689,66.67032135857475,68.57518768310547,1166,0.0,0.0
1997-01-23 00:00:00-05:00,64.76544494628907,68.57517700195312,64.76544494628907,66.6703109741211,426,0.0,0.0
1997-01-24 00:00:00-05:00,64.76545503404405,68.57518768310547,64.76545503404405,68.57518768310547,1606,0.0,0.0
1997-01-27 00:00:00-05:00,66.6703109741211,70.48004302978516,66.6703109741211,66.6703109741211,518,0.0,0.0
1997-01-28 00:00:00-05:00,68.57518768310547,72.38492033216689,68.57518768310547,68.57518768310547,562,0.0,0.0
1997-01-29 00:00:00-05:00,68.57518768310547,72.38492033216689,66.67032135857475,68.57518768310547,532,0.0,0.0
1997-01-30 00:00:00-05:00,68.57520735891242,72.38494110107422,68.57520735891242,72.38494110107422,504,0.0,0.0
1997-01-31 00:00:00-05:00,64.76545503404405,72.38492033216689,64.76545503404405,68.57518768310547,1264,0.0,0.0
1997-02-03 00:00:00-05:00,68.57518768310547,72.38492033216689,66.67032135857475,68.57518768310547,772,0.0,0.0
1997-02-04 00:00:00-05:00,72.38492033216689,72.38492033216689,68.57518768310547,68.57518768310547,438,0.0,0.0
1997-02-05 00:00:00-05:00,68.57517099380493,68.57517099380493,60.955707550048835,60.95570755004883,884,0.0,0.0
1997-02-06 00:00:00-05:00,60.95571067116477,67.62274152582343,60.95571067116477,62.86057662963867,158,0.0,0.0
1997-02-07 00:00:00-05:00,63.813021871778695,72.38492033216689,63.813021871778695,68.57518768310547,918,0.0,0.0
1997-02-10 00:00:00-05:00,65.71785938038545,70.4800231036018,64.76542663574219,64.76542663574219,722,0.0,0.0
1997-02-11 00:00:00-05:00,64.76543927192688,70.48003685474396,60.955707550048835,60.95570755004883,670,0.0,0.0
1997-02-12 00:00:00-05:00,60.955695657169116,64.76542663574219,60.955695657169116,64.76542663574219,1292,0.0,0.0
1997-02-13 00:00:00-05:00,64.76543927192688,64.76543927192688,60.955707550048835,60.95570755004883,412,0.0,0.0
1997-02-14 00:00:00-05:00,62.86057662963867,64.76544258811258,61.908143650401726,62.86057662963867,1426,0.0,0.0
1997-02-18 00:00:00-05:00,66.67029212502872,66.67029212502872,62.86056114645565,64.76542663574219,494,0.0,0.0
1997-02-19 00:00:00-05:00,64.76542663574219,68.57515761431526,62.86056114645565,64.76542663574219,712,0.0,0.0
1997-02-20 00:00:00-05:00,62.86057891845704,66.6703109741211,60.955712890625,66.6703109741211,1546,0.0,0.0
1997-02-21 00:00:00-05:00,66.67032135857475,68.57518768310547,62.860588709513344,68.57518768310547,1018,0.0,0.0
1997-02-24 00:00:00-05:00,64.76547361675063,74.28980797215513,64.76547361675063,72.38494110107422,1980,0.0,0.0
1997-02-25 00:00:00-05:00,64.76544371105376,83.81410362606957,64.76544371105376,80.0043716430664,4922,0.0,0.0
1997-02-26 00:00:00-05:00,78.09950429742987,89.52870004827327,78.09950429742987,83.81410217285156,2286,0.0,0.0
1997-02-27 00:00:00-05:00,83.81411459279614,87.62384707428687,78.09951587056004,81.90924835205078,984,0.0,0.0
1997-02-28 00:00:00-05:00,78.09950429742987,83.81410217285156,78.09950429742987,83.81410217285156,400,0.0,0.0
1997-03-03 00:00:00-05:00,80.0043821113054,87.62384707428687,80.0043821113054,81.90924835205078,1744,0.0,0.0
1997-03-04 00:00:00-05:00,81.90924835205078,83.81411459279614,76.19464962981468,81.90924835205078,708,0.0,0.0
1997-03-05 00:00:00-05:00,80.00438631497897,81.9092526558118,72.38492095164764,74.28978729248047,1496,0.0,0.0
1997-03-06 00:00:00-05:00,74.7659880694221,89.05248260498045,74.28977158490349,89.05248260498047,3278,0.0,0.0
1997-03-07 00:00:00-05:00,89.52871422145678,89.52871422145678,80.0043829213018,87.62384796142578,3970,0.0,0.0
1997-03-10 00:00:00-05:00,85.71898170139478,90.95736391648002,85.71898170139478,87.62384796142578,858,0.0,0.0
1997-03-11 00:00:00-05:00,85.71898170139478,91.43358048148777,85.71898170139478,87.62384796142578,322,0.0,0.0
1997-03-12 00:00:00-05:00,87.62383874257407,93.33843692143759,87.62383874257407,91.4335708618164,1234,0.0,0.0
1997-03-13 00:00:00-05:00,87.62384796142578,89.52871422145678,81.9092491813328,87.62384796142578,1048,0.0,0.0
1997-03-14 00:00:00-05:00,83.81410217285156,89.05248355865479,83.81410217285156,83.81410217285156,310,0.0,0.0
1997-03-17 00:00:00-05:00,83.81410362606957,87.62383560907274,80.0043716430664,80.0043716430664,376,0.0,0.0
1997-03-18 00:00:00-05:00,80.00437025590377,83.81410217285156,80.00437025590377,83.81410217285156,276,0.0,0.0
1997-03-19 00:00:00-05:00,85.24276991950141,85.71898651123047,81.909253777398,85.71898651123047,226,0.0,0.0
1997-03-20 00:00:00-05:00,93.33843358357748,93.33843358357748,72.38490767706008,80.0043716430664,708,0.0,0.0
1997-03-21 00:00:00-05:00,76.19463966006325,80.0043716430664,76.19463966006325,80.0043716430664,272,0.0,0.0
1997-03-24 00:00:00-05:00,74.28978729248047,80.00438631497897,72.38492095164764,74.28978729248047,398,0.0,0.0
1997-03-25 00:00:00-05:00,74.28978665669759,80.0043856302897,68.57518768310547,68.57518768310547,1742,0.0,0.0
1997-03-26 00:00:00-05:00,68.57518294050887,74.2897815188846,64.76545055492504,70.48004913330078,2348,0.0,0.0
1997-03-27 00:00:00-05:00,68.57515761431526,68.57515761431526,62.86056114645565,64.76542663574219,1458,0.0,0.0
1997-03-31 00:00:00-05:00,64.76546223958333,68.5751953125,62.86059570312499,65.7178955078125,626,0.0,0.0
1997-04-01 00:00:00-05:00,64.76544258811258,68.57517450506037,62.86057662963867,62.86057662963867,398,0.0,0.0
1997-04-02 00:00:00-05:00,68.57515761431526,68.57515761431526,62.86056114645565,64.76542663574219,914,0.0,0.0
1997-04-03 00:00:00-05:00,64.7654273740707,66.67029288507277,59.05083084106445,59.05083084106445,1088,0.0,0.0
1997-04-04 00:00:00-05:00,60.955707550048835,64.76543927192688,59.05084168910981,60.95570755004883,336,0.0,0.0
1997-04-07 00:00:00-04:00,60.95571067116477,68.57517450506037,59.050844712690875,62.86057662963867,4268,0.0,0.0
1997-04-08 00:00:00-04:00,62.86056114645565,68.57515761431526,60.955695657169116,64.76542663574219,652,0.0,0.0
1997-04-09 00:00:00-04:00,68.57517700195312,68.57517700195312,60.955712890625,66.6703109741211,544,0.0,0.0
1997-04-10 00:00:00-04:00,60.95572040264423,62.384370099581204,59.0508541400616,61.90815353393555,2300,0.0,0.0
1997-04-11 00:00:00-04:00,59.52704721881498,61.908129107567575,59.05083084106445,59.05083084106445,744,0.0,0.0
1997-04-14 00:00:00-04:00,60.955712890625,60.955712890625,56.19354782104492,57.14598083496094,2744,0.0,0.0
1997-04-15 00:00:00-04:00,57.62219734191895,57.62219734191895,43.81191864013672,47.62165069580078,3844,0.0,0.0
1997-04-16 00:00:00-04:00,45.71678466796875,49.52651672363282,43.81191864013672,47.62165069580078,838,0.0,0.0
1997-04-17 00:00:00-04:00,43.81192398071289,45.71679024074388,43.81192398071289,43.81192398071289,2730,0.0,0.0
1997-04-18 00:00:00-04:00,43.81191864013672,51.431382751464845,43.81191864013672,47.62165069580078,3540,0.0,0.0
1997-04-21 00:00:00-04:00,51.43138360977173,51.43138360977173,45.7167854309082,45.7167854309082,1248,0.0,0.0
1997-04-22 00:00:00-04:00,49.52651755015056,49.52651755015056,45.7167854309082,45.7167854309082,496,0.0,0.0
1997-04-23 00:00:00-04:00,45.7167854309082,45.7167854309082,41.907053311665855,45.7167854309082,740,0.0,0.0
1997-04-24 00:00:00-04:00,41.90706100463868,45.71679382324219,38.097328186035156,38.097328186035156,652,0.0,0.0
1997-04-25 00:00:00-04:00,43.81192398071289,43.81192398071289,38.097325200619906,43.81192398071289,3204,0.0,0.0
1997-04-28 00:00:00-04:00,41.90705108642578,41.90705108642578,40.00218512795188,41.90705108642578,472,0.0,0.0
1997-04-29 00:00:00-04:00,41.907061446340464,45.71679430509869,40.00219501696135,45.240577697753906,610,0.0,0.0
1997-04-30 00:00:00-04:00,41.907042283278244,49.526504516601555,41.907042283278244,49.52650451660156,788,0.0,0.0
1997-05-01 00:00:00-04:00,43.81192398071289,49.526522760805875,43.81192398071289,43.81192398071289,92,0.0,0.0
1997-05-02 00:00:00-04:00,43.81191864013672,47.62165069580078,43.81191864013672,47.62165069580078,368,0.0,0.0
1997-05-05 00:00:00-04:00,40.00219459533692,43.81192741394043,38.097328186035156,38.097328186035156,1290,0.0,0.0
1997-05-06 00:00:00-04:00,45.71679266567888,45.71679266567888,38.09732722139906,41.430843353271484,966,0.0,0.0
1997-05-07 00:00:00-04:00,43.81191780453637,43.81191780453637,38.09731983003162,40.0021858215332,2268,0.0,0.0
1997-05-08 00:00:00-04:00,40.0021858215332,40.0021858215332,38.09731983003162,40.0021858215332,1210,0.0,0.0
1997-05-09 00:00:00-04:00,38.09731983003162,40.0021858215332,38.09731983003162,40.0021858215332,1864,0.0,0.0
1997-05-12 00:00:00-04:00,38.097328186035156,40.00219459533692,38.097328186035156,38.097328186035156,558,0.0,0.0
1997-05-13 00:00:00-04:00,40.00219459533692,40.00219459533692,38.097328186035156,38.097328186035156,1396,0.0,0.0
1997-05-14 00:00:00-04:00,38.097328186035156,40.00219459533692,36.1924617767334,38.097328186035156,1512,0.0,0.0
1997-05-15 00:00:00-04:00,38.097321715536,40.00218780131279,36.192455629759195,37.6211051940918,5840,0.0,0.0
1997-05-16 00:00:00-04:00,36.19247055053711,40.00220429269891,34.28760367945621,36.19247055053711,1040,0.0,0.0
1997-05-19 00:00:00-04:00,36.19246016608344,36.19246016608344,30.477861192491318,34.287593841552734,1338,0.0,0.0
1997-05-20 00:00:00-04:00,34.28758850097656,34.28758850097656,22.858392333984376,28.57299041748047,4252,0.0,0.0
1997-05-21 00:00:00-04:00,32.38271963596344,32.38271963596344,28.57298791408539,30.477853775024414,2854,0.0,0.0
1997-05-22 00:00:00-04:00,29.525415420532227,31.430280931534305,29.525415420532227,29.525415420532227,950,0.0,0.0
1997-05-23 00:00:00-04:00,31.430288314819336,31.430288314819336,30.477855335582387,31.430288314819336,1560,0.0,0.0
1997-05-27 00:00:00-04:00,31.430288314819336,31.430288314819336,30.477855335582387,31.430288314819336,1340,0.0,0.0
1997-05-28 00:00:00-04:00,31.430288314819336,32.38272129405629,30.477855335582387,31.430288314819336,1274,0.0,0.0
1997-05-29 00:00:00-04:00,31.430288314819336,31.430288314819336,29.525422356345437,31.430288314819336,2866,0.0,0.0
1997-05-30 00:00:00-04:00,31.43029333261343,31.43029333261343,29.5254270700308,30.954076766967773,1700,0.0,0.0
1997-06-02 00:00:00-04:00,31.430280573227826,32.382713317871094,30.477847828584558,32.382713317871094,3110,0.0,0.0
1997-06-03 00:00:00-04:00,32.38272895812989,38.097328186035156,31.430295753479005,38.097328186035156,2758,0.0,0.0
1997-06-04 00:00:00-04:00,41.907053311665855,45.7167854309082,38.09732119242351,45.7167854309082,2534,0.0,0.0
1997-06-05 00:00:00-04:00,47.621648961847484,47.621648961847484,38.097319169477984,41.90705108642578,2040,0.0,0.0
1997-06-06 00:00:00-04:00,43.81192741394043,43.81192741394043,38.097328186035156,38.097328186035156,836,0.0,0.0
1997-06-09 00:00:00-04:00,38.09731983003162,41.90705181303478,38.09731983003162,40.0021858215332,464,0.0,0.0
1997-06-10 00:00:00-04:00,40.00220429269891,40.00220429269891,36.19247055053711,36.19247055053711,2894,0.0,0.0
1997-06-11 00:00:00-04:00,36.19246016608344,40.00219281514485,34.287593841552734,34.287593841552734,1196,0.0,0.0
1997-06-12 00:00:00-04:00,34.287593841552734,34.287593841552734,34.287593841552734,34.287593841552734,126,0.0,0.0
1997-06-13 00:00:00-04:00,34.287593841552734,38.09732649061415,34.287593841552734,34.287593841552734,208,0.0,0.0
1997-06-16 00:00:00-04:00,34.28760367945621,36.19247055053711,32.38273680837531,36.19247055053711,266,0.0,0.0
1997-06-17 00:00:00-04:00,32.38271927506956,36.19245095448951,32.38271927506956,34.76380157470703,128,0.0,0.0
1997-06-18 00:00:00-04:00,32.382727517022026,34.287593841552734,32.382727517022026,34.287593841552734,648,0.0,0.0
1997-06-19 00:00:00-04:00,32.38272129405629,34.28758725253019,30.477855335582387,31.430288314819336,950,0.0,0.0
1997-06-20 00:00:00-04:00,31.43028670549393,32.38271963596344,30.477853775024418,30.477853775024414,1740,0.0,0.0
1997-06-23 00:00:00-04:00,30.4778564453125,32.38272247314453,28.57299041748047,28.57299041748047,1458,0.0,0.0
1997-06-24 00:00:00-04:00,28.57298791408539,32.38271963596344,28.57298791408539,30.477853775024414,880,0.0,0.0
1997-06-25 00:00:00-04:00,29.525420844554905,32.38271963596344,28.57298791408539,30.477853775024414,2232,0.0,0.0
1997-06-26 00:00:00-04:00,29.525420844554905,30.477853775024418,28.096771448850635,30.477853775024414,1914,0.0,0.0
1997-06-27 00:00:00-04:00,30.477859497070312,30.477859497070312,26.668127059936523,26.668127059936523,2300,0.0,0.0
1997-06-30 00:00:00-04:00,26.668124389648437,28.57299041748047,26.668124389648437,28.57299041748047,1010,0.0,0.0
1997-07-01 00:00:00-04:00,26.668124389648437,30.4778564453125,26.668124389648437,28.57299041748047,382,0.0,0.0
1997-07-02 00:00:00-04:00,28.5729927852236,28.5729927852236,27.620559692382816,27.620559692382812,860,0.0,0.0
1997-07-03 00:00:00-04:00,27.620549909530148,30.477848176033266,27.620549909530148,29.525415420532227,264,0.0,0.0
1997-07-07 00:00:00-04:00,28.572993278503418,28.572993278503418,26.668127059936523,26.668127059936523,1262,0.0,0.0
1997-07-08 00:00:00-04:00,26.668124389648437,28.57299041748047,26.668124389648437,28.57299041748047,496,0.0,0.0
1997-07-09 00:00:00-04:00,26.668127059936523,28.572993278503418,26.668127059936523,26.668127059936523,900,0.0,0.0
1997-07-10 00:00:00-04:00,26.668117816631607,27.620550595797024,22.85838669996995,24.76325225830078,1290,0.0,0.0
1997-07-11 00:00:00-04:00,26.668124834696453,26.668124834696453,21.905959685643516,22.8583927154541,3462,0.0,0.0
1997-07-14 00:00:00-04:00,21.905959685643516,22.8583927154541,20.953526655832928,22.8583927154541,1222,0.0,0.0
1997-07-15 00:00:00-04:00,22.85839150168679,22.85839150168679,20.00109256397594,20.95352554321289,1384,0.0,0.0
1997-07-16 00:00:00-04:00,22.858396911621096,22.858396911621096,15.238931274414064,19.048664093017578,2668,0.0,0.0
1997-07-17 00:00:00-04:00,22.858396911621096,22.858396911621096,17.14379768371582,19.048664093017578,2686,0.0,0.0
1997-07-18 00:00:00-04:00,19.048664093017578,19.048664093017578,17.14379768371582,19.048664093017578,1750,0.0,0.0
1997-07-21 00:00:00-04:00,17.143801839728106,19.048668710809007,17.143801839728106,18.096235275268555,2048,0.0,0.0
1997-07-22 00:00:00-04:00,19.048663245307075,19.048663245307075,15.238930596245659,17.143796920776367,2158,0.0,0.0
1997-07-23 00:00:00-04:00,16.191356658935547,16.191356658935547,15.238923914292279,16.191356658935547,3666,0.0,0.0
1997-07-24 00:00:00-04:00,15.238926887512209,16.19135981798172,14.286493957042696,15.238926887512207,2668,0.0,0.0
1997-07-25 00:00:00-04:00,15.23892822265625,16.191361236572266,13.334062194824218,14.286495208740234,4024,0.0,0.0
1997-07-28 00:00:00-04:00,15.238926887512209,16.19135981798172,14.286493957042696,15.238926887512207,1802,0.0,0.0
1997-07-29 00:00:00-04:00,15.238926887512209,16.19135981798172,13.334061026573181,15.238926887512207,3884,0.0,0.0
1997-07-30 00:00:00-04:00,15.238926887512209,15.238926887512209,13.334061026573181,15.238926887512207,1640,0.0,0.0
1997-07-31 00:00:00-04:00,13.334062194824218,15.23892822265625,12.381629180908204,14.286495208740234,2828,0.0,0.0
1997-08-01 00:00:00-04:00,14.286496639251709,15.238929748535156,12.381630420684814,13.334063529968262,2308,0.0,0.0
1997-08-04 00:00:00-04:00,13.334062417348227,13.334062417348227,11.42919635772705,11.42919635772705,2260,0.0,0.0
1997-08-05 00:00:00-04:00,11.429193349984976,13.334058908315804,11.429193349984976,12.38162612915039,1204,0.0,0.0
1997-08-06 00:00:00-04:00,11.42919635772705,12.38162938753764,11.42919635772705,11.42919635772705,1226,0.0,0.0
1997-08-07 00:00:00-04:00,12.381626129150389,12.381626129150389,11.429193349984976,12.38162612915039,1900,0.0,0.0
1997-08-08 00:00:00-04:00,12.381626129150389,12.381626129150389,11.429193349984976,12.38162612915039,1052,0.0,0.0
1997-08-11 00:00:00-04:00,11.429201226485404,19.048668710809007,11.429201226485404,18.096235275268555,6130,0.0,0.0
1997-08-12 00:00:00-04:00,18.09623008304172,18.09623008304172,11.429197947184244,17.143796920776367,5740,0.0,0.0
1997-08-13 00:00:00-04:00,13.334061026573181,17.143792748451233,11.905411630868912,15.238926887512207,2300,0.0,0.0
1997-08-14 00:00:00-04:00,15.238926887512209,15.238926887512209,13.334061026573181,15.238926887512207,1308,0.0,0.0
1997-08-15 00:00:00-04:00,13.334061026573181,15.238926887512209,13.334061026573181,15.238926887512207,1030,0.0,0.0
1997-08-18 00:00:00-04:00,15.238926887512209,15.238926887512209,13.334061026573181,15.238926887512207,1620,0.0,0.0
1997-08-19 00:00:00-04:00,15.238926887512209,16.19135981798172,13.81027749180794,15.238926887512207,4492,0.0,0.0
1997-08-20 00:00:00-04:00,15.23892822265625,15.23892822265625,14.286495208740234,14.286495208740234,488,0.0,0.0
1997-08-21 00:00:00-04:00,14.286493957042696,15.238926887512209,13.334061026573181,15.238926887512207,2636,0.0,0.0
1997-08-22 00:00:00-04:00,15.238929748535156,15.238929748535156,13.334063529968262,13.334063529968262,1038,0.0,0.0
1997-08-25 00:00:00-04:00,13.334061026573181,15.238926887512209,13.334061026573181,15.238926887512207,390,0.0,0.0
1997-08-26 00:00:00-04:00,15.238926887512209,15.238926887512209,13.334061026573181,15.238926887512207,1360,0.0,0.0
1997-08-27 00:00:00-04:00,14.286493957042696,15.238926887512209,14.286493957042696,15.238926887512207,578,0.0,0.0
1997-08-28 00:00:00-04:00,15.238929748535156,15.238929748535156,13.334063529968262,13.334063529968262,1278,0.0,0.0
1997-08-29 00:00:00-04:00,15.238926887512209,15.238926887512209,13.334061026573181,15.238926887512207,1068,0.0,0.0
1997-09-02 00:00:00-04:00,14.286491169649011,16.191356658935547,14.286491169649011,16.191356658935547,1450,0.0,0.0
1997-09-03 00:00:00-04:00,16.19135981798172,16.19135981798172,14.286493957042696,15.238926887512207,556,0.0,0.0
1997-09-04 00:00:00-04:00,14.286493957042696,15.238926887512209,13.334061026573181,15.238926887512207,2004,0.0,0.0
1997-09-05 00:00:00-04:00,14.286495208740234,15.23892822265625,13.334062194824218,14.286495208740234,1582,0.0,0.0
1997-09-08 00:00:00-04:00,14.286496639251709,14.286496639251709,13.334063529968262,13.334063529968262,1476,0.0,0.0
1997-09-09 00:00:00-04:00,14.286495208740234,14.286495208740234,13.334062194824218,14.286495208740234,320,0.0,0.0
1997-09-10 00:00:00-04:00,14.286496639251709,14.286496639251709,13.334063529968262,13.334063529968262,1526,0.0,0.0
1997-09-11 00:00:00-04:00,14.286495208740234,14.286495208740234,13.334062194824218,14.286495208740234,572,0.0,0.0
1997-09-12 00:00:00-04:00,14.286491687481218,14.286491687481218,12.381626129150389,12.38162612915039,1234,0.0,0.0
1997-09-15 00:00:00-04:00,13.334058908315804,13.334058908315804,12.381626129150389,12.38162612915039,4186,0.0,0.0
1997-09-16 00:00:00-04:00,12.381630420684814,13.334063529968262,12.381630420684814,13.334063529968262,934,0.0,0.0
1997-09-17 00:00:00-04:00,13.334063529968262,13.334063529968262,12.381630420684814,13.334063529968262,1550,0.0,0.0
1997-09-18 00:00:00-04:00,13.334063529968262,13.334063529968262,12.381630420684814,13.334063529968262,298,0.0,0.0
1997-09-19 00:00:00-04:00,12.381626129150389,13.334058908315804,12.381626129150389,12.38162612915039,1198,0.0,0.0
1997-09-22 00:00:00-04:00,12.381626129150389,12.381626129150389,11.429193349984976,12.38162612915039,422,0.0,0.0
1997-09-23 00:00:00-04:00,11.42919635772705,12.38162938753764,11.42919635772705,11.42919635772705,1070,0.0,0.0
1997-09-24 00:00:00-04:00,12.381626129150389,12.381626129150389,11.429193349984976,12.38162612915039,386,0.0,0.0
1997-09-25 00:00:00-04:00,12.38162938753764,12.38162938753764,11.42919635772705,11.42919635772705,2556,0.0,0.0
1997-09-26 00:00:00-04:00,12.381629180908204,15.23892822265625,11.429196166992188,14.286495208740234,13364,0.0,0.0
1997-09-29 00:00:00-04:00,15.238927667791193,17.143793626265094,14.286494688554244,15.715144157409668,5884,0.0,0.0
1997-09-30 00:00:00-04:00,16.19136092776344,22.858391898018976,16.19136092776344,20.0010929107666,8338,0.0,0.0
1997-10-01 00:00:00-04:00,20.953528860340946,25.239477945410687,19.048662600309953,21.905961990356445,8258,0.0,0.0
1997-10-02 00:00:00-04:00,21.90596901743036,21.90596901743036,15.238934968647206,18.096235275268555,4060,0.0,0.0
1997-10-03 00:00:00-04:00,17.14379425048828,18.0962272644043,16.191361236572266,16.667577743530273,1930,0.0,0.0
1997-10-06 00:00:00-04:00,15.238930596245659,18.09623008304172,15.238930596245659,17.143796920776367,2956,0.0,0.0
1997-10-07 00:00:00-04:00,17.143789403578815,18.096222148222083,16.191356658935547,16.191356658935547,306,0.0,0.0
1997-10-08 00:00:00-04:00,17.143796920776367,18.09623008304172,16.191363758511013,17.143796920776367,2176,0.0,0.0
1997-10-09 00:00:00-04:00,18.096235275268555,19.048668710809007,16.191368404187656,18.096235275268555,1036,0.0,0.0
1997-10-10 00:00:00-04:00,16.191361236572266,18.0962272644043,16.191361236572266,16.667577743530273,920,0.0,0.0
1997-10-13 00:00:00-04:00,18.096235275268555,19.048668710809007,17.143801839728106,18.096235275268555,886,0.0,0.0
1997-10-14 00:00:00-04:00,16.191363758511013,18.09623008304172,16.191363758511013,17.143796920776367,944,0.0,0.0
1997-10-15 00:00:00-04:00,15.238930596245659,18.09623008304172,15.238930596245659,17.143796920776367,1332,0.0,0.0
1997-10-16 00:00:00-04:00,18.09623008304172,18.09623008304172,16.191363758511013,17.143796920776367,542,0.0,0.0
1997-10-17 00:00:00-04:00,17.14379768371582,19.048664093017578,15.238931274414064,19.048664093017578,2590,0.0,0.0
1997-10-20 00:00:00-04:00,17.14379425048828,19.048660278320312,15.23892822265625,16.667577743530273,880,0.0,0.0
1997-10-21 00:00:00-04:00,17.143796920776367,17.143796920776367,15.238930596245659,17.143796920776367,1750,0.0,0.0
1997-10-22 00:00:00-04:00,17.143795735127217,19.048661927919127,16.19136263873126,17.620012283325195,2384,0.0,0.0
1997-10-23 00:00:00-04:00,17.143796920776367,19.048663245307075,17.143796920776367,17.143796920776367,970,0.0,0.0
1997-10-24 00:00:00-04:00,17.143789403578815,17.143789403578815,15.238923914292279,16.191356658935547,1584,0.0,0.0
1997-10-27 00:00:00-05:00,15.238926887512209,17.143792748451233,15.238926887512209,15.238926887512207,2228,0.0,0.0
1997-10-28 00:00:00-05:00,13.334063529968262,16.191362857818604,13.334063529968262,13.334063529968262,3938,0.0,0.0
1997-10-29 00:00:00-05:00,13.334063529968262,15.238929748535156,13.334063529968262,13.334063529968262,1254,0.0,0.0
1997-10-30 00:00:00-05:00,15.23892822265625,15.23892822265625,13.810278701782227,14.286495208740234,2316,0.0,0.0
1997-10-31 00:00:00-05:00,16.191361236572266,17.14379425048828,14.286495208740234,14.286495208740234,1532,0.0,0.0
1997-11-03 00:00:00-05:00,15.238926887512209,16.19135981798172,13.334061026573181,15.238926887512207,1154,0.0,0.0
1997-11-04 00:00:00-05:00,13.334062194824218,14.286495208740234,13.334062194824218,14.286495208740234,492,0.0,0.0
1997-11-05 00:00:00-05:00,14.286495208740234,16.191361236572266,14.286495208740234,14.286495208740234,1188,0.0,0.0
1997-11-06 00:00:00-05:00,15.238929748535156,15.238929748535156,13.334063529968262,13.334063529968262,612,0.0,0.0
1997-11-07 00:00:00-05:00,13.334063529968262,15.238929748535156,13.334063529968262,13.334063529968262,1300,0.0,0.0
1997-11-10 00:00:00-05:00,14.286495208740234,15.23892822265625,13.334062194824218,14.286495208740234,1060,0.0,0.0
1997-11-11 00:00:00-05:00,15.23892822265625,15.23892822265625,13.334062194824218,14.286495208740234,1030,0.0,0.0
1997-11-12 00:00:00-05:00,14.286496639251709,14.286496639251709,13.334063529968262,13.334063529968262,1242,0.0,0.0
1997-11-13 00:00:00-05:00,13.334062194824218,14.286495208740234,13.334062194824218,14.286495208740234,828,0.0,0.0
1997-11-14 00:00:00-05:00,13.334062194824218,14.286495208740234,12.381629180908204,14.286495208740234,1512,0.0,0.0
1997-11-17 00:00:00-05:00,12.381626129150389,13.334058908315804,12.381626129150389,12.38162612915039,964,0.0,0.0
1997-11-18 00:00:00-05:00,12.381626129150389,13.334058908315804,11.429193349984976,12.38162612915039,590,0.0,0.0
1997-11-19 00:00:00-05:00,13.334062417348227,13.334062417348227,11.42919635772705,11.42919635772705,1478,0.0,0.0
1997-11-20 00:00:00-05:00,11.429193349984976,13.334058908315804,11.429193349984976,12.38162612915039,618,0.0,0.0
1997-11-21 00:00:00-05:00,13.334058908315804,13.334058908315804,12.381626129150389,12.38162612915039,670,0.0,0.0
1997-11-24 00:00:00-05:00,12.381626129150389,12.381626129150389,12.381626129150389,12.38162612915039,340,0.0,0.0
1997-11-25 00:00:00-05:00,12.381626129150389,13.334058908315804,12.381626129150389,12.38162612915039,390,0.0,0.0
1997-11-26 00:00:00-05:00,12.381630420684814,13.334063529968262,11.429197311401367,13.334063529968262,746,0.0,0.0
1997-11-28 00:00:00-05:00,12.38162938753764,13.334062417348227,11.42919635772705,11.42919635772705,5724,0.0,0.0
1997-12-01 00:00:00-05:00,11.429197311401367,13.334063529968262,9.524331092834473,13.334063529968262,2664,0.0,0.0
1997-12-02 00:00:00-05:00,12.38162938753764,12.38162938753764,11.42919635772705,11.42919635772705,1698,0.0,0.0
1997-12-03 00:00:00-05:00,11.42919635772705,12.38162938753764,11.42919635772705,11.42919635772705,1114,0.0,0.0
1997-12-04 00:00:00-05:00,11.429195750843395,12.381628730080346,10.476762771606445,10.476762771606445,2358,0.0,0.0
1997-12-05 00:00:00-05:00,10.476763327916464,11.42919635772705,10.476763327916464,11.42919635772705,768,0.0,0.0
1997-12-08 00:00:00-05:00,11.42919635772705,12.38162938753764,10.476763327916464,11.42919635772705,2446,0.0,0.0
1997-12-09 00:00:00-05:00,10.476762771606445,11.429195750843395,10.476762771606445,10.476762771606445,1766,0.0,0.0
1997-12-10 00:00:00-05:00,11.429198455810548,11.429198455810548,7.619465637207032,9.524332046508789,5826,0.0,0.0
1997-12-11 00:00:00-05:00,9.524331622653538,9.524331622653538,8.571898460388184,8.571898460388184,1362,0.0,0.0
1997-12-12 00:00:00-05:00,8.571898460388184,9.524331622653538,7.6194652981228295,8.571898460388184,8336,0.0,0.0
1997-12-15 00:00:00-05:00,8.571898460388184,9.524331622653538,8.571898460388184,8.571898460388184,2124,0.0,0.0
1997-12-16 00:00:00-05:00,8.57189884185791,9.524332046508789,8.57189884185791,9.524332046508789,3026,0.0,0.0
1997-12-17 00:00:00-05:00,8.571898460388184,9.524331622653538,8.571898460388184,8.571898460388184,1382,0.0,0.0
1997-12-18 00:00:00-05:00,8.571896374225616,9.52432930469513,7.619463443756104,7.6194634437561035,1732,0.0,0.0
1997-12-19 00:00:00-05:00,7.6194652981228295,9.524331622653538,7.6194652981228295,8.571898460388184,2644,0.0,0.0
1997-12-22 00:00:00-05:00,7.619463443756104,9.52432930469513,7.619463443756104,7.6194634437561035,2476,0.0,0.0
1997-12-23 00:00:00-05:00,7.619465637207032,9.524332046508789,7.619465637207032,9.524332046508789,2456,0.0,0.0
1997-12-24 00:00:00-05:00,7.6194652981228295,9.524331622653538,7.6194652981228295,8.571898460388184,1602,0.0,0.0
1997-12-26 00:00:00-05:00,7.619463443756104,8.571896374225616,7.619463443756104,7.6194634437561035,2530,0.0,0.0
1997-12-29 00:00:00-05:00,7.619463443756104,9.52432930469513,7.619463443756104,7.6194634437561035,4656,0.0,0.0
1997-12-30 00:00:00-05:00,7.6194652981228295,9.524331622653538,7.6194652981228295,8.571898460388184,6114,0.0,0.0
1997-12-31 00:00:00-05:00,7.6194652981228295,8.571898460388184,7.6194652981228295,8.571898460388184,4210,0.0,0.0
1998-01-02 00:00:00-05:00,8.57189884185791,9.524332046508789,8.57189884185791,9.524332046508789,410,0.0,0.0
1998-01-05 00:00:00-05:00,9.524332046508789,9.524332046508789,8.57189884185791,9.524332046508789,936,0.0,0.0
1998-01-06 00:00:00-05:00,9.524331622653538,9.524331622653538,7.6194652981228295,8.571898460388184,1030,0.0,0.0
1998-01-07 00:00:00-05:00,8.571896374225616,8.571896374225616,7.619463443756104,7.6194634437561035,1140,0.0,0.0
1998-01-08 00:00:00-05:00,8.57189712524414,8.57189712524414,6.667031097412109,7.143247604370117,2804,0.0,0.0
1998-01-09 00:00:00-05:00,8.571898460388184,8.571898460388184,7.6194652981228295,8.571898460388184,514,0.0,0.0
1998-01-12 00:00:00-05:00,8.571896374225616,8.571896374225616,7.619463443756104,7.6194634437561035,98,0.0,0.0
1998-01-13 00:00:00-05:00,7.619463443756104,8.571896374225616,7.619463443756104,7.6194634437561035,704,0.0,0.0
1998-01-14 00:00:00-05:00,8.571897983551025,8.571897983551025,5.714598655700684,6.667031764984131,4154,0.0,0.0
1998-01-15 00:00:00-05:00,6.667030854658647,7.619463833895597,4.762164896184748,5.238381385803223,8276,0.0,0.0
1998-01-16 00:00:00-05:00,5.714597582817078,7.619463443756104,5.714597582817078,7.6194634437561035,1396,0.0,0.0
1998-01-20 00:00:00-05:00,7.619463443756104,7.619463443756104,6.190814048051834,7.6194634437561035,2280,0.0,0.0
1998-01-21 00:00:00-05:00,7.619464111328125,8.57189712524414,7.143247604370117,7.143247604370117,1200,0.0,0.0
1998-01-22 00:00:00-05:00,7.619463443756104,8.571896374225616,6.667030513286591,7.6194634437561035,856,0.0,0.0
1998-01-23 00:00:00-05:00,8.571898460388184,8.571898460388184,7.6194652981228295,8.571898460388184,2808,0.0,0.0
1998-01-26 00:00:00-05:00,8.571896374225616,8.571896374225616,7.619463443756104,7.6194634437561035,1356,0.0,0.0
1998-01-27 00:00:00-05:00,8.571898460388184,8.571898460388184,6.667032135857475,8.571898460388184,3190,0.0,0.0
1998-01-28 00:00:00-05:00,8.571898460388184,8.571898460388184,7.6194652981228295,8.571898460388184,264,0.0,0.0
1998-01-29 00:00:00-05:00,8.571897983551025,8.571897983551025,6.667031764984131,6.667031764984131,2860,0.0,0.0
1998-01-30 00:00:00-05:00,7.619463443756104,8.571896374225616,6.667030513286591,7.6194634437561035,3676,0.0,0.0
1998-02-02 00:00:00-05:00,7.619463443756104,7.619463443756104,6.667030513286591,7.6194634437561035,972,0.0,0.0
1998-02-03 00:00:00-05:00,7.619463443756104,8.571896374225616,6.667030513286591,7.6194634437561035,1098,0.0,0.0
1998-02-04 00:00:00-05:00,7.619463443756104,8.571896374225616,7.619463443756104,7.6194634437561035,2220,0.0,0.0
1998-02-05 00:00:00-05:00,7.619464874267578,8.571897983551025,6.667031764984131,6.667031764984131,2896,0.0,0.0
1998-02-06 00:00:00-05:00,6.667030513286591,8.571896374225616,6.667030513286591,7.6194634437561035,750,0.0,0.0
1998-02-09 00:00:00-05:00,8.571896374225616,8.571896374225616,7.619463443756104,7.6194634437561035,884,0.0,0.0
1998-02-10 00:00:00-05:00,8.571898460388184,8.571898460388184,7.6194652981228295,8.571898460388184,2046,0.0,0.0
1998-02-11 00:00:00-05:00,7.619463443756104,8.571896374225616,7.143246978521348,7.6194634437561035,1508,0.0,0.0
1998-02-12 00:00:00-05:00,6.667031764984131,7.619464874267578,6.667031764984131,6.667031764984131,3436,0.0,0.0
1998-02-13 00:00:00-05:00,7.619463443756104,7.619463443756104,6.667030513286591,7.6194634437561035,646,0.0,0.0
1998-02-17 00:00:00-05:00,7.619464874267578,7.619464874267578,6.667031764984131,6.667031764984131,2674,0.0,0.0
1998-02-18 00:00:00-05:00,7.619464874267578,7.619464874267578,6.667031764984131,6.667031764984131,782,0.0,0.0
1998-02-19 00:00:00-05:00,7.6194652981228295,8.571898460388184,6.667032135857475,8.571898460388184,798,0.0,0.0
1998-02-20 00:00:00-05:00,6.667030513286591,7.619463443756104,6.667030513286591,7.6194634437561035,980,0.0,0.0
1998-02-23 00:00:00-05:00,7.619463443756104,7.619463443756104,6.667030513286591,7.6194634437561035,2092,0.0,0.0
1998-02-24 00:00:00-05:00,7.619464111328125,7.619464111328125,6.190814590454102,7.143247604370117,1622,0.0,0.0
1998-02-25 00:00:00-05:00,6.667031764984131,6.667031764984131,6.667031764984131,6.667031764984131,522,0.0,0.0
1998-02-26 00:00:00-05:00,6.667030513286591,7.619463443756104,6.190814048051834,7.6194634437561035,3982,0.0,0.0
1998-02-27 00:00:00-05:00,7.143246978521348,7.619463443756104,6.667030513286591,7.6194634437561035,1600,0.0,0.0
1998-03-02 00:00:00-05:00,7.6194652981228295,8.571898460388184,6.667032135857475,8.571898460388184,2510,0.0,0.0
1998-03-03 00:00:00-05:00,7.6194652981228295,8.571898460388184,7.6194652981228295,8.571898460388184,2780,0.0,0.0
1998-03-04 00:00:00-05:00,8.571898460388184,8.571898460388184,7.6194652981228295,8.571898460388184,2348,0.0,0.0
1998-03-05 00:00:00-05:00,7.6194652981228295,8.571898460388184,7.6194652981228295,8.571898460388184,8494,0.0,0.0
1998-03-06 00:00:00-05:00,8.571898460388184,8.571898460388184,6.190815554724799,8.571898460388184,10424,0.0,0.0
1998-03-09 00:00:00-05:00,8.571896374225616,8.571896374225616,7.619463443756104,7.6194634437561035,5336,0.0,0.0
1998-03-10 00:00:00-05:00,8.571898460388184,8.571898460388184,6.667032135857475,8.571898460388184,6858,0.0,0.0
1998-03-11 00:00:00-05:00,8.571898460388184,9.524331622653538,7.6194652981228295,8.571898460388184,11320,0.0,0.0
1998-03-12 00:00:00-05:00,9.524334355404504,10.476767790944953,7.143250766553377,9.048117637634277,18646,0.0,0.0
1998-03-13 00:00:00-05:00,9.524332046508789,10.47676525115967,8.57189884185791,9.524332046508789,22822,0.0,0.0
1998-03-16 00:00:00-05:00,10.47676420211792,14.286496639251709,9.524331092834473,13.334063529968262,14136,0.0,0.0
1998-03-17 00:00:00-05:00,15.238927667791193,17.143793626265094,13.334061709317295,15.715144157409668,21812,0.0,0.0
1998-03-18 00:00:00-05:00,16.191357245812046,16.191357245812046,12.381626129150389,12.38162612915039,29088,0.0,0.0
1998-03-19 00:00:00-05:00,14.286495208740234,14.286495208740234,11.429196166992188,11.905412673950195,3926,0.0,0.0
1998-03-20 00:00:00-05:00,11.42919635772705,11.42919635772705,9.524330298105877,11.42919635772705,2918,0.0,0.0
1998-03-23 00:00:00-05:00,11.429195750843395,11.429195750843395,8.571896813132547,10.476762771606445,9698,0.0,0.0
1998-03-24 00:00:00-05:00,10.47676525115967,10.47676525115967,9.524332046508789,9.524332046508789,9076,0.0,0.0
1998-03-25 00:00:00-05:00,9.524332046508789,10.47676525115967,8.57189884185791,9.524332046508789,5438,0.0,0.0
1998-03-26 00:00:00-05:00,8.57189884185791,10.47676525115967,8.57189884185791,9.524332046508789,3472,0.0,0.0
1998-03-27 00:00:00-05:00,8.571896813132547,11.429195750843395,8.571896813132547,10.476762771606445,1942,0.0,0.0
1998-03-30 00:00:00-05:00,10.476763327916464,11.42919635772705,10.476763327916464,11.42919635772705,1482,0.0,0.0
1998-03-31 00:00:00-05:00,12.38162938753764,12.38162938753764,10.476763327916464,11.42919635772705,1986,0.0,0.0
1998-04-01 00:00:00-05:00,10.476762771606445,11.429195750843395,10.476762771606445,10.476762771606445,740,0.0,0.0
1998-04-02 00:00:00-05:00,10.476763327916464,11.42919635772705,10.476763327916464,11.42919635772705,1836,0.0,0.0
1998-04-03 00:00:00-05:00,10.476762771606445,11.429195750843395,9.524329792369496,10.476762771606445,2030,0.0,0.0
1998-04-06 00:00:00-04:00,10.476764430170473,11.42919756018597,10.476764430170473,10.952980995178223,2866,0.0,0.0
1998-04-07 00:00:00-04:00,10.476762771606445,11.429195750843395,10.476762771606445,10.476762771606445,1460,0.0,0.0
1998-04-08 00:00:00-04:00,11.429195750843395,11.429195750843395,10.476762771606445,10.476762771606445,1480,0.0,0.0
1998-04-09 00:00:00-04:00,10.476762771606445,11.429195750843395,10.476762771606445,10.476762771606445,1426,0.0,0.0
1998-04-13 00:00:00-04:00,10.476762771606445,11.429195750843395,9.524329792369496,10.476762771606445,1402,0.0,0.0
1998-04-14 00:00:00-04:00,10.476762771606445,10.476762771606445,9.524329792369496,10.476762771606445,1208,0.0,0.0
1998-04-15 00:00:00-04:00,9.524332046508789,11.429198455810548,9.524332046508789,9.524332046508789,748,0.0,0.0
1998-04-16 00:00:00-04:00,11.429198455810548,11.429198455810548,9.524332046508789,9.524332046508789,324,0.0,0.0
1998-04-17 00:00:00-04:00,10.476762771606445,10.476762771606445,8.571896813132547,10.476762771606445,2390,0.0,0.0
1998-04-20 00:00:00-04:00,10.476762771606445,10.476762771606445,9.524329792369496,10.476762771606445,1044,0.0,0.0
1998-04-21 00:00:00-04:00,9.524329792369496,10.476762771606445,9.524329792369496,10.476762771606445,1862,0.0,0.0
1998-04-22 00:00:00-04:00,9.524329792369496,10.476762771606445,8.571896813132547,10.476762771606445,1664,0.0,0.0
1998-04-23 00:00:00-04:00,9.524332046508789,10.47676525115967,8.57189884185791,9.524332046508789,1586,0.0,0.0
1998-04-24 00:00:00-04:00,10.476762771606445,10.476762771606445,9.524329792369496,10.476762771606445,1646,0.0,0.0
1998-04-27 00:00:00-04:00,9.524332046508789,10.47676525115967,9.524332046508789,9.524332046508789,738,0.0,0.0
1998-04-28 00:00:00-04:00,10.47676525115967,10.47676525115967,9.524332046508789,9.524332046508789,614,0.0,0.0
1998-04-29 00:00:00-04:00,9.524329792369496,10.476762771606445,8.571896813132547,10.476762771606445,2212,0.0,0.0
1998-04-30 00:00:00-04:00,9.524329792369496,11.429195750843395,8.571896813132547,10.476762771606445,3978,0.0,0.0
1998-05-01 00:00:00-04:00,10.47676525115967,11.429198455810548,9.524332046508789,9.524332046508789,1376,0.0,0.0
1998-05-04 00:00:00-04:00,11.429198455810548,11.429198455810548,9.524332046508789,9.524332046508789,1340,0.0,0.0
1998-05-05 00:00:00-04:00,9.524332046508789,11.429198455810548,9.524332046508789,9.524332046508789,2326,0.0,0.0
1998-05-06 00:00:00-04:00,10.47676525115967,10.47676525115967,9.524332046508789,9.524332046508789,246,0.0,0.0
1998-05-07 00:00:00-04:00,9.524332046508789,10.47676525115967,9.524332046508789,9.524332046508789,1232,0.0,0.0
1998-05-08 00:00:00-04:00,9.524332046508789,10.47676525115967,9.524332046508789,9.524332046508789,554,0.0,0.0
1998-05-11 00:00:00-04:00,10.476762953258696,10.476762953258696,9.524329957507906,10.0005464553833,928,0.0,0.0
1998-05-12 00:00:00-04:00,9.524332046508789,9.524332046508789,8.57189884185791,9.524332046508789,6064,0.0,0.0
1998-05-13 00:00:00-04:00,9.524331622653538,9.524331622653538,8.571898460388184,8.571898460388184,1484,0.0,0.0
1998-05-14 00:00:00-04:00,9.524331622653538,9.524331622653538,8.571898460388184,8.571898460388184,1040,0.0,0.0
1998-05-15 00:00:00-04:00,8.57189884185791,9.524332046508789,8.57189884185791,9.524332046508789,470,0.0,0.0
1998-05-18 00:00:00-04:00,10.47676478491889,10.47676478491889,8.571898460388184,8.571898460388184,576,0.0,0.0
1998-05-19 00:00:00-04:00,8.571898460388184,10.47676478491889,8.571898460388184,8.571898460388184,3382,0.0,0.0
1998-05-20 00:00:00-04:00,9.524332046508789,10.47676525115967,8.57189884185791,9.524332046508789,752,0.0,0.0
1998-05-21 00:00:00-04:00,9.524332046508789,10.47676525115967,9.524332046508789,9.524332046508789,2694,0.0,0.0
1998-05-22 00:00:00-04:00,9.524332046508789,9.524332046508789,9.524332046508789,9.524332046508789,1270,0.0,0.0
1998-05-26 00:00:00-04:00,10.47676525115967,10.47676525115967,9.524332046508789,9.524332046508789,566,0.0,0.0
1998-05-27 00:00:00-04:00,9.524331622653538,10.47676478491889,8.571898460388184,8.571898460388184,1930,0.0,0.0
1998-05-28 00:00:00-04:00,8.571898460388184,9.524331622653538,8.571898460388184,8.571898460388184,282,0.0,0.0
1998-05-29 00:00:00-04:00,9.524332046508789,9.524332046508789,8.57189884185791,9.524332046508789,1178,0.0,0.0
1998-06-01 00:00:00-04:00,8.571898460388184,9.524331622653538,8.571898460388184,8.571898460388184,102,0.0,0.0
1998-06-02 00:00:00-04:00,8.571898460388184,9.524331622653538,8.571898460388184,8.571898460388184,528,0.0,0.0
1998-06-03 00:00:00-04:00,9.524331622653538,9.524331622653538,8.571898460388184,8.571898460388184,230,0.0,0.0
1998-06-04 00:00:00-04:00,8.57189884185791,9.524332046508789,8.57189884185791,9.524332046508789,978,0.0,0.0
1998-06-05 00:00:00-04:00,8.571900919864053,9.524334355404504,8.571900919864053,9.048117637634277,918,0.0,0.0
1998-06-08 00:00:00-04:00,9.524331622653538,10.47676478491889,8.571898460388184,8.571898460388184,1704,0.0,0.0
1998-06-09 00:00:00-04:00,10.476762953258696,10.476762953258696,8.571896961757115,10.0005464553833,2602,0.0,0.0
1998-06-10 00:00:00-04:00,9.524332046508789,9.524332046508789,8.57189884185791,9.524332046508789,436,0.0,0.0
1998-06-11 00:00:00-04:00,8.571898460388184,9.524331622653538,8.571898460388184,8.571898460388184,1408,0.0,0.0
1998-06-12 00:00:00-04:00,8.571896374225616,9.52432930469513,7.619463443756104,7.6194634437561035,762,0.0,0.0
1998-06-15 00:00:00-04:00,7.6194652981228295,9.524331622653538,7.6194652981228295,8.571898460388184,1378,0.0,0.0
1998-06-16 00:00:00-04:00,8.571898460388184,9.524331622653538,7.6194652981228295,8.571898460388184,4994,0.0,0.0
1998-06-17 00:00:00-04:00,7.619463443756104,8.571896374225616,7.619463443756104,7.6194634437561035,1028,0.0,0.0
1998-06-18 00:00:00-04:00,7.619463443756104,9.52432930469513,7.619463443756104,7.6194634437561035,2144,0.0,0.0
1998-06-19 00:00:00-04:00,9.524331622653538,9.524331622653538,8.571898460388184,8.571898460388184,1072,0.0,0.0
1998-06-22 00:00:00-04:00,9.524331622653538,9.524331622653538,7.6194652981228295,8.571898460388184,3176,0.0,0.0
1998-06-23 00:00:00-04:00,8.571896374225616,8.571896374225616,7.619463443756104,7.6194634437561035,3952,0.0,0.0
1998-06-24 00:00:00-04:00,8.571898460388184,8.571898460388184,7.6194652981228295,8.571898460388184,2546,0.0,0.0
1998-06-25 00:00:00-04:00,8.571896374225616,8.571896374225616,7.619463443756104,7.6194634437561035,9638,0.0,0.0
1998-06-26 00:00:00-04:00,8.571898460388184,8.571898460388184,8.571898460388184,8.571898460388184,100,0.0,0.0
1998-06-29 00:00:00-04:00,7.619463443756104,8.571896374225616,7.619463443756104,7.6194634437561035,30,0.0,0.0
1998-06-30 00:00:00-04:00,7.6194652981228295,8.571898460388184,7.6194652981228295,8.571898460388184,1096,0.0,0.0
1998-07-01 00:00:00-04:00,7.6194652981228295,8.571898460388184,7.6194652981228295,8.571898460388184,324,0.0,0.0
1998-07-02 00:00:00-04:00,7.6194652981228295,8.571898460388184,7.6194652981228295,8.571898460388184,8718,0.0,0.0
1998-07-06 00:00:00-04:00,8.571896374225616,8.571896374225616,7.619463443756104,7.6194634437561035,668,0.0,0.0
1998-07-07 00:00:00-04:00,7.6194652981228295,9.524331622653538,7.6194652981228295,8.571898460388184,4044,0.0,0.0
1998-07-08 00:00:00-04:00,9.524331622653538,9.524331622653538,7.6194652981228295,8.571898460388184,5266,0.0,0.0
1998-07-09 00:00:00-04:00,7.619463443756104,9.52432930469513,7.619463443756104,7.6194634437561035,6788,0.0,0.0
1998-07-10 00:00:00-04:00,7.6194619571461395,8.571894701789407,7.6194619571461395,8.095678329467773,1868,0.0,0.0
1998-07-13 00:00:00-04:00,8.571898460388184,9.524331622653538,7.6194652981228295,8.571898460388184,5892,0.0,0.0
1998-07-14 00:00:00-04:00,7.6194652981228295,9.524331622653538,7.6194652981228295,8.571898460388184,7450,0.0,0.0
1998-07-15 00:00:00-04:00,8.571898460388184,9.524331622653538,7.6194652981228295,8.571898460388184,5202,0.0,0.0
1998-07-16 00:00:00-04:00,8.571896374225616,8.571896374225616,7.619463443756104,7.6194634437561035,2120,0.0,0.0
1998-07-17 00:00:00-04:00,7.619463443756104,8.571896374225616,7.619463443756104,7.6194634437561035,1524,0.0,0.0
1998-07-20 00:00:00-04:00,8.57189884185791,9.524332046508789,8.095682239532472,9.524332046508789,1294,0.0,0.0
1998-07-21 00:00:00-04:00,7.6194619571461395,8.571894701789407,7.6194619571461395,8.095678329467773,1392,0.0,0.0
1998-07-22 00:00:00-04:00,8.571898460388184,8.571898460388184,7.6194652981228295,8.571898460388184,1828,0.0,0.0
1998-07-23 00:00:00-04:00,7.619465637207032,9.524332046508789,7.619465637207032,9.524332046508789,2620,0.0,0.0
1998-07-24 00:00:00-04:00,8.571898460388184,9.524331622653538,7.6194652981228295,8.571898460388184,948,0.0,0.0
1998-07-27 00:00:00-04:00,8.571898460388184,9.524331622653538,7.6194652981228295,8.571898460388184,3624,0.0,0.0
1998-07-28 00:00:00-04:00,7.619463443756104,8.571896374225616,7.619463443756104,7.6194634437561035,6100,0.0,0.0
1998-07-29 00:00:00-04:00,8.571894701789407,8.571894701789407,7.6194619571461395,8.095678329467773,2360,0.0,0.0
1998-07-30 00:00:00-04:00,7.619463443756104,8.09567990899086,6.667030513286591,7.6194634437561035,11038,0.0,0.0
1998-07-31 00:00:00-04:00,7.619463443756104,7.619463443756104,6.667030513286591,7.6194634437561035,3766,0.0,0.0
1998-08-03 00:00:00-04:00,7.619463443756104,7.619463443756104,6.667030513286591,7.6194634437561035,1108,0.0,0.0
1998-08-04 00:00:00-04:00,7.619463443756104,7.619463443756104,6.667030513286591,7.6194634437561035,2398,0.0,0.0
1998-08-05 00:00:00-04:00,7.619464874267578,7.619464874267578,5.714598655700684,6.667031764984131,964,0.0,0.0
1998-08-06 00:00:00-04:00,6.667031764984131,6.667031764984131,5.714598655700684,6.667031764984131,1334,0.0,0.0
1998-08-07 00:00:00-04:00,6.667031208674113,6.667031208674113,5.714598178863525,5.714598178863525,1118,0.0,0.0
1998-08-10 00:00:00-04:00,5.714598178863525,6.667031208674113,5.714598178863525,5.714598178863525,2234,0.0,0.0
1998-08-11 00:00:00-04:00,5.714598178863525,5.714598178863525,4.762165149052938,5.714598178863525,1340,0.0,0.0
1998-08-12 00:00:00-04:00,5.714598178863525,5.714598178863525,4.762165149052938,5.714598178863525,5760,0.0,0.0
1998-08-13 00:00:00-04:00,5.714598178863525,5.714598178863525,4.762165149052938,5.714598178863525,4918,0.0,0.0
1998-08-14 00:00:00-04:00,5.714598178863525,5.714598178863525,4.762165149052938,5.714598178863525,4052,0.0,0.0
1998-08-17 00:00:00-04:00,4.762165149052938,6.667031208674113,4.762165149052938,5.714598178863525,6294,0.0,0.0
1998-08-18 00:00:00-04:00,4.762165149052938,6.667031208674113,4.762165149052938,5.714598178863525,2216,0.0,0.0
1998-08-19 00:00:00-04:00,5.714598178863525,6.667031208674113,5.714598178863525,5.714598178863525,656,0.0,0.0
1998-08-20 00:00:00-04:00,5.714599227905274,6.6670324325561525,4.7621660232543945,4.7621660232543945,1002,0.0,0.0
1998-08-21 00:00:00-04:00,4.7621660232543945,4.7621660232543945,4.7621660232543945,4.7621660232543945,3066,0.0,0.0
1998-08-24 00:00:00-04:00,4.7621660232543945,5.714599227905274,4.7621660232543945,4.7621660232543945,2602,0.0,0.0
1998-08-25 00:00:00-04:00,4.762165149052938,5.714598178863525,3.8097321192423506,5.714598178863525,2990,0.0,0.0
1998-08-26 00:00:00-04:00,4.7621660232543945,5.714599227905274,4.7621660232543945,4.7621660232543945,4332,0.0,0.0
1998-08-27 00:00:00-04:00,5.714598178863525,5.714598178863525,4.762165149052938,5.714598178863525,3300,0.0,0.0
1998-08-28 00:00:00-04:00,4.7621660232543945,5.714599227905274,4.7621660232543945,4.7621660232543945,724,0.0,0.0
1998-08-31 00:00:00-04:00,5.714599227905274,5.714599227905274,4.7621660232543945,4.7621660232543945,1266,0.0,0.0
1998-09-01 00:00:00-04:00,4.762165149052938,6.667031208674113,4.762165149052938,5.714598178863525,1626,0.0,0.0
1998-09-02 00:00:00-04:00,6.6670324325561525,6.6670324325561525,4.7621660232543945,4.7621660232543945,2616,0.0,0.0
1998-09-03 00:00:00-04:00,4.7621660232543945,5.714599227905274,4.7621660232543945,4.7621660232543945,2198,0.0,0.0
1998-09-04 00:00:00-04:00,5.714598655700684,6.667031764984131,5.714598655700684,6.667031764984131,8452,0.0,0.0
1998-09-08 00:00:00-04:00,6.667031208674113,6.667031208674113,5.714598178863525,5.714598178863525,1270,0.0,0.0
1998-09-09 00:00:00-04:00,5.714598178863525,6.667031208674113,5.714598178863525,5.714598178863525,304,0.0,0.0
1998-09-10 00:00:00-04:00,6.667031764984131,7.619464874267578,6.190815210342407,6.667031764984131,2496,0.0,0.0
1998-09-11 00:00:00-04:00,7.619464874267578,7.619464874267578,6.667031764984131,6.667031764984131,1510,0.0,0.0
1998-09-14 00:00:00-04:00,6.667031208674113,7.619464238484701,4.762165149052938,5.714598178863525,5270,0.0,0.0
1998-09-15 00:00:00-04:00,4.762165546417236,6.667031764984131,4.762165546417236,6.667031764984131,2310,0.0,0.0
1998-09-16 00:00:00-04:00,5.714598178863525,6.667031208674113,5.714598178863525,5.714598178863525,4622,0.0,0.0
1998-09-17 00:00:00-04:00,5.714598178863525,5.714598178863525,5.714598178863525,5.714598178863525,362,0.0,0.0
1998-09-18 00:00:00-04:00,6.190813064575194,6.667029454157902,5.714596674992488,6.190813064575195,232,0.0,0.0
1998-09-21 00:00:00-04:00,5.714598178863525,5.714598178863525,5.714598178863525,5.714598178863525,466,0.0,0.0
1998-09-22 00:00:00-04:00,6.19081469376882,6.19081469376882,5.714598178863525,5.714598178863525,78,0.0,0.0
1998-09-23 00:00:00-04:00,6.19081469376882,6.667031208674113,5.714598178863525,5.714598178863525,244,0.0,0.0
1998-09-24 00:00:00-04:00,5.714598655700684,6.667031764984131,5.714598655700684,6.667031764984131,248,0.0,0.0
1998-09-25 00:00:00-04:00,6.667031208674113,6.667031208674113,5.714598178863525,5.714598178863525,1928,0.0,0.0
1998-09-28 00:00:00-04:00,6.19081469376882,6.667031208674113,5.714598178863525,5.714598178863525,318,0.0,0.0
1998-09-29 00:00:00-04:00,5.714598178863525,6.667031208674113,5.714598178863525,5.714598178863525,520,0.0,0.0
1998-09-30 00:00:00-04:00,5.714598655700684,6.667031764984131,5.714598655700684,6.667031764984131,808,0.0,0.0
1998-10-01 00:00:00-04:00,7.619462233323317,7.619462233323317,5.714596674992488,6.190813064575195,446,0.0,0.0
1998-10-02 00:00:00-04:00,7.619463443756104,7.619463443756104,5.714597582817078,7.6194634437561035,1604,0.0,0.0
1998-10-05 00:00:00-04:00,7.619464238484701,7.619464238484701,5.714598178863525,5.714598178863525,370,0.0,0.0
1998-10-06 00:00:00-04:00,7.619462233323317,7.619462233323317,5.714596674992488,6.190813064575195,1900,0.0,0.0
1998-10-07 00:00:00-04:00,7.619464874267578,7.619464874267578,5.714598655700684,6.667031764984131,830,0.0,0.0
1998-10-08 00:00:00-04:00,7.619462233323317,7.619462233323317,6.190813064575194,6.190813064575195,2700,0.0,0.0
1998-10-09 00:00:00-04:00,7.619463833895597,7.619463833895597,4.762164896184748,5.238381385803223,6432,0.0,0.0
1998-10-12 00:00:00-04:00,4.7621660232543945,6.6670324325561525,4.7621660232543945,4.7621660232543945,1184,0.0,0.0
1998-10-13 00:00:00-04:00,5.714598655700684,6.667031764984131,5.714598655700684,6.667031764984131,1772,0.0,0.0
1998-10-14 00:00:00-04:00,5.714599227905274,5.714599227905274,4.7621660232543945,4.7621660232543945,802,0.0,0.0
1998-10-15 00:00:00-04:00,6.667031764984131,6.667031764984131,5.714598655700684,6.667031764984131,2690,0.0,0.0
1998-10-16 00:00:00-04:00,6.667032135857475,6.667032135857475,4.285949230194092,4.285949230194092,13480,0.0,0.0
1998-10-19 00:00:00-04:00,4.762164652347565,5.714597582817078,3.809731721878052,3.8097317218780518,3170,0.0,0.0
1998-10-20 00:00:00-04:00,4.762165149052938,5.714598178863525,3.8097321192423506,5.714598178863525,758,0.0,0.0
1998-10-21 00:00:00-04:00,3.8097326490614147,5.714598973592122,3.8097326490614147,4.285949230194092,2062,0.0,0.0
1998-10-22 00:00:00-04:00,6.6670324325561525,6.6670324325561525,2.857299613952637,4.7621660232543945,4756,0.0,0.0
1998-10-23 00:00:00-04:00,4.762164652347565,6.667030513286591,3.809731721878052,3.8097317218780518,2226,0.0,0.0
1998-10-26 00:00:00-05:00,6.667030513286591,6.667030513286591,0.4762164652347565,3.8097317218780518,1282,0.0,0.0
1998-10-27 00:00:00-05:00,3.809731721878052,5.714597582817078,3.809731721878052,3.8097317218780518,3184,0.0,0.0
1998-10-28 00:00:00-05:00,3.809731721878052,4.762164652347565,3.809731721878052,3.8097317218780518,1190,0.0,0.0
1998-10-29 00:00:00-05:00,3.809731721878052,4.762164652347565,3.809731721878052,3.8097317218780518,176,0.0,0.0
1998-10-30 00:00:00-05:00,5.714598973592122,5.714598973592122,3.8097326490614147,4.285949230194092,2992,0.0,0.0
1998-11-02 00:00:00-05:00,3.809731721878052,5.714597582817078,3.809731721878052,3.8097317218780518,196,0.0,0.0
1998-11-03 00:00:00-05:00,5.714597582817078,5.714597582817078,3.809731721878052,3.8097317218780518,3112,0.0,0.0
1998-11-04 00:00:00-05:00,3.809731721878052,5.714597582817078,3.809731721878052,3.8097317218780518,1112,0.0,0.0
1998-11-05 00:00:00-05:00,3.809731721878052,3.809731721878052,3.809731721878052,3.8097317218780518,1688,0.0,0.0
1998-11-06 00:00:00-05:00,3.8097321192423506,3.8097321192423506,2.8572990894317627,2.8572990894317627,1112,0.0,0.0
1998-11-09 00:00:00-05:00,5.714598655700684,5.714598655700684,2.857299327850342,3.3335158824920654,2022,0.0,0.0
1998-11-10 00:00:00-05:00,3.3335158824920654,4.762165546417236,3.3335158824920654,3.3335158824920654,9000,0.0,0.0
1998-11-11 00:00:00-05:00,5.714597582817078,5.714597582817078,2.857298791408539,3.8097317218780518,1678,0.0,0.0
1998-11-12 00:00:00-05:00,3.8097321192423506,5.714598178863525,2.8572990894317627,2.8572990894317627,1500,0.0,0.0
1998-11-13 00:00:00-05:00,2.857298791408539,3.809731721878052,2.857298791408539,3.8097317218780518,910,0.0,0.0
1998-11-16 00:00:00-05:00,2.8572990894317627,3.8097321192423506,2.8572990894317627,2.8572990894317627,348,0.0,0.0
1998-11-17 00:00:00-05:00,2.857298791408539,3.809731721878052,2.857298791408539,3.8097317218780518,624,0.0,0.0
1998-11-18 00:00:00-05:00,3.809732437133789,5.714598655700684,3.3335158824920654,3.3335158824920654,680,0.0,0.0
1998-11-19 00:00:00-05:00,3.8097321192423506,5.714598178863525,2.8572990894317627,5.714598178863525,1150,0.0,0.0
1998-11-20 00:00:00-05:00,5.714598178863525,5.714598178863525,2.381082574526469,2.8572990894317627,2566,0.0,0.0
1998-11-23 00:00:00-05:00,2.857299613952637,3.809732818603516,2.3810830116271973,2.3810830116271973,814,0.0,0.0
1998-11-24 00:00:00-05:00,5.714599227905274,5.714599227905274,2.3810830116271973,2.3810830116271973,1390,0.0,0.0
1998-11-25 00:00:00-05:00,5.714599227905274,5.714599227905274,2.3810830116271973,2.3810830116271973,1052,0.0,0.0
1998-11-27 00:00:00-05:00,2.381082574526469,2.8572990894317627,2.381082574526469,2.8572990894317627,16,0.0,0.0
1998-11-30 00:00:00-05:00,2.381082574526469,6.667031208674113,2.381082574526469,2.8572990894317627,4998,0.0,0.0
1998-12-01 00:00:00-05:00,5.714599227905274,5.714599227905274,1.904866409301758,2.3810830116271973,3138,0.0,0.0
1998-12-02 00:00:00-05:00,1.904866409301758,2.857299613952637,1.904866409301758,2.3810830116271973,2134,0.0,0.0
1998-12-03 00:00:00-05:00,2.3810830116271973,2.3810830116271973,2.3810830116271973,2.3810830116271973,348,0.0,0.0
1998-12-04 00:00:00-05:00,2.3810830116271973,2.3810830116271973,1.904866409301758,2.3810830116271973,2078,0.0,0.0
1998-12-07 00:00:00-05:00,2.3810830116271973,5.714599227905274,1.904866409301758,2.3810830116271973,1052,0.0,0.0
1998-12-08 00:00:00-05:00,1.904865860939026,2.857298791408539,1.904865860939026,1.9048658609390259,3506,0.0,0.0
1998-12-09 00:00:00-05:00,1.904866409301758,2.3810830116271973,1.4286498069763185,2.3810830116271973,24016,0.0,0.0
1998-12-10 00:00:00-05:00,1.904866409301758,5.714599227905274,1.904866409301758,2.3810830116271973,19990,0.0,0.0
1998-12-11 00:00:00-05:00,1.904865860939026,5.714597582817078,1.904865860939026,1.9048658609390259,2740,0.0,0.0
1998-12-14 00:00:00-05:00,1.904866409301758,5.714599227905274,1.904866409301758,2.3810830116271973,9376,0.0,0.0
1998-12-15 00:00:00-05:00,2.3810823261737823,5.714597582817078,1.904865860939026,1.9048658609390259,12592,0.0,0.0
1998-12-16 00:00:00-05:00,5.714597582817078,5.714597582817078,1.904865860939026,1.9048658609390259,614,0.0,0.0
1998-12-17 00:00:00-05:00,2.3810830116271973,5.714599227905274,1.904866409301758,2.3810830116271973,2904,0.0,0.0
1998-12-18 00:00:00-05:00,1.904866409301758,5.714599227905274,1.904866409301758,2.3810830116271973,1358,0.0,0.0
1998-12-21 00:00:00-05:00,1.904865860939026,2.857298791408539,1.904865860939026,1.9048658609390259,2056,0.0,0.0
1998-12-22 00:00:00-05:00,1.904865860939026,5.714597582817078,1.904865860939026,1.9048658609390259,322,0.0,0.0
1998-12-23 00:00:00-05:00,1.904865860939026,5.714597582817078,1.904865860939026,1.9048658609390259,1078,0.0,0.0
1998-12-24 00:00:00-05:00,1.904865860939026,1.904865860939026,1.904865860939026,1.9048658609390259,274,0.0,0.0
1998-12-28 00:00:00-05:00,1.904865860939026,5.714597582817078,1.904865860939026,1.9048658609390259,3504,0.0,0.0
1998-12-29 00:00:00-05:00,1.904865860939026,5.714597582817078,1.904865860939026,1.9048658609390259,2430,0.0,0.0
1998-12-30 00:00:00-05:00,1.904865860939026,5.714597582817078,1.904865860939026,1.9048658609390259,4520,0.0,0.0
1998-12-31 00:00:00-05:00,1.904865860939026,1.904865860939026,1.904865860939026,1.9048658609390259,934,0.0,0.0
1999-01-04 00:00:00-05:00,1.904865860939026,5.714597582817078,1.904865860939026,1.9048658609390259,692,0.0,0.0
1999-01-05 00:00:00-05:00,2.3810823261737823,2.3810823261737823,1.904865860939026,1.9048658609390259,1698,0.0,0.0
1999-01-06 00:00:00-05:00,1.904866409301758,2.3810830116271973,1.904866409301758,2.3810830116271973,156,0.0,0.0
1999-01-07 00:00:00-05:00,1.904866409301758,2.3810830116271973,1.904866409301758,2.3810830116271973,712,0.0,0.0
1999-01-08 00:00:00-05:00,2.381082574526469,2.8572990894317627,2.381082574526469,2.8572990894317627,2226,0.0,0.0
1999-01-11 00:00:00-05:00,6.6670324325561525,6.6670324325561525,2.3810830116271973,2.3810830116271973,406,0.0,0.0
1999-01-12 00:00:00-05:00,2.381082574526469,5.714598178863525,2.381082574526469,5.714598178863525,50,0.0,0.0
1999-01-13 00:00:00-05:00,5.714599227905274,5.714599227905274,2.3810830116271973,2.3810830116271973,3360,0.0,0.0
1999-01-14 00:00:00-05:00,2.381082574526469,2.8572990894317627,1.9048660596211753,2.8572990894317627,10200,0.0,0.0
1999-01-15 00:00:00-05:00,1.904865860939026,2.3810823261737823,1.904865860939026,1.9048658609390259,1834,0.0,0.0
1999-01-19 00:00:00-05:00,1.904865860939026,1.904865860939026,1.904865860939026,1.9048658609390259,1176,0.0,0.0
1999-01-20 00:00:00-05:00,1.904865860939026,1.904865860939026,1.904865860939026,1.9048658609390259,2354,0.0,0.0
1999-01-21 00:00:00-05:00,2.3810830116271973,2.3810830116271973,1.904866409301758,2.3810830116271973,6308,0.0,0.0
1999-01-22 00:00:00-05:00,2.3810830116271973,2.3810830116271973,2.3810830116271973,2.3810830116271973,5572,0.0,0.0
1999-01-25 00:00:00-05:00,2.3810830116271973,2.3810830116271973,1.904866409301758,2.3810830116271973,2476,0.0,0.0
1999-01-26 00:00:00-05:00,2.3810830116271973,2.857299613952637,1.904866409301758,2.3810830116271973,9248,0.0,0.0
1999-01-27 00:00:00-05:00,2.3810823261737823,2.3810823261737823,1.904865860939026,1.9048658609390259,1248,0.0,0.0
1999-01-28 00:00:00-05:00,5.714597582817078,5.714597582817078,1.904865860939026,1.9048658609390259,64,0.0,0.0
1999-01-29 00:00:00-05:00,2.3810830116271973,5.714599227905274,1.904866409301758,2.3810830116271973,486,0.0,0.0
1999-02-01 00:00:00-05:00,1.904866409301758,6.6670324325561525,1.904866409301758,2.3810830116271973,704,0.0,0.0
1999-02-02 00:00:00-05:00,1.904865860939026,2.3810823261737823,1.904865860939026,1.9048658609390259,2892,0.0,0.0
1999-02-03 00:00:00-05:00,1.904865860939026,1.904865860939026,1.904865860939026,1.9048658609390259,40,0.0,0.0
1999-02-04 00:00:00-05:00,1.904865860939026,1.904865860939026,1.904865860939026,1.9048658609390259,172,0.0,0.0
1999-02-05 00:00:00-05:00,1.904865860939026,1.904865860939026,1.904865860939026,1.9048658609390259,506,0.0,0.0
1999-02-08 00:00:00-05:00,1.904865860939026,1.904865860939026,1.904865860939026,1.9048658609390259,2044,0.0,0.0
1999-02-09 00:00:00-05:00,1.904865860939026,1.904865860939026,1.904865860939026,1.9048658609390259,500,0.0,0.0
1999-02-10 00:00:00-05:00,1.904865860939026,1.904865860939026,1.904865860939026,1.9048658609390259,730,0.0,0.0
1999-02-11 00:00:00-05:00,2.857298791408539,2.857298791408539,1.904865860939026,1.9048658609390259,1794,0.0,0.0
1999-02-12 00:00:00-05:00,1.904865860939026,1.904865860939026,1.904865860939026,1.9048658609390259,6550,0.0,0.0
1999-02-16 00:00:00-05:00,1.904865860939026,1.904865860939026,1.904865860939026,1.9048658609390259,24,0.0,0.0
1999-02-17 00:00:00-05:00,1.904865860939026,1.904865860939026,1.904865860939026,1.9048658609390259,1240,0.0,0.0
1999-02-18 00:00:00-05:00,1.904865860939026,1.904865860939026,1.904865860939026,1.9048658609390259,4002,0.0,0.0
1999-02-19 00:00:00-05:00,1.904865860939026,1.904865860939026,1.904865860939026,1.9048658609390259,4058,0.0,0.0
1999-02-22 00:00:00-05:00,1.904865860939026,1.904865860939026,1.904865860939026,1.9048658609390259,68,0.0,0.0
1999-02-23 00:00:00-05:00,1.904865860939026,2.3810823261737823,1.4286493957042694,1.9048658609390259,5584,0.0,0.0
1999-02-24 00:00:00-05:00,6.6670324325561525,6.6670324325561525,1.904866409301758,2.3810830116271973,274,0.0,0.0
1999-02-25 00:00:00-05:00,1.904865860939026,1.904865860939026,1.904865860939026,1.9048658609390259,3122,0.0,0.0
1999-02-26 00:00:00-05:00,1.904865860939026,1.904865860939026,1.904865860939026,1.9048658609390259,280,0.0,0.0
1999-03-01 00:00:00-05:00,1.904866409301758,2.3810830116271973,1.904866409301758,2.3810830116271973,4236,0.0,0.0
1999-03-02 00:00:00-05:00,1.904866409301758,2.3810830116271973,1.904866409301758,2.3810830116271973,132,0.0,0.0
1999-03-03 00:00:00-05:00,1.904865860939026,2.3810823261737823,1.904865860939026,1.9048658609390259,1230,0.0,0.0
1999-03-04 00:00:00-05:00,1.904866409301758,2.3810830116271973,1.904866409301758,2.3810830116271973,444,0.0,0.0
1999-03-05 00:00:00-05:00,1.904865860939026,2.3810823261737823,1.904865860939026,1.9048658609390259,190,0.0,0.0
1999-03-08 00:00:00-05:00,1.904865860939026,2.3810823261737823,1.904865860939026,1.9048658609390259,1114,0.0,0.0
1999-03-09 00:00:00-05:00,2.3810830116271973,2.3810830116271973,2.3810830116271973,2.3810830116271973,2386,0.0,0.0
1999-03-10 00:00:00-05:00,2.3810823261737823,2.3810823261737823,1.904865860939026,1.9048658609390259,2852,0.0,0.0
1999-03-11 00:00:00-05:00,2.3810823261737823,2.3810823261737823,1.904865860939026,1.9048658609390259,318,0.0,0.0
1999-03-12 00:00:00-05:00,2.3810830116271973,2.857299613952637,2.3810830116271973,2.3810830116271973,4640,0.0,0.0
1999-03-15 00:00:00-05:00,5.714599227905274,5.714599227905274,2.3810830116271973,2.3810830116271973,344,0.0,0.0
1999-03-16 00:00:00-05:00,2.857299613952637,2.857299613952637,2.3810830116271973,2.3810830116271973,370,0.0,0.0
1999-03-17 00:00:00-05:00,2.3810830116271973,2.3810830116271973,2.3810830116271973,2.3810830116271973,20,0.0,0.0
1999-03-18 00:00:00-05:00,2.857299613952637,2.857299613952637,2.3810830116271973,2.3810830116271973,1244,0.0,0.0
1999-03-19 00:00:00-05:00,1.9048660596211753,2.8572990894317627,1.9048660596211753,2.8572990894317627,310,0.0,0.0
1999-03-22 00:00:00-05:00,2.3810830116271973,2.3810830116271973,2.3810830116271973,2.3810830116271973,530,0.0,0.0
1999-03-23 00:00:00-05:00,2.3810830116271973,2.3810830116271973,2.3810830116271973,2.3810830116271973,154,0.0,0.0
1999-03-24 00:00:00-05:00,2.3810830116271973,2.3810830116271973,2.3810830116271973,2.3810830116271973,296,0.0,0.0
1999-03-25 00:00:00-05:00,2.3810823261737823,2.3810823261737823,1.904865860939026,1.9048658609390259,2022,0.0,0.0
1999-03-26 00:00:00-05:00,1.904865860939026,1.904865860939026,1.904865860939026,1.9048658609390259,1340,0.0,0.0
1999-03-29 00:00:00-05:00,1.904865860939026,1.904865860939026,1.904865860939026,1.9048658609390259,3432,0.0,0.0
1999-03-30 00:00:00-05:00,1.904865860939026,1.904865860939026,1.904865860939026,1.9048658609390259,272,0.0,0.0
1999-03-31 00:00:00-05:00,1.904865860939026,1.904865860939026,1.904865860939026,1.9048658609390259,834,0.0,0.0
1999-04-01 00:00:00-05:00,1.904865860939026,1.904865860939026,1.904865860939026,1.9048658609390259,384,0.0,0.0
1999-04-05 00:00:00-04:00,1.904865860939026,1.904865860939026,1.4286493957042694,1.9048658609390259,1242,0.0,0.0
1999-04-06 00:00:00-04:00,1.4286493957042694,1.904865860939026,1.4286493957042694,1.9048658609390259,54,0.0,0.0
1999-04-07 00:00:00-04:00,1.904865860939026,1.904865860939026,1.904865860939026,1.9048658609390259,146,0.0,0.0
1999-04-08 00:00:00-04:00,1.904866409301758,2.3810830116271973,1.904866409301758,2.3810830116271973,232,0.0,0.0
1999-04-09 00:00:00-04:00,1.904865860939026,2.3810823261737823,1.904865860939026,1.9048658609390259,3044,0.0,0.0
1999-04-12 00:00:00-04:00,2.3810823261737823,2.3810823261737823,1.904865860939026,1.9048658609390259,64,0.0,0.0
1999-04-13 00:00:00-04:00,2.3810830116271973,2.3810830116271973,1.904866409301758,2.3810830116271973,94,0.0,0.0
1999-04-14 00:00:00-04:00,1.904865860939026,1.904865860939026,1.904865860939026,1.9048658609390259,152,0.0,0.0
1999-04-15 00:00:00-04:00,2.3810823261737823,2.3810823261737823,1.904865860939026,1.9048658609390259,460,0.0,0.0
1999-04-16 00:00:00-04:00,1.904866409301758,2.3810830116271973,1.904866409301758,2.3810830116271973,1318,0.0,0.0
1999-04-19 00:00:00-04:00,2.3810823261737823,2.857298791408539,1.904865860939026,1.9048658609390259,714,0.0,0.0
1999-04-20 00:00:00-04:00,2.381082574526469,2.8572990894317627,2.381082574526469,2.8572990894317627,2092,0.0,0.0
1999-04-21 00:00:00-04:00,2.3810823261737823,2.857298791408539,1.904865860939026,1.9048658609390259,954,0.0,0.0
1999-04-22 00:00:00-04:00,2.3810823261737823,2.3810823261737823,1.904865860939026,1.9048658609390259,2924,0.0,0.0
1999-04-23 00:00:00-04:00,1.4286493957042694,1.904865860939026,1.4286493957042694,1.9048658609390259,402,0.0,0.0
1999-04-26 00:00:00-04:00,2.3810823261737823,2.3810823261737823,1.904865860939026,1.9048658609390259,4100,0.0,0.0
1999-04-27 00:00:00-04:00,1.904865860939026,1.904865860939026,1.904865860939026,1.9048658609390259,4086,0.0,0.0
1999-04-28 00:00:00-04:00,1.904865860939026,1.904865860939026,1.904865860939026,1.9048658609390259,98,0.0,0.0
1999-04-29 00:00:00-04:00,1.904865860939026,1.904865860939026,1.904865860939026,1.9048658609390259,5356,0.0,0.0
1999-04-30 00:00:00-04:00,1.904865860939026,1.904865860939026,1.904865860939026,1.9048658609390259,102,0.0,0.0
1999-05-03 00:00:00-04:00,2.3810823261737823,2.857298791408539,1.904865860939026,1.9048658609390259,350,0.0,0.0
1999-05-04 00:00:00-04:00,1.904865860939026,1.904865860939026,1.904865860939026,1.9048658609390259,40,0.0,0.0
1999-05-05 00:00:00-04:00,1.904865860939026,2.857298791408539,1.904865860939026,1.9048658609390259,104,0.0,0.0
1999-05-06 00:00:00-04:00,1.904865860939026,1.904865860939026,1.904865860939026,1.9048658609390259,0,0.0,0.0
1999-05-07 00:00:00-04:00,2.8572990894317627,2.8572990894317627,2.8572990894317627,2.8572990894317627,20,0.0,0.0
1999-05-10 00:00:00-04:00,2.8572990894317627,2.8572990894317627,2.8572990894317627,2.8572990894317627,20,0.0,0.0
1999-05-11 00:00:00-04:00,1.904865860939026,2.3810823261737823,1.904865860939026,1.9048658609390259,630,0.0,0.0
1999-05-12 00:00:00-04:00,1.904866409301758,2.3810830116271973,1.904866409301758,2.3810830116271973,646,0.0,0.0
1999-05-13 00:00:00-04:00,1.904865860939026,1.904865860939026,1.904865860939026,1.9048658609390259,2,0.0,0.0
1999-05-14 00:00:00-04:00,1.904866409301758,2.3810830116271973,1.904866409301758,2.3810830116271973,6196,0.0,0.0
1999-05-17 00:00:00-04:00,1.904866409301758,2.3810830116271973,1.904866409301758,2.3810830116271973,806,0.0,0.0
1999-05-18 00:00:00-04:00,2.3810823261737823,2.3810823261737823,1.904865860939026,1.9048658609390259,7460,0.0,0.0
1999-05-19 00:00:00-04:00,1.904865860939026,1.904865860939026,1.904865860939026,1.9048658609390259,460,0.0,0.0
1999-05-20 00:00:00-04:00,2.3810830116271973,2.3810830116271973,2.3810830116271973,2.3810830116271973,2140,0.0,0.0
1999-05-21 00:00:00-04:00,2.381082574526469,2.8572990894317627,1.9048660596211753,2.8572990894317627,2760,0.0,0.0
1999-05-24 00:00:00-04:00,2.8572990894317627,5.714598178863525,2.381082574526469,5.714598178863525,622,0.0,0.0
1999-05-25 00:00:00-04:00,1.904865860939026,2.3810823261737823,1.904865860939026,1.9048658609390259,186,0.0,0.0
1999-05-26 00:00:00-04:00,2.8572990894317627,2.8572990894317627,1.9048660596211753,2.8572990894317627,40,0.0,0.0
1999-05-27 00:00:00-04:00,1.904865860939026,2.857298791408539,1.904865860939026,1.9048658609390259,272,0.0,0.0
1999-05-28 00:00:00-04:00,2.3810823261737823,2.857298791408539,1.904865860939026,1.9048658609390259,922,0.0,0.0
1999-06-01 00:00:00-04:00,1.9048660596211753,2.8572990894317627,1.9048660596211753,2.8572990894317627,216,0.0,0.0
1999-06-02 00:00:00-04:00,1.9048660596211753,2.8572990894317627,1.9048660596211753,2.8572990894317627,2100,0.0,0.0
1999-06-03 00:00:00-04:00,1.9048660596211753,2.8572990894317627,1.9048660596211753,2.8572990894317627,540,0.0,0.0
1999-06-04 00:00:00-04:00,2.857299613952637,2.857299613952637,1.904866409301758,2.3810830116271973,9360,0.0,0.0
1999-06-07 00:00:00-04:00,2.381082574526469,3.3335156043370566,2.381082574526469,2.8572990894317627,19348,0.0,0.0
1999-06-08 00:00:00-04:00,3.3335162162780763,3.3335162162780763,2.3810830116271973,2.3810830116271973,9314,0.0,0.0
1999-06-09 00:00:00-04:00,2.3810830116271973,2.3810830116271973,2.3810830116271973,2.3810830116271973,28,0.0,0.0
1999-06-10 00:00:00-04:00,2.3810830116271973,2.3810830116271973,2.3810830116271973,2.3810830116271973,1982,0.0,0.0
1999-06-11 00:00:00-04:00,2.3810830116271973,2.3810830116271973,2.3810830116271973,2.3810830116271973,2130,0.0,0.0
1999-06-14 00:00:00-04:00,2.3810830116271973,2.3810830116271973,2.3810830116271973,2.3810830116271973,800,0.0,0.0
1999-06-15 00:00:00-04:00,2.3810830116271973,2.3810830116271973,2.3810830116271973,2.3810830116271973,904,0.0,0.0
1999-06-16 00:00:00-04:00,2.3810830116271973,2.3810830116271973,2.3810830116271973,2.3810830116271973,1532,0.0,0.0
1999-06-17 00:00:00-04:00,2.3810830116271973,2.3810830116271973,2.3810830116271973,2.3810830116271973,38,0.0,0.0
1999-06-18 00:00:00-04:00,2.3810830116271973,2.3810830116271973,2.3810830116271973,2.3810830116271973,282,0.0,0.0
1999-06-21 00:00:00-04:00,2.3810823261737823,2.3810823261737823,1.904865860939026,1.9048658609390259,1742,0.0,0.0
1999-06-22 00:00:00-04:00,1.904866409301758,2.3810830116271973,1.904866409301758,2.3810830116271973,634,0.0,0.0
1999-06-23 00:00:00-04:00,1.904866409301758,2.3810830116271973,1.904866409301758,2.3810830116271973,532,0.0,0.0
1999-06-24 00:00:00-04:00,1.904866409301758,2.3810830116271973,1.904866409301758,2.3810830116271973,444,0.0,0.0
1999-06-25 00:00:00-04:00,2.857298791408539,2.857298791408539,1.904865860939026,1.9048658609390259,5480,0.0,0.0
1999-06-28 00:00:00-04:00,2.3810823261737823,2.3810823261737823,1.904865860939026,1.9048658609390259,752,0.0,0.0
1999-06-29 00:00:00-04:00,2.3810830116271973,2.3810830116271973,1.904866409301758,2.3810830116271973,1736,0.0,0.0
1999-06-30 00:00:00-04:00,1.904865860939026,1.904865860939026,1.904865860939026,1.9048658609390259,582,0.0,0.0
1999-07-01 00:00:00-04:00,2.3810830116271973,2.3810830116271973,1.904866409301758,2.3810830116271973,248,0.0,0.0
1999-07-02 00:00:00-04:00,1.904865860939026,2.3810823261737823,1.904865860939026,1.9048658609390259,230,0.0,0.0
1999-07-06 00:00:00-04:00,1.904865860939026,2.3810823261737823,1.904865860939026,1.9048658609390259,2124,0.0,0.0
1999-07-07 00:00:00-04:00,2.3810823261737823,2.3810823261737823,1.904865860939026,1.9048658609390259,680,0.0,0.0
1999-07-08 00:00:00-04:00,1.904865860939026,1.904865860939026,1.904865860939026,1.9048658609390259,0,0.0,0.0
1999-07-09 00:00:00-04:00,1.904865860939026,1.904865860939026,1.904865860939026,1.9048658609390259,6996,0.0,0.0
1999-07-12 00:00:00-04:00,1.904865860939026,1.904865860939026,1.904865860939026,1.9048658609390259,30,0.0,0.0
1999-07-13 00:00:00-04:00,1.904865860939026,1.904865860939026,1.904865860939026,1.9048658609390259,2210,0.0,0.0
1999-07-14 00:00:00-04:00,1.904865860939026,1.904865860939026,1.904865860939026,1.9048658609390259,210,0.0,0.0
1999-07-15 00:00:00-04:00,1.904865860939026,1.904865860939026,1.904865860939026,1.9048658609390259,5924,0.0,0.0
1999-07-16 00:00:00-04:00,1.904865860939026,1.904865860939026,1.904865860939026,1.9048658609390259,2820,0.0,0.0
1999-07-19 00:00:00-04:00,1.904865860939026,1.904865860939026,1.904865860939026,1.9048658609390259,2768,0.0,0.0
1999-07-20 00:00:00-04:00,1.904865860939026,1.904865860939026,1.904865860939026,1.9048658609390259,84,0.0,0.0
1999-07-21 00:00:00-04:00,1.9048663245307074,4.285949230194092,1.4286497433980305,4.285949230194092,3920,0.0,0.0
1999-07-22 00:00:00-04:00,1.4286497433980305,4.285949230194092,1.4286497433980305,4.285949230194092,4988,0.0,0.0
1999-07-23 00:00:00-04:00,1.904865860939026,1.904865860939026,1.4286493957042694,1.9048658609390259,470,0.0,0.0
1999-07-26 00:00:00-04:00,1.4286495447158813,1.9048660596211753,1.4286495447158813,1.4286495447158813,1932,0.0,0.0
1999-07-27 00:00:00-04:00,1.9048660596211753,1.9048660596211753,1.4286495447158813,1.4286495447158813,124,0.0,0.0
1999-07-28 00:00:00-04:00,1.4286495447158813,1.4286495447158813,1.4286495447158813,1.4286495447158813,402,0.0,0.0
1999-07-29 00:00:00-04:00,1.4286495447158813,1.9048660596211753,1.4286495447158813,1.4286495447158813,3680,0.0,0.0
1999-07-30 00:00:00-04:00,1.4286493957042694,1.904865860939026,1.4286493957042694,1.9048658609390259,92,0.0,0.0
1999-08-02 00:00:00-04:00,1.4286495447158813,1.9048660596211753,1.4286495447158813,1.4286495447158813,1560,0.0,0.0
1999-08-03 00:00:00-04:00,1.904865860939026,1.904865860939026,1.4286493957042694,1.9048658609390259,2544,0.0,0.0
1999-08-04 00:00:00-04:00,1.904865860939026,1.904865860939026,1.4286493957042694,1.9048658609390259,1980,0.0,0.0
1999-08-05 00:00:00-04:00,1.904865860939026,1.904865860939026,1.4286493957042694,1.9048658609390259,8046,0.0,0.0
1999-08-06 00:00:00-04:00,1.4286495447158813,1.9048660596211753,1.4286495447158813,1.4286495447158813,564,0.0,0.0
1999-08-09 00:00:00-04:00,1.9048660596211753,1.9048660596211753,1.4286495447158813,1.4286495447158813,684,0.0,0.0
1999-08-10 00:00:00-04:00,1.904865860939026,1.904865860939026,1.4286493957042694,1.9048658609390259,4060,0.0,0.0
1999-08-11 00:00:00-04:00,1.4286495447158813,1.9048660596211753,1.4286495447158813,1.4286495447158813,714,0.0,0.0
1999-08-12 00:00:00-04:00,1.9048660596211753,1.9048660596211753,1.4286495447158813,1.4286495447158813,302,0.0,0.0
1999-08-13 00:00:00-04:00,1.9048660596211753,1.9048660596211753,1.4286495447158813,1.4286495447158813,2542,0.0,0.0
1999-08-16 00:00:00-04:00,1.904865860939026,1.904865860939026,1.4286493957042694,1.9048658609390259,2306,0.0,0.0
1999-08-17 00:00:00-04:00,1.4286495447158813,1.9048660596211753,1.4286495447158813,1.4286495447158813,3340,0.0,0.0
1999-08-18 00:00:00-04:00,1.4286495447158813,1.9048660596211753,1.4286495447158813,1.4286495447158813,186,0.0,0.0
1999-08-19 00:00:00-04:00,1.4286495447158813,1.4286495447158813,1.4286495447158813,1.4286495447158813,0,0.0,0.0
1999-08-20 00:00:00-04:00,1.4286495447158813,1.9048660596211753,1.4286495447158813,1.4286495447158813,5930,0.0,0.0
1999-08-23 00:00:00-04:00,1.4286495447158813,1.4286495447158813,1.4286495447158813,1.4286495447158813,1666,0.0,0.0
1999-08-24 00:00:00-04:00,1.4286495447158813,1.4286495447158813,1.4286495447158813,1.4286495447158813,920,0.0,0.0
1999-08-25 00:00:00-04:00,1.4286495447158813,1.4286495447158813,1.4286495447158813,1.4286495447158813,1702,0.0,0.0
1999-08-26 00:00:00-04:00,1.4286493957042694,1.4286493957042694,0.952432930469513,0.9524329304695129,4704,0.0,0.0
1999-08-27 00:00:00-04:00,0.952432930469513,0.952432930469513,0.952432930469513,0.9524329304695129,88,0.0,0.0
1999-08-30 00:00:00-04:00,0.952432930469513,0.952432930469513,0.952432930469513,0.9524329304695129,58,0.0,0.0
1999-08-31 00:00:00-04:00,0.9524330298105876,1.4286495447158813,0.9524330298105876,1.4286495447158813,1654,0.0,0.0
1999-09-01 00:00:00-04:00,1.4286495447158813,1.4286495447158813,1.4286495447158813,1.4286495447158813,28,0.0,0.0
1999-09-02 00:00:00-04:00,1.4286495447158813,1.4286495447158813,1.4286495447158813,1.4286495447158813,20,0.0,0.0
1999-09-03 00:00:00-04:00,1.4286495447158813,1.4286495447158813,1.4286495447158813,1.4286495447158813,400,0.0,0.0
1999-09-07 00:00:00-04:00,1.4286495447158813,1.4286495447158813,1.4286495447158813,1.4286495447158813,464,0.0,0.0
1999-09-08 00:00:00-04:00,1.4286495447158813,1.4286495447158813,0.9524330298105876,1.4286495447158813,5630,0.0,0.0
1999-09-09 00:00:00-04:00,1.4286495447158813,1.4286495447158813,1.4286495447158813,1.4286495447158813,300,0.0,0.0
1999-09-10 00:00:00-04:00,0.952432930469513,0.952432930469513,0.952432930469513,0.9524329304695129,2044,0.0,0.0
1999-09-13 00:00:00-04:00,0.952432930469513,0.952432930469513,0.952432930469513,0.9524329304695129,904,0.0,0.0
1999-09-14 00:00:00-04:00,1.4286495447158813,1.4286495447158813,0.9524330298105876,1.4286495447158813,1582,0.0,0.0
1999-09-15 00:00:00-04:00,0.952432930469513,1.4286493957042694,0.952432930469513,0.9524329304695129,3068,0.0,0.0
1999-09-16 00:00:00-04:00,0.9524330298105876,1.4286495447158813,0.9524330298105876,1.4286495447158813,810,0.0,0.0
1999-09-17 00:00:00-04:00,0.952432930469513,1.4286493957042694,0.952432930469513,0.9524329304695129,200,0.0,0.0
1999-09-20 00:00:00-04:00,0.9524330298105876,1.4286495447158813,0.9524330298105876,1.4286495447158813,88,0.0,0.0
1999-09-21 00:00:00-04:00,1.4286495447158813,1.4286495447158813,0.9524330298105876,1.4286495447158813,1498,0.0,0.0
1999-09-22 00:00:00-04:00,1.4286493957042694,1.4286493957042694,0.952432930469513,0.9524329304695129,2356,0.0,0.0
1999-09-23 00:00:00-04:00,1.4286495447158813,1.4286495447158813,0.9524330298105876,1.4286495447158813,590,0.0,0.0
1999-09-24 00:00:00-04:00,0.952432930469513,1.4286493957042694,0.952432930469513,0.9524329304695129,5136,0.0,0.0
1999-09-27 00:00:00-04:00,0.952432930469513,1.904865860939026,0.952432930469513,1.9048658609390259,24462,0.0,0.0
1999-09-28 00:00:00-04:00,1.904866409301758,2.3810830116271973,1.904866409301758,2.3810830116271973,45790,0.0,0.0
1999-09-29 00:00:00-04:00,2.3810823261737823,2.3810823261737823,1.904865860939026,1.9048658609390259,9454,0.0,0.0
1999-09-30 00:00:00-04:00,1.904865860939026,2.3810823261737823,1.904865860939026,1.9048658609390259,2722,0.0,0.0
1999-10-01 00:00:00-04:00,1.904865860939026,1.904865860939026,1.904865860939026,1.9048658609390259,3404,0.0,0.0
1999-10-04 00:00:00-04:00,1.904866409301758,2.3810830116271973,1.904866409301758,2.3810830116271973,2164,0.0,0.0
1999-10-05 00:00:00-04:00,2.3810830116271973,2.3810830116271973,2.3810830116271973,2.3810830116271973,7300,0.0,0.0
1999-10-06 00:00:00-04:00,2.3810823261737823,2.857298791408539,1.904865860939026,1.9048658609390259,13662,0.0,0.0
1999-10-07 00:00:00-04:00,1.904865860939026,2.3810823261737823,1.904865860939026,1.9048658609390259,222,0.0,0.0
1999-10-08 00:00:00-04:00,1.904865860939026,1.904865860939026,1.904865860939026,1.9048658609390259,1868,0.0,0.0
1999-10-11 00:00:00-04:00,2.3810823261737823,2.3810823261737823,1.904865860939026,1.9048658609390259,140,0.0,0.0
1999-10-12 00:00:00-04:00,1.904865860939026,1.904865860939026,1.904865860939026,1.9048658609390259,1350,0.0,0.0
1999-10-13 00:00:00-04:00,1.904865860939026,1.904865860939026,1.904865860939026,1.9048658609390259,3682,0.0,0.0
1999-10-14 00:00:00-04:00,1.904865860939026,1.904865860939026,1.904865860939026,1.9048658609390259,5022,0.0,0.0
1999-10-15 00:00:00-04:00,1.904865860939026,1.904865860939026,1.4286493957042694,1.9048658609390259,2102,0.0,0.0
1999-10-18 00:00:00-04:00,1.9048660596211753,1.9048660596211753,1.4286495447158813,1.4286495447158813,4062,0.0,0.0
1999-10-19 00:00:00-04:00,1.4286495447158813,1.4286495447158813,1.4286495447158813,1.4286495447158813,1006,0.0,0.0
1999-10-20 00:00:00-04:00,1.4286495447158813,1.4286495447158813,1.4286495447158813,1.4286495447158813,336,0.0,0.0
1999-10-21 00:00:00-04:00,1.4286495447158813,1.4286495447158813,1.4286495447158813,1.4286495447158813,304,0.0,0.0
1999-10-22 00:00:00-04:00,1.4286495447158813,1.4286495447158813,1.4286495447158813,1.4286495447158813,706,0.0,0.0
1999-10-25 00:00:00-04:00,1.4286495447158813,1.4286495447158813,1.4286495447158813,1.4286495447158813,80,0.0,0.0
1999-10-26 00:00:00-04:00,1.4286495447158813,1.4286495447158813,1.4286495447158813,1.4286495447158813,254,0.0,0.0
1999-10-27 00:00:00-04:00,1.4286495447158813,1.4286495447158813,1.4286495447158813,1.4286495447158813,4060,0.0,0.0
1999-10-28 00:00:00-04:00,1.4286493957042694,1.904865860939026,1.4286493957042694,1.9048658609390259,11744,0.0,0.0
1999-10-29 00:00:00-04:00,1.904865860939026,1.904865860939026,1.904865860939026,1.9048658609390259,562,0.0,0.0
1999-11-01 00:00:00-05:00,1.9048660596211753,1.9048660596211753,1.4286495447158813,1.4286495447158813,166,0.0,0.0
1999-11-02 00:00:00-05:00,1.4286495447158813,1.9048660596211753,1.4286495447158813,1.4286495447158813,5550,0.0,0.0
1999-11-03 00:00:00-05:00,1.4286495447158813,1.4286495447158813,1.4286495447158813,1.4286495447158813,5234,0.0,0.0
1999-11-04 00:00:00-05:00,1.4286495447158813,1.4286495447158813,0.9524330298105876,1.4286495447158813,2866,0.0,0.0
1999-11-05 00:00:00-05:00,1.4286495447158813,1.4286495447158813,0.9524330298105876,1.4286495447158813,3014,0.0,0.0
1999-11-08 00:00:00-05:00,1.4286495447158813,1.4286495447158813,0.9524330298105876,1.4286495447158813,1558,0.0,0.0
1999-11-09 00:00:00-05:00,0.952432930469513,1.4286493957042694,0.952432930469513,0.9524329304695129,10164,0.0,0.0
1999-11-10 00:00:00-05:00,1.4286495447158813,1.4286495447158813,0.9524330298105876,1.4286495447158813,552,0.0,0.0
1999-11-11 00:00:00-05:00,0.952432930469513,1.4286493957042694,0.952432930469513,0.9524329304695129,1876,0.0,0.0
1999-11-12 00:00:00-05:00,0.9524330298105876,1.4286495447158813,0.9524330298105876,1.4286495447158813,206,0.0,0.0
1999-11-15 00:00:00-05:00,1.4286495447158813,1.4286495447158813,0.9524330298105876,1.4286495447158813,22086,0.0,0.0
1999-11-16 00:00:00-05:00,0.9524330298105876,1.4286495447158813,0.9524330298105876,1.4286495447158813,2514,0.0,0.0
1999-11-17 00:00:00-05:00,0.952432930469513,1.4286493957042694,0.952432930469513,0.9524329304695129,1182,0.0,0.0
1999-11-18 00:00:00-05:00,0.952432930469513,1.4286493957042694,0.952432930469513,0.9524329304695129,3162,0.0,0.0
1999-11-19 00:00:00-05:00,1.4286493957042694,1.4286493957042694,0.952432930469513,0.9524329304695129,2420,0.0,0.0
1999-11-22 00:00:00-05:00,0.9524330298105876,1.4286495447158813,0.9524330298105876,1.4286495447158813,492,0.0,0.0
1999-11-23 00:00:00-05:00,0.9524330298105876,1.4286495447158813,0.9524330298105876,1.4286495447158813,340,0.0,0.0
1999-11-24 00:00:00-05:00,1.4286495447158813,14.286495447158813,0.9524330298105876,1.4286495447158813,6316,0.0,0.0
1999-11-26 00:00:00-05:00,0.952432930469513,1.4286493957042694,0.952432930469513,0.9524329304695129,1064,0.0,0.0
1999-11-29 00:00:00-05:00,0.952432930469513,1.4286493957042694,0.952432930469513,0.9524329304695129,12954,0.0,0.0
1999-11-30 00:00:00-05:00,0.952432930469513,1.4286493957042694,0.952432930469513,0.9524329304695129,148,0.0,0.0
1999-12-01 00:00:00-05:00,0.952432930469513,1.4286493957042694,0.952432930469513,0.9524329304695129,1320,0.0,0.0
1999-12-02 00:00:00-05:00,1.4286493957042694,1.4286493957042694,0.952432930469513,0.9524329304695129,868,0.0,0.0
1999-12-03 00:00:00-05:00,1.4286495447158813,1.4286495447158813,0.9524330298105876,1.4286495447158813,16346,0.0,0.0
1999-12-06 00:00:00-05:00,0.952432930469513,1.4286493957042694,0.952432930469513,0.9524329304695129,12138,0.0,0.0
1999-12-07 00:00:00-05:00,0.952432930469513,0.952432930469513,0.952432930469513,0.9524329304695129,2702,0.0,0.0
1999-12-08 00:00:00-05:00,0.952432930469513,1.4286493957042694,0.952432930469513,0.9524329304695129,1880,0.0,0.0
1999-12-09 00:00:00-05:00,0.952432930469513,0.952432930469513,0.952432930469513,0.9524329304695129,4300,0.0,0.0
1999-12-10 00:00:00-05:00,0.952432930469513,1.4286493957042694,0.952432930469513,0.9524329304695129,13032,0.0,0.0
1999-12-13 00:00:00-05:00,0.952432930469513,1.4286493957042694,0.952432930469513,0.9524329304695129,10622,0.0,0.0
1999-12-14 00:00:00-05:00,0.952432930469513,22.85839033126831,0.952432930469513,0.9524329304695129,2966,0.0,0.0
1999-12-15 00:00:00-05:00,0.952432930469513,1.4286493957042694,0.952432930469513,0.9524329304695129,838,0.0,0.0
1999-12-16 00:00:00-05:00,0.9524330298105876,1.4286495447158813,0.9524330298105876,1.4286495447158813,826,0.0,0.0
1999-12-17 00:00:00-05:00,0.952432930469513,1.4286493957042694,0.952432930469513,0.9524329304695129,1072,0.0,0.0
1999-12-20 00:00:00-05:00,0.952432930469513,1.4286493957042694,0.952432930469513,0.9524329304695129,1834,0.0,0.0
1999-12-21 00:00:00-05:00,0.952432930469513,1.4286493957042694,0.952432930469513,0.9524329304695129,11216,0.0,0.0
1999-12-22 00:00:00-05:00,0.952432930469513,0.952432930469513,0.952432930469513,0.9524329304695129,5924,0.0,0.0
1999-12-23 00:00:00-05:00,0.952432930469513,1.4286493957042694,0.952432930469513,0.9524329304695129,12082,0.0,0.0
1999-12-27 00:00:00-05:00,1.4286493957042694,1.4286493957042694,0.952432930469513,0.9524329304695129,9388,0.0,0.0
1999-12-28 00:00:00-05:00,0.952432930469513,1.4286493957042694,0.952432930469513,0.9524329304695129,4900,0.0,0.0
1999-12-29 00:00:00-05:00,0.952432930469513,1.4286493957042694,0.952432930469513,0.9524329304695129,5218,0.0,0.0
1999-12-30 00:00:00-05:00,0.952432930469513,0.952432930469513,0.952432930469513,0.9524329304695129,7870,0.0,0.0
1999-12-31 00:00:00-05:00,0.952432930469513,0.952432930469513,0.952432930469513,0.9524329304695129,2310,0.0,0.0
2000-01-03 00:00:00-05:00,0.952432930469513,0.952432930469513,0.952432930469513,0.9524329304695129,512,0.0,0.0
2000-01-04 00:00:00-05:00,0.952432930469513,0.952432930469513,0.952432930469513,0.9524329304695129,542,0.0,0.0
2000-01-05 00:00:00-05:00,0.952432930469513,0.952432930469513,0.952432930469513,0.9524329304695129,3512,0.0,0.0
2000-01-06 00:00:00-05:00,0.952432930469513,0.952432930469513,0.952432930469513,0.9524329304695129,844,0.0,0.0
2000-01-07 00:00:00-05:00,0.952432930469513,0.952432930469513,0.952432930469513,0.9524329304695129,368,0.0,0.0
2000-01-10 00:00:00-05:00,0.952432930469513,0.952432930469513,0.952432930469513,0.9524329304695129,874,0.0,0.0
2000-01-11 00:00:00-05:00,0.9524330298105876,1.4286495447158813,0.9524330298105876,1.4286495447158813,3990,0.0,0.0
2000-01-12 00:00:00-05:00,1.4286493957042694,1.4286493957042694,0.952432930469513,0.9524329304695129,4064,0.0,0.0
2000-01-13 00:00:00-05:00,1.4286495447158813,1.4286495447158813,0.9524330298105876,1.4286495447158813,3536,0.0,0.0
2000-01-14 00:00:00-05:00,1.4286493957042694,1.4286493957042694,0.952432930469513,0.9524329304695129,4106,0.0,0.0
2000-01-18 00:00:00-05:00,0.952432930469513,1.4286493957042694,0.952432930469513,0.9524329304695129,7332,0.0,0.0
2000-01-19 00:00:00-05:00,1.4286493957042694,1.4286493957042694,0.952432930469513,0.9524329304695129,6500,0.0,0.0
2000-01-20 00:00:00-05:00,1.4286493957042694,1.4286493957042694,0.952432930469513,0.9524329304695129,4280,0.0,0.0
2000-01-21 00:00:00-05:00,0.9524330298105876,1.4286495447158813,0.9524330298105876,1.4286495447158813,6934,0.0,0.0
2000-01-24 00:00:00-05:00,1.4286493957042694,1.4286493957042694,0.952432930469513,0.9524329304695129,420,0.0,0.0
2000-01-25 00:00:00-05:00,1.4286495447158813,1.4286495447158813,0.9524330298105876,1.4286495447158813,3776,0.0,0.0
2000-01-26 00:00:00-05:00,0.952432930469513,0.952432930469513,0.952432930469513,0.9524329304695129,30,0.0,0.0
2000-01-27 00:00:00-05:00,0.9524330298105876,1.4286495447158813,0.9524330298105876,1.4286495447158813,5480,0.0,0.0
2000-01-28 00:00:00-05:00,1.4286495447158813,1.4286495447158813,0.9524330298105876,1.4286495447158813,1818,0.0,0.0
2000-01-31 00:00:00-05:00,1.4286493957042694,1.4286493957042694,0.952432930469513,0.9524329304695129,5890,0.0,0.0
2000-02-01 00:00:00-05:00,0.952432930469513,1.4286493957042694,0.952432930469513,0.9524329304695129,5254,0.0,0.0
2000-02-02 00:00:00-05:00,1.4286495447158813,1.4286495447158813,0.9524330298105876,1.4286495447158813,4986,0.0,0.0
2000-02-03 00:00:00-05:00,1.4286495447158813,1.4286495447158813,0.9524330298105876,1.4286495447158813,2348,0.0,0.0
2000-02-04 00:00:00-05:00,0.9524330298105876,1.4286495447158813,0.9524330298105876,1.4286495447158813,11360,0.0,0.0
2000-02-07 00:00:00-05:00,1.904865860939026,1.904865860939026,1.4286493957042694,1.9048658609390259,34224,0.0,0.0
2000-02-08 00:00:00-05:00,1.904865860939026,1.904865860939026,1.904865860939026,1.9048658609390259,3044,0.0,0.0
2000-02-09 00:00:00-05:00,1.904865860939026,1.904865860939026,1.904865860939026,1.9048658609390259,3658,0.0,0.0
2000-02-10 00:00:00-05:00,1.9048660596211753,2.8572990894317627,1.9048660596211753,2.8572990894317627,31538,0.0,0.0
2000-02-11 00:00:00-05:00,2.3810823261737823,3.809731721878052,1.904865860939026,1.9048658609390259,13956,0.0,0.0
2000-02-14 00:00:00-05:00,2.3810830116271973,2.3810830116271973,1.904866409301758,2.3810830116271973,6662,0.0,0.0
2000-02-15 00:00:00-05:00,2.3810830116271973,2.3810830116271973,1.904866409301758,2.3810830116271973,9924,0.0,0.0
2000-02-16 00:00:00-05:00,1.904866409301758,2.3810830116271973,1.904866409301758,2.3810830116271973,8400,0.0,0.0
2000-02-17 00:00:00-05:00,2.3810830116271973,2.3810830116271973,1.904866409301758,2.3810830116271973,39430,0.0,0.0
2000-02-18 00:00:00-05:00,2.3810830116271973,2.857299613952637,1.904866409301758,2.3810830116271973,57226,0.0,0.0
2000-02-22 00:00:00-05:00,2.3810830116271973,2.857299613952637,1.904866409301758,2.3810830116271973,20472,0.0,0.0
2000-02-23 00:00:00-05:00,2.8572990894317627,2.8572990894317627,2.381082574526469,2.8572990894317627,21952,0.0,0.0
2000-02-24 00:00:00-05:00,2.8572990894317627,2.8572990894317627,2.381082574526469,2.8572990894317627,8884,0.0,0.0
2000-02-25 00:00:00-05:00,2.857299613952637,2.857299613952637,2.3810830116271973,2.3810830116271973,27312,0.0,0.0
2000-02-28 00:00:00-05:00,2.3810830116271973,2.3810830116271973,2.3810830116271973,2.3810830116271973,5168,0.0,0.0
2000-02-29 00:00:00-05:00,2.3810830116271973,2.857299613952637,1.4286498069763185,2.3810830116271973,4220,0.0,0.0
2000-03-01 00:00:00-05:00,2.8572990894317627,2.8572990894317627,2.381082574526469,2.8572990894317627,2790,0.0,0.0
2000-03-02 00:00:00-05:00,2.857299613952637,2.857299613952637,2.3810830116271973,2.3810830116271973,9766,0.0,0.0
2000-03-03 00:00:00-05:00,2.3810830116271973,2.857299613952637,2.3810830116271973,2.3810830116271973,3750,0.0,0.0
2000-03-06 00:00:00-05:00,2.381082773208618,4.762165546417236,2.381082773208618,3.3335158824920654,29196,0.0,0.0
2000-03-07 00:00:00-05:00,4.762164652347565,4.762164652347565,3.809731721878052,3.8097317218780518,12126,0.0,0.0
2000-03-08 00:00:00-05:00,4.7621660232543945,5.714599227905274,4.285949420928955,4.7621660232543945,19372,0.0,0.0
2000-03-09 00:00:00-05:00,4.762164896184748,5.714597875421697,4.285948406566273,5.238381385803223,14114,0.0,0.0
2000-03-10 00:00:00-05:00,5.714597875421697,6.190814365040173,4.762164896184748,5.238381385803223,103112,0.0,0.0
2000-03-13 00:00:00-05:00,5.714598178863525,6.19081469376882,5.238381663958232,5.714598178863525,55114,0.0,0.0
2000-03-14 00:00:00-05:00,5.714598973592122,6.190815554724799,4.285949230194092,4.285949230194092,28866,0.0,0.0
2000-03-15 00:00:00-05:00,4.285949230194092,4.762165811326769,2.857299486796061,4.285949230194092,27858,0.0,0.0
2000-03-16 00:00:00-05:00,4.762164896184748,5.238381385803223,4.285948406566273,5.238381385803223,13920,0.0,0.0
2000-03-17 00:00:00-05:00,4.7621660232543945,5.714599227905274,3.809732818603516,4.7621660232543945,19024,0.0,0.0
2000-03-20 00:00:00-05:00,4.285949420928955,4.7621660232543945,4.285949420928955,4.7621660232543945,7682,0.0,0.0
2000-03-21 00:00:00-05:00,4.762165811326769,4.762165811326769,4.285949230194092,4.285949230194092,29322,0.0,0.0
2000-03-22 00:00:00-05:00,4.285948187112808,4.285948187112808,3.809731721878052,3.8097317218780518,11990,0.0,0.0
2000-03-23 00:00:00-05:00,3.3335158824920654,3.809732437133789,2.857299327850342,3.3335158824920654,6748,0.0,0.0
2000-03-24 00:00:00-05:00,3.3335158824920654,3.3335158824920654,2.857299327850342,3.3335158824920654,9694,0.0,0.0
2000-03-27 00:00:00-05:00,2.857299327850342,3.3335158824920654,2.857299327850342,3.3335158824920654,1948,0.0,0.0
2000-03-28 00:00:00-05:00,3.3335156043370566,3.3335156043370566,2.8572990894317627,2.8572990894317627,1274,0.0,0.0
2000-03-29 00:00:00-05:00,2.8572990894317627,3.3335156043370566,2.8572990894317627,2.8572990894317627,7428,0.0,0.0
2000-03-30 00:00:00-05:00,3.3335156043370566,3.3335156043370566,2.381082574526469,2.8572990894317627,15860,0.0,0.0
2000-03-31 00:00:00-05:00,2.857299613952637,2.857299613952637,2.3810830116271973,2.3810830116271973,6200,0.0,0.0
2000-04-03 00:00:00-04:00,2.8572990894317627,3.3335156043370566,2.381082574526469,2.8572990894317627,1472,0.0,0.0
2000-04-04 00:00:00-04:00,2.857299613952637,2.857299613952637,2.3810830116271973,2.3810830116271973,7886,0.0,0.0
2000-04-05 00:00:00-04:00,2.381082574526469,2.8572990894317627,2.381082574526469,2.8572990894317627,17860,0.0,0.0
2000-04-06 00:00:00-04:00,2.857299613952637,2.857299613952637,2.3810830116271973,2.3810830116271973,5194,0.0,0.0
2000-04-07 00:00:00-04:00,2.3810830116271973,2.3810830116271973,2.3810830116271973,2.3810830116271973,644,0.0,0.0
2000-04-10 00:00:00-04:00,2.3810830116271973,2.3810830116271973,2.3810830116271973,2.3810830116271973,664,0.0,0.0
2000-04-11 00:00:00-04:00,2.3810830116271973,2.3810830116271973,1.4286498069763185,2.3810830116271973,8620,0.0,0.0
2000-04-12 00:00:00-04:00,2.3810830116271973,2.3810830116271973,1.904866409301758,2.3810830116271973,1848,0.0,0.0
2000-04-13 00:00:00-04:00,2.3810823261737823,2.3810823261737823,1.904865860939026,1.9048658609390259,1178,0.0,0.0
2000-04-14 00:00:00-04:00,2.3810823261737823,2.3810823261737823,1.904865860939026,1.9048658609390259,8114,0.0,0.0
2000-04-17 00:00:00-04:00,1.904866409301758,2.3810830116271973,1.904866409301758,2.3810830116271973,1060,0.0,0.0
2000-04-18 00:00:00-04:00,2.3810823261737823,2.3810823261737823,1.904865860939026,1.9048658609390259,4360,0.0,0.0
2000-04-19 00:00:00-04:00,1.904865860939026,1.904865860939026,1.904865860939026,1.9048658609390259,3864,0.0,0.0
2000-04-20 00:00:00-04:00,1.904865860939026,1.904865860939026,1.904865860939026,1.9048658609390259,1292,0.0,0.0
2000-04-24 00:00:00-04:00,1.904865860939026,1.904865860939026,1.904865860939026,1.9048658609390259,2612,0.0,0.0
2000-04-25 00:00:00-04:00,1.4286493957042694,1.904865860939026,1.4286493957042694,1.9048658609390259,2222,0.0,0.0
2000-04-26 00:00:00-04:00,1.904865860939026,1.904865860939026,1.904865860939026,1.9048658609390259,2524,0.0,0.0
2000-04-27 00:00:00-04:00,1.904865860939026,1.904865860939026,1.904865860939026,1.9048658609390259,5328,0.0,0.0
2000-04-28 00:00:00-04:00,1.904865860939026,1.904865860939026,1.904865860939026,1.9048658609390259,1242,0.0,0.0
2000-05-01 00:00:00-04:00,1.904865860939026,1.904865860939026,1.904865860939026,1.9048658609390259,312,0.0,0.0
2000-05-02 00:00:00-04:00,1.904865860939026,1.904865860939026,1.904865860939026,1.9048658609390259,302,0.0,0.0
2000-05-03 00:00:00-04:00,1.904865860939026,1.904865860939026,1.904865860939026,1.9048658609390259,778,0.0,0.0
2000-05-04 00:00:00-04:00,1.904865860939026,1.904865860939026,1.904865860939026,1.9048658609390259,868,0.0,0.0
2000-05-05 00:00:00-04:00,1.904865860939026,1.904865860939026,1.904865860939026,1.9048658609390259,2060,0.0,0.0
2000-05-08 00:00:00-04:00,1.904865860939026,1.904865860939026,1.904865860939026,1.9048658609390259,666,0.0,0.0
2000-05-09 00:00:00-04:00,1.9048660596211753,1.9048660596211753,1.4286495447158813,1.4286495447158813,1612,0.0,0.0
2000-05-10 00:00:00-04:00,1.904866409301758,2.3810830116271973,1.904866409301758,2.3810830116271973,1040,0.0,0.0
2000-05-11 00:00:00-04:00,1.904865860939026,1.904865860939026,1.904865860939026,1.9048658609390259,312,0.0,0.0
2000-05-12 00:00:00-04:00,1.904865860939026,1.904865860939026,1.904865860939026,1.9048658609390259,1958,0.0,0.0
2000-05-15 00:00:00-04:00,1.904865860939026,1.904865860939026,1.904865860939026,1.9048658609390259,472,0.0,0.0
2000-05-16 00:00:00-04:00,1.904865860939026,1.904865860939026,1.904865860939026,1.9048658609390259,442,0.0,0.0
2000-05-17 00:00:00-04:00,1.904865860939026,1.904865860939026,1.904865860939026,1.9048658609390259,486,0.0,0.0
2000-05-18 00:00:00-04:00,1.904865860939026,1.904865860939026,1.904865860939026,1.9048658609390259,752,0.0,0.0
2000-05-19 00:00:00-04:00,1.904865860939026,1.904865860939026,1.904865860939026,1.9048658609390259,2812,0.0,0.0
2000-05-22 00:00:00-04:00,1.904865860939026,1.904865860939026,1.904865860939026,1.9048658609390259,808,0.0,0.0
2000-05-23 00:00:00-04:00,1.904865860939026,1.904865860939026,1.904865860939026,1.9048658609390259,202,0.0,0.0
2000-05-24 00:00:00-04:00,1.904865860939026,1.904865860939026,1.904865860939026,1.9048658609390259,1222,0.0,0.0
2000-05-25 00:00:00-04:00,1.904865860939026,1.904865860939026,1.904865860939026,1.9048658609390259,2828,0.0,0.0
2000-05-26 00:00:00-04:00,1.904865860939026,1.904865860939026,1.904865860939026,1.9048658609390259,1736,0.0,0.0
2000-05-30 00:00:00-04:00,1.904865860939026,1.904865860939026,1.904865860939026,1.9048658609390259,174,0.0,0.0
2000-05-31 00:00:00-04:00,1.904865860939026,1.904865860939026,1.904865860939026,1.9048658609390259,4662,0.0,0.0
2000-06-01 00:00:00-04:00,1.904865860939026,1.904865860939026,1.904865860939026,1.9048658609390259,3968,0.0,0.0
2000-06-02 00:00:00-04:00,1.904865860939026,1.904865860939026,1.904865860939026,1.9048658609390259,15450,0.0,0.0
2000-06-05 00:00:00-04:00,1.904866409301758,2.3810830116271973,1.904866409301758,2.3810830116271973,2634,0.0,0.0
2000-06-06 00:00:00-04:00,1.904865860939026,2.3810823261737823,1.904865860939026,1.9048658609390259,6002,0.0,0.0
2000-06-07 00:00:00-04:00,2.3810830116271973,2.3810830116271973,2.3810830116271973,2.3810830116271973,750,0.0,0.0
2000-06-08 00:00:00-04:00,2.3810830116271973,2.3810830116271973,2.3810830116271973,2.3810830116271973,640,0.0,0.0
2000-06-09 00:00:00-04:00,2.857298791408539,2.857298791408539,1.904865860939026,1.9048658609390259,1900,0.0,0.0
2000-06-12 00:00:00-04:00,1.904865860939026,1.904865860939026,1.904865860939026,1.9048658609390259,194,0.0,0.0
2000-06-13 00:00:00-04:00,2.3810823261737823,2.3810823261737823,1.904865860939026,1.9048658609390259,6574,0.0,0.0
2000-06-14 00:00:00-04:00,1.904865860939026,1.904865860939026,1.904865860939026,1.9048658609390259,1394,0.0,0.0
2000-06-15 00:00:00-04:00,1.904865860939026,2.3810823261737823,1.904865860939026,1.9048658609390259,296,0.0,0.0
2000-06-16 00:00:00-04:00,1.904865860939026,1.904865860939026,1.904865860939026,1.9048658609390259,1122,0.0,0.0
2000-06-19 00:00:00-04:00,1.904865860939026,1.904865860939026,1.904865860939026,1.9048658609390259,360,0.0,0.0
2000-06-20 00:00:00-04:00,1.904865860939026,1.904865860939026,1.904865860939026,1.9048658609390259,720,0.0,0.0
2000-06-21 00:00:00-04:00,1.904865860939026,1.904865860939026,1.904865860939026,1.9048658609390259,3826,0.0,0.0
2000-06-22 00:00:00-04:00,1.904865860939026,1.904865860939026,1.904865860939026,1.9048658609390259,540,0.0,0.0
2000-06-23 00:00:00-04:00,1.904865860939026,1.904865860939026,1.904865860939026,1.9048658609390259,110,0.0,0.0
2000-06-26 00:00:00-04:00,1.904865860939026,1.904865860939026,1.904865860939026,1.9048658609390259,1046,0.0,0.0
2000-06-27 00:00:00-04:00,1.9048660596211753,1.9048660596211753,1.4286495447158813,1.4286495447158813,6170,0.0,0.0
2000-06-28 00:00:00-04:00,1.4286495447158813,1.4286495447158813,1.4286495447158813,1.4286495447158813,1382,0.0,0.0
2000-06-29 00:00:00-04:00,1.4286495447158813,1.9048660596211753,1.4286495447158813,1.4286495447158813,238,0.0,0.0
2000-06-30 00:00:00-04:00,1.9048660596211753,1.9048660596211753,1.4286495447158813,1.4286495447158813,1002,0.0,0.0
2000-07-03 00:00:00-04:00,1.4286495447158813,1.4286495447158813,1.4286495447158813,1.4286495447158813,22,0.0,0.0
2000-07-05 00:00:00-04:00,1.904865860939026,1.904865860939026,1.4286493957042694,1.9048658609390259,2170,0.0,0.0
2000-07-06 00:00:00-04:00,1.4286495447158813,1.9048660596211753,1.4286495447158813,1.4286495447158813,2130,0.0,0.0
2000-07-07 00:00:00-04:00,1.9048660596211753,1.9048660596211753,1.4286495447158813,1.4286495447158813,14,0.0,0.0
2000-07-10 00:00:00-04:00,1.4286495447158813,1.4286495447158813,1.4286495447158813,1.4286495447158813,2466,0.0,0.0
2000-07-11 00:00:00-04:00,1.4286495447158813,1.4286495447158813,1.4286495447158813,1.4286495447158813,1006,0.0,0.0
2000-07-12 00:00:00-04:00,1.4286495447158813,1.4286495447158813,1.4286495447158813,1.4286495447158813,326,0.0,0.0
2000-07-13 00:00:00-04:00,1.4286495447158813,1.9048660596211753,1.4286495447158813,1.4286495447158813,1264,0.0,0.0
2000-07-14 00:00:00-04:00,1.904865860939026,1.904865860939026,1.4286493957042694,1.9048658609390259,298,0.0,0.0
2000-07-17 00:00:00-04:00,1.4286495447158813,1.9048660596211753,1.4286495447158813,1.4286495447158813,282,0.0,0.0
2000-07-18 00:00:00-04:00,1.4286495447158813,1.4286495447158813,1.4286495447158813,1.4286495447158813,0,0.0,0.0
2000-07-19 00:00:00-04:00,1.9048660596211753,1.9048660596211753,1.4286495447158813,1.4286495447158813,794,0.0,0.0
2000-07-20 00:00:00-04:00,1.4286495447158813,1.4286495447158813,1.4286495447158813,1.4286495447158813,70,0.0,0.0
2000-07-21 00:00:00-04:00,1.4286495447158813,1.4286495447158813,1.4286495447158813,1.4286495447158813,1548,0.0,0.0
2000-07-24 00:00:00-04:00,1.4286495447158813,1.4286495447158813,1.4286495447158813,1.4286495447158813,602,0.0,0.0
2000-07-25 00:00:00-04:00,1.4286495447158813,1.4286495447158813,1.4286495447158813,1.4286495447158813,858,0.0,0.0
2000-07-26 00:00:00-04:00,1.4286495447158813,1.9048660596211753,1.4286495447158813,1.4286495447158813,1260,0.0,0.0
2000-07-27 00:00:00-04:00,1.4286495447158813,1.4286495447158813,1.4286495447158813,1.4286495447158813,430,0.0,0.0
2000-07-28 00:00:00-04:00,1.4286495447158813,1.4286495447158813,1.4286495447158813,1.4286495447158813,598,0.0,0.0
2000-07-31 00:00:00-04:00,1.4286495447158813,1.4286495447158813,1.4286495447158813,1.4286495447158813,5994,0.0,0.0
2000-08-01 00:00:00-04:00,1.4286495447158813,1.4286495447158813,1.4286495447158813,1.4286495447158813,776,0.0,0.0
2000-08-02 00:00:00-04:00,1.9048660596211753,1.9048660596211753,1.4286495447158813,1.4286495447158813,2604,0.0,0.0
2000-08-03 00:00:00-04:00,1.4286495447158813,1.9048660596211753,1.4286495447158813,1.4286495447158813,2930,0.0,0.0
2000-08-04 00:00:00-04:00,1.4286495447158813,1.4286495447158813,1.4286495447158813,1.4286495447158813,600,0.0,0.0
2000-08-07 00:00:00-04:00,1.9048660596211753,1.9048660596211753,1.4286495447158813,1.4286495447158813,188,0.0,0.0
2000-08-08 00:00:00-04:00,1.4286495447158813,1.4286495447158813,1.4286495447158813,1.4286495447158813,1452,0.0,0.0
2000-08-09 00:00:00-04:00,1.4286495447158813,1.4286495447158813,1.4286495447158813,1.4286495447158813,602,0.0,0.0
2000-08-10 00:00:00-04:00,1.4286493957042694,1.4286493957042694,0.952432930469513,0.9524329304695129,1056,0.0,0.0
2000-08-11 00:00:00-04:00,1.4286495447158813,1.4286495447158813,1.4286495447158813,1.4286495447158813,526,0.0,0.0
2000-08-14 00:00:00-04:00,1.4286495447158813,1.4286495447158813,1.4286495447158813,1.4286495447158813,330,0.0,0.0
2000-08-15 00:00:00-04:00,1.9048660596211753,1.9048660596211753,1.4286495447158813,1.4286495447158813,44,0.0,0.0
2000-08-16 00:00:00-04:00,1.4286493957042694,1.904865860939026,0.952432930469513,0.9524329304695129,688,0.0,0.0
2000-08-17 00:00:00-04:00,0.9524330298105876,1.4286495447158813,0.9524330298105876,1.4286495447158813,160,0.0,0.0
2000-08-18 00:00:00-04:00,0.9524330298105876,1.4286495447158813,0.9524330298105876,1.4286495447158813,204,0.0,0.0
2000-08-21 00:00:00-04:00,1.904865860939026,1.904865860939026,0.952432930469513,0.9524329304695129,24,0.0,0.0
2000-08-22 00:00:00-04:00,0.952432930469513,1.904865860939026,0.952432930469513,1.9048658609390259,44,0.0,0.0
2000-08-23 00:00:00-04:00,1.4286495447158813,1.4286495447158813,1.4286495447158813,1.4286495447158813,60,0.0,0.0
2000-08-24 00:00:00-04:00,1.4286495447158813,1.4286495447158813,1.4286495447158813,1.4286495447158813,30,0.0,0.0
2000-08-25 00:00:00-04:00,1.4286495447158813,1.4286495447158813,1.4286495447158813,1.4286495447158813,170,0.0,0.0
2000-08-28 00:00:00-04:00,1.4286495447158813,1.9048660596211753,1.4286495447158813,1.4286495447158813,2384,0.0,0.0
2000-08-29 00:00:00-04:00,1.4286495447158813,1.9048660596211753,1.4286495447158813,1.4286495447158813,2308,0.0,0.0
2000-08-30 00:00:00-04:00,1.4286495447158813,1.4286495447158813,1.4286495447158813,1.4286495447158813,10,0.0,0.0
2000-08-31 00:00:00-04:00,1.4286495447158813,1.4286495447158813,1.4286495447158813,1.4286495447158813,200,0.0,0.0
2000-09-01 00:00:00-04:00,1.4286495447158813,1.4286495447158813,1.4286495447158813,1.4286495447158813,440,0.0,0.0
2000-09-05 00:00:00-04:00,1.904865860939026,1.904865860939026,1.4286493957042694,1.9048658609390259,2108,0.0,0.0
2000-09-06 00:00:00-04:00,1.4286493957042694,1.904865860939026,1.4286493957042694,1.9048658609390259,2232,0.0,0.0
2000-09-07 00:00:00-04:00,1.904865860939026,1.904865860939026,1.904865860939026,1.9048658609390259,864,0.0,0.0
2000-09-08 00:00:00-04:00,1.904865860939026,1.904865860939026,1.904865860939026,1.9048658609390259,88,0.0,0.0
2000-09-11 00:00:00-04:00,1.904865860939026,1.904865860939026,1.904865860939026,1.9048658609390259,92,0.0,0.0
2000-09-12 00:00:00-04:00,1.904865860939026,1.904865860939026,1.904865860939026,1.9048658609390259,1778,0.0,0.0
2000-09-13 00:00:00-04:00,1.904865860939026,1.904865860939026,1.904865860939026,1.9048658609390259,1240,0.0,0.0
2000-09-14 00:00:00-04:00,1.904865860939026,1.904865860939026,1.904865860939026,1.9048658609390259,348,0.0,0.0
2000-09-15 00:00:00-04:00,1.904865860939026,1.904865860939026,1.904865860939026,1.9048658609390259,78,0.0,0.0
2000-09-18 00:00:00-04:00,1.904865860939026,1.904865860939026,1.904865860939026,1.9048658609390259,302,0.0,0.0
2000-09-19 00:00:00-04:00,1.904865860939026,1.904865860939026,1.904865860939026,1.9048658609390259,764,0.0,0.0
2000-09-20 00:00:00-04:00,1.4286493957042694,1.904865860939026,1.4286493957042694,1.9048658609390259,2216,0.0,0.0
2000-09-21 00:00:00-04:00,1.904865860939026,1.904865860939026,1.904865860939026,1.9048658609390259,5250,0.0,0.0
2000-09-22 00:00:00-04:00,1.904865860939026,1.904865860939026,1.904865860939026,1.9048658609390259,2038,0.0,0.0
2000-09-25 00:00:00-04:00,1.904865860939026,1.904865860939026,1.904865860939026,1.9048658609390259,1496,0.0,0.0
2000-09-26 00:00:00-04:00,1.904865860939026,1.904865860939026,1.904865860939026,1.9048658609390259,3866,0.0,0.0
2000-09-27 00:00:00-04:00,1.904865860939026,1.904865860939026,1.904865860939026,1.9048658609390259,3700,0.0,0.0
2000-09-28 00:00:00-04:00,1.904865860939026,1.904865860939026,1.904865860939026,1.9048658609390259,5070,0.0,0.0
2000-09-29 00:00:00-04:00,1.9048660596211753,1.9048660596211753,1.4286495447158813,1.4286495447158813,1420,0.0,0.0
2000-10-02 00:00:00-04:00,1.904865860939026,1.904865860939026,1.904865860939026,1.9048658609390259,520,0.0,0.0
2000-10-03 00:00:00-04:00,1.4286495447158813,1.4286495447158813,1.4286495447158813,1.4286495447158813,214,0.0,0.0
2000-10-04 00:00:00-04:00,1.4286493957042694,1.904865860939026,1.4286493957042694,1.9048658609390259,686,0.0,0.0
2000-10-05 00:00:00-04:00,1.4286495447158813,1.9048660596211753,1.4286495447158813,1.4286495447158813,3104,0.0,0.0
2000-10-06 00:00:00-04:00,1.4286493957042694,1.904865860939026,1.4286493957042694,1.9048658609390259,4844,0.0,0.0
2000-10-09 00:00:00-04:00,1.904865860939026,1.904865860939026,1.904865860939026,1.9048658609390259,1218,0.0,0.0
2000-10-10 00:00:00-04:00,1.9048660596211753,1.9048660596211753,1.4286495447158813,1.4286495447158813,1672,0.0,0.0
2000-10-11 00:00:00-04:00,1.9048660596211753,1.9048660596211753,1.4286495447158813,1.4286495447158813,7710,0.0,0.0
2000-10-12 00:00:00-04:00,1.9048660596211753,1.9048660596211753,1.4286495447158813,1.4286495447158813,2262,0.0,0.0
2000-10-13 00:00:00-04:00,1.4286495447158813,1.4286495447158813,1.4286495447158813,1.4286495447158813,5748,0.0,0.0
2000-10-16 00:00:00-04:00,1.4286495447158813,1.4286495447158813,0.9524330298105876,1.4286495447158813,13846,0.0,0.0
2000-10-17 00:00:00-04:00,1.4286495447158813,1.4286495447158813,0.9524330298105876,1.4286495447158813,5436,0.0,0.0
2000-10-18 00:00:00-04:00,1.4286495447158813,1.4286495447158813,1.4286495447158813,1.4286495447158813,406,0.0,0.0
2000-10-19 00:00:00-04:00,1.4286495447158813,1.4286495447158813,0.4762165149052938,1.4286495447158813,6756,0.0,0.0
2000-10-20 00:00:00-04:00,1.4286495447158813,1.4286495447158813,1.4286495447158813,1.4286495447158813,342,0.0,0.0
2000-10-23 00:00:00-04:00,1.4286493957042694,1.4286493957042694,0.952432930469513,0.9524329304695129,1278,0.0,0.0
2000-10-24 00:00:00-04:00,1.4286495447158813,1.4286495447158813,0.9524330298105876,1.4286495447158813,4802,0.0,0.0
2000-10-25 00:00:00-04:00,1.4286493957042694,1.904865860939026,0.952432930469513,0.9524329304695129,994,0.0,0.0
2000-10-26 00:00:00-04:00,0.952432930469513,0.952432930469513,0.952432930469513,0.9524329304695129,42,0.0,0.0
2000-10-27 00:00:00-04:00,0.952432930469513,0.952432930469513,0.952432930469513,0.9524329304695129,66,0.0,0.0
2000-10-30 00:00:00-05:00,0.952432930469513,0.952432930469513,0.952432930469513,0.9524329304695129,222,0.0,0.0
2000-10-31 00:00:00-05:00,1.9048660596211753,1.9048660596211753,1.4286495447158813,1.4286495447158813,1014,0.0,0.0
2000-11-01 00:00:00-05:00,1.9048660596211753,1.9048660596211753,1.4286495447158813,1.4286495447158813,462,0.0,0.0
2000-11-02 00:00:00-05:00,1.9048660596211753,1.9048660596211753,1.4286495447158813,1.4286495447158813,100,0.0,0.0
2000-11-03 00:00:00-05:00,1.4286495447158813,1.9048660596211753,1.4286495447158813,1.4286495447158813,302,0.0,0.0
2000-11-06 00:00:00-05:00,1.9048660596211753,1.9048660596211753,1.4286495447158813,1.4286495447158813,2684,0.0,0.0
2000-11-07 00:00:00-05:00,1.4286495447158813,1.9048660596211753,1.4286495447158813,1.4286495447158813,1754,0.0,0.0
2000-11-08 00:00:00-05:00,1.4286495447158813,1.4286495447158813,1.4286495447158813,1.4286495447158813,0,0.0,0.0
2000-11-09 00:00:00-05:00,1.4286495447158813,1.4286495447158813,1.4286495447158813,1.4286495447158813,7196,0.0,0.0
2000-11-10 00:00:00-05:00,1.4286495447158813,1.4286495447158813,1.4286495447158813,1.4286495447158813,2394,0.0,0.0
2000-11-13 00:00:00-05:00,1.4286495447158813,1.4286495447158813,1.4286495447158813,1.4286495447158813,2206,0.0,0.0
2000-11-14 00:00:00-05:00,1.4286495447158813,1.4286495447158813,1.4286495447158813,1.4286495447158813,3844,0.0,0.0
2000-11-15 00:00:00-05:00,1.4286495447158813,1.4286495447158813,1.4286495447158813,1.4286495447158813,244,0.0,0.0
2000-11-16 00:00:00-05:00,1.4286495447158813,1.4286495447158813,1.4286495447158813,1.4286495447158813,560,0.0,0.0
2000-11-17 00:00:00-05:00,1.4286495447158813,1.4286495447158813,1.4286495447158813,1.4286495447158813,108,0.0,0.0
2000-11-20 00:00:00-05:00,1.4286495447158813,1.4286495447158813,1.4286495447158813,1.4286495447158813,232,0.0,0.0
2000-11-21 00:00:00-05:00,1.4286495447158813,1.4286495447158813,1.4286495447158813,1.4286495447158813,478,0.0,0.0
2000-11-22 00:00:00-05:00,1.4286495447158813,1.4286495447158813,1.4286495447158813,1.4286495447158813,318,0.0,0.0
2000-11-24 00:00:00-05:00,1.4286495447158813,1.4286495447158813,1.4286495447158813,1.4286495447158813,20,0.0,0.0
2000-11-27 00:00:00-05:00,1.4286495447158813,1.4286495447158813,1.4286495447158813,1.4286495447158813,2084,0.0,0.0
2000-11-28 00:00:00-05:00,1.4286495447158813,1.4286495447158813,1.4286495447158813,1.4286495447158813,1514,0.0,0.0
2000-11-29 00:00:00-05:00,1.4286495447158813,1.4286495447158813,1.4286495447158813,1.4286495447158813,570,0.0,0.0
2000-11-30 00:00:00-05:00,1.4286495447158813,1.4286495447158813,1.4286495447158813,1.4286495447158813,2480,0.0,0.0
2000-12-01 00:00:00-05:00,1.4286495447158813,1.4286495447158813,0.9524330298105876,1.4286495447158813,2276,0.0,0.0
2000-12-04 00:00:00-05:00,1.4286495447158813,1.4286495447158813,1.4286495447158813,1.4286495447158813,1928,0.0,0.0
2000-12-05 00:00:00-05:00,1.4286495447158813,1.4286495447158813,1.4286495447158813,1.4286495447158813,3478,0.0,0.0
2000-12-06 00:00:00-05:00,1.4286495447158813,1.4286495447158813,1.4286495447158813,1.4286495447158813,1910,0.0,0.0
2000-12-07 00:00:00-05:00,1.4286495447158813,1.4286495447158813,0.9524330298105876,1.4286495447158813,5962,0.0,0.0
2000-12-08 00:00:00-05:00,0.952432930469513,1.4286493957042694,0.952432930469513,0.9524329304695129,1856,0.0,0.0
2000-12-11 00:00:00-05:00,1.4286493957042694,1.4286493957042694,0.952432930469513,0.9524329304695129,2244,0.0,0.0
2000-12-12 00:00:00-05:00,0.9524330298105876,1.4286495447158813,0.9524330298105876,1.4286495447158813,1076,0.0,0.0
2000-12-13 00:00:00-05:00,0.952432930469513,1.4286493957042694,0.952432930469513,0.9524329304695129,2656,0.0,0.0
2000-12-14 00:00:00-05:00,0.952432930469513,1.4286493957042694,0.952432930469513,0.9524329304695129,1158,0.0,0.0
2000-12-15 00:00:00-05:00,0.952432930469513,1.4286493957042694,0.952432930469513,0.9524329304695129,5104,0.0,0.0
2000-12-18 00:00:00-05:00,0.952432930469513,1.4286493957042694,0.952432930469513,0.9524329304695129,7068,0.0,0.0
2000-12-19 00:00:00-05:00,0.952432930469513,0.952432930469513,0.952432930469513,0.9524329304695129,1964,0.0,0.0
2000-12-20 00:00:00-05:00,0.952432930469513,0.952432930469513,0.952432930469513,0.9524329304695129,1632,0.0,0.0
2000-12-21 00:00:00-05:00,0.952432930469513,0.952432930469513,0.952432930469513,0.9524329304695129,336,0.0,0.0
2000-12-22 00:00:00-05:00,0.952432930469513,0.952432930469513,0.952432930469513,0.9524329304695129,1590,0.0,0.0
2000-12-26 00:00:00-05:00,0.952432930469513,0.952432930469513,0.952432930469513,0.9524329304695129,4284,0.0,0.0
2000-12-27 00:00:00-05:00,0.952432930469513,0.952432930469513,0.952432930469513,0.9524329304695129,988,0.0,0.0
2000-12-28 00:00:00-05:00,0.952432930469513,0.952432930469513,0.952432930469513,0.9524329304695129,29780,0.0,0.0
2000-12-29 00:00:00-05:00,0.952432930469513,0.952432930469513,0.952432930469513,0.9524329304695129,10654,0.0,0.0
2001-01-02 00:00:00-05:00,0.952432930469513,0.952432930469513,0.952432930469513,0.9524329304695129,1220,0.0,0.0
2001-01-03 00:00:00-05:00,0.952432930469513,0.952432930469513,0.952432930469513,0.9524329304695129,7920,0.0,0.0
2001-01-04 00:00:00-05:00,0.952432930469513,0.952432930469513,0.952432930469513,0.9524329304695129,148,0.0,0.0
2001-01-05 00:00:00-05:00,0.952432930469513,0.952432930469513,0.952432930469513,0.9524329304695129,16800,0.0,0.0
2001-01-08 00:00:00-05:00,0.952432930469513,0.952432930469513,0.952432930469513,0.9524329304695129,606,0.0,0.0
2001-01-09 00:00:00-05:00,0.952432930469513,0.952432930469513,0.952432930469513,0.9524329304695129,1084,0.0,0.0
2001-01-10 00:00:00-05:00,0.952432930469513,0.952432930469513,0.952432930469513,0.9524329304695129,4342,0.0,0.0
2001-01-11 00:00:00-05:00,0.952432930469513,0.952432930469513,0.952432930469513,0.9524329304695129,250,0.0,0.0
2001-01-12 00:00:00-05:00,0.952432930469513,0.952432930469513,0.952432930469513,0.9524329304695129,104,0.0,0.0
2001-01-16 00:00:00-05:00,0.952432930469513,0.952432930469513,0.952432930469513,0.9524329304695129,274,0.0,0.0
2001-01-17 00:00:00-05:00,0.952432930469513,0.952432930469513,0.952432930469513,0.9524329304695129,7028,0.0,0.0
2001-01-18 00:00:00-05:00,0.952432930469513,0.952432930469513,0.952432930469513,0.9524329304695129,52,0.0,0.0
2001-01-19 00:00:00-05:00,0.952432930469513,0.952432930469513,0.952432930469513,0.9524329304695129,5530,0.0,0.0
2001-01-22 00:00:00-05:00,0.952432930469513,0.952432930469513,0.952432930469513,0.9524329304695129,102,0.0,0.0
2001-01-23 00:00:00-05:00,1.4286495447158813,1.4286495447158813,0.9524330298105876,1.4286495447158813,612,0.0,0.0
2001-01-24 00:00:00-05:00,1.4286495447158813,1.4286495447158813,1.4286495447158813,1.4286495447158813,3596,0.0,0.0
2001-01-25 00:00:00-05:00,1.4286495447158813,1.4286495447158813,1.4286495447158813,1.4286495447158813,1182,0.0,0.0
2001-01-26 00:00:00-05:00,1.4286495447158813,1.4286495447158813,1.4286495447158813,1.4286495447158813,126,0.0,0.0
2001-01-29 00:00:00-05:00,1.4286495447158813,1.4286495447158813,1.4286495447158813,1.4286495447158813,1400,0.0,0.0
2001-01-30 00:00:00-05:00,1.4286495447158813,1.4286495447158813,1.4286495447158813,1.4286495447158813,1560,0.0,0.0
2001-01-31 00:00:00-05:00,1.4286495447158813,1.4286495447158813,1.4286495447158813,1.4286495447158813,2384,0.0,0.0
2001-02-01 00:00:00-05:00,1.4286495447158813,1.4286495447158813,1.4286495447158813,1.4286495447158813,2294,0.0,0.0
2001-02-02 00:00:00-05:00,1.4286495447158813,1.4286495447158813,1.4286495447158813,1.4286495447158813,2464,0.0,0.0
2001-02-05 00:00:00-05:00,1.4286495447158813,1.4286495447158813,1.4286495447158813,1.4286495447158813,240,0.0,0.0
2001-02-06 00:00:00-05:00,1.4286495447158813,1.4286495447158813,1.4286495447158813,1.4286495447158813,1050,0.0,0.0
2001-02-07 00:00:00-05:00,1.4286495447158813,1.4286495447158813,1.4286495447158813,1.4286495447158813,4208,0.0,0.0
2001-02-08 00:00:00-05:00,1.4286493957042694,1.4286493957042694,0.952432930469513,0.9524329304695129,2560,0.0,0.0
2001-02-09 00:00:00-05:00,0.952432930469513,0.952432930469513,0.952432930469513,0.9524329304695129,1212,0.0,0.0
2001-02-12 00:00:00-05:00,0.952432930469513,0.952432930469513,0.952432930469513,0.9524329304695129,14,0.0,0.0
2001-02-13 00:00:00-05:00,0.952432930469513,0.952432930469513,0.952432930469513,0.9524329304695129,560,0.0,0.0
2001-02-14 00:00:00-05:00,0.952432930469513,0.952432930469513,0.952432930469513,0.9524329304695129,1276,0.0,0.0
2001-02-15 00:00:00-05:00,0.952432930469513,0.952432930469513,0.952432930469513,0.9524329304695129,620,0.0,0.0
2001-02-16 00:00:00-05:00,0.952432930469513,0.952432930469513,0.952432930469513,0.9524329304695129,60,0.0,0.0
2001-02-20 00:00:00-05:00,0.952432930469513,0.952432930469513,0.952432930469513,0.9524329304695129,0,0.0,0.0
2001-02-21 00:00:00-05:00,0.952432930469513,0.952432930469513,0.952432930469513,0.9524329304695129,228,0.0,0.0
2001-02-22 00:00:00-05:00,0.952432930469513,0.952432930469513,0.952432930469513,0.9524329304695129,340,0.0,0.0
2001-02-23 00:00:00-05:00,0.952432930469513,0.952432930469513,0.952432930469513,0.9524329304695129,2124,0.0,0.0
2001-02-26 00:00:00-05:00,1.4286495447158813,1.4286495447158813,1.4286495447158813,1.4286495447158813,14786,0.0,0.0
2001-02-27 00:00:00-05:00,1.4286495447158813,1.4286495447158813,1.4286495447158813,1.4286495447158813,6720,0.0,0.0
2001-02-28 00:00:00-05:00,1.4286495447158813,1.4286495447158813,1.4286495447158813,1.4286495447158813,1072,0.0,0.0
2001-03-01 00:00:00-05:00,1.4286495447158813,1.4286495447158813,1.4286495447158813,1.4286495447158813,3644,0.0,0.0
2001-03-02 00:00:00-05:00,1.4286495447158813,1.4286495447158813,1.4286495447158813,1.4286495447158813,0,0.0,0.0
2001-03-05 00:00:00-05:00,1.4286495447158813,1.4286495447158813,1.4286495447158813,1.4286495447158813,1702,0.0,0.0
2001-03-06 00:00:00-05:00,1.4286495447158813,1.4286495447158813,1.4286495447158813,1.4286495447158813,3060,0.0,0.0
2001-03-07 00:00:00-05:00,1.4286495447158813,1.4286495447158813,0.9524330298105876,1.4286495447158813,3900,0.0,0.0
2001-03-08 00:00:00-05:00,0.9524330298105876,1.4286495447158813,0.9524330298105876,1.4286495447158813,30,0.0,0.0
2001-03-09 00:00:00-05:00,1.4286493957042694,1.4286493957042694,0.952432930469513,0.9524329304695129,3140,0.0,0.0
2001-03-12 00:00:00-05:00,1.4286495447158813,1.4286495447158813,0.9524330298105876,1.4286495447158813,8900,0.0,0.0
2001-03-13 00:00:00-05:00,1.4286495447158813,1.4286495447158813,0.9524330298105876,1.4286495447158813,7410,0.0,0.0
2001-03-14 00:00:00-05:00,1.4286493957042694,1.4286493957042694,0.952432930469513,0.9524329304695129,2542,0.0,0.0
2001-03-15 00:00:00-05:00,0.952432930469513,1.4286493957042694,0.952432930469513,0.9524329304695129,342,0.0,0.0
2001-03-16 00:00:00-05:00,0.952432930469513,0.952432930469513,0.952432930469513,0.9524329304695129,282,0.0,0.0
2001-03-19 00:00:00-05:00,0.952432930469513,0.952432930469513,0.952432930469513,0.9524329304695129,294,0.0,0.0
2001-03-20 00:00:00-05:00,0.9524330298105876,1.4286495447158813,0.9524330298105876,1.4286495447158813,1548,0.0,0.0
2001-03-21 00:00:00-05:00,1.4286495447158813,1.4286495447158813,1.4286495447158813,1.4286495447158813,0,0.0,0.0
2001-03-22 00:00:00-05:00,0.9524330298105876,1.4286495447158813,0.9524330298105876,1.4286495447158813,848,0.0,0.0
2001-03-23 00:00:00-05:00,1.4286495447158813,1.4286495447158813,1.4286495447158813,1.4286495447158813,20,0.0,0.0
2001-03-26 00:00:00-05:00,0.952432930469513,1.4286493957042694,0.952432930469513,0.9524329304695129,76,0.0,0.0
2001-03-27 00:00:00-05:00,0.9524330298105876,1.4286495447158813,0.9524330298105876,1.4286495447158813,420,0.0,0.0
2001-03-28 00:00:00-05:00,0.952432930469513,1.4286493957042694,0.952432930469513,0.9524329304695129,360,0.0,0.0
2001-03-29 00:00:00-05:00,0.952432930469513,1.4286493957042694,0.952432930469513,0.9524329304695129,1280,0.0,0.0
2001-03-30 00:00:00-05:00,0.952432930469513,0.952432930469513,0.952432930469513,0.9524329304695129,888,0.0,0.0
2001-04-02 00:00:00-04:00,0.952432930469513,0.952432930469513,0.952432930469513,0.9524329304695129,1384,0.0,0.0
2001-04-03 00:00:00-04:00,0.952432930469513,0.952432930469513,0.952432930469513,0.9524329304695129,100,0.0,0.0
2001-04-04 00:00:00-04:00,0.952432930469513,0.952432930469513,0.952432930469513,0.9524329304695129,1044,0.0,0.0
2001-04-05 00:00:00-04:00,0.952432930469513,0.952432930469513,0.952432930469513,0.9524329304695129,374,0.0,0.0
2001-04-06 00:00:00-04:00,0.952432930469513,0.952432930469513,0.952432930469513,0.9524329304695129,220,0.0,0.0
2001-04-09 00:00:00-04:00,1.2191141843795776,1.2191141843795776,0.9143356382846832,1.2191141843795776,222,0.0,0.0
2001-04-10 00:00:00-04:00,0.9143357872962952,1.2191143830617268,0.9143357872962952,0.9143357872962952,40,0.0,0.0
2001-04-11 00:00:00-04:00,0.9143356382846832,1.2191141843795776,0.9143356382846832,1.2191141843795776,228,0.0,0.0
2001-04-12 00:00:00-04:00,0.9143357872962952,1.2191143830617268,0.9143357872962952,0.9143357872962952,4298,0.0,0.0
2001-04-16 00:00:00-04:00,0.9143357872962952,1.2191143830617268,0.9143357872962952,0.9143357872962952,500,0.0,0.0
2001-04-17 00:00:00-04:00,0.9143356382846832,1.2191141843795776,0.9143356382846832,1.2191141843795776,384,0.0,0.0
2001-04-18 00:00:00-04:00,0.9143357872962952,0.9143357872962952,0.9143357872962952,0.9143357872962952,242,0.0,0.0
2001-04-19 00:00:00-04:00,0.9143357872962952,1.2191143830617268,0.9143357872962952,0.9143357872962952,1722,0.0,0.0
2001-04-20 00:00:00-04:00,0.9143357872962952,0.9143357872962952,0.9143357872962952,0.9143357872962952,6,0.0,0.0
2001-04-23 00:00:00-04:00,0.9143357872962952,0.9143357872962952,0.9143357872962952,0.9143357872962952,1140,0.0,0.0
2001-04-24 00:00:00-04:00,1.2191141843795776,1.2191141843795776,0.9143356382846832,1.2191141843795776,916,0.0,0.0
2001-04-25 00:00:00-04:00,1.2191141843795776,1.2191141843795776,1.2191141843795776,1.2191141843795776,0,0.0,0.0
2001-04-26 00:00:00-04:00,0.9143357872962952,0.9143357872962952,0.9143357872962952,0.9143357872962952,258,0.0,0.0
2001-04-27 00:00:00-04:00,0.9143357872962952,0.9143357872962952,0.9143357872962952,0.9143357872962952,120,0.0,0.0
2001-04-30 00:00:00-04:00,0.9143357872962952,1.2191143830617268,0.9143357872962952,0.9143357872962952,602,0.0,0.0
2001-05-01 00:00:00-04:00,0.9143356382846832,1.2191141843795776,0.9143356382846832,1.2191141843795776,50,0.0,0.0
2001-05-02 00:00:00-04:00,0.9143357872962952,0.9143357872962952,0.9143357872962952,0.9143357872962952,180,0.0,0.0
2001-05-03 00:00:00-04:00,1.2191143830617268,1.2191143830617268,0.9143357872962952,0.9143357872962952,218,0.0,0.0
2001-05-04 00:00:00-04:00,1.2191141843795776,1.2191141843795776,1.2191141843795776,1.2191141843795776,900,0.0,0.0
2001-05-07 00:00:00-04:00,1.2191141843795776,1.2191141843795776,0.9143356382846832,1.2191141843795776,724,0.0,0.0
2001-05-08 00:00:00-04:00,0.9143356382846832,1.2191141843795776,0.9143356382846832,1.2191141843795776,252,0.0,0.0
2001-05-09 00:00:00-04:00,0.9143356382846832,1.2191141843795776,0.9143356382846832,1.2191141843795776,2080,0.0,0.0
2001-05-10 00:00:00-04:00,1.2191141843795776,1.2191141843795776,1.2191141843795776,1.2191141843795776,2182,0.0,0.0
2001-05-11 00:00:00-04:00,1.219113826751709,1.5238922834396362,1.219113826751709,1.5238922834396362,8560,0.0,0.0
2001-05-14 00:00:00-04:00,1.5238922834396362,1.5238922834396362,1.219113826751709,1.5238922834396362,2912,0.0,0.0
2001-05-15 00:00:00-04:00,1.2191141843795776,1.2191141843795776,1.2191141843795776,1.2191141843795776,32,0.0,0.0
2001-05-16 00:00:00-04:00,1.2191141843795776,1.523892730474472,1.2191141843795776,1.2191141843795776,12290,0.0,0.0
2001-05-17 00:00:00-04:00,1.2191141843795776,1.2191141843795776,0.9143356382846832,1.2191141843795776,10110,0.0,0.0
2001-05-18 00:00:00-04:00,1.2191141843795776,1.523892730474472,0.6095570921897888,1.2191141843795776,47386,0.0,0.0
2001-05-21 00:00:00-04:00,1.219113826751709,1.5238922834396362,1.219113826751709,1.5238922834396362,26758,0.0,0.0
2001-05-22 00:00:00-04:00,1.523892730474472,1.523892730474472,1.2191141843795776,1.2191141843795776,16038,0.0,0.0
2001-05-23 00:00:00-04:00,1.2191141843795776,1.2191141843795776,1.2191141843795776,1.2191141843795776,420,0.0,0.0
2001-05-24 00:00:00-04:00,1.2191141843795776,1.2191141843795776,1.2191141843795776,1.2191141843795776,3056,0.0,0.0
2001-05-25 00:00:00-04:00,1.2191141843795776,1.2191141843795776,0.9143356382846832,1.2191141843795776,57860,0.0,0.0
2001-05-29 00:00:00-04:00,1.2191141843795776,1.2191141843795776,1.2191141843795776,1.2191141843795776,2974,0.0,0.0
2001-05-30 00:00:00-04:00,1.2191141843795776,1.2191141843795776,1.2191141843795776,1.2191141843795776,2100,0.0,0.0
2001-05-31 00:00:00-04:00,1.2191141843795776,1.2191141843795776,0.6095570921897888,1.2191141843795776,52686,0.0,0.0
2001-06-01 00:00:00-04:00,1.2191143830617268,1.2191143830617268,0.9143357872962952,0.9143357872962952,100,0.0,0.0
2001-06-04 00:00:00-04:00,1.2191141843795776,1.2191141843795776,0.9143356382846832,1.2191141843795776,3258,0.0,0.0
2001-06-05 00:00:00-04:00,0.9143353700637817,1.5238922834396362,0.9143353700637817,1.5238922834396362,138922,0.0,0.0
2001-06-06 00:00:00-04:00,1.5238922834396362,1.5238922834396362,1.219113826751709,1.5238922834396362,33964,0.0,0.0
2001-06-07 00:00:00-04:00,1.523892730474472,1.523892730474472,1.2191141843795776,1.2191141843795776,4900,0.0,0.0
2001-06-08 00:00:00-04:00,1.5238922834396362,1.5238922834396362,1.5238922834396362,1.5238922834396362,7360,0.0,0.0
2001-06-11 00:00:00-04:00,1.5238922834396362,1.5238922834396362,1.5238922834396362,1.5238922834396362,8518,0.0,0.0
2001-06-12 00:00:00-04:00,1.5238922834396362,1.5238922834396362,1.5238922834396362,1.5238922834396362,22028,0.0,0.0
2001-06-13 00:00:00-04:00,1.5238922834396362,1.5238922834396362,1.219113826751709,1.5238922834396362,10880,0.0,0.0
2001-06-14 00:00:00-04:00,1.5238922834396362,1.5238922834396362,1.219113826751709,1.5238922834396362,71844,0.0,0.0
2001-06-15 00:00:00-04:00,1.5238922834396362,1.5238922834396362,1.219113826751709,1.5238922834396362,10720,0.0,0.0
2001-06-18 00:00:00-04:00,1.5238922834396362,1.5238922834396362,1.219113826751709,1.5238922834396362,6680,0.0,0.0
2001-06-19 00:00:00-04:00,1.5238922834396362,1.5238922834396362,1.5238922834396362,1.5238922834396362,17084,0.0,0.0
2001-06-20 00:00:00-04:00,1.5238929788271585,1.8286715745925903,1.5238929788271585,1.8286715745925903,26372,0.0,0.0
2001-06-21 00:00:00-04:00,1.8286707401275635,1.8286707401275635,1.5238922834396362,1.5238922834396362,51806,0.0,0.0
2001-06-22 00:00:00-04:00,1.5238922834396362,1.5238922834396362,1.5238922834396362,1.5238922834396362,15224,0.0,0.0
2001-06-25 00:00:00-04:00,1.5238922834396362,1.5238922834396362,1.5238922834396362,1.5238922834396362,32670,0.0,0.0
2001-06-26 00:00:00-04:00,1.5238922834396362,1.5238922834396362,1.5238922834396362,1.5238922834396362,33054,0.0,0.0
2001-06-27 00:00:00-04:00,1.523892730474472,1.523892730474472,1.2191141843795776,1.2191141843795776,20518,0.0,0.0
2001-06-28 00:00:00-04:00,1.5238922834396362,1.5238922834396362,1.219113826751709,1.5238922834396362,11540,0.0,0.0
2001-06-29 00:00:00-04:00,1.5238922834396362,1.5238922834396362,1.5238922834396362,1.5238922834396362,18518,0.0,0.0
2001-07-02 00:00:00-04:00,1.5238922834396362,1.5238922834396362,1.5238922834396362,1.5238922834396362,2960,0.0,0.0
2001-07-03 00:00:00-04:00,1.5238922834396362,1.5238922834396362,1.219113826751709,1.5238922834396362,16844,0.0,0.0
2001-07-05 00:00:00-04:00,1.5238922834396362,1.5238922834396362,1.219113826751709,1.5238922834396362,12886,0.0,0.0
2001-07-06 00:00:00-04:00,1.5238922834396362,1.5238922834396362,1.5238922834396362,1.5238922834396362,5172,0.0,0.0
2001-07-09 00:00:00-04:00,1.5238922834396362,1.5238922834396362,1.5238922834396362,1.5238922834396362,0,0.0,0.0
2001-07-10 00:00:00-04:00,1.5238922834396362,1.5238922834396362,1.219113826751709,1.5238922834396362,4440,0.0,0.0
2001-07-11 00:00:00-04:00,1.5238922834396362,1.8286707401275635,1.5238922834396362,1.5238922834396362,12906,0.0,0.0
2001-07-12 00:00:00-04:00,1.5238922834396362,1.8286707401275635,1.5238922834396362,1.5238922834396362,9058,0.0,0.0
2001-07-13 00:00:00-04:00,1.5238922834396362,1.8286707401275635,1.5238922834396362,1.5238922834396362,8314,0.0,0.0
2001-07-16 00:00:00-04:00,1.5238922834396362,1.5238922834396362,1.5238922834396362,1.5238922834396362,1662,0.0,0.0
2001-07-17 00:00:00-04:00,1.5238922834396362,1.5238922834396362,1.5238922834396362,1.5238922834396362,10894,0.0,0.0
2001-07-18 00:00:00-04:00,1.523892730474472,1.523892730474472,1.2191141843795776,1.2191141843795776,6016,0.0,0.0
2001-07-19 00:00:00-04:00,1.5238922834396362,1.5238922834396362,1.219113826751709,1.5238922834396362,8146,0.0,0.0
2001-07-20 00:00:00-04:00,1.523892730474472,1.523892730474472,1.2191141843795776,1.2191141843795776,4510,0.0,0.0
2001-07-23 00:00:00-04:00,1.219113826751709,1.5238922834396362,1.219113826751709,1.5238922834396362,11754,0.0,0.0
2001-07-24 00:00:00-04:00,1.5238922834396362,1.5238922834396362,1.5238922834396362,1.5238922834396362,13360,0.0,0.0
2001-07-25 00:00:00-04:00,1.5238922834396362,1.5238922834396362,1.5238922834396362,1.5238922834396362,332,0.0,0.0
2001-07-26 00:00:00-04:00,1.5238922834396362,1.5238922834396362,1.5238922834396362,1.5238922834396362,108,0.0,0.0
2001-07-27 00:00:00-04:00,1.5238922834396362,1.5238922834396362,1.219113826751709,1.5238922834396362,4998,0.0,0.0
2001-07-30 00:00:00-04:00,1.5238922834396362,1.5238922834396362,1.219113826751709,1.5238922834396362,10390,0.0,0.0
2001-07-31 00:00:00-04:00,1.219113826751709,1.5238922834396362,1.219113826751709,1.5238922834396362,1674,0.0,0.0
2001-08-01 00:00:00-04:00,1.5238922834396362,1.5238922834396362,1.219113826751709,1.5238922834396362,4660,0.0,0.0
2001-08-02 00:00:00-04:00,1.5238922834396362,1.5238922834396362,1.219113826751709,1.5238922834396362,184,0.0,0.0
2001-08-03 00:00:00-04:00,1.2191141843795776,1.523892730474472,1.2191141843795776,1.2191141843795776,13662,0.0,0.0
2001-08-06 00:00:00-04:00,1.219113826751709,1.5238922834396362,1.219113826751709,1.5238922834396362,3692,0.0,0.0
2001-08-07 00:00:00-04:00,1.523892730474472,1.523892730474472,1.2191141843795776,1.2191141843795776,3980,0.0,0.0
2001-08-08 00:00:00-04:00,1.2191141843795776,1.523892730474472,1.2191141843795776,1.2191141843795776,4812,0.0,0.0
2001-08-09 00:00:00-04:00,1.5238922834396362,1.5238922834396362,1.219113826751709,1.5238922834396362,1966,0.0,0.0
2001-08-10 00:00:00-04:00,1.2191141843795776,1.523892730474472,1.2191141843795776,1.2191141843795776,7710,0.0,0.0
2001-08-13 00:00:00-04:00,1.2191141843795776,1.523892730474472,1.2191141843795776,1.2191141843795776,30416,0.0,0.0
2001-08-14 00:00:00-04:00,1.2191141843795776,1.2191141843795776,1.2191141843795776,1.2191141843795776,10264,0.0,0.0
2001-08-15 00:00:00-04:00,1.2191141843795776,1.2191141843795776,1.2191141843795776,1.2191141843795776,6570,0.0,0.0
2001-08-16 00:00:00-04:00,1.219113826751709,1.5238922834396362,1.219113826751709,1.5238922834396362,860,0.0,0.0
2001-08-17 00:00:00-04:00,1.5238922834396362,1.5238922834396362,1.219113826751709,1.5238922834396362,11266,0.0,0.0
2001-08-20 00:00:00-04:00,1.523892730474472,1.523892730474472,1.2191141843795776,1.2191141843795776,3946,0.0,0.0
2001-08-21 00:00:00-04:00,1.523892730474472,1.523892730474472,1.2191141843795776,1.2191141843795776,2214,0.0,0.0
2001-08-22 00:00:00-04:00,1.219113826751709,1.5238922834396362,1.219113826751709,1.5238922834396362,3044,0.0,0.0
2001-08-23 00:00:00-04:00,1.523892730474472,1.523892730474472,1.2191141843795776,1.2191141843795776,304,0.0,0.0
2001-08-24 00:00:00-04:00,1.2191141843795776,1.2191141843795776,1.2191141843795776,1.2191141843795776,12598,0.0,0.0
2001-08-27 00:00:00-04:00,1.2191141843795776,1.2191141843795776,1.2191141843795776,1.2191141843795776,2302,0.0,0.0
2001-08-28 00:00:00-04:00,1.2191141843795776,1.2191141843795776,0.9143356382846832,1.2191141843795776,46414,0.0,0.0
2001-08-29 00:00:00-04:00,0.9143357872962952,0.9143357872962952,0.9143357872962952,0.9143357872962952,5520,0.0,0.0
2001-08-30 00:00:00-04:00,1.2191141843795776,1.2191141843795776,0.9143356382846832,1.2191141843795776,1472,0.0,0.0
2001-08-31 00:00:00-04:00,1.2191141843795776,1.2191141843795776,1.2191141843795776,1.2191141843795776,3546,0.0,0.0
2001-09-04 00:00:00-04:00,1.2191141843795776,1.2191141843795776,1.2191141843795776,1.2191141843795776,66,0.0,0.0
2001-09-05 00:00:00-04:00,1.2191141843795776,1.2191141843795776,0.9143356382846832,1.2191141843795776,4128,0.0,0.0
2001-09-06 00:00:00-04:00,0.9143356382846832,1.2191141843795776,0.9143356382846832,1.2191141843795776,206,0.0,0.0
2001-09-07 00:00:00-04:00,1.2191141843795776,1.2191141843795776,0.9143356382846832,1.2191141843795776,3360,0.0,0.0
2001-09-10 00:00:00-04:00,1.2191141843795776,1.2191141843795776,1.2191141843795776,1.2191141843795776,600,0.0,0.0
2001-09-17 00:00:00-04:00,1.2191143830617268,1.2191143830617268,0.9143357872962952,0.9143357872962952,21668,0.0,0.0
2001-09-18 00:00:00-04:00,1.2191141843795776,1.2191141843795776,0.9143356382846832,1.2191141843795776,1456,0.0,0.0
2001-09-19 00:00:00-04:00,1.2191141843795776,1.523892730474472,1.2191141843795776,1.2191141843795776,3306,0.0,0.0
2001-09-20 00:00:00-04:00,1.5238929788271585,1.5238929788271585,0.9143357872962952,0.9143357872962952,7918,0.0,0.0
2001-09-21 00:00:00-04:00,1.2191141843795776,1.2191141843795776,1.2191141843795776,1.2191141843795776,4238,0.0,0.0
2001-09-24 00:00:00-04:00,1.2191143830617268,1.2191143830617268,0.9143357872962952,0.9143357872962952,6270,0.0,0.0
2001-09-25 00:00:00-04:00,1.2191143830617268,1.2191143830617268,0.9143357872962952,0.9143357872962952,3682,0.0,0.0
2001-09-26 00:00:00-04:00,1.2191141843795776,1.2191141843795776,1.2191141843795776,1.2191141843795776,2786,0.0,0.0
2001-09-27 00:00:00-04:00,0.9143356382846832,1.2191141843795776,0.9143356382846832,1.2191141843795776,1746,0.0,0.0
2001-09-28 00:00:00-04:00,1.2191141843795776,1.2191141843795776,1.2191141843795776,1.2191141843795776,1094,0.0,0.0
2001-10-01 00:00:00-04:00,1.2191141843795776,1.2191141843795776,1.2191141843795776,1.2191141843795776,6292,0.0,0.0
2001-10-02 00:00:00-04:00,1.2191141843795776,1.2191141843795776,1.2191141843795776,1.2191141843795776,3900,0.0,0.0
2001-10-03 00:00:00-04:00,1.2191141843795776,1.2191141843795776,1.2191141843795776,1.2191141843795776,600,0.0,0.0
2001-10-04 00:00:00-04:00,1.2191143830617268,1.2191143830617268,0.9143357872962952,0.9143357872962952,1000,0.0,0.0
2001-10-05 00:00:00-04:00,0.9143356382846832,1.2191141843795776,0.9143356382846832,1.2191141843795776,754,0.0,0.0
2001-10-08 00:00:00-04:00,1.2191141843795776,1.2191141843795776,1.2191141843795776,1.2191141843795776,2572,0.0,0.0
2001-10-09 00:00:00-04:00,1.2191141843795776,1.2191141843795776,1.2191141843795776,1.2191141843795776,4538,0.0,0.0
2001-10-10 00:00:00-04:00,1.2191141843795776,1.2191141843795776,1.2191141843795776,1.2191141843795776,3526,0.0,0.0
2001-10-11 00:00:00-04:00,1.2191141843795776,1.2191141843795776,1.2191141843795776,1.2191141843795776,1004,0.0,0.0
2001-10-12 00:00:00-04:00,1.2191141843795776,1.2191141843795776,1.2191141843795776,1.2191141843795776,3074,0.0,0.0
2001-10-15 00:00:00-04:00,1.2191141843795776,1.523892730474472,1.2191141843795776,1.2191141843795776,332,0.0,0.0
2001-10-16 00:00:00-04:00,1.2191141843795776,1.2191141843795776,0.9143356382846832,1.2191141843795776,4342,0.0,0.0
2001-10-17 00:00:00-04:00,0.9143356382846832,1.2191141843795776,0.9143356382846832,1.2191141843795776,310,0.0,0.0
2001-10-18 00:00:00-04:00,0.9143357872962952,0.9143357872962952,0.9143357872962952,0.9143357872962952,30,0.0,0.0
2001-10-19 00:00:00-04:00,1.2191141843795776,1.2191141843795776,1.2191141843795776,1.2191141843795776,200,0.0,0.0
2001-10-22 00:00:00-04:00,1.2191141843795776,1.2191141843795776,1.2191141843795776,1.2191141843795776,644,0.0,0.0
2001-10-23 00:00:00-04:00,1.2191141843795776,1.2191141843795776,1.2191141843795776,1.2191141843795776,590,0.0,0.0
2001-10-24 00:00:00-04:00,1.2191143830617268,1.2191143830617268,0.9143357872962952,0.9143357872962952,1664,0.0,0.0
2001-10-25 00:00:00-04:00,1.2191141843795776,1.2191141843795776,1.2191141843795776,1.2191141843795776,12568,0.0,0.0
2001-10-26 00:00:00-04:00,1.2191141843795776,1.2191141843795776,1.2191141843795776,1.2191141843795776,2342,0.0,0.0
2001-10-29 00:00:00-05:00,1.2191141843795776,1.2191141843795776,1.2191141843795776,1.2191141843795776,2362,0.0,0.0
2001-10-30 00:00:00-05:00,1.2191141843795776,1.2191141843795776,1.2191141843795776,1.2191141843795776,1490,0.0,0.0
2001-10-31 00:00:00-05:00,1.2191141843795776,1.2191141843795776,1.2191141843795776,1.2191141843795776,744,0.0,0.0
2001-11-01 00:00:00-05:00,1.2191141843795776,1.2191141843795776,1.2191141843795776,1.2191141843795776,2870,0.0,0.0
2001-11-02 00:00:00-05:00,1.2191143830617268,1.2191143830617268,0.9143357872962952,0.9143357872962952,6912,0.0,0.0
2001-11-05 00:00:00-05:00,1.2191141843795776,1.2191141843795776,0.9143356382846832,1.2191141843795776,4114,0.0,0.0
2001-11-06 00:00:00-05:00,1.2191141843795776,1.2191141843795776,1.2191141843795776,1.2191141843795776,1006,0.0,0.0
2001-11-07 00:00:00-05:00,1.2191141843795776,1.2191141843795776,1.2191141843795776,1.2191141843795776,364,0.0,0.0
2001-11-08 00:00:00-05:00,1.2191141843795776,1.2191141843795776,1.2191141843795776,1.2191141843795776,368,0.0,0.0
2001-11-09 00:00:00-05:00,1.2191143830617268,1.2191143830617268,0.9143357872962952,0.9143357872962952,2118,0.0,0.0
2001-11-12 00:00:00-05:00,1.2191143830617268,1.2191143830617268,0.9143357872962952,0.9143357872962952,60,0.0,0.0
2001-11-13 00:00:00-05:00,1.2191143830617268,1.2191143830617268,0.9143357872962952,0.9143357872962952,938,0.0,0.0
2001-11-14 00:00:00-05:00,0.9143356382846832,1.2191141843795776,0.9143356382846832,1.2191141843795776,1412,0.0,0.0
2001-11-15 00:00:00-05:00,0.9143356382846832,1.2191141843795776,0.9143356382846832,1.2191141843795776,2742,0.0,0.0
2001-11-16 00:00:00-05:00,1.2191143830617268,1.2191143830617268,0.9143357872962952,0.9143357872962952,1104,0.0,0.0
2001-11-19 00:00:00-05:00,0.9143357872962952,1.2191143830617268,0.9143357872962952,0.9143357872962952,3600,0.0,0.0
2001-11-20 00:00:00-05:00,0.9143357872962952,1.2191143830617268,0.9143357872962952,0.9143357872962952,1476,0.0,0.0
2001-11-21 00:00:00-05:00,1.2191141843795776,1.2191141843795776,1.2191141843795776,1.2191141843795776,3942,0.0,0.0
2001-11-23 00:00:00-05:00,1.2191143830617268,1.2191143830617268,0.9143357872962952,0.9143357872962952,6220,0.0,0.0
2001-11-26 00:00:00-05:00,0.9143357872962952,1.2191143830617268,0.9143357872962952,0.9143357872962952,13228,0.0,0.0
2001-11-27 00:00:00-05:00,0.9143357872962952,0.9143357872962952,0.9143357872962952,0.9143357872962952,8,0.0,0.0
2001-11-28 00:00:00-05:00,1.2191143830617268,1.2191143830617268,0.9143357872962952,0.9143357872962952,3464,0.0,0.0
2001-11-29 00:00:00-05:00,1.2191141843795776,1.2191141843795776,1.2191141843795776,1.2191141843795776,1554,0.0,0.0
2001-11-30 00:00:00-05:00,1.2191141843795776,1.2191141843795776,1.2191141843795776,1.2191141843795776,306,0.0,0.0
2001-12-03 00:00:00-05:00,1.2191141843795776,1.2191141843795776,1.2191141843795776,1.2191141843795776,2256,0.0,0.0
2001-12-04 00:00:00-05:00,1.2191141843795776,1.2191141843795776,1.2191141843795776,1.2191141843795776,2348,0.0,0.0
2001-12-05 00:00:00-05:00,1.2191141843795776,1.2191141843795776,1.2191141843795776,1.2191141843795776,2330,0.0,0.0
2001-12-06 00:00:00-05:00,1.2191141843795776,1.2191141843795776,1.2191141843795776,1.2191141843795776,1098,0.0,0.0
2001-12-07 00:00:00-05:00,1.2191141843795776,1.2191141843795776,1.2191141843795776,1.2191141843795776,100,0.0,0.0
2001-12-10 00:00:00-05:00,1.2191141843795776,1.2191141843795776,1.2191141843795776,1.2191141843795776,640,0.0,0.0
2001-12-11 00:00:00-05:00,1.2191141843795776,1.2191141843795776,1.2191141843795776,1.2191141843795776,344,0.0,0.0
2001-12-12 00:00:00-05:00,1.2191141843795776,1.2191141843795776,1.2191141843795776,1.2191141843795776,2,0.0,0.0
2001-12-13 00:00:00-05:00,1.2191141843795776,1.2191141843795776,1.2191141843795776,1.2191141843795776,720,0.0,0.0
2001-12-14 00:00:00-05:00,1.2191141843795776,1.2191141843795776,0.9143356382846832,1.2191141843795776,1064,0.0,0.0
2001-12-17 00:00:00-05:00,0.9143356382846832,1.2191141843795776,0.9143356382846832,1.2191141843795776,13186,0.0,0.0
2001-12-18 00:00:00-05:00,1.2191141843795776,1.2191141843795776,1.2191141843795776,1.2191141843795776,2546,0.0,0.0
2001-12-19 00:00:00-05:00,1.2191141843795776,1.2191141843795776,1.2191141843795776,1.2191141843795776,730,0.0,0.0
2001-12-20 00:00:00-05:00,1.2191141843795776,1.2191141843795776,1.2191141843795776,1.2191141843795776,664,0.0,0.0
2001-12-21 00:00:00-05:00,1.2191141843795776,1.2191141843795776,1.2191141843795776,1.2191141843795776,1996,0.0,0.0
2001-12-24 00:00:00-05:00,1.2191141843795776,1.2191141843795776,1.2191141843795776,1.2191141843795776,3484,0.0,0.0
2001-12-26 00:00:00-05:00,1.2191141843795776,1.2191141843795776,1.2191141843795776,1.2191141843795776,664,0.0,0.0
2001-12-27 00:00:00-05:00,1.2191141843795776,1.2191141843795776,1.2191141843795776,1.2191141843795776,390,0.0,0.0
2001-12-28 00:00:00-05:00,1.2191141843795776,1.2191141843795776,1.2191141843795776,1.2191141843795776,6258,0.0,0.0
2001-12-31 00:00:00-05:00,1.2191141843795776,1.2191141843795776,1.2191141843795776,1.2191141843795776,3986,0.0,0.0
2002-01-02 00:00:00-05:00,1.2191141843795776,1.2191141843795776,1.2191141843795776,1.2191141843795776,1600,0.0,0.0
2002-01-03 00:00:00-05:00,1.2191141843795776,1.2191141843795776,1.2191141843795776,1.2191141843795776,240,0.0,0.0
2002-01-04 00:00:00-05:00,1.2191141843795776,1.2191141843795776,1.2191141843795776,1.2191141843795776,1318,0.0,0.0
2002-01-07 00:00:00-05:00,1.2191141843795776,1.2191141843795776,1.2191141843795776,1.2191141843795776,1232,0.0,0.0
2002-01-08 00:00:00-05:00,1.2191141843795776,1.2191141843795776,1.2191141843795776,1.2191141843795776,204,0.0,0.0
2002-01-09 00:00:00-05:00,1.2191141843795776,1.2191141843795776,1.2191141843795776,1.2191141843795776,2038,0.0,0.0
2002-01-10 00:00:00-05:00,1.2191141843795776,1.2191141843795776,0.9143356382846832,1.2191141843795776,810,0.0,0.0
2002-01-11 00:00:00-05:00,1.2191143830617268,1.2191143830617268,0.9143357872962952,0.9143357872962952,542,0.0,0.0
2002-01-14 00:00:00-05:00,1.2191141843795776,1.2191141843795776,0.9143356382846832,1.2191141843795776,698,0.0,0.0
2002-01-15 00:00:00-05:00,1.2191141843795776,1.2191141843795776,0.9143356382846832,1.2191141843795776,610,0.0,0.0
2002-01-16 00:00:00-05:00,1.2191141843795776,1.2191141843795776,0.9143356382846832,1.2191141843795776,4440,0.0,0.0
2002-01-17 00:00:00-05:00,1.2191141843795776,1.2191141843795776,0.9143356382846832,1.2191141843795776,5308,0.0,0.0
2002-01-18 00:00:00-05:00,1.2191141843795776,1.2191141843795776,1.2191141843795776,1.2191141843795776,13664,0.0,0.0
2002-01-22 00:00:00-05:00,1.2191141843795776,1.2191141843795776,1.2191141843795776,1.2191141843795776,23562,0.0,0.0
2002-01-23 00:00:00-05:00,1.2191141843795776,1.2191141843795776,1.2191141843795776,1.2191141843795776,382,0.0,0.0
2002-01-24 00:00:00-05:00,1.2191141843795776,1.2191141843795776,1.2191141843795776,1.2191141843795776,27046,0.0,0.0
2002-01-25 00:00:00-05:00,1.2191141843795776,1.2191141843795776,1.2191141843795776,1.2191141843795776,9746,0.0,0.0
2002-01-28 00:00:00-05:00,1.2191141843795776,1.2191141843795776,1.2191141843795776,1.2191141843795776,510,0.0,0.0
2002-01-29 00:00:00-05:00,1.2191141843795776,1.2191141843795776,1.2191141843795776,1.2191141843795776,6064,0.0,0.0
2002-01-30 00:00:00-05:00,1.2191141843795776,1.2191141843795776,1.2191141843795776,1.2191141843795776,738,0.0,0.0
2002-01-31 00:00:00-05:00,1.2191141843795776,1.2191141843795776,0.9143356382846832,1.2191141843795776,1224,0.0,0.0
2002-02-01 00:00:00-05:00,1.2191141843795776,1.523892730474472,1.2191141843795776,1.2191141843795776,26362,0.0,0.0
2002-02-04 00:00:00-05:00,1.5238922834396362,1.5238922834396362,1.5238922834396362,1.5238922834396362,27126,0.0,0.0
2002-02-05 00:00:00-05:00,1.523892879486084,2.1334500312805176,1.523892879486084,2.1334500312805176,49208,0.0,0.0
2002-02-06 00:00:00-05:00,2.133449822664261,2.7430069148540497,2.133449822664261,2.4382283687591553,80198,0.0,0.0
2002-02-07 00:00:00-05:00,2.4382283687591553,2.4382283687591553,2.133449822664261,2.4382283687591553,16350,0.0,0.0
2002-02-08 00:00:00-05:00,2.4382283687591553,2.7430069148540497,2.4382283687591553,2.4382283687591553,44186,0.0,0.0
2002-02-11 00:00:00-05:00,2.4382283687591553,2.7430069148540497,0.9143356382846832,2.4382283687591553,25070,0.0,0.0
2002-02-12 00:00:00-05:00,2.4382283687591553,2.4382283687591553,2.133449822664261,2.4382283687591553,14962,0.0,0.0
2002-02-13 00:00:00-05:00,2.4382286071777344,2.4382286071777344,2.1334500312805176,2.1334500312805176,6896,0.0,0.0
2002-02-14 00:00:00-05:00,2.133449822664261,2.4382283687591553,2.133449822664261,2.4382283687591553,4570,0.0,0.0
2002-02-15 00:00:00-05:00,2.4382283687591553,2.7430069148540497,2.4382283687591553,2.4382283687591553,16874,0.0,0.0
2002-02-19 00:00:00-05:00,2.4382283687591553,2.4382283687591553,2.133449822664261,2.4382283687591553,7158,0.0,0.0
2002-02-20 00:00:00-05:00,2.4382286071777344,2.4382286071777344,2.1334500312805176,2.1334500312805176,4076,0.0,0.0
2002-02-21 00:00:00-05:00,2.133449822664261,2.4382283687591553,2.133449822664261,2.4382283687591553,3034,0.0,0.0
2002-02-22 00:00:00-05:00,2.4382283687591553,2.4382283687591553,1.8286712765693665,2.4382283687591553,8366,0.0,0.0
2002-02-25 00:00:00-05:00,2.4382287661234536,2.4382287661234536,1.8286715745925903,1.8286715745925903,6096,0.0,0.0
2002-02-26 00:00:00-05:00,1.8286714553833008,2.1334500312805176,1.8286714553833008,2.1334500312805176,15330,0.0,0.0
2002-02-27 00:00:00-05:00,2.133449822664261,2.4382283687591553,2.133449822664261,2.4382283687591553,6320,0.0,0.0
2002-02-28 00:00:00-05:00,2.4382283687591553,2.4382283687591553,2.133449822664261,2.4382283687591553,3986,0.0,0.0
2002-03-01 00:00:00-05:00,2.1334500312805176,2.4382286071777344,2.1334500312805176,2.1334500312805176,5250,0.0,0.0
2002-03-04 00:00:00-05:00,2.4382283687591553,2.4382283687591553,2.133449822664261,2.4382283687591553,10348,0.0,0.0
2002-03-05 00:00:00-05:00,2.4382286071777344,2.4382286071777344,2.1334500312805176,2.1334500312805176,5780,0.0,0.0
2002-03-06 00:00:00-05:00,2.4382286071777344,2.4382286071777344,2.1334500312805176,2.1334500312805176,5060,0.0,0.0
2002-03-07 00:00:00-05:00,2.1334500312805176,2.1334500312805176,2.1334500312805176,2.1334500312805176,2176,0.0,0.0
2002-03-08 00:00:00-05:00,2.133449822664261,2.4382283687591553,2.133449822664261,2.4382283687591553,3302,0.0,0.0
2002-03-11 00:00:00-05:00,2.1334500312805176,2.1334500312805176,2.1334500312805176,2.1334500312805176,8220,0.0,0.0
2002-03-12 00:00:00-05:00,2.1334500312805176,2.1334500312805176,2.1334500312805176,2.1334500312805176,2680,0.0,0.0
2002-03-13 00:00:00-05:00,2.1334500312805176,2.1334500312805176,2.1334500312805176,2.1334500312805176,470,0.0,0.0
2002-03-14 00:00:00-05:00,2.1334500312805176,2.1334500312805176,1.8286714553833008,2.1334500312805176,490,0.0,0.0
2002-03-15 00:00:00-05:00,2.1334500312805176,2.1334500312805176,2.1334500312805176,2.1334500312805176,2384,0.0,0.0
2002-03-18 00:00:00-05:00,2.1334500312805176,2.1334500312805176,2.1334500312805176,2.1334500312805176,520,0.0,0.0
2002-03-19 00:00:00-05:00,2.1334500312805176,2.1334500312805176,2.1334500312805176,2.1334500312805176,1310,0.0,0.0
2002-03-20 00:00:00-05:00,2.1334500312805176,2.1334500312805176,2.1334500312805176,2.1334500312805176,562,0.0,0.0
2002-03-21 00:00:00-05:00,2.133449822664261,2.4382283687591553,2.133449822664261,2.4382283687591553,6068,0.0,0.0
2002-03-22 00:00:00-05:00,2.4382283687591553,2.4382283687591553,2.4382283687591553,2.4382283687591553,7898,0.0,0.0
2002-03-25 00:00:00-05:00,2.743006110191345,3.0477845668792725,2.438227653503418,3.0477845668792725,19088,0.0,0.0
2002-03-26 00:00:00-05:00,3.047785957654317,3.6573431491851807,3.047785957654317,3.6573431491851807,28586,0.0,0.0
2002-03-27 00:00:00-05:00,3.9621210992336273,7.009906560182571,3.9621210992336273,4.8764567375183105,56030,0.0,0.0
2002-03-28 00:00:00-05:00,4.876457722981771,4.876457722981771,3.9621218999226886,4.57167911529541,52106,0.0,0.0
2002-04-01 00:00:00-05:00,4.266899669871611,5.181235313415527,4.266899669871611,5.181235313415527,20458,0.0,0.0
2002-04-02 00:00:00-05:00,4.876457214355469,5.1812357902526855,3.9621214866638184,4.266900062561035,59778,0.0,0.0
2002-04-03 00:00:00-05:00,3.9621214866638184,4.266900062561035,3.9621214866638184,4.266900062561035,27674,0.0,0.0
2002-04-04 00:00:00-05:00,4.266900062561035,4.266900062561035,3.9621214866638184,4.266900062561035,10204,0.0,0.0
2002-04-05 00:00:00-05:00,4.26690050760905,4.57167911529541,4.26690050760905,4.57167911529541,16474,0.0,0.0
2002-04-08 00:00:00-04:00,4.26690050760905,4.57167911529541,4.26690050760905,4.57167911529541,2954,0.0,0.0
2002-04-09 00:00:00-04:00,4.571678638458252,4.571678638458252,3.9621214866638184,4.266900062561035,5646,0.0,0.0
2002-04-10 00:00:00-04:00,3.9621214866638184,4.266900062561035,3.9621214866638184,4.266900062561035,10020,0.0,0.0
2002-04-11 00:00:00-04:00,4.26690050760905,4.57167911529541,4.26690050760905,4.57167911529541,16590,0.0,0.0
2002-04-12 00:00:00-04:00,4.266900062561035,4.571678638458252,4.266900062561035,4.266900062561035,10620,0.0,0.0
2002-04-15 00:00:00-04:00,4.266900062561035,4.266900062561035,4.266900062561035,4.266900062561035,4228,0.0,0.0
2002-04-16 00:00:00-04:00,4.266900062561035,4.571678638458252,4.266900062561035,4.266900062561035,6506,0.0,0.0
2002-04-17 00:00:00-04:00,4.266900062561035,4.571678638458252,4.266900062561035,4.266900062561035,11774,0.0,0.0
2002-04-18 00:00:00-04:00,4.571678191423416,5.181235283613205,4.571678191423416,4.8764567375183105,37460,0.0,0.0
2002-04-19 00:00:00-04:00,4.8764567375183105,4.8764567375183105,4.571678191423416,4.8764567375183105,6160,0.0,0.0
2002-04-22 00:00:00-04:00,4.57167911529541,4.876457722981771,4.26690050760905,4.57167911529541,13566,0.0,0.0
2002-04-23 00:00:00-04:00,4.876457722981771,4.876457722981771,4.57167911529541,4.57167911529541,15372,0.0,0.0
2002-04-24 00:00:00-04:00,4.8764567375183105,4.8764567375183105,4.571678191423416,4.8764567375183105,17680,0.0,0.0
2002-04-25 00:00:00-04:00,4.8764567375183105,5.181235283613205,4.8764567375183105,4.8764567375183105,30094,0.0,0.0
2002-04-26 00:00:00-04:00,4.8764567375183105,4.8764567375183105,4.571678191423416,4.8764567375183105,19956,0.0,0.0
2002-04-29 00:00:00-04:00,4.8764567375183105,4.8764567375183105,4.571678191423416,4.8764567375183105,21606,0.0,0.0
2002-04-30 00:00:00-04:00,4.876457722981771,4.876457722981771,4.57167911529541,4.57167911529541,16534,0.0,0.0
2002-05-01 00:00:00-04:00,4.57167911529541,4.57167911529541,4.57167911529541,4.57167911529541,15990,0.0,0.0
2002-05-02 00:00:00-04:00,4.57167911529541,4.57167911529541,4.57167911529541,4.57167911529541,15260,0.0,0.0
2002-05-03 00:00:00-04:00,4.57167911529541,4.57167911529541,4.57167911529541,4.57167911529541,7208,0.0,0.0
2002-05-06 00:00:00-04:00,4.57167911529541,4.57167911529541,4.57167911529541,4.57167911529541,10346,0.0,0.0
2002-05-07 00:00:00-04:00,4.571678638458252,4.571678638458252,4.266900062561035,4.266900062561035,25620,0.0,0.0
2002-05-08 00:00:00-04:00,4.571678638458252,4.571678638458252,4.266900062561035,4.266900062561035,10326,0.0,0.0
2002-05-09 00:00:00-04:00,3.962121744950612,4.2669003407160435,3.352564553419749,3.6573431491851807,43714,0.0,0.0
2002-05-10 00:00:00-04:00,3.6573423905806104,3.6573423905806104,3.3525638580322266,3.3525638580322266,21734,0.0,0.0
2002-05-13 00:00:00-04:00,3.6573431491851807,3.6573431491851807,3.352564553419749,3.6573431491851807,23390,0.0,0.0
2002-05-14 00:00:00-04:00,3.6573423905806104,3.6573423905806104,3.3525638580322266,3.3525638580322266,11992,0.0,0.0
2002-05-15 00:00:00-04:00,3.352564553419749,3.6573431491851807,3.352564553419749,3.6573431491851807,3384,0.0,0.0
2002-05-16 00:00:00-04:00,3.6573431491851807,3.6573431491851807,3.352564553419749,3.6573431491851807,8316,0.0,0.0
2002-05-17 00:00:00-04:00,3.6573429107666016,4.266900062561035,3.6573429107666016,4.266900062561035,14272,0.0,0.0
2002-05-20 00:00:00-04:00,4.26690117518107,5.486015796661377,4.26690117518107,5.486015796661377,34124,0.0,0.0
2002-05-21 00:00:00-04:00,5.486013861263499,5.486013861263499,4.876456765567555,5.181235313415527,67888,0.0,0.0
2002-05-22 00:00:00-04:00,5.181236216896459,6.095572019878187,5.181236216896459,5.790793418884277,75356,0.0,0.0
2002-05-23 00:00:00-04:00,5.7907925106230245,6.4003496170043945,5.7907925106230245,6.4003496170043945,71050,0.0,0.0
2002-05-24 00:00:00-04:00,6.4003508641169615,8.533801152155949,6.4003508641169615,7.924243927001953,131976,0.0,0.0
2002-05-28 00:00:00-04:00,7.924242973327637,9.44813585281372,7.924242973327637,8.53380012512207,135858,0.0,0.0
2002-05-29 00:00:00-04:00,9.448136989886944,9.448136989886944,7.6194653144249544,7.924243927001953,73280,0.0,0.0
2002-05-30 00:00:00-04:00,7.924243489901224,7.924243489901224,6.705129106839498,7.314686298370361,51946,0.0,0.0
2002-05-31 00:00:00-04:00,7.314686319102412,7.619464915731679,7.0099077224731445,7.0099077224731445,31108,0.0,0.0
2002-06-03 00:00:00-04:00,7.31468490600586,7.619463443756104,7.009906368255615,7.6194634437561035,39706,0.0,0.0
2002-06-04 00:00:00-04:00,7.924243927001952,8.533801152155949,7.6194653144249544,7.924243927001953,49112,0.0,0.0
2002-06-05 00:00:00-04:00,7.924241846257989,7.924241846257989,6.705127716064453,6.705127716064453,31252,0.0,0.0
2002-06-06 00:00:00-04:00,7.0099077224731445,7.314686319102412,6.705129125843877,7.0099077224731445,22160,0.0,0.0
2002-06-07 00:00:00-04:00,7.6194633137096055,7.6194633137096055,6.705127716064453,6.705127716064453,25984,0.0,0.0
2002-06-10 00:00:00-04:00,6.705129221866006,6.705129221866006,5.486014817890369,5.790793418884277,48028,0.0,0.0
2002-06-11 00:00:00-04:00,5.7907925106230245,6.7051281701950805,5.181235404241653,6.4003496170043945,62568,0.0,0.0
2002-06-12 00:00:00-04:00,6.400347590446472,7.009904503822327,6.095569133758545,6.095569133758545,28226,0.0,0.0
2002-06-13 00:00:00-04:00,6.095572019878187,6.095572019878187,5.790793418884277,5.790793418884277,9698,0.0,0.0
2002-06-14 00:00:00-04:00,6.400349183516068,6.705127716064453,6.095570650967685,6.705127716064453,23592,0.0,0.0
2002-06-17 00:00:00-04:00,6.705127716064453,6.705127716064453,6.095570650967685,6.705127716064453,22004,0.0,0.0
2002-06-18 00:00:00-04:00,6.705127716064453,6.705127716064453,6.095570650967685,6.705127716064453,12722,0.0,0.0
2002-06-19 00:00:00-04:00,6.705129106839498,7.314686298370361,6.095571915308634,7.314686298370361,23196,0.0,0.0
2002-06-20 00:00:00-04:00,7.314686701847956,8.229022539578951,7.314686701847956,7.924243927001953,49264,0.0,0.0
2002-06-21 00:00:00-04:00,7.924243927001952,7.924243927001952,7.6194653144249544,7.924243927001953,33706,0.0,0.0
2002-06-24 00:00:00-04:00,7.619464915731679,7.924243512360946,6.705129125843877,7.0099077224731445,41060,0.0,0.0
2002-06-25 00:00:00-04:00,6.705129125843877,7.0099077224731445,6.095571932585343,7.0099077224731445,50154,0.0,0.0
2002-06-26 00:00:00-04:00,7.6194633137096055,7.6194633137096055,6.705127716064453,6.705127716064453,22478,0.0,0.0
2002-06-27 00:00:00-04:00,6.400349183516068,6.705127716064453,6.095570650967685,6.705127716064453,19610,0.0,0.0
2002-06-28 00:00:00-04:00,6.4003496170043945,6.4003496170043945,6.0955710638137095,6.4003496170043945,36046,0.0,0.0
2002-07-01 00:00:00-04:00,6.4003496170043945,6.4003496170043945,5.4860139574323386,6.4003496170043945,28348,0.0,0.0
2002-07-02 00:00:00-04:00,6.4003496170043945,6.7051281701950805,6.4003496170043945,6.4003496170043945,17240,0.0,0.0
2002-07-03 00:00:00-04:00,6.400347590446472,6.400347590446472,6.095569133758545,6.095569133758545,29698,0.0,0.0
2002-07-05 00:00:00-04:00,6.095569133758545,6.095569133758545,5.790790677070618,6.095569133758545,7990,0.0,0.0
2002-07-08 00:00:00-04:00,6.095572019878187,6.095572019878187,5.790793418884277,5.790793418884277,25524,0.0,0.0
2002-07-09 00:00:00-04:00,5.790793335956076,7.0099077224731445,5.790793335956076,7.0099077224731445,33086,0.0,0.0
2002-07-10 00:00:00-04:00,7.0099077224731445,7.0099077224731445,6.705129125843877,7.0099077224731445,21126,0.0,0.0
2002-07-11 00:00:00-04:00,6.705129125843877,7.314686319102412,6.705129125843877,7.0099077224731445,15178,0.0,0.0
2002-07-12 00:00:00-04:00,7.009907702604929,7.314686298370361,6.705129106839498,7.314686298370361,35634,0.0,0.0
2002-07-15 00:00:00-04:00,7.619464894135793,7.924243489901224,7.314686298370361,7.314686298370361,53594,0.0,0.0
2002-07-16 00:00:00-04:00,7.6194633137096055,7.6194633137096055,6.400349183516068,6.705127716064453,33160,0.0,0.0
2002-07-17 00:00:00-04:00,6.705127716064453,6.705127716064453,6.095570650967685,6.705127716064453,13268,0.0,0.0
2002-07-18 00:00:00-04:00,6.705127716064453,6.705127716064453,6.705127716064453,6.705127716064453,5498,0.0,0.0
2002-07-19 00:00:00-04:00,6.705129125843877,7.619464915731679,6.705129125843877,7.0099077224731445,24102,0.0,0.0
2002-07-22 00:00:00-04:00,7.0099077224731445,7.0099077224731445,6.705129125843877,7.0099077224731445,16754,0.0,0.0
2002-07-23 00:00:00-04:00,6.705126047134399,6.705126047134399,5.48601222038269,6.095569133758545,63160,0.0,0.0
2002-07-24 00:00:00-04:00,5.790793418884277,5.790793418884277,5.181236216896459,5.790793418884277,32508,0.0,0.0
2002-07-25 00:00:00-04:00,5.486013829708099,5.790792375802994,4.8764567375183105,4.8764567375183105,20042,0.0,0.0
2002-07-26 00:00:00-04:00,5.181236330668131,5.181236330668131,3.9621218999226886,4.57167911529541,73066,0.0,0.0
2002-07-29 00:00:00-04:00,4.57167911529541,4.57167911529541,4.26690050760905,4.57167911529541,36312,0.0,0.0
2002-07-30 00:00:00-04:00,4.571678217719583,5.181235313415527,4.571678217719583,5.181235313415527,15040,0.0,0.0
2002-07-31 00:00:00-04:00,5.181235313415527,5.486013861263499,4.876456765567555,5.181235313415527,16438,0.0,0.0
2002-08-01 00:00:00-04:00,4.8764567375183105,5.181235283613205,4.266899645328522,4.8764567375183105,26764,0.0,0.0
2002-08-02 00:00:00-04:00,5.181236216896459,5.790793418884277,4.87645761590255,5.790793418884277,17250,0.0,0.0
2002-08-05 00:00:00-04:00,5.7907924091114715,5.7907924091114715,5.181235313415527,5.181235313415527,25760,0.0,0.0
2002-08-06 00:00:00-04:00,5.181235313415527,5.181235313415527,4.876456765567555,5.181235313415527,15718,0.0,0.0
2002-08-07 00:00:00-04:00,5.486015796661377,5.790794452031453,5.1812371412913,5.486015796661377,28170,0.0,0.0
2002-08-08 00:00:00-04:00,5.7907924091114715,5.7907924091114715,5.181235313415527,5.181235313415527,10984,0.0,0.0
2002-08-09 00:00:00-04:00,5.1812371412913,5.486015796661377,5.1812371412913,5.486015796661377,3406,0.0,0.0
2002-08-12 00:00:00-04:00,5.7907924091114715,5.7907924091114715,4.876456765567555,5.181235313415527,24334,0.0,0.0
2002-08-13 00:00:00-04:00,5.181235313415527,5.181235313415527,5.181235313415527,5.181235313415527,5698,0.0,0.0
2002-08-14 00:00:00-04:00,5.181235313415527,5.181235313415527,5.181235313415527,5.181235313415527,8656,0.0,0.0
2002-08-15 00:00:00-04:00,5.181235313415527,5.181235313415527,4.876456765567555,5.181235313415527,4118,0.0,0.0
2002-08-16 00:00:00-04:00,5.181235283613205,5.181235283613205,4.8764567375183105,4.8764567375183105,6848,0.0,0.0
2002-08-19 00:00:00-04:00,5.181235283613205,5.181235283613205,4.571678191423416,4.8764567375183105,21410,0.0,0.0
2002-08-20 00:00:00-04:00,4.8764567375183105,5.181235283613205,4.8764567375183105,4.8764567375183105,10270,0.0,0.0
2002-08-21 00:00:00-04:00,5.181235283613205,5.181235283613205,4.8764567375183105,4.8764567375183105,3334,0.0,0.0
2002-08-22 00:00:00-04:00,4.876456765567555,5.181235313415527,4.266899669871611,5.181235313415527,13382,0.0,0.0
2002-08-23 00:00:00-04:00,5.181235313415527,5.181235313415527,4.876456765567555,5.181235313415527,5124,0.0,0.0
2002-08-26 00:00:00-04:00,5.1812371412913,5.486015796661377,5.1812371412913,5.486015796661377,13446,0.0,0.0
2002-08-27 00:00:00-04:00,5.486014817890369,6.095572019878187,5.486014817890369,5.790793418884277,25004,0.0,0.0
2002-08-28 00:00:00-04:00,6.095572019878187,6.095572019878187,5.790793418884277,5.790793418884277,16558,0.0,0.0
2002-08-29 00:00:00-04:00,5.790790677070618,6.095569133758545,5.790790677070618,6.095569133758545,16106,0.0,0.0
2002-08-30 00:00:00-04:00,6.095572019878187,6.095572019878187,5.790793418884277,5.790793418884277,23092,0.0,0.0
2002-09-03 00:00:00-04:00,5.790793418884277,6.095572019878187,5.486014817890369,5.790793418884277,30408,0.0,0.0
2002-09-04 00:00:00-04:00,5.790794452031453,5.790794452031453,5.1812371412913,5.486015796661377,32114,0.0,0.0
2002-09-05 00:00:00-04:00,5.48601222038269,6.095569133758545,5.48601222038269,6.095569133758545,59698,0.0,0.0
2002-09-06 00:00:00-04:00,6.095572019878187,6.095572019878187,5.790793418884277,5.790793418884277,35732,0.0,0.0
2002-09-09 00:00:00-04:00,5.790793418884277,6.095572019878187,5.486014817890369,5.790793418884277,34644,0.0,0.0
2002-09-10 00:00:00-04:00,5.486015796661377,5.790794452031453,5.1812371412913,5.486015796661377,18280,0.0,0.0
2002-09-11 00:00:00-04:00,5.790794452031453,5.790794452031453,5.1812371412913,5.486015796661377,31964,0.0,0.0
2002-09-12 00:00:00-04:00,5.486014817890369,5.790793418884277,5.181236216896459,5.790793418884277,30614,0.0,0.0
2002-09-13 00:00:00-04:00,5.790793418884277,5.790793418884277,5.486014817890369,5.790793418884277,17776,0.0,0.0
2002-09-16 00:00:00-04:00,5.790793418884277,5.790793418884277,5.790793418884277,5.790793418884277,14106,0.0,0.0
2002-09-17 00:00:00-04:00,5.790793418884277,5.790793418884277,5.486014817890369,5.790793418884277,10236,0.0,0.0
2002-09-18 00:00:00-04:00,5.790794452031453,5.790794452031453,5.486015796661377,5.486015796661377,10460,0.0,0.0
2002-09-19 00:00:00-04:00,5.790794452031453,5.790794452031453,5.486015796661377,5.486015796661377,19964,0.0,0.0
2002-09-20 00:00:00-04:00,5.486015796661377,5.486015796661377,5.486015796661377,5.486015796661377,5906,0.0,0.0
2002-09-23 00:00:00-04:00,5.486015796661377,5.486015796661377,5.486015796661377,5.486015796661377,17106,0.0,0.0
2002-09-24 00:00:00-04:00,5.486015796661377,5.790794452031453,5.486015796661377,5.486015796661377,18794,0.0,0.0
2002-09-25 00:00:00-04:00,5.486013861263499,5.486013861263499,5.181235313415527,5.181235313415527,8478,0.0,0.0
2002-09-26 00:00:00-04:00,5.181235313415527,5.181235313415527,4.876456765567555,5.181235313415527,23908,0.0,0.0
2002-09-27 00:00:00-04:00,5.181235313415527,5.181235313415527,5.181235313415527,5.181235313415527,9504,0.0,0.0
2002-09-30 00:00:00-04:00,5.181235313415527,5.486013861263499,5.181235313415527,5.181235313415527,6276,0.0,0.0
2002-10-01 00:00:00-04:00,5.181235283613205,5.181235283613205,4.8764567375183105,4.8764567375183105,5110,0.0,0.0
2002-10-02 00:00:00-04:00,5.181235313415527,5.181235313415527,4.876456765567555,5.181235313415527,4786,0.0,0.0
2002-10-03 00:00:00-04:00,4.8764567375183105,5.181235283613205,4.8764567375183105,4.8764567375183105,1516,0.0,0.0
2002-10-04 00:00:00-04:00,4.876457722981771,4.876457722981771,4.26690050760905,4.57167911529541,18850,0.0,0.0
2002-10-07 00:00:00-04:00,4.571678191423416,4.8764567375183105,4.571678191423416,4.8764567375183105,7534,0.0,0.0
2002-10-08 00:00:00-04:00,4.57167911529541,4.57167911529541,4.26690050760905,4.57167911529541,7462,0.0,0.0
2002-10-09 00:00:00-04:00,4.571678638458252,4.571678638458252,4.266900062561035,4.266900062561035,8194,0.0,0.0
2002-10-10 00:00:00-04:00,4.266900576077974,4.266900576077974,3.962121963500976,3.9621219635009766,27916,0.0,0.0
2002-10-11 00:00:00-04:00,3.962121963500976,3.962121963500976,3.962121963500976,3.9621219635009766,22538,0.0,0.0
2002-10-14 00:00:00-04:00,4.26690050760905,4.57167911529541,3.9621218999226886,4.57167911529541,14310,0.0,0.0
2002-10-15 00:00:00-04:00,4.571678638458252,4.571678638458252,3.9621214866638184,4.266900062561035,17130,0.0,0.0
2002-10-16 00:00:00-04:00,4.26690050760905,4.876457722981771,4.26690050760905,4.57167911529541,30552,0.0,0.0
2002-10-17 00:00:00-04:00,4.266900062561035,4.266900062561035,3.9621214866638184,4.266900062561035,18478,0.0,0.0
2002-10-18 00:00:00-04:00,3.9621214866638184,4.266900062561035,3.9621214866638184,4.266900062561035,6184,0.0,0.0
2002-10-21 00:00:00-04:00,4.266900576077974,4.266900576077974,3.962121963500976,3.9621219635009766,12060,0.0,0.0
2002-10-22 00:00:00-04:00,4.266900062561035,4.266900062561035,3.9621214866638184,4.266900062561035,2694,0.0,0.0
2002-10-23 00:00:00-04:00,4.266900062561035,4.266900062561035,3.9621214866638184,4.266900062561035,12874,0.0,0.0
2002-10-24 00:00:00-04:00,3.962121963500976,4.266900576077974,3.962121963500976,3.9621219635009766,5154,0.0,0.0
2002-10-25 00:00:00-04:00,3.9621214866638184,4.266900062561035,3.9621214866638184,4.266900062561035,3174,0.0,0.0
2002-10-28 00:00:00-05:00,4.266900062561035,4.266900062561035,4.266900062561035,4.266900062561035,12750,0.0,0.0
2002-10-29 00:00:00-05:00,4.266899645328522,4.8764567375183105,4.266899645328522,4.8764567375183105,26450,0.0,0.0
2002-10-30 00:00:00-05:00,4.8764567375183105,4.8764567375183105,4.571678191423416,4.8764567375183105,10922,0.0,0.0
2002-10-31 00:00:00-05:00,4.876457722981771,4.876457722981771,4.57167911529541,4.57167911529541,6042,0.0,0.0
2002-11-01 00:00:00-05:00,4.571678638458252,4.571678638458252,4.266900062561035,4.266900062561035,26406,0.0,0.0
2002-11-04 00:00:00-05:00,4.57167911529541,4.57167911529541,4.26690050760905,4.57167911529541,2694,0.0,0.0
2002-11-05 00:00:00-05:00,4.57167911529541,4.876457722981771,4.26690050760905,4.57167911529541,7900,0.0,0.0
2002-11-06 00:00:00-05:00,4.876456765567555,5.181235313415527,4.571678217719583,5.181235313415527,13126,0.0,0.0
2002-11-07 00:00:00-05:00,5.181235313415527,5.486013861263499,4.876456765567555,5.181235313415527,29138,0.0,0.0
2002-11-08 00:00:00-05:00,5.181235313415527,5.181235313415527,5.181235313415527,5.181235313415527,15886,0.0,0.0
2002-11-11 00:00:00-05:00,5.181235313415527,5.181235313415527,5.181235313415527,5.181235313415527,17230,0.0,0.0
2002-11-12 00:00:00-05:00,5.181235313415527,5.181235313415527,4.876456765567555,5.181235313415527,12792,0.0,0.0
2002-11-13 00:00:00-05:00,5.181235283613205,5.181235283613205,4.571678191423416,4.8764567375183105,39222,0.0,0.0
2002-11-14 00:00:00-05:00,4.57167911529541,4.57167911529541,4.26690050760905,4.57167911529541,7806,0.0,0.0
2002-11-15 00:00:00-05:00,4.571678191423416,4.8764567375183105,4.266899645328522,4.8764567375183105,7724,0.0,0.0
2002-11-18 00:00:00-05:00,4.876457722981771,4.876457722981771,4.57167911529541,4.57167911529541,10846,0.0,0.0
2002-11-19 00:00:00-05:00,4.57167911529541,4.876457722981771,4.57167911529541,4.57167911529541,9930,0.0,0.0
2002-11-20 00:00:00-05:00,4.876457722981771,4.876457722981771,4.26690050760905,4.57167911529541,13522,0.0,0.0
2002-11-21 00:00:00-05:00,4.8764567375183105,4.8764567375183105,4.266899645328522,4.8764567375183105,7094,0.0,0.0
2002-11-22 00:00:00-05:00,4.8764567375183105,4.8764567375183105,4.266899645328522,4.8764567375183105,5198,0.0,0.0
2002-11-25 00:00:00-05:00,4.8764567375183105,4.8764567375183105,4.571678191423416,4.8764567375183105,7018,0.0,0.0
2002-11-26 00:00:00-05:00,4.876457722981771,4.876457722981771,4.57167911529541,4.57167911529541,12066,0.0,0.0
2002-11-27 00:00:00-05:00,4.57167911529541,4.57167911529541,4.57167911529541,4.57167911529541,7214,0.0,0.0
2002-11-29 00:00:00-05:00,4.57167911529541,4.57167911529541,4.57167911529541,4.57167911529541,3846,0.0,0.0
2002-12-02 00:00:00-05:00,4.57167911529541,4.57167911529541,4.26690050760905,4.57167911529541,13720,0.0,0.0
2002-12-03 00:00:00-05:00,4.26690050760905,4.57167911529541,4.26690050760905,4.57167911529541,13722,0.0,0.0
2002-12-04 00:00:00-05:00,4.57167911529541,4.876457722981771,4.57167911529541,4.57167911529541,13172,0.0,0.0
2002-12-05 00:00:00-05:00,4.8764567375183105,4.8764567375183105,4.571678191423416,4.8764567375183105,19214,0.0,0.0
2002-12-06 00:00:00-05:00,4.8764567375183105,4.8764567375183105,4.8764567375183105,4.8764567375183105,23254,0.0,0.0
2002-12-09 00:00:00-05:00,4.876456765567555,5.181235313415527,4.876456765567555,5.181235313415527,26206,0.0,0.0
2002-12-10 00:00:00-05:00,5.181235283613205,5.181235283613205,4.8764567375183105,4.8764567375183105,20634,0.0,0.0
2002-12-11 00:00:00-05:00,4.876456765567555,5.181235313415527,4.876456765567555,5.181235313415527,18408,0.0,0.0
2002-12-12 00:00:00-05:00,5.181236216896459,5.790793418884277,5.181236216896459,5.790793418884277,100314,0.0,0.0
2002-12-13 00:00:00-05:00,5.790790677070618,6.095569133758545,5.790790677070618,6.095569133758545,79362,0.0,0.0
2002-12-16 00:00:00-05:00,6.0955710638137095,6.4003496170043945,6.0955710638137095,6.4003496170043945,53976,0.0,0.0
2002-12-17 00:00:00-05:00,6.705126047134399,6.705126047134399,6.095569133758545,6.095569133758545,52892,0.0,0.0
2002-12-18 00:00:00-05:00,6.0955710638137095,6.4003496170043945,6.0955710638137095,6.4003496170043945,16120,0.0,0.0
2002-12-19 00:00:00-05:00,6.705126047134399,6.705126047134399,6.095569133758545,6.095569133758545,35766,0.0,0.0
2002-12-20 00:00:00-05:00,5.790790677070618,6.095569133758545,5.790790677070618,6.095569133758545,17010,0.0,0.0
2002-12-23 00:00:00-05:00,5.7907925106230245,6.4003496170043945,5.7907925106230245,6.4003496170043945,16980,0.0,0.0
2002-12-24 00:00:00-05:00,6.4003496170043945,6.4003496170043945,6.0955710638137095,6.4003496170043945,11776,0.0,0.0
2002-12-26 00:00:00-05:00,6.4003508641169615,7.924243927001952,6.4003508641169615,7.924243927001953,124036,0.0,0.0
2002-12-27 00:00:00-05:00,7.924242514151113,9.44813530533402,7.314685397677951,8.229021072387695,140400,0.0,0.0
2002-12-30 00:00:00-05:00,8.229022539578951,8.229022539578951,7.6194653144249544,7.924243927001953,75000,0.0,0.0
2002-12-31 00:00:00-05:00,7.924243927001952,8.229022539578951,7.6194653144249544,7.924243927001953,44128,0.0,0.0
2003-01-02 00:00:00-05:00,8.229022539578951,8.229022539578951,7.6194653144249544,7.924243927001953,49368,0.0,0.0
2003-01-03 00:00:00-05:00,7.619463955914532,8.533799630624276,7.619463955914532,8.229021072387695,103850,0.0,0.0
2003-01-06 00:00:00-05:00,8.53380012512207,8.838578701019287,8.53380012512207,8.53380012512207,112760,0.0,0.0
2003-01-07 00:00:00-05:00,8.838579764732946,8.838579764732946,7.924243927001952,7.924243927001953,56010,0.0,0.0
2003-01-08 00:00:00-05:00,8.229022407531739,9.14335823059082,8.229022407531739,9.14335823059082,66096,0.0,0.0
2003-01-09 00:00:00-05:00,9.143356050763812,11.276805795942034,8.83857751573835,10.667248725891113,81814,0.0,0.0
2003-01-10 00:00:00-05:00,10.362472433792918,11.886365438762464,10.362472433792918,11.581586837768555,114442,0.0,0.0
2003-01-13 00:00:00-05:00,11.581587353268185,11.581587353268185,10.667251509589118,11.276808738708496,69314,0.0,0.0
2003-01-14 00:00:00-05:00,11.276806205511093,11.276806205511093,9.448134928941727,9.752913475036621,75662,0.0,0.0
2003-01-15 00:00:00-05:00,9.14335823059082,9.752915445963541,8.5338010152181,9.14335823059082,59094,0.0,0.0
2003-01-16 00:00:00-05:00,9.448134585789271,10.972027260916573,9.143356050763812,10.667248725891113,51696,0.0,0.0
2003-01-17 00:00:00-05:00,10.667250694767121,10.972029286046181,9.448136329650879,9.448136329650879,56560,0.0,0.0
2003-01-21 00:00:00-05:00,9.448136300751656,10.36247207179214,9.448136300751656,10.057693481445312,34894,0.0,0.0
2003-01-22 00:00:00-05:00,10.667249113321304,10.667249113321304,9.448134928941727,9.752913475036621,59218,0.0,0.0
2003-01-23 00:00:00-05:00,10.057692078983083,10.667249174679027,10.057692078983083,10.362470626831055,46938,0.0,0.0
2003-01-24 00:00:00-05:00,10.362470626831055,10.667249174679027,10.362470626831055,10.362470626831055,42598,0.0,0.0
2003-01-27 00:00:00-05:00,10.667249113321304,10.667249113321304,9.752913475036621,9.752913475036621,63528,0.0,0.0
2003-01-28 00:00:00-05:00,9.448133304201322,9.752911797885236,8.838576316833496,8.838576316833496,42910,0.0,0.0
2003-01-29 00:00:00-05:00,9.143358377309946,9.143358377309946,7.924243927001952,7.924243927001953,52444,0.0,0.0
2003-01-30 00:00:00-05:00,7.924242198467255,9.752913475036621,7.924242198467255,9.752913475036621,43942,0.0,0.0
2003-01-31 00:00:00-05:00,9.44813683827718,9.752915445963541,8.83857962290446,9.14335823059082,20736,0.0,0.0
2003-02-03 00:00:00-05:00,9.752913475036621,9.752913475036621,9.448134928941727,9.752913475036621,19182,0.0,0.0
2003-02-04 00:00:00-05:00,10.667248725891113,10.972027260916573,10.057691655840193,10.667248725891113,47356,0.0,0.0
2003-02-05 00:00:00-05:00,10.667250694767121,10.667250694767121,8.838579147092757,9.448136329650879,41778,0.0,0.0
2003-02-06 00:00:00-05:00,9.448136329650879,9.752914920929939,8.838579147092757,9.448136329650879,18842,0.0,0.0
2003-02-07 00:00:00-05:00,9.44813683827718,9.44813683827718,8.83857962290446,9.14335823059082,25390,0.0,0.0
2003-02-10 00:00:00-05:00,8.838578188860858,9.143356747097439,7.924242514151113,8.229021072387695,28190,0.0,0.0
2003-02-11 00:00:00-05:00,7.924242973327637,8.838578701019287,7.61946439743042,8.53380012512207,44310,0.0,0.0
2003-02-12 00:00:00-05:00,8.229022539578951,8.533801152155949,7.6194653144249544,7.924243927001953,32924,0.0,0.0
2003-02-13 00:00:00-05:00,7.924242514151113,8.838578188860858,7.924242514151113,8.229021072387695,50458,0.0,0.0
2003-02-14 00:00:00-05:00,8.533799630624276,8.533799630624276,7.924242514151113,8.229021072387695,10484,0.0,0.0
2003-02-18 00:00:00-05:00,7.9242419815063485,8.229020519256592,7.619463443756104,7.6194634437561035,22340,0.0,0.0
2003-02-19 00:00:00-05:00,7.619463443756104,7.9242419815063485,7.619463443756104,7.6194634437561035,24182,0.0,0.0
2003-02-20 00:00:00-05:00,7.61946439743042,8.53380012512207,7.61946439743042,8.53380012512207,14542,0.0,0.0
2003-02-21 00:00:00-05:00,8.533801152155949,8.533801152155949,7.6194653144249544,7.924243927001953,17424,0.0,0.0
2003-02-24 00:00:00-05:00,7.924243927001952,8.229022539578951,7.6194653144249544,7.924243927001953,15008,0.0,0.0
2003-02-25 00:00:00-05:00,7.9242419815063485,7.9242419815063485,7.31468490600586,7.6194634437561035,14636,0.0,0.0
2003-02-26 00:00:00-05:00,7.314686298370361,7.619464894135793,7.009907702604929,7.314686298370361,41660,0.0,0.0
2003-02-27 00:00:00-05:00,7.619464915731679,7.619464915731679,6.705129125843877,7.0099077224731445,22102,0.0,0.0
2003-02-28 00:00:00-05:00,7.009906248612837,7.009906248612837,6.705127716064453,6.705127716064453,39344,0.0,0.0
2003-03-03 00:00:00-05:00,6.7051281701950805,6.7051281701950805,6.4003496170043945,6.4003496170043945,29626,0.0,0.0
2003-03-04 00:00:00-05:00,6.705127716064453,6.705127716064453,6.400349183516068,6.705127716064453,28356,0.0,0.0
2003-03-05 00:00:00-05:00,6.400349183516068,7.009906248612837,6.400349183516068,6.705127716064453,16678,0.0,0.0
2003-03-06 00:00:00-05:00,6.705127716064453,6.705127716064453,6.705127716064453,6.705127716064453,24478,0.0,0.0
2003-03-07 00:00:00-05:00,6.705127716064453,6.705127716064453,6.400349183516068,6.705127716064453,40564,0.0,0.0
2003-03-10 00:00:00-05:00,6.7051281701950805,6.7051281701950805,6.4003496170043945,6.4003496170043945,24110,0.0,0.0
2003-03-11 00:00:00-05:00,6.400350620872096,6.400350620872096,5.790793418884277,5.790793418884277,30192,0.0,0.0
2003-03-12 00:00:00-05:00,6.095570650967685,6.705127716064453,5.7907921184193,6.705127716064453,38530,0.0,0.0
2003-03-13 00:00:00-05:00,6.095570650967685,7.009906248612837,5.7907921184193,6.705127716064453,51814,0.0,0.0
2003-03-14 00:00:00-05:00,6.705127716064453,7.009906248612837,6.400349183516068,6.705127716064453,38086,0.0,0.0
2003-03-17 00:00:00-05:00,6.705127716064453,7.314684781161221,6.705127716064453,6.705127716064453,39874,0.0,0.0
2003-03-18 00:00:00-05:00,6.7051281701950805,6.7051281701950805,6.0955710638137095,6.4003496170043945,26890,0.0,0.0
2003-03-19 00:00:00-05:00,6.095569133758545,6.400347590446472,5.790790677070618,6.095569133758545,20150,0.0,0.0
2003-03-20 00:00:00-05:00,6.095572019878187,6.095572019878187,5.790793418884277,5.790793418884277,14694,0.0,0.0
2003-03-21 00:00:00-05:00,5.790793418884277,5.790793418884277,5.486014817890369,5.790793418884277,22770,0.0,0.0
2003-03-24 00:00:00-05:00,6.095569133758545,6.705126047134399,6.095569133758545,6.095569133758545,13986,0.0,0.0
2003-03-25 00:00:00-05:00,6.095572019878187,7.009907822859915,5.790793418884277,5.790793418884277,12478,0.0,0.0
2003-03-26 00:00:00-05:00,6.095572019878187,6.095572019878187,5.790793418884277,5.790793418884277,5086,0.0,0.0
2003-03-27 00:00:00-05:00,6.095572019878187,6.095572019878187,5.790793418884277,5.790793418884277,7544,0.0,0.0
2003-03-28 00:00:00-05:00,5.790790677070618,6.095569133758545,5.790790677070618,6.095569133758545,35742,0.0,0.0
2003-03-31 00:00:00-05:00,6.095569133758545,6.705126047134399,6.095569133758545,6.095569133758545,40798,0.0,0.0
2003-04-01 00:00:00-05:00,6.095569133758545,6.095569133758545,5.790790677070618,6.095569133758545,18940,0.0,0.0
2003-04-02 00:00:00-05:00,5.790793418884277,5.790793418884277,5.486014817890369,5.790793418884277,24720,0.0,0.0
2003-04-03 00:00:00-05:00,5.486014817890369,5.790793418884277,5.486014817890369,5.790793418884277,35506,0.0,0.0
2003-04-04 00:00:00-05:00,5.790794452031453,5.790794452031453,5.486015796661377,5.486015796661377,28730,0.0,0.0
2003-04-07 00:00:00-04:00,5.181235283613205,5.181235283613205,4.8764567375183105,4.8764567375183105,48262,0.0,0.0
2003-04-08 00:00:00-04:00,4.876456765567555,5.181235313415527,4.876456765567555,5.181235313415527,18990,0.0,0.0
2003-04-09 00:00:00-04:00,5.181236216896459,5.790793418884277,5.181236216896459,5.790793418884277,26394,0.0,0.0
2003-04-10 00:00:00-04:00,5.790793418884277,6.095572019878187,5.790793418884277,5.790793418884277,24078,0.0,0.0
2003-04-11 00:00:00-04:00,5.7907924091114715,5.7907924091114715,5.181235313415527,5.181235313415527,10738,0.0,0.0
2003-04-14 00:00:00-04:00,5.1812371412913,5.790794452031453,5.1812371412913,5.486015796661377,4836,0.0,0.0
2003-04-15 00:00:00-04:00,5.486013861263499,5.486013861263499,5.181235313415527,5.181235313415527,15468,0.0,0.0
2003-04-16 00:00:00-04:00,5.1812371412913,5.790794452031453,5.1812371412913,5.486015796661377,9338,0.0,0.0
2003-04-17 00:00:00-04:00,5.486014817890369,5.790793418884277,5.486014817890369,5.790793418884277,7140,0.0,0.0
2003-04-21 00:00:00-04:00,5.790790677070618,6.095569133758545,5.48601222038269,6.095569133758545,8782,0.0,0.0
2003-04-22 00:00:00-04:00,5.790793418884277,6.095572019878187,5.486014817890369,5.790793418884277,22512,0.0,0.0
2003-04-23 00:00:00-04:00,5.790794452031453,5.790794452031453,5.486015796661377,5.486015796661377,14880,0.0,0.0
2003-04-24 00:00:00-04:00,5.486015796661377,5.486015796661377,5.486015796661377,5.486015796661377,11886,0.0,0.0
2003-04-25 00:00:00-04:00,5.486013861263499,5.486013861263499,5.181235313415527,5.181235313415527,11482,0.0,0.0
2003-04-28 00:00:00-04:00,5.181235313415527,5.181235313415527,4.876456765567555,5.181235313415527,10858,0.0,0.0
2003-04-29 00:00:00-04:00,5.181235313415527,5.181235313415527,4.876456765567555,5.181235313415527,6134,0.0,0.0
2003-04-30 00:00:00-04:00,5.1812371412913,5.486015796661377,5.1812371412913,5.486015796661377,23212,0.0,0.0
2003-05-01 00:00:00-04:00,5.486015796661377,5.486015796661377,5.1812371412913,5.486015796661377,39790,0.0,0.0
2003-05-02 00:00:00-04:00,5.486013861263499,5.486013861263499,5.181235313415527,5.181235313415527,10536,0.0,0.0
2003-05-05 00:00:00-04:00,5.486015796661377,5.486015796661377,5.1812371412913,5.486015796661377,33858,0.0,0.0
2003-05-06 00:00:00-04:00,5.486013861263499,5.486013861263499,5.181235313415527,5.181235313415527,7408,0.0,0.0
2003-05-07 00:00:00-04:00,5.181235313415527,5.486013861263499,5.181235313415527,5.181235313415527,10684,0.0,0.0
2003-05-08 00:00:00-04:00,5.181235313415527,5.181235313415527,5.181235313415527,5.181235313415527,49332,0.0,0.0
2003-05-09 00:00:00-04:00,5.181235313415527,5.181235313415527,5.181235313415527,5.181235313415527,12696,0.0,0.0
2003-05-12 00:00:00-04:00,5.181235313415527,5.486013861263499,5.181235313415527,5.181235313415527,16326,0.0,0.0
2003-05-13 00:00:00-04:00,5.181235313415527,5.181235313415527,4.876456765567555,5.181235313415527,17886,0.0,0.0
2003-05-14 00:00:00-04:00,4.876456765567555,5.181235313415527,4.876456765567555,5.181235313415527,20218,0.0,0.0
2003-05-15 00:00:00-04:00,5.181235313415527,5.181235313415527,4.876456765567555,5.181235313415527,26934,0.0,0.0
2003-05-16 00:00:00-04:00,5.181235313415527,5.181235313415527,4.876456765567555,5.181235313415527,39028,0.0,0.0
2003-05-19 00:00:00-04:00,5.790790677070618,6.095569133758545,5.48601222038269,6.095569133758545,65368,0.0,0.0
2003-05-20 00:00:00-04:00,6.095572019878187,6.400350620872096,5.790793418884277,5.790793418884277,34554,0.0,0.0
2003-05-21 00:00:00-04:00,5.790793418884277,6.095572019878187,5.790793418884277,5.790793418884277,36094,0.0,0.0
2003-05-22 00:00:00-04:00,5.790794452031453,5.790794452031453,5.486015796661377,5.486015796661377,15918,0.0,0.0
2003-05-23 00:00:00-04:00,5.486015796661377,5.790794452031453,5.1812371412913,5.486015796661377,29894,0.0,0.0
2003-05-27 00:00:00-04:00,5.486015796661377,5.486015796661377,5.486015796661377,5.486015796661377,20920,0.0,0.0
2003-05-28 00:00:00-04:00,5.181235313415527,5.181235313415527,4.876456765567555,5.181235313415527,37660,0.0,0.0
2003-05-29 00:00:00-04:00,5.181235313415527,5.486013861263499,5.181235313415527,5.181235313415527,10002,0.0,0.0
2003-05-30 00:00:00-04:00,5.1812371412913,5.486015796661377,5.1812371412913,5.486015796661377,6556,0.0,0.0
2003-06-02 00:00:00-04:00,5.181235313415527,5.181235313415527,5.181235313415527,5.181235313415527,20726,0.0,0.0
2003-06-03 00:00:00-04:00,5.181235313415527,5.181235313415527,5.181235313415527,5.181235313415527,21622,0.0,0.0
2003-06-04 00:00:00-04:00,5.181235313415527,5.181235313415527,5.181235313415527,5.181235313415527,13986,0.0,0.0
2003-06-05 00:00:00-04:00,5.181235313415527,5.181235313415527,5.181235313415527,5.181235313415527,26986,0.0,0.0
2003-06-06 00:00:00-04:00,5.181235313415527,5.181235313415527,4.876456765567555,5.181235313415527,41142,0.0,0.0
2003-06-09 00:00:00-04:00,5.181235313415527,5.181235313415527,5.181235313415527,5.181235313415527,8822,0.0,0.0
2003-06-10 00:00:00-04:00,5.181235283613205,5.181235283613205,4.8764567375183105,4.8764567375183105,15856,0.0,0.0
2003-06-11 00:00:00-04:00,5.181235313415527,5.181235313415527,4.876456765567555,5.181235313415527,19674,0.0,0.0
2003-06-12 00:00:00-04:00,5.181235313415527,5.181235313415527,5.181235313415527,5.181235313415527,8494,0.0,0.0
2003-06-13 00:00:00-04:00,5.181235313415527,5.181235313415527,4.876456765567555,5.181235313415527,34824,0.0,0.0
2003-06-16 00:00:00-04:00,5.181236216896459,6.095572019878187,5.181236216896459,5.790793418884277,21540,0.0,0.0
2003-06-17 00:00:00-04:00,5.7907921184193,6.705127716064453,5.7907921184193,6.705127716064453,57446,0.0,0.0
2003-06-18 00:00:00-04:00,6.0955710638137095,6.7051281701950805,6.0955710638137095,6.4003496170043945,28190,0.0,0.0
2003-06-19 00:00:00-04:00,6.400350511074066,7.314686298370361,6.400350511074066,7.314686298370361,39462,0.0,0.0
2003-06-20 00:00:00-04:00,7.314686319102412,7.619464915731679,6.705129125843877,7.0099077224731445,26972,0.0,0.0
2003-06-23 00:00:00-04:00,7.009904503822327,7.009904503822327,6.095569133758545,6.095569133758545,40042,0.0,0.0
2003-06-24 00:00:00-04:00,6.400347590446472,6.400347590446472,6.095569133758545,6.095569133758545,28080,0.0,0.0
2003-06-25 00:00:00-04:00,6.4003496170043945,6.7051281701950805,6.0955710638137095,6.4003496170043945,26770,0.0,0.0
2003-06-26 00:00:00-04:00,6.400347590446472,6.400347590446472,6.095569133758545,6.095569133758545,18472,0.0,0.0
2003-06-27 00:00:00-04:00,6.095569133758545,6.400347590446472,5.790790677070618,6.095569133758545,17970,0.0,0.0
2003-06-30 00:00:00-04:00,5.790790677070618,6.095569133758545,5.790790677070618,6.095569133758545,37940,0.0,0.0
2003-07-01 00:00:00-04:00,6.095570650967685,6.705127716064453,6.095570650967685,6.705127716064453,53642,0.0,0.0
2003-07-02 00:00:00-04:00,6.705126047134399,6.705126047134399,5.790790677070618,6.095569133758545,33126,0.0,0.0
2003-07-03 00:00:00-04:00,6.400347590446472,6.400347590446472,6.095569133758545,6.095569133758545,7352,0.0,0.0
2003-07-07 00:00:00-04:00,5.790790677070618,6.095569133758545,5.790790677070618,6.095569133758545,17478,0.0,0.0
2003-07-08 00:00:00-04:00,5.790793418884277,6.095572019878187,5.790793418884277,5.790793418884277,27860,0.0,0.0
2003-07-09 00:00:00-04:00,5.790793418884277,6.095572019878187,5.790793418884277,5.790793418884277,11304,0.0,0.0
2003-07-10 00:00:00-04:00,6.095572019878187,6.095572019878187,5.790793418884277,5.790793418884277,24038,0.0,0.0
2003-07-11 00:00:00-04:00,5.790793418884277,6.095572019878187,5.790793418884277,5.790793418884277,32926,0.0,0.0
2003-07-14 00:00:00-04:00,6.0955710638137095,6.4003496170043945,6.0955710638137095,6.4003496170043945,32882,0.0,0.0
2003-07-15 00:00:00-04:00,6.400347590446472,6.400347590446472,6.095569133758545,6.095569133758545,31498,0.0,0.0
2003-07-16 00:00:00-04:00,6.400350620872096,6.400350620872096,5.790793418884277,5.790793418884277,13240,0.0,0.0
2003-07-17 00:00:00-04:00,5.790793418884277,6.095572019878187,5.790793418884277,5.790793418884277,18716,0.0,0.0
2003-07-18 00:00:00-04:00,5.790793418884277,5.790793418884277,5.790793418884277,5.790793418884277,7058,0.0,0.0
2003-07-21 00:00:00-04:00,6.095569133758545,6.095569133758545,5.790790677070618,6.095569133758545,62462,0.0,0.0
2003-07-22 00:00:00-04:00,6.095569133758545,6.095569133758545,6.095569133758545,6.095569133758545,16190,0.0,0.0
2003-07-23 00:00:00-04:00,6.095570650967685,6.705127716064453,6.095570650967685,6.705127716064453,41694,0.0,0.0
2003-07-24 00:00:00-04:00,6.7051281701950805,6.7051281701950805,6.0955710638137095,6.4003496170043945,39860,0.0,0.0
2003-07-25 00:00:00-04:00,6.400349183516068,6.705127716064453,6.400349183516068,6.705127716064453,29778,0.0,0.0
2003-07-28 00:00:00-04:00,6.705127716064453,7.009906248612837,6.400349183516068,6.705127716064453,63856,0.0,0.0
2003-07-29 00:00:00-04:00,6.705127716064453,6.705127716064453,6.400349183516068,6.705127716064453,54120,0.0,0.0
2003-07-30 00:00:00-04:00,6.7051281701950805,6.7051281701950805,6.4003496170043945,6.4003496170043945,17282,0.0,0.0
2003-07-31 00:00:00-04:00,6.4003496170043945,6.4003496170043945,6.4003496170043945,6.4003496170043945,19506,0.0,0.0
2003-08-01 00:00:00-04:00,6.4003496170043945,6.7051281701950805,6.0955710638137095,6.4003496170043945,20160,0.0,0.0
2003-08-04 00:00:00-04:00,6.400349183516068,6.705127716064453,6.400349183516068,6.705127716064453,11974,0.0,0.0
2003-08-05 00:00:00-04:00,6.705127716064453,7.009906248612837,6.400349183516068,6.705127716064453,34680,0.0,0.0
2003-08-06 00:00:00-04:00,6.70512947669396,7.924243927001952,6.70512947669396,7.924243927001953,80620,0.0,0.0
2003-08-07 00:00:00-04:00,7.9242419815063485,8.229020519256592,7.619463443756104,7.6194634437561035,48942,0.0,0.0
2003-08-08 00:00:00-04:00,7.619463955914532,8.533799630624276,7.619463955914532,8.229021072387695,76488,0.0,0.0
2003-08-11 00:00:00-04:00,8.533797823149582,8.838576316833496,7.924240835781754,8.838576316833496,54318,0.0,0.0
2003-08-12 00:00:00-04:00,8.838578701019287,8.838578701019287,8.229021549224854,8.53380012512207,18246,0.0,0.0
2003-08-13 00:00:00-04:00,8.5338010152181,9.14335823059082,8.229022407531739,9.14335823059082,36478,0.0,0.0
2003-08-14 00:00:00-04:00,9.143354810517408,9.143354810517408,8.533797823149582,8.838576316833496,26650,0.0,0.0
2003-08-15 00:00:00-04:00,8.838578701019287,8.838578701019287,8.229021549224854,8.53380012512207,13284,0.0,0.0
2003-08-18 00:00:00-04:00,8.229021549224854,8.53380012512207,8.229021549224854,8.53380012512207,13836,0.0,0.0
2003-08-19 00:00:00-04:00,8.53380012512207,8.838578701019287,7.924242973327637,8.53380012512207,26888,0.0,0.0
2003-08-20 00:00:00-04:00,8.533797823149582,8.838576316833496,8.533797823149582,8.838576316833496,33932,0.0,0.0
2003-08-21 00:00:00-04:00,8.838578188860858,8.838578188860858,8.229021072387695,8.229021072387695,32388,0.0,0.0
2003-08-22 00:00:00-04:00,8.229021549224854,8.53380012512207,7.924242973327637,8.53380012512207,22282,0.0,0.0
2003-08-25 00:00:00-04:00,8.533799630624276,8.533799630624276,8.229021072387695,8.229021072387695,16468,0.0,0.0
2003-08-26 00:00:00-04:00,8.229021549224854,8.53380012512207,8.229021549224854,8.53380012512207,16724,0.0,0.0
2003-08-27 00:00:00-04:00,8.5338010152181,9.14335823059082,8.5338010152181,9.14335823059082,59216,0.0,0.0
2003-08-28 00:00:00-04:00,9.143358377309946,9.143358377309946,7.6194653144249544,7.924243927001953,99202,0.0,0.0
2003-08-29 00:00:00-04:00,8.229022085666656,8.533800681432087,7.314686298370361,7.314686298370361,124270,0.0,0.0
2003-09-02 00:00:00-04:00,7.619463443756104,7.9242419815063485,7.31468490600586,7.6194634437561035,96822,0.0,0.0
2003-09-03 00:00:00-04:00,7.619464915731679,7.619464915731679,7.0099077224731445,7.0099077224731445,39734,0.0,0.0
2003-09-04 00:00:00-04:00,7.314686319102412,7.314686319102412,7.0099077224731445,7.0099077224731445,39304,0.0,0.0
2003-09-05 00:00:00-04:00,7.31468490600586,7.619463443756104,7.009906368255615,7.6194634437561035,46662,0.0,0.0
2003-09-08 00:00:00-04:00,7.619463443756104,7.619463443756104,7.619463443756104,7.6194634437561035,34848,0.0,0.0
2003-09-09 00:00:00-04:00,7.924242514151113,8.229021072387695,7.619463955914532,8.229021072387695,92416,0.0,0.0
2003-09-10 00:00:00-04:00,8.229021072387695,8.229021072387695,7.924242514151113,8.229021072387695,35954,0.0,0.0
2003-09-11 00:00:00-04:00,8.229022539578951,8.229022539578951,7.6194653144249544,7.924243927001953,36574,0.0,0.0
2003-09-12 00:00:00-04:00,7.924243927001952,7.924243927001952,7.6194653144249544,7.924243927001953,26606,0.0,0.0
2003-09-15 00:00:00-04:00,7.619464894135793,7.619464894135793,7.009907702604929,7.314686298370361,24294,0.0,0.0
2003-09-16 00:00:00-04:00,7.314686298370361,7.619464894135793,7.314686298370361,7.314686298370361,19572,0.0,0.0
2003-09-17 00:00:00-04:00,7.31468490600586,7.619463443756104,7.31468490600586,7.6194634437561035,35460,0.0,0.0
2003-09-18 00:00:00-04:00,7.619464894135793,7.619464894135793,7.009907702604929,7.314686298370361,21384,0.0,0.0
2003-09-19 00:00:00-04:00,7.314686298370361,7.619464894135793,7.314686298370361,7.314686298370361,26224,0.0,0.0
2003-09-22 00:00:00-04:00,7.6194653144249544,7.924243927001952,7.6194653144249544,7.924243927001953,20968,0.0,0.0
2003-09-23 00:00:00-04:00,7.6194653144249544,7.924243927001952,7.6194653144249544,7.924243927001953,14914,0.0,0.0
2003-09-24 00:00:00-04:00,7.924242973327637,8.53380012512207,7.924242973327637,8.53380012512207,31602,0.0,0.0
2003-09-25 00:00:00-04:00,8.533801152155949,9.143358377309946,7.6194653144249544,7.924243927001953,70730,0.0,0.0
2003-09-26 00:00:00-04:00,7.9242419815063485,7.9242419815063485,7.31468490600586,7.6194634437561035,21070,0.0,0.0
2003-09-29 00:00:00-04:00,7.31468490600586,7.619463443756104,7.31468490600586,7.6194634437561035,8794,0.0,0.0
2003-09-30 00:00:00-04:00,7.619463443756104,7.619463443756104,7.31468490600586,7.6194634437561035,18320,0.0,0.0
2003-10-01 00:00:00-04:00,7.619463443756104,7.619463443756104,7.619463443756104,7.6194634437561035,11538,0.0,0.0
2003-10-02 00:00:00-04:00,7.619464894135793,7.619464894135793,7.314686298370361,7.314686298370361,15956,0.0,0.0
2003-10-03 00:00:00-04:00,7.314684781161221,7.6194633137096055,6.095570650967685,6.705127716064453,61738,0.0,0.0
2003-10-06 00:00:00-04:00,6.7051281701950805,6.7051281701950805,6.0955710638137095,6.4003496170043945,22598,0.0,0.0
2003-10-07 00:00:00-04:00,6.400349183516068,6.705127716064453,6.400349183516068,6.705127716064453,34814,0.0,0.0
2003-10-08 00:00:00-04:00,6.7051281701950805,6.7051281701950805,6.4003496170043945,6.4003496170043945,12142,0.0,0.0
2003-10-09 00:00:00-04:00,6.705126047134399,6.705126047134399,6.095569133758545,6.095569133758545,39370,0.0,0.0
2003-10-10 00:00:00-04:00,6.0955710638137095,6.4003496170043945,5.7907925106230245,6.4003496170043945,15994,0.0,0.0
2003-10-13 00:00:00-04:00,6.0955710638137095,6.4003496170043945,6.0955710638137095,6.4003496170043945,15486,0.0,0.0
2003-10-14 00:00:00-04:00,6.0955710638137095,7.009906723385766,6.0955710638137095,6.4003496170043945,38308,0.0,0.0
2003-10-15 00:00:00-04:00,6.095569133758545,6.705126047134399,6.095569133758545,6.095569133758545,31970,0.0,0.0
2003-10-16 00:00:00-04:00,6.095569133758545,6.705126047134399,6.095569133758545,6.095569133758545,30442,0.0,0.0
2003-10-17 00:00:00-04:00,6.0955710638137095,6.7051281701950805,6.0955710638137095,6.4003496170043945,14446,0.0,0.0
2003-10-20 00:00:00-04:00,6.4003496170043945,6.7051281701950805,6.0955710638137095,6.4003496170043945,19170,0.0,0.0
2003-10-21 00:00:00-04:00,6.40035052921461,7.0099077224731445,6.40035052921461,7.0099077224731445,50612,0.0,0.0
2003-10-22 00:00:00-04:00,7.009907702604929,7.619464894135793,7.009907702604929,7.314686298370361,48930,0.0,0.0
2003-10-23 00:00:00-04:00,7.619464894135793,7.619464894135793,7.009907702604929,7.314686298370361,11664,0.0,0.0
2003-10-24 00:00:00-04:00,7.31468490600586,7.619463443756104,7.009906368255615,7.6194634437561035,37488,0.0,0.0
2003-10-27 00:00:00-05:00,7.619463443756104,7.619463443756104,7.31468490600586,7.6194634437561035,15690,0.0,0.0
2003-10-28 00:00:00-05:00,7.314686319102412,7.619464915731679,7.0099077224731445,7.0099077224731445,11984,0.0,0.0
2003-10-29 00:00:00-05:00,7.314686298370361,7.314686298370361,7.009907702604929,7.314686298370361,25394,0.0,0.0
2003-10-30 00:00:00-05:00,7.314686319102412,7.619464915731679,7.0099077224731445,7.0099077224731445,20538,0.0,0.0
2003-10-31 00:00:00-05:00,7.009906248612837,7.314684781161221,6.400349183516068,6.705127716064453,33084,0.0,0.0
2003-11-03 00:00:00-05:00,6.705126047134399,6.705126047134399,6.095569133758545,6.095569133758545,52624,0.0,0.0
2003-11-04 00:00:00-05:00,6.0955710638137095,6.4003496170043945,6.0955710638137095,6.4003496170043945,22678,0.0,0.0
2003-11-05 00:00:00-05:00,6.400349183516068,6.705127716064453,6.400349183516068,6.705127716064453,17420,0.0,0.0
2003-11-06 00:00:00-05:00,6.705126047134399,6.705126047134399,6.095569133758545,6.095569133758545,29014,0.0,0.0
2003-11-07 00:00:00-05:00,6.095570650967685,6.705127716064453,6.095570650967685,6.705127716064453,13912,0.0,0.0
2003-11-10 00:00:00-05:00,6.705127716064453,6.705127716064453,6.095570650967685,6.705127716064453,40516,0.0,0.0
2003-11-11 00:00:00-05:00,6.705127716064453,6.705127716064453,6.400349183516068,6.705127716064453,16754,0.0,0.0
2003-11-12 00:00:00-05:00,6.705129125843877,7.0099077224731445,6.40035052921461,7.0099077224731445,102518,0.0,0.0
2003-11-13 00:00:00-05:00,7.0099077224731445,7.314686319102412,7.0099077224731445,7.0099077224731445,35356,0.0,0.0
2003-11-14 00:00:00-05:00,7.31468490600586,7.9242419815063485,7.31468490600586,7.6194634437561035,79060,0.0,0.0
2003-11-17 00:00:00-05:00,7.619463955914532,8.229021072387695,7.619463955914532,8.229021072387695,35442,0.0,0.0
2003-11-18 00:00:00-05:00,8.229019329465668,9.143354810517408,7.924240835781754,8.838576316833496,88972,0.0,0.0
2003-11-19 00:00:00-05:00,9.44813683827718,9.752915445963541,8.83857962290446,9.14335823059082,98094,0.0,0.0
2003-11-20 00:00:00-05:00,9.44813683827718,9.44813683827718,8.83857962290446,9.14335823059082,75610,0.0,0.0
2003-11-21 00:00:00-05:00,8.838578701019287,9.44813585281372,8.53380012512207,8.53380012512207,43664,0.0,0.0
2003-11-24 00:00:00-05:00,8.838579764732946,8.838579764732946,7.924243927001952,7.924243927001953,43136,0.0,0.0
2003-11-25 00:00:00-05:00,7.924242973327637,8.53380012512207,7.924242973327637,8.53380012512207,26736,0.0,0.0
2003-11-26 00:00:00-05:00,8.5338010152181,9.14335823059082,8.5338010152181,9.14335823059082,39550,0.0,0.0
2003-11-28 00:00:00-05:00,9.448136329650879,9.448136329650879,9.143357738371819,9.448136329650879,37648,0.0,0.0
2003-12-01 00:00:00-05:00,9.752913120814732,10.667248725891113,9.752913120814732,10.667248725891113,114350,0.0,0.0
2003-12-02 00:00:00-05:00,10.667248725891113,10.972027260916573,10.362470190865652,10.667248725891113,43664,0.0,0.0
2003-12-03 00:00:00-05:00,10.667249174679027,10.667249174679027,10.057692078983083,10.362470626831055,36472,0.0,0.0
2003-12-04 00:00:00-05:00,10.057692021131516,10.36247056722641,9.448134928941727,9.752913475036621,36936,0.0,0.0
2003-12-05 00:00:00-05:00,9.75291353113511,10.362470626831055,9.448134983287138,10.362470626831055,24158,0.0,0.0
2003-12-08 00:00:00-05:00,10.36247207179214,10.667250662138967,10.057693481445312,10.057693481445312,27244,0.0,0.0
2003-12-09 00:00:00-05:00,10.36247210348806,10.36247210348806,9.143357738371819,9.448136329650879,35020,0.0,0.0
2003-12-10 00:00:00-05:00,9.143357276916504,9.44813585281372,8.229021549224854,8.53380012512207,61682,0.0,0.0
2003-12-11 00:00:00-05:00,7.924242973327637,8.53380012512207,7.924242973327637,8.53380012512207,52204,0.0,0.0
2003-12-12 00:00:00-05:00,9.44813831647237,11.27681024869283,9.44813831647237,10.972031593322754,271590,0.0,0.0
2003-12-15 00:00:00-05:00,11.27681024869283,11.27681024869283,10.667252937952677,10.972031593322754,117524,0.0,0.0
2003-12-16 00:00:00-05:00,10.972029252485795,10.972029252485795,9.752914891098484,10.057693481445312,74260,0.0,0.0
2003-12-17 00:00:00-05:00,9.752914891098484,10.36247207179214,9.752914891098484,10.057693481445312,47734,0.0,0.0
2003-12-18 00:00:00-05:00,10.057693481445312,10.057693481445312,9.448136300751656,10.057693481445312,33192,0.0,0.0
2003-12-19 00:00:00-05:00,10.057692021131516,10.057692021131516,9.752913475036621,9.752913475036621,30820,0.0,0.0
2003-12-22 00:00:00-05:00,9.752913475036621,10.057692021131516,9.752913475036621,9.752913475036621,24496,0.0,0.0
2003-12-23 00:00:00-05:00,9.752913475036621,9.752913475036621,9.143356382846832,9.752913475036621,34800,0.0,0.0
2003-12-24 00:00:00-05:00,9.752913475036621,9.752913475036621,9.752913475036621,9.752913475036621,8916,0.0,0.0
2003-12-26 00:00:00-05:00,10.362470190865652,10.667248725891113,10.057691655840193,10.667248725891113,19378,0.0,0.0
2003-12-29 00:00:00-05:00,10.667249174679027,10.972027722526999,10.362470626831055,10.362470626831055,54988,0.0,0.0
2003-12-30 00:00:00-05:00,10.36247207179214,10.667250662138967,9.752914891098484,10.057693481445312,67390,0.0,0.0
2003-12-31 00:00:00-05:00,10.057692021131516,10.057692021131516,9.448134928941727,9.752913475036621,14084,0.0,0.0
2004-01-02 00:00:00-05:00,10.057691655840193,10.667248725891113,9.752913120814732,10.667248725891113,23146,0.0,0.0
2004-01-05 00:00:00-05:00,10.667248725891113,10.972027260916573,7.924241910661969,10.667248725891113,63440,0.0,0.0
2004-01-06 00:00:00-05:00,10.972030124148807,11.276808738708496,10.972030124148807,11.276808738708496,53530,0.0,0.0
2004-01-07 00:00:00-05:00,11.276806270374971,11.276806270374971,10.057692078983083,10.362470626831055,57646,0.0,0.0
2004-01-08 00:00:00-05:00,10.667249174679027,10.667249174679027,10.057692078983083,10.362470626831055,25776,0.0,0.0
2004-01-09 00:00:00-05:00,10.362470190865652,10.972027260916573,10.057691655840193,10.667248725891113,61598,0.0,0.0
2004-01-12 00:00:00-05:00,10.362470626831055,10.972027722526999,10.362470626831055,10.362470626831055,37668,0.0,0.0
2004-01-13 00:00:00-05:00,10.667248725891113,10.972027260916573,10.362470190865652,10.667248725891113,71032,0.0,0.0
2004-01-14 00:00:00-05:00,10.972029252485795,10.972029252485795,10.057693481445312,10.057693481445312,42202,0.0,0.0
2004-01-15 00:00:00-05:00,10.057693512209,10.057693512209,9.143357738371819,9.448136329650879,86514,0.0,0.0
2004-01-16 00:00:00-05:00,9.14335823059082,9.44813683827718,8.83857962290446,9.14335823059082,33422,0.0,0.0
2004-01-20 00:00:00-05:00,9.14335823059082,9.44813683827718,8.83857962290446,9.14335823059082,47006,0.0,0.0
2004-01-21 00:00:00-05:00,9.14335823059082,9.44813683827718,9.14335823059082,9.14335823059082,16812,0.0,0.0
2004-01-22 00:00:00-05:00,9.143354810517408,9.143354810517408,8.838576316833496,8.838576316833496,42340,0.0,0.0
2004-01-23 00:00:00-05:00,8.838578701019287,8.838578701019287,8.229021549224854,8.53380012512207,56382,0.0,0.0
2004-01-26 00:00:00-05:00,8.533799630624276,8.533799630624276,8.229021072387695,8.229021072387695,36914,0.0,0.0
2004-01-27 00:00:00-05:00,8.229022407531739,9.44813683827718,8.229022407531739,9.14335823059082,38028,0.0,0.0
2004-01-28 00:00:00-05:00,9.143354810517408,9.448133304201322,8.838576316833496,8.838576316833496,40406,0.0,0.0
2004-01-29 00:00:00-05:00,8.838578701019287,9.143357276916504,8.229021549224854,8.53380012512207,13106,0.0,0.0
2004-01-30 00:00:00-05:00,8.533797823149582,8.838576316833496,8.229019329465668,8.838576316833496,12668,0.0,0.0
2004-02-02 00:00:00-05:00,9.143357276916504,9.143357276916504,8.229021549224854,8.53380012512207,16754,0.0,0.0
2004-02-03 00:00:00-05:00,8.53380012512207,9.143357276916504,8.53380012512207,8.53380012512207,15970,0.0,0.0
2004-02-04 00:00:00-05:00,8.838578188860858,8.838578188860858,8.229021072387695,8.229021072387695,12652,0.0,0.0
2004-02-05 00:00:00-05:00,8.533799630624276,8.533799630624276,8.229021072387695,8.229021072387695,13848,0.0,0.0
2004-02-06 00:00:00-05:00,8.229021549224854,8.838578701019287,8.229021549224854,8.53380012512207,16680,0.0,0.0
2004-02-09 00:00:00-05:00,8.533797823149582,9.143354810517408,8.533797823149582,8.838576316833496,16300,0.0,0.0
2004-02-10 00:00:00-05:00,9.143354810517408,9.143354810517408,8.838576316833496,8.838576316833496,19222,0.0,0.0
2004-02-11 00:00:00-05:00,8.838579147092757,9.448136329650879,8.838579147092757,9.448136329650879,27996,0.0,0.0
2004-02-12 00:00:00-05:00,9.448133304201322,9.752911797885236,8.838576316833496,8.838576316833496,39136,0.0,0.0
2004-02-13 00:00:00-05:00,8.838576316833496,9.448133304201322,8.533797823149582,8.838576316833496,17782,0.0,0.0
2004-02-17 00:00:00-05:00,9.14335823059082,9.14335823059082,8.83857962290446,9.14335823059082,23344,0.0,0.0
2004-02-18 00:00:00-05:00,9.143354810517408,9.143354810517408,8.838576316833496,8.838576316833496,11396,0.0,0.0
2004-02-19 00:00:00-05:00,8.838578701019287,8.838578701019287,8.53380012512207,8.53380012512207,11124,0.0,0.0
2004-02-20 00:00:00-05:00,8.53380012512207,8.838578701019287,8.229021549224854,8.53380012512207,22708,0.0,0.0
2004-02-23 00:00:00-05:00,8.533799630624276,8.533799630624276,8.229021072387695,8.229021072387695,26240,0.0,0.0
2004-02-24 00:00:00-05:00,8.229022539578951,8.229022539578951,7.924243927001952,7.924243927001953,21512,0.0,0.0
2004-02-25 00:00:00-05:00,7.924243927001952,8.229022539578951,7.924243927001952,7.924243927001953,12776,0.0,0.0
2004-02-26 00:00:00-05:00,7.924242973327637,8.53380012512207,7.924242973327637,8.53380012512207,23890,0.0,0.0
2004-02-27 00:00:00-05:00,8.533799630624276,8.533799630624276,7.924242514151113,8.229021072387695,6068,0.0,0.0
2004-03-01 00:00:00-05:00,8.229021072387695,8.533799630624276,8.229021072387695,8.229021072387695,17638,0.0,0.0
2004-03-02 00:00:00-05:00,8.229022539578951,8.229022539578951,7.924243927001952,7.924243927001953,11622,0.0,0.0
2004-03-03 00:00:00-05:00,8.229022539578951,8.229022539578951,7.924243927001952,7.924243927001953,9282,0.0,0.0
2004-03-04 00:00:00-05:00,7.924243927001952,7.924243927001952,7.6194653144249544,7.924243927001953,18556,0.0,0.0
2004-03-05 00:00:00-05:00,8.229021072387695,8.229021072387695,7.924242514151113,8.229021072387695,54790,0.0,0.0
2004-03-08 00:00:00-05:00,8.229022539578951,8.533801152155949,7.924243927001952,7.924243927001953,17516,0.0,0.0
2004-03-09 00:00:00-05:00,7.924243927001952,8.838579764732946,7.924243927001952,7.924243927001953,13862,0.0,0.0
2004-03-10 00:00:00-05:00,8.229022539578951,8.229022539578951,7.924243927001952,7.924243927001953,9082,0.0,0.0
2004-03-11 00:00:00-05:00,7.924243927001952,7.924243927001952,7.6194653144249544,7.924243927001953,12906,0.0,0.0
2004-03-12 00:00:00-05:00,7.924243927001952,7.924243927001952,7.6194653144249544,7.924243927001953,14410,0.0,0.0
2004-03-15 00:00:00-05:00,7.9242419815063485,8.533799057006837,7.619463443756104,7.6194634437561035,10228,0.0,0.0
2004-03-16 00:00:00-05:00,7.9242419815063485,8.229020519256592,7.619463443756104,7.6194634437561035,8608,0.0,0.0
2004-03-17 00:00:00-05:00,7.6194653144249544,7.924243927001952,7.6194653144249544,7.924243927001953,14230,0.0,0.0
2004-03-18 00:00:00-05:00,7.924243927001952,8.229022539578951,7.924243927001952,7.924243927001953,31514,0.0,0.0
2004-03-19 00:00:00-05:00,7.9242419815063485,7.9242419815063485,7.619463443756104,7.6194634437561035,22316,0.0,0.0
2004-03-22 00:00:00-05:00,7.619463443756104,8.229020519256592,7.619463443756104,7.6194634437561035,34082,0.0,0.0
2004-03-23 00:00:00-05:00,7.924243927001952,7.924243927001952,7.6194653144249544,7.924243927001953,7702,0.0,0.0
2004-03-24 00:00:00-05:00,7.619463443756104,7.9242419815063485,7.619463443756104,7.6194634437561035,10088,0.0,0.0
2004-03-25 00:00:00-05:00,7.619463443756104,7.9242419815063485,7.619463443756104,7.6194634437561035,12768,0.0,0.0
2004-03-26 00:00:00-05:00,7.6194653144249544,8.229022539578951,7.6194653144249544,7.924243927001953,18012,0.0,0.0
2004-03-29 00:00:00-05:00,7.924243927001952,7.924243927001952,7.6194653144249544,7.924243927001953,29740,0.0,0.0
2004-03-30 00:00:00-05:00,7.924243927001952,7.924243927001952,7.924243927001952,7.924243927001953,21934,0.0,0.0
2004-03-31 00:00:00-05:00,7.924243927001952,8.229022539578951,7.924243927001952,7.924243927001953,31234,0.0,0.0
2004-04-01 00:00:00-05:00,8.229021072387695,8.229021072387695,7.924242514151113,8.229021072387695,29094,0.0,0.0
2004-04-02 00:00:00-05:00,7.924242514151113,8.229021072387695,7.924242514151113,8.229021072387695,14520,0.0,0.0
2004-04-05 00:00:00-04:00,7.924242514151113,8.229021072387695,7.924242514151113,8.229021072387695,16284,0.0,0.0
2004-04-06 00:00:00-04:00,8.229021072387695,8.229021072387695,7.924242514151113,8.229021072387695,26880,0.0,0.0
2004-04-07 00:00:00-04:00,7.924242514151113,8.229021072387695,7.924242514151113,8.229021072387695,7592,0.0,0.0
2004-04-08 00:00:00-04:00,7.924243927001952,8.229022539578951,7.924243927001952,7.924243927001953,12336,0.0,0.0
2004-04-12 00:00:00-04:00,7.924243927001952,7.924243927001952,7.6194653144249544,7.924243927001953,14778,0.0,0.0
2004-04-13 00:00:00-04:00,7.6194633137096055,7.6194633137096055,6.705127716064453,6.705127716064453,44550,0.0,0.0
2004-04-14 00:00:00-04:00,6.705129125843877,7.0099077224731445,6.40035052921461,7.0099077224731445,36450,0.0,0.0
2004-04-15 00:00:00-04:00,7.009907702604929,7.619464894135793,7.009907702604929,7.314686298370361,16716,0.0,0.0
2004-04-16 00:00:00-04:00,7.31468490600586,7.619463443756104,7.31468490600586,7.6194634437561035,8376,0.0,0.0
2004-04-19 00:00:00-04:00,7.619463443756104,7.619463443756104,7.31468490600586,7.6194634437561035,14674,0.0,0.0
2004-04-20 00:00:00-04:00,7.6194633137096055,7.6194633137096055,6.705127716064453,6.705127716064453,24326,0.0,0.0
2004-04-21 00:00:00-04:00,6.7051281701950805,6.7051281701950805,6.4003496170043945,6.4003496170043945,21816,0.0,0.0
2004-04-22 00:00:00-04:00,6.4003496170043945,6.7051281701950805,6.0955710638137095,6.4003496170043945,17940,0.0,0.0
2004-04-23 00:00:00-04:00,6.705129125843877,7.0099077224731445,6.40035052921461,7.0099077224731445,16206,0.0,0.0
2004-04-26 00:00:00-04:00,7.0099077224731445,7.314686319102412,7.0099077224731445,7.0099077224731445,19038,0.0,0.0
2004-04-27 00:00:00-04:00,7.0099077224731445,7.0099077224731445,6.705129125843877,7.0099077224731445,11120,0.0,0.0
2004-04-28 00:00:00-04:00,7.009904503822327,7.009904503822327,6.095569133758545,6.095569133758545,29766,0.0,0.0
2004-04-29 00:00:00-04:00,6.095572019878187,6.095572019878187,5.486014817890369,5.790793418884277,69224,0.0,0.0
2004-04-30 00:00:00-04:00,5.486014817890369,5.790793418884277,5.486014817890369,5.790793418884277,29626,0.0,0.0
2004-05-03 00:00:00-04:00,5.486013861263499,5.7907924091114715,5.181235313415527,5.181235313415527,45444,0.0,0.0
2004-05-04 00:00:00-04:00,5.486015796661377,5.486015796661377,5.1812371412913,5.486015796661377,34798,0.0,0.0
2004-05-05 00:00:00-04:00,5.486015796661377,5.486015796661377,5.1812371412913,5.486015796661377,15160,0.0,0.0
2004-05-06 00:00:00-04:00,5.486013861263499,5.486013861263499,5.181235313415527,5.181235313415527,5478,0.0,0.0
2004-05-07 00:00:00-04:00,5.486013829708099,5.486013829708099,4.571678191423416,4.8764567375183105,51758,0.0,0.0
2004-05-10 00:00:00-04:00,4.876456765567555,5.181235313415527,4.571678217719583,5.181235313415527,21964,0.0,0.0
2004-05-11 00:00:00-04:00,5.181235313415527,5.181235313415527,5.181235313415527,5.181235313415527,14674,0.0,0.0
2004-05-12 00:00:00-04:00,5.181235313415527,5.486013861263499,5.181235313415527,5.181235313415527,10078,0.0,0.0
2004-05-13 00:00:00-04:00,5.181235313415527,5.181235313415527,4.876456765567555,5.181235313415527,4072,0.0,0.0
2004-05-14 00:00:00-04:00,5.181235283613205,5.181235283613205,4.8764567375183105,4.8764567375183105,7752,0.0,0.0
2004-05-17 00:00:00-04:00,4.876456765567555,5.181235313415527,4.876456765567555,5.181235313415527,9228,0.0,0.0
2004-05-18 00:00:00-04:00,5.181235313415527,5.181235313415527,4.876456765567555,5.181235313415527,6190,0.0,0.0
2004-05-19 00:00:00-04:00,5.181236216896459,5.790793418884277,5.181236216896459,5.790793418884277,27700,0.0,0.0
2004-05-20 00:00:00-04:00,5.790794452031453,5.790794452031453,5.486015796661377,5.486015796661377,14604,0.0,0.0
2004-05-21 00:00:00-04:00,5.486014817890369,5.790793418884277,5.486014817890369,5.790793418884277,10704,0.0,0.0
2004-05-24 00:00:00-04:00,5.486014817890369,5.790793418884277,5.486014817890369,5.790793418884277,7782,0.0,0.0
2004-05-25 00:00:00-04:00,5.790793418884277,5.790793418884277,5.790793418884277,5.790793418884277,12240,0.0,0.0
2004-05-26 00:00:00-04:00,6.095572019878187,6.095572019878187,5.790793418884277,5.790793418884277,12644,0.0,0.0
2004-05-27 00:00:00-04:00,5.790793418884277,6.095572019878187,5.790793418884277,5.790793418884277,11866,0.0,0.0
2004-05-28 00:00:00-04:00,5.790793418884277,5.790793418884277,5.486014817890369,5.790793418884277,7896,0.0,0.0
2004-06-01 00:00:00-04:00,5.790794452031453,5.790794452031453,5.486015796661377,5.486015796661377,10052,0.0,0.0
2004-06-02 00:00:00-04:00,5.486015796661377,5.486015796661377,5.486015796661377,5.486015796661377,5664,0.0,0.0
2004-06-03 00:00:00-04:00,5.7907924091114715,5.7907924091114715,5.181235313415527,5.181235313415527,6388,0.0,0.0
2004-06-04 00:00:00-04:00,5.181235313415527,5.486013861263499,5.181235313415527,5.181235313415527,1408,0.0,0.0
2004-06-07 00:00:00-04:00,5.486015796661377,5.486015796661377,5.486015796661377,5.486015796661377,3786,0.0,0.0
2004-06-08 00:00:00-04:00,5.486013861263499,5.486013861263499,5.181235313415527,5.181235313415527,6298,0.0,0.0
2004-06-09 00:00:00-04:00,5.181235283613205,5.181235283613205,4.8764567375183105,4.8764567375183105,9006,0.0,0.0
2004-06-10 00:00:00-04:00,4.876456765567555,5.181235313415527,4.876456765567555,5.181235313415527,4078,0.0,0.0
2004-06-14 00:00:00-04:00,5.181236330668131,5.181236330668131,4.57167911529541,4.57167911529541,30318,0.0,0.0
2004-06-15 00:00:00-04:00,4.876457722981771,4.876457722981771,4.57167911529541,4.57167911529541,8392,0.0,0.0
2004-06-16 00:00:00-04:00,4.57167911529541,4.876457722981771,4.57167911529541,4.57167911529541,25400,0.0,0.0
2004-06-17 00:00:00-04:00,4.57167911529541,4.57167911529541,4.57167911529541,4.57167911529541,6876,0.0,0.0
2004-06-18 00:00:00-04:00,4.571678191423416,4.8764567375183105,4.571678191423416,4.8764567375183105,13586,0.0,0.0
2004-06-21 00:00:00-04:00,4.571678217719583,5.181235313415527,4.571678217719583,5.181235313415527,4858,0.0,0.0
2004-06-22 00:00:00-04:00,5.181235283613205,5.181235283613205,4.8764567375183105,4.8764567375183105,6390,0.0,0.0
2004-06-23 00:00:00-04:00,4.876457722981771,5.181236330668131,4.57167911529541,4.57167911529541,22808,0.0,0.0
2004-06-24 00:00:00-04:00,4.571678217719583,5.486013861263499,4.571678217719583,5.181235313415527,64096,0.0,0.0
2004-06-25 00:00:00-04:00,5.181235313415527,5.181235313415527,4.876456765567555,5.181235313415527,10910,0.0,0.0
2004-06-28 00:00:00-04:00,5.181235283613205,5.181235283613205,4.8764567375183105,4.8764567375183105,7428,0.0,0.0
2004-06-29 00:00:00-04:00,4.8764567375183105,4.8764567375183105,4.8764567375183105,4.8764567375183105,7424,0.0,0.0
2004-06-30 00:00:00-04:00,4.8764567375183105,4.8764567375183105,4.8764567375183105,4.8764567375183105,3622,0.0,0.0
2004-07-01 00:00:00-04:00,4.8764567375183105,4.8764567375183105,4.8764567375183105,4.8764567375183105,3578,0.0,0.0
2004-07-02 00:00:00-04:00,4.8764567375183105,5.181235283613205,4.8764567375183105,4.8764567375183105,7380,0.0,0.0
2004-07-06 00:00:00-04:00,4.8764567375183105,5.181235283613205,4.571678191423416,4.8764567375183105,28258,0.0,0.0
2004-07-07 00:00:00-04:00,4.8764567375183105,4.8764567375183105,4.8764567375183105,4.8764567375183105,11750,0.0,0.0
2004-07-08 00:00:00-04:00,4.8764567375183105,5.181235283613205,4.571678191423416,4.8764567375183105,12968,0.0,0.0
2004-07-09 00:00:00-04:00,4.8764567375183105,5.181235283613205,4.8764567375183105,4.8764567375183105,10736,0.0,0.0
2004-07-12 00:00:00-04:00,4.876457722981771,4.876457722981771,4.57167911529541,4.57167911529541,8548,0.0,0.0
2004-07-13 00:00:00-04:00,4.571678191423416,4.8764567375183105,4.571678191423416,4.8764567375183105,12778,0.0,0.0
2004-07-14 00:00:00-04:00,4.571678191423416,4.8764567375183105,4.571678191423416,4.8764567375183105,9482,0.0,0.0
2004-07-15 00:00:00-04:00,4.8764567375183105,4.8764567375183105,4.8764567375183105,4.8764567375183105,5584,0.0,0.0
2004-07-16 00:00:00-04:00,4.8764567375183105,4.8764567375183105,4.8764567375183105,4.8764567375183105,3034,0.0,0.0
2004-07-19 00:00:00-04:00,4.8764567375183105,4.8764567375183105,4.571678191423416,4.8764567375183105,10174,0.0,0.0
2004-07-20 00:00:00-04:00,4.57167911529541,4.876457722981771,4.57167911529541,4.57167911529541,4918,0.0,0.0
2004-07-21 00:00:00-04:00,4.57167911529541,4.57167911529541,4.57167911529541,4.57167911529541,1780,0.0,0.0
2004-07-22 00:00:00-04:00,4.57167911529541,4.57167911529541,4.57167911529541,4.57167911529541,5062,0.0,0.0
2004-07-23 00:00:00-04:00,4.571678638458252,4.571678638458252,4.266900062561035,4.266900062561035,10822,0.0,0.0
2004-07-26 00:00:00-04:00,4.266900576077974,4.266900576077974,3.657343350923978,3.9621219635009766,18192,0.0,0.0
2004-07-27 00:00:00-04:00,3.962121963500976,3.962121963500976,3.657343350923978,3.9621219635009766,17576,0.0,0.0
2004-07-28 00:00:00-04:00,3.6573429107666016,4.266900062561035,3.6573429107666016,4.266900062561035,11238,0.0,0.0
2004-07-29 00:00:00-04:00,4.266900062561035,4.266900062561035,3.9621214866638184,4.266900062561035,12496,0.0,0.0
2004-07-30 00:00:00-04:00,4.266900062561035,4.266900062561035,4.266900062561035,4.266900062561035,12268,0.0,0.0
2004-08-02 00:00:00-04:00,4.266900062561035,4.266900062561035,4.266900062561035,4.266900062561035,5398,0.0,0.0
2004-08-03 00:00:00-04:00,4.266900576077974,4.266900576077974,3.962121963500976,3.9621219635009766,7190,0.0,0.0
2004-08-04 00:00:00-04:00,4.266900576077974,4.266900576077974,3.962121963500976,3.9621219635009766,2462,0.0,0.0
2004-08-05 00:00:00-04:00,3.962121963500976,4.266900576077974,3.962121963500976,3.9621219635009766,3990,0.0,0.0
2004-08-06 00:00:00-04:00,4.266900062561035,4.266900062561035,4.266900062561035,4.266900062561035,4778,0.0,0.0
2004-08-09 00:00:00-04:00,4.266900062561035,4.266900062561035,4.266900062561035,4.266900062561035,32890,0.0,0.0
2004-08-10 00:00:00-04:00,4.266900062561035,4.266900062561035,3.9621214866638184,4.266900062561035,18806,0.0,0.0
2004-08-11 00:00:00-04:00,3.962121963500976,4.266900576077974,3.962121963500976,3.9621219635009766,11060,0.0,0.0
2004-08-12 00:00:00-04:00,3.9621214866638184,4.266900062561035,3.9621214866638184,4.266900062561035,2934,0.0,0.0
2004-08-13 00:00:00-04:00,4.266900062561035,4.266900062561035,3.9621214866638184,4.266900062561035,5962,0.0,0.0
2004-08-16 00:00:00-04:00,4.266900062561035,4.266900062561035,4.266900062561035,4.266900062561035,3680,0.0,0.0
2004-08-17 00:00:00-04:00,4.266900062561035,4.266900062561035,4.266900062561035,4.266900062561035,5094,0.0,0.0
2004-08-18 00:00:00-04:00,4.266900062561035,4.571678638458252,4.266900062561035,4.266900062561035,7828,0.0,0.0
2004-08-19 00:00:00-04:00,4.266899645328522,4.8764567375183105,4.266899645328522,4.8764567375183105,16792,0.0,0.0
2004-08-20 00:00:00-04:00,4.876456765567555,5.181235313415527,4.876456765567555,5.181235313415527,16066,0.0,0.0
2004-08-23 00:00:00-04:00,5.181236330668131,5.181236330668131,4.57167911529541,4.57167911529541,13558,0.0,0.0
2004-08-24 00:00:00-04:00,4.876457214355469,4.876457214355469,4.266900062561035,4.266900062561035,36932,0.0,0.0
2004-08-25 00:00:00-04:00,4.26690050760905,4.57167911529541,4.26690050760905,4.57167911529541,6042,0.0,0.0
2004-08-26 00:00:00-04:00,4.57167911529541,4.57167911529541,4.57167911529541,4.57167911529541,8622,0.0,0.0
2004-08-27 00:00:00-04:00,4.57167911529541,4.57167911529541,4.57167911529541,4.57167911529541,6982,0.0,0.0
2004-08-30 00:00:00-04:00,4.57167911529541,4.876457722981771,4.57167911529541,4.57167911529541,3976,0.0,0.0
2004-08-31 00:00:00-04:00,4.57167911529541,4.876457722981771,4.57167911529541,4.57167911529541,6014,0.0,0.0
2004-09-01 00:00:00-04:00,4.57167911529541,4.57167911529541,4.57167911529541,4.57167911529541,1970,0.0,0.0
2004-09-02 00:00:00-04:00,4.57167911529541,4.57167911529541,4.57167911529541,4.57167911529541,6746,0.0,0.0
2004-09-03 00:00:00-04:00,4.57167911529541,4.57167911529541,4.57167911529541,4.57167911529541,2792,0.0,0.0
2004-09-07 00:00:00-04:00,4.57167911529541,4.57167911529541,4.57167911529541,4.57167911529541,9836,0.0,0.0
2004-09-08 00:00:00-04:00,4.57167911529541,4.57167911529541,4.57167911529541,4.57167911529541,5888,0.0,0.0
2004-09-09 00:00:00-04:00,4.571678191423416,4.8764567375183105,4.571678191423416,4.8764567375183105,7050,0.0,0.0
2004-09-10 00:00:00-04:00,4.8764567375183105,4.8764567375183105,4.8764567375183105,4.8764567375183105,1760,0.0,0.0
2004-09-13 00:00:00-04:00,4.8764567375183105,4.8764567375183105,4.571678191423416,4.8764567375183105,3412,0.0,0.0
2004-09-14 00:00:00-04:00,4.876457722981771,4.876457722981771,4.57167911529541,4.57167911529541,3576,0.0,0.0
2004-09-15 00:00:00-04:00,4.876457722981771,4.876457722981771,4.57167911529541,4.57167911529541,4276,0.0,0.0
2004-09-16 00:00:00-04:00,4.571678191423416,4.8764567375183105,4.571678191423416,4.8764567375183105,5196,0.0,0.0
2004-09-17 00:00:00-04:00,4.876457722981771,4.876457722981771,4.57167911529541,4.57167911529541,4454,0.0,0.0
2004-09-20 00:00:00-04:00,4.57167911529541,4.876457722981771,4.57167911529541,4.57167911529541,7044,0.0,0.0
2004-09-21 00:00:00-04:00,4.876457722981771,4.876457722981771,4.57167911529541,4.57167911529541,24008,0.0,0.0
2004-09-22 00:00:00-04:00,4.876457722981771,4.876457722981771,4.57167911529541,4.57167911529541,13028,0.0,0.0
2004-09-23 00:00:00-04:00,4.876457722981771,4.876457722981771,4.57167911529541,4.57167911529541,39504,0.0,0.0
2004-09-24 00:00:00-04:00,4.8764567375183105,4.8764567375183105,4.571678191423416,4.8764567375183105,12826,0.0,0.0
2004-09-27 00:00:00-04:00,4.57167911529541,4.876457722981771,4.57167911529541,4.57167911529541,6890,0.0,0.0
2004-09-28 00:00:00-04:00,4.57167911529541,4.876457722981771,4.57167911529541,4.57167911529541,29822,0.0,0.0
2004-09-29 00:00:00-04:00,4.571678191423416,4.8764567375183105,4.571678191423416,4.8764567375183105,6568,0.0,0.0
2004-09-30 00:00:00-04:00,4.876458485921224,5.790794452031453,4.5716798305511475,5.486015796661377,47234,0.0,0.0
2004-10-01 00:00:00-04:00,5.486013861263499,5.7907924091114715,4.571678217719583,5.181235313415527,22572,0.0,0.0
2004-10-04 00:00:00-04:00,4.8764567375183105,5.181235283613205,4.8764567375183105,4.8764567375183105,21578,0.0,0.0
2004-10-05 00:00:00-04:00,4.876458485921224,5.486015796661377,4.876458485921224,5.486015796661377,12772,0.0,0.0
2004-10-06 00:00:00-04:00,5.486015796661377,5.486015796661377,5.486015796661377,5.486015796661377,11004,0.0,0.0
2004-10-07 00:00:00-04:00,5.486013861263499,5.486013861263499,5.181235313415527,5.181235313415527,8062,0.0,0.0
2004-10-08 00:00:00-04:00,5.486015796661377,5.486015796661377,5.1812371412913,5.486015796661377,35184,0.0,0.0
2004-10-11 00:00:00-04:00,5.486015796661377,5.790794452031453,5.486015796661377,5.486015796661377,14636,0.0,0.0
2004-10-12 00:00:00-04:00,5.486013861263499,5.486013861263499,5.181235313415527,5.181235313415527,12790,0.0,0.0
2004-10-13 00:00:00-04:00,5.181235313415527,5.181235313415527,5.181235313415527,5.181235313415527,15024,0.0,0.0
2004-10-14 00:00:00-04:00,5.181235313415527,5.181235313415527,5.181235313415527,5.181235313415527,6270,0.0,0.0
2004-10-15 00:00:00-04:00,5.181235283613205,5.486013829708099,4.8764567375183105,4.8764567375183105,6260,0.0,0.0
2004-10-18 00:00:00-04:00,4.8764567375183105,5.181235283613205,4.571678191423416,4.8764567375183105,14994,0.0,0.0
2004-10-19 00:00:00-04:00,4.876456765567555,5.181235313415527,4.571678217719583,5.181235313415527,7624,0.0,0.0
2004-10-20 00:00:00-04:00,4.8764567375183105,5.181235283613205,4.8764567375183105,4.8764567375183105,4050,0.0,0.0
2004-10-21 00:00:00-04:00,5.181235283613205,5.181235283613205,4.8764567375183105,4.8764567375183105,3334,0.0,0.0
2004-10-22 00:00:00-04:00,4.8764567375183105,5.181235283613205,4.8764567375183105,4.8764567375183105,7598,0.0,0.0
2004-10-25 00:00:00-04:00,5.181235313415527,5.181235313415527,4.876456765567555,5.181235313415527,16124,0.0,0.0
2004-10-26 00:00:00-04:00,5.181235313415527,5.486013861263499,5.181235313415527,5.181235313415527,10688,0.0,0.0
2004-10-27 00:00:00-04:00,5.181235283613205,5.181235283613205,4.8764567375183105,4.8764567375183105,6626,0.0,0.0
2004-10-28 00:00:00-04:00,4.8764567375183105,5.181235283613205,4.8764567375183105,4.8764567375183105,6604,0.0,0.0
2004-10-29 00:00:00-04:00,4.8764567375183105,5.181235283613205,4.8764567375183105,4.8764567375183105,3800,0.0,0.0
2004-11-01 00:00:00-05:00,4.8764567375183105,5.181235283613205,4.8764567375183105,4.8764567375183105,10550,0.0,0.0
2004-11-02 00:00:00-05:00,4.8764567375183105,4.8764567375183105,4.8764567375183105,4.8764567375183105,3052,0.0,0.0
2004-11-03 00:00:00-05:00,4.8764567375183105,4.8764567375183105,4.8764567375183105,4.8764567375183105,3234,0.0,0.0
2004-11-04 00:00:00-05:00,5.181235313415527,5.486013861263499,5.181235313415527,5.181235313415527,19296,0.0,0.0
2004-11-05 00:00:00-05:00,5.181235313415527,5.181235313415527,4.876456765567555,5.181235313415527,8184,0.0,0.0
2004-11-08 00:00:00-05:00,4.876457722981771,5.181236330668131,4.57167911529541,4.57167911529541,26842,0.0,0.0
2004-11-09 00:00:00-05:00,4.26690050760905,4.876457722981771,4.26690050760905,4.57167911529541,29544,0.0,0.0
2004-11-10 00:00:00-05:00,4.571678638458252,4.571678638458252,4.266900062561035,4.266900062561035,14436,0.0,0.0
2004-11-11 00:00:00-05:00,4.571678638458252,4.571678638458252,4.266900062561035,4.266900062561035,11170,0.0,0.0
2004-11-12 00:00:00-05:00,4.266900062561035,4.571678638458252,4.266900062561035,4.266900062561035,10082,0.0,0.0
2004-11-15 00:00:00-05:00,4.57167911529541,4.57167911529541,4.26690050760905,4.57167911529541,4464,0.0,0.0
2004-11-16 00:00:00-05:00,4.266900062561035,4.571678638458252,4.266900062561035,4.266900062561035,3652,0.0,0.0
2004-11-17 00:00:00-05:00,4.266900062561035,4.571678638458252,4.266900062561035,4.266900062561035,7082,0.0,0.0
2004-11-18 00:00:00-05:00,4.57167911529541,4.57167911529541,4.57167911529541,4.57167911529541,5916,0.0,0.0
2004-11-19 00:00:00-05:00,4.571678191423416,5.181235283613205,4.571678191423416,4.8764567375183105,21664,0.0,0.0
2004-11-22 00:00:00-05:00,4.8764567375183105,4.8764567375183105,4.571678191423416,4.8764567375183105,4730,0.0,0.0
2004-11-23 00:00:00-05:00,4.876457722981771,4.876457722981771,4.57167911529541,4.57167911529541,5218,0.0,0.0
2004-11-24 00:00:00-05:00,4.57167911529541,4.57167911529541,4.57167911529541,4.57167911529541,9534,0.0,0.0
2004-11-26 00:00:00-05:00,4.57167911529541,4.57167911529541,4.57167911529541,4.57167911529541,5452,0.0,0.0
2004-11-29 00:00:00-05:00,4.57167911529541,4.57167911529541,4.26690050760905,4.57167911529541,16518,0.0,0.0
2004-11-30 00:00:00-05:00,4.266900062561035,4.571678638458252,4.266900062561035,4.266900062561035,8792,0.0,0.0
2004-12-01 00:00:00-05:00,4.266900062561035,4.266900062561035,4.266900062561035,4.266900062561035,6536,0.0,0.0
2004-12-02 00:00:00-05:00,4.266900576077974,4.266900576077974,3.35256473834698,3.9621219635009766,38564,0.0,0.0
2004-12-03 00:00:00-05:00,3.962121963500976,3.962121963500976,3.962121963500976,3.9621219635009766,10142,0.0,0.0
2004-12-06 00:00:00-05:00,3.962121963500976,3.962121963500976,3.657343350923978,3.9621219635009766,12098,0.0,0.0
2004-12-07 00:00:00-05:00,3.962121744950612,3.962121744950612,3.6573431491851807,3.6573431491851807,22282,0.0,0.0
2004-12-08 00:00:00-05:00,3.6573431491851807,3.6573431491851807,3.352564553419749,3.6573431491851807,18484,0.0,0.0
2004-12-09 00:00:00-05:00,3.6573431491851807,3.6573431491851807,3.6573431491851807,3.6573431491851807,6648,0.0,0.0
2004-12-10 00:00:00-05:00,3.6573423905806104,3.6573423905806104,3.3525638580322266,3.3525638580322266,6492,0.0,0.0
2004-12-13 00:00:00-05:00,3.352564553419749,3.6573431491851807,3.352564553419749,3.6573431491851807,17276,0.0,0.0
2004-12-14 00:00:00-05:00,3.6573431491851807,3.6573431491851807,3.352564553419749,3.6573431491851807,3728,0.0,0.0
2004-12-15 00:00:00-05:00,3.352564553419749,3.962121744950612,3.352564553419749,3.6573431491851807,12674,0.0,0.0
2004-12-16 00:00:00-05:00,3.6573423905806104,3.6573423905806104,3.3525638580322266,3.3525638580322266,12732,0.0,0.0
2004-12-17 00:00:00-05:00,3.3525638580322266,3.6573423905806104,3.3525638580322266,3.3525638580322266,7912,0.0,0.0
2004-12-20 00:00:00-05:00,3.3525630235671997,3.3525630235671997,3.0477845668792725,3.0477845668792725,18086,0.0,0.0
2004-12-21 00:00:00-05:00,3.0477853254838423,3.3525638580322266,3.0477853254838423,3.3525638580322266,8350,0.0,0.0
2004-12-22 00:00:00-05:00,3.3525638580322266,3.3525638580322266,3.3525638580322266,3.3525638580322266,6822,0.0,0.0
2004-12-23 00:00:00-05:00,3.3525638580322266,3.3525638580322266,3.0477853254838423,3.3525638580322266,52824,0.0,0.0
2004-12-27 00:00:00-05:00,3.0477853254838423,3.3525638580322266,3.0477853254838423,3.3525638580322266,19876,0.0,0.0
2004-12-28 00:00:00-05:00,3.3525638580322266,3.3525638580322266,3.0477853254838423,3.3525638580322266,13368,0.0,0.0
2004-12-29 00:00:00-05:00,3.0477853254838423,3.3525638580322266,3.0477853254838423,3.3525638580322266,10122,0.0,0.0
2004-12-30 00:00:00-05:00,3.3525630235671997,3.3525630235671997,3.0477845668792725,3.0477845668792725,14002,0.0,0.0
2004-12-31 00:00:00-05:00,3.0477853254838423,3.3525638580322266,3.0477853254838423,3.3525638580322266,21482,0.0,0.0
2005-01-03 00:00:00-05:00,3.3525638580322266,3.3525638580322266,3.0477853254838423,3.3525638580322266,7470,0.0,0.0
2005-01-04 00:00:00-05:00,3.0477853254838423,3.3525638580322266,3.0477853254838423,3.3525638580322266,4826,0.0,0.0
2005-01-05 00:00:00-05:00,3.3525652090708413,3.3525652090708413,2.7430078983306885,2.7430078983306885,60718,0.0,0.0
2005-01-06 00:00:00-05:00,3.0477845668792725,3.0477845668792725,2.743006110191345,3.0477845668792725,9842,0.0,0.0
2005-01-07 00:00:00-05:00,2.7430078983306885,3.0477865537007647,2.7430078983306885,2.7430078983306885,13944,0.0,0.0
2005-01-10 00:00:00-05:00,3.0477845668792725,3.3525630235671997,3.0477845668792725,3.0477845668792725,6514,0.0,0.0
2005-01-11 00:00:00-05:00,3.3525630235671997,3.3525630235671997,3.0477845668792725,3.0477845668792725,6598,0.0,0.0
2005-01-12 00:00:00-05:00,3.0477845668792725,3.0477845668792725,3.0477845668792725,3.0477845668792725,18196,0.0,0.0
2005-01-13 00:00:00-05:00,3.0477845668792725,3.0477845668792725,3.0477845668792725,3.0477845668792725,2526,0.0,0.0
2005-01-14 00:00:00-05:00,3.0477865537007647,3.0477865537007647,2.7430078983306885,2.7430078983306885,16782,0.0,0.0
2005-01-18 00:00:00-05:00,3.0477845668792725,3.0477845668792725,2.743006110191345,3.0477845668792725,6312,0.0,0.0
2005-01-19 00:00:00-05:00,3.0477845668792725,3.0477845668792725,3.0477845668792725,3.0477845668792725,14056,0.0,0.0
2005-01-20 00:00:00-05:00,3.0477845668792725,3.0477845668792725,2.743006110191345,3.0477845668792725,3694,0.0,0.0
2005-01-21 00:00:00-05:00,2.7430078983306885,3.0477865537007647,2.7430078983306885,2.7430078983306885,7490,0.0,0.0
2005-01-24 00:00:00-05:00,3.0477845668792725,3.0477845668792725,2.743006110191345,3.0477845668792725,1818,0.0,0.0
2005-01-25 00:00:00-05:00,2.7430078983306885,2.7430078983306885,2.7430078983306885,2.7430078983306885,11116,0.0,0.0
2005-01-26 00:00:00-05:00,2.7430078983306885,2.7430078983306885,2.7430078983306885,2.7430078983306885,14048,0.0,0.0
2005-01-27 00:00:00-05:00,2.438229242960612,2.7430078983306885,2.438229242960612,2.7430078983306885,20962,0.0,0.0
2005-01-28 00:00:00-05:00,2.4382283687591553,2.7430069148540497,2.4382283687591553,2.4382283687591553,17284,0.0,0.0
2005-01-31 00:00:00-05:00,2.4382283687591553,2.4382283687591553,2.4382283687591553,2.4382283687591553,19322,0.0,0.0
2005-02-01 00:00:00-05:00,2.743006110191345,3.0477845668792725,2.438227653503418,3.0477845668792725,15370,0.0,0.0
2005-02-02 00:00:00-05:00,3.0477845668792725,3.0477845668792725,2.743006110191345,3.0477845668792725,5924,0.0,0.0
2005-02-03 00:00:00-05:00,3.0477845668792725,3.3525630235671997,2.743006110191345,3.0477845668792725,14022,0.0,0.0
2005-02-04 00:00:00-05:00,3.0477853254838423,3.3525638580322266,3.0477853254838423,3.3525638580322266,17698,0.0,0.0
2005-02-07 00:00:00-05:00,3.3525630235671997,3.3525630235671997,3.0477845668792725,3.0477845668792725,7882,0.0,0.0
2005-02-08 00:00:00-05:00,3.0477845668792725,3.3525630235671997,3.0477845668792725,3.0477845668792725,10232,0.0,0.0
2005-02-09 00:00:00-05:00,3.0477865537007647,3.0477865537007647,2.7430078983306885,2.7430078983306885,30322,0.0,0.0
2005-02-10 00:00:00-05:00,2.7430078983306885,3.0477865537007647,2.7430078983306885,2.7430078983306885,18960,0.0,0.0
2005-02-11 00:00:00-05:00,2.7430078983306885,3.0477865537007647,2.7430078983306885,2.7430078983306885,20414,0.0,0.0
2005-02-14 00:00:00-05:00,2.7430078983306885,2.7430078983306885,2.7430078983306885,2.7430078983306885,13518,0.0,0.0
2005-02-15 00:00:00-05:00,2.743006110191345,3.0477845668792725,2.743006110191345,3.0477845668792725,6792,0.0,0.0
2005-02-16 00:00:00-05:00,2.743006110191345,3.0477845668792725,2.743006110191345,3.0477845668792725,2310,0.0,0.0
2005-02-17 00:00:00-05:00,3.0477845668792725,3.0477845668792725,3.0477845668792725,3.0477845668792725,4366,0.0,0.0
2005-02-18 00:00:00-05:00,3.0477845668792725,3.0477845668792725,2.743006110191345,3.0477845668792725,6088,0.0,0.0
2005-02-22 00:00:00-05:00,3.3525638580322266,3.6573423905806104,3.0477853254838423,3.3525638580322266,25226,0.0,0.0
2005-02-23 00:00:00-05:00,3.35256473834698,3.962121963500976,3.35256473834698,3.9621219635009766,11348,0.0,0.0
2005-02-24 00:00:00-05:00,3.962121963500976,3.962121963500976,3.657343350923978,3.9621219635009766,7668,0.0,0.0
2005-02-25 00:00:00-05:00,3.6573431491851807,3.962121744950612,3.6573431491851807,3.6573431491851807,5018,0.0,0.0
2005-02-28 00:00:00-05:00,3.6573431491851807,3.962121744950612,3.6573431491851807,3.6573431491851807,8766,0.0,0.0
2005-03-01 00:00:00-05:00,3.6573431491851807,3.962121744950612,3.6573431491851807,3.6573431491851807,6262,0.0,0.0
2005-03-02 00:00:00-05:00,3.962121963500976,4.266900576077974,3.657343350923978,3.9621219635009766,5184,0.0,0.0
2005-03-03 00:00:00-05:00,3.962121963500976,3.962121963500976,3.657343350923978,3.9621219635009766,3076,0.0,0.0
2005-03-04 00:00:00-05:00,3.657343350923978,3.962121963500976,3.657343350923978,3.9621219635009766,2264,0.0,0.0
2005-03-07 00:00:00-05:00,3.962121744950612,3.962121744950612,3.6573431491851807,3.6573431491851807,7082,0.0,0.0
2005-03-08 00:00:00-05:00,3.6573431491851807,3.6573431491851807,3.352564553419749,3.6573431491851807,7974,0.0,0.0
2005-03-09 00:00:00-05:00,3.6573431491851807,3.6573431491851807,3.352564553419749,3.6573431491851807,4004,0.0,0.0
2005-03-10 00:00:00-05:00,3.6573423905806104,3.6573423905806104,3.3525638580322266,3.3525638580322266,6402,0.0,0.0
2005-03-11 00:00:00-05:00,3.352564553419749,3.6573431491851807,3.352564553419749,3.6573431491851807,4830,0.0,0.0
2005-03-14 00:00:00-05:00,3.6573431491851807,3.6573431491851807,3.352564553419749,3.6573431491851807,3716,0.0,0.0
2005-03-15 00:00:00-05:00,3.6573423905806104,3.6573423905806104,3.3525638580322266,3.3525638580322266,12240,0.0,0.0
2005-03-16 00:00:00-05:00,3.3525638580322266,3.6573423905806104,3.3525638580322266,3.3525638580322266,4204,0.0,0.0
2005-03-17 00:00:00-05:00,3.3525638580322266,3.3525638580322266,3.3525638580322266,3.3525638580322266,5254,0.0,0.0
2005-03-18 00:00:00-05:00,3.3525638580322266,3.6573423905806104,3.3525638580322266,3.3525638580322266,2566,0.0,0.0
2005-03-21 00:00:00-05:00,3.3525638580322266,3.6573423905806104,3.3525638580322266,3.3525638580322266,2474,0.0,0.0
2005-03-22 00:00:00-05:00,3.6573431491851807,3.6573431491851807,3.6573431491851807,3.6573431491851807,3562,0.0,0.0
2005-03-23 00:00:00-05:00,3.352564553419749,3.6573431491851807,3.352564553419749,3.6573431491851807,3820,0.0,0.0
2005-03-24 00:00:00-05:00,3.3525630235671997,3.3525630235671997,3.0477845668792725,3.0477845668792725,7510,0.0,0.0
2005-03-28 00:00:00-05:00,3.0477845668792725,3.0477845668792725,3.0477845668792725,3.0477845668792725,4678,0.0,0.0
2005-03-29 00:00:00-05:00,3.0477853254838423,3.3525638580322266,3.0477853254838423,3.3525638580322266,2606,0.0,0.0
2005-03-30 00:00:00-05:00,3.0477853254838423,3.3525638580322266,3.0477853254838423,3.3525638580322266,5218,0.0,0.0
2005-03-31 00:00:00-05:00,3.3525630235671997,3.3525630235671997,3.0477845668792725,3.0477845668792725,5084,0.0,0.0
2005-04-01 00:00:00-05:00,3.0477845668792725,3.0477845668792725,3.0477845668792725,3.0477845668792725,2510,0.0,0.0
2005-04-04 00:00:00-04:00,3.0477845668792725,3.0477845668792725,2.743006110191345,3.0477845668792725,7610,0.0,0.0
2005-04-05 00:00:00-04:00,3.3525638580322266,3.3525638580322266,3.0477853254838423,3.3525638580322266,1420,0.0,0.0
2005-04-06 00:00:00-04:00,3.0477845668792725,3.0477845668792725,3.0477845668792725,3.0477845668792725,976,0.0,0.0
2005-04-07 00:00:00-04:00,3.3525638580322266,3.3525638580322266,3.0477853254838423,3.3525638580322266,1486,0.0,0.0
2005-04-08 00:00:00-04:00,3.0477853254838423,3.3525638580322266,3.0477853254838423,3.3525638580322266,1336,0.0,0.0
2005-04-11 00:00:00-04:00,3.0477845668792725,3.3525630235671997,2.743006110191345,3.0477845668792725,6096,0.0,0.0
2005-04-12 00:00:00-04:00,3.0477845668792725,3.0477845668792725,2.743006110191345,3.0477845668792725,2092,0.0,0.0
2005-04-13 00:00:00-04:00,3.0477865537007647,3.0477865537007647,2.7430078983306885,2.7430078983306885,5464,0.0,0.0
2005-04-14 00:00:00-04:00,2.7430078983306885,2.7430078983306885,2.7430078983306885,2.7430078983306885,6512,0.0,0.0
2005-04-15 00:00:00-04:00,2.7430078983306885,3.0477865537007647,2.7430078983306885,2.7430078983306885,3896,0.0,0.0
2005-04-18 00:00:00-04:00,2.7430078983306885,2.7430078983306885,2.438229242960612,2.7430078983306885,3618,0.0,0.0
2005-04-19 00:00:00-04:00,2.7430078983306885,3.0477865537007647,2.7430078983306885,2.7430078983306885,6842,0.0,0.0
2005-04-20 00:00:00-04:00,2.7430069148540497,2.7430069148540497,2.4382283687591553,2.4382283687591553,7324,0.0,0.0
2005-04-21 00:00:00-04:00,2.7430078983306885,2.7430078983306885,2.438229242960612,2.7430078983306885,3488,0.0,0.0
2005-04-22 00:00:00-04:00,2.7430078983306885,2.7430078983306885,2.438229242960612,2.7430078983306885,2206,0.0,0.0
2005-04-25 00:00:00-04:00,2.7430078983306885,2.7430078983306885,2.7430078983306885,2.7430078983306885,19232,0.0,0.0
2005-04-26 00:00:00-04:00,2.7430078983306885,2.7430078983306885,2.7430078983306885,2.7430078983306885,2282,0.0,0.0
2005-04-27 00:00:00-04:00,2.7430069148540497,2.7430069148540497,2.4382283687591553,2.4382283687591553,12884,0.0,0.0
2005-04-28 00:00:00-04:00,2.7430069148540497,2.7430069148540497,2.4382283687591553,2.4382283687591553,1118,0.0,0.0
2005-04-29 00:00:00-04:00,2.7430078983306885,2.7430078983306885,2.7430078983306885,2.7430078983306885,3782,0.0,0.0
2005-05-02 00:00:00-04:00,2.7430078983306885,3.0477865537007647,2.7430078983306885,2.7430078983306885,6670,0.0,0.0
2005-05-03 00:00:00-04:00,2.7430078983306885,2.7430078983306885,2.7430078983306885,2.7430078983306885,1982,0.0,0.0
2005-05-04 00:00:00-04:00,2.7430078983306885,3.0477865537007647,2.7430078983306885,2.7430078983306885,2106,0.0,0.0
2005-05-05 00:00:00-04:00,2.7430078983306885,3.0477865537007647,2.7430078983306885,2.7430078983306885,2764,0.0,0.0
2005-05-06 00:00:00-04:00,3.0477845668792725,3.0477845668792725,3.0477845668792725,3.0477845668792725,3228,0.0,0.0
2005-05-09 00:00:00-04:00,3.0477845668792725,3.0477845668792725,3.0477845668792725,3.0477845668792725,8786,0.0,0.0
2005-05-10 00:00:00-04:00,3.0477865537007647,3.0477865537007647,2.7430078983306885,2.7430078983306885,1862,0.0,0.0
2005-05-11 00:00:00-04:00,2.743006110191345,3.0477845668792725,2.743006110191345,3.0477845668792725,1452,0.0,0.0
2005-05-12 00:00:00-04:00,2.7430078983306885,3.0477865537007647,2.7430078983306885,2.7430078983306885,1166,0.0,0.0
2005-05-13 00:00:00-04:00,2.7430078983306885,2.7430078983306885,2.7430078983306885,2.7430078983306885,2974,0.0,0.0
2005-05-16 00:00:00-04:00,2.7430078983306885,2.7430078983306885,2.7430078983306885,2.7430078983306885,914,0.0,0.0
2005-05-17 00:00:00-04:00,2.7430078983306885,2.7430078983306885,2.7430078983306885,2.7430078983306885,4634,0.0,0.0
2005-05-18 00:00:00-04:00,2.7430078983306885,2.7430078983306885,2.7430078983306885,2.7430078983306885,1210,0.0,0.0
2005-05-19 00:00:00-04:00,2.7430078983306885,2.7430078983306885,2.7430078983306885,2.7430078983306885,3090,0.0,0.0
2005-05-20 00:00:00-04:00,2.7430078983306885,2.7430078983306885,2.7430078983306885,2.7430078983306885,2106,0.0,0.0
2005-05-23 00:00:00-04:00,2.7430078983306885,3.0477865537007647,2.7430078983306885,2.7430078983306885,1100,0.0,0.0
2005-05-24 00:00:00-04:00,2.743006110191345,3.0477845668792725,2.743006110191345,3.0477845668792725,2704,0.0,0.0
2005-05-25 00:00:00-04:00,3.0477845668792725,3.0477845668792725,2.743006110191345,3.0477845668792725,1750,0.0,0.0
2005-05-26 00:00:00-04:00,2.7430078983306885,2.7430078983306885,2.7430078983306885,2.7430078983306885,516,0.0,0.0
2005-05-27 00:00:00-04:00,2.743006110191345,3.0477845668792725,2.743006110191345,3.0477845668792725,3192,0.0,0.0
2005-05-31 00:00:00-04:00,2.743006110191345,3.0477845668792725,2.743006110191345,3.0477845668792725,4726,0.0,0.0
2005-06-01 00:00:00-04:00,3.047785957654317,3.6573431491851807,3.047785957654317,3.6573431491851807,7464,0.0,0.0
2005-06-02 00:00:00-04:00,3.6573431491851807,3.962121744950612,3.352564553419749,3.6573431491851807,16514,0.0,0.0
2005-06-03 00:00:00-04:00,3.6573431491851807,3.6573431491851807,3.352564553419749,3.6573431491851807,2134,0.0,0.0
2005-06-06 00:00:00-04:00,3.6573431491851807,3.962121744950612,3.6573431491851807,3.6573431491851807,4774,0.0,0.0
2005-06-07 00:00:00-04:00,3.6573431491851807,3.6573431491851807,3.352564553419749,3.6573431491851807,3236,0.0,0.0
2005-06-08 00:00:00-04:00,3.3525638580322266,3.6573423905806104,3.3525638580322266,3.3525638580322266,1834,0.0,0.0
2005-06-09 00:00:00-04:00,3.3525638580322266,3.6573423905806104,3.3525638580322266,3.3525638580322266,3196,0.0,0.0
2005-06-10 00:00:00-04:00,3.3525638580322266,3.6573423905806104,3.3525638580322266,3.3525638580322266,9336,0.0,0.0
2005-06-13 00:00:00-04:00,3.35256473834698,3.962121963500976,3.35256473834698,3.9621219635009766,27250,0.0,0.0
2005-06-14 00:00:00-04:00,3.9621214866638184,4.266900062561035,3.9621214866638184,4.266900062561035,10510,0.0,0.0
2005-06-15 00:00:00-04:00,4.571678638458252,4.571678638458252,4.266900062561035,4.266900062561035,12456,0.0,0.0
2005-06-16 00:00:00-04:00,4.57167911529541,4.57167911529541,4.26690050760905,4.57167911529541,13404,0.0,0.0
2005-06-17 00:00:00-04:00,4.266900062561035,4.571678638458252,4.266900062561035,4.266900062561035,10334,0.0,0.0
2005-06-20 00:00:00-04:00,4.266900576077974,4.266900576077974,3.962121963500976,3.9621219635009766,3724,0.0,0.0
2005-06-21 00:00:00-04:00,3.9621214866638184,4.266900062561035,3.9621214866638184,4.266900062561035,5976,0.0,0.0
2005-06-22 00:00:00-04:00,4.266900576077974,4.266900576077974,3.962121963500976,3.9621219635009766,3750,0.0,0.0
2005-06-23 00:00:00-04:00,3.9621214866638184,4.266900062561035,3.9621214866638184,4.266900062561035,6856,0.0,0.0
2005-06-24 00:00:00-04:00,4.266900576077974,4.266900576077974,3.962121963500976,3.9621219635009766,4314,0.0,0.0
2005-06-27 00:00:00-04:00,3.9621214866638184,4.266900062561035,3.9621214866638184,4.266900062561035,2770,0.0,0.0
2005-06-28 00:00:00-04:00,3.962121963500976,4.266900576077974,3.657343350923978,3.9621219635009766,4026,0.0,0.0
2005-06-29 00:00:00-04:00,3.962121963500976,3.962121963500976,3.657343350923978,3.9621219635009766,2860,0.0,0.0
2005-06-30 00:00:00-04:00,3.962121963500976,3.962121963500976,3.657343350923978,3.9621219635009766,2292,0.0,0.0
2005-07-01 00:00:00-04:00,3.962121963500976,3.962121963500976,3.657343350923978,3.9621219635009766,1572,0.0,0.0
2005-07-05 00:00:00-04:00,3.6573423905806104,3.6573423905806104,3.3525638580322266,3.3525638580322266,5220,0.0,0.0
2005-07-06 00:00:00-04:00,3.6573423905806104,3.6573423905806104,3.3525638580322266,3.3525638580322266,4828,0.0,0.0
2005-07-07 00:00:00-04:00,3.3525638580322266,3.6573423905806104,3.3525638580322266,3.3525638580322266,4950,0.0,0.0
2005-07-08 00:00:00-04:00,3.6573431491851807,3.6573431491851807,3.6573431491851807,3.6573431491851807,5156,0.0,0.0
2005-07-11 00:00:00-04:00,3.6573423905806104,3.6573423905806104,3.3525638580322266,3.3525638580322266,644,0.0,0.0
2005-07-12 00:00:00-04:00,3.352564553419749,3.962121744950612,3.352564553419749,3.6573431491851807,3084,0.0,0.0
2005-07-13 00:00:00-04:00,3.962121963500976,3.962121963500976,3.657343350923978,3.9621219635009766,1720,0.0,0.0
2005-07-14 00:00:00-04:00,3.6573431491851807,3.6573431491851807,3.6573431491851807,3.6573431491851807,1808,0.0,0.0
2005-07-15 00:00:00-04:00,3.3525638580322266,3.6573423905806104,3.3525638580322266,3.3525638580322266,1376,0.0,0.0
2005-07-18 00:00:00-04:00,3.3525638580322266,3.3525638580322266,3.0477853254838423,3.3525638580322266,6868,0.0,0.0
2005-07-19 00:00:00-04:00,3.0477853254838423,3.3525638580322266,3.0477853254838423,3.3525638580322266,1440,0.0,0.0
2005-07-20 00:00:00-04:00,3.0477845668792725,3.3525630235671997,3.0477845668792725,3.0477845668792725,18802,0.0,0.0
2005-07-21 00:00:00-04:00,3.0477853254838423,3.3525638580322266,3.0477853254838423,3.3525638580322266,420,0.0,0.0
2005-07-22 00:00:00-04:00,3.3525630235671997,3.3525630235671997,3.0477845668792725,3.0477845668792725,3660,0.0,0.0
2005-07-25 00:00:00-04:00,3.0477845668792725,3.0477845668792725,3.0477845668792725,3.0477845668792725,1366,0.0,0.0
2005-07-26 00:00:00-04:00,3.0477845668792725,3.0477845668792725,3.0477845668792725,3.0477845668792725,3174,0.0,0.0
2005-07-27 00:00:00-04:00,3.0477845668792725,3.3525630235671997,3.0477845668792725,3.0477845668792725,4042,0.0,0.0
2005-07-28 00:00:00-04:00,3.0477845668792725,3.0477845668792725,3.0477845668792725,3.0477845668792725,2262,0.0,0.0
2005-07-29 00:00:00-04:00,3.0477845668792725,3.0477845668792725,2.743006110191345,3.0477845668792725,3708,0.0,0.0
2005-08-01 00:00:00-04:00,2.743006110191345,3.0477845668792725,2.743006110191345,3.0477845668792725,2860,0.0,0.0
2005-08-02 00:00:00-04:00,3.0477845668792725,3.0477845668792725,3.0477845668792725,3.0477845668792725,7334,0.0,0.0
2005-08-03 00:00:00-04:00,3.0477853254838423,3.3525638580322266,2.743006792935458,3.3525638580322266,6060,0.0,0.0
2005-08-04 00:00:00-04:00,3.0477853254838423,3.3525638580322266,3.0477853254838423,3.3525638580322266,5530,0.0,0.0
2005-08-05 00:00:00-04:00,3.3525630235671997,3.3525630235671997,3.0477845668792725,3.0477845668792725,3324,0.0,0.0
2005-08-08 00:00:00-04:00,3.0477845668792725,3.0477845668792725,3.0477845668792725,3.0477845668792725,6424,0.0,0.0
2005-08-09 00:00:00-04:00,3.0477845668792725,3.3525630235671997,3.0477845668792725,3.0477845668792725,5620,0.0,0.0
2005-08-10 00:00:00-04:00,3.0477845668792725,3.0477845668792725,3.0477845668792725,3.0477845668792725,1026,0.0,0.0
2005-08-11 00:00:00-04:00,3.0477845668792725,3.3525630235671997,3.0477845668792725,3.0477845668792725,11910,0.0,0.0
2005-08-12 00:00:00-04:00,3.3525638580322266,3.3525638580322266,3.3525638580322266,3.3525638580322266,16474,0.0,0.0
2005-08-15 00:00:00-04:00,3.3525638580322266,3.6573423905806104,3.3525638580322266,3.3525638580322266,13958,0.0,0.0
2005-08-16 00:00:00-04:00,3.3525630235671997,3.3525630235671997,3.0477845668792725,3.0477845668792725,8026,0.0,0.0
2005-08-17 00:00:00-04:00,3.3525630235671997,3.3525630235671997,3.0477845668792725,3.0477845668792725,5550,0.0,0.0
2005-08-18 00:00:00-04:00,3.0477845668792725,3.0477845668792725,3.0477845668792725,3.0477845668792725,10158,0.0,0.0
2005-08-19 00:00:00-04:00,3.0477845668792725,3.0477845668792725,3.0477845668792725,3.0477845668792725,3820,0.0,0.0
2005-08-22 00:00:00-04:00,3.0477845668792725,3.3525630235671997,3.0477845668792725,3.0477845668792725,6754,0.0,0.0
2005-08-23 00:00:00-04:00,3.0477845668792725,3.0477845668792725,3.0477845668792725,3.0477845668792725,9890,0.0,0.0
2005-08-24 00:00:00-04:00,3.0477845668792725,3.0477845668792725,3.0477845668792725,3.0477845668792725,11010,0.0,0.0
2005-08-25 00:00:00-04:00,3.0477845668792725,3.0477845668792725,3.0477845668792725,3.0477845668792725,12380,0.0,0.0
2005-08-26 00:00:00-04:00,3.0477845668792725,3.3525630235671997,2.743006110191345,3.0477845668792725,11006,0.0,0.0
2005-08-29 00:00:00-04:00,3.3525630235671997,3.3525630235671997,2.743006110191345,3.0477845668792725,6274,0.0,0.0
2005-08-30 00:00:00-04:00,3.0477865537007647,3.0477865537007647,2.7430078983306885,2.7430078983306885,872,0.0,0.0
2005-08-31 00:00:00-04:00,2.743006110191345,3.0477845668792725,2.743006110191345,3.0477845668792725,2422,0.0,0.0
2005-09-01 00:00:00-04:00,3.0477845668792725,3.0477845668792725,3.0477845668792725,3.0477845668792725,1992,0.0,0.0
2005-09-02 00:00:00-04:00,3.0477845668792725,3.0477845668792725,3.0477845668792725,3.0477845668792725,1898,0.0,0.0
2005-09-06 00:00:00-04:00,3.0477845668792725,3.0477845668792725,2.743006110191345,3.0477845668792725,6504,0.0,0.0
2005-09-07 00:00:00-04:00,3.0477845668792725,3.0477845668792725,2.743006110191345,3.0477845668792725,928,0.0,0.0
2005-09-08 00:00:00-04:00,3.0477845668792725,3.0477845668792725,3.0477845668792725,3.0477845668792725,5918,0.0,0.0
2005-09-09 00:00:00-04:00,3.0477845668792725,3.0477845668792725,3.0477845668792725,3.0477845668792725,972,0.0,0.0
2005-09-12 00:00:00-04:00,3.0477845668792725,3.0477845668792725,2.743006110191345,3.0477845668792725,8060,0.0,0.0
2005-09-13 00:00:00-04:00,2.743006110191345,3.0477845668792725,2.743006110191345,3.0477845668792725,2746,0.0,0.0
2005-09-14 00:00:00-04:00,3.0477865537007647,3.0477865537007647,2.7430078983306885,2.7430078983306885,15106,0.0,0.0
2005-09-15 00:00:00-04:00,2.743006110191345,3.0477845668792725,2.743006110191345,3.0477845668792725,9960,0.0,0.0
2005-09-16 00:00:00-04:00,3.0477845668792725,3.0477845668792725,3.0477845668792725,3.0477845668792725,7612,0.0,0.0
2005-09-19 00:00:00-04:00,3.047785957654317,3.962121744950612,3.047785957654317,3.6573431491851807,37508,0.0,0.0
2005-09-20 00:00:00-04:00,3.6573431491851807,3.6573431491851807,3.352564553419749,3.6573431491851807,10602,0.0,0.0
2005-09-21 00:00:00-04:00,3.6573431491851807,3.6573431491851807,3.352564553419749,3.6573431491851807,6092,0.0,0.0
2005-09-22 00:00:00-04:00,3.6573431491851807,3.962121744950612,3.6573431491851807,3.6573431491851807,9746,0.0,0.0
2005-09-23 00:00:00-04:00,3.6573431491851807,3.6573431491851807,3.352564553419749,3.6573431491851807,6424,0.0,0.0
2005-09-26 00:00:00-04:00,3.6573423905806104,3.6573423905806104,3.3525638580322266,3.3525638580322266,13602,0.0,0.0
2005-09-27 00:00:00-04:00,3.6573423905806104,3.6573423905806104,3.3525638580322266,3.3525638580322266,6516,0.0,0.0
2005-09-28 00:00:00-04:00,3.352564553419749,3.6573431491851807,3.352564553419749,3.6573431491851807,26358,0.0,0.0
2005-09-29 00:00:00-04:00,3.3525638580322266,3.3525638580322266,3.3525638580322266,3.3525638580322266,11564,0.0,0.0
2005-09-30 00:00:00-04:00,3.3525638580322266,3.3525638580322266,3.0477853254838423,3.3525638580322266,5074,0.0,0.0
2005-10-03 00:00:00-04:00,3.3525638580322266,3.3525638580322266,3.3525638580322266,3.3525638580322266,3342,0.0,0.0
2005-10-04 00:00:00-04:00,3.3525630235671997,3.3525630235671997,3.0477845668792725,3.0477845668792725,27998,0.0,0.0
2005-10-05 00:00:00-04:00,3.0477845668792725,3.0477845668792725,3.0477845668792725,3.0477845668792725,17572,0.0,0.0
2005-10-06 00:00:00-04:00,3.0477853254838423,3.3525638580322266,3.0477853254838423,3.3525638580322266,7528,0.0,0.0
2005-10-07 00:00:00-04:00,3.3525638580322266,3.3525638580322266,3.0477853254838423,3.3525638580322266,8538,0.0,0.0
2005-10-10 00:00:00-04:00,3.3525638580322266,3.3525638580322266,3.3525638580322266,3.3525638580322266,988,0.0,0.0
2005-10-11 00:00:00-04:00,3.3525638580322266,3.6573423905806104,3.3525638580322266,3.3525638580322266,9996,0.0,0.0
2005-10-12 00:00:00-04:00,3.3525630235671997,3.3525630235671997,3.0477845668792725,3.0477845668792725,3644,0.0,0.0
2005-10-13 00:00:00-04:00,3.0477845668792725,3.0477845668792725,3.0477845668792725,3.0477845668792725,8656,0.0,0.0
2005-10-14 00:00:00-04:00,3.0477845668792725,3.3525630235671997,3.0477845668792725,3.0477845668792725,5494,0.0,0.0
2005-10-17 00:00:00-04:00,3.0477845668792725,3.0477845668792725,3.0477845668792725,3.0477845668792725,4366,0.0,0.0
2005-10-18 00:00:00-04:00,3.0477845668792725,3.0477845668792725,3.0477845668792725,3.0477845668792725,1908,0.0,0.0
2005-10-19 00:00:00-04:00,3.0477845668792725,3.3525630235671997,3.0477845668792725,3.0477845668792725,5224,0.0,0.0
2005-10-20 00:00:00-04:00,3.0477845668792725,3.0477845668792725,2.743006110191345,3.0477845668792725,11550,0.0,0.0
2005-10-21 00:00:00-04:00,3.0477845668792725,3.0477845668792725,3.0477845668792725,3.0477845668792725,740,0.0,0.0
2005-10-24 00:00:00-04:00,3.0477845668792725,3.0477845668792725,2.743006110191345,3.0477845668792725,10834,0.0,0.0
2005-10-25 00:00:00-04:00,3.0477845668792725,3.0477845668792725,3.0477845668792725,3.0477845668792725,10396,0.0,0.0
2005-10-26 00:00:00-04:00,3.0477845668792725,3.0477845668792725,3.0477845668792725,3.0477845668792725,1974,0.0,0.0
2005-10-27 00:00:00-04:00,3.0477845668792725,3.0477845668792725,3.0477845668792725,3.0477845668792725,710,0.0,0.0
2005-10-28 00:00:00-04:00,3.0477845668792725,3.0477845668792725,2.743006110191345,3.0477845668792725,6570,0.0,0.0
2005-10-31 00:00:00-05:00,3.0477845668792725,3.0477845668792725,2.743006110191345,3.0477845668792725,24372,0.0,0.0
2005-11-01 00:00:00-05:00,3.0477845668792725,3.0477845668792725,2.743006110191345,3.0477845668792725,5784,0.0,0.0
2005-11-02 00:00:00-05:00,3.0477845668792725,3.0477845668792725,3.0477845668792725,3.0477845668792725,6022,0.0,0.0
2005-11-03 00:00:00-05:00,3.0477845668792725,3.0477845668792725,3.0477845668792725,3.0477845668792725,592,0.0,0.0
2005-11-04 00:00:00-05:00,3.0477865537007647,3.0477865537007647,2.7430078983306885,2.7430078983306885,11782,0.0,0.0
2005-11-07 00:00:00-05:00,2.7430078983306885,3.0477865537007647,2.7430078983306885,2.7430078983306885,5304,0.0,0.0
2005-11-08 00:00:00-05:00,2.7430078983306885,3.0477865537007647,2.7430078983306885,2.7430078983306885,3474,0.0,0.0
2005-11-09 00:00:00-05:00,2.7430078983306885,3.0477865537007647,2.7430078983306885,2.7430078983306885,9192,0.0,0.0
2005-11-10 00:00:00-05:00,2.7430078983306885,3.0477865537007647,2.438229242960612,2.7430078983306885,15574,0.0,0.0
2005-11-11 00:00:00-05:00,2.7430078983306885,2.7430078983306885,2.7430078983306885,2.7430078983306885,3418,0.0,0.0
2005-11-14 00:00:00-05:00,2.7430078983306885,3.0477865537007647,2.7430078983306885,2.7430078983306885,16202,0.0,0.0
2005-11-15 00:00:00-05:00,2.7430078983306885,2.7430078983306885,2.7430078983306885,2.7430078983306885,4096,0.0,0.0
2005-11-16 00:00:00-05:00,2.7430078983306885,3.0477865537007647,2.7430078983306885,2.7430078983306885,35070,0.0,0.0
2005-11-17 00:00:00-05:00,2.743006110191345,3.0477845668792725,2.743006110191345,3.0477845668792725,22416,0.0,0.0
2005-11-18 00:00:00-05:00,3.0477845668792725,3.0477845668792725,2.743006110191345,3.0477845668792725,13776,0.0,0.0
2005-11-21 00:00:00-05:00,2.743006110191345,3.0477845668792725,2.743006110191345,3.0477845668792725,7794,0.0,0.0
2005-11-22 00:00:00-05:00,2.743006110191345,3.0477845668792725,2.743006110191345,3.0477845668792725,7890,0.0,0.0
2005-11-23 00:00:00-05:00,3.0477845668792725,3.0477845668792725,2.743006110191345,3.0477845668792725,16666,0.0,0.0
2005-11-25 00:00:00-05:00,3.0477845668792725,3.0477845668792725,3.0477845668792725,3.0477845668792725,6360,0.0,0.0
2005-11-28 00:00:00-05:00,3.0477845668792725,3.0477845668792725,3.0477845668792725,3.0477845668792725,23732,0.0,0.0
2005-11-29 00:00:00-05:00,3.0477845668792725,3.0477845668792725,3.0477845668792725,3.0477845668792725,10900,0.0,0.0
2005-11-30 00:00:00-05:00,3.0477845668792725,3.0477845668792725,2.743006110191345,3.0477845668792725,25032,0.0,0.0
2005-12-01 00:00:00-05:00,3.0477845668792725,3.0477845668792725,3.0477845668792725,3.0477845668792725,17068,0.0,0.0
2005-12-02 00:00:00-05:00,3.0477845668792725,3.0477845668792725,3.0477845668792725,3.0477845668792725,6036,0.0,0.0
2005-12-05 00:00:00-05:00,3.0477845668792725,3.0477845668792725,3.0477845668792725,3.0477845668792725,9022,0.0,0.0
2005-12-06 00:00:00-05:00,3.0477845668792725,3.0477845668792725,2.743006110191345,3.0477845668792725,5280,0.0,0.0
2005-12-07 00:00:00-05:00,3.0477853254838423,3.3525638580322266,3.0477853254838423,3.3525638580322266,53272,0.0,0.0
2005-12-08 00:00:00-05:00,3.352564553419749,3.6573431491851807,3.352564553419749,3.6573431491851807,13308,0.0,0.0
2005-12-09 00:00:00-05:00,3.6573423905806104,3.6573423905806104,3.0477853254838423,3.3525638580322266,29472,0.0,0.0
2005-12-12 00:00:00-05:00,3.3525638580322266,3.6573423905806104,3.3525638580322266,3.3525638580322266,42946,0.0,0.0
2005-12-13 00:00:00-05:00,3.3525638580322266,3.3525638580322266,3.0477853254838423,3.3525638580322266,14170,0.0,0.0
2005-12-14 00:00:00-05:00,3.3525638580322266,3.3525638580322266,3.0477853254838423,3.3525638580322266,7096,0.0,0.0
2005-12-15 00:00:00-05:00,3.3525638580322266,3.3525638580322266,3.3525638580322266,3.3525638580322266,6608,0.0,0.0
2005-12-16 00:00:00-05:00,3.3525630235671997,3.3525630235671997,3.0477845668792725,3.0477845668792725,2852,0.0,0.0
2005-12-19 00:00:00-05:00,3.3525630235671997,3.3525630235671997,3.0477845668792725,3.0477845668792725,12790,0.0,0.0
2005-12-20 00:00:00-05:00,3.0477845668792725,3.0477845668792725,3.0477845668792725,3.0477845668792725,9180,0.0,0.0
2005-12-21 00:00:00-05:00,3.0477845668792725,3.0477845668792725,3.0477845668792725,3.0477845668792725,13280,0.0,0.0
2005-12-22 00:00:00-05:00,3.3525630235671997,3.3525630235671997,3.0477845668792725,3.0477845668792725,9926,0.0,0.0
2005-12-23 00:00:00-05:00,3.0477845668792725,3.0477845668792725,3.0477845668792725,3.0477845668792725,10066,0.0,0.0
2005-12-27 00:00:00-05:00,3.0477845668792725,3.0477845668792725,3.0477845668792725,3.0477845668792725,6890,0.0,0.0
2005-12-28 00:00:00-05:00,3.0477845668792725,3.0477845668792725,3.0477845668792725,3.0477845668792725,12304,0.0,0.0
2005-12-29 00:00:00-05:00,3.0477845668792725,3.0477845668792725,3.0477845668792725,3.0477845668792725,8800,0.0,0.0
2005-12-30 00:00:00-05:00,3.0477845668792725,3.0477845668792725,3.0477845668792725,3.0477845668792725,18606,0.0,0.0
2006-01-03 00:00:00-05:00,3.0477845668792725,3.0477845668792725,3.0477845668792725,3.0477845668792725,25638,0.0,0.0
2006-01-04 00:00:00-05:00,3.0477845668792725,3.0477845668792725,2.743006110191345,3.0477845668792725,10046,0.0,0.0
2006-01-05 00:00:00-05:00,3.0477865537007647,3.0477865537007647,2.7430078983306885,2.7430078983306885,13746,0.0,0.0
2006-01-06 00:00:00-05:00,3.0477853254838423,3.3525638580322266,2.743006792935458,3.3525638580322266,40754,0.0,0.0
2006-01-09 00:00:00-05:00,3.3525643348693848,4.571678638458252,3.3525643348693848,4.266900062561035,118372,0.0,0.0
2006-01-10 00:00:00-05:00,4.266900062561035,4.266900062561035,3.9621214866638184,4.266900062561035,67042,0.0,0.0
2006-01-11 00:00:00-05:00,4.266900062561035,4.266900062561035,3.9621214866638184,4.266900062561035,34042,0.0,0.0
2006-01-12 00:00:00-05:00,3.962121963500976,4.266900576077974,3.962121963500976,3.9621219635009766,17622,0.0,0.0
2006-01-13 00:00:00-05:00,3.9621218999226886,4.57167911529541,3.9621218999226886,4.57167911529541,99048,0.0,0.0
2006-01-17 00:00:00-05:00,4.57167911529541,4.876457722981771,4.57167911529541,4.57167911529541,104634,0.0,0.0
2006-01-18 00:00:00-05:00,4.876457214355469,4.876457214355469,3.9621214866638184,4.266900062561035,24214,0.0,0.0
2006-01-19 00:00:00-05:00,4.26690050760905,4.876457722981771,4.26690050760905,4.57167911529541,18324,0.0,0.0
2006-01-20 00:00:00-05:00,4.571678638458252,4.571678638458252,4.266900062561035,4.266900062561035,25284,0.0,0.0
2006-01-23 00:00:00-05:00,4.26690050760905,4.57167911529541,4.26690050760905,4.57167911529541,27344,0.0,0.0
2006-01-24 00:00:00-05:00,4.571678638458252,4.571678638458252,4.266900062561035,4.266900062561035,15458,0.0,0.0
2006-01-25 00:00:00-05:00,4.571678638458252,4.571678638458252,4.266900062561035,4.266900062561035,14990,0.0,0.0
2006-01-26 00:00:00-05:00,4.266900062561035,4.571678638458252,4.266900062561035,4.266900062561035,20966,0.0,0.0
2006-01-27 00:00:00-05:00,4.266900062561035,4.266900062561035,4.266900062561035,4.266900062561035,9898,0.0,0.0
2006-01-30 00:00:00-05:00,4.266900576077974,4.266900576077974,3.962121963500976,3.9621219635009766,15296,0.0,0.0
2006-01-31 00:00:00-05:00,4.266900576077974,4.266900576077974,3.962121963500976,3.9621219635009766,25446,0.0,0.0
2006-02-01 00:00:00-05:00,4.266900062561035,4.266900062561035,3.9621214866638184,4.266900062561035,9342,0.0,0.0
2006-02-02 00:00:00-05:00,4.266900576077974,4.571679188654973,3.962121963500976,3.9621219635009766,25968,0.0,0.0
2006-02-03 00:00:00-05:00,4.266900062561035,4.571678638458252,3.9621214866638184,4.266900062561035,18474,0.0,0.0
2006-02-06 00:00:00-05:00,4.266900062561035,4.571678638458252,4.266900062561035,4.266900062561035,27542,0.0,0.0
2006-02-07 00:00:00-05:00,4.571679188654973,4.571679188654973,3.962121963500976,3.9621219635009766,18012,0.0,0.0
2006-02-08 00:00:00-05:00,3.962121963500976,3.962121963500976,3.962121963500976,3.9621219635009766,17818,0.0,0.0
2006-02-09 00:00:00-05:00,3.962121963500976,4.266900576077974,3.962121963500976,3.9621219635009766,18934,0.0,0.0
2006-02-10 00:00:00-05:00,3.962121963500976,4.266900576077974,3.657343350923978,3.9621219635009766,6982,0.0,0.0
2006-02-13 00:00:00-05:00,3.962121744950612,3.962121744950612,3.6573431491851807,3.6573431491851807,25404,0.0,0.0
2006-02-14 00:00:00-05:00,3.962121744950612,3.962121744950612,3.6573431491851807,3.6573431491851807,15240,0.0,0.0
2006-02-15 00:00:00-05:00,3.6573431491851807,3.6573431491851807,3.352564553419749,3.6573431491851807,19252,0.0,0.0
2006-02-16 00:00:00-05:00,3.6573431491851807,3.962121744950612,3.6573431491851807,3.6573431491851807,14768,0.0,0.0
2006-02-17 00:00:00-05:00,3.6573431491851807,3.962121744950612,3.352564553419749,3.6573431491851807,16150,0.0,0.0
2006-02-21 00:00:00-05:00,3.6573431491851807,3.962121744950612,3.6573431491851807,3.6573431491851807,15768,0.0,0.0
2006-02-22 00:00:00-05:00,3.6573431491851807,3.6573431491851807,3.6573431491851807,3.6573431491851807,5924,0.0,0.0
2006-02-23 00:00:00-05:00,3.6573431491851807,3.6573431491851807,3.352564553419749,3.6573431491851807,14574,0.0,0.0
2006-02-24 00:00:00-05:00,3.6573429107666016,4.266900062561035,3.6573429107666016,4.266900062561035,17660,0.0,0.0
2006-02-27 00:00:00-05:00,3.962121963500976,4.266900576077974,3.962121963500976,3.9621219635009766,13758,0.0,0.0
2006-02-28 00:00:00-05:00,3.962121744950612,3.962121744950612,3.6573431491851807,3.6573431491851807,7788,0.0,0.0
2006-03-01 00:00:00-05:00,3.962121963500976,3.962121963500976,3.657343350923978,3.9621219635009766,8410,0.0,0.0
2006-03-02 00:00:00-05:00,3.962121963500976,3.962121963500976,3.35256473834698,3.9621219635009766,19466,0.0,0.0
2006-03-03 00:00:00-05:00,3.962121744950612,3.962121744950612,3.6573431491851807,3.6573431491851807,14336,0.0,0.0
2006-03-06 00:00:00-05:00,3.6573431491851807,3.962121744950612,3.352564553419749,3.6573431491851807,22980,0.0,0.0
2006-03-07 00:00:00-05:00,3.6573431491851807,3.6573431491851807,3.352564553419749,3.6573431491851807,13872,0.0,0.0
2006-03-08 00:00:00-05:00,3.3525638580322266,3.6573423905806104,3.3525638580322266,3.3525638580322266,16298,0.0,0.0
2006-03-09 00:00:00-05:00,3.3525638580322266,3.3525638580322266,3.3525638580322266,3.3525638580322266,8478,0.0,0.0
2006-03-10 00:00:00-05:00,3.3525638580322266,3.3525638580322266,3.3525638580322266,3.3525638580322266,8090,0.0,0.0
2006-03-13 00:00:00-05:00,3.352564553419749,3.6573431491851807,3.352564553419749,3.6573431491851807,24156,0.0,0.0
2006-03-14 00:00:00-05:00,3.6573423905806104,3.6573423905806104,3.3525638580322266,3.3525638580322266,9732,0.0,0.0
2006-03-15 00:00:00-05:00,3.352564553419749,3.6573431491851807,3.352564553419749,3.6573431491851807,13372,0.0,0.0
2006-03-16 00:00:00-05:00,3.3525638580322266,3.6573423905806104,3.3525638580322266,3.3525638580322266,8216,0.0,0.0
2006-03-17 00:00:00-05:00,3.3525638580322266,3.3525638580322266,3.3525638580322266,3.3525638580322266,8940,0.0,0.0
2006-03-20 00:00:00-05:00,3.3525638580322266,3.6573423905806104,3.3525638580322266,3.3525638580322266,26324,0.0,0.0
2006-03-21 00:00:00-05:00,3.3525638580322266,3.3525638580322266,3.3525638580322266,3.3525638580322266,4248,0.0,0.0
2006-03-22 00:00:00-05:00,3.3525638580322266,3.6573423905806104,3.3525638580322266,3.3525638580322266,4284,0.0,0.0
2006-03-23 00:00:00-05:00,3.3525638580322266,3.3525638580322266,3.3525638580322266,3.3525638580322266,8508,0.0,0.0
2006-03-24 00:00:00-05:00,3.3525638580322266,3.3525638580322266,3.0477853254838423,3.3525638580322266,41404,0.0,0.0
2006-03-27 00:00:00-05:00,3.352564553419749,3.962121744950612,3.352564553419749,3.6573431491851807,33186,0.0,0.0
2006-03-28 00:00:00-05:00,3.657343350923978,3.962121963500976,3.35256473834698,3.9621219635009766,35118,0.0,0.0
2006-03-29 00:00:00-05:00,3.9621218999226886,4.57167911529541,3.9621218999226886,4.57167911529541,29816,0.0,0.0
2006-03-30 00:00:00-05:00,4.57167911529541,4.876457722981771,4.57167911529541,4.57167911529541,47294,0.0,0.0
2006-03-31 00:00:00-05:00,4.57167911529541,4.876457722981771,4.26690050760905,4.57167911529541,26328,0.0,0.0
2006-04-03 00:00:00-04:00,4.571678638458252,4.571678638458252,4.266900062561035,4.266900062561035,41602,0.0,0.0
2006-04-04 00:00:00-04:00,4.266900576077974,4.266900576077974,3.962121963500976,3.9621219635009766,10498,0.0,0.0
2006-04-05 00:00:00-04:00,3.962121963500976,4.266900576077974,3.962121963500976,3.9621219635009766,3706,0.0,0.0
2006-04-06 00:00:00-04:00,3.9621214866638184,4.266900062561035,3.9621214866638184,4.266900062561035,25752,0.0,0.0
2006-04-07 00:00:00-04:00,4.26690050760905,4.876457722981771,4.26690050760905,4.57167911529541,37700,0.0,0.0
2006-04-10 00:00:00-04:00,4.571678191423416,5.181235283613205,3.9621210992336273,4.8764567375183105,69368,0.0,0.0
2006-04-11 00:00:00-04:00,4.876457722981771,4.876457722981771,4.57167911529541,4.57167911529541,37440,0.0,0.0
2006-04-12 00:00:00-04:00,4.571678638458252,4.571678638458252,4.266900062561035,4.266900062561035,19326,0.0,0.0
2006-04-13 00:00:00-04:00,4.571678638458252,4.876457214355469,4.266900062561035,4.266900062561035,24552,0.0,0.0
2006-04-17 00:00:00-04:00,4.266899645328522,4.8764567375183105,4.266899645328522,4.8764567375183105,14680,0.0,0.0
2006-04-18 00:00:00-04:00,4.876457722981771,4.876457722981771,4.57167911529541,4.57167911529541,22220,0.0,0.0
2006-04-19 00:00:00-04:00,4.57167911529541,4.876457722981771,4.57167911529541,4.57167911529541,14302,0.0,0.0
2006-04-20 00:00:00-04:00,4.57167911529541,4.57167911529541,4.26690050760905,4.57167911529541,20692,0.0,0.0
2006-04-21 00:00:00-04:00,4.57167911529541,4.57167911529541,4.26690050760905,4.57167911529541,54762,0.0,0.0
2006-04-24 00:00:00-04:00,4.57167901490864,5.790793418884277,4.57167901490864,5.790793418884277,109072,0.0,0.0
2006-04-25 00:00:00-04:00,5.790790677070618,6.705126047134399,5.790790677070618,6.095569133758545,88336,0.0,0.0
2006-04-26 00:00:00-04:00,6.095569133758545,6.400347590446472,5.790790677070618,6.095569133758545,24138,0.0,0.0
2006-04-27 00:00:00-04:00,6.095573107401529,6.095573107401529,5.486015796661377,5.486015796661377,36364,0.0,0.0
2006-04-28 00:00:00-04:00,5.790790677070618,6.095569133758545,5.48601222038269,6.095569133758545,32730,0.0,0.0
2006-05-01 00:00:00-04:00,6.095569133758545,6.400347590446472,5.790790677070618,6.095569133758545,19658,0.0,0.0
2006-05-02 00:00:00-04:00,6.095573107401529,6.095573107401529,5.486015796661377,5.486015796661377,17418,0.0,0.0
2006-05-03 00:00:00-04:00,5.486014817890369,6.095572019878187,5.486014817890369,5.790793418884277,26462,0.0,0.0
2006-05-04 00:00:00-04:00,5.790794452031453,5.790794452031453,5.486015796661377,5.486015796661377,11400,0.0,0.0
2006-05-05 00:00:00-04:00,5.486015796661377,5.486015796661377,5.1812371412913,5.486015796661377,19490,0.0,0.0
2006-05-08 00:00:00-04:00,5.181235313415527,5.486013861263499,5.181235313415527,5.181235313415527,25216,0.0,0.0
2006-05-09 00:00:00-04:00,5.1812371412913,5.790794452031453,5.1812371412913,5.486015796661377,21250,0.0,0.0
2006-05-10 00:00:00-04:00,5.486014817890369,5.790793418884277,5.486014817890369,5.790793418884277,24652,0.0,0.0
2006-05-11 00:00:00-04:00,5.790793418884277,6.095572019878187,5.486014817890369,5.790793418884277,37472,0.0,0.0
2006-05-12 00:00:00-04:00,5.790794452031453,6.095573107401529,5.486015796661377,5.486015796661377,19208,0.0,0.0
2006-05-15 00:00:00-04:00,5.486013829708099,5.486013829708099,4.8764567375183105,4.8764567375183105,47066,0.0,0.0
2006-05-16 00:00:00-04:00,5.181235283613205,5.181235283613205,4.8764567375183105,4.8764567375183105,23006,0.0,0.0
2006-05-17 00:00:00-04:00,5.181235283613205,5.181235283613205,4.8764567375183105,4.8764567375183105,20576,0.0,0.0
2006-05-18 00:00:00-04:00,4.876457722981771,4.876457722981771,4.57167911529541,4.57167911529541,8540,0.0,0.0
2006-05-19 00:00:00-04:00,4.571678191423416,4.8764567375183105,4.571678191423416,4.8764567375183105,31230,0.0,0.0
2006-05-22 00:00:00-04:00,4.876456765567555,5.181235313415527,4.876456765567555,5.181235313415527,28976,0.0,0.0
2006-05-23 00:00:00-04:00,5.181235313415527,5.486013861263499,4.876456765567555,5.181235313415527,5378,0.0,0.0
2006-05-24 00:00:00-04:00,5.181235313415527,5.486013861263499,4.876456765567555,5.181235313415527,7396,0.0,0.0
2006-05-25 00:00:00-04:00,5.1812371412913,5.486015796661377,5.1812371412913,5.486015796661377,9568,0.0,0.0
2006-05-26 00:00:00-04:00,5.486015796661377,5.486015796661377,5.486015796661377,5.486015796661377,9406,0.0,0.0
2006-05-30 00:00:00-04:00,5.181235313415527,5.486013861263499,5.181235313415527,5.181235313415527,11460,0.0,0.0
2006-05-31 00:00:00-04:00,5.181235283613205,5.181235283613205,4.8764567375183105,4.8764567375183105,9956,0.0,0.0
2006-06-01 00:00:00-04:00,4.8764567375183105,4.8764567375183105,4.571678191423416,4.8764567375183105,10252,0.0,0.0
2006-06-02 00:00:00-04:00,4.8764567375183105,4.8764567375183105,4.571678191423416,4.8764567375183105,12660,0.0,0.0
2006-06-05 00:00:00-04:00,4.876457722981771,4.876457722981771,4.57167911529541,4.57167911529541,9702,0.0,0.0
2006-06-06 00:00:00-04:00,4.57167911529541,4.57167911529541,4.57167911529541,4.57167911529541,15914,0.0,0.0
2006-06-07 00:00:00-04:00,4.571678638458252,4.571678638458252,4.266900062561035,4.266900062561035,8536,0.0,0.0
2006-06-08 00:00:00-04:00,4.266900062561035,4.266900062561035,3.9621214866638184,4.266900062561035,16694,0.0,0.0
2006-06-09 00:00:00-04:00,4.266900062561035,4.266900062561035,4.266900062561035,4.266900062561035,8782,0.0,0.0
2006-06-12 00:00:00-04:00,4.266900062561035,4.266900062561035,4.266900062561035,4.266900062561035,12610,0.0,0.0
2006-06-13 00:00:00-04:00,4.2669003407160435,4.2669003407160435,3.6573431491851807,3.6573431491851807,38538,0.0,0.0
2006-06-14 00:00:00-04:00,3.962121963500976,3.962121963500976,3.962121963500976,3.9621219635009766,11156,0.0,0.0
2006-06-15 00:00:00-04:00,3.9621214866638184,4.266900062561035,3.9621214866638184,4.266900062561035,24608,0.0,0.0
2006-06-16 00:00:00-04:00,4.266900062561035,4.266900062561035,3.9621214866638184,4.266900062561035,16160,0.0,0.0
2006-06-19 00:00:00-04:00,4.266900576077974,4.266900576077974,3.962121963500976,3.9621219635009766,8274,0.0,0.0
2006-06-20 00:00:00-04:00,4.266900576077974,4.266900576077974,3.962121963500976,3.9621219635009766,9482,0.0,0.0
2006-06-21 00:00:00-04:00,3.9621214866638184,4.266900062561035,3.9621214866638184,4.266900062561035,26930,0.0,0.0
2006-06-22 00:00:00-04:00,4.266900062561035,4.266900062561035,3.9621214866638184,4.266900062561035,18940,0.0,0.0
2006-06-23 00:00:00-04:00,4.266900062561035,4.266900062561035,3.9621214866638184,4.266900062561035,29404,0.0,0.0
2006-06-26 00:00:00-04:00,4.266900062561035,4.571678638458252,4.266900062561035,4.266900062561035,16696,0.0,0.0
2006-06-27 00:00:00-04:00,4.571678638458252,4.571678638458252,4.266900062561035,4.266900062561035,4634,0.0,0.0
2006-06-28 00:00:00-04:00,4.571678638458252,4.571678638458252,4.266900062561035,4.266900062561035,5294,0.0,0.0
2006-06-29 00:00:00-04:00,4.266900062561035,4.266900062561035,3.9621214866638184,4.266900062561035,28438,0.0,0.0
2006-06-30 00:00:00-04:00,4.26690050760905,4.57167911529541,4.26690050760905,4.57167911529541,10494,0.0,0.0
2006-07-03 00:00:00-04:00,4.57167911529541,4.876457722981771,4.57167911529541,4.57167911529541,8810,0.0,0.0
2006-07-05 00:00:00-04:00,4.571678638458252,4.571678638458252,4.266900062561035,4.266900062561035,16088,0.0,0.0
2006-07-06 00:00:00-04:00,4.57167911529541,4.57167911529541,4.26690050760905,4.57167911529541,6968,0.0,0.0
2006-07-07 00:00:00-04:00,4.266900062561035,4.266900062561035,4.266900062561035,4.266900062561035,3190,0.0,0.0
2006-07-10 00:00:00-04:00,4.266900062561035,4.266900062561035,3.9621214866638184,4.266900062561035,3164,0.0,0.0
2006-07-11 00:00:00-04:00,4.266900062561035,4.266900062561035,3.9621214866638184,4.266900062561035,17568,0.0,0.0
2006-07-12 00:00:00-04:00,4.266900576077974,4.266900576077974,3.962121963500976,3.9621219635009766,6980,0.0,0.0
2006-07-13 00:00:00-04:00,3.962121963500976,4.266900576077974,3.962121963500976,3.9621219635009766,8752,0.0,0.0
2006-07-14 00:00:00-04:00,4.266900576077974,4.266900576077974,3.962121963500976,3.9621219635009766,18806,0.0,0.0
2006-07-17 00:00:00-04:00,4.266900576077974,4.266900576077974,3.962121963500976,3.9621219635009766,5734,0.0,0.0
2006-07-18 00:00:00-04:00,3.962121963500976,3.962121963500976,3.962121963500976,3.9621219635009766,6224,0.0,0.0
2006-07-19 00:00:00-04:00,3.962121963500976,3.962121963500976,3.657343350923978,3.9621219635009766,10430,0.0,0.0
2006-07-20 00:00:00-04:00,3.962121744950612,3.962121744950612,3.6573431491851807,3.6573431491851807,11206,0.0,0.0
2006-07-21 00:00:00-04:00,3.6573431491851807,3.6573431491851807,3.6573431491851807,3.6573431491851807,14434,0.0,0.0
2006-07-24 00:00:00-04:00,3.6573431491851807,3.6573431491851807,3.352564553419749,3.6573431491851807,9130,0.0,0.0
2006-07-25 00:00:00-04:00,3.6573431491851807,3.6573431491851807,3.352564553419749,3.6573431491851807,7962,0.0,0.0
2006-07-26 00:00:00-04:00,3.6573431491851807,3.6573431491851807,3.352564553419749,3.6573431491851807,7004,0.0,0.0
2006-07-27 00:00:00-04:00,3.6573431491851807,3.962121744950612,3.6573431491851807,3.6573431491851807,7770,0.0,0.0
2006-07-28 00:00:00-04:00,3.657343350923978,3.962121963500976,3.657343350923978,3.9621219635009766,6526,0.0,0.0
2006-07-31 00:00:00-04:00,3.962121963500976,3.962121963500976,3.657343350923978,3.9621219635009766,9782,0.0,0.0
2006-08-01 00:00:00-04:00,3.962121744950612,3.962121744950612,3.6573431491851807,3.6573431491851807,16006,0.0,0.0
2006-08-02 00:00:00-04:00,3.6573431491851807,3.962121744950612,3.6573431491851807,3.6573431491851807,11854,0.0,0.0
2006-08-03 00:00:00-04:00,3.6573423905806104,3.9621209231289947,3.3525638580322266,3.3525638580322266,30708,0.0,0.0
2006-08-04 00:00:00-04:00,3.352564553419749,3.6573431491851807,3.352564553419749,3.6573431491851807,5884,0.0,0.0
2006-08-07 00:00:00-04:00,3.6573423905806104,3.6573423905806104,3.3525638580322266,3.3525638580322266,23060,0.0,0.0
2006-08-08 00:00:00-04:00,3.352564553419749,3.6573431491851807,3.352564553419749,3.6573431491851807,15716,0.0,0.0
2006-08-09 00:00:00-04:00,3.6573431491851807,3.962121744950612,3.6573431491851807,3.6573431491851807,6064,0.0,0.0
2006-08-10 00:00:00-04:00,3.962121744950612,3.962121744950612,3.6573431491851807,3.6573431491851807,5424,0.0,0.0
2006-08-11 00:00:00-04:00,3.6573431491851807,3.962121744950612,3.6573431491851807,3.6573431491851807,3700,0.0,0.0
2006-08-14 00:00:00-04:00,3.6573431491851807,3.962121744950612,3.6573431491851807,3.6573431491851807,3966,0.0,0.0
2006-08-15 00:00:00-04:00,3.6573431491851807,3.6573431491851807,3.6573431491851807,3.6573431491851807,4074,0.0,0.0
2006-08-16 00:00:00-04:00,3.6573431491851807,3.6573431491851807,3.6573431491851807,3.6573431491851807,6616,0.0,0.0
2006-08-17 00:00:00-04:00,3.657343350923978,3.962121963500976,3.657343350923978,3.9621219635009766,9066,0.0,0.0
2006-08-18 00:00:00-04:00,3.962121744950612,3.962121744950612,3.6573431491851807,3.6573431491851807,9622,0.0,0.0
2006-08-21 00:00:00-04:00,3.657343350923978,3.962121963500976,3.657343350923978,3.9621219635009766,7214,0.0,0.0
2006-08-22 00:00:00-04:00,3.962121963500976,3.962121963500976,3.962121963500976,3.9621219635009766,2876,0.0,0.0
2006-08-23 00:00:00-04:00,3.962121963500976,4.266900576077974,3.657343350923978,3.9621219635009766,5384,0.0,0.0
2006-08-24 00:00:00-04:00,4.266900576077974,4.266900576077974,3.962121963500976,3.9621219635009766,13226,0.0,0.0
2006-08-25 00:00:00-04:00,3.962121963500976,3.962121963500976,3.962121963500976,3.9621219635009766,2068,0.0,0.0
2006-08-28 00:00:00-04:00,3.962121744950612,3.962121744950612,3.6573431491851807,3.6573431491851807,3402,0.0,0.0
2006-08-29 00:00:00-04:00,3.962121744950612,3.962121744950612,3.6573431491851807,3.6573431491851807,1930,0.0,0.0
2006-08-30 00:00:00-04:00,3.657343350923978,3.962121963500976,3.657343350923978,3.9621219635009766,2820,0.0,0.0
2006-08-31 00:00:00-04:00,3.9621214866638184,4.266900062561035,3.9621214866638184,4.266900062561035,9654,0.0,0.0
2006-09-01 00:00:00-04:00,4.266900576077974,4.266900576077974,3.962121963500976,3.9621219635009766,11120,0.0,0.0
2006-09-05 00:00:00-04:00,4.266900062561035,4.266900062561035,3.9621214866638184,4.266900062561035,11792,0.0,0.0
2006-09-06 00:00:00-04:00,4.266900062561035,4.266900062561035,4.266900062561035,4.266900062561035,16744,0.0,0.0
2006-09-07 00:00:00-04:00,4.266900062561035,4.266900062561035,3.9621214866638184,4.266900062561035,4840,0.0,0.0
2006-09-08 00:00:00-04:00,3.962121963500976,3.962121963500976,3.962121963500976,3.9621219635009766,8294,0.0,0.0
2006-09-11 00:00:00-04:00,3.962121744950612,3.962121744950612,3.352564553419749,3.6573431491851807,21014,0.0,0.0
2006-09-12 00:00:00-04:00,3.6573423905806104,3.6573423905806104,3.3525638580322266,3.3525638580322266,9100,0.0,0.0
2006-09-13 00:00:00-04:00,3.352564553419749,3.6573431491851807,3.352564553419749,3.6573431491851807,5398,0.0,0.0
2006-09-14 00:00:00-04:00,3.3525638580322266,3.6573423905806104,3.3525638580322266,3.3525638580322266,10932,0.0,0.0
2006-09-15 00:00:00-04:00,3.3525638580322266,3.3525638580322266,3.3525638580322266,3.3525638580322266,6348,0.0,0.0
2006-09-18 00:00:00-04:00,3.3525638580322266,3.6573423905806104,3.3525638580322266,3.3525638580322266,4154,0.0,0.0
2006-09-19 00:00:00-04:00,3.6573423905806104,3.6573423905806104,3.0477853254838423,3.3525638580322266,9368,0.0,0.0
2006-09-20 00:00:00-04:00,3.3525638580322266,3.3525638580322266,3.3525638580322266,3.3525638580322266,3196,0.0,0.0
2006-09-21 00:00:00-04:00,3.3525638580322266,3.3525638580322266,3.3525638580322266,3.3525638580322266,3974,0.0,0.0
2006-09-22 00:00:00-04:00,3.3525638580322266,3.3525638580322266,3.3525638580322266,3.3525638580322266,5638,0.0,0.0
2006-09-25 00:00:00-04:00,3.3525638580322266,3.3525638580322266,3.0477853254838423,3.3525638580322266,19472,0.0,0.0
2006-09-26 00:00:00-04:00,3.3525638580322266,3.3525638580322266,3.0477853254838423,3.3525638580322266,9890,0.0,0.0
2006-09-27 00:00:00-04:00,3.35256473834698,3.962121963500976,3.047786125769982,3.9621219635009766,8046,0.0,0.0
2006-09-28 00:00:00-04:00,3.6573431491851807,3.6573431491851807,3.352564553419749,3.6573431491851807,1858,0.0,0.0
2006-09-29 00:00:00-04:00,3.3525638580322266,3.3525638580322266,3.0477853254838423,3.3525638580322266,15828,0.0,0.0
2006-10-02 00:00:00-04:00,3.3525638580322266,3.6573423905806104,3.0477853254838423,3.3525638580322266,3522,0.0,0.0
2006-10-03 00:00:00-04:00,3.3525630235671997,3.3525630235671997,3.0477845668792725,3.0477845668792725,6880,0.0,0.0
2006-10-04 00:00:00-04:00,3.0477845668792725,3.0477845668792725,3.0477845668792725,3.0477845668792725,7910,0.0,0.0
2006-10-05 00:00:00-04:00,3.3525638580322266,3.3525638580322266,3.0477853254838423,3.3525638580322266,5398,0.0,0.0
2006-10-06 00:00:00-04:00,3.3525638580322266,3.3525638580322266,3.0477853254838423,3.3525638580322266,5366,0.0,0.0
2006-10-09 00:00:00-04:00,3.3525638580322266,3.6573423905806104,3.3525638580322266,3.3525638580322266,3768,0.0,0.0
2006-10-10 00:00:00-04:00,3.3525630235671997,3.3525630235671997,3.0477845668792725,3.0477845668792725,14292,0.0,0.0
2006-10-11 00:00:00-04:00,3.0477853254838423,3.3525638580322266,3.0477853254838423,3.3525638580322266,4424,0.0,0.0
2006-10-12 00:00:00-04:00,3.3525638580322266,3.3525638580322266,3.3525638580322266,3.3525638580322266,3316,0.0,0.0
2006-10-13 00:00:00-04:00,3.6573431491851807,3.6573431491851807,3.352564553419749,3.6573431491851807,10376,0.0,0.0
2006-10-16 00:00:00-04:00,3.3525638580322266,3.6573423905806104,3.3525638580322266,3.3525638580322266,9122,0.0,0.0
2006-10-17 00:00:00-04:00,3.3525638580322266,3.6573423905806104,3.3525638580322266,3.3525638580322266,2570,0.0,0.0
2006-10-18 00:00:00-04:00,3.3525638580322266,3.3525638580322266,3.3525638580322266,3.3525638580322266,2704,0.0,0.0
2006-10-19 00:00:00-04:00,3.3525638580322266,3.3525638580322266,3.3525638580322266,3.3525638580322266,2368,0.0,0.0
2006-10-20 00:00:00-04:00,3.3525638580322266,3.3525638580322266,3.3525638580322266,3.3525638580322266,3502,0.0,0.0
2006-10-23 00:00:00-04:00,3.3525638580322266,3.3525638580322266,3.3525638580322266,3.3525638580322266,7620,0.0,0.0
2006-10-24 00:00:00-04:00,3.3525638580322266,3.3525638580322266,3.0477853254838423,3.3525638580322266,5124,0.0,0.0
2006-10-25 00:00:00-04:00,3.3525638580322266,3.3525638580322266,3.3525638580322266,3.3525638580322266,12502,0.0,0.0
2006-10-26 00:00:00-04:00,3.3525638580322266,3.3525638580322266,3.3525638580322266,3.3525638580322266,5156,0.0,0.0
2006-10-27 00:00:00-04:00,3.3525638580322266,3.6573423905806104,3.3525638580322266,3.3525638580322266,9016,0.0,0.0
2006-10-30 00:00:00-05:00,3.352564553419749,3.6573431491851807,3.352564553419749,3.6573431491851807,3864,0.0,0.0
2006-10-31 00:00:00-05:00,3.6573423905806104,3.6573423905806104,3.3525638580322266,3.3525638580322266,3528,0.0,0.0
2006-11-01 00:00:00-05:00,3.3525638580322266,3.3525638580322266,3.3525638580322266,3.3525638580322266,7634,0.0,0.0
2006-11-02 00:00:00-05:00,3.3525638580322266,3.3525638580322266,3.0477853254838423,3.3525638580322266,8712,0.0,0.0
2006-11-03 00:00:00-05:00,3.3525638580322266,3.3525638580322266,3.0477853254838423,3.3525638580322266,34032,0.0,0.0
2006-11-06 00:00:00-05:00,3.3525630235671997,3.3525630235671997,3.0477845668792725,3.0477845668792725,6586,0.0,0.0
2006-11-07 00:00:00-05:00,3.3525638580322266,3.3525638580322266,3.0477853254838423,3.3525638580322266,8100,0.0,0.0
2006-11-08 00:00:00-05:00,3.3525638580322266,3.3525638580322266,3.0477853254838423,3.3525638580322266,7242,0.0,0.0
2006-11-09 00:00:00-05:00,3.352564553419749,3.6573431491851807,3.352564553419749,3.6573431491851807,24660,0.0,0.0
2006-11-10 00:00:00-05:00,3.6573423905806104,3.6573423905806104,3.3525638580322266,3.3525638580322266,7782,0.0,0.0
2006-11-13 00:00:00-05:00,3.3525638580322266,3.3525638580322266,3.3525638580322266,3.3525638580322266,7538,0.0,0.0
2006-11-14 00:00:00-05:00,3.3525638580322266,3.3525638580322266,3.3525638580322266,3.3525638580322266,10306,0.0,0.0
2006-11-15 00:00:00-05:00,3.3525638580322266,3.3525638580322266,3.0477853254838423,3.3525638580322266,16608,0.0,0.0
2006-11-16 00:00:00-05:00,3.3525638580322266,3.3525638580322266,3.3525638580322266,3.3525638580322266,9566,0.0,0.0
2006-11-17 00:00:00-05:00,3.3525638580322266,3.3525638580322266,3.0477853254838423,3.3525638580322266,15416,0.0,0.0
2006-11-20 00:00:00-05:00,3.3525638580322266,3.3525638580322266,3.0477853254838423,3.3525638580322266,24388,0.0,0.0
2006-11-21 00:00:00-05:00,3.3525638580322266,3.3525638580322266,3.0477853254838423,3.3525638580322266,8294,0.0,0.0
2006-11-22 00:00:00-05:00,3.3525638580322266,3.3525638580322266,3.0477853254838423,3.3525638580322266,4632,0.0,0.0
2006-11-24 00:00:00-05:00,3.0477845668792725,3.3525630235671997,3.0477845668792725,3.0477845668792725,16026,0.0,0.0
2006-11-27 00:00:00-05:00,3.0477845668792725,3.3525630235671997,3.0477845668792725,3.0477845668792725,17434,0.0,0.0
2006-11-28 00:00:00-05:00,3.0477853254838423,3.3525638580322266,3.0477853254838423,3.3525638580322266,19496,0.0,0.0
2006-11-29 00:00:00-05:00,3.3525630235671997,3.3525630235671997,3.0477845668792725,3.0477845668792725,10700,0.0,0.0
2006-11-30 00:00:00-05:00,3.0477845668792725,3.3525630235671997,3.0477845668792725,3.0477845668792725,21734,0.0,0.0
2006-12-01 00:00:00-05:00,3.0477845668792725,3.3525630235671997,3.0477845668792725,3.0477845668792725,10760,0.0,0.0
2006-12-04 00:00:00-05:00,3.0477845668792725,3.0477845668792725,2.743006110191345,3.0477845668792725,17546,0.0,0.0
2006-12-05 00:00:00-05:00,3.0477845668792725,3.0477845668792725,3.0477845668792725,3.0477845668792725,12042,0.0,0.0
2006-12-06 00:00:00-05:00,3.0477865537007647,3.0477865537007647,2.7430078983306885,2.7430078983306885,12884,0.0,0.0
2006-12-07 00:00:00-05:00,3.0477865537007647,3.0477865537007647,2.7430078983306885,2.7430078983306885,14822,0.0,0.0
2006-12-08 00:00:00-05:00,2.743006110191345,3.0477845668792725,2.743006110191345,3.0477845668792725,7948,0.0,0.0
2006-12-11 00:00:00-05:00,3.0477845668792725,3.0477845668792725,3.0477845668792725,3.0477845668792725,3652,0.0,0.0
2006-12-12 00:00:00-05:00,3.0477845668792725,3.0477845668792725,3.0477845668792725,3.0477845668792725,19996,0.0,0.0
2006-12-13 00:00:00-05:00,3.0477845668792725,3.0477845668792725,3.0477845668792725,3.0477845668792725,5176,0.0,0.0
2006-12-14 00:00:00-05:00,3.0477845668792725,3.0477845668792725,3.0477845668792725,3.0477845668792725,2576,0.0,0.0
2006-12-15 00:00:00-05:00,3.0477845668792725,3.0477845668792725,3.0477845668792725,3.0477845668792725,5744,0.0,0.0
2006-12-18 00:00:00-05:00,3.0477845668792725,3.0477845668792725,3.0477845668792725,3.0477845668792725,3766,0.0,0.0
2006-12-19 00:00:00-05:00,3.0477865537007647,3.0477865537007647,2.7430078983306885,2.7430078983306885,9454,0.0,0.0
2006-12-20 00:00:00-05:00,2.7430078983306885,3.0477865537007647,2.7430078983306885,2.7430078983306885,9618,0.0,0.0
2006-12-21 00:00:00-05:00,3.0477865537007647,3.0477865537007647,2.7430078983306885,2.7430078983306885,24142,0.0,0.0
2006-12-22 00:00:00-05:00,2.7430078983306885,2.7430078983306885,2.7430078983306885,2.7430078983306885,4724,0.0,0.0
2006-12-26 00:00:00-05:00,2.7430069148540497,2.7430069148540497,2.4382283687591553,2.4382283687591553,29588,0.0,0.0
2006-12-27 00:00:00-05:00,2.4382283687591553,2.7430069148540497,2.4382283687591553,2.4382283687591553,19958,0.0,0.0
2006-12-28 00:00:00-05:00,2.4382283687591553,2.7430069148540497,2.4382283687591553,2.4382283687591553,58326,0.0,0.0
2006-12-29 00:00:00-05:00,2.4382283687591553,2.7430069148540497,2.4382283687591553,2.4382283687591553,24916,0.0,0.0
2007-01-03 00:00:00-05:00,2.438229242960612,2.7430078983306885,2.438229242960612,2.7430078983306885,10266,0.0,0.0
2007-01-04 00:00:00-05:00,2.4382283687591553,2.7430069148540497,2.4382283687591553,2.4382283687591553,9884,0.0,0.0
2007-01-05 00:00:00-05:00,2.4382283687591553,2.7430069148540497,2.4382283687591553,2.4382283687591553,7810,0.0,0.0
2007-01-08 00:00:00-05:00,2.4382283687591553,2.4382283687591553,2.4382283687591553,2.4382283687591553,16396,0.0,0.0
2007-01-09 00:00:00-05:00,2.4382283687591553,2.4382283687591553,2.133449822664261,2.4382283687591553,25468,0.0,0.0
2007-01-10 00:00:00-05:00,2.4382283687591553,2.4382283687591553,2.133449822664261,2.4382283687591553,35056,0.0,0.0
2007-01-11 00:00:00-05:00,2.4382283687591553,2.4382283687591553,2.4382283687591553,2.4382283687591553,12468,0.0,0.0
2007-01-12 00:00:00-05:00,2.438229242960612,2.7430078983306885,2.438229242960612,2.7430078983306885,12650,0.0,0.0
2007-01-16 00:00:00-05:00,2.7430069148540497,2.7430069148540497,2.4382283687591553,2.4382283687591553,3672,0.0,0.0
2007-01-17 00:00:00-05:00,2.7430069148540497,2.7430069148540497,2.4382283687591553,2.4382283687591553,5722,0.0,0.0
2007-01-18 00:00:00-05:00,2.4382283687591553,2.4382283687591553,2.4382283687591553,2.4382283687591553,6960,0.0,0.0
2007-01-19 00:00:00-05:00,2.4382283687591553,2.4382283687591553,2.4382283687591553,2.4382283687591553,16830,0.0,0.0
2007-01-22 00:00:00-05:00,2.4382283687591553,2.4382283687591553,2.4382283687591553,2.4382283687591553,5780,0.0,0.0
2007-01-23 00:00:00-05:00,2.4382283687591553,2.4382283687591553,2.133449822664261,2.4382283687591553,45822,0.0,0.0
2007-01-24 00:00:00-05:00,2.4382283687591553,2.4382283687591553,2.133449822664261,2.4382283687591553,10154,0.0,0.0
2007-01-25 00:00:00-05:00,2.4382283687591553,2.4382283687591553,2.133449822664261,2.4382283687591553,15846,0.0,0.0
2007-01-26 00:00:00-05:00,2.4382286071777344,2.4382286071777344,2.1334500312805176,2.1334500312805176,6278,0.0,0.0
2007-01-29 00:00:00-05:00,2.133449822664261,2.4382283687591553,2.133449822664261,2.4382283687591553,14386,0.0,0.0
2007-01-30 00:00:00-05:00,2.4382283687591553,2.4382283687591553,2.4382283687591553,2.4382283687591553,9290,0.0,0.0
2007-01-31 00:00:00-05:00,2.4382283687591553,2.4382283687591553,2.4382283687591553,2.4382283687591553,9342,0.0,0.0
2007-02-01 00:00:00-05:00,2.4382283687591553,2.4382283687591553,2.4382283687591553,2.4382283687591553,5312,0.0,0.0
2007-02-02 00:00:00-05:00,2.4382283687591553,2.4382283687591553,2.4382283687591553,2.4382283687591553,6832,0.0,0.0
2007-02-05 00:00:00-05:00,2.4382283687591553,2.4382283687591553,2.4382283687591553,2.4382283687591553,2906,0.0,0.0
2007-02-06 00:00:00-05:00,2.4382283687591553,2.4382283687591553,2.4382283687591553,2.4382283687591553,5152,0.0,0.0
2007-02-07 00:00:00-05:00,2.4382283687591553,2.4382283687591553,2.4382283687591553,2.4382283687591553,4552,0.0,0.0
2007-02-08 00:00:00-05:00,2.4382283687591553,2.4382283687591553,2.133449822664261,2.4382283687591553,8828,0.0,0.0
2007-02-09 00:00:00-05:00,2.133449822664261,2.4382283687591553,2.133449822664261,2.4382283687591553,10282,0.0,0.0
2007-02-12 00:00:00-05:00,2.4382283687591553,2.4382283687591553,2.4382283687591553,2.4382283687591553,4422,0.0,0.0
2007-02-13 00:00:00-05:00,2.4382283687591553,2.4382283687591553,2.4382283687591553,2.4382283687591553,1948,0.0,0.0
2007-02-14 00:00:00-05:00,2.4382283687591553,2.4382283687591553,2.4382283687591553,2.4382283687591553,6670,0.0,0.0
2007-02-15 00:00:00-05:00,2.4382283687591553,2.4382283687591553,2.4382283687591553,2.4382283687591553,3550,0.0,0.0
2007-02-16 00:00:00-05:00,2.4382283687591553,2.4382283687591553,2.4382283687591553,2.4382283687591553,3536,0.0,0.0
2007-02-20 00:00:00-05:00,2.4382283687591553,2.4382283687591553,2.4382283687591553,2.4382283687591553,10818,0.0,0.0
2007-02-21 00:00:00-05:00,2.438227653503418,3.0477845668792725,2.438227653503418,3.0477845668792725,48314,0.0,0.0
2007-02-22 00:00:00-05:00,3.0477845668792725,3.0477845668792725,3.0477845668792725,3.0477845668792725,23206,0.0,0.0
2007-02-23 00:00:00-05:00,3.0477865537007647,3.0477865537007647,2.7430078983306885,2.7430078983306885,19718,0.0,0.0
2007-02-26 00:00:00-05:00,3.0477845668792725,3.0477845668792725,2.743006110191345,3.0477845668792725,18612,0.0,0.0
2007-02-27 00:00:00-05:00,2.7430078983306885,2.7430078983306885,2.438229242960612,2.7430078983306885,8950,0.0,0.0
2007-02-28 00:00:00-05:00,2.7430078983306885,2.7430078983306885,2.438229242960612,2.7430078983306885,3620,0.0,0.0
2007-03-01 00:00:00-05:00,2.7430078983306885,2.7430078983306885,2.7430078983306885,2.7430078983306885,7154,0.0,0.0
2007-03-02 00:00:00-05:00,2.7430069148540497,2.7430069148540497,2.4382283687591553,2.4382283687591553,21526,0.0,0.0
2007-03-05 00:00:00-05:00,2.4382283687591553,2.7430069148540497,2.4382283687591553,2.4382283687591553,4766,0.0,0.0
2007-03-06 00:00:00-05:00,2.7430078983306885,2.7430078983306885,2.7430078983306885,2.7430078983306885,5978,0.0,0.0
2007-03-07 00:00:00-05:00,2.7430078983306885,2.7430078983306885,2.7430078983306885,2.7430078983306885,11780,0.0,0.0
2007-03-08 00:00:00-05:00,2.743006110191345,3.0477845668792725,2.743006110191345,3.0477845668792725,22312,0.0,0.0
2007-03-09 00:00:00-05:00,3.0477865537007647,3.0477865537007647,2.7430078983306885,2.7430078983306885,8028,0.0,0.0
2007-03-12 00:00:00-04:00,2.743006110191345,3.0477845668792725,2.743006110191345,3.0477845668792725,10306,0.0,0.0
2007-03-13 00:00:00-04:00,3.0477865537007647,3.0477865537007647,2.7430078983306885,2.7430078983306885,5936,0.0,0.0
2007-03-14 00:00:00-04:00,2.7430078983306885,2.7430078983306885,2.438229242960612,2.7430078983306885,7558,0.0,0.0
2007-03-15 00:00:00-04:00,2.7430078983306885,2.7430078983306885,2.438229242960612,2.7430078983306885,8598,0.0,0.0
2007-03-16 00:00:00-04:00,2.7430078983306885,2.7430078983306885,2.7430078983306885,2.7430078983306885,11028,0.0,0.0
2007-03-19 00:00:00-04:00,2.743006110191345,3.0477845668792725,2.743006110191345,3.0477845668792725,5758,0.0,0.0
2007-03-20 00:00:00-04:00,2.743006110191345,3.0477845668792725,2.743006110191345,3.0477845668792725,20900,0.0,0.0
2007-03-21 00:00:00-04:00,3.0477845668792725,3.0477845668792725,2.743006110191345,3.0477845668792725,42100,0.0,0.0
2007-03-22 00:00:00-04:00,3.0477853254838423,3.3525638580322266,3.0477853254838423,3.3525638580322266,27252,0.0,0.0
2007-03-23 00:00:00-04:00,3.3525638580322266,3.6573423905806104,3.3525638580322266,3.3525638580322266,30564,0.0,0.0
2007-03-26 00:00:00-04:00,3.35256473834698,3.962121963500976,3.35256473834698,3.9621219635009766,58074,0.0,0.0
2007-03-27 00:00:00-04:00,3.962121744950612,3.962121744950612,3.352564553419749,3.6573431491851807,26700,0.0,0.0
2007-03-28 00:00:00-04:00,3.6573423905806104,3.6573423905806104,3.3525638580322266,3.3525638580322266,9396,0.0,0.0
2007-03-29 00:00:00-04:00,3.6573431491851807,3.6573431491851807,3.6573431491851807,3.6573431491851807,11874,0.0,0.0
2007-03-30 00:00:00-04:00,3.6573431491851807,3.6573431491851807,3.352564553419749,3.6573431491851807,11504,0.0,0.0
2007-04-02 00:00:00-04:00,3.6573423905806104,3.6573423905806104,3.3525638580322266,3.3525638580322266,14474,0.0,0.0
2007-04-03 00:00:00-04:00,3.3525638580322266,3.3525638580322266,3.3525638580322266,3.3525638580322266,21292,0.0,0.0
2007-04-04 00:00:00-04:00,3.352564553419749,3.6573431491851807,3.352564553419749,3.6573431491851807,20778,0.0,0.0
2007-04-05 00:00:00-04:00,3.6573431491851807,3.962121744950612,3.6573431491851807,3.6573431491851807,22200,0.0,0.0
2007-04-09 00:00:00-04:00,3.657343350923978,3.962121963500976,3.657343350923978,3.9621219635009766,27036,0.0,0.0
2007-04-10 00:00:00-04:00,3.9621214866638184,4.266900062561035,3.9621214866638184,4.266900062561035,22978,0.0,0.0
2007-04-11 00:00:00-04:00,3.962121963500976,4.266900576077974,3.962121963500976,3.9621219635009766,18616,0.0,0.0
2007-04-12 00:00:00-04:00,3.962121963500976,4.266900576077974,3.962121963500976,3.9621219635009766,14274,0.0,0.0
2007-04-13 00:00:00-04:00,3.9621214866638184,4.266900062561035,3.9621214866638184,4.266900062561035,14696,0.0,0.0
2007-04-16 00:00:00-04:00,4.26690050760905,4.876457722981771,4.26690050760905,4.57167911529541,75304,0.0,0.0
2007-04-17 00:00:00-04:00,4.57167911529541,4.876457722981771,4.26690050760905,4.57167911529541,28332,0.0,0.0
2007-04-18 00:00:00-04:00,4.571678191423416,4.8764567375183105,4.266899645328522,4.8764567375183105,38544,0.0,0.0
2007-04-19 00:00:00-04:00,4.876456765567555,5.181235313415527,4.876456765567555,5.181235313415527,69182,0.0,0.0
2007-04-20 00:00:00-04:00,5.1812371412913,5.486015796661377,5.1812371412913,5.486015796661377,63574,0.0,0.0
2007-04-23 00:00:00-04:00,5.48601222038269,6.095569133758545,5.48601222038269,6.095569133758545,169876,0.0,0.0
2007-04-24 00:00:00-04:00,6.400350620872096,6.705129221866006,5.790793418884277,5.790793418884277,94096,0.0,0.0
2007-04-25 00:00:00-04:00,5.7907924091114715,5.7907924091114715,5.181235313415527,5.181235313415527,75176,0.0,0.0
2007-04-26 00:00:00-04:00,5.181235283613205,5.181235283613205,4.571678191423416,4.8764567375183105,52334,0.0,0.0
2007-04-27 00:00:00-04:00,4.876456765567555,5.181235313415527,4.876456765567555,5.181235313415527,37212,0.0,0.0
2007-04-30 00:00:00-04:00,5.181235313415527,5.486013861263499,5.181235313415527,5.181235313415527,60286,0.0,0.0
2007-05-01 00:00:00-04:00,5.181235283613205,5.181235283613205,4.8764567375183105,4.8764567375183105,39420,0.0,0.0
2007-05-02 00:00:00-04:00,4.876456765567555,5.181235313415527,4.876456765567555,5.181235313415527,22568,0.0,0.0
2007-05-03 00:00:00-04:00,5.181235313415527,5.181235313415527,4.876456765567555,5.181235313415527,18742,0.0,0.0
2007-05-04 00:00:00-04:00,5.181235313415527,5.181235313415527,5.181235313415527,5.181235313415527,11174,0.0,0.0
2007-05-07 00:00:00-04:00,5.181235283613205,5.486013829708099,4.8764567375183105,4.8764567375183105,23092,0.0,0.0
2007-05-08 00:00:00-04:00,4.876457722981771,5.181236330668131,4.57167911529541,4.57167911529541,28450,0.0,0.0
2007-05-09 00:00:00-04:00,4.57167911529541,4.876457722981771,4.57167911529541,4.57167911529541,33822,0.0,0.0
2007-05-10 00:00:00-04:00,4.571678191423416,5.181235283613205,4.571678191423416,4.8764567375183105,20194,0.0,0.0
2007-05-11 00:00:00-04:00,4.8764567375183105,4.8764567375183105,4.8764567375183105,4.8764567375183105,4178,0.0,0.0
2007-05-14 00:00:00-04:00,4.8764567375183105,4.8764567375183105,4.8764567375183105,4.8764567375183105,3568,0.0,0.0
2007-05-15 00:00:00-04:00,4.876457214355469,4.876457214355469,4.266900062561035,4.266900062561035,26904,0.0,0.0
2007-05-16 00:00:00-04:00,4.266900062561035,4.266900062561035,4.266900062561035,4.266900062561035,18180,0.0,0.0
2007-05-17 00:00:00-04:00,3.962121963500976,4.266900576077974,3.962121963500976,3.9621219635009766,23160,0.0,0.0
2007-05-18 00:00:00-04:00,3.9621214866638184,4.266900062561035,3.9621214866638184,4.266900062561035,32376,0.0,0.0
2007-05-21 00:00:00-04:00,3.9621214866638184,4.266900062561035,3.9621214866638184,4.266900062561035,4036,0.0,0.0
2007-05-22 00:00:00-04:00,4.266900062561035,4.266900062561035,3.9621214866638184,4.266900062561035,15778,0.0,0.0
2007-05-23 00:00:00-04:00,4.266900062561035,4.266900062561035,4.266900062561035,4.266900062561035,2826,0.0,0.0
2007-05-24 00:00:00-04:00,4.266900576077974,4.266900576077974,3.962121963500976,3.9621219635009766,4386,0.0,0.0
2007-05-25 00:00:00-04:00,3.962121963500976,4.266900576077974,3.962121963500976,3.9621219635009766,12778,0.0,0.0
2007-05-29 00:00:00-04:00,3.962121963500976,3.962121963500976,3.962121963500976,3.9621219635009766,2850,0.0,0.0
2007-05-30 00:00:00-04:00,4.266900062561035,4.266900062561035,4.266900062561035,4.266900062561035,7944,0.0,0.0
2007-05-31 00:00:00-04:00,4.57167911529541,4.57167911529541,4.26690050760905,4.57167911529541,9946,0.0,0.0
2007-06-01 00:00:00-04:00,4.57167911529541,4.57167911529541,4.57167911529541,4.57167911529541,5898,0.0,0.0
2007-06-04 00:00:00-04:00,4.876457722981771,4.876457722981771,4.57167911529541,4.57167911529541,13832,0.0,0.0
2007-06-05 00:00:00-04:00,4.57167911529541,4.57167911529541,4.57167911529541,4.57167911529541,8800,0.0,0.0
2007-06-06 00:00:00-04:00,4.266900062561035,4.571678638458252,4.266900062561035,4.266900062561035,12700,0.0,0.0
2007-06-07 00:00:00-04:00,4.266900062561035,4.266900062561035,3.9621214866638184,4.266900062561035,4580,0.0,0.0
2007-06-08 00:00:00-04:00,4.266899645328522,4.8764567375183105,4.266899645328522,4.8764567375183105,32178,0.0,0.0
2007-06-11 00:00:00-04:00,4.8764567375183105,5.181235283613205,4.8764567375183105,4.8764567375183105,15406,0.0,0.0
2007-06-12 00:00:00-04:00,4.876457722981771,4.876457722981771,4.57167911529541,4.57167911529541,15200,0.0,0.0
2007-06-13 00:00:00-04:00,4.571678638458252,4.571678638458252,4.266900062561035,4.266900062561035,11474,0.0,0.0
2007-06-14 00:00:00-04:00,4.266900062561035,4.571678638458252,4.266900062561035,4.266900062561035,6162,0.0,0.0
2007-06-15 00:00:00-04:00,4.57167911529541,4.876457722981771,4.26690050760905,4.57167911529541,10724,0.0,0.0
2007-06-18 00:00:00-04:00,4.57167911529541,4.57167911529541,4.57167911529541,4.57167911529541,15400,0.0,0.0
2007-06-19 00:00:00-04:00,4.57167911529541,4.57167911529541,4.57167911529541,4.57167911529541,7216,0.0,0.0
2007-06-20 00:00:00-04:00,4.57167911529541,4.57167911529541,4.26690050760905,4.57167911529541,10828,0.0,0.0
2007-06-21 00:00:00-04:00,4.57167911529541,4.57167911529541,4.57167911529541,4.57167911529541,7344,0.0,0.0
2007-06-22 00:00:00-04:00,4.571678191423416,4.8764567375183105,4.571678191423416,4.8764567375183105,16034,0.0,0.0
2007-06-25 00:00:00-04:00,4.876457722981771,4.876457722981771,4.57167911529541,4.57167911529541,6358,0.0,0.0
2007-06-26 00:00:00-04:00,4.571678638458252,4.571678638458252,4.266900062561035,4.266900062561035,11658,0.0,0.0
2007-06-27 00:00:00-04:00,4.26690050760905,4.57167911529541,3.9621218999226886,4.57167911529541,7660,0.0,0.0
2007-06-28 00:00:00-04:00,4.571678638458252,4.571678638458252,4.266900062561035,4.266900062561035,1682,0.0,0.0
2007-06-29 00:00:00-04:00,4.266900062561035,4.266900062561035,4.266900062561035,4.266900062561035,1980,0.0,0.0
2007-07-02 00:00:00-04:00,4.26690050760905,4.57167911529541,4.26690050760905,4.57167911529541,8834,0.0,0.0
2007-07-03 00:00:00-04:00,4.57167911529541,4.57167911529541,4.26690050760905,4.57167911529541,2960,0.0,0.0
2007-07-05 00:00:00-04:00,4.266900062561035,4.571678638458252,4.266900062561035,4.266900062561035,3272,0.0,0.0
2007-07-06 00:00:00-04:00,4.26690050760905,4.57167911529541,4.26690050760905,4.57167911529541,16202,0.0,0.0
2007-07-09 00:00:00-04:00,4.57167911529541,4.57167911529541,4.26690050760905,4.57167911529541,9192,0.0,0.0
2007-07-10 00:00:00-04:00,4.266900062561035,4.266900062561035,4.266900062561035,4.266900062561035,9500,0.0,0.0
2007-07-11 00:00:00-04:00,4.266900062561035,4.266900062561035,4.266900062561035,4.266900062561035,4100,0.0,0.0
2007-07-12 00:00:00-04:00,4.266900062561035,4.266900062561035,4.266900062561035,4.266900062561035,2932,0.0,0.0
2007-07-13 00:00:00-04:00,4.266900062561035,4.571678638458252,4.266900062561035,4.266900062561035,14406,0.0,0.0
2007-07-16 00:00:00-04:00,4.571678638458252,4.571678638458252,4.266900062561035,4.266900062561035,20260,0.0,0.0
2007-07-17 00:00:00-04:00,4.266900576077974,4.266900576077974,3.962121963500976,3.9621219635009766,8482,0.0,0.0
2007-07-18 00:00:00-04:00,3.962121963500976,4.266900576077974,3.962121963500976,3.9621219635009766,6246,0.0,0.0
2007-07-19 00:00:00-04:00,4.266900062561035,4.266900062561035,3.9621214866638184,4.266900062561035,8202,0.0,0.0
2007-07-20 00:00:00-04:00,3.9621214866638184,4.266900062561035,3.9621214866638184,4.266900062561035,25996,0.0,0.0
2007-07-23 00:00:00-04:00,4.266900576077974,4.266900576077974,3.962121963500976,3.9621219635009766,4646,0.0,0.0
2007-07-24 00:00:00-04:00,3.962121963500976,3.962121963500976,3.962121963500976,3.9621219635009766,7382,0.0,0.0
2007-07-25 00:00:00-04:00,3.962121744950612,3.962121744950612,3.6573431491851807,3.6573431491851807,7642,0.0,0.0
2007-07-26 00:00:00-04:00,3.6573431491851807,3.962121744950612,3.6573431491851807,3.6573431491851807,18510,0.0,0.0
2007-07-27 00:00:00-04:00,3.657343350923978,3.962121963500976,3.657343350923978,3.9621219635009766,6148,0.0,0.0
2007-07-30 00:00:00-04:00,3.962121963500976,3.962121963500976,3.962121963500976,3.9621219635009766,12612,0.0,0.0
2007-07-31 00:00:00-04:00,3.962121963500976,3.962121963500976,3.657343350923978,3.9621219635009766,11326,0.0,0.0
2007-08-01 00:00:00-04:00,3.962121963500976,3.962121963500976,3.962121963500976,3.9621219635009766,10926,0.0,0.0
2007-08-02 00:00:00-04:00,3.962121963500976,3.962121963500976,3.962121963500976,3.9621219635009766,3170,0.0,0.0
2007-08-03 00:00:00-04:00,3.962121963500976,3.962121963500976,3.962121963500976,3.9621219635009766,230,0.0,0.0
2007-08-06 00:00:00-04:00,3.962121963500976,3.962121963500976,3.962121963500976,3.9621219635009766,1228,0.0,0.0
2007-08-07 00:00:00-04:00,3.962121963500976,3.962121963500976,3.657343350923978,3.9621219635009766,3300,0.0,0.0
2007-08-08 00:00:00-04:00,3.962121963500976,3.962121963500976,3.657343350923978,3.9621219635009766,9272,0.0,0.0
2007-08-09 00:00:00-04:00,3.962121963500976,3.962121963500976,3.657343350923978,3.9621219635009766,11710,0.0,0.0
2007-08-10 00:00:00-04:00,3.6573431491851807,3.962121744950612,3.6573431491851807,3.6573431491851807,6786,0.0,0.0
2007-08-13 00:00:00-04:00,3.6573431491851807,3.6573431491851807,3.352564553419749,3.6573431491851807,5458,0.0,0.0
2007-08-14 00:00:00-04:00,3.6573431491851807,3.962121744950612,3.6573431491851807,3.6573431491851807,6572,0.0,0.0
2007-08-15 00:00:00-04:00,3.6573423905806104,3.6573423905806104,3.0477853254838423,3.3525638580322266,19540,0.0,0.0
2007-08-16 00:00:00-04:00,3.3525638580322266,3.3525638580322266,3.0477853254838423,3.3525638580322266,36750,0.0,0.0
2007-08-17 00:00:00-04:00,3.352564553419749,3.6573431491851807,3.352564553419749,3.6573431491851807,24728,0.0,0.0
2007-08-20 00:00:00-04:00,3.6573431491851807,3.6573431491851807,3.352564553419749,3.6573431491851807,20790,0.0,0.0
2007-08-21 00:00:00-04:00,3.6573423905806104,3.6573423905806104,3.3525638580322266,3.3525638580322266,22794,0.0,0.0
2007-08-22 00:00:00-04:00,3.3525638580322266,3.3525638580322266,3.0477853254838423,3.3525638580322266,8262,0.0,0.0
2007-08-23 00:00:00-04:00,3.3525638580322266,3.3525638580322266,3.3525638580322266,3.3525638580322266,13394,0.0,0.0
2007-08-24 00:00:00-04:00,3.3525638580322266,3.3525638580322266,3.3525638580322266,3.3525638580322266,15384,0.0,0.0
2007-08-27 00:00:00-04:00,3.3525638580322266,3.6573423905806104,3.3525638580322266,3.3525638580322266,5870,0.0,0.0
2007-08-28 00:00:00-04:00,3.3525638580322266,3.3525638580322266,3.0477853254838423,3.3525638580322266,3788,0.0,0.0
2007-08-29 00:00:00-04:00,3.3525638580322266,3.3525638580322266,3.3525638580322266,3.3525638580322266,6260,0.0,0.0
2007-08-30 00:00:00-04:00,3.3525638580322266,3.3525638580322266,3.3525638580322266,3.3525638580322266,2722,0.0,0.0
2007-08-31 00:00:00-04:00,3.3525638580322266,3.3525638580322266,3.3525638580322266,3.3525638580322266,8056,0.0,0.0
2007-09-04 00:00:00-04:00,3.3525638580322266,3.6573423905806104,3.3525638580322266,3.3525638580322266,18350,0.0,0.0
2007-09-05 00:00:00-04:00,3.352564553419749,3.6573431491851807,3.352564553419749,3.6573431491851807,8678,0.0,0.0
2007-09-06 00:00:00-04:00,3.657343350923978,3.962121963500976,3.657343350923978,3.9621219635009766,17130,0.0,0.0
2007-09-07 00:00:00-04:00,3.9621214866638184,4.266900062561035,3.6573429107666016,4.266900062561035,17986,0.0,0.0
2007-09-10 00:00:00-04:00,4.266900576077974,4.266900576077974,3.962121963500976,3.9621219635009766,6348,0.0,0.0
2007-09-11 00:00:00-04:00,3.9621214866638184,4.266900062561035,3.9621214866638184,4.266900062561035,11002,0.0,0.0
2007-09-12 00:00:00-04:00,4.266900062561035,4.266900062561035,3.9621214866638184,4.266900062561035,4142,0.0,0.0
2007-09-13 00:00:00-04:00,4.266900576077974,4.266900576077974,3.962121963500976,3.9621219635009766,3736,0.0,0.0
2007-09-14 00:00:00-04:00,3.9621214866638184,4.266900062561035,3.9621214866638184,4.266900062561035,1982,0.0,0.0
2007-09-17 00:00:00-04:00,3.657343350923978,4.266900576077974,3.657343350923978,3.9621219635009766,7152,0.0,0.0
2007-09-18 00:00:00-04:00,3.9621214866638184,4.266900062561035,3.9621214866638184,4.266900062561035,10230,0.0,0.0
2007-09-19 00:00:00-04:00,4.266900062561035,4.266900062561035,3.9621214866638184,4.266900062561035,22024,0.0,0.0
2007-09-20 00:00:00-04:00,4.266900062561035,4.571678638458252,4.266900062561035,4.266900062561035,36734,0.0,0.0
2007-09-21 00:00:00-04:00,4.266900062561035,4.571678638458252,4.266900062561035,4.266900062561035,7930,0.0,0.0
2007-09-24 00:00:00-04:00,4.266900062561035,4.266900062561035,4.266900062561035,4.266900062561035,1216,0.0,0.0
2007-09-25 00:00:00-04:00,4.266900062561035,4.266900062561035,3.9621214866638184,4.266900062561035,17206,0.0,0.0
2007-09-26 00:00:00-04:00,4.266900062561035,4.571678638458252,4.266900062561035,4.266900062561035,4606,0.0,0.0
2007-09-27 00:00:00-04:00,4.266900062561035,4.266900062561035,4.266900062561035,4.266900062561035,6332,0.0,0.0
2007-09-28 00:00:00-04:00,4.571678638458252,4.571678638458252,4.266900062561035,4.266900062561035,6106,0.0,0.0
2007-10-01 00:00:00-04:00,4.266900576077974,4.266900576077974,3.962121963500976,3.9621219635009766,4818,0.0,0.0
2007-10-02 00:00:00-04:00,3.962121963500976,4.266900576077974,3.657343350923978,3.9621219635009766,8322,0.0,0.0
2007-10-03 00:00:00-04:00,3.6573431491851807,3.962121744950612,3.6573431491851807,3.6573431491851807,188,0.0,0.0
2007-10-04 00:00:00-04:00,3.657343350923978,3.962121963500976,3.657343350923978,3.9621219635009766,2414,0.0,0.0
2007-10-05 00:00:00-04:00,3.962121963500976,4.266900576077974,3.962121963500976,3.9621219635009766,12556,0.0,0.0
2007-10-08 00:00:00-04:00,3.962121963500976,3.962121963500976,3.657343350923978,3.9621219635009766,3406,0.0,0.0
2007-10-09 00:00:00-04:00,3.6573429107666016,4.266900062561035,3.6573429107666016,4.266900062561035,9148,0.0,0.0
2007-10-10 00:00:00-04:00,4.266900062561035,4.266900062561035,3.9621214866638184,4.266900062561035,6462,0.0,0.0
2007-10-11 00:00:00-04:00,3.9621214866638184,4.571678638458252,3.9621214866638184,4.266900062561035,21012,0.0,0.0
2007-10-12 00:00:00-04:00,4.26690050760905,4.57167911529541,4.26690050760905,4.57167911529541,31268,0.0,0.0
2007-10-15 00:00:00-04:00,4.57167911529541,4.57167911529541,4.57167911529541,4.57167911529541,15050,0.0,0.0
2007-10-16 00:00:00-04:00,4.57167911529541,4.57167911529541,4.26690050760905,4.57167911529541,8098,0.0,0.0
2007-10-17 00:00:00-04:00,4.571678638458252,4.571678638458252,4.266900062561035,4.266900062561035,6796,0.0,0.0
2007-10-18 00:00:00-04:00,4.266900062561035,4.571678638458252,4.266900062561035,4.266900062561035,14056,0.0,0.0
2007-10-19 00:00:00-04:00,4.26690050760905,4.57167911529541,3.9621218999226886,4.57167911529541,5306,0.0,0.0
2007-10-22 00:00:00-04:00,4.571678638458252,4.571678638458252,4.266900062561035,4.266900062561035,8628,0.0,0.0
2007-10-23 00:00:00-04:00,4.266900062561035,4.266900062561035,4.266900062561035,4.266900062561035,2550,0.0,0.0
2007-10-24 00:00:00-04:00,4.266900062561035,4.266900062561035,4.266900062561035,4.266900062561035,8454,0.0,0.0
2007-10-25 00:00:00-04:00,4.266900576077974,4.266900576077974,3.962121963500976,3.9621219635009766,17334,0.0,0.0
2007-10-26 00:00:00-04:00,3.9621214866638184,4.266900062561035,3.9621214866638184,4.266900062561035,9296,0.0,0.0
2007-10-29 00:00:00-04:00,3.9621214866638184,4.266900062561035,3.9621214866638184,4.266900062561035,13312,0.0,0.0
2007-10-30 00:00:00-04:00,4.266900576077974,4.266900576077974,3.962121963500976,3.9621219635009766,6912,0.0,0.0
2007-10-31 00:00:00-04:00,3.962121963500976,4.266900576077974,3.962121963500976,3.9621219635009766,8486,0.0,0.0
2007-11-01 00:00:00-04:00,3.962121963500976,3.962121963500976,3.962121963500976,3.9621219635009766,6176,0.0,0.0
2007-11-02 00:00:00-04:00,3.9621214866638184,4.266900062561035,3.9621214866638184,4.266900062561035,15148,0.0,0.0
2007-11-05 00:00:00-05:00,4.266900062561035,4.266900062561035,3.6573429107666016,4.266900062561035,8056,0.0,0.0
2007-11-06 00:00:00-05:00,4.266900062561035,4.571678638458252,4.266900062561035,4.266900062561035,29446,0.0,0.0
2007-11-07 00:00:00-05:00,4.266900062561035,4.266900062561035,4.266900062561035,4.266900062561035,18836,0.0,0.0
2007-11-08 00:00:00-05:00,4.266900062561035,4.266900062561035,3.9621214866638184,4.266900062561035,4590,0.0,0.0
2007-11-09 00:00:00-05:00,4.266900576077974,4.266900576077974,3.962121963500976,3.9621219635009766,16562,0.0,0.0
2007-11-12 00:00:00-05:00,3.962121744950612,4.2669003407160435,3.6573431491851807,3.6573431491851807,59328,0.0,0.0
2007-11-13 00:00:00-05:00,3.6573431491851807,3.962121744950612,3.6573431491851807,3.6573431491851807,19182,0.0,0.0
2007-11-14 00:00:00-05:00,3.962121963500976,3.962121963500976,3.657343350923978,3.9621219635009766,11950,0.0,0.0
2007-11-15 00:00:00-05:00,3.962121744950612,3.962121744950612,3.6573431491851807,3.6573431491851807,4248,0.0,0.0
2007-11-16 00:00:00-05:00,3.6573431491851807,3.6573431491851807,3.6573431491851807,3.6573431491851807,7610,0.0,0.0
2007-11-19 00:00:00-05:00,3.6573423905806104,3.6573423905806104,3.3525638580322266,3.3525638580322266,22714,0.0,0.0
2007-11-20 00:00:00-05:00,3.3525638580322266,3.3525638580322266,3.0477853254838423,3.3525638580322266,11778,0.0,0.0
2007-11-21 00:00:00-05:00,3.3525638580322266,3.3525638580322266,3.0477853254838423,3.3525638580322266,26622,0.0,0.0
2007-11-23 00:00:00-05:00,3.3525638580322266,3.3525638580322266,3.3525638580322266,3.3525638580322266,16714,0.0,0.0
2007-11-26 00:00:00-05:00,3.352564553419749,3.6573431491851807,3.352564553419749,3.6573431491851807,14226,0.0,0.0
2007-11-27 00:00:00-05:00,3.3525630235671997,3.3525630235671997,3.0477845668792725,3.0477845668792725,18646,0.0,0.0
2007-11-28 00:00:00-05:00,3.0477845668792725,3.3525630235671997,3.0477845668792725,3.0477845668792725,4336,0.0,0.0
2007-11-29 00:00:00-05:00,3.3525630235671997,3.3525630235671997,3.0477845668792725,3.0477845668792725,2878,0.0,0.0
2007-11-30 00:00:00-05:00,3.352564553419749,3.6573431491851807,3.352564553419749,3.6573431491851807,15138,0.0,0.0
2007-12-03 00:00:00-05:00,3.3525638580322266,3.6573423905806104,3.3525638580322266,3.3525638580322266,9238,0.0,0.0
2007-12-04 00:00:00-05:00,3.3525638580322266,3.6573423905806104,3.3525638580322266,3.3525638580322266,1202,0.0,0.0
2007-12-05 00:00:00-05:00,3.6573423905806104,3.6573423905806104,3.3525638580322266,3.3525638580322266,8350,0.0,0.0
2007-12-06 00:00:00-05:00,3.352564553419749,3.6573431491851807,3.352564553419749,3.6573431491851807,4596,0.0,0.0
2007-12-07 00:00:00-05:00,3.6573423905806104,3.6573423905806104,3.3525638580322266,3.3525638580322266,7358,0.0,0.0
2007-12-10 00:00:00-05:00,3.3525638580322266,3.3525638580322266,3.3525638580322266,3.3525638580322266,2332,0.0,0.0
2007-12-11 00:00:00-05:00,3.3525638580322266,3.3525638580322266,3.3525638580322266,3.3525638580322266,9834,0.0,0.0
2007-12-12 00:00:00-05:00,3.3525630235671997,3.3525630235671997,3.0477845668792725,3.0477845668792725,6832,0.0,0.0
2007-12-13 00:00:00-05:00,3.0477853254838423,3.3525638580322266,3.0477853254838423,3.3525638580322266,8236,0.0,0.0
2007-12-14 00:00:00-05:00,3.3525638580322266,3.3525638580322266,3.0477853254838423,3.3525638580322266,1258,0.0,0.0
2007-12-17 00:00:00-05:00,3.0477845668792725,3.3525630235671997,3.0477845668792725,3.0477845668792725,7972,0.0,0.0
2007-12-18 00:00:00-05:00,3.0477845668792725,3.0477845668792725,3.0477845668792725,3.0477845668792725,7728,0.0,0.0
2007-12-19 00:00:00-05:00,3.0477845668792725,3.0477845668792725,3.0477845668792725,3.0477845668792725,22482,0.0,0.0
2007-12-20 00:00:00-05:00,3.0477853254838423,3.6573423905806104,2.743006792935458,3.3525638580322266,9000,0.0,0.0
2007-12-21 00:00:00-05:00,3.352564553419749,3.6573431491851807,3.352564553419749,3.6573431491851807,17510,0.0,0.0
2007-12-24 00:00:00-05:00,3.352564553419749,3.6573431491851807,3.047785957654317,3.6573431491851807,2396,0.0,0.0
2007-12-26 00:00:00-05:00,3.3525638580322266,3.6573423905806104,3.3525638580322266,3.3525638580322266,17812,0.0,0.0
2007-12-27 00:00:00-05:00,3.3525638580322266,3.3525638580322266,3.0477853254838423,3.3525638580322266,6246,0.0,0.0
2007-12-28 00:00:00-05:00,3.0477853254838423,3.3525638580322266,3.0477853254838423,3.3525638580322266,6942,0.0,0.0
2007-12-31 00:00:00-05:00,3.6573423905806104,3.6573423905806104,3.3525638580322266,3.3525638580322266,3504,0.0,0.0
2008-01-02 00:00:00-05:00,3.352564553419749,3.962121744950612,3.352564553419749,3.6573431491851807,6704,0.0,0.0
2008-01-03 00:00:00-05:00,3.3525638580322266,3.9621209231289947,3.3525638580322266,3.3525638580322266,15432,0.0,0.0
2008-01-04 00:00:00-05:00,3.3525638580322266,3.3525638580322266,3.3525638580322266,3.3525638580322266,8740,0.0,0.0
2008-01-07 00:00:00-05:00,3.3525638580322266,3.3525638580322266,3.3525638580322266,3.3525638580322266,25204,0.0,0.0
2008-01-08 00:00:00-05:00,3.3525638580322266,3.3525638580322266,3.0477853254838423,3.3525638580322266,27866,0.0,0.0
2008-01-09 00:00:00-05:00,3.3525638580322266,3.3525638580322266,3.3525638580322266,3.3525638580322266,36864,0.0,0.0
2008-01-10 00:00:00-05:00,3.3525638580322266,3.3525638580322266,3.0477853254838423,3.3525638580322266,13182,0.0,0.0
2008-01-11 00:00:00-05:00,3.352564553419749,3.6573431491851807,3.352564553419749,3.6573431491851807,4362,0.0,0.0
2008-01-14 00:00:00-05:00,3.657343350923978,3.962121963500976,3.35256473834698,3.9621219635009766,48772,0.0,0.0
2008-01-15 00:00:00-05:00,3.962121744950612,3.962121744950612,3.6573431491851807,3.6573431491851807,16998,0.0,0.0
2008-01-16 00:00:00-05:00,3.6573431491851807,3.6573431491851807,3.6573431491851807,3.6573431491851807,10486,0.0,0.0
2008-01-17 00:00:00-05:00,3.6573431491851807,3.962121744950612,3.352564553419749,3.6573431491851807,14310,0.0,0.0
2008-01-18 00:00:00-05:00,3.3525638580322266,3.6573423905806104,3.3525638580322266,3.3525638580322266,11868,0.0,0.0
2008-01-22 00:00:00-05:00,3.3525638580322266,3.3525638580322266,3.0477853254838423,3.3525638580322266,37554,0.0,0.0
2008-01-23 00:00:00-05:00,3.3525630235671997,3.3525630235671997,3.0477845668792725,3.0477845668792725,51004,0.0,0.0
2008-01-24 00:00:00-05:00,3.3525638580322266,3.3525638580322266,3.0477853254838423,3.3525638580322266,14338,0.0,0.0
2008-01-25 00:00:00-05:00,3.3525638580322266,3.3525638580322266,3.0477853254838423,3.3525638580322266,11972,0.0,0.0
2008-01-28 00:00:00-05:00,3.3525630235671997,3.3525630235671997,3.0477845668792725,3.0477845668792725,10328,0.0,0.0
2008-01-29 00:00:00-05:00,3.3525640263276943,6.095570956959444,3.3525640263276943,5.181235313415527,333912,0.0,0.0
2008-01-30 00:00:00-05:00,5.486014938354492,5.790793546040852,4.57167911529541,4.57167911529541,119904,0.0,0.0
2008-01-31 00:00:00-05:00,4.571678191423416,4.8764567375183105,4.571678191423416,4.8764567375183105,35968,0.0,0.0
2008-02-01 00:00:00-05:00,4.876456765567555,5.486013861263499,4.571678217719583,5.181235313415527,34432,0.0,0.0
2008-02-04 00:00:00-05:00,5.486014817890369,6.095572019878187,5.486014817890369,5.790793418884277,48356,0.0,0.0
2008-02-05 00:00:00-05:00,5.790794452031453,5.790794452031453,5.486015796661377,5.486015796661377,35842,0.0,0.0
2008-02-06 00:00:00-05:00,5.486015796661377,5.486015796661377,5.1812371412913,5.486015796661377,26480,0.0,0.0
2008-02-07 00:00:00-05:00,5.486013861263499,5.486013861263499,5.181235313415527,5.181235313415527,13574,0.0,0.0
2008-02-08 00:00:00-05:00,5.181235283613205,5.181235283613205,4.8764567375183105,4.8764567375183105,35708,0.0,0.0
2008-02-11 00:00:00-05:00,4.8764567375183105,5.486013829708099,4.8764567375183105,4.8764567375183105,14252,0.0,0.0
2008-02-12 00:00:00-05:00,4.8764567375183105,4.8764567375183105,4.571678191423416,4.8764567375183105,8172,0.0,0.0
2008-02-13 00:00:00-05:00,4.8764567375183105,4.8764567375183105,4.571678191423416,4.8764567375183105,5368,0.0,0.0
2008-02-14 00:00:00-05:00,4.8764567375183105,4.8764567375183105,4.571678191423416,4.8764567375183105,8040,0.0,0.0
2008-02-15 00:00:00-05:00,4.571678191423416,4.8764567375183105,4.266899645328522,4.8764567375183105,27540,0.0,0.0
2008-02-19 00:00:00-05:00,5.181235283613205,5.181235283613205,4.571678191423416,4.8764567375183105,11712,0.0,0.0
2008-02-20 00:00:00-05:00,4.8764567375183105,5.181235283613205,4.571678191423416,4.8764567375183105,9904,0.0,0.0
2008-02-21 00:00:00-05:00,4.876458485921224,5.790794452031453,4.876458485921224,5.486015796661377,51110,0.0,0.0
2008-02-22 00:00:00-05:00,5.48601222038269,6.095569133758545,5.48601222038269,6.095569133758545,75086,0.0,0.0
2008-02-25 00:00:00-05:00,6.400347590446472,6.705126047134399,5.790790677070618,6.095569133758545,53370,0.0,0.0
2008-02-26 00:00:00-05:00,6.095572019878187,6.095572019878187,5.486014817890369,5.790793418884277,26356,0.0,0.0
2008-02-27 00:00:00-05:00,5.790794452031453,5.790794452031453,5.486015796661377,5.486015796661377,14996,0.0,0.0
2008-02-28 00:00:00-05:00,5.486015796661377,5.486015796661377,5.1812371412913,5.486015796661377,14194,0.0,0.0
2008-02-29 00:00:00-05:00,5.486015796661377,5.486015796661377,5.1812371412913,5.486015796661377,18340,0.0,0.0
2008-03-03 00:00:00-05:00,5.48601222038269,6.400347590446472,5.181233763694763,6.095569133758545,35272,0.0,0.0
2008-03-04 00:00:00-05:00,6.095573107401529,6.095573107401529,5.486015796661377,5.486015796661377,14498,0.0,0.0
2008-03-05 00:00:00-05:00,5.486014817890369,6.095572019878187,5.486014817890369,5.790793418884277,18290,0.0,0.0
2008-03-06 00:00:00-05:00,5.790793418884277,5.790793418884277,5.486014817890369,5.790793418884277,15328,0.0,0.0
2008-03-07 00:00:00-05:00,5.790793418884277,5.790793418884277,5.486014817890369,5.790793418884277,15338,0.0,0.0
2008-03-10 00:00:00-04:00,5.790793418884277,5.790793418884277,5.486014817890369,5.790793418884277,6506,0.0,0.0
2008-03-11 00:00:00-04:00,5.7907925106230245,6.4003496170043945,5.7907925106230245,6.4003496170043945,60356,0.0,0.0
2008-03-12 00:00:00-04:00,6.400350620872096,6.400350620872096,5.790793418884277,5.790793418884277,23134,0.0,0.0
2008-03-13 00:00:00-04:00,6.095572019878187,6.095572019878187,5.486014817890369,5.790793418884277,31024,0.0,0.0
2008-03-14 00:00:00-04:00,5.790790677070618,6.400347590446472,5.790790677070618,6.095569133758545,12710,0.0,0.0
2008-03-17 00:00:00-04:00,6.095572019878187,6.095572019878187,5.790793418884277,5.790793418884277,8092,0.0,0.0
2008-03-18 00:00:00-04:00,6.095569133758545,6.095569133758545,5.790790677070618,6.095569133758545,7148,0.0,0.0
2008-03-19 00:00:00-04:00,6.095573107401529,6.095573107401529,5.486015796661377,5.486015796661377,14214,0.0,0.0
2008-03-20 00:00:00-04:00,5.486013861263499,5.486013861263499,5.181235313415527,5.181235313415527,16618,0.0,0.0
2008-03-24 00:00:00-04:00,5.1812371412913,5.486015796661377,4.876458485921224,5.486015796661377,7136,0.0,0.0
2008-03-25 00:00:00-04:00,5.1812371412913,5.790794452031453,5.1812371412913,5.486015796661377,22736,0.0,0.0
2008-03-26 00:00:00-04:00,5.790793418884277,5.790793418884277,5.486014817890369,5.790793418884277,34126,0.0,0.0
2008-03-27 00:00:00-04:00,5.790794452031453,5.790794452031453,5.486015796661377,5.486015796661377,5316,0.0,0.0
2008-03-28 00:00:00-04:00,5.486014817890369,5.790793418884277,5.486014817890369,5.790793418884277,7794,0.0,0.0
2008-03-31 00:00:00-04:00,5.486013861263499,5.7907924091114715,5.181235313415527,5.181235313415527,30234,0.0,0.0
2008-04-01 00:00:00-04:00,5.181235313415527,5.486013861263499,5.181235313415527,5.181235313415527,12084,0.0,0.0
2008-04-02 00:00:00-04:00,5.486015796661377,5.486015796661377,5.1812371412913,5.486015796661377,9290,0.0,0.0
2008-04-03 00:00:00-04:00,5.1812371412913,5.486015796661377,5.1812371412913,5.486015796661377,2390,0.0,0.0
2008-04-04 00:00:00-04:00,5.486015796661377,5.486015796661377,5.1812371412913,5.486015796661377,4704,0.0,0.0
2008-04-07 00:00:00-04:00,5.486015796661377,5.486015796661377,5.1812371412913,5.486015796661377,13658,0.0,0.0
2008-04-08 00:00:00-04:00,5.1812371412913,5.486015796661377,4.876458485921224,5.486015796661377,10384,0.0,0.0
2008-04-09 00:00:00-04:00,5.181235313415527,5.181235313415527,5.181235313415527,5.181235313415527,4520,0.0,0.0
2008-04-10 00:00:00-04:00,5.486013861263499,5.486013861263499,5.181235313415527,5.181235313415527,4654,0.0,0.0
2008-04-11 00:00:00-04:00,5.181235313415527,5.181235313415527,5.181235313415527,5.181235313415527,6578,0.0,0.0
2008-04-14 00:00:00-04:00,5.181235313415527,5.181235313415527,5.181235313415527,5.181235313415527,10940,0.0,0.0
2008-04-15 00:00:00-04:00,5.1812371412913,5.486015796661377,5.1812371412913,5.486015796661377,49068,0.0,0.0
2008-04-16 00:00:00-04:00,5.486015796661377,5.486015796661377,5.486015796661377,5.486015796661377,29064,0.0,0.0
2008-04-17 00:00:00-04:00,5.486013861263499,5.486013861263499,5.181235313415527,5.181235313415527,4038,0.0,0.0
2008-04-18 00:00:00-04:00,5.1812371412913,5.486015796661377,5.1812371412913,5.486015796661377,10638,0.0,0.0
2008-04-21 00:00:00-04:00,5.181235313415527,5.181235313415527,4.876456765567555,5.181235313415527,24026,0.0,0.0
2008-04-22 00:00:00-04:00,5.181235313415527,5.486013861263499,5.181235313415527,5.181235313415527,10222,0.0,0.0
2008-04-23 00:00:00-04:00,5.181235313415527,5.181235313415527,4.876456765567555,5.181235313415527,7386,0.0,0.0
2008-04-24 00:00:00-04:00,4.8764567375183105,4.8764567375183105,4.8764567375183105,4.8764567375183105,10180,0.0,0.0
2008-04-25 00:00:00-04:00,4.8764567375183105,4.8764567375183105,4.8764567375183105,4.8764567375183105,3356,0.0,0.0
2008-04-28 00:00:00-04:00,4.876456765567555,5.181235313415527,4.876456765567555,5.181235313415527,2096,0.0,0.0
2008-04-29 00:00:00-04:00,4.8764567375183105,5.181235283613205,4.571678191423416,4.8764567375183105,28024,0.0,0.0
2008-04-30 00:00:00-04:00,4.8764567375183105,4.8764567375183105,4.571678191423416,4.8764567375183105,4030,0.0,0.0
2008-05-01 00:00:00-04:00,4.8764567375183105,4.8764567375183105,4.571678191423416,4.8764567375183105,3334,0.0,0.0
2008-05-02 00:00:00-04:00,4.8764567375183105,4.8764567375183105,4.571678191423416,4.8764567375183105,7316,0.0,0.0
2008-05-05 00:00:00-04:00,4.8764567375183105,4.8764567375183105,4.8764567375183105,4.8764567375183105,1152,0.0,0.0
2008-05-06 00:00:00-04:00,4.876456765567555,5.486013861263499,4.876456765567555,5.181235313415527,11754,0.0,0.0
2008-05-07 00:00:00-04:00,5.181235313415527,5.181235313415527,4.876456765567555,5.181235313415527,7716,0.0,0.0
2008-05-08 00:00:00-04:00,5.181235283613205,5.181235283613205,4.8764567375183105,4.8764567375183105,3064,0.0,0.0
2008-05-09 00:00:00-04:00,4.876456765567555,5.181235313415527,4.571678217719583,5.181235313415527,6208,0.0,0.0
2008-05-12 00:00:00-04:00,5.181235313415527,5.181235313415527,4.876456765567555,5.181235313415527,1100,0.0,0.0
2008-05-13 00:00:00-04:00,5.181235313415527,5.181235313415527,5.181235313415527,5.181235313415527,5780,0.0,0.0
2008-05-14 00:00:00-04:00,5.181235313415527,5.181235313415527,4.876456765567555,5.181235313415527,10670,0.0,0.0
2008-05-15 00:00:00-04:00,5.181235313415527,5.181235313415527,4.876456765567555,5.181235313415527,9350,0.0,0.0
2008-05-16 00:00:00-04:00,5.181235313415527,5.181235313415527,4.876456765567555,5.181235313415527,7466,0.0,0.0
2008-05-19 00:00:00-04:00,5.181233763694763,6.095569133758545,5.181233763694763,6.095569133758545,24110,0.0,0.0
2008-05-20 00:00:00-04:00,5.790793418884277,5.790793418884277,5.181236216896459,5.790793418884277,11112,0.0,0.0
2008-05-21 00:00:00-04:00,5.790793418884277,5.790793418884277,5.790793418884277,5.790793418884277,11030,0.0,0.0
2008-05-22 00:00:00-04:00,5.790793418884277,5.790793418884277,5.486014817890369,5.790793418884277,6276,0.0,0.0
2008-05-23 00:00:00-04:00,5.486014817890369,5.790793418884277,5.486014817890369,5.790793418884277,9158,0.0,0.0
2008-05-27 00:00:00-04:00,5.486015796661377,5.790794452031453,5.486015796661377,5.486015796661377,11264,0.0,0.0
2008-05-28 00:00:00-04:00,5.1812371412913,5.486015796661377,5.1812371412913,5.486015796661377,5524,0.0,0.0
2008-05-29 00:00:00-04:00,5.1812371412913,5.486015796661377,5.1812371412913,5.486015796661377,4238,0.0,0.0
2008-05-30 00:00:00-04:00,5.486013861263499,5.486013861263499,5.181235313415527,5.181235313415527,6510,0.0,0.0
2008-06-02 00:00:00-04:00,5.486015796661377,5.486015796661377,5.1812371412913,5.486015796661377,7802,0.0,0.0
2008-06-03 00:00:00-04:00,5.486015796661377,5.486015796661377,5.1812371412913,5.486015796661377,2596,0.0,0.0
2008-06-04 00:00:00-04:00,5.486013861263499,5.486013861263499,5.181235313415527,5.181235313415527,11830,0.0,0.0
2008-06-05 00:00:00-04:00,4.876456765567555,5.181235313415527,4.571678217719583,5.181235313415527,12156,0.0,0.0
2008-06-06 00:00:00-04:00,4.8764567375183105,5.181235283613205,4.8764567375183105,4.8764567375183105,10026,0.0,0.0
2008-06-09 00:00:00-04:00,4.876456765567555,5.181235313415527,4.571678217719583,5.181235313415527,41972,0.0,0.0
2008-06-10 00:00:00-04:00,4.8764567375183105,5.181235283613205,4.8764567375183105,4.8764567375183105,10414,0.0,0.0
2008-06-11 00:00:00-04:00,4.8764567375183105,4.8764567375183105,4.8764567375183105,4.8764567375183105,17538,0.0,0.0
2008-06-12 00:00:00-04:00,4.571678191423416,4.8764567375183105,4.571678191423416,4.8764567375183105,5214,0.0,0.0
2008-06-13 00:00:00-04:00,4.8764567375183105,4.8764567375183105,4.8764567375183105,4.8764567375183105,868,0.0,0.0
2008-06-16 00:00:00-04:00,4.8764567375183105,4.8764567375183105,4.8764567375183105,4.8764567375183105,9962,0.0,0.0
2008-06-17 00:00:00-04:00,5.181235313415527,5.181235313415527,4.876456765567555,5.181235313415527,2486,0.0,0.0
2008-06-18 00:00:00-04:00,5.181235313415527,5.181235313415527,4.876456765567555,5.181235313415527,6646,0.0,0.0
2008-06-19 00:00:00-04:00,4.8764567375183105,4.8764567375183105,4.571678191423416,4.8764567375183105,11370,0.0,0.0
2008-06-20 00:00:00-04:00,4.8764567375183105,4.8764567375183105,4.8764567375183105,4.8764567375183105,3984,0.0,0.0
2008-06-23 00:00:00-04:00,4.8764567375183105,4.8764567375183105,4.571678191423416,4.8764567375183105,11560,0.0,0.0
2008-06-24 00:00:00-04:00,4.8764567375183105,4.8764567375183105,4.571678191423416,4.8764567375183105,2646,0.0,0.0
2008-06-25 00:00:00-04:00,4.8764567375183105,4.8764567375183105,4.8764567375183105,4.8764567375183105,10754,0.0,0.0
2008-06-26 00:00:00-04:00,5.181235283613205,5.181235283613205,4.8764567375183105,4.8764567375183105,13938,0.0,0.0
2008-06-27 00:00:00-04:00,4.876456765567555,5.181235313415527,4.876456765567555,5.181235313415527,11034,0.0,0.0
2008-06-30 00:00:00-04:00,5.181235313415527,5.486013861263499,5.181235313415527,5.181235313415527,13086,0.0,0.0
2008-07-01 00:00:00-04:00,5.181235313415527,5.181235313415527,4.876456765567555,5.181235313415527,2466,0.0,0.0
2008-07-02 00:00:00-04:00,4.8764567375183105,5.181235283613205,4.571678191423416,4.8764567375183105,9270,0.0,0.0
2008-07-03 00:00:00-04:00,4.876457722981771,4.876457722981771,4.57167911529541,4.57167911529541,8418,0.0,0.0
2008-07-07 00:00:00-04:00,4.8764567375183105,4.8764567375183105,4.571678191423416,4.8764567375183105,5430,0.0,0.0
2008-07-08 00:00:00-04:00,4.57167911529541,4.57167911529541,4.26690050760905,4.57167911529541,12878,0.0,0.0
2008-07-09 00:00:00-04:00,4.571678191423416,4.8764567375183105,4.571678191423416,4.8764567375183105,3408,0.0,0.0
2008-07-10 00:00:00-04:00,4.57167911529541,4.876457722981771,4.26690050760905,4.57167911529541,5288,0.0,0.0
2008-07-11 00:00:00-04:00,4.57167911529541,4.57167911529541,4.57167911529541,4.57167911529541,2906,0.0,0.0
2008-07-14 00:00:00-04:00,4.571678638458252,4.571678638458252,4.266900062561035,4.266900062561035,35008,0.0,0.0
2008-07-15 00:00:00-04:00,4.26690050760905,4.57167911529541,4.26690050760905,4.57167911529541,4222,0.0,0.0
2008-07-16 00:00:00-04:00,4.266900062561035,4.571678638458252,3.9621214866638184,4.266900062561035,3266,0.0,0.0
2008-07-17 00:00:00-04:00,4.26690050760905,4.57167911529541,4.26690050760905,4.57167911529541,8902,0.0,0.0
2008-07-18 00:00:00-04:00,4.57167911529541,4.57167911529541,4.57167911529541,4.57167911529541,8300,0.0,0.0
2008-07-21 00:00:00-04:00,4.57167911529541,4.57167911529541,3.9621218999226886,4.57167911529541,21234,0.0,0.0
2008-07-22 00:00:00-04:00,4.571678638458252,4.571678638458252,4.266900062561035,4.266900062561035,3922,0.0,0.0
2008-07-23 00:00:00-04:00,4.26690050760905,4.57167911529541,4.26690050760905,4.57167911529541,10078,0.0,0.0
2008-07-24 00:00:00-04:00,4.571678638458252,4.571678638458252,4.266900062561035,4.266900062561035,1702,0.0,0.0
2008-07-25 00:00:00-04:00,4.26690050760905,4.57167911529541,4.26690050760905,4.57167911529541,6890,0.0,0.0
2008-07-28 00:00:00-04:00,4.57167911529541,4.57167911529541,4.26690050760905,4.57167911529541,8988,0.0,0.0
2008-07-29 00:00:00-04:00,4.266900062561035,4.266900062561035,3.9621214866638184,4.266900062561035,21874,0.0,0.0
2008-07-30 00:00:00-04:00,4.266900062561035,4.266900062561035,3.9621214866638184,4.266900062561035,4768,0.0,0.0
2008-07-31 00:00:00-04:00,4.266900062561035,4.571678638458252,4.266900062561035,4.266900062561035,1926,0.0,0.0
2008-08-01 00:00:00-04:00,4.266900062561035,4.266900062561035,4.266900062561035,4.266900062561035,5786,0.0,0.0
2008-08-04 00:00:00-04:00,3.9621210992336273,4.8764567375183105,3.9621210992336273,4.8764567375183105,11138,0.0,0.0
2008-08-05 00:00:00-04:00,4.26690050760905,4.876457722981771,4.26690050760905,4.57167911529541,10030,0.0,0.0
2008-08-06 00:00:00-04:00,4.57167911529541,4.57167911529541,4.26690050760905,4.57167911529541,3562,0.0,0.0
2008-08-07 00:00:00-04:00,4.266900062561035,4.266900062561035,3.9621214866638184,4.266900062561035,14828,0.0,0.0
2008-08-08 00:00:00-04:00,4.266900062561035,4.571678638458252,4.266900062561035,4.266900062561035,12490,0.0,0.0
2008-08-11 00:00:00-04:00,4.266900576077974,4.571679188654973,3.962121963500976,3.9621219635009766,11696,0.0,0.0
2008-08-12 00:00:00-04:00,3.962121963500976,4.266900576077974,3.962121963500976,3.9621219635009766,8170,0.0,0.0
2008-08-13 00:00:00-04:00,3.6573429107666016,4.266900062561035,3.6573429107666016,4.266900062561035,8184,0.0,0.0
2008-08-14 00:00:00-04:00,4.266900062561035,4.266900062561035,4.266900062561035,4.266900062561035,14572,0.0,0.0
2008-08-15 00:00:00-04:00,4.266900576077974,4.266900576077974,3.962121963500976,3.9621219635009766,2950,0.0,0.0
2008-08-18 00:00:00-04:00,4.266900576077974,4.266900576077974,3.962121963500976,3.9621219635009766,6780,0.0,0.0
2008-08-19 00:00:00-04:00,3.962121744950612,3.962121744950612,3.352564553419749,3.6573431491851807,10912,0.0,0.0
2008-08-20 00:00:00-04:00,3.3525638580322266,3.6573423905806104,3.3525638580322266,3.3525638580322266,14226,0.0,0.0
2008-08-21 00:00:00-04:00,3.35256473834698,3.962121963500976,3.35256473834698,3.9621219635009766,6092,0.0,0.0
2008-08-22 00:00:00-04:00,3.962121744950612,3.962121744950612,3.6573431491851807,3.6573431491851807,4814,0.0,0.0
2008-08-25 00:00:00-04:00,3.6573429107666016,4.266900062561035,3.6573429107666016,4.266900062561035,14048,0.0,0.0
2008-08-26 00:00:00-04:00,4.26690050760905,4.876457722981771,3.9621218999226886,4.57167911529541,31426,0.0,0.0
2008-08-27 00:00:00-04:00,4.876457722981771,4.876457722981771,4.26690050760905,4.57167911529541,12130,0.0,0.0
2008-08-28 00:00:00-04:00,4.571678638458252,4.876457214355469,4.266900062561035,4.266900062561035,3082,0.0,0.0
2008-08-29 00:00:00-04:00,4.266900062561035,4.571678638458252,4.266900062561035,4.266900062561035,1328,0.0,0.0
2008-09-02 00:00:00-04:00,4.266900062561035,4.571678638458252,4.266900062561035,4.266900062561035,6516,0.0,0.0
2008-09-03 00:00:00-04:00,4.266900062561035,4.266900062561035,3.9621214866638184,4.266900062561035,2290,0.0,0.0
2008-09-04 00:00:00-04:00,3.9621214866638184,4.266900062561035,3.6573429107666016,4.266900062561035,2016,0.0,0.0
2008-09-05 00:00:00-04:00,4.266900576077974,4.266900576077974,3.657343350923978,3.9621219635009766,5108,0.0,0.0
2008-09-08 00:00:00-04:00,3.657343350923978,3.962121963500976,3.657343350923978,3.9621219635009766,2118,0.0,0.0
2008-09-09 00:00:00-04:00,3.6573423905806104,3.6573423905806104,3.3525638580322266,3.3525638580322266,12402,0.0,0.0
2008-09-10 00:00:00-04:00,3.6573423905806104,3.6573423905806104,2.743006792935458,3.3525638580322266,22130,0.0,0.0
2008-09-11 00:00:00-04:00,3.047785957654317,3.6573431491851807,3.047785957654317,3.6573431491851807,2714,0.0,0.0
2008-09-12 00:00:00-04:00,3.657343350923978,3.962121963500976,3.047786125769982,3.9621219635009766,18092,0.0,0.0
2008-09-15 00:00:00-04:00,3.35256473834698,3.962121963500976,3.047786125769982,3.9621219635009766,1740,0.0,0.0
2008-09-16 00:00:00-04:00,3.35256473834698,3.962121963500976,3.35256473834698,3.9621219635009766,5324,0.0,0.0
2008-09-17 00:00:00-04:00,3.3525638580322266,3.3525638580322266,3.3525638580322266,3.3525638580322266,15694,0.0,0.0
2008-09-18 00:00:00-04:00,3.3525638580322266,3.6573423905806104,3.0477853254838423,3.3525638580322266,18706,0.0,0.0
2008-09-19 00:00:00-04:00,3.352564553419749,3.6573431491851807,3.352564553419749,3.6573431491851807,5036,0.0,0.0
2008-09-22 00:00:00-04:00,3.3525638580322266,3.6573423905806104,3.0477853254838423,3.3525638580322266,1682,0.0,0.0
2008-09-23 00:00:00-04:00,3.3525630235671997,3.3525630235671997,3.0477845668792725,3.0477845668792725,19380,0.0,0.0
2008-09-24 00:00:00-04:00,3.0477853254838423,3.3525638580322266,3.0477853254838423,3.3525638580322266,4826,0.0,0.0
2008-09-25 00:00:00-04:00,3.0477845668792725,3.3525630235671997,3.0477845668792725,3.0477845668792725,3170,0.0,0.0
2008-09-26 00:00:00-04:00,3.0477853254838423,3.3525638580322266,3.0477853254838423,3.3525638580322266,2708,0.0,0.0
2008-09-29 00:00:00-04:00,3.0477865537007647,3.3525652090708413,2.7430078983306885,2.7430078983306885,5320,0.0,0.0
2008-09-30 00:00:00-04:00,2.743006110191345,3.0477845668792725,2.743006110191345,3.0477845668792725,2462,0.0,0.0
2008-10-01 00:00:00-04:00,2.743006110191345,3.0477845668792725,2.438227653503418,3.0477845668792725,3080,0.0,0.0
2008-10-02 00:00:00-04:00,3.0477865537007647,3.0477865537007647,2.7430078983306885,2.7430078983306885,6856,0.0,0.0
2008-10-03 00:00:00-04:00,2.7430078983306885,3.0477865537007647,2.7430078983306885,2.7430078983306885,15944,0.0,0.0
2008-10-06 00:00:00-04:00,2.7430069148540497,2.7430069148540497,2.133449822664261,2.4382283687591553,13148,0.0,0.0
2008-10-07 00:00:00-04:00,2.133449822664261,2.7430069148540497,2.133449822664261,2.4382283687591553,5034,0.0,0.0
2008-10-08 00:00:00-04:00,2.7430078983306885,2.7430078983306885,2.133450587590535,2.7430078983306885,7876,0.0,0.0
2008-10-09 00:00:00-04:00,2.133449822664261,2.7430069148540497,2.133449822664261,2.4382283687591553,6326,0.0,0.0
2008-10-10 00:00:00-04:00,2.7430069148540497,2.7430069148540497,2.133449822664261,2.4382283687591553,5652,0.0,0.0
2008-10-13 00:00:00-04:00,2.133449822664261,2.4382283687591553,2.133449822664261,2.4382283687591553,3670,0.0,0.0
2008-10-14 00:00:00-04:00,2.133449822664261,2.4382283687591553,2.133449822664261,2.4382283687591553,2326,0.0,0.0
2008-10-15 00:00:00-04:00,2.4382283687591553,2.4382283687591553,2.4382283687591553,2.4382283687591553,2544,0.0,0.0
2008-10-16 00:00:00-04:00,2.133449822664261,2.4382283687591553,2.133449822664261,2.4382283687591553,5358,0.0,0.0
2008-10-17 00:00:00-04:00,2.133449822664261,2.4382283687591553,2.133449822664261,2.4382283687591553,2852,0.0,0.0
2008-10-20 00:00:00-04:00,2.4382283687591553,2.4382283687591553,2.133449822664261,2.4382283687591553,8600,0.0,0.0
2008-10-21 00:00:00-04:00,2.4382283687591553,2.4382283687591553,2.4382283687591553,2.4382283687591553,2972,0.0,0.0
2008-10-22 00:00:00-04:00,2.4382286071777344,2.4382286071777344,1.8286714553833008,2.1334500312805176,12132,0.0,0.0
2008-10-23 00:00:00-04:00,1.8286715745925903,2.1334501703580218,1.8286715745925903,1.8286715745925903,27364,0.0,0.0
2008-10-24 00:00:00-04:00,0.9143357872962952,1.8286715745925903,0.9143357872962952,1.8286715745925903,20912,0.0,0.0
2008-10-27 00:00:00-04:00,1.8286712765693665,1.8286712765693665,1.2191141843795776,1.2191141843795776,26614,0.0,0.0
2008-10-28 00:00:00-04:00,1.8286707401275635,1.8286707401275635,1.5238922834396362,1.5238922834396362,4148,0.0,0.0
2008-10-29 00:00:00-04:00,1.5238929788271585,1.8286715745925903,1.5238929788271585,1.8286715745925903,6870,0.0,0.0
2008-10-30 00:00:00-04:00,1.8286715745925903,1.8286715745925903,1.5238929788271585,1.8286715745925903,3096,0.0,0.0
2008-10-31 00:00:00-04:00,1.8286714553833008,2.1334500312805176,1.523892879486084,2.1334500312805176,1508,0.0,0.0
2008-11-03 00:00:00-05:00,1.8286715745925903,1.8286715745925903,1.5238929788271585,1.8286715745925903,902,0.0,0.0
2008-11-04 00:00:00-05:00,1.5238922834396362,1.8286707401275635,1.5238922834396362,1.5238922834396362,1192,0.0,0.0
2008-11-05 00:00:00-05:00,1.8286707401275635,1.8286707401275635,1.5238922834396362,1.5238922834396362,5930,0.0,0.0
2008-11-06 00:00:00-05:00,1.5238922834396362,1.8286707401275635,1.5238922834396362,1.5238922834396362,3958,0.0,0.0
2008-11-07 00:00:00-05:00,1.5238922834396362,1.8286707401275635,1.5238922834396362,1.5238922834396362,2152,0.0,0.0
2008-11-10 00:00:00-05:00,1.523892730474472,1.523892730474472,1.2191141843795776,1.2191141843795776,12540,0.0,0.0
2008-11-11 00:00:00-05:00,1.2191141843795776,1.523892730474472,1.2191141843795776,1.2191141843795776,8824,0.0,0.0
2008-11-12 00:00:00-05:00,1.219113826751709,1.5238922834396362,1.219113826751709,1.5238922834396362,2544,0.0,0.0
2008-11-13 00:00:00-05:00,1.219113826751709,1.5238922834396362,1.219113826751709,1.5238922834396362,2210,0.0,0.0
2008-11-14 00:00:00-05:00,1.219113826751709,1.5238922834396362,1.219113826751709,1.5238922834396362,1556,0.0,0.0
2008-11-17 00:00:00-05:00,1.523892730474472,1.523892730474472,0.9143356382846832,1.2191141843795776,2218,0.0,0.0
2008-11-18 00:00:00-05:00,1.219113826751709,1.5238922834396362,0.9143353700637817,1.5238922834396362,12420,0.0,0.0
2008-11-19 00:00:00-05:00,1.219113826751709,1.5238922834396362,1.219113826751709,1.5238922834396362,1034,0.0,0.0
2008-11-20 00:00:00-05:00,1.2191141843795776,1.2191141843795776,1.2191141843795776,1.2191141843795776,8656,0.0,0.0
2008-11-21 00:00:00-05:00,1.2191141843795776,1.2191141843795776,1.2191141843795776,1.2191141843795776,7988,0.0,0.0
2008-11-24 00:00:00-05:00,1.2191141843795776,1.2191141843795776,0.9143356382846832,1.2191141843795776,9596,0.0,0.0
2008-11-25 00:00:00-05:00,1.219113826751709,1.5238922834396362,1.219113826751709,1.5238922834396362,7690,0.0,0.0
2008-11-26 00:00:00-05:00,1.5238922834396362,1.5238922834396362,1.219113826751709,1.5238922834396362,11220,0.0,0.0
2008-11-28 00:00:00-05:00,1.219113826751709,1.5238922834396362,1.219113826751709,1.5238922834396362,3170,0.0,0.0
2008-12-01 00:00:00-05:00,1.5238922834396362,1.5238922834396362,1.219113826751709,1.5238922834396362,2004,0.0,0.0
2008-12-02 00:00:00-05:00,1.5238922834396362,1.5238922834396362,1.5238922834396362,1.5238922834396362,4378,0.0,0.0
2008-12-03 00:00:00-05:00,1.523892730474472,1.523892730474472,1.2191141843795776,1.2191141843795776,2540,0.0,0.0
2008-12-04 00:00:00-05:00,1.523892730474472,1.523892730474472,1.2191141843795776,1.2191141843795776,1540,0.0,0.0
2008-12-05 00:00:00-05:00,1.523892730474472,1.523892730474472,1.2191141843795776,1.2191141843795776,8112,0.0,0.0
2008-12-08 00:00:00-05:00,1.2191141843795776,1.523892730474472,0.9143356382846832,1.2191141843795776,5998,0.0,0.0
2008-12-09 00:00:00-05:00,1.2191141843795776,1.2191141843795776,1.2191141843795776,1.2191141843795776,17042,0.0,0.0
2008-12-10 00:00:00-05:00,1.2191141843795776,1.523892730474472,1.2191141843795776,1.2191141843795776,9682,0.0,0.0
2008-12-11 00:00:00-05:00,1.2191141843795776,1.2191141843795776,1.2191141843795776,1.2191141843795776,2914,0.0,0.0
2008-12-12 00:00:00-05:00,1.2191141843795776,1.2191141843795776,1.2191141843795776,1.2191141843795776,648,0.0,0.0
2008-12-15 00:00:00-05:00,1.2191141843795776,1.2191141843795776,1.2191141843795776,1.2191141843795776,12956,0.0,0.0
2008-12-16 00:00:00-05:00,1.2191143830617268,1.2191143830617268,0.9143357872962952,0.9143357872962952,3090,0.0,0.0
2008-12-17 00:00:00-05:00,0.6095570921897888,1.2191141843795776,0.6095570921897888,1.2191141843795776,12036,0.0,0.0
2008-12-18 00:00:00-05:00,0.9143356382846832,1.2191141843795776,0.9143356382846832,1.2191141843795776,5870,0.0,0.0
2008-12-19 00:00:00-05:00,1.2191141843795776,1.2191141843795776,1.2191141843795776,1.2191141843795776,9742,0.0,0.0
2008-12-22 00:00:00-05:00,1.2191143830617268,1.2191143830617268,0.9143357872962952,0.9143357872962952,4030,0.0,0.0
2008-12-23 00:00:00-05:00,0.9143357872962952,0.9143357872962952,0.9143357872962952,0.9143357872962952,19366,0.0,0.0
2008-12-24 00:00:00-05:00,0.9143357872962952,0.9143357872962952,0.9143357872962952,0.9143357872962952,1400,0.0,0.0
2008-12-26 00:00:00-05:00,0.9143356382846832,1.2191141843795776,0.9143356382846832,1.2191141843795776,9712,0.0,0.0
2008-12-29 00:00:00-05:00,0.9143356382846832,1.2191141843795776,0.9143356382846832,1.2191141843795776,4986,0.0,0.0
2008-12-30 00:00:00-05:00,1.219113826751709,1.5238922834396362,1.219113826751709,1.5238922834396362,19704,0.0,0.0
2008-12-31 00:00:00-05:00,1.2191143035888672,2.1334500312805176,1.2191143035888672,2.1334500312805176,19778,0.0,0.0
2009-01-02 00:00:00-05:00,1.8286714553833008,2.1334500312805176,1.8286714553833008,2.1334500312805176,2020,0.0,0.0
2009-01-05 00:00:00-05:00,2.1334500312805176,2.1334500312805176,1.8286714553833008,2.1334500312805176,6586,0.0,0.0
2009-01-06 00:00:00-05:00,2.1334500312805176,2.1334500312805176,1.8286714553833008,2.1334500312805176,2754,0.0,0.0
2009-01-07 00:00:00-05:00,2.1334500312805176,2.1334500312805176,1.8286714553833008,2.1334500312805176,2832,0.0,0.0
2009-01-08 00:00:00-05:00,1.5238929788271585,1.8286715745925903,1.5238929788271585,1.8286715745925903,12112,0.0,0.0
2009-01-09 00:00:00-05:00,1.8286715745925903,1.8286715745925903,1.5238929788271585,1.8286715745925903,3880,0.0,0.0
2009-01-12 00:00:00-05:00,1.8286707401275635,1.8286707401275635,1.5238922834396362,1.5238922834396362,5586,0.0,0.0
2009-01-13 00:00:00-05:00,1.5238929788271585,1.8286715745925903,1.5238929788271585,1.8286715745925903,1050,0.0,0.0
2009-01-14 00:00:00-05:00,1.5238929788271585,1.8286715745925903,1.5238929788271585,1.8286715745925903,1360,0.0,0.0
2009-01-15 00:00:00-05:00,1.8286707401275635,1.8286707401275635,1.5238922834396362,1.5238922834396362,5476,0.0,0.0
2009-01-16 00:00:00-05:00,1.5238922834396362,1.8286707401275635,1.5238922834396362,1.5238922834396362,9682,0.0,0.0
2009-01-20 00:00:00-05:00,1.5238922834396362,1.5238922834396362,1.5238922834396362,1.5238922834396362,2948,0.0,0.0
2009-01-21 00:00:00-05:00,1.5238922834396362,1.5238922834396362,1.5238922834396362,1.5238922834396362,3970,0.0,0.0
2009-01-22 00:00:00-05:00,1.5238922834396362,1.5238922834396362,1.5238922834396362,1.5238922834396362,476,0.0,0.0
2009-01-23 00:00:00-05:00,1.8286715745925903,1.8286715745925903,1.5238929788271585,1.8286715745925903,3778,0.0,0.0
2009-01-26 00:00:00-05:00,1.5238922834396362,1.8286707401275635,1.5238922834396362,1.5238922834396362,2642,0.0,0.0
2009-01-27 00:00:00-05:00,1.8286715745925903,1.8286715745925903,1.5238929788271585,1.8286715745925903,3826,0.0,0.0
2009-01-28 00:00:00-05:00,1.8286715745925903,1.8286715745925903,1.5238929788271585,1.8286715745925903,602,0.0,0.0
2009-01-29 00:00:00-05:00,1.5238929788271585,1.8286715745925903,1.5238929788271585,1.8286715745925903,4140,0.0,0.0
2009-01-30 00:00:00-05:00,1.8286715745925903,1.8286715745925903,1.5238929788271585,1.8286715745925903,3170,0.0,0.0
2009-02-02 00:00:00-05:00,1.8286715745925903,1.8286715745925903,1.8286715745925903,1.8286715745925903,2634,0.0,0.0
2009-02-03 00:00:00-05:00,1.8286715745925903,1.8286715745925903,1.8286715745925903,1.8286715745925903,5608,0.0,0.0
2009-02-04 00:00:00-05:00,1.8286715745925903,1.8286715745925903,1.5238929788271585,1.8286715745925903,4576,0.0,0.0
2009-02-05 00:00:00-05:00,1.8286715745925903,1.8286715745925903,1.8286715745925903,1.8286715745925903,4738,0.0,0.0
2009-02-06 00:00:00-05:00,1.8286715745925903,1.8286715745925903,1.8286715745925903,1.8286715745925903,6252,0.0,0.0
2009-02-09 00:00:00-05:00,1.8286715745925903,1.8286715745925903,1.5238929788271585,1.8286715745925903,22524,0.0,0.0
2009-02-10 00:00:00-05:00,1.8286715745925903,1.8286715745925903,1.8286715745925903,1.8286715745925903,14256,0.0,0.0
2009-02-11 00:00:00-05:00,1.8286715745925903,1.8286715745925903,1.8286715745925903,1.8286715745925903,11290,0.0,0.0
2009-02-12 00:00:00-05:00,1.8286715745925903,1.8286715745925903,1.8286715745925903,1.8286715745925903,5662,0.0,0.0
2009-02-13 00:00:00-05:00,1.8286715745925903,1.8286715745925903,1.8286715745925903,1.8286715745925903,2800,0.0,0.0
2009-02-17 00:00:00-05:00,1.8286707401275635,1.8286707401275635,1.5238922834396362,1.5238922834396362,13258,0.0,0.0
2009-02-18 00:00:00-05:00,1.5238922834396362,1.8286707401275635,1.5238922834396362,1.5238922834396362,4644,0.0,0.0
2009-02-19 00:00:00-05:00,1.5238929788271585,1.8286715745925903,1.5238929788271585,1.8286715745925903,1200,0.0,0.0
2009-02-20 00:00:00-05:00,1.8286707401275635,1.8286707401275635,1.5238922834396362,1.5238922834396362,5948,0.0,0.0
2009-02-23 00:00:00-05:00,1.5238922834396362,1.8286707401275635,1.5238922834396362,1.5238922834396362,8752,0.0,0.0
2009-02-24 00:00:00-05:00,1.8286715745925903,1.8286715745925903,1.8286715745925903,1.8286715745925903,210,0.0,0.0
2009-02-25 00:00:00-05:00,1.5238922834396362,1.8286707401275635,1.5238922834396362,1.5238922834396362,1330,0.0,0.0
2009-02-26 00:00:00-05:00,1.5238922834396362,1.5238922834396362,1.5238922834396362,1.5238922834396362,992,0.0,0.0
2009-02-27 00:00:00-05:00,1.5238922834396362,1.5238922834396362,1.5238922834396362,1.5238922834396362,1684,0.0,0.0
2009-03-02 00:00:00-05:00,1.5238922834396362,1.8286707401275635,1.5238922834396362,1.5238922834396362,1816,0.0,0.0
2009-03-03 00:00:00-05:00,1.5238922834396362,1.5238922834396362,1.5238922834396362,1.5238922834396362,2250,0.0,0.0
2009-03-04 00:00:00-05:00,1.5238922834396362,1.5238922834396362,1.5238922834396362,1.5238922834396362,3190,0.0,0.0
2009-03-05 00:00:00-05:00,1.5238922834396362,1.5238922834396362,1.219113826751709,1.5238922834396362,2900,0.0,0.0
2009-03-06 00:00:00-05:00,1.5238922834396362,1.5238922834396362,1.5238922834396362,1.5238922834396362,1038,0.0,0.0
2009-03-09 00:00:00-04:00,1.5238922834396362,1.5238922834396362,1.219113826751709,1.5238922834396362,1212,0.0,0.0
2009-03-10 00:00:00-04:00,1.5238922834396362,1.5238922834396362,1.219113826751709,1.5238922834396362,2346,0.0,0.0
2009-03-11 00:00:00-04:00,1.523892730474472,1.523892730474472,1.2191141843795776,1.2191141843795776,1182,0.0,0.0
2009-03-12 00:00:00-04:00,1.2191141843795776,1.2191141843795776,1.2191141843795776,1.2191141843795776,1242,0.0,0.0
2009-03-13 00:00:00-04:00,1.523892730474472,1.523892730474472,1.2191141843795776,1.2191141843795776,2074,0.0,0.0
2009-03-16 00:00:00-04:00,1.2191141843795776,1.2191141843795776,1.2191141843795776,1.2191141843795776,1542,0.0,0.0
2009-03-17 00:00:00-04:00,1.2191141843795776,1.2191141843795776,1.2191141843795776,1.2191141843795776,1066,0.0,0.0
2009-03-18 00:00:00-04:00,1.2191141843795776,1.2191141843795776,1.2191141843795776,1.2191141843795776,858,0.0,0.0
2009-03-19 00:00:00-04:00,1.219113826751709,1.5238922834396362,1.219113826751709,1.5238922834396362,10272,0.0,0.0
2009-03-20 00:00:00-04:00,1.5238922834396362,1.5238922834396362,1.5238922834396362,1.5238922834396362,11476,0.0,0.0
2009-03-23 00:00:00-04:00,1.219113826751709,1.8286707401275635,1.219113826751709,1.5238922834396362,3080,0.0,0.0
2009-03-24 00:00:00-04:00,1.5238922834396362,1.5238922834396362,1.5238922834396362,1.5238922834396362,2392,0.0,0.0
2009-03-25 00:00:00-04:00,1.5238922834396362,1.5238922834396362,1.5238922834396362,1.5238922834396362,7172,0.0,0.0
2009-03-26 00:00:00-04:00,1.5238922834396362,1.5238922834396362,1.5238922834396362,1.5238922834396362,13154,0.0,0.0
2009-03-27 00:00:00-04:00,1.5238929788271585,1.8286715745925903,1.5238929788271585,1.8286715745925903,18180,0.0,0.0
2009-03-30 00:00:00-04:00,1.8286707401275635,1.8286707401275635,1.5238922834396362,1.5238922834396362,13014,0.0,0.0
2009-03-31 00:00:00-04:00,1.5238922834396362,1.5238922834396362,1.5238922834396362,1.5238922834396362,8442,0.0,0.0
2009-04-01 00:00:00-04:00,1.5238922834396362,1.5238922834396362,1.219113826751709,1.5238922834396362,3990,0.0,0.0
2009-04-02 00:00:00-04:00,1.219113826751709,1.5238922834396362,1.219113826751709,1.5238922834396362,4260,0.0,0.0
2009-04-03 00:00:00-04:00,1.523892730474472,3.047785460948944,1.523892730474472,2.4382283687591553,29560,0.0,0.0
2009-04-06 00:00:00-04:00,2.4382286071777344,2.743007183074951,2.1334500312805176,2.1334500312805176,29996,0.0,0.0
2009-04-07 00:00:00-04:00,2.4382286071777344,2.4382286071777344,2.1334500312805176,2.1334500312805176,3618,0.0,0.0
2009-04-08 00:00:00-04:00,2.1334500312805176,2.4382286071777344,2.1334500312805176,2.1334500312805176,14284,0.0,0.0
2009-04-09 00:00:00-04:00,2.1334500312805176,2.1334500312805176,1.8286714553833008,2.1334500312805176,5582,0.0,0.0
2009-04-13 00:00:00-04:00,2.4382283687591553,2.4382283687591553,2.133449822664261,2.4382283687591553,3194,0.0,0.0
2009-04-14 00:00:00-04:00,2.4382283687591553,2.4382283687591553,2.4382283687591553,2.4382283687591553,6180,0.0,0.0
2009-04-15 00:00:00-04:00,2.4382283687591553,2.4382283687591553,2.133449822664261,2.4382283687591553,2596,0.0,0.0
2009-04-16 00:00:00-04:00,2.4382283687591553,2.4382283687591553,2.4382283687591553,2.4382283687591553,4290,0.0,0.0
2009-04-17 00:00:00-04:00,2.133449822664261,2.4382283687591553,2.133449822664261,2.4382283687591553,9132,0.0,0.0
2009-04-20 00:00:00-04:00,2.133449822664261,2.4382283687591553,2.133449822664261,2.4382283687591553,4648,0.0,0.0
2009-04-21 00:00:00-04:00,2.4382286071777344,2.4382286071777344,2.1334500312805176,2.1334500312805176,2526,0.0,0.0
2009-04-22 00:00:00-04:00,2.1334500312805176,2.1334500312805176,2.1334500312805176,2.1334500312805176,1882,0.0,0.0
2009-04-23 00:00:00-04:00,2.1334500312805176,2.1334500312805176,2.1334500312805176,2.1334500312805176,720,0.0,0.0
2009-04-24 00:00:00-04:00,2.4382283687591553,2.4382283687591553,2.133449822664261,2.4382283687591553,1952,0.0,0.0
2009-04-27 00:00:00-04:00,2.4382283687591553,2.4382283687591553,2.133449822664261,2.4382283687591553,2902,0.0,0.0
2009-04-28 00:00:00-04:00,2.4382286071777344,2.4382286071777344,2.1334500312805176,2.1334500312805176,8096,0.0,0.0
2009-04-29 00:00:00-04:00,2.1334500312805176,2.1334500312805176,1.8286714553833008,2.1334500312805176,12936,0.0,0.0
2009-04-30 00:00:00-04:00,2.1334500312805176,2.1334500312805176,2.1334500312805176,2.1334500312805176,3660,0.0,0.0
2009-05-01 00:00:00-04:00,2.1334500312805176,2.1334500312805176,2.1334500312805176,2.1334500312805176,858,0.0,0.0
2009-05-04 00:00:00-04:00,2.4382286071777344,2.4382286071777344,2.1334500312805176,2.1334500312805176,7968,0.0,0.0
2009-05-05 00:00:00-04:00,2.1334500312805176,2.1334500312805176,2.1334500312805176,2.1334500312805176,5298,0.0,0.0
2009-05-06 00:00:00-04:00,2.4382283687591553,2.4382283687591553,2.133449822664261,2.4382283687591553,21688,0.0,0.0
2009-05-07 00:00:00-04:00,2.4382286071777344,2.4382286071777344,2.1334500312805176,2.1334500312805176,4930,0.0,0.0
2009-05-08 00:00:00-04:00,2.133449822664261,2.4382283687591553,2.133449822664261,2.4382283687591553,5900,0.0,0.0
2009-05-11 00:00:00-04:00,2.1334500312805176,2.1334500312805176,2.1334500312805176,2.1334500312805176,13598,0.0,0.0
2009-05-12 00:00:00-04:00,2.1334500312805176,2.1334500312805176,2.1334500312805176,2.1334500312805176,4680,0.0,0.0
2009-05-13 00:00:00-04:00,2.1334500312805176,2.1334500312805176,2.1334500312805176,2.1334500312805176,1060,0.0,0.0
2009-05-14 00:00:00-04:00,2.1334500312805176,2.1334500312805176,1.8286714553833008,2.1334500312805176,10642,0.0,0.0
2009-05-15 00:00:00-04:00,2.1334500312805176,2.1334500312805176,2.1334500312805176,2.1334500312805176,5878,0.0,0.0
2009-05-18 00:00:00-04:00,2.1334500312805176,2.1334500312805176,1.8286714553833008,2.1334500312805176,2100,0.0,0.0
2009-05-19 00:00:00-04:00,2.1334500312805176,2.1334500312805176,2.1334500312805176,2.1334500312805176,7344,0.0,0.0
2009-05-20 00:00:00-04:00,1.8286714553833008,2.1334500312805176,1.8286714553833008,2.1334500312805176,7260,0.0,0.0
2009-05-21 00:00:00-04:00,2.1334500312805176,2.1334500312805176,2.1334500312805176,2.1334500312805176,3370,0.0,0.0
2009-05-22 00:00:00-04:00,2.133449822664261,2.4382283687591553,1.8286712765693665,2.4382283687591553,4326,0.0,0.0
2009-05-26 00:00:00-04:00,2.4382286071777344,2.4382286071777344,2.1334500312805176,2.1334500312805176,8004,0.0,0.0
2009-05-27 00:00:00-04:00,2.4382283687591553,2.4382283687591553,2.133449822664261,2.4382283687591553,2636,0.0,0.0
2009-05-28 00:00:00-04:00,2.4382283687591553,2.4382283687591553,2.133449822664261,2.4382283687591553,6936,0.0,0.0
2009-05-29 00:00:00-04:00,2.4382283687591553,2.4382283687591553,2.4382283687591553,2.4382283687591553,12312,0.0,0.0
2009-06-01 00:00:00-04:00,2.4382283687591553,2.7430069148540497,2.4382283687591553,2.4382283687591553,14504,0.0,0.0
2009-06-02 00:00:00-04:00,2.7430069148540497,2.7430069148540497,2.4382283687591553,2.4382283687591553,15228,0.0,0.0
2009-06-03 00:00:00-04:00,2.4382283687591553,2.4382283687591553,2.4382283687591553,2.4382283687591553,9718,0.0,0.0
2009-06-04 00:00:00-04:00,2.4382283687591553,2.4382283687591553,2.133449822664261,2.4382283687591553,13600,0.0,0.0
2009-06-05 00:00:00-04:00,2.4382286071777344,2.4382286071777344,2.1334500312805176,2.1334500312805176,11086,0.0,0.0
2009-06-08 00:00:00-04:00,2.1334500312805176,2.1334500312805176,2.1334500312805176,2.1334500312805176,2730,0.0,0.0
2009-06-09 00:00:00-04:00,2.1334500312805176,3.6573429107666016,2.1334500312805176,2.1334500312805176,10380,0.0,0.0
2009-06-10 00:00:00-04:00,2.1334500312805176,2.1334500312805176,2.1334500312805176,2.1334500312805176,10584,0.0,0.0
2009-06-11 00:00:00-04:00,2.1334500312805176,2.1334500312805176,2.1334500312805176,2.1334500312805176,5640,0.0,0.0
2009-06-12 00:00:00-04:00,2.1334500312805176,2.1334500312805176,2.1334500312805176,2.1334500312805176,10116,0.0,0.0
2009-06-15 00:00:00-04:00,2.1334500312805176,2.1334500312805176,2.1334500312805176,2.1334500312805176,4452,0.0,0.0
2009-06-16 00:00:00-04:00,2.133449822664261,2.4382283687591553,2.133449822664261,2.4382283687591553,8860,0.0,0.0
2009-06-17 00:00:00-04:00,2.4382286071777344,2.4382286071777344,2.1334500312805176,2.1334500312805176,2424,0.0,0.0
2009-06-18 00:00:00-04:00,2.1334500312805176,2.1334500312805176,2.1334500312805176,2.1334500312805176,3046,0.0,0.0
2009-06-19 00:00:00-04:00,2.1334500312805176,2.1334500312805176,2.1334500312805176,2.1334500312805176,2160,0.0,0.0
2009-06-22 00:00:00-04:00,2.1334500312805176,2.1334500312805176,2.1334500312805176,2.1334500312805176,3036,0.0,0.0
2009-06-23 00:00:00-04:00,2.1334500312805176,2.1334500312805176,2.1334500312805176,2.1334500312805176,3586,0.0,0.0
2009-06-24 00:00:00-04:00,2.1334500312805176,2.1334500312805176,1.8286714553833008,2.1334500312805176,2302,0.0,0.0
2009-06-25 00:00:00-04:00,1.8286714553833008,2.1334500312805176,1.8286714553833008,2.1334500312805176,1126,0.0,0.0
2009-06-26 00:00:00-04:00,2.1334500312805176,2.1334500312805176,2.1334500312805176,2.1334500312805176,818,0.0,0.0
2009-06-29 00:00:00-04:00,2.1334500312805176,2.1334500312805176,2.1334500312805176,2.1334500312805176,1522,0.0,0.0
2009-06-30 00:00:00-04:00,2.1334500312805176,2.1334500312805176,2.1334500312805176,2.1334500312805176,1070,0.0,0.0
2009-07-01 00:00:00-04:00,1.8286715745925903,2.1334501703580218,1.8286715745925903,1.8286715745925903,12562,0.0,0.0
2009-07-02 00:00:00-04:00,1.8286715745925903,2.1334501703580218,1.8286715745925903,1.8286715745925903,5170,0.0,0.0
2009-07-06 00:00:00-04:00,1.8286715745925903,1.8286715745925903,1.8286715745925903,1.8286715745925903,7568,0.0,0.0
2009-07-07 00:00:00-04:00,1.8286707401275635,1.8286707401275635,1.5238922834396362,1.5238922834396362,16302,0.0,0.0
2009-07-08 00:00:00-04:00,1.8286707401275635,1.8286707401275635,1.219113826751709,1.5238922834396362,2664,0.0,0.0
2009-07-09 00:00:00-04:00,1.5238922834396362,1.5238922834396362,1.5238922834396362,1.5238922834396362,6440,0.0,0.0
2009-07-10 00:00:00-04:00,1.5238929788271585,1.8286715745925903,1.5238929788271585,1.8286715745925903,8946,0.0,0.0
2009-07-13 00:00:00-04:00,1.8286707401275635,1.8286707401275635,1.5238922834396362,1.5238922834396362,1544,0.0,0.0
2009-07-14 00:00:00-04:00,1.8286715745925903,1.8286715745925903,1.8286715745925903,1.8286715745925903,1460,0.0,0.0
2009-07-15 00:00:00-04:00,1.8286714553833008,2.1334500312805176,1.8286714553833008,2.1334500312805176,6540,0.0,0.0
2009-07-16 00:00:00-04:00,2.1334500312805176,2.1334500312805176,1.8286714553833008,2.1334500312805176,8738,0.0,0.0
2009-07-17 00:00:00-04:00,1.8286715745925903,2.1334501703580218,1.8286715745925903,1.8286715745925903,5480,0.0,0.0
2009-07-20 00:00:00-04:00,1.8286715745925903,2.1334501703580218,1.8286715745925903,1.8286715745925903,7826,0.0,0.0
2009-07-21 00:00:00-04:00,1.8286715745925903,1.8286715745925903,1.8286715745925903,1.8286715745925903,340,0.0,0.0
2009-07-22 00:00:00-04:00,1.8286714553833008,2.1334500312805176,1.8286714553833008,2.1334500312805176,4860,0.0,0.0
2009-07-23 00:00:00-04:00,1.8286714553833008,2.1334500312805176,1.8286714553833008,2.1334500312805176,3520,0.0,0.0
2009-07-24 00:00:00-04:00,2.1334500312805176,2.1334500312805176,2.1334500312805176,2.1334500312805176,20,0.0,0.0
2009-07-27 00:00:00-04:00,1.8286714553833008,2.1334500312805176,1.8286714553833008,2.1334500312805176,1432,0.0,0.0
2009-07-28 00:00:00-04:00,1.8286715745925903,2.1334501703580218,1.8286715745925903,1.8286715745925903,2018,0.0,0.0
2009-07-29 00:00:00-04:00,1.8286715745925903,1.8286715745925903,1.8286715745925903,1.8286715745925903,720,0.0,0.0
2009-07-30 00:00:00-04:00,1.8286715745925903,1.8286715745925903,1.8286715745925903,1.8286715745925903,2660,0.0,0.0
2009-07-31 00:00:00-04:00,1.8286715745925903,1.8286715745925903,1.8286715745925903,1.8286715745925903,5904,0.0,0.0
2009-08-03 00:00:00-04:00,1.8286714553833008,2.1334500312805176,1.8286714553833008,2.1334500312805176,3054,0.0,0.0
2009-08-04 00:00:00-04:00,2.1334500312805176,2.1334500312805176,1.8286714553833008,2.1334500312805176,6350,0.0,0.0
2009-08-05 00:00:00-04:00,2.1334500312805176,2.1334500312805176,1.8286714553833008,2.1334500312805176,1204,0.0,0.0
2009-08-06 00:00:00-04:00,2.1334501703580218,2.1334501703580218,1.5238929788271585,1.8286715745925903,13162,0.0,0.0
2009-08-07 00:00:00-04:00,1.8286715745925903,2.1334501703580218,1.8286715745925903,1.8286715745925903,906,0.0,0.0
2009-08-10 00:00:00-04:00,1.8286715745925903,1.8286715745925903,1.8286715745925903,1.8286715745925903,406,0.0,0.0
2009-08-11 00:00:00-04:00,1.8286715745925903,1.8286715745925903,1.5238929788271585,1.8286715745925903,9410,0.0,0.0
2009-08-12 00:00:00-04:00,1.8286707401275635,1.8286707401275635,1.5238922834396362,1.5238922834396362,1772,0.0,0.0
2009-08-13 00:00:00-04:00,1.8286715745925903,1.8286715745925903,1.8286715745925903,1.8286715745925903,1566,0.0,0.0
2009-08-14 00:00:00-04:00,1.8286715745925903,1.8286715745925903,1.8286715745925903,1.8286715745925903,10086,0.0,0.0
2009-08-17 00:00:00-04:00,2.1334501703580218,2.1334501703580218,1.8286715745925903,1.8286715745925903,5226,0.0,0.0
2009-08-18 00:00:00-04:00,1.8286715745925903,1.8286715745925903,1.8286715745925903,1.8286715745925903,240,0.0,0.0
2009-08-19 00:00:00-04:00,1.8286715745925903,1.8286715745925903,1.8286715745925903,1.8286715745925903,2810,0.0,0.0
2009-08-20 00:00:00-04:00,1.8286715745925903,1.8286715745925903,1.8286715745925903,1.8286715745925903,4340,0.0,0.0
2009-08-21 00:00:00-04:00,1.8286715745925903,1.8286715745925903,1.8286715745925903,1.8286715745925903,7312,0.0,0.0
2009-08-24 00:00:00-04:00,1.8286715745925903,1.8286715745925903,1.8286715745925903,1.8286715745925903,3948,0.0,0.0
2009-08-25 00:00:00-04:00,1.8286715745925903,2.1334501703580218,1.8286715745925903,1.8286715745925903,22296,0.0,0.0
2009-08-26 00:00:00-04:00,1.8286715745925903,1.8286715745925903,1.8286715745925903,1.8286715745925903,2746,0.0,0.0
2009-08-27 00:00:00-04:00,1.8286715745925903,1.8286715745925903,1.8286715745925903,1.8286715745925903,3214,0.0,0.0
2009-08-28 00:00:00-04:00,1.8286715745925903,1.8286715745925903,1.8286715745925903,1.8286715745925903,4518,0.0,0.0
2009-08-31 00:00:00-04:00,1.8286715745925903,1.8286715745925903,1.8286715745925903,1.8286715745925903,3220,0.0,0.0
2009-09-01 00:00:00-04:00,1.8286715745925903,1.8286715745925903,1.5238929788271585,1.8286715745925903,2780,0.0,0.0
2009-09-02 00:00:00-04:00,1.5238929788271585,1.8286715745925903,1.5238929788271585,1.8286715745925903,12602,0.0,0.0
2009-09-03 00:00:00-04:00,2.1334501703580218,2.1334501703580218,1.8286715745925903,1.8286715745925903,6812,0.0,0.0
2009-09-04 00:00:00-04:00,1.8286715745925903,2.1334501703580218,1.8286715745925903,1.8286715745925903,7640,0.0,0.0
2009-09-08 00:00:00-04:00,2.1334501703580218,2.1334501703580218,1.8286715745925903,1.8286715745925903,1748,0.0,0.0
2009-09-09 00:00:00-04:00,1.8286715745925903,1.8286715745925903,1.8286715745925903,1.8286715745925903,10432,0.0,0.0
2009-09-10 00:00:00-04:00,1.8286715745925903,1.8286715745925903,1.8286715745925903,1.8286715745925903,3584,0.0,0.0
2009-09-11 00:00:00-04:00,1.8286715745925903,2.1334501703580218,1.8286715745925903,1.8286715745925903,19920,0.0,0.0
2009-09-14 00:00:00-04:00,1.8286715745925903,1.8286715745925903,1.8286715745925903,1.8286715745925903,13818,0.0,0.0
2009-09-15 00:00:00-04:00,1.8286715745925903,1.8286715745925903,1.8286715745925903,1.8286715745925903,3242,0.0,0.0
2009-09-16 00:00:00-04:00,1.8286715745925903,2.1334501703580218,1.8286715745925903,1.8286715745925903,9314,0.0,0.0
2009-09-17 00:00:00-04:00,2.1334500312805176,2.1334500312805176,1.8286714553833008,2.1334500312805176,8246,0.0,0.0
2009-09-18 00:00:00-04:00,2.1334500312805176,2.1334500312805176,1.8286714553833008,2.1334500312805176,5876,0.0,0.0
2009-09-21 00:00:00-04:00,1.8286714553833008,2.1334500312805176,1.8286714553833008,2.1334500312805176,11350,0.0,0.0
2009-09-22 00:00:00-04:00,1.8286714553833008,2.1334500312805176,1.8286714553833008,2.1334500312805176,19188,0.0,0.0
2009-09-23 00:00:00-04:00,1.8286714553833008,2.1334500312805176,1.8286714553833008,2.1334500312805176,11364,0.0,0.0
2009-09-24 00:00:00-04:00,1.8286714553833008,2.1334500312805176,1.8286714553833008,2.1334500312805176,6736,0.0,0.0
2009-09-25 00:00:00-04:00,1.8286715745925903,2.1334501703580218,1.8286715745925903,1.8286715745925903,1528,0.0,0.0
2009-09-28 00:00:00-04:00,1.8286715745925903,1.8286715745925903,1.8286715745925903,1.8286715745925903,4060,0.0,0.0
2009-09-29 00:00:00-04:00,1.8286715745925903,1.8286715745925903,1.8286715745925903,1.8286715745925903,4436,0.0,0.0
2009-09-30 00:00:00-04:00,1.8286715745925903,2.1334501703580218,1.8286715745925903,1.8286715745925903,6370,0.0,0.0
2009-10-01 00:00:00-04:00,1.8286715745925903,1.8286715745925903,1.8286715745925903,1.8286715745925903,1240,0.0,0.0
2009-10-02 00:00:00-04:00,1.8286715745925903,1.8286715745925903,1.8286715745925903,1.8286715745925903,7974,0.0,0.0
2009-10-05 00:00:00-04:00,1.8286715745925903,1.8286715745925903,1.8286715745925903,1.8286715745925903,3254,0.0,0.0
2009-10-06 00:00:00-04:00,1.8286714553833008,2.1334500312805176,1.8286714553833008,2.1334500312805176,12080,0.0,0.0
2009-10-07 00:00:00-04:00,2.1334500312805176,2.1334500312805176,2.1334500312805176,2.1334500312805176,6920,0.0,0.0
2009-10-08 00:00:00-04:00,2.133449822664261,2.4382283687591553,2.133449822664261,2.4382283687591553,22204,0.0,0.0
2009-10-09 00:00:00-04:00,2.4382283687591553,3.047785460948944,2.4382283687591553,2.4382283687591553,27300,0.0,0.0
2009-10-12 00:00:00-04:00,2.4382283687591553,2.7430069148540497,2.4382283687591553,2.4382283687591553,15982,0.0,0.0
2009-10-13 00:00:00-04:00,2.4382283687591553,2.7430069148540497,2.4382283687591553,2.4382283687591553,7350,0.0,0.0
2009-10-14 00:00:00-04:00,2.4382283687591553,2.4382283687591553,2.4382283687591553,2.4382283687591553,9718,0.0,0.0
2009-10-15 00:00:00-04:00,2.4382286071777344,2.4382286071777344,2.1334500312805176,2.1334500312805176,7544,0.0,0.0
2009-10-16 00:00:00-04:00,2.133449822664261,2.4382283687591553,2.133449822664261,2.4382283687591553,18450,0.0,0.0
2009-10-19 00:00:00-04:00,2.4382286071777344,2.4382286071777344,2.1334500312805176,2.1334500312805176,22078,0.0,0.0
2009-10-20 00:00:00-04:00,2.1334500312805176,2.1334500312805176,2.1334500312805176,2.1334500312805176,1986,0.0,0.0
2009-10-21 00:00:00-04:00,2.1334500312805176,2.1334500312805176,2.1334500312805176,2.1334500312805176,3496,0.0,0.0
2009-10-22 00:00:00-04:00,2.1334500312805176,2.1334500312805176,2.1334500312805176,2.1334500312805176,4348,0.0,0.0
2009-10-23 00:00:00-04:00,2.1334500312805176,2.1334500312805176,1.8286714553833008,2.1334500312805176,9908,0.0,0.0
2009-10-26 00:00:00-04:00,2.1334500312805176,2.1334500312805176,2.1334500312805176,2.1334500312805176,2356,0.0,0.0
2009-10-27 00:00:00-04:00,2.1334500312805176,2.1334500312805176,1.8286714553833008,2.1334500312805176,1986,0.0,0.0
2009-10-28 00:00:00-04:00,1.8286715745925903,2.1334501703580218,1.8286715745925903,1.8286715745925903,10530,0.0,0.0
2009-10-29 00:00:00-04:00,2.1334500312805176,2.1334500312805176,1.8286714553833008,2.1334500312805176,2180,0.0,0.0
2009-10-30 00:00:00-04:00,1.8286715745925903,2.1334501703580218,1.5238929788271585,1.8286715745925903,8640,0.0,0.0
2009-11-02 00:00:00-05:00,2.1334500312805176,2.1334500312805176,2.1334500312805176,2.1334500312805176,1660,0.0,0.0
2009-11-03 00:00:00-05:00,2.1334500312805176,2.1334500312805176,1.8286714553833008,2.1334500312805176,7428,0.0,0.0
2009-11-04 00:00:00-05:00,1.8286714553833008,2.1334500312805176,1.8286714553833008,2.1334500312805176,4274,0.0,0.0
2009-11-05 00:00:00-05:00,2.1334501703580218,2.1334501703580218,1.8286715745925903,1.8286715745925903,7748,0.0,0.0
2009-11-06 00:00:00-05:00,1.8286714553833008,2.1334500312805176,1.8286714553833008,2.1334500312805176,3492,0.0,0.0
2009-11-09 00:00:00-05:00,2.1334500312805176,2.1334500312805176,1.8286714553833008,2.1334500312805176,5760,0.0,0.0
2009-11-10 00:00:00-05:00,1.8286714553833008,2.1334500312805176,1.8286714553833008,2.1334500312805176,7426,0.0,0.0
2009-11-11 00:00:00-05:00,2.1334500312805176,2.1334500312805176,1.8286714553833008,2.1334500312805176,5196,0.0,0.0
2009-11-12 00:00:00-05:00,2.1334500312805176,2.1334500312805176,2.1334500312805176,2.1334500312805176,11132,0.0,0.0
2009-11-13 00:00:00-05:00,1.8286714553833008,2.1334500312805176,1.8286714553833008,2.1334500312805176,3118,0.0,0.0
2009-11-16 00:00:00-05:00,1.8286714553833008,2.1334500312805176,1.8286714553833008,2.1334500312805176,5092,0.0,0.0
2009-11-17 00:00:00-05:00,2.1334501703580218,2.1334501703580218,1.8286715745925903,1.8286715745925903,2184,0.0,0.0
2009-11-18 00:00:00-05:00,2.1334500312805176,2.1334500312805176,1.8286714553833008,2.1334500312805176,2220,0.0,0.0
2009-11-19 00:00:00-05:00,1.8286714553833008,2.1334500312805176,1.8286714553833008,2.1334500312805176,954,0.0,0.0
2009-11-20 00:00:00-05:00,1.8286714553833008,2.1334500312805176,1.8286714553833008,2.1334500312805176,3560,0.0,0.0
2009-11-23 00:00:00-05:00,2.1334500312805176,2.1334500312805176,1.8286714553833008,2.1334500312805176,5570,0.0,0.0
2009-11-24 00:00:00-05:00,2.1334500312805176,2.1334500312805176,1.8286714553833008,2.1334500312805176,2366,0.0,0.0
2009-11-25 00:00:00-05:00,2.1334500312805176,2.1334500312805176,1.8286714553833008,2.1334500312805176,6202,0.0,0.0
2009-11-27 00:00:00-05:00,1.8286714553833008,2.1334500312805176,1.8286714553833008,2.1334500312805176,288,0.0,0.0
2009-11-30 00:00:00-05:00,2.1334500312805176,2.1334500312805176,1.8286714553833008,2.1334500312805176,5170,0.0,0.0
2009-12-01 00:00:00-05:00,1.8286714553833008,2.1334500312805176,1.8286714553833008,2.1334500312805176,3430,0.0,0.0
2009-12-02 00:00:00-05:00,2.1334500312805176,2.1334500312805176,1.8286714553833008,2.1334500312805176,11302,0.0,0.0
2009-12-03 00:00:00-05:00,2.1334500312805176,2.1334500312805176,1.8286714553833008,2.1334500312805176,4320,0.0,0.0
2009-12-04 00:00:00-05:00,1.8286715745925903,2.1334501703580218,1.8286715745925903,1.8286715745925903,1374,0.0,0.0
2009-12-07 00:00:00-05:00,1.8286715745925903,1.8286715745925903,1.8286715745925903,1.8286715745925903,5464,0.0,0.0
2009-12-08 00:00:00-05:00,1.5238929788271585,2.1334501703580218,1.5238929788271585,1.8286715745925903,14550,0.0,0.0
2009-12-09 00:00:00-05:00,1.8286715745925903,1.8286715745925903,1.8286715745925903,1.8286715745925903,4378,0.0,0.0
2009-12-10 00:00:00-05:00,1.8286715745925903,1.8286715745925903,1.8286715745925903,1.8286715745925903,5638,0.0,0.0
2009-12-11 00:00:00-05:00,1.8286707401275635,1.8286707401275635,1.5238922834396362,1.5238922834396362,9126,0.0,0.0
2009-12-14 00:00:00-05:00,1.5238922834396362,1.8286707401275635,1.5238922834396362,1.5238922834396362,6108,0.0,0.0
2009-12-15 00:00:00-05:00,1.5238922834396362,1.5238922834396362,1.5238922834396362,1.5238922834396362,28448,0.0,0.0
2009-12-16 00:00:00-05:00,1.5238922834396362,1.8286707401275635,1.5238922834396362,1.5238922834396362,16182,0.0,0.0
2009-12-17 00:00:00-05:00,1.8286715745925903,1.8286715745925903,1.5238929788271585,1.8286715745925903,8824,0.0,0.0
2009-12-18 00:00:00-05:00,1.5238929788271585,1.8286715745925903,1.5238929788271585,1.8286715745925903,4872,0.0,0.0
2009-12-21 00:00:00-05:00,1.5238922834396362,1.8286707401275635,1.5238922834396362,1.5238922834396362,11800,0.0,0.0
2009-12-22 00:00:00-05:00,1.5238929788271585,1.8286715745925903,1.5238929788271585,1.8286715745925903,286,0.0,0.0
2009-12-23 00:00:00-05:00,1.5238929788271585,1.8286715745925903,1.5238929788271585,1.8286715745925903,5614,0.0,0.0
2009-12-24 00:00:00-05:00,1.5238929788271585,1.8286715745925903,1.5238929788271585,1.8286715745925903,1964,0.0,0.0
2009-12-28 00:00:00-05:00,1.5238922834396362,1.8286707401275635,1.5238922834396362,1.5238922834396362,3426,0.0,0.0
2009-12-29 00:00:00-05:00,1.5238929788271585,2.1334501703580218,1.5238929788271585,1.8286715745925903,4302,0.0,0.0
2009-12-30 00:00:00-05:00,1.5238929788271585,1.8286715745925903,1.5238929788271585,1.8286715745925903,134,0.0,0.0
2009-12-31 00:00:00-05:00,1.8286714553833008,2.1334500312805176,1.8286714553833008,2.1334500312805176,4812,0.0,0.0
2010-01-04 00:00:00-05:00,2.1334500312805176,2.1334500312805176,1.8286714553833008,2.1334500312805176,19192,0.0,0.0
2010-01-05 00:00:00-05:00,2.1334500312805176,2.1334500312805176,1.8286714553833008,2.1334500312805176,1446,0.0,0.0
2010-01-06 00:00:00-05:00,1.8286715745925903,2.1334501703580218,1.8286715745925903,1.8286715745925903,6512,0.0,0.0
2010-01-07 00:00:00-05:00,1.8286715745925903,2.1334501703580218,1.8286715745925903,1.8286715745925903,11948,0.0,0.0
2010-01-08 00:00:00-05:00,1.8286715745925903,2.1334501703580218,1.8286715745925903,1.8286715745925903,2308,0.0,0.0
2010-01-11 00:00:00-05:00,1.8286715745925903,2.1334501703580218,1.8286715745925903,1.8286715745925903,1398,0.0,0.0
2010-01-12 00:00:00-05:00,1.8286715745925903,1.8286715745925903,1.8286715745925903,1.8286715745925903,15324,0.0,0.0
2010-01-13 00:00:00-05:00,1.8286715745925903,1.8286715745925903,1.8286715745925903,1.8286715745925903,108,0.0,0.0
2010-01-14 00:00:00-05:00,1.8286715745925903,1.8286715745925903,1.8286715745925903,1.8286715745925903,540,0.0,0.0
2010-01-15 00:00:00-05:00,1.8286714553833008,2.1334500312805176,1.8286714553833008,2.1334500312805176,2882,0.0,0.0
2010-01-19 00:00:00-05:00,1.8286714553833008,2.1334500312805176,1.8286714553833008,2.1334500312805176,2284,0.0,0.0
2010-01-20 00:00:00-05:00,1.8286714553833008,2.1334500312805176,1.8286714553833008,2.1334500312805176,1608,0.0,0.0
2010-01-21 00:00:00-05:00,1.8286714553833008,2.1334500312805176,1.8286714553833008,2.1334500312805176,2858,0.0,0.0
2010-01-22 00:00:00-05:00,1.5238929788271585,1.8286715745925903,1.5238929788271585,1.8286715745925903,3126,0.0,0.0
2010-01-25 00:00:00-05:00,1.8286715745925903,2.1334501703580218,1.8286715745925903,1.8286715745925903,2348,0.0,0.0
2010-01-26 00:00:00-05:00,1.8286715745925903,2.1334501703580218,1.8286715745925903,1.8286715745925903,2430,0.0,0.0
2010-01-27 00:00:00-05:00,1.8286715745925903,1.8286715745925903,1.8286715745925903,1.8286715745925903,722,0.0,0.0
2010-01-28 00:00:00-05:00,1.523892879486084,2.1334500312805176,1.523892879486084,2.1334500312805176,22356,0.0,0.0
2010-01-29 00:00:00-05:00,1.8286715745925903,2.1334501703580218,1.8286715745925903,1.8286715745925903,15250,0.0,0.0
2010-02-01 00:00:00-05:00,1.8286715745925903,1.8286715745925903,1.8286715745925903,1.8286715745925903,9106,0.0,0.0
2010-02-02 00:00:00-05:00,1.8286715745925903,1.8286715745925903,1.8286715745925903,1.8286715745925903,2922,0.0,0.0
2010-02-03 00:00:00-05:00,1.8286715745925903,1.8286715745925903,1.8286715745925903,1.8286715745925903,110,0.0,0.0
2010-02-04 00:00:00-05:00,1.8286715745925903,1.8286715745925903,1.8286715745925903,1.8286715745925903,248,0.0,0.0
2010-02-05 00:00:00-05:00,1.8286714553833008,2.1334500312805176,1.8286714553833008,2.1334500312805176,5804,0.0,0.0
2010-02-08 00:00:00-05:00,2.4382287661234536,2.4382287661234536,1.8286715745925903,1.8286715745925903,738,0.0,0.0
2010-02-09 00:00:00-05:00,1.8286714553833008,2.1334500312805176,1.8286714553833008,2.1334500312805176,1324,0.0,0.0
2010-02-10 00:00:00-05:00,1.8286714553833008,2.1334500312805176,1.8286714553833008,2.1334500312805176,42,0.0,0.0
2010-02-11 00:00:00-05:00,1.8286714553833008,2.1334500312805176,1.8286714553833008,2.1334500312805176,5358,0.0,0.0
2010-02-12 00:00:00-05:00,2.1334500312805176,2.1334500312805176,1.8286714553833008,2.1334500312805176,922,0.0,0.0
2010-02-16 00:00:00-05:00,2.1334501703580218,2.1334501703580218,1.8286715745925903,1.8286715745925903,1302,0.0,0.0
2010-02-17 00:00:00-05:00,1.8286715745925903,1.8286715745925903,1.8286715745925903,1.8286715745925903,1404,0.0,0.0
2010-02-18 00:00:00-05:00,1.8286715745925903,1.8286715745925903,1.8286715745925903,1.8286715745925903,6536,0.0,0.0
2010-02-19 00:00:00-05:00,1.8286715745925903,1.8286715745925903,1.8286715745925903,1.8286715745925903,1154,0.0,0.0
2010-02-22 00:00:00-05:00,1.8286715745925903,1.8286715745925903,1.8286715745925903,1.8286715745925903,1712,0.0,0.0
2010-02-23 00:00:00-05:00,1.8286715745925903,1.8286715745925903,1.8286715745925903,1.8286715745925903,3904,0.0,0.0
2010-02-24 00:00:00-05:00,1.8286715745925903,1.8286715745925903,1.8286715745925903,1.8286715745925903,628,0.0,0.0
2010-02-25 00:00:00-05:00,1.8286715745925903,1.8286715745925903,1.8286715745925903,1.8286715745925903,894,0.0,0.0
2010-02-26 00:00:00-05:00,1.8286715745925903,1.8286715745925903,1.8286715745925903,1.8286715745925903,1434,0.0,0.0
2010-03-01 00:00:00-05:00,1.8286715745925903,1.8286715745925903,1.8286715745925903,1.8286715745925903,7014,0.0,0.0
2010-03-02 00:00:00-05:00,1.8286715745925903,1.8286715745925903,1.8286715745925903,1.8286715745925903,598,0.0,0.0
2010-03-03 00:00:00-05:00,1.8286715745925903,2.1334501703580218,1.8286715745925903,1.8286715745925903,5978,0.0,0.0
2010-03-04 00:00:00-05:00,1.8286715745925903,1.8286715745925903,1.8286715745925903,1.8286715745925903,412,0.0,0.0
2010-03-05 00:00:00-05:00,1.8286715745925903,1.8286715745925903,1.8286715745925903,1.8286715745925903,2198,0.0,0.0
2010-03-08 00:00:00-05:00,1.8286715745925903,1.8286715745925903,1.8286715745925903,1.8286715745925903,906,0.0,0.0
2010-03-09 00:00:00-05:00,1.8286714553833008,2.1334500312805176,1.8286714553833008,2.1334500312805176,190,0.0,0.0
2010-03-10 00:00:00-05:00,1.8286714553833008,2.1334500312805176,1.8286714553833008,2.1334500312805176,7508,0.0,0.0
2010-03-11 00:00:00-05:00,1.8286715745925903,1.8286715745925903,1.5238929788271585,1.8286715745925903,960,0.0,0.0
2010-03-12 00:00:00-05:00,1.8286714553833008,2.1334500312805176,1.8286714553833008,2.1334500312805176,4656,0.0,0.0
2010-03-15 00:00:00-04:00,1.8286715745925903,1.8286715745925903,1.8286715745925903,1.8286715745925903,2060,0.0,0.0
2010-03-16 00:00:00-04:00,1.8286715745925903,1.8286715745925903,1.8286715745925903,1.8286715745925903,3110,0.0,0.0
2010-03-17 00:00:00-04:00,1.8286714553833008,2.1334500312805176,1.8286714553833008,2.1334500312805176,3776,0.0,0.0
2010-03-18 00:00:00-04:00,2.1334501703580218,2.1334501703580218,1.8286715745925903,1.8286715745925903,5542,0.0,0.0
2010-03-19 00:00:00-04:00,1.8286714553833008,2.1334500312805176,1.523892879486084,2.1334500312805176,574,0.0,0.0
2010-03-22 00:00:00-04:00,1.8286715745925903,2.1334501703580218,1.8286715745925903,1.8286715745925903,538,0.0,0.0
2010-03-23 00:00:00-04:00,1.8286715745925903,1.8286715745925903,1.5238929788271585,1.8286715745925903,712,0.0,0.0
2010-03-24 00:00:00-04:00,1.8286715745925903,2.1334501703580218,1.8286715745925903,1.8286715745925903,3394,0.0,0.0
2010-03-25 00:00:00-04:00,1.8286715745925903,1.8286715745925903,1.8286715745925903,1.8286715745925903,2920,0.0,0.0
2010-03-26 00:00:00-04:00,1.2191143035888672,2.1334500312805176,1.2191143035888672,2.1334500312805176,386,0.0,0.0
2010-03-29 00:00:00-04:00,1.8286715745925903,2.1334501703580218,1.8286715745925903,1.8286715745925903,2624,0.0,0.0
2010-03-30 00:00:00-04:00,1.8286714553833008,2.1334500312805176,1.8286714553833008,2.1334500312805176,4780,0.0,0.0
2010-03-31 00:00:00-04:00,2.1334501703580218,2.1334501703580218,1.8286715745925903,1.8286715745925903,3160,0.0,0.0
2010-04-01 00:00:00-04:00,2.1334501703580218,2.1334501703580218,1.8286715745925903,1.8286715745925903,25780,0.0,0.0
2010-04-05 00:00:00-04:00,2.1334501703580218,2.1334501703580218,1.8286715745925903,1.8286715745925903,350,0.0,0.0
2010-04-06 00:00:00-04:00,1.8286715745925903,2.1334501703580218,1.8286715745925903,1.8286715745925903,264,0.0,0.0
2010-04-07 00:00:00-04:00,2.1334500312805176,2.4382286071777344,2.1334500312805176,2.1334500312805176,38516,0.0,0.0
2010-04-08 00:00:00-04:00,2.1334500312805176,2.1334500312805176,2.1334500312805176,2.1334500312805176,2906,0.0,0.0
2010-04-09 00:00:00-04:00,2.1334500312805176,2.1334500312805176,2.1334500312805176,2.1334500312805176,2316,0.0,0.0
2010-04-12 00:00:00-04:00,2.1334500312805176,2.1334500312805176,1.8286714553833008,2.1334500312805176,4794,0.0,0.0
2010-04-13 00:00:00-04:00,2.1334500312805176,2.1334500312805176,1.8286714553833008,2.1334500312805176,1216,0.0,0.0
2010-04-14 00:00:00-04:00,2.1334500312805176,2.4382286071777344,1.8286714553833008,2.1334500312805176,4758,0.0,0.0
2010-04-15 00:00:00-04:00,2.1334500312805176,2.1334500312805176,2.1334500312805176,2.1334500312805176,496,0.0,0.0
2010-04-16 00:00:00-04:00,2.1334500312805176,2.1334500312805176,1.8286714553833008,2.1334500312805176,1000,0.0,0.0
2010-04-19 00:00:00-04:00,2.1334500312805176,2.1334500312805176,1.8286714553833008,2.1334500312805176,4148,0.0,0.0
2010-04-20 00:00:00-04:00,1.8286714553833008,2.1334500312805176,1.8286714553833008,2.1334500312805176,1344,0.0,0.0
2010-04-21 00:00:00-04:00,1.8286714553833008,2.1334500312805176,1.8286714553833008,2.1334500312805176,2292,0.0,0.0
2010-04-22 00:00:00-04:00,1.8286715745925903,1.8286715745925903,1.8286715745925903,1.8286715745925903,82,0.0,0.0
2010-04-23 00:00:00-04:00,2.1334500312805176,2.1334500312805176,1.8286714553833008,2.1334500312805176,1288,0.0,0.0
2010-04-26 00:00:00-04:00,2.1334500312805176,2.4382286071777344,1.8286714553833008,2.1334500312805176,1894,0.0,0.0
2010-04-27 00:00:00-04:00,1.8286715745925903,2.1334501703580218,1.8286715745925903,1.8286715745925903,1044,0.0,0.0
2010-04-28 00:00:00-04:00,2.1334501703580218,2.1334501703580218,1.8286715745925903,1.8286715745925903,2842,0.0,0.0
2010-04-29 00:00:00-04:00,2.1334500312805176,2.1334500312805176,1.8286714553833008,2.1334500312805176,2348,0.0,0.0
2010-04-30 00:00:00-04:00,2.1334500312805176,2.1334500312805176,2.1334500312805176,2.1334500312805176,2320,0.0,0.0
2010-05-03 00:00:00-04:00,1.8286714553833008,2.1334500312805176,1.8286714553833008,2.1334500312805176,11222,0.0,0.0
2010-05-04 00:00:00-04:00,2.1334501703580218,2.1334501703580218,1.8286715745925903,1.8286715745925903,7636,0.0,0.0
2010-05-05 00:00:00-04:00,1.8286715745925903,1.8286715745925903,1.8286715745925903,1.8286715745925903,2670,0.0,0.0
2010-05-06 00:00:00-04:00,2.1334501703580218,2.1334501703580218,1.8286715745925903,1.8286715745925903,1868,0.0,0.0
2010-05-07 00:00:00-04:00,1.8286715745925903,1.8286715745925903,1.8286715745925903,1.8286715745925903,5280,0.0,0.0
2010-05-10 00:00:00-04:00,1.8286715745925903,1.8286715745925903,1.8286715745925903,1.8286715745925903,1080,0.0,0.0
2010-05-11 00:00:00-04:00,2.1334500312805176,2.1334500312805176,1.8286714553833008,2.1334500312805176,2554,0.0,0.0
2010-05-12 00:00:00-04:00,2.1334500312805176,2.1334500312805176,2.1334500312805176,2.1334500312805176,2194,0.0,0.0
2010-05-13 00:00:00-04:00,1.8286714553833008,2.1334500312805176,1.8286714553833008,2.1334500312805176,2770,0.0,0.0
2010-05-14 00:00:00-04:00,2.1334500312805176,2.1334500312805176,1.8286714553833008,2.1334500312805176,968,0.0,0.0
2010-05-17 00:00:00-04:00,1.8286714553833008,2.1334500312805176,1.8286714553833008,2.1334500312805176,3740,0.0,0.0
2010-05-18 00:00:00-04:00,1.8286714553833008,2.1334500312805176,1.8286714553833008,2.1334500312805176,838,0.0,0.0
2010-05-19 00:00:00-04:00,2.1334500312805176,2.1334500312805176,1.8286714553833008,2.1334500312805176,758,0.0,0.0
2010-05-20 00:00:00-04:00,1.8286715745925903,1.8286715745925903,1.8286715745925903,1.8286715745925903,764,0.0,0.0
2010-05-21 00:00:00-04:00,1.8286715745925903,2.1334501703580218,1.8286715745925903,1.8286715745925903,942,0.0,0.0
2010-05-24 00:00:00-04:00,2.1334500312805176,2.1334500312805176,2.1334500312805176,2.1334500312805176,1032,0.0,0.0
2010-05-25 00:00:00-04:00,2.1334501703580218,2.1334501703580218,1.8286715745925903,1.8286715745925903,624,0.0,0.0
2010-05-26 00:00:00-04:00,1.8286715745925903,1.8286715745925903,1.8286715745925903,1.8286715745925903,84,0.0,0.0
2010-05-27 00:00:00-04:00,1.8286715745925903,2.1334501703580218,1.8286715745925903,1.8286715745925903,5176,0.0,0.0
2010-05-28 00:00:00-04:00,1.8286714553833008,2.1334500312805176,1.8286714553833008,2.1334500312805176,3046,0.0,0.0
2010-06-01 00:00:00-04:00,1.8286715745925903,2.1334501703580218,1.8286715745925903,1.8286715745925903,1204,0.0,0.0
2010-06-02 00:00:00-04:00,1.8286715745925903,1.8286715745925903,1.8286715745925903,1.8286715745925903,4144,0.0,0.0
2010-06-03 00:00:00-04:00,1.8286714553833008,2.1334500312805176,1.8286714553833008,2.1334500312805176,2888,0.0,0.0
2010-06-04 00:00:00-04:00,1.8286715745925903,1.8286715745925903,1.8286715745925903,1.8286715745925903,2678,0.0,0.0
2010-06-07 00:00:00-04:00,1.8286715745925903,1.8286715745925903,1.8286715745925903,1.8286715745925903,3194,0.0,0.0
2010-06-08 00:00:00-04:00,2.1334491968154907,2.1334491968154907,1.5238922834396362,1.5238922834396362,542,0.0,0.0
2010-06-09 00:00:00-04:00,1.8286715745925903,1.8286715745925903,1.5238929788271585,1.8286715745925903,1312,0.0,0.0
2010-06-10 00:00:00-04:00,1.8286715745925903,1.8286715745925903,1.8286715745925903,1.8286715745925903,3066,0.0,0.0
2010-06-11 00:00:00-04:00,1.8286715745925903,1.8286715745925903,1.8286715745925903,1.8286715745925903,260,0.0,0.0
2010-06-14 00:00:00-04:00,1.8286714553833008,2.1334500312805176,1.8286714553833008,2.1334500312805176,926,0.0,0.0
2010-06-15 00:00:00-04:00,1.8286714553833008,2.1334500312805176,1.523892879486084,2.1334500312805176,802,0.0,0.0
2010-06-16 00:00:00-04:00,1.8286714553833008,2.1334500312805176,1.8286714553833008,2.1334500312805176,74,0.0,0.0
2010-06-17 00:00:00-04:00,1.8286715745925903,1.8286715745925903,1.8286715745925903,1.8286715745925903,8024,0.0,0.0
2010-06-18 00:00:00-04:00,2.1334501703580218,2.1334501703580218,1.8286715745925903,1.8286715745925903,7618,0.0,0.0
2010-06-21 00:00:00-04:00,1.8286715745925903,1.8286715745925903,1.8286715745925903,1.8286715745925903,7738,0.0,0.0
2010-06-22 00:00:00-04:00,1.8286715745925903,1.8286715745925903,1.8286715745925903,1.8286715745925903,2944,0.0,0.0
2010-06-23 00:00:00-04:00,1.8286715745925903,1.8286715745925903,1.8286715745925903,1.8286715745925903,1582,0.0,0.0
2010-06-24 00:00:00-04:00,1.8286715745925903,1.8286715745925903,1.8286715745925903,1.8286715745925903,566,0.0,0.0
2010-06-25 00:00:00-04:00,1.8286715745925903,1.8286715745925903,1.8286715745925903,1.8286715745925903,1086,0.0,0.0
2010-06-28 00:00:00-04:00,1.8286715745925903,1.8286715745925903,1.8286715745925903,1.8286715745925903,220,0.0,0.0
2010-06-29 00:00:00-04:00,1.8286715745925903,1.8286715745925903,1.8286715745925903,1.8286715745925903,1926,0.0,0.0
2010-06-30 00:00:00-04:00,1.8286715745925903,1.8286715745925903,1.8286715745925903,1.8286715745925903,1430,0.0,0.0
2010-07-01 00:00:00-04:00,1.8286707401275635,1.8286707401275635,1.5238922834396362,1.5238922834396362,6332,0.0,0.0
2010-07-02 00:00:00-04:00,1.8286715745925903,1.8286715745925903,1.8286715745925903,1.8286715745925903,1094,0.0,0.0
2010-07-06 00:00:00-04:00,1.8286715745925903,1.8286715745925903,1.5238929788271585,1.8286715745925903,1710,0.0,0.0
2010-07-07 00:00:00-04:00,1.8286715745925903,1.8286715745925903,1.8286715745925903,1.8286715745925903,924,0.0,0.0
2010-07-08 00:00:00-04:00,1.5238929788271585,2.1334501703580218,1.5238929788271585,1.8286715745925903,3666,0.0,0.0
2010-07-09 00:00:00-04:00,1.8286715745925903,1.8286715745925903,1.8286715745925903,1.8286715745925903,100,0.0,0.0
2010-07-12 00:00:00-04:00,1.8286715745925903,1.8286715745925903,1.8286715745925903,1.8286715745925903,12,0.0,0.0
2010-07-13 00:00:00-04:00,1.8286715745925903,2.1334501703580218,1.8286715745925903,1.8286715745925903,1902,0.0,0.0
2010-07-14 00:00:00-04:00,1.8286715745925903,1.8286715745925903,1.8286715745925903,1.8286715745925903,2222,0.0,0.0
2010-07-15 00:00:00-04:00,1.8286715745925903,1.8286715745925903,1.8286715745925903,1.8286715745925903,1570,0.0,0.0
2010-07-16 00:00:00-04:00,1.8286715745925903,1.8286715745925903,1.8286715745925903,1.8286715745925903,2120,0.0,0.0
2010-07-19 00:00:00-04:00,1.8286715745925903,1.8286715745925903,1.5238929788271585,1.8286715745925903,2370,0.0,0.0
2010-07-20 00:00:00-04:00,1.5238929788271585,1.8286715745925903,1.5238929788271585,1.8286715745925903,260,0.0,0.0
2010-07-21 00:00:00-04:00,1.8286707401275635,1.8286707401275635,1.5238922834396362,1.5238922834396362,1834,0.0,0.0
2010-07-22 00:00:00-04:00,1.8286715745925903,1.8286715745925903,1.5238929788271585,1.8286715745925903,340,0.0,0.0
2010-07-23 00:00:00-04:00,1.5238929788271585,1.8286715745925903,1.5238929788271585,1.8286715745925903,1322,0.0,0.0
2010-07-26 00:00:00-04:00,1.8286715745925903,1.8286715745925903,1.8286715745925903,1.8286715745925903,4572,0.0,0.0
2010-07-27 00:00:00-04:00,1.8286707401275635,1.8286707401275635,1.5238922834396362,1.5238922834396362,1636,0.0,0.0
2010-07-28 00:00:00-04:00,1.8286715745925903,1.8286715745925903,1.5238929788271585,1.8286715745925903,1468,0.0,0.0
2010-07-29 00:00:00-04:00,1.8286707401275635,1.8286707401275635,1.5238922834396362,1.5238922834396362,760,0.0,0.0
2010-07-30 00:00:00-04:00,1.8286715745925903,1.8286715745925903,1.5238929788271585,1.8286715745925903,5790,0.0,0.0
2010-08-02 00:00:00-04:00,1.5238922834396362,1.5238922834396362,1.5238922834396362,1.5238922834396362,42,0.0,0.0
2010-08-03 00:00:00-04:00,1.5238922834396362,1.5238922834396362,1.5238922834396362,1.5238922834396362,126,0.0,0.0
2010-08-04 00:00:00-04:00,1.5238929788271585,1.8286715745925903,1.5238929788271585,1.8286715745925903,18,0.0,0.0
2010-08-05 00:00:00-04:00,1.8286715745925903,1.8286715745925903,1.5238929788271585,1.8286715745925903,2504,0.0,0.0
2010-08-06 00:00:00-04:00,1.8286715745925903,1.8286715745925903,1.8286715745925903,1.8286715745925903,446,0.0,0.0
2010-08-09 00:00:00-04:00,1.5238929788271585,1.8286715745925903,1.5238929788271585,1.8286715745925903,156,0.0,0.0
2010-08-10 00:00:00-04:00,1.5238929788271585,1.8286715745925903,1.5238929788271585,1.8286715745925903,260,0.0,0.0
2010-08-11 00:00:00-04:00,1.5238929788271585,1.8286715745925903,1.5238929788271585,1.8286715745925903,560,0.0,0.0
2010-08-12 00:00:00-04:00,1.8286715745925903,1.8286715745925903,1.5238929788271585,1.8286715745925903,416,0.0,0.0
2010-08-13 00:00:00-04:00,1.5238929788271585,1.8286715745925903,1.5238929788271585,1.8286715745925903,580,0.0,0.0
2010-08-16 00:00:00-04:00,1.5238929788271585,1.8286715745925903,1.5238929788271585,1.8286715745925903,1282,0.0,0.0
2010-08-17 00:00:00-04:00,1.8286707401275635,1.8286707401275635,1.5238922834396362,1.5238922834396362,840,0.0,0.0
2010-08-18 00:00:00-04:00,1.5238929788271585,1.8286715745925903,1.5238929788271585,1.8286715745925903,560,0.0,0.0
2010-08-19 00:00:00-04:00,1.8286715745925903,1.8286715745925903,1.5238929788271585,1.8286715745925903,528,0.0,0.0
2010-08-20 00:00:00-04:00,1.8286715745925903,1.8286715745925903,1.8286715745925903,1.8286715745925903,1562,0.0,0.0
2010-08-23 00:00:00-04:00,1.8286715745925903,1.8286715745925903,1.8286715745925903,1.8286715745925903,844,0.0,0.0
2010-08-24 00:00:00-04:00,1.5238929788271585,1.8286715745925903,1.5238929788271585,1.8286715745925903,884,0.0,0.0
2010-08-25 00:00:00-04:00,1.8286715745925903,2.1334501703580218,1.5238929788271585,1.8286715745925903,586,0.0,0.0
2010-08-26 00:00:00-04:00,1.8286715745925903,2.1334501703580218,1.8286715745925903,1.8286715745925903,8000,0.0,0.0
2010-08-27 00:00:00-04:00,1.8286715745925903,1.8286715745925903,1.8286715745925903,1.8286715745925903,2800,0.0,0.0
2010-08-30 00:00:00-04:00,1.8286715745925903,1.8286715745925903,1.8286715745925903,1.8286715745925903,1338,0.0,0.0
2010-08-31 00:00:00-04:00,1.8286715745925903,2.1334501703580218,1.8286715745925903,1.8286715745925903,3916,0.0,0.0
2010-09-01 00:00:00-04:00,1.8286715745925903,2.1334501703580218,1.8286715745925903,1.8286715745925903,2714,0.0,0.0
2010-09-02 00:00:00-04:00,1.8286715745925903,2.1334501703580218,1.8286715745925903,1.8286715745925903,1790,0.0,0.0
2010-09-03 00:00:00-04:00,1.8286715745925903,1.8286715745925903,1.8286715745925903,1.8286715745925903,2882,0.0,0.0
2010-09-07 00:00:00-04:00,2.1334501703580218,2.1334501703580218,1.8286715745925903,1.8286715745925903,3100,0.0,0.0
2010-09-08 00:00:00-04:00,1.8286715745925903,1.8286715745925903,1.8286715745925903,1.8286715745925903,3060,0.0,0.0
2010-09-09 00:00:00-04:00,1.8286715745925903,1.8286715745925903,1.8286715745925903,1.8286715745925903,500,0.0,0.0
2010-09-10 00:00:00-04:00,1.8286715745925903,2.1334501703580218,1.8286715745925903,1.8286715745925903,1206,0.0,0.0
2010-09-13 00:00:00-04:00,2.1334501703580218,2.1334501703580218,1.8286715745925903,1.8286715745925903,4388,0.0,0.0
2010-09-14 00:00:00-04:00,1.8286714553833008,2.1334500312805176,1.8286714553833008,2.1334500312805176,14342,0.0,0.0
2010-09-15 00:00:00-04:00,2.1334500312805176,2.1334500312805176,1.8286714553833008,2.1334500312805176,3038,0.0,0.0
2010-09-16 00:00:00-04:00,1.8286714553833008,2.1334500312805176,1.8286714553833008,2.1334500312805176,7392,0.0,0.0
2010-09-17 00:00:00-04:00,2.1334500312805176,2.1334500312805176,2.1334500312805176,2.1334500312805176,1336,0.0,0.0
2010-09-20 00:00:00-04:00,2.1334500312805176,2.1334500312805176,1.8286714553833008,2.1334500312805176,2844,0.0,0.0
2010-09-21 00:00:00-04:00,1.8286714553833008,2.1334500312805176,1.8286714553833008,2.1334500312805176,1338,0.0,0.0
2010-09-22 00:00:00-04:00,2.1334500312805176,2.1334500312805176,1.8286714553833008,2.1334500312805176,3354,0.0,0.0
2010-09-23 00:00:00-04:00,2.1334500312805176,2.1334500312805176,2.1334500312805176,2.1334500312805176,2856,0.0,0.0
2010-09-24 00:00:00-04:00,2.1334500312805176,2.1334500312805176,1.8286714553833008,2.1334500312805176,4692,0.0,0.0
2010-09-27 00:00:00-04:00,1.8286714553833008,2.1334500312805176,1.8286714553833008,2.1334500312805176,2850,0.0,0.0
2010-09-28 00:00:00-04:00,1.8286714553833008,2.1334500312805176,1.8286714553833008,2.1334500312805176,2542,0.0,0.0
2010-09-29 00:00:00-04:00,1.8286714553833008,2.1334500312805176,1.8286714553833008,2.1334500312805176,3472,0.0,0.0
2010-09-30 00:00:00-04:00,2.1334500312805176,2.1334500312805176,1.8286714553833008,2.1334500312805176,440,0.0,0.0
2010-10-01 00:00:00-04:00,2.1334500312805176,2.1334500312805176,1.8286714553833008,2.1334500312805176,5238,0.0,0.0
2010-10-04 00:00:00-04:00,2.1334500312805176,2.1334500312805176,2.1334500312805176,2.1334500312805176,562,0.0,0.0
2010-10-05 00:00:00-04:00,2.133449822664261,2.7430069148540497,2.133449822664261,2.4382283687591553,14778,0.0,0.0
2010-10-06 00:00:00-04:00,2.438229242960612,2.7430078983306885,2.438229242960612,2.7430078983306885,5452,0.0,0.0
2010-10-07 00:00:00-04:00,2.7430069148540497,2.7430069148540497,2.4382283687591553,2.4382283687591553,15390,0.0,0.0
2010-10-08 00:00:00-04:00,2.7430078983306885,2.7430078983306885,2.438229242960612,2.7430078983306885,11086,0.0,0.0
2010-10-11 00:00:00-04:00,2.438229242960612,3.0477865537007647,2.438229242960612,2.7430078983306885,2076,0.0,0.0
2010-10-12 00:00:00-04:00,2.7430078983306885,2.7430078983306885,2.7430078983306885,2.7430078983306885,8504,0.0,0.0
2010-10-13 00:00:00-04:00,2.7430078983306885,2.7430078983306885,2.7430078983306885,2.7430078983306885,8888,0.0,0.0
2010-10-14 00:00:00-04:00,2.7430078983306885,2.7430078983306885,2.7430078983306885,2.7430078983306885,10682,0.0,0.0
2010-10-15 00:00:00-04:00,2.438229242960612,3.0477865537007647,2.438229242960612,2.7430078983306885,3316,0.0,0.0
2010-10-18 00:00:00-04:00,2.7430078983306885,2.7430078983306885,2.438229242960612,2.7430078983306885,2230,0.0,0.0
2010-10-19 00:00:00-04:00,2.4382283687591553,2.4382283687591553,2.4382283687591553,2.4382283687591553,7732,0.0,0.0
2010-10-20 00:00:00-04:00,2.438229242960612,2.7430078983306885,2.438229242960612,2.7430078983306885,2124,0.0,0.0
2010-10-21 00:00:00-04:00,2.7430078983306885,3.0477865537007647,2.7430078983306885,2.7430078983306885,5824,0.0,0.0
2010-10-22 00:00:00-04:00,2.438229242960612,2.7430078983306885,2.438229242960612,2.7430078983306885,2868,0.0,0.0
2010-10-25 00:00:00-04:00,2.7430078983306885,3.0477865537007647,2.438229242960612,2.7430078983306885,3864,0.0,0.0
2010-10-26 00:00:00-04:00,3.0477865537007647,3.0477865537007647,2.7430078983306885,2.7430078983306885,2284,0.0,0.0
2010-10-27 00:00:00-04:00,2.7430078983306885,2.7430078983306885,2.7430078983306885,2.7430078983306885,752,0.0,0.0
2010-10-28 00:00:00-04:00,2.4382283687591553,3.047785460948944,2.4382283687591553,2.4382283687591553,1074,0.0,0.0
2010-10-29 00:00:00-04:00,2.438227653503418,3.0477845668792725,2.438227653503418,3.0477845668792725,1902,0.0,0.0
2010-11-01 00:00:00-04:00,2.743006110191345,3.0477845668792725,2.743006110191345,3.0477845668792725,3670,0.0,0.0
2010-11-02 00:00:00-04:00,3.0477865537007647,3.0477865537007647,2.7430078983306885,2.7430078983306885,1820,0.0,0.0
2010-11-03 00:00:00-04:00,2.743006110191345,3.3525630235671997,2.743006110191345,3.0477845668792725,12236,0.0,0.0
2010-11-04 00:00:00-04:00,3.3525638580322266,3.3525638580322266,2.743006792935458,3.3525638580322266,12804,0.0,0.0
2010-11-05 00:00:00-04:00,3.0477853254838423,3.3525638580322266,3.0477853254838423,3.3525638580322266,12528,0.0,0.0
2010-11-08 00:00:00-05:00,3.0477853254838423,3.3525638580322266,3.0477853254838423,3.3525638580322266,6152,0.0,0.0
2010-11-09 00:00:00-05:00,3.6573431491851807,3.962121744950612,3.352564553419749,3.6573431491851807,51544,0.0,0.0
2010-11-10 00:00:00-05:00,4.266900576077974,4.266900576077974,3.657343350923978,3.9621219635009766,12742,0.0,0.0
2010-11-11 00:00:00-05:00,3.962121963500976,3.962121963500976,3.657343350923978,3.9621219635009766,2898,0.0,0.0
2010-11-12 00:00:00-05:00,3.6573431491851807,3.962121744950612,3.6573431491851807,3.6573431491851807,12456,0.0,0.0
2010-11-15 00:00:00-05:00,3.6573423905806104,3.6573423905806104,3.3525638580322266,3.3525638580322266,10544,0.0,0.0
2010-11-16 00:00:00-05:00,3.3525638580322266,3.6573423905806104,3.3525638580322266,3.3525638580322266,1220,0.0,0.0
2010-11-17 00:00:00-05:00,3.3525638580322266,3.9621209231289947,3.3525638580322266,3.3525638580322266,6198,0.0,0.0
2010-11-18 00:00:00-05:00,3.6573431491851807,3.962121744950612,3.352564553419749,3.6573431491851807,7022,0.0,0.0
2010-11-19 00:00:00-05:00,3.6573431491851807,3.962121744950612,3.6573431491851807,3.6573431491851807,3220,0.0,0.0
2010-11-22 00:00:00-05:00,3.962121744950612,3.962121744950612,3.6573431491851807,3.6573431491851807,2786,0.0,0.0
2010-11-23 00:00:00-05:00,3.352564553419749,3.962121744950612,3.352564553419749,3.6573431491851807,1396,0.0,0.0
2010-11-24 00:00:00-05:00,3.657343350923978,3.962121963500976,3.657343350923978,3.9621219635009766,14248,0.0,0.0
2010-11-26 00:00:00-05:00,3.9621214866638184,4.266900062561035,3.9621214866638184,4.266900062561035,4662,0.0,0.0
2010-11-29 00:00:00-05:00,4.266899645328522,4.8764567375183105,4.266899645328522,4.8764567375183105,22826,0.0,0.0
2010-11-30 00:00:00-05:00,4.8764567375183105,4.8764567375183105,4.8764567375183105,4.8764567375183105,19762,0.0,0.0
2010-12-01 00:00:00-05:00,4.8764567375183105,4.8764567375183105,4.8764567375183105,4.8764567375183105,18330,0.0,0.0
2010-12-02 00:00:00-05:00,4.8764567375183105,5.486013829708099,4.8764567375183105,4.8764567375183105,12790,0.0,0.0
2010-12-03 00:00:00-05:00,4.571678191423416,4.8764567375183105,4.266899645328522,4.8764567375183105,16414,0.0,0.0
2010-12-06 00:00:00-05:00,4.8764567375183105,5.181235283613205,4.8764567375183105,4.8764567375183105,10844,0.0,0.0
2010-12-07 00:00:00-05:00,5.181235283613205,5.181235283613205,4.266899645328522,4.8764567375183105,9360,0.0,0.0
2010-12-08 00:00:00-05:00,4.57167911529541,4.57167911529541,4.26690050760905,4.57167911529541,10010,0.0,0.0
2010-12-09 00:00:00-05:00,4.57167911529541,4.876457722981771,4.57167911529541,4.57167911529541,7714,0.0,0.0
2010-12-10 00:00:00-05:00,4.8764565207741475,4.8764565207741475,3.3525638580322266,3.3525638580322266,55888,0.0,0.0
2010-12-13 00:00:00-05:00,3.352564553419749,3.962121744950612,3.352564553419749,3.6573431491851807,22002,0.0,0.0
2010-12-14 00:00:00-05:00,4.26690050760905,4.57167911529541,3.9621218999226886,4.57167911529541,14320,0.0,0.0
2010-12-15 00:00:00-05:00,4.57167911529541,4.57167911529541,3.9621218999226886,4.57167911529541,17972,0.0,0.0
2010-12-16 00:00:00-05:00,4.57167911529541,4.57167911529541,4.26690050760905,4.57167911529541,6970,0.0,0.0
2010-12-17 00:00:00-05:00,4.266900062561035,4.266900062561035,3.9621214866638184,4.266900062561035,1888,0.0,0.0
2010-12-20 00:00:00-05:00,4.266900576077974,4.266900576077974,3.962121963500976,3.9621219635009766,3774,0.0,0.0
2010-12-21 00:00:00-05:00,3.6573429107666016,4.266900062561035,3.6573429107666016,4.266900062561035,4818,0.0,0.0
2010-12-22 00:00:00-05:00,3.962121963500976,3.962121963500976,3.657343350923978,3.9621219635009766,3432,0.0,0.0
2010-12-23 00:00:00-05:00,3.657343350923978,4.266900576077974,3.657343350923978,3.9621219635009766,4796,0.0,0.0
2010-12-27 00:00:00-05:00,3.657343350923978,3.962121963500976,3.657343350923978,3.9621219635009766,2350,0.0,0.0
2010-12-28 00:00:00-05:00,3.9621214866638184,4.266900062561035,3.6573429107666016,4.266900062561035,6318,0.0,0.0
2010-12-29 00:00:00-05:00,4.26690050760905,4.57167911529541,4.26690050760905,4.57167911529541,9250,0.0,0.0
2010-12-30 00:00:00-05:00,4.57167911529541,4.57167911529541,4.26690050760905,4.57167911529541,2772,0.0,0.0
2010-12-31 00:00:00-05:00,4.571678191423416,4.8764567375183105,4.266899645328522,4.8764567375183105,12812,0.0,0.0
2011-01-03 00:00:00-05:00,5.181235283613205,5.181235283613205,4.571678191423416,4.8764567375183105,4438,0.0,0.0
2011-01-04 00:00:00-05:00,4.57167911529541,4.57167911529541,4.26690050760905,4.57167911529541,2704,0.0,0.0
2011-01-05 00:00:00-05:00,4.571678191423416,4.8764567375183105,4.266899645328522,4.8764567375183105,4102,0.0,0.0
2011-01-06 00:00:00-05:00,4.57167911529541,4.57167911529541,4.26690050760905,4.57167911529541,5094,0.0,0.0
2011-01-07 00:00:00-05:00,4.26690050760905,4.57167911529541,4.26690050760905,4.57167911529541,3532,0.0,0.0
2011-01-10 00:00:00-05:00,4.57167911529541,4.57167911529541,4.26690050760905,4.57167911529541,2826,0.0,0.0
2011-01-11 00:00:00-05:00,4.57167911529541,4.57167911529541,4.26690050760905,4.57167911529541,6568,0.0,0.0
2011-01-12 00:00:00-05:00,4.57167911529541,4.57167911529541,4.57167911529541,4.57167911529541,5540,0.0,0.0
2011-01-13 00:00:00-05:00,4.266900062561035,4.571678638458252,4.266900062561035,4.266900062561035,7870,0.0,0.0
2011-01-14 00:00:00-05:00,4.266900576077974,4.266900576077974,3.962121963500976,3.9621219635009766,8332,0.0,0.0
2011-01-18 00:00:00-05:00,3.9621214866638184,4.266900062561035,3.9621214866638184,4.266900062561035,1924,0.0,0.0
2011-01-19 00:00:00-05:00,3.9621214866638184,4.571678638458252,3.9621214866638184,4.266900062561035,7102,0.0,0.0
2011-01-20 00:00:00-05:00,3.9621214866638184,4.266900062561035,3.9621214866638184,4.266900062561035,488,0.0,0.0
2011-01-21 00:00:00-05:00,4.266900576077974,4.266900576077974,3.962121963500976,3.9621219635009766,2510,0.0,0.0
2011-01-24 00:00:00-05:00,3.962121963500976,4.266900576077974,3.962121963500976,3.9621219635009766,4490,0.0,0.0
2011-01-25 00:00:00-05:00,3.962121963500976,4.266900576077974,3.657343350923978,3.9621219635009766,4436,0.0,0.0
2011-01-26 00:00:00-05:00,3.657343350923978,4.266900576077974,3.657343350923978,3.9621219635009766,1416,0.0,0.0
2011-01-27 00:00:00-05:00,4.266900576077974,4.266900576077974,3.657343350923978,3.9621219635009766,3746,0.0,0.0
2011-01-28 00:00:00-05:00,3.6573429107666016,4.266900062561035,3.6573429107666016,4.266900062561035,2076,0.0,0.0
2011-01-31 00:00:00-05:00,3.657343350923978,4.266900576077974,3.657343350923978,3.9621219635009766,4800,0.0,0.0
2011-02-01 00:00:00-05:00,4.266900062561035,4.266900062561035,3.9621214866638184,4.266900062561035,3908,0.0,0.0
2011-02-02 00:00:00-05:00,4.266900062561035,4.266900062561035,3.9621214866638184,4.266900062561035,6986,0.0,0.0
2011-02-03 00:00:00-05:00,3.9621214866638184,4.571678638458252,3.9621214866638184,4.266900062561035,15806,0.0,0.0
2011-02-04 00:00:00-05:00,4.57167911529541,4.57167911529541,3.9621218999226886,4.57167911529541,14018,0.0,0.0
2011-02-07 00:00:00-05:00,4.571678638458252,4.571678638458252,4.266900062561035,4.266900062561035,7760,0.0,0.0
2011-02-08 00:00:00-05:00,4.266900062561035,4.571678638458252,4.266900062561035,4.266900062561035,2738,0.0,0.0
2011-02-09 00:00:00-05:00,4.266900062561035,4.266900062561035,3.9621214866638184,4.266900062561035,3040,0.0,0.0
2011-02-10 00:00:00-05:00,3.962121963500976,4.266900576077974,3.962121963500976,3.9621219635009766,1820,0.0,0.0
2011-02-11 00:00:00-05:00,4.266900576077974,4.266900576077974,3.962121963500976,3.9621219635009766,1174,0.0,0.0
2011-02-14 00:00:00-05:00,3.962121963500976,4.266900576077974,3.962121963500976,3.9621219635009766,2096,0.0,0.0
2011-02-15 00:00:00-05:00,3.962121963500976,3.962121963500976,3.962121963500976,3.9621219635009766,5180,0.0,0.0
2011-02-16 00:00:00-05:00,3.962121963500976,4.266900576077974,3.657343350923978,3.9621219635009766,2004,0.0,0.0
2011-02-17 00:00:00-05:00,3.962121963500976,3.962121963500976,3.657343350923978,3.9621219635009766,3108,0.0,0.0
2011-02-18 00:00:00-05:00,3.962121963500976,4.266900576077974,3.657343350923978,3.9621219635009766,1264,0.0,0.0
2011-02-22 00:00:00-05:00,3.962121963500976,4.266900576077974,3.962121963500976,3.9621219635009766,4974,0.0,0.0
2011-02-23 00:00:00-05:00,3.657343350923978,3.962121963500976,3.657343350923978,3.9621219635009766,624,0.0,0.0
2011-02-24 00:00:00-05:00,3.962121963500976,3.962121963500976,3.962121963500976,3.9621219635009766,4366,0.0,0.0
2011-02-25 00:00:00-05:00,3.962121963500976,3.962121963500976,3.962121963500976,3.9621219635009766,2662,0.0,0.0
2011-02-28 00:00:00-05:00,3.657343350923978,3.962121963500976,3.657343350923978,3.9621219635009766,12998,0.0,0.0
2011-03-01 00:00:00-05:00,3.962121963500976,4.266900576077974,3.657343350923978,3.9621219635009766,10672,0.0,0.0
2011-03-02 00:00:00-05:00,3.962121963500976,4.266900576077974,3.962121963500976,3.9621219635009766,6506,0.0,0.0
2011-03-03 00:00:00-05:00,3.657343350923978,3.962121963500976,3.657343350923978,3.9621219635009766,5620,0.0,0.0
2011-03-04 00:00:00-05:00,3.962121963500976,3.962121963500976,3.657343350923978,3.9621219635009766,2674,0.0,0.0
2011-03-07 00:00:00-05:00,3.962121963500976,4.266900576077974,3.962121963500976,3.9621219635009766,2668,0.0,0.0
2011-03-08 00:00:00-05:00,3.962121963500976,3.962121963500976,3.962121963500976,3.9621219635009766,6030,0.0,0.0
2011-03-09 00:00:00-05:00,3.962121963500976,3.962121963500976,3.962121963500976,3.9621219635009766,938,0.0,0.0
2011-03-10 00:00:00-05:00,3.962121744950612,3.962121744950612,3.6573431491851807,3.6573431491851807,6200,0.0,0.0
2011-03-11 00:00:00-05:00,3.657343350923978,3.962121963500976,3.657343350923978,3.9621219635009766,2488,0.0,0.0
2011-03-14 00:00:00-04:00,3.962121963500976,3.962121963500976,3.657343350923978,3.9621219635009766,1392,0.0,0.0
2011-03-15 00:00:00-04:00,3.657343350923978,3.962121963500976,3.657343350923978,3.9621219635009766,4018,0.0,0.0
2011-03-16 00:00:00-04:00,3.962121963500976,3.962121963500976,3.657343350923978,3.9621219635009766,9420,0.0,0.0
2011-03-17 00:00:00-04:00,4.266900576077974,4.266900576077974,3.962121963500976,3.9621219635009766,1214,0.0,0.0
2011-03-18 00:00:00-04:00,4.266900576077974,4.266900576077974,3.657343350923978,3.9621219635009766,4072,0.0,0.0
2011-03-21 00:00:00-04:00,3.962121963500976,4.266900576077974,3.657343350923978,3.9621219635009766,462,0.0,0.0
2011-03-22 00:00:00-04:00,3.962121963500976,3.962121963500976,3.962121963500976,3.9621219635009766,1446,0.0,0.0
2011-03-23 00:00:00-04:00,3.962121963500976,4.266900576077974,3.962121963500976,3.9621219635009766,1756,0.0,0.0
2011-03-24 00:00:00-04:00,3.962121963500976,4.266900576077974,3.962121963500976,3.9621219635009766,1176,0.0,0.0
2011-03-25 00:00:00-04:00,3.657343350923978,3.962121963500976,3.657343350923978,3.9621219635009766,5066,0.0,0.0
2011-03-28 00:00:00-04:00,3.9621214866638184,4.266900062561035,3.9621214866638184,4.266900062561035,21606,0.0,0.0
2011-03-29 00:00:00-04:00,4.266900062561035,4.266900062561035,3.9621214866638184,4.266900062561035,3498,0.0,0.0
2011-03-30 00:00:00-04:00,4.26690050760905,4.876457722981771,4.26690050760905,4.57167911529541,20272,0.0,0.0
2011-03-31 00:00:00-04:00,4.57167911529541,4.876457722981771,3.9621218999226886,4.57167911529541,18622,0.0,0.0
2011-04-01 00:00:00-04:00,4.26690050760905,4.57167911529541,3.9621218999226886,4.57167911529541,5468,0.0,0.0
2011-04-04 00:00:00-04:00,4.57167911529541,4.57167911529541,4.26690050760905,4.57167911529541,4238,0.0,0.0
2011-04-05 00:00:00-04:00,4.57167911529541,4.876457722981771,4.26690050760905,4.57167911529541,7514,0.0,0.0
2011-04-06 00:00:00-04:00,4.26690050760905,4.57167911529541,4.26690050760905,4.57167911529541,4100,0.0,0.0
2011-04-07 00:00:00-04:00,4.57167911529541,4.57167911529541,4.26690050760905,4.57167911529541,9758,0.0,0.0
2011-04-08 00:00:00-04:00,4.571678638458252,4.571678638458252,4.266900062561035,4.266900062561035,9694,0.0,0.0
2011-04-11 00:00:00-04:00,4.266900062561035,4.266900062561035,3.9621214866638184,4.266900062561035,4424,0.0,0.0
2011-04-12 00:00:00-04:00,4.266900576077974,4.266900576077974,3.962121963500976,3.9621219635009766,5600,0.0,0.0
2011-04-13 00:00:00-04:00,3.9621214866638184,4.266900062561035,3.9621214866638184,4.266900062561035,6612,0.0,0.0
2011-04-14 00:00:00-04:00,3.657343350923978,4.266900576077974,3.657343350923978,3.9621219635009766,1136,0.0,0.0
2011-04-15 00:00:00-04:00,4.266900576077974,4.266900576077974,3.657343350923978,3.9621219635009766,3132,0.0,0.0
2011-04-18 00:00:00-04:00,3.962121963500976,3.962121963500976,3.657343350923978,3.9621219635009766,2606,0.0,0.0
2011-04-19 00:00:00-04:00,3.962121963500976,3.962121963500976,3.657343350923978,3.9621219635009766,2116,0.0,0.0
2011-04-20 00:00:00-04:00,3.962121963500976,3.962121963500976,3.657343350923978,3.9621219635009766,3708,0.0,0.0
2011-04-21 00:00:00-04:00,3.962121963500976,3.962121963500976,3.657343350923978,3.9621219635009766,2312,0.0,0.0
2011-04-25 00:00:00-04:00,3.962121744950612,3.962121744950612,3.352564553419749,3.6573431491851807,5888,0.0,0.0
2011-04-26 00:00:00-04:00,3.6573431491851807,3.6573431491851807,3.352564553419749,3.6573431491851807,5624,0.0,0.0
2011-04-27 00:00:00-04:00,3.657343350923978,3.962121963500976,3.35256473834698,3.9621219635009766,5450,0.0,0.0
2011-04-28 00:00:00-04:00,3.962121744950612,3.962121744950612,3.6573431491851807,3.6573431491851807,2350,0.0,0.0
2011-04-29 00:00:00-04:00,3.962121744950612,3.962121744950612,3.6573431491851807,3.6573431491851807,6380,0.0,0.0
2011-05-02 00:00:00-04:00,3.962121963500976,3.962121963500976,3.657343350923978,3.9621219635009766,2554,0.0,0.0
2011-05-03 00:00:00-04:00,3.962121963500976,3.962121963500976,3.657343350923978,3.9621219635009766,544,0.0,0.0
2011-05-04 00:00:00-04:00,3.352564553419749,3.962121744950612,3.352564553419749,3.6573431491851807,6348,0.0,0.0
2011-05-05 00:00:00-04:00,3.352564553419749,3.962121744950612,3.352564553419749,3.6573431491851807,4186,0.0,0.0
2011-05-06 00:00:00-04:00,3.352564553419749,3.6573431491851807,3.352564553419749,3.6573431491851807,280,0.0,0.0
2011-05-09 00:00:00-04:00,3.6573431491851807,3.6573431491851807,3.352564553419749,3.6573431491851807,950,0.0,0.0
2011-05-10 00:00:00-04:00,3.6573431491851807,3.6573431491851807,3.352564553419749,3.6573431491851807,5044,0.0,0.0
2011-05-11 00:00:00-04:00,3.352564553419749,3.6573431491851807,3.352564553419749,3.6573431491851807,1126,0.0,0.0
2011-05-12 00:00:00-04:00,3.3525638580322266,3.3525638580322266,3.0477853254838423,3.3525638580322266,1300,0.0,0.0
2011-05-13 00:00:00-04:00,3.0477853254838423,3.6573423905806104,3.0477853254838423,3.3525638580322266,2060,0.0,0.0
2011-05-16 00:00:00-04:00,2.743006792935458,3.3525638580322266,2.743006792935458,3.3525638580322266,3002,0.0,0.0
2011-05-17 00:00:00-04:00,3.0477845668792725,3.3525630235671997,3.0477845668792725,3.0477845668792725,2366,0.0,0.0
2011-05-18 00:00:00-04:00,3.35256473834698,3.962121963500976,3.047786125769982,3.9621219635009766,19678,0.0,0.0
2011-05-19 00:00:00-04:00,3.962121744950612,3.962121744950612,3.6573431491851807,3.6573431491851807,936,0.0,0.0
2011-05-20 00:00:00-04:00,3.6573431491851807,3.6573431491851807,3.352564553419749,3.6573431491851807,2888,0.0,0.0
2011-05-23 00:00:00-04:00,3.9621209231289947,3.9621209231289947,3.3525638580322266,3.3525638580322266,2534,0.0,0.0
2011-05-24 00:00:00-04:00,3.6573431491851807,3.6573431491851807,3.352564553419749,3.6573431491851807,1490,0.0,0.0
2011-05-25 00:00:00-04:00,3.6573431491851807,3.6573431491851807,3.6573431491851807,3.6573431491851807,4336,0.0,0.0
2011-05-26 00:00:00-04:00,3.657343350923978,3.962121963500976,3.657343350923978,3.9621219635009766,3106,0.0,0.0
2011-05-27 00:00:00-04:00,3.962121963500976,3.962121963500976,3.657343350923978,3.9621219635009766,6450,0.0,0.0
2011-05-31 00:00:00-04:00,3.962121963500976,3.962121963500976,3.657343350923978,3.9621219635009766,3394,0.0,0.0
2011-06-01 00:00:00-04:00,3.962121744950612,3.962121744950612,3.6573431491851807,3.6573431491851807,6220,0.0,0.0
2011-06-02 00:00:00-04:00,3.657343350923978,3.962121963500976,3.657343350923978,3.9621219635009766,560,0.0,0.0
2011-06-03 00:00:00-04:00,3.657343350923978,3.962121963500976,3.657343350923978,3.9621219635009766,568,0.0,0.0
2011-06-06 00:00:00-04:00,3.962121963500976,3.962121963500976,3.35256473834698,3.9621219635009766,970,0.0,0.0
2011-06-07 00:00:00-04:00,3.657343350923978,3.962121963500976,3.35256473834698,3.9621219635009766,648,0.0,0.0
2011-06-08 00:00:00-04:00,3.962121744950612,3.962121744950612,3.352564553419749,3.6573431491851807,884,0.0,0.0
2011-06-09 00:00:00-04:00,3.6573431491851807,3.6573431491851807,3.352564553419749,3.6573431491851807,1654,0.0,0.0
2011-06-10 00:00:00-04:00,3.352564553419749,3.6573431491851807,3.352564553419749,3.6573431491851807,1094,0.0,0.0
2011-06-13 00:00:00-04:00,3.352564553419749,3.6573431491851807,3.352564553419749,3.6573431491851807,2200,0.0,0.0
2011-06-14 00:00:00-04:00,3.352564553419749,3.6573431491851807,3.352564553419749,3.6573431491851807,5332,0.0,0.0
2011-06-15 00:00:00-04:00,3.3525638580322266,3.6573423905806104,2.743006792935458,3.3525638580322266,5876,0.0,0.0
2011-06-16 00:00:00-04:00,3.3525638580322266,3.3525638580322266,3.0477853254838423,3.3525638580322266,3376,0.0,0.0
2011-06-17 00:00:00-04:00,3.0477853254838423,3.3525638580322266,3.0477853254838423,3.3525638580322266,1178,0.0,0.0
2011-06-20 00:00:00-04:00,3.0477853254838423,3.3525638580322266,3.0477853254838423,3.3525638580322266,3910,0.0,0.0
2011-06-21 00:00:00-04:00,3.0477853254838423,3.3525638580322266,3.0477853254838423,3.3525638580322266,1222,0.0,0.0
2011-06-22 00:00:00-04:00,3.0477845668792725,3.0477845668792725,3.0477845668792725,3.0477845668792725,200,0.0,0.0
2011-06-23 00:00:00-04:00,3.3525638580322266,3.3525638580322266,3.0477853254838423,3.3525638580322266,652,0.0,0.0
2011-06-24 00:00:00-04:00,3.3525638580322266,3.3525638580322266,3.0477853254838423,3.3525638580322266,1178,0.0,0.0
2011-06-27 00:00:00-04:00,3.0477853254838423,3.3525638580322266,3.0477853254838423,3.3525638580322266,918,0.0,0.0
2011-06-28 00:00:00-04:00,3.3525638580322266,3.3525638580322266,3.3525638580322266,3.3525638580322266,350,0.0,0.0
2011-06-29 00:00:00-04:00,3.3525638580322266,3.3525638580322266,3.3525638580322266,3.3525638580322266,3500,0.0,0.0
2011-06-30 00:00:00-04:00,3.352564553419749,3.6573431491851807,3.352564553419749,3.6573431491851807,2980,0.0,0.0
2011-07-01 00:00:00-04:00,2.743006792935458,3.6573423905806104,2.743006792935458,3.3525638580322266,780,0.0,0.0
2011-07-05 00:00:00-04:00,3.3525638580322266,3.3525638580322266,3.0477853254838423,3.3525638580322266,2346,0.0,0.0
2011-07-06 00:00:00-04:00,3.3525638580322266,3.6573423905806104,3.0477853254838423,3.3525638580322266,806,0.0,0.0
2011-07-07 00:00:00-04:00,3.3525638580322266,3.3525638580322266,3.0477853254838423,3.3525638580322266,1166,0.0,0.0
2011-07-08 00:00:00-04:00,3.0477853254838423,3.3525638580322266,3.0477853254838423,3.3525638580322266,816,0.0,0.0
2011-07-11 00:00:00-04:00,2.743006792935458,3.3525638580322266,2.743006792935458,3.3525638580322266,484,0.0,0.0
2011-07-12 00:00:00-04:00,3.0477853254838423,3.3525638580322266,3.0477853254838423,3.3525638580322266,5350,0.0,0.0
2011-07-13 00:00:00-04:00,3.0477853254838423,3.3525638580322266,3.0477853254838423,3.3525638580322266,18680,0.0,0.0
2011-07-14 00:00:00-04:00,3.6573423905806104,3.6573423905806104,3.3525638580322266,3.3525638580322266,1640,0.0,0.0
2011-07-15 00:00:00-04:00,3.352564553419749,3.6573431491851807,3.352564553419749,3.6573431491851807,1814,0.0,0.0
2011-07-18 00:00:00-04:00,3.6573423905806104,3.6573423905806104,3.0477853254838423,3.3525638580322266,7792,0.0,0.0
2011-07-19 00:00:00-04:00,3.3525638580322266,3.3525638580322266,3.0477853254838423,3.3525638580322266,2640,0.0,0.0
2011-07-20 00:00:00-04:00,3.3525630235671997,3.3525630235671997,2.743006110191345,3.0477845668792725,10078,0.0,0.0
2011-07-21 00:00:00-04:00,3.0477845668792725,3.3525630235671997,3.0477845668792725,3.0477845668792725,1870,0.0,0.0
2011-07-22 00:00:00-04:00,2.743006792935458,3.3525638580322266,2.743006792935458,3.3525638580322266,1162,0.0,0.0
2011-07-25 00:00:00-04:00,3.3525638580322266,3.3525638580322266,3.0477853254838423,3.3525638580322266,6286,0.0,0.0
2011-07-26 00:00:00-04:00,3.3525638580322266,3.3525638580322266,3.0477853254838423,3.3525638580322266,2262,0.0,0.0
2011-07-27 00:00:00-04:00,3.0477853254838423,3.3525638580322266,3.0477853254838423,3.3525638580322266,936,0.0,0.0
2011-07-28 00:00:00-04:00,3.0477853254838423,3.3525638580322266,2.743006792935458,3.3525638580322266,1104,0.0,0.0
2011-07-29 00:00:00-04:00,3.3525630235671997,3.3525630235671997,2.743006110191345,3.0477845668792725,950,0.0,0.0
2011-08-01 00:00:00-04:00,3.0477845668792725,3.3525630235671997,3.0477845668792725,3.0477845668792725,2004,0.0,0.0
2011-08-02 00:00:00-04:00,3.3525630235671997,3.3525630235671997,3.0477845668792725,3.0477845668792725,5300,0.0,0.0
2011-08-03 00:00:00-04:00,3.0477853254838423,3.3525638580322266,3.0477853254838423,3.3525638580322266,1870,0.0,0.0
2011-08-04 00:00:00-04:00,3.0477853254838423,3.3525638580322266,3.0477853254838423,3.3525638580322266,9276,0.0,0.0
2011-08-05 00:00:00-04:00,2.743006110191345,3.3525630235671997,2.743006110191345,3.0477845668792725,1164,0.0,0.0
2011-08-08 00:00:00-04:00,2.743006792935458,3.3525638580322266,2.743006792935458,3.3525638580322266,7212,0.0,0.0
2011-08-09 00:00:00-04:00,2.743006110191345,3.3525630235671997,2.743006110191345,3.0477845668792725,4790,0.0,0.0
2011-08-10 00:00:00-04:00,2.743006110191345,3.3525630235671997,2.743006110191345,3.0477845668792725,1764,0.0,0.0
2011-08-11 00:00:00-04:00,3.0477845668792725,3.0477845668792725,3.0477845668792725,3.0477845668792725,774,0.0,0.0
2011-08-12 00:00:00-04:00,3.3525638580322266,3.3525638580322266,2.743006792935458,3.3525638580322266,5734,0.0,0.0
2011-08-15 00:00:00-04:00,3.352564553419749,3.6573431491851807,3.352564553419749,3.6573431491851807,5628,0.0,0.0
2011-08-16 00:00:00-04:00,3.6573423905806104,3.6573423905806104,3.3525638580322266,3.3525638580322266,1542,0.0,0.0
2011-08-17 00:00:00-04:00,3.3525638580322266,3.6573423905806104,3.0477853254838423,3.3525638580322266,9240,0.0,0.0
2011-08-18 00:00:00-04:00,3.0477865537007647,3.3525652090708413,2.7430078983306885,2.7430078983306885,12358,0.0,0.0
2011-08-19 00:00:00-04:00,2.743007183074951,2.743007183074951,1.8286714553833008,2.1334500312805176,56890,0.0,0.0
2011-08-22 00:00:00-04:00,2.438229242960612,2.7430078983306885,2.438229242960612,2.7430078983306885,11360,0.0,0.0
2011-08-23 00:00:00-04:00,2.438229242960612,2.7430078983306885,2.438229242960612,2.7430078983306885,7144,0.0,0.0
2011-08-24 00:00:00-04:00,2.438229242960612,2.7430078983306885,2.133450587590535,2.7430078983306885,1656,0.0,0.0
2011-08-25 00:00:00-04:00,2.438229242960612,2.7430078983306885,2.438229242960612,2.7430078983306885,996,0.0,0.0
2011-08-26 00:00:00-04:00,2.7430078983306885,2.7430078983306885,2.438229242960612,2.7430078983306885,12382,0.0,0.0
2011-08-29 00:00:00-04:00,2.4382283687591553,2.4382283687591553,2.4382283687591553,2.4382283687591553,650,0.0,0.0
2011-08-30 00:00:00-04:00,2.4382283687591553,2.7430069148540497,2.4382283687591553,2.4382283687591553,5600,0.0,0.0
2011-08-31 00:00:00-04:00,2.4382283687591553,2.7430069148540497,2.133449822664261,2.4382283687591553,4868,0.0,0.0
2011-09-01 00:00:00-04:00,2.438229242960612,2.7430078983306885,2.438229242960612,2.7430078983306885,726,0.0,0.0
2011-09-02 00:00:00-04:00,2.438229242960612,2.7430078983306885,2.438229242960612,2.7430078983306885,2028,0.0,0.0
2011-09-06 00:00:00-04:00,2.7430078983306885,2.7430078983306885,2.438229242960612,2.7430078983306885,2236,0.0,0.0
2011-09-07 00:00:00-04:00,2.438229242960612,2.7430078983306885,2.438229242960612,2.7430078983306885,328,0.0,0.0
2011-09-08 00:00:00-04:00,2.743006110191345,3.0477845668792725,2.743006110191345,3.0477845668792725,2664,0.0,0.0
2011-09-09 00:00:00-04:00,3.0477845668792725,3.0477845668792725,2.743006110191345,3.0477845668792725,1662,0.0,0.0
2011-09-12 00:00:00-04:00,2.7430078983306885,2.7430078983306885,2.7430078983306885,2.7430078983306885,1712,0.0,0.0
2011-09-13 00:00:00-04:00,2.438229242960612,2.7430078983306885,2.438229242960612,2.7430078983306885,336,0.0,0.0
2011-09-14 00:00:00-04:00,2.743006110191345,3.0477845668792725,2.438227653503418,3.0477845668792725,1512,0.0,0.0
2011-09-15 00:00:00-04:00,2.743006110191345,3.0477845668792725,2.743006110191345,3.0477845668792725,338,0.0,0.0
2011-09-16 00:00:00-04:00,2.743006110191345,3.0477845668792725,2.743006110191345,3.0477845668792725,530,0.0,0.0
2011-09-19 00:00:00-04:00,2.7430078983306885,2.7430078983306885,2.7430078983306885,2.7430078983306885,254,0.0,0.0
2011-09-20 00:00:00-04:00,2.743006110191345,3.0477845668792725,2.743006110191345,3.0477845668792725,930,0.0,0.0
2011-09-21 00:00:00-04:00,2.743006110191345,3.0477845668792725,2.438227653503418,3.0477845668792725,4160,0.0,0.0
2011-09-22 00:00:00-04:00,2.7430069148540497,2.7430069148540497,2.4382283687591553,2.4382283687591553,8224,0.0,0.0
2011-09-23 00:00:00-04:00,2.133449822664261,2.4382283687591553,2.133449822664261,2.4382283687591553,1178,0.0,0.0
2011-09-26 00:00:00-04:00,2.4382283687591553,2.4382283687591553,2.133449822664261,2.4382283687591553,7390,0.0,0.0
2011-09-27 00:00:00-04:00,2.438229242960612,2.7430078983306885,2.438229242960612,2.7430078983306885,3470,0.0,0.0
2011-09-28 00:00:00-04:00,2.133449822664261,2.7430069148540497,2.133449822664261,2.4382283687591553,2606,0.0,0.0
2011-09-29 00:00:00-04:00,2.4382286071777344,2.4382286071777344,2.1334500312805176,2.1334500312805176,6512,0.0,0.0
2011-09-30 00:00:00-04:00,2.133449822664261,2.4382283687591553,2.133449822664261,2.4382283687591553,7770,0.0,0.0
2011-10-03 00:00:00-04:00,2.1334501703580218,2.1334501703580218,1.8286715745925903,1.8286715745925903,11354,0.0,0.0
2011-10-04 00:00:00-04:00,1.8286714553833008,2.1334500312805176,1.8286714553833008,2.1334500312805176,6710,0.0,0.0
2011-10-05 00:00:00-04:00,2.1334500312805176,2.1334500312805176,2.1334500312805176,2.1334500312805176,750,0.0,0.0
2011-10-06 00:00:00-04:00,2.1334500312805176,2.4382286071777344,2.1334500312805176,2.1334500312805176,1012,0.0,0.0
2011-10-07 00:00:00-04:00,2.1334500312805176,2.4382286071777344,2.1334500312805176,2.1334500312805176,2350,0.0,0.0
2011-10-10 00:00:00-04:00,2.133449822664261,2.4382283687591553,2.133449822664261,2.4382283687591553,1700,0.0,0.0
2011-10-11 00:00:00-04:00,2.4382283687591553,2.7430069148540497,2.4382283687591553,2.4382283687591553,3898,0.0,0.0
2011-10-12 00:00:00-04:00,2.4382283687591553,2.7430069148540497,2.4382283687591553,2.4382283687591553,1338,0.0,0.0
2011-10-13 00:00:00-04:00,2.4382283687591553,2.4382283687591553,2.4382283687591553,2.4382283687591553,642,0.0,0.0
2011-10-14 00:00:00-04:00,2.438229242960612,2.7430078983306885,2.438229242960612,2.7430078983306885,120,0.0,0.0
2011-10-17 00:00:00-04:00,2.7430069148540497,2.7430069148540497,2.133449822664261,2.4382283687591553,480,0.0,0.0
2011-10-18 00:00:00-04:00,2.133449822664261,2.4382283687591553,2.133449822664261,2.4382283687591553,1110,0.0,0.0
2011-10-19 00:00:00-04:00,2.4382286071777344,2.4382286071777344,2.1334500312805176,2.1334500312805176,506,0.0,0.0
2011-10-20 00:00:00-04:00,2.4382283687591553,2.4382283687591553,2.4382283687591553,2.4382283687591553,78,0.0,0.0
2011-10-21 00:00:00-04:00,2.133449822664261,2.4382283687591553,2.133449822664261,2.4382283687591553,646,0.0,0.0
2011-10-24 00:00:00-04:00,2.4382283687591553,2.4382283687591553,2.133449822664261,2.4382283687591553,2020,0.0,0.0
2011-10-25 00:00:00-04:00,2.133450587590535,2.7430078983306885,2.133450587590535,2.7430078983306885,4562,0.0,0.0
2011-10-26 00:00:00-04:00,2.1334500312805176,2.1334500312805176,2.1334500312805176,2.1334500312805176,70,0.0,0.0
2011-10-27 00:00:00-04:00,2.4382283687591553,2.4382283687591553,2.4382283687591553,2.4382283687591553,552,0.0,0.0
2011-10-28 00:00:00-04:00,2.438229242960612,2.7430078983306885,2.438229242960612,2.7430078983306885,1594,0.0,0.0
2011-10-31 00:00:00-04:00,2.7430078983306885,2.7430078983306885,2.133450587590535,2.7430078983306885,3130,0.0,0.0
2011-11-01 00:00:00-04:00,2.133450587590535,2.7430078983306885,2.133450587590535,2.7430078983306885,384,0.0,0.0
2011-11-02 00:00:00-04:00,2.133450587590535,2.7430078983306885,2.133450587590535,2.7430078983306885,160,0.0,0.0
2011-11-03 00:00:00-04:00,2.438229242960612,2.7430078983306885,2.438229242960612,2.7430078983306885,2078,0.0,0.0
2011-11-04 00:00:00-04:00,2.438229242960612,2.7430078983306885,2.438229242960612,2.7430078983306885,1540,0.0,0.0
2011-11-07 00:00:00-05:00,2.438227653503418,3.0477845668792725,2.438227653503418,3.0477845668792725,4832,0.0,0.0
2011-11-08 00:00:00-05:00,3.0477845668792725,3.0477845668792725,2.743006110191345,3.0477845668792725,968,0.0,0.0
2011-11-09 00:00:00-05:00,2.7430078983306885,3.0477865537007647,2.7430078983306885,2.7430078983306885,3260,0.0,0.0
2011-11-10 00:00:00-05:00,3.3525638580322266,3.6573423905806104,3.0477853254838423,3.3525638580322266,24484,0.0,0.0
2011-11-11 00:00:00-05:00,3.352564553419749,3.6573431491851807,3.352564553419749,3.6573431491851807,4736,0.0,0.0
2011-11-14 00:00:00-05:00,3.6573431491851807,3.6573431491851807,3.352564553419749,3.6573431491851807,3608,0.0,0.0
2011-11-15 00:00:00-05:00,3.6573431491851807,3.962121744950612,3.352564553419749,3.6573431491851807,5736,0.0,0.0
2011-11-16 00:00:00-05:00,3.3525638580322266,3.6573423905806104,3.3525638580322266,3.3525638580322266,292,0.0,0.0
2011-11-17 00:00:00-05:00,3.0477853254838423,3.3525638580322266,3.0477853254838423,3.3525638580322266,4040,0.0,0.0
2011-11-18 00:00:00-05:00,2.743006110191345,3.0477845668792725,2.743006110191345,3.0477845668792725,8430,0.0,0.0
2011-11-21 00:00:00-05:00,2.743006110191345,3.0477845668792725,2.743006110191345,3.0477845668792725,2890,0.0,0.0
2011-11-22 00:00:00-05:00,3.0477853254838423,3.3525638580322266,3.0477853254838423,3.3525638580322266,7274,0.0,0.0
2011-11-23 00:00:00-05:00,3.0477853254838423,3.3525638580322266,3.0477853254838423,3.3525638580322266,20762,0.0,0.0
2011-11-25 00:00:00-05:00,3.0477845668792725,3.0477845668792725,3.0477845668792725,3.0477845668792725,4828,0.0,0.0
2011-11-28 00:00:00-05:00,3.0477845668792725,3.3525630235671997,3.0477845668792725,3.0477845668792725,5092,0.0,0.0
2011-11-29 00:00:00-05:00,3.0477853254838423,3.3525638580322266,3.0477853254838423,3.3525638580322266,3100,0.0,0.0
2011-11-30 00:00:00-05:00,3.0477853254838423,3.3525638580322266,3.0477853254838423,3.3525638580322266,3694,0.0,0.0
2011-12-01 00:00:00-05:00,3.3525638580322266,3.3525638580322266,3.3525638580322266,3.3525638580322266,866,0.0,0.0
2011-12-02 00:00:00-05:00,3.3525638580322266,3.3525638580322266,3.0477853254838423,3.3525638580322266,2334,0.0,0.0
2011-12-05 00:00:00-05:00,3.3525638580322266,3.3525638580322266,3.3525638580322266,3.3525638580322266,1410,0.0,0.0
2011-12-06 00:00:00-05:00,3.3525638580322266,3.3525638580322266,3.0477853254838423,3.3525638580322266,2126,0.0,0.0
2011-12-07 00:00:00-05:00,3.3525638580322266,3.3525638580322266,3.3525638580322266,3.3525638580322266,1654,0.0,0.0
2011-12-08 00:00:00-05:00,3.3525638580322266,3.3525638580322266,3.0477853254838423,3.3525638580322266,2104,0.0,0.0
2011-12-09 00:00:00-05:00,3.3525638580322266,3.6573423905806104,3.0477853254838423,3.3525638580322266,6538,0.0,0.0
2011-12-12 00:00:00-05:00,3.3525638580322266,3.3525638580322266,3.0477853254838423,3.3525638580322266,4172,0.0,0.0
2011-12-13 00:00:00-05:00,3.3525638580322266,3.3525638580322266,3.0477853254838423,3.3525638580322266,18720,0.0,0.0
2011-12-14 00:00:00-05:00,3.3525638580322266,3.3525638580322266,3.0477853254838423,3.3525638580322266,9346,0.0,0.0
2011-12-15 00:00:00-05:00,3.0477865537007647,3.0477865537007647,2.438229242960612,2.7430078983306885,32364,0.0,0.0
2011-12-16 00:00:00-05:00,2.7430078983306885,3.0477865537007647,2.438229242960612,2.7430078983306885,3602,0.0,0.0
2011-12-19 00:00:00-05:00,2.438227653503418,3.0477845668792725,2.438227653503418,3.0477845668792725,808,0.0,0.0
2011-12-20 00:00:00-05:00,2.7430078983306885,3.0477865537007647,2.7430078983306885,2.7430078983306885,2996,0.0,0.0
2011-12-21 00:00:00-05:00,2.743006110191345,3.0477845668792725,2.743006110191345,3.0477845668792725,1816,0.0,0.0
2011-12-22 00:00:00-05:00,3.0477865537007647,3.0477865537007647,2.438229242960612,2.7430078983306885,1150,0.0,0.0
2011-12-23 00:00:00-05:00,2.7430078983306885,2.7430078983306885,2.438229242960612,2.7430078983306885,810,0.0,0.0
2011-12-27 00:00:00-05:00,2.7430078983306885,2.7430078983306885,2.438229242960612,2.7430078983306885,3560,0.0,0.0
2011-12-28 00:00:00-05:00,2.438229242960612,2.7430078983306885,2.438229242960612,2.7430078983306885,20,0.0,0.0
2011-12-29 00:00:00-05:00,2.4382283687591553,2.7430069148540497,2.4382283687591553,2.4382283687591553,1394,0.0,0.0
2011-12-30 00:00:00-05:00,2.438229242960612,2.7430078983306885,2.438229242960612,2.7430078983306885,7436,0.0,0.0
2012-01-03 00:00:00-05:00,2.7430069148540497,2.7430069148540497,2.4382283687591553,2.4382283687591553,3860,0.0,0.0
2012-01-04 00:00:00-05:00,2.7430078983306885,2.7430078983306885,2.438229242960612,2.7430078983306885,2334,0.0,0.0
2012-01-05 00:00:00-05:00,2.7430078983306885,2.7430078983306885,2.7430078983306885,2.7430078983306885,140,0.0,0.0
2012-01-06 00:00:00-05:00,2.438227653503418,3.0477845668792725,2.438227653503418,3.0477845668792725,5492,0.0,0.0
2012-01-09 00:00:00-05:00,3.0477845668792725,3.0477845668792725,2.743006110191345,3.0477845668792725,1920,0.0,0.0
2012-01-10 00:00:00-05:00,3.0477853254838423,3.3525638580322266,3.0477853254838423,3.3525638580322266,11606,0.0,0.0
2012-01-11 00:00:00-05:00,3.3525638580322266,3.3525638580322266,3.3525638580322266,3.3525638580322266,1278,0.0,0.0
2012-01-12 00:00:00-05:00,3.3525638580322266,3.6573423905806104,3.0477853254838423,3.3525638580322266,4790,0.0,0.0
2012-01-13 00:00:00-05:00,3.0477853254838423,3.3525638580322266,3.0477853254838423,3.3525638580322266,1872,0.0,0.0
2012-01-17 00:00:00-05:00,3.352564553419749,3.6573431491851807,3.352564553419749,3.6573431491851807,3250,0.0,0.0
2012-01-18 00:00:00-05:00,3.6573431491851807,3.6573431491851807,3.352564553419749,3.6573431491851807,2930,0.0,0.0
2012-01-19 00:00:00-05:00,3.047785957654317,3.6573431491851807,3.047785957654317,3.6573431491851807,1450,0.0,0.0
2012-01-20 00:00:00-05:00,3.6573431491851807,3.6573431491851807,3.6573431491851807,3.6573431491851807,1620,0.0,0.0
2012-01-23 00:00:00-05:00,3.6573431491851807,3.6573431491851807,3.6573431491851807,3.6573431491851807,5896,0.0,0.0
2012-01-24 00:00:00-05:00,3.6573431491851807,3.6573431491851807,3.6573431491851807,3.6573431491851807,1666,0.0,0.0
2012-01-25 00:00:00-05:00,3.35256473834698,3.962121963500976,3.35256473834698,3.9621219635009766,8744,0.0,0.0
2012-01-26 00:00:00-05:00,3.6573431491851807,3.962121744950612,3.6573431491851807,3.6573431491851807,2294,0.0,0.0
2012-01-27 00:00:00-05:00,3.352564553419749,3.962121744950612,3.352564553419749,3.6573431491851807,62,0.0,0.0
2012-01-30 00:00:00-05:00,3.657343350923978,3.962121963500976,3.657343350923978,3.9621219635009766,1892,0.0,0.0
2012-01-31 00:00:00-05:00,3.657343350923978,3.962121963500976,3.657343350923978,3.9621219635009766,1674,0.0,0.0
2012-02-01 00:00:00-05:00,3.962121963500976,3.962121963500976,3.35256473834698,3.9621219635009766,1922,0.0,0.0
2012-02-02 00:00:00-05:00,3.35256473834698,3.962121963500976,3.35256473834698,3.9621219635009766,942,0.0,0.0
2012-02-03 00:00:00-05:00,3.962121744950612,3.962121744950612,3.6573431491851807,3.6573431491851807,1380,0.0,0.0
2012-02-06 00:00:00-05:00,3.962121963500976,3.962121963500976,3.657343350923978,3.9621219635009766,2794,0.0,0.0
2012-02-07 00:00:00-05:00,3.657343350923978,3.962121963500976,3.657343350923978,3.9621219635009766,988,0.0,0.0
2012-02-08 00:00:00-05:00,3.6573423905806104,3.9621209231289947,3.3525638580322266,3.3525638580322266,2692,0.0,0.0
2012-02-09 00:00:00-05:00,3.962121963500976,3.962121963500976,3.35256473834698,3.9621219635009766,596,0.0,0.0
2012-02-10 00:00:00-05:00,3.352564553419749,3.6573431491851807,3.352564553419749,3.6573431491851807,818,0.0,0.0
2012-02-13 00:00:00-05:00,3.6573431491851807,3.6573431491851807,3.352564553419749,3.6573431491851807,316,0.0,0.0
2012-02-14 00:00:00-05:00,3.352564553419749,3.6573431491851807,3.352564553419749,3.6573431491851807,1884,0.0,0.0
2012-02-15 00:00:00-05:00,3.352564553419749,3.6573431491851807,3.352564553419749,3.6573431491851807,532,0.0,0.0
2012-02-16 00:00:00-05:00,3.352564553419749,3.6573431491851807,3.352564553419749,3.6573431491851807,2318,0.0,0.0
2012-02-17 00:00:00-05:00,3.352564553419749,3.6573431491851807,3.352564553419749,3.6573431491851807,588,0.0,0.0
2012-02-21 00:00:00-05:00,3.352564553419749,3.6573431491851807,3.352564553419749,3.6573431491851807,3676,0.0,0.0
2012-02-22 00:00:00-05:00,3.6573431491851807,3.6573431491851807,3.6573431491851807,3.6573431491851807,410,0.0,0.0
2012-02-23 00:00:00-05:00,3.6573431491851807,3.6573431491851807,3.6573431491851807,3.6573431491851807,430,0.0,0.0
2012-02-24 00:00:00-05:00,3.6573431491851807,3.6573431491851807,3.352564553419749,3.6573431491851807,2632,0.0,0.0
2012-02-27 00:00:00-05:00,3.6573423905806104,3.6573423905806104,3.3525638580322266,3.3525638580322266,2358,0.0,0.0
2012-02-28 00:00:00-05:00,3.352564553419749,3.6573431491851807,3.352564553419749,3.6573431491851807,1962,0.0,0.0
2012-02-29 00:00:00-05:00,3.352564553419749,3.6573431491851807,3.352564553419749,3.6573431491851807,2520,0.0,0.0
2012-03-01 00:00:00-05:00,3.6573431491851807,3.6573431491851807,3.352564553419749,3.6573431491851807,2574,0.0,0.0
2012-03-02 00:00:00-05:00,3.6573431491851807,3.6573431491851807,3.352564553419749,3.6573431491851807,3984,0.0,0.0
2012-03-05 00:00:00-05:00,3.352564553419749,3.6573431491851807,3.352564553419749,3.6573431491851807,1886,0.0,0.0
2012-03-06 00:00:00-05:00,3.6573431491851807,3.6573431491851807,3.352564553419749,3.6573431491851807,1912,0.0,0.0
2012-03-07 00:00:00-05:00,3.3525638580322266,3.3525638580322266,3.3525638580322266,3.3525638580322266,760,0.0,0.0
2012-03-08 00:00:00-05:00,3.3525638580322266,3.3525638580322266,3.3525638580322266,3.3525638580322266,154,0.0,0.0
2012-03-09 00:00:00-05:00,3.352564553419749,3.6573431491851807,3.352564553419749,3.6573431491851807,832,0.0,0.0
2012-03-12 00:00:00-04:00,3.352564553419749,3.962121744950612,3.352564553419749,3.6573431491851807,18288,0.0,0.0
2012-03-13 00:00:00-04:00,3.3525638580322266,3.6573423905806104,3.3525638580322266,3.3525638580322266,8002,0.0,0.0
2012-03-14 00:00:00-04:00,3.3525638580322266,3.3525638580322266,3.0477853254838423,3.3525638580322266,6088,0.0,0.0
2012-03-15 00:00:00-04:00,3.3525638580322266,3.3525638580322266,3.0477853254838423,3.3525638580322266,916,0.0,0.0
2012-03-16 00:00:00-04:00,3.0477853254838423,3.3525638580322266,2.743006792935458,3.3525638580322266,13746,0.0,0.0
2012-03-19 00:00:00-04:00,3.0477845668792725,3.3525630235671997,3.0477845668792725,3.0477845668792725,4736,0.0,0.0
2012-03-20 00:00:00-04:00,2.743006110191345,3.0477845668792725,2.743006110191345,3.0477845668792725,2298,0.0,0.0
2012-03-21 00:00:00-04:00,3.0477845668792725,3.0477845668792725,2.743006110191345,3.0477845668792725,2250,0.0,0.0
2012-03-22 00:00:00-04:00,2.7430078983306885,3.0477865537007647,2.7430078983306885,2.7430078983306885,1436,0.0,0.0
2012-03-23 00:00:00-04:00,2.7430078983306885,2.7430078983306885,2.438229242960612,2.7430078983306885,1788,0.0,0.0
2012-03-26 00:00:00-04:00,2.743006110191345,3.0477845668792725,2.743006110191345,3.0477845668792725,410,0.0,0.0
2012-03-27 00:00:00-04:00,2.743006110191345,3.0477845668792725,2.743006110191345,3.0477845668792725,1894,0.0,0.0
2012-03-28 00:00:00-04:00,3.0477845668792725,3.0477845668792725,2.743006110191345,3.0477845668792725,1658,0.0,0.0
2012-03-29 00:00:00-04:00,2.7430078983306885,2.7430078983306885,2.7430078983306885,2.7430078983306885,3076,0.0,0.0
2012-03-30 00:00:00-04:00,2.743006110191345,3.0477845668792725,2.743006110191345,3.0477845668792725,56,0.0,0.0
2012-04-02 00:00:00-04:00,3.0477865537007647,3.0477865537007647,2.7430078983306885,2.7430078983306885,3388,0.0,0.0
2012-04-03 00:00:00-04:00,3.0477865537007647,3.0477865537007647,2.7430078983306885,2.7430078983306885,1112,0.0,0.0
2012-04-04 00:00:00-04:00,3.0477865537007647,3.0477865537007647,2.7430078983306885,2.7430078983306885,550,0.0,0.0
2012-04-05 00:00:00-04:00,3.0477865537007647,3.0477865537007647,2.7430078983306885,2.7430078983306885,160,0.0,0.0
2012-04-09 00:00:00-04:00,2.743006110191345,3.0477845668792725,2.743006110191345,3.0477845668792725,632,0.0,0.0
2012-04-10 00:00:00-04:00,2.438229242960612,3.0477865537007647,2.438229242960612,2.7430078983306885,2132,0.0,0.0
2012-04-11 00:00:00-04:00,3.047785460948944,3.047785460948944,2.4382283687591553,2.4382283687591553,5468,0.0,0.0
2012-04-12 00:00:00-04:00,2.438229242960612,2.7430078983306885,2.438229242960612,2.7430078983306885,3060,0.0,0.0
2012-04-13 00:00:00-04:00,2.7430078983306885,2.7430078983306885,2.438229242960612,2.7430078983306885,3650,0.0,0.0
2012-04-16 00:00:00-04:00,2.7430078983306885,2.7430078983306885,2.438229242960612,2.7430078983306885,774,0.0,0.0
2012-04-17 00:00:00-04:00,2.438229242960612,2.7430078983306885,2.438229242960612,2.7430078983306885,20412,0.0,0.0
2012-04-18 00:00:00-04:00,2.438229242960612,2.7430078983306885,2.438229242960612,2.7430078983306885,4924,0.0,0.0
2012-04-19 00:00:00-04:00,2.133450587590535,2.7430078983306885,2.133450587590535,2.7430078983306885,1576,0.0,0.0
2012-04-20 00:00:00-04:00,2.438229242960612,2.7430078983306885,2.133450587590535,2.7430078983306885,5100,0.0,0.0
2012-04-23 00:00:00-04:00,2.133450587590535,2.7430078983306885,2.133450587590535,2.7430078983306885,5712,0.0,0.0
2012-04-24 00:00:00-04:00,2.133449822664261,2.4382283687591553,2.133449822664261,2.4382283687591553,2658,0.0,0.0
2012-04-25 00:00:00-04:00,2.4382286071777344,2.4382286071777344,2.1334500312805176,2.1334500312805176,4118,0.0,0.0
2012-04-26 00:00:00-04:00,2.4382283687591553,2.4382283687591553,2.133449822664261,2.4382283687591553,648,0.0,0.0
2012-04-27 00:00:00-04:00,2.133449822664261,2.4382283687591553,2.133449822664261,2.4382283687591553,880,0.0,0.0
2012-04-30 00:00:00-04:00,2.4382283687591553,2.4382283687591553,2.4382283687591553,2.4382283687591553,308,0.0,0.0
2012-05-01 00:00:00-04:00,2.4382283687591553,2.7430069148540497,2.4382283687591553,2.4382283687591553,1714,0.0,0.0
2012-05-02 00:00:00-04:00,2.4382283687591553,2.4382283687591553,2.4382283687591553,2.4382283687591553,11950,0.0,0.0
2012-05-03 00:00:00-04:00,2.133449822664261,2.4382283687591553,2.133449822664261,2.4382283687591553,2880,0.0,0.0
2012-05-04 00:00:00-04:00,2.4382283687591553,2.7430069148540497,2.133449822664261,2.4382283687591553,1350,0.0,0.0
2012-05-07 00:00:00-04:00,2.1334500312805176,2.4382286071777344,2.1334500312805176,2.1334500312805176,14720,0.0,0.0
2012-05-08 00:00:00-04:00,2.4382283687591553,2.4382283687591553,2.133449822664261,2.4382283687591553,3434,0.0,0.0
2012-05-09 00:00:00-04:00,2.4382283687591553,2.4382283687591553,2.133449822664261,2.4382283687591553,4952,0.0,0.0
2012-05-10 00:00:00-04:00,2.133449822664261,2.4382283687591553,2.133449822664261,2.4382283687591553,8120,0.0,0.0
2012-05-11 00:00:00-04:00,2.4382283687591553,2.7430069148540497,2.133449822664261,2.4382283687591553,6490,0.0,0.0
2012-05-14 00:00:00-04:00,2.7430069148540497,2.7430069148540497,2.133449822664261,2.4382283687591553,12580,0.0,0.0
2012-05-15 00:00:00-04:00,2.133449822664261,2.4382283687591553,1.8286712765693665,2.4382283687591553,10292,0.0,0.0
2012-05-16 00:00:00-04:00,2.133449822664261,2.4382283687591553,2.133449822664261,2.4382283687591553,1786,0.0,0.0
2012-05-17 00:00:00-04:00,2.4382283687591553,2.4382283687591553,2.133449822664261,2.4382283687591553,406,0.0,0.0
2012-05-18 00:00:00-04:00,2.133449822664261,2.4382283687591553,1.8286712765693665,2.4382283687591553,1040,0.0,0.0
2012-05-21 00:00:00-04:00,2.133449822664261,2.4382283687591553,2.133449822664261,2.4382283687591553,42,0.0,0.0
2012-05-22 00:00:00-04:00,2.1334500312805176,2.4382286071777344,1.8286714553833008,2.1334500312805176,5800,0.0,0.0
2012-05-23 00:00:00-04:00,2.4382286071777344,2.4382286071777344,2.1334500312805176,2.1334500312805176,2678,0.0,0.0
2012-05-24 00:00:00-04:00,1.8286714553833008,2.4382286071777344,1.8286714553833008,2.1334500312805176,3884,0.0,0.0
2012-05-25 00:00:00-04:00,1.8286712765693665,2.4382283687591553,1.8286712765693665,2.4382283687591553,36,0.0,0.0
2012-05-29 00:00:00-04:00,2.133449822664261,2.4382283687591553,2.133449822664261,2.4382283687591553,380,0.0,0.0
2012-05-30 00:00:00-04:00,1.8286714553833008,2.4382286071777344,1.8286714553833008,2.1334500312805176,8288,0.0,0.0
2012-05-31 00:00:00-04:00,2.1334500312805176,2.1334500312805176,2.1334500312805176,2.1334500312805176,2610,0.0,0.0
2012-06-01 00:00:00-04:00,2.133449822664261,2.4382283687591553,2.133449822664261,2.4382283687591553,3824,0.0,0.0
2012-06-04 00:00:00-04:00,2.4382286071777344,2.4382286071777344,2.1334500312805176,2.1334500312805176,1772,0.0,0.0
2012-06-05 00:00:00-04:00,2.133449822664261,2.4382283687591553,2.133449822664261,2.4382283687591553,1108,0.0,0.0
2012-06-06 00:00:00-04:00,2.133449822664261,2.4382283687591553,2.133449822664261,2.4382283687591553,13890,0.0,0.0
2012-06-07 00:00:00-04:00,2.1334500312805176,2.1334500312805176,2.1334500312805176,2.1334500312805176,802,0.0,0.0
2012-06-08 00:00:00-04:00,2.133449822664261,2.4382283687591553,2.133449822664261,2.4382283687591553,742,0.0,0.0
2012-06-11 00:00:00-04:00,2.4382283687591553,2.4382283687591553,2.133449822664261,2.4382283687591553,1690,0.0,0.0
2012-06-12 00:00:00-04:00,2.4382283687591553,2.4382283687591553,2.4382283687591553,2.4382283687591553,2432,0.0,0.0
2012-06-13 00:00:00-04:00,2.4382286071777344,2.4382286071777344,2.1334500312805176,2.1334500312805176,1046,0.0,0.0
2012-06-14 00:00:00-04:00,2.133449822664261,2.4382283687591553,2.133449822664261,2.4382283687591553,1886,0.0,0.0
2012-06-15 00:00:00-04:00,2.4382283687591553,2.4382283687591553,2.4382283687591553,2.4382283687591553,1162,0.0,0.0
2012-06-18 00:00:00-04:00,2.133449822664261,2.7430069148540497,2.133449822664261,2.4382283687591553,6928,0.0,0.0
2012-06-19 00:00:00-04:00,2.4382283687591553,2.4382283687591553,2.4382283687591553,2.4382283687591553,766,0.0,0.0
2012-06-20 00:00:00-04:00,2.4382283687591553,2.4382283687591553,2.4382283687591553,2.4382283687591553,3418,0.0,0.0
2012-06-21 00:00:00-04:00,2.4382283687591553,2.4382283687591553,2.133449822664261,2.4382283687591553,382,0.0,0.0
2012-06-22 00:00:00-04:00,2.133449822664261,2.4382283687591553,2.133449822664261,2.4382283687591553,5278,0.0,0.0
2012-06-25 00:00:00-04:00,2.133449822664261,2.4382283687591553,2.133449822664261,2.4382283687591553,1184,0.0,0.0
2012-06-26 00:00:00-04:00,2.4382283687591553,2.4382283687591553,2.133449822664261,2.4382283687591553,3434,0.0,0.0
2012-06-27 00:00:00-04:00,2.133449822664261,2.4382283687591553,2.133449822664261,2.4382283687591553,1874,0.0,0.0
2012-06-28 00:00:00-04:00,2.1334500312805176,2.4382286071777344,2.1334500312805176,2.1334500312805176,486,0.0,0.0
2012-06-29 00:00:00-04:00,2.1334500312805176,2.4382286071777344,2.1334500312805176,2.1334500312805176,824,0.0,0.0
2012-07-02 00:00:00-04:00,2.1334500312805176,2.1334500312805176,2.1334500312805176,2.1334500312805176,1272,0.0,0.0
2012-07-03 00:00:00-04:00,2.133449822664261,2.4382283687591553,2.133449822664261,2.4382283687591553,648,0.0,0.0
2012-07-05 00:00:00-04:00,2.133449822664261,2.4382283687591553,2.133449822664261,2.4382283687591553,1276,0.0,0.0
2012-07-06 00:00:00-04:00,2.133449822664261,2.4382283687591553,2.133449822664261,2.4382283687591553,348,0.0,0.0
2012-07-09 00:00:00-04:00,2.133449822664261,2.4382283687591553,1.8286712765693665,2.4382283687591553,2080,0.0,0.0
2012-07-10 00:00:00-04:00,2.4382283687591553,2.4382283687591553,2.4382283687591553,2.4382283687591553,0,0.0,0.0
2012-07-11 00:00:00-04:00,2.4382283687591553,2.4382283687591553,2.133449822664261,2.4382283687591553,376,0.0,0.0
2012-07-12 00:00:00-04:00,2.1334500312805176,2.1334500312805176,1.8286714553833008,2.1334500312805176,5488,0.0,0.0
2012-07-13 00:00:00-04:00,1.8286714553833008,2.1334500312805176,1.8286714553833008,2.1334500312805176,3692,0.0,0.0
2012-07-16 00:00:00-04:00,2.1334500312805176,2.1334500312805176,2.1334500312805176,2.1334500312805176,1020,0.0,0.0
2012-07-17 00:00:00-04:00,2.1334500312805176,2.1334500312805176,2.1334500312805176,2.1334500312805176,102,0.0,0.0
2012-07-18 00:00:00-04:00,2.1334491968154907,2.1334491968154907,1.5238922834396362,1.5238922834396362,8100,0.0,0.0
2012-07-19 00:00:00-04:00,1.8286714553833008,2.1334500312805176,1.8286714553833008,2.1334500312805176,116,0.0,0.0
2012-07-20 00:00:00-04:00,1.8286714553833008,2.1334500312805176,1.8286714553833008,2.1334500312805176,674,0.0,0.0
2012-07-23 00:00:00-04:00,2.1334500312805176,2.1334500312805176,2.1334500312805176,2.1334500312805176,16,0.0,0.0
2012-07-24 00:00:00-04:00,2.1334500312805176,2.1334500312805176,2.1334500312805176,2.1334500312805176,306,0.0,0.0
2012-07-25 00:00:00-04:00,2.1334500312805176,2.4382286071777344,2.1334500312805176,2.1334500312805176,3530,0.0,0.0
2012-07-26 00:00:00-04:00,2.4382283687591553,2.4382283687591553,2.133449822664261,2.4382283687591553,3822,0.0,0.0
2012-07-27 00:00:00-04:00,2.4382283687591553,2.4382283687591553,2.133449822664261,2.4382283687591553,1956,0.0,0.0
2012-07-30 00:00:00-04:00,2.133449822664261,2.4382283687591553,2.133449822664261,2.4382283687591553,856,0.0,0.0
2012-07-31 00:00:00-04:00,2.133449822664261,2.4382283687591553,2.133449822664261,2.4382283687591553,402,0.0,0.0
2012-08-01 00:00:00-04:00,2.4382283687591553,2.4382283687591553,2.4382283687591553,2.4382283687591553,300,0.0,0.0
2012-08-02 00:00:00-04:00,2.4382283687591553,2.4382283687591553,2.133449822664261,2.4382283687591553,2202,0.0,0.0
2012-08-03 00:00:00-04:00,2.4382283687591553,2.4382283687591553,2.4382283687591553,2.4382283687591553,54,0.0,0.0
2012-08-06 00:00:00-04:00,2.4382283687591553,2.7430069148540497,2.4382283687591553,2.4382283687591553,2520,0.0,0.0
2012-08-07 00:00:00-04:00,2.4382283687591553,2.4382283687591553,2.4382283687591553,2.4382283687591553,2050,0.0,0.0
2012-08-08 00:00:00-04:00,2.4382283687591553,2.4382283687591553,2.4382283687591553,2.4382283687591553,882,0.0,0.0
2012-08-09 00:00:00-04:00,2.438229242960612,2.7430078983306885,2.438229242960612,2.7430078983306885,1330,0.0,0.0
2012-08-10 00:00:00-04:00,2.7430078983306885,3.0477865537007647,2.438229242960612,2.7430078983306885,5996,0.0,0.0
2012-08-13 00:00:00-04:00,2.7430078983306885,2.7430078983306885,2.7430078983306885,2.7430078983306885,2086,0.0,0.0
2012-08-14 00:00:00-04:00,2.7430078983306885,3.0477865537007647,2.7430078983306885,2.7430078983306885,632,0.0,0.0
2012-08-15 00:00:00-04:00,2.7430078983306885,3.0477865537007647,2.7430078983306885,2.7430078983306885,1892,0.0,0.0
2012-08-16 00:00:00-04:00,2.743006110191345,3.0477845668792725,2.743006110191345,3.0477845668792725,3068,0.0,0.0
2012-08-17 00:00:00-04:00,2.743006110191345,3.3525630235671997,2.743006110191345,3.0477845668792725,7268,0.0,0.0
2012-08-20 00:00:00-04:00,3.3525638580322266,3.3525638580322266,3.0477853254838423,3.3525638580322266,4512,0.0,0.0
2012-08-21 00:00:00-04:00,3.3525630235671997,3.3525630235671997,2.743006110191345,3.0477845668792725,5760,0.0,0.0
2012-08-22 00:00:00-04:00,3.0477853254838423,3.3525638580322266,3.0477853254838423,3.3525638580322266,2886,0.0,0.0
2012-08-23 00:00:00-04:00,3.0477845668792725,3.3525630235671997,2.743006110191345,3.0477845668792725,3718,0.0,0.0
2012-08-24 00:00:00-04:00,3.3525630235671997,3.3525630235671997,2.743006110191345,3.0477845668792725,2726,0.0,0.0
2012-08-27 00:00:00-04:00,3.0477845668792725,3.0477845668792725,3.0477845668792725,3.0477845668792725,1560,0.0,0.0
2012-08-28 00:00:00-04:00,3.0477845668792725,3.0477845668792725,2.743006110191345,3.0477845668792725,10082,0.0,0.0
2012-08-29 00:00:00-04:00,3.0477865537007647,3.0477865537007647,2.7430078983306885,2.7430078983306885,100,0.0,0.0
2012-08-30 00:00:00-04:00,2.743006110191345,3.0477845668792725,2.743006110191345,3.0477845668792725,6982,0.0,0.0
2012-08-31 00:00:00-04:00,3.0477845668792725,3.0477845668792725,2.743006110191345,3.0477845668792725,6286,0.0,0.0
2012-09-04 00:00:00-04:00,2.743006110191345,3.0477845668792725,2.743006110191345,3.0477845668792725,412,0.0,0.0
2012-09-05 00:00:00-04:00,3.0477865537007647,3.0477865537007647,2.7430078983306885,2.7430078983306885,516,0.0,0.0
2012-09-06 00:00:00-04:00,3.0477845668792725,3.0477845668792725,2.743006110191345,3.0477845668792725,2970,0.0,0.0
2012-09-07 00:00:00-04:00,3.0477865537007647,3.0477865537007647,2.7430078983306885,2.7430078983306885,2408,0.0,0.0
2012-09-10 00:00:00-04:00,2.743006110191345,3.0477845668792725,2.743006110191345,3.0477845668792725,1152,0.0,0.0
2012-09-11 00:00:00-04:00,3.0477845668792725,3.0477845668792725,2.743006110191345,3.0477845668792725,852,0.0,0.0
2012-09-12 00:00:00-04:00,2.743006110191345,3.0477845668792725,2.743006110191345,3.0477845668792725,8586,0.0,0.0
2012-09-13 00:00:00-04:00,3.0477845668792725,3.0477845668792725,2.743006110191345,3.0477845668792725,16578,0.0,0.0
2012-09-14 00:00:00-04:00,3.0477845668792725,3.0477845668792725,2.743006110191345,3.0477845668792725,7654,0.0,0.0
2012-09-17 00:00:00-04:00,3.0477865537007647,3.0477865537007647,2.7430078983306885,2.7430078983306885,9186,0.0,0.0
2012-09-18 00:00:00-04:00,3.0477845668792725,3.0477845668792725,2.438227653503418,3.0477845668792725,20216,0.0,0.0
2012-09-19 00:00:00-04:00,2.7430078983306885,3.0477865537007647,2.7430078983306885,2.7430078983306885,3118,0.0,0.0
2012-09-20 00:00:00-04:00,2.743006110191345,3.0477845668792725,2.743006110191345,3.0477845668792725,740,0.0,0.0
2012-09-21 00:00:00-04:00,2.7430078983306885,3.0477865537007647,2.7430078983306885,2.7430078983306885,1600,0.0,0.0
2012-09-24 00:00:00-04:00,2.743006110191345,3.0477845668792725,2.743006110191345,3.0477845668792725,1246,0.0,0.0
2012-09-25 00:00:00-04:00,2.7430078983306885,3.0477865537007647,2.7430078983306885,2.7430078983306885,772,0.0,0.0
2012-09-26 00:00:00-04:00,2.743006110191345,3.0477845668792725,2.743006110191345,3.0477845668792725,824,0.0,0.0
2012-09-27 00:00:00-04:00,2.743006110191345,3.0477845668792725,2.743006110191345,3.0477845668792725,5212,0.0,0.0
2012-09-28 00:00:00-04:00,3.0477865537007647,3.0477865537007647,2.7430078983306885,2.7430078983306885,4112,0.0,0.0
2012-10-01 00:00:00-04:00,2.743006110191345,3.0477845668792725,2.743006110191345,3.0477845668792725,1886,0.0,0.0
2012-10-02 00:00:00-04:00,2.7430078983306885,3.0477865537007647,2.7430078983306885,2.7430078983306885,2080,0.0,0.0
2012-10-03 00:00:00-04:00,3.0477845668792725,3.0477845668792725,2.743006110191345,3.0477845668792725,610,0.0,0.0
2012-10-04 00:00:00-04:00,2.7430078983306885,2.7430078983306885,2.7430078983306885,2.7430078983306885,3198,0.0,0.0
2012-10-05 00:00:00-04:00,2.7430078983306885,2.7430078983306885,2.7430078983306885,2.7430078983306885,2252,0.0,0.0
2012-10-08 00:00:00-04:00,2.7430078983306885,2.7430078983306885,2.438229242960612,2.7430078983306885,780,0.0,0.0
2012-10-09 00:00:00-04:00,2.743006110191345,3.0477845668792725,2.743006110191345,3.0477845668792725,1780,0.0,0.0
2012-10-10 00:00:00-04:00,3.0477845668792725,3.0477845668792725,2.743006110191345,3.0477845668792725,5076,0.0,0.0
2012-10-11 00:00:00-04:00,3.0477845668792725,3.0477845668792725,2.743006110191345,3.0477845668792725,3454,0.0,0.0
2012-10-12 00:00:00-04:00,2.7430078983306885,3.0477865537007647,2.7430078983306885,2.7430078983306885,4674,0.0,0.0
2012-10-15 00:00:00-04:00,3.0477845668792725,3.0477845668792725,2.743006110191345,3.0477845668792725,2160,0.0,0.0
2012-10-16 00:00:00-04:00,3.0477845668792725,3.0477845668792725,2.743006110191345,3.0477845668792725,3204,0.0,0.0
2012-10-17 00:00:00-04:00,3.0477853254838423,3.3525638580322266,3.0477853254838423,3.3525638580322266,5128,0.0,0.0
2012-10-18 00:00:00-04:00,3.3525638580322266,3.3525638580322266,3.0477853254838423,3.3525638580322266,1304,0.0,0.0
2012-10-19 00:00:00-04:00,3.3525630235671997,3.3525630235671997,3.0477845668792725,3.0477845668792725,2958,0.0,0.0
2012-10-22 00:00:00-04:00,3.0477845668792725,3.3525630235671997,3.0477845668792725,3.0477845668792725,4120,0.0,0.0
2012-10-23 00:00:00-04:00,3.0477845668792725,3.3525630235671997,3.0477845668792725,3.0477845668792725,4430,0.0,0.0
2012-10-24 00:00:00-04:00,2.743006110191345,3.0477845668792725,2.743006110191345,3.0477845668792725,1342,0.0,0.0
2012-10-25 00:00:00-04:00,3.0477845668792725,3.0477845668792725,3.0477845668792725,3.0477845668792725,308,0.0,0.0
2012-10-26 00:00:00-04:00,3.0477845668792725,3.0477845668792725,3.0477845668792725,3.0477845668792725,222,0.0,0.0
2012-10-31 00:00:00-04:00,3.0477845668792725,3.3525630235671997,2.743006110191345,3.0477845668792725,1128,0.0,0.0
2012-11-01 00:00:00-04:00,3.0477845668792725,3.0477845668792725,2.743006110191345,3.0477845668792725,1324,0.0,0.0
2012-11-02 00:00:00-04:00,2.743006110191345,3.0477845668792725,2.743006110191345,3.0477845668792725,3334,0.0,0.0
2012-11-05 00:00:00-05:00,3.0477845668792725,3.0477845668792725,2.743006110191345,3.0477845668792725,642,0.0,0.0
2012-11-06 00:00:00-05:00,3.0477845668792725,3.0477845668792725,2.743006110191345,3.0477845668792725,3600,0.0,0.0
2012-11-07 00:00:00-05:00,3.0477845668792725,3.0477845668792725,3.0477845668792725,3.0477845668792725,126,0.0,0.0
2012-11-08 00:00:00-05:00,3.0477845668792725,3.0477845668792725,3.0477845668792725,3.0477845668792725,1410,0.0,0.0
2012-11-09 00:00:00-05:00,3.0477853254838423,3.3525638580322266,3.0477853254838423,3.3525638580322266,2984,0.0,0.0
2012-11-12 00:00:00-05:00,3.3525638580322266,3.3525638580322266,3.0477853254838423,3.3525638580322266,10952,0.0,0.0
2012-11-13 00:00:00-05:00,3.3525630235671997,3.3525630235671997,3.0477845668792725,3.0477845668792725,5210,0.0,0.0
2012-11-14 00:00:00-05:00,3.0477853254838423,3.3525638580322266,3.0477853254838423,3.3525638580322266,9300,0.0,0.0
2012-11-15 00:00:00-05:00,3.0477853254838423,3.6573423905806104,3.0477853254838423,3.3525638580322266,35742,0.0,0.0
2012-11-16 00:00:00-05:00,3.3525638580322266,3.3525638580322266,3.3525638580322266,3.3525638580322266,4612,0.0,0.0
2012-11-19 00:00:00-05:00,3.3525638580322266,3.6573423905806104,3.3525638580322266,3.3525638580322266,12488,0.0,0.0
2012-11-20 00:00:00-05:00,3.6573423905806104,3.6573423905806104,3.3525638580322266,3.3525638580322266,13160,0.0,0.0
2012-11-21 00:00:00-05:00,3.3525630235671997,3.3525630235671997,2.743006110191345,3.0477845668792725,13274,0.0,0.0
2012-11-23 00:00:00-05:00,3.0477865537007647,3.0477865537007647,2.7430078983306885,2.7430078983306885,1610,0.0,0.0
2012-11-26 00:00:00-05:00,3.0477845668792725,3.0477845668792725,2.743006110191345,3.0477845668792725,3436,0.0,0.0
2012-11-27 00:00:00-05:00,2.743006110191345,3.0477845668792725,2.743006110191345,3.0477845668792725,6628,0.0,0.0
2012-11-28 00:00:00-05:00,3.0477845668792725,3.0477845668792725,2.743006110191345,3.0477845668792725,1122,0.0,0.0
2012-11-29 00:00:00-05:00,3.0477845668792725,3.0477845668792725,3.0477845668792725,3.0477845668792725,2742,0.0,0.0
2012-11-30 00:00:00-05:00,3.0477845668792725,3.0477845668792725,2.743006110191345,3.0477845668792725,2102,0.0,0.0
2012-12-03 00:00:00-05:00,3.0477845668792725,3.0477845668792725,2.743006110191345,3.0477845668792725,8154,0.0,0.0
2012-12-04 00:00:00-05:00,3.0477845668792725,3.0477845668792725,2.743006110191345,3.0477845668792725,1576,0.0,0.0
2012-12-05 00:00:00-05:00,2.743006110191345,3.0477845668792725,2.743006110191345,3.0477845668792725,900,0.0,0.0
2012-12-06 00:00:00-05:00,2.7430078983306885,3.0477865537007647,2.7430078983306885,2.7430078983306885,362,0.0,0.0
2012-12-07 00:00:00-05:00,3.0477845668792725,3.0477845668792725,3.0477845668792725,3.0477845668792725,2218,0.0,0.0
2012-12-10 00:00:00-05:00,3.0477845668792725,3.3525630235671997,2.743006110191345,3.0477845668792725,5328,0.0,0.0
2012-12-11 00:00:00-05:00,3.0477853254838423,3.3525638580322266,2.743006792935458,3.3525638580322266,5638,0.0,0.0
2012-12-12 00:00:00-05:00,3.0477845668792725,3.0477845668792725,2.743006110191345,3.0477845668792725,4118,0.0,0.0
2012-12-13 00:00:00-05:00,2.7430078983306885,3.0477865537007647,2.7430078983306885,2.7430078983306885,3384,0.0,0.0
2012-12-14 00:00:00-05:00,2.7430078983306885,3.0477865537007647,2.7430078983306885,2.7430078983306885,1202,0.0,0.0
2012-12-17 00:00:00-05:00,2.743006110191345,3.0477845668792725,2.743006110191345,3.0477845668792725,2894,0.0,0.0
2012-12-18 00:00:00-05:00,2.743006110191345,3.0477845668792725,2.743006110191345,3.0477845668792725,3952,0.0,0.0
2012-12-19 00:00:00-05:00,2.743006110191345,3.0477845668792725,2.743006110191345,3.0477845668792725,3768,0.0,0.0
2012-12-20 00:00:00-05:00,2.7430078983306885,3.0477865537007647,2.7430078983306885,2.7430078983306885,5418,0.0,0.0
2012-12-21 00:00:00-05:00,2.743006110191345,3.0477845668792725,2.743006110191345,3.0477845668792725,2962,0.0,0.0
2012-12-24 00:00:00-05:00,3.0477845668792725,3.0477845668792725,3.0477845668792725,3.0477845668792725,228,0.0,0.0
2012-12-26 00:00:00-05:00,3.0477865537007647,3.0477865537007647,2.7430078983306885,2.7430078983306885,190,0.0,0.0
2012-12-27 00:00:00-05:00,2.7430078983306885,3.0477865537007647,2.7430078983306885,2.7430078983306885,6294,0.0,0.0
2012-12-28 00:00:00-05:00,2.7430078983306885,2.7430078983306885,2.7430078983306885,2.7430078983306885,1704,0.0,0.0
2012-12-31 00:00:00-05:00,2.7430078983306885,3.0477865537007647,2.7430078983306885,2.7430078983306885,11254,0.0,0.0
2013-01-02 00:00:00-05:00,3.0477845668792725,3.0477845668792725,2.743006110191345,3.0477845668792725,9380,0.0,0.0
2013-01-03 00:00:00-05:00,3.0477845668792725,3.0477845668792725,3.0477845668792725,3.0477845668792725,2442,0.0,0.0
2013-01-04 00:00:00-05:00,3.0477845668792725,3.0477845668792725,3.0477845668792725,3.0477845668792725,1236,0.0,0.0
2013-01-07 00:00:00-05:00,2.743006110191345,3.0477845668792725,2.743006110191345,3.0477845668792725,6212,0.0,0.0
2013-01-08 00:00:00-05:00,3.0477845668792725,3.0477845668792725,3.0477845668792725,3.0477845668792725,1756,0.0,0.0
2013-01-09 00:00:00-05:00,3.3525630235671997,3.3525630235671997,3.0477845668792725,3.0477845668792725,6742,0.0,0.0
2013-01-10 00:00:00-05:00,3.0477845668792725,3.0477845668792725,3.0477845668792725,3.0477845668792725,2664,0.0,0.0
2013-01-11 00:00:00-05:00,3.0477853254838423,3.3525638580322266,3.0477853254838423,3.3525638580322266,970,0.0,0.0
2013-01-14 00:00:00-05:00,3.047785957654317,3.6573431491851807,3.047785957654317,3.6573431491851807,17216,0.0,0.0
2013-01-15 00:00:00-05:00,3.6573423905806104,3.6573423905806104,3.3525638580322266,3.3525638580322266,1268,0.0,0.0
2013-01-16 00:00:00-05:00,3.352564553419749,3.962121744950612,3.352564553419749,3.6573431491851807,7620,0.0,0.0
2013-01-17 00:00:00-05:00,3.6573429107666016,4.266900062561035,3.6573429107666016,4.266900062561035,8478,0.0,0.0
2013-01-18 00:00:00-05:00,3.9621214866638184,4.266900062561035,3.9621214866638184,4.266900062561035,2946,0.0,0.0
2013-01-22 00:00:00-05:00,4.266900062561035,4.266900062561035,3.9621214866638184,4.266900062561035,2360,0.0,0.0
2013-01-23 00:00:00-05:00,4.266900062561035,4.266900062561035,4.266900062561035,4.266900062561035,2760,0.0,0.0
2013-01-24 00:00:00-05:00,4.26690050760905,4.57167911529541,3.9621218999226886,4.57167911529541,3952,0.0,0.0
2013-01-25 00:00:00-05:00,4.266900062561035,4.571678638458252,3.9621214866638184,4.266900062561035,3780,0.0,0.0
2013-01-28 00:00:00-05:00,3.6573429107666016,4.266900062561035,3.6573429107666016,4.266900062561035,2196,0.0,0.0
2013-01-29 00:00:00-05:00,3.962121963500976,4.266900576077974,3.962121963500976,3.9621219635009766,6990,0.0,0.0
2013-01-30 00:00:00-05:00,3.962121963500976,4.266900576077974,3.962121963500976,3.9621219635009766,6568,0.0,0.0
2013-01-31 00:00:00-05:00,4.266900062561035,4.266900062561035,3.6573429107666016,4.266900062561035,836,0.0,0.0
2013-02-01 00:00:00-05:00,4.266900062561035,4.266900062561035,3.9621214866638184,4.266900062561035,2302,0.0,0.0
2013-02-04 00:00:00-05:00,4.266900062561035,4.266900062561035,3.9621214866638184,4.266900062561035,532,0.0,0.0
2013-02-05 00:00:00-05:00,3.9621214866638184,4.266900062561035,3.9621214866638184,4.266900062561035,1880,0.0,0.0
2013-02-06 00:00:00-05:00,4.108867645263672,4.424934387207031,3.7928009033203125,4.424934387207031,830,0.25,0.0
2013-02-07 00:00:00-05:00,3.7928009033203125,4.424934387207031,3.7928009033203125,4.424934387207031,772,0.0,0.0
2013-02-08 00:00:00-05:00,4.1088666915893555,4.1088666915893555,3.792800023005559,4.1088666915893555,348,0.0,0.0
2013-02-11 00:00:00-05:00,4.1088666915893555,4.1088666915893555,3.792800023005559,4.1088666915893555,670,0.0,0.0
2013-02-12 00:00:00-05:00,4.108867645263672,4.424934387207031,3.7928009033203125,4.424934387207031,2434,0.0,0.0
2013-02-13 00:00:00-05:00,4.1088666915893555,4.1088666915893555,4.1088666915893555,4.1088666915893555,20,0.0,0.0
2013-02-14 00:00:00-05:00,4.424934387207031,4.424934387207031,4.424934387207031,4.424934387207031,2,0.0,0.0
2013-02-15 00:00:00-05:00,3.792800023005559,4.1088666915893555,3.476733354421762,4.1088666915893555,728,0.0,0.0
2013-02-19 00:00:00-05:00,4.1088666915893555,4.1088666915893555,3.792800023005559,4.1088666915893555,264,0.0,0.0
2013-02-20 00:00:00-05:00,3.476733354421762,4.1088666915893555,3.476733354421762,4.1088666915893555,1060,0.0,0.0
2013-02-21 00:00:00-05:00,3.476733354421762,4.1088666915893555,3.476733354421762,4.1088666915893555,228,0.0,0.0
2013-02-22 00:00:00-05:00,3.7928006649017334,4.108867386976878,3.476733942826589,3.7928006649017334,6876,0.0,0.0
2013-02-25 00:00:00-05:00,3.7928006649017334,3.7928006649017334,3.7928006649017334,3.7928006649017334,540,0.0,0.0
2013-02-26 00:00:00-05:00,3.476733942826589,3.7928006649017334,3.476733942826589,3.7928006649017334,282,0.0,0.0
2013-02-27 00:00:00-05:00,3.7928006649017334,3.7928006649017334,3.476733942826589,3.7928006649017334,210,0.0,0.0
2013-02-28 00:00:00-05:00,3.476733942826589,3.7928006649017334,3.476733942826589,3.7928006649017334,62,0.0,0.0
2013-03-01 00:00:00-05:00,3.7928006649017334,3.7928006649017334,3.476733942826589,3.7928006649017334,414,0.0,0.0
2013-03-04 00:00:00-05:00,3.4767327308654785,3.7927993427623403,3.4767327308654785,3.4767327308654785,5436,0.0,0.0
2013-03-05 00:00:00-05:00,3.7927993427623403,3.7927993427623403,3.4767327308654785,3.4767327308654785,1030,0.0,0.0
2013-03-06 00:00:00-05:00,3.4767327308654785,3.4767327308654785,3.4767327308654785,3.4767327308654785,356,0.0,0.0
2013-03-07 00:00:00-05:00,3.476733942826589,3.7928006649017334,3.476733942826589,3.7928006649017334,416,0.0,0.0
2013-03-08 00:00:00-05:00,3.7928006649017334,3.7928006649017334,3.476733942826589,3.7928006649017334,988,0.0,0.0
2013-03-11 00:00:00-04:00,3.7927993427623403,3.7927993427623403,3.4767327308654785,3.4767327308654785,718,0.0,0.0
2013-03-12 00:00:00-04:00,3.7928006649017334,3.7928006649017334,3.476733942826589,3.7928006649017334,1142,0.0,0.0
2013-03-13 00:00:00-04:00,3.7928006649017334,3.7928006649017334,3.476733942826589,3.7928006649017334,1154,0.0,0.0
2013-03-14 00:00:00-04:00,3.476733942826589,3.7928006649017334,3.476733942826589,3.7928006649017334,340,0.0,0.0
2013-03-15 00:00:00-04:00,3.4767327308654785,3.7927993427623403,3.4767327308654785,3.4767327308654785,652,0.0,0.0
2013-03-18 00:00:00-04:00,3.476733942826589,3.7928006649017334,3.476733942826589,3.7928006649017334,2096,0.0,0.0
2013-03-19 00:00:00-04:00,3.7928006649017334,3.7928006649017334,3.476733942826589,3.7928006649017334,2504,0.0,0.0
2013-03-20 00:00:00-04:00,3.476733942826589,3.7928006649017334,3.476733942826589,3.7928006649017334,82,0.0,0.0
2013-03-21 00:00:00-04:00,3.7928006649017334,3.7928006649017334,3.7928006649017334,3.7928006649017334,672,0.0,0.0
2013-03-22 00:00:00-04:00,3.476733942826589,3.7928006649017334,3.476733942826589,3.7928006649017334,208,0.0,0.0
2013-03-25 00:00:00-04:00,3.476733942826589,4.108867386976878,3.476733942826589,3.7928006649017334,5376,0.0,0.0
2013-03-26 00:00:00-04:00,3.792800023005559,4.1088666915893555,3.476733354421762,4.1088666915893555,4996,0.0,0.0
2013-03-27 00:00:00-04:00,3.7928006649017334,3.7928006649017334,3.7928006649017334,3.7928006649017334,620,0.0,0.0
2013-03-28 00:00:00-04:00,3.476733354421762,4.1088666915893555,3.476733354421762,4.1088666915893555,2038,0.0,0.0
2013-04-01 00:00:00-04:00,4.1088666915893555,4.1088666915893555,3.792800023005559,4.1088666915893555,1846,0.0,0.0
2013-04-02 00:00:00-04:00,4.424934109052023,4.424934109052023,3.7928006649017334,3.7928006649017334,6220,0.0,0.0
2013-04-03 00:00:00-04:00,3.7928006649017334,3.7928006649017334,3.476733942826589,3.7928006649017334,2806,0.0,0.0
2013-04-04 00:00:00-04:00,3.792800023005559,4.1088666915893555,3.792800023005559,4.1088666915893555,2648,0.0,0.0
2013-04-05 00:00:00-04:00,4.1088666915893555,4.424933360173152,4.1088666915893555,4.1088666915893555,808,0.0,0.0
2013-04-08 00:00:00-04:00,3.7928009033203125,4.424934387207031,3.7928009033203125,4.424934387207031,782,0.0,0.0
2013-04-09 00:00:00-04:00,4.424934387207031,4.424934387207031,4.108867645263672,4.424934387207031,1228,0.0,0.0
2013-04-10 00:00:00-04:00,4.424934387207031,4.424934387207031,4.108867645263672,4.424934387207031,1256,0.0,0.0
2013-04-11 00:00:00-04:00,4.108867645263672,4.424934387207031,4.108867645263672,4.424934387207031,5648,0.0,0.0
2013-04-12 00:00:00-04:00,4.108868629506182,4.108868629506182,3.4451281918621834,3.729588508605957,11880,0.0,0.1
2013-04-15 00:00:00-04:00,3.8560124583970357,3.8560124583970357,3.4451258182525635,3.4451258182525635,4100,0.0,0.0
2013-04-16 00:00:00-04:00,3.4767331622895736,3.4767331622895736,3.223879781110857,3.318699836730957,2060,0.0,0.0
2013-04-17 00:00:00-04:00,3.385074234676078,3.5178224362589363,3.1195781480062843,3.285513162612915,4180,0.25,0.0
2013-04-18 00:00:00-04:00,3.285512174272392,3.418260335922241,3.18595144865479,3.418260335922241,7700,0.0,0.0
2013-04-19 00:00:00-04:00,3.385073874905736,3.882878865818223,3.385073874905736,3.783317804336548,13500,0.0,0.0
2013-04-22 00:00:00-04:00,3.8165050998652936,3.8165050998652936,2.986830078155447,3.4514479637145996,5020,0.0,0.0
2013-04-23 00:00:00-04:00,3.716944033960931,3.716944033960931,3.4514479637145996,3.4514479637145996,820,0.0,0.0
2013-04-24 00:00:00-04:00,3.551008622853198,3.716943608187421,3.551008622853198,3.6505696773529053,2640,0.0,0.0
2013-04-25 00:00:00-04:00,3.6173825536877136,3.6837568010180965,3.5841957465183896,3.6505696773529053,640,0.0,0.0
2013-04-26 00:00:00-04:00,3.617382450759333,3.7169435024261475,3.617382450759333,3.7169435024261475,420,0.0,0.0
2013-04-29 00:00:00-04:00,3.617382450759333,3.8165045540929614,3.617382450759333,3.7169435024261475,1660,0.0,0.0
2013-04-30 00:00:00-04:00,3.716944599430709,3.982440710067749,3.683757783411049,3.982440710067749,3780,0.0,0.0
2013-05-01 00:00:00-04:00,4.115187455029453,4.115187455029453,3.6505696288633693,3.882878541946411,1960,0.0,0.0
2013-05-02 00:00:00-04:00,3.849692440042585,3.849692440042585,3.4514481544205844,3.750131368637085,5440,0.0,0.0
2013-05-03 00:00:00-04:00,3.949252801307377,3.949252801307377,3.6505699333582404,3.783317804336548,2300,0.0,0.0
2013-05-06 00:00:00-04:00,3.7833181814416377,3.7833181814416377,3.6505702972315848,3.750131368637085,2560,0.0,0.0
2013-05-07 00:00:00-04:00,3.7833185653388153,4.015627861022949,3.7169446164987567,4.015627861022949,4360,0.0,0.0
2013-05-08 00:00:00-04:00,3.9492531949521643,4.015627453553112,3.6505702972315848,3.750131368637085,2520,0.0,0.0
2013-05-09 00:00:00-04:00,3.7833181814416377,3.7833181814416377,3.617383167931111,3.750131368637085,700,0.0,0.0
2013-05-10 00:00:00-04:00,3.6173818111419678,3.816503879267277,3.6173818111419678,3.6173818111419678,1780,0.0,0.0
2013-05-13 00:00:00-04:00,3.6173825536877136,3.816504662687128,3.484634692018682,3.6505696773529053,7420,0.0,0.0
2013-05-14 00:00:00-04:00,3.6173825536877136,3.6505696773529053,3.6173825536877136,3.6505696773529053,5960,0.0,0.0
2013-05-15 00:00:00-04:00,3.650569573480224,3.7169435024261475,3.5510085218134098,3.7169435024261475,4360,0.0,0.0
2013-05-16 00:00:00-04:00,3.4846345928674864,3.7169435024261475,3.4846345928674864,3.7169435024261475,2840,0.0,0.0
2013-05-17 00:00:00-04:00,3.584195613861084,3.6505695422389857,3.584195613861084,3.584195613861084,1060,0.0,0.0
2013-05-20 00:00:00-04:00,3.4514483398264506,3.6173833622507208,3.4514483398264506,3.5510094165802,1320,0.0,0.0
2013-05-21 00:00:00-04:00,3.6173833622507208,3.6173833622507208,3.351887579568639,3.5510094165802,13600,0.0,0.0
2013-05-22 00:00:00-04:00,3.3518859984855225,3.5510077415714476,3.1859510543326905,3.3186988830566406,20500,0.0,0.0
2013-05-23 00:00:00-04:00,3.2523249686946656,3.3186988830566406,3.2523249686946656,3.3186988830566406,3340,0.0,0.0
2013-05-24 00:00:00-04:00,3.5178225040435787,3.5178225040435787,3.35188748623956,3.517822504043579,5500,0.0,0.0
2013-05-28 00:00:00-04:00,3.4846342584992516,3.4846342584992516,3.3518864133452304,3.418260335922241,140,0.0,0.0
2013-05-29 00:00:00-04:00,3.418260335922241,3.4514471389628323,3.418260335922241,3.418260335922241,1040,0.0,0.0
2013-05-30 00:00:00-04:00,3.584195644534301,3.7169435024261475,3.584195644534301,3.7169435024261475,3220,0.0,0.0
2013-05-31 00:00:00-04:00,3.551008622853198,3.7501307318526123,3.517821815683874,3.6505696773529053,2140,0.0,0.0
2013-06-03 00:00:00-04:00,3.6173818111419678,3.6173818111419678,3.4846339767222965,3.6173818111419678,420,0.0,0.0
2013-06-04 00:00:00-04:00,3.4846342667713937,3.6837563514709473,3.4846342667713937,3.6837563514709473,1780,0.0,0.0
2013-06-05 00:00:00-04:00,3.6505698703584213,3.6837569957782152,3.4846348762512203,3.4846348762512207,2820,0.0,0.0
2013-06-06 00:00:00-04:00,3.5178216854831827,3.683756664675864,3.4846345630463045,3.584195613861084,3280,0.0,0.0
2013-06-07 00:00:00-04:00,3.5841953091211707,3.7169431545903207,3.5510081895059686,3.6837563514709473,1880,0.0,0.0
2013-06-10 00:00:00-04:00,3.6837563514709473,3.7501302742055227,3.6505692318557457,3.6837563514709473,1640,0.0,0.0
2013-06-11 00:00:00-04:00,3.683756664675864,3.716943470616887,3.584195613861084,3.584195613861084,4400,0.0,0.0
2013-06-12 00:00:00-04:00,3.584195010784951,3.6173818111419678,3.451446859869477,3.6173818111419678,720,0.0,0.0
2013-06-13 00:00:00-04:00,3.517822601992909,3.5510094165802,3.517822601992909,3.5510094165802,760,0.0,0.0
2013-06-14 00:00:00-04:00,3.6173833622507208,3.6173833622507208,3.5510094165802,3.5510094165802,2260,0.0,0.0
2013-06-17 00:00:00-04:00,3.4846344715872832,3.4846344715872832,3.2191384485481302,3.38507342338562,4340,0.0,0.0
2013-06-18 00:00:00-04:00,3.219137964222259,3.4182600306672644,3.1195769309997563,3.119576930999756,11240,0.0,0.0
2013-06-19 00:00:00-04:00,3.1195772244607722,3.1527643441554773,2.9204554557800293,2.9204554557800293,6900,0.0,0.0
2013-06-20 00:00:00-04:00,2.986830711364746,3.1195786163825687,2.986830711364746,2.986830711364746,1560,0.0,0.0
2013-06-21 00:00:00-04:00,2.98682937867361,2.98682937867361,2.6549594477098757,2.9204554557800293,5820,0.0,0.0
2013-06-24 00:00:00-04:00,2.7877077237089782,2.9868298396149964,2.7877077237089782,2.8872687816619873,1320,0.0,0.0
2013-06-25 00:00:00-04:00,2.8872696243533937,2.986830711364746,2.8872696243533937,2.986830711364746,1600,0.0,0.0
2013-06-26 00:00:00-04:00,2.8872688922681258,2.986829954035142,2.721333894821729,2.820894956588745,6100,0.0,0.0
2013-06-27 00:00:00-04:00,2.820895069860089,2.854082197280334,2.654960065750672,2.754521131515503,3300,0.0,0.0
2013-06-28 00:00:00-04:00,2.5885866798153074,2.986830711364746,2.5885866798153074,2.986830711364746,12340,0.0,0.0
2013-07-01 00:00:00-04:00,2.887268064477783,3.1195769309997563,2.887268064477783,3.119576930999756,2020,0.0,0.0
2013-07-02 00:00:00-04:00,2.7213339551425753,3.020017147064209,2.7213339551425753,3.020017147064209,4400,0.0,0.0
2013-07-03 00:00:00-04:00,2.820895019116453,3.020017147064209,2.820895019116453,3.020017147064209,120,0.0,0.0
2013-07-05 00:00:00-04:00,2.820895428428025,2.953643321990967,2.820895428428025,2.953643321990967,1340,0.0,0.0
2013-07-08 00:00:00-04:00,2.7877074298635445,2.854081672499789,2.6881466989008675,2.7213335037231445,6500,0.0,0.0
2013-07-09 00:00:00-04:00,2.8540825843811035,2.8540825843811035,2.8540825843811035,2.8540825843811035,20,0.0,0.0
2013-07-10 00:00:00-04:00,2.8208947142963803,2.8208947142963803,2.6217727661132812,2.6217727661132812,680,0.0,0.0
2013-07-11 00:00:00-04:00,2.8540825600667326,2.953643321990967,2.8540825600667326,2.953643321990967,1440,0.0,0.0
2013-07-12 00:00:00-04:00,2.85408197334157,2.9536427147987006,2.688146982251848,2.8872687816619873,2900,0.0,0.0
2013-07-15 00:00:00-04:00,2.887269399806591,2.887269399806591,2.7545215051127494,2.8540825843811035,4420,0.0,0.0
2013-07-16 00:00:00-04:00,2.8872696243533937,2.986830711364746,2.8540828063469235,2.986830711364746,1920,0.0,0.0
2013-07-17 00:00:00-04:00,2.986830711364746,2.986830711364746,2.986830711364746,2.986830711364746,0,0.0,0.0
2013-07-18 00:00:00-04:00,2.986830711364746,2.986830711364746,2.7877085373420414,2.986830711364746,1320,0.0,0.0
2013-07-19 00:00:00-04:00,2.8208954139389495,2.953643306820053,2.787708282470703,2.787708282470703,680,0.0,0.0
2013-07-22 00:00:00-04:00,2.7877083205382367,2.9536433471535113,2.7213343731913158,2.8540825843811035,2760,0.0,0.0
2013-07-23 00:00:00-04:00,2.854081532886448,2.953642258978905,2.7877072934970375,2.9204554557800293,4860,0.0,0.0
2013-07-24 00:00:00-04:00,2.820894413191743,2.953642258978905,2.820894413191743,2.9204554557800293,2240,0.0,0.0
2013-07-25 00:00:00-04:00,2.820894848525274,2.8872687816619873,2.820894848525274,2.8872687816619873,820,0.0,0.0
2013-07-26 00:00:00-04:00,2.920455906478283,2.920455906478283,2.7877077237089782,2.8872687816619873,1240,0.0,0.0
2013-07-29 00:00:00-04:00,2.754521467498398,2.920456491847748,2.6549603895895997,2.787708282470703,340,0.0,0.0
2013-07-30 00:00:00-04:00,2.621772949754714,2.7877077863235513,2.621772949754714,2.6549599170684814,860,0.0,0.0
2013-07-31 00:00:00-04:00,2.6881470426301917,2.6881470426301917,2.5885859824409465,2.6549599170684814,4620,0.0,0.0
2013-08-01 00:00:00-04:00,2.6549603780110678,2.6549603780110678,2.489025354385376,2.489025354385376,31840,0.0,0.0
2013-08-02 00:00:00-04:00,2.621773254646336,2.621773254646336,2.223529125824636,2.3894641399383545,4760,0.0,0.0
2013-08-05 00:00:00-04:00,2.256716193642687,2.323090134177137,2.256716193642687,2.289903163909912,9780,0.0,0.0
2013-08-06 00:00:00-04:00,2.2567159928073863,2.6881470426301917,2.2567159928073863,2.6549599170684814,5040,0.0,0.0
2013-08-07 00:00:00-04:00,2.489024772000617,2.787707618042344,2.4558378066901954,2.55539870262146,4400,0.0,0.0
2013-08-08 00:00:00-04:00,2.621772949754714,2.6881470426301917,2.4890249222517014,2.6549599170684814,3300,0.0,0.0
2013-08-09 00:00:00-04:00,2.522211689690088,2.754520758972764,2.522211689690088,2.6881468296051025,3720,0.0,0.0
2013-08-12 00:00:00-04:00,2.78770783050111,2.820894956588745,2.721333894821729,2.820894956588745,2440,0.0,0.0
2013-08-13 00:00:00-04:00,2.820895428428025,2.953643321990967,2.6217734298356414,2.953643321990967,12640,0.0,0.0
2013-08-14 00:00:00-04:00,2.9868298396149964,2.9868298396149964,2.7877077237089782,2.8872687816619873,1880,0.0,0.0
2013-08-15 00:00:00-04:00,2.986830711364746,2.986830711364746,2.754521719335571,2.986830711364746,1320,0.0,0.0
2013-08-16 00:00:00-04:00,2.9868308346895844,3.152765881061228,2.8872697435674017,3.0863919258117676,7880,0.0,0.0
2013-08-19 00:00:00-04:00,3.1195772244607722,3.1195772244607722,2.820894413191743,2.9204554557800293,1540,0.0,0.0
2013-08-20 00:00:00-04:00,2.8872696243533937,2.986830711364746,2.8872696243533937,2.986830711364746,540,0.0,0.0
2013-08-21 00:00:00-04:00,3.053203301567191,3.053203301567191,2.9204554557800293,2.9204554557800293,3140,0.0,0.0
2013-08-22 00:00:00-04:00,2.787707942439844,2.854082197280334,2.654960065750672,2.754521131515503,3720,0.0,0.0
2013-08-23 00:00:00-04:00,2.721333894821729,2.820894956588745,2.6881470852299842,2.820894956588745,1120,0.0,0.0
2013-08-26 00:00:00-04:00,2.820894688340425,2.854081811272186,2.6549597066733415,2.6881468296051025,8020,0.0,0.0
2013-08-27 00:00:00-04:00,2.6549603895895997,2.787708282470703,2.588586443149048,2.787708282470703,18280,0.0,0.0
2013-08-28 00:00:00-04:00,2.787708282470703,2.787708282470703,2.787708282470703,2.787708282470703,0,0.0,0.0
2013-08-29 00:00:00-04:00,2.6217727661132812,2.6549597311024757,2.55539867788696,2.6217727661132812,1860,0.0,0.0
2013-08-30 00:00:00-04:00,2.5553988568792363,2.6549599170684814,2.5553988568792363,2.6549599170684814,1900,0.0,0.0
2013-09-03 00:00:00-04:00,2.6549599170684814,2.6549599170684814,2.6549599170684814,2.6549599170684814,0,0.0,0.0
2013-09-04 00:00:00-04:00,2.5553985145339895,2.654959561385099,2.5222115516662598,2.5222115516662598,13580,0.0,0.0
2013-09-05 00:00:00-04:00,2.4890245887985305,2.58858563564964,2.4890245887985305,2.5222115516662598,2840,0.0,0.0
2013-09-06 00:00:00-04:00,2.5222117373110384,2.6217727914902365,2.5222117373110384,2.55539870262146,2520,0.0,0.0
2013-09-09 00:00:00-04:00,2.55539870262146,2.588585826179815,2.5222117373110384,2.55539870262146,7340,0.0,0.0
2013-09-10 00:00:00-04:00,2.5222115516662598,2.5553985145339895,2.4226506630630715,2.5222115516662598,6360,0.0,0.0
2013-09-11 00:00:00-04:00,2.5222123274609203,2.5553993005364646,2.489025354385376,2.489025354385376,3060,0.0,0.0
2013-09-12 00:00:00-04:00,2.4226513132910856,2.654960273963726,2.4226513132910856,2.5885863304138184,3760,0.0,0.0
2013-09-13 00:00:00-04:00,2.5553993005364646,2.5553993005364646,2.4226514082342874,2.489025354385376,3260,0.0,0.0
2013-09-16 00:00:00-04:00,2.4558383813098317,2.588586431859979,2.4558383813098317,2.489025354385376,2060,0.0,0.0
2013-09-17 00:00:00-04:00,2.58858563564964,2.58858563564964,2.5222115516662598,2.5222115516662598,920,0.0,0.0
2013-09-18 00:00:00-04:00,2.522211889565469,2.6549599170684814,2.3562768947486887,2.6549599170684814,7420,0.0,0.0
2013-09-19 00:00:00-04:00,2.688146854339602,2.8208947142963803,2.6217727661132812,2.6217727661132812,4480,0.0,0.0
2013-09-20 00:00:00-04:00,2.6217727661132812,2.6549597311024757,2.6217727661132812,2.6217727661132812,8140,0.0,0.0
2013-09-23 00:00:00-04:00,2.654959756800658,2.654959756800658,2.55539870262146,2.55539870262146,900,0.0,0.0
2013-09-24 00:00:00-04:00,2.6217730965783788,2.787707942439844,2.6217730965783788,2.754521131515503,420,0.0,0.0
2013-09-25 00:00:00-04:00,2.6549599170684814,2.7545209772577266,2.6549599170684814,2.6549599170684814,1280,0.0,0.0
2013-09-26 00:00:00-04:00,2.4890245887985305,2.654959561385099,2.4890245887985305,2.5222115516662598,1000,0.0,0.0
2013-09-27 00:00:00-04:00,2.588586431859979,2.588586431859979,2.489025354385376,2.489025354385376,60,0.0,0.0
2013-09-30 00:00:00-04:00,2.4226517031518275,2.5222126344983473,2.4226517031518275,2.455838680267334,2220,0.0,0.0
2013-10-01 00:00:00-04:00,2.3894641994007504,2.4226513296477328,2.289903283403699,2.3562772274017334,3620,0.0,0.0
2013-10-02 00:00:00-04:00,2.389464015331539,2.489025081907,2.323090076446533,2.323090076446533,1180,0.0,0.0
2013-10-03 00:00:00-04:00,2.323090134177137,2.323090134177137,2.289903163909912,2.289903163909912,680,0.0,0.0
2013-10-04 00:00:00-04:00,2.289903283403699,2.3562772274017334,2.289903283403699,2.3562772274017334,900,0.0,0.0
2013-10-07 00:00:00-04:00,2.3562772274017334,2.3894641994007504,2.3562772274017334,2.3562772274017334,2220,0.0,0.0
2013-10-08 00:00:00-04:00,2.3894641994007504,2.3894641994007504,2.289903283403699,2.3562772274017334,340,0.0,0.0
2013-10-09 00:00:00-04:00,2.256716012954712,2.356276915784866,2.256716012954712,2.256716012954712,1720,0.0,0.0
2013-10-10 00:00:00-04:00,2.2235288870967165,2.3230899481748146,2.2235288870967165,2.256716012954712,3360,0.0,0.0
2013-10-11 00:00:00-04:00,2.256716012954712,2.256716012954712,2.2235288870967165,2.256716012954712,2300,0.0,0.0
2013-10-14 00:00:00-04:00,2.2235288870967165,2.256716012954712,2.2235288870967165,2.256716012954712,5600,0.0,0.0
2013-10-15 00:00:00-04:00,2.256716012954712,2.256716012954712,2.2235288870967165,2.256716012954712,760,0.0,0.0
2013-10-16 00:00:00-04:00,2.256716012954712,2.2899029805647633,2.2235288870967165,2.256716012954712,1360,0.0,0.0
2013-10-17 00:00:00-04:00,2.256716137561528,2.323090076446533,2.256716137561528,2.323090076446533,3400,0.0,0.0
2013-10-18 00:00:00-04:00,2.2567162961683525,2.5885863304138184,2.223529166145435,2.5885863304138184,7240,0.0,0.0
2013-10-21 00:00:00-04:00,2.5885863304138184,2.5885863304138184,2.489025256840993,2.5885863304138184,2700,0.0,0.0
2013-10-22 00:00:00-04:00,2.621772991302658,2.820894956588745,2.588586023462968,2.820894956588745,5540,0.0,0.0
2013-10-23 00:00:00-04:00,2.754520810979856,2.754520810979856,2.55539870262146,2.55539870262146,3200,0.0,0.0
2013-10-24 00:00:00-04:00,2.688146880359013,2.688146880359013,2.55539870262146,2.55539870262146,60,0.0,0.0
2013-10-25 00:00:00-04:00,2.555398654373919,2.6881468296051025,2.555398654373919,2.6881468296051025,240,0.0,0.0
2013-10-28 00:00:00-04:00,2.5885859824409465,2.6549599170684814,2.522211889565469,2.6549599170684814,1000,0.0,0.0
2013-10-29 00:00:00-04:00,2.654960273963726,2.654960273963726,2.5222122286159467,2.5885863304138184,940,0.0,0.0
2013-10-30 00:00:00-04:00,2.5553992003909007,2.6881474039866435,2.5553992003909007,2.5885863304138184,220,0.0,0.0
2013-10-31 00:00:00-04:00,2.5222123274609203,2.6217734049355235,2.489025354385376,2.489025354385376,1600,0.0,0.0
2013-11-01 00:00:00-04:00,2.621773724092857,2.621773724092857,2.3562775906728244,2.455838680267334,2060,0.0,0.0
2013-11-04 00:00:00-05:00,2.5222117373110384,2.588585826179815,2.422650841379774,2.55539870262146,1260,0.0,0.0
2013-11-05 00:00:00-05:00,2.4226514082342874,2.5222123274609203,2.4226514082342874,2.489025354385376,2440,0.0,0.0
2013-11-06 00:00:00-05:00,2.489024772000617,2.55539870262146,2.489024772000617,2.55539870262146,220,0.0,0.0
2013-11-07 00:00:00-05:00,2.5885859824409465,2.6549599170684814,2.522211889565469,2.6549599170684814,1580,0.0,0.0
2013-11-08 00:00:00-05:00,2.489024988879243,2.522211957081377,2.3230899896206267,2.4226510524749756,7600,0.0,0.0
2013-11-11 00:00:00-05:00,2.6217727419895107,2.6881468296051025,2.455837760322427,2.6881468296051025,640,0.0,0.0
2013-11-12 00:00:00-05:00,2.58858674697735,2.6549607012083634,2.455838680267334,2.455838680267334,2900,0.0,0.0
2013-11-13 00:00:00-05:00,2.489024747908571,2.688146854339602,2.4558377829193763,2.6217727661132812,3140,0.0,0.0
2013-11-14 00:00:00-05:00,2.4890245887985305,2.62177259851737,2.4890245887985305,2.5222115516662598,3000,0.0,0.0
2013-11-15 00:00:00-05:00,2.5222115516662598,2.654959561385099,2.5222115516662598,2.5222115516662598,1680,0.0,0.0
2013-11-18 00:00:00-05:00,2.5222126344983473,2.5553996116138538,2.455838680267334,2.455838680267334,7800,0.0,0.0
2013-11-19 00:00:00-05:00,2.4890245887985305,2.62177259851737,2.4890245887985305,2.5222115516662598,2280,0.0,0.0
2013-11-20 00:00:00-05:00,2.5553992176438016,2.6549602918888184,2.323090255402716,2.3562772274017334,4680,0.0,0.0
2013-11-21 00:00:00-05:00,2.3562772274017334,2.3894641994007504,2.3562772274017334,2.3562772274017334,580,0.0,0.0
2013-11-22 00:00:00-05:00,2.3562772274017334,2.3562772274017334,2.3562772274017334,2.3562772274017334,740,0.0,0.0
2013-11-25 00:00:00-05:00,2.356277211493214,2.5885863304138184,2.356277211493214,2.5885863304138184,6940,0.0,0.0
2013-11-26 00:00:00-05:00,2.6881475093345824,2.6881475093345824,2.4558383813098317,2.489025354385376,1620,0.0,0.0
2013-11-27 00:00:00-05:00,2.455838680267334,2.455838680267334,2.3562775906728244,2.455838680267334,800,0.0,0.0
2013-11-29 00:00:00-05:00,2.3562775906728244,2.455838680267334,2.3562775906728244,2.455838680267334,3500,0.0,0.0
2013-12-02 00:00:00-05:00,2.4226513296477328,2.5222122456447846,2.289903283403699,2.3562772274017334,4060,0.0,0.0
2013-12-03 00:00:00-05:00,2.389464074711587,2.389464074711587,2.289903163909912,2.289903163909912,6600,0.0,0.0
2013-12-04 00:00:00-05:00,2.3562775906728244,2.4890256573828404,2.3562775906728244,2.455838680267334,4180,0.0,0.0
2013-12-05 00:00:00-05:00,2.4226510524749756,2.4558380206771093,2.4226510524749756,2.4226510524749756,2120,0.0,0.0
2013-12-06 00:00:00-05:00,2.3894641399383545,2.422651269359467,2.3894641399383545,2.3894641399383545,5940,0.0,0.0
2013-12-09 00:00:00-05:00,2.3562772274017334,2.4226513296477328,2.3562772274017334,2.3562772274017334,7460,0.0,0.0
2013-12-10 00:00:00-05:00,2.389464276910773,2.588586431859979,2.389464276910773,2.489025354385376,3480,0.0,0.0
2013-12-11 00:00:00-05:00,2.4558383813098317,2.489025354385376,2.4558383813098317,2.489025354385376,440,0.0,0.0
2013-12-12 00:00:00-05:00,2.45583830164675,2.45583830164675,2.323090255402716,2.3562772274017334,8480,0.0,0.0
2013-12-13 00:00:00-05:00,2.356276957822761,2.4226510524749756,2.3230899896206267,2.4226510524749756,3760,0.0,0.0
2013-12-16 00:00:00-05:00,2.389464015331539,2.4558381124644972,2.323090076446533,2.323090076446533,8900,0.0,0.0
2013-12-17 00:00:00-05:00,2.323090255402716,2.3562772274017334,2.289903283403699,2.3562772274017334,4300,0.0,0.0
2013-12-18 00:00:00-05:00,2.323090255402716,2.3562772274017334,2.323090255402716,2.3562772274017334,3420,0.0,0.0
2013-12-19 00:00:00-05:00,2.3230899481748146,2.3230899481748146,2.256716012954712,2.256716012954712,6720,0.0,0.0
2013-12-20 00:00:00-05:00,2.256716101929739,2.256716101929739,2.0907810990892566,2.1571550369262695,13860,0.0,0.0
2013-12-23 00:00:00-05:00,2.1571550369262695,2.256716101929739,2.1571550369262695,2.1571550369262695,7940,0.0,0.0
2013-12-24 00:00:00-05:00,2.1571552162048344,2.1903421878814697,2.0907812728515633,2.1903421878814697,2280,0.0,0.0
2013-12-26 00:00:00-05:00,2.1571552162048344,2.2235291595581055,2.1571552162048344,2.1903421878814697,2700,0.0,0.0
2013-12-27 00:00:00-05:00,2.190342005844776,2.190342005844776,2.1571550369262695,2.1571550369262695,3180,0.0,0.0
2013-12-30 00:00:00-05:00,2.1903420948602808,2.356277104444362,2.1903420948602808,2.289903163909912,6800,0.0,0.0
2013-12-31 00:00:00-05:00,2.3562772274017334,2.3894641994007504,2.323090255402716,2.3562772274017334,4280,0.0,0.0
2014-01-02 00:00:00-05:00,2.455838680267334,2.4890256573828404,2.455838680267334,2.455838680267334,2200,0.0,0.0
2014-01-03 00:00:00-05:00,2.4226510524749756,2.4558380206771093,2.3894639260248947,2.4226510524749756,3560,0.0,0.0
2014-01-06 00:00:00-05:00,2.4558381734939934,2.4558381734939934,2.256716193642687,2.289903163909912,19940,0.0,0.0
2014-01-07 00:00:00-05:00,2.289903283403699,2.3894641994007504,2.2567163114046815,2.3562772274017334,14060,0.0,0.0
2014-01-08 00:00:00-05:00,2.289903283403699,2.3894641994007504,2.289903283403699,2.3562772274017334,9360,0.0,0.0
2014-01-09 00:00:00-05:00,2.323090076446533,2.356277045889036,2.2899031070040303,2.323090076446533,10520,0.0,0.0
2014-01-10 00:00:00-05:00,2.2567159874829206,2.289902954718387,2.2235288619995117,2.2235288619995117,11740,0.0,0.0
2014-01-13 00:00:00-05:00,2.256716137561528,2.356277045889036,2.256716137561528,2.323090076446533,17240,0.0,0.0
2014-01-14 00:00:00-05:00,2.389464074711587,2.4558381734939934,2.289903163909912,2.289903163909912,41400,0.0,0.0
2014-01-15 00:00:00-05:00,2.2567163114046815,2.3562772274017334,2.2567163114046815,2.3562772274017334,9340,0.0,0.0
2014-01-16 00:00:00-05:00,2.3894639260248947,2.4226510524749756,2.3230899896206267,2.4226510524749756,18700,0.0,0.0
2014-01-17 00:00:00-05:00,2.4326485040934838,2.465972423553467,2.366000506272536,2.465972423553467,6740,0.015,0.0
2014-01-21 00:00:00-05:00,2.4795594285951115,2.5474924970640687,2.4795594285951115,2.51352596282959,5840,0.07,0.0
2014-01-22 00:00:00-05:00,2.513524988938795,2.513524988938795,2.4795584678649902,2.4795584678649902,2760,0.0,0.0
2014-01-23 00:00:00-05:00,2.479558857155648,2.6493916511535645,2.479558857155648,2.6493916511535645,6900,0.0,0.0
2014-01-24 00:00:00-05:00,2.5814580720584672,2.6493912772494395,2.5474915504455566,2.5474915504455566,11560,0.0,0.0
2014-01-27 00:00:00-05:00,2.6154247037525384,2.6493913887602307,2.3097258344045684,2.445591926574707,4700,0.0,0.0
2014-01-28 00:00:00-05:00,2.445591746368202,2.445591746368202,2.1398928995460365,2.275758981704712,35620,0.0,0.0
2014-01-29 00:00:00-05:00,2.241792903198442,2.241792903198442,2.0719601050475727,2.2078263759613037,14060,0.0,0.0
2014-01-30 00:00:00-05:00,2.1738598201717445,2.1738598201717445,2.0719600778335474,2.1398932933807373,13180,0.0,0.0
2014-01-31 00:00:00-05:00,2.105926752090454,2.1738599723946157,2.105926752090454,2.105926752090454,1940,0.0,0.0
2014-02-03 00:00:00-05:00,2.1059270806067034,2.1738603115081787,2.1059270806067034,2.1738603115081787,2260,0.0,0.0
2014-02-04 00:00:00-05:00,2.1738598201717445,2.1738598201717445,2.0379935510425398,2.1398932933807373,8360,0.0,0.0
2014-02-05 00:00:00-05:00,2.105926964420679,2.1398936589800472,1.9700608340440182,2.0040273666381836,36020,0.0,0.0
2014-02-06 00:00:00-05:00,2.004027356150884,2.004027356150884,1.8002279996871948,1.8002279996871948,14720,0.0,0.0
2014-02-07 00:00:00-05:00,1.8681613008181255,2.037994146347046,1.8002282273926464,2.037994146347046,9420,0.0,0.0
2014-02-10 00:00:00-05:00,2.071960222920967,2.105926752090454,2.0040271645819923,2.105926752090454,14840,0.0,0.0
2014-02-11 00:00:00-05:00,2.139893321487027,2.3097261196378964,2.139893321487027,2.2078263759613037,8780,0.0,0.0
2014-02-12 00:00:00-05:00,2.3436921847491954,2.3436921847491954,2.275758981704712,2.275758981704712,7940,0.0,0.0
2014-02-13 00:00:00-05:00,2.2757595473041032,2.3097262382507324,2.2757595473041032,2.3097262382507324,11540,0.0,0.0
2014-02-14 00:00:00-05:00,2.3436927795410156,2.581458645625026,2.3436927795410156,2.3436927795410156,32040,0.0,0.0
2014-02-18 00:00:00-05:00,2.377658742678427,2.4795584678649902,2.2417924964180584,2.4795584678649902,16960,0.0,0.0
2014-02-19 00:00:00-05:00,2.3097262382507324,2.3776592962136185,2.2757595473041032,2.3097262382507324,18860,0.0,0.0
2014-02-20 00:00:00-05:00,2.3097262503811837,2.3776593087008475,2.2757595592561652,2.3436927795410156,4120,0.0,0.0
2014-02-21 00:00:00-05:00,2.3776595676806216,2.411626100540161,2.309726501961543,2.411626100540161,5420,0.0,0.0
2014-02-24 00:00:00-05:00,2.4116254035321725,2.445591926574707,2.377658880489638,2.445591926574707,2240,0.0,0.0
2014-02-25 00:00:00-05:00,2.445591784826037,2.4795584678649902,2.445591784826037,2.4795584678649902,6040,0.0,0.0
2014-02-26 00:00:00-05:00,2.445591926574707,2.4795586115823998,2.445591926574707,2.445591926574707,3260,0.0,0.0
2014-02-27 00:00:00-05:00,2.411626100540161,2.411626100540161,2.3776595676806216,2.411626100540161,8760,0.0,0.0
2014-02-28 00:00:00-05:00,2.411625263752232,2.4795584678649902,2.411625263752232,2.4795584678649902,12120,0.0,0.0
2014-03-03 00:00:00-05:00,2.4795594285951115,2.5474924970640687,2.4795594285951115,2.51352596282959,4000,0.0,0.0
2014-03-04 00:00:00-05:00,2.4795593282244446,2.5474923939435232,2.411626100540161,2.411626100540161,5880,0.0,0.0
2014-03-05 00:00:00-05:00,2.4795594285951115,2.5474924970640687,2.4795594285951115,2.51352596282959,1900,0.0,0.0
2014-03-06 00:00:00-05:00,2.5474924970640687,2.5474924970640687,2.51352596282959,2.51352596282959,2920,0.0,0.0
2014-03-07 00:00:00-05:00,2.51352596282959,2.51352596282959,2.4795594285951115,2.51352596282959,6080,0.0,0.0
2014-03-10 00:00:00-04:00,2.51352596282959,2.5474924970640687,2.4455927323954216,2.51352596282959,5700,0.0,0.0
2014-03-11 00:00:00-04:00,2.5474924970640687,2.5474924970640687,2.51352596282959,2.51352596282959,9200,0.0,0.0
2014-03-12 00:00:00-04:00,2.547491924098873,2.6833581924438477,2.547491924098873,2.6833581924438477,7620,0.0,0.0
2014-03-13 00:00:00-04:00,2.6493920416600956,2.7173251044861706,2.6154253482818604,2.6154253482818604,8620,0.0,0.0
2014-03-14 00:00:00-04:00,2.6833575458290775,2.819223781434056,2.6833575458290775,2.78525710105896,12980,0.0,0.0
2014-03-17 00:00:00-04:00,2.8192250045513285,2.8871580708439266,2.7852583094398233,2.853191375732422,10120,0.0,0.0
2014-03-18 00:00:00-04:00,2.8531906879339353,2.8531906879339353,2.7173245881010177,2.751291275024414,4000,0.0,0.0
2014-03-19 00:00:00-04:00,2.581458450693823,2.717324719038798,2.581458450693823,2.6833581924438477,8600,0.0,0.0
2014-03-20 00:00:00-04:00,2.649391665848898,2.6833581924438477,2.581458450693823,2.6833581924438477,7060,0.0,0.0
2014-03-21 00:00:00-04:00,2.7173247039666615,2.7173247039666615,2.6493916511535645,2.6493916511535645,7440,0.0,0.0
2014-03-24 00:00:00-04:00,2.683358562805996,2.683358562805996,2.5474922757085032,2.581458806991577,10720,0.0,0.0
2014-03-25 00:00:00-04:00,2.6493912772494395,2.6493912772494395,2.513525028832646,2.5474915504455566,24080,0.0,0.0
2014-03-26 00:00:00-04:00,2.615425338274651,2.615425338274651,2.5474922757085032,2.581458806991577,4520,0.0,0.0
2014-03-27 00:00:00-04:00,2.5474922757085032,2.6493920315229222,2.5135257444254293,2.581458806991577,5800,0.0,0.0
2014-03-28 00:00:00-04:00,2.6154253482818604,2.6154253482818604,2.6154253482818604,2.6154253482818604,100,0.0,0.0
2014-03-31 00:00:00-04:00,2.5814580720584672,2.5814580720584672,2.4795585072197355,2.5474915504455566,6220,0.0,0.0
2014-04-01 00:00:00-04:00,2.547491657667469,2.547491657667469,2.4116254035321725,2.445591926574707,8220,0.0,0.0
2014-04-02 00:00:00-04:00,2.4455918236416743,2.5474915504455566,2.4455918236416743,2.5474915504455566,17580,0.0,0.0
2014-04-03 00:00:00-04:00,2.411626198160943,2.51352596282959,2.411626198160943,2.51352596282959,760,0.0,0.0
2014-04-04 00:00:00-04:00,2.547491909968745,2.683358177560113,2.5135253835621967,2.6493916511535645,10640,0.0,0.0
2014-04-07 00:00:00-04:00,2.581458180710004,2.581458180710004,2.445591926574707,2.445591926574707,10560,0.0,0.0
2014-04-08 00:00:00-04:00,2.5135253835621967,2.6493916511535645,2.5135253835621967,2.6493916511535645,18260,0.0,0.0
2014-04-09 00:00:00-04:00,2.5814580720584672,2.615424593671378,2.5474915504455566,2.5474915504455566,800,0.0,0.0
2014-04-10 00:00:00-04:00,2.547492285455785,2.6493920416600956,2.547492285455785,2.6154253482818604,7320,0.0,0.0
2014-04-11 00:00:00-04:00,2.6154255655330263,2.6154255655330263,2.4795594285951115,2.51352596282959,2960,0.0,0.0
2014-04-14 00:00:00-04:00,2.615424593671378,2.615424593671378,2.5474915504455566,2.5474915504455566,2460,0.0,0.0
2014-04-15 00:00:00-04:00,2.513525028832646,2.5474915504455566,2.513525028832646,2.5474915504455566,5040,0.0,0.0
2014-04-16 00:00:00-04:00,2.615424593671378,2.615424593671378,2.5474915504455566,2.5474915504455566,3520,0.0,0.0
2014-04-17 00:00:00-04:00,2.5613372789169593,2.6305625438690186,2.5613372789169593,2.6305625438690186,780,0.07,0.0
2014-04-21 00:00:00-04:00,2.5959495950476867,2.5959495950476867,2.492111545227367,2.526724338531494,4540,0.0,0.0
2014-04-22 00:00:00-04:00,2.492111545227367,2.526724338531494,2.457498916969271,2.526724338531494,8500,0.0,0.0
2014-04-23 00:00:00-04:00,2.4921114444732666,2.5613368632367606,2.4921114444732666,2.4921114444732666,1780,0.0,0.0
2014-04-24 00:00:00-04:00,2.4921114444732666,2.4921114444732666,2.4921114444732666,2.4921114444732666,7140,0.0,0.0
2014-04-25 00:00:00-04:00,2.4921114444732666,2.5613368632367606,2.4921114444732666,2.4921114444732666,12300,0.0,0.0
2014-04-28 00:00:00-04:00,2.5613369667895904,2.5613369667895904,2.526724338531494,2.526724338531494,2200,0.0,0.0
2014-04-29 00:00:00-04:00,2.5613369667895904,2.5613369667895904,2.526724338531494,2.526724338531494,1440,0.0,0.0
2014-04-30 00:00:00-04:00,2.4921118266817754,2.630562520396552,2.4921118266817754,2.59594988822937,17420,0.0,0.0
2014-05-01 00:00:00-04:00,2.526724600739735,2.5613372325897217,2.526724600739735,2.5613372325897217,240,0.0,0.0
2014-05-02 00:00:00-04:00,2.5613369667895904,2.5959495950476867,2.526724338531494,2.526724338531494,800,0.0,0.0
2014-05-05 00:00:00-04:00,2.5613372325897217,2.630562496289695,2.5613372325897217,2.5613372325897217,10040,0.0,0.0
2014-05-06 00:00:00-04:00,2.5959498644397083,2.5959498644397083,2.5613372325897217,2.5613372325897217,5860,0.0,0.0
2014-05-07 00:00:00-04:00,2.5613372325897217,2.5959498644397083,2.5613372325897217,2.5613372325897217,1820,0.0,0.0
2014-05-08 00:00:00-04:00,2.595949701729061,2.665174961090088,2.595949701729061,2.665174961090088,4180,0.0,0.0
2014-05-09 00:00:00-04:00,2.665174961090088,2.665174961090088,2.6305623314095743,2.665174961090088,4040,0.0,0.0
2014-05-12 00:00:00-04:00,2.6305623314095743,2.665174961090088,2.6305623314095743,2.665174961090088,820,0.0,0.0
2014-05-13 00:00:00-04:00,2.665174961090088,2.665174961090088,2.665174961090088,2.665174961090088,80,0.0,0.0
2014-05-14 00:00:00-04:00,2.6651750832089762,2.734400510787964,2.6651750832089762,2.734400510787964,8740,0.0,0.0
2014-05-15 00:00:00-04:00,2.7344002994181267,2.769012928009033,2.6651748771902817,2.769012928009033,12060,0.0,0.0
2014-05-16 00:00:00-04:00,2.769013015177665,2.769013015177665,2.665174961090088,2.665174961090088,1920,0.0,0.0
2014-05-19 00:00:00-04:00,2.665174961090088,2.665174961090088,2.665174961090088,2.665174961090088,20,0.0,0.0
2014-05-20 00:00:00-04:00,2.769012928009033,2.769012928009033,2.769012928009033,2.769012928009033,400,0.0,0.0
2014-05-21 00:00:00-04:00,2.6651748771902817,2.769012928009033,2.6651748771902817,2.769012928009033,20920,0.0,0.0
2014-05-22 00:00:00-04:00,2.769012928009033,2.8036257216459717,2.769012928009033,2.769012928009033,19100,0.0,0.0
2014-05-23 00:00:00-04:00,2.838238000869751,2.8728507922588626,2.803625539572682,2.838238000869751,5240,0.0,0.0
2014-05-27 00:00:00-04:00,2.838238045489896,2.838238045489896,2.76901279171542,2.8036255836486816,2280,0.0,0.0
2014-05-28 00:00:00-04:00,2.8728509788277847,2.8728509788277847,2.769012928009033,2.769012928009033,3300,0.0,0.0
2014-05-29 00:00:00-04:00,2.8036258724414043,2.9074635987530937,2.8036258724414043,2.8728511333465576,1820,0.0,0.0
2014-05-30 00:00:00-04:00,2.8036258724414043,2.8728511333465576,2.769013076942787,2.8728511333465576,540,0.0,0.0
2014-06-02 00:00:00-04:00,2.76901279171542,2.8728508374231576,2.76901279171542,2.8036255836486816,6860,0.0,0.0
2014-06-03 00:00:00-04:00,2.803625539572682,2.838238000869751,2.7690127481835702,2.838238000869751,3580,0.0,0.0
2014-06-04 00:00:00-04:00,2.73440012184048,2.838238000869751,2.73440012184048,2.838238000869751,440,0.0,0.0
2014-06-05 00:00:00-04:00,2.769013076942787,2.8728511333465576,2.769013076942787,2.8728511333465576,2040,0.0,0.0
2014-06-06 00:00:00-04:00,2.76901279171542,2.838238045489896,2.76901279171542,2.8036255836486816,10180,0.0,0.0
2014-06-09 00:00:00-04:00,2.9074635987530937,2.9074635987530937,2.8728511333465576,2.8728511333465576,700,0.0,0.0
2014-06-10 00:00:00-04:00,2.8728511333465576,2.8728511333465576,2.8728511333465576,2.8728511333465576,300,0.0,0.0
2014-06-11 00:00:00-04:00,2.8382383378479403,2.9074635987530937,2.8382383378479403,2.8728511333465576,2640,0.0,0.0
2014-06-12 00:00:00-04:00,2.838238616447972,2.9420766830444336,2.838238616447972,2.9420766830444336,3360,0.0,0.0
2014-06-13 00:00:00-04:00,2.8728515568952817,2.9420768280064187,2.8728515568952817,2.907464027404785,1260,0.0,0.0
2014-06-16 00:00:00-04:00,2.8728515568952817,2.9420768280064187,2.838238756293648,2.907464027404785,3360,0.0,0.0
2014-06-17 00:00:00-04:00,2.8728514153441638,2.9420766830444336,2.8728514153441638,2.9420766830444336,2420,0.0,0.0
2014-06-18 00:00:00-04:00,2.8728514153441638,2.9420766830444336,2.8728514153441638,2.9420766830444336,1920,0.0,0.0
2014-06-19 00:00:00-04:00,2.976689481940625,2.976689481940625,2.9074638841482416,2.9420766830444336,16560,0.0,0.0
2014-06-20 00:00:00-04:00,2.9420762597462504,3.0113015174865723,2.9420762597462504,3.0113015174865723,14060,0.0,0.0
2014-06-23 00:00:00-04:00,3.0459144616686444,3.1151397228240967,3.0113016660448766,3.1151397228240967,8900,0.0,0.0
2014-06-24 00:00:00-04:00,3.115139623283627,3.115139623283627,3.045914364340183,3.080526828765869,2640,0.0,0.0
2014-06-25 00:00:00-04:00,3.080526090757024,3.149751663208008,3.045913634623525,3.149751663208008,3780,0.0,0.0
2014-06-26 00:00:00-04:00,3.149751461448694,3.253589153289795,3.080525893431998,3.253589153289795,7020,0.0,0.0
2014-06-27 00:00:00-04:00,3.184365366795375,3.253590636272903,3.04591482784032,3.2189781665802,10900,0.0,0.0
2014-06-30 00:00:00-04:00,3.2189781665802,3.2189781665802,3.0805272975330222,3.2189781665802,2180,0.0,0.0
2014-07-01 00:00:00-04:00,3.218977830271988,3.218977830271988,3.1843650341033936,3.1843650341033936,3960,0.0,0.0
2014-07-02 00:00:00-04:00,3.253589153289795,3.3574271752228673,3.2189766993734183,3.253589153289795,5720,0.0,0.0
2014-07-03 00:00:00-04:00,3.149751461448694,3.253589153289795,3.149751461448694,3.253589153289795,580,0.0,0.0
2014-07-07 00:00:00-04:00,3.2189777407034423,3.288203001022339,3.2189777407034423,3.288203001022339,7280,0.0,0.0
2014-07-08 00:00:00-04:00,3.288203001022339,3.288203001022339,3.253590205816851,3.288203001022339,980,0.0,0.0
2014-07-09 00:00:00-04:00,3.2882030509320104,3.392041108032491,3.2882030509320104,3.3574283123016357,960,0.0,0.0
2014-07-10 00:00:00-04:00,3.426653001083044,3.634329080581665,3.426653001083044,3.634329080581665,21960,0.0,0.0
2014-07-11 00:00:00-04:00,3.7727799708316256,3.7727799708316256,3.5304914063905963,3.5997166633605957,23260,0.0,0.0
2014-07-14 00:00:00-04:00,3.565103761320879,3.9458427928610753,3.565103761320879,3.7381670475006104,32800,0.0,0.0
2014-07-15 00:00:00-04:00,3.668942250422658,3.7381675073926575,3.5304914063905963,3.5997166633605957,5500,0.0,0.0
2014-07-16 00:00:00-04:00,3.6488356590270996,3.6488356590270996,3.613750900238064,3.6488356590270996,2160,0.07,0.0
2014-07-17 00:00:00-04:00,3.6488356590270996,3.6488356590270996,3.6488356590270996,3.6488356590270996,1600,0.0,0.0
2014-07-18 00:00:00-04:00,3.578665840881926,3.61375093460083,3.578665840881926,3.61375093460083,10600,0.0,0.0
2014-07-21 00:00:00-04:00,3.6839207524123836,3.789175697971987,3.6488356590270996,3.6488356590270996,1340,0.0,0.0
2014-07-22 00:00:00-04:00,3.6839206218719482,3.6839206218719482,3.6839206218719482,3.6839206218719482,220,0.0,0.0
2014-07-23 00:00:00-04:00,3.5786647796630855,3.5786647796630855,3.5786647796630855,3.578664779663086,140,0.0,0.0
2014-07-24 00:00:00-04:00,3.6137507721841104,3.6839206218719482,3.6137507721841104,3.6839206218719482,3000,0.0,0.0
2014-07-25 00:00:00-04:00,3.61375093460083,3.61375093460083,3.61375093460083,3.61375093460083,60,0.0,0.0
2014-07-28 00:00:00-04:00,3.6839196950112076,3.6839196950112076,3.5786647796630855,3.578664779663086,1440,0.0,0.0
2014-07-29 00:00:00-04:00,3.5435810817592728,3.61375093460083,3.5435810817592728,3.61375093460083,520,0.0,0.0
2014-07-30 00:00:00-04:00,3.6137498629778437,3.64883461169645,3.5786647796630855,3.578664779663086,4400,0.0,0.0
2014-07-31 00:00:00-04:00,3.54358003094448,3.5786647796630855,3.54358003094448,3.578664779663086,160,0.0,0.0
2014-08-01 00:00:00-04:00,3.578665767312521,3.613750860310154,3.543581008911133,3.543581008911133,8500,0.0,0.0
2014-08-04 00:00:00-04:00,3.543580922496273,3.6839206218719482,3.543580922496273,3.6839206218719482,1000,0.0,0.0
2014-08-05 00:00:00-04:00,3.6839207874423874,3.6839207874423874,3.5435810817592728,3.61375093460083,3160,0.0,0.0
2014-08-06 00:00:00-04:00,3.6839207524123836,3.6839207524123836,3.6488356590270996,3.6488356590270996,720,0.0,0.0
2014-08-07 00:00:00-04:00,3.6137507721841104,3.6839206218719482,3.6137507721841104,3.6839206218719482,4920,0.0,0.0
2014-08-08 00:00:00-04:00,3.6488356590270996,3.6488356590270996,3.57866580685278,3.6488356590270996,920,0.0,0.0
2014-08-11 00:00:00-04:00,3.57866580685278,3.7190058457976676,3.57866580685278,3.6488356590270996,880,0.0,0.0
2014-08-12 00:00:00-04:00,3.6137498629778437,3.6137498629778437,3.1576454528667495,3.578664779663086,6760,0.0,0.0
2014-08-13 00:00:00-04:00,3.5786656800420737,3.6839206218719482,3.5786656800420737,3.6839206218719482,1860,0.0,0.0
2014-08-14 00:00:00-04:00,3.648835693723483,3.648835693723483,3.61375093460083,3.61375093460083,3720,0.0,0.0
2014-08-15 00:00:00-04:00,3.6137507721841104,3.6839206218719482,3.543580922496273,3.6839206218719482,5500,0.0,0.0
2014-08-18 00:00:00-04:00,3.578665767312521,3.683920711709175,3.543581008911133,3.543581008911133,3860,0.0,0.0
2014-08-19 00:00:00-04:00,3.578665767312521,3.578665767312521,3.543581008911133,3.543581008911133,2360,0.0,0.0
2014-08-20 00:00:00-04:00,3.543581127691619,3.613750981442727,3.2278162839172517,3.333071231842041,3640,0.0,0.0
2014-08-21 00:00:00-04:00,3.4032409528963146,3.4032409528963146,3.2629012508661286,3.3681561946868896,4440,0.0,0.0
2014-08-22 00:00:00-04:00,3.3330714019022416,3.3330714019022416,3.227816448607127,3.262901544570923,4540,0.0,0.0
2014-08-25 00:00:00-04:00,3.087476405170534,3.297985954748107,3.087476405170534,3.227816104888916,8040,0.0,0.0
2014-08-26 00:00:00-04:00,3.1927315243398255,3.333071231842041,3.1927315243398255,3.333071231842041,2480,0.0,0.0
2014-08-27 00:00:00-04:00,3.2278154790684646,3.3330704007481673,3.2278154790684646,3.297985315322876,3200,0.0,0.0
2014-08-28 00:00:00-04:00,3.2629005644937563,3.297985315322876,3.2629005644937563,3.297985315322876,3860,0.0,0.0
2014-08-29 00:00:00-04:00,3.2979861376683592,3.333071231842041,3.262901378090933,3.333071231842041,5560,0.0,0.0
2014-09-02 00:00:00-04:00,3.333071046975821,3.333071046975821,3.227816104888916,3.227816104888916,2940,0.0,0.0
2014-09-03 00:00:00-04:00,3.2979861376683592,3.3681563260157223,3.2979861376683592,3.333071231842041,1220,0.0,0.0
2014-09-04 00:00:00-04:00,3.4032409528963146,3.4032409528963146,3.368156194686889,3.3681561946868896,1340,0.0,0.0
2014-09-05 00:00:00-04:00,3.3330704007481673,3.368155486173459,3.297985315322876,3.297985315322876,7700,0.0,0.0
2014-09-08 00:00:00-04:00,3.333071231842041,3.333071231842041,3.2979861376683592,3.333071231842041,4260,0.0,0.0
2014-09-09 00:00:00-04:00,3.438326045701982,3.438326045701982,3.368156194686889,3.3681561946868896,1300,0.0,0.0
2014-09-10 00:00:00-04:00,3.3681568408919604,3.754091262817383,3.3681568408919604,3.754091262817383,2580,0.0,0.0
2014-09-11 00:00:00-04:00,3.6488350102044937,3.6488350102044937,3.508495330810547,3.508495330810547,2680,0.0,0.0
2014-09-12 00:00:00-04:00,3.5084959380215706,3.5084959380215706,3.4734108448028564,3.4734108448028564,2840,0.0,0.0
2014-09-15 00:00:00-04:00,3.4734108448028564,3.4734108448028564,3.4734108448028564,3.4734108448028564,4120,0.0,0.0
2014-09-16 00:00:00-04:00,3.508495330810547,3.543580417957128,3.508495330810547,3.508495330810547,1920,0.0,0.0
2014-09-17 00:00:00-04:00,3.508495330810547,3.508495330810547,3.508495330810547,3.508495330810547,880,0.0,0.0
2014-09-18 00:00:00-04:00,3.508495330810547,3.508495330810547,3.508495330810547,3.508495330810547,1220,0.0,0.0
2014-09-19 00:00:00-04:00,3.3681560342846253,3.50849572963139,3.3330709431498207,3.438325881958008,860,0.0,0.0
2014-09-22 00:00:00-04:00,3.508496033517938,3.508496033517938,3.333071231842041,3.333071231842041,11140,0.0,0.0
2014-09-23 00:00:00-04:00,3.43832617976683,3.43832617976683,3.333071231842041,3.333071231842041,5880,0.0,0.0
2014-09-24 00:00:00-04:00,3.3330711018812216,3.438326045701982,3.3330711018812216,3.3681561946868896,1080,0.0,0.0
2014-09-25 00:00:00-04:00,3.368156194686889,3.368156194686889,3.368156194686889,3.3681561946868896,560,0.0,0.0
2014-09-26 00:00:00-04:00,3.333071231842041,3.3681563260157223,3.333071231842041,3.333071231842041,3660,0.0,0.0
2014-09-29 00:00:00-04:00,3.2629005644937563,3.297985315322876,3.2629005644937563,3.297985315322876,3220,0.0,0.0
2014-09-30 00:00:00-04:00,3.297985315322876,3.297985315322876,3.2629005644937563,3.297985315322876,1440,0.0,0.0
2014-10-01 00:00:00-04:00,3.297986305938446,3.3330714019022416,3.262901544570923,3.262901544570923,6140,0.0,0.0
2014-10-02 00:00:00-04:00,3.262901544570923,3.262901544570923,3.157646591275808,3.262901544570923,2240,0.0,0.0
2014-10-03 00:00:00-04:00,3.157646417617798,3.157646417617798,3.157646417617798,3.157646417617798,1240,0.0,0.0
2014-10-06 00:00:00-04:00,3.192731511652053,3.2278162710900538,3.157646417617798,3.157646417617798,1820,0.0,0.0
2014-10-07 00:00:00-04:00,3.2979861245623097,3.2979861245623097,3.157646417617798,3.157646417617798,1340,0.0,0.0
2014-10-08 00:00:00-04:00,3.157646255029725,3.227816104888916,3.157646255029725,3.227816104888916,2800,0.0,0.0
2014-10-09 00:00:00-04:00,3.157646417617798,3.192731511652053,3.157646417617798,3.157646417617798,4140,0.0,0.0
2014-10-10 00:00:00-04:00,3.0523914701112873,3.157646417617798,3.0523914701112873,3.157646417617798,1600,0.0,0.0
2014-10-13 00:00:00-04:00,3.157646417617798,3.157646417617798,3.157646417617798,3.157646417617798,1180,0.0,0.0
2014-10-14 00:00:00-04:00,2.9822215295196024,2.9822215295196024,2.5261169933797083,2.5962870121002197,17920,0.0,0.0
2014-10-15 00:00:00-04:00,2.8212748931408065,2.8212748931408065,2.535576105117798,2.535576105117798,26540,0.065,0.0
2014-10-16 00:00:00-04:00,2.39272677217582,2.6784255674907143,2.321302158491952,2.499863862991333,16640,0.0,0.0
2014-10-17 00:00:00-04:00,2.5355760472682674,2.6070008277893066,2.5355760472682674,2.6070008277893066,840,0.0,0.0
2014-10-20 00:00:00-04:00,2.85698693497541,2.85698693497541,2.714137554168701,2.714137554168701,1920,0.0,0.0
2014-10-21 00:00:00-04:00,2.78556227684021,2.78556227684021,2.78556227684021,2.78556227684021,400,0.0,0.0
2014-10-22 00:00:00-04:00,2.7141379038241795,2.821274995803833,2.7141379038241795,2.821274995803833,1400,0.0,0.0
2014-10-23 00:00:00-04:00,2.8926993602281263,2.9641239643096924,2.8926993602281263,2.9641239643096924,300,0.0,0.0
2014-10-24 00:00:00-04:00,2.928411917493773,2.928411917493773,2.821274995803833,2.821274995803833,420,0.0,0.0
2014-10-27 00:00:00-04:00,2.928411371925213,2.928411371925213,2.8926992416381836,2.8926992416381836,1220,0.0,0.0
2014-10-28 00:00:00-04:00,2.8927001533313894,3.0712618827819824,2.8927001533313894,3.0712618827819824,460,0.0,0.0
2014-10-29 00:00:00-04:00,3.1069731724728245,3.1069731724728245,2.928411491979221,2.9641239643096924,2260,0.0,0.0
2014-10-30 00:00:00-04:00,2.8569872538248697,2.8569872538248697,2.6784255504608154,2.6784255504608154,5340,0.0,0.0
2014-10-31 00:00:00-04:00,2.6784254380206423,2.7141377431363103,2.4998637421525993,2.6070008277893066,3480,0.0,0.0
2014-11-03 00:00:00-05:00,2.571288684747571,2.607001164769122,2.3570146560668945,2.3570146560668945,7180,0.0,0.0
2014-11-04 00:00:00-05:00,2.3213020691554442,2.3213020691554442,1.9641786739007605,2.0356032848358154,10240,0.0,0.0
2014-11-05 00:00:00-05:00,2.1427409648895264,2.1427409648895264,2.1427409648895264,2.1427409648895264,60,0.0,0.0
2014-11-06 00:00:00-05:00,2.1427409648895264,2.2855903966067785,2.1427409648895264,2.1427409648895264,6100,0.0,0.0
2014-11-07 00:00:00-05:00,2.1427409648895264,2.1427409648895264,2.1427409648895264,2.1427409648895264,6020,0.0,0.0
2014-11-10 00:00:00-05:00,2.1427401309702514,2.285589507092872,2.1427401309702514,2.2141647338867188,2060,0.0,0.0
2014-11-11 00:00:00-05:00,2.1427409648895264,2.1427409648895264,1.8927545871016491,2.1427409648895264,21860,0.0,0.0
2014-11-12 00:00:00-05:00,2.1427399548192874,2.178452253341675,2.1070276562969004,2.178452253341675,1520,0.0,0.0
2014-11-13 00:00:00-05:00,2.1784527608345052,2.499863862991333,2.1070281471506376,2.499863862991333,1520,0.0,0.0
2014-11-14 00:00:00-05:00,2.4284391500514895,2.4284391500514895,2.2141649771783487,2.249877452850342,1660,0.0,0.0
2014-11-17 00:00:00-05:00,2.214164551864062,2.214164551864062,2.178452253341675,2.178452253341675,460,0.0,0.0
2014-11-18 00:00:00-05:00,2.24987738620959,2.464151382446289,2.24987738620959,2.464151382446289,5060,0.0,0.0
2014-11-19 00:00:00-05:00,2.499863505367293,2.499863505367293,2.2855895246794624,2.428438901901245,1720,0.0,0.0
2014-11-20 00:00:00-05:00,2.3927268577529976,2.3927268577529976,2.2855899333953857,2.2855899333953857,740,0.0,0.0
2014-11-21 00:00:00-05:00,2.499863862991333,2.499863862991333,2.499863862991333,2.499863862991333,20,0.0,0.0
2014-11-24 00:00:00-05:00,2.3570146560668945,2.3570146560668945,2.3570146560668945,2.3570146560668945,520,0.0,0.0
2014-11-25 00:00:00-05:00,2.2855898684179183,2.3213021755218506,2.249877561313986,2.3213021755218506,3460,0.0,0.0
2014-11-26 00:00:00-05:00,2.2855899333953857,2.3570145496337935,2.2855899333953857,2.2855899333953857,1600,0.0,0.0
2014-11-28 00:00:00-05:00,2.2855899333953857,2.2855899333953857,2.2855899333953857,2.2855899333953857,100,0.0,0.0
2014-12-01 00:00:00-05:00,2.2855899333953857,2.2855899333953857,2.2855899333953857,2.2855899333953857,220,0.0,0.0
2014-12-02 00:00:00-05:00,2.2855899333953857,2.2855899333953857,2.2855899333953857,2.2855899333953857,0,0.0,0.0
2014-12-03 00:00:00-05:00,2.3570141100093394,2.3570141100093394,2.2141647338867188,2.2141647338867188,1060,0.0,0.0
2014-12-04 00:00:00-05:00,2.21416514686726,2.2855899333953857,2.21416514686726,2.2855899333953857,960,0.0,0.0
2014-12-05 00:00:00-05:00,2.2498776252761816,2.3213022415145894,2.21416514686726,2.2855899333953857,1220,0.0,0.0
2014-12-08 00:00:00-05:00,2.2855899333953857,2.2855899333953857,2.2855899333953857,2.2855899333953857,580,0.0,0.0
2014-12-09 00:00:00-05:00,2.285589319198508,2.285589319198508,2.178452253341675,2.178452253341675,2120,0.0,0.0
2014-12-10 00:00:00-05:00,2.178452253341675,2.178452253341675,2.178452253341675,2.178452253341675,1040,0.0,0.0
2014-12-11 00:00:00-05:00,2.1427400562208048,2.1784523564332154,1.9998906850814817,1.999890685081482,1240,0.0,0.0
2014-12-12 00:00:00-05:00,1.9998906850814817,2.107027756008394,1.9284660846566604,1.999890685081482,2600,0.0,0.0
2014-12-15 00:00:00-05:00,1.8927540154665246,1.9284663200378418,1.8213292360341893,1.9284663200378418,1820,0.0,0.0
2014-12-16 00:00:00-05:00,1.7856165808437678,1.9641782389281448,1.7856165808437678,1.82132887840271,1840,0.0,0.0
2014-12-17 00:00:00-05:00,1.9998907432459827,1.9998907432459827,1.8927538394927979,1.8927538394927979,1920,0.0,0.0
2014-12-18 00:00:00-05:00,2.0713154557959834,2.0713154557959834,1.9998906850814817,1.999890685081482,420,0.0,0.0
2014-12-19 00:00:00-05:00,1.9284660246446492,2.178452288641872,1.9284660246446492,1.9641783237457275,1140,0.0,0.0
2014-12-22 00:00:00-05:00,2.071315937409814,2.24987765027998,2.071315937409814,2.1070282459259033,780,0.0,0.0
2014-12-23 00:00:00-05:00,2.1070282459259033,2.1070282459259033,2.071315937409814,2.1070282459259033,2720,0.0,0.0
2014-12-24 00:00:00-05:00,2.1070282459259033,2.1070282459259033,2.1070282459259033,2.1070282459259033,200,0.0,0.0
2014-12-26 00:00:00-05:00,2.071315937409814,2.1070282459259033,2.071315937409814,2.1070282459259033,2820,0.0,0.0
2014-12-29 00:00:00-05:00,2.2498780812499035,2.2498780812499035,2.1070286495326513,2.1427409648895264,380,0.0,0.0
2014-12-30 00:00:00-05:00,2.1070282459259033,2.1427405544419926,2.1070282459259033,2.1070282459259033,1700,0.0,0.0
2014-12-31 00:00:00-05:00,2.1070276562969004,2.178452253341675,2.1070276562969004,2.178452253341675,900,0.0,0.0
2015-01-02 00:00:00-05:00,2.178452432428485,2.2498772056346383,2.1427401309702514,2.2141647338867188,1600,0.0,0.0
2015-01-05 00:00:00-05:00,2.178452432428485,2.2498772056346383,2.071315528053784,2.2141647338867188,1060,0.0,0.0
2015-01-06 00:00:00-05:00,2.0356034359815225,2.2855899333953857,2.0356034359815225,2.2855899333953857,4280,0.0,0.0
2015-01-07 00:00:00-05:00,2.1070280610314827,2.249877452850342,2.035603279977201,2.249877452850342,2440,0.0,0.0
2015-01-08 00:00:00-05:00,2.249877452850342,2.249877452850342,2.2141649771783487,2.249877452850342,980,0.0,0.0
2015-01-09 00:00:00-05:00,2.2855898684179183,2.3213021755218506,2.2855898684179183,2.3213021755218506,2120,0.0,0.0
2015-01-12 00:00:00-05:00,2.499863686770789,2.499863686770789,2.4284390781217895,2.464151382446289,280,0.0,0.0
2015-01-13 00:00:00-05:00,2.4284392671233594,2.4284392671233594,2.3213021755218506,2.3213021755218506,740,0.0,0.0
2015-01-14 00:00:00-05:00,2.3322350970484944,2.368676235143851,2.1135880947113037,2.1135880947113037,500,0.065,0.0
2015-01-15 00:00:00-05:00,2.2710981369018555,2.417620636788386,2.2710981369018555,2.2710981369018555,500,0.015,0.0
2015-01-16 00:00:00-05:00,2.3809905468476984,2.41762113571167,2.3809905468476984,2.41762113571167,600,0.0,0.0
2015-01-20 00:00:00-05:00,2.4176217874589208,2.4176217874589208,2.3077299912421583,2.344360589981079,9920,0.0,0.0
2015-01-21 00:00:00-05:00,2.3443594741793157,2.3443594741793157,2.2710981369018555,2.2710981369018555,1920,0.0,0.0
2015-01-22 00:00:00-05:00,2.2710992178347644,2.344360589981079,2.2710992178347644,2.344360589981079,1160,0.0,0.0
2015-01-23 00:00:00-05:00,2.307729721069336,2.344360315519803,2.307729721069336,2.307729721069336,6120,0.0,0.0
2015-01-26 00:00:00-05:00,2.307729540597203,2.3443601321830365,2.1978375911712646,2.1978375911712646,3360,0.0,0.0
2015-01-27 00:00:00-05:00,2.344360589981079,2.344360589981079,2.344360589981079,2.344360589981079,340,0.0,0.0
2015-01-28 00:00:00-05:00,2.3443601321830365,2.3443601321830365,2.1978375911712646,2.1978375911712646,2500,0.0,0.0
2015-01-29 00:00:00-05:00,2.1978375911712646,2.1978375911712646,2.1978375911712646,2.1978375911712646,200,0.0,0.0
2015-01-30 00:00:00-05:00,2.2344682216644287,2.2344682216644287,2.2344682216644287,2.2344682216644287,40,0.0,0.0
2015-02-02 00:00:00-05:00,2.087945565272302,2.2710986911617472,2.087945565272302,2.1245763301849365,4820,0.0,0.0
2015-02-03 00:00:00-05:00,2.1612071990966797,2.1612071990966797,2.1612071990966797,2.1612071990966797,120,0.0,0.0
2015-02-04 00:00:00-05:00,2.051315107089336,2.197837652167526,2.051315107089336,2.0879456996917725,1000,0.0,0.0
2015-02-05 00:00:00-05:00,2.124575811683715,2.2710981369018555,2.124575811683715,2.2710981369018555,480,0.0,0.0
2015-02-06 00:00:00-05:00,2.2710981369018555,2.2710981369018555,2.1978369742927852,2.2710981369018555,2520,0.0,0.0
2015-02-09 00:00:00-05:00,2.2344682216644287,2.2344682216644287,2.197837629440771,2.2344682216644287,1560,0.0,0.0
2015-02-10 00:00:00-05:00,2.234468182757098,2.234468182757098,2.1978375911712646,2.1978375911712646,1400,0.0,0.0
2015-02-11 00:00:00-05:00,2.124576466962653,2.197837652167526,2.0146845144868992,2.0879456996917725,6180,0.0,0.0
2015-02-12 00:00:00-05:00,2.1612071990966797,2.1612071990966797,2.1612071990966797,2.1612071990966797,240,0.0,0.0
2015-02-13 00:00:00-05:00,2.1612069995854313,2.1978375911712646,2.1612069995854313,2.1978375911712646,780,0.0,0.0
2015-02-17 00:00:00-05:00,2.197837652167526,2.197837652167526,2.0879456996917725,2.0879456996917725,2380,0.0,0.0
2015-02-18 00:00:00-05:00,2.087945565272302,2.1978375106733417,2.0513149750280992,2.1245763301849365,3100,0.0,0.0
2015-02-19 00:00:00-05:00,2.1612071990966797,2.1612071990966797,2.051315239526095,2.1612071990966797,400,0.0,0.0
2015-02-20 00:00:00-05:00,2.161207522026523,2.161207522026523,2.014684945595008,2.0513155460357666,1840,0.0,0.0
2015-02-23 00:00:00-05:00,2.0513150501594923,2.1978375911712646,2.0513150501594923,2.1978375911712646,3760,0.0,0.0
2015-02-24 00:00:00-05:00,2.0513150501594923,2.1978375911712646,2.0513150501594923,2.1978375911712646,3580,0.0,0.0
2015-02-25 00:00:00-05:00,2.2344681009175447,2.2344681009175447,2.1245763301849365,2.1245763301849365,1820,0.0,0.0
2015-02-26 00:00:00-05:00,2.1612070595650894,2.1612070595650894,2.0879456996917725,2.0879456996917725,300,0.0,0.0
2015-02-27 00:00:00-05:00,2.0879456417453257,2.1978375911712646,2.0879456417453257,2.1978375911712646,1320,0.0,0.0
2015-03-02 00:00:00-05:00,2.197837652167526,2.197837652167526,2.0879456996917725,2.0879456996917725,100,0.0,0.0
2015-03-03 00:00:00-05:00,2.1978375911712646,2.1978375911712646,2.1978375911712646,2.1978375911712646,40,0.0,0.0
2015-03-04 00:00:00-05:00,2.2344682216644287,2.2344682216644287,2.2344682216644287,2.2344682216644287,40,0.0,0.0
2015-03-05 00:00:00-05:00,2.1978377940640565,2.1978377940640565,2.1612071990966797,2.1612071990966797,4120,0.0,0.0
2015-03-06 00:00:00-05:00,2.1978375911712646,2.1978375911712646,2.1978375911712646,2.1978375911712646,3340,0.0,0.0
2015-03-09 00:00:00-04:00,2.1612071990966797,2.1612071990966797,2.0879458344934716,2.1612071990966797,4720,0.0,0.0
2015-03-10 00:00:00-04:00,2.051315107089336,2.0879456996917725,2.051315107089336,2.0879456996917725,3500,0.0,0.0
2015-03-11 00:00:00-04:00,2.0879456996917725,2.0879456996917725,2.0879456996917725,2.0879456996917725,0,0.0,0.0
2015-03-12 00:00:00-04:00,2.087946146476525,2.1245769215857644,2.0513155460357666,2.0513155460357666,1940,0.0,0.0
2015-03-13 00:00:00-04:00,2.014684945595008,2.161207522026523,2.014684945595008,2.0513155460357666,820,0.0,0.0
2015-03-16 00:00:00-04:00,2.1612071990966797,2.1612071990966797,2.1612071990966797,2.1612071990966797,220,0.0,0.0
2015-03-17 00:00:00-04:00,2.0879456211546312,2.0879456211546312,2.0146844387054443,2.0146844387054443,540,0.0,0.0
2015-03-18 00:00:00-04:00,2.0879456781013555,2.2344682216644287,2.0879456781013555,2.2344682216644287,5020,0.0,0.0
2015-03-19 00:00:00-04:00,2.1978375106733417,2.1978375106733417,2.087945565272302,2.1245763301849365,1300,0.0,0.0
2015-03-20 00:00:00-04:00,2.1978375911712646,2.1978375911712646,2.1978375911712646,2.1978375911712646,620,0.0,0.0
2015-03-23 00:00:00-04:00,2.0879456996917725,2.0879456996917725,2.0879456996917725,2.0879456996917725,40,0.0,0.0
2015-03-24 00:00:00-04:00,2.0879456996917725,2.197837652167526,2.0879456996917725,2.0879456996917725,1760,0.0,0.0
2015-03-25 00:00:00-04:00,2.087945565272302,2.1245763301849365,2.087945565272302,2.1245763301849365,2340,0.0,0.0
2015-03-26 00:00:00-04:00,2.1245763301849365,2.1245763301849365,2.1245763301849365,2.1245763301849365,1360,0.0,0.0
2015-03-27 00:00:00-04:00,2.0879456996917725,2.0879456996917725,2.0146845144868992,2.0879456996917725,7940,0.0,0.0
2015-03-30 00:00:00-04:00,2.051315107089336,2.0879456996917725,2.0146845144868992,2.0879456996917725,1380,0.0,0.0
2015-03-31 00:00:00-04:00,2.0879456996917725,2.0879456996917725,2.0879456996917725,2.0879456996917725,0,0.0,0.0
2015-04-01 00:00:00-04:00,2.087946146476525,2.087946146476525,2.0513155460357666,2.0513155460357666,1700,0.0,0.0
2015-04-02 00:00:00-04:00,2.051315107089336,2.0879456996917725,2.051315107089336,2.0879456996917725,620,0.0,0.0
2015-04-06 00:00:00-04:00,2.124576466962653,2.124576466962653,2.0879456996917725,2.0879456996917725,860,0.0,0.0
2015-04-07 00:00:00-04:00,2.0513155460357666,2.161207522026523,2.0513155460357666,2.0513155460357666,3320,0.0,0.0
2015-04-08 00:00:00-04:00,2.0879456996917725,2.124576466962653,2.0879456996917725,2.0879456996917725,1780,0.0,0.0
2015-04-09 00:00:00-04:00,2.1245763301849365,2.1245763301849365,2.1245763301849365,2.1245763301849365,1140,0.0,0.0
2015-04-10 00:00:00-04:00,2.1612071990966797,2.1612071990966797,2.0879458344934716,2.1612071990966797,400,0.0,0.0
2015-04-13 00:00:00-04:00,2.1612071990966797,2.1612071990966797,2.1612071990966797,2.1612071990966797,0,0.0,0.0
2015-04-14 00:00:00-04:00,2.197837629440771,2.2344682216644287,2.197837629440771,2.2344682216644287,740,0.0,0.0
2015-04-15 00:00:00-04:00,2.3166730088570375,2.3166730088570375,2.2419416904449463,2.2419416904449463,700,0.06,0.0
2015-04-16 00:00:00-04:00,2.25320730726112,2.40342116355896,2.25320730726112,2.40342116355896,620,0.015,0.0
2015-04-17 00:00:00-04:00,2.2907609939575195,2.2907609939575195,2.2907609939575195,2.2907609939575195,1040,0.0,0.0
2015-04-20 00:00:00-04:00,2.3283140659332275,2.3283140659332275,2.290760647915367,2.3283140659332275,320,0.0,0.0
2015-04-21 00:00:00-04:00,2.2156541465761643,2.2907609939575195,2.2156541465761643,2.2907609939575195,740,0.0,0.0
2015-04-22 00:00:00-04:00,2.2156538118796454,2.3283140659332275,2.2156538118796454,2.3283140659332275,2800,0.0,0.0
2015-04-23 00:00:00-04:00,2.4409745828662133,2.4409745828662133,2.40342116355896,2.40342116355896,1820,0.0,0.0
2015-04-24 00:00:00-04:00,2.4034215164036987,2.4409749412241455,2.365868091583252,2.365868091583252,2760,0.0,0.0
2015-04-27 00:00:00-04:00,2.4034218771089293,2.4785287380218506,2.2907614066706667,2.4785287380218506,13560,0.0,0.0
2015-04-28 00:00:00-04:00,2.328314145875626,2.40342116355896,2.328314145875626,2.40342116355896,4300,0.0,0.0
2015-04-29 00:00:00-04:00,2.4034215164036987,2.4785283660445923,2.365868091583252,2.365868091583252,5240,0.0,0.0
2015-04-30 00:00:00-04:00,2.365868091583252,2.365868091583252,2.365868091583252,2.365868091583252,180,0.0,0.0
2015-05-01 00:00:00-04:00,2.3283144876939508,2.365868091583252,2.3283144876939508,2.365868091583252,580,0.0,0.0
2015-05-04 00:00:00-04:00,2.3658676630199102,2.403421081037771,2.3283140659332275,2.3283140659332275,2920,0.0,0.0
2015-05-05 00:00:00-04:00,2.3658676630199102,2.3658676630199102,2.3283140659332275,2.3283140659332275,2080,0.0,0.0
2015-05-06 00:00:00-04:00,2.3658676630199102,2.3658676630199102,2.3283140659332275,2.3283140659332275,80,0.0,0.0
2015-05-07 00:00:00-04:00,2.3283140659332275,2.3283140659332275,2.3283140659332275,2.3283140659332275,1200,0.0,0.0
2015-05-08 00:00:00-04:00,2.4034215164036987,2.4034215164036987,2.3283144876939508,2.365868091583252,2180,0.0,0.0
2015-05-11 00:00:00-04:00,2.4409749412241455,2.4409749412241455,2.3283144876939508,2.365868091583252,5480,0.0,0.0
2015-05-12 00:00:00-04:00,2.365867744251707,2.40342116355896,2.365867744251707,2.40342116355896,4300,0.0,0.0
2015-05-13 00:00:00-04:00,2.4785287380218506,2.4785287380218506,2.4785287380218506,2.4785287380218506,380,0.0,0.0
2015-05-14 00:00:00-04:00,2.4785287380218506,2.4785287380218506,2.4785287380218506,2.4785287380218506,1160,0.0,0.0
2015-05-15 00:00:00-04:00,2.4034218771089293,2.553635778003653,2.4034218771089293,2.4785287380218506,10400,0.0,0.0
2015-05-18 00:00:00-04:00,2.40342116355896,2.40342116355896,2.40342116355896,2.40342116355896,1820,0.0,0.0
2015-05-19 00:00:00-04:00,2.516081755449713,2.6287422073941453,2.516081755449713,2.553635358810425,7740,0.0,0.0
2015-05-20 00:00:00-04:00,2.5536352465635392,2.591188669204712,2.5536352465635392,2.591188669204712,2080,0.0,0.0
2015-05-21 00:00:00-04:00,2.6287426948547363,2.6287426948547363,2.59118926359916,2.6287426948547363,3480,0.0,0.0
2015-05-22 00:00:00-04:00,2.628742519214443,2.778956413269043,2.628742519214443,2.778956413269043,4280,0.0,0.0
2015-05-26 00:00:00-04:00,2.7789562915578645,2.7789562915578645,2.7414028644561768,2.7414028644561768,4300,0.0,0.0
2015-05-27 00:00:00-04:00,2.741402528154575,2.854062795639038,2.703848926590911,2.854062795639038,2960,0.0,0.0
2015-05-28 00:00:00-04:00,2.8165098420154746,2.8540632707619062,2.778956413269043,2.778956413269043,2700,0.0,0.0
2015-05-29 00:00:00-04:00,2.741402528154575,2.854062795639038,2.741402528154575,2.854062795639038,1020,0.0,0.0
2015-06-01 00:00:00-04:00,2.891616761481771,3.00427722920449,2.891616761481771,2.9291703701019287,6040,0.0,0.0
2015-06-02 00:00:00-04:00,3.0418307781219482,3.11693763575037,3.0042771702388635,3.0418307781219482,13980,0.0,0.0
2015-06-03 00:00:00-04:00,3.0793840883070516,3.0793840883070516,2.85406333193049,2.9291703701019287,3740,0.0,0.0
2015-06-04 00:00:00-04:00,2.891616106033325,2.891616106033325,2.891616106033325,2.891616106033325,4140,0.0,0.0
2015-06-05 00:00:00-04:00,2.85406333193049,2.9291703701019287,2.85406333193049,2.9291703701019287,1200,0.0,0.0
2015-06-08 00:00:00-04:00,2.9291703701019287,2.9291703701019287,2.9291703701019287,2.9291703701019287,1000,0.0,0.0
2015-06-09 00:00:00-04:00,2.966723127180104,2.966723127180104,2.891616106033325,2.891616106033325,1880,0.0,0.0
2015-06-10 00:00:00-04:00,3.0418298959870724,3.079383134841919,3.004276298994583,3.079383134841919,2060,0.0,0.0
2015-06-11 00:00:00-04:00,3.0418307781219482,3.0418307781219482,3.0418307781219482,3.0418307781219482,340,0.0,0.0
2015-06-12 00:00:00-04:00,3.041830113734079,3.041830113734079,3.0042765140533447,3.0042765140533447,1720,0.0,0.0
2015-06-15 00:00:00-04:00,3.0042765140533447,3.0042765140533447,3.0042765140533447,3.0042765140533447,3540,0.0,0.0
2015-06-16 00:00:00-04:00,3.0042765140533447,3.0042765140533447,3.0042765140533447,3.0042765140533447,120,0.0,0.0
2015-06-17 00:00:00-04:00,2.816509263955383,3.004276548219075,2.816509263955383,2.891616106033325,1840,0.0,0.0
2015-06-18 00:00:00-04:00,2.966723093441445,3.041830113734079,2.966723093441445,3.0042765140533447,3240,0.0,0.0
2015-06-19 00:00:00-04:00,3.004277171760532,3.1169376373291016,3.004277171760532,3.1169376373291016,600,0.0,0.0
2015-06-22 00:00:00-04:00,3.116936954957879,3.116936954957879,3.0042765140533447,3.0042765140533447,3980,0.0,0.0
2015-06-23 00:00:00-04:00,3.0042765140533447,3.0042765140533447,3.0042765140533447,3.0042765140533447,2020,0.0,0.0
2015-06-24 00:00:00-04:00,3.0418307781219482,3.0418307781219482,3.0418307781219482,3.0418307781219482,1600,0.0,0.0
2015-06-25 00:00:00-04:00,3.0042765140533447,3.0042765140533447,3.0042765140533447,3.0042765140533447,160,0.0,0.0
2015-06-26 00:00:00-04:00,3.0042765140533447,3.116936954957879,3.0042765140533447,3.0042765140533447,5980,0.0,0.0
2015-06-29 00:00:00-04:00,3.079383469680232,3.079383469680232,2.9667232036590576,2.9667232036590576,2400,0.0,0.0
2015-06-30 00:00:00-04:00,2.9667232036590576,2.9667232036590576,2.9667232036590576,2.9667232036590576,640,0.0,0.0
2015-07-01 00:00:00-04:00,2.9291703701019287,2.9291703701019287,2.9291703701019287,2.9291703701019287,240,0.0,0.0
2015-07-02 00:00:00-04:00,2.9291697816519995,2.9667232036590576,2.9291697816519995,2.9667232036590576,540,0.0,0.0
2015-07-06 00:00:00-04:00,2.891616761481771,2.9291703701019287,2.891616761481771,2.9291703701019287,3360,0.0,0.0
2015-07-07 00:00:00-04:00,2.9291703701019287,2.9291703701019287,2.891616761481771,2.9291703701019287,3500,0.0,0.0
2015-07-08 00:00:00-04:00,3.0042765140533447,3.0042765140533447,3.0042765140533447,3.0042765140533447,20,0.0,0.0
2015-07-09 00:00:00-04:00,3.00427722920449,3.00427722920449,2.9291703701019287,2.9291703701019287,900,0.0,0.0
2015-07-10 00:00:00-04:00,2.9291703701019287,2.9291703701019287,2.9291703701019287,2.9291703701019287,2140,0.0,0.0
2015-07-13 00:00:00-04:00,3.0042765140533447,3.0042765140533447,2.929169672829545,3.0042765140533447,2360,0.0,0.0
2015-07-14 00:00:00-04:00,3.004276548219075,3.004276548219075,2.891616106033325,2.891616106033325,5640,0.0,0.0
2015-07-15 00:00:00-04:00,3.0136897323747993,3.0136897323747993,2.861097812652588,2.861097812652588,1220,0.06,0.0
2015-07-16 00:00:00-04:00,2.822950549971537,2.937394380569458,2.822950549971537,2.937394380569458,5240,0.0,0.0
2015-07-17 00:00:00-04:00,2.7848019190481166,2.7848019190481166,2.708505868911743,2.708505868911743,1740,0.0,0.0
2015-07-20 00:00:00-04:00,2.7085058582068506,2.7085058582068506,2.4414701385442013,2.4796180725097656,12240,0.0,0.0
2015-07-21 00:00:00-04:00,2.4414701112918578,2.4414701112918578,2.327026128768921,2.327026128768921,7440,0.0,0.0
2015-07-22 00:00:00-04:00,2.250730261689427,2.327026128768921,2.250730261689427,2.327026128768921,2420,0.0,0.0
2015-07-23 00:00:00-04:00,2.288878464242394,2.288878464242394,2.212582588195801,2.212582588195801,12060,0.0,0.0
2015-07-24 00:00:00-04:00,2.2507302401238936,2.2507302401238936,2.09813832552328,2.1362862586975098,12400,0.0,0.0
2015-07-27 00:00:00-04:00,2.098139009078812,2.212583027790067,2.098139009078812,2.1744349002838135,5120,0.0,0.0
2015-07-28 00:00:00-04:00,2.212583027790067,2.212583027790067,2.1744349002838135,2.1744349002838135,3020,0.0,0.0
2015-07-29 00:00:00-04:00,2.174434446052601,2.2888784408569336,2.174434446052601,2.2888784408569336,5440,0.0,0.0
2015-07-30 00:00:00-04:00,2.212583027790067,2.2507309733925673,2.1744349002838135,2.1744349002838135,8200,0.0,0.0
2015-07-31 00:00:00-04:00,2.2507302401238936,2.2507302401238936,2.1362862586975098,2.1362862586975098,3040,0.0,0.0
2015-08-03 00:00:00-04:00,2.1744349002838135,2.1744349002838135,2.1744349002838135,2.1744349002838135,480,0.0,0.0
2015-08-04 00:00:00-04:00,2.288878464242394,2.288878464242394,2.212582588195801,2.212582588195801,3980,0.0,0.0
2015-08-05 00:00:00-04:00,2.2507305032233944,2.2888784408569336,2.212582565589855,2.2888784408569336,7440,0.0,0.0
2015-08-06 00:00:00-04:00,2.212582565589855,2.2888784408569336,2.212582565589855,2.2888784408569336,3460,0.0,0.0
2015-08-07 00:00:00-04:00,2.2888784189802114,2.3651742935180664,2.1744344252697156,2.3651742935180664,13720,0.0,0.0
2015-08-10 00:00:00-04:00,2.403322681480923,2.59406257106183,2.288878674970885,2.4414706230163574,2080,0.0,0.0
2015-08-11 00:00:00-04:00,2.441469427447586,2.441469427447586,2.09813775794808,2.4033215045928955,4960,0.0,0.0
2015-08-12 00:00:00-04:00,2.441470824721908,2.5940627853739797,2.441470824721908,2.5177667140960693,320,0.0,0.0
2015-08-13 00:00:00-04:00,2.4796185645517923,2.4796185645517923,2.4414706230163574,2.4414706230163574,3620,0.0,0.0
2015-08-14 00:00:00-04:00,2.36517339983456,2.4796173503022767,2.36517339983456,2.4033215045928955,4100,0.0,0.0
2015-08-17 00:00:00-04:00,2.327026128768921,2.4414701112918578,2.327026128768921,2.327026128768921,2960,0.0,0.0
2015-08-18 00:00:00-04:00,2.327026356249139,2.441470349959635,2.2125825444423564,2.3651742935180664,4680,0.0,0.0
2015-08-19 00:00:00-04:00,2.365174062308668,2.365174062308668,2.2125823281496797,2.327026128768921,2500,0.0,0.0
2015-08-20 00:00:00-04:00,2.327026356249139,2.822950086456337,2.250730481711284,2.3651742935180664,10320,0.0,0.0
2015-08-21 00:00:00-04:00,2.250730261689427,2.327026128768921,2.2125823281496797,2.327026128768921,6100,0.0,0.0
2015-08-24 00:00:00-04:00,2.1362862586975098,2.1362862586975098,2.1362862586975098,2.1362862586975098,860,0.0,0.0
2015-08-25 00:00:00-04:00,2.2125823281496797,2.327026128768921,2.2125823281496797,2.327026128768921,2640,0.0,0.0
2015-08-26 00:00:00-04:00,2.288878464242394,2.288878464242394,2.212582588195801,2.212582588195801,1080,0.0,0.0
2015-08-27 00:00:00-04:00,2.212582588195801,2.212582588195801,2.212582588195801,2.212582588195801,60,0.0,0.0
2015-08-28 00:00:00-04:00,2.327026390176597,2.327026390176597,2.1362865191473066,2.250730514526367,6820,0.0,0.0
2015-08-31 00:00:00-04:00,2.1744349002838135,2.1744349002838135,2.1744349002838135,2.1744349002838135,1000,0.0,0.0
2015-09-01 00:00:00-04:00,2.1744349002838135,2.1744349002838135,2.1744349002838135,2.1744349002838135,2000,0.0,0.0
2015-09-02 00:00:00-04:00,2.2125823069496637,2.2125823069496637,2.1362862586975098,2.1362862586975098,2620,0.0,0.0
2015-09-03 00:00:00-04:00,2.212583027790067,2.212583027790067,2.1744349002838135,2.1744349002838135,60,0.0,0.0
2015-09-04 00:00:00-04:00,2.1362865191473066,2.250730514526367,2.1362865191473066,2.250730514526367,860,0.0,0.0
2015-09-08 00:00:00-04:00,2.250730261689427,2.327026128768921,2.250730261689427,2.327026128768921,4260,0.0,0.0
2015-09-09 00:00:00-04:00,2.327026390176597,2.327026390176597,2.250730514526367,2.250730514526367,2360,0.0,0.0
2015-09-10 00:00:00-04:00,2.2125825767012524,2.250730514526367,2.2125825767012524,2.250730514526367,920,0.0,0.0
2015-09-11 00:00:00-04:00,2.2125825767012524,2.250730514526367,2.2125825767012524,2.250730514526367,440,0.0,0.0
2015-09-14 00:00:00-04:00,2.212582565589855,2.2888784408569336,2.174434446052601,2.2888784408569336,1080,0.0,0.0
2015-09-15 00:00:00-04:00,2.174434446052601,2.2888784408569336,2.174434446052601,2.2888784408569336,420,0.0,0.0
2015-09-16 00:00:00-04:00,2.174434212706237,2.327026128768921,2.174434212706237,2.327026128768921,2020,0.0,0.0
2015-09-17 00:00:00-04:00,2.1744344569724214,2.327026390176597,2.1744344569724214,2.250730514526367,2140,0.0,0.0
2015-09-18 00:00:00-04:00,2.2507309733925673,2.288878918995068,2.098139009078812,2.1744349002838135,7740,0.0,0.0
2015-09-21 00:00:00-04:00,2.1362862586975098,2.1744341918717396,2.1362862586975098,2.1362862586975098,940,0.0,0.0
2015-09-22 00:00:00-04:00,2.0981385922221945,2.212582588195801,2.0981385922221945,2.212582588195801,940,0.0,0.0
2015-09-23 00:00:00-04:00,2.13628675117252,2.13628675117252,2.0981388092041016,2.0981388092041016,2480,0.0,0.0
2015-09-24 00:00:00-04:00,2.1744344682687875,2.212582588195801,2.1362865302454908,2.212582588195801,760,0.0,0.0
2015-09-25 00:00:00-04:00,2.1744341918717396,2.1744341918717396,2.1362862586975098,2.1362862586975098,3060,0.0,0.0
2015-09-28 00:00:00-04:00,2.288878452351482,2.288878452351482,2.250730514526367,2.250730514526367,220,0.0,0.0
2015-09-29 00:00:00-04:00,2.250730514526367,2.250730514526367,2.250730514526367,2.250730514526367,4360,0.0,0.0
2015-09-30 00:00:00-04:00,2.250730514526367,2.250730514526367,2.250730514526367,2.250730514526367,140,0.0,0.0
2015-10-01 00:00:00-04:00,2.250730514526367,2.250730514526367,2.250730514526367,2.250730514526367,0,0.0,0.0
2015-10-02 00:00:00-04:00,2.250730514526367,2.250730514526367,2.250730514526367,2.250730514526367,760,0.0,0.0
2015-10-05 00:00:00-04:00,2.2888784408569336,2.2888784408569336,2.2888784408569336,2.2888784408569336,300,0.0,0.0
2015-10-06 00:00:00-04:00,2.2507305262190975,2.288878464242394,2.212582588195801,2.212582588195801,3160,0.0,0.0
2015-10-07 00:00:00-04:00,2.288878452351482,2.288878452351482,2.250730514526367,2.250730514526367,2520,0.0,0.0
2015-10-08 00:00:00-04:00,2.2888775541251785,2.4033215045928955,2.2888775541251785,2.4033215045928955,1580,0.0,0.0
2015-10-09 00:00:00-04:00,2.327026378490473,2.327026378490473,2.2888784408569336,2.2888784408569336,2860,0.0,0.0
2015-10-12 00:00:00-04:00,2.4033224126907076,2.4033224126907076,2.3651742935180664,2.3651742935180664,260,0.0,0.0
2015-10-13 00:00:00-04:00,2.5177665060872267,2.59406257106183,2.4414706230163574,2.4414706230163574,860,0.0,0.0
2015-10-14 00:00:00-04:00,2.488122848695772,2.6047534942626953,2.488122848695772,2.6047534942626953,300,0.06,0.0
2015-10-15 00:00:00-04:00,2.41036877890234,2.5658764839172363,2.41036877890234,2.5658764839172363,1600,0.0,0.0
2015-10-16 00:00:00-04:00,2.5658758720487707,2.5658758720487707,2.4103682041168213,2.4103682041168213,2880,0.0,0.0
2015-10-19 00:00:00-04:00,2.4492461681365967,2.4492461681365967,2.4492461681365967,2.4492461681365967,2000,0.0,0.0
2015-10-20 00:00:00-04:00,2.4881229400634766,2.4881229400634766,2.4103689881173542,2.4881229400634766,2060,0.0,0.0
2015-10-21 00:00:00-04:00,2.3714921048340942,2.4881229400634766,2.3714921048340942,2.4881229400634766,280,0.0,0.0
2015-10-22 00:00:00-04:00,2.4881229400634766,2.4881229400634766,2.4881229400634766,2.4881229400634766,20,0.0,0.0
2015-10-23 00:00:00-04:00,2.5269999504089355,2.5269999504089355,2.3714922240770786,2.5269999504089355,800,0.0,0.0
2015-10-26 00:00:00-04:00,2.371492212655346,2.4492461681365967,2.371492212655346,2.4492461681365967,40,0.0,0.0
2015-10-27 00:00:00-04:00,2.4492461681365967,2.4492461681365967,2.4492461681365967,2.4492461681365967,180,0.0,0.0
2015-10-28 00:00:00-04:00,2.3714919090270996,2.4492458545533116,2.3326150289537875,2.3714919090270996,3280,0.0,0.0
2015-10-29 00:00:00-04:00,2.3714919090270996,2.3714919090270996,2.3714919090270996,2.3714919090270996,0,0.0,0.0
2015-10-30 00:00:00-04:00,2.5269999504089355,2.5269999504089355,2.5269999504089355,2.5269999504089355,20,0.0,0.0
2015-11-02 00:00:00-05:00,2.526999001410669,2.526999001410669,2.4103682041168213,2.4103682041168213,760,0.0,0.0
2015-11-03 00:00:00-05:00,2.449245260134465,2.526999001410669,2.4103682041168213,2.4103682041168213,9880,0.0,0.0
2015-11-04 00:00:00-05:00,2.410368789100412,2.5269996146999363,2.3714919090270996,2.3714919090270996,2260,0.0,0.0
2015-11-05 00:00:00-05:00,2.3714919090270996,2.3714919090270996,2.3714919090270996,2.3714919090270996,0,0.0,0.0
2015-11-06 00:00:00-05:00,2.371492212655346,2.4492461681365967,2.2159844870724554,2.4492461681365967,2320,0.0,0.0
2015-11-09 00:00:00-05:00,2.4492461681365967,2.4492461681365967,2.4492461681365967,2.4492461681365967,0,0.0,0.0
2015-11-10 00:00:00-05:00,2.4103682041168213,2.4103682041168213,2.4103682041168213,2.4103682041168213,340,0.0,0.0
2015-11-11 00:00:00-05:00,2.4103691472175797,2.4103691472175797,2.332615375518799,2.332615375518799,340,0.0,0.0
2015-11-12 00:00:00-05:00,2.3326150064530613,2.371491886151362,2.2937381267547607,2.2937381267547607,840,0.0,0.0
2015-11-13 00:00:00-05:00,2.25486124705646,2.2937381267547607,2.25486124705646,2.2937381267547607,4700,0.0,0.0
2015-11-16 00:00:00-05:00,2.2937384896694084,2.332615375518799,2.2937384896694084,2.332615375518799,660,0.0,0.0
2015-11-17 00:00:00-05:00,2.332615375518799,2.332615375518799,2.332615375518799,2.332615375518799,200,0.0,0.0
2015-11-18 00:00:00-05:00,2.254861603820018,2.332615375518799,2.254861603820018,2.332615375518799,2100,0.0,0.0
2015-11-19 00:00:00-05:00,2.332615375518799,2.332615375518799,2.332615375518799,2.332615375518799,140,0.0,0.0
2015-11-20 00:00:00-05:00,2.332615375518799,2.3714922613681892,2.332615375518799,2.332615375518799,1540,0.0,0.0
2015-11-23 00:00:00-05:00,2.3714918049092795,2.4492457470217874,2.2159841060638428,2.2159841060638428,5440,0.0,0.0
2015-11-24 00:00:00-05:00,2.177107323280951,2.4492458545533116,2.177107323280951,2.3714919090270996,2380,0.0,0.0
2015-11-25 00:00:00-05:00,2.25486124705646,2.371491886151362,2.25486124705646,2.2937381267547607,940,0.0,0.0
2015-11-27 00:00:00-05:00,2.2937381267547607,2.2937381267547607,2.2937381267547607,2.2937381267547607,20,0.0,0.0
2015-11-30 00:00:00-05:00,2.2937381267547607,2.2937381267547607,2.2937381267547607,2.2937381267547607,580,0.0,0.0
2015-12-01 00:00:00-05:00,2.2937381267547607,2.2937381267547607,2.2937381267547607,2.2937381267547607,0,0.0,0.0
2015-12-02 00:00:00-05:00,2.2937379938550673,2.332614871300833,2.2548611164093018,2.2548611164093018,3540,0.0,0.0
2015-12-03 00:00:00-05:00,2.332615375518799,2.332615375518799,2.332615375518799,2.332615375518799,720,0.0,0.0
2015-12-04 00:00:00-05:00,2.4103691472175797,2.4103691472175797,2.2937384896694084,2.332615375518799,200,0.0,0.0
2015-12-07 00:00:00-05:00,2.2937381267547607,2.3326150064530613,2.2937381267547607,2.2937381267547607,1580,0.0,0.0
2015-12-08 00:00:00-05:00,2.2937384896694084,2.332615375518799,2.2937384896694084,2.332615375518799,1900,0.0,0.0
2015-12-09 00:00:00-05:00,2.3714919090270996,2.3714919090270996,2.3714919090270996,2.3714919090270996,960,0.0,0.0
2015-12-10 00:00:00-05:00,2.410368789100412,2.410368789100412,2.3326150289537875,2.3714919090270996,4060,0.0,0.0
2015-12-11 00:00:00-05:00,2.293738148880475,2.3714919090270996,2.293738148880475,2.3714919090270996,660,0.0,0.0
2015-12-14 00:00:00-05:00,2.3326148986816406,2.3714917765837527,1.8660919930971431,1.9438457489013672,29660,0.0,0.0
2015-12-15 00:00:00-05:00,2.0604766933354544,2.2937381603180595,1.9827227474215272,2.177107334136963,11680,0.0,0.0
2015-12-16 00:00:00-05:00,2.1382301888955046,2.2159839397944245,2.099353313446045,2.099353313446045,1980,0.0,0.0
2015-12-17 00:00:00-05:00,2.1382301888955046,2.1382301888955046,2.060476437996585,2.099353313446045,1280,0.0,0.0
2015-12-18 00:00:00-05:00,2.0604768379679683,2.0604768379679683,1.982722886596203,2.021599769592285,2300,0.0,0.0
2015-12-21 00:00:00-05:00,2.021599769592285,2.021599769592285,2.021599769592285,2.021599769592285,0,0.0,0.0
2015-12-22 00:00:00-05:00,2.0993536618389173,2.0993536618389173,2.060476779937744,2.060476779937744,720,0.0,0.0
2015-12-23 00:00:00-05:00,2.099353313446045,2.099353313446045,2.099353313446045,2.099353313446045,300,0.0,0.0
2015-12-24 00:00:00-05:00,2.099353313446045,2.099353313446045,2.099353313446045,2.099353313446045,0,0.0,0.0
2015-12-28 00:00:00-05:00,2.060476779937744,2.060476779937744,2.060476779937744,2.060476779937744,6020,0.0,0.0
2015-12-29 00:00:00-05:00,2.021599712656975,2.060476779937744,2.021599712656975,2.060476779937744,300,0.0,0.0
2015-12-30 00:00:00-05:00,2.0215996276886967,2.177107334136963,2.0215996276886967,2.177107334136963,100,0.0,0.0
2015-12-31 00:00:00-05:00,2.177107323280951,2.3714919090270996,2.021599617608114,2.3714919090270996,2760,0.0,0.0
2016-01-04 00:00:00-05:00,2.293738276537645,2.293738276537645,2.099353679973092,2.138230562210083,3980,0.0,0.0
2016-01-05 00:00:00-05:00,2.2937380481763503,2.2937380481763503,2.2159841060638428,2.2159841060638428,3220,0.0,0.0
2016-01-06 00:00:00-05:00,2.293738148880475,2.3714919090270996,2.293738148880475,2.3714919090270996,2300,0.0,0.0
2016-01-07 00:00:00-05:00,2.410368765849663,2.410368765849663,2.2937381267547607,2.2937381267547607,2080,0.0,0.0
2016-01-08 00:00:00-05:00,2.2937381267547607,2.2937381267547607,2.2937381267547607,2.2937381267547607,240,0.0,0.0
2016-01-11 00:00:00-05:00,2.2937381267547607,2.371491886151362,2.2937381267547607,2.2937381267547607,1320,0.0,0.0
2016-01-12 00:00:00-05:00,2.332615375518799,2.332615375518799,2.332615375518799,2.332615375518799,360,0.0,0.0
2016-01-13 00:00:00-05:00,2.336575565754231,2.415781440318767,2.336575565754231,2.376178503036499,1320,0.055,0.0
2016-01-14 00:00:00-05:00,2.3056185245513916,2.3056185245513916,2.3056185245513916,2.3056185245513916,40,0.01125,0.0
2016-01-15 00:00:00-05:00,2.3056182299658885,2.3056182299658885,2.146610043493675,2.2658660411834717,4400,0.0,0.0
2016-01-19 00:00:00-05:00,2.2658657789625067,2.3056179631445377,2.186361789703369,2.186361789703369,2880,0.0,0.0
2016-01-20 00:00:00-05:00,2.186362263249251,2.265866269728223,2.1466102600097656,2.1466102600097656,660,0.0,0.0
2016-01-21 00:00:00-05:00,2.1863621018884607,2.345370292663574,2.1863621018884607,2.345370292663574,4400,0.0,0.0
2016-01-22 00:00:00-05:00,2.34537076590875,2.4646267908890085,2.305618757581997,2.424874782562256,5960,0.0,0.0
2016-01-25 00:00:00-05:00,2.2658660411834717,2.2658660411834717,2.2658660411834717,2.2658660411834717,320,0.0,0.0
2016-01-26 00:00:00-05:00,2.385122774235503,2.4646267908890085,2.2658665597027166,2.424874782562256,4620,0.0,0.0
2016-01-27 00:00:00-05:00,2.2658661024997726,2.38512229296923,2.2658661024997726,2.345370292663574,1660,0.0,0.0
2016-01-28 00:00:00-05:00,2.385122774235503,2.4646267908890085,2.385122774235503,2.424874782562256,2060,0.0,0.0
2016-01-29 00:00:00-05:00,2.345370533229868,2.385122537612915,2.345370533229868,2.385122537612915,300,0.0,0.0
2016-02-01 00:00:00-05:00,2.4646267908890085,2.504378988768289,2.424874782562256,2.424874782562256,2120,0.0,0.0
2016-02-02 00:00:00-05:00,2.385122537612915,2.385122537612915,2.385122537612915,2.385122537612915,480,0.0,0.0
2016-02-03 00:00:00-05:00,2.4646266008102966,2.5043787956237793,2.4248745955493263,2.5043787956237793,3700,0.0,0.0
2016-02-04 00:00:00-05:00,2.5043785024152205,2.5043785024152205,2.424874311648989,2.4646263122558594,1000,0.0,0.0
2016-02-05 00:00:00-05:00,2.385123032789964,2.583883285522461,2.385123032789964,2.583883285522461,5460,0.0,0.0
2016-02-08 00:00:00-05:00,2.5838825036289617,2.6633865048427023,2.4646263122558594,2.4646263122558594,15020,0.0,0.0
2016-02-09 00:00:00-05:00,2.5043787956237793,2.5838828061457195,2.4646266008102966,2.5043787956237793,4980,0.0,0.0
2016-02-10 00:00:00-05:00,2.5043787956237793,2.5043787956237793,2.5043787956237793,2.5043787956237793,720,0.0,0.0
2016-02-11 00:00:00-05:00,2.623634637383095,2.7428908348083496,2.5838826347588437,2.7428908348083496,8180,0.0,0.0
2016-02-12 00:00:00-05:00,2.703139506692743,2.703139506692743,2.5043792544227634,2.6236352920532227,3760,0.0,0.0
2016-02-16 00:00:00-05:00,2.544130802154541,2.5838828074353515,2.5043787968737306,2.544130802154541,1320,0.0,0.0
2016-02-17 00:00:00-05:00,2.5441312612227516,2.6633872985839844,2.5441312612227516,2.6633872985839844,500,0.0,0.0
2016-02-18 00:00:00-05:00,2.742891072769122,2.742891072769122,2.5838828589247855,2.703139066696167,1800,0.0,0.0
2016-02-19 00:00:00-05:00,2.62363528613024,2.6633872985839844,2.62363528613024,2.6633872985839844,1200,0.0,0.0
2016-02-22 00:00:00-05:00,2.583883285522461,2.583883285522461,2.583883285522461,2.583883285522461,80,0.0,0.0
2016-02-23 00:00:00-05:00,2.583883285522461,2.7031395129829785,2.583883285522461,2.583883285522461,3640,0.0,0.0
2016-02-24 00:00:00-05:00,2.6633872985839844,2.703139500590276,2.6633872985839844,2.6633872985839844,3280,0.0,0.0
2016-02-25 00:00:00-05:00,2.6633872985839844,2.703139500590276,2.6633872985839844,2.6633872985839844,2900,0.0,0.0
2016-02-26 00:00:00-05:00,2.6236348649977406,2.703139066696167,2.504378846778876,2.703139066696167,17140,0.0,0.0
2016-02-29 00:00:00-05:00,2.703139066696167,2.703139066696167,2.5838828589247855,2.703139066696167,1660,0.0,0.0
2016-03-01 00:00:00-05:00,2.703139500590276,2.703139500590276,2.6633872985839844,2.6633872985839844,580,0.0,0.0
2016-03-02 00:00:00-05:00,2.5043792602504817,2.583883285522461,2.5043792602504817,2.583883285522461,4120,0.0,0.0
2016-03-03 00:00:00-05:00,2.5838828589247855,2.703139066696167,2.544130852851831,2.703139066696167,2520,0.0,0.0
2016-03-04 00:00:00-05:00,2.5441312669662497,2.703139506692743,2.5441312669662497,2.6236352920532227,5920,0.0,0.0
2016-03-07 00:00:00-05:00,2.703139066696167,2.782643078842077,2.703139066696167,2.703139066696167,5340,0.0,0.0
2016-03-08 00:00:00-05:00,2.62363528613024,2.6633872985839844,2.62363528613024,2.6633872985839844,3900,0.0,0.0
2016-03-09 00:00:00-05:00,2.703139506692743,2.7428915192362293,2.6236352920532227,2.6236352920532227,4460,0.0,0.0
2016-03-10 00:00:00-05:00,2.62363528613024,2.6633872985839844,2.62363528613024,2.6633872985839844,3540,0.0,0.0
2016-03-11 00:00:00-05:00,2.6633872985839844,2.703139500590276,2.6633872985839844,2.6633872985839844,1840,0.0,0.0
2016-03-14 00:00:00-04:00,2.7031386043723677,2.7826426029205322,2.6236344162717193,2.7826426029205322,1480,0.0,0.0
2016-03-15 00:00:00-04:00,2.703139500590276,2.703139500590276,2.62363528613024,2.6633872985839844,1980,0.0,0.0
2016-03-16 00:00:00-04:00,2.703138832184098,2.7428908348083496,2.6633866400073467,2.7428908348083496,5840,0.0,0.0
2016-03-17 00:00:00-04:00,2.7826426029205322,2.7826426029205322,2.74289060364645,2.7826426029205322,6920,0.0,0.0
2016-03-18 00:00:00-04:00,2.822394840056852,2.822394840056852,2.7428908348083496,2.7428908348083496,3100,0.0,0.0
2016-03-21 00:00:00-04:00,2.583883273676496,2.8621475504052536,2.583883273676496,2.6633872985839844,3020,0.0,0.0
2016-03-22 00:00:00-04:00,2.7826426029205322,2.7826426029205322,2.74289060364645,2.7826426029205322,11280,0.0,0.0
2016-03-23 00:00:00-04:00,2.782642837432601,2.782642837432601,2.6633866400073467,2.7428908348083496,2940,0.0,0.0
2016-03-24 00:00:00-04:00,2.74289060364645,2.8223946021946142,2.74289060364645,2.7826426029205322,3620,0.0,0.0
2016-03-28 00:00:00-04:00,2.7826430806224365,2.901899288470119,2.7826430806224365,2.862147092819214,760,0.0,0.0
2016-03-29 00:00:00-04:00,2.8621466772562956,2.941650867462158,2.8621466772562956,2.941650867462158,2460,0.0,0.0
2016-03-30 00:00:00-04:00,3.1801630161655305,3.5776833931862217,3.100659016582387,3.537931203842163,21620,0.0,0.0
2016-03-31 00:00:00-04:00,3.4186756079695493,3.4186756079695493,3.1404112129090636,3.3789234161376953,10340,0.0,0.0
2016-04-01 00:00:00-04:00,3.418675422668457,3.418675422668457,3.3391710433140926,3.418675422668457,1540,0.0,0.0
2016-04-04 00:00:00-04:00,3.3789231211309487,3.418675309492122,3.3391709327697754,3.3391709327697754,640,0.0,0.0
2016-04-05 00:00:00-04:00,3.299419834419485,3.339171652240776,3.140411615371704,3.140411615371704,920,0.0,0.0
2016-04-06 00:00:00-04:00,3.3789231915073437,3.498179379969774,3.3391710023182095,3.4584271907806396,2480,0.0,0.0
2016-04-07 00:00:00-04:00,3.3789231211309487,3.3789231211309487,3.219915125896184,3.3391709327697754,8220,0.0,0.0
2016-04-08 00:00:00-04:00,3.3391710555438574,3.4981794357299805,3.3391710555438574,3.4981794357299805,1460,0.0,0.0
2016-04-11 00:00:00-04:00,3.5379320076601406,3.85594845735101,3.5379320076601406,3.6969404220581055,6200,0.0,0.0
2016-04-12 00:00:00-04:00,3.7764441972210325,3.8559482097625732,3.696940184679492,3.8559482097625732,4980,0.0,0.0
2016-04-13 00:00:00-04:00,3.8336122018832093,3.9546737168062056,3.7529046535491943,3.7529046535491943,4200,0.072325,0.0
2016-04-14 00:00:00-04:00,3.591489315032959,3.6721972514243206,3.5511357316812404,3.591489315032959,2800,0.0,0.0
2016-04-15 00:00:00-04:00,3.7125501498785525,3.7125501498785525,3.5107811158107625,3.631842613220215,1360,0.0,0.0
2016-04-18 00:00:00-04:00,3.591488452088822,3.793257474899292,3.591488452088822,3.793257474899292,4660,0.0,0.0
2016-04-19 00:00:00-04:00,3.833611306205936,3.954672792844369,3.752903776728267,3.873965263366699,13940,0.0,0.0
2016-04-20 00:00:00-04:00,3.8739656220118053,3.8739656220118053,3.7125501632690425,3.712550163269043,11100,0.0,0.0
2016-04-21 00:00:00-04:00,3.6721965872162716,3.8739656220118053,3.6721965872162716,3.712550163269043,3720,0.0,0.0
2016-04-22 00:00:00-04:00,3.833611433398934,3.833611433398934,3.631842410588464,3.793257474899292,9240,0.0,0.0
2016-04-25 00:00:00-04:00,3.7125501632690425,3.7125501632690425,3.7125501632690425,3.712550163269043,340,0.0,0.0
2016-04-26 00:00:00-04:00,3.6318429143805253,3.8336119651794434,3.6318429143805253,3.8336119651794434,1540,0.0,0.0
2016-04-27 00:00:00-04:00,3.793257474899292,3.793257474899292,3.793257474899292,3.793257474899292,800,0.0,0.0
2016-04-28 00:00:00-04:00,3.793257474899292,3.793257474899292,3.7529039012435197,3.793257474899292,2840,0.0,0.0
2016-04-29 00:00:00-04:00,3.8336116472880044,4.237149715423584,3.8336116472880044,4.237149715423584,21220,0.0,0.0
2016-05-02 00:00:00-04:00,4.398564614808353,4.519626107430685,4.317857081341423,4.358211040496826,9440,0.0,0.0
2016-05-03 00:00:00-04:00,4.358212184293381,4.47927370868786,4.358212184293381,4.398565769195557,7020,0.0,0.0
2016-05-04 00:00:00-04:00,4.4389185018303445,4.4389185018303445,3.591488452088822,3.793257474899292,10040,0.0,0.0
2016-05-05 00:00:00-04:00,4.0757347505073,4.116088327487788,3.9950268268585205,3.9950268268585205,2260,0.0,0.0
2016-05-06 00:00:00-04:00,4.1160888671875,4.1160888671875,4.075735284915869,4.1160888671875,3380,0.0,0.0
2016-05-09 00:00:00-04:00,4.116088559329144,4.116088559329144,3.752904421828661,3.8336119651794434,4180,0.0,0.0
2016-05-10 00:00:00-04:00,3.8336124387448582,3.9143199920654297,3.672197332103716,3.9143199920654297,1920,0.0,0.0
2016-05-11 00:00:00-04:00,4.035380456209404,4.035380456209404,3.793257474899292,3.793257474899292,680,0.0,0.0
2016-05-12 00:00:00-04:00,3.9143199920654297,3.995027545386001,3.873966407827129,3.9143199920654297,780,0.0,0.0
2016-05-13 00:00:00-04:00,4.03538078868291,4.03538078868291,3.954673249878032,3.9950268268585205,10780,0.0,0.0
2016-05-16 00:00:00-04:00,4.035381317800285,4.1160888671875,4.035381317800285,4.1160888671875,22100,0.0,0.0
2016-05-17 00:00:00-04:00,4.075735092163086,4.196796218096618,3.9143196161784877,4.075735092163086,6140,0.0,0.0
2016-05-18 00:00:00-04:00,4.075734279482801,4.1160878517997075,3.873965263366699,3.873965263366699,7420,0.0,0.0
2016-05-19 00:00:00-04:00,3.7125506869602134,3.87396616847219,3.6721971052151794,3.7529046535491943,1540,0.0,0.0
2016-05-20 00:00:00-04:00,3.6318426263196075,3.7125501632690425,3.6318426263196075,3.712550163269043,1560,0.0,0.0
2016-05-23 00:00:00-04:00,3.672196865081787,3.672196865081787,3.5107813941251385,3.672196865081787,2700,0.0,0.0
2016-05-24 00:00:00-04:00,3.672196573971329,3.672196573971329,3.631842613220215,3.631842613220215,1240,0.0,0.0
2016-05-25 00:00:00-04:00,3.672196369088106,3.793257474899292,3.631842410588464,3.793257474899292,6840,0.0,0.0
2016-05-26 00:00:00-04:00,3.7932584696625873,3.9143199920654297,3.7125509163420163,3.9143199920654297,4740,0.0,0.0
2016-05-27 00:00:00-04:00,3.873965391898576,3.873965391898576,3.793257474899292,3.793257474899292,300,0.0,0.0
2016-05-31 00:00:00-04:00,3.95467292405399,3.95467292405399,3.7529039012435197,3.793257474899292,2480,0.0,0.0
2016-06-01 00:00:00-04:00,3.752904248758609,3.9546732902526855,3.752904248758609,3.9546732902526855,480,0.0,0.0
2016-06-02 00:00:00-04:00,3.873966407827129,3.9143199920654297,3.8336124387448582,3.9143199920654297,1100,0.0,0.0
2016-06-03 00:00:00-04:00,3.793257787424375,3.9950268268585205,3.793257787424375,3.9950268268585205,540,0.0,0.0
2016-06-06 00:00:00-04:00,3.9950273506847007,4.1160888671875,3.9546737684130693,4.1160888671875,5220,0.0,0.0
2016-06-07 00:00:00-04:00,4.1160890677888435,4.1160890677888435,3.9143199920654297,3.9143199920654297,2020,0.0,0.0
2016-06-08 00:00:00-04:00,4.0757352842476395,4.0757352842476395,3.954673767764689,4.035381317138672,2160,0.0,0.0
2016-06-09 00:00:00-04:00,3.9950268268585205,4.0757347505073,3.8739657110731542,3.9950268268585205,3220,0.0,0.0
2016-06-10 00:00:00-04:00,3.99502716174882,4.116088672526286,3.99502716174882,4.075735092163086,4260,0.0,0.0
2016-06-13 00:00:00-04:00,4.116088866512655,4.156442833621623,3.8739662183907058,4.035381317138672,14420,0.0,0.0
2016-06-14 00:00:00-04:00,3.914318965554348,3.95467292405399,3.7529039012435197,3.793257474899292,3700,0.0,0.0
2016-06-15 00:00:00-04:00,3.8739659292767965,3.954673472627579,3.752904421828661,3.8336119651794434,6660,0.0,0.0
2016-06-16 00:00:00-04:00,3.9546739611477006,3.9546739611477006,3.8336124387448582,3.9143199920654297,9540,0.0,0.0
2016-06-17 00:00:00-04:00,4.075735092163086,4.075735092163086,4.075735092163086,4.075735092163086,20,0.0,0.0
2016-06-20 00:00:00-04:00,4.075735483550543,4.1564430368711145,3.9143199920654297,3.9143199920654297,4280,0.0,0.0
2016-06-21 00:00:00-04:00,4.0757352842476395,4.0757352842476395,3.9950273500297047,4.035381317138672,2220,0.0,0.0
2016-06-22 00:00:00-04:00,3.914319328016308,3.9546732902526855,3.8336117883874583,3.9546732902526855,1500,0.0,0.0
2016-06-23 00:00:00-04:00,3.9143199920654297,3.9143199920654297,3.9143199920654297,3.9143199920654297,220,0.0,0.0
2016-06-24 00:00:00-04:00,4.035381015978362,4.0757349800757146,3.8336119651794434,3.8336119651794434,1820,0.0,0.0
2016-06-27 00:00:00-04:00,3.954673249878032,3.9950268268585205,3.8336117492487647,3.9950268268585205,2960,0.0,0.0
2016-06-28 00:00:00-04:00,3.793257826151081,3.9546732902526855,3.793257826151081,3.9546732902526855,1100,0.0,0.0
2016-06-29 00:00:00-04:00,3.9143199920654297,3.995027545386001,3.9143199920654297,3.9143199920654297,5920,0.0,0.0
2016-06-30 00:00:00-04:00,3.873966407827129,4.035381514468272,3.873966407827129,3.9143199920654297,7200,0.0,0.0
2016-07-01 00:00:00-04:00,3.914319328016308,4.1160883695103845,3.914319328016308,3.9546732902526855,6080,0.0,0.0
2016-07-05 00:00:00-04:00,4.07573555060225,4.559981263336186,4.07573555060225,4.398565769195557,7480,0.0,0.0
2016-07-06 00:00:00-04:00,4.640688817984513,4.88281186677347,4.398565769195557,4.398565769195557,8800,0.0,0.0
2016-07-07 00:00:00-04:00,4.519627293590035,4.681042787730665,4.31785821454723,4.398565769195557,7840,0.0,0.0
2016-07-08 00:00:00-04:00,4.317857081341423,4.519626107430685,4.156442014407564,4.358211040496826,3900,0.0,0.0
2016-07-11 00:00:00-04:00,4.438919819537816,4.6810428727229265,4.398565849058969,4.559981346130371,8240,0.0,0.0
2016-07-12 00:00:00-04:00,4.721395779736639,4.802103324249997,4.5599806907099225,4.761749744415283,6460,0.0,0.0
2016-07-13 00:00:00-04:00,4.817890892365061,4.858720241909946,4.49125414909974,4.736231803894043,2500,0.06875,0.0
2016-07-14 00:00:00-04:00,4.736231803894043,4.777061153438928,4.572913237570758,4.736231803894043,1920,0.0,0.0
2016-07-15 00:00:00-04:00,4.8587188720703125,5.0220373923485,4.6954007411732634,4.8587188720703125,3980,0.0,0.0
2016-07-18 00:00:00-04:00,4.899548599485144,4.9403783268999755,4.7770598066217875,4.8587188720703125,9240,0.0,0.0
2016-07-19 00:00:00-04:00,4.858718736535161,4.940378189086914,4.858718736535161,4.940378189086914,8400,0.0,0.0
2016-07-20 00:00:00-04:00,4.9403786163024055,4.9403786163024055,4.572912216186523,4.572912216186523,1780,0.0,0.0
2016-07-21 00:00:00-04:00,4.6954007411732634,4.8587188720703125,4.5729119483099065,4.8587188720703125,4820,0.0,0.0
2016-07-22 00:00:00-04:00,4.6954007411732634,4.8587188720703125,4.5729119483099065,4.8587188720703125,4880,0.0,0.0
2016-07-25 00:00:00-04:00,4.654571286418554,4.654571286418554,4.4912531459544915,4.572912216186523,680,0.0,0.0
2016-07-26 00:00:00-04:00,4.654572010040283,4.654572010040283,4.654572010040283,4.654572010040283,500,0.0,0.0
2016-07-27 00:00:00-04:00,4.61374316989324,4.9812092781066895,4.491254337361669,4.9812092781066895,8060,0.0,0.0
2016-07-28 00:00:00-04:00,4.940379465158136,4.940379465158136,4.817890644073486,4.817890644073486,980,0.0,0.0
2016-07-29 00:00:00-04:00,4.899549980836079,4.899549980836079,4.736231803894043,4.736231803894043,12360,0.0,0.0
2016-08-01 00:00:00-04:00,4.736231803894043,4.817890892365061,4.736231803894043,4.736231803894043,3060,0.0,0.0
2016-08-02 00:00:00-04:00,4.81789056527578,4.858719912048738,4.654572010040283,4.654572010040283,8800,0.0,0.0
2016-08-03 00:00:00-04:00,4.654572010040283,4.654572010040283,4.654572010040283,4.654572010040283,580,0.0,0.0
2016-08-04 00:00:00-04:00,4.817891341838049,4.899550437927246,4.817891341838049,4.899550437927246,2060,0.0,0.0
2016-08-05 00:00:00-04:00,4.899550437927246,4.940380180662487,4.899550437927246,4.899550437927246,1220,0.0,0.0
2016-08-08 00:00:00-04:00,4.899548599485144,4.899548599485144,4.7770598066217875,4.8587188720703125,2560,0.0,0.0
2016-08-09 00:00:00-04:00,4.777060907251527,4.899549728336177,4.777060907251527,4.817890644073486,720,0.0,0.0
2016-08-10 00:00:00-04:00,4.858718736535161,4.940378189086914,4.736230336469787,4.940378189086914,2240,0.0,0.0
2016-08-11 00:00:00-04:00,4.940380180662487,5.267016565019276,4.777061599102808,4.899550437927246,13360,0.0,0.0
2016-08-12 00:00:00-04:00,4.940380180662487,5.022039276751684,4.736232245748852,4.899550437927246,3620,0.0,0.0
2016-08-15 00:00:00-04:00,4.858719602365446,5.26701538035855,4.858719602365446,5.144526958465576,2700,0.0,0.0
2016-08-16 00:00:00-04:00,5.267014965707494,5.267014965707494,4.899548950195312,5.103696823120117,600,0.0,0.0
2016-08-17 00:00:00-04:00,5.18535711773204,5.18535711773204,5.02203893661499,5.02203893661499,2600,0.0,0.0
2016-08-18 00:00:00-04:00,5.18535691647506,5.430334568023682,5.062868090700749,5.430334568023682,9460,0.0,0.0
2016-08-19 00:00:00-04:00,5.1036981727254815,5.6344828605651855,5.022039079838128,5.6344828605651855,7200,0.0,0.0
2016-08-22 00:00:00-04:00,5.593652825704457,5.634482564694772,5.267016081925685,5.389504909515381,4480,0.0,0.0
2016-08-23 00:00:00-04:00,5.348675914925289,6.083608150482178,5.348675914925289,6.083608150482178,10380,0.0,0.0
2016-08-24 00:00:00-04:00,6.0836077466819924,6.124437485672307,5.389504909515381,5.389504909515381,9320,0.0,0.0
2016-08-25 00:00:00-04:00,5.471163060394356,5.756970405578613,5.430333717783163,5.756970405578613,8680,0.0,0.0
2016-08-26 00:00:00-04:00,5.552823223967679,5.920289300670603,5.471163749694824,5.471163749694824,5820,0.0,0.0
2016-08-29 00:00:00-04:00,5.59365187453844,6.001947637488417,5.471163067777211,5.920288562774658,3220,0.0,0.0
2016-08-30 00:00:00-04:00,5.920289300670603,5.920289300670603,5.430334401939628,5.471163749694824,5620,0.0,0.0
2016-08-31 00:00:00-04:00,5.430334648505696,5.471163998114761,5.348675559906314,5.389504909515381,1160,0.0,0.0
2016-09-01 00:00:00-04:00,5.430333366656232,5.593651505303168,5.348674297332764,5.348674297332764,4120,0.0,0.0
2016-09-02 00:00:00-04:00,5.471163661760621,5.797800385458545,5.471163661760621,5.67531156539917,2480,0.0,0.0
2016-09-06 00:00:00-04:00,6.001949056462665,6.083608150482178,5.797801126723247,6.083608150482178,10260,0.0,0.0
2016-09-07 00:00:00-04:00,5.961118852842603,6.04277793520047,5.879459381103516,5.879459381103516,1400,0.0,0.0
2016-09-08 00:00:00-04:00,5.838629416032809,6.001947563445557,5.838629416032809,5.961118221282959,8300,0.0,0.0
2016-09-09 00:00:00-04:00,6.00194787979126,6.042777613487056,5.838629723770474,6.00194787979126,4920,0.0,0.0
2016-09-12 00:00:00-04:00,5.879458830727188,6.042777369535888,5.797799756013429,5.920288562774658,2820,0.0,0.0
2016-09-13 00:00:00-04:00,6.083607044131749,6.328584671020508,6.083607044131749,6.328584671020508,5060,0.0,0.0
2016-09-14 00:00:00-04:00,6.369415135158433,6.410244484731003,6.206096568724403,6.246926307678223,5240,0.0,0.0
2016-09-15 00:00:00-04:00,6.246925591851323,6.369414405295703,6.124436778406944,6.328584671020508,4520,0.0,0.0
2016-09-16 00:00:00-04:00,6.246926156672635,6.369414981191949,6.12443733215332,6.12443733215332,5280,0.0,0.0
2016-09-19 00:00:00-04:00,6.124436387754078,6.328584267345881,6.124436387754078,6.287754535675049,13100,0.0,0.0
2016-09-20 00:00:00-04:00,6.328584267345881,6.328584267345881,6.246925193385396,6.287754535675049,3500,0.0,0.0
2016-09-21 00:00:00-04:00,6.287755094722526,6.614392198368295,6.287755094722526,6.45107364654541,10080,0.0,0.0
2016-09-22 00:00:00-04:00,6.6552208357432825,6.900198457038641,6.532732414476799,6.736880302429199,12780,0.0,0.0
2016-09-23 00:00:00-04:00,6.90019878812464,6.90019878812464,6.777710360980905,6.818540096282959,6780,0.0,0.0
2016-09-26 00:00:00-04:00,6.859367109695563,7.063514949612243,6.859367109695563,7.022686004638672,8800,0.0,0.0
2016-09-27 00:00:00-04:00,7.022688452374132,7.2676653226502825,6.900199238473578,7.145176887512207,8040,0.0,0.0
2016-09-28 00:00:00-04:00,7.226836363445909,7.226836363445909,7.063517411578505,7.145176887512207,3360,0.0,0.0
2016-09-29 00:00:00-04:00,7.226836283535888,7.308494979804179,7.186006546020508,7.186006546020508,14420,0.0,0.0
2016-09-30 00:00:00-04:00,7.308493935454134,7.349323667135134,7.063516324130491,7.226835250854492,8480,0.0,0.0
2016-10-03 00:00:00-04:00,7.226833844555352,7.430981684472032,6.49190115359798,7.022686004638672,14240,0.0,0.0
2016-10-04 00:00:00-04:00,7.02268823565019,7.02268823565019,6.328585047921554,6.696051120758057,14860,0.0,0.0
2016-10-05 00:00:00-04:00,6.859370095705863,7.104347766001617,6.777711391448975,6.777711391448975,26360,0.0,0.0
2016-10-06 00:00:00-04:00,6.81854009611099,6.81854009611099,6.3285848300235505,6.45107364654541,7280,0.0,0.0
2016-10-07 00:00:00-04:00,6.369414565485217,6.818540096282959,6.369414565485217,6.818540096282959,7140,0.0,0.0
2016-10-10 00:00:00-04:00,6.941028195465097,7.063516616821289,6.900198462092236,7.063516616821289,11500,0.0,0.0
2016-10-11 00:00:00-04:00,7.145175787492492,7.267664203773133,7.022687371211849,7.226835250854492,6700,0.0,0.0
2016-10-12 00:00:00-04:00,7.571460043746577,7.571460043746577,7.118818244340427,7.201117038726807,3860,0.06875,0.0
2016-10-13 00:00:00-04:00,7.448011417125349,7.448011417125349,7.118817078357655,7.159966468811035,7600,0.0,0.0
2016-10-14 00:00:00-04:00,7.32456324576521,7.32456324576521,7.118817078357655,7.159966468811035,1540,0.0,0.0
2016-10-17 00:00:00-04:00,7.2011170387268075,7.489162034219667,7.2011170387268075,7.201117038726807,13980,0.0,0.0
2016-10-18 00:00:00-04:00,7.448013519834914,7.530311539116558,7.242267294341461,7.489162921905518,3180,0.0,0.0
2016-10-19 00:00:00-04:00,7.5714600556267655,7.5714600556267655,7.324564456939697,7.324564456939697,5280,0.0,0.0
2016-10-20 00:00:00-04:00,7.365713842640097,7.365713842640097,7.2011170387268075,7.201117038726807,3300,0.0,0.0
2016-10-21 00:00:00-04:00,7.3245642005267655,7.365713596343994,7.3245642005267655,7.365713596343994,4620,0.0,0.0
2016-10-24 00:00:00-04:00,7.406862992161224,7.448012387978452,7.242266193751751,7.365713596343994,4160,0.0,0.0
2016-10-25 00:00:00-04:00,7.406863463859916,7.406863463859916,7.242266654968262,7.242266654968262,4120,0.0,0.0
2016-10-26 00:00:00-04:00,7.242265936233548,7.3245639400822355,7.077669143676758,7.077669143676758,19020,0.0,0.0
2016-10-27 00:00:00-04:00,6.995370957159227,6.995370957159227,6.172386138669906,6.378132343292236,18960,0.0,0.0
2016-10-28 00:00:00-04:00,6.378131635609073,6.6250272107335615,6.213534847145879,6.542728424072266,4040,0.0,0.0
2016-10-31 00:00:00-04:00,6.6661766040642085,6.6661766040642085,6.501579423171317,6.542728424072266,1840,0.0,0.0
2016-11-01 00:00:00-04:00,6.58387804412288,6.913071632385254,6.58387804412288,6.913071632385254,5880,0.0,0.0
2016-11-02 00:00:00-04:00,6.913071754076622,6.954221149548631,6.460430366033117,6.501579761505127,17100,0.0,0.0
2016-11-03 00:00:00-04:00,6.378132733898824,6.378132733898824,5.84319249063426,6.254684925079346,17600,0.0,0.0
2016-11-04 00:00:00-04:00,6.295834192337483,6.3369831994538215,5.925490773711892,6.213535785675049,5900,0.0,0.0
2016-11-07 00:00:00-05:00,6.007788949334806,6.007788949334806,5.555147171020508,5.555147171020508,14480,0.0,0.0
2016-11-08 00:00:00-05:00,5.678594831302623,6.007788808502575,5.5962964351100615,5.843191623687744,11300,0.0,0.0
2016-11-09 00:00:00-05:00,6.048937432958155,6.090086824701757,5.884340650843114,5.966639041900635,7140,0.0,0.0
2016-11-10 00:00:00-05:00,5.843191623687744,5.843191623687744,5.719743833184049,5.843191623687744,2220,0.0,0.0
2016-11-11 00:00:00-05:00,5.760893402099609,5.843191800786517,5.0613564246163145,5.143654823303223,15480,0.0,0.0
2016-11-14 00:00:00-05:00,5.143654804963331,5.555147189360398,5.143654804963331,5.349400997161865,6920,0.0,0.0
2016-11-15 00:00:00-05:00,5.30825169995029,5.596296688300701,5.30825169995029,5.472848892211914,3920,0.0,0.0
2016-11-16 00:00:00-05:00,5.555148152916519,5.555148152916519,5.02020788192749,5.02020788192749,11740,0.0,0.0
2016-11-17 00:00:00-05:00,4.979058143858482,5.184804341663713,4.979058143858482,5.061356544494629,3220,0.0,0.0
2016-11-18 00:00:00-05:00,5.061356975425437,5.061356975425437,4.691013552386642,4.732162952423096,13040,0.0,0.0
2016-11-21 00:00:00-05:00,4.773311832997278,5.184804218861536,4.773311832997278,5.143654823303223,5160,0.0,0.0
2016-11-22 00:00:00-05:00,5.308251857757568,5.308251857757568,5.1848044504285795,5.308251857757568,1400,0.0,0.0
2016-11-23 00:00:00-05:00,5.3494019250307225,5.3494019250307225,4.896760066710055,5.02020788192749,8960,0.0,0.0
2016-11-25 00:00:00-05:00,4.896759001650951,5.061356183617102,4.896759001650951,4.979057788848877,400,0.0,0.0
2016-11-28 00:00:00-05:00,4.9790579582365435,5.061356355804562,4.52641618296787,4.608714580535889,8400,0.0,0.0
2016-11-29 00:00:00-05:00,4.526416349411011,4.526416349411011,3.991476156903764,4.11492395401001,17520,0.0,0.0
2016-11-30 00:00:00-05:00,4.197221755981445,4.361818926124244,4.114923367124883,4.197221755981445,26700,0.0,0.0
2016-12-01 00:00:00-05:00,4.320669540880676,4.402967929840088,4.238371151921265,4.402967929840088,880,0.0,0.0
2016-12-02 00:00:00-05:00,4.485266318799499,4.567565100188584,4.402967929840088,4.402967929840088,1640,0.0,0.0
2016-12-05 00:00:00-05:00,5.308252300238088,5.308252300238088,4.279521203879562,4.3206706047058105,4340,0.0,0.0
2016-12-06 00:00:00-05:00,4.444118414754788,4.444118414754788,4.238372195483083,4.3206706047058105,2460,0.0,0.0
2016-12-07 00:00:00-05:00,4.320671831485742,4.361821243995655,4.197223986385888,4.27952241897583,5800,0.0,0.0
2016-12-08 00:00:00-05:00,4.197222794656834,4.3206706047058105,4.197222794656834,4.3206706047058105,1620,0.0,0.0
2016-12-09 00:00:00-05:00,4.279521963455786,4.3618207797155755,4.114925115795886,4.156074523925781,2560,0.0,0.0
2016-12-12 00:00:00-05:00,4.279521963455786,4.279521963455786,4.114925115795886,4.156074523925781,5200,0.0,0.0
2016-12-13 00:00:00-05:00,4.156074523925781,4.279521963455786,4.114925115795886,4.156074523925781,2620,0.0,0.0
2016-12-14 00:00:00-05:00,4.156074523925781,4.197223539625837,3.950328268135987,4.156074523925781,8920,0.0,0.0
2016-12-15 00:00:00-05:00,3.9091783366071287,4.238372380281055,3.9091783366071287,4.032626152038574,11360,0.0,0.0
2016-12-16 00:00:00-05:00,3.909177087886968,4.114923250407335,3.86802769841103,4.0737738609313965,5300,0.0,0.0
2016-12-19 00:00:00-05:00,3.950328268135987,4.156074523925781,3.950328268135987,4.156074523925781,4760,0.0,0.0
2016-12-20 00:00:00-05:00,4.073774071073502,4.073774071073502,3.868027897939897,3.950326681137085,10760,0.0,0.0
2016-12-21 00:00:00-05:00,3.9091788600060924,4.156074523925781,3.9091788600060924,4.156074523925781,340,0.0,0.0
2016-12-22 00:00:00-05:00,3.9914767494181635,4.032626152038574,3.9503277392275398,4.032626152038574,7440,0.0,0.0
2016-12-23 00:00:00-05:00,3.9091783366071287,4.032626152038574,3.9091783366071287,4.032626152038574,860,0.0,0.0
2016-12-27 00:00:00-05:00,4.11492395401001,4.11492395401001,3.9091777563095094,4.11492395401001,5420,0.0,0.0
2016-12-28 00:00:00-05:00,4.032626152038574,4.114924564849609,4.032626152038574,4.032626152038574,1700,0.0,0.0
2016-12-29 00:00:00-05:00,4.0737738609313965,4.197221636929549,4.0737738609313965,4.0737738609313965,11260,0.0,0.0
2016-12-30 00:00:00-05:00,4.032626122863938,4.691013813018799,4.032626122863938,4.691013813018799,14020,0.0,0.0
2017-01-03 00:00:00-05:00,5.061357204677289,5.061357204677289,4.402969128851219,4.773312568664551,6440,0.0,0.0
2017-01-04 00:00:00-05:00,4.773311946053251,5.184804341663713,4.6910131529873755,5.061356544494629,4440,0.0,0.0
2017-01-05 00:00:00-05:00,5.22595318610372,5.555147171020508,5.22595318610372,5.555147171020508,11700,0.0,0.0
2017-01-06 00:00:00-05:00,5.513998215242282,5.92549063107916,5.513998215242282,5.760893821716309,14080,0.0,0.0
2017-01-09 00:00:00-05:00,6.007789035088778,6.369901991993284,5.884341239929199,5.884341239929199,17500,0.0,0.0
2017-01-10 00:00:00-05:00,5.884341239929199,5.884341239929199,5.596296646176663,5.884341239929199,5400,0.0,0.0
2017-01-11 00:00:00-05:00,5.841754336997642,6.082737051695208,5.733727493515354,5.816824913024902,10280,0.06875,0.0
2017-01-12 00:00:00-05:00,5.966398950379272,6.066116228006523,5.816823628297891,6.041186809539795,3800,0.0,0.0
2017-01-13 00:00:00-05:00,5.775275729499541,6.024568372369338,5.775275729499541,5.833444118499756,5420,0.0,0.0
2017-01-17 00:00:00-05:00,6.107666644550867,6.107666644550867,5.983020305633545,5.983020305633545,4800,0.0,0.0
2017-01-18 00:00:00-05:00,6.024568659918648,6.190763498937745,5.692178585640704,5.816824913024902,8940,0.0,0.0
2017-01-19 00:00:00-05:00,5.783585866662759,5.783585866662759,5.442886253181451,5.650629997253418,6400,0.0,0.0
2017-01-20 00:00:00-05:00,5.326550187383067,5.484435501654802,5.276691729650909,5.318240642547607,9880,0.0,0.0
2017-01-23 00:00:00-05:00,5.6755596268799975,5.983020305633545,5.318240491807479,5.983020305633545,11600,0.0,0.0
2017-01-24 00:00:00-05:00,5.98301967077677,6.024568578087061,5.650629997253418,5.650629997253418,13300,0.0,0.0
2017-01-25 00:00:00-05:00,5.73372729194679,5.800205225217405,5.501054129259904,5.567532062530518,5120,0.0,0.0
2017-01-26 00:00:00-05:00,5.442886005558132,5.692178249359131,5.359788194718072,5.692178249359131,5120,0.0,0.0
2017-01-27 00:00:00-05:00,5.650629672789405,5.650629672789405,5.442885940646261,5.550912380218506,2560,0.0,0.0
2017-01-30 00:00:00-05:00,5.609080746886163,5.858373383021437,5.5259833335876465,5.5259833335876465,2280,0.0,0.0
2017-01-31 00:00:00-05:00,5.775275868526298,6.024568517397253,5.484434709003344,5.941471099853516,9700,0.0,0.0
2017-02-01 00:00:00-05:00,5.983019004478564,6.23231162809838,5.899921595351859,6.066116809844971,3400,0.0,0.0
2017-02-02 00:00:00-05:00,6.348648449662275,6.41512638166297,6.1492146536601915,6.356958389282227,10160,0.0,0.0
2017-02-03 00:00:00-05:00,6.356959687363334,6.3818887188341975,6.190764427185059,6.190764427185059,3560,0.0,0.0
2017-02-06 00:00:00-05:00,6.273862438824775,6.398508392303027,6.107667173787402,6.182455062866211,12520,0.0,0.0
2017-02-07 00:00:00-05:00,6.149214841832731,6.149214841832731,5.858373682309778,5.941471099853516,6240,0.0,0.0
2017-02-08 00:00:00-05:00,5.858372794172816,6.024567604064941,5.858372794172816,6.024567604064941,1380,0.0,0.0
2017-02-09 00:00:00-05:00,6.190763352484729,6.190763352484729,5.924851616344768,5.941471099853516,2720,0.0,0.0
2017-02-10 00:00:00-05:00,6.024568349154036,6.024568349154036,5.775275707244873,5.775275707244873,14820,0.0,0.0
2017-02-13 00:00:00-05:00,5.983020305633545,6.066118129071619,5.941471790154297,5.983020305633545,6940,0.0,0.0
2017-02-14 00:00:00-05:00,6.356959322385509,6.356959322385509,5.983020305633545,5.983020305633545,660,0.0,0.0
2017-02-15 00:00:00-05:00,5.8251341252576765,6.066116809844971,5.8251341252576765,6.066116809844971,800,0.0,0.0
2017-02-16 00:00:00-05:00,5.899922878435261,5.983020305633545,5.899922878435261,5.983020305633545,880,0.0,0.0
2017-02-17 00:00:00-05:00,5.8168254512369755,5.983020305633545,5.8168254512369755,5.983020305633545,1180,0.0,0.0
2017-02-21 00:00:00-05:00,5.9414710589392845,5.983019569305171,5.816824735362148,5.858373641967773,3420,0.0,0.0
2017-02-22 00:00:00-05:00,5.941471099853516,5.983019610505513,5.899922192961776,5.941471099853516,5280,0.0,0.0
2017-02-23 00:00:00-05:00,5.983019236391551,6.024568140685268,5.692178095054689,5.758656024932861,3600,0.0,0.0
2017-02-24 00:00:00-05:00,5.833444317691261,5.98301967077677,5.650629997253418,5.650629997253418,4440,0.0,0.0
2017-02-27 00:00:00-05:00,5.983019214430088,5.983019214430088,5.692178074160797,5.733726978302002,7900,0.0,0.0
2017-02-28 00:00:00-05:00,5.8916124847970055,5.8916124847970055,5.692178292021729,5.775275707244873,2540,0.0,0.0
2017-03-01 00:00:00-05:00,5.61739057699029,5.8251343043125985,5.61739057699029,5.675558567047119,2080,0.0,0.0
2017-03-02 00:00:00-05:00,5.899921983979827,5.9165414668998935,5.692178249359131,5.692178249359131,1860,0.0,0.0
2017-03-03 00:00:00-05:00,5.658939084710923,5.775275461064296,5.658939084710923,5.675558567047119,780,0.0,0.0
2017-03-06 00:00:00-05:00,5.858373474799525,5.858373474799525,5.609080834758799,5.692178249359131,8360,0.0,0.0
2017-03-07 00:00:00-05:00,5.733727110531853,5.733727110531853,5.359788153356459,5.609080791473389,8960,0.0,0.0
2017-03-08 00:00:00-05:00,5.559221767680678,5.609080210895431,5.401336499380785,5.584150791168213,3500,0.0,0.0
2017-03-09 00:00:00-05:00,5.50105391147823,5.609080746886163,5.484434428818527,5.5259833335876465,2860,0.0,0.0
2017-03-10 00:00:00-05:00,5.609080968944521,5.609080968944521,5.525983552356253,5.567532062530518,2840,0.0,0.0
2017-03-13 00:00:00-04:00,5.692178160184681,5.692178160184681,5.5259833335876465,5.5259833335876465,2880,0.0,0.0
2017-03-14 00:00:00-04:00,5.52598337751432,5.609080791473389,5.52598337751432,5.609080791473389,5700,0.0,0.0
2017-03-15 00:00:00-04:00,5.883302545154826,5.883302545154826,5.525983461575441,5.775275707244873,7680,0.0,0.0
2017-03-16 00:00:00-04:00,5.924851616344768,5.941471099853516,5.7835858084005425,5.941471099853516,2620,0.0,0.0
2017-03-17 00:00:00-04:00,5.89992233253445,5.89992233253445,5.733727493515354,5.816824913024902,1060,0.0,0.0
2017-03-20 00:00:00-04:00,5.816824480739439,5.899921894073486,5.609080749284459,5.899921894073486,2120,0.0,0.0
2017-03-21 00:00:00-04:00,5.899922093157888,5.941470999346781,5.733727260881786,5.916541576385498,3780,0.0,0.0
2017-03-22 00:00:00-04:00,5.89992215233366,5.89992215233366,5.567532088207875,5.858373641967773,1180,0.0,0.0
2017-03-23 00:00:00-04:00,5.858373682309778,5.941471099853516,5.7337273578743,5.941471099853516,1740,0.0,0.0
2017-03-24 00:00:00-04:00,5.858373385526324,5.9331608594071055,5.7337270674053915,5.899921894073486,3400,0.0,0.0
2017-03-27 00:00:00-04:00,5.816824913024902,5.858373820899552,5.800205429122992,5.816824913024902,640,0.0,0.0
2017-03-28 00:00:00-04:00,5.883302709453028,5.941471099853516,5.7337273578743,5.941471099853516,3140,0.0,0.0
2017-03-29 00:00:00-04:00,5.89992233253445,5.89992233253445,5.775276005150252,5.816824913024902,480,0.0,0.0
2017-03-30 00:00:00-04:00,5.858373641967773,5.89992215233366,5.775275828756523,5.858373641967773,2600,0.0,0.0
2017-03-31 00:00:00-04:00,5.941470798860371,5.941470798860371,5.775275575952554,5.899921894073486,1880,0.0,0.0
2017-04-03 00:00:00-04:00,5.899921894073486,5.899921894073486,5.7337270674053915,5.899921894073486,2380,0.0,0.0
2017-04-04 00:00:00-04:00,5.899922028199454,5.924851450886263,5.775275707244873,5.775275707244873,2060,0.0,0.0
2017-04-05 00:00:00-04:00,5.783585646887053,5.899922028199454,5.775275707244873,5.775275707244873,1200,0.0,0.0
2017-04-06 00:00:00-04:00,5.899922028199454,5.899922028199454,5.775275707244873,5.775275707244873,2060,0.0,0.0
2017-04-07 00:00:00-04:00,6.024569217352582,6.066118129071619,5.941471790154297,5.983020305633545,12000,0.0,0.0
2017-04-10 00:00:00-04:00,6.0661174242889935,6.107665934940991,5.858373682309778,5.941471099853516,7700,0.0,0.0
2017-04-11 00:00:00-04:00,6.066117382516421,6.066117382516421,5.6090809948135,5.858373641967773,5160,0.0,0.0
2017-04-12 00:00:00-04:00,5.890890725435648,5.916065648256347,5.832149505615234,5.832149505615234,2800,0.06875,0.0
2017-04-13 00:00:00-04:00,5.706276850411627,5.95802411137157,5.706276850411627,5.790192604064941,2240,0.0,0.0
2017-04-17 00:00:00-04:00,5.874108091452345,5.874108091452345,5.664318516757619,5.739842891693115,5440,0.0,0.0
2017-04-18 00:00:00-04:00,5.731450350067829,5.790191567176907,5.731450350067829,5.781799793243408,160,0.0,0.0
2017-04-19 00:00:00-04:00,5.6223598057874495,5.748233616394413,5.538444065430078,5.714667320251465,3960,0.0,0.0
2017-04-20 00:00:00-04:00,5.580402309231669,5.748233795166016,5.454528494709996,5.748233795166016,3840,0.0,0.0
2017-04-21 00:00:00-04:00,5.580402374267578,5.6643181182127345,5.580402374267578,5.580402374267578,1460,0.0,0.0
2017-04-24 00:00:00-04:00,5.513270110017006,5.64753530838783,5.118865489589928,5.2866973876953125,7200,0.0,0.0
2017-04-25 00:00:00-04:00,5.370612361864615,5.5887932777404785,5.370612361864615,5.5887932777404785,3820,0.0,0.0
2017-04-26 00:00:00-04:00,5.572010599802147,5.6643181182127345,5.563619225478547,5.580402374267578,860,0.0,0.0
2017-04-27 00:00:00-04:00,5.580402374267578,5.580402374267578,5.580402374267578,5.580402374267578,640,0.0,0.0
2017-04-28 00:00:00-04:00,5.588794656500492,5.664319038391113,5.580403280813698,5.664319038391113,1740,0.0,0.0
2017-05-01 00:00:00-04:00,5.6643181182127345,5.6643181182127345,5.580402374267578,5.580402374267578,560,0.0,0.0
2017-05-02 00:00:00-04:00,5.580403688608817,5.588795064908821,5.454529842973354,5.462921619415283,740,0.0,0.0
2017-05-03 00:00:00-04:00,5.538444335975715,5.597185557166212,5.454528591519171,5.496486663818359,2640,0.0,0.0
2017-05-04 00:00:00-04:00,5.538444302224085,5.580402374267578,5.412570486235436,5.580402374267578,4840,0.0,0.0
2017-05-05 00:00:00-04:00,5.5384442139570575,5.664318027939636,5.5384442139570575,5.563619136810303,2240,0.0,0.0
2017-05-08 00:00:00-04:00,5.454528771812681,5.538444519042969,5.412570698126615,5.538444519042969,3480,0.0,0.0
2017-05-09 00:00:00-04:00,5.412569647834292,5.412569647834292,5.244738185940891,5.253129959106445,2780,0.0,0.0
2017-05-10 00:00:00-04:00,5.2447389668645625,5.32865471030603,5.076907479981628,5.2279558181762695,5700,0.0,0.0
2017-05-11 00:00:00-04:00,5.286697611141071,5.286697611141071,5.0181668029079365,5.068516254425049,6760,0.0,0.0
2017-05-12 00:00:00-04:00,5.118864982896455,5.244738793980346,5.118864982896455,5.202780723571777,1180,0.0,0.0
2017-05-15 00:00:00-04:00,5.429354012381027,5.429354012381027,4.699286389103513,5.219564437866211,6480,0.0,0.0
2017-05-16 00:00:00-04:00,5.328654566120547,5.328654566120547,4.951033530780895,5.118865013122559,1240,0.0,0.0
2017-05-17 00:00:00-04:00,5.118865238269972,5.244739055633545,5.118865238269972,5.244739055633545,2020,0.0,0.0
2017-05-18 00:00:00-04:00,5.202781017824069,5.311871686942707,5.076907599763003,5.160823345184326,2200,0.0,0.0
2017-05-19 00:00:00-04:00,5.076907634735107,5.202781053663248,5.068515860064251,5.076907634735107,1800,0.0,0.0
2017-05-22 00:00:00-04:00,5.412570618732603,5.496486764873816,5.076907634735107,5.076907634735107,2380,0.0,0.0
2017-05-23 00:00:00-04:00,5.118865307663874,5.118865307663874,4.976208339394019,5.076907634735107,1020,0.0,0.0
2017-05-24 00:00:00-04:00,4.867117819307623,5.09369052192225,4.867117819307623,5.03494930267334,2220,0.0,0.0
2017-05-25 00:00:00-04:00,5.076907592898426,5.076907592898426,4.9929914474487305,4.9929914474487305,860,0.0,0.0
2017-05-26 00:00:00-04:00,4.9929914474487305,4.9929914474487305,4.9929914474487305,4.9929914474487305,0,0.0,0.0
2017-05-30 00:00:00-04:00,4.9929914474487305,4.9929914474487305,4.9929914474487305,4.9929914474487305,0,0.0,0.0
2017-05-31 00:00:00-04:00,5.244739090605649,5.244739090605649,5.1230611597092715,5.160823345184326,17800,0.0,0.0
2017-06-01 00:00:00-04:00,5.202781053663248,5.202781053663248,5.076907634735107,5.076907634735107,22340,0.0,0.0
2017-06-02 00:00:00-04:00,5.202781017824069,5.244739090605649,5.076907599763003,5.160823345184326,24020,0.0,0.0
2017-06-05 00:00:00-04:00,5.160823053305023,5.202780723571777,5.081102799557106,5.202780723571777,20440,0.0,0.0
2017-06-06 00:00:00-04:00,5.123061100809449,5.496486663818359,5.123061100809449,5.496486663818359,17320,0.0,0.0
2017-06-07 00:00:00-04:00,5.425158360317543,5.538444519042969,5.412570698126615,5.538444519042969,10240,0.0,0.0
2017-06-08 00:00:00-04:00,5.496487307823114,5.706276893615723,5.496487307823114,5.706276893615723,13160,0.0,0.0
2017-06-09 00:00:00-04:00,5.496486511425631,5.66431799568551,5.416766256295822,5.6475348472595215,2960,0.0,0.0
2017-06-12 00:00:00-04:00,5.538444540408151,5.538444540408151,5.370613045300147,5.500682353973389,23000,0.0,0.0
2017-06-13 00:00:00-04:00,5.454528591519171,5.496486663818359,5.3706128470626275,5.496486663818359,22040,0.0,0.0
2017-06-14 00:00:00-04:00,5.454528558278929,5.622360046169241,5.454528558278929,5.580402374267578,13380,0.0,0.0
2017-06-15 00:00:00-04:00,5.538443804368567,5.647534461761932,5.2447385268910285,5.412569999694824,7720,0.0,0.0
2017-06-16 00:00:00-04:00,5.412570994749002,5.412570994749002,5.328655242919922,5.328655242919922,13080,0.0,0.0
2017-06-19 00:00:00-04:00,5.341242062189121,5.341242062189121,5.244739055633545,5.244739055633545,29380,0.0,0.0
2017-06-20 00:00:00-04:00,5.244739313133503,5.4797038104243,5.118865489589928,5.2866973876953125,8900,0.0,0.0
2017-06-21 00:00:00-04:00,5.454529116198111,5.454529116198111,5.068516254425049,5.068516254425049,30820,0.0,0.0
2017-06-22 00:00:00-04:00,5.131452499963779,5.244739055633545,5.076907565910005,5.244739055633545,3720,0.0,0.0
2017-06-23 00:00:00-04:00,5.076907565910005,5.496486690360689,5.076907565910005,5.244739055633545,31720,0.0,0.0
2017-06-26 00:00:00-04:00,5.286697128135347,5.349633836746215,5.202780983131742,5.244739055633545,11380,0.0,0.0
2017-06-27 00:00:00-04:00,5.244739055633545,5.244739055633545,5.244739055633545,5.244739055633545,0,0.0,0.2
2017-06-28 00:00:00-04:00,5.244739055633545,5.244739055633545,5.244739055633545,5.244739055633545,0,0.0,0.0
2017-06-29 00:00:00-04:00,5.269913673400879,5.269913673400879,5.269913673400879,5.269913673400879,800,0.0,0.0
2017-06-30 00:00:00-04:00,5.269913673400879,5.269913673400879,5.269913673400879,5.269913673400879,0,0.0,0.0
2017-07-03 00:00:00-04:00,5.269913673400879,5.269913673400879,5.269913673400879,5.269913673400879,0,0.0,0.0
2017-07-05 00:00:00-04:00,5.194389343261719,5.194389343261719,5.194389343261719,5.194389343261719,100,0.0,0.0
2017-07-06 00:00:00-04:00,5.194389343261719,5.194389343261719,5.194389343261719,5.194389343261719,0,0.0,0.0
2017-07-07 00:00:00-04:00,5.202780786039057,5.219563934375628,5.018166154336768,5.03494930267334,2500,0.0,0.0
2017-07-10 00:00:00-04:00,4.867117819307623,5.103760090810738,4.867117819307623,5.03494930267334,17000,0.0,0.0
2017-07-11 00:00:00-04:00,6.125854859720519,6.125854859720519,4.5650205365336,5.169214248657227,5000,0.0,0.0
2017-07-12 00:00:00-04:00,5.22755762844359,5.643386296883284,5.091777036948873,5.388797283172607,2100,0.06875,0.0
2017-07-13 00:00:00-04:00,5.401527067545097,5.401527067545097,5.253017134250152,5.261503219604492,600,0.0,0.0
2017-07-14 00:00:00-04:00,5.261502776317269,5.473660152856805,5.261502776317269,5.388797283172607,6300,0.0,0.0
2017-07-17 00:00:00-04:00,5.431229114532471,5.431229114532471,5.431229114532471,5.431229114532471,500,0.0,0.0
2017-07-18 00:00:00-04:00,5.4397149085998535,5.499119118655283,5.422742334963742,5.4397149085998535,4400,0.0,0.0
2017-07-19 00:00:00-04:00,5.448201942480655,5.448201942480655,5.405770301818848,5.405770301818848,3300,0.0,0.0
2017-07-20 00:00:00-04:00,5.456687774018941,5.456687774018941,5.371824901300547,5.431229114532471,4000,0.0,0.0
2017-07-21 00:00:00-04:00,5.397283645030611,5.458384990692139,5.397283645030611,5.458384990692139,900,0.0,0.0
2017-07-24 00:00:00-04:00,5.482147847729525,5.643387537916649,5.482147847729525,5.63490104675293,3200,0.0,0.0
2017-07-25 00:00:00-04:00,5.414255244187071,5.516090667076722,5.414255244187071,5.473659038543701,1800,0.0,0.0
2017-07-26 00:00:00-04:00,5.470265635720942,5.558523178100586,5.414256103773562,5.558523178100586,3300,0.0,0.0
2017-07-27 00:00:00-04:00,5.577192887197024,5.728248909862929,5.558523178100586,5.558523178100586,4700,0.0,0.0
2017-07-28 00:00:00-04:00,5.558524200754415,5.558524200754415,5.51609255767825,5.524579048156738,3600,0.0,0.0
2017-07-31 00:00:00-04:00,5.5585234527982506,5.5585234527982506,5.4566876040501375,5.483843803405762,6000,0.0,0.0
2017-08-01 00:00:00-04:00,5.558523724149157,5.558523724149157,5.388797571055488,5.452445030212402,12300,0.0,0.0
2017-08-02 00:00:00-04:00,5.388797475844226,5.431229114532471,5.388797475844226,5.431229114532471,4700,0.0,0.0
2017-08-03 00:00:00-04:00,5.414256539988792,5.473660348562619,5.388797475844226,5.431229114532471,12200,0.0,0.0
2017-08-04 00:00:00-04:00,5.431228920343748,5.431228920343748,5.346366050659549,5.388797283172607,11600,0.0,0.0
2017-08-07 00:00:00-04:00,5.343819592180984,5.387099794516972,5.303934066273368,5.320906639099121,1700,0.0,0.0
2017-08-08 00:00:00-04:00,5.388798246265595,5.72825019032776,5.388798246265595,5.715520858764648,8400,0.0,0.0
2017-08-09 00:00:00-04:00,5.728249898022593,5.728249898022593,5.724006652832031,5.724006652832031,1000,0.0,0.0
2017-08-10 00:00:00-04:00,5.7197619081406605,5.7197619081406605,5.685816764831543,5.685816764831543,1200,0.0,0.0
2017-08-11 00:00:00-04:00,5.694304617706837,5.719763278961182,5.681575287079664,5.719763278961182,2300,0.0,0.0
2017-08-14 00:00:00-04:00,5.728249004224259,5.728249004224259,5.516091633697434,5.617927074432373,5200,0.0,0.0
2017-08-15 00:00:00-04:00,5.516091660117881,5.516091660117881,5.431228792432297,5.4566874504089355,12400,0.0,0.0
2017-08-16 00:00:00-04:00,5.488936573161446,5.516092777252197,5.437170274088097,5.516092777252197,800,0.0,0.0
2017-08-17 00:00:00-04:00,5.507604179506918,5.507604179506918,5.465172955631897,5.473659038543701,900,0.0,0.0
2017-08-18 00:00:00-04:00,5.346365686500659,5.5585230485894455,5.346365686500659,5.554279804229736,6100,0.0,0.0
2017-08-21 00:00:00-04:00,5.516092579523452,5.558524222767658,5.516092579523452,5.545794486999512,1100,0.0,0.0
2017-08-22 00:00:00-04:00,5.555978312909247,5.555978312909247,5.482996191453297,5.516092777252197,5500,0.0,0.0
2017-08-23 00:00:00-04:00,5.516091542830968,5.558523178100586,5.516091542830968,5.558523178100586,1000,0.0,0.0
2017-08-24 00:00:00-04:00,5.550037384033203,5.550037384033203,5.550037384033203,5.550037384033203,200,0.0,0.0
2017-08-25 00:00:00-04:00,5.507605302146119,5.600954661151771,5.507605302146119,5.533064365386963,2100,0.0,0.0
2017-08-28 00:00:00-04:00,5.558523428627807,5.575496002569009,5.533064365386963,5.533064365386963,3700,0.0,0.0
2017-08-29 00:00:00-04:00,5.44735312104768,5.506756929621508,5.431229114532471,5.431229114532471,2200,0.0,0.0
2017-08-30 00:00:00-04:00,5.4991193306942625,5.4991193306942625,5.472811698913574,5.472811698913574,1500,0.0,0.0
2017-08-31 00:00:00-04:00,5.405769729797585,5.462627830914023,5.405769729797585,5.4566874504089355,24700,0.0,0.0
2017-09-01 00:00:00-04:00,5.456688809012692,5.516093033512073,5.448202722460309,5.490633964538574,6400,0.0,0.0
2017-09-05 00:00:00-04:00,5.516091010628476,5.627261495837202,5.516091010628476,5.592467784881592,8200,0.0,0.0
2017-09-06 00:00:00-04:00,5.609441049619049,5.609441049619049,5.431228824110835,5.4397149085998535,13600,0.0,0.0
2017-09-07 00:00:00-04:00,5.4057710757238695,5.516093033512073,5.4057710757238695,5.490633964538574,3200,0.0,0.0
2017-09-08 00:00:00-04:00,5.439715125880444,5.505059719085693,5.439715125880444,5.505059719085693,400,0.0,0.0
2017-09-11 00:00:00-04:00,5.507604179506918,5.516090667076722,5.473659038543701,5.473659038543701,5000,0.0,0.0
2017-09-12 00:00:00-04:00,5.473659774411848,5.482146263122559,5.473659774411848,5.482146263122559,1400,0.0,0.0
2017-09-13 00:00:00-04:00,5.5160923514699025,5.5160923514699025,5.482147200141199,5.4897847175598145,3400,0.0,0.0
2017-09-14 00:00:00-04:00,5.482147161571867,5.482147161571867,5.091777519380079,5.371825218200684,4100,0.0,0.0
2017-09-15 00:00:00-04:00,5.354852424495968,5.388797574202908,5.354852424495968,5.380311489105225,1700,0.0,0.0
2017-09-18 00:00:00-04:00,5.329394471924715,5.329394471924715,5.116388082952518,5.134209632873535,4900,0.0,0.0
2017-09-19 00:00:00-04:00,5.118084008849193,5.202098299712204,5.118084008849193,5.163909912109375,5300,0.0,0.0
2017-09-20 00:00:00-04:00,5.1596676939968935,5.211433987430426,5.1596676939968935,5.160516262054443,1000,0.0,0.0
2017-09-21 00:00:00-04:00,5.108749223078069,5.112143899470979,5.049345016479492,5.049345016479492,5700,0.0,0.0
2017-09-22 00:00:00-04:00,5.062075564709088,5.0832909804428565,4.947510377387777,4.982304096221924,9000,0.0,0.0
2017-09-25 00:00:00-04:00,4.98994280471321,4.98994280471321,4.8287031108407765,4.837189197540283,2200,0.0,0.0
2017-09-26 00:00:00-04:00,4.837188621743284,4.922051906585693,4.832945781227669,4.922051906585693,8900,0.0,0.0
2017-09-27 00:00:00-04:00,4.913564495200958,4.93902355681306,4.905078411102295,4.905078411102295,2100,0.0,0.0
2017-09-28 00:00:00-04:00,4.922052419230404,4.9305385058036135,4.871134281158447,4.871134281158447,2900,0.0,0.0
2017-09-29 00:00:00-04:00,4.820215419669296,4.927991647930856,4.820215419669296,4.86264705657959,4500,0.0,0.0
2017-10-02 00:00:00-04:00,4.731110413106001,4.871134281158447,4.731110413106001,4.871134281158447,1600,0.0,0.0
2017-10-03 00:00:00-04:00,4.871134281158447,4.871134281158447,4.871134281158447,4.871134281158447,0,0.0,0.0
2017-10-04 00:00:00-04:00,4.845675025532257,4.845675025532257,4.828702449798584,4.828702449798584,600,0.0,0.0
2017-10-05 00:00:00-04:00,4.8541602878780905,4.922050983957678,4.8541602878780905,4.905078411102295,2200,0.0,0.0
2017-10-06 00:00:00-04:00,4.944964672533744,4.944964672533744,4.87962007522583,4.87962007522583,3800,0.0,0.0
2017-10-09 00:00:00-04:00,4.879619194148495,4.891499954303236,4.876224517822266,4.876224517822266,1000,0.0,0.0
2017-10-10 00:00:00-04:00,4.989941307072307,4.989941307072307,4.86264680751941,4.888105869293213,3000,0.0,0.0
2017-10-11 00:00:00-04:00,4.760811982514179,4.930537733991751,4.760811982514179,4.913565158843994,2500,0.0,0.0
2017-10-12 00:00:00-04:00,4.9468447538372695,4.967456340789795,4.9468447538372695,4.967456340789795,1200,0.06875,0.0
2017-10-13 00:00:00-04:00,4.955433139236843,5.599553566743472,4.955433139236843,5.117751598358154,5800,0.0,0.0
2017-10-16 00:00:00-04:00,5.024138927459717,5.024138927459717,5.024138927459717,5.024138927459717,300,0.0,0.0
2017-10-17 00:00:00-04:00,5.021562921926423,5.021562921926423,4.848938465118408,4.848938465118408,7800,0.0,0.0
2017-10-18 00:00:00-04:00,4.8609619140625,4.862679853521828,4.8609619140625,4.8609619140625,1200,0.0,0.0
2017-10-19 00:00:00-04:00,4.8609619140625,4.873844617164181,4.852373854848776,4.8609619140625,600,0.0,0.0
2017-10-20 00:00:00-04:00,4.85237403276659,4.869550561344565,4.809432506561279,4.809432506561279,12300,0.0,0.0
2017-10-23 00:00:00-04:00,4.732136937277117,4.766489984302815,4.6462539101922475,4.654842376708984,7700,0.0,0.0
2017-10-24 00:00:00-04:00,4.714961528778076,4.714961528778076,4.714961528778076,4.714961528778076,300,0.0,0.0
2017-10-25 00:00:00-04:00,4.732137680053711,4.732137680053711,4.732137680053711,4.732137680053711,300,0.0,0.0
2017-10-26 00:00:00-04:00,4.5174317366417105,5.067081086927591,4.435842914856315,4.489090442657471,33100,0.0,0.0
2017-10-27 00:00:00-04:00,4.536324996706186,4.53718376159668,4.536324996706186,4.53718376159668,2200,0.0,0.0
2017-10-30 00:00:00-04:00,4.577548130459088,4.6376661716423895,4.577548130459088,4.594724655151367,4400,0.0,0.0
2017-10-31 00:00:00-04:00,4.568961144433204,4.633373024755625,4.568961144433204,4.625643730163574,1100,0.0,0.0
2017-11-01 00:00:00-04:00,4.5964441416393464,4.612761497497559,4.5964441416393464,4.612761497497559,800,0.0,0.0
2017-11-02 00:00:00-04:00,4.568960010997555,4.708948501059521,4.568960010997555,4.663430690765381,5700,0.0,0.0
2017-11-03 00:00:00-04:00,4.66343273471165,4.69692703351638,4.66343273471165,4.695209503173828,3700,0.0,0.0
2017-11-06 00:00:00-05:00,4.766491413116455,4.775079472686943,4.766491413116455,4.766491413116455,600,0.0,0.0
2017-11-07 00:00:00-05:00,4.723550182761615,4.732997417449951,4.723550182761615,4.732997417449951,4200,0.0,0.0
2017-11-08 00:00:00-05:00,4.680608593926105,4.713244122868648,4.680608593926105,4.689197063446045,3200,0.0,0.0
2017-11-09 00:00:00-05:00,4.6891966053668614,4.6900553703308105,4.680608136685914,4.6900553703308105,3200,0.0,0.0
2017-11-10 00:00:00-05:00,4.68060827255249,4.692632210958987,4.68060827255249,4.68060827255249,2000,0.0,0.0
2017-11-13 00:00:00-05:00,4.689196036992664,4.729560852050781,4.689196036992664,4.729560852050781,9100,0.0,0.0
2017-11-14 00:00:00-05:00,4.765632194332614,4.766491368850356,4.690055550827062,4.723549842834473,13200,0.0,0.0
2017-11-15 00:00:00-05:00,4.740726188890365,4.740726188890365,4.680608136685914,4.6900553703308105,12600,0.0,0.0
2017-11-16 00:00:00-05:00,4.680608470644669,4.714961528778076,4.629078883444558,4.714961528778076,7800,0.0,0.0
2017-11-17 00:00:00-05:00,4.723549333847984,5.0756683349609375,4.723549333847984,5.0756683349609375,17100,0.0,0.0
2017-11-20 00:00:00-05:00,5.06708065759053,5.3676701013626955,5.039598130976734,5.353929042816162,13400,0.0,0.0
2017-11-21 00:00:00-05:00,5.402023611603418,5.4707297291562815,5.376259022281476,5.453553199768066,5900,0.0,0.0
2017-11-22 00:00:00-05:00,5.582376535223952,5.960260534443135,5.582376535223952,5.822848320007324,19600,0.0,0.0
2017-11-24 00:00:00-05:00,5.882966681507479,6.398262958442303,5.814260565852269,6.312380313873291,43800,0.0,0.0
2017-11-27 00:00:00-05:00,6.312379958865431,6.836264675554288,6.106261623491884,6.286615371704102,35500,0.0,0.0
2017-11-28 00:00:00-05:00,6.41543950656533,6.484146031947015,6.325262627117671,6.398262977600098,6100,0.0,0.0
2017-11-29 00:00:00-05:00,6.338144299073502,6.578615665435791,6.278026252722586,6.578615665435791,6300,0.0,0.0
2017-11-30 00:00:00-05:00,6.612969309335068,6.6206990129909045,6.003201961517334,6.003201961517334,8500,0.0,0.0
2017-12-01 00:00:00-05:00,5.891555211695944,5.9259082698790655,5.590965747833252,5.590965747833252,3900,0.0,0.0
2017-12-04 00:00:00-05:00,5.444964365699947,5.711200738125685,5.372822788717819,5.599553108215332,8100,0.0,0.0
2017-12-05 00:00:00-05:00,5.571213144964286,5.599554441650455,5.571213144964286,5.582377910614014,4700,0.0,0.0
2017-12-06 00:00:00-05:00,5.505082177246749,5.548023700714111,5.4621410633001055,5.548023700714111,2400,0.0,0.0
2017-12-07 00:00:00-05:00,5.479317271889922,5.599552957271886,5.479317271889922,5.539434909820557,5900,0.0,0.0
2017-12-08 00:00:00-05:00,5.556612004739823,5.71120116842308,5.556612004739823,5.62531852722168,3200,0.0,0.0
2017-12-11 00:00:00-05:00,5.694023865027137,5.814259546340819,5.642494287321273,5.702611923217773,14800,0.0,0.0
2017-12-12 00:00:00-05:00,5.754142102327274,5.754142102327274,5.720647811889648,5.720647811889648,1000,0.0,0.0
2017-12-13 00:00:00-05:00,5.7026120549989985,5.943083832704088,5.7026120549989985,5.874377727508545,7300,0.0,0.0
2017-12-14 00:00:00-05:00,5.925907665447472,6.054731825254731,5.717212633035099,5.900142669677734,11200,0.0,0.0
2017-12-15 00:00:00-05:00,5.9259079995591755,5.9259079995591755,5.711201190948486,5.711201190948486,12600,0.0,0.0
2017-12-18 00:00:00-05:00,5.822849289092784,6.003202645795293,5.804813584853839,5.908731937408447,10800,0.0,0.0
2017-12-19 00:00:00-05:00,5.900143069964064,5.900143069964064,5.840025424957275,5.840025424957275,1000,0.0,0.0
2017-12-20 00:00:00-05:00,5.908731360444409,6.054732053085038,5.840025248500756,5.891554832458496,20900,0.0,0.0
2017-12-21 00:00:00-05:00,5.968849882243572,5.99461488277539,5.907014290487999,5.960261821746826,4300,0.0,0.0
2017-12-22 00:00:00-05:00,6.046143076354698,6.046143076354698,5.934495449066162,5.934495449066162,2100,0.0,0.0
2017-12-26 00:00:00-05:00,5.882966856427237,6.054732560193168,5.848613797578205,5.977437973022461,14300,0.0,0.0
2017-12-27 00:00:00-05:00,5.908730725108408,6.157790558884369,5.908730725108408,6.140614032745361,9400,0.0,0.0
2017-12-28 00:00:00-05:00,6.202451646950949,6.346734432027557,6.183557175324607,6.3012166023254395,7200,0.0,0.0
2017-12-29 00:00:00-05:00,6.424028640031969,6.424028640031969,6.257415923273321,6.346734046936035,4800,0.0,0.0
2018-01-02 00:00:00-05:00,6.346732424727373,6.5442626825236845,6.346732424727373,6.509909629821777,8600,0.0,0.0
2018-01-03 00:00:00-05:00,6.44120452930857,6.466969527614937,6.355321884155273,6.355321884155273,1600,0.0,0.0
2018-01-04 00:00:00-05:00,6.355321884155273,6.355321884155273,6.290909593149735,6.355321884155273,5000,0.0,0.0
2018-01-05 00:00:00-05:00,6.384521007537842,6.384521007537842,6.384521007537842,6.384521007537842,300,0.0,0.0
2018-01-08 00:00:00-05:00,6.441204809387561,6.449793279036716,6.398263280183335,6.4059929847717285,4800,0.0,0.0
2018-01-09 00:00:00-05:00,6.312378973119061,6.4412031173706055,6.226496346791586,6.4412031173706055,7800,0.0,0.0
2018-01-10 00:00:00-05:00,6.312380313873291,6.312380313873291,6.2436741982180815,6.312380313873291,6700,0.0,0.0
2018-01-11 00:00:00-05:00,6.285288791156763,6.3633131980896,6.285288791156763,6.3633131980896,6500,0.06875,0.0
2018-01-12 00:00:00-05:00,6.415329230623389,6.5540389177544425,6.404059047874616,6.51936149597168,8200,0.0,0.0
2018-01-16 00:00:00-05:00,6.415328707029329,6.6754093491732895,6.415328707029329,6.580046653747559,12700,0.0,0.0
2018-01-17 00:00:00-05:00,6.467344373077504,6.502021789550781,6.415328248367587,6.502021789550781,10900,0.0,0.0
2018-01-18 00:00:00-05:00,6.458675505392712,6.458675505392712,6.363312806550843,6.3979902267456055,4900,0.0,0.0
2018-01-19 00:00:00-05:00,6.389320436121212,6.606054511268233,6.389320436121212,6.580046653747559,8200,0.0,0.0
2018-01-22 00:00:00-05:00,6.606055282844716,6.606055282844716,6.345974610323757,6.415329456329346,1700,0.0,0.0
2018-01-23 00:00:00-05:00,6.423998154784926,6.5375668518386,6.391921768120409,6.510692119598389,8000,0.0,0.0
2018-01-24 00:00:00-05:00,6.502022223033951,6.658070607567287,6.458675242858749,6.484683513641357,9800,0.0,0.0
2018-01-25 00:00:00-05:00,6.556639824451978,6.580047063031511,6.467345237731934,6.467345237731934,3000,0.0,0.0
2018-01-26 00:00:00-05:00,6.554038421931144,6.588715841090505,6.554038421931144,6.567042350769043,2200,0.0,0.0
2018-01-29 00:00:00-05:00,6.5106922495503605,6.67540979385376,6.502022687540988,6.67540979385376,15000,0.0,0.0
2018-01-30 00:00:00-05:00,6.675409771744533,6.675409771744533,6.450006534284475,6.452607154846191,12800,0.0,0.0
2018-01-31 00:00:00-05:00,6.441336965206083,6.519361369396169,6.380651684958209,6.467345237731934,3400,0.0,0.0
2018-02-01 00:00:00-05:00,6.423998480611355,6.476014614105225,6.350308854814837,6.476014614105225,7900,0.0,0.0
2018-02-02 00:00:00-05:00,6.311296605440789,6.37458291725548,6.224602642539202,6.285288333892822,20900,0.0,0.0
2018-02-05 00:00:00-05:00,6.302626859497437,6.302626859497437,5.895166982002013,6.0096025466918945,6700,0.0,0.0
2018-02-06 00:00:00-05:00,5.91250565995656,6.267949407374369,5.91250565995656,6.198594570159912,9900,0.0,0.0
2018-02-07 00:00:00-05:00,6.1899250639207954,6.1899250639207954,6.092828208278655,6.137908935546875,7300,0.0,0.0
2018-02-08 00:00:00-05:00,6.094562622194773,6.241941452026367,6.085893060411318,6.241941452026367,26200,0.0,0.0
2018-02-09 00:00:00-05:00,6.241941452026367,6.35464327488652,6.198594883271472,6.241941452026367,15900,0.0,0.0
2018-02-12 00:00:00-05:00,6.30175995354583,6.432667353494936,6.241941137736832,6.389320373535156,4500,0.0,0.0
2018-02-13 00:00:00-05:00,6.337304908310789,6.362446308135986,6.259280501579113,6.362446308135986,1500,0.0,0.0
2018-02-14 00:00:00-05:00,6.259280751254586,6.493353567399026,6.259280751254586,6.451740741729736,12700,0.0,0.0
2018-02-15 00:00:00-05:00,6.571376578236444,6.571376578236444,6.389319936284255,6.421396732330322,1500,0.0,0.0
2018-02-16 00:00:00-05:00,6.380651659562333,6.398857243564234,6.371982097625732,6.371982097625732,3400,0.0,0.0
2018-02-20 00:00:00-05:00,6.458675735262338,6.458675735262338,6.371982181689935,6.4066596031188965,5100,0.0,0.0
2018-02-21 00:00:00-05:00,6.328635528105129,6.380651659562333,6.328635528105129,6.371982097625732,700,0.0,0.0
2018-02-22 00:00:00-05:00,6.250610730091301,6.337304277053485,6.241941168701363,6.293957710266113,1200,0.0,0.0
2018-02-23 00:00:00-05:00,6.293958107133659,6.371982097625732,6.293958107133659,6.371982097625732,7000,0.0,0.0
2018-02-26 00:00:00-05:00,6.371982263243685,6.371982263243685,6.293958270723644,6.3286356925964355,1100,0.0,0.0
2018-02-27 00:00:00-05:00,6.29395831084986,6.371982303867331,6.259280475368509,6.31563138961792,10000,0.0,0.0
2018-02-28 00:00:00-05:00,6.198594883271472,6.241941452026367,6.198594883271472,6.241941452026367,1500,0.0,0.0
2018-03-01 00:00:00-05:00,6.146578703344422,6.146578703344422,5.948917078176968,6.11190128326416,28100,0.0,0.0
2018-03-02 00:00:00-05:00,6.111900513838937,6.128371934924142,6.033876121787088,6.103230953216553,7000,0.0,0.0
2018-03-05 00:00:00-05:00,6.2419408424076614,6.2419408424076614,6.1032311745191326,6.189924716949463,11700,0.0,0.0
2018-03-06 00:00:00-05:00,6.224602741846917,6.241941452026367,6.111901332374223,6.241941452026367,3300,0.0,0.0
2018-03-07 00:00:00-05:00,6.12924030543968,6.155248165130615,6.120570743284384,6.155248165130615,2600,0.0,0.0
2018-03-08 00:00:00-05:00,6.068554350231869,6.241941452026367,6.059884788448414,6.241941452026367,2600,0.0,0.0
2018-03-09 00:00:00-05:00,6.111901368195186,6.241941488609476,6.111901368195186,6.146578788757324,1600,0.0,0.0
2018-03-12 00:00:00-04:00,6.172586535131927,6.172586535131927,6.095429420471191,6.095429420471191,3200,0.0,0.0
2018-03-13 00:00:00-04:00,6.094562309987635,6.224602422978194,6.068554039357061,6.1682515144348145,2200,0.0,0.0
2018-03-14 00:00:00-04:00,6.250610603380188,6.250610603380188,6.068553951756498,6.085025787353516,2200,0.0,0.0
2018-03-15 00:00:00-04:00,6.155248248120415,6.155248248120415,5.895167580767077,6.077224254608154,4100,0.0,0.0
2018-03-16 00:00:00-04:00,5.995730892616465,6.059884071350098,5.947182675213958,6.059884071350098,1000,0.0,0.0
2018-03-19 00:00:00-04:00,6.120570575037277,6.120570575037277,5.947183470572326,6.085893154144287,1900,0.0,0.0
2018-03-20 00:00:00-04:00,6.094562430312814,6.094562430312814,6.013936996459961,6.013936996459961,8800,0.0,0.0
2018-03-21 00:00:00-04:00,5.929844659643798,6.0988969802856445,5.91250594949111,6.0988969802856445,5300,0.0,0.0
2018-03-22 00:00:00-04:00,6.068554070000278,6.233272015792493,6.068554070000278,6.215066432952881,3800,0.0,0.0
2018-03-23 00:00:00-04:00,6.12923994476738,6.285288333892822,6.12923994476738,6.285288333892822,4700,0.0,0.0
2018-03-26 00:00:00-04:00,6.155247621739179,6.307828512425086,6.155247621739179,6.293957710266113,1700,0.0,0.0
2018-03-27 00:00:00-04:00,6.241941703097063,6.241941703097063,5.938514056058139,6.154381275177002,4700,0.0,0.0
2018-03-28 00:00:00-04:00,6.094561958596017,6.094561958596017,5.938513170584687,6.029541492462158,9500,0.0,0.0
2018-03-29 00:00:00-04:00,5.973190828209696,6.008735533021037,5.938513410227232,5.990529537200928,2600,0.0,0.0
2018-04-02 00:00:00-04:00,6.042546113683446,6.146578788757324,5.999199544674504,6.146578788757324,6200,0.0,0.0
2018-04-03 00:00:00-04:00,6.15524719276907,6.2939572716290515,6.15524719276907,6.2809529304504395,9800,0.0,0.0
2018-04-04 00:00:00-04:00,6.241940866297896,6.978837013244629,6.241940866297896,6.978837013244629,18300,0.0,0.0
2018-04-05 00:00:00-04:00,6.978837541550315,7.152224640200188,6.900813140464147,7.108877658843994,16800,0.0,0.0
2018-04-06 00:00:00-04:00,7.195571330763371,7.195571330763371,6.980571006416327,7.036921501159668,7200,0.0,0.0
2018-04-09 00:00:00-04:00,7.022183957058256,7.195571041736581,6.987506540122591,7.152224063873291,9200,0.0,0.0
2018-04-10 00:00:00-04:00,7.152224345305467,7.238918304443359,7.022184233373497,7.238918304443359,33300,0.0,0.0
2018-04-11 00:00:00-04:00,7.219846462609898,7.551016143883329,7.219846462609898,7.49899959564209,17400,0.0,0.0
2018-04-12 00:00:00-04:00,7.515386076690436,7.547719453007572,7.427997537013083,7.4454755783081055,7700,0.06875,0.0
2018-04-13 00:00:00-04:00,7.515383631777158,7.76880931431809,7.452463703662916,7.681420803070068,4400,0.0,0.0
2018-04-16 00:00:00-04:00,7.690161578448759,7.996019770923019,7.532862555611323,7.856198787689209,29400,0.0,0.0
2018-04-17 00:00:00-04:00,7.9348482991079266,8.039714036533285,7.672683538845133,7.856198787689209,31100,0.0,0.0
2018-04-18 00:00:00-04:00,7.864938259124756,7.996020230083963,7.777549722886054,7.864938259124756,14300,0.0,0.0
2018-04-19 00:00:00-04:00,7.803764268089715,8.210992815534027,7.078442484687267,8.05718994140625,15400,0.0,0.0
2018-04-20 00:00:00-04:00,8.08340835571289,8.08340835571289,7.952326391412202,8.08340835571289,13000,0.0,0.0
2018-04-23 00:00:00-04:00,8.083406963825377,8.3211030960083,8.030973687094344,8.3211030960083,20400,0.0,0.0
2018-04-24 00:00:00-04:00,8.33683258729393,8.6863849843592,8.301877347587402,8.653178215026855,12500,0.0,0.0
2018-04-25 00:00:00-04:00,8.607739410063802,8.607739410063802,8.293141306372378,8.38926887512207,12000,0.0,0.0
2018-04-26 00:00:00-04:00,8.30187915172182,8.476655388236198,8.25818488424352,8.266923904418945,8500,0.0,0.0
2018-04-27 00:00:00-04:00,8.336834191669702,8.476655177403556,8.336834191669702,8.45917797088623,6700,0.0,0.0
2018-04-30 00:00:00-04:00,8.406743502327995,8.441698743845834,8.293138759045343,8.415482521057129,22000,0.0,0.0
2018-05-01 00:00:00-04:00,8.30275322512873,8.30275322512873,7.982912260177522,7.989029407501221,8600,0.0,0.0
2018-05-02 00:00:00-04:00,8.004756669886225,8.07466714298054,7.864935723697596,8.05718994140625,7100,0.0,0.0
2018-05-03 00:00:00-04:00,8.03097470306789,8.03097470306789,7.821243236408599,7.83872127532959,4000,0.0,0.0
2018-05-04 00:00:00-04:00,7.707637556700836,7.878045082092284,7.57393374194974,7.878045082092285,11500,0.0,0.0
2018-05-07 00:00:00-04:00,7.899891809659117,7.899891809659117,7.7425928115844735,7.742592811584473,6500,0.0,0.0
2018-05-08 00:00:00-04:00,7.697151548001806,7.837846755981445,7.675304833541055,7.837846755981445,7900,0.0,0.0
2018-05-09 00:00:00-04:00,7.856199238821117,7.899893506940468,7.781919233037874,7.864938259124756,6200,0.0,0.0
2018-05-10 00:00:00-04:00,7.899892959357692,8.310617717771965,7.8824157533606956,8.258184432983398,23200,0.0,0.0
2018-05-11 00:00:00-04:00,8.083409583175108,8.266924861102067,8.083409583175108,8.188275337219238,2400,0.0,0.0
2018-05-14 00:00:00-04:00,8.310616990346928,8.310616990346928,8.240706505680603,8.26954460144043,4100,0.0,0.0
2018-05-15 00:00:00-04:00,8.12710189819336,8.266922869907862,8.109623860029682,8.12710189819336,14700,0.0,0.0
2018-05-16 00:00:00-04:00,8.127104309455415,8.136716733258147,7.978544274582222,8.118365287780762,2800,0.0,0.0
2018-05-17 00:00:00-04:00,8.065928125494105,8.083406160466973,7.742591979083256,8.05718994140625,13100,0.0,0.0
2018-05-18 00:00:00-04:00,7.934848785400391,7.934848785400391,7.934848785400391,7.934848785400391,900,0.0,0.0
2018-05-21 00:00:00-04:00,7.803765788740733,7.891153480437806,7.803765788740733,7.882415294647217,2900,0.0,0.0
2018-05-22 00:00:00-04:00,7.864937267462286,8.205751515742532,7.856198248260519,8.113120079040527,4100,0.0,0.0
2018-05-23 00:00:00-04:00,8.112245430032523,8.240706338870961,7.847458828834662,8.022235870361328,15600,0.0,0.0
2018-05-24 00:00:00-04:00,7.96106390197776,8.15331815557532,7.96106390197776,8.030974388122559,2500,0.0,0.0
2018-05-25 00:00:00-04:00,8.05107471329924,8.135841369628906,8.05107471329924,8.135841369628906,800,0.0,0.0
2018-05-29 00:00:00-04:00,8.013497248892197,8.013497248892197,7.663944815306423,7.882415294647217,4100,0.0,0.0
2018-05-30 00:00:00-04:00,7.978541566813376,7.996018770832266,7.882414861212743,7.952325344085693,1100,0.0,0.0
2018-05-31 00:00:00-04:00,7.882413881111752,7.900765318079178,7.777547336442761,7.786286354064941,3600,0.0,0.0
2018-06-01 00:00:00-04:00,7.777547215630413,8.05718994140625,7.777547215630413,8.05718994140625,3000,0.0,0.0
2018-06-04 00:00:00-04:00,8.10088570766609,8.10088570766609,7.952325716258711,8.030974388122559,8400,0.0,0.0
2018-06-05 00:00:00-04:00,8.039714020594595,8.039714020594595,7.943587303161621,7.943587303161621,2500,0.0,0.0
2018-06-06 00:00:00-04:00,7.838721412534092,7.952326167312706,7.55034043248022,7.816000461578369,9100,0.0,0.0
2018-06-07 00:00:00-04:00,7.768809152219171,7.812502573532894,7.768809152219171,7.786286354064941,1400,0.0,0.0
2018-06-08 00:00:00-04:00,7.9077578827546935,7.9077578827546935,7.725116868211138,7.734729290008545,3200,0.0,0.0
2018-06-11 00:00:00-04:00,7.69016226705041,7.899893760681152,7.681423246466077,7.899893760681152,6200,0.0,0.0
2018-06-12 00:00:00-04:00,7.77754871625549,7.856198222011125,7.688413387571259,7.803765773773193,4600,0.0,0.0
2018-06-13 00:00:00-04:00,7.864937112522694,7.864937112522694,7.375562881048065,7.739098072052002,7000,0.0,0.0
2018-06-14 00:00:00-04:00,7.86493726068017,7.86493726068017,7.628988742828369,7.628988742828369,3600,0.0,0.0
2018-06-15 00:00:00-04:00,7.628115340948191,7.681422024595016,7.479555348241221,7.628988742828369,14400,0.0,0.0
2018-06-18 00:00:00-04:00,7.602772193359977,7.602772193359977,7.42537411162101,7.532861709594727,16400,0.0,0.0
2018-06-19 00:00:00-04:00,7.401780375274006,7.515385129172048,7.30565282706863,7.3904194831848145,10300,0.0,0.0
2018-06-20 00:00:00-04:00,7.253220772675002,7.427997006139702,7.139616012573242,7.139616012573242,7400,0.0,0.0
2018-06-21 00:00:00-04:00,7.130876057796549,7.323130306105403,7.04785704525884,7.218264579772949,13800,0.0,0.0
2018-06-22 00:00:00-04:00,7.251471971242908,7.296913867988646,6.929883003234863,6.929883003234863,10300,0.0,0.0
2018-06-25 00:00:00-04:00,6.833756827300808,7.305652618408203,6.833756827300808,7.305652618408203,6500,0.0,0.0
2018-06-26 00:00:00-04:00,7.305651809758384,7.305651809758384,7.209525108337402,7.209525108337402,3200,0.0,0.0
2018-06-27 00:00:00-04:00,7.20952532096992,7.340607266173537,7.165831061435821,7.261958599090576,10400,0.0,0.0
2018-06-28 00:00:00-04:00,6.999795524319288,7.436736555798912,6.999795524319288,7.366826057434082,24000,0.0,0.0
2018-06-29 00:00:00-04:00,7.218265269939959,7.436735762371081,6.973578135069369,7.374690055847168,8300,0.0,0.0
2018-07-02 00:00:00-04:00,7.331868275807974,7.532860680833912,7.2881740210723285,7.471689224243164,4400,0.0,0.0
2018-07-03 00:00:00-04:00,7.541600704193115,7.541600704193115,7.279435974216088,7.541600704193115,5300,0.0,0.0
2018-07-05 00:00:00-04:00,7.462951441980447,7.524122908697087,7.393040956190365,7.497906684875488,11000,0.0,0.0
2018-07-06 00:00:00-04:00,7.611511498045257,7.6202505171938,7.503150494159025,7.559078216552734,700,0.0,0.0
2018-07-09 00:00:00-04:00,7.524123871671233,7.687540048984747,7.502277154590306,7.576557159423828,24200,0.0,0.0
2018-07-10 00:00:00-04:00,7.637728189179324,7.646467208862305,7.445474756546484,7.646467208862305,2700,0.0,0.0
2018-07-11 00:00:00-04:00,7.61151280361642,7.6464680528075855,7.401781308469429,7.4454755783081055,5900,0.0,0.0
2018-07-12 00:00:00-04:00,7.629381298240956,7.735100108726744,7.5236624877551685,7.708670616149902,17700,0.06875,0.0
2018-07-13 00:00:00-04:00,7.655810230820748,7.742147799184809,7.400322914123535,7.400322914123535,14300,0.0,0.0
2018-07-16 00:00:00-04:00,7.576521214155983,7.75271920607578,7.514851286850329,7.682240009307861,11600,0.0,0.0
2018-07-17 00:00:00-04:00,7.6822402925057105,7.6822402925057105,7.611761093139648,7.611761093139648,3200,0.0,0.0
2018-07-18 00:00:00-04:00,7.664621125489434,7.673431236665048,7.576522534268626,7.64700174331665,18400,0.0,0.0
2018-07-19 00:00:00-04:00,7.532471279142818,7.620569852358745,7.488421572445718,7.567710876464844,6100,0.0,0.0
2018-07-20 00:00:00-04:00,7.576523125528334,7.61088138554467,7.479613575390801,7.506043910980225,6800,0.0,0.0
2018-07-23 00:00:00-04:00,7.4355625436532895,7.5941411684818965,7.4355625436532895,7.444372653961182,25700,0.0,0.0
2018-07-24 00:00:00-04:00,7.558901786804199,7.620570880392488,7.461993091139976,7.558901786804199,44800,0.0,0.0
2018-07-25 00:00:00-04:00,7.646999102108574,7.9201057327963635,7.646999102108574,7.898081302642822,14300,0.0,0.0
2018-07-26 00:00:00-04:00,7.946537916096687,8.087496318480763,7.933322750806298,8.034636497497559,15200,0.0,0.0
2018-07-27 00:00:00-04:00,8.087498060584153,8.087498060584153,7.911299179471239,7.96415901184082,1300,0.0,0.0
2018-07-30 00:00:00-04:00,8.149166107177734,8.149166107177734,7.972968089112278,8.149166107177734,9400,0.0,0.0
2018-07-31 00:00:00-04:00,8.096307788671602,8.325365674881496,8.061068178499202,8.184407234191895,18500,0.0,0.0
2018-08-01 00:00:00-04:00,8.193215246444579,8.210834626924752,8.069876222369912,8.11392593383789,4900,0.0,0.0
2018-08-02 00:00:00-04:00,7.999397140899099,8.351793157608073,7.999397140899099,8.193215370178223,9100,0.0,0.0
2018-08-03 00:00:00-04:00,8.246073191896684,8.254883301118912,8.08309037217677,8.122735023498535,16300,0.0,0.0
2018-08-06 00:00:00-04:00,8.122735236794986,8.122735236794986,7.961513426472052,8.012611389160156,12300,0.0,0.0
2018-08-07 00:00:00-04:00,7.94653934882511,7.963277384961043,7.659336090087891,7.659336090087891,6000,0.0,0.0
2018-08-08 00:00:00-04:00,7.620569997738928,7.655809595733231,7.491064916203467,7.625856399536133,2300,0.0,0.0
2018-08-09 00:00:00-04:00,7.488422840833664,7.488422840833664,6.8867059635032035,7.047927379608154,34400,0.0,0.0
2018-08-10 00:00:00-04:00,7.444372653961182,7.444372653961182,6.915778218073916,7.444372653961182,15400,0.0,0.0
2018-08-13 00:00:00-04:00,7.047926675823331,7.047926675823331,6.845298767089844,6.845298767089844,9700,0.0,0.0
2018-08-14 00:00:00-04:00,6.827679320422594,6.915778324410209,6.739580316434979,6.76600980758667,12400,0.0,0.0
2018-08-15 00:00:00-04:00,6.704340690419177,6.704340690419177,6.369564056396484,6.369564056396484,34800,0.0,0.0
2018-08-16 00:00:00-04:00,6.466473198664595,6.466473198664595,6.360753973714479,6.413613796234131,7800,0.0,0.0
2018-08-17 00:00:00-04:00,6.4752826654078435,6.4752826654078435,6.210985662382748,6.299084663391113,14300,0.0,0.0
2018-08-20 00:00:00-04:00,6.387183405197137,6.448852913444929,6.343133696435976,6.375730514526367,29500,0.0,0.0
2018-08-21 00:00:00-04:00,6.466472593844714,6.475282283381213,6.2814644925976095,6.422422885894775,19000,0.0,0.0
2018-08-22 00:00:00-04:00,6.37837393841345,6.422423651615264,6.351944446563721,6.351944446563721,9000,0.0,0.0
2018-08-23 00:00:00-04:00,6.307894177971939,6.322871196766853,5.7616799668256995,5.823349475860596,21000,0.0,0.0
2018-08-24 00:00:00-04:00,5.823349761906577,6.05240716940774,5.8101345964069315,5.929068565368652,40100,0.0,0.0
2018-08-27 00:00:00-04:00,5.8850188538815305,5.946688365945665,5.81453965157348,5.929068565368652,25400,0.0,0.0
2018-08-28 00:00:00-04:00,5.946687688373083,5.957259651532545,5.858588695526123,5.858588695526123,7100,0.0,0.0
2018-08-29 00:00:00-04:00,5.858588726282123,5.858588726282123,5.41809333964571,5.547598838806152,34100,0.0,0.0
2018-08-30 00:00:00-04:00,5.435713477056973,5.550242385541185,5.3299946784973145,5.3299946784973145,16200,0.0,0.0
2018-08-31 00:00:00-04:00,5.294755427809158,5.929068681046416,5.294755427809158,5.42690372467041,39100,0.0,0.0
2018-09-04 00:00:00-04:00,5.3476145749215585,5.515002885711336,5.3476145749215585,5.365234375,8000,0.0,0.0
2018-09-05 00:00:00-04:00,5.470953756133967,5.470953756133967,5.297398517900793,5.400474548339844,10900,0.0,0.0
2018-09-06 00:00:00-04:00,5.620721829530754,5.629531519750069,5.473596096038818,5.473596096038818,4700,0.0,0.0
2018-09-07 00:00:00-04:00,5.462143356199785,5.504431214710852,5.382854461669922,5.382854461669922,15100,0.0,0.0
2018-09-10 00:00:00-04:00,5.391663767612534,5.391663767612534,5.312374878737372,5.3299946784973145,12400,0.0,0.0
2018-09-11 00:00:00-04:00,5.424261044334457,5.424261044334457,5.224275901083918,5.285945415496826,13400,0.0,0.0
2018-09-12 00:00:00-04:00,5.23308539081369,5.57314797664932,5.23308539081369,5.435713291168213,8300,0.0,0.0
2018-09-13 00:00:00-04:00,5.435713291168213,5.435713291168213,5.435713291168213,5.435713291168213,0,0.0,0.0
2018-09-14 00:00:00-04:00,5.472714150182114,5.482405185699463,5.472714150182114,5.482405185699463,600,0.0,0.0
2018-09-17 00:00:00-04:00,5.6031031627904815,5.761681399629067,5.550243750510953,5.7352519035339355,4400,0.0,0.0
2018-09-18 00:00:00-04:00,5.8321596681774786,6.121124744415283,5.814539866947817,6.121124744415283,16600,0.0,0.0
2018-09-19 00:00:00-04:00,6.078836431686522,6.078836431686522,5.990737438201904,5.990737438201904,5000,0.0,0.0
2018-09-20 00:00:00-04:00,6.078837756674385,6.190723481782823,5.999548435211182,5.999548435211182,6900,0.0,0.0
2018-09-21 00:00:00-04:00,6.008358162803036,6.0418354914237415,5.990738361390854,6.034787654876709,3500,0.0,0.0
2018-09-24 00:00:00-04:00,6.03478743712496,6.1493163522162275,5.920258522033691,5.920258522033691,11400,0.0,0.0
2018-09-25 00:00:00-04:00,6.017167636348548,6.03478743712496,5.920258522033691,5.920258522033691,4300,0.0,0.0
2018-09-26 00:00:00-04:00,5.98721327715086,5.9916183318228935,5.920257790421197,5.946687698364258,4000,0.0,0.0
2018-09-27 00:00:00-04:00,5.902637958526611,5.9325919940561604,5.7792993690293715,5.902637958526611,5600,0.0,0.0
2018-09-28 00:00:00-04:00,5.770490936936986,6.008358478546143,5.752871134598872,6.008358478546143,2300,0.0,0.0
2018-10-01 00:00:00-04:00,6.017167416584034,6.017167416584034,5.840969415255184,5.931711196899414,13500,0.0,0.0
2018-10-02 00:00:00-04:00,5.964307718697543,6.131696021655539,5.964307718697543,5.973117828369141,26000,0.0,0.0
2018-10-03 00:00:00-04:00,6.0083571934105215,6.0083571934105215,5.858588695526123,5.858588695526123,3800,0.0,0.0
2018-10-04 00:00:00-04:00,5.858589269943796,5.946688271428607,5.647151246291074,5.66917610168457,12400,0.0,0.0
2018-10-05 00:00:00-04:00,5.708820633046245,5.849779032352099,5.552885214774019,5.814539432525635,7200,0.0,0.0
2018-10-08 00:00:00-04:00,5.726441208205734,5.726441208205734,5.5678629875183105,5.5678629875183105,2400,0.0,0.0
2018-10-09 00:00:00-04:00,5.673582260049272,5.700011755589529,5.589006950124081,5.6013407707214355,10000,0.0,0.0
2018-10-10 00:00:00-04:00,5.638341343635481,5.867398738861084,5.532622545839048,5.867398738861084,6700,0.0,0.0
2018-10-11 00:00:00-04:00,5.79507219274352,5.79507219274352,5.536919593811035,5.536919593811035,9800,0.06875,0.0
2018-10-12 00:00:00-04:00,5.536919598151408,5.597452122021714,5.536919598151408,5.5511627197265625,9900,0.0,0.0
2018-10-15 00:00:00-04:00,5.714955522932432,5.714955522932432,5.519115690196995,5.563624858856201,6000,0.0,0.0
2018-10-16 00:00:00-04:00,5.608134068659054,5.670446395874023,5.385589072672122,5.670446395874023,27800,0.0,0.0
2018-10-17 00:00:00-04:00,5.59033024172775,5.59033024172775,5.430097579956055,5.430097579956055,4500,0.0,0.0
2018-10-18 00:00:00-04:00,5.483508325722995,5.545821074686529,5.3855888373857095,5.430097579956055,6200,0.0,0.0
2018-10-19 00:00:00-04:00,5.501312192793533,5.5849894141894145,5.471046144403915,5.581428527832031,5300,0.0,0.0
2018-10-22 00:00:00-04:00,5.474607013338021,5.562734811811539,5.2876691818237305,5.2876691818237305,6700,0.0,0.0
2018-10-23 00:00:00-04:00,5.6615445148471855,5.706053256988525,5.563624602982843,5.706053256988525,11500,0.0,0.0
2018-10-24 00:00:00-04:00,5.581428266943368,5.679348180249988,5.528017520904541,5.528017520904541,5800,0.0,0.0
2018-10-25 00:00:00-04:00,5.590331166266392,5.590331166266392,5.047321191125595,5.216455459594727,3400,0.0,0.0
2018-10-26 00:00:00-04:00,5.180847558182421,5.296570631237207,5.091829221949821,5.163043975830078,9000,0.0,0.0
2018-10-29 00:00:00-04:00,5.100731156586709,5.1719454850358755,5.038418406958248,5.154141902923584,4600,0.0,0.0
2018-10-30 00:00:00-04:00,5.180848090203539,5.180848090203539,4.95830307571067,4.985008239746094,7200,0.0,0.0
2018-10-31 00:00:00-04:00,4.985007895649481,5.002811478601158,4.913793563842773,4.913793563842773,3300,0.0,0.0
2018-11-01 00:00:00-04:00,4.895989707045382,5.056221944648261,4.6618723708666385,5.047320365905762,11000,0.0,0.0
2018-11-02 00:00:00-04:00,5.029517582324214,5.029517582324214,5.0028119929157775,5.020615577697754,3200,0.0,0.0
2018-11-05 00:00:00-05:00,4.940499788406135,4.940499788406135,4.7713655162917155,4.8514814376831055,25300,0.0,0.0
2018-11-06 00:00:00-05:00,4.895990318843132,4.985008239746094,4.859493034943557,4.985008239746094,4300,0.0,0.0
2018-11-07 00:00:00-05:00,4.985008677284824,5.463925685589948,4.985008677284824,5.367786407470703,13000,0.0,0.0
2018-11-08 00:00:00-05:00,5.3855888373857095,5.465704743800681,5.3855888373857095,5.430097579956055,3400,0.0,0.0
2018-11-09 00:00:00-05:00,5.4657049424884825,5.670446354273226,5.4657049424884825,5.563624858856201,5100,0.0,0.0
2018-11-12 00:00:00-05:00,5.6081350660948805,5.6081350660948805,5.341080853625232,5.483509540557861,2600,0.0,0.0
2018-11-13 00:00:00-05:00,5.430097692901938,5.430097692901938,5.3410797814388005,5.349981784820557,8800,0.0,0.0
2018-11-14 00:00:00-05:00,5.341079666350234,5.341079666350234,5.23425817489624,5.23425817489624,9600,0.0,0.0
2018-11-15 00:00:00-05:00,5.252061947320462,5.278767108917236,5.23425836476565,5.278767108917236,3200,0.0,0.0
2018-11-16 00:00:00-05:00,5.349981868022151,5.563624858856201,5.341079864501953,5.563624858856201,5200,0.0,0.0
2018-11-19 00:00:00-05:00,5.625938023787328,5.643741607666016,5.341080257257401,5.643741607666016,9500,0.0,0.0
2018-11-20 00:00:00-05:00,5.6793498186791345,5.6793498186791345,5.385590418483835,5.4657063484191895,13900,0.0,0.0
2018-11-21 00:00:00-05:00,5.519115604365074,5.519115604365074,5.349981784820557,5.349981784820557,3100,0.0,0.0
2018-11-23 00:00:00-05:00,5.421195404587437,5.519114882147956,5.421195404587437,5.501311302185059,1200,0.0,0.0
2018-11-26 00:00:00-05:00,5.501311889644015,5.563624638403651,5.430097562187788,5.4817280769348145,11100,0.0,0.0
2018-11-27 00:00:00-05:00,5.456804242306582,5.4835094082265,5.225357207155509,5.252062797546387,3000,0.0,0.0
2018-11-28 00:00:00-05:00,5.136338933401539,5.136338933401539,5.013494074834255,5.08292818069458,7700,0.0,0.0
2018-11-29 00:00:00-05:00,5.118535575722626,5.156813516982551,5.029517650604248,5.029517650604248,6000,0.0,0.0
2018-11-30 00:00:00-05:00,5.054442781170038,5.054442781170038,4.940499917484633,5.013494491577148,2700,0.0,0.0
2018-12-03 00:00:00-05:00,5.1096329948321255,5.163044168351656,5.020615079751076,5.0722455978393555,28300,0.0,0.0
2018-12-04 00:00:00-05:00,5.02061527142048,5.118535193983322,5.02061527142048,5.056222438812256,15600,0.0,0.0
2018-12-06 00:00:00-05:00,4.878186156254867,4.878186156254867,4.459801765383416,4.869284152984619,23400,0.0,0.0
2018-12-07 00:00:00-05:00,4.913793745001986,4.960973262786865,4.824775826961734,4.960973262786865,1800,0.0,0.0
2018-12-10 00:00:00-05:00,4.958303059554178,4.976106643676758,4.762463209734872,4.976106643676758,4000,0.0,0.0
2018-12-11 00:00:00-05:00,4.976106413929027,4.976106413929027,4.806972160338012,4.943169593811035,3000,0.0,0.0
2018-12-12 00:00:00-05:00,4.976106097252334,4.985007676100681,4.851480597608428,4.9672040939331055,3900,0.0,0.0
2018-12-13 00:00:00-05:00,4.976107075685479,5.074026584625244,4.9431702511873254,5.074026584625244,6600,0.0,0.0
2018-12-14 00:00:00-05:00,5.029516690581198,5.065123853831932,4.9494003610316115,4.954741477966309,5200,0.0,0.0
2018-12-17 00:00:00-05:00,4.985008337980648,5.2075533568589885,4.909342997604337,5.10073184967041,7900,0.0,0.0
2018-12-18 00:00:00-05:00,4.9761065548144,5.207553144274811,4.967204550676617,5.090939521789551,2500,0.0,0.0
2018-12-19 00:00:00-05:00,5.029517343843157,5.06512451171875,5.029517343843157,5.06512451171875,400,0.0,0.0
2018-12-20 00:00:00-05:00,4.931597386738616,5.0393090051662774,4.735757964741708,4.958302974700928,14600,0.0,0.0
2018-12-21 00:00:00-05:00,4.967204655565501,5.101621864693799,4.931597487204316,4.985008239746094,24900,0.0,0.0
2018-12-24 00:00:00-05:00,4.931596757404244,4.985007502042057,4.548819541931152,4.548819541931152,28300,0.0,0.0
2018-12-26 00:00:00-05:00,4.557722054852683,4.655641985665454,4.547930358901073,4.597780227661133,16900,0.0,0.0
2018-12-27 00:00:00-05:00,4.628936931019711,4.70905328590288,4.628936931019711,4.664544105529785,12200,0.0,0.0
2018-12-28 00:00:00-05:00,4.682347939300472,4.717955112457275,4.673445933775778,4.717955112457275,3500,0.0,0.0
2018-12-31 00:00:00-05:00,4.77136528434675,4.77136528434675,4.67344535799406,4.677006244659424,6100,0.0,0.0
2019-01-02 00:00:00-05:00,4.753561660099537,5.08292818069458,4.753561660099537,5.08292818069458,13300,0.0,0.0
2019-01-03 00:00:00-05:00,5.118535016248466,5.341080016954921,5.118535016248466,5.3054728507995605,11700,0.0,0.0
2019-01-04 00:00:00-05:00,5.287669160069025,5.474606990814209,5.287669160069025,5.474606990814209,3600,0.0,0.0
2019-01-07 00:00:00-05:00,5.625937656128968,5.625937656128968,5.43009782179073,5.474606990814209,21000,0.0,0.0
2019-01-08 00:00:00-05:00,5.4300969247152056,5.4300969247152056,5.335737909466005,5.394489765167236,9400,0.0,0.0
2019-01-09 00:00:00-05:00,5.40339257290081,5.670446309326578,5.358883404594404,5.652642726898193,15800,0.0,0.0
2019-01-10 00:00:00-05:00,5.687514416967329,5.687514416967329,5.327545074024648,5.561524868011475,6600,0.06875,0.0
2019-01-11 00:00:00-05:00,5.489532287361019,5.5165301763684385,5.341044970612431,5.390540599822998,10000,0.0,0.0
2019-01-14 00:00:00-05:00,5.426538729154604,5.516530990600586,5.426538729154604,5.516530990600586,11500,0.0,0.0
2019-01-15 00:00:00-05:00,5.390540554991029,5.399539994290951,5.270850844473493,5.282549858093262,12100,0.0,0.0
2019-01-16 00:00:00-05:00,5.188057846079573,5.219555454239526,5.174559116363525,5.174559116363525,4000,0.0,0.0
2019-01-17 00:00:00-05:00,5.174558431141718,5.246552218916302,5.174558431141718,5.228553771972656,2100,0.0,0.0
2019-01-18 00:00:00-05:00,5.309547142905137,5.714512424764639,5.309547142905137,5.408538818359375,7800,0.0,0.0
2019-01-22 00:00:00-05:00,5.291550279942858,5.291550279942858,4.940579806180622,4.985576152801514,15500,0.0,0.0
2019-01-23 00:00:00-05:00,4.949578209625169,5.111564251094463,4.949578209625169,4.994574546813965,12100,0.0,0.0
2019-01-24 00:00:00-05:00,5.012573360612623,5.102565612421746,4.9945749102507975,5.075567722320557,3800,0.0,0.0
2019-01-25 00:00:00-05:00,5.1565599643142574,5.2276538938350425,5.084566176817282,5.192556858062744,11400,0.0,0.0
2019-01-28 00:00:00-05:00,5.219554941991317,5.55252643642181,5.219554941991317,5.480532646179199,10600,0.0,0.0
2019-01-29 00:00:00-05:00,5.480534026850302,5.480534026850302,5.399540777864906,5.437337398529053,6600,0.0,0.0
2019-01-30 00:00:00-05:00,5.408539401911809,5.453535310797218,5.399539962664598,5.435536861419678,3500,0.0,0.0
2019-01-31 00:00:00-05:00,5.453534722389967,5.47333288583408,5.408538818359375,5.408538818359375,4800,0.0,0.0
2019-02-01 00:00:00-05:00,5.47153377532959,5.47153377532959,5.43463701837097,5.47153377532959,600,0.0,0.0
2019-02-04 00:00:00-05:00,5.597522321448472,5.597522321448472,5.309547161471807,5.444535732269287,9700,0.0,0.0
2019-02-05 00:00:00-05:00,5.336545361604019,5.336545361604019,4.904582132344683,5.3095479011535645,13900,0.0,0.0
2019-02-06 00:00:00-05:00,5.309547910015463,5.309547910015463,5.084567070007324,5.084567070007324,12000,0.0,0.0
2019-02-07 00:00:00-05:00,5.090866074801178,5.142161846160889,5.051269316429637,5.142161846160889,3500,0.0,0.0
2019-02-08 00:00:00-05:00,5.1295628014317,5.1295628014317,5.102565341878846,5.116064071655273,2200,0.0,0.0
2019-02-11 00:00:00-05:00,5.084566417803897,5.129562322563707,5.021571636199951,5.021571636199951,5800,0.0,0.0
2019-02-12 00:00:00-05:00,5.030571444918253,5.055769187767879,4.967576658677312,4.994574546813965,18000,0.0,0.0
2019-02-13 00:00:00-05:00,5.021572005833743,5.0395704548858875,4.994574546813965,4.994574546813965,11900,0.0,0.0
2019-02-14 00:00:00-05:00,4.970275769183902,4.970275769183902,4.940578309562925,4.9432783126831055,10300,0.0,0.0
2019-02-15 00:00:00-05:00,4.970275559439218,4.988274435169312,4.891982338127297,4.89558219909668,18500,0.0,0.0
2019-02-19 00:00:00-05:00,4.895583089232884,5.011672940805606,4.89198322760896,4.976576328277588,21900,0.0,0.0
2019-02-20 00:00:00-05:00,4.949578438890389,5.021572238433728,4.84698731745282,4.976576328277588,21900,0.0,0.0
2019-02-21 00:00:00-05:00,5.003573326679695,5.084566558248102,4.967576430230815,5.012572765350342,41800,0.0,0.0
2019-02-22 00:00:00-05:00,5.039571052597354,5.120564297496532,5.039571052597354,5.05756950378418,28500,0.0,0.0
2019-02-25 00:00:00-05:00,5.165559691063458,5.660517692565918,5.127763076109905,5.660517692565918,39200,0.0,0.0
2019-02-26 00:00:00-05:00,5.696514614747081,5.696514614747081,5.489532231518689,5.602022647857666,24400,0.0,0.0
2019-02-27 00:00:00-05:00,5.570525448526315,5.570525448526315,4.508616076595128,4.760594367980957,57700,0.0,0.0
2019-02-28 00:00:00-05:00,4.643603919706234,4.850586288249869,4.634604910178347,4.787591934204102,25100,0.0,0.0
2019-03-01 00:00:00-05:00,4.859585623537047,4.868584632873535,4.76959338458794,4.868584632873535,9500,0.0,0.0
2019-03-04 00:00:00-05:00,4.958577648709677,5.102565241126828,4.958577648709677,4.994574546813965,11200,0.0,0.0
2019-03-05 00:00:00-05:00,4.949578032640299,5.138561955488641,4.949578032640299,5.120563507080078,11900,0.0,0.0
2019-03-06 00:00:00-05:00,5.165559871989188,5.3095479011535645,5.120563961532799,5.3095479011535645,16500,0.0,0.0
2019-03-07 00:00:00-05:00,5.219555424346278,5.3995399165857165,5.2105559851758665,5.327546119689941,15700,0.0,0.0
2019-03-08 00:00:00-05:00,5.345544211564736,5.345544211564736,5.26545083894645,5.340144634246826,12300,0.0,0.0
2019-03-11 00:00:00-04:00,5.390541276188589,5.444537060978424,5.327546909128686,5.387841701507568,9100,0.0,0.0
2019-03-12 00:00:00-04:00,5.363542658825575,5.453534898916572,5.363542658825575,5.43463659286499,4100,0.0,0.0
2019-03-13 00:00:00-04:00,5.399539962664598,5.444536300666889,5.381541513287058,5.435536861419678,3300,0.0,0.0
2019-03-14 00:00:00-04:00,5.413939165207256,5.426538467407227,5.4040402958516855,5.426538467407227,1800,0.0,0.0
2019-03-15 00:00:00-04:00,5.408539386731718,5.408539386731718,5.381541498182742,5.399539947509766,1900,0.0,0.0
2019-03-18 00:00:00-04:00,5.390540711621823,5.46253494076246,5.138562411538734,5.3095479011535645,9300,0.0,0.0
2019-03-19 00:00:00-04:00,5.7775070998572104,5.7775070998572104,5.219554810424208,5.489531517028809,14900,0.0,0.0
2019-03-20 00:00:00-04:00,5.471532677824028,5.471532677824028,5.165558669815185,5.269949913024902,9400,0.0,0.0
2019-03-21 00:00:00-04:00,5.228554464344597,5.399539947509766,5.228554464344597,5.399539947509766,4700,0.0,0.0
2019-03-22 00:00:00-04:00,5.453534512875186,5.462533950805664,5.354542841224026,5.462533950805664,4700,0.0,0.0
2019-03-25 00:00:00-04:00,5.444535828939323,5.444535828939323,5.386040766251249,5.428337097167969,4100,0.0,0.0
2019-03-26 00:00:00-04:00,5.366242706216908,5.366242706216908,5.309547783061791,5.347344398498535,3300,0.0,0.0
2019-03-27 00:00:00-04:00,5.332046490167499,5.444536918828273,5.291549867190911,5.426538467407227,39000,0.0,0.0
2019-03-28 00:00:00-04:00,5.498531381971485,5.498531381971485,5.309547458119724,5.3815412521362305,14200,0.0,0.0
2019-03-29 00:00:00-04:00,5.354544108508036,5.44453679264451,5.30954819555672,5.421138763427734,15900,0.0,0.0
2019-04-01 00:00:00-04:00,5.33654534753996,5.36444309516655,5.039570708666239,5.273550987243652,5800,0.0,0.0
2019-04-02 00:00:00-04:00,5.309547746876145,5.372542105508067,5.282549858093262,5.282549858093262,5200,0.0,0.0
2019-04-03 00:00:00-04:00,5.309547872975403,5.327546322885819,5.23755407333374,5.23755407333374,4200,0.0,0.0
2019-04-04 00:00:00-04:00,5.246552357694221,5.246552357694221,5.219554901123047,5.219554901123047,3500,0.0,0.0
2019-04-05 00:00:00-04:00,5.246553189284364,5.282550089829407,5.246553189284364,5.264551639556885,3900,0.0,0.0
2019-04-08 00:00:00-04:00,5.264551639556885,5.3095479797966405,5.255552628979076,5.264551639556885,41300,0.0,0.0
2019-04-09 00:00:00-04:00,5.309547474684472,5.417538166046143,5.251052409584352,5.417538166046143,14800,0.0,0.0
2019-04-10 00:00:00-04:00,5.399539947509766,5.41753839683679,5.255552352893574,5.399539947509766,13100,0.0,0.0
2019-04-11 00:00:00-04:00,5.313052924991365,5.55339659465659,5.302128133804916,5.306680202484131,13400,0.069,0.0
2019-04-12 00:00:00-04:00,5.316694841961318,5.325798545510584,5.262071318338189,5.280279159545898,2500,0.0,0.0
2019-04-15 00:00:00-04:00,5.3166948169355,5.371318340301514,5.3166948169355,5.371318340301514,500,0.0,0.0
2019-04-16 00:00:00-04:00,5.453253292110308,5.453253292110308,5.125512158896991,5.362214088439941,24400,0.0,0.0
2019-04-17 00:00:00-04:00,5.216550899546371,5.2347587386643175,5.125511703956644,5.225654602050781,6600,0.0,0.0
2019-04-18 00:00:00-04:00,5.161927311407061,5.362213538957939,5.112766189873668,5.353109836578369,6400,0.0,0.0
2019-04-22 00:00:00-04:00,5.3895261569005015,5.462357521057129,5.298486951704717,5.462357521057129,12200,0.0,0.0
2019-04-23 00:00:00-04:00,5.2347583602040295,5.303948404315427,5.089095657791524,5.303037643432617,4900,0.0,0.0
2019-04-24 00:00:00-04:00,5.289381504058838,5.289381504058838,5.289381504058838,5.289381504058838,600,0.0,0.0
2019-04-25 00:00:00-04:00,5.325798520441914,5.371318340301514,5.28027913469149,5.371318340301514,4000,0.0,0.0
2019-04-26 00:00:00-04:00,5.335812915886126,5.361303806304932,5.280279066299679,5.361303806304932,3300,0.0,0.0
2019-04-29 00:00:00-04:00,5.353109810536411,5.353109810536411,5.317604459799661,5.342185020446777,2500,0.0,0.0
2019-04-30 00:00:00-04:00,5.280279159545898,5.316694841961318,5.1619279746411975,5.280279159545898,18900,0.0,0.0
2019-05-01 00:00:00-04:00,5.252966019397411,5.353109340955543,5.252966019397411,5.307589530944824,6200,0.0,0.0
2019-05-02 00:00:00-04:00,5.271174242476628,5.297575456385837,5.252966403961182,5.252966403961182,5000,0.0,0.0
2019-05-03 00:00:00-04:00,5.252966676823005,5.353110010914397,5.252966676823005,5.325798034667969,2200,0.0,0.0
2019-05-06 00:00:00-04:00,5.307590704302874,5.325798545510584,5.280279159545898,5.280279159545898,10900,0.0,0.0
2019-05-07 00:00:00-04:00,5.280279159545898,5.280279159545898,5.280279159545898,5.280279159545898,1500,0.0,0.0
2019-05-08 00:00:00-04:00,5.325798545510584,5.325798545510584,5.280279159545898,5.280279159545898,2500,0.0,0.0
2019-05-09 00:00:00-04:00,5.4168377515491315,5.4168377515491315,5.280279159545898,5.280279159545898,2000,0.0,0.0
2019-05-10 00:00:00-04:00,5.280279159545898,5.283010140377925,5.280279159545898,5.280279159545898,1300,0.0,0.0
2019-05-13 00:00:00-04:00,5.280278766967563,5.371317966237526,5.280278766967563,5.334902286529541,3700,0.0,0.0
2019-05-14 00:00:00-04:00,5.325797368127295,5.334901503773072,5.280277992225658,5.307589530944824,2700,0.0,0.0
2019-05-15 00:00:00-04:00,5.371317087882271,5.371317087882271,5.309410095214844,5.309410095214844,1100,0.0,0.0
2019-05-16 00:00:00-04:00,5.280279159545898,5.2975762397004225,5.280279159545898,5.280279159545898,11200,0.0,0.0
2019-05-17 00:00:00-04:00,5.280279159545898,5.324888218566575,5.280279159545898,5.280279159545898,29300,0.0,0.0
2019-05-20 00:00:00-04:00,5.289381873234877,5.289381873234877,5.189238548278809,5.189238548278809,7400,0.0,0.0
2019-05-21 00:00:00-04:00,5.143718872837949,5.243862191992343,4.9798479080200195,4.9798479080200195,6900,0.0,0.0
2019-05-22 00:00:00-04:00,4.9616414180863995,4.996236447526076,4.85876709084457,4.925225734710693,15400,0.0,0.0
2019-05-23 00:00:00-04:00,5.156465714844694,5.156465714844694,4.925225734710693,4.925225734710693,4600,0.0,0.0
2019-05-24 00:00:00-04:00,5.089095581464929,5.089095581464929,4.925224609599511,4.952536582946777,22600,0.0,0.0
2019-05-28 00:00:00-04:00,5.0162643054728635,5.0162643054728635,4.952536656126977,4.961640357971191,1600,0.0,0.0
2019-05-29 00:00:00-04:00,4.998055482150865,5.135524794293929,4.961639810573408,5.13461446762085,2100,0.0,0.0
2019-05-30 00:00:00-04:00,5.05268075051067,5.089096431651249,5.05268075051067,5.079992294311523,2300,0.0,0.0
2019-05-31 00:00:00-04:00,5.059962471119778,5.13461446762085,5.059962471119778,5.13461446762085,900,0.0,0.0
2019-06-03 00:00:00-04:00,5.03447190916798,5.143718930873158,4.970744262785423,5.059052467346191,4500,0.0,0.0
2019-06-04 00:00:00-04:00,4.998056322509697,5.007160458989328,4.943432805959271,4.944343566894531,3300,0.0,0.0
2019-06-05 00:00:00-04:00,4.949805258747801,5.038113467719086,4.949805258747801,5.007160186767578,2400,0.0,0.0
2019-06-06 00:00:00-04:00,5.052680772888749,5.052680772888749,4.988953113555908,4.988953113555908,3900,0.0,0.0
2019-06-07 00:00:00-04:00,4.96164113552493,5.011713022896863,4.96164113552493,4.988953113555908,18200,0.0,0.0
2019-06-10 00:00:00-04:00,5.016264322752249,5.016264322752249,4.961640375062416,5.007160186767578,3300,0.0,0.0
2019-06-11 00:00:00-04:00,5.252967274458047,5.252967274458047,5.0982004043749605,5.175583839416504,1300,0.0,0.0
2019-06-12 00:00:00-04:00,5.098199367523193,5.098199367523193,5.098199367523193,5.098199367523193,600,0.0,0.0
2019-06-13 00:00:00-04:00,5.143720048868899,5.143720048868899,5.100931644439697,5.100931644439697,4500,0.0,0.0
2019-06-14 00:00:00-04:00,5.252967334955449,5.271175176697909,5.016265392303467,5.016265392303467,12300,0.0,0.0
2019-06-17 00:00:00-04:00,5.025368041626662,5.098199393314004,5.025368041626662,5.052680015563965,2700,0.0,0.0
2019-06-18 00:00:00-04:00,5.1027516871875465,5.111855389496878,5.098199618978323,5.103662014007568,800,0.0,0.0
2019-06-19 00:00:00-04:00,5.089095699993018,5.4441487571223375,4.9616404002160515,5.245683193206787,45500,0.0,0.0
2019-06-20 00:00:00-04:00,5.371317733144242,5.7172671094664524,5.016264654344671,5.5898118019104,95700,0.0,0.0
2019-06-21 00:00:00-04:00,5.617124206139076,5.617124206139076,5.361303678780543,5.489669322967529,8800,0.0,0.0
2019-06-24 00:00:00-04:00,5.471461683527128,5.630780184817376,5.371318340301514,5.371318340301514,6200,0.0,0.0
2019-06-25 00:00:00-04:00,5.435044475876441,5.46235644913009,5.334901586867599,5.39680814743042,8100,0.0,0.0
2019-06-26 00:00:00-04:00,5.362214202685924,5.372228667241238,5.353110499179509,5.371318340301514,1600,0.0,0.0
2019-06-27 00:00:00-04:00,5.389525878858093,5.389525878858093,5.344006061553955,5.344006061553955,5500,0.0,0.0
2019-06-28 00:00:00-04:00,5.404091144666325,5.808305740356445,5.3622130754781185,5.808305740356445,8600,0.0,0.0
2019-07-01 00:00:00-04:00,5.635330867275767,5.6626424051852675,5.161926680456771,5.653538703918457,40000,0.0,0.0
2019-07-02 00:00:00-04:00,5.65171880201478,5.755503441267792,5.535188284718861,5.5898118019104,3500,0.0,0.0
2019-07-03 00:00:00-04:00,5.599825976605234,5.599825976605234,5.535187999323136,5.551575183868408,2600,0.0,0.0
2019-07-05 00:00:00-04:00,5.598916545905391,5.6717479100620185,5.462357521057129,5.462357521057129,11100,0.0,0.0
2019-07-08 00:00:00-04:00,5.4623566627997135,5.769158931453191,5.4623566627997135,5.7099833488464355,9000,0.0,0.0
2019-07-09 00:00:00-04:00,5.608018427355916,5.7536815424531955,5.608018427355916,5.744577407836914,3500,0.0,0.0
2019-07-10 00:00:00-04:00,5.68995494703175,5.808306114116197,5.578886828511935,5.651718616485596,7600,0.0,0.0
2019-07-11 00:00:00-04:00,5.606608220334439,5.686702523141879,5.275182989248744,5.496132850646973,7500,0.069,0.0
2019-07-12 00:00:00-04:00,5.523750791937845,5.7216853357918644,5.40867265043914,5.439973831176758,3900,0.0,0.0
2019-07-15 00:00:00-04:00,5.486927706551569,5.523752689361572,5.486927706551569,5.523752689361572,6600,0.0,0.0
2019-07-16 00:00:00-04:00,5.523752727327993,5.5458478927612305,5.496133770536446,5.5458478927612305,4900,0.0,0.0
2019-07-17 00:00:00-04:00,5.588195456613464,5.588195456613464,5.486926555633545,5.486926555633545,3300,0.0,0.0
2019-07-18 00:00:00-04:00,5.450102077115649,5.661845922645088,5.450102077115649,5.5909576416015625,8500,0.0,0.0
2019-07-19 00:00:00-04:00,5.5881960021542385,5.7078769633723985,5.523752069968788,5.625020980834961,7400,0.0,0.0
2019-07-22 00:00:00-04:00,5.707876901351797,5.773241391445772,5.662766456604004,5.662766456604004,5000,0.0,0.0
2019-07-23 00:00:00-04:00,5.652639079900216,5.92698572159287,5.652639079900216,5.821113586425781,9100,0.0,0.0
2019-07-24 00:00:00-04:00,5.892001972367395,5.892001972367395,5.753908090400122,5.781527042388916,7300,0.0,0.0
2019-07-25 00:00:00-04:00,5.799940043304315,5.799940043304315,5.717083619003617,5.719845294952393,4400,0.0,0.0
2019-07-26 00:00:00-04:00,5.762194101071291,5.762194101071291,5.753908634185791,5.753908634185791,900,0.0,0.0
2019-07-29 00:00:00-04:00,5.59740199500184,5.59740199500184,5.5679419244297375,5.578989505767822,8500,0.0,0.0
2019-07-30 00:00:00-04:00,5.5789895111733,5.580830628401975,5.532958507537842,5.532958507537842,2800,0.0,0.0
2019-07-31 00:00:00-04:00,5.569783140150548,5.615814140927419,5.477720260620117,5.477720260620117,7800,0.0,0.0
2019-08-01 00:00:00-04:00,5.477720260620117,5.477720260620117,5.4408952844032825,5.477720260620117,2800,0.0,0.0
2019-08-02 00:00:00-04:00,5.4408952844032825,5.518227910053973,5.4408952844032825,5.477720260620117,5500,0.0,0.0
2019-08-05 00:00:00-04:00,5.597402127195464,5.73549601920614,5.597402127195464,5.643433570861816,25600,0.0,0.0
2019-08-06 00:00:00-04:00,5.5237523821957435,5.551371337261617,5.459308446367636,5.514545917510986,26100,0.0,0.0
2019-08-07 00:00:00-04:00,5.514545351669973,5.7723206295439855,5.514545351669973,5.613973140716553,19500,0.0,0.0
2019-08-08 00:00:00-04:00,5.54216382338543,5.707876205444336,5.53295779943187,5.707876205444336,18500,0.0,0.0
2019-08-09 00:00:00-04:00,5.77232097259793,5.77232097259793,5.2659768504975375,5.551371097564697,35800,0.0,0.0
2019-08-12 00:00:00-04:00,5.3948646598081265,5.514545621363973,5.3120082380485325,5.4132771492004395,12100,0.0,0.0
2019-08-13 00:00:00-04:00,5.560576896083935,5.560576896083935,5.247564146897557,5.256770610809326,20300,0.0,0.0
2019-08-14 00:00:00-04:00,5.330421141249409,5.376452587797869,5.118677277305633,5.15918493270874,15900,0.0,0.0
2019-08-15 00:00:00-04:00,5.209818412827042,5.293595387492178,5.1831204586756305,5.242040157318115,13400,0.0,0.0
2019-08-16 00:00:00-04:00,5.201532634883228,5.312007557074751,4.962169864479942,5.210738658905029,17500,0.0,0.0
2019-08-19 00:00:00-04:00,5.155500909229204,5.321213722229004,5.155500909229204,5.321213722229004,6800,0.0,0.0
2019-08-20 00:00:00-04:00,5.321214702238876,5.4132771492004395,5.321214702238876,5.4132771492004395,26100,0.0,0.0
2019-08-21 00:00:00-04:00,5.35803941011029,5.514545342537508,5.35803941011029,5.450101852416992,34300,0.0,0.0
2019-08-22 00:00:00-04:00,5.542165180766574,5.574386930978221,5.450102723741566,5.523752689361572,5600,0.0,0.0
2019-08-23 00:00:00-04:00,5.5237523821957435,5.627782974798472,5.450102420671278,5.514545917510986,18200,0.0,0.0
2019-08-26 00:00:00-04:00,5.698671407404802,5.92882776260376,5.588196462266521,5.92882776260376,35200,0.0,0.0
2019-08-27 00:00:00-04:00,6.011684228352091,6.112952709197998,5.892002817546842,6.112952709197998,20900,0.0,0.0
2019-08-28 00:00:00-04:00,6.251045934392389,6.430568031169693,5.818352223913928,6.3799333572387695,24700,0.0,0.0
2019-08-29 00:00:00-04:00,6.260252380551807,6.324695872297336,5.984985166276998,6.076127052307129,22700,0.0,0.0
2019-08-30 00:00:00-04:00,6.085333113400963,6.545645745056351,6.066920625694281,6.42596435546875,17100,0.0,0.0
2019-09-03 00:00:00-04:00,6.527233521612799,6.858658313751221,6.4858053128484086,6.858658313751221,23100,0.0,0.0
2019-09-04 00:00:00-04:00,6.904690079261152,6.904690079261152,6.453583871463842,6.656121253967285,19800,0.0,0.0
2019-09-05 00:00:00-04:00,6.62850211804158,6.62850211804158,6.214220900284617,6.559455394744873,25700,0.0,0.0
2019-09-06 00:00:00-04:00,6.444377501039485,6.554852438557236,6.306283609648106,6.52263069152832,18400,0.0,0.0
2019-09-09 00:00:00-04:00,6.766596401699508,6.812627845930899,6.499615078729575,6.798818588256836,20800,0.0,0.0
2019-09-10 00:00:00-04:00,6.720564568841332,6.812627006978542,6.720564568841332,6.803420543670654,6200,0.0,0.0
2019-09-11 00:00:00-04:00,6.895483362342283,6.895483362342283,6.720564939722695,6.785008430480957,13200,0.0,0.0
2019-09-12 00:00:00-04:00,6.821833273404176,6.821833273404176,6.597200740781867,6.674533367156982,17200,0.0,0.0
2019-09-13 00:00:00-04:00,6.711357445105828,6.711357445105828,6.490407615318976,6.600882530212402,4900,0.0,0.0
2019-09-16 00:00:00-04:00,6.600883276378179,6.6285017887293955,6.554851837141699,6.576026439666748,5400,0.0,0.0
2019-09-17 00:00:00-04:00,6.582471296693305,6.711358721922769,6.573264832539872,6.656121253967285,9200,0.0,0.0
2019-09-18 00:00:00-04:00,6.5732636854814865,6.619295120239258,6.562216106020558,6.619295120239258,2500,0.0,0.0
2019-09-19 00:00:00-04:00,6.508820328193919,6.5548513248444875,6.4904078417360305,6.518026351928711,5200,0.0,0.0
2019-09-20 00:00:00-04:00,6.518026660024632,6.6192955598239775,6.518026660024632,6.573264122009277,1900,0.0,0.0
2019-09-23 00:00:00-04:00,6.581550881091148,6.581550881091148,6.505138807315373,6.554852485656738,5700,0.0,0.0
2019-09-24 00:00:00-04:00,6.49040825094982,6.564058201424929,6.462789300027488,6.545645713806152,2900,0.0,0.0
2019-09-25 00:00:00-04:00,6.5456453018533125,6.573263812049131,6.46002721786499,6.46002721786499,3500,0.0,0.0
2019-09-26 00:00:00-04:00,6.511582414166665,6.545645713806152,6.297076911458492,6.545645713806152,10900,0.0,0.0
2019-09-27 00:00:00-04:00,6.518026613737514,6.518026613737514,6.2234268185781465,6.269457817077637,19300,0.0,0.0
2019-09-30 00:00:00-04:00,6.223427464720132,6.269458467998751,6.039302134640551,6.214221000671387,18800,0.0,0.0
2019-10-01 00:00:00-04:00,6.140570204074417,6.269457610203729,6.140570204074417,6.232632637023926,8300,0.0,0.0
2019-10-02 00:00:00-04:00,6.214220150434024,6.232632637023926,6.158982690664319,6.232632637023926,11300,0.0,0.0
2019-10-03 00:00:00-04:00,6.2602516253865055,6.287870135949189,6.235394351296455,6.2786641120910645,7700,0.0,0.0
2019-10-04 00:00:00-04:00,6.303521225790979,6.453583240509033,6.260251902072295,6.453583240509033,6800,0.0,0.0
2019-10-07 00:00:00-04:00,6.536439207756517,6.545645670999865,6.500534791286454,6.523550510406494,4500,0.0,0.0
2019-10-08 00:00:00-04:00,6.545645963012661,6.674533381251117,6.545645963012661,6.6266608238220215,6400,0.0,0.0
2019-10-09 00:00:00-04:00,6.674532811197786,6.674532811197786,6.398345071001175,6.490407943725586,7600,0.0,0.0
2019-10-10 00:00:00-04:00,6.535965215496077,6.535965215496077,6.433695368427371,6.470884323120117,1700,0.069,0.0
2019-10-11 00:00:00-04:00,6.4615864753723145,6.498775427835359,6.377911553994106,6.4615864753723145,3300,0.0,0.0
2019-10-14 00:00:00-04:00,6.444851757093042,6.482040709556087,6.444851757093042,6.4615864753723145,2300,0.0,0.0
2019-10-15 00:00:00-04:00,6.503424177414388,6.55455931970135,6.470883954742528,6.545261859893799,5800,0.0,0.0
2019-10-16 00:00:00-04:00,6.470885159401351,6.586171111179059,6.470885159401351,6.571295261383057,600,0.0,0.0
2019-10-17 00:00:00-04:00,6.619639745003895,6.638234221235418,6.303533649068017,6.4615864753723145,11600,0.0,0.0
2019-10-18 00:00:00-04:00,6.4336951578905905,6.543402703642305,6.415100681152706,6.489478588104248,2300,0.0,0.0
2019-10-21 00:00:00-04:00,6.5080738970735705,6.51272262768433,6.456939190337268,6.498776435852051,7200,0.0,0.0
2019-10-22 00:00:00-04:00,6.517370578128406,6.546191729144886,6.517370578128406,6.526667594909668,6800,0.0,0.0
2019-10-23 00:00:00-04:00,6.601045467238534,6.740504264831543,6.554559496925729,6.740504264831543,10300,0.0,0.0
2019-10-24 00:00:00-04:00,6.749802003385395,6.879963346289885,6.688439739784661,6.842774391174316,26900,0.0,0.0
2019-10-25 00:00:00-04:00,6.879963397979736,6.972935786467168,6.842774442584764,6.879963397979736,26400,0.0,0.0
2019-10-28 00:00:00-04:00,6.935747044497358,7.158880783733412,6.922730954041321,7.1123948097229,12400,0.0,0.0
2019-10-29 00:00:00-04:00,7.112394552984493,7.344825744628906,7.112394552984493,7.344825744628906,23500,0.0,0.0
2019-10-30 00:00:00-04:00,7.46568936127711,7.499159685757841,7.372716976598356,7.474056720733643,40500,0.0,0.0
2019-10-31 00:00:00-04:00,7.567959757083015,7.8561739320238875,7.567959757083015,7.77714729309082,24200,0.0,0.0
2019-11-01 00:00:00-04:00,7.856174644835428,7.893363602610265,7.6990514534013155,7.891504287719727,10700,0.0,0.0
2019-11-04 00:00:00-05:00,7.902660896527565,8.070011646301174,7.763202529486007,7.939849853515625,27500,0.0,0.0
2019-11-05 00:00:00-05:00,7.995632284368056,7.995632284368056,7.623741895179708,7.688823223114014,23900,0.0,0.0
2019-11-06 00:00:00-05:00,7.642337044849371,7.9026597044990075,7.6339696859537485,7.7074174880981445,10300,0.0,0.0
2019-11-07 00:00:00-05:00,7.623742840126538,7.809687614440918,7.48428448105441,7.809687614440918,19200,0.0,0.0
2019-11-08 00:00:00-05:00,7.6237420294557,7.8096867839976385,7.6237420294557,7.701839447021484,3000,0.0,0.0
2019-11-11 00:00:00-05:00,7.447096149128079,7.614446016682232,7.400609729997321,7.5028791427612305,11700,0.0,0.0
2019-11-12 00:00:00-05:00,7.460111388958611,7.6609315617738085,7.400608885658472,7.535418510437012,9700,0.0,0.0
2019-11-13 00:00:00-05:00,7.595850845700406,7.735309195593685,7.419203100064666,7.563310623168945,10300,0.0,0.0
2019-11-14 00:00:00-05:00,7.5493654711987785,7.5493654711987785,7.3913121800457695,7.512176513671875,12200,0.0,0.0
2019-11-15 00:00:00-05:00,7.465689038922392,7.549364403183972,7.214663832792212,7.437797546386719,49700,0.0,0.0
2019-11-18 00:00:00-05:00,7.382944662099256,7.4015391404656095,7.205367238536004,7.316934108734131,10200,0.0,0.0
2019-11-19 00:00:00-05:00,7.298339580167165,7.344825997426968,7.2174536219962535,7.279745101928711,12800,0.0,0.0
2019-11-20 00:00:00-05:00,7.251852700768839,7.427570343017578,7.251852700768839,7.427570343017578,7600,0.0,0.0
2019-11-21 00:00:00-05:00,7.437797546386719,7.540066943453894,7.3913111343908895,7.437797546386719,5900,0.0,0.0
2019-11-22 00:00:00-05:00,7.558661637961932,7.558661637961932,7.25185256923674,7.540066719055176,9500,0.0,0.0
2019-11-25 00:00:00-05:00,7.523333289595415,7.68417599639298,7.400609641091167,7.512176513671875,14300,0.0,0.0
2019-11-26 00:00:00-05:00,7.400608732380767,7.530770511069887,7.21466396757815,7.298338890075684,8400,0.0,0.0
2019-11-27 00:00:00-05:00,7.3336683034917645,7.3336683034917645,7.233258222242989,7.294620037078857,3800,0.0,0.0
2019-11-29 00:00:00-05:00,7.298339585542434,7.353193362885375,7.263009943865149,7.321582794189453,2700,0.0,0.0
2019-12-02 00:00:00-05:00,7.344826408354222,7.4415174346074435,7.344826408354222,7.40990686416626,10700,0.0,0.0
2019-12-03 00:00:00-05:00,7.456393851629464,7.791094484225866,7.437798928713412,7.7724995613098145,19200,0.0,0.0
2019-12-04 00:00:00-05:00,7.786445955794783,7.809688723388988,7.716716766357422,7.716716766357422,15900,0.0,0.0
2019-12-05 00:00:00-05:00,7.783656247159485,7.949147689898764,7.6665114261084435,7.781796932220459,8300,0.0,0.0
2019-12-06 00:00:00-05:00,7.902659991333398,7.902659991333398,7.642337322235107,7.642337322235107,7200,0.0,0.0
2019-12-09 00:00:00-05:00,7.540066485747923,7.619093115347297,7.515893623909826,7.521472454071045,6300,0.0,0.0
2019-12-10 00:00:00-05:00,7.596779803073526,7.654422987699026,7.530770146256333,7.540066719055176,6200,0.0,0.0
2019-12-11 00:00:00-05:00,7.512175984938712,7.512175984938712,7.4470955355108925,7.474987030029297,5500,0.0,0.0
2019-12-12 00:00:00-05:00,7.595852284412716,7.605149745941162,7.595852284412716,7.605149745941162,2000,0.0,0.0
2019-12-13 00:00:00-05:00,7.5214736749942945,7.549365170364353,7.403398318390583,7.547505855560303,3100,0.0,0.0
2019-12-16 00:00:00-05:00,7.623742926810214,7.6321102865849415,7.4089765548706055,7.4089765548706055,6600,0.0,0.0
2019-12-17 00:00:00-05:00,7.437797113688835,7.437797113688835,7.394100119485038,7.433148384094238,5100,0.0,0.0
2019-12-18 00:00:00-05:00,7.419203745596501,7.4377982234219635,7.3169338958928,7.335528373718262,7200,0.0,0.0
2019-12-19 00:00:00-05:00,7.30670644790983,7.363419532775879,7.299268302905042,7.363419532775879,5500,0.0,0.0
2019-12-20 00:00:00-05:00,7.363420475665423,7.363420475665423,7.279745101928711,7.279745101928711,6700,0.0,0.0
2019-12-23 00:00:00-05:00,7.419203635202497,7.437798112751283,7.298339309471733,7.428500652313232,6800,0.0,0.0
2019-12-24 00:00:00-05:00,7.492651618131023,7.492651618131023,7.4285003847357105,7.456392765045166,11600,0.0,0.0
2019-12-26 00:00:00-05:00,7.53077068381041,7.6330400851340565,7.52147322369337,7.619093894958496,9400,0.0,0.0
2019-12-27 00:00:00-05:00,7.66093169210322,7.763201981593608,7.614445277485281,7.735309600830078,7900,0.0,0.0
2019-12-30 00:00:00-05:00,7.744607165094541,7.809687614440918,7.744607165094541,7.809687614440918,9600,0.0,0.0
2019-12-31 00:00:00-05:00,7.7724984819156795,7.8933628041209865,7.7724984819156795,7.828282356262207,7300,0.0,0.0
2020-01-02 00:00:00-05:00,7.949146587940754,7.995633001591028,7.837579727172851,7.837579727172852,11100,0.0,0.0
2020-01-03 00:00:00-05:00,7.921254847059787,8.01422678480256,7.856173515319824,7.856173515319824,13800,0.0,0.0
2020-01-06 00:00:00-05:00,7.939848631689996,8.009577804480484,7.930551172210055,7.940778732299805,16100,0.0,0.0
2020-01-07 00:00:00-05:00,7.94914669487326,7.995633109148874,7.856173866322035,7.911957740783691,8100,0.0,0.0
2020-01-08 00:00:00-05:00,7.902660717789178,8.060714003077335,7.902660717789178,7.958444595336914,9000,0.0,0.0
2020-01-09 00:00:00-05:00,7.958444267392938,7.958444267392938,7.735309653051366,7.826423168182373,15600,0.0,0.0
2020-01-10 00:00:00-05:00,7.930552914136408,8.042119792437484,7.809688574313225,7.935201644897461,9700,0.0,0.0
2020-01-13 00:00:00-05:00,8.02352570074816,8.02352570074816,7.763202986506514,7.7724995613098145,11100,0.0,0.0
2020-01-14 00:00:00-05:00,7.781796119957416,7.937059984343558,7.744607165094541,7.809687614440918,3900,0.0,0.0
2020-01-15 00:00:00-05:00,7.913816867226709,8.014226952214411,7.80968726626031,7.861752510070801,9300,0.0,0.0
2020-01-16 00:00:00-05:00,7.804532596909296,7.870196342468262,7.738869745939581,7.870196342468262,3300,0.075,0.0
2020-01-17 00:00:00-05:00,7.900213640513434,7.934921020755912,7.785772412457164,7.8889570236206055,7100,0.0,0.0
2020-01-21 00:00:00-05:00,7.842053187854922,7.88707964730478,7.541879177093506,7.541879177093506,18100,0.0,0.0
2020-01-22 00:00:00-05:00,7.738868119044869,7.917096203318836,7.730425882064844,7.861751556396484,6400,0.0,0.0
2020-01-23 00:00:00-05:00,7.879575242402181,7.9733800716692445,7.748249554935274,7.907717227935791,15500,0.0,0.0
2020-01-24 00:00:00-05:00,7.832674833745739,7.964000539846613,7.801719360937779,7.8889570236206055,12900,0.0,0.0
2020-01-27 00:00:00-05:00,7.888954748879769,7.945237817114971,7.683523115352066,7.73886775970459,8500,0.0,0.0
2020-01-28 00:00:00-05:00,7.682585387298735,7.7294877993112925,7.570020135222058,7.638497352600098,8800,0.0,0.0
2020-01-29 00:00:00-05:00,7.588782104614348,7.834549905700097,7.588782104614348,7.76701021194458,6900,0.0,0.0
2020-01-30 00:00:00-05:00,7.757629238115036,9.164696132077363,7.757629238115036,9.099032402038574,58200,0.0,0.0
2020-01-31 00:00:00-05:00,9.145935735286978,9.902937951052474,9.145935735286978,9.821328163146973,106500,0.0,0.0
2020-02-03 00:00:00-05:00,9.82132873615565,10.22468736841174,9.502393379542104,9.830708503723145,60400,0.0,0.0
2020-02-04 00:00:00-05:00,9.83070765542907,9.849468978123504,9.09903306753913,9.267881393432617,52700,0.0,0.0
2020-02-05 00:00:00-05:00,9.145936611398927,9.661861419677734,9.145936611398927,9.661861419677734,20500,0.0,0.0
2020-02-06 00:00:00-05:00,9.718144798977864,9.797878650908883,9.521155335065304,9.708765029907227,16700,0.0,0.0
2020-02-07 00:00:00-05:00,9.8494701895988,10.318492579579695,9.708763830440217,10.299731254577637,49900,0.0,0.0
2020-02-10 00:00:00-05:00,10.299730529293683,10.365394267587781,9.80538145887802,9.868230819702148,46400,0.0,0.0
2020-02-11 00:00:00-05:00,10.34663353218006,10.34663353218006,9.886991810933521,9.905753135681152,19800,0.0,0.0
2020-02-12 00:00:00-05:00,9.905752825013725,9.905752825013725,9.830708422965968,9.886991500854492,6000,0.0,0.0
2020-02-13 00:00:00-05:00,9.905753189968856,9.905753189968856,9.455491234039304,9.530534744262695,19900,0.0,0.0
2020-02-14 00:00:00-05:00,9.896372060869231,10.008937320896178,9.755664814893674,9.783806800842285,22400,0.0,0.0
2020-02-18 00:00:00-05:00,10.037078270205871,10.142139714830972,9.77442600052685,9.840088844299316,25800,0.0,0.0
2020-02-19 00:00:00-05:00,9.849468829238436,9.849468829238436,9.661860078075522,9.699381828308105,15700,0.0,0.0
2020-02-20 00:00:00-05:00,9.84946886564561,10.205925941467285,9.699381864160502,10.205925941467285,43800,0.0,0.0
2020-02-21 00:00:00-05:00,10.299731381219763,11.256537497948187,10.187166113590987,11.068928718566895,88700,0.0,0.0
2020-02-24 00:00:00-05:00,12.710506969274507,12.710506969274507,11.07830926403344,11.444146156311035,96900,0.0,0.0
2020-02-25 00:00:00-05:00,11.444143864330591,11.444143864330591,9.990174565164013,10.384153366088867,58800,0.0,0.0
2020-02-26 00:00:00-05:00,10.787514792889054,10.787514792889054,9.990176385144183,10.224687576293945,31600,0.0,0.0
2020-02-27 00:00:00-05:00,10.778132205891495,10.778132205891495,9.853220175904589,10.571763038635254,37500,0.0,0.0
2020-02-28 00:00:00-05:00,10.553002509023754,10.553002509023754,9.380446674687782,9.774425506591797,75800,0.0,0.0
2020-03-02 00:00:00-05:00,9.774425363481294,9.85884952545166,9.38044653734565,9.85884952545166,29700,0.0,0.0
2020-03-03 00:00:00-05:00,9.502393771537431,10.271590208332366,9.49301310899378,9.952654838562012,43700,0.0,0.0
2020-03-04 00:00:00-05:00,10.262208938598633,10.309111353952563,10.042707173435607,10.262208938598633,11600,0.0,0.0
2020-03-05 00:00:00-05:00,10.271590407669354,10.63742820266842,10.271590407669354,10.506101608276367,33800,0.0,0.0
2020-03-06 00:00:00-05:00,10.506099270621707,10.562382339863415,10.243447034868149,10.384153366088867,23000,0.0,0.0
2020-03-09 00:00:00-04:00,10.449818187606475,10.449818187606475,9.080272901938761,9.79318618774414,39200,0.0,0.0
2020-03-10 00:00:00-04:00,9.990175608785014,9.990175608785014,9.493012172668191,9.79318618774414,19400,0.0,0.0
2020-03-11 00:00:00-04:00,10.065218085407775,10.065218085407775,9.089651741377457,9.099032402038574,35800,0.0,0.0
2020-03-12 00:00:00-04:00,8.442403629847936,8.442403629847936,7.879576363355695,8.207892417907715,43300,0.0,0.0
2020-03-13 00:00:00-04:00,8.114086924873515,8.583109311157283,7.879575731731631,8.067185401916504,45000,0.0,0.0
2020-03-16 00:00:00-04:00,7.429314542861478,7.973380430050746,7.044716335840359,7.457455635070801,49400,0.0,0.0
2020-03-17 00:00:00-04:00,7.457454723743373,7.963998794555664,7.263279690426296,7.963998794555664,35600,0.0,0.0
2020-03-18 00:00:00-04:00,7.964000271806809,7.969629027358418,6.566313710901954,6.660118103027344,40900,0.0,0.0
2020-03-19 00:00:00-04:00,7.119760295383685,7.119760295383685,6.1066719658402375,6.660118103027344,37700,0.0,0.0
2020-03-20 00:00:00-04:00,6.725780049897129,6.932149671111606,6.256757736206055,6.256757736206055,34600,0.0,0.0
2020-03-23 00:00:00-04:00,6.3787051200561,7.082238753269877,6.161078386973118,6.960292816162109,49300,0.0,0.0
2020-03-24 00:00:00-04:00,7.138520029305236,8.780097746545485,7.129139367949366,8.226652145385742,54300,0.0,0.0
2020-03-25 00:00:00-04:00,8.245414333383287,8.902045560428661,7.598163769695965,8.681605339050293,31700,0.0,0.0
2020-03-26 00:00:00-04:00,8.451783613471395,9.239741365370019,8.451783613471395,8.705055236816406,20300,0.0,0.0
2020-03-27 00:00:00-04:00,8.630010535310953,9.089652195606542,8.498684857848835,9.033370018005371,47000,0.0,0.0
2020-03-30 00:00:00-04:00,9.033370984047014,9.07089273799012,8.16098908663335,8.526826858520508,35500,0.0,0.0
2020-03-31 00:00:00-04:00,8.52682712369134,9.192838947835252,8.32045702329189,8.705055236816406,22800,0.0,0.0
2020-04-01 00:00:00-04:00,8.986467940875743,8.986467940875743,7.973379760518206,8.32983684539795,33300,0.0,0.0
2020-04-02 00:00:00-04:00,8.114086748223157,8.911425145382532,8.06718522628723,8.47054386138916,14600,0.0,0.0
2020-04-03 00:00:00-04:00,8.780098370659402,8.780098370659402,7.5043578570183795,7.823293209075928,26300,0.0,0.0
2020-04-06 00:00:00-04:00,7.888018665531277,8.42364141559326,7.879575532806529,8.339218139648438,23500,0.0,0.0
2020-04-07 00:00:00-04:00,8.114086068374855,8.780097822379165,8.114086068374855,8.51744556427002,10000,0.0,0.0
2020-04-08 00:00:00-04:00,8.573728951626348,8.59248938059661,8.329837112888924,8.53620719909668,11600,0.0,0.0
2020-04-09 00:00:00-04:00,8.78009832665334,9.858850299946502,8.78009832665334,9.089653015136719,38000,0.0,0.0
2020-04-13 00:00:00-04:00,8.517446086879934,11.115830421447754,8.517446086879934,11.115830421447754,95000,0.0,0.0
2020-04-14 00:00:00-04:00,11.453527354035474,11.481668448312771,10.365395499694554,11.190875053405762,66700,0.0,0.0
2020-04-15 00:00:00-04:00,10.623356127635057,11.256536483764648,10.571764277071754,11.256536483764648,32300,0.0,0.0
2020-04-16 00:00:00-04:00,11.247156111265598,11.256536773278063,10.637427393882035,11.115830421447754,21100,0.0,0.0
2020-04-17 00:00:00-04:00,11.06892849381214,11.491048462496199,11.012645413845966,11.181493759155273,17700,0.0,0.0
2020-04-20 00:00:00-04:00,11.444143560455753,11.444143560455753,11.035156250122574,11.303437232971191,27900,0.0,0.0
2020-04-21 00:00:00-04:00,11.247156347405332,11.247156347405332,10.735921886651527,10.975123405456543,26800,0.0,0.0
2020-04-22 00:00:00-04:00,11.209634892972167,11.678657280917356,11.068928534424295,11.659896850585938,40000,0.0,0.0
2020-04-23 00:00:00-04:00,11.678657680512742,11.89440845153602,11.35034253447105,11.434765815734863,42900,0.0,0.0
2020-04-24 00:00:00-04:00,11.52106509510486,11.900973858410724,10.890699095062155,11.72555923461914,42400,0.0,0.0
2020-04-27 00:00:00-04:00,11.70679699350565,11.866264658173293,11.172111820554788,11.537949562072754,34300,0.0,0.0
2020-04-28 00:00:00-04:00,11.294058718434076,11.866265692069078,11.294058718434076,11.350341796875,36900,0.0,0.0
2020-04-29 00:00:00-04:00,11.406623755674612,12.044494457337063,11.308129488582763,11.969450950622559,30300,0.0,0.0
2020-04-30 00:00:00-04:00,11.828743489708591,12.138298172929805,11.537950130119766,12.082015991210938,25400,0.0,0.0
2020-05-01 00:00:00-04:00,11.772462098826443,12.147679650788643,11.537950905202765,12.138298988342285,15200,0.0,0.0
2020-05-04 00:00:00-04:00,12.147679444168146,12.644842915709084,11.960070671378093,12.410331726074219,57500,0.0,0.0
2020-05-05 00:00:00-04:00,12.504137133078533,12.654224158192065,12.15706066385618,12.607321739196777,29200,0.0,0.0
2020-05-06 00:00:00-04:00,12.19458227260885,12.65422400510577,11.791222726554006,11.894408226013184,41500,0.0,0.0
2020-05-07 00:00:00-04:00,12.316527654682712,12.654223442077637,11.791222201923643,12.654223442077637,36800,0.0,0.0
2020-05-08 00:00:00-04:00,12.654222860905245,12.991919527379908,12.588560017797011,12.963777542114258,75600,0.0,0.0
2020-05-11 00:00:00-04:00,12.963777044997022,12.963777044997022,12.110156538966907,12.898114204406738,62100,0.0,0.0
2020-05-12 00:00:00-04:00,13.038822186245598,13.038822186245598,12.035114550056093,12.400952339172363,64600,0.0,0.0
2020-05-13 00:00:00-04:00,12.757408901867018,12.757408901867018,11.79122216950161,11.85688591003418,29800,0.0,0.0
2020-05-14 00:00:00-04:00,11.90878577686171,12.333425347128214,11.856885074964724,12.2107515335083,31800,0.075,0.0
2020-05-15 00:00:00-04:00,12.559900916898899,12.68729216160244,12.305116627633886,12.456099510192871,59500,0.0,0.0
2020-05-18 00:00:00-04:00,12.767500411157792,13.673398498641447,12.597645138455697,13.597907066345215,119000,0.0,0.0
2020-05-19 00:00:00-04:00,13.682835698993326,14.286768081406054,13.116649034235838,13.96592903137207,119200,0.0,0.0
2020-05-20 00:00:00-04:00,14.607605258338388,15.230410008122435,14.050856184996988,15.173791885375977,175600,0.0,0.0
2020-05-21 00:00:00-04:00,15.098300999087954,15.098300999087954,14.050856691250619,14.786898612976074,115200,0.0,0.0
2020-05-22 00:00:00-04:00,14.956755031312994,15.088864591256794,14.381131720373128,14.749153137207031,52800,0.0,0.0
2020-05-26 00:00:00-04:00,15.0511189346146,15.0511189346146,14.220712254783113,14.588733673095703,75100,0.0,0.0
2020-05-27 00:00:00-04:00,14.626480614624427,14.716127038113525,14.22071344508016,14.692535400390625,43900,0.0,0.0
2020-05-28 00:00:00-04:00,14.928445576754056,14.928445576754056,14.44718789211514,14.522679328918457,52500,0.0,0.0
2020-05-29 00:00:00-04:00,14.49437004911471,15.098302471967848,14.400006198622284,14.711408615112305,56100,0.0,0.0
2020-06-01 00:00:00-04:00,15.098302096842255,15.702233604761428,14.786899688089198,15.371959686279297,107000,0.0,0.0
2020-06-02 00:00:00-04:00,16.230674076932935,16.419401756983305,15.551249389150005,16.0230712890625,126200,0.0,0.0
2020-06-03 00:00:00-04:00,15.994765484688402,16.032510306319175,15.126612988884904,15.66448974609375,77800,0.0,0.0
2020-06-04 00:00:00-04:00,15.768288416107946,15.824908344968053,15.09830212331751,15.513505935668945,46500,0.0,0.0
2020-06-05 00:00:00-04:00,15.334210920126763,15.570121857359483,14.182965294451026,15.551248550415039,154800,0.0,0.0
2020-06-08 00:00:00-04:00,16.77798686470737,16.77798686470737,15.543700281807757,15.80603313446045,80600,0.0,0.0
2020-06-09 00:00:00-04:00,15.626741495097248,16.900661039774576,15.626741495097248,16.372220993041992,102100,0.0,0.0
2020-06-10 00:00:00-04:00,16.47602235418248,16.69306182861328,15.909837429185213,16.69306182861328,84100,0.0,0.0
2020-06-11 00:00:00-04:00,16.258982115852582,16.560947841531874,15.598432540893555,15.598432540893555,96900,0.0,0.0
2020-06-12 00:00:00-04:00,15.824907994377764,16.51376758152701,15.381394227422026,15.560687065124512,81700,0.0,0.0
2020-06-15 00:00:00-04:00,15.381394239341303,17.268681964406877,15.107738455132866,17.202627182006836,154500,0.0,0.0
2020-06-16 00:00:00-04:00,18.872879138471987,18.872879138471987,16.230676779029114,16.494895935058594,133000,0.0,0.0
2020-06-17 00:00:00-04:00,16.325036827480087,16.98558819963104,15.83434342516037,16.06081771850586,95900,0.0,0.0
2020-06-18 00:00:00-04:00,15.975891421054273,16.70249765174842,15.522942783683076,15.768288612365723,69600,0.0,0.0
2020-06-19 00:00:00-04:00,16.079689826255617,16.23067267721841,15.702230898991074,16.08912467956543,94200,0.0,0.0
2020-06-22 00:00:00-04:00,15.95701760754819,16.2448292742492,11.399217813195795,11.663437843322754,530800,0.0,0.0
2020-06-23 00:00:00-04:00,14.91900903249713,15.28703044238209,13.965928568386833,14.645352363586426,476100,0.0,0.0
2020-06-24 00:00:00-04:00,15.098302569934893,15.098302569934893,13.91874768165873,14.692535400390625,126900,0.0,0.0
2020-06-25 00:00:00-04:00,14.711407412933816,15.041682212561529,13.984801233880859,14.145220756530762,187100,0.0,0.0
2020-06-26 00:00:00-04:00,14.060291528553316,14.437749568873684,13.399741082903683,14.02254581451416,1242100,0.0,0.0
2020-06-29 00:00:00-04:00,14.060292955530914,14.994501047688116,13.682835776831267,14.098038673400879,163500,0.0,0.0
2020-06-30 00:00:00-04:00,13.767761485995598,16.38165492120741,13.68283341049359,16.343908309936523,201600,0.0,0.0
2020-07-01 00:00:00-04:00,16.513769149780273,16.513769149780273,15.334214210510254,16.513769149780273,140900,0.0,0.0
2020-07-02 00:00:00-04:00,16.5137685132292,17.098828532492522,16.211802748393133,16.910099029541016,132700,0.0,0.0
2020-07-06 00:00:00-04:00,16.919534588904785,17.36304655230209,15.673924989697186,16.93840789794922,165200,0.0,0.0
2020-07-07 00:00:00-04:00,16.976152845002826,17.259247083244134,16.447712786753343,16.617568969726562,77800,0.0,0.0
2020-07-08 00:00:00-04:00,17.004463877202358,17.061082008464897,16.702498110658226,16.891225814819336,106000,0.0,0.0
2020-07-09 00:00:00-04:00,17.146009185261615,17.360215666947187,16.36278484536755,16.88178825378418,129700,0.0,0.0
2020-07-10 00:00:00-04:00,16.80629580149575,17.117698187715952,16.051381471221845,16.447711944580078,94300,0.0,0.0
2020-07-13 00:00:00-04:00,16.428843249439442,16.664754268874077,15.669209478882593,16.032512664794922,107900,0.0,0.0
2020-07-14 00:00:00-04:00,15.749417823328939,16.268421269092926,15.572956147808949,16.249547958374023,83000,0.0,0.0
2020-07-15 00:00:00-04:00,16.277857350442257,17.74050468227796,15.843782018362262,17.53290367126465,164800,0.0,0.0
2020-07-16 00:00:00-04:00,17.29116768897047,18.19175007399037,17.158450970048264,18.182270050048828,119800,0.085,0.0
2020-07-17 00:00:00-04:00,18.002152715406403,18.637299836952014,17.856164328614383,18.191749572753906,83700,0.0,0.0
2020-07-20 00:00:00-04:00,18.7226201217743,19.888636029584276,18.15383130075266,19.42412567138672,149800,0.0,0.0
2020-07-21 00:00:00-04:00,20.400547622705318,21.329568389729005,20.068753975016886,20.59962272644043,172500,0.0,0.0
2020-07-22 00:00:00-04:00,22.70413933021159,23.58575989507664,22.0121120193699,23.168649673461914,220200,0.0,0.0
2020-07-23 00:00:00-04:00,23.794311581840844,24.543215257707992,21.850950417224556,23.263442993164062,264800,0.0,0.0
2020-07-24 00:00:00-04:00,23.737435150489507,26.761491970100064,23.026449698734694,26.192703247070312,361800,0.0,0.0
2020-07-27 00:00:00-04:00,27.8611520374527,27.8611520374527,24.53373958222092,25.548080444335938,324600,0.0,0.0
2020-07-28 00:00:00-04:00,25.30160397012893,25.48171899117304,23.936511332419606,24.230384826660156,211200,0.0,0.0
2020-07-29 00:00:00-04:00,24.012351547819414,24.486341907474852,22.087950036691623,23.38668441772461,264600,0.0,0.0
2020-07-30 00:00:00-04:00,22.76101730039628,22.76101730039628,20.96933431849529,22.01211166381836,141000,0.0,0.0
2020-07-31 00:00:00-04:00,22.656738509789317,22.941133806442227,20.258348481022427,21.737197875976562,276100,0.0,0.0
2020-08-03 00:00:00-04:00,22.135350854270225,23.08333160341987,21.272688517194428,21.36748695373535,178900,0.0,0.0
2020-08-04 00:00:00-04:00,21.083090107018013,22.770496368408203,21.083090107018013,22.770496368408203,151700,0.0,0.0
2020-08-05 00:00:00-04:00,23.64264075946014,23.927034265396472,22.76101835967577,23.225528717041016,177000,0.0,0.0
2020-08-06 00:00:00-04:00,23.983914102210996,23.983914102210996,21.81303895744606,22.249109268188477,130100,0.0,0.0
2020-08-07 00:00:00-04:00,22.343902374072215,22.941131162523117,21.623436903631955,22.277544021606445,115500,0.0,0.0
2020-08-10 00:00:00-04:00,23.46251936923773,24.533736629710813,22.32494194929563,22.39130210876465,233000,0.0,0.0
2020-08-11 00:00:00-04:00,22.74205711520732,23.225527496393525,20.959854168203993,21.55708122253418,215200,0.0,0.0
2020-08-12 00:00:00-04:00,21.566562115041744,21.803557303119128,19.954994112863634,20.343666076660156,147300,0.0,0.0
2020-08-13 00:00:00-04:00,19.196609806890056,20.81576106936771,18.153830640939216,19.367246627807617,134100,0.0,0.0
2020-08-14 00:00:00-04:00,17.812558527155232,18.145299599460667,16.795373453832095,17.822036743164062,228400,0.0,0.0
2020-08-17 00:00:00-04:00,18.91221457592342,21.54286050207513,18.91221457592342,19.5757999420166,377500,0.0,0.0
2020-08-18 00:00:00-04:00,20.703901365741228,21.272690222452127,18.69418122086403,19.120773315429688,175000,0.0,0.0
2020-08-19 00:00:00-04:00,18.77001801691165,19.193765887028267,18.182270967903644,18.551982879638672,94800,0.0,0.0
2020-08-20 00:00:00-04:00,18.589902772698014,18.788977858939546,18.126339889997325,18.485624313354492,56400,0.0,0.0
2020-08-21 00:00:00-04:00,18.514065395154905,18.703660467411947,17.727241415370045,17.97371482849121,112300,0.0,0.0
2020-08-24 00:00:00-04:00,17.935794897258717,17.961390781152556,17.281687708677744,17.547122955322266,96700,0.0,0.0
2020-08-25 00:00:00-04:00,17.793600100234073,17.983195175891918,16.760300880663685,17.054174423217773,97900,0.0,0.0
2020-08-26 00:00:00-04:00,16.826659922020585,17.85047915762678,16.788739820491116,17.357528686523438,125900,0.0,0.0
2020-08-27 00:00:00-04:00,17.850476538170916,18.333946912945365,16.893015812613246,16.911975860595703,75100,0.0,0.0
2020-08-28 00:00:00-04:00,18.011634514465104,18.34342814346279,17.224810552737345,17.348047256469727,135800,0.0,0.0
2020-08-31 00:00:00-04:00,17.784119863337626,17.897876545750968,17.234291076660156,17.234291076660156,129400,0.0,0.0
2020-09-01 00:00:00-04:00,17.49972464993153,18.01163514836639,16.703422443693768,16.845619201660156,106600,0.0,0.0
2020-09-02 00:00:00-04:00,16.86457844274975,16.945155938752002,16.456946430167115,16.68446159362793,104800,0.0,0.0
2020-09-03 00:00:00-04:00,16.59914339320105,18.068512854023908,16.338449044749225,17.348047256469727,134700,0.0,0.0
2020-09-04 00:00:00-04:00,17.44284792344034,18.26759208901798,17.12053427787023,17.2722110748291,63700,0.0,0.0
2020-09-08 00:00:00-04:00,17.15844995677382,18.2581073552379,16.589661210778356,17.70827865600586,87800,0.0,0.0
2020-09-09 00:00:00-04:00,17.613481069377137,18.352906655208436,17.291167491563215,18.11591148376465,129300,0.0,0.0
2020-09-10 00:00:00-04:00,18.068511402912385,18.239148216014495,17.348045863219962,17.480764389038086,72600,0.0,0.0
2020-09-11 00:00:00-04:00,17.698801548314712,18.10832850034412,17.06365434214308,17.33856964111328,41600,0.0,0.0
2020-09-14 00:00:00-04:00,17.433366063038616,19.812798051113536,17.433366063038616,19.206090927124023,116800,0.0,0.0
2020-09-15 00:00:00-04:00,19.765398560167462,19.90759530788354,18.277069105021692,18.523544311523438,71800,0.0,0.0
2020-09-16 00:00:00-04:00,18.34342835881784,19.177650645283546,17.6893211177579,18.0495548248291,87600,0.0,0.0
2020-09-17 00:00:00-04:00,17.641920509631746,18.31498590454692,17.39544532317377,17.77463722229004,34400,0.0,0.0
2020-09-18 00:00:00-04:00,17.850474709035147,18.400303387277624,17.379328594540542,18.390823364257812,120800,0.0,0.0
2020-09-21 00:00:00-04:00,17.651402194974313,17.746198822581118,16.532784631168248,16.968854904174805,102200,0.0,0.0
2020-09-22 00:00:00-04:00,16.893014401952215,17.442843090621796,15.546881845812262,16.26734733581543,91600,0.0,0.0
2020-09-23 00:00:00-04:00,16.24838806407194,16.295788182329744,15.167690681608793,15.196130752563477,76200,0.0,0.0
2020-09-24 00:00:00-04:00,15.167689848318233,16.33370557145661,14.891827142041075,16.163068771362305,86400,0.0,0.0
2020-09-25 00:00:00-04:00,16.172548794493046,16.305267310193912,15.65116017920892,16.163068771362305,46200,0.0,0.0
2020-09-28 00:00:00-04:00,16.182032506696746,17.006776625795762,16.182032506696746,16.69394302368164,64800,0.0,0.0
2020-09-29 00:00:00-04:00,16.81717512705673,17.02573020192985,16.257866445034388,16.883533477783203,30400,0.0,0.0
2020-09-30 00:00:00-04:00,16.51382361933583,16.82665717333174,15.59428300501565,16.106191635131836,76000,0.0,0.0
2020-10-01 00:00:00-04:00,16.06827256541588,16.575442062981313,15.546882128727503,15.55636215209961,91500,0.0,0.0
2020-10-02 00:00:00-04:00,15.480523948803347,15.755439205323269,14.930695243893103,15.376245498657227,42000,0.0,0.0
2020-10-05 00:00:00-04:00,15.366764957204344,17.33856637938881,15.366764957204344,17.04469108581543,116300,0.0,0.0
2020-10-06 00:00:00-04:00,17.44284481841881,17.44284481841881,16.125152201353895,16.34318733215332,63700,0.0,0.0
2020-10-07 00:00:00-04:00,16.314750013388096,16.855100631713867,16.091975736983727,16.855100631713867,53700,0.0,0.0
2020-10-08 00:00:00-04:00,16.855097405565562,16.97833410032051,16.305268674871034,16.703420639038086,30100,0.0,0.0
2020-10-09 00:00:00-04:00,17.0636521069651,18.248627947726565,16.895859484518166,17.660879135131836,93700,0.0,0.0
2020-10-12 00:00:00-04:00,17.537641324794404,18.239146760810634,17.357524502209436,18.106430053710938,40400,0.0,0.0
2020-10-13 00:00:00-04:00,17.916837212749204,18.07514983678358,17.433366775512695,17.433366775512695,37700,0.0,0.0
2020-10-14 00:00:00-04:00,17.594522110765865,18.959614889054098,17.442845336303815,18.551982879638672,66700,0.0,0.0
2020-10-15 00:00:00-04:00,18.40905363246426,18.40905363246426,17.246577796756608,17.70394515991211,55400,0.1,0.0
2020-10-16 00:00:00-04:00,18.046973009879096,18.046973009879096,16.817796080164733,17.036951065063477,37100,0.0,0.0
2020-10-19 00:00:00-04:00,17.10365139426953,17.43714730710832,16.55099868774414,16.55099868774414,37800,0.0,0.0
2020-10-20 00:00:00-04:00,16.58911118698698,17.418091128475037,16.246084753624146,17.379976272583008,40400,0.0,0.0
2020-10-21 00:00:00-04:00,17.589601206143577,18.342353196705837,17.294218364839402,17.580074310302734,73700,0.0,0.0
2020-10-22 00:00:00-04:00,17.446677358735645,17.446677358735645,16.779683664514437,16.81779670715332,63100,0.0,0.0
2020-10-23 00:00:00-04:00,16.970251438772785,17.652491397331687,16.312786501165622,16.369956970214844,44300,0.0,0.0
2020-10-26 00:00:00-04:00,16.417599354056566,16.884495473587936,16.160329507350554,16.198444366455078,56500,0.0,0.0
2020-10-27 00:00:00-04:00,16.436654749687573,16.617696673198374,16.10315704345703,16.10315704345703,18700,0.0,0.0
2020-10-28 00:00:00-04:00,15.72201811008557,15.960230505692925,15.112194050195791,15.321821212768555,50700,0.0,0.0
2020-10-29 00:00:00-04:00,15.17889145717603,16.131740871262,15.17889145717603,16.093626022338867,27100,0.0,0.0
2020-10-30 00:00:00-04:00,15.960231678619813,16.23655895019165,15.540977322663037,15.56003475189209,53800,0.0,0.0
2020-11-02 00:00:00-05:00,15.521922356203158,16.30325881291506,15.516204763713425,16.20797348022461,34000,0.0,0.0
2020-11-03 00:00:00-05:00,16.40806830136104,16.62722507515228,16.017400138286938,16.60816764831543,103300,0.0,0.0
2020-11-04 00:00:00-05:00,16.91307710002593,16.91307710002593,15.969756398170743,16.093626022338867,30300,0.0,0.0
2020-11-05 00:00:00-05:00,16.417598899259612,16.76062535203185,16.310880204589658,16.655811309814453,50600,0.0,0.0
2020-11-06 00:00:00-05:00,16.970250928302722,16.970250928302722,16.150801505191673,16.217500686645508,37600,0.0,0.0
2020-11-09 00:00:00-05:00,16.15080141320624,17.00836568793038,15.702960938995883,16.122215270996094,74400,0.0,0.0
2020-11-10 00:00:00-05:00,16.284199633280895,17.056007292057267,16.198443024815035,16.960721969604492,61000,0.0,0.0
2020-11-11 00:00:00-05:00,16.798739271555608,16.798739271555608,16.026931529854405,16.20797348022461,55400,0.0,0.0
2020-11-12 00:00:00-05:00,16.64628165401924,16.64628165401924,15.407577916144577,15.46474838256836,72300,0.0,0.0
2020-11-13 00:00:00-05:00,15.664848689438632,15.974523733945116,14.959739260765877,15.15983772277832,66400,0.0,0.0
2020-11-16 00:00:00-05:00,15.369464751096473,15.3980508961614,14.559543057130753,14.873983383178711,181600,0.0,0.0
2020-11-17 00:00:00-05:00,14.788225675507917,15.398048815144099,14.769168248040208,14.988323211669922,124400,0.0,0.0
2020-11-18 00:00:00-05:00,15.055024010193847,15.336113808954037,14.740583711789919,14.91209602355957,46500,0.0,0.0
2020-11-19 00:00:00-05:00,14.912096553520882,15.140781158521312,14.559542294560021,15.112195014953613,66000,0.0,0.0
2020-11-20 00:00:00-05:00,14.940681409493557,15.340878297869859,14.731054251604029,14.893038749694824,67300,0.0,0.0
2020-11-23 00:00:00-05:00,14.578599004383817,14.844444310715504,13.959246221595675,14.159344673156738,115700,0.0,0.0
2020-11-24 00:00:00-05:00,14.159343868628422,14.53095551718648,13.859196662695167,14.092644691467285,57900,0.0,0.0
2020-11-25 00:00:00-05:00,14.00688991118231,14.483314744274962,14.00688991118231,14.254631042480469,48100,0.0,0.0
2020-11-27 00:00:00-05:00,14.025946904935108,14.473785579859037,13.892547628678573,14.14981746673584,37200,0.0,0.0
2020-11-30 00:00:00-05:00,13.844903895016424,14.235572070426729,13.625748931721144,13.749619483947754,70400,0.0,0.0
2020-12-01 00:00:00-05:00,14.05453293816415,14.807284157486984,13.787735279200032,14.778698921203613,73500,0.0,0.0
2020-12-02 00:00:00-05:00,14.883509784434686,15.57909042484001,14.635768684635083,15.540975570678711,48100,0.0,0.0
2020-12-03 00:00:00-05:00,15.779189306427869,15.779189306427869,15.045495566529544,15.293235778808594,43500,0.0,0.0
2020-12-04 00:00:00-05:00,15.417107563383562,15.531448503152689,14.940682740373768,15.15983772277832,49800,0.0,0.0
2020-12-07 00:00:00-05:00,15.140780226807241,16.007872294713422,15.140780226807241,15.57909107208252,41800,0.0,0.0
2020-12-08 00:00:00-05:00,15.693431401850921,15.845887184143066,15.40757726440722,15.845887184143066,38800,0.0,0.0
2020-12-09 00:00:00-05:00,15.722017549467514,15.722017549467514,14.607183505081348,14.654826164245605,94800,0.0,0.0
2020-12-10 00:00:00-05:00,14.645298386729445,15.112194477223046,14.530956542651921,14.86445426940918,76400,0.0,0.0
2020-12-11 00:00:00-05:00,14.626242238290098,14.969267779228783,13.940190247704505,14.616713523864746,84400,0.0,0.0
2020-12-14 00:00:00-05:00,14.464257401109661,14.540485297373863,13.539993023020946,13.673392295837402,113400,0.0,0.0
2020-12-15 00:00:00-05:00,13.892546725134824,14.902567674054303,13.84490406466263,14.711997032165527,71000,0.0,0.0
2020-12-16 00:00:00-05:00,14.740583211082408,15.22653580474917,14.559541282570256,14.969266891479492,44200,0.0,0.0
2020-12-17 00:00:00-05:00,15.474278067661057,17.13223623733012,15.464749353089706,15.769660949707031,102000,0.0,0.0
2020-12-18 00:00:00-05:00,15.95070230233156,16.18034013495782,15.226536378416002,15.4266357421875,140900,0.0,0.0
2020-12-21 00:00:00-05:00,15.445691753006471,15.617204978559664,15.112194925074206,15.436164855957031,31600,0.0,0.0
2020-12-22 00:00:00-05:00,15.36946283881567,15.53144733919623,14.130759118787628,14.711997032165527,80500,0.0,0.0
2020-12-23 00:00:00-05:00,14.683412512782743,15.445691482541733,14.445200107556007,15.102666854858398,38600,0.0,0.0
2020-12-24 00:00:00-05:00,14.959740120844497,15.626734729664005,14.878747859928023,15.369464874267578,34800,0.0,0.0
2020-12-28 00:00:00-05:00,15.712489917472116,16.1984434387238,15.102666746058118,15.217008590698242,81400,0.0,0.0
2020-12-29 00:00:00-05:00,15.283708727040397,15.96023108266201,14.69294116491446,15.26465129852295,92600,0.0,0.0
2020-12-30 00:00:00-05:00,15.083609602982024,15.464749092327004,15.04740121518802,15.388521194458008,34500,0.0,0.0
2020-12-31 00:00:00-05:00,15.359937859561061,15.607677180555418,14.945447843038627,15.131253242492676,52000,0.0,0.0
2021-01-04 00:00:00-05:00,15.86494536652061,17.675359230485228,15.807774899793575,17.475261688232422,114300,0.0,0.0
2021-01-05 00:00:00-05:00,17.570547678677713,17.570547678677713,16.53194143702175,16.78921127319336,81200,0.0,0.0
2021-01-06 00:00:00-05:00,17.141764087923583,17.38950520204265,16.789210753635345,17.19893455505371,66500,0.0,0.0
2021-01-07 00:00:00-05:00,17.127470728801494,17.703944260411163,16.874964366571273,17.589601516723633,54600,0.0,0.0
2021-01-08 00:00:00-05:00,17.389503862833998,17.389503862833998,15.722017191055397,16.04598617553711,149600,0.0,0.0
2021-01-11 00:00:00-05:00,15.89353183491573,16.122215523935534,15.359936560536193,15.47427749633789,132200,0.0,0.0
2021-01-12 00:00:00-05:00,15.464749048927604,15.931645149241987,15.055024326208637,15.855417251586914,144000,0.0,0.0
2021-01-13 00:00:00-05:00,15.864945376082341,16.065044735872114,15.245593503486477,15.512392044067383,83100,0.0,0.0
2021-01-14 00:00:00-05:00,15.675479131963069,15.88173558078731,15.157440083355878,15.637104988098145,96200,0.11,0.0
2021-01-15 00:00:00-05:00,15.339712118865327,15.349305654472952,14.054207623920831,14.246074676513672,147600,0.0,0.0
2021-01-19 00:00:00-05:00,14.485908167971399,14.682571081496306,14.150141727134267,14.303634643554688,158300,0.0,0.0
2021-01-20 00:00:00-05:00,14.54346689493971,15.042319765583402,14.447534283970475,14.96557331085205,84900,0.0,0.0
2021-01-21 00:00:00-05:00,15.080693510014413,15.157439967377139,14.495500629011214,14.80248737335205,43400,0.0,0.0
2021-01-22 00:00:00-05:00,14.53387347068556,15.11906633610628,14.505093778663365,15.099879264831543,43800,0.0,0.0
2021-01-25 00:00:00-05:00,14.869639428456624,15.051912025350672,14.346803646329377,14.389973640441895,44000,0.0,0.0
2021-01-26 00:00:00-05:00,14.399568465537312,14.610620772446918,14.073395554089783,14.332414627075195,60600,0.0,0.0
2021-01-27 00:00:00-05:00,14.150142421358359,14.418755038272574,13.459423348688956,13.728036880493164,88500,0.0,0.0
2021-01-28 00:00:00-05:00,13.910308321390271,14.722862310787047,13.910308321390271,14.466720581054688,93000,0.0,0.0
2021-01-29 00:00:00-05:00,14.744927488057304,14.821673947580974,13.459422918700863,14.418754577636719,151600,0.0,0.0
2021-02-01 00:00:00-05:00,14.610621115751108,14.955981107699833,14.433145266457448,14.668181419372559,99200,0.0,0.0
2021-02-02 00:00:00-05:00,14.533873390544162,14.533873390544162,13.67047531551992,13.852747917175293,84600,0.0,0.0
2021-02-03 00:00:00-05:00,13.814374552645113,14.850452598349001,13.814374552645113,14.744926452636719,86700,0.0,0.0
2021-02-04 00:00:00-05:00,14.274854940590918,14.869640448754296,13.958275571969926,14.85045337677002,63000,0.0,0.0
2021-02-05 00:00:00-05:00,15.099878991397494,15.099878991397494,14.274854154211788,14.43794059753418,41400,0.0,0.0
2021-02-08 00:00:00-05:00,14.63940132640763,15.35890007019043,14.63940132640763,15.35890007019043,63800,0.0,0.0
2021-02-09 00:00:00-05:00,15.253372112307913,15.704259136498068,14.984759519803259,15.42605209350586,101700,0.0,0.0
2021-02-10 00:00:00-05:00,15.445239342582825,15.637104567405938,14.629807105190036,15.320526123046875,157300,0.0,0.0
2021-02-11 00:00:00-05:00,15.090286277553428,15.521986248023254,14.409161690567585,15.397272109985352,128200,0.0,0.0
2021-02-12 00:00:00-05:00,15.147845295157001,15.387679100036621,14.908012405167252,15.387679100036621,43500,0.0,0.0
2021-02-16 00:00:00-05:00,15.349306331715326,15.445239862244527,14.792894050381841,15.157440185546875,72500,0.0,0.0
2021-02-17 00:00:00-05:00,14.85045337677002,15.119066895210214,14.59143430921191,14.85045337677002,42300,0.0,0.0
2021-02-18 00:00:00-05:00,14.831267312742941,14.917607307434082,14.294041187381367,14.917607307434082,61400,0.0,0.0
2021-02-19 00:00:00-05:00,14.831267332759431,15.26488491614288,14.629807649838192,15.224593162536621,67400,0.0,0.0
2021-02-22 00:00:00-05:00,15.1094718557328,15.990137512688673,15.1094718557328,15.733036994934082,106200,0.0,0.0
2021-02-23 00:00:00-05:00,15.694666794318186,15.694666794318186,14.370788057653128,14.927201271057129,121700,0.0,0.0
2021-02-24 00:00:00-05:00,14.831268347171543,15.733039756517826,14.581841881753842,15.598733901977539,82800,0.0,0.0
2021-02-25 00:00:00-05:00,15.253371960799354,15.552683681265487,14.505093574523926,14.505093574523926,79600,0.0,0.0
2021-02-26 00:00:00-05:00,14.581840888003665,14.841819677163443,13.584136009216309,13.584136009216309,102200,0.0,0.0
2021-03-01 00:00:00-05:00,14.140547337498178,14.15973440833742,13.02772284573923,13.104469299316406,109600,0.0,0.0
2021-03-02 00:00:00-05:00,12.950977054635246,14.006242217635574,12.903010289973423,13.776001930236816,86200,0.0,0.0
2021-03-03 00:00:00-05:00,13.641695034382547,13.814374092994314,13.114062493597444,13.401862144470215,34000,0.0,0.0
2021-03-04 00:00:00-05:00,13.430643503605165,14.111769032169311,12.759111511402903,13.286744117736816,143800,0.0,0.0
2021-03-05 00:00:00-05:00,13.718442954340587,13.718442954340587,13.038276242174236,13.478610038757324,150800,0.0,0.0
2021-03-08 00:00:00-05:00,13.421049226560953,13.96690915590148,13.421049226560953,13.641695976257324,94100,0.0,0.0
2021-03-09 00:00:00-05:00,14.20770102811187,14.687366815605467,14.11656427231892,14.629806518554688,68600,0.0,0.0
2021-03-10 00:00:00-05:00,14.629807036641935,15.195812832310796,14.389974134401903,15.01353931427002,54300,0.0,0.0
2021-03-11 00:00:00-05:00,15.339713202166278,15.502799659453522,14.75452121212321,15.474019050598145,84900,0.0,0.0
2021-03-12 00:00:00-05:00,15.349306738451405,15.502799659453522,14.812080600054017,15.474019050598145,55000,0.0,0.0
2021-03-15 00:00:00-04:00,15.445238757512193,16.26067096401615,15.330118163155259,15.569951057434082,194000,0.0,0.0
2021-03-16 00:00:00-04:00,15.886531325946855,15.886531325946855,14.773706778343083,14.95598030090332,156200,0.0,0.0
2021-03-17 00:00:00-04:00,14.754519666251168,15.368492200822006,14.399567094900645,15.195812225341797,131800,0.0,0.0
2021-03-18 00:00:00-04:00,14.888826976799253,15.205406333854528,14.639400539455728,14.70655345916748,159600,0.0,0.0
2021-03-19 00:00:00-04:00,14.869640289836058,14.898419982614945,13.852748357786018,14.01583480834961,686800,0.0,0.0
2021-03-22 00:00:00-04:00,14.533873560049942,14.754520306616554,13.488202871174872,13.593729019165039,121100,0.0,0.0
2021-03-23 00:00:00-04:00,13.430642998506315,13.670475909193927,12.759111031558989,12.816670417785645,137500,0.0,0.0
2021-03-24 00:00:00-04:00,12.835856963342001,13.574541822220885,12.826263427734375,12.826263427734375,68100,0.0,0.0
2021-03-25 00:00:00-04:00,12.807076722081845,13.718441523247662,12.807076722081845,13.315522193908691,98100,0.0,0.0
2021-03-26 00:00:00-04:00,13.334709342149944,14.001445449680398,13.08528381271036,13.776001930236816,87700,0.0,0.0
2021-03-29 00:00:00-04:00,13.58413550885558,13.852748104626137,13.296335841656452,13.353896141052246,107100,0.0,0.0
2021-03-30 00:00:00-04:00,13.018129779908296,14.294040760265752,12.705388382000578,14.207701683044434,112200,0.0,0.0
2021-03-31 00:00:00-04:00,14.188514768147094,14.48590797593668,13.526576346136633,13.70884895324707,105500,0.0,0.0
2021-04-01 00:00:00-04:00,14.044615003203118,14.342007287920183,13.958275012514322,14.246074676513672,34700,0.0,0.0
2021-04-05 00:00:00-04:00,14.246075068486668,14.3899744470007,13.564949574733038,13.70884895324707,97400,0.0,0.0
2021-04-06 00:00:00-04:00,13.93908788958539,14.466720452478375,13.632102070399611,13.699254989624023,57600,0.0,0.0
2021-04-07 00:00:00-04:00,13.68966235429908,13.939087874675778,13.142842720846922,13.152436256408691,102400,0.0,0.0
2021-04-08 00:00:00-04:00,13.353896141052246,13.689662571932883,13.305929377370738,13.353896141052246,51200,0.0,0.0
2021-04-09 00:00:00-04:00,13.363489384660179,13.488202601550082,13.056502652742761,13.325116157531738,62600,0.0,0.0
2021-04-12 00:00:00-04:00,13.344301972823791,13.450787835491184,12.855042653264947,12.903009414672852,63600,0.0,0.0
2021-04-13 00:00:00-04:00,13.315523582969508,13.67047618824594,13.104470361087047,13.478610038757324,135100,0.0,0.0
2021-04-14 00:00:00-04:00,13.53616892676332,13.6704756838953,13.152436641943286,13.248370170593262,63900,0.0,0.0
2021-04-15 00:00:00-04:00,13.325788597581026,14.438689926149468,13.258046127532005,14.429012298583984,183900,0.12,0.0
2021-04-16 00:00:00-04:00,14.516109719970125,14.554819308973668,13.732239389011601,14.012884140014648,149600,0.0,0.0
2021-04-19 00:00:00-04:00,14.245143580849135,14.245143580849135,13.335466792070893,13.829014778137207,81200,0.0,0.0
2021-04-20 00:00:00-04:00,13.712886084534466,14.77256243199064,13.490305238886792,14.458045959472656,228700,0.0,0.0
2021-04-21 00:00:00-04:00,14.583850125074715,15.058043706777696,14.225786224174856,14.738688468933105,198300,0.0,0.0
2021-04-22 00:00:00-04:00,14.990301430941436,14.990301430941436,13.596755395477766,13.683852195739746,128600,0.0,0.0
2021-04-23 00:00:00-04:00,13.77094908148368,14.14836826928604,13.558046801819238,13.90643310546875,92200,0.0,0.0
2021-04-26 00:00:00-04:00,14.032239345928662,14.244174414185458,13.606433868408203,13.606433868408203,45400,0.0,0.0
2021-04-27 00:00:00-04:00,13.790304154038962,13.790304154038962,13.316111460766754,13.422562599182129,81200,0.0,0.0
2021-04-28 00:00:00-04:00,13.306434289156362,13.664498228369984,13.306434289156362,13.587079048156738,178600,0.0,0.0
2021-04-29 00:00:00-04:00,13.490304858108397,14.032240052419942,13.320950975113641,13.780627250671387,170800,0.0,0.0
2021-04-30 00:00:00-04:00,13.674175440243264,14.022561740594458,13.393530689788564,13.461272239685059,60100,0.0,0.0
2021-05-03 00:00:00-04:00,13.741917189785847,14.564497120091342,13.499982024744162,14.49675464630127,112100,0.0,0.0
2021-05-04 00:00:00-04:00,14.419335179566415,14.726109339264285,13.664497738114635,13.751594543457031,93000,0.0,0.0
2021-05-05 00:00:00-04:00,13.858046493053994,13.858046493053994,13.46127295473921,13.635466575622559,76100,0.0,0.0
2021-05-06 00:00:00-04:00,13.664497548907056,14.46772219586146,13.664497548907056,14.293529510498047,104500,0.0,0.0
2021-05-07 00:00:00-04:00,14.58385064799427,14.58385064799427,14.03223879749279,14.429012298583984,60500,0.0,0.0
2021-05-10 00:00:00-04:00,14.574175310624737,14.743529194361939,13.548369765180883,13.635466575622559,169200,0.0,0.0
2021-05-11 00:00:00-04:00,13.63546681975124,14.109659548524226,13.596757228074047,13.829014778137207,95700,0.0,0.0
2021-05-12 00:00:00-04:00,13.770949003718556,14.070949011238024,13.364498779877405,13.499981880187988,98700,0.0,0.0
2021-05-13 00:00:00-04:00,13.529013685312751,13.780626472859677,13.335465742164883,13.3838529586792,99600,0.0,0.0
2021-05-14 00:00:00-04:00,13.490303956791422,14.187077467807736,13.490303956791422,13.964497566223145,72400,0.0,0.0
2021-05-17 00:00:00-04:00,13.964497489522365,16.379009310992583,13.964497489522365,14.951592445373535,176800,0.0,0.0
2021-05-18 00:00:00-04:00,15.048366508155503,15.241914443490979,14.738688888709389,14.864495277404785,78400,0.0,0.0
2021-05-19 00:00:00-04:00,14.777399952807901,15.11610862161852,13.838691277594513,14.225787162780762,131600,0.0,0.0
2021-05-20 00:00:00-04:00,14.31288348366186,14.748366570497176,14.138689879763989,14.390302658081055,67200,0.0,0.0
2021-05-21 00:00:00-04:00,14.53546546837042,14.758045381954185,14.322562260183325,14.54514217376709,72100,0.0,0.0
2021-05-24 00:00:00-04:00,14.554818794862472,14.748366733043616,14.417399435735582,14.506431579589844,35300,0.0,0.0
2021-05-25 00:00:00-04:00,14.448367917706491,14.874173389311908,14.332239152723195,14.516109466552734,75500,0.0,0.0
2021-05-26 00:00:00-04:00,14.903204919335566,14.903204919335566,14.051594000724414,14.390302658081055,75300,0.0,0.0
2021-05-27 00:00:00-04:00,14.380625885565287,14.564497127925138,14.129014015197754,14.129014015197754,39000,0.0,0.0
2021-05-28 00:00:00-04:00,14.129014166926119,14.3128844883511,14.012884474236273,14.245142936706543,48300,0.0,0.0
2021-06-01 00:00:00-04:00,14.138689819560774,14.467721770896,14.041916313403524,14.167722702026367,43400,0.0,0.0
2021-06-02 00:00:00-04:00,14.17740048797804,14.409658950871389,14.06611053209942,14.099981307983398,73900,0.0,0.0
2021-06-03 00:00:00-04:00,14.04191674267947,14.09030395869202,13.79030395774172,13.964497566223145,54700,0.0,0.0
2021-06-04 00:00:00-04:00,14.032238747108718,14.18707709596304,13.84836843857155,13.877400398254395,40100,0.0,0.0
2021-06-07 00:00:00-04:00,13.799981965636528,14.07094909069726,13.751594748291188,13.90643310546875,62900,0.0,0.0
2021-06-08 00:00:00-04:00,13.964498134230817,14.001272382979776,13.688692191523044,13.693530082702637,37900,0.0,0.0
2021-06-09 00:00:00-04:00,13.790304415966311,13.925788440721439,13.56772450698583,13.616110801696777,49100,0.0,0.0
2021-06-10 00:00:00-04:00,13.616110386033743,13.77094873936457,13.359659709420578,13.490303993225098,80300,0.0,0.0
2021-06-11 00:00:00-04:00,13.838691211128847,13.838691211128847,13.354820895515315,13.490303993225098,57400,0.0,0.0
2021-06-14 00:00:00-04:00,13.306433471145503,13.480627077371498,13.267723883418546,13.335465431213379,100600,0.0,0.0
2021-06-15 00:00:00-04:00,13.838690772929608,13.838690772929608,13.06449810788073,13.18062686920166,97300,0.0,0.0
2021-06-16 00:00:00-04:00,13.248368587319456,13.28901443878061,12.91933755410782,12.967723846435547,107100,0.0,0.0
2021-06-17 00:00:00-04:00,12.91933776023749,13.383852818942515,12.91933776023749,12.938692092895508,101400,0.0,0.0
2021-06-18 00:00:00-04:00,12.822564084592726,12.919338522319464,11.719339370727539,11.719339370727539,237600,0.0,0.0
2021-06-21 00:00:00-04:00,12.203209465870142,12.580628657853126,12.02901677357058,12.07740306854248,148500,0.0,0.0
2021-06-22 00:00:00-04:00,11.961273595527345,12.561272662385043,11.903209675813992,12.2322416305542,78000,0.0,0.0
2021-06-23 00:00:00-04:00,12.299983959034677,12.454822318649965,11.845145585482697,11.932242393493652,97400,0.0,0.0
2021-06-24 00:00:00-04:00,12.14514617487412,12.280629284502174,11.816114183646903,11.990307807922363,170300,0.0,0.0
2021-06-25 00:00:00-04:00,11.92256407150191,12.338692830935031,11.806435308548116,11.941919326782227,1581100,0.0,0.0
2021-06-28 00:00:00-04:00,11.951597619330078,12.290306299394807,11.883855144989596,12.261274337768555,86200,0.0,0.0
2021-06-29 00:00:00-04:00,12.116113929774688,12.232242702285408,11.719339470059584,11.796758651733398,122200,0.0,0.0
2021-06-30 00:00:00-04:00,11.719339142695803,12.058048745239432,11.622565629761494,11.709662437438965,95000,0.0,0.0
2021-07-01 00:00:00-04:00,11.999983527160333,12.029016410759105,11.516113208760169,11.622565269470215,70800,0.0,0.0
2021-07-02 00:00:00-04:00,11.767725625526749,11.777403253088476,11.341920164813727,11.535468101501465,64600,0.0,0.0
2021-07-06 00:00:00-04:00,12.145145002791203,12.996756861749429,12.106435414788981,12.203208923339844,367500,0.0,0.0
2021-07-07 00:00:00-04:00,12.396757553982436,12.580627862820462,11.970951171026963,12.19353199005127,183000,0.0,0.0
2021-07-08 00:00:00-04:00,12.15482269728899,12.212886618156594,11.564500323375599,11.729016304016113,121900,0.0,0.0
2021-07-09 00:00:00-04:00,11.806435739339678,12.038693273721846,11.680629344155319,11.922564506530762,31400,0.0,0.0
2021-07-12 00:00:00-04:00,11.806436152369134,12.029016989454067,11.751274778369021,11.864500999450684,24900,0.0,0.0
2021-07-13 00:00:00-04:00,11.874178291019435,12.503209348197554,11.874178291019435,12.145145416259766,125800,0.0,0.0
2021-07-14 00:00:00-04:00,12.406434860991531,12.464499706180824,12.096758147740386,12.106435775756836,87200,0.0,0.0
2021-07-15 00:00:00-04:00,12.272679312630935,12.272679312630935,11.959749808314609,12.106435775756836,31400,0.13,0.0
2021-07-16 00:00:00-04:00,12.047761510085115,12.077099263883577,11.666380036712427,11.695716857910156,50200,0.0,0.0
2021-07-19 00:00:00-04:00,11.627263828623116,11.744612044645969,11.216544606242772,11.333892822265625,121900,0.0,0.0
2021-07-20 00:00:00-04:00,11.353450442307823,11.695716773342552,11.245881476960118,11.431682586669922,93200,0.0,0.0
2021-07-21 00:00:00-04:00,11.333893492041575,12.008646007197628,11.333893492041575,11.842402458190918,74200,0.0,0.0
2021-07-22 00:00:00-04:00,11.81306442301285,11.959749453502639,11.412124469246793,11.451240539550781,37400,0.0,0.0
2021-07-23 00:00:00-04:00,11.441461729158034,11.692782700368596,11.353450334436703,11.402345657348633,26800,0.0,0.0
2021-07-26 00:00:00-04:00,11.392566527496381,11.725053607715283,11.374964621405065,11.597926139831543,16000,0.0,0.0
2021-07-27 00:00:00-04:00,11.421904117729692,11.734832691059038,11.421904117729692,11.637042045593262,9900,0.0,0.0
2021-07-28 00:00:00-04:00,11.901076867135147,12.018425088427925,11.78372864584237,11.881518363952637,22000,0.0,0.0
2021-07-29 00:00:00-04:00,12.028203850914695,12.761630903621679,11.998867029934617,12.732294082641602,112500,0.0,0.0
2021-07-30 00:00:00-04:00,12.663840340226216,12.712735663915266,12.27267961591527,12.429143905639648,29500,0.0,0.0
2021-08-02 00:00:00-04:00,12.321574667379409,12.526934276255757,12.321574667379409,12.438922882080078,20000,0.0,0.0
2021-08-03 00:00:00-04:00,12.419364532226744,12.556271250689349,12.116215207017673,12.233563423156738,29200,0.0,0.0
2021-08-04 00:00:00-04:00,12.27267923790618,12.614944627986006,11.989087488365431,12.008645057678223,37100,0.0,0.0
2021-08-05 00:00:00-04:00,12.12599401776278,12.281480946703542,11.754391784539742,11.949972152709961,31200,0.0,0.0
2021-08-06 00:00:00-04:00,11.734833482787575,11.822844883124606,11.50013703695601,11.676158905029297,38800,0.0,0.0
2021-08-09 00:00:00-04:00,11.549031515788954,11.676158048504888,11.108974546384927,11.373008728027344,85300,0.0,0.0
2021-08-10 00:00:00-04:00,11.245881866527412,11.465910363043252,11.030742995778676,11.284997940063477,24700,0.0,0.0
2021-08-11 00:00:00-04:00,11.216544171725324,11.65660019791388,11.216544171725324,11.382787704467773,17100,0.0,0.0
2021-08-12 00:00:00-04:00,11.294776616822446,11.969529084132557,11.24588129424039,11.705495834350586,60800,0.0,0.0
2021-08-13 00:00:00-04:00,11.813064992559525,12.23356346805153,11.813064992559525,11.99886703491211,67900,0.0,0.0
2021-08-16 00:00:00-04:00,12.028203964233398,12.125993679288515,11.773949026408781,12.028203964233398,50300,0.0,0.0
2021-08-17 00:00:00-04:00,11.920634007430566,12.096656799316406,11.88640756069737,12.096656799316406,55100,0.0,0.0
2021-08-18 00:00:00-04:00,12.018424034118652,12.155330746583878,11.744611541788881,12.018424034118652,33800,0.0,0.0
2021-08-19 00:00:00-04:00,12.09665689475858,12.116215397389423,11.588147950166196,11.627264022827148,32000,0.0,0.0
2021-08-20 00:00:00-04:00,11.690826419324791,11.714296247691232,11.480577194726372,11.4903564453125,18400,0.0,0.0
2021-08-23 00:00:00-04:00,11.754391172718105,12.047761243403006,11.637042025323293,11.871739387512207,37100,0.0,0.0
2021-08-24 00:00:00-04:00,11.91085488788012,11.94019170702151,11.4463507439049,11.89129638671875,18700,0.0,0.0
2021-08-25 00:00:00-04:00,11.891296924612098,11.891296924612098,11.34367192373167,11.539252281188965,44000,0.0,0.0
2021-08-26 00:00:00-04:00,11.43168225914129,11.67615793641857,11.343671798706055,11.343671798706055,14100,0.0,0.0
2021-08-27 00:00:00-04:00,11.343671939404501,11.822844048987097,11.343671939404501,11.705495834350586,17600,0.0,0.0
2021-08-30 00:00:00-04:00,11.832622778978138,11.832622778978138,11.637041497262267,11.656599998474121,12000,0.0,0.0
2021-08-31 00:00:00-04:00,11.656600291963697,11.920633536766875,11.6370417902594,11.813064575195312,26000,0.0,0.0
2021-09-01 00:00:00-04:00,11.88151792261548,12.0770992167727,11.734832884598292,11.930413246154785,13600,0.0,0.0
2021-09-02 00:00:00-04:00,11.989087379224657,12.028203450094855,11.71527395053257,11.979308128356934,16500,0.0,0.0
2021-09-03 00:00:00-04:00,12.028203811763195,12.53671274836581,12.003755683858772,12.233563423156738,26900,0.0,0.0
2021-09-07 00:00:00-04:00,12.174889211899098,12.243343039472375,11.764169976862437,11.920634269714355,18000,0.0,0.0
2021-09-08 00:00:00-04:00,11.84240199494055,12.07709936427553,11.539252663975674,11.558810234069824,20300,0.0,0.0
2021-09-09 00:00:00-04:00,11.558809703443362,11.783727811105656,11.343671779280278,11.744611740112305,26300,0.0,0.0
2021-09-10 00:00:00-04:00,11.734833167299858,11.803286062343533,11.539252801031676,11.75439167022705,11200,0.0,0.0
2021-09-13 00:00:00-04:00,11.73483207070831,12.614944102971167,11.73483207070831,12.360690116882324,42500,0.0,0.0
2021-09-14 00:00:00-04:00,12.419364583176575,12.556271302200832,12.331353187561035,12.331353187561035,37900,0.0,0.0
2021-09-15 00:00:00-04:00,12.321574256716081,12.347977114528383,11.852180480957031,11.852180480957031,20200,0.0,0.0
2021-09-16 00:00:00-04:00,11.734832871941514,11.881517909800491,11.4365722380141,11.764169692993164,35000,0.0,0.0
2021-09-17 00:00:00-04:00,11.783728003275284,12.6149447585897,11.550987237179191,12.204225540161133,150100,0.0,0.0
2021-09-20 00:00:00-04:00,11.803285728190257,12.05754066344126,11.756347001175188,11.832623481750488,22600,0.0,0.0
2021-09-21 00:00:00-04:00,11.920633872085698,12.204225626570405,11.734832763671875,11.734832763671875,8900,0.0,0.0
2021-09-22 00:00:00-04:00,11.793508233160345,12.10154720624776,11.734833654543284,11.8032865524292,15600,0.0,0.0
2021-09-23 00:00:00-04:00,12.086878155835988,12.086878155835988,11.770038233630862,11.842402458190918,10700,0.0,0.0
2021-09-24 00:00:00-04:00,11.901076151184121,12.028203616420354,11.766125098625386,11.940192222595215,20000,0.0,0.0
2021-09-27 00:00:00-04:00,12.106435359168792,12.419363920116394,12.037982469611672,12.321574211120605,29700,0.0,0.0
2021-09-28 00:00:00-04:00,11.920634606829278,12.282459460032664,11.832624139061704,11.842402458190918,36500,0.0,0.0
2021-09-29 00:00:00-04:00,11.78372804417334,12.135772690076514,11.78372804417334,11.969529151916504,16700,0.0,0.0
2021-09-30 00:00:00-04:00,11.969529267962011,11.969529267962011,11.775904570947953,11.832623481750488,19500,0.0,0.0
2021-10-01 00:00:00-04:00,11.852180609994623,12.106435535773882,11.79350697026137,12.047760963439941,20300,0.0,0.0
2021-10-04 00:00:00-04:00,12.53671268941426,12.614944833139099,12.262900186377328,12.302016258239746,18700,0.0,0.0
2021-10-05 00:00:00-04:00,12.223783415326254,12.360690125314147,12.125992774963379,12.125992774963379,20900,0.0,0.0
2021-10-06 00:00:00-04:00,12.37046931840652,12.390027820903008,12.077099241765044,12.262900352478027,13000,0.0,0.0
2021-10-07 00:00:00-04:00,12.105457524540423,12.614944753695188,12.087855618723435,12.6051664352417,24200,0.0,0.0
2021-10-08 00:00:00-04:00,12.6149450644771,12.624724315772221,12.17488901480478,12.19444751739502,25900,0.0,0.0
2021-10-11 00:00:00-04:00,12.507376050501838,12.517155301759793,12.32157493960432,12.429143905639648,17700,0.0,0.0
2021-10-12 00:00:00-04:00,12.468259645774488,12.507375717163086,12.233563217442903,12.507375717163086,21700,0.0,0.0
2021-10-13 00:00:00-04:00,12.673618640052746,13.006105697057013,12.673618640052746,12.996326446533203,44800,0.0,0.0
2021-10-14 00:00:00-04:00,12.99632705052849,13.086264163392077,12.571352726137386,12.769015312194824,35000,0.14,0.0
2021-10-15 00:00:00-04:00,12.680066995966643,13.095158900673372,12.610885326025375,12.660301208496094,19800,0.0,0.0
2021-10-18 00:00:00-04:00,12.650417181845878,12.848079758860912,12.46263702678446,12.610884666442871,10500,0.0,0.0
2021-10-19 00:00:00-04:00,12.818430902968096,13.025976849243106,12.689949989318848,12.689949989318848,11200,0.0,0.0
2021-10-20 00:00:00-04:00,12.818430529307602,12.877728830783596,12.610884589082607,12.719598770141602,7900,0.0,0.0
2021-10-21 00:00:00-04:00,12.749248571920438,13.02597713470459,12.749248571920438,13.02597713470459,19100,0.0,0.0
2021-10-22 00:00:00-04:00,13.095158882956962,13.322470622473347,12.749248648659481,12.78878116607666,22600,0.0,0.0
2021-10-25 00:00:00-04:00,12.966677898252264,13.036848281245327,12.6405343956251,12.769015312194824,18900,0.0,0.0
2021-10-26 00:00:00-04:00,12.808548066335703,12.808548066335703,12.502170345382204,12.5713529586792,10200,0.0,0.0
2021-10-27 00:00:00-04:00,12.66030050176042,12.956793894974457,12.561468742336068,12.665241241455078,14000,0.0,0.0
2021-10-28 00:00:00-04:00,12.74924806729278,12.798663947443277,12.502169609069824,12.502169609069824,9900,0.0,0.0
2021-10-29 00:00:00-04:00,12.452754683035959,12.452754683035959,12.126611193280546,12.245208740234375,19700,0.0,0.0
2021-11-01 00:00:00-04:00,12.383572791553952,12.591118746385789,12.353923638729283,12.5713529586792,9600,0.0,0.0
2021-11-02 00:00:00-04:00,12.79866379768798,12.79866379768798,12.15626019083677,12.462636947631836,21700,0.0,0.0
2021-11-03 00:00:00-04:00,12.304507248371104,12.739365870342333,12.138470302845189,12.689949989318848,35600,0.0,0.0
2021-11-04 00:00:00-04:00,12.877728778462302,12.877728778462302,12.156260144082104,12.25607967376709,38000,0.0,0.0
2021-11-05 00:00:00-04:00,12.166144268848042,12.670183630966587,12.166144268848042,12.660301208496094,18400,0.0,0.0
2021-11-08 00:00:00-05:00,12.650417699190498,12.74924852047499,12.571352665151084,12.620768547058105,18600,0.0,0.0
2021-11-09 00:00:00-05:00,12.53577310150333,12.749248504638672,12.512053402815058,12.749248504638672,27900,0.0,0.0
2021-11-10 00:00:00-05:00,12.94691186996599,13.441068797177982,12.848080107511777,13.352120399475098,132200,0.0,0.0
2021-11-11 00:00:00-05:00,13.618964630310034,14.073589040387153,13.507285247864631,13.73756217956543,131300,0.0,0.0
2021-11-12 00:00:00-05:00,13.767212699375909,14.083472840500493,13.757329334333374,13.984641075134277,43300,0.0,0.0
2021-11-15 00:00:00-05:00,14.172420582317427,14.202069733537849,13.510250235707707,13.806744575500488,66000,0.0,0.0
2021-11-16 00:00:00-05:00,13.846277024120479,14.024172873109357,13.371885894247924,13.401535987854004,24700,0.0,0.0
2021-11-17 00:00:00-05:00,13.401535976681824,14.083472106051321,13.401535976681824,13.786977767944336,51900,0.0,0.0
2021-11-18 00:00:00-05:00,13.866043028050626,13.954991425204339,13.45589281869814,13.589315414428711,34800,0.0,0.0
2021-11-19 00:00:00-05:00,13.49048380337769,13.836394031168727,13.312587949611327,13.371886253356934,19600,0.0,0.0
2021-11-22 00:00:00-05:00,13.105041716768573,13.539899390731831,12.788780647720317,13.164340019226074,37400,0.0,0.0
2021-11-23 00:00:00-05:00,13.114925094255076,13.282937579736274,12.680066477334549,12.907379150390625,22000,0.0,0.0
2021-11-24 00:00:00-05:00,12.798664093017578,13.085275070114992,12.798664093017578,12.798664093017578,25100,0.0,0.0
2021-11-26 00:00:00-05:00,13.006209970615151,13.045742486474516,12.403338868127442,12.65041732788086,21300,0.0,0.0
2021-11-29 00:00:00-05:00,12.442871825588538,12.848080363160406,12.36380679106376,12.383572578430176,51000,0.0,0.0
2021-11-30 00:00:00-05:00,12.749248297433944,12.848080059518981,11.928947876728557,12.432988166809082,40000,0.0,0.0
2021-12-01 00:00:00-05:00,12.482404221154054,12.620768501488213,11.869649738296292,11.958598136901855,19500,0.0,0.0
2021-12-02 00:00:00-05:00,11.859765937551531,12.017895999247497,11.405141538910875,11.454557418823242,75000,0.0,0.0
2021-12-03 00:00:00-05:00,11.583039055319,11.652220726013184,11.375493100706874,11.652220726013184,39200,0.0,0.0
2021-12-06 00:00:00-05:00,11.681869214763234,11.859766006469727,11.435779469761503,11.859766006469727,12500,0.0,0.0
2021-12-07 00:00:00-05:00,11.859766006469727,12.185909496245282,11.632454277093226,11.859766006469727,21300,0.0,0.0
2021-12-08 00:00:00-05:00,11.8004671975044,11.8597664444396,11.513856212798292,11.849883079528809,12200,0.0,0.0
2021-12-09 00:00:00-05:00,11.662103506321913,11.760934324853485,11.513855864730264,11.751051902770996,12300,0.0,0.0
2021-12-10 00:00:00-05:00,11.741168608942168,11.741168608942168,11.513855934143066,11.513855934143066,15900,0.0,0.0
2021-12-13 00:00:00-05:00,11.602804866346997,11.602804866346997,11.078998767473875,11.266777992248535,32700,0.0,0.0
2021-12-14 00:00:00-05:00,11.118530821601148,11.444674316965752,11.07899830526997,11.202537536621094,18700,0.0,0.0
2021-12-15 00:00:00-05:00,11.11853079362349,11.158063309855192,10.525542107618424,10.871452331542969,108000,0.0,0.0
2021-12-16 00:00:00-05:00,10.92086812915983,11.365609169006348,10.871452248614768,11.365609169006348,104300,0.0,0.0
2021-12-17 00:00:00-05:00,11.365608866826639,11.71151907891577,10.574957626715406,10.77262020111084,80000,0.0,0.0
2021-12-20 00:00:00-05:00,10.673789399413247,11.049348762530192,10.65402267068259,10.967318534851074,28000,0.0,0.0
2021-12-21 00:00:00-05:00,11.009816607486247,11.158063307694032,10.68367311300549,10.999933242797852,29800,0.0,0.0
2021-12-22 00:00:00-05:00,11.069114536269133,11.078997900623333,10.782503567703817,10.901101112365723,30400,0.0,0.0
2021-12-23 00:00:00-05:00,10.871452762460908,11.217363000096492,10.871452762460908,10.990050315856934,21600,0.0,0.0
2021-12-27 00:00:00-05:00,11.118530708810557,11.474323352181866,11.118530708810557,11.365609169006348,40000,0.0,0.0
2021-12-28 00:00:00-05:00,11.365609698825413,11.50397398229567,11.118531227111816,11.118531227111816,28600,0.0,0.0
2021-12-29 00:00:00-05:00,11.138297438040393,11.365609169006348,11.138297438040393,11.365609169006348,31100,0.0,0.0
2021-12-30 00:00:00-05:00,11.276660993460865,11.494090306601253,11.276660993460865,11.424908638000488,16200,0.0,0.0
2021-12-31 00:00:00-05:00,11.61268821572604,11.641349597545098,11.444674778904659,11.5237398147583,39400,0.0,0.0
2022-01-03 00:00:00-05:00,11.464441008966723,11.553388463524323,11.266777485426632,11.3853759765625,36600,0.0,0.0
2022-01-04 00:00:00-05:00,11.365609540467842,11.662103890899001,11.316193658307723,11.335960388183594,34600,0.0,0.0
2022-01-05 00:00:00-05:00,11.602804835563315,11.810350790042333,11.52373979981222,11.780701637268066,50300,0.0,0.0
2022-01-06 00:00:00-05:00,11.632454945954239,11.632454945954239,11.385376473279216,11.5237398147583,39600,0.0,0.0
2022-01-07 00:00:00-05:00,11.533622379069621,11.727331986220264,10.387178496262173,11.17782974243164,66300,0.0,0.0
2022-01-10 00:00:00-05:00,11.256895554384656,11.5336231798724,11.193643337195828,11.5237398147583,30500,0.0,0.0
2022-01-11 00:00:00-05:00,11.612687907331233,12.047545592977869,11.612687907331233,11.958598136901855,31400,0.0,0.0
2022-01-12 00:00:00-05:00,11.89929844326593,12.194804066508851,11.839999198913574,11.839999198913574,31300,0.0,0.0
2022-01-13 00:00:00-05:00,12.125,12.220000267028809,11.779999732971191,11.949999809265137,23700,0.14,0.0
2022-01-14 00:00:00-05:00,11.880000114440918,11.890999794006348,11.729999542236328,11.729999542236328,10100,0.0,0.0
2022-01-18 00:00:00-05:00,11.800000190734863,11.920000076293945,11.550000190734863,11.819999694824219,18200,0.0,0.0
2022-01-19 00:00:00-05:00,11.920000076293945,12.380000114440918,11.630000114440918,12.229999542236328,50700,0.0,0.0
2022-01-20 00:00:00-05:00,12.399999618530273,12.399999618530273,11.930000305175781,12.010000228881836,31200,0.0,0.0
2022-01-21 00:00:00-05:00,12.020000457763672,12.199999809265137,11.75,11.75,21000,0.0,0.0
2022-01-24 00:00:00-05:00,11.8100004196167,11.8100004196167,11.180000305175781,11.5,32700,0.0,0.0
2022-01-25 00:00:00-05:00,11.899999618530273,12.0,11.420000076293945,12.0,25300,0.0,0.0
2022-01-26 00:00:00-05:00,11.890000343322754,11.989999771118164,11.260000228881836,11.289999961853027,28400,0.0,0.0
2022-01-27 00:00:00-05:00,11.350000381469727,11.569999694824219,11.0600004196167,11.34000015258789,21600,0.0,0.0
2022-01-28 00:00:00-05:00,11.3100004196167,11.3100004196167,10.859999656677246,11.3100004196167,25400,0.0,0.0
2022-01-31 00:00:00-05:00,11.3100004196167,11.359999656677246,11.13700008392334,11.359999656677246,14900,0.0,0.0
2022-02-01 00:00:00-05:00,11.489999771118164,11.699999809265137,11.489999771118164,11.6899995803833,13400,0.0,0.0
2022-02-02 00:00:00-05:00,11.600000381469727,11.729999542236328,11.520000457763672,11.569999694824219,10000,0.0,0.0
2022-02-03 00:00:00-05:00,11.449999809265137,11.5,11.109999656677246,11.220000267028809,14700,0.0,0.0
2022-02-04 00:00:00-05:00,11.130000114440918,11.539999961853027,11.130000114440918,11.300000190734863,16900,0.0,0.0
2022-02-07 00:00:00-05:00,11.270000457763672,11.75,11.270000457763672,11.489999771118164,14700,0.0,0.0
2022-02-08 00:00:00-05:00,11.420000076293945,11.75,11.420000076293945,11.649999618530273,12800,0.0,0.0
2022-02-09 00:00:00-05:00,11.600000381469727,11.939000129699707,11.600000381469727,11.760000228881836,16900,0.0,0.0
2022-02-10 00:00:00-05:00,11.90999984741211,11.90999984741211,11.444999694824219,11.510000228881836,14600,0.0,0.0
2022-02-11 00:00:00-05:00,11.489999771118164,12.289999961853027,11.399999618530273,12.039999961853027,29400,0.0,0.0
2022-02-14 00:00:00-05:00,12.260000228881836,12.260000228881836,12.0,12.085000038146973,17100,0.0,0.0
2022-02-15 00:00:00-05:00,11.970000267028809,12.229999542236328,11.84000015258789,12.229999542236328,11400,0.0,0.0
2022-02-16 00:00:00-05:00,12.239999771118164,12.5,12.180000305175781,12.5,16200,0.0,0.0
2022-02-17 00:00:00-05:00,12.5,12.979999542236328,12.395000457763672,12.829999923706055,37000,0.0,0.0
2022-02-18 00:00:00-05:00,13.0,13.0,12.449999809265137,12.569999694824219,42600,0.0,0.0
2022-02-22 00:00:00-05:00,12.350000381469727,12.390000343322754,12.0,12.149999618530273,30700,0.0,0.0
2022-02-23 00:00:00-05:00,11.963000297546387,12.460000038146973,11.963000297546387,12.3100004196167,26400,0.0,0.0
2022-02-24 00:00:00-05:00,12.5,12.789999961853027,12.21500015258789,12.289999961853027,58100,0.0,0.0
2022-02-25 00:00:00-05:00,12.010000228881836,12.460000038146973,12.0,12.289999961853027,17900,0.0,0.0
2022-02-28 00:00:00-05:00,12.75,12.75,12.039999961853027,12.039999961853027,22700,0.0,0.0
2022-03-01 00:00:00-05:00,12.350000381469727,12.350000381469727,11.835000038146973,12.289999961853027,37900,0.0,0.0
2022-03-02 00:00:00-05:00,12.0600004196167,12.5,12.0600004196167,12.5,28600,0.0,0.0
2022-03-03 00:00:00-05:00,12.5,12.899999618530273,12.260000228881836,12.890000343322754,54800,0.0,0.0
2022-03-04 00:00:00-05:00,12.979999542236328,13.079999923706055,12.590999603271484,12.710000038146973,42900,0.0,0.0
2022-03-07 00:00:00-05:00,13.0,13.399999618530273,12.75,13.399999618530273,62100,0.0,0.0
2022-03-08 00:00:00-05:00,13.399999618530273,13.789999961853027,13.239999771118164,13.600000381469727,87500,0.0,0.0
2022-03-09 00:00:00-05:00,13.199999809265137,13.600000381469727,13.149999618530273,13.390000343322754,52300,0.0,0.0
2022-03-10 00:00:00-05:00,13.529999732971191,13.59000015258789,13.270000457763672,13.539999961853027,29900,0.0,0.0
2022-03-11 00:00:00-05:00,13.4399995803833,13.699999809265137,13.279999732971191,13.59000015258789,38700,0.0,0.0
2022-03-14 00:00:00-04:00,13.539999961853027,13.609999656677246,13.09000015258789,13.399999618530273,62000,0.0,0.0
2022-03-15 00:00:00-04:00,13.3100004196167,13.550000190734863,13.199999809265137,13.300000190734863,37300,0.0,0.0
2022-03-16 00:00:00-04:00,13.270000457763672,13.489999771118164,13.199999809265137,13.350000381469727,25600,0.0,0.0
2022-03-17 00:00:00-04:00,13.489999771118164,13.970000267028809,13.279999732971191,13.800000190734863,61000,0.0,0.0
2022-03-18 00:00:00-04:00,13.930000305175781,13.989999771118164,13.65999984741211,13.960000038146973,61700,0.0,0.0
2022-03-21 00:00:00-04:00,13.90999984741211,14.710000038146973,13.779999732971191,14.5600004196167,125900,0.0,0.0
2022-03-22 00:00:00-04:00,14.779999732971191,14.779999732971191,14.140000343322754,14.399999618530273,34900,0.0,0.0
2022-03-23 00:00:00-04:00,14.470000267028809,14.720000267028809,14.399999618530273,14.720000267028809,36000,0.0,0.0
2022-03-24 00:00:00-04:00,14.75,16.459999084472656,14.550000190734863,16.0,113700,0.0,0.0
2022-03-25 00:00:00-04:00,15.789999961853027,15.8100004196167,14.66100025177002,14.829999923706055,60100,0.0,0.0
2022-03-28 00:00:00-04:00,14.979999542236328,15.050000190734863,14.399999618530273,15.020000457763672,69700,0.0,0.0
2022-03-29 00:00:00-04:00,14.970000267028809,15.149999618530273,14.520000457763672,15.0,39800,0.0,0.0
2022-03-30 00:00:00-04:00,14.920000076293945,15.1899995803833,14.550000190734863,14.609999656677246,27500,0.0,0.0
2022-03-31 00:00:00-04:00,14.600000381469727,15.210000038146973,14.585000038146973,15.210000038146973,26100,0.0,0.0
2022-04-01 00:00:00-04:00,15.199999809265137,15.300000190734863,14.829999923706055,15.234999656677246,35200,0.0,0.0
2022-04-04 00:00:00-04:00,15.229999542236328,15.300000190734863,14.550000190734863,14.59000015258789,42300,0.0,0.0
2022-04-05 00:00:00-04:00,14.729999542236328,14.928999900817871,14.600000381469727,14.739999771118164,19700,0.0,0.0
2022-04-06 00:00:00-04:00,14.75,14.970000267028809,14.609999656677246,14.6899995803833,22900,0.0,0.0
2022-04-07 00:00:00-04:00,14.739999771118164,15.199999809265137,14.649999618530273,15.140000343322754,11000,0.0,0.0
2022-04-08 00:00:00-04:00,15.25,15.779999732971191,14.859999656677246,15.619999885559082,59800,0.0,0.0
2022-04-11 00:00:00-04:00,15.229999542236328,15.609999656677246,14.984999656677246,15.529999732971191,41400,0.0,0.0
2022-04-12 00:00:00-04:00,15.619999885559082,16.399999618530273,15.609999656677246,16.350000381469727,71500,0.0,0.0
2022-04-13 00:00:00-04:00,16.3799991607666,17.290000915527344,16.3799991607666,17.290000915527344,94600,0.0,0.0
2022-04-14 00:00:00-04:00,17.149999618530273,17.969999313354492,16.799999237060547,17.93000030517578,60000,0.0,0.0
2022-04-18 00:00:00-04:00,18.049999237060547,18.229999542236328,16.93000030517578,17.15999984741211,87400,0.0,0.0
2022-04-19 00:00:00-04:00,17.110000610351562,17.420000076293945,16.65999984741211,16.829999923706055,38800,0.0,0.0
2022-04-20 00:00:00-04:00,16.690000534057617,17.170000076293945,16.5,17.09000015258789,27800,0.0,0.0
2022-04-21 00:00:00-04:00,16.920000076293945,16.920000076293945,15.604999542236328,15.899999618530273,57300,0.0,0.0
2022-04-22 00:00:00-04:00,15.619999885559082,16.020000457763672,15.199999809265137,15.4399995803833,40100,0.0,0.0
2022-04-25 00:00:00-04:00,15.100000381469727,15.125,14.220000267028809,14.720000267028809,82200,0.0,0.0
2022-04-26 00:00:00-04:00,14.720000267028809,14.720000267028809,14.279999732971191,14.279999732971191,23800,0.0,0.0
2022-04-27 00:00:00-04:00,14.289999961853027,14.40999984741211,14.09000015258789,14.149999618530273,15300,0.0,0.0
2022-04-28 00:00:00-04:00,14.300000190734863,15.020000457763672,14.119999885559082,15.0,33400,0.0,0.0
2022-04-29 00:00:00-04:00,15.100000381469727,15.100000381469727,13.899999618530273,14.010000228881836,43500,0.0,0.0
2022-05-02 00:00:00-04:00,13.579999923706055,13.829999923706055,13.449999809265137,13.609999656677246,33500,0.0,0.0
2022-05-03 00:00:00-04:00,13.539999961853027,14.0,13.520000457763672,13.880000114440918,36700,0.0,0.0
2022-05-04 00:00:00-04:00,13.960000038146973,14.039999961853027,13.711000442504883,14.020000457763672,25300,0.0,0.0
2022-05-05 00:00:00-04:00,14.050000190734863,14.050000190734863,13.25,13.260000228881836,26300,0.0,0.0
2022-05-06 00:00:00-04:00,13.420000076293945,13.550000190734863,13.010000228881836,13.279999732971191,20700,0.0,0.0
2022-05-09 00:00:00-04:00,13.010000228881836,13.229999542236328,12.508999824523926,12.609999656677246,45100,0.0,0.0
2022-05-10 00:00:00-04:00,12.5600004196167,12.75,12.0,12.319999694824219,32900,0.0,0.0
2022-05-11 00:00:00-04:00,12.229999542236328,12.8100004196167,12.149999618530273,12.149999618530273,43400,0.0,0.0
2022-05-12 00:00:00-04:00,12.210000038146973,12.890000343322754,11.710000038146973,12.4399995803833,32300,0.0,0.0
2022-05-13 00:00:00-04:00,12.489999771118164,12.90999984741211,12.25,12.789999961853027,31900,0.0,0.0
2022-05-16 00:00:00-04:00,12.605999946594238,12.670000076293945,12.350000381469727,12.399999618530273,15900,0.0,0.0
2022-05-17 00:00:00-04:00,12.720000267028809,12.739999771118164,12.399999618530273,12.520000457763672,18300,0.0,0.0
2022-05-18 00:00:00-04:00,12.489999771118164,12.989999771118164,12.489999771118164,12.850000381469727,25400,0.0,0.0
2022-05-19 00:00:00-04:00,12.979999542236328,13.09000015258789,12.756999969482422,12.850000381469727,25100,0.0,0.0
2022-05-20 00:00:00-04:00,12.960000038146973,12.960000038146973,12.260000228881836,12.449999809265137,17000,0.0,0.0
2022-05-23 00:00:00-04:00,12.539999961853027,12.925999641418457,12.40999984741211,12.600000381469727,21100,0.0,0.0
2022-05-24 00:00:00-04:00,12.520000457763672,12.949999809265137,12.520000457763672,12.84000015258789,16800,0.0,0.0
2022-05-25 00:00:00-04:00,12.890000343322754,12.949999809265137,12.699999809265137,12.9399995803833,10300,0.0,0.0
2022-05-26 00:00:00-04:00,12.989999771118164,13.369999885559082,12.75100040435791,13.300000190734863,38700,0.0,0.0
2022-05-27 00:00:00-04:00,13.470000267028809,13.470000267028809,13.130000114440918,13.288000106811523,20100,0.0,0.0
2022-05-31 00:00:00-04:00,13.300000190734863,13.680000305175781,13.130000114440918,13.619999885559082,37500,0.0,0.0
2022-06-01 00:00:00-04:00,13.5600004196167,13.670000076293945,13.1899995803833,13.239999771118164,16600,0.0,0.0
2022-06-02 00:00:00-04:00,13.369999885559082,13.987000465393066,13.369999885559082,13.800000190734863,21400,0.0,0.0
2022-06-03 00:00:00-04:00,13.859999656677246,13.859999656677246,13.260000228881836,13.510000228881836,16000,0.0,0.0
2022-06-06 00:00:00-04:00,13.460000038146973,13.699999809265137,13.380000114440918,13.569999694824219,10700,0.0,0.0
2022-06-07 00:00:00-04:00,13.569999694824219,13.739999771118164,13.14900016784668,13.199999809265137,38000,0.0,0.0
2022-06-08 00:00:00-04:00,13.170000076293945,13.1899995803833,12.819999694824219,13.1899995803833,35200,0.0,0.0
2022-06-09 00:00:00-04:00,13.130000114440918,13.130000114440918,12.595000267028809,12.710000038146973,34100,0.0,0.0
2022-06-10 00:00:00-04:00,12.380000114440918,13.470000267028809,12.380000114440918,13.345000267028809,45500,0.0,0.0
2022-06-13 00:00:00-04:00,12.869999885559082,12.979999542236328,12.539999961853027,12.619999885559082,50300,0.0,0.0
2022-06-14 00:00:00-04:00,12.600000381469727,12.720000267028809,12.270000457763672,12.270000457763672,28700,0.0,0.0
2022-06-15 00:00:00-04:00,12.649999618530273,12.649999618530273,12.229999542236328,12.5,18500,0.0,0.0
2022-06-16 00:00:00-04:00,12.430000305175781,12.729999542236328,12.170000076293945,12.670000076293945,78500,0.0,0.0
2022-06-17 00:00:00-04:00,12.649999618530273,12.850000381469727,11.260000228881836,11.260000228881836,169700,0.0,0.0
2022-06-21 00:00:00-04:00,11.75,12.630000114440918,11.6899995803833,12.520000457763672,79300,0.0,0.0
2022-06-22 00:00:00-04:00,12.630000114440918,12.630000114440918,11.819999694824219,12.130000114440918,29600,0.0,0.0
2022-06-23 00:00:00-04:00,12.0,12.460000038146973,11.550000190734863,11.699999809265137,27900,0.0,0.0
2022-06-24 00:00:00-04:00,11.710000038146973,12.100000381469727,11.559000015258789,11.84000015258789,40000,0.0,0.0
2022-06-27 00:00:00-04:00,11.720000267028809,11.989999771118164,11.65999984741211,11.729999542236328,19100,0.0,0.0
2022-06-28 00:00:00-04:00,11.989999771118164,11.989999771118164,11.510000228881836,11.579999923706055,15200,0.0,0.0
2022-06-29 00:00:00-04:00,11.779999732971191,11.930000305175781,11.300000190734863,11.460000038146973,31100,0.0,0.0
2022-06-30 00:00:00-04:00,11.399999618530273,11.539999961853027,10.75,10.949999809265137,33400,0.0,0.0
2022-07-01 00:00:00-04:00,10.760000228881836,11.510000228881836,10.760000228881836,11.449999809265137,39600,0.0,0.0
2022-07-05 00:00:00-04:00,11.289999961853027,11.289999961853027,10.760000228881836,10.930000305175781,65500,0.0,0.0
2022-07-06 00:00:00-04:00,11.010000228881836,11.140000343322754,10.399999618530273,10.539999961853027,46100,0.0,0.0
2022-07-07 00:00:00-04:00,10.770000457763672,10.869999885559082,10.569999694824219,10.600000381469727,26200,0.0,0.0
2022-07-08 00:00:00-04:00,10.720000267028809,10.859999656677246,10.5600004196167,10.609999656677246,14600,0.0,0.0
2022-07-11 00:00:00-04:00,10.520000457763672,10.619999885559082,10.25,10.609999656677246,40000,0.0,0.0
2022-07-12 00:00:00-04:00,10.609999656677246,10.800000190734863,10.300000190734863,10.470000267028809,19700,0.0,0.0
2022-07-13 00:00:00-04:00,10.350000381469727,10.989999771118164,10.350000381469727,10.850000381469727,22400,0.0,0.0
2022-07-14 00:00:00-04:00,10.4399995803833,10.5,9.970000267028809,10.4399995803833,29100,0.0,0.0
2022-07-15 00:00:00-04:00,10.489999771118164,10.550000190734863,10.25,10.359999656677246,14800,0.0,0.0
2022-07-18 00:00:00-04:00,10.369999885559082,10.449999809265137,10.300000190734863,10.390000343322754,28400,0.0,0.0
2022-07-19 00:00:00-04:00,10.399999618530273,10.625,10.279999732971191,10.279999732971191,25300,0.0,0.0
2022-07-20 00:00:00-04:00,10.350000381469727,10.40999984741211,10.144000053405762,10.40999984741211,15200,0.0,0.0
2022-07-21 00:00:00-04:00,10.600000381469727,10.864999771118164,10.34000015258789,10.6899995803833,35900,0.0,0.0
2022-07-22 00:00:00-04:00,10.600000381469727,10.899999618530273,10.428999900817871,10.550000190734863,29200,0.0,0.0
2022-07-25 00:00:00-04:00,10.5600004196167,10.600000381469727,10.220000267028809,10.239999771118164,18500,0.0,0.0
2022-07-26 00:00:00-04:00,10.380000114440918,10.600000381469727,10.34000015258789,10.5,26300,0.0,0.0
2022-07-27 00:00:00-04:00,10.619999885559082,10.949999809265137,10.51200008392334,10.949999809265137,29200,0.0,0.0
2022-07-28 00:00:00-04:00,10.949999809265137,11.460000038146973,10.899999618530273,11.300000190734863,98200,0.0,0.0
2022-07-29 00:00:00-04:00,11.399999618530273,11.460000038146973,11.010000228881836,11.210000038146973,53700,0.0,0.0
2022-08-01 00:00:00-04:00,11.25,11.649999618530273,11.25,11.390000343322754,26900,0.0,0.0
2022-08-02 00:00:00-04:00,11.390000343322754,11.6899995803833,11.34000015258789,11.670000076293945,30100,0.0,0.0
2022-08-03 00:00:00-04:00,11.75,11.75,11.050000190734863,11.149999618530273,43300,0.0,0.0
2022-08-04 00:00:00-04:00,11.180000305175781,11.597999572753906,11.104999542236328,11.210000038146973,73300,0.0,0.0
2022-08-05 00:00:00-04:00,10.970000267028809,11.28600025177002,10.640000343322754,11.239999771118164,48600,0.0,0.0
2022-08-08 00:00:00-04:00,11.239999771118164,11.5,11.090999603271484,11.300000190734863,30100,0.0,0.0
2022-08-09 00:00:00-04:00,11.270000457763672,11.45199966430664,10.859999656677246,10.949999809265137,26100,0.0,0.0
2022-08-10 00:00:00-04:00,11.010000228881836,11.255999565124512,10.609999656677246,10.630000114440918,20100,0.0,0.0
2022-08-11 00:00:00-04:00,11.010000228881836,11.010000228881836,10.699999809265137,10.800000190734863,20300,0.0,0.0
2022-08-12 00:00:00-04:00,10.824999809265137,10.899999618530273,10.720000267028809,10.720000267028809,17500,0.0,0.0
2022-08-15 00:00:00-04:00,10.539999961853027,10.65999984741211,10.399999618530273,10.59000015258789,49000,0.0,0.0
2022-08-16 00:00:00-04:00,10.61299991607666,10.677000045776367,10.4399995803833,10.501999855041504,36600,0.0,0.0
2022-08-17 00:00:00-04:00,10.5,10.621999740600586,10.210000038146973,10.210000038146973,63900,0.0,0.0
2022-08-18 00:00:00-04:00,10.3100004196167,10.449999809265137,10.149999618530273,10.34000015258789,41300,0.0,0.0
2022-08-19 00:00:00-04:00,10.319999694824219,10.380999565124512,10.09000015258789,10.15999984741211,39000,0.0,0.0
2022-08-22 00:00:00-04:00,10.170000076293945,10.390000343322754,10.140000343322754,10.380000114440918,16300,0.0,0.0
2022-08-23 00:00:00-04:00,10.600000381469727,10.600000381469727,10.260000228881836,10.399999618530273,18700,0.0,0.0
2022-08-24 00:00:00-04:00,10.489999771118164,10.489999771118164,10.239999771118164,10.3100004196167,15000,0.0,0.0
2022-08-25 00:00:00-04:00,10.460000038146973,10.5600004196167,10.329999923706055,10.5600004196167,14600,0.0,0.0
2022-08-26 00:00:00-04:00,10.529999732971191,10.649999618530273,10.010000228881836,10.239999771118164,38200,0.0,0.0
2022-08-29 00:00:00-04:00,10.180000305175781,10.449999809265137,10.050000190734863,10.1899995803833,26300,0.0,0.0
2022-08-30 00:00:00-04:00,10.199999809265137,10.199999809265137,9.989999771118164,10.100000381469727,14400,0.0,0.0
2022-08-31 00:00:00-04:00,10.029999732971191,10.097000122070312,9.199999809265137,9.25,75200,0.0,0.0
2022-09-01 00:00:00-04:00,9.170000076293945,9.449999809265137,9.109999656677246,9.229999542236328,25900,0.0,0.0
2022-09-02 00:00:00-04:00,9.319999694824219,9.607999801635742,9.3100004196167,9.399999618530273,16000,0.0,0.0
2022-09-06 00:00:00-04:00,9.4399995803833,9.722000122070312,9.180000305175781,9.199999809265137,18800,0.0,0.0
2022-09-07 00:00:00-04:00,9.289999961853027,9.84000015258789,9.270000457763672,9.75,20800,0.0,0.0
2022-09-08 00:00:00-04:00,9.720000267028809,9.836999893188477,9.36299991607666,9.5,15800,0.0,0.0
2022-09-09 00:00:00-04:00,9.460000038146973,9.84000015258789,9.329999923706055,9.550000190734863,17100,0.0,0.0
2022-09-12 00:00:00-04:00,9.680000305175781,9.989999771118164,9.539999961853027,9.760000228881836,92300,0.0,0.0
2022-09-13 00:00:00-04:00,9.529999732971191,9.968999862670898,9.369999885559082,9.449999809265137,43600,0.0,0.0
2022-09-14 00:00:00-04:00,9.579999923706055,9.710000038146973,9.390000343322754,9.539999961853027,14900,0.0,0.0
2022-09-15 00:00:00-04:00,9.40999984741211,9.635000228881836,9.140000343322754,9.149999618530273,19900,0.0,0.0
2022-09-16 00:00:00-04:00,9.170000076293945,9.890000343322754,9.079999923706055,9.6899995803833,51800,0.0,0.0
2022-09-19 00:00:00-04:00,9.630000114440918,9.779999732971191,9.539999961853027,9.539999961853027,13100,0.0,0.0
2022-09-20 00:00:00-04:00,9.350000381469727,9.630000114440918,9.020000457763672,9.3100004196167,25000,0.0,0.0
2022-09-21 00:00:00-04:00,9.25,9.71500015258789,9.220000267028809,9.460000038146973,25200,0.0,0.0
2022-09-22 00:00:00-04:00,9.699999809265137,9.699999809265137,9.25,9.630000114440918,14200,0.0,0.0
2022-09-23 00:00:00-04:00,9.40999984741211,9.4399995803833,9.0600004196167,9.0600004196167,16100,0.0,0.0
2022-09-26 00:00:00-04:00,9.039999961853027,9.210000038146973,8.75,8.779999732971191,34200,0.0,0.0
2022-09-27 00:00:00-04:00,8.74899959564209,8.937000274658203,8.74899959564209,8.920000076293945,18300,0.0,0.0
2022-09-28 00:00:00-04:00,8.90999984741211,9.270000457763672,8.850000381469727,9.109999656677246,31500,0.0,0.0
2022-09-29 00:00:00-04:00,8.930000305175781,9.489999771118164,8.930000305175781,9.489999771118164,9300,0.0,0.0
2022-09-30 00:00:00-04:00,9.399999618530273,9.84000015258789,9.399999618530273,9.819999694824219,19700,0.0,0.0
2022-10-03 00:00:00-04:00,9.920000076293945,10.15999984741211,9.779999732971191,9.899999618530273,26600,0.0,0.0
2022-10-04 00:00:00-04:00,9.899999618530273,10.229999542236328,9.800000190734863,10.050000190734863,25300,0.0,0.0
2022-10-05 00:00:00-04:00,9.949999809265137,10.300000190734863,9.84000015258789,10.300000190734863,19300,0.0,0.0
2022-10-06 00:00:00-04:00,10.289999961853027,10.390000343322754,10.15999984741211,10.3100004196167,14100,0.0,0.0
2022-10-07 00:00:00-04:00,10.279999732971191,10.380000114440918,10.15999984741211,10.359999656677246,7400,0.0,0.0
2022-10-10 00:00:00-04:00,10.260000228881836,10.260000228881836,9.802000045776367,9.899999618530273,24900,0.0,0.0
2022-10-11 00:00:00-04:00,9.960000038146973,10.479999542236328,9.5,10.199999809265137,25900,0.0,0.0
2022-10-12 00:00:00-04:00,10.15999984741211,10.270000457763672,9.789999961853027,10.260000228881836,18400,0.0,0.0
2022-10-13 00:00:00-04:00,9.5600004196167,10.260000228881836,9.440999984741211,10.09000015258789,15400,0.0,0.0
2022-10-14 00:00:00-04:00,10.043000221252441,10.043000221252441,9.699999809265137,9.720000267028809,8300,0.0,0.0
2022-10-17 00:00:00-04:00,9.829000473022461,10.25,9.649999618530273,10.1899995803833,13400,0.0,0.0
2022-10-18 00:00:00-04:00,10.0,10.0,9.739999771118164,10.0,14700,0.0,0.0
2022-10-19 00:00:00-04:00,9.739999771118164,9.907999992370605,9.529999732971191,9.579999923706055,13300,0.0,0.0
2022-10-20 00:00:00-04:00,9.609999656677246,9.989999771118164,9.600000381469727,9.979999542236328,9200,0.0,0.0
2022-10-21 00:00:00-04:00,9.880000114440918,10.0,9.859999656677246,9.90999984741211,25800,0.0,0.0
2022-10-24 00:00:00-04:00,10.0,10.0,9.883000373840332,10.0,9000,0.0,0.0
2022-10-25 00:00:00-04:00,10.0,10.100000381469727,9.989999771118164,10.100000381469727,10800,0.0,0.0
2022-10-26 00:00:00-04:00,10.09000015258789,11.079999923706055,9.911999702453613,11.069999694824219,98400,0.0,0.0
2022-10-27 00:00:00-04:00,11.0,11.0,10.479999542236328,10.8100004196167,35600,0.0,0.0
2022-10-28 00:00:00-04:00,10.960000038146973,10.960000038146973,10.479999542236328,10.890000343322754,10600,0.0,0.0
2022-10-31 00:00:00-04:00,10.880000114440918,10.890000343322754,10.687000274658203,10.890000343322754,10000,0.0,0.0
2022-11-01 00:00:00-04:00,10.90999984741211,11.0,10.677000045776367,10.789999961853027,28500,0.0,0.0
2022-11-02 00:00:00-04:00,10.875,11.180000305175781,10.548999786376953,10.649999618530273,53000,0.0,0.0
2022-11-03 00:00:00-04:00,10.508000373840332,10.604999542236328,10.149999618530273,10.149999618530273,18800,0.0,0.0
2022-11-04 00:00:00-04:00,10.5600004196167,10.736000061035156,10.210000038146973,10.600000381469727,15300,0.0,0.0
2022-11-07 00:00:00-05:00,10.8100004196167,11.109999656677246,10.649999618530273,11.109999656677246,44500,0.0,0.0
2022-11-08 00:00:00-05:00,11.350000381469727,11.800000190734863,11.204999923706055,11.649999618530273,36200,0.0,0.0
2022-11-09 00:00:00-05:00,11.600000381469727,11.600000381469727,11.020999908447266,11.0600004196167,31700,0.0,0.0
2022-11-10 00:00:00-05:00,11.600000381469727,11.600000381469727,11.069999694824219,11.350000381469727,43600,0.0,0.0
2022-11-11 00:00:00-05:00,11.420000076293945,11.600000381469727,11.210000038146973,11.600000381469727,22300,0.0,0.0
2022-11-14 00:00:00-05:00,11.520000457763672,11.699999809265137,11.220000267028809,11.510000228881836,24500,0.0,0.0
2022-11-15 00:00:00-05:00,11.4399995803833,11.53600025177002,11.199999809265137,11.5,30700,0.0,0.0
2022-11-16 00:00:00-05:00,11.539999961853027,11.880000114440918,11.399999618530273,11.569999694824219,20800,0.0,0.0
2022-11-17 00:00:00-05:00,11.600000381469727,11.600000381469727,11.119999885559082,11.369999885559082,9200,0.0,0.0
2022-11-18 00:00:00-05:00,11.3100004196167,11.460000038146973,11.119999885559082,11.359999656677246,12900,0.0,0.0
2022-11-21 00:00:00-05:00,11.140000343322754,11.210000038146973,10.9399995803833,10.9399995803833,26100,0.0,0.0
2022-11-22 00:00:00-05:00,11.050000190734863,11.449999809265137,11.010000228881836,11.449999809265137,31300,0.0,0.0
2022-11-23 00:00:00-05:00,11.510000228881836,11.640000343322754,11.279999732971191,11.640000343322754,21300,0.0,0.0
2022-11-25 00:00:00-05:00,11.550000190734863,11.550000190734863,11.119999885559082,11.140000343322754,11700,0.0,0.0
2022-11-28 00:00:00-05:00,11.300000190734863,11.300000190734863,10.5,10.670000076293945,32800,0.0,0.0
2022-11-29 00:00:00-05:00,10.890000343322754,11.074000358581543,10.6899995803833,10.6899995803833,20700,0.0,0.0
2022-11-30 00:00:00-05:00,10.800000190734863,11.109999656677246,10.550000190734863,10.84000015258789,36200,0.0,0.0
2022-12-01 00:00:00-05:00,11.0,11.59000015258789,11.0,11.460000038146973,90400,0.0,0.0
2022-12-02 00:00:00-05:00,11.390000343322754,11.84000015258789,11.3100004196167,11.720000267028809,32600,0.0,0.0
2022-12-05 00:00:00-05:00,11.989999771118164,12.0,11.199999809265137,11.199999809265137,36800,0.0,0.0
2022-12-06 00:00:00-05:00,11.359999656677246,11.829999923706055,11.109999656677246,11.220000267028809,20300,0.0,0.0
2022-12-07 00:00:00-05:00,11.279999732971191,11.62600040435791,11.279999732971191,11.399999618530273,12000,0.0,0.0
2022-12-08 00:00:00-05:00,11.520000457763672,11.770000457763672,11.258999824523926,11.670000076293945,17400,0.0,0.0
2022-12-09 00:00:00-05:00,11.609999656677246,11.609999656677246,11.206000328063965,11.210000038146973,22300,0.0,0.0
2022-12-12 00:00:00-05:00,11.109999656677246,11.489999771118164,11.109999656677246,11.479999542236328,20200,0.0,0.0
2022-12-13 00:00:00-05:00,11.670000076293945,11.75,11.359999656677246,11.600000381469727,23700,0.0,0.0
2022-12-14 00:00:00-05:00,11.640000343322754,11.729999542236328,11.270999908447266,11.380000114440918,14000,0.0,0.0
2022-12-15 00:00:00-05:00,11.460000038146973,11.555000305175781,10.90999984741211,11.0600004196167,24400,0.0,0.0
2022-12-16 00:00:00-05:00,11.0,11.640000343322754,10.710000038146973,11.640000343322754,88500,0.0,0.0
2022-12-19 00:00:00-05:00,11.579999923706055,11.729999542236328,11.039999961853027,11.0600004196167,22400,0.0,0.0
2022-12-20 00:00:00-05:00,11.239999771118164,12.0,11.239999771118164,12.0,31900,0.0,0.0
2022-12-21 00:00:00-05:00,12.0,12.920000076293945,12.0,12.550000190734863,54400,0.0,0.0
2022-12-22 00:00:00-05:00,12.520000457763672,12.744999885559082,11.859999656677246,12.300000190734863,24800,0.0,0.0
2022-12-23 00:00:00-05:00,12.359999656677246,12.605999946594238,12.050000190734863,12.359999656677246,17400,0.0,0.0
2022-12-27 00:00:00-05:00,12.380000114440918,13.390000343322754,12.380000114440918,13.0600004196167,52500,0.0,0.0
2022-12-28 00:00:00-05:00,13.140000343322754,13.15999984741211,12.369999885559082,12.40999984741211,26400,0.0,0.0
2022-12-29 00:00:00-05:00,12.5,12.930000305175781,12.479000091552734,12.65999984741211,28100,0.0,0.0
2022-12-30 00:00:00-05:00,12.84000015258789,12.84000015258789,12.149999618530273,12.399999618530273,28300,0.0,0.0
2023-01-03 00:00:00-05:00,12.75,12.9399995803833,12.609999656677246,12.75,27700,0.0,0.0
2023-01-04 00:00:00-05:00,12.9399995803833,13.119999885559082,12.930000305175781,12.949999809265137,32400,0.0,0.0
2023-01-05 00:00:00-05:00,12.949999809265137,13.130000114440918,12.489999771118164,12.819999694824219,35100,0.0,0.0
2023-01-06 00:00:00-05:00,13.069999694824219,13.619999885559082,12.970000267028809,13.5600004196167,52300,0.0,0.0
2023-01-09 00:00:00-05:00,13.680000305175781,14.633999824523926,13.640000343322754,14.149999618530273,74200,0.0,0.0
2023-01-10 00:00:00-05:00,14.1899995803833,14.720000267028809,13.680000305175781,14.399999618530273,43300,0.0,0.0
2023-01-11 00:00:00-05:00,14.350000381469727,14.569999694824219,14.260000228881836,14.270000457763672,37300,0.0,0.0
2023-01-12 00:00:00-05:00,14.380000114440918,14.720000267028809,14.15999984741211,14.600000381469727,35900,0.0,0.0
2023-01-13 00:00:00-05:00,14.699999809265137,15.4399995803833,14.470000267028809,15.4399995803833,59000,0.0,0.0
2023-01-17 00:00:00-05:00,15.399999618530273,15.399999618530273,13.869999885559082,13.899999618530273,84300,0.0,0.0
2023-01-18 00:00:00-05:00,14.130000114440918,14.579999923706055,13.880000114440918,14.09000015258789,46600,0.0,0.0
2023-01-19 00:00:00-05:00,14.180000305175781,14.4399995803833,13.930000305175781,14.359999656677246,40400,0.0,0.0
2023-01-20 00:00:00-05:00,14.319999694824219,14.489999771118164,14.220000267028809,14.489999771118164,33300,0.0,0.0
2023-01-23 00:00:00-05:00,14.510000228881836,15.800000190734863,14.510000228881836,15.619999885559082,97700,0.0,0.0
2023-01-24 00:00:00-05:00,15.4399995803833,15.739999771118164,14.75,15.739999771118164,83800,0.0,0.0
2023-01-25 00:00:00-05:00,15.75,15.800000190734863,14.010000228881836,14.539999961853027,161000,0.0,0.0
2023-01-26 00:00:00-05:00,14.59000015258789,14.880000114440918,14.199999809265137,14.430000305175781,48700,0.0,0.0
2023-01-27 00:00:00-05:00,14.279999732971191,14.279999732971191,12.920000076293945,13.1899995803833,187700,0.0,0.0
2023-01-30 00:00:00-05:00,13.25,13.704999923706055,13.25,13.40999984741211,29500,0.0,0.0
2023-01-31 00:00:00-05:00,13.470000267028809,13.770000457763672,13.199999809265137,13.760000228881836,37500,0.0,0.0
2023-02-01 00:00:00-05:00,13.8100004196167,14.239999771118164,13.710000038146973,14.09000015258789,35000,0.0,0.0
2023-02-02 00:00:00-05:00,14.119999885559082,14.1899995803833,13.479999542236328,13.75,47200,0.0,0.0
2023-02-03 00:00:00-05:00,13.479999542236328,13.571999549865723,13.0600004196167,13.34000015258789,46300,0.0,0.0
2023-02-06 00:00:00-05:00,13.319999694824219,13.329999923706055,13.119999885559082,13.279999732971191,45400,0.0,0.0
2023-02-07 00:00:00-05:00,13.210000038146973,13.479999542236328,13.180000305175781,13.479999542236328,38300,0.0,0.0
2023-02-08 00:00:00-05:00,13.5600004196167,13.5600004196167,13.140000343322754,13.25,28000,0.0,0.0
2023-02-09 00:00:00-05:00,13.300000190734863,13.375,12.984999656677246,13.15999984741211,34300,0.0,0.0
2023-02-10 00:00:00-05:00,13.149999618530273,13.25,13.0,13.079999923706055,39800,0.0,0.0
2023-02-13 00:00:00-05:00,12.40999984741211,12.880000114440918,12.210000038146973,12.8100004196167,58900,0.0,0.0
2023-02-14 00:00:00-05:00,12.760000228881836,12.949999809265137,12.581000328063965,12.930000305175781,33800,0.0,0.0
2023-02-15 00:00:00-05:00,12.609999656677246,12.779999732971191,12.399999618530273,12.729999542236328,33100,0.0,0.0
2023-02-16 00:00:00-05:00,12.770000457763672,13.0,12.479999542236328,13.0,26800,0.0,0.0
2023-02-17 00:00:00-05:00,12.8100004196167,12.989999771118164,12.5,12.699999809265137,30700,0.0,0.0
2023-02-21 00:00:00-05:00,12.699999809265137,13.079000473022461,12.699999809265137,12.899999618530273,23800,0.0,0.0
2023-02-22 00:00:00-05:00,12.890000343322754,13.069999694824219,12.739999771118164,12.9399995803833,32100,0.0,0.0
2023-02-23 00:00:00-05:00,12.930000305175781,13.020000457763672,12.520999908447266,12.970000267028809,56900,0.0,0.0
2023-02-24 00:00:00-05:00,12.84000015258789,12.90999984741211,12.59000015258789,12.859999656677246,13400,0.0,0.0
2023-02-27 00:00:00-05:00,12.569999694824219,13.140000343322754,12.550000190734863,13.0,44200,0.0,0.0
2023-02-28 00:00:00-05:00,13.0,14.199999809265137,12.899999618530273,14.039999961853027,74000,0.0,0.0
2023-03-01 00:00:00-05:00,14.069999694824219,14.399999618530273,13.880000114440918,14.329999923706055,55900,0.0,0.0
2023-03-02 00:00:00-05:00,14.109999656677246,14.180000305175781,13.8100004196167,14.170000076293945,26000,0.0,0.0
2023-03-03 00:00:00-05:00,14.229999542236328,14.229999542236328,13.640000343322754,13.640000343322754,45800,0.0,0.0
2023-03-06 00:00:00-05:00,13.649999618530273,13.916999816894531,13.3149995803833,13.350000381469727,30400,0.0,0.0
2023-03-07 00:00:00-05:00,13.260000228881836,13.350000381469727,12.710000038146973,12.710000038146973,69400,0.0,0.0
2023-03-08 00:00:00-05:00,12.729999542236328,13.15999984741211,12.609999656677246,12.8100004196167,29600,0.0,0.0
2023-03-09 00:00:00-05:00,12.9399995803833,13.0,12.670000076293945,12.970000267028809,27300,0.0,0.0
2023-03-10 00:00:00-05:00,13.15999984741211,13.430000305175781,12.90999984741211,13.039999961853027,61700,0.0,0.0
2023-03-13 00:00:00-04:00,13.5600004196167,14.25,13.140000343322754,13.770000457763672,139900,0.0,0.0
2023-03-14 00:00:00-04:00,13.649999618530273,13.899999618530273,13.20300006866455,13.899999618530273,64500,0.0,0.0
2023-03-15 00:00:00-04:00,13.880000114440918,14.0,13.4399995803833,13.729999542236328,58200,0.0,0.0
2023-03-16 00:00:00-04:00,13.729999542236328,14.140000343322754,13.5,14.140000343322754,68700,0.0,0.0
2023-03-17 00:00:00-04:00,14.3100004196167,16.700000762939453,13.984999656677246,16.65999984741211,431400,0.0,0.0
2023-03-20 00:00:00-04:00,17.399999618530273,17.399999618530273,16.040000915527344,16.610000610351562,226300,0.0,0.0
2023-03-21 00:00:00-04:00,16.469999313354492,16.469999313354492,14.9399995803833,15.5,109900,0.0,0.0
2023-03-22 00:00:00-04:00,15.449999809265137,16.149999618530273,15.350000381469727,16.0,90000,0.0,0.0
2023-03-23 00:00:00-04:00,16.280000686645508,16.84000015258789,16.010000228881836,16.200000762939453,127600,0.0,0.0
2023-03-24 00:00:00-04:00,15.029999732971191,15.883000373840332,14.541000366210938,15.579999923706055,129500,0.0,0.0
2023-03-27 00:00:00-04:00,14.40999984741211,15.100000381469727,14.380000114440918,14.960000038146973,118000,0.0,0.0
2023-03-28 00:00:00-04:00,14.710000038146973,15.619999885559082,14.673999786376953,15.539999961853027,121400,0.0,0.0
2023-03-29 00:00:00-04:00,15.550000190734863,16.0,15.020000457763672,15.539999961853027,59600,0.0,0.0
2023-03-30 00:00:00-04:00,15.420000076293945,15.699999809265137,15.12600040435791,15.600000381469727,93800,0.0,0.0
2023-03-31 00:00:00-04:00,15.680000305175781,15.680000305175781,14.880000114440918,15.199999809265137,75600,0.0,0.0
2023-04-03 00:00:00-04:00,15.199999809265137,15.600000381469727,15.010000228881836,15.59000015258789,69200,0.0,0.0
2023-04-04 00:00:00-04:00,15.600000381469727,16.700000762939453,15.345999717712402,16.690000534057617,175500,0.0,0.0
2023-04-05 00:00:00-04:00,16.649999618530273,17.299999237060547,16.204999923706055,17.239999771118164,172300,0.0,0.0
2023-04-06 00:00:00-04:00,17.110000610351562,17.34000015258789,16.618000030517578,16.90999984741211,136000,0.0,0.0
2023-04-10 00:00:00-04:00,16.579999923706055,17.459999084472656,16.299999237060547,17.200000762939453,112900,0.0,0.0
2023-04-11 00:00:00-04:00,16.799999237060547,17.579999923706055,16.729999542236328,17.209999084472656,85800,0.0,0.0
2023-04-12 00:00:00-04:00,17.399999618530273,17.469999313354492,16.829999923706055,17.06999969482422,48400,0.0,0.0
2023-04-13 00:00:00-04:00,17.280000686645508,17.479999542236328,16.93000030517578,17.209999084472656,62500,0.0,0.0
2023-04-14 00:00:00-04:00,17.139999389648438,17.139999389648438,16.520000457763672,16.790000915527344,80100,0.0,0.0
2023-04-17 00:00:00-04:00,16.459999084472656,16.600000381469727,16.07900047302246,16.309999465942383,62400,0.0,0.0
2023-04-18 00:00:00-04:00,16.290000915527344,16.59000015258789,16.100000381469727,16.260000228881836,56700,0.0,0.0
2023-04-19 00:00:00-04:00,16.049999237060547,16.155000686645508,15.569999694824219,15.930000305175781,46800,0.0,0.0
2023-04-20 00:00:00-04:00,16.0,16.459999084472656,15.824999809265137,16.1299991607666,35900,0.0,0.0
2023-04-21 00:00:00-04:00,16.030000686645508,16.209999084472656,15.760000228881836,16.100000381469727,36000,0.0,0.0
2023-04-24 00:00:00-04:00,15.899999618530273,15.949999809265137,14.279999732971191,14.460000038146973,167600,0.0,0.0
2023-04-25 00:00:00-04:00,14.369999885559082,14.392999649047852,13.550000190734863,13.680000305175781,98700,0.0,0.0
2023-04-26 00:00:00-04:00,13.760000228881836,14.5,13.5600004196167,13.800000190734863,91800,0.0,0.0
2023-04-27 00:00:00-04:00,13.600000381469727,14.039999961853027,13.5600004196167,13.9399995803833,50200,0.0,0.0
2023-04-28 00:00:00-04:00,13.930000305175781,14.25,13.930000305175781,14.239999771118164,28100,0.0,0.0
2023-05-01 00:00:00-04:00,14.079999923706055,14.5600004196167,14.079999923706055,14.260000228881836,41900,0.0,0.0
2023-05-02 00:00:00-04:00,14.399999618530273,15.140000343322754,14.149999618530273,14.930000305175781,39900,0.0,0.0
2023-05-03 00:00:00-04:00,14.930000305175781,14.960000038146973,14.239999771118164,14.489999771118164,46700,0.0,0.0
2023-05-04 00:00:00-04:00,14.65999984741211,15.03499984741211,14.359999656677246,14.460000038146973,36900,0.0,0.0
2023-05-05 00:00:00-04:00,14.40999984741211,14.420000076293945,14.020000457763672,14.199999809265137,57700,0.0,0.0
2023-05-08 00:00:00-04:00,14.09000015258789,14.350000381469727,14.039999961853027,14.210000038146973,29100,0.0,0.0
2023-05-09 00:00:00-04:00,14.260000228881836,14.489999771118164,13.380000114440918,13.510000228881836,72300,0.0,0.0
2023-05-10 00:00:00-04:00,13.670000076293945,13.795000076293945,13.130000114440918,13.510000228881836,47500,0.0,0.0
2023-05-11 00:00:00-04:00,13.399999618530273,13.399999618530273,12.899999618530273,12.970000267028809,59200,0.0,0.0
2023-05-12 00:00:00-04:00,12.90999984741211,13.869000434875488,12.90999984741211,13.649999618530273,52800,0.0,0.0
2023-05-15 00:00:00-04:00,13.180000305175781,13.9399995803833,13.0,13.5600004196167,77300,0.0,0.0
2023-05-16 00:00:00-04:00,13.387999534606934,13.4399995803833,12.90999984741211,13.130000114440918,44100,0.0,0.0
2023-05-17 00:00:00-04:00,13.130000114440918,13.5600004196167,12.920000076293945,13.319999694824219,40400,0.0,0.0
2023-05-18 00:00:00-04:00,13.130000114440918,13.25,12.524999618530273,12.6899995803833,81100,0.0,0.0
2023-05-19 00:00:00-04:00,12.6899995803833,13.3100004196167,12.6899995803833,12.729999542236328,61100,0.0,0.0
2023-05-22 00:00:00-04:00,12.729999542236328,13.359999656677246,12.59000015258789,13.1899995803833,70900,0.0,0.0
2023-05-23 00:00:00-04:00,13.050000190734863,13.5,12.883999824523926,13.09000015258789,51400,0.0,0.0
2023-05-24 00:00:00-04:00,13.100000381469727,13.270000457763672,12.645000457763672,12.800000190734863,46400,0.0,0.0
2023-05-25 00:00:00-04:00,12.819999694824219,12.829999923706055,12.420000076293945,12.770000457763672,50500,0.0,0.0
2023-05-26 00:00:00-04:00,12.819999694824219,13.289999961853027,12.640000343322754,13.0,54000,0.0,0.0
2023-05-30 00:00:00-04:00,12.960000038146973,12.960000038146973,12.359999656677246,12.359999656677246,50300,0.0,0.0
2023-05-31 00:00:00-04:00,12.359999656677246,12.59000015258789,12.130000114440918,12.130000114440918,59000,0.0,0.0
2023-06-01 00:00:00-04:00,12.28499984741211,12.930000305175781,12.119999885559082,12.529999732971191,47100,0.0,0.0
2023-06-02 00:00:00-04:00,12.5,12.979999542236328,12.37399959564209,12.890000343322754,53100,0.0,0.0
2023-06-05 00:00:00-04:00,12.930000305175781,13.239999771118164,12.539999961853027,13.079999923706055,37900,0.0,0.0
2023-06-06 00:00:00-04:00,13.079999923706055,13.600000381469727,13.079999923706055,13.510000228881836,51800,0.0,0.0
2023-06-07 00:00:00-04:00,13.539999961853027,13.84000015258789,13.039999961853027,13.220000267028809,60900,0.0,0.0
2023-06-08 00:00:00-04:00,13.390000343322754,14.34000015258789,13.390000343322754,13.869999885559082,52900,0.0,0.0
2023-06-09 00:00:00-04:00,14.079999923706055,14.300000190734863,13.970000267028809,14.069999694824219,57200,0.0,0.0
2023-06-12 00:00:00-04:00,14.0,14.0,13.109999656677246,13.3100004196167,56400,0.0,0.0
2023-06-13 00:00:00-04:00,13.300000190734863,13.5,12.704999923706055,13.109999656677246,90100,0.0,0.0
2023-06-14 00:00:00-04:00,13.119999885559082,13.270000457763672,12.710000038146973,12.720000267028809,58700,0.0,0.0
2023-06-15 00:00:00-04:00,12.65999984741211,13.0,12.65999984741211,12.8100004196167,50600,0.0,0.0
2023-06-16 00:00:00-04:00,12.789999961853027,13.729999542236328,12.789999961853027,13.550000190734863,142400,0.0,0.0
2023-06-20 00:00:00-04:00,13.229999542236328,13.949999809265137,13.149999618530273,13.5,120600,0.0,0.0
2023-06-21 00:00:00-04:00,13.369999885559082,13.680000305175781,12.819999694824219,13.5,99700,0.0,0.0
2023-06-22 00:00:00-04:00,13.34000015258789,13.539999961853027,13.15999984741211,13.15999984741211,84100,0.0,0.0
2023-06-23 00:00:00-04:00,13.300000190734863,13.609999656677246,12.40999984741211,12.649999618530273,2002600,0.0,0.0
2023-06-26 00:00:00-04:00,12.640000343322754,12.729999542236328,11.899999618530273,12.0600004196167,200700,0.0,0.0
2023-06-27 00:00:00-04:00,12.069999694824219,12.079999923706055,11.369999885559082,11.65999984741211,116000,0.0,0.0
2023-06-28 00:00:00-04:00,11.65999984741211,12.0,11.350000381469727,11.729999542236328,94600,0.0,0.0
2023-06-29 00:00:00-04:00,11.65999984741211,11.989999771118164,11.645000457763672,11.989999771118164,70400,0.0,0.0
2023-06-30 00:00:00-04:00,11.899999618530273,11.91100025177002,11.470000267028809,11.619999885559082,73600,0.0,0.0
2023-07-03 00:00:00-04:00,11.59000015258789,11.949999809265137,11.59000015258789,11.850000381469727,34900,0.0,0.0
2023-07-05 00:00:00-04:00,11.800000190734863,11.9399995803833,11.633999824523926,11.770000457763672,87200,0.0,0.0
2023-07-06 00:00:00-04:00,12.210000038146973,12.210000038146973,11.399999618530273,11.550000190734863,96100,0.0,0.0
2023-07-07 00:00:00-04:00,11.720000267028809,12.100000381469727,11.699999809265137,11.979999542236328,126700,0.0,0.0
2023-07-10 00:00:00-04:00,12.0,12.84000015258789,11.84000015258789,12.59000015258789,67300,0.0,0.0
2023-07-11 00:00:00-04:00,12.680000305175781,12.710000038146973,11.904999732971191,12.239999771118164,55300,0.0,0.0
2023-07-12 00:00:00-04:00,12.510000228881836,12.829999923706055,12.324999809265137,12.760000228881836,57200,0.0,0.0
2023-07-13 00:00:00-04:00,12.550000190734863,12.779999732971191,12.3149995803833,12.539999961853027,50000,0.0,0.0
2023-07-14 00:00:00-04:00,12.5600004196167,12.6899995803833,12.170000076293945,12.359999656677246,43200,0.0,0.0
2023-07-17 00:00:00-04:00,12.369999885559082,12.399999618530273,12.050000190734863,12.399999618530273,36700,0.0,0.0
2023-07-18 00:00:00-04:00,12.399999618530273,13.09000015258789,12.300000190734863,12.699999809265137,61400,0.0,0.0
2023-07-19 00:00:00-04:00,12.699999809265137,13.001999855041504,12.015000343322754,12.300000190734863,27800,0.0,0.0
2023-07-20 00:00:00-04:00,12.25,12.369999885559082,11.979999542236328,12.289999961853027,48600,0.0,0.0
2023-07-21 00:00:00-04:00,12.390000343322754,12.630000114440918,11.949999809265137,12.1899995803833,58200,0.0,0.0
2023-07-24 00:00:00-04:00,12.130000114440918,12.232999801635742,11.829999923706055,12.010000228881836,41300,0.0,0.0
2023-07-25 00:00:00-04:00,12.039999961853027,12.140000343322754,11.829999923706055,12.119999885559082,60400,0.0,0.0
2023-07-26 00:00:00-04:00,12.119999885559082,12.119999885559082,11.550000190734863,11.5600004196167,62300,0.0,0.0
2023-07-27 00:00:00-04:00,11.609999656677246,11.89799976348877,10.920000076293945,11.760000228881836,155800,0.0,0.0
2023-07-28 00:00:00-04:00,11.760000228881836,11.989999771118164,11.409000396728516,11.899999618530273,43900,0.0,0.0
2023-07-31 00:00:00-04:00,11.869999885559082,12.069999694824219,11.670000076293945,11.779999732971191,36200,0.0,0.0
2023-08-01 00:00:00-04:00,11.649999618530273,11.95199966430664,10.930000305175781,11.149999618530273,68300,0.0,0.0
2023-08-02 00:00:00-04:00,11.149999618530273,11.300000190734863,10.920999526977539,11.239999771118164,52500,0.0,0.0
2023-08-03 00:00:00-04:00,11.260000228881836,11.260000228881836,10.854999542236328,11.180000305175781,41800,0.0,0.0
2023-08-04 00:00:00-04:00,11.170000076293945,11.819999694824219,11.170000076293945,11.729999542236328,80400,0.0,0.0
2023-08-07 00:00:00-04:00,11.579999923706055,11.680000305175781,11.210000038146973,11.550000190734863,38100,0.0,0.0
2023-08-08 00:00:00-04:00,11.59000015258789,11.850000381469727,11.420000076293945,11.789999961853027,38300,0.0,0.0
2023-08-09 00:00:00-04:00,11.729999542236328,11.729999542236328,11.100000381469727,11.149999618530273,51400,0.0,0.0
2023-08-10 00:00:00-04:00,11.319999694824219,11.319999694824219,10.899999618530273,11.020000457763672,45800,0.0,0.0
2023-08-11 00:00:00-04:00,11.0,11.119999885559082,10.899999618530273,10.979999542236328,54200,0.0,0.0
2023-08-14 00:00:00-04:00,11.03499984741211,11.220000267028809,10.899999618530273,11.199999809265137,53700,0.0,0.0
2023-08-15 00:00:00-04:00,10.899999618530273,10.899999618530273,10.083000183105469,10.199999809265137,83700,0.0,0.0
2023-08-16 00:00:00-04:00,10.279999732971191,10.649999618530273,10.229999542236328,10.5,67200,0.0,0.0
2023-08-17 00:00:00-04:00,10.510000228881836,10.609999656677246,10.170000076293945,10.420000076293945,73700,0.0,0.0
2023-08-18 00:00:00-04:00,10.390000343322754,10.5,10.15999984741211,10.380000114440918,72500,0.0,0.0
2023-08-21 00:00:00-04:00,10.289999961853027,10.399999618530273,10.15999984741211,10.220000267028809,42800,0.0,0.0
2023-08-22 00:00:00-04:00,10.104999542236328,10.369999885559082,9.960000038146973,10.15999984741211,52900,0.0,0.0
2023-08-23 00:00:00-04:00,10.25,10.869999885559082,10.149999618530273,10.819999694824219,54800,0.0,0.0
2023-08-24 00:00:00-04:00,10.75,11.069999694824219,10.579999923706055,10.899999618530273,44700,0.0,0.0
2023-08-25 00:00:00-04:00,10.890000343322754,10.890000343322754,10.489999771118164,10.729999542236328,35900,0.0,0.0
2023-08-28 00:00:00-04:00,10.880000114440918,11.0600004196167,10.649999618530273,10.6899995803833,36400,0.0,0.0
2023-08-29 00:00:00-04:00,10.579999923706055,11.005000114440918,10.579999923706055,10.930000305175781,59200,0.0,0.0
2023-08-30 00:00:00-04:00,10.930000305175781,11.003000259399414,10.35099983215332,10.550000190734863,44400,0.0,0.0
2023-08-31 00:00:00-04:00,10.520000457763672,10.541000366210938,10.229999542236328,10.34000015258789,44200,0.0,0.0
2023-09-01 00:00:00-04:00,10.550000190734863,10.614999771118164,10.319999694824219,10.449999809265137,35500,0.0,0.0
2023-09-05 00:00:00-04:00,10.319999694824219,10.493000030517578,9.9350004196167,10.0600004196167,64200,0.0,0.0
2023-09-06 00:00:00-04:00,9.949999809265137,10.239999771118164,9.75,9.899999618530273,60900,0.0,0.0
2023-09-07 00:00:00-04:00,9.859999656677246,9.970000267028809,9.657999992370605,9.859999656677246,100700,0.0,0.0
2023-09-08 00:00:00-04:00,9.859999656677246,10.0600004196167,9.739999771118164,10.0600004196167,49300,0.0,0.0
2023-09-11 00:00:00-04:00,9.906999588012695,10.09000015258789,9.850000381469727,10.020000457763672,39700,0.0,0.0
2023-09-12 00:00:00-04:00,9.890000343322754,10.300000190734863,9.880000114440918,10.25,45000,0.0,0.0
2023-09-13 00:00:00-04:00,10.25,10.5600004196167,10.069999694824219,10.5,32300,0.0,0.0
2023-09-14 00:00:00-04:00,10.569999694824219,10.770000457763672,10.15999984741211,10.670000076293945,57800,0.0,0.0
2023-09-15 00:00:00-04:00,10.5,11.380000114440918,10.350000381469727,11.270000457763672,317900,0.0,0.0
2023-09-18 00:00:00-04:00,11.079999923706055,11.399999618530273,10.670000076293945,11.0600004196167,120400,0.0,0.0
2023-09-19 00:00:00-04:00,11.069999694824219,11.069999694824219,10.390000343322754,10.390000343322754,69900,0.0,0.0
2023-09-20 00:00:00-04:00,10.390000343322754,10.710000038146973,10.0,10.5600004196167,45300,0.0,0.0
2023-09-21 00:00:00-04:00,10.319999694824219,10.479999542236328,10.130000114440918,10.170000076293945,35800,0.0,0.0
2023-09-22 00:00:00-04:00,10.34000015258789,10.635000228881836,10.119999885559082,10.180000305175781,25800,0.0,0.0
2023-09-25 00:00:00-04:00,10.25,10.350000381469727,9.878999710083008,10.1899995803833,28400,0.0,0.0
2023-09-26 00:00:00-04:00,10.15999984741211,10.220000267028809,9.90999984741211,9.960000038146973,52400,0.0,0.0
2023-09-27 00:00:00-04:00,9.960000038146973,10.0600004196167,9.479999542236328,9.5600004196167,72400,0.0,0.0
2023-09-28 00:00:00-04:00,9.520999908447266,9.859999656677246,9.520999908447266,9.8100004196167,22900,0.0,0.0
2023-09-29 00:00:00-04:00,9.970000267028809,10.402999877929688,9.652000427246094,9.859999656677246,30200,0.0,0.0
2023-10-02 00:00:00-04:00,9.54800033569336,9.8100004196167,9.520000457763672,9.520000457763672,24600,0.0,0.0
2023-10-03 00:00:00-04:00,9.5,10.079999923706055,9.5,9.90999984741211,54200,0.0,0.0
2023-10-04 00:00:00-04:00,10.020000457763672,10.180000305175781,9.609999656677246,9.75,45900,0.0,0.0
2023-10-05 00:00:00-04:00,10.095000267028809,10.095000267028809,9.619999885559082,10.039999961853027,30800,0.0,0.0
2023-10-06 00:00:00-04:00,10.069999694824219,10.399999618530273,9.90999984741211,10.25,46200,0.0,0.0
2023-10-09 00:00:00-04:00,10.220000267028809,10.6899995803833,10.149999618530273,10.579999923706055,38200,0.0,0.0
2023-10-10 00:00:00-04:00,10.600000381469727,11.020000457763672,10.59000015258789,10.779999732971191,49400,0.0,0.0
2023-10-11 00:00:00-04:00,10.779999732971191,10.779999732971191,10.430000305175781,10.640000343322754,28700,0.0,0.0
2023-10-12 00:00:00-04:00,10.479999542236328,10.779999732971191,10.208999633789062,10.4399995803833,48000,0.0,0.0
2023-10-13 00:00:00-04:00,10.630000114440918,11.286999702453613,10.491000175476074,11.199999809265137,31800,0.0,0.0
2023-10-16 00:00:00-04:00,11.140000343322754,11.423999786376953,10.890000343322754,11.199999809265137,31100,0.0,0.0
2023-10-17 00:00:00-04:00,11.09000015258789,11.116000175476074,10.810999870300293,11.039999961853027,36300,0.0,0.0
2023-10-18 00:00:00-04:00,11.130000114440918,11.539999961853027,11.130000114440918,11.239999771118164,58400,0.0,0.0
2023-10-19 00:00:00-04:00,11.300000190734863,11.449999809265137,11.050000190734863,11.260000228881836,27600,0.0,0.0
2023-10-20 00:00:00-04:00,11.270000457763672,11.779999732971191,11.0600004196167,11.539999961853027,63400,0.0,0.0
2023-10-23 00:00:00-04:00,11.510000228881836,11.739999771118164,10.510000228881836,10.760000228881836,47400,0.0,0.0
2023-10-24 00:00:00-04:00,10.630000114440918,11.0,10.600000381469727,10.90999984741211,27900,0.0,0.0
2023-10-25 00:00:00-04:00,10.720000267028809,11.130000114440918,10.720000267028809,11.020000457763672,17500,0.0,0.0
2023-10-26 00:00:00-04:00,11.020000457763672,11.539999961853027,10.77400016784668,11.399999618530273,31500,0.0,0.0
2023-10-27 00:00:00-04:00,11.289999961853027,11.619999885559082,11.07699966430664,11.510000228881836,28100,0.0,0.0
2023-10-30 00:00:00-04:00,11.5600004196167,11.718999862670898,11.1899995803833,11.489999771118164,27400,0.0,0.0
2023-10-31 00:00:00-04:00,11.369999885559082,11.4399995803833,10.795000076293945,11.069999694824219,44100,0.0,0.0
2023-11-01 00:00:00-04:00,11.229999542236328,11.25,10.699999809265137,10.819999694824219,33100,0.0,0.0
2023-11-02 00:00:00-04:00,10.989999771118164,11.229999542236328,10.739999771118164,11.210000038146973,31000,0.0,0.0
2023-11-03 00:00:00-04:00,11.109999656677246,11.970000267028809,11.109999656677246,11.890000343322754,47900,0.0,0.0
2023-11-06 00:00:00-05:00,11.821000099182129,12.0,11.670000076293945,11.670000076293945,22500,0.0,0.0
2023-11-07 00:00:00-05:00,11.630000114440918,11.630000114440918,10.930000305175781,11.529999732971191,26900,0.0,0.0
2023-11-08 00:00:00-05:00,11.239999771118164,11.34000015258789,10.871000289916992,11.210000038146973,24200,0.0,0.0
2023-11-09 00:00:00-05:00,11.300000190734863,11.300000190734863,10.5600004196167,10.6899995803833,24600,0.0,0.0
2023-11-10 00:00:00-05:00,10.5,11.0,10.5,10.720000267028809,40900,0.0,0.0
2023-11-13 00:00:00-05:00,10.949999809265137,11.619999885559082,10.805000305175781,11.5,35400,0.0,0.0
2023-11-14 00:00:00-05:00,11.699999809265137,12.210000038146973,11.385000228881836,12.210000038146973,63600,0.0,0.0
2023-11-15 00:00:00-05:00,12.0600004196167,12.279999732971191,11.680000305175781,11.850000381469727,26700,0.0,0.0
2023-11-16 00:00:00-05:00,11.899999618530273,12.270000457763672,11.609999656677246,12.050000190734863,28900,0.0,0.0
2023-11-17 00:00:00-05:00,11.75,11.84000015258789,11.579000473022461,11.710000038146973,52900,0.0,0.0
2023-11-20 00:00:00-05:00,11.539999961853027,11.600000381469727,11.381999969482422,11.550000190734863,22200,0.0,0.0
2023-11-21 00:00:00-05:00,11.5,11.98799991607666,11.5,11.84000015258789,26300,0.0,0.0
2023-11-22 00:00:00-05:00,11.890000343322754,12.220000267028809,11.60099983215332,12.220000267028809,30600,0.0,0.0
2023-11-24 00:00:00-05:00,12.050000190734863,12.220000267028809,12.029999732971191,12.15999984741211,24400,0.0,0.0
2023-11-27 00:00:00-05:00,12.0,12.220000267028809,11.61299991607666,12.220000267028809,56100,0.0,0.0
2023-11-28 00:00:00-05:00,12.199999809265137,12.210000038146973,11.670000076293945,11.850000381469727,46000,0.0,0.0
2023-11-29 00:00:00-05:00,11.989999771118164,12.119999885559082,11.720000267028809,11.930000305175781,35500,0.0,0.0
2023-11-30 00:00:00-05:00,11.850000381469727,11.9399995803833,11.640000343322754,11.850000381469727,16900,0.0,0.0
2023-12-01 00:00:00-05:00,11.930000305175781,12.220000267028809,11.914999961853027,12.199999809265137,63300,0.0,0.0
2023-12-04 00:00:00-05:00,11.989999771118164,12.199999809265137,11.892000198364258,12.149999618530273,17800,0.0,0.0
2023-12-05 00:00:00-05:00,12.029999732971191,12.100000381469727,11.704000473022461,11.899999618530273,20900,0.0,0.0
2023-12-06 00:00:00-05:00,12.0600004196167,12.0600004196167,11.760000228881836,11.920000076293945,37000,0.0,0.0
2023-12-07 00:00:00-05:00,11.989999771118164,12.220000267028809,11.920000076293945,12.220000267028809,101700,0.0,0.0
2023-12-08 00:00:00-05:00,12.0,12.859999656677246,12.0,12.65999984741211,47000,0.0,0.0
2023-12-11 00:00:00-05:00,12.65999984741211,12.75,11.960000038146973,12.069999694824219,82000,0.0,0.0
2023-12-12 00:00:00-05:00,12.239999771118164,12.239999771118164,11.449999809265137,11.880000114440918,25400,0.0,0.0
2023-12-13 00:00:00-05:00,11.699999809265137,12.1899995803833,11.5,12.119999885559082,52100,0.0,0.0
2023-12-14 00:00:00-05:00,12.229999542236328,12.739999771118164,12.100000381469727,12.680000305175781,69800,0.0,0.0
2023-12-15 00:00:00-05:00,12.699999809265137,12.829999923706055,12.350000381469727,12.390000343322754,168500,0.0,0.0
2023-12-18 00:00:00-05:00,11.960000038146973,12.289999961853027,11.829999923706055,12.0,60000,0.0,0.0
2023-12-19 00:00:00-05:00,12.170000076293945,12.65999984741211,12.170000076293945,12.550000190734863,42800,0.0,0.0
2023-12-20 00:00:00-05:00,12.529999732971191,12.989999771118164,12.510000228881836,12.600000381469727,62900,0.0,0.0
2023-12-21 00:00:00-05:00,12.859999656677246,12.899999618530273,12.489999771118164,12.640000343322754,45600,0.0,0.0
2023-12-22 00:00:00-05:00,12.579999923706055,13.170000076293945,12.579999923706055,13.029999732971191,44400,0.0,0.0
2023-12-26 00:00:00-05:00,13.079999923706055,13.5,13.079999923706055,13.5,44100,0.0,0.0
2023-12-27 00:00:00-05:00,13.550000190734863,13.550000190734863,13.0,13.109999656677246,45500,0.0,0.0
2023-12-28 00:00:00-05:00,13.199999809265137,13.199999809265137,12.470000267028809,12.550000190734863,45400,0.0,0.0
2023-12-29 00:00:00-05:00,12.539999961853027,12.6850004196167,12.199999809265137,12.199999809265137,45800,0.0,0.0
2024-01-02 00:00:00-05:00,12.289999961853027,12.529999732971191,12.25,12.510000228881836,30500,0.0,0.0
2024-01-03 00:00:00-05:00,12.529999732971191,12.680000305175781,12.109999656677246,12.15999984741211,50800,0.0,0.0
2024-01-04 00:00:00-05:00,12.239999771118164,12.390000343322754,12.0600004196167,12.15999984741211,43300,0.0,0.0
2024-01-05 00:00:00-05:00,12.09000015258789,12.470000267028809,12.0,12.15999984741211,62200,0.0,0.0
2024-01-08 00:00:00-05:00,12.069999694824219,12.234000205993652,11.720000267028809,11.960000038146973,83600,0.0,0.0
2024-01-09 00:00:00-05:00,11.890000343322754,11.979999542236328,11.539999961853027,11.699999809265137,61700,0.0,0.0
2024-01-10 00:00:00-05:00,11.720000267028809,11.960000038146973,11.449999809265137,11.569999694824219,72400,0.0,0.0
2024-01-11 00:00:00-05:00,11.510000228881836,11.770000457763672,10.989999771118164,11.170000076293945,85000,0.0,0.0
2024-01-12 00:00:00-05:00,11.414999961853027,11.59000015258789,11.043000221252441,11.180000305175781,69100,0.0,0.0
2024-01-16 00:00:00-05:00,11.140000343322754,11.279999732971191,10.90999984741211,10.930000305175781,47100,0.0,0.0
2024-01-17 00:00:00-05:00,10.8100004196167,11.104999542236328,10.770000457763672,10.930000305175781,36700,0.0,0.0
2024-01-18 00:00:00-05:00,10.979999542236328,11.069999694824219,10.65999984741211,10.850000381469727,33100,0.0,0.0
2024-01-19 00:00:00-05:00,10.899999618530273,10.92300033569336,10.640000343322754,10.850000381469727,39600,0.0,0.0
2024-01-22 00:00:00-05:00,10.850000381469727,10.899999618530273,10.680000305175781,10.829999923706055,32300,0.0,0.0
2024-01-23 00:00:00-05:00,10.920000076293945,11.399999618530273,10.859999656677246,11.399999618530273,32500,0.0,0.0
2024-01-24 00:00:00-05:00,11.5,11.5,11.020000457763672,11.039999961853027,25700,0.0,0.0
2024-01-25 00:00:00-05:00,11.300000190734863,11.3100004196167,11.0,11.199999809265137,40500,0.0,0.0
2024-01-26 00:00:00-05:00,11.270000457763672,11.380000114440918,11.168999671936035,11.220000267028809,20300,0.0,0.0
2024-01-29 00:00:00-05:00,11.329999923706055,11.369999885559082,11.069999694824219,11.279999732971191,24000,0.0,0.0
2024-01-30 00:00:00-05:00,11.199999809265137,11.460000038146973,11.010000228881836,11.319999694824219,25900,0.0,0.0
2024-01-31 00:00:00-05:00,11.4399995803833,11.4399995803833,10.710000038146973,10.710000038146973,27700,0.0,0.0
2024-02-01 00:00:00-05:00,10.75,11.361000061035156,10.65999984741211,10.970000267028809,56500,0.0,0.0
2024-02-02 00:00:00-05:00,10.770000457763672,10.829999923706055,10.510000228881836,10.520000457763672,32100,0.0,0.0
2024-02-05 00:00:00-05:00,10.399999618530273,10.399999618530273,10.010000228881836,10.1899995803833,72500,0.0,0.0
2024-02-06 00:00:00-05:00,10.229999542236328,10.34000015258789,10.0600004196167,10.239999771118164,32900,0.0,0.0
2024-02-07 00:00:00-05:00,10.25,10.40999984741211,10.020000457763672,10.140000343322754,25800,0.0,0.0
2024-02-08 00:00:00-05:00,10.239999771118164,10.239999771118164,10.050000190734863,10.119999885559082,32000,0.0,0.0
2024-02-09 00:00:00-05:00,10.119999885559082,10.489999771118164,10.100000381469727,10.100000381469727,27600,0.0,0.0
2024-02-12 00:00:00-05:00,10.15999984741211,10.449999809265137,10.119999885559082,10.220000267028809,28600,0.0,0.0
2024-02-13 00:00:00-05:00,10.069999694824219,10.180000305175781,9.75,9.760000228881836,70100,0.0,0.0
2024-02-14 00:00:00-05:00,9.880000114440918,10.045000076293945,9.729999542236328,9.9399995803833,36600,0.0,0.0
2024-02-15 00:00:00-05:00,10.039999961853027,10.350000381469727,9.920000076293945,10.300000190734863,38000,0.0,0.0
2024-02-16 00:00:00-05:00,10.270000457763672,10.329999923706055,10.0,10.109999656677246,34200,0.0,0.0
2024-02-20 00:00:00-05:00,10.0,10.15999984741211,9.800000190734863,9.90999984741211,53700,0.0,0.0
2024-02-21 00:00:00-05:00,9.920000076293945,10.029999732971191,9.800000190734863,9.920000076293945,26000,0.0,0.0
2024-02-22 00:00:00-05:00,9.869999885559082,9.920000076293945,9.59000015258789,9.710000038146973,41200,0.0,0.0
2024-02-23 00:00:00-05:00,9.720000267028809,10.010000228881836,9.569999694824219,10.010000228881836,32300,0.0,0.0
2024-02-26 00:00:00-05:00,9.899999618530273,10.020000457763672,9.770000457763672,9.979999542236328,30700,0.0,0.0
2024-02-27 00:00:00-05:00,9.899999618530273,10.055000305175781,9.729999542236328,9.84000015258789,25100,0.0,0.0
2024-02-28 00:00:00-05:00,9.819999694824219,9.819999694824219,9.574999809265137,9.59000015258789,23000,0.0,0.0
2024-02-29 00:00:00-05:00,9.75,10.109999656677246,9.640000343322754,9.890000343322754,37000,0.0,0.0
2024-03-01 00:00:00-05:00,9.6899995803833,10.343999862670898,9.65999984741211,10.279999732971191,35700,0.0,0.0
2024-03-04 00:00:00-05:00,9.119999885559082,9.890000343322754,8.90999984741211,9.739999771118164,97700,0.0,0.0
2024-03-05 00:00:00-05:00,9.800000190734863,10.079999923706055,9.717000007629395,9.930000305175781,37400,0.0,0.0
2024-03-06 00:00:00-05:00,9.949999809265137,10.449999809265137,9.710000038146973,10.350000381469727,30500,0.0,0.0
2024-03-07 00:00:00-05:00,10.390000343322754,10.649999618530273,10.390000343322754,10.539999961853027,27700,0.0,0.0
2024-03-08 00:00:00-05:00,10.600000381469727,11.109999656677246,10.550000190734863,11.010000228881836,31800,0.0,0.0
2024-03-11 00:00:00-04:00,11.039999961853027,11.050000190734863,10.619999885559082,10.720000267028809,33500,0.0,0.0
2024-03-12 00:00:00-04:00,10.420000076293945,10.79800033569336,10.019000053405762,10.710000038146973,29900,0.0,0.0
2024-03-13 00:00:00-04:00,10.779999732971191,11.170000076293945,10.59000015258789,11.039999961853027,31800,0.0,0.0
2024-03-14 00:00:00-04:00,11.0,11.029999732971191,10.40999984741211,10.470000267028809,32500,0.0,0.0
2024-03-15 00:00:00-04:00,10.279999732971191,11.5,9.880000114440918,11.359999656677246,137300,0.0,0.0
2024-03-18 00:00:00-04:00,11.359999656677246,11.446000099182129,10.550000190734863,10.609999656677246,50000,0.0,0.0
2024-03-19 00:00:00-04:00,10.579999923706055,10.760000228881836,10.430000305175781,10.520000457763672,21800,0.0,0.0
2024-03-20 00:00:00-04:00,10.390000343322754,11.020000457763672,10.390000343322754,10.84000015258789,30000,0.0,0.0
2024-03-21 00:00:00-04:00,10.949999809265137,10.979999542236328,10.710000038146973,10.829999923706055,33000,0.0,0.0
2024-03-22 00:00:00-04:00,10.850000381469727,10.989999771118164,10.520000457763672,10.710000038146973,15900,0.0,0.0
2024-03-25 00:00:00-04:00,10.65999984741211,10.970000267028809,10.65999984741211,10.75,14400,0.0,0.0
2024-03-26 00:00:00-04:00,10.720000267028809,10.899999618530273,10.550000190734863,10.59000015258789,20000,0.0,0.0
2024-03-27 00:00:00-04:00,10.760000228881836,11.043000221252441,10.6899995803833,10.829999923706055,30300,0.0,0.0
2024-03-28 00:00:00-04:00,10.920000076293945,11.449999809265137,10.862000465393066,11.069999694824219,44300,0.0,0.0
2024-04-01 00:00:00-04:00,11.149999618530273,11.255000114440918,10.859999656677246,10.869999885559082,22000,0.0,0.0
2024-04-02 00:00:00-04:00,10.880000114440918,11.350000381469727,10.729999542236328,10.760000228881836,54600,0.0,0.0
2024-04-03 00:00:00-04:00,10.600000381469727,11.210000038146973,10.600000381469727,11.029999732971191,38900,0.0,0.0
2024-04-04 00:00:00-04:00,11.010000228881836,11.039999961853027,10.505999565124512,10.5600004196167,38500,0.0,0.0
2024-04-05 00:00:00-04:00,10.630000114440918,11.210000038146973,10.609999656677246,10.90999984741211,35000,0.0,0.0
2024-04-08 00:00:00-04:00,11.0,11.239999771118164,10.84000015258789,10.949999809265137,19600,0.0,0.0
2024-04-09 00:00:00-04:00,11.0600004196167,11.0600004196167,10.619999885559082,10.779999732971191,47600,0.0,0.0
2024-04-10 00:00:00-04:00,10.75,11.1899995803833,10.510000228881836,10.989999771118164,60800,0.0,0.0
2024-04-11 00:00:00-04:00,10.979999542236328,11.098999977111816,10.770000457763672,11.079999923706055,46900,0.0,0.0
2024-04-12 00:00:00-04:00,11.109999656677246,11.239999771118164,10.680000305175781,10.729999542236328,48200,0.0,0.0
2024-04-15 00:00:00-04:00,10.550000190734863,10.850000381469727,10.369999885559082,10.550000190734863,46100,0.0,0.0
2024-04-16 00:00:00-04:00,10.5,10.630000114440918,10.119999885559082,10.600000381469727,26700,0.0,0.0
2024-04-17 00:00:00-04:00,10.670000076293945,10.670000076293945,10.0600004196167,10.229999542236328,20700,0.0,0.0
2024-04-18 00:00:00-04:00,10.210000038146973,10.220000267028809,9.899999618530273,9.949999809265137,76800,0.0,0.0
2024-04-19 00:00:00-04:00,9.960000038146973,10.1899995803833,9.850000381469727,10.180000305175781,35000,0.0,0.0
2024-04-22 00:00:00-04:00,10.0,10.989999771118164,9.90999984741211,10.619999885559082,111800,0.0,0.0
2024-04-23 00:00:00-04:00,10.470000267028809,10.550000190734863,10.0600004196167,10.130000114440918,42100,0.0,0.0
2024-04-24 00:00:00-04:00,10.100000381469727,10.149999618530273,9.670000076293945,10.029999732971191,91700,0.0,0.0
2024-04-25 00:00:00-04:00,10.010000228881836,10.289999961853027,9.970000267028809,10.130000114440918,42300,0.0,0.0
2024-04-26 00:00:00-04:00,10.220000267028809,10.4399995803833,9.869999885559082,10.0,45300,0.0,0.0
2024-04-29 00:00:00-04:00,10.3100004196167,10.6899995803833,10.180000305175781,10.25,51000,0.0,0.0
2024-04-30 00:00:00-04:00,10.119999885559082,10.220000267028809,9.739999771118164,9.8100004196167,57600,0.0,0.0
2024-05-01 00:00:00-04:00,9.90999984741211,10.369999885559082,9.829999923706055,10.050000190734863,33000,0.0,0.0
2024-05-02 00:00:00-04:00,10.020000457763672,10.109999656677246,9.819999694824219,9.989999771118164,33000,0.0,0.0
2024-05-03 00:00:00-04:00,9.760000228881836,9.899999618530273,9.609999656677246,9.770000457763672,34100,0.0,0.0
2024-05-06 00:00:00-04:00,9.84000015258789,10.109999656677246,9.779999732971191,9.970000267028809,35200,0.0,0.0
2024-05-07 00:00:00-04:00,10.109999656677246,10.276000022888184,9.949999809265137,9.949999809265137,25200,0.0,0.0
2024-05-08 00:00:00-04:00,9.890000343322754,10.149999618530273,9.869999885559082,9.869999885559082,22300,0.0,0.0
2024-05-09 00:00:00-04:00,9.970000267028809,10.289999961853027,9.970000267028809,10.289999961853027,33300,0.0,0.0
2024-05-10 00:00:00-04:00,10.369999885559082,10.430000305175781,10.229999542236328,10.289999961853027,24900,0.0,0.0
2024-05-13 00:00:00-04:00,10.3100004196167,10.329999923706055,10.0,10.010000228881836,24800,0.0,0.0
2024-05-14 00:00:00-04:00,10.170000076293945,10.579999923706055,10.034000396728516,10.539999961853027,70300,0.0,0.0
2024-05-15 00:00:00-04:00,10.579999923706055,10.960000038146973,10.553000450134277,10.84000015258789,41800,0.0,0.0
2024-05-16 00:00:00-04:00,10.850000381469727,10.960000038146973,10.5,10.670000076293945,63500,0.0,0.0
2024-05-17 00:00:00-04:00,10.770000457763672,11.25,10.670000076293945,11.09000015258789,103700,0.0,0.0
2024-05-20 00:00:00-04:00,11.140000343322754,11.25,10.711999893188477,10.890000343322754,91800,0.0,0.0
2024-05-21 00:00:00-04:00,10.989999771118164,11.109999656677246,10.229999542236328,10.600000381469727,123700,0.0,0.0
2024-05-22 00:00:00-04:00,10.4399995803833,10.729999542236328,10.4399995803833,10.649999618530273,50400,0.0,0.0
2024-05-23 00:00:00-04:00,10.520000457763672,10.619999885559082,10.239999771118164,10.329999923706055,55000,0.0,0.0
2024-05-24 00:00:00-04:00,10.430000305175781,10.449999809265137,10.220000267028809,10.319999694824219,39200,0.0,0.0
2024-05-28 00:00:00-04:00,10.5,11.149999618530273,10.5,11.050000190734863,62100,0.0,0.0
2024-05-29 00:00:00-04:00,10.979999542236328,11.029999732971191,10.470000267028809,10.470000267028809,78600,0.0,0.0
2024-05-30 00:00:00-04:00,10.529999732971191,10.734999656677246,10.399999618530273,10.630000114440918,74100,0.0,0.0
2024-05-31 00:00:00-04:00,10.649999618530273,10.75,10.350000381469727,10.449999809265137,38900,0.0,0.0
2024-06-03 00:00:00-04:00,10.510000228881836,10.880000114440918,10.510000228881836,10.75,122200,0.0,0.0
2024-06-04 00:00:00-04:00,10.550000190734863,10.630000114440918,10.1899995803833,10.270000457763672,48900,0.0,0.0
2024-06-05 00:00:00-04:00,10.289999961853027,10.670000076293945,10.220000267028809,10.380000114440918,120500,0.0,0.0
2024-06-06 00:00:00-04:00,10.319999694824219,10.5,10.279999732971191,10.279999732971191,55500,0.0,0.0
2024-06-07 00:00:00-04:00,10.170000076293945,10.180000305175781,9.699999809265137,10.069999694824219,48200,0.0,0.0
2024-06-10 00:00:00-04:00,10.130000114440918,10.130000114440918,9.829999923706055,10.0600004196167,43600,0.0,0.0
2024-06-11 00:00:00-04:00,10.0,10.0600004196167,9.850000381469727,10.0,19200,0.0,0.0
2024-06-12 00:00:00-04:00,10.229999542236328,10.390999794006348,10.050000190734863,10.100000381469727,115200,0.0,0.0
2024-06-13 00:00:00-04:00,10.0600004196167,10.121000289916992,9.4399995803833,9.670000076293945,96200,0.0,0.0
2024-06-14 00:00:00-04:00,9.670000076293945,9.904999732971191,9.609000205993652,9.760000228881836,28900,0.0,0.0
2024-06-17 00:00:00-04:00,9.850000381469727,10.300000190734863,9.725000381469727,10.239999771118164,71400,0.0,0.0
2024-06-18 00:00:00-04:00,10.1899995803833,10.460000038146973,10.050000190734863,10.109999656677246,65700,0.0,0.0
2024-06-20 00:00:00-04:00,10.100000381469727,10.390000343322754,9.930000305175781,10.270000457763672,68700,0.0,0.0
2024-06-21 00:00:00-04:00,10.25,10.319999694824219,9.529999732971191,9.600000381469727,266300,0.0,0.0
2024-06-24 00:00:00-04:00,9.5600004196167,9.739999771118164,9.140000343322754,9.630000114440918,71400,0.0,0.0
2024-06-25 00:00:00-04:00,9.630000114440918,9.704999923706055,9.430000305175781,9.550000190734863,34100,0.0,0.0
2024-06-26 00:00:00-04:00,9.40999984741211,9.645000457763672,9.329999923706055,9.359999656677246,37500,0.0,0.0
2024-06-27 00:00:00-04:00,9.479999542236328,9.720000267028809,9.449999809265137,9.65999984741211,28900,0.0,0.0
2024-06-28 00:00:00-04:00,9.710000038146973,9.859999656677246,9.479999542236328,9.720000267028809,167300,0.0,0.0
2024-07-01 00:00:00-04:00,9.9399995803833,9.9399995803833,9.444999694824219,9.489999771118164,54500,0.0,0.0
2024-07-02 00:00:00-04:00,9.489999771118164,9.920000076293945,9.489999771118164,9.920000076293945,32500,0.0,0.0
2024-07-03 00:00:00-04:00,9.84000015258789,10.458999633789062,9.84000015258789,10.25,54400,0.0,0.0
2024-07-05 00:00:00-04:00,10.229999542236328,10.380000114440918,9.779999732971191,9.899999618530273,278300,0.0,0.0
2024-07-08 00:00:00-04:00,10.029999732971191,10.180000305175781,9.800000190734863,10.140000343322754,132900,0.0,0.0
2024-07-09 00:00:00-04:00,9.989999771118164,10.3100004196167,9.890000343322754,10.119999885559082,131100,0.0,0.0
2024-07-10 00:00:00-04:00,9.760000228881836,10.399999618530273,9.760000228881836,10.350000381469727,91400,0.0,0.0
2024-07-11 00:00:00-04:00,10.5,11.170000076293945,10.4399995803833,11.149999618530273,372200,0.0,0.0
2024-07-12 00:00:00-04:00,11.0,11.0,10.619999885559082,11.0,146200,0.0,0.0
2024-07-15 00:00:00-04:00,11.0,11.489999771118164,10.800000190734863,11.399999618530273,257500,0.0,0.0
2024-07-16 00:00:00-04:00,11.710000038146973,11.970000267028809,11.420000076293945,11.829999923706055,168400,0.0,0.0
2024-07-17 00:00:00-04:00,11.680000305175781,11.845000267028809,11.4399995803833,11.489999771118164,68500,0.0,0.0
2024-07-18 00:00:00-04:00,11.5,11.600000381469727,11.210000038146973,11.4399995803833,60700,0.0,0.0
2024-07-19 00:00:00-04:00,11.319999694824219,11.5,11.199999809265137,11.34000015258789,82300,0.0,0.0
2024-07-22 00:00:00-04:00,11.229999542236328,11.739999771118164,11.170000076293945,11.710000038146973,84600,0.0,0.0
2024-07-23 00:00:00-04:00,11.6899995803833,11.770000457763672,11.539999961853027,11.699999809265137,72700,0.0,0.0
2024-07-24 00:00:00-04:00,11.699999809265137,11.75,11.5,11.579999923706055,55500,0.0,0.0
2024-07-25 00:00:00-04:00,11.479999542236328,11.75,11.279999732971191,11.75,73200,0.0,0.0
2024-07-26 00:00:00-04:00,11.75,11.75,11.5,11.75,71100,0.0,0.0
2024-07-29 00:00:00-04:00,11.6899995803833,11.734999656677246,11.199999809265137,11.319999694824219,79200,0.0,0.0
2024-07-30 00:00:00-04:00,11.390000343322754,11.680000305175781,11.329999923706055,11.670000076293945,30400,0.0,0.0
2024-07-31 00:00:00-04:00,11.75,11.930000305175781,11.520000457763672,11.699999809265137,57300,0.0,0.0
2024-08-01 00:00:00-04:00,11.770000457763672,11.770000457763672,11.329999923706055,11.739999771118164,67600,0.0,0.0
2024-08-02 00:00:00-04:00,11.380000114440918,11.6899995803833,11.100000381469727,11.130000114440918,49400,0.0,0.0
