Date,Open,High,Low,Close,Volume,Dividends,Stock Splits
2021-03-26 00:00:00-04:00,9.899999618530273,9.899999618530273,9.899999618530273,9.899999618530273,100,0.0,0.0
2021-03-29 00:00:00-04:00,9.899999618530273,9.899999618530273,9.899999618530273,9.899999618530273,0,0.0,0.0
2021-03-30 00:00:00-04:00,9.862000465393066,9.862000465393066,9.862000465393066,9.862000465393066,200,0.0,0.0
2021-03-31 00:00:00-04:00,9.862000465393066,9.862000465393066,9.862000465393066,9.862000465393066,0,0.0,0.0
2021-04-01 00:00:00-04:00,9.862000465393066,9.862000465393066,9.862000465393066,9.862000465393066,100,0.0,0.0
2021-04-05 00:00:00-04:00,9.862000465393066,9.862000465393066,9.862000465393066,9.862000465393066,0,0.0,0.0
2021-04-06 00:00:00-04:00,9.899999618530273,9.949999809265137,9.899999618530273,9.949999809265137,10100,0.0,0.0
2021-04-07 00:00:00-04:00,9.687000274658203,9.687000274658203,9.687000274658203,9.687000274658203,100,0.0,0.0
2021-04-08 00:00:00-04:00,9.770999908447266,9.800000190734863,9.770999908447266,9.800000190734863,11100,0.0,0.0
2021-04-09 00:00:00-04:00,9.899999618530273,9.960000038146973,9.770000457763672,9.880000114440918,100900,0.0,0.0
2021-04-12 00:00:00-04:00,9.88700008392334,9.899999618530273,9.850000381469727,9.899999618530273,13500,0.0,0.0
2021-04-13 00:00:00-04:00,9.970000267028809,9.970000267028809,9.970000267028809,9.970000267028809,400,0.0,0.0
2021-04-14 00:00:00-04:00,9.989999771118164,10.0,9.869999885559082,9.869999885559082,25100,0.0,0.0
2021-04-15 00:00:00-04:00,9.869999885559082,9.869999885559082,9.869999885559082,9.869999885559082,400,0.0,0.0
2021-04-16 00:00:00-04:00,9.869999885559082,9.869999885559082,9.869999885559082,9.869999885559082,0,0.0,0.0
2021-04-19 00:00:00-04:00,9.869999885559082,9.869999885559082,9.869999885559082,9.869999885559082,0,0.0,0.0
2021-04-20 00:00:00-04:00,9.869999885559082,9.869999885559082,9.869999885559082,9.869999885559082,0,0.0,0.0
2021-04-21 00:00:00-04:00,9.869999885559082,9.869999885559082,9.869999885559082,9.869999885559082,0,0.0,0.0
2021-04-22 00:00:00-04:00,9.800000190734863,9.800000190734863,9.800000190734863,9.800000190734863,5600,0.0,0.0
2021-04-23 00:00:00-04:00,9.800000190734863,9.800000190734863,9.800000190734863,9.800000190734863,0,0.0,0.0
2021-04-26 00:00:00-04:00,9.800000190734863,9.800000190734863,9.800000190734863,9.800000190734863,0,0.0,0.0
2021-04-27 00:00:00-04:00,9.800000190734863,9.800000190734863,9.789999961853027,9.789999961853027,2400,0.0,0.0
2021-04-28 00:00:00-04:00,9.789999961853027,9.800000190734863,9.760000228881836,9.800000190734863,15900,0.0,0.0
2021-04-29 00:00:00-04:00,9.800000190734863,9.84000015258789,9.779999732971191,9.84000015258789,33700,0.0,0.0
2021-04-30 00:00:00-04:00,9.779999732971191,9.979999542236328,9.779999732971191,9.850000381469727,38600,0.0,0.0
2021-05-03 00:00:00-04:00,9.829999923706055,9.899999618530273,9.829999923706055,9.899999618530273,6000,0.0,0.0
2021-05-04 00:00:00-04:00,9.819999694824219,9.829999923706055,9.760000228881836,9.760000228881836,5600,0.0,0.0
2021-05-05 00:00:00-04:00,9.760000228881836,9.819999694824219,9.760000228881836,9.8100004196167,3900,0.0,0.0
2021-05-06 00:00:00-04:00,9.8100004196167,9.9399995803833,9.800000190734863,9.84000015258789,252100,0.0,0.0
2021-05-07 00:00:00-04:00,9.800000190734863,9.949999809265137,9.75,9.819999694824219,21200,0.0,0.0
2021-05-10 00:00:00-04:00,9.829999923706055,9.84000015258789,9.819999694824219,9.829999923706055,8000,0.0,0.0
2021-05-11 00:00:00-04:00,9.829999923706055,9.949999809265137,9.8100004196167,9.859999656677246,1200,0.0,0.0
2021-05-12 00:00:00-04:00,9.859999656677246,9.899999618530273,9.829999923706055,9.850000381469727,123200,0.0,0.0
2021-05-13 00:00:00-04:00,9.819999694824219,9.819999694824219,9.819999694824219,9.819999694824219,400,0.0,0.0
2021-05-14 00:00:00-04:00,9.789999961853027,9.800000190734863,9.789999961853027,9.800000190734863,2800,0.0,0.0
2021-05-17 00:00:00-04:00,9.744999885559082,9.800000190734863,9.744999885559082,9.800000190734863,5200,0.0,0.0
2021-05-18 00:00:00-04:00,9.75,9.75,9.75,9.75,9000,0.0,0.0
2021-05-19 00:00:00-04:00,9.670000076293945,9.670000076293945,9.670000076293945,9.670000076293945,88800,0.0,0.0
2021-05-20 00:00:00-04:00,9.760000228881836,9.760000228881836,9.760000228881836,9.760000228881836,600,0.0,0.0
2021-05-21 00:00:00-04:00,9.619999885559082,9.789999961853027,9.619999885559082,9.789999961853027,1700,0.0,0.0
2021-05-24 00:00:00-04:00,9.789999961853027,9.789999961853027,9.789999961853027,9.789999961853027,0,0.0,0.0
2021-05-25 00:00:00-04:00,9.789999961853027,9.789999961853027,9.789999961853027,9.789999961853027,0,0.0,0.0
2021-05-26 00:00:00-04:00,9.743000030517578,9.789999961853027,9.699999809265137,9.699999809265137,1000,0.0,0.0
2021-05-27 00:00:00-04:00,9.654999732971191,9.6899995803833,9.614999771118164,9.680000305175781,19400,0.0,0.0
2021-05-28 00:00:00-04:00,9.630000114440918,9.670000076293945,9.600000381469727,9.670000076293945,2600,0.0,0.0
2021-06-01 00:00:00-04:00,9.640000343322754,9.680000305175781,9.640000343322754,9.680000305175781,3100,0.0,0.0
2021-06-02 00:00:00-04:00,9.619999885559082,9.675000190734863,9.609999656677246,9.649999618530273,102300,0.0,0.0
2021-06-03 00:00:00-04:00,9.670000076293945,9.6899995803833,9.649999618530273,9.6899995803833,23100,0.0,0.0
2021-06-04 00:00:00-04:00,9.729999542236328,9.739999771118164,9.729999542236328,9.739999771118164,210800,0.0,0.0
2021-06-07 00:00:00-04:00,9.739999771118164,9.739999771118164,9.739999771118164,9.739999771118164,0,0.0,0.0
2021-06-08 00:00:00-04:00,9.729999542236328,9.729999542236328,9.6899995803833,9.720000267028809,4800,0.0,0.0
2021-06-09 00:00:00-04:00,9.71500015258789,9.739999771118164,9.6899995803833,9.739999771118164,2600,0.0,0.0
2021-06-10 00:00:00-04:00,9.739999771118164,9.739999771118164,9.739999771118164,9.739999771118164,0,0.0,0.0
2021-06-11 00:00:00-04:00,9.670000076293945,9.680000305175781,9.670000076293945,9.670000076293945,11700,0.0,0.0
2021-06-14 00:00:00-04:00,9.680000305175781,9.720000267028809,9.657999992370605,9.720000267028809,26700,0.0,0.0
2021-06-15 00:00:00-04:00,9.699999809265137,9.699999809265137,9.680000305175781,9.680000305175781,700,0.0,0.0
2021-06-16 00:00:00-04:00,9.680000305175781,9.699999809265137,9.680000305175781,9.699999809265137,9800,0.0,0.0
2021-06-17 00:00:00-04:00,9.699999809265137,9.720000267028809,9.6899995803833,9.720000267028809,3000,0.0,0.0
2021-06-18 00:00:00-04:00,9.710000038146973,9.720000267028809,9.710000038146973,9.720000267028809,2400,0.0,0.0
2021-06-21 00:00:00-04:00,9.699999809265137,9.699999809265137,9.699999809265137,9.699999809265137,200,0.0,0.0
2021-06-22 00:00:00-04:00,9.710000038146973,9.9399995803833,9.710000038146973,9.9399995803833,54000,0.0,0.0
2021-06-23 00:00:00-04:00,9.9399995803833,9.9399995803833,9.9399995803833,9.9399995803833,0,0.0,0.0
2021-06-24 00:00:00-04:00,9.9399995803833,9.9399995803833,9.9399995803833,9.9399995803833,0,0.0,0.0
2021-06-25 00:00:00-04:00,9.779999732971191,9.789999961853027,9.710000038146973,9.710000038146973,41400,0.0,0.0
2021-06-28 00:00:00-04:00,9.8149995803833,9.880000114440918,9.789999961853027,9.8100004196167,27900,0.0,0.0
2021-06-29 00:00:00-04:00,9.8100004196167,9.8100004196167,9.8100004196167,9.8100004196167,0,0.0,0.0
2021-06-30 00:00:00-04:00,9.871000289916992,9.871000289916992,9.871000289916992,9.871000289916992,100,0.0,0.0
2021-07-01 00:00:00-04:00,9.899999618530273,9.899999618530273,9.710000038146973,9.710000038146973,11000,0.0,0.0
2021-07-02 00:00:00-04:00,9.779999732971191,9.779999732971191,9.71500015258789,9.71500015258789,3300,0.0,0.0
2021-07-06 00:00:00-04:00,9.869999885559082,9.890000343322754,9.850000381469727,9.859999656677246,2927400,0.0,0.0
2021-07-07 00:00:00-04:00,9.890000343322754,9.890000343322754,9.850000381469727,9.859999656677246,364000,0.0,0.0
2021-07-08 00:00:00-04:00,9.869999885559082,9.880000114440918,9.850000381469727,9.850000381469727,188700,0.0,0.0
2021-07-09 00:00:00-04:00,9.880000114440918,9.880000114440918,9.84000015258789,9.859999656677246,130500,0.0,0.0
2021-07-12 00:00:00-04:00,9.859999656677246,9.869999885559082,9.850000381469727,9.869999885559082,75300,0.0,0.0
2021-07-13 00:00:00-04:00,9.869999885559082,9.869999885559082,9.84000015258789,9.84000015258789,142400,0.0,0.0
2021-07-14 00:00:00-04:00,9.829999923706055,9.859999656677246,9.829999923706055,9.850000381469727,86800,0.0,0.0
2021-07-15 00:00:00-04:00,9.859999656677246,9.859999656677246,9.850000381469727,9.854999542236328,15600,0.0,0.0
2021-07-16 00:00:00-04:00,9.850000381469727,9.869999885559082,9.850000381469727,9.859999656677246,24700,0.0,0.0
2021-07-19 00:00:00-04:00,9.829999923706055,9.850000381469727,9.770000457763672,9.800000190734863,305600,0.0,0.0
2021-07-20 00:00:00-04:00,9.819999694824219,9.880000114440918,9.800000190734863,9.859999656677246,396600,0.0,0.0
2021-07-21 00:00:00-04:00,9.880000114440918,9.899999618530273,9.8100004196167,9.829999923706055,27100,0.0,0.0
2021-07-22 00:00:00-04:00,9.850000381469727,9.880000114440918,9.829999923706055,9.859999656677246,613600,0.0,0.0
2021-07-23 00:00:00-04:00,9.859999656677246,9.859999656677246,9.850000381469727,9.850000381469727,9100,0.0,0.0
2021-07-26 00:00:00-04:00,9.869999885559082,9.869999885559082,9.84000015258789,9.859999656677246,913800,0.0,0.0
2021-07-27 00:00:00-04:00,9.84000015258789,9.84000015258789,9.829999923706055,9.829999923706055,2200,0.0,0.0
2021-07-28 00:00:00-04:00,9.850000381469727,9.850000381469727,9.829999923706055,9.829999923706055,2800,0.0,0.0
2021-07-29 00:00:00-04:00,9.850000381469727,9.850000381469727,9.829999923706055,9.84000015258789,6500,0.0,0.0
2021-07-30 00:00:00-04:00,9.84000015258789,9.84000015258789,9.829999923706055,9.84000015258789,34400,0.0,0.0
2021-08-02 00:00:00-04:00,9.84000015258789,9.84000015258789,9.829999923706055,9.84000015258789,11900,0.0,0.0
2021-08-03 00:00:00-04:00,9.829999923706055,9.84000015258789,9.8100004196167,9.819999694824219,46900,0.0,0.0
2021-08-04 00:00:00-04:00,9.819999694824219,9.84000015258789,9.8100004196167,9.84000015258789,12300,0.0,0.0
2021-08-05 00:00:00-04:00,9.819999694824219,9.869999885559082,9.819999694824219,9.84000015258789,224000,0.0,0.0
2021-08-06 00:00:00-04:00,9.819999694824219,9.850000381469727,9.819999694824219,9.833000183105469,20600,0.0,0.0
2021-08-09 00:00:00-04:00,9.850000381469727,9.850000381469727,9.829999923706055,9.845000267028809,13900,0.0,0.0
2021-08-10 00:00:00-04:00,9.829999923706055,9.850000381469727,9.8100004196167,9.8100004196167,261300,0.0,0.0
2021-08-11 00:00:00-04:00,9.8100004196167,9.850000381469727,9.8100004196167,9.829999923706055,117900,0.0,0.0
2021-08-12 00:00:00-04:00,9.829999923706055,9.850000381469727,9.824999809265137,9.829999923706055,458000,0.0,0.0
2021-08-13 00:00:00-04:00,9.84000015258789,9.84000015258789,9.8100004196167,9.84000015258789,130800,0.0,0.0
2021-08-16 00:00:00-04:00,9.8100004196167,9.819999694824219,9.800000190734863,9.800000190734863,29500,0.0,0.0
2021-08-17 00:00:00-04:00,9.949999809265137,9.949999809265137,9.800000190734863,9.84000015258789,125200,0.0,0.0
2021-08-18 00:00:00-04:00,9.859999656677246,9.859999656677246,9.800000190734863,9.8100004196167,78000,0.0,0.0
2021-08-19 00:00:00-04:00,9.800000190734863,9.829999923706055,9.800000190734863,9.829999923706055,78300,0.0,0.0
2021-08-20 00:00:00-04:00,9.800000190734863,9.8149995803833,9.800000190734863,9.800000190734863,1200,0.0,0.0
2021-08-23 00:00:00-04:00,9.824000358581543,9.850000381469727,9.789999961853027,9.824999809265137,30400,0.0,0.0
2021-08-24 00:00:00-04:00,9.86400032043457,9.869999885559082,9.789999961853027,9.800000190734863,55700,0.0,0.0
2021-08-25 00:00:00-04:00,9.800000190734863,9.869999885559082,9.800000190734863,9.869999885559082,14400,0.0,0.0
2021-08-26 00:00:00-04:00,9.899999618530273,9.899999618530273,9.850000381469727,9.890000343322754,2600,0.0,0.0
2021-08-27 00:00:00-04:00,9.850000381469727,9.880000114440918,9.8100004196167,9.829999923706055,8300,0.0,0.0
2021-08-30 00:00:00-04:00,9.819999694824219,9.859999656677246,9.789999961853027,9.789999961853027,162500,0.0,0.0
2021-08-31 00:00:00-04:00,9.829999923706055,9.829999923706055,9.789999961853027,9.800000190734863,19600,0.0,0.0
2021-09-01 00:00:00-04:00,9.84000015258789,9.84000015258789,9.800000190734863,9.800000190734863,3700,0.0,0.0
2021-09-02 00:00:00-04:00,9.84000015258789,9.84000015258789,9.800000190734863,9.829999923706055,6700,0.0,0.0
2021-09-03 00:00:00-04:00,9.800000190734863,9.859999656677246,9.800000190734863,9.850000381469727,19900,0.0,0.0
2021-09-07 00:00:00-04:00,9.850000381469727,9.859999656677246,9.829999923706055,9.829999923706055,168700,0.0,0.0
2021-09-08 00:00:00-04:00,9.829999923706055,9.859999656677246,9.819999694824219,9.84000015258789,9900,0.0,0.0
2021-09-09 00:00:00-04:00,9.850000381469727,9.890000343322754,9.850000381469727,9.850000381469727,11100,0.0,0.0
2021-09-10 00:00:00-04:00,9.899999618530273,9.899999618530273,9.84000015258789,9.890000343322754,1011600,0.0,0.0
2021-09-13 00:00:00-04:00,9.873000144958496,9.890000343322754,9.829999923706055,9.890000343322754,14500,0.0,0.0
2021-09-14 00:00:00-04:00,9.85200023651123,9.890000343322754,9.829999923706055,9.890000343322754,4000,0.0,0.0
2021-09-15 00:00:00-04:00,9.829999923706055,9.890000343322754,9.829999923706055,9.880000114440918,3700,0.0,0.0
2021-09-16 00:00:00-04:00,9.84000015258789,9.899999618530273,9.84000015258789,9.859999656677246,8000,0.0,0.0
2021-09-17 00:00:00-04:00,9.859999656677246,9.880000114440918,9.850000381469727,9.880000114440918,8900,0.0,0.0
2021-09-20 00:00:00-04:00,9.864999771118164,9.880000114440918,9.850000381469727,9.880000114440918,13600,0.0,0.0
2021-09-21 00:00:00-04:00,9.899999618530273,9.914999961853027,9.890000343322754,9.914999961853027,496400,0.0,0.0
2021-09-22 00:00:00-04:00,9.920000076293945,9.920000076293945,9.850000381469727,9.885000228881836,536600,0.0,0.0
2021-09-23 00:00:00-04:00,9.869999885559082,9.899999618530273,9.869999885559082,9.880000114440918,4400,0.0,0.0
2021-09-24 00:00:00-04:00,9.880000114440918,9.880000114440918,9.869999885559082,9.880000114440918,2600,0.0,0.0
2021-09-27 00:00:00-04:00,9.880000114440918,9.880000114440918,9.84000015258789,9.859999656677246,9600,0.0,0.0
2021-09-28 00:00:00-04:00,9.883999824523926,9.899999618530273,9.859999656677246,9.880000114440918,17100,0.0,0.0
2021-09-29 00:00:00-04:00,9.880000114440918,9.899999618530273,9.880000114440918,9.890000343322754,3500,0.0,0.0
2021-09-30 00:00:00-04:00,9.869999885559082,9.899999618530273,9.869999885559082,9.899999618530273,40000,0.0,0.0
2021-10-01 00:00:00-04:00,9.920000076293945,9.930000305175781,9.885000228881836,9.899999618530273,33600,0.0,0.0
2021-10-04 00:00:00-04:00,9.904999732971191,9.930000305175781,9.880000114440918,9.890000343322754,8500,0.0,0.0
2021-10-05 00:00:00-04:00,9.904999732971191,9.920000076293945,9.895000457763672,9.914999961853027,11800,0.0,0.0
2021-10-06 00:00:00-04:00,9.90999984741211,9.90999984741211,9.901000022888184,9.90999984741211,15800,0.0,0.0
2021-10-07 00:00:00-04:00,9.899999618530273,9.914999961853027,9.880000114440918,9.904999732971191,7900,0.0,0.0
2021-10-08 00:00:00-04:00,9.869999885559082,9.930000305175781,9.869999885559082,9.904999732971191,22800,0.0,0.0
2021-10-11 00:00:00-04:00,9.90999984741211,9.90999984741211,9.899999618530273,9.90999984741211,2500,0.0,0.0
2021-10-12 00:00:00-04:00,9.899999618530273,9.930000305175781,9.899999618530273,9.899999618530273,50700,0.0,0.0
2021-10-13 00:00:00-04:00,9.9399995803833,9.9399995803833,9.930000305175781,9.930000305175781,800,0.0,0.0
2021-10-14 00:00:00-04:00,9.90999984741211,9.930000305175781,9.90999984741211,9.90999984741211,47400,0.0,0.0
2021-10-15 00:00:00-04:00,9.930000305175781,9.930000305175781,9.90999984741211,9.90999984741211,12700,0.0,0.0
2021-10-18 00:00:00-04:00,9.925999641418457,9.925999641418457,9.925999641418457,9.925999641418457,200,0.0,0.0
2021-10-19 00:00:00-04:00,9.920000076293945,9.930000305175781,9.890000343322754,9.899999618530273,144800,0.0,0.0
2021-10-20 00:00:00-04:00,9.899999618530273,9.930000305175781,9.899999618530273,9.90999984741211,67900,0.0,0.0
2021-10-21 00:00:00-04:00,9.899999618530273,9.920000076293945,9.899999618530273,9.920000076293945,51000,0.0,0.0
2021-10-22 00:00:00-04:00,9.916999816894531,9.920000076293945,9.90999984741211,9.90999984741211,24200,0.0,0.0
2021-10-25 00:00:00-04:00,9.90999984741211,9.930999755859375,9.90999984741211,9.930000305175781,7300,0.0,0.0
2021-10-26 00:00:00-04:00,9.930000305175781,10.039999961853027,9.90999984741211,9.930000305175781,292300,0.0,0.0
2021-10-27 00:00:00-04:00,9.9399995803833,9.9399995803833,9.9350004196167,9.9399995803833,19000,0.0,0.0
2021-10-28 00:00:00-04:00,9.9399995803833,9.949999809265137,9.930000305175781,9.9399995803833,36100,0.0,0.0
2021-10-29 00:00:00-04:00,9.949999809265137,9.949999809265137,9.9399995803833,9.949999809265137,22200,0.0,0.0
2021-11-01 00:00:00-04:00,9.940999984741211,9.949999809265137,9.9399995803833,9.949999809265137,13100,0.0,0.0
2021-11-02 00:00:00-04:00,9.9399995803833,9.949000358581543,9.9399995803833,9.9399995803833,109800,0.0,0.0
2021-11-03 00:00:00-04:00,9.9399995803833,9.949999809265137,9.930000305175781,9.944999694824219,86500,0.0,0.0
2021-11-04 00:00:00-04:00,9.920000076293945,9.9399995803833,9.920000076293945,9.920999526977539,170800,0.0,0.0
2021-11-05 00:00:00-04:00,9.9399995803833,9.949999809265137,9.930000305175781,9.9399995803833,17900,0.0,0.0
2021-11-08 00:00:00-05:00,9.920000076293945,9.949999809265137,9.920000076293945,9.920000076293945,77800,0.0,0.0
2021-11-09 00:00:00-05:00,9.940999984741211,9.949999809265137,9.9399995803833,9.9399995803833,11100,0.0,0.0
2021-11-10 00:00:00-05:00,9.9399995803833,9.949999809265137,9.9399995803833,9.944999694824219,25900,0.0,0.0
2021-11-11 00:00:00-05:00,9.949999809265137,9.949999809265137,9.930000305175781,9.930000305175781,109000,0.0,0.0
2021-11-12 00:00:00-05:00,9.9399995803833,9.960000038146973,9.9399995803833,9.9399995803833,7900,0.0,0.0
2021-11-15 00:00:00-05:00,9.970000267028809,9.979999542236328,9.970000267028809,9.979999542236328,58700,0.0,0.0
2021-11-16 00:00:00-05:00,9.970000267028809,9.979999542236328,9.968000411987305,9.979999542236328,45200,0.0,0.0
2021-11-17 00:00:00-05:00,9.949999809265137,9.979999542236328,9.949999809265137,9.960000038146973,127200,0.0,0.0
2021-11-18 00:00:00-05:00,9.970000267028809,9.979999542236328,9.960000038146973,9.979999542236328,27000,0.0,0.0
2021-11-19 00:00:00-05:00,9.979999542236328,9.979999542236328,9.970000267028809,9.970000267028809,38500,0.0,0.0
2021-11-22 00:00:00-05:00,9.970000267028809,9.979999542236328,9.960000038146973,9.970000267028809,168800,0.0,0.0
2021-11-23 00:00:00-05:00,9.979999542236328,9.979999542236328,9.970000267028809,9.979999542236328,14400,0.0,0.0
2021-11-24 00:00:00-05:00,9.979999542236328,9.979999542236328,9.960000038146973,9.979999542236328,122300,0.0,0.0
2021-11-26 00:00:00-05:00,10.0,10.0,9.960000038146973,9.960000038146973,18600,0.0,0.0
2021-11-29 00:00:00-05:00,9.979999542236328,9.989999771118164,9.960000038146973,9.979999542236328,615900,0.0,0.0
2021-11-30 00:00:00-05:00,9.970000267028809,9.979999542236328,9.960000038146973,9.960000038146973,131900,0.0,0.0
2021-12-01 00:00:00-05:00,9.979999542236328,9.979999542236328,9.949999809265137,9.970000267028809,225400,0.0,0.0
2021-12-02 00:00:00-05:00,9.960000038146973,9.979999542236328,9.949999809265137,9.970000267028809,740000,0.0,0.0
2021-12-03 00:00:00-05:00,9.960000038146973,9.960000038146973,9.789999961853027,9.899999618530273,42100,0.0,0.0
2021-12-06 00:00:00-05:00,9.850000381469727,9.880000114440918,9.40999984741211,9.529999732971191,52200,0.0,0.0
2021-12-07 00:00:00-05:00,9.5,9.73900032043457,9.454999923706055,9.5,18700,0.0,0.0
2021-12-08 00:00:00-05:00,9.800000190734863,10.59000015258789,9.57699966430664,10.039999961853027,184600,0.0,0.0
2021-12-09 00:00:00-05:00,10.210000038146973,10.210000038146973,9.84000015258789,9.9399995803833,34800,0.0,0.0
2021-12-10 00:00:00-05:00,9.819999694824219,9.979999542236328,9.819999694824219,9.880000114440918,13600,0.0,0.0
2021-12-13 00:00:00-05:00,9.949999809265137,10.039999961853027,9.9399995803833,9.9399995803833,17600,0.0,0.0
2021-12-14 00:00:00-05:00,9.890000343322754,10.039999961853027,9.859999656677246,9.890000343322754,19600,0.0,0.0
2021-12-15 00:00:00-05:00,9.850000381469727,9.850000381469727,9.289999961853027,9.635000228881836,24400,0.0,0.0
2021-12-16 00:00:00-05:00,9.59000015258789,9.59000015258789,9.270000457763672,9.289999961853027,27000,0.0,0.0
2021-12-17 00:00:00-05:00,9.515000343322754,9.515000343322754,9.055999755859375,9.270000457763672,21800,0.0,0.0
2021-12-20 00:00:00-05:00,9.300000190734863,10.005999565124512,9.149999618530273,9.984999656677246,60200,0.0,0.0
2021-12-21 00:00:00-05:00,9.979999542236328,9.989999771118164,9.656000137329102,9.960000038146973,11100,0.0,0.0
2021-12-22 00:00:00-05:00,9.994999885559082,10.0,9.890000343322754,9.899999618530273,22100,0.0,0.0
2021-12-23 00:00:00-05:00,10.0,10.0,9.899999618530273,9.949999809265137,12300,0.0,0.0
2021-12-27 00:00:00-05:00,9.75,9.75,9.75,9.75,500,0.0,0.0
2021-12-28 00:00:00-05:00,9.625,9.699999809265137,9.625,9.699999809265137,1800,0.0,0.0
2021-12-29 00:00:00-05:00,9.6899995803833,9.6899995803833,9.670000076293945,9.6899995803833,9000,0.0,0.0
2021-12-30 00:00:00-05:00,9.633999824523926,9.850000381469727,9.619999885559082,9.850000381469727,5000,0.0,0.0
2021-12-31 00:00:00-05:00,9.720000267028809,9.755000114440918,9.699999809265137,9.699999809265137,51300,0.0,0.0
2022-01-03 00:00:00-05:00,9.8100004196167,9.9399995803833,9.779999732971191,9.9399995803833,45900,0.0,0.0
2022-01-04 00:00:00-05:00,9.949999809265137,9.949999809265137,9.920000076293945,9.920000076293945,19700,0.0,0.0
2022-01-05 00:00:00-05:00,9.920000076293945,10.579999923706055,9.920000076293945,9.930000305175781,9500,0.0,0.0
2022-01-06 00:00:00-05:00,10.1899995803833,10.199999809265137,9.720000267028809,9.824999809265137,14800,0.0,0.0
2022-01-07 00:00:00-05:00,9.960000038146973,10.199999809265137,9.835000038146973,9.835000038146973,1700,0.0,0.0
2022-01-10 00:00:00-05:00,9.960000038146973,10.149999618530273,9.829999923706055,10.0,8200,0.0,0.0
2022-01-11 00:00:00-05:00,10.0,10.0,9.729999542236328,9.774999618530273,44100,0.0,0.0
2022-01-12 00:00:00-05:00,9.84000015258789,9.850000381469727,9.699999809265137,9.729999542236328,81900,0.0,0.0
2022-01-13 00:00:00-05:00,9.699999809265137,9.75,9.699999809265137,9.708999633789062,26900,0.0,0.0
2022-01-14 00:00:00-05:00,9.708999633789062,9.779999732971191,9.699999809265137,9.739999771118164,1500,0.0,0.0
2022-01-18 00:00:00-05:00,9.739999771118164,9.770000457763672,8.699999809265137,9.6899995803833,119500,0.0,0.0
2022-01-19 00:00:00-05:00,9.649999618530273,9.649999618530273,9.100000381469727,9.119999885559082,28200,0.0,0.0
2022-01-20 00:00:00-05:00,9.289999961853027,9.520000457763672,9.140000343322754,9.390000343322754,26700,0.0,0.0
2022-01-21 00:00:00-05:00,9.979999542236328,12.329999923706055,9.140999794006348,12.329999923706055,321800,0.0,0.0
2022-01-24 00:00:00-05:00,9.390000343322754,10.029999732971191,8.510000228881836,8.729999542236328,297300,0.0,0.0
2022-01-25 00:00:00-05:00,8.569999694824219,9.104000091552734,8.520000457763672,8.649999618530273,54200,0.0,0.0
2022-01-26 00:00:00-05:00,9.1899995803833,9.25,8.09000015258789,8.100000381469727,206100,0.0,0.0
2022-01-27 00:00:00-05:00,9.149999618530273,9.149999618530273,5.650000095367432,5.929999828338623,509200,0.0,0.0
2022-01-28 00:00:00-05:00,6.1529998779296875,6.271999835968018,5.429999828338623,5.639999866485596,215200,0.0,0.0
2022-01-31 00:00:00-05:00,5.679999828338623,6.670000076293945,5.639999866485596,6.510000228881836,165500,0.0,0.0
2022-02-01 00:00:00-05:00,7.059999942779541,7.199999809265137,5.670000076293945,5.71999979019165,346000,0.0,0.0
2022-02-02 00:00:00-05:00,6.0,6.050000190734863,5.650000095367432,5.710000038146973,257500,0.0,0.0
2022-02-03 00:00:00-05:00,5.619999885559082,5.829999923706055,5.559999942779541,5.710000038146973,193500,0.0,0.0
2022-02-04 00:00:00-05:00,5.630000114440918,5.920000076293945,5.619999885559082,5.880000114440918,82300,0.0,0.0
2022-02-07 00:00:00-05:00,6.070000171661377,6.079999923706055,5.739999771118164,5.769999980926514,78100,0.0,0.0
2022-02-08 00:00:00-05:00,5.909999847412109,5.989999771118164,5.599999904632568,5.75,65200,0.0,0.0
2022-02-09 00:00:00-05:00,5.699999809265137,5.860000133514404,5.650000095367432,5.710000038146973,73700,0.0,0.0
2022-02-10 00:00:00-05:00,5.730000019073486,5.730000019073486,5.429999828338623,5.570000171661377,92500,0.0,0.0
2022-02-11 00:00:00-05:00,5.449999809265137,5.980000019073486,5.0,5.039999961853027,77800,0.0,0.0
2022-02-14 00:00:00-05:00,5.119999885559082,5.510000228881836,5.0,5.019999980926514,87700,0.0,0.0
2022-02-15 00:00:00-05:00,5.230000019073486,5.75,5.119999885559082,5.670000076293945,150800,0.0,0.0
2022-02-16 00:00:00-05:00,5.71999979019165,7.309999942779541,5.605000019073486,7.230000019073486,439500,0.0,0.0
2022-02-17 00:00:00-05:00,7.21999979019165,7.21999979019165,6.179999828338623,6.690000057220459,262600,0.0,0.0
2022-02-18 00:00:00-05:00,6.46999979019165,6.559999942779541,6.0,6.400000095367432,165600,0.0,0.0
2022-02-22 00:00:00-05:00,6.449999809265137,6.449999809265137,5.574999809265137,5.650000095367432,315600,0.0,0.0
2022-02-23 00:00:00-05:00,5.599999904632568,5.84499979019165,5.210999965667725,5.349999904632568,145700,0.0,0.0
2022-02-24 00:00:00-05:00,5.099999904632568,5.75,5.099999904632568,5.690000057220459,88500,0.0,0.0
2022-02-25 00:00:00-05:00,5.800000190734863,6.21999979019165,5.800000190734863,6.21999979019165,74100,0.0,0.0
2022-02-28 00:00:00-05:00,6.070000171661377,6.079999923706055,5.760000228881836,6.059999942779541,70900,0.0,0.0
2022-03-01 00:00:00-05:00,6.059999942779541,6.369999885559082,5.909999847412109,6.239999771118164,67600,0.0,0.0
2022-03-02 00:00:00-05:00,6.309999942779541,6.360000133514404,6.070000171661377,6.150000095367432,37300,0.0,0.0
2022-03-03 00:00:00-05:00,6.170000076293945,6.170000076293945,5.909999847412109,6.119999885559082,63300,0.0,0.0
2022-03-04 00:00:00-05:00,6.570000171661377,6.570000171661377,6.010000228881836,6.409999847412109,57500,0.0,0.0
2022-03-07 00:00:00-05:00,6.599999904632568,7.0,6.199999809265137,6.690000057220459,81500,0.0,0.0
2022-03-08 00:00:00-05:00,6.619999885559082,7.159999847412109,6.324999809265137,7.0,64700,0.0,0.0
2022-03-09 00:00:00-05:00,7.440000057220459,7.710000038146973,6.889999866485596,7.670000076293945,89200,0.0,0.0
2022-03-10 00:00:00-05:00,7.940000057220459,8.109999656677246,7.349999904632568,8.100000381469727,54500,0.0,0.0
2022-03-11 00:00:00-05:00,8.199999809265137,8.682000160217285,7.769999980926514,8.260000228881836,107000,0.0,0.0
2022-03-14 00:00:00-04:00,8.5,8.800000190734863,8.1899995803833,8.539999961853027,69500,0.0,0.0
2022-03-15 00:00:00-04:00,9.0,9.779999732971191,8.635000228881836,9.390000343322754,108300,0.0,0.0
2022-03-16 00:00:00-04:00,9.550000190734863,9.640000343322754,8.534000396728516,8.850000381469727,169200,0.0,0.0
2022-03-17 00:00:00-04:00,8.75,8.75,8.25,8.369999885559082,64500,0.0,0.0
2022-03-18 00:00:00-04:00,8.289999961853027,8.675000190734863,7.630000114440918,7.840000152587891,112000,0.0,0.0
2022-03-21 00:00:00-04:00,7.929999828338623,8.0,7.6519999504089355,8.0,31100,0.0,0.0
2022-03-22 00:00:00-04:00,8.100000381469727,8.100000381469727,7.840000152587891,8.0,33400,0.0,0.0
2022-03-23 00:00:00-04:00,7.849999904632568,7.940000057220459,7.679999828338623,7.940000057220459,41300,0.0,0.0
2022-03-24 00:00:00-04:00,8.039999961853027,8.039999961853027,7.840000152587891,7.980000019073486,39700,0.0,0.0
2022-03-25 00:00:00-04:00,8.0,8.039999961853027,7.590000152587891,8.039999961853027,74800,0.0,0.0
2022-03-28 00:00:00-04:00,8.100000381469727,8.5600004196167,7.920000076293945,8.0,51600,0.0,0.0
2022-03-29 00:00:00-04:00,7.840000152587891,8.739999771118164,7.840000152587891,8.739999771118164,67900,0.0,0.0
2022-03-30 00:00:00-04:00,8.880000114440918,8.880000114440918,8.020000457763672,8.430000305175781,111100,0.0,0.0
2022-03-31 00:00:00-04:00,8.380000114440918,8.4399995803833,8.199999809265137,8.260000228881836,52800,0.0,0.0
2022-04-01 00:00:00-04:00,8.6899995803833,8.850000381469727,8.333999633789062,8.8100004196167,50600,0.0,0.0
2022-04-04 00:00:00-04:00,8.800000190734863,9.25,8.62600040435791,9.25,16100,0.0,0.0
2022-04-05 00:00:00-04:00,10.0,10.0,9.369999885559082,9.479999542236328,68800,0.0,0.0
2022-04-06 00:00:00-04:00,9.75,9.979999542236328,9.100000381469727,9.880000114440918,130500,0.0,0.0
2022-04-07 00:00:00-04:00,9.520000457763672,9.829000473022461,8.6899995803833,9.15999984741211,135900,0.0,0.0
2022-04-08 00:00:00-04:00,9.170000076293945,9.309000015258789,8.649999618530273,8.720000267028809,71500,0.0,0.0
2022-04-11 00:00:00-04:00,8.539999961853027,9.600000381469727,8.390000343322754,8.59000015258789,113800,0.0,0.0
2022-04-12 00:00:00-04:00,8.399999618530273,9.239999771118164,8.399999618530273,8.489999771118164,61400,0.0,0.0
2022-04-13 00:00:00-04:00,8.520000457763672,8.850000381469727,8.109999656677246,8.260000228881836,41500,0.0,0.0
2022-04-14 00:00:00-04:00,8.1899995803833,8.5,8.1899995803833,8.5,25200,0.0,0.0
2022-04-18 00:00:00-04:00,8.5,9.133999824523926,8.289999961853027,8.59000015258789,28500,0.0,0.0
2022-04-19 00:00:00-04:00,8.59000015258789,8.800000190734863,8.380000114440918,8.770000457763672,25800,0.0,0.0
2022-04-20 00:00:00-04:00,9.170000076293945,9.180000305175781,8.579999923706055,9.130000114440918,21100,0.0,0.0
2022-04-21 00:00:00-04:00,9.399999618530273,9.399999618530273,8.800000190734863,9.1899995803833,33000,0.0,0.0
2022-04-22 00:00:00-04:00,9.180000305175781,9.180000305175781,8.82699966430664,9.09000015258789,20700,0.0,0.0
2022-04-25 00:00:00-04:00,8.789999961853027,9.067000389099121,8.770000457763672,8.899999618530273,16600,0.0,0.0
2022-04-26 00:00:00-04:00,8.84000015258789,8.979999542236328,8.670000076293945,8.899999618530273,27500,0.0,0.0
2022-04-27 00:00:00-04:00,9.399999618530273,9.399999618530273,8.380000114440918,8.899999618530273,27700,0.0,0.0
2022-04-28 00:00:00-04:00,9.1899995803833,9.199999809265137,8.444000244140625,9.199999809265137,61200,0.0,0.0
2022-04-29 00:00:00-04:00,9.199999809265137,9.399999618530273,9.079999923706055,9.239999771118164,31400,0.0,0.0
2022-05-02 00:00:00-04:00,8.989999771118164,9.399999618530273,8.819999694824219,9.0,34800,0.0,0.0
2022-05-03 00:00:00-04:00,9.3100004196167,9.3100004196167,8.77400016784668,9.0,67800,0.0,0.0
2022-05-04 00:00:00-04:00,10.489999771118164,10.920000076293945,8.5600004196167,8.640000343322754,6970200,0.0,0.0
2022-05-05 00:00:00-04:00,7.659999847412109,8.199999809265137,6.5,7.119999885559082,641100,0.0,0.0
2022-05-06 00:00:00-04:00,7.0,8.300000190734863,6.920000076293945,7.179999828338623,377500,0.0,0.0
2022-05-09 00:00:00-04:00,6.5,6.645999908447266,6.059999942779541,6.400000095367432,279500,0.0,0.0
2022-05-10 00:00:00-04:00,6.099999904632568,6.275000095367432,5.5,5.889999866485596,453900,0.0,0.0
2022-05-11 00:00:00-04:00,5.679999828338623,6.004000186920166,5.489999771118164,5.579999923706055,179800,0.0,0.0
2022-05-12 00:00:00-04:00,5.420000076293945,6.0,5.179999828338623,5.690000057220459,214400,0.0,0.0
2022-05-13 00:00:00-04:00,5.880000114440918,5.940000057220459,5.409999847412109,5.5,130700,0.0,0.0
2022-05-16 00:00:00-04:00,5.5,5.699999809265137,5.210000038146973,5.46999979019165,146800,0.0,0.0
2022-05-17 00:00:00-04:00,5.519999980926514,5.635000228881836,5.3520002365112305,5.539999961853027,187400,0.0,0.0
2022-05-18 00:00:00-04:00,5.449999809265137,5.840000152587891,5.360000133514404,5.460000038146973,216500,0.0,0.0
2022-05-19 00:00:00-04:00,5.619999885559082,5.619999885559082,5.199999809265137,5.420000076293945,208600,0.0,0.0
2022-05-20 00:00:00-04:00,5.449999809265137,5.505000114440918,5.210000038146973,5.340000152587891,188300,0.0,0.0
2022-05-23 00:00:00-04:00,5.329999923706055,5.349999904632568,5.119999885559082,5.139999866485596,99400,0.0,0.0
2022-05-24 00:00:00-04:00,5.170000076293945,5.184999942779541,4.949999809265137,5.03000020980835,178600,0.0,0.0
2022-05-25 00:00:00-04:00,4.989999771118164,5.130000114440918,4.849999904632568,4.960000038146973,135400,0.0,0.0
2022-05-26 00:00:00-04:00,4.949999809265137,5.0,4.710000038146973,4.78000020980835,198300,0.0,0.0
2022-05-27 00:00:00-04:00,4.820000171661377,5.1020002365112305,4.760000228881836,4.769999980926514,106100,0.0,0.0
2022-05-31 00:00:00-04:00,4.75,4.889999866485596,4.639999866485596,4.730000019073486,110200,0.0,0.0
2022-06-01 00:00:00-04:00,4.78000020980835,4.872000217437744,4.710000038146973,4.78000020980835,48600,0.0,0.0
2022-06-02 00:00:00-04:00,4.699999809265137,4.929999828338623,4.699999809265137,4.730000019073486,89500,0.0,0.0
2022-06-03 00:00:00-04:00,4.71999979019165,4.894999980926514,4.690000057220459,4.71999979019165,50900,0.0,0.0
2022-06-06 00:00:00-04:00,5.010000228881836,5.150000095367432,4.75,4.940000057220459,353600,0.0,0.0
2022-06-07 00:00:00-04:00,4.840000152587891,5.690000057220459,4.800000190734863,5.639999866485596,186700,0.0,0.0
2022-06-08 00:00:00-04:00,5.599999904632568,7.179999828338623,5.599999904632568,6.610000133514404,274700,0.0,0.0
2022-06-09 00:00:00-04:00,6.159999847412109,6.199999809265137,4.980000019073486,5.010000228881836,358800,0.0,0.0
2022-06-10 00:00:00-04:00,4.869999885559082,5.099999904632568,4.800000190734863,4.840000152587891,117400,0.0,0.0
2022-06-13 00:00:00-04:00,4.650000095367432,4.650000095367432,4.079999923706055,4.179999828338623,176700,0.0,0.0
2022-06-14 00:00:00-04:00,4.349999904632568,4.546000003814697,3.25,3.3499999046325684,256400,0.0,0.0
2022-06-15 00:00:00-04:00,3.359999895095825,4.210000038146973,3.359999895095825,3.690000057220459,386300,0.0,0.0
2022-06-16 00:00:00-04:00,3.5,3.950000047683716,3.5,3.890000104904175,81900,0.0,0.0
2022-06-17 00:00:00-04:00,3.890000104904175,5.039999961853027,3.890000104904175,5.039999961853027,360200,0.0,0.0
2022-06-21 00:00:00-04:00,4.739999771118164,5.0,4.199999809265137,4.25,143900,0.0,0.0
2022-06-22 00:00:00-04:00,4.349999904632568,4.360000133514404,3.890000104904175,3.9700000286102295,126500,0.0,0.0
2022-06-23 00:00:00-04:00,3.9100000858306885,4.059999942779541,3.75,3.859999895095825,70700,0.0,0.0
2022-06-24 00:00:00-04:00,4.090000152587891,4.090000152587891,3.5899999141693115,3.5899999141693115,141400,0.0,0.0
2022-06-27 00:00:00-04:00,3.5999999046325684,3.8410000801086426,3.4100000858306885,3.609999895095825,70100,0.0,0.0
2022-06-28 00:00:00-04:00,3.5799999237060547,3.86899995803833,3.5799999237060547,3.819999933242798,60500,0.0,0.0
2022-06-29 00:00:00-04:00,3.7699999809265137,3.950000047683716,3.509999990463257,3.940000057220459,46100,0.0,0.0
2022-06-30 00:00:00-04:00,3.9100000858306885,4.289999961853027,3.700000047683716,4.090000152587891,58300,0.0,0.0
2022-07-01 00:00:00-04:00,4.21999979019165,4.269999980926514,3.8299999237060547,3.990000009536743,66300,0.0,0.0
2022-07-05 00:00:00-04:00,4.039999961853027,4.110000133514404,3.759999990463257,4.019999980926514,25900,0.0,0.0
2022-07-06 00:00:00-04:00,4.059999942779541,4.21999979019165,3.9000000953674316,3.9000000953674316,17500,0.0,0.0
2022-07-07 00:00:00-04:00,3.9200000762939453,4.300000190734863,3.9200000762939453,4.059999942779541,14100,0.0,0.0
2022-07-08 00:00:00-04:00,3.990000009536743,4.070000171661377,3.9200000762939453,4.039999961853027,16800,0.0,0.0
2022-07-11 00:00:00-04:00,3.990000009536743,4.065000057220459,3.890000104904175,3.9200000762939453,35500,0.0,0.0
2022-07-12 00:00:00-04:00,3.9800000190734863,3.990000009536743,3.809000015258789,3.819999933242798,24400,0.0,0.0
2022-07-13 00:00:00-04:00,3.819999933242798,3.890000104904175,3.819999933242798,3.890000104904175,10200,0.0,0.0
2022-07-14 00:00:00-04:00,3.8399999141693115,3.869999885559082,3.700000047683716,3.7899999618530273,16100,0.0,0.0
2022-07-15 00:00:00-04:00,3.7799999713897705,3.950000047683716,3.7300000190734863,3.890000104904175,19500,0.0,0.0
2022-07-18 00:00:00-04:00,3.999000072479248,4.0,3.880000114440918,3.9000000953674316,12300,0.0,0.0
2022-07-19 00:00:00-04:00,3.890000104904175,4.050000190734863,3.890000104904175,4.010000228881836,16400,0.0,0.0
2022-07-20 00:00:00-04:00,3.9539999961853027,4.099999904632568,3.9539999961853027,4.010000228881836,13500,0.0,0.0
2022-07-21 00:00:00-04:00,4.019999980926514,4.019999980926514,3.9100000858306885,4.010000228881836,17800,0.0,0.0
2022-07-22 00:00:00-04:00,4.019999980926514,4.03000020980835,3.700000047683716,3.7899999618530273,15700,0.0,0.0
2022-07-25 00:00:00-04:00,3.7300000190734863,4.210000038146973,3.7079999446868896,4.099999904632568,53900,0.0,0.0
2022-07-26 00:00:00-04:00,4.28000020980835,4.300000190734863,3.809999942779541,4.289999961853027,41600,0.0,0.0
2022-07-27 00:00:00-04:00,4.289999961853027,4.400000095367432,4.210000038146973,4.400000095367432,20400,0.0,0.0
2022-07-28 00:00:00-04:00,4.448999881744385,4.5,4.369999885559082,4.380000114440918,9100,0.0,0.0
2022-07-29 00:00:00-04:00,4.309999942779541,4.420000076293945,4.119999885559082,4.190000057220459,23900,0.0,0.0
2022-08-01 00:00:00-04:00,4.130000114440918,4.380000114440918,4.099999904632568,4.130000114440918,18000,0.0,0.0
2022-08-02 00:00:00-04:00,4.159999847412109,4.440000057220459,3.9700000286102295,4.329999923706055,23300,0.0,0.0
2022-08-03 00:00:00-04:00,4.400000095367432,4.876999855041504,4.400000095367432,4.739999771118164,62600,0.0,0.0
2022-08-04 00:00:00-04:00,4.5,4.699999809265137,4.25,4.545000076293945,68700,0.0,0.0
2022-08-05 00:00:00-04:00,4.290999889373779,5.0,4.2230000495910645,4.829999923706055,44300,0.0,0.0
2022-08-08 00:00:00-04:00,5.0,5.190000057220459,4.9029998779296875,4.980000019073486,39300,0.0,0.0
2022-08-09 00:00:00-04:00,4.960000038146973,5.090000152587891,4.539999961853027,4.760000228881836,35900,0.0,0.0
2022-08-10 00:00:00-04:00,4.940000057220459,4.980000019073486,4.650000095367432,4.860000133514404,12900,0.0,0.0
2022-08-11 00:00:00-04:00,4.690000057220459,5.0,4.690000057220459,4.960000038146973,28500,0.0,0.0
2022-08-12 00:00:00-04:00,4.880000114440918,5.03000020980835,4.75,4.889999866485596,17500,0.0,0.0
2022-08-15 00:00:00-04:00,5.380000114440918,5.380000114440918,4.769999980926514,4.920000076293945,28300,0.0,0.0
2022-08-16 00:00:00-04:00,5.03000020980835,5.170000076293945,4.880000114440918,5.079999923706055,33600,0.0,0.0
2022-08-17 00:00:00-04:00,5.079999923706055,5.079999923706055,4.739999771118164,4.829999923706055,22200,0.0,0.0
2022-08-18 00:00:00-04:00,5.210000038146973,5.210000038146973,4.78000020980835,4.789999961853027,39800,0.0,0.0
2022-08-19 00:00:00-04:00,4.869999885559082,4.869999885559082,4.300000190734863,4.360000133514404,65100,0.0,0.0
2022-08-22 00:00:00-04:00,4.400000095367432,4.400000095367432,4.230000019073486,4.389999866485596,46200,0.0,0.0
2022-08-23 00:00:00-04:00,4.289999961853027,4.989999771118164,4.289999961853027,4.610000133514404,46000,0.0,0.0
2022-08-24 00:00:00-04:00,4.559999942779541,5.050000190734863,4.5,4.699999809265137,85300,0.0,0.0
2022-08-25 00:00:00-04:00,4.650000095367432,4.704999923706055,4.5,4.5,73500,0.0,0.0
2022-08-26 00:00:00-04:00,4.53000020980835,4.710000038146973,4.5,4.599999904632568,28300,0.0,0.0
2022-08-29 00:00:00-04:00,4.610000133514404,4.695000171661377,4.610000133514404,4.684999942779541,5500,0.0,0.0
2022-08-30 00:00:00-04:00,4.78000020980835,4.78000020980835,4.369999885559082,4.539999961853027,15300,0.0,0.0
2022-08-31 00:00:00-04:00,4.639999866485596,4.730000019073486,4.183000087738037,4.309999942779541,35100,0.0,0.0
2022-09-01 00:00:00-04:00,4.230000019073486,4.440000057220459,4.03000020980835,4.269999980926514,32700,0.0,0.0
2022-09-02 00:00:00-04:00,4.289999961853027,4.630000114440918,4.21999979019165,4.46999979019165,8500,0.0,0.0
2022-09-06 00:00:00-04:00,4.369999885559082,4.519000053405762,4.289999961853027,4.320000171661377,20800,0.0,0.0
2022-09-07 00:00:00-04:00,4.349999904632568,4.619999885559082,4.195000171661377,4.440000057220459,12900,0.0,0.0
2022-09-08 00:00:00-04:00,4.360000133514404,4.630000114440918,4.349999904632568,4.590000152587891,18300,0.0,0.0
2022-09-09 00:00:00-04:00,4.539999961853027,4.71999979019165,4.349999904632568,4.539999961853027,13100,0.0,0.0
2022-09-12 00:00:00-04:00,4.510000228881836,4.630000114440918,4.510000228881836,4.550000190734863,10200,0.0,0.0
2022-09-13 00:00:00-04:00,4.670000076293945,4.670000076293945,4.510000228881836,4.550000190734863,6700,0.0,0.0
2022-09-14 00:00:00-04:00,4.510000228881836,4.53000020980835,4.369999885559082,4.380000114440918,18300,0.0,0.0
2022-09-15 00:00:00-04:00,4.380000114440918,4.409999847412109,4.21999979019165,4.329999923706055,16100,0.0,0.0
2022-09-16 00:00:00-04:00,4.289999961853027,4.301000118255615,4.099999904632568,4.130000114440918,25400,0.0,0.0
2022-09-19 00:00:00-04:00,4.119999885559082,4.199999809265137,4.039000034332275,4.099999904632568,16100,0.0,0.0
2022-09-20 00:00:00-04:00,4.090000152587891,4.380000114440918,4.0,4.159999847412109,21400,0.0,0.0
2022-09-21 00:00:00-04:00,4.25,4.25,4.03000020980835,4.099999904632568,10400,0.0,0.0
2022-09-22 00:00:00-04:00,4.078999996185303,4.309999942779541,4.078999996185303,4.309999942779541,21700,0.0,0.0
2022-09-23 00:00:00-04:00,4.139999866485596,4.409999847412109,4.050000190734863,4.309999942779541,28200,0.0,0.0
2022-09-26 00:00:00-04:00,4.420000076293945,4.552999973297119,4.364999771118164,4.400000095367432,4500,0.0,0.0
2022-09-27 00:00:00-04:00,4.340000152587891,4.5,4.269999980926514,4.349999904632568,15600,0.0,0.0
2022-09-28 00:00:00-04:00,4.179999828338623,4.5,4.099999904632568,4.440000057220459,53300,0.0,0.0
2022-09-29 00:00:00-04:00,4.320000171661377,4.449999809265137,4.209000110626221,4.400000095367432,21400,0.0,0.0
2022-09-30 00:00:00-04:00,4.440000057220459,4.579999923706055,4.409999847412109,4.579999923706055,10200,0.0,0.0
2022-10-03 00:00:00-04:00,4.599999904632568,4.900000095367432,4.453000068664551,4.900000095367432,40800,0.0,0.0
2022-10-04 00:00:00-04:00,5.0,5.0,4.757999897003174,5.0,58000,0.0,0.0
2022-10-05 00:00:00-04:00,4.809999942779541,5.0,4.800000190734863,4.900000095367432,52600,0.0,0.0
2022-10-06 00:00:00-04:00,4.820000171661377,5.0,4.5,4.5,19700,0.0,0.0
2022-10-07 00:00:00-04:00,4.699999809265137,4.864999771118164,4.5,4.659999847412109,8500,0.0,0.0
2022-10-10 00:00:00-04:00,4.760000228881836,4.900000095367432,4.760000228881836,4.800000190734863,4500,0.0,0.0
2022-10-11 00:00:00-04:00,4.8420000076293945,4.869999885559082,4.420000076293945,4.869999885559082,6300,0.0,0.0
2022-10-12 00:00:00-04:00,4.78000020980835,4.869999885559082,4.427999973297119,4.739999771118164,6700,0.0,0.0
2022-10-13 00:00:00-04:00,4.800000190734863,5.019999980926514,4.438000202178955,5.019999980926514,17400,0.0,0.0
2022-10-14 00:00:00-04:00,4.960000038146973,5.0,4.784999847412109,4.849999904632568,33300,0.0,0.0
2022-10-17 00:00:00-04:00,4.960000038146973,5.269999980926514,4.923999786376953,4.989999771118164,39000,0.0,0.0
2022-10-18 00:00:00-04:00,5.010000228881836,5.199999809265137,4.84499979019165,4.980000019073486,44200,0.0,0.0
2022-10-19 00:00:00-04:00,4.889999866485596,5.03000020980835,4.889999866485596,4.989999771118164,6500,0.0,0.0
2022-10-20 00:00:00-04:00,4.978000164031982,5.0,4.820000171661377,4.920000076293945,7400,0.0,0.0
2022-10-21 00:00:00-04:00,5.0,5.03000020980835,4.8420000076293945,4.889999866485596,9300,0.0,0.0
2022-10-24 00:00:00-04:00,4.860000133514404,4.980000019073486,4.803999900817871,4.909999847412109,6000,0.0,0.0
2022-10-25 00:00:00-04:00,4.860000133514404,5.093999862670898,4.860000133514404,4.909999847412109,16900,0.0,0.0
2022-10-26 00:00:00-04:00,4.920000076293945,5.079999923706055,4.869999885559082,4.929999828338623,19400,0.0,0.0
2022-10-27 00:00:00-04:00,4.875,5.0320000648498535,4.849999904632568,4.936999797821045,27900,0.0,0.0
2022-10-28 00:00:00-04:00,4.989999771118164,5.033999919891357,4.9670000076293945,4.96999979019165,3700,0.0,0.0
2022-10-31 00:00:00-04:00,5.039999961853027,5.050000190734863,4.739999771118164,4.829999923706055,28800,0.0,0.0
2022-11-01 00:00:00-04:00,4.949999809265137,5.099999904632568,4.863999843597412,5.099999904632568,22700,0.0,0.0
2022-11-02 00:00:00-04:00,5.099999904632568,5.099999904632568,4.959000110626221,4.960000038146973,5600,0.0,0.0
2022-11-03 00:00:00-04:00,4.989999771118164,5.199999809265137,4.889999866485596,5.039999961853027,34800,0.0,0.0
2022-11-04 00:00:00-04:00,5.0,5.110000133514404,4.920000076293945,4.96999979019165,23400,0.0,0.0
2022-11-07 00:00:00-05:00,5.0,5.005000114440918,4.795000076293945,4.96999979019165,12900,0.0,0.0
2022-11-08 00:00:00-05:00,5.059999942779541,5.199999809265137,4.949999809265137,5.170000076293945,21300,0.0,0.0
2022-11-09 00:00:00-05:00,5.039999961853027,5.139999866485596,4.989999771118164,4.989999771118164,6400,0.0,0.0
2022-11-10 00:00:00-05:00,5.15500020980835,5.300000190734863,5.119999885559082,5.269999980926514,34600,0.0,0.0
2022-11-11 00:00:00-05:00,5.230000019073486,5.300000190734863,5.099999904632568,5.190000057220459,27100,0.0,0.0
2022-11-14 00:00:00-05:00,5.110000133514404,5.170000076293945,4.96999979019165,5.03000020980835,9700,0.0,0.0
2022-11-15 00:00:00-05:00,5.164999961853027,5.164999961853027,4.650000095367432,4.869999885559082,19300,0.0,0.0
2022-11-16 00:00:00-05:00,4.949999809265137,5.150000095367432,4.800000190734863,5.139999866485596,5900,0.0,0.0
2022-11-17 00:00:00-05:00,5.159999847412109,5.159999847412109,4.769999980926514,4.78000020980835,18100,0.0,0.0
2022-11-18 00:00:00-05:00,4.929999828338623,5.070000171661377,4.71999979019165,5.070000171661377,13700,0.0,0.0
2022-11-21 00:00:00-05:00,5.03000020980835,5.03000020980835,4.090000152587891,4.380000114440918,32200,0.0,0.0
2022-11-22 00:00:00-05:00,4.679999828338623,4.739999771118164,4.429999828338623,4.53000020980835,22400,0.0,0.0
2022-11-23 00:00:00-05:00,4.590000152587891,4.699999809265137,4.110000133514404,4.570000171661377,11000,0.0,0.0
2022-11-25 00:00:00-05:00,4.429999828338623,4.550000190734863,4.239999771118164,4.460000038146973,19200,0.0,0.0
2022-11-28 00:00:00-05:00,4.550000190734863,4.550000190734863,4.340000152587891,4.389999866485596,6900,0.0,0.0
2022-11-29 00:00:00-05:00,4.455999851226807,4.455999851226807,4.320000171661377,4.329999923706055,2700,0.0,0.0
2022-11-30 00:00:00-05:00,4.480000019073486,4.480000019073486,4.27400016784668,4.309999942779541,4600,0.0,0.0
2022-12-01 00:00:00-05:00,4.389999866485596,4.699999809265137,4.389999866485596,4.550000190734863,18900,0.0,0.0
2022-12-02 00:00:00-05:00,4.550000190734863,4.550000190734863,4.360000133514404,4.380000114440918,7200,0.0,0.0
2022-12-05 00:00:00-05:00,4.385000228881836,4.385000228881836,4.070000171661377,4.070000171661377,5400,0.0,0.0
2022-12-06 00:00:00-05:00,4.199999809265137,4.360000133514404,4.181000232696533,4.360000133514404,10300,0.0,0.0
2022-12-07 00:00:00-05:00,4.3460001945495605,4.3460001945495605,4.199999809265137,4.235000133514404,4100,0.0,0.0
2022-12-08 00:00:00-05:00,4.050000190734863,4.360000133514404,4.050000190734863,4.340000152587891,12800,0.0,0.0
2022-12-09 00:00:00-05:00,4.099999904632568,4.239999771118164,3.9000000953674316,4.239999771118164,35500,0.0,0.0
2022-12-12 00:00:00-05:00,4.110000133514404,4.159999847412109,3.950000047683716,4.059999942779541,20200,0.0,0.0
2022-12-13 00:00:00-05:00,4.050000190734863,4.199999809265137,3.8499999046325684,3.8499999046325684,20000,0.0,0.0
2022-12-14 00:00:00-05:00,3.9000000953674316,4.239999771118164,3.9000000953674316,4.099999904632568,20900,0.0,0.0
2022-12-15 00:00:00-05:00,4.25,4.300000190734863,4.099999904632568,4.25,25600,0.0,0.0
2022-12-16 00:00:00-05:00,4.119999885559082,4.230000019073486,2.950000047683716,2.950000047683716,119800,0.0,0.0
2022-12-19 00:00:00-05:00,3.1700000762939453,3.25,2.7200000286102295,3.119999885559082,93800,0.0,0.0
2022-12-20 00:00:00-05:00,3.299999952316284,3.4700000286102295,3.0199999809265137,3.4700000286102295,28500,0.0,0.0
2022-12-21 00:00:00-05:00,3.4700000286102295,3.4700000286102295,3.190000057220459,3.25,16300,0.0,0.0
2022-12-22 00:00:00-05:00,3.2899999618530273,3.4600000381469727,3.0999999046325684,3.130000114440918,50400,0.0,0.0
2022-12-23 00:00:00-05:00,3.109999895095825,3.1500000953674316,3.049999952316284,3.049999952316284,5400,0.0,0.0
2022-12-27 00:00:00-05:00,3.009999990463257,3.1600000858306885,3.009999990463257,3.0999999046325684,11600,0.0,0.0
2022-12-28 00:00:00-05:00,3.0299999713897705,3.4100000858306885,3.003999948501587,3.184999942779541,23100,0.0,0.0
2022-12-29 00:00:00-05:00,3.069999933242798,3.390000104904175,3.059999942779541,3.0999999046325684,15400,0.0,0.0
2022-12-30 00:00:00-05:00,3.0,3.1579999923706055,3.0,3.049999952316284,13700,0.0,0.0
2023-01-03 00:00:00-05:00,3.049999952316284,3.5,3.0399999618530273,3.490000009536743,64700,0.0,0.0
2023-01-04 00:00:00-05:00,3.450000047683716,3.5329999923706055,3.4010000228881836,3.5,9100,0.0,0.0
2023-01-05 00:00:00-05:00,3.505000114440918,3.505000114440918,3.130000114440918,3.430000066757202,19700,0.0,0.0
2023-01-06 00:00:00-05:00,3.450000047683716,3.5,3.299999952316284,3.490000009536743,11500,0.0,0.0
2023-01-09 00:00:00-05:00,3.4700000286102295,3.890000104904175,3.4700000286102295,3.5999999046325684,61700,0.0,0.0
2023-01-10 00:00:00-05:00,3.5399999618530273,3.890000104904175,3.509999990463257,3.890000104904175,13000,0.0,0.0
2023-01-11 00:00:00-05:00,3.9000000953674316,4.25,3.9000000953674316,4.03000020980835,62600,0.0,0.0
2023-01-12 00:00:00-05:00,3.940000057220459,4.2179999351501465,3.569999933242798,3.9000000953674316,62000,0.0,0.0
2023-01-13 00:00:00-05:00,3.7950000762939453,3.940000057220459,3.569999933242798,3.940000057220459,35100,0.0,0.0
2023-01-17 00:00:00-05:00,3.950000047683716,3.950000047683716,3.359999895095825,3.740000009536743,27100,0.0,0.0
2023-01-18 00:00:00-05:00,3.5999999046325684,3.7300000190734863,3.4000000953674316,3.640000104904175,14600,0.0,0.0
2023-01-19 00:00:00-05:00,3.450000047683716,3.569000005722046,3.240000009536743,3.4700000286102295,19100,0.0,0.0
2023-01-20 00:00:00-05:00,3.5,3.5899999141693115,3.5,3.5899999141693115,6900,0.0,0.0
2023-01-23 00:00:00-05:00,3.740000009536743,3.740000009536743,3.5299999713897705,3.549999952316284,7500,0.0,0.0
2023-01-24 00:00:00-05:00,3.7300000190734863,3.7300000190734863,3.299999952316284,3.299999952316284,9100,0.0,0.0
2023-01-25 00:00:00-05:00,3.3299999237060547,3.890000104904175,3.3299999237060547,3.5,23000,0.0,0.0
2023-01-26 00:00:00-05:00,3.509999990463257,3.680000066757202,3.509999990463257,3.6600000858306885,11600,0.0,0.0
2023-01-27 00:00:00-05:00,3.609999895095825,3.7300000190734863,3.490000009536743,3.684999942779541,8900,0.0,0.0
2023-01-30 00:00:00-05:00,3.7799999713897705,3.7799999713897705,3.319999933242798,3.390000104904175,40600,0.0,0.0
2023-01-31 00:00:00-05:00,3.4800000190734863,3.6700000762939453,3.4800000190734863,3.5299999713897705,19900,0.0,0.0
2023-02-01 00:00:00-05:00,3.569999933242798,3.5999999046325684,3.2899999618530273,3.4100000858306885,26000,0.0,0.0
2023-02-02 00:00:00-05:00,3.7899999618530273,3.990000009536743,3.5199999809265137,3.759999990463257,59300,0.0,0.0
2023-02-03 00:00:00-05:00,3.5999999046325684,3.7899999618530273,3.5,3.549999952316284,21600,0.0,0.0
2023-02-06 00:00:00-05:00,3.8499999046325684,3.8499999046325684,3.624000072479248,3.700000047683716,12300,0.0,0.0
2023-02-07 00:00:00-05:00,3.5199999809265137,3.6500000953674316,3.369999885559082,3.371000051498413,64000,0.0,0.0
2023-02-08 00:00:00-05:00,3.4000000953674316,3.632999897003174,3.369999885559082,3.490000009536743,35700,0.0,0.0
2023-02-09 00:00:00-05:00,3.4200000762939453,3.5799999237060547,3.4000000953674316,3.4049999713897705,21600,0.0,0.0
2023-02-10 00:00:00-05:00,3.4690001010894775,3.4690001010894775,3.3499999046325684,3.3940000534057617,10700,0.0,0.0
2023-02-13 00:00:00-05:00,3.390000104904175,3.4000000953674316,3.309999942779541,3.309999942779541,25700,0.0,0.0
2023-02-14 00:00:00-05:00,3.299999952316284,3.440000057220459,3.1029999256134033,3.240000009536743,64400,0.0,0.0
2023-02-15 00:00:00-05:00,3.240000009536743,3.3399999141693115,3.0199999809265137,3.2799999713897705,47800,0.0,0.0
2023-02-16 00:00:00-05:00,3.2699999809265137,3.3299999237060547,3.2100000381469727,3.255000114440918,13000,0.0,0.0
2023-02-17 00:00:00-05:00,3.130000114440918,3.130000114440918,2.990000009536743,2.990000009536743,221100,0.0,0.0
2023-02-21 00:00:00-05:00,3.0,3.180000066757202,2.9170000553131104,3.0,55100,0.0,0.0
2023-02-22 00:00:00-05:00,2.950000047683716,3.2699999809265137,2.950000047683716,3.0399999618530273,72300,0.0,0.0
2023-02-23 00:00:00-05:00,3.0399999618530273,3.140000104904175,2.7960000038146973,3.109999895095825,73600,0.0,0.0
2023-02-24 00:00:00-05:00,2.859999895095825,3.0399999618530273,2.859999895095825,2.890000104904175,47200,0.0,0.0
2023-02-27 00:00:00-05:00,3.059999942779541,3.059999942779541,2.9700000286102295,2.9790000915527344,36100,0.0,0.0
2023-02-28 00:00:00-05:00,3.059999942779541,3.059999942779541,2.9600000381469727,3.0,83500,0.0,0.0
2023-03-01 00:00:00-05:00,2.940000057220459,3.0,2.9140000343322754,2.990000009536743,13800,0.0,0.0
2023-03-02 00:00:00-05:00,2.9000000953674316,3.0199999809265137,2.9000000953674316,2.9700000286102295,85800,0.0,0.0
2023-03-03 00:00:00-05:00,2.9600000381469727,3.0,2.799999952316284,2.819999933242798,63900,0.0,0.0
2023-03-06 00:00:00-05:00,2.8919999599456787,2.9000000953674316,2.759999990463257,2.759999990463257,67100,0.0,0.0
2023-03-07 00:00:00-05:00,2.6700000762939453,2.740000009536743,2.509999990463257,2.5799999237060547,101800,0.0,0.0
2023-03-08 00:00:00-05:00,2.6700000762939453,2.759999990463257,2.5899999141693115,2.609999895095825,65200,0.0,0.0
2023-03-09 00:00:00-05:00,2.5899999141693115,2.628999948501587,2.5199999809265137,2.569999933242798,32900,0.0,0.0
2023-03-10 00:00:00-05:00,2.5899999141693115,2.5899999141693115,2.3499999046325684,2.549999952316284,119500,0.0,0.0
2023-03-13 00:00:00-04:00,2.4800000190734863,2.5399999618530273,2.369999885559082,2.430000066757202,42300,0.0,0.0
2023-03-14 00:00:00-04:00,2.450000047683716,2.490000009536743,2.4200000762939453,2.430000066757202,16800,0.0,0.0
2023-03-15 00:00:00-04:00,2.380000114440918,2.4100000858306885,2.319999933242798,2.319999933242798,41400,0.0,0.0
2023-03-16 00:00:00-04:00,2.3299999237060547,2.4100000858306885,2.25,2.3399999141693115,20500,0.0,0.0
2023-03-17 00:00:00-04:00,2.3399999141693115,2.4800000190734863,2.299999952316284,2.450000047683716,29100,0.0,0.0
2023-03-20 00:00:00-04:00,2.380000114440918,2.4800000190734863,2.369999885559082,2.369999885559082,33600,0.0,0.0
2023-03-21 00:00:00-04:00,2.4800000190734863,2.4800000190734863,2.390000104904175,2.440000057220459,32700,0.0,0.0
2023-03-22 00:00:00-04:00,2.5299999713897705,2.5299999713897705,2.4000000953674316,2.4100000858306885,39200,0.0,0.0
2023-03-23 00:00:00-04:00,2.430000066757202,2.450000047683716,2.25,2.2699999809265137,51000,0.0,0.0
2023-03-24 00:00:00-04:00,2.319999933242798,2.390000104904175,2.319999933242798,2.380000114440918,29200,0.0,0.0
2023-03-27 00:00:00-04:00,2.318000078201294,2.390000104904175,2.200000047683716,2.200000047683716,67900,0.0,0.0
2023-03-28 00:00:00-04:00,2.2799999713897705,2.390000104904175,2.2699999809265137,2.3499999046325684,45400,0.0,0.0
2023-03-29 00:00:00-04:00,2.3499999046325684,2.369999885559082,2.200000047683716,2.240000009536743,95400,0.0,0.0
2023-03-30 00:00:00-04:00,2.25,2.380000114440918,2.200000047683716,2.200000047683716,156200,0.0,0.0
2023-03-31 00:00:00-04:00,2.200000047683716,2.2300000190734863,2.119999885559082,2.119999885559082,74200,0.0,0.0
2023-04-03 00:00:00-04:00,2.122999906539917,2.180000066757202,2.0999999046325684,2.1559998989105225,44000,0.0,0.0
2023-04-04 00:00:00-04:00,2.1500000953674316,2.309999942779541,2.1500000953674316,2.2799999713897705,106100,0.0,0.0
2023-04-05 00:00:00-04:00,2.319999933242798,2.4800000190734863,2.25,2.450000047683716,37300,0.0,0.0
2023-04-06 00:00:00-04:00,2.440000057220459,2.4700000286102295,2.3399999141693115,2.4600000381469727,42400,0.0,0.0
2023-04-10 00:00:00-04:00,2.450000047683716,2.4700000286102295,2.1600000858306885,2.200000047683716,70900,0.0,0.0
2023-04-11 00:00:00-04:00,2.259999990463257,2.4800000190734863,2.240000009536743,2.309999942779541,62100,0.0,0.0
2023-04-12 00:00:00-04:00,2.3499999046325684,2.450000047683716,2.2100000381469727,2.3499999046325684,49100,0.0,0.0
2023-04-13 00:00:00-04:00,2.3399999141693115,2.430000066757202,2.259999990463257,2.3399999141693115,32800,0.0,0.0
2023-04-14 00:00:00-04:00,2.3299999237060547,2.4200000762939453,2.2860000133514404,2.3299999237060547,10600,0.0,0.0
2023-04-17 00:00:00-04:00,2.299999952316284,2.369999885559082,2.2200000286102295,2.259999990463257,46600,0.0,0.0
2023-04-18 00:00:00-04:00,2.240000009536743,2.240000009536743,2.115999937057495,2.135999917984009,53100,0.0,0.0
2023-04-19 00:00:00-04:00,2.119999885559082,2.119999885559082,2.0850000381469727,2.0999999046325684,38200,0.0,0.0
2023-04-20 00:00:00-04:00,2.0199999809265137,2.109999895095825,1.899999976158142,2.0799999237060547,112600,0.0,0.0
2023-04-21 00:00:00-04:00,2.0199999809265137,2.0999999046325684,1.9880000352859497,2.009999990463257,115400,0.0,0.0
2023-04-24 00:00:00-04:00,2.059999942779541,2.109999895095825,1.940000057220459,1.940000057220459,79100,0.0,0.0
2023-04-25 00:00:00-04:00,1.899999976158142,1.899999976158142,1.6799999475479126,1.7400000095367432,181900,0.0,0.0
2023-04-26 00:00:00-04:00,1.75,1.9299999475479126,1.75,1.8600000143051147,42400,0.0,0.0
2023-04-27 00:00:00-04:00,1.8899999856948853,1.9500000476837158,1.8760000467300415,1.940000057220459,39400,0.0,0.0
2023-04-28 00:00:00-04:00,1.940000057220459,2.0299999713897705,1.909999966621399,2.009999990463257,29700,0.0,0.0
2023-05-01 00:00:00-04:00,2.0199999809265137,2.299999952316284,1.9299999475479126,2.1630001068115234,74800,0.0,0.0
2023-05-02 00:00:00-04:00,2.109999895095825,2.130000114440918,1.9800000190734863,1.9900000095367432,15900,0.0,0.0
2023-05-03 00:00:00-04:00,1.9700000286102295,2.140000104904175,1.9700000286102295,2.130000114440918,10100,0.0,0.0
2023-05-04 00:00:00-04:00,2.109999895095825,2.1549999713897705,2.059999942779541,2.0799999237060547,21100,0.0,0.0
2023-05-05 00:00:00-04:00,2.140000104904175,2.140000104904175,2.075000047683716,2.130000114440918,23600,0.0,0.0
2023-05-08 00:00:00-04:00,2.0999999046325684,2.140000104904175,2.0999999046325684,2.140000104904175,23200,0.0,0.0
2023-05-09 00:00:00-04:00,2.1050000190734863,2.130000114440918,2.069999933242798,2.119999885559082,5000,0.0,0.0
2023-05-10 00:00:00-04:00,2.109999895095825,2.1500000953674316,2.0899999141693115,2.1500000953674316,14200,0.0,0.0
2023-05-11 00:00:00-04:00,2.1600000858306885,2.25,2.119999885559082,2.240000009536743,31400,0.0,0.0
2023-05-12 00:00:00-04:00,2.1700000762939453,2.259999990463257,2.049999952316284,2.0999999046325684,45100,0.0,0.0
2023-05-15 00:00:00-04:00,2.0999999046325684,2.180000066757202,2.0799999237060547,2.125,17000,0.0,0.0
2023-05-16 00:00:00-04:00,2.119999885559082,2.259999990463257,2.0799999237060547,2.140000104904175,13800,0.0,0.0
2023-05-17 00:00:00-04:00,2.130000114440918,2.25,2.130000114440918,2.25,25200,0.0,0.0
2023-05-18 00:00:00-04:00,2.1700000762939453,2.359999895095825,2.1700000762939453,2.319999933242798,25300,0.0,0.0
2023-05-19 00:00:00-04:00,2.4000000953674316,2.5299999713897705,2.25,2.299999952316284,54700,0.0,0.0
2023-05-22 00:00:00-04:00,2.299999952316284,2.4200000762939453,2.25,2.299999952316284,25400,0.0,0.0
2023-05-23 00:00:00-04:00,2.2300000190734863,2.3399999141693115,2.200000047683716,2.200000047683716,16100,0.0,0.0
2023-05-24 00:00:00-04:00,2.2300000190734863,2.3499999046325684,2.119999885559082,2.180000066757202,20300,0.0,0.0
2023-05-25 00:00:00-04:00,2.2200000286102295,2.240000009536743,2.200000047683716,2.200000047683716,4300,0.0,0.0
2023-05-26 00:00:00-04:00,2.180000066757202,2.2799999713897705,2.1500000953674316,2.2300000190734863,41600,0.0,0.0
2023-05-30 00:00:00-04:00,2.319999933242798,2.3380000591278076,2.1500000953674316,2.200000047683716,39700,0.0,0.0
2023-05-31 00:00:00-04:00,2.2300000190734863,2.2300000190734863,2.2249999046325684,2.2300000190734863,1000,0.0,0.0
2023-06-01 00:00:00-04:00,2.2200000286102295,2.2249999046325684,2.0399999618530273,2.059999942779541,75900,0.0,0.0
2023-06-02 00:00:00-04:00,2.0799999237060547,2.200000047683716,2.0,2.0,50500,0.0,0.0
2023-06-05 00:00:00-04:00,2.009999990463257,2.0399999618530273,1.9500000476837158,1.9800000190734863,32200,0.0,0.0
2023-06-06 00:00:00-04:00,1.9900000095367432,2.140000104904175,1.9900000095367432,2.049999952316284,26600,0.0,0.0
2023-06-07 00:00:00-04:00,1.9900000095367432,2.140000104904175,1.9900000095367432,2.059999942779541,15200,0.0,0.0
2023-06-08 00:00:00-04:00,2.130000114440918,2.140000104904175,2.069999933242798,2.109999895095825,18500,0.0,0.0
2023-06-09 00:00:00-04:00,2.119999885559082,2.1500000953674316,2.009999990463257,2.0399999618530273,71500,0.0,0.0
2023-06-12 00:00:00-04:00,2.0199999809265137,2.069999933242798,1.9700000286102295,2.0299999713897705,35100,0.0,0.0
2023-06-13 00:00:00-04:00,2.065000057220459,2.140000104904175,1.9700000286102295,2.0179998874664307,54300,0.0,0.0
2023-06-14 00:00:00-04:00,2.0199999809265137,2.0299999713897705,1.7799999713897705,1.8300000429153442,101400,0.0,0.0
2023-06-15 00:00:00-04:00,1.909999966621399,1.9639999866485596,1.8600000143051147,1.9500000476837158,41500,0.0,0.0
2023-06-16 00:00:00-04:00,1.9500000476837158,1.9800000190734863,1.8600000143051147,1.9700000286102295,20700,0.0,0.0
2023-06-20 00:00:00-04:00,1.899999976158142,2.049999952316284,1.8300000429153442,1.899999976158142,131600,0.0,0.0
2023-06-21 00:00:00-04:00,1.9199999570846558,2.0,1.7999999523162842,1.9500000476837158,44600,0.0,0.0
2023-06-22 00:00:00-04:00,1.9700000286102295,2.049999952316284,1.9500000476837158,1.9900000095367432,189700,0.0,0.0
2023-06-23 00:00:00-04:00,1.9700000286102295,2.0399999618530273,1.8899999856948853,1.909999966621399,358900,0.0,0.0
2023-06-26 00:00:00-04:00,1.8899999856948853,1.9500000476837158,1.840000033378601,1.850000023841858,65700,0.0,0.0
2023-06-27 00:00:00-04:00,1.8600000143051147,1.9900000095367432,1.8300000429153442,1.850000023841858,83500,0.0,0.0
2023-06-28 00:00:00-04:00,1.940000057220459,1.9700000286102295,1.8700000047683716,1.9190000295639038,92600,0.0,0.0
2023-06-29 00:00:00-04:00,1.9199999570846558,1.9900000095367432,1.8600000143051147,1.975000023841858,37300,0.0,0.0
2023-06-30 00:00:00-04:00,1.9500000476837158,1.9900000095367432,1.899999976158142,1.9600000381469727,49500,0.0,0.0
2023-07-03 00:00:00-04:00,1.9490000009536743,2.059999942779541,1.9490000009536743,2.049999952316284,10900,0.0,0.0
2023-07-05 00:00:00-04:00,2.049999952316284,2.0899999141693115,2.0,2.009999990463257,15000,0.0,0.0
2023-07-06 00:00:00-04:00,2.0,2.0399999618530273,1.9600000381469727,1.9800000190734863,20400,0.0,0.0
2023-07-07 00:00:00-04:00,1.940000057220459,2.061000108718872,1.8600000143051147,1.8600000143051147,151900,0.0,0.0
2023-07-10 00:00:00-04:00,1.850000023841858,2.049999952316284,1.850000023841858,1.9299999475479126,83900,0.0,0.0
2023-07-11 00:00:00-04:00,1.8799999952316284,2.0199999809265137,1.8799999952316284,1.9299999475479126,64200,0.0,0.0
2023-07-12 00:00:00-04:00,2.0,2.0399999618530273,1.909999966621399,1.9500000476837158,155600,0.0,0.0
2023-07-13 00:00:00-04:00,1.8899999856948853,1.9700000286102295,1.850000023841858,1.9199999570846558,157400,0.0,0.0
2023-07-14 00:00:00-04:00,1.909999966621399,1.9199999570846558,1.8300000429153442,1.899999976158142,28600,0.0,0.0
2023-07-17 00:00:00-04:00,1.850000023841858,1.9500000476837158,1.850000023841858,1.9199999570846558,39800,0.0,0.0
2023-07-18 00:00:00-04:00,1.8700000047683716,1.9900000095367432,1.8700000047683716,1.909999966621399,82600,0.0,0.0
2023-07-19 00:00:00-04:00,1.968999981880188,1.968999981880188,1.8700000047683716,1.8899999856948853,90200,0.0,0.0
2023-07-20 00:00:00-04:00,1.9600000381469727,2.0,1.850000023841858,1.9600000381469727,187400,0.0,0.0
2023-07-21 00:00:00-04:00,2.0,2.059999942779541,1.9800000190734863,2.059999942779541,27700,0.0,0.0
2023-07-24 00:00:00-04:00,2.049999952316284,2.059999942779541,1.9500000476837158,1.9600000381469727,41400,0.0,0.0
2023-07-25 00:00:00-04:00,2.0,2.0,1.899999976158142,1.940000057220459,16500,0.0,0.0
2023-07-26 00:00:00-04:00,1.909999966621399,1.9800000190734863,1.909999966621399,1.9700000286102295,31500,0.0,0.0
2023-07-27 00:00:00-04:00,1.9809999465942383,1.9809999465942383,1.8600000143051147,1.8600000143051147,38900,0.0,0.0
2023-07-28 00:00:00-04:00,1.899999976158142,1.9299999475479126,1.8700000047683716,1.8799999952316284,31200,0.0,0.0
2023-07-31 00:00:00-04:00,1.9299999475479126,1.9850000143051147,1.8799999952316284,1.909999966621399,168400,0.0,0.0
2023-08-01 00:00:00-04:00,1.909999966621399,1.9800000190734863,1.8660000562667847,1.9800000190734863,70300,0.0,0.0
2023-08-02 00:00:00-04:00,1.9299999475479126,1.9839999675750732,1.8700000047683716,1.909999966621399,64400,0.0,0.0
2023-08-03 00:00:00-04:00,1.8799999952316284,1.940000057220459,1.8700000047683716,1.8899999856948853,33400,0.0,0.0
2023-08-04 00:00:00-04:00,1.8700000047683716,1.9249999523162842,1.8650000095367432,1.8899999856948853,32300,0.0,0.0
2023-08-07 00:00:00-04:00,1.899999976158142,1.899999976158142,1.690999984741211,1.7999999523162842,81200,0.0,0.0
2023-08-08 00:00:00-04:00,1.843999981880188,1.843999981880188,1.7799999713897705,1.8200000524520874,23600,0.0,0.0
2023-08-09 00:00:00-04:00,1.7790000438690186,1.805999994277954,1.7790000438690186,1.7799999713897705,6400,0.0,0.0
2023-08-10 00:00:00-04:00,1.7699999809265137,1.8140000104904175,1.7599999904632568,1.7599999904632568,5600,0.0,0.0
2023-08-11 00:00:00-04:00,1.809999942779541,1.809999942779541,1.7599999904632568,1.7999999523162842,6200,0.0,0.0
2023-08-14 00:00:00-04:00,1.850000023841858,1.850000023841858,1.7740000486373901,1.7899999618530273,17700,0.0,0.0
2023-08-15 00:00:00-04:00,1.7999999523162842,1.7999999523162842,1.690000057220459,1.690000057220459,23200,0.0,0.0
2023-08-16 00:00:00-04:00,1.690000057220459,1.7100000381469727,1.6799999475479126,1.7000000476837158,23300,0.0,0.0
2023-08-17 00:00:00-04:00,1.7799999713897705,1.7799999713897705,1.600000023841858,1.6200000047683716,25900,0.0,0.0
2023-08-18 00:00:00-04:00,1.6200000047683716,1.7000000476837158,1.6100000143051147,1.690000057220459,44900,0.0,0.0
2023-08-21 00:00:00-04:00,1.6699999570846558,1.7300000190734863,1.6100000143051147,1.6100000143051147,47900,0.0,0.0
2023-08-22 00:00:00-04:00,1.6299999952316284,1.6299999952316284,1.5199999809265137,1.590000033378601,44300,0.0,0.0
2023-08-23 00:00:00-04:00,1.565000057220459,1.5700000524520874,1.5160000324249268,1.559999942779541,40900,0.0,0.0
2023-08-24 00:00:00-04:00,1.5299999713897705,1.559999942779541,1.5299999713897705,1.5499999523162842,19900,0.0,0.0
2023-08-25 00:00:00-04:00,1.534999966621399,1.5499999523162842,1.5199999809265137,1.5399999618530273,21100,0.0,0.0
2023-08-28 00:00:00-04:00,1.5199999809265137,1.600000023841858,1.5199999809265137,1.590000033378601,33600,0.0,0.0
2023-08-29 00:00:00-04:00,1.559999942779541,1.600000023841858,1.5299999713897705,1.5299999713897705,31400,0.0,0.0
2023-08-30 00:00:00-04:00,1.5199999809265137,1.5800000429153442,1.5149999856948853,1.5700000524520874,58300,0.0,0.0
2023-08-31 00:00:00-04:00,1.649999976158142,1.649999976158142,1.5499999523162842,1.5499999523162842,57500,0.0,0.0
2023-09-01 00:00:00-04:00,1.5700000524520874,1.597000002861023,1.5379999876022339,1.5499999523162842,52800,0.0,0.0
2023-09-05 00:00:00-04:00,1.5700000524520874,1.600000023841858,1.5399999618530273,1.590000033378601,18200,0.0,0.0
2023-09-06 00:00:00-04:00,1.590000033378601,1.5959999561309814,1.559999942779541,1.5800000429153442,25100,0.0,0.0
2023-09-07 00:00:00-04:00,1.5800000429153442,1.6549999713897705,1.5,1.5399999618530273,73900,0.0,0.0
2023-09-08 00:00:00-04:00,1.5299999713897705,1.5299999713897705,1.440000057220459,1.4700000286102295,77800,0.0,0.0
2023-09-11 00:00:00-04:00,1.440000057220459,1.4550000429153442,1.3819999694824219,1.409999966621399,26300,0.0,0.0
2023-09-12 00:00:00-04:00,1.3799999952316284,1.399999976158142,1.3700000047683716,1.3899999856948853,39600,0.0,0.0
2023-09-13 00:00:00-04:00,1.3799999952316284,1.3799999952316284,1.309999942779541,1.3799999952316284,48100,0.0,0.0
2023-09-14 00:00:00-04:00,1.399999976158142,1.399999976158142,1.3799999952316284,1.399999976158142,35100,0.0,0.0
2023-09-15 00:00:00-04:00,1.399999976158142,1.399999976158142,1.3600000143051147,1.399999976158142,12000,0.0,0.0
2023-09-18 00:00:00-04:00,1.399999976158142,1.5499999523162842,1.399999976158142,1.4900000095367432,66800,0.0,0.0
2023-09-19 00:00:00-04:00,1.5199999809265137,1.625,1.503999948501587,1.6200000047683716,61000,0.0,0.0
2023-09-20 00:00:00-04:00,1.6299999952316284,1.659999966621399,1.5199999809265137,1.5299999713897705,68100,0.0,0.0
2023-09-21 00:00:00-04:00,1.5,1.5360000133514404,1.3300000429153442,1.3300000429153442,96600,0.0,0.0
2023-09-22 00:00:00-04:00,1.3700000047683716,1.468000054359436,1.3700000047683716,1.409999966621399,29500,0.0,0.0
2023-09-25 00:00:00-04:00,1.3799999952316284,1.409999966621399,1.350000023841858,1.3600000143051147,12300,0.0,0.0
2023-09-26 00:00:00-04:00,1.3300000429153442,1.3700000047683716,1.1950000524520874,1.25,68200,0.0,0.0
2023-09-27 00:00:00-04:00,1.1699999570846558,1.2400000095367432,1.1339999437332153,1.1399999856948853,80200,0.0,0.0
2023-09-28 00:00:00-04:00,1.0800000429153442,1.1549999713897705,1.0,1.059999942779541,170300,0.0,0.0
2023-09-29 00:00:00-04:00,1.1100000143051147,1.1699999570846558,1.1100000143051147,1.1699999570846558,18000,0.0,0.0
2023-10-02 00:00:00-04:00,1.2100000381469727,1.2389999628067017,1.1430000066757202,1.190000057220459,22100,0.0,0.0
2023-10-03 00:00:00-04:00,1.1699999570846558,1.1799999475479126,1.100000023841858,1.1399999856948853,34000,0.0,0.0
2023-10-04 00:00:00-04:00,1.159999966621399,1.2400000095367432,1.1399999856948853,1.1710000038146973,21100,0.0,0.0
2023-10-05 00:00:00-04:00,1.1699999570846558,1.1699999570846558,1.0700000524520874,1.149999976158142,9700,0.0,0.0
2023-10-06 00:00:00-04:00,1.149999976158142,1.149999976158142,1.059999942779541,1.1200000047683716,62800,0.0,0.0
2023-10-09 00:00:00-04:00,1.149999976158142,1.149999976158142,1.0640000104904175,1.1299999952316284,5300,0.0,0.0
2023-10-10 00:00:00-04:00,1.11899995803833,1.1399999856948853,1.0299999713897705,1.0700000524520874,44300,0.0,0.0
2023-10-11 00:00:00-04:00,1.0499999523162842,1.1069999933242798,1.0399999618530273,1.0499999523162842,13900,0.0,0.0
2023-10-12 00:00:00-04:00,1.090000033378601,1.090000033378601,1.0420000553131104,1.0800000429153442,2700,0.0,0.0
2023-10-13 00:00:00-04:00,1.0800000429153442,1.090000033378601,1.0399999618530273,1.059999942779541,10300,0.0,0.0
2023-10-16 00:00:00-04:00,1.0199999809265137,1.059999942779541,1.0,1.0199999809265137,29600,0.0,0.0
2023-10-17 00:00:00-04:00,1.0,1.0499999523162842,0.949999988079071,0.9929999709129333,50700,0.0,0.0
2023-10-18 00:00:00-04:00,0.9639999866485596,1.0,0.949999988079071,1.0,10600,0.0,0.0
2023-10-19 00:00:00-04:00,0.9599999785423279,0.9599999785423279,0.8199999928474426,0.8809999823570251,56400,0.0,0.0
2023-10-20 00:00:00-04:00,0.8600000143051147,0.8799999952316284,0.800000011920929,0.8349999785423279,67100,0.0,0.0
2023-10-23 00:00:00-04:00,0.949999988079071,0.949999988079071,0.8500000238418579,0.8899999856948853,9700,0.0,0.0
2023-10-24 00:00:00-04:00,0.8799999952316284,0.9049999713897705,0.8330000042915344,0.8999999761581421,36300,0.0,0.0
2023-10-25 00:00:00-04:00,0.8600000143051147,0.8600000143051147,0.777999997138977,0.8389999866485596,20000,0.0,0.0
2023-10-26 00:00:00-04:00,0.800000011920929,0.8500000238418579,0.800000011920929,0.8500000238418579,16800,0.0,0.0
2023-10-27 00:00:00-04:00,0.7950000166893005,0.8989999890327454,0.7829999923706055,0.8289999961853027,8100,0.0,0.0
2023-10-30 00:00:00-04:00,0.8690000176429749,0.8690000176429749,0.8289999961853027,0.8299999833106995,13900,0.0,0.0
2023-10-31 00:00:00-04:00,0.7730000019073486,0.8859999775886536,0.7730000019073486,0.8500000238418579,7300,0.0,0.0
2023-11-01 00:00:00-04:00,0.8199999928474426,0.8500000238418579,0.777999997138977,0.8090000152587891,7600,0.0,0.0
2023-11-02 00:00:00-04:00,0.8199999928474426,0.8500000238418579,0.8199999928474426,0.8299999833106995,29700,0.0,0.0
2023-11-03 00:00:00-04:00,0.8700000047683716,0.8700000047683716,0.8130000233650208,0.8199999928474426,16100,0.0,0.0
2023-11-06 00:00:00-05:00,0.7599999904632568,0.7900000214576721,0.7250000238418579,0.7839999794960022,38600,0.0,0.0
2023-11-07 00:00:00-05:00,0.7789999842643738,0.8700000047683716,0.7300000190734863,0.8360000252723694,44500,0.0,0.0
2023-11-08 00:00:00-05:00,0.8389999866485596,0.8399999737739563,0.7609999775886536,0.8309999704360962,13800,0.0,0.0
2023-11-09 00:00:00-05:00,0.7990000247955322,0.7990000247955322,0.7310000061988831,0.7599999904632568,11600,0.0,0.0
2023-11-10 00:00:00-05:00,0.7599999904632568,0.8029999732971191,0.7049999833106995,0.7429999709129333,9500,0.0,0.0
2023-11-13 00:00:00-05:00,0.7400000095367432,0.800000011920929,0.7099999785423279,0.7099999785423279,13500,0.0,0.0
2023-11-14 00:00:00-05:00,0.8029999732971191,0.8029999732971191,0.6899999976158142,0.6899999976158142,26900,0.0,0.0
2023-11-15 00:00:00-05:00,0.7919999957084656,0.7919999957084656,0.7200000286102295,0.7200000286102295,12000,0.0,0.0
2023-11-16 00:00:00-05:00,0.7080000042915344,0.8100000023841858,0.7080000042915344,0.7300000190734863,67500,0.0,0.0
2023-11-17 00:00:00-05:00,0.7599999904632568,0.8100000023841858,0.7300000190734863,0.800000011920929,47800,0.0,0.0
2023-11-20 00:00:00-05:00,0.800000011920929,1.100000023841858,0.800000011920929,1.0499999523162842,139300,0.0,0.0
2023-11-21 00:00:00-05:00,1.0199999809265137,1.0499999523162842,1.0,1.0399999618530273,27600,0.0,0.0
2023-11-22 00:00:00-05:00,0.9700000286102295,1.100000023841858,0.9700000286102295,1.0,44800,0.0,0.0
2023-11-24 00:00:00-05:00,1.059999942779541,1.1100000143051147,1.059999942779541,1.0800000429153442,38500,0.0,0.0
2023-11-27 00:00:00-05:00,1.1200000047683716,1.4700000286102295,1.0399999618530273,1.4500000476837158,98500,0.0,0.0
2023-11-28 00:00:00-05:00,1.5,1.5379999876022339,1.1299999952316284,1.1699999570846558,135500,0.0,0.0
2023-11-29 00:00:00-05:00,1.2799999713897705,1.6399999856948853,1.2100000381469727,1.2799999713897705,220600,0.0,0.0
2023-11-30 00:00:00-05:00,1.2510000467300415,1.4299999475479126,1.2269999980926514,1.340000033378601,79800,0.0,0.0
2023-12-01 00:00:00-05:00,1.309999942779541,1.4190000295639038,1.2699999809265137,1.2899999618530273,53400,0.0,0.0
2023-12-04 00:00:00-05:00,1.2699999809265137,1.3799999952316284,1.2699999809265137,1.3200000524520874,27500,0.0,0.0
2023-12-05 00:00:00-05:00,1.4199999570846558,1.559999942779541,1.340000033378601,1.4299999475479126,61100,0.0,0.0
2023-12-06 00:00:00-05:00,1.4500000476837158,1.649999976158142,1.4500000476837158,1.600000023841858,186500,0.0,0.0
2023-12-07 00:00:00-05:00,1.649999976158142,2.5199999809265137,1.6200000047683716,2.3299999237060547,1990200,0.0,0.0
2023-12-08 00:00:00-05:00,2.240000009536743,2.299999952316284,1.7999999523162842,2.299999952316284,310500,0.0,0.0
2023-12-11 00:00:00-05:00,2.2300000190734863,2.490000009536743,2.109999895095825,2.2200000286102295,128900,0.0,0.0
2023-12-12 00:00:00-05:00,2.190000057220459,2.190000057220459,1.940000057220459,1.9900000095367432,84200,0.0,0.0
2023-12-13 00:00:00-05:00,1.9800000190734863,2.0299999713897705,1.75,1.8949999809265137,104200,0.0,0.0
2023-12-14 00:00:00-05:00,1.909999966621399,1.9730000495910645,1.8799999952316284,1.9049999713897705,20200,0.0,0.0
2023-12-15 00:00:00-05:00,1.899999976158142,1.899999976158142,1.7400000095367432,1.899999976158142,49200,0.0,0.0
2023-12-18 00:00:00-05:00,1.8799999952316284,1.8799999952316284,1.7000000476837158,1.7899999618530273,73000,0.0,0.0
2023-12-19 00:00:00-05:00,1.75,2.0,1.75,1.8600000143051147,67700,0.0,0.0
2023-12-20 00:00:00-05:00,1.9199999570846558,1.9199999570846558,1.7699999809265137,1.7699999809265137,91400,0.0,0.0
2023-12-21 00:00:00-05:00,1.7799999713897705,1.7799999713897705,1.5700000524520874,1.600000023841858,195000,0.0,0.0
2023-12-22 00:00:00-05:00,1.5700000524520874,1.690000057220459,1.5700000524520874,1.649999976158142,24500,0.0,0.0
2023-12-26 00:00:00-05:00,1.6799999475479126,1.9500000476837158,1.6799999475479126,1.9500000476837158,74400,0.0,0.0
2023-12-27 00:00:00-05:00,1.9800000190734863,1.9850000143051147,1.7599999904632568,1.8700000047683716,52100,0.0,0.0
2023-12-28 00:00:00-05:00,1.8600000143051147,1.8700000047683716,1.7599999904632568,1.7899999618530273,46900,0.0,0.0
2023-12-29 00:00:00-05:00,1.850000023841858,1.850000023841858,1.6799999475479126,1.75,25100,0.0,0.0
2024-01-02 00:00:00-05:00,1.7100000381469727,1.7400000095367432,1.5199999809265137,1.5499999523162842,144200,0.0,0.0
2024-01-03 00:00:00-05:00,1.5499999523162842,1.6699999570846558,1.5499999523162842,1.659999966621399,18300,0.0,0.0
2024-01-04 00:00:00-05:00,1.5700000524520874,1.6419999599456787,1.5,1.5,35700,0.0,0.0
2024-01-05 00:00:00-05:00,1.5700000524520874,1.5700000524520874,1.4700000286102295,1.5499999523162842,8700,0.0,0.0
2024-01-08 00:00:00-05:00,1.6100000143051147,1.625,1.4700000286102295,1.5499999523162842,67600,0.0,0.0
2024-01-09 00:00:00-05:00,1.5,1.5800000429153442,1.4889999628067017,1.4900000095367432,16000,0.0,0.0
2024-01-10 00:00:00-05:00,1.5299999713897705,1.5679999589920044,1.4900000095367432,1.5,13600,0.0,0.0
2024-01-11 00:00:00-05:00,1.5,1.5,1.25,1.2999999523162842,87700,0.0,0.0
2024-01-12 00:00:00-05:00,1.2899999618530273,1.4199999570846558,1.2899999618530273,1.340000033378601,23300,0.0,0.0
2024-01-16 00:00:00-05:00,1.2999999523162842,1.409999966621399,1.2999999523162842,1.3200000524520874,18300,0.0,0.0
2024-01-17 00:00:00-05:00,1.36899995803833,1.36899995803833,1.2999999523162842,1.3300000429153442,5500,0.0,0.0
2024-01-18 00:00:00-05:00,1.3300000429153442,1.3680000305175781,1.25,1.2699999809265137,54900,0.0,0.0
2024-01-19 00:00:00-05:00,1.2599999904632568,1.3300000429153442,1.2599999904632568,1.3200000524520874,9400,0.0,0.0
2024-01-22 00:00:00-05:00,1.309999942779541,1.3200000524520874,1.25,1.2899999618530273,61000,0.0,0.0
2024-01-23 00:00:00-05:00,1.340000033378601,1.350000023841858,1.2699999809265137,1.3300000429153442,28800,0.0,0.0
2024-01-24 00:00:00-05:00,1.3300000429153442,1.5700000524520874,1.2899999618530273,1.4900000095367432,121900,0.0,0.0
2024-01-25 00:00:00-05:00,1.4600000381469727,1.5800000429153442,1.3899999856948853,1.5399999618530273,57400,0.0,0.0
2024-01-26 00:00:00-05:00,1.569000005722046,1.569000005722046,1.4119999408721924,1.5399999618530273,10900,0.0,0.0
2024-01-29 00:00:00-05:00,1.5299999713897705,1.5800000429153442,1.350000023841858,1.4299999475479126,44900,0.0,0.0
2024-01-30 00:00:00-05:00,1.409999966621399,1.4459999799728394,1.3799999952316284,1.4049999713897705,18100,0.0,0.0
2024-01-31 00:00:00-05:00,1.4149999618530273,1.4299999475479126,1.315999984741211,1.399999976158142,14800,0.0,0.0
2024-02-01 00:00:00-05:00,1.4500000476837158,1.4800000190734863,1.3600000143051147,1.378999948501587,39000,0.0,0.0
2024-02-02 00:00:00-05:00,1.340000033378601,1.399999976158142,1.3300000429153442,1.3600000143051147,12200,0.0,0.0
2024-02-05 00:00:00-05:00,1.340000033378601,1.399999976158142,1.3350000381469727,1.3550000190734863,2900,0.0,0.0
2024-02-06 00:00:00-05:00,1.3300000429153442,1.350000023841858,1.3300000429153442,1.3300000429153442,13500,0.0,0.0
2024-02-07 00:00:00-05:00,1.3200000524520874,1.3350000381469727,1.2990000247955322,1.3300000429153442,13100,0.0,0.0
2024-02-08 00:00:00-05:00,1.3300000429153442,1.409999966621399,1.3259999752044678,1.3300000429153442,32400,0.0,0.0
2024-02-09 00:00:00-05:00,1.340000033378601,1.375,1.3300000429153442,1.350000023841858,4500,0.0,0.0
2024-02-12 00:00:00-05:00,1.3650000095367432,1.5099999904632568,1.350000023841858,1.4600000381469727,84400,0.0,0.0
2024-02-13 00:00:00-05:00,1.4500000476837158,1.559999942779541,1.3730000257492065,1.4500000476837158,33200,0.0,0.0
2024-02-14 00:00:00-05:00,1.5499999523162842,1.5499999523162842,1.3799999952316284,1.440000057220459,28100,0.0,0.0
2024-02-15 00:00:00-05:00,1.559999942779541,1.559999942779541,1.440000057220459,1.5099999904632568,17400,0.0,0.0
2024-02-16 00:00:00-05:00,1.5,1.5199999809265137,1.399999976158142,1.4800000190734863,6500,0.0,0.0
2024-02-20 00:00:00-05:00,1.5399999618530273,1.5399999618530273,1.465000033378601,1.5299999713897705,8700,0.0,0.0
2024-02-21 00:00:00-05:00,1.5,1.5,1.4199999570846558,1.5,8200,0.0,0.0
2024-02-22 00:00:00-05:00,1.5299999713897705,1.5800000429153442,1.5,1.5,12600,0.0,0.0
2024-02-23 00:00:00-05:00,1.5700000524520874,1.5700000524520874,1.2999999523162842,1.5499999523162842,38500,0.0,0.0
2024-02-26 00:00:00-05:00,1.559999942779541,1.559999942779541,1.3919999599456787,1.5,24400,0.0,0.0
2024-02-27 00:00:00-05:00,1.4700000286102295,1.5640000104904175,1.4609999656677246,1.5499999523162842,11300,0.0,0.0
2024-02-28 00:00:00-05:00,1.5,1.5700000524520874,1.4600000381469727,1.4900000095367432,19200,0.0,0.0
2024-02-29 00:00:00-05:00,1.524999976158142,1.5399999618530273,1.4299999475479126,1.5149999856948853,15700,0.0,0.0
2024-03-01 00:00:00-05:00,1.5700000524520874,1.5700000524520874,1.440000057220459,1.4900000095367432,7200,0.0,0.0
2024-03-04 00:00:00-05:00,1.5700000524520874,2.2899999618530273,1.5700000524520874,2.180000066757202,707500,0.0,0.0
2024-03-05 00:00:00-05:00,2.259999990463257,2.2799999713897705,1.899999976158142,2.0999999046325684,196000,0.0,0.0
2024-03-06 00:00:00-05:00,2.009999990463257,2.3499999046325684,1.8569999933242798,2.200000047683716,185800,0.0,0.0
2024-03-07 00:00:00-05:00,2.140000104904175,2.200000047683716,2.0,2.0799999237060547,41600,0.0,0.0
2024-03-08 00:00:00-05:00,2.109999895095825,2.2960000038146973,1.809999942779541,2.0299999713897705,88600,0.0,0.0
2024-03-11 00:00:00-04:00,2.0,2.0,1.8200000524520874,1.9199999570846558,15000,0.0,0.0
2024-03-12 00:00:00-04:00,1.8700000047683716,1.940000057220459,1.7000000476837158,1.7799999713897705,48500,0.0,0.0
2024-03-13 00:00:00-04:00,1.8450000286102295,1.9220000505447388,1.6799999475479126,1.7100000381469727,36100,0.0,0.0
2024-03-14 00:00:00-04:00,1.8179999589920044,1.8339999914169312,1.7300000190734863,1.809999942779541,13300,0.0,0.0
2024-03-15 00:00:00-04:00,1.8300000429153442,1.8300000429153442,1.7599999904632568,1.8300000429153442,8800,0.0,0.0
2024-03-18 00:00:00-04:00,1.840000033378601,1.840000033378601,1.7599999904632568,1.8300000429153442,11300,0.0,0.0
2024-03-19 00:00:00-04:00,1.7999999523162842,1.8200000524520874,1.7610000371932983,1.7999999523162842,11200,0.0,0.0
2024-03-20 00:00:00-04:00,1.7200000286102295,1.7899999618530273,1.5,1.7200000286102295,25800,0.0,0.0
2024-03-21 00:00:00-04:00,1.6799999475479126,1.7799999713897705,1.5770000219345093,1.715000033378601,16700,0.0,0.0
2024-03-22 00:00:00-04:00,1.7200000286102295,1.7699999809265137,1.600000023841858,1.659999966621399,38300,0.0,0.0
2024-03-25 00:00:00-04:00,1.6299999952316284,1.6430000066757202,1.5800000429153442,1.6200000047683716,12700,0.0,0.0
2024-03-26 00:00:00-04:00,1.649999976158142,1.7200000286102295,1.649999976158142,1.6799999475479126,16500,0.0,0.0
2024-03-27 00:00:00-04:00,1.6699999570846558,1.7000000476837158,1.649999976158142,1.690000057220459,4300,0.0,0.0
2024-03-28 00:00:00-04:00,1.6649999618530273,1.7000000476837158,1.659999966621399,1.7000000476837158,4900,0.0,0.0
2024-04-01 00:00:00-04:00,1.7699999809265137,1.7699999809265137,1.5299999713897705,1.590000033378601,24800,0.0,0.0
2024-04-02 00:00:00-04:00,1.6200000047683716,1.6200000047683716,1.559999942779541,1.590000033378601,6700,0.0,0.0
2024-04-03 00:00:00-04:00,1.590000033378601,1.590000033378601,1.5299999713897705,1.5499999523162842,19200,0.0,0.0
2024-04-04 00:00:00-04:00,1.559999942779541,1.559999942779541,1.5199999809265137,1.559999942779541,4400,0.0,0.0
2024-04-05 00:00:00-04:00,1.534999966621399,1.6299999952316284,1.5299999713897705,1.5499999523162842,20400,0.0,0.0
2024-04-08 00:00:00-04:00,1.6200000047683716,1.6200000047683716,1.4110000133514404,1.5099999904632568,230500,0.0,0.0
2024-04-09 00:00:00-04:00,1.4600000381469727,1.5299999713897705,1.4600000381469727,1.5099999904632568,13400,0.0,0.0
2024-04-10 00:00:00-04:00,1.5,1.5800000429153442,1.4019999504089355,1.4800000190734863,92900,0.0,0.0
2024-04-11 00:00:00-04:00,1.4299999475479126,1.5299999713897705,1.4299999475479126,1.5299999713897705,12700,0.0,0.0
2024-04-12 00:00:00-04:00,1.5099999904632568,1.5299999713897705,1.4800000190734863,1.5199999809265137,12300,0.0,0.0
2024-04-15 00:00:00-04:00,1.5299999713897705,1.5800000429153442,1.399999976158142,1.4500000476837158,40400,0.0,0.0
2024-04-16 00:00:00-04:00,1.440000057220459,1.5,1.399999976158142,1.4900000095367432,18700,0.0,0.0
2024-04-17 00:00:00-04:00,1.399999976158142,1.4500000476837158,1.2999999523162842,1.3200000524520874,72500,0.0,0.0
2024-04-18 00:00:00-04:00,1.2000000476837158,1.2999999523162842,1.121999979019165,1.1799999475479126,96000,0.0,0.0
2024-04-19 00:00:00-04:00,1.159999966621399,1.281999945640564,1.156000018119812,1.2300000190734863,51700,0.0,0.0
2024-04-22 00:00:00-04:00,1.149999976158142,1.2599999904632568,1.149999976158142,1.2000000476837158,33100,0.0,0.0
2024-04-23 00:00:00-04:00,1.1799999475479126,1.312999963760376,1.1799999475479126,1.25,23600,0.0,0.0
2024-04-24 00:00:00-04:00,1.1799999475479126,1.2799999713897705,1.1699999570846558,1.2200000286102295,26800,0.0,0.0
2024-04-25 00:00:00-04:00,1.2430000305175781,1.2799999713897705,1.190000057220459,1.190000057220459,20900,0.0,0.0
2024-04-26 00:00:00-04:00,1.2799999713897705,1.2799999713897705,1.2200000286102295,1.2400000095367432,29300,0.0,0.0
2024-04-29 00:00:00-04:00,1.2400000095367432,1.2699999809265137,1.2300000190734863,1.2699999809265137,15800,0.0,0.0
2024-04-30 00:00:00-04:00,1.25,1.25,1.190000057220459,1.2200000286102295,18500,0.0,0.0
2024-05-01 00:00:00-04:00,1.1200000047683716,1.2999999523162842,1.1200000047683716,1.184999942779541,95500,0.0,0.0
2024-05-02 00:00:00-04:00,1.1799999475479126,1.2300000190734863,1.1699999570846558,1.1799999475479126,37900,0.0,0.0
2024-05-03 00:00:00-04:00,1.1799999475479126,1.2599999904632568,1.1799999475479126,1.2100000381469727,43600,0.0,0.0
2024-05-06 00:00:00-04:00,1.2100000381469727,1.25,1.159999966621399,1.190000057220459,24800,0.0,0.0
2024-05-07 00:00:00-04:00,1.2100000381469727,1.2799999713897705,1.2000000476837158,1.2799999713897705,29500,0.0,0.0
2024-05-08 00:00:00-04:00,1.25,1.8300000429153442,1.25,1.399999976158142,429800,0.0,0.0
2024-05-09 00:00:00-04:00,1.4129999876022339,1.5800000429153442,1.4129999876022339,1.5499999523162842,79200,0.0,0.0
2024-05-10 00:00:00-04:00,1.5,1.5479999780654907,1.4700000286102295,1.4700000286102295,25300,0.0,0.0
2024-05-13 00:00:00-04:00,1.4500000476837158,1.4639999866485596,1.409999966621399,1.409999966621399,21300,0.0,0.0
2024-05-14 00:00:00-04:00,1.409999966621399,1.5199999809265137,1.4079999923706055,1.5199999809265137,24800,0.0,0.0
2024-05-15 00:00:00-04:00,1.4850000143051147,1.5640000104904175,1.4850000143051147,1.5299999713897705,21300,0.0,0.0
2024-05-16 00:00:00-04:00,1.4600000381469727,1.5099999904632568,1.4170000553131104,1.4450000524520874,37500,0.0,0.0
2024-05-17 00:00:00-04:00,1.4900000095367432,1.496000051498413,1.440000057220459,1.4800000190734863,3600,0.0,0.0
2024-05-20 00:00:00-04:00,1.4500000476837158,1.5,1.4500000476837158,1.4900000095367432,4600,0.0,0.0
2024-05-21 00:00:00-04:00,1.4500000476837158,1.5499999523162842,1.4299999475479126,1.465000033378601,45700,0.0,0.0
2024-05-22 00:00:00-04:00,1.4199999570846558,1.5399999618530273,1.3899999856948853,1.3899999856948853,17700,0.0,0.0
2024-05-23 00:00:00-04:00,1.309999942779541,1.3200000524520874,1.0499999523162842,1.090000033378601,203200,0.0,0.0
2024-05-24 00:00:00-04:00,1.0800000429153442,1.149999976158142,1.0800000429153442,1.1299999952316284,29800,0.0,0.0
2024-05-28 00:00:00-04:00,1.100000023841858,1.1699999570846558,1.100000023841858,1.1399999856948853,29900,0.0,0.0
2024-05-29 00:00:00-04:00,1.100000023841858,1.190000057220459,1.100000023841858,1.149999976158142,21000,0.0,0.0
2024-05-30 00:00:00-04:00,1.149999976158142,1.1799999475479126,1.1100000143051147,1.1200000047683716,16500,0.0,0.0
2024-05-31 00:00:00-04:00,1.100000023841858,1.1399999856948853,1.100000023841858,1.1200000047683716,7300,0.0,0.0
2024-06-03 00:00:00-04:00,1.1699999570846558,1.1729999780654907,1.0499999523162842,1.100000023841858,63300,0.0,0.0
2024-06-04 00:00:00-04:00,1.0700000524520874,1.1200000047683716,1.0019999742507935,1.0299999713897705,28600,0.0,0.0
2024-06-05 00:00:00-04:00,1.0399999618530273,1.1299999952316284,1.0399999618530273,1.0950000286102295,15800,0.0,0.0
2024-06-06 00:00:00-04:00,1.1399999856948853,1.1399999856948853,1.0800000429153442,1.090000033378601,6700,0.0,0.0
2024-06-07 00:00:00-04:00,1.090000033378601,1.1169999837875366,1.0800000429153442,1.100000023841858,22500,0.0,0.0
2024-06-10 00:00:00-04:00,1.0800000429153442,1.1399999856948853,1.0800000429153442,1.1200000047683716,19000,0.0,0.0
2024-06-11 00:00:00-04:00,1.100000023841858,1.149999976158142,1.0800000429153442,1.1009999513626099,56800,0.0,0.0
2024-06-12 00:00:00-04:00,1.1100000143051147,1.1299999952316284,1.0800000429153442,1.100000023841858,38000,0.0,0.0
2024-06-13 00:00:00-04:00,1.090000033378601,1.1100000143051147,1.0800000429153442,1.090000033378601,27000,0.0,0.0
2024-06-14 00:00:00-04:00,1.059999942779541,1.100000023841858,1.059999942779541,1.0800000429153442,26100,0.0,0.0
2024-06-17 00:00:00-04:00,1.0800000429153442,1.159999966621399,1.0800000429153442,1.0800000429153442,7900,0.0,0.0
2024-06-18 00:00:00-04:00,1.090000033378601,1.100000023841858,1.0800000429153442,1.0800000429153442,7500,0.0,0.0
2024-06-20 00:00:00-04:00,1.0800000429153442,1.149999976158142,1.0299999713897705,1.100000023841858,33800,0.0,0.0
2024-06-21 00:00:00-04:00,1.0700000524520874,1.100000023841858,1.0499999523162842,1.0499999523162842,4500,0.0,0.0
2024-06-24 00:00:00-04:00,1.0199999809265137,1.059999942779541,1.0199999809265137,1.0199999809265137,26400,0.0,0.0
2024-06-25 00:00:00-04:00,1.0449999570846558,1.0700000524520874,1.0099999904632568,1.0199999809265137,12100,0.0,0.0
2024-06-26 00:00:00-04:00,0.9700000286102295,1.0499999523162842,0.9700000286102295,1.0099999904632568,43500,0.0,0.0
2024-06-27 00:00:00-04:00,1.0099999904632568,1.0700000524520874,1.0,1.0399999618530273,16300,0.0,0.0
2024-06-28 00:00:00-04:00,1.0199999809265137,1.0800000429153442,1.0,1.0399999618530273,17200,0.0,0.0
2024-07-01 00:00:00-04:00,1.0399999618530273,1.059999942779541,1.0099999904632568,1.0299999713897705,21100,0.0,0.0
2024-07-02 00:00:00-04:00,1.0099999904632568,1.0499999523162842,1.0,1.0410000085830688,3900,0.0,0.0
2024-07-03 00:00:00-04:00,1.0,1.0700000524520874,1.0,1.0099999904632568,6000,0.0,0.0
2024-07-05 00:00:00-04:00,1.0,1.0789999961853027,0.9800000190734863,1.0399999618530273,23700,0.0,0.0
2024-07-08 00:00:00-04:00,1.0099999904632568,1.059999942779541,0.9800000190734863,0.9800000190734863,17700,0.0,0.0
2024-07-09 00:00:00-04:00,0.9800000190734863,1.0499999523162842,0.9800000190734863,1.0299999713897705,8500,0.0,0.0
2024-07-10 00:00:00-04:00,1.0399999618530273,1.0800000429153442,1.0,1.0800000429153442,27300,0.0,0.0
2024-07-11 00:00:00-04:00,1.0800000429153442,1.149999976158142,1.0399999618530273,1.1100000143051147,32000,0.0,0.0
2024-07-12 00:00:00-04:00,1.090000033378601,1.4700000286102295,1.0839999914169312,1.4199999570846558,342900,0.0,0.0
2024-07-15 00:00:00-04:00,1.409999966621399,1.409999966621399,1.2000000476837158,1.2400000095367432,65700,0.0,0.0
2024-07-16 00:00:00-04:00,1.2200000286102295,1.2300000190734863,1.100000023841858,1.1649999618530273,90200,0.0,0.0
2024-07-17 00:00:00-04:00,1.1799999475479126,1.350000023841858,1.1799999475479126,1.2100000381469727,53100,0.0,0.0
2024-07-18 00:00:00-04:00,1.25,1.2599999904632568,1.2100000381469727,1.2350000143051147,13000,0.0,0.0
2024-07-19 00:00:00-04:00,1.2699999809265137,1.2699999809265137,1.149999976158142,1.149999976158142,28600,0.0,0.0
2024-07-22 00:00:00-04:00,1.149999976158142,1.2200000286102295,1.149999976158142,1.2000000476837158,55800,0.0,0.0
2024-07-23 00:00:00-04:00,1.2000000476837158,1.2000000476837158,1.149999976158142,1.149999976158142,59700,0.0,0.0
2024-07-24 00:00:00-04:00,1.1699999570846558,1.1699999570846558,1.100000023841858,1.1100000143051147,18000,0.0,0.0
2024-07-25 00:00:00-04:00,1.100000023841858,1.2000000476837158,1.100000023841858,1.1299999952316284,53200,0.0,0.0
2024-07-26 00:00:00-04:00,1.1299999952316284,1.2799999713897705,1.100000023841858,1.2100000381469727,159500,0.0,0.0
2024-07-29 00:00:00-04:00,1.2000000476837158,1.2000000476837158,1.100000023841858,1.100000023841858,66100,0.0,0.0
2024-07-30 00:00:00-04:00,1.100000023841858,1.159000039100647,1.0299999713897705,1.0299999713897705,38300,0.0,0.0
2024-07-31 00:00:00-04:00,1.0800000429153442,1.1100000143051147,1.0199999809265137,1.0199999809265137,69500,0.0,0.0
2024-08-01 00:00:00-04:00,1.0199999809265137,1.0700000524520874,0.9700000286102295,0.9700000286102295,92100,0.0,0.0
2024-08-02 00:00:00-04:00,1.0,1.0199999809265137,0.9700000286102295,0.9990000128746033,54500,0.0,0.0
