Date,Open,High,Low,Close,Volume,Dividends,Stock Splits
1986-06-26 00:00:00-04:00,0.0,1.3861443037113714,1.257200424489894,1.2894365787506104,4564200,0.0,0.0
1986-06-27 00:00:00-04:00,0.0,1.3216719951899387,1.2894365787506104,1.2894365787506104,813000,0.0,0.0
1986-06-30 00:00:00-04:00,0.0,1.3216719951899387,1.257200424489894,1.2894365787506104,594600,0.0,0.0
1986-07-01 00:00:00-04:00,0.0,1.3216719951899387,1.257200424489894,1.2894365787506104,475800,0.0,0.0
1986-07-02 00:00:00-04:00,0.0,1.3216724289965824,1.257200837135315,1.257200837135315,351600,0.0,0.0
1986-07-03 00:00:00-04:00,0.0,1.3216724289965824,1.257200837135315,1.257200837135315,198000,0.0,0.0
1986-07-07 00:00:00-04:00,0.0,1.3216724289965824,1.257200837135315,1.257200837135315,63000,0.0,0.0
1986-07-08 00:00:00-04:00,0.0,1.3216724289965824,1.257200837135315,1.257200837135315,189000,0.0,0.0
1986-07-09 00:00:00-04:00,0.0,1.3216724289965824,1.257200837135315,1.257200837135315,40200,0.0,0.0
1986-07-10 00:00:00-04:00,0.0,1.2894365787506104,1.257200424489894,1.2894365787506104,272400,0.0,0.0
1986-07-11 00:00:00-04:00,0.0,1.2894370019767638,1.257200837135315,1.257200837135315,185400,0.0,0.0
1986-07-14 00:00:00-04:00,0.0,1.2894370019767638,1.257200837135315,1.257200837135315,424800,0.0,0.0
1986-07-15 00:00:00-04:00,0.0,1.257200837135315,1.257200837135315,1.257200837135315,30000,0.0,0.0
1986-07-16 00:00:00-04:00,0.0,1.2733184949179954,1.2249646186828613,1.2249646186828613,734400,0.0,0.0
1986-07-17 00:00:00-04:00,0.0,1.257200837135315,1.1927292452740472,1.257200837135315,40800,0.0,0.0
1986-07-18 00:00:00-04:00,0.0,1.257200837135315,1.1927292452740472,1.257200837135315,55800,0.0,0.0
1986-07-21 00:00:00-04:00,0.0,1.2249646614293495,1.1927292346954346,1.1927292346954346,14400,0.0,0.0
1986-07-22 00:00:00-04:00,0.0,1.2572008259848877,1.1927292346954346,1.1927292346954346,12000,0.0,0.0
1986-07-23 00:00:00-04:00,0.0,1.257200837135315,1.1927292452740472,1.257200837135315,63600,0.0,0.0
1986-07-24 00:00:00-04:00,0.0,1.2572008259848877,1.1927292346954346,1.1927292346954346,27000,0.0,0.0
1986-07-25 00:00:00-04:00,0.0,1.1927292346954346,1.1927292346954346,1.1927292346954346,4800,0.0,0.0
1986-07-28 00:00:00-04:00,0.0,1.1927292346954346,1.1927292346954346,1.1927292346954346,4800,0.0,0.0
1986-07-29 00:00:00-04:00,0.0,1.1927292346954346,1.1927292346954346,1.1927292346954346,15600,0.0,0.0
1986-07-30 00:00:00-04:00,0.0,1.2572005093097687,1.1604927778244019,1.1604927778244019,14400,0.0,0.0
1986-07-31 00:00:00-04:00,0.0,1.2249646186828613,1.1604930296432152,1.2249646186828613,64200,0.0,0.0
1986-08-01 00:00:00-04:00,0.0,1.2249643528741672,1.1604927778244019,1.1604927778244019,9000,0.0,0.0
1986-08-04 00:00:00-04:00,0.0,1.2249643528741672,1.1604927778244019,1.1604927778244019,61200,0.0,0.0
1986-08-05 00:00:00-04:00,0.0,1.2249643528741672,1.1604927778244019,1.1604927778244019,187800,0.0,0.0
1986-08-06 00:00:00-04:00,0.0,1.1927292346954346,1.1604930701398963,1.1927292346954346,3600,0.0,0.0
1986-08-07 00:00:00-04:00,0.0,1.1604927778244019,1.1604927778244019,1.1604927778244019,99000,0.0,0.0
1986-08-08 00:00:00-04:00,0.0,1.2249643528741672,1.1604927778244019,1.1604927778244019,12000,0.0,0.0
1986-08-11 00:00:00-04:00,0.0,1.2249646186828613,1.1604930296432152,1.2249646186828613,16200,0.0,0.0
1986-08-12 00:00:00-04:00,0.0,1.2249646186828613,1.1604930296432152,1.2249646186828613,693600,0.0,0.0
1986-08-13 00:00:00-04:00,0.0,1.2249643528741672,1.1604927778244019,1.1604927778244019,10200,0.0,0.0
1986-08-14 00:00:00-04:00,0.0,1.1927292346954346,1.1927292346954346,1.1927292346954346,21000,0.0,0.0
1986-08-15 00:00:00-04:00,0.0,1.2572007821134832,1.1927291930738373,1.2249646186828613,90000,0.0,0.0
1986-08-18 00:00:00-04:00,0.0,1.289436990540426,1.1927292346954346,1.1927292346954346,15000,0.0,0.0
1986-08-19 00:00:00-04:00,0.0,1.2249646614293495,1.1927292346954346,1.1927292346954346,6600,0.0,0.0
1986-08-20 00:00:00-04:00,0.0,1.2249646614293495,1.1927292346954346,1.1927292346954346,4800,0.0,0.0
1986-08-21 00:00:00-04:00,0.0,1.257200837135315,1.224964672293866,1.257200837135315,43200,0.0,0.0
1986-08-22 00:00:00-04:00,0.0,1.2894369455441053,1.2249646186828613,1.2249646186828613,9600,0.0,0.0
1986-08-25 00:00:00-04:00,0.0,1.2249646186828613,1.2249646186828613,1.2249646186828613,4200,0.0,0.0
1986-08-26 00:00:00-04:00,0.0,1.2894369455441053,1.2249646186828613,1.2249646186828613,22200,0.0,0.0
1986-08-27 00:00:00-04:00,0.0,1.2894365787506104,1.2249642702291776,1.2894365787506104,17400,0.0,0.0
1986-08-28 00:00:00-04:00,0.0,1.2249646186828613,1.2249646186828613,1.2249646186828613,600,0.0,0.0
1986-08-29 00:00:00-04:00,0.0,1.2894365787506104,1.2249642702291776,1.2894365787506104,93000,0.0,0.0
1986-09-02 00:00:00-04:00,0.0,1.2894369455441053,1.1927291930738373,1.2249646186828613,16800,0.0,0.0
1986-09-03 00:00:00-04:00,0.0,1.1927292346954346,1.1927292346954346,1.1927292346954346,5400,0.0,0.0
1986-09-04 00:00:00-04:00,0.0,1.1927292346954346,1.1927292346954346,1.1927292346954346,3000,0.0,0.0
1986-09-05 00:00:00-04:00,0.0,1.2088465690612793,1.192728860747593,1.2088465690612793,6600,0.0,0.0
1986-09-08 00:00:00-04:00,0.0,1.2249646614293495,1.1927292346954346,1.1927292346954346,38400,0.0,0.0
1986-09-09 00:00:00-04:00,0.0,1.1927289342600034,1.1604927778244019,1.1604927778244019,40200,0.0,0.0
1986-09-10 00:00:00-04:00,0.0,1.3216723203659058,1.2572007338036764,1.3216723203659058,204600,0.0,0.0
1986-09-11 00:00:00-04:00,0.0,1.3216724289965824,1.257200837135315,1.257200837135315,91200,0.0,0.0
1986-09-12 00:00:00-04:00,0.0,1.3216724289965824,1.257200837135315,1.257200837135315,36000,0.0,0.0
1986-09-15 00:00:00-04:00,0.0,1.3216723203659058,1.2572007338036764,1.3216723203659058,6000,0.0,0.0
1986-09-16 00:00:00-04:00,0.0,1.1766108274459839,1.1604931134771297,1.1766108274459839,32400,0.0,0.0
1986-09-17 00:00:00-04:00,0.0,1.1927292346954346,1.128256905584358,1.1927292346954346,33600,0.0,0.0
1986-09-18 00:00:00-04:00,0.0,1.1927292346954346,1.128256905584358,1.1927292346954346,12600,0.0,0.0
1986-09-19 00:00:00-04:00,0.0,1.128256916999817,1.128256916999817,1.128256916999817,36000,0.0,0.0
1986-09-22 00:00:00-04:00,0.0,1.1604930818815138,1.128256916999817,1.128256916999817,4200,0.0,0.0
1986-09-23 00:00:00-04:00,0.0,1.1604927778244019,1.1282566213888003,1.1604927778244019,10200,0.0,0.0
1986-09-24 00:00:00-04:00,0.0,1.128256916999817,1.128256916999817,1.128256916999817,6600,0.0,0.0
1986-09-25 00:00:00-04:00,0.0,1.1604927778244019,1.1282566213888003,1.1604927778244019,4200,0.0,0.0
1986-09-26 00:00:00-04:00,0.0,1.1927292346954346,1.1604930701398963,1.1927292346954346,2400,0.0,0.0
1986-09-29 00:00:00-04:00,0.0,1.1927292467632105,1.128256916999817,1.128256916999817,2400,0.0,0.0
1986-09-30 00:00:00-04:00,0.0,1.1604927778244019,1.1604927778244019,1.1604927778244019,12000,0.0,0.0
1986-10-01 00:00:00-04:00,0.0,1.257200837135315,1.1927292452740472,1.257200837135315,325800,0.0,0.0
1986-10-02 00:00:00-04:00,0.0,1.257200837135315,1.257200837135315,1.257200837135315,600,0.0,0.0
1986-10-03 00:00:00-04:00,1.257200837135315,1.257200837135315,1.257200837135315,1.257200837135315,0,0.0,0.0
1986-10-06 00:00:00-04:00,0.0,1.289436990540426,1.1927292346954346,1.1927292346954346,5400,0.0,0.0
1986-10-07 00:00:00-04:00,0.0,1.289436990540426,1.1927292346954346,1.1927292346954346,22800,0.0,0.0
1986-10-08 00:00:00-04:00,0.0,1.2894365787506104,1.2894365787506104,1.2894365787506104,9600,0.0,0.0
1986-10-09 00:00:00-04:00,1.2894365787506104,1.2894365787506104,1.2894365787506104,1.2894365787506104,0,0.0,0.0
1986-10-10 00:00:00-04:00,0.0,1.2572004318237304,1.2088465690612793,1.2088465690612793,9600,0.0,0.0
1986-10-13 00:00:00-04:00,1.2088465690612793,1.2088465690612793,1.2088465690612793,1.2088465690612793,0,0.0,0.0
1986-10-14 00:00:00-04:00,0.0,1.208846948062392,1.1927292346954346,1.1927292346954346,301200,0.0,0.0
1986-10-15 00:00:00-04:00,0.0,1.2894365787506104,1.2249642702291776,1.2894365787506104,117600,0.0,0.0
1986-10-16 00:00:00-04:00,0.0,1.2894365787506104,1.2894365787506104,1.2894365787506104,10800,0.0,0.0
1986-10-17 00:00:00-04:00,0.0,1.2572008259848877,1.1927292346954346,1.1927292346954346,48600,0.0,0.0
1986-10-20 00:00:00-04:00,0.0,1.2572007821134832,1.1927291930738373,1.2249646186828613,10200,0.0,0.0
1986-10-21 00:00:00-04:00,0.0,1.2572008259848877,1.1927292346954346,1.1927292346954346,5400,0.0,0.0
1986-10-22 00:00:00-04:00,0.0,1.2572008259848877,1.1927292346954346,1.1927292346954346,4200,0.0,0.0
1986-10-23 00:00:00-04:00,1.1927292346954346,1.1927292346954346,1.1927292346954346,1.1927292346954346,0,0.0,0.0
1986-10-24 00:00:00-04:00,0.0,1.1927292346954346,1.1927292346954346,1.1927292346954346,3000,0.0,0.0
1986-10-27 00:00:00-05:00,0.0,1.2249646614293495,1.1927292346954346,1.1927292346954346,63600,0.0,0.0
1986-10-28 00:00:00-05:00,0.0,1.257200837135315,1.257200837135315,1.257200837135315,1200,0.0,0.0
1986-10-29 00:00:00-05:00,0.0,1.257200837135315,1.257200837135315,1.257200837135315,1200,0.0,0.0
1986-10-30 00:00:00-05:00,0.0,1.257200837135315,1.1927292452740472,1.257200837135315,14400,0.0,0.0
1986-10-31 00:00:00-05:00,0.0,1.1927292346954346,1.1927292346954346,1.1927292346954346,3600,0.0,0.0
1986-11-03 00:00:00-05:00,0.0,1.2572008259848877,1.1927292346954346,1.1927292346954346,12600,0.0,0.0
1986-11-04 00:00:00-05:00,0.0,1.257200837135315,1.1927292452740472,1.257200837135315,7200,0.0,0.0
1986-11-05 00:00:00-05:00,0.0,1.2572008259848877,1.1927292346954346,1.1927292346954346,2400,0.0,0.0
1986-11-06 00:00:00-05:00,0.0,1.1927292346954346,1.1927292346954346,1.1927292346954346,3000,0.0,0.0
1986-11-07 00:00:00-05:00,0.0,1.257200837135315,1.1927292452740472,1.257200837135315,16800,0.0,0.0
1986-11-10 00:00:00-05:00,0.0,1.257200837135315,1.1927292452740472,1.257200837135315,12000,0.0,0.0
1986-11-11 00:00:00-05:00,0.0,1.2733184099197388,1.1927291134551854,1.2733184099197388,35400,0.0,0.0
1986-11-12 00:00:00-05:00,0.0,1.2249646186828613,1.2249646186828613,1.2249646186828613,1200,0.0,0.0
1986-11-13 00:00:00-05:00,0.0,1.2894365787506104,1.2249642702291776,1.2894365787506104,8400,0.0,0.0
1986-11-14 00:00:00-05:00,0.0,1.2894365787506104,1.2894365787506104,1.2894365787506104,1800,0.0,0.0
1986-11-17 00:00:00-05:00,0.0,1.2572007821134832,1.2249646186828613,1.2249646186828613,9000,0.0,0.0
1986-11-18 00:00:00-05:00,0.0,1.2894368594698882,1.2249645369123872,1.2733184099197388,21600,0.0,0.0
1986-11-19 00:00:00-05:00,0.0,1.2733184949179954,1.2249646186828613,1.2249646186828613,1200,0.0,0.0
1986-11-20 00:00:00-05:00,0.0,1.2894370019767638,1.257200837135315,1.257200837135315,15000,0.0,0.0
1986-11-21 00:00:00-05:00,0.0,1.2894370019767638,1.257200837135315,1.257200837135315,26400,0.0,0.0
1986-11-24 00:00:00-05:00,0.0,1.2894365787506104,1.257200424489894,1.2894365787506104,16800,0.0,0.0
1986-11-25 00:00:00-05:00,0.0,1.2894370019767638,1.257200837135315,1.257200837135315,43200,0.0,0.0
1986-11-26 00:00:00-05:00,0.0,1.3055542707443237,1.2894365627249769,1.3055542707443237,180000,0.0,0.0
1986-11-28 00:00:00-05:00,0.0,1.2733185506452243,1.257200837135315,1.257200837135315,105000,0.0,0.0
1986-12-01 00:00:00-05:00,0.0,1.3216724289965824,1.257200837135315,1.257200837135315,2400,0.0,0.0
1986-12-02 00:00:00-05:00,1.257200837135315,1.257200837135315,1.257200837135315,1.257200837135315,0,0.0,0.0
1986-12-03 00:00:00-05:00,0.0,1.257200837135315,1.257200837135315,1.257200837135315,1800,0.0,0.0
1986-12-04 00:00:00-05:00,0.0,1.3216723203659058,1.2572007338036764,1.3216723203659058,25200,0.0,0.0
1986-12-05 00:00:00-05:00,0.0,1.3216719787636706,1.2572004088649043,1.3055542707443237,34800,0.0,0.0
1986-12-08 00:00:00-05:00,0.0,1.2939069192019033,1.2292110919952393,1.2292110919952393,13800,0.00583,0.0
1986-12-09 00:00:00-05:00,0.0,1.2939069192019033,1.2292110919952393,1.2292110919952393,6000,0.0,0.0
1986-12-10 00:00:00-05:00,0.0,1.2939075274734453,1.2292116698529778,1.245386004447937,39000,0.0,0.0
1986-12-11 00:00:00-05:00,0.0,1.2939069192019033,1.2292110919952393,1.2292110919952393,6600,0.0,0.0
1986-12-12 00:00:00-05:00,0.0,1.2939069192019033,1.2292110919952393,1.2292110919952393,315600,0.0,0.0
1986-12-15 00:00:00-05:00,0.0,1.245386004447937,1.2292116698529778,1.245386004447937,280800,0.0,0.0
1986-12-16 00:00:00-05:00,0.0,1.293906807899475,1.2292109862579736,1.293906807899475,7200,0.0,0.0
1986-12-17 00:00:00-05:00,0.0,1.2939069192019033,1.2292110919952393,1.2292110919952393,10800,0.0,0.0
1986-12-18 00:00:00-05:00,0.0,1.293906807899475,1.2292109862579736,1.293906807899475,13200,0.0,0.0
1986-12-19 00:00:00-05:00,0.0,1.2615591287612915,1.2615591287612915,1.2615591287612915,1800,0.0,0.0
1986-12-22 00:00:00-05:00,0.0,1.2615591287612915,1.2615591287612915,1.2615591287612915,6000,0.0,0.0
1986-12-23 00:00:00-05:00,0.0,1.2939070586462458,1.2292112244673126,1.2777327299118042,25800,0.0,0.0
1986-12-24 00:00:00-05:00,0.0,1.2615591287612915,1.1968640356179514,1.2615591287612915,249000,0.0,0.0
1986-12-26 00:00:00-05:00,0.0,1.2615591287612915,1.2615591287612915,1.2615591287612915,1200,0.0,0.0
1986-12-29 00:00:00-05:00,0.0,1.261559351908843,1.1968642473220825,1.1968642473220825,4200,0.0,0.0
1986-12-30 00:00:00-05:00,0.0,1.2292110919952393,1.196863918771244,1.2292110919952393,13200,0.0,0.0
1986-12-31 00:00:00-05:00,0.0,1.2292110919952393,1.196863918771244,1.2292110919952393,11400,0.0,0.0
1987-01-02 00:00:00-05:00,0.0,1.2292114294256928,1.1968642473220825,1.1968642473220825,9600,0.0,0.0
1987-01-05 00:00:00-05:00,0.0,1.2292110919952393,1.2292110919952393,1.2292110919952393,44400,0.0,0.0
1987-01-06 00:00:00-05:00,1.2292110919952393,1.2292110919952393,1.2292110919952393,1.2292110919952393,0,0.0,0.0
1987-01-07 00:00:00-05:00,0.0,1.261559351908843,1.1968642473220825,1.1968642473220825,4800,0.0,0.0
1987-01-08 00:00:00-05:00,0.0,1.2615591287612915,1.2615591287612915,1.2615591287612915,1200,0.0,0.0
1987-01-09 00:00:00-05:00,0.0,1.2615590055985713,1.2292110919952393,1.2292110919952393,7200,0.0,0.0
1987-01-12 00:00:00-05:00,0.0,1.2615590055985713,1.2292110919952393,1.2292110919952393,15000,0.0,0.0
1987-01-13 00:00:00-05:00,0.0,1.2615591287612915,1.229211211999917,1.2615591287612915,5400,0.0,0.0
1987-01-14 00:00:00-05:00,0.0,1.2615590055985713,1.2292110919952393,1.2292110919952393,14400,0.0,0.0
1987-01-15 00:00:00-05:00,0.0,1.2615590055985713,1.2292110919952393,1.2292110919952393,48600,0.0,0.0
1987-01-16 00:00:00-05:00,0.0,1.2292110919952393,1.0674730047372527,1.2292110919952393,159000,0.0,0.0
1987-01-19 00:00:00-05:00,1.2292110919952393,1.2292110919952393,1.2292110919952393,1.2292110919952393,0,0.0,0.0
1987-01-20 00:00:00-05:00,0.0,1.1645158529281616,1.1645158529281616,1.1645158529281616,1800,0.0,0.0
1987-01-21 00:00:00-05:00,0.0,1.2292110919952393,1.164516005167912,1.2292110919952393,15600,0.0,0.0
1987-01-22 00:00:00-05:00,0.0,1.2292110919952393,1.164516005167912,1.2292110919952393,96600,0.0,0.0
1987-01-23 00:00:00-05:00,0.0,1.2292109312977573,1.1645158529281616,1.1645158529281616,6000,0.0,0.0
1987-01-26 00:00:00-05:00,0.0,1.2292110919952393,1.164516005167912,1.2292110919952393,88200,0.0,0.0
1987-01-27 00:00:00-05:00,0.0,1.2292110919952393,1.164516005167912,1.2292110919952393,1800,0.0,0.0
1987-01-28 00:00:00-05:00,0.0,1.2292110919952393,1.164516005167912,1.2292110919952393,100200,0.0,0.0
1987-01-29 00:00:00-05:00,0.0,1.2292110919952393,1.164516005167912,1.2292110919952393,42600,0.0,0.0
1987-01-30 00:00:00-05:00,0.0,1.1968642473220825,1.1968642473220825,1.1968642473220825,600,0.0,0.0
1987-02-02 00:00:00-05:00,0.0,1.2939069192019033,1.196863918771244,1.2292110919952393,19200,0.0,0.0
1987-02-03 00:00:00-05:00,0.0,1.2292110919952393,1.2292110919952393,1.2292110919952393,10800,0.0,0.0
1987-02-04 00:00:00-05:00,0.0,1.293906807899475,1.2453853118579856,1.293906807899475,7800,0.0,0.0
1987-02-05 00:00:00-05:00,0.0,1.293906807899475,1.2615588970787244,1.293906807899475,33600,0.0,0.0
1987-02-06 00:00:00-05:00,0.0,1.293906807899475,1.2615588970787244,1.293906807899475,4200,0.0,0.0
1987-02-09 00:00:00-05:00,0.0,1.2615591287612915,1.2615591287612915,1.2615591287612915,600,0.0,0.0
1987-02-10 00:00:00-05:00,0.0,1.3586015701293945,1.2615586008344377,1.3586015701293945,259800,0.0,0.0
1987-02-11 00:00:00-05:00,0.0,1.4232977722061988,1.3262547254562378,1.3262547254562378,52800,0.0,0.0
1987-02-12 00:00:00-05:00,0.0,1.423296636199666,1.3424279887066013,1.3586015701293945,597000,0.0,0.0
1987-02-13 00:00:00-05:00,0.0,1.423296636199666,1.3586015701293945,1.3586015701293945,7200,0.0,0.0
1987-02-17 00:00:00-05:00,0.0,1.455644588359946,1.3586016158026164,1.4394710063934326,52800,0.0,0.0
1987-02-18 00:00:00-05:00,0.0,1.4394710124003156,1.3586016214720331,1.4232966899871826,262800,0.0,0.0
1987-02-19 00:00:00-05:00,0.0,1.4232966899871826,1.3586016214720331,1.4232966899871826,22800,0.0,0.0
1987-02-20 00:00:00-05:00,0.0,1.423296636199666,1.3586015701293945,1.3586015701293945,21600,0.0,0.0
1987-02-23 00:00:00-05:00,0.0,1.4232966899871826,1.3586016214720331,1.4232966899871826,18000,0.0,0.0
1987-02-24 00:00:00-05:00,0.0,1.455644965171814,1.3909498801795053,1.455644965171814,513600,0.0,0.0
1987-02-25 00:00:00-05:00,0.0,1.455644594434321,1.4232966899871826,1.4232966899871826,27600,0.0,0.0
1987-02-26 00:00:00-05:00,0.0,1.4232970168097097,1.3909498453140259,1.3909498453140259,15600,0.0,0.0
1987-02-27 00:00:00-05:00,0.0,1.4232966899871826,1.3909495259191715,1.4232966899871826,27000,0.0,0.0
1987-03-02 00:00:00-05:00,0.0,1.423296636199666,1.3586015701293945,1.3586015701293945,41400,0.0,0.0
1987-03-03 00:00:00-05:00,0.0,1.358601889161703,1.293906807899475,1.293906807899475,298200,0.0,0.0
1987-03-04 00:00:00-05:00,0.0,1.358601889161703,1.293906807899475,1.293906807899475,4800,0.0,0.0
1987-03-05 00:00:00-05:00,0.0,1.358601889161703,1.293906807899475,1.293906807899475,9600,0.0,0.0
1987-03-06 00:00:00-05:00,0.0,1.3586015701293945,1.293906504059123,1.3586015701293945,22800,0.0,0.0
1987-03-09 00:00:00-05:00,0.0,1.3586015701293945,1.293906504059123,1.3586015701293945,11400,0.0,0.0
1987-03-10 00:00:00-05:00,0.0,1.3586015701293945,1.3100800854819161,1.3586015701293945,2400,0.0,0.0
1987-03-11 00:00:00-05:00,0.0,1.358601889161703,1.293906807899475,1.293906807899475,328200,0.0,0.0
1987-03-12 00:00:00-05:00,0.0,1.3586015701293945,1.2292106976097523,1.3586015701293945,1134600,0.0,0.0
1987-03-13 00:00:00-05:00,0.0,1.3586015701293945,1.293906504059123,1.3586015701293945,342000,0.0,0.0
1987-03-16 00:00:00-05:00,0.0,1.3586015701293945,1.3586015701293945,1.3586015701293945,43200,0.0,0.0
1987-03-17 00:00:00-05:00,0.0,1.358602654499455,1.2939075367927109,1.3262547254562378,199200,0.0,0.0
1987-03-18 00:00:00-05:00,0.0,1.3586015701293945,1.3262536669047091,1.3586015701293945,38400,0.0,0.0
1987-03-19 00:00:00-05:00,0.0,1.358602654499455,1.3262547254562378,1.3262547254562378,3000,0.0,0.0
1987-03-20 00:00:00-05:00,0.0,1.3262547254562378,1.3262547254562378,1.3262547254562378,32400,0.0,0.0
1987-03-23 00:00:00-05:00,0.0,1.4232977722061988,1.3262547254562378,1.3262547254562378,30600,0.0,0.0
1987-03-24 00:00:00-05:00,0.0,1.358602654499455,1.3262547254562378,1.3262547254562378,49200,0.0,0.0
1987-03-25 00:00:00-05:00,0.0,1.3586015701293945,1.3262536669047091,1.3586015701293945,9000,0.0,0.0
1987-03-26 00:00:00-05:00,0.0,1.3424290601676914,1.3262547254562378,1.3262547254562378,157200,0.0,0.0
1987-03-27 00:00:00-05:00,1.3262547254562378,1.3262547254562378,1.3262547254562378,1.3262547254562378,0,0.0,0.0
1987-03-30 00:00:00-05:00,0.0,1.358602654499455,1.3262547254562378,1.3262547254562378,48000,0.0,0.0
1987-03-31 00:00:00-05:00,0.0,1.358601889161703,1.293906807899475,1.293906807899475,51600,0.0,0.0
1987-04-01 00:00:00-05:00,0.0,1.358601889161703,1.293906807899475,1.293906807899475,234000,0.0,0.0
1987-04-02 00:00:00-05:00,0.0,1.3586015701293945,1.293906504059123,1.3586015701293945,48600,0.0,0.0
1987-04-03 00:00:00-05:00,0.0,1.358601889161703,1.293906807899475,1.293906807899475,147000,0.0,0.0
1987-04-06 00:00:00-04:00,0.0,1.3586015701293945,1.293906504059123,1.3586015701293945,33600,0.0,0.0
1987-04-07 00:00:00-04:00,0.0,1.358601889161703,1.293906807899475,1.293906807899475,52800,0.0,0.0
1987-04-08 00:00:00-04:00,0.0,1.3586015701293945,1.293906504059123,1.3586015701293945,183000,0.0,0.0
1987-04-09 00:00:00-04:00,0.0,1.358601889161703,1.293906807899475,1.293906807899475,110400,0.0,0.0
1987-04-10 00:00:00-04:00,0.0,1.3262539783409526,1.293906807899475,1.293906807899475,40200,0.0,0.0
1987-04-13 00:00:00-04:00,0.0,1.293906807899475,1.293906807899475,1.293906807899475,66000,0.0,0.0
1987-04-14 00:00:00-04:00,0.0,1.2939072743919935,1.1968642473220825,1.1968642473220825,84000,0.0,0.0
1987-04-15 00:00:00-04:00,0.0,1.2615591287612915,1.164516118856577,1.2615591287612915,123000,0.0,0.0
1987-04-16 00:00:00-04:00,0.0,1.2615591287612915,1.1968640356179514,1.2615591287612915,19200,0.0,0.0
1987-04-20 00:00:00-04:00,0.0,1.2615591287612915,1.1968640356179514,1.2615591287612915,140400,0.0,0.0
1987-04-21 00:00:00-04:00,0.0,1.2615591287612915,1.1968640356179514,1.2615591287612915,26400,0.0,0.0
1987-04-22 00:00:00-04:00,0.0,1.261559351908843,1.1968642473220825,1.1968642473220825,13800,0.0,0.0
1987-04-23 00:00:00-04:00,0.0,1.2292114294256928,1.1968642473220825,1.1968642473220825,48600,0.0,0.0
1987-04-24 00:00:00-04:00,0.0,1.2615591287612915,1.1968640356179514,1.2615591287612915,160800,0.0,0.0
1987-04-27 00:00:00-04:00,0.0,1.1968642473220825,1.1968642473220825,1.1968642473220825,2400,0.0,0.0
1987-04-28 00:00:00-04:00,0.0,1.261559351908843,1.1968642473220825,1.1968642473220825,2400,0.0,0.0
1987-04-29 00:00:00-04:00,0.0,1.2615591287612915,1.1968640356179514,1.2615591287612915,96000,0.0,0.0
1987-04-30 00:00:00-04:00,0.0,1.2615591287612915,1.1968640356179514,1.2615591287612915,1800,0.0,0.0
1987-05-01 00:00:00-04:00,0.0,1.1968642473220825,1.1968642473220825,1.1968642473220825,2400,0.0,0.0
1987-05-04 00:00:00-04:00,0.0,1.261559351908843,1.1968642473220825,1.1968642473220825,26400,0.0,0.0
1987-05-05 00:00:00-04:00,0.0,1.2615591287612915,1.1968640356179514,1.2615591287612915,6600,0.0,0.0
1987-05-06 00:00:00-04:00,0.0,1.2615590055985713,1.196863918771244,1.2292110919952393,45600,0.0,0.0
1987-05-07 00:00:00-04:00,0.0,1.2615591287612915,1.229211211999917,1.2615591287612915,10800,0.0,0.0
1987-05-08 00:00:00-04:00,0.0,1.2615590055985713,1.2292110919952393,1.2292110919952393,7800,0.0,0.0
1987-05-11 00:00:00-04:00,0.0,1.2615591287612915,1.229211211999917,1.2615591287612915,36000,0.0,0.0
1987-05-12 00:00:00-04:00,0.0,1.2615590055985713,1.196863918771244,1.2292110919952393,84600,0.0,0.0
1987-05-13 00:00:00-04:00,0.0,1.1968642473220825,1.1968642473220825,1.1968642473220825,4800,0.0,0.0
1987-05-14 00:00:00-04:00,0.0,1.2615591287612915,1.1968640356179514,1.2615591287612915,125400,0.0,0.0
1987-05-15 00:00:00-04:00,0.0,1.261559351908843,1.1968642473220825,1.1968642473220825,6600,0.0,0.0
1987-05-18 00:00:00-04:00,0.0,1.2292110919952393,1.196863918771244,1.2292110919952393,76200,0.0,0.0
1987-05-19 00:00:00-04:00,0.0,1.2939069192019033,1.196863918771244,1.2292110919952393,57600,0.0,0.0
1987-05-20 00:00:00-04:00,0.0,1.2130378383738876,1.1968642473220825,1.1968642473220825,37200,0.0,0.0
1987-05-21 00:00:00-04:00,0.0,1.2939072743919935,1.1968642473220825,1.1968642473220825,14400,0.0,0.0
1987-05-22 00:00:00-04:00,0.0,1.2939069192019033,1.196863918771244,1.2292110919952393,66000,0.0,0.0
1987-05-26 00:00:00-04:00,0.0,1.1968642473220825,1.1968642473220825,1.1968642473220825,12000,0.0,0.0
1987-05-27 00:00:00-04:00,0.0,1.261559351908843,1.1968642473220825,1.1968642473220825,54600,0.0,0.0
1987-05-28 00:00:00-04:00,0.0,1.1968642473220825,1.1968642473220825,1.1968642473220825,1200,0.0,0.0
1987-05-29 00:00:00-04:00,0.0,1.2615590055985713,1.196863918771244,1.2292110919952393,64200,0.0,0.0
1987-06-01 00:00:00-04:00,0.0,1.1968642473220825,1.1968642473220825,1.1968642473220825,6000,0.0,0.0
1987-06-02 00:00:00-04:00,0.0,1.1968642473220825,1.1968642473220825,1.1968642473220825,3000,0.0,0.0
1987-06-03 00:00:00-04:00,0.0,1.1968642473220825,1.1968642473220825,1.1968642473220825,32400,0.0,0.0
1987-06-04 00:00:00-04:00,0.0,1.2615587425231933,1.2130372524261475,1.2130372524261475,63000,0.0,0.0
1987-06-05 00:00:00-04:00,0.0,1.2615590055985713,1.196863918771244,1.2292110919952393,29400,0.0,0.0
1987-06-08 00:00:00-04:00,0.0,1.2615591287612915,1.2130376238089342,1.2615591287612915,183600,0.0,0.0
1987-06-09 00:00:00-04:00,0.0,1.2615591287612915,1.229211211999917,1.2615591287612915,83400,0.0,0.0
1987-06-10 00:00:00-04:00,0.0,1.2615590055985713,1.2292110919952393,1.2292110919952393,23400,0.0,0.0
1987-06-11 00:00:00-04:00,0.0,1.2615595986632115,1.2292116698529778,1.245386004447937,34800,0.0,0.0
1987-06-12 00:00:00-04:00,0.0,1.2615590055985713,1.2292110919952393,1.2292110919952393,54000,0.0,0.0
1987-06-15 00:00:00-04:00,0.0,1.3262547254562378,1.2615596077494937,1.3262547254562378,25200,0.0,0.0
1987-06-16 00:00:00-04:00,0.0,1.3262540924258985,1.2292110919952393,1.2292110919952393,46200,0.0,0.0
1987-06-17 00:00:00-04:00,0.0,1.293906807899475,1.2292109862579736,1.293906807899475,37800,0.0,0.0
1987-06-18 00:00:00-04:00,0.0,1.293906807899475,1.2292109862579736,1.293906807899475,11400,0.0,0.0
1987-06-19 00:00:00-04:00,0.0,1.2939069192019033,1.2292110919952393,1.2292110919952393,46200,0.0,0.0
1987-06-22 00:00:00-04:00,0.0,1.2615590055985713,1.2292110919952393,1.2292110919952393,311400,0.0,0.0
1987-06-23 00:00:00-04:00,0.0,1.2615590055985713,1.2292110919952393,1.2292110919952393,253800,0.0,0.0
1987-06-24 00:00:00-04:00,0.0,1.2615590055985713,1.2292110919952393,1.2292110919952393,148800,0.0,0.0
1987-06-25 00:00:00-04:00,0.0,1.293906807899475,1.1968638158164961,1.293906807899475,349800,0.0,0.0
1987-06-26 00:00:00-04:00,0.0,1.2939070455226662,1.1968640356179514,1.2615591287612915,990600,0.0,0.0
1987-06-29 00:00:00-04:00,0.0,1.2615591287612915,1.1968640356179514,1.2615591287612915,136800,0.0,0.0
1987-06-30 00:00:00-04:00,0.0,1.2615586563427519,1.099820613861084,1.099820613861084,140400,0.0,0.0
1987-07-01 00:00:00-04:00,0.0,1.1321680173069497,1.0674729347229004,1.0674729347229004,339000,0.0,0.0
1987-07-02 00:00:00-04:00,0.0,1.1321680173069497,1.0674729347229004,1.0674729347229004,71400,0.0,0.0
1987-07-06 00:00:00-04:00,0.0,1.1321685314178467,1.0998213456268042,1.1321685314178467,27600,0.0,0.0
1987-07-07 00:00:00-04:00,0.0,1.1321677781299384,1.0674727092130978,1.099820613861084,53400,0.0,0.0
1987-07-08 00:00:00-04:00,0.0,1.1321685314178467,1.0674734194561373,1.1321685314178467,19800,0.0,0.0
1987-07-09 00:00:00-04:00,0.0,1.1321680173069497,1.0674729347229004,1.0674729347229004,31200,0.0,0.0
1987-07-10 00:00:00-04:00,0.0,1.1321680173069497,1.0674729347229004,1.0674729347229004,3600,0.0,0.0
1987-07-13 00:00:00-04:00,0.0,1.099820846204569,1.0674729347229004,1.0674729347229004,536400,0.0,0.0
1987-07-14 00:00:00-04:00,0.0,1.0674729347229004,1.0674729347229004,1.0674729347229004,6600,0.0,0.0
1987-07-15 00:00:00-04:00,0.0,1.099821346389494,1.035125494003296,1.035125494003296,30600,0.0,0.0
1987-07-16 00:00:00-04:00,0.0,1.099821346389494,1.035125494003296,1.035125494003296,33600,0.0,0.0
1987-07-17 00:00:00-04:00,0.0,1.035125494003296,1.035125494003296,1.035125494003296,6000,0.0,0.0
1987-07-20 00:00:00-04:00,0.0,1.1321677781299384,1.0674727092130978,1.099820613861084,312000,0.0,0.0
1987-07-21 00:00:00-04:00,0.0,1.099820846204569,1.0351250232412315,1.0674729347229004,367200,0.0,0.0
1987-07-22 00:00:00-04:00,0.0,1.035125494003296,1.035125494003296,1.035125494003296,1200,0.0,0.0
1987-07-23 00:00:00-04:00,0.0,1.099820613861084,1.0351248045651114,1.099820613861084,18000,0.0,0.0
1987-07-24 00:00:00-04:00,0.0,1.0998209830253118,1.0836466550827026,1.0836466550827026,25200,0.0,0.0
1987-07-27 00:00:00-04:00,0.0,1.099820613861084,1.099820613861084,1.099820613861084,1800,0.0,0.0
1987-07-28 00:00:00-04:00,0.0,1.099820846204569,1.0674729347229004,1.0674729347229004,19200,0.0,0.0
1987-07-29 00:00:00-04:00,0.0,1.067473420196395,1.035125494003296,1.035125494003296,50400,0.0,0.0
1987-07-30 00:00:00-04:00,0.0,1.0674729347229004,1.0351250232412315,1.0674729347229004,15600,0.0,0.0
1987-07-31 00:00:00-04:00,0.0,1.0674729347229004,1.0351250232412315,1.0674729347229004,5400,0.0,0.0
1987-08-03 00:00:00-04:00,0.0,1.0674729347229004,1.0351250232412315,1.0674729347229004,173400,0.0,0.0
1987-08-04 00:00:00-04:00,0.0,1.0674729347229004,1.0351250232412315,1.0674729347229004,15600,0.0,0.0
1987-08-05 00:00:00-04:00,1.0674729347229004,1.0674729347229004,1.0674729347229004,1.0674729347229004,0,0.0,0.0
1987-08-06 00:00:00-04:00,0.0,1.035125494003296,1.035125494003296,1.035125494003296,1800,0.0,0.0
1987-08-07 00:00:00-04:00,0.0,1.0674729347229004,1.0351250232412315,1.0674729347229004,78000,0.0,0.0
1987-08-10 00:00:00-04:00,0.0,1.0674729347229004,1.0351250232412315,1.0674729347229004,3000,0.0,0.0
1987-08-11 00:00:00-04:00,0.0,1.067473420196395,1.035125494003296,1.035125494003296,51000,0.0,0.0
1987-08-12 00:00:00-04:00,0.0,1.0512996912002563,1.0351253600076409,1.0512996912002563,67200,0.0,0.0
1987-08-13 00:00:00-04:00,0.0,1.0674730369022916,1.0189515352249146,1.0189515352249146,29400,0.0,0.0
1987-08-14 00:00:00-04:00,0.0,1.067473420196395,1.0027783081898216,1.035125494003296,37200,0.0,0.0
1987-08-17 00:00:00-04:00,0.0,1.0351250405807606,0.9704299569129944,0.9704299569129944,12600,0.0,0.0
1987-08-18 00:00:00-04:00,0.0,1.035125494003296,0.9704303819967226,1.035125494003296,73200,0.0,0.0
1987-08-19 00:00:00-04:00,0.0,1.035125494003296,0.9704303819967226,1.035125494003296,22800,0.0,0.0
1987-08-20 00:00:00-04:00,0.0,1.0351246156010603,0.9704295584944305,1.0027774572372437,110400,0.0,0.0
1987-08-21 00:00:00-04:00,0.0,1.0027778689365279,0.9704299569129944,0.9704299569129944,133200,0.0,0.0
1987-08-24 00:00:00-04:00,0.0,0.9704299569129944,0.9704299569129944,0.9704299569129944,600,0.0,0.0
1987-08-25 00:00:00-04:00,0.0,0.9704299569129944,0.9704299569129944,0.9704299569129944,39000,0.0,0.0
1987-08-26 00:00:00-04:00,0.0,1.002777608160324,0.9380818009376526,0.9380818009376526,25800,0.0,0.0
1987-08-27 00:00:00-04:00,0.0,0.9704299569129944,0.938082044889461,0.9704299569129944,32400,0.0,0.0
1987-08-28 00:00:00-04:00,0.0,0.9704299413247988,0.938082029820876,0.9542563557624817,27000,0.0,0.0
1987-08-31 00:00:00-04:00,0.0,0.9704299413247988,0.938082029820876,0.9542563557624817,40800,0.0,0.0
1987-09-01 00:00:00-04:00,0.0,0.9704297045489882,0.9380818009376526,0.9380818009376526,25200,0.0,0.0
1987-09-02 00:00:00-04:00,0.0,0.9380821308736563,0.9057349562644958,0.9057349562644958,38400,0.0,0.0
1987-09-03 00:00:00-04:00,0.0,0.9704297045489882,0.9057346377054251,0.9380818009376526,34200,0.0,0.0
1987-09-04 00:00:00-04:00,0.0,0.9704299569129944,0.9057348732452283,0.9704299569129944,11400,0.0,0.0
1987-09-08 00:00:00-04:00,0.0,0.9704300458621853,0.9057349562644958,0.9057349562644958,13200,0.0,0.0
1987-09-09 00:00:00-04:00,0.0,0.9704299569129944,0.9057348732452283,0.9704299569129944,4800,0.0,0.0
1987-09-10 00:00:00-04:00,0.0,0.9057349562644958,0.9057349562644958,0.9057349562644958,15000,0.0,0.0
1987-09-11 00:00:00-04:00,0.0,0.9704299569129944,0.9057348732452283,0.9704299569129944,7200,0.0,0.0
1987-09-14 00:00:00-04:00,0.0,0.9704299569129944,0.9057348732452283,0.9704299569129944,5400,0.0,0.0
1987-09-15 00:00:00-04:00,0.0,0.9380818009376526,0.9380818009376526,0.9380818009376526,3000,0.0,0.0
1987-09-16 00:00:00-04:00,0.0,0.9704300458621853,0.9057349562644958,0.9057349562644958,10200,0.0,0.0
1987-09-17 00:00:00-04:00,0.0,0.9380818009376526,0.9057346377054251,0.9380818009376526,93000,0.0,0.0
1987-09-18 00:00:00-04:00,0.0,0.9057350154133827,0.8733870983123779,0.8733870983123779,40200,0.0,0.0
1987-09-21 00:00:00-04:00,0.0,0.9057347272762846,0.7925174236297607,0.7925174236297607,88800,0.0,0.0
1987-09-22 00:00:00-04:00,0.0,0.8086917472245105,0.7763438404141921,0.7925174236297607,49800,0.0,0.0
1987-09-23 00:00:00-04:00,0.0,0.8086919784545898,0.7763440623950005,0.8086919784545898,46800,0.0,0.0
1987-09-24 00:00:00-04:00,0.0,0.8086919784545898,0.8086919784545898,0.8086919784545898,31800,0.0,0.0
1987-09-25 00:00:00-04:00,0.0,0.8086919148068432,0.7763440012931824,0.7763440012931824,48600,0.0,0.0
1987-09-28 00:00:00-04:00,0.0,0.8086919148068432,0.7763440012931824,0.7763440012931824,31800,0.0,0.0
1987-09-29 00:00:00-04:00,0.0,0.8086919784545898,0.7763440623950005,0.8086919784545898,106200,0.0,0.0
1987-09-30 00:00:00-04:00,0.0,0.8086919784545898,0.7763440623950005,0.8086919784545898,62400,0.0,0.0
1987-10-01 00:00:00-04:00,0.0,0.8410390879411693,0.7763440012931824,0.7763440012931824,31800,0.0,0.0
1987-10-02 00:00:00-04:00,0.0,0.8410391541347862,0.7763440623950005,0.8086919784545898,325200,0.0,0.0
1987-10-05 00:00:00-04:00,0.0,0.8410391541347862,0.7763440623950005,0.8086919784545898,67200,0.0,0.0
1987-10-06 00:00:00-04:00,0.0,0.8410391541347862,0.7925176502350987,0.8086919784545898,28800,0.0,0.0
1987-10-07 00:00:00-04:00,0.0,0.8410390879411693,0.7763440012931824,0.7763440012931824,52800,0.0,0.0
1987-10-08 00:00:00-04:00,0.0,0.8086919148068432,0.7763440012931824,0.7763440012931824,10800,0.0,0.0
1987-10-09 00:00:00-04:00,0.0,0.8086919784545898,0.7763440623950005,0.8086919784545898,24600,0.0,0.0
1987-10-12 00:00:00-04:00,0.8086919784545898,0.8086919784545898,0.8086919784545898,0.8086919784545898,0,0.0,0.0
1987-10-13 00:00:00-04:00,0.0,0.8086919784545898,0.8086919784545898,0.8086919784545898,13200,0.0,0.0
1987-10-14 00:00:00-04:00,0.0,0.8086919148068432,0.7763440012931824,0.7763440012931824,25200,0.0,0.0
1987-10-15 00:00:00-04:00,0.0,0.8086921047752604,0.743996262550354,0.743996262550354,51000,0.0,0.0
1987-10-16 00:00:00-04:00,0.0,0.7925174844988714,0.7116488218307495,0.7116488218307495,55200,0.0,0.0
1987-10-19 00:00:00-04:00,0.0,0.7439958511349687,0.6793007850646973,0.6793007850646973,38400,0.0,0.0
1987-10-20 00:00:00-04:00,0.0,0.760170172936861,0.6469528818400119,0.6793007850646973,78600,0.0,0.0
1987-10-21 00:00:00-04:00,0.0,0.743996262550354,0.663127570338484,0.743996262550354,82200,0.0,0.0
1987-10-22 00:00:00-04:00,0.0,0.7116493067777581,0.6631277799606323,0.6631277799606323,19800,0.0,0.0
1987-10-23 00:00:00-04:00,0.0,0.7116488036544001,0.6469529867172241,0.6469529867172241,109200,0.0,0.0
1987-10-26 00:00:00-05:00,0.0,0.6793009891305264,0.5984315769647375,0.6146059036254883,34200,0.0,0.0
1987-10-27 00:00:00-05:00,0.0,0.6146059036254883,0.5660844044018792,0.6146059036254883,19200,0.0,0.0
1987-10-28 00:00:00-05:00,0.0,0.6146056268424794,0.5499098300933838,0.5499098300933838,54000,0.0,0.0
1987-10-29 00:00:00-05:00,0.0,0.5984315109616698,0.5660843419664919,0.5822579264640808,16800,0.0,0.0
1987-10-30 00:00:00-05:00,0.0,0.6954747438430786,0.5660845414970878,0.6954747438430786,162000,0.0,0.0
1987-11-02 00:00:00-05:00,0.0,0.679300895185812,0.6307794026725398,0.6469529867172241,72000,0.0,0.0
1987-11-03 00:00:00-05:00,0.0,0.6631274811420204,0.6307795643806458,0.6307795643806458,19200,0.0,0.0
1987-11-04 00:00:00-05:00,0.0,0.6631273111411278,0.6469529867172241,0.6469529867172241,22800,0.0,0.0
1987-11-05 00:00:00-05:00,0.0,0.6631274028490973,0.6146059036254883,0.6146059036254883,24600,0.0,0.0
1987-11-06 00:00:00-05:00,0.0,0.6469530761883465,0.6146059036254883,0.6146059036254883,16800,0.0,0.0
1987-11-09 00:00:00-05:00,0.0,0.6469530048336765,0.5822579264640808,0.5822579264640808,70200,0.0,0.0
1987-11-10 00:00:00-05:00,0.0,0.6307794203360876,0.5822579264640808,0.5822579264640808,10200,0.0,0.0
1987-11-11 00:00:00-05:00,0.0,0.6307795643806458,0.5822580594282885,0.6307795643806458,21600,0.0,0.0
1987-11-12 00:00:00-05:00,0.0,0.6146059989128049,0.517562985420227,0.517562985420227,223200,0.0,0.0
1987-11-13 00:00:00-05:00,0.0,0.5499098300933838,0.46904119472549655,0.5499098300933838,347400,0.0,0.0
1987-11-16 00:00:00-05:00,0.0,0.5499098300933838,0.5175626720978241,0.5499098300933838,39600,0.0,0.0
1987-11-17 00:00:00-05:00,0.0,0.5822577284679316,0.5499098300933838,0.5499098300933838,42000,0.0,0.0
1987-11-18 00:00:00-05:00,0.0,0.5822579264640808,0.549910017089663,0.5822579264640808,23400,0.0,0.0
1987-11-19 00:00:00-05:00,0.0,0.6146060766126304,0.5660845637321472,0.5660845637321472,30600,0.0,0.0
1987-11-20 00:00:00-05:00,0.0,0.5822579264640808,0.549910017089663,0.5822579264640808,11400,0.0,0.0
1987-11-23 00:00:00-05:00,0.0,0.5822579264640808,0.549910017089663,0.5822579264640808,15000,0.0,0.0
1987-11-24 00:00:00-05:00,0.0,0.6146059036254883,0.5660844044018792,0.6146059036254883,26400,0.0,0.0
1987-11-25 00:00:00-05:00,0.0,0.6146058358384987,0.549910017089663,0.5822579264640808,26400,0.0,0.0
1987-11-27 00:00:00-05:00,0.0,0.5822579264640808,0.549910017089663,0.5822579264640808,1800,0.0,0.0
1987-11-30 00:00:00-05:00,0.0,0.5822580809554667,0.517562985420227,0.517562985420227,52200,0.0,0.0
1987-12-01 00:00:00-05:00,0.0,0.5337364673614502,0.5013885558797814,0.5337364673614502,84000,0.0,0.0
1987-12-02 00:00:00-05:00,0.0,0.5337362070938637,0.5013883113861084,0.5013883113861084,227400,0.0,0.0
1987-12-03 00:00:00-05:00,0.0,0.5175628904800306,0.4852149784564972,0.4852149784564972,22800,0.0,0.0
1987-12-04 00:00:00-05:00,0.0,0.517562985420227,0.517562985420227,0.517562985420227,2400,0.0,0.0
1987-12-07 00:00:00-05:00,0.0,0.4852149784564972,0.4852149784564972,0.4852149784564972,1200,0.0,0.0
1987-12-08 00:00:00-05:00,0.0,0.5013884523202355,0.46904128789901733,0.46904128789901733,33600,0.0,0.0
1987-12-09 00:00:00-05:00,0.0,0.5013883113861084,0.45286683801393895,0.5013883113861084,5400,0.0,0.0
1987-12-10 00:00:00-05:00,0.0,0.4852149784564972,0.4366934806108475,0.4852149784564972,46800,0.0,0.0
1987-12-11 00:00:00-05:00,0.0,0.48521494059695686,0.43669344653726117,0.4528670310974121,24000,0.0,0.0
1987-12-14 00:00:00-05:00,0.0,0.5175627749099799,0.4528669653092729,0.46904128789901733,71400,0.0,0.0
1987-12-15 00:00:00-05:00,0.0,0.5337362070938637,0.4690411560572802,0.5013883113861084,66000,0.0,0.0
1987-12-16 00:00:00-05:00,0.0,0.5499100621242633,0.4690413926343808,0.4852149784564972,60000,0.0,0.0
1987-12-17 00:00:00-05:00,0.0,0.5499100621242633,0.4852149784564972,0.4852149784564972,28200,0.0,0.0
1987-12-18 00:00:00-05:00,0.0,0.5499098300933838,0.48521477372327637,0.5499098300933838,19800,0.0,0.0
1987-12-21 00:00:00-05:00,0.0,0.5499100621242633,0.4852149784564972,0.4852149784564972,15000,0.0,0.0
1987-12-22 00:00:00-05:00,0.0,0.5499100192168035,0.4528670310974121,0.4528670310974121,705000,0.0,0.0
1987-12-23 00:00:00-05:00,0.0,0.5175628500965016,0.4528670310974121,0.4528670310974121,58800,0.0,0.0
1987-12-24 00:00:00-05:00,0.0,0.517562985420227,0.517562985420227,0.517562985420227,1800,0.0,0.0
1987-12-28 00:00:00-05:00,0.0,0.5175628500965016,0.4528670310974121,0.4528670310974121,17400,0.0,0.0
1987-12-29 00:00:00-05:00,0.0,0.4528670310974121,0.4528670310974121,0.4528670310974121,8400,0.0,0.0
1987-12-30 00:00:00-05:00,0.0,0.5175628500965016,0.4528670310974121,0.4528670310974121,41400,0.0,0.0
1987-12-31 00:00:00-05:00,0.0,0.5175628500965016,0.4528670310974121,0.4528670310974121,45600,0.0,0.0
1988-01-04 00:00:00-05:00,0.0,0.517562985420227,0.517562985420227,0.517562985420227,2400,0.0,0.0
1988-01-05 00:00:00-05:00,0.0,0.517562985420227,0.517562985420227,0.517562985420227,45000,0.0,0.0
1988-01-06 00:00:00-05:00,0.0,0.5499098300933838,0.48521477372327637,0.5499098300933838,55800,0.0,0.0
1988-01-07 00:00:00-05:00,0.0,0.5822577284679316,0.533736251095604,0.5499098300933838,78600,0.0,0.0
1988-01-08 00:00:00-05:00,0.0,0.6146059036254883,0.574170827352933,0.6146059036254883,55200,0.0,0.0
1988-01-11 00:00:00-05:00,0.0,0.6469529867172241,0.5499100016906796,0.6469529867172241,45000,0.0,0.0
1988-01-12 00:00:00-05:00,0.0,0.6469529867172241,0.5175628336013108,0.6469529867172241,123600,0.0,0.0
1988-01-13 00:00:00-05:00,0.0,0.6840867400169373,0.6189358704518781,0.6840867400169373,36600,0.00583,0.0
1988-01-14 00:00:00-05:00,0.0,0.716662585735321,0.6515109671077546,0.716662585735321,40800,0.0,0.0
1988-01-15 00:00:00-05:00,0.0,0.7818135619163513,0.6840868666768074,0.7818135619163513,112200,0.0,0.0
1988-01-18 00:00:00-05:00,0.0,0.8795401709420341,0.781813485281808,0.8551084995269775,63000,0.0,0.0
1988-01-19 00:00:00-05:00,0.0,0.9121155032605915,0.8469639165737313,0.8958272337913513,44400,0.0,0.0
1988-01-20 00:00:00-05:00,0.0,0.9121158785133315,0.7655258665520117,0.8306767344474792,79200,0.0,0.0
1988-01-21 00:00:00-05:00,0.0,0.7981013156914457,0.7492379546165466,0.7492379546165466,40800,0.0,0.0
1988-01-22 00:00:00-05:00,0.0,0.7818135619163513,0.7329502142965794,0.7818135619163513,52200,0.0,0.0
1988-01-25 00:00:00-05:00,0.0,0.9121158396982817,0.7818133638570056,0.814389169216156,182400,0.0,0.0
1988-01-26 00:00:00-05:00,0.0,0.846964228979981,0.7492375584978552,0.814389169216156,121800,0.0,0.0
1988-01-27 00:00:00-05:00,0.0,0.8143892247424316,0.6840867400169373,0.6840867400169373,48600,0.0,0.0
1988-01-28 00:00:00-05:00,0.0,0.716662585735321,0.6840867764215378,0.716662585735321,75000,0.0,0.0
1988-01-29 00:00:00-05:00,0.0,0.7492374398507309,0.7166623852453995,0.7329499125480652,201000,0.0,0.0
1988-02-01 00:00:00-05:00,0.0,0.7492379546165466,0.7003745935416474,0.7492379546165466,272400,0.0,0.0
1988-02-02 00:00:00-05:00,0.0,0.7492374398507309,0.7003741123475266,0.7329499125480652,43200,0.0,0.0
1988-02-03 00:00:00-05:00,0.0,0.7492376494536885,0.716662585735321,0.716662585735321,380400,0.0,0.0
1988-02-04 00:00:00-05:00,0.0,0.7492376494536885,0.716662585735321,0.716662585735321,30600,0.0,0.0
1988-02-05 00:00:00-05:00,0.0,0.7492376494536885,0.716662585735321,0.716662585735321,51600,0.0,0.0
1988-02-08 00:00:00-05:00,0.0,0.7329501175945048,0.7085184470080212,0.716662585735321,103800,0.0,0.0
1988-02-09 00:00:00-05:00,0.0,0.7329500785895756,0.6840867400169373,0.6840867400169373,28200,0.0,0.0
1988-02-10 00:00:00-05:00,0.0,0.7329499125480652,0.6840865850448609,0.7329499125480652,3600,0.0,0.0
1988-02-11 00:00:00-05:00,0.0,0.7329500785895756,0.6840867400169373,0.6840867400169373,13200,0.0,0.0
1988-02-12 00:00:00-05:00,0.0,0.716662585735321,0.716662585735321,0.716662585735321,12000,0.0,0.0
1988-02-16 00:00:00-05:00,0.0,0.716662585735321,0.6840867764215378,0.716662585735321,7200,0.0,0.0
1988-02-17 00:00:00-05:00,0.716662585735321,0.716662585735321,0.716662585735321,0.716662585735321,0,0.0,0.0
1988-02-18 00:00:00-05:00,0.0,0.7003743648529053,0.6677992985033127,0.7003743648529053,12000,0.0,0.0
1988-02-19 00:00:00-05:00,0.0,0.7003743648529053,0.7003743648529053,0.7003743648529053,1200,0.0,0.0
1988-02-22 00:00:00-05:00,0.0,0.7003742976124342,0.6677992343902588,0.6677992343902588,47400,0.0,0.0
1988-02-23 00:00:00-05:00,0.0,0.6840870115492079,0.6596553325653076,0.6596553325653076,4200,0.0,0.0
1988-02-24 00:00:00-05:00,0.6596553325653076,0.6596553325653076,0.6596553325653076,0.6596553325653076,0,0.0,0.0
1988-02-25 00:00:00-05:00,0.0,0.6840867660013465,0.6677992343902588,0.6677992343902588,35400,0.0,0.0
1988-02-26 00:00:00-05:00,0.0,0.6677992343902588,0.6515109571837666,0.6677992343902588,24000,0.0,0.0
1988-02-29 00:00:00-05:00,0.0,0.6515113115310669,0.6515113115310669,0.6515113115310669,600,0.0,0.0
1988-03-01 00:00:00-05:00,0.0,0.6840867400169373,0.6840867400169373,0.6840867400169373,600,0.0,0.0
1988-03-02 00:00:00-05:00,0.0,0.6677992343902588,0.6515109571837666,0.6677992343902588,4200,0.0,0.0
1988-03-03 00:00:00-05:00,0.0,0.6677992343902588,0.6677992343902588,0.6677992343902588,10200,0.0,0.0
1988-03-04 00:00:00-05:00,0.0,0.6515113115310669,0.6515113115310669,0.6515113115310669,15000,0.0,0.0
1988-03-07 00:00:00-05:00,0.0,0.6677995975965153,0.6515113115310669,0.6515113115310669,19800,0.0,0.0
1988-03-08 00:00:00-05:00,0.0,0.6677992343902588,0.6515109571837666,0.6677992343902588,20400,0.0,0.0
1988-03-09 00:00:00-05:00,0.0,0.6677995975965153,0.6515113115310669,0.6515113115310669,5400,0.0,0.0
1988-03-10 00:00:00-05:00,0.0,0.6840870115492079,0.6515111910387835,0.6596553325653076,37800,0.0,0.0
1988-03-11 00:00:00-05:00,0.0,0.6677995975965153,0.6515113115310669,0.6515113115310669,90600,0.0,0.0
1988-03-14 00:00:00-05:00,0.0,0.6677992343902588,0.6515109571837666,0.6677992343902588,9000,0.0,0.0
1988-03-15 00:00:00-05:00,0.0,0.6677992343902588,0.6515109571837666,0.6677992343902588,13800,0.0,0.0
1988-03-16 00:00:00-05:00,0.0,0.6677992343902588,0.6677992343902588,0.6677992343902588,6000,0.0,0.0
1988-03-17 00:00:00-05:00,0.0,0.6677992343902588,0.6515109571837666,0.6677992343902588,40200,0.0,0.0
1988-03-18 00:00:00-05:00,0.0,0.7003743648529053,0.6677992985033127,0.7003743648529053,7200,0.0,0.0
1988-03-21 00:00:00-05:00,0.0,0.6840867400169373,0.6515109324367195,0.6840867400169373,73800,0.0,0.0
1988-03-22 00:00:00-05:00,0.0,0.6515113115310669,0.6515113115310669,0.6515113115310669,3600,0.0,0.0
1988-03-23 00:00:00-05:00,0.0,0.6840867400169373,0.6515109324367195,0.6840867400169373,7200,0.0,0.0
1988-03-24 00:00:00-05:00,0.0,0.6840871380661537,0.6515113115310669,0.6515113115310669,34800,0.0,0.0
1988-03-25 00:00:00-05:00,0.0,0.6840871380661537,0.6515113115310669,0.6515113115310669,60000,0.0,0.0
1988-03-28 00:00:00-05:00,0.0,0.6677995975965153,0.6515113115310669,0.6515113115310669,15600,0.0,0.0
1988-03-29 00:00:00-05:00,0.0,0.6840871380661537,0.6515113115310669,0.6515113115310669,8400,0.0,0.0
1988-03-30 00:00:00-05:00,0.0,0.6840867400169373,0.6840867400169373,0.6840867400169373,4800,0.0,0.0
1988-03-31 00:00:00-05:00,0.0,0.6840867400169373,0.6840867400169373,0.6840867400169373,3000,0.0,0.0
1988-04-04 00:00:00-04:00,0.0,0.6515113115310669,0.6515113115310669,0.6515113115310669,600,0.0,0.0
1988-04-05 00:00:00-04:00,0.0,0.6677992343902588,0.6189358939615912,0.6677992343902588,12600,0.0,0.0
1988-04-06 00:00:00-04:00,0.0,0.6352235078811646,0.6189359741596351,0.6352235078811646,1200,0.0,0.0
1988-04-07 00:00:00-04:00,0.0,0.6677993512325894,0.6189360022544861,0.6189360022544861,24000,0.0,0.0
1988-04-08 00:00:00-04:00,0.0,0.6515110416026941,0.6189359741596351,0.6352235078811646,38400,0.0,0.0
1988-04-11 00:00:00-04:00,0.0,0.6352230405807495,0.6107913851737976,0.6107913851737976,114000,0.0,0.0
1988-04-12 00:00:00-04:00,0.0,0.6352235078811646,0.6352235078811646,0.6352235078811646,17400,0.0,0.0
1988-04-13 00:00:00-04:00,0.0,0.6189360022544861,0.602647722198095,0.6189360022544861,25200,0.0,0.0
1988-04-14 00:00:00-04:00,0.0,0.6189361242434384,0.6026478409767151,0.6026478409767151,9000,0.0,0.0
1988-04-15 00:00:00-04:00,0.0,0.6189355188410991,0.6026472515064961,0.6107913851737976,53400,0.0,0.0
1988-04-18 00:00:00-04:00,0.0,0.6026478409767151,0.6026478409767151,0.6026478409767151,1200,0.0,0.0
1988-04-19 00:00:00-04:00,0.0,0.6352236619144798,0.5863603033056737,0.6026478409767151,131400,0.0,0.0
1988-04-20 00:00:00-04:00,0.0,0.6352235029141108,0.5782160169412691,0.5863601565361023,435600,0.0,0.0
1988-04-21 00:00:00-04:00,0.0,0.6352235029141108,0.5863601565361023,0.5863601565361023,3600,0.0,0.0
1988-04-22 00:00:00-04:00,0.0,0.6189359693199397,0.5863601565361023,0.5863601565361023,14400,0.0,0.0
1988-04-25 00:00:00-04:00,0.0,0.6189360022544861,0.6189360022544861,0.6189360022544861,8400,0.0,0.0
1988-04-26 00:00:00-04:00,0.0,0.6352235078811646,0.586360161121075,0.6352235078811646,135600,0.0,0.0
1988-04-27 00:00:00-04:00,0.0,0.6189361242434384,0.6026478409767151,0.6026478409767151,111000,0.0,0.0
1988-04-28 00:00:00-04:00,0.0,0.6189360022544861,0.602647722198095,0.6189360022544861,220200,0.0,0.0
1988-04-29 00:00:00-04:00,0.6189360022544861,0.6189360022544861,0.6189360022544861,0.6189360022544861,0,0.0,0.0
1988-05-02 00:00:00-04:00,0.6189360022544861,0.6189360022544861,0.6189360022544861,0.6189360022544861,0,0.0,0.0
1988-05-03 00:00:00-04:00,0.0,0.6189360022544861,0.602647722198095,0.6189360022544861,5400,0.0,0.0
1988-05-04 00:00:00-04:00,0.0,0.6026478409767151,0.6026478409767151,0.6026478409767151,600,0.0,0.0
1988-05-05 00:00:00-04:00,0.0,0.6189361242434384,0.6026478409767151,0.6026478409767151,2400,0.0,0.0
1988-05-06 00:00:00-04:00,0.0,0.6189359693199397,0.5863601565361023,0.5863601565361023,27000,0.0,0.0
1988-05-09 00:00:00-04:00,0.0,0.6189360022544861,0.586360187737239,0.6189360022544861,10200,0.0,0.0
1988-05-10 00:00:00-04:00,0.0,0.6189360643982571,0.5700727105140686,0.5700727105140686,10800,0.0,0.0
1988-05-11 00:00:00-04:00,0.0,0.6189360022544861,0.6189360022544861,0.6189360022544861,6000,0.0,0.0
1988-05-12 00:00:00-04:00,0.0,0.6677992343902588,0.6189358939615912,0.6677992343902588,46200,0.0,0.0
1988-05-13 00:00:00-04:00,0.0,0.7329499125480652,0.6515107848443221,0.7329499125480652,94200,0.0,0.0
1988-05-16 00:00:00-04:00,0.0,0.765526238705326,0.7166628776304269,0.7492379546165466,29400,0.0,0.0
1988-05-17 00:00:00-04:00,0.0,0.7655257127486038,0.7329499125480652,0.7329499125480652,4200,0.0,0.0
1988-05-18 00:00:00-04:00,0.0,0.7655261158943176,0.732950298538517,0.7655261158943176,10800,0.0,0.0
1988-05-19 00:00:00-04:00,0.0,0.765526238705326,0.7329504161234868,0.7492379546165466,20400,0.0,0.0
1988-05-20 00:00:00-04:00,0.0,0.7655261158943176,0.732950298538517,0.7655261158943176,4200,0.0,0.0
1988-05-23 00:00:00-04:00,0.0,0.765526238705326,0.7329504161234868,0.7492379546165466,2400,0.0,0.0
1988-05-24 00:00:00-04:00,0.0,0.7329499125480652,0.7329499125480652,0.7329499125480652,13200,0.0,0.0
1988-05-25 00:00:00-04:00,0.7329499125480652,0.7329499125480652,0.7329499125480652,0.7329499125480652,0,0.0,0.0
1988-05-26 00:00:00-04:00,0.7329499125480652,0.7329499125480652,0.7329499125480652,0.7329499125480652,0,0.0,0.0
1988-05-27 00:00:00-04:00,0.7329499125480652,0.7329499125480652,0.7329499125480652,0.7329499125480652,0,0.0,0.0
1988-05-31 00:00:00-04:00,0.0,0.716662585735321,0.716662585735321,0.716662585735321,1200,0.0,0.0
1988-06-01 00:00:00-04:00,0.0,0.7329501175945048,0.716662585735321,0.716662585735321,7200,0.0,0.0
1988-06-02 00:00:00-04:00,0.0,0.7329501064300141,0.6677992343902588,0.6677992343902588,6000,0.0,0.0
1988-06-03 00:00:00-04:00,0.0,0.7329501767979739,0.7003743648529053,0.7003743648529053,4200,0.0,0.0
1988-06-06 00:00:00-04:00,0.0,0.7329501767979739,0.6677992985033127,0.7003743648529053,4800,0.0,0.0
1988-06-07 00:00:00-04:00,0.0,0.7166626436231776,0.6677992985033127,0.7003743648529053,180000,0.0,0.0
1988-06-08 00:00:00-04:00,0.0,0.7329499125480652,0.7329499125480652,0.7329499125480652,3000,0.0,0.0
1988-06-09 00:00:00-04:00,0.0,0.7329499125480652,0.6840865850448609,0.7329499125480652,1200,0.0,0.0
1988-06-10 00:00:00-04:00,0.0,0.716662585735321,0.716662585735321,0.716662585735321,6000,0.0,0.0
1988-06-13 00:00:00-04:00,0.716662585735321,0.716662585735321,0.716662585735321,0.716662585735321,0,0.0,0.0
1988-06-14 00:00:00-04:00,0.0,0.6840867400169373,0.6840867400169373,0.6840867400169373,1200,0.0,0.0
1988-06-15 00:00:00-04:00,0.6840867400169373,0.6840867400169373,0.6840867400169373,0.6840867400169373,0,0.0,0.0
1988-06-16 00:00:00-04:00,0.0,0.7329500785895756,0.6840867400169373,0.6840867400169373,2400,0.0,0.0
1988-06-17 00:00:00-04:00,0.0,0.6840867400169373,0.6840867400169373,0.6840867400169373,1200,0.0,0.0
1988-06-20 00:00:00-04:00,0.6840867400169373,0.6840867400169373,0.6840867400169373,0.6840867400169373,0,0.0,0.0
1988-06-21 00:00:00-04:00,0.0,0.6840867400169373,0.6840867400169373,0.6840867400169373,1200,0.0,0.0
1988-06-22 00:00:00-04:00,0.6840867400169373,0.6840867400169373,0.6840867400169373,0.6840867400169373,0,0.0,0.0
1988-06-23 00:00:00-04:00,0.0,0.7329500785895756,0.6840867400169373,0.6840867400169373,6600,0.0,0.0
1988-06-24 00:00:00-04:00,0.0,0.6840867400169373,0.6840867400169373,0.6840867400169373,1200,0.0,0.0
1988-06-27 00:00:00-04:00,0.0,0.7329499125480652,0.7329499125480652,0.7329499125480652,6000,0.0,0.0
1988-06-28 00:00:00-04:00,0.0,0.7329499125480652,0.6840865850448609,0.7329499125480652,4800,0.0,0.0
1988-06-29 00:00:00-04:00,0.0,0.7329501767979739,0.7003743648529053,0.7003743648529053,6600,0.0,0.0
1988-06-30 00:00:00-04:00,0.0,0.7329499125480652,0.7003741123475266,0.7329499125480652,100800,0.0,0.0
1988-07-01 00:00:00-04:00,0.0,0.7492379546165466,0.7166628776304269,0.7492379546165466,30600,0.0,0.0
1988-07-05 00:00:00-04:00,0.0,0.716662585735321,0.716662585735321,0.716662585735321,1200,0.0,0.0
1988-07-06 00:00:00-04:00,0.0,0.7492379546165466,0.7166628776304269,0.7492379546165466,69000,0.0,0.0
1988-07-07 00:00:00-04:00,0.0,0.7492379546165466,0.7329504161234868,0.7492379546165466,97200,0.0,0.0
1988-07-08 00:00:00-04:00,0.0,0.7492379546165466,0.7329504161234868,0.7492379546165466,84000,0.0,0.0
1988-07-11 00:00:00-04:00,0.0,0.7492376494536885,0.716662585735321,0.716662585735321,48600,0.0,0.0
1988-07-12 00:00:00-04:00,0.0,0.7492379546165466,0.7166628776304269,0.7492379546165466,30600,0.0,0.0
1988-07-13 00:00:00-04:00,0.0,0.7655261158943176,0.732950298538517,0.7655261158943176,102000,0.0,0.0
1988-07-14 00:00:00-04:00,0.0,0.7655261158943176,0.7492378344186174,0.7655261158943176,72000,0.0,0.0
1988-07-15 00:00:00-04:00,0.0,0.7655261158943176,0.732950298538517,0.7655261158943176,4800,0.0,0.0
1988-07-18 00:00:00-04:00,0.0,0.7655261158943176,0.7655261158943176,0.7655261158943176,2400,0.0,0.0
1988-07-19 00:00:00-04:00,0.0,0.7655261158943176,0.732950298538517,0.7655261158943176,66600,0.0,0.0
1988-07-20 00:00:00-04:00,0.0,0.7655261158943176,0.7655261158943176,0.7655261158943176,6600,0.0,0.0
1988-07-21 00:00:00-04:00,0.0,0.7492379546165466,0.7492379546165466,0.7492379546165466,6600,0.0,0.0
1988-07-22 00:00:00-04:00,0.0,0.7655261158943176,0.7655261158943176,0.7655261158943176,600,0.0,0.0
1988-07-25 00:00:00-04:00,0.0,0.7492379546165466,0.7492379546165466,0.7492379546165466,7200,0.0,0.0
1988-07-26 00:00:00-04:00,0.0,0.7818135619163513,0.7492377483046653,0.7818135619163513,13200,0.0,0.0
1988-07-27 00:00:00-04:00,0.0,0.7981011876545185,0.7655261158943176,0.7655261158943176,79200,0.0,0.0
1988-07-28 00:00:00-04:00,0.0,0.7492379546165466,0.7492379546165466,0.7492379546165466,1800,0.0,0.0
1988-07-29 00:00:00-04:00,0.0,0.7492379546165466,0.7492379546165466,0.7492379546165466,3000,0.0,0.0
1988-08-01 00:00:00-04:00,0.0,0.7981007099151611,0.7492373859286175,0.7981007099151611,12600,0.0,0.0
1988-08-02 00:00:00-04:00,0.0,0.7981007099151611,0.7981007099151611,0.7981007099151611,600,0.0,0.0
1988-08-03 00:00:00-04:00,0.0,0.7981013156914457,0.7492379546165466,0.7492379546165466,65400,0.0,0.0
1988-08-04 00:00:00-04:00,0.0,0.7981011876545185,0.7655261158943176,0.7655261158943176,76200,0.0,0.0
1988-08-05 00:00:00-04:00,0.0,0.7981007099151611,0.7981007099151611,0.7981007099151611,7800,0.0,0.0
1988-08-08 00:00:00-04:00,0.0,0.7981007099151611,0.7981007099151611,0.7981007099151611,18000,0.0,0.0
1988-08-09 00:00:00-04:00,0.0,0.7981011876545185,0.7655261158943176,0.7655261158943176,6000,0.0,0.0
1988-08-10 00:00:00-04:00,0.0,0.7818137771983859,0.7492379546165466,0.7492379546165466,40200,0.0,0.0
1988-08-11 00:00:00-04:00,0.0,0.7492379546165466,0.7492379546165466,0.7492379546165466,6000,0.0,0.0
1988-08-12 00:00:00-04:00,0.0,0.7818132400512695,0.7329499125480652,0.7329499125480652,8400,0.0,0.0
1988-08-15 00:00:00-04:00,0.0,0.7818135619163513,0.7492377483046653,0.7818135619163513,1200,0.0,0.0
1988-08-16 00:00:00-04:00,0.0,0.7329499125480652,0.7329499125480652,0.7329499125480652,23400,0.0,0.0
1988-08-17 00:00:00-04:00,0.0,0.7492377099727702,0.7003743648529053,0.7003743648529053,90000,0.0,0.0
1988-08-18 00:00:00-04:00,0.0,0.7329501175945048,0.716662585735321,0.716662585735321,97200,0.0,0.0
1988-08-19 00:00:00-04:00,0.0,0.7329499125480652,0.7003741123475266,0.7329499125480652,14400,0.0,0.0
1988-08-22 00:00:00-04:00,0.0,0.7166625475971549,0.6840867400169373,0.6840867400169373,18000,0.0,0.0
1988-08-23 00:00:00-04:00,0.0,0.716662585735321,0.7003743082807216,0.716662585735321,34800,0.0,0.0
1988-08-24 00:00:00-04:00,0.716662585735321,0.716662585735321,0.716662585735321,0.716662585735321,0,0.0,0.0
1988-08-25 00:00:00-04:00,0.716662585735321,0.716662585735321,0.716662585735321,0.716662585735321,0,0.0,0.0
1988-08-26 00:00:00-04:00,0.716662585735321,0.716662585735321,0.716662585735321,0.716662585735321,0,0.0,0.0
1988-08-29 00:00:00-04:00,0.716662585735321,0.716662585735321,0.716662585735321,0.716662585735321,0,0.0,0.0
1988-08-30 00:00:00-04:00,0.716662585735321,0.716662585735321,0.716662585735321,0.716662585735321,0,0.0,0.0
1988-08-31 00:00:00-04:00,0.0,0.700374271009358,0.6840867400169373,0.6840867400169373,23400,0.0,0.0
1988-09-01 00:00:00-04:00,0.0,0.716662585735321,0.716662585735321,0.716662585735321,600,0.0,0.0
1988-09-02 00:00:00-04:00,0.0,0.716662585735321,0.6677992445623541,0.716662585735321,6600,0.0,0.0
1988-09-06 00:00:00-04:00,0.0,0.6840867660013465,0.6677992343902588,0.6677992343902588,5400,0.0,0.0
1988-09-07 00:00:00-04:00,0.6677992343902588,0.6677992343902588,0.6677992343902588,0.6677992343902588,0,0.0,0.0
1988-09-08 00:00:00-04:00,0.0,0.6677992343902588,0.6677992343902588,0.6677992343902588,1200,0.0,0.0
1988-09-09 00:00:00-04:00,0.0,0.716662585735321,0.716662585735321,0.716662585735321,1200,0.0,0.0
1988-09-12 00:00:00-04:00,0.0,0.716662585735321,0.6677992445623541,0.716662585735321,4800,0.0,0.0
1988-09-13 00:00:00-04:00,0.716662585735321,0.716662585735321,0.716662585735321,0.716662585735321,0,0.0,0.0
1988-09-14 00:00:00-04:00,0.0,0.6677992343902588,0.6677992343902588,0.6677992343902588,600,0.0,0.0
1988-09-15 00:00:00-04:00,0.0,0.6677992343902588,0.6677992343902588,0.6677992343902588,600,0.0,0.0
1988-09-16 00:00:00-04:00,0.0,0.716662585735321,0.6515109671077546,0.716662585735321,4800,0.0,0.0
1988-09-19 00:00:00-04:00,0.0,0.700374271009358,0.6840867400169373,0.6840867400169373,85800,0.0,0.0
1988-09-20 00:00:00-04:00,0.0,0.7003743648529053,0.684086831678109,0.7003743648529053,61200,0.0,0.0
1988-09-21 00:00:00-04:00,0.0,0.7166625475971549,0.6840867400169373,0.6840867400169373,12000,0.0,0.0
1988-09-22 00:00:00-04:00,0.0,0.716662585735321,0.716662585735321,0.716662585735321,4800,0.0,0.0
1988-09-23 00:00:00-04:00,0.0,0.7166626436231776,0.684086831678109,0.7003743648529053,44400,0.0,0.0
1988-09-26 00:00:00-04:00,0.0,0.716662585735321,0.716662585735321,0.716662585735321,1200,0.0,0.0
1988-09-27 00:00:00-04:00,0.0,0.7003743648529053,0.7003743648529053,0.7003743648529053,1200,0.0,0.0
1988-09-28 00:00:00-04:00,0.7003743648529053,0.7003743648529053,0.7003743648529053,0.7003743648529053,0,0.0,0.0
1988-09-29 00:00:00-04:00,0.0,0.7166625475971549,0.6840867400169373,0.6840867400169373,3000,0.0,0.0
1988-09-30 00:00:00-04:00,0.0,0.716662585735321,0.6840867764215378,0.716662585735321,3600,0.0,0.0
1988-10-03 00:00:00-04:00,0.0,0.716662585735321,0.716662585735321,0.716662585735321,600,0.0,0.0
1988-10-04 00:00:00-04:00,0.0,0.7166625475971549,0.6840867400169373,0.6840867400169373,17400,0.0,0.0
1988-10-05 00:00:00-04:00,0.6840867400169373,0.6840867400169373,0.6840867400169373,0.6840867400169373,0,0.0,0.0
1988-10-06 00:00:00-04:00,0.6840867400169373,0.6840867400169373,0.6840867400169373,0.6840867400169373,0,0.0,0.0
1988-10-07 00:00:00-04:00,0.6840867400169373,0.6840867400169373,0.6840867400169373,0.6840867400169373,0,0.0,0.0
1988-10-10 00:00:00-04:00,0.0,0.7166625475971549,0.6840867400169373,0.6840867400169373,79800,0.0,0.0
1988-10-11 00:00:00-04:00,0.0,0.7166625475971549,0.6840867400169373,0.6840867400169373,8400,0.0,0.0
1988-10-12 00:00:00-04:00,0.0,0.6840867400169373,0.6840867400169373,0.6840867400169373,2400,0.0,0.0
1988-10-13 00:00:00-04:00,0.6840867400169373,0.6840867400169373,0.6840867400169373,0.6840867400169373,0,0.0,0.0
1988-10-14 00:00:00-04:00,0.6840867400169373,0.6840867400169373,0.6840867400169373,0.6840867400169373,0,0.0,0.0
1988-10-17 00:00:00-04:00,0.0,0.6840867400169373,0.6840867400169373,0.6840867400169373,4800,0.0,0.0
1988-10-18 00:00:00-04:00,0.6840867400169373,0.6840867400169373,0.6840867400169373,0.6840867400169373,0,0.0,0.0
1988-10-19 00:00:00-04:00,0.0,0.6840867400169373,0.6840867400169373,0.6840867400169373,1200,0.0,0.0
1988-10-20 00:00:00-04:00,0.6840867400169373,0.6840867400169373,0.6840867400169373,0.6840867400169373,0,0.0,0.0
1988-10-21 00:00:00-04:00,0.0,0.7166626436231776,0.684086831678109,0.7003743648529053,759000,0.0,0.0
1988-10-24 00:00:00-04:00,0.0,0.6840867400169373,0.6840867400169373,0.6840867400169373,3600,0.0,0.0
1988-10-25 00:00:00-04:00,0.0,0.6840867400169373,0.6840867400169373,0.6840867400169373,2400,0.0,0.0
1988-10-26 00:00:00-04:00,0.0,0.6840867400169373,0.6840867400169373,0.6840867400169373,1200,0.0,0.0
1988-10-27 00:00:00-04:00,0.0,0.716662585735321,0.6840867764215378,0.716662585735321,3600,0.0,0.0
1988-10-28 00:00:00-04:00,0.716662585735321,0.716662585735321,0.716662585735321,0.716662585735321,0,0.0,0.0
1988-10-31 00:00:00-05:00,0.0,0.716662585735321,0.7003743082807216,0.716662585735321,180600,0.0,0.0
1988-11-01 00:00:00-05:00,0.716662585735321,0.716662585735321,0.716662585735321,0.716662585735321,0,0.0,0.0
1988-11-02 00:00:00-05:00,0.0,0.7166625475971549,0.6840867400169373,0.6840867400169373,6600,0.0,0.0
1988-11-03 00:00:00-05:00,0.0,0.6840867400169373,0.6840867400169373,0.6840867400169373,3000,0.0,0.0
1988-11-04 00:00:00-05:00,0.0,0.6840867400169373,0.6840867400169373,0.6840867400169373,30000,0.0,0.0
1988-11-07 00:00:00-05:00,0.0,0.6840867400169373,0.6840867400169373,0.6840867400169373,2400,0.0,0.0
1988-11-08 00:00:00-05:00,0.0,0.716662585735321,0.716662585735321,0.716662585735321,2400,0.0,0.0
1988-11-09 00:00:00-05:00,0.0,0.716662585735321,0.6677992445623541,0.716662585735321,711600,0.0,0.0
1988-11-10 00:00:00-05:00,0.0,0.716662585735321,0.716662585735321,0.716662585735321,27000,0.0,0.0
1988-11-11 00:00:00-05:00,0.0,0.7166625475971549,0.6840867400169373,0.6840867400169373,12000,0.0,0.0
1988-11-14 00:00:00-05:00,0.0,0.716662585735321,0.6840867764215378,0.716662585735321,24600,0.0,0.0
1988-11-15 00:00:00-05:00,0.0,0.716662585735321,0.6840867764215378,0.716662585735321,14400,0.0,0.0
1988-11-16 00:00:00-05:00,0.0,0.7166626436231776,0.684086831678109,0.7003743648529053,478200,0.0,0.0
1988-11-17 00:00:00-05:00,0.0,0.700374271009358,0.6840867400169373,0.6840867400169373,27600,0.0,0.0
1988-11-18 00:00:00-05:00,0.6840867400169373,0.6840867400169373,0.6840867400169373,0.6840867400169373,0,0.0,0.0
1988-11-21 00:00:00-05:00,0.0,0.7166625475971549,0.6840867400169373,0.6840867400169373,26400,0.0,0.0
1988-11-22 00:00:00-05:00,0.0,0.7166625475971549,0.6352234014442989,0.6840867400169373,220200,0.0,0.0
1988-11-23 00:00:00-05:00,0.6840867400169373,0.6840867400169373,0.6840867400169373,0.6840867400169373,0,0.0,0.0
1988-11-25 00:00:00-05:00,0.6840867400169373,0.6840867400169373,0.6840867400169373,0.6840867400169373,0,0.0,0.0
1988-11-28 00:00:00-05:00,0.0,0.6840868546412542,0.6352235078811646,0.6352235078811646,2400,0.0,0.0
1988-11-29 00:00:00-05:00,0.0,0.6352235078811646,0.6352235078811646,0.6352235078811646,22200,0.0,0.0
1988-11-30 00:00:00-05:00,0.0,0.6515110416026941,0.6352235078811646,0.6352235078811646,33000,0.0,0.0
1988-12-01 00:00:00-05:00,0.0,0.6352235078811646,0.6352235078811646,0.6352235078811646,2400,0.0,0.0
1988-12-02 00:00:00-05:00,0.0,0.6352235078811646,0.6352235078811646,0.6352235078811646,3000,0.0,0.0
1988-12-05 00:00:00-05:00,0.0,0.716662585735321,0.6515109671077546,0.716662585735321,108000,0.0,0.0
1988-12-06 00:00:00-05:00,0.0,0.7003743648529053,0.6515110197330404,0.7003743648529053,45600,0.0,0.0
1988-12-07 00:00:00-05:00,0.0,0.7003743648529053,0.6515110197330404,0.7003743648529053,405000,0.0,0.0
1988-12-08 00:00:00-05:00,0.0,0.6677992343902588,0.6515109571837666,0.6677992343902588,18600,0.0,0.0
1988-12-09 00:00:00-05:00,0.0,0.716662585735321,0.6677992445623541,0.716662585735321,37200,0.0,0.0
1988-12-12 00:00:00-05:00,0.0,0.6677992343902588,0.6677992343902588,0.6677992343902588,9600,0.0,0.0
1988-12-13 00:00:00-05:00,0.0,0.7166625475971549,0.6677992090245165,0.6840867400169373,253200,0.0,0.0
1988-12-14 00:00:00-05:00,0.0,0.716662585735321,0.716662585735321,0.716662585735321,34200,0.0,0.0
1988-12-15 00:00:00-05:00,0.716662585735321,0.716662585735321,0.716662585735321,0.716662585735321,0,0.0,0.0
1988-12-16 00:00:00-05:00,0.716662585735321,0.716662585735321,0.716662585735321,0.716662585735321,0,0.0,0.0
1988-12-19 00:00:00-05:00,0.0,0.716662585735321,0.6840867764215378,0.716662585735321,427800,0.0,0.0
1988-12-20 00:00:00-05:00,0.0,0.716662585735321,0.6840867764215378,0.716662585735321,10200,0.0,0.0
1988-12-21 00:00:00-05:00,0.0,0.716662585735321,0.716662585735321,0.716662585735321,73800,0.0,0.0
1988-12-22 00:00:00-05:00,0.0,0.7166625475971549,0.6840867400169373,0.6840867400169373,9600,0.0,0.0
1988-12-23 00:00:00-05:00,0.0,0.7242528200149536,0.6913319975395211,0.7242528200149536,278400,0.00917,0.0
1988-12-27 00:00:00-05:00,0.0,0.7242528319407177,0.7077920436859131,0.7077920436859131,51000,0.0,0.0
1988-12-28 00:00:00-05:00,0.0,0.7242528200149536,0.7242528200149536,0.7242528200149536,3000,0.0,0.0
1988-12-29 00:00:00-05:00,0.0,0.7242529673670822,0.674872100353241,0.674872100353241,9000,0.0,0.0
1988-12-30 00:00:00-05:00,0.0,0.7242529673670822,0.674872100353241,0.674872100353241,7200,0.0,0.0
1989-01-03 00:00:00-05:00,0.0,0.7242528200149536,0.7242528200149536,0.7242528200149536,1200,0.0,0.0
1989-01-04 00:00:00-05:00,0.0,0.674872100353241,0.674872100353241,0.674872100353241,45000,0.0,0.0
1989-01-05 00:00:00-05:00,0.0,0.7242527216105679,0.6584110856056213,0.6584110856056213,42000,0.0,0.0
1989-01-06 00:00:00-05:00,0.0,0.7242528200149536,0.6584111750640886,0.7242528200149536,65400,0.0,0.0
1989-01-09 00:00:00-05:00,0.0,0.7242528200149536,0.6584111750640886,0.7242528200149536,199800,0.0,0.0
1989-01-10 00:00:00-05:00,0.0,0.7242528319407177,0.7077920436859131,0.7077920436859131,15600,0.0,0.0
1989-01-11 00:00:00-05:00,0.0,0.7077919358633423,0.6584110856056213,0.6584110856056213,204000,0.0,0.0
1989-01-12 00:00:00-05:00,0.0,0.7077920436859131,0.6584111859056844,0.7077920436859131,45000,0.0,0.0
1989-01-13 00:00:00-05:00,0.0,0.7077919358633423,0.6584110856056213,0.6584110856056213,6600,0.0,0.0
1989-01-16 00:00:00-05:00,0.0,0.7077921760343128,0.6584113090204716,0.674872100353241,126000,0.0,0.0
1989-01-17 00:00:00-05:00,0.0,0.7077919358633423,0.6584110856056213,0.6584110856056213,3600,0.0,0.0
1989-01-18 00:00:00-05:00,0.0,0.7077920436859131,0.6584111859056844,0.7077920436859131,108000,0.0,0.0
1989-01-19 00:00:00-05:00,0.0,0.7077920436859131,0.6584111859056844,0.7077920436859131,114600,0.0,0.0
1989-01-20 00:00:00-05:00,0.0,0.7077920777726702,0.6913320422172546,0.6913320422172546,65400,0.0,0.0
1989-01-23 00:00:00-05:00,0.0,0.674872100353241,0.674872100353241,0.674872100353241,4200,0.0,0.0
1989-01-24 00:00:00-05:00,0.0,0.7077921760343128,0.674872100353241,0.674872100353241,225600,0.0,0.0
1989-01-25 00:00:00-05:00,0.0,0.7077921760343128,0.674872100353241,0.674872100353241,61200,0.0,0.0
1989-01-26 00:00:00-05:00,0.0,0.7407126426696777,0.6913317998250326,0.7407126426696777,398400,0.0,0.0
1989-01-27 00:00:00-05:00,0.0,0.7571726724539379,0.7077918296092927,0.7407126426696777,73800,0.0,0.0
1989-01-30 00:00:00-05:00,0.0,0.7736335396766663,0.724252691473729,0.7736335396766663,100800,0.0,0.0
1989-01-31 00:00:00-05:00,0.0,0.7736335396766663,0.724252691473729,0.7736335396766663,3000,0.0,0.0
1989-02-01 00:00:00-05:00,0.0,0.7242528200149536,0.7242528200149536,0.7242528200149536,2400,0.0,0.0
1989-02-02 00:00:00-05:00,0.0,0.7736335396766663,0.7736335396766663,0.7736335396766663,2400,0.0,0.0
1989-02-03 00:00:00-05:00,0.0,0.7242528200149536,0.7242528200149536,0.7242528200149536,3000,0.0,0.0
1989-02-06 00:00:00-05:00,0.0,0.7736334557300627,0.7407126426696777,0.7407126426696777,99000,0.0,0.0
1989-02-07 00:00:00-05:00,0.0,0.7736335396766663,0.7736335396766663,0.7736335396766663,14400,0.0,0.0
1989-02-08 00:00:00-05:00,0.0,0.8230149774055917,0.7407132536172867,0.7900941371917725,129600,0.0,0.0
1989-02-09 00:00:00-05:00,0.0,0.7736335396766663,0.7736335396766663,0.7736335396766663,18600,0.0,0.0
1989-02-10 00:00:00-05:00,0.7736335396766663,0.7736335396766663,0.7736335396766663,0.7736335396766663,0,0.0,0.0
1989-02-13 00:00:00-05:00,0.0,0.7736335396766663,0.7736335396766663,0.7736335396766663,92400,0.0,0.0
1989-02-14 00:00:00-05:00,0.0,0.8065539002418518,0.8065539002418518,0.8065539002418518,7200,0.0,0.0
1989-02-15 00:00:00-05:00,0.0,0.8394747290143317,0.790093862601724,0.8065539002418518,162600,0.0,0.0
1989-02-16 00:00:00-05:00,0.0,0.8394746780395508,0.8065538512660971,0.8394746780395508,57000,0.0,0.0
1989-02-17 00:00:00-05:00,0.0,0.8065539002418518,0.8065539002418518,0.8065539002418518,8400,0.0,0.0
1989-02-21 00:00:00-05:00,0.0,0.8394746780395508,0.8065538512660971,0.8394746780395508,6600,0.0,0.0
1989-02-22 00:00:00-05:00,0.0,0.8394747290143317,0.7736338249615962,0.8065539002418518,58800,0.0,0.0
1989-02-23 00:00:00-05:00,0.0,0.8230143878796036,0.7736335396766663,0.7736335396766663,37200,0.0,0.0
1989-02-24 00:00:00-05:00,0.0,0.8230149774055917,0.7736340938311059,0.7900941371917725,51000,0.0,0.0
1989-02-27 00:00:00-05:00,0.0,0.806553866087744,0.7571730017662048,0.7571730017662048,6600,0.0,0.0
1989-02-28 00:00:00-05:00,0.0,0.8065539002418518,0.8065539002418518,0.8065539002418518,3000,0.0,0.0
1989-03-01 00:00:00-05:00,0.0,0.8065539002418518,0.7571730338292441,0.8065539002418518,7200,0.0,0.0
1989-03-02 00:00:00-05:00,0.0,0.7571730017662048,0.7571730017662048,0.7571730017662048,1200,0.0,0.0
1989-03-03 00:00:00-05:00,0.0,0.8065539002418518,0.7736338249615962,0.8065539002418518,145800,0.0,0.0
1989-03-06 00:00:00-05:00,0.0,0.8394746780395508,0.773633777984822,0.8394746780395508,253200,0.0,0.0
1989-03-07 00:00:00-05:00,0.0,0.8723951578140259,0.8394743441349695,0.8723951578140259,231600,0.0,0.0
1989-03-08 00:00:00-05:00,0.0,0.888855516910553,0.8394746548599666,0.888855516910553,72600,0.0,0.0
1989-03-09 00:00:00-05:00,0.0,0.9217760015866712,0.8559343742285582,0.8723951578140259,177600,0.0,0.0
1989-03-10 00:00:00-05:00,0.0,0.9546962976455687,0.8723953733520957,0.9546962976455688,75600,0.0,0.0
1989-03-13 00:00:00-05:00,0.0,0.9546963156803081,0.9053154587745667,0.9053154587745667,306600,0.0,0.0
1989-03-14 00:00:00-05:00,0.0,0.9546962418971968,0.9053153888078241,0.9217761754989624,76200,0.0,0.0
1989-03-15 00:00:00-05:00,0.0,0.9546962418971968,0.9053153888078241,0.9217761754989624,93000,0.0,0.0
1989-03-16 00:00:00-05:00,0.0,0.9546962418971968,0.9217761754989624,0.9217761754989624,96600,0.0,0.0
1989-03-17 00:00:00-05:00,0.0,0.9546962418971968,0.9053153888078241,0.9217761754989624,244200,0.0,0.0
1989-03-20 00:00:00-05:00,0.0,0.9382362086980796,0.888855355608707,0.9217761754989624,130200,0.0,0.0
1989-03-21 00:00:00-05:00,0.0,0.9382365942001343,0.8888557208211798,0.9382365942001343,95400,0.0,0.0
1989-03-22 00:00:00-05:00,0.0,0.9382362086980796,0.888855355608707,0.9217761754989624,141000,0.0,0.0
1989-03-23 00:00:00-05:00,0.0,0.9382362812090874,0.9053154587745667,0.9053154587745667,16200,0.0,0.0
1989-03-27 00:00:00-05:00,0.0,0.9382362812090874,0.9053154587745667,0.9053154587745667,85200,0.0,0.0
1989-03-28 00:00:00-05:00,0.0,0.9382362086980796,0.9217761754989624,0.9217761754989624,16200,0.0,0.0
1989-03-29 00:00:00-05:00,0.0,0.9382365942001343,0.9053157607833878,0.9382365942001343,58800,0.0,0.0
1989-03-30 00:00:00-05:00,0.0,0.9382362812090874,0.9053154587745667,0.9053154587745667,74400,0.0,0.0
1989-03-31 00:00:00-05:00,0.0,0.9546966341623422,0.9217765542379264,0.9382365942001343,114000,0.0,0.0
1989-04-03 00:00:00-04:00,0.0,0.9546962976455687,0.9217762293250056,0.9546962976455688,148800,0.0,0.0
1989-04-04 00:00:00-04:00,0.0,0.9876177310943604,0.9546968888937045,0.9876177310943604,225000,0.0,0.0
1989-04-05 00:00:00-04:00,0.0,0.9876177310943604,0.9546968888937045,0.9876177310943604,150600,0.0,0.0
1989-04-06 00:00:00-04:00,0.0,0.9876177310943604,0.9546968888937045,0.9876177310943604,3000,0.0,0.0
1989-04-07 00:00:00-04:00,0.0,1.0040771536184787,0.9546962976455687,0.9546962976455688,9000,0.0,0.0
1989-04-10 00:00:00-04:00,0.0,0.9546962976455687,0.9546962976455687,0.9546962976455688,1200,0.0,0.0
1989-04-11 00:00:00-04:00,0.0,1.0699185132980347,0.9876168573545351,1.0699185132980347,100800,0.0,0.0
1989-04-12 00:00:00-04:00,0.0,1.0369980335235596,1.0369980335235596,1.0369980335235596,40800,0.0,0.0
1989-04-13 00:00:00-04:00,0.0,1.0369986176490784,0.9546968888937045,0.9876177310943604,117600,0.0,0.0
1989-04-14 00:00:00-04:00,0.0,1.004076600074768,0.9711565499029066,1.004076600074768,64200,0.0,0.0
1989-04-17 00:00:00-04:00,0.0,1.0040767105355686,0.971156656742096,0.971156656742096,27600,0.0,0.0
1989-04-18 00:00:00-04:00,0.0,1.004076600074768,0.9711565499029066,1.004076600074768,24000,0.0,0.0
1989-04-19 00:00:00-04:00,0.0,1.0040777754484225,0.9711576867402982,0.9876177310943604,87000,0.0,0.0
1989-04-20 00:00:00-04:00,0.0,1.004076600074768,0.9876165749888373,1.004076600074768,59400,0.0,0.0
1989-04-21 00:00:00-04:00,0.0,1.004076600074768,0.9876165749888373,1.004076600074768,49200,0.0,0.0
1989-04-24 00:00:00-04:00,0.0,1.0040767105355686,0.971156656742096,0.971156656742096,3600,0.0,0.0
1989-04-25 00:00:00-04:00,0.0,1.004076600074768,1.004076600074768,1.004076600074768,2400,0.0,0.0
1989-04-26 00:00:00-04:00,0.0,0.971156656742096,0.971156656742096,0.971156656742096,7800,0.0,0.0
1989-04-27 00:00:00-04:00,0.0,1.0040767105355686,0.971156656742096,0.971156656742096,7800,0.0,0.0
1989-04-28 00:00:00-04:00,0.0,0.971156656742096,0.971156656742096,0.971156656742096,9600,0.0,0.0
1989-05-01 00:00:00-04:00,0.0,1.0040767105355686,0.971156656742096,0.971156656742096,69000,0.0,0.0
1989-05-02 00:00:00-04:00,0.0,1.004076600074768,0.9711565499029066,1.004076600074768,4200,0.0,0.0
1989-05-03 00:00:00-04:00,0.0,0.9876166836388323,0.971156656742096,0.971156656742096,52800,0.0,0.0
1989-05-04 00:00:00-04:00,0.0,1.0040777754484225,0.9711576867402982,0.9876177310943604,57000,0.0,0.0
1989-05-05 00:00:00-04:00,0.0,1.0040767105355686,0.971156656742096,0.971156656742096,7200,0.0,0.0
1989-05-08 00:00:00-04:00,0.0,0.9876177310943604,0.9711576867402982,0.9876177310943604,104400,0.0,0.0
1989-05-09 00:00:00-04:00,0.0,0.9876177310943604,0.9711576867402982,0.9876177310943604,25200,0.0,0.0
1989-05-10 00:00:00-04:00,0.0,1.004076600074768,0.9711565499029066,1.004076600074768,63000,0.0,0.0
1989-05-11 00:00:00-04:00,0.0,1.0040777754484225,0.9876177310943604,0.9876177310943604,42000,0.0,0.0
1989-05-12 00:00:00-04:00,0.0,0.971156656742096,0.971156656742096,0.971156656742096,7800,0.0,0.0
1989-05-15 00:00:00-04:00,0.0,1.0040777754484225,0.9711576867402982,0.9876177310943604,52800,0.0,0.0
1989-05-16 00:00:00-04:00,0.0,1.0040777754484225,0.9876177310943604,0.9876177310943604,10800,0.0,0.0
1989-05-17 00:00:00-04:00,0.0,0.971156656742096,0.971156656742096,0.971156656742096,7200,0.0,0.0
1989-05-18 00:00:00-04:00,0.0,1.004076600074768,0.9711565499029066,1.004076600074768,33600,0.0,0.0
1989-05-19 00:00:00-04:00,0.0,1.004076600074768,0.9711565499029066,1.004076600074768,18000,0.0,0.0
1989-05-22 00:00:00-04:00,0.0,1.020538330078125,1.0040775361545031,1.020538330078125,42000,0.0,0.0
1989-05-23 00:00:00-04:00,0.0,1.020538330078125,0.9876174957232332,1.020538330078125,34200,0.0,0.0
1989-05-24 00:00:00-04:00,0.0,1.0369983705093948,0.9876174957232332,1.020538330078125,133800,0.0,0.0
1989-05-25 00:00:00-04:00,0.0,1.0369980335235596,1.0040772098667126,1.0369980335235596,7200,0.0,0.0
1989-05-26 00:00:00-04:00,0.0,1.0369974037382792,1.004076600074768,1.004076600074768,45600,0.0,0.0
1989-05-30 00:00:00-04:00,0.0,1.004076600074768,1.004076600074768,1.004076600074768,2400,0.0,0.0
1989-05-31 00:00:00-04:00,0.0,1.004076600074768,1.004076600074768,1.004076600074768,13200,0.0,0.0
1989-06-01 00:00:00-04:00,0.0,1.004076600074768,1.004076600074768,1.004076600074768,3000,0.0,0.0
1989-06-02 00:00:00-04:00,0.0,1.004076600074768,0.9876165749888373,1.004076600074768,108600,0.0,0.0
1989-06-05 00:00:00-04:00,0.0,1.020538330078125,0.9876174957232332,1.020538330078125,36600,0.0,0.0
1989-06-06 00:00:00-04:00,0.0,1.0205385732950163,0.9876177310943604,0.9876177310943604,21600,0.0,0.0
1989-06-07 00:00:00-04:00,0.0,1.0205374909240374,0.971156656742096,0.971156656742096,1800,0.0,0.0
1989-06-08 00:00:00-04:00,0.0,1.004076600074768,0.9711565499029066,1.004076600074768,11400,0.0,0.0
1989-06-09 00:00:00-04:00,0.0,1.0040767105355686,0.971156656742096,0.971156656742096,15000,0.0,0.0
1989-06-12 00:00:00-04:00,0.0,1.0040767105355686,0.971156656742096,0.971156656742096,28200,0.0,0.0
1989-06-13 00:00:00-04:00,0.0,1.0369980335235596,1.0040772098667126,1.0369980335235596,135600,0.0,0.0
1989-06-14 00:00:00-04:00,0.0,1.0863785430899886,1.036997700222262,1.0699185132980347,123000,0.0,0.0
1989-06-15 00:00:00-04:00,0.0,1.0699190046494529,1.0205381391039736,1.0534582138061523,36000,0.0,0.0
1989-06-16 00:00:00-04:00,0.0,1.0699190046494529,1.036998176455063,1.0534582138061523,87600,0.0,0.0
1989-06-19 00:00:00-04:00,0.0,1.0699190046494529,1.0534582138061523,1.0534582138061523,60600,0.0,0.0
1989-06-20 00:00:00-04:00,0.0,1.0863785430899886,1.0534577300142156,1.0699185132980347,7200,0.0,0.0
1989-06-21 00:00:00-04:00,0.0,1.086379051208496,1.0534582227350753,1.086379051208496,101400,0.0,0.0
1989-06-22 00:00:00-04:00,0.0,1.0863790420005421,1.0534582138061523,1.0534582138061523,45600,0.0,0.0
1989-06-23 00:00:00-04:00,0.0,1.0699185132980347,1.0534577300142156,1.0699185132980347,217200,0.0,0.0
1989-06-26 00:00:00-04:00,0.0,1.086379051208496,1.086379051208496,1.086379051208496,40800,0.0,0.0
1989-06-27 00:00:00-04:00,0.0,1.102838397026062,1.0699183426915044,1.102838397026062,140400,0.0,0.0
1989-06-28 00:00:00-04:00,0.0,1.1028390793516316,1.0534582138061523,1.0534582138061523,156000,0.0,0.0
1989-06-29 00:00:00-04:00,0.0,1.119299879681917,1.0699190137178944,1.086379051208496,113400,0.0,0.0
1989-06-30 00:00:00-04:00,0.0,1.119299879681917,1.086379051208496,1.086379051208496,31200,0.0,0.0
1989-07-03 00:00:00-04:00,0.0,1.1851403713226318,1.1192994907464708,1.1851403713226318,114000,0.0,0.0
1989-07-05 00:00:00-04:00,0.0,1.1851403713226318,1.1522195542885734,1.1851403713226318,6600,0.0,0.0
1989-07-06 00:00:00-04:00,0.0,1.201600403093683,1.135759522517522,1.1851403713226318,150600,0.0,0.0
1989-07-07 00:00:00-04:00,0.0,1.2345218658447266,1.1851409912109374,1.2345218658447266,54000,0.0,0.0
1989-07-10 00:00:00-04:00,0.0,1.2631075611901907,1.2132480421853689,1.2464879751205444,52200,0.015,0.0
1989-07-11 00:00:00-04:00,0.0,1.3129667417339335,1.2464876537966734,1.279727578163147,267000,0.0,0.0
1989-07-12 00:00:00-04:00,0.0,1.2797273117432475,1.1966278985249497,1.2298678159713745,107400,0.0,0.0
1989-07-13 00:00:00-04:00,0.0,1.2631069726222706,1.1966278985249497,1.2298678159713745,42600,0.0,0.0
1989-07-14 00:00:00-04:00,0.0,1.2464879751205444,1.1966284561157228,1.2464879751205444,4200,0.0,0.0
1989-07-17 00:00:00-04:00,0.0,1.2298678159713745,1.1633879810785248,1.2298678159713745,96000,0.0,0.0
1989-07-18 00:00:00-04:00,0.0,1.229867894067335,1.1800083951294105,1.1966279745101929,57000,0.0,0.0
1989-07-19 00:00:00-04:00,0.0,1.229867894067335,1.1966279745101929,1.1966279745101929,20400,0.0,0.0
1989-07-20 00:00:00-04:00,0.0,1.229867894067335,1.1966279745101929,1.1966279745101929,11400,0.0,0.0
1989-07-21 00:00:00-04:00,0.0,1.229868532264704,1.1800090074539185,1.1800090074539185,36600,0.0,0.0
1989-07-24 00:00:00-04:00,0.0,1.2132476568222046,1.1633881536542283,1.2132476568222046,33600,0.0,0.0
1989-07-25 00:00:00-04:00,0.0,1.2132475538909755,1.1467684755722682,1.1966279745101929,26400,0.0,0.0
1989-07-26 00:00:00-04:00,0.0,1.1966279745101929,1.1966279745101929,1.1966279745101929,16200,0.0,0.0
1989-07-27 00:00:00-04:00,0.0,1.1966279745101929,1.1467684755722682,1.1966279745101929,6600,0.0,0.0
1989-07-28 00:00:00-04:00,0.0,1.1966286949489429,1.1467691659927368,1.1467691659927368,6600,0.0,0.0
1989-07-31 00:00:00-04:00,0.0,1.180009105562219,1.1467691659927368,1.1467691659927368,41400,0.0,0.0
1989-08-01 00:00:00-04:00,0.0,1.1301497220993042,1.1301497220993042,1.1301497220993042,4200,0.0,0.0
1989-08-02 00:00:00-04:00,0.0,1.1800091998150521,1.130149666876333,1.1633888483047485,31200,0.0,0.0
1989-08-03 00:00:00-04:00,0.0,1.1633888483047485,1.1135293153660293,1.1633888483047485,10200,0.0,0.0
1989-08-04 00:00:00-04:00,0.0,1.1467691659927368,1.1135292264232546,1.1467691659927368,7200,0.0,0.0
1989-08-07 00:00:00-04:00,0.0,1.16338786150451,1.1135283708572388,1.1135283708572388,19800,0.0,0.0
1989-08-08 00:00:00-04:00,0.0,1.27972790805572,1.1135290041757253,1.2464879751205444,344400,0.0,0.0
1989-08-09 00:00:00-04:00,0.0,1.2631075611901907,1.1966284561157228,1.2464879751205444,276000,0.0,0.0
1989-08-10 00:00:00-04:00,0.0,1.2464879751205444,1.2298683890508983,1.2464879751205444,99000,0.0,0.0
1989-08-11 00:00:00-04:00,0.0,1.2464879751205444,1.2132480421853689,1.2464879751205444,18000,0.0,0.0
1989-08-14 00:00:00-04:00,0.0,1.2464875791994023,1.2132476568222046,1.2132476568222046,72000,0.0,0.0
1989-08-15 00:00:00-04:00,0.0,1.2464874734481177,1.1966279745101929,1.1966279745101929,76200,0.0,0.0
1989-08-16 00:00:00-04:00,0.0,1.2298679984086243,1.1966280760314263,1.2132476568222046,33600,0.0,0.0
1989-08-17 00:00:00-04:00,0.0,1.2631075611901907,1.2132480421853689,1.2464879751205444,171600,0.0,0.0
1989-08-18 00:00:00-04:00,0.0,1.2464875791994023,1.2132476568222046,1.2132476568222046,48600,0.0,0.0
1989-08-21 00:00:00-04:00,0.0,1.2464874734481177,1.1966279745101929,1.1966279745101929,13200,0.0,0.0
1989-08-22 00:00:00-04:00,0.0,1.1966279745101929,1.1633880549530509,1.1966279745101929,40200,0.0,0.0
1989-08-23 00:00:00-04:00,0.0,1.1800092574743304,1.1301497220993042,1.1301497220993042,60600,0.0,0.0
1989-08-24 00:00:00-04:00,0.0,1.1800091998150521,1.130149666876333,1.1633888483047485,8400,0.0,0.0
1989-08-25 00:00:00-04:00,0.0,1.1800092574743304,1.1301497220993042,1.1301497220993042,5400,0.0,0.0
1989-08-28 00:00:00-04:00,0.0,1.180009105562219,1.1467691659927368,1.1467691659927368,49200,0.0,0.0
1989-08-29 00:00:00-04:00,0.0,1.1966279745101929,1.1467684755722682,1.1966279745101929,107400,0.0,0.0
1989-08-30 00:00:00-04:00,0.0,1.2298678159713745,1.1800083201995015,1.2298678159713745,82800,0.0,0.0
1989-08-31 00:00:00-04:00,0.0,1.2298678159713745,1.1800083201995015,1.2298678159713745,20400,0.0,0.0
1989-09-01 00:00:00-04:00,0.0,1.1800090074539185,1.1800090074539185,1.1800090074539185,7800,0.0,0.0
1989-09-05 00:00:00-04:00,0.0,1.2132476568222046,1.1966280760314263,1.2132476568222046,1800,0.0,0.0
1989-09-06 00:00:00-04:00,0.0,1.1800090074539185,1.1800090074539185,1.1800090074539185,3000,0.0,0.0
1989-09-07 00:00:00-04:00,0.0,1.2132475538909755,1.1633880549530509,1.1966279745101929,56400,0.0,0.0
1989-09-08 00:00:00-04:00,0.0,1.1966279745101929,1.1633880549530509,1.1966279745101929,1200,0.0,0.0
1989-09-11 00:00:00-04:00,0.0,1.1633888483047485,1.1633888483047485,1.1633888483047485,7200,0.0,0.0
1989-09-12 00:00:00-04:00,0.0,1.196628849000628,1.1301497220993042,1.1301497220993042,2400,0.0,0.0
1989-09-13 00:00:00-04:00,1.1301497220993042,1.1301497220993042,1.1301497220993042,1.1301497220993042,0,0.0,0.0
1989-09-14 00:00:00-04:00,0.0,1.1301497220993042,1.1301497220993042,1.1301497220993042,6000,0.0,0.0
1989-09-15 00:00:00-04:00,0.0,1.1301497220993042,1.1301497220993042,1.1301497220993042,5400,0.0,0.0
1989-09-18 00:00:00-04:00,0.0,1.1800090074539185,1.1301494826431329,1.1800090074539185,3000,0.0,0.0
1989-09-19 00:00:00-04:00,0.0,1.1467684401248779,1.080289363861084,1.080289363861084,59400,0.0,0.0
1989-09-20 00:00:00-04:00,0.0,1.1301492134809286,1.0802897005449434,1.0969092845916748,44400,0.0,0.0
1989-09-21 00:00:00-04:00,0.0,1.1301488612578179,1.080289363861084,1.080289363861084,30000,0.0,0.0
1989-09-22 00:00:00-04:00,0.0,1.1135285215952042,1.080289363861084,1.080289363861084,11400,0.0,0.0
1989-09-25 00:00:00-04:00,1.080289363861084,1.080289363861084,1.080289363861084,1.080289363861084,0,0.0,0.0
1989-09-26 00:00:00-04:00,0.0,1.096908942728144,1.0636690241984703,1.080289363861084,6600,0.0,0.0
1989-09-27 00:00:00-04:00,0.0,1.080289363861084,1.0636690241984703,1.080289363861084,24000,0.0,0.0
1989-09-28 00:00:00-04:00,0.0,1.1135285215952042,1.080289363861084,1.080289363861084,50400,0.0,0.0
1989-09-29 00:00:00-04:00,0.0,1.1301487082699628,1.0802892176226917,1.1135283708572388,46800,0.0,0.0
1989-10-02 00:00:00-04:00,1.1135283708572388,1.1135283708572388,1.1135283708572388,1.1135283708572388,0,0.0,0.0
1989-10-03 00:00:00-04:00,0.0,1.1301497220993042,1.080290186724278,1.1301497220993042,19200,0.0,0.0
1989-10-04 00:00:00-04:00,0.0,1.1467691659927368,1.0969096370365308,1.1467691659927368,13200,0.0,0.0
1989-10-05 00:00:00-04:00,0.0,1.1467691659927368,1.1301495766060132,1.1467691659927368,4800,0.0,0.0
1989-10-06 00:00:00-04:00,0.0,1.1467682848872363,1.1135283708572388,1.1135283708572388,1800,0.0,0.0
1989-10-09 00:00:00-04:00,0.0,1.1633888483047485,1.1135293153660293,1.1633888483047485,79800,0.0,0.0
1989-10-10 00:00:00-04:00,0.0,1.1633888483047485,1.130149666876333,1.1633888483047485,13200,0.0,0.0
1989-10-11 00:00:00-04:00,0.0,1.1633888483047485,1.130149666876333,1.1633888483047485,16200,0.0,0.0
1989-10-12 00:00:00-04:00,0.0,1.1633888483047485,1.130149666876333,1.1633888483047485,4200,0.0,0.0
1989-10-13 00:00:00-04:00,0.0,1.1633889051518997,1.1301497220993042,1.1301497220993042,36000,0.0,0.0
1989-10-16 00:00:00-04:00,0.0,1.1301497220993042,1.0636698344018474,1.1301497220993042,87600,0.0,0.0
1989-10-17 00:00:00-04:00,0.0,1.1301489263935116,1.0636690855026245,1.0636690855026245,28800,0.0,0.0
1989-10-18 00:00:00-04:00,0.0,1.0802903360281808,1.030430793762207,1.030430793762207,36000,0.0,0.0
1989-10-19 00:00:00-04:00,0.0,1.0636690855026245,1.0304299258527783,1.0636690855026245,8400,0.0,0.0
1989-10-20 00:00:00-04:00,0.0,1.0636699814086974,1.030430793762207,1.030430793762207,14400,0.0,0.0
1989-10-23 00:00:00-04:00,0.0,1.0636690855026245,1.0636690855026245,1.0636690855026245,27000,0.0,0.0
1989-10-24 00:00:00-04:00,1.0636690855026245,1.0636690855026245,1.0636690855026245,1.0636690855026245,0,0.0,0.0
1989-10-25 00:00:00-04:00,0.0,1.0636690855026245,1.0304299258527783,1.0636690855026245,12000,0.0,0.0
1989-10-26 00:00:00-04:00,0.0,1.1301497220993042,1.0636698344018474,1.1301497220993042,51000,0.0,0.0
1989-10-27 00:00:00-04:00,0.0,1.1135288686384064,1.0969092845916748,1.0969092845916748,16800,0.0,0.0
1989-10-30 00:00:00-05:00,0.0,1.0969092845916748,1.0969092845916748,1.0969092845916748,3000,0.0,0.0
1989-10-31 00:00:00-05:00,0.0,1.1301492134809286,1.0969092845916748,1.0969092845916748,41400,0.0,0.0
1989-11-01 00:00:00-05:00,0.0,1.1301497220993042,1.096909778250576,1.1301497220993042,54000,0.0,0.0
1989-11-02 00:00:00-05:00,1.1301497220993042,1.1301497220993042,1.1301497220993042,1.1301497220993042,0,0.0,0.0
1989-11-03 00:00:00-05:00,0.0,1.0969092845916748,1.0969092845916748,1.0969092845916748,12000,0.0,0.0
1989-11-06 00:00:00-05:00,0.0,1.1301492134809286,1.0969092845916748,1.0969092845916748,29400,0.0,0.0
1989-11-07 00:00:00-05:00,1.0969092845916748,1.0969092845916748,1.0969092845916748,1.0969092845916748,0,0.0,0.0
1989-11-08 00:00:00-05:00,0.0,1.0636692235917249,1.01380971684843,1.047049641609192,61200,0.0,0.0
1989-11-09 00:00:00-05:00,0.0,1.0636699047875027,0.9971907734870911,0.9971907734870911,15000,0.0,0.0
1989-11-10 00:00:00-05:00,0.0,0.9971907734870911,0.9971907734870911,0.9971907734870911,16200,0.0,0.0
1989-11-13 00:00:00-05:00,0.0,1.0470503875854522,0.9971908453194783,1.030430793762207,46800,0.0,0.0
1989-11-14 00:00:00-05:00,0.0,1.0304299393206726,0.9639500975608825,0.9639500975608826,30000,0.0,0.0
1989-11-15 00:00:00-05:00,0.0,0.9307109117507935,0.9307109117507935,0.9307109117507935,17400,0.0,0.0
1989-11-16 00:00:00-05:00,0.0,0.9307109117507935,0.9307109117507935,0.9307109117507935,2400,0.0,0.0
1989-11-17 00:00:00-05:00,0.0,0.9971907734870911,0.9639508274387936,0.9971907734870911,19800,0.0,0.0
1989-11-20 00:00:00-05:00,0.0,1.0304299108385362,0.9307109117507935,0.9307109117507935,21600,0.0,0.0
1989-11-21 00:00:00-05:00,0.0,0.9307109117507935,0.9307109117507935,0.9307109117507935,2400,0.0,0.0
1989-11-22 00:00:00-05:00,0.0,0.9971907734870911,0.9971907734870911,0.9971907734870911,1200,0.0,0.0
1989-11-24 00:00:00-05:00,0.0,0.9307109117507935,0.9307109117507935,0.9307109117507935,4800,0.0,0.0
1989-11-27 00:00:00-05:00,0.9307109117507935,0.9307109117507935,0.9307109117507935,0.9307109117507935,0,0.0,0.0
1989-11-28 00:00:00-05:00,0.9307109117507935,0.9307109117507935,0.9307109117507935,0.9307109117507935,0,0.0,0.0
1989-11-29 00:00:00-05:00,0.9307109117507935,0.9307109117507935,0.9307109117507935,0.9307109117507935,0,0.0,0.0
1989-11-30 00:00:00-05:00,0.0,0.9805702567100525,0.9473303419891378,0.9805702567100525,3000,0.0,0.0
1989-12-01 00:00:00-05:00,0.0,0.9805702567100525,0.9805702567100525,0.9805702567100525,9000,0.0,0.0
1989-12-04 00:00:00-05:00,0.0,0.963950721300726,0.9140911881162729,0.9473311305046082,193800,0.0,0.0
1989-12-05 00:00:00-05:00,0.0,0.9473307000266181,0.8642312622151722,0.8974711894989014,111000,0.0,0.0
1989-12-06 00:00:00-05:00,0.0,0.8974711894989014,0.830992095727197,0.8974711894989014,3000,0.0,0.0
1989-12-07 00:00:00-05:00,0.0,0.8974711548280436,0.8642312288284302,0.8642312288284302,10200,0.0,0.0
1989-12-08 00:00:00-05:00,0.0,0.8974711894989014,0.8476116789711846,0.8974711894989014,49800,0.0,0.0
1989-12-11 00:00:00-05:00,0.0,0.8974711548280436,0.8642312288284302,0.8642312288284302,9000,0.0,0.0
1989-12-12 00:00:00-05:00,0.0,0.8808514475822449,0.8476115262862076,0.8808514475822449,130800,0.0,0.0
1989-12-13 00:00:00-05:00,0.0,0.914090772742889,0.8642312622151722,0.8974711894989014,42600,0.0,0.0
1989-12-14 00:00:00-05:00,0.0,0.914090931415558,0.864231412232966,0.9140909314155579,19800,0.0,0.0
1989-12-15 00:00:00-05:00,0.0,0.9307109117507935,0.8808514122069222,0.9307109117507935,88200,0.0,0.0
1989-12-18 00:00:00-05:00,0.0,0.8808514475822449,0.8808514475822449,0.8808514475822449,7200,0.0,0.0
1989-12-19 00:00:00-05:00,0.0,0.9307109491284924,0.8808514475822449,0.8808514475822449,9600,0.0,0.0
1989-12-20 00:00:00-05:00,0.0,0.9307109117507935,0.8808514122069222,0.9307109117507935,13800,0.0,0.0
1989-12-21 00:00:00-05:00,0.0,0.9307109117507935,0.8808514122069222,0.9307109117507935,9600,0.0,0.0
1989-12-22 00:00:00-05:00,0.0,0.9213319420814514,0.9213319420814514,0.9213319420814514,39000,0.00917,0.0
1989-12-26 00:00:00-05:00,0.0,0.9213319420814514,0.8878294642896218,0.9213319420814514,2400,0.0,0.0
1989-12-27 00:00:00-05:00,0.0,0.9213319420814514,0.8878294642896218,0.9213319420814514,9600,0.0,0.0
1989-12-28 00:00:00-05:00,0.0,0.9213318373287991,0.8878293633460999,0.8878293633460999,22800,0.0,0.0
1989-12-29 00:00:00-05:00,0.0,0.8878293633460999,0.8878293633460999,0.8878293633460999,13200,0.0,0.0
1990-01-02 00:00:00-05:00,0.0,0.9213319420814514,0.9213319420814514,0.9213319420814514,3600,0.0,0.0
1990-01-03 00:00:00-05:00,0.0,0.9380843043327332,0.8878298017224592,0.9380843043327332,36000,0.0,0.0
1990-01-04 00:00:00-05:00,0.0,0.9380843043327332,0.9045810469849322,0.9380843043327332,19800,0.0,0.0
1990-01-05 00:00:00-05:00,0.0,0.938084328144517,0.8878298242586121,0.9045810699462891,51600,0.0,0.0
1990-01-08 00:00:00-05:00,0.0,0.9380843043327332,0.9380843043327332,0.9380843043327332,2400,0.0,0.0
1990-01-09 00:00:00-05:00,0.0,0.9380843043327332,0.8878298017224592,0.9380843043327332,55200,0.0,0.0
1990-01-10 00:00:00-05:00,0.0,0.938084328144517,0.8878298242586121,0.9045810699462891,31200,0.0,0.0
1990-01-11 00:00:00-05:00,0.0,0.9380843043327332,0.9213322922474053,0.9380843043327332,16800,0.0,0.0
1990-01-12 00:00:00-05:00,0.0,0.8878293633460999,0.8878293633460999,0.8878293633460999,1800,0.0,0.0
1990-01-15 00:00:00-05:00,0.0,0.9213321516893812,0.8375751713320887,0.8710776567459106,29400,0.0,0.0
1990-01-16 00:00:00-05:00,0.0,0.8878296662755594,0.8375751713320887,0.8710776567459106,21000,0.0,0.0
1990-01-17 00:00:00-05:00,0.0,0.9045809089824702,0.8543264140389997,0.8710776567459106,67200,0.0,0.0
1990-01-18 00:00:00-05:00,0.0,0.8878293633460999,0.8878293633460999,0.8878293633460999,600,0.0,0.0
1990-01-19 00:00:00-05:00,0.0,0.8375752568244934,0.8375752568244934,0.8375752568244934,1200,0.0,0.0
1990-01-22 00:00:00-05:00,0.0,0.8878297568975067,0.8375752568244934,0.8375752568244934,246600,0.0,0.0
1990-01-23 00:00:00-05:00,0.0,0.8878297568975067,0.8375752568244934,0.8375752568244934,18600,0.0,0.0
1990-01-24 00:00:00-05:00,0.0,0.8710776567459106,0.8710776567459106,0.8710776567459106,13200,0.0,0.0
1990-01-25 00:00:00-05:00,0.0,0.8710776567459106,0.8040719190955291,0.8710776567459106,54600,0.0,0.0
1990-01-26 00:00:00-05:00,0.0,0.8543266654014587,0.8040721556719612,0.8543266654014587,10200,0.0,0.0
1990-01-29 00:00:00-05:00,0.0,0.8543266654014587,0.8543266654014587,0.8543266654014587,21600,0.0,0.0
1990-01-30 00:00:00-05:00,0.0,0.8543268404901028,0.8040723204612732,0.8040723204612732,7800,0.0,0.0
1990-01-31 00:00:00-05:00,0.0,0.8543268404901028,0.8040723204612732,0.8040723204612732,12000,0.0,0.0
1990-02-01 00:00:00-05:00,0.0,0.8040723204612732,0.8040723204612732,0.8040723204612732,3000,0.0,0.0
1990-02-02 00:00:00-05:00,0.0,0.8040723204612732,0.8040723204612732,0.8040723204612732,8400,0.0,0.0
1990-02-05 00:00:00-05:00,0.0,0.8543266048994332,0.7873208522796631,0.7873208522796631,66600,0.0,0.0
1990-02-06 00:00:00-05:00,0.0,0.8375752568244934,0.7873207567514802,0.8375752568244934,1200,0.0,0.0
1990-02-07 00:00:00-05:00,0.0,0.8375752568244934,0.7873207567514802,0.8375752568244934,4800,0.0,0.0
1990-02-08 00:00:00-05:00,0.0,0.8208231004232295,0.7705686092376709,0.7705686092376709,81600,0.0,0.0
1990-02-09 00:00:00-05:00,0.0,0.8040723204612732,0.7705690515010133,0.8040723204612732,10200,0.0,0.0
1990-02-12 00:00:00-05:00,0.0,0.8040723204612732,0.7705690515010133,0.8040723204612732,6600,0.0,0.0
1990-02-13 00:00:00-05:00,0.0,0.770568803976251,0.7538175582885742,0.7538175582885742,28800,0.0,0.0
1990-02-14 00:00:00-05:00,0.0,0.8040718589689367,0.7538173677833782,0.7705686092376709,18600,0.0,0.0
1990-02-15 00:00:00-05:00,0.0,0.8040720621744791,0.7538175582885742,0.7538175582885742,91800,0.0,0.0
1990-02-16 00:00:00-05:00,0.0,0.8208231925964355,0.8208231925964355,0.8208231925964355,1200,0.0,0.0
1990-02-20 00:00:00-05:00,0.0,0.8040723204612732,0.7538178004324436,0.8040723204612732,76800,0.0,0.0
1990-02-21 00:00:00-05:00,0.0,0.7873208522796631,0.7370663461091082,0.7873208522796631,23400,0.0,0.0
1990-02-22 00:00:00-05:00,0.0,0.7873209608344119,0.7370664477348328,0.7370664477348328,84600,0.0,0.0
1990-02-23 00:00:00-05:00,0.0,0.7705689452525424,0.7370664477348328,0.7370664477348328,25200,0.0,0.0
1990-02-26 00:00:00-05:00,0.0,0.7538176964936876,0.7203144321529632,0.7370664477348328,13200,0.0,0.0
1990-02-27 00:00:00-05:00,0.0,0.7705686092376709,0.7370661263290855,0.7705686092376709,38400,0.0,0.0
1990-02-28 00:00:00-05:00,0.0,0.7705689452525424,0.7370664477348328,0.7370664477348328,41400,0.0,0.0
1990-03-01 00:00:00-05:00,0.0,0.7538175582885742,0.7538175582885742,0.7538175582885742,13200,0.0,0.0
1990-03-02 00:00:00-05:00,0.0,0.7873208522796631,0.7538175925583234,0.7873208522796631,74400,0.0,0.0
1990-03-05 00:00:00-05:00,0.0,0.7538175582885742,0.7538175582885742,0.7538175582885742,3600,0.0,0.0
1990-03-06 00:00:00-05:00,0.0,0.7873208522796631,0.7538175925583234,0.7873208522796631,25200,0.0,0.0
1990-03-07 00:00:00-05:00,0.0,0.7705686092376709,0.7538173677833782,0.7705686092376709,18000,0.0,0.0
1990-03-08 00:00:00-05:00,0.0,0.7873208522796631,0.7538175925583234,0.7873208522796631,69000,0.0,0.0
1990-03-09 00:00:00-05:00,0.0,0.7538175582885742,0.7538175582885742,0.7538175582885742,4200,0.0,0.0
1990-03-12 00:00:00-05:00,0.0,0.7873208164868022,0.7538175582885742,0.7538175582885742,62400,0.0,0.0
1990-03-13 00:00:00-05:00,0.0,0.7873208522796631,0.7538175925583234,0.7873208522796631,12600,0.0,0.0
1990-03-14 00:00:00-05:00,0.0,0.7538175582885742,0.7538175582885742,0.7538175582885742,600,0.0,0.0
1990-03-15 00:00:00-05:00,0.0,0.7873208522796631,0.7705688390075387,0.7873208522796631,13200,0.0,0.0
1990-03-16 00:00:00-05:00,0.0,0.8543266654014587,0.7873209080364498,0.8543266654014587,204000,0.0,0.0
1990-03-19 00:00:00-05:00,0.0,0.8543266654014587,0.8208234033074726,0.8543266654014587,12000,0.0,0.0
1990-03-20 00:00:00-05:00,0.0,0.8543264460899029,0.8208231925964355,0.8208231925964355,35400,0.0,0.0
1990-03-21 00:00:00-05:00,0.0,0.8543265012412258,0.8375752568244934,0.8375752568244934,14400,0.0,0.0
1990-03-22 00:00:00-05:00,0.0,0.8878293633460999,0.8208228817357491,0.8878293633460999,64800,0.0,0.0
1990-03-23 00:00:00-05:00,0.0,0.8878293633460999,0.8878293633460999,0.8878293633460999,14400,0.0,0.0
1990-03-26 00:00:00-05:00,0.854326219675229,0.9213319420814514,0.854326219675229,0.9213319420814514,59400,0.0,0.0
1990-03-27 00:00:00-05:00,0.9548358917236328,0.9883391610760315,0.9380846404589982,0.9548358917236328,75600,0.0,0.0
1990-03-28 00:00:00-05:00,0.9883391610760315,0.9883391610760315,0.9548358917236328,0.9548358917236328,93600,0.0,0.0
1990-03-29 00:00:00-05:00,0.9548358917236328,0.9548358917236328,0.9548358917236328,0.9548358917236328,1800,0.0,0.0
1990-03-30 00:00:00-05:00,0.954835915527107,0.9883391857147218,0.954835915527107,0.9883391857147217,3000,0.0,0.0
1990-04-02 00:00:00-04:00,0.9548358917236328,0.9548358917236328,0.9548358917236328,0.9548358917236328,9600,0.0,0.0
1990-04-03 00:00:00-04:00,0.9883389573066711,0.9883389573066711,0.9380844470507891,0.9715869426727295,132600,0.0,0.0
1990-04-04 00:00:00-04:00,0.9715869426727295,0.9715869426727295,0.9715869426727295,0.9715869426727295,0,0.0,0.0
1990-04-05 00:00:00-04:00,0.9548355495952062,0.9715867948576793,0.9380843043327332,0.9380843043327332,84000,0.0,0.0
1990-04-06 00:00:00-04:00,0.9213319420814514,0.9213319420814514,0.9213319420814514,0.9213319420814514,600,0.0,0.0
1990-04-09 00:00:00-04:00,0.9213319420814514,0.988338431310237,0.9213319420814514,0.9213319420814514,15000,0.0,0.0
1990-04-10 00:00:00-04:00,0.9380843043327332,0.9380843043327332,0.9380843043327332,0.9380843043327332,600,0.0,0.0
1990-04-11 00:00:00-04:00,0.9883391857147218,0.9883391857147218,0.9883391857147218,0.9883391857147217,3000,0.0,0.0
1990-04-12 00:00:00-04:00,0.9213319420814514,0.9213319420814514,0.9213319420814514,0.9213319420814514,2400,0.0,0.0
1990-04-16 00:00:00-04:00,0.9213319420814514,0.988338431310237,0.9213319420814514,0.9213319420814514,21600,0.0,0.0
1990-04-17 00:00:00-04:00,0.921332622371234,0.9548358917236328,0.921332622371234,0.9548358917236328,66600,0.0,0.0
1990-04-18 00:00:00-04:00,0.9213319420814514,0.9213319420814514,0.9213319420814514,0.9213319420814514,1800,0.0,0.0
1990-04-19 00:00:00-04:00,0.9213319420814514,0.9213319420814514,0.9213319420814514,0.9213319420814514,600,0.0,0.0
1990-04-20 00:00:00-04:00,0.9213322922474053,0.9380843043327332,0.9213322922474053,0.9380843043327332,9000,0.0,0.0
1990-04-23 00:00:00-04:00,0.9883391857147218,0.9883391857147218,0.9883391857147218,0.9883391857147217,600,0.0,0.0
1990-04-24 00:00:00-04:00,0.938084663844874,0.9883391857147218,0.938084663844874,0.9883391857147217,11400,0.0,0.0
1990-04-25 00:00:00-04:00,0.9883391857147218,0.9883391857147218,0.9883391857147218,0.9883391857147217,1800,0.0,0.0
1990-04-26 00:00:00-04:00,0.938084663844874,0.9883391857147218,0.938084663844874,0.9883391857147217,52200,0.0,0.0
1990-04-27 00:00:00-04:00,0.9883391610760315,0.9883391610760315,0.9548358917236328,0.9548358917236328,33000,0.0,0.0
1990-04-30 00:00:00-04:00,0.9548356948617593,1.0050902051176414,0.9548356948617593,0.9715869426727295,91200,0.0,0.0
1990-05-01 00:00:00-04:00,1.005089808001861,1.021841049194336,0.9715865587942429,1.021841049194336,100200,0.0,0.0
1990-05-02 00:00:00-04:00,1.005090355873108,1.021841606196631,1.005090355873108,1.005090355873108,60600,0.0,0.0
1990-05-03 00:00:00-04:00,1.005090355873108,1.0385936233432405,1.005090355873108,1.005090355873108,94200,0.0,0.0
1990-05-04 00:00:00-04:00,1.0050904969023435,1.072096274421435,1.0050904969023435,1.0385937690734863,67200,0.0,0.0
1990-05-07 00:00:00-04:00,1.005090355873108,1.005090355873108,1.005090355873108,1.005090355873108,3000,0.0,0.0
1990-05-08 00:00:00-04:00,1.005089808001861,1.021841049194336,1.005089808001861,1.021841049194336,3600,0.0,0.0
1990-05-09 00:00:00-04:00,1.0720961093902588,1.0720961093902588,1.0218415922809798,1.0720961093902588,58200,0.0,0.0
1990-05-10 00:00:00-04:00,1.0385936233432405,1.0720961239902864,1.005090355873108,1.005090355873108,29400,0.0,0.0
1990-05-11 00:00:00-04:00,1.005090342185579,1.0720961093902588,1.005090342185579,1.0720961093902588,19200,0.0,0.0
1990-05-14 00:00:00-04:00,1.005090342185579,1.0720961093902588,1.005090342185579,1.0720961093902588,4200,0.0,0.0
1990-05-15 00:00:00-04:00,1.005090355873108,1.005090355873108,1.005090355873108,1.005090355873108,600,0.0,0.0
1990-05-16 00:00:00-04:00,1.005090355873108,1.005090355873108,1.005090355873108,1.005090355873108,4200,0.0,0.0
1990-05-17 00:00:00-04:00,1.005090355873108,1.0720961239902864,1.005090355873108,1.005090355873108,6600,0.0,0.0
1990-05-18 00:00:00-04:00,1.005090342185579,1.0720961093902588,1.005090342185579,1.0720961093902588,57000,0.0,0.0
1990-05-21 00:00:00-04:00,1.0888477563858032,1.0888477563858032,1.0888477563858032,1.0888477563858032,1200,0.0,0.0
1990-05-22 00:00:00-04:00,1.0553448592948578,1.0720961093902588,1.0553448592948578,1.0720961093902588,9600,0.0,0.0
1990-05-23 00:00:00-04:00,1.072095539594429,1.072095539594429,1.021841049194336,1.021841049194336,54000,0.0,0.0
1990-05-24 00:00:00-04:00,1.005090355873108,1.0553448736667634,1.005090355873108,1.005090355873108,67800,0.0,0.0
1990-05-25 00:00:00-04:00,1.0050900522054802,1.038593309553281,0.9380843043327332,0.9380843043327332,51600,0.0,0.0
1990-05-29 00:00:00-04:00,0.9380839477999294,0.9380839477999294,0.9213319420814514,0.9213319420814514,61200,0.0,0.0
1990-05-30 00:00:00-04:00,0.9045810699462891,0.9045810699462891,0.9045810699462891,0.9045810699462891,50400,0.0,0.0
1990-05-31 00:00:00-04:00,0.9045809089824702,0.9045809089824702,0.8710776567459106,0.8710776567459106,207600,0.0,0.0
1990-06-01 00:00:00-04:00,0.9380843043327332,0.9380843043327332,0.9213322922474053,0.9380843043327332,58200,0.0,0.0
1990-06-04 00:00:00-04:00,0.9380846404589982,0.9883391610760315,0.9045813711065994,0.9548358917236328,459600,0.0,0.0
1990-06-05 00:00:00-04:00,1.0050902583382346,1.105599284172058,0.9883390096402681,1.105599284172058,495600,0.0,0.0
1990-06-06 00:00:00-04:00,1.105599284172058,1.105599284172058,1.072096019953113,1.105599284172058,261000,0.0,0.0
1990-06-07 00:00:00-04:00,1.0720954869893087,1.1391019821166992,1.0720954869893087,1.1391019821166992,325800,0.0,0.0
1990-06-08 00:00:00-04:00,1.1391019821166992,1.1726044628577637,1.105598734553004,1.1391019821166992,351600,0.0,0.0
1990-06-11 00:00:00-04:00,1.189356520468288,1.189356520468288,1.13910203040375,1.155853271484375,147000,0.0,0.0
1990-06-12 00:00:00-04:00,1.189356520468288,1.189356520468288,1.13910203040375,1.155853271484375,264600,0.0,0.0
1990-06-13 00:00:00-04:00,1.1726045125649998,1.1726045125649998,1.13910203040375,1.155853271484375,171000,0.0,0.0
1990-06-14 00:00:00-04:00,1.1391024160260497,1.1893569231033325,1.1391024160260497,1.1893569231033325,263400,0.0,0.0
1990-06-15 00:00:00-04:00,1.155853271484375,1.155853271484375,1.122350022500462,1.155853271484375,31200,0.0,0.0
1990-06-18 00:00:00-04:00,1.1223505328700247,1.1223505328700247,1.105599284172058,1.105599284172058,25200,0.0,0.0
1990-06-19 00:00:00-04:00,1.105598734553004,1.1558532224872313,1.105598734553004,1.1391019821166992,36000,0.0,0.0
1990-06-20 00:00:00-04:00,1.1726045900895972,1.1726045900895972,1.1055988545144733,1.1223500967025757,39000,0.0,0.0
1990-06-21 00:00:00-04:00,1.155853271484375,1.155853271484375,1.088847540339212,1.155853271484375,13200,0.0,0.0
1990-06-22 00:00:00-04:00,1.1558533479014947,1.1558533479014947,1.1223500967025757,1.1223500967025757,14400,0.0,0.0
1990-06-25 00:00:00-04:00,1.09080171585083,1.09080171585083,1.09080171585083,1.09080171585083,1200,0.0025,0.0
1990-06-26 00:00:00-04:00,1.15792770346358,1.1747090083170437,1.09080171585083,1.09080171585083,29400,0.0,0.0
1990-06-27 00:00:00-04:00,1.1075828033883102,1.1075828033883102,1.074019432067871,1.074019432067871,63000,0.0,0.0
1990-06-28 00:00:00-04:00,1.074019432067871,1.074019432067871,1.074019432067871,1.074019432067871,24000,0.0,0.0
1990-06-29 00:00:00-04:00,1.0740196427984716,1.1075830207042938,1.0740196427984716,1.09080171585083,141000,0.0,0.0
1990-07-02 00:00:00-04:00,1.1075831481388638,1.1075831481388638,1.0572384595870972,1.0572384595870972,74400,0.0,0.0
1990-07-03 00:00:00-04:00,1.0572383379450079,1.09080171585083,1.0572383379450079,1.09080171585083,7800,0.0,0.0
1990-07-05 00:00:00-04:00,1.0572384595870972,1.0572384595870972,1.0572384595870972,1.0572384595870972,6000,0.0,0.0
1990-07-06 00:00:00-04:00,1.0908016233202447,1.107582926750183,1.0908016233202447,1.107582926750183,4800,0.0,0.0
1990-07-09 00:00:00-04:00,1.0572381305070233,1.1411461747087495,1.0572381305070233,1.074019432067871,48000,0.0,0.0
1990-07-10 00:00:00-04:00,1.107582926750183,1.107582926750183,1.107582926750183,1.107582926750183,6600,0.0,0.0
1990-07-11 00:00:00-04:00,1.1747084524066969,1.1747084524066969,1.1075824965601382,1.15792715549469,25200,0.0,0.0
1990-07-12 00:00:00-04:00,1.1579276052388277,1.1579276052388277,1.107582926750183,1.107582926750183,28800,0.0,0.0
1990-07-13 00:00:00-04:00,1.1579276052388277,1.1579276052388277,1.107582926750183,1.107582926750183,51000,0.0,0.0
1990-07-16 00:00:00-04:00,1.1579276052388277,1.1579276052388277,1.107582926750183,1.107582926750183,16200,0.0,0.0
1990-07-17 00:00:00-04:00,1.1075823030651208,1.1747082471847534,1.1075823030651208,1.1747082471847534,3600,0.0,0.0
1990-07-18 00:00:00-04:00,1.12436376076371,1.1747084182337046,1.12436376076371,1.1411458253860474,85200,0.0,0.0
1990-07-19 00:00:00-04:00,1.2082717792798705,1.2082717792798705,1.1411458253860474,1.1411458253860474,118200,0.0,0.0
1990-07-20 00:00:00-04:00,1.1411458253860474,1.2082717792798705,1.1411458253860474,1.1411458253860474,314400,0.0,0.0
1990-07-23 00:00:00-04:00,1.1411459026383,1.208271861076355,1.1411459026383,1.208271861076355,163800,0.0,0.0
1990-07-24 00:00:00-04:00,1.1411458253860474,1.1411458253860474,1.1411458253860474,1.1411458253860474,1800,0.0,0.0
1990-07-25 00:00:00-04:00,1.1411458253860474,1.1411458253860474,1.1411458253860474,1.1411458253860474,0,0.0,0.0
1990-07-26 00:00:00-04:00,1.1411458253860474,1.2082717792798705,1.1411458253860474,1.1411458253860474,9600,0.0,0.0
1990-07-27 00:00:00-04:00,1.1579275161200475,1.191490888595581,1.1579275161200475,1.191490888595581,39000,0.0,0.0
1990-07-30 00:00:00-04:00,1.1411458253860474,1.1411458253860474,1.1411458253860474,1.1411458253860474,100800,0.0,0.0
1990-07-31 00:00:00-04:00,1.1411458253860474,1.1747084182337046,1.1411458253860474,1.1411458253860474,234600,0.0,0.0
1990-08-01 00:00:00-04:00,1.1579275161200475,1.191490888595581,1.1579275161200475,1.191490888595581,193800,0.0,0.0
1990-08-02 00:00:00-04:00,1.141145858582683,1.15792715549469,1.141145858582683,1.15792715549469,49800,0.0,0.0
1990-08-03 00:00:00-04:00,1.124364104949158,1.124364104949158,1.074019432067871,1.074019432067871,95400,0.0,0.0
1990-08-06 00:00:00-04:00,1.07401986534928,1.07401986534928,0.9901125554963863,1.0404572486877441,232200,0.0,0.0
1990-08-07 00:00:00-04:00,0.9733302593231201,1.023674941153607,0.9733302593231201,0.9733302593231201,19800,0.0,0.0
1990-08-08 00:00:00-04:00,0.9733304789665645,1.0404572486877441,0.9733304789665645,1.0404572486877441,16200,0.0,0.0
1990-08-09 00:00:00-04:00,1.0068937906119677,1.0572384801425663,0.9901124835014343,0.9901124835014343,47400,0.0,0.0
1990-08-10 00:00:00-04:00,1.0572381305070233,1.074019432067871,1.0068934576257367,1.074019432067871,28800,0.0,0.0
1990-08-13 00:00:00-04:00,1.074019432067871,1.074019432067871,1.074019432067871,1.074019432067871,0,0.0,0.0
1990-08-14 00:00:00-04:00,1.07401986534928,1.07401986534928,1.0404572486877441,1.0404572486877441,61200,0.0,0.0
1990-08-15 00:00:00-04:00,1.0404572486877441,1.0404572486877441,1.0404572486877441,1.0404572486877441,88200,0.0,0.0
1990-08-16 00:00:00-04:00,1.0404572486877441,1.07401986534928,1.0404572486877441,1.0404572486877441,181800,0.0,0.0
1990-08-17 00:00:00-04:00,1.0404572486877441,1.07401986534928,1.0404572486877441,1.0404572486877441,214800,0.0,0.0
1990-08-20 00:00:00-04:00,1.0404575047541584,1.0404575047541584,0.9901127991724934,1.0068941116333008,45600,0.0,0.0
1990-08-21 00:00:00-04:00,1.0068941116333008,1.0068941116333008,1.0068941116333008,1.0068941116333008,0,0.0,0.0
1990-08-22 00:00:00-04:00,1.074019622984094,1.074019622984094,0.9733302593231201,0.9733302593231201,138000,0.0,0.0
1990-08-23 00:00:00-04:00,0.9733296057183416,1.0068929604666859,0.9229849576950073,0.9229849576950073,65400,0.0,0.0
1990-08-24 00:00:00-04:00,0.9733302593231201,0.9733302593231201,0.9062042729487644,0.9733302593231201,67200,0.0,0.0
1990-08-27 00:00:00-04:00,0.9733302063541486,0.9733302063541486,0.9062042236328125,0.9062042236328125,147600,0.0,0.0
1990-08-28 00:00:00-04:00,0.939767599105835,0.9733302063675457,0.939767599105835,0.939767599105835,12000,0.0,0.0
1990-08-29 00:00:00-04:00,0.9062042236328125,0.9062042236328125,0.9062042236328125,0.9062042236328125,6000,0.0,0.0
1990-08-30 00:00:00-04:00,0.9062042236328125,0.9062042236328125,0.9062042236328125,0.9062042236328125,0,0.0,0.0
1990-08-31 00:00:00-04:00,0.9062042236452856,0.939767599105835,0.9062042236452856,0.939767599105835,5400,0.0,0.0
1990-09-04 00:00:00-04:00,0.939767599105835,0.9733302063675457,0.939767599105835,0.939767599105835,145800,0.0,0.0
1990-09-05 00:00:00-04:00,0.939767599105835,0.939767599105835,0.8726408481847362,0.939767599105835,18600,0.0,0.0
1990-09-06 00:00:00-04:00,0.9062042236328125,0.9397675990928999,0.9062042236328125,0.9062042236328125,166800,0.0,0.0
1990-09-07 00:00:00-04:00,0.9062042236328125,0.9062042236328125,0.9062042236328125,0.9062042236328125,0,0.0,0.0
1990-09-10 00:00:00-04:00,0.9062042236328125,0.9062042236328125,0.9062042236328125,0.9062042236328125,6000,0.0,0.0
1990-09-11 00:00:00-04:00,0.9062042236328125,0.9062042236328125,0.9062042236328125,0.9062042236328125,18000,0.0,0.0
1990-09-12 00:00:00-04:00,0.9062042236328125,0.9062042236328125,0.9062042236328125,0.9062042236328125,0,0.0,0.0
1990-09-13 00:00:00-04:00,0.9062036644200173,0.9397670191683618,0.9062036644200173,0.9229849576950073,163800,0.0,0.0
1990-09-14 00:00:00-04:00,0.9062042236328125,0.9062042236328125,0.9062042236328125,0.9062042236328125,9000,0.0,0.0
1990-09-17 00:00:00-04:00,0.9397670855617396,0.9397670855617396,0.8726403713226317,0.8726403713226318,73800,0.0,0.0
1990-09-18 00:00:00-04:00,0.8726403713226317,0.8726403713226317,0.8726403713226317,0.8726403713226318,6000,0.0,0.0
1990-09-19 00:00:00-04:00,0.9397670855617396,0.9397670855617396,0.8726403713226317,0.8726403713226318,6000,0.0,0.0
1990-09-20 00:00:00-04:00,0.8894224339816181,0.9062037284421857,0.8726403713226317,0.8726403713226318,187200,0.0,0.0
1990-09-21 00:00:00-04:00,0.8726404128343433,0.8894224762916565,0.8726404128343433,0.8894224762916565,30000,0.0,0.0
1990-09-24 00:00:00-04:00,0.8726403713226317,0.8894224339816181,0.8726403713226317,0.8726403713226318,24600,0.0,0.0
1990-09-25 00:00:00-04:00,0.8726403713226317,0.8726403713226317,0.8726403713226317,0.8726403713226318,3600,0.0,0.0
1990-09-26 00:00:00-04:00,0.8726404128343433,0.8894224762916565,0.8726404128343433,0.8894224762916565,18000,0.0,0.0
1990-09-27 00:00:00-04:00,0.8726403713226317,0.8726403713226317,0.8726403713226317,0.8726403713226318,15000,0.0,0.0
1990-09-28 00:00:00-04:00,0.8726403713226317,0.8726403713226317,0.8390777824014968,0.8726403713226318,61200,0.0,0.0
1990-10-01 00:00:00-04:00,0.8726403713226317,0.8726403713226317,0.8726403713226317,0.8726403713226318,0,0.0,0.0
1990-10-02 00:00:00-04:00,0.8726403713226317,0.8726403713226317,0.8726403713226317,0.8726403713226318,0,0.0,0.0
1990-10-03 00:00:00-04:00,0.8390781283378601,0.8390781283378601,0.8390781283378601,0.8390781283378601,2400,0.0,0.0
1990-10-04 00:00:00-04:00,0.8390781283378601,0.8390781283378601,0.8390781283378601,0.8390781283378601,1200,0.0,0.0
1990-10-05 00:00:00-04:00,0.8726409199190357,0.8726409199190357,0.805514931678772,0.805514931678772,17400,0.0,0.0
1990-10-08 00:00:00-04:00,0.805514931678772,0.805514931678772,0.805514931678772,0.805514931678772,52200,0.0,0.0
1990-10-09 00:00:00-04:00,0.8390783237104006,0.8390783237104006,0.7383889555931091,0.7383889555931091,9600,0.0,0.0
1990-10-10 00:00:00-04:00,0.7048252708245357,0.7216065688255929,0.6712619066238403,0.6712619066238403,228000,0.0,0.0
1990-10-11 00:00:00-04:00,0.72160682446143,0.72160682446143,0.6880442165694539,0.7048255205154419,12600,0.0,0.0
1990-10-12 00:00:00-04:00,0.7048254296326498,0.7216067314147949,0.6712620578696057,0.7216067314147949,25200,0.0,0.0
1990-10-15 00:00:00-04:00,0.7048255768210405,0.7383889555931091,0.7048255768210405,0.7383889555931091,50400,0.0,0.0
1990-10-16 00:00:00-04:00,0.7048255205154419,0.7048255205154419,0.7048255205154419,0.7048255205154419,3600,0.0,0.0
1990-10-17 00:00:00-04:00,0.7551701031778392,0.7551701031778392,0.7216067314147949,0.7216067314147949,33600,0.0,0.0
1990-10-18 00:00:00-04:00,0.7719516455677548,0.788733720779419,0.7719516455677548,0.788733720779419,12000,0.0,0.0
1990-10-19 00:00:00-04:00,0.805514931678772,0.805514931678772,0.805514931678772,0.805514931678772,3000,0.0,0.0
1990-10-22 00:00:00-04:00,0.805514931678772,0.805514931678772,0.805514931678772,0.805514931678772,600,0.0,0.0
1990-10-23 00:00:00-04:00,0.7551702484488487,0.805514931678772,0.7551702484488487,0.805514931678772,10800,0.0,0.0
1990-10-24 00:00:00-04:00,0.7719511985778809,0.8055145613677187,0.7719511985778809,0.7719511985778809,27000,0.0,0.0
1990-10-25 00:00:00-04:00,0.7887334220549744,0.8222960233688354,0.7887334220549744,0.8222960233688354,48000,0.0,0.0
1990-10-26 00:00:00-04:00,0.8222960233688354,0.8222960233688354,0.8222960233688354,0.8222960233688354,1200,0.0,0.0
1990-10-29 00:00:00-05:00,0.7719511985778809,0.7719511985778809,0.7719511985778809,0.7719511985778809,6000,0.0,0.0
1990-10-30 00:00:00-05:00,0.8055145613677187,0.8055145613677187,0.7719511985778809,0.7719511985778809,4800,0.0,0.0
1990-10-31 00:00:00-05:00,0.7719511985778809,0.7719511985778809,0.7719511985778809,0.7719511985778809,0,0.0,0.0
1990-11-01 00:00:00-05:00,0.7551702260971069,0.7551702260971069,0.7551702260971069,0.7551702260971069,600,0.0,0.0
1990-11-02 00:00:00-05:00,0.7551702260971069,0.7551702260971069,0.7551702260971069,0.7551702260971069,0,0.0,0.0
1990-11-05 00:00:00-05:00,0.7551702260971069,0.7551702260971069,0.7551702260971069,0.7551702260971069,0,0.0,0.0
1990-11-06 00:00:00-05:00,0.7551702260971069,0.7551702260971069,0.7551702260971069,0.7551702260971069,0,0.0,0.0
1990-11-07 00:00:00-05:00,0.7551702260971069,0.7551702260971069,0.7551702260971069,0.7551702260971069,0,0.0,0.0
1990-11-08 00:00:00-05:00,0.7551702608796862,0.7551702608796862,0.7216068821076176,0.7383889555931091,55800,0.0,0.0
1990-11-09 00:00:00-05:00,0.7216068821076176,0.7383889555931091,0.7216068821076176,0.7383889555931091,9000,0.0,0.0
1990-11-12 00:00:00-05:00,0.7216068821076176,0.7383889555931091,0.7216068821076176,0.7383889555931091,39000,0.0,0.0
1990-11-13 00:00:00-05:00,0.7216067314147949,0.7216067314147949,0.7216067314147949,0.7216067314147949,6000,0.0,0.0
1990-11-14 00:00:00-05:00,0.7719511985778809,0.7719511985778809,0.7719511985778809,0.7719511985778809,600,0.0,0.0
1990-11-15 00:00:00-05:00,0.7719515044982472,0.7719515044982472,0.7048255205154419,0.7048255205154419,33000,0.0,0.0
1990-11-16 00:00:00-05:00,0.7551699330262882,0.7551699330262882,0.6712619066238403,0.6712619066238403,162000,0.0,0.0
1990-11-19 00:00:00-05:00,0.6880441308021545,0.6880441308021545,0.6880441308021545,0.6880441308021545,6000,0.0,0.0
1990-11-20 00:00:00-05:00,0.7216067345104253,0.7216067345104253,0.6880441308021545,0.6880441308021545,28800,0.0,0.0
1990-11-21 00:00:00-05:00,0.6880441308021545,0.7048254326562899,0.6880441308021545,0.6880441308021545,30000,0.0,0.0
1990-11-23 00:00:00-05:00,0.6880441308021545,0.6880441308021545,0.6880441308021545,0.6880441308021545,7200,0.0,0.0
1990-11-26 00:00:00-05:00,0.7551702005522593,0.7551702005522593,0.7048255205154419,0.7048255205154419,10800,0.0,0.0
1990-11-27 00:00:00-05:00,0.7048255205154419,0.7048255205154419,0.7048255205154419,0.7048255205154419,6000,0.0,0.0
1990-11-28 00:00:00-05:00,0.7551701064174535,0.7551701064174535,0.6880441308021545,0.6880441308021545,35400,0.0,0.0
1990-11-29 00:00:00-05:00,0.6880441308021545,0.6880441308021545,0.6880441308021545,0.6880441308021545,3600,0.0,0.0
1990-11-30 00:00:00-05:00,0.7551702260971069,0.7551702260971069,0.7551702260971069,0.7551702260971069,600,0.0,0.0
1990-12-03 00:00:00-05:00,0.7719515661662634,0.7719515661662634,0.7048255768210405,0.7383889555931091,34200,0.0,0.0
1990-12-04 00:00:00-05:00,0.7383889555931091,0.7383889555931091,0.7383889555931091,0.7383889555931091,0,0.0,0.0
1990-12-05 00:00:00-05:00,0.7383889555931091,0.7383889555931091,0.7383889555931091,0.7383889555931091,0,0.0,0.0
1990-12-06 00:00:00-05:00,0.7719510681623889,0.8726403713226317,0.7216064165822675,0.8726403713226318,82200,0.0,0.0
1990-12-07 00:00:00-05:00,0.889422800674157,0.889422800674157,0.8390781283378601,0.8390781283378601,51000,0.0,0.0
1990-12-10 00:00:00-05:00,0.8390781283378601,0.8390781283378601,0.8390781283378601,0.8390781283378601,39600,0.0,0.0
1990-12-11 00:00:00-05:00,0.8726407310962343,0.8726407310962343,0.8390781283378601,0.8390781283378601,13800,0.0,0.0
1990-12-12 00:00:00-05:00,0.8390783098983547,0.8558596149086952,0.805514931678772,0.805514931678772,56400,0.0,0.0
1990-12-13 00:00:00-05:00,0.805514931678772,0.805514931678772,0.805514931678772,0.805514931678772,6000,0.0,0.0
1990-12-14 00:00:00-05:00,0.805514931678772,0.8558596149086952,0.805514931678772,0.805514931678772,6000,0.0,0.0
1990-12-17 00:00:00-05:00,0.8055150277920896,0.8055150277920896,0.788733720779419,0.788733720779419,46200,0.0,0.0
1990-12-18 00:00:00-05:00,0.8390783098983547,0.8726409199190357,0.805514931678772,0.805514931678772,189000,0.0,0.0
1990-12-19 00:00:00-05:00,0.8726403713226317,0.8726403713226317,0.8726403713226317,0.8726403713226318,30000,0.0,0.0
1990-12-20 00:00:00-05:00,0.805514931678772,0.805514931678772,0.805514931678772,0.805514931678772,1800,0.0,0.0
1990-12-21 00:00:00-05:00,0.805514931678772,0.805514931678772,0.805514931678772,0.805514931678772,12000,0.0,0.0
1990-12-24 00:00:00-05:00,0.8411809802055359,0.8411809802055359,0.8411809802055359,0.8411809802055359,3000,0.0025,0.0
1990-12-26 00:00:00-05:00,0.8075337409973145,0.8075337409973145,0.8075337409973145,0.8075337409973145,600,0.0,0.0
1990-12-27 00:00:00-05:00,0.8075337409973145,0.8075337409973145,0.8075337409973145,0.8075337409973145,15600,0.0,0.0
1990-12-28 00:00:00-05:00,0.8075337409973145,0.8075337409973145,0.8075337409973145,0.8075337409973145,12600,0.0,0.0
1990-12-31 00:00:00-05:00,0.8075337409973145,0.8411812369135987,0.8075337409973145,0.8075337409973145,9000,0.0,0.0
1991-01-02 00:00:00-05:00,0.8243568694080169,0.8243568694080169,0.7738860249519348,0.7738860249519348,37800,0.0,0.0
1991-01-03 00:00:00-05:00,0.8243572401780477,0.8243572401780477,0.7907105088233948,0.7907105088233948,2400,0.0,0.0
1991-01-04 00:00:00-05:00,0.8243568694080169,0.8243568694080169,0.7738860249519348,0.7738860249519348,2400,0.0,0.0
1991-01-07 00:00:00-05:00,0.7738860249519348,0.7738860249519348,0.7738860249519348,0.7738860249519348,3000,0.0,0.0
1991-01-08 00:00:00-05:00,0.7738860249519348,0.7738860249519348,0.7738860249519348,0.7738860249519348,1800,0.0,0.0
1991-01-09 00:00:00-05:00,0.7738864752158374,0.7738864752158374,0.7402397394180298,0.7402397394180298,53400,0.0,0.0
1991-01-10 00:00:00-05:00,0.7065918548219128,0.7065918548219128,0.6729443669319153,0.6729443669319153,68400,0.0,0.0
1991-01-11 00:00:00-05:00,0.6729442572602302,0.6729442572602302,0.622473418712616,0.622473418712616,54000,0.0,0.0
1991-01-14 00:00:00-05:00,0.5888266563415527,0.5888266563415527,0.5888266563415527,0.5888266563415527,4200,0.0,0.0
1991-01-15 00:00:00-05:00,0.6729443669319153,0.6729443669319153,0.6729443669319153,0.6729443669319153,6000,0.0,0.0
1991-01-16 00:00:00-05:00,0.6729443669319153,0.6729443669319153,0.6729443669319153,0.6729443669319153,15600,0.0,0.0
1991-01-17 00:00:00-05:00,0.7738863730217526,0.7907105088233948,0.7065921401881311,0.7907105088233948,348000,0.0,0.0
1991-01-18 00:00:00-05:00,0.7907102957065838,0.8580045104026794,0.740239442153485,0.8580045104026794,79200,0.0,0.0
1991-01-21 00:00:00-05:00,0.7738862450810302,0.8075337409973145,0.7738862450810302,0.8075337409973145,10200,0.0,0.0
1991-01-22 00:00:00-05:00,0.8411813759796899,0.8411813759796899,0.7738863730217526,0.7907105088233948,63600,0.0,0.0
1991-01-23 00:00:00-05:00,0.8075334945576493,0.8411809802055359,0.8075334945576493,0.8411809802055359,25200,0.0,0.0
1991-01-24 00:00:00-05:00,0.8411809976426905,0.8411809976426905,0.7738860249519348,0.7738860249519348,39000,0.0,0.0
1991-01-25 00:00:00-05:00,0.8580043379675024,0.8580043379675024,0.8411809802055359,0.8411809802055359,36000,0.0,0.0
1991-01-28 00:00:00-05:00,0.8411809802055359,0.8411809802055359,0.8411809802055359,0.8411809802055359,0,0.0,0.0
1991-01-29 00:00:00-05:00,0.87482750415802,0.87482750415802,0.8075333177224138,0.87482750415802,42600,0.0,0.0
1991-01-30 00:00:00-05:00,0.8748277607262582,0.8748277607262582,0.8075335545547032,0.8243569135665894,182400,0.0,0.0
1991-01-31 00:00:00-05:00,0.8243571038933624,0.8243571038933624,0.8075337409973145,0.8075337409973145,7200,0.0,0.0
1991-02-01 00:00:00-05:00,0.8075337409973145,0.8411812369135987,0.8075337409973145,0.8075337409973145,25200,0.0,0.0
1991-02-04 00:00:00-05:00,0.8075337409973145,0.8748279627056945,0.8075337409973145,0.8075337409973145,36000,0.0,0.0
1991-02-05 00:00:00-05:00,0.8411809802055359,0.8411809802055359,0.8411809802055359,0.8411809802055359,1800,0.0,0.0
1991-02-06 00:00:00-05:00,0.8411809802055359,0.8411809802055359,0.8411809802055359,0.8411809802055359,4200,0.0,0.0
1991-02-07 00:00:00-05:00,0.8411809802055359,0.8411809802055359,0.8411809802055359,0.8411809802055359,3000,0.0,0.0
1991-02-08 00:00:00-05:00,0.8075335545547032,0.8411810427024861,0.7738860664069204,0.8243569135665894,31200,0.0,0.0
1991-02-11 00:00:00-05:00,0.8243569135665894,0.8243569135665894,0.8243569135665894,0.8243569135665894,0,0.0,0.0
1991-02-12 00:00:00-05:00,0.8411809802055359,0.8411809802055359,0.7738860089097628,0.8411809802055359,5400,0.0,0.0
1991-02-13 00:00:00-05:00,0.8075337409973145,0.8411812369135987,0.8075337409973145,0.8075337409973145,110400,0.0,0.0
1991-02-14 00:00:00-05:00,0.8075337409973145,0.8411812369135987,0.8075337409973145,0.8075337409973145,274800,0.0,0.0
1991-02-15 00:00:00-05:00,0.8075337409973145,0.8075337409973145,0.8075337409973145,0.8075337409973145,4800,0.0,0.0
1991-02-19 00:00:00-05:00,0.8075338745007212,0.8075338745007212,0.7738863730217526,0.7907105088233948,46200,0.0,0.0
1991-02-20 00:00:00-05:00,0.8075337409973145,0.8075337409973145,0.8075337409973145,0.8075337409973145,23400,0.0,0.0
1991-02-21 00:00:00-05:00,0.8075334945576493,0.8411809802055359,0.7738860089097628,0.8411809802055359,31200,0.0,0.0
1991-02-22 00:00:00-05:00,0.8411809802055359,0.8411809802055359,0.8411809802055359,0.8411809802055359,9000,0.0,0.0
1991-02-25 00:00:00-05:00,0.8748278715456763,0.8748278715456763,0.8411811492596826,0.8580045104026794,127200,0.0,0.0
1991-02-26 00:00:00-05:00,0.8748278903754733,0.9421228766441345,0.8243570357360397,0.9421228766441345,158400,0.0,0.0
1991-02-27 00:00:00-05:00,0.9421228766441345,0.9421228766441345,0.9421228766441345,0.9421228766441345,19200,0.0,0.0
1991-02-28 00:00:00-05:00,0.8748274476813497,0.942122399896347,0.8748274476813497,0.8916515707969666,102000,0.0,0.0
1991-03-01 00:00:00-05:00,0.8916515707969666,0.8916515707969666,0.8916515707969666,0.8916515707969666,0,0.0,0.0
1991-03-04 00:00:00-05:00,0.891652022004701,0.9421228766441345,0.891652022004701,0.9421228766441345,10800,0.0,0.0
1991-03-05 00:00:00-05:00,0.9589462381492374,0.9589462381492374,0.891652022004701,0.9421228766441345,202800,0.0,0.0
1991-03-06 00:00:00-05:00,0.9589462381492374,0.9589462381492374,0.908475383509804,0.9421228766441345,89400,0.0,0.0
1991-03-07 00:00:00-05:00,0.925298273563385,0.925298273563385,0.925298273563385,0.925298273563385,1200,0.0,0.0
1991-03-08 00:00:00-05:00,0.925298273563385,0.925298273563385,0.925298273563385,0.925298273563385,0,0.0,0.0
1991-03-11 00:00:00-05:00,0.9252987450149068,0.9421228766441345,0.9252987450149068,0.9421228766441345,23400,0.0,0.0
1991-03-12 00:00:00-05:00,0.9589462768314695,0.9757696390151978,0.9252987823398572,0.9757696390151978,63600,0.0,0.0
1991-03-13 00:00:00-05:00,1.00941713350681,1.0262404956905382,0.9757696390151978,0.9757696390151978,33600,0.0,0.0
1991-03-14 00:00:00-05:00,1.0262401103973389,1.0262401103973389,1.0262401103973389,1.0262401103973389,3000,0.0,0.0
1991-03-15 00:00:00-05:00,0.9757696390151978,1.00941713350681,0.9757696390151978,0.9757696390151978,68400,0.0,0.0
1991-03-18 00:00:00-05:00,0.9757696390151978,1.00941713350681,0.9757696390151978,0.9757696390151978,105000,0.0,0.0
1991-03-19 00:00:00-05:00,0.9421223966205029,1.0094165784777773,0.925298273563385,0.925298273563385,34200,0.0,0.0
1991-03-20 00:00:00-05:00,0.9252982767807302,0.942122399896347,0.8916515707969666,0.8916515707969666,75000,0.0,0.0
1991-03-21 00:00:00-05:00,0.9084749824377155,0.9084749824377155,0.8243566718003691,0.87482750415802,166200,0.0,0.0
1991-03-22 00:00:00-05:00,0.8411807960021093,0.9084749824377155,0.8075333177224138,0.87482750415802,100800,0.0,0.0
1991-03-25 00:00:00-05:00,0.8748278479115975,0.9084753394126892,0.8075336350335015,0.9084753394126892,96600,0.0,0.0
1991-03-26 00:00:00-05:00,0.8411811492596826,0.9084753639557782,0.8411811492596826,0.8580045104026794,384600,0.0,0.0
1991-03-27 00:00:00-05:00,0.9084753639557782,0.9084753639557782,0.8580045104026794,0.8580045104026794,66000,0.0,0.0
1991-03-28 00:00:00-05:00,0.9084753394126892,0.9084753394126892,0.9084753394126892,0.9084753394126892,6000,0.0,0.0
1991-04-01 00:00:00-05:00,0.8411809802055359,0.8411809802055359,0.8411809802055359,0.8411809802055359,6600,0.0,0.0
1991-04-02 00:00:00-05:00,0.8411812369135987,0.9084754586219788,0.8075337409973145,0.8075337409973145,285000,0.0,0.0
1991-04-03 00:00:00-05:00,0.8243569135665894,0.8748277607262582,0.8075335545547032,0.8243569135665894,408000,0.0,0.0
1991-04-04 00:00:00-05:00,0.874827695729469,0.874827695729469,0.8075334945576493,0.8411809802055359,171600,0.0,0.0
1991-04-05 00:00:00-05:00,0.8748277607262582,0.8748277607262582,0.8075335545547032,0.8243569135665894,239400,0.0,0.0
1991-04-08 00:00:00-04:00,0.8243569135665894,0.8243569135665894,0.8243569135665894,0.8243569135665894,0,0.0,0.0
1991-04-09 00:00:00-04:00,0.8411812369135987,0.8748279627056945,0.8075337409973145,0.8075337409973145,45600,0.0,0.0
1991-04-10 00:00:00-04:00,0.8748277607262582,0.8748277607262582,0.8243569135665894,0.8243569135665894,34800,0.0,0.0
1991-04-11 00:00:00-04:00,0.8075333177224138,0.87482750415802,0.8075333177224138,0.87482750415802,19800,0.0,0.0
1991-04-12 00:00:00-04:00,0.8075337409973145,0.8075337409973145,0.8075337409973145,0.8075337409973145,12000,0.0,0.0
1991-04-15 00:00:00-04:00,0.874827695729469,0.874827695729469,0.8075334945576493,0.8411809802055359,92400,0.0,0.0
1991-04-16 00:00:00-04:00,0.8411812369135987,0.8411812369135987,0.8075337409973145,0.8075337409973145,130800,0.0,0.0
1991-04-17 00:00:00-04:00,0.8075334945576493,0.8411809802055359,0.8075334945576493,0.8411809802055359,160800,0.0,0.0
1991-04-18 00:00:00-04:00,0.8075337409973145,0.8411812369135987,0.7738862450810302,0.8075337409973145,45600,0.0,0.0
1991-04-19 00:00:00-04:00,0.8411809802055359,0.8411809802055359,0.8411809802055359,0.8411809802055359,10200,0.0,0.0
1991-04-22 00:00:00-04:00,0.8411810427024861,0.8411810427024861,0.8075335545547032,0.8243569135665894,46800,0.0,0.0
1991-04-23 00:00:00-04:00,0.7907105088233948,0.7907105088233948,0.7907105088233948,0.7907105088233948,6000,0.0,0.0
1991-04-24 00:00:00-04:00,0.8411809802055359,0.8411809802055359,0.8411809802055359,0.8411809802055359,1800,0.0,0.0
1991-04-25 00:00:00-04:00,0.8411812369135987,0.8411812369135987,0.8075337409973145,0.8075337409973145,6000,0.0,0.0
1991-04-26 00:00:00-04:00,0.8411809802055359,0.8411809802055359,0.8411809802055359,0.8411809802055359,3000,0.0,0.0
1991-04-29 00:00:00-04:00,0.8411809802055359,0.8411809802055359,0.8075334945576493,0.8411809802055359,16800,0.0,0.0
1991-04-30 00:00:00-04:00,0.8243571038933624,0.8411812369135987,0.7738862450810302,0.8075337409973145,84600,0.0,0.0
1991-05-01 00:00:00-04:00,0.8075338745007212,0.8075338745007212,0.7907105088233948,0.7907105088233948,60000,0.0,0.0
1991-05-02 00:00:00-04:00,0.8411809802055359,0.8411809802055359,0.7738860089097628,0.8411809802055359,55200,0.0,0.0
1991-05-03 00:00:00-04:00,0.8243571038933624,0.8411812369135987,0.7738862450810302,0.8075337409973145,72000,0.0,0.0
1991-05-06 00:00:00-04:00,0.7738860249519348,0.7738860249519348,0.7738860249519348,0.7738860249519348,4800,0.0,0.0
1991-05-07 00:00:00-04:00,0.7738863730217526,0.8075338745007212,0.7738863730217526,0.7907105088233948,27600,0.0,0.0
1991-05-08 00:00:00-04:00,0.8075337409973145,0.8075337409973145,0.8075337409973145,0.8075337409973145,6000,0.0,0.0
1991-05-09 00:00:00-04:00,0.8075337409973145,0.8075337409973145,0.8075337409973145,0.8075337409973145,0,0.0,0.0
1991-05-10 00:00:00-04:00,0.7738862450810302,0.8243571038933624,0.7738862450810302,0.8075337409973145,19800,0.0,0.0
1991-05-13 00:00:00-04:00,0.7738862450810302,0.8075337409973145,0.7738862450810302,0.8075337409973145,24000,0.0,0.0
1991-05-14 00:00:00-04:00,0.7907105088233948,0.8075338745007212,0.7907105088233948,0.7907105088233948,36600,0.0,0.0
1991-05-15 00:00:00-04:00,0.7907103781012665,0.8075337409973145,0.7907103781012665,0.8075337409973145,37800,0.0,0.0
1991-05-16 00:00:00-04:00,0.8075335112973127,0.8075335112973127,0.7738860249519348,0.7738860249519348,11400,0.0,0.0
1991-05-17 00:00:00-04:00,0.8075337409973145,0.8243571038933624,0.7907103781012665,0.8075337409973145,75000,0.0,0.0
1991-05-20 00:00:00-04:00,0.8075337409973145,0.8075337409973145,0.8075337409973145,0.8075337409973145,0,0.0,0.0
1991-05-21 00:00:00-04:00,0.8075337409973145,0.8075337409973145,0.8075337409973145,0.8075337409973145,0,0.0,0.0
1991-05-22 00:00:00-04:00,0.8411809802055359,0.8411809802055359,0.8411809802055359,0.8411809802055359,1200,0.0,0.0
1991-05-23 00:00:00-04:00,0.7907105088233948,0.7907105088233948,0.7907105088233948,0.7907105088233948,3600,0.0,0.0
1991-05-24 00:00:00-04:00,0.8411812369135987,0.8411812369135987,0.7907103781012665,0.8075337409973145,16800,0.0,0.0
1991-05-28 00:00:00-04:00,0.7907105088233948,0.7907105088233948,0.7907105088233948,0.7907105088233948,1200,0.0,0.0
1991-05-29 00:00:00-04:00,0.8243571038933624,0.8243571038933624,0.8075337409973145,0.8075337409973145,10200,0.0,0.0
1991-05-30 00:00:00-04:00,0.8243572401780477,0.8243572401780477,0.7907105088233948,0.7907105088233948,59400,0.0,0.0
1991-05-31 00:00:00-04:00,0.8243568694080169,0.8243568694080169,0.7738860249519348,0.7738860249519348,78000,0.0,0.0
1991-06-03 00:00:00-04:00,0.8075335545547032,0.8243569135665894,0.7738860664069204,0.8243569135665894,29400,0.0,0.0
1991-06-04 00:00:00-04:00,0.8243569135665894,0.8243569135665894,0.7738860664069204,0.8243569135665894,84600,0.0,0.0
1991-06-05 00:00:00-04:00,0.8243569135665894,0.8243569135665894,0.8075335545547032,0.8243569135665894,41400,0.0,0.0
1991-06-06 00:00:00-04:00,0.8243569135665894,0.8243569135665894,0.7738860664069204,0.8243569135665894,6600,0.0,0.0
1991-06-07 00:00:00-04:00,0.8243569135665894,0.8243569135665894,0.8243569135665894,0.8243569135665894,6000,0.0,0.0
1991-06-10 00:00:00-04:00,0.7907106132391587,0.7907106132391587,0.7402397394180298,0.7402397394180298,21600,0.0,0.0
1991-06-11 00:00:00-04:00,0.7402395192889344,0.8075337409973145,0.7402395192889344,0.8075337409973145,73200,0.0,0.0
1991-06-12 00:00:00-04:00,0.7402397394180298,0.7907106132391587,0.7402397394180298,0.7402397394180298,55200,0.0,0.0
1991-06-13 00:00:00-04:00,0.7738860249519348,0.7738860249519348,0.7234151804958528,0.7738860249519348,21600,0.0,0.0
1991-06-14 00:00:00-04:00,0.7738860414756404,0.7738860414756404,0.723415195941925,0.723415195941925,57000,0.0,0.0
1991-06-17 00:00:00-04:00,0.7738860414756404,0.7738860414756404,0.723415195941925,0.723415195941925,72600,0.0,0.0
1991-06-18 00:00:00-04:00,0.7738863364747885,0.7738863364747885,0.7234154717019919,0.7570629715919495,28200,0.0,0.0
1991-06-19 00:00:00-04:00,0.7570631073169336,0.7570631073169336,0.7234156013947085,0.7402397394180298,77400,0.0,0.0
1991-06-20 00:00:00-04:00,0.7570626830057305,0.7570626830057305,0.723415195941925,0.723415195941925,45600,0.0,0.0
1991-06-21 00:00:00-04:00,0.7570626668412306,0.7738860249519348,0.7402393087305263,0.7738860249519348,31200,0.0,0.0
1991-06-24 00:00:00-04:00,0.7738860249519348,0.7738860249519348,0.7402393087305263,0.7738860249519348,6000,0.0,0.0
1991-06-25 00:00:00-04:00,0.7738860249519348,0.7738860249519348,0.7738860249519348,0.7738860249519348,3000,0.0,0.0
1991-06-26 00:00:00-04:00,0.7738863364747885,0.7738863364747885,0.7402396067091104,0.7570629715919495,117600,0.0,0.0
1991-06-27 00:00:00-04:00,0.7738864752158374,0.7738864752158374,0.7402397394180298,0.7402397394180298,64200,0.0,0.0
1991-06-28 00:00:00-04:00,0.7738863364747885,0.7738863364747885,0.7402396067091104,0.7570629715919495,55200,0.0,0.0
1991-07-01 00:00:00-04:00,0.7570631073169336,0.7570631073169336,0.7065922334958047,0.7402397394180298,288000,0.0,0.0
1991-07-02 00:00:00-04:00,0.7402397394180298,0.7570631073169336,0.7234156013947085,0.7402397394180298,83400,0.0,0.0
1991-07-03 00:00:00-04:00,0.7065922334958047,0.7402397394180298,0.7065922334958047,0.7402397394180298,4200,0.0,0.0
1991-07-05 00:00:00-04:00,0.723415195941925,0.723415195941925,0.723415195941925,0.723415195941925,1800,0.0,0.0
1991-07-08 00:00:00-04:00,0.7402397394180298,0.7402397394180298,0.7065922334958047,0.7402397394180298,16200,0.0,0.0
1991-07-09 00:00:00-04:00,0.7422637959068977,0.7422637959068977,0.7085242867469788,0.7085242867469788,69600,0.0025,0.0
1991-07-10 00:00:00-04:00,0.7085242848745572,0.7422637939453125,0.7085242848745572,0.7422637939453125,3600,0.0,0.0
1991-07-11 00:00:00-04:00,0.7085242867469788,0.7422637959068977,0.7085242867469788,0.7085242867469788,7800,0.0,0.0
1991-07-12 00:00:00-04:00,0.7085242867469788,0.7085242867469788,0.7085242867469788,0.7085242867469788,0,0.0,0.0
1991-07-15 00:00:00-04:00,0.7253936529159546,0.7253936529159546,0.7253936529159546,0.7253936529159546,3600,0.0,0.0
1991-07-16 00:00:00-04:00,0.7422636185989268,0.7760023474693298,0.7422636185989268,0.7760023474693298,36600,0.0,0.0
1991-07-17 00:00:00-04:00,0.7591329830341284,0.7760023474693298,0.7422636185989268,0.7760023474693298,85800,0.0,0.0
1991-07-18 00:00:00-04:00,0.7422636185989268,0.7760023474693298,0.7422636185989268,0.7760023474693298,17400,0.0,0.0
1991-07-19 00:00:00-04:00,0.7760025307858816,0.7760025307858816,0.7422637939453125,0.7422637939453125,7200,0.0,0.0
1991-07-22 00:00:00-04:00,0.7591329830341284,0.7760023474693298,0.7591329830341284,0.7760023474693298,24000,0.0,0.0
1991-07-23 00:00:00-04:00,0.7422636185989268,0.7760023474693298,0.7422636185989268,0.7760023474693298,2400,0.0,0.0
1991-07-24 00:00:00-04:00,0.7760025307858816,0.7760025307858816,0.7422637939453125,0.7422637939453125,36000,0.0,0.0
1991-07-25 00:00:00-04:00,0.7760023474693298,0.7760023474693298,0.7760023474693298,0.7760023474693298,15600,0.0,0.0
1991-07-26 00:00:00-04:00,0.7422637939453125,0.7422637939453125,0.7422637939453125,0.7422637939453125,1800,0.0,0.0
1991-07-29 00:00:00-04:00,0.7422637939453125,0.7422637939453125,0.7422637939453125,0.7422637939453125,15000,0.0,0.0
1991-07-30 00:00:00-04:00,0.7760025307858816,0.7760025307858816,0.7422637939453125,0.7422637939453125,22200,0.0,0.0
1991-07-31 00:00:00-04:00,0.7591333389282227,0.7591333389282227,0.7422639665843842,0.7591333389282227,70800,0.0,0.0
1991-08-01 00:00:00-04:00,0.7085242867469788,0.7422637959068977,0.7085242867469788,0.7085242867469788,9000,0.0,0.0
1991-08-02 00:00:00-04:00,0.7085242867469788,0.7253936552118441,0.7085242867469788,0.7085242867469788,32400,0.0,0.0
1991-08-05 00:00:00-04:00,0.7085242867469788,0.7422637959068977,0.7085242867469788,0.7085242867469788,27000,0.0,0.0
1991-08-06 00:00:00-04:00,0.7422637959068977,0.7422637959068977,0.7085242867469788,0.7085242867469788,157200,0.0,0.0
1991-08-07 00:00:00-04:00,0.7085242848745572,0.7422637939453125,0.7085242848745572,0.7422637939453125,39600,0.0,0.0
1991-08-08 00:00:00-04:00,0.7422637959068977,0.7422637959068977,0.7085242867469788,0.7085242867469788,9000,0.0,0.0
1991-08-09 00:00:00-04:00,0.7085242867469788,0.7422637959068977,0.7085242867469788,0.7085242867469788,9600,0.0,0.0
1991-08-12 00:00:00-04:00,0.7422637939453125,0.7422637939453125,0.7085242848745572,0.7422637939453125,75600,0.0,0.0
1991-08-13 00:00:00-04:00,0.6916548013687134,0.6916548013687134,0.6916548013687134,0.6916548013687134,9000,0.0,0.0
1991-08-14 00:00:00-04:00,0.7253935325954404,0.7253935325954404,0.6916548013687134,0.6916548013687134,20400,0.0,0.0
1991-08-15 00:00:00-04:00,0.691654916093008,0.7253936529159546,0.691654916093008,0.7253936529159546,8400,0.0,0.0
1991-08-16 00:00:00-04:00,0.7085241669820769,0.7085241669820769,0.674784663525292,0.6916548013687134,177600,0.0,0.0
1991-08-19 00:00:00-04:00,0.6579153537750244,0.6916548600966053,0.6579153537750244,0.6579153537750244,54600,0.0,0.0
1991-08-20 00:00:00-04:00,0.6579154091221946,0.7085242867469788,0.6579154091221946,0.7085242867469788,201000,0.0,0.0
1991-08-21 00:00:00-04:00,0.7085241669820769,0.7085241669820769,0.6916548013687134,0.6916548013687134,237600,0.0,0.0
1991-08-22 00:00:00-04:00,0.7085242867469788,0.7085242867469788,0.7085242867469788,0.7085242867469788,132000,0.0,0.0
1991-08-23 00:00:00-04:00,0.6916549182821136,0.7085242867469788,0.6916549182821136,0.7085242867469788,163200,0.0,0.0
1991-08-26 00:00:00-04:00,0.7085241669820769,0.7085241669820769,0.6916548013687134,0.6916548013687134,21600,0.0,0.0
1991-08-27 00:00:00-04:00,0.7085242845044813,0.7253936529159546,0.691654916093008,0.7253936529159546,514200,0.0,0.0
1991-08-28 00:00:00-04:00,0.7422637939453125,0.7422637939453125,0.7085242848745572,0.7422637939453125,126000,0.0,0.0
1991-08-29 00:00:00-04:00,0.7253936529159546,0.7422637935576138,0.7253936529159546,0.7253936529159546,1169400,0.0,0.0
1991-08-30 00:00:00-04:00,0.7253936532948417,0.7422637939453125,0.7253936532948417,0.7422637939453125,13800,0.0,0.0
1991-09-03 00:00:00-04:00,0.7253938220101798,0.7591333389282227,0.7253938220101798,0.7591333389282227,1845600,0.0,0.0
1991-09-04 00:00:00-04:00,0.7928726710222197,0.7928726710222197,0.7253936529159546,0.7253936529159546,28200,0.0,0.0
1991-09-05 00:00:00-04:00,0.759133162365597,0.7928726714363523,0.7085242848745572,0.7422637939453125,2922600,0.0,0.0
1991-09-06 00:00:00-04:00,0.7760026960397681,0.8097422122955322,0.7760026960397681,0.8097422122955322,483000,0.0,0.0
1991-09-09 00:00:00-04:00,0.8097418485697369,0.8097418485697369,0.7760023474693298,0.7760023474693298,87600,0.0,0.0
1991-09-10 00:00:00-04:00,0.7422637939453125,0.8097420398566368,0.7422637939453125,0.7422637939453125,85200,0.0,0.0
1991-09-11 00:00:00-04:00,0.7422639665843842,0.7591333389282227,0.7253938220101798,0.7591333389282227,48000,0.0,0.0
1991-09-12 00:00:00-04:00,0.7591333389282227,0.7591333389282227,0.7253938220101798,0.7591333389282227,14400,0.0,0.0
1991-09-13 00:00:00-04:00,0.759133162365597,0.759133162365597,0.7253936532948417,0.7422637939453125,41400,0.0,0.0
1991-09-16 00:00:00-04:00,0.7253936529159546,0.7591331619690871,0.7253936529159546,0.7253936529159546,164400,0.0,0.0
1991-09-17 00:00:00-04:00,0.7253938220101798,0.7591333389282227,0.7253938220101798,0.7591333389282227,10800,0.0,0.0
1991-09-18 00:00:00-04:00,0.759133164371763,0.759133164371763,0.6916549182821136,0.7085242867469788,92400,0.0,0.0
1991-09-19 00:00:00-04:00,0.691654916093008,0.7253936529159546,0.6747847754513489,0.7253936529159546,48000,0.0,0.0
1991-09-20 00:00:00-04:00,0.6747847754513489,0.7253936529159546,0.6747847754513489,0.7253936529159546,42000,0.0,0.0
1991-09-23 00:00:00-04:00,0.691654916093008,0.7253936529159546,0.691654916093008,0.7253936529159546,384000,0.0,0.0
1991-09-24 00:00:00-04:00,0.691654916093008,0.7253936529159546,0.691654916093008,0.7253936529159546,26400,0.0,0.0
1991-09-25 00:00:00-04:00,0.7085242845044813,0.7253936529159546,0.691654916093008,0.7253936529159546,28200,0.0,0.0
1991-09-26 00:00:00-04:00,0.6916549182821136,0.7085242867469788,0.6916549182821136,0.7085242867469788,42600,0.0,0.0
1991-09-27 00:00:00-04:00,0.7085242845044813,0.7253936529159546,0.7085242845044813,0.7253936529159546,36000,0.0,0.0
1991-09-30 00:00:00-04:00,0.6916548013687134,0.6916548013687134,0.6916548013687134,0.6916548013687134,45000,0.0,0.0
1991-10-01 00:00:00-04:00,0.6916549182821136,0.7085242867469788,0.6916549182821136,0.7085242867469788,45000,0.0,0.0
1991-10-02 00:00:00-04:00,0.691654916093008,0.7253936529159546,0.691654916093008,0.7253936529159546,45600,0.0,0.0
1991-10-03 00:00:00-04:00,0.691654916093008,0.7253936529159546,0.691654916093008,0.7253936529159546,34800,0.0,0.0
1991-10-04 00:00:00-04:00,0.7253936529159546,0.7253936529159546,0.7085242845044813,0.7253936529159546,46800,0.0,0.0
1991-10-07 00:00:00-04:00,0.7253935325954404,0.7253935325954404,0.6916548013687134,0.6916548013687134,41400,0.0,0.0
1991-10-08 00:00:00-04:00,0.7253939136205275,0.7253939136205275,0.6747850179672241,0.6747850179672241,61200,0.0,0.0
1991-10-09 00:00:00-04:00,0.6747850179672241,0.7085245391462476,0.6747850179672241,0.6747850179672241,37200,0.0,0.0
1991-10-10 00:00:00-04:00,0.6579153537750244,0.708524227142334,0.6579153537750244,0.6579153537750244,23400,0.0,0.0
1991-10-11 00:00:00-04:00,0.7085242260592858,0.7085242260592858,0.5060887328994899,0.5735669732093811,577200,0.0,0.0
1991-10-14 00:00:00-04:00,0.5735668637368017,0.6241757273674011,0.5398281361363854,0.6241757273674011,981000,0.0,0.0
1991-10-15 00:00:00-04:00,0.6241757853697247,0.6241757853697247,0.5904370546340942,0.5904370546340942,16200,0.0,0.0
1991-10-16 00:00:00-04:00,0.6241757273674011,0.6241757273674011,0.6241757273674011,0.6241757273674011,12600,0.0,0.0
1991-10-17 00:00:00-04:00,0.6241757853697247,0.6241757853697247,0.5904370546340942,0.5904370546340942,161400,0.0,0.0
1991-10-18 00:00:00-04:00,0.5904370592705048,0.6410459280014038,0.5904370592705048,0.6410459280014038,19200,0.0,0.0
1991-10-21 00:00:00-04:00,0.6073065400123596,0.641046049645335,0.6073065400123596,0.6073065400123596,89400,0.0,0.0
1991-10-22 00:00:00-04:00,0.6410459229675867,0.6410459229675867,0.5904370546340942,0.5904370546340942,109200,0.0,0.0
1991-10-23 00:00:00-04:00,0.6410459280014038,0.6747846590019679,0.5904370592705048,0.6410459280014038,313200,0.0,0.0
1991-10-24 00:00:00-04:00,0.6410459280014038,0.6410459280014038,0.6410459280014038,0.6410459280014038,6000,0.0,0.0
1991-10-25 00:00:00-04:00,0.641045932298565,0.6916548013687134,0.641045932298565,0.6916548013687134,222600,0.0,0.0
1991-10-28 00:00:00-05:00,0.6747850179672241,0.6916551646719676,0.6747850179672241,0.6747850179672241,73800,0.0,0.0
1991-10-29 00:00:00-05:00,0.6747850179672241,0.6916551646719676,0.6747850179672241,0.6747850179672241,15600,0.0,0.0
1991-10-30 00:00:00-05:00,0.6747850179672241,0.6916551646719676,0.6747850179672241,0.6747850179672241,258000,0.0,0.0
1991-10-31 00:00:00-05:00,0.6579153537750244,0.6747847208207531,0.6579153537750244,0.6579153537750244,40200,0.0,0.0
1991-11-01 00:00:00-05:00,0.6410462690186642,0.6747850179672241,0.6410462690186642,0.6747850179672241,114600,0.0,0.0
1991-11-04 00:00:00-05:00,0.674784663525292,0.7422636704388617,0.674784663525292,0.6916548013687134,773400,0.0,0.0
1991-11-05 00:00:00-05:00,0.7422637939453125,0.7422637939453125,0.6916549164542728,0.7422637939453125,127800,0.0,0.0
1991-11-06 00:00:00-05:00,0.7422636185989268,0.7760023474693298,0.7253934819337213,0.7760023474693298,166200,0.0,0.0
1991-11-07 00:00:00-05:00,0.7760027112720612,0.7760027112720612,0.7253938220101798,0.7591333389282227,178800,0.0,0.0
1991-11-08 00:00:00-05:00,0.776002643422738,0.8097421573907869,0.7591332725538628,0.7928727865219116,116400,0.0,0.0
1991-11-11 00:00:00-05:00,0.8097418485697369,0.8097418485697369,0.7591329830341284,0.7760023474693298,65400,0.0,0.0
1991-11-12 00:00:00-05:00,0.7591333389282227,0.7928728558462657,0.7591333389282227,0.7591333389282227,284400,0.0,0.0
1991-11-13 00:00:00-05:00,0.7928728402828256,0.8097422122955322,0.7591333240270615,0.8097422122955322,258600,0.0,0.0
1991-11-14 00:00:00-05:00,0.7760026960397681,0.8266115843082389,0.7760026960397681,0.8097422122955322,129000,0.0,0.0
1991-11-15 00:00:00-05:00,0.8603510422277111,0.8603510422277111,0.7928727865219116,0.7928727865219116,292800,0.0,0.0
1991-11-18 00:00:00-05:00,0.7928724916465799,0.8266112208366394,0.759132990226509,0.8266112208366394,213000,0.0,0.0
1991-11-19 00:00:00-05:00,0.7591333240270615,0.8266115843082389,0.7591333240270615,0.8097422122955322,100800,0.0,0.0
1991-11-20 00:00:00-05:00,0.7591333389282227,0.7591333389282227,0.7591333389282227,0.7591333389282227,600,0.0,0.0
1991-11-21 00:00:00-05:00,0.7591333240270615,0.8097422122955322,0.7591333240270615,0.8097422122955322,15000,0.0,0.0
1991-11-22 00:00:00-05:00,0.8097422281901042,0.8097422281901042,0.7591333389282227,0.7591333389282227,12000,0.0,0.0
1991-11-25 00:00:00-05:00,0.8097418485697369,0.8097418485697369,0.7085241174985197,0.7760023474693298,97800,0.0,0.0
1991-11-26 00:00:00-05:00,0.7253936529159546,0.7760025303805604,0.7253936529159546,0.7253936529159546,26400,0.0,0.0
1991-11-27 00:00:00-05:00,0.7253934819337213,0.7760023474693298,0.7253934819337213,0.7760023474693298,44400,0.0,0.0
1991-11-29 00:00:00-05:00,0.7253934819337213,0.7760023474693298,0.7253934819337213,0.7760023474693298,12000,0.0,0.0
1991-12-02 00:00:00-05:00,0.7760023474693298,0.7760023474693298,0.7760023474693298,0.7760023474693298,5400,0.0,0.0
1991-12-03 00:00:00-05:00,0.7760023474693298,0.7760023474693298,0.7760023474693298,0.7760023474693298,3000,0.0,0.0
1991-12-04 00:00:00-05:00,0.7422636185989268,0.7760023474693298,0.7422636185989268,0.7760023474693298,15600,0.0,0.0
1991-12-05 00:00:00-05:00,0.7422637939453125,0.759133162365597,0.7422637939453125,0.7422637939453125,26400,0.0,0.0
1991-12-06 00:00:00-05:00,0.7760027112720612,0.7760027112720612,0.7422639665843842,0.7591333389282227,54000,0.0,0.0
1991-12-09 00:00:00-05:00,0.7253936529159546,0.7760025303805604,0.7253936529159546,0.7253936529159546,3600,0.0,0.0
1991-12-10 00:00:00-05:00,0.7253936529159546,0.7253936529159546,0.7253936529159546,0.7253936529159546,10800,0.0,0.0
1991-12-11 00:00:00-05:00,0.7253936552118441,0.7253936552118441,0.7085242867469788,0.7085242867469788,27600,0.0,0.0
1991-12-12 00:00:00-05:00,0.7085242867469788,0.7422637959068977,0.7085242867469788,0.7085242867469788,24600,0.0,0.0
1991-12-13 00:00:00-05:00,0.7422637939453125,0.7422637939453125,0.7422637939453125,0.7422637939453125,4200,0.0,0.0
1991-12-16 00:00:00-05:00,0.7422637939453125,0.7760025307858816,0.7253936532948417,0.7422637939453125,94800,0.0,0.0
1991-12-17 00:00:00-05:00,0.7253936529159546,0.7760025303805604,0.7253936529159546,0.7253936529159546,19200,0.0,0.0
1991-12-18 00:00:00-05:00,0.7253938220101798,0.7928728558462657,0.7253938220101798,0.7591333389282227,117600,0.0,0.0
1991-12-19 00:00:00-05:00,0.7591333240270615,0.8097422122955322,0.7591333240270615,0.8097422122955322,209400,0.0,0.0
1991-12-20 00:00:00-05:00,0.8266115282596622,0.8266115282596622,0.776002643422738,0.7928727865219116,105000,0.0,0.0
1991-12-23 00:00:00-05:00,0.8097422122955322,0.8434817285512963,0.7760026960397681,0.8097422122955322,475800,0.0,0.0
1991-12-24 00:00:00-05:00,0.8117713928222656,0.8117713928222656,0.7779473267328285,0.8117713928222656,54000,0.0025,0.0
1991-12-26 00:00:00-05:00,0.8117712976772162,0.8625070037820423,0.7779472355521865,0.8455953598022461,463800,0.0,0.0
1991-12-27 00:00:00-05:00,0.8794189331556481,0.9132430062574498,0.845595634219535,0.8625072836875916,514200,0.0,0.0
1991-12-30 00:00:00-05:00,0.9132429588626044,0.9470670302090282,0.8625072389257931,0.8963313102722168,196800,0.0,0.0
1991-12-31 00:00:00-05:00,0.8963313592207699,0.9470670819282533,0.8963313592207699,0.9470670819282532,197400,0.0,0.0
1992-01-02 00:00:00-05:00,0.8963313280563544,0.8963313280563544,0.7779474630778377,0.7948598861694336,216000,0.0,0.0
1992-01-03 00:00:00-05:00,0.7779472355521865,0.845595359802246,0.7779472355521865,0.8455953598022461,84000,0.0,0.0
1992-01-06 00:00:00-05:00,0.7948599980604544,0.8794190287590027,0.7948599980604544,0.8794190287590027,72600,0.0,0.0
1992-01-07 00:00:00-05:00,0.8794190287590027,0.8794190287590027,0.8117716493670095,0.8794190287590027,28200,0.0,0.0
1992-01-08 00:00:00-05:00,0.8794190287590027,0.8794190287590027,0.8625073774524477,0.8794190287590027,40800,0.0,0.0
1992-01-09 00:00:00-05:00,0.8794190837479784,1.0147146251575987,0.8794190837479784,0.9978029727935791,675600,0.0,0.0
1992-01-10 00:00:00-05:00,0.9470670819282533,1.0147144541496675,0.9132430087347008,0.9470670819282532,222000,0.0,0.0
1992-01-13 00:00:00-05:00,0.980890380956115,0.980890380956115,0.9470670819282533,0.9470670819282532,76800,0.0,0.0
1992-01-14 00:00:00-05:00,0.980890380956115,0.980890380956115,0.9132430087347008,0.9470670819282532,153600,0.0,0.0
1992-01-15 00:00:00-05:00,0.9470672664531414,0.9808905720710754,0.9132431866693659,0.9808905720710754,229800,0.0,0.0
1992-01-16 00:00:00-05:00,0.9808906358808599,1.0485387998491207,0.9132432460784913,1.0147147178649902,644400,0.0,0.0
1992-01-17 00:00:00-05:00,1.0147141040024314,1.0485381655243202,0.9808900424805426,1.031625747680664,489000,0.0,0.0
1992-01-20 00:00:00-05:00,1.031625747680664,1.031625747680664,0.9978024603241987,1.031625747680664,23400,0.0,0.0
1992-01-21 00:00:00-05:00,0.9978026567619294,1.0316259507771974,0.9301545204002412,0.9639785885810852,567000,0.0,0.0
1992-01-22 00:00:00-05:00,0.9808905720710754,0.9808905720710754,0.9470672664531414,0.9808905720710754,52200,0.0,0.0
1992-01-23 00:00:00-05:00,0.9808905720710754,0.9808905720710754,0.9470672664531414,0.9808905720710754,181800,0.0,0.0
1992-01-24 00:00:00-05:00,0.9639788938997187,0.9978029727935791,0.9639788938997187,0.9978029727935791,150600,0.0,0.0
1992-01-27 00:00:00-05:00,1.0147146251575987,1.0147146251575987,0.9639788938997187,0.9978029727935791,101400,0.0,0.0
1992-01-28 00:00:00-05:00,1.0147148372982795,1.082362235062837,0.9978031813986359,1.0485389232635498,613800,0.0,0.0
1992-01-29 00:00:00-05:00,1.031625747680664,1.065449809202553,1.031625747680664,1.031625747680664,96000,0.0,0.0
1992-01-30 00:00:00-05:00,1.0485381655243202,1.065449809202553,1.031625747680664,1.031625747680664,80400,0.0,0.0
1992-01-31 00:00:00-05:00,1.065449595451355,1.065449595451355,1.0316255407152701,1.065449595451355,59400,0.0,0.0
1992-02-03 00:00:00-05:00,1.031625747680664,1.065449809202553,1.031625747680664,1.031625747680664,87000,0.0,0.0
1992-02-04 00:00:00-05:00,1.0316255407152701,1.065449595451355,1.0316255407152701,1.065449595451355,248400,0.0,0.0
1992-02-05 00:00:00-05:00,1.0485379551659468,1.065449595451355,1.0316255407152701,1.065449595451355,267000,0.0,0.0
1992-02-06 00:00:00-05:00,1.031626493197923,1.0654505791631934,1.031626493197923,1.0485389232635498,241800,0.0,0.0
1992-02-07 00:00:00-05:00,1.0316255407152701,1.065449595451355,1.0316255407152701,1.065449595451355,147000,0.0,0.0
1992-02-10 00:00:00-05:00,1.065449809202553,1.065449809202553,1.031625747680664,1.031625747680664,43800,0.0,0.0
1992-02-11 00:00:00-05:00,1.0316255407152701,1.065449595451355,1.0316255407152701,1.065449595451355,106800,0.0,0.0
1992-02-12 00:00:00-05:00,1.0485381655243202,1.065449809202553,1.031625747680664,1.031625747680664,149400,0.0,0.0
1992-02-13 00:00:00-05:00,1.031625747680664,1.065449809202553,1.031625747680664,1.031625747680664,300600,0.0,0.0
1992-02-14 00:00:00-05:00,1.065449809202553,1.065449809202553,1.031625747680664,1.031625747680664,52800,0.0,0.0
1992-02-18 00:00:00-05:00,1.065449809202553,1.065449809202553,1.031625747680664,1.031625747680664,100200,0.0,0.0
1992-02-19 00:00:00-05:00,0.9978031813986359,1.0485389232635498,0.9978031813986359,1.0485389232635498,16200,0.0,0.0
1992-02-20 00:00:00-05:00,1.0485381655243202,1.065449809202553,1.0147141040024314,1.031625747680664,82200,0.0,0.0
1992-02-21 00:00:00-05:00,1.031625747680664,1.065449809202553,1.031625747680664,1.031625747680664,24600,0.0,0.0
1992-02-24 00:00:00-05:00,1.0485388650658227,1.082362174987793,1.0316264359388974,1.082362174987793,122400,0.0,0.0
1992-02-25 00:00:00-05:00,1.082362174987793,1.082362174987793,1.0485388650658227,1.082362174987793,100800,0.0,0.0
1992-02-26 00:00:00-05:00,1.082362174987793,1.082362174987793,1.0485388650658227,1.082362174987793,207600,0.0,0.0
1992-02-27 00:00:00-05:00,1.0485389232635498,1.082362235062837,1.0485389232635498,1.0485389232635498,311400,0.0,0.0
1992-02-28 00:00:00-05:00,1.0654505200268078,1.082362174987793,1.0485388650658227,1.082362174987793,91200,0.0,0.0
1992-03-02 00:00:00-05:00,1.0485389232635498,1.082362235062837,1.0485389232635498,1.0485389232635498,58800,0.0,0.0
1992-03-03 00:00:00-05:00,1.082362174987793,1.082362174987793,1.0485388650658227,1.082362174987793,296400,0.0,0.0
1992-03-04 00:00:00-05:00,1.0654502036431641,1.116185927626172,1.0654502036431641,1.0992742776870728,694200,0.0,0.0
1992-03-05 00:00:00-05:00,1.1161856846392721,1.1500097513198853,1.082361617958659,1.1500097513198853,264000,0.0,0.0
1992-03-06 00:00:00-05:00,1.1161854267120361,1.1500094855766128,1.0823613678474597,1.1161854267120361,166200,0.0,0.0
1992-03-09 00:00:00-05:00,1.133097529411316,1.133097529411316,1.0823618075844559,1.133097529411316,80400,0.0,0.0
1992-03-10 00:00:00-05:00,1.1500099661833425,1.2176573380180027,1.1161858931831692,1.166921615600586,609600,0.0,0.0
1992-03-11 00:00:00-05:00,1.166921020151639,1.251480772420623,1.166921020151639,1.2345683574676514,399600,0.0,0.0
1992-03-12 00:00:00-05:00,1.183832660939319,1.251480772420623,1.183832660939319,1.2345683574676514,531000,0.0,0.0
1992-03-13 00:00:00-05:00,1.217657634867143,1.3191291044394051,1.217657634867143,1.2853050231933594,781800,0.0,0.0
1992-03-16 00:00:00-05:00,1.3022163778213145,1.3022163778213145,1.2514806848434092,1.2683923244476318,266400,0.0,0.0
1992-03-17 00:00:00-05:00,1.2683931692013095,1.319128895969362,1.2514815183338763,1.3022172451019287,895200,0.0,0.0
1992-03-18 00:00:00-05:00,1.30221663201225,1.3191282749176025,1.2514809291308036,1.3191282749176025,425400,0.0,0.0
1992-03-19 00:00:00-05:00,1.3022163778213145,1.319128017425537,1.2345682710739494,1.2683923244476318,463800,0.0,0.0
1992-03-20 00:00:00-05:00,1.2514817161131888,1.3360407579794904,1.2514817161131888,1.2853050231933594,282000,0.0,0.0
1992-03-23 00:00:00-05:00,1.3022172451019287,1.319128895969362,1.2853048200687427,1.3022172451019287,499200,0.0,0.0
1992-03-24 00:00:00-05:00,1.2853040838631355,1.3867754792777334,1.2853040838631355,1.3360397815704346,796200,0.0,0.0
1992-03-25 00:00:00-05:00,1.3867762204623821,1.4544243696712849,1.3360404956385667,1.4206002950668335,546600,0.0,0.0
1992-03-26 00:00:00-05:00,1.4375122857065545,1.5220721051596129,1.4206006314823054,1.5051604509353638,964800,0.0,0.0
1992-03-27 00:00:00-05:00,1.4544243696712849,1.4882476701100131,1.4206002950668335,1.4206002950668335,159000,0.0,0.0
1992-03-30 00:00:00-05:00,1.4206002950668335,1.4882476701100131,1.4206002950668335,1.4206002950668335,45600,0.0,0.0
1992-03-31 00:00:00-05:00,1.4544245730839975,1.5220719575881958,1.420600493748983,1.5220719575881958,428400,0.0,0.0
1992-04-01 00:00:00-05:00,1.454424262046814,1.5220716320842242,1.454424262046814,1.454424262046814,356400,0.0,0.0
1992-04-02 00:00:00-05:00,1.5220717447144645,1.5220717447144645,1.4206002950668335,1.4206002950668335,103800,0.0,0.0
1992-04-03 00:00:00-05:00,1.454424262046814,1.454424262046814,1.3867761178437379,1.454424262046814,169200,0.0,0.0
1992-04-06 00:00:00-04:00,1.386776089668274,1.4544242324969263,1.3529527924195979,1.386776089668274,153000,0.0,0.0
1992-04-07 00:00:00-04:00,1.352952334893696,1.3867756207044015,1.285304214941509,1.3191282749176025,163800,0.0,0.0
1992-04-08 00:00:00-04:00,1.3191291627875326,1.3191291627875326,1.2176576887269532,1.2514817714691162,231600,0.0,0.0
1992-04-09 00:00:00-04:00,1.2853046928391398,1.3529528379440308,1.217657321899925,1.3529528379440308,88200,0.0,0.0
1992-04-10 00:00:00-04:00,1.3191282749176025,1.3191282749176025,1.285304214941509,1.3191282749176025,20400,0.0,0.0
1992-04-13 00:00:00-04:00,1.3022171161982006,1.3529528379440308,1.2853046928391398,1.3529528379440308,16200,0.0,0.0
1992-04-14 00:00:00-04:00,1.352952334893696,1.352952334893696,1.285304214941509,1.3191282749176025,23400,0.0,0.0
1992-04-15 00:00:00-04:00,1.3191282749176025,1.3191282749176025,1.2514809291308036,1.3191282749176025,58200,0.0,0.0
1992-04-16 00:00:00-04:00,1.3191281097366352,1.3191281097366352,1.217656716679971,1.2345683574676514,171000,0.0,0.0
1992-04-20 00:00:00-04:00,1.2176571105155696,1.2514811771961827,1.1500097513198853,1.1500097513198853,88200,0.0,0.0
1992-04-21 00:00:00-04:00,1.1500094855766128,1.1838327702758267,1.1161854267120361,1.1161854267120361,22800,0.0,0.0
1992-04-22 00:00:00-04:00,1.150009827497853,1.183833122253418,1.1161857585766948,1.183833122253418,161400,0.0,0.0
1992-04-23 00:00:00-04:00,1.1838332650178294,1.1838332650178294,1.1330975426004126,1.166921615600586,90000,0.0,0.0
1992-04-24 00:00:00-04:00,1.1838332549397514,1.2176573276519775,1.1500099563932054,1.2176573276519775,127800,0.0,0.0
1992-04-27 00:00:00-04:00,1.166921396715643,1.2176571096163233,1.166921396715643,1.2007454633712769,24000,0.0,0.0
1992-04-28 00:00:00-04:00,1.2176566314697266,1.3022163778213145,1.2176566314697266,1.2683923244476318,269400,0.0,0.0
1992-04-29 00:00:00-04:00,1.2345693430150801,1.2514817714691162,1.2345693430150801,1.2514817714691162,78000,0.0,0.0
1992-04-30 00:00:00-04:00,1.2176573276519775,1.2683930496374765,1.2176573276519775,1.2176573276519775,684000,0.0,0.0
1992-05-01 00:00:00-04:00,1.217656829140403,1.217656829140403,1.0823613678474597,1.1161854267120361,376200,0.0,0.0
1992-05-04 00:00:00-04:00,1.1161862590757035,1.1838336530855842,1.082362174987793,1.082362174987793,156600,0.0,0.0
1992-05-05 00:00:00-04:00,1.1161854267120361,1.1161854267120361,1.0823613678474597,1.1161854267120361,37200,0.0,0.0
1992-05-06 00:00:00-04:00,1.1161856846392721,1.1669213975774209,1.1161856846392721,1.1500097513198853,108000,0.0,0.0
1992-05-07 00:00:00-04:00,1.183833122253418,1.183833122253418,1.150009827497853,1.183833122253418,46800,0.0,0.0
1992-05-08 00:00:00-04:00,1.1161854267120361,1.1838327702758267,1.1161854267120361,1.1161854267120361,30000,0.0,0.0
1992-05-11 00:00:00-04:00,1.1161862590757035,1.150010343163614,1.0485388650658227,1.082362174987793,220800,0.0,0.0
1992-05-12 00:00:00-04:00,1.1161862590757035,1.1161862590757035,1.082362174987793,1.082362174987793,194400,0.0,0.0
1992-05-13 00:00:00-04:00,1.1161862590757035,1.1161862590757035,1.082362174987793,1.082362174987793,784200,0.0,0.0
1992-05-14 00:00:00-04:00,1.0992746041147183,1.0992746041147183,1.082362174987793,1.082362174987793,40200,0.0,0.0
1992-05-15 00:00:00-04:00,1.082362107667359,1.082362107667359,0.9470673280626215,1.0147147178649902,139200,0.0,0.0
1992-05-18 00:00:00-04:00,1.0147147809779122,1.082362174987793,1.0147147809779122,1.082362174987793,235800,0.0,0.0
1992-05-19 00:00:00-04:00,1.082362174987793,1.082362174987793,1.0485388650658227,1.082362174987793,88200,0.0,0.0
1992-05-20 00:00:00-04:00,1.082362174987793,1.082362174987793,1.0654505200268078,1.082362174987793,45600,0.0,0.0
1992-05-21 00:00:00-04:00,1.082362174987793,1.082362174987793,1.0654505200268078,1.082362174987793,13200,0.0,0.0
1992-05-22 00:00:00-04:00,1.082362174987793,1.082362174987793,1.0485388650658227,1.082362174987793,30600,0.0,0.0
1992-05-26 00:00:00-04:00,1.0485387316386265,1.0485387316386265,0.9808905720710754,0.9808905720710754,99000,0.0,0.0
1992-05-27 00:00:00-04:00,1.0147147178649902,1.0147147178649902,0.9470673280626215,1.0147147178649902,19200,0.0,0.0
1992-05-28 00:00:00-04:00,0.9470670819282533,1.0147144541496675,0.9470670819282533,0.9470670819282532,23400,0.0,0.0
1992-05-29 00:00:00-04:00,0.9808905720710754,1.0147146518548509,0.9470672664531414,0.9808905720710754,69000,0.0,0.0
1992-06-01 00:00:00-04:00,0.9470672664531414,1.0147146518548509,0.9470672664531414,0.9808905720710754,135000,0.0,0.0
1992-06-02 00:00:00-04:00,1.0147143037695634,1.0147143037695634,0.9470669415734512,0.9639785885810852,250200,0.0,0.0
1992-06-03 00:00:00-04:00,1.0147147178649902,1.0147147178649902,0.9470673280626215,1.0147147178649902,47400,0.0,0.0
1992-06-04 00:00:00-04:00,1.0147146518548509,1.0485387316386265,0.9470672664531414,0.9808905720710754,109200,0.0,0.0
1992-06-05 00:00:00-04:00,1.0485389232635498,1.0485389232635498,1.0147148372982795,1.0485389232635498,14400,0.0,0.0
1992-06-08 00:00:00-04:00,1.0316264359388974,1.082362174987793,1.0316264359388974,1.082362174987793,19200,0.0,0.0
1992-06-09 00:00:00-04:00,1.0147147178649902,1.082362107667359,1.0147147178649902,1.0147147178649902,30600,0.0,0.0
1992-06-10 00:00:00-04:00,1.082362107667359,1.082362107667359,1.0147147178649902,1.0147147178649902,12600,0.0,0.0
1992-06-11 00:00:00-04:00,1.0147147178649902,1.0147147178649902,1.0147147178649902,1.0147147178649902,0,0.0,0.0
1992-06-12 00:00:00-04:00,1.0654505200268078,1.082362174987793,1.0485388650658227,1.082362174987793,110400,0.0,0.0
1992-06-15 00:00:00-04:00,1.0485389232635498,1.082362235062837,1.0485389232635498,1.0485389232635498,37800,0.0,0.0
1992-06-16 00:00:00-04:00,1.082362174987793,1.082362174987793,1.0316264359388974,1.082362174987793,25200,0.0,0.0
1992-06-17 00:00:00-04:00,1.0147147178649902,1.082362107667359,1.0147147178649902,1.0147147178649902,18000,0.0,0.0
1992-06-18 00:00:00-04:00,1.0147148372982795,1.0485389232635498,1.0147148372982795,1.0485389232635498,25800,0.0,0.0
1992-06-19 00:00:00-04:00,1.0485387998491207,1.0654504537582399,1.0147147178649902,1.0147147178649902,47400,0.0,0.0
1992-06-22 00:00:00-04:00,1.0147147178649902,1.0147147178649902,1.0147147178649902,1.0147147178649902,1200,0.0,0.0
1992-06-23 00:00:00-04:00,1.082362174987793,1.082362174987793,1.0147147809779122,1.082362174987793,45000,0.0,0.0
1992-06-24 00:00:00-04:00,1.0316255407152701,1.0823612357367633,1.014713900429862,1.065449595451355,52800,0.0,0.0
1992-06-25 00:00:00-04:00,1.0316255407152701,1.065449595451355,1.014713900429862,1.065449595451355,27000,0.0,0.0
1992-06-26 00:00:00-04:00,1.065449595451355,1.065449595451355,1.065449595451355,1.065449595451355,0,0.0,0.0
1992-06-29 00:00:00-04:00,1.0147148372982795,1.0654505791631934,1.0147148372982795,1.0485389232635498,49200,0.0,0.0
1992-06-30 00:00:00-04:00,1.0147143037695634,1.0654500189580416,0.9639785885810852,0.9639785885810852,204000,0.0,0.0
1992-07-01 00:00:00-04:00,0.9470672664531414,0.9808905720710754,0.9470672664531414,0.9808905720710754,105000,0.0,0.0
1992-07-02 00:00:00-04:00,0.930154523595421,0.9808902389581816,0.9132428765296936,0.9132428765296936,64200,0.0,0.0
1992-07-06 00:00:00-04:00,0.9132430087347008,0.9470670819282533,0.9132430087347008,0.9470670819282532,6600,0.0,0.0
1992-07-07 00:00:00-04:00,0.9470672415356991,0.9978029727935791,0.9470672415356991,0.9978029727935791,11400,0.0,0.0
1992-07-08 00:00:00-04:00,0.9132428765296936,0.9808902389581816,0.9132428765296936,0.9132428765296936,6000,0.0,0.0
1992-07-09 00:00:00-04:00,0.9132431055378857,0.9470671823167687,0.8794190287590027,0.8794190287590027,220200,0.0,0.0
1992-07-10 00:00:00-04:00,0.93015456199646,0.93015456199646,0.8963312664686248,0.93015456199646,55800,0.0,0.0
1992-07-13 00:00:00-04:00,0.9301548394783329,0.9808905720710754,0.8963315338603989,0.9808905720710754,136200,0.0,0.0
1992-07-14 00:00:00-04:00,0.9301550094680952,1.0485389232635498,0.9301550094680952,1.0485389232635498,129000,0.0,0.0
1992-07-15 00:00:00-04:00,1.0485380831482458,1.1161854267120361,1.0485380831482458,1.1161854267120361,137400,0.0,0.0
1992-07-16 00:00:00-04:00,1.116185927626172,1.116185927626172,1.0654502036431641,1.0992742776870728,42600,0.0,0.0
1992-07-17 00:00:00-04:00,1.0992736501874398,1.0992736501874398,1.0485379551659468,1.065449595451355,129600,0.0,0.0
1992-07-20 00:00:00-04:00,1.0485388650658227,1.082362174987793,1.0485388650658227,1.082362174987793,117000,0.0,0.0
1992-07-21 00:00:00-04:00,1.0823618075844559,1.133097529411316,1.0823618075844559,1.133097529411316,82800,0.0,0.0
1992-07-22 00:00:00-04:00,1.1330979140366886,1.1330979140366886,1.082362174987793,1.082362174987793,26400,0.0,0.0
1992-07-23 00:00:00-04:00,1.133097069061643,1.133097069061643,1.1161854267120361,1.1161854267120361,15600,0.0,0.0
1992-07-24 00:00:00-04:00,1.0992746041147183,1.150010343163614,1.082362174987793,1.082362174987793,84600,0.0,0.0
1992-07-27 00:00:00-04:00,1.1161854267120361,1.1500094855766128,1.1161854267120361,1.1161854267120361,19200,0.0,0.0
1992-07-28 00:00:00-04:00,1.116185683814963,1.251481176271957,1.116185683814963,1.2007454633712769,78000,0.0,0.0
1992-07-29 00:00:00-04:00,1.2007460344388263,1.2514817714691162,1.2007460344388263,1.2514817714691162,7200,0.0,0.0
1992-07-30 00:00:00-04:00,1.2514817161131888,1.3191291044394051,1.2007459813270578,1.2853050231933594,348000,0.0,0.0
1992-07-31 00:00:00-04:00,1.2853050800453698,1.2853050800453698,1.2514817714691162,1.2514817714691162,217200,0.0,0.0
1992-08-03 00:00:00-04:00,1.2853050231933594,1.2853050231933594,1.2514817161131888,1.2853050231933594,154800,0.0,0.0
1992-08-04 00:00:00-04:00,1.352952334893696,1.352952334893696,1.285304214941509,1.3191282749176025,864000,0.0,0.0
1992-08-05 00:00:00-04:00,1.2853050231933594,1.3529531856854506,1.217657634867143,1.2853050231933594,272400,0.0,0.0
1992-08-06 00:00:00-04:00,1.2853040539959835,1.2853040539959835,1.217656716679971,1.2345683574676514,39600,0.0,0.0
1992-08-07 00:00:00-04:00,1.2853046989107497,1.2853046989107497,1.2176573276519775,1.2176573276519775,121800,0.0,0.0
1992-08-10 00:00:00-04:00,1.2514817714691162,1.2514817714691162,1.1838336059847903,1.2514817714691162,114000,0.0,0.0
1992-08-11 00:00:00-04:00,1.1838336059847903,1.2514817714691162,1.1838336059847903,1.2514817714691162,73800,0.0,0.0
1992-08-12 00:00:00-04:00,1.217657634867143,1.2853050231933594,1.1838335536210975,1.2853050231933594,21600,0.0,0.0
1992-08-13 00:00:00-04:00,1.2853050800453698,1.2853050800453698,1.2176576887269532,1.2514817714691162,104400,0.0,0.0
1992-08-14 00:00:00-04:00,1.2176573276519775,1.2683930496374765,1.1838332549397514,1.2176573276519775,112800,0.0,0.0
1992-08-17 00:00:00-04:00,1.2176576887269532,1.268393425757243,1.1838336059847903,1.2514817714691162,79200,0.0,0.0
1992-08-18 00:00:00-04:00,1.2176566314697266,1.2683923244476318,1.1838325780960441,1.2683923244476318,54000,0.0,0.0
1992-08-19 00:00:00-04:00,1.1838325780960441,1.2683923244476318,1.1838325780960441,1.2683923244476318,40800,0.0,0.0
1992-08-20 00:00:00-04:00,1.2683928225170034,1.2683928225170034,1.2007454633712769,1.2007454633712769,86400,0.0,0.0
1992-08-21 00:00:00-04:00,1.2176576887269532,1.2514817714691162,1.2007460344388263,1.2514817714691162,26400,0.0,0.0
1992-08-24 00:00:00-04:00,1.2007460344388263,1.2514817714691162,1.2007460344388263,1.2514817714691162,8400,0.0,0.0
1992-08-25 00:00:00-04:00,1.2026957273483276,1.253513845751455,1.2026957273483276,1.2026957273483276,28800,0.0025,0.0
1992-08-26 00:00:00-04:00,1.2026960106579736,1.2365742472918555,1.1518778802840188,1.2196351289749146,18600,0.0,0.0
1992-08-27 00:00:00-04:00,1.2365740920896529,1.2365740920896529,1.1518777357120413,1.185755968093872,12000,0.0,0.0
1992-08-28 00:00:00-04:00,1.1518778802840188,1.2365742472918555,1.1518778802840188,1.2196351289749146,13200,0.0,0.0
1992-08-31 00:00:00-04:00,1.2196344677931834,1.236573576927185,1.151877255834466,1.236573576927185,76200,0.0,0.0
1992-09-01 00:00:00-04:00,1.2026958597078221,1.2365740920896529,1.1688168519029567,1.185755968093872,54000,0.0,0.0
1992-09-02 00:00:00-04:00,1.2535141410319284,1.2704532593488693,1.2196351289749146,1.2196351289749146,175200,0.0,0.0
1992-09-03 00:00:00-04:00,1.2704524993896484,1.2704524993896484,1.2196343994140624,1.2704524993896484,79200,0.0,0.0
1992-09-04 00:00:00-04:00,1.2196343994140624,1.2704524993896484,1.2196343994140624,1.2704524993896484,60600,0.0,0.0
1992-09-08 00:00:00-04:00,1.2196351289749146,1.2704532593488693,1.2196351289749146,1.2196351289749146,30000,0.0,0.0
1992-09-09 00:00:00-04:00,1.1857561169179007,1.2535141410319284,1.1857561169179007,1.2196351289749146,11400,0.0,0.0
1992-09-10 00:00:00-04:00,1.20269638220156,1.2535145282745361,1.20269638220156,1.2535145282745361,117000,0.0,0.0
1992-09-11 00:00:00-04:00,1.2535141410319284,1.2535141410319284,1.2196351289749146,1.2196351289749146,23400,0.0,0.0
1992-09-14 00:00:00-04:00,1.2535145282745361,1.2873927753742727,1.219635505751428,1.2535145282745361,85800,0.0,0.0
1992-09-15 00:00:00-04:00,1.2196351289749146,1.2873923776658103,1.2196351289749146,1.2196351289749146,37800,0.0,0.0
1992-09-16 00:00:00-04:00,1.2196353550229033,1.2873926162719727,1.2196353550229033,1.2873926162719727,15600,0.0,0.0
1992-09-17 00:00:00-04:00,1.2196351289749146,1.2873923776658103,1.2196351289749146,1.2196351289749146,6600,0.0,0.0
1992-09-18 00:00:00-04:00,1.2196351289749146,1.2196351289749146,1.2196351289749146,1.2196351289749146,27000,0.0,0.0
1992-09-21 00:00:00-04:00,1.219635505751428,1.2535145282745361,1.1857564832283203,1.2535145282745361,31800,0.0,0.0
1992-09-22 00:00:00-04:00,1.253513983703603,1.253513983703603,1.185755968093872,1.185755968093872,45000,0.0,0.0
1992-09-23 00:00:00-04:00,1.1857560645997225,1.4229075876889061,1.1857560645997225,1.3551503419876099,879000,0.0,0.0
1992-09-24 00:00:00-04:00,1.3551503419876099,1.3551503419876099,1.3212713314254128,1.3551503419876099,136200,0.0,0.0
1992-09-25 00:00:00-04:00,1.3382106148646982,1.355150509957027,1.3043323755264282,1.3043323755264282,375600,0.0,0.0
1992-09-28 00:00:00-04:00,1.3551508204204885,1.3551508204204885,1.2535145282745361,1.2535145282745361,37200,0.0,0.0
1992-09-29 00:00:00-04:00,1.2535143733590757,1.2873926162719727,1.2535143733590757,1.2873926162719727,6600,0.0,0.0
1992-09-30 00:00:00-04:00,1.3212717978973805,1.3212717978973805,1.2535145282745361,1.2535145282745361,13800,0.0,0.0
1992-10-01 00:00:00-04:00,1.2535145282745361,1.2873927753742727,1.2535145282745361,1.2535145282745361,30000,0.0,0.0
1992-10-02 00:00:00-04:00,1.2535145282745361,1.2535145282745361,1.1857564832283203,1.2535145282745361,51600,0.0,0.0
1992-10-05 00:00:00-04:00,1.1857561169179007,1.2196351289749146,1.1857561169179007,1.2196351289749146,45600,0.0,0.0
1992-10-06 00:00:00-04:00,1.185755968093872,1.253513983703603,1.185755968093872,1.185755968093872,46800,0.0,0.0
1992-10-07 00:00:00-04:00,1.185755968093872,1.185755968093872,1.185755968093872,1.185755968093872,1200,0.0,0.0
1992-10-08 00:00:00-04:00,1.2196350751619196,1.3551503419876099,1.1857560645997225,1.3551503419876099,345000,0.0,0.0
1992-10-09 00:00:00-04:00,1.3551503419876099,1.3551503419876099,1.2873923208632159,1.3551503419876099,104400,0.0,0.0
1992-10-12 00:00:00-04:00,1.3551503419876099,1.3551503419876099,1.2873923208632159,1.3551503419876099,141600,0.0,0.0
1992-10-13 00:00:00-04:00,1.3551499563595166,1.4567861837009084,1.3212709554380935,1.4059680700302124,802200,0.0,0.0
1992-10-14 00:00:00-04:00,1.4567866325378418,1.490664868474295,1.389028609818704,1.4567866325378418,708600,0.0,0.0
1992-10-15 00:00:00-04:00,1.490665316581726,1.5245443381256345,1.4229080489172587,1.490665316581726,665400,0.0,0.0
1992-10-16 00:00:00-04:00,1.490665034813556,1.490665034813556,1.422907779956686,1.4737259149551392,566400,0.0,0.0
1992-10-19 00:00:00-04:00,1.4906646709297253,1.592300916116366,1.4567864394828538,1.5584226846694946,751200,0.0,0.0
1992-10-20 00:00:00-04:00,1.6261793835419038,1.6939365993818978,1.5584221677019099,1.6600583791732788,1165800,0.0,0.0
1992-10-21 00:00:00-04:00,1.6600590288665513,1.6600590288665513,1.524543768727529,1.5923010110855103,459000,0.0,0.0
1992-10-22 00:00:00-04:00,1.524543768727529,1.6261800199760308,1.5076046519937985,1.5923010110855103,255000,0.0,0.0
1992-10-23 00:00:00-04:00,1.626179814338684,1.6939370481284755,1.5584225805488927,1.626179814338684,1196400,0.0,0.0
1992-10-26 00:00:00-05:00,1.5584226846694946,1.6261799229862506,1.52454367779961,1.5584226846694946,138600,0.0,0.0
1992-10-27 00:00:00-05:00,1.524543768727529,1.5923010110855103,1.524543768727529,1.5923010110855103,124200,0.0,0.0
1992-10-28 00:00:00-05:00,1.5923008097323077,1.6600588189450605,1.5584225805488927,1.626179814338684,231000,0.0,0.0
1992-10-29 00:00:00-05:00,1.5923010110855103,1.6600590288665513,1.5923010110855103,1.5923010110855103,29400,0.0,0.0
1992-10-30 00:00:00-05:00,1.7616953536114177,1.8294525987961712,1.6600590981227414,1.7278163433074951,1625400,0.0,0.0
1992-11-02 00:00:00-05:00,1.7616953536114177,1.7955735884922486,1.7278163433074951,1.7278163433074951,813000,0.0,0.0
1992-11-03 00:00:00-05:00,1.7278160181912507,1.7616950221202965,1.6600587857561053,1.6769979000091553,505800,0.0,0.0
1992-11-04 00:00:00-05:00,1.6600590288665513,1.7278162712245326,1.524543768727529,1.5923010110855103,576000,0.0,0.0
1992-11-05 00:00:00-05:00,1.5923010775148962,1.7278163433074951,1.5923010775148962,1.7278163433074951,219000,0.0,0.0
1992-11-06 00:00:00-05:00,1.6600586000816993,1.7278158249383277,1.6600586000816993,1.693936824798584,101400,0.0,0.0
1992-11-09 00:00:00-05:00,1.7278164909888793,1.8125136362764458,1.626180226813063,1.7616955041885376,1324800,0.0,0.0
1992-11-10 00:00:00-05:00,1.8294522270199463,1.8294522270199463,1.76169499560463,1.8125131130218506,831000,0.0,0.0
1992-11-11 00:00:00-05:00,1.7616952789041032,1.964967781261382,1.7616952789041032,1.8972097635269165,2283000,0.0,0.0
1992-11-12 00:00:00-05:00,1.9649683237075806,1.9649683237075806,1.8633320444713828,1.9649683237075806,932400,0.0,0.0
1992-11-13 00:00:00-05:00,1.897209678638032,1.964967693340728,1.897209678638032,1.9310886859893799,612600,0.0,0.0
1992-11-16 00:00:00-05:00,1.964967693340728,1.964967693340728,1.863331446709708,1.9310886859893799,604200,0.0,0.0
1992-11-17 00:00:00-05:00,1.9310887723941492,1.964967781261382,1.8633315300827427,1.8972097635269165,437400,0.0,0.0
1992-11-18 00:00:00-05:00,1.8972097635269165,1.9310887723941492,1.8633315300827427,1.8972097635269165,633600,0.0,0.0
1992-11-19 00:00:00-05:00,1.8633315300827427,1.964967781261382,1.8633315300827427,1.8972097635269165,439200,0.0,0.0
1992-11-20 00:00:00-05:00,1.9310887723941492,1.9310887723941492,1.8633315300827427,1.8972097635269165,534000,0.0,0.0
1992-11-23 00:00:00-05:00,1.8972097635269165,1.9310887723941492,1.8633315300827427,1.8972097635269165,223800,0.0,0.0
1992-11-24 00:00:00-05:00,1.8633315300827427,1.9310887723941492,1.8633315300827427,1.8972097635269165,84000,0.0,0.0
1992-11-25 00:00:00-05:00,1.863331446709708,1.948027801953542,1.863331446709708,1.9310886859893799,504600,0.0,0.0
1992-11-27 00:00:00-05:00,1.8972102872679335,1.9649683237075806,1.8972102872679335,1.9649683237075806,52200,0.0,0.0
1992-11-30 00:00:00-05:00,1.9649682887209643,2.0666045661475096,1.8972102534877613,1.9988465309143066,415200,0.0,0.0
1992-12-01 00:00:00-05:00,2.066603422164917,2.066603422164917,1.9988454244396214,2.066603422164917,415800,0.0,0.0
1992-12-02 00:00:00-05:00,2.0666045661475096,2.0666045661475096,1.9988465309143066,1.9988465309143066,501600,0.0,0.0
1992-12-03 00:00:00-05:00,1.9988465665041313,1.9988465665041313,1.8633320444713828,1.9649683237075806,432600,0.0,0.0
1992-12-04 00:00:00-05:00,1.8972094584352623,1.8972094584352623,1.6939369887663795,1.8125131130218506,2132400,0.0,0.0
1992-12-07 00:00:00-05:00,1.795573388901125,1.8633314019771712,1.795573388901125,1.829452395439148,335400,0.0,0.0
1992-12-08 00:00:00-05:00,1.795573388901125,1.829452395439148,1.795573388901125,1.829452395439148,339600,0.0,0.0
1992-12-09 00:00:00-05:00,1.7955734227572548,1.8633314371109009,1.7955734227572548,1.8633314371109009,201600,0.0,0.0
1992-12-10 00:00:00-05:00,1.829452395439148,1.8972096330921886,1.829452395439148,1.829452395439148,175800,0.0,0.0
1992-12-11 00:00:00-05:00,1.8633314371109009,1.8633314371109009,1.7955734227572548,1.8633314371109009,365400,0.0,0.0
1992-12-14 00:00:00-05:00,1.8633314019771712,1.8633314019771712,1.795573388901125,1.829452395439148,72000,0.0,0.0
1992-12-15 00:00:00-05:00,1.7955734227572548,1.8633314371109009,1.7955734227572548,1.8633314371109009,57600,0.0,0.0
1992-12-16 00:00:00-05:00,1.8633314371109009,1.8633314371109009,1.7955734227572548,1.8633314371109009,106800,0.0,0.0
1992-12-17 00:00:00-05:00,1.8633314371109009,1.8633314371109009,1.7955734227572548,1.8633314371109009,51600,0.0,0.0
1992-12-18 00:00:00-05:00,1.863331489225418,1.863331489225418,1.7955734729766846,1.7955734729766846,391200,0.0,0.0
1992-12-21 00:00:00-05:00,1.863331489225418,1.863331489225418,1.7955734729766846,1.7955734729766846,261600,0.0,0.0
1992-12-22 00:00:00-05:00,1.8633315300827427,1.8972097635269165,1.795573512348277,1.8972097635269165,287400,0.0,0.0
1992-12-23 00:00:00-05:00,1.9141501500076916,2.0666045661475096,1.8972102534877613,1.9988465309143066,483000,0.0,0.0
1992-12-24 00:00:00-05:00,2.000881386332671,2.0347948932917506,1.9669686555862427,1.9669686555862427,50400,0.0025,0.0
1992-12-28 00:00:00-05:00,2.0347949412452495,2.0347949412452495,1.9669687019412976,2.0008814334869385,75000,0.0,0.0
1992-12-29 00:00:00-05:00,2.0347952231382713,2.0347952231382713,1.9669689744379213,1.9839253425598145,262200,0.0,0.0
1992-12-30 00:00:00-05:00,2.0347948932917506,2.0347948932917506,1.9669686555862427,1.9669686555862427,87000,0.0,0.0
1992-12-31 00:00:00-05:00,1.9669686555862427,2.000881386332671,1.9669686555862427,1.9669686555862427,261600,0.0,0.0
1993-01-04 00:00:00-05:00,2.0347949412452495,2.0347949412452495,1.9669687019412976,2.0008814334869385,162000,0.0,0.0
1993-01-05 00:00:00-05:00,2.0347940921783447,2.0347940921783447,2.000880598571257,2.0347940921783447,271200,0.0,0.0
1993-01-06 00:00:00-05:00,2.0347949412452495,2.0347949412452495,2.0008814334869385,2.0008814334869385,160200,0.0,0.0
1993-01-07 00:00:00-05:00,2.000880653103828,2.2382735623987244,2.000880653103828,2.17044734954834,1228200,0.0,0.0
1993-01-08 00:00:00-05:00,2.2382736887250627,2.2382736887250627,2.1365339756011963,2.1365339756011963,212400,0.0,0.0
1993-01-11 00:00:00-05:00,2.1365339756011963,2.204360192279637,2.03479426247733,2.1365339756011963,370200,0.0,0.0
1993-01-12 00:00:00-05:00,2.0347937399700053,2.1365334269685055,2.0347937399700053,2.068707227706909,141600,0.0,0.0
1993-01-13 00:00:00-05:00,2.068707227706909,2.1365334269685055,2.068707227706909,2.068707227706909,31800,0.0,0.0
1993-01-14 00:00:00-05:00,2.0687077589227556,2.1365339756011963,2.0687077589227556,2.1365339756011963,228000,0.0,0.0
1993-01-15 00:00:00-05:00,2.136533855016964,2.17044734954834,2.0687076421665798,2.17044734954834,98400,0.0,0.0
1993-01-18 00:00:00-05:00,2.1026203027631505,2.2721869945526123,2.1026203027631505,2.2721869945526123,532200,0.0,0.0
1993-01-19 00:00:00-05:00,2.2382735009522507,2.306099711940628,2.2382735009522507,2.2721869945526123,478200,0.0,0.0
1993-01-20 00:00:00-05:00,2.272188346194035,2.3739281113040245,2.272188346194035,2.306101083755493,650400,0.0,0.0
1993-01-21 00:00:00-05:00,2.373926756421263,2.5095791816711426,2.3060997675839587,2.5095791816711426,496800,0.0,0.0
1993-01-22 00:00:00-05:00,2.509579533285214,2.5434930324554443,2.4417533111572265,2.5434930324554443,276600,0.0,0.0
1993-01-25 00:00:00-05:00,2.4417528488428553,2.543492550877974,2.340013146807736,2.3739266395568848,247200,0.0,0.0
1993-01-26 00:00:00-05:00,2.407839775085449,2.475666772386422,2.340013553996938,2.407839775085449,240000,0.0,0.0
1993-01-27 00:00:00-05:00,2.475666772386422,2.475666772386422,2.306100055346452,2.407839775085449,160200,0.0,0.0
1993-01-28 00:00:00-05:00,2.306101083755493,2.4078408488654826,2.306101083755493,2.306101083755493,92400,0.0,0.0
1993-01-29 00:00:00-05:00,2.407839775085449,2.407839775085449,2.306100055346452,2.407839775085449,37800,0.0,0.0
1993-02-01 00:00:00-05:00,2.4417525758134557,2.4417525758134557,2.340012885154562,2.390882730484009,251400,0.0,0.0
1993-02-02 00:00:00-05:00,2.407839775085449,2.407839775085449,2.340013553996938,2.407839775085449,117000,0.0,0.0
1993-02-03 00:00:00-05:00,2.4078393560937066,2.4078393560937066,2.340013146807736,2.3739266395568848,93600,0.0,0.0
1993-02-04 00:00:00-05:00,2.340013472743793,2.4078396914771494,2.340013472743793,2.3569698333740234,162600,0.0,0.0
1993-02-05 00:00:00-05:00,2.407839086856411,2.407839086856411,2.340012885154562,2.390882730484009,213000,0.0,0.0
1993-02-08 00:00:00-05:00,2.4078393560937066,2.4078393560937066,2.306099654058588,2.3739266395568848,852600,0.0,0.0
1993-02-09 00:00:00-05:00,2.3061010232647066,2.3739280490340833,2.2043612608234286,2.2552311420440674,235200,0.0,0.0
1993-02-10 00:00:00-05:00,2.272186749713196,2.272186749713196,2.204359769821167,2.204359769821167,66600,0.0,0.0
1993-02-11 00:00:00-05:00,2.2043612608234286,2.2721882865928054,2.2043612608234286,2.2552311420440674,228600,0.0,0.0
1993-02-12 00:00:00-05:00,2.204360007351889,2.2721869945526123,2.204360007351889,2.2721869945526123,42000,0.0,0.0
1993-02-16 00:00:00-05:00,2.2043610644167613,2.272188084142809,2.2043610644167613,2.238274574279785,282600,0.0,0.0
1993-02-17 00:00:00-05:00,2.2043600077890915,2.272186995003267,2.0347940921783447,2.0347940921783447,533400,0.0,0.0
1993-02-18 00:00:00-05:00,2.0347937399700053,2.1026199392316016,2.0008802522331015,2.068707227706909,532200,0.0,0.0
1993-02-19 00:00:00-05:00,2.068707227706909,2.068707227706909,2.0008802522331015,2.068707227706909,84000,0.0,0.0
1993-02-22 00:00:00-05:00,2.0687075857854325,2.0687075857854325,2.000880598571257,2.0347940921783447,30000,0.0,0.0
1993-02-23 00:00:00-05:00,2.068707227706909,2.1195770712061592,2.0008802522331015,2.068707227706909,201600,0.0,0.0
1993-02-24 00:00:00-05:00,2.0687077589227556,2.1365339756011963,2.0687077589227556,2.1365339756011963,327000,0.0,0.0
1993-02-25 00:00:00-05:00,2.136534342339343,2.1704478446060533,2.102620840072632,2.102620840072632,422400,0.0,0.0
1993-02-26 00:00:00-05:00,2.2043600678673485,2.2043600678673485,2.136533855016964,2.17044734954834,99000,0.0,0.0
1993-03-01 00:00:00-05:00,2.2043600678673485,2.2043600678673485,2.136533855016964,2.17044734954834,81000,0.0,0.0
1993-03-02 00:00:00-05:00,2.2382734447726174,2.4078393560937066,2.136533742737498,2.3739266395568848,203400,0.0,0.0
1993-03-03 00:00:00-05:00,2.407839775085449,2.475666772386422,2.340013553996938,2.407839775085449,623400,0.0,0.0
1993-03-04 00:00:00-05:00,2.4078406919444455,2.475667715072632,2.4078406919444455,2.475667715072632,52200,0.0,0.0
1993-03-05 00:00:00-05:00,2.475666772386422,2.475666772386422,2.407839775085449,2.407839775085449,83400,0.0,0.0
1993-03-08 00:00:00-05:00,2.4756663415920035,2.4756663415920035,2.3739266395568848,2.3739266395568848,106800,0.0,0.0
1993-03-09 00:00:00-05:00,2.441753625869751,2.5434933602809906,2.3739273949997823,2.441753625869751,256800,0.0,0.0
1993-03-10 00:00:00-05:00,2.5434925005986138,2.6452322006225586,2.4756662926534214,2.6452322006225586,319200,0.0,0.0
1993-03-11 00:00:00-05:00,2.6452338893636598,2.713060140609741,2.5434941243881344,2.713060140609741,513000,0.0,0.0
1993-03-12 00:00:00-05:00,2.6113193035125732,2.7130590267171213,2.577406579919382,2.6113193035125732,269400,0.0,0.0
1993-03-15 00:00:00-05:00,2.611318680502548,2.6791456639317013,2.611318680502548,2.6621885299682617,222000,0.0,0.0
1993-03-16 00:00:00-05:00,2.6791458129882812,2.6791458129882812,2.611318825785515,2.6791458129882812,435600,0.0,0.0
1993-03-17 00:00:00-05:00,2.679147679176959,2.746973937412478,2.6113206447285537,2.696104049682617,705000,0.0,0.0
1993-03-18 00:00:00-05:00,2.74697208404541,2.74697208404541,2.679145871571867,2.74697208404541,456600,0.0,0.0
1993-03-19 00:00:00-05:00,2.746973654339185,2.746973654339185,2.6452338893636598,2.713060140609741,124800,0.0,0.0
1993-03-22 00:00:00-05:00,2.6452338893636598,2.713060140609741,2.6452338893636598,2.713060140609741,32400,0.0,0.0
1993-03-23 00:00:00-05:00,2.6452338893636598,2.713060140609741,2.6452338893636598,2.713060140609741,47400,0.0,0.0
1993-03-24 00:00:00-05:00,2.6452338893636598,2.713060140609741,2.6452338893636598,2.713060140609741,102000,0.0,0.0
1993-03-25 00:00:00-05:00,2.7130584722431528,2.7808854579925537,2.645232262706081,2.7808854579925537,205200,0.0,0.0
1993-03-26 00:00:00-05:00,2.7469707744175835,2.8826239109039307,2.7469707744175835,2.8826239109039307,425400,0.0,0.0
1993-03-29 00:00:00-05:00,2.8826247371689058,3.1878437995910645,2.7808850496948527,3.1878437995910645,857400,0.0,0.0
1993-03-30 00:00:00-05:00,3.187843747157063,3.3574096314207083,3.120016772481843,3.2217564582824707,1269000,0.0,0.0
1993-03-31 00:00:00-05:00,3.459151734287209,3.5948050022125244,3.425238223252694,3.5948050022125244,1408800,0.0,0.0
1993-04-01 00:00:00-05:00,3.49306413245237,3.7982833058837664,3.49306413245237,3.662630081176758,1542600,0.0,0.0
1993-04-02 00:00:00-05:00,3.662630081176758,3.7643698056538897,3.5608903566996255,3.662630081176758,508800,0.0,0.0
1993-04-05 00:00:00-04:00,3.6626312480688097,3.6965447591033245,3.560891491178009,3.5948050022125244,180600,0.0,0.0
1993-04-06 00:00:00-04:00,3.6456748806579244,3.730457493925095,3.5948050022125244,3.5948050022125244,290400,0.0,0.0
1993-04-07 00:00:00-04:00,3.6965447591033245,3.6965447591033245,3.493065245321724,3.5948050022125244,507000,0.0,0.0
1993-04-08 00:00:00-04:00,3.493065245321724,3.5948050022125244,3.493065245321724,3.5948050022125244,280200,0.0,0.0
1993-04-12 00:00:00-04:00,3.5948050022125244,3.6287177370342945,3.493065245321724,3.5948050022125244,453000,0.0,0.0
1993-04-13 00:00:00-04:00,3.628716870230715,3.628716870230715,3.493064410921895,3.5778470039367676,357600,0.0,0.0
1993-04-14 00:00:00-04:00,3.4930646419525146,3.5948043812694555,3.4930646419525146,3.4930646419525146,121800,0.0,0.0
1993-04-15 00:00:00-04:00,3.5948022067276493,3.5948022067276493,3.3913228511810303,3.3913228511810303,262200,0.0,0.0
1993-04-16 00:00:00-04:00,3.3913228511810303,3.49306252895434,3.289583173407721,3.3913228511810303,272400,0.0,0.0
1993-04-19 00:00:00-04:00,3.4252378940582275,3.4591514018333664,3.3234981469454814,3.4252378940582275,216000,0.0,0.0
1993-04-20 00:00:00-04:00,3.187844682614019,3.391324113925288,3.187844682614019,3.2895843982696533,314400,0.0,0.0
1993-04-21 00:00:00-04:00,3.289585163318632,3.4930646419525146,3.289585163318632,3.4930646419525146,231000,0.0,0.0
1993-04-22 00:00:00-04:00,3.4930646419525146,3.4930646419525146,3.3913249026355734,3.4930646419525146,148200,0.0,0.0
1993-04-23 00:00:00-04:00,3.459151136775997,3.4930646419525146,3.42523763159948,3.4930646419525146,87600,0.0,0.0
1993-04-26 00:00:00-04:00,3.493062848420189,3.493062848420189,3.4252358728932877,3.4591493606567383,163800,0.0,0.0
1993-04-27 00:00:00-04:00,3.42523763159948,3.4930646419525146,3.42523763159948,3.4930646419525146,257400,0.0,0.0
1993-04-28 00:00:00-04:00,3.493064909608505,3.493064909608505,3.4252378940582275,3.4252378940582275,48600,0.0,0.0
1993-04-29 00:00:00-04:00,3.4252378940582275,3.5269776411709737,3.4252378940582275,3.4252378940582275,261000,0.0,0.0
1993-04-30 00:00:00-04:00,3.425236637189593,3.5269763469696045,3.425236637189593,3.5269763469696045,162600,0.0,0.0
1993-05-03 00:00:00-04:00,3.5269761985452273,3.5269761985452273,3.391323775355411,3.40828013420105,133200,0.0,0.0
1993-05-04 00:00:00-04:00,3.3913228511810303,3.5269752374040158,3.3913228511810303,3.3913228511810303,346200,0.0,0.0
1993-05-05 00:00:00-04:00,3.3913231613420494,3.526975559971427,3.3913231613420494,3.4591493606567383,607800,0.0,0.0
1993-05-06 00:00:00-04:00,3.459151136775997,3.4930646419525146,3.3913249026355734,3.4930646419525146,722400,0.0,0.0
1993-05-07 00:00:00-04:00,3.526977452158167,3.7643704414367676,3.4591512164554077,3.7643704414367676,1251600,0.0,0.0
1993-05-10 00:00:00-04:00,3.764371162805802,3.967850685119629,3.764371162805802,3.967850685119629,620400,0.0,0.0
1993-05-11 00:00:00-04:00,3.9678471883138022,4.120456695556641,3.8661075168185763,4.120456695556641,468400,0.0,1.5
1993-05-12 00:00:00-04:00,4.120458381516593,4.3748076643262594,4.018718668392727,4.273067951202393,581200,0.0,0.0
1993-05-13 00:00:00-04:00,4.374809779818096,4.807203769683838,4.171330255175394,4.807203769683838,529600,0.0,0.0
1993-05-14 00:00:00-04:00,4.832639721936958,4.832639721936958,4.374810695648193,4.374810695648193,620400,0.0,0.0
1993-05-17 00:00:00-04:00,4.374807298183441,4.527416855096817,4.0695881843566895,4.0695881843566895,240000,0.0,0.0
1993-05-18 00:00:00-04:00,4.069589289223275,4.171329021453857,4.018719423107984,4.171329021453857,92800,0.0,0.0
1993-05-19 00:00:00-04:00,4.018720565698086,4.171330207433456,3.967850685119629,3.967850685119629,566400,0.0,0.0
1993-05-20 00:00:00-04:00,3.9678495569926935,4.171329021453857,3.9678495569926935,4.171329021453857,220800,0.0,0.0
1993-05-21 00:00:00-04:00,4.018719423107984,4.171329021453857,4.018719423107984,4.171329021453857,248400,0.0,0.0
1993-05-24 00:00:00-04:00,4.069588776606663,4.222198355729413,3.916979197483913,3.993283987045288,278000,0.0,0.0
1993-05-25 00:00:00-04:00,3.916980266571045,4.06958988734654,3.916980266571045,3.916980266571045,24800,0.0,0.0
1993-05-26 00:00:00-04:00,4.0695898216891,4.222199440002441,3.916980203375759,4.222199440002441,291200,0.0,0.0
1993-05-27 00:00:00-04:00,4.222199440002441,4.222199440002441,4.120459694460214,4.222199440002441,301200,0.0,0.0
1993-05-28 00:00:00-04:00,4.120459694460214,4.222199440002441,4.0695898216891,4.222199440002441,54400,0.0,0.0
1993-06-01 00:00:00-04:00,4.222199440002441,4.222199440002441,4.0695898216891,4.222199440002441,222800,0.0,0.0
1993-06-02 00:00:00-04:00,4.120458381516593,4.273067951202393,4.120458381516593,4.273067951202393,280000,0.0,0.0
1993-06-03 00:00:00-04:00,4.323939800262451,4.4765494402717145,4.171330160253188,4.323939800262451,358400,0.0,0.0
1993-06-04 00:00:00-04:00,4.374810695648193,4.374810695648193,4.222201020218605,4.374810695648193,125600,0.0,0.0
1993-06-07 00:00:00-04:00,4.222199073204627,4.374808678260217,4.222199073204627,4.298503875732422,132000,0.0,0.0
1993-06-08 00:00:00-04:00,4.3239378077643265,4.3239378077643265,4.171328238078527,4.273067951202393,91200,0.0,0.0
1993-06-09 00:00:00-04:00,4.273066991492163,4.273066991492163,4.0187177658081055,4.0187177658081055,298000,0.0,0.0
1993-06-10 00:00:00-04:00,4.069590819509406,4.069590819509406,3.764371508046201,3.8661112785339355,325600,0.0,0.0
1993-06-11 00:00:00-04:00,3.7643691034459352,3.7643691034459352,3.3574102814517803,3.40828013420105,646000,0.0,0.0
1993-06-14 00:00:00-04:00,3.3574107105570627,3.459150429058792,3.2556709920553337,3.382845640182495,230000,0.0,0.0
1993-06-15 00:00:00-04:00,3.3065408513061985,3.4082805698079275,3.3065408513061985,3.382845640182495,4096800,0.0,0.0
1993-06-16 00:00:00-04:00,3.3574106693267822,3.459150386579109,3.3574106693267822,3.3574106693267822,2174800,0.0,0.0
1993-06-17 00:00:00-04:00,3.3574102814517803,3.4082801342010494,3.2556705759532414,3.40828013420105,569600,0.0,0.0
1993-06-18 00:00:00-04:00,3.3574095659477763,3.3574095659477763,3.255669882131177,3.281104803085327,1071200,0.0,0.0
1993-06-21 00:00:00-04:00,3.2556710243225098,3.4082806035876274,3.2556710243225098,3.2556710243225098,80000,0.0,0.0
1993-06-22 00:00:00-04:00,3.357410743832588,3.357410743832588,3.2556710243225098,3.2556710243225098,265600,0.0,0.0
1993-06-23 00:00:00-04:00,3.255670400766226,3.35741010079017,3.1539307007422814,3.3065402507781982,908400,0.0,0.0
1993-06-24 00:00:00-04:00,3.1793651080900625,3.306539712413665,3.153930187225342,3.153930187225342,221600,0.0,0.0
1993-06-25 00:00:00-04:00,3.306539712413665,3.306539712413665,3.153930187225342,3.153930187225342,558800,0.0,0.0
1993-06-28 00:00:00-04:00,3.306540884077549,3.306540884077549,3.1539313048124313,3.2556710243225098,349200,0.0,0.0
1993-06-29 00:00:00-04:00,3.3065397240394767,3.3574095659477763,3.153930198314578,3.281104803085327,1396800,0.0,0.0
1993-06-30 00:00:00-04:00,3.35741010079017,3.35741010079017,3.255670400766226,3.3065402507781982,329200,0.0,0.0
1993-07-01 00:00:00-04:00,3.2556709520744556,3.3574106693267822,3.2556709520744556,3.3574106693267822,336400,0.0,0.0
1993-07-02 00:00:00-04:00,3.3574106693267822,3.3574106693267822,3.2556709520744556,3.3574106693267822,437200,0.0,0.0
1993-07-06 00:00:00-04:00,3.306540884077549,3.357410743832588,3.2556710243225098,3.2556710243225098,594800,0.0,0.0
1993-07-07 00:00:00-04:00,3.1539309660593666,3.306540528933207,2.899581694602966,3.0521912574768066,312000,0.0,0.0
1993-07-08 00:00:00-04:00,2.899580978578137,3.153930187225342,2.899580978578137,3.153930187225342,956400,0.0,0.0
1993-07-09 00:00:00-04:00,3.204800028954783,3.204800028954783,3.05219050376646,3.153930187225342,796400,0.0,0.0
1993-07-12 00:00:00-04:00,3.0521919613792785,3.204801559448242,3.0521919613792785,3.204801559448242,314000,0.0,0.0
1993-07-13 00:00:00-04:00,3.0521919613792785,3.204801559448242,3.0521919613792785,3.204801559448242,122000,0.0,0.0
1993-07-14 00:00:00-04:00,3.2048005507542534,3.3065402507781982,3.1539307007422814,3.3065402507781982,436000,0.0,0.0
1993-07-15 00:00:00-04:00,3.3065398300395294,3.4591493606567383,3.2556699865004597,3.4591493606567383,388000,0.0,0.0
1993-07-16 00:00:00-04:00,3.4591493606567383,3.4591493606567383,3.3065398300395294,3.4591493606567383,380400,0.0,0.0
1993-07-19 00:00:00-04:00,3.4591493606567383,3.4591493606567383,3.3065398300395294,3.4591493606567383,357600,0.0,0.0
1993-07-20 00:00:00-04:00,3.459150386579109,3.459150386579109,3.2556709520744556,3.3574106693267822,200000,0.0,0.0
1993-07-21 00:00:00-04:00,3.3574106693267822,3.459150386579109,3.2556709520744556,3.3574106693267822,242000,0.0,0.0
1993-07-22 00:00:00-04:00,3.3574105580647786,3.510020128885905,3.3574105580647786,3.433715343475342,201600,0.0,0.0
1993-07-23 00:00:00-04:00,3.4591493606567383,3.4591493606567383,3.357409673578599,3.4591493606567383,132800,0.0,0.0
1993-07-26 00:00:00-04:00,3.4082795171176685,3.6117588912739476,3.2556699865004597,3.4591493606567383,967200,0.0,0.0
1993-07-27 00:00:00-04:00,3.6117593239093653,3.7643688728069438,3.4591497750117863,3.6880640983581543,988000,0.0,0.0
1993-07-28 00:00:00-04:00,3.764369225837815,3.764369225837815,3.611759662628174,3.611759662628174,599600,0.0,0.0
1993-07-29 00:00:00-04:00,3.8152405193873813,4.0187200137547086,3.6117610250200545,3.916980266571045,1352400,0.0,0.0
1993-07-30 00:00:00-04:00,3.967850685119629,3.967850685119629,3.8661109239627156,3.967850685119629,448800,0.0,0.0
1993-08-02 00:00:00-04:00,3.9678477748747794,4.0187176181424045,3.8661080883395287,3.942412853240967,473200,0.0,0.0
1993-08-03 00:00:00-04:00,4.0187177658081055,4.17132730121854,3.9169780755344825,4.0187177658081055,1042800,0.0,0.0
1993-08-04 00:00:00-04:00,4.171327888965607,4.222197741270065,4.018718332052231,4.0695881843566895,343200,0.0,0.0
1993-08-05 00:00:00-04:00,4.2221963670518665,4.2221963670518665,4.018717024061415,4.120456695556641,945600,0.0,0.0
1993-08-06 00:00:00-04:00,4.069589289223275,4.1967639545115025,4.018719423107984,4.171329021453857,929200,0.0,0.0
1993-08-09 00:00:00-04:00,4.171330207433456,4.171330207433456,3.916980804541172,3.967850685119629,688400,0.0,0.0
1993-08-10 00:00:00-04:00,3.916980804541172,4.069590446276543,3.916980804541172,3.967850685119629,122000,0.0,0.0
1993-08-11 00:00:00-04:00,4.018718668392727,4.273067951202393,3.9169789552688603,4.273067951202393,512000,0.0,0.0
1993-08-12 00:00:00-04:00,4.27306875368444,4.32393861979973,4.171329021453857,4.171329021453857,274800,0.0,0.0
1993-08-13 00:00:00-04:00,4.3239374458789825,4.3239374458789825,4.0695881843566895,4.0695881843566895,450000,0.0,0.0
1993-08-16 00:00:00-04:00,4.0695881843566895,4.171327888965607,4.0695881843566895,4.0695881843566895,146000,0.0,0.0
1993-08-17 00:00:00-04:00,4.171329888430509,4.578288901935924,3.967850381677801,4.47654914855957,1545600,0.0,0.0
1993-08-18 00:00:00-04:00,4.578286790356193,4.934375762939453,4.578286790356193,4.934375762939453,1393600,0.0,0.0
1993-08-19 00:00:00-04:00,4.934377118945122,4.934377118945122,4.7308976501226425,4.883507251739502,1954800,0.0,0.0
1993-08-20 00:00:00-04:00,4.781767915424548,4.985247401187294,4.781767915424548,4.832637786865234,385200,0.0,0.0
1993-08-23 00:00:00-04:00,4.832637384533882,4.985246986150742,4.832637384533882,4.883507251739502,652800,0.0,0.0
1993-08-24 00:00:00-04:00,4.781765460968018,4.934374996956358,4.781765460968018,4.781765460968018,168000,0.0,0.0
1993-08-25 00:00:00-04:00,4.783803094293653,4.9364776611328125,4.783803094293653,4.9364776611328125,791200,0.0025,0.0
1993-08-26 00:00:00-04:00,4.783801555633545,4.9364760733665305,4.783801555633545,4.783801555633545,462000,0.0,0.0
1993-08-27 00:00:00-04:00,4.8855849416632395,4.936476451472232,4.783801922045256,4.834693431854248,364400,0.0,0.0
1993-08-30 00:00:00-04:00,4.885586138853093,5.0382607056922515,4.885586138853093,4.9364776611328125,221200,0.0,0.0
1993-08-31 00:00:00-04:00,4.9364747076618425,5.038257691324974,4.885583215830278,4.987366199493408,481600,0.0,0.0
1993-09-01 00:00:00-04:00,4.885586261749268,4.987369308869044,4.885586261749268,4.885586261749268,39200,0.0,0.0
1993-09-02 00:00:00-04:00,4.9873684680823125,5.038259983062744,4.885585438121449,5.038259983062744,315200,0.0,0.0
1993-09-03 00:00:00-04:00,4.885586138853093,5.0382607056922515,4.885586138853093,4.9364776611328125,132400,0.0,0.0
1993-09-07 00:00:00-04:00,4.936477785309156,5.038260832428932,4.885586261749268,4.885586261749268,434000,0.0,0.0
1993-09-08 00:00:00-04:00,4.936479102240668,4.936479102240668,4.580238342285156,4.580238342285156,628800,0.0,0.0
1993-09-09 00:00:00-04:00,4.631127142137096,4.73291015625,4.631127142137096,4.73291015625,91200,0.0,0.0
1993-09-10 00:00:00-04:00,4.732910412236263,4.987367961281224,4.682018902427272,4.834693431854248,200400,0.0,0.0
1993-09-13 00:00:00-04:00,4.83469473818938,4.987369308869044,4.83469473818938,4.885586261749268,52000,0.0,0.0
1993-09-14 00:00:00-04:00,4.783801922045256,4.834693431854248,4.783801922045256,4.834693431854248,33600,0.0,0.0
1993-09-15 00:00:00-04:00,4.834693431854248,4.987367961281224,4.834693431854248,4.834693431854248,114000,0.0,0.0
1993-09-16 00:00:00-04:00,4.834691911640734,5.140040874481201,4.834691911640734,5.140040874481201,548000,0.0,0.0
1993-09-17 00:00:00-04:00,5.038260340690613,5.140043377876282,5.038260340690613,5.089151859283447,495600,0.0,0.0
1993-09-20 00:00:00-04:00,5.089152227971971,5.140043750251691,4.9364776611328125,4.9364776611328125,94800,0.0,0.0
1993-09-21 00:00:00-04:00,4.9364760733665305,5.03825908518852,4.783801555633545,4.783801555633545,307600,0.0,0.0
1993-09-22 00:00:00-04:00,4.885586261749268,4.885586261749268,4.885586261749268,4.885586261749268,3600,0.0,0.0
1993-09-23 00:00:00-04:00,4.987369308869044,4.987369308869044,4.783803214629492,4.885586261749268,20400,0.0,0.0
1993-09-24 00:00:00-04:00,4.783800232167146,4.987366199493408,4.783800232167146,4.987366199493408,79200,0.0,0.0
1993-09-27 00:00:00-04:00,4.987366199493408,4.987366199493408,4.885583215830278,4.987366199493408,198800,0.0,0.0
1993-09-28 00:00:00-04:00,4.885584232196137,5.089150241870976,4.885584232196137,5.063704490661621,127200,0.0,0.0
1993-09-29 00:00:00-04:00,5.1400406749881045,5.1400406749881045,4.987366199493408,4.987366199493408,128400,0.0,0.0
1993-09-30 00:00:00-04:00,4.987366199493408,5.1400406749881045,4.987366199493408,4.987366199493408,32400,0.0,0.0
1993-10-01 00:00:00-04:00,5.140044086119707,5.34361018854029,5.089152560514562,5.1909356117248535,302400,0.0,0.0
1993-10-04 00:00:00-04:00,5.190934317452567,5.470837638491676,5.190934317452567,5.343608856201172,253200,0.0,0.0
1993-10-05 00:00:00-04:00,5.496283394949777,5.496283394949777,5.343608856201172,5.343608856201172,79200,0.0,0.0
1993-10-06 00:00:00-04:00,5.445390825686248,5.445390825686248,5.140041807423468,5.267270565032959,128000,0.0,0.0
1993-10-07 00:00:00-04:00,5.140040874481201,5.292715355901435,5.140040874481201,5.140040874481201,122800,0.0,0.0
1993-10-08 00:00:00-04:00,5.140043494770827,5.343609573771652,5.140043494770827,5.24182653427124,142800,0.0,0.0
1993-10-11 00:00:00-04:00,5.292718054021446,5.343609573771652,5.24182653427124,5.24182653427124,204800,0.0,0.0
1993-10-12 00:00:00-04:00,5.24182653427124,5.343609573771652,5.24182653427124,5.24182653427124,76000,0.0,0.0
1993-10-13 00:00:00-04:00,5.394500034826772,5.648957583639357,5.292717015301739,5.496283054351807,412800,0.0,0.0
1993-10-14 00:00:00-04:00,5.648956298828125,5.801630793391047,5.5980648006404845,5.648956298828125,344400,0.0,0.0
1993-10-15 00:00:00-04:00,5.852524148566382,5.852524148566382,5.699849605560303,5.699849605560303,54400,0.0,0.0
1993-10-18 00:00:00-04:00,5.852524516856776,5.9034160343946604,5.750741481781006,5.750741481781006,507600,0.0,0.0
1993-10-19 00:00:00-04:00,5.750740983070584,5.8525240093196205,5.54717493057251,5.54717493057251,336800,0.0,0.0
1993-10-20 00:00:00-04:00,5.648957933698382,5.648957933698382,5.343608856201172,5.343608856201172,74800,0.0,0.0
1993-10-21 00:00:00-04:00,5.394498343514924,5.4453898373216685,5.0382578868677115,5.140040874481201,315200,0.0,0.0
1993-10-22 00:00:00-04:00,5.343608525064256,5.699849093401873,5.0891509762516725,5.496283054351807,1178400,0.0,0.0
1993-10-25 00:00:00-04:00,5.496283580906583,5.496283580906583,5.343609036992511,5.369054794311523,378400,0.0,0.0
1993-10-26 00:00:00-04:00,5.496284578821342,5.496284578821342,5.038260863919564,5.165489673614502,926400,0.0,0.0
1993-10-27 00:00:00-04:00,5.190932368287945,5.24182386209469,5.0382578868677115,5.140040874481201,1306800,0.0,0.0
1993-10-28 00:00:00-04:00,5.34360967982899,5.648958804390647,5.34360967982899,5.598067283630371,2152400,0.0,0.0
1993-10-29 00:00:00-04:00,5.598066071756021,5.852523620472204,5.598066071756021,5.827077865600586,371200,0.0,0.0
1993-11-01 00:00:00-05:00,5.954307145710232,6.056090173842032,5.852524117578434,6.030644416809082,592000,0.0,0.0
1993-11-02 00:00:00-05:00,6.0051968698916225,6.0051968698916225,5.750739375404689,5.852522373199463,260400,0.0,0.0
1993-11-03 00:00:00-05:00,5.903415662901741,5.903415662901741,5.699849605560303,5.699849605560303,320800,0.0,0.0
1993-11-04 00:00:00-05:00,5.598067283630371,5.801633366671475,5.598067283630371,5.598067283630371,296000,0.0,0.0
1993-11-05 00:00:00-05:00,5.6489567386692965,5.903414249420166,5.445390730068601,5.903414249420166,246000,0.0,0.0
1993-11-08 00:00:00-05:00,5.903414249420166,5.903414249420166,5.750739742969644,5.903414249420166,178800,0.0,0.0
1993-11-09 00:00:00-05:00,5.903413789766328,5.903413789766328,5.5980648006404845,5.648956298828125,412800,0.0,0.0
1993-11-10 00:00:00-05:00,5.801630494932248,5.954304981640992,5.6489560082235055,5.928859233856201,585200,0.0,0.0
1993-11-11 00:00:00-05:00,5.80163207420936,6.106981130746695,5.80163207420936,5.954306602478027,261200,0.0,0.0
1993-11-12 00:00:00-05:00,6.1069817543029785,6.1069817543029785,5.954307210445404,6.1069817543029785,438400,0.0,0.0
1993-11-15 00:00:00-05:00,6.1069821129160475,6.157873630523682,6.00519907770078,6.157873630523682,219600,0.0,0.0
1993-11-16 00:00:00-05:00,6.005198075681551,6.2087641121453325,6.005198075681551,6.081535339355469,425200,0.0,0.0
1993-11-17 00:00:00-05:00,6.208764901682108,6.208764901682108,6.056090354919434,6.056090354919434,826000,0.0,0.0
1993-11-18 00:00:00-05:00,6.208764783541362,6.208764783541362,6.056090239683787,6.1069817543029785,610000,0.0,0.0
1993-11-19 00:00:00-05:00,6.106981870506992,6.208764901682108,6.056090354919434,6.056090354919434,568800,0.0,0.0
1993-11-22 00:00:00-05:00,6.056090014879821,6.208764553070068,6.056090014879821,6.208764553070068,566000,0.0,0.0
1993-11-23 00:00:00-05:00,6.208764901682108,6.208764901682108,6.056090354919434,6.056090354919434,120400,0.0,0.0
1993-11-24 00:00:00-05:00,6.208764553070068,6.208764553070068,6.056090014879821,6.208764553070068,86800,0.0,0.0
1993-11-26 00:00:00-05:00,6.056090014879821,6.208764553070068,6.056090014879821,6.208764553070068,17200,0.0,0.0
1993-11-29 00:00:00-05:00,6.208764553070068,6.208764553070068,6.056090014879821,6.208764553070068,123200,0.0,0.0
1993-11-30 00:00:00-05:00,6.2087649136054806,6.2596564292907715,6.056090366549608,6.2596564292907715,609200,0.0,0.0
1993-12-01 00:00:00-05:00,6.208764149592473,6.310547168438251,6.208764149592473,6.285101413726807,399600,0.0,0.0
1993-12-02 00:00:00-05:00,6.208764553070068,6.310547578530233,6.208764553070068,6.208764553070068,122400,0.0,0.0
1993-12-03 00:00:00-05:00,6.208765037476071,6.565005654380435,6.208765037476071,6.4123311042785645,85600,0.0,0.0
1993-12-06 00:00:00-05:00,6.412330824753334,6.66678839716418,6.412330824753334,6.641342639923096,181200,0.0,0.0
1993-12-07 00:00:00-05:00,6.5650027289645365,6.666785717010498,6.514111234941556,6.666785717010498,497200,0.0,0.0
1993-12-08 00:00:00-05:00,6.666785717010498,6.7685687050564605,6.514111234941556,6.666785717010498,600400,0.0,0.0
1993-12-09 00:00:00-05:00,6.7685687050564605,6.7685687050564605,6.666785717010498,6.666785717010498,244400,0.0,0.0
1993-12-10 00:00:00-05:00,6.768571309716982,6.768571309716982,6.666788282503193,6.692234039306641,316000,0.0,0.0
1993-12-13 00:00:00-05:00,6.666785717010498,6.7685687050564605,6.666785717010498,6.666785717010498,762800,0.0,0.0
1993-12-14 00:00:00-05:00,6.666788554773098,6.768571586143679,6.106981882234899,6.2596564292907715,888000,0.0,0.0
1993-12-15 00:00:00-05:00,6.157870459974857,6.31054493418911,5.648955545927349,5.801630020141602,610000,0.0,0.0
1993-12-16 00:00:00-05:00,5.59806692916735,5.80163299931889,5.547175411629466,5.750741481781006,540000,0.0,0.0
1993-12-17 00:00:00-05:00,5.648956377609916,6.0051968698916225,5.648956377609916,5.852522373199463,249200,0.0,0.0
1993-12-20 00:00:00-05:00,6.005198001861572,6.056089510351925,5.903414984880868,6.005198001861572,235200,0.0,0.0
1993-12-21 00:00:00-05:00,6.056090595308414,6.157873630523682,5.903416042485513,6.157873630523682,246400,0.0,0.0
1993-12-22 00:00:00-05:00,6.157873520775447,6.4123311042785645,6.005198970673576,6.4123311042785645,220000,0.0,0.0
1993-12-23 00:00:00-05:00,6.412331703186035,6.463223224639893,6.31054866027832,6.361440181732178,64000,0.0,0.0
1993-12-27 00:00:00-05:00,6.312971265297236,6.465704441070557,6.312971265297236,6.465704441070557,122400,0.003,0.0
1993-12-28 00:00:00-05:00,6.465703337109042,6.669347536703028,6.465703337109042,6.542069911956787,142000,0.0,0.0
1993-12-29 00:00:00-05:00,6.669345979337339,6.872990131378174,6.465701827296504,6.872990131378174,505600,0.0,0.0
1993-12-30 00:00:00-05:00,6.720260392374067,6.974815710267024,6.720260392374067,6.82208251953125,85200,0.0,0.0
1993-12-31 00:00:00-05:00,6.974814311317775,7.025725364685059,6.822081151215927,7.025725364685059,355200,0.0,0.0
1994-01-03 00:00:00-05:00,6.974815710267024,7.025726773845616,6.720260392374067,6.82208251953125,380400,0.0,0.0
1994-01-04 00:00:00-05:00,6.872990131378174,6.872990131378174,6.872990131378174,6.872990131378174,210400,0.0,0.0
1994-01-05 00:00:00-05:00,6.923904780923885,6.974815845489502,6.923904780923885,6.974815845489502,267600,0.0,0.0
1994-01-06 00:00:00-05:00,6.974812207398591,6.974812207398591,6.872990131378174,6.872990131378174,176800,0.0,0.0
1994-01-07 00:00:00-05:00,6.923903317518636,7.229369640350342,6.923903317518636,7.229369640350342,308800,0.0,0.0
1994-01-10 00:00:00-05:00,7.076639652252197,7.280283958791829,7.076639652252197,7.076639652252197,144400,0.0,0.0
1994-01-11 00:00:00-05:00,7.076639652252197,7.229372882156921,7.076639652252197,7.076639652252197,117600,0.0,0.0
1994-01-12 00:00:00-05:00,7.076636478934489,7.229369640350342,7.076636478934489,7.229369640350342,113600,0.0,0.0
1994-01-13 00:00:00-05:00,7.076638403713913,7.2293716066717675,7.076638403713913,7.203916072845459,87600,0.0,0.0
1994-01-14 00:00:00-05:00,7.280280386168381,7.3821024894714355,7.1275472312138,7.3821024894714355,85600,0.0,0.0
1994-01-17 00:00:00-05:00,7.3821024894714355,7.3821024894714355,7.178458282865328,7.3821024894714355,144400,0.0,0.0
1994-01-18 00:00:00-05:00,7.280280386168381,7.3821024894714355,7.280280386168381,7.3821024894714355,94800,0.0,0.0
1994-01-19 00:00:00-05:00,7.3821024894714355,7.3821024894714355,7.280280386168381,7.3821024894714355,130000,0.0,0.0
1994-01-20 00:00:00-05:00,7.3821024894714355,7.3821024894714355,7.280280386168381,7.3821024894714355,43600,0.0,0.0
1994-01-21 00:00:00-05:00,7.433016180181179,7.534838319635715,7.280282970999373,7.483927249908447,190800,0.0,0.0
1994-01-24 00:00:00-05:00,7.4839249093767615,7.534835963182046,7.229369640350342,7.229369640350342,403600,0.0,0.0
1994-01-25 00:00:00-05:00,7.229368850313869,7.280279898555516,6.872991512622341,6.898447036743164,421600,0.0,0.0
1994-01-26 00:00:00-05:00,6.9748146808723535,6.9748146808723535,6.4657041202247365,6.847537040710449,527200,0.0,0.0
1994-01-27 00:00:00-05:00,6.771168055357756,6.923901169388382,6.771168055357756,6.872990131378174,200800,0.0,0.0
1994-01-28 00:00:00-05:00,6.974814311317775,7.025725364685059,6.87299220458321,7.025725364685059,316400,0.0,0.0
1994-01-31 00:00:00-05:00,7.025725364685059,7.025725364685059,6.87299220458321,7.025725364685059,329200,0.0,0.0
1994-02-01 00:00:00-05:00,6.87299220458321,7.025725364685059,6.87299220458321,7.025725364685059,49600,0.0,0.0
1994-02-02 00:00:00-05:00,6.872993583109841,7.025726773845616,6.720260392374067,6.82208251953125,178000,0.0,0.0
1994-02-03 00:00:00-05:00,6.7711693821972565,6.872991478170148,6.516614142265029,6.669347286224365,256000,0.0,0.0
1994-02-04 00:00:00-05:00,6.516614142265029,6.669347286224365,6.516614142265029,6.669347286224365,336000,0.0,0.0
1994-02-07 00:00:00-05:00,6.465702724456787,6.618435859680176,6.414791679382324,6.618435859680176,656800,0.0,0.0
1994-02-08 00:00:00-05:00,6.516616579086062,6.618438713134282,6.363883378013732,6.414794445037842,240400,0.0,0.0
1994-02-09 00:00:00-05:00,6.363883320050749,6.4657054531715605,6.312972253490343,6.440249919891357,175600,0.0,0.0
1994-02-10 00:00:00-05:00,6.312971265297236,6.6184376168438765,6.312971265297236,6.465704441070557,3494400,0.0,0.0
1994-02-11 00:00:00-05:00,6.465704441070557,6.567526558252769,6.414793382479449,6.465704441070557,299200,0.0,0.0
1994-02-14 00:00:00-05:00,6.567527646110172,6.567527646110172,6.414794445037842,6.414794445037842,340400,0.0,0.0
1994-02-15 00:00:00-05:00,6.567526558252769,6.567526558252769,6.414793382479449,6.465704441070557,394400,0.0,0.0
1994-02-16 00:00:00-05:00,6.414791679382324,6.720257949829102,6.414791679382324,6.618435859680176,471600,0.0,0.0
1994-02-17 00:00:00-05:00,6.6693475622879825,6.771169662475586,6.56752546210038,6.771169662475586,616000,0.0,0.0
1994-02-18 00:00:00-05:00,6.7711707926171965,6.7711707926171965,6.414793382479449,6.465704441070557,448800,0.0,0.0
1994-02-22 00:00:00-05:00,6.465706115722656,6.567528259277343,6.363883972167969,6.363883972167969,301200,0.0,0.0
1994-02-23 00:00:00-05:00,6.363883378013732,6.465705512061952,6.312972310989622,6.414794445037842,480800,0.0,0.0
1994-02-24 00:00:00-05:00,6.363880730444385,6.465702822131496,6.31296968460083,6.31296968460083,437200,0.0,0.0
1994-02-25 00:00:00-05:00,6.4657033619127775,6.771169662475586,6.312970211631373,6.771169662475586,331200,0.0,0.0
1994-02-28 00:00:00-05:00,6.6693475622879825,6.974813862850791,6.6693475622879825,6.771169662475586,159600,0.0,0.0
1994-03-01 00:00:00-05:00,6.923904646688433,6.923904646688433,6.669349328795476,6.82208251953125,487200,0.0,0.0
1994-03-02 00:00:00-05:00,6.669347272199743,6.92390251159668,6.618436224320355,6.92390251159668,488400,0.0,0.0
1994-03-03 00:00:00-05:00,6.771169354729619,7.33119088030876,6.771169354729619,7.178457736968994,184000,0.0,0.0
1994-03-04 00:00:00-05:00,7.076636478934489,7.229369640350342,7.076636478934489,7.229369640350342,282800,0.0,0.0
1994-03-07 00:00:00-05:00,7.229370010482682,7.382103179718231,7.127547897658982,7.280281066894531,517200,0.0,0.0
1994-03-08 00:00:00-05:00,7.280282674324385,7.280282674324385,7.17846053901915,7.203916072845459,44000,0.0,0.0
1994-03-09 00:00:00-05:00,7.178458954070831,7.280281066894531,7.178458954070831,7.280281066894531,208800,0.0,0.0
1994-03-10 00:00:00-05:00,7.178461651007335,7.331194877624512,7.178461651007335,7.331194877624512,634800,0.0,0.0
1994-03-11 00:00:00-05:00,7.229371901272105,7.483927249908447,7.229371901272105,7.483927249908447,332400,0.0,0.0
1994-03-14 00:00:00-05:00,7.483926657083872,7.636659854167216,7.331193460000527,7.53483772277832,150000,0.0,0.0
1994-03-15 00:00:00-05:00,7.483922351490368,7.636655460704457,7.483922351490368,7.560288906097412,416800,0.0,0.0
1994-03-16 00:00:00-05:00,7.483928175162006,7.713028017258802,7.483928175162006,7.687572479248047,370800,0.0,0.0
1994-03-17 00:00:00-05:00,7.534837964375814,7.789393301010132,7.534837964375814,7.636660099029541,341600,0.0,0.0
1994-03-18 00:00:00-05:00,7.636658818114038,7.789391994476318,7.636658818114038,7.789391994476318,44800,0.0,0.0
1994-03-21 00:00:00-05:00,7.636652640926028,7.891207728956895,7.636652640926028,7.865752220153809,147200,0.0,0.0
1994-03-22 00:00:00-05:00,7.891216278076173,7.891216278076173,7.738483059790827,7.891216278076172,30400,0.0,0.0
1994-03-23 00:00:00-05:00,7.891217627023396,7.891217627023396,7.738484382629395,7.7384843826293945,157600,0.0,0.0
1994-03-24 00:00:00-05:00,7.662115632692974,7.789393301010132,7.636660099029542,7.636660099029541,73200,0.0,0.0
1994-03-25 00:00:00-05:00,7.636662219700061,7.789395464094062,7.585751138235394,7.7384843826293945,198400,0.0,0.0
1994-03-28 00:00:00-05:00,7.636658244308421,7.738480354232533,7.585747189346365,7.611202716827393,148400,0.0,0.0
1994-03-29 00:00:00-05:00,7.58574701698733,7.636658070792614,7.229369640350342,7.229369640350342,315600,0.0,0.0
1994-03-30 00:00:00-05:00,7.229372726546393,7.331194877624512,6.974817348851098,7.331194877624512,335200,0.0,0.0
1994-03-31 00:00:00-05:00,7.229372882156921,7.382106112061645,7.076639652252197,7.076639652252197,364800,0.0,0.0
1994-04-04 00:00:00-04:00,7.025724912944593,7.025724912944593,6.618436512194181,6.771169662475586,246800,0.0,0.0
1994-04-05 00:00:00-04:00,6.822079127175468,7.305733990669251,6.720257050650461,7.127545356750488,305200,0.0,0.0
1994-04-06 00:00:00-04:00,7.1275470850817575,7.534835489943572,7.1275470850817575,7.458468914031982,281600,0.0,0.0
1994-04-07 00:00:00-04:00,7.483926657083872,7.585748788472769,7.483926657083872,7.53483772277832,590000,0.0,0.0
1994-04-08 00:00:00-04:00,7.5857493893629835,7.636660459090252,7.483927249908447,7.483927249908447,618400,0.0,0.0
1994-04-11 00:00:00-04:00,7.483927249908447,7.636660459090252,7.483927249908447,7.483927249908447,527200,0.0,0.0
1994-04-12 00:00:00-04:00,7.636660459090252,7.636660459090252,7.483927249908447,7.483927249908447,574000,0.0,0.0
1994-04-13 00:00:00-04:00,7.483924023648527,7.534835071428448,7.025724593629229,7.178457736968994,248800,0.0,0.0
1994-04-14 00:00:00-04:00,7.127548310814833,7.331192548266686,7.127548310814833,7.305737018585205,267600,0.0,0.0
1994-04-15 00:00:00-04:00,7.331194877624512,7.483928104241689,7.178461651007335,7.331194877624512,416000,0.0,0.0
1994-04-18 00:00:00-04:00,7.585746105403116,7.585746105403116,7.433012962341309,7.433012962341309,258000,0.0,0.0
1994-04-19 00:00:00-04:00,7.585746105403116,7.585746105403116,7.33119086696677,7.433012962341309,110000,0.0,0.0
1994-04-20 00:00:00-04:00,7.382103179718231,7.433014236130081,7.178458954070831,7.280281066894531,42800,0.0,0.0
1994-04-21 00:00:00-04:00,7.229372726546393,7.483928104241689,7.229372726546393,7.331194877624512,155200,0.0,0.0
1994-04-22 00:00:00-04:00,7.483926897048951,7.789393301010132,7.33119369506836,7.636660099029541,339600,0.0,0.0
1994-04-25 00:00:00-04:00,7.789394631291067,7.789394631291067,7.585750327205027,7.687572479248047,238000,0.0,0.0
1994-04-26 00:00:00-04:00,7.585743427276611,7.738476516416409,7.585743427276611,7.585743427276611,170400,0.0,0.0
1994-04-28 00:00:00-04:00,7.738482233683269,7.789393301010132,7.636660099029542,7.636660099029541,162400,0.0,0.0
1994-04-29 00:00:00-04:00,7.738474676138375,7.9930297641692425,7.585741623319854,7.865752220153809,164400,0.0,0.0
1994-05-02 00:00:00-04:00,7.840304499087126,8.34941518084603,7.840304499087126,8.19668197631836,427600,0.0,0.0
1994-05-03 00:00:00-04:00,8.19668323946315,8.19668323946315,7.483928175162006,7.687572479248047,994000,0.0,0.0
1994-05-04 00:00:00-04:00,7.585748788472769,7.687570919861664,7.3821045256949755,7.53483772277832,228400,0.0,0.0
1994-05-05 00:00:00-04:00,7.38210177839848,7.534834918641208,7.178457591408177,7.254824161529541,569600,0.0,0.0
1994-05-06 00:00:00-04:00,7.1275467538305755,7.178457802072223,6.669347319655753,6.898447036743164,690800,0.0,0.0
1994-05-09 00:00:00-04:00,6.771169662475586,6.92390281275699,6.771169662475586,6.771169662475586,405600,0.0,0.0
1994-05-10 00:00:00-04:00,6.771169662475586,6.92390281275699,6.771169662475586,6.771169662475586,311600,0.0,0.0
1994-05-11 00:00:00-04:00,6.7711693821972565,6.923902526156593,6.567525190251474,6.669347286224365,162800,0.0,0.0
1994-05-12 00:00:00-04:00,6.567526545361421,6.720259720834942,6.567526545361421,6.6948041915893555,545200,0.0,0.0
1994-05-13 00:00:00-04:00,6.56752546210038,6.771169662475586,6.56752546210038,6.771169662475586,112800,0.0,0.0
1994-05-16 00:00:00-04:00,6.567526817321777,6.771171059719352,6.567526817321777,6.567526817321777,1336400,0.0,0.0
1994-05-17 00:00:00-04:00,6.56752885133028,6.56752885133028,6.109329164028168,6.516617774963379,503600,0.0,0.0
1994-05-18 00:00:00-04:00,6.618437603852595,6.720259720834942,6.567526545361421,6.6948041915893555,425600,0.0,0.0
1994-05-19 00:00:00-04:00,6.7202582359313965,6.7202582359313965,6.618436141447587,6.7202582359313965,258000,0.0,0.0
1994-05-20 00:00:00-04:00,6.720258334210811,6.720258334210811,6.516614142265029,6.669347286224365,842400,0.0,0.0
1994-05-23 00:00:00-04:00,6.669350329513255,6.669350329513255,6.567528187077938,6.592983722686768,649600,0.0,0.0
1994-05-24 00:00:00-04:00,6.567526817321777,6.669348938520565,6.567526817321777,6.567526817321777,502000,0.0,0.0
1994-05-25 00:00:00-04:00,6.669348938520565,6.669348938520565,6.567526817321777,6.567526817321777,27600,0.0,0.0
1994-05-26 00:00:00-04:00,6.669348427128745,6.669348427128745,6.580254077911377,6.580254077911377,552400,0.0,0.0
1994-05-27 00:00:00-04:00,6.669347286224365,6.669347286224365,6.567525190251474,6.669347286224365,47600,0.0,0.0
1994-05-31 00:00:00-04:00,6.720259999119959,6.720259999119959,6.567526817321777,6.567526817321777,31200,0.0,0.0
1994-06-01 00:00:00-04:00,6.72025973402609,6.72025973402609,6.363882323888343,6.465704441070557,234400,0.0,0.0
1994-06-02 00:00:00-04:00,6.363883972167969,6.465706115722656,6.3129729003906245,6.363883972167969,22000,0.0,0.0
1994-06-03 00:00:00-04:00,6.363883735687752,6.465705875458756,6.109328386260242,6.262061595916748,188000,0.0,0.0
1994-06-06 00:00:00-04:00,6.160236555233337,6.211147601144356,5.600215050212124,5.803859233856201,885600,0.0,0.0
1994-06-07 00:00:00-04:00,5.600216070078485,5.75294923562608,5.243838683800763,5.5238494873046875,1276000,0.0,0.0
1994-06-08 00:00:00-04:00,5.44748462415209,5.549306766659606,5.091107125375785,5.192929267883301,530800,0.0,0.0
1994-06-09 00:00:00-04:00,5.192927524021694,5.549304903121222,5.192927524021694,5.34566068649292,849200,0.0,0.0
1994-06-10 00:00:00-04:00,5.396570875094487,5.447481921085944,5.294748783111572,5.294748783111572,423200,0.0,0.0
1994-06-13 00:00:00-04:00,5.297194930742371,5.399064064025879,5.297194930742371,5.399064064025879,178000,0.003,0.0
1994-06-14 00:00:00-04:00,5.449998401460194,5.449998401460194,5.29719470796131,5.3481292724609375,599200,0.0,0.0
1994-06-15 00:00:00-04:00,5.449998630667633,5.449998630667633,5.348129497384125,5.399064064025879,169200,0.0,0.0
1994-06-16 00:00:00-04:00,5.348128624584364,5.348128624584364,4.68597936630249,4.68597936630249,591200,0.0,0.0
1994-06-17 00:00:00-04:00,4.838783850615052,4.889718417463631,4.431307315826416,4.431307315826416,1366800,0.0,0.0
1994-06-20 00:00:00-04:00,4.533176478217629,4.533176478217629,4.176634508020737,4.329438209533691,326400,0.0,0.0
1994-06-21 00:00:00-04:00,4.125697862811205,4.278501487359768,4.074763321295017,4.176632404327393,161200,0.0,0.0
1994-06-22 00:00:00-04:00,4.329438209533691,4.533176478217629,4.176634508020737,4.329438209533691,671200,0.0,0.0
1994-06-23 00:00:00-04:00,4.482240676879883,4.533175230026245,4.380371570587158,4.482240676879883,318400,0.0,0.0
1994-06-24 00:00:00-04:00,4.48224113298499,4.88971759961999,4.380372016326241,4.68597936630249,1468000,0.0,0.0
1994-06-27 00:00:00-04:00,4.736915010394472,5.144391570428405,4.635045870385989,5.042522430419922,1101200,0.0,0.0
1994-06-28 00:00:00-04:00,5.144390359216807,5.449997707289092,4.940652127168616,4.991586685180664,1018000,0.0,0.0
1994-06-29 00:00:00-04:00,5.04252064287962,5.144389746776178,4.991586090931341,5.06798791885376,226000,0.0,0.0
1994-06-30 00:00:00-04:00,5.144392228594014,5.399065111197677,4.991588499031815,5.195326805114746,418400,0.0,0.0
1994-07-01 00:00:00-04:00,5.348128756961307,5.755605233682169,5.246259637781092,5.653736114501953,522000,0.0,0.0
1994-07-05 00:00:00-04:00,5.704671803087291,5.704671803087291,4.99158782770138,5.1443915367126465,1271200,0.0,0.0
1994-07-06 00:00:00-04:00,5.195327680135511,5.195327680135511,4.940654754638672,4.940654754638672,417200,0.0,0.0
1994-07-07 00:00:00-04:00,4.889717220642406,5.042520883787481,4.889717220642406,4.915184497833252,520400,0.0,0.0
1994-07-08 00:00:00-04:00,4.99158786041568,5.042522430419922,4.838784150402955,5.042522430419922,810800,0.0,0.0
1994-07-11 00:00:00-04:00,5.042522430419922,5.042522430419922,4.940653290411438,5.042522430419922,58000,0.0,0.0
1994-07-12 00:00:00-04:00,4.940654754638672,5.0934585099367755,4.838785584439937,4.940654754638672,246800,0.0,0.0
1994-07-13 00:00:00-04:00,4.940652127168616,4.991586685180664,4.838783011144521,4.991586685180664,256400,0.0,0.0
1994-07-14 00:00:00-04:00,4.991589405662135,4.991589405662135,4.838785648345947,4.838785648345947,420800,0.0,0.0
1994-07-15 00:00:00-04:00,4.940654224819608,4.940654224819608,4.7878504859076605,4.813317775726318,140400,0.0,0.0
1994-07-18 00:00:00-04:00,4.940652639307874,4.940652639307874,4.787848949432373,4.787848949432373,399200,0.0,0.0
1994-07-19 00:00:00-04:00,4.940651775024097,4.940651775024097,4.787848111879022,4.915184497833252,91200,0.0,0.0
1994-07-20 00:00:00-04:00,4.787850999340569,4.940654754638672,4.787850999340569,4.940654754638672,181200,0.0,0.0
1994-07-21 00:00:00-04:00,4.940653290411438,5.042522430419922,4.889718720407197,5.042522430419922,824800,0.0,0.0
1994-07-22 00:00:00-04:00,5.042522649765014,5.195326366424561,4.991588077545166,5.093457221984863,744000,0.0,0.0
1994-07-25 00:00:00-04:00,5.144392228594014,5.246261381635479,5.067990363812914,5.195326805114746,445200,0.0,0.0
1994-07-26 00:00:00-04:00,5.246261381635479,5.246261381635479,5.144392228594014,5.195326805114746,497200,0.0,0.0
1994-07-27 00:00:00-04:00,5.2462615966796875,5.2462615966796875,5.144392439462607,5.2462615966796875,898800,0.0,0.0
1994-07-28 00:00:00-04:00,5.195327018071147,5.2462615966796875,5.144392439462607,5.2462615966796875,334800,0.0,0.0
1994-07-29 00:00:00-04:00,5.2462625972560195,5.500935538870389,5.144393420610271,5.437267303466797,412000,0.0,0.0
1994-08-01 00:00:00-04:00,5.5009324617474995,5.5009324617474995,5.348128782254514,5.449997901916504,73200,0.0,0.0
1994-08-02 00:00:00-04:00,5.449997901916504,5.602801581409491,5.348128782254514,5.449997901916504,186800,0.0,0.0
1994-08-03 00:00:00-04:00,5.551866412712132,5.551866412712132,5.449997304222001,5.5263991355896,105600,0.0,0.0
1994-08-04 00:00:00-04:00,5.551867763951139,5.653736897234647,5.2462603641006185,5.399064064025879,497600,0.0,0.0
1994-08-05 00:00:00-04:00,5.44999991111385,5.44999991111385,5.2462615966796875,5.2462615966796875,101600,0.0,0.0
1994-08-08 00:00:00-04:00,5.297196175288228,5.348130753896769,5.093457860854065,5.2462615966796875,496800,0.0,0.0
1994-08-09 00:00:00-04:00,5.348130534676945,5.348130534676945,5.195326805114746,5.195326805114746,272800,0.0,0.0
1994-08-10 00:00:00-04:00,5.348130083084106,5.348130083084106,5.093457221984863,5.093457221984863,756400,0.0,0.0
1994-08-11 00:00:00-04:00,4.99158786041568,5.144391570428405,4.736915010394472,5.042522430419922,877200,0.0,0.0
1994-08-12 00:00:00-04:00,5.195326805114746,5.399065111197677,5.195326805114746,5.195326805114746,205200,0.0,0.0
1994-08-15 00:00:00-04:00,5.195324532996674,5.551866412712132,5.195324532996674,5.5263991355896,225200,0.0,0.0
1994-08-16 00:00:00-04:00,5.399063987391336,5.704671382904053,5.399063987391336,5.704671382904053,388800,0.0,0.0
1994-08-17 00:00:00-04:00,5.755607292569916,6.010280181621683,5.602803559138857,5.908411026000977,386000,0.0,0.0
1994-08-18 00:00:00-04:00,5.80654187038027,6.112149337242389,5.80654187038027,5.908411026000977,327600,0.0,0.0
1994-08-19 00:00:00-04:00,5.908410292405349,6.061214006864108,5.908410292405349,5.959344863891602,126000,0.0,0.0
1994-08-22 00:00:00-04:00,5.959344609309051,6.112148317240052,5.959344609309051,6.010279178619385,320000,0.0,0.0
1994-08-23 00:00:00-04:00,6.112150945583312,6.2140201280097,6.061216354370117,6.061216354370117,153600,0.0,0.0
1994-08-24 00:00:00-04:00,6.061214006864108,6.214017721322867,5.7556065779465895,5.959344863891602,226400,0.0,0.0
1994-08-25 00:00:00-04:00,5.908410039998717,6.010279178619385,5.908410039998717,6.010279178619385,256000,0.0,0.0
1994-08-26 00:00:00-04:00,6.010280181621683,6.010280181621683,5.908411026000977,5.908411026000977,157200,0.0,0.0
1994-08-29 00:00:00-04:00,6.010279178619385,6.010279178619385,5.908410039998717,6.010279178619385,22800,0.0,0.0
1994-08-30 00:00:00-04:00,6.010279435377855,6.010279435377855,5.908410292405349,5.959344863891602,29600,0.0,0.0
1994-08-31 00:00:00-04:00,5.908408912452492,6.010278031632708,5.653736114501953,5.653736114501953,280000,0.0,0.0
1994-09-01 00:00:00-04:00,5.551867574854282,5.704671269575043,5.551867574854282,5.679203987121582,30800,0.0,0.0
1994-09-02 00:00:00-04:00,5.653737805106423,5.806541529568759,5.6028032302856445,5.6028032302856445,150800,0.0,0.0
1994-09-06 00:00:00-04:00,5.704670701071481,5.704670701071481,5.399063342085509,5.449997901916504,254000,0.0,0.0
1994-09-07 00:00:00-04:00,5.551867021578495,5.551867021578495,5.348128782254514,5.449997901916504,256400,0.0,0.0
1994-09-08 00:00:00-04:00,5.449999505823309,5.653737805106423,5.39906493100253,5.6028032302856445,473600,0.0,0.0
1994-09-09 00:00:00-04:00,5.297194930742371,5.5009331973093865,5.195325797458865,5.399064064025879,558800,0.0,0.0
1994-09-12 00:00:00-04:00,5.449998630667633,5.449998630667633,5.348129497384125,5.399064064025879,33600,0.0,0.0
1994-09-13 00:00:00-04:00,5.348126472683128,5.653733699693592,5.348126472683128,5.5518646240234375,285600,0.0,0.0
1994-09-14 00:00:00-04:00,5.6028008460998535,5.6028008460998535,5.500931739807129,5.500931739807129,133600,0.0,0.0
1994-09-15 00:00:00-04:00,5.6028032302856445,5.6028032302856445,5.500934080644088,5.6028032302856445,485200,0.0,0.0
1994-09-16 00:00:00-04:00,5.602801581409491,5.602801581409491,5.449997901916504,5.449997901916504,44400,0.0,0.0
1994-09-19 00:00:00-04:00,5.449999149029072,5.551868292001578,5.2971954345703125,5.2971954345703125,110800,0.0,0.0
1994-09-20 00:00:00-04:00,5.2971954345703125,5.399064577542819,5.144391720111554,5.2971954345703125,305600,0.0,0.0
1994-09-21 00:00:00-04:00,5.29719470796131,5.399063836960566,5.246260143461682,5.3481292724609375,220400,0.0,0.0
1994-09-22 00:00:00-04:00,5.373596780705002,5.5009331973093865,5.297194930742371,5.399064064025879,942400,0.0,0.0
1994-09-23 00:00:00-04:00,5.44999968771841,5.551868840759876,5.195326805114746,5.195326805114746,470400,0.0,0.0
1994-09-26 00:00:00-04:00,5.297197032349271,5.297197032349271,4.78785116385415,4.864253044128418,445600,0.0,0.0
1994-09-27 00:00:00-04:00,5.144390359216807,5.246259475240902,4.838783011144521,4.991586685180664,732000,0.0,0.0
1994-09-28 00:00:00-04:00,4.991588804456923,4.991588804456923,4.736915906270346,4.813317775726318,281200,0.0,0.0
1994-09-29 00:00:00-04:00,4.813315272331238,4.813315272331238,4.380371570587158,4.482240676879883,963600,0.0,0.0
1994-09-30 00:00:00-04:00,4.3803742852009515,4.533178039335869,4.3803742852009515,4.520444393157959,528000,0.0,0.0
1994-10-03 00:00:00-04:00,4.584110024270047,4.584110024270047,4.405839078881767,4.533175468444824,406000,0.0,0.0
1994-10-04 00:00:00-04:00,4.533173911315573,4.584108449644962,4.431304834656796,4.507706642150879,1429600,0.0,0.0
1994-10-05 00:00:00-04:00,4.482240912619601,4.533175468444824,4.431306356794379,4.533175468444824,1543600,0.0,0.0
1994-10-06 00:00:00-04:00,4.584110024270047,4.584110024270047,4.431306356794379,4.533175468444824,556000,0.0,0.0
1994-10-07 00:00:00-04:00,4.431306953430176,4.533176078796387,4.431306953430176,4.4567742347717285,190000,0.0,0.0
1994-10-10 00:00:00-04:00,4.533175468444824,4.533175468444824,4.431306356794379,4.533175468444824,452400,0.0,0.0
1994-10-11 00:00:00-04:00,4.533175230026245,4.584109783172607,4.4313061237335205,4.482240676879883,2389200,0.0,0.0
1994-10-12 00:00:00-04:00,4.4313061237335205,4.533175230026245,4.4313061237335205,4.482240676879883,1478400,0.0,0.0
1994-10-13 00:00:00-04:00,4.635045184769444,4.635045184769444,4.533176059829456,4.558643341064453,947200,0.0,0.0
1994-10-14 00:00:00-04:00,4.584112167358398,4.584112167358398,4.533177587721084,4.584112167358398,120800,0.0,0.0
1994-10-17 00:00:00-04:00,4.533177587721084,4.584112167358398,4.533177587721084,4.584112167358398,246000,0.0,0.0
1994-10-18 00:00:00-04:00,4.533175230026245,4.584109783172607,4.482240676879883,4.482240676879883,422000,0.0,0.0
1994-10-19 00:00:00-04:00,4.584108449644962,4.584108449644962,4.431304834656796,4.507706642150879,478400,0.0,0.0
1994-10-20 00:00:00-04:00,4.5841105710895915,4.5841105710895915,4.431306885386605,4.501342296600342,215200,0.0,0.0
1994-10-21 00:00:00-04:00,4.584112167358398,4.635046746995714,4.507710297902426,4.584112167358398,509600,0.0,0.0
1994-10-24 00:00:00-04:00,4.5586454539009225,4.609580039978027,4.53317816086237,4.609580039978027,199200,0.0,0.0
1994-10-25 00:00:00-04:00,4.584110899467689,4.584110899467689,4.329438071719484,4.405839920043945,692400,0.0,0.0
1994-10-26 00:00:00-04:00,4.533176710439283,4.533176710439283,4.2785038615382,4.380373001098633,1650800,0.0,0.0
1994-10-27 00:00:00-04:00,4.380372637269125,4.405839920043945,4.354905354494305,4.405839920043945,384800,0.0,0.0
1994-10-28 00:00:00-04:00,4.354905493119183,4.405840060290168,4.329438209533691,4.329438209533691,469600,0.0,0.0
1994-10-31 00:00:00-05:00,4.329436028875956,4.380370570392143,4.176632404327393,4.176632404327393,468400,0.0,0.0
1994-11-01 00:00:00-05:00,4.151168463307043,4.151168463307043,3.8328273234828827,3.94743013381958,1372800,0.0,0.0
1994-11-02 00:00:00-05:00,3.9983641924084843,3.9983641924084843,3.7691586017608643,3.7691586017608643,333600,0.0,0.0
1994-11-03 00:00:00-05:00,3.769159095518051,3.94743013381958,3.769159095518051,3.94743013381958,599200,0.0,0.0
1994-11-04 00:00:00-05:00,3.9728954876858764,4.176633717823614,3.9219609301514424,4.1511664390563965,1054000,0.0,0.0
1994-11-07 00:00:00-05:00,4.176635313034057,4.176635313034057,4.074766159057617,4.074766159057617,270400,0.0,0.0
1994-11-08 00:00:00-05:00,4.151166801099424,4.151166801099424,4.023830396157724,4.125699520111084,241200,0.0,0.0
1994-11-09 00:00:00-05:00,4.227568275358048,4.227568275358048,4.125699160289179,4.1511664390563965,342400,0.0,0.0
1994-11-10 00:00:00-05:00,4.125699520111084,4.227568644064444,4.074764958134404,4.125699520111084,262000,0.0,0.0
1994-11-11 00:00:00-05:00,4.074766159057617,4.125700736045838,4.049298870563507,4.074766159057617,93600,0.0,0.0
1994-11-14 00:00:00-05:00,4.125700736045838,4.151168024539948,4.074766159057617,4.074766159057617,274800,0.0,0.0
1994-11-15 00:00:00-05:00,4.074766159057617,4.151168024539948,4.0238315820693975,4.074766159057617,267600,0.0,0.0
1994-11-16 00:00:00-05:00,4.02383217686101,4.100234053636852,3.871028423309326,3.871028423309326,272000,0.0,0.0
1994-11-17 00:00:00-05:00,3.8710251878571995,3.9474270007754333,3.7691561039662203,3.794623374938965,385600,0.0,0.0
1994-11-18 00:00:00-05:00,3.667287686975991,3.667287686975991,3.0560730724799927,3.132474899291992,3244400,0.0,0.0
1994-11-21 00:00:00-05:00,3.1834105818958607,3.1834105818958607,3.0051395893096924,3.0051395893096924,1002400,0.0,0.0
1994-11-22 00:00:00-05:00,3.056074591243968,3.056074591243968,2.597663402557373,2.597663402557373,2328000,0.0,0.0
1994-11-23 00:00:00-05:00,2.5976631457989035,3.0051397176889276,2.54672857431265,2.979672431945801,4184400,0.0,0.0
1994-11-25 00:00:00-05:00,3.030607003432054,3.030607003432054,2.9032705747164216,2.979672431945801,536000,0.0,0.0
1994-11-28 00:00:00-05:00,2.979671359062195,2.979671359062195,2.852334976196289,2.9032695293426514,819200,0.0,0.0
1994-11-29 00:00:00-05:00,2.9032702573708127,2.9032702573708127,2.8523356914520264,2.8523356914520264,6071600,0.0,0.0
1994-11-30 00:00:00-05:00,2.9032695293426514,2.9032695293426514,2.852334976196289,2.9032695293426514,302800,0.0,0.0
1994-12-01 00:00:00-05:00,2.9032702573708127,2.9032702573708127,2.8523356914520264,2.8523356914520264,3698400,0.0,0.0
1994-12-02 00:00:00-05:00,2.8523356914520264,2.9032702573708127,2.826868408492633,2.8523356914520264,436800,0.0,0.0
1994-12-05 00:00:00-05:00,2.9287368059158325,2.9542040824890137,2.87780225276947,2.9032695293426514,580400,0.0,0.0
1994-12-06 00:00:00-05:00,2.92873899475867,3.056075472791656,2.903271699152073,3.0306081771850586,839200,0.0,0.0
1994-12-07 00:00:00-05:00,3.08154101311406,3.107008294214176,3.0051391698137113,3.0178728103637695,1102000,0.0,0.0
1994-12-08 00:00:00-05:00,3.0815404653549194,3.0815404653549194,2.9032695293426514,2.9032695293426514,2310000,0.0,0.0
1994-12-09 00:00:00-05:00,2.9796717229096785,2.9796717229096785,2.877802604177724,2.928737163543701,824400,0.0,0.0
1994-12-12 00:00:00-05:00,2.903269896636138,2.9287371764311922,2.8268680572509766,2.8268680572509766,122400,0.0,0.0
1994-12-13 00:00:00-05:00,2.826867699623108,2.9032695293426514,2.826867699623108,2.9032695293426514,66800,0.0,0.0
1994-12-14 00:00:00-05:00,2.9032703287461223,2.9032703287461223,2.6740647764766914,2.8141348361968994,1422800,0.0,0.0
1994-12-15 00:00:00-05:00,2.8268680572509766,2.8268680572509766,2.775933497660869,2.8268680572509766,84800,0.0,0.0
1994-12-16 00:00:00-05:00,2.826867699623108,2.826867699623108,2.7504658699035645,2.7504658699035645,180800,0.0,0.0
1994-12-19 00:00:00-05:00,2.826866849846796,2.826866849846796,2.674063236341564,2.7759323120117188,1266000,0.0,0.0
1994-12-20 00:00:00-05:00,2.6995305052591023,2.7759323120117188,2.6995305052591023,2.7759323120117188,491200,0.0,0.0
1994-12-21 00:00:00-05:00,2.75046504309418,2.7759323120117188,2.6231286985064863,2.7759323120117188,663600,0.0,0.0
1994-12-22 00:00:00-05:00,2.724999574514536,2.775934146000789,2.6485977172851562,2.6485977172851562,823600,0.0,0.0
1994-12-23 00:00:00-05:00,2.6654316451814437,2.754704475402832,2.6526783837212458,2.754704475402832,650000,0.005,0.0
1994-12-27 00:00:00-05:00,2.7036918112375203,2.754704864279738,2.6271722316741943,2.6271722316741943,1472800,0.0,0.0
1994-12-28 00:00:00-05:00,2.6271718886433817,2.652678411834094,2.4741327494991068,2.4996392726898193,811200,0.0,0.0
1994-12-29 00:00:00-05:00,2.499639346049382,2.6526784896850586,2.346600202413706,2.6526784896850586,1581200,0.0,0.0
1994-12-30 00:00:00-05:00,2.652678356170654,2.652678356170654,2.474132697582245,2.550652265548706,1218000,0.0,0.0
1995-01-03 00:00:00-05:00,2.5506522065849713,2.5506522065849713,2.3466000300581737,2.3721065521240234,655200,0.0,0.0
1995-01-04 00:00:00-05:00,2.4231206453763523,2.4231206453763523,2.2700814467210035,2.321094512939453,1004400,0.0,0.0
1995-01-05 00:00:00-05:00,2.44862699508667,2.5251465886831284,2.4231204638878503,2.44862699508667,1210000,0.0,0.0
1995-01-06 00:00:00-05:00,2.4996400574843087,2.4996400574843087,2.44862699508667,2.44862699508667,285200,0.0,0.0
1995-01-09 00:00:00-05:00,2.499639071331123,2.499639071331123,2.448626029059059,2.461379289627075,548000,0.0,0.0
1995-01-10 00:00:00-05:00,2.525145795880532,2.525145795880532,2.4741327494991068,2.4996392726898193,411600,0.0,0.0
1995-01-11 00:00:00-05:00,2.525145742893219,2.550652265548706,2.474132697582245,2.550652265548706,883600,0.0,0.0
1995-01-12 00:00:00-05:00,2.550652915356206,2.60166597366333,2.4996398570490816,2.60166597366333,789200,0.0,0.0
1995-01-13 00:00:00-05:00,2.6016647202628,2.6781842708587646,2.5506516865321567,2.6781842708587646,698800,0.0,0.0
1995-01-16 00:00:00-05:00,2.678185056995701,2.856730727462081,2.6526785326433613,2.831224203109741,1003200,0.0,0.0
1995-01-17 00:00:00-05:00,2.805717678757401,2.8822372518144213,2.780211154405061,2.831224203109741,1393600,0.0,0.0
1995-01-18 00:00:00-05:00,2.882236957550049,2.9077434792982793,2.8567304358018184,2.882236957550049,947200,0.0,0.0
1995-01-19 00:00:00-05:00,2.9077445761910803,2.9587576389312744,2.8694847791359344,2.9587576389312744,606800,0.0,0.0
1995-01-20 00:00:00-05:00,2.9842641353607178,3.009770666432177,2.9332510732177997,2.9842641353607178,398800,0.0,0.0
1995-01-23 00:00:00-05:00,2.9842641703013717,2.9842641703013717,2.9332511075611776,2.9587576389312744,272000,0.0,0.0
1995-01-24 00:00:00-05:00,3.009769758970841,3.0862893291141678,2.9332501888275146,2.9332501888275146,750400,0.0,0.0
1995-01-25 00:00:00-05:00,2.9587563514709476,2.9587563514709476,2.7802107095718385,2.8057172298431396,431600,0.0,0.0
1995-01-26 00:00:00-05:00,2.8184700307496096,2.8312232888073003,2.780210256576538,2.780210256576538,469200,0.0,0.0
1995-01-27 00:00:00-05:00,2.754704475402832,2.805717521243625,2.754704475402832,2.754704475402832,164400,0.0,0.0
1995-01-30 00:00:00-05:00,2.754704475402832,2.831224044164022,2.754704475402832,2.754704475402832,276400,0.0,0.0
1995-01-31 00:00:00-05:00,2.8312235769824445,2.8312235769824445,2.6526779460015697,2.7291975021362305,687200,0.0,0.0
1995-02-01 00:00:00-05:00,2.6526790319704543,2.6526790319704543,2.525146386202644,2.60166597366333,1136000,0.0,0.0
1995-02-02 00:00:00-05:00,2.6271718067697956,2.6271718067697956,2.5761587619781494,2.5761587619781494,927600,0.0,0.0
1995-02-03 00:00:00-05:00,2.576158814960056,2.831224044164022,2.576158814960056,2.754704475402832,1736400,0.0,0.0
1995-02-06 00:00:00-05:00,2.754704475402832,2.805717521243625,2.7291979524824352,2.754704475402832,125600,0.0,0.0
1995-02-07 00:00:00-05:00,2.8057172298431396,2.8057172298431396,2.729197669029236,2.8057172298431396,49600,0.0,0.0
1995-02-08 00:00:00-05:00,2.8567306186841885,2.9842632355897325,2.8567306186841885,2.9332501888275146,790800,0.0,0.0
1995-02-09 00:00:00-05:00,2.9842633918180304,3.0352764412508173,2.933250342385244,3.009769916534424,496800,0.0,0.0
1995-02-10 00:00:00-05:00,3.009769916534424,3.009769916534424,2.958756867101637,3.009769916534424,192800,0.0,0.0
1995-02-13 00:00:00-05:00,3.0607832631757184,3.290342007913897,3.035276735982587,3.162809371948242,856000,0.0,0.0
1995-02-14 00:00:00-05:00,3.213822364807129,3.213822364807129,3.162809311397492,3.213822364807129,630800,0.0,0.0
1995-02-15 00:00:00-05:00,3.2393285791079203,3.2393285791079203,3.0097698609034222,3.0607829093933105,1310000,0.0,0.0
1995-02-16 00:00:00-05:00,3.0607829093933105,3.0607829093933105,2.984263336658478,3.0607829093933105,270800,0.0,0.0
1995-02-17 00:00:00-05:00,3.060783728575095,3.060783728575095,2.9842641353607178,2.9842641353607178,449200,0.0,0.0
1995-02-21 00:00:00-05:00,2.9842652392988445,3.0607848608193278,2.9842652392988445,3.0352783203125,60000,0.0,0.0
1995-02-22 00:00:00-05:00,3.0352772330415663,3.0352772330415663,2.9587576389312744,2.9587576389312744,668400,0.0,0.0
1995-02-23 00:00:00-05:00,3.009770666432177,3.009770666432177,2.9587576042892585,2.9842641353607178,792000,0.0,0.0
1995-02-24 00:00:00-05:00,3.009769916534424,3.009769916534424,2.958756867101637,3.009769916534424,330000,0.0,0.0
1995-02-27 00:00:00-05:00,3.009770701671469,3.009770701671469,2.9587576389312744,2.9587576389312744,158400,0.0,0.0
1995-02-28 00:00:00-05:00,3.009770701671469,3.009770701671469,2.9077445761910803,2.9587576389312744,1630800,0.0,0.0
1995-03-01 00:00:00-05:00,3.009770701671469,3.009770701671469,2.9587576389312744,2.9587576389312744,280400,0.0,0.0
1995-03-02 00:00:00-05:00,2.971510904616323,3.009770701671469,2.9587576389312744,2.9587576389312744,162400,0.0,0.0
1995-03-03 00:00:00-05:00,3.0097693417753493,3.0097693417753493,2.8312237028564726,2.8567302227020264,317600,0.0,0.0
1995-03-06 00:00:00-05:00,2.805717521243625,2.8567305670844183,2.754704475402832,2.754704475402832,221600,0.0,0.0
1995-03-07 00:00:00-05:00,2.754704630052721,2.856730727462081,2.754704630052721,2.831224203109741,504400,0.0,0.0
1995-03-08 00:00:00-05:00,2.8312237501144413,2.8312237501144413,2.7547041893005373,2.8057172298431396,86400,0.0,0.0
1995-03-09 00:00:00-05:00,2.7802116777382646,2.7802116777382646,2.60166597366333,2.60166597366333,530800,0.0,0.0
1995-03-10 00:00:00-05:00,2.6271712371281213,2.6781842708587646,2.6016647202628,2.6781842708587646,349600,0.0,0.0
1995-03-13 00:00:00-05:00,2.6271711598842518,2.780210256576538,2.6271711598842518,2.780210256576538,361200,0.0,0.0
1995-03-14 00:00:00-05:00,2.780211048540862,2.9332501888275146,2.7036914783975354,2.9332501888275146,566800,0.0,0.0
1995-03-15 00:00:00-05:00,2.882238044820983,2.9587576389312744,2.882238044820983,2.9587576389312744,364800,0.0,0.0
1995-03-16 00:00:00-05:00,2.882238044820983,3.009770701671469,2.882238044820983,2.9587576389312744,145200,0.0,0.0
1995-03-17 00:00:00-05:00,3.0352760983295126,3.111795663833618,2.9587565328254075,3.111795663833618,826400,0.0,0.0
1995-03-20 00:00:00-05:00,3.035276826748178,3.137302938571646,3.035276826748178,3.086289882659912,248000,0.0,0.0
1995-03-21 00:00:00-05:00,3.0862914013261555,3.0862914013261555,3.0352783203125,3.0352783203125,183200,0.0,0.0
1995-03-22 00:00:00-05:00,3.009769916534424,3.060782965967211,2.9842633918180304,3.009769916534424,108800,0.0,0.0
1995-03-23 00:00:00-05:00,3.060782965967211,3.060782965967211,2.9842633918180304,3.009769916534424,279200,0.0,0.0
1995-03-24 00:00:00-05:00,2.8567304358018184,2.882236957550049,2.7547043488088963,2.882236957550049,320800,0.0,0.0
1995-03-27 00:00:00-05:00,2.88223645979898,2.907742977142334,2.8567299424556265,2.907742977142334,421600,0.0,0.0
1995-03-28 00:00:00-05:00,2.9332510732177997,2.9842641353607178,2.882238011074881,2.9842641353607178,352400,0.0,0.0
1995-03-29 00:00:00-05:00,2.9077445421463404,2.9842641353607178,2.9077445421463404,2.9842641353607178,187200,0.0,0.0
1995-03-30 00:00:00-05:00,2.984263336658478,3.188315530618032,2.9587568124135335,3.0607829093933105,778800,0.0,0.0
1995-03-31 00:00:00-05:00,3.0097717798056722,3.0607848608193278,3.0097717798056722,3.0352783203125,279200,0.0,0.0
1995-04-03 00:00:00-04:00,3.0607848608193278,3.2393306443671217,2.9842652392988445,3.0352783203125,511600,0.0,0.0
1995-04-04 00:00:00-04:00,3.009770701671469,3.0607837644116636,2.9077445761910803,2.9587576389312744,151600,0.0,0.0
1995-04-05 00:00:00-04:00,2.9077445761910803,3.009770701671469,2.9077445761910803,2.9587576389312744,106000,0.0,0.0
1995-04-06 00:00:00-04:00,2.984263848654831,3.086289963138757,2.984263848654831,3.0225236415863037,173600,0.0,0.0
1995-04-07 00:00:00-04:00,3.060782965967211,3.060782965967211,2.9842633918180304,3.009769916534424,243600,0.0,0.0
1995-04-10 00:00:00-04:00,2.984264017635361,3.111796667961659,2.984264017635361,3.0735368728637695,216000,0.0,0.0
1995-04-11 00:00:00-04:00,3.137302938571646,3.2138225224392474,3.060783354704045,3.086289882659912,672800,0.0,0.0
1995-04-12 00:00:00-04:00,3.162809341430664,3.1883158683776855,3.0862897605895996,3.1883158683776855,199600,0.0,0.0
1995-04-13 00:00:00-04:00,3.1883159944833803,3.1883159944833803,3.086289882659912,3.086289882659912,89200,0.0,0.0
1995-04-17 00:00:00-04:00,3.086289433638255,3.1628090063730876,3.0607829093933105,3.0607829093933105,320800,0.0,0.0
1995-04-18 00:00:00-04:00,3.0607829093933105,3.1117959578831993,3.0607829093933105,3.0607829093933105,247600,0.0,0.0
1995-04-19 00:00:00-04:00,3.0607829093933105,3.1117959578831993,3.0607829093933105,3.0607829093933105,60800,0.0,0.0
1995-04-20 00:00:00-04:00,3.1117960153999977,3.1117960153999977,3.009769916534424,3.009769916534424,193600,0.0,0.0
1995-04-21 00:00:00-04:00,3.060782965967211,3.060782965967211,3.009769916534424,3.009769916534424,78800,0.0,0.0
1995-04-24 00:00:00-04:00,3.009769916534424,3.060782965967211,3.009769916534424,3.009769916534424,42000,0.0,0.0
1995-04-25 00:00:00-04:00,3.009769916534424,3.060782965967211,3.009769916534424,3.009769916534424,43200,0.0,0.0
1995-04-26 00:00:00-04:00,3.009770298792311,3.137302938571646,3.009770298792311,3.086289882659912,437200,0.0,0.0
1995-04-27 00:00:00-04:00,3.150055932998657,3.4178744536179764,3.086289618565486,3.3158483505249023,1269600,0.0,0.0
1995-04-28 00:00:00-04:00,3.2393284582755935,3.647432830971731,3.213821934982085,3.6219263076782227,1358800,0.0,0.0
1995-05-01 00:00:00-04:00,3.5964199514950024,3.6219264759736904,3.4433808046228744,3.4688873291015625,357200,0.0,0.0
1995-05-02 00:00:00-04:00,3.5199012075151717,3.5199012075151717,3.341355494090489,3.3923685550689697,238800,0.0,0.0
1995-05-03 00:00:00-04:00,3.41787508555821,3.41787508555821,3.341355494090489,3.3923685550689697,123600,0.0,0.0
1995-05-04 00:00:00-04:00,3.3413544483482838,3.41787401586771,3.2648348808288574,3.2648348808288574,163600,0.0,0.0
1995-05-05 00:00:00-04:00,3.2903419449215843,3.341354998331221,3.162809311397492,3.213822364807129,184000,0.0,0.0
1995-05-08 00:00:00-04:00,3.162809311397492,3.213822364807129,3.162809311397492,3.213822364807129,60000,0.0,0.0
1995-05-09 00:00:00-04:00,3.1628090063730876,3.2138220548629763,3.0097698609034222,3.0607829093933105,191600,0.0,0.0
1995-05-10 00:00:00-04:00,3.009770701671469,3.0607837644116636,2.9332511075611776,2.9587576389312744,228000,0.0,0.0
1995-05-11 00:00:00-04:00,2.9587576389312744,2.9587576389312744,2.882238044820983,2.9587576389312744,123200,0.0,0.0
1995-05-12 00:00:00-04:00,2.958757125854492,3.4178746109008786,2.9077440719604493,3.1883158683776855,1231200,0.0,0.0
1995-05-15 00:00:00-04:00,3.188315899141373,3.213822426334504,3.162809371948242,3.162809371948242,248800,0.0,0.0
1995-05-16 00:00:00-04:00,3.1628083073815634,3.3413539376369745,3.1628083073815634,3.2903409004211426,228800,0.0,0.0
1995-05-17 00:00:00-04:00,3.3923677703527013,3.3923677703527013,3.162809049050639,3.239328622817993,251200,0.0,0.0
1995-05-18 00:00:00-04:00,3.1883158683776855,3.2393289222717283,3.111796287536621,3.1883158683776855,209200,0.0,0.0
1995-05-19 00:00:00-04:00,3.1628091958852913,3.341354876298171,3.1628091958852913,3.3158483505249023,633600,0.0,0.0
1995-05-22 00:00:00-04:00,3.3158474190290583,3.3158474190290583,3.239327863205311,3.2903409004211426,158000,0.0,0.0
1995-05-23 00:00:00-04:00,3.239327863205311,3.2903409004211426,3.188314825989479,3.2903409004211426,156800,0.0,0.0
1995-05-24 00:00:00-04:00,3.2903409004211426,3.2903409004211426,3.239327863205311,3.2903409004211426,173600,0.0,0.0
1995-05-25 00:00:00-04:00,3.239328622817993,3.290341671996229,3.239328622817993,3.239328622817993,62000,0.0,0.0
1995-05-26 00:00:00-04:00,3.2393297566307915,3.5199016253153483,3.2393297566307915,3.4433820247650146,1511200,0.0,0.0
1995-05-30 00:00:00-04:00,3.264835418216766,3.3541082616836304,3.162809311397492,3.213822364807129,582400,0.0,0.0
1995-05-31 00:00:00-04:00,3.2903412900319915,3.2903412900319915,3.1373021602630615,3.1373021602630615,338800,0.0,0.0
1995-06-01 00:00:00-04:00,3.2138213445973953,3.3158474190290583,3.1628083073815634,3.2903409004211426,874000,0.0,0.0
1995-06-02 00:00:00-04:00,3.2648352989783653,3.341354876298171,3.2648352989783653,3.3158483505249023,840800,0.0,0.0
1995-06-05 00:00:00-04:00,3.264835642344916,3.417874813079834,3.264835642344916,3.417874813079834,349200,0.0,0.0
1995-06-06 00:00:00-04:00,3.417874813079834,3.417874813079834,3.366861756168195,3.417874813079834,277200,0.0,0.0
1995-06-07 00:00:00-04:00,3.3668610747431362,3.647432830971731,3.3668610747431362,3.6219263076782227,1145200,0.0,0.0
1995-06-08 00:00:00-04:00,3.570915215635953,3.876993662690463,3.570915215635953,3.723954439163208,1658400,0.0,0.0
1995-06-09 00:00:00-04:00,3.723951727549235,3.8769908396402997,3.723951727549235,3.8259778022766113,939200,0.0,0.0
1995-06-12 00:00:00-04:00,3.8259788139446362,3.8769918647972315,3.6984461868131486,3.774965763092041,274800,0.0,0.0
1995-06-13 00:00:00-04:00,3.8004719151390924,4.234082804785834,3.7239523463779025,4.132056713104248,1428000,0.0,0.0
1995-06-14 00:00:00-04:00,4.161673003842371,4.3659268936015065,4.00848258652302,4.110609531402588,1463600,0.005,0.0
1995-06-15 00:00:00-04:00,4.059548465217032,4.263802476045562,4.059548465217032,4.187207221984863,873200,0.0,0.0
1995-06-16 00:00:00-04:00,4.187207713271632,4.289334730668501,4.161675958922415,4.21273946762085,231200,0.0,0.0
1995-06-19 00:00:00-04:00,4.314863204956055,4.365926674837191,4.187204530253212,4.314863204956055,651200,0.0,0.0
1995-06-20 00:00:00-04:00,4.3659285350018235,4.3659285350018235,4.212738060089479,4.238269805908203,350800,0.0,0.0
1995-06-21 00:00:00-04:00,4.2382663835797985,4.5701788112095425,4.2382663835797985,4.468051910400391,1422800,0.0,0.0
1995-06-22 00:00:00-04:00,4.4680553441607085,4.621245813103362,4.442523599336933,4.5701823234558105,1184800,0.0,0.0
1995-06-23 00:00:00-04:00,4.519119681983158,4.621246680446054,4.442524433135986,4.442524433135986,493200,0.0,0.0
1995-06-26 00:00:00-04:00,4.493585878259996,4.493585878259996,4.340395450592041,4.340395450592041,326400,0.0,0.0
1995-06-27 00:00:00-04:00,4.34039328438895,4.493583635602678,4.34039328438895,4.468051910400391,499200,0.0,0.0
1995-06-28 00:00:00-04:00,4.416993502414588,4.4680570111130224,4.21273946762085,4.21273946762085,670400,0.0,0.0
1995-06-29 00:00:00-04:00,4.187207713271632,4.2382712219700664,4.136144204573197,4.21273946762085,426000,0.0,0.0
1995-06-30 00:00:00-04:00,4.161673161206324,4.799966590839196,4.161673161206324,4.621244430541992,2116000,0.0,0.0
1995-07-03 00:00:00-04:00,4.5957136154174805,4.69784058464898,4.570181873109606,4.5957136154174805,311600,0.0,0.0
1995-07-05 00:00:00-04:00,4.672310508787632,4.927628022929032,4.595715254545212,4.902096271514893,1065200,0.0,0.0
1995-07-06 00:00:00-04:00,4.876562235905574,5.18294310936561,4.825498756995568,4.978689193725586,1484000,0.0,0.0
1995-07-07 00:00:00-04:00,5.029753014915868,5.029753014915868,4.774435602991205,4.8510308265686035,590800,0.0,0.0
1995-07-10 00:00:00-04:00,4.774436930174469,4.876563923333281,4.748905181884766,4.748905181884766,222000,0.0,0.0
1995-07-11 00:00:00-04:00,4.799967316723374,5.029752986140983,4.723372093584172,4.825499057769775,1322800,0.0,0.0
1995-07-12 00:00:00-04:00,4.82549769716113,4.876561164855957,4.82549769716113,4.876561164855957,189200,0.0,0.0
1995-07-13 00:00:00-04:00,4.825498944359857,4.876562425252554,4.723371982574463,4.723371982574463,187600,0.0,0.0
1995-07-14 00:00:00-04:00,4.774433986485353,4.774433986485353,4.161672405332153,4.365926265716553,1345200,0.0,0.0
1995-07-17 00:00:00-04:00,4.468053195908753,4.493584928456803,4.365926265716553,4.365926265716553,359600,0.0,0.0
1995-07-18 00:00:00-04:00,4.442524735520526,4.442524735520526,4.187207221984863,4.187207221984863,294400,0.0,0.0
1995-07-19 00:00:00-04:00,4.187203784917025,4.187203784917025,3.7021009073961504,3.804227828979492,576800,0.0,0.0
1995-07-20 00:00:00-04:00,3.9318888982137046,4.314865089598157,3.9063571521214078,4.289333343505859,1125200,0.0,0.0
1995-07-21 00:00:00-04:00,4.314865043364375,4.314865043364375,4.187206314270755,4.238269805908203,458400,0.0,0.0
1995-07-24 00:00:00-04:00,4.187206314270755,4.314865043364375,4.136142822633307,4.238269805908203,524000,0.0,0.0
1995-07-25 00:00:00-04:00,4.187207713271632,4.416993502414588,4.161675958922415,4.21273946762085,1174000,0.0,0.0
1995-07-26 00:00:00-04:00,4.263800015478778,4.263800015478778,4.110609595760978,4.161673069000244,732800,0.0,0.0
1995-07-27 00:00:00-04:00,4.110609595760978,4.238268278859144,4.110609595760978,4.161673069000244,398000,0.0,0.0
1995-07-28 00:00:00-04:00,4.238270724691996,4.238270724691996,4.085080216570598,4.187207221984863,442000,0.0,0.0
1995-07-31 00:00:00-04:00,4.187205738491483,4.187205738491483,4.136142253875732,4.136142253875732,49600,0.0,0.0
1995-08-01 00:00:00-04:00,4.1361426341382765,4.1361426341382765,4.034015655517578,4.034015655517578,273200,0.0,0.0
1995-08-02 00:00:00-04:00,4.034014322742912,4.187204740062263,4.034014322742912,4.110609531402588,542800,0.0,0.0
1995-08-03 00:00:00-04:00,4.187204497201102,4.876561335154943,4.110609292984009,4.646775722503662,3260400,0.0,0.0
1995-08-04 00:00:00-04:00,4.646775626147967,5.0808151077112385,4.646775626147967,4.927624702453613,1585200,0.0,0.0
1995-08-07 00:00:00-04:00,4.902093946319265,4.978689164230504,4.851030467711773,4.953157424926758,638400,0.0,0.0
1995-08-08 00:00:00-04:00,4.953156611193782,4.953156611193782,4.697839260101318,4.697839260101318,804800,0.0,0.0
1995-08-09 00:00:00-04:00,4.6978416853053595,4.799968678464172,4.6723099370156564,4.748905181884766,312800,0.0,0.0
1995-08-10 00:00:00-04:00,4.748902730319811,4.851029670756796,4.697839260101318,4.697839260101318,387600,0.0,0.0
1995-08-11 00:00:00-04:00,4.799967635524729,4.799967635524729,4.672308921813965,4.672308921813965,179200,0.0,0.0
1995-08-14 00:00:00-04:00,4.672307524992072,4.799966200538304,4.672307524992072,4.697839260101318,498000,0.0,0.0
1995-08-15 00:00:00-04:00,4.748902730319811,4.748902730319811,4.672307524992072,4.697839260101318,38800,0.0,0.0
1995-08-16 00:00:00-04:00,4.672307524992072,4.748902730319811,4.672307524992072,4.697839260101318,132000,0.0,0.0
1995-08-17 00:00:00-04:00,4.6723085016817665,4.7489037230208115,4.6723085016817665,4.723371982574463,69600,0.0,0.0
1995-08-18 00:00:00-04:00,4.672308921813965,4.748904150040423,4.672308921813965,4.672308921813965,585200,0.0,0.0
1995-08-21 00:00:00-04:00,4.6978400063380015,4.723371745502882,4.468054353854077,4.519117832183838,884400,0.0,0.0
1995-08-22 00:00:00-04:00,4.544651431598882,4.544651431598882,4.442524433135986,4.442524433135986,99600,0.0,0.0
1995-08-23 00:00:00-04:00,4.4425224023706775,4.519117616204655,4.314863712647382,4.340395450592041,566800,0.0,0.0
1995-08-24 00:00:00-04:00,4.340397730106261,4.391461232813393,4.187207221984863,4.187207221984863,397600,0.0,0.0
1995-08-25 00:00:00-04:00,4.212737895922953,4.595714068279586,4.187206151099178,4.5701823234558105,991600,0.0,0.0
1995-08-28 00:00:00-04:00,4.5957136935875065,4.774435892782576,4.544650208103201,4.672308921813965,684800,0.0,0.0
1995-08-29 00:00:00-04:00,4.69784058464898,4.69784058464898,4.5957136154174805,4.5957136154174805,314000,0.0,0.0
1995-08-30 00:00:00-04:00,4.621244430541992,4.672307904912622,4.621244430541992,4.621244430541992,254400,0.0,0.0
1995-08-31 00:00:00-04:00,4.697839642097937,4.697839642097937,4.621244430541992,4.621244430541992,126400,0.0,0.0
1995-09-01 00:00:00-04:00,4.6340102991346495,4.697839642097937,4.621244430541992,4.621244430541992,16000,0.0,0.0
1995-09-05 00:00:00-04:00,4.659542422933677,5.00422090353425,4.621244813978057,4.953157424926758,850800,0.0,0.0
1995-09-06 00:00:00-04:00,4.953156671524048,5.182942290306092,4.953156671524048,5.10634708404541,967600,0.0,0.0
1995-09-07 00:00:00-04:00,5.106348407511809,5.182943633624485,5.004221439361572,5.004221439361572,227600,0.0,0.0
1995-09-08 00:00:00-04:00,5.029752642837996,5.029752642837996,4.876562207015519,4.953157424926758,113200,0.0,0.0
1995-09-11 00:00:00-04:00,4.876562877312018,4.876562877312018,4.519118477927891,4.685074806213379,758800,0.0,0.0
1995-09-12 00:00:00-04:00,4.621245248751207,4.621245248751207,4.289332606575706,4.493586540222168,548400,0.0,0.0
1995-09-13 00:00:00-04:00,4.519117861651303,4.621244818976756,4.442522643657213,4.544649600982666,450800,0.0,0.0
1995-09-14 00:00:00-04:00,4.493584965550622,4.570180163827053,4.391458034515381,4.391458034515381,160000,0.0,0.0
1995-09-15 00:00:00-04:00,4.314866485017719,4.314866485017719,4.161675958922415,4.21273946762085,209200,0.0,0.0
1995-09-18 00:00:00-04:00,4.212737426161766,4.212737426161766,4.0340152323246,4.085078716278076,971200,0.0,0.0
1995-09-19 00:00:00-04:00,4.0340152323246,4.085078716278076,3.9063565224409103,4.085078716278076,986800,0.0,0.0
1995-09-20 00:00:00-04:00,4.085078716278076,4.110610458254814,3.982951748371124,4.085078716278076,979600,0.0,0.0
1995-09-21 00:00:00-04:00,4.059546997497132,4.059546997497132,3.6510391235351562,3.6510391235351562,2056400,0.0,0.0
1995-09-22 00:00:00-04:00,3.6510373768231545,3.7276325665467174,3.5489104571917376,3.5999739170074463,1978000,0.0,0.0
1995-09-25 00:00:00-04:00,3.5489104571917376,3.6255056469153004,3.5233787272838835,3.5999739170074463,104000,0.0,0.0
1995-09-26 00:00:00-04:00,3.6255081130398645,3.778698596689436,3.6255081130398645,3.6765716075897217,674800,0.0,0.0
1995-09-27 00:00:00-04:00,3.702102467633676,3.702102467633676,3.4723167972288267,3.5233802795410156,604400,0.0,0.0
1995-09-28 00:00:00-04:00,3.5489108348714895,3.778696428496262,3.4978473696215397,3.702101230621338,835200,0.0,0.0
1995-09-29 00:00:00-04:00,3.7531649407587553,3.8808236122131348,3.7021014721770036,3.8808236122131348,868800,0.0,0.0
1995-10-02 00:00:00-04:00,3.8042303439643645,3.8808255857891507,3.5999763657649355,3.6765716075897217,881600,0.0,0.0
1995-10-03 00:00:00-04:00,3.676571002109445,3.676571002109445,3.548912286758423,3.548912286758423,212000,0.0,0.0
1995-10-04 00:00:00-04:00,3.6255056469153004,3.6255056469153004,3.5489104571917376,3.5999739170074463,294800,0.0,0.0
1995-10-05 00:00:00-04:00,3.5489109620242054,3.6255061626434326,3.5489109620242054,3.6255061626434326,17200,0.0,0.0
1995-10-06 00:00:00-04:00,3.651039034355688,3.651039034355688,3.3191263948688072,3.344658136367798,705200,0.0,0.0
1995-10-09 00:00:00-04:00,3.268063094264777,3.3701900659605513,3.268063094264777,3.2935948371887207,150800,0.0,0.0
1995-10-10 00:00:00-04:00,3.3446577465723433,3.3446577465723433,3.165935576908172,3.216999053955078,245200,0.0,0.0
1995-10-11 00:00:00-04:00,3.2680629118708255,3.3957216193657795,3.242531170371835,3.344658136367798,454800,0.0,0.0
1995-10-12 00:00:00-04:00,3.4467851023637612,3.4723168438627523,3.344658136367798,3.344658136367798,442400,0.0,0.0
1995-10-13 00:00:00-04:00,3.2935945424507924,3.3701897643682526,3.2425310611724854,3.2425310611724854,355200,0.0,0.0
1995-10-16 00:00:00-04:00,3.293595291674137,3.293595291674137,3.217000052332878,3.268063545227051,214800,0.0,0.0
1995-10-17 00:00:00-04:00,3.1914675798941787,3.268062801811639,3.1914675798941787,3.2425310611724854,166400,0.0,0.0
1995-10-18 00:00:00-04:00,3.268063094264777,3.2935948371887207,3.2169996084168897,3.2935948371887207,870400,0.0,0.0
1995-10-19 00:00:00-04:00,3.293593833025764,3.293593833025764,3.2169986276065603,3.255296230316162,348000,0.0,0.0
1995-10-20 00:00:00-04:00,3.2935936266267807,3.7276330968024025,3.216998426007553,3.6255061626434326,1692800,0.0,0.0
1995-10-23 00:00:00-04:00,3.5872081206148905,4.034013402542012,3.5872081206148905,3.804227828979492,1003200,0.0,0.0
1995-10-24 00:00:00-04:00,3.7531642964545715,3.8297594861781343,3.5489104571917376,3.5999739170074463,1100800,0.0,0.0
1995-10-25 00:00:00-04:00,3.5489109620242054,3.6255061626434326,3.5489109620242054,3.6255061626434326,94800,0.0,0.0
1995-10-26 00:00:00-04:00,3.6255081130398645,3.6765716075897217,3.5489128712150784,3.6765716075897217,76000,0.0,0.0
1995-10-27 00:00:00-04:00,3.6255083902558285,3.676571888710136,3.242532151848523,3.4212543964385986,720800,0.0,0.0
1995-10-30 00:00:00-05:00,3.4723149980817523,3.676568821498326,3.3957198143005374,3.574441909790039,331200,0.0,0.0
1995-10-31 00:00:00-05:00,3.5744449518022745,3.5744449518022745,3.446786203523622,3.497849702835083,125200,0.0,0.0
1995-11-01 00:00:00-05:00,3.395721660470063,3.446785144086154,3.3701899186620174,3.38295578956604,200400,0.0,0.0
1995-11-02 00:00:00-05:00,3.3701883527967667,3.625505652251067,3.3701883527967667,3.4467835426330566,645200,0.0,0.0
1995-11-03 00:00:00-05:00,3.4467835426330566,3.523378732469347,3.3957200827421965,3.4467835426330566,152000,0.0,0.0
1995-11-06 00:00:00-05:00,3.472316928676792,3.6510391235351562,3.3957217023089217,3.6510391235351562,390000,0.0,0.0
1995-11-07 00:00:00-05:00,3.5489104571917376,3.7276325665467174,3.5489104571917376,3.5999739170074463,375200,0.0,0.0
1995-11-08 00:00:00-05:00,3.5999744291036904,3.7276330968024025,3.5489109620242054,3.6255061626434326,134400,0.0,0.0
1995-11-09 00:00:00-05:00,3.7276330968024025,3.829760030961373,3.5489109620242054,3.6255061626434326,513600,0.0,0.0
1995-11-10 00:00:00-05:00,3.5233797395930573,3.625506688566769,3.472316265106201,3.472316265106201,210800,0.0,0.0
1995-11-13 00:00:00-05:00,3.4723178948929063,3.4723178948929063,3.4212543964385986,3.4212543964385986,117200,0.0,0.0
1995-11-14 00:00:00-05:00,3.4467853741212324,3.4467853741212324,3.344658400073196,3.370190143585205,224000,0.0,0.0
1995-11-15 00:00:00-05:00,3.344658400073196,3.421253630609223,3.344658400073196,3.370190143585205,244400,0.0,0.0
1995-11-16 00:00:00-05:00,3.370190143585205,3.370190143585205,3.344658400073196,3.370190143585205,462000,0.0,0.0
1995-11-17 00:00:00-05:00,3.3701900659605513,3.3701900659605513,3.268063094264777,3.2935948371887207,505200,0.0,0.0
1995-11-20 00:00:00-05:00,3.3191260080488902,3.3191260080488902,3.216999053955078,3.216999053955078,379600,0.0,0.0
1995-11-21 00:00:00-05:00,3.268062801811639,3.2935945424507924,3.1914675798941787,3.2425310611724854,204800,0.0,0.0
1995-11-22 00:00:00-05:00,3.2425311437019935,3.44678507401393,3.2425311437019935,3.3191263675689697,495200,0.0,0.0
1995-11-24 00:00:00-05:00,3.34465878456831,3.34465878456831,3.268063545227051,3.268063545227051,4800,0.0,0.0
1995-11-27 00:00:00-05:00,3.268063545227051,3.34465878456831,3.268063545227051,3.268063545227051,26400,0.0,0.0
1995-11-28 00:00:00-05:00,3.268063545227051,3.34465878456831,3.268063545227051,3.268063545227051,65600,0.0,0.0
1995-11-29 00:00:00-05:00,3.268063545227051,3.293595291674137,3.217000052332878,3.268063545227051,254800,0.0,0.0
1995-11-30 00:00:00-05:00,2.782959491556341,2.885086445374922,2.6553007992831144,2.8084912300109863,1405600,0.0,0.0
1995-12-01 00:00:00-05:00,2.859554706920277,2.885086445374922,2.782959491556341,2.8084912300109863,458400,0.0,0.0
1995-12-04 00:00:00-05:00,2.8595542564048424,2.8595542564048424,2.757427318676098,2.8340225219726562,493600,0.0,0.0
1995-12-05 00:00:00-05:00,2.782959491556341,2.859554706920277,2.782959491556341,2.8084912300109863,702800,0.0,0.0
1995-12-06 00:00:00-05:00,2.859554706920277,2.859554706920277,2.782959491556341,2.8084912300109863,94000,0.0,0.0
1995-12-07 00:00:00-05:00,2.8595542564048424,2.8595542564048424,2.757427318676098,2.8340225219726562,328000,0.0,0.0
1995-12-08 00:00:00-05:00,2.8595550060272217,2.8595550060272217,2.808491523776736,2.8595550060272217,209200,0.0,0.0
1995-12-11 00:00:00-05:00,2.808491782804506,2.885087013244629,2.808491782804506,2.885087013244629,288400,0.0,0.0
1995-12-12 00:00:00-05:00,2.885086747152465,2.885086747152465,2.808491523776736,2.8595550060272217,486400,0.0,0.0
1995-12-13 00:00:00-05:00,2.885086445374922,2.885086445374922,2.8084912300109863,2.8084912300109863,152800,0.0,0.0
1995-12-14 00:00:00-05:00,2.808491782804506,2.885087013244629,2.808491782804506,2.885087013244629,125600,0.0,0.0
1995-12-15 00:00:00-05:00,2.885087013244629,2.885087013244629,2.808491782804506,2.885087013244629,82800,0.0,0.0
1995-12-18 00:00:00-05:00,2.808491680600228,2.8595551657020497,2.7829599380493164,2.7829599380493164,220800,0.0,0.0
1995-12-19 00:00:00-05:00,2.8340233686928435,2.8340233686928435,2.73189640045166,2.73189640045166,259600,0.0,0.0
1995-12-20 00:00:00-05:00,2.731895584243912,2.8340225219726562,2.731895584243912,2.8340225219726562,240000,0.0,0.0
1995-12-21 00:00:00-05:00,2.8084915771818997,2.9872137684571114,2.7574280939604106,2.910618543624878,321600,0.0,0.0
1995-12-22 00:00:00-05:00,2.910618650803872,2.9361503933547834,2.6553012252947608,2.7829599380493164,684400,0.0,0.0
1995-12-26 00:00:00-05:00,2.782959491556341,2.8340229684656317,2.706364276192405,2.8084912300109863,288400,0.0,0.0
1995-12-27 00:00:00-05:00,2.735877513885498,2.8125843600692035,2.735877513885498,2.735877513885498,251200,0.005,0.0
1995-12-28 00:00:00-05:00,2.7358764914365916,2.812583308953505,2.633600734747373,2.6591696739196777,270000,0.0,0.0
1995-12-29 00:00:00-05:00,2.6336007118225098,2.684738589721976,2.6336007118225098,2.6336007118225098,535600,0.0,0.0
1996-01-02 00:00:00-05:00,2.68473744392395,2.68473744392395,2.6335995878492082,2.68473744392395,369200,0.0,0.0
1996-01-03 00:00:00-05:00,2.6847386130919824,2.6847386130919824,2.633600734747373,2.6591696739196777,392800,0.0,0.0
1996-01-04 00:00:00-05:00,2.68473744392395,2.68473744392395,2.6335995878492082,2.68473744392395,215600,0.0,0.0
1996-01-05 00:00:00-05:00,2.68473744392395,2.68473744392395,2.6335995878492082,2.68473744392395,179200,0.0,0.0
1996-01-08 00:00:00-05:00,2.633601169960172,2.684739056755515,2.5824632831648286,2.6080322265625,242000,0.0,0.0
1996-01-09 00:00:00-05:00,2.6080322265625,2.6080322265625,2.5313253963694855,2.6080322265625,258000,0.0,0.0
1996-01-10 00:00:00-05:00,2.5568940422751685,2.608031923120672,2.531325101852417,2.531325101852417,312800,0.0,0.0
1996-01-11 00:00:00-05:00,2.6080317955750685,2.6847386130919824,2.5313249780581546,2.6591696739196777,120800,0.0,0.0
1996-01-12 00:00:00-05:00,2.710307528671709,2.735876467621442,2.6336007118225098,2.6336007118225098,312000,0.0,0.0
1996-01-15 00:00:00-05:00,2.710306238245081,2.787013018572772,2.6080305311414933,2.761444091796875,206400,0.0,0.0
1996-01-16 00:00:00-05:00,2.787013156073434,2.787013156073434,2.5824617317744663,2.68473744392395,454400,0.0,0.0
1996-01-17 00:00:00-05:00,2.710307552264287,2.710307552264287,2.6591696739196777,2.6591696739196777,135200,0.0,0.0
1996-01-18 00:00:00-05:00,2.6591696507722427,2.710307528671709,2.6080317728727764,2.6336007118225098,130400,0.0,0.0
1996-01-19 00:00:00-05:00,2.6591685158865794,2.68473744392395,2.5824617317744663,2.68473744392395,211200,0.0,0.0
1996-01-22 00:00:00-05:00,2.7358756169028906,3.0171338578929072,2.7358756169028906,2.94042706489563,368000,0.0,0.0
1996-01-23 00:00:00-05:00,2.914857796260289,2.9404267242976596,2.838151012148176,2.863719940185547,139200,0.0,0.0
1996-01-24 00:00:00-05:00,2.9404267242976596,2.9915645803724016,2.863719940185547,2.863719940185547,104800,0.0,0.0
1996-01-25 00:00:00-05:00,2.7358761614019222,2.8637208418412645,2.6591693531383167,2.8125829696655273,227600,0.0,0.0
1996-01-26 00:00:00-05:00,2.7614450974897906,2.8381519057533957,2.7614450974897906,2.8125829696655273,32000,0.0,0.0
1996-01-29 00:00:00-05:00,2.8125831091179037,2.8125831091179037,2.684738422339817,2.7103073596954346,190800,0.0,0.0
1996-01-30 00:00:00-05:00,2.735877513885498,2.7614464626134,2.6847396164296944,2.735877513885498,144800,0.0,0.0
1996-01-31 00:00:00-05:00,2.710307552264287,2.710307552264287,2.6591696739196777,2.6591696739196777,188000,0.0,0.0
1996-02-01 00:00:00-05:00,2.7103063719613214,2.7103063719613214,2.6591685158865794,2.68473744392395,98000,0.0,0.0
1996-02-02 00:00:00-05:00,2.6591694849842,2.7103073596954346,2.6591694849842,2.7103073596954346,20400,0.0,0.0
1996-02-05 00:00:00-05:00,2.7103063719613214,2.7103063719613214,2.6335995878492082,2.68473744392395,52800,0.0,0.0
1996-02-06 00:00:00-05:00,2.710307552264287,2.710307552264287,2.6591696739196777,2.6591696739196777,44800,0.0,0.0
1996-02-07 00:00:00-05:00,2.710307528671709,2.710307528671709,2.6336007118225098,2.6336007118225098,38400,0.0,0.0
1996-02-08 00:00:00-05:00,2.735877513885498,2.7614464626134,2.6847396164296944,2.735877513885498,109200,0.0,0.0
1996-02-09 00:00:00-05:00,2.7614450974897906,2.8637208418412645,2.710307225314054,2.8125829696655273,548800,0.0,0.0
1996-02-12 00:00:00-05:00,2.812581945348669,2.812581945348669,2.7358751650209783,2.761444091796875,369200,0.0,0.0
1996-02-13 00:00:00-05:00,2.761445234406669,2.761445234406669,2.6591694849842,2.7103073596954346,117200,0.0,0.0
1996-02-14 00:00:00-05:00,2.7103063719613214,2.735875299998692,2.68473744392395,2.68473744392395,78000,0.0,0.0
1996-02-15 00:00:00-05:00,2.735875299998692,2.735875299998692,2.68473744392395,2.68473744392395,122800,0.0,0.0
1996-02-16 00:00:00-05:00,2.68473744392395,2.735875299998692,2.68473744392395,2.68473744392395,15600,0.0,0.0
1996-02-20 00:00:00-05:00,2.735875299998692,2.761444228036063,2.6335995878492082,2.68473744392395,902800,0.0,0.0
1996-02-21 00:00:00-05:00,2.6591685158865794,2.761444228036063,2.6591685158865794,2.68473744392395,176400,0.0,0.0
1996-02-22 00:00:00-05:00,2.6591696739196777,2.6847386130919824,2.6080317955750685,2.6591696739196777,486000,0.0,0.0
1996-02-23 00:00:00-05:00,2.6591696739196777,2.6591696739196777,2.582462856402764,2.6591696739196777,322800,0.0,0.0
1996-02-26 00:00:00-05:00,2.659170113357843,2.659170113357843,2.5824632831648286,2.6080322265625,54800,0.0,0.0
1996-02-27 00:00:00-05:00,2.6335999351916928,2.6335999351916928,2.5568931409628086,2.5824620723724365,476400,0.0,0.0
1996-02-28 00:00:00-05:00,2.6080317020416257,2.633600640296936,2.556893825531006,2.556893825531006,407200,0.0,0.0
1996-02-29 00:00:00-05:00,2.6080310037820644,2.6080310037820644,2.5568931409628086,2.5824620723724365,484400,0.0,0.0
1996-03-01 00:00:00-05:00,2.6080306598118375,2.68473744392395,2.5568928037370955,2.68473744392395,429200,0.0,0.0
1996-03-04 00:00:00-05:00,2.6847386130919824,2.6847386130919824,2.633600734747373,2.6591696739196777,134800,0.0,0.0
1996-03-05 00:00:00-05:00,2.6080317955750685,2.6847386130919824,2.6080317955750685,2.6591696739196777,46800,0.0,0.0
1996-03-06 00:00:00-05:00,2.6847386130919824,2.6847386130919824,2.6080317955750685,2.6591696739196777,385200,0.0,0.0
1996-03-07 00:00:00-05:00,2.633601169960172,2.684739056755515,2.6080322265625,2.6080322265625,190400,0.0,0.0
1996-03-08 00:00:00-05:00,2.6080322265625,2.684739056755515,2.6080322265625,2.6080322265625,59200,0.0,0.0
1996-03-11 00:00:00-05:00,2.6591685158865794,2.68473744392395,2.5824617317744663,2.68473744392395,107200,0.0,0.0
1996-03-12 00:00:00-05:00,2.6591696739196777,2.6847386130919824,2.633600734747373,2.6591696739196777,168800,0.0,0.0
1996-03-13 00:00:00-05:00,2.7358747316063,2.7870125770568848,2.7103058088810075,2.7870125770568848,505200,0.0,0.0
1996-03-14 00:00:00-05:00,2.787012888504578,2.8381507396698,2.7103061117567457,2.8381507396698,240000,0.0,0.0
1996-03-15 00:00:00-05:00,2.812581814087189,2.8637196652524106,2.7614439629219674,2.8381507396698,269600,0.0,0.0
1996-03-18 00:00:00-05:00,2.8381507213299093,2.8381507213299093,2.7614439450777493,2.825366258621216,116000,0.0,0.0
1996-03-19 00:00:00-05:00,2.8381519057533957,2.8381519057533957,2.787014033577659,2.8125829696655273,142800,0.0,0.0
1996-03-20 00:00:00-05:00,2.83815042250747,2.83815042250747,2.7870125770568848,2.7870125770568848,210800,0.0,0.0
1996-03-21 00:00:00-05:00,2.735877513885498,2.8125843600692035,2.710308565157596,2.735877513885498,220000,0.0,0.0
1996-03-22 00:00:00-05:00,2.7870141717622863,2.7870141717622863,2.6591694849842,2.7103073596954346,74800,0.0,0.0
1996-03-25 00:00:00-05:00,2.6591694849842,2.7103073596954346,2.6591694849842,2.7103073596954346,136400,0.0,0.0
1996-03-26 00:00:00-05:00,2.7103063719613214,2.7103063719613214,2.6591685158865794,2.68473744392395,115200,0.0,0.0
1996-03-27 00:00:00-05:00,2.633600734747373,2.710307552264287,2.633600734747373,2.6591696739196777,49200,0.0,0.0
1996-03-28 00:00:00-05:00,2.710307528671709,2.710307528671709,2.6336007118225098,2.6336007118225098,35600,0.0,0.0
1996-03-29 00:00:00-05:00,2.6335995878492082,2.7103063719613214,2.6335995878492082,2.68473744392395,46000,0.0,0.0
1996-04-01 00:00:00-05:00,2.7103073596954346,2.7103073596954346,2.6336005476285824,2.7103073596954346,26400,0.0,0.0
1996-04-02 00:00:00-05:00,2.6336017189738907,2.735877513885498,2.6336017189738907,2.735877513885498,34400,0.0,0.0
1996-04-03 00:00:00-05:00,2.7358754256675986,2.9659957885742188,2.684737567243905,2.9659957885742188,273200,0.0,0.0
1996-04-04 00:00:00-05:00,2.965998331705729,3.3495325987366424,2.965998331705729,3.3367481231689453,2020800,0.0,0.0
1996-04-08 00:00:00-04:00,3.2983932044562394,3.2983932044562394,3.14497956703967,3.247255325317383,608400,0.0,0.0
1996-04-09 00:00:00-04:00,3.247253928333521,3.349529642611742,3.247253928333521,3.272822856903076,608800,0.0,0.0
1996-04-10 00:00:00-04:00,3.3239605734425206,3.3239605734425206,3.1194091535383657,3.1705470085144043,321600,0.0,0.0
1996-04-11 00:00:00-04:00,3.0938408956295107,3.1961166277164366,3.017134096564316,3.1449787616729736,216000,0.0,0.0
1996-04-12 00:00:00-04:00,3.1194098286512424,3.2216855607381683,3.0682719626077795,3.1449787616729736,150000,0.0,0.0
1996-04-15 00:00:00-04:00,3.1449787616729736,3.1449787616729736,3.0682719626077795,3.1449787616729736,170400,0.0,0.0
1996-04-16 00:00:00-04:00,3.170547850926717,3.170547850926717,3.068272113800049,3.068272113800049,375600,0.0,0.0
1996-04-17 00:00:00-04:00,3.1449783950292765,3.1449783950292765,2.9915648147839455,3.0427026748657227,366000,0.0,0.0
1996-04-18 00:00:00-04:00,3.068272113800049,3.093841048081716,3.0171342452367145,3.068272113800049,488000,0.0,0.0
1996-04-19 00:00:00-04:00,3.093841048081716,3.14497891664505,3.068272113800049,3.068272113800049,386800,0.0,0.0
1996-04-22 00:00:00-04:00,3.0682713152414345,3.2216848810035064,3.0682713152414345,3.1833314895629883,298800,0.0,0.0
1996-04-23 00:00:00-04:00,3.144978081026385,3.196115936002424,3.144978081026385,3.1705470085144043,836400,0.0,0.0
1996-04-24 00:00:00-04:00,3.144978081026385,3.1705470085144043,3.1194091535383657,3.1705470085144043,146800,0.0,0.0
1996-04-25 00:00:00-04:00,3.1194100104087643,3.1705478794318585,3.0682721413856697,3.093841075897217,1688800,0.0,0.0
1996-04-26 00:00:00-04:00,3.1449787616729736,3.1449787616729736,3.0938408956295107,3.1449787616729736,46000,0.0,0.0
1996-04-29 00:00:00-04:00,3.093841048081716,3.14497891664505,3.068272113800049,3.068272113800049,70000,0.0,0.0
1996-04-30 00:00:00-04:00,3.0682716049066108,3.0938405349474993,3.0427026748657227,3.0427026748657227,58400,0.0,0.0
1996-05-01 00:00:00-04:00,3.068272168519067,3.1194100379943848,3.042703233781408,3.1194100379943848,35600,0.0,0.0
1996-05-02 00:00:00-04:00,3.1194089388443254,3.1194089388443254,3.0171332359313965,3.0171332359313965,76800,0.0,0.0
1996-05-03 00:00:00-04:00,3.017133744824834,3.0938405349474993,3.017133744824834,3.0427026748657227,96400,0.0,0.0
1996-05-06 00:00:00-04:00,3.0682716049066108,3.119409464988388,3.017133744824834,3.0427026748657227,194000,0.0,0.0
1996-05-07 00:00:00-04:00,3.0171339206206493,3.0554873179166746,2.9659960575592823,2.991564989089966,239600,0.0,0.0
1996-05-08 00:00:00-04:00,3.0171335789195277,3.0171335789195277,2.914857864379883,2.914857864379883,88800,0.0,0.0
1996-05-09 00:00:00-04:00,2.9659953844749323,3.0171332359313965,2.914857533018468,3.0171332359313965,66800,0.0,0.0
1996-05-10 00:00:00-04:00,2.94042666112223,3.272822718466482,2.94042666112223,3.1705470085144043,661600,0.0,0.0
1996-05-13 00:00:00-04:00,3.221685441335042,3.451805830001831,3.170547577186867,3.451805830001831,1872000,0.0,0.0
1996-05-14 00:00:00-04:00,3.4518058598041534,3.5796505212783813,3.4518058598041534,3.477374792098999,928000,0.0,0.0
1996-05-15 00:00:00-04:00,3.4773756257185697,3.784202886811385,3.4773756257185697,3.605220317840576,1149200,0.0,0.0
1996-05-16 00:00:00-04:00,3.6307887398543284,3.6307887398543284,3.5540819354912085,3.6020240783691406,184800,0.0,0.0
1996-05-17 00:00:00-04:00,3.6052195442666255,3.6052195442666255,3.554081678390503,3.554081678390503,306400,0.0,0.0
1996-05-20 00:00:00-04:00,3.6052189540196133,3.68192574027535,3.554081096515789,3.6563568115234375,270800,0.0,0.0
1996-05-21 00:00:00-04:00,3.6052195442666255,3.681926343080809,3.554081678390503,3.554081678390503,205200,0.0,0.0
1996-05-22 00:00:00-04:00,3.5540798136166165,3.60521765266146,3.5540798136166165,3.579648733139038,79200,0.0,0.0
1996-05-23 00:00:00-04:00,3.6307884772046863,3.6307884772046863,3.554081678390503,3.554081678390503,180800,0.0,0.0
1996-05-24 00:00:00-04:00,3.5540811170505573,4.244442197340954,3.5540811170505573,4.039890766143799,2002000,0.0,0.0
1996-05-28 00:00:00-04:00,4.091030715347885,4.167737541260657,3.8864791795804905,3.937617063522339,1724800,0.0,0.0
1996-05-29 00:00:00-04:00,3.9120478410469857,3.96318572132211,3.809772080496738,3.886478900909424,1009200,0.0,0.0
1996-05-30 00:00:00-04:00,3.8353410421633254,3.9631857435687694,3.8353410421633254,3.912047863006592,256400,0.0,0.0
1996-05-31 00:00:00-04:00,3.912047863006592,3.9376168032876806,3.860909982444414,3.912047863006592,250000,0.0,0.0
1996-06-03 00:00:00-04:00,3.864950588326049,3.916141986846924,3.864950588326049,3.916141986846924,361600,0.005,0.0
1996-06-04 00:00:00-04:00,3.9161416711034,3.9161416711034,3.788163185119629,3.788163185119629,579600,0.0,0.0
1996-06-05 00:00:00-04:00,3.7369723320007324,3.8393551356171907,3.7369723320007324,3.7369723320007324,266800,0.0,0.0
1996-06-06 00:00:00-04:00,3.762566985699954,3.8393540670407695,3.7369712919196827,3.813758373260498,232000,0.0,0.0
1996-06-07 00:00:00-04:00,3.736971224938239,3.736971224938239,3.660184144973755,3.660184144973755,65600,0.0,0.0
1996-06-10 00:00:00-04:00,3.6857809301925033,3.8137594347130763,3.6857809301925033,3.7369723320007324,215200,0.0,0.0
1996-06-11 00:00:00-04:00,3.788162679480226,3.8905454546013134,3.788162679480226,3.813758373260498,207200,0.0,0.0
1996-06-12 00:00:00-04:00,3.7753664065670494,3.9417384855005126,3.7625685543413985,3.8649513721466064,527200,0.0,0.0
1996-06-13 00:00:00-04:00,3.864952661924892,3.864952661924892,3.6857826709747314,3.6857826709747314,169600,0.0,0.0
1996-06-14 00:00:00-04:00,3.6857798382952494,3.762566918259734,3.608992758330765,3.660184144973755,75600,0.0,0.0
1996-06-17 00:00:00-04:00,3.6857826709747314,3.6857826709747314,3.6601869579818516,3.6857826709747314,32400,0.0,0.0
1996-06-18 00:00:00-04:00,3.6601856532671775,3.6601856532671775,3.5578028377911726,3.608994245529175,246400,0.0,0.0
1996-06-19 00:00:00-04:00,3.5833969116210938,3.6345882960728235,3.5578012193952286,3.5833969116210938,64000,0.0,0.0
1996-06-20 00:00:00-04:00,3.63458845165226,3.6857798382952494,3.63458845165226,3.660184144973755,385600,0.0,0.0
1996-06-21 00:00:00-04:00,3.6857813571361784,3.6857813571361784,3.5833985416601735,3.608994245529175,78000,0.0,0.0
1996-06-24 00:00:00-04:00,3.634588715235392,3.8905456670125322,3.583397324879964,3.8393542766571045,377200,0.0,0.0
1996-06-25 00:00:00-04:00,3.890545973906646,3.890545973906646,3.7625674879228748,3.788163185119629,182000,0.0,0.0
1996-06-26 00:00:00-04:00,3.8393542766571045,3.8905456670125322,3.7881628863016763,3.8393542766571045,111600,0.0,0.0
1996-06-27 00:00:00-04:00,3.8393542766571045,3.8649499718348186,3.8393542766571045,3.8393542766571045,161200,0.0,0.0
1996-06-28 00:00:00-04:00,3.8521519139309057,3.8649497608210415,3.762566985699954,3.813758373260498,106000,0.0,0.0
1996-07-01 00:00:00-04:00,3.736971744349305,3.7625674412284096,3.6345889568328857,3.6345889568328857,108800,0.0,0.0
1996-07-02 00:00:00-04:00,3.5833974824334582,3.6601845713427466,3.5066103935241695,3.50661039352417,89600,0.0,0.0
1996-07-03 00:00:00-04:00,3.5578025870853,3.5578025870853,3.4298240767584907,3.4554197788238525,80400,0.0,0.0
1996-07-05 00:00:00-04:00,3.353036880493164,3.404228283248785,3.276249776359733,3.353036880493164,129600,0.0,0.0
1996-07-08 00:00:00-04:00,3.3530361345320037,3.481014612949256,3.3530361345320037,3.378631830215454,134400,0.0,0.0
1996-07-09 00:00:00-04:00,3.455419268678216,3.583397760110743,3.455419268678216,3.4810149669647217,288400,0.0,0.0
1996-07-10 00:00:00-04:00,3.4810146972210734,3.532206089827266,3.4810146972210734,3.50661039352417,135600,0.0,0.0
1996-07-11 00:00:00-04:00,3.4810149669647217,3.5322063635377323,3.4810149669647217,3.4810149669647217,61600,0.0,0.0
1996-07-12 00:00:00-04:00,3.4810146972210734,3.6089931787365543,3.4810146972210734,3.50661039352417,102000,0.0,0.0
1996-07-15 00:00:00-04:00,3.506611205637455,3.583398312330246,3.199462778866291,3.276249885559082,247200,0.0,0.0
1996-07-16 00:00:00-04:00,3.276249776359733,3.353036880493164,3.2506540749819224,3.353036880493164,320000,0.0,0.0
1996-07-17 00:00:00-04:00,3.378631680510765,3.404227375060089,3.301844596862793,3.301844596862793,56400,0.0,0.0
1996-07-18 00:00:00-04:00,3.301844596862793,3.353035985961441,3.301844596862793,3.301844596862793,56000,0.0,0.0
1996-07-19 00:00:00-04:00,3.353036880493164,3.4554196860044057,3.276249776359733,3.353036880493164,154400,0.0,0.0
1996-07-22 00:00:00-04:00,3.5066110238637007,3.7625680329048468,3.4554196220554716,3.7369723320007324,680800,0.0,0.0
1996-07-23 00:00:00-04:00,3.6601854750984595,3.6601854750984595,3.404228448867798,3.404228448867798,432400,0.0,0.0
1996-07-24 00:00:00-04:00,3.3274404388485532,3.4554189172658054,3.3274404388485532,3.378631830215454,112800,0.0,0.0
1996-07-25 00:00:00-04:00,3.5066103935241695,3.5833974824334582,3.4554190009179773,3.50661039352417,134400,0.0,0.0
1996-07-26 00:00:00-04:00,3.5066111829545763,3.5066111829545763,3.4554197788238525,3.4554197788238525,86400,0.0,0.0
1996-07-29 00:00:00-04:00,3.506610308632706,3.506610308632706,3.378631830215454,3.378631830215454,76000,0.0,0.0
1996-07-30 00:00:00-04:00,3.3786319888657355,3.455419079521775,3.353036291980389,3.4426212310791016,118800,0.0,0.0
1996-07-31 00:00:00-04:00,3.4042277015856843,3.506610489603299,3.4042277015856843,3.429823398590088,246000,0.0,0.0
1996-08-01 00:00:00-04:00,3.506610489603299,3.506610489603299,3.429823398590088,3.429823398590088,6800,0.0,0.0
1996-08-02 00:00:00-04:00,3.4810155567369963,3.5066112593600622,3.404228448867798,3.404228448867798,141600,0.0,0.0
1996-08-05 00:00:00-04:00,3.4810155567369963,3.4810155567369963,3.404228448867798,3.404228448867798,10800,0.0,0.0
1996-08-06 00:00:00-04:00,3.4042277015856843,3.4554190955944915,3.4042277015856843,3.429823398590088,67200,0.0,0.0
1996-08-07 00:00:00-04:00,3.4042278721052055,3.4810149669647217,3.4042278721052055,3.4810149669647217,7600,0.0,0.0
1996-08-08 00:00:00-04:00,3.4810147764071213,3.4810147764071213,3.404227685751082,3.4426212310791016,29600,0.0,0.0
1996-08-09 00:00:00-04:00,3.404228448867798,3.404228448867798,3.404228448867798,3.404228448867798,6800,0.0,0.0
1996-08-12 00:00:00-04:00,3.4810155567369963,3.4810155567369963,3.404228448867798,3.404228448867798,16000,0.0,0.0
1996-08-13 00:00:00-04:00,3.4810149669647217,3.5322063635377323,3.4042278721052055,3.4810149669647217,223200,0.0,0.0
1996-08-14 00:00:00-04:00,3.4810155567369963,3.4810155567369963,3.404228448867798,3.404228448867798,23200,0.0,0.0
1996-08-15 00:00:00-04:00,3.429823132011834,3.429823132011834,3.2506532669067383,3.2506532669067383,141600,0.0,0.0
1996-08-16 00:00:00-04:00,3.3018446569367654,3.3018446569367654,3.2506532669067383,3.2506532669067383,52800,0.0,0.0
1996-08-19 00:00:00-04:00,3.301844596862793,3.301844596862793,3.199461818665497,3.301844596862793,179200,0.0,0.0
1996-08-20 00:00:00-04:00,3.2250575132148214,3.353035985961441,3.2250575132148214,3.301844596862793,90000,0.0,0.0
1996-08-21 00:00:00-04:00,3.3018446569367654,3.3018446569367654,3.2506532669067383,3.2506532669067383,99200,0.0,0.0
1996-08-22 00:00:00-04:00,3.301844743165103,3.378631830215454,3.2250576561147515,3.378631830215454,608000,0.0,0.0
1996-08-23 00:00:00-04:00,3.3274407772456898,3.583397760110743,3.3274407772456898,3.4810149669647217,336400,0.0,0.0
1996-08-26 00:00:00-04:00,3.506611072498819,3.5322067737579346,3.4810153712397036,3.5322067737579346,560800,0.0,0.0
1996-08-27 00:00:00-04:00,3.5322061866077026,3.5322061866077026,3.429823398590088,3.429823398590088,188400,0.0,0.0
1996-08-28 00:00:00-04:00,3.5066096913683547,3.5066096913683547,3.4554183090126123,3.493811845779419,562400,0.0,0.0
1996-08-29 00:00:00-04:00,3.4810149669647217,3.5066106652512268,3.4810149669647217,3.4810149669647217,52400,0.0,0.0
1996-08-30 00:00:00-04:00,3.4810146972210734,3.532206089827266,3.4810146972210734,3.50661039352417,46800,0.0,0.0
1996-09-03 00:00:00-04:00,3.481014612949256,3.481014612949256,3.378631830215454,3.378631830215454,122800,0.0,0.0
1996-09-04 00:00:00-04:00,3.3530370436216654,3.429824151490864,3.3530370436216654,3.404228448867798,42400,0.0,0.0
1996-09-05 00:00:00-04:00,3.4042277015856843,3.481014792598895,3.353036307576877,3.429823398590088,88400,0.0,0.0
1996-09-06 00:00:00-04:00,3.429823570391711,3.5578020618242374,3.429823570391711,3.4810149669647217,227200,0.0,0.0
1996-09-09 00:00:00-04:00,3.404228448867798,3.4810155567369963,3.404228448867798,3.404228448867798,45600,0.0,0.0
1996-09-10 00:00:00-04:00,3.4042278721052055,3.5322063635377323,3.4042278721052055,3.4810149669647217,274400,0.0,0.0
1996-09-11 00:00:00-04:00,3.4810154808892144,3.4810154808892144,3.4554197788238525,3.4554197788238525,254800,0.0,0.0
1996-09-12 00:00:00-04:00,3.4682175746330848,3.5066111271197977,3.3274412155151367,3.3274412155151367,196000,0.0,0.0
1996-09-13 00:00:00-04:00,3.3274412155151367,3.3786326188307543,3.3274412155151367,3.3274412155151367,58400,0.0,0.0
1996-09-16 00:00:00-04:00,3.3786325818709746,3.3786325818709746,3.3274411791153535,3.353036880493164,56800,0.0,0.0
1996-09-17 00:00:00-04:00,3.3786325818709746,3.3786325818709746,3.3274411791153535,3.353036880493164,49200,0.0,0.0
1996-09-18 00:00:00-04:00,3.327440351951779,3.327440351951779,3.2250575718917247,3.2506532669067383,88800,0.0,0.0
1996-09-19 00:00:00-04:00,3.2250584810972214,3.3018455877900124,3.199462778866291,3.276249885559082,162800,0.0,0.0
1996-09-20 00:00:00-04:00,3.301844596862793,3.353035985961441,3.2506532077641452,3.301844596862793,107600,0.0,0.0
1996-09-23 00:00:00-04:00,3.3274412155151367,3.404228320488563,3.3274412155151367,3.3274412155151367,234000,0.0,0.0
1996-09-24 00:00:00-04:00,3.3018460331893547,3.3018460331893547,3.1482717990875244,3.1482717990875244,265600,0.0,0.0
1996-09-25 00:00:00-04:00,3.148269526029037,3.1994609004360135,2.9435040284011325,3.0202910900115967,474000,0.0,0.0
1996-09-26 00:00:00-04:00,3.0819311395155644,3.0819311395155644,2.9021518230438232,2.9021518230438232,431600,0.0125,0.0
1996-09-27 00:00:00-04:00,2.953516548140007,2.953516548140007,2.8764682903624417,2.9278337955474854,63600,0.0,0.0
1996-09-30 00:00:00-04:00,2.889309666658703,2.953516548140007,2.8764682903624417,2.9278337955474854,388000,0.0,0.0
1996-10-01 00:00:00-04:00,2.9535166559548216,2.9791994094848633,2.8764683953646957,2.9791994094848633,356400,0.0,0.0
1996-10-02 00:00:00-04:00,2.979200759491363,3.0048835246593923,2.9278352291553054,2.9663593769073486,268400,0.0,0.0
1996-10-03 00:00:00-04:00,2.9791995145506776,3.030565023422241,2.9278340056791143,3.030565023422241,265600,0.0,0.0
1996-10-04 00:00:00-04:00,3.030564916544947,3.030564916544947,2.9278339024247795,2.9791994094848633,110800,0.0,0.0
1996-10-07 00:00:00-04:00,3.0048820070318274,3.0048820070318274,2.850785493850708,2.850785493850708,116800,0.0,0.0
1996-10-08 00:00:00-04:00,2.850787002390081,2.9021525339646774,2.825104236602783,2.825104236602783,57600,0.0,0.0
1996-10-09 00:00:00-04:00,2.9021522654936867,2.9021522654936867,2.6710073947906494,2.6710073947906494,303600,0.0,0.0
1996-10-10 00:00:00-04:00,2.748056011292541,2.748056011292541,2.6068007957588124,2.645324945449829,217600,0.0,0.0
1996-10-11 00:00:00-04:00,2.645324862829529,2.671007628488068,2.593959331512451,2.593959331512451,1121200,0.0,0.0
1996-10-14 00:00:00-04:00,2.645324945449829,2.696690478371185,2.5425938796071175,2.645324945449829,2682800,0.0,0.0
1996-10-15 00:00:00-04:00,2.6966904034124357,2.748055934906006,2.6196421061720803,2.748055934906006,242000,0.0,0.0
1996-10-16 00:00:00-04:00,2.7480560136291214,2.7480560136291214,2.671007714181576,2.7223732471466064,165200,0.0,0.0
1996-10-17 00:00:00-04:00,2.722372107810162,3.017723798751831,2.671006596342046,3.017723798751831,406000,0.0,0.0
1996-10-18 00:00:00-04:00,2.97919863079666,2.97919863079666,2.773736656258959,2.799419403076172,194400,0.0,0.0
1996-10-21 00:00:00-04:00,2.850787002390081,2.850787002390081,2.773738705028187,2.825104236602783,175200,0.0,0.0
1996-10-22 00:00:00-04:00,2.825103380850383,2.9278344128813063,2.7223723488194604,2.8764688968658447,235600,0.0,0.0
1996-10-23 00:00:00-04:00,2.9021512512433327,3.030565023422241,2.8251029879359875,3.030565023422241,243600,0.0,0.0
1996-10-24 00:00:00-04:00,2.9791999664306643,3.261710308074951,2.9791999664306643,3.2103447914123535,842400,0.0,0.0
1996-10-25 00:00:00-04:00,3.2360274931963753,3.2360274931963753,3.056248188018799,3.056248188018799,561200,0.0,0.0
1996-10-28 00:00:00-05:00,2.979199300732529,3.0562475585100946,2.9278337955474854,2.9278337955474854,421600,0.0,0.0
1996-10-29 00:00:00-05:00,3.004882968034867,3.004882968034867,2.927834686803204,2.99204158782959,57200,0.0,0.0
1996-10-30 00:00:00-05:00,2.9278345584869387,3.210344910621643,2.9278345584869387,3.0819311141967773,432400,0.0,0.0
1996-10-31 00:00:00-05:00,3.0819311141967773,3.1076138734817507,3.0562483549118045,3.0819311141967773,30400,0.0,0.0
1996-11-01 00:00:00-05:00,3.056248437319554,3.1332967172519797,3.056248437319554,3.0947725772857666,160400,0.0,0.0
1996-11-04 00:00:00-05:00,3.1332966327667235,3.18466215133667,3.0819311141967773,3.0819311141967773,149600,0.0,0.0
1996-11-05 00:00:00-05:00,3.0305659184690383,3.1846624905945826,3.0305659184690383,3.1332969665527344,229200,0.0,0.0
1996-11-06 00:00:00-05:00,3.081931442510886,3.1332969665527344,3.081931442510886,3.1332969665527344,32800,0.0,0.0
1996-11-07 00:00:00-05:00,3.1332967172519797,3.18466223720693,3.081931197297029,3.0947725772857666,228800,0.0,0.0
1996-11-08 00:00:00-05:00,3.056248188018799,3.1076137037838207,3.056248188018799,3.056248188018799,110800,0.0,0.0
1996-11-11 00:00:00-05:00,3.0562483549118045,3.158979392051697,3.0562483549118045,3.0819311141967773,318000,0.0,0.0
1996-11-12 00:00:00-05:00,3.0819306065959315,3.2103443818707618,3.0819306065959315,3.184661626815796,466800,0.0,0.0
1996-11-13 00:00:00-05:00,3.1332966327667235,3.158979392051697,3.0819311141967773,3.0819311141967773,150400,0.0,0.0
1996-11-14 00:00:00-05:00,3.0819311141967773,3.1332966327667235,3.0819311141967773,3.0819311141967773,47200,0.0,0.0
1996-11-15 00:00:00-05:00,3.081930741019871,3.1589790095453676,2.902151447793712,2.953516960144043,220800,0.0,0.0
1996-11-18 00:00:00-05:00,2.953516548140007,2.979199300732529,2.9278337955474854,2.9278337955474854,61600,0.0,0.0
1996-11-19 00:00:00-05:00,2.9278345825397865,2.9278345825397865,2.7994207850599713,2.9021518230438232,306000,0.0,0.0
1996-11-20 00:00:00-05:00,2.9535166559548216,2.9791994094848633,2.8764683953646957,2.9791994094848633,138400,0.0,0.0
1996-11-21 00:00:00-05:00,2.979200759491363,3.030566289827421,2.902152463987276,2.9663593769073486,452400,0.0,0.0
1996-11-22 00:00:00-05:00,2.9278338383405638,3.0048820972442627,2.9278338383405638,3.0048820972442627,236000,0.0,0.0
1996-11-25 00:00:00-05:00,3.004882861027675,3.004882861027675,2.8507863040518973,2.9021518230438232,239200,0.0,0.0
1996-11-26 00:00:00-05:00,2.9021516548735757,2.953517170889037,2.8764688968658447,2.8764688968658447,176000,0.0,0.0
1996-11-27 00:00:00-05:00,2.8764688968658447,2.953517170889037,2.8764688968658447,2.8764688968658447,38000,0.0,0.0
1996-11-29 00:00:00-05:00,2.8764686916185465,2.953516960144043,2.8764686916185465,2.953516960144043,11200,0.0,0.0
1996-12-02 00:00:00-05:00,2.953517170889037,2.953517170889037,2.8764688968658447,2.8764688968658447,241200,0.0,0.0
1996-12-03 00:00:00-05:00,2.876468246047561,2.9278337504412675,2.850785493850708,2.850785493850708,80400,0.0,0.0
1996-12-04 00:00:00-05:00,2.876468246047561,2.953516502638121,2.850785493850708,2.850785493850708,128800,0.0,0.0
1996-12-05 00:00:00-05:00,2.8507863040518973,2.9535173420357492,2.8507863040518973,2.9021518230438232,287200,0.0,0.0
1996-12-06 00:00:00-05:00,2.825103380850383,2.8764688968658447,2.825103380850383,2.8764688968658447,95200,0.0,0.0
1996-12-09 00:00:00-05:00,2.8507863040518973,2.9021518230438232,2.8507863040518973,2.9021518230438232,33600,0.0,0.0
1996-12-10 00:00:00-05:00,2.850785493850708,2.9021509982444145,2.850785493850708,2.850785493850708,79200,0.0,0.0
1996-12-11 00:00:00-05:00,2.85078642765681,2.85078642765681,2.773738145828247,2.773738145828247,78400,0.0,0.0
1996-12-12 00:00:00-05:00,2.7737378648349216,2.979199928896768,2.7737378648349216,2.8764688968658447,194800,0.0,0.0
1996-12-13 00:00:00-05:00,2.9021516548735757,2.9021516548735757,2.825103380850383,2.8764688968658447,60400,0.0,0.0
1996-12-16 00:00:00-05:00,2.9021518230438232,2.9021518230438232,2.825103544555934,2.9021518230438232,103600,0.0,0.0
1996-12-17 00:00:00-05:00,2.825103544555934,2.9792001015317124,2.825103544555934,2.9021518230438232,414400,0.0,0.0
1996-12-18 00:00:00-05:00,2.9278345825397865,2.9792001015317124,2.9021518230438232,2.9021518230438232,238400,0.0,0.0
1996-12-19 00:00:00-05:00,3.004882053325051,3.004882053325051,2.9278337955474854,2.9278337955474854,119200,0.0,0.0
1996-12-20 00:00:00-05:00,3.004882472494374,3.004882472494374,2.9278342039688776,2.953516960144043,62000,0.0,0.0
1996-12-23 00:00:00-05:00,2.9792001015317124,2.9792001015317124,2.9021518230438232,2.9021518230438232,50000,0.0,0.0
1996-12-24 00:00:00-05:00,2.902151148894738,2.9791994094848633,2.902151148894738,2.9791994094848633,100800,0.0,0.0
1996-12-26 00:00:00-05:00,2.9021518230438232,2.9792001015317124,2.9021518230438232,2.9021518230438232,30400,0.0,0.0
1996-12-27 00:00:00-05:00,2.912461280822754,2.964009268093953,2.912461280822754,2.912461280822754,39200,0.0125,0.0
1996-12-30 00:00:00-05:00,2.9124614997343583,2.9253484975207935,2.7835915218700062,2.835139513015747,340800,0.0,0.0
1996-12-31 00:00:00-05:00,2.8093638849688007,2.9124598073529766,2.8093638849688007,2.8609118461608887,145200,0.0,0.0
1997-01-02 00:00:00-05:00,2.873798836458911,2.9124598073529766,2.8609118461608887,2.8609118461608887,122000,0.0,0.0
1997-01-03 00:00:00-05:00,2.912460791213172,2.912460791213172,2.835138823304858,2.8866868019104004,517200,0.0,0.0
1997-01-06 00:00:00-05:00,2.8351392658478622,2.9124612458255315,2.8093652725219727,2.8093652725219727,81600,0.0,0.0
1997-01-07 00:00:00-05:00,2.8093638849688007,2.9124598073529766,2.8093638849688007,2.8609118461608887,122000,0.0,0.0
1997-01-08 00:00:00-05:00,2.886687252499642,2.886687252499642,2.8093652725219727,2.8093652725219727,214000,0.0,0.0
1997-01-09 00:00:00-05:00,2.809366226196289,2.9124622344970703,2.809366226196289,2.8222532272338867,86000,0.0,0.0
1997-01-10 00:00:00-05:00,2.7835917472839355,2.8351397426040084,2.706269754303826,2.7835917472839355,190800,0.0,0.0
1997-01-13 00:00:00-05:00,2.783591020887143,2.783591020887143,2.7062690480847222,2.757817029953003,36800,0.0,0.0
1997-01-14 00:00:00-05:00,2.706269754303826,2.7835917472839355,2.706269754303826,2.7835917472839355,82000,0.0,0.0
1997-01-15 00:00:00-05:00,2.7062699724646175,2.7835919716778923,2.6289479732513428,2.6289479732513428,183200,0.0,0.0
1997-01-16 00:00:00-05:00,2.6804953058925243,2.8351392658478622,2.6804953058925243,2.8093652725219727,185600,0.0,0.0
1997-01-17 00:00:00-05:00,2.8351379803248813,2.8351379803248813,2.706268072128296,2.706268072128296,150800,0.0,0.0
1997-01-20 00:00:00-05:00,2.757817749623899,2.7835917472839355,2.706269754303826,2.7835917472839355,86800,0.0,0.0
1997-01-21 00:00:00-05:00,2.706269754303826,2.7835917472839355,2.706269754303826,2.7835917472839355,32000,0.0,0.0
1997-01-22 00:00:00-05:00,2.7062690480847222,2.783591020887143,2.7062690480847222,2.757817029953003,40000,0.0,0.0
1997-01-23 00:00:00-05:00,2.706268072128296,2.7835900170462473,2.706268072128296,2.706268072128296,34000,0.0,0.0
1997-01-24 00:00:00-05:00,2.680495500564575,2.680495500564575,2.6289475101691027,2.680495500564575,181200,0.0,0.0
1997-01-27 00:00:00-05:00,2.65472149848938,2.65472149848938,2.628947503358415,2.65472149848938,41600,0.0,0.0
1997-01-28 00:00:00-05:00,2.6547217274656387,2.7062697221737095,2.6031737327575684,2.6031737327575684,168400,0.0,0.0
1997-01-29 00:00:00-05:00,2.6289479732513428,2.654721972989101,2.6031739735135844,2.6289479732513428,188400,0.0,0.0
1997-01-30 00:00:00-05:00,2.680495724819674,2.680495724819674,2.6031737327575684,2.6031737327575684,54800,0.0,0.0
1997-01-31 00:00:00-05:00,2.680495500564575,2.680495500564575,2.6031735149713664,2.680495500564575,248800,0.0,0.0
1997-02-03 00:00:00-05:00,2.680495724819674,2.680495724819674,2.6031737327575684,2.6031737327575684,476000,0.0,0.0
1997-02-04 00:00:00-05:00,2.6804959727268596,2.6804959727268596,2.5773999737758264,2.6289479732513428,332000,0.0,0.0
1997-02-05 00:00:00-05:00,2.6804954936203447,2.6804954936203447,2.5773995130964855,2.65472149848938,103200,0.0,0.0
1997-02-06 00:00:00-05:00,2.5773983001708984,2.6804942321777343,2.5773983001708984,2.5773983001708984,726400,0.0,0.0
1997-02-07 00:00:00-05:00,2.5773995130964855,2.6804954936203447,2.5773995130964855,2.65472149848938,179600,0.0,0.0
1997-02-10 00:00:00-05:00,2.6804942321777343,2.6804942321777343,2.5516243171691895,2.5773983001708984,290400,0.0,0.0
1997-02-11 00:00:00-05:00,2.6031739663596105,2.6031739663596105,2.551625967025757,2.551625967025757,158000,0.0,0.0
1997-02-12 00:00:00-05:00,2.6031722831726074,2.6031722831726074,2.5258503341674805,2.5773983001708984,216000,0.0,0.0
1997-02-13 00:00:00-05:00,2.6031737181605124,2.6031737181605124,2.4227557376939424,2.5258517265319824,354800,0.0,0.0
1997-02-14 00:00:00-05:00,2.525851716597875,2.525851716597875,2.4485297252734504,2.474303722381592,71600,0.0,0.0
1997-02-18 00:00:00-05:00,2.5258519743003096,2.7062699724646175,2.448529975087035,2.6289479732513428,198800,0.0,0.0
1997-02-19 00:00:00-05:00,2.7062682151794433,2.7062682151794433,2.5258503341674805,2.5773983001708984,328000,0.0,0.0
1997-02-20 00:00:00-05:00,2.5773997209510022,2.5773997209510022,2.4227557376939424,2.5258517265319824,307600,0.0,0.0
1997-02-21 00:00:00-05:00,2.5258519673588298,2.551625967025757,2.4227559686911224,2.551625967025757,127200,0.0,0.0
1997-02-24 00:00:00-05:00,2.577399735403533,2.6031737327575684,2.5000777433414267,2.6031737327575684,75200,0.0,0.0
1997-02-25 00:00:00-05:00,2.525851740695462,2.6031737327575684,2.525851740695462,2.6031737327575684,59200,0.0,0.0
1997-02-26 00:00:00-05:00,2.5516257380494975,2.6289477301116033,2.525851740695462,2.6031737327575684,97600,0.0,0.0
1997-02-27 00:00:00-05:00,2.5258519673588298,2.6031739663596105,2.474303968024976,2.551625967025757,79600,0.0,0.0
1997-02-28 00:00:00-05:00,2.551625963357779,2.551625963357779,2.474303964468149,2.512964963912964,125600,0.0,0.0
1997-03-03 00:00:00-05:00,2.5258517265319824,2.5516257237414925,2.5000777293224723,2.5258517265319824,32000,0.0,0.0
1997-03-04 00:00:00-05:00,2.5000763511657715,2.6547202491760253,2.5000763511657715,2.5773983001708984,76400,0.0,0.0
1997-03-05 00:00:00-05:00,2.5516257380494975,2.6547217274656387,2.5516257380494975,2.6031737327575684,138800,0.0,0.0
1997-03-06 00:00:00-05:00,2.5258500354806173,2.603171975342269,2.4743020755728495,2.5000760555267334,313600,0.0,0.0
1997-03-07 00:00:00-05:00,2.5258503341674805,2.6031722831726074,2.4485283851623536,2.5773983001708984,113200,0.0,0.0
1997-03-10 00:00:00-05:00,2.57739951977363,2.7062694957623115,2.5387385269770255,2.680495500564575,140800,0.0,0.0
1997-03-11 00:00:00-05:00,2.6289473658022673,2.9640092849731445,2.6289473658022673,2.9640092849731445,262800,0.0,0.0
1997-03-12 00:00:00-05:00,2.8866872871871543,3.041331249000752,2.8866872871871543,2.912461280822754,298800,0.0,0.0
1997-03-13 00:00:00-05:00,2.9382352744583535,3.0155572553651524,2.8866872871871543,2.912461280822754,295200,0.0,0.0
1997-03-14 00:00:00-05:00,2.8609137402640448,2.938235733244154,2.7835917472839355,2.7835917472839355,92400,0.0,0.0
1997-03-17 00:00:00-05:00,2.732043039018863,2.809365011821283,2.732043039018863,2.757817029953003,48400,0.0,0.0
1997-03-18 00:00:00-05:00,2.7320434909600477,2.7835914813555203,2.654721505366839,2.680495500564575,54400,0.0,0.0
1997-03-19 00:00:00-05:00,2.6547217274656387,2.680495724819674,2.6031737327575684,2.6031737327575684,38000,0.0,0.0
1997-03-20 00:00:00-05:00,2.641834070749372,2.757817029953003,2.6031730843481617,2.757817029953003,72000,0.0,0.0
1997-03-21 00:00:00-05:00,2.7062709264035494,2.7578189440493315,2.7062709264035494,2.7320449352264404,43200,0.0,0.0
1997-03-24 00:00:00-05:00,2.757817486157784,2.757817486157784,2.680495500564575,2.680495500564575,20800,0.0,0.0
1997-03-25 00:00:00-05:00,2.680494090488979,2.7578160354069303,2.654720108849662,2.706268072128296,29200,0.0,0.0
1997-03-26 00:00:00-05:00,2.7424909827906054,2.820108652114868,2.664873313466343,2.820108652114868,71600,0.0125,0.0
1997-03-27 00:00:00-05:00,2.8201085874967484,2.8330448654210456,2.7424909199509666,2.7683634757995605,243200,0.0,0.0
1997-03-31 00:00:00-05:00,2.742491671672234,2.8201093604931464,2.690746545791626,2.690746545791626,57600,0.0,0.0
1997-04-01 00:00:00-05:00,2.6648724873860674,2.7166175842285156,2.6648724873860674,2.7166175842285156,7200,0.0,0.0
1997-04-02 00:00:00-05:00,2.7166175842285156,2.7166175842285156,2.6389999389648438,2.6389999389648438,30400,0.0,0.0
1997-04-03 00:00:00-05:00,2.613128185272217,2.664873297851865,2.613128185272217,2.613128185272217,21600,0.0,0.0
1997-04-04 00:00:00-05:00,2.63900107383728,2.6648736333847047,2.5872559547424316,2.5872559547424316,48000,0.0,0.0
1997-04-07 00:00:00-04:00,2.63900107383728,2.63900107383728,2.5872559547424316,2.5872559547424316,408400,0.0,0.0
1997-04-08 00:00:00-04:00,2.6389999389648438,2.6389999389648438,2.561382293701172,2.6389999389648438,304000,0.0,0.0
1997-04-09 00:00:00-04:00,2.6389999389648438,2.6648724873860674,2.5872548421223955,2.6389999389648438,168400,0.0,0.0
1997-04-10 00:00:00-04:00,2.6648724873860674,2.6648724873860674,2.6389999389648438,2.6389999389648438,33200,0.0,0.0
1997-04-11 00:00:00-04:00,2.639000675894997,2.639000675894997,2.561383008956909,2.561383008956909,25600,0.0,0.0
1997-04-14 00:00:00-04:00,2.639000741562041,2.639000741562041,2.561383072692569,2.613128185272217,39200,0.0,0.0
1997-04-15 00:00:00-04:00,2.664873297851865,2.664873297851865,2.613128185272217,2.613128185272217,50000,0.0,0.0
1997-04-16 00:00:00-04:00,2.613128514289856,2.6648736333847047,2.5872559547424316,2.5872559547424316,28400,0.0,0.0
1997-04-17 00:00:00-04:00,2.613128185272217,2.639000741562041,2.587255628982393,2.613128185272217,61200,0.0,0.0
1997-04-18 00:00:00-04:00,2.587255628982393,2.664873297851865,2.587255628982393,2.613128185272217,8400,0.0,0.0
1997-04-21 00:00:00-04:00,2.6648724873860674,2.7166175842285156,2.5872548421223955,2.6389999389648438,240800,0.0,0.0
1997-04-22 00:00:00-04:00,2.6648724873860674,2.6648724873860674,2.6131273905436196,2.6389999389648438,53600,0.0,0.0
1997-04-23 00:00:00-04:00,2.639000675894997,2.664873231541027,2.561383008956909,2.561383008956909,135200,0.0,0.0
1997-04-24 00:00:00-04:00,2.5613835230469704,2.6390012055635452,2.4837658405303955,2.4837658405303955,63200,0.0,0.0
1997-04-25 00:00:00-04:00,2.483765894052934,2.587256139638473,2.483765894052934,2.535511016845703,47600,0.0,0.0
1997-04-28 00:00:00-04:00,2.5355108693702935,2.587255989153361,2.483765749587226,2.5096383094787598,71200,0.0,0.0
1997-04-29 00:00:00-04:00,2.5872548421223955,2.6389999389648438,2.5355097452799478,2.6389999389648438,88400,0.0,0.0
1997-04-30 00:00:00-04:00,2.6389999389648438,2.6389999389648438,2.561382293701172,2.6389999389648438,152000,0.0,0.0
1997-05-01 00:00:00-04:00,2.639000675894997,2.639000675894997,2.561383008956909,2.561383008956909,294400,0.0,0.0
1997-05-02 00:00:00-04:00,2.561382293701172,2.6389999389648438,2.561382293701172,2.6389999389648438,29200,0.0,0.0
1997-05-05 00:00:00-04:00,2.6389999389648438,2.6648724873860674,2.5872548421223955,2.6389999389648438,118800,0.0,0.0
1997-05-06 00:00:00-04:00,2.587255628982393,2.664873297851865,2.561383072692569,2.613128185272217,177600,0.0,0.0
1997-05-07 00:00:00-04:00,2.6131273905436196,2.6389999389648438,2.561382293701172,2.6389999389648438,90000,0.0,0.0
1997-05-08 00:00:00-04:00,2.5872559547424316,2.6648736333847047,2.5872559547424316,2.5872559547424316,70000,0.0,0.0
1997-05-09 00:00:00-04:00,2.6648724873860674,2.6648724873860674,2.6131273905436196,2.6389999389648438,266800,0.0,0.0
1997-05-12 00:00:00-04:00,2.66487455368042,2.690747122162754,2.6131294167157515,2.66487455368042,201600,0.0,0.0
1997-05-13 00:00:00-04:00,2.639001419911018,2.690746545791626,2.6131288569707136,2.690746545791626,517600,0.0,0.0
1997-05-14 00:00:00-04:00,2.8201081545456597,3.0012160176816196,2.7683630507925283,2.9753434658050537,831200,0.0,0.0
1997-05-15 00:00:00-04:00,2.9753423274100363,2.9753423274100363,2.7166169076352507,2.871852159500122,622400,0.0,0.0
1997-05-16 00:00:00-04:00,2.8201085874967484,2.8718536991939367,2.7683634757995605,2.7683634757995605,73600,0.0,0.0
1997-05-19 00:00:00-04:00,2.8459811433453424,2.8459811433453424,2.7683634757995605,2.7683634757995605,9600,0.0,0.0
1997-05-20 00:00:00-04:00,2.8459811918806324,2.8459811918806324,2.613128185272217,2.613128185272217,204000,0.0,0.0
1997-05-21 00:00:00-04:00,2.6131294167157515,2.66487455368042,2.6131294167157515,2.66487455368042,367600,0.0,0.0
1997-05-22 00:00:00-04:00,2.6131294167157515,2.66487455368042,2.6131294167157515,2.66487455368042,136400,0.0,0.0
1997-05-23 00:00:00-04:00,2.6389999389648438,2.7166175842285156,2.6131273905436196,2.7166175842285156,232400,0.0,0.0
1997-05-27 00:00:00-04:00,2.716617352432675,3.0529604532100536,2.716617352432675,2.7942349910736084,643600,0.0,0.0
1997-05-28 00:00:00-04:00,3.1564513289410137,3.208196432694145,2.9753434658050537,2.9753434658050537,684800,0.0,0.0
1997-05-29 00:00:00-04:00,3.0529615662314673,3.1823243444616143,3.0012164549394087,3.1305792331695557,680400,0.0,0.0
1997-05-30 00:00:00-04:00,3.156451788815585,3.156451788815585,3.0788341218774966,3.1305792331695557,315600,0.0,0.0
1997-06-02 00:00:00-04:00,3.1305788397789005,3.1305788397789005,3.0270886301994326,3.104706287384033,153200,0.0,0.0
1997-06-03 00:00:00-04:00,3.104706425820628,3.259941747111659,3.027088765175112,3.2081966400146484,1328000,0.0,0.0
1997-06-04 00:00:00-04:00,3.285814628672244,3.596285302247574,3.2081969602784115,3.4669225215911865,1271200,0.0,0.0
1997-06-05 00:00:00-04:00,3.4927948558603537,3.518667410348208,3.3893046379089355,3.3893046379089355,450000,0.0,0.0
1997-06-06 00:00:00-04:00,3.3893046379089355,3.4669223013724992,3.3116869744453723,3.3893046379089355,304000,0.0,0.0
1997-06-09 00:00:00-04:00,3.3116870298704693,3.5186674692373736,3.3116870298704693,3.479858636856079,388400,0.0,0.0
1997-06-10 00:00:00-04:00,3.518667966799628,3.518667966799628,3.4151777324819923,3.4410502910614014,244400,0.0,0.0
1997-06-11 00:00:00-04:00,3.4927951413042404,3.518667697906494,3.4151774714974796,3.518667697906494,233200,0.0,0.0
1997-06-12 00:00:00-04:00,3.518667697906494,3.544540254508748,3.4410500280997334,3.518667697906494,144000,0.0,0.0
1997-06-13 00:00:00-04:00,3.4669225215911865,3.4669225215911865,3.3893048531973538,3.4669225215911865,170400,0.0,0.0
1997-06-16 00:00:00-04:00,3.415178060531616,3.4669231826608833,3.415178060531616,3.415178060531616,94400,0.0,0.0
1997-06-17 00:00:00-04:00,3.4151763916015625,3.59628423055013,3.4151763916015625,3.4927940368652344,564400,0.0,0.0
1997-06-18 00:00:00-04:00,3.570412519323917,3.570412519323917,3.363432083421081,3.3893046379089355,354000,0.0,0.0
1997-06-19 00:00:00-04:00,3.41517719239679,3.441049746884645,3.363432083421081,3.3893046379089355,181200,0.0,0.0
1997-06-20 00:00:00-04:00,3.3893052367713508,3.4410503548899976,3.2858150005340576,3.2858150005340576,72800,0.0,0.0
1997-06-23 00:00:00-04:00,3.3634318113327026,3.3634318113327026,3.0270886301994326,3.104706287384033,223200,0.0,0.0
1997-06-24 00:00:00-04:00,3.052961121434751,3.1047062251878823,2.871853258298791,2.9753434658050537,262400,0.0,0.0
1997-06-25 00:00:00-04:00,2.9753442108631134,2.9753442108631134,2.7942363023757935,2.897726535797119,240000,0.0,0.0
1997-06-26 00:00:00-04:00,2.9600432244214145,3.4533837618249836,2.9340779329791213,3.4274184703826904,639200,0.0125,0.0
1997-06-27 00:00:00-04:00,3.3754878874981045,3.583210219036449,3.3495225960558113,3.4274184703826904,894400,0.0,0.0
1997-06-30 00:00:00-04:00,3.5053139019012454,3.5053139019012454,3.193730443954468,3.2456610202789307,291600,0.0,0.0
1997-07-01 00:00:00-04:00,3.1937298380483794,3.297590970993042,3.1937298380483794,3.297590970993042,150000,0.0,0.0
1997-07-02 00:00:00-04:00,3.3495218526749384,3.3495218526749384,3.2716259956359863,3.2716259956359863,103600,0.0,0.0
1997-07-03 00:00:00-04:00,3.427417815999782,3.6870706808482505,3.427417815999782,3.6611053943634033,1979200,0.0,0.0
1997-07-07 00:00:00-04:00,3.6611052864476252,3.7130358578865987,3.6611052864476252,3.7000532150268555,1184400,0.0,0.0
1997-07-08 00:00:00-04:00,3.6611052769071915,3.7390011338626636,3.5053135629962475,3.5312788486480713,173600,0.0,0.0
1997-07-09 00:00:00-04:00,3.505313297859708,3.528033317285363,3.427417446796159,3.453382730484009,121600,0.0,0.0
1997-07-10 00:00:00-04:00,3.4793482773444233,3.5312788486480713,3.4274177060407753,3.5312788486480713,322800,0.0,0.0
1997-07-11 00:00:00-04:00,3.531279636151863,3.557244927594156,3.4274184703826904,3.4274184703826904,440800,0.0,0.0
1997-07-14 00:00:00-04:00,3.4274184703826904,3.50531434470957,3.4274184703826904,3.4274184703826904,120800,0.0,0.0
1997-07-15 00:00:00-04:00,3.427418790757656,3.5053146723657846,3.3235576152801514,3.3235576152801514,151200,0.0,0.0
1997-07-16 00:00:00-04:00,3.323557304613518,3.4274184703826904,3.1937308474020525,3.4274184703826904,367200,0.0,0.0
1997-07-17 00:00:00-04:00,3.427418386019193,3.427418386019193,3.349522513609666,3.375487804412842,86800,0.0,0.0
1997-07-18 00:00:00-04:00,3.4014536694782533,3.4014536694782533,3.1677660127965415,3.1937313079833984,444800,0.0,0.0
1997-07-21 00:00:00-04:00,3.167763837178548,3.5312777201334633,3.167763837178548,3.505312442779541,504400,0.0,0.0
1997-07-22 00:00:00-04:00,3.687071316533809,3.764967189418326,3.4793489888417635,3.609175443649292,790400,0.0,0.0
1997-07-23 00:00:00-04:00,3.7130362560499957,3.7130362560499957,3.401452794003842,3.479348659515381,444400,0.0,0.0
1997-07-24 00:00:00-04:00,3.5053146723657846,3.5053146723657846,3.271627027541399,3.3235576152801514,309600,0.0,0.0
1997-07-25 00:00:00-04:00,3.271624946594238,3.557242997487386,3.271624946594238,3.505312442779541,344000,0.0,0.0
1997-07-28 00:00:00-04:00,3.505312442779541,3.557242997487386,3.505312442779541,3.505312442779541,186800,0.0,0.0
1997-07-29 00:00:00-04:00,3.5442614914739834,3.5572441342998955,3.5053135629962475,3.5312788486480713,118000,0.0,0.0
1997-07-30 00:00:00-04:00,3.557244525026919,3.557244525026919,3.4793486595153804,3.479348659515381,440000,0.0,0.0
1997-07-31 00:00:00-04:00,3.5312792365230727,3.557244525026919,3.4533833710115345,3.479348659515381,54800,0.0,0.0
1997-08-01 00:00:00-04:00,3.4793486595153804,3.505313948019227,3.401452794003842,3.479348659515381,49600,0.0,0.0
1997-08-04 00:00:00-04:00,3.5572441342998955,3.5832094199517193,3.4793482773444233,3.5312788486480713,149600,0.0,0.0
1997-08-05 00:00:00-04:00,3.5312795707647746,3.661106025572303,3.505314279803269,3.609175443649292,254400,0.0,0.0
1997-08-06 00:00:00-04:00,3.583209394574999,3.73575584289793,3.583209394574999,3.713035821914673,367600,0.0,0.0
1997-08-07 00:00:00-04:00,3.687070536446738,3.7649663928505426,3.687070536446738,3.713035821914673,220000,0.0,0.0
1997-08-08 00:00:00-04:00,3.6611052864476252,3.7649664293255722,3.6611052864476252,3.7000532150268555,174800,0.0,0.0
1997-08-11 00:00:00-04:00,3.687072816822264,3.7909340229299335,3.4793504046069255,3.7390034198760986,675200,0.0,0.0
1997-08-12 00:00:00-04:00,3.7390034198760986,3.9207605305645203,3.7390034198760986,3.7390034198760986,204800,0.0,0.0
1997-08-13 00:00:00-04:00,3.7390011073826077,3.7390011073826077,3.6351399655108687,3.713035821914673,148400,0.0,0.0
1997-08-14 00:00:00-04:00,3.6351422137684293,3.7390034198760986,3.6351422137684293,3.7390034198760986,76800,0.0,0.0
1997-08-15 00:00:00-04:00,3.7130366074953147,3.73900189845682,3.609175443649292,3.609175443649292,58400,0.0,0.0
1997-08-18 00:00:00-04:00,3.6870699938196334,3.6870699938196334,3.4793477406466966,3.557243585586548,150400,0.0,0.0
1997-08-19 00:00:00-04:00,3.557243585586548,3.648122071349708,3.4793477406466966,3.557243585586548,135200,0.0,0.0
1997-08-20 00:00:00-04:00,3.5053135629962475,3.6351399912553677,3.5053135629962475,3.5312788486480713,40800,0.0,0.0
1997-08-21 00:00:00-04:00,3.531278303939931,3.6351394305263995,3.531278303939931,3.557243585586548,77200,0.0,0.0
1997-08-22 00:00:00-04:00,3.4793484585625785,3.6351401805877686,3.4793484585625785,3.6351401805877686,306000,0.0,0.0
1997-08-25 00:00:00-04:00,3.6351398011328473,3.687070369720459,3.557243948251429,3.687070369720459,263200,0.0,0.0
1997-08-26 00:00:00-04:00,3.6870707545961654,3.7649666156087602,3.6351401805877686,3.6351401805877686,44800,0.0,0.0
1997-08-27 00:00:00-04:00,3.6351401805877686,3.739001328604562,3.6351401805877686,3.6351401805877686,69600,0.0,0.0
1997-08-28 00:00:00-04:00,3.7389990234375,3.9986517333984377,3.6611032104492187,3.8947906494140625,848400,0.0,0.0
1997-08-29 00:00:00-04:00,3.89479398727417,4.050585746765137,3.89479398727417,3.9726898670196533,266400,0.0,0.0
1997-09-02 00:00:00-04:00,3.9077762480705016,4.076550637522051,3.894793602728075,4.024620056152344,237200,0.0,0.0
1997-09-03 00:00:00-04:00,3.9986550775734155,4.037603016640689,3.583210394189164,3.8428633213043213,432800,0.0,0.0
1997-09-04 00:00:00-04:00,3.8428646259837684,3.8428646259837684,3.7390034198760986,3.7390034198760986,110800,0.0,0.0
1997-09-05 00:00:00-04:00,3.7390021504582585,3.868828614015837,3.7390021504582585,3.8428633213043213,163200,0.0,0.0
1997-09-08 00:00:00-04:00,3.790934035652562,3.946725845336914,3.790934035652562,3.946725845336914,118800,0.0,0.0
1997-09-09 00:00:00-04:00,4.050583910059046,4.232340880382209,3.972688065634834,4.206375598907471,826400,0.0,0.0
1997-09-10 00:00:00-04:00,4.2063789917872505,4.23234429420569,4.050587177276611,4.050587177276611,844400,0.0,0.0
1997-09-11 00:00:00-04:00,4.102516490221023,4.154447078704834,4.050585901737213,4.154447078704834,336800,0.0,0.0
1997-09-12 00:00:00-04:00,4.128479575181936,4.151199591684346,3.9986531734466553,3.9986531734466553,174400,0.0,0.0
1997-09-15 00:00:00-04:00,4.0765511959791185,4.206377667188645,3.9986553132534026,4.154447078704834,245600,0.0,0.0
1997-09-16 00:00:00-04:00,4.180412051043933,4.180412051043933,4.102516174316406,4.102516174316406,104400,0.0,0.0
1997-09-17 00:00:00-04:00,4.102516490221023,4.180412372946739,4.102516490221023,4.154447078704834,155200,0.0,0.0
1997-09-18 00:00:00-04:00,4.128480636214014,4.180411210254442,4.128480636214014,4.141463279724121,66800,0.0,0.0
1997-09-19 00:00:00-04:00,4.141464112680169,4.199886416424731,4.102516174316406,4.102516174316406,56800,0.0,0.0
1997-09-22 00:00:00-04:00,4.115498266879868,4.206376777504975,4.115498266879868,4.128480911254883,89200,0.0,0.0
1997-09-23 00:00:00-04:00,4.180412051043933,4.180412051043933,4.102516174316406,4.102516174316406,169600,0.0,0.0
1997-09-24 00:00:00-04:00,4.102516490221023,4.206377667188645,4.102516490221023,4.154447078704834,60800,0.0,0.0
1997-09-25 00:00:00-04:00,4.154446200004914,4.154446200004914,4.128480911254883,4.128480911254883,77200,0.0,0.0
1997-09-26 00:00:00-04:00,4.13889217376709,4.164922942155562,4.13889217376709,4.13889217376709,106800,0.0125,0.0
1997-09-29 00:00:00-04:00,4.269047026200727,4.373170124400746,4.190954702550714,4.295077800750732,332000,0.0,0.0
1997-09-30 00:00:00-04:00,4.29507752008076,4.29507752008076,4.008739018742042,4.1128621101379395,251600,0.0,0.0
1997-10-01 00:00:00-04:00,4.190954702550714,4.295077800750732,4.112862378900701,4.295077800750732,446800,0.0,0.0
1997-10-02 00:00:00-04:00,4.295077556517066,4.321108329586867,4.216985237307665,4.269046783447266,127600,0.0,0.0
1997-10-03 00:00:00-04:00,4.275555117036327,4.3211085753007366,4.269047026200727,4.295077800750732,138000,0.0,0.0
1997-10-06 00:00:00-04:00,4.295077556517066,4.295077556517066,4.269046783447266,4.269046783447266,30800,0.0,0.0
1997-10-07 00:00:00-04:00,4.269047026200727,4.3211085753007366,4.269047026200727,4.295077800750732,62000,0.0,0.0
1997-10-08 00:00:00-04:00,4.295077556517066,4.295077556517066,4.269046783447266,4.269046783447266,113600,0.0,0.0
1997-10-09 00:00:00-04:00,4.269046783447266,4.269046783447266,4.190954464237865,4.269046783447266,329600,0.0,0.0
1997-10-10 00:00:00-04:00,4.216988187317455,4.269049769876929,4.216988187317455,4.2560343742370605,257200,0.0,0.0
1997-10-13 00:00:00-04:00,4.243016010377466,4.321108329586867,4.243016010377466,4.269046783447266,102400,0.0,0.0
1997-10-14 00:00:00-04:00,4.373170158077526,4.685539455083064,4.373170158077526,4.503324031829834,719600,0.0,0.0
1997-10-15 00:00:00-04:00,4.477293512556288,4.815693603621589,4.451262736320495,4.685539722442627,486400,0.0,0.0
1997-10-16 00:00:00-04:00,4.776647449835487,4.919816719449085,4.776647449835487,4.789662837982178,368800,0.0,0.0
1997-10-17 00:00:00-04:00,4.7896625877085315,4.8417241375749285,4.6595087130425386,4.7115702629089355,603200,0.0,0.0
1997-10-20 00:00:00-04:00,4.659508946206834,4.763632051150004,4.659508946206834,4.685539722442627,212000,0.0,0.0
1997-10-21 00:00:00-04:00,4.688793202096993,4.997909069061279,4.688793202096993,4.997909069061279,825600,0.0,0.0
1997-10-22 00:00:00-04:00,5.0760014176368715,5.310278406143189,4.997909088134766,5.206155300140381,1429200,0.0,0.0
1997-10-23 00:00:00-04:00,5.1540935215691634,5.362339724460846,5.102031970846242,5.284247398376465,723200,0.0,0.0
1997-10-24 00:00:00-04:00,5.310276985168457,5.336307754703596,5.12806159842248,5.310276985168457,886800,0.0,0.0
1997-10-27 00:00:00-05:00,5.102032153502755,5.128062929796136,4.581416627635127,4.789662837982178,852000,0.0,0.0
1997-10-28 00:00:00-05:00,4.529355106931744,5.258216848277082,4.529355106931744,5.1540937423706055,1093200,0.0,0.0
1997-10-29 00:00:00-05:00,5.2061552953238435,5.31027840123032,5.128062965893986,5.1540937423706055,767600,0.0,0.0
1997-10-30 00:00:00-05:00,4.997910509611431,5.154095213036788,4.9458489418029785,4.9458489418029785,112000,0.0,0.0
1997-10-31 00:00:00-05:00,5.102031216178973,5.102031216178973,4.945846587112269,5.049969673156738,169600,0.0,0.0
1997-11-03 00:00:00-05:00,5.0760014176368715,5.206155300140381,4.997909088134766,5.206155300140381,548400,0.0,0.0
1997-11-04 00:00:00-05:00,5.154093500321287,5.232185826083731,5.049970399304695,5.128062725067139,412000,0.0,0.0
1997-11-05 00:00:00-05:00,5.180124503870805,5.180124503870805,4.945847516258557,4.997909069061279,718000,0.0,0.0
1997-11-06 00:00:00-05:00,4.9979107196514425,5.076003074645996,4.9979107196514425,5.076003074645996,465200,0.0,0.0
1997-11-07 00:00:00-05:00,5.023941504649627,5.076003074645996,4.945849149655073,5.076003074645996,12800,0.0,0.0
1997-11-10 00:00:00-05:00,5.1020324266136585,5.310278648108094,4.997909315866441,5.180124759674072,348800,0.0,0.0
1997-11-11 00:00:00-05:00,5.154095051570863,5.193141226203976,5.154095051570863,5.167110443115234,291200,0.0,0.0
1997-11-12 00:00:00-05:00,5.128063083600395,5.180124637748622,4.997909198229826,5.141078472137451,36400,0.0,0.0
1997-11-13 00:00:00-05:00,5.049972289647812,5.10203385964418,4.9979107196514425,5.076003074645996,258800,0.0,0.0
1997-11-14 00:00:00-05:00,5.075998875632215,5.310275746815241,4.997906585237874,5.232183456420898,107600,0.0,0.0
1997-11-17 00:00:00-05:00,5.23218456398887,5.388369177839284,5.23218456398887,5.323292255401611,555200,0.0,0.0
1997-11-18 00:00:00-05:00,5.362340210705268,5.3883709884271385,5.2842478775396575,5.336309432983398,322800,0.0,0.0
1997-11-19 00:00:00-05:00,5.336308703564181,5.3883702518916365,5.2061548327455425,5.258216381072998,427600,0.0,0.0
1997-11-20 00:00:00-05:00,5.2321863220959175,5.375355599566204,5.2321863220959175,5.336309432983398,717200,0.0,0.0
1997-11-21 00:00:00-05:00,5.284247756883026,5.336309311138031,5.206155425500518,5.297263145446777,204400,0.0,0.0
1997-11-24 00:00:00-05:00,5.310279741548838,5.310279741548838,5.21917200088501,5.21917200088501,15600,0.0,0.0
1997-11-25 00:00:00-05:00,5.206155300140381,5.310278406143189,5.206155300140381,5.206155300140381,166800,0.0,0.0
1997-11-26 00:00:00-05:00,5.258217092734485,5.258217092734485,5.154093981987268,5.180124759674072,126400,0.0,0.0
1997-11-28 00:00:00-05:00,5.154092759201207,5.2061543022234416,4.997908130134504,5.049969673156738,313600,0.0,0.0
1997-12-01 00:00:00-05:00,5.15409542964055,5.15409542964055,4.9979107196514425,5.076003074645996,42400,0.0,0.0
1997-12-02 00:00:00-05:00,5.128062002512873,5.180123545685593,5.102031230926514,5.102031230926514,252000,0.0,0.0
1997-12-03 00:00:00-05:00,5.206155529911654,5.206155529911654,5.023940086364746,5.023940086364746,91200,0.0,0.0
1997-12-04 00:00:00-05:00,5.049970187763176,5.258216381072998,5.049970187763176,5.258216381072998,499200,0.0,0.0
1997-12-05 00:00:00-05:00,5.102030828887341,5.362338524238735,5.102030828887341,5.310276985168457,990800,0.0,0.0
1997-12-08 00:00:00-05:00,5.310278173737926,5.323293561418656,5.206155072292084,5.284247398376465,512400,0.0,0.0
1997-12-09 00:00:00-05:00,5.284247398376465,5.310278173737926,5.258216623015005,5.284247398376465,166400,0.0,0.0
1997-12-10 00:00:00-05:00,5.284247155236725,5.310277929400453,5.23218560690927,5.258216381072998,262000,0.0,0.0
1997-12-11 00:00:00-05:00,5.180123137492759,5.336307754703596,5.180123137492759,5.310276985168457,517200,0.0,0.0
1997-12-12 00:00:00-05:00,5.232186787370322,5.440433027663668,5.232186787370322,5.388371467590332,542800,0.0,0.0
1997-12-15 00:00:00-05:00,5.440432555176491,5.75280188848806,5.388370999624563,5.596617221832275,890400,0.0,0.0
1997-12-16 00:00:00-05:00,5.6226470187942,5.6226470187942,5.479477766000829,5.492493152618408,788800,0.0,0.0
1997-12-17 00:00:00-05:00,5.466464271008129,5.6486797467084,5.466464271008129,5.544556617736816,378400,0.0,0.0
1997-12-18 00:00:00-05:00,5.518527984619141,5.596620361759977,5.518527984619141,5.518527984619141,27600,0.0,0.0
1997-12-19 00:00:00-05:00,5.440431701069017,5.466462474758343,5.336308606311715,5.375354766845703,348800,0.0,0.0
1997-12-22 00:00:00-05:00,5.908984856562571,6.039138708028707,5.674707923923527,5.7788310050964355,1256800,0.0,0.0
1997-12-23 00:00:00-05:00,5.778831851508941,5.98707804435611,5.726770303297149,5.843908786773682,596000,0.0,0.0
1997-12-24 00:00:00-05:00,5.882956504821777,6.039141190790497,5.830894942832204,5.882956504821777,274400,0.0,0.0
1997-12-26 00:00:00-05:00,5.935017100402287,5.935017100402287,5.8308939933776855,5.8308939933776855,604000,0.0,0.0
1997-12-29 00:00:00-05:00,5.841323717505531,5.9717104076284215,5.841323717505531,5.8934783935546875,238800,0.0125,0.0
1997-12-30 00:00:00-05:00,5.97171037349743,6.023865049248499,5.8934783598708265,5.906517028808594,261200,0.0,0.0
1997-12-31 00:00:00-05:00,6.023866218856618,6.284639648244351,5.893479504162753,6.180330276489258,610400,0.0,0.0
1998-01-02 00:00:00-05:00,6.180329870369475,6.206407211594662,6.102097846693912,6.154252529144287,617200,0.0,0.0
1998-01-05 00:00:00-05:00,6.128174910942714,6.336793631315231,6.128174910942714,6.258561611175537,659200,0.0,0.0
1998-01-06 00:00:00-05:00,6.258562768411915,6.754032320911191,6.258562768411915,6.688838958740234,888400,0.0,0.0
1998-01-07 00:00:00-05:00,6.545411995479038,6.83226272038051,6.545411995479038,6.754030704498291,657200,0.0,0.0
1998-01-08 00:00:00-05:00,6.727955059832837,6.740993732429413,6.467181607901332,6.493258953094482,388000,0.0,0.0
1998-01-09 00:00:00-05:00,6.415025302342006,6.675798688616071,6.31071594783238,6.3889479637146,434000,0.0,0.0
1998-01-12 00:00:00-05:00,6.310715748417762,6.623643802058312,6.154251721597487,6.467179775238037,178800,0.0,0.0
1998-01-13 00:00:00-05:00,6.5714889237605245,6.623643597758623,6.467179575764326,6.545411586761475,1388800,0.0,0.0
1998-01-14 00:00:00-05:00,6.571489126451554,6.571489126451554,6.388947761827899,6.467179775238037,1671200,0.0,0.0
1998-01-15 00:00:00-05:00,6.415024836858114,6.701875540945265,6.415024836858114,6.571488857269287,409200,0.0,0.0
1998-01-16 00:00:00-05:00,6.675799401719331,7.093036864326789,6.571490036067466,7.014804840087891,1323200,0.0,0.0
1998-01-20 00:00:00-05:00,7.301657013973947,7.718894557629602,7.24950232101699,7.692817211151123,984800,0.0,0.0
1998-01-21 00:00:00-05:00,7.666733915155584,8.031816482543945,7.562424610187481,8.031816482543945,1099600,0.0,0.0
1998-01-22 00:00:00-05:00,8.03182092877136,8.03182092877136,7.7188928406374115,7.797124862670898,588400,0.0,0.0
1998-01-23 00:00:00-05:00,7.797130068954156,7.849284785134452,7.432047055692089,7.666743278503418,1060400,0.0,0.0
1998-01-26 00:00:00-05:00,7.79712368382348,7.79712368382348,7.484195643001133,7.510272979736328,353600,0.0,0.0
1998-01-27 00:00:00-05:00,7.510272979736328,7.5885049899419155,7.405963632795546,7.510272979736328,122000,0.0,0.0
1998-01-28 00:00:00-05:00,7.379888790943584,7.953590393066406,7.379888790943584,7.953590393066406,435600,0.0,0.0
1998-01-29 00:00:00-05:00,7.823198795318604,8.031817429860434,7.718889478047689,7.8231987953186035,354800,0.0,0.0
1998-01-30 00:00:00-05:00,7.823201933422604,7.823201933422604,7.718892574310304,7.718892574310303,804000,0.0,0.0
1998-02-02 00:00:00-05:00,7.718895284753097,8.031823471972817,7.718895284753097,7.92751407623291,1574800,0.0,0.0
1998-02-03 00:00:00-05:00,8.031821612871125,8.031821612871125,7.7710481838818035,7.901434898376465,814800,0.0,0.0
1998-02-04 00:00:00-05:00,7.914475169166292,8.031823235924936,7.771049754239061,8.005745887756348,587200,0.0,0.0
1998-02-05 00:00:00-05:00,8.057897900635341,8.344748634962166,8.057897900635341,8.292593955993652,888000,0.0,0.0
1998-02-06 00:00:00-05:00,8.318671434740477,8.553367494027826,8.240439414978027,8.240439414978027,493200,0.0,0.0
1998-02-09 00:00:00-05:00,8.44906268119812,8.44906268119812,8.240443849563599,8.34475326538086,342800,0.0,0.0
1998-02-10 00:00:00-05:00,8.39690797328949,8.422985327243806,8.29259855747223,8.34475326538086,355200,0.0,0.0
1998-02-11 00:00:00-05:00,8.344750976562501,8.501215057373047,8.24044158935547,8.475137710571289,718400,0.0,0.0
1998-02-12 00:00:00-05:00,8.501216093699137,8.65768019358317,8.42298404375712,8.449061393737793,847200,0.0,0.0
1998-02-13 00:00:00-05:00,8.553365707397461,8.579443041871233,8.488172371213029,8.553365707397461,7892400,0.0,0.0
1998-02-17 00:00:00-05:00,8.657679991554156,8.657679991554156,8.449061196576947,8.514254570007324,2193600,0.0,0.0
1998-02-18 00:00:00-05:00,8.60552217386946,8.60552217386946,8.13613005529476,8.240439414978027,1437600,0.0,0.0
1998-02-19 00:00:00-05:00,8.240436736768046,8.292591399658983,8.16220474243164,8.16220474243164,794000,0.0,0.0
1998-02-20 00:00:00-05:00,8.162207350537583,8.24043936987181,7.614583215198002,7.718892574310303,1012800,0.0,0.0
1998-02-23 00:00:00-05:00,8.005748933675337,8.08398100794578,7.614588562323123,7.666743278503418,2002400,0.0,0.0
1998-02-24 00:00:00-05:00,7.61458412648821,7.901434898376465,7.61458412648821,7.901434898376465,1480400,0.0,0.0
1998-02-25 00:00:00-05:00,7.927511504618423,8.266516930802764,7.79712480223983,8.23392105102539,1487600,0.0,0.0
1998-02-26 00:00:00-05:00,8.188288606916155,8.26652066367013,8.031824493408203,8.21436595916748,437600,0.0,0.0
1998-02-27 00:00:00-05:00,8.083975651325323,8.188285014568232,7.9796662880824165,8.136130332946777,342400,0.0,0.0
1998-03-02 00:00:00-05:00,8.110053863278164,8.31867261217278,8.110053863278164,8.2208833694458,776000,0.0,0.0
1998-03-03 00:00:00-05:00,8.136127410986173,8.240436736768046,7.901431427976956,8.16220474243164,775200,0.0,0.0
1998-03-04 00:00:00-05:00,8.188285156988329,8.214362498252623,7.979666426873976,8.083975791931152,662400,0.0,0.0
1998-03-05 00:00:00-05:00,8.031817429860434,8.031817429860434,7.666734819412232,7.8231987953186035,890400,0.0,0.0
1998-03-06 00:00:00-05:00,7.927507177575842,8.083971135027998,7.823197872607739,8.031816482543945,414000,0.0,0.0
1998-03-09 00:00:00-05:00,7.979666233062744,8.083975595586441,7.9275115518008965,7.979666233062744,482400,0.0,0.0
1998-03-10 00:00:00-05:00,7.953587884356262,8.27955460092824,7.953587884356262,8.188283920288086,481600,0.0,0.0
1998-03-11 00:00:00-05:00,8.18828797417055,8.266520024879185,8.005746522517066,8.110055923461914,269200,0.0,0.0
1998-03-12 00:00:00-05:00,8.110052715373945,8.240439414978027,8.00574335569068,8.240439414978027,386800,0.0,0.0
1998-03-13 00:00:00-05:00,8.162206826114508,8.605521573858747,8.162206826114508,8.462096214294434,1405200,0.0,0.0
1998-03-16 00:00:00-05:00,8.501211404092942,8.918448773618977,8.266515383734548,8.78806209564209,1579600,0.0,0.0
1998-03-17 00:00:00-05:00,8.605524708410936,8.892375532024635,8.605524708410936,8.709834098815918,663600,0.0,0.0
1998-03-18 00:00:00-05:00,8.761986911207483,8.814141595202765,8.31867209724758,8.696793556213379,843600,0.0,0.0
1998-03-19 00:00:00-05:00,8.657674789428711,8.67071345628026,8.449056119803924,8.657674789428711,318400,0.0,0.0
1998-03-20 00:00:00-05:00,8.605520148977849,8.709829484116975,8.24043747599091,8.2534761428833,551200,0.0,0.0
1998-03-23 00:00:00-05:00,8.08398100794578,8.240445156486667,7.53635648805268,7.666743278503418,1610000,0.0,0.0
1998-03-24 00:00:00-05:00,7.718893857610306,7.927512610518692,7.6667391693832085,7.771048545837402,614400,0.0,0.0
1998-03-25 00:00:00-05:00,7.875356612978755,7.927511292534906,7.588505875419926,7.718892574310303,466400,0.0,0.0
1998-03-26 00:00:00-05:00,7.588511204232975,7.718897994683713,7.510279129962532,7.666743278503418,682400,0.0,0.0
1998-03-27 00:00:00-05:00,7.7816362380981445,7.990539224355813,7.677184744969311,7.7816362380981445,674400,0.0125,0.0
1998-03-30 00:00:00-05:00,7.729414035280205,7.990542887823454,7.520510953245604,7.611906051635742,529600,0.0,0.0
1998-03-31 00:00:00-05:00,7.651072343734846,7.755523843308018,7.520507969268381,7.624959468841553,1040400,0.0,0.0
1998-04-01 00:00:00-05:00,7.585784470531303,7.755518030112898,7.207148068387744,7.416050910949707,1024000,0.0,0.0
1998-04-02 00:00:00-05:00,7.389943122863769,7.46828174254077,6.684895545770759,7.3899431228637695,4434000,0.0,0.0
1998-04-03 00:00:00-05:00,7.572730891343073,7.729408082198447,7.468279430772824,7.664125919342041,1844400,0.0,0.0
1998-04-06 00:00:00-04:00,7.807749593094604,7.990539717347655,7.546620844161674,7.624959468841553,623600,0.0,0.0
1998-04-07 00:00:00-04:00,7.8338608299334025,7.8338608299334025,7.442167788436732,7.5988450050354,645600,0.0,0.0
1998-04-08 00:00:00-04:00,7.442171561156268,7.59884885718061,7.416058678485545,7.4813408851623535,390000,0.0,0.0
1998-04-09 00:00:00-04:00,7.4682786851315885,7.7555201730212655,7.455222253863876,7.72940731048584,1230800,0.0,0.0
1998-04-13 00:00:00-04:00,7.755524801803848,7.833863436165503,7.572734654959985,7.703299045562744,361600,0.0,0.0
1998-04-14 00:00:00-04:00,7.703291642956617,8.56501579284668,7.703291642956617,8.56501579284668,1388800,0.0,0.0
1998-04-15 00:00:00-04:00,8.59113270081814,8.59113270081814,8.016649663073462,8.3038911819458,778000,0.0,0.0
1998-04-16 00:00:00-04:00,8.356112968630907,8.643354351927593,8.25166155652302,8.56501579284668,703200,0.0,0.0
1998-04-17 00:00:00-04:00,8.669476412902304,9.087282505090368,8.617250651378797,9.061169624328613,795600,0.0,0.0
1998-04-20 00:00:00-04:00,9.087279968261718,9.557311690758015,9.061167094789703,9.465916633605957,1235200,0.0,0.0
1998-04-21 00:00:00-04:00,9.505090120103624,9.557315889994303,9.191735500759549,9.400638580322266,556800,0.0,0.0
1998-04-22 00:00:00-04:00,9.53119575456002,9.53119575456002,8.930599857697334,8.95671272277832,190800,0.0,0.0
1998-04-23 00:00:00-04:00,8.904485270067736,9.087275290274405,8.61724380974297,8.695582389831543,221600,0.0,0.0
1998-04-24 00:00:00-04:00,8.617243934095951,9.061162561003924,8.617243934095951,8.930598258972168,781600,0.0,0.0
1998-04-27 00:00:00-04:00,8.773927777727074,8.982830820053909,8.27778305220084,8.382234573364258,235200,0.0,0.0
1998-04-28 00:00:00-04:00,8.382234555703622,8.747814879005338,8.251670154524438,8.460573196411133,324400,0.0,0.0
1998-04-29 00:00:00-04:00,8.460573500650792,8.565025025350185,8.3561219759514,8.512799263000488,110800,0.0,0.0
1998-04-30 00:00:00-04:00,8.643363358061992,8.721701998769502,8.460573196411133,8.460573196411133,221600,0.0,0.0
1998-05-01 00:00:00-04:00,8.486682914895233,8.643360137939453,8.303892821343643,8.643360137939453,525200,0.0,0.0
1998-05-04 00:00:00-04:00,8.460570061082457,8.930601731142593,8.460570061082457,8.760868072509766,570800,0.0,0.0
1998-05-05 00:00:00-04:00,8.565024717354481,8.773927759241175,8.303895914996112,8.460573196411133,349200,0.0,0.0
1998-05-06 00:00:00-04:00,8.85226173518981,8.85226173518981,8.330004405680087,8.434455871582031,779600,0.0,0.0
1998-05-07 00:00:00-04:00,8.408343005106545,8.695584536336893,8.408343005106545,8.434455871582031,238400,0.0,0.0
1998-05-08 00:00:00-04:00,8.512794397439167,8.512794397439167,8.02970637181762,8.199440002441406,558800,0.0,0.0
1998-05-11 00:00:00-04:00,8.016654993358411,8.225558055074591,7.938316345214844,7.938316345214844,453200,0.0,0.0
1998-05-12 00:00:00-04:00,7.886086299173855,8.04276351041572,7.781634825012612,7.859973430633545,384800,0.0,0.0
1998-05-13 00:00:00-04:00,7.990534687042236,7.990534687042236,7.755518960952759,7.833857536315918,636000,0.0,0.0
1998-05-14 00:00:00-04:00,7.807750670789312,8.173330969756035,7.781637792291688,8.003597259521484,528000,0.0,0.0
1998-05-15 00:00:00-04:00,8.016649336754522,8.40834230109106,8.016649336754522,8.251665115356445,423600,0.0,0.0
1998-05-18 00:00:00-04:00,8.382230339298808,8.460568940600666,7.964424465688898,8.016650199890137,234400,0.0,0.0
1998-05-19 00:00:00-04:00,8.042763725354357,8.303892417735991,8.042763725354357,8.121102333068848,498400,0.0,0.0
1998-05-20 00:00:00-04:00,8.147213989833617,8.356116912649863,8.08193182645354,8.3038911819458,543200,0.0,0.0
1998-05-21 00:00:00-04:00,8.77392433457241,8.77392433457241,8.512795634138707,8.689058303833008,1658400,0.0,0.0
1998-05-22 00:00:00-04:00,8.656414417120127,8.82614803314209,8.643357985118437,8.82614803314209,335200,0.0,0.0
1998-05-26 00:00:00-04:00,8.747811637230317,8.930601731142593,8.669473025553629,8.760868072509766,388000,0.0,0.0
1998-05-27 00:00:00-04:00,8.59113125054233,8.747808416205716,8.48667980676674,8.669469833374023,717200,0.0,0.0
1998-05-28 00:00:00-04:00,8.773926388133656,9.29618391123685,8.773926388133656,9.191732406616211,793600,0.0,0.0
1998-05-29 00:00:00-04:00,9.11338897936606,9.296179016201481,9.008937529745818,9.035050392150879,546800,0.0,0.0
1998-06-01 00:00:00-04:00,9.08728090739865,9.296183916764136,8.878377898033163,9.113393783569336,300800,0.0,0.0
1998-06-02 00:00:00-04:00,9.400634765625,9.426747639973957,9.217844645182291,9.322296142578125,371600,0.0,0.0
1998-06-03 00:00:00-04:00,9.243958783953378,9.348410295636466,9.087281516428744,9.296184539794922,418000,0.0,0.0
1998-06-04 00:00:00-04:00,9.322296142578125,9.322296142578125,9.165618896484375,9.322296142578125,105600,0.0,0.0
1998-06-05 00:00:00-04:00,9.348409016927082,9.348409016927082,9.24395751953125,9.322296142578125,120000,0.0,0.0
1998-06-08 00:00:00-04:00,9.348405915969725,9.896776095398115,9.296180184595592,9.58342170715332,1005600,0.0,0.0
1998-06-09 00:00:00-04:00,9.766212463378906,9.818438198477189,9.400632317690926,9.766212463378906,590200,0.0,2.0
1998-06-10 00:00:00-04:00,9.870667164142315,10.079570172907232,9.45286114661248,9.505086898803711,476000,0.0,0.0
1998-06-11 00:00:00-04:00,9.766212793106728,9.870664266829795,9.505084108799062,9.818438529968262,472400,0.0,0.0
1998-06-12 00:00:00-04:00,9.870663933575472,10.131792609066887,9.505083787887491,9.766212463378906,471400,0.0,0.0
1998-06-15 00:00:00-04:00,9.452857074530227,9.713985722997913,9.191728426062543,9.60953426361084,334000,0.0,0.0
1998-06-16 00:00:00-04:00,9.661761612020513,9.922890304237283,9.557310135133806,9.713987350463867,204000,0.0,0.0
1998-06-17 00:00:00-04:00,10.027341871995192,10.236244827661759,9.818438916328626,10.184019088745117,324800,0.0,0.0
1998-06-18 00:00:00-04:00,10.340695633171753,10.54959857525603,9.922889749003197,10.079566955566406,249000,0.0,0.0
1998-06-19 00:00:00-04:00,10.236247072721781,10.236247072721781,9.818441069753547,9.922892570495605,232800,0.0,0.0
1998-06-22 00:00:00-04:00,10.131795548229682,10.862956051710174,10.10568267310538,10.706278800964355,758600,0.0,0.0
1998-06-23 00:00:00-04:00,10.601821472896402,10.654047194437764,10.027338535941425,10.392918586730957,227000,0.0,0.0
1998-06-24 00:00:00-04:00,10.654051820996782,11.202422135312792,10.340697355673347,11.124083518981934,640800,0.0,0.0
1998-06-25 00:00:00-04:00,11.3852119268373,11.3852119268373,10.915180241784384,11.228534698486328,492400,0.0,0.0
1998-06-26 00:00:00-04:00,11.397930136748723,11.973055051905769,11.188793803964343,11.711634635925293,932800,0.015,0.0
1998-06-29 00:00:00-04:00,11.816207613263812,12.44361686706543,11.816207613263812,12.44361686706543,1066400,0.0,0.0
1998-06-30 00:00:00-04:00,12.548179967062815,12.548179967062815,11.659350552729197,11.711634635925293,1137600,0.0,0.0
1998-07-01 00:00:00-04:00,11.711641078256855,12.70503920543043,11.711641078256855,12.391334533691406,1385000,0.0,0.0
1998-07-02 00:00:00-04:00,12.4958994853546,12.626609731017306,12.339047190559356,12.600467681884766,690800,0.0,0.0
1998-07-06 00:00:00-04:00,12.757320516249711,14.32584353054271,12.626610265058629,14.221275329589844,873400,0.0,0.0
1998-07-07 00:00:00-04:00,14.168989884019389,14.195131931775883,12.652751114142776,12.705035209655762,2694600,0.0,0.0
1998-07-08 00:00:00-04:00,12.65275127210115,12.705035368266858,12.234478502775493,12.417472839355469,1107400,0.0,0.0
1998-07-09 00:00:00-04:00,12.443618174522154,13.071027494245959,12.443618174522154,12.966459274291992,610600,0.0,0.0
1998-07-10 00:00:00-04:00,13.018740171169137,13.175592462388042,12.443615103366485,12.495899200439453,1063800,0.0,0.0
1998-07-13 00:00:00-04:00,12.495903142293296,12.80960782368978,12.443619028727214,12.548187255859375,344200,0.0,0.0
1998-07-14 00:00:00-04:00,12.548182010650635,13.384727478027344,12.548182010650635,13.384727478027344,1599000,0.0,0.0
1998-07-15 00:00:00-04:00,13.384727912220528,13.43701200562764,12.548182417706744,12.861886978149414,508000,0.0,0.0
1998-07-16 00:00:00-04:00,12.757323710123698,12.966460164388021,12.025346120198568,12.548187255859375,1277800,0.0,0.0
1998-07-17 00:00:00-04:00,12.495899903969686,13.071025004152393,12.391331703936467,12.757320404052734,370200,0.0,0.0
1998-07-20 00:00:00-04:00,12.522045450762283,12.75732396653861,12.443619278836842,12.652755737304688,107000,0.0,0.0
1998-07-21 00:00:00-04:00,12.70503738948277,12.70503738948277,12.339048658098493,12.44361686706543,791000,0.0,0.0
1998-07-22 00:00:00-04:00,12.75731930516875,12.861887496194722,12.548182923116803,12.705035209655762,527200,0.0,0.0
1998-07-23 00:00:00-04:00,12.757323647317616,13.332448893713083,12.60047130739158,12.914175987243652,976200,0.0,0.0
1998-07-24 00:00:00-04:00,12.70503710892241,13.280162245540296,12.129911972304523,12.339048385620117,760000,0.0,0.0
1998-07-27 00:00:00-04:00,12.44361544491952,12.44361544491952,11.711638065806607,11.920774459838867,422400,0.0,0.0
1998-07-28 00:00:00-04:00,11.868486885513578,12.129907301494054,11.607066469533104,11.711634635925293,441400,0.0,0.0
1998-07-29 00:00:00-04:00,12.286761861986818,12.286761861986818,11.711636838659777,11.816205024719238,119800,0.0,0.0
1998-07-30 00:00:00-04:00,12.129912310559925,12.129912310559925,11.737781524658203,11.737781524658203,453400,0.0,0.0
1998-07-31 00:00:00-04:00,11.763917406400044,11.920769638485378,11.293360710144043,11.293360710144043,607600,0.0,0.0
1998-08-03 00:00:00-04:00,11.345649072983687,11.345649072983687,10.953518344654757,11.110370635986328,263800,0.0,0.0
1998-08-04 00:00:00-04:00,11.08422726222447,11.816204534258162,10.927374989645822,10.979659080505371,573800,0.0,0.0
1998-08-05 00:00:00-04:00,10.927378124660915,10.979662230520537,10.143116536766591,10.352252960205078,369000,0.0,0.0
1998-08-06 00:00:00-04:00,10.456825652212467,11.136519319606277,10.404541523951405,11.084235191345215,225800,0.0,0.0
1998-08-07 00:00:00-04:00,11.502501630135791,11.659353925092189,11.136512941904197,11.55478572845459,298800,0.0,0.0
1998-08-10 00:00:00-04:00,11.711634635925293,12.129907301494054,11.659350552729197,11.711634635925293,344000,0.0,0.0
1998-08-11 00:00:00-04:00,11.711641698328943,11.711641698328943,11.293368780531482,11.476363182067871,207600,0.0,0.0
1998-08-12 00:00:00-04:00,11.607069362293592,12.234478517012164,11.554785266067043,12.07762622833252,239800,0.0,0.0
1998-08-13 00:00:00-04:00,12.129911738458404,12.129911738458404,11.450218408286165,11.528644561767578,273000,0.0,0.0
1998-08-14 00:00:00-04:00,11.659349251676488,11.685491290357378,10.875088091249818,11.293360710144043,196800,0.0,0.0
1998-08-17 00:00:00-04:00,10.875097384982638,11.79006952073839,10.875097384982638,11.763927459716797,320000,0.0,0.0
1998-08-18 00:00:00-04:00,11.711639795547876,12.443617282769619,11.711639795547876,12.234480857849121,871400,0.0,0.0
1998-08-19 00:00:00-04:00,12.182193675927357,12.365188001531417,11.763920931689508,11.816205024719238,332000,0.0,0.0
1998-08-20 00:00:00-04:00,11.816207681838547,11.92077589141234,11.711639472264755,11.737781524658203,268600,0.0,0.0
1998-08-21 00:00:00-04:00,11.711638564363533,11.711638564363533,11.136513456292109,11.397933959960938,374400,0.0,0.0
1998-08-24 00:00:00-04:00,11.29336351961703,11.659352152197211,11.136511248511237,11.607068061828613,129000,0.0,0.0
1998-08-25 00:00:00-04:00,11.554790483394138,11.659358723062864,11.084233404884875,11.136517524719238,666200,0.0,0.0
1998-08-26 00:00:00-04:00,10.927377142557285,10.979661243717846,10.613672535593917,10.718240737915039,552800,0.0,0.0
1998-08-27 00:00:00-04:00,10.509105001177106,10.822809628077916,10.247684478759766,10.613673210144043,539600,0.0,0.0
1998-08-28 00:00:00-04:00,10.665955950123395,10.927376439097008,10.090830874381448,10.116972923278809,374600,0.0,0.0
1998-08-31 00:00:00-04:00,10.247687816619873,10.45682430267334,8.365459442138672,8.783732414245605,641000,0.0,0.0
1998-09-01 00:00:00-04:00,8.783729678294698,9.620275361941813,8.57459325738292,9.567991256713867,500200,0.0,0.0
1998-09-02 00:00:00-04:00,9.67255739065317,9.777125578660232,9.306568732628456,9.515705108642578,204200,0.0,0.0
1998-09-03 00:00:00-04:00,9.201996154785157,9.254280223846436,7.738042221069336,7.8426103591918945,1664600,0.0,0.0
1998-09-04 00:00:00-04:00,8.051752167026493,8.104036272007184,7.110638277374044,7.162922382354736,1456800,0.0,0.0
1998-09-08 00:00:00-04:00,8.313174675922005,8.313174675922005,7.476628796583941,7.685765266418457,1457400,0.0,0.0
1998-09-09 00:00:00-04:00,7.81647497812907,7.81647497812907,6.221809514363607,6.2740936279296875,1443400,0.0,0.0
1998-09-10 00:00:00-04:00,6.012672874997939,6.43094577064997,5.698968203258916,6.195667266845703,1940200,0.0,0.0
1998-09-11 00:00:00-04:00,6.274091444050955,7.110636969924417,6.0126709672155,7.032210826873779,2319000,0.0,0.0
1998-09-14 00:00:00-04:00,7.2936326414346695,8.051752163304224,7.215206483999888,7.528911113739014,853800,0.0,0.0
1998-09-15 00:00:00-04:00,7.528906486403774,7.633474632048271,7.31977019511478,7.424338340759277,1631600,0.0,0.0
1998-09-16 00:00:00-04:00,7.555054233624385,8.653020592836233,7.502770121280963,8.15632152557373,1038200,0.0,0.0
1998-09-17 00:00:00-04:00,7.685762961179215,7.947183470062861,7.476626554072298,7.894899368286133,773800,0.0,0.0
1998-09-18 00:00:00-04:00,7.999461442521475,8.156313627668954,7.894893319089822,8.077887535095215,385400,0.0,0.0
1998-09-21 00:00:00-04:00,7.921035349947735,8.156313627668954,7.738041133942342,8.077887535095215,241000,0.0,0.0
1998-09-22 00:00:00-04:00,8.156323071592343,8.417743682861328,7.9994707048309515,8.417743682861328,723200,0.0,0.0
1998-09-23 00:00:00-04:00,8.574593973159791,8.653020137548447,7.947184658050538,8.365457534790039,1138200,0.0,0.0
1998-09-24 00:00:00-04:00,8.4177399727606,8.470024071970293,7.999467179083055,8.104035377502441,460400,0.0,0.0
1998-09-25 00:00:00-04:00,7.790333413458489,8.234748406843705,7.73804929658964,8.051753997802734,286800,0.0,0.0
1998-09-28 00:00:00-04:00,8.169049540266823,8.430878051172812,7.907221029360835,8.195232391357422,214600,0.015,0.0
1998-09-29 00:00:00-04:00,8.064320586448492,8.37851489501142,7.750126277885564,7.881040573120117,311800,0.0,0.0
1998-09-30 00:00:00-04:00,7.907221937491223,8.064319062077141,7.540661980124081,8.011953353881836,451800,0.0,0.0
1998-10-01 00:00:00-04:00,7.9595839481225745,8.011949631991802,7.750121212645665,7.802486896514893,331600,0.0,0.0
1998-10-02 00:00:00-04:00,7.802490521100611,8.03813620797949,7.802490521100611,8.011953353881836,253600,0.0,0.0
1998-10-05 00:00:00-04:00,7.854854416202854,7.959585808418892,7.593025935662759,7.750123023986816,441200,0.0,0.0
1998-10-06 00:00:00-04:00,7.7501252710002735,7.933405260517172,7.383565291966477,7.6453938484191895,340400,0.0,0.0
1998-10-07 00:00:00-04:00,7.593023961698505,7.645389644192978,7.383561231720615,7.435926914215088,347400,0.0,0.0
1998-10-08 00:00:00-04:00,6.755176748283179,7.017005304418186,6.1791539247861635,6.728993892669678,1151200,0.0,0.0
1998-10-09 00:00:00-04:00,6.75517512427436,7.226466412014432,6.440980932447646,7.069369316101074,332800,0.0,0.0
1998-10-12 00:00:00-04:00,7.06937353094141,7.645396559388487,7.06937353094141,7.488299369812012,594800,0.0,0.0
1998-10-13 00:00:00-04:00,7.54066276550293,7.645394192801581,7.226468483606975,7.54066276550293,214200,0.0,0.0
1998-10-14 00:00:00-04:00,7.488300241922078,8.116689073412042,7.331203034049586,7.959591865539551,732200,0.0,0.0
1998-10-15 00:00:00-04:00,8.01195503581654,8.666526525670832,8.01195503581654,8.64034366607666,692200,0.0,0.0
1998-10-16 00:00:00-04:00,8.679613061853358,10.05421241554054,8.640338794605153,9.687652587890625,1270000,0.0,0.0
1998-10-19 00:00:00-04:00,9.216368179522593,10.368414201962917,9.216368179522593,9.92330551147461,997000,0.0,0.0
1998-10-20 00:00:00-04:00,10.158946579152888,10.4731408032504,8.954535386779092,9.216363906860352,799400,0.0,0.0
1998-10-21 00:00:00-04:00,9.216363415275653,10.15894603729248,8.90216920793671,10.15894603729248,619400,0.0,0.0
1998-10-22 00:00:00-04:00,10.054215891768294,10.865884362197503,9.94948447622904,10.734970092773438,350800,0.0,0.0
1998-10-23 00:00:00-04:00,10.577873498351131,10.892067760678392,10.211313525635992,10.4207763671875,345200,0.0,0.0
1998-10-26 00:00:00-05:00,10.473139957556121,10.525505657343903,10.001848659466095,10.132762908935547,398800,0.0,0.0
1998-10-27 00:00:00-05:00,10.106582773648777,10.21131420135498,9.740022776677058,10.21131420135498,254800,0.0,0.0
1998-10-28 00:00:00-05:00,9.949486158332046,10.446960466248647,9.949486158332046,10.263680458068848,126200,0.0,0.0
1998-10-29 00:00:00-05:00,10.263679639257566,10.420776776593142,10.001851077031608,10.36841106414795,240400,0.0,0.0
1998-10-30 00:00:00-05:00,10.446960028480081,10.865885743907853,10.368411456837373,10.682605743408203,223400,0.0,0.0
1998-11-02 00:00:00-05:00,10.787334138313225,11.834648132324219,10.630237039211577,11.834648132324219,632400,0.0,0.0
1998-11-03 00:00:00-05:00,12.253572386664313,12.46303516250473,11.25862420142234,11.625184059143066,542600,0.0,0.0
1998-11-04 00:00:00-05:00,11.468087145260403,11.939378397805351,11.468087145260403,11.729915618896484,400600,0.0,0.0
1998-11-05 00:00:00-05:00,11.468088704889471,11.677551512284712,11.101528791947798,11.520454406738281,195800,0.0,0.0
1998-11-06 00:00:00-05:00,11.41572128330265,11.756098294043326,11.41572128330265,11.625184059143066,123200,0.0,0.0
1998-11-09 00:00:00-05:00,11.363360992540116,11.572823867978643,10.787338085084166,11.049166679382324,242200,0.0,0.0
1998-11-10 00:00:00-05:00,10.996799181454145,11.153896312617777,10.158947815248116,10.4207763671875,379400,0.0,0.0
1998-11-11 00:00:00-05:00,10.316043547398067,10.630237767115775,9.740020811248938,10.10658073425293,305800,0.0,0.0
1998-11-12 00:00:00-05:00,9.844753275340905,10.054216110986456,9.635290439695353,10.028033256530762,511400,0.0,0.0
1998-11-13 00:00:00-05:00,9.844755712452985,10.473144374949985,9.844755712452985,10.224407196044922,143400,0.0,0.0
1998-11-16 00:00:00-05:00,10.473142213459257,10.473142213459257,10.106582235988183,10.342227935791016,142800,0.0,0.0
1998-11-17 00:00:00-05:00,10.368413334161461,11.258630640629871,10.289864748296603,11.153899192810059,475200,0.0,0.0
1998-11-18 00:00:00-05:00,11.153894459678174,11.468088669809953,11.153894459678174,11.337174415588379,295600,0.0,0.0
1998-11-19 00:00:00-05:00,11.389536956946056,11.389536956946056,11.101525677575006,11.310988426208496,691400,0.0,0.0
1998-11-20 00:00:00-05:00,11.153897824688492,11.310994977148894,10.99680067222809,11.206263542175293,289000,0.0,0.0
1998-11-23 00:00:00-05:00,11.206262182589255,11.520456449390823,11.206262182589255,11.44190788269043,194000,0.0,0.0
1998-11-24 00:00:00-05:00,11.101530348833869,11.468090313182158,11.101530348833869,11.127713203430176,336600,0.0,0.0
1998-11-25 00:00:00-05:00,11.101527437639007,11.101527437639007,10.42077339665171,10.944430351257324,145600,0.0,0.0
1998-11-27 00:00:00-05:00,10.996799128801163,11.00989055633545,10.839701998389717,11.00989055633545,41600,0.0,0.0
1998-11-30 00:00:00-05:00,10.996797354612283,11.520454371498584,10.734968846169135,11.337174415588379,438400,0.0,0.0
1998-12-01 00:00:00-05:00,11.415723003040661,11.625185810435902,11.101528791947798,11.520454406738281,324600,0.0,0.0
1998-12-02 00:00:00-05:00,11.468090619796362,12.305941989279201,11.468090619796362,12.253576278686523,738800,0.0,0.0
1998-12-03 00:00:00-05:00,12.358309016053976,13.09142904243006,12.253577583714536,12.934331893920898,1335400,0.0,0.0
1998-12-04 00:00:00-05:00,12.934330948432628,13.510353784192786,11.991748126279642,12.201210975646973,565400,0.0,0.0
1998-12-07 00:00:00-05:00,12.096477014472685,13.091425340338404,12.096477014472685,13.03905963897705,845600,0.0,0.0
1998-12-08 00:00:00-05:00,13.039062632982475,13.45798834006625,12.986696919597003,13.143794059753418,427000,0.0,0.0
1998-12-09 00:00:00-05:00,13.039061950028309,13.196159081956361,12.77723339681489,12.80341625213623,292800,0.0,0.0
1998-12-10 00:00:00-05:00,12.777230425578791,12.98669321944074,12.777230425578791,12.881961822509766,561200,0.0,0.0
1998-12-11 00:00:00-05:00,12.881966713936098,13.1961610240321,12.77723527723743,12.986698150634766,407200,0.0,0.0
1998-12-14 00:00:00-05:00,12.777234745411738,13.039063326260338,12.777234745411738,12.934331893920898,390800,0.0,0.0
1998-12-15 00:00:00-05:00,13.039063471155108,13.19616062140999,12.8296006041486,12.855783462524414,406200,0.0,0.0
1998-12-16 00:00:00-05:00,12.67249761540839,12.7772290006597,11.939377918649228,12.305937767028809,461200,0.0,0.0
1998-12-17 00:00:00-05:00,12.201210975646973,12.515405249697968,11.991748126279642,12.201210975646973,406000,0.0,0.0
1998-12-18 00:00:00-05:00,12.122663797870759,13.143795305682767,12.096480938696093,12.986698150634766,292800,0.0,0.0
1998-12-21 00:00:00-05:00,12.67249977762139,12.881962583863066,12.515402672940134,12.593951225280762,373000,0.0,0.0
1998-12-22 00:00:00-05:00,12.777233527878582,12.777233527878582,11.991747860181128,12.358307838439941,396600,0.0,0.0
1998-12-23 00:00:00-05:00,12.463041724031989,12.463041724031989,12.14884739485471,12.410676002502441,674600,0.0,0.0
1998-12-24 00:00:00-05:00,12.463041804992045,12.881967579949762,12.358310361252617,12.698687553405762,48200,0.0,0.0
1998-12-28 00:00:00-05:00,12.67250197552952,12.881964818100258,12.51540484360147,12.80341625213623,145600,0.0,0.0
1998-12-29 00:00:00-05:00,12.894620895385742,12.947038053497067,12.632535104829122,12.894620895385742,171800,0.015,0.0
1998-12-30 00:00:00-05:00,12.684954930500812,13.20912662184382,12.684954930500812,13.051875114440918,456000,0.0,0.0
1998-12-31 00:00:00-05:00,13.104288345541143,13.864337069582529,12.999454038776815,13.707085609436035,519800,0.0,0.0
1999-01-04 00:00:00-05:00,13.733294237576999,14.100214312626766,13.471208469684308,13.628459930419922,287600,0.0,0.0
1999-01-05 00:00:00-05:00,13.52362762307221,14.205050720358795,13.52362762307221,13.890547752380371,451000,0.0,0.0
1999-01-06 00:00:00-05:00,13.890550228433872,14.414721935167226,13.890550228433872,14.283679008483887,382600,0.0,0.0
1999-01-07 00:00:00-05:00,14.2574692040159,15.200978195458129,14.047800539250959,14.938892364501953,667600,0.0,0.0
1999-01-08 00:00:00-05:00,15.148551165262857,16.092059542338053,15.04371690114339,15.725139617919922,1883000,0.0,0.0
1999-01-11 00:00:00-05:00,15.698942630780666,15.934819899022779,15.567899703979492,15.567899703979492,793200,0.0,0.0
1999-01-12 00:00:00-05:00,15.567899859681422,15.98723722963917,15.410648345947266,15.410648345947266,680400,0.0,0.0
1999-01-13 00:00:00-05:00,14.362306708258552,15.62031897467536,14.1264294083054,14.545766830444336,382600,0.0,0.0
1999-01-14 00:00:00-05:00,14.834049534335128,14.886466670498857,14.28366960461598,14.860258102416992,298000,0.0,0.0
1999-01-15 00:00:00-05:00,14.938887583242881,15.620310525636416,14.886470433827993,15.51547622680664,463000,0.0,0.0
1999-01-19 00:00:00-05:00,15.567899042054227,15.934819221496582,15.567899042054227,15.934819221496582,295200,0.0,0.0
1999-01-20 00:00:00-05:00,16.24931706235279,17.00936576365639,15.620311240584295,15.908605575561523,617000,0.0,0.0
1999-01-21 00:00:00-05:00,15.725146008593569,15.987231775403462,14.205048561096191,14.205048561096191,581600,0.0,0.0
1999-01-22 00:00:00-05:00,13.942962825698341,15.777563197500754,13.942962825698341,15.620311737060547,548400,0.0,0.0
1999-01-25 00:00:00-05:00,15.672727675051304,15.672727675051304,15.305807629147091,15.51547622680664,419400,0.0,0.0
1999-01-26 00:00:00-05:00,15.620310525636416,16.406567766859727,15.51547622680664,15.51547622680664,278400,0.0,0.0
1999-01-27 00:00:00-05:00,15.358233411404775,15.515484948040319,14.676810085984085,14.834061622619629,240600,0.0,0.0
1999-01-28 00:00:00-05:00,14.991309391127693,15.410646716753641,14.729223562611475,15.09614372253418,394200,0.0,0.0
1999-01-29 00:00:00-05:00,15.22718213211932,15.934813659773749,14.938887806037888,15.122347831726074,559400,0.0,0.0
1999-02-01 00:00:00-05:00,15.358229113527912,15.567897770367884,15.22718620300293,15.22718620300293,421800,0.0,0.0
1999-02-02 00:00:00-05:00,15.253391676051642,15.358225983103543,14.519551526688332,14.624385833740234,151000,0.0,0.0
1999-02-03 00:00:00-05:00,14.78163436644855,14.78163436644855,14.362297221301073,14.703008651733398,147600,0.0,0.0
1999-02-04 00:00:00-05:00,14.41472003334447,14.54576294273851,13.471211085707376,13.693984031677246,839400,0.0,0.0
1999-02-05 00:00:00-05:00,13.31395691339316,13.471208373000165,12.789785381369807,13.287748336791992,715400,0.0,0.0
1999-02-08 00:00:00-05:00,13.261542338989637,13.261542338989637,12.134573325992493,12.671849250793457,414600,0.0,0.0
1999-02-09 00:00:00-05:00,12.580119453461064,13.104291097355276,12.580119453461064,12.947039604187012,688600,0.0,0.0
1999-02-10 00:00:00-05:00,12.894620082292898,13.471208785159654,12.842202927486829,13.156705856323242,485600,0.0,0.0
1999-02-11 00:00:00-05:00,12.99945521160839,13.209123844053687,12.73736942105177,12.894620895385742,757800,0.0,0.0
1999-02-12 00:00:00-05:00,12.68495144731738,12.68495144731738,12.16077989990757,12.239405632019043,402200,0.0,0.0
1999-02-16 00:00:00-05:00,12.344243770837783,12.684955382347106,12.265618014335631,12.580121040344238,231400,0.0,0.0
1999-02-17 00:00:00-05:00,12.160779847490026,12.632534238125416,12.134571270232504,12.318031311035156,347000,0.0,0.0
1999-02-18 00:00:00-05:00,12.3704523563385,12.632538211345672,12.3704523563385,12.580121040344238,142200,0.0,0.0
1999-02-19 00:00:00-05:00,12.947038053497067,12.947038053497067,12.60632652577346,12.894620895385742,359400,0.0,0.0
1999-02-22 00:00:00-05:00,12.789789268769413,13.10429228357522,12.684954930500812,13.051875114440918,249000,0.0,0.0
1999-02-23 00:00:00-05:00,13.156707047473772,13.366375685680525,13.156707047473772,13.261541366577148,74400,0.0,0.0
1999-02-24 00:00:00-05:00,13.340167702652339,13.864339321617067,13.313959121704102,13.313959121704102,149000,0.0,0.0
1999-02-25 00:00:00-05:00,13.261541002165012,13.340166739331998,12.842203737274419,12.894620895385742,95000,0.0,0.0
1999-02-26 00:00:00-05:00,12.894620375889195,13.182914733886719,12.789786063890096,13.182914733886719,191600,0.0,0.0
1999-03-01 00:00:00-05:00,13.313961104591293,13.313961104591293,13.156709595481948,13.235335350036621,291200,0.0,0.0
1999-03-02 00:00:00-05:00,13.366372589872803,13.838126916574195,13.287746868755905,13.654666900634766,368600,0.0,0.0
1999-03-03 00:00:00-05:00,13.680883513556585,13.680883513556585,12.737374305725098,12.737374305725098,138400,0.0,0.0
1999-03-04 00:00:00-05:00,12.737374305725098,13.261546087853702,12.737374305725098,12.737374305725098,238400,0.0,0.0
1999-03-05 00:00:00-05:00,12.894625951987493,13.05187748798734,12.894625951987493,12.9208345413208,181200,0.0,0.0
1999-03-08 00:00:00-05:00,12.84220491686175,13.051873568565616,12.789787753935784,12.999456405639648,349000,0.0,0.0
1999-03-09 00:00:00-05:00,12.999456150325265,13.418793445497048,12.789787502739374,13.313959121704102,440400,0.0,0.0
1999-03-10 00:00:00-05:00,13.209125057343515,13.313959383195447,12.999456405639648,12.999456405639648,52400,0.0,0.0
1999-03-11 00:00:00-05:00,13.051870998482348,13.235331032597562,12.999453845878001,13.025662422180176,537200,0.0,0.0
1999-03-12 00:00:00-05:00,12.999457288600638,13.104291621573225,12.999457288600638,13.078083038330078,284000,0.0,0.0
1999-03-15 00:00:00-05:00,13.051871843887843,13.182914733886719,12.999454687888294,13.182914733886719,138200,0.0,0.0
1999-03-16 00:00:00-05:00,13.156705856323242,13.235331588532345,13.07808012411414,13.156705856323242,342000,0.0,0.0
1999-03-17 00:00:00-05:00,13.104289527831039,13.209123844053687,12.894620895385742,12.894620895385742,184400,0.0,0.0
1999-03-18 00:00:00-05:00,13.104288891865368,13.628460447539982,12.999454580730445,13.340166091918945,114600,0.0,0.0
1999-03-19 00:00:00-05:00,13.366374597029965,13.3925831746712,12.73736873364032,12.750473022460938,100200,0.0,0.0
1999-03-22 00:00:00-05:00,12.737367407916343,12.78978455774316,10.745515714497326,11.479355812072754,488600,0.0,0.0
1999-03-23 00:00:00-05:00,11.322105371035063,11.374522525530596,10.640682362593138,10.9027681350708,759600,0.0,0.0
1999-03-24 00:00:00-05:00,10.876561124526447,10.955186867595312,10.483432409182116,10.535849571228027,125200,0.0,0.0
1999-03-25 00:00:00-05:00,10.535848315702665,11.47935712009395,10.011676757707509,11.426939964294434,1122200,0.0,0.0
1999-03-26 00:00:00-05:00,11.531776628996196,11.741445294977945,10.955187797546387,10.955187797546387,295200,0.0,0.0
1999-03-29 00:00:00-05:00,10.693098117372749,11.374521036617091,10.693098117372749,11.191061019897461,268600,0.0,0.0
1999-03-30 00:00:00-05:00,11.2696901176657,11.95111324105944,11.16485579098974,11.74144458770752,185200,0.0,0.0
1999-03-31 00:00:00-05:00,12.00353072938465,12.370450882684617,11.689027740841821,12.108365058898926,557400,0.0,0.0
1999-04-01 00:00:00-05:00,12.055946831154612,12.160781151425523,11.3745237493937,11.846278190612793,174200,0.0,0.0
1999-04-05 00:00:00-04:00,11.846281424628364,12.160784471299912,11.741447075737847,11.793864250183105,90600,0.0,0.0
1999-04-06 00:00:00-04:00,11.806455185885802,11.96387458836428,11.334196978450372,11.386670112609863,106800,0.015,0.0
1999-04-07 00:00:00-04:00,11.49161158732047,11.570321255726775,10.756988015528293,10.796342849731445,409800,0.0,0.0
1999-04-08 00:00:00-04:00,10.914411694591582,10.914411694591582,9.550110232767635,10.022368431091309,725600,0.0,0.0
1999-04-09 00:00:00-04:00,10.442149882223092,10.861934802111458,10.284730537264956,10.70451545715332,1078800,0.0,0.0
1999-04-12 00:00:00-04:00,10.599569765397304,10.599569765397304,10.127311706542969,10.127311706542969,481800,0.0,0.0
1999-04-13 00:00:00-04:00,10.337206695390783,10.337206695390783,9.602582869322404,9.65505599975586,808600,0.0,0.0
1999-04-14 00:00:00-04:00,9.812473214390765,10.91440870905497,9.707526976803699,10.888172149658203,824400,0.0,0.0
1999-04-15 00:00:00-04:00,11.071831835759594,12.016348295682214,10.993122130766043,11.701509475708008,742000,0.0,0.0
1999-04-16 00:00:00-04:00,11.885165248296957,11.911401816173992,11.544089865895499,11.858928680419922,1100200,0.0,0.0
1999-04-19 00:00:00-04:00,12.095060395800378,13.118286763340974,11.963877528166968,12.698501586914062,757800,0.0,0.0
1999-04-20 00:00:00-04:00,12.908390591270045,12.908390591270045,12.200003302724738,12.462368965148926,399400,0.0,0.0
1999-04-21 00:00:00-04:00,12.5410805299547,12.593553670247397,11.649037144978841,11.806456565856934,427600,0.0,0.0
1999-04-22 00:00:00-04:00,11.75398063659668,11.911400020122528,11.64903438091278,11.75398063659668,141200,0.0,0.0
1999-04-23 00:00:00-04:00,11.806455783629685,11.806455783629685,11.544090099549026,11.675272941589355,400400,0.0,0.0
1999-04-26 00:00:00-04:00,11.544090099549026,11.701509509997422,11.544090099549026,11.675272941589355,256400,0.0,0.0
1999-04-27 00:00:00-04:00,11.675272350487072,11.911401454204787,11.019358173493416,11.386670112609863,324000,0.0,0.0
1999-04-28 00:00:00-04:00,11.386669603983561,11.46537930170695,10.49462636311849,11.019357681274414,375200,0.0,0.0
1999-04-29 00:00:00-04:00,11.01935580123865,11.124302046964733,10.652043941197363,10.993119239807129,242800,0.0,0.0
1999-04-30 00:00:00-04:00,11.124306018535908,11.28172544332651,10.809467168954702,10.914413452148438,587800,0.0,0.0
1999-05-03 00:00:00-04:00,11.753979255413187,12.908387932284125,11.701506133737237,12.1737642288208,1922800,0.0,0.0
1999-05-04 00:00:00-04:00,12.357422796346373,12.646025027258922,12.278713097006587,12.383659362792969,663000,0.0,0.0
1999-05-05 00:00:00-04:00,12.514841738500094,12.593551434968647,11.963873863220215,11.963873863220215,684800,0.0,0.0
1999-05-06 00:00:00-04:00,11.7277432325724,11.806452918697047,11.49161417419846,11.649033546447754,965000,0.0,0.0
1999-05-07 00:00:00-04:00,11.596563838352667,11.753983256972838,11.019359303412037,11.229251861572266,245800,0.0,0.0
1999-05-10 00:00:00-04:00,11.622801218490935,12.226242365274887,11.59656464689163,12.016349792480469,520600,0.0,0.0
1999-05-11 00:00:00-04:00,12.016346994199251,12.147529821646842,11.858927601262144,11.963873863220215,256600,0.0,0.0
1999-05-12 00:00:00-04:00,11.911402217343323,12.331187317514011,11.832692511061317,12.278714179992676,485400,0.0,0.0
1999-05-13 00:00:00-04:00,12.383658259169861,12.646023900253969,12.278712002736217,12.514841079711914,302600,0.0,0.0
1999-05-14 00:00:00-04:00,12.541079885309394,12.541079885309394,11.439143995805221,11.544090270996094,653400,0.0,0.0
1999-05-17 00:00:00-04:00,11.544091151310846,11.544091151310846,10.179789469792292,10.914413452148438,865200,0.0,0.0
1999-05-18 00:00:00-04:00,10.91441167442544,10.940648240950502,10.284734077823972,10.809465408325195,766400,0.0,0.0
1999-05-19 00:00:00-04:00,10.835702621906465,10.914412326181814,10.284734691979018,10.3109712600708,1552200,0.0,0.0
1999-05-20 00:00:00-04:00,10.232258637746176,10.547097365061441,10.074839274088541,10.389678001403809,706200,0.0,0.0
1999-05-21 00:00:00-04:00,10.442153428991636,10.442153428991636,9.235271374384563,10.074841499328613,1736800,0.0,0.0
1999-05-24 00:00:00-04:00,10.70451624134175,10.809462479001963,9.812473221229938,9.891182899475098,2192800,0.0,0.0
1999-05-25 00:00:00-04:00,9.917422427213127,10.127314965355206,9.70752988907105,9.81247615814209,2341600,0.0,0.0
1999-05-26 00:00:00-04:00,9.864948968092602,10.363443729778131,9.707529569665592,10.074841499328613,1025800,0.0,0.0
1999-05-27 00:00:00-04:00,10.232261409604453,10.415917383622993,9.655056919831894,9.681293487548828,958000,0.0,0.0
1999-05-28 00:00:00-04:00,9.760002136230469,10.048604349936207,9.655055876701109,9.760002136230469,1064200,0.0,0.0
1999-06-01 00:00:00-04:00,9.733766864017886,9.86494970585101,9.23527206505201,9.497637748718262,1073800,0.0,0.0
1999-06-02 00:00:00-04:00,9.655056727414875,9.655056727414875,8.710540308428637,9.077852249145508,1471200,0.0,0.0
1999-06-03 00:00:00-04:00,9.287747464396737,9.576349786736749,9.077854866331274,9.235274314880371,471000,0.0,0.0
1999-06-04 00:00:00-04:00,9.418926792760049,10.232260304112588,9.34021709811303,9.760002136230469,394800,0.0,0.0
1999-06-07 00:00:00-04:00,9.996132129016408,10.3896806380328,9.81247615814209,9.81247615814209,304800,0.0,0.0
1999-06-08 00:00:00-04:00,10.074843711041389,10.17978999969807,9.655058556414664,9.864951133728027,330400,0.0,0.0
1999-06-09 00:00:00-04:00,9.707529585240252,10.022368382599394,9.235271389201536,9.287744522094727,458000,0.0,0.0
1999-06-10 00:00:00-04:00,9.261507734367392,9.60258309002398,9.261507734367392,9.471400260925293,352800,0.0,0.0
1999-06-11 00:00:00-04:00,9.392691681894023,9.4451648197817,9.077852854567967,9.340218544006348,437400,0.0,0.0
1999-06-14 00:00:00-04:00,9.340218976486561,9.602584678073262,8.99914356442385,9.02538013458252,176800,0.0,0.0
1999-06-15 00:00:00-04:00,9.051612542328222,9.497634029921207,9.025375984234516,9.392687797546387,486600,0.0,0.0
1999-06-16 00:00:00-04:00,9.628821409465186,9.864950544847165,9.497638556475197,9.602584838867188,742200,0.0,0.0
1999-06-17 00:00:00-04:00,9.812475391056227,9.812475391056227,9.39269034758858,9.65505599975586,598800,0.0,0.0
1999-06-18 00:00:00-04:00,9.812475328187684,10.022367848576726,9.707529067993164,9.707529067993164,269000,0.0,0.0
1999-06-21 00:00:00-04:00,9.917423761807955,10.284735752986027,9.760004337017353,10.23226261138916,307200,0.0,0.0
1999-06-22 00:00:00-04:00,10.284733026677912,10.389679282052176,10.074840515929385,10.10107707977295,414400,0.0,0.0
1999-06-23 00:00:00-04:00,10.17978920126861,10.17978920126861,9.655057799141362,9.73376750946045,103200,0.0,0.0
1999-06-24 00:00:00-04:00,9.812475391056227,9.864948521489682,9.26150752150494,9.65505599975586,381000,0.0,0.0
1999-06-25 00:00:00-04:00,9.655057799141362,9.86495035999226,9.550111518715912,9.73376750946045,381200,0.0,0.0
1999-06-28 00:00:00-04:00,9.772647452698154,10.061623587052132,9.772647452698154,10.022217750549316,296600,0.015,0.0
1999-06-29 00:00:00-04:00,10.061619444017287,10.192972178273386,10.009078350314846,10.114160537719727,323400,0.0,0.0
1999-06-30 00:00:00-04:00,10.087889707178102,10.560759537202076,10.087889707178102,10.481947898864746,392600,0.0,0.0
1999-07-01 00:00:00-04:00,10.508223991531757,11.138717431023663,10.40314175161644,10.915417671203613,560600,0.0,0.0
1999-07-02 00:00:00-04:00,10.84973840713501,11.086173384530204,10.84973840713501,11.033632278442383,353600,0.0,0.0
1999-07-06 00:00:00-04:00,10.954820704104296,11.086173470340558,10.481950745653752,10.560762405395508,577600,0.0,0.0
1999-07-07 00:00:00-04:00,10.508220672607422,10.665843982696533,10.35059736251831,10.508220672607422,518000,0.0,0.0
1999-07-08 00:00:00-04:00,10.403138825090501,10.50822103544495,10.140433299204377,10.219244956970215,397200,0.0,0.0
1999-07-09 00:00:00-04:00,10.298060501177693,10.40314275118971,10.140437126159668,10.140437126159668,195800,0.0,0.0
1999-07-12 00:00:00-04:00,10.692118865856225,11.03363617606785,10.508224929588428,10.876012802124023,1196200,0.0,0.0
1999-07-13 00:00:00-04:00,10.981088633709643,11.270064650386214,10.71838316400367,10.902276992797852,267600,0.0,0.0
1999-07-14 00:00:00-04:00,10.981093531069549,11.532775263491704,10.92855241369601,11.480234146118164,523400,0.0,0.0
1999-07-15 00:00:00-04:00,11.3488781959223,11.664124812475697,11.2963370931634,11.611583709716797,315200,0.0,0.0
1999-07-16 00:00:00-04:00,11.532773365073488,11.611585028160551,11.2963383758123,11.401420593261719,489800,0.0,0.0
1999-07-19 00:00:00-04:00,11.348877599379595,11.45395979937385,11.138713199391084,11.164983749389648,433000,0.0,0.0
1999-07-20 00:00:00-04:00,11.13871420883551,11.296337523111482,10.718385370766244,10.770926475524902,209000,0.0,0.0
1999-07-21 00:00:00-04:00,10.718392354137492,11.138721466064453,10.613310076155752,11.138721466064453,281800,0.0,0.0
1999-07-22 00:00:00-04:00,11.191259946181436,11.322612762451172,11.033636566657755,11.322612762451172,352000,0.0,0.0
1999-07-23 00:00:00-04:00,11.296344883037063,11.453968300009674,10.770933493128362,11.138721466064453,670800,0.0,0.0
1999-07-26 00:00:00-04:00,11.033630999396829,11.164983749389648,10.876007699405445,11.164983749389648,291400,0.0,0.0
1999-07-27 00:00:00-04:00,11.191256523132324,11.270068188788185,11.086174302257843,11.191256523132324,134400,0.0,0.0
1999-07-28 00:00:00-04:00,11.191259523187519,11.532776832580566,11.164988960926516,11.532776832580566,230000,0.0,0.0
1999-07-29 00:00:00-04:00,11.532772095367537,11.532772095367537,10.928549411555572,11.25693130493164,418200,0.0,0.0
1999-07-30 00:00:00-04:00,11.29633617401123,11.401418370978776,11.243795075527457,11.29633617401123,219000,0.0,0.0
1999-08-02 00:00:00-04:00,11.243795703958583,11.532771761770602,11.243795703958583,11.348877906799316,266200,0.0,0.0
1999-08-03 00:00:00-04:00,11.296344883037063,11.348886022027934,10.954827479596407,11.138721466064453,125800,0.0,0.0
1999-08-04 00:00:00-04:00,11.191256266373856,11.191256266373856,10.692115728671734,10.928550720214844,183000,0.0,0.0
1999-08-05 00:00:00-04:00,10.95481772888872,11.033629367226048,10.455677352752303,10.481947898864746,235200,0.0,0.0
1999-08-06 00:00:00-04:00,10.455680250510191,10.455680250510191,10.245515823364258,10.245515823364258,246800,0.0,0.0
1999-08-09 00:00:00-04:00,10.403138825090501,10.403138825090501,10.192974404381602,10.219244956970215,324600,0.0,0.0
1999-08-10 00:00:00-04:00,10.29806336512834,10.29806336512834,9.35232285200431,9.798922538757324,257400,0.0,0.0
1999-08-11 00:00:00-04:00,9.798917370537918,10.14043459792932,9.457400143146515,10.08789348602295,277000,0.0,0.0
1999-08-12 00:00:00-04:00,10.1929767346256,10.324329527597579,9.798918355709661,9.93027114868164,222800,0.0,0.0
1999-08-13 00:00:00-04:00,10.009083167035529,10.087894845516123,9.720107012606682,9.877730369567871,1090000,0.0,0.0
1999-08-16 00:00:00-04:00,9.956543425584517,9.982813988712708,9.615026104918028,9.7069730758667,204200,0.0,0.0
1999-08-17 00:00:00-04:00,9.759510485238808,9.825186868046606,8.931988061860551,9.037070274353027,823200,0.0,0.0
1999-08-18 00:00:00-04:00,9.089611468870947,9.089611468870947,8.380306527658474,8.564200401306152,1649800,0.0,0.0
1999-08-19 00:00:00-04:00,8.52479545251647,8.800636291503906,8.51166017446945,8.800636291503906,695000,0.0,0.0
1999-08-20 00:00:00-04:00,8.826908111572266,8.853178671428136,8.774366991860527,8.826908111572266,432600,0.0,0.0
1999-08-23 00:00:00-04:00,8.800636291503906,8.931989071974114,8.721824623221782,8.800636291503906,678800,0.0,0.0
1999-08-24 00:00:00-04:00,8.931987414672504,9.299775131747253,8.826905209794004,9.220963478088379,396000,0.0,0.0
1999-08-25 00:00:00-04:00,9.299776014734487,9.667563766729636,9.24723490730661,9.615022659301758,1018000,0.0,0.0
1999-08-26 00:00:00-04:00,9.641292252832528,9.693833355027802,9.56248059953962,9.654427528381348,625400,0.0,0.0
1999-08-27 00:00:00-04:00,9.536209106445312,9.667561848958334,9.509938557942709,9.536209106445312,191600,0.0,0.0
1999-08-30 00:00:00-04:00,9.536212764487143,9.562483323066997,9.063342710049765,9.115883827209473,274600,0.0,0.0
1999-08-31 00:00:00-04:00,9.142157406540392,9.142157406540392,8.24895811969449,8.459122657775879,639000,0.0,0.0
1999-09-01 00:00:00-04:00,8.590469645929861,9.772644367846814,8.590469645929861,9.562479972839355,1224000,0.0,0.0
1999-09-02 00:00:00-04:00,9.299777533697046,9.877729809802512,9.299777533697046,9.66756534576416,349600,0.0,0.0
1999-09-03 00:00:00-04:00,9.772643726777266,9.877725917387775,9.720102631472011,9.82518482208252,95800,0.0,0.0
1999-09-07 00:00:00-04:00,9.772645981585393,9.825187089013271,9.483669890732061,9.615022659301758,332600,0.0,0.0
1999-09-08 00:00:00-04:00,9.615029108458462,9.615029108458462,9.457405680450945,9.509946823120117,454000,0.0,0.0
1999-09-09 00:00:00-04:00,9.457400967483732,9.615024316941795,9.404859850997711,9.431130409240723,629600,0.0,0.0
1999-09-10 00:00:00-04:00,9.457395521260924,9.509936607490152,9.247231176344016,9.299772262573242,575400,0.0,0.0
1999-09-13 00:00:00-04:00,9.32604637313798,9.32604637313798,8.958258628845215,8.958258628845215,261800,0.0,0.0
1999-09-14 00:00:00-04:00,8.984526936879416,9.03706803007754,8.774362564086914,8.774362564086914,166400,0.0,0.0
1999-09-15 00:00:00-04:00,8.787500075547092,8.879447012062533,8.590470925871148,8.721823692321777,456000,0.0,0.0
1999-09-16 00:00:00-04:00,8.721824334827435,8.721824334827435,8.564201003475132,8.69555377960205,274600,0.0,0.0
1999-09-17 00:00:00-04:00,8.748094245611902,8.879447012062533,8.669282585741525,8.721823692321777,200400,0.0,0.0
1999-09-20 00:00:00-04:00,8.695549641233502,8.721820183956263,8.564196927619703,8.669279098510742,211000,0.0,0.0
1999-09-21 00:00:00-04:00,8.643010457356771,8.669281005859375,8.51165771484375,8.51165771484375,380200,0.0,0.0
1999-09-22 00:00:00-04:00,8.564201003475132,8.82690655572897,8.537930448249748,8.69555377960205,351800,0.0,0.0
1999-09-23 00:00:00-04:00,8.66927976438985,9.194690659201356,8.616738674908701,8.879444122314453,461400,0.0,0.0
1999-09-24 00:00:00-04:00,8.787498786870172,9.06333955596475,8.721822413276223,8.931986808776855,428800,0.0,0.0
1999-09-27 00:00:00-04:00,9.089613268629618,9.220966061528891,9.089613268629618,9.115883827209473,234600,0.0,0.0
1999-09-28 00:00:00-04:00,9.26004601627416,9.26004601627416,9.023283476085332,9.102204322814941,220200,0.015,0.0
1999-09-29 00:00:00-04:00,9.049591194870125,9.233739852905273,9.049591194870125,9.233739852905273,220800,0.0,0.0
1999-09-30 00:00:00-04:00,9.207432901757395,9.286353755201029,9.102205097165882,9.233739852905273,462800,0.0,0.0
1999-10-01 00:00:00-04:00,9.154814438386397,9.286349128593098,9.154814438386397,9.260042190551758,553600,0.0,0.0
1999-10-04 00:00:00-04:00,9.207430850254017,9.444193357831978,9.049589178535376,9.365272521972656,569800,0.0,0.0
1999-10-05 00:00:00-04:00,9.444195105428511,9.575729856200496,9.36527425496532,9.496809005737305,187200,0.0,0.0
1999-10-06 00:00:00-04:00,9.496807893117268,9.523114840189615,9.417887051900227,9.470500946044922,367600,0.0,0.0
1999-10-07 00:00:00-04:00,9.680957250740189,9.99664063935128,9.444194709281868,9.50996208190918,1092400,0.0,0.0
1999-10-08 00:00:00-04:00,9.680957568560865,9.786185368219137,9.338967219671488,9.562576293945312,570600,0.0,0.0
1999-10-11 00:00:00-04:00,9.628342628479004,9.628342628479004,9.31265926361084,9.470500946044922,194600,0.0,0.0
1999-10-12 00:00:00-04:00,9.417882229648741,9.470496096853482,9.260040628034517,9.312654495239258,324200,0.0,0.0
1999-10-13 00:00:00-04:00,9.365274608644665,9.41788851094042,8.99697729257437,9.233739852905273,462600,0.0,0.0
1999-10-14 00:00:00-04:00,9.15481742177298,9.273198681537286,9.02328268870153,9.128510475158691,295200,0.0,0.0
1999-10-15 00:00:00-04:00,9.075895940597134,9.128509830107841,8.944361216820363,9.023282051086426,69200,0.0,0.0
1999-10-18 00:00:00-04:00,9.207430850254017,9.733569755982817,9.049589178535376,9.365272521972656,758800,0.0,0.0
1999-10-19 00:00:00-04:00,9.575727919457664,9.628341809125015,9.312658471120915,9.33896541595459,309600,0.0,0.0
1999-10-20 00:00:00-04:00,9.417887687683105,9.417887687683105,9.181125148048613,9.417887687683105,163400,0.0,0.0
1999-10-21 00:00:00-04:00,9.338966841138275,9.47050158537966,9.260045994593444,9.417887687683105,529000,0.0,0.0
1999-10-22 00:00:00-04:00,9.417885505634805,9.838796589685524,9.417885505634805,9.680954933166504,336200,0.0,0.0
1999-10-25 00:00:00-04:00,9.654647990413334,9.786182704179184,9.470499391141146,9.680954933166504,362000,0.0,0.0
1999-10-26 00:00:00-04:00,9.680954933166504,9.944024360698203,9.470499391141146,9.680954933166504,1644000,0.0,0.0
1999-10-27 00:00:00-04:00,9.786184939932316,9.94402663251187,9.680957144879281,9.891412734985352,750800,0.0,0.0
1999-10-28 00:00:00-04:00,9.996641120132134,10.364938424558055,9.733571616970762,10.312324523925781,552600,0.0,0.0
1999-10-29 00:00:00-04:00,10.706927621394621,10.759541516340049,10.364937304249338,10.44385814666748,954600,0.0,0.0
1999-11-01 00:00:00-05:00,10.680620671501822,10.943690146169356,10.601699829101562,10.601699829101562,424600,0.0,0.0
1999-11-02 00:00:00-05:00,10.601696120112775,11.101527947115612,10.601696120112775,10.917379379272461,323600,0.0,0.0
1999-11-03 00:00:00-05:00,10.996302966113504,11.54874880890868,10.996302966113504,11.522441864013672,868000,0.0,0.0
1999-11-04 00:00:00-05:00,11.575055753803689,11.680283533383722,11.417214084433638,11.522441864013672,413000,0.0,0.0
1999-11-05 00:00:00-05:00,11.680284026485161,11.917046540535537,11.653977080479565,11.759204864501953,395000,0.0,0.0
1999-11-08 00:00:00-05:00,11.732898236383043,11.838126023256432,11.627670449509653,11.811819076538086,282000,0.0,0.0
1999-11-09 00:00:00-05:00,11.838126023256432,12.10119549043991,11.680284342946347,11.811819076538086,488000,0.0,0.0
1999-11-10 00:00:00-05:00,11.785513565679302,11.91704831529626,11.443523216675215,11.73289966583252,1060800,0.0,0.0
1999-11-11 00:00:00-05:00,11.680281473336317,11.838123114867889,11.575053712315269,11.653974533081055,205200,0.0,0.0
1999-11-12 00:00:00-05:00,11.627672557477599,11.746053839171374,11.364603042602539,11.364603042602539,496000,0.0,0.0
1999-11-15 00:00:00-05:00,11.311990527006296,11.469832255290106,10.733237523298998,10.943693161010742,888000,0.0,0.0
1999-11-16 00:00:00-05:00,10.785851432726934,11.101534889294552,10.759544478012966,10.943693161010742,723200,0.0,0.0
1999-11-17 00:00:00-05:00,10.969995968583701,11.219911943887166,10.838461244739772,10.891075134277344,689200,0.0,0.0
1999-11-18 00:00:00-05:00,10.864769760167823,11.206760091601677,10.838462811595988,11.154146194458008,1181600,0.0,0.0
1999-11-19 00:00:00-05:00,11.20676443156074,11.233071390320273,10.39124871001524,10.73323917388916,537800,0.0,0.0
1999-11-22 00:00:00-05:00,10.68062243770011,10.891078052236074,10.522780726798137,10.575394630432129,311200,0.0,0.0
1999-11-23 00:00:00-05:00,10.575397421331967,10.838467008927289,10.522783503812901,10.73323917388916,332200,0.0,0.0
1999-11-24 00:00:00-05:00,10.73323255266462,11.04891586303711,10.470163127354212,11.04891586303711,257600,0.0,0.0
1999-11-26 00:00:00-05:00,10.943688254458321,11.075222969055176,10.943688254458321,11.075222969055176,36600,0.0,0.0
1999-11-29 00:00:00-05:00,10.969997093636108,11.075224883503122,10.601699829101562,10.601699829101562,210400,0.0,0.0
1999-11-30 00:00:00-05:00,10.60170097740329,10.706928778667839,10.259710623293506,10.312324523925781,495600,0.0,0.0
1999-12-01 00:00:00-05:00,10.364937782287598,10.470165577031635,10.207096090171543,10.364937782287598,342000,0.0,0.0
1999-12-02 00:00:00-05:00,10.522778170096442,10.522778170096442,10.101867043292584,10.154480934143066,287200,0.0,0.0
1999-12-03 00:00:00-05:00,10.141327451404772,10.312322596499794,9.97033230630975,9.996639251708984,298800,0.0,0.0
1999-12-06 00:00:00-05:00,10.101864445508356,10.154478322828712,9.417884040343727,9.444190979003906,476400,0.0,0.0
1999-12-07 00:00:00-05:00,9.470496096853482,9.470496096853482,9.207426760829776,9.312654495239258,616600,0.0,0.0
1999-12-08 00:00:00-05:00,9.312657795781675,9.312657795781675,8.891746708966684,9.075895309448242,707800,0.0,0.0
1999-12-09 00:00:00-05:00,9.628341021458748,10.049252104364047,9.417885480006097,9.523113250732422,778200,0.0,0.0
1999-12-10 00:00:00-05:00,9.65464957555135,9.944025993347168,9.523114840189615,9.786184310913086,783800,0.0,0.0
1999-12-13 00:00:00-05:00,9.812492704003807,9.891413556851022,9.602037096411232,9.70726490020752,237600,0.0,0.0
1999-12-14 00:00:00-05:00,9.680954933166504,9.838796589685524,9.654647990413334,9.680954933166504,207400,0.0,0.0
1999-12-15 00:00:00-05:00,9.75987235552644,9.786179289099287,9.365268351933727,9.602030754089355,237400,0.0,0.0
1999-12-16 00:00:00-05:00,9.549421787261963,9.891412099202473,9.470500946044922,9.786184310913086,720200,0.0,0.0
1999-12-17 00:00:00-05:00,10.101868629455566,10.417552024126053,9.91771998256445,10.101868629455566,427400,0.0,0.0
1999-12-20 00:00:00-05:00,9.812492352991432,10.36493830315985,9.786185402983412,9.97033405303955,199400,0.0,0.0
1999-12-21 00:00:00-05:00,10.101868884398206,11.154146893189685,9.944027183079484,10.628007888793945,518000,0.0,0.0
1999-12-22 00:00:00-05:00,10.838462811595988,11.259373988745347,10.628007223021308,11.154146194458008,425000,0.0,0.0
1999-12-23 00:00:00-05:00,11.07522963776308,11.101536596522612,10.73323917388916,10.73323917388916,475800,0.0,0.0
1999-12-27 00:00:00-05:00,10.943688716614645,10.996302604675293,10.575391500190113,10.996302604675293,233200,0.0,0.0
1999-12-28 00:00:00-05:00,10.733229261004059,11.785506639533867,10.733229261004059,11.772353172302246,397400,0.0,0.0
1999-12-29 00:00:00-05:00,11.771830885574735,12.430210689018512,11.534814156334976,12.219529151916504,530200,0.015,0.0
1999-12-30 00:00:00-05:00,12.193195254063141,12.377541618595412,12.061519279397231,12.140524864196777,491600,0.0,0.0
1999-12-31 00:00:00-05:00,12.061520150729589,12.219531331743514,11.798168182373047,11.798168182373047,654400,0.0,0.0
2000-01-03 00:00:00-05:00,11.890341576729112,12.32487233202486,11.798168386211831,12.074687957763672,455400,0.0,0.0
2000-01-04 00:00:00-05:00,11.903507664039763,12.008848439827727,11.29779820325898,11.877172470092773,558600,0.0,0.0
2000-01-05 00:00:00-05:00,11.798167501470093,12.324871407785723,11.53481554831228,12.245865821838379,865800,0.0,0.0
2000-01-06 00:00:00-05:00,12.19319354185124,13.003001476016816,11.771830482089642,12.772567749023438,781400,0.0,0.0
2000-01-07 00:00:00-05:00,12.864741112722161,14.062992332023816,12.535551217309619,13.40461254119873,592400,0.0,0.0
2000-01-10 00:00:00-05:00,13.483617703419812,13.957651138305664,13.272936176803878,13.957651138305664,1164800,0.0,0.0
2000-01-11 00:00:00-05:00,13.904985427856445,14.958393414815266,13.746974229812622,13.904985427856445,1217600,0.0,0.0
2000-01-12 00:00:00-05:00,13.85230840124735,13.904978775396579,12.90424166656122,12.95691204071045,549400,0.0,0.0
2000-01-13 00:00:00-05:00,13.4836187000998,13.4836187000998,13.062255615721682,13.193931579589844,256200,0.0,0.0
2000-01-14 00:00:00-05:00,13.378275033904284,13.378275033904284,12.746230544113532,12.95691204071045,91800,0.0,0.0
2000-01-18 00:00:00-05:00,12.79890101377817,13.325604759201141,12.719895451964724,13.246599197387695,1205400,0.0,0.0
2000-01-19 00:00:00-05:00,13.141264409397753,13.904985186697422,13.062258811746064,13.746973991394043,902600,0.0,0.0
2000-01-20 00:00:00-05:00,13.64163287047746,13.852314459210703,13.062258501461043,13.53629207611084,477200,0.0,0.0
2000-01-21 00:00:00-05:00,13.444117676554702,13.483620470903052,13.220268508580727,13.378279685974121,298000,0.0,0.0
2000-01-24 00:00:00-05:00,13.220265798905784,13.378276943912626,12.48288045554052,12.667226791381836,574600,0.0,0.0
2000-01-25 00:00:00-05:00,12.561887512714529,12.61455790060851,11.587485336675876,11.877172470092773,825400,0.0,0.0
2000-01-26 00:00:00-05:00,11.7981690547926,12.008850645056755,11.482146669396371,11.745498657226562,262800,0.0,0.0
2000-01-27 00:00:00-05:00,11.79816941375388,11.79816941375388,11.376806220405527,11.66649341583252,411800,0.0,0.0
2000-01-28 00:00:00-05:00,11.719165140932256,11.903511558879506,11.271466697346082,11.587489128112793,373400,0.0,0.0
2000-01-31 00:00:00-05:00,11.666493060877505,11.85083945235864,11.376805874264294,11.745498657226562,508000,0.0,0.0
2000-02-01 00:00:00-05:00,11.692826720206968,12.390709396075176,11.600653536601733,12.245865821838379,756600,0.0,0.0
2000-02-02 00:00:00-05:00,12.324872023167183,12.37754241642858,11.877173680445297,12.035184860229492,149600,0.0,0.0
2000-02-03 00:00:00-05:00,12.193198340579801,12.219533542179326,11.903511122985032,11.956181526184082,159000,0.0,0.0
2000-02-04 00:00:00-05:00,11.969345814363356,12.588222880672571,11.969345814363356,12.390708923339844,176400,0.0,0.0
2000-02-07 00:00:00-05:00,12.430210689018512,12.430210689018512,12.061517999089997,12.219529151916504,361200,0.0,0.0
2000-02-08 00:00:00-05:00,12.259032128203629,12.324870109558105,12.219529339390942,12.324870109558105,182400,0.0,0.0
2000-02-09 00:00:00-05:00,12.219528586177503,12.535550877199334,12.219528586177503,12.43021011352539,193800,0.0,0.0
2000-02-10 00:00:00-05:00,12.403880776477461,12.85157923337792,12.351210369783288,12.53555679321289,272800,0.0,0.0
2000-02-11 00:00:00-05:00,12.509216457350641,12.509216457350641,12.008847799056616,12.324870109558105,174200,0.0,0.0
2000-02-14 00:00:00-05:00,12.219528296474735,12.535550580004255,12.140522725592357,12.272198677062988,309400,0.0,0.0
2000-02-15 00:00:00-05:00,12.219531331743514,12.32487211908613,11.534816214016507,11.798168182373047,324200,0.0,0.0
2000-02-16 00:00:00-05:00,11.745496659665495,11.850837436882225,10.902770441931647,11.692826271057129,373000,0.0,0.0
2000-02-17 00:00:00-05:00,11.58748173156868,12.588218790204156,11.58748173156868,12.4038724899292,399000,0.0,0.0
2000-02-18 00:00:00-05:00,12.403879757168927,12.640896567815465,12.219533348888284,12.482885360717773,261000,0.0,0.0
2000-02-22 00:00:00-05:00,12.430209516442341,12.53555027505626,12.061516861293628,12.114187240600586,665200,0.0,0.0
2000-02-23 00:00:00-05:00,12.114193629374546,12.153696434687724,11.798171186869123,11.903512001037598,517200,0.0,0.0
2000-02-24 00:00:00-05:00,11.90350629515567,12.746232404547223,11.90350629515567,12.43021011352539,197400,0.0,0.0
2000-02-25 00:00:00-05:00,12.37754132296588,12.403876517270064,11.692826271057129,11.692826271057129,110800,0.0,0.0
2000-02-28 00:00:00-05:00,11.916673318199491,12.114187240600586,11.060779654461406,12.114187240600586,277800,0.0,0.0
2000-02-29 00:00:00-05:00,11.745492152163857,12.614553230687193,11.376799573396381,12.509212493896484,406400,0.0,0.0
2000-03-01 00:00:00-05:00,12.219530720092262,12.640893848371306,11.798167591813218,12.588223457336426,346200,0.0,0.0
2000-03-02 00:00:00-05:00,12.53555642041293,12.71990283836018,11.587489128112793,11.587489128112793,928400,0.0,0.0
2000-03-03 00:00:00-05:00,12.008850559561138,12.667230524449359,11.74549857360585,12.6145601272583,294200,0.0,0.0
2000-03-06 00:00:00-05:00,12.61455397595772,12.693559533218416,12.324866932668504,12.4038724899292,571000,0.0,0.0
2000-03-07 00:00:00-05:00,12.430212099145349,12.430212099145349,12.114189757641654,12.193195343017578,403000,0.0,0.0
2000-03-08 00:00:00-05:00,12.219531538017304,13.272939429225692,12.166861143456885,13.114928245544434,332000,0.0,0.0
2000-03-09 00:00:00-05:00,12.746238483188108,13.114931331875368,12.693568076232786,12.930584907531738,588400,0.0,0.0
2000-03-10 00:00:00-05:00,12.983250729180137,13.457284224363184,12.851574758295957,13.325608253479004,467400,0.0,0.0
2000-03-13 00:00:00-05:00,13.114928245544434,13.325609823786111,12.324872327138143,13.114928245544434,305000,0.0,0.0
2000-03-14 00:00:00-05:00,12.983250001012063,13.167596349910815,12.561886917814917,12.904244422912598,270200,0.0,0.0
2000-03-15 00:00:00-05:00,12.956914566502427,13.114925719752456,12.588221875585692,13.035920143127441,255000,0.0,0.0
2000-03-16 00:00:00-05:00,13.009583658246852,14.11566162109375,11.956176074583139,14.11566162109375,797000,0.0,0.0
2000-03-17 00:00:00-05:00,13.825973214172736,14.431682516888873,12.95691204071045,12.95691204071045,483600,0.0,0.0
2000-03-20 00:00:00-05:00,13.246605063570705,13.588962649706728,12.588225090232202,12.719901084899902,458200,0.0,0.0
2000-03-21 00:00:00-05:00,12.746233266713668,13.009585193711883,12.693562881314024,12.904244422912598,1106200,0.0,0.0
2000-03-22 00:00:00-05:00,12.904245754820419,12.904245754820419,12.377541846460401,12.417044639587402,527800,0.0,0.0
2000-03-23 00:00:00-05:00,12.456549523776992,12.851577521359772,12.403879124099287,12.69356632232666,591800,0.0,0.0
2000-03-24 00:00:00-05:00,12.956914373710331,14.589696266332364,12.877908798260878,13.983986854553223,777200,0.0,0.0
2000-03-27 00:00:00-05:00,14.010325983566343,14.326348374173103,13.615297995307893,13.746973991394043,383800,0.0,0.0
2000-03-28 00:00:00-05:00,13.760136787380493,14.800376793316433,13.641628432273865,14.747706413269043,345400,0.0,0.0
2000-03-29 00:00:00-05:00,14.659117235264308,15.713729986002747,14.395464047579697,14.97550106048584,1405800,0.02,0.0
2000-03-30 00:00:00-05:00,14.790941980150011,16.451956854926216,14.764576664677373,15.66099739074707,1120600,0.0,0.0
2000-03-31 00:00:00-05:00,15.595088440770159,16.66288401448308,15.502809810943116,16.50469207763672,489400,0.0,0.0
2000-04-03 00:00:00-04:00,15.845561886308204,16.45196442105877,15.291890006753341,15.898292541503906,777800,0.0,0.0
2000-04-04 00:00:00-04:00,15.81919328221735,16.821075523424447,15.81919328221735,16.76834487915039,492400,0.0,0.0
2000-04-05 00:00:00-04:00,16.13558793067932,17.58568161725998,16.13558793067932,16.873817443847656,1376600,0.0,0.0
2000-04-06 00:00:00-04:00,16.979268547232824,17.770228262166032,16.662884661259543,17.269287109375,798400,0.0,0.0
2000-04-07 00:00:00-04:00,17.19019379712793,17.348385764586162,16.293772648197944,16.847444534301758,915200,0.0,0.0
2000-04-10 00:00:00-04:00,16.873805588942307,17.401112013596755,16.45196044921875,17.13745880126953,684600,0.0,0.0
2000-04-11 00:00:00-04:00,17.177011285558354,18.350268387948756,16.8738100119069,18.337085723876953,913400,0.0,0.0
2000-04-12 00:00:00-04:00,18.455730885396648,18.7984801732683,17.98115494834359,18.218442916870117,1803400,0.0,0.0
2000-04-13 00:00:00-04:00,18.218445035220928,18.719386360357248,17.9284263732999,18.11298370361328,991600,0.0,0.0
2000-04-14 00:00:00-04:00,18.112975686880258,18.12615834749662,16.979266873873197,17.13745880126953,2124000,0.0,0.0
2000-04-17 00:00:00-04:00,17.13745991388957,17.29565185155624,16.030116350222855,16.451961517333984,1299000,0.0,0.0
2000-04-18 00:00:00-04:00,16.34650001391821,17.08472904680484,16.34650001391821,16.88039779663086,794400,0.0,0.0
2000-04-19 00:00:00-04:00,16.768344065038168,17.50657304903356,16.45196021475443,17.295650482177734,598600,0.0,0.0
2000-04-20 00:00:00-04:00,17.71749612559443,18.561186417289402,17.401112266208813,18.19207191467285,674800,0.0,0.0
2000-04-24 00:00:00-04:00,18.218435156729914,19.721258317270586,18.08660856370003,19.61579704284668,1184600,0.0,0.0
2000-04-25 00:00:00-04:00,19.19396252102322,19.40488518608941,17.559311866760254,18.03388786315918,1716200,0.0,0.0
2000-04-26 00:00:00-04:00,18.323896957038958,18.3502622764016,17.822955889148684,17.954782485961914,558200,0.0,0.0
2000-04-27 00:00:00-04:00,17.612049859049716,18.24481811745869,16.504705406834017,18.086626052856445,441400,0.0,0.0
2000-04-28 00:00:00-04:00,17.92841936784965,18.139341948647882,17.71749678705142,17.770227432250977,583600,0.0,0.0
2000-05-01 00:00:00-04:00,17.77024192365196,18.297548805659435,17.743876579551586,18.086626052856445,660400,0.0,0.0
2000-05-02 00:00:00-04:00,18.007523121486624,18.033888455485872,17.664773779496397,17.74386978149414,801000,0.0,0.0
2000-05-03 00:00:00-04:00,17.612038311972896,17.638403638787224,17.137462429314944,17.242923736572266,510000,0.0,0.0
2000-05-04 00:00:00-04:00,17.190195577284868,17.928424835205078,16.979272932164807,17.928424835205078,410200,0.0,0.0
2000-05-05 00:00:00-04:00,17.401112030292378,18.772108735709356,17.401112030292378,18.350263595581055,252800,0.0,0.0
2000-05-08 00:00:00-04:00,17.453846879546788,17.717500155672873,16.847444344456793,16.952905654907227,575200,0.0,0.0
2000-05-09 00:00:00-04:00,17.374754751691167,17.717504086701766,16.821082748981738,16.97927474975586,338200,0.0,0.0
2000-05-10 00:00:00-04:00,17.00563602712011,17.190193317336917,16.715617428207985,17.11109733581543,657200,0.0,0.0
2000-05-11 00:00:00-04:00,16.87380810402839,17.875690460205078,16.87380810402839,17.875690460205078,217000,0.0,0.0
2000-05-12 00:00:00-04:00,17.532952887112977,17.61204891517514,16.030128353931865,16.08285903930664,263800,0.0,0.0
2000-05-15 00:00:00-04:00,16.05648044849697,16.71561347183428,15.608269992627594,16.030115127563477,616400,0.0,0.0
2000-05-16 00:00:00-04:00,16.096033777509415,16.662888365906554,16.082851112662972,16.241043090820312,303800,0.0,0.0
2000-05-17 00:00:00-04:00,16.082848963047223,16.346502224736522,15.687369070513276,15.845561027526855,325200,0.0,0.0
2000-05-18 00:00:00-04:00,16.399229662422293,16.610152230427726,15.871923242408716,16.00374984741211,361600,0.0,0.0
2000-05-19 00:00:00-04:00,15.819197087674528,16.082850372469103,15.58190913135941,15.608274459838867,125400,0.0,0.0
2000-05-22 00:00:00-04:00,15.71373683476852,15.977390137365308,14.65912362438137,15.55554485321045,381200,0.0,0.0
2000-05-23 00:00:00-04:00,15.397361520430257,16.504706013337913,15.239169450014877,16.267417907714844,281200,0.0,0.0
2000-05-24 00:00:00-04:00,16.504696387749213,16.557427047134993,15.92465913450563,16.241043090820312,452000,0.0,0.0
2000-05-25 00:00:00-04:00,16.29376784909156,17.084727453416395,15.713730805920017,16.346498489379883,469200,0.0,0.0
2000-05-26 00:00:00-04:00,16.55742957104759,17.87569625664055,16.55742957104759,16.900178909301758,248400,0.0,0.0
2000-05-30 00:00:00-04:00,17.0847193359375,17.374737719726564,16.293760107421875,16.478317260742188,638600,0.0,0.0
2000-05-31 00:00:00-04:00,16.662896578429176,16.662896578429176,15.924666983182313,16.08285903930664,445200,0.0,0.0
2000-06-01 00:00:00-04:00,16.030117990211085,16.10921396713647,15.291888872240836,15.476446151733398,350200,0.0,0.0
2000-06-02 00:00:00-04:00,15.713739906715242,16.13558527333847,15.52918255881758,15.924662590026855,273400,0.0,0.0
2000-06-05 00:00:00-04:00,15.871924254742945,15.924654900107539,15.087555904944601,15.370983123779297,332000,0.0,0.0
2000-06-06 00:00:00-04:00,15.344623565673828,15.713738221892786,15.239162235325555,15.344623565673828,280400,0.0,0.0
2000-06-07 00:00:00-04:00,15.581907500179149,15.581907500179149,15.133696962948953,15.450080871582031,310600,0.0,0.0
2000-06-08 00:00:00-04:00,15.555538275737323,15.555538275737323,14.843674659729006,14.843674659729004,148600,0.0,0.0
2000-06-09 00:00:00-04:00,15.028235571725027,15.344619478498187,14.711851664951869,14.949139595031738,542800,0.0,0.0
2000-06-12 00:00:00-04:00,14.817312166699622,14.922773463259762,14.21090971147882,14.290005683898926,1126200,0.0,0.0
2000-06-13 00:00:00-04:00,14.237274690107867,14.500927925109863,13.89452548460527,14.500927925109863,256600,0.0,0.0
2000-06-14 00:00:00-04:00,14.263638993968133,14.711849461431088,14.131812385890795,14.553657531738281,313000,0.0,0.0
2000-06-15 00:00:00-04:00,14.553660918047084,14.896410178798194,14.553660918047084,14.790948867797852,324000,0.0,0.0
2000-06-16 00:00:00-04:00,14.922778715528883,14.975509382368207,14.632760047912598,14.632760047912598,316000,0.0,0.0
2000-06-19 00:00:00-04:00,14.60639111173132,15.265524284643384,14.60639111173132,15.054601669311523,166600,0.0,0.0
2000-06-20 00:00:00-04:00,15.186430229574945,15.661006174249163,14.975507587497516,15.55554485321045,279000,0.0,0.0
2000-06-21 00:00:00-04:00,15.502807043002964,15.660998951605034,14.922770044795369,15.239153861999512,162200,0.0,0.0
2000-06-22 00:00:00-04:00,15.63462940537951,15.660994716349796,14.606382277538362,14.685478210449219,456600,0.0,0.0
2000-06-23 00:00:00-04:00,14.883224765032422,14.896407426471777,14.685484843442088,14.7118501663208,505200,0.0,0.0
2000-06-26 00:00:00-04:00,14.751395850953921,14.97550106048584,14.685482554032768,14.97550106048584,177000,0.0,0.0
2000-06-27 00:00:00-04:00,14.922779014783027,15.766469701131184,14.817317678989507,15.423720359802246,629200,0.0,0.0
2000-06-28 00:00:00-04:00,15.29544519639132,16.311622314702046,15.29544519639132,16.179651260375977,1162800,0.02,0.0
2000-06-29 00:00:00-04:00,16.074078799453314,16.31162676200681,15.942107709145816,16.285232543945312,420600,0.0,0.0
2000-06-30 00:00:00-04:00,16.311615080294683,16.338009279453733,15.01829932150109,15.65176010131836,867800,0.0,0.0
2000-07-03 00:00:00-04:00,15.625364373758883,16.021277322418314,15.229451425099452,15.783729553222656,244200,0.0,0.0
2000-07-05 00:00:00-04:00,15.99488353729248,16.28521970711132,15.519787986679832,15.99488353729248,270000,0.0,0.0
2000-07-06 00:00:00-04:00,16.153257964891637,16.417200088500977,15.915710053643231,16.417200088500977,308600,0.0,0.0
2000-07-07 00:00:00-04:00,16.44358874381857,17.578539491786785,16.44358874381857,17.367385864257812,464200,0.0,0.0
2000-07-10 00:00:00-04:00,17.156236329203196,17.36739000710108,16.89229423183084,17.18263053894043,368800,0.0,0.0
2000-07-11 00:00:00-04:00,17.301399767935813,17.684115704831417,16.918683831040205,17.57853889465332,332200,0.0,0.0
2000-07-12 00:00:00-04:00,17.340992558554667,19.69007678642585,17.314598353747126,19.37334632873535,1636800,0.0,0.0
2000-07-13 00:00:00-04:00,19.478919721769806,19.795650123749805,19.26776612044981,19.663679122924805,548200,0.0,0.0
2000-07-14 00:00:00-04:00,19.637284858939573,20.745841262266808,19.426131258305816,20.48189926147461,890200,0.0,0.0
2000-07-17 00:00:00-04:00,20.587479083434395,20.587479083434395,19.003826846247136,19.42613410949707,311000,0.0,0.0
2000-07-18 00:00:00-04:00,19.558113381945734,20.0068150384816,19.32056544613263,19.69008445739746,174400,0.0,0.0
2000-07-19 00:00:00-04:00,19.901225504193985,19.901225504193985,18.449544598715644,18.47593879699707,206200,0.0,0.0
2000-07-20 00:00:00-04:00,19.00382140860023,19.584493729418572,18.739879444591896,19.083003997802734,304600,0.0,0.0
2000-07-21 00:00:00-04:00,19.21497653121736,19.426130119472493,18.7398809576433,18.951034545898438,382600,0.0,0.0
2000-07-24 00:00:00-04:00,19.214972513834635,19.848433146158854,18.73987703959147,19.795644760131836,181200,0.0,0.0
2000-07-25 00:00:00-04:00,20.006813049316406,20.05960147424864,19.716476712189124,20.006813049316406,314200,0.0,0.0
2000-07-26 00:00:00-04:00,20.059595228750496,21.00978658169131,19.980412616005427,20.851421356201172,1064200,0.0,0.0
2000-07-27 00:00:00-04:00,19.927624376963177,20.13877801274557,19.08300983383361,19.874835968017578,704800,0.0,0.0
2000-07-28 00:00:00-04:00,19.927622953832067,20.217959182298493,18.792672242554215,19.18858528137207,233600,0.0,0.0
2000-07-31 00:00:00-04:00,19.241366145991478,19.267760338235636,18.317569417445934,18.8454532623291,593400,0.0,0.0
2000-08-01 00:00:00-04:00,19.00381841579405,19.21497195374732,18.73987649335247,18.8454532623291,291800,0.0,0.0
2000-08-02 00:00:00-04:00,19.09620543190968,19.373344557044515,18.475941675655534,18.555124282836914,219600,0.0,0.0
2000-08-03 00:00:00-04:00,18.79266716331564,19.63728141784668,18.555119404228783,19.63728141784668,311400,0.0,0.0
2000-08-04 00:00:00-04:00,19.6504848430986,19.66368194507516,18.845461622528408,19.42613410949707,409000,0.0,0.0
2000-08-07 00:00:00-04:00,19.373349188464307,19.584502858093344,19.003830266613488,19.452531814575195,101800,0.0,0.0
2000-08-08 00:00:00-04:00,19.267779977698073,20.64027937336972,19.241385758550543,20.059606552124023,254800,0.0,0.0
2000-08-09 00:00:00-04:00,20.244347680265832,20.244347680265832,19.690069582109924,19.822040557861328,195000,0.0,0.0
2000-08-10 00:00:00-04:00,19.822043197070407,20.37632136902577,19.795648998405866,20.08598518371582,141000,0.0,0.0
2000-08-11 00:00:00-04:00,20.05959982187351,21.115368233551063,19.848446139537998,20.77224349975586,412400,0.0,0.0
2000-08-14 00:00:00-04:00,20.851418062583686,20.851418062583686,20.376322461157727,20.48189926147461,190800,0.0,0.0
2000-08-15 00:00:00-04:00,20.587475698745667,20.587475698745667,20.34992790222168,20.34992790222168,266200,0.0,0.0
2000-08-16 00:00:00-04:00,20.270741962715793,20.79862586799485,20.191559376923934,20.640260696411133,524800,0.0,0.0
2000-08-17 00:00:00-04:00,20.059590065042386,20.1651668548584,19.083004759244268,20.1651668548584,162400,0.0,0.0
2000-08-18 00:00:00-04:00,20.138771131474485,20.21795371783677,19.32055107239754,19.63728141784668,94200,0.0,0.0
2000-08-21 00:00:00-04:00,19.597689180823245,20.03319338484154,19.056608200073242,19.056608200073242,152200,0.0,0.0
2000-08-22 00:00:00-04:00,19.50531679755497,20.059595082735825,19.267768961048887,19.901229858398438,302200,0.0,0.0
2000-08-23 00:00:00-04:00,19.690070515021908,19.742858907823575,18.63430265898856,19.083003997802734,251800,0.0,0.0
2000-08-24 00:00:00-04:00,19.12259056942522,19.2413644238937,18.977422525074857,19.162181854248047,156200,0.0,0.0
2000-08-25 00:00:00-04:00,18.951037545204162,21.64324622154236,18.951037545204162,21.1153621673584,2569800,0.0,0.0
2000-08-28 00:00:00-04:00,21.0097837599497,21.273725766984242,19.53170852055625,19.954015731811523,965600,0.0,0.0
2000-08-29 00:00:00-04:00,19.861645120190037,20.561091758974136,19.848448013797885,20.455514907836914,921800,0.0,0.0
2000-08-30 00:00:00-04:00,20.323543598909808,20.58748572357097,19.795659349587474,20.006813049316406,393600,0.0,0.0
2000-08-31 00:00:00-04:00,19.98041293786007,21.00978692012763,19.98041293786007,20.9833927154541,375200,0.0,0.0
2000-09-01 00:00:00-04:00,21.00978631842626,21.220939949767228,19.7956529382157,21.19454574584961,725200,0.0,0.0
2000-09-05 00:00:00-04:00,21.115365358862544,21.696037906231265,20.71945225838387,21.326519012451172,629200,0.0,0.0
2000-09-06 00:00:00-04:00,21.326513664009642,21.326513664009642,20.16516886052397,20.48189926147461,466800,0.0,0.0
2000-09-07 00:00:00-04:00,20.40271217217717,20.85141347479944,20.323529589361478,20.376317977905273,478800,0.0,0.0
2000-09-08 00:00:00-04:00,20.349923699082655,20.481894669893826,20.165164339947015,20.217952728271484,382400,0.0,0.0
2000-09-11 00:00:00-04:00,20.4687027820321,20.4687027820321,19.214978240257086,19.294160842895508,348000,0.0,0.0
2000-09-12 00:00:00-04:00,19.518512640861754,19.848440170288086,19.109402504373104,19.848440170288086,125200,0.0,0.0
2000-09-13 00:00:00-04:00,19.531708058622694,20.534687661633047,19.241371857751275,20.48189926147461,237400,0.0,0.0
2000-09-14 00:00:00-04:00,20.56108319029516,21.0625730242048,20.534688988510442,20.69305419921875,313800,0.0,0.0
2000-09-15 00:00:00-04:00,20.58747739207988,20.71944840100347,20.112381759954957,20.69305419921875,315800,0.0,0.0
2000-09-18 00:00:00-04:00,20.376334049746436,20.534699340288505,19.4789307366747,19.69008445739746,347200,0.0,0.0
2000-09-19 00:00:00-04:00,19.87483364782292,19.90122784921445,18.007443899372095,18.291181564331055,1080200,0.0,0.0
2000-09-20 00:00:00-04:00,18.44954091644287,19.95400991821289,18.291175758361817,19.795644760131836,474400,0.0,0.0
2000-09-21 00:00:00-04:00,19.84843569342691,19.92761828262941,18.792667837393562,19.083003997802734,448200,0.0,0.0
2000-09-22 00:00:00-04:00,18.977426394782103,20.90420264905066,18.95103219951815,20.640260696411133,552400,0.0,0.0
2000-09-25 00:00:00-04:00,20.587481224890983,22.171133626805673,20.587481224890983,21.326519012451172,1330800,0.0,0.0
2000-09-26 00:00:00-04:00,21.00977797826933,21.168143138909553,20.534682496348665,20.93059539794922,389200,0.0,0.0
2000-09-27 00:00:00-04:00,21.02675410145791,22.030543870120475,20.78901441940625,21.581480026245117,643400,0.02,0.0
2000-09-28 00:00:00-04:00,21.449400417178058,22.03054180779126,21.449400417178058,21.858840942382812,581000,0.0,0.0
2000-09-29 00:00:00-04:00,21.924874026600907,21.924874026600907,21.132408700338225,21.66071891784668,462600,0.0,0.0
2000-10-02 00:00:00-04:00,21.40978146806548,21.40978146806548,20.4720303982119,20.868263244628906,301400,0.0,0.0
2000-10-03 00:00:00-04:00,21.10600608662334,21.10600608662334,20.577695546282328,20.973928451538086,234200,0.0,0.0
2000-10-04 00:00:00-04:00,21.119208049893828,21.132415809774937,20.604105414530565,21.05316925048828,148600,0.0,0.0
2000-10-05 00:00:00-04:00,21.053167312145234,21.39656903743744,20.60410351753235,21.132413864135742,325200,0.0,0.0
2000-10-06 00:00:00-04:00,21.132409496477887,21.290902567701472,20.52485272345415,20.683345794677734,406400,0.0,0.0
2000-10-09 00:00:00-04:00,20.676746344718204,20.868258846793204,20.53146099831648,20.736181259155273,220800,0.0,0.0
2000-10-10 00:00:00-04:00,20.60410552823604,21.396571125475887,20.49844344860406,20.8154296875,328800,0.0,0.0
2000-10-11 00:00:00-04:00,20.630528220492135,20.894683511407525,20.39278845866828,20.524866104125977,441600,0.0,0.0
2000-10-12 00:00:00-04:00,20.39937719018543,20.498435350707535,20.049371689673993,20.366357803344727,394600,0.0,0.0
2000-10-13 00:00:00-04:00,20.366371388682524,20.894681930541992,19.917307428101974,20.894681930541992,156000,0.0,0.0
2000-10-16 00:00:00-04:00,20.445610597615353,20.921089913838966,20.445610597615353,20.65693473815918,215400,0.0,0.0
2000-10-17 00:00:00-04:00,20.4984308031999,20.73617033571124,19.388979651480316,19.838043212890625,204200,0.0,0.0
2000-10-18 00:00:00-04:00,20.075789093971252,20.36635972559452,19.521063342690468,20.287113189697266,621800,0.0,0.0
2000-10-19 00:00:00-04:00,20.472022385985856,20.709762000790853,20.102205207400303,20.419191360473633,319600,0.0,0.0
2000-10-20 00:00:00-04:00,20.762601152251037,20.947509813912305,20.604108013684236,20.868263244628906,147000,0.0,0.0
2000-10-23 00:00:00-04:00,20.623918370767075,20.623918370767075,19.75881004333496,19.75881004333496,250200,0.0,0.0
2000-10-24 00:00:00-04:00,20.02297151656378,20.36637340273176,19.864478338332404,19.97014045715332,957200,0.0,0.0
2000-10-25 00:00:00-04:00,20.28713077377988,20.28713077377988,19.864482215992798,19.890897750854492,183600,0.0,0.0
2000-10-26 00:00:00-04:00,19.970127046108246,20.36635972559452,19.26351210102439,20.287113189697266,440200,0.0,0.0
2000-10-27 00:00:00-04:00,20.346555395559832,21.238079244440254,19.970134214921433,20.921092987060547,204800,0.0,0.0
2000-10-30 00:00:00-05:00,20.7097706041838,21.238081078780326,20.577692985534668,21.079587936401367,412400,0.0,0.0
2000-10-31 00:00:00-05:00,21.185247341004928,21.449402544758108,21.13241630025429,21.343740463256836,325200,0.0,0.0
2000-11-01 00:00:00-05:00,21.52865139354359,22.347532612193714,21.475820347179067,21.79280662536621,624200,0.0,0.0
2000-11-02 00:00:00-05:00,21.87205226952431,22.294700622558594,21.79280570333038,22.294700622558594,347800,0.0,0.0
2000-11-03 00:00:00-05:00,22.45319375494645,22.585271365269666,22.004129879847522,22.294700622558594,167200,0.0,0.0
2000-11-06 00:00:00-05:00,22.241871763158727,22.928675404301398,22.18904071384006,22.823013305664062,384400,0.0,0.0
2000-11-07 00:00:00-05:00,22.87584073411562,22.902256254593812,22.083375119769812,22.426776885986328,218800,0.0,0.0
2000-11-08 00:00:00-05:00,22.40696830225882,22.928674902871393,22.347533373075112,22.6116886138916,319600,0.0,0.0
2000-11-09 00:00:00-05:00,22.875835374954644,23.08715948927293,22.24186303199978,23.03432846069336,416400,0.0,0.0
2000-11-10 00:00:00-05:00,22.829611430118653,22.981500658609463,22.50602133463823,22.902254104614258,505800,0.0,0.0
2000-11-13 00:00:00-05:00,22.902252512337625,23.87962661032666,22.50601976990964,23.82679557800293,299800,0.0,0.0
2000-11-14 00:00:00-05:00,23.80038752592487,24.275866965954442,23.53623228146399,24.064542770385742,608800,0.0,0.0
2000-11-15 00:00:00-05:00,23.773966122082886,24.6192626953125,23.668304050429185,24.6192626953125,383200,0.0,0.0
2000-11-16 00:00:00-05:00,24.46077537536621,24.77776166532776,24.24945118205851,24.46077537536621,223000,0.0,0.0
2000-11-17 00:00:00-05:00,24.67209612897464,24.72492716993604,23.562644268785203,23.668306350708008,258000,0.0,0.0
2000-11-20 00:00:00-05:00,23.648497619126974,24.19661973652087,23.648497619126974,24.090957641601562,74200,0.0,0.0
2000-11-21 00:00:00-05:00,24.19661651711495,24.249447557545334,23.985292355393423,24.14378547668457,425200,0.0,0.0
2000-11-22 00:00:00-05:00,24.236250559845313,24.24945832581798,23.19283704800456,23.562654495239258,408200,0.0,0.0
2000-11-24 00:00:00-05:00,23.641890592595942,24.14378547668457,23.641890592595942,24.14378547668457,395000,0.0,0.0
2000-11-27 00:00:00-05:00,24.269263191117766,24.269263191117766,23.66831000733771,23.906049728393555,888800,0.0,0.0
2000-11-28 00:00:00-05:00,23.69472542814052,24.143789343724006,23.48340123257182,24.064542770385742,447200,0.0,0.0
2000-11-29 00:00:00-05:00,23.98528346522101,24.540009184130305,23.98528346522101,24.513593673706055,369200,0.0,0.0
2000-11-30 00:00:00-05:00,24.32869978311683,25.358905311392135,24.302284256750795,25.147581100463867,771200,0.0,0.0
2000-12-01 00:00:00-05:00,25.504189929822935,25.649475320412293,24.77776297687614,25.332489013671875,309600,0.0,0.0
2000-12-04 00:00:00-05:00,25.411733567650394,25.675888802241353,24.355112629286552,24.48719024658203,402000,0.0,0.0
2000-12-05 00:00:00-05:00,24.48719375756136,25.015504302492566,24.4607782303148,24.883426666259766,386600,0.0,0.0
2000-12-06 00:00:00-05:00,24.857007525044104,25.358902469758064,24.540021244172127,24.566436767578125,281000,0.0,0.0
2000-12-07 00:00:00-05:00,22.92866921394494,22.955084731472525,20.366364013769065,20.736181259155273,2365400,0.0,0.0
2000-12-08 00:00:00-05:00,20.260706700776755,21.872053648296156,20.022966987208317,21.079587936401367,1523200,0.0,0.0
2000-12-11 00:00:00-05:00,20.70976973400069,21.528650935217556,20.419198985181804,21.502235412597656,1414400,0.0,0.0
2000-12-12 00:00:00-05:00,21.55505850907695,22.87583415301549,21.396565431804326,22.84941864013672,487000,0.0,0.0
2000-12-13 00:00:00-05:00,22.690940763391374,22.690940763391374,21.660735070990604,22.083383560180664,593600,0.0,0.0
2000-12-14 00:00:00-05:00,21.951288371698404,22.083365919061208,20.075787199146554,20.366357803344727,882600,0.0,0.0
2000-12-15 00:00:00-05:00,20.392782340585466,21.55506527191417,20.075796086586728,21.33713722229004,435000,0.0,0.0
2000-12-18 00:00:00-05:00,21.23808047040623,21.660728837976503,20.44561478121197,21.026756286621094,371300,0.0,2.0
2000-12-19 00:00:00-05:00,21.185249620554398,21.34374275986029,20.287121831154337,20.70977020263672,349300,0.0,0.0
2000-12-20 00:00:00-05:00,20.28711774921669,20.313533267119315,19.44182117633266,20.02296257019043,727600,0.0,0.0
2000-12-21 00:00:00-05:00,19.626736573668513,21.18525266767449,19.54748999261736,20.973928451538086,464800,0.0,0.0
2000-12-22 00:00:00-05:00,20.86826308568319,22.479609982172647,20.86826308568319,22.18903923034668,529700,0.0,0.0
2000-12-26 00:00:00-05:00,21.977719288951945,22.611691960748637,21.44940872912137,22.400367736816406,369500,0.0,0.0
2000-12-27 00:00:00-05:00,22.31153052443758,23.368949032704762,22.31153052443758,23.05172348022461,303600,0.02,0.0
2000-12-28 00:00:00-05:00,22.853473072558376,23.897674560546875,22.84025533220409,23.897674560546875,225700,0.0,0.0
2000-12-29 00:00:00-05:00,23.739052581787107,24.743600463867185,23.686181640624998,24.320632934570312,291000,0.0,0.0
2001-01-02 00:00:00-05:00,24.532124744762076,24.532124744762076,22.734512155706234,23.263221740722656,354600,0.0,0.0
2001-01-03 00:00:00-05:00,22.734503632253784,24.58498648604188,21.571342981301264,24.373502731323242,452400,0.0,0.0
2001-01-04 00:00:00-05:00,24.51890420261983,24.53212194073445,22.787380509604628,23.21034812927246,950000,0.0,0.0
2001-01-05 00:00:00-05:00,23.527566140836424,23.633308011132318,22.998856789356953,23.474695205688477,157700,0.0,0.0
2001-01-08 00:00:00-05:00,23.474701814873274,23.84479846510776,22.417282814203308,22.734508514404297,426500,0.0,0.0
2001-01-09 00:00:00-05:00,22.496592097557507,22.681640446186066,21.624221311165737,21.99431800842285,503100,0.0,0.0
2001-01-10 00:00:00-05:00,21.677082756213714,21.677082756213714,20.72540595228238,21.201244354248047,602600,0.0,0.0
2001-01-11 00:00:00-05:00,20.513925170898435,21.254118347167967,20.513925170898435,20.884021759033203,650600,0.0,0.0
2001-01-12 00:00:00-05:00,20.936896928394113,21.14838073575163,20.513929313679082,20.778284072875977,284000,0.0,0.0
2001-01-16 00:00:00-05:00,21.04263630780307,21.254120089791037,18.399089032953434,18.610572814941406,717800,0.0,0.0
2001-01-17 00:00:00-05:00,19.39041767120361,20.936892700195312,18.6105712890625,20.090957641601562,1305600,0.0,0.0
2001-01-18 00:00:00-05:00,20.61966400926985,21.04263147612667,19.615116275484908,20.672534942626953,251800,0.0,0.0
2001-01-19 00:00:00-05:00,20.104176169536153,20.40818409320435,19.350765228271484,19.350765228271484,420100,0.0,0.0
2001-01-22 00:00:00-05:00,18.92780599014535,19.82661241984499,18.822064057239512,19.13928985595703,286200,0.0,0.0
2001-01-23 00:00:00-05:00,19.350770454304467,20.24957673223664,19.033544709151936,19.720867156982422,271600,0.0,0.0
2001-01-24 00:00:00-05:00,19.72086069505821,21.148376080491378,19.08640941264347,20.989763259887695,455300,0.0,0.0
2001-01-25 00:00:00-05:00,20.56679307591275,20.989760542769567,20.408180275841442,20.672534942626953,1023000,0.0,0.0
2001-01-26 00:00:00-05:00,20.355306974271446,22.205789426477942,20.302436047065548,21.677080154418945,1033300,0.0,0.0
2001-01-29 00:00:00-05:00,21.571340889110232,21.782824623317197,20.77827688583412,21.201244354248047,340200,0.0,0.0
2001-01-30 00:00:00-05:00,20.936893850413675,21.254119514813883,20.725410074146872,20.831151962280273,384300,0.0,0.0
2001-01-31 00:00:00-05:00,20.72540855888155,21.359859841296295,20.513924798076637,20.989763259887695,401100,0.0,0.0
2001-02-01 00:00:00-05:00,20.936887863234347,21.571339010605083,20.936887863234347,21.46559715270996,255400,0.0,0.0
2001-02-02 00:00:00-05:00,21.478824896322454,21.677090972288507,20.93689762201524,21.095510482788086,225500,0.0,0.0
2001-02-05 00:00:00-05:00,21.57134686307424,23.42183004985757,21.359863070299,22.94599151611328,315900,0.0,0.0
2001-02-06 00:00:00-05:00,22.893123135983366,24.902219392720937,21.359865466367854,21.782833099365234,588500,0.0,0.0
2001-02-07 00:00:00-05:00,21.57134686307424,23.15747530888852,21.41273401849281,22.94599151611328,167000,0.0,0.0
2001-02-08 00:00:00-05:00,22.893125973142748,23.15748077652777,21.518480995540642,21.703529357910156,144200,0.0,0.0
2001-02-09 00:00:00-05:00,21.99430571322583,23.21033703871668,21.571338295663796,23.104595184326172,256600,0.0,0.0
2001-02-12 00:00:00-05:00,23.144249397824066,23.144249397824066,21.57133924457389,22.52301597595215,291400,0.0,0.0
2001-02-13 00:00:00-05:00,22.575899541518265,22.734512418859143,22.25867378683651,22.470157623291016,298800,0.0,0.0
2001-02-14 00:00:00-05:00,22.205802827722884,22.470157623291016,21.624222277473,22.470157623291016,109800,0.0,0.0
2001-02-15 00:00:00-05:00,22.523019416309964,22.78737410429482,22.258664728325105,22.628761291503906,152600,0.0,0.0
2001-02-16 00:00:00-05:00,22.5758918762207,22.62876281738281,21.412731170654297,21.94144058227539,141600,0.0,0.0
2001-02-20 00:00:00-05:00,22.152932376952833,22.39085169842369,21.571351813357413,22.100061416625977,180600,0.0,0.0
2001-02-21 00:00:00-05:00,21.848914908439138,22.36440654874714,21.835697174072266,21.835697174072266,663600,0.0,0.0
2001-02-22 00:00:00-05:00,21.835699899547595,21.835699899547595,20.461055353813364,20.831151962280273,399100,0.0,0.0
2001-02-23 00:00:00-05:00,20.778282595421985,20.936895439661846,20.090960270382578,20.408185958862305,307600,0.0,0.0
2001-02-26 00:00:00-05:00,20.619666678479096,21.254117960893836,20.19669915686927,20.989763259887695,537000,0.0,0.0
2001-02-27 00:00:00-05:00,20.93689918006713,20.93689918006713,19.667996199457,19.720867156982422,434400,0.0,0.0
2001-02-28 00:00:00-05:00,19.98522410116905,20.090966027630262,18.769191946865114,19.19215965270996,641200,0.0,0.0
2001-03-01 00:00:00-05:00,19.08641539679633,19.19215731035199,17.553157650239285,18.081867218017578,539100,0.0,0.0
2001-03-02 00:00:00-05:00,18.081873388851392,18.399099237778607,17.65890559028177,17.976131439208984,336700,0.0,0.0
2001-03-05 00:00:00-05:00,18.081857619016745,18.346212262569622,17.60601926062157,17.817502975463867,376200,0.0,0.0
2001-03-06 00:00:00-05:00,17.97612269719442,18.822057882944744,17.685332477092743,17.764638900756836,594500,0.0,0.0
2001-03-07 00:00:00-05:00,17.976123101696995,18.24047785319254,17.288800747808583,17.658897399902344,324000,0.0,0.0
2001-03-08 00:00:00-05:00,17.606028763644666,17.76464163538921,17.447415891900118,17.553157806396484,325200,0.0,0.0
2001-03-09 00:00:00-05:00,17.46062241345644,17.46062241345644,16.28424437046051,16.9186954498291,435100,0.0,0.0
2001-03-12 00:00:00-05:00,16.918696353310033,17.02443820551822,16.07276153564453,16.07276153564453,253100,0.0,0.0
2001-03-13 00:00:00-05:00,16.58825589317671,16.58825589317671,14.328023416895263,15.015345573425293,730300,0.0,0.0
2001-03-14 00:00:00-05:00,14.96247871154888,16.284252449318213,14.539511115462691,15.702672004699707,498700,0.0,0.0
2001-03-15 00:00:00-05:00,16.971572530961282,17.288798185745605,15.385444257039666,15.491186141967773,871500,0.0,0.0
2001-03-16 00:00:00-05:00,15.544055564983472,15.967023063350368,15.121088066616574,15.649797439575195,1014800,0.0,0.0
2001-03-19 00:00:00-05:00,15.96702460499553,16.337121201800063,15.015347641783876,16.284250259399414,1031300,0.0,0.0
2001-03-20 00:00:00-05:00,15.70267500723562,16.707223240021737,15.49119116875433,16.389997482299805,616900,0.0,0.0
2001-03-21 00:00:00-05:00,16.469303921730287,16.54861036116077,16.072771724577873,16.389997482299805,324500,0.0,0.0
2001-03-22 00:00:00-05:00,16.28424950729033,16.971571726753883,16.125636687414126,16.760087966918945,811900,0.0,0.0
2001-03-23 00:00:00-05:00,16.70721175670624,17.97611391544342,16.495728063583375,16.9186954498291,446900,0.0,0.0
2001-03-26 00:00:00-05:00,16.389991760253906,18.187603759765626,16.01989517211914,17.71176528930664,798900,0.0,0.0
2001-03-27 00:00:00-05:00,17.711760831433672,18.346211965693982,17.288793408593467,18.187599182128906,519800,0.0,0.0
2001-03-28 00:00:00-05:00,18.125148912270863,18.204529126485188,17.569487412770588,17.78116798400879,233600,0.02,0.0
2001-03-29 00:00:00-05:00,17.622423681032235,17.622423681032235,16.193578517705298,16.458179473876953,461200,0.0,0.0
2001-03-30 00:00:00-05:00,17.35780810284358,19.686294555664062,16.72276634298345,19.686294555664062,692200,0.0,0.0
2001-04-02 00:00:00-04:00,19.01157442774484,19.157104920928692,17.887020616778724,18.36330223083496,399100,0.0,0.0
2001-04-03 00:00:00-04:00,18.204536646695125,18.46913747004825,17.251973682623866,17.410734176635742,498300,0.0,0.0
2001-04-04 00:00:00-04:00,17.476882030419144,17.992853566517816,17.251971360837672,17.83409309387207,870800,0.0,0.0
2001-04-05 00:00:00-04:00,18.098690156013735,19.686294555664062,17.88700956939369,19.686294555664062,405900,0.0,0.0
2001-04-06 00:00:00-04:00,19.10418557854338,19.21002594185941,18.733744306937275,18.945425033569336,614600,0.0,0.0
2001-04-09 00:00:00-04:00,19.47462305713632,19.60163114537942,19.178269774572108,19.559295654296875,170700,0.0,0.0
2001-04-10 00:00:00-04:00,19.36455134180663,20.2705444885404,19.36455134180663,19.694772720336914,1044000,0.0,0.0
2001-04-11 00:00:00-04:00,19.948794313912785,19.982664010615313,19.686310624452307,19.872589111328125,683200,0.0,0.0
2001-04-12 00:00:00-04:00,19.83025351184374,20.42296028137207,19.728646037211792,20.42296028137207,244100,0.0,0.0
2001-04-16 00:00:00-04:00,20.22820363041986,20.236671050735502,19.406883239746094,19.406883239746094,565100,0.0,0.0
2001-04-17 00:00:00-04:00,19.635502703784585,19.77944564819336,19.51696041045078,19.77944564819336,783100,0.0,0.0
2001-04-18 00:00:00-04:00,19.872588212118412,20.99872973658451,19.813317860566926,19.948793411254883,535200,0.0,0.0
2001-04-19 00:00:00-04:00,20.575362903472385,22.107932297731796,20.14353570696352,21.041061401367188,762900,0.0,0.0
2001-04-20 00:00:00-04:00,20.236667476835336,20.549955513204633,19.728633652585263,20.304405212402344,386200,0.0,0.0
2001-04-23 00:00:00-04:00,20.575364124730303,21.16807075177835,20.490693133719695,20.829381942749023,383500,0.0,0.0
2001-04-24 00:00:00-04:00,20.575351884569514,21.633754792520513,20.55841866543825,21.481346130371094,434500,0.0,0.0
2001-04-25 00:00:00-04:00,20.7616356515852,21.29507010478478,20.7616356515852,21.23579978942871,174600,0.0,0.0
2001-04-26 00:00:00-04:00,21.39667948953268,22.226467211150123,21.19346626883015,21.676097869873047,378500,0.0,0.0
2001-04-27 00:00:00-04:00,22.184136467575332,22.632898486857467,21.506757305552796,22.522825241088867,654900,0.0,0.0
2001-04-30 00:00:00-04:00,22.268812800334484,22.97159277985846,22.01479656291458,22.43815803527832,409400,0.0,0.0
2001-05-01 00:00:00-04:00,22.37888579779393,22.861517577134116,22.243410267277238,22.480491638183594,239800,0.0,0.0
2001-05-02 00:00:00-04:00,22.209544625389338,22.48049573581027,21.64224013232201,22.107938766479492,364000,0.0,0.0
2001-05-03 00:00:00-04:00,22.218011527954825,22.22647895183123,21.599904119941026,21.71844482421875,119000,0.0,0.0
2001-05-04 00:00:00-04:00,21.591426548136145,22.18413302094581,21.591426548136145,22.167198181152344,175800,0.0,0.0
2001-05-07 00:00:00-04:00,22.074062868328042,22.08253029002422,21.48135788455556,21.828514099121094,166900,0.0,0.0
2001-05-08 00:00:00-04:00,22.14180148121298,22.14180148121298,21.506759364457373,21.972457885742188,246100,0.0,0.0
2001-05-09 00:00:00-04:00,21.48136499841198,22.0910050274677,21.37975751940465,22.006332397460938,730100,0.0,0.0
2001-05-10 00:00:00-04:00,22.116400845344916,22.116400845344916,21.625301672649442,22.014793395996094,305800,0.0,0.0
2001-05-11 00:00:00-04:00,21.84544818541326,22.0740637352014,21.828514956351473,22.014793395996094,220600,0.0,0.0
2001-05-14 00:00:00-04:00,22.031724771694165,22.031724771694165,21.523690834918874,21.65916633605957,670500,0.0,0.0
2001-05-15 00:00:00-04:00,21.904721447144478,21.913187254682903,21.439022897741154,21.582965850830078,210900,0.0,0.0
2001-05-16 00:00:00-04:00,22.006325792706768,22.175671001894745,21.337415607905022,22.082530975341797,419600,0.0,0.0
2001-05-17 00:00:00-04:00,21.887782833749643,23.191734994592476,21.887782833749643,23.140932083129883,788000,0.0,0.0
2001-05-18 00:00:00-04:00,22.717569524507688,23.581227048926912,22.717569524507688,23.5727596282959,189500,0.0,0.0
2001-05-21 00:00:00-04:00,23.623564737973847,24.402549743652344,23.49655664666664,24.402549743652344,181200,0.0,0.0
2001-05-22 00:00:00-04:00,24.275545020657425,25.130735322779834,24.173937564515988,24.758176803588867,411500,0.0,0.0
2001-05-23 00:00:00-04:00,24.95292350158002,25.29161395656244,24.419488780475533,24.859785079956055,269600,0.0,0.0
2001-05-24 00:00:00-04:00,24.859786724494654,25.232343665627663,24.436425242755963,25.19000816345215,525500,0.0,0.0
2001-05-25 00:00:00-04:00,25.274673970265702,26.070593793601134,24.724304515351115,25.81657600402832,712500,0.0,0.0
2001-05-29 00:00:00-04:00,24.978321053815236,25.50328986791716,24.6565671203302,25.198469161987305,332000,0.0,0.0
2001-05-30 00:00:00-04:00,24.77511053435323,25.06299642964271,23.42882108726293,24.309412002563477,850500,0.0,0.0
2001-05-31 00:00:00-04:00,24.224737199592813,24.698901464009438,24.02152394341426,24.046924591064453,406900,0.0,0.0
2001-06-01 00:00:00-04:00,24.106198812328362,24.521092812519964,23.496558945413373,23.521961212158203,156000,0.0,0.0
2001-06-04 00:00:00-04:00,23.759043516907372,24.131602035621025,23.471157609037146,24.12313461303711,181100,0.0,0.0
2001-06-05 00:00:00-04:00,23.79291248029125,24.41101977507034,23.716707294360056,24.394084930419922,362000,0.0,0.0
2001-06-06 00:00:00-04:00,24.470288171522135,24.84284664924301,24.089263887144565,24.61423110961914,934200,0.0,0.0
2001-06-07 00:00:00-04:00,24.309403760257567,24.978315353393555,24.309403760257567,24.978315353393555,368100,0.0,0.0
2001-06-08 00:00:00-04:00,24.97832094439777,24.97832094439777,23.73363909229564,24.080795288085938,360800,0.0,0.0
2001-06-11 00:00:00-04:00,24.089262088770628,24.114662736835527,23.251005172729492,23.251005172729492,294800,0.0,0.0
2001-06-12 00:00:00-04:00,23.140932083129883,23.140932083129883,22.5228248795161,23.140932083129883,218100,0.0,0.0
2001-06-13 00:00:00-04:00,22.92078074570467,23.792905613553884,22.912313325823195,23.420347213745117,238800,0.0,0.0
2001-06-14 00:00:00-04:00,23.420352631605258,23.420352631605258,22.87845055379375,23.073196411132812,134100,0.0,0.0
2001-06-15 00:00:00-04:00,23.41188495857725,23.80984570582146,23.073196163578874,23.58123016357422,437000,0.0,0.0
2001-06-18 00:00:00-04:00,23.318745814229764,24.097729210671737,22.395817867581147,22.55669403076172,361600,0.0,0.0
2001-06-19 00:00:00-04:00,22.73451138893211,22.81071658315725,22.243412145590003,22.43815803527832,619100,0.0,0.0
2001-06-20 00:00:00-04:00,22.395818433783134,22.463556192359977,21.693038582925055,22.133333206176758,339000,0.0,0.0
2001-06-21 00:00:00-04:00,22.175670836145656,22.345014429072293,21.921653024262312,22.192604064941406,539800,0.0,0.0
2001-06-22 00:00:00-04:00,22.184131945412226,22.268802910284112,22.023254205164402,22.048656463623047,260300,0.0,0.0
2001-06-25 00:00:00-04:00,21.853911316553717,22.175666830487156,21.836978090816668,21.997854232788086,506600,0.0,0.0
2001-06-26 00:00:00-04:00,21.836987143492443,22.311151575599304,21.57450184831181,21.71844482421875,596600,0.0,0.0
2001-06-27 00:00:00-04:00,21.777759079500544,23.091203007750973,21.743862959833102,22.506507873535156,257600,0.02,0.0
2001-06-28 00:00:00-04:00,22.286188749085962,23.99790406394894,22.26924230489635,23.887744903564453,340300,0.0,0.0
2001-06-29 00:00:00-04:00,23.303057466234478,24.41312993298327,17.006994772210806,23.726749420166016,673800,0.0,0.0
2001-07-02 00:00:00-04:00,22.92172131682418,23.93010805907478,22.370922406206095,23.904685974121094,305700,0.0,0.0
2001-07-03 00:00:00-04:00,23.896218912054398,24.2605925137677,23.303049727045387,23.319997787475586,96900,0.0,0.0
2001-07-05 00:00:00-04:00,23.862330716123584,24.15044137409755,23.142054071188664,23.726749420166016,101900,0.0,0.0
2001-07-06 00:00:00-04:00,23.091196050339,23.726733556311636,22.082809421644228,22.41329002380371,152300,0.0,0.0
2001-07-09 00:00:00-04:00,22.879356384277344,23.01493762614296,22.45566459938332,22.879356384277344,120300,0.0,0.0
2001-07-10 00:00:00-04:00,23.082724414957497,24.10805920463138,22.481082956093353,23.66741943359375,294700,0.0,0.0
2001-07-11 00:00:00-04:00,23.303045664882056,24.62496343913831,23.303045664882056,24.61648941040039,283000,0.0,0.0
2001-07-12 00:00:00-04:00,24.362275857350298,24.99781348841161,24.15042998032986,24.92154884338379,1052600,0.0,0.0
2001-07-13 00:00:00-04:00,24.9723964886073,25.633356341411595,24.870711352025776,25.523197174072266,446400,0.0,0.0
2001-07-16 00:00:00-04:00,25.167295836196757,26.226525431722614,25.158821805481818,25.862150192260742,1332800,0.0,0.0
2001-07-17 00:00:00-04:00,25.972304495517992,26.268889049978586,25.735038144954153,26.175676345825195,998200,0.0,0.0
2001-07-18 00:00:00-04:00,25.87061850438271,27.116271651522453,25.845196417857338,27.107797622680664,833800,0.0,0.0
2001-07-19 00:00:00-04:00,27.014586448659156,28.04839378195669,27.014586448659156,27.895864486694336,919200,0.0,0.0
2001-07-20 00:00:00-04:00,27.539969095911367,27.921292391434108,26.429896947981714,26.929853439331055,534000,0.0,0.0
2001-07-23 00:00:00-04:00,26.929847496651377,27.107797251122633,26.607840870099974,27.040006637573242,348900,0.0,0.0
2001-07-24 00:00:00-04:00,26.946789535662635,27.29421657537753,25.845191841384494,26.06551170349121,560900,0.0,0.0
2001-07-25 00:00:00-04:00,26.26888447870157,26.44683421065787,26.06551266378486,26.429887771606445,104300,0.0,0.0
2001-07-26 00:00:00-04:00,26.455313859559084,26.455313859559084,25.77740766579464,26.26041603088379,162600,0.0,0.0
2001-07-27 00:00:00-04:00,26.37057176424196,27.66706893064495,25.497766292136678,27.455223083496094,252600,0.0,0.0
2001-07-30 00:00:00-04:00,27.582337113085103,28.065345534145113,27.548440991341078,27.70944595336914,1012700,0.0,0.0
2001-07-31 00:00:00-04:00,27.590811919921965,28.421247482299805,27.539967738853612,28.421247482299805,496900,0.0,0.0
2001-08-01 00:00:00-04:00,28.505986046835798,28.895781757937083,28.116190335734515,28.76020050048828,1103900,0.0,0.0
2001-08-02 00:00:00-04:00,28.726299923309725,28.86188114447679,27.438276705966956,27.955181121826172,325900,0.0,0.0
2001-08-03 00:00:00-04:00,27.60775686283335,27.904339804295546,27.24338168760173,27.480648040771484,215800,0.0,0.0
2001-08-06 00:00:00-04:00,27.412856937565785,27.641650887206115,26.794268941465997,27.285751342773438,435000,0.0,0.0
2001-08-07 00:00:00-04:00,27.184074375601785,27.353548552833473,26.92138422887231,27.023069381713867,475100,0.0,0.0
2001-08-08 00:00:00-04:00,26.904418378725108,27.192528815073295,25.84518930869656,26.048561096191406,350300,0.0,0.0
2001-08-09 00:00:00-04:00,26.057045440527954,26.30278745788375,25.46387627993226,25.7858829498291,276800,0.0,0.0
2001-08-10 00:00:00-04:00,25.845197536831538,25.845197536831538,25.336767098101724,25.667247772216797,153300,0.0,0.0
2001-08-13 00:00:00-04:00,25.929935626012888,25.929935626012888,25.31134605407715,25.31134605407715,583000,0.0,0.0
2001-08-14 00:00:00-04:00,25.311342914316214,25.633347895738325,25.09949706393821,25.336763381958008,938100,0.0,0.0
2001-08-15 00:00:00-04:00,25.252030916239736,25.88756862335573,25.252030916239736,25.63335418701172,347200,0.0,0.0
2001-08-16 00:00:00-04:00,25.61640463005684,25.760459899902344,25.421506799164657,25.760459899902344,228200,0.0,0.0
2001-08-17 00:00:00-04:00,25.73504114681943,25.989255585292344,25.489299122207097,25.98078155517578,286100,0.0,0.0
2001-08-20 00:00:00-04:00,25.650303567813598,26.34515790477021,25.650303567813598,26.294315338134766,369000,0.0,0.0
2001-08-21 00:00:00-04:00,26.311253181115806,26.565469163696346,26.184145997953298,26.268884658813477,630900,0.0,0.0
2001-08-22 00:00:00-04:00,26.277363846996447,26.81968879699707,26.277363846996447,26.81968879699707,205500,0.0,0.0
2001-08-23 00:00:00-04:00,26.862051825994314,27.116266174881666,26.472254659277578,26.71799659729004,272600,0.0,0.0
2001-08-24 00:00:00-04:00,26.658682266377276,26.87052812653446,26.48920654800492,26.77731704711914,391200,0.0,0.0
2001-08-27 00:00:00-04:00,26.760368561242483,26.81968514253432,26.565470760924853,26.650209426879883,237000,0.0,0.0
2001-08-28 00:00:00-04:00,26.777320691243734,27.234906971003213,26.650213481102536,26.99764060974121,305900,0.0,0.0
2001-08-29 00:00:00-04:00,26.989156533197775,27.158632211544752,26.989156533197775,27.099315643310547,201900,0.0,0.0
2001-08-30 00:00:00-04:00,26.90442187784549,27.006108592945676,26.69257603628765,26.989160537719727,178900,0.0,0.0
2001-08-31 00:00:00-04:00,26.701059182780398,27.328122893994188,26.39600054955248,26.980695724487305,145500,0.0,0.0
2001-09-04 00:00:00-04:00,27.099325528524304,27.641650483070787,26.862059169038144,27.616230010986328,444200,0.0,0.0
2001-09-05 00:00:00-04:00,27.667076180653027,27.811129842857405,27.387438037533542,27.734865188598633,226300,0.0,0.0
2001-09-06 00:00:00-04:00,27.582330901495563,28.014498275126776,27.565382844440286,27.861968994140625,279800,0.0,0.0
2001-09-07 00:00:00-04:00,27.69249350148048,27.878918909000262,26.709528754350703,26.90442657470703,189900,0.0,0.0
2001-09-10 00:00:00-04:00,27.319646832630678,27.328119245750575,26.633264999498316,26.81968879699707,157000,0.0,0.0
2001-09-17 00:00:00-04:00,18.21026739162979,18.30348007423003,13.337813291253452,16.22739028930664,7025900,0.0,0.0
2001-09-18 00:00:00-04:00,16.252818905227425,17.295100422193048,15.295274461506306,15.396961212158203,1778500,0.0,0.0
2001-09-19 00:00:00-04:00,15.557963288077278,16.100288270513737,13.142919724249031,13.939460754394531,2101700,0.0,0.0
2001-09-20 00:00:00-04:00,14.007248400737735,14.058090952973412,10.168600957448799,10.448237419128418,4128900,0.0,0.0
2001-09-21 00:00:00-04:00,10.27028842638077,10.27028842638077,8.261989529927572,9.533064842224121,2398500,0.0,0.0
2001-09-24 00:00:00-04:00,10.422815150495872,12.56669475526417,10.35502454855181,12.414165496826172,2361900,0.0,0.0
2001-09-25 00:00:00-04:00,14.091989906301906,14.27841535055789,12.812441161949074,13.049708366394043,1205200,0.0,0.0
2001-09-26 00:00:00-04:00,13.745463470627902,13.830310711888194,12.96485606600984,13.100613594055176,952200,0.02,0.0
2001-09-27 00:00:00-04:00,13.363647116672148,13.363647116672148,11.921221875438544,13.109101295471191,616500,0.0,0.0
2001-09-28 00:00:00-04:00,13.838793402048664,14.466672266879508,13.151520831111231,14.18667221069336,1065000,0.0,0.0
2001-10-01 00:00:00-04:00,14.212132714583664,14.780618087901319,13.787889946984151,14.568496704101562,679900,0.0,0.0
2001-10-02 00:00:00-04:00,15.790318587280046,16.689712930140345,15.680014545641034,15.747893333435059,812000,0.0,0.0
2001-10-03 00:00:00-04:00,16.1212215423584,16.7321304076707,15.824251348169797,16.1212215423584,641900,0.0,0.0
2001-10-04 00:00:00-04:00,16.961227224240325,17.190318728353052,16.070317977167996,16.341833114624023,1185100,0.0,0.0
2001-10-05 00:00:00-04:00,16.299402687857143,16.62182802498443,15.306676388608665,16.1212215423584,439800,0.0,0.0
2001-10-08 00:00:00-04:00,15.65456214026315,16.248501171689714,15.357591815370833,15.909107208251953,883000,0.0,0.0
2001-10-09 00:00:00-04:00,15.824249804195082,16.206068819234474,15.824249804195082,16.14667510986328,559500,0.0,0.0
2001-10-10 00:00:00-04:00,16.282435530603742,17.98789140514546,16.282435530603742,17.979406356811523,833200,0.0,0.0
2001-10-11 00:00:00-04:00,17.979407976314683,18.929710818309793,17.60607390778064,18.819408416748047,755200,0.0,0.0
2001-10-12 00:00:00-04:00,17.385473433164496,17.60607993010616,15.357592937402792,16.5878963470459,4494300,0.0,0.0
2001-10-15 00:00:00-04:00,16.5878963470459,17.309109583517067,16.036380913870836,16.5878963470459,2087700,0.0,0.0
2001-10-16 00:00:00-04:00,16.545467387627284,17.283650490844956,16.503043759617462,16.978195190429688,1312900,0.0,0.0
2001-10-17 00:00:00-04:00,17.05455751995481,17.05455751995481,15.824252995267976,15.866678237915039,987000,0.0,0.0
2001-10-18 00:00:00-04:00,15.883644579944061,16.223040002034885,14.415765367323312,14.763644218444824,1606400,0.0,0.0
2001-10-19 00:00:00-04:00,14.865466532752405,15.442436938844638,14.398798530950664,15.111526489257812,714700,0.0,0.0
2001-10-22 00:00:00-04:00,15.187891665151163,15.71395344052861,14.890921386390886,15.5272855758667,681300,0.0,0.0
2001-10-23 00:00:00-04:00,15.739399169251268,16.29091582139166,15.739399169251268,15.943037033081055,484500,0.0,0.0
2001-10-24 00:00:00-04:00,16.129717384124707,16.59638398846239,15.781838289612956,16.04486846923828,820400,0.0,0.0
2001-10-25 00:00:00-04:00,16.03637825708579,16.8848638962793,15.781833212670906,16.62183380126953,361300,0.0,0.0
2001-10-26 00:00:00-04:00,16.350315959001662,17.33455900866596,16.350315959001662,17.18183135986328,494100,0.0,0.0
2001-10-29 00:00:00-05:00,16.969708653018213,16.969708653018213,15.866678237915039,15.866678237915039,690700,0.0,0.0
2001-10-30 00:00:00-05:00,15.73940922637871,15.73940922637871,14.848499880869747,15.35759162902832,1139100,0.0,0.0
2001-10-31 00:00:00-05:00,15.349104379625226,15.578195876242395,15.187891665151163,15.5272855758667,562700,0.0,0.0
2001-11-01 00:00:00-05:00,15.595159479740135,16.418191276428036,15.484857100145087,16.206069946289062,642800,0.0,0.0
2001-11-02 00:00:00-05:00,16.477586791402565,17.046072083061052,16.401222974735195,16.40970802307129,1438900,0.0,0.0
2001-11-05 00:00:00-05:00,16.842437744140625,16.884861372415862,16.46061861623276,16.842437744140625,240100,0.0,0.0
2001-11-06 00:00:00-05:00,16.791534252969342,16.876381535726743,15.696986827130477,16.630321502685547,378200,0.0,0.0
2001-11-07 00:00:00-05:00,16.689707380179243,17.00364768080326,16.33334345817566,16.969707489013672,463500,0.0,0.0
2001-11-08 00:00:00-05:00,17.012141025603732,17.012141025603732,16.63880840847279,16.723655700683594,264100,0.0,0.0
2001-11-09 00:00:00-05:00,16.723651660812052,16.876379339271004,16.121227616177254,16.536985397338867,644500,0.0,0.0
2001-11-12 00:00:00-05:00,16.706679902911212,16.78304372717309,15.009708907505313,16.316375732421875,1525200,0.0,0.0
2001-11-13 00:00:00-05:00,16.426676644634128,17.249706839037724,16.426676644634128,16.96122169494629,782900,0.0,0.0
2001-11-14 00:00:00-05:00,17.181830695726404,17.563649802974474,17.096981825409323,17.53819465637207,510200,0.0,0.0
2001-11-15 00:00:00-05:00,17.54667010240594,18.480003928389454,17.51272992551064,17.877578735351562,454500,0.0,0.0
2001-11-16 00:00:00-05:00,17.86910399296614,18.84486198425293,17.81819531663019,18.84486198425293,841000,0.0,0.0
2001-11-19 00:00:00-05:00,18.827890316260707,19.51516299467214,18.183041257886046,18.963647842407227,903400,0.0,0.0
2001-11-20 00:00:00-05:00,19.03152574244507,19.303040782425537,17.572129975014118,17.886070251464844,463400,0.0,0.0
2001-11-21 00:00:00-05:00,17.97941630723433,17.98790136026419,17.19032417739999,17.64002227783203,629000,0.0,0.0
2001-11-23 00:00:00-05:00,17.563650342603243,17.970922990609235,17.563650342603243,17.818195343017578,362400,0.0,0.0
2001-11-26 00:00:00-05:00,17.852143284594078,18.157597093939373,17.648505253886086,18.0727481842041,638000,0.0,0.0
2001-11-27 00:00:00-05:00,18.081212578324386,18.675152649506728,17.903031527983583,18.36969757080078,975400,0.0,0.0
2001-11-28 00:00:00-05:00,18.369708313496396,18.666678522757202,18.030314482208663,18.20001220703125,692700,0.0,0.0
2001-11-29 00:00:00-05:00,18.310312327254056,18.997584952775316,17.97091853800635,18.87879753112793,381500,0.0,0.0
2001-11-30 00:00:00-05:00,19.02303926242701,19.888494600950775,18.87879670600638,19.77819061279297,812400,0.0,0.0
2001-12-03 00:00:00-05:00,19.56607093053855,19.769707212141522,18.887283325195312,18.887283325195312,989500,0.0,0.0
2001-12-04 00:00:00-05:00,19.226679211836924,20.321226164742253,19.21819416355578,20.253347396850586,754500,0.0,0.0
2001-12-05 00:00:00-05:00,20.26182390662246,20.618187720931857,20.151521553354833,20.558794021606445,1069300,0.0,0.0
2001-12-06 00:00:00-05:00,20.482446875271382,21.16972154456754,20.44002323223948,20.966083526611328,327200,0.0,0.0
2001-12-07 00:00:00-05:00,20.872741680425875,22.629106242971663,20.872741680425875,22.442440032958984,1175200,0.0,0.0
2001-12-10 00:00:00-05:00,22.315165764898367,22.78183371411563,21.551529215147156,21.64486312866211,1430000,0.0,0.0
2001-12-11 00:00:00-05:00,21.644874725548163,22.34063287961369,21.636389672650004,21.806087493896484,859700,0.0,0.0
2001-12-12 00:00:00-05:00,21.823051486137423,22.66305212972835,21.814566434987047,22.48487091064453,593400,0.0,0.0
2001-12-13 00:00:00-05:00,22.103041931268695,22.230316023912003,21.78910326925373,21.958799362182617,525100,0.0,0.0
2001-12-14 00:00:00-05:00,21.856981457060176,22.043647639895216,21.322434813373267,21.517587661743164,411900,0.0,0.0
2001-12-17 00:00:00-05:00,21.509105728117714,21.551529351789398,21.00001415226997,21.441226959228516,492000,0.0,0.0
2001-12-18 00:00:00-05:00,21.033951669412396,21.636375464353478,21.01698157476009,21.568496704101562,537700,0.0,0.0
2001-12-19 00:00:00-05:00,21.407283439969067,21.593951239183525,21.084859742423493,21.288496017456055,754900,0.0,0.0
2001-12-20 00:00:00-05:00,21.254549533658363,21.381823583918642,20.440004674790533,20.53333854675293,421000,0.0,0.0
2001-12-21 00:00:00-05:00,20.49091974882607,21.37334524097493,20.448496131008532,21.24607276916504,1076900,0.0,0.0
2001-12-24 00:00:00-05:00,21.20365436157911,21.212139411546666,19.684866021258426,20.07516860961914,417900,0.0,0.0
2001-12-26 00:00:00-05:00,19.990321625851074,21.0000200108249,19.981836575078088,20.804868698120117,1111200,0.0,0.0
2001-12-27 00:00:00-05:00,20.821854523854853,21.441754360198974,20.796378589055237,21.229459762573242,294600,0.02,0.0
2001-12-28 00:00:00-05:00,21.144529817345582,21.365316270210318,20.847317222347726,20.974695205688477,691600,0.0,0.0
2001-12-31 00:00:00-05:00,20.906767783053724,22.078632974422042,20.694473235222745,21.61158561706543,935300,0.0,0.0
2002-01-02 00:00:00-05:00,21.611583503795597,21.772926178201608,20.618045052311743,20.762405395507812,465100,0.0,0.0
2002-01-03 00:00:00-05:00,20.770901892519632,21.73896632357281,20.601067192454977,21.603097915649414,807600,0.0,0.0
2002-01-04 00:00:00-05:00,21.721980562755235,22.970272064208984,21.61158809786982,22.970272064208984,1208700,0.0,0.0
2002-01-07 00:00:00-05:00,22.927806888057336,23.437314031727656,22.605119948217318,23.123117446899414,919700,0.0,0.0
2002-01-08 00:00:00-05:00,23.33541570883918,24.22705375861009,23.16558104674864,23.94682502746582,722600,0.0,0.0
2002-01-09 00:00:00-05:00,23.989281480729204,24.159117749703192,23.157087326049805,23.157087326049805,542900,0.0,0.0
2002-01-10 00:00:00-05:00,23.157086294336167,24.12514877319336,22.936299802378127,24.12514877319336,362900,0.0,0.0
2002-01-11 00:00:00-05:00,24.244038293634418,24.45633285529384,23.403352023824585,23.581680297851562,457500,0.0,0.0
2002-01-14 00:00:00-05:00,23.53922070368567,23.547712680618133,22.757976642367904,23.021223068237305,268300,0.0,0.0
2002-01-15 00:00:00-05:00,23.22502325946427,24.59219901096022,23.22502325946427,23.94682502746582,785500,0.0,0.0
2002-01-16 00:00:00-05:00,23.98927535301465,24.031733599573453,23.114621544670115,23.48826026916504,396800,0.0,0.0
2002-01-17 00:00:00-05:00,23.77698314078741,23.870393235709034,21.518169871986885,22.59662628173828,634800,0.0,0.0
2002-01-18 00:00:00-05:00,22.333378435019988,23.352392577167727,22.21449404565147,22.55416488647461,473400,0.0,0.0
2002-01-22 00:00:00-05:00,22.84289632828586,22.893846573628252,22.15506234728673,22.503225326538086,212100,0.0,0.0
2002-01-23 00:00:00-05:00,23.131606918842664,23.530719968034727,22.50321543685418,23.496753692626953,240500,0.0,0.0
2002-01-24 00:00:00-05:00,23.394852107650898,24.931865378628626,23.394852107650898,24.575210571289062,537000,0.0,0.0
2002-01-25 00:00:00-05:00,24.286503013833972,24.45633772517254,24.210076826843867,24.447847366333008,375200,0.0,0.0
2002-01-28 00:00:00-05:00,23.709042990084157,24.201566023315383,23.36088024002474,24.08268165588379,364800,0.0,0.0
2002-01-29 00:00:00-05:00,24.15061994082176,24.62615911153457,23.530718842575894,23.54770278930664,258000,0.0,0.0
2002-01-30 00:00:00-05:00,23.887378378191354,24.10816487058411,23.522233168900378,23.82793617248535,391800,0.0,0.0
2002-01-31 00:00:00-05:00,23.827946109541486,23.9638145277251,23.267488479614258,23.267488479614258,450200,0.0,0.0
2002-02-01 00:00:00-05:00,23.267482140256888,23.658104950866853,23.14859771165679,23.53921890258789,440600,0.0,0.0
2002-02-04 00:00:00-05:00,23.522235797516238,23.564694057857068,22.17204238678904,22.18053436279297,315000,0.0,0.0
2002-02-05 00:00:00-05:00,22.24847389305459,22.57116096028771,22.112605483727044,22.282440185546875,461700,0.0,0.0
2002-02-06 00:00:00-05:00,22.333391022355354,22.333391022355354,21.18700149091979,21.229459762573242,296500,0.0,0.0
2002-02-07 00:00:00-05:00,21.31437019086552,21.976728058502466,21.31437019086552,21.33135414123535,358500,0.0,0.0
2002-02-08 00:00:00-05:00,21.654036604648265,21.713478798924257,21.07659536937578,21.27190589904785,428500,0.0,0.0
2002-02-11 00:00:00-05:00,21.314372955499213,21.62007600341491,20.88978385925293,20.88978385925293,496300,0.0,0.0
2002-02-12 00:00:00-05:00,20.889788730307917,21.611590686171258,20.889788730307917,21.229459762573242,911300,0.0,0.0
2002-02-13 00:00:00-05:00,21.254935697372858,22.010703946623106,20.728444382602174,21.229459762573242,368700,0.0,0.0
2002-02-14 00:00:00-05:00,21.39079007075238,21.7814110965594,21.017151370653103,21.305871963500977,194900,0.0,0.0
2002-02-15 00:00:00-05:00,21.433253218800576,21.721973877712227,21.102074306387205,21.713481903076172,259400,0.0,0.0
2002-02-19 00:00:00-05:00,22.061647473413338,22.64758083781153,21.569124221801758,21.569124221801758,375800,0.0,0.0
2002-02-20 00:00:00-05:00,21.815390704871437,22.588142818533345,21.68801428541666,22.350372314453125,213000,0.0,0.0
2002-02-21 00:00:00-05:00,22.43528344663316,23.208035318477496,22.358857294940556,22.469249725341797,300600,0.0,0.0
2002-02-22 00:00:00-05:00,22.690033086989377,22.690033086989377,21.49269236795572,21.866331100463867,276500,0.0,0.0
2002-02-25 00:00:00-05:00,21.866331748566505,22.664559458140623,21.80688955247622,21.98521614074707,441100,0.0,0.0
2002-02-26 00:00:00-05:00,21.993710807625778,22.16354706269073,21.119058467173407,21.186992645263672,516900,0.0,0.0
2002-02-27 00:00:00-05:00,21.33985585399023,22.078641891479492,21.33985585399023,22.078641891479492,470500,0.0,0.0
2002-02-28 00:00:00-05:00,22.146565610521282,22.50322049063165,21.55214027044442,21.569124221801758,667600,0.0,0.0
2002-03-01 00:00:00-05:00,21.82387667430273,22.112597342748096,21.229451387579076,21.373811721801758,481500,0.0,0.0
2002-03-04 00:00:00-05:00,21.27191791148987,21.67952476753565,21.093591227959216,21.102083206176758,1300900,0.0,0.0
2002-03-05 00:00:00-05:00,21.170014160441436,21.569127357285105,20.719949102118928,20.796375274658203,1020600,0.0,0.0
2002-03-06 00:00:00-05:00,20.71144854873126,21.21246364138657,20.201943102357593,21.076595306396484,1113600,0.0,0.0
2002-03-07 00:00:00-05:00,21.203974975027315,21.611581663247485,21.144532771658152,21.186992645263672,717000,0.0,0.0
2002-03-08 00:00:00-05:00,21.314376852887722,21.78142429628791,21.07660633242846,21.543655395507812,1046500,0.0,0.0
2002-03-11 00:00:00-05:00,21.74746232494303,22.23149382017885,21.18700463365108,22.087133407592773,580900,0.0,0.0
2002-03-12 00:00:00-05:00,21.93427109915328,22.460762253997103,21.823878654579552,22.290925979614258,672700,0.0,0.0
2002-03-13 00:00:00-05:00,22.33338508145072,22.33338508145072,21.569125057234775,21.654043197631836,601500,0.0,0.0
2002-03-14 00:00:00-05:00,21.75594674373991,22.04466584889555,21.56912649844759,21.66253662109375,159300,0.0,0.0
2002-03-15 00:00:00-05:00,21.688011931189457,22.146567315386417,21.628568096862725,21.93427276611328,248700,0.0,0.0
2002-03-18 00:00:00-05:00,22.155067885720513,22.460772673554658,21.654052425516554,21.823888778686523,520400,0.0,0.0
2002-03-19 00:00:00-05:00,21.849353146941908,21.86633709845973,20.813356399536133,20.813356399536133,689800,0.0,0.0
2002-03-20 00:00:00-05:00,20.804867921687165,20.81335989887383,20.21044247605306,20.329328536987305,633600,0.0,0.0
2002-03-21 00:00:00-05:00,20.50765131143653,21.01715850830078,20.337816658934265,21.01715850830078,1270200,0.0,0.0
2002-03-22 00:00:00-05:00,21.085093145106253,21.569124425612877,20.80486442377722,20.813356399536133,306400,0.0,0.0
2002-03-25 00:00:00-05:00,21.01716249231663,21.01716249231663,20.320836559800643,20.329328536987305,364800,0.0,0.0
2002-03-26 00:00:00-05:00,20.346325982655358,21.247207110240232,20.337826905287272,21.145219802856445,283800,0.02,0.0
2002-03-27 00:00:00-05:00,21.179208966229094,21.51066476658134,20.728767743903887,21.23870086669922,243000,0.0,0.0
2002-03-28 00:00:00-05:00,21.2471959756704,21.41717419188873,20.86474579969537,21.18770408630371,561900,0.0,0.0
2002-04-01 00:00:00-05:00,20.66078016738435,20.82225936738802,19.980870305842014,20.244335174560547,1115000,0.0,0.0
2002-04-02 00:00:00-05:00,19.921377990983114,20.227336611946658,19.22446999179817,19.241466522216797,605300,0.0,0.0
2002-04-03 00:00:00-05:00,19.275461775668187,20.252832736459343,19.266962700405134,19.85338592529297,923100,0.0,0.0
2002-04-04 00:00:00-05:00,19.810897005199177,21.332197931376214,19.589925839445524,21.07723045349121,589000,0.0,0.0
2002-04-05 00:00:00-05:00,21.24720070326206,22.003600529567702,20.057357788085938,20.057357788085938,651300,0.0,0.0
2002-04-08 00:00:00-04:00,19.598419597535052,19.887381688079973,19.147979931299048,19.241466522216797,1172900,0.0,0.0
2002-04-09 00:00:00-04:00,19.89587748539429,20.048857581184713,19.334951548184517,19.78539276123047,528000,0.0,0.0
2002-04-10 00:00:00-04:00,19.76839509619207,20.50779674922421,19.75989602165883,20.380313873291016,352700,0.0,0.0
2002-04-11 00:00:00-04:00,20.456808430505273,20.456808430505273,19.564426481313017,19.60692024230957,256400,0.0,0.0
2002-04-12 00:00:00-04:00,19.802391976546875,20.907247473306015,19.606918103631646,20.89874839782715,375600,0.0,0.0
2002-04-15 00:00:00-04:00,20.89024950744101,20.941242339733115,19.887381286509708,20.040361404418945,351300,0.0,0.0
2002-04-16 00:00:00-04:00,20.269830729578715,20.890248629668008,20.269830729578715,20.74576759338379,536400,0.0,0.0
2002-04-17 00:00:00-04:00,21.204715606326765,21.204715606326765,20.609793095366722,20.694782257080078,407000,0.0,0.0
2002-04-18 00:00:00-04:00,20.652289321157653,20.907256836612035,19.980878267965046,20.839265823364258,445700,0.0,0.0
2002-04-19 00:00:00-04:00,20.907249415596702,21.026233241288672,20.405815262990476,20.422813415527344,124700,0.0,0.0
2002-04-22 00:00:00-04:00,20.40581423411699,20.550295281329436,20.0148648506462,20.227336883544922,273900,0.0,0.0
2002-04-23 00:00:00-04:00,20.252832848500507,20.26983099912065,19.343452863750123,19.46243667602539,785000,0.0,0.0
2002-04-24 00:00:00-04:00,19.368950064182314,19.972369821107225,18.850517818180503,19.02049446105957,867300,0.0,0.0
2002-04-25 00:00:00-04:00,18.86751761473569,18.86751761473569,17.89864401956804,18.4765682220459,1443400,0.0,0.0
2002-04-26 00:00:00-04:00,18.570057734386484,19.4199459453787,18.48506858908064,19.224472045898438,584800,0.0,0.0
2002-04-29 00:00:00-04:00,19.33495877241124,19.538931769332464,18.774032625619558,19.2669677734375,457300,0.0,0.0
2002-04-30 00:00:00-04:00,19.130981188356436,19.504932403564453,18.69753806594024,19.504932403564453,391100,0.0,0.0
2002-05-01 00:00:00-04:00,19.530427549428367,19.87038245478622,18.952503399803586,19.85338592529297,307200,0.0,0.0
2002-05-02 00:00:00-04:00,19.9213735025471,21.417176451577753,19.912874428736224,20.864748001098633,1176800,0.0,0.0
2002-05-03 00:00:00-04:00,21.196209502031827,21.570159095962033,21.034730310406168,21.332191467285156,1154400,0.0,0.0
2002-05-06 00:00:00-04:00,21.570160253735203,22.394552785994577,21.570160253735203,22.054597854614258,1146500,0.0,0.0
2002-05-07 00:00:00-04:00,22.0546021249381,22.360560811905167,21.03473551229242,21.204713821411133,1684500,0.0,0.0
2002-05-08 00:00:00-04:00,21.1197222455375,21.75713840010483,20.966742109076044,21.587160110473633,1109700,0.0,0.0
2002-05-09 00:00:00-04:00,21.706141375239813,22.241570128555498,21.502166818609002,21.510665893554688,442800,0.0,0.0
2002-05-10 00:00:00-04:00,21.553162901980812,21.757135853039674,20.737269476712456,20.966739654541016,510000,0.0,0.0
2002-05-13 00:00:00-04:00,21.43418042244225,21.459677652730296,20.79676425453937,21.230207443237305,503200,0.0,0.0
2002-05-14 00:00:00-04:00,21.23870869971238,21.332196932663365,20.82226362180037,21.264205932617188,583600,0.0,0.0
2002-05-15 00:00:00-04:00,21.25570685498225,21.417186087979417,21.162218622031265,21.264205932617188,411000,0.0,0.0
2002-05-16 00:00:00-04:00,21.289700489943886,21.41718502711991,20.77976882537269,21.026235580444336,207200,0.0,0.0
2002-05-17 00:00:00-04:00,21.196212296642315,21.247205135077234,20.8647547942326,21.102724075317383,165400,0.0,0.0
2002-05-20 00:00:00-04:00,20.830757190201894,21.102721118458703,20.18484205007553,20.397314071655273,214900,0.0,0.0
2002-05-21 00:00:00-04:00,20.388821149783745,20.609792313441556,19.802397739346993,20.03186798095703,136300,0.0,0.0
2002-05-22 00:00:00-04:00,20.05735916133426,20.56729233733222,19.836388064367384,20.397314071655273,217300,0.0,0.0
2002-05-23 00:00:00-04:00,20.405811448467393,20.51629617723767,20.125348468169122,20.456804275512695,149200,0.0,0.0
2002-05-24 00:00:00-04:00,20.31233325357372,20.813767559444287,20.082862987287147,20.09986114501953,284900,0.0,0.0
2002-05-28 00:00:00-04:00,20.303820962587956,20.822253088836316,20.176338104617905,20.558788299560547,153100,0.0,0.0
2002-05-29 00:00:00-04:00,19.96387616922032,20.50780416785009,19.802396936739623,20.31233024597168,267300,0.0,0.0
2002-05-30 00:00:00-04:00,20.439808719784242,20.567293235123266,19.972370900317646,20.13385009765625,130200,0.0,0.0
2002-05-31 00:00:00-04:00,20.201841421766723,20.210340497667506,19.504933408232148,19.802392959594727,399500,0.0,0.0
2002-06-03 00:00:00-04:00,19.79389152760972,19.97236722256677,18.850515365600586,18.850515365600586,657700,0.0,0.0
2002-06-04 00:00:00-04:00,19.028992278080707,19.028992278080707,18.58705173899183,18.69753646850586,1107800,0.0,0.0
2002-06-05 00:00:00-04:00,18.706039190054838,19.326457177505652,18.706039190054838,19.12248420715332,1084900,0.0,0.0
2002-06-06 00:00:00-04:00,18.95249772895087,19.91287187289138,18.94400027726323,19.827882766723633,953700,0.0,0.0
2002-06-07 00:00:00-04:00,19.887381014359327,20.099853037207254,19.547426102009226,19.972370147705078,349600,0.0,0.0
2002-06-10 00:00:00-04:00,20.091354572482718,20.184842784108078,19.377448424330577,20.150846481323242,401400,0.0,0.0
2002-06-11 00:00:00-04:00,20.18484717307729,20.32082917171852,19.63242010096815,19.768402099609375,289800,0.0,0.0
2002-06-12 00:00:00-04:00,19.75989818332321,19.972370206799802,19.43694142089326,19.504932403564453,457600,0.0,0.0
2002-06-13 00:00:00-04:00,19.46244392139758,19.7004132555709,19.12248888760245,19.37745475769043,332900,0.0,0.0
2002-06-14 00:00:00-04:00,19.428450456902446,19.462445151914547,18.07712769372488,18.6805477142334,330300,0.0,0.0
2002-06-17 00:00:00-04:00,18.68904323552875,19.300962218561505,18.502068395971502,18.74853515625,364100,0.0,0.0
2002-06-18 00:00:00-04:00,18.86752056400121,19.020499093540742,18.58705749496218,18.70604133605957,376800,0.0,0.0
2002-06-19 00:00:00-04:00,18.621034591360385,18.74001832004904,18.085606191229726,18.213088989257812,503300,0.0,0.0
2002-06-20 00:00:00-04:00,18.281093732889246,19.334954811613684,18.272594657129417,19.215970993041992,871800,0.0,0.0
2002-06-21 00:00:00-04:00,19.30096663702218,21.230213879100575,19.266971940699225,20.856264114379883,2021700,0.0,0.0
2002-06-24 00:00:00-04:00,20.652281225136772,20.9157477165933,20.07435864960226,20.29532814025879,1011300,0.0,0.0
2002-06-25 00:00:00-04:00,20.303829988728555,20.43981198048556,19.564428111179005,20.023366928100586,645700,0.0,0.0
2002-06-26 00:00:00-04:00,19.819213543444953,19.90427487304457,19.35988495946288,19.4449462890625,261100,0.02,0.0
2002-06-27 00:00:00-04:00,19.64910059496074,19.64910059496074,19.147240328389433,19.56403923034668,464500,0.0,0.0
2002-06-28 00:00:00-04:00,19.453458708481197,19.92980003282401,19.274829697846123,19.895774841308594,628500,0.0,0.0
2002-07-01 00:00:00-04:00,19.819218665153272,19.86175015214908,17.87132198823459,18.117998123168945,944400,0.0,0.0
2002-07-02 00:00:00-04:00,18.06696795240167,18.24559701219888,16.995198460851036,17.309925079345703,424500,0.0,0.0
2002-07-03 00:00:00-04:00,17.394993485603543,17.539597402931722,16.399778671618204,16.518863677978516,723500,0.0,0.0
2002-07-05 00:00:00-04:00,16.722997699159187,17.309919236952737,16.705985104461327,17.05473518371582,405500,0.0,0.0
2002-07-08 00:00:00-04:00,17.04622665835187,17.52256784542305,16.8931165854765,17.233360290527344,865900,0.0,0.0
2002-07-09 00:00:00-04:00,17.250379307212334,17.411994113307372,16.476323981479464,16.586902618408203,293400,0.0,0.0
2002-07-10 00:00:00-04:00,16.57839424315812,16.87610816708845,15.515131387985763,15.63421630859375,487800,0.0,0.0
2002-07-11 00:00:00-04:00,15.727777556332455,15.804332580532584,14.885673912540742,15.293966293334961,519900,0.0,0.0
2002-07-12 00:00:00-04:00,15.310983874561236,15.566166290173163,14.715556074919762,14.877172470092773,276500,0.0,0.0
2002-07-15 00:00:00-04:00,14.970739279034461,14.979245575402402,13.975525317727469,14.570951461791992,305500,0.0,0.0
2002-07-16 00:00:00-04:00,14.213695595680099,14.800617085165099,14.205190921441503,14.596470832824707,488600,0.0,0.0
2002-07-17 00:00:00-04:00,14.664520012236492,15.08982512264617,14.205191336647363,14.273240089416504,462700,0.0,0.0
2002-07-18 00:00:00-04:00,14.460375880446794,14.468882178595138,13.822418121015318,14.298759460449219,631800,0.0,0.0
2002-07-19 00:00:00-04:00,14.34128643881613,14.434852444187134,13.992536436517918,14.247718811035156,481000,0.0,0.0
2002-07-22 00:00:00-04:00,14.281746615023293,14.545435333425164,13.737354961741996,13.856441497802734,794100,0.0,0.0
2002-07-23 00:00:00-04:00,14.001045810509822,14.15415593559174,13.175954341625673,13.184460639953613,581600,0.0,0.0
2002-07-24 00:00:00-04:00,13.218482540145576,14.332782264520986,12.418909305168606,14.307263374328613,577400,0.0,0.0
2002-07-25 00:00:00-04:00,14.307262691670681,14.792110225320263,13.669305068992784,14.239213943481445,294600,0.0,0.0
2002-07-26 00:00:00-04:00,14.46888198425567,14.630498402082488,13.533210291841595,14.256229400634766,417400,0.0,0.0
2002-07-29 00:00:00-04:00,14.460376231001286,16.246658325195312,14.375314869866234,16.246658325195312,722400,0.0,0.0
2002-07-30 00:00:00-04:00,16.4848195112411,16.79103960115711,15.736283496613778,16.11905860900879,668000,0.0,0.0
2002-07-31 00:00:00-04:00,16.238144625511783,16.58689458703617,15.897900958464792,16.323205947875977,440100,0.0,0.0
2002-08-01 00:00:00-04:00,16.96967618992435,17.046231246969636,16.476322279193855,16.629430770874023,613200,0.0,0.0
2002-08-02 00:00:00-04:00,16.842080333840638,16.842080333840638,15.174885217329956,15.34500789642334,536800,0.0,0.0
2002-08-05 00:00:00-04:00,14.88567821628775,16.068025852581638,14.375311781532993,14.50290298461914,299300,0.0,0.0
2002-08-06 00:00:00-04:00,14.885684533131085,15.685258899471453,14.71556177521667,15.115349769592285,549800,0.0,0.0
2002-08-07 00:00:00-04:00,15.225918740252961,15.821346391748426,14.970736388131948,15.387535095214844,287100,0.0,0.0
2002-08-08 00:00:00-04:00,15.625704969704543,15.999972166979024,15.174881127302958,15.651222229003906,551400,0.0,0.0
2002-08-09 00:00:00-04:00,15.566167499758505,16.36574161850331,15.48961244464409,16.178607940673828,507800,0.0,0.0
2002-08-12 00:00:00-04:00,15.75330700612602,15.821355781906682,14.92821377457334,14.996262550354004,477900,0.0,0.0
2002-08-13 00:00:00-04:00,14.953723845885877,15.013266286741416,14.12012642908866,14.332778930664062,792300,0.0,0.0
2002-08-14 00:00:00-04:00,14.332782503693862,14.341288800566598,12.810190245294045,13.397110939025879,1110100,0.0,0.0
2002-08-15 00:00:00-04:00,13.482174608898436,13.822418430395293,11.015404063827814,12.121197700500488,2723700,0.0,0.0
2002-08-16 00:00:00-04:00,12.036132728625402,12.682596606732389,11.653358341474297,12.580523490905762,1346200,0.0,0.0
2002-08-19 00:00:00-04:00,12.597540245007977,13.677815019525498,12.572021349215506,13.431138038635254,1327700,0.0,0.0
2002-08-20 00:00:00-04:00,13.550219397802433,13.796895487613298,13.286529905100272,13.567231178283691,1139500,0.0,0.0
2002-08-21 00:00:00-04:00,13.652291352248538,14.179670324099702,13.550219049574117,14.145645141601562,907000,0.0,0.0
2002-08-22 00:00:00-04:00,14.179670582533202,15.404549593820427,14.162657990974067,14.715554237365723,766400,0.0,0.0
2002-08-23 00:00:00-04:00,14.758088816638335,15.098332607249201,13.737355822395369,13.984033584594727,380500,0.0,0.0
2002-08-26 00:00:00-04:00,14.001045608053728,14.460375976657533,13.950009441234581,14.171168327331543,303100,0.0,0.0
2002-08-27 00:00:00-04:00,14.44336580916115,14.460378408432007,13.53321283951027,13.60976791381836,762900,0.0,0.0
2002-08-28 00:00:00-04:00,13.482169980050736,13.558724205200143,12.886742280052172,13.099394798278809,515100,0.0,0.0
2002-08-29 00:00:00-04:00,13.005832431093129,13.397113230920608,12.878241200995035,13.184460639953613,959500,0.0,0.0
2002-08-30 00:00:00-04:00,13.18445750805512,13.63528147788207,12.988817560217248,13.252506256103516,372900,0.0,0.0
2002-09-03 00:00:00-04:00,13.269518903277424,13.269518903277424,12.597536905132783,12.631561279296875,752200,0.0,0.0
2002-09-04 00:00:00-04:00,12.716621809104575,12.784670557432761,12.206256196643176,12.631561279296875,546200,0.0,0.0
2002-09-05 00:00:00-04:00,12.7081176815212,12.75064835928584,11.814977504489779,11.84900188446045,833800,0.0,0.0
2002-09-06 00:00:00-04:00,11.94256645764901,12.376377828260557,11.780950886294441,11.806468963623047,941400,0.0,0.0
2002-09-09 00:00:00-04:00,12.061648993726754,12.648569484931846,11.67036839585508,12.546496391296387,637200,0.0,0.0
2002-09-10 00:00:00-04:00,12.580521263903501,13.141923707173069,12.486954460426864,12.920764923095703,853100,0.0,0.0
2002-09-11 00:00:00-04:00,12.946290536063227,13.13342424029789,12.920771639954168,13.031351089477539,321200,0.0,0.0
2002-09-12 00:00:00-04:00,13.039852013172792,13.04835830836953,12.350858326336281,12.674089431762695,443700,0.0,0.0
2002-09-13 00:00:00-04:00,12.555010096188157,12.657083250075218,12.333851190496867,12.376381874084473,289600,0.0,0.0
2002-09-16 00:00:00-04:00,12.342357489455452,12.648576951116633,12.265802421238828,12.376381874084473,304300,0.0,0.0
2002-09-17 00:00:00-04:00,12.248789049338496,12.248789049338496,11.142996213166127,11.262081146240234,1858000,0.0,0.0
2002-09-18 00:00:00-04:00,11.194032192442625,11.39817848387316,10.879306457019236,11.185525894165039,641900,0.0,0.0
2002-09-19 00:00:00-04:00,11.177017080390646,11.330126347789825,10.479516242131009,10.556071281433105,865800,0.0,0.0
2002-09-20 00:00:00-04:00,10.632629100623218,11.057934264648146,10.292385293885365,10.351927757263184,582300,0.0,0.0
2002-09-23 00:00:00-04:00,10.454004435752845,10.581595703640877,10.292388775680967,10.436992645263672,805500,0.0,0.0
2002-09-24 00:00:00-04:00,10.292385137744471,10.564580179005413,9.671439185861436,10.02018928527832,945000,0.0,0.0
2002-09-25 00:00:00-04:00,9.96915059405002,10.717687579012633,9.807534220857692,10.462504386901855,862300,0.0,0.0
2002-09-26 00:00:00-04:00,10.581787292053034,11.604182030712082,10.547707494515283,11.374143600463867,841900,0.02,0.0
2002-09-27 00:00:00-04:00,11.45933842737266,11.501938361587476,10.854421636595532,10.990740776062012,722800,0.0,0.0
2002-09-30 00:00:00-04:00,10.990743523462694,11.237822228640495,10.411387035906063,11.16114330291748,664600,0.0,0.0
2002-10-01 00:00:00-04:00,11.246340741320042,11.587139438042618,10.85442276823114,11.527499198913574,1019600,0.0,0.0
2002-10-02 00:00:00-04:00,11.621219956033466,11.629739294278526,10.777743717773834,10.879983901977539,518100,0.0,0.0
2002-10-03 00:00:00-04:00,10.905539968802838,11.135578276578391,10.419902096785943,10.530661582946777,394100,0.0,0.0
2002-10-04 00:00:00-04:00,10.547704248528019,10.828862694821416,10.232466015184702,10.32618522644043,307400,0.0,0.0
2002-10-07 00:00:00-04:00,10.471023531946008,10.862941452131809,10.045025827940838,10.189865112304688,376300,0.0,0.0
2002-10-08 00:00:00-04:00,10.10467038224708,10.581788410742213,10.036510779965854,10.394349098205566,575600,0.0,0.0
2002-10-09 00:00:00-04:00,10.411385324690343,10.411385324690343,9.601989755417861,9.738308906555176,494900,0.0,0.0
2002-10-10 00:00:00-04:00,9.729789241729012,10.300626324980415,9.542349993303974,10.215426445007324,536900,0.0,0.0
2002-10-11 00:00:00-04:00,10.309148493998556,10.854425232506625,10.181348649015904,10.488067626953125,435500,0.0,0.0
2002-10-14 00:00:00-04:00,10.6414217888173,10.82034084586622,10.215424111322363,10.419902801513672,312500,0.0,0.0
2002-10-15 00:00:00-04:00,10.615865241087526,12.439136123193716,10.607345090055055,11.936458587646484,1359700,0.0,0.0
2002-10-16 00:00:00-04:00,11.7149388591421,12.311335584011351,11.323020872080658,12.030177116394043,624400,0.0,0.0
2002-10-17 00:00:00-04:00,12.234656625652738,13.180372269566528,12.106857609596114,13.03553295135498,764700,0.0,0.0
2002-10-18 00:00:00-04:00,13.137770953248355,13.274090106131277,12.762892470294076,12.941811561584473,667300,0.0,0.0
2002-10-21 00:00:00-04:00,12.728811285453103,13.376328003126924,12.711771799475452,13.29964828491211,579500,0.0,0.0
2002-10-22 00:00:00-04:00,13.538210266337863,13.879008991080296,12.916253060885557,13.061092376708984,668200,0.0,0.0
2002-10-23 00:00:00-04:00,12.96737312548612,13.350770979018336,12.779933867915984,13.205931663513184,641400,0.0,0.0
2002-10-24 00:00:00-04:00,13.22296933347426,13.35076832170602,12.865131191393953,13.027009963989258,635000,0.0,0.0
2002-10-25 00:00:00-04:00,12.99293138665351,13.367809049478202,12.865132386549375,13.265569686889648,382800,0.0,0.0
2002-10-28 00:00:00-05:00,13.359293007290914,13.546731478675085,12.950334643533832,13.222973823547363,359900,0.0,0.0
2002-10-29 00:00:00-05:00,13.154812787441516,13.538211488967091,12.660655363837876,13.16333293914795,481700,0.0,0.0
2002-10-30 00:00:00-05:00,13.24853327015429,13.359292808428801,12.924774807319505,13.112214088439941,743700,0.0,0.0
2002-10-31 00:00:00-05:00,13.257052768358774,13.26557210740097,12.907733866784733,12.924774169921875,329100,0.0,0.0
2002-11-01 00:00:00-05:00,12.950327899600653,13.376325533222555,12.779929008657092,13.09516716003418,561200,0.0,0.0
2002-11-04 00:00:00-05:00,13.188892176268295,14.867324634620738,13.171852685905671,13.91308879852295,1246400,0.0,0.0
2002-11-05 00:00:00-05:00,13.717128758712603,14.398724552602243,13.708608608157412,14.126086235046387,651900,0.0,0.0
2002-11-06 00:00:00-05:00,14.44133271620844,17.159198760986328,14.313532017349912,17.159198760986328,2040300,0.0,0.0
2002-11-07 00:00:00-05:00,16.528716757245018,16.826915586316908,15.625601742816995,15.761920928955078,1148100,0.0,0.0
2002-11-08 00:00:00-05:00,15.591516921401254,15.634117671218027,14.81620115031287,14.978080749511719,591100,0.0,0.0
2002-11-11 00:00:00-05:00,15.080326852032817,15.318884644573037,14.569129028648925,14.679887771606445,412600,0.0,0.0
2002-11-12 00:00:00-05:00,14.807681423044075,14.82472172345721,14.305005561276507,14.50948429107666,456600,0.0,0.0
2002-11-13 00:00:00-05:00,14.483926364034003,14.841764609794602,14.185727555058042,14.526525497436523,541700,0.0,0.0
2002-11-14 00:00:00-05:00,14.61172484213039,14.858804356760407,14.415766235732404,14.74804401397705,520600,0.0,0.0
2002-11-15 00:00:00-05:00,14.015325384472957,14.015325384472957,11.544538165655691,13.15480899810791,2407000,0.0,0.0
2002-11-18 00:00:00-05:00,13.163331432634534,13.65748961220928,12.779933587514362,13.52968978881836,990500,0.0,0.0
2002-11-19 00:00:00-05:00,13.461535916516075,13.50413587571131,12.618060137062301,12.728818893432617,774700,0.0,0.0
2002-11-20 00:00:00-05:00,11.834220598504448,12.54989630597763,11.834220598504448,12.140938758850098,1314800,0.0,0.0
2002-11-21 00:00:00-05:00,12.30281331885238,13.717126376912011,12.277253684151185,13.495607376098633,959600,0.0,0.0
2002-11-22 00:00:00-05:00,13.444493674240585,13.50413393354711,12.924776521879012,13.120735168457031,415500,0.0,0.0
2002-11-25 00:00:00-05:00,12.992937818231317,13.120736881596711,12.566939856977832,12.899218559265137,616400,0.0,0.0
2002-11-26 00:00:00-05:00,12.728814474562475,12.796974873128619,11.893859139311902,11.996098518371582,598200,0.0,0.0
2002-11-27 00:00:00-05:00,11.92794023711106,12.635096629023385,11.92794023711106,12.353938102722168,317100,0.0,0.0
2002-11-29 00:00:00-05:00,12.089816614794533,12.09833676538386,11.50194003707768,11.595659255981445,357000,0.0,0.0
2002-12-02 00:00:00-05:00,11.612697855570877,12.18353486099156,11.612697855570877,11.714937210083008,1058800,0.0,0.0
2002-12-03 00:00:00-05:00,11.587143680160107,11.595663020989308,11.075945854187012,11.075945854187012,773400,0.0,0.0
2002-12-04 00:00:00-05:00,11.092986160898503,11.288944812921377,10.317669268583114,11.075945854187012,1281100,0.0,0.0
2002-12-05 00:00:00-05:00,10.78626381180634,12.405055886165721,10.69254459139328,11.987577438354492,1219000,0.0,0.0
2002-12-06 00:00:00-05:00,11.936458587646484,12.03017781142469,11.50194063530637,11.936458587646484,725600,0.0,0.0
2002-12-09 00:00:00-05:00,11.962013214564761,11.970533362026172,11.60417514644533,11.817173957824707,405900,0.0,0.0
2002-12-10 00:00:00-05:00,11.689383931708436,12.234660785648307,11.527504256300084,11.885342597961426,1124900,0.0,0.0
2002-12-11 00:00:00-05:00,11.962019998375697,12.013140099609029,11.433782744088017,11.808660507202148,806800,0.0,0.0
2002-12-12 00:00:00-05:00,11.817178224180726,11.97053768374956,11.536019756655381,11.757538795471191,775200,0.0,0.0
2002-12-13 00:00:00-05:00,11.7575395978933,11.7575395978933,11.288941849195032,11.493420600891113,1096000,0.0,0.0
2002-12-16 00:00:00-05:00,11.169661248116862,11.88533763244037,10.931102724184447,11.629738807678223,774100,0.0,0.0
2002-12-17 00:00:00-05:00,11.834216863276907,11.885336134269892,11.391178847864847,11.714937210083008,612200,0.0,0.0
2002-12-18 00:00:00-05:00,11.74049807966784,11.842737444926739,11.501939560730412,11.527499198913574,868200,0.0,0.0
2002-12-19 00:00:00-05:00,11.544543439112434,11.689382792455753,11.092985885320838,11.118545532226562,528500,0.0,0.0
2002-12-20 00:00:00-05:00,11.050382380806914,11.33154084399208,11.007782441303592,11.220781326293945,437000,0.0,0.0
2002-12-23 00:00:00-05:00,11.288939239527547,11.288939239527547,10.752182031012913,10.888501167297363,396200,0.0,0.0
2002-12-24 00:00:00-05:00,10.91406427525405,11.067422934695047,10.649945274924336,10.77774429321289,378400,0.0,0.0
2002-12-26 00:00:00-05:00,10.760704490185448,10.982223540464718,10.649944965045814,10.837384223937988,300600,0.0,0.0
2002-12-27 00:00:00-05:00,10.666717005742111,11.008051624403489,10.581382944173805,10.828850746154785,490300,0.02,0.0
2002-12-30 00:00:00-05:00,10.752050451008214,10.845917262308213,10.581382337654212,10.683783531188965,247400,0.0,0.0
2002-12-31 00:00:00-05:00,10.683779620343842,11.161647884152783,10.62404547701354,11.153114318847656,483600,0.0,0.0
2003-01-02 00:00:00-05:00,11.008051332862197,11.51152049240811,10.939784410937927,11.37498664855957,408100,0.0,0.0
2003-01-03 00:00:00-05:00,11.289651600243818,11.588319967852676,11.093384420356616,11.315252304077148,357000,0.0,0.0
2003-01-06 00:00:00-05:00,11.298182487487793,11.485916868692968,11.246982719580878,11.298182487487793,268900,0.0,0.0
2003-01-07 00:00:00-05:00,11.264053148189616,11.835789252562048,11.255519579155774,11.67365550994873,322000,0.0,0.0
2003-01-08 00:00:00-05:00,11.622455565109972,11.767522991643991,11.468854569060781,11.562722206115723,605500,0.0,0.0
2003-01-09 00:00:00-05:00,11.562718817790504,11.904053360313354,11.554185250775998,11.793119430541992,613100,0.0,0.0
2003-01-10 00:00:00-05:00,11.767521663026043,12.083256375185432,11.562720900620908,11.912589073181152,531700,0.0,0.0
2003-01-13 00:00:00-05:00,12.006457456211482,12.629394207261209,11.989391130681817,12.45872688293457,781000,0.0,0.0
2003-01-14 00:00:00-05:00,12.467256999323775,12.859792169073486,12.27098982135183,12.706192016601562,449600,0.0,0.0
2003-01-15 00:00:00-05:00,12.63792369794593,12.73179049257788,12.253921324893097,12.672057151794434,562300,0.0,0.0
2003-01-16 00:00:00-05:00,12.544061407225108,12.76592935819819,12.450194572800841,12.629395484924316,250100,0.0,0.0
2003-01-17 00:00:00-05:00,12.63792570985996,12.791525869727973,12.245390521209057,12.330723762512207,359700,0.0,0.0
2003-01-21 00:00:00-05:00,12.14298828235829,12.151521849894438,11.357918786565854,11.545652389526367,408600,0.0,0.0
2003-01-22 00:00:00-05:00,11.537117765760065,11.67365156898469,10.914181271290637,11.008048057556152,300900,0.0,0.0
2003-01-23 00:00:00-05:00,11.093386911426515,11.238454343834267,10.726451545476792,11.144587516784668,404200,0.0,0.0
2003-01-24 00:00:00-05:00,11.306718972635485,11.409119348693217,10.965384385776375,11.10191822052002,210000,0.0,0.0
2003-01-27 00:00:00-05:00,10.965384167805597,11.144585025795923,10.794716063962747,10.854450225830078,333500,0.0,0.0
2003-01-28 00:00:00-05:00,10.922720248563023,11.042186978665601,10.666718833790831,10.709385871887207,108900,0.0,0.0
2003-01-29 00:00:00-05:00,10.675248835611658,11.221384136501843,10.675248835611658,11.084850311279297,233600,0.0,0.0
2003-01-30 00:00:00-05:00,11.144587313874814,11.221386999804727,10.240049270260496,10.24858283996582,414400,0.0,0.0
2003-01-31 00:00:00-05:00,10.291251452811588,10.325384923061124,9.693914502735527,9.821915626525879,623400,0.0,0.0
2003-02-03 00:00:00-05:00,9.796312036831129,9.992580043487134,9.224576781491006,9.557377815246582,756400,0.0,0.0
2003-02-04 00:00:00-05:00,9.489111088681694,9.557378010529296,8.74670770323459,9.019775390625,911200,0.0,0.0
2003-02-05 00:00:00-05:00,9.216040414396062,9.420841113563485,8.951505567617245,9.156306266784668,778500,0.0,0.0
2003-02-06 00:00:00-05:00,9.344039694141474,9.617108078963847,9.00270523037045,9.497640609741211,1058700,0.0,0.0
2003-02-07 00:00:00-05:00,9.600044612794074,9.693911422704616,8.89177471979907,8.917374610900879,638800,0.0,0.0
2003-02-10 00:00:00-05:00,9.045376304921467,9.045376304921467,8.106704887197305,8.482172966003418,1198500,0.0,0.0
2003-02-11 00:00:00-05:00,8.4907069497054,8.704041299264862,8.354173096196298,8.456573486328125,1703600,0.0,0.0
2003-02-12 00:00:00-05:00,8.576035059906383,9.216037664170958,8.558967933166072,8.874702453613281,1432700,0.0,0.0
2003-02-13 00:00:00-05:00,8.866181003906512,9.045381994042657,8.533378932566118,8.576045989990234,1096300,0.0,0.0
2003-02-14 00:00:00-05:00,8.618703890771936,9.019771688561368,8.53336986658387,8.942971229553223,416600,0.0,0.0
2003-02-18 00:00:00-05:00,9.036842125719094,9.130708935629636,8.50777309804848,8.917374610900879,315600,0.0,0.0
2003-02-19 00:00:00-05:00,8.900308389902941,8.900308389902941,8.712573954128695,8.780840873718262,263000,0.0,0.0
2003-02-20 00:00:00-05:00,8.874706810324492,8.900307513002684,8.57603926999774,8.644306182861328,295700,0.0,0.0
2003-02-21 00:00:00-05:00,8.806441873288163,8.960042868596299,8.516307021619898,8.704041481018066,447500,0.0,0.0
2003-02-24 00:00:00-05:00,8.840580281168181,8.849113855414291,8.50777902363422,8.576045989990234,431400,0.0,0.0
2003-02-25 00:00:00-05:00,8.576038131166541,8.576038131166541,7.338699482565705,7.825101375579834,1966800,0.0,0.0
2003-02-26 00:00:00-05:00,7.73123378639376,8.021367690614776,7.680033206939697,7.680033206939697,1083200,0.0,0.0
2003-02-27 00:00:00-05:00,7.756835527408953,7.765369094996491,7.50083419642337,7.654435157775879,585200,0.0,0.0
2003-02-28 00:00:00-05:00,7.765369762444248,7.765369762444248,7.517901977775895,7.637368679046631,772600,0.0,0.0
2003-03-03 00:00:00-05:00,7.51790363007664,8.012839308191356,7.4923029194870185,7.876304626464844,1281400,0.0,0.0
2003-03-04 00:00:00-05:00,7.901903878443753,7.901903878443753,7.577635595086233,7.68856954574585,632100,0.0,0.0
2003-03-05 00:00:00-05:00,7.688569944928497,7.970171213605707,7.52643538792893,7.8848371505737305,355500,0.0,0.0
2003-03-06 00:00:00-05:00,7.859238432633668,7.859238432633668,7.586170692180157,7.739770889282227,473000,0.0,0.0
2003-03-07 00:00:00-05:00,7.534962501404484,8.106698117988062,7.492295506443499,8.029897689819336,670500,0.0,0.0
2003-03-10 00:00:00-05:00,8.02137288164776,8.02137288164776,7.569104194641113,7.569104194641113,423700,0.0,0.0
2003-03-11 00:00:00-05:00,7.594700697044121,7.671501174672254,7.347232943467782,7.5093674659729,950200,0.0,0.0
2003-03-12 00:00:00-05:00,7.492298834015603,7.808033434866451,7.466698951191373,7.680033206939697,871800,0.0,0.0
2003-03-13 00:00:00-05:00,7.680036633398474,8.021371269360465,7.637369600451734,7.936038017272949,400500,0.0,0.0
2003-03-14 00:00:00-05:00,7.773905019255269,8.627242594691655,7.637371137394428,8.149374008178711,1270700,0.0,0.0
2003-03-17 00:00:00-05:00,8.10670363370622,8.68697320685252,7.99576969685144,8.644306182861328,235900,0.0,0.0
2003-03-18 00:00:00-05:00,8.53337591766552,9.105112169253601,8.53337591766552,9.096578598022461,528300,0.0,0.0
2003-03-19 00:00:00-05:00,8.908841779732706,9.472045127214061,8.789375068835454,9.454977989196777,890400,0.0,0.0
2003-03-20 00:00:00-05:00,9.429379399736591,9.736580602269685,8.8235097510529,9.173377990722656,624000,0.0,0.0
2003-03-21 00:00:00-05:00,9.301376997439062,10.112048149108887,9.173376717599579,10.112048149108887,674600,0.0,0.0
2003-03-24 00:00:00-05:00,9.7451139392317,9.770713835378606,9.181911341163609,9.318445205688477,436700,0.0,0.0
2003-03-25 00:00:00-05:00,9.369644934426931,9.5915128696779,9.284311676580728,9.386712074279785,1140700,0.0,0.0
2003-03-26 00:00:00-05:00,9.344045038453672,9.437912680032323,9.190444848808097,9.386712074279785,494700,0.0,0.0
2003-03-27 00:00:00-05:00,8.97635946276285,9.164435794072793,8.873772595308687,8.933614730834961,566700,0.02,0.0
2003-03-28 00:00:00-05:00,8.92506647476936,8.993458541566117,8.762637456258137,8.976360321044922,342600,0.0,0.0
2003-03-31 00:00:00-05:00,8.805384323939641,8.950715972400557,8.318095519863771,8.83103084564209,905800,0.0,0.0
2003-04-01 00:00:00-05:00,8.873778916476844,9.096051028605338,8.711348982502741,8.762642860412598,564700,0.0,0.0
2003-04-02 00:00:00-05:00,8.967814905186843,9.591886351407995,8.925070151562648,9.39526081085205,629900,0.0,0.0
2003-04-03 00:00:00-05:00,9.566239370866073,9.583337599075982,9.121696036157562,9.19008731842041,489300,0.0,0.0
2003-04-04 00:00:00-05:00,9.343965261133471,9.395258299541412,9.08749762322933,9.309769630432129,170600,0.0,0.0
2003-04-07 00:00:00-04:00,9.685923364760882,10.087722711496367,9.35251529211378,9.591885566711426,836800,0.0,0.0
2003-04-08 00:00:00-04:00,9.626075240774641,9.959482291600683,9.232825250725424,9.352509498596191,790400,0.0,0.0
2003-04-09 00:00:00-04:00,9.403806686401367,9.591883048410057,9.318317208591576,9.403806686401367,645800,0.0,0.0
2003-04-10 00:00:00-04:00,9.54913943026004,9.54913943026004,9.23282962970038,9.301220893859863,398900,0.0,0.0
2003-04-11 00:00:00-04:00,9.412354762307114,9.446550386613442,9.232827530876886,9.284120559692383,239700,0.0,0.0
2003-04-14 00:00:00-04:00,9.343969596080056,9.438007420313667,8.976365784032128,9.258480072021484,386200,0.0,0.0
2003-04-15 00:00:00-04:00,9.121696036157562,9.30977247002459,8.967815243421958,9.19008731842041,1282500,0.0,0.0
2003-04-16 00:00:00-04:00,9.48929841651548,9.48929841651548,9.15589035226791,9.19863510131836,634900,0.0,0.0
2003-04-17 00:00:00-04:00,9.275575992878368,10.002233505249023,9.18153737677643,10.002233505249023,627700,0.0,0.0
2003-04-21 00:00:00-04:00,10.002234025039193,10.258701731381402,9.617532873170063,9.694473266601562,424100,0.0,0.0
2003-04-22 00:00:00-04:00,9.660279037835483,10.11337153553986,9.608985162959288,10.062078475952148,291100,0.0,0.0
2003-04-23 00:00:00-04:00,10.121921086462702,10.421132787712377,10.079176324773172,10.386937141418457,1134000,0.0,0.0
2003-04-24 00:00:00-04:00,10.429680885955747,10.5750125723536,10.121920099324763,10.36983871459961,618000,0.0,0.0
2003-04-25 00:00:00-04:00,10.395482911952968,10.404032024597806,10.12191782962418,10.258700370788574,337200,0.0,0.0
2003-04-28 00:00:00-04:00,10.429671894583842,10.8656665779084,10.190302600230016,10.660492897033691,678400,0.0,0.0
2003-04-29 00:00:00-04:00,10.694698335285661,11.096496958958985,10.686149220240234,10.89132308959961,935200,0.0,0.0
2003-04-30 00:00:00-04:00,10.8485772610049,10.934066772460938,10.677599053381227,10.934066772460938,823700,0.0,0.0
2003-05-01 00:00:00-04:00,10.934060099260295,11.66926635098024,10.857119748965248,11.455543518066406,1138900,0.0,0.0
2003-05-02 00:00:00-04:00,11.626528110990968,12.139462671150735,11.609429884674825,11.677821159362793,1396700,0.0,0.0
2003-05-05 00:00:00-04:00,11.814600680801151,12.03687267421561,11.429899655453415,11.541035652160645,414300,0.0,0.0
2003-05-06 00:00:00-04:00,11.53248919930226,11.754761243947918,11.370060129930916,11.523940086364746,507200,0.0,0.0
2003-05-07 00:00:00-04:00,11.489744285298453,11.532489034085367,11.36151085422598,11.370059967041016,306000,0.0,0.0
2003-05-08 00:00:00-04:00,11.335862747336188,11.52393831126135,11.130688960169744,11.24182415008545,479700,0.0,0.0
2003-05-09 00:00:00-04:00,11.199083096991508,11.771860677976946,11.199083096991508,11.737664222717285,826200,0.0,0.0
2003-05-12 00:00:00-04:00,11.75475961003818,12.130911558832608,11.729113090078785,12.096715927124023,695300,0.0,0.0
2003-05-13 00:00:00-04:00,12.036879542421334,12.10527083860532,11.823156538024238,11.917194366455078,308900,0.0,0.0
2003-05-14 00:00:00-04:00,11.942835372446737,12.028324039638687,11.814601148726624,11.83169937133789,337300,0.0,0.0
2003-05-15 00:00:00-04:00,11.93428865032708,12.173658107788505,11.93428865032708,12.1394624710083,351500,0.0,0.0
2003-05-16 00:00:00-04:00,12.130913161766088,12.78918017824749,12.053973591721395,12.780631065368652,1068600,0.0,0.0
2003-05-19 00:00:00-04:00,12.695140555428207,12.823373969002972,12.353183427081898,12.481417655944824,771600,0.0,0.0
2003-05-20 00:00:00-04:00,12.336086164372283,12.481417802955809,11.951384288540497,12.096715927124023,712500,0.0,0.0
2003-05-21 00:00:00-04:00,12.0967177503803,12.0967177503803,11.712016631853292,11.780407905578613,456300,0.0,0.0
2003-05-22 00:00:00-04:00,12.60965496810094,12.60965496810094,11.75476310585681,11.80605697631836,466300,0.0,0.0
2003-05-23 00:00:00-04:00,11.882992331274444,12.096715220795842,11.55813425665547,11.951383590698242,365300,0.0,0.0
2003-05-27 00:00:00-04:00,11.891547834208223,12.045428658266472,11.694923061501404,11.917194366455078,465200,0.0,0.0
2003-05-28 00:00:00-04:00,12.053972935387035,12.062521232512141,11.609428873352137,11.660722732543945,382200,0.0,0.0
2003-05-29 00:00:00-04:00,11.677820581851497,11.720565330239669,11.438451132281308,11.669271469116211,571700,0.0,0.0
2003-05-30 00:00:00-04:00,11.669272246267715,11.814603911293354,11.412805369435006,11.69491958618164,614300,0.0,0.0
2003-06-02 00:00:00-04:00,13.165329561483425,13.165329561483425,12.139459863169723,12.515612602233887,788700,0.0,0.0
2003-06-03 00:00:00-04:00,12.703690578285446,12.866120460529244,12.54126151132992,12.643848419189453,644600,0.0,0.0
2003-06-04 00:00:00-04:00,12.74643331648959,12.917411469286229,12.69514027829467,12.866118431091309,1011800,0.0,0.0
2003-06-05 00:00:00-04:00,12.934508889648862,13.592774940893833,12.62674823371086,13.421796798706055,632200,0.0,0.0
2003-06-06 00:00:00-04:00,13.430346985468686,14.062967385171346,13.293564460761568,13.55858039855957,478600,0.0,0.0
2003-06-09 00:00:00-04:00,13.567129631257169,13.567129631257169,12.908863521407353,13.096939086914062,547800,0.0,0.0
2003-06-10 00:00:00-04:00,13.319210744826483,14.157004101488724,13.139683480500555,13.986026763916016,1192900,0.0,0.0
2003-06-11 00:00:00-04:00,13.909091822728655,14.404929067290846,13.661172385159098,14.028776168823242,869600,0.0,0.0
2003-06-12 00:00:00-04:00,14.02877041303139,14.687037307628538,14.003123079143725,14.507509231567383,603500,0.0,0.0
2003-06-13 00:00:00-04:00,14.45621639763374,14.601548030554815,14.319433876128763,14.52460765838623,650700,0.0,0.0
2003-06-16 00:00:00-04:00,14.618653166464453,15.225625688854596,14.618653166464453,14.977707862854004,643800,0.0,0.0
2003-06-17 00:00:00-04:00,15.08883285522461,15.225615348518724,14.866560895977686,15.08883285522461,479600,0.0,0.0
2003-06-18 00:00:00-04:00,15.148675988963609,15.259812791187562,14.815268843443842,15.131579399108887,307400,0.0,0.0
2003-06-19 00:00:00-04:00,15.097385199469981,15.36240113318461,14.712683335548512,14.763978004455566,567600,0.0,0.0
2003-06-20 00:00:00-04:00,14.934952832211033,15.516279270840375,14.91785624269183,15.294007301330566,684200,0.0,0.0
2003-06-23 00:00:00-04:00,15.26836272113163,15.302557533252976,14.618644985064739,14.78962230682373,806300,0.0,0.0
2003-06-24 00:00:00-04:00,14.68703589050046,15.524829149745207,14.592997305895567,15.482085227966309,541100,0.0,0.0
2003-06-25 00:00:00-04:00,15.516287125372369,15.815499606199621,15.37095544214638,15.670167922973633,872300,0.0,0.0
2003-06-26 00:00:00-04:00,15.832766338369627,16.132305487458837,15.618810036499767,15.875556945800781,833500,0.02,0.0
2003-06-27 00:00:00-04:00,15.884123898410271,16.260687648380348,15.807099457908258,16.080965042114258,663500,0.0,0.0
2003-06-30 00:00:00-04:00,17.039480311840343,17.090829368921277,16.038164720798104,16.329145431518555,2679700,0.0,0.0
2003-07-01 00:00:00-04:00,16.346260490912236,16.346260490912236,15.490435351412716,15.73006534576416,893200,0.0,0.0
2003-07-02 00:00:00-04:00,15.747182240319809,15.926906368440301,15.28503751381566,15.73006534576416,1057200,0.0,0.0
2003-07-03 00:00:00-04:00,15.730072738949133,15.935472305441557,15.362069127181257,15.473325729370117,383200,0.0,0.0
2003-07-07 00:00:00-04:00,15.558902485267675,15.841324737572396,15.14810677870754,15.52466869354248,694100,0.0,0.0
2003-07-08 00:00:00-04:00,15.798537921642339,16.140869426990474,15.379183623184229,15.969703674316406,814800,0.0,0.0
2003-07-09 00:00:00-04:00,16.00394306123994,16.406180598291506,16.00394306123994,16.286365509033203,542600,0.0,0.0
2003-07-10 00:00:00-04:00,16.440408669438266,16.47464247629736,15.798539482050057,16.063846588134766,275100,0.0,0.0
2003-07-11 00:00:00-04:00,16.01248884840893,16.072397984112403,15.507553477764537,15.875556945800781,391100,0.0,0.0
2003-07-14 00:00:00-04:00,15.926913052326688,16.115194074382085,15.601698448717478,15.969703674316406,468900,0.0,0.0
2003-07-15 00:00:00-04:00,16.312039370952657,16.3462731866525,15.65305474231245,15.738636016845703,408700,0.0,0.0
2003-07-16 00:00:00-04:00,15.875556952784619,16.200771445889814,15.404853741406676,16.115188598632812,295200,0.0,0.0
2003-07-17 00:00:00-04:00,16.13231045545045,16.1751010760591,15.173785209655762,15.173785209655762,484900,0.0,0.0
2003-07-18 00:00:00-04:00,15.404862131601195,15.404862131601195,14.24949714525952,15.028298377990723,856800,0.0,0.0
2003-07-21 00:00:00-04:00,15.01973678451963,15.148111914657518,14.63461629117873,14.805780410766602,331500,0.0,0.0
2003-07-22 00:00:00-04:00,14.728751003403861,15.387736803417088,14.685960396070861,15.250804901123047,774400,0.0,0.0
2003-07-23 00:00:00-04:00,15.344950298239084,15.404857817463133,14.934154481539194,14.96838665008545,378500,0.0,0.0
2003-07-24 00:00:00-04:00,14.882798143239832,15.593132919374138,14.882798143239832,15.481876373291016,323800,0.0,0.0
2003-07-25 00:00:00-04:00,15.404855978268914,15.558904799228769,14.634613505826925,15.43908977508545,654000,0.0,0.0
2003-07-28 00:00:00-04:00,15.635927140766592,15.832766549344093,15.430529284117407,15.558902740478516,605200,0.0,0.0
2003-07-29 00:00:00-04:00,15.618809988429732,15.747183442685145,15.293597128825551,15.52466869354248,406300,0.0,0.0
2003-07-30 00:00:00-04:00,15.533235998898803,15.789984686170943,15.28504739679616,15.712960243225098,534900,0.0,0.0
2003-07-31 00:00:00-04:00,15.747192079893061,16.1408727388783,15.58458474472364,15.995382308959961,333000,0.0,0.0
2003-08-01 00:00:00-04:00,15.755744485776196,15.832768897487693,15.23369050247767,15.618812561035156,467800,0.0,0.0
2003-08-04 00:00:00-04:00,15.558907688528874,15.73863025811846,15.088202689034931,15.156668663024902,600500,0.0,0.0
2003-08-05 00:00:00-04:00,15.156667206455028,15.156667206455028,14.403541564941406,14.403541564941406,633000,0.0,0.0
2003-08-06 00:00:00-04:00,14.283723384896373,14.848567899746515,14.275164936809908,14.531911849975586,410900,0.0,0.0
2003-08-07 00:00:00-04:00,14.506241593036975,14.848571436243219,14.32651740513029,14.549032211303711,334200,0.0,0.0
2003-08-08 00:00:00-04:00,14.626055194435613,14.76298711827743,14.283725384831074,14.446331024169922,308500,0.0,0.0
2003-08-11 00:00:00-04:00,14.540473761178873,14.72019794908556,14.317958955005452,14.549032211303711,406700,0.0,0.0
2003-08-12 00:00:00-04:00,14.54903355414032,14.805780552152696,14.429218506048892,14.608941078186035,352400,0.0,0.0
2003-08-13 00:00:00-04:00,14.694525121572218,14.762991101968195,14.377868942017237,14.677408218383789,289700,0.0,0.0
2003-08-14 00:00:00-04:00,14.206702368097467,14.608939729820122,14.206702368097467,14.549032211303711,312600,0.0,0.0
2003-08-15 00:00:00-04:00,14.591822829570447,14.591822829570447,14.463449342412787,14.549032211303711,118900,0.0,0.0
2003-08-18 00:00:00-04:00,14.463449342412787,14.574707561678224,14.343634305379965,14.549032211303711,397100,0.0,0.0
2003-08-19 00:00:00-04:00,14.540472227429344,14.865686768439277,14.489123164454142,14.848569869995117,417300,0.0,0.0
2003-08-20 00:00:00-04:00,14.874245711639455,14.994062385519593,14.583266558278442,14.917037963867188,248300,0.0,0.0
2003-08-21 00:00:00-04:00,15.002623358756457,15.362070176125224,14.891365116613049,15.233695030212402,220400,0.0,0.0
2003-08-22 00:00:00-04:00,15.302148653494234,15.362057768299014,14.643164714206351,14.75442123413086,197000,0.0,0.0
2003-08-25 00:00:00-04:00,14.762989576372535,14.934155325853213,14.57470855782984,14.737314224243164,134600,0.0,0.0
2003-08-26 00:00:00-04:00,14.369312129274839,14.728757302247873,14.369312129274839,14.56615161895752,224000,0.0,0.0
2003-08-27 00:00:00-04:00,14.566152837119585,15.148114535596521,14.46345304171159,14.865692138671875,325500,0.0,0.0
2003-08-28 00:00:00-04:00,15.079646368673865,15.139553893849115,14.634616706861099,14.942712783813477,240500,0.0,0.0
2003-08-29 00:00:00-04:00,14.72020111223443,15.22513835160107,14.660291948486991,14.959831237792969,190300,0.0,0.0
2003-09-02 00:00:00-04:00,15.062522689627734,16.08951187133789,14.899915457056455,16.08951187133789,410900,0.0,0.0
2003-09-03 00:00:00-04:00,16.140868565243927,17.06515998915009,16.00393662335839,16.62868881225586,841500,0.0,0.0
2003-09-04 00:00:00-04:00,16.517430727648826,16.74850399365089,16.098076448065925,16.543106079101562,276600,0.0,0.0
2003-09-05 00:00:00-04:00,16.645801308735045,17.073713921994486,16.08951360561211,16.337703704833984,398400,0.0,0.0
2003-09-08 00:00:00-04:00,16.431844515176703,17.0309211765731,16.269237269896713,16.988130569458008,505800,0.0,0.0
2003-09-09 00:00:00-04:00,17.022369357234652,17.20209356828858,16.611573492479486,16.72283172607422,556400,0.0,0.0
2003-09-10 00:00:00-04:00,16.834084697474246,16.979575072248487,16.474637985229492,16.474637985229492,247000,0.0,0.0
2003-09-11 00:00:00-04:00,16.577337508015802,17.107948303222656,16.440403952227246,17.107948303222656,170800,0.0,0.0
2003-09-12 00:00:00-04:00,16.94534151473837,17.073716624924856,16.603011696408196,16.859760284423828,259300,0.0,0.0
2003-09-15 00:00:00-04:00,16.928235225455637,18.057925041219924,16.876884501205843,17.41605567932129,1077000,0.0,0.0
2003-09-16 00:00:00-04:00,17.578663578930808,17.578663578930808,16.97958483656301,17.1593074798584,555200,0.0,0.0
2003-09-17 00:00:00-04:00,17.07372530335521,17.3903799341295,16.94535012791671,17.202098846435547,335000,0.0,0.0
2003-09-18 00:00:00-04:00,17.150741532699815,17.24488121523215,16.543104659327597,17.07371711730957,536500,0.0,0.0
2003-09-19 00:00:00-04:00,16.90255508147519,17.159302100655765,16.68859868803879,16.842647552490234,286400,0.0,0.0
2003-09-22 00:00:00-04:00,16.688594322700006,16.85976004561934,16.303472262310155,16.474637985229492,222600,0.0,0.0
2003-09-23 00:00:00-04:00,16.500315570699097,16.80841162842928,16.43184959871933,16.774179458618164,251900,0.0,0.0
2003-09-24 00:00:00-04:00,16.654362974452436,16.9367869485113,15.832771301269531,15.832771301269531,518000,0.0,0.0
2003-09-25 00:00:00-04:00,15.841332899623087,15.91835733833363,15.190905212932874,15.208022117614746,626000,0.0,0.0
2003-09-26 00:00:00-04:00,15.422213429275066,15.567867732586082,14.908139321459924,15.062361717224121,496600,0.02,0.0
2003-09-29 00:00:00-04:00,15.07092711829526,15.267988306937434,14.668236650087833,15.16517448425293,785100,0.0,0.0
2003-09-30 00:00:00-04:00,15.0794984430572,15.190880380550944,14.514017394434758,14.83959674835205,792000,0.0,0.0
2003-10-01 00:00:00-04:00,14.753920395727729,15.387944678612982,14.753920395727729,15.353673934936523,798800,0.0,0.0
2003-10-02 00:00:00-04:00,15.413654134235388,15.59358091005316,15.336542892341695,15.52503776550293,399700,0.0,0.0
2003-10-03 00:00:00-04:00,15.662117572085393,15.979128871595833,15.61927710309966,15.850610733032227,479200,0.0,0.0
2003-10-06 00:00:00-04:00,15.92772979720743,16.124791149125258,15.79921159526961,16.047679901123047,437600,0.0,0.0
2003-10-07 00:00:00-04:00,16.081947130590006,16.10764978220795,15.867749651389383,16.03053855895996,424600,0.0,0.0
2003-10-08 00:00:00-04:00,16.107646611884984,16.107646611884984,15.550733602414953,15.62784481048584,345500,0.0,0.0
2003-10-09 00:00:00-04:00,15.756366439835173,16.698835698651546,15.704959501120713,16.484638214111328,913000,0.0,0.0
2003-10-10 00:00:00-04:00,16.450366876005052,16.578885035277565,15.602143429572946,15.78207015991211,559000,0.0,0.0
2003-10-13 00:00:00-04:00,15.67926115662364,16.279014994303385,15.67926115662364,16.064817428588867,436700,0.0,0.0
2003-10-14 00:00:00-04:00,16.02196831096429,16.116214068282808,15.72209158412228,15.902016639709473,267300,0.0,0.0
2003-10-15 00:00:00-04:00,15.593565784456768,15.807763107681746,15.16517113800681,15.619268417358398,532900,0.0,0.0
2003-10-16 00:00:00-04:00,15.482188391369553,15.910583207441523,15.327965996112198,15.456485748291016,343600,0.0,0.0
2003-10-17 00:00:00-04:00,15.499326033316022,15.499326033316022,14.848165655567255,14.950981140136719,379900,0.0,0.0
2003-10-20 00:00:00-04:00,14.99381517287851,15.602134889763992,14.916703992682297,15.259419441223145,313200,0.0,0.0
2003-10-21 00:00:00-04:00,15.268004375292852,15.550745136531685,15.268004375292852,15.422226905822754,352300,0.0,0.0
2003-10-22 00:00:00-04:00,15.233720972566106,15.499325313591681,14.676806377820405,14.736783027648926,382600,0.0,0.0
2003-10-23 00:00:00-04:00,14.702518553193675,15.105209327437757,14.565432262634094,14.651111602783203,339400,0.0,0.0
2003-10-24 00:00:00-04:00,14.565427023092951,14.65967442677362,14.145600205001546,14.325525283813477,330800,0.0,0.0
2003-10-27 00:00:00-05:00,14.325523816331383,15.045227326247712,14.325523816331383,14.831029891967773,333400,0.0,0.0
2003-10-28 00:00:00-05:00,15.079504285536181,15.593578610967562,14.822466305721877,15.507899284362793,406600,0.0,0.0
2003-10-29 00:00:00-05:00,15.507894271343043,15.850609832780027,15.42221497243462,15.593573570251465,399400,0.0,0.0
2003-10-30 00:00:00-05:00,15.713531777391887,15.936297416687012,15.627852433940294,15.936297416687012,564900,0.0,0.0
2003-10-31 00:00:00-05:00,15.9277289401077,15.979135891277009,15.559308915966389,15.842049598693848,820800,0.0,0.0
2003-11-03 00:00:00-05:00,15.842041239181007,15.970559366386713,15.413646392364225,15.550732612609863,591100,0.0,0.0
2003-11-04 00:00:00-05:00,15.430782578444093,15.619275722732683,15.225153248075635,15.550732612609863,296800,0.0,0.0
2003-11-05 00:00:00-05:00,15.56786879868973,15.627843815772616,15.199448968955835,15.550732612609863,331300,0.0,0.0
2003-11-06 00:00:00-05:00,15.199450587821895,15.63641357421875,15.130907470398672,15.63641357421875,238300,0.0,0.0
2003-11-07 00:00:00-05:00,15.550731580749114,15.722090161784077,15.20801605287573,15.267991065979004,207200,0.0,0.0
2003-11-10 00:00:00-05:00,15.216587931585053,15.422217299474411,14.651106761340081,14.702513694763184,257400,0.0,0.0
2003-11-11 00:00:00-05:00,14.848165536566038,14.848165536566038,14.56542499901191,14.719647407531738,230800,0.0,0.0
2003-11-12 00:00:00-05:00,14.736789187967277,15.722097396850586,14.736789187967277,15.722097396850586,649000,0.0,0.0
2003-11-13 00:00:00-05:00,15.593574455905017,15.893449567821165,15.42221584835568,15.850610733032227,278900,0.0,0.0
2003-11-14 00:00:00-05:00,15.679250161691417,15.91058376264996,15.15660957909943,15.233720779418945,335000,0.0,0.0
2003-11-17 00:00:00-05:00,15.122341083643882,15.276563523805885,14.642539207515325,14.891007423400879,305000,0.0,0.0
2003-11-18 00:00:00-05:00,14.891004286509462,14.899572379624313,14.565424919128418,14.565424919128418,469900,0.0,0.0
2003-11-19 00:00:00-05:00,14.839593648687975,14.865297921600519,14.316951538840021,14.531148910522461,800300,0.0,0.0
2003-11-20 00:00:00-05:00,14.454043560004958,14.71107982703092,13.288808996534238,14.214141845703125,523300,0.0,0.0
2003-11-21 00:00:00-05:00,14.548288876584218,14.70251128578139,14.154166394588492,14.668240547180176,383500,0.0,0.0
2003-11-24 00:00:00-05:00,14.573997451511904,14.959551953940915,14.565429355787193,14.779626846313477,388200,0.0,0.0
2003-11-25 00:00:00-05:00,14.87387208769552,14.993822141887605,14.745352304836087,14.865303993225098,258700,0.0,0.0
2003-11-26 00:00:00-05:00,14.985250618038412,15.070929908937996,14.265547189196383,14.745348930358887,296300,0.0,0.0
2003-11-28 00:00:00-05:00,14.985254985259683,14.993823080266335,14.745353227664491,14.788193702697754,126700,0.0,0.0
2003-12-01 00:00:00-05:00,14.942414214899326,15.148043565914849,14.8824391917944,14.993821144104004,333500,0.0,0.0
2003-12-02 00:00:00-05:00,15.216586964977498,15.259425801075995,14.993821422032255,15.190882682800293,433500,0.0,0.0
2003-12-03 00:00:00-05:00,15.336539994842378,15.447923605066455,14.745354463414632,14.779626846313477,513400,0.0,0.0
2003-12-04 00:00:00-05:00,14.779625690481087,14.942416228125325,13.871428859249882,14.454046249389648,830300,0.0,0.0
2003-12-05 00:00:00-05:00,14.31695575824765,14.351228132231592,13.520141856383473,13.95710563659668,1148600,0.0,0.0
2003-12-08 00:00:00-05:00,14.017083645267165,14.61683561008063,13.905700040269478,14.334095001220703,678400,0.0,0.0
2003-12-09 00:00:00-05:00,14.385502932632447,14.39406939337661,13.725774329935124,13.837156295776367,444300,0.0,0.0
2003-12-10 00:00:00-05:00,13.67436465395772,14.085624165202983,13.100315447220586,13.245969772338867,812700,0.0,0.0
2003-12-11 00:00:00-05:00,13.460170360894361,14.334095698878631,13.2374047742538,14.05992317199707,675500,0.0,0.0
2003-12-12 00:00:00-05:00,13.888562668219409,14.376934254886939,13.888562668219409,14.137032508850098,357400,0.0,0.0
2003-12-15 00:00:00-05:00,13.5544161029,14.034217994506115,13.408761752959224,13.468737602233887,1021600,0.0,0.0
2003-12-16 00:00:00-05:00,13.48586879715986,13.888559341430664,13.323079124362895,13.888559341430664,486200,0.0,0.0
2003-12-17 00:00:00-05:00,13.425893510661702,13.90569524385659,13.425893510661702,13.897127151489258,448500,0.0,0.0
2003-12-18 00:00:00-05:00,13.905698857407101,14.137032508850098,13.828587640259435,14.137032508850098,929100,0.0,0.0
2003-12-19 00:00:00-05:00,14.025654475873136,14.83103598290505,14.008518281885886,14.693949699401855,1286100,0.0,0.0
2003-12-22 00:00:00-05:00,14.736782903618842,14.993819149648461,14.23984496288407,14.83959674835205,1356000,0.0,0.0
2003-12-23 00:00:00-05:00,14.950982306575892,15.396511749944851,14.779623696990035,15.199450492858887,1642300,0.0,0.0
2003-12-24 00:00:00-05:00,15.250856246119755,15.379376010497879,15.028092358710166,15.156610488891602,248600,0.0,0.0
2003-12-26 00:00:00-05:00,15.122328897218575,15.396501176919982,14.908131599427389,15.327958106994629,115400,0.0,0.0
2003-12-29 00:00:00-05:00,15.405162741197508,15.696797370910645,15.070641339595873,15.696797370910645,566900,0.02,0.0
2003-12-30 00:00:00-05:00,15.688226200933801,15.739690670399202,15.379436112089417,15.628182411193848,750700,0.0,0.0
2003-12-31 00:00:00-05:00,15.576713989746834,15.69679826670808,15.327967753752025,15.499516487121582,572200,0.0,0.0
2004-01-02 00:00:00-05:00,15.43947870775529,15.65391591202967,15.139266294565953,15.353703498840332,380100,0.0,0.0
2004-01-05 00:00:00-05:00,15.053491085650995,15.611029125585208,15.04491503718293,15.353703498840332,863900,0.0,0.0
2004-01-06 00:00:00-05:00,15.104962553982517,15.653921468244492,15.053496428750496,15.490948677062988,505500,0.0,0.0
2004-01-07 00:00:00-05:00,15.362273374832101,15.782569885253908,15.353695694697958,15.782569885253906,967300,0.0,0.0
2004-01-08 00:00:00-05:00,15.868350188775901,15.868350188775901,15.370856032082335,15.533828735351562,1101000,0.0,0.0
2004-01-09 00:00:00-05:00,15.379436724948809,15.559563193268616,15.01918215228314,15.062068939208984,422800,0.0,0.0
2004-01-12 00:00:00-05:00,14.881938747376452,15.062065170628005,14.667501594348048,14.796163558959961,886000,0.0,0.0
2004-01-13 00:00:00-05:00,14.967711500590681,15.11352880636698,14.504526540115837,14.676076889038086,642400,0.0,0.0
2004-01-14 00:00:00-05:00,14.959137056259438,15.353700653717043,14.598882554394535,15.130685806274414,576700,0.0,0.0
2004-01-15 00:00:00-05:00,15.010595538169785,15.310807776138196,14.796158459053073,15.096370697021484,223700,0.0,0.0
2004-01-16 00:00:00-05:00,15.671065102047832,16.451616086959756,15.362275126117703,16.365840911865234,1419000,0.0,0.0
2004-01-20 00:00:00-05:00,17.03488955763828,17.197860631284847,16.34011193873147,17.02631187438965,1514200,0.0,0.0
2004-01-21 00:00:00-05:00,16.846183928528625,17.163551667079627,16.54597319263339,17.15497398376465,986000,0.0,0.0
2004-01-22 00:00:00-05:00,17.034890198268847,17.369411677416746,16.863339798896362,17.2321720123291,739500,0.0,0.0
2004-01-23 00:00:00-05:00,16.974844998271628,17.609578744222674,16.70036408140513,17.3951416015625,758800,0.0,0.0
2004-01-26 00:00:00-05:00,17.189286857546495,17.678203415202734,16.957694287280066,17.59242820739746,744700,0.0,0.0
2004-01-27 00:00:00-05:00,17.36940615238829,17.755393610184832,17.197855807584197,17.540956497192383,694200,0.0,0.0
2004-01-28 00:00:00-05:00,17.283632455414313,17.49806958671232,16.949111054117573,17.146392822265625,914000,0.0,0.0
2004-01-29 00:00:00-05:00,17.300790280376706,17.369410106715293,16.743253986872467,17.000577926635742,405700,0.0,0.0
2004-01-30 00:00:00-05:00,16.854762216773242,16.966270467844275,16.554549834077356,16.563127517700195,288600,0.0,0.0
2004-02-02 00:00:00-05:00,16.554554786186987,16.820458149959393,16.322963803195965,16.45162582397461,360200,0.0,0.0
2004-02-03 00:00:00-05:00,16.30580843081845,16.597443217130774,16.220033204957232,16.45162582397461,445200,0.0,0.0
2004-02-04 00:00:00-05:00,16.3915731147985,16.837601057576286,16.19428973138828,16.25433349609375,582900,0.0,0.0
2004-02-05 00:00:00-05:00,16.511660670839483,16.940534973978174,16.400154071874702,16.44304084777832,448000,0.0,0.0
2004-02-06 00:00:00-05:00,16.511661985984023,17.317946198192015,16.400155378137804,17.257904052734375,387500,0.0,0.0
2004-02-09 00:00:00-05:00,17.343676182104005,17.343676182104005,16.69178704680884,16.931957244873047,579500,0.0,0.0
2004-02-10 00:00:00-05:00,16.95769614722632,17.412302017211914,16.768990342151973,17.412302017211914,426500,0.0,0.0
2004-02-11 00:00:00-05:00,16.89765097868929,16.923382394055473,15.456632821250597,16.554550170898438,1672400,0.0,0.0
2004-02-12 00:00:00-05:00,16.528828569105716,17.42946463422181,16.348700374466375,17.292224884033203,679900,0.0,0.0
2004-02-13 00:00:00-05:00,17.154983129256813,17.326533614960052,16.72610855102539,16.72610855102539,359000,0.0,0.0
2004-02-17 00:00:00-05:00,16.734681448680746,17.043471580146026,16.597441753813115,16.923385620117188,435700,0.0,0.0
2004-02-18 00:00:00-05:00,16.914805453597296,16.923383137771612,16.631748419948728,16.674636840820312,424900,0.0,0.0
2004-02-19 00:00:00-05:00,16.648899092360654,17.129237818457742,16.640321410605733,16.87191390991211,530400,0.0,0.0
2004-02-20 00:00:00-05:00,17.034896643311125,17.249333905644743,16.68321966396611,16.992008209228516,607600,0.0,0.0
2004-02-23 00:00:00-05:00,16.991994860916748,17.094925385829946,16.648895837914743,16.68320655822754,498800,0.0,0.0
2004-02-24 00:00:00-05:00,16.854755843271434,17.017728498426727,16.26290898530504,16.485923767089844,399700,0.0,0.0
2004-02-25 00:00:00-05:00,16.35726514175257,16.691786564075013,16.245758546320282,16.588857650756836,388700,0.0,0.0
2004-02-26 00:00:00-05:00,16.40015871371309,16.631749659577117,16.331538871230027,16.51166534423828,295000,0.0,0.0
2004-02-27 00:00:00-05:00,16.3744295837747,16.64890901949216,16.09995014805724,16.597444534301758,548600,0.0,0.0
2004-03-01 00:00:00-05:00,16.674635370988504,17.154974190227644,16.66605768757029,17.01773452758789,758500,0.0,0.0
2004-03-02 00:00:00-05:00,16.940534441995926,17.060618719575558,16.80329480018332,16.811872482299805,414700,0.0,0.0
2004-03-03 00:00:00-05:00,16.889069273421953,17.05204031868895,16.511659456332914,16.87191390991211,267900,0.0,0.0
2004-03-04 00:00:00-05:00,16.743261227769942,17.05204976182139,16.726105854759744,16.966276168823242,352200,0.0,0.0
2004-03-05 00:00:00-05:00,16.74325768706359,17.146399051392162,16.69179157891657,16.82903289794922,255100,0.0,0.0
2004-03-08 00:00:00-05:00,16.7518410704533,17.043475905058138,16.425895485411836,16.520248413085938,310700,0.0,0.0
2004-03-09 00:00:00-05:00,16.4173140942309,16.640329013679306,16.15141238243814,16.297229766845703,409800,0.0,0.0
2004-03-10 00:00:00-05:00,16.22002518474192,16.72609696745993,15.782573221577596,15.885503768920898,391400,0.0,0.0
2004-03-11 00:00:00-05:00,15.868346376402702,16.297220602791963,15.465205192565916,15.465205192565918,345200,0.0,0.0
2004-03-12 00:00:00-05:00,15.465208104450715,16.254336895030008,15.465208104450715,16.125673294067383,354900,0.0,0.0
2004-03-15 00:00:00-05:00,16.0570583037145,16.08279135885808,14.710392835696963,14.779012680053711,706700,0.0,0.0
2004-03-16 00:00:00-05:00,15.01917566325192,15.456627572203958,14.89909140292109,15.19072437286377,378200,0.0,0.0
2004-03-17 00:00:00-05:00,15.267928397171037,16.322960692991572,15.164999454570916,15.85977554321289,474700,0.0,0.0
2004-03-18 00:00:00-05:00,15.782568175725375,16.01416060618612,15.010595043547916,15.285074234008789,891000,0.0,0.0
2004-03-19 00:00:00-05:00,15.456628653263508,15.490937743175367,15.164994026898123,15.345120429992676,659000,0.0,0.0
2004-03-22 00:00:00-05:00,15.242196125322817,15.242196125322817,14.701813480865432,14.8390531539917,457900,0.0,0.0
2004-03-23 00:00:00-05:00,15.044912069823114,15.267925278579895,14.641769158243886,14.804741859436035,621700,0.0,0.0
2004-03-24 00:00:00-05:00,14.701814032687532,15.104957019150334,14.701814032687532,14.873364448547363,497400,0.0,0.0
2004-03-25 00:00:00-05:00,14.839053456611746,15.671070832436671,14.839053456611746,15.628182411193848,443900,0.0,0.0
2004-03-26 00:00:00-05:00,15.559561484058982,16.099944101709763,15.559561484058982,15.919816017150879,413900,0.0,0.0
2004-03-29 00:00:00-05:00,16.10882289035621,16.323607195560957,15.936994790722725,16.297832489013672,394600,0.03,0.0
2004-03-30 00:00:00-05:00,16.108823279986975,16.49543569417636,16.108823279986975,16.36656379699707,363000,0.0,0.0
2004-03-31 00:00:00-05:00,16.366571790607892,16.693045019526263,16.272067762173663,16.598539352416992,490100,0.0,0.0
2004-04-01 00:00:00-05:00,16.58134900386628,16.69303776897021,16.237694416381746,16.486845016479492,398800,0.0,0.0
2004-04-02 00:00:00-05:00,16.641485453981815,16.856269717442906,16.43529111902615,16.69303321838379,501600,0.0,0.0
2004-04-05 00:00:00-04:00,16.67585731627673,16.96796417236328,16.44388981785366,16.96796417236328,630100,0.0,0.0
2004-04-06 00:00:00-04:00,16.72740596376188,17.09683533833218,16.701632888393974,16.959373474121094,442200,0.0,0.0
2004-04-07 00:00:00-04:00,16.916419108863806,17.174159722820498,16.71881622357716,16.925010681152344,270200,0.0,0.0
2004-04-08 00:00:00-04:00,17.1741534125212,17.182744981652938,16.864863478475684,16.873455047607422,387500,0.0,0.0
2004-04-12 00:00:00-04:00,16.907827192482166,17.139794723527306,16.546989357081333,16.727407455444336,265800,0.0,0.0
2004-04-13 00:00:00-04:00,16.77036204668945,16.92500703723871,15.644890899325162,15.97136402130127,520200,0.0,0.0
2004-04-14 00:00:00-04:00,15.90262828714803,16.461067087388898,15.894036719307524,16.117412567138672,311800,0.0,0.0
2004-04-15 00:00:00-04:00,16.04009994622635,16.42671254311605,15.64489577621965,16.186153411865234,307800,0.0,0.0
2004-04-16 00:00:00-04:00,16.15178277150238,16.461072765756438,15.851085986727133,16.100234985351562,356500,0.0,0.0
2004-04-19 00:00:00-04:00,16.083057925139915,16.26347770290076,15.808134110147384,16.005735397338867,233500,0.0,0.0
2004-04-20 00:00:00-04:00,16.09164416815555,16.521212896437383,15.859676661601444,16.23769760131836,320000,0.0,0.0
2004-04-21 00:00:00-04:00,16.289247533798928,16.512623498546155,15.937001261340766,16.452484130859375,276700,0.0,0.0
2004-04-22 00:00:00-04:00,16.38375166488858,17.028104782104492,16.091644787323393,17.028104782104492,369700,0.0,0.0
2004-04-23 00:00:00-04:00,17.09683046406301,17.09683046406301,16.42670447675409,16.77035903930664,282800,0.0,0.0
2004-04-26 00:00:00-04:00,16.84768870696864,16.907828076233052,16.35798054161569,16.71881675720215,219100,0.0,0.0
2004-04-27 00:00:00-04:00,16.787544972196773,17.139791162295726,16.667264626271272,17.105424880981445,295200,0.0,0.0
2004-04-28 00:00:00-04:00,17.02809956169189,17.0452826994983,16.151779197655415,16.280651092529297,251500,0.0,0.0
2004-04-29 00:00:00-04:00,16.486848130583297,16.753180281355434,15.945590619220168,16.383750915527344,283200,0.0,0.0
2004-04-30 00:00:00-04:00,16.478253981699506,16.478253981699506,15.567568885643961,15.790943145751953,410000,0.0,0.0
2004-05-03 00:00:00-04:00,15.627705238980795,15.988542908027696,15.533199627974156,15.593338966369629,408400,0.0,0.0
2004-05-04 00:00:00-04:00,15.567570470237431,16.06587009865005,15.490247972839391,15.730805397033691,286500,0.0,0.0
2004-05-05 00:00:00-04:00,15.954186472789303,16.10023994409539,15.765176772906461,15.928413391113281,229900,0.0,0.0
2004-05-06 00:00:00-04:00,15.808124128256601,15.851081971395857,15.40433023479256,15.430103302001953,392400,0.0,0.0
2004-05-07 00:00:00-04:00,15.352788836258284,15.438701280859773,14.476468136454432,14.510832786560059,599900,0.0,0.0
2004-05-10 00:00:00-04:00,14.433504343195308,14.699838055754169,13.763378374151616,13.814926147460938,731400,0.0,0.0
2004-05-11 00:00:00-04:00,14.012528809489412,14.6740649193013,13.832110764272175,14.081259727478027,496600,0.0,0.0
2004-05-12 00:00:00-04:00,14.175763452403492,14.175763452403492,13.643098499785143,14.055484771728516,422100,0.0,0.0
2004-05-13 00:00:00-04:00,13.960980806442892,14.175765126542013,13.857883611778613,14.029711723327637,313600,0.0,0.0
2004-05-14 00:00:00-04:00,13.900844615625374,14.261682420878401,13.574372276618476,13.746199607849121,369800,0.0,0.0
2004-05-17 00:00:00-04:00,13.737604306941535,14.064077376654229,13.273670228899853,13.75478744506836,355300,0.0,0.0
2004-05-18 00:00:00-04:00,14.08985011695696,14.227311941420991,13.454088769142258,14.184355735778809,378600,0.0,0.0
2004-05-19 00:00:00-04:00,14.26168100749025,14.579560924260795,13.643101857026187,13.832112312316895,480200,0.0,0.0
2004-05-20 00:00:00-04:00,13.797743010133107,14.04689358536414,13.488453912265923,13.814926147460938,228900,0.0,0.0
2004-05-21 00:00:00-04:00,14.012529700318687,14.253088747909258,13.703240549707242,14.046895980834961,303600,0.0,0.0
2004-05-24 00:00:00-04:00,14.210131145715348,14.5795587930763,14.046894606581903,14.313226699829102,211500,0.0,0.0
2004-05-25 00:00:00-04:00,14.356188098763523,14.871670971752629,14.17576999448852,14.708436012268066,301000,0.0,0.0
2004-05-26 00:00:00-04:00,14.708434226345394,14.820121376572269,14.47646671586495,14.56238079071045,467000,0.0,0.0
2004-05-27 00:00:00-04:00,14.631110407945322,14.71702283639514,13.926616368465263,14.339003562927246,575100,0.0,0.0
2004-05-28 00:00:00-04:00,14.36477598455876,14.596743463672569,14.046896080891207,14.399142265319824,370400,0.0,0.0
2004-06-01 00:00:00-04:00,14.708432546109167,14.794344972465673,14.175766653856568,14.459281921386719,377900,0.0,0.0
2004-06-02 00:00:00-04:00,14.442097874226699,14.75997940328808,14.278862963454738,14.648290634155273,582100,0.0,0.0
2004-06-03 00:00:00-04:00,14.55378476704331,14.785750567885758,14.132807731628418,14.132807731628418,390000,0.0,0.0
2004-06-04 00:00:00-04:00,14.364776102658277,14.785753213395614,14.098443979268222,14.5967435836792,365100,0.0,0.0
2004-06-07 00:00:00-04:00,14.837303461187247,14.98335688640672,14.622519108727701,14.897442817687988,213900,0.0,0.0
2004-06-08 00:00:00-04:00,14.820126634210114,15.02631950378418,14.485063425986665,15.02631950378418,298700,0.0,0.0
2004-06-09 00:00:00-04:00,14.948987586139928,15.335599998002934,14.837300466420745,14.854483604431152,277600,0.0,0.0
2004-06-10 00:00:00-04:00,14.854485965059519,15.086451810366373,14.356184715614623,14.459281921386719,413700,0.0,0.0
2004-06-14 00:00:00-04:00,14.459287401397283,14.476470548650726,14.167180452789248,14.210138320922852,337200,0.0,0.0
2004-06-15 00:00:00-04:00,14.296041990080731,14.467870079618361,14.107032402528626,14.347591400146484,343500,0.0,0.0
2004-06-16 00:00:00-04:00,14.347600221600148,14.347600221600148,14.029718552111952,14.210138320922852,362700,0.0,0.0
2004-06-17 00:00:00-04:00,14.22731622457684,14.416327519122687,14.07267121583013,14.261682510375977,1067500,0.0,0.0
2004-06-18 00:00:00-04:00,14.098441456733728,14.278861122582498,13.883657154664446,14.132807731628418,1558800,0.0,0.0
2004-06-21 00:00:00-04:00,14.055485562426892,14.201538956608866,13.866474323677151,14.192947387695312,1435400,0.0,0.0
2004-06-22 00:00:00-04:00,14.141398591407128,14.321818269117628,13.935205844505335,14.313226699829102,338300,0.0,0.0
2004-06-23 00:00:00-04:00,14.210136284069405,14.768575380359735,14.08985590921119,14.708436012268066,351400,0.0,0.0
2004-06-24 00:00:00-04:00,14.777163116284555,14.820119328433421,14.433506864395811,14.579560279846191,324600,0.0,0.0
2004-06-25 00:00:00-04:00,14.3733683444988,15.24968888796218,14.278864344562235,14.381959915161133,634200,0.0,0.0
2004-06-28 00:00:00-04:00,14.63155857174619,14.872549539204007,14.330320272828082,14.338927268981934,500700,0.03,0.0
2004-06-29 00:00:00-04:00,14.313105530058834,15.044683748611531,14.313105530058834,14.597129821777344,708900,0.0,0.0
2004-06-30 00:00:00-04:00,14.631554634857219,14.984433174133303,14.50245301051996,14.9844331741333,284700,0.0,0.0
2004-07-01 00:00:00-04:00,14.631553954748602,15.061893776947091,14.511059329850191,14.528271675109863,359000,0.0,0.0
2004-07-02 00:00:00-04:00,14.579918327371367,14.614344670584815,14.278680026574506,14.399174690246582,206700,0.0,0.0
2004-07-06 00:00:00-04:00,14.49384694999088,14.49384694999088,14.02047374973338,14.063507080078125,421600,0.0,0.0
2004-07-07 00:00:00-04:00,14.054904932448897,14.536885293307105,14.054904932448897,14.123759269714355,290700,0.0,0.0
2004-07-08 00:00:00-04:00,14.020472998436166,14.330316571871055,13.555705175859476,13.615952491760254,441200,0.0,0.0
2004-07-09 00:00:00-04:00,13.805302297477315,14.175393165968984,13.60734555225404,13.88276195526123,248600,0.0,0.0
2004-07-12 00:00:00-04:00,13.899975832787169,13.96883013819923,13.581524465054363,13.822514533996582,470600,0.0,0.0
2004-07-13 00:00:00-04:00,13.839736610955768,13.839736610955768,13.521285057067871,13.521285057067871,359300,0.0,0.0
2004-07-14 00:00:00-04:00,13.504068374622667,13.598743696685451,13.07372838941622,13.0909423828125,353100,0.0,0.0
2004-07-15 00:00:00-04:00,13.142582109806293,13.426606403422575,12.996266465118111,13.125368118286133,365000,0.0,0.0
2004-07-16 00:00:00-04:00,12.996264097717118,13.194220039289513,12.738060017607268,12.806914329528809,467400,0.0,0.0
2004-07-19 00:00:00-04:00,12.910195273899488,12.910195273899488,12.385180961585162,12.419608116149902,732700,0.0,0.0
2004-07-20 00:00:00-04:00,12.359361485277319,13.25446843378197,12.359361485277319,13.220041275024414,304300,0.0,0.0
2004-07-21 00:00:00-04:00,13.271684798872336,13.770879100604583,12.479859184922903,12.634781837463379,505900,0.0,0.0
2004-07-22 00:00:00-04:00,12.38518409556472,12.462644597330113,11.43843587425452,11.627785682678223,1781600,0.0,0.0
2004-07-23 00:00:00-04:00,11.894593299871788,11.96344761083539,11.206050190235782,11.249083518981934,1012600,0.0,0.0
2004-07-26 00:00:00-04:00,11.188837527374083,11.877381539374134,11.188837527374083,11.644997596740723,635500,0.0,0.0
2004-07-27 00:00:00-04:00,11.619177180234102,11.91180844054709,11.412614227357244,11.670818328857422,440300,0.0,0.0
2004-07-28 00:00:00-04:00,11.782705185418477,12.040909269519641,11.240477675856633,11.653603553771973,414900,0.0,0.0
2004-07-29 00:00:00-04:00,11.90320557193586,12.33354561667919,11.834351230441607,12.20444393157959,446000,0.0,0.0
2004-07-30 00:00:00-04:00,12.247474010520714,12.247474010520714,11.860168237786452,12.161406517028809,576000,0.0,0.0
2004-08-02 00:00:00-04:00,12.092548915992666,12.109762081701774,11.713849420695624,12.049514770507812,452700,0.0,0.0
2004-08-03 00:00:00-04:00,12.126974923439363,12.126974923439363,11.61917386043195,11.851557731628418,484400,0.0,0.0
2004-08-04 00:00:00-04:00,11.851559661780874,12.152797059181813,11.756884371071001,11.920413970947266,636600,0.0,0.0
2004-08-05 00:00:00-04:00,12.040910416542905,12.049517411688088,11.5245030199555,11.567536354064941,787900,0.0,0.0
2004-08-06 00:00:00-04:00,11.447040992923522,11.619176781074094,11.2576912155538,11.27490520477295,468500,0.0,0.0
2004-08-09 00:00:00-04:00,11.24047728383114,11.52450152019428,11.223263295780948,11.326544761657715,414000,0.0,0.0
2004-08-10 00:00:00-04:00,11.404009936064,12.11837426639428,11.317941608223174,11.954845428466797,708800,0.0,0.0
2004-08-11 00:00:00-04:00,11.980662884019416,12.367968629933896,11.696638615628249,12.290507316589355,454200,0.0,0.0
2004-08-12 00:00:00-04:00,12.126979022012053,12.264687664459116,11.963449393499976,11.97205638885498,513700,0.0,0.0
2004-08-13 00:00:00-04:00,12.040912540826762,12.13558786251012,11.576145391498752,11.70524787902832,223900,0.0,0.0
2004-08-16 00:00:00-04:00,11.739673731422357,12.11837251336127,11.70524656942791,12.006484031677246,331300,0.0,0.0
2004-08-17 00:00:00-04:00,12.092555637135924,12.256084495899403,11.834351441522815,11.911812782287598,364600,0.0,0.0
2004-08-18 00:00:00-04:00,11.851563625050295,12.230262452105745,11.70524796394041,12.040912628173828,662800,0.0,0.0
2004-08-19 00:00:00-04:00,12.049518259506968,12.126979579647411,11.636392313168995,11.86016845703125,403700,0.0,0.0
2004-08-20 00:00:00-04:00,11.903203709225753,12.17001485636958,11.842956375048399,12.066733360290527,459200,0.0,0.0
2004-08-23 00:00:00-04:00,12.17001485636958,12.264689355906619,11.860169547324057,12.066733360290527,237700,0.0,0.0
2004-08-24 00:00:00-04:00,12.178621508270618,12.307723999023438,12.049519838326198,12.307723999023438,272700,0.0,0.0
2004-08-25 00:00:00-04:00,12.161406034398704,12.26468751497519,11.972056242937692,12.126978874206543,375100,0.0,0.0
2004-08-26 00:00:00-04:00,12.066731464983057,12.695027339313679,12.040910479412691,12.62617301940918,624900,0.0,0.0
2004-08-27 00:00:00-04:00,12.608957055851922,12.608957055851922,12.2560785163613,12.419608116149902,234900,0.0,0.0
2004-08-30 00:00:00-04:00,12.230260366401627,12.522891638717121,12.195833206176758,12.195833206176758,212000,0.0,0.0
2004-08-31 00:00:00-04:00,12.161404503517875,12.402394594527113,12.101157185967603,12.385181427001953,257900,0.0,0.0
2004-09-01 00:00:00-04:00,12.445429504853271,12.979050863662856,12.032302788505346,12.109764099121094,498700,0.0,0.0
2004-09-02 00:00:00-04:00,12.178621599411475,12.178621599411475,11.851563923663562,12.092554092407227,732200,0.0,0.0
2004-09-03 00:00:00-04:00,12.17862208200163,12.17862208200163,11.791316233114113,12.058127403259277,271100,0.0,0.0
2004-09-07 00:00:00-04:00,12.058131419243985,12.393796217029726,11.894601699617697,12.316335678100586,254600,0.0,0.0
2004-09-08 00:00:00-04:00,12.273289426529198,12.376570864325673,12.092546705183388,12.213041305541992,551000,0.0,0.0
2004-09-09 00:00:00-04:00,12.04951666114239,12.264686601519932,11.929021199040019,11.98066234588623,543100,0.0,0.0
2004-09-10 00:00:00-04:00,12.135585099188694,12.195832420498908,11.920415156442854,12.178618431091309,428200,0.0,0.0
2004-09-13 00:00:00-04:00,12.092548915992666,12.19583037267148,11.972053472796688,12.049514770507812,559000,0.0,0.0
2004-09-14 00:00:00-04:00,12.19583406803546,12.28190238508405,11.980664096222283,12.135586738586426,431400,0.0,0.0
2004-09-15 00:00:00-04:00,12.230259578505915,12.247472747105322,12.032302804359482,12.178618431091309,293800,0.0,0.0
2004-09-16 00:00:00-04:00,12.221654170311254,12.350756645202637,12.178620012014127,12.350756645202637,249200,0.0,0.0
2004-09-17 00:00:00-04:00,12.660598198103088,12.660598198103088,12.187224207231818,12.419608116149902,472700,0.0,0.0
2004-09-20 00:00:00-04:00,12.402398595077651,12.436825762041032,12.092554092407227,12.092554092407227,201300,0.0,0.0
2004-09-21 00:00:00-04:00,12.083942986715218,12.428214539290758,12.083942986715218,12.393787384033203,171900,0.0,0.0
2004-09-22 00:00:00-04:00,12.385180597662208,12.41960775121535,12.006481087769556,12.015088081359863,271200,0.0,0.0
2004-09-23 00:00:00-04:00,12.006483938231908,12.247474070317432,11.842955125233088,11.946236610412598,271000,0.0,0.0
2004-09-24 00:00:00-04:00,12.015087534528629,12.015087534528629,11.791310636213707,11.842951774597168,379300,0.0,0.0
2004-09-27 00:00:00-04:00,12.092547352445465,12.152794655849545,11.791309193809164,11.808523178100586,419500,0.0,0.0
2004-09-28 00:00:00-04:00,12.03279238503237,12.464075272113147,11.739519890200347,12.39507007598877,801100,0.03,0.0
2004-09-29 00:00:00-04:00,12.507206241017238,12.981617676749636,12.265688006003415,12.955740928649902,660400,0.0,0.0
2004-09-30 00:00:00-04:00,12.98161792755127,13.102376636087714,12.722847973733591,12.98161792755127,474700,0.0,0.0
2004-10-01 00:00:00-04:00,13.08512554898648,13.757926760771142,12.98161773352784,13.6544189453125,573900,0.0,0.0
2004-10-04 00:00:00-04:00,13.775175989483174,14.146078722310637,13.654416481930717,13.861432075500488,532500,0.0,0.0
2004-10-05 00:00:00-04:00,13.801053209801507,13.870058410041965,13.076497784669828,13.22313404083252,792300,0.0,0.0
2004-10-06 00:00:00-04:00,13.231761718897522,13.594039481359129,13.136878938543727,13.47327995300293,562100,0.0,0.0
2004-10-07 00:00:00-04:00,13.654417267790883,13.714796613738734,12.645215162796523,12.653841018676758,614300,0.0,0.0
2004-10-08 00:00:00-04:00,12.610714609446358,12.817730248543121,12.351944649271891,12.498580932617188,406500,0.0,0.0
2004-10-11 00:00:00-04:00,12.541711350345714,12.722850268427614,12.351946573639164,12.584839820861816,256400,0.0,0.0
2004-10-12 00:00:00-04:00,12.34331736230524,12.731471820436639,12.34331736230524,12.62796401977539,287500,0.0,0.0
2004-10-13 00:00:00-04:00,12.765977056770756,12.964366843352979,12.51583294786745,12.61071491241455,253700,0.0,0.0
2004-10-14 00:00:00-04:00,12.515831794410321,12.929863044393754,12.515831794410321,12.852231979370117,324400,0.0,0.0
2004-10-15 00:00:00-04:00,12.688344930538396,13.300766776992656,12.653842326059577,13.02474594116211,506100,0.0,0.0
2004-10-18 00:00:00-04:00,12.981615437708063,13.033368924981199,12.645214480005292,12.843605041503906,370100,0.0,0.0
2004-10-19 00:00:00-04:00,13.111000686439544,13.111000686439544,12.584835816848672,12.653841018676758,309000,0.0,0.0
2004-10-20 00:00:00-04:00,12.584835494569214,12.740097606009813,12.455450127499757,12.541707038879395,353800,0.0,0.0
2004-10-21 00:00:00-04:00,12.696973912436961,13.43015464372258,12.498583270898306,13.32664680480957,481200,0.0,0.0
2004-10-22 00:00:00-04:00,13.343892883053437,13.75792406372299,13.283512718917336,13.585411071777344,526900,0.0,0.0
2004-10-25 00:00:00-04:00,13.387026039413929,13.973571240683164,13.335271712346064,13.83556079864502,501900,0.0,0.0
2004-10-26 00:00:00-04:00,13.84418200347358,14.361721871266232,13.818306079472974,14.335845947265625,745600,0.0,0.0
2004-10-27 00:00:00-04:00,14.051194027491622,14.741245830439548,13.628536269927721,14.715368270874023,921000,0.0,0.0
2004-10-28 00:00:00-04:00,14.879260894210546,15.077650644615376,14.50835731593225,15.034523010253906,545700,0.0,0.0
2004-10-29 00:00:00-04:00,14.931011863514888,15.034520471805193,14.646365247233444,14.732622146606445,507000,0.0,0.0
2004-11-01 00:00:00-05:00,14.465228072159265,15.310542115218663,14.378971167819538,14.887885093688965,886400,0.0,0.0
2004-11-02 00:00:00-05:00,14.784378315142487,15.232912957230539,14.508357503154091,15.129405975341797,629600,0.0,0.0
2004-11-03 00:00:00-05:00,14.90514273228307,15.362301710260473,14.844761723578527,15.086280822753906,342900,0.0,0.0
2004-11-04 00:00:00-05:00,14.793008053477529,15.897093236403407,14.793008053477529,15.759082794189453,666100,0.0,0.0
2004-11-05 00:00:00-05:00,15.69869855955787,15.983345213940853,15.457179538027505,15.93159008026123,349200,0.0,0.0
2004-11-08 00:00:00-05:00,15.577939480194486,15.914341295337104,15.543437700177781,15.69007396697998,291000,0.0,0.0
2004-11-09 00:00:00-05:00,15.646945786055584,16.12998390197754,15.526187079682087,16.12998390197754,296700,0.0,0.0
2004-11-10 00:00:00-05:00,15.767707749814438,15.983349259080539,15.15528500798735,15.163910865783691,1041800,0.0,0.0
2004-11-11 00:00:00-05:00,14.974145774109118,15.414054616482769,14.801631921926266,15.39680290222168,585300,0.0,0.0
2004-11-12 00:00:00-05:00,15.543436122205286,15.759077572362806,15.43992750223565,15.629693031311035,199800,0.0,0.0
2004-11-15 00:00:00-05:00,15.034526286082368,16.000599326069953,14.922391779967821,15.845338821411133,884500,0.0,0.0
2004-11-16 00:00:00-05:00,15.483056322343751,15.81083059301343,15.483056322343751,15.517558097839355,640300,0.0,0.0
2004-11-17 00:00:00-05:00,15.465803131999571,15.853956706552705,15.32779275279666,15.72457218170166,894200,0.0,0.0
2004-11-18 00:00:00-05:00,15.77633285522461,15.87983985341608,15.57794142579849,15.77633285522461,588200,0.0,0.0
2004-11-19 00:00:00-05:00,15.57794580560135,15.741833851565389,15.414059404851848,15.500314712524414,514900,0.0,0.0
2004-11-22 00:00:00-05:00,15.422677293652884,15.871211948522355,15.405427226322411,15.767704963684082,657700,0.0,0.0
2004-11-23 00:00:00-05:00,15.69870256754901,16.06098036972981,15.638321562840414,15.948845863342285,1054500,0.0,0.0
2004-11-24 00:00:00-05:00,15.879837986785553,16.164484666173788,15.741827575276949,16.043725967407227,389000,0.0,0.0
2004-11-26 00:00:00-05:00,16.19035589600781,16.242109368756168,16.069595599310652,16.08684730529785,108900,0.0,0.0
2004-11-29 00:00:00-05:00,16.06097493963668,16.544011297495448,16.06097493963668,16.475006103515625,450400,0.0,0.0
2004-11-30 00:00:00-05:00,16.51813788426973,16.82003630076211,16.37150160455709,16.414630889892578,635100,0.0,0.0
2004-12-01 00:00:00-05:00,16.466379344136378,17.225436436220274,16.466379344136378,17.078800201416016,585600,0.0,0.0
2004-12-02 00:00:00-05:00,16.92354994808563,17.415212429896624,16.92354994808563,17.130565643310547,461100,0.0,0.0
2004-12-03 00:00:00-05:00,16.880415324069812,17.24269308771525,16.682025551058114,17.087430953979492,385400,0.0,0.0
2004-12-06 00:00:00-05:00,16.932168345456766,17.121933901463333,16.604394018594235,16.690650939941406,357600,0.0,0.0
2004-12-07 00:00:00-05:00,16.664775418010777,16.863165209840872,16.173113044686566,16.267995834350586,328400,0.0,0.0
2004-12-08 00:00:00-05:00,16.267997536801442,17.044306715144558,16.267997536801442,16.958049774169922,454800,0.0,0.0
2004-12-09 00:00:00-05:00,17.035676821647115,17.406580428339986,16.85453876919557,17.19093894958496,640400,0.0,0.0
2004-12-10 00:00:00-05:00,17.139186102944738,17.259944809141945,16.889041188434543,17.070180892944336,301300,0.0,0.0
2004-12-13 00:00:00-05:00,17.104679875148904,17.251316128045843,16.776905592610067,17.17368507385254,281500,0.0,0.0
2004-12-14 00:00:00-05:00,17.044300589250106,17.234064475019796,17.044300589250106,17.096054077148438,208400,0.0,0.0
2004-12-15 00:00:00-05:00,16.992552548718447,17.31170107915147,16.87179217795811,17.06155776977539,345700,0.0,0.0
2004-12-16 00:00:00-05:00,16.983918320161564,17.13055454829185,16.73377348885142,16.992544174194336,253500,0.0,0.0
2004-12-17 00:00:00-05:00,16.96666395104728,17.035669127273277,16.656139835423705,16.845905303955078,553400,0.0,0.0
2004-12-20 00:00:00-05:00,16.90629603004874,17.061558192577976,16.587145846492607,16.673402786254883,314100,0.0,0.0
2004-12-21 00:00:00-05:00,16.71652396064363,16.9925463900458,16.552637648290226,16.949417114257812,268000,0.0,0.0
2004-12-22 00:00:00-05:00,16.845916076683544,17.285824973394828,16.845916076683544,17.23406982421875,430600,0.0,0.0
2004-12-23 00:00:00-05:00,16.845917488098006,17.24269712707292,16.828665770260567,16.9149227142334,308800,0.0,0.0
2004-12-27 00:00:00-05:00,16.923536791884572,17.277188535286687,16.897659233142996,17.052921295166016,247200,0.0,0.0
2004-12-28 00:00:00-05:00,17.18231476645811,17.501464909992883,17.052930195646635,17.441083908081055,334300,0.0,0.0
2004-12-29 00:00:00-05:00,17.371969150007065,17.605206660996615,17.276945422930417,17.57929229736328,381000,0.03,0.0
2004-12-30 00:00:00-05:00,17.622484001857444,17.665677354009514,17.492907240717045,17.57929229736328,378500,0.0,0.0
2004-12-31 00:00:00-05:00,17.587930569960488,17.613844933007645,17.2769450321316,17.32877540588379,241000,0.0,0.0
2005-01-03 00:00:00-05:00,17.363330019171176,17.674313908130504,17.346052678768473,17.53609848022461,483800,0.0,0.0
2005-01-04 00:00:00-05:00,17.415166129334224,17.64840535862689,16.784557825831904,16.819110870361328,412900,0.0,0.0
2005-01-05 00:00:00-05:00,16.80183462081915,16.905495398665725,15.557893753051758,15.557893753051758,974900,0.0,0.0
2005-01-06 00:00:00-05:00,15.575174086240903,15.678834883971906,15.160525952340876,15.24691104888916,834900,0.0,0.0
2005-01-07 00:00:00-05:00,15.341937266973462,15.635645653490371,15.091420611790653,15.134613990783691,503000,0.0,0.0
2005-01-10 00:00:00-05:00,15.212359022338488,15.32465850204559,14.987758415265498,15.091419219970703,308100,0.0,0.0
2005-01-11 00:00:00-05:00,15.039586023959258,15.333294328831238,15.039586023959258,15.19507884979248,207000,0.0,0.0
2005-01-12 00:00:00-05:00,15.21235520864833,15.445592784592497,14.935924268523115,15.350570678710938,354900,0.0,0.0
2005-01-13 00:00:00-05:00,15.488786837588254,15.583810595354066,14.89273156664911,14.944561958312988,348600,0.0,0.0
2005-01-14 00:00:00-05:00,15.108696426426285,15.220997552725194,14.910011846246697,15.15188980102539,442600,0.0,0.0
2005-01-18 00:00:00-05:00,15.01366959836188,15.45423204377359,15.005032572856345,15.333293914794922,383000,0.0,0.0
2005-01-19 00:00:00-05:00,15.255545455035948,15.445591296143244,14.75451401242743,14.901368141174316,255500,0.0,0.0
2005-01-20 00:00:00-05:00,14.823626958641398,14.953203788991232,14.668134103158081,14.68541145324707,257700,0.0,0.0
2005-01-21 00:00:00-05:00,14.771798181374702,14.90137502598188,14.22757312730199,14.339874267578125,301000,0.0,0.0
2005-01-24 00:00:00-05:00,14.469442743411566,14.521273121745212,13.856111931432359,13.86474895477295,456400,0.0,0.0
2005-01-25 00:00:00-05:00,13.994331843958141,14.5731098045484,13.977054496439973,14.288040161132812,321900,0.0,0.0
2005-01-26 00:00:00-05:00,14.33986796314578,14.599021538424903,14.33122929094871,14.581744194030762,276200,0.0,0.0
2005-01-27 00:00:00-05:00,14.624939356306653,14.685408421475612,14.495362552707677,14.564470291137695,284700,0.0,0.0
2005-01-28 00:00:00-05:00,14.599024640030223,14.711325754792592,14.331232335660772,14.40034008026123,252200,0.0,0.0
2005-01-31 00:00:00-05:00,14.780434683347016,15.108696084579195,14.702688258486472,14.875456809997559,338600,0.0,0.0
2005-02-01 00:00:00-05:00,14.935925529978446,15.117332731884982,14.659492918847972,14.78043270111084,347000,0.0,0.0
2005-02-02 00:00:00-05:00,14.875458950138748,15.030951822230692,14.65085831796805,14.771798133850098,491600,0.0,0.0
2005-02-03 00:00:00-05:00,14.814988063513677,14.840904088262167,14.555834406663854,14.719965934753418,326200,0.0,0.0
2005-02-04 00:00:00-05:00,14.737238712394918,14.771793405202363,14.538554171727432,14.616300582885742,500500,0.0,0.0
2005-02-07 00:00:00-05:00,14.685411564499852,15.056866355933197,14.58174911083939,14.633581161499023,605300,0.0,0.0
2005-02-08 00:00:00-05:00,14.573111937010115,14.840904272093187,14.417619081910658,14.763157844543457,271500,0.0,0.0
2005-02-09 00:00:00-05:00,14.728598839961247,14.840899934783224,14.244844713654325,14.313952445983887,384800,0.0,0.0
2005-02-10 00:00:00-05:00,14.339865601256466,14.685404193935108,14.270757882720737,14.469442367553711,223500,0.0,0.0
2005-02-11 00:00:00-05:00,14.32259288807383,14.81498574771558,14.279401167903277,14.78043270111084,324900,0.0,0.0
2005-02-14 00:00:00-05:00,14.745878930351303,14.961840840046333,14.702687207475742,14.858180046081543,149900,0.0,0.0
2005-02-15 00:00:00-05:00,14.961844062151936,15.07414520206677,14.676774345869696,14.771798133850098,515100,0.0,0.0
2005-02-16 00:00:00-05:00,14.478086365085968,14.81498641094221,14.35714822506754,14.789072036743164,509900,0.0,0.0
2005-02-17 00:00:00-05:00,14.81498261642747,14.884090342688882,14.374420243639152,14.478082656860352,442000,0.0,0.0
2005-02-18 00:00:00-05:00,14.512645073765379,14.685415324886558,14.443537302848751,14.60766887664795,191400,0.0,0.0
2005-02-22 00:00:00-05:00,14.624938777798397,14.624938777798397,14.011606181792002,14.167098999023438,418000,0.0,0.0
2005-02-23 00:00:00-05:00,14.88409497574609,15.220996687840687,14.82362590240207,14.918649673461914,626900,0.0,0.0
2005-02-24 00:00:00-05:00,14.79771144120156,15.246912672974137,14.79771144120156,15.005036354064941,405300,0.0,0.0
2005-02-25 00:00:00-05:00,14.979119008220575,15.117334506178656,14.78907311044289,14.987757682800293,324300,0.0,0.0
2005-02-28 00:00:00-05:00,15.022307243960462,15.20371607267806,14.728598967109741,14.74587631225586,437200,0.0,0.0
2005-03-01 00:00:00-05:00,14.771797376769179,15.33329810458853,14.754520025720243,15.169166564941406,489700,0.0,0.0
2005-03-02 00:00:00-05:00,15.056861934252698,15.281462478177268,14.728598967109741,14.74587631225586,390600,0.0,0.0
2005-03-03 00:00:00-05:00,14.719960305156768,15.134606656599967,14.702682961932101,15.048221588134766,314700,0.0,0.0
2005-03-04 00:00:00-05:00,15.151887562475851,15.48014892263768,15.134610215188776,15.385125160217285,404600,0.0,0.0
2005-03-07 00:00:00-05:00,15.428322604135037,15.618368531521737,15.203721973045868,15.45423698425293,375700,0.0,0.0
2005-03-08 00:00:00-05:00,15.52334733125155,15.635648489342678,15.411047820819658,15.566540718078613,622800,0.0,0.0
2005-03-09 00:00:00-05:00,15.540617108069812,15.851602750944966,15.246908811500706,15.411040306091309,475200,0.0,0.0
2005-03-10 00:00:00-05:00,15.34192568180204,15.411033388346558,15.005025818354731,15.212348937988281,616400,0.0,0.0
2005-03-11 00:00:00-05:00,15.11733357193213,15.33329548010259,15.11733357193213,15.238271713256836,259300,0.0,0.0
2005-03-14 00:00:00-05:00,15.23826818864929,15.428315678382862,15.11733007529754,15.229629516601562,292400,0.0,0.0
2005-03-15 00:00:00-05:00,15.212355474994412,15.30737758253967,14.910008511066918,14.935924530029297,360500,0.0,0.0
2005-03-16 00:00:00-05:00,14.884091735769989,15.10005360650719,14.840900020685874,14.97911548614502,601400,0.0,0.0
2005-03-17 00:00:00-05:00,15.005028557116397,15.480143920372186,14.90136615455001,15.341928482055664,515400,0.0,0.0
2005-03-18 00:00:00-05:00,15.160519689478987,15.57516765208654,15.134605324580885,15.341928482055664,706400,0.0,0.0
2005-03-21 00:00:00-05:00,15.445592351955359,15.860240398187095,15.20371610995003,15.644278526306152,437700,0.0,0.0
2005-03-22 00:00:00-05:00,15.799776550982786,16.300808193160726,15.739305822870197,15.834329605102539,610400,0.0,0.0
2005-03-23 00:00:00-05:00,15.704746409785878,16.1971391771458,15.687469065892287,16.058923721313477,441500,0.0,0.0
2005-03-24 00:00:00-05:00,16.110756272756543,16.42174191404605,16.076203227979057,16.205780029296875,673600,0.0,0.0
2005-03-28 00:00:00-05:00,16.21441766630208,16.534040312618203,16.093477898162885,16.17986297607422,360100,0.0,0.0
2005-03-29 00:00:00-05:00,16.24908279444247,16.24908279444247,15.8164661224421,16.006816864013672,488400,0.03,0.0
2005-03-30 00:00:00-05:00,16.101991980992096,16.413474841755487,16.006815791433034,16.335603713989258,428400,0.0,0.0
2005-03-31 00:00:00-05:00,16.42212866668789,16.42212866668789,15.877032379673146,16.084688186645508,579000,0.0,0.0
2005-04-01 00:00:00-05:00,16.153905199258244,16.214471264043816,15.703983503277584,15.781854629516602,573200,0.0,0.0
2005-04-04 00:00:00-04:00,15.643419422096004,16.10199370695115,15.522287277165164,15.98951244354248,479300,0.0,0.0
2005-04-05 00:00:00-04:00,15.963561943667832,16.949927803822785,15.963561943667832,16.7163143157959,802800,0.0,0.0
2005-04-06 00:00:00-04:00,16.85474776732685,17.20949336153441,16.664396996140468,16.975881576538086,691300,0.0,0.0
2005-04-07 00:00:00-04:00,16.88935575567856,17.27870978147208,16.802832088735,17.09701156616211,590900,0.0,0.0
2005-04-08 00:00:00-04:00,16.63844955788975,16.863410597737342,16.387532554027025,16.49135971069336,894900,0.0,0.0
2005-04-11 00:00:00-04:00,16.65573840682819,16.820133170070854,16.53460629196585,16.698999404907227,794200,0.0,0.0
2005-04-12 00:00:00-04:00,16.595176874249276,17.131620658022147,16.569219278143464,17.010488510131836,516000,0.0,0.0
2005-04-13 00:00:00-04:00,17.07971492616638,17.30467591104628,16.69036070834934,17.088367462158203,678000,0.0,0.0
2005-04-14 00:00:00-04:00,17.10566788098522,17.200842450400483,16.863401890023898,16.95857810974121,456800,0.0,0.0
2005-04-15 00:00:00-04:00,16.949921262325404,17.122968590443005,16.621131668962285,16.8633975982666,556000,0.0,0.0
2005-04-18 00:00:00-04:00,16.863397336150605,17.114315792990816,16.534609398199628,16.6470890045166,680800,0.0,0.0
2005-04-19 00:00:00-04:00,16.690351973052046,16.872050182876702,16.58652324579393,16.66439437866211,427100,0.0,0.0
2005-04-20 00:00:00-04:00,16.750919722635597,16.83744174534116,16.404825030606162,16.448087692260742,492900,0.0,0.0
2005-04-21 00:00:00-04:00,16.491350691654155,16.941272525289286,16.413479541590306,16.724964141845703,449200,0.0,0.0
2005-04-22 00:00:00-04:00,16.257742079382012,16.34426412948202,15.375203305822406,15.660730361938477,813300,0.0,0.0
2005-04-25 00:00:00-04:00,15.703981727892304,15.91163749095304,15.418454847396127,15.522283554077148,447600,0.0,0.0
2005-04-26 00:00:00-04:00,15.539592203403378,15.660726010429176,15.357893968317473,15.427112579345703,473400,0.0,0.0
2005-04-27 00:00:00-04:00,15.435767127285812,15.487680679759286,15.04641135797957,15.228111267089844,551500,0.0,0.0
2005-04-28 00:00:00-04:00,15.236753613550617,16.006810453202988,15.020445364183008,15.574193954467773,601800,0.0,0.0
2005-04-29 00:00:00-04:00,15.539595271922876,15.877037511332512,15.037759830298025,15.643424034118652,540500,0.0,0.0
2005-05-02 00:00:00-04:00,15.833775472667286,16.050083889781877,15.626119590273547,15.816472053527832,323100,0.0,0.0
2005-05-03 00:00:00-04:00,15.695333827790437,16.309650418730158,15.582854208484124,16.18851661682129,478900,0.0,0.0
2005-05-04 00:00:00-04:00,16.14526022304279,16.72496685057122,16.101999199468448,16.7163143157959,565400,0.0,0.0
2005-05-05 00:00:00-04:00,16.59517657344408,16.81148491949981,16.084688744728414,16.318302154541016,324700,0.0,0.0
2005-05-06 00:00:00-04:00,16.439435233887348,16.525958907283957,16.006818517206103,16.24908447265625,195200,0.0,0.0
2005-05-09 00:00:00-04:00,15.868377202683535,16.006814384252962,15.643416370057867,15.89433479309082,523100,0.0,0.0
2005-05-10 00:00:00-04:00,15.669378435105772,15.816468188814785,15.504983616183498,15.678030967712402,320400,0.0,0.0
2005-05-11 00:00:00-04:00,15.764544619802917,15.88567836165344,15.366538233110987,15.574193954467773,350100,0.0,0.0
2005-05-12 00:00:00-04:00,15.513633498416397,15.764550299934246,15.331933645322753,15.366543769836426,354700,0.0,0.0
2005-05-13 00:00:00-04:00,15.115628816634914,15.271371112390945,14.959888171180834,15.011801719665527,698400,0.0,0.0
2005-05-16 00:00:00-04:00,15.089670374756215,15.504981994628906,15.063712779651043,15.504981994628906,399700,0.0,0.0
2005-05-17 00:00:00-04:00,15.487677396040151,15.66072473466476,15.25406398398745,15.530940055847168,332800,0.0,0.0
2005-05-18 00:00:00-04:00,15.643418793521297,16.11064559142648,15.5655476605371,16.006816864013672,334600,0.0,0.0
2005-05-19 00:00:00-04:00,15.911644252310571,16.119300103610804,15.617464717059741,15.790512084960938,358000,0.0,0.0
2005-05-20 00:00:00-04:00,15.781854629516602,15.946249412721361,15.591503904433164,15.781854629516602,260900,0.0,0.0
2005-05-23 00:00:00-04:00,15.660727721222125,15.937602195581077,15.591509102632386,15.755902290344238,194400,0.0,0.0
2005-05-24 00:00:00-04:00,15.799164366653553,15.799164366653553,15.35789507080818,15.435766220092773,281600,0.0,0.0
2005-05-25 00:00:00-04:00,15.35789712739155,15.565553003190438,15.184849739074707,15.184849739074707,308600,0.0,0.0
2005-05-26 00:00:00-04:00,15.150234942113737,15.600156644121014,15.150234942113737,15.539588928222656,477700,0.0,0.0
2005-05-27 00:00:00-04:00,15.617463111004145,15.894339201233311,15.522288553717775,15.73859691619873,365600,0.0,0.0
2005-05-31 00:00:00-04:00,15.859725755755619,15.998162946780209,15.764549568063154,15.781854629516602,418900,0.0,0.0
2005-06-01 00:00:00-04:00,15.75590400661242,15.998170023217217,15.626119288907152,15.799166679382324,407900,0.0,0.0
2005-06-02 00:00:00-04:00,15.773207722586735,16.352914285554476,15.565551862012,16.240434646606445,398600,0.0,0.0
2005-06-03 00:00:00-04:00,16.0241230948798,16.3356059992173,16.0241230948798,16.153907775878906,332800,0.0,0.0
2005-06-06 00:00:00-04:00,16.136605921448435,16.45674307187402,16.04143134994522,16.37887191772461,255300,0.0,0.0
2005-06-07 00:00:00-04:00,16.378864602548536,17.045094557027895,16.240427423734815,16.396169662475586,503800,0.0,0.0
2005-06-08 00:00:00-04:00,16.404822864020883,16.699002323212536,16.23177719116211,16.23177719116211,285900,0.0,0.0
2005-06-09 00:00:00-04:00,16.25773532591867,16.25773532591867,15.928945731029474,16.006816864013672,248400,0.0,0.0
2005-06-10 00:00:00-04:00,16.05873241789035,16.404825468863923,16.05873241789035,16.283693313598633,189000,0.0,0.0
2005-06-13 00:00:00-04:00,16.275043319821094,16.352914474725193,16.101997592491394,16.197172164916992,371700,0.0,0.0
2005-06-14 00:00:00-04:00,16.30099365077259,16.422125770904646,16.136598880378113,16.352907180786133,283100,0.0,0.0
2005-06-15 00:00:00-04:00,16.387522054041625,16.4394355991122,16.1019950807007,16.283693313598633,375600,0.0,0.0
2005-06-16 00:00:00-04:00,16.309649375904165,16.439434051513672,16.292344312409114,16.439434051513672,175700,0.0,0.0
2005-06-17 00:00:00-04:00,16.586524851147352,16.586524851147352,16.00681838941068,16.18851661682129,728500,0.0,0.0
2005-06-20 00:00:00-04:00,16.015471049575943,16.422130169147664,16.015471049575943,16.24908447265625,321200,0.0,0.0
2005-06-21 00:00:00-04:00,16.231771177841246,16.43077437054061,16.197161065910414,16.413469314575195,278200,0.0,0.0
2005-06-22 00:00:00-04:00,16.439433564583897,16.525957229194663,16.413475970110174,16.465391159057617,186200,0.0,0.0
2005-06-23 00:00:00-04:00,16.422129132926,16.474044323869247,15.920293839253185,15.98951244354248,498700,0.0,0.0
2005-06-24 00:00:00-04:00,15.911638730339043,16.058728446918476,15.444413639634712,15.617459297180176,355800,0.0,0.0
2005-06-27 00:00:00-04:00,15.591507268654626,15.591507268654626,15.366546372123876,15.487678527832031,303000,0.0,0.0
2005-06-28 00:00:00-04:00,15.444341079093757,16.29369278767149,15.444341079093757,16.2070255279541,349900,0.03,0.0
2005-06-29 00:00:00-04:00,16.215695346221786,16.397700277937922,16.033692067578116,16.311031341552734,305800,0.0,0.0
2005-06-30 00:00:00-04:00,16.371694754032653,16.415030037254947,15.73034743999094,15.756348609924316,361000,0.0,0.0
2005-07-01 00:00:00-04:00,15.695682701271737,16.025022626900064,15.68701564361412,15.76501750946045,292100,0.0,0.0
2005-07-05 00:00:00-04:00,15.843027184610428,15.869026717326678,15.609021471725955,15.834360122680664,420900,0.0,0.0
2005-07-06 00:00:00-04:00,15.912355079508071,15.929687542727061,15.678349468792407,15.773685455322266,309700,0.0,0.0
2005-07-07 00:00:00-04:00,15.444345828772049,15.73035217178366,15.25367548445515,15.669684410095215,334500,0.0,0.0
2005-07-08 00:00:00-04:00,15.557010249477448,16.19835752159929,15.548343193399488,16.1116886138916,390400,0.0,0.0
2005-07-11 00:00:00-04:00,16.033691101417745,16.62303784963711,16.033691101417745,16.4063663482666,385500,0.0,0.0
2005-07-12 00:00:00-04:00,16.302363225864507,16.302363225864507,15.869020225100957,16.233028411865234,508000,0.0,0.0
2005-07-13 00:00:00-04:00,16.311023837700212,16.423693899089066,16.094352422952714,16.293689727783203,339800,0.0,0.0
2005-07-14 00:00:00-04:00,16.406361578414224,16.71836897866042,15.964351645756079,16.501697540283203,448900,0.0,0.0
2005-07-15 00:00:00-04:00,16.328370308373497,16.553708948663335,16.077030483524965,16.3890380859375,305800,0.0,0.0
2005-07-18 00:00:00-04:00,16.328361872358073,16.68370294570923,16.207026379917806,16.467031478881836,259600,0.0,0.0
2005-07-19 00:00:00-04:00,16.67503691940885,17.073713302612305,16.55370141946842,17.073713302612305,449000,0.0,0.0
2005-07-20 00:00:00-04:00,16.900376250019644,17.741061037606908,16.900376250019644,17.67172622680664,672400,0.0,0.0
2005-07-21 00:00:00-04:00,17.541721519654004,17.645724549681745,17.07371201720938,17.17771339416504,452500,0.0,0.0
2005-07-22 00:00:00-04:00,17.134380275579215,17.49838841196581,16.813705772042777,17.143047332763672,389900,0.0,0.0
2005-07-25 00:00:00-04:00,17.0910446941613,17.446385767219773,16.96104214478637,16.995710372924805,277600,0.0,0.0
2005-07-26 00:00:00-04:00,16.935038810602993,17.039040165438372,16.683699172452652,16.805034637451172,312200,0.0,0.0
2005-07-27 00:00:00-04:00,16.857042613171586,17.940400065095922,16.709705933586985,17.67172622680664,946400,0.0,0.0
2005-07-28 00:00:00-04:00,17.68906198532754,17.767063861354895,17.446389298456616,17.706396102905273,369000,0.0,0.0
2005-07-29 00:00:00-04:00,17.64571589778222,18.053057455099733,17.489712255767053,17.983722686767578,475800,0.0,0.0
2005-08-01 00:00:00-04:00,17.957731561986854,18.512411671623216,17.949064504469018,18.287073135375977,579100,0.0,0.0
2005-08-02 00:00:00-04:00,18.53840738840394,18.63374334847214,18.165732256943,18.27840232849121,258800,0.0,0.0
2005-08-03 00:00:00-04:00,18.11373214916974,18.122399205184195,17.68905632289271,18.044397354125977,327800,0.0,0.0
2005-08-04 00:00:00-04:00,18.027066553718193,18.053067726538053,17.065046302394254,17.403053283691406,547900,0.0,0.0
2005-08-05 00:00:00-04:00,17.377050548054207,17.749725726261033,17.160379086591824,17.20371437072754,270900,0.0,0.0
2005-08-08 00:00:00-04:00,17.27304856382237,17.70639147148245,17.221047877763322,17.593721389770508,424700,0.0,0.0
2005-08-09 00:00:00-04:00,18.243738882271316,19.249094468337187,18.157071608322973,18.703083038330078,1286900,0.0,0.0
2005-08-10 00:00:00-04:00,18.763748065193816,19.483097244730097,18.763748065193816,19.119089126586914,1062900,0.0,0.0
2005-08-11 00:00:00-04:00,19.049760226653206,19.27509881274173,18.781087996462972,18.945758819580078,612600,0.0,0.0
2005-08-12 00:00:00-04:00,18.833082947766574,19.11042215268329,18.76374814653739,18.95442008972168,422400,0.0,0.0
2005-08-15 00:00:00-04:00,18.815754766653892,19.33576676636455,18.521083008326183,19.101762771606445,578800,0.0,0.0
2005-08-16 00:00:00-04:00,19.985777336135733,21.727816275873955,19.977110278357266,21.67581558227539,3161200,0.0,0.0
2005-08-17 00:00:00-04:00,21.34647323687688,21.632479521066436,20.982465088538156,21.407142639160156,1239800,0.0,0.0
2005-08-18 00:00:00-04:00,21.25980781682934,21.26847487505196,20.826464824132167,20.89579963684082,673000,0.0,0.0
2005-08-19 00:00:00-04:00,20.817804036080084,21.051809719354722,20.557797170306216,20.679134368896484,615600,0.0,0.0
2005-08-22 00:00:00-04:00,20.58379727055642,21.39848276223039,20.58379727055642,20.930471420288086,851700,0.0,0.0
2005-08-23 00:00:00-04:00,20.86980154753504,21.06047189740419,20.76579848656023,20.956470489501953,603700,0.0,0.0
2005-08-24 00:00:00-04:00,20.80046614480223,21.069138369645614,20.635795324962235,20.67046356201172,572900,0.0,0.0
2005-08-25 00:00:00-04:00,20.6704619867349,20.80046455961803,20.55779187798309,20.627126693725586,309600,0.0,0.0
2005-08-26 00:00:00-04:00,20.618461538598723,20.69646176081796,20.263118743896484,20.263118743896484,662100,0.0,0.0
2005-08-29 00:00:00-04:00,20.193776456104196,20.46245021740488,19.951105514376884,20.43644905090332,429300,0.0,0.0
2005-08-30 00:00:00-04:00,20.28045105712352,20.462455967636703,19.951111120913765,20.098447799682617,453800,0.0,0.0
2005-08-31 00:00:00-04:00,19.9511097770316,20.609791258155415,19.821107222891726,20.549121856689453,447300,0.0,0.0
2005-09-01 00:00:00-04:00,20.60111770426476,20.61845181350303,19.829766373878208,20.107107162475586,463500,0.0,0.0
2005-09-02 00:00:00-04:00,20.055110571171983,20.33244978602572,19.803772527612832,19.916440963745117,458000,0.0,0.0
2005-09-06 00:00:00-04:00,20.020443350044932,20.523121074020306,19.829771406179475,20.497119903564453,449500,0.0,0.0
2005-09-07 00:00:00-04:00,20.453786735373495,20.852461439618768,19.89044125399243,20.809127807617188,640700,0.0,0.0
2005-09-08 00:00:00-04:00,20.800463085761265,21.233806066714624,20.661793464101972,21.121137619018555,377300,0.0,0.0
2005-09-09 00:00:00-04:00,21.121133495363694,21.199133695880167,20.81779313730555,20.973796844482422,288000,0.0,0.0
2005-09-12 00:00:00-04:00,20.90446614774238,22.039824296022754,20.774461930879138,21.788484573364258,560400,0.0,0.0
2005-09-13 00:00:00-04:00,21.753816144030463,21.875151639504676,20.913129773752992,21.103801727294922,600900,0.0,0.0
2005-09-14 00:00:00-04:00,21.129810033260338,21.424483490305516,20.835138229287992,20.991140365600586,292100,0.0,0.0
2005-09-15 00:00:00-04:00,20.999806181846967,21.2684800934527,20.852469462056728,20.939138412475586,310900,0.0,0.0
2005-09-16 00:00:00-04:00,20.97379892578795,21.51114324486205,20.852461778680794,21.476476669311523,624000,0.0,0.0
2005-09-19 00:00:00-04:00,21.320475459807902,21.511145780491404,21.034469152246494,21.060468673706055,334500,0.0,0.0
2005-09-20 00:00:00-04:00,21.12114274726542,21.450482765402445,21.051807919601167,21.16447639465332,418500,0.0,0.0
2005-09-21 00:00:00-04:00,21.1124711669901,21.381143360032237,20.939133308404788,21.225139617919922,459300,0.0,0.0
2005-09-22 00:00:00-04:00,21.285809480325142,21.710485457533025,20.670463162250197,21.381145477294922,484200,0.0,0.0
2005-09-23 00:00:00-04:00,21.320471054477952,22.525163789973387,21.242469200071717,22.35182762145996,526500,0.0,0.0
2005-09-26 00:00:00-04:00,22.507831728746282,22.66383545177819,22.065821731179913,22.334495544433594,418400,0.0,0.0
2005-09-27 00:00:00-04:00,22.27383079312516,23.261852301121063,22.048492235445465,22.923845291137695,637100,0.0,0.0
2005-09-28 00:00:00-04:00,23.123412876638383,24.0691736242807,22.61148727360448,23.04532241821289,1198800,0.03,0.0
2005-09-29 00:00:00-04:00,23.019284402204644,23.16678836011357,22.732953384493086,22.993253707885742,444200,0.0,0.0
2005-09-30 00:00:00-04:00,22.958546636592192,23.479148950143646,22.706923205594286,23.27090835571289,300200,0.0,0.0
2005-10-03 00:00:00-04:00,23.42709407795165,23.704748261491016,23.114732293995132,23.37503433227539,379100,0.0,0.0
2005-10-04 00:00:00-04:00,23.375038517831385,24.181972167576365,23.270917352885352,23.60930824279785,415100,0.0,0.0
2005-10-05 00:00:00-04:00,23.670044993985268,23.670044993985268,23.227532968298796,23.236209869384766,355400,0.0,0.0
2005-10-06 00:00:00-04:00,23.22752685929349,24.25137774886253,23.22752685929349,23.696067810058594,720300,0.0,0.0
2005-10-07 00:00:00-04:00,23.76548079801198,23.93033856158918,23.39238243278688,23.6700382232666,520500,0.0,0.0
2005-10-10 00:00:00-04:00,23.800191777372138,23.800191777372138,23.444447158759782,23.51386070251465,355700,0.0,0.0
2005-10-11 00:00:00-04:00,23.68739416019108,23.826221250196124,23.045318455180382,23.1320858001709,485200,0.0,0.0
2005-10-12 00:00:00-04:00,23.027969092585796,23.314300207186953,22.59413397016285,22.78502082824707,523000,0.0,0.0
2005-10-13 00:00:00-04:00,22.698246240371926,22.88045779430485,22.533388482994354,22.776336669921875,499000,0.0,0.0
2005-10-14 00:00:00-04:00,22.9759030476974,23.418414981823474,22.837075968946003,23.253557205200195,593200,0.0,0.0
2005-10-17 00:00:00-04:00,23.149439525175847,23.4184168043207,22.77634110138974,22.967227935791016,355100,0.0,0.0
2005-10-18 00:00:00-04:00,22.889147354852938,24.28609740732099,22.81105853140736,23.739465713500977,721500,0.0,0.0
2005-10-19 00:00:00-04:00,23.73945555385852,24.207996568763907,23.210176239011258,24.164613723754883,515200,0.0,0.0
2005-10-20 00:00:00-04:00,24.034461672474553,24.138581154412652,22.637512326035292,22.923843383789062,610800,0.0,0.0
2005-10-21 00:00:00-04:00,23.097382646755868,25.301264208165076,23.097382646755868,24.51168441772461,1684000,0.0,0.0
2005-10-24 00:00:00-04:00,24.598447204254228,25.396703747468187,24.407558726669777,25.023605346679688,775900,0.0,0.0
2005-10-25 00:00:00-04:00,25.10169827040695,25.10169827040695,24.121230052022884,24.433591842651367,544100,0.0,0.0
2005-10-26 00:00:00-04:00,24.46829459787708,24.98022002893186,24.381527267114556,24.702564239501953,507700,0.0,0.0
2005-10-27 00:00:00-04:00,24.771975937021093,25.11036833641834,24.320788829406535,24.494321823120117,609300,0.0,0.0
2005-10-28 00:00:00-04:00,25.162433485889498,25.899953419052004,23.89563590476871,24.338146209716797,898500,0.0,0.0
2005-10-31 00:00:00-05:00,24.546387603123677,25.87392177963599,24.312116281992317,25.43140983581543,1130800,0.0,0.0
2005-11-01 00:00:00-05:00,25.43141429965972,26.03010722931998,25.43141429965972,25.787158966064453,730100,0.0,0.0
2005-11-02 00:00:00-05:00,25.847886917931106,26.767616541519843,25.656998482221887,25.683029174804688,755400,0.0,0.0
2005-11-03 00:00:00-05:00,25.162436548554243,26.524678538287482,24.94551899210119,25.388031005859375,739000,0.0,0.0
2005-11-04 00:00:00-05:00,25.466117488318066,25.830538992542543,25.07566528559564,25.474794387817383,652800,0.0,0.0
2005-11-07 00:00:00-05:00,25.57024007000171,25.89127877056974,25.249203024383238,25.613624572753906,440400,0.0,0.0
2005-11-08 00:00:00-05:00,25.622305196328142,26.420561958513353,25.492153324109516,26.27305793762207,650200,0.0,0.0
2005-11-09 00:00:00-05:00,26.403202038650747,26.984541085738815,26.377171339247013,26.89777374267578,650000,0.0,0.0
2005-11-10 00:00:00-05:00,26.9932158471893,27.808824504502354,26.923802309227565,27.68735122680664,827200,0.0,0.0
2005-11-11 00:00:00-05:00,27.453077149337954,29.578869224508438,27.40969431308922,28.494281768798828,1096400,0.0,0.0
2005-11-14 00:00:00-05:00,28.485614873416893,28.824005729182378,27.617942999622777,28.233989715576172,1103800,0.0,0.0
2005-11-15 00:00:00-05:00,28.069121577889202,28.121182966488437,27.184099486040456,27.383663177490234,857300,0.0,0.0
2005-11-16 00:00:00-05:00,28.286045795943988,28.3728147975886,27.34028684731056,27.409700393676758,499900,0.0,0.0
2005-11-17 00:00:00-05:00,27.678673849268698,28.381486115851853,27.56587747263654,28.277366638183594,538800,0.0,0.0
2005-11-18 00:00:00-05:00,28.502959884119697,29.283864254875812,27.34028353699797,27.68735122680664,707600,0.0,0.0
2005-11-21 00:00:00-05:00,27.75676525288969,27.75676525288969,25.839215198632075,26.602764129638672,914200,0.0,0.0
2005-11-22 00:00:00-05:00,26.793656313202188,26.793656313202188,25.74377611599545,25.787158966064453,715200,0.0,0.0
2005-11-23 00:00:00-05:00,25.787146618750683,26.325102638752206,25.717733098906827,26.09950828552246,504100,0.0,0.0
2005-11-25 00:00:00-05:00,26.29040478638968,26.57673586863929,25.88260041317038,25.891277313232422,206000,0.0,0.0
2005-11-28 00:00:00-05:00,25.908630919935337,26.116871555021387,24.928162734587044,25.318614959716797,597400,0.0,0.0
2005-11-29 00:00:00-05:00,25.431405573269547,25.969361666262095,25.2665494756154,25.64832305908203,435100,0.0,0.0
2005-11-30 00:00:00-05:00,25.683036655255595,26.368495210093016,25.596269309656694,25.769804000854492,487600,0.0,0.0
2005-12-01 00:00:00-05:00,26.02142270429212,26.264370896366188,25.85656494342225,26.20363426208496,780500,0.0,0.0
2005-12-02 00:00:00-05:00,26.238336628228513,26.88041213240741,26.238336628228513,26.611434936523438,495800,0.0,0.0
2005-12-05 00:00:00-05:00,26.680857831779516,26.784978980764247,25.88260120606163,25.917308807373047,599900,0.0,0.0
2005-12-06 00:00:00-05:00,26.038778675309004,26.247019290924072,25.87392090067442,26.030101776123047,576000,0.0,0.0
2005-12-07 00:00:00-05:00,25.85657101353318,26.02142881310521,25.145081722153275,25.70039176940918,709000,0.0,0.0
2005-12-08 00:00:00-05:00,25.570233514201036,26.021422297448925,25.18845991755972,25.466114044189453,411600,0.0,0.0
2005-12-09 00:00:00-05:00,25.11905199980044,25.179788646706186,23.973725989058288,24.268733978271484,882000,0.0,0.0
2005-12-12 00:00:00-05:00,24.294762341125686,24.771980225132346,24.294762341125686,24.529033660888672,822400,0.0,0.0
2005-12-13 00:00:00-05:00,24.26006669620569,24.26006669620569,23.6006385641197,23.739465713500977,927500,0.0,0.0
2005-12-14 00:00:00-05:00,23.635323853339408,24.017099007725438,23.253548698953377,23.56591033935547,534300,0.0,0.0
2005-12-15 00:00:00-05:00,23.713424233030533,23.713424233030533,23.331648918138644,23.55724334716797,700300,0.0,0.0
2005-12-16 00:00:00-05:00,23.826223950744264,24.286089772852197,23.730781349891405,23.7741641998291,888700,0.0,0.0
2005-12-19 00:00:00-05:00,23.93034201145035,23.982401755630097,23.114731629536973,23.140762329101562,560600,0.0,0.0
2005-12-20 00:00:00-05:00,23.24487611548538,23.43576288702905,22.78501049842015,23.010604858398438,473500,0.0,0.0
2005-12-21 00:00:00-05:00,23.08002553905618,23.427093256307895,22.975904396405955,23.227529525756836,688400,0.0,0.0
2005-12-22 00:00:00-05:00,23.23620002168686,23.28825975118966,22.776334388723388,23.11472511291504,448400,0.0,0.0
2005-12-23 00:00:00-05:00,22.984586793004816,23.800197364812917,22.90649633107905,23.314302444458008,395700,0.0,0.0
2005-12-27 00:00:00-05:00,23.314292124792185,23.939013888726276,22.993253517316212,23.036636352539062,430400,0.0,0.0
2005-12-28 00:00:00-05:00,23.06269534930751,23.384097115011393,22.472013754664985,23.323291778564453,639600,0.03,0.0
2005-12-29 00:00:00-05:00,23.305923609865545,24.487290379315983,23.305923609865545,24.03559112548828,846100,0.0,0.0
2005-12-30 00:00:00-05:00,24.070328263543846,24.07901497591661,22.810784792270645,23.33197593688965,691500,0.0,0.0
2006-01-03 00:00:00-05:00,23.505709208396368,23.844484421221058,22.498073597413786,23.13218879699707,862200,0.0,0.0
2006-01-04 00:00:00-05:00,23.24511273061744,23.896601310544536,23.027949870641738,23.349349975585938,1073200,0.0,0.0
2006-01-05 00:00:00-05:00,23.38410094499475,23.9313507194701,23.132191187802587,23.835800170898438,525700,0.0,0.0
2006-01-06 00:00:00-05:00,23.96610243382802,24.209325525548774,23.45359775768835,24.139833450317383,579600,0.0,0.0
2006-01-09 00:00:00-05:00,24.235376509991458,24.435165957283097,23.757618847890367,23.844484329223633,513000,0.0,0.0
2006-01-10 00:00:00-05:00,23.887917009327733,24.08770646304136,23.253801791808147,23.662067413330078,527100,0.0,0.0
2006-01-11 00:00:00-05:00,23.67075701434411,23.844488003783496,22.150616655624766,22.60231590270996,1520600,0.0,0.0
2006-01-12 00:00:00-05:00,22.671800298320978,23.14955787244418,22.445950751172628,22.723918914794922,820700,0.0,0.0
2006-01-13 00:00:00-05:00,22.61969091619366,23.08007525383425,22.61100420043155,23.045330047607422,579800,0.0,0.0
2006-01-17 00:00:00-05:00,23.019263090921598,23.55782771110672,22.567563945840025,22.715234756469727,934500,0.0,0.0
2006-01-18 00:00:00-05:00,22.715235070016057,23.627320085961497,22.541505774232036,23.444902420043945,720900,0.0,0.0
2006-01-19 00:00:00-05:00,23.29724693055433,23.966109384144215,23.236441554195657,23.879243850708008,526800,0.0,0.0
2006-01-20 00:00:00-05:00,23.88791992273259,23.92266678334907,22.50676369283615,22.60231590270996,495800,0.0,0.0
2006-01-23 00:00:00-05:00,22.723926212369705,23.071386528481177,22.53282345271376,22.776044845581055,400100,0.0,0.0
2006-01-24 00:00:00-05:00,22.66312571037477,23.592582876033646,22.66312571037477,23.418851852416992,478100,0.0,0.0
2006-01-25 00:00:00-05:00,23.32329986598419,23.514402654914452,22.82816863257536,23.123510360717773,459800,0.0,0.0
2006-01-26 00:00:00-05:00,23.31460477953682,23.3580366888035,22.854218919932723,23.349349975585938,363200,0.0,0.0
2006-01-27 00:00:00-05:00,23.34935165693581,24.1658845331516,23.088756868928407,23.696813583374023,531700,0.0,0.0
2006-01-30 00:00:00-05:00,23.818430670110413,24.574158409518187,23.71419173277697,24.539411544799805,571400,0.0,0.0
2006-01-31 00:00:00-05:00,24.495979320818066,25.47755504159103,24.191950885541274,25.347257614135742,702800,0.0,0.0
2006-02-01 00:00:00-05:00,25.408057153912242,25.616533321484763,24.756568508940134,25.494922637939453,543100,0.0,0.0
2006-02-02 00:00:00-05:00,25.338563774592902,25.75551608796005,24.76525392950777,25.6339054107666,529900,0.0,0.0
2006-02-03 00:00:00-05:00,25.668658095720353,25.6947182442152,24.76526115324777,25.416749954223633,507000,0.0,0.0
2006-02-06 00:00:00-05:00,25.095338633381417,25.529664337146805,24.556775688532134,25.442800521850586,457800,0.0,0.0
2006-02-07 00:00:00-05:00,25.147458440033315,25.538350572012785,24.921608879484243,25.008474349975586,484600,0.0,0.0
2006-02-08 00:00:00-05:00,25.425436893092986,25.772897258625886,24.843440159517236,25.51230239868164,548300,0.0,0.0
2006-02-09 00:00:00-05:00,25.694713521482758,25.842384355501334,24.157199836140165,24.695764541625977,1879100,0.0,0.0
2006-02-10 00:00:00-05:00,24.652331656771292,24.834749354153967,24.235379286784372,24.66101837158203,972600,0.0,0.0
2006-02-13 00:00:00-05:00,25.408065974041936,25.42543940824263,24.800009031592523,25.23433494567871,1404600,0.0,0.0
2006-02-14 00:00:00-05:00,25.13008666772675,26.146408928644718,25.05190790482374,25.69470977783203,1300700,0.0,0.0
2006-02-15 00:00:00-05:00,25.81631592753494,26.050852175154365,25.49491587574909,25.851062774658203,801000,0.0,0.0
2006-02-16 00:00:00-05:00,26.28540001595899,26.37226551525834,25.555732472759,25.877134323120117,1126700,0.0,0.0
2006-02-17 00:00:00-05:00,25.842387378760755,26.059550297910004,25.416748256046816,25.607851028442383,559100,0.0,0.0
2006-02-21 00:00:00-05:00,25.58178689508104,25.868441818848137,25.21695320512099,25.460174560546875,448800,0.0,0.0
2006-02-22 00:00:00-05:00,25.62522893108503,25.75552637394651,24.765263820013004,25.23433494567871,501100,0.0,0.0
2006-02-23 00:00:00-05:00,25.138776086407848,25.92924885698837,25.086655800982673,25.269073486328125,443000,0.0,0.0
2006-02-24 00:00:00-05:00,25.147466362164174,25.34725584745861,24.42648554655339,24.68708038330078,615600,0.0,0.0
2006-02-27 00:00:00-05:00,24.860804550639287,25.26038341147813,24.713133741889905,25.017160415649414,441000,0.0,0.0
2006-02-28 00:00:00-05:00,25.095339113838957,25.303815256819153,24.852117775439286,25.164831161499023,387700,0.0,0.0
2006-03-01 00:00:00-05:00,25.347253278409507,25.355939992996863,24.800001857155994,25.182209014892578,455100,0.0,0.0
2006-03-02 00:00:00-05:00,25.017160415649414,25.18220465056251,24.582834702483133,25.017160415649414,441000,0.0,0.0
2006-03-03 00:00:00-05:00,24.94767783342907,25.373316995008913,24.852127266917176,25.043230056762695,522600,0.0,0.0
2006-03-06 00:00:00-05:00,24.973725829357015,25.104023197972083,23.974777127546922,24.270118713378906,606100,0.0,0.0
2006-03-07 00:00:00-05:00,24.339623253182975,24.730515559767834,23.36673253138299,23.818431854248047,542700,0.0,0.0
2006-03-08 00:00:00-05:00,23.801057007085102,24.313561658962414,23.470970079568,23.983474731445312,526000,0.0,0.0
2006-03-09 00:00:00-05:00,23.93134427352701,24.417790227392857,23.87922565590602,23.992151260375977,373100,0.0,0.0
2006-03-10 00:00:00-05:00,23.88792027930698,24.435170087613265,23.731562717841886,24.03559112548828,272900,0.0,0.0
2006-03-13 00:00:00-05:00,24.13983008418535,24.53940904684189,23.98347252251226,24.426485061645508,582500,0.0,0.0
2006-03-14 00:00:00-05:00,24.322240653001405,25.65127797085317,24.18325655324423,25.520978927612305,632900,0.0,0.0
2006-03-15 00:00:00-05:00,25.642594485677993,25.703399829873934,25.27776076368098,25.408058166503906,403700,0.0,0.0
2006-03-16 00:00:00-05:00,25.416743491662093,25.51229568835935,24.817373483252407,25.034536361694336,443900,0.0,0.0
2006-03-17 00:00:00-05:00,25.2256415359198,25.2256415359198,24.48728739499807,24.756568908691406,691800,0.0,0.0
2006-03-20 00:00:00-05:00,24.60020870023781,25.190891948959983,23.853167926051405,25.156145095825195,640900,0.0,0.0
2006-03-21 00:00:00-05:00,24.313560485839844,25.40806180872666,24.235381701574955,24.313560485839844,630600,0.0,0.0
2006-03-22 00:00:00-05:00,24.49597030977835,24.912922586984696,24.226687181030815,24.878175735473633,393900,0.0,0.0
2006-03-23 00:00:00-05:00,24.88687612921367,24.88687612921367,24.365684667784812,24.48729705810547,301000,0.0,0.0
2006-03-24 00:00:00-05:00,24.487287432926575,24.878179632734362,24.487287432926575,24.73050880432129,309500,0.0,0.0
2006-03-27 00:00:00-05:00,24.652332931190323,25.02585340325437,24.495977026978384,24.574155807495117,216900,0.0,0.0
2006-03-28 00:00:00-05:00,24.66101692755669,24.66970364185878,23.7141866073063,23.80105209350586,479600,0.0,0.0
2006-03-29 00:00:00-05:00,24.261946727481973,24.992414083461018,23.957585052717757,24.94893455505371,734700,0.03,0.0
2006-03-30 00:00:00-05:00,25.001109287318148,25.001109287318148,24.12280924897063,24.261945724487305,345700,0.0,0.0
2006-03-31 00:00:00-05:00,24.496737918320395,25.557653905499464,24.470649208482474,25.45330238342285,708200,0.0,0.0
2006-04-03 00:00:00-04:00,25.957673059438143,26.470739420248055,25.305470227083607,25.618526458740234,846300,0.0,0.0
2006-04-04 00:00:00-04:00,25.67070038512859,25.827229308968224,25.0011051703201,25.140241622924805,490800,0.0,0.0
2006-04-05 00:00:00-04:00,25.131552378662985,25.41852159932193,24.8880643481874,25.148944854736328,325100,0.0,0.0
2006-04-06 00:00:00-04:00,25.105454550416447,25.166326531915118,24.609779146847767,24.940229415893555,487800,0.0,0.0
2006-04-07 00:00:00-04:00,24.453249753911095,24.74021882618427,22.618385942888597,22.8096981048584,1562600,0.0,0.0
2006-04-10 00:00:00-04:00,22.792307972928217,22.905357361893948,22.340115392976653,22.65317153930664,662300,0.0,0.0
2006-04-11 00:00:00-04:00,22.740138935053057,22.974932358060336,22.366209037368336,22.418386459350586,2338500,0.0,0.0
2006-04-12 00:00:00-04:00,22.52273239052007,22.801005270741175,22.17489129024369,22.74013328552246,1196700,0.0,0.0
2006-04-13 00:00:00-04:00,22.679261748652255,22.78361491011674,22.357507687887566,22.60969352722168,778700,0.0,0.0
2006-04-17 00:00:00-04:00,23.13145908839776,23.522779763910837,22.366206892422824,22.44447135925293,1180600,0.0,0.0
2006-04-18 00:00:00-04:00,22.43578034591318,22.844495247534542,22.400997051801188,22.60100555419922,734000,0.0,0.0
2006-04-19 00:00:00-04:00,22.687957983660734,23.305375741527453,22.461860849352046,22.60969352722168,833700,0.0,0.0
2006-04-20 00:00:00-04:00,22.77491589235351,22.77491589235351,22.148800317343056,22.218368530273438,984000,0.0,0.0
2006-04-21 00:00:00-04:00,22.41837859375568,22.583602062817192,21.87922369956746,22.218368530273438,1142000,0.0,0.0
2006-04-24 00:00:00-04:00,22.21837173019831,22.514037092393878,22.009667061349194,22.279245376586914,505100,0.0,0.0
2006-04-25 00:00:00-04:00,22.374905277389946,22.374905277389946,21.522693955216035,21.84444808959961,974000,0.0,0.0
2006-04-26 00:00:00-04:00,21.922704301477115,21.95748923899163,21.505295003125628,21.653127670288086,733500,0.0,0.0
2006-04-27 00:00:00-04:00,21.60094980546778,21.853133943182094,21.227020057022504,21.30528450012207,763500,0.0,0.0
2006-04-28 00:00:00-04:00,21.296604530184645,21.296604530184645,20.287863891708014,20.49656867980957,1396100,0.0,0.0
2006-05-01 00:00:00-04:00,20.661780641001855,21.07049371425122,20.496555501332043,20.844396591186523,805200,0.0,0.0
2006-05-02 00:00:00-04:00,20.887879487232205,21.0357121699456,20.426988968505196,20.696565628051758,600200,0.0,0.0
2006-05-03 00:00:00-04:00,20.827010532128728,20.87049005629099,20.305247948993948,20.557432174682617,480400,0.0,0.0
2006-05-04 00:00:00-04:00,20.64439006928933,21.04440860336581,20.470470337695588,20.870487213134766,758200,0.0,0.0
2006-05-05 00:00:00-04:00,21.08789052362837,21.10528299636003,20.705264416719295,20.740049362182617,368900,0.0,0.0
2006-05-08 00:00:00-04:00,20.71395773596973,21.009623096219883,20.279155930735644,20.45307731628418,706400,0.0,0.0
2006-05-09 00:00:00-04:00,20.52264618231255,20.713958385505183,20.183499635721883,20.470470428466797,1016500,0.0,0.0
2006-05-10 00:00:00-04:00,20.931361444229804,22.061847284551277,20.731352985085902,21.992279052734375,1743100,0.0,0.0
2006-05-11 00:00:00-04:00,21.853136119602684,22.035753724568107,21.253110874263587,21.47920799255371,1076900,0.0,0.0
2006-05-12 00:00:00-04:00,21.513993665527778,21.513993665527778,21.027016095825125,21.09658432006836,873200,0.0,0.0
2006-05-15 00:00:00-04:00,21.035710664210587,21.23571908573056,20.435683741013484,20.792221069335938,858600,0.0,0.0
2006-05-16 00:00:00-04:00,20.879184280724385,20.93136003641843,19.748698516437663,20.009580612182617,1742100,0.0,0.0
2006-05-17 00:00:00-04:00,19.835662458935946,19.957408120315442,19.131283836641764,19.192155838012695,1144700,0.0,0.0
2006-05-18 00:00:00-04:00,19.38346706049755,20.00088488470555,19.270417651877484,19.626955032348633,844200,0.0,0.0
2006-05-19 00:00:00-04:00,19.56608136794941,19.800874742437745,19.31389552306106,19.574777603149414,798000,0.0,0.0
2006-05-22 00:00:00-04:00,19.470426559448242,19.826963948284135,19.21824234573777,19.470426559448242,542100,0.0,0.0
2006-05-23 00:00:00-04:00,19.661738880844755,19.679129693124338,18.739957825896756,18.79213523864746,948500,0.0,0.0
2006-05-24 00:00:00-04:00,18.713869073647658,18.966053244423836,18.157321665459893,18.661691665649414,1236100,0.0,0.0
2006-05-25 00:00:00-04:00,19.879141367457514,20.461775920267783,19.79218066461588,20.296550750732422,1545500,0.0,0.0
2006-05-26 00:00:00-04:00,20.392204293511586,20.496555792632414,19.66173716511709,20.140018463134766,644900,0.0,0.0
2006-05-30 00:00:00-04:00,20.235672394828068,20.3661125787652,19.444333399154296,19.45302963256836,731200,0.0,0.0
2006-05-31 00:00:00-04:00,19.54868694043263,20.270457803400294,19.49651119309344,20.200889587402344,793500,0.0,0.0
2006-06-01 00:00:00-04:00,20.331329965618817,20.80091667175293,20.140017784584803,20.80091667175293,869500,0.0,0.0
2006-06-02 00:00:00-04:00,20.827019171615696,20.966155697016735,20.296560131875356,20.49656867980957,818200,0.0,0.0
2006-06-05 00:00:00-04:00,20.453076509621607,20.713956919018116,20.079146706486004,20.08784294128418,639500,0.0,0.0
2006-06-06 00:00:00-04:00,20.17480617551067,20.418294146024785,19.192153081646875,20.05306053161621,669700,0.0,0.0
2006-06-07 00:00:00-04:00,20.000890481512595,20.435692448502,19.740009964774103,20.07915496826172,817700,0.0,0.0
2006-06-08 00:00:00-04:00,19.992189840729267,20.77483287723966,19.574780442408724,20.635696411132812,1138000,0.0,0.0
2006-06-09 00:00:00-04:00,20.8530947423842,21.25311327646068,20.670478775415177,20.870487213134766,992700,0.0,0.0
2006-06-12 00:00:00-04:00,20.79222136298785,20.887878287081932,19.974793537384237,20.06175422668457,856900,0.0,0.0
2006-06-13 00:00:00-04:00,20.00088571034699,20.827009914011963,19.609563369950425,19.79218101501465,812900,0.0,0.0
2006-06-14 00:00:00-04:00,19.879140789625758,20.200893224558666,19.59217163963598,20.05306053161621,472800,0.0,0.0
2006-06-15 00:00:00-04:00,20.235682743683853,21.009629668338484,19.99219305947623,20.76613998413086,657100,0.0,0.0
2006-06-16 00:00:00-04:00,20.73135271476898,21.931405112622343,20.713960242382168,21.470516204833984,1823800,0.0,0.0
2006-06-19 00:00:00-04:00,21.479215072993775,21.51399836339213,20.940059973399112,21.26181411743164,595600,0.0,0.0
2006-06-20 00:00:00-04:00,21.30528749581569,21.774874220440743,21.035710853144188,21.19223976135254,354300,0.0,0.0
2006-06-21 00:00:00-04:00,21.2183250670559,21.722695030681496,21.2183250670559,21.48790168762207,552200,0.0,0.0
2006-06-22 00:00:00-04:00,21.461811100911458,21.731387676971856,21.113970090085658,21.687908172607422,595200,0.0,0.0
2006-06-23 00:00:00-04:00,21.627053839340597,21.696622098236855,21.33138832437196,21.557485580444336,360100,0.0,0.0
2006-06-26 00:00:00-04:00,21.661836651868153,21.783580687536656,20.974850318061215,21.287906646728516,502600,0.0,0.0
2006-06-27 00:00:00-04:00,21.235718020117922,21.4009431533003,20.48785846231702,20.505250930786133,525200,0.0,0.0
2006-06-28 00:00:00-04:00,20.609739512104397,20.810002741429074,19.956705942849823,20.548789978027344,383800,0.03,0.0
2006-06-29 00:00:00-04:00,20.775179937783957,21.410799026489258,20.505258137853787,21.410799026489258,748400,0.0,0.0
2006-06-30 00:00:00-04:00,21.332434187625584,21.637183579598922,20.940613303552635,21.593647003173828,864400,0.0,0.0
2006-07-03 00:00:00-04:00,21.680716477746845,22.159608809355465,21.637181566123527,22.098657608032227,414700,0.0,0.0
2006-07-05 00:00:00-04:00,21.91580580071048,22.02029189846931,21.49786473117552,21.637178421020508,754200,0.0,0.0
2006-07-06 00:00:00-04:00,21.66329865569768,21.91580575599539,21.611056437299947,21.863563537597656,448500,0.0,0.0
2006-07-07 00:00:00-04:00,21.854856122694137,22.24667524997889,21.619763649873182,21.750370025634766,699300,0.0,0.0
2006-07-10 00:00:00-04:00,21.750370451856373,22.298919565854668,21.71554285932088,21.9070987701416,329300,0.0,0.0
2006-07-11 00:00:00-04:00,21.56752462190849,21.73295861399348,20.853541445435205,21.375967025756836,714600,0.0,0.0
2006-07-12 00:00:00-04:00,21.30630950927831,21.45433052863907,20.88836839370101,20.949317932128906,299700,0.0,0.0
2006-07-13 00:00:00-04:00,20.897081408234012,21.2801950323952,20.444310912475412,20.505260467529297,630400,0.0,0.0
2006-07-14 00:00:00-04:00,20.461722769890248,20.461722769890248,19.74773951768226,20.087316513061523,686000,0.0,0.0
2006-07-17 00:00:00-04:00,19.93929552055803,20.68810803598639,19.895760604393843,20.139558792114258,387300,0.0,0.0
2006-07-18 00:00:00-04:00,20.200505739908287,20.801295427882316,19.268843119408217,20.548789978027344,509000,0.0,0.0
2006-07-19 00:00:00-04:00,20.644564596355963,21.63717663028886,20.635858944617556,21.236648559570312,711400,0.0,0.0
2006-07-20 00:00:00-04:00,21.22794681798245,21.375967847631546,20.635864360136537,20.74034881591797,634300,0.0,0.0
2006-07-21 00:00:00-04:00,20.618444404901588,20.618444404901588,20.156966805605627,20.33981704711914,599100,0.0,0.0
2006-07-24 00:00:00-04:00,20.479129711807943,21.39337589184849,20.479129711807943,20.870948791503906,429700,0.0,0.0
2006-07-25 00:00:00-04:00,20.836125049381614,21.375965212795233,20.653274783176805,21.21053123474121,402200,0.0,0.0
2006-07-26 00:00:00-04:00,21.07121866973506,21.1495828364996,20.72293274600361,20.949317932128906,336600,0.0,0.0
2006-07-27 00:00:00-04:00,21.114760746295275,21.288903767266124,20.36594808117193,20.522676467895508,443300,0.0,0.0
2006-07-28 00:00:00-04:00,20.67068797113834,21.436914915900505,20.627153066418966,21.367258071899414,472300,0.0,0.0
2006-07-31 00:00:00-04:00,21.36726085348871,21.410795763875452,20.67939797627557,21.11475372314453,571700,0.0,0.0
2006-08-01 00:00:00-04:00,20.89707470278659,21.045095715028005,20.148262327829976,20.20050621032715,573600,0.0,0.0
2006-08-02 00:00:00-04:00,20.165665725616616,20.496536820844423,19.852209248190135,19.965402603149414,671900,0.0,0.0
2006-08-03 00:00:00-04:00,19.991530688038306,21.271477364299912,19.808682111858083,21.079919815063477,1122800,0.0,0.0
2006-08-04 00:00:00-04:00,21.31501224053114,21.759075203135957,20.21791580246336,20.574907302856445,942200,0.0,0.0
2006-08-07 00:00:00-04:00,20.461716193768833,20.470423506332786,19.843511948478827,20.165674209594727,712700,0.0,0.0
2006-08-08 00:00:00-04:00,20.400771505456877,20.635864018195285,19.887051567584262,20.026365280151367,743700,0.0,0.0
2006-08-09 00:00:00-04:00,20.24404452142197,20.24404452142197,19.59101082718255,19.651960372924805,653800,0.0,0.0
2006-08-10 00:00:00-04:00,19.460405128135193,20.714230331678632,19.242727222139834,20.24404525756836,831300,0.0,0.0
2006-08-11 00:00:00-04:00,20.339817517379196,20.339817517379196,19.06857809216795,19.260135650634766,518000,0.0,0.0
2006-08-14 00:00:00-04:00,19.49522965185988,20.20050715168558,19.27755178022857,19.721614837646484,505000,0.0,0.0
2006-08-15 00:00:00-04:00,20.02636342965775,20.383354992717713,19.869635102314295,20.07860565185547,380500,0.0,0.0
2006-08-16 00:00:00-04:00,20.14826140506557,21.03638743783904,20.14826140506557,20.89707374572754,689100,0.0,0.0
2006-08-17 00:00:00-04:00,20.88836082975135,21.210524694318064,20.52266207085794,20.783876419067383,417300,0.0,0.0
2006-08-18 00:00:00-04:00,20.870948807272114,20.870948807272114,20.461715103080493,20.644563674926758,377500,0.0,0.0
2006-08-21 00:00:00-04:00,20.487845110153383,20.487845110153383,19.9044682556558,20.24404525756836,297300,0.0,0.0
2006-08-22 00:00:00-04:00,20.19180021550257,20.635863281232943,20.113436047388365,20.435598373413086,394100,0.0,0.0
2006-08-23 00:00:00-04:00,20.54878862706252,20.975436998302467,20.522666688139616,20.810001373291016,430400,0.0,0.0
2006-08-24 00:00:00-04:00,20.74034509045892,20.9406083120267,20.14826107821489,20.287574768066406,367300,0.0,0.0
2006-08-25 00:00:00-04:00,20.209209751502254,20.48783878012011,20.03506847695997,20.26145362854004,232300,0.0,0.0
2006-08-28 00:00:00-04:00,20.33981897728154,21.15828650324905,20.104726499062053,20.89707374572754,356400,0.0,0.0
2006-08-29 00:00:00-04:00,20.9144859097616,21.454325987940283,20.74034298475234,21.140871047973633,396500,0.0,0.0
2006-08-30 00:00:00-04:00,21.140871001206897,21.28889198891232,20.740342938871628,21.079919815063477,337600,0.0,0.0
2006-08-31 00:00:00-04:00,21.184411060396357,21.19311837482279,20.66198382006313,21.04509735107422,399100,0.0,0.0
2006-09-01 00:00:00-04:00,21.245364723801643,21.288901304383135,20.60103827795221,21.036394119262695,342700,0.0,0.0
2006-09-05 00:00:00-04:00,21.132164704642665,21.332427915061178,20.78388049940393,21.28018569946289,409600,0.0,0.0
2006-09-06 00:00:00-04:00,21.1321660480347,21.21923752006712,20.44430324580377,20.45301055908203,380000,0.0,0.0
2006-09-07 00:00:00-04:00,20.331112592417377,21.33243042297856,20.287576023675413,20.757761001586914,456000,0.0,0.0
2006-09-08 00:00:00-04:00,20.87094681195699,20.984140197683082,20.37464169496518,20.81870460510254,321300,0.0,0.0
2006-09-11 00:00:00-04:00,20.705515396200493,21.245355474379178,20.426886384035672,21.140871047973633,556900,0.0,0.0
2006-09-12 00:00:00-04:00,21.158288791415064,22.029000291650256,20.98414748781826,21.889686584472656,617000,0.0,0.0
2006-09-13 00:00:00-04:00,21.959340782463723,22.055119567346953,21.628471183117405,21.968048095703125,561100,0.0,0.0
2006-09-14 00:00:00-04:00,21.82002455676499,21.889681393836266,21.454325746953288,21.654590606689453,585900,0.0,0.0
2006-09-15 00:00:00-04:00,22.055121005941086,22.159607110879055,21.637179907689806,21.759078979492188,962800,0.0,0.0
2006-09-18 00:00:00-04:00,21.62847655876807,21.9158113240832,21.50657746461941,21.645891189575195,430200,0.0,0.0
2006-09-19 00:00:00-04:00,22.063826266748038,22.534009543343423,21.680712798623922,22.438232421875,674800,0.0,0.0
2006-09-20 00:00:00-04:00,22.39470006517229,22.61237794875552,22.10736532527245,22.255386352539062,590100,0.0,0.0
2006-09-21 00:00:00-04:00,22.42081988209853,22.49918404561443,21.732957038070122,21.759078979492188,385200,0.0,0.0
2006-09-22 00:00:00-04:00,21.680715075895147,22.359870614258245,21.61105822535152,22.02899932861328,366300,0.0,0.0
2006-09-25 00:00:00-04:00,22.15089935518919,22.490476283150436,21.78520048632698,22.446941375732422,422800,0.0,0.0
2006-09-26 00:00:00-04:00,22.35987493405316,22.690744622869865,22.046418215673707,22.62979507446289,672300,0.0,0.0
2006-09-27 00:00:00-04:00,22.46435479038501,22.61237580360946,21.67200750216893,21.759078979492188,464100,0.0,0.0
2006-09-28 00:00:00-04:00,21.759076433104408,22.03804035841667,21.39293971054619,21.602161407470703,389600,0.03,0.0
2006-09-29 00:00:00-04:00,21.663191304971992,21.916000314870928,21.331922262384268,21.375511169433594,466000,0.0,0.0
2006-10-02 00:00:00-04:00,21.46267939182773,21.71548830833147,20.904753226938546,21.44524383544922,532600,0.0,0.0
2006-10-03 00:00:00-04:00,21.59344758645009,22.16008999398169,21.209873573749366,21.750364303588867,502600,0.0,0.0
2006-10-04 00:00:00-04:00,21.671910649498045,22.404187713275316,21.663192867459397,22.081636428833008,482500,0.0,0.0
2006-10-05 00:00:00-04:00,22.125213815960677,22.299566053538015,21.523702088085805,22.24726104736328,485200,0.0,0.0
2006-10-06 00:00:00-04:00,22.24725996344246,22.35186997069517,21.6718999353143,21.9421443939209,515800,0.0,0.0
2006-10-09 00:00:00-04:00,21.9247190892808,22.247270365067436,21.349358792145164,22.22111701965332,307300,0.0,0.0
2006-10-10 00:00:00-04:00,22.32572068945394,22.386743477339422,21.915993406086404,22.020605087280273,340500,0.0,0.0
2006-10-11 00:00:00-04:00,22.003173604885383,22.57853380114117,21.863692445959533,22.343158721923828,439900,0.0,0.0
2006-10-12 00:00:00-04:00,21.96830094862701,23.162608405918988,21.96830094862701,23.12773895263672,496200,0.0,0.0
2006-10-13 00:00:00-04:00,23.162605464356464,23.162605464356464,22.51750486446963,22.70057487487793,385200,0.0,0.0
2006-10-16 00:00:00-04:00,22.700578948591872,23.07543348908548,22.48263945021943,22.65699005126953,383900,0.0,0.0
2006-10-17 00:00:00-04:00,22.334435073683057,23.04055841049827,22.00316618587127,22.80518341064453,436900,0.0,0.0
2006-10-18 00:00:00-04:00,22.447770587871926,22.700581229504184,21.83753926601561,22.09906768798828,1002600,0.0,0.0
2006-10-19 00:00:00-04:00,22.125217058190472,22.50007325999087,22.064194264919973,22.38674545288086,533800,0.0,0.0
2006-10-20 00:00:00-04:00,22.534946784540775,23.0580019670396,22.22983112285424,22.735450744628906,511100,0.0,0.0
2006-10-23 00:00:00-04:00,22.656992744224162,23.336964658554688,22.561098821463716,22.90980339050293,708500,0.0,0.0
2006-10-24 00:00:00-04:00,22.944667373183606,23.345676866764624,22.48263675615622,22.866209030151367,495500,0.0,0.0
2006-10-25 00:00:00-04:00,22.979539917193218,23.302089425072438,22.439049260745275,22.88364601135254,487300,0.0,0.0
2006-10-26 00:00:00-04:00,23.101595430118163,23.39799339129793,22.78776190351675,23.3282527923584,646700,0.0,0.0
2006-10-27 00:00:00-04:00,23.345674471930696,23.371826141761286,22.473916672328674,22.7615966796875,634900,0.0,0.0
2006-10-30 00:00:00-05:00,22.970826296769022,23.450292587280273,22.79647401144859,23.450292587280273,737100,0.0,0.0
2006-10-31 00:00:00-05:00,23.537461872701577,23.537461872701577,22.805185148086725,23.241064071655273,810400,0.0,0.0
2006-11-01 00:00:00-05:00,23.092873859467186,23.319531184528664,22.718017578125,22.718017578125,740000,0.0,0.0
2006-11-02 00:00:00-05:00,22.7005750644032,22.744162291521118,22.19495391845703,22.19495391845703,594400,0.0,0.0
2006-11-03 00:00:00-05:00,22.369307489777455,22.578529185394878,22.186239129642043,22.430330276489258,393800,0.0,0.0
2006-11-06 00:00:00-05:00,22.40418346123277,23.223634864380752,22.40418346123277,23.005695343017578,448200,0.0,0.0
2006-11-07 00:00:00-05:00,23.06671875455458,23.72053733597955,23.058002636685952,23.50259780883789,579800,0.0,0.0
2006-11-08 00:00:00-05:00,23.25850063475834,23.711815133957383,23.24106507800156,23.66822624206543,694000,0.0,0.0
2006-11-09 00:00:00-05:00,23.642083564874703,23.65951746551842,23.310814511441443,23.441577911376953,475700,0.0,0.0
2006-11-10 00:00:00-05:00,23.406699978702463,23.746685028076172,23.345677191660645,23.746685028076172,731400,0.0,0.0
2006-11-13 00:00:00-05:00,23.798991306013633,24.191283047559068,23.563617923832698,24.07795524597168,387400,0.0,0.0
2006-11-14 00:00:00-05:00,23.85130220881861,24.470249663276444,23.554904321044074,24.45281410217285,429200,0.0,0.0
2006-11-15 00:00:00-05:00,22.317009927504962,22.831347391033447,21.30577056325328,22.62212562561035,3572000,0.0,0.0
2006-11-16 00:00:00-05:00,22.604682328541386,23.023125716215844,22.55237732076863,22.866209030151367,1192100,0.0,0.0
2006-11-17 00:00:00-05:00,22.796474321077476,22.979544389425104,22.456489189106136,22.64827537536621,713100,0.0,0.0
2006-11-20 00:00:00-05:00,22.78775504353254,22.848777841391055,22.23854820005933,22.360593795776367,624300,0.0,0.0
2006-11-21 00:00:00-05:00,22.29085658329703,22.752889021156438,22.238551557627954,22.62212562561035,520900,0.0,0.0
2006-11-22 00:00:00-05:00,22.665710023231227,22.665710023231227,22.439052723469324,22.587251663208008,626900,0.0,0.0
2006-11-24 00:00:00-05:00,22.62211732143582,22.62211732143582,22.3170017353329,22.517505645751953,348600,0.0,0.0
2006-11-27 00:00:00-05:00,22.369308196321683,22.50878933113887,21.76779476320613,21.950864791870117,836800,0.0,0.0
2006-11-28 00:00:00-05:00,21.942147285857754,22.19495622232665,21.610880002235607,21.88112449645996,597000,0.0,0.0
2006-11-29 00:00:00-05:00,22.14265710626886,22.290856061148773,21.8026719532636,22.05548095703125,600600,0.0,0.0
2006-11-30 00:00:00-05:00,21.97702478689943,22.133941538670918,21.793956351663972,21.985742568969727,608800,0.0,0.0
2006-12-01 00:00:00-05:00,22.020602543279526,22.27341144427657,21.698051421046255,21.7939453125,827700,0.0,0.0
2006-12-04 00:00:00-05:00,21.94214102280193,22.23853876905717,21.89855380360091,22.116493225097656,470600,0.0,0.0
2006-12-05 00:00:00-05:00,22.264705928676847,22.447774358335067,21.916001307476094,22.22111701965332,752000,0.0,0.0
2006-12-06 00:00:00-05:00,22.177524771922418,22.404182059488626,22.099066416120788,22.229829788208008,590600,0.0,0.0
2006-12-07 00:00:00-05:00,22.334431434201502,22.622111388451074,22.125208137705688,22.1513614654541,529300,0.0,0.0
2006-12-08 00:00:00-05:00,22.08162613030277,22.4041772643122,21.88984000313935,22.19495391845703,376300,0.0,0.0
2006-12-11 00:00:00-05:00,22.203672693055793,22.343153821389183,21.959581549845467,22.10778045654297,823200,0.0,0.0
2006-12-12 00:00:00-05:00,22.107789966794652,22.25598893724387,21.916002085773947,22.133941650390625,683600,0.0,0.0
2006-12-13 00:00:00-05:00,22.639554686692893,22.857494186936268,22.255982363441987,22.317005157470703,648200,0.0,0.0
2006-12-14 00:00:00-05:00,22.317008841889276,22.569817839280855,22.08163374370812,22.16880989074707,562900,0.0,0.0
2006-12-15 00:00:00-05:00,22.090345595163146,22.622118452889445,22.01188725016267,22.142650604248047,1068000,0.0,0.0
2006-12-18 00:00:00-05:00,22.22983325550647,22.665712338947774,21.968306470540387,22.05548095703125,560200,0.0,0.0
2006-12-19 00:00:00-05:00,21.977023986660367,21.994459550166084,21.523710974739682,21.80267333984375,852700,0.0,0.0
2006-12-20 00:00:00-05:00,21.88984380163908,21.907277697863837,21.645750964281874,21.70677375793457,433100,0.0,0.0
2006-12-21 00:00:00-05:00,21.793948753693613,22.255981065860595,21.462681464245858,21.59344482421875,616100,0.0,0.0
2006-12-22 00:00:00-05:00,21.67190450929827,22.186241864625284,21.602163935495273,21.759078979492188,600800,0.0,0.0
2006-12-26 00:00:00-05:00,21.828827400699875,22.194964269841606,21.828827400699875,22.081636428833008,589800,0.0,0.0
2006-12-27 00:00:00-05:00,22.12526978877482,22.430747214796963,22.09908543864102,22.343467712402344,661600,0.03,0.0
2006-12-28 00:00:00-05:00,22.343467024278144,22.614031975122487,22.24745940812906,22.38710594177246,824700,0.0,0.0
2006-12-29 00:00:00-05:00,22.692585124310757,22.692585124310757,22.25618925653555,22.264917373657227,511800,0.0,0.0
2007-01-03 00:00:00-05:00,22.448207355102703,22.89333142954795,22.369655949923043,22.631494522094727,963800,0.0,0.0
2007-01-04 00:00:00-05:00,22.710036421645736,23.347173850558622,22.70130830642145,23.19007110595703,785800,0.0,0.0
2007-01-05 00:00:00-05:00,23.198803314320596,23.198803314320596,22.55293765622849,23.02424430847168,883100,0.0,0.0
2007-01-08 00:00:00-05:00,23.382084009589498,23.565369417102517,22.902047707817964,23.513002395629883,800900,0.0,0.0
2007-01-09 00:00:00-05:00,23.70502357818851,23.84467012372308,23.390818018376653,23.79230308532715,777400,0.0,0.0
2007-01-10 00:00:00-05:00,23.705018997192383,23.914488775014195,23.294807557047722,23.705018997192383,633400,0.0,0.0
2007-01-11 00:00:00-05:00,23.722478915674948,24.29852131040594,23.574104258564358,24.272336959838867,630400,0.0,0.0
2007-01-12 00:00:00-05:00,24.281069774113988,24.30725412974669,23.85340195375691,24.211246490478516,534900,0.0,0.0
2007-01-16 00:00:00-05:00,23.766116373542445,24.865834058952164,23.60901360923849,24.813467025756836,1043700,0.0,0.0
2007-01-17 00:00:00-05:00,24.691273331676328,24.80473549878481,23.61773847811642,23.7835693359375,670000,0.0,0.0
2007-01-18 00:00:00-05:00,23.6875645815788,23.90576249162199,23.216257961538844,23.43445587158203,486900,0.0,0.0
2007-01-19 00:00:00-05:00,23.31226306995319,23.958130325360678,23.268624155404144,23.91448974609375,362800,0.0,0.0
2007-01-22 00:00:00-05:00,24.001772161346253,24.001772161346253,23.015518255919616,23.286083221435547,533400,0.0,0.0
2007-01-23 00:00:00-05:00,23.163893691769474,23.443186783578305,23.024245481146917,23.23371696472168,570500,0.0,0.0
2007-01-24 00:00:00-05:00,23.29480655953276,23.99303912237288,23.21625518812353,23.923215866088867,598800,0.0,0.0
2007-01-25 00:00:00-05:00,23.91448521170204,24.001764688969075,23.25989162927561,23.390810012817383,457000,0.0,0.0
2007-01-26 00:00:00-05:00,23.4519149007871,23.495553822112925,22.902055169660088,23.23371696472168,493500,0.0,0.0
2007-01-29 00:00:00-05:00,23.094071428267444,23.80976213979836,23.085344974766315,23.591564178466797,469200,0.0,0.0
2007-01-30 00:00:00-05:00,23.600289893561225,23.792303480682406,23.32972325046363,23.478097915649414,465800,0.0,0.0
2007-01-31 00:00:00-05:00,23.320994168072417,23.73993545901932,23.12898058889707,23.68756675720215,478200,0.0,0.0
2007-02-01 00:00:00-05:00,23.8272108451859,23.8272108451859,23.57410213801097,23.739933013916016,468000,0.0,0.0
2007-02-02 00:00:00-05:00,23.888307063251474,24.20251091038395,23.574101551401114,23.91448974609375,532500,0.0,0.0
2007-02-05 00:00:00-05:00,23.914491573744595,23.914491573744595,23.53046277043586,23.6439266204834,625700,0.0,0.0
2007-02-06 00:00:00-05:00,23.582834446700165,23.661385840582476,23.312267794564114,23.425731658935547,774900,0.0,0.0
2007-02-07 00:00:00-05:00,23.547920813597667,23.862126373613876,23.128981176721478,23.65265655517578,748900,0.0,0.0
2007-02-08 00:00:00-05:00,23.52173839508969,23.835942293972362,23.294812339680004,23.62647247314453,625700,0.0,0.0
2007-02-09 00:00:00-05:00,23.59156092716209,23.731207469991233,23.207532102022892,23.259899139404297,436900,0.0,0.0
2007-02-12 00:00:00-05:00,23.26862247825783,23.62646687886467,23.094063503207668,23.19007110595703,441200,0.0,0.0
2007-02-13 00:00:00-05:00,23.32098987891282,23.766113774183733,23.32098987891282,23.600284576416016,292000,0.0,0.0
2007-02-14 00:00:00-05:00,23.62646725779103,23.914488405940705,23.54791588423041,23.600284576416016,239800,0.0,0.0
2007-02-15 00:00:00-05:00,23.469372584423155,23.79230630512308,23.320997901623464,23.41700553894043,307100,0.0,0.0
2007-02-16 00:00:00-05:00,23.41700164573564,23.460640565596307,23.128980446388205,23.286083221435547,249200,0.0,0.0
2007-02-20 00:00:00-05:00,23.320994168072417,23.818486847026985,23.172619509026617,23.68756675720215,319900,0.0,0.0
2007-02-21 00:00:00-05:00,23.530456932425913,23.83593427597854,23.399538546536956,23.801023483276367,355100,0.0,0.0
2007-02-22 00:00:00-05:00,23.862127372967816,24.089053435292357,23.68756835126641,23.993045806884766,425000,0.0,0.0
2007-02-23 00:00:00-05:00,23.931940908105787,23.958125250119107,23.382083043566336,23.443178176879883,410500,0.0,0.0
2007-02-26 00:00:00-05:00,23.417002431951925,23.417002431951925,23.102796871307916,23.23371696472168,368400,0.0,0.0
2007-02-27 00:00:00-05:00,23.08533802443354,23.12024882208242,22.221272892753646,22.27364158630371,607000,0.0,0.0
2007-02-28 00:00:00-05:00,22.273641079524847,22.69258063008648,22.037986958064753,22.299823760986328,502000,0.0,0.0
2007-03-01 00:00:00-05:00,22.439474026358074,22.63148926764668,21.819792712390846,22.308555603027344,404300,0.0,0.0
2007-03-02 00:00:00-05:00,22.151451198965606,22.518023756145556,21.715055376833188,21.723783493041992,375400,0.0,0.0
2007-03-05 00:00:00-05:00,21.68014508858023,22.238731221388097,21.557954788208008,21.557954788208008,472300,0.0,0.0
2007-03-06 00:00:00-05:00,21.75870050872851,22.142729378646038,21.619053949616372,21.950714111328125,658500,0.0,0.0
2007-03-07 00:00:00-05:00,21.91580178324099,22.352197666365864,21.83725039110106,22.21255111694336,565200,0.0,0.0
2007-03-08 00:00:00-05:00,22.31727948077085,22.570389827221625,22.090353479899807,22.491838455200195,510400,0.0,0.0
2007-03-09 00:00:00-05:00,22.701305234001286,23.312258234554257,22.579114966834197,23.14642906188965,761800,0.0,0.0
2007-03-12 00:00:00-04:00,23.102799732640413,23.320997695730128,22.963153169440464,23.163896560668945,505900,0.0,0.0
2007-03-13 00:00:00-04:00,23.02424416870068,23.02424416870068,22.29982712884601,22.343467712402344,402400,0.0,0.0
2007-03-14 00:00:00-04:00,22.29982712884601,22.62276078829069,22.14272602219735,22.343467712402344,644000,0.0,0.0
2007-03-15 00:00:00-04:00,22.31727733201402,22.989327154727473,22.31727733201402,22.945688247680664,432300,0.0,0.0
2007-03-16 00:00:00-04:00,22.928238362158044,23.312265511621774,22.710040437123542,22.884597778320312,861500,0.0,0.0
2007-03-19 00:00:00-04:00,22.99805445259353,23.294803671185768,22.90204686283794,23.14642906188965,353300,0.0,0.0
2007-03-20 00:00:00-04:00,23.094066174949717,23.565374463279934,23.085339723433634,23.5566463470459,275100,0.0,0.0
2007-03-21 00:00:00-04:00,23.539193837538964,24.115236282348633,23.443187873216164,24.115236282348633,363100,0.0,0.0
2007-03-22 00:00:00-04:00,24.071590260131966,24.15014163077874,23.478091755119767,23.521732330322266,384300,0.0,0.0
2007-03-23 00:00:00-04:00,23.556649182618493,23.835942276855032,23.434458870069545,23.7661190032959,269200,0.0,0.0
2007-03-26 00:00:00-04:00,23.678847567274456,23.78358334567661,23.137717428899713,23.321002960205078,297400,0.0,0.0
2007-03-27 00:00:00-04:00,23.268626583716554,23.43445747280122,22.832230733812313,23.02424430847168,290600,0.0,0.0
2007-03-28 00:00:00-04:00,22.884439666620096,22.998031033195513,22.55240028749806,22.753372192382812,279700,0.03,0.0
2007-03-29 00:00:00-04:00,22.94560764857714,23.26890735335334,22.69220905118871,23.242694854736328,430800,0.0,0.0
2007-03-30 00:00:00-04:00,23.268906786726617,23.56599398565136,22.998033752394132,23.44366455078125,437000,0.0,0.0
2007-04-02 00:00:00-04:00,23.531043432808566,23.539781487672652,23.137839296992418,23.44366455078125,465700,0.0,0.0
2007-04-03 00:00:00-04:00,23.600942418987277,24.029097038960618,23.53977771136441,23.732009887695312,516000,0.0,0.0
2007-04-04 00:00:00-04:00,23.889287281026014,24.45724732246578,23.7582198355573,24.221324920654297,677300,0.0,0.0
2007-04-05 00:00:00-04:00,24.212592443679267,24.465991007661607,24.151427732818252,24.160165786743164,365500,0.0,0.0
2007-04-09 00:00:00-04:00,24.28249964558062,24.48346990894311,23.845606899168132,24.369876861572266,412900,0.0,0.0
2007-04-10 00:00:00-04:00,24.45725245115629,24.597057977855233,24.151427236522352,24.492204666137695,360200,0.0,0.0
2007-04-11 00:00:00-04:00,24.50967955799334,24.50967955799334,23.95045744090788,24.195117950439453,534100,0.0,0.0
2007-04-12 00:00:00-04:00,24.186375409956117,24.195113462241338,23.33006628536117,23.627153396606445,1042800,0.0,0.0
2007-04-13 00:00:00-04:00,23.600940704345703,23.94171643155142,23.242688871485033,23.600940704345703,1221700,0.0,0.0
2007-04-16 00:00:00-04:00,23.749483982427268,24.230065215843563,23.749483982427268,24.151424407958984,538000,0.0,0.0
2007-04-17 00:00:00-04:00,24.10773931412183,24.509679798060585,24.10773931412183,24.352399826049805,445700,0.0,0.0
2007-04-18 00:00:00-04:00,24.29123120757206,24.710649427422016,24.23880455507078,24.422300338745117,369200,0.0,0.0
2007-04-19 00:00:00-04:00,24.282491886444475,24.68443228473493,24.168898875370715,24.308704376220703,619600,0.0,0.0
2007-04-20 00:00:00-04:00,24.649482423375584,24.763075445265837,24.30870669093121,24.52715301513672,412000,0.0,0.0
2007-04-23 00:00:00-04:00,24.361129510847217,24.579575800697977,24.24753817343451,24.562101364135742,564500,0.0,0.0
2007-04-24 00:00:00-04:00,24.56210817480739,24.666961489706626,24.037836600471024,24.317447662353516,486300,0.0,0.0
2007-04-25 00:00:00-04:00,24.40482608550958,24.990262360503166,24.16016557757036,24.614534378051758,731600,0.0,0.0
2007-04-26 00:00:00-04:00,24.56210585649069,24.73686192036604,24.265018714628038,24.422300338745117,489100,0.0,0.0
2007-04-27 00:00:00-04:00,24.396085754563806,24.439774353118917,23.828125640281343,23.880552291870117,773600,0.0,0.0
2007-04-30 00:00:00-04:00,24.020356270229495,24.352395597810197,23.740745257496126,23.77569580078125,943500,0.0,0.0
2007-05-01 00:00:00-04:00,23.810648817911535,24.2388034040015,23.714531904045955,24.055309295654297,1014600,0.0,0.0
2007-05-02 00:00:00-04:00,24.04657224195243,24.04657224195243,23.268902179173274,23.522300720214844,1430900,0.0,0.0
2007-05-03 00:00:00-04:00,23.32133257165813,24.160165747734897,23.32133257165813,23.871816635131836,1544400,0.0,0.0
2007-05-04 00:00:00-04:00,23.819391019717564,23.976672663762006,22.90191531832946,23.050458908081055,1253900,0.0,0.0
2007-05-07 00:00:00-04:00,23.02424421403804,23.40871023315711,22.971817559898753,23.251428604125977,731900,0.0,0.0
2007-05-08 00:00:00-04:00,23.085411420356344,23.14657613457474,22.639780645405015,23.0155086517334,1489400,0.0,0.0
2007-05-09 00:00:00-04:00,22.84074774557253,23.190263207078708,22.823273305787808,23.06793212890625,795000,0.0,0.0
2007-05-10 00:00:00-04:00,22.980554188043996,23.04172056289758,22.65725453974155,22.762107849121094,811500,0.0,0.0
2007-05-11 00:00:00-04:00,22.901906885951334,22.980547679018375,22.75336501750563,22.971811294555664,518500,0.0,0.0
2007-05-14 00:00:00-04:00,22.849485141559814,22.980552602548165,22.639776870655812,22.692203521728516,571500,0.0,0.0
2007-05-15 00:00:00-04:00,22.700943783871658,22.971818451769998,22.229100545072424,22.333953857421875,981900,0.0,0.0
2007-05-16 00:00:00-04:00,22.46501914492922,23.032980920234056,22.37764194867911,22.692203521728516,559100,0.0,0.0
2007-05-17 00:00:00-04:00,22.683466307889294,23.10288453182563,22.683466307889294,22.936864852905273,655500,0.0,0.0
2007-05-18 00:00:00-04:00,23.032984618318274,23.041722672668868,22.63104245125815,22.954343795776367,489500,0.0,0.0
2007-05-21 00:00:00-04:00,22.77958729141514,23.146577261201692,22.744636738709232,23.0591983795166,388400,0.0,0.0
2007-05-22 00:00:00-04:00,23.12910381011992,23.644637438045148,22.963085749110178,23.59221076965332,933500,0.0,0.0
2007-05-23 00:00:00-04:00,23.592205001573006,23.592205001573006,23.26890368120455,23.303855895996094,565500,0.0,0.0
2007-05-24 00:00:00-04:00,23.399965978755162,23.58346005292374,23.155305546584216,23.41744041442871,603700,0.0,0.0
2007-05-25 00:00:00-04:00,23.496088077509594,23.52230223860325,23.19900091823479,23.303855895996094,433200,0.0,0.0
2007-05-29 00:00:00-04:00,23.303859006182964,23.48735315848813,23.199004014427473,23.44366455078125,362600,0.0,0.0
2007-05-30 00:00:00-04:00,23.26016681203495,23.801912797169127,23.172787943480415,23.793174743652344,543000,0.0,0.0
2007-05-31 00:00:00-04:00,23.836862976223916,24.28249366785547,23.810648817911535,24.055309295654297,619000,0.0,0.0
2007-06-01 00:00:00-04:00,24.02909622683892,24.39608612678608,23.941717361782313,24.291231155395508,554400,0.0,0.0
2007-06-04 00:00:00-04:00,24.291230466446805,24.369871276106014,24.107736354984105,24.27375602722168,775700,0.0,0.0
2007-06-05 00:00:00-04:00,24.247544896882893,24.38735042782414,24.195118239433274,24.317447662353516,624700,0.0,0.0
2007-06-06 00:00:00-04:00,24.1252165109939,24.18638122508321,24.020361524974042,24.10774040222168,617800,0.0,0.0
2007-06-07 00:00:00-04:00,24.291237046432432,24.317451212290763,23.85434428180873,23.90677261352539,828800,0.0,0.0
2007-06-08 00:00:00-04:00,23.810649886556956,24.20385394582429,23.793173780231026,24.13395118713379,407600,0.0,0.0
2007-06-11 00:00:00-04:00,24.116472575647926,24.238801973995717,23.898026269105124,24.04656982421875,480500,0.0,0.0
2007-06-12 00:00:00-04:00,23.950454515489557,24.002881165909344,23.312591657773776,23.408708572387695,613900,0.0,0.0
2007-06-13 00:00:00-04:00,23.4786079913622,23.723266769622175,23.16404480032746,23.399967193603516,578000,0.0,0.0
2007-06-14 00:00:00-04:00,23.496094419121768,24.18638584804492,23.41745358122891,24.064056396484375,476900,0.0,0.0
2007-06-15 00:00:00-04:00,24.404826557053223,24.42230266508941,23.740749451198525,23.83686637878418,886900,0.0,0.0
2007-06-18 00:00:00-04:00,23.836867382706117,24.14269095315266,23.732012396686258,24.10774040222168,438300,0.0,0.0
2007-06-19 00:00:00-04:00,24.03783095537821,24.23006309862489,23.985404310240572,24.12520980834961,382400,0.0,0.0
2007-06-20 00:00:00-04:00,24.2213257111599,24.396083421897043,23.950452759469073,23.98540496826172,383300,0.0,0.0
2007-06-21 00:00:00-04:00,23.863085697984154,23.898037924051287,23.338813973274284,23.496095657348633,579800,0.0,0.0
2007-06-22 00:00:00-04:00,23.504824789175736,23.53977700197165,22.84074774557253,23.06793212890625,1580000,0.0,0.0
2007-06-25 00:00:00-04:00,22.998023305926708,23.417439749208658,22.91938251448474,23.172780990600586,592100,0.0,0.0
2007-06-26 00:00:00-04:00,22.709680571253752,22.779583331126343,21.67861361317309,21.713565826416016,1696500,0.0,0.0
2007-06-27 00:00:00-04:00,21.60858996612689,21.75731311711391,21.118677428388434,21.722318649291992,957300,0.03,0.0
2007-06-28 00:00:00-04:00,21.057436144563923,21.61733421066069,20.777487111515537,21.337385177612305,1084400,0.0,0.0
2007-06-29 00:00:00-04:00,21.41611783369432,21.512350925079915,20.724993970784666,20.847471237182617,1083400,0.0,0.0
2007-07-02 00:00:00-04:00,20.917458700831528,20.961200105388677,20.672502496879655,20.899961471557617,1001100,0.0,0.0
2007-07-03 00:00:00-04:00,20.969948093358283,21.092427025987863,20.87371667248281,21.066181182861328,857900,0.0,0.0
2007-07-05 00:00:00-04:00,21.127423974887968,21.389877451948106,20.873720782553857,21.302392959594727,739400,0.0,0.0
2007-07-06 00:00:00-04:00,21.2149075572228,21.477359354397105,21.101178890081357,21.372379302978516,468400,0.0,0.0
2007-07-09 00:00:00-04:00,21.293636348612743,21.573585284131937,21.258641897359205,21.521095275878906,623100,0.0,0.0
2007-07-10 00:00:00-04:00,21.46860294139414,21.564834334659654,21.00493652428903,21.10116958618164,654000,0.0,0.0
2007-07-11 00:00:00-04:00,21.0486888713348,21.258650659513915,20.768739820429314,20.952457427978516,475100,0.0,0.0
2007-07-12 00:00:00-04:00,21.083679685399908,21.232402801513672,20.92620795438208,21.232402801513672,550000,0.0,0.0
2007-07-13 00:00:00-04:00,21.267399275933204,21.302393741610373,20.86497293241356,20.952457427978516,488800,0.0,0.0
2007-07-16 00:00:00-04:00,20.864969194254584,21.022440924333345,20.681251619620145,20.821226119995117,454500,0.0,0.0
2007-07-17 00:00:00-04:00,20.82122860428125,21.013694816731704,20.69875131899668,20.786235809326172,448500,0.0,0.0
2007-07-18 00:00:00-04:00,20.71624855078815,20.873720299655663,20.471292311591153,20.786235809326172,490700,0.0,0.0
2007-07-19 00:00:00-04:00,20.882465401715358,21.0311885096619,20.742489239564865,20.978696823120117,394300,0.0,0.0
2007-07-20 00:00:00-04:00,20.987445871248084,21.06618173406024,20.270076159961874,20.532527923583984,714700,0.0,0.0
2007-07-23 00:00:00-04:00,20.53253087761764,20.97870027486811,20.252581844510175,20.64626121520996,780100,0.0,0.0
2007-07-24 00:00:00-04:00,20.47129441738033,20.777489330716495,20.086363621511207,20.10386085510254,631800,0.0,0.0
2007-07-25 00:00:00-04:00,20.25258312907525,20.39255765450718,19.937641281167394,20.21759033203125,651300,0.0,0.0
2007-07-26 00:00:00-04:00,19.95513189427892,20.173842244580264,19.141529124177513,19.64019012451172,830700,0.0,0.0
2007-07-27 00:00:00-04:00,19.613942071771064,19.780162386486943,19.045295558785256,19.316495895385742,694300,0.0,0.0
2007-07-30 00:00:00-04:00,20.09511830569558,20.103866925132746,19.159037718089728,19.832666397094727,840300,0.0,0.0
2007-07-31 00:00:00-04:00,20.12136055259251,20.401309649821975,19.500223701693166,19.517719268798828,705900,0.0,0.0
2007-08-01 00:00:00-04:00,19.430225441770123,19.771414700464582,19.281504015230094,19.701427459716797,599700,0.0,0.0
2007-08-02 00:00:00-04:00,19.83266277677376,20.191347765079342,19.543965062561263,19.788921356201172,683300,0.0,0.0
2007-08-03 00:00:00-04:00,19.83265900282538,19.885149031249828,19.141533342620484,19.19402503967285,824200,0.0,0.0
2007-08-06 00:00:00-04:00,19.220269701099852,19.850156732485573,18.60788157113124,19.806413650512695,1290200,0.0,0.0
2007-08-07 00:00:00-04:00,19.613953875570335,20.296331102988574,19.526469358932864,19.920148849487305,1167700,0.0,0.0
2007-08-08 00:00:00-04:00,20.637511247795285,20.97869890097213,20.121354626071067,20.340065002441406,1216800,0.0,0.0
2007-08-09 00:00:00-04:00,21.101176736989434,21.38987435187458,20.060114932985794,21.27614402770996,1398200,0.0,0.0
2007-08-10 00:00:00-04:00,21.04867872959593,22.0547457722767,20.646252579974487,21.941017150878906,1282800,0.0,0.0
2007-08-13 00:00:00-04:00,22.002265021230517,22.247221260083176,20.91746168110222,21.381128311157227,696600,0.0,0.0
2007-08-14 00:00:00-04:00,21.52109893812013,22.11599136164478,21.07492962047664,21.109922409057617,462000,0.0,0.0
2007-08-15 00:00:00-04:00,21.013691842287816,21.42486671941926,19.841404176239944,19.89389419555664,622400,0.0,0.0
2007-08-16 00:00:00-04:00,19.788917293117898,21.529851838782378,19.465225174005578,21.389877319335938,808200,0.0,0.0
2007-08-17 00:00:00-04:00,21.967268795136135,21.98476435554242,21.013691504948156,21.757307052612305,930500,0.0,0.0
2007-08-20 00:00:00-04:00,21.87103304328795,22.098491987173436,21.617328259044662,21.83603858947754,410300,0.0,0.0
2007-08-21 00:00:00-04:00,21.80105230015267,22.19473167968382,21.381128741071375,21.85354232788086,427600,0.0,0.0
2007-08-22 00:00:00-04:00,22.098499433732883,22.185983929111277,21.704820038844094,22.011014938354492,543700,0.0,0.0
2007-08-23 00:00:00-04:00,22.1597325060947,22.1597325060947,21.59108593210817,21.739809036254883,268000,0.0,0.0
2007-08-24 00:00:00-04:00,21.722316109722716,22.273465564458178,21.687323314619896,22.255970001220703,174700,0.0,0.0
2007-08-27 00:00:00-04:00,22.19473186842986,22.203478815935696,21.748562457376256,21.80980110168457,277500,0.0,0.0
2007-08-28 00:00:00-04:00,21.748565038781067,21.809803690357988,20.759992990493867,20.768741607666016,494600,0.0,0.0
2007-08-29 00:00:00-04:00,20.926211598146168,21.844794630860996,20.716249809772147,21.78355598449707,366900,0.0,0.0
2007-08-30 00:00:00-04:00,21.529847197502896,22.028506524111236,21.337381023283868,21.599834442138672,344400,0.0,0.0
2007-08-31 00:00:00-04:00,21.871043038909686,22.133494887925337,21.48611221420899,21.984771728515625,207900,0.0,0.0
2007-09-04 00:00:00-04:00,21.906024370690034,22.115986057704763,21.792294080665076,21.941017150878906,340900,0.0,0.0
2007-09-05 00:00:00-04:00,21.844794137061104,21.87978860197971,21.092431496218293,21.171167373657227,594200,0.0,0.0
2007-09-06 00:00:00-04:00,21.153663228343767,21.258643251537066,20.78622980991246,20.917455673217773,345200,0.0,0.0
2007-09-07 00:00:00-04:00,20.794982674762228,20.97869858722442,20.401303335732205,20.471290588378906,429400,0.0,0.0
2007-09-10 00:00:00-04:00,20.593769936928982,20.724995829643454,20.077613312774673,20.156349182128906,262200,0.0,0.0
2007-09-11 00:00:00-04:00,20.22633266265608,20.742487521886968,20.147596807991082,20.707494735717773,268200,0.0,0.0
2007-09-12 00:00:00-04:00,20.672504968710292,20.6987508157594,20.235084196325474,20.270078659057617,330500,0.0,0.0
2007-09-13 00:00:00-04:00,20.41005065637735,20.82122553101935,20.1301016635464,20.532527923583984,258700,0.0,0.0
2007-09-14 00:00:00-04:00,20.445046592656237,20.611265276272395,20.27007762517553,20.427549362182617,273700,0.0,0.0
2007-09-17 00:00:00-04:00,20.33131195686573,20.471286433751448,20.235078878271526,20.27882194519043,418600,0.0,0.0
2007-09-18 00:00:00-04:00,20.39255690892422,21.319890191790982,20.217589592845364,21.302392959594727,388800,0.0,0.0
2007-09-19 00:00:00-04:00,21.37237121903132,21.8885276710524,21.2236481452519,21.678565979003906,365500,0.0,0.0
2007-09-20 00:00:00-04:00,21.617334028061556,21.81854885391482,21.50360536008175,21.652328491210938,339000,0.0,0.0
2007-09-21 00:00:00-04:00,22.01975322214014,22.273456304198326,21.827288757522645,21.993507385253906,902400,0.0,0.0
2007-09-24 00:00:00-04:00,21.94102613768197,22.054754805661776,21.477359512719712,21.652328491210938,488700,0.0,0.0
2007-09-25 00:00:00-04:00,21.46861543209535,21.766060065441323,21.15367189621035,21.722318649291992,637000,0.0,0.0
2007-09-26 00:00:00-04:00,21.853696960775,22.291646786276335,21.766106661545532,22.16901969909668,365700,0.03,0.0
2007-09-27 00:00:00-04:00,22.335441657997354,22.335441657997354,21.958804531363054,22.21281623840332,372200,0.0,0.0
2007-09-28 00:00:00-04:00,22.15150304166176,22.405513072472218,22.04639434814453,22.04639434814453,372700,0.0,0.0
2007-10-01 00:00:00-04:00,22.05515945958327,22.668288379141224,21.958809937242062,22.484350204467773,477300,0.0,0.0
2007-10-02 00:00:00-04:00,22.466824780529713,23.123749491484652,22.423030468057757,22.99236488342285,524100,0.0,0.0
2007-10-03 00:00:00-04:00,22.834707207171924,22.96609184125024,22.571937939015292,22.860984802246094,410300,0.0,0.0
2007-10-04 00:00:00-04:00,22.992370951554292,23.114996395355742,22.77339599011092,22.939817428588867,314900,0.0,0.0
2007-10-05 00:00:00-04:00,23.21134525149556,23.360248287859307,22.86098565730036,22.948575973510742,411200,0.0,0.0
2007-10-08 00:00:00-04:00,22.83470916748047,23.298936696432758,22.6507709981094,22.83470916748047,398400,0.0,0.0
2007-10-09 00:00:00-04:00,22.85223457773134,23.263907038342044,22.729609093857285,23.062450408935547,384000,0.0,0.0
2007-10-10 00:00:00-04:00,22.939818731061052,23.34273188108312,22.685806959454254,23.263900756835938,349800,0.0,0.0
2007-10-11 00:00:00-04:00,23.35149164944662,23.35149164944662,22.86974736344025,23.03616714477539,543900,0.0,0.0
2007-10-12 00:00:00-04:00,23.018637693953472,23.62300709968224,22.89601063733027,23.596731185913086,424900,0.0,0.0
2007-10-15 00:00:00-04:00,23.57045904738425,23.693084461694113,23.237617921123487,23.52666473388672,687900,0.0,0.0
2007-10-16 00:00:00-04:00,23.412796845759583,23.728121249008915,23.307689825107122,23.52666473388672,706900,0.0,0.0
2007-10-17 00:00:00-04:00,23.728124490081427,23.771918809560916,23.290174612701772,23.5091495513916,395700,0.0,0.0
2007-10-18 00:00:00-04:00,23.37776042494995,23.841986136452196,23.220098232120552,23.64052963256836,674100,0.0,0.0
2007-10-19 00:00:00-04:00,23.64929379514678,23.64929379514678,22.677044515628396,22.694562911987305,783800,0.0,0.0
2007-10-22 00:00:00-04:00,22.458071511025622,23.325212157863817,22.335446067224172,22.939817428588867,513400,0.0,0.0
2007-10-23 00:00:00-04:00,23.237624521485174,23.640537666172094,22.764637782265105,23.56170654296875,419700,0.0,0.0
2007-10-24 00:00:00-04:00,23.33397247042302,23.693091290677543,22.83470980180802,23.4390811920166,554800,0.0,0.0
2007-10-25 00:00:00-04:00,23.474115815241685,23.570465335415143,23.167552197683257,23.29893684387207,558000,0.0,0.0
2007-10-26 00:00:00-04:00,23.57922249780771,23.92082288252048,23.27265723608397,23.789438247680664,362200,0.0,0.0
2007-10-29 00:00:00-04:00,23.86827177996634,23.920825305095352,23.31645558949559,23.587984085083008,329100,0.0,0.0
2007-10-30 00:00:00-04:00,23.509152962066267,23.84199418207861,23.307696390199677,23.587984085083008,356400,0.0,0.0
2007-10-31 00:00:00-04:00,23.666815496476342,24.078487844521593,23.49163484971649,23.903308868408203,352300,0.0,0.0
2007-11-01 00:00:00-04:00,23.5266688774938,23.69308863461168,23.04492299094417,23.202585220336914,551600,0.0,0.0
2007-11-02 00:00:00-04:00,23.45659624806227,23.509149766046743,22.63325000328985,23.237621307373047,448800,0.0,0.0
2007-11-05 00:00:00-05:00,22.966088213474904,23.211340716821045,22.65952467259973,23.053678512573242,334300,0.0,0.0
2007-11-06 00:00:00-05:00,22.992362188496298,23.815708197503255,22.563171628121854,23.27264976501465,471200,0.0,0.0
2007-11-07 00:00:00-05:00,22.992361655578595,23.106227854407827,22.26536514434232,22.493099212646484,528600,0.0,0.0
2007-11-08 00:00:00-05:00,22.449301726153188,23.798187654489343,22.22156934380778,23.596731185913086,1031500,0.0,0.0
2007-11-09 00:00:00-05:00,23.754404337795638,24.420086744398986,23.421561463847606,24.16607666015625,667700,0.0,0.0
2007-11-12 00:00:00-05:00,23.92081968244492,24.525190926632106,23.736881552405286,24.17483139038086,874900,0.0,0.0
2007-11-13 00:00:00-05:00,24.455119666270786,25.839041124055363,24.358770164760777,25.392332077026367,1038700,0.0,0.0
2007-11-14 00:00:00-05:00,25.506202738002713,25.585032182473203,24.63906047171829,24.77044677734375,788700,0.0,0.0
2007-11-15 00:00:00-05:00,22.86973999303991,24.01716804653623,22.860980796216765,23.62301254272461,1037800,0.0,0.0
2007-11-16 00:00:00-05:00,23.684327968272164,23.806953387929138,22.300404880618675,22.67704200744629,945100,0.0,0.0
2007-11-19 00:00:00-05:00,22.396758603148715,22.396758603148715,21.433268446669135,21.520858764648438,641900,0.0,0.0
2007-11-20 00:00:00-05:00,21.47706161393534,21.774867653476644,20.531089979700067,21.091665267944336,781400,0.0,0.0
2007-11-21 00:00:00-05:00,20.92524901854705,21.932535285417035,20.566130177029535,21.293127059936523,540300,0.0,0.0
2007-11-23 00:00:00-05:00,21.547135873249832,21.82742354791872,21.310642521255588,21.722314834594727,150600,0.0,0.0
2007-11-26 00:00:00-05:00,21.69604408526211,21.69604408526211,20.80262565612793,20.80262565612793,487300,0.0,0.0
2007-11-27 00:00:00-05:00,20.90771851750027,21.47705276898369,20.828887441225366,21.424497604370117,586600,0.0,0.0
2007-11-28 00:00:00-05:00,22.370479559809002,22.598212015915024,21.53837416093176,22.466827392578125,782700,0.0,0.0
2007-11-29 00:00:00-05:00,22.370478886708387,22.580694611851516,22.09018958253814,22.107707977294922,542800,0.0,0.0
2007-11-30 00:00:00-05:00,22.5106241653877,23.044921875,22.47558737359873,23.044921875,923100,0.0,0.0
2007-12-03 00:00:00-05:00,23.202594296405017,23.640544362408843,23.009896868796226,23.062450408935547,450700,0.0,0.0
2007-12-04 00:00:00-05:00,22.80843611684335,23.17631250197313,22.51938752170432,23.114999771118164,798200,0.0,0.0
2007-12-05 00:00:00-05:00,23.51790124536067,23.51790124536067,22.98360203083408,23.333961486816406,311300,0.0,0.0
2007-12-06 00:00:00-05:00,23.28142046423721,23.833236694335938,23.28142046423721,23.833236694335938,317300,0.0,0.0
2007-12-07 00:00:00-05:00,23.850746694777573,24.306214906594928,23.684326966750675,23.990890502929688,233500,0.0,0.0
2007-12-10 00:00:00-05:00,23.982137481207012,24.568990455443945,23.64929626880455,24.498918533325195,633100,0.0,0.0
2007-12-11 00:00:00-05:00,24.498919254073503,24.516437652780176,23.412803593956593,23.4390811920166,417100,0.0,0.0
2007-12-12 00:00:00-05:00,24.11352451001453,24.174837234850603,22.825950605871075,23.09748077392578,395000,0.0,0.0
2007-12-13 00:00:00-05:00,22.904775124216755,23.78067475933515,22.52813801381249,23.52666473388672,488200,0.0,0.0
2007-12-14 00:00:00-05:00,23.22886801760809,23.806961874416043,22.86098995685333,23.4040470123291,405800,0.0,0.0
2007-12-17 00:00:00-05:00,23.16754685731153,23.430316089117994,22.852222442626953,22.852222442626953,252700,0.0,0.0
2007-12-18 00:00:00-05:00,23.088721571115414,23.649296964557315,22.83470980180802,23.4390811920166,384000,0.0,0.0
2007-12-19 00:00:00-05:00,23.281412330570546,23.570459144525024,23.03615983029409,23.474109649658203,405300,0.0,0.0
2007-12-20 00:00:00-05:00,22.834701946387124,23.701842336302928,22.834701946387124,23.64052963256836,453200,0.0,0.0
2007-12-21 00:00:00-05:00,23.81571308739103,24.218626143701602,23.789435495204916,24.06972312927246,1182600,0.0,0.0
2007-12-24 00:00:00-05:00,24.183588727170733,24.39380443274956,23.80695162818312,24.14855194091797,211500,0.0,0.0
2007-12-26 00:00:00-05:00,23.885785718083362,24.23614527126075,23.806954609787685,23.938339233398438,389000,0.0,0.0
2007-12-27 00:00:00-05:00,23.999722216091314,24.55214473677665,23.473604494378247,23.534984588623047,310800,0.03,0.0
2007-12-28 00:00:00-05:00,23.91202896203403,24.315384709954003,23.45606028592145,23.675275802612305,289900,0.0,0.0
2007-12-31 00:00:00-05:00,23.692817406108205,23.876957668120337,23.263155122264617,23.543750762939453,322000,0.0,0.0
2008-01-02 00:00:00-05:00,23.42975660330278,23.587592061654792,22.80718526478302,23.359607696533203,535700,0.0,0.0
2008-01-03 00:00:00-05:00,23.456062337183905,23.841882148595108,23.263153267719208,23.280689239501953,479500,0.0,0.0
2008-01-04 00:00:00-05:00,22.921179827904,23.27192608345813,22.798419641949316,23.061477661132812,502000,0.0,0.0
2008-01-07 00:00:00-05:00,22.98256229222593,23.149166613556194,22.43890855049052,22.754579544067383,775500,0.0,0.0
2008-01-08 00:00:00-05:00,22.815953466812807,23.008862537063386,21.53573386247549,21.562040328979492,620500,0.0,0.0
2008-01-09 00:00:00-05:00,21.483128970708346,21.868948898069174,20.974548841566378,21.72865104675293,599900,0.0,0.0
2008-01-10 00:00:00-05:00,21.518207245288426,22.973798908333535,21.386676528069525,22.342456817626953,880000,0.0,0.0
2008-01-11 00:00:00-05:00,22.20215398724527,22.20215398724527,21.351598126969296,21.55327606201172,896400,0.0,0.0
2008-01-14 00:00:00-05:00,21.526964596934185,21.868941964515546,21.360361996618987,21.71987533569336,366200,0.0,0.0
2008-01-15 00:00:00-05:00,21.377906442869055,22.079397427614023,21.334063988033567,21.86018180847168,621300,0.0,0.0
2008-01-16 00:00:00-05:00,21.334065475134715,22.491523757290274,21.290223017243164,22.123241424560547,557500,0.0,0.0
2008-01-17 00:00:00-05:00,22.15830640017252,22.763340064966883,21.676031225756372,21.71987533569336,574300,0.0,0.0
2008-01-18 00:00:00-05:00,21.711106208042725,22.30737271493684,21.009615511263043,21.65849494934082,659800,0.0,0.0
2008-01-22 00:00:00-05:00,20.764100171321456,21.921558175384618,20.755331347353444,21.360366821289062,620400,0.0,0.0
2008-01-23 00:00:00-05:00,20.816707170482694,23.05270664897222,20.650102894246576,22.824722290039062,776200,0.0,0.0
2008-01-24 00:00:00-05:00,22.859806090020005,23.035179266551328,22.070630140594172,22.123241424560547,506700,0.0,0.0
2008-01-25 00:00:00-05:00,22.491517802131508,22.7633446485482,21.7637221554479,21.930326461791992,385200,0.0,0.0
2008-01-28 00:00:00-05:00,21.798791638613434,22.351214007916756,21.49188957900862,22.1495361328125,401500,0.0,0.0
2008-01-29 00:00:00-05:00,22.237231710321215,22.701967726794386,21.877718248622877,22.39506721496582,328800,0.0,0.0
2008-01-30 00:00:00-05:00,22.193383257731888,23.06147669151712,22.123234344066883,22.421367645263672,485500,0.0,0.0
2008-01-31 00:00:00-05:00,22.096938575486675,23.23685930643175,21.974176672051243,22.81596565246582,682700,0.0,0.0
2008-02-01 00:00:00-05:00,22.78965381738012,23.16670492098243,22.25476721250407,23.157936096191406,577500,0.0,0.0
2008-02-04 00:00:00-05:00,23.043945282198983,23.087787734743532,22.544132291786404,22.675662994384766,519500,0.0,0.0
2008-02-05 00:00:00-05:00,22.17584247081334,22.973786817754235,22.17584247081334,22.456438064575195,400700,0.0,0.0
2008-02-06 00:00:00-05:00,22.68443246648591,23.350846461081414,22.35122379670575,22.623050689697266,550900,0.0,0.0
2008-02-07 00:00:00-05:00,22.868562633852708,23.149158227614564,22.219684905158005,22.456438064575195,598400,0.0,0.0
2008-02-08 00:00:00-05:00,22.41259867451925,22.6318142373402,21.79002727889911,22.228458404541016,452900,0.0,0.0
2008-02-11 00:00:00-05:00,21.93909194739586,21.93909194739586,21.30775011309379,21.59711456298828,602300,0.0,0.0
2008-02-12 00:00:00-05:00,21.66726525281733,22.193382933868374,20.851784770542515,20.992082595825195,618100,0.0,0.0
2008-02-13 00:00:00-05:00,21.158692101824357,21.360371754704495,20.764104967022444,21.23760986328125,610600,0.0,0.0
2008-02-14 00:00:00-05:00,21.24637376497281,21.36913562794337,20.75533133053705,20.81671142578125,739900,0.0,0.0
2008-02-15 00:00:00-05:00,21.044695848369233,21.544507107170855,20.799173794711347,21.360366821289062,502700,0.0,0.0
2008-02-19 00:00:00-05:00,20.7816367923318,20.84301688459263,20.404585742750033,20.67641258239746,1003900,0.0,0.0
2008-02-20 00:00:00-05:00,20.57118879355947,20.772868394021867,20.299361948347695,20.693950653076172,609800,0.0,0.0
2008-02-21 00:00:00-05:00,20.878087858665904,21.04469213973372,20.395814332789755,20.50980567932129,644600,0.0,0.0
2008-02-22 00:00:00-05:00,20.544880371165714,20.5624180155008,19.931076199292146,20.299358367919922,577200,0.0,0.0
2008-02-25 00:00:00-05:00,20.26428889610129,21.00085338399601,20.018766842642332,20.81671142578125,498700,0.0,0.0
2008-02-26 00:00:00-05:00,20.632574642796836,20.965781647468404,20.24675468542783,20.755334854125977,497200,0.0,0.0
2008-02-27 00:00:00-05:00,20.60625573691527,20.73778469435674,20.34319782203233,20.5273380279541,541800,0.0,0.0
2008-02-28 00:00:00-05:00,20.404589640909958,20.544887499303986,19.65048739768026,19.80832290649414,671100,0.0,0.0
2008-02-29 00:00:00-05:00,19.52772154582894,19.773241890817314,19.378654905308036,19.39619255065918,759800,0.0,0.0
2008-03-03 00:00:00-05:00,19.483874914682726,19.73816572196832,18.66839458101642,18.922683715820312,660700,0.0,0.0
2008-03-04 00:00:00-05:00,18.791159474783445,19.36988846262477,18.65963046345262,19.238359451293945,938300,0.0,0.0
2008-03-05 00:00:00-05:00,19.334816245752602,19.9573894514738,19.106833481807676,19.85216522216797,672800,0.0,0.0
2008-03-06 00:00:00-05:00,19.72940393943304,20.07137973918888,18.896383992997396,18.97530174255371,682700,0.0,0.0
2008-03-07 00:00:00-05:00,18.74731683608618,19.562799112193158,18.72978085967786,19.133136749267578,586900,0.0,0.0
2008-03-10 00:00:00-04:00,19.16820885262556,19.457573321167835,18.703471269368347,18.75608253479004,555800,0.0,0.0
2008-03-11 00:00:00-04:00,19.247128955475958,19.685560123732976,18.74731601877793,19.64171600341797,739000,0.0,0.0
2008-03-12 00:00:00-04:00,19.685559212955646,19.685559212955646,17.89675932643666,17.958139419555664,1264700,0.0,0.0
2008-03-13 00:00:00-04:00,17.668775822979164,18.659631204132335,17.537246806427397,18.598249435424805,662100,0.0,0.0
2008-03-14 00:00:00-04:00,18.799935177789568,18.83500881315357,17.765237011069036,18.142288208007812,730400,0.0,0.0
2008-03-17 00:00:00-04:00,17.703842812255377,18.15980974418385,17.589849824912207,17.914289474487305,938600,0.0,0.0
2008-03-18 00:00:00-04:00,18.370263215809995,18.870074387434176,17.923063306335234,18.747312545776367,802400,0.0,0.0
2008-03-19 00:00:00-04:00,18.905154262928875,19.238362935969175,18.07213592529297,18.07213592529297,1175900,0.0,0.0
2008-03-20 00:00:00-04:00,18.273811629373363,18.72101163154643,17.90552937302391,18.33519172668457,1745700,0.0,0.0
2008-03-24 00:00:00-04:00,18.449187084322617,19.027916177986498,18.291351572872024,18.808700561523438,641400,0.0,0.0
2008-03-25 00:00:00-04:00,18.773620435714754,18.98406717274149,18.589480167997106,18.668397903442383,820600,0.0,0.0
2008-03-26 00:00:00-04:00,18.615786954218486,18.92268910569396,18.256273530984473,18.40534019470215,558700,0.0,0.0
2008-03-27 00:00:00-04:00,18.510713339522358,18.993677203423257,18.29996538028146,18.44046401977539,582700,0.03,0.0
2008-03-28 00:00:00-04:00,18.40533899174025,18.835617970396516,18.40533899174025,18.545839309692383,829100,0.0,0.0
2008-03-31 00:00:00-04:00,18.572181758471704,18.84439767007233,18.124341705587874,18.545839309692383,621200,0.0,0.0
2008-04-01 00:00:00-04:00,18.826836634116944,19.23955118963275,18.703899065018412,19.116615295410156,497600,0.0,0.0
2008-04-02 00:00:00-04:00,18.93220372476483,19.081483694957157,18.4492400020178,18.55461311340332,544000,0.0,0.0
2008-04-03 00:00:00-04:00,18.335092886635113,18.835621274634647,18.00140896951166,18.387781143188477,621500,0.0,0.0
2008-04-04 00:00:00-04:00,18.440459951833066,18.68633335414603,18.062869313410687,18.370210647583008,400100,0.0,0.0
2008-04-07 00:00:00-04:00,18.422902478218,18.572182501820855,18.106781356081836,18.264841079711914,388600,0.0,0.0
2008-04-08 00:00:00-04:00,18.1155624989288,18.42290394551605,18.03653346825747,18.08922004699707,602000,0.0,0.0
2008-04-09 00:00:00-04:00,18.08043420401035,18.25605832291664,17.255003524951942,17.40428352355957,472100,0.0,0.0
2008-04-10 00:00:00-04:00,17.369165021640843,17.939941070494996,17.09694738651901,17.307695388793945,870100,0.0,0.0
2008-04-11 00:00:00-04:00,17.09694562183686,17.439412555702198,16.543732382325263,16.719356536865234,600600,0.0,0.0
2008-04-14 00:00:00-04:00,16.75448126935242,17.27257071091301,16.75448126935242,17.035478591918945,563300,0.0,0.0
2008-04-15 00:00:00-04:00,17.11450121225642,17.27256255024076,16.12222967639692,16.438350677490234,889800,0.0,0.0
2008-04-16 00:00:00-04:00,16.4734775481248,17.202314698513895,16.464696175845955,16.772037506103516,631000,0.0,0.0
2008-04-17 00:00:00-04:00,16.7105763848598,16.87741750152182,16.332985597372573,16.578857421875,372200,0.0,0.0
2008-04-18 00:00:00-04:00,16.921320263537666,17.26378546426716,16.78082163375758,17.000350952148438,506900,0.0,0.0
2008-04-21 00:00:00-04:00,16.789602730063358,16.974006550524397,16.376886546387357,16.403230667114258,398600,0.0,0.0
2008-04-22 00:00:00-04:00,16.289077599953387,16.420796553896594,15.077276287709248,15.086057662963867,1498000,0.0,0.0
2008-04-23 00:00:00-04:00,15.182646346452591,15.21777016156129,14.515277110631818,14.611868858337402,1002400,0.0,0.0
2008-04-24 00:00:00-04:00,14.638219314721626,15.270463334343441,14.524064772590734,15.068496704101562,719000,0.0,0.0
2008-04-25 00:00:00-04:00,15.156306208480943,15.36705417909484,14.664560943715184,15.1475248336792,866700,0.0,0.0
2008-04-28 00:00:00-04:00,15.103617998696253,15.876360473919295,14.71724592364683,15.779767036437988,844800,0.0,0.0
2008-04-29 00:00:00-04:00,15.81489404558961,16.57007552027062,15.779768546824926,16.46470069885254,732000,0.0,0.0
2008-04-30 00:00:00-04:00,16.491045748783353,17.079384487115178,16.473482998414987,16.710575103759766,859300,0.0,0.0
2008-05-01 00:00:00-04:00,16.297858623416424,17.40428675847488,16.297858623416424,17.246225357055664,752000,0.0,0.0
2008-05-02 00:00:00-04:00,17.42185303613354,17.518446506531266,16.684234130076874,17.123292922973633,775700,0.0,0.0
2008-05-05 00:00:00-04:00,16.974015929950003,17.246231961711537,16.613987788785067,16.89498519897461,721200,0.0,0.0
2008-05-06 00:00:00-04:00,16.71057446179091,17.360381126572385,16.473482365554478,16.543731689453125,639000,0.0,0.0
2008-05-07 00:00:00-04:00,17.31647690533508,17.31647690533508,16.00808200047069,16.131019592285156,698200,0.0,0.0
2008-05-08 00:00:00-04:00,15.446083490287204,15.999296654107452,15.446083490287204,15.577800750732422,567900,0.0,0.0
2008-05-09 00:00:00-04:00,15.393393655837215,15.867576027831587,15.226550934730176,15.71829605102539,604600,0.0,0.0
2008-05-12 00:00:00-04:00,15.709506510047255,16.069534206625367,15.683164082169343,16.0256290435791,479700,0.0,0.0
2008-05-13 00:00:00-04:00,16.03442837376082,16.376893718818007,15.454870862951822,15.999302864074707,804700,0.0,0.0
2008-05-14 00:00:00-04:00,16.025637124427238,16.412009118584038,15.964169195217728,16.1573543548584,541900,0.0,0.0
2008-05-15 00:00:00-04:00,16.19247791529544,16.368100310005108,15.814887338100538,16.122228622436523,562000,0.0,0.0
2008-05-16 00:00:00-04:00,16.183706361473877,16.2451743206529,15.323151583215001,15.358275413513184,1080300,0.0,0.0
2008-05-19 00:00:00-04:00,15.28801952407271,15.428518134786287,14.743587826276489,14.892866134643555,833700,0.0,0.0
2008-05-20 00:00:00-04:00,14.875308815392126,15.323148878046528,14.585530148365862,14.84896469116211,505100,0.0,0.0
2008-05-21 00:00:00-04:00,14.884086062458826,15.244113952712356,13.672283481952615,13.733752250671387,884400,0.0,0.0
2008-05-22 00:00:00-04:00,13.751317385599064,13.979628094572242,13.443976819616356,13.593255996704102,644100,0.0,0.0
2008-05-23 00:00:00-04:00,13.523006747034716,13.74253608278163,13.031261503926885,13.057604789733887,596300,0.0,0.0
2008-05-27 00:00:00-04:00,13.145412298696455,13.698626133354288,13.127849555959221,13.610814094543457,548800,0.0,0.0
2008-05-28 00:00:00-04:00,13.724974603056035,13.909379284380703,13.101511236428633,13.171760559082031,749300,0.0,0.0
2008-05-29 00:00:00-04:00,13.154198530319299,13.847912095041432,13.119073867068384,13.654726028442383,1228400,0.0,0.0
2008-05-30 00:00:00-04:00,13.733753543492217,13.812783389391067,13.27713218974152,13.575692176818848,578500,0.0,0.0
2008-06-02 00:00:00-04:00,13.540569364195795,13.821566643239272,13.268352622043963,13.54935073852539,780700,0.0,0.0
2008-06-03 00:00:00-04:00,13.68984913659587,13.751317080943018,13.40885186250841,13.479101181030273,929600,0.0,0.0
2008-06-04 00:00:00-04:00,14.058656568247976,14.330872431191073,13.452755231486957,14.023531913757324,802000,0.0,0.0
2008-06-05 00:00:00-04:00,14.093784336084429,14.892871077825914,13.68106973948616,14.8840913772583,783500,0.0,0.0
2008-06-06 00:00:00-04:00,14.497715776602055,14.515278523303438,13.900595787760672,13.935720443725586,1138500,0.0,0.0
2008-06-09 00:00:00-04:00,14.014749465027752,14.207935468616629,13.6108155506716,13.733752250671387,806800,0.0,0.0
2008-06-10 00:00:00-04:00,13.60204052441308,14.111348631771223,13.285918510775039,13.382511138916016,979000,0.0,0.0
2008-06-11 00:00:00-04:00,13.373727389244749,13.689850184222625,13.224448204040527,13.224448204040527,1206100,0.0,0.0
2008-06-12 00:00:00-04:00,13.39128622695501,13.654721533333479,12.469263073349246,12.723917007446289,876800,0.0,0.0
2008-06-13 00:00:00-04:00,12.890764035920837,12.890764035920837,12.223394593543684,12.574641227722168,852500,0.0,0.0
2008-06-16 00:00:00-04:00,12.574642240448428,12.759046947603077,12.267301620149416,12.565861701965332,959900,0.0,0.0
2008-06-17 00:00:00-04:00,12.59220345196802,12.776608136565635,12.416580142217434,12.425360679626465,1186800,0.0,0.0
2008-06-18 00:00:00-04:00,12.161923227437642,12.653668377229081,12.074111174827413,12.135579109191895,951000,0.0,0.0
2008-06-19 00:00:00-04:00,12.126802051679842,13.43519681868737,12.126802051679842,13.42641544342041,794900,0.0,0.0
2008-06-20 00:00:00-04:00,13.31225652807429,13.31225652807429,11.933612801368307,12.18826675415039,1273600,0.0,0.0
2008-06-23 00:00:00-04:00,12.153146761340496,12.25852076455327,11.56480794865724,11.573589324951172,811600,0.0,0.0
2008-06-24 00:00:00-04:00,11.564805807910417,11.951177081503216,11.134528498413488,11.503337860107422,828600,0.0,0.0
2008-06-25 00:00:00-04:00,11.494556981284259,12.293643686945643,11.494556981284259,11.951177597045898,668100,0.0,0.0
2008-06-26 00:00:00-04:00,11.889570761295305,12.091983476776857,11.282330936275066,11.299932479858398,525900,0.03,0.0
2008-06-27 00:00:00-04:00,11.299933992171555,11.634355811421655,11.062318157722311,11.625555038452148,1195600,0.0,0.0
2008-06-30 00:00:00-04:00,11.58155022808759,11.695957741196391,11.027114205770065,11.132720947265625,681500,0.0,0.0
2008-07-01 00:00:00-04:00,11.062315595116699,11.106318610482948,10.48147814228781,10.930307388305664,673000,0.0,0.0
2008-07-02 00:00:00-04:00,10.974314175882498,11.123923975980624,10.393476523401775,10.419878005981445,625400,0.0,0.0
2008-07-03 00:00:00-04:00,10.419876857710388,10.727896358630762,10.164660316130464,10.367073059082031,425100,0.0,0.0
2008-07-07 00:00:00-04:00,10.375873576900213,10.789500664905207,10.226263796968361,10.490281105041504,600900,0.0,0.0
2008-07-08 00:00:00-04:00,10.551886117955453,11.47594638884506,10.551886117955453,11.449544906616211,656100,0.0,0.0
2008-07-09 00:00:00-04:00,11.65195975142206,11.65195975142206,10.71029860386505,10.763101577758789,1155000,0.0,0.0
2008-07-10 00:00:00-04:00,10.736697694366445,11.291133832228635,10.639891704309727,10.80710220336914,597100,0.0,0.0
2008-07-11 00:00:00-04:00,10.666291882825513,10.983112134648424,10.21746256327717,10.648691177368164,748000,0.0,0.0
2008-07-14 00:00:00-04:00,10.815900061541718,10.895105322643067,10.208661125244255,10.235062599182129,660600,0.0,0.0
2008-07-15 00:00:00-04:00,10.103058782837069,10.780703399370076,9.539822570953175,10.07665729522705,823900,0.0,0.0
2008-07-16 00:00:00-04:00,10.041452547114515,11.801566952267992,10.041452547114515,11.264732360839844,2171300,0.0,0.0
2008-07-17 00:00:00-04:00,11.264728751726114,12.100782658452573,11.000711507684159,12.091981887817383,1108300,0.0,0.0
2008-07-18 00:00:00-04:00,12.162388912311634,12.162388912311634,10.86870557333557,11.845568656921387,1420700,0.0,0.0
2008-07-21 00:00:00-04:00,11.915970701393258,12.444005190799531,11.880768458052017,12.294395446777344,1185100,0.0,0.0
2008-07-22 00:00:00-04:00,12.20639618753436,14.160123874583537,11.951179571964415,13.93130874633789,1700100,0.0,0.0
2008-07-23 00:00:00-04:00,13.887300651331234,14.415334401991677,13.737690878822146,14.195320129394531,1266300,0.0,0.0
2008-07-24 00:00:00-04:00,14.256925784269253,14.256925784269253,12.787229511267928,12.875235557556152,896400,0.0,0.0
2008-07-25 00:00:00-04:00,13.051248549744821,13.86090126203532,13.051248549744821,13.28006362915039,634900,0.0,0.0
2008-07-28 00:00:00-04:00,13.262463778625404,13.482478112520521,12.672825296643449,12.831235885620117,659400,0.0,0.0
2008-07-29 00:00:00-04:00,12.945639892699154,14.11611660044151,12.576015845893744,13.85209846496582,570800,0.0,0.0
2008-07-30 00:00:00-04:00,13.957707255504808,14.186523174216129,12.479211691488633,12.936841011047363,943300,0.0,0.0
2008-07-31 00:00:00-04:00,12.690422511648359,13.755291557553535,12.52321120499976,13.394468307495117,845400,0.0,0.0
2008-08-01 00:00:00-04:00,13.658486688632065,14.080913696674116,13.227258068812647,13.790494918823242,734600,0.0,0.0
2008-08-04 00:00:00-04:00,13.834494644397035,14.036907327681527,13.192052673688861,13.772890090942383,786300,0.0,0.0
2008-08-05 00:00:00-04:00,14.080914014329792,14.626550170958405,13.86089973285589,14.556145668029785,848600,0.0,0.0
2008-08-06 00:00:00-04:00,14.573746042324284,14.890567155823447,13.913704014206145,14.705754280090332,807000,0.0,0.0
2008-08-07 00:00:00-04:00,14.582546921338476,14.952170996916179,14.46814022872968,14.591347694396973,987700,0.0,0.0
2008-08-08 00:00:00-04:00,14.635349089639385,15.497806338396538,14.538543948382767,15.330595016479492,651700,0.0,0.0
2008-08-11 00:00:00-04:00,15.260191094395038,17.39873023453953,15.242589548560943,16.395463943481445,1476600,0.0,0.0
2008-08-12 00:00:00-04:00,16.28105477842164,17.01150203376997,15.805823184578479,16.017038345336914,901000,0.0,0.0
2008-08-13 00:00:00-04:00,15.911431677380495,16.157848260012116,15.031374611864813,15.383397102355957,809500,0.0,0.0
2008-08-14 00:00:00-04:00,15.497809186316955,15.682620408784796,15.136985837005039,15.418603897094727,854400,0.0,0.0
2008-08-15 00:00:00-04:00,15.691415877524465,16.42186310337494,15.515403810192227,15.744218826293945,725400,0.0,0.0
2008-08-18 00:00:00-04:00,15.788221823529897,15.788221823529897,15.022571554434428,15.110577583312988,850400,0.0,0.0
2008-08-19 00:00:00-04:00,14.811361504758839,15.040176561131156,14.30972920672466,14.432936668395996,578300,0.0,0.0
2008-08-20 00:00:00-04:00,14.52094358511113,14.934569858702739,13.544080409710947,14.036911964416504,904900,0.0,0.0
2008-08-21 00:00:00-04:00,13.852100373541134,14.239326018446263,13.332866481997598,14.080915451049805,613500,0.0,0.0
2008-08-22 00:00:00-04:00,14.151315953214363,15.154580357811973,13.376865722032516,15.06657600402832,638000,0.0,0.0
2008-08-25 00:00:00-04:00,15.004976420923015,15.207390877358817,14.124919113453604,14.661754608154297,977500,0.0,0.0
2008-08-26 00:00:00-04:00,15.832225072075252,15.832225072075252,14.274523794614428,14.503338813781738,744100,0.0,0.0
2008-08-27 00:00:00-04:00,14.45053857755275,15.145782858361029,14.283327247808657,14.705754280090332,710700,0.0,0.0
2008-08-28 00:00:00-04:00,14.802561922357615,15.453804052753002,14.600149168027139,15.365797996520996,688000,0.0,0.0
2008-08-29 00:00:00-04:00,15.260187769845619,15.286590082844816,14.70575094689052,15.040173530578613,668800,0.0,0.0
2008-09-02 00:00:00-04:00,15.383398557680218,15.858630223733602,15.145782724653527,15.453803062438965,1045600,0.0,0.0
2008-09-03 00:00:00-04:00,15.45381005228996,16.13145476620553,15.374604738789357,15.841035842895508,1157400,0.0,0.0
2008-09-04 00:00:00-04:00,15.700220674487435,15.84102969302828,15.312995034212157,15.365797996520996,1122600,0.0,0.0
2008-09-05 00:00:00-04:00,15.189781636576992,15.93783030484568,15.180980866529683,15.726616859436035,779800,0.0,0.0
2008-09-08 00:00:00-04:00,16.06984874521497,16.24585922266705,14.380138425932337,16.078649520874023,1348200,0.0,0.0
2008-09-09 00:00:00-04:00,16.11384719850175,16.765089338672436,15.99944049868601,16.13144874572754,1046000,0.0,0.0
2008-09-10 00:00:00-04:00,16.377866383466223,16.377866383466223,15.312996210550292,16.04344367980957,911200,0.0,0.0
2008-09-11 00:00:00-04:00,15.409801498867877,16.7562895951644,15.383399179050972,16.721086502075195,1055300,0.0,0.0
2008-09-12 00:00:00-04:00,16.5098762157485,16.80909585136021,16.219457355134328,16.738691329956055,699100,0.0,0.0
2008-09-15 00:00:00-04:00,15.858627952263303,17.046705268649724,15.797024229245029,16.298656463623047,573800,0.0,0.0
2008-09-16 00:00:00-04:00,16.298650336359525,18.164369583129883,15.955427085097819,18.164369583129883,1456500,0.0,0.0
2008-09-17 00:00:00-04:00,17.671547284918244,17.99716916493893,16.95870147229149,17.31952476501465,988000,0.0,0.0
2008-09-18 00:00:00-04:00,17.293124281754064,17.821158956933967,16.245855705147786,16.809093475341797,1391200,0.0,0.0
2008-09-19 00:00:00-04:00,18.049965914346036,18.217177183247838,16.175443912982967,16.342655181884766,1607500,0.0,0.0
2008-09-22 00:00:00-04:00,16.351461737041273,16.668282847355947,15.16338425193705,15.224987983703613,673700,0.0,0.0
2008-09-23 00:00:00-04:00,15.128186225891113,15.841032205120193,15.092983126385393,15.128186225891113,506900,0.0,0.0
2008-09-24 00:00:00-04:00,15.128182518996086,15.673816999027215,14.64415009085312,14.696954727172852,429400,0.0,0.0
2008-09-25 00:00:00-04:00,14.802562026899881,15.770625295137016,14.635350686735741,14.793761253356934,414300,0.0,0.0
2008-09-26 00:00:00-04:00,14.776132485245348,15.622497250410307,14.520458744782616,14.961274147033691,558500,0.03,0.0
2008-09-29 00:00:00-04:00,14.608614484089106,15.058246159873576,14.158982808304637,14.229513168334961,692700,0.0,0.0
2008-09-30 00:00:00-04:00,14.458743998035382,14.899559374082664,13.391970754369417,14.088459014892578,612100,0.0,0.0
2008-10-01 00:00:00-04:00,13.841598611047166,14.696780427093938,13.665272680106687,14.617433547973633,549700,0.0,0.0
2008-10-02 00:00:00-04:00,14.502821533124344,14.846656869523928,13.938577744074838,14.079638481140137,763900,0.0,0.0
2008-10-03 00:00:00-04:00,14.41465990171366,14.78494480184935,12.79245954698367,13.021683692932129,586700,0.0,0.0
2008-10-06 00:00:00-04:00,12.783639902105328,13.533026025785409,11.822662699076126,12.695476531982422,999200,0.0,0.0
2008-10-07 00:00:00-04:00,12.616133904062165,13.065764858521987,11.240789836475853,11.2584228515625,1077500,0.0,0.0
2008-10-08 00:00:00-04:00,9.84781377038673,11.575809762668436,9.84781377038673,10.861688613891602,944200,0.0,0.0
2008-10-09 00:00:00-04:00,11.073281400297004,12.721930624780933,10.30626199030721,10.394425392150879,733900,0.0,0.0
2008-10-10 00:00:00-04:00,10.129935025344787,12.307562763900536,10.094669836253491,12.122420310974121,1034800,0.0,0.0
2008-10-13 00:00:00-04:00,12.748376227729311,12.757192733940427,11.46119574849731,12.580866813659668,949300,0.0,0.0
2008-10-14 00:00:00-04:00,12.757196258169218,12.80127796061424,11.487647599853016,11.74332046508789,589000,0.0,0.0
2008-10-15 00:00:00-04:00,11.487644447982312,12.131235109204837,10.923401502020988,11.002747535705566,540600,0.0,0.0
2008-10-16 00:00:00-04:00,10.941033921755283,12.783641725711565,10.773524503572133,12.64258098602295,880500,0.0,0.0
2008-10-17 00:00:00-04:00,12.087155515402776,12.457440433310923,11.461197758061713,11.82266616821289,919000,0.0,0.0
2008-10-20 00:00:00-04:00,11.95491029129852,11.95491029129852,10.852872134831738,11.86674690246582,873900,0.0,0.0
2008-10-21 00:00:00-04:00,11.672790820205368,12.651401481755236,11.593443918913367,12.237034797668457,839400,0.0,0.0
2008-10-22 00:00:00-04:00,11.875564985294089,12.289930781740805,11.126178603144071,11.575810432434082,778600,0.0,0.0
2008-10-23 00:00:00-04:00,11.655154788591636,11.66397045409567,10.755891325691435,11.320135116577148,764500,0.0,0.0
2008-10-24 00:00:00-04:00,10.165199214873233,11.311319008822938,10.156383549058592,10.702994346618652,798400,0.0,0.0
2008-10-27 00:00:00-04:00,10.473771167410412,11.276054843534885,10.138751453277079,10.156384468078613,504200,0.0,0.0
2008-10-28 00:00:00-04:00,10.332706245580596,11.046826241311756,9.768462611284058,10.949847221374512,1099500,0.0,0.0
2008-10-29 00:00:00-04:00,11.020381280063123,11.496461717730314,10.79997365446186,11.0820951461792,886900,0.0,0.0
2008-10-30 00:00:00-04:00,11.36421832511703,12.122420310974121,11.090912479068157,12.122420310974121,452600,0.0,0.0
2008-10-31 00:00:00-04:00,12.043070123732113,14.194248590924168,11.734500013974404,13.585923194885254,777700,0.0,0.0
2008-11-03 00:00:00-05:00,13.71817191989719,14.511638248895919,13.71817191989719,14.397027015686035,613400,0.0,0.0
2008-11-04 00:00:00-05:00,14.608615147606004,14.608615147606004,13.400781626242187,13.85041332244873,1013700,0.0,0.0
2008-11-05 00:00:00-05:00,13.471315825869926,14.185437007966435,12.598501701698575,12.713113784790039,555400,0.0,0.0
2008-11-06 00:00:00-05:00,12.589684217849552,12.589684217849552,11.699237987254707,11.893196105957031,575800,0.0,0.0
2008-11-07 00:00:00-05:00,12.01662472670656,12.510337373286514,11.602258124878492,12.210583686828613,721800,0.0,0.0
2008-11-10 00:00:00-05:00,12.959967750723093,12.959967750723093,11.672787229910206,11.787399291992188,580600,0.0,0.0
2008-11-11 00:00:00-05:00,11.628705918057742,12.316378313011688,11.505278186236545,12.034255981445312,423700,0.0,0.0
2008-11-12 00:00:00-05:00,11.796215332411458,12.2105818726762,10.932217068079977,10.993931770324707,496000,0.0,0.0
2008-11-13 00:00:00-05:00,11.055648500675773,11.681606306185959,10.315078607870651,11.637524604797363,675600,0.0,0.0
2008-11-14 00:00:00-05:00,11.425934079827172,12.113605800890369,10.949853528200563,11.346587181091309,547800,0.0,0.0
2008-11-17 00:00:00-05:00,11.205520967704237,11.82266199969223,11.205520967704237,11.399479866027832,336100,0.0,0.0
2008-11-18 00:00:00-05:00,11.487644786554686,12.060705096421703,11.046829551636213,11.919644355773926,638100,0.0,0.0
2008-11-19 00:00:00-05:00,11.928463454745284,12.148871135642661,11.020384044868889,11.029200553894043,1161400,0.0,0.0
2008-11-20 00:00:00-05:00,10.888136936273005,11.70805272388596,10.315076610749587,10.350341796875,781600,0.0,0.0
2008-11-21 00:00:00-05:00,10.561932563781738,11.196706733801744,9.944791406634554,10.561932563781738,822000,0.0,0.0
2008-11-24 00:00:00-05:00,10.74707633912322,11.734503323000517,10.641280771019602,11.716870307922363,742000,0.0,0.0
2008-11-25 00:00:00-05:00,11.831483754235926,12.439808551502924,11.681606471862159,12.378094673156738,736500,0.0,0.0
2008-11-26 00:00:00-05:00,12.069521996888147,13.31262179279523,11.981359445358022,13.11866283416748,624700,0.0,0.0
2008-11-28 00:00:00-05:00,12.87180757112727,13.488948845734525,12.845358046783916,13.400785446166992,284400,0.0,0.0
2008-12-01 00:00:00-05:00,13.030500191167205,13.215642653052024,12.210584294924553,12.28993034362793,500900,0.0,0.0
2008-12-02 00:00:00-05:00,12.624949631256943,13.233275202043538,12.228216038580891,13.224458694458008,619800,0.0,0.0
2008-12-03 00:00:00-05:00,12.81009192691605,13.876864948601787,12.4750722099383,13.488947868347168,841800,0.0,0.0
2008-12-04 00:00:00-05:00,13.198010800703619,14.0267432251031,12.38691055173979,12.713113784790039,1036600,0.0,0.0
2008-12-05 00:00:00-05:00,12.554421095658,13.427235295868238,12.210585657217427,13.409603118896484,830800,0.0,0.0
2008-12-08 00:00:00-05:00,13.815150613339343,14.37057711301339,13.242091099306933,14.194252014160156,402100,0.0,0.0
2008-12-09 00:00:00-05:00,13.550663372025324,14.564539152611516,13.515398178661629,13.982662200927734,653000,0.0,0.0
2008-12-10 00:00:00-05:00,14.123718469077689,14.352942559570346,13.806331008153023,14.229513168334961,580000,0.0,0.0
2008-12-11 00:00:00-05:00,13.938578011985827,14.476372292581203,13.303803842202788,13.50657844543457,728600,0.0,0.0
2008-12-12 00:00:00-05:00,13.180378197796971,14.070825366115596,12.915888831660245,14.06200885772705,535200,0.0,0.0
2008-12-15 00:00:00-05:00,14.106090843208571,14.106090843208571,13.224460165508036,13.568296432495117,467700,0.0,0.0
2008-12-16 00:00:00-05:00,13.832782326711358,14.502822556635039,13.65645639293585,14.449923515319824,527000,0.0,0.0
2008-12-17 00:00:00-05:00,14.220702553141384,14.987722007538773,14.158988672750917,14.881925582885742,652300,0.0,0.0
2008-12-18 00:00:00-05:00,14.802575641985747,15.075880602877298,14.511635987440327,14.696779251098633,689900,0.0,0.0
2008-12-19 00:00:00-05:00,14.899553199734257,15.419715262441988,14.767308978037285,15.022982597351074,1083300,0.0,0.0
2008-12-22 00:00:00-05:00,15.155229887315098,15.349188006300206,14.66151556004543,15.128780364990234,552100,0.0,0.0
2008-12-23 00:00:00-05:00,15.146413379873477,15.349188006300206,14.987719609078002,15.128780364990234,490000,0.0,0.0
2008-12-24 00:00:00-05:00,15.155230946475498,15.728290517615722,15.01417018070489,15.499066352844238,159300,0.0,0.0
2008-12-26 00:00:00-05:00,15.578413778797445,15.578413778797445,15.146414958591679,15.481433868408203,120500,0.0,0.0
2008-12-29 00:00:00-05:00,15.60513771244335,15.658155828909592,14.827532491081485,15.596301078796387,305400,0.04,0.0
2008-12-30 00:00:00-05:00,15.826051532232604,16.444602522811348,15.490267816334564,16.409255981445312,422100,0.0,0.0
2008-12-31 00:00:00-05:00,16.347409138681368,16.541810154121087,16.038133493568925,16.435773849487305,494800,0.0,0.0
2009-01-02 00:00:00-05:00,16.47111464790837,17.010137733605163,16.020456251157707,16.83340835571289,352400,0.0,0.0
2009-01-05 00:00:00-05:00,16.806898544604508,16.833406768998305,16.153002604705257,16.462276458740234,881900,0.0,0.0
2009-01-06 00:00:00-05:00,15.80838020482232,16.745043441172907,15.80838020482232,16.418094635009766,1347400,0.0,0.0
2009-01-07 00:00:00-05:00,16.170673871280467,16.745043441172907,15.9055815201117,16.418094635009766,706600,0.0,0.0
2009-01-08 00:00:00-05:00,15.9055815201117,16.506459313871378,15.861400023388926,16.418094635009766,908300,0.0,0.0
2009-01-09 00:00:00-05:00,16.038122648651328,16.418089468393067,15.428408410335159,15.596301078796387,912400,0.0,0.0
2009-01-12 00:00:00-05:00,15.4902648458639,15.78186701455154,15.225170892701613,15.596301078796387,670100,0.0,0.0
2009-01-13 00:00:00-05:00,15.516779577238799,15.905583193895003,15.331215248976488,15.4725980758667,608700,0.0,0.0
2009-01-14 00:00:00-05:00,15.1986701854926,15.640491973612544,14.942412739383178,15.2781982421875,752500,0.0,0.0
2009-01-15 00:00:00-05:00,15.269359504109348,15.737689456438423,14.668481685241117,15.375395774841309,1100100,0.0,0.0
2009-01-16 00:00:00-05:00,15.516778667257856,16.17067462463144,15.393069122337923,16.09998321533203,728000,0.0,0.0
2009-01-20 00:00:00-05:00,15.879074286055305,16.073476949386052,14.818703017318123,14.862884521484375,757300,0.0,0.0
2009-01-21 00:00:00-05:00,15.13681272893782,15.543289623827107,13.846694001045583,14.456408500671387,1086000,0.0,0.0
2009-01-22 00:00:00-05:00,14.315023057019408,14.694988284765492,13.935056143857373,14.491750717163086,790700,0.0,0.0
2009-01-23 00:00:00-05:00,14.094112132487384,14.827536933474942,14.01458409125331,14.270840644836426,767100,0.0,0.0
2009-01-26 00:00:00-05:00,14.253169479759634,14.845210715700754,13.793675279710072,14.173643112182617,852300,0.0,0.0
2009-01-27 00:00:00-05:00,14.182476393116561,14.588953247785275,13.599272706208872,13.908547401428223,354400,0.0,0.0
2009-01-28 00:00:00-05:00,14.200153066340128,15.030778562267098,14.04109778372018,15.004268646240234,745400,0.0,0.0
2009-01-29 00:00:00-05:00,14.85404320093152,15.393066146001479,14.500586222777374,14.571277618408203,826300,0.0,0.0
2009-01-30 00:00:00-05:00,14.27083929974301,14.809862264987173,13.749490448129912,13.829017639160156,415600,0.0,0.0
2009-02-02 00:00:00-05:00,13.661123608119656,14.005744751987379,13.343012366424086,13.502067565917969,800000,0.0,0.0
2009-02-03 00:00:00-05:00,13.696475458954993,13.829021658571282,13.334181726809492,13.740657806396484,405800,0.0,0.0
2009-02-04 00:00:00-05:00,13.722981904299713,14.226659220415673,13.431379646778485,13.46672534942627,299400,0.0,0.0
2009-02-05 00:00:00-05:00,13.396031750291819,14.15596549682853,12.918864421337366,13.731816291809082,442900,0.0,0.0
2009-02-06 00:00:00-05:00,13.740654682816647,14.765680022738978,13.740654682816647,14.518260955810547,309400,0.0,0.0
2009-02-09 00:00:00-05:00,14.527100039676677,14.801029060826156,14.253169333110925,14.580118179321289,311300,0.0,0.0
2009-02-10 00:00:00-05:00,14.51826290505176,14.774518642406584,13.696474184325629,13.705310821533203,373800,0.0,0.0
2009-02-11 00:00:00-05:00,13.56392615205674,14.244331955744174,12.335661556641913,12.600754737854004,572900,0.0,0.0
2009-02-12 00:00:00-05:00,12.158929182788091,12.34449426634473,10.886482654768926,11.513869285583496,1275500,0.0,0.0
2009-02-13 00:00:00-05:00,11.558055946426043,11.708275396285595,11.036706190173247,11.0543794631958,806100,0.0,0.0
2009-02-17 00:00:00-05:00,10.904163148701876,10.904163148701876,10.329794250936342,10.46234130859375,538700,0.0,0.0
2009-02-18 00:00:00-05:00,10.480008125436033,10.709755561369791,9.649383882139603,9.887967109680176,990200,0.0,0.0
2009-02-19 00:00:00-05:00,9.994008747783413,10.40932060232322,9.649387465891522,9.667059898376465,522200,0.0,0.0
2009-02-20 00:00:00-05:00,9.516844054533863,9.561025570014476,8.359270314982252,9.128040313720703,1071800,0.0,0.0
2009-02-23 00:00:00-05:00,9.578692663521238,10.144223786398578,9.278253833138729,9.40196418762207,833600,0.0,0.0
2009-02-24 00:00:00-05:00,9.516840413511208,10.091208322097188,9.154545889137392,9.976334571838379,756700,0.0,0.0
2009-02-25 00:00:00-05:00,9.879135525489316,9.879135525489316,9.189892924147138,9.614042282104492,791900,0.0,0.0
2009-02-26 00:00:00-05:00,9.667060085664327,9.826116194651053,9.20756587694779,9.47265911102295,611700,0.0,0.0
2009-02-27 00:00:00-05:00,9.287091799131025,9.419637964382012,8.854106760422635,9.048507690429688,778200,0.0,0.0
2009-03-02 00:00:00-05:00,8.96898122696446,8.96898122696446,8.46530469943823,8.500650405883789,636300,0.0,0.0
2009-03-03 00:00:00-05:00,8.15602846198753,8.69505149412212,7.316567371248205,7.510969161987305,1280100,0.0,0.0
2009-03-04 00:00:00-05:00,7.634681299301563,8.288577386054557,7.634681299301563,8.120684623718262,664000,0.0,0.0
2009-03-05 00:00:00-05:00,7.9262831160362435,8.076502591436538,7.228204724408831,7.2370405197143555,925800,0.0,0.0
2009-03-06 00:00:00-05:00,7.351914901054979,7.899773863132801,7.219368690589213,7.873264789581299,891800,0.0,0.0
2009-03-09 00:00:00-04:00,7.758387058705203,8.164862964343488,7.581658587277214,7.599331855773926,691000,0.0,0.0
2009-03-10 00:00:00-04:00,7.802573255464684,8.8452730178833,7.776064182285229,8.8452730178833,783700,0.0,0.0
2009-03-11 00:00:00-04:00,8.862943165807453,9.720077509414029,8.862943165807453,9.013162612915039,1081800,0.0,0.0
2009-03-12 00:00:00-04:00,8.99548922009113,10.073533458087782,8.580176625910948,10.011678695678711,950400,0.0,0.0
2009-03-13 00:00:00-04:00,10.038186096944333,10.683246048553176,10.038186096944333,10.621391296386719,720300,0.0,0.0
2009-03-16 00:00:00-04:00,10.700920641421748,11.019032786050204,10.064698037580767,10.153061866760254,470200,0.0,0.0
2009-03-17 00:00:00-04:00,10.382809707089722,10.895322799682617,10.011679420355833,10.895322799682617,375200,0.0,0.0
2009-03-18 00:00:00-04:00,10.824630832149603,12.052895368723481,10.409318229570127,11.337143898010254,1098700,0.0,0.0
2009-03-19 00:00:00-04:00,11.51387680518575,11.57573243524043,10.745106912005653,10.868817329406738,509300,0.0,0.0
2009-03-20 00:00:00-04:00,10.939503579235959,11.089722999744582,10.418153924848136,10.533027648925781,595500,0.0,0.0
2009-03-23 00:00:00-04:00,10.524193174791236,11.063216209411621,10.400483633238792,11.063216209411621,866400,0.0,0.0
2009-03-24 00:00:00-04:00,10.52419380862033,11.239945404785315,10.52419380862033,10.736268043518066,562600,0.0,0.0
2009-03-25 00:00:00-04:00,11.186925750964065,11.761294489272013,10.577212151676603,11.063216209411621,519300,0.0,0.0
2009-03-26 00:00:00-04:00,11.275289158503858,11.938021659851074,10.992522718220972,11.938021659851074,674300,0.0,0.0
2009-03-27 00:00:00-04:00,11.689866530440787,12.06209890275664,11.344222788440675,11.743042945861816,521100,0.04,0.0
2009-03-30 00:00:00-04:00,11.52147527406774,11.52147527406774,10.644070821431535,10.971989631652832,288700,0.0,0.0
2009-03-31 00:00:00-04:00,11.158107133815816,11.39739890158334,10.741561203008063,11.025166511535645,344800,0.0,0.0
2009-04-01 00:00:00-04:00,10.839052250090623,11.308774682646341,10.590897560860666,11.273324012756348,355100,0.0,0.0
2009-04-02 00:00:00-04:00,11.548064737035993,12.416607285081227,11.13151964047347,12.407744407653809,518100,0.0,0.0
2009-04-03 00:00:00-04:00,12.407743322202856,12.709074366690023,12.07982449296989,12.514095306396484,346800,0.0,0.0
2009-04-06 00:00:00-04:00,12.292531119689075,12.88633046042392,12.19504199106493,12.620450019836426,317600,0.0,0.0
2009-04-07 00:00:00-04:00,12.46092224632131,12.771115384717707,12.044376257103204,12.088689804077148,278200,0.0,0.0
2009-04-08 00:00:00-04:00,12.221626005684834,12.673622530518031,12.088686249068182,12.602721214294434,409000,0.0,0.0
2009-04-09 00:00:00-04:00,12.948367044373589,13.639656258807864,12.567272618437793,13.613067626953125,480300,0.0,0.0
2009-04-13 00:00:00-04:00,13.364914251189383,13.834635804249737,13.23197446010777,13.710558891296387,393400,0.0,0.0
2009-04-14 00:00:00-04:00,13.435818040237585,13.604209374593824,12.638177457614479,13.09903621673584,489200,0.0,0.0
2009-04-15 00:00:00-04:00,11.09607179795823,11.7519096805925,10.457958829476135,11.246736526489258,1214500,0.0,0.0
2009-04-16 00:00:00-04:00,11.335361604424351,11.778495366669572,10.812463629741298,11.663280487060547,960500,0.0,0.0
2009-04-17 00:00:00-04:00,11.68986774836792,11.973473918143942,11.4683008772485,11.778494834899902,445800,0.0,0.0
2009-04-20 00:00:00-04:00,11.432849282391878,11.734180337855154,10.697247397683512,10.989715576171875,384000,0.0,0.0
2009-04-21 00:00:00-04:00,10.909954018707504,12.17731605281443,10.901091140270593,12.088689804077148,499500,0.0,0.0
2009-04-22 00:00:00-04:00,11.911433762816328,12.74452561162723,11.743043324768855,12.27480411529541,372100,0.0,0.0
2009-04-23 00:00:00-04:00,12.327981987783117,12.558411763026507,11.973475291416852,12.26594352722168,427500,0.0,0.0
2009-04-24 00:00:00-04:00,12.363427600587698,12.549543751358279,11.521473907181852,12.0000581741333,624600,0.0,0.0
2009-04-27 00:00:00-04:00,11.610100816171482,11.840529648949282,10.847910472858649,11.087203025817871,746800,0.0,0.0
2009-04-28 00:00:00-04:00,10.93653816463748,11.423985328507106,10.590893627665855,10.697245597839355,511900,0.0,0.0
2009-04-29 00:00:00-04:00,10.785874530163808,11.087205587112024,10.723836081454635,10.865638732910156,770400,0.0,0.0
2009-04-30 00:00:00-04:00,10.99857690664128,11.078341097778944,10.62634457813908,10.670658111572266,527700,0.0,0.0
2009-05-01 00:00:00-04:00,10.803599680840872,11.1226564989687,10.564307912455492,10.963128089904785,309400,0.0,0.0
2009-05-04 00:00:00-04:00,11.13152058646199,11.548065718423713,11.104931951920157,11.43285083770752,416500,0.0,0.0
2009-05-05 00:00:00-04:00,11.432849612381839,11.601240898923633,11.202420720856452,11.397398948669434,584200,0.0,0.0
2009-05-06 00:00:00-04:00,11.565789875066775,11.920296501151928,11.122656169855102,11.344223022460938,579200,0.0,0.0
2009-05-07 00:00:00-04:00,11.601240830424757,11.654416403074146,10.528857202943213,10.590895652770996,531900,0.0,0.0
2009-05-08 00:00:00-04:00,10.803596740881124,11.237868309020996,10.58202994201374,11.237868309020996,735100,0.0,0.0
2009-05-11 00:00:00-04:00,11.01630721738556,11.211285492850106,10.546584751885616,11.069482803344727,438400,0.0,0.0
2009-05-12 00:00:00-04:00,11.078342505916373,11.14038095348216,10.050272456601007,10.351603507995605,512700,0.0,0.0
2009-05-13 00:00:00-04:00,10.138901229889157,10.138901229889157,9.491926271140912,9.509651184082031,536400,0.0,0.0
2009-05-14 00:00:00-04:00,9.536237687162314,10.289564490599691,9.305807954021738,9.846430778503418,552000,0.0,0.0
2009-05-15 00:00:00-04:00,9.810979676835636,10.15662426109768,9.704627692111265,9.731215476989746,392300,0.0,0.0
2009-05-18 00:00:00-04:00,9.899604602385393,10.05027009264417,9.660312054841361,9.881878852844238,362100,0.0,0.0
2009-05-19 00:00:00-04:00,9.793254960648648,10.076860258807011,9.651452311569466,9.748941421508789,460200,0.0,0.0
2009-05-20 00:00:00-04:00,9.95278541844781,10.076863195152947,9.571690899301148,9.624866485595703,561300,0.0,0.0
2009-05-21 00:00:00-04:00,9.864157787807768,9.864157787807768,9.226044924536458,9.447611808776855,599300,0.0,0.0
2009-05-22 00:00:00-04:00,9.545101233775211,9.553963266278782,9.181730854391636,9.376709938049316,410800,0.0,0.0
2009-05-26 00:00:00-04:00,9.30580939765195,9.704629631366341,9.27035872899313,9.66917896270752,494900,0.0,0.0
2009-05-27 00:00:00-04:00,9.642588154650289,9.669175936520505,9.084239664113671,9.110827445983887,395000,0.0,0.0
2009-05-28 00:00:00-04:00,9.164003677024851,9.341256961402346,8.933573984728946,9.031063079833984,519700,0.0,0.0
2009-05-29 00:00:00-04:00,9.093098816694507,9.234901388889275,8.960158271354413,9.066510200500488,512400,0.0,0.0
2009-06-01 00:00:00-04:00,9.296944814156978,9.740078513728355,8.915850407268703,9.562825202941895,572400,0.0,0.0
2009-06-02 00:00:00-04:00,9.616000606493838,10.13003557626665,9.421021562549209,9.793253898620605,704600,0.0,0.0
2009-06-03 00:00:00-04:00,9.74894191399653,9.97937165299606,9.421023060132816,9.695765495300293,383600,0.0,0.0
2009-06-04 00:00:00-04:00,9.740077456519376,9.740077456519376,9.429884407614708,9.545099258422852,327700,0.0,0.0
2009-06-05 00:00:00-04:00,9.607141163495532,9.748943847867166,9.367848499710398,9.509651184082031,318700,0.0,0.0
2009-06-08 00:00:00-04:00,9.509648637556364,9.509648637556364,9.048790036758819,9.172867774963379,357900,0.0,0.0
2009-06-09 00:00:00-04:00,9.199458242692794,9.27035958656933,8.951303539124916,9.155144691467285,523400,0.0,0.0
2009-06-10 00:00:00-04:00,9.119689590794412,9.137415340760851,8.774045073341345,8.898122787475586,592800,0.0,0.0
2009-06-11 00:00:00-04:00,8.915849408491189,9.15514113994419,8.774045930536774,8.880398750305176,512900,0.0,0.0
2009-06-12 00:00:00-04:00,8.84494800624052,8.977888619758687,8.738596022552246,8.86267375946045,378200,0.0,0.0
2009-06-15 00:00:00-04:00,8.73859697820381,8.862674728681135,8.5702065302515,8.614520072937012,488800,0.0,0.0
2009-06-16 00:00:00-04:00,8.720868494763366,8.933572398242916,8.570203018496139,8.649967193603516,523700,0.0,0.0
2009-06-17 00:00:00-04:00,8.605657551692918,9.031065550583461,8.55248112922632,8.853812217712402,451600,0.0,0.0
2009-06-18 00:00:00-04:00,8.933577378920118,9.172870037653471,8.641109137275343,9.039929389953613,360400,0.0,0.0
2009-06-19 00:00:00-04:00,9.217180686234602,9.288082011112525,8.915850478108663,9.084240913391113,609700,0.0,0.0
2009-06-22 00:00:00-04:00,8.960163052563495,9.323533394222183,8.5702057709438,8.587930679321289,446600,0.0,0.0
2009-06-23 00:00:00-04:00,8.667695182663573,8.729734477176903,8.481578989544548,8.5613431930542,524400,0.0,0.0
2009-06-24 00:00:00-04:00,8.667698399928412,8.960166691214805,8.605659927598206,8.658836364746094,391900,0.0,0.0
2009-06-25 00:00:00-04:00,8.61451890307527,9.013339042663574,8.543617582491144,9.013339042663574,340200,0.0,0.0
2009-06-26 00:00:00-04:00,8.94215776770568,9.146803753192666,8.817590092704124,9.08452033996582,591500,0.04,0.0
2009-06-29 00:00:00-04:00,9.1201127895001,9.556098465541748,8.951057413592451,9.449326515197754,375700,0.0,0.0
2009-06-30 00:00:00-04:00,9.431532814601518,9.511611151138665,8.977751331483647,9.0756254196167,428300,0.0,0.0
2009-07-01 00:00:00-04:00,9.36924505953797,9.58278975679059,8.897668848177933,9.40483570098877,369300,0.0,0.0
2009-07-02 00:00:00-04:00,9.20909003870659,9.449326720051708,9.066726586613573,9.146805763244629,399500,0.0,0.0
2009-07-06 00:00:00-04:00,9.137904788585974,9.57389028569682,9.102313304530215,9.529401779174805,423200,0.0,0.0
2009-07-07 00:00:00-04:00,9.502712041309417,9.502712041309417,9.164600472019792,9.298065185546875,380500,0.0,0.0
2009-07-08 00:00:00-04:00,9.467123432601115,9.556099644591818,9.226885878275132,9.289169311523438,707500,0.0,0.0
2009-07-09 00:00:00-04:00,9.32475499939681,9.467118390141746,9.182392457199558,9.306960105895996,277000,0.0,0.0
2009-07-10 00:00:00-04:00,9.235782523410274,9.529405596097037,9.084522049777938,9.458224296569824,303200,0.0,0.0
2009-07-13 00:00:00-04:00,9.47601816589445,9.716255662064563,9.182395125162932,9.680665016174316,405500,0.0,0.0
2009-07-14 00:00:00-04:00,9.64507569604917,9.82302894996099,9.46712244213735,9.79633617401123,287100,0.0,0.0
2009-07-15 00:00:00-04:00,9.912000377949784,10.330190075259642,9.814125507413273,10.303497314453125,423300,0.0,0.0
2009-07-16 00:00:00-04:00,10.29460364407261,10.374682807705852,10.063264875135138,10.347990036010742,265500,0.0,0.0
2009-07-17 00:00:00-04:00,10.374682386561268,10.374682386561268,10.045468720525804,10.089957237243652,450900,0.0,0.0
2009-07-20 00:00:00-04:00,10.116652928525628,10.374685381725472,10.018778842328489,10.365787506103516,454300,0.0,0.0
2009-07-21 00:00:00-04:00,10.383580344373089,10.383580344373089,9.78743642171224,10.009878158569336,332200,0.0,0.0
2009-07-22 00:00:00-04:00,9.92979524932406,10.259008793778273,9.814125487994596,10.081055641174316,454300,0.0,0.0
2009-07-23 00:00:00-04:00,10.02767440303554,10.294603821687861,9.91200459229717,10.259013175964355,541900,0.0,0.0
2009-07-24 00:00:00-04:00,10.170037570707308,10.632715991716902,10.089958401087884,10.579330444335938,317800,0.0,0.0
2009-07-27 00:00:00-04:00,10.597124671850098,10.730590228933735,10.383580798773785,10.623817443847656,235900,0.0,0.0
2009-07-28 00:00:00-04:00,10.508147777311654,10.94413336772755,10.294603070014926,10.89964485168457,342200,0.0,0.0
2009-07-29 00:00:00-04:00,10.801772501030085,11.113190465413927,10.677204806147747,10.98862361907959,219100,0.0,0.0
2009-07-30 00:00:00-04:00,11.11318819712963,11.35342566353674,10.819565192775043,11.22885799407959,281800,0.0,0.0
2009-07-31 00:00:00-04:00,11.21106339744646,11.460197894475892,10.944133154926716,11.282244682312012,306800,0.0,0.0
2009-08-03 00:00:00-04:00,11.36232383992272,11.36232383992272,10.997518694301956,11.282244682312012,527500,0.0,0.0
2009-08-04 00:00:00-04:00,11.166577230726698,11.69153995342666,11.068702307041468,11.60256290435791,316900,0.0,0.0
2009-08-05 00:00:00-04:00,11.575869473491586,11.958468726304574,11.513585203251534,11.869492530822754,539200,0.0,0.0
2009-08-06 00:00:00-04:00,12.011857127001285,12.056345656440543,11.727131896267023,12.002959251403809,685500,0.0,0.0
2009-08-07 00:00:00-04:00,12.189805516715937,12.44783786591734,11.922875295478816,12.225396156311035,628700,0.0,0.0
2009-08-10 00:00:00-04:00,12.225397971674763,12.376658424551715,11.967365584157827,12.234295845031738,979500,0.0,0.0
2009-08-11 00:00:00-04:00,12.207605065863065,12.456739620683278,11.96736753730397,12.296581268310547,327900,0.0,0.0
2009-08-12 00:00:00-04:00,11.780517015758067,12.901623843009013,11.771619140490657,12.679182052612305,464500,0.0,0.0
2009-08-13 00:00:00-04:00,12.714771271883686,13.159654802528388,12.501227380825746,12.999496459960938,470000,0.0,0.0
2009-08-14 00:00:00-04:00,12.937211990356445,12.972802635986188,12.563509786970181,12.937211990356445,399000,0.0,0.0
2009-08-17 00:00:00-04:00,12.661382559148922,13.293117091065596,12.26098762450829,13.03508472442627,669800,0.0,0.0
2009-08-18 00:00:00-04:00,13.052879461671271,13.266423297181971,12.928311800016141,13.186344146728516,381400,0.0,0.0
2009-08-19 00:00:00-04:00,13.008390984768681,13.115162902805556,12.803745020668282,12.963902473449707,418700,0.0,0.0
2009-08-20 00:00:00-04:00,12.963903273262432,13.266424150638267,12.750359424014016,13.124061584472656,308300,0.0,0.0
2009-08-21 00:00:00-04:00,13.302016476469124,13.657923785495642,13.195244538325548,13.577844619750977,424400,0.0,0.0
2009-08-24 00:00:00-04:00,13.640128700856383,13.933751757152862,13.364301392722345,13.453277587890625,438700,0.0,0.0
2009-08-25 00:00:00-04:00,13.61343604055422,14.102808087973917,13.319812981811998,13.880366325378418,511300,0.0,0.0
2009-08-26 00:00:00-04:00,13.826979259563943,14.093909531464766,13.720207320513204,13.924853324890137,369300,0.0,0.0
2009-08-27 00:00:00-04:00,13.969342521287828,13.969342521287828,13.66682158839027,13.880366325378418,647600,0.0,0.0
2009-08-28 00:00:00-04:00,13.969343664597089,14.138399893192805,13.844776810419248,13.93375301361084,346100,0.0,0.0
2009-08-31 00:00:00-04:00,13.818081853581662,13.933751670272374,13.69351501141318,13.74690055847168,378000,0.0,0.0
2009-09-01 00:00:00-04:00,13.693514600428783,14.102807459301026,13.195244701065551,13.275323867797852,369200,0.0,0.0
2009-09-02 00:00:00-04:00,13.213040636043736,13.595639879068065,13.070677199528776,13.328709602355957,404200,0.0,0.0
2009-09-03 00:00:00-04:00,13.355401546608004,13.702410099057236,13.13295981871066,13.533354759216309,261700,0.0,0.0
2009-09-04 00:00:00-04:00,13.542254287857254,14.093909738670368,13.515560666291169,14.058319091796875,348400,0.0,0.0
2009-09-08 00:00:00-04:00,14.093907748675278,14.236270316068307,13.942647308683226,14.138396263122559,412300,0.0,0.0
2009-09-09 00:00:00-04:00,14.085011335327918,14.636667613950992,13.969341525200365,14.529894828796387,286800,0.0,0.0
2009-09-10 00:00:00-04:00,14.44981937403502,15.29509890747958,14.440921498229718,15.028167724609375,516300,0.0,0.0
2009-09-11 00:00:00-04:00,15.099347026473179,15.170528326355644,14.734542652438543,14.965882301330566,389900,0.0,0.0
2009-09-14 00:00:00-04:00,14.805724973826907,15.12604169394595,14.725645793797147,15.099348068237305,525400,0.0,0.0
2009-09-15 00:00:00-04:00,15.054857133368277,15.784465773989995,15.045959260056328,15.64210319519043,628000,0.0,0.0
2009-09-16 00:00:00-04:00,15.651003823700632,16.193762311605898,15.384074365735215,15.864547729492188,401700,0.0,0.0
2009-09-17 00:00:00-04:00,15.793367835125578,16.51407879354154,15.784469959454238,16.051401138305664,473900,0.0,0.0
2009-09-18 00:00:00-04:00,16.078091254099075,16.21155597991756,15.615411953972007,15.971320152282715,578400,0.0,0.0
2009-09-21 00:00:00-04:00,15.8556512677287,16.27384293880039,15.784469959454238,16.051401138305664,324700,0.0,0.0
2009-09-22 00:00:00-04:00,16.13147333374553,16.256041855187345,15.828954145632922,16.006906509399414,411000,0.0,0.0
2009-09-23 00:00:00-04:00,16.051401705796536,16.051401705796536,15.49974527434367,15.50864315032959,411900,0.0,0.0
2009-09-24 00:00:00-04:00,15.481941397509981,15.695485217816174,15.028160142948542,15.170522689819336,419600,0.0,0.0
2009-09-25 00:00:00-04:00,15.081547778591098,15.757769045961963,14.752333319367109,15.517533302307129,315100,0.0,0.0
2009-09-28 00:00:00-04:00,15.562123226939395,15.892092781098702,15.089462159012283,15.294578552246094,409600,0.04,0.0
2009-09-29 00:00:00-04:00,14.884351320334202,15.606718979686121,14.884351320334202,15.187567710876465,365800,0.0,0.0
2009-09-30 00:00:00-04:00,15.241076626742357,15.241076626742357,14.590053873004935,14.78625202178955,511800,0.0,0.0
2009-10-01 00:00:00-04:00,14.750578725227207,15.027040108180868,14.197654258322629,14.2511625289917,370000,0.0,0.0
2009-10-02 00:00:00-04:00,14.090637143067697,14.679232384474007,14.010373884989995,14.40277099609375,323100,0.0,0.0
2009-10-05 00:00:00-04:00,14.50087115609499,14.75949589126106,14.06388324419573,14.616806030273438,375500,0.0,0.0
2009-10-06 00:00:00-04:00,14.786253674687217,15.312423274470827,14.242248264156084,15.303504943847656,522800,0.0,0.0
2009-10-07 00:00:00-04:00,15.312417636441895,15.312417636441895,14.652476722296104,14.723821640014648,381800,0.0,0.0
2009-10-08 00:00:00-04:00,14.358184010760848,15.464031493069456,14.358184010760848,15.303504943847656,531200,0.0,0.0
2009-10-09 00:00:00-04:00,15.339178060777456,15.464031285833393,14.928943362597414,15.089469909667969,347700,0.0,0.0
2009-10-12 00:00:00-04:00,15.062711901233854,15.232156744869814,14.65247898621732,14.857595443725586,227000,0.0,0.0
2009-10-13 00:00:00-04:00,14.768415665104177,14.991368807335208,14.438445967160844,14.875433921813965,256400,0.0,0.0
2009-10-14 00:00:00-04:00,15.053794523592284,15.241076036495198,14.911104657093581,15.232157707214355,334300,0.0,0.0
2009-10-15 00:00:00-04:00,15.160813679505015,15.374848492037152,14.893270589089216,14.982450485229492,422500,0.0,0.0
2009-10-16 00:00:00-04:00,14.911101411151948,15.160809473665362,14.527623541537903,14.723821640014648,365300,0.0,0.0
2009-10-19 00:00:00-04:00,14.830840563554684,15.196485239591693,14.652479090924032,15.044877052307129,285500,0.0,0.0
2009-10-20 00:00:00-04:00,15.11622517601985,15.34809496934023,14.652482187383788,14.928943634033203,321000,0.0,0.0
2009-10-21 00:00:00-04:00,14.928940647463154,15.22323869656916,14.05496482902681,14.072800636291504,458400,0.0,0.0
2009-10-22 00:00:00-04:00,13.983618923620574,14.277916952199446,13.493121925822924,13.698238372802734,550300,0.0,0.0
2009-10-23 00:00:00-04:00,13.751746366301878,13.87660040022173,13.350430982950359,13.403939247131348,387100,0.0,0.0
2009-10-26 00:00:00-04:00,13.448534463187753,13.778505035965711,13.056137278140637,13.145318031311035,492400,0.0,0.0
2009-10-27 00:00:00-04:00,13.154233898991345,13.5912218040585,13.073970640816022,13.216660499572754,292400,0.0,0.0
2009-10-28 00:00:00-04:00,13.154234909617895,13.368269714197071,12.726165300459542,12.77967357635498,268500,0.0,0.0
2009-10-29 00:00:00-04:00,12.859936714172363,13.118562313119018,12.779673450620177,12.859936714172363,278700,0.0,0.0
2009-10-30 00:00:00-04:00,12.726160077892443,12.815340784619728,12.271335666938699,12.458616256713867,363700,0.0,0.0
2009-11-02 00:00:00-05:00,12.494294255386885,12.735083205978514,12.208913655891033,12.476457595825195,364800,0.0,0.0
2009-11-03 00:00:00-05:00,12.414027975708484,13.065050582742039,12.414027975708484,12.761835098266602,342600,0.0,0.0
2009-11-04 00:00:00-05:00,12.761838104597134,13.029381192130593,12.431866709041564,12.494294166564941,322600,0.0,0.0
2009-11-05 00:00:00-05:00,12.654818926565254,13.368269092480896,12.654818926565254,13.100725173950195,342100,0.0,0.0
2009-11-06 00:00:00-05:00,12.93128158376039,13.537714371572184,12.806427524358345,13.48420524597168,409700,0.0,0.0
2009-11-09 00:00:00-05:00,13.564466579557582,13.876601258411725,13.386104270426033,13.73391056060791,306500,0.0,0.0
2009-11-10 00:00:00-05:00,13.617975697546335,13.80525548426053,13.555548251476361,13.73391056060791,270800,0.0,0.0
2009-11-11 00:00:00-05:00,13.903352470900822,14.028205635810515,13.671481092499393,13.939024925231934,242400,0.0,0.0
2009-11-12 00:00:00-05:00,13.947946163845694,14.090636010964554,13.510957443920969,13.546629905700684,256600,0.0,0.0
2009-11-13 00:00:00-05:00,13.555545362038771,13.903352428582272,13.493118779773937,13.68931770324707,207900,0.0,0.0
2009-11-16 00:00:00-05:00,13.840926980039859,14.19765155148482,13.796336195984622,14.046043395996094,227200,0.0,0.0
2009-11-17 00:00:00-05:00,14.01928997039795,14.26899718296017,13.91227259358557,14.01928997039795,215100,0.0,0.0
2009-11-18 00:00:00-05:00,13.98362049653651,14.188736966588383,13.69823991361828,13.751749038696289,171800,0.0,0.0
2009-11-19 00:00:00-05:00,13.680402480312386,13.894437254198971,13.145314695097333,13.27908706665039,235000,0.0,0.0
2009-11-20 00:00:00-05:00,13.145313702260498,13.44853003428119,13.145313702260498,13.403939247131348,161700,0.0,0.0
2009-11-23 00:00:00-05:00,13.626894430049381,13.796339277202707,13.261251450032471,13.448532104492188,206000,0.0,0.0
2009-11-24 00:00:00-05:00,13.448533110643549,13.546632184414618,13.091808432840823,13.19882583618164,165000,0.0,0.0
2009-11-25 00:00:00-05:00,13.225578828369711,13.4306961382065,13.145315570194388,13.216660499572754,173900,0.0,0.0
2009-11-27 00:00:00-05:00,12.75291704030975,13.27908647383175,12.75291704030975,12.975870132446289,122200,0.0,0.0
2009-11-30 00:00:00-05:00,12.975872825858392,13.17207182580332,12.636983953407597,13.118562698364258,316700,0.0,0.0
2009-12-01 00:00:00-05:00,13.270165322509738,13.51095416852488,13.073966405035586,13.475281715393066,473600,0.0,0.0
2009-12-02 00:00:00-05:00,13.519878318128576,14.295755996327443,13.519878318128576,14.269001007080078,415800,0.0,0.0
2009-12-03 00:00:00-05:00,14.313588686885105,14.72382328535696,14.206572148847023,14.679231643676758,495100,0.0,0.0
2009-12-04 00:00:00-05:00,14.875430348497423,15.54428961451981,14.714903852492517,15.481863021850586,406100,0.0,0.0
2009-12-07 00:00:00-05:00,15.374844936283536,15.428353201792296,14.96461206572122,15.009202003479004,308100,0.0,0.0
2009-12-08 00:00:00-05:00,14.946776705856871,15.142974830394177,14.634642011504202,15.035958290100098,412200,0.0,0.0
2009-12-09 00:00:00-05:00,15.018119279633904,15.0359559338869,14.411686643007831,14.697066307067871,392400,0.0,0.0
2009-12-10 00:00:00-05:00,14.723823697847994,14.857595224641836,14.44736231567442,14.581133842468262,476200,0.0,0.0
2009-12-11 00:00:00-05:00,14.714908533502545,15.151896522195937,14.714908533502545,15.089469909667969,325900,0.0,0.0
2009-12-14 00:00:00-05:00,15.160812930382427,15.579964204922172,15.134057942263864,15.571045875549316,303100,0.0,0.0
2009-12-15 00:00:00-05:00,15.517536123417935,15.526454451941982,15.035958290100098,15.035958290100098,377800,0.0,0.0
2009-12-16 00:00:00-05:00,15.2054054790967,15.357013702392578,14.884354071703665,15.357013702392578,243200,0.0,0.0
2009-12-17 00:00:00-05:00,15.249987927033745,15.517530888509366,15.062706493203477,15.464022636413574,346800,0.0,0.0
2009-12-18 00:00:00-05:00,15.624550750779784,15.892093740630028,15.187562960159402,15.87425708770752,1396200,0.0,0.0
2009-12-21 00:00:00-05:00,15.90101916002838,15.90101916002838,15.3391779503247,15.526457786560059,257400,0.0,0.0
2009-12-22 00:00:00-05:00,15.508616036754265,16.043703780555973,15.383762853566116,15.767242431640625,316700,0.0,0.0
2009-12-23 00:00:00-05:00,15.909931574370137,16.097211340965636,15.606715256170496,16.043703079223633,217600,0.0,0.0
2009-12-24 00:00:00-05:00,16.061541037997213,16.1239676319327,15.874259555193635,16.070459365844727,56700,0.0,0.0
2009-12-28 00:00:00-05:00,16.07937728875233,16.07937728875233,15.419436353630095,15.669142723083496,294700,0.0,0.0
2009-12-29 00:00:00-05:00,15.713836043542372,15.740652077284528,15.409927813978559,15.445682525634766,149100,0.04,0.0
2009-12-30 00:00:00-05:00,15.418868226994942,15.445684263754735,15.106021284312062,15.338421821594238,238600,0.0,0.0
2009-12-31 00:00:00-05:00,15.374171551755204,15.544001281525672,15.097077709729044,15.123893737792969,189600,0.0,0.0
2010-01-04 00:00:00-05:00,15.356300755588125,15.597639996561032,15.061331140469747,15.106022834777832,247300,0.0,0.0
2010-01-05 00:00:00-05:00,15.1328356181569,15.508251566154643,15.043450543894869,15.445682525634766,427200,0.0,0.0
2010-01-06 00:00:00-05:00,15.365239673279909,15.436747408207099,14.819992128910789,14.93619155883789,277800,0.0,0.0
2010-01-07 00:00:00-05:00,14.900434622422202,15.25797320296366,14.900434622422202,15.20434284210205,202700,0.0,0.0
2010-01-08 00:00:00-05:00,15.106014500277524,15.302661938445288,14.62333798951956,14.748476028442383,188100,0.0,0.0
2010-01-11 00:00:00-05:00,14.784237230698393,14.918314003498567,14.265804939854036,14.623344421386719,184800,0.0,0.0
2010-01-12 00:00:00-05:00,14.462454455095502,14.59653125425241,13.74737620389982,13.926145553588867,491100,0.0,0.0
2010-01-13 00:00:00-05:00,14.024460022183057,14.587583773313938,14.024460022183057,14.408815383911133,292000,0.0,0.0
2010-01-14 00:00:00-05:00,14.283679363572212,14.784235076237117,14.256864183407737,14.605464935302734,231000,0.0,0.0
2010-01-15 00:00:00-05:00,14.676975508621753,14.891498696588215,13.944020856849988,14.212174415588379,284100,0.0,0.0
2010-01-19 00:00:00-05:00,14.230050128126045,14.712726818998915,14.230050128126045,14.43563461303711,316900,0.0,0.0
2010-01-20 00:00:00-05:00,14.274743605477529,14.453512919858724,13.738434809894613,13.935081481933594,407200,0.0,0.0
2010-01-21 00:00:00-05:00,14.015525940196163,14.30155680348532,13.845694475788815,14.033402442932129,359000,0.0,0.0
2010-01-22 00:00:00-05:00,14.051281749391203,14.212173706114612,13.76524999394196,13.935081481933594,244500,0.0,0.0
2010-01-25 00:00:00-05:00,14.03340335376713,14.140664934462354,13.72055728984921,13.827818870544434,136000,0.0,0.0
2010-01-26 00:00:00-05:00,13.738436818567141,13.809944554774638,13.497098421976702,13.550728797912598,235300,0.0,0.0
2010-01-27 00:00:00-05:00,13.479219514511112,13.854635512728583,13.336204058511953,13.783127784729004,175700,0.0,0.0
2010-01-28 00:00:00-05:00,13.765250209314901,13.77418888828365,12.916095313388738,13.26469612121582,265600,0.0,0.0
2010-01-29 00:00:00-05:00,13.354079476865355,13.470279738512287,13.076987266540527,13.076987266540527,286200,0.0,0.0
2010-02-01 00:00:00-05:00,13.175308405196775,13.398770220152375,13.059108159127163,13.38983154296875,192900,0.0,0.0
2010-02-02 00:00:00-05:00,13.443464914017095,13.74737316758551,13.300449465852973,13.604357719421387,292800,0.0,0.0
2010-02-03 00:00:00-05:00,13.488155793416603,13.550724831172294,12.880339361141166,12.951847076416016,381300,0.0,0.0
2010-02-04 00:00:00-05:00,12.889276358977666,12.907152859247176,12.495983123779297,12.495983123779297,256300,0.0,0.0
2010-02-05 00:00:00-05:00,12.603250393972717,12.683695954857622,12.2993421002761,12.594311714172363,402300,0.0,0.0
2010-02-08 00:00:00-05:00,12.549616161522094,12.630062555576597,12.388723373413086,12.388723373413086,269700,0.0,0.0
2010-02-09 00:00:00-05:00,12.567494093538443,12.86246365031439,12.33509357836974,12.737324714660645,626700,0.0,0.0
2010-02-10 00:00:00-05:00,12.630064375969706,12.880341419426077,12.612187018074579,12.871402740478516,273800,0.0,0.0
2010-02-11 00:00:00-05:00,12.764139520426337,12.826709412629668,12.344031892811339,12.799893379211426,844400,0.0,0.0
2010-02-12 00:00:00-05:00,12.61218550920551,12.61218550920551,11.870292294101612,12.513862609863281,666300,0.0,0.0
2010-02-16 00:00:00-05:00,12.585370106487984,12.790955431871232,12.281461883493144,12.78201675415039,412400,0.0,0.0
2010-02-17 00:00:00-05:00,12.871403853772405,13.005481492264682,12.656880655112062,12.978666305541992,337300,0.0,0.0
2010-02-18 00:00:00-05:00,12.925031796284703,13.380894116963848,12.925031796284703,13.2289400100708,369800,0.0,0.0
2010-02-19 00:00:00-05:00,13.228940327009084,13.398770940431708,13.184247791127587,13.363017082214355,298600,0.0,0.0
2010-02-22 00:00:00-05:00,13.407711806930653,13.622234991256098,13.24681899246689,13.291511535644531,244300,0.0,0.0
2010-02-23 00:00:00-05:00,13.273634800184569,13.398772895989667,13.148495851940126,13.26469612121582,395800,0.0,0.0
2010-02-24 00:00:00-05:00,13.264693841269834,13.470278307578958,13.175308771824616,13.327262878417969,337300,0.0,0.0
2010-02-25 00:00:00-05:00,13.166375735950464,13.273638206220468,12.755206627153553,13.014422416687012,366200,0.0,0.0
2010-02-26 00:00:00-05:00,13.059111981292718,13.291512541451379,12.90715783445355,13.19318962097168,227400,0.0,0.0
2010-03-01 00:00:00-05:00,13.291512271740709,13.702682157355124,13.255758405706386,13.6669282913208,274800,0.0,0.0
2010-03-02 00:00:00-05:00,13.6848025441398,13.774186762715896,13.273632751859957,13.35407829284668,275300,0.0,0.0
2010-03-03 00:00:00-05:00,13.407709146889346,13.434524326500151,13.050170577281307,13.309386253356934,267000,0.0,0.0
2010-03-04 00:00:00-05:00,13.38089689952684,13.389834726396257,12.99654221364251,13.220004081726074,167900,0.0,0.0
2010-03-05 00:00:00-05:00,13.255759172946807,13.586482666016346,13.20212879701091,13.550728797912598,290800,0.0,0.0
2010-03-08 00:00:00-05:00,13.559668817341706,13.649053922649404,13.068052443028446,13.184252738952637,258100,0.0,0.0
2010-03-09 00:00:00-05:00,13.139556338213954,13.443464584329316,13.139556338213954,13.27363395690918,366500,0.0,0.0
2010-03-10 00:00:00-05:00,13.273635203875529,13.604358663823405,13.193188795588867,13.40771198272705,356800,0.0,0.0
2010-03-11 00:00:00-05:00,13.28257151571928,13.41664913171781,12.978664128155676,13.345141410827637,522000,0.0,0.0
2010-03-12 00:00:00-05:00,13.46134588345487,13.46134588345487,13.059113762009767,13.184252738952637,241500,0.0,0.0
2010-03-15 00:00:00-04:00,13.184248849805552,13.184248849805552,12.862464100010477,13.076987266540527,395400,0.0,0.0
2010-03-16 00:00:00-04:00,13.166369334924429,13.202124042591459,12.89821584693491,13.050169944763184,304700,0.0,0.0
2010-03-17 00:00:00-04:00,13.184247928679074,13.184247928679074,12.925032240789056,12.987601280212402,270500,0.0,0.0
2010-03-18 00:00:00-04:00,12.942912147457967,13.184251395737316,12.79095884781919,13.04123592376709,373400,0.0,0.0
2010-03-19 00:00:00-04:00,13.121680269139869,13.157434131490142,12.916094921296313,13.13061809539795,659500,0.0,0.0
2010-03-22 00:00:00-04:00,13.085926045273373,13.398772119085638,12.880340703109386,13.380895614624023,375000,0.0,0.0
2010-03-23 00:00:00-04:00,13.380898085999986,13.470282329695413,13.04123591410268,13.237882614135742,341800,0.0,0.0
2010-03-24 00:00:00-04:00,12.978662580018817,13.246816075151116,12.978662580018817,13.08592414855957,306700,0.0,0.0
2010-03-25 00:00:00-04:00,13.21106419238041,13.25575673239149,12.960787161733391,12.996541023254395,431900,0.0,0.0
2010-03-26 00:00:00-04:00,13.014417726852278,13.44346404356426,13.014417726852278,13.121679306030273,282900,0.0,0.0
2010-03-29 00:00:00-04:00,13.148570432024432,13.283013549867983,12.80798023141647,12.951386451721191,299900,0.04,0.0
2010-03-30 00:00:00-04:00,12.933459666448767,13.032051218276253,12.852793462786096,12.942421913146973,385500,0.0,0.0
2010-03-31 00:00:00-04:00,12.852793754090435,13.1037546174646,12.799015998840332,12.799015998840332,676000,0.0,0.0
2010-04-01 00:00:00-04:00,12.906568799950533,12.996198094231865,12.619756425879547,12.763162612915039,328800,0.0,0.0
2010-04-05 00:00:00-04:00,12.843827863896163,12.843827863896163,12.57494085556057,12.781087875366211,319900,0.0,0.0
2010-04-06 00:00:00-04:00,12.673534516939565,12.861755356217769,12.673534516939565,12.843829154968262,315100,0.0,0.0
2010-04-07 00:00:00-04:00,12.790053751939,12.825905303849595,12.637684442626865,12.799015998840332,467100,0.0,0.0
2010-04-08 00:00:00-04:00,12.888644905268032,12.91553335467286,12.727312499302283,12.772127151489258,370600,0.0,0.0
2010-04-09 00:00:00-04:00,12.816941731406452,12.861756383340735,12.664572427690926,12.807978630065918,289300,0.0,0.0
2010-04-12 00:00:00-04:00,12.807979521424954,12.969311937708788,12.76316486637184,12.861757278442383,254800,0.0,0.0
2010-04-13 00:00:00-04:00,12.790054172264778,12.897608831531183,12.64664710514112,12.861757278442383,287400,0.0,0.0
2010-04-14 00:00:00-04:00,12.91553245679975,13.032050202478347,12.879680908496209,12.996198654174805,370400,0.0,0.0
2010-04-15 00:00:00-04:00,13.023082357606945,13.300932396819261,12.915527751876764,13.291969299316406,448200,0.0,0.0
2010-04-16 00:00:00-04:00,13.327825192846364,13.444342934181465,12.78108888790624,12.987235069274902,518300,0.0,0.0
2010-04-19 00:00:00-04:00,12.897608115350735,13.21130897376641,12.70938725839397,12.942421913146973,321100,0.0,0.0
2010-04-20 00:00:00-04:00,12.960348835744476,13.256124362419206,12.745239517211663,12.861757278442383,396800,0.0,0.0
2010-04-21 00:00:00-04:00,12.879681103222817,12.951384200913973,12.628720261303773,12.870718002319336,515000,0.0,0.0
2010-04-22 00:00:00-04:00,12.78109025288033,13.085828862029684,12.548054745322778,12.772127151489258,457400,0.0,0.0
2010-04-23 00:00:00-04:00,12.763163958050848,13.121680318192647,12.745238610166373,13.067902565002441,450300,0.0,0.0
2010-04-26 00:00:00-04:00,13.0141274131676,13.22027364273148,12.897609644591643,13.139607429504395,328500,0.0,0.0
2010-04-27 00:00:00-04:00,13.041014615313165,13.283012377017576,12.77212754859949,12.799015998840332,545100,0.0,0.0
2010-04-28 00:00:00-04:00,12.915533417728245,13.166494274524775,12.879681866757313,13.01412582397461,558700,0.0,0.0
2010-04-29 00:00:00-04:00,13.121679291701886,13.892487995339618,13.049976196236438,13.883524894714355,622500,0.0,0.0
2010-04-30 00:00:00-04:00,13.901454400636736,14.33167307570157,13.408494861048553,13.426420211791992,667100,0.0,0.0
2010-05-03 00:00:00-04:00,13.453304038487609,13.668413288373385,13.408489397736027,13.596710205078125,490200,0.0,0.0
2010-05-04 00:00:00-04:00,13.417454648099499,13.462269296036341,13.0051614256635,13.193382263183594,505700,0.0,0.0
2010-05-05 00:00:00-04:00,13.058936995454216,13.336787100679471,12.816939288758359,12.852790832519531,684000,0.0,0.0
2010-05-06 00:00:00-04:00,12.736277863701261,13.157534301479096,11.436657847970224,12.126800537109375,836100,0.0,0.0
2010-05-07 00:00:00-04:00,12.1716130510102,12.512203211415162,11.651765136383778,11.768282890319824,890000,0.0,0.0
2010-05-10 00:00:00-04:00,12.548054959987187,12.673535817303687,12.126798589852463,12.664572715759277,589200,0.0,0.0
2010-05-11 00:00:00-04:00,12.583905611554712,12.951384200913973,12.323981668732186,12.870718002319336,448100,0.0,0.0
2010-05-12 00:00:00-04:00,12.915532062602553,13.354713729608685,12.673534332631784,13.229233741760254,421600,0.0,0.0
2010-05-13 00:00:00-04:00,13.121679096108656,13.399528373203534,12.870717410952127,12.96930980682373,724100,0.0,0.0
2010-05-14 00:00:00-04:00,12.825905577568582,13.02308868990075,12.601833159653305,12.933460235595703,545500,0.0,0.0
2010-05-17 00:00:00-04:00,13.058939801012825,13.175457556961153,12.673535836472801,13.148569107055664,593800,0.0,0.0
2010-05-18 00:00:00-04:00,13.229235372032534,13.417456231768426,12.996199859070302,13.094791412353516,768800,0.0,0.0
2010-05-19 00:00:00-04:00,12.987232468516618,13.300934082734523,12.763160131151867,13.157527923583984,919900,0.0,0.0
2010-05-20 00:00:00-04:00,12.843830374393155,13.399529844362487,12.548054863841227,12.960348129272461,1263600,0.0,0.0
2010-05-21 00:00:00-04:00,12.763163039620625,13.372640209666168,12.59286840051466,13.345751762390137,1401900,0.0,0.0
2010-05-24 00:00:00-04:00,13.265088069981395,13.4084942888836,12.897609420352369,13.247161865234375,1077900,0.0,0.0
2010-05-25 00:00:00-04:00,12.90656968576267,13.417455330600426,12.772126589881786,13.33678913116455,1553400,0.0,0.0
2010-05-26 00:00:00-04:00,13.39952932922134,13.722194131795705,13.13064227866549,13.211308479309082,845600,0.0,0.0
2010-05-27 00:00:00-04:00,13.53397230921184,13.596712303084082,13.265085277980605,13.471231460571289,587500,0.0,0.0
2010-05-28 00:00:00-04:00,13.39952996729984,13.39952996729984,12.781090490863162,13.148569107055664,637500,0.0,0.0
2010-06-01 00:00:00-04:00,12.996201127678026,13.058941135458138,12.234354512768812,12.26124382019043,774100,0.0,0.0
2010-06-02 00:00:00-04:00,12.279168401340124,12.67353633780675,12.189539946520213,12.413612365722656,695500,0.0,0.0
2010-06-03 00:00:00-04:00,12.359830336022673,12.485311155111932,12.07301801212511,12.108869552612305,848600,0.0,0.0
2010-06-04 00:00:00-04:00,11.857911963715889,12.055095931114623,11.580062643751184,11.687617301940918,1227200,0.0,0.0
2010-06-07 00:00:00-04:00,11.678651960060604,11.786206597620989,11.499394230793296,11.62487506866455,946600,0.0,0.0
2010-06-08 00:00:00-04:00,11.687616964895872,11.696580066511984,11.436656103023648,11.606950759887695,865900,0.0,0.0
2010-06-09 00:00:00-04:00,11.696577118816947,11.723465562120618,11.436653220832936,11.642799377441406,907000,0.0,0.0
2010-06-10 00:00:00-04:00,11.795171182265566,11.920652035929296,11.633838778236253,11.822059631347656,635600,0.0,0.0
2010-06-11 00:00:00-04:00,11.60694737124556,11.983388981536178,11.481467404327468,11.965463638305664,397300,0.0,0.0
2010-06-14 00:00:00-04:00,12.117837014987243,12.234353922451563,11.893764592563087,12.064059257507324,453600,0.0,0.0
2010-06-15 00:00:00-04:00,12.21642710754755,12.440499503090019,12.028206261101143,12.315018653869629,387300,0.0,0.0
2010-06-16 00:00:00-04:00,12.180579340158596,12.297097124588184,11.974432227777443,12.090950012207031,359100,0.0,0.0
2010-06-17 00:00:00-04:00,12.117838779517141,12.27917036591216,12.073024117552965,12.153690338134766,212800,0.0,0.0
2010-06-18 00:00:00-04:00,12.225387272887728,12.234349516933415,12.019240274010242,12.108869552612305,568600,0.0,0.0
2010-06-21 00:00:00-04:00,12.29709179828603,12.323980243117722,11.983390141099369,12.099907875061035,553900,0.0,0.0
2010-06-22 00:00:00-04:00,12.126794895471829,12.297090353862119,12.010277175196405,12.108869552612305,481500,0.0,0.0
2010-06-23 00:00:00-04:00,12.099913115955912,12.198504692887738,11.884803754594497,12.090950012207031,341700,0.0,0.0
2010-06-24 00:00:00-04:00,12.028206367436454,12.189538767179162,11.768282420500068,11.77724552154541,603400,0.0,0.0
2010-06-25 00:00:00-04:00,11.831024037852178,11.839987140124496,11.311176072816428,11.418730735778809,1176000,0.0,0.0
2010-06-28 00:00:00-04:00,11.409738944746199,11.67947290635721,11.409738944746199,11.454694747924805,268700,0.04,0.0
2010-06-29 00:00:00-04:00,11.274871244745741,11.409737783089806,10.870270772253011,10.94219970703125,377100,0.0,0.0
2010-06-30 00:00:00-04:00,10.90623564530611,11.131013789213998,10.852288513485563,10.98715591430664,544000,0.0,0.0
2010-07-01 00:00:00-04:00,10.996144920282548,11.238905694872821,10.609527147452035,10.798340797424316,457000,0.0,0.0
2010-07-02 00:00:00-04:00,10.906235338693262,10.906235338693262,10.465670394810173,10.627510070800781,456500,0.0,0.0
2010-07-06 00:00:00-04:00,10.77137193246063,10.942203860499143,10.285851009682053,10.321815490722656,380800,0.0,0.0
2010-07-07 00:00:00-04:00,10.3577787907992,10.7084321975708,10.231902703199241,10.7084321975708,457000,0.0,0.0
2010-07-08 00:00:00-04:00,10.825316952314898,10.825316952314898,10.573565634575676,10.7084321975708,422300,0.0,0.0
2010-07-09 00:00:00-04:00,10.699437397678171,10.9152250289917,10.66347293536932,10.9152250289917,258400,0.0,0.0
2010-07-12 00:00:00-04:00,10.915226527487864,11.050093065296098,10.708430197726633,10.870270729064941,233100,0.0,0.0
2010-07-13 00:00:00-04:00,11.050092333551113,11.13101259386167,10.942198938957196,11.077065467834473,348500,0.0,0.0
2010-07-14 00:00:00-04:00,11.014128142036995,11.077065742746989,10.87027027900815,11.059083938598633,304900,0.0,0.0
2010-07-15 00:00:00-04:00,11.05908239173907,11.08605552291906,10.897241889738378,11.032109260559082,306100,0.0,0.0
2010-07-16 00:00:00-04:00,10.924216723521482,11.032110979978148,10.699438594581036,10.735403060913086,504000,0.0,0.0
2010-07-19 00:00:00-04:00,10.744393672806325,10.825313931003082,10.366766372861763,10.798340797424316,429800,0.0,0.0
2010-07-20 00:00:00-04:00,10.645491219316819,10.942198250137269,10.645491219316819,10.906233787536621,290800,0.0,0.0
2010-07-21 00:00:00-04:00,10.9961469547837,11.05908542139294,10.75338699273857,10.789351463317871,356700,0.0,0.0
2010-07-22 00:00:00-04:00,10.960184293245286,11.265882772356933,10.8882553402144,11.24790096282959,276700,0.0,0.0
2010-07-23 00:00:00-04:00,11.166978692886657,11.328819237191295,11.023120812376138,11.256890296936035,225200,0.0,0.0
2010-07-26 00:00:00-04:00,11.256886691301235,11.454690784915298,11.166975116050967,11.391753196716309,331300,0.0,0.0
2010-07-27 00:00:00-04:00,11.47267640920042,11.823329756924872,11.346800342796957,11.535614013671875,359000,0.0,0.0
2010-07-28 00:00:00-04:00,11.490657250026524,11.589560171564354,11.157985735445825,11.229914665222168,242400,0.0,0.0
2010-07-29 00:00:00-04:00,11.292854767063664,11.463685785804756,11.01412948047908,11.256890296936035,240000,0.0,0.0
2010-07-30 00:00:00-04:00,11.131013999653781,11.454694224314744,11.104040861963847,11.193951606750488,318500,0.0,0.0
2010-08-02 00:00:00-04:00,11.400748289870403,11.535614839813796,11.166978803005282,11.472677230834961,310200,0.0,0.0
2010-08-03 00:00:00-04:00,11.45469469373475,11.49965049670068,11.157987594604492,11.157987594604492,276600,0.0,0.0
2010-08-04 00:00:00-04:00,11.18496049922017,11.373774181755378,11.113031558964911,11.256890296936035,374700,0.0,0.0
2010-08-05 00:00:00-04:00,11.122025116868961,11.346803314519816,11.113033783172341,11.148998260498047,250900,0.0,0.0
2010-08-06 00:00:00-04:00,10.969172839865118,11.166977839175265,10.771367840554971,11.095048904418945,392300,0.0,0.0
2010-08-09 00:00:00-04:00,11.148995249589115,11.70644578378306,11.148995249589115,11.697454452514648,342800,0.0,0.0
2010-08-10 00:00:00-04:00,11.607541536850931,12.245911407599518,11.517630806756754,12.111044883728027,674700,0.0,0.0
2010-08-11 00:00:00-04:00,11.913240474489212,12.093062800725253,11.823328882640947,11.832320213317871,523400,0.0,0.0
2010-08-12 00:00:00-04:00,11.68846226425888,12.093062709606514,11.62552466491561,11.84131145477295,340700,0.0,0.0
2010-08-13 00:00:00-04:00,11.769381885342895,11.868283944288645,11.607541373013092,11.742408752441406,407400,0.0,0.0
2010-08-16 00:00:00-04:00,11.70644578378306,11.823329660430243,11.5985515234832,11.697454452514648,280200,0.0,0.0
2010-08-17 00:00:00-04:00,11.79635750569234,12.003153854771186,11.778375699119746,11.922233581542969,304900,0.0,0.0
2010-08-18 00:00:00-04:00,11.87727727354026,12.084072756359305,11.697454928162704,12.039117813110352,249400,0.0,0.0
2010-08-19 00:00:00-04:00,11.958198011076034,12.084073229033702,11.463685898849237,11.472677230834961,349400,0.0,0.0
2010-08-20 00:00:00-04:00,11.400748177446554,11.508641587829445,11.175970024783716,11.256890296936035,302100,0.0,0.0
2010-08-23 00:00:00-04:00,11.319826290858922,11.481666812081839,10.97816344464414,10.996145248413086,350100,0.0,0.0
2010-08-24 00:00:00-04:00,10.870270001916344,11.140003916949945,10.762376607395,10.924216270446777,215100,0.0,0.0
2010-08-25 00:00:00-04:00,10.933207879718145,11.06807526940306,10.807332678298156,11.059083938598633,208300,0.0,0.0
2010-08-26 00:00:00-04:00,11.077067548855789,11.319828375394335,10.798343108156686,10.84329891204834,228800,0.0,0.0
2010-08-27 00:00:00-04:00,10.996147775966683,11.140006526487754,10.762379128473887,11.104042053222656,188000,0.0,0.0
2010-08-30 00:00:00-04:00,11.023120804603417,11.175970016903218,10.879262924194336,10.879262924194336,277300,0.0,0.0
2010-08-31 00:00:00-04:00,10.906236350035561,11.71543737740797,10.861280546856955,11.454694747924805,460400,0.0,0.0
2010-09-01 00:00:00-04:00,11.652497938490633,12.057098388671875,11.607542142368164,12.057098388671875,354100,0.0,0.0
2010-09-02 00:00:00-04:00,11.9851704621552,12.08407253594372,11.61653444649005,11.82332992553711,255000,0.0,0.0
2010-09-03 00:00:00-04:00,11.94920436911388,12.138018017010236,11.94920436911388,12.111044883728027,189600,0.0,0.0
2010-09-07 00:00:00-04:00,12.021135548115607,12.021135548115607,11.697455315712128,11.706446647644043,177200,0.0,0.0
2010-09-08 00:00:00-04:00,11.751397939072586,11.832318186381878,11.616531431863992,11.688460350036621,268300,0.0,0.0
2010-09-09 00:00:00-04:00,11.868287171620514,11.877278504186158,11.52662425127199,11.634517669677734,309000,0.0,0.0
2010-09-10 00:00:00-04:00,11.652499108749064,11.787365653200602,11.526623038456535,11.661490440368652,169300,0.0,0.0
2010-09-13 00:00:00-04:00,11.787365449479568,12.021134922785206,11.733419175615536,11.976179122924805,224500,0.0,0.0
2010-09-14 00:00:00-04:00,11.967190862036508,12.281879804334217,11.877279245688179,12.030128479003906,227600,0.0,0.0
2010-09-15 00:00:00-04:00,11.9312219086479,12.29985785388057,11.895256589639445,12.236919403076172,143700,0.0,0.0
2010-09-16 00:00:00-04:00,12.18297585934733,12.218940328924493,11.895259245269429,12.17398452758789,153600,0.0,0.0
2010-09-17 00:00:00-04:00,12.308848511904253,12.353804303882773,12.030124145066166,12.22792911529541,362700,0.0,0.0
2010-09-20 00:00:00-04:00,12.281879753738526,12.641525360189545,12.191968995221309,12.63253402709961,185900,0.0,0.0
2010-09-21 00:00:00-04:00,12.659504023489406,12.767397421378972,12.461699031961617,12.497663497924805,300000,0.0,0.0
2010-09-22 00:00:00-04:00,12.434728220380588,12.632533248869795,12.263897189499454,12.389772415161133,189000,0.0,0.0
2010-09-23 00:00:00-04:00,12.272886695665228,12.45270990234652,12.164993286132812,12.164993286132812,188900,0.0,0.0
2010-09-24 00:00:00-04:00,12.362794549494843,12.542616844177246,12.14700779587596,12.542616844177246,257600,0.0,0.0
2010-09-27 00:00:00-04:00,12.803359815154254,12.821342473955658,12.24591025421623,12.353803634643555,389100,0.0,0.0
2010-09-28 00:00:00-04:00,12.416930049578475,12.66941639544811,12.254616968680187,12.642364501953125,328000,0.04,0.0
2010-09-29 00:00:00-04:00,12.552186965942383,12.687447256624315,12.416926675260452,12.552186965942383,336000,0.0,0.0
2010-09-30 00:00:00-04:00,12.669414316745405,12.74155326087214,12.498083679471375,12.588257789611816,254300,0.0,0.0
2010-10-01 00:00:00-04:00,12.732538757674613,12.732538757674613,12.498086702570282,12.669417381286621,145300,0.0,0.0
2010-10-04 00:00:00-04:00,12.66941507506811,12.921901394624149,12.371841697743186,12.380858421325684,183900,0.0,0.0
2010-10-05 00:00:00-04:00,12.534150201236379,12.786637306213379,12.534150201236379,12.786637306213379,230300,0.0,0.0
2010-10-06 00:00:00-04:00,12.79565922292769,12.894850933004866,12.66039889459506,12.849763870239258,185000,0.0,0.0
2010-10-07 00:00:00-04:00,12.966987514626748,12.966987514626748,12.597275215594657,12.660396575927734,147900,0.0,0.0
2010-10-08 00:00:00-04:00,12.687449490484862,12.912883921289293,12.624328125048136,12.840744972229004,107600,0.0,0.0
2010-10-11 00:00:00-04:00,12.813694307373614,12.876815678849976,12.642364501953125,12.642364501953125,136700,0.0,0.0
2010-10-12 00:00:00-04:00,12.570221709804068,12.750569916974515,12.552187405065416,12.61530876159668,114300,0.0,0.0
2010-10-13 00:00:00-04:00,12.66941406280417,13.075195830374717,12.624327008637659,13.01207447052002,206500,0.0,0.0
2010-10-14 00:00:00-04:00,12.966986306964348,13.363750457763672,12.921899256655253,13.363750457763672,228300,0.0,0.0
2010-10-15 00:00:00-04:00,13.462947484670794,13.462947484670794,13.093235073310781,13.1473388671875,256200,0.0,0.0
2010-10-18 00:00:00-04:00,13.20144184957553,13.435893026630957,13.093233415558215,13.408841133117676,98400,0.0,0.0
2010-10-19 00:00:00-04:00,13.192422500580198,13.327682810019564,12.994039968100266,13.057161331176758,179100,0.0,0.0
2010-10-20 00:00:00-04:00,13.156356629689212,13.688382149760267,13.156356629689212,13.535086631774902,231700,0.0,0.0
2010-10-21 00:00:00-04:00,13.634275348043074,13.679362409755614,13.17438886651068,13.426876068115234,204100,0.0,0.0
2010-10-22 00:00:00-04:00,13.426873035929061,13.508028696727267,13.300629463636328,13.37276840209961,101000,0.0,0.0
2010-10-25 00:00:00-04:00,13.499010829714251,13.697392463684082,13.426871897368148,13.697392463684082,200800,0.0,0.0
2010-10-26 00:00:00-04:00,13.625257786908143,13.76051897227608,13.535084523293696,13.580171585083008,164100,0.0,0.0
2010-10-27 00:00:00-04:00,13.489998488656706,13.625258824359426,13.381790048101681,13.50803279876709,225100,0.0,0.0
2010-10-28 00:00:00-04:00,13.6432917054399,13.769535294889115,13.508030532466291,13.625256538391113,122800,0.0,0.0
2010-10-29 00:00:00-04:00,13.562135924332246,13.742483304982114,13.435892327895267,13.670344352722168,155600,0.0,0.0
2010-11-01 00:00:00-04:00,13.742480792732419,13.814619731804717,13.50802881076546,13.679359436035156,182300,0.0,0.0
2010-11-02 00:00:00-04:00,13.868728260764591,13.985954284667969,13.598206733292509,13.985954284667969,178700,0.0,0.0
2010-11-03 00:00:00-04:00,14.05808943123738,14.094158901120137,13.84167261194084,13.886758804321289,306000,0.0,0.0
2010-11-04 00:00:00-04:00,14.130228996276855,14.355663408010738,13.949881638882557,14.130228996276855,372500,0.0,0.0
2010-11-05 00:00:00-04:00,14.121211853935344,14.382715745305848,14.121211853935344,14.319594383239746,191900,0.0,0.0
2010-11-08 00:00:00-05:00,14.229420222292942,14.481906529643894,14.139246971078203,14.472888946533203,160200,0.0,0.0
2010-11-09 00:00:00-05:00,14.44583737000837,14.499941146695278,14.265489154481273,14.328611373901367,207900,0.0,0.0
2010-11-10 00:00:00-05:00,14.355663805950448,14.608150973265456,14.310576750361049,14.472888946533203,185400,0.0,0.0
2010-11-11 00:00:00-05:00,14.283526678547691,14.554047326579262,13.76051883107254,14.418787002563477,139100,0.0,0.0
2010-11-12 00:00:00-05:00,14.247455757433267,14.42780312449666,14.103177863782554,14.17531681060791,170300,0.0,0.0
2010-11-15 00:00:00-05:00,14.265487121247538,14.508956661529435,14.23843523675974,14.301556587219238,118800,0.0,0.0
2010-11-16 00:00:00-05:00,14.157277938142215,14.229416866084648,13.913809271327468,13.976930618286133,221200,0.0,0.0
2010-11-17 00:00:00-05:00,13.985953229307492,14.23843956791253,13.868727214249827,14.11219596862793,183900,0.0,0.0
2010-11-18 00:00:00-05:00,14.292543050412174,14.57208125898952,14.130229987390429,14.283525466918945,299400,0.0,0.0
2010-11-19 00:00:00-05:00,14.238437505772213,14.599133082932923,14.121211507692285,14.436820030212402,224300,0.0,0.0
2010-11-22 00:00:00-05:00,14.364683050583803,14.57208232633465,14.283526513128548,14.490925788879395,145000,0.0,0.0
2010-11-23 00:00:00-05:00,14.382713437722204,14.382713437722204,14.049070654673702,14.184330940246582,221200,0.0,0.0
2010-11-24 00:00:00-05:00,14.319595368305954,14.63520306031165,14.319595368305954,14.59913444519043,244500,0.0,0.0
2010-11-26 00:00:00-05:00,14.517978142777949,14.644220877607793,14.373699380171631,14.581099510192871,58100,0.0,0.0
2010-11-29 00:00:00-05:00,14.454854070638987,14.626182973013158,14.400749437289905,14.608149528503418,192800,0.0,0.0
2010-11-30 00:00:00-05:00,14.50896032749502,14.65323822783638,14.409768626037245,14.59913444519043,338000,0.0,0.0
2010-12-01 00:00:00-05:00,14.725378665272896,15.086073452556533,14.716361080599752,15.02295207977295,325000,0.0,0.0
2010-12-02 00:00:00-05:00,14.923758243291456,15.068036137661073,14.788497932310962,15.040985107421875,242100,0.0,0.0
2010-12-03 00:00:00-05:00,15.013928186620314,15.068031951997698,14.923754097706212,15.031963348388672,150800,0.0,0.0
2010-12-06 00:00:00-05:00,14.95983034862264,15.131161013451253,14.914744146265393,15.013934135437012,163200,0.0,0.0
2010-12-07 00:00:00-05:00,15.167230470485498,15.167230470485498,14.860639461694479,14.90572738647461,199400,0.0,0.0
2010-12-08 00:00:00-05:00,14.878666556853162,15.077048158437291,14.698318395465746,14.743406295776367,338800,0.0,0.0
2010-12-09 00:00:00-05:00,14.914741493604351,14.914741493604351,14.617166419229584,14.662254333496094,246100,0.0,0.0
2010-12-10 00:00:00-05:00,14.725373926544146,14.725373926544146,14.554043312746657,14.590113639831543,315600,0.0,0.0
2010-12-13 00:00:00-05:00,14.599131435186104,14.743409305780693,14.490922172276218,14.671270370483398,173400,0.0,0.0
2010-12-14 00:00:00-05:00,14.75242752106928,14.923756424801317,14.734392356488657,14.914740562438965,172800,0.0,0.0
2010-12-15 00:00:00-05:00,14.905726410187565,15.013933982715622,14.743413331467123,14.75243091583252,179100,0.0,0.0
2010-12-16 00:00:00-05:00,14.743408707309191,15.068033043005771,14.743408707309191,15.059017181396484,176800,0.0,0.0
2010-12-17 00:00:00-05:00,15.059016766395994,15.07705020904541,14.842598255325306,15.07705020904541,446300,0.0,0.0
2010-12-20 00:00:00-05:00,15.149192496590418,15.18526282973822,14.824568097900952,14.860636711120605,239300,0.0,0.0
2010-12-21 00:00:00-05:00,14.95982867921569,15.08607140767092,14.932775928863206,14.99589729309082,163900,0.0,0.0
2010-12-22 00:00:00-05:00,15.01393198295652,15.059019898778086,14.653237256024616,14.77947998046875,175300,0.0,0.0
2010-12-23 00:00:00-05:00,14.761448500197917,14.842603319629783,14.680291960837696,14.75243091583252,85800,0.0,0.0
2010-12-27 00:00:00-05:00,14.662256202392603,14.788498938573989,14.626185866381759,14.76144790649414,71300,0.0,0.0
2010-12-28 00:00:00-05:00,14.761446099308072,14.78849712807617,14.653236824451463,14.716358184814453,92700,0.0,0.0
2010-12-29 00:00:00-05:00,14.770593651797464,14.788673127422827,14.689237735637025,14.698277473449707,82700,0.04,0.0
2010-12-30 00:00:00-05:00,14.653084249834123,14.734440196339483,14.544610803929867,14.607887268066406,87300,0.0,0.0
2010-12-31 00:00:00-05:00,14.5355705265314,14.70732215439065,14.119751930236816,14.119751930236816,279700,0.0,0.0
2011-01-03 00:00:00-05:00,14.246302091546532,14.662119719976683,14.246302091546532,14.427092552185059,233100,0.0,0.0
2011-01-04 00:00:00-05:00,14.490373196813039,14.553649657088613,13.920881606024409,14.46325397491455,349300,0.0,0.0
2011-01-05 00:00:00-05:00,14.399972480364498,15.023700572738623,14.399972480364498,15.014660835266113,266800,0.0,0.0
2011-01-06 00:00:00-05:00,14.951386985973135,14.951386985973135,14.707319204415468,14.924267768859863,219500,0.0,0.0
2011-01-07 00:00:00-05:00,14.906187822663158,15.16833507406374,14.906187822663158,15.114096641540527,242500,0.0,0.0
2011-01-10 00:00:00-05:00,14.951391900094416,15.068905097900842,14.770600508225844,14.93331241607666,225100,0.0,0.0
2011-01-11 00:00:00-05:00,14.960424086948915,14.969463825434449,14.499409493263412,14.707318305969238,194200,0.0,0.0
2011-01-12 00:00:00-05:00,14.86098889291076,15.059857946803799,14.842909417787672,14.951384544372559,192600,0.0,0.0
2011-01-13 00:00:00-05:00,14.897148672267104,15.04178104973347,14.79771499035519,15.005623817443848,146000,0.0,0.0
2011-01-14 00:00:00-05:00,14.996583957007996,15.041780928042856,14.761555914488085,14.924267768859863,124100,0.0,0.0
2011-01-18 00:00:00-05:00,14.833872642392187,14.906188833171667,14.246303376789657,14.381896018981934,218400,0.0,0.0
2011-01-19 00:00:00-05:00,14.418054166790087,14.418054166790087,13.712970873088244,13.722010612487793,332000,0.0,0.0
2011-01-20 00:00:00-05:00,13.559298133325175,13.920879072049729,13.559298133325175,13.749128341674805,204000,0.0,0.0
2011-01-21 00:00:00-05:00,13.830484758410732,13.97511713902477,13.69489125502733,13.712970733642578,314700,0.0,0.0
2011-01-24 00:00:00-05:00,13.72201312880512,13.911843380621374,13.6948939056334,13.848566055297852,190700,0.0,0.0
2011-01-25 00:00:00-05:00,13.866642951965332,14.029354812349263,13.712970830953173,13.866642951965332,180500,0.0,0.0
2011-01-26 00:00:00-05:00,13.957036492447973,14.580763797170118,13.91183952384603,14.427092552185059,298600,0.0,0.0
2011-01-27 00:00:00-05:00,14.436130463117872,14.644040113088442,14.32765620046763,14.571723937988281,223300,0.0,0.0
2011-01-28 00:00:00-05:00,14.508447469353396,14.508447469353396,13.649693005337014,13.685851097106934,308800,0.0,0.0
2011-01-31 00:00:00-05:00,13.758170045974667,13.893762701846132,13.604497909545898,13.604497909545898,202900,0.0,0.0
2011-02-01 00:00:00-05:00,13.667773226852653,14.065513145153664,13.550259199267218,14.0293550491333,164900,0.0,0.0
2011-02-02 00:00:00-05:00,13.938962083952696,14.07455475483181,13.848566395315167,14.020318031311035,149600,0.0,0.0
2011-02-03 00:00:00-05:00,13.957040327098646,13.96608006813344,13.658735769567658,13.920882225036621,118900,0.0,0.0
2011-02-04 00:00:00-05:00,13.866641982266687,14.047432446674433,13.767206580284725,13.938958168029785,136600,0.0,0.0
2011-02-07 00:00:00-05:00,13.911841553801153,14.192066593160853,13.532181100023395,14.002236366271973,156200,0.0,0.0
2011-02-08 00:00:00-05:00,13.993197365313263,14.155909243260608,13.866644448756071,14.056474685668945,106600,0.0,0.0
2011-02-09 00:00:00-05:00,13.948000939646839,13.97511929968543,13.803368536671522,13.87568473815918,130100,0.0,0.0
2011-02-10 00:00:00-05:00,13.72201098463307,14.065513332438833,13.72201098463307,14.047433853149414,167400,0.0,0.0
2011-02-11 00:00:00-05:00,13.920882736070922,14.616927303913062,13.920882736070922,14.409017562866211,168900,0.0,0.0
2011-02-14 00:00:00-05:00,14.354776884965478,14.454211426378908,14.083590753201545,14.246302604675293,112000,0.0,0.0
2011-02-15 00:00:00-05:00,14.128790550805178,14.264383204509437,14.128790550805178,14.183027267456055,242600,0.0,0.0
2011-02-16 00:00:00-05:00,14.282461045513639,14.282461045513639,14.029354385346613,14.201105117797852,132100,0.0,0.0
2011-02-17 00:00:00-05:00,14.192064910409432,14.291500313037446,14.011274444827052,14.164946556091309,142200,0.0,0.0
2011-02-18 00:00:00-05:00,14.282461374411012,14.282461374411012,14.201105444821756,14.22822380065918,184800,0.0,0.0
2011-02-22 00:00:00-05:00,14.01127715188949,14.219186011959225,13.78528881072998,13.78528881072998,216300,0.0,0.0
2011-02-23 00:00:00-05:00,14.336697718202549,14.806752942989748,14.101670536847434,14.34573745727539,467400,0.0,0.0
2011-02-24 00:00:00-05:00,14.300539001183056,14.4722905877792,14.246302293262012,14.372855186462402,464800,0.0,0.0
2011-02-25 00:00:00-05:00,14.418053874183084,14.44517222975438,13.920879424298775,14.219183921813965,298900,0.0,0.0
2011-02-28 00:00:00-05:00,14.698279327603814,14.915227890014648,14.472291026239954,14.915227890014648,498200,0.0,0.0
2011-03-01 00:00:00-05:00,14.91522628167298,15.249689690253287,14.47228946566114,14.50844669342041,398000,0.0,0.0
2011-03-02 00:00:00-05:00,14.499410103425138,14.64404247697244,14.237262848774469,14.318618774414062,270100,0.0,0.0
2011-03-03 00:00:00-05:00,14.517485513547948,14.707316550781881,14.445169338447787,14.571723937988281,300800,0.0,0.0
2011-03-04 00:00:00-05:00,14.544607879274263,14.662121042733174,14.146867967910124,14.381896018981934,252700,0.0,0.0
2011-03-07 00:00:00-05:00,14.915227626363885,15.123136446146571,14.635002620389226,14.82483196258545,478500,0.0,0.0
2011-03-08 00:00:00-05:00,14.89715083177552,15.620314548091944,14.390937437261957,15.394326210021973,504700,0.0,0.0
2011-03-09 00:00:00-05:00,15.349129910042365,15.5118418147817,15.240656456319114,15.439525604248047,297800,0.0,0.0
2011-03-10 00:00:00-05:00,15.231613298216391,15.44856188115841,14.996585235657355,15.240653038024902,404300,0.0,0.0
2011-03-11 00:00:00-05:00,15.303929587690295,15.584154626880249,15.19545443346775,15.2587308883667,334600,0.0,0.0
2011-03-14 00:00:00-04:00,15.059858744558001,15.303926499187574,15.059858744558001,15.0869779586792,238900,0.0,0.0
2011-03-15 00:00:00-04:00,14.77963642832145,15.195454108275257,14.77963642832145,15.077940940856934,370100,0.0,0.0
2011-03-16 00:00:00-04:00,14.987542349708109,14.996582087619023,14.544605536995554,14.562685012817383,295000,0.0,0.0
2011-03-17 00:00:00-04:00,14.870030793940035,14.9152277641699,14.237262865798542,14.246302604675293,328400,0.0,0.0
2011-03-18 00:00:00-04:00,14.381894768693563,14.89714779872315,14.29149996911617,14.644042015075684,604400,0.0,0.0
2011-03-21 00:00:00-04:00,14.85195211334279,15.08698016429144,14.779635922601203,14.897149085998535,257800,0.0,0.0
2011-03-22 00:00:00-04:00,14.978502968024667,15.123135329731612,14.752514687338348,14.815791130065918,164100,0.0,0.0
2011-03-23 00:00:00-04:00,14.770596782444525,14.879070210880398,14.454212788557454,14.788676261901855,238200,0.0,0.0
2011-03-24 00:00:00-04:00,14.870032604974904,15.276810559047242,14.779636929351906,15.123138427734375,276200,0.0,0.0
2011-03-25 00:00:00-04:00,15.2316146209181,15.367207281512362,15.150258679730696,15.276811599731445,278700,0.0,0.0
2011-03-28 00:00:00-04:00,15.258731139813174,15.41240327173757,15.258731139813174,15.349126815795898,231100,0.0,0.0
2011-03-29 00:00:00-04:00,15.303820610046387,15.521281449381622,15.231333663601307,15.303820610046387,216000,0.04,0.0
2011-03-30 00:00:00-04:00,15.39443366071486,15.53940759066731,15.231337557461963,15.475981712341309,191900,0.0,0.0
2011-03-31 00:00:00-04:00,15.394423302691413,15.494093460555984,15.285693792497703,15.330997467041016,180200,0.0,0.0
2011-04-01 00:00:00-04:00,15.031996733477623,15.376309336903173,14.62425653237141,14.823596954345703,444200,0.0,0.0
2011-04-04 00:00:00-04:00,14.796411382180573,15.01387221265727,14.560828383774552,14.941385269165039,473400,0.0,0.0
2011-04-05 00:00:00-04:00,14.85983728216974,14.959507477827348,14.406793452053437,14.66049861907959,360600,0.0,0.0
2011-04-06 00:00:00-04:00,14.7058008332366,14.95950597477174,14.615191730672272,14.923261642456055,249900,0.0,0.0
2011-04-07 00:00:00-04:00,14.905145021443728,14.977631976412727,14.714865684509277,14.714865684509277,216800,0.0,0.0
2011-04-08 00:00:00-04:00,14.859837067372201,14.859837067372201,14.289002610096043,14.316184997558594,208000,0.0,0.0
2011-04-11 00:00:00-04:00,14.270880789627958,14.497402706923639,14.180271677064669,14.406793594360352,243300,0.0,0.0
2011-04-12 00:00:00-04:00,14.316185221878753,14.624254300877336,14.279941749989947,14.307124137878418,425600,0.0,0.0
2011-04-13 00:00:00-04:00,14.379611341270943,14.588011956478518,14.243698535262233,14.261819839477539,236900,0.0,0.0
2011-04-14 00:00:00-04:00,14.198394775390625,14.343368673699418,14.162151300813427,14.198394775390625,217600,0.0,0.0
2011-04-15 00:00:00-04:00,14.1530910156406,14.379612960572324,14.134969709384638,14.343369483947754,276700,0.0,0.0
2011-04-18 00:00:00-04:00,14.116847263596389,14.243699861363812,13.999055750836487,14.107786178588867,204300,0.0,0.0
2011-04-19 00:00:00-04:00,14.207454144038971,14.415853881658489,14.044358096084572,14.22557544708252,270200,0.0,0.0
2011-04-20 00:00:00-04:00,14.424917595992431,14.524587805303105,14.3343084719123,14.47928237915039,224700,0.0,0.0
2011-04-21 00:00:00-04:00,14.569889788150665,14.569889788150665,14.12590703346883,14.261819839477539,131700,0.0,0.0
2011-04-25 00:00:00-04:00,14.180271332020805,14.433976495379673,14.10778438937899,14.316184997558594,134900,0.0,0.0
2011-04-26 00:00:00-04:00,14.334304588173127,14.796409440376253,14.334304588173127,14.732983589172363,231100,0.0,0.0
2011-04-27 00:00:00-04:00,14.71486773122741,14.814537956257597,14.533651182711834,14.77829360961914,178000,0.0,0.0
2011-04-28 00:00:00-04:00,14.68767922602433,14.905141771744294,14.68767922602433,14.868897438049316,128000,0.0,0.0
2011-04-29 00:00:00-04:00,14.877963480364228,15.14978916077746,14.723928467269921,14.968572616577148,195000,0.0,0.0
2011-05-02 00:00:00-04:00,15.077298444517249,15.258516671835524,14.91420238557582,15.10448169708252,231000,0.0,0.0
2011-05-03 00:00:00-04:00,15.122603574331258,15.285699630132893,15.022933378402467,15.186029434204102,192000,0.0,0.0
2011-05-04 00:00:00-04:00,15.26758068132924,15.331006554575659,14.887023713625307,14.995753288269043,156700,0.0,0.0
2011-05-05 00:00:00-04:00,14.850777553260599,15.104482743436439,14.180272830894324,14.18933391571045,408800,0.0,0.0
2011-05-06 00:00:00-04:00,14.370551649599172,14.542707944832815,14.14402970822654,14.35243034362793,264000,0.0,0.0
2011-05-09 00:00:00-04:00,14.334309680790556,14.334309680790556,14.008118361995637,14.053422927856445,285000,0.0,0.0
2011-05-10 00:00:00-04:00,14.153088506683341,14.352428024837328,14.153088506683341,14.22557544708252,273800,0.0,0.0
2011-05-11 00:00:00-04:00,14.225574670408815,14.415853094596152,13.999052778000673,14.008113861083984,423300,0.0,0.0
2011-05-12 00:00:00-04:00,13.944690859559993,14.234638664623773,13.872203908294047,14.216516494750977,192000,0.0,0.0
2011-05-13 00:00:00-04:00,14.22557904500349,14.243701216742974,13.881265558967678,13.953752517700195,208000,0.0,0.0
2011-05-16 00:00:00-04:00,13.799714717858429,14.09872444217674,13.799714717858429,13.917506217956543,340500,0.0,0.0
2011-05-17 00:00:00-04:00,13.845017601374812,14.171209674275712,13.845017601374812,14.01717472076416,304200,0.0,0.0
2011-05-18 00:00:00-04:00,14.080603713808308,14.23463870167756,13.85408177448442,14.180273056030273,264200,0.0,0.0
2011-05-19 00:00:00-04:00,14.307123979190978,14.307123979190978,14.080602066370277,14.243698120117188,225500,0.0,0.0
2011-05-20 00:00:00-04:00,14.125907463646644,14.261820273794322,14.02623726303328,14.035298347473145,175200,0.0,0.0
2011-05-23 00:00:00-04:00,13.817838825746863,14.207456852759382,13.727229700916576,14.162152290344238,226800,0.0,0.0
2011-05-24 00:00:00-04:00,14.180272898503897,14.189333983363225,13.899386180765672,13.908447265625,237100,0.0,0.0
2011-05-25 00:00:00-04:00,13.82690143585205,14.07154471729229,13.672866425121521,13.82690143585205,212300,0.0,0.0
2011-05-26 00:00:00-04:00,13.799715770743894,13.953750754616044,13.754412075344815,13.80877685546875,175300,0.0,0.0
2011-05-27 00:00:00-04:00,13.835960182298948,13.935629522457948,13.718168672595073,13.736289978027344,185100,0.0,0.0
2011-05-31 00:00:00-04:00,13.863140741570856,13.980932235717773,13.727227080272495,13.980932235717773,518300,0.0,0.0
2011-06-01 00:00:00-04:00,13.971875854353693,14.080606301517937,13.564136461459574,13.600379943847656,404300,0.0,0.0
2011-06-02 00:00:00-04:00,13.672864280036185,13.89938621744139,13.654742110269712,13.872203826904297,195900,0.0,0.0
2011-06-03 00:00:00-04:00,13.618498468323468,13.935629522457948,13.609438247663636,13.736289978027344,299000,0.0,0.0
2011-06-06 00:00:00-04:00,13.72722752474927,13.817836635215363,13.600375807031764,13.718167304992676,242900,0.0,0.0
2011-06-07 00:00:00-04:00,13.845021214140381,13.845021214140381,13.627560351536445,13.67286491394043,368000,0.0,0.0
2011-06-08 00:00:00-04:00,13.70910842962505,13.86314342376453,13.609439083345894,13.636621475219727,208000,0.0,0.0
2011-06-09 00:00:00-04:00,13.645683052615006,13.745352402488264,13.573195231483096,13.582256317138672,213800,0.0,0.0
2011-06-10 00:00:00-04:00,13.491644990690633,13.536948680460444,13.13827050734365,13.237939834594727,263600,0.0,0.0
2011-06-13 00:00:00-04:00,13.274185310322215,13.56413398050648,13.201698358804304,13.446342468261719,197600,0.0,0.0
2011-06-14 00:00:00-04:00,13.555075595382625,13.627562561338191,13.391979489926207,13.41916275024414,188300,0.0,0.0
2011-06-15 00:00:00-04:00,13.256061739020243,13.319487594730695,12.929870512936168,13.03860092163086,269300,0.0,0.0
2011-06-16 00:00:00-04:00,13.065786167805866,13.44634311359537,13.02954269030747,13.247003555297852,223800,0.0,0.0
2011-06-17 00:00:00-04:00,13.391976046735069,13.464462994053623,13.147332815563093,13.265124320983887,537600,0.0,0.0
2011-06-20 00:00:00-04:00,13.247005558015076,13.473527542654416,13.237944471242432,13.41916275024414,242700,0.0,0.0
2011-06-21 00:00:00-04:00,13.500707664494179,13.591316788730778,13.364794842251932,13.46446418762207,332600,0.0,0.0
2011-06-22 00:00:00-04:00,13.373856544494629,13.582256330095522,13.337613065950444,13.373856544494629,207900,0.0,0.0
2011-06-23 00:00:00-04:00,13.29230624904065,13.573192944126896,13.174514747706482,13.527889251708984,243200,0.0,0.0
2011-06-24 00:00:00-04:00,13.518829834986558,13.555073311858669,13.328551365379822,13.46446418762207,487800,0.0,0.0
2011-06-27 00:00:00-04:00,13.43728169634627,13.790656241313224,13.43728169634627,13.645682334899902,348200,0.0,0.0
2011-06-28 00:00:00-04:00,13.654766999372288,13.763786993142887,13.554832221686048,13.736532211303711,231800,0.04,0.0
2011-06-29 00:00:00-04:00,13.79104023436749,13.872805432027967,13.591169847465626,13.663849830627441,215200,0.0,0.0
2011-06-30 00:00:00-04:00,13.745616871919367,13.836466429849967,13.618426451119898,13.682022094726562,233000,0.0,0.0
2011-07-01 00:00:00-04:00,13.709277196209724,13.963657177346334,13.627511985669486,13.918231964111328,201500,0.0,0.0
2011-07-05 00:00:00-04:00,13.854636177991901,13.854636177991901,13.627510994746133,13.70927619934082,237800,0.0,0.0
2011-07-06 00:00:00-04:00,13.763784801057561,14.036335175283343,13.763784801057561,13.936400413513184,234400,0.0,0.0
2011-07-07 00:00:00-04:00,13.990911451057011,14.099932305430723,13.836466251510407,14.072676658630371,212000,0.0,0.0
2011-07-08 00:00:00-04:00,13.854635420975319,14.0181658212294,13.818295428298164,13.981825828552246,188000,0.0,0.0
2011-07-11 00:00:00-04:00,13.80921021652626,13.918230194581417,13.718360668020516,13.754700660705566,150000,0.0,0.0
2011-07-12 00:00:00-04:00,13.672937195171741,13.8818919630163,13.627511981949134,13.772871971130371,170000,0.0,0.0
2011-07-13 00:00:00-04:00,13.791042200233546,13.936402187277748,13.663851778362938,13.727446556091309,228200,0.0,0.0
2011-07-14 00:00:00-04:00,13.718362125236279,13.863722111417168,13.545746491836077,13.60025691986084,240900,0.0,0.0
2011-07-15 00:00:00-04:00,13.618422627921401,13.700187813594107,13.327702737897212,13.373127937316895,206000,0.0,0.0
2011-07-18 00:00:00-04:00,12.046722419285214,12.410122441086006,10.902011050991725,11.174561500549316,2340900,0.0,0.0
2011-07-19 00:00:00-04:00,11.274497277702704,11.77417300126601,11.12005203830288,11.238157272338867,1100200,0.0,0.0
2011-07-20 00:00:00-04:00,11.31992002208138,11.338089587577342,11.03828439237599,11.183645248413086,444700,0.0,0.0
2011-07-21 00:00:00-04:00,11.238152344883297,11.59246789163884,11.183642793944713,11.56521224975586,470700,0.0,0.0
2011-07-22 00:00:00-04:00,11.601555937803692,11.692405500351004,11.428940296060164,11.501620292663574,384600,0.0,0.0
2011-07-25 00:00:00-04:00,11.356260299682617,11.528875075015677,11.256325520954416,11.356260299682617,529200,0.0,0.0
2011-07-26 00:00:00-04:00,11.310836664512461,11.51070711629031,11.274496661135945,11.410772323608398,328200,0.0,0.0
2011-07-27 00:00:00-04:00,11.310836664512461,11.447112326984914,11.310836664512461,11.410772323608398,403900,0.0,0.0
2011-07-28 00:00:00-04:00,11.392600059509277,11.465280054592759,11.301749632447983,11.392600059509277,363100,0.0,0.0
2011-07-29 00:00:00-04:00,11.301748715364294,11.701489522300243,11.301748715364294,11.683319091796875,388700,0.0,0.0
2011-08-01 00:00:00-04:00,11.801425456877306,11.928615883726597,11.510705471409098,11.728745460510254,494800,0.0,0.0
2011-08-02 00:00:00-04:00,11.68332048434903,11.855936129050079,11.5561309213208,11.692405700683594,534900,0.0,0.0
2011-08-03 00:00:00-04:00,11.556129893828578,12.38286544566005,11.401684695528871,12.083060264587402,581500,0.0,0.0
2011-08-04 00:00:00-04:00,11.892276531231513,12.437376533580483,11.719660880677212,11.783256530761719,767700,0.0,0.0
2011-08-05 00:00:00-04:00,11.874104456581474,12.173909633034642,11.674234916555248,11.81050968170166,678700,0.0,0.0
2011-08-08 00:00:00-04:00,11.501618289198804,11.992208614022942,11.383513098687507,11.601553916931152,1335000,0.0,0.0
2011-08-09 00:00:00-04:00,11.846849470894606,11.955869454399346,11.192728703452355,11.765084266662598,1106400,0.0,0.0
2011-08-10 00:00:00-04:00,11.456193848685567,11.692404245503118,10.965603491056548,11.101879119873047,747300,0.0,0.0
2011-08-11 00:00:00-04:00,11.165474858269926,11.428940057051019,11.165474858269926,11.392600059509277,1467300,0.0,0.0
2011-08-12 00:00:00-04:00,11.447110728417968,11.656065502049298,11.356260299456752,11.501620292663574,851500,0.0,0.0
2011-08-15 00:00:00-04:00,11.574299280128308,11.974040093008416,11.574299280128308,11.81050968170166,507600,0.0,0.0
2011-08-16 00:00:00-04:00,11.710574985198368,12.010380163533478,11.565214137338888,11.792339324951172,699700,0.0,0.0
2011-08-17 00:00:00-04:00,11.89227437034663,11.974039572445323,11.737829181141054,11.819594383239746,459200,0.0,0.0
2011-08-18 00:00:00-04:00,11.537960921396115,11.846851357045246,11.365346136634868,11.701491355895996,863500,0.0,0.0
2011-08-19 00:00:00-04:00,11.465280413767251,11.810510834435814,10.920180433564713,10.965604782104492,585500,0.0,0.0
2011-08-22 00:00:00-04:00,11.183645640599417,11.47436563004077,10.920180433564713,10.965604782104492,331700,0.0,0.0
2011-08-23 00:00:00-04:00,11.00194328924715,11.438024080703457,11.00194328924715,11.428938865661621,454300,0.0,0.0
2011-08-24 00:00:00-04:00,11.401683186103597,11.719657889720484,11.338087552249238,11.492532730102539,258100,0.0,0.0
2011-08-25 00:00:00-04:00,11.583386822193246,11.656066827058593,11.129136358577824,11.156391143798828,230600,0.0,0.0
2011-08-26 00:00:00-04:00,11.129134198029837,11.238154184163326,10.838414235007198,10.902009010314941,536200,0.0,0.0
2011-08-29 00:00:00-04:00,10.992859166900573,11.774169481891446,10.865668752938136,11.765084266662598,630900,0.0,0.0
2011-08-30 00:00:00-04:00,11.656062656538417,11.755997410868277,11.456192281465004,11.56521224975586,457600,0.0,0.0
2011-08-31 00:00:00-04:00,11.601556854997932,11.765086427076954,11.43802641650494,11.583386421203613,615200,0.0,0.0
2011-09-01 00:00:00-04:00,11.610637886938024,11.765083064390462,11.292663184146441,11.347172737121582,306700,0.0,0.0
2011-09-02 00:00:00-04:00,11.16547541094423,11.383515406987328,10.99286063068026,11.011030197143555,318200,0.0,0.0
2011-09-06 00:00:00-04:00,10.738479499646136,11.020115137284375,10.72030993363839,10.98377513885498,308100,0.0,0.0
2011-09-07 00:00:00-04:00,11.156387597837627,11.59246835483922,11.092792830396995,11.492532730102539,670300,0.0,0.0
2011-09-08 00:00:00-04:00,11.428942043586863,11.510707268871375,11.16547679901123,11.16547679901123,240000,0.0,0.0
2011-09-09 00:00:00-04:00,11.011030969318313,11.256326631879185,10.729396171282483,10.820245742797852,339600,0.0,0.0
2011-09-12 00:00:00-04:00,10.765732796218868,10.99285795338455,10.547691986865388,10.911092758178711,209600,0.0,0.0
2011-09-13 00:00:00-04:00,10.974688266323923,11.401683833236785,10.956518703058363,11.319918632507324,337600,0.0,0.0
2011-09-14 00:00:00-04:00,11.419854059528777,11.765084445755942,11.310834074364488,11.519789695739746,362600,0.0,0.0
2011-09-15 00:00:00-04:00,11.619725503747594,11.619725503747594,11.356260299456752,11.501620292663574,297400,0.0,0.0
2011-09-16 00:00:00-04:00,11.510704021976705,11.610638787794102,11.365344047546387,11.365344047546387,585500,0.0,0.0
2011-09-19 00:00:00-04:00,11.238151976566051,11.438022345088946,11.17455721375072,11.329002380371094,346600,0.0,0.0
2011-09-20 00:00:00-04:00,11.374430451397027,11.465280011704595,11.183645248413086,11.183645248413086,336000,0.0,0.0
2011-09-21 00:00:00-04:00,11.19272755391205,11.383512722054355,10.54769206794651,10.58403205871582,307700,0.0,0.0
2011-09-22 00:00:00-04:00,10.356909076233281,10.792989923517936,9.884489096956635,9.948083877563477,801500,0.0,0.0
2011-09-23 00:00:00-04:00,9.948084070197352,10.447759707764527,9.948084070197352,10.284229278564453,362600,0.0,0.0
2011-09-26 00:00:00-04:00,10.384165499589221,10.79299072876063,10.384165499589221,10.711225509643555,269900,0.0,0.0
2011-09-27 00:00:00-04:00,10.929266024001427,11.101881687136206,10.720311224475546,10.847500801086426,311700,0.0,0.0
2011-09-28 00:00:00-04:00,10.847499096787372,10.9933485590485,10.50110912322998,10.50110912322998,286600,0.04,0.0
2011-09-29 00:00:00-04:00,10.719880141041813,11.020693028782565,10.701648635444903,10.938652992248535,227200,0.0,0.0
2011-09-30 00:00:00-04:00,10.783688164300493,11.075385285510166,10.48287529072152,10.49199104309082,308900,0.0,0.0
2011-10-03 00:00:00-04:00,10.428183761749386,10.692534548814919,9.57132285967268,9.580438613891602,596700,0.0,0.0
2011-10-04 00:00:00-04:00,9.553089882188129,10.409951521825285,9.543974998697038,10.373489379882812,644900,0.0,0.0
2011-10-05 00:00:00-04:00,10.391720761369143,10.528454455452955,10.172947894026363,10.282334327697754,306600,0.0,0.0
2011-10-06 00:00:00-04:00,10.300565236109007,10.665186660493413,10.27321884661169,10.637840270996094,193000,0.0,0.0
2011-10-07 00:00:00-04:00,10.692534106143642,10.838383559629703,10.528454883626791,10.5740327835083,289000,0.0,0.0
2011-10-10 00:00:00-04:00,10.756342394891579,10.938653106128513,10.656070851716732,10.920421600341797,274900,0.0,0.0
2011-10-11 00:00:00-04:00,10.82015260130316,11.102734899454775,10.72899766623819,11.002463340759277,342600,0.0,0.0
2011-10-12 00:00:00-04:00,11.130082130432129,11.303277128614512,11.102735734787803,11.130082130432129,377800,0.0,0.0
2011-10-13 00:00:00-04:00,11.093617456340326,11.321506063299944,10.975115276402198,11.203003883361816,314000,0.0,0.0
2011-10-14 00:00:00-04:00,11.294162242950566,11.294162242950566,10.938655622269366,11.130082130432129,388500,0.0,0.0
2011-10-17 00:00:00-04:00,11.011577492153094,11.257697606586783,10.956884712940754,11.02980899810791,220800,0.0,0.0
2011-10-18 00:00:00-04:00,11.102734477007063,11.485587449960834,11.048040822588176,11.385315895080566,527000,0.0,0.0
2011-10-19 00:00:00-04:00,11.394432289515773,11.403548043985673,11.011579295041948,11.093619346618652,341300,0.0,0.0
2011-10-20 00:00:00-04:00,11.08450245815899,11.531163949574431,11.07538670462167,11.503817558288574,160000,0.0,0.0
2011-10-21 00:00:00-04:00,11.677014669544999,11.677014669544999,11.394432364404246,11.640552520751953,243100,0.0,0.0
2011-10-24 00:00:00-04:00,11.704360219630194,12.014288896680549,11.667898073466985,11.904902458190918,289100,0.0,0.0
2011-10-25 00:00:00-04:00,11.804632319946577,11.895788130949752,11.42177930465523,11.567627906799316,281200,0.0,0.0
2011-10-26 00:00:00-04:00,11.731706837469023,11.850209032109255,11.476471809419532,11.759053230285645,276500,0.0,0.0
2011-10-27 00:00:00-04:00,12.096327525193221,12.561219616957397,11.877553804528041,12.460948944091797,335800,0.0,0.0
2011-10-28 00:00:00-04:00,12.44272093839227,12.670609606636278,12.36979663410029,12.388028144836426,215300,0.0,0.0
2011-10-31 00:00:00-04:00,12.178367719139537,12.460949994603359,12.141905574175764,12.223945617675781,272900,0.0,0.0
2011-11-01 00:00:00-04:00,11.795516089136742,12.287755536178667,11.759053940071643,12.123676300048828,430100,0.0,0.0
2011-11-02 00:00:00-04:00,11.111847425661374,12.962303428981715,10.382604622637194,10.49199104309082,639500,0.0,0.0
2011-11-03 00:00:00-04:00,10.710764337426301,10.719880090181508,10.318795662212754,10.546684265136719,390000,0.0,0.0
2011-11-04 00:00:00-04:00,10.482878556051919,10.646958672504963,10.482878556051919,10.610496520996094,300600,0.0,0.0
2011-11-07 00:00:00-05:00,10.583150893267439,10.847501749950476,10.464648665192092,10.801924705505371,247500,0.0,0.0
2011-11-08 00:00:00-05:00,10.847496588748738,11.057154544612553,10.656070137449596,11.011576652526855,248600,0.0,0.0
2011-11-09 00:00:00-05:00,10.719878614345788,10.874842912545798,10.42818065162029,10.66518497467041,608300,0.0,0.0
2011-11-10 00:00:00-05:00,10.82015081384672,11.066270923448808,10.391719994905696,10.938652992248535,663800,0.0,0.0
2011-11-11 00:00:00-05:00,11.08450177732025,11.130079672881235,10.920421701031124,11.02980899810791,201400,0.0,0.0
2011-11-14 00:00:00-05:00,10.984232904126818,11.175659401418947,10.820152800926081,10.874846458435059,224600,0.0,0.0
2011-11-15 00:00:00-05:00,10.81103849562723,11.166545143774249,10.738114188724197,11.084505081176758,227600,0.0,0.0
2011-11-16 00:00:00-05:00,10.956886090814987,11.33973820142478,10.856614534106042,10.975116729736328,333600,0.0,0.0
2011-11-17 00:00:00-05:00,10.947772911966684,10.975119311444548,10.637844153463005,10.792808532714844,285500,0.0,0.0
2011-11-18 00:00:00-05:00,10.81103769665527,10.911309263231267,10.75634490518313,10.84749984741211,224600,0.0,0.0
2011-11-21 00:00:00-05:00,10.674300726170625,10.783687136195471,10.491990042795884,10.66518497467041,164700,0.0,0.0
2011-11-22 00:00:00-05:00,10.683422065477021,10.883963487416514,10.619612640926851,10.792808532714844,367600,0.0,0.0
2011-11-23 00:00:00-05:00,10.747226552124664,10.747226552124664,10.309680848814995,10.373489379882812,249700,0.0,0.0
2011-11-25 00:00:00-05:00,10.273221891203429,10.473763299384665,10.118257522583008,10.118257522583008,96400,0.0,0.0
2011-11-28 00:00:00-05:00,10.419069089700793,10.528455534583923,10.090908885725216,10.327913284301758,244900,0.0,0.0
2011-11-29 00:00:00-05:00,10.3370290387069,10.67430412776143,10.245873233307865,10.327913284301758,185600,0.0,0.0
2011-11-30 00:00:00-05:00,10.683419344273346,11.057156562805176,10.39172130327868,11.057156562805176,484600,0.0,0.0
2011-12-01 00:00:00-05:00,11.057155170650352,11.230350127190832,10.911306603179204,10.938652992248535,289800,0.0,0.0
2011-12-02 00:00:00-05:00,11.14831333503391,11.175660601387865,10.783691810244047,10.902194023132324,156900,0.0,0.0
2011-12-05 00:00:00-05:00,11.09361881170451,11.257698906946274,10.947770224523452,11.102734565734863,199300,0.0,0.0
2011-12-06 00:00:00-05:00,11.148314332256627,11.357972379759538,11.011581465561171,11.275932312011719,171600,0.0,0.0
2011-12-07 00:00:00-05:00,11.212120707383088,11.52204938154812,11.203004953595615,11.467355728149414,194100,0.0,0.0
2011-12-08 00:00:00-05:00,11.303272437679054,11.303272437679054,10.583144609510683,10.592260360717773,187700,0.0,0.0
2011-12-09 00:00:00-05:00,10.637843265402937,11.230353464142595,10.637843265402937,11.166544914245605,225300,0.0,0.0
2011-12-12 00:00:00-05:00,11.002465203239852,11.339740345658637,10.975118805023822,11.175661087036133,212700,0.0,0.0
2011-12-13 00:00:00-05:00,11.248587986197958,11.321512311122538,10.738116842399377,10.883965492248535,218000,0.0,0.0
2011-12-14 00:00:00-05:00,10.81103683083095,11.111849767815224,10.81103683083095,10.956886291503906,204300,0.0,0.0
2011-12-15 00:00:00-05:00,11.120966580321868,11.394433149781886,10.956887334106865,11.266815185546875,181800,0.0,0.0
2011-12-16 00:00:00-05:00,11.294160022865912,11.640550820467142,11.139195695798886,11.558510780334473,636200,0.0,0.0
2011-12-19 00:00:00-05:00,11.62232278798891,11.786402917297886,11.184776935600084,11.22123908996582,218900,0.0,0.0
2011-12-20 00:00:00-05:00,11.440010267727104,11.731707458071467,11.248583769232063,11.640552520751953,314100,0.0,0.0
2011-12-21 00:00:00-05:00,11.649665832519531,11.795514407993002,11.367084434871202,11.649665832519531,168200,0.0,0.0
2011-12-22 00:00:00-05:00,11.667898927846222,11.850209672011935,11.54939672680696,11.795516014099121,177000,0.0,0.0
2011-12-23 00:00:00-05:00,11.822864667047918,11.84109530894371,11.631438145847444,11.695246696472168,115600,0.0,0.0
2011-12-27 00:00:00-05:00,11.631438145847444,11.831979553332664,11.622322390236397,11.695246696472168,130200,0.0,0.0
2011-12-28 00:00:00-05:00,11.686099883108328,11.768396502405093,11.430066634664412,11.457498550415039,131100,0.04,0.0
2011-12-29 00:00:00-05:00,11.512365338923995,11.768398633737176,11.503221074669408,11.722678184509277,145800,0.0,0.0
2011-12-30 00:00:00-05:00,11.740964770102996,12.061006117647208,11.51236343383789,11.51236343383789,172100,0.0,0.0
2012-01-03 00:00:00-05:00,11.740963503442893,11.905556726851188,11.667811153493606,11.750107765197754,198800,0.0,0.0
2012-01-04 00:00:00-05:00,11.71353230857312,11.896413194661783,11.649523344408449,11.868980407714844,151700,0.0,0.0
2012-01-05 00:00:00-05:00,11.75925367507234,11.814118385314941,11.457499948850494,11.814118385314941,212600,0.0,0.0
2012-01-06 00:00:00-05:00,11.768394795938926,11.878123315075229,11.676954799347719,11.704386711120605,178600,0.0,0.0
2012-01-09 00:00:00-05:00,11.71353145528925,12.097580852076554,11.676955280735946,11.88726806640625,176300,0.0,0.0
2012-01-10 00:00:00-05:00,11.99699853872942,12.216455621695491,11.896414260381201,12.097582817077637,132800,0.0,0.0
2012-01-11 00:00:00-05:00,12.024428411711467,12.207310155134811,11.814115627637314,12.198165893554688,147000,0.0,0.0
2012-01-12 00:00:00-05:00,12.170734783000679,12.381047580936002,11.786684491771547,12.317039489746094,165900,0.0,0.0
2012-01-13 00:00:00-05:00,12.152446370692138,12.37190343283386,11.896413131526794,12.006141662597656,104000,0.0,0.0
2012-01-17 00:00:00-05:00,12.070152280339945,12.28046599627247,11.978712254667348,12.051864624023438,159900,0.0,0.0
2012-01-18 00:00:00-05:00,12.061005655676134,12.655369630426499,11.96956564789944,12.42676830291748,147200,0.0,0.0
2012-01-19 00:00:00-05:00,12.435912513058657,12.646225314901784,12.262175016536645,12.600504875183105,154800,0.0,0.0
2012-01-20 00:00:00-05:00,12.536497151385158,12.801674663096065,12.381048174998257,12.746809959411621,357900,0.0,0.0
2012-01-23 00:00:00-05:00,12.719378043591838,12.774242747276285,12.554784804583385,12.746809959411621,98000,0.0,0.0
2012-01-24 00:00:00-05:00,12.637080088659191,12.819961833584653,12.262174081242613,12.582216262817383,185900,0.0,0.0
2012-01-25 00:00:00-05:00,11.859839176582522,12.216456751368078,11.466644545875361,11.558085441589355,369700,0.0,0.0
2012-01-26 00:00:00-05:00,11.649522259816349,11.841547390342761,11.466641390754233,11.64037799835205,234400,0.0,0.0
2012-01-27 00:00:00-05:00,11.585518137492675,11.80497525545166,11.585518137492675,11.695246696472168,203100,0.0,0.0
2012-01-30 00:00:00-05:00,11.649520443330687,11.841545543915023,11.622088535259964,11.65866470336914,169900,0.0,0.0
2012-01-31 00:00:00-05:00,11.686098188575512,11.795826707711814,11.503217323348343,11.704386711120605,208900,0.0,0.0
2012-02-01 00:00:00-05:00,11.77754322984998,12.125017432909807,11.676958936350449,12.06100845336914,320200,0.0,0.0
2012-02-02 00:00:00-05:00,12.05186294716735,12.554785198504272,12.033574421350417,12.509065628051758,199200,0.0,0.0
2012-02-03 00:00:00-05:00,12.710232678273963,13.094282954611547,12.637080327737738,12.847393989562988,186000,0.0,0.0
2012-02-06 00:00:00-05:00,12.774240473687811,12.792528123631161,12.390190232385477,12.445054054260254,166800,0.0,0.0
2012-02-07 00:00:00-05:00,12.381049849879002,12.417626033268283,12.198168932932598,12.2896089553833,162400,0.0,0.0
2012-02-08 00:00:00-05:00,12.289606322027709,12.344471021377995,12.14330161982003,12.170734405517578,197500,0.0,0.0
2012-02-09 00:00:00-05:00,12.225600676996372,12.317041570179674,12.033575498947423,12.216456413269043,124000,0.0,0.0
2012-02-10 00:00:00-05:00,12.079293683706972,12.253030301769307,12.015285593691083,12.070149421691895,150200,0.0,0.0
2012-02-13 00:00:00-05:00,12.161590297753012,12.179877949738342,12.033573245676413,12.070149421691895,140000,0.0,0.0
2012-02-14 00:00:00-05:00,11.978712688894104,12.17073788342598,11.923847973865684,12.06100845336914,129100,0.0,0.0
2012-02-15 00:00:00-05:00,12.152446709236953,12.152446709236953,11.795828319288285,11.942133903503418,143100,0.0,0.0
2012-02-16 00:00:00-05:00,11.914701572943766,12.179879091934858,11.713533022015975,12.125015258789062,200600,0.0,0.0
2012-02-17 00:00:00-05:00,12.143304034029688,12.280465373652037,11.804974124899873,11.832406044006348,178800,0.0,0.0
2012-02-21 00:00:00-05:00,11.868983932083788,11.887272462145665,11.128315905479974,11.338628768920898,192600,0.0,0.0
2012-02-22 00:00:00-05:00,11.28376157268256,11.338625402488926,10.945431715393784,10.963719367980957,248200,0.0,0.0
2012-02-23 00:00:00-05:00,10.945433186086197,11.064305996032243,10.872280821818626,10.972865104675293,226400,0.0,0.0
2012-02-24 00:00:00-05:00,10.963718695409005,10.963718695409005,10.652820772095524,10.707685470581055,168300,0.0,0.0
2012-02-27 00:00:00-05:00,10.588813354816912,10.75340658865749,10.48822908527259,10.61624526977539,338900,0.0,0.0
2012-02-28 00:00:00-05:00,10.643676043558779,10.780836464452536,10.515659011225168,10.579667091369629,468300,0.0,0.0
2012-02-29 00:00:00-05:00,10.63453384726255,10.762550904446025,10.38764399527546,10.442508697509766,357600,0.0,0.0
2012-03-01 00:00:00-05:00,10.570528125843671,10.634536232771094,10.42422251108162,10.433366775512695,273300,0.0,0.0
2012-03-02 00:00:00-05:00,10.415078157177845,10.707687615598198,10.140756353886278,10.241340637207031,303700,0.0,0.0
2012-03-05 00:00:00-05:00,10.268772903888111,10.405934246204202,10.095036250075069,10.1956205368042,189000,0.0,0.0
2012-03-06 00:00:00-05:00,10.08589259198891,10.296206314021436,10.040172141804009,10.04931640625,221800,0.0,0.0
2012-03-07 00:00:00-05:00,10.076748076955196,10.168188095092773,10.021883368436685,10.168188095092773,181100,0.0,0.0
2012-03-08 00:00:00-05:00,10.19561615971546,10.442505946664953,10.12246382403664,10.30534553527832,231900,0.0,0.0
2012-03-09 00:00:00-05:00,10.268771691772484,10.460796850712548,10.204763596140763,10.277915954589844,212700,0.0,0.0
2012-03-12 00:00:00-04:00,10.296204819473635,10.405933360762695,10.195619669258297,10.213908195495605,124600,0.0,0.0
2012-03-13 00:00:00-04:00,10.360213541596524,10.460797825828875,10.287061176328454,10.451654434204102,290600,0.0,0.0
2012-03-14 00:00:00-04:00,10.442507976785823,10.597956938335201,10.277914753487705,10.341923713684082,256900,0.0,0.0
2012-03-15 00:00:00-04:00,10.341922321195364,10.57966699033786,10.332778060677853,10.5430908203125,192800,0.0,0.0
2012-03-16 00:00:00-04:00,10.59795887962552,10.59795887962552,10.067603809677552,10.149900436401367,613300,0.0,0.0
2012-03-19 00:00:00-04:00,10.122466730800387,10.515661302017126,10.085890552457773,10.360212326049805,268700,0.0,0.0
2012-03-20 00:00:00-04:00,10.26877059381215,10.49737190753418,10.26877059381215,10.396787643432617,281900,0.0,0.0
2012-03-21 00:00:00-04:00,10.387645362797228,10.479086254544209,10.15904400547475,10.223052978515625,224800,0.0,0.0
2012-03-22 00:00:00-04:00,10.159043630686488,10.195619811626914,9.857289919916736,9.884722709655762,486200,0.0,0.0
2012-03-23 00:00:00-04:00,9.930443323094668,10.149901303794326,9.848147561382957,10.113325119018555,291800,0.0,0.0
2012-03-26 00:00:00-04:00,10.195618845522675,10.460796350224628,10.122466490573506,10.442508697509766,274600,0.0,0.0
2012-03-27 00:00:00-04:00,10.424221901952679,10.561383244268768,10.18647714495246,10.1956205368042,215700,0.0,0.0
2012-03-28 00:00:00-04:00,10.195620607585122,10.52599232271273,10.195620607585122,10.360806465148926,167800,0.04,0.0
2012-03-29 00:00:00-04:00,10.269034445647977,10.388335223413176,10.131380173325953,10.3240966796875,198000,0.0,0.0
2012-03-30 00:00:00-04:00,10.425044977558334,10.434222164092644,10.131382009937859,10.140559196472168,301300,0.0,0.0
2012-04-02 00:00:00-04:00,10.094673167431434,10.269035318878574,10.039610928709678,10.131381034851074,304000,0.0,0.0
2012-04-03 00:00:00-04:00,10.122203849200016,10.351628239368912,10.094673167431434,10.131381034851074,190700,0.0,0.0
2012-04-04 00:00:00-04:00,10.039611815539416,10.113028432048404,9.883604021613746,9.938665390014648,233300,0.0,0.0
2012-04-05 00:00:00-04:00,9.874423889644646,10.085493864194428,9.773476619047438,9.810184478759766,121200,0.0,0.0
2012-04-09 00:00:00-04:00,9.626647073975343,9.84689427557687,9.599116392571299,9.690886497497559,184700,0.0,0.0
2012-04-10 00:00:00-04:00,9.654178505935791,9.773478415541442,9.296276151565124,9.54405403137207,325000,0.0,0.0
2012-04-11 00:00:00-04:00,9.589941098420512,9.74594978245326,9.49817185057962,9.727596282958984,454700,0.0,0.0
2012-04-12 00:00:00-04:00,9.709239081850905,9.901955583955807,9.608292676056719,9.801009178161621,281400,0.0,0.0
2012-04-13 00:00:00-04:00,9.72759426052465,9.8285406747176,9.34216122424674,9.42475414276123,287300,0.0,0.0
2012-04-16 00:00:00-04:00,9.43392938838082,9.461460941568406,9.305452307576651,9.351336479187012,390900,0.0,0.0
2012-04-17 00:00:00-04:00,9.424757903977978,9.553235050553345,9.351341266411438,9.360518455505371,321900,0.0,0.0
2012-04-18 00:00:00-04:00,9.360514478050275,9.369691663244653,8.83742717455446,8.883312225341797,424500,0.0,0.0
2012-04-19 00:00:00-04:00,8.901666739610764,9.076029777526855,8.837428186265178,9.076029777526855,330500,0.0,0.0
2012-04-20 00:00:00-04:00,9.27792261527154,9.27792261527154,8.828250991896903,9.039321899414062,383300,0.0,0.0
2012-04-23 00:00:00-04:00,8.901666601618198,9.020967395399648,8.800720180042186,8.819073677062988,224300,0.0,0.0
2012-04-24 00:00:00-04:00,8.76401140584833,8.975081413308084,8.75483422069324,8.773188591003418,284400,0.0,0.0
2012-04-25 00:00:00-04:00,8.892487416337286,8.9200189684559,8.672240250495026,8.6997709274292,260100,0.0,0.0
2012-04-26 00:00:00-04:00,8.653887477030949,8.681418156253851,7.993145049389702,8.04820728302002,633000,0.0,0.0
2012-04-27 00:00:00-04:00,8.1216220978252,8.222568493747813,7.818782034872951,8.185860633850098,1158100,0.0,0.0
2012-04-30 00:00:00-04:00,8.185863484754488,8.35104934941597,8.158332799039147,8.250102043151855,544300,0.0,0.0
2012-05-01 00:00:00-04:00,8.222569418344419,8.424463108076232,8.029852913415077,8.04820728302002,520700,0.0,0.0
2012-05-02 00:00:00-04:00,9.544052346392455,9.580760206371487,7.983966984506975,8.22256851196289,1084300,0.0,0.0
2012-05-03 00:00:00-04:00,8.534589761945481,8.534589761945481,8.112448736617882,8.314342498779297,967600,0.0,0.0
2012-05-04 00:00:00-04:00,8.28680702977271,8.369399933338672,8.158329957722916,8.185860633850098,885200,0.0,0.0
2012-05-07 00:00:00-04:00,8.149155713219274,8.608004565032175,8.094093465920444,8.571296691894531,1437000,0.0,0.0
2012-05-08 00:00:00-04:00,8.451992740711475,8.589646994965142,7.956436200140109,8.002321243286133,859800,0.0,0.0
2012-05-09 00:00:00-04:00,7.938081271900873,8.002320677839894,7.745364804452497,7.883019924163818,532000,0.0,0.0
2012-05-10 00:00:00-04:00,7.91972816235807,8.011497371399651,7.6811266435180645,7.699481010437012,433000,0.0,0.0
2012-05-11 00:00:00-04:00,7.616888527471334,7.7637199701393556,7.607711343508473,7.708657741546631,270200,0.0,0.0
2012-05-14 00:00:00-04:00,7.671948484231539,7.745364192200509,7.571002104570273,7.690302848815918,310500,0.0,0.0
2012-05-15 00:00:00-04:00,7.717833520508213,7.736187885092592,7.598532776262569,7.690302848815918,336900,0.0,0.0
2012-05-16 00:00:00-04:00,7.690307597199371,7.855493479715778,7.671953221282075,7.681130409240723,244400,0.0,0.0
2012-05-17 00:00:00-04:00,7.708659570256381,7.708659570256381,7.341580876504987,7.378288745880127,351500,0.0,0.0
2012-05-18 00:00:00-04:00,7.3691105287659875,7.378287713622,7.148863343328798,7.222279071807861,523300,0.0,0.0
2012-05-21 00:00:00-04:00,7.268165030540784,7.304872899374439,7.057094565951109,7.1029791831970215,409300,0.0,0.0
2012-05-22 00:00:00-04:00,7.020386099142055,7.066270712479654,6.6808381225562625,6.781784534454346,875000,0.0,0.0
2012-05-23 00:00:00-04:00,6.735900382283824,6.745077130542711,6.561537789441915,6.662484645843506,488000,0.0,0.0
2012-05-24 00:00:00-04:00,6.6624851511157335,6.919440248143912,6.634954029066544,6.809316635131836,628500,0.0,0.0
2012-05-25 00:00:00-04:00,6.781785035525623,6.946970881004087,6.690015364477759,6.873554706573486,393500,0.0,0.0
2012-05-29 00:00:00-04:00,6.901085776686586,6.937793644839789,6.65330744785632,6.6900153160095215,404700,0.0,0.0
2012-05-30 00:00:00-04:00,6.662484064277194,6.726722609258956,6.442236436589284,6.478944301605225,642400,0.0,0.0
2012-05-31 00:00:00-04:00,6.4697675704956055,6.552360048194037,6.3412896050229,6.4697675704956055,700500,0.0,0.0
2012-06-01 00:00:00-04:00,6.350467104268329,6.423882838117765,6.130219465127729,6.148573398590088,376400,0.0,0.0
2012-06-04 00:00:00-04:00,6.203635067342273,6.212811814435276,5.882440604834405,5.928325653076172,478000,0.0,0.0
2012-06-05 00:00:00-04:00,5.955857267980504,5.992565574898411,5.735610052026981,5.836556911468506,657600,0.0,0.0
2012-06-06 00:00:00-04:00,5.854909553647089,6.111864582202809,5.854909553647089,6.102687835693359,483700,0.0,0.0
2012-06-07 00:00:00-04:00,6.194458451042131,6.304582051816285,6.001741930891215,6.148573398590088,487500,0.0,0.0
2012-06-08 00:00:00-04:00,6.1393976238394545,6.2219905563084055,6.010920069237367,6.157751560211182,359900,0.0,0.0
2012-06-11 00:00:00-04:00,6.221989053333703,6.31375871302459,5.992564685310358,6.010918617248535,376700,0.0,0.0
2012-06-12 00:00:00-04:00,6.056804193477528,6.240343979699468,5.96503451916272,6.029273509979248,392600,0.0,0.0
2012-06-13 00:00:00-04:00,6.038450262004523,6.176104992350175,5.965034522511461,6.13021993637085,430600,0.0,0.0
2012-06-14 00:00:00-04:00,6.111865586863544,6.249520307870586,6.010919170705036,6.2036356925964355,420800,0.0,0.0
2012-06-15 00:00:00-04:00,6.21281238450449,6.33211317080597,6.102688783730335,6.148573398590088,1006000,0.0,0.0
2012-06-18 00:00:00-04:00,6.121043669323676,6.221990537865126,6.0568046734168695,6.166928291320801,339100,0.0,0.0
2012-06-19 00:00:00-04:00,6.166926480123853,6.377996904578855,6.139395802529679,6.295404434204102,360600,0.0,0.0
2012-06-20 00:00:00-04:00,6.322936564287298,6.4238834263704,6.258698010082686,6.368821620941162,337500,0.0,0.0
2012-06-21 00:00:00-04:00,6.396352223806996,6.515653019521434,6.166927818629535,6.185281753540039,499600,0.0,0.0
2012-06-22 00:00:00-04:00,6.23116732432617,6.322937006459149,6.148574391610308,6.286229133605957,663100,0.0,0.0
2012-06-25 00:00:00-04:00,6.258697498941095,6.295405366229359,6.121042777813959,6.221989631652832,327400,0.0,0.0
2012-06-26 00:00:00-04:00,6.258696909775716,6.258696909775716,5.955856376767133,5.992564678192139,454400,0.0,0.0
2012-06-27 00:00:00-04:00,6.0202657911873185,6.186469289981288,5.95563087706722,6.149535179138184,309200,0.04,0.0
2012-06-28 00:00:00-04:00,6.131067466082888,6.2141694267108125,5.854061664471945,5.927929878234863,453600,0.0,0.0
2012-06-29 00:00:00-04:00,6.029499053955078,6.2418703943618095,5.909462983227513,6.029499053955078,630600,0.0,0.0
2012-07-02 00:00:00-04:00,6.001798625504496,6.223403286491941,6.001798625504496,6.214169979095459,417200,0.0,0.0
2012-07-03 00:00:00-04:00,6.1957030906033275,6.2788050608527275,6.186469342669245,6.223403453826904,227900,0.0,0.0
2012-07-05 00:00:00-04:00,6.186469176327367,6.24187078186355,6.149535066162792,6.214169979095459,557700,0.0,0.0
2012-07-06 00:00:00-04:00,6.186467957991716,6.445007118517498,6.186467957991716,6.4357733726501465,385300,0.0,0.0
2012-07-09 00:00:00-04:00,6.389607215013959,6.638912678476558,6.2049362241187564,6.260337829589844,508400,0.0,0.0
2012-07-10 00:00:00-04:00,6.315737622718349,6.343437979146846,6.195701570756924,6.33420467376709,316900,0.0,0.0
2012-07-11 00:00:00-04:00,6.601978032911548,7.3868284697663675,6.583510979348704,7.248325347900391,997500,0.0,0.0
2012-07-12 00:00:00-04:00,6.989786640669081,7.3683614611619275,6.989786640669081,7.155990123748779,1204000,0.0,0.0
2012-07-13 00:00:00-04:00,7.146756953349056,7.525331804384385,7.119056590745621,7.349895000457764,612300,0.0,0.0
2012-07-16 00:00:00-04:00,7.359127625505003,7.45146289277001,7.276026105111138,7.340660572052002,503500,0.0,0.0
2012-07-17 00:00:00-04:00,7.368361162689752,7.488396786573685,7.35912741608138,7.423762321472168,698400,0.0,0.0
2012-07-18 00:00:00-04:00,7.42376137562431,7.534563679072025,7.368360223900453,7.516097068786621,654500,0.0,0.0
2012-07-19 00:00:00-04:00,7.516097335261669,7.534563946201786,7.40529502788558,7.414527893066406,967200,0.0,0.0
2012-07-20 00:00:00-04:00,7.3683627251004316,7.46993175788318,7.100590180728122,7.14675760269165,856000,0.0,0.0
2012-07-23 00:00:00-04:00,7.008254268123288,7.017487575572352,6.657379779272339,6.758948802947998,360800,0.0,0.0
2012-07-24 00:00:00-04:00,6.749716433122346,6.777417241703138,6.24187209164943,6.278806209564209,409000,0.0,0.0
2012-07-25 00:00:00-04:00,6.334205151357319,6.435773719638906,6.204935343980147,6.288037300109863,412800,0.0,0.0
2012-07-26 00:00:00-04:00,6.361907754727754,6.417308931599922,6.186470474487846,6.278806209564209,381600,0.0,0.0
2012-07-27 00:00:00-04:00,6.297270708640394,6.518875326045358,6.177234654068086,6.481941223144531,594000,0.0,0.0
2012-07-30 00:00:00-04:00,6.518875152715678,6.555809254634468,6.3526716940811205,6.426539897918701,289900,0.0,0.0
2012-07-31 00:00:00-04:00,6.435774425511421,6.546577192600255,6.380373262111658,6.463475227355957,458800,0.0,0.0
2012-08-01 00:00:00-04:00,6.251103100350077,6.408073263861865,5.817127154425654,6.0479655265808105,639700,0.0,0.0
2012-08-02 00:00:00-04:00,6.0572010671809515,6.075668126154789,5.77096143294177,5.826362609863281,489800,0.0,0.0
2012-08-03 00:00:00-04:00,5.872528717912675,6.140301212947895,5.872528717912675,5.927929878234863,497900,0.0,0.0
2012-08-06 00:00:00-04:00,5.946397148528574,6.214169653328911,5.946397148528574,6.103367328643799,278000,0.0,0.0
2012-08-07 00:00:00-04:00,6.131068220740527,6.195703135883471,6.075667053599149,6.177236080169678,396800,0.0,0.0
2012-08-08 00:00:00-04:00,7.155989891752713,7.793103443047747,6.463474740937935,7.543798446655273,1680000,0.0,0.0
2012-08-09 00:00:00-04:00,7.451463753115238,7.839272360693895,7.331428111956068,7.359128475189209,937200,0.0,0.0
2012-08-10 00:00:00-04:00,7.396062750303322,7.617667409045781,7.285259980642774,7.580733299255371,583800,0.0,0.0
2012-08-13 00:00:00-04:00,7.608431877384715,7.6545997239416845,7.312959068345597,7.469929218292236,527600,0.0,0.0
2012-08-14 00:00:00-04:00,7.756169677719031,8.171679490929249,7.534565031059308,7.608433246612549,1235100,0.0,0.0
2012-08-15 00:00:00-04:00,7.5622640347893455,7.636133117666253,7.405294765338907,7.516097068786621,677600,0.0,0.0
2012-08-16 00:00:00-04:00,7.4791640370003885,7.8577388480529144,7.405295824140312,7.710002422332764,561300,0.0,0.0
2012-08-17 00:00:00-04:00,7.737701354577967,7.848503653427537,7.608431565630939,7.830036163330078,422300,0.0,0.0
2012-08-20 00:00:00-04:00,7.802336157929209,8.070108612276842,7.802336157929209,7.987006664276123,357200,0.0,0.0
2012-08-21 00:00:00-04:00,8.03317873197747,8.300951327024089,7.931610120262855,8.05164623260498,549200,0.0,0.0
2012-08-22 00:00:00-04:00,8.060877682566048,8.180913773766047,7.9039083577739255,8.005476951599121,473600,0.0,0.0
2012-08-23 00:00:00-04:00,8.033173333219596,8.04240707732774,7.848502853948239,7.903904438018799,294500,0.0,0.0
2012-08-24 00:00:00-04:00,7.894672807431421,7.950073525755268,7.783870490205187,7.820804595947266,199100,0.0,0.0
2012-08-27 00:00:00-04:00,8.023945046910098,8.2917176441341,7.8854423133931295,8.199382781982422,445700,0.0,0.0
2012-08-28 00:00:00-04:00,8.217843146418705,8.300945075499818,8.033172682115252,8.060873031616211,375200,0.0,0.0
2012-08-29 00:00:00-04:00,8.079344005653285,8.180912584716054,7.903907208985118,8.042409896850586,228000,0.0,0.0
2012-08-30 00:00:00-04:00,7.968544240938979,8.116280723643472,7.894675999586732,8.05164623260498,228100,0.0,0.0
2012-08-31 00:00:00-04:00,8.07934515526948,8.254781976900686,7.99624317849411,8.09781265258789,370700,0.0,0.0
2012-09-04 00:00:00-04:00,8.125514049566931,8.541023105616276,8.097813680651335,8.245550155639648,487600,0.0,0.0
2012-09-05 00:00:00-04:00,8.264015851506699,8.430219807590452,8.190147622264753,8.365585327148438,427700,0.0,0.0
2012-09-06 00:00:00-04:00,8.3840512623109,8.504087345211447,8.328650535174452,8.356350898742676,529500,0.0,0.0
2012-09-07 00:00:00-04:00,8.40251467991734,8.52254982397542,8.337879355526542,8.485615730285645,535100,0.0,0.0
2012-09-10 00:00:00-04:00,8.467152658029098,8.651823203561854,8.467152658029098,8.494853019714355,308200,0.0,0.0
2012-09-11 00:00:00-04:00,8.522554222355494,8.679524421691895,8.494853857936926,8.679524421691895,261300,0.0,0.0
2012-09-12 00:00:00-04:00,8.818028303988267,9.32587303197102,8.781094189984726,9.0950345993042,863600,0.0,0.0
2012-09-13 00:00:00-04:00,9.095032731856193,9.61211022173625,9.03039738518727,9.42743968963623,672200,0.0,0.0
2012-09-14 00:00:00-04:00,10.175358487199334,10.830938787561562,9.69521412681272,9.972220420837402,1089100,0.0,0.0
2012-09-17 00:00:00-04:00,9.972222160967359,10.101491141644946,9.759850308944497,10.036856651306152,835900,0.0,0.0
2012-09-18 00:00:00-04:00,10.09225389021387,10.286158157620912,9.842948026156886,9.962984085083008,656800,0.0,0.0
2012-09-19 00:00:00-04:00,10.055321926150544,10.11995640218354,9.889117981404334,9.92605209350586,326200,0.0,0.0
2012-09-20 00:00:00-04:00,9.861416140821065,9.926050607175673,9.621344007820287,9.759846687316895,332800,0.0,0.0
2012-09-21 00:00:00-04:00,9.898348652234587,9.898348652234587,9.436671954208812,9.658276557922363,743600,0.0,0.0
2012-09-24 00:00:00-04:00,9.658278193139765,9.916816941244749,9.464373911916383,9.667511940002441,292700,0.0,0.0
2012-09-25 00:00:00-04:00,9.750616010139622,9.85218460586757,9.501310074381804,9.510543823242188,307600,0.0,0.0
2012-09-26 00:00:00-04:00,9.519811283443051,9.7793579726825,9.399307242436121,9.760818481445312,307700,0.04,0.0
2012-09-27 00:00:00-04:00,9.760819142222362,9.890592937633167,9.668124331796065,9.825706481933594,396500,0.0,0.0
2012-09-28 00:00:00-04:00,9.770089220431972,9.770089220431972,9.56615921614643,9.57542896270752,296700,0.0,0.0
2012-10-01 00:00:00-04:00,9.603235961721188,9.983287560930457,9.584697355229661,9.83497428894043,348200,0.0,0.0
2012-10-02 00:00:00-04:00,9.853513395118668,10.057443362640788,9.668122917376529,9.909130096435547,278700,0.0,0.0
2012-10-03 00:00:00-04:00,9.946208161363844,10.150138128258149,9.760817684192443,9.918399810791016,395900,0.0,0.0
2012-10-04 00:00:00-04:00,9.983288407259398,10.252104854262052,9.96474891518463,10.224295616149902,270300,0.0,0.0
2012-10-05 00:00:00-04:00,10.289182954399948,10.511651555227324,10.029635369423039,10.224295616149902,453400,0.0,0.0
2012-10-08 00:00:00-04:00,10.215028158355302,10.418957295141475,10.085254348027208,10.326262474060059,442200,0.0,0.0
2012-10-09 00:00:00-04:00,10.363339289756246,10.409686252523995,10.140869802017463,10.205757141113281,389900,0.0,0.0
2012-10-10 00:00:00-04:00,9.66812353277391,9.733009983110943,9.176837630471399,9.603236198425293,1160300,0.0,0.0
2012-10-11 00:00:00-04:00,9.631044175698865,9.927668920186273,9.436383966126135,9.86278247833252,354600,0.0,0.0
2012-10-12 00:00:00-04:00,9.834974952302852,10.057444433287529,9.834974952302852,9.899862289428711,318800,0.0,0.0
2012-10-15 00:00:00-04:00,9.909132605355506,10.15941047668457,9.81643778502055,10.15941047668457,333700,0.0,0.0
2012-10-16 00:00:00-04:00,10.177948200041333,10.21502718575763,9.91840148810898,9.964749336242676,248600,0.0,0.0
2012-10-17 00:00:00-04:00,10.094523500651297,10.706312642991671,9.936941341683418,10.613616943359375,605900,0.0,0.0
2012-10-18 00:00:00-04:00,10.567266067358371,10.845352202607055,10.36333700098593,10.836082458496094,589500,0.0,0.0
2012-10-19 00:00:00-04:00,10.77119923904556,10.854625192971207,10.42822656047146,10.595078468322754,471600,0.0,0.0
2012-10-22 00:00:00-04:00,10.539460935862545,10.743390948489404,10.391148520865455,10.576539039611816,366000,0.0,0.0
2012-10-23 00:00:00-04:00,10.502381916679525,10.613616218231671,10.372608122862864,10.567268371582031,380100,0.0,0.0
2012-10-24 00:00:00-04:00,10.57653794859959,10.724850348297661,10.354069349052484,10.41895580291748,432500,0.0,0.0
2012-10-25 00:00:00-04:00,10.456035263343642,10.650695534278762,10.215028024481098,10.34480094909668,294500,0.0,0.0
2012-10-26 00:00:00-04:00,10.372610710218977,10.65069697547133,10.224298271154222,10.26137638092041,214600,0.0,0.0
2012-10-31 00:00:00-04:00,10.159410542567903,10.344801068451819,10.066714837620067,10.140871047973633,310900,0.0,0.0
2012-11-01 00:00:00-04:00,10.187218101250316,10.539460514801872,10.168679492122175,10.483843803405762,319500,0.0,0.0
2012-11-02 00:00:00-04:00,10.49311157915825,10.576537521623408,10.363338676667203,10.502381324768066,366600,0.0,0.0
2012-11-05 00:00:00-05:00,10.474572971950213,10.557998914415371,10.372607538265422,10.502381324768066,253800,0.0,0.0
2012-11-06 00:00:00-05:00,10.557996825669418,10.780465372223277,10.446762552392489,10.724847793579102,444500,0.0,0.0
2012-11-07 00:00:00-05:00,10.1037944534557,10.706314857678366,10.1037944534557,10.39115047454834,597500,0.0,0.0
2012-11-08 00:00:00-05:00,10.409684721606864,10.650692782206175,10.372606626438625,10.493110656738281,860000,0.0,0.0
2012-11-09 00:00:00-05:00,10.41895538230291,10.71558105373587,10.391147029485056,10.502381324768066,365700,0.0,0.0
2012-11-12 00:00:00-05:00,10.511650640647682,10.854623258085356,10.446764192054802,10.771197319030762,418900,0.0,0.0
2012-11-13 00:00:00-05:00,10.678500842722281,11.040012009869445,10.613613520302172,10.724847793579102,366500,0.0,0.0
2012-11-14 00:00:00-05:00,10.724851743776737,10.845355805213883,10.316992591537877,10.34480094909668,362200,0.0,0.0
2012-11-15 00:00:00-05:00,10.335531782248783,10.613618025486662,10.307723423128534,10.409687995910645,525400,0.0,0.0
2012-11-16 00:00:00-05:00,10.372610710218977,10.55800214306179,10.020369109446115,10.26137638092041,419800,0.0,0.0
2012-11-19 00:00:00-05:00,10.344799123985275,10.567267713229528,10.279912673125267,10.520920753479004,208100,0.0,0.0
2012-11-20 00:00:00-05:00,10.46530352864592,10.706311617393446,10.307721384773433,10.632155418395996,293600,0.0,0.0
2012-11-21 00:00:00-05:00,10.63215378806898,10.63215378806898,10.344797898008093,10.381875991821289,169900,0.0,0.0
2012-11-23 00:00:00-05:00,10.42822858526882,10.53946291743026,10.354072363827859,10.39115047454834,150900,0.0,0.0
2012-11-26 00:00:00-05:00,10.3448039864512,10.3448039864512,10.15014365836155,10.316995620727539,480000,0.0,0.0
2012-11-27 00:00:00-05:00,10.28918548409045,10.604348970742576,10.168681408012347,10.465306282043457,395200,0.0,0.0
2012-11-28 00:00:00-05:00,10.48384041202022,10.734117300364785,10.32625830735418,10.58580493927002,495100,0.0,0.0
2012-11-29 00:00:00-05:00,10.650696036804197,10.697043890930171,10.511653358438064,10.604348182678223,289700,0.0,0.0
2012-11-30 00:00:00-05:00,10.641423698582079,10.752658875009558,10.456033211222241,10.743389129638672,328000,0.0,0.0
2012-12-03 00:00:00-05:00,10.780468112565714,10.836084821335964,10.400417361259636,10.567268371582031,303800,0.0,0.0
2012-12-04 00:00:00-05:00,10.567267949597062,10.659963639194704,10.36333884690083,10.650693893432617,357800,0.0,0.0
2012-12-05 00:00:00-05:00,10.669231098946348,10.78973511599921,10.53018759434162,10.724847793579102,295100,0.0,0.0
2012-12-06 00:00:00-05:00,10.715581657663208,10.89170241411786,10.557999509461421,10.567268371582031,245000,0.0,0.0
2012-12-07 00:00:00-05:00,10.687772654910987,10.80827670525227,10.678503792586017,10.715581893920898,201000,0.0,0.0
2012-12-10 00:00:00-05:00,10.771197658538478,10.891701698303223,10.706311207900379,10.891701698303223,243000,0.0,0.0
2012-12-11 00:00:00-05:00,10.984399970323011,11.151251008942609,10.873164765894217,11.123442649841309,342600,0.0,0.0
2012-12-12 00:00:00-05:00,11.058553789704568,11.151248594643967,10.928780001975486,11.030744552612305,357600,0.0,0.0
2012-12-13 00:00:00-05:00,11.067822981532517,11.16051867324854,10.808276282343936,10.975128173828125,190000,0.0,0.0
2012-12-14 00:00:00-05:00,10.919510356348281,11.104900851937664,10.863893649677273,11.021475791931152,218000,0.0,0.0
2012-12-17 00:00:00-05:00,11.08636363439789,11.586918477254828,11.021477173809014,11.47568416595459,801600,0.0,0.0
2012-12-18 00:00:00-05:00,11.355179837074976,11.707422256469727,11.24394552842585,11.707422256469727,521500,0.0,0.0
2012-12-19 00:00:00-05:00,11.707418615543572,11.939156907496505,11.531297018612943,11.86500072479248,441100,0.0,0.0
2012-12-20 00:00:00-05:00,11.837195459499892,12.0040464720236,11.7352300187231,11.994776725769043,324200,0.0,0.0
2012-12-21 00:00:00-05:00,11.892813481206106,11.94843108085839,11.522032430230075,11.929891586303711,751700,0.0,0.0
2012-12-24 00:00:00-05:00,11.91135140036455,11.994776462791535,11.633265206906348,11.874273300170898,172900,0.0,0.0
2012-12-26 00:00:00-05:00,11.939160286745464,12.031855099356035,11.568378384268144,11.586917877197266,266800,0.0,0.0
2012-12-27 00:00:00-05:00,11.633264964475464,11.679612809754573,11.410796367949683,11.54983901977539,203800,0.0,0.0
2012-12-28 00:00:00-05:00,11.494220294839637,11.679611657668932,11.392255752492751,11.401525497436523,155600,0.0,0.0
2012-12-31 00:00:00-05:00,11.447874467370646,11.586917119196354,11.382987130375243,11.54983901977539,298300,0.0,0.0
2013-01-02 00:00:00-05:00,11.846464520813782,12.022586166563297,11.688882367884924,11.781578063964844,589300,0.0,0.0
2013-01-03 00:00:00-05:00,11.837194342062265,12.02258482959412,11.790846499176407,11.846463203430176,559500,0.0,0.0
2013-01-04 00:00:00-05:00,11.930154698093778,12.692642871890804,11.892960174659468,12.534565925598145,403300,0.04,0.0
2013-01-07 00:00:00-05:00,12.534563329681951,12.581056696042879,12.395084117386375,12.432278633117676,392900,0.0,0.0
2013-01-08 00:00:00-05:00,12.45087813252067,12.534565139911688,12.20911330195817,12.515968322753906,426000,0.0,0.0
2013-01-09 00:00:00-05:00,12.581057867688326,12.822822685850392,12.42298093941215,12.674044609069824,335800,0.0,0.0
2013-01-10 00:00:00-05:00,12.692639365577056,12.729833878736462,12.348589897155762,12.348589897155762,295900,0.0,0.0
2013-01-11 00:00:00-05:00,12.385787099874529,12.674045304545222,12.376489134655992,12.646149635314941,229900,0.0,0.0
2013-01-14 00:00:00-05:00,12.627550548498517,12.78562746813848,12.469473628858552,12.701939582824707,267500,0.0,0.0
2013-01-15 00:00:00-05:00,12.599655357380872,12.674044394511828,12.088230062015086,12.497369766235352,227000,0.0,0.0
2013-01-16 00:00:00-05:00,12.497368191344247,12.692639610902148,12.497368191344247,12.590354919433594,252600,0.0,0.0
2013-01-17 00:00:00-05:00,12.683343460565432,12.757732498955717,12.543863348493185,12.674044609069824,282300,0.0,0.0
2013-01-18 00:00:00-05:00,12.748431826979918,12.767028640528213,12.608952621612632,12.655445098876953,237300,0.0,0.0
2013-01-22 00:00:00-05:00,12.636848680781195,12.953002502080272,12.515966285179362,12.878613471984863,372100,0.0,0.0
2013-01-23 00:00:00-05:00,12.897208998070164,12.925104659873204,12.701937591874689,12.850715637207031,332800,0.0,0.0
2013-01-24 00:00:00-05:00,12.813523071482138,12.915808658269514,11.855763594138438,11.967347145080566,968700,0.0,0.0
2013-01-25 00:00:00-05:00,11.865060560737264,12.144019837183437,11.846462861806875,12.032435417175293,462800,0.0,0.0
2013-01-28 00:00:00-05:00,11.976645371414225,12.255604677614826,11.892957490875327,12.060333251953125,387700,0.0,0.0
2013-01-29 00:00:00-05:00,12.013839886455159,12.311396006782633,11.92085315545923,12.060333251953125,497800,0.0,0.0
2013-01-30 00:00:00-05:00,12.004539387838618,12.004539387838618,11.669788798429689,11.74417781829834,360700,0.0,0.0
2013-01-31 00:00:00-05:00,11.753478050231934,11.902256107472423,11.651192470788718,11.753478050231934,365300,0.0,0.0
2013-02-01 00:00:00-05:00,11.846464223272253,12.078930165895903,11.762776342041787,11.911555290222168,397300,0.0,0.0
2013-02-04 00:00:00-05:00,11.799969673573614,11.939449757226965,11.390830045788753,11.455920219421387,398000,0.0,0.0
2013-02-05 00:00:00-05:00,11.4931158523214,11.716283830581895,11.390831157092935,11.5675048828125,306100,0.0,0.0
2013-02-06 00:00:00-05:00,11.48381924316277,11.995243666416846,11.48381924316277,11.985945701599121,371000,0.0,0.0
2013-02-07 00:00:00-05:00,11.958046028723944,12.06962955852692,11.483816248758062,11.74417781829834,357200,0.0,0.0
2013-02-08 00:00:00-05:00,11.772076764931795,11.855764657340167,11.586104163350589,11.818570137023926,143100,0.0,0.0
2013-02-11 00:00:00-05:00,11.78137310864757,12.069630358036395,11.78137310864757,12.04173469543457,319100,0.0,0.0
2013-02-12 00:00:00-05:00,12.032436103572142,12.069630616767606,11.846463537594817,11.93945026397705,256000,0.0,0.0
2013-02-13 00:00:00-05:00,11.939451430520393,12.311396598815918,11.90225691369084,12.311396598815918,360700,0.0,0.0
2013-02-14 00:00:00-05:00,12.339292043855405,12.34859000713771,11.744178941217424,11.855762481689453,281200,0.0,0.0
2013-02-15 00:00:00-05:00,11.89295826744925,12.18121644292926,11.827868083574222,12.078930854797363,360000,0.0,0.0
2013-02-19 00:00:00-05:00,12.088229602551873,12.785627464237558,12.01384056824838,12.767029762268066,735100,0.0,0.0
2013-02-20 00:00:00-05:00,12.757729255660763,12.915806143750322,12.441575479481646,12.450874328613281,445700,0.0,0.0
2013-02-21 00:00:00-05:00,12.460174197997407,12.674043326822558,12.311396136268884,12.581056594848633,407800,0.0,0.0
2013-02-22 00:00:00-05:00,12.64614694959861,12.897209692926543,12.562459072893581,12.887910842895508,354000,0.0,0.0
2013-02-25 00:00:00-05:00,12.925103077851057,12.971596433023441,12.636845871998865,12.72983169555664,573600,0.0,0.0
2013-02-26 00:00:00-05:00,12.757731798070559,12.822821981389305,12.543862659357584,12.767029762268066,465300,0.0,0.0
2013-02-27 00:00:00-05:00,12.748433165020883,13.083183825109185,12.460174987076629,12.943704605102539,518200,0.0,0.0
2013-02-28 00:00:00-05:00,12.962302790508147,13.473728129227311,12.76703132978946,13.018095016479492,674700,0.0,0.0
2013-03-01 00:00:00-05:00,12.92510405484845,13.278452339366067,12.729832657793638,13.222661018371582,537700,0.0,0.0
2013-03-04 00:00:00-05:00,13.3156489003643,13.715490605168224,13.231961019192577,13.613205909729004,635300,0.0,0.0
2013-03-05 00:00:00-05:00,13.71549209692121,13.752686616288827,13.576012870989471,13.60390853881836,639200,0.0,0.0
2013-03-06 00:00:00-05:00,13.650399122705538,13.873566193346937,13.278453118182764,13.799177169799805,378300,0.0,0.0
2013-03-07 00:00:00-05:00,13.836373228904023,13.920061111450195,13.603907282625636,13.920061111450195,235500,0.0,0.0
2013-03-08 00:00:00-05:00,13.947956446318317,14.115332207446036,13.854969715294652,13.89216423034668,431200,0.0,0.0
2013-03-11 00:00:00-04:00,13.771285725193952,13.994452864181442,13.74338916772998,13.873570442199707,362300,0.0,0.0
2013-03-12 00:00:00-04:00,13.854970461400107,14.13392978270618,13.836373646266228,14.059540748596191,223000,0.0,0.0
2013-03-13 00:00:00-04:00,14.050241239325853,14.440784093498417,14.050241239325853,14.431486129760742,221700,0.0,0.0
2013-03-14 00:00:00-04:00,14.431486552100596,14.608160283307525,14.319902116111017,14.570965766906738,224700,0.0,0.0
2013-03-15 00:00:00-04:00,14.59886116968067,14.608160020310262,14.440784256126454,14.543069839477539,489700,0.0,0.0
2013-03-18 00:00:00-04:00,14.394291262830494,15.017300082564635,14.133929645964463,14.961508750915527,320200,0.0,0.0
2013-03-19 00:00:00-04:00,14.97080387904887,15.175373226609025,14.552364561796262,14.942907333374023,354700,0.0,0.0
2013-03-20 00:00:00-04:00,14.989404776587891,15.035897255732001,14.79413246231896,14.970807075500488,444000,0.0,0.0
2013-03-21 00:00:00-04:00,14.924313187002152,14.924313187002152,14.682549274476182,14.84992504119873,228100,0.0,0.0
2013-03-22 00:00:00-04:00,14.896417813707341,15.00800047135251,14.7941322328873,14.859222412109375,353500,0.0,0.0
2013-03-25 00:00:00-04:00,14.93361251793927,15.063794659339516,14.19902101918389,14.580265045166016,371700,0.0,0.0
2013-03-26 00:00:00-04:00,14.617552236975333,14.915869339262963,14.570939967479118,14.738743782043457,257400,0.04,0.0
2013-03-27 00:00:00-04:00,14.682812561538167,14.96248447051369,14.608233267270654,14.943840980529785,294700,0.0,0.0
2013-03-28 00:00:00-04:00,14.953162550793355,15.139609884142764,14.943839917409308,14.962483406066895,278900,0.0,0.0
2013-04-01 00:00:00-04:00,14.981124926838032,15.148928729570889,14.785354120001376,15.018415451049805,333400,0.0,0.0
2013-04-02 00:00:00-04:00,15.018418486038609,15.120963892123694,13.620054662435606,13.741246223449707,618500,0.0,0.0
2013-04-03 00:00:00-04:00,13.80650319984394,13.955661764508383,12.986130205134328,13.014097213745117,578200,0.0,0.0
2013-04-04 00:00:00-04:00,13.060709214267636,13.620053820059141,13.042063949547007,13.498862266540527,292000,0.0,0.0
2013-04-05 00:00:00-04:00,13.247159179868513,13.741247203028909,13.135290243816458,13.703957557678223,328700,0.0,0.0
2013-04-08 00:00:00-04:00,13.713280361386087,14.207368390675397,13.629378436042465,14.16075611114502,399500,0.0,0.0
2013-04-09 00:00:00-04:00,14.132787798302912,14.216689715924414,13.75056874163181,13.927694320678711,467900,0.0,0.0
2013-04-10 00:00:00-04:00,13.946336650303898,14.403134895568625,13.834467746711823,14.263298988342285,426300,0.0,0.0
2013-04-11 00:00:00-04:00,14.263302655013844,14.626876462888363,14.198045111018095,14.487040519714355,346800,0.0,0.0
2013-04-12 00:00:00-04:00,14.496363894141355,14.636199844464548,13.983630594530833,14.048887252807617,369600,0.0,0.0
2013-04-15 00:00:00-04:00,13.964983484958871,14.095497673352428,12.846293362766806,12.995451927185059,470200,0.0,0.0
2013-04-16 00:00:00-04:00,13.172577800318317,13.396315636943076,13.08867588932025,13.340381622314453,530000,0.0,0.0
2013-04-17 00:00:00-04:00,13.256481819265293,13.424284778889097,12.706458883310782,12.98613166809082,326100,0.0,0.0
2013-04-18 00:00:00-04:00,13.05138825397704,13.312415770121104,12.939519318486726,13.042065620422363,489200,0.0,0.0
2013-04-19 00:00:00-04:00,13.07003288573367,13.610733158846951,13.042064986429198,13.31241512298584,361300,0.0,0.0
2013-04-22 00:00:00-04:00,13.442927985919896,13.461572361218431,12.5106861055596,13.079353332519531,525100,0.0,0.0
2013-04-23 00:00:00-04:00,13.10732264440506,13.545475735367352,13.06071036754273,13.181901931762695,378400,0.0,0.0
2013-04-24 00:00:00-04:00,13.247157076877652,13.349703363048958,13.042063615479908,13.284446716308594,457700,0.0,0.0
2013-04-25 00:00:00-04:00,13.321734568389887,13.461570475230639,12.892903327941895,12.892903327941895,345200,0.0,0.0
2013-04-26 00:00:00-04:00,12.864937246571206,13.153931711839178,12.846291983493233,13.023418426513672,237900,0.0,0.0
2013-04-29 00:00:00-04:00,13.153932147761095,13.321735964803574,12.967483956077844,13.144610404968262,234700,0.0,0.0
2013-04-30 00:00:00-04:00,13.107321153566545,13.368348629628764,13.00477397832218,13.340381622314453,458300,0.0,0.0
2013-05-01 00:00:00-04:00,13.256481272451442,13.312415293667073,13.004775509815383,13.051387786865234,475000,0.0,0.0
2013-05-02 00:00:00-04:00,13.163255503938784,13.675988726073042,13.116643231189277,13.554797172546387,499500,0.0,0.0
2013-05-03 00:00:00-04:00,13.657343842457582,13.946339230324776,13.57344281603341,13.694633483886719,436100,0.0,0.0
2013-05-06 00:00:00-04:00,13.648022515317809,13.964984032608955,13.610732872750898,13.815825462341309,345100,0.0,0.0
2013-05-07 00:00:00-04:00,13.834470069426882,14.25397875059362,13.685311506261389,14.216689109802246,469300,0.0,0.0
2013-05-08 00:00:00-04:00,14.160753624086611,14.216688527510252,13.060708821269534,13.396315574645996,676600,0.0,0.0
2013-05-09 00:00:00-04:00,13.35902702515616,13.424283676927834,13.088676896173958,13.116643905639648,454000,0.0,0.0
2013-05-10 00:00:00-04:00,13.125964038666297,13.442926382429933,13.070030030387437,13.424281120300293,280100,0.0,0.0
2013-05-13 00:00:00-04:00,13.20986777668829,13.554797172546387,13.20986777668829,13.554797172546387,459000,0.0,0.0
2013-05-14 00:00:00-04:00,13.620058665754918,13.787862551720613,13.377676361538933,13.461577415466309,577200,0.0,0.0
2013-05-15 00:00:00-04:00,13.386994749253462,13.853115747488607,13.386994749253462,13.545475959777832,425000,0.0,0.0
2013-05-16 00:00:00-04:00,13.517508201800984,13.7319234223934,13.13528914661958,13.209868431091309,356600,0.0,0.0
2013-05-17 00:00:00-04:00,13.28444816071481,13.349704814550472,13.079354677017433,13.237835884094238,420600,0.0,0.0
2013-05-20 00:00:00-04:00,13.135287735578423,13.331058558550083,13.088675465527057,13.219189643859863,325400,0.0,0.0
2013-05-21 00:00:00-04:00,13.303089605860198,13.405635873726302,13.097996181073015,13.293766975402832,453800,0.0,0.0
2013-05-22 00:00:00-04:00,13.293768405132527,13.480216589057267,13.05138532150283,13.191221237182617,368900,0.0,0.0
2013-05-23 00:00:00-04:00,13.042065360377837,13.52683162689209,13.004775715957914,13.52683162689209,435300,0.0,0.0
2013-05-24 00:00:00-04:00,13.452250500532372,13.52682977918501,13.219190032479103,13.414960861206055,307500,0.0,0.0
2013-05-28 00:00:00-04:00,13.526829776664929,13.713277973261782,13.247157037242083,13.359025955200195,325500,0.0,0.0
2013-05-29 00:00:00-04:00,13.228513323641335,13.340383143767452,12.855616886738394,13.125967025756836,328000,0.0,0.0
2013-05-30 00:00:00-04:00,13.219188706263436,13.321734981859068,12.995450003696993,13.032739639282227,236000,0.0,0.0
2013-05-31 00:00:00-04:00,12.911553748865998,13.303095511337894,12.892908479674304,13.070034980773926,261500,0.0,0.0
2013-06-03 00:00:00-04:00,13.200544707404916,13.508184452691928,13.051386150787593,13.470894813537598,433500,0.0,0.0
2013-06-04 00:00:00-04:00,13.368350603983354,13.573444095706943,12.781038029312569,13.153934478759766,639600,0.0,0.0
2013-06-05 00:00:00-04:00,12.883582370327137,13.042063559492084,11.960663131581951,12.34288215637207,982100,0.0,0.0
2013-06-06 00:00:00-04:00,12.212368398435727,12.45475059993947,11.93269567002592,12.296269416809082,452600,0.0,0.0
2013-06-07 00:00:00-04:00,12.417463572045763,12.80900529630444,12.352206914354412,12.781038284301758,301100,0.0,0.0
2013-06-10 00:00:00-04:00,12.892905277911055,12.911550542472472,12.715779709853328,12.874260902404785,330400,0.0,0.0
2013-06-11 00:00:00-04:00,12.734425031423928,12.93951851156056,12.678491011694529,12.818326950073242,183500,0.0,0.0
2013-06-12 00:00:00-04:00,12.939519389118267,13.09800060419178,12.836973086622873,12.98613166809082,249500,0.0,0.0
2013-06-13 00:00:00-04:00,13.032742353327707,13.349704766336576,12.911551679229236,13.31241512298584,202700,0.0,0.0
2013-06-14 00:00:00-04:00,13.191223607473667,13.386994458035884,13.060710299802341,13.237835884094238,256900,0.0,0.0
2013-06-17 00:00:00-04:00,13.377676361538933,13.470900051143397,13.247162129226117,13.461577415466309,321200,0.0,0.0
2013-06-18 00:00:00-04:00,13.47089763805193,13.582766578971075,13.312416416152645,13.564122200012207,178400,0.0,0.0
2013-06-19 00:00:00-04:00,13.601410525745461,13.620054902893216,13.293770745838085,13.31241512298584,146100,0.0,0.0
2013-06-20 00:00:00-04:00,13.144611513639113,13.144611513639113,12.771714209765804,12.827649116516113,191100,0.0,0.0
2013-06-21 00:00:00-04:00,12.883582684714508,12.976807229694108,12.30559281738437,12.687811851501465,422600,0.0,0.0
2013-06-24 00:00:00-04:00,12.585265159606934,12.771713354530828,12.426783971657844,12.585265159606934,291400,0.0,0.0
2013-06-25 00:00:00-04:00,12.687810890800394,12.86493733503887,12.408139055148203,12.836970329284668,346200,0.0,0.0
2013-06-26 00:00:00-04:00,12.939819933388039,12.949169728156605,12.668682126618153,12.678031921386719,288300,0.04,0.0
2013-06-27 00:00:00-04:00,12.799572295571066,12.995913475463169,12.668678770073177,12.967864990234375,184500,0.0,0.0
2013-06-28 00:00:00-04:00,12.87437018625866,12.902418672454772,12.640630720785369,12.659329414367676,438900,0.0,0.0
2013-07-01 00:00:00-04:00,12.762177917999718,13.313803348725143,12.734129424199683,13.080063819885254,271900,0.0,0.0
2013-07-02 00:00:00-04:00,13.089412064338793,13.089412064338793,12.584534777522972,12.687379837036133,218400,0.0,0.0
2013-07-03 00:00:00-04:00,12.603230876311718,12.986564328169367,12.547133906919552,12.836970329284668,133800,0.0,0.0
2013-07-05 00:00:00-04:00,13.098759620629608,13.154856592000474,12.911768229984578,13.089409828186035,221500,0.0,0.0
2013-07-08 00:00:00-04:00,13.080061970879049,13.173558125856543,13.023964991208885,13.098761558532715,231900,0.0,0.0
2013-07-09 00:00:00-04:00,13.16420771375609,13.36989871005879,13.098760943332884,13.323150634765625,297500,0.0,0.0
2013-07-10 00:00:00-04:00,13.341847799533937,13.75322882581407,13.257701457610787,13.584936141967773,286800,0.0,0.0
2013-07-11 00:00:00-04:00,13.79998092698919,13.79998092698919,13.341851699970068,13.697134971618652,225100,0.0,0.0
2013-07-12 00:00:00-04:00,13.6503880500485,13.912176057521275,13.584940379446188,13.846729278564453,176000,0.0,0.0
2013-07-15 00:00:00-04:00,13.89347510501768,14.389003470810264,13.79063004937065,14.239409446716309,208700,0.0,0.0
2013-07-16 00:00:00-04:00,14.2674591892128,14.332905963405613,13.79063039871979,13.809329986572266,320300,0.0,0.0
2013-07-17 00:00:00-04:00,13.856076821905543,14.27680862147385,13.856076821905543,14.239409446716309,228500,0.0,0.0
2013-07-18 00:00:00-04:00,14.323555106742011,14.650790736717648,14.267458130637557,14.398351669311523,272000,0.0,0.0
2013-07-19 00:00:00-04:00,14.379653511797999,14.379653511797999,14.024369380494687,14.108515739440918,381600,0.0,0.0
2013-07-22 00:00:00-04:00,14.071116230735983,14.613391728201435,14.052416645201504,14.529245376586914,297600,0.0,0.0
2013-07-23 00:00:00-04:00,14.557294734958633,14.585344114939994,14.248758688326609,14.463799476623535,153100,0.0,0.0
2013-07-24 00:00:00-04:00,14.604043375793708,14.632091865216461,14.211360957293556,14.239409446716309,221500,0.0,0.0
2013-07-25 00:00:00-04:00,14.173959101542408,14.360950469970703,14.005666424134354,14.360950469970703,211500,0.0,0.0
2013-07-26 00:00:00-04:00,14.202011302138683,14.342255533911274,13.92152462188432,14.323555946350098,225400,0.0,0.0
2013-07-29 00:00:00-04:00,14.258111691894378,14.30485977741003,13.99632366131052,14.043071746826172,169400,0.0,0.0
2013-07-30 00:00:00-04:00,14.117864343412721,14.117864343412721,13.865425287845238,13.958921432495117,126600,0.0,0.0
2013-07-31 00:00:00-04:00,13.996319973140553,14.230059447480565,13.818677473320758,14.136563301086426,266800,0.0,0.0
2013-08-01 00:00:00-04:00,14.248756502189485,14.417049189675616,14.164610158446418,14.295504570007324,214800,0.0,0.0
2013-08-02 00:00:00-04:00,14.183311774835515,14.44509974382881,14.05241734451619,14.398351669311523,234100,0.0,0.0
2013-08-05 00:00:00-04:00,14.398349605890386,14.482495949633453,14.145911466306421,14.295504570007324,204400,0.0,0.0
2013-08-06 00:00:00-04:00,14.258107214839672,14.314205078172805,14.071115823138046,14.286155700683594,274100,0.0,0.0
2013-08-07 00:00:00-04:00,14.304853439331055,14.585340936503266,14.155260345277922,14.304853439331055,295700,0.0,0.0
2013-08-08 00:00:00-04:00,14.295503713932094,14.41704832632178,14.202007583895357,14.360950469970703,174900,0.0,0.0
2013-08-09 00:00:00-04:00,14.286156598933232,14.304856185101785,14.052417121698383,14.230059623718262,195000,0.0,0.0
2013-08-12 00:00:00-04:00,14.099165561674155,14.473148378305288,14.052417486683922,14.463799476623535,202900,0.0,0.0
2013-08-13 00:00:00-04:00,14.519898161536121,14.519898161536121,13.650387787661026,13.678436279296875,363400,0.0,0.0
2013-08-14 00:00:00-04:00,13.65038538269237,13.669084076606715,13.267051903527152,13.388596534729004,250200,0.0,0.0
2013-08-15 00:00:00-04:00,13.182906841541032,13.31380037783011,12.94916736485871,13.042662620544434,246200,0.0,0.0
2013-08-16 00:00:00-04:00,12.977214091734524,13.173555261175174,12.547133477323825,12.57518196105957,358500,0.0,0.0
2013-08-19 00:00:00-04:00,12.491036589245212,12.50038638176571,11.96746069113147,12.023557662963867,408100,0.0,0.0
2013-08-20 00:00:00-04:00,12.004858265268783,12.163801162211223,11.93941150475551,12.154451370239258,224600,0.0,0.0
2013-08-21 00:00:00-04:00,12.070307627608283,12.173153578178468,11.780471147163329,11.976812362670898,216800,0.0,0.0
2013-08-22 00:00:00-04:00,11.97680793637822,12.350790641205094,11.902010503767745,12.18249797821045,242700,0.0,0.0
2013-08-23 00:00:00-04:00,12.182499499794758,12.818271069052898,12.182499499794758,12.500385284423828,425000,0.0,0.0
2013-08-26 00:00:00-04:00,12.575183340226422,12.584533133045502,12.2198992379092,12.238598823547363,212500,0.0,0.0
2013-08-27 00:00:00-04:00,12.04225580888689,12.135751047982772,11.649573486406705,11.733719825744629,277100,0.0,0.0
2013-08-28 00:00:00-04:00,11.771120745360781,11.845917310106657,11.518681670609414,11.584129333496094,249500,0.0,0.0
2013-08-29 00:00:00-04:00,11.6028261269267,12.154451370239258,11.499981090170808,12.154451370239258,390200,0.0,0.0
2013-08-30 00:00:00-04:00,12.145102382936429,12.21055003943115,11.95811098933429,12.051607131958008,328400,0.0,0.0
2013-09-03 00:00:00-04:00,12.21055074261557,12.37884256072648,11.864615529973184,11.892664909362793,258500,0.0,0.0
2013-09-04 00:00:00-04:00,11.948762056377245,12.107704975285278,11.827217418880197,12.004859924316406,348000,0.0,0.0
2013-09-05 00:00:00-04:00,12.00485634629981,12.229245967886978,11.911360224815942,12.1264009475708,169500,0.0,0.0
2013-09-06 00:00:00-04:00,12.210551938422318,12.257299125359026,11.855267789501637,12.060957908630371,340200,0.0,0.0
2013-09-09 00:00:00-04:00,12.154453931827023,12.603233341320063,12.079657363578184,12.584534645080566,251700,0.0,0.0
2013-09-10 00:00:00-04:00,12.724776292850352,13.332499443487627,12.724776292850352,13.313799858093262,329900,0.0,0.0
2013-09-11 00:00:00-04:00,13.248351894256958,13.369896513391314,13.098758791213204,13.145506858825684,215600,0.0,0.0
2013-09-12 00:00:00-04:00,13.145509525689407,13.285752865333151,13.014615088148615,13.023964881896973,179400,0.0,0.0
2013-09-13 00:00:00-04:00,13.089413373970856,13.566242218017578,13.02396659242757,13.566242218017578,257100,0.0,0.0
2013-09-16 00:00:00-04:00,13.809326489098149,14.005666761949684,13.435342851575932,13.454042434692383,301900,0.0,0.0
2013-09-17 00:00:00-04:00,13.49144249097173,13.996319710402828,13.472742905385797,13.977620124816895,234600,0.0,0.0
2013-09-18 00:00:00-04:00,14.015016993416616,14.417049126587447,13.949570233745169,14.258106231689453,335000,0.0,0.0
2013-09-19 00:00:00-04:00,14.295504570007324,14.398349605890386,14.043066430423357,14.295504570007324,258000,0.0,0.0
2013-09-20 00:00:00-04:00,14.314205078172805,14.42639991319378,14.239407629846866,14.286155700683594,369700,0.0,0.0
2013-09-23 00:00:00-04:00,14.276808344134558,14.28615724599693,14.015019475789662,14.033719062805176,272700,0.0,0.0
2013-09-24 00:00:00-04:00,14.089816314267756,14.44510044965577,14.089816314267756,14.239409446716309,414500,0.0,0.0
2013-09-25 00:00:00-04:00,14.239409170103528,14.248758963611285,13.96827139989626,14.033719062805176,293400,0.0,0.0
2013-09-26 00:00:00-04:00,14.07121753692627,14.146213960126808,13.930598572904346,14.07121753692627,230800,0.04,0.0
2013-09-27 00:00:00-04:00,13.921222033824538,14.024341872539104,13.752479666811869,13.799352645874023,138300,0.0,0.0
2013-09-30 00:00:00-04:00,13.621237972254518,13.771230817208211,13.546241549777672,13.61186408996582,252100,0.0,0.0
2013-10-01 00:00:00-04:00,13.62123593174291,14.01496753777784,13.62123593174291,13.930596351623535,285900,0.0,0.0
2013-10-02 00:00:00-04:00,13.846225307264971,13.94934514361368,13.480617151801503,13.49936580657959,209200,0.0,0.0
2013-10-03 00:00:00-04:00,13.433744461351125,13.471242665737606,13.096260621872812,13.27437686920166,241500,0.0,0.0
2013-10-04 00:00:00-04:00,13.246252622000005,13.593111214677421,13.133758015782547,13.424368858337402,171500,0.0,0.0
2013-10-07 00:00:00-04:00,13.236877851000495,13.274376053081552,13.040012066568028,13.161881446838379,192500,0.0,0.0
2013-10-08 00:00:00-04:00,13.19938110843342,13.255628864788399,12.85252247732303,12.871271133422852,269400,0.0,0.0
2013-10-09 00:00:00-04:00,12.918145931854493,12.918145931854493,12.6462836749572,12.721280097961426,307200,0.0,0.0
2013-10-10 00:00:00-04:00,12.965018955310049,13.283754200966438,12.955644178901828,13.030640602111816,194600,0.0,0.0
2013-10-11 00:00:00-04:00,13.021264629905485,13.405621460676938,13.021264629905485,13.30250072479248,211000,0.0,0.0
2013-10-14 00:00:00-04:00,13.236877675733782,13.368121828293535,13.105633523174028,13.330623626708984,127900,0.0,0.0
2013-10-15 00:00:00-04:00,13.330625647788791,13.611862649325593,13.29312744051907,13.480618476867676,268900,0.0,0.0
2013-10-16 00:00:00-04:00,13.480619165606443,13.564990359780872,13.340000210639783,13.443120956420898,212100,0.0,0.0
2013-10-17 00:00:00-04:00,13.414997938714597,13.686860187240644,13.29312853157839,13.57436466217041,274000,0.0,0.0
2013-10-18 00:00:00-04:00,13.696233749389648,13.864976139025655,13.583739120974922,13.696233749389648,248000,0.0,0.0
2013-10-21 00:00:00-04:00,13.761854856882355,13.864974698709975,13.593112484775574,13.724356651306152,243100,0.0,0.0
2013-10-22 00:00:00-04:00,13.855600425890891,14.211833838787426,13.836851769437272,14.061841011047363,317100,0.0,0.0
2013-10-23 00:00:00-04:00,13.930595654959816,14.061839815083903,13.836850592609208,13.864974021911621,144400,0.0,0.0
2013-10-24 00:00:00-04:00,13.939973901199057,14.352455139160156,13.724359399468238,14.352455139160156,450500,0.0,0.0
2013-10-25 00:00:00-04:00,14.399326602725006,14.427450931824641,14.061842699780316,14.230585098266602,237700,0.0,0.0
2013-10-28 00:00:00-04:00,14.249333802082864,14.333705001593112,14.164962602572615,14.277457237243652,223600,0.0,0.0
2013-10-29 00:00:00-04:00,14.296206903445285,14.408701539008721,14.14621405602737,14.221210479736328,400900,0.0,0.0
2013-10-30 00:00:00-04:00,14.268079232571509,14.389948608428522,14.043089134205223,14.296202659606934,273700,0.0,0.0
2013-10-31 00:00:00-04:00,14.343076341557412,14.343076341557412,13.986842970101169,14.099337577819824,367200,0.0,0.0
2013-11-01 00:00:00-04:00,14.089964291531054,14.389950837819557,13.949346240540775,14.174335479736328,340100,0.0,0.0
2013-11-04 00:00:00-05:00,14.164960110208202,14.614939463745104,14.07121504482432,14.521193504333496,720100,0.0,0.0
2013-11-05 00:00:00-05:00,14.502447652332917,15.318034438375001,14.446199887007163,15.19616413116455,503300,0.0,0.0
2013-11-06 00:00:00-05:00,15.327403461777749,15.768007066332236,14.80242779388982,15.571142196655273,474300,0.0,0.0
2013-11-07 00:00:00-05:00,15.018047147627495,15.046169686265339,14.286830746098172,14.399325370788574,684600,0.0,0.0
2013-11-08 00:00:00-05:00,14.399322594816718,15.102415428134716,14.296202765570746,14.764930725097656,591500,0.0,0.0
2013-11-11 00:00:00-05:00,14.7743075508536,14.886802169481083,14.511819213361715,14.549318313598633,278300,0.0,0.0
2013-11-12 00:00:00-05:00,14.530571015361327,15.102419866208239,14.455574591320403,14.83993148803711,355200,0.0,0.0
2013-11-13 00:00:00-05:00,14.736811099606067,14.868054389953613,14.521195717705599,14.868054389953613,254200,0.0,0.0
2013-11-14 00:00:00-05:00,14.886804413790458,14.999299049377441,14.66181514261649,14.999299049377441,173800,0.0,0.0
2013-11-15 00:00:00-05:00,14.999297935856205,15.252411517657135,14.905551966145973,15.214912414550781,205300,0.0,0.0
2013-11-18 00:00:00-05:00,15.327406857171715,15.364904169583602,15.02742120565452,15.064918518066406,210700,0.0,0.0
2013-11-19 00:00:00-05:00,15.121166447460649,15.374280029305435,14.98054838689876,15.008672714233398,176800,0.0,0.0
2013-11-20 00:00:00-05:00,15.111793776790861,15.111793776790861,14.886803623532485,14.989923477172852,123700,0.0,0.0
2013-11-21 00:00:00-05:00,15.046172028164234,15.36490729474462,15.027424262172833,15.15866756439209,169600,0.0,0.0
2013-11-22 00:00:00-05:00,15.111793669939658,15.383655019066747,15.046170238579363,15.308658599853516,191400,0.0,0.0
2013-11-25 00:00:00-05:00,15.411777940761956,15.796134777671506,15.336781528390715,15.749260902404785,174800,0.0,0.0
2013-11-26 00:00:00-05:00,15.768012319088857,15.768012319088857,15.233662594181856,15.439902305603027,289900,0.0,0.0
2013-11-27 00:00:00-05:00,15.496149610431592,15.993000187332395,15.468025284396322,15.983625411987305,226500,0.0,0.0
2013-11-29 00:00:00-05:00,16.030497085379476,16.208614216343506,15.824255632245762,15.843005180358887,97600,0.0,0.0
2013-12-02 00:00:00-05:00,15.843007600708683,15.889881478152454,15.271160600339442,15.449275970458984,297000,0.0,0.0
2013-12-03 00:00:00-05:00,15.383655457251747,15.411779785778675,14.811807520955483,14.868054389953613,481400,0.0,0.0
2013-12-04 00:00:00-05:00,14.83992728144246,14.9336732319339,14.389948864749888,14.49306869506836,286700,0.0,0.0
2013-12-05 00:00:00-05:00,14.530572249927388,14.643066895546696,14.080593667450161,14.202462196350098,298000,0.0,0.0
2013-12-06 00:00:00-05:00,14.408700836381147,14.511820690445441,14.118089932187296,14.361827850341797,247100,0.0,0.0
2013-12-09 00:00:00-05:00,14.446200529234012,14.699314143410591,14.32433111063358,14.4368257522583,273700,0.0,0.0
2013-12-10 00:00:00-05:00,14.36182893770164,14.436825363431575,14.033719798640144,14.04309368133545,233600,0.0,0.0
2013-12-11 00:00:00-05:00,14.146212204746353,14.446197860323775,13.761855360030838,14.164960861206055,425400,0.0,0.0
2013-12-12 00:00:00-05:00,14.164963077930093,14.502447887296633,14.089966652299289,14.305582046508789,315800,0.0,0.0
2013-12-13 00:00:00-05:00,14.389952985312817,14.418076420902338,14.061842958666114,14.268083572387695,183800,0.0,0.0
2013-12-16 00:00:00-05:00,14.296205999924295,14.464948389618867,13.939972562806776,13.958722114562988,448000,0.0,0.0
2013-12-17 00:00:00-05:00,13.98684300038347,14.127461036829317,13.668107830810033,13.677482604980469,254700,0.0,0.0
2013-12-18 00:00:00-05:00,13.73373285218758,13.949348241194967,13.518118357208088,13.855602264404297,278700,0.0,0.0
2013-12-19 00:00:00-05:00,13.86497439388743,13.939970803391033,13.546239206483257,13.84622573852539,255700,0.0,0.0
2013-12-20 00:00:00-05:00,13.92122068846636,14.296202696669592,13.80872519197776,14.239954948425293,695800,0.0,0.0
2013-12-23 00:00:00-05:00,14.371201287539378,14.371201287539378,14.08059041041873,14.174335479736328,344900,0.0,0.0
2013-12-24 00:00:00-05:00,14.239956567364269,14.258706116919878,13.968094357002034,13.99621868133545,161700,0.0,0.0
2013-12-26 00:00:00-05:00,14.052467191260545,14.071216743016757,13.911849129200293,13.958722114562988,158100,0.0,0.0
2013-12-27 00:00:00-05:00,14.005595014796752,14.005595014796752,13.443121840042037,13.705609321594238,302500,0.0,0.0
2013-12-30 00:00:00-05:00,13.752478888626266,13.977468102560307,13.714980686303926,13.893096923828125,282800,0.0,0.0
2013-12-31 00:00:00-05:00,13.902472496032715,14.02434188408355,13.780603107981882,13.902472496032715,233100,0.0,0.0
2014-01-02 00:00:00-05:00,13.874273005593498,14.156270599322594,13.723874527990148,13.902472496032715,295500,0.04,0.0
2014-01-03 00:00:00-05:00,13.949472676209565,14.146870908285953,13.902472926392203,14.081070899963379,323800,0.0,0.0
2014-01-06 00:00:00-05:00,14.099871565369476,14.231470689366708,13.80847382524907,13.81787395477295,328800,0.0,0.0
2014-01-07 00:00:00-05:00,13.84607332378538,13.96827231717219,13.507676731945843,13.733274459838867,319000,0.0,0.0
2014-01-08 00:00:00-05:00,13.733274353651197,13.96827220916748,13.592275998919696,13.96827220916748,400100,0.0,0.0
2014-01-09 00:00:00-05:00,13.545276135057486,13.564076393635222,12.95308143654383,13.084680557250977,736400,0.0,0.0
2014-01-10 00:00:00-05:00,13.112881350383173,13.52647811569429,13.009482607278272,13.460678100585938,410500,0.0,0.0
2014-01-13 00:00:00-05:00,13.479478732833213,13.517078358312625,13.178681728997914,13.23508071899414,549600,0.0,0.0
2014-01-14 00:00:00-05:00,13.263279318279213,13.498277185766804,13.263279318279213,13.357278823852539,269500,0.0,0.0
2014-01-15 00:00:00-05:00,13.376078070820226,13.601676702945912,13.347878577971658,13.592276573181152,392300,0.0,0.0
2014-01-16 00:00:00-05:00,13.545278657664563,13.770876423937619,13.526479292031393,13.629878044128418,254400,0.0,0.0
2014-01-17 00:00:00-05:00,13.629876374628504,13.76147550372469,13.601676881409938,13.639276504516602,171800,0.0,0.0
2014-01-21 00:00:00-05:00,13.770874977111816,13.855474354687306,13.629876612116494,13.770874977111816,258800,0.0,0.0
2014-01-22 00:00:00-05:00,13.77087222664023,14.099869541179306,13.74267273856263,14.05286979675293,254300,0.0,0.0
2014-01-23 00:00:00-05:00,13.949471712827252,14.090470056096006,13.780272983748267,13.958871841430664,277600,0.0,0.0
2014-01-24 00:00:00-05:00,13.799074941799011,13.940073302446915,13.197480083713481,13.272679328918457,532200,0.0,0.0
2014-01-27 00:00:00-05:00,13.423078242312325,13.423078242312325,12.915482872960684,13.169281005859375,271000,0.0,0.0
2014-01-28 00:00:00-05:00,13.178679954132479,13.517076537872944,13.178679954132479,13.31967830657959,235200,0.0,0.0
2014-01-29 00:00:00-05:00,13.225679631637218,13.413678641878368,12.68988478320881,12.755683898925781,335600,0.0,0.0
2014-01-30 00:00:00-05:00,12.859085827634164,13.084683604430513,12.586488289893774,12.689887046813965,422100,0.0,0.0
2014-01-31 00:00:00-05:00,12.445486659406523,12.633484771273778,12.219888925165815,12.229289054870605,567300,0.0,0.0
2014-02-03 00:00:00-05:00,12.21048877979636,12.332687776464736,11.261097195527546,11.430295944213867,989900,0.0,0.0
2014-02-04 00:00:00-05:00,11.45849519143678,11.665293558019261,11.110698468265966,11.261096954345703,804900,0.0,0.0
2014-02-05 00:00:00-05:00,11.21409530993061,11.279894407109532,10.866298673284854,11.06369686126709,441600,0.0,0.0
2014-02-06 00:00:00-05:00,11.120103290073427,11.561899701690404,11.073103519229738,11.298702239990234,359700,0.0,0.0
2014-02-07 00:00:00-05:00,11.308095192876529,11.552493148290225,11.167096855147008,11.514893531799316,405100,0.0,0.0
2014-02-10 00:00:00-05:00,11.543093020056105,11.749891358978894,11.373895194069796,11.514893531799316,521200,0.0,0.0
2014-02-11 00:00:00-05:00,11.561896825718147,11.59009632263143,11.101301158202531,11.38329792022705,545700,0.0,0.0
2014-02-12 00:00:00-05:00,11.383294691636541,11.505493672196502,11.24229635061498,11.326895713806152,379100,0.0,0.0
2014-02-13 00:00:00-05:00,11.279900207519532,11.759296181486134,11.063702550502784,11.749896049499512,452800,0.0,0.0
2014-02-14 00:00:00-05:00,11.655892962208407,11.900290940533148,11.14829764377391,11.599493980407715,804400,0.0,0.0
2014-02-18 00:00:00-05:00,11.571295804110173,11.637094922501568,11.298698303915568,11.373897552490234,903800,0.0,0.0
2014-02-19 00:00:00-05:00,11.30809754289794,11.505495794609434,11.214098930358887,11.214098930358887,465000,0.0,0.0
2014-02-20 00:00:00-05:00,11.18590014081687,11.449098445067204,11.18590014081687,11.242300033569336,393600,0.0,0.0
2014-02-21 00:00:00-05:00,11.242294733228492,11.684090846086416,11.232894606127259,11.655890464782715,457900,0.0,0.0
2014-02-24 00:00:00-05:00,11.665294884393388,11.78749389233894,11.449097260182961,11.674695014953613,433700,0.0,0.0
2014-02-25 00:00:00-05:00,11.637094976334863,11.796893604406698,11.486696478489785,11.618294715881348,336500,0.0,0.0
2014-02-26 00:00:00-05:00,11.665293397763168,11.749892769132229,11.430295542380524,11.693492889404297,293500,0.0,0.0
2014-02-27 00:00:00-05:00,11.665296654511767,11.806295944973316,11.618296891024583,11.749896049499512,224300,0.0,0.0
2014-02-28 00:00:00-05:00,11.7592939682422,11.984891714785295,11.655894328742297,11.937891960144043,362200,0.0,0.0
2014-03-03 00:00:00-05:00,11.749893071730408,11.881492196854241,11.514895210295801,11.825092315673828,446600,0.0,0.0
2014-03-04 00:00:00-05:00,11.956693412709809,12.28568993510934,11.77809450655517,11.947293281555176,484900,0.0,0.0
2014-03-05 00:00:00-05:00,11.966091515512021,12.097690649891007,11.881493032460277,11.90029239654541,180300,0.0,0.0
2014-03-06 00:00:00-05:00,11.909690872531712,12.116489227418063,11.909690872531712,12.069489479064941,253500,0.0,0.0
2014-03-07 00:00:00-05:00,12.172888631552379,12.219888381539741,11.928490648774623,12.088289260864258,266500,0.0,0.0
2014-03-10 00:00:00-04:00,12.078892682745566,12.28569019382725,11.984893162111444,12.238691329956055,226000,0.0,0.0
2014-03-11 00:00:00-04:00,12.27629021344019,12.27629021344019,11.900293050182073,11.928492546081543,298700,0.0,0.0
2014-03-12 00:00:00-04:00,11.86269140271085,12.050689504091833,11.759292671062724,11.881491661071777,208600,0.0,0.0
2014-03-13 00:00:00-04:00,11.900290097327348,12.031889206280479,11.373895454406007,11.68409252166748,357900,0.0,0.0
2014-03-14 00:00:00-04:00,11.599497011354073,11.825094790396804,11.543097118370445,11.646496772766113,193800,0.0,0.0
2014-03-17 00:00:00-04:00,11.608894767093968,11.759293255675814,11.383296137775496,11.627694129943848,344300,0.0,0.0
2014-03-18 00:00:00-04:00,11.618295226659082,12.01309174908182,11.618295226659082,11.919093132019043,308400,0.0,0.0
2014-03-19 00:00:00-04:00,11.92849301924591,12.10709192540055,11.88149415636444,11.947293281555176,246000,0.0,0.0
2014-03-20 00:00:00-04:00,11.890892259774313,12.12589013760737,11.796893646508549,12.060091018676758,197700,0.0,0.0
2014-03-21 00:00:00-04:00,12.182289046673823,12.370287154588636,11.665293577573822,11.740492820739746,698300,0.0,0.0
2014-03-24 00:00:00-04:00,11.749893197274822,12.248088417834477,11.702893445196581,12.229289054870605,405900,0.0,0.0
2014-03-25 00:00:00-04:00,12.266888797266589,12.40788715843517,12.21988904472849,12.313888549804688,316000,0.0,0.0
2014-03-26 00:00:00-04:00,12.370288152468662,12.389088412999557,11.90029239654541,11.90029239654541,298400,0.0,0.0
2014-03-27 00:00:00-04:00,11.890860771194145,11.890860771194145,11.343937811014682,11.457094192504883,370900,0.04,0.0
2014-03-28 00:00:00-04:00,11.43823613345956,11.617400193243462,11.409947260712007,11.579681396484375,388400,0.0,0.0
2014-03-31 00:00:00-04:00,11.655118765213702,12.032307624816895,11.50424358108724,12.032307624816895,344700,0.0,0.0
2014-04-01 00:00:00-04:00,12.079457934093314,12.50379467010498,11.99459040703355,12.50379467010498,463000,0.0,0.0
2014-04-02 00:00:00-04:00,12.569803068347216,12.81497573852539,12.362349201328207,12.81497573852539,301600,0.0,0.0
2014-04-03 00:00:00-04:00,12.84326075621262,13.041284638106761,12.682955666141796,12.833830833435059,252000,0.0,0.0
2014-04-04 00:00:00-04:00,12.984711898987442,12.984711898987442,12.447217784467165,12.654671669006348,341400,0.0,0.0
2014-04-07 00:00:00-04:00,12.645240704623765,12.85269457213426,12.503795417263595,12.777256965637207,645200,0.0,0.0
2014-04-08 00:00:00-04:00,12.748963362897074,12.796111175018018,12.381204493060356,12.701814651489258,412200,0.0,0.0
2014-04-09 00:00:00-04:00,12.786683949524356,13.012996716949248,12.607519000847734,12.937559127807617,340400,0.0,0.0
2014-04-10 00:00:00-04:00,12.899843393793223,12.965851075131072,12.64524079556915,12.664100646972656,354500,0.0,0.0
2014-04-11 00:00:00-04:00,12.579232477438355,12.682958957045107,12.154895734499792,12.164324760437012,319500,0.0,0.0
2014-04-14 00:00:00-04:00,12.258622451555542,12.258622451555542,11.758848095715614,11.862574577331543,254000,0.0,0.0
2014-04-15 00:00:00-04:00,11.890862598597575,11.975730122579526,11.551393401956899,11.702268600463867,366700,0.0,0.0
2014-04-16 00:00:00-04:00,11.74941817030857,11.89086345426549,11.58911303553756,11.862574577331543,203300,0.0,0.0
2014-04-17 00:00:00-04:00,11.853143615628166,12.107746183635857,11.711698344037519,12.041738510131836,274100,0.0,0.0
2014-04-21 00:00:00-04:00,12.041739623094617,12.145466105228916,11.777707106101007,11.787137031555176,281900,0.0,0.0
2014-04-22 00:00:00-04:00,11.711698681994008,11.749417482125747,11.391088431230664,11.46652603149414,444800,0.0,0.0
2014-04-23 00:00:00-04:00,11.513673767156266,11.692837827565384,11.457095122176671,11.494813919067383,324900,0.0,0.0
2014-04-24 00:00:00-04:00,11.551393455087043,11.65511992971589,11.240213131913382,11.6268310546875,554600,0.0,0.0
2014-04-25 00:00:00-04:00,11.617402297563936,11.673980952594478,11.34394074670528,11.362800598144531,234400,0.0,0.0
2014-04-28 00:00:00-04:00,11.362801232761536,11.466527723608946,10.514126755627876,10.57070541381836,591100,0.0,0.0
2014-04-29 00:00:00-04:00,10.617853004945378,10.919603418107522,10.495266674776465,10.863025665283203,354300,0.0,0.0
2014-04-30 00:00:00-04:00,10.863025608165684,11.032759765033349,10.787587105984635,10.93846321105957,394700,0.0,0.0
2014-05-01 00:00:00-04:00,10.957320969367474,11.334509842064735,10.834734653187393,11.325079917907715,407800,0.0,0.0
2014-05-02 00:00:00-04:00,11.325079992006593,11.391087662963495,11.174204801655353,11.211923599243164,330600,0.0,0.0
2014-05-05 00:00:00-04:00,11.127054124127199,11.353366869876709,10.95731911517161,11.315648078918457,256700,0.0,0.0
2014-05-06 00:00:00-04:00,11.315650092800155,11.362798814710903,11.164774902115417,11.17420482635498,231700,0.0,0.0
2014-05-07 00:00:00-04:00,11.16477579940312,11.277932201510797,10.976181795890328,11.249643325805664,258500,0.0,0.0
2014-05-08 00:00:00-04:00,10.561275967421238,11.221355546768697,10.561275967421238,11.117629051208496,359000,0.0,0.0
2014-05-09 00:00:00-04:00,10.910174188643126,11.193065668666906,10.863026358045182,11.145916938781738,383100,0.0,0.0
2014-05-12 00:00:00-04:00,11.079908105322035,11.523104681335314,11.079908105322035,11.46652603149414,351600,0.0,0.0
2014-05-13 00:00:00-04:00,11.381658609246081,11.457096210191382,11.089338130404828,11.306221008300781,448000,0.0,0.0
2014-05-14 00:00:00-04:00,11.221354860054335,11.249644638347295,10.655572783503866,10.749869346618652,443600,0.0,0.0
2014-05-15 00:00:00-04:00,10.740438439722746,10.8253050618842,10.476405950930136,10.712148666381836,627700,0.0,0.0
2014-05-16 00:00:00-04:00,10.693289756774902,10.806446152700547,10.495265839083253,10.693289756774902,258500,0.0,0.0
2014-05-19 00:00:00-04:00,10.627282827774074,11.013900765734416,10.627282827774074,10.947892189025879,189000,0.0,0.0
2014-05-20 00:00:00-04:00,10.881882734240277,10.881882734240277,10.62728109199455,10.768726348876953,457000,0.0,0.0
2014-05-21 00:00:00-04:00,10.778159124911614,10.891315540221706,10.674431736411924,10.749869346618652,166500,0.0,0.0
2014-05-22 00:00:00-04:00,10.76872911414406,10.93846418541827,10.759299188120549,10.881885528564453,117800,0.0,0.0
2014-05-23 00:00:00-04:00,10.900743367098771,11.155345027694525,10.891313442817095,11.098767280578613,167000,0.0,0.0
2014-05-27 00:00:00-04:00,11.12705606509255,11.296790204369065,11.098767191760976,11.193063735961914,192800,0.0,0.0
2014-05-28 00:00:00-04:00,11.14591701309627,11.221354621700623,10.919604187283213,11.089339256286621,235400,0.0,0.0
2014-05-29 00:00:00-04:00,11.079907500148499,11.117626298220076,10.872453661111294,10.976181030273438,189500,0.0,0.0
2014-05-30 00:00:00-04:00,10.995041024585213,11.032759826241413,10.778158139883844,10.78758716583252,222300,0.0,0.0
2014-06-02 00:00:00-04:00,10.768728278870006,10.872454759221366,10.561274418880108,10.721579551696777,461700,0.0,0.0
2014-06-03 00:00:00-04:00,10.70271965557134,10.834735000857549,10.514124763527454,10.731008529663086,186500,0.0,0.0
2014-06-04 00:00:00-04:00,10.69328779294641,10.872451828769995,10.674427947445544,10.80644416809082,176200,0.0,0.0
2014-06-05 00:00:00-04:00,10.825304599791954,11.523103691200708,10.806445650990124,11.494813919067383,391600,0.0,0.0
2014-06-06 00:00:00-04:00,11.494811909432702,11.928578447484137,11.362796593038937,11.834281921386719,266300,0.0,0.0
2014-06-09 00:00:00-04:00,11.787135895831899,12.060597412643714,11.702268373495974,12.051167488098145,215600,0.0,0.0
2014-06-10 00:00:00-04:00,11.966299158588837,11.994588930317292,11.721127431951516,11.824853897094727,205600,0.0,0.0
2014-06-11 00:00:00-04:00,11.71169969942083,11.758848428503224,11.362800543070657,11.447668075561523,272700,0.0,0.0
2014-06-12 00:00:00-04:00,11.343939829814635,11.343939829814635,10.985610775016246,11.259072303771973,262400,0.0,0.0
2014-06-13 00:00:00-04:00,11.325080927210783,11.343939877918489,11.127056998700562,11.249643325805664,243400,0.0,0.0
2014-06-16 00:00:00-04:00,11.174205944924758,11.174205944924758,10.853595682982156,10.93846321105957,258700,0.0,0.0
2014-06-17 00:00:00-04:00,10.957322098837228,11.164775955240504,10.919603297608193,11.004470825195312,175900,0.0,0.0
2014-06-18 00:00:00-04:00,10.947893065688037,11.089339256286621,10.872455457083683,11.089339256286621,159200,0.0,0.0
2014-06-19 00:00:00-04:00,11.136484980680201,11.419375486949018,11.127055057328045,11.372227668762207,177900,0.0,0.0
2014-06-20 00:00:00-04:00,11.37222953520526,11.598542337078218,11.174205608744641,11.391088485717773,516600,0.0,0.0
2014-06-23 00:00:00-04:00,11.391089532058118,11.391089532058118,11.127057905620102,11.277933120727539,254900,0.0,0.0
2014-06-24 00:00:00-04:00,11.202491769511763,11.466523307715404,11.155343055725098,11.155343055725098,238300,0.0,0.0
2014-06-25 00:00:00-04:00,11.127056040670606,11.325079952131137,11.098767167401121,11.230782508850098,383100,0.0,0.0
2014-06-26 00:00:00-04:00,11.240243919003772,11.35378162699563,11.136167912257276,11.268628120422363,139900,0.04,0.0
2014-06-27 00:00:00-04:00,11.20239822963085,11.552473061517125,11.15509062482081,11.524088859558105,694300,0.0,0.0
2014-06-30 00:00:00-04:00,11.457857562711583,11.580856971186293,11.287551452938322,11.561934471130371,290500,0.0,0.0
2014-07-01 00:00:00-04:00,11.647089437727569,12.053932714281931,11.599781828179127,11.864703178405762,406800,0.0,0.0
2014-07-02 00:00:00-04:00,11.836315270177362,12.053928942767117,11.684931688842346,11.97823715209961,319500,0.0,0.0
2014-07-03 00:00:00-04:00,12.025546953582264,12.025546953582264,11.807932338742033,11.940393447875977,207600,0.0,0.0
2014-07-07 00:00:00-04:00,11.826859474182129,11.85524368427119,11.609245692969708,11.826859474182129,475500,0.0,0.0
2014-07-08 00:00:00-04:00,11.826856314444484,11.940394026785047,11.457858072599505,11.836318016052246,464400,0.0,0.0
2014-07-09 00:00:00-04:00,11.930932694354606,11.968778599639188,11.637627153978483,11.912010192871094,490300,0.0,0.0
2014-07-10 00:00:00-04:00,11.694396014788815,11.893087250826573,11.618704201280869,11.666011810302734,259800,0.0,0.0
2014-07-11 00:00:00-04:00,11.628165675458169,11.807933503433933,11.58085806736426,11.789011001586914,185000,0.0,0.0
2014-07-14 00:00:00-04:00,11.893087255090933,11.949856566401044,11.637627609989416,11.694396018981934,275300,0.0,0.0
2014-07-15 00:00:00-04:00,11.647089303888018,11.817395433060739,11.543012383613897,11.637627601623535,164000,0.0,0.0
2014-07-16 00:00:00-04:00,11.694396549874492,11.732242458360131,11.49570530474547,11.505167007446289,167400,0.0,0.0
2014-07-17 00:00:00-04:00,11.382166958852144,11.486243878252697,11.032092098862973,11.060476303100586,290300,0.0,0.0
2014-07-18 00:00:00-04:00,11.041552053019995,11.344319256469252,11.032090352332846,11.230781555175781,237000,0.0,0.0
2014-07-21 00:00:00-04:00,11.107785828129986,11.183477654034421,10.984786385455841,11.00370979309082,142900,0.0,0.0
2014-07-22 00:00:00-04:00,11.022631109777553,11.22132235693017,11.022631109777553,11.183476448059082,215500,0.0,0.0
2014-07-23 00:00:00-04:00,11.249708230390517,11.486245402500613,11.032093562844024,11.391630172729492,192000,0.0,0.0
2014-07-24 00:00:00-04:00,11.476782854499916,11.505167060415417,11.051016156496848,11.069938659667969,363600,0.0,0.0
2014-07-25 00:00:00-04:00,11.032090484980603,11.259165890297856,10.946936982407271,11.022628784179688,203800,0.0,0.0
2014-07-28 00:00:00-04:00,10.521171271911177,10.77663180148502,9.981866912567543,10.095404624938965,813400,0.0,0.0
2014-07-29 00:00:00-04:00,10.1048663327035,10.16163473776502,9.896713408737025,10.123788833618164,521900,0.0,0.0
2014-07-30 00:00:00-04:00,10.208945018069459,10.369790378411281,10.180560808102598,10.360328674316406,363400,0.0,0.0
2014-07-31 00:00:00-04:00,10.218404346940975,10.445479778528705,10.095404929251565,10.114327430725098,571600,0.0,0.0
2014-08-01 00:00:00-04:00,10.123789827738449,10.123789827738449,9.584485415108581,9.660177230834961,421000,0.0,0.0
2014-08-04 00:00:00-04:00,9.68856192153963,9.745331237337307,9.338487030687332,9.4425630569458,502100,0.0,0.0
2014-08-05 00:00:00-04:00,9.414178545588973,9.584485585153676,9.243872408341904,9.395256042480469,365900,0.0,0.0
2014-08-06 00:00:00-04:00,9.2249505203015,9.2249505203015,8.619414981826793,8.628876686096191,792900,0.0,0.0
2014-08-07 00:00:00-04:00,8.62887427074373,8.761335386484078,7.957108795056127,8.382875442504883,780600,0.0,0.0
2014-08-08 00:00:00-04:00,8.382873604573676,8.789717661898226,8.307181812836644,8.761333465576172,389000,0.0,0.0
2014-08-11 00:00:00-04:00,8.7613350159058,8.7991809184712,8.515336198071967,8.742411613464355,542800,0.0,0.0
2014-08-12 00:00:00-04:00,8.723487493471005,8.789717585082775,8.60994980685769,8.704564094543457,357300,0.0,0.0
2014-08-13 00:00:00-04:00,8.74241064932522,8.751872349502479,8.524796959152644,8.71402645111084,574200,0.0,0.0
2014-08-14 00:00:00-04:00,8.676183801793684,8.941105189743444,8.647799592949928,8.93164348602295,326200,0.0,0.0
2014-08-15 00:00:00-04:00,9.026258413293847,9.177642058430548,8.799182945588798,8.884336471557617,416200,0.0,0.0
2014-08-18 00:00:00-04:00,8.988408490182662,9.120869571714318,8.912716701398088,9.092484474182129,343400,0.0,0.0
2014-08-19 00:00:00-04:00,9.092485950590735,9.347946455957505,9.092485950590735,9.310100555419922,427200,0.0,0.0
2014-08-20 00:00:00-04:00,9.215487598390418,9.499332372743478,9.206025895371194,9.4425630569458,727700,0.0,0.0
2014-08-21 00:00:00-04:00,9.404716550535795,9.593946989644518,9.281718028359773,9.461485862731934,592500,0.0,0.0
2014-08-22 00:00:00-04:00,9.414179551936394,9.55610240085065,9.385795343080636,9.508794784545898,335900,0.0,0.0
2014-08-25 00:00:00-04:00,9.603409114837671,9.603409114837671,9.442563760792153,9.508794784545898,507700,0.0,0.0
2014-08-26 00:00:00-04:00,9.546640288208717,9.622332110127072,9.385794941052792,9.404717445373535,618000,0.0,0.0
2014-08-27 00:00:00-04:00,9.452025083089756,9.452025083089756,8.76133698079268,8.799182891845703,863000,0.0,0.0
2014-08-28 00:00:00-04:00,8.732951759583019,8.846490393614287,8.553183909949261,8.600491523742676,671400,0.0,0.0
2014-08-29 00:00:00-04:00,8.65725696219119,8.65725696219119,8.354489781708946,8.486950874328613,434600,0.0,0.0
2014-09-02 00:00:00-04:00,8.515336476471909,8.685643494742953,8.373414562791051,8.67618179321289,518800,0.0,0.0
2014-09-03 00:00:00-04:00,8.666723259277964,8.685646669254394,8.524801293726139,8.609954833984375,487300,0.0,0.0
2014-09-04 00:00:00-04:00,8.63833904663117,8.799184422159424,8.581569719019729,8.609954833984375,390600,0.0,0.0
2014-09-05 00:00:00-04:00,8.553184860191001,8.695106815020809,8.4396471158636,8.572108268737793,312200,0.0,0.0
2014-09-08 00:00:00-04:00,8.58156688360768,8.751873907853472,8.562644382201231,8.695104598999023,582900,0.0,0.0
2014-09-09 00:00:00-04:00,8.647797075706277,8.676181276287819,8.458566665649414,8.458566665649414,405700,0.0,0.0
2014-09-10 00:00:00-04:00,8.486952286651375,8.77079701674707,8.45856718201954,8.732950210571289,316900,0.0,0.0
2014-09-11 00:00:00-04:00,8.704564750933582,8.85594834450014,8.64779635450482,8.71402645111084,437900,0.0,0.0
2014-09-12 00:00:00-04:00,8.723489411344866,8.83702712291964,8.657258402854774,8.732950210571289,311200,0.0,0.0
2014-09-15 00:00:00-04:00,8.695102760364202,8.71402616008673,8.354489686214974,8.3734130859375,541400,0.0,0.0
2014-09-16 00:00:00-04:00,8.335568739035322,8.392337144125806,8.14633831588696,8.382875442504883,482000,0.0,0.0
2014-09-17 00:00:00-04:00,8.231492696487196,8.420722237332884,8.231492696487196,8.240954399108887,358400,0.0,0.0
2014-09-18 00:00:00-04:00,8.240951994831896,8.382873883481402,8.184182697981678,8.3734130859375,353500,0.0,0.0
2014-09-19 00:00:00-04:00,8.420719314364364,8.591026293167976,8.354489223637321,8.562642097473145,788200,0.0,0.0
2014-09-22 00:00:00-04:00,8.52479667444827,8.52479667444827,8.316643789087282,8.3734130859375,372800,0.0,0.0
2014-09-23 00:00:00-04:00,8.316646215447161,8.420722237332884,8.21257019356144,8.240954399108887,358400,0.0,0.0
2014-09-24 00:00:00-04:00,8.240952571397882,8.345028570201217,8.146337370800358,8.326106071472168,280300,0.0,0.0
2014-09-25 00:00:00-04:00,8.278798741058589,8.278798741058589,7.890878030134066,7.9098005294799805,431300,0.0,0.0
2014-09-26 00:00:00-04:00,7.91930763061246,7.957335482476588,7.8147312646499865,7.94782829284668,311300,0.04,0.0
2014-09-29 00:00:00-04:00,7.757690634712183,7.862267928914899,7.634099863980776,7.672127723693848,353400,0.0,0.0
2014-09-30 00:00:00-04:00,7.643606804030043,7.700649045050297,7.386918532750221,7.396425724029541,546600,0.0,0.0
2014-10-01 00:00:00-04:00,7.358397347552053,7.377411729943535,6.9971326953426,7.02565336227417,604000,0.0,0.0
2014-10-02 00:00:00-04:00,7.0256541366149765,7.31086355733233,7.0256541366149765,7.282342433929443,392500,0.0,0.0
2014-10-03 00:00:00-04:00,7.386918592470465,7.681634724594563,7.310862874932354,7.3679046630859375,659500,0.0,0.0
2014-10-06 00:00:00-04:00,7.824241364062993,8.42318100306006,7.662623594799608,7.938325881958008,808200,0.0,0.0
2014-10-07 00:00:00-04:00,7.890789331642347,7.995365728925091,7.767198549405045,7.776705741882324,497500,0.0,0.0
2014-10-08 00:00:00-04:00,7.80522613716026,7.814733329301968,7.415440325907695,7.501002788543701,518700,0.0,0.0
2014-10-09 00:00:00-04:00,7.491495381276465,7.586565027571276,7.196779251098633,7.196779251098633,427600,0.0,0.0
2014-10-10 00:00:00-04:00,7.149243530171119,7.339382804911924,6.8640341647321215,6.873541355133057,590000,0.0,0.0
2014-10-13 00:00:00-04:00,6.835514842589566,6.959105622106579,6.664389461716081,6.721431255340576,579700,0.0,0.0
2014-10-14 00:00:00-04:00,6.81649990468577,7.2918485680158485,6.79748597628568,7.130229949951172,515100,0.0,0.0
2014-10-15 00:00:00-04:00,6.902062615481661,7.938322817529189,6.902062615481661,7.6245927810668945,911400,0.0,0.0
2014-10-16 00:00:00-04:00,7.52952234310018,8.147475197088088,7.41543878113267,7.9763503074646,688300,0.0,0.0
2014-10-17 00:00:00-04:00,8.099942270744249,8.099942270744249,7.462974487863034,7.491495609283447,622600,0.0,0.0
2014-10-20 00:00:00-04:00,7.481988500695515,7.843253624946269,7.481988500695515,7.833746433258057,397000,0.0,0.0
2014-10-21 00:00:00-04:00,7.890789204528256,8.309095693576435,7.86226853421164,8.185504913330078,390300,0.0,0.0
2014-10-22 00:00:00-04:00,8.185503247196081,8.309094002285919,8.07141968249521,8.09994125366211,241900,0.0,0.0
2014-10-23 00:00:00-04:00,8.204519186029572,8.404165688833286,8.147476939518903,8.233039855957031,328400,0.0,0.0
2014-10-24 00:00:00-04:00,8.223533014761491,8.470714582431734,8.204519536216896,8.461207389831543,246100,0.0,0.0
2014-10-27 00:00:00-04:00,8.47071275391261,8.508740609448754,8.23303843014781,8.432684898376465,443400,0.0,0.0
2014-10-28 00:00:00-04:00,8.489730258061599,9.088669883074976,8.423180806400605,9.050642013549805,566900,0.0,0.0
2014-10-29 00:00:00-04:00,9.326342573427626,9.535495363896418,8.81296597623519,8.946063041687012,565500,0.0,0.0
2014-10-30 00:00:00-04:00,9.031624535848794,10.067884759237396,8.908033775506924,9.92527961730957,758300,0.0,0.0
2014-10-31 00:00:00-04:00,10.191475929043447,10.952033996582031,9.953801589603618,10.952033996582031,1189600,0.0,0.0
2014-11-03 00:00:00-05:00,10.952033451318362,11.199214062971224,10.619289030006527,11.170693397521973,1287300,0.0,0.0
2014-11-04 00:00:00-05:00,11.199217229826335,11.836184680463411,11.104148015893792,11.779143333435059,1196500,0.0,0.0
2014-11-05 00:00:00-05:00,11.8837174407488,11.921745300292969,11.22773663694797,11.921745300292969,1314500,0.0,0.0
2014-11-06 00:00:00-05:00,11.912235240009434,12.302020933131942,11.864700200362805,11.931249618530273,844200,0.0,0.0
2014-11-07 00:00:00-05:00,11.95977069330568,12.121389289700797,11.208719942210047,11.322803497314453,1198400,0.0,0.0
2014-11-10 00:00:00-05:00,11.313299034987429,11.864703470911849,11.313299034987429,11.750619888305664,822500,0.0,0.0
2014-11-11 00:00:00-05:00,11.731604587253589,11.855195342525882,11.579493167427865,11.722097396850586,526600,0.0,0.0
2014-11-12 00:00:00-05:00,11.665055295990896,11.703083148431427,11.465408844014226,11.646040916442871,451500,0.0,0.0
2014-11-13 00:00:00-05:00,11.722097874069814,11.7601257305744,11.455902878537715,11.522451400756836,631800,0.0,0.0
2014-11-14 00:00:00-05:00,11.50343791433107,11.60801429295022,11.294284250437155,11.53195858001709,390700,0.0,0.0
2014-11-17 00:00:00-05:00,11.560477967948744,11.693575904198505,11.256255149841309,11.256255149841309,545800,0.0,0.0
2014-11-18 00:00:00-05:00,11.28477891332066,11.646044062423089,11.275271720978441,11.541467666625977,467700,0.0,0.0
2014-11-19 00:00:00-05:00,11.684068488679294,11.684068488679294,10.875975510378066,10.923510551452637,662500,0.0,0.0
2014-11-20 00:00:00-05:00,10.904497224017637,11.379845827773265,10.790413667914947,11.2752685546875,489900,0.0,0.0
2014-11-21 00:00:00-05:00,11.408370007902928,11.408370007902928,10.990063506541702,11.03759765625,356400,0.0,0.0
2014-11-24 00:00:00-05:00,11.142171720287617,11.636533805357505,11.142171720287617,11.617520332336426,695100,0.0,0.0
2014-11-25 00:00:00-05:00,11.531956310900439,11.817165631607498,11.42737995285854,11.703082084655762,543800,0.0,0.0
2014-11-26 00:00:00-05:00,11.684071430416843,11.760127152622761,11.598508516271252,11.731606483459473,321900,0.0,0.0
2014-11-28 00:00:00-05:00,11.912240117077527,12.283012490135006,11.855198771472278,11.883719444274902,450200,0.0,0.0
2014-12-01 00:00:00-05:00,11.950264928668217,11.997799975627016,11.531958510073128,11.550971984863281,553200,0.0,0.0
2014-12-02 00:00:00-05:00,11.550970910123835,11.893222491058514,11.550970910123835,11.617520332336426,337400,0.0,0.0
2014-12-03 00:00:00-05:00,11.579494016271084,11.769633304991537,11.49393110968297,11.760126113891602,436800,0.0,0.0
2014-12-04 00:00:00-05:00,11.798151457416777,11.92174219541145,11.541463699008954,11.598505020141602,512000,0.0,0.0
2014-12-05 00:00:00-05:00,11.703085814296186,11.997801511180187,11.646043569313884,11.731606483459473,369300,0.0,0.0
2014-12-08 00:00:00-05:00,11.65555051263046,11.836182622352545,11.427383350879712,11.446396827697754,581700,0.0,0.0
2014-12-09 00:00:00-05:00,11.23724200115895,11.408367808414972,10.85696343687403,11.142172813415527,706400,0.0,0.0
2014-12-10 00:00:00-05:00,11.322805380842102,11.69357767660033,11.075623850336616,11.341819763183594,591000,0.0,0.0
2014-12-11 00:00:00-05:00,11.493930158776255,11.579493058285648,11.303790885786254,11.360832214355469,671700,0.0,0.0
2014-12-12 00:00:00-05:00,11.408370964381207,11.6650597462746,11.028092294897514,11.056612968444824,451900,0.0,0.0
2014-12-15 00:00:00-05:00,11.08513115476655,11.303792020649556,10.818936145855453,10.904499053955078,379400,0.0,0.0
2014-12-16 00:00:00-05:00,10.999566837908805,10.999566837908805,10.248516050393654,10.277037620544434,838900,0.0,0.0
2014-12-17 00:00:00-05:00,10.258025568677564,10.847457885742188,10.181969844324435,10.847457885742188,484700,0.0,0.0
2014-12-18 00:00:00-05:00,10.971046166516482,11.180199814193916,10.85696260596212,11.094636917114258,558100,0.0,0.0
2014-12-19 00:00:00-05:00,11.123158992682663,11.370340525258106,10.999568226394942,11.303791999816895,1145400,0.0,0.0
2014-12-22 00:00:00-05:00,11.379847085129459,11.579493557031926,11.341819228893542,11.550971984863281,360700,0.0,0.0
2014-12-23 00:00:00-05:00,11.588998459224733,11.588998459224733,11.284775645612983,11.322803497314453,469500,0.0,0.0
2014-12-24 00:00:00-05:00,11.370339894406577,11.617521413267843,11.351325512960813,11.550971984863281,215600,0.0,0.0
2014-12-26 00:00:00-05:00,11.665056159184417,11.874208909756513,11.522451021988257,11.684069633483887,482900,0.0,0.0
2014-12-29 00:00:00-05:00,11.61730504622358,11.979749802910826,11.579153014446828,11.960673332214355,566000,0.04,0.0
2014-12-30 00:00:00-05:00,11.912983061713794,12.361270117175758,11.83667899818191,12.27542781829834,506100,0.0,0.0
2014-12-31 00:00:00-05:00,12.370809644133445,12.752330001626666,12.180049465386835,12.666487693786621,564300,0.0,0.0
2015-01-02 00:00:00-05:00,12.800018639166275,12.809556874289653,12.30404132814467,12.628334045410156,432500,0.0,0.0
2015-01-05 00:00:00-05:00,12.590182223436369,12.62833425494675,12.132357845311786,12.160971641540527,645700,0.0,0.0
2015-01-06 00:00:00-05:00,12.218200669175152,12.275428264094256,11.50284936537281,11.588690757751465,611700,0.0,0.0
2015-01-07 00:00:00-05:00,11.68407033808378,11.893906958031684,11.436081688110454,11.65545654296875,422700,0.0,0.0
2015-01-08 00:00:00-05:00,11.80806650574388,12.084668993996635,11.626843652630804,12.036978721618652,826600,0.0,0.0
2015-01-09 00:00:00-05:00,12.056053271983652,12.170509361670112,11.703146768046365,11.722222328186035,324000,0.0,0.0
2015-01-12 00:00:00-05:00,11.83667618015723,12.008360737038148,11.607764044059987,11.82713794708252,436700,0.0,0.0
2015-01-13 00:00:00-05:00,12.14189399648857,12.42803465994606,11.77945018700732,11.998824119567871,422800,0.0,0.0
2015-01-14 00:00:00-05:00,11.72222315847112,12.075129687404779,11.49331096288435,11.674532890319824,458400,0.0,0.0
2015-01-15 00:00:00-05:00,11.664994870011823,11.779451879533406,11.483772939232393,11.52192497253418,294700,0.0,0.0
2015-01-16 00:00:00-05:00,11.531463695067533,11.712685633497294,11.35977908315367,11.645919799804688,293300,0.0,0.0
2015-01-20 00:00:00-05:00,11.73176078029086,12.218199852677397,11.65545671908703,12.19912338256836,412700,0.0,0.0
2015-01-21 00:00:00-05:00,12.11328001912115,12.351730416779503,11.932058117131875,12.218198776245117,406300,0.0,0.0
2015-01-22 00:00:00-05:00,12.35173159414539,12.656948750780286,12.14189496951193,12.628334045410156,432700,0.0,0.0
2015-01-23 00:00:00-05:00,12.685563256577893,12.685563256577893,12.351732285503653,12.59972095489502,486100,0.0,0.0
2015-01-26 00:00:00-05:00,12.542493495923352,13.18154078436154,12.38034711470075,13.143388748168945,891700,0.0,0.0
2015-01-27 00:00:00-05:00,13.009855728978478,13.219691451498631,12.8286328936192,12.88586139678955,347500,0.0,0.0
2015-01-28 00:00:00-05:00,13.019391076260753,13.019391076260753,12.447110679608096,12.504338264465332,548500,0.0,0.0
2015-01-29 00:00:00-05:00,12.5234163127249,13.038469189510725,12.399421983733621,12.990778923034668,420000,0.0,0.0
2015-01-30 00:00:00-05:00,12.809555579451915,12.981239246237442,11.941596282516842,11.970210075378418,602500,0.0,0.0
2015-02-02 00:00:00-05:00,11.941599546829957,11.9702133475133,11.350241601932069,11.731762886047363,481300,0.0,0.0
2015-02-03 00:00:00-05:00,11.750836249765285,12.027438696890728,11.550537863252643,11.769912719726562,647800,0.0,0.0
2015-02-04 00:00:00-05:00,11.750835179926598,12.275426231091052,11.712683153093698,12.17050838470459,304300,0.0,0.0
2015-02-05 00:00:00-05:00,12.199121559427436,12.513875992257683,12.03697522619779,12.447110176086426,368300,0.0,0.0
2015-02-06 00:00:00-05:00,12.408959030783022,12.761865513528845,12.170508630850755,12.580642700195312,357900,0.0,0.0
2015-02-09 00:00:00-05:00,12.437574923070773,12.485265193028745,11.846217940594174,11.865293502807617,463600,0.0,0.0
2015-02-10 00:00:00-05:00,12.008361750983786,12.180046322361171,11.769911361677885,12.14189338684082,356700,0.0,0.0
2015-02-11 00:00:00-05:00,12.160971189928608,12.361269575323842,11.979749274388228,12.284965515136719,360200,0.0,0.0
2015-02-12 00:00:00-05:00,11.655457465375385,11.960673729733424,11.054562262708329,11.407468795776367,916800,0.0,0.0
2015-02-13 00:00:00-05:00,11.95113523582819,13.353224011755,11.912983203607823,13.200615882873535,1555700,0.0,0.0
2015-02-17 00:00:00-05:00,13.172002093408905,13.334147548223132,12.7523288291362,12.88586139678955,929900,0.0,0.0
2015-02-18 00:00:00-05:00,12.866783619768219,13.124310493469238,12.68556171242077,13.124310493469238,405100,0.0,0.0
2015-02-19 00:00:00-05:00,13.219690109583015,13.35322266368163,13.038468202235565,13.124310493469238,423900,0.0,0.0
2015-02-20 00:00:00-05:00,13.133849723257113,13.353223675597594,12.904936626081431,13.305533409118652,458000,0.0,0.0
2015-02-23 00:00:00-05:00,13.286458552274446,14.183031789195168,13.200616249987268,14.154417991638184,741300,0.0,0.0
2015-02-24 00:00:00-05:00,14.001809711068708,14.984225239931432,13.906429174061516,14.803003311157227,1061800,0.0,0.0
2015-02-25 00:00:00-05:00,14.812539158303862,15.01283753832851,14.287948076371107,14.364253044128418,817300,0.0,0.0
2015-02-26 00:00:00-05:00,14.307024002075195,14.307024002075195,13.896889022938558,14.307024002075195,538400,0.0,0.0
2015-02-27 00:00:00-05:00,14.211642342785693,14.287946391931214,13.9159643797508,13.944578170776367,309200,0.0,0.0
2015-03-02 00:00:00-05:00,13.973193433623187,14.879305704496701,13.954117874135553,14.764848709106445,691600,0.0,0.0
2015-03-03 00:00:00-05:00,14.679006801721194,14.955609226514929,14.631316540284466,14.841153144836426,625500,0.0,0.0
2015-03-04 00:00:00-05:00,14.698083751974453,14.822078079601896,14.488247127557536,14.65039348602295,413400,0.0,0.0
2015-03-05 00:00:00-05:00,14.717159355579302,14.946071527127593,14.3928666577445,14.764848709106445,836300,0.0,0.0
2015-03-06 00:00:00-05:00,14.67900554715868,14.860227433590564,14.268870607318098,14.297484397888184,484800,0.0,0.0
2015-03-09 00:00:00-04:00,14.345175804132452,14.526397705078125,14.116263642006526,14.526397705078125,360700,0.0,0.0
2015-03-10 00:00:00-04:00,14.307024319853879,14.335638113801076,13.78243324620268,14.135339736938477,373900,0.0,0.0
2015-03-11 00:00:00-04:00,14.202106886644728,14.259334476222149,13.982732034288254,14.144878387451172,355200,0.0,0.0
2015-03-12 00:00:00-04:00,14.173491970507751,14.745773315429688,14.173491970507751,14.745773315429688,386900,0.0,0.0
2015-03-13 00:00:00-04:00,14.736235824590192,14.774387855536325,14.42148134188056,14.583627700805664,473500,0.0,0.0
2015-03-16 00:00:00-04:00,14.755309671204337,15.146368146271456,14.707619413597516,15.127291679382324,609600,0.0,0.0
2015-03-17 00:00:00-04:00,15.165447449570179,15.23221419055822,14.850692945079885,15.079606056213379,506600,0.0,0.0
2015-03-18 00:00:00-04:00,15.079607186727944,15.194063296067323,14.7457761856092,14.993764877319336,455900,0.0,0.0
2015-03-19 00:00:00-04:00,14.97468513135272,15.174983506322585,14.71715916902924,14.984223365783691,318400,0.0,0.0
2015-03-20 00:00:00-04:00,15.012839163002354,15.041453870114045,14.564553000313849,14.783926963806152,649900,0.0,0.0
2015-03-23 00:00:00-04:00,14.707619369170395,15.26082417266004,14.669467345123385,14.879303932189941,433600,0.0,0.0
2015-03-24 00:00:00-04:00,14.822076282811206,14.87930477693878,14.526397397448179,14.698081970214844,324000,0.0,0.0
2015-03-25 00:00:00-04:00,14.669469419822153,14.698083214500251,13.858737657141631,13.896889686584473,375000,0.0,0.0
2015-03-26 00:00:00-04:00,13.715668388160687,13.868276512764037,11.636380416399595,13.753820419311523,389300,0.0,0.0
2015-03-27 00:00:00-04:00,13.830334475917782,14.241610273264868,13.763382941334303,14.126835823059082,268700,0.04,0.0
2015-03-30 00:00:00-04:00,14.193789643146431,14.327692733874654,14.059885640271814,14.117273330688477,245700,0.0,0.0
2015-03-31 00:00:00-04:00,14.088576057328506,14.251173415037268,13.744252723905001,13.973801612854004,410600,0.0,0.0
2015-04-01 00:00:00-04:00,13.964239822047844,14.155530591086924,13.734689987054614,13.897287368774414,372700,0.0,0.0
2015-04-02 00:00:00-04:00,13.954676241468363,14.107708869704785,13.409497275339506,13.505142211914062,304000,0.0,0.0
2015-04-06 00:00:00-04:00,13.304287795022573,13.725128470743735,13.199078082165528,13.572094917297363,393500,0.0,0.0
2015-04-07 00:00:00-04:00,13.610351017304371,13.839900856651715,13.495576553703875,13.600787162780762,337200,0.0,0.0
2015-04-08 00:00:00-04:00,13.629480692824664,13.98336885398781,13.552964382959463,13.887723922729492,354600,0.0,0.0
2015-04-09 00:00:00-04:00,13.935544465120572,14.002496913313495,13.505140039406152,13.705995559692383,227100,0.0,0.0
2015-04-10 00:00:00-04:00,13.772950757512174,14.03119402888695,13.552966559360186,13.782515525817871,227500,0.0,0.0
2015-04-13 00:00:00-04:00,13.725125409256806,14.203352762720161,13.677302491481214,13.91641616821289,191100,0.0,0.0
2015-04-14 00:00:00-04:00,13.859031251850109,13.859031251850109,13.103431918984375,13.12256145477295,532400,0.0,0.0
2015-04-15 00:00:00-04:00,13.256464104561154,13.399932881642675,12.873882523303312,12.988656997680664,436700,0.0,0.0
2015-04-16 00:00:00-04:00,12.931270145157168,13.390368040131383,12.931270145157168,13.30428695678711,344700,0.0,0.0
2015-04-17 00:00:00-04:00,13.160818354172077,13.428625444546666,13.13212405323644,13.371237754821777,412400,0.0,0.0
2015-04-20 00:00:00-04:00,13.505143048059342,13.686869989451182,13.27559409149262,13.677305221557617,242100,0.0,0.0
2015-04-21 00:00:00-04:00,13.753819780914755,13.753819780914755,13.390366856773344,13.600787162780762,218300,0.0,0.0
2015-04-22 00:00:00-04:00,13.619915783974333,13.715561626381257,13.380802090103382,13.600787162780762,177700,0.0,0.0
2015-04-23 00:00:00-04:00,13.54339968148366,13.54339968148366,13.15125336349734,13.208641052246094,533900,0.0,0.0
2015-04-24 00:00:00-04:00,13.256462954113182,13.524270949898682,13.246899099521556,13.428625106811523,400000,0.0,0.0
2015-04-27 00:00:00-04:00,13.53383532071069,13.581658244078376,13.15125375806199,13.246899604797363,497600,0.0,0.0
2015-04-28 00:00:00-04:00,13.237335326374357,13.543400587792261,13.074737928209487,13.524271965026855,701400,0.0,0.0
2015-04-29 00:00:00-04:00,13.438190327054855,13.466883716090788,12.864317073457839,13.151253700256348,443000,0.0,0.0
2015-04-30 00:00:00-04:00,12.969526681605027,13.218204220886195,12.94083238264671,13.055606842041016,447800,0.0,0.0
2015-05-01 00:00:00-04:00,13.543398581126258,15.46587277189236,13.533833815087512,15.418050765991211,1987800,0.0,0.0
2015-05-04 00:00:00-04:00,15.370227234787171,15.743243996091493,15.274582308978045,15.312840461730957,542900,0.0,0.0
2015-05-05 00:00:00-04:00,15.092856198281863,15.389357581922946,14.98764650067831,15.025904655456543,530400,0.0,0.0
2015-05-06 00:00:00-04:00,15.01633896201327,15.054597114430457,14.452030529750047,14.710273742675781,532000,0.0,0.0
2015-05-07 00:00:00-04:00,14.758095301501967,15.542387809866923,14.758095301501967,15.351096153259277,686600,0.0,0.0
2015-05-08 00:00:00-04:00,15.504132270812988,15.676294436010469,15.31284239504356,15.504132270812988,638600,0.0,0.0
2015-05-11 00:00:00-04:00,15.523263153357048,16.451025607623723,15.494570672861716,16.14495849609375,750100,0.0,0.0
2015-05-12 00:00:00-04:00,16.03974593336633,16.21190807314799,15.752808425632711,15.781502723693848,580700,0.0,0.0
2015-05-13 00:00:00-04:00,15.886715082965933,16.106699252890884,15.35109907233198,15.446744918823242,373000,0.0,0.0
2015-05-14 00:00:00-04:00,15.513697509745857,15.81976460400623,15.418053481100705,15.685859680175781,272100,0.0,0.0
2015-05-15 00:00:00-04:00,15.676294912452684,15.743246462221453,15.485005030869475,15.685859680175781,320100,0.0,0.0
2015-05-18 00:00:00-04:00,15.68585840679737,15.953666408424695,15.504131483396945,15.83889102935791,329500,0.0,0.0
2015-05-19 00:00:00-04:00,15.982359049263696,16.35537766684565,15.858020726264899,16.17365074157715,625600,0.0,0.0
2015-05-20 00:00:00-04:00,16.173649578137493,16.240601118343257,15.025904067550963,15.379792213439941,726000,0.0,0.0
2015-05-21 00:00:00-04:00,15.389358213095523,15.704988230997657,14.672017097473145,14.672017097473145,714600,0.0,0.0
2015-05-22 00:00:00-04:00,14.777226770692236,14.930259395784375,14.165096270323678,14.212918281555176,565100,0.0,0.0
2015-05-26 00:00:00-04:00,14.31812743733052,14.36595035583837,13.75381900565976,13.983367919921875,663400,0.0,0.0
2015-05-27 00:00:00-04:00,14.069451193066582,14.2894353756315,13.935547182714169,14.193790435791016,477900,0.0,0.0
2015-05-28 00:00:00-04:00,14.059884846547359,14.270305150001047,14.012061925924293,14.040756225585938,542400,0.0,0.0
2015-05-29 00:00:00-04:00,14.059886033916243,14.289434977716947,13.830337090115538,14.155531883239746,880100,0.0,0.0
2015-06-01 00:00:00-04:00,14.356386759513686,14.538112770075593,14.117273059636963,14.413773536682129,1017400,0.0,0.0
2015-06-02 00:00:00-04:00,14.279870973518268,14.423338833860287,14.136402201029838,14.327692985534668,1307900,0.0,0.0
2015-06-03 00:00:00-04:00,14.346822122819084,14.452031823347058,14.14596657661376,14.289434432983398,967500,0.0,0.0
2015-06-04 00:00:00-04:00,14.212917783583416,14.729403331246706,13.830336234257409,13.887723922729492,747000,0.0,0.0
2015-06-05 00:00:00-04:00,13.906851347615195,14.184223175048828,13.763383506998114,14.184223175048828,340800,0.0,0.0
2015-06-08 00:00:00-04:00,14.088579335102025,14.088579335102025,13.275593269559428,13.505142211914062,591500,0.0,0.0
2015-06-09 00:00:00-04:00,13.361674308776855,13.49557740198759,12.864317356432945,13.361674308776855,563800,0.0,0.0
2015-06-10 00:00:00-04:00,13.390364906157455,14.165093562786618,13.390364906157455,13.820769309997559,637800,0.0,0.0
2015-06-11 00:00:00-04:00,13.849465370178223,14.031192296969268,13.696432744762436,13.849465370178223,409700,0.0,0.0
2015-06-12 00:00:00-04:00,13.772949012481288,14.241612566469252,13.705997467117177,14.117273330688477,373300,0.0,0.0
2015-06-15 00:00:00-04:00,14.050320120942144,14.050320120942144,13.524270728994306,13.725126266479492,339000,0.0,0.0
2015-06-16 00:00:00-04:00,13.7251249887629,13.782511758618433,13.409495018118681,13.514704704284668,317900,0.0,0.0
2015-06-17 00:00:00-04:00,13.466882002309603,13.74425382674929,13.332978016938409,13.581656455993652,315400,0.0,0.0
2015-06-18 00:00:00-04:00,13.58165604439879,14.232045507711158,13.5051397442616,14.126835823059082,416300,0.0,0.0
2015-06-19 00:00:00-04:00,14.270305365808861,14.949388294916321,14.050320292474488,14.882436752319336,772200,0.0,0.0
2015-06-22 00:00:00-04:00,15.064160603443288,15.351096266172846,15.00677292360964,15.178935050964355,489800,0.0,0.0
2015-06-23 00:00:00-04:00,15.21719356690141,15.446742467476112,15.083290497639291,15.169370651245117,246700,0.0,0.0
2015-06-24 00:00:00-04:00,15.169371425431976,15.274582027674615,15.035468349335956,15.150242805480957,257800,0.0,0.0
2015-06-25 00:00:00-04:00,15.265016114641714,15.33196855980534,14.997209070425887,15.178935050964355,331400,0.0,0.0
2015-06-26 00:00:00-04:00,15.140584922774037,15.341948027209213,14.728269776918355,14.88169002532959,669200,0.04,0.0
2015-06-29 00:00:00-04:00,14.71868147278005,14.83374597104849,13.980349799160042,13.989938735961914,483100,0.0,0.0
2015-06-30 00:00:00-04:00,14.268009372295966,14.47896137819201,14.047468431029374,14.421428680419922,540000,0.0,0.0
2015-07-01 00:00:00-04:00,14.63238223280728,14.737857789677372,13.740631267023934,14.076236724853516,533100,0.0,0.0
2015-07-02 00:00:00-04:00,14.037879090636048,14.354306612512275,13.711862634290574,14.114588737487793,396600,0.0,0.0
2015-07-06 00:00:00-04:00,14.057059464672335,14.29677739801109,13.683100073912739,13.989938735961914,344800,0.0,0.0
2015-07-07 00:00:00-04:00,14.03787966636143,14.24883074662975,13.625564611784984,14.21047592163086,428200,0.0,0.0
2015-07-08 00:00:00-04:00,13.520089843307748,14.114590121947142,13.433791253521976,13.51050090789795,400400,0.0,0.0
2015-07-09 00:00:00-04:00,13.788575861916508,13.836519632262211,13.2324303205896,13.337905883789062,465500,0.0,0.0
2015-07-10 00:00:00-04:00,13.510501864923931,14.085824313497099,13.309138779310503,13.73104190826416,481300,0.0,0.0
2015-07-13 00:00:00-04:00,14.0187033347071,14.258421245863756,13.759808466172567,14.124178886413574,382300,0.0,0.0
2015-07-14 00:00:00-04:00,14.076235811197781,14.22965512557848,13.846105925175488,13.932404518127441,332100,0.0,0.0
2015-07-15 00:00:00-04:00,13.894048332754732,14.124177281853294,13.558443843932116,13.80774974822998,412900,0.0,0.0
2015-07-16 00:00:00-04:00,13.894051087275885,14.028293458089422,13.663922092553827,13.69268798828125,474100,0.0,0.0
2015-07-17 00:00:00-04:00,13.750218899717886,14.220065764570988,13.692686201319995,14.17212200164795,418300,0.0,0.0
2015-07-20 00:00:00-04:00,14.258421245863756,14.258421245863756,13.932404740378502,14.124178886413574,400400,0.0,0.0
2015-07-21 00:00:00-04:00,14.152945572533069,14.49813903242976,14.095412871991329,14.411840438842773,317300,0.0,0.0
2015-07-22 00:00:00-04:00,14.248831475455003,14.641969594866529,14.18171075688652,14.60361385345459,316400,0.0,0.0
2015-07-23 00:00:00-04:00,14.824154945733067,15.111816608102385,14.200888772642223,14.315953254699707,453300,0.0,0.0
2015-07-24 00:00:00-04:00,14.354306103637978,14.354306103637978,13.52008803786077,13.58720874786377,402300,0.0,0.0
2015-07-27 00:00:00-04:00,13.500913619995117,13.615978115600315,13.098187428151261,13.500913619995117,417700,0.0,0.0
2015-07-28 00:00:00-04:00,13.577623283731915,13.654332947468715,13.38584912438992,13.500913619995117,373500,0.0,0.0
2015-07-29 00:00:00-04:00,13.53926610485935,13.941992226891452,13.337903043843298,13.520089149475098,494700,0.0,0.0
2015-07-30 00:00:00-04:00,13.520090187041882,13.731041284713411,13.050242398979647,13.414613723754883,536200,0.0,0.0
2015-07-31 00:00:00-04:00,15.65837384067159,16.415883315723235,15.341946271968343,15.878913879394531,2374300,0.0,0.0
2015-08-03 00:00:00-04:00,15.85014907801045,16.51176920158343,15.85014907801045,16.396705627441406,1504200,0.0,0.0
2015-08-04 00:00:00-04:00,16.6172456686324,16.62683460462799,16.080278055197034,16.396705627441406,774200,0.0,0.0
2015-08-05 00:00:00-04:00,16.43506299506798,16.77066850980486,16.32958833476427,16.53095054626465,1267400,0.0,0.0
2015-08-06 00:00:00-04:00,16.48299911019137,16.780248718250686,16.377522675856593,16.49258804321289,658600,0.0,0.0
2015-08-07 00:00:00-04:00,16.406293349087314,16.67477622148135,16.24328510703276,16.387115478515625,482300,0.0,0.0
2015-08-10 00:00:00-04:00,16.55012494616258,16.7035442642925,16.396705628032656,16.57889175415039,563000,0.0,0.0
2015-08-11 00:00:00-04:00,16.655596501205025,17.03914468341514,16.569297931595,17.010377883911133,949300,0.0,0.0
2015-08-12 00:00:00-04:00,17.039152647229283,17.039152647229283,16.20493336073293,16.61724853515625,565700,0.0,0.0
2015-08-13 00:00:00-04:00,16.655604911491192,16.789846385824777,16.406298009941022,16.53095054626465,366900,0.0,0.0
2015-08-14 00:00:00-04:00,16.463824648025046,16.74189644753234,16.31040534576536,16.732309341430664,413300,0.0,0.0
2015-08-17 00:00:00-04:00,16.636422547286557,17.211745870352555,16.511768215689337,17.163801193237305,518900,0.0,0.0
2015-08-18 00:00:00-04:00,17.096681075866734,17.192568604569402,16.885729975842857,17.077503204345703,358000,0.0,0.0
2015-08-19 00:00:00-04:00,16.952849727195325,17.115857967991527,16.56930146323438,16.856962203979492,386500,0.0,0.0
2015-08-20 00:00:00-04:00,16.684364963691742,16.94326072670633,16.185751308012325,16.23369598388672,415800,0.0,0.0
2015-08-21 00:00:00-04:00,15.907682517433663,16.30081978957592,15.60084384931314,15.802206039428711,543100,0.0,0.0
2015-08-24 00:00:00-04:00,15.313181189324496,15.936448338285247,14.3159546654386,15.140583992004395,717600,0.0,0.0
2015-08-25 00:00:00-04:00,15.735085299094232,15.86932675908344,14.872101088344257,14.88169002532959,519200,0.0,0.0
2015-08-26 00:00:00-04:00,15.226882242815702,15.389889585564843,14.65155887452581,15.054285049438477,570600,0.0,0.0
2015-08-27 00:00:00-04:00,15.111815424559076,15.495363668044881,15.073460600210495,15.47618579864502,588100,0.0,0.0
2015-08-28 00:00:00-04:00,15.33235652648901,15.533720511705324,15.073461672334565,15.188526153564453,350200,0.0,0.0
2015-08-31 00:00:00-04:00,15.130992085888762,15.457009458202,15.130992085888762,15.24605655670166,469900,0.0,0.0
2015-09-01 00:00:00-04:00,14.900866984848893,15.24606048625861,14.766624610408323,14.88169002532959,441800,0.0,0.0
2015-09-02 00:00:00-04:00,15.111818629567258,15.629608410863591,14.987165195384312,15.60084342956543,391400,0.0,0.0
2015-09-03 00:00:00-04:00,15.744673127050024,15.840560661246462,15.399478735503884,15.428245544433594,353200,0.0,0.0
2015-09-04 00:00:00-04:00,15.888504938776018,17.000796045838847,15.591255202122012,16.291231155395508,979200,0.0,0.0
2015-09-08 00:00:00-04:00,16.511768166960277,16.693954281655706,16.3583488584491,16.54053497314453,521000,0.0,0.0
2015-09-09 00:00:00-04:00,16.598066744421015,16.684365334007975,16.31999493378713,16.358348846435547,459000,0.0,0.0
2015-09-10 00:00:00-04:00,16.358349359124567,16.6076562003113,16.137809325002547,16.195341110229492,366700,0.0,0.0
2015-09-11 00:00:00-04:00,16.05151321285778,16.43506155513759,16.003570355911343,16.291231155395508,601600,0.0,0.0
2015-09-14 00:00:00-04:00,16.38711062297281,16.444642388738664,16.147392798562908,16.16657066345215,571200,0.0,0.0
2015-09-15 00:00:00-04:00,16.27205146194016,16.569302994266025,16.118632142179575,16.550125122070312,517300,0.0,0.0
2015-09-16 00:00:00-04:00,16.502177191885583,16.636420441917124,16.262459323353355,16.28163719177246,341000,0.0,0.0
2015-09-17 00:00:00-04:00,16.20492819203209,16.73230862113658,16.19533925744085,16.559711456298828,492600,0.0,0.0
2015-09-18 00:00:00-04:00,16.300818271573377,16.684366571006354,16.262462527178798,16.367938995361328,1158600,0.0,0.0
2015-09-21 00:00:00-04:00,16.387115813329423,16.71313230409954,16.137808977510957,16.25287437438965,645500,0.0,0.0
2015-09-22 00:00:00-04:00,16.233693229633428,16.425466413887097,15.620016113778378,15.984386444091797,505500,0.0,0.0
2015-09-23 00:00:00-04:00,16.070688957444023,16.607656565474613,16.051511085645874,16.502180099487305,620600,0.0,0.0
2015-09-24 00:00:00-04:00,16.406293080280026,16.406293080280026,16.06109873125504,16.33917236328125,396600,0.0,0.0
2015-09-25 00:00:00-04:00,16.435060072198528,16.540536542646848,16.04192282822174,16.051511764526367,469100,0.0,0.0
2015-09-28 00:00:00-04:00,16.099571116681,16.157240708854268,15.340248097694246,15.609375,449800,0.04,0.0
2015-09-29 00:00:00-04:00,15.657436393793159,15.71510599286353,15.397920448051245,15.55170726776123,351200,0.0,0.0
2015-09-30 00:00:00-04:00,15.69588019205999,16.11879480928452,15.618986791954008,16.032289505004883,661000,0.0,0.0
2015-10-01 00:00:00-04:00,15.993844992538193,16.205303258833798,15.763164747447773,16.157243728637695,400700,0.0,0.0
2015-10-02 00:00:00-04:00,15.984224842044346,16.05150814961504,15.551700293071685,15.907331466674805,245000,0.0,0.0
2015-10-05 00:00:00-04:00,16.109181436713857,16.81083387788376,15.936170843924984,16.753164291381836,473500,0.0,0.0
2015-10-06 00:00:00-04:00,16.97422803792405,16.97422803792405,16.224516280321833,16.24374008178711,447800,0.0,0.0
2015-10-07 00:00:00-04:00,16.397530804835206,16.397530804835206,15.945782360506872,16.19568634033203,392700,0.0,0.0
2015-10-08 00:00:00-04:00,16.089960370734673,16.58015652270429,15.984231249736302,16.484039306640625,295700,0.0,0.0
2015-10-09 00:00:00-04:00,16.484037928136253,16.801223431322803,16.37831064926291,16.618602752685547,351000,0.0,0.0
2015-10-12 00:00:00-04:00,16.772389703292575,18.7620080442284,16.72433018220519,18.512104034423828,1616100,0.0,0.0
2015-10-13 00:00:00-04:00,17.733555053559044,17.76238892793315,16.43597754151861,17.214523315429688,1592900,0.0,0.0
2015-10-14 00:00:00-04:00,17.52209986321106,17.887344889587247,17.147244765920533,17.43559455871582,404000,0.0,0.0
2015-10-15 00:00:00-04:00,17.541323671964815,18.502492092346447,17.387536871366414,18.348705291748047,647200,0.0,0.0
2015-10-16 00:00:00-04:00,18.300643727030316,18.300643727030316,17.839281589691932,18.185302734375,314600,0.0,0.0
2015-10-19 00:00:00-04:00,18.204527905954894,18.790839315579447,17.92578822218473,18.637052536010742,497300,0.0,0.0
2015-10-20 00:00:00-04:00,18.64666245289505,18.77161534378816,18.300643152360433,18.473651885986328,402900,0.0,0.0
2015-10-21 00:00:00-04:00,18.521713256835938,18.973461689947907,18.348702672538543,18.521713256835938,451500,0.0,0.0
2015-10-22 00:00:00-04:00,18.838896689280762,19.146470213467744,18.31986499225312,18.781227111816406,582800,0.0,0.0
2015-10-23 00:00:00-04:00,19.07919108245006,19.146472569986514,18.608218836411844,19.127248764038086,633200,0.0,0.0
2015-10-26 00:00:00-04:00,19.127247727909516,19.97307681099109,19.05996624401772,19.867347717285156,909200,0.0,0.0
2015-10-27 00:00:00-04:00,19.867351643460726,20.06919613502452,17.647053069842514,18.74278450012207,1680700,0.0,0.0
2015-10-28 00:00:00-04:00,18.74278472493178,19.55016636743766,17.685499066099474,18.108413696289062,1225700,0.0,0.0
2015-10-29 00:00:00-04:00,18.108411015655722,18.483266068012963,17.781613645242672,18.118022918701172,518600,0.0,0.0
2015-10-30 00:00:00-04:00,18.127637125358007,18.473656512550114,18.00268420317154,18.300647735595703,727700,0.0,0.0
2015-11-02 00:00:00-05:00,18.40637518089912,18.877347494497933,18.31025797065209,18.74278450012207,638900,0.0,0.0
2015-11-03 00:00:00-05:00,18.82928711307796,18.94462628225211,18.483265938989433,18.75239372253418,415600,0.0,0.0
2015-11-04 00:00:00-05:00,18.733175060728506,18.790844661151716,18.22375506268676,18.6658935546875,424000,0.0,0.0
2015-11-05 00:00:00-05:00,18.723560538341946,19.088805567637944,18.617833257889554,19.002300262451172,357800,0.0,0.0
2015-11-06 00:00:00-05:00,18.906182867365985,19.588611564602246,18.906182867365985,19.425212860107422,442500,0.0,0.0
2015-11-09 00:00:00-05:00,19.434823565638897,19.454047372813424,18.66588961148942,18.713947296142578,552500,0.0,0.0
2015-11-10 00:00:00-05:00,18.492876080328653,18.925402506736663,18.396758892984334,18.86773109436035,390400,0.0,0.0
2015-11-11 00:00:00-05:00,18.82928929665926,19.30026159751766,18.723560184919307,18.983076095581055,397100,0.0,0.0
2015-11-12 00:00:00-05:00,18.935015784781996,19.01190917358862,18.358314452090813,18.56977081298828,495300,0.0,0.0
2015-11-13 00:00:00-05:00,18.45443252346722,19.108025442744047,18.30064573854525,18.8869571685791,630600,0.0,0.0
2015-11-16 00:00:00-05:00,18.752391451944465,18.86773060715304,18.060351020844557,18.73316764831543,698400,0.0,0.0
2015-11-17 00:00:00-05:00,18.819677901663034,19.29065021526185,18.560161983981043,18.74278450012207,639500,0.0,0.0
2015-11-18 00:00:00-05:00,18.790838669186176,18.992684956228604,18.377537859114465,18.973461151123047,444600,0.0,0.0
2015-11-19 00:00:00-05:00,19.02152096527384,19.25220113034666,18.858122285853554,19.20414161682129,348300,0.0,0.0
2015-11-20 00:00:00-05:00,19.213754285514778,19.87696093234084,19.136860894091686,19.78084373474121,909800,0.0,0.0
2015-11-23 00:00:00-05:00,19.723174368559977,20.693954591860855,19.492494191728543,20.434438705444336,806600,0.0,0.0
2015-11-24 00:00:00-05:00,20.347929230915906,20.43443450862163,19.607829336448127,19.99229621887207,637100,0.0,0.0
2015-11-25 00:00:00-05:00,20.107642898750385,20.261429695303168,19.925020390362743,20.040361404418945,381500,0.0,0.0
2015-11-27 00:00:00-05:00,20.07880401611328,20.328707979368055,19.80006617886026,20.07880401611328,236700,0.0,0.0
2015-11-30 00:00:00-05:00,20.040363059955023,20.376772392686252,19.732789441440772,19.809682846069336,639600,0.0,0.0
2015-12-01 00:00:00-05:00,19.83851665142131,20.222985506382734,19.790458961192815,20.184537887573242,1078800,0.0,0.0
2015-12-02 00:00:00-05:00,20.357541674047354,20.607445612595946,20.16530731107682,20.33831787109375,529700,0.0,0.0
2015-12-03 00:00:00-05:00,20.48249664337799,20.809294022948993,19.896185207439625,19.915407180786133,477600,0.0,0.0
2015-12-04 00:00:00-05:00,20.0403613172278,20.444052114743293,19.944244111479687,20.25181770324707,378200,0.0,0.0
2015-12-07 00:00:00-05:00,20.280651687943315,21.049585601882665,20.280651687943315,20.367156982421875,453400,0.0,0.0
2015-12-08 00:00:00-05:00,20.27103930463094,20.49210757049094,19.723173674767892,20.021135330200195,577800,0.0,0.0
2015-12-09 00:00:00-05:00,19.896183832000258,20.376767964818786,19.300258700660773,19.46365737915039,490100,0.0,0.0
2015-12-10 00:00:00-05:00,19.51171435492528,19.944240792164916,19.405987096153414,19.636667251586914,327100,0.0,0.0
2015-12-11 00:00:00-05:00,19.35793072117773,19.35793072117773,18.75239544421103,18.848512649536133,408800,0.0,0.0
2015-12-14 00:00:00-05:00,18.771619854097786,19.031133933532214,18.19491843693066,18.723560333251953,487100,0.0,0.0
2015-12-15 00:00:00-05:00,18.74278051526633,19.079189762966156,18.656275227764006,18.838897705078125,291200,0.0,0.0
2015-12-16 00:00:00-05:00,18.92540471267621,19.39637696894862,18.69472453613155,19.309871673583984,368100,0.0,0.0
2015-12-17 00:00:00-05:00,19.75201192093837,20.011527855653785,19.377156792982827,19.40599250793457,658100,0.0,0.0
2015-12-18 00:00:00-05:00,19.540548773052922,19.69433553319903,18.83889645072596,18.877342224121094,931400,0.0,0.0
2015-12-21 00:00:00-05:00,19.15608602327716,19.45404770645988,18.925405833076038,19.1080265045166,515500,0.0,0.0
2015-12-22 00:00:00-05:00,19.10802849711598,19.665506139890336,18.9061839971227,19.598224639892578,439500,0.0,0.0
2015-12-23 00:00:00-05:00,19.819292984991023,20.126866576101737,19.61744667002261,20.08841896057129,458700,0.0,0.0
2015-12-24 00:00:00-05:00,20.203757641760884,20.511331197368396,19.72317350280339,19.74239730834961,460400,0.0,0.0
2015-12-28 00:00:00-05:00,19.742400824069342,20.01152681651028,19.09841788985473,19.67511749267578,360800,0.0,0.0
2015-12-29 00:00:00-05:00,19.684745270048406,19.93513852552633,19.328415911941107,19.69437599182129,331100,0.04,0.0
2015-12-30 00:00:00-05:00,19.57880842628506,19.63659091786272,18.885413016736305,18.904672622680664,319100,0.0,0.0
2015-12-31 00:00:00-05:00,18.885412755600072,18.885412755600072,18.230538403867534,18.31721305847168,610400,0.0,0.0
2016-01-04 00:00:00-05:00,17.980145328761747,17.980145328761747,16.949682022063726,17.267488479614258,973700,0.0,0.0
2016-01-05 00:00:00-05:00,17.219338586139656,17.354166877450822,16.35259368198582,16.400747299194336,745600,0.0,0.0
2016-01-06 00:00:00-05:00,16.535570074876034,17.700859798983714,16.371851486535785,17.200075149536133,952700,0.0,0.0
2016-01-07 00:00:00-05:00,16.612614825647825,16.940052018436468,15.716977906365493,15.755500793457031,919300,0.0,0.0
2016-01-08 00:00:00-05:00,15.668826568585976,16.46815812916279,15.08136538226687,15.119887351989746,507700,0.0,0.0
2016-01-11 00:00:00-05:00,15.26434522197546,15.428063820704752,14.37833901182972,14.792449951171875,795500,0.0,0.0
2016-01-12 00:00:00-05:00,14.879124641418457,15.139148622900745,14.474643504736804,14.879124641418457,665600,0.0,0.0
2016-01-13 00:00:00-05:00,14.936911312210448,15.090999222945069,13.713836913490711,13.935338973999023,547700,0.0,0.0
2016-01-14 00:00:00-05:00,14.01238004162551,14.628731557543212,13.338245111872423,14.387969017028809,587000,0.0,0.0
2016-01-15 00:00:00-05:00,13.954596750839476,14.320555925860681,13.684942960247719,14.0027494430542,654000,0.0,0.0
2016-01-19 00:00:00-05:00,13.877554107140089,14.118316672270032,13.309354306483616,13.665682792663574,690300,0.0,0.0
2016-01-20 00:00:00-05:00,13.473071617914487,14.070162611331183,12.741153270460648,13.74272632598877,740600,0.0,0.0
2016-01-21 00:00:00-05:00,13.742727857326265,14.40723214258843,13.675313713577703,14.16646957397461,788300,0.0,0.0
2016-01-22 00:00:00-05:00,14.349448410783182,14.676885643945985,14.166469266717302,14.31092643737793,541300,0.0,0.0
2016-01-25 00:00:00-05:00,14.25314452680363,14.416863150165685,13.771619380076727,13.848663330078125,320600,0.0,0.0
2016-01-26 00:00:00-05:00,13.810139673812726,14.262773513793945,13.73309573319076,14.262773513793945,398100,0.0,0.0
2016-01-27 00:00:00-05:00,14.368711463666752,14.590212605910052,13.76198962585245,14.022013664245605,547900,0.0,0.0
2016-01-28 00:00:00-05:00,14.176099129415533,14.176099129415533,13.357506096184014,13.75235652923584,568700,0.0,0.0
2016-01-29 00:00:00-05:00,13.713833735611821,14.474643307390444,13.627159076299442,14.46501350402832,622400,0.0,0.0
2016-02-01 00:00:00-05:00,14.493906300434634,15.177672007796048,14.310926240450383,14.88875675201416,690400,0.0,0.0
2016-02-02 00:00:00-05:00,14.802081661606058,14.802081661606058,13.51159422940989,13.887184143066406,1208600,0.0,0.0
2016-02-03 00:00:00-05:00,14.089424217546076,14.224251573133678,13.588637684023174,14.070162773132324,538500,0.0,0.0
2016-02-04 00:00:00-05:00,13.916075103447033,14.503536308903794,13.877553132469231,14.484274864196777,593400,0.0,0.0
2016-02-05 00:00:00-05:00,15.716978871764173,16.564464071110315,14.031641032308807,14.118315696716309,1106900,0.0,0.0
2016-02-08 00:00:00-05:00,13.877554775321379,14.07016465301192,13.52122627198479,13.723466873168945,786800,0.0,0.0
2016-02-09 00:00:00-05:00,13.482702495056202,14.320556039893775,13.424919080251167,14.070162773132324,561600,0.0,0.0
2016-02-10 00:00:00-05:00,14.301296090106401,14.609471865652873,14.137577479738274,14.233881950378418,639800,0.0,0.0
2016-02-11 00:00:00-05:00,13.935336102135798,14.590209587798356,13.8005087488107,14.387969017028809,476000,0.0,0.0
2016-02-12 00:00:00-05:00,14.445752228329008,14.859864086107354,14.185728247369713,14.792449951171875,460200,0.0,0.0
2016-02-16 00:00:00-05:00,14.696146916516037,15.158410591926376,14.387970214472864,15.14877986907959,530700,0.0,0.0
2016-02-17 00:00:00-05:00,15.216193537559725,15.765132783090511,15.119888148958182,15.331759452819824,433600,0.0,0.0
2016-02-18 00:00:00-05:00,15.302869363108664,15.45695634336101,14.6479948752455,15.293238639831543,578700,0.0,0.0
2016-02-19 00:00:00-05:00,15.23545476619184,15.524370945308279,15.100628318061055,15.196932792663574,558400,0.0,0.0
2016-02-22 00:00:00-05:00,15.254713599187916,15.716977202345786,15.100625731468627,15.524368286132812,458200,0.0,0.0
2016-02-23 00:00:00-05:00,15.399172267821095,16.044415966507042,15.399172267821095,15.948110580444336,553100,0.0,0.0
2016-02-24 00:00:00-05:00,15.948109276335842,16.448895773413653,15.832544292008537,16.39111328125,553400,0.0,0.0
2016-02-25 00:00:00-05:00,16.46815956197502,16.78596606944855,16.20813555489507,16.660768508911133,377400,0.0,0.0
2016-02-26 00:00:00-05:00,16.554832457035545,17.180814682026536,16.381483137557836,17.007465362548828,771900,0.0,0.0
2016-02-29 00:00:00-05:00,17.04598677485837,17.67196894568004,16.940050680595302,17.383052825927734,819400,0.0,0.0
2016-03-01 00:00:00-05:00,17.479360551808192,18.211278915405273,17.296380501690805,18.211278915405273,791600,0.0,0.0
2016-03-02 00:00:00-05:00,18.201647607738046,18.538715530207202,18.066821173499342,18.500192642211914,630900,0.0,0.0
2016-03-03 00:00:00-05:00,18.423153312123244,19.010614642913247,18.41352442458791,18.97209358215332,446500,0.0,0.0
2016-03-04 00:00:00-05:00,19.039503636760575,19.145437913815222,18.53871707239706,18.750587463378906,577200,0.0,0.0
2016-03-07 00:00:00-05:00,18.56760826526313,18.99134902496367,18.461672156901763,18.94319725036621,421300,0.0,0.0
2016-03-08 00:00:00-05:00,18.615761378028505,18.615761378028505,18.009040524873907,18.15349769592285,713800,0.0,0.0
2016-03-09 00:00:00-05:00,18.143868584049677,18.577241972551164,18.07645535403228,18.47130584716797,418500,0.0,0.0
2016-03-10 00:00:00-05:00,18.62538926486327,18.818000021514088,18.21127742387462,18.58686637878418,332400,0.0,0.0
2016-03-11 00:00:00-05:00,18.789108104242107,19.09728384944154,18.702433446295725,19.000978469848633,365400,0.0,0.0
2016-03-14 00:00:00-04:00,18.96245894369076,19.058764331021408,18.615760284049415,18.625391006469727,342700,0.0,0.0
2016-03-15 00:00:00-04:00,18.5772405384002,18.66391337253666,18.066823235443753,18.2883243560791,388400,0.0,0.0
2016-03-16 00:00:00-04:00,18.230538866914163,18.68317175710959,18.11497204554921,18.58686637878418,395700,0.0,0.0
2016-03-17 00:00:00-04:00,18.606129972068572,18.72169680678918,18.259431304779277,18.54834747314453,505100,0.0,0.0
2016-03-18 00:00:00-04:00,18.471305529181894,19.02987464426088,18.307586900441187,18.61576271057129,893600,0.0,0.0
2016-03-21 00:00:00-04:00,18.519453048706055,19.01060882189585,18.46167055682264,18.519453048706055,465900,0.0,0.0
2016-03-22 00:00:00-04:00,18.346104035109327,18.79873876670937,17.94162291159032,18.654281616210938,388900,0.0,0.0
2016-03-23 00:00:00-04:00,18.625394080579103,18.875787394217053,18.182389960489562,18.32684898376465,410100,0.0,0.0
2016-03-24 00:00:00-04:00,18.240170383954894,18.442410034073593,17.874210297731928,18.43277931213379,438000,0.0,0.0
2016-03-28 00:00:00-04:00,18.54834695402838,18.76021733540189,18.40388979232496,18.5579776763916,216400,0.0,0.0
2016-03-29 00:00:00-04:00,18.471126010885865,19.137013535367696,18.471126010885865,19.117712020874023,348000,0.04,0.0
2016-03-30 00:00:00-04:00,19.117708139570766,19.687089816681322,19.117708139570766,19.378273010253906,508300,0.0,0.0
2016-03-31 00:00:00-04:00,19.34931885358647,19.764292086932365,19.272114659523968,19.29141616821289,248600,0.0,0.0
2016-04-01 00:00:00-04:00,19.001903508301776,19.10805813927218,18.48077374634485,19.08875846862793,441100,0.0,0.0
2016-04-04 00:00:00-04:00,19.194913697576826,19.64849002467553,18.953650320419978,19.14666175842285,517600,0.0,0.0
2016-04-05 00:00:00-04:00,19.001899474276897,19.291414720105564,18.866790764289547,18.953645706176758,273200,0.0,0.0
2016-04-06 00:00:00-04:00,19.021203886209598,19.021203886209598,18.6062324211801,18.79924201965332,214000,0.0,0.0
2016-04-07 00:00:00-04:00,18.654481179381403,18.731685373743368,17.95964343012373,18.114051818847656,401200,0.0,0.0
2016-04-08 00:00:00-04:00,18.2877610151601,18.432518643951948,17.81488327204395,18.229856491088867,357500,0.0,0.0
2016-04-11 00:00:00-04:00,18.23950824741719,19.01155204455506,18.200907069941568,18.471120834350586,419100,0.0,0.0
2016-04-12 00:00:00-04:00,18.538671924294047,18.808887495126314,18.23950593419999,18.548322677612305,548400,0.0,0.0
2016-04-13 00:00:00-04:00,18.625528373242087,19.783593095603443,18.56762568933196,19.716039657592773,604200,0.0,0.0
2016-04-14 00:00:00-04:00,19.831846530411404,20.082760633987498,19.54233124819691,19.619535446166992,378900,0.0,0.0
2016-04-15 00:00:00-04:00,19.619540000070646,20.015211836593622,19.30107237943767,19.89940643310547,312700,0.0,0.0
2016-04-18 00:00:00-04:00,19.909052298668396,20.015208769510117,19.73534422005478,20.005558013916016,332100,0.0,0.0
2016-04-19 00:00:00-04:00,20.06346492428389,20.401232206623778,19.822201527930464,19.928356170654297,314500,0.0,0.0
2016-04-20 00:00:00-04:00,19.995909893159617,20.18892134908775,19.79324952105937,19.889755249023438,205900,0.0,0.0
2016-04-21 00:00:00-04:00,19.880099298372706,19.97660500112413,19.098406603403227,19.29141616821289,428800,0.0,0.0
2016-04-22 00:00:00-04:00,19.108059427546113,19.580937283733896,18.847496369693804,19.42652702331543,413700,0.0,0.0
2016-04-25 00:00:00-04:00,19.37827589993286,19.62919005274467,19.185264446787272,19.532684326171875,434200,0.0,0.0
2016-04-26 00:00:00-04:00,19.571286954948665,19.93800649963291,19.233517839161788,19.918704986572266,481400,0.0,0.0
2016-04-27 00:00:00-04:00,19.851149034112535,20.256471553925095,19.696740630440452,19.86079978942871,413900,0.0,0.0
2016-04-28 00:00:00-04:00,19.793247159232866,19.880102119967205,19.1852624340925,19.39757537841797,432500,0.0,0.0
2016-04-29 00:00:00-04:00,20.932008675112733,23.778915088961863,20.410878957728045,22.678754806518555,2367900,0.0,0.0
2016-05-02 00:00:00-04:00,23.39289574796107,23.45079844041059,22.640153383343684,22.891067504882812,994200,0.0,0.0
2016-05-03 00:00:00-04:00,22.900720929486567,22.94897471272965,22.379592955316586,22.68840980529785,515400,0.0,0.0
2016-05-04 00:00:00-04:00,22.52435016596551,22.52435016596551,21.964619176574754,22.2830867767334,419300,0.0,0.0
2016-05-05 00:00:00-04:00,22.43749629610816,22.688410454066158,22.099727166522637,22.176931381225586,384300,0.0,0.0
2016-05-06 00:00:00-04:00,22.321686219398487,22.360289242195158,21.55929492609864,22.331336975097656,496400,0.0,0.0
2016-05-09 00:00:00-04:00,22.418188940136638,22.72700571847157,22.360286254372134,22.52434539794922,636600,0.0,0.0
2016-05-10 00:00:00-04:00,22.601547241210938,22.86211206108347,22.418186607890306,22.601547241210938,640400,0.0,0.0
2016-05-11 00:00:00-04:00,22.620847870019386,23.499046148220824,22.601546363957326,23.277084350585938,639200,0.0,0.0
2016-05-12 00:00:00-04:00,23.421848857989154,23.518354576009276,21.790907929598838,21.858461380004883,533800,0.0,0.0
2016-05-13 00:00:00-04:00,21.848812070067126,22.476098358364396,21.752308186353936,21.935667037963867,450100,0.0,0.0
2016-05-16 00:00:00-04:00,21.993568486058724,22.5436486449677,21.59789488752934,22.47609519958496,490200,0.0,0.0
2016-05-17 00:00:00-04:00,22.37958906147097,23.141980297126352,22.26378184253059,22.46644401550293,519300,0.0,0.0
2016-05-18 00:00:00-04:00,22.418194141217434,23.035829681873587,22.03217307874085,22.68840980529785,476000,0.0,0.0
2016-05-19 00:00:00-04:00,22.427841615369317,22.91036833301675,21.983917918666492,22.43749237060547,355800,0.0,0.0
2016-05-20 00:00:00-04:00,22.61120406162901,22.900719378707798,22.340988415846912,22.871768951416016,322500,0.0,0.0
2016-05-23 00:00:00-04:00,22.948970556119377,23.219184330563962,22.775260649294548,22.90071678161621,427900,0.0,0.0
2016-05-24 00:00:00-04:00,23.04548348065267,23.421855706919136,22.977930010492898,23.37360191345215,437900,0.0,0.0
2016-05-25 00:00:00-04:00,23.402545051700756,23.7789152903145,23.402545051700756,23.4700984954834,326400,0.0,0.0
2016-05-26 00:00:00-04:00,23.489399344567442,23.489399344567442,22.495393703559973,22.755958557128906,570200,0.0,0.0
2016-05-27 00:00:00-04:00,22.813861828203798,23.093728198242303,22.572598477767823,22.90071678161621,393300,0.0,0.0
2016-05-31 00:00:00-04:00,22.977921258582317,23.0454747030121,22.63050328141582,22.77526092529297,614300,0.0,0.0
2016-06-01 00:00:00-04:00,22.717362100198095,23.161285862360398,22.379592979899947,23.084081649780273,471000,0.0,0.0
2016-06-02 00:00:00-04:00,23.15163094572716,23.576254958966572,23.074426747019384,23.4700984954834,374400,0.0,0.0
2016-06-03 00:00:00-04:00,23.412197936412202,23.412197936412202,22.59190210008721,22.948972702026367,303000,0.0,0.0
2016-06-06 00:00:00-04:00,22.968270655493452,23.10337938594003,22.514696210826564,22.910367965698242,312800,0.0,0.0
2016-06-07 00:00:00-04:00,22.89106671090987,24.45445407836833,22.89106671090987,24.097383499145508,732600,0.0,0.0
2016-06-08 00:00:00-04:00,24.116685842991828,24.261443494444233,23.624508355498925,24.203540802001953,481700,0.0,0.0
2016-06-09 00:00:00-04:00,24.126335087409704,24.473754901690256,24.126335087409704,24.386899948120117,431300,0.0,0.0
2016-06-10 00:00:00-04:00,24.11668610223931,24.261443755247818,23.88507348928701,24.164939880371094,252400,0.0,0.0
2016-06-13 00:00:00-04:00,24.0587851007904,24.0587851007904,23.40254839760434,23.547306060791016,357900,0.0,0.0
2016-06-14 00:00:00-04:00,23.547298699040766,24.058777579133068,22.82350876869714,23.161277770996094,450400,0.0,0.0
2016-06-15 00:00:00-04:00,23.277090669215667,23.740315896291246,23.14198193079855,23.334993362426758,394900,0.0,0.0
2016-06-16 00:00:00-04:00,23.248139614861753,23.479752240480213,22.74631133900833,23.36394500732422,343400,0.0,0.0
2016-06-17 00:00:00-04:00,23.44115026887477,23.95262744300186,23.24813883366497,23.914026260375977,650600,0.0,0.0
2016-06-20 00:00:00-04:00,24.203536714755934,24.676412611349157,24.203536714755934,24.415847778320312,411300,0.0,0.0
2016-06-21 00:00:00-04:00,24.493055172998822,24.705368105031482,24.058782235164756,24.44480323791504,357200,0.0,0.0
2016-06-22 00:00:00-04:00,24.550961189360184,24.96593448268424,24.386902023178425,24.43515396118164,244900,0.0,0.0
2016-06-23 00:00:00-04:00,24.86942310428225,24.994879218945698,24.406197978411495,24.74396514892578,275600,0.0,0.0
2016-06-24 00:00:00-04:00,23.180585626590933,24.097385351716195,22.630505423377077,23.70171356201172,514300,0.0,0.0
2016-06-27 00:00:00-04:00,23.16128065147471,23.74031303590022,22.5822482670492,23.57625389099121,881000,0.0,0.0
2016-06-28 00:00:00-04:00,24.050099608148244,24.485263135904905,23.76965929172155,24.446582794189453,446000,0.05,0.0
2016-06-29 00:00:00-04:00,24.833398342555647,25.287903016642712,24.727024162558692,24.9107608795166,464800,0.0,0.0
2016-06-30 00:00:00-04:00,24.901086723815045,25.587678909301758,24.79471255923109,25.587678909301758,786800,0.0,0.0
2016-07-01 00:00:00-04:00,25.69406295186402,26.274283040298144,25.53933784087743,26.254941940307617,413800,0.0,0.0
2016-07-05 00:00:00-04:00,26.21625481040688,26.235594060931252,25.471639253402635,26.04218864440918,509400,0.0,0.0
2016-07-06 00:00:00-04:00,25.93581759084263,26.380653606921555,25.5973557655699,26.187246322631836,618700,0.0,0.0
2016-07-07 00:00:00-04:00,26.119550042055412,26.25493401216991,25.723066834318725,25.829439163208008,414600,0.0,0.0
2016-07-08 00:00:00-04:00,26.09053812251988,26.545044607858735,26.01317559121279,26.274274826049805,469900,0.0,0.0
2016-07-11 00:00:00-04:00,26.651417250237945,26.835153955936914,26.351637668442557,26.574054718017578,458300,0.0,0.0
2016-07-12 00:00:00-04:00,26.960870787215377,27.43471843199051,26.88350824521569,27.270322799682617,406300,0.0,0.0
2016-07-13 00:00:00-04:00,27.492738943656953,27.69581491783352,26.87383862867873,26.98988151550293,337900,0.0,0.0
2016-07-14 00:00:00-04:00,27.28966196149815,27.51208088292094,27.096256529373385,27.39603614807129,300100,0.0,0.0
2016-07-15 00:00:00-04:00,27.463722760681787,27.541085287268064,26.951196713723256,27.26064682006836,371900,0.0,0.0
2016-07-18 00:00:00-04:00,27.28965776479619,27.560427541493095,27.192955985839195,27.347681045532227,282700,0.0,0.0
2016-07-19 00:00:00-04:00,27.36702191334224,27.550758624270916,27.134934310075217,27.35735321044922,341500,0.0,0.0
2016-07-20 00:00:00-04:00,27.34768448305481,27.99559644363556,27.1446066638888,27.483068466186523,622200,0.0,0.0
2016-07-21 00:00:00-04:00,27.338014602661133,27.686145116996883,26.941531347120083,27.338014602661133,512000,0.0,0.0
2016-07-22 00:00:00-04:00,27.454056137156893,28.363067337783583,27.43471688609807,28.06328773498535,364600,0.0,0.0
2016-07-25 00:00:00-04:00,28.063287462404123,28.34372596695122,27.54108895505189,27.637792587280273,328900,0.0,0.0
2016-07-26 00:00:00-04:00,27.618451212358465,28.45009985884801,27.367022508897243,28.2663631439209,395200,0.0,0.0
2016-07-27 00:00:00-04:00,28.450096376197536,28.450096376197536,27.937568484443194,28.1309757232666,255000,0.0,0.0
2016-07-28 00:00:00-04:00,28.150320053100586,28.49845054075952,27.966583339536932,28.150320053100586,311400,0.0,0.0
2016-07-29 00:00:00-04:00,28.130977608358695,28.730536768845845,27.705482761115128,27.8215274810791,504500,0.0,0.0
2016-08-01 00:00:00-04:00,28.10196888667595,28.353397602327824,27.357355132229436,27.54109001159668,725700,0.0,0.0
2016-08-02 00:00:00-04:00,27.463725329897457,27.68614238408147,26.28394622797206,26.37097930908203,359400,0.0,0.0
2016-08-03 00:00:00-04:00,26.20658350943511,26.487022000893038,25.790759201389083,26.00350570678711,508000,0.0,0.0
2016-08-04 00:00:00-04:00,26.06152993032625,26.46768370580689,25.945485203988206,26.283946990966797,325600,0.0,0.0
2016-08-05 00:00:00-04:00,26.55471429150953,27.347682572291184,26.351638331000732,27.173616409301758,347400,0.0,0.0
2016-08-08 00:00:00-04:00,27.27999201678318,27.686145831040253,27.047904386417496,27.067245483398438,263600,0.0,0.0
2016-08-09 00:00:00-04:00,27.221964122060943,27.5894374997788,26.719106786482868,26.902843475341797,189600,0.0,0.0
2016-08-10 00:00:00-04:00,26.893176637827327,27.15427588782282,26.622408684766825,26.844825744628906,305600,0.0,0.0
2016-08-11 00:00:00-04:00,27.096254260620775,28.072957421147834,27.096254260620775,27.657133102416992,530100,0.0,0.0
2016-08-12 00:00:00-04:00,27.53141943935219,27.918233982764818,27.328343464082156,27.666805267333984,416400,0.0,0.0
2016-08-15 00:00:00-04:00,27.657132336550045,27.77317521400161,27.270319670931027,27.30900001525879,386700,0.0,0.0
2016-08-16 00:00:00-04:00,27.125265292382647,27.192959127729413,26.835156233055898,26.873838424682617,298500,0.0,0.0
2016-08-17 00:00:00-04:00,26.79647639507055,27.299333863575416,26.786807690783046,27.289663314819336,283000,0.0,0.0
2016-08-18 00:00:00-04:00,27.405707371846788,27.405707371846788,26.873840114808544,27.2509822845459,259900,0.0,0.0
2016-08-19 00:00:00-04:00,27.057573593932876,27.25098086521993,26.719111791414747,26.864168167114258,154700,0.0,0.0
2016-08-22 00:00:00-04:00,26.835156444757473,26.941530628101724,26.52570628717612,26.680431365966797,254800,0.0,0.0
2016-08-23 00:00:00-04:00,26.88350514387605,27.125263290293887,26.728780077726096,26.999549865722656,215200,0.0,0.0
2016-08-24 00:00:00-04:00,27.01888731657824,27.086579293331965,26.690096134230416,26.931854248046875,249800,0.0,0.0
2016-08-25 00:00:00-04:00,26.90284634437259,27.231637572355137,26.78680346653657,27.057571411132812,296300,0.0,0.0
2016-08-26 00:00:00-04:00,27.067239202345498,27.07690974859188,26.264602308576677,26.399986267089844,294100,0.0,0.0
2016-08-29 00:00:00-04:00,26.535374739785595,26.854495420150467,26.32262638989683,26.438671112060547,513500,0.0,0.0
2016-08-30 00:00:00-04:00,26.399991712431618,27.36702440291583,26.399991712431618,27.338014602661133,511200,0.0,0.0
2016-08-31 00:00:00-04:00,27.40570584832062,27.695814909765037,26.844826976917894,27.299331665039062,439800,0.0,0.0
2016-09-01 00:00:00-04:00,27.415376207571075,27.76350671001417,27.038232216927465,27.367023468017578,266400,0.0,0.0
2016-09-02 00:00:00-04:00,27.31867273010219,27.744167618278837,27.31867273010219,27.7344970703125,192400,0.0,0.0
2016-09-06 00:00:00-04:00,27.734494402223184,27.976252544718896,27.56042824451135,27.8215274810791,227200,0.0,0.0
2016-09-07 00:00:00-04:00,27.947240132712672,28.79822980372606,27.947240132712672,28.653173446655273,336700,0.0,0.0
2016-09-08 00:00:00-04:00,28.508122130029555,28.885266118438825,28.314716706366625,28.798233032226562,215200,0.0,0.0
2016-09-09 00:00:00-04:00,28.604826009588354,28.80790382731596,27.84087116729679,27.860210418701172,232000,0.0,0.0
2016-09-12 00:00:00-04:00,27.676475324917185,28.720870515793205,27.338013527663165,28.672517776489258,325500,0.0,0.0
2016-09-13 00:00:00-04:00,28.266365023666495,28.633838477958125,27.125266156869024,27.154277801513672,402200,0.0,0.0
2016-09-14 00:00:00-04:00,27.192957194954,27.3283411670881,26.361308578774164,26.438671112060547,359500,0.0,0.0
2016-09-15 00:00:00-04:00,26.43866902696194,26.6030646277889,25.96482331739438,26.50636100769043,272600,0.0,0.0
2016-09-16 00:00:00-04:00,26.23559590090188,26.370981730877464,24.601311993236504,24.620651245117188,596800,0.0,0.0
2016-09-19 00:00:00-04:00,24.620651698544254,25.249224430188494,24.330542625838067,24.669004440307617,600700,0.0,0.0
2016-09-20 00:00:00-04:00,24.688342374081966,24.939771065634336,24.436913682529593,24.52394676208496,272300,0.0,0.0
2016-09-21 00:00:00-04:00,24.52394649577458,24.901088606773545,24.21449636936843,24.843067169189453,502400,0.0,0.0
2016-09-22 00:00:00-04:00,25.065483701241668,25.452296351290357,24.8430666580222,25.355592727661133,626700,0.0,0.0
2016-09-23 00:00:00-04:00,25.394277777590162,25.86812355787484,25.12350796979817,25.51032066345215,287400,0.0,0.0
2016-09-26 00:00:00-04:00,25.384608763639907,25.481312404014147,25.113838939485746,25.15252113342285,355100,0.0,0.0
2016-09-27 00:00:00-04:00,25.171858994321106,25.674714539577167,25.171858994321106,25.568342208862305,284300,0.0,0.0
2016-09-28 00:00:00-04:00,25.684607088435627,26.43063345753497,25.684607088435627,26.265926361083984,637700,0.05,0.0
2016-09-29 00:00:00-04:00,26.265929313865914,26.294994079589788,25.694298847095418,25.839628219604492,256900,0.0,0.0
2016-09-30 00:00:00-04:00,25.975260637671195,25.98494950588516,25.442385821641583,25.58771514892578,474500,0.0,0.0
2016-10-03 00:00:00-04:00,25.345500493982332,26.85692891390896,25.345500493982332,26.837553024291992,368300,0.0,0.0
2016-10-04 00:00:00-04:00,26.973202080872376,27.544832585767303,26.876315210083458,27.021644592285156,333000,0.0,0.0
2016-10-05 00:00:00-04:00,27.021635170854903,27.36073817640195,26.96350380783512,27.186342239379883,302500,0.0,0.0
2016-10-06 00:00:00-04:00,27.031327771008694,27.63202476501465,26.595339716228388,27.63202476501465,334400,0.0,0.0
2016-10-07 00:00:00-04:00,27.64171462079455,27.85486422087017,27.341365189097,27.612648010253906,424400,0.0,0.0
2016-10-10 00:00:00-04:00,27.66108843778207,28.51369047003993,27.564203439175266,28.097078323364258,306800,0.0,0.0
2016-10-11 00:00:00-04:00,28.14552574453514,28.290856963785508,27.370434532361514,27.467321395874023,389300,0.0,0.0
2016-10-12 00:00:00-04:00,27.612648010253906,27.95175107470928,27.273544945798534,27.612648010253906,181600,0.0,0.0
2016-10-13 00:00:00-04:00,27.515758362813873,28.145520076885536,27.079770336747114,28.00019073486328,290600,0.0,0.0
2016-10-14 00:00:00-04:00,28.048638031422627,28.223032151417012,27.176658191635486,27.370431900024414,234900,0.0,0.0
2016-10-17 00:00:00-04:00,27.225105617633687,28.000196842805426,27.176661261083424,27.273548126220703,163300,0.0,0.0
2016-10-18 00:00:00-04:00,27.709534030501686,28.097079586236493,27.467317827172064,27.757976531982422,174500,0.0,0.0
2016-10-19 00:00:00-04:00,27.70953817311324,28.678403131278294,27.70953817311324,28.58151626586914,255100,0.0,0.0
2016-10-20 00:00:00-04:00,28.290858665841842,29.453495554049727,28.290858665841842,29.259723663330078,402000,0.0,0.0
2016-10-21 00:00:00-04:00,29.01750100485158,29.453489048646446,28.881858678547538,29.162830352783203,295100,0.0,0.0
2016-10-24 00:00:00-04:00,29.211275604578507,29.550378680338948,28.58151380557374,29.01750373840332,346000,0.0,0.0
2016-10-25 00:00:00-04:00,28.872172528818062,29.405049318716785,28.58151380557374,29.01750373840332,293900,0.0,0.0
2016-10-26 00:00:00-04:00,28.678397471622493,29.453488546005712,28.1455207410165,28.33929443359375,281800,0.0,0.0
2016-10-27 00:00:00-04:00,28.872169316236853,28.872169316236853,28.1455207410165,28.33929443359375,306800,0.0,0.0
2016-10-28 00:00:00-04:00,29.308160315509202,29.308160315509202,28.387738012696456,28.4846248626709,380200,0.0,0.0
2016-10-31 00:00:00-04:00,28.726842671681464,29.211275100708008,28.145523387256997,29.211275100708008,519900,0.0,0.0
2016-11-01 00:00:00-04:00,29.162832165264398,29.211274668264686,28.14552297059105,28.387739181518555,296800,0.0,0.0
2016-11-02 00:00:00-04:00,28.242407168689436,28.92061323469439,28.242407168689436,28.53306770324707,350100,0.0,0.0
2016-11-03 00:00:00-04:00,28.629952448934947,28.87216863495965,27.903303890860833,28.00019073486328,269000,0.0,0.0
2016-11-04 00:00:00-04:00,28.048639734557923,29.01750463940672,27.903308520460083,28.62995719909668,281100,0.0,0.0
2016-11-07 00:00:00-05:00,29.16283712223988,29.744156496868708,28.726847129277424,29.30816650390625,441900,0.0,0.0
2016-11-08 00:00:00-05:00,29.16283679398859,29.385675299899685,28.87217618596412,29.259723663330078,265200,0.0,0.0
2016-11-09 00:00:00-05:00,28.533070908468876,30.761459350585938,28.19396783737374,30.761459350585938,517200,0.0,0.0
2016-11-10 00:00:00-05:00,30.85834128820844,32.8929575425449,30.85834128820844,32.11786651611328,667300,0.0,0.0
2016-11-11 00:00:00-05:00,32.31164665797881,33.377400388278,31.681886618004786,32.98985290527344,418600,0.0,0.0
2016-11-14 00:00:00-05:00,33.619603713380876,34.588468352406686,33.474272539156885,33.813377380371094,490500,0.0,0.0
2016-11-15 00:00:00-05:00,34.540035915216656,35.16979589636911,33.95871474500705,34.63692092895508,622300,0.0,0.0
2016-11-16 00:00:00-05:00,34.83069421530439,34.87913672156575,34.00715682515607,34.05560302734375,606100,0.0,0.0
2016-11-17 00:00:00-05:00,33.9102716833658,35.16979532099127,33.66805545705605,35.07291030883789,302400,0.0,0.0
2016-11-18 00:00:00-05:00,35.07291155656056,35.60578653421385,34.68536410230738,34.73380661010742,478400,0.0,0.0
2016-11-21 00:00:00-05:00,35.07290371028346,35.450760360889184,34.5400288518414,35.218231201171875,305100,0.0,0.0
2016-11-22 00:00:00-05:00,35.508896553123904,36.109591696882575,35.36356535412016,35.60578155517578,317900,0.0,0.0
2016-11-23 00:00:00-05:00,35.70267359854112,36.09022107503294,35.25699658772418,36.041778564453125,209800,0.0,0.0
2016-11-25 00:00:00-05:00,36.138663585612754,36.66185157009872,35.944889847366845,36.041778564453125,123900,0.0,0.0
2016-11-28 00:00:00-05:00,36.090278540868894,36.38132842811378,35.61489422101216,35.896244049072266,320800,0.05,0.0
2016-11-29 00:00:00-05:00,35.84774398649174,37.10896290044431,35.7313247469779,36.47835159301758,383100,0.0,0.0
2016-11-30 00:00:00-05:00,36.62387443134093,36.8179089433427,35.7507209777832,35.7507209777832,485200,0.0,0.0
2016-12-01 00:00:00-05:00,35.65369401879552,36.672370250581245,35.09099448642097,35.36264419555664,408600,0.0,0.0
2016-12-02 00:00:00-05:00,35.217121228792536,36.33281665582785,35.12010584422411,35.45966339111328,275200,0.0,0.0
2016-12-05 00:00:00-05:00,35.556686053936446,35.9932590293176,34.683532701374,34.780548095703125,426600,0.0,0.0
2016-12-06 00:00:00-05:00,34.34397899138084,35.333547967956804,34.0626291348541,35.2656364440918,513800,0.0,0.0
2016-12-07 00:00:00-05:00,35.50817139108757,36.3813246633683,35.168613841256025,36.18729019165039,316000,0.0,0.0
2016-12-08 00:00:00-05:00,35.99326711065883,37.01194748433292,35.41116721218869,36.47835159301758,388400,0.0,0.0
2016-12-09 00:00:00-05:00,36.72089032826558,37.78807830810547,36.478348110242955,37.78807830810547,342800,0.0,0.0
2016-12-12 00:00:00-05:00,37.400008706991244,37.594043218622296,34.58652124149271,35.120113372802734,608200,0.0,0.0
2016-12-13 00:00:00-05:00,35.023094242166074,36.38133212173781,35.023094242166074,35.21712875366211,352400,0.0,0.0
2016-12-14 00:00:00-05:00,35.36265190991291,36.38132836392273,35.31414421227437,35.55668640136719,393300,0.0,0.0
2016-12-15 00:00:00-05:00,35.55668696096382,38.18584344389202,35.41116016485777,37.69105529785156,679200,0.0,0.0
2016-12-16 00:00:00-05:00,37.78807801655981,38.12763563881148,36.13879020655055,36.28431701660156,869700,0.0,0.0
2016-12-19 00:00:00-05:00,36.38133617690619,36.92463212947231,35.89625169454744,36.47835159301758,294400,0.0,0.0
2016-12-20 00:00:00-05:00,36.817902090747836,38.22464741480984,36.52685222736599,38.127628326416016,278200,0.0,0.0
2016-12-21 00:00:00-05:00,38.17613977435842,38.418681967844556,37.594039990351746,37.83658218383789,242100,0.0,0.0
2016-12-22 00:00:00-05:00,37.69106681045771,37.98212049157116,36.96344000947666,37.303001403808594,429200,0.0,0.0
2016-12-23 00:00:00-05:00,37.4000054953828,37.98210898028964,37.31269015769178,37.83658218383789,146700,0.0,0.0
2016-12-27 00:00:00-05:00,38.03061667068826,38.370174261136306,37.83658217576074,37.88508987426758,265900,0.0,0.0
2016-12-28 00:00:00-05:00,37.93366281310226,37.98223270392487,36.5736873418434,36.622257232666016,340100,0.05,0.0
2016-12-29 00:00:00-05:00,36.622255307637296,37.05939171335325,35.70912510333175,36.37940216064453,325800,0.0,0.0
2016-12-30 00:00:00-05:00,36.476537934510795,36.767960937794456,35.26227233279176,35.40798568725586,307100,0.0,0.0
2017-01-03 00:00:00-05:00,35.89369730079386,36.34054621975963,34.825141187944524,35.505130767822266,401800,0.0,0.0
2017-01-04 00:00:00-05:00,35.79655238447494,36.81653856636049,35.26227620221986,36.37940216064453,381900,0.0,0.0
2017-01-05 00:00:00-05:00,36.13655315100685,36.37940632580441,35.50513341427503,35.55370330810547,272200,0.0,0.0
2017-01-06 00:00:00-05:00,35.650840696351565,35.84512394404848,34.961138687390005,35.16513442993164,205700,0.0,0.0
2017-01-09 00:00:00-05:00,34.92228624975284,35.262279202210124,34.48514980684685,34.630863189697266,311900,0.0,0.0
2017-01-10 00:00:00-05:00,34.77657129773434,35.79655381472841,34.582288031248545,35.505130767822266,386400,0.0,0.0
2017-01-11 00:00:00-05:00,35.505128881353855,35.942265281309574,35.21370584993167,35.747982025146484,304800,0.0,0.0
2017-01-12 00:00:00-05:00,34.970855291893095,35.74798466836168,34.87371550945146,35.310848236083984,270200,0.0,0.0
2017-01-13 00:00:00-05:00,35.45656204223633,35.99083826338756,35.4079921504308,35.94226837158203,219200,0.0,0.0
2017-01-17 00:00:00-05:00,35.84512664642153,36.42797272780846,35.06799359704561,35.213706970214844,262100,0.0,0.0
2017-01-18 00:00:00-05:00,35.11656721774409,35.69941329956055,34.92228395525694,35.69941329956055,222700,0.0,0.0
2017-01-19 00:00:00-05:00,35.84513321910049,35.93256051790398,34.92229033298489,35.26228332519531,229300,0.0,0.0
2017-01-20 00:00:00-05:00,35.3108520047893,36.087985169846,35.213712211979995,35.79655838012695,264200,0.0,0.0
2017-01-23 00:00:00-05:00,35.74798164816092,35.94226490227516,34.77656908323456,35.1165657043457,261100,0.0,0.0
2017-01-24 00:00:00-05:00,35.21370772091611,35.85483990636768,34.97085456422014,35.505130767822266,201500,0.0,0.0
2017-01-25 00:00:00-05:00,35.89369121650156,36.16568552008923,35.310841515842256,35.60226821899414,279400,0.0,0.0
2017-01-26 00:00:00-05:00,35.456559426013506,36.379402124805864,35.165136391038274,35.89369583129883,267000,0.0,0.0
2017-01-27 00:00:00-05:00,35.94226987003972,36.0394096577006,35.40799362661415,35.55370330810547,195500,0.0,0.0
2017-01-30 00:00:00-05:00,35.116565153914934,35.1457063445996,33.41659319193984,33.99943923950195,434700,0.0,0.0
2017-01-31 00:00:00-05:00,33.75658843448495,34.48514789709973,33.51373528028002,34.38800811767578,385100,0.0,0.0
2017-02-01 00:00:00-05:00,34.63085827799867,35.45655744865465,34.582284686840886,35.16513442993164,339200,0.0,0.0
2017-02-02 00:00:00-05:00,34.87371293087995,35.89369539368002,34.43657653092423,35.747982025146484,594100,0.0,0.0
2017-02-03 00:00:00-05:00,36.03940737994796,36.13655086711457,30.172076011132024,33.542877197265625,1922500,0.0,0.0
2017-02-06 00:00:00-05:00,33.17374377656961,33.90230327058816,32.49375417435658,32.54232406616211,604400,0.0,0.0
2017-02-07 00:00:00-05:00,32.542327968218856,32.97946445817481,31.69719989140112,31.81376838684082,399400,0.0,0.0
2017-02-08 00:00:00-05:00,31.668055651139838,32.590898547996844,31.017210856862775,32.348045349121094,435700,0.0,0.0
2017-02-09 00:00:00-05:00,32.59088674765269,35.067987738159964,32.59088674765269,34.48514175415039,603700,0.0,0.0
2017-02-10 00:00:00-05:00,34.77657055635214,35.45656012173357,34.58228729400816,35.213706970214844,328900,0.0,0.0
2017-02-13 00:00:00-05:00,35.359424970428186,35.582849454384764,34.24229884499978,34.533721923828125,281500,0.0,0.0
2017-02-14 00:00:00-05:00,34.29086493613975,34.679431468565134,33.834303522031774,34.048011779785156,242500,0.0,0.0
2017-02-15 00:00:00-05:00,33.95087754878863,35.60228002305142,33.805164148900914,35.26228332519531,402500,0.0,0.0
2017-02-16 00:00:00-05:00,35.31085017465997,35.45656356196729,34.14515789878282,34.58229064941406,209500,0.0,0.0
2017-02-17 00:00:00-05:00,34.48515623322054,34.679439544677734,33.95087990594772,34.679439544677734,253000,0.0,0.0
2017-02-21 00:00:00-05:00,34.7765625609747,35.24284006001276,34.48513958728144,35.06798553466797,182200,0.0,0.0
2017-02-22 00:00:00-05:00,34.82513243898289,35.213698874336686,34.48513958728144,35.06798553466797,174300,0.0,0.0
2017-02-23 00:00:00-05:00,35.116565946374564,35.35941908927994,34.19372326220518,34.290863037109375,283300,0.0,0.0
2017-02-24 00:00:00-05:00,33.9994517381622,34.533728095775515,33.9023119297402,34.436588287353516,199500,0.0,0.0
2017-02-27 00:00:00-05:00,34.388012946993506,34.97085911667995,33.90230657037295,34.82514572143555,333600,0.0,0.0
2017-02-28 00:00:00-05:00,34.63086319574407,34.92228625585052,33.85373009459985,34.14515686035156,517000,0.0,0.0
2017-03-01 00:00:00-05:00,34.58229244178282,36.62226144158831,34.27144065801836,35.79655838012695,570100,0.0,0.0
2017-03-02 00:00:00-05:00,35.65084575271439,35.79655542991954,34.53371969924857,34.630863189697266,328700,0.0,0.0
2017-03-03 00:00:00-05:00,34.728004870911285,35.019427946880754,34.242298509080356,34.87371826171875,189100,0.0,0.0
2017-03-06 00:00:00-05:00,34.43657991444513,34.728002974500704,33.92172867918019,34.630863189697266,218500,0.0,0.0
2017-03-07 00:00:00-05:00,34.53371223863096,34.67942559000166,33.805152893066406,33.805152893066406,271700,0.0,0.0
2017-03-08 00:00:00-05:00,33.90230091792532,33.9897281993663,33.173741474465416,33.61087417602539,232500,0.0,0.0
2017-03-09 00:00:00-05:00,33.51372771763284,34.00914640993179,33.31944449698149,33.90229415893555,324700,0.0,0.0
2017-03-10 00:00:00-05:00,34.14514967206136,35.01941866832825,33.9994363198613,34.77656555175781,427100,0.0,0.0
2017-03-13 00:00:00-04:00,34.630861271880704,35.165137470002534,34.04801147840185,34.38800811767578,284600,0.0,0.0
2017-03-14 00:00:00-04:00,34.29086493613975,34.29086493613975,33.22231253043757,34.048011779785156,430200,0.0,0.0
2017-03-15 00:00:00-04:00,34.0965817178566,35.79655381472841,33.38745094498177,35.505130767822266,498000,0.0,0.0
2017-03-16 00:00:00-04:00,35.79655191277603,35.89369539368002,34.99999389758779,35.747982025146484,320800,0.0,0.0
2017-03-17 00:00:00-04:00,35.359426115708224,35.69941910107931,34.97085952758789,34.97085952758789,729300,0.0,0.0
2017-03-20 00:00:00-04:00,35.019429013212886,35.456565493300495,34.67943603183672,34.82514572143555,206800,0.0,0.0
2017-03-21 00:00:00-04:00,34.82513297215209,34.82513297215209,33.7080109382842,33.90229415893555,407900,0.0,0.0
2017-03-22 00:00:00-04:00,33.80515935685122,33.95087273608334,33.173743360017426,33.853729248046875,338900,0.0,0.0
2017-03-23 00:00:00-04:00,33.85372401602279,34.33943026420472,33.756584248644245,34.24229049682617,218700,0.0,0.0
2017-03-24 00:00:00-04:00,34.24228864320567,34.679424984035045,33.90229577014082,34.48514175415039,411000,0.0,0.0
2017-03-27 00:00:00-04:00,33.65944105953241,34.14514725833868,33.33887318961105,33.90229415893555,246500,0.0,0.0
2017-03-28 00:00:00-04:00,33.70801312924892,33.9508662444371,33.07659354750185,33.805152893066406,304500,0.0,0.0
2017-03-29 00:00:00-04:00,33.59095483961705,33.73700395502783,32.81203489052056,32.95808029174805,231300,0.08,0.0
2017-03-30 00:00:00-04:00,32.909398491338884,33.34754212338794,32.763353090111394,32.95808029174805,374700,0.0,0.0
2017-03-31 00:00:00-04:00,32.812042088140764,33.93173859990032,32.812042088140764,33.34754943847656,667500,0.0,0.0
2017-04-03 00:00:00-04:00,33.29886280055895,33.39622640862156,32.37389366722996,32.909400939941406,290400,0.0,0.0
2017-04-04 00:00:00-04:00,32.812032841863605,33.055445542894965,31.887063835107835,32.08179473876953,266700,0.0,0.0
2017-04-05 00:00:00-04:00,32.227845451928786,32.37389458233459,30.962099940418604,31.059465408325195,342200,0.0,0.0
2017-04-06 00:00:00-04:00,31.01078191502292,31.156829180387643,30.670003724444086,30.864734649658203,273300,0.0,0.0
2017-04-07 00:00:00-04:00,30.670003730810713,31.059463724228056,29.988447349511556,30.329225540161133,548000,0.0,0.0
2017-04-10 00:00:00-04:00,30.329226337245167,31.302879132014755,30.13449726396468,30.962099075317383,404400,0.0,0.0
2017-04-11 00:00:00-04:00,30.86473529712748,31.5462916925826,30.377909830971475,31.156829833984375,383600,0.0,0.0
2017-04-12 00:00:00-04:00,31.108147618721947,31.108147618721947,29.598987579345703,29.598987579345703,400700,0.0,0.0
2017-04-13 00:00:00-04:00,30.96210113347494,32.51994496582481,30.514222563775174,32.17916488647461,1281700,0.0,0.0
2017-04-17 00:00:00-04:00,32.27652648719914,32.295996235310135,31.010779294452984,31.643651962280273,523700,0.0,0.0
2017-04-18 00:00:00-04:00,31.44891888624964,32.179156958132445,31.039985491711608,32.033111572265625,378400,0.0,0.0
2017-04-19 00:00:00-04:00,32.32520983312561,33.444906112261165,32.32520983312561,33.104129791259766,422300,0.0,0.0
2017-04-20 00:00:00-04:00,33.298861049835146,34.029099214462306,33.298861049835146,33.78568649291992,369500,0.0,0.0
2017-04-21 00:00:00-04:00,33.834364756689595,33.98041386001756,33.34753936450701,33.39622116088867,448800,0.0,0.0
2017-04-24 00:00:00-04:00,34.02909332258393,34.467236888335684,33.83436243622952,33.980411529541016,367300,0.0,0.0
2017-04-25 00:00:00-04:00,34.27251185260992,35.14879541952023,34.077780933013166,34.8567008972168,373900,0.0,0.0
2017-04-26 00:00:00-04:00,34.75933105647596,35.3435199962422,34.48670633229338,34.90537643432617,409000,0.0,0.0
2017-04-27 00:00:00-04:00,34.90538307194981,34.90538307194981,33.883050375860286,33.931732177734375,534400,0.0,0.0
2017-04-28 00:00:00-04:00,36.02508337728268,38.79998696256216,35.24616339844839,36.21981430053711,1051400,0.0,0.0
2017-05-01 00:00:00-04:00,36.511900723145125,36.60926430606713,35.635613620116594,36.07375717163086,509700,0.0,0.0
2017-05-02 00:00:00-04:00,36.12244180985548,36.51190360060173,35.908241167709654,36.17112731933594,328000,0.0,0.0
2017-05-03 00:00:00-04:00,35.97639846801758,36.122443862208044,35.5090465210785,35.97639846801758,260200,0.0,0.0
2017-05-04 00:00:00-04:00,36.219813578144375,36.365858982034794,35.246162695474816,35.392208099365234,182800,0.0,0.0
2017-05-05 00:00:00-04:00,35.53825721743901,35.83035173940321,34.905382658030454,35.392208099365234,247600,0.0,0.0
2017-05-08 00:00:00-04:00,35.29484951233317,35.58694407580536,34.5451377804381,34.759342193603516,246800,0.0,0.0
2017-05-09 00:00:00-04:00,34.9540619411256,35.392201788858934,34.85669464170943,34.90537643432617,315700,0.0,0.0
2017-05-10 00:00:00-04:00,34.85670335018939,35.19748341201127,34.564608807330366,34.808021545410156,274900,0.0,0.0
2017-05-11 00:00:00-04:00,34.51592943834605,35.051436757075706,33.98042211961639,34.759342193603516,210900,0.0,0.0
2017-05-12 00:00:00-04:00,34.515920074488534,34.515920074488534,33.91225764518966,34.02909469604492,223600,0.0,0.0
2017-05-15 00:00:00-04:00,34.02909096870096,34.954059829264814,34.02909096870096,34.564598083496094,195300,0.0,0.0
2017-05-16 00:00:00-04:00,34.51592943834605,34.759342193603516,34.22383487487386,34.759342193603516,190300,0.0,0.0
2017-05-17 00:00:00-04:00,34.17514934114797,34.22383486353044,33.006771087646484,33.006771087646484,325000,0.0,0.0
2017-05-18 00:00:00-04:00,33.006771087646484,33.49359659800007,32.56862738549148,33.006771087646484,359900,0.0,0.0
2017-05-19 00:00:00-04:00,33.05545654046236,33.73701307294098,33.05545654046236,33.54228210449219,225500,0.0,0.0
2017-05-22 00:00:00-04:00,33.63963907198777,33.78568819795711,33.29886273030407,33.444908142089844,262900,0.0,0.0
2017-05-23 00:00:00-04:00,33.49358512127572,34.272504928104375,33.44489961557556,34.07777404785156,284000,0.0,0.0
2017-05-24 00:00:00-04:00,34.223832166658404,34.71065763864966,33.75647644506524,34.12646484375,420400,0.0,0.0
2017-05-25 00:00:00-04:00,34.27251788716908,35.538263516140006,34.07778693328493,35.34353256225586,276600,0.0,0.0
2017-05-26 00:00:00-04:00,35.19748767021002,35.19748767021002,34.36988203210467,34.41856384277344,233000,0.0,0.0
2017-05-30 00:00:00-04:00,34.418554448485544,34.63275881398352,33.590952750451976,33.688316345214844,309700,0.0,0.0
2017-05-31 00:00:00-04:00,33.68831565336163,34.02909565639922,33.045706284247935,33.39622116088867,381900,0.0,0.0
2017-06-01 00:00:00-04:00,33.63963937175875,34.32119577538322,33.35727970659976,34.12646484375,253400,0.0,0.0
2017-06-02 00:00:00-04:00,34.36987661326636,35.63562206201419,34.24330095413653,35.031959533691406,318900,0.0,0.0
2017-06-05 00:00:00-04:00,35.10011856529042,35.304584388302565,34.6619748629902,34.759342193603516,170600,0.0,0.0
2017-06-06 00:00:00-04:00,34.564611246560766,35.051436757075706,34.17514935247526,34.759342193603516,157900,0.0,0.0
2017-06-07 00:00:00-04:00,34.90538199934318,35.2461620303568,34.54513221952492,35.10011291503906,297400,0.0,0.0
2017-06-08 00:00:00-04:00,35.246165773317834,35.927722193539566,34.80802209501932,35.635623931884766,260700,0.0,0.0
2017-06-09 00:00:00-04:00,35.73298091722121,36.852676977554765,35.68429912576021,36.07375717163086,290800,0.0,0.0
2017-06-12 00:00:00-04:00,36.02508778889974,36.56059510778985,35.34353133113783,36.51191329956055,344600,0.0,0.0
2017-06-13 00:00:00-04:00,36.60927172232809,36.60927172232809,35.97640087676361,36.463226318359375,385000,0.0,0.0
2017-06-14 00:00:00-04:00,36.36585861965936,36.5119077362778,35.73298778074054,36.317176818847656,256800,0.0,0.0
2017-06-15 00:00:00-04:00,35.73298091722121,36.26848805165749,35.53825003719459,36.07375717163086,172800,0.0,0.0
2017-06-16 00:00:00-04:00,35.73298263549805,36.07375890629446,35.63561533371137,35.73298263549805,407500,0.0,0.0
2017-06-19 00:00:00-04:00,36.02508654400227,36.219817484374175,35.635624663258476,35.9277229309082,175500,0.0,0.0
2017-06-20 00:00:00-04:00,35.83035178101717,35.83035178101717,34.71065549315676,34.8567008972168,157600,0.0,0.0
2017-06-21 00:00:00-04:00,34.856700856733646,35.58693901873582,34.808019055436844,35.392208099365234,226500,0.0,0.0
2017-06-22 00:00:00-04:00,35.58693696019004,35.83034966677709,34.808017041948105,35.051429748535156,108500,0.0,0.0
2017-06-23 00:00:00-04:00,35.05142390948925,35.44088566082325,34.66196215815525,35.24615478515625,268600,0.0,0.0
2017-06-26 00:00:00-04:00,35.48956745119437,35.90823753391454,35.100105699860364,35.24615478515625,181100,0.0,0.0
2017-06-27 00:00:00-04:00,35.19748664790044,35.19748664790044,34.51593017578125,34.51593017578125,270200,0.0,0.0
2017-06-28 00:00:00-04:00,34.74036995878195,34.91602382008888,34.05727574545973,34.1060676574707,341600,0.08,0.0
2017-06-29 00:00:00-04:00,34.1060676574707,34.35003094010986,33.520553545586175,34.1060676574707,251100,0.0,0.0
2017-06-30 00:00:00-04:00,34.203649497069826,34.496404674734926,33.47175969161505,34.25244140625,303200,0.0,0.0
2017-07-03 00:00:00-04:00,34.35003464636031,34.984337016110594,34.35003464636031,34.593997955322266,110800,0.0,0.0
2017-07-05 00:00:00-04:00,34.5451983433819,34.98432922363281,33.66692913771239,34.98432922363281,238500,0.0,0.0
2017-07-06 00:00:00-04:00,34.4964027827348,35.081916828535775,34.20364762112624,34.39881896972656,212000,0.0,0.0
2017-07-07 00:00:00-04:00,34.78916711106423,35.96018794075086,34.64278764606119,35.91139602661133,268300,0.0,0.0
2017-07-10 00:00:00-04:00,35.6186408420684,36.37980512637051,35.3258856344587,35.716224670410156,245800,0.0,0.0
2017-07-11 00:00:00-04:00,35.66742519266322,35.911388434367595,35.228290613078606,35.32587814331055,207800,0.0,0.0
2017-07-12 00:00:00-04:00,35.61863703341098,36.39931874442099,35.37467376605885,36.106563568115234,366200,0.0,0.0
2017-07-13 00:00:00-04:00,36.057773602805675,36.213909953423986,35.599121444233774,35.86260223388672,165300,0.0,0.0
2017-07-14 00:00:00-04:00,35.813810335073015,36.10656552726371,35.5698470544834,35.66743087768555,159200,0.0,0.0
2017-07-17 00:00:00-04:00,35.81380464372096,36.98482894897461,35.56984140190077,36.98482894897461,247000,0.0,0.0
2017-07-18 00:00:00-04:00,36.78966713069413,36.88725096363953,36.39932435374328,36.643287658691406,273800,0.0,0.0
2017-07-19 00:00:00-04:00,36.54569436918153,37.08241275666923,36.35052303120865,36.98482894897461,141300,0.0,0.0
2017-07-20 00:00:00-04:00,36.93603899935154,37.277589823943934,36.54569998599707,37.228797912597656,268900,0.0,0.0
2017-07-21 00:00:00-04:00,37.472755432614996,37.472755432614996,36.78965761100173,36.98482894897461,271600,0.0,0.0
2017-07-24 00:00:00-04:00,37.08241275666923,37.20927468473915,36.69207008072346,36.98482894897461,265200,0.0,0.0
2017-07-25 00:00:00-04:00,37.27758407617207,37.27758407617207,36.69207006254353,36.78965759277344,215200,0.0,0.0
2017-07-26 00:00:00-04:00,36.78965759277344,36.838449496596574,36.15535167532176,36.78965759277344,189700,0.0,0.0
2017-07-27 00:00:00-04:00,36.49690244827486,36.49690244827486,34.6915722260991,34.83795166015625,419500,0.0,0.0
2017-07-28 00:00:00-04:00,38.69257960967438,38.69257960967438,36.25294668907913,36.69207763671875,612500,0.0,0.0
2017-07-31 00:00:00-04:00,36.49691024649177,36.69207790349084,35.13071431199165,35.6186408996582,571300,0.0,0.0
2017-08-01 00:00:00-04:00,35.86259840292734,36.32125051250453,35.27708808130083,35.47225570678711,221000,0.0,0.0
2017-08-02 00:00:00-04:00,35.47226343381349,35.667434824398356,34.59399776005857,35.179508209228516,181900,0.0,0.0
2017-08-03 00:00:00-04:00,35.22829247825391,35.71621898749613,34.867227903738154,34.98432922363281,116200,0.0,0.0
2017-08-04 00:00:00-04:00,35.17950425268502,36.00898163873546,35.0819204296599,35.96018600463867,198000,0.0,0.0
2017-08-07 00:00:00-04:00,36.05777551477517,36.10656742894605,35.423469462800455,35.716224670410156,301000,0.0,0.0
2017-08-08 00:00:00-04:00,35.569849008887395,35.76502038859973,35.0331305066168,35.42346954345703,288500,0.0,0.0
2017-08-09 00:00:00-04:00,35.228294316613955,36.15535547706885,35.13071049870672,36.106563568115234,372800,0.0,0.0
2017-08-10 00:00:00-04:00,36.838455125397324,37.81430824130189,36.350528567445046,37.32638168334961,415200,0.0,0.0
2017-08-11 00:00:00-04:00,37.423959788152104,37.47275541455955,35.37467004688335,35.813804626464844,457200,0.0,0.0
2017-08-14 00:00:00-04:00,36.204147433433334,36.35052688306992,35.61863708005509,36.00897979736328,265100,0.0,0.0
2017-08-15 00:00:00-04:00,36.10656559385102,36.39932078658161,35.257574418157034,35.37467575073242,185700,0.0,0.0
2017-08-16 00:00:00-04:00,35.42346380041554,35.81380649655577,35.22829245234543,35.47225570678711,159800,0.0,0.0
2017-08-17 00:00:00-04:00,35.32588619226808,35.569849489559175,33.32538789899796,33.56935119628906,433200,0.0,0.0
2017-08-18 00:00:00-04:00,33.081424543604534,33.79379692373323,32.739873694446175,33.666934967041016,334000,0.0,0.0
2017-08-21 00:00:00-04:00,33.618139239351635,33.910894417866764,33.276588428930594,33.86210250854492,178100,0.0,0.0
2017-08-22 00:00:00-04:00,34.350029162312865,34.3988210717986,32.78866200068078,32.88624954223633,319300,0.0,0.0
2017-08-23 00:00:00-04:00,32.5447027371957,32.856975463448705,31.910400390625,31.910400390625,337500,0.0,0.0
2017-08-24 00:00:00-04:00,31.959184627781354,32.154355965444836,30.983331662047572,31.276086807250977,273300,0.0,0.0
2017-08-25 00:00:00-04:00,31.52005729018904,33.47176367004699,31.47126537520949,33.37417984008789,397100,0.0,0.0
2017-08-28 00:00:00-04:00,33.66693887870269,33.7157307992273,33.17901222828671,33.27659606933594,384500,0.0,0.0
2017-08-29 00:00:00-04:00,32.7886656093018,33.71572688189664,32.300739015576575,33.666934967041016,404900,0.0,0.0
2017-08-30 00:00:00-04:00,33.47176178405427,33.71572506779022,32.98383521658239,33.32538604736328,313600,0.0,0.0
2017-08-31 00:00:00-04:00,33.52055169812388,34.350029046931496,33.52055169812388,33.86210250854492,362200,0.0,0.0
2017-09-01 00:00:00-04:00,34.00847591524728,34.691573766880154,33.90113521109944,34.52568054199219,222500,0.0,0.0
2017-09-05 00:00:00-04:00,34.39882090432303,34.750128607044466,34.06703070981769,34.15485763549805,292200,0.0,0.0
2017-09-06 00:00:00-04:00,33.61813908430122,35.22829442000026,32.98383309829054,35.13071060180664,367200,0.0,0.0
2017-09-07 00:00:00-04:00,35.08191490160617,35.472253854782984,34.83795165990179,35.32587814331055,309900,0.0,0.0
2017-09-08 00:00:00-04:00,35.27709369762847,36.00898357747484,35.08192231848589,35.91139602661133,280300,0.0,0.0
2017-09-11 00:00:00-04:00,36.1065635172526,36.88724522716288,35.999219084155435,36.59449005126953,201800,0.0,0.0
2017-09-12 00:00:00-04:00,36.74087499644106,37.794794531825886,36.448116054170946,37.71672821044922,330500,0.0,0.0
2017-09-13 00:00:00-04:00,37.47275168681812,38.59498025346223,37.17999284783131,38.54618835449219,454600,0.0,0.0
2017-09-14 00:00:00-04:00,38.351024675452024,38.351024675452024,36.204147189868266,38.05826950073242,220200,0.0,0.0
2017-09-15 00:00:00-04:00,37.81430614057965,38.838951110839844,37.76551423201183,38.838951110839844,636000,0.0,0.0
2017-09-18 00:00:00-04:00,39.03412053891148,39.27808379227968,38.351022684963766,39.08291244506836,438500,0.0,0.0
2017-09-19 00:00:00-04:00,39.2780818939209,40.351518667826895,39.03411865234375,40.009971618652344,563700,0.0,0.0
2017-09-20 00:00:00-04:00,39.86359955178969,41.668930106650535,39.658671284412556,41.08341598510742,515900,0.0,0.0
2017-09-21 00:00:00-04:00,41.229787807917035,41.259062205666304,40.15635103449584,40.790653228759766,344800,0.0,0.0
2017-09-22 00:00:00-04:00,40.839454538719544,41.71772389931793,40.44911549601932,41.3273811340332,354100,0.0,0.0
2017-09-25 00:00:00-04:00,40.93704017763687,42.20564852163147,40.88824826490329,41.86410140991211,472700,0.0,0.0
2017-09-26 00:00:00-04:00,41.96167758777539,42.59598350546127,41.77626686414556,42.352020263671875,433400,0.0,0.0
2017-09-27 00:00:00-04:00,42.595987254886445,43.81580357120526,42.35202399162269,43.327877044677734,496400,0.0,0.0
2017-09-28 00:00:00-04:00,43.063920415957796,43.65049138673156,42.428473192582345,42.8683967590332,414200,0.08,0.0
2017-09-29 00:00:00-04:00,42.67287845635568,43.74825301643483,42.60444573322175,42.91728210449219,611600,0.0,0.0
2017-10-02 00:00:00-04:00,43.112811924264406,44.481474159350874,43.01505193431733,44.18819046020508,561700,0.0,0.0
2017-10-03 00:00:00-04:00,44.04153667136256,46.53445313779748,43.992656687570445,45.89900588989258,470800,0.0,0.0
2017-10-04 00:00:00-04:00,45.850128815395955,46.14341246606187,45.31243777165384,45.75236511230469,695000,0.0,0.0
2017-10-05 00:00:00-04:00,45.75235413776074,45.801234112929635,45.11690700195894,45.41019058227539,300300,0.0,0.0
2017-10-06 00:00:00-04:00,45.36131483328209,45.55683475217368,44.8725075774463,45.06802749633789,392500,0.0,0.0
2017-10-09 00:00:00-04:00,45.0680261622802,45.43952070992375,44.970266205728194,45.2635498046875,243100,0.0,0.0
2017-10-10 00:00:00-04:00,45.16579169144535,45.94788256369002,44.579220740284256,44.72586441040039,340300,0.0,0.0
2017-10-11 00:00:00-04:00,44.82362457871584,45.01914823000919,44.33481731513419,44.97026824951172,385400,0.0,0.0
2017-10-12 00:00:00-04:00,44.77474256332089,45.556833403646806,44.530338942637584,45.2635498046875,522000,0.0,0.0
2017-10-13 00:00:00-04:00,45.60572052001953,45.80124044773765,45.31243316983521,45.60572052001953,261400,0.0,0.0
2017-10-16 00:00:00-04:00,45.654593470172934,45.654593470172934,44.13929188792467,44.676979064941406,371200,0.0,0.0
2017-10-17 00:00:00-04:00,44.87250778658933,45.94788226271883,44.87250778658933,45.31243133544922,366800,0.0,0.0
2017-10-18 00:00:00-04:00,45.70348394264613,45.70348394264613,44.82362928411429,45.11691665649414,190700,0.0,0.0
2017-10-19 00:00:00-04:00,44.725863269805515,45.16579053963149,43.60160510572841,44.334815979003906,226800,0.0,0.0
2017-10-20 00:00:00-04:00,44.87251299904683,45.410200299570135,44.7747492984856,45.11691665649414,246100,0.0,0.0
2017-10-23 00:00:00-04:00,44.970271105206876,45.116914785314904,43.65049290144946,43.748252868652344,267400,0.0,0.0
2017-10-24 00:00:00-04:00,43.846023036781176,44.481474159350874,43.35721562843666,44.18819046020508,433000,0.0,0.0
2017-10-25 00:00:00-04:00,43.74824612232056,43.89488977981495,41.89077719747285,42.23294448852539,538900,0.0,0.0
2017-10-26 00:00:00-04:00,43.894891553469705,47.36542220447334,43.513618774438875,45.01914596557617,759200,0.0,0.0
2017-10-27 00:00:00-04:00,45.068024870050394,45.65459578045363,44.09041041534819,44.62810134887695,370200,0.0,0.0
2017-10-30 00:00:00-04:00,44.38369618651629,45.70347416259184,44.13929258136874,45.41019058227539,406600,0.0,0.0
2017-10-31 00:00:00-04:00,45.801239220381376,46.58333382751,45.36131566550086,46.0456428527832,369800,0.0,0.0
2017-11-01 00:00:00-04:00,46.53444854932415,46.63221223657222,45.41019411574645,45.996761322021484,265100,0.0,0.0
2017-11-02 00:00:00-04:00,45.8501234396372,46.24116701824201,45.459076131728885,45.7034797668457,246800,0.0,0.0
2017-11-03 00:00:00-04:00,45.6545989527612,45.75235891330299,44.5889989739205,44.72586441040039,341200,0.0,0.0
2017-11-06 00:00:00-05:00,44.970276528216424,46.436698588919135,44.970276528216424,45.94789123535156,375400,0.0,0.0
2017-11-07 00:00:00-05:00,46.14340297672841,46.14340297672841,45.1657885226846,45.45907211303711,273300,0.0,0.0
2017-11-08 00:00:00-05:00,45.459081840365165,45.459081840365165,44.755198089459654,45.16579818725586,268600,0.0,0.0
2017-11-09 00:00:00-05:00,44.67698217086666,45.361313047963726,44.530338508166125,44.774742126464844,147300,0.0,0.0
2017-11-10 00:00:00-05:00,44.77474150444499,45.312428711371865,44.72586152732495,44.87250518798828,346200,0.0,0.0
2017-11-13 00:00:00-05:00,44.9702666975606,45.116910363295716,44.6281031165831,44.92138671875,256100,0.0,0.0
2017-11-14 00:00:00-05:00,44.87250669980366,46.681092019301325,44.7258630341997,46.58333206176758,408800,0.0,0.0
2017-11-15 00:00:00-05:00,46.24116356640017,47.36542169573457,45.88922176141538,47.02325439453125,356800,0.0,0.0
2017-11-16 00:00:00-05:00,47.26765559267174,48.734077218868,47.26765559267174,48.48967361450195,343900,0.0,0.0
2017-11-17 00:00:00-05:00,48.34304410304316,49.27177874555355,47.80535680347521,49.174015045166016,241500,0.0,0.0
2017-11-20 00:00:00-05:00,49.12513082189439,49.85834172968386,48.88072718596457,49.516178131103516,270200,0.0,0.0
2017-11-21 00:00:00-05:00,49.71169488554837,50.44490574657005,49.46729126520781,50.249385833740234,294400,0.0,0.0
2017-11-22 00:00:00-05:00,50.5426685346336,50.68930846665158,49.17400679331304,49.27177047729492,204500,0.0,0.0
2017-11-24 00:00:00-05:00,49.22289713269856,49.22289713269856,48.34304616746115,48.880733489990234,174500,0.0,0.0
2017-11-27 00:00:00-05:00,48.9296063480162,48.9296063480162,48.206173686187,48.5385627746582,376300,0.0,0.0
2017-11-28 00:00:00-05:00,48.636320630566466,49.8583387368621,48.14751338804821,49.66281509399414,247000,0.0,0.0
2017-11-29 00:00:00-05:00,49.80946470325443,50.73819932074469,49.80946470325443,50.44491195678711,244900,0.0,0.0
2017-11-30 00:00:00-05:00,50.64043445943484,51.76469271729704,50.15162716980844,50.88483810424805,298200,0.0,0.0
2017-12-01 00:00:00-05:00,50.78707324350745,51.37364044280804,48.92960423021675,49.66281509399414,369800,0.0,0.0
2017-12-04 00:00:00-05:00,50.493793923257854,51.76469211565458,49.95610292747527,50.15162658691406,208100,0.0,0.0
2017-12-05 00:00:00-05:00,50.151619429792156,50.83595027551548,49.467288584068825,49.80945587158203,258400,0.0,0.0
2017-12-06 00:00:00-05:00,49.56505495092601,50.34714579015514,49.1740076666598,50.249385833740234,193500,0.0,0.0
2017-12-07 00:00:00-05:00,50.00498620782155,51.03148074938811,49.93655348700402,50.49379348754883,267700,0.0,0.0
2017-12-08 00:00:00-05:00,50.835960751488095,52.253502710611514,50.68931706529111,51.32476806640625,324900,0.0,0.0
2017-12-11 00:00:00-05:00,51.52029191813392,52.69343022389466,51.324768245623154,52.64454650878906,321900,0.0,0.0
2017-12-12 00:00:00-05:00,52.69342495373022,52.96715583028562,51.6669267080405,51.76469039916992,326300,0.0,0.0
2017-12-13 00:00:00-05:00,51.813575381324405,51.98954631303925,51.03148442331613,51.32476806640625,238400,0.0,0.0
2017-12-14 00:00:00-05:00,51.5202884318135,51.862452038575604,50.591553847211685,50.982601165771484,299000,0.0,0.0
2017-12-15 00:00:00-05:00,50.88483786165671,52.2046197749382,49.36953601689973,51.47140884399414,708400,0.0,0.0
2017-12-18 00:00:00-05:00,52.00909825700677,53.50484742438244,51.91133455793737,53.32887649536133,217100,0.0,0.0
2017-12-19 00:00:00-05:00,53.62215491218596,53.62215491218596,50.24938780276672,50.78707504272461,464700,0.0,0.0
2017-12-20 00:00:00-05:00,51.32476270146893,51.76468998477078,50.98259910851385,51.275882720947266,176100,0.0,0.0
2017-12-21 00:00:00-05:00,51.71581161465977,53.37775337996918,51.402975254415395,53.23111343383789,291200,0.0,0.0
2017-12-22 00:00:00-05:00,53.377752044371846,53.377752044371846,52.54678118250937,52.59566116333008,146100,0.0,0.0
2017-12-26 00:00:00-05:00,52.64454650878906,52.937833882207144,52.351262864674844,52.64454650878906,99700,0.0,0.0
2017-12-27 00:00:00-05:00,52.49790099540815,53.182231912119555,52.106853691772066,52.35125732421875,107100,0.0,0.0
2017-12-28 00:00:00-05:00,52.38062847566258,52.919120170959154,51.94004300318976,52.47853469848633,111200,0.08,0.0
2017-12-29 00:00:00-05:00,52.576446980649045,53.01703247260058,51.9400452995098,51.98899841308594,169600,0.0,0.0
2018-01-02 00:00:00-05:00,51.98899661683596,52.184812799258104,51.626739107028975,51.891090393066406,361000,0.0,0.0
2018-01-03 00:00:00-05:00,51.8910976787827,51.94005079754069,50.17771237806818,50.22666549682617,255700,0.0,0.0
2018-01-04 00:00:00-05:00,50.226664438791644,50.765156203553204,49.864406885753276,50.37352752685547,315000,0.0,0.0
2018-01-05 00:00:00-05:00,50.47143114858156,50.8043175607216,49.54130702040645,50.030845642089844,277100,0.0,0.0
2018-01-08 00:00:00-05:00,49.835027432748596,50.22665604399016,48.3174548926786,48.904903411865234,549300,0.0,0.0
2018-01-09 00:00:00-05:00,49.100722041856834,49.1986282658456,48.02373490356521,48.21955108642578,405400,0.0,0.0
2018-01-10 00:00:00-05:00,48.26850489441568,49.88398375770557,48.02373559603134,49.688167572021484,348800,0.0,0.0
2018-01-11 00:00:00-05:00,49.883987299756896,52.47853980592929,49.83503418358069,52.1358642578125,325600,0.0,0.0
2018-01-12 00:00:00-05:00,52.42959099889629,53.996116989469755,52.38063787869667,53.60448455810547,341200,0.0,0.0
2018-01-16 00:00:00-05:00,54.09401613257565,54.75978893761339,53.702383752594685,54.04506301879883,485500,0.0,0.0
2018-01-17 00:00:00-05:00,54.33878644307455,54.38773955775832,52.77226436389416,52.87017059326172,215900,0.0,0.0
2018-01-18 00:00:00-05:00,52.77226923201287,53.16389792049317,52.51770703636126,52.72331237792969,282300,0.0,0.0
2018-01-19 00:00:00-05:00,53.01703351875868,53.75134144153992,52.7233073617396,53.06598663330078,271600,0.0,0.0
2018-01-22 00:00:00-05:00,52.96806982666285,53.408655270391286,52.52748811781716,53.31074905395508,137900,0.0,0.0
2018-01-23 00:00:00-05:00,53.35970851953476,54.04506332089075,52.8701699092638,53.6534309387207,305100,0.0,0.0
2018-01-24 00:00:00-05:00,53.604478413163264,54.43669256580703,52.919123604283165,54.094017028808594,390000,0.0,0.0
2018-01-25 00:00:00-05:00,54.09401713477241,54.28983332839076,52.28272574728989,52.87017059326172,419000,0.0,0.0
2018-01-26 00:00:00-05:00,52.919121110432094,53.99610825502797,52.576445589582484,53.751338958740234,402900,0.0,0.0
2018-01-29 00:00:00-05:00,53.75134210965015,55.93468391233855,53.359709718679014,55.5626335144043,386700,0.0,0.0
2018-01-30 00:00:00-05:00,55.317863022242996,56.15007716667745,54.53460199191355,54.681461334228516,300000,0.0,0.0
2018-01-31 00:00:00-05:00,54.92623267522408,55.80740370130325,54.53460401298704,54.58355712890625,241800,0.0,0.0
2018-02-01 00:00:00-05:00,54.5345995524603,55.46472361838142,54.045060963542134,55.36681365966797,340500,0.0,0.0
2018-02-02 00:00:00-05:00,56.78647840261476,56.78647840261476,52.821216433546745,53.017032623291016,361300,0.0,0.0
2018-02-05 00:00:00-05:00,52.77226503210505,53.11494057411375,50.71620057540292,51.05887985229492,345300,0.0,0.0
2018-02-06 00:00:00-05:00,49.44340208931372,52.282727663643506,49.19863277203989,51.744232177734375,303100,0.0,0.0
2018-02-07 00:00:00-05:00,51.597369916249015,53.065985737006294,51.166573551834986,53.017032623291016,291200,0.0,0.0
2018-02-08 00:00:00-05:00,53.310754736573884,53.310754736573884,52.13586133968878,52.184814453125,281600,0.0,0.0
2018-02-09 00:00:00-05:00,52.527493567939274,53.01703217067912,50.3735229689073,52.38063049316406,294500,0.0,0.0
2018-02-12 00:00:00-05:00,52.52749321056143,54.58355383412687,52.38063013678543,53.99610900878906,261500,0.0,0.0
2018-02-13 00:00:00-05:00,53.65342873703937,55.415766914720216,53.50656940091441,55.170997619628906,221900,0.0,0.0
2018-02-14 00:00:00-05:00,54.632508506355244,55.90530815416948,54.074434785891434,55.51367950439453,227700,0.0,0.0
2018-02-15 00:00:00-05:00,55.954262170964306,56.93333934816485,55.122044329414024,56.590660095214844,217000,0.0,0.0
2018-02-16 00:00:00-05:00,56.29694251331943,56.83543425994842,55.366818368296606,55.415771484375,154000,0.0,0.0
2018-02-20 00:00:00-05:00,54.82832515474004,55.61158619568825,53.99611099902318,54.926231384277344,137100,0.0,0.0
2018-02-21 00:00:00-05:00,54.436687959171834,56.24798292471096,54.436687959171834,55.073089599609375,230600,0.0,0.0
2018-02-22 00:00:00-05:00,55.0241413486979,55.807402389646114,54.779372039971385,54.926231384277344,170600,0.0,0.0
2018-02-23 00:00:00-05:00,55.12204450758725,55.56262998572822,54.73041587637098,55.170997619628906,167100,0.0,0.0
2018-02-26 00:00:00-05:00,55.268914305867845,56.86481134988133,55.268914305867845,56.150081634521484,294400,0.0,0.0
2018-02-27 00:00:00-05:00,56.24798789233049,57.32497135677387,54.87727826950869,54.926231384277344,202400,0.0,0.0
2018-02-28 00:00:00-05:00,55.07309365548313,55.513679151703634,53.555524710619785,53.6534309387207,249000,0.0,0.0
2018-03-01 00:00:00-05:00,53.60447663530845,54.87727624679577,53.163891148863534,53.99610900878906,228700,0.0,0.0
2018-03-02 00:00:00-05:00,53.506578317706236,53.75134765358799,52.38063787869667,53.60448455810547,247600,0.0,0.0
2018-03-05 00:00:00-05:00,53.114939647637556,54.4366924121969,52.87017034050558,54.289833068847656,258600,0.0,0.0
2018-03-06 00:00:00-05:00,54.43669276682431,55.26891065742442,54.2408803077497,54.926231384277344,268300,0.0,0.0
2018-03-07 00:00:00-05:00,54.38774061669163,55.171001671531975,54.38774061669163,54.975189208984375,230400,0.0,0.0
2018-03-08 00:00:00-05:00,54.97518651680299,56.24798613544888,54.82832344220098,55.856353759765625,155700,0.0,0.0
2018-03-09 00:00:00-05:00,56.15007358876716,56.98229141505548,55.954261144824464,56.73752212524414,164700,0.0,0.0
2018-03-12 00:00:00-04:00,57.03124984295782,57.7166046653005,56.54171121769638,57.22706604003906,165500,0.0,0.0
2018-03-13 00:00:00-04:00,57.031248117536855,58.157188415527344,56.5417095070859,58.157188415527344,298000,0.0,0.0
2018-03-14 00:00:00-04:00,58.35299966206305,58.666304067465774,57.22706312229798,57.27601623535156,172300,0.0,0.0
2018-03-15 00:00:00-04:00,57.47183609008789,57.52078920626549,56.39484885976397,57.47183609008789,133500,0.0,0.0
2018-03-16 00:00:00-04:00,57.471838405605325,59.38103989251943,57.42288528745542,59.038360595703125,457500,0.0,0.0
2018-03-19 00:00:00-04:00,58.74463211872645,58.94044830609883,57.47183250313066,58.304046630859375,164500,0.0,0.0
2018-03-20 00:00:00-04:00,58.59777069091797,59.08730930566209,58.255095154550375,58.59777069091797,180800,0.0,0.0
2018-03-21 00:00:00-04:00,58.30404625164685,58.35299936445077,56.63961427213186,57.66764831542969,154400,0.0,0.0
2018-03-22 00:00:00-04:00,57.32497364724468,57.520789849026556,55.61158841769921,55.66054153442383,269800,0.0,0.0
2018-03-23 00:00:00-04:00,55.95426752642459,55.95426752642459,53.55552746571992,53.800296783447266,301600,0.0,0.0
2018-03-26 00:00:00-04:00,54.534605067491945,54.73042126983852,52.77226671613959,54.43669509887695,488500,0.0,0.0
2018-03-27 00:00:00-04:00,54.730416588520846,54.97518588679709,52.96807465302543,53.16389083862305,168400,0.0,0.0
2018-03-28 00:00:00-04:00,53.0658009483593,53.60528991857677,52.5263157199158,52.918670654296875,166400,0.1,0.0
2018-03-29 00:00:00-04:00,52.96771433864722,54.14477540563862,52.4772725392153,53.360069274902344,339500,0.0,0.0
2018-04-02 00:00:00-04:00,53.26197643201772,53.340448912681126,51.30020931671855,51.741607666015625,205900,0.0,0.0
2018-04-03 00:00:00-04:00,52.18300631356657,53.997639408880374,52.18300631356657,53.752418518066406,230600,0.0,0.0
2018-04-04 00:00:00-04:00,52.72249642866602,54.58617686890064,52.47727551504432,54.38999938964844,153000,0.0,0.0
2018-04-05 00:00:00-04:00,54.9785270690918,55.174704544716725,54.53712868437924,54.9785270690918,167100,0.0,0.0
2018-04-06 00:00:00-04:00,54.635220813537046,55.37088356127289,53.11485188323781,53.7033805847168,243600,0.0,0.0
2018-04-09 00:00:00-04:00,54.09573658779539,54.50770593840295,53.11485290527344,53.11485290527344,139600,0.0,0.0
2018-04-10 00:00:00-04:00,53.89955820400998,53.94860163896328,51.839700260003205,52.133968353271484,327700,0.0,0.0
2018-04-11 00:00:00-04:00,51.986826410068076,52.28109071686467,51.398297796474886,51.692562103271484,255900,0.0,0.0
2018-04-12 00:00:00-04:00,52.183011212597485,53.36007234736381,51.01575726800394,52.82058334350586,388700,0.0,0.0
2018-04-13 00:00:00-04:00,53.261983212587154,53.850515667164906,53.01676229195667,53.11485290527344,305800,0.0,0.0
2018-04-16 00:00:00-04:00,53.45815707573303,54.831395634938545,53.26197960416452,54.3409538269043,199000,0.0,0.0
2018-04-17 00:00:00-04:00,54.8804430613196,55.02757336937288,54.193823731748026,54.782352447509766,181200,0.0,0.0
2018-04-18 00:00:00-04:00,55.027565998381135,56.79315939271219,55.027565998381135,56.00844955444336,234800,0.0,0.0
2018-04-19 00:00:00-04:00,55.812277971352444,55.8613214026766,54.929481240421794,55.272789001464844,97800,0.0,0.0
2018-04-20 00:00:00-04:00,54.97852467174595,55.66514393560601,54.97852467174595,55.272789001464844,122400,0.0,0.0
2018-04-23 00:00:00-04:00,55.665147044452006,56.05750200050583,54.7333068301548,55.51801300048828,153300,0.0,0.0
2018-04-24 00:00:00-04:00,55.66514739212645,55.86132487137865,53.70338008315283,54.38999938964844,237300,0.0,0.0
2018-04-25 00:00:00-04:00,54.58617448278031,54.58617448278031,53.55624369717107,53.89955520629883,131200,0.0,0.0
2018-04-26 00:00:00-04:00,53.65433871568293,53.65433871568293,51.93779225420534,52.4282341003418,222300,0.0,0.0
2018-04-27 00:00:00-04:00,54.58617832060197,57.38169531352555,52.96771875094666,56.69507598876953,429500,0.0,0.0
2018-04-30 00:00:00-04:00,56.7441151809989,57.479777886414304,55.02756886836295,55.812278747558594,420200,0.0,0.0
2018-05-01 00:00:00-04:00,55.616100295596674,57.33264657791896,54.92948103431297,57.18551254272461,400200,0.0,0.0
2018-05-02 00:00:00-04:00,57.18551040929093,57.67595218594312,56.74411206194919,57.13646697998047,386900,0.0,0.0
2018-05-03 00:00:00-04:00,56.98934149069323,57.0383886691277,55.22375157850894,55.321842193603516,338500,0.0,0.0
2018-05-04 00:00:00-04:00,55.223747493187375,56.05750082182752,52.47727408388113,55.66514587402344,515200,0.0,0.0
2018-05-07 00:00:00-04:00,55.66514956843746,55.66514956843746,54.095737156609744,54.43904495239258,237000,0.0,0.0
2018-05-08 00:00:00-04:00,54.43903900146484,55.37087915615101,54.43903900146484,55.17470169067383,347100,0.0,0.0
2018-05-09 00:00:00-04:00,55.17470072575205,56.057497434073625,54.97852326370571,55.76322937011719,214500,0.0,0.0
2018-05-10 00:00:00-04:00,55.91036483400075,56.00845169664907,55.12565870749238,55.272789001464844,301600,0.0,0.0
2018-05-11 00:00:00-04:00,55.272789001464844,55.76323079825433,55.07661527616822,55.272789001464844,118000,0.0,0.0
2018-05-14 00:00:00-04:00,55.32183834759189,55.61610268886942,54.19382067395823,54.53712844848633,164300,0.0,0.0
2018-05-15 00:00:00-04:00,54.24286179630071,55.07661509313646,54.09573150281719,54.83139419555664,145700,0.0,0.0
2018-05-16 00:00:00-04:00,54.9294814779886,56.842205242094785,54.83139461491607,56.49889373779297,162000,0.0,0.0
2018-05-17 00:00:00-04:00,56.59698362936458,57.43073318029553,55.665143474823324,56.74411392211914,150300,0.0,0.0
2018-05-18 00:00:00-04:00,56.89124919697979,56.89124919697979,55.429730976400954,56.59698486328125,152000,0.0,0.0
2018-05-21 00:00:00-04:00,56.84220574379542,57.67595531259271,56.253673334843796,57.381690979003906,154300,0.0,0.0
2018-05-22 00:00:00-04:00,57.43073686314587,57.823091819199696,55.468969566425095,55.51801300048828,164900,0.0,0.0
2018-05-23 00:00:00-04:00,55.37088178084246,55.41992521409303,54.14477724070766,54.53712844848633,144800,0.0,0.0
2018-05-24 00:00:00-04:00,54.68426455368642,56.20463349247442,54.586177683483676,56.15559005737305,168000,0.0,0.0
2018-05-25 00:00:00-04:00,56.30272165377971,57.548440566584354,55.88094139507297,57.23455810546875,231400,0.0,0.0
2018-05-29 00:00:00-04:00,56.94029669028372,57.13647417399996,56.00845644896235,56.25367736816406,198200,0.0,0.0
2018-05-30 00:00:00-04:00,56.59698362936458,56.989334818484004,56.33214461227766,56.74411392211914,165800,0.0,0.0
2018-05-31 00:00:00-04:00,56.79316280861212,57.52882551990619,55.76323201938118,55.91036605834961,202000,0.0,0.0
2018-06-01 00:00:00-04:00,56.2536803134925,56.44985780748019,55.81228562923831,56.0575065612793,165900,0.0,0.0
2018-06-04 00:00:00-04:00,56.155586491846435,56.940292628967214,56.155586491846435,56.59698486328125,226600,0.0,0.0
2018-06-05 00:00:00-04:00,56.59698486328125,56.89124919697979,55.61610125643677,56.59698486328125,122500,0.0,0.0
2018-06-06 00:00:00-04:00,56.596988900111036,56.7441192065675,55.87113333289327,56.25367736816406,123800,0.0,0.0
2018-06-07 00:00:00-04:00,56.253675047992644,56.508706888837295,54.83139676870369,54.9785270690918,254900,0.0,0.0
2018-06-08 00:00:00-04:00,54.831397551064256,54.929484419389205,53.163894597120816,53.94860076904297,265100,0.0,0.0
2018-06-11 00:00:00-04:00,54.046686391549244,55.76323274008741,54.046686391549244,55.66514587402344,171400,0.0,0.0
2018-06-12 00:00:00-04:00,55.61610247961373,55.812279953652,53.99764299601561,54.88043975830078,230400,0.0,0.0
2018-06-13 00:00:00-04:00,54.88043638471118,55.12565727674137,54.09573027856935,54.193817138671875,118000,0.0,0.0
2018-06-14 00:00:00-04:00,54.43903900146484,55.3218357252252,54.34095213961322,55.17470169067383,104700,0.0,0.0
2018-06-15 00:00:00-04:00,54.8313965214775,56.106544494628906,54.34095470551357,56.106544494628906,306300,0.0,0.0
2018-06-18 00:00:00-04:00,55.81227563667207,56.05749652480899,54.8313920841244,55.567054748535156,114300,0.0,0.0
2018-06-19 00:00:00-04:00,55.22374326007918,55.763228465625645,54.645021814405105,55.567054748535156,134900,0.0,0.0
2018-06-20 00:00:00-04:00,55.665138313103064,56.793155828492125,55.233550922559786,56.44984436035156,150900,0.0,0.0
2018-06-21 00:00:00-04:00,56.400806630790235,56.400806630790235,55.07661527616822,55.272789001464844,185900,0.0,0.0
2018-06-22 00:00:00-04:00,55.37088178084246,55.86132359689638,53.99764319918184,54.53712844848633,372100,0.0,0.0
2018-06-25 00:00:00-04:00,54.193821957695604,54.38999943711902,51.996640923346845,52.82058334350586,254700,0.0,0.0
2018-06-26 00:00:00-04:00,52.62440554452411,52.77153583640612,51.54543136185313,51.59447479248047,265200,0.0,0.0
2018-06-27 00:00:00-04:00,51.545429196406964,53.45815284471005,50.71167968544667,50.76072311401367,177100,0.0,0.0
2018-06-28 00:00:00-04:00,50.71158970486745,50.71158970486745,49.4831112357668,50.12192153930664,172600,0.1,0.0
2018-06-29 00:00:00-04:00,50.318471542821115,51.69436497915676,50.26933316099095,51.00642013549805,234600,0.0,0.0
2018-07-02 00:00:00-04:00,50.66245186115642,52.52974065389341,50.42658609200112,52.4806022644043,231100,0.0,0.0
2018-07-03 00:00:00-04:00,52.13662434958888,52.38232003808743,50.564173442805625,50.7607307434082,136000,0.0,0.0
2018-07-05 00:00:00-04:00,51.055563872833496,52.18576176955292,50.61331089193519,52.13662338256836,156300,0.0,0.0
2018-07-06 00:00:00-04:00,51.98920215907084,52.952328677927305,51.79264488503483,52.82456588745117,178100,0.0,0.0
2018-07-09 00:00:00-04:00,52.97199016016723,53.85649235963371,52.87370963865858,53.80735397338867,131700,0.0,0.0
2018-07-10 00:00:00-04:00,53.90562547380551,54.00390598570214,52.775427704630744,53.41423416137695,179300,0.0,0.0
2018-07-11 00:00:00-04:00,53.21768420546332,53.21768420546332,51.94006370823171,52.67715072631836,121400,0.0,0.0
2018-07-12 00:00:00-04:00,53.315963614878086,53.807354984600465,52.38231926260184,52.87371063232422,166200,0.0,0.0
2018-07-13 00:00:00-04:00,52.873709705370956,54.49530269663337,52.637843951489714,53.95477294921875,123900,0.0,0.0
2018-07-16 00:00:00-04:00,53.954767503391764,54.05304426608647,52.922842750006474,53.11940002441406,159100,0.0,0.0
2018-07-17 00:00:00-04:00,53.07026812322137,54.49530385040789,53.07026812322137,53.61079788208008,105500,0.0,0.0
2018-07-18 00:00:00-04:00,54.05304741966351,55.183249001682015,54.00390903544931,54.79013442993164,126000,0.0,0.0
2018-07-19 00:00:00-04:00,54.5935797469066,55.18325163264585,53.95477322362897,55.13410949707031,146000,0.0,0.0
2018-07-20 00:00:00-04:00,54.9375558126485,55.42894717501917,54.249607155525844,54.54444122314453,91200,0.0,0.0
2018-07-23 00:00:00-04:00,54.298745608985385,54.790136971962625,53.80735424600814,54.69186019897461,136300,0.0,0.0
2018-07-24 00:00:00-04:00,54.74100095577657,55.18325395140954,53.512522495139834,54.00391387939453,379400,0.0,0.0
2018-07-25 00:00:00-04:00,54.00390910835792,55.08496855860332,53.905628590778434,54.93755340576172,108100,0.0,0.0
2018-07-26 00:00:00-04:00,54.93755758245223,56.853980958220234,54.8884154454172,56.559146881103516,191500,0.0,0.0
2018-07-27 00:00:00-04:00,58.32815456129828,61.37478332779132,57.492790725576846,59.55663299560547,568500,0.0,0.0
2018-07-30 00:00:00-04:00,59.458356030355795,59.94974740250749,58.524711673463834,58.6721305847168,169200,0.0,0.0
2018-07-31 00:00:00-04:00,58.96696344883268,59.11438235706219,58.50505436879755,58.86868667602539,402300,0.0,0.0
2018-08-01 00:00:00-04:00,58.770408630371094,59.21266162467448,57.83676425329032,58.770408630371094,224400,0.0,0.0
2018-08-02 00:00:00-04:00,58.42643737792969,58.67213307443148,58.1316032919313,58.42643737792969,211900,0.0,0.0
2018-08-03 00:00:00-04:00,58.42644114380737,58.91783256848359,57.98418811179495,58.279022216796875,186300,0.0,0.0
2018-08-06 00:00:00-04:00,58.328158112324665,58.7212727348433,58.229881331204446,58.524715423583984,167100,0.0,0.0
2018-08-07 00:00:00-04:00,58.72126915988404,59.90060920662268,58.279016173729715,59.55663299560547,214600,0.0,0.0
2018-08-08 00:00:00-04:00,59.60577392578125,60.49027613116905,59.45835501704065,59.60577392578125,133300,0.0,0.0
2018-08-09 00:00:00-04:00,59.50749710411222,59.80233119090919,58.96696732014796,59.16352462768555,114200,0.0,0.0
2018-08-10 00:00:00-04:00,58.91782614122708,59.11438343945924,58.0628062052886,58.22987747192383,124000,0.0,0.0
2018-08-13 00:00:00-04:00,58.18074157177145,58.86869027048361,57.49279287305929,57.98418426513672,124200,0.0,0.0
2018-08-14 00:00:00-04:00,58.22987778616116,59.80232868246691,58.18073939859261,59.55663299560547,102600,0.0,0.0
2018-08-15 00:00:00-04:00,59.45835501704065,60.09716528955844,59.21265933515206,59.60577392578125,119400,0.0,0.0
2018-08-16 00:00:00-04:00,59.94974784540936,61.27650306041341,59.65491376974387,60.441139221191406,216100,0.0,0.0
2018-08-17 00:00:00-04:00,60.29371507574592,60.588552874840076,59.409212925518496,60.04801940917969,95500,0.0,0.0
2018-08-20 00:00:00-04:00,60.53941479063669,60.932529383037924,58.77040662286834,60.78511047363281,351000,0.0,0.0
2018-08-21 00:00:00-04:00,61.22736040234058,64.20519448122361,60.686830676483275,63.1437873840332,447800,0.0,0.0
2018-08-22 00:00:00-04:00,63.0455141630177,63.29120984759841,62.01358928856382,62.25928497314453,237300,0.0,0.0
2018-08-23 00:00:00-04:00,62.210147738046025,62.603262340262354,61.374783894609706,61.620479583740234,124500,0.0,0.0
2018-08-24 00:00:00-04:00,61.57134273703332,62.996374770448256,61.227366514228606,62.89809799194336,99100,0.0,0.0
2018-08-27 00:00:00-04:00,63.045519371659445,63.586045423571385,62.30843225702127,62.35757064819336,147600,0.0,0.0
2018-08-28 00:00:00-04:00,62.406700516907705,63.586036740059726,62.406700516907705,63.43862533569336,89500,0.0,0.0
2018-08-29 00:00:00-04:00,63.684322357177734,64.66710506331914,63.389484546120514,63.684322357177734,183800,0.0,0.0
2018-08-30 00:00:00-04:00,63.684334932938505,63.733469579126,62.94724775777967,63.340354919433594,106000,0.0,0.0
2018-08-31 00:00:00-04:00,63.29121419005908,64.32313163727639,62.996376349118265,64.17572021484375,126900,0.0,0.0
2018-09-04 00:00:00-04:00,64.27398545223313,64.66710000353844,63.83172877025102,64.02828979492188,114800,0.0,0.0
2018-09-05 00:00:00-04:00,63.97915721010929,64.17571826410759,61.129089409471725,61.42392349243164,289500,0.0,0.0
2018-09-06 00:00:00-04:00,61.227367196276035,61.767896982111814,60.09716923480464,60.1954460144043,285000,0.0,0.0
2018-09-07 00:00:00-04:00,59.99888483600453,60.981667564682795,59.55663185829559,59.90060806274414,185300,0.0,0.0
2018-09-10 00:00:00-04:00,59.949744212082145,61.423918250084164,59.7040485390818,60.88338851928711,188500,0.0,0.0
2018-09-11 00:00:00-04:00,60.83425648430937,61.42392466145177,60.244584558148134,60.932533264160156,123300,0.0,0.0
2018-09-12 00:00:00-04:00,60.88339444810167,61.12909014502781,58.966967262274004,59.01610565185547,220200,0.0,0.0
2018-09-13 00:00:00-04:00,59.16352239396183,60.63769652130796,59.16352239396183,60.441139221191406,130000,0.0,0.0
2018-09-14 00:00:00-04:00,59.90061446689338,61.276508184732606,59.36008465813443,60.097171783447266,161000,0.0,0.0
2018-09-17 00:00:00-04:00,59.40921910761704,60.2445829612625,59.21266180410671,59.36008071899414,290300,0.0,0.0
2018-09-18 00:00:00-04:00,59.45835602924232,59.75319010272409,58.47557328495732,58.81954574584961,168400,0.0,0.0
2018-09-19 00:00:00-04:00,58.721268908278624,59.45835596570471,58.180739149303214,58.377296447753906,242000,0.0,0.0
2018-09-20 00:00:00-04:00,58.721268908278624,59.114383505179994,57.83676293975986,58.377296447753906,125900,0.0,0.0
2018-09-21 00:00:00-04:00,58.279018291532,58.62299451504897,57.78762689995244,57.83676528930664,643200,0.0,0.0
2018-09-24 00:00:00-04:00,57.83676248180299,57.83676248180299,55.77292023695909,56.75570297241211,332200,0.0,0.0
2018-09-25 00:00:00-04:00,56.85397696919849,56.85397696919849,55.72377912804556,56.11688995361328,332800,0.0,0.0
2018-09-26 00:00:00-04:00,56.116895374888294,58.524713941548704,56.06775698557253,57.39451599121094,379700,0.0,0.0
2018-09-27 00:00:00-04:00,57.68985113248945,59.1173311723211,57.68985113248945,58.2313117980957,200400,0.1,0.0
2018-09-28 00:00:00-04:00,58.08363668487402,59.26499953802905,57.59140247568018,57.985191345214844,479700,0.0,0.0
2018-10-01 00:00:00-04:00,58.16240594242935,58.16240594242935,54.66753945302669,55.44527053833008,333900,0.0,0.0
2018-10-02 00:00:00-04:00,55.34681553057071,55.38619141305619,53.850423088102225,54.11623001098633,265600,0.0,0.0
2018-10-03 00:00:00-04:00,54.204835671017214,55.39604162633958,53.94887176406166,54.4312629699707,238900,0.0,0.0
2018-10-04 00:00:00-04:00,53.939026429965466,54.60846526589121,53.6830625339326,54.037471771240234,549500,0.0,0.0
2018-10-05 00:00:00-04:00,54.27374755540808,54.29343737537229,52.26543098444818,52.29496383666992,237400,0.0,0.0
2018-10-08 00:00:00-04:00,52.22605182434315,52.58046107605679,51.369565303001316,52.04884719848633,155900,0.0,0.0
2018-10-09 00:00:00-04:00,52.03900195107771,52.43278707087076,51.487698276828596,51.86179733276367,267100,0.0,0.0
2018-10-10 00:00:00-04:00,51.77319446411399,51.970088899607276,50.0405316937609,50.070064544677734,385000,0.0,0.0
2018-10-11 00:00:00-04:00,50.10944120798155,51.20219793696922,49.26279781443804,49.371089935302734,304500,0.0,0.0
2018-10-12 00:00:00-04:00,50.68043711205377,50.788729246179294,49.02652975828937,49.69596862792969,213600,0.0,0.0
2018-10-15 00:00:00-04:00,49.60736797813527,50.34571936599507,49.469542986606676,49.853485107421875,160600,0.0,0.0
2018-10-16 00:00:00-04:00,50.25711251819311,51.300650404247605,49.558140835344346,51.17266845703125,234500,0.0,0.0
2018-10-17 00:00:00-04:00,51.536927994555846,52.0882317441905,50.59183907128177,51.76335906982422,294000,0.0,0.0
2018-10-18 00:00:00-04:00,51.57630325605682,52.25558891324314,49.499074154743646,49.558143615722656,171800,0.0,0.0
2018-10-19 00:00:00-04:00,49.55814268745261,50.21773475650859,49.08559827481941,50.188201904296875,217000,0.0,0.0
2018-10-22 00:00:00-04:00,50.326028017602894,51.02500349770444,49.735348427421926,50.24727249145508,173600,0.0,0.0
2018-10-23 00:00:00-04:00,49.499070896566,49.73534496948055,48.35708768095184,49.656585693359375,305700,0.0,0.0
2018-10-24 00:00:00-04:00,49.58767444825349,49.981463327838554,46.26017381310091,46.32908630371094,415200,0.0,0.0
2018-10-25 00:00:00-04:00,46.427530127293124,48.711496541102875,46.427530127293124,48.41615676879883,260200,0.0,0.0
2018-10-26 00:00:00-04:00,47.64827127757017,49.282488644442054,46.50628810259281,49.223419189453125,438100,0.0,0.0
2018-10-29 00:00:00-04:00,50.79856788845154,51.46800670023685,49.22341995216192,49.8731689453125,443700,0.0,0.0
2018-10-30 00:00:00-04:00,49.725500579006855,50.84779778513436,49.30218259352308,50.46385192871094,220100,0.0,0.0
2018-10-31 00:00:00-04:00,56.84321145541705,60.78108535933249,54.14576617883732,56.40019989013672,1143900,0.0,0.0
2018-11-01 00:00:00-04:00,56.784142837072295,56.843212298468806,53.28928044660426,55.49448776245117,427700,0.0,0.0
2018-11-02 00:00:00-04:00,55.59293511365085,57.345287769941386,54.81520412928291,54.992408752441406,324800,0.0,0.0
2018-11-05 00:00:00-05:00,55.287750256369876,55.88827663623069,54.95303081950233,55.35666275024414,349100,0.0,0.0
2018-11-06 00:00:00-05:00,55.13023375079234,57.17792994986593,55.13023375079234,57.03025817871094,359100,0.0,0.0
2018-11-07 00:00:00-05:00,57.09917062720178,57.8867446433837,56.715228529028664,56.82352066040039,417000,0.0,0.0
2018-11-08 00:00:00-05:00,56.675848416056986,57.36497708275468,56.675848416056986,57.069637298583984,343400,0.0,0.0
2018-11-09 00:00:00-05:00,56.86289618852411,57.23699525216119,55.159766215618546,55.72091293334961,182600,0.0,0.0
2018-11-12 00:00:00-05:00,55.60277789294557,55.64215753245704,53.98825022746645,54.09654235839844,160500,0.0,0.0
2018-11-13 00:00:00-05:00,54.32296905603607,55.50433194026689,54.02762927384064,54.0670051574707,157500,0.0,0.0
2018-11-14 00:00:00-05:00,54.569085401695055,54.598618252865634,52.48201338061264,53.34834289550781,240900,0.0,0.0
2018-11-15 00:00:00-05:00,53.102231337304765,53.909495234221396,51.95040495589301,53.781517028808594,191200,0.0,0.0
2018-11-16 00:00:00-05:00,53.299121514246,54.57892975372975,52.600149813009764,53.88980484008789,278600,0.0,0.0
2018-11-19 00:00:00-05:00,53.70275705201825,54.441108442528446,52.216211238188784,53.0628547668457,193700,0.0,0.0
2018-11-20 00:00:00-05:00,52.30480822708494,52.984090085195504,51.576299943595465,51.62552261352539,226600,0.0,0.0
2018-11-21 00:00:00-05:00,52.01931233548845,53.446792319520014,52.01931233548845,52.48201370239258,104800,0.0,0.0
2018-11-23 00:00:00-05:00,52.383565551322825,54.22452426476356,51.98978042287735,53.88980484008789,51000,0.0,0.0
2018-11-26 00:00:00-05:00,54.73644893367511,54.75613875498942,53.220370246967455,53.64369201660156,209400,0.0,0.0
2018-11-27 00:00:00-05:00,53.456635681242915,54.44110412382731,53.338500519658524,53.65353012084961,145000,0.0,0.0
2018-11-28 00:00:00-05:00,53.850424430410044,55.26805763234639,53.102226312801285,55.14007568359375,222300,0.0,0.0
2018-11-29 00:00:00-05:00,54.953028980922774,55.415730357554324,53.96856052371463,54.64784240722656,245200,0.0,0.0
2018-11-30 00:00:00-05:00,54.40172589488827,57.03025865755271,54.40172589488827,56.784141540527344,334900,0.0,0.0
2018-12-03 00:00:00-05:00,57.48311209403647,57.48311209403647,55.24836826579324,56.656158447265625,346000,0.0,0.0
2018-12-04 00:00:00-05:00,56.183616418131926,57.25668722234042,52.8659586586962,52.97425079345703,358000,0.0,0.0
2018-12-06 00:00:00-05:00,52.02915684450282,52.45247858465632,50.641056459832946,52.01931381225586,252300,0.0,0.0
2018-12-07 00:00:00-05:00,52.02915251842243,52.44263119194936,48.327553052230265,49.01668167114258,270400,0.0,0.0
2018-12-10 00:00:00-05:00,48.91823431235286,49.243110692734994,46.72287019203831,47.756561279296875,353000,0.0,0.0
2018-12-11 00:00:00-05:00,48.59336837707404,49.4203221118141,47.392315540667184,47.766414642333984,170800,0.0,0.0
2018-12-12 00:00:00-05:00,48.593362064133025,49.29233374465094,48.43584726633393,48.79025650024414,154600,0.0,0.0
2018-12-13 00:00:00-05:00,48.888703499540526,49.124977581981284,44.92129681347662,44.94098663330078,294100,0.0,0.0
2018-12-14 00:00:00-05:00,44.40937207013209,45.99436686443133,43.88760499702082,44.42906188964844,290900,0.0,0.0
2018-12-17 00:00:00-05:00,44.340459473456,45.87622783756521,43.671020633298475,44.222320556640625,414000,0.0,0.0
2018-12-18 00:00:00-05:00,45.00989972731307,46.7524093728545,44.665333508952806,45.31508255004883,267500,0.0,0.0
2018-12-19 00:00:00-05:00,44.694871116722084,45.561200687265504,42.51919289147626,42.716087341308594,325600,0.0,0.0
2018-12-20 00:00:00-05:00,42.706244933518335,43.316614357023305,41.8891342691679,42.952362060546875,425300,0.0,0.0
2018-12-21 00:00:00-05:00,43.178790918941026,44.379843743759274,41.72177792520959,42.62748718261719,854400,0.0,0.0
2018-12-24 00:00:00-05:00,42.332147319548056,43.05080890478413,41.93835840044225,42.214012145996094,170800,0.0,0.0
2018-12-26 00:00:00-05:00,42.61764125133891,44.222322164198815,42.00726809195188,44.035274505615234,232700,0.0,0.0
2018-12-27 00:00:00-05:00,43.98605184602272,44.114033799538795,42.23369915897631,44.10418701171875,212100,0.0,0.0
2018-12-28 00:00:00-05:00,44.33112355342263,45.564462170502374,43.867387028968395,44.15352249145508,195900,0.1,0.0
2018-12-31 00:00:00-05:00,44.291650591208565,44.903385419262385,43.541782456547466,43.87725067138672,245500,0.0,0.0
2019-01-02 00:00:00-05:00,42.683377828190956,44.89352211130316,42.683377828190956,44.8145866394043,344400,0.0,0.0
2019-01-03 00:00:00-05:00,44.27191784349413,44.27191784349413,42.150577876947004,42.8116455078125,157500,0.0,0.0
2019-01-04 00:00:00-05:00,43.49245416982143,45.238858314139534,43.46285148402148,44.35085678100586,210300,0.0,0.0
2019-01-07 00:00:00-05:00,44.33112382850847,44.95272754925208,43.966056649465735,44.64685821533203,183800,0.0,0.0
2019-01-08 00:00:00-05:00,45.03165439083091,46.26499288209534,44.60738564872791,46.215660095214844,335300,0.0,0.0
2019-01-09 00:00:00-05:00,46.21566384379824,47.794335735123695,45.890060649046355,47.56740188598633,286600,0.0,0.0
2019-01-10 00:00:00-05:00,46.75832985076568,48.731671503138834,45.21912577077895,48.68233871459961,263800,0.0,0.0
2019-01-11 00:00:00-05:00,48.267937305575394,48.32713891294785,47.143133112453505,47.3996696472168,373200,0.0,0.0
2019-01-14 00:00:00-05:00,46.955669363677366,47.08393763751161,46.018331234305656,46.787933349609375,166100,0.0,0.0
2019-01-15 00:00:00-05:00,47.004995976854005,47.498331373359775,45.840724139992346,46.215660095214844,146100,0.0,0.0
2019-01-16 00:00:00-05:00,46.57086257832353,47.64633390239138,46.57086257832353,47.044464111328125,312200,0.0,0.0
2019-01-17 00:00:00-05:00,46.89646304019684,48.01140212471733,46.69913188656177,47.84366989135742,230500,0.0,0.0
2019-01-18 00:00:00-05:00,48.12980372599668,49.36314231072477,47.36020165355857,48.92900848388672,347800,0.0,0.0
2019-01-22 00:00:00-05:00,48.79087706774109,49.530880247442376,47.45886908596831,47.833805084228516,244800,0.0,0.0
2019-01-23 00:00:00-05:00,48.1199349868196,48.859938080962884,46.98526207025974,47.0641975402832,143200,0.0,0.0
2019-01-24 00:00:00-05:00,47.350332619643346,48.04099915793761,46.98526171928741,47.58713150024414,153100,0.0,0.0
2019-01-25 00:00:00-05:00,48.021265365576504,48.60340128008393,47.409530531910335,47.92259979248047,143900,0.0,0.0
2019-01-28 00:00:00-05:00,47.646335163561325,49.54074134572351,47.53780077031965,49.18553924560547,279900,0.0,0.0
2019-01-29 00:00:00-05:00,49.38287485134486,49.836742534991615,48.97833995699005,49.155941009521484,159700,0.0,0.0
2019-01-30 00:00:00-05:00,49.26446900741898,50.586607913559945,48.544199838500035,50.29060745239258,188200,0.0,0.0
2019-01-31 00:00:00-05:00,49.95514348433962,50.6063460595234,49.07700707760623,50.270877838134766,295200,0.0,0.0
2019-02-01 00:00:00-05:00,52.096220900723736,54.069562630022745,51.05035219305967,51.1292839050293,500500,0.0,0.0
2019-02-04 00:00:00-05:00,51.701550600586074,51.997551083092986,50.862878175657755,51.65221405029297,210600,0.0,0.0
2019-02-05 00:00:00-05:00,51.65221660154584,52.175154702449504,51.09968334393514,51.879154205322266,382200,0.0,0.0
2019-02-06 00:00:00-05:00,52.32315351478534,52.91515827793314,51.958086357347064,52.02715301513672,177600,0.0,0.0
2019-02-07 00:00:00-05:00,52.254083428875425,54.15835832894766,52.254083428875425,53.872222900390625,290300,0.0,0.0
2019-02-08 00:00:00-05:00,53.69462485804368,54.1978290900005,52.313287951881954,53.06315612792969,215400,0.0,0.0
2019-02-11 00:00:00-05:00,53.11249613886249,54.039965426125534,53.11249613886249,53.586097717285156,207700,0.0,0.0
2019-02-12 00:00:00-05:00,53.82289129590077,54.908231432369355,53.52689080917312,53.99062728881836,212200,0.0,0.0
2019-02-13 00:00:00-05:00,53.99062934911114,54.7996991335045,53.99062934911114,54.23729705810547,206000,0.0,0.0
2019-02-14 00:00:00-05:00,53.74396574887726,55.66797101504403,53.72423187898698,55.401573181152344,297400,0.0,0.0
2019-02-15 00:00:00-05:00,55.51996396128763,55.94423268800679,54.562892122337395,54.937828063964844,235100,0.0,0.0
2019-02-19 00:00:00-05:00,54.40503100125662,56.16130393999055,54.27676273467529,55.510101318359375,209600,0.0,0.0
2019-02-20 00:00:00-05:00,55.214102332700335,56.02317216478634,54.80956741665733,55.105567932128906,263500,0.0,0.0
2019-02-21 00:00:00-05:00,55.095699689528104,55.38183513558688,54.31622882496133,54.5727653503418,184700,0.0,0.0
2019-02-22 00:00:00-05:00,54.71089959886863,55.42130005422372,54.56289746525057,55.0364990234375,281600,0.0,0.0
2019-02-25 00:00:00-05:00,55.38183412411717,55.74690127326751,54.91809763475695,55.293033599853516,189700,0.0,0.0
2019-02-26 00:00:00-05:00,55.085837553030025,55.48050365041639,54.43463115283358,54.44449996948242,235000,0.0,0.0
2019-02-27 00:00:00-05:00,54.326096269614965,54.71089728412075,52.81648736767247,53.44795608520508,160800,0.0,0.0
2019-02-28 00:00:00-05:00,53.39862623114591,53.66502781671332,52.3428887052958,53.31969451904297,380800,0.0,0.0
2019-03-01 00:00:00-05:00,53.47756061012395,53.63542779494219,51.89888499809098,52.185020446777344,271800,0.0,0.0
2019-03-04 00:00:00-05:00,52.20475004573219,52.46128278863702,51.07007716000442,52.037017822265625,364700,0.0,0.0
2019-03-05 00:00:00-05:00,52.26395027036367,52.668485122963,51.22794298291525,51.247676849365234,296600,0.0,0.0
2019-03-06 00:00:00-05:00,51.25755272623542,51.59302097440211,50.014345315561485,50.09328079223633,406600,0.0,0.0
2019-03-07 00:00:00-05:00,49.97487687638474,49.97487687638474,48.75140344418304,49.106605529785156,355400,0.0,0.0
2019-03-08 00:00:00-05:00,48.72181052938518,49.718346491157604,48.692207842703255,49.34341049194336,323200,0.0,0.0
2019-03-11 00:00:00-04:00,49.343409886206274,50.02421521377078,48.78100777621433,49.87621307373047,414500,0.0,0.0
2019-03-12 00:00:00-04:00,49.84661002261188,49.87620894262804,49.04740530752141,49.38287353515625,293300,0.0,0.0
2019-03-13 00:00:00-04:00,49.609807129617366,50.7543451188306,49.599942077610116,50.40901184082031,620400,0.0,0.0
2019-03-14 00:00:00-04:00,50.26101244305845,51.14901772594932,50.26101244305845,50.79381561279297,192400,0.0,0.0
2019-03-15 00:00:00-04:00,50.862883885996226,51.731155327500325,50.56688337025755,50.892486572265625,1116600,0.0,0.0
2019-03-18 00:00:00-04:00,50.90235205781788,51.454889118717475,50.596482722772436,51.04048538208008,282700,0.0,0.0
2019-03-19 00:00:00-04:00,51.14901846006938,52.10609041604925,50.99115127016194,51.09968566894531,181500,0.0,0.0
2019-03-20 00:00:00-04:00,51.0996829777349,51.71141783592733,50.152479888175556,51.050350189208984,232500,0.0,0.0
2019-03-21 00:00:00-04:00,50.80368090905539,52.540219852790536,50.80368090905539,52.30341720581055,299900,0.0,0.0
2019-03-22 00:00:00-04:00,51.83968534357272,51.83968534357272,50.7346113246343,50.91221237182617,238900,0.0,0.0
2019-03-25 00:00:00-04:00,50.96155073613223,51.74101784447641,50.468215312796396,51.001014709472656,211100,0.0,0.0
2019-03-26 00:00:00-04:00,51.218082427978516,52.27381991070846,50.95168085329192,51.218082427978516,236200,0.0,0.0
2019-03-27 00:00:00-04:00,51.32662148435572,53.27036439264048,51.316752667442636,52.86582946777344,225700,0.0,0.0
2019-03-28 00:00:00-04:00,53.22182198762014,53.69648661667806,51.94615867510872,52.80649185180664,151400,0.12,0.0
2019-03-29 00:00:00-04:00,53.13282244152201,54.0821517051341,53.01415722664529,53.68659973144531,320200,0.0,0.0
2019-04-01 00:00:00-04:00,53.894265102516364,54.9325942261784,53.45915679733109,54.566707611083984,201900,0.0,0.0
2019-04-02 00:00:00-04:00,54.98203521075848,55.24903476261265,54.240371046374335,55.100704193115234,177100,0.0,0.0
2019-04-03 00:00:00-04:00,55.377589965252305,56.326919173590596,55.24903378944641,55.66436767578125,151300,0.0,0.0
2019-04-04 00:00:00-04:00,55.68414960491706,56.58403535181713,55.229259361063804,56.46536636352539,140300,0.0,0.0
2019-04-05 00:00:00-04:00,56.59392420885917,57.76080955521085,56.59392420885917,57.444366455078125,165000,0.0,0.0
2019-04-08 00:00:00-04:00,57.1773681640625,57.56303296522791,56.77192519715792,57.1773681640625,183900,0.0,0.0
2019-04-09 00:00:00-04:00,56.9598089692807,57.23669950204651,56.08959235858583,56.53458786010742,232600,0.0,0.0
2019-04-10 00:00:00-04:00,56.593924077059825,58.44313914646001,55.189708295028474,57.87947463989258,284000,0.0,0.0
2019-04-11 00:00:00-04:00,58.01791466793865,59.036469371724856,57.74102791506038,58.10691452026367,137500,0.0,0.0
2019-04-12 00:00:00-04:00,58.17614071585169,58.36402761877893,57.42458555954448,58.047584533691406,300500,0.0,0.0
2019-04-15 00:00:00-04:00,58.27502577350379,58.89802472635677,57.45424895615633,57.57291793823242,115900,0.0,0.0
2019-04-16 00:00:00-04:00,58.03769429301773,58.83869298410637,57.82014202697943,58.571693420410156,123600,0.0,0.0
2019-04-17 00:00:00-04:00,59.046356392604224,59.333134112834706,58.33436134841358,58.977134704589844,219000,0.0,0.0
2019-04-18 00:00:00-04:00,58.838694029216526,59.16502809251918,57.90914291014403,58.59147262573242,387000,0.0,0.0
2019-04-22 00:00:00-04:00,58.19591645679306,58.58158501221307,57.87947336437091,58.1464729309082,174400,0.0,0.0
2019-04-23 00:00:00-04:00,58.116806306312185,59.323247927629225,57.96847195958335,59.21446990966797,171800,0.0,0.0
2019-04-24 00:00:00-04:00,59.303465274118956,59.827573387568634,58.739800834896016,59.056243896484375,227600,0.0,0.0
2019-04-25 00:00:00-04:00,58.92769390328065,58.9969155944933,57.207031274696426,57.79047393798828,281200,0.0,0.0
2019-04-26 00:00:00-04:00,59.303468423897264,59.96601994044452,55.42703505510307,59.69902038574219,439700,0.0,0.0
2019-04-29 00:00:00-04:00,59.956136418073285,61.093352621889885,59.204581231612565,60.93513107299805,242000,0.0,0.0
2019-04-30 00:00:00-04:00,61.053798521081966,61.46912866181557,60.16379997336826,60.90546417236328,440500,0.0,0.0
2019-05-01 00:00:00-04:00,61.12301701604958,61.142795179664795,59.44191083174611,59.46168899536133,362200,0.0,0.0
2019-05-02 00:00:00-04:00,59.382577380875624,60.509906320593075,57.36524992438173,59.481468200683594,114200,0.0,0.0
2019-05-03 00:00:00-04:00,59.74846820545414,61.18235312945106,59.74846820545414,61.093353271484375,212500,0.0,0.0
2019-05-06 00:00:00-04:00,59.99568164825461,61.103236127521114,59.35290833477017,60.865901947021484,188100,0.0,0.0
2019-05-07 00:00:00-04:00,60.13413311009869,60.292354651039176,59.04635671537113,59.857242584228516,214400,0.0,0.0
2019-05-08 00:00:00-04:00,59.61002047882525,60.12424142381533,58.9375779947843,59.115577697753906,142400,0.0,0.0
2019-05-09 00:00:00-04:00,58.52225155717532,59.69902409225193,58.097030436874675,59.55069351196289,125300,0.0,0.0
2019-05-10 00:00:00-04:00,59.26391236983405,60.13413272559196,58.02780541029688,59.99568557739258,122300,0.0,0.0
2019-05-13 00:00:00-04:00,58.81891498010304,58.81891498010304,57.582807981263535,57.919029235839844,196000,0.0,0.0
2019-05-14 00:00:00-04:00,57.97836261762472,58.57169245676628,57.51358518784105,58.3343620300293,125100,0.0,0.0
2019-05-15 00:00:00-04:00,57.691586225058494,58.79913704408154,57.35536496917481,58.433250427246094,145700,0.0,0.0
2019-05-16 00:00:00-04:00,58.55191085582801,59.41224397607552,58.314580443020965,58.996910095214844,196600,0.0,0.0
2019-05-17 00:00:00-04:00,58.472804914460724,59.75835540328997,58.4134704221274,58.90791320800781,160400,0.0,0.0
2019-05-20 00:00:00-04:00,58.31458471297413,58.957358085999495,57.70147292834793,58.423362731933594,94500,0.0,0.0
2019-05-21 00:00:00-04:00,58.650805657873505,59.966021530012476,58.344249767170844,59.72869110107422,115100,0.0,0.0
2019-05-22 00:00:00-04:00,59.39246638328579,59.481466232017794,58.71013295224078,58.78924560546875,139400,0.0,0.0
2019-05-23 00:00:00-04:00,58.13658511603439,59.01669269323719,57.424586279511146,58.571693420410156,190800,0.0,0.0
2019-05-24 00:00:00-04:00,58.86836128811015,59.52102566345473,58.78925239804078,59.283695220947266,104500,0.0,0.0
2019-05-28 00:00:00-04:00,59.412247974687865,60.045134147833544,58.96724870535132,59.14524841308594,187100,0.0,0.0
2019-05-29 00:00:00-04:00,59.02658093783671,59.076028236372935,58.2156950361928,58.59147262573242,286400,0.0,0.0
2019-05-30 00:00:00-04:00,58.77935798928161,59.125470208441016,58.1761409493679,58.561805725097656,285400,0.0,0.0
2019-05-31 00:00:00-04:00,57.88936402892357,58.65080639490918,57.75092064825332,58.06736373901367,438400,0.0,0.0
2019-06-03 00:00:00-04:00,57.8596961068828,59.00680327797623,57.197144550577654,57.434478759765625,235200,0.0,0.0
2019-06-04 00:00:00-04:00,58.19592004824426,60.5989125230768,58.19592004824426,60.549468994140625,212200,0.0,0.0
2019-06-05 00:00:00-04:00,60.79668780332622,61.11313090170364,59.78802401263596,59.91658020019531,219200,0.0,0.0
2019-06-06 00:00:00-04:00,59.70891379210399,60.43079982994114,58.0475856765366,59.016693115234375,255400,0.0,0.0
2019-06-07 00:00:00-04:00,59.29358074901335,60.707687484515475,59.184802727467144,59.68913650512695,282600,0.0,0.0
2019-06-10 00:00:00-04:00,59.90669042290615,60.79668518413847,59.74846510823467,59.86713409423828,175000,0.0,0.0
2019-06-11 00:00:00-04:00,60.3220216524605,60.45057783681608,58.631028180341694,58.86835861206055,199400,0.0,0.0
2019-06-12 00:00:00-04:00,58.88813705385755,59.19469294959439,58.225585508867255,58.58158493041992,246600,0.0,0.0
2019-06-13 00:00:00-04:00,58.83869467348206,60.32202311062866,58.50247341017019,60.13413619995117,178500,0.0,0.0
2019-06-14 00:00:00-04:00,59.95613600813466,60.42090968290831,59.08591560902985,59.32324981689453,152300,0.0,0.0
2019-06-17 00:00:00-04:00,59.27379895719154,59.27379895719154,57.731139901797555,58.818912506103516,252500,0.0,0.0
2019-06-18 00:00:00-04:00,59.194692206461625,60.1736868311419,58.66069308083648,59.44191360473633,156800,0.0,0.0
2019-06-19 00:00:00-04:00,59.451802667317764,59.590246051130094,58.83869463659204,58.96725082397461,141300,0.0,0.0
2019-06-20 00:00:00-04:00,59.461691379189595,59.501243935706704,58.057471884605796,58.77935791015625,224300,0.0,0.0
2019-06-21 00:00:00-04:00,58.42335751064772,59.254017714358525,57.197137823281544,57.30591583251953,354000,0.0,0.0
2019-06-24 00:00:00-04:00,57.24658914391193,57.24658914391193,55.56548280004602,56.06981658935547,292800,0.0,0.0
2019-06-25 00:00:00-04:00,56.04014534394857,56.722478824687514,55.37759380025627,55.446815490722656,193600,0.0,0.0
2019-06-26 00:00:00-04:00,55.65447982620107,56.53458739817815,55.39737123248271,56.30714416503906,201700,0.0,0.0
2019-06-27 00:00:00-04:00,55.960308373622084,57.72424105364485,55.70265299188423,57.53595733642578,273800,0.12,0.0
2019-06-28 00:00:00-04:00,57.436855759458986,60.429597882060946,57.16929230893239,60.12239456176758,516300,0.0,0.0
2019-07-01 00:00:00-04:00,60.49896764607967,60.65752334981319,59.37916586206198,60.42959976196289,347100,0.0,0.0
2019-07-02 00:00:00-04:00,60.61787915233921,61.22237391101188,59.92420036068129,60.66743087768555,300900,0.0,0.0
2019-07-03 00:00:00-04:00,60.94490707445399,61.440394123839795,60.45932810273878,61.42057418823242,75400,0.0,0.0
2019-07-05 00:00:00-04:00,60.9151783561778,61.935880456414345,59.95393228180908,61.747596740722656,150500,0.0,0.0
2019-07-08 00:00:00-04:00,61.47012249680898,61.995341342812246,61.25211076438454,61.826873779296875,184300,0.0,0.0
2019-07-09 00:00:00-04:00,61.519674899457925,61.7475984923713,61.19265162684335,61.52958297729492,140200,0.0,0.0
2019-07-10 00:00:00-04:00,62.0250705671975,62.827760968466414,60.68725701201559,60.7368049621582,221500,0.0,0.0
2019-07-11 00:00:00-04:00,60.88544567298137,61.13318919118562,59.12151303305224,59.854835510253906,303300,0.0,0.0
2019-07-12 00:00:00-04:00,60.072845224993706,60.68725185136702,59.458442378886346,60.19176483154297,296900,0.0,0.0
2019-07-15 00:00:00-04:00,60.24131606475228,60.370139975144774,59.07196633173654,59.289981842041016,201000,0.0,0.0
2019-07-16 00:00:00-04:00,59.56745363971943,61.22237856896548,59.56745363971943,60.86562728881836,131700,0.0,0.0
2019-07-17 00:00:00-04:00,60.67734226667506,60.944905721033486,59.726008060244745,59.73591613769531,104400,0.0,0.0
2019-07-18 00:00:00-04:00,59.58727388165593,60.28095650992316,59.22061074169402,60.16203689575195,127100,0.0,0.0
2019-07-19 00:00:00-04:00,59.973751878300014,60.76653038760923,59.032325744628906,59.032325744628906,195100,0.0,0.0
2019-07-22 00:00:00-04:00,59.04223566637889,60.21158156660039,59.04223566637889,59.92420196533203,112000,0.0,0.0
2019-07-23 00:00:00-04:00,60.01338817393244,61.004362196604774,60.01338817393244,60.66743087768555,184500,0.0,0.0
2019-07-24 00:00:00-04:00,60.31068522614748,62.32236146932539,60.21158554651664,62.1142578125,124400,0.0,0.0
2019-07-25 00:00:00-04:00,61.24219407970818,62.10434042426143,60.271039987400826,60.54851150512695,239000,0.0,0.0
2019-07-26 00:00:00-04:00,60.865627880201906,61.331386920504535,60.41969255595138,61.182743072509766,150900,0.0,0.0
2019-07-29 00:00:00-04:00,60.964727361295175,61.46021441353561,60.66743588600416,61.27193069458008,126900,0.0,0.0
2019-07-30 00:00:00-04:00,60.80617173769022,61.90615359998817,60.61788423821487,61.79714584350586,167300,0.0,0.0
2019-07-31 00:00:00-04:00,61.88633349857241,62.38182055015383,60.082760933237346,60.16203689575195,292100,0.0,0.0
2019-08-01 00:00:00-04:00,62.75839035830426,62.75839035830426,59.55754075034372,60.20167541503906,242400,0.0,0.0
2019-08-02 00:00:00-04:00,59.785472357642675,60.82599446037061,58.308919209007364,58.88368225097656,116900,0.0,0.0
2019-08-05 00:00:00-04:00,57.71433361249271,57.71433361249271,54.543215716374874,55.544097900390625,191500,0.0,0.0
2019-08-06 00:00:00-04:00,55.940489098039095,56.74317570536506,55.1675267239727,56.653987884521484,190300,0.0,0.0
2019-08-07 00:00:00-04:00,55.77201905398674,57.40712776998546,55.77201905398674,57.22875213623047,174600,0.0,0.0
2019-08-08 00:00:00-04:00,57.51614051277803,58.061175538651575,56.69363015461515,57.27830505371094,157100,0.0,0.0
2019-08-09 00:00:00-04:00,57.040469185204124,57.86297570268632,55.950395433258166,56.31705856323242,320300,0.0,0.0
2019-08-12 00:00:00-04:00,55.88102638647406,56.06931387639495,54.77113650275535,55.0981559753418,226900,0.0,0.0
2019-08-13 00:00:00-04:00,54.701769414452315,56.35669429665515,54.632401531980705,55.32608413696289,156500,0.0,0.0
2019-08-14 00:00:00-04:00,54.50357479272223,54.919782094793455,53.25494910624243,53.74052429199219,145800,0.0,0.0
2019-08-15 00:00:00-04:00,53.70088557040041,54.20628448260621,53.01711479653717,53.235130310058594,176300,0.0,0.0
2019-08-16 00:00:00-04:00,53.76034247176057,55.22698361920157,53.54232697002407,55.12788772583008,121100,0.0,0.0
2019-08-19 00:00:00-04:00,55.93057637165883,56.61435091426558,55.45490926130023,56.48552322387695,163100,0.0,0.0
2019-08-20 00:00:00-04:00,56.12877305422619,56.12877305422619,53.73061751962003,55.4251823425293,195400,0.0,0.0
2019-08-21 00:00:00-04:00,56.16840951738879,56.703536412233476,55.59364275323723,56.38642501831055,116800,0.0,0.0
2019-08-22 00:00:00-04:00,56.70353641847289,57.11974370544278,55.534186735653684,55.80175018310547,114000,0.0,0.0
2019-08-23 00:00:00-04:00,55.55400601672497,56.07922104798866,53.55223800325047,53.76034164428711,171900,0.0,0.0
2019-08-26 00:00:00-04:00,54.71167953423485,54.979242996727585,53.839625041961696,54.40447998046875,180900,0.0,0.0
2019-08-27 00:00:00-04:00,54.919780448505335,55.37563138792749,53.155847835956635,53.31440353393555,185800,0.0,0.0
2019-08-28 00:00:00-04:00,53.30449498432238,55.44499877820277,53.25494703794292,54.691856384277344,268400,0.0,0.0
2019-08-29 00:00:00-04:00,55.54409681124242,56.8224542905279,55.3657211731902,56.60443878173828,113900,0.0,0.0
2019-08-30 00:00:00-04:00,56.951282941341944,57.56568582707529,56.554891787811016,56.7431755065918,224800,0.0,0.0
2019-09-03 00:00:00-04:00,56.34678535115638,56.83236052097656,55.078339770913935,55.712562561035156,247100,0.0,0.0
2019-09-04 00:00:00-04:00,56.336876105958574,56.93146283446726,55.663013415141776,55.692745208740234,207500,0.0,0.0
2019-09-05 00:00:00-04:00,56.60444009071986,58.43774446192599,56.53507220545833,56.59453201293945,263300,0.0,0.0
2019-09-06 00:00:00-04:00,57.08010624488641,57.1098380382575,56.27741964892404,56.45579528808594,119300,0.0,0.0
2019-09-09 00:00:00-04:00,56.5747122350073,57.71433397651239,56.435976464097024,57.644962310791016,206600,0.0,0.0
2019-09-10 00:00:00-04:00,57.555776864159284,58.95305017747998,56.90173033681251,58.85395050048828,197000,0.0,0.0
2019-09-11 00:00:00-04:00,58.972866828047465,60.736803290657186,58.526931508770005,60.34041213989258,190900,0.0,0.0
2019-09-12 00:00:00-04:00,60.35032278708106,60.4494186826511,58.863861671933904,59.73591613769531,259300,0.0,0.0
2019-09-13 00:00:00-04:00,60.38995597605079,61.86650894281463,59.9341088299015,61.65840530395508,190400,0.0,0.0
2019-09-16 00:00:00-04:00,60.25121963621259,60.95481028287161,58.735030595894926,58.972862243652344,321200,0.0,0.0
2019-09-17 00:00:00-04:00,58.596299251625574,59.161154182928215,57.63505317051547,58.70530700683594,185300,0.0,0.0
2019-09-18 00:00:00-04:00,58.774671651225844,59.15123906449295,57.58550204761918,59.02241516113281,275200,0.0,0.0
2019-09-19 00:00:00-04:00,59.101691818491076,59.89447030352887,57.962073927582374,58.69539260864258,193200,0.0,0.0
2019-09-20 00:00:00-04:00,59.24042758727228,59.29988739125632,57.74405843286758,58.1107177734375,602500,0.0,0.0
2019-09-23 00:00:00-04:00,57.74406014724832,57.9719837322217,56.36660677965008,57.33776092529297,238700,0.0,0.0
2019-09-24 00:00:00-04:00,57.64496078940805,58.11071981968544,56.87200221172739,57.18911361694336,175500,0.0,0.0
2019-09-25 00:00:00-04:00,57.18911231553869,58.62602546412462,57.18911231553869,58.36837387084961,153000,0.0,0.0
2019-09-26 00:00:00-04:00,58.15036153817233,58.338645259668986,57.585506593416085,58.08099365234375,110600,0.0,0.0
2019-09-27 00:00:00-04:00,58.269663503272895,58.77609551466387,56.492179684665466,56.73050308227539,156900,0.12,0.0
2019-09-30 00:00:00-04:00,57.15749244135037,57.683785014297435,56.730499067367106,56.99861145019531,331700,0.0,0.0
2019-10-01 00:00:00-04:00,57.1972118704388,58.34910004404555,55.73749389634739,56.05525588989258,194900,0.0,0.0
2019-10-02 00:00:00-04:00,55.370078964145414,56.54182774538717,53.91036097817479,55.48924255371094,175000,0.0,0.0
2019-10-03 00:00:00-04:00,55.12182909701594,55.66798609825063,53.93022346383242,54.69483947753906,131400,0.0,0.0
2019-10-04 00:00:00-04:00,54.71469458355167,55.707701772276906,54.63525597822499,55.22113037109375,117700,0.0,0.0
2019-10-07 00:00:00-04:00,54.962943830301626,55.69777078258991,54.585603843471354,55.231056213378906,128200,0.0,0.0
2019-10-08 00:00:00-04:00,54.63525536809277,55.181408558188195,54.2281225767829,54.377071380615234,125000,0.0,0.0
2019-10-09 00:00:00-04:00,54.893434203310754,55.38000937498935,54.4763730173191,54.48630142211914,176000,0.0,0.0
2019-10-10 00:00:00-04:00,54.41679222429207,55.13175859972482,54.12881923551813,54.85371780395508,149100,0.0,0.0
2019-10-11 00:00:00-04:00,55.69777074667255,56.68084948398863,55.18140657826651,55.2906379699707,194000,0.0,0.0
2019-10-14 00:00:00-04:00,55.04238849861966,56.14462707867196,54.9728782987985,55.54882049560547,249200,0.0,0.0
2019-10-15 00:00:00-04:00,55.86658310312472,57.038331895829245,55.53889269866834,56.36308670043945,271400,0.0,0.0
2019-10-16 00:00:00-04:00,56.36308304795037,56.66098821745157,55.84672267366388,56.1545524597168,189000,0.0,0.0
2019-10-17 00:00:00-04:00,56.28364569757506,56.4921762904409,55.59847212614946,56.19427490234375,183200,0.0,0.0
2019-10-18 00:00:00-04:00,55.98574545025151,56.54182704255787,55.62826226204213,56.35315704345703,172600,0.0,0.0
2019-10-21 00:00:00-04:00,56.89931177475479,58.06113216796176,56.76029137290582,57.594417572021484,215400,0.0,0.0
2019-10-22 00:00:00-04:00,57.47525847437103,58.60728608963594,56.78015266857025,58.25973129272461,202500,0.0,0.0
2019-10-23 00:00:00-04:00,58.12071219799272,58.627148008661095,57.832742979008906,58.23987579345703,116600,0.0,0.0
2019-10-24 00:00:00-04:00,58.67679319627221,59.0541369774633,57.21707145989161,57.33623504638672,123000,0.0,0.0
2019-10-25 00:00:00-04:00,57.15749246509682,58.9449045633392,57.147560272383345,58.617210388183594,108200,0.0,0.0
2019-10-28 00:00:00-04:00,58.75623563026085,59.58043344449355,58.62714741850692,58.925048828125,173100,0.0,0.0
2019-10-29 00:00:00-04:00,58.60728579113408,59.51092219766607,58.49805439231892,58.64700698852539,160700,0.0,0.0
2019-10-30 00:00:00-04:00,58.24979867393119,58.915115427423075,57.76322350865971,58.79595184326172,157200,0.0,0.0
2019-10-31 00:00:00-04:00,59.58042941769014,60.2556745874657,57.882388088411176,59.133575439453125,339900,0.0,0.0
2019-11-01 00:00:00-04:00,59.48112773529085,59.70951891729953,58.5079774286152,59.02434158325195,200100,0.0,0.0
2019-11-04 00:00:00-05:00,59.64994066535511,61.06001282282617,59.5804304661863,61.03022003173828,234700,0.0,0.0
2019-11-05 00:00:00-05:00,61.33805256051042,63.2446244842613,60.960708780093256,62.400569915771484,272800,0.0,0.0
2019-11-06 00:00:00-05:00,62.14239124282607,62.887146629026645,61.69553725350138,62.08280944824219,270000,0.0,0.0
2019-11-07 00:00:00-05:00,62.36085096971583,62.75805536216863,61.50686417755757,62.74812316894531,210200,0.0,0.0
2019-11-08 00:00:00-05:00,62.668683344938195,62.80770374318746,62.05301995782497,62.708404541015625,167300,0.0,0.0
2019-11-11 00:00:00-05:00,62.122533142365945,62.64882575760781,61.745189337539856,62.13246154785156,134400,0.0,0.0
2019-11-12 00:00:00-05:00,62.14239096836501,62.49987037022412,61.72532598416339,62.410499572753906,177400,0.0,0.0
2019-11-13 00:00:00-05:00,62.06294716435488,62.80770253032714,61.70546398260473,62.609100341796875,204600,0.0,0.0
2019-11-14 00:00:00-05:00,62.63889231560346,62.758052111959344,61.56644278433562,62.00336456298828,153000,0.0,0.0
2019-11-15 00:00:00-05:00,62.42042953226631,62.609099525498266,61.556514379648306,62.00336456298828,221000,0.0,0.0
2019-11-18 00:00:00-05:00,61.94378692143011,62.06294671848354,61.27847016283671,61.556514739990234,113100,0.0,0.0
2019-11-19 00:00:00-05:00,61.81469476565278,62.261548738430506,61.35791238815629,61.765045166015625,158400,0.0,0.0
2019-11-20 00:00:00-05:00,61.5565148748948,62.02322565938589,60.89119811484332,61.37777328491211,206200,0.0,0.0
2019-11-21 00:00:00-05:00,61.526723934329766,61.526723934329766,60.474138748365725,60.642948150634766,168800,0.0,0.0
2019-11-22 00:00:00-05:00,60.940847786500946,61.32811996924569,60.52378660139789,61.258609771728516,159300,0.0,0.0
2019-11-25 00:00:00-05:00,61.37777424256466,63.552458570589195,61.07986906259765,63.393577575683594,270900,0.0,0.0
2019-11-26 00:00:00-05:00,63.18504534281146,64.11847069019134,62.8374905711967,63.860286712646484,264700,0.0,0.0
2019-11-27 00:00:00-05:00,63.989387923329026,64.14826513958755,63.24462871748824,63.48295211791992,107400,0.0,0.0
2019-11-29 00:00:00-05:00,63.2049085197822,63.78085450241055,61.913996155414345,62.201969146728516,93900,0.0,0.0
2019-12-02 00:00:00-05:00,62.509804351879225,62.688545951933996,61.3877051488736,61.794837951660156,164500,0.0,0.0
2019-12-03 00:00:00-05:00,61.179174048521276,61.84448705264432,60.2457448584692,60.861412048339844,218300,0.0,0.0
2019-12-04 00:00:00-05:00,60.950779711989185,61.99343645819571,60.950779711989185,61.616092681884766,211800,0.0,0.0
2019-12-05 00:00:00-05:00,61.72532549904693,61.84448529873013,61.0798693237213,61.4174919128418,221300,0.0,0.0
2019-12-06 00:00:00-05:00,62.2516169895082,63.204906734237625,62.2516169895082,62.8474235534668,184200,0.0,0.0
2019-12-09 00:00:00-05:00,62.529663021666195,62.976513219996995,62.31120023100011,62.58924102783203,258100,0.0,0.0
2019-12-10 00:00:00-05:00,62.69847248760989,63.14532647442175,61.84448571015206,62.5296630859375,233600,0.0,0.0
2019-12-11 00:00:00-05:00,62.5296645864359,63.075817788746534,61.91399739515598,62.24169158935547,169500,0.0,0.0
2019-12-12 00:00:00-05:00,62.41049905123242,63.592180006577706,62.41049905123242,63.09567642211914,229700,0.0,0.0
2019-12-13 00:00:00-05:00,62.99637419855024,63.68154778974803,61.913996219746274,62.142391204833984,396700,0.0,0.0
2019-12-16 00:00:00-05:00,62.847425009143116,63.55245919420359,62.450220623970644,62.61903381347656,172300,0.0,0.0
2019-12-17 00:00:00-05:00,62.45021832367223,64.21776981773786,62.321126335042905,63.97945022583008,230800,0.0,0.0
2019-12-18 00:00:00-05:00,64.12840493638967,64.79371792286443,63.214836369085255,64.50574493408203,457200,0.0,0.0
2019-12-19 00:00:00-05:00,64.54546726732192,64.77386225418856,63.8801542691246,64.69441986083984,553100,0.0,0.0
2019-12-20 00:00:00-05:00,65.14126652169378,65.5781920852995,64.10853819247136,64.30714416503906,1016700,0.0,0.0
2019-12-23 00:00:00-05:00,64.6249082454547,65.51861621094741,64.31707087198068,64.86322784423828,265800,0.0,0.0
2019-12-24 00:00:00-05:00,64.98239285469622,64.98239285469622,64.18798407329633,64.69441986083984,70400,0.0,0.0
2019-12-26 00:00:00-05:00,64.78378808510146,64.92280848804457,64.34687006558478,64.76393127441406,141800,0.0,0.0
2019-12-27 00:00:00-05:00,64.96252480966648,64.96252480966648,64.25749065450212,64.42630004882812,157700,0.0,0.0
2019-12-30 00:00:00-05:00,64.60538366035054,64.75460467767076,63.789609208643554,64.20744323730469,157400,0.12,0.0
2019-12-31 00:00:00-05:00,63.87914016429147,64.78445479302133,63.82940235650058,64.2969741821289,266400,0.0,0.0
2020-01-02 00:00:00-05:00,64.81429830404015,64.81429830404015,63.95872908231356,64.70486450195312,349600,0.0,0.0
2020-01-03 00:00:00-05:00,63.849296083756585,63.918935086862724,61.74022100031129,63.69011688232422,246900,0.0,0.0
2020-01-06 00:00:00-05:00,62.80470748147955,63.92888592811323,62.80470748147955,63.76970672607422,189500,0.0,0.0
2020-01-07 00:00:00-05:00,63.63042762120943,63.87913942754159,63.15290140845661,63.391666412353516,300200,0.0,0.0
2020-01-08 00:00:00-05:00,63.57073873782981,64.75460176580067,63.461304936661136,63.8791389465332,164500,0.0,0.0
2020-01-09 00:00:00-05:00,64.12785023390015,64.84414143938044,63.83934363224381,64.34671783447266,183800,0.0,0.0
2020-01-10 00:00:00-05:00,64.50588967185932,64.50588967185932,63.41156305020646,63.77965545654297,161500,0.0,0.0
2020-01-13 00:00:00-05:00,63.59063197646911,64.06816197791807,63.59063197646911,63.7597541809082,395200,0.0,0.0
2020-01-14 00:00:00-05:00,64.01841837352084,64.95357720791114,63.41156474497867,63.710018157958984,332400,0.0,0.0
2020-01-15 00:00:00-05:00,63.501101425901545,64.57553827137562,63.3717702215298,64.4561538696289,337800,0.0,0.0
2020-01-16 00:00:00-05:00,64.98341874456068,65.70966053957265,64.89388613987687,65.40125274658203,188400,0.0,0.0
2020-01-17 00:00:00-05:00,65.76935410703591,66.17723754387073,65.3216758683007,65.85888671875,241600,0.0,0.0
2020-01-21 00:00:00-05:00,65.28187520824387,65.47089101270616,63.66027322921096,64.51583862304688,248400,0.0,0.0
2020-01-22 00:00:00-05:00,64.73470997027484,65.23213359309548,63.79955113054575,63.829402923583984,171300,0.0,0.0
2020-01-23 00:00:00-05:00,63.51104719121447,64.85409322612139,62.71517016777389,64.74465942382812,225700,0.0,0.0
2020-01-24 00:00:00-05:00,64.57553649832465,64.63522490251809,62.44656026612293,63.21259307861328,180500,0.0,0.0
2020-01-27 00:00:00-05:00,61.89939757498205,62.15805619210944,60.95429192136533,61.48155975341797,164700,0.0,0.0
2020-01-28 00:00:00-05:00,61.9093419552094,62.396818762118876,61.62083535101892,61.959083557128906,328600,0.0,0.0
2020-01-29 00:00:00-05:00,61.95908332341034,62.227692526811595,60.58619689941406,60.58619689941406,142200,0.0,0.0
2020-01-30 00:00:00-05:00,59.81021342592275,61.222898442819066,59.33268721874455,61.212947845458984,274000,0.0,0.0
2020-01-31 00:00:00-05:00,60.466812810065676,60.466812810065676,54.418143686599336,54.885719299316406,715800,0.0,0.0
2020-02-03 00:00:00-05:00,55.2140212354933,55.84077605266984,54.517627415857255,55.06479263305664,610500,0.0,0.0
2020-02-04 00:00:00-05:00,56.31830174760755,57.85036737765811,55.621907934399026,57.47232437133789,572600,0.0,0.0
2020-02-05 00:00:00-05:00,58.646244406502575,59.91964763430818,57.47232438272893,59.41227722167969,653900,0.0,0.0
2020-02-06 00:00:00-05:00,59.859957272152045,59.859957272152045,56.387942491321155,56.77593231201172,353800,0.0,0.0
2020-02-07 00:00:00-05:00,56.45757968007583,57.31314889565005,56.23871207747564,56.8057746887207,329800,0.0,0.0
2020-02-10 00:00:00-05:00,56.596859938836026,56.9351081585873,55.99995310164724,56.26856231689453,243500,0.0,0.0
2020-02-11 00:00:00-05:00,56.45758241381336,57.711088300671996,56.45758241381336,57.09428405761719,228900,0.0,0.0
2020-02-12 00:00:00-05:00,57.51212103953246,57.80062385855779,57.19377022230091,57.46237564086914,336400,0.0,0.0
2020-02-13 00:00:00-05:00,56.99479958063809,58.71588485919725,56.99479958063809,58.616397857666016,295600,0.0,0.0
2020-02-14 00:00:00-05:00,58.16871997183172,58.85516320870601,57.153975320555965,57.422584533691406,253400,0.0,0.0
2020-02-18 00:00:00-05:00,57.283307527578955,57.66134675708514,56.218817459111285,57.11418151855469,190100,0.0,0.0
2020-02-19 00:00:00-05:00,57.094284260285406,57.094284260285406,55.79103676444866,56.50732421875,327800,0.0,0.0
2020-02-20 00:00:00-05:00,56.22876569135901,56.89531151142527,55.910414882515276,56.298404693603516,385200,0.0,0.0
2020-02-21 00:00:00-05:00,55.76118876990897,56.09943699378612,54.8359805044521,55.19412612915039,284300,0.0,0.0
2020-02-24 00:00:00-05:00,52.72690536150501,55.015053325731905,50.61783020965634,52.56772994995117,343600,0.0,0.0
2020-02-25 00:00:00-05:00,52.85623483914958,52.94577124240781,49.46380590798501,50.03086853027344,566000,0.0,0.0
2020-02-26 00:00:00-05:00,50.4686010788495,50.4686010788495,46.28029502220006,46.48921203613281,795700,0.0,0.0
2020-02-27 00:00:00-05:00,44.47961849565801,47.673077175426606,43.3056984671692,45.912200927734375,989900,0.0,0.0
2020-02-28 00:00:00-05:00,44.61889621012141,46.4096242385878,43.992145195199136,45.16606521606445,708100,0.0,0.0
2020-03-02 00:00:00-05:00,45.28544824225925,45.28544824225925,42.40038963764618,43.37533950805664,1126600,0.0,0.0
2020-03-03 00:00:00-05:00,43.73348343203939,45.66348949201049,42.57946079408432,42.7983283996582,1020400,0.0,0.0
2020-03-04 00:00:00-05:00,43.57430880186238,45.3550862906165,42.241213334728165,45.01683807373047,516800,0.0,0.0
2020-03-05 00:00:00-05:00,43.375336749753124,43.972247351563496,38.84878271246885,39.22682571411133,849000,0.0,0.0
2020-03-06 00:00:00-05:00,38.00316615407798,41.624409579281185,38.00316615407798,40.60966491699219,1145500,0.0,0.0
2020-03-09 00:00:00-04:00,38.79904363586944,38.988063251470386,34.769912940383534,34.8494987487793,582000,0.0,0.0
2020-03-10 00:00:00-04:00,37.3963092991991,38.82888801205457,35.08826391985581,37.535587310791016,900000,0.0,0.0
2020-03-11 00:00:00-04:00,36.272128825198806,38.122545266442,35.02856979694837,35.54589080810547,930500,0.0,0.0
2020-03-12 00:00:00-04:00,33.595991825381425,33.595991825381425,25.905823098378345,26.025203704833984,1354500,0.0,0.0
2020-03-13 00:00:00-04:00,27.74628877545359,28.55211640197509,24.16484024766231,27.258813858032227,1197300,0.0,0.0
2020-03-16 00:00:00-04:00,24.164840614576605,25.458141280636184,21.787154396637995,22.831745147705078,1106600,0.0,0.0
2020-03-17 00:00:00-04:00,23.567932614870834,25.726751290237097,21.389216538482437,21.75731086730957,1042900,0.0,0.0
2020-03-18 00:00:00-04:00,20.34462671718623,20.67292622887459,11.908321670024067,12.007805824279785,1346800,0.0,0.0
2020-03-19 00:00:00-04:00,12.097341664209843,17.9072493987012,10.52548318178022,17.25065040588379,2140900,0.0,0.0
2020-03-20 00:00:00-04:00,18.05647695020021,23.866384959052713,16.932300408659323,20.12575912475586,1726100,0.0,0.0
2020-03-23 00:00:00-04:00,20.891791798840373,22.2547333368166,18.96178764421319,20.722667694091797,1385600,0.0,0.0
2020-03-24 00:00:00-04:00,24.005662240556205,27.716443760230195,23.398806735344472,25.06020164489746,1396500,0.0,0.0
2020-03-25 00:00:00-04:00,28.0845362418049,28.114382341168604,19.896944170888993,25.726749420166016,1831000,0.0,0.0
2020-03-26 00:00:00-04:00,27.348349807075973,32.063925394755465,26.15453428346625,29.686241149902344,1520100,0.0,0.0
2020-03-27 00:00:00-04:00,28.47252799321578,29.08933220097994,25.607366964988543,27.029998779296875,927300,0.0,0.0
2020-03-30 00:00:00-04:00,26.0,27.8700008392334,23.5,26.15999984741211,706200,0.14,0.0
2020-03-31 00:00:00-04:00,26.479999542236328,27.920000076293945,25.469999313354492,26.190000534057617,739800,0.0,0.0
2020-04-01 00:00:00-04:00,24.75,25.309999465942383,21.510000228881836,21.639999389648438,810200,0.0,0.0
2020-04-02 00:00:00-04:00,22.309999465942383,22.309999465942383,20.600000381469727,21.520000457763672,955700,0.0,0.0
2020-04-03 00:00:00-04:00,21.450000762939453,22.09000015258789,19.110000610351562,19.979999542236328,997200,0.0,0.0
2020-04-06 00:00:00-04:00,21.43000030517578,22.6200008392334,20.690000534057617,22.489999771118164,931000,0.0,0.0
2020-04-07 00:00:00-04:00,24.979999542236328,27.610000610351562,23.440000534057617,24.5,1016900,0.0,0.0
2020-04-08 00:00:00-04:00,25.270000457763672,26.670000076293945,25.0,25.649999618530273,651900,0.0,0.0
2020-04-09 00:00:00-04:00,27.899999618530273,29.829999923706055,27.25,28.3799991607666,738200,0.0,0.0
2020-04-13 00:00:00-04:00,29.079999923706055,29.299999237060547,25.670000076293945,26.799999237060547,915100,0.0,0.0
2020-04-14 00:00:00-04:00,28.139999389648438,29.489999771118164,26.770000457763672,27.1299991607666,659300,0.0,0.0
2020-04-15 00:00:00-04:00,26.56999969482422,27.989999771118164,25.530000686645508,27.079999923706055,774300,0.0,0.0
2020-04-16 00:00:00-04:00,26.489999771118164,27.079999923706055,24.540000915527344,25.219999313354492,650000,0.0,0.0
2020-04-17 00:00:00-04:00,27.079999923706055,28.200000762939453,25.510000228881836,25.75,722800,0.0,0.0
2020-04-20 00:00:00-04:00,24.81999969482422,26.010000228881836,24.020000457763672,25.020000457763672,478600,0.0,0.0
2020-04-21 00:00:00-04:00,24.0,25.0,23.950000762939453,24.290000915527344,485700,0.0,0.0
2020-04-22 00:00:00-04:00,25.3799991607666,25.389999389648438,22.90999984741211,23.389999389648438,629300,0.0,0.0
2020-04-23 00:00:00-04:00,23.670000076293945,25.31999969482422,23.450000762939453,24.799999237060547,509500,0.0,0.0
2020-04-24 00:00:00-04:00,25.219999313354492,26.149999618530273,24.56999969482422,25.770000457763672,448200,0.0,0.0
2020-04-27 00:00:00-04:00,26.809999465942383,27.6299991607666,26.190000534057617,27.110000610351562,557100,0.0,0.0
2020-04-28 00:00:00-04:00,28.469999313354492,29.6299991607666,27.690000534057617,29.270000457763672,655600,0.0,0.0
2020-04-29 00:00:00-04:00,30.5,32.779998779296875,30.260000228881836,31.799999237060547,711800,0.0,0.0
2020-04-30 00:00:00-04:00,30.6299991607666,31.540000915527344,29.299999237060547,30.950000762939453,624400,0.0,0.0
2020-05-01 00:00:00-04:00,29.489999771118164,29.989999771118164,27.0,27.219999313354492,741400,0.0,0.0
2020-05-04 00:00:00-04:00,25.219999313354492,26.700000762939453,24.0,26.170000076293945,765900,0.0,0.0
2020-05-05 00:00:00-04:00,26.760000228881836,27.420000076293945,24.65999984741211,24.829999923706055,659900,0.0,0.0
2020-05-06 00:00:00-04:00,24.959999084472656,25.579999923706055,23.6200008392334,24.010000228881836,711100,0.0,0.0
2020-05-07 00:00:00-04:00,24.200000762939453,24.959999084472656,23.899999618530273,24.06999969482422,907500,0.0,0.0
2020-05-08 00:00:00-04:00,26.6200008392334,29.989999771118164,26.09000015258789,29.450000762939453,1767000,0.0,0.0
2020-05-11 00:00:00-04:00,28.1299991607666,29.219999313354492,27.579999923706055,27.969999313354492,819400,0.0,0.0
2020-05-12 00:00:00-04:00,27.950000762939453,28.739999771118164,25.790000915527344,25.90999984741211,513500,0.0,0.0
2020-05-13 00:00:00-04:00,25.90999984741211,26.0,23.709999084472656,23.989999771118164,739500,0.0,0.0
2020-05-14 00:00:00-04:00,23.020000457763672,23.790000915527344,21.139999389648438,23.059999465942383,1585700,0.0,0.0
2020-05-15 00:00:00-04:00,22.809999465942383,24.530000686645508,22.399999618530273,24.040000915527344,641100,0.0,0.0
2020-05-18 00:00:00-04:00,25.760000228881836,27.530000686645508,25.68000030517578,26.950000762939453,760800,0.0,0.0
2020-05-19 00:00:00-04:00,27.6299991607666,27.829999923706055,25.899999618530273,25.989999771118164,558400,0.0,0.0
2020-05-20 00:00:00-04:00,26.610000610351562,27.829999923706055,26.600000381469727,27.520000457763672,498000,0.0,0.0
2020-05-21 00:00:00-04:00,27.5,28.799999237060547,27.459999084472656,28.18000030517578,574500,0.0,0.0
2020-05-22 00:00:00-04:00,28.670000076293945,28.889999389648438,27.3700008392334,28.18000030517578,364600,0.0,0.0
2020-05-26 00:00:00-04:00,30.0,30.93000030517578,29.610000610351562,30.670000076293945,711600,0.0,0.0
2020-05-27 00:00:00-04:00,33.75,34.310001373291016,32.189998626708984,34.290000915527344,1310300,0.0,0.0
2020-05-28 00:00:00-04:00,34.2400016784668,34.540000915527344,32.209999084472656,32.66999816894531,850800,0.0,0.0
2020-05-29 00:00:00-04:00,31.25,32.83000183105469,30.649999618530273,32.06999969482422,677600,0.0,0.0
2020-06-01 00:00:00-04:00,32.38999938964844,34.279998779296875,32.38999938964844,33.04999923706055,582300,0.0,0.0
2020-06-02 00:00:00-04:00,33.81999969482422,34.369998931884766,33.349998474121094,34.060001373291016,490800,0.0,0.0
2020-06-03 00:00:00-04:00,34.849998474121094,37.779998779296875,34.790000915527344,36.90999984741211,781700,0.0,0.0
2020-06-04 00:00:00-04:00,38.630001068115234,41.25,37.13999938964844,40.029998779296875,1327900,0.0,0.0
2020-06-05 00:00:00-04:00,43.7599983215332,45.810001373291016,41.81999969482422,42.619998931884766,1394300,0.0,0.0
2020-06-08 00:00:00-04:00,44.88999938964844,47.25,44.029998779296875,47.220001220703125,1026800,0.0,0.0
2020-06-09 00:00:00-04:00,45.0099983215332,45.65999984741211,42.16999816894531,43.900001525878906,1124200,0.0,0.0
2020-06-10 00:00:00-04:00,41.47999954223633,42.0099983215332,37.2599983215332,37.47999954223633,1172000,0.0,0.0
2020-06-11 00:00:00-04:00,32.18000030517578,35.150001525878906,30.6200008392334,30.889999389648438,1075500,0.0,0.0
2020-06-12 00:00:00-04:00,35.040000915527344,36.43000030517578,32.650001525878906,34.560001373291016,1303700,0.0,0.0
2020-06-15 00:00:00-04:00,31.969999313354492,35.91999816894531,31.399999618530273,35.41999816894531,799600,0.0,0.0
2020-06-16 00:00:00-04:00,38.66999816894531,38.790000915527344,35.939998626708984,36.68000030517578,590900,0.0,0.0
2020-06-17 00:00:00-04:00,36.45000076293945,36.45000076293945,34.20000076293945,34.54999923706055,466900,0.0,0.0
2020-06-18 00:00:00-04:00,33.709999084472656,35.68000030517578,33.29999923706055,35.08000183105469,539800,0.0,0.0
2020-06-19 00:00:00-04:00,35.58000183105469,35.77000045776367,32.33000183105469,33.52000045776367,857200,0.0,0.0
2020-06-22 00:00:00-04:00,33.43000030517578,33.599998474121094,31.920000076293945,32.66999816894531,532600,0.0,0.0
2020-06-23 00:00:00-04:00,33.279998779296875,33.279998779296875,31.579999923706055,32.91999816894531,558800,0.0,0.0
2020-06-24 00:00:00-04:00,31.780000686645508,32.16999816894531,29.06999969482422,29.709999084472656,851000,0.0,0.0
2020-06-25 00:00:00-04:00,28.219999313354492,31.600000381469727,28.06999969482422,31.31999969482422,802700,0.0,0.0
2020-06-26 00:00:00-04:00,30.850000381469727,31.049999237060547,29.219999313354492,30.579999923706055,1029300,0.0,0.0
2020-06-29 00:00:00-04:00,31.389999389648438,33.279998779296875,30.399999618530273,32.86000061035156,614300,0.0,0.0
2020-06-30 00:00:00-04:00,32.33000183105469,32.880001068115234,31.290000915527344,32.619998931884766,402500,0.0,0.0
2020-07-01 00:00:00-04:00,33.09000015258789,34.119998931884766,31.110000610351562,31.399999618530273,458400,0.0,0.0
2020-07-02 00:00:00-04:00,32.91999816894531,33.29999923706055,30.93000030517578,30.959999084472656,361300,0.0,0.0
2020-07-06 00:00:00-04:00,31.920000076293945,32.27000045776367,30.469999313354492,31.969999313354492,399200,0.0,0.0
2020-07-07 00:00:00-04:00,31.079999923706055,31.530000686645508,30.239999771118164,30.3799991607666,411000,0.0,0.0
2020-07-08 00:00:00-04:00,30.030000686645508,30.389999389648438,29.190000534057617,30.030000686645508,497900,0.0,0.0
2020-07-09 00:00:00-04:00,29.739999771118164,29.899999618530273,27.799999237060547,28.09000015258789,434500,0.0,0.0
2020-07-10 00:00:00-04:00,27.739999771118164,30.170000076293945,27.649999618530273,30.09000015258789,382200,0.0,0.0
2020-07-13 00:00:00-04:00,30.639999389648438,31.020000457763672,29.190000534057617,29.739999771118164,442000,0.0,0.0
2020-07-14 00:00:00-04:00,29.559999465942383,30.56999969482422,29.229999542236328,30.100000381469727,305900,0.0,0.0
2020-07-15 00:00:00-04:00,32.15999984741211,32.810001373291016,31.059999465942383,32.41999816894531,586300,0.0,0.0
2020-07-16 00:00:00-04:00,31.469999313354492,31.920000076293945,30.65999984741211,30.959999084472656,351100,0.0,0.0
2020-07-17 00:00:00-04:00,30.8700008392334,31.479999542236328,30.040000915527344,30.260000228881836,265900,0.0,0.0
2020-07-20 00:00:00-04:00,29.850000381469727,30.260000228881836,28.40999984741211,28.760000228881836,485500,0.0,0.0
2020-07-21 00:00:00-04:00,29.09000015258789,29.579999923706055,28.59000015258789,28.68000030517578,527500,0.0,0.0
2020-07-22 00:00:00-04:00,28.479999542236328,29.190000534057617,28.280000686645508,28.440000534057617,416400,0.0,0.0
2020-07-23 00:00:00-04:00,28.1299991607666,29.709999084472656,27.790000915527344,29.020000457763672,661900,0.0,0.0
2020-07-24 00:00:00-04:00,29.059999465942383,29.09000015258789,27.959999084472656,28.18000030517578,333700,0.0,0.0
2020-07-27 00:00:00-04:00,28.110000610351562,28.989999771118164,27.790000915527344,28.459999084472656,451900,0.0,0.0
2020-07-28 00:00:00-04:00,28.149999618530273,29.649999618530273,28.149999618530273,29.200000762939453,383700,0.0,0.0
2020-07-29 00:00:00-04:00,29.229999542236328,29.600000381469727,28.200000762939453,28.799999237060547,322800,0.0,0.0
2020-07-30 00:00:00-04:00,28.049999237060547,28.84000015258789,27.489999771118164,28.389999389648438,447700,0.0,0.0
2020-07-31 00:00:00-04:00,27.610000610351562,28.399999618530273,25.0,26.309999465942383,1135900,0.0,0.0
2020-08-03 00:00:00-04:00,26.360000610351562,27.829999923706055,26.100000381469727,27.030000686645508,566900,0.0,0.0
2020-08-04 00:00:00-04:00,27.110000610351562,28.520000457763672,27.110000610351562,27.540000915527344,408100,0.0,0.0
2020-08-05 00:00:00-04:00,28.09000015258789,28.790000915527344,27.450000762939453,28.559999465942383,422600,0.0,0.0
2020-08-06 00:00:00-04:00,28.5,29.25,28.18000030517578,28.90999984741211,418000,0.0,0.0
2020-08-07 00:00:00-04:00,28.530000686645508,29.6299991607666,28.389999389648438,29.6200008392334,397000,0.0,0.0
2020-08-10 00:00:00-04:00,29.860000610351562,32.06999969482422,29.860000610351562,31.65999984741211,531500,0.0,0.0
2020-08-11 00:00:00-04:00,33.290000915527344,33.97999954223633,32.0,32.29999923706055,686200,0.0,0.0
2020-08-12 00:00:00-04:00,32.709999084472656,32.970001220703125,30.469999313354492,31.239999771118164,384900,0.0,0.0
2020-08-13 00:00:00-04:00,31.600000381469727,31.65999984741211,30.3700008392334,30.65999984741211,381600,0.0,0.0
2020-08-14 00:00:00-04:00,30.139999389648438,31.579999923706055,29.860000610351562,31.559999465942383,376500,0.0,0.0
2020-08-17 00:00:00-04:00,31.5,31.600000381469727,29.950000762939453,30.760000228881836,321400,0.0,0.0
2020-08-18 00:00:00-04:00,30.68000030517578,30.700000762939453,29.799999237060547,30.5,393600,0.0,0.0
2020-08-19 00:00:00-04:00,30.829999923706055,32.13999938964844,30.65999984741211,31.049999237060547,454500,0.0,0.0
2020-08-20 00:00:00-04:00,30.280000686645508,30.979999542236328,29.850000381469727,30.729999542236328,255800,0.0,0.0
2020-08-21 00:00:00-04:00,30.65999984741211,31.049999237060547,29.860000610351562,30.0,298700,0.0,0.0
2020-08-24 00:00:00-04:00,30.530000686645508,33.15999984741211,29.950000762939453,33.130001068115234,534800,0.0,0.0
2020-08-25 00:00:00-04:00,33.150001525878906,33.97999954223633,32.38999938964844,32.86000061035156,366600,0.0,0.0
2020-08-26 00:00:00-04:00,32.869998931884766,33.310001373291016,31.860000610351562,32.20000076293945,438700,0.0,0.0
2020-08-27 00:00:00-04:00,32.81999969482422,34.75,32.81999969482422,34.18000030517578,470900,0.0,0.0
2020-08-28 00:00:00-04:00,34.5,35.36000061035156,34.310001373291016,34.880001068115234,452100,0.0,0.0
2020-08-31 00:00:00-04:00,34.470001220703125,34.900001525878906,33.119998931884766,33.650001525878906,523000,0.0,0.0
2020-09-01 00:00:00-04:00,33.060001373291016,34.189998626708984,32.560001373291016,33.599998474121094,442200,0.0,0.0
2020-09-02 00:00:00-04:00,33.41999816894531,34.650001525878906,33.060001373291016,34.459999084472656,344100,0.0,0.0
2020-09-03 00:00:00-04:00,34.709999084472656,36.220001220703125,33.790000915527344,34.38999938964844,530300,0.0,0.0
2020-09-04 00:00:00-04:00,35.41999816894531,35.68000030517578,34.25,35.439998626708984,519200,0.0,0.0
2020-09-08 00:00:00-04:00,34.75,36.43000030517578,34.56999969482422,35.459999084472656,536900,0.0,0.0
2020-09-09 00:00:00-04:00,34.709999084472656,35.20000076293945,32.880001068115234,33.90999984741211,452500,0.0,0.0
2020-09-10 00:00:00-04:00,34.22999954223633,34.849998474121094,33.38999938964844,33.599998474121094,338800,0.0,0.0
2020-09-11 00:00:00-04:00,33.70000076293945,34.97999954223633,33.529998779296875,34.65999984741211,803700,0.0,0.0
2020-09-14 00:00:00-04:00,35.04999923706055,35.47999954223633,33.970001220703125,34.560001373291016,458200,0.0,0.0
2020-09-15 00:00:00-04:00,35.0099983215332,35.599998474121094,33.95000076293945,34.58000183105469,379600,0.0,0.0
2020-09-16 00:00:00-04:00,34.68000030517578,35.79999923706055,34.25,35.220001220703125,516900,0.0,0.0
2020-09-17 00:00:00-04:00,34.349998474121094,35.56999969482422,33.90999984741211,34.5099983215332,420500,0.0,0.0
2020-09-18 00:00:00-04:00,34.97999954223633,34.97999954223633,33.2599983215332,33.75,877000,0.0,0.0
2020-09-21 00:00:00-04:00,32.22999954223633,32.40999984741211,30.219999313354492,31.540000915527344,526200,0.0,0.0
2020-09-22 00:00:00-04:00,31.670000076293945,32.279998779296875,30.510000228881836,31.09000015258789,353400,0.0,0.0
2020-09-23 00:00:00-04:00,31.549999237060547,32.66999816894531,29.43000030517578,29.479999542236328,625600,0.0,0.0
2020-09-24 00:00:00-04:00,29.5,29.8799991607666,28.290000915527344,29.149999618530273,439500,0.0,0.0
2020-09-25 00:00:00-04:00,28.75,29.729999542236328,28.75,29.59000015258789,278900,0.0,0.0
2020-09-28 00:00:00-04:00,30.440000534057617,31.920000076293945,30.31999969482422,31.209999084472656,423500,0.0,0.0
2020-09-29 00:00:00-04:00,30.670000076293945,30.670000076293945,29.260000228881836,29.81999969482422,629800,0.0,0.0
2020-09-30 00:00:00-04:00,30.260000228881836,31.540000915527344,29.75,29.860000610351562,581300,0.0,0.0
2020-10-01 00:00:00-04:00,30.1200008392334,30.780000686645508,29.920000076293945,30.760000228881836,332900,0.0,0.0
2020-10-02 00:00:00-04:00,29.540000915527344,31.979999542236328,29.5,31.709999084472656,369500,0.0,0.0
2020-10-05 00:00:00-04:00,31.829999923706055,32.43000030517578,31.3799991607666,31.559999465942383,246500,0.0,0.0
2020-10-06 00:00:00-04:00,32.290000915527344,32.400001525878906,30.610000610351562,30.6299991607666,574100,0.0,0.0
2020-10-07 00:00:00-04:00,31.850000381469727,32.0,31.06999969482422,31.450000762939453,528100,0.0,0.0
2020-10-08 00:00:00-04:00,32.31999969482422,32.459999084472656,30.8700008392334,31.5,443300,0.0,0.0
2020-10-09 00:00:00-04:00,31.739999771118164,32.16999816894531,30.8799991607666,31.790000915527344,301100,0.0,0.0
2020-10-12 00:00:00-04:00,31.68000030517578,31.770000457763672,31.040000915527344,31.100000381469727,273400,0.0,0.0
2020-10-13 00:00:00-04:00,30.350000381469727,30.639999389648438,29.809999465942383,30.34000015258789,519700,0.0,0.0
2020-10-14 00:00:00-04:00,30.489999771118164,31.350000381469727,30.489999771118164,30.649999618530273,221100,0.0,0.0
2020-10-15 00:00:00-04:00,30.209999084472656,30.700000762939453,29.790000915527344,30.610000610351562,243800,0.0,0.0
2020-10-16 00:00:00-04:00,30.469999313354492,30.84000015258789,30.209999084472656,30.489999771118164,209800,0.0,0.0
2020-10-19 00:00:00-04:00,30.549999237060547,31.6200008392334,30.200000762939453,30.649999618530273,381500,0.0,0.0
2020-10-20 00:00:00-04:00,31.360000610351562,31.520000457763672,30.93000030517578,31.049999237060547,349200,0.0,0.0
2020-10-21 00:00:00-04:00,30.899999618530273,31.309999465942383,30.350000381469727,30.469999313354492,328400,0.0,0.0
2020-10-22 00:00:00-04:00,30.6200008392334,32.959999084472656,30.6200008392334,32.88999938964844,528800,0.0,0.0
2020-10-23 00:00:00-04:00,32.93000030517578,34.09000015258789,32.70000076293945,33.7400016784668,378600,0.0,0.0
2020-10-26 00:00:00-04:00,32.869998931884766,32.869998931884766,30.899999618530273,31.520000457763672,408800,0.0,0.0
2020-10-27 00:00:00-04:00,31.290000915527344,32.11000061035156,29.559999465942383,29.719999313354492,479500,0.0,0.0
2020-10-28 00:00:00-04:00,28.899999618530273,28.959999084472656,27.440000534057617,27.799999237060547,437600,0.0,0.0
2020-10-29 00:00:00-04:00,28.579999923706055,29.350000381469727,27.639999389648438,29.15999984741211,450300,0.0,0.0
2020-10-30 00:00:00-04:00,29.5,29.81999969482422,27.90999984741211,29.030000686645508,482500,0.0,0.0
2020-11-02 00:00:00-05:00,29.31999969482422,29.479999542236328,28.3799991607666,28.760000228881836,311300,0.0,0.0
2020-11-03 00:00:00-05:00,29.420000076293945,29.920000076293945,28.8700008392334,29.459999084472656,316200,0.0,0.0
2020-11-04 00:00:00-05:00,29.139999389648438,29.649999618530273,28.190000534057617,28.760000228881836,297700,0.0,0.0
2020-11-05 00:00:00-05:00,29.030000686645508,31.43000030517578,28.950000762939453,31.290000915527344,527600,0.0,0.0
2020-11-06 00:00:00-05:00,31.020000457763672,31.270000457763672,30.649999618530273,31.049999237060547,427000,0.0,0.0
2020-11-09 00:00:00-05:00,35.40999984741211,39.29999923706055,35.099998474121094,36.33000183105469,973200,0.0,0.0
2020-11-10 00:00:00-05:00,35.93000030517578,36.97999954223633,35.209999084472656,36.40999984741211,716500,0.0,0.0
2020-11-11 00:00:00-05:00,36.310001373291016,36.369998931884766,33.52000045776367,34.380001068115234,751800,0.0,0.0
2020-11-12 00:00:00-05:00,33.529998779296875,34.34000015258789,32.5099983215332,33.08000183105469,532700,0.0,0.0
2020-11-13 00:00:00-05:00,34.88999938964844,35.849998474121094,33.970001220703125,35.599998474121094,447800,0.0,0.0
2020-11-16 00:00:00-05:00,37.84000015258789,38.900001525878906,36.400001525878906,36.939998626708984,563500,0.0,0.0
2020-11-17 00:00:00-05:00,35.93000030517578,38.29999923706055,35.470001220703125,37.650001525878906,525300,0.0,0.0
2020-11-18 00:00:00-05:00,38.400001525878906,40.400001525878906,38.0099983215332,38.54999923706055,827100,0.0,0.0
2020-11-19 00:00:00-05:00,38.36000061035156,39.380001068115234,38.119998931884766,39.15999984741211,417000,0.0,0.0
2020-11-20 00:00:00-05:00,38.68000030517578,39.20000076293945,37.43000030517578,37.939998626708984,456000,0.0,0.0
2020-11-23 00:00:00-05:00,38.79999923706055,39.709999084472656,38.150001525878906,39.4900016784668,537400,0.0,0.0
2020-11-24 00:00:00-05:00,40.77000045776367,42.77000045776367,40.5,42.709999084472656,796600,0.0,0.0
2020-11-25 00:00:00-05:00,42.31999969482422,43.16999816894531,41.5,43.06999969482422,457400,0.0,0.0
2020-11-27 00:00:00-05:00,43.7599983215332,44.27000045776367,42.869998931884766,43.290000915527344,234300,0.0,0.0
2020-11-30 00:00:00-05:00,43.380001068115234,43.68000030517578,40.970001220703125,42.93000030517578,694200,0.0,0.0
2020-12-01 00:00:00-05:00,44.060001373291016,44.060001373291016,42.93000030517578,43.310001373291016,453900,0.0,0.0
2020-12-02 00:00:00-05:00,43.0,44.77000045776367,42.40999984741211,44.459999084472656,394400,0.0,0.0
2020-12-03 00:00:00-05:00,44.970001220703125,46.79999923706055,44.7599983215332,45.09000015258789,530400,0.0,0.0
2020-12-04 00:00:00-05:00,45.33000183105469,46.2599983215332,44.22999954223633,44.970001220703125,628600,0.0,0.0
2020-12-07 00:00:00-05:00,44.66999816894531,45.150001525878906,43.56999969482422,43.650001525878906,409000,0.0,0.0
2020-12-08 00:00:00-05:00,43.2599983215332,44.22999954223633,43.08000183105469,43.650001525878906,545400,0.0,0.0
2020-12-09 00:00:00-05:00,44.52000045776367,44.880001068115234,43.029998779296875,43.849998474121094,320400,0.0,0.0
2020-12-10 00:00:00-05:00,43.099998474121094,44.70000076293945,42.869998931884766,44.56999969482422,193000,0.0,0.0
2020-12-11 00:00:00-05:00,43.529998779296875,43.869998931884766,42.18000030517578,42.970001220703125,1371600,0.0,0.0
2020-12-14 00:00:00-05:00,43.720001220703125,44.13999938964844,42.040000915527344,42.88999938964844,355000,0.0,0.0
2020-12-15 00:00:00-05:00,42.869998931884766,44.310001373291016,42.459999084472656,44.15999984741211,276400,0.0,0.0
2020-12-16 00:00:00-05:00,43.849998474121094,44.119998931884766,42.75,43.25,489100,0.0,0.0
2020-12-17 00:00:00-05:00,43.31999969482422,43.369998931884766,41.599998474121094,42.849998474121094,325300,0.0,0.0
2020-12-18 00:00:00-05:00,42.38999938964844,43.0,41.0099983215332,41.029998779296875,723500,0.0,0.0
2020-12-21 00:00:00-05:00,39.20000076293945,40.220001220703125,38.2599983215332,39.83000183105469,478800,0.0,0.0
2020-12-22 00:00:00-05:00,40.290000915527344,40.36000061035156,39.029998779296875,39.599998474121094,281700,0.0,0.0
2020-12-23 00:00:00-05:00,40.06999969482422,41.27000045776367,40.06999969482422,40.61000061035156,198100,0.0,0.0
2020-12-24 00:00:00-05:00,41.029998779296875,41.209999084472656,39.56999969482422,40.40999984741211,119800,0.0,0.0
2020-12-28 00:00:00-05:00,41.40999984741211,41.79999923706055,40.529998779296875,40.58000183105469,262000,0.0,0.0
2020-12-29 00:00:00-05:00,40.97999954223633,40.97999954223633,39.849998474121094,39.91999816894531,273500,0.0,0.0
2020-12-30 00:00:00-05:00,39.880001068115234,40.72999954223633,39.79999923706055,40.5099983215332,210600,0.0,0.0
2020-12-31 00:00:00-05:00,40.25,40.939998626708984,39.63999938964844,40.310001373291016,171400,0.0,0.0
2021-01-04 00:00:00-05:00,40.11000061035156,40.59000015258789,37.34000015258789,37.939998626708984,420500,0.0,0.0
2021-01-05 00:00:00-05:00,37.869998931884766,39.47999954223633,37.61000061035156,38.86000061035156,306600,0.0,0.0
2021-01-06 00:00:00-05:00,39.310001373291016,42.099998474121094,39.310001373291016,41.290000915527344,509400,0.0,0.0
2021-01-07 00:00:00-05:00,41.470001220703125,42.20000076293945,40.83000183105469,41.400001525878906,274600,0.0,0.0
2021-01-08 00:00:00-05:00,41.75,41.900001525878906,40.560001373291016,41.11000061035156,439800,0.0,0.0
2021-01-11 00:00:00-05:00,40.439998626708984,40.97999954223633,39.93000030517578,40.540000915527344,186400,0.0,0.0
2021-01-12 00:00:00-05:00,40.720001220703125,42.11000061035156,40.470001220703125,41.79999923706055,208200,0.0,0.0
2021-01-13 00:00:00-05:00,41.47999954223633,42.31999969482422,40.68000030517578,42.13999938964844,268500,0.0,0.0
2021-01-14 00:00:00-05:00,42.900001525878906,44.650001525878906,42.459999084472656,43.45000076293945,393500,0.0,0.0
2021-01-15 00:00:00-05:00,42.70000076293945,42.959999084472656,41.52000045776367,41.77000045776367,240200,0.0,0.0
2021-01-19 00:00:00-05:00,43.0,43.130001068115234,41.66999816894531,42.33000183105469,242500,0.0,0.0
2021-01-20 00:00:00-05:00,42.869998931884766,43.2599983215332,42.47999954223633,42.97999954223633,277700,0.0,0.0
2021-01-21 00:00:00-05:00,42.7400016784668,42.7400016784668,41.099998474121094,41.959999084472656,371300,0.0,0.0
2021-01-22 00:00:00-05:00,41.189998626708984,42.619998931884766,40.52000045776367,42.47999954223633,328200,0.0,0.0
2021-01-25 00:00:00-05:00,41.5,41.70000076293945,40.18000030517578,41.25,251000,0.0,0.0
2021-01-26 00:00:00-05:00,41.689998626708984,41.95000076293945,40.220001220703125,40.22999954223633,256000,0.0,0.0
2021-01-27 00:00:00-05:00,39.91999816894531,40.119998931884766,38.72999954223633,39.43000030517578,329100,0.0,0.0
2021-01-28 00:00:00-05:00,40.099998474121094,41.369998931884766,39.95000076293945,40.9900016784668,565300,0.0,0.0
2021-01-29 00:00:00-05:00,40.849998474121094,41.20000076293945,38.619998931884766,38.9900016784668,324200,0.0,0.0
2021-02-01 00:00:00-05:00,39.68000030517578,39.93000030517578,38.720001220703125,39.5,277500,0.0,0.0
2021-02-02 00:00:00-05:00,40.119998931884766,40.72999954223633,39.5099983215332,39.66999816894531,261100,0.0,0.0
2021-02-03 00:00:00-05:00,39.849998474121094,42.08000183105469,39.849998474121094,41.70000076293945,375500,0.0,0.0
2021-02-04 00:00:00-05:00,41.88999938964844,45.130001068115234,41.88999938964844,44.36000061035156,688600,0.0,0.0
2021-02-05 00:00:00-05:00,43.41999816894531,43.709999084472656,40.58000183105469,43.040000915527344,720200,0.0,0.0
2021-02-08 00:00:00-05:00,43.400001525878906,46.18000030517578,43.029998779296875,45.52000045776367,449000,0.0,0.0
2021-02-09 00:00:00-05:00,45.150001525878906,45.689998626708984,44.63999938964844,45.0099983215332,264700,0.0,0.0
2021-02-10 00:00:00-05:00,45.560001373291016,45.900001525878906,44.90999984741211,45.25,408000,0.0,0.0
2021-02-11 00:00:00-05:00,45.27000045776367,45.36000061035156,43.720001220703125,44.869998931884766,287600,0.0,0.0
2021-02-12 00:00:00-05:00,44.38999938964844,45.47999954223633,44.09000015258789,45.380001068115234,226500,0.0,0.0
2021-02-16 00:00:00-05:00,45.849998474121094,47.9900016784668,45.720001220703125,47.91999816894531,434300,0.0,0.0
2021-02-17 00:00:00-05:00,47.70000076293945,50.720001220703125,47.52000045776367,50.599998474121094,601000,0.0,0.0
2021-02-18 00:00:00-05:00,49.79999923706055,51.7599983215332,49.40999984741211,51.7400016784668,366800,0.0,0.0
2021-02-19 00:00:00-05:00,52.45000076293945,54.06999969482422,52.0099983215332,53.72999954223633,446200,0.0,0.0
2021-02-22 00:00:00-05:00,55.0,57.630001068115234,53.81999969482422,56.04999923706055,604800,0.0,0.0
2021-02-23 00:00:00-05:00,57.380001068115234,60.599998474121094,54.83000183105469,59.88999938964844,726100,0.0,0.0
2021-02-24 00:00:00-05:00,59.91999816894531,60.790000915527344,58.619998931884766,59.369998931884766,544400,0.0,0.0
2021-02-25 00:00:00-05:00,59.369998931884766,59.9900016784668,54.790000915527344,55.790000915527344,467100,0.0,0.0
2021-02-26 00:00:00-05:00,55.189998626708984,57.34000015258789,54.939998626708984,56.369998931884766,315700,0.0,0.0
2021-03-01 00:00:00-05:00,58.47999954223633,58.70000076293945,55.56999969482422,56.619998931884766,291400,0.0,0.0
2021-03-02 00:00:00-05:00,56.040000915527344,56.43000030517578,55.45000076293945,55.75,228300,0.0,0.0
2021-03-03 00:00:00-05:00,56.59000015258789,57.650001525878906,55.83000183105469,56.349998474121094,302000,0.0,0.0
2021-03-04 00:00:00-05:00,56.90999984741211,57.02000045776367,53.650001525878906,55.029998779296875,350700,0.0,0.0
2021-03-05 00:00:00-05:00,55.52000045776367,55.52000045776367,50.779998779296875,55.33000183105469,443300,0.0,0.0
2021-03-08 00:00:00-05:00,56.41999816894531,58.84000015258789,55.650001525878906,58.31999969482422,436100,0.0,0.0
2021-03-09 00:00:00-05:00,58.4900016784668,59.06999969482422,56.09000015258789,58.08000183105469,385400,0.0,0.0
2021-03-10 00:00:00-05:00,58.04999923706055,59.380001068115234,57.40999984741211,57.470001220703125,478800,0.0,0.0
2021-03-11 00:00:00-05:00,57.540000915527344,59.099998474121094,56.619998931884766,57.689998626708984,440700,0.0,0.0
2021-03-12 00:00:00-05:00,58.0,60.369998931884766,57.560001373291016,60.0,432600,0.0,0.0
2021-03-15 00:00:00-04:00,60.150001525878906,61.15999984741211,59.31999969482422,60.86000061035156,444400,0.0,0.0
2021-03-16 00:00:00-04:00,60.86000061035156,60.86000061035156,57.060001373291016,57.88999938964844,385500,0.0,0.0
2021-03-17 00:00:00-04:00,57.36000061035156,59.060001373291016,57.22999954223633,58.97999954223633,394300,0.0,0.0
2021-03-18 00:00:00-04:00,58.779998779296875,60.68000030517578,58.13999938964844,58.619998931884766,278900,0.0,0.0
2021-03-19 00:00:00-04:00,57.689998626708984,58.95000076293945,56.66999816894531,57.970001220703125,805100,0.0,0.0
2021-03-22 00:00:00-04:00,57.689998626708984,57.689998626708984,55.43000030517578,55.83000183105469,335400,0.0,0.0
2021-03-23 00:00:00-04:00,53.70000076293945,55.65999984741211,53.119998931884766,53.619998931884766,347100,0.0,0.0
2021-03-24 00:00:00-04:00,55.0,56.22999954223633,51.849998474121094,51.880001068115234,482800,0.0,0.0
2021-03-25 00:00:00-04:00,51.08000183105469,54.5099983215332,50.38999938964844,53.81999969482422,812700,0.0,0.0
2021-03-26 00:00:00-04:00,54.61000061035156,56.36000061035156,53.47999954223633,55.22999954223633,333400,0.0,0.0
2021-03-29 00:00:00-04:00,55.310001373291016,55.790000915527344,53.06999969482422,53.540000915527344,280500,0.0,0.0
2021-03-30 00:00:00-04:00,54.11000061035156,56.59000015258789,54.11000061035156,55.599998474121094,206200,0.0,0.0
2021-03-31 00:00:00-04:00,54.81999969482422,55.38999938964844,53.93000030517578,54.47999954223633,441300,0.0,0.0
2021-04-01 00:00:00-04:00,55.0099983215332,55.349998474121094,54.43000030517578,55.06999969482422,247400,0.0,0.0
2021-04-05 00:00:00-04:00,55.970001220703125,56.4900016784668,54.7599983215332,55.08000183105469,271800,0.0,0.0
2021-04-06 00:00:00-04:00,55.470001220703125,56.650001525878906,55.400001525878906,55.93000030517578,204200,0.0,0.0
2021-04-07 00:00:00-04:00,55.7599983215332,56.459999084472656,53.63999938964844,54.029998779296875,196700,0.0,0.0
2021-04-08 00:00:00-04:00,54.2400016784668,54.36000061035156,52.29999923706055,53.560001373291016,263200,0.0,0.0
2021-04-09 00:00:00-04:00,53.439998626708984,54.22999954223633,53.06999969482422,54.0,161600,0.0,0.0
2021-04-12 00:00:00-04:00,54.040000915527344,54.040000915527344,52.5099983215332,53.029998779296875,168400,0.0,0.0
2021-04-13 00:00:00-04:00,52.06999969482422,53.06999969482422,50.849998474121094,52.970001220703125,246300,0.0,0.0
2021-04-14 00:00:00-04:00,52.52000045776367,54.599998474121094,52.52000045776367,53.0099983215332,161100,0.0,0.0
2021-04-15 00:00:00-04:00,53.20000076293945,53.56999969482422,51.70000076293945,52.560001373291016,161400,0.0,0.0
2021-04-16 00:00:00-04:00,53.209999084472656,53.34000015258789,51.66999816894531,52.029998779296875,197100,0.0,0.0
2021-04-19 00:00:00-04:00,51.630001068115234,51.630001068115234,50.38999938964844,50.81999969482422,255900,0.0,0.0
2021-04-20 00:00:00-04:00,49.900001525878906,50.0,47.630001068115234,48.56999969482422,425500,0.0,0.0
2021-04-21 00:00:00-04:00,49.130001068115234,50.86000061035156,47.599998474121094,50.84000015258789,362300,0.0,0.0
2021-04-22 00:00:00-04:00,51.47999954223633,52.08000183105469,50.18000030517578,50.25,269400,0.0,0.0
2021-04-23 00:00:00-04:00,50.4900016784668,52.20000076293945,50.119998931884766,51.630001068115234,236400,0.0,0.0
2021-04-26 00:00:00-04:00,52.2599983215332,53.029998779296875,51.630001068115234,52.040000915527344,152800,0.0,0.0
2021-04-27 00:00:00-04:00,51.81999969482422,52.209999084472656,51.2599983215332,51.66999816894531,166100,0.0,0.0
2021-04-28 00:00:00-04:00,51.47999954223633,51.939998626708984,50.790000915527344,51.04999923706055,206200,0.0,0.0
2021-04-29 00:00:00-04:00,51.7599983215332,52.439998626708984,50.68000030517578,50.95000076293945,374800,0.0,0.0
2021-04-30 00:00:00-04:00,51.150001525878906,53.5,49.5,49.65999984741211,442000,0.0,0.0
2021-05-03 00:00:00-04:00,49.93000030517578,50.400001525878906,49.099998474121094,49.9900016784668,510400,0.0,0.0
2021-05-04 00:00:00-04:00,49.81999969482422,49.90999984741211,47.619998931884766,48.060001373291016,332900,0.0,0.0
2021-05-05 00:00:00-04:00,48.06999969482422,49.5,47.619998931884766,49.02000045776367,454900,0.0,0.0
2021-05-06 00:00:00-04:00,49.650001525878906,49.650001525878906,47.65999984741211,49.220001220703125,231400,0.0,0.0
2021-05-07 00:00:00-04:00,49.31999969482422,50.029998779296875,48.9900016784668,49.54999923706055,267900,0.0,0.0
2021-05-10 00:00:00-04:00,49.619998931884766,50.279998779296875,48.619998931884766,48.689998626708984,292000,0.0,0.0
2021-05-11 00:00:00-04:00,47.560001373291016,47.9900016784668,46.349998474121094,47.86000061035156,322600,0.0,0.0
2021-05-12 00:00:00-04:00,47.369998931884766,48.0,46.040000915527344,46.220001220703125,269600,0.0,0.0
2021-05-13 00:00:00-04:00,46.709999084472656,48.189998626708984,46.22999954223633,47.84000015258789,251200,0.0,0.0
2021-05-14 00:00:00-04:00,48.529998779296875,49.77000045776367,47.849998474121094,49.599998474121094,258300,0.0,0.0
2021-05-17 00:00:00-04:00,49.189998626708984,49.83000183105469,48.08000183105469,49.7400016784668,214300,0.0,0.0
2021-05-18 00:00:00-04:00,50.189998626708984,50.689998626708984,49.18000030517578,49.20000076293945,268900,0.0,0.0
2021-05-19 00:00:00-04:00,48.2599983215332,49.54999923706055,47.54999923706055,48.9900016784668,194000,0.0,0.0
2021-05-20 00:00:00-04:00,48.779998779296875,49.09000015258789,47.59000015258789,48.02000045776367,730700,0.0,0.0
2021-05-21 00:00:00-04:00,48.27000045776367,49.11000061035156,48.27000045776367,48.68000030517578,274900,0.0,0.0
2021-05-24 00:00:00-04:00,48.7599983215332,49.029998779296875,47.959999084472656,48.2400016784668,316700,0.0,0.0
2021-05-25 00:00:00-04:00,48.84000015258789,50.33000183105469,47.86000061035156,47.9900016784668,381000,0.0,0.0
2021-05-26 00:00:00-04:00,48.27000045776367,48.88999938964844,47.779998779296875,48.63999938964844,279900,0.0,0.0
2021-05-27 00:00:00-04:00,49.45000076293945,49.81999969482422,48.619998931884766,49.560001373291016,252900,0.0,0.0
2021-05-28 00:00:00-04:00,49.560001373291016,49.79999923706055,48.75,49.029998779296875,213900,0.0,0.0
2021-06-01 00:00:00-04:00,49.77000045776367,51.099998474121094,49.709999084472656,50.959999084472656,430000,0.0,0.0
2021-06-02 00:00:00-04:00,51.380001068115234,51.540000915527344,49.619998931884766,49.790000915527344,389600,0.0,0.0
2021-06-03 00:00:00-04:00,49.400001525878906,49.56999969482422,48.16999816894531,49.099998474121094,345800,0.0,0.0
2021-06-04 00:00:00-04:00,49.400001525878906,49.4900016784668,48.02000045776367,48.02000045776367,187400,0.0,0.0
2021-06-07 00:00:00-04:00,48.150001525878906,48.810001373291016,47.66999816894531,48.13999938964844,226200,0.0,0.0
2021-06-08 00:00:00-04:00,48.560001373291016,49.61000061035156,48.33000183105469,49.349998474121094,237000,0.0,0.0
2021-06-09 00:00:00-04:00,49.40999984741211,49.40999984741211,48.45000076293945,48.689998626708984,270300,0.0,0.0
2021-06-10 00:00:00-04:00,49.16999816894531,49.25,47.2599983215332,47.38999938964844,219600,0.0,0.0
2021-06-11 00:00:00-04:00,47.709999084472656,48.689998626708984,47.65999984741211,48.540000915527344,859900,0.0,0.0
2021-06-14 00:00:00-04:00,48.529998779296875,48.790000915527344,47.279998779296875,47.61000061035156,286400,0.0,0.0
2021-06-15 00:00:00-04:00,47.52000045776367,48.0,46.79999923706055,47.22999954223633,272400,0.0,0.0
2021-06-16 00:00:00-04:00,47.040000915527344,47.630001068115234,46.619998931884766,47.11000061035156,233600,0.0,0.0
2021-06-17 00:00:00-04:00,47.2599983215332,47.900001525878906,45.279998779296875,46.25,359800,0.0,0.0
2021-06-18 00:00:00-04:00,45.52000045776367,46.869998931884766,45.13999938964844,45.560001373291016,630500,0.0,0.0
2021-06-21 00:00:00-04:00,46.0099983215332,46.970001220703125,45.720001220703125,46.65999984741211,254900,0.0,0.0
2021-06-22 00:00:00-04:00,46.439998626708984,46.5,45.20000076293945,46.2599983215332,178700,0.0,0.0
2021-06-23 00:00:00-04:00,46.209999084472656,46.400001525878906,45.790000915527344,45.91999816894531,193500,0.0,0.0
2021-06-24 00:00:00-04:00,46.33000183105469,46.36000061035156,45.34000015258789,46.34000015258789,256700,0.0,0.0
2021-06-25 00:00:00-04:00,46.279998779296875,46.650001525878906,44.790000915527344,44.95000076293945,762600,0.0,0.0
2021-06-28 00:00:00-04:00,44.7599983215332,44.7599983215332,43.349998474121094,43.4900016784668,425600,0.0,0.0
2021-06-29 00:00:00-04:00,43.68000030517578,44.06999969482422,42.599998474121094,42.75,283900,0.0,0.0
2021-06-30 00:00:00-04:00,42.779998779296875,43.439998626708984,42.58000183105469,43.06999969482422,408400,0.0,0.0
2021-07-01 00:00:00-04:00,43.47999954223633,45.0,43.369998931884766,44.779998779296875,408200,0.0,0.0
2021-07-02 00:00:00-04:00,44.810001373291016,44.810001373291016,43.41999816894531,43.52000045776367,236700,0.0,0.0
2021-07-06 00:00:00-04:00,43.54999923706055,43.68000030517578,41.90999984741211,42.41999816894531,226000,0.0,0.0
2021-07-07 00:00:00-04:00,42.790000915527344,42.790000915527344,41.0099983215332,42.029998779296875,501500,0.0,0.0
2021-07-08 00:00:00-04:00,41.099998474121094,42.599998474121094,40.2400016784668,41.2400016784668,315800,0.0,0.0
2021-07-09 00:00:00-04:00,42.060001373291016,43.06999969482422,41.41999816894531,42.7599983215332,269500,0.0,0.0
2021-07-12 00:00:00-04:00,42.34000015258789,43.0,41.880001068115234,42.65999984741211,255900,0.0,0.0
2021-07-13 00:00:00-04:00,42.16999816894531,42.5,41.15999984741211,41.40999984741211,269900,0.0,0.0
2021-07-14 00:00:00-04:00,42.06999969482422,43.0,41.40999984741211,41.47999954223633,256700,0.0,0.0
2021-07-15 00:00:00-04:00,41.279998779296875,42.029998779296875,40.970001220703125,41.650001525878906,247000,0.0,0.0
2021-07-16 00:00:00-04:00,42.209999084472656,42.81999969482422,39.13999938964844,39.400001525878906,692700,0.0,0.0
2021-07-19 00:00:00-04:00,38.0,38.58000183105469,36.349998474121094,37.18000030517578,722400,0.0,0.0
2021-07-20 00:00:00-04:00,37.59000015258789,40.43000030517578,37.310001373291016,39.83000183105469,659900,0.0,0.0
2021-07-21 00:00:00-04:00,40.27000045776367,41.7400016784668,40.209999084472656,40.75,389700,0.0,0.0
2021-07-22 00:00:00-04:00,40.34000015258789,40.849998474121094,39.439998626708984,39.81999969482422,235900,0.0,0.0
2021-07-23 00:00:00-04:00,40.099998474121094,40.459999084472656,39.189998626708984,39.38999938964844,214300,0.0,0.0
2021-07-26 00:00:00-04:00,39.58000183105469,40.84000015258789,39.58000183105469,40.68000030517578,233100,0.0,0.0
2021-07-27 00:00:00-04:00,40.209999084472656,40.790000915527344,39.70000076293945,40.13999938964844,293100,0.0,0.0
2021-07-28 00:00:00-04:00,40.70000076293945,41.220001220703125,39.36000061035156,40.849998474121094,259100,0.0,0.0
2021-07-29 00:00:00-04:00,41.529998779296875,41.900001525878906,40.43000030517578,41.56999969482422,457100,0.0,0.0
2021-07-30 00:00:00-04:00,41.16999816894531,41.70000076293945,40.029998779296875,40.4900016784668,566700,0.0,0.0
2021-08-02 00:00:00-04:00,41.02000045776367,42.369998931884766,39.849998474121094,40.029998779296875,479000,0.0,0.0
2021-08-03 00:00:00-04:00,40.040000915527344,40.4900016784668,38.709999084472656,39.84000015258789,995600,0.0,0.0
2021-08-04 00:00:00-04:00,39.16999816894531,39.939998626708984,38.95000076293945,39.27000045776367,639500,0.0,0.0
2021-08-05 00:00:00-04:00,39.529998779296875,41.0099983215332,39.529998779296875,40.81999969482422,462700,0.0,0.0
2021-08-06 00:00:00-04:00,41.720001220703125,42.06999969482422,40.61000061035156,41.130001068115234,299200,0.0,0.0
2021-08-09 00:00:00-04:00,40.220001220703125,40.619998931884766,39.16999816894531,40.15999984741211,367000,0.0,0.0
2021-08-10 00:00:00-04:00,40.369998931884766,42.20000076293945,40.22999954223633,41.709999084472656,287000,0.0,0.0
2021-08-11 00:00:00-04:00,41.5,42.880001068115234,41.0,42.720001220703125,259100,0.0,0.0
2021-08-12 00:00:00-04:00,42.709999084472656,42.900001525878906,41.400001525878906,42.18000030517578,257100,0.0,0.0
2021-08-13 00:00:00-04:00,42.33000183105469,42.41999816894531,41.33000183105469,41.869998931884766,191700,0.0,0.0
2021-08-16 00:00:00-04:00,41.40999984741211,42.2599983215332,40.650001525878906,42.25,432300,0.0,0.0
2021-08-17 00:00:00-04:00,41.560001373291016,41.86000061035156,40.68000030517578,41.83000183105469,437400,0.0,0.0
2021-08-18 00:00:00-04:00,41.849998474121094,42.599998474121094,41.209999084472656,41.22999954223633,363200,0.0,0.0
2021-08-19 00:00:00-04:00,40.72999954223633,40.959999084472656,38.5,39.56999969482422,499800,0.0,0.0
2021-08-20 00:00:00-04:00,39.15999984741211,40.220001220703125,39.15999984741211,40.11000061035156,296300,0.0,0.0
2021-08-23 00:00:00-04:00,40.7599983215332,41.72999954223633,40.54999923706055,41.47999954223633,450100,0.0,0.0
2021-08-24 00:00:00-04:00,41.9900016784668,43.9900016784668,41.77000045776367,43.939998626708984,422500,0.0,0.0
2021-08-25 00:00:00-04:00,44.810001373291016,47.9900016784668,44.119998931884766,47.95000076293945,1068400,0.0,0.0
2021-08-26 00:00:00-04:00,47.560001373291016,47.7400016784668,46.75,47.029998779296875,593300,0.0,0.0
2021-08-27 00:00:00-04:00,47.04999923706055,48.93000030517578,47.04999923706055,48.470001220703125,401400,0.0,0.0
2021-08-30 00:00:00-04:00,48.66999816894531,48.84000015258789,46.11000061035156,46.15999984741211,492200,0.0,0.0
2021-08-31 00:00:00-04:00,45.900001525878906,47.25,45.70000076293945,46.650001525878906,1313100,0.0,0.0
2021-09-01 00:00:00-04:00,46.310001373291016,46.81999969482422,45.25,46.04999923706055,367400,0.0,0.0
2021-09-02 00:00:00-04:00,46.20000076293945,47.119998931884766,45.369998931884766,46.369998931884766,285800,0.0,0.0
2021-09-03 00:00:00-04:00,45.95000076293945,46.459999084472656,45.15999984741211,45.619998931884766,252800,0.0,0.0
2021-09-07 00:00:00-04:00,45.33000183105469,46.209999084472656,45.150001525878906,45.93000030517578,175200,0.0,0.0
2021-09-08 00:00:00-04:00,45.790000915527344,46.31999969482422,44.470001220703125,44.59000015258789,303300,0.0,0.0
2021-09-09 00:00:00-04:00,44.5,46.470001220703125,44.5,45.29999923706055,309600,0.0,0.0
2021-09-10 00:00:00-04:00,45.7599983215332,45.7599983215332,43.099998474121094,43.29999923706055,554100,0.0,0.0
2021-09-13 00:00:00-04:00,44.11000061035156,45.900001525878906,43.29999923706055,45.83000183105469,339600,0.0,0.0
2021-09-14 00:00:00-04:00,46.22999954223633,46.22999954223633,44.72999954223633,45.099998474121094,246500,0.0,0.0
2021-09-15 00:00:00-04:00,44.900001525878906,45.349998474121094,44.150001525878906,45.25,229200,0.0,0.0
2021-09-16 00:00:00-04:00,45.65999984741211,46.529998779296875,45.310001373291016,45.900001525878906,235800,0.0,0.0
2021-09-17 00:00:00-04:00,46.18000030517578,46.9900016784668,45.630001068115234,46.65999984741211,811100,0.0,0.0
2021-09-20 00:00:00-04:00,45.68000030517578,46.90999984741211,45.15999984741211,46.72999954223633,250700,0.0,0.0
2021-09-21 00:00:00-04:00,47.18000030517578,47.47999954223633,45.22999954223633,45.25,268100,0.0,0.0
2021-09-22 00:00:00-04:00,45.970001220703125,47.849998474121094,45.970001220703125,47.119998931884766,276200,0.0,0.0
2021-09-23 00:00:00-04:00,47.459999084472656,49.41999816894531,47.150001525878906,48.959999084472656,285100,0.0,0.0
2021-09-24 00:00:00-04:00,48.58000183105469,50.36000061035156,48.540000915527344,50.06999969482422,321800,0.0,0.0
2021-09-27 00:00:00-04:00,51.04999923706055,52.54999923706055,50.900001525878906,51.209999084472656,334600,0.0,0.0
2021-09-28 00:00:00-04:00,51.02000045776367,51.709999084472656,50.040000915527344,50.15999984741211,239300,0.0,0.0
2021-09-29 00:00:00-04:00,50.470001220703125,51.349998474121094,49.290000915527344,50.540000915527344,244800,0.0,0.0
2021-09-30 00:00:00-04:00,49.54999923706055,50.45000076293945,49.310001373291016,49.34000015258789,286300,0.0,0.0
2021-10-01 00:00:00-04:00,50.459999084472656,52.5,50.439998626708984,51.97999954223633,346000,0.0,0.0
2021-10-04 00:00:00-04:00,52.369998931884766,53.04999923706055,51.68000030517578,51.97999954223633,237400,0.0,0.0
2021-10-05 00:00:00-04:00,51.900001525878906,52.849998474121094,51.119998931884766,52.16999816894531,337000,0.0,0.0
2021-10-06 00:00:00-04:00,50.900001525878906,51.72999954223633,50.060001373291016,51.72999954223633,236300,0.0,0.0
2021-10-07 00:00:00-04:00,52.16999816894531,52.209999084472656,50.84000015258789,50.939998626708984,247800,0.0,0.0
2021-10-08 00:00:00-04:00,51.15999984741211,51.59000015258789,50.150001525878906,51.45000076293945,108500,0.0,0.0
2021-10-11 00:00:00-04:00,51.0,52.099998474121094,50.91999816894531,50.939998626708984,127200,0.0,0.0
2021-10-12 00:00:00-04:00,50.939998626708984,51.5,50.439998626708984,51.25,155800,0.0,0.0
2021-10-13 00:00:00-04:00,50.7599983215332,50.7599983215332,49.150001525878906,49.75,220800,0.0,0.0
2021-10-14 00:00:00-04:00,50.439998626708984,50.560001373291016,49.970001220703125,50.130001068115234,137900,0.0,0.0
2021-10-15 00:00:00-04:00,51.650001525878906,51.79999923706055,49.380001068115234,49.41999816894531,306000,0.0,0.0
2021-10-18 00:00:00-04:00,49.040000915527344,49.880001068115234,48.61000061035156,48.7400016784668,225100,0.0,0.0
2021-10-19 00:00:00-04:00,49.43000030517578,49.43000030517578,47.790000915527344,47.900001525878906,180200,0.0,0.0
2021-10-20 00:00:00-04:00,47.779998779296875,48.209999084472656,46.38999938964844,46.93000030517578,294000,0.0,0.0
2021-10-21 00:00:00-04:00,46.93000030517578,47.790000915527344,46.54999923706055,47.68000030517578,338500,0.0,0.0
2021-10-22 00:00:00-04:00,47.220001220703125,47.619998931884766,46.52000045776367,46.63999938964844,173400,0.0,0.0
2021-10-25 00:00:00-04:00,46.63999938964844,47.0099983215332,46.369998931884766,46.93000030517578,176100,0.0,0.0
2021-10-26 00:00:00-04:00,47.459999084472656,47.86000061035156,46.369998931884766,46.7599983215332,195300,0.0,0.0
2021-10-27 00:00:00-04:00,46.7599983215332,46.7599983215332,45.36000061035156,45.45000076293945,217600,0.0,0.0
2021-10-28 00:00:00-04:00,46.04999923706055,46.380001068115234,45.290000915527344,46.02000045776367,253000,0.0,0.0
2021-10-29 00:00:00-04:00,45.36000061035156,46.38999938964844,42.36000061035156,43.029998779296875,472500,0.0,0.0
2021-11-01 00:00:00-04:00,43.27000045776367,44.209999084472656,42.06999969482422,43.689998626708984,470100,0.0,0.0
2021-11-02 00:00:00-04:00,43.59000015258789,44.220001220703125,42.880001068115234,44.189998626708984,268200,0.0,0.0
2021-11-03 00:00:00-04:00,44.150001525878906,45.900001525878906,43.91999816894531,45.29999923706055,274600,0.0,0.0
2021-11-04 00:00:00-04:00,45.56999969482422,45.7599983215332,44.20000076293945,44.970001220703125,296700,0.0,0.0
2021-11-05 00:00:00-04:00,47.060001373291016,50.16999816894531,46.95000076293945,49.349998474121094,496700,0.0,0.0
2021-11-08 00:00:00-05:00,49.9900016784668,51.880001068115234,49.9900016784668,50.369998931884766,601800,0.0,0.0
2021-11-09 00:00:00-05:00,49.81999969482422,50.58000183105469,48.77000045776367,49.91999816894531,337200,0.0,0.0
2021-11-10 00:00:00-05:00,48.02000045776367,50.439998626708984,47.939998626708984,49.459999084472656,233100,0.0,0.0
2021-11-11 00:00:00-05:00,49.40999984741211,50.029998779296875,48.939998626708984,49.209999084472656,177700,0.0,0.0
2021-11-12 00:00:00-05:00,49.31999969482422,49.40999984741211,47.31999969482422,47.88999938964844,196600,0.0,0.0
2021-11-15 00:00:00-05:00,48.599998474121094,48.599998474121094,47.5,47.81999969482422,166700,0.0,0.0
2021-11-16 00:00:00-05:00,47.93000030517578,47.93000030517578,45.900001525878906,46.349998474121094,244100,0.0,0.0
2021-11-17 00:00:00-05:00,46.0,46.349998474121094,45.13999938964844,45.97999954223633,190600,0.0,0.0
2021-11-18 00:00:00-05:00,46.15999984741211,46.4900016784668,44.59000015258789,45.310001373291016,255100,0.0,0.0
2021-11-19 00:00:00-05:00,44.52000045776367,44.61000061035156,43.2400016784668,43.650001525878906,335400,0.0,0.0
2021-11-22 00:00:00-05:00,44.2599983215332,45.04999923706055,43.709999084472656,44.459999084472656,289800,0.0,0.0
2021-11-23 00:00:00-05:00,44.560001373291016,45.560001373291016,44.27000045776367,44.54999923706055,257800,0.0,0.0
2021-11-24 00:00:00-05:00,44.029998779296875,44.83000183105469,43.90999984741211,44.22999954223633,118300,0.0,0.0
2021-11-26 00:00:00-05:00,42.040000915527344,42.209999084472656,39.15999984741211,41.060001373291016,507100,0.0,0.0
2021-11-29 00:00:00-05:00,42.43000030517578,42.5,40.220001220703125,40.91999816894531,451300,0.0,0.0
2021-11-30 00:00:00-05:00,39.970001220703125,40.349998474121094,38.2400016784668,39.16999816894531,452600,0.0,0.0
2021-12-01 00:00:00-05:00,40.61000061035156,41.7400016784668,37.15999984741211,37.5,533800,0.0,0.0
2021-12-02 00:00:00-05:00,38.130001068115234,40.439998626708984,38.0,39.90999984741211,391200,0.0,0.0
2021-12-03 00:00:00-05:00,39.70000076293945,40.34000015258789,38.11000061035156,38.86000061035156,315300,0.0,0.0
2021-12-06 00:00:00-05:00,39.689998626708984,43.27000045776367,39.68000030517578,41.650001525878906,437400,0.0,0.0
2021-12-07 00:00:00-05:00,42.43000030517578,42.959999084472656,40.95000076293945,41.36000061035156,447100,0.0,0.0
2021-12-08 00:00:00-05:00,42.2599983215332,43.66999816894531,41.72999954223633,42.2400016784668,219100,0.0,0.0
2021-12-09 00:00:00-05:00,41.47999954223633,41.86000061035156,41.11000061035156,41.25,313300,0.0,0.0
2021-12-10 00:00:00-05:00,41.349998474121094,41.380001068115234,39.70000076293945,40.88999938964844,417900,0.0,0.0
2021-12-13 00:00:00-05:00,40.130001068115234,40.130001068115234,38.75,39.27000045776367,312200,0.0,0.0
2021-12-14 00:00:00-05:00,39.20000076293945,40.7599983215332,38.93000030517578,39.4900016784668,254100,0.0,0.0
2021-12-15 00:00:00-05:00,37.66999816894531,38.2599983215332,36.41999816894531,38.06999969482422,574700,0.0,0.0
2021-12-16 00:00:00-05:00,38.56999969482422,38.97999954223633,36.75,37.2400016784668,439000,0.0,0.0
2021-12-17 00:00:00-05:00,37.36000061035156,39.209999084472656,37.0099983215332,38.09000015258789,916300,0.0,0.0
2021-12-20 00:00:00-05:00,36.939998626708984,38.0,36.349998474121094,37.65999984741211,360700,0.0,0.0
2021-12-21 00:00:00-05:00,38.2599983215332,40.83000183105469,38.2599983215332,40.560001373291016,394100,0.0,0.0
2021-12-22 00:00:00-05:00,40.560001373291016,40.880001068115234,39.650001525878906,40.400001525878906,398300,0.0,0.0
2021-12-23 00:00:00-05:00,41.11000061035156,41.599998474121094,40.279998779296875,41.25,267700,0.0,0.0
2021-12-27 00:00:00-05:00,40.2400016784668,41.380001068115234,39.900001525878906,40.84000015258789,223300,0.0,0.0
2021-12-28 00:00:00-05:00,39.52000045776367,41.599998474121094,39.52000045776367,40.709999084472656,166200,0.0,0.0
2021-12-29 00:00:00-05:00,40.29999923706055,40.779998779296875,39.439998626708984,40.08000183105469,351500,0.0,0.0
2021-12-30 00:00:00-05:00,40.0099983215332,40.939998626708984,39.34000015258789,39.400001525878906,290900,0.0,0.0
2021-12-31 00:00:00-05:00,39.34000015258789,39.81999969482422,38.9900016784668,39.29999923706055,186100,0.0,0.0
2022-01-03 00:00:00-05:00,39.7599983215332,41.689998626708984,39.7599983215332,40.56999969482422,252200,0.0,0.0
2022-01-04 00:00:00-05:00,41.2599983215332,42.36000061035156,40.72999954223633,41.83000183105469,361500,0.0,0.0
2022-01-05 00:00:00-05:00,42.040000915527344,42.25,40.61000061035156,40.720001220703125,250900,0.0,0.0
2022-01-06 00:00:00-05:00,41.130001068115234,41.90999984741211,40.52000045776367,40.79999923706055,232800,0.0,0.0
2022-01-07 00:00:00-05:00,40.84000015258789,42.0,40.84000015258789,41.22999954223633,287300,0.0,0.0
2022-01-10 00:00:00-05:00,41.970001220703125,41.970001220703125,40.130001068115234,41.0,207200,0.0,0.0
2022-01-11 00:00:00-05:00,40.709999084472656,41.869998931884766,40.380001068115234,41.470001220703125,229200,0.0,0.0
2022-01-12 00:00:00-05:00,41.470001220703125,41.5,40.189998626708984,40.209999084472656,330200,0.0,0.0
2022-01-13 00:00:00-05:00,40.880001068115234,42.970001220703125,40.84000015258789,41.720001220703125,325900,0.0,0.0
2022-01-14 00:00:00-05:00,41.150001525878906,41.7599983215332,40.54999923706055,41.630001068115234,242600,0.0,0.0
2022-01-18 00:00:00-05:00,41.25,42.40999984741211,40.779998779296875,40.91999816894531,211500,0.0,0.0
2022-01-19 00:00:00-05:00,40.93000030517578,41.150001525878906,40.189998626708984,40.279998779296875,193200,0.0,0.0
2022-01-20 00:00:00-05:00,39.97999954223633,41.34000015258789,39.5099983215332,39.630001068115234,295200,0.0,0.0
2022-01-21 00:00:00-05:00,39.36000061035156,40.04999923706055,37.91999816894531,38.18000030517578,635800,0.0,0.0
2022-01-24 00:00:00-05:00,37.13999938964844,38.439998626708984,35.70000076293945,38.369998931884766,573200,0.0,0.0
2022-01-25 00:00:00-05:00,37.70000076293945,38.869998931884766,37.130001068115234,38.38999938964844,281300,0.0,0.0
2022-01-26 00:00:00-05:00,38.93000030517578,39.93000030517578,37.529998779296875,37.88999938964844,389500,0.0,0.0
2022-01-27 00:00:00-05:00,38.279998779296875,39.88999938964844,36.790000915527344,37.47999954223633,385200,0.0,0.0
2022-01-28 00:00:00-05:00,37.31999969482422,37.63999938964844,35.31999969482422,37.060001373291016,458100,0.0,0.0
2022-01-31 00:00:00-05:00,36.54999923706055,38.31999969482422,36.5,38.150001525878906,344700,0.0,0.0
2022-02-01 00:00:00-05:00,38.279998779296875,39.5099983215332,38.16999816894531,39.16999816894531,394000,0.0,0.0
2022-02-02 00:00:00-05:00,39.75,39.75,37.869998931884766,38.77000045776367,361800,0.0,0.0
2022-02-03 00:00:00-05:00,38.34000015258789,39.15999984741211,37.81999969482422,37.959999084472656,326800,0.0,0.0
2022-02-04 00:00:00-05:00,34.06999969482422,34.900001525878906,29.110000610351562,29.469999313354492,2539700,0.0,0.0
2022-02-07 00:00:00-05:00,29.81999969482422,32.7400016784668,29.760000228881836,31.3799991607666,1398300,0.0,0.0
2022-02-08 00:00:00-05:00,32.0,33.09000015258789,31.329999923706055,32.7599983215332,868600,0.0,0.0
2022-02-09 00:00:00-05:00,33.029998779296875,33.939998626708984,33.0099983215332,33.130001068115234,556000,0.0,0.0
2022-02-10 00:00:00-05:00,32.720001220703125,34.189998626708984,32.369998931884766,32.86000061035156,627500,0.0,0.0
2022-02-11 00:00:00-05:00,33.16999816894531,33.84000015258789,31.280000686645508,32.0099983215332,655200,0.0,0.0
2022-02-14 00:00:00-05:00,32.060001373291016,33.04999923706055,31.190000534057617,31.450000762939453,442900,0.0,0.0
2022-02-15 00:00:00-05:00,32.38999938964844,32.900001525878906,31.959999084472656,32.56999969482422,536000,0.0,0.0
2022-02-16 00:00:00-05:00,32.5,32.77000045776367,31.899999618530273,32.34000015258789,554400,0.0,0.0
2022-02-17 00:00:00-05:00,31.81999969482422,32.02000045776367,30.299999237060547,30.709999084472656,449100,0.0,0.0
2022-02-18 00:00:00-05:00,30.670000076293945,31.0,29.639999389648438,30.049999237060547,689900,0.0,0.0
2022-02-22 00:00:00-05:00,29.459999084472656,30.700000762939453,29.1299991607666,29.18000030517578,678400,0.0,0.0
2022-02-23 00:00:00-05:00,29.139999389648438,29.34000015258789,27.729999542236328,27.850000381469727,915800,0.0,0.0
2022-02-24 00:00:00-05:00,26.469999313354492,28.68000030517578,26.079999923706055,28.600000381469727,1182400,0.0,0.0
2022-02-25 00:00:00-05:00,28.860000610351562,29.290000915527344,28.149999618530273,28.989999771118164,909800,0.0,0.0
2022-02-28 00:00:00-05:00,28.270000457763672,29.079999923706055,27.600000381469727,28.110000610351562,1123500,0.0,0.0
2022-03-01 00:00:00-05:00,27.790000915527344,27.899999618530273,25.850000381469727,26.1200008392334,2304700,0.0,0.0
2022-03-02 00:00:00-05:00,26.6200008392334,27.8700008392334,26.6200008392334,27.399999618530273,1105400,0.0,0.0
2022-03-03 00:00:00-05:00,27.829999923706055,28.18000030517578,26.420000076293945,26.799999237060547,962500,0.0,0.0
2022-03-04 00:00:00-05:00,26.1299991607666,26.34000015258789,25.09000015258789,25.549999237060547,923500,0.0,0.0
2022-03-07 00:00:00-05:00,25.1200008392334,25.299999237060547,22.780000686645508,22.959999084472656,1651000,0.0,0.0
2022-03-08 00:00:00-05:00,23.610000610351562,26.450000762939453,23.290000915527344,25.43000030517578,1193300,0.0,0.0
2022-03-09 00:00:00-05:00,26.940000534057617,27.43000030517578,25.739999771118164,26.149999618530273,765800,0.0,0.0
2022-03-10 00:00:00-05:00,25.3799991607666,26.299999237060547,24.690000534057617,25.260000228881836,639600,0.0,0.0
2022-03-11 00:00:00-05:00,25.850000381469727,25.8700008392334,24.600000381469727,25.329999923706055,2666300,0.0,0.0
2022-03-14 00:00:00-04:00,25.719999313354492,26.219999313354492,24.549999237060547,25.1200008392334,757900,0.0,0.0
2022-03-15 00:00:00-04:00,26.1200008392334,26.610000610351562,25.270000457763672,25.979999542236328,658700,0.0,0.0
2022-03-16 00:00:00-04:00,26.760000228881836,28.049999237060547,26.690000534057617,27.799999237060547,904200,0.0,0.0
2022-03-17 00:00:00-04:00,27.06999969482422,28.260000228881836,26.510000228881836,28.219999313354492,547200,0.0,0.0
2022-03-18 00:00:00-04:00,27.540000915527344,28.65999984741211,27.399999618530273,28.06999969482422,1219100,0.0,0.0
2022-03-21 00:00:00-04:00,27.920000076293945,27.969999313354492,27.020000457763672,27.65999984741211,533200,0.0,0.0
2022-03-22 00:00:00-04:00,28.479999542236328,28.93000030517578,27.93000030517578,28.25,518700,0.0,0.0
2022-03-23 00:00:00-04:00,27.90999984741211,28.09000015258789,27.520000457763672,27.6200008392334,404900,0.0,0.0
2022-03-24 00:00:00-04:00,27.93000030517578,28.079999923706055,27.399999618530273,28.040000915527344,422600,0.0,0.0
2022-03-25 00:00:00-04:00,28.270000457763672,28.920000076293945,28.010000228881836,28.18000030517578,300200,0.0,0.0
2022-03-28 00:00:00-04:00,28.459999084472656,28.780000686645508,27.530000686645508,28.40999984741211,415600,0.0,0.0
2022-03-29 00:00:00-04:00,29.309999465942383,30.59000015258789,28.8700008392334,28.959999084472656,616200,0.0,0.0
2022-03-30 00:00:00-04:00,28.489999771118164,28.850000381469727,28.309999465942383,28.670000076293945,448800,0.0,0.0
2022-03-31 00:00:00-04:00,28.75,29.229999542236328,28.530000686645508,28.850000381469727,306400,0.0,0.0
2022-04-01 00:00:00-04:00,28.90999984741211,29.25,28.729999542236328,29.110000610351562,464000,0.0,0.0
2022-04-04 00:00:00-04:00,28.799999237060547,29.06999969482422,28.469999313354492,28.860000610351562,322900,0.0,0.0
2022-04-05 00:00:00-04:00,29.440000534057617,29.440000534057617,28.1200008392334,28.520000457763672,664700,0.0,0.0
2022-04-06 00:00:00-04:00,27.920000076293945,28.440000534057617,27.209999084472656,28.030000686645508,715600,0.0,0.0
2022-04-07 00:00:00-04:00,27.950000762939453,28.350000381469727,27.350000381469727,28.200000762939453,687800,0.0,0.0
2022-04-08 00:00:00-04:00,28.25,28.399999618530273,27.649999618530273,27.719999313354492,527600,0.0,0.0
2022-04-11 00:00:00-04:00,27.729999542236328,29.040000915527344,27.530000686645508,28.170000076293945,534400,0.0,0.0
2022-04-12 00:00:00-04:00,28.420000076293945,28.81999969482422,27.950000762939453,28.579999923706055,507900,0.0,0.0
2022-04-13 00:00:00-04:00,29.43000030517578,30.079999923706055,29.209999084472656,29.489999771118164,581700,0.0,0.0
2022-04-14 00:00:00-04:00,29.670000076293945,30.690000534057617,29.229999542236328,29.510000228881836,488300,0.0,0.0
2022-04-18 00:00:00-04:00,29.020000457763672,29.610000610351562,28.860000610351562,29.280000686645508,433300,0.0,0.0
2022-04-19 00:00:00-04:00,29.540000915527344,30.700000762939453,29.530000686645508,30.540000915527344,483200,0.0,0.0
2022-04-20 00:00:00-04:00,31.0,31.34000015258789,30.520000457763672,30.790000915527344,479100,0.0,0.0
2022-04-21 00:00:00-04:00,32.349998474121094,33.349998474121094,32.18000030517578,32.43000030517578,919100,0.0,0.0
2022-04-22 00:00:00-04:00,32.29999923706055,32.630001068115234,31.0,31.15999984741211,606100,0.0,0.0
2022-04-25 00:00:00-04:00,30.700000762939453,31.15999984741211,30.0,31.040000915527344,620000,0.0,0.0
2022-04-26 00:00:00-04:00,30.459999084472656,30.459999084472656,29.229999542236328,29.690000534057617,657100,0.0,0.0
2022-04-27 00:00:00-04:00,28.09000015258789,29.110000610351562,27.3700008392334,28.450000762939453,867300,0.0,0.0
2022-04-28 00:00:00-04:00,29.06999969482422,29.209999084472656,27.670000076293945,29.139999389648438,482400,0.0,0.0
2022-04-29 00:00:00-04:00,28.6299991607666,30.399999618530273,28.3799991607666,29.149999618530273,870400,0.0,0.0
2022-05-02 00:00:00-04:00,29.100000381469727,29.690000534057617,28.190000534057617,29.010000228881836,763300,0.0,0.0
2022-05-03 00:00:00-04:00,29.25,29.40999984741211,28.440000534057617,28.579999923706055,600600,0.0,0.0
2022-05-04 00:00:00-04:00,28.25,28.84000015258789,27.850000381469727,28.770000457763672,632000,0.0,0.0
2022-05-05 00:00:00-04:00,28.25,28.600000381469727,27.719999313354492,27.969999313354492,537500,0.0,0.0
2022-05-06 00:00:00-04:00,27.829999923706055,28.0,26.540000915527344,26.920000076293945,532200,0.0,0.0
2022-05-09 00:00:00-04:00,26.420000076293945,26.8799991607666,25.450000762939453,25.59000015258789,467100,0.0,0.0
2022-05-10 00:00:00-04:00,26.0,26.510000228881836,25.110000610351562,26.25,449000,0.0,0.0
2022-05-11 00:00:00-04:00,26.3700008392334,27.190000534057617,25.829999923706055,26.209999084472656,661100,0.0,0.0
2022-05-12 00:00:00-04:00,25.93000030517578,26.100000381469727,24.93000030517578,25.579999923706055,578500,0.0,0.0
2022-05-13 00:00:00-04:00,26.0,26.670000076293945,25.25,26.239999771118164,942100,0.0,0.0
2022-05-16 00:00:00-04:00,26.329999923706055,26.5,25.6200008392334,25.719999313354492,414600,0.0,0.0
2022-05-17 00:00:00-04:00,26.639999389648438,27.209999084472656,26.440000534057617,27.149999618530273,426300,0.0,0.0
2022-05-18 00:00:00-04:00,26.8799991607666,27.670000076293945,26.299999237060547,26.350000381469727,447800,0.0,0.0
2022-05-19 00:00:00-04:00,25.959999084472656,26.75,25.81999969482422,25.979999542236328,497800,0.0,0.0
2022-05-20 00:00:00-04:00,26.31999969482422,26.3799991607666,24.59000015258789,25.040000915527344,373700,0.0,0.0
2022-05-23 00:00:00-04:00,25.440000534057617,25.760000228881836,24.469999313354492,25.15999984741211,611700,0.0,0.0
2022-05-24 00:00:00-04:00,24.719999313354492,24.75,23.389999389648438,23.719999313354492,419500,0.0,0.0
2022-05-25 00:00:00-04:00,23.610000610351562,24.280000686645508,23.5,24.06999969482422,429700,0.0,0.0
2022-05-26 00:00:00-04:00,24.329999923706055,25.469999313354492,24.329999923706055,25.110000610351562,509200,0.0,0.0
2022-05-27 00:00:00-04:00,25.469999313354492,26.850000381469727,25.459999084472656,26.549999237060547,382100,0.0,0.0
2022-05-31 00:00:00-04:00,25.969999313354492,27.079999923706055,25.68000030517578,26.959999084472656,534600,0.0,0.0
2022-06-01 00:00:00-04:00,27.3700008392334,27.540000915527344,26.0,26.829999923706055,468600,0.0,0.0
2022-06-02 00:00:00-04:00,26.739999771118164,27.18000030517578,26.3799991607666,26.479999542236328,363300,0.0,0.0
2022-06-03 00:00:00-04:00,26.059999465942383,26.5,25.68000030517578,26.3700008392334,483500,0.0,0.0
2022-06-06 00:00:00-04:00,27.030000686645508,27.200000762939453,26.43000030517578,26.770000457763672,350800,0.0,0.0
2022-06-07 00:00:00-04:00,26.190000534057617,27.270000457763672,26.190000534057617,27.200000762939453,386400,0.0,0.0
2022-06-08 00:00:00-04:00,26.56999969482422,27.100000381469727,26.200000762939453,26.290000915527344,273700,0.0,0.0
2022-06-09 00:00:00-04:00,26.079999923706055,26.1299991607666,25.06999969482422,25.079999923706055,361900,0.0,0.0
2022-06-10 00:00:00-04:00,24.459999084472656,24.8700008392334,23.270000457763672,23.549999237060547,979200,0.0,0.0
2022-06-13 00:00:00-04:00,22.700000762939453,22.860000610351562,21.809999465942383,21.959999084472656,669300,0.0,0.0
2022-06-14 00:00:00-04:00,22.25,22.25,21.3799991607666,21.8700008392334,370700,0.0,0.0
2022-06-15 00:00:00-04:00,22.25,22.809999465942383,22.030000686645508,22.299999237060547,472800,0.0,0.0
2022-06-16 00:00:00-04:00,21.399999618530273,21.399999618530273,20.260000228881836,20.360000610351562,716600,0.0,0.0
2022-06-17 00:00:00-04:00,20.520000457763672,21.260000228881836,20.059999465942383,21.100000381469727,625000,0.0,0.0
2022-06-21 00:00:00-04:00,21.510000228881836,21.700000762939453,20.790000915527344,20.8700008392334,450700,0.0,0.0
2022-06-22 00:00:00-04:00,20.540000915527344,21.440000534057617,20.3799991607666,21.209999084472656,436800,0.0,0.0
2022-06-23 00:00:00-04:00,21.0,21.479999542236328,20.639999389648438,21.020000457763672,355700,0.0,0.0
2022-06-24 00:00:00-04:00,21.049999237060547,22.809999465942383,21.049999237060547,22.420000076293945,728600,0.0,0.0
2022-06-27 00:00:00-04:00,22.459999084472656,22.579999923706055,21.75,21.799999237060547,365000,0.0,0.0
2022-06-28 00:00:00-04:00,22.209999084472656,23.079999923706055,21.469999313354492,21.489999771118164,495100,0.0,0.0
2022-06-29 00:00:00-04:00,21.290000915527344,21.3700008392334,20.670000076293945,21.1299991607666,367600,0.0,0.0
2022-06-30 00:00:00-04:00,20.600000381469727,21.299999237060547,20.209999084472656,21.25,427800,0.0,0.0
2022-07-01 00:00:00-04:00,21.350000381469727,22.100000381469727,21.079999923706055,22.010000228881836,585100,0.0,0.0
2022-07-05 00:00:00-04:00,21.059999465942383,22.079999923706055,20.809999465942383,21.950000762939453,546700,0.0,0.0
2022-07-06 00:00:00-04:00,21.729999542236328,22.1200008392334,21.049999237060547,21.260000228881836,386900,0.0,0.0
2022-07-07 00:00:00-04:00,21.510000228881836,21.75,21.229999542236328,21.290000915527344,253100,0.0,0.0
2022-07-08 00:00:00-04:00,21.260000228881836,21.670000076293945,20.860000610351562,21.200000762939453,437300,0.0,0.0
2022-07-11 00:00:00-04:00,20.93000030517578,21.049999237060547,20.510000228881836,20.790000915527344,276700,0.0,0.0
2022-07-12 00:00:00-04:00,20.790000915527344,22.030000686645508,20.790000915527344,21.709999084472656,330400,0.0,0.0
2022-07-13 00:00:00-04:00,21.020000457763672,21.68000030517578,20.829999923706055,21.6200008392334,248500,0.0,0.0
2022-07-14 00:00:00-04:00,21.18000030517578,21.729999542236328,20.950000762939453,21.350000381469727,256500,0.0,0.0
2022-07-15 00:00:00-04:00,21.90999984741211,21.90999984741211,21.229999542236328,21.65999984741211,354500,0.0,0.0
2022-07-18 00:00:00-04:00,22.030000686645508,22.43000030517578,21.639999389648438,21.739999771118164,359100,0.0,0.0
2022-07-19 00:00:00-04:00,22.280000686645508,22.719999313354492,22.280000686645508,22.530000686645508,302800,0.0,0.0
2022-07-20 00:00:00-04:00,22.6200008392334,22.969999313354492,22.34000015258789,22.760000228881836,308600,0.0,0.0
2022-07-21 00:00:00-04:00,22.309999465942383,22.309999465942383,21.450000762939453,21.850000381469727,345900,0.0,0.0
2022-07-22 00:00:00-04:00,21.940000534057617,21.989999771118164,21.31999969482422,21.56999969482422,270300,0.0,0.0
2022-07-25 00:00:00-04:00,21.809999465942383,21.809999465942383,21.299999237060547,21.75,301000,0.0,0.0
2022-07-26 00:00:00-04:00,21.520000457763672,21.6299991607666,21.1299991607666,21.170000076293945,267900,0.0,0.0
2022-07-27 00:00:00-04:00,21.559999465942383,22.260000228881836,21.299999237060547,22.139999389648438,277500,0.0,0.0
2022-07-28 00:00:00-04:00,21.90999984741211,22.59000015258789,21.649999618530273,22.520000457763672,344900,0.0,0.0
2022-07-29 00:00:00-04:00,24.0,24.899999618530273,23.81999969482422,24.149999618530273,686000,0.0,0.0
2022-08-01 00:00:00-04:00,23.889999389648438,24.68000030517578,23.68000030517578,24.3700008392334,523000,0.0,0.0
2022-08-02 00:00:00-04:00,24.010000228881836,24.420000076293945,23.5,24.049999237060547,435400,0.0,0.0
2022-08-03 00:00:00-04:00,24.25,25.06999969482422,24.06999969482422,24.979999542236328,329100,0.0,0.0
2022-08-04 00:00:00-04:00,25.149999618530273,25.489999771118164,24.600000381469727,24.670000076293945,313800,0.0,0.0
2022-08-05 00:00:00-04:00,24.25,24.670000076293945,24.170000076293945,24.389999389648438,314600,0.0,0.0
2022-08-08 00:00:00-04:00,24.670000076293945,25.030000686645508,24.15999984741211,24.559999465942383,1083600,0.0,0.0
2022-08-09 00:00:00-04:00,24.3799991607666,24.479999542236328,22.700000762939453,22.940000534057617,478800,0.0,0.0
2022-08-10 00:00:00-04:00,23.600000381469727,24.209999084472656,23.389999389648438,23.700000762939453,478900,0.0,0.0
2022-08-11 00:00:00-04:00,24.149999618530273,24.510000228881836,23.579999923706055,23.65999984741211,320100,0.0,0.0
2022-08-12 00:00:00-04:00,24.0,24.219999313354492,23.559999465942383,24.110000610351562,335700,0.0,0.0
2022-08-15 00:00:00-04:00,24.059999465942383,24.6200008392334,24.020000457763672,24.5,387600,0.0,0.0
2022-08-16 00:00:00-04:00,24.479999542236328,24.760000228881836,24.15999984741211,24.639999389648438,287400,0.0,0.0
2022-08-17 00:00:00-04:00,24.219999313354492,24.219999313354492,23.31999969482422,23.43000030517578,418200,0.0,0.0
2022-08-18 00:00:00-04:00,23.43000030517578,23.479999542236328,23.040000915527344,23.299999237060547,294500,0.0,0.0
2022-08-19 00:00:00-04:00,22.729999542236328,22.920000076293945,21.889999389648438,22.18000030517578,706300,0.0,0.0
2022-08-22 00:00:00-04:00,21.760000228881836,21.760000228881836,20.920000076293945,21.399999618530273,579900,0.0,0.0
2022-08-23 00:00:00-04:00,21.479999542236328,21.760000228881836,21.049999237060547,21.31999969482422,451200,0.0,0.0
2022-08-24 00:00:00-04:00,21.350000381469727,21.6299991607666,21.110000610351562,21.40999984741211,383300,0.0,0.0
2022-08-25 00:00:00-04:00,21.459999084472656,22.520000457763672,21.3700008392334,22.1200008392334,576300,0.0,0.0
2022-08-26 00:00:00-04:00,22.34000015258789,22.489999771118164,21.56999969482422,21.790000915527344,495800,0.0,0.0
2022-08-29 00:00:00-04:00,21.5,21.719999313354492,21.290000915527344,21.559999465942383,526300,0.0,0.0
2022-08-30 00:00:00-04:00,21.81999969482422,22.0,21.440000534057617,21.760000228881836,379500,0.0,0.0
2022-08-31 00:00:00-04:00,22.020000457763672,22.149999618530273,21.239999771118164,21.290000915527344,454400,0.0,0.0
2022-09-01 00:00:00-04:00,21.09000015258789,21.200000762939453,20.579999923706055,21.170000076293945,488000,0.0,0.0
2022-09-02 00:00:00-04:00,21.170000076293945,21.610000610351562,20.770000457763672,20.829999923706055,547700,0.0,0.0
2022-09-06 00:00:00-04:00,21.020000457763672,21.1200008392334,20.0,20.649999618530273,981400,0.0,0.0
2022-09-07 00:00:00-04:00,20.6299991607666,21.329999923706055,20.420000076293945,21.229999542236328,1163100,0.0,0.0
2022-09-08 00:00:00-04:00,20.09000015258789,20.389999389648438,19.739999771118164,20.139999389648438,972200,0.0,0.0
2022-09-09 00:00:00-04:00,20.31999969482422,20.559999465942383,20.059999465942383,20.149999618530273,1321300,0.0,0.0
2022-09-12 00:00:00-04:00,20.34000015258789,20.8700008392334,20.200000762939453,20.489999771118164,552800,0.0,0.0
2022-09-13 00:00:00-04:00,19.8700008392334,19.889999389648438,19.020000457763672,19.139999389648438,1194900,0.0,0.0
2022-09-14 00:00:00-04:00,19.06999969482422,19.139999389648438,18.1200008392334,19.1200008392334,1200200,0.0,0.0
2022-09-15 00:00:00-04:00,18.940000534057617,19.399999618530273,18.600000381469727,18.600000381469727,1178700,0.0,0.0
2022-09-16 00:00:00-04:00,18.170000076293945,18.43000030517578,17.649999618530273,17.799999237060547,1088600,0.0,0.0
2022-09-19 00:00:00-04:00,17.559999465942383,18.200000762939453,17.559999465942383,17.979999542236328,506100,0.0,0.0
2022-09-20 00:00:00-04:00,17.850000381469727,17.860000610351562,17.260000228881836,17.709999084472656,600800,0.0,0.0
2022-09-21 00:00:00-04:00,17.579999923706055,17.639999389648438,16.790000915527344,16.940000534057617,977400,0.0,0.0
2022-09-22 00:00:00-04:00,16.899999618530273,16.940000534057617,16.5,16.780000686645508,806900,0.0,0.0
2022-09-23 00:00:00-04:00,16.520000457763672,16.739999771118164,16.030000686645508,16.510000228881836,964500,0.0,0.0
2022-09-26 00:00:00-04:00,16.350000381469727,16.670000076293945,15.829999923706055,15.829999923706055,1083200,0.0,0.0
2022-09-27 00:00:00-04:00,16.110000610351562,16.709999084472656,16.030000686645508,16.40999984741211,643400,0.0,0.0
2022-09-28 00:00:00-04:00,16.43000030517578,17.0,16.239999771118164,16.8799991607666,563300,0.0,0.0
2022-09-29 00:00:00-04:00,16.5,16.649999618530273,16.059999465942383,16.450000762939453,555600,0.0,0.0
2022-09-30 00:00:00-04:00,16.399999618530273,16.649999618530273,16.239999771118164,16.260000228881836,606500,0.0,0.0
2022-10-03 00:00:00-04:00,16.389999389648438,16.709999084472656,16.030000686645508,16.469999313354492,490300,0.0,0.0
2022-10-04 00:00:00-04:00,17.100000381469727,17.6299991607666,17.010000228881836,17.559999465942383,532600,0.0,0.0
2022-10-05 00:00:00-04:00,16.950000762939453,17.639999389648438,16.950000762939453,17.56999969482422,371300,0.0,0.0
2022-10-06 00:00:00-04:00,17.360000610351562,17.739999771118164,17.360000610351562,17.690000534057617,396200,0.0,0.0
2022-10-07 00:00:00-04:00,17.360000610351562,17.479999542236328,17.010000228881836,17.299999237060547,673400,0.0,0.0
2022-10-10 00:00:00-04:00,17.420000076293945,17.709999084472656,17.280000686645508,17.450000762939453,544500,0.0,0.0
2022-10-11 00:00:00-04:00,17.799999237060547,18.020000457763672,17.229999542236328,17.389999389648438,515400,0.0,0.0
2022-10-12 00:00:00-04:00,17.299999237060547,17.780000686645508,17.020000457763672,17.65999984741211,747300,0.0,0.0
2022-10-13 00:00:00-04:00,17.6200008392334,18.079999923706055,17.170000076293945,17.739999771118164,559900,0.0,0.0
2022-10-14 00:00:00-04:00,18.059999465942383,18.290000915527344,17.639999389648438,17.799999237060547,490300,0.0,0.0
2022-10-17 00:00:00-04:00,18.239999771118164,18.270000457763672,17.739999771118164,17.81999969482422,382800,0.0,0.0
2022-10-18 00:00:00-04:00,18.270000457763672,18.5,17.90999984741211,18.239999771118164,374100,0.0,0.0
2022-10-19 00:00:00-04:00,18.56999969482422,18.68000030517578,17.5,17.649999618530273,369700,0.0,0.0
2022-10-20 00:00:00-04:00,17.549999237060547,17.940000534057617,17.459999084472656,17.540000915527344,381700,0.0,0.0
2022-10-21 00:00:00-04:00,17.540000915527344,17.93000030517578,17.389999389648438,17.670000076293945,429800,0.0,0.0
2022-10-24 00:00:00-04:00,17.719999313354492,18.190000534057617,17.520000457763672,18.079999923706055,374700,0.0,0.0
2022-10-25 00:00:00-04:00,17.959999084472656,18.739999771118164,17.799999237060547,18.6299991607666,452100,0.0,0.0
2022-10-26 00:00:00-04:00,18.56999969482422,19.059999465942383,18.360000610351562,18.440000534057617,431400,0.0,0.0
2022-10-27 00:00:00-04:00,18.760000228881836,19.239999771118164,18.639999389648438,18.780000686645508,574900,0.0,0.0
2022-10-28 00:00:00-04:00,18.84000015258789,18.899999618530273,16.709999084472656,17.690000534057617,957400,0.0,0.0
2022-10-31 00:00:00-04:00,17.770000457763672,17.93000030517578,17.350000381469727,17.68000030517578,623700,0.0,0.0
2022-11-01 00:00:00-04:00,17.969999313354492,18.030000686645508,17.6200008392334,17.729999542236328,586500,0.0,0.0
2022-11-02 00:00:00-04:00,17.559999465942383,17.809999465942383,17.229999542236328,17.239999771118164,633500,0.0,0.0
2022-11-03 00:00:00-04:00,17.040000915527344,17.40999984741211,16.600000381469727,17.209999084472656,685800,0.0,0.0
2022-11-04 00:00:00-04:00,17.530000686645508,17.739999771118164,17.209999084472656,17.540000915527344,622000,0.0,0.0
2022-11-07 00:00:00-05:00,17.719999313354492,17.850000381469727,17.389999389648438,17.770000457763672,527700,0.0,0.0
2022-11-08 00:00:00-05:00,17.790000915527344,17.93000030517578,17.0,17.010000228881836,396200,0.0,0.0
2022-11-09 00:00:00-05:00,16.790000915527344,17.18000030517578,16.610000610351562,16.8700008392334,404500,0.0,0.0
2022-11-10 00:00:00-05:00,17.5,18.1299991607666,17.399999618530273,17.920000076293945,513700,0.0,0.0
2022-11-11 00:00:00-05:00,18.170000076293945,18.389999389648438,17.889999389648438,18.18000030517578,446900,0.0,0.0
2022-11-14 00:00:00-05:00,17.850000381469727,18.469999313354492,17.68000030517578,17.920000076293945,411700,0.0,0.0
2022-11-15 00:00:00-05:00,18.239999771118164,18.559999465942383,17.81999969482422,17.920000076293945,416600,0.0,0.0
2022-11-16 00:00:00-05:00,17.65999984741211,17.68000030517578,17.450000762939453,17.510000228881836,369400,0.0,0.0
2022-11-17 00:00:00-05:00,17.18000030517578,17.479999542236328,17.110000610351562,17.360000610351562,339600,0.0,0.0
2022-11-18 00:00:00-05:00,17.790000915527344,18.0,17.65999984741211,17.889999389648438,369800,0.0,0.0
2022-11-21 00:00:00-05:00,17.860000610351562,18.15999984741211,17.510000228881836,17.75,361800,0.0,0.0
2022-11-22 00:00:00-05:00,17.84000015258789,17.84000015258789,17.389999389648438,17.450000762939453,266300,0.0,0.0
2022-11-23 00:00:00-05:00,17.479999542236328,17.809999465942383,17.34000015258789,17.75,291300,0.0,0.0
2022-11-25 00:00:00-05:00,17.690000534057617,18.06999969482422,17.690000534057617,18.06999969482422,126800,0.0,0.0
2022-11-28 00:00:00-05:00,17.90999984741211,18.079999923706055,17.700000762939453,17.90999984741211,550200,0.0,0.0
2022-11-29 00:00:00-05:00,17.899999618530273,18.440000534057617,17.899999618530273,18.329999923706055,403100,0.0,0.0
2022-11-30 00:00:00-05:00,18.3799991607666,18.5,18.059999465942383,18.450000762939453,335100,0.0,0.0
2022-12-01 00:00:00-05:00,18.59000015258789,18.719999313354492,17.950000762939453,18.06999969482422,222200,0.0,0.0
2022-12-02 00:00:00-05:00,17.84000015258789,18.219999313354492,17.670000076293945,18.1200008392334,280500,0.0,0.0
2022-12-05 00:00:00-05:00,18.25,18.350000381469727,18.020000457763672,18.329999923706055,430700,0.0,0.0
2022-12-06 00:00:00-05:00,18.329999923706055,18.700000762939453,18.270000457763672,18.479999542236328,445600,0.0,0.0
2022-12-07 00:00:00-05:00,18.350000381469727,18.389999389648438,17.700000762939453,18.010000228881836,789300,0.0,0.0
2022-12-08 00:00:00-05:00,18.170000076293945,18.360000610351562,17.6299991607666,17.889999389648438,508200,0.0,0.0
2022-12-09 00:00:00-05:00,17.729999542236328,18.389999389648438,17.729999542236328,18.170000076293945,1488800,0.0,0.0
2022-12-12 00:00:00-05:00,18.200000762939453,18.649999618530273,18.09000015258789,18.600000381469727,533400,0.0,0.0
2022-12-13 00:00:00-05:00,18.93000030517578,19.219999313354492,18.40999984741211,18.469999313354492,703800,0.0,0.0
2022-12-14 00:00:00-05:00,18.639999389648438,19.110000610351562,18.510000228881836,18.799999237060547,541700,0.0,0.0
2022-12-15 00:00:00-05:00,18.56999969482422,18.600000381469727,18.010000228881836,18.049999237060547,543900,0.0,0.0
2022-12-16 00:00:00-05:00,17.31999969482422,17.559999465942383,16.40999984741211,16.649999618530273,1726900,0.0,0.0
2022-12-19 00:00:00-05:00,16.65999984741211,16.81999969482422,16.059999465942383,16.229999542236328,997800,0.0,0.0
2022-12-20 00:00:00-05:00,16.1200008392334,16.290000915527344,15.8100004196167,15.819999694824219,644100,0.0,0.0
2022-12-21 00:00:00-05:00,15.930000305175781,16.139999389648438,15.479999542236328,15.670000076293945,624500,0.0,0.0
2022-12-22 00:00:00-05:00,15.529999732971191,15.630000114440918,14.949999809265137,15.619999885559082,803900,0.0,0.0
2022-12-23 00:00:00-05:00,15.579999923706055,15.760000228881836,15.40999984741211,15.600000381469727,320800,0.0,0.0
2022-12-27 00:00:00-05:00,15.40999984741211,15.40999984741211,15.09000015258789,15.289999961853027,457100,0.0,0.0
2022-12-28 00:00:00-05:00,15.300000190734863,15.399999618530273,14.819999694824219,14.869999885559082,471800,0.0,0.0
2022-12-29 00:00:00-05:00,14.859999656677246,16.0,14.760000228881836,15.949999809265137,580700,0.0,0.0
2022-12-30 00:00:00-05:00,15.770000457763672,16.889999389648438,15.640000343322754,16.510000228881836,1005800,0.0,0.0
2023-01-03 00:00:00-05:00,16.790000915527344,16.8700008392334,16.149999618530273,16.43000030517578,647300,0.0,0.0
2023-01-04 00:00:00-05:00,16.59000015258789,17.399999618530273,16.59000015258789,17.360000610351562,597900,0.0,0.0
2023-01-05 00:00:00-05:00,17.270000457763672,17.610000610351562,17.010000228881836,17.579999923706055,376900,0.0,0.0
2023-01-06 00:00:00-05:00,17.690000534057617,18.3799991607666,17.600000381469727,18.280000686645508,389400,0.0,0.0
2023-01-09 00:00:00-05:00,18.239999771118164,18.829999923706055,18.239999771118164,18.579999923706055,433300,0.0,0.0
2023-01-10 00:00:00-05:00,18.600000381469727,19.020000457763672,18.360000610351562,19.010000228881836,310300,0.0,0.0
2023-01-11 00:00:00-05:00,18.979999542236328,19.329999923706055,18.90999984741211,19.299999237060547,398400,0.0,0.0
2023-01-12 00:00:00-05:00,19.690000534057617,20.0,19.34000015258789,20.0,398200,0.0,0.0
2023-01-13 00:00:00-05:00,19.280000686645508,20.729999542236328,19.280000686645508,20.399999618530273,351400,0.0,0.0
2023-01-17 00:00:00-05:00,20.25,20.309999465942383,19.459999084472656,19.75,299200,0.0,0.0
2023-01-18 00:00:00-05:00,20.059999465942383,20.450000762939453,19.43000030517578,19.479999542236328,368300,0.0,0.0
2023-01-19 00:00:00-05:00,19.270000457763672,19.540000915527344,18.959999084472656,19.520000457763672,349700,0.0,0.0
2023-01-20 00:00:00-05:00,19.700000762939453,19.729999542236328,19.3700008392334,19.59000015258789,427700,0.0,0.0
2023-01-23 00:00:00-05:00,19.65999984741211,20.15999984741211,19.520000457763672,20.049999237060547,366300,0.0,0.0
2023-01-24 00:00:00-05:00,19.90999984741211,20.25,19.770000457763672,19.790000915527344,216100,0.0,0.0
2023-01-25 00:00:00-05:00,19.719999313354492,19.8700008392334,19.3799991607666,19.860000610351562,272900,0.0,0.0
2023-01-26 00:00:00-05:00,19.90999984741211,20.010000228881836,19.43000030517578,20.0,198200,0.0,0.0
2023-01-27 00:00:00-05:00,19.950000762939453,20.360000610351562,19.899999618530273,20.260000228881836,248600,0.0,0.0
2023-01-30 00:00:00-05:00,20.200000762939453,20.440000534057617,19.90999984741211,19.950000762939453,331900,0.0,0.0
2023-01-31 00:00:00-05:00,19.989999771118164,20.809999465942383,19.989999771118164,20.760000228881836,418700,0.0,0.0
2023-02-01 00:00:00-05:00,20.639999389648438,20.700000762939453,19.739999771118164,20.40999984741211,650400,0.0,0.0
2023-02-02 00:00:00-05:00,20.700000762939453,22.18000030517578,20.700000762939453,21.889999389648438,588400,0.0,0.0
2023-02-03 00:00:00-05:00,18.700000762939453,19.010000228881836,16.59000015258789,18.530000686645508,1777300,0.0,0.0
2023-02-06 00:00:00-05:00,18.270000457763672,18.649999618530273,18.0,18.489999771118164,621800,0.0,0.0
2023-02-07 00:00:00-05:00,18.40999984741211,18.8700008392334,18.149999618530273,18.649999618530273,635900,0.0,0.0
2023-02-08 00:00:00-05:00,18.639999389648438,19.280000686645508,18.520000457763672,19.170000076293945,556100,0.0,0.0
2023-02-09 00:00:00-05:00,19.43000030517578,19.989999771118164,19.049999237060547,19.110000610351562,526100,0.0,0.0
2023-02-10 00:00:00-05:00,19.170000076293945,19.399999618530273,18.559999465942383,19.0,566500,0.0,0.0
2023-02-13 00:00:00-05:00,19.0,19.670000076293945,18.790000915527344,19.520000457763672,567900,0.0,0.0
2023-02-14 00:00:00-05:00,19.3799991607666,20.65999984741211,19.25,20.510000228881836,815800,0.0,0.0
2023-02-15 00:00:00-05:00,20.510000228881836,20.920000076293945,20.399999618530273,20.68000030517578,657200,0.0,0.0
2023-02-16 00:00:00-05:00,20.3799991607666,20.65999984741211,20.100000381469727,20.209999084472656,582600,0.0,0.0
2023-02-17 00:00:00-05:00,20.25,20.690000534057617,19.93000030517578,20.479999542236328,677300,0.0,0.0
2023-02-21 00:00:00-05:00,20.200000762939453,20.329999923706055,19.31999969482422,19.350000381469727,661400,0.0,0.0
2023-02-22 00:00:00-05:00,19.3700008392334,19.889999389648438,19.309999465942383,19.5,704900,0.0,0.0
2023-02-23 00:00:00-05:00,19.670000076293945,20.110000610351562,19.59000015258789,20.049999237060547,593800,0.0,0.0
2023-02-24 00:00:00-05:00,19.59000015258789,20.049999237060547,19.200000762939453,19.790000915527344,567200,0.0,0.0
2023-02-27 00:00:00-05:00,19.270000457763672,19.559999465942383,18.0,18.989999771118164,1775100,0.0,0.0
2023-02-28 00:00:00-05:00,18.920000076293945,19.350000381469727,18.690000534057617,19.06999969482422,789900,0.0,0.0
2023-03-01 00:00:00-05:00,19.0,19.530000686645508,18.950000762939453,19.280000686645508,860700,0.0,0.0
2023-03-02 00:00:00-05:00,19.09000015258789,20.6200008392334,19.09000015258789,20.5,763000,0.0,0.0
2023-03-03 00:00:00-05:00,20.739999771118164,20.989999771118164,20.559999465942383,20.829999923706055,746900,0.0,0.0
2023-03-06 00:00:00-05:00,20.979999542236328,21.049999237060547,20.110000610351562,20.149999618530273,938500,0.0,0.0
2023-03-07 00:00:00-05:00,20.229999542236328,20.979999542236328,20.100000381469727,20.979999542236328,766600,0.0,0.0
2023-03-08 00:00:00-05:00,21.030000686645508,21.219999313354492,20.739999771118164,21.18000030517578,853600,0.0,0.0
2023-03-09 00:00:00-05:00,21.049999237060547,21.579999923706055,20.229999542236328,20.239999771118164,776900,0.0,0.0
2023-03-10 00:00:00-05:00,20.399999618530273,20.43000030517578,19.43000030517578,19.489999771118164,3646700,0.0,0.0
2023-03-13 00:00:00-04:00,19.049999237060547,19.649999618530273,18.829999923706055,19.059999465942383,789700,0.0,0.0
2023-03-14 00:00:00-04:00,19.530000686645508,20.059999465942383,19.329999923706055,19.700000762939453,938300,0.0,0.0
2023-03-15 00:00:00-04:00,18.989999771118164,19.190000534057617,18.1299991607666,18.389999389648438,867000,0.0,0.0
2023-03-16 00:00:00-04:00,18.219999313354492,18.690000534057617,17.93000030517578,18.450000762939453,681400,0.0,0.0
2023-03-17 00:00:00-04:00,18.260000228881836,18.399999618530273,17.850000381469727,17.889999389648438,1429100,0.0,0.0
2023-03-20 00:00:00-04:00,17.8799991607666,18.559999465942383,17.8799991607666,18.329999923706055,705100,0.0,0.0
2023-03-21 00:00:00-04:00,18.739999771118164,19.200000762939453,18.6299991607666,18.649999618530273,606400,0.0,0.0
2023-03-22 00:00:00-04:00,18.670000076293945,18.940000534057617,18.209999084472656,18.229999542236328,569600,0.0,0.0
2023-03-23 00:00:00-04:00,18.40999984741211,19.09000015258789,18.200000762939453,18.389999389648438,530700,0.0,0.0
2023-03-24 00:00:00-04:00,18.139999389648438,18.940000534057617,17.84000015258789,18.799999237060547,617800,0.0,0.0
2023-03-27 00:00:00-04:00,19.110000610351562,19.979999542236328,19.110000610351562,19.850000381469727,619500,0.0,0.0
2023-03-28 00:00:00-04:00,19.709999084472656,20.530000686645508,19.690000534057617,20.3799991607666,546600,0.0,0.0
2023-03-29 00:00:00-04:00,20.65999984741211,21.010000228881836,20.600000381469727,20.84000015258789,531300,0.0,0.0
2023-03-30 00:00:00-04:00,20.920000076293945,21.6299991607666,20.920000076293945,21.459999084472656,481000,0.0,0.0
2023-03-31 00:00:00-04:00,21.520000457763672,22.360000610351562,21.489999771118164,22.170000076293945,674700,0.0,0.0
2023-04-03 00:00:00-04:00,22.0,22.25,21.5,22.100000381469727,651600,0.0,0.0
2023-04-04 00:00:00-04:00,22.209999084472656,22.3700008392334,21.8700008392334,22.18000030517578,403900,0.0,0.0
2023-04-05 00:00:00-04:00,22.040000915527344,22.31999969482422,21.850000381469727,22.149999618530273,314500,0.0,0.0
2023-04-06 00:00:00-04:00,22.299999237060547,22.6299991607666,22.18000030517578,22.469999313354492,370500,0.0,0.0
2023-04-10 00:00:00-04:00,22.6200008392334,22.969999313354492,22.469999313354492,22.809999465942383,1062800,0.0,0.0
2023-04-11 00:00:00-04:00,22.860000610351562,23.75,22.860000610351562,23.399999618530273,528800,0.0,0.0
2023-04-12 00:00:00-04:00,23.469999313354492,23.68000030517578,22.780000686645508,23.229999542236328,454900,0.0,0.0
2023-04-13 00:00:00-04:00,23.479999542236328,23.8799991607666,23.239999771118164,23.690000534057617,419900,0.0,0.0
2023-04-14 00:00:00-04:00,23.709999084472656,23.989999771118164,23.420000076293945,23.649999618530273,416600,0.0,0.0
2023-04-17 00:00:00-04:00,23.719999313354492,24.010000228881836,23.719999313354492,23.8700008392334,317800,0.0,0.0
2023-04-18 00:00:00-04:00,23.93000030517578,23.969999313354492,23.59000015258789,23.729999542236328,332700,0.0,0.0
2023-04-19 00:00:00-04:00,23.469999313354492,24.25,23.469999313354492,24.190000534057617,345800,0.0,0.0
2023-04-20 00:00:00-04:00,23.809999465942383,24.34000015258789,23.809999465942383,24.200000762939453,439800,0.0,0.0
2023-04-21 00:00:00-04:00,24.139999389648438,24.31999969482422,24.020000457763672,24.209999084472656,354800,0.0,0.0
2023-04-24 00:00:00-04:00,24.260000228881836,24.459999084472656,23.93000030517578,24.06999969482422,323000,0.0,0.0
2023-04-25 00:00:00-04:00,23.739999771118164,23.90999984741211,23.3700008392334,23.559999465942383,352100,0.0,0.0
2023-04-26 00:00:00-04:00,23.530000686645508,24.059999465942383,23.510000228881836,23.65999984741211,382900,0.0,0.0
2023-04-27 00:00:00-04:00,23.989999771118164,24.549999237060547,23.600000381469727,24.06999969482422,666600,0.0,0.0
2023-04-28 00:00:00-04:00,24.649999618530273,29.309999465942383,24.3799991607666,28.299999237060547,1706300,0.0,0.0
2023-05-01 00:00:00-04:00,28.219999313354492,28.40999984741211,27.549999237060547,27.6200008392334,776000,0.0,0.0
2023-05-02 00:00:00-04:00,27.68000030517578,27.770000457763672,26.809999465942383,27.40999984741211,492000,0.0,0.0
2023-05-03 00:00:00-04:00,27.610000610351562,28.770000457763672,27.510000228881836,28.450000762939453,765600,0.0,0.0
2023-05-04 00:00:00-04:00,28.010000228881836,28.290000915527344,26.979999542236328,27.18000030517578,751600,0.0,0.0
2023-05-05 00:00:00-04:00,27.610000610351562,28.479999542236328,27.530000686645508,28.059999465942383,567100,0.0,0.0
2023-05-08 00:00:00-04:00,28.079999923706055,28.1299991607666,27.270000457763672,27.360000610351562,443300,0.0,0.0
2023-05-09 00:00:00-04:00,27.209999084472656,27.360000610351562,26.8799991607666,26.940000534057617,514400,0.0,0.0
2023-05-10 00:00:00-04:00,27.420000076293945,27.450000762939453,26.209999084472656,26.440000534057617,520600,0.0,0.0
2023-05-11 00:00:00-04:00,26.34000015258789,26.469999313354492,25.790000915527344,25.84000015258789,480100,0.0,0.0
2023-05-12 00:00:00-04:00,26.09000015258789,26.360000610351562,25.81999969482422,26.100000381469727,489900,0.0,0.0
2023-05-15 00:00:00-04:00,26.209999084472656,26.639999389648438,26.15999984741211,26.59000015258789,362500,0.0,0.0
2023-05-16 00:00:00-04:00,26.290000915527344,27.020000457763672,26.110000610351562,26.6299991607666,426700,0.0,0.0
2023-05-17 00:00:00-04:00,27.0,28.360000610351562,26.93000030517578,28.25,689600,0.0,0.0
2023-05-18 00:00:00-04:00,28.0,28.729999542236328,27.950000762939453,28.600000381469727,570400,0.0,0.0
2023-05-19 00:00:00-04:00,28.770000457763672,28.829999923706055,28.3799991607666,28.530000686645508,556200,0.0,0.0
2023-05-22 00:00:00-04:00,28.600000381469727,28.780000686645508,28.309999465942383,28.520000457763672,712500,0.0,0.0
2023-05-23 00:00:00-04:00,28.34000015258789,29.110000610351562,28.329999923706055,28.6299991607666,407800,0.0,0.0
2023-05-24 00:00:00-04:00,28.34000015258789,28.700000762939453,28.06999969482422,28.6200008392334,377300,0.0,0.0
2023-05-25 00:00:00-04:00,28.600000381469727,29.200000762939453,28.549999237060547,29.139999389648438,495200,0.0,0.0
2023-05-26 00:00:00-04:00,29.360000610351562,30.59000015258789,29.350000381469727,30.3799991607666,770000,0.0,0.0
2023-05-30 00:00:00-04:00,30.6299991607666,31.010000228881836,30.260000228881836,30.329999923706055,417400,0.0,0.0
2023-05-31 00:00:00-04:00,30.510000228881836,30.600000381469727,29.5,29.90999984741211,600800,0.0,0.0
2023-06-01 00:00:00-04:00,29.81999969482422,31.399999618530273,29.6299991607666,31.309999465942383,807600,0.0,0.0
2023-06-02 00:00:00-04:00,31.65999984741211,33.18000030517578,31.540000915527344,32.36000061035156,904600,0.0,0.0
2023-06-05 00:00:00-04:00,31.940000534057617,33.29999923706055,31.93000030517578,33.22999954223633,563800,0.0,0.0
2023-06-06 00:00:00-04:00,33.029998779296875,34.25,32.959999084472656,34.060001373291016,618900,0.0,0.0
2023-06-07 00:00:00-04:00,34.29999923706055,34.41999816894531,33.630001068115234,34.04999923706055,559700,0.0,0.0
2023-06-08 00:00:00-04:00,33.7400016784668,34.29999923706055,33.540000915527344,34.04999923706055,474200,0.0,0.0
2023-06-09 00:00:00-04:00,34.16999816894531,34.20000076293945,33.31999969482422,33.970001220703125,3568300,0.0,0.0
2023-06-12 00:00:00-04:00,34.029998779296875,35.459999084472656,33.97999954223633,35.290000915527344,973700,0.0,0.0
2023-06-13 00:00:00-04:00,35.630001068115234,37.88999938964844,35.5099983215332,37.31999969482422,744400,0.0,0.0
2023-06-14 00:00:00-04:00,37.380001068115234,37.91999816894531,36.58000183105469,36.900001525878906,897600,0.0,0.0
2023-06-15 00:00:00-04:00,37.720001220703125,40.02000045776367,37.68000030517578,38.56999969482422,1627900,0.0,0.0
2023-06-16 00:00:00-04:00,38.75,39.16999816894531,38.380001068115234,38.689998626708984,2859000,0.0,0.0
2023-06-20 00:00:00-04:00,38.4900016784668,39.400001525878906,38.279998779296875,39.369998931884766,769000,0.0,0.0
2023-06-21 00:00:00-04:00,39.369998931884766,39.77000045776367,39.04999923706055,39.63999938964844,565700,0.0,0.0
2023-06-22 00:00:00-04:00,39.290000915527344,39.66999816894531,39.18000030517578,39.599998474121094,456500,0.0,0.0
2023-06-23 00:00:00-04:00,38.83000183105469,39.72999954223633,38.810001373291016,39.56999969482422,922000,0.0,0.0
2023-06-26 00:00:00-04:00,39.7599983215332,40.33000183105469,38.7400016784668,38.90999984741211,484600,0.0,0.0
2023-06-27 00:00:00-04:00,39.11000061035156,40.04999923706055,39.08000183105469,39.16999816894531,555900,0.0,0.0
2023-06-28 00:00:00-04:00,39.040000915527344,39.7400016784668,38.900001525878906,39.650001525878906,465000,0.0,0.0
2023-06-29 00:00:00-04:00,39.79999923706055,40.7599983215332,39.779998779296875,40.380001068115234,510400,0.0,0.0
2023-06-30 00:00:00-04:00,40.849998474121094,41.150001525878906,40.189998626708984,40.720001220703125,494200,0.0,0.0
2023-07-03 00:00:00-04:00,40.369998931884766,40.97999954223633,40.34000015258789,40.880001068115234,212800,0.0,0.0
2023-07-05 00:00:00-04:00,40.38999938964844,40.84000015258789,39.7599983215332,40.15999984741211,370400,0.0,0.0
2023-07-06 00:00:00-04:00,39.41999816894531,39.9900016784668,39.08000183105469,39.65999984741211,397700,0.0,0.0
2023-07-07 00:00:00-04:00,39.97999954223633,41.439998626708984,39.959999084472656,40.86000061035156,438100,0.0,0.0
2023-07-10 00:00:00-04:00,40.7400016784668,42.209999084472656,40.72999954223633,42.189998626708984,512500,0.0,0.0
2023-07-11 00:00:00-04:00,42.4900016784668,42.560001373291016,41.060001373291016,41.75,384400,0.0,0.0
2023-07-12 00:00:00-04:00,42.220001220703125,42.459999084472656,40.9900016784668,41.119998931884766,391700,0.0,0.0
2023-07-13 00:00:00-04:00,41.68000030517578,41.79999923706055,41.099998474121094,41.470001220703125,350600,0.0,0.0
2023-07-14 00:00:00-04:00,41.40999984741211,41.40999984741211,39.970001220703125,40.43000030517578,370200,0.0,0.0
2023-07-17 00:00:00-04:00,40.43000030517578,40.83000183105469,40.220001220703125,40.45000076293945,233300,0.0,0.0
2023-07-18 00:00:00-04:00,40.650001525878906,42.0,40.470001220703125,41.869998931884766,338900,0.0,0.0
2023-07-19 00:00:00-04:00,42.0,42.38999938964844,41.599998474121094,42.369998931884766,270800,0.0,0.0
2023-07-20 00:00:00-04:00,42.150001525878906,42.150001525878906,41.25,41.5099983215332,309300,0.0,0.0
2023-07-21 00:00:00-04:00,41.83000183105469,42.16999816894531,40.970001220703125,41.06999969482422,290400,0.0,0.0
2023-07-24 00:00:00-04:00,40.790000915527344,41.08000183105469,40.43000030517578,40.83000183105469,308600,0.0,0.0
2023-07-25 00:00:00-04:00,40.400001525878906,40.43000030517578,39.380001068115234,40.31999969482422,326000,0.0,0.0
2023-07-26 00:00:00-04:00,40.41999816894531,41.13999938964844,39.61000061035156,40.209999084472656,374200,0.0,0.0
2023-07-27 00:00:00-04:00,39.86000061035156,40.150001525878906,39.060001373291016,39.650001525878906,585200,0.0,0.0
2023-07-28 00:00:00-04:00,40.90999984741211,45.97999954223633,40.33000183105469,44.540000915527344,1197000,0.0,0.0
2023-07-31 00:00:00-04:00,44.849998474121094,44.849998474121094,43.470001220703125,43.9900016784668,554500,0.0,0.0
2023-08-01 00:00:00-04:00,43.720001220703125,44.47999954223633,43.06999969482422,44.369998931884766,460400,0.0,0.0
2023-08-02 00:00:00-04:00,43.65999984741211,44.95000076293945,43.31999969482422,44.52000045776367,384000,0.0,0.0
2023-08-03 00:00:00-04:00,44.040000915527344,44.220001220703125,42.900001525878906,43.029998779296875,359100,0.0,0.0
2023-08-04 00:00:00-04:00,43.4900016784668,43.720001220703125,41.790000915527344,42.08000183105469,447000,0.0,0.0
2023-08-07 00:00:00-04:00,42.189998626708984,43.95000076293945,42.189998626708984,43.11000061035156,372600,0.0,0.0
2023-08-08 00:00:00-04:00,42.400001525878906,43.33000183105469,42.2400016784668,43.2400016784668,381200,0.0,0.0
2023-08-09 00:00:00-04:00,43.06999969482422,43.279998779296875,42.09000015258789,42.58000183105469,329000,0.0,0.0
2023-08-10 00:00:00-04:00,43.18000030517578,43.45000076293945,41.47999954223633,41.959999084472656,294300,0.0,0.0
2023-08-11 00:00:00-04:00,41.66999816894531,42.369998931884766,41.58000183105469,42.0099983215332,213600,0.0,0.0
2023-08-14 00:00:00-04:00,41.529998779296875,42.599998474121094,41.5099983215332,42.189998626708984,271400,0.0,0.0
2023-08-15 00:00:00-04:00,41.70000076293945,41.900001525878906,40.97999954223633,41.16999816894531,217800,0.0,0.0
2023-08-16 00:00:00-04:00,41.11000061035156,41.880001068115234,40.25,40.38999938964844,261500,0.0,0.0
2023-08-17 00:00:00-04:00,40.5,40.72999954223633,39.630001068115234,40.09000015258789,349900,0.0,0.0
2023-08-18 00:00:00-04:00,39.58000183105469,40.25,39.38999938964844,39.970001220703125,344100,0.0,0.0
2023-08-21 00:00:00-04:00,40.06999969482422,40.650001525878906,39.72999954223633,40.439998626708984,370900,0.0,0.0
2023-08-22 00:00:00-04:00,40.630001068115234,41.08000183105469,39.47999954223633,40.33000183105469,334500,0.0,0.0
2023-08-23 00:00:00-04:00,40.29999923706055,41.59000015258789,40.16999816894531,41.2599983215332,358700,0.0,0.0
2023-08-24 00:00:00-04:00,41.0,41.31999969482422,40.20000076293945,40.279998779296875,382000,0.0,0.0
2023-08-25 00:00:00-04:00,40.36000061035156,40.70000076293945,39.65999984741211,40.16999816894531,341400,0.0,0.0
2023-08-28 00:00:00-04:00,40.650001525878906,41.9900016784668,40.650001525878906,41.849998474121094,372300,0.0,0.0
2023-08-29 00:00:00-04:00,41.79999923706055,43.88999938964844,41.689998626708984,43.380001068115234,662800,0.0,0.0
2023-08-30 00:00:00-04:00,43.040000915527344,43.400001525878906,41.31999969482422,41.400001525878906,454900,0.0,0.0
2023-08-31 00:00:00-04:00,43.18000030517578,45.220001220703125,43.0099983215332,45.099998474121094,691600,0.0,0.0
2023-09-01 00:00:00-04:00,45.439998626708984,46.06999969482422,44.22999954223633,44.380001068115234,382800,0.0,0.0
2023-09-05 00:00:00-04:00,43.9900016784668,44.02000045776367,41.939998626708984,43.619998931884766,489700,0.0,0.0
2023-09-06 00:00:00-04:00,43.470001220703125,44.689998626708984,43.25,43.380001068115234,384700,0.0,0.0
2023-09-07 00:00:00-04:00,43.2400016784668,43.66999816894531,42.81999969482422,43.52000045776367,365300,0.0,0.0
2023-09-08 00:00:00-04:00,43.43000030517578,43.43000030517578,42.11000061035156,42.52000045776367,713400,0.0,0.0
2023-09-11 00:00:00-04:00,43.08000183105469,44.400001525878906,42.97999954223633,43.810001373291016,469600,0.0,0.0
2023-09-12 00:00:00-04:00,43.810001373291016,44.15999984741211,43.20000076293945,43.27000045776367,335000,0.0,0.0
2023-09-13 00:00:00-04:00,42.349998474121094,43.33000183105469,41.119998931884766,42.369998931884766,432600,0.0,0.0
2023-09-14 00:00:00-04:00,43.09000015258789,43.540000915527344,42.290000915527344,43.2400016784668,448400,0.0,0.0
2023-09-15 00:00:00-04:00,43.18000030517578,43.310001373291016,42.4900016784668,42.869998931884766,1928800,0.0,0.0
2023-09-18 00:00:00-04:00,42.88999938964844,43.189998626708984,41.779998779296875,41.790000915527344,398700,0.0,0.0
2023-09-19 00:00:00-04:00,41.970001220703125,42.529998779296875,41.13999938964844,41.790000915527344,356500,0.0,0.0
2023-09-20 00:00:00-04:00,42.150001525878906,42.540000915527344,41.47999954223633,41.52000045776367,334900,0.0,0.0
2023-09-21 00:00:00-04:00,41.099998474121094,42.290000915527344,40.95000076293945,42.16999816894531,292000,0.0,0.0
2023-09-22 00:00:00-04:00,42.369998931884766,42.380001068115234,41.68000030517578,41.93000030517578,198100,0.0,0.0
2023-09-25 00:00:00-04:00,41.650001525878906,42.540000915527344,41.650001525878906,41.97999954223633,383600,0.0,0.0
2023-09-26 00:00:00-04:00,41.959999084472656,42.459999084472656,40.90999984741211,41.470001220703125,291500,0.0,0.0
2023-09-27 00:00:00-04:00,41.7400016784668,42.470001220703125,41.459999084472656,42.130001068115234,221900,0.0,0.0
2023-09-28 00:00:00-04:00,42.08000183105469,43.75,41.95000076293945,42.880001068115234,357200,0.0,0.0
2023-09-29 00:00:00-04:00,43.11000061035156,43.439998626708984,41.90999984741211,41.939998626708984,249900,0.0,0.0
2023-10-02 00:00:00-04:00,41.7599983215332,42.22999954223633,41.040000915527344,41.2400016784668,376300,0.0,0.0
2023-10-03 00:00:00-04:00,41.060001373291016,41.40999984741211,39.45000076293945,40.220001220703125,425300,0.0,0.0
2023-10-04 00:00:00-04:00,40.290000915527344,42.11000061035156,40.290000915527344,41.439998626708984,315900,0.0,0.0
2023-10-05 00:00:00-04:00,41.4900016784668,41.7599983215332,41.099998474121094,41.31999969482422,233100,0.0,0.0
2023-10-06 00:00:00-04:00,40.849998474121094,42.369998931884766,40.84000015258789,41.58000183105469,291600,0.0,0.0
2023-10-09 00:00:00-04:00,40.84000015258789,41.439998626708984,39.95000076293945,41.0,267900,0.0,0.0
2023-10-10 00:00:00-04:00,41.0,41.86000061035156,40.68000030517578,40.709999084472656,293200,0.0,0.0
2023-10-11 00:00:00-04:00,40.709999084472656,41.79999923706055,40.380001068115234,41.220001220703125,322500,0.0,0.0
2023-10-12 00:00:00-04:00,41.65999984741211,41.7599983215332,40.310001373291016,41.040000915527344,295500,0.0,0.0
2023-10-13 00:00:00-04:00,40.93000030517578,41.11000061035156,39.63999938964844,39.66999816894531,261400,0.0,0.0
2023-10-16 00:00:00-04:00,39.900001525878906,40.72999954223633,39.84000015258789,40.0,264800,0.0,0.0
2023-10-17 00:00:00-04:00,40.040000915527344,40.93000030517578,40.040000915527344,40.31999969482422,261900,0.0,0.0
2023-10-18 00:00:00-04:00,39.58000183105469,39.93000030517578,37.779998779296875,37.86000061035156,359400,0.0,0.0
2023-10-19 00:00:00-04:00,38.15999984741211,38.709999084472656,37.38999938964844,37.619998931884766,432500,0.0,0.0
2023-10-20 00:00:00-04:00,37.75,37.9900016784668,37.040000915527344,37.2400016784668,392000,0.0,0.0
2023-10-23 00:00:00-04:00,36.90999984741211,38.130001068115234,36.90999984741211,37.43000030517578,316400,0.0,0.0
2023-10-24 00:00:00-04:00,37.790000915527344,38.34000015258789,37.41999816894531,38.13999938964844,372100,0.0,0.0
2023-10-25 00:00:00-04:00,38.189998626708984,38.66999816894531,37.75,38.02000045776367,342800,0.0,0.0
2023-10-26 00:00:00-04:00,37.939998626708984,38.41999816894531,37.209999084472656,37.869998931884766,522400,0.0,0.0
2023-10-27 00:00:00-04:00,38.5,42.72999954223633,38.5,42.27000045776367,908000,0.0,0.0
2023-10-30 00:00:00-04:00,43.0,45.310001373291016,42.86000061035156,43.150001525878906,849600,0.0,0.0
2023-10-31 00:00:00-04:00,42.959999084472656,43.08000183105469,41.18000030517578,42.16999816894531,521900,0.0,0.0
2023-11-01 00:00:00-04:00,42.5099983215332,42.93000030517578,41.290000915527344,42.189998626708984,331300,0.0,0.0
2023-11-02 00:00:00-04:00,43.11000061035156,44.209999084472656,43.08000183105469,43.7599983215332,457000,0.0,0.0
2023-11-03 00:00:00-04:00,44.599998474121094,45.15999984741211,44.310001373291016,44.5099983215332,300300,0.0,0.0
2023-11-06 00:00:00-05:00,44.459999084472656,44.560001373291016,43.2599983215332,44.029998779296875,243200,0.0,0.0
2023-11-07 00:00:00-05:00,43.65999984741211,44.560001373291016,43.650001525878906,43.81999969482422,241700,0.0,0.0
2023-11-08 00:00:00-05:00,44.41999816894531,44.88999938964844,43.279998779296875,43.38999938964844,336800,0.0,0.0
2023-11-09 00:00:00-05:00,43.709999084472656,43.880001068115234,42.34000015258789,42.91999816894531,268000,0.0,0.0
2023-11-10 00:00:00-05:00,42.91999816894531,43.38999938964844,41.959999084472656,42.7400016784668,322100,0.0,0.0
2023-11-13 00:00:00-05:00,42.2599983215332,43.77000045776367,42.11000061035156,43.08000183105469,275200,0.0,0.0
2023-11-14 00:00:00-05:00,44.61000061035156,45.400001525878906,43.720001220703125,45.369998931884766,436100,0.0,0.0
2023-11-15 00:00:00-05:00,45.040000915527344,47.209999084472656,45.040000915527344,46.560001373291016,764700,0.0,0.0
2023-11-16 00:00:00-05:00,46.52000045776367,47.150001525878906,44.709999084472656,46.290000915527344,772600,0.0,0.0
2023-11-17 00:00:00-05:00,46.709999084472656,47.349998474121094,46.18000030517578,46.54999923706055,271300,0.0,0.0
2023-11-20 00:00:00-05:00,46.209999084472656,47.47999954223633,46.13999938964844,47.36000061035156,325800,0.0,0.0
2023-11-21 00:00:00-05:00,47.27000045776367,47.36000061035156,46.13999938964844,46.5,246400,0.0,0.0
2023-11-22 00:00:00-05:00,47.27000045776367,48.25,46.13999938964844,46.310001373291016,297700,0.0,0.0
2023-11-24 00:00:00-05:00,46.63999938964844,47.20000076293945,46.209999084472656,46.439998626708984,131700,0.0,0.0
2023-11-27 00:00:00-05:00,46.279998779296875,46.93000030517578,45.880001068115234,46.45000076293945,327300,0.0,0.0
2023-11-28 00:00:00-05:00,46.52000045776367,46.52000045776367,45.41999816894531,46.11000061035156,256900,0.0,0.0
2023-11-29 00:00:00-05:00,46.15999984741211,47.619998931884766,45.970001220703125,46.04999923706055,268600,0.0,0.0
2023-11-30 00:00:00-05:00,46.13999938964844,47.40999984741211,45.9900016784668,47.279998779296875,295600,0.0,0.0
2023-12-01 00:00:00-05:00,47.060001373291016,48.529998779296875,46.7599983215332,48.20000076293945,338600,0.0,0.0
2023-12-04 00:00:00-05:00,48.09000015258789,49.97999954223633,48.09000015258789,49.560001373291016,526300,0.0,0.0
2023-12-05 00:00:00-05:00,49.04999923706055,49.20000076293945,47.86000061035156,49.189998626708984,431700,0.0,0.0
2023-12-06 00:00:00-05:00,49.810001373291016,50.47999954223633,48.279998779296875,48.380001068115234,332200,0.0,0.0
2023-12-07 00:00:00-05:00,48.72999954223633,49.220001220703125,47.58000183105469,48.38999938964844,391200,0.0,0.0
2023-12-08 00:00:00-05:00,48.34000015258789,49.25,48.150001525878906,49.0099983215332,591200,0.0,0.0
2023-12-11 00:00:00-05:00,48.86000061035156,48.86000061035156,47.31999969482422,48.68000030517578,361700,0.0,0.0
2023-12-12 00:00:00-05:00,48.5,49.68000030517578,48.41999816894531,48.97999954223633,519500,0.0,0.0
2023-12-13 00:00:00-05:00,48.900001525878906,49.95000076293945,47.33000183105469,49.880001068115234,469000,0.0,0.0
2023-12-14 00:00:00-05:00,50.25,51.060001373291016,48.650001525878906,49.0099983215332,450000,0.0,0.0
2023-12-15 00:00:00-05:00,49.22999954223633,49.52000045776367,48.58000183105469,49.369998931884766,1974100,0.0,0.0
2023-12-18 00:00:00-05:00,49.369998931884766,50.869998931884766,49.029998779296875,50.34000015258789,403600,0.0,0.0
2023-12-19 00:00:00-05:00,50.619998931884766,51.869998931884766,50.599998474121094,51.130001068115234,320700,0.0,0.0
2023-12-20 00:00:00-05:00,51.20000076293945,52.31999969482422,50.34000015258789,50.349998474121094,345800,0.0,0.0
2023-12-21 00:00:00-05:00,51.130001068115234,51.650001525878906,50.599998474121094,50.83000183105469,211300,0.0,0.0
2023-12-22 00:00:00-05:00,50.72999954223633,52.20000076293945,50.72999954223633,51.70000076293945,263700,0.0,0.0
2023-12-26 00:00:00-05:00,51.70000076293945,52.290000915527344,51.04999923706055,51.959999084472656,230300,0.0,0.0
2023-12-27 00:00:00-05:00,52.0,53.130001068115234,51.90999984741211,52.61000061035156,301500,0.0,0.0
2023-12-28 00:00:00-05:00,52.54999923706055,53.7599983215332,52.54999923706055,52.869998931884766,282300,0.0,0.0
2023-12-29 00:00:00-05:00,52.66999816894531,52.81999969482422,51.869998931884766,52.20000076293945,256200,0.0,0.0
2024-01-02 00:00:00-05:00,51.86000061035156,52.400001525878906,50.58000183105469,51.689998626708984,275600,0.0,0.0
2024-01-03 00:00:00-05:00,51.0099983215332,51.0099983215332,49.4900016784668,50.0099983215332,405600,0.0,0.0
2024-01-04 00:00:00-05:00,50.459999084472656,52.2400016784668,50.459999084472656,51.47999954223633,341400,0.0,0.0
2024-01-05 00:00:00-05:00,50.959999084472656,52.349998474121094,50.959999084472656,51.209999084472656,281400,0.0,0.0
2024-01-08 00:00:00-05:00,51.34000015258789,52.11000061035156,50.72999954223633,51.63999938964844,274500,0.0,0.0
2024-01-09 00:00:00-05:00,51.0,51.400001525878906,50.33000183105469,50.349998474121094,193100,0.0,0.0
2024-01-10 00:00:00-05:00,50.369998931884766,50.779998779296875,49.81999969482422,50.27000045776367,201100,0.0,0.0
2024-01-11 00:00:00-05:00,50.290000915527344,50.47999954223633,48.599998474121094,50.279998779296875,266000,0.0,0.0
2024-01-12 00:00:00-05:00,50.02000045776367,50.150001525878906,48.63999938964844,49.720001220703125,281800,0.0,0.0
2024-01-16 00:00:00-05:00,49.119998931884766,49.41999816894531,48.279998779296875,49.220001220703125,301500,0.0,0.0
2024-01-17 00:00:00-05:00,48.43000030517578,49.4900016784668,48.43000030517578,48.81999969482422,237300,0.0,0.0
2024-01-18 00:00:00-05:00,49.0099983215332,50.08000183105469,48.68000030517578,49.75,295900,0.0,0.0
2024-01-19 00:00:00-05:00,50.0,50.0,48.41999816894531,49.7400016784668,286800,0.0,0.0
2024-01-22 00:00:00-05:00,50.0,51.099998474121094,49.79999923706055,50.810001373291016,338600,0.0,0.0
2024-01-23 00:00:00-05:00,51.79999923706055,52.58000183105469,50.88999938964844,51.04999923706055,279000,0.0,0.0
2024-01-24 00:00:00-05:00,51.790000915527344,52.470001220703125,51.439998626708984,51.65999984741211,324600,0.0,0.0
2024-01-25 00:00:00-05:00,52.84000015258789,53.79999923706055,52.349998474121094,52.689998626708984,375500,0.0,0.0
2024-01-26 00:00:00-05:00,53.0,54.630001068115234,53.0,54.08000183105469,464300,0.0,0.0
2024-01-29 00:00:00-05:00,54.349998474121094,54.56999969482422,53.720001220703125,54.54999923706055,203900,0.0,0.0
2024-01-30 00:00:00-05:00,54.34000015258789,54.880001068115234,53.83000183105469,54.75,284500,0.0,0.0
2024-01-31 00:00:00-05:00,54.56999969482422,54.93000030517578,53.130001068115234,53.2599983215332,410300,0.0,0.0
2024-02-01 00:00:00-05:00,53.5099983215332,54.209999084472656,52.779998779296875,54.09000015258789,504600,0.0,0.0
2024-02-02 00:00:00-05:00,54.959999084472656,59.11000061035156,53.68000030517578,58.5099983215332,955300,0.0,0.0
2024-02-05 00:00:00-05:00,59.189998626708984,60.400001525878906,58.650001525878906,59.619998931884766,848900,0.0,0.0
2024-02-06 00:00:00-05:00,59.31999969482422,60.13999938964844,58.869998931884766,59.56999969482422,617500,0.0,0.0
2024-02-07 00:00:00-05:00,59.689998626708984,60.5099983215332,58.68000030517578,59.33000183105469,621400,0.0,0.0
2024-02-08 00:00:00-05:00,59.720001220703125,60.209999084472656,59.08000183105469,59.689998626708984,504300,0.0,0.0
2024-02-09 00:00:00-05:00,59.689998626708984,60.099998474121094,58.709999084472656,59.31999969482422,311100,0.0,0.0
2024-02-12 00:00:00-05:00,59.630001068115234,60.70000076293945,59.130001068115234,59.77000045776367,531600,0.0,0.0
2024-02-13 00:00:00-05:00,58.70000076293945,59.9900016784668,57.150001525878906,59.220001220703125,487900,0.0,0.0
2024-02-14 00:00:00-05:00,60.0,60.20000076293945,58.470001220703125,59.27000045776367,322400,0.0,0.0
2024-02-15 00:00:00-05:00,59.619998931884766,59.709999084472656,58.34000015258789,58.91999816894531,242900,0.0,0.0
2024-02-16 00:00:00-05:00,58.349998474121094,59.66999816894531,57.619998931884766,59.06999969482422,337700,0.0,0.0
2024-02-20 00:00:00-05:00,58.77000045776367,61.27000045776367,58.58000183105469,60.7599983215332,1413600,0.0,0.0
2024-02-21 00:00:00-05:00,60.380001068115234,60.650001525878906,59.08000183105469,59.959999084472656,443200,0.0,0.0
2024-02-22 00:00:00-05:00,60.279998779296875,61.400001525878906,59.91999816894531,61.040000915527344,431500,0.0,0.0
2024-02-23 00:00:00-05:00,60.95000076293945,61.02000045776367,59.91999816894531,60.4900016784668,407200,0.0,0.0
2024-02-26 00:00:00-05:00,60.29999923706055,61.5,60.189998626708984,61.09000015258789,476800,0.0,0.0
2024-02-27 00:00:00-05:00,61.689998626708984,62.45000076293945,61.119998931884766,61.560001373291016,387500,0.0,0.0
2024-02-28 00:00:00-05:00,61.09000015258789,62.5099983215332,61.09000015258789,61.560001373291016,556200,0.0,0.0
2024-02-29 00:00:00-05:00,62.0,64.41000366210938,61.599998474121094,64.22000122070312,616300,0.0,0.0
2024-03-01 00:00:00-05:00,64.9000015258789,65.88999938964844,63.880001068115234,64.69999694824219,440900,0.0,0.0
2024-03-04 00:00:00-05:00,64.69999694824219,67.06999969482422,64.36000061035156,65.33000183105469,683200,0.0,0.0
2024-03-05 00:00:00-05:00,65.0999984741211,66.5999984741211,64.73999786376953,66.5,491500,0.0,0.0
2024-03-06 00:00:00-05:00,66.5999984741211,68.33999633789062,66.25,67.62999725341797,514600,0.0,0.0
2024-03-07 00:00:00-05:00,67.93000030517578,68.44000244140625,67.52999877929688,68.23999786376953,340900,0.0,0.0
2024-03-08 00:00:00-05:00,68.44999694824219,69.16000366210938,67.25,67.58999633789062,559800,0.0,0.0
2024-03-11 00:00:00-04:00,67.54000091552734,67.6500015258789,65.52999877929688,66.66999816894531,306500,0.0,0.0
2024-03-12 00:00:00-04:00,66.19000244140625,67.76000213623047,65.27999877929688,67.43000030517578,417700,0.0,0.0
2024-03-13 00:00:00-04:00,67.27999877929688,68.05999755859375,66.72000122070312,67.63999938964844,454000,0.0,0.0
2024-03-14 00:00:00-04:00,67.26000213623047,67.48999786376953,65.31999969482422,66.12999725341797,618600,0.0,0.0
2024-03-15 00:00:00-04:00,65.80000305175781,67.45999908447266,65.72000122070312,66.33999633789062,4979400,0.0,0.0
2024-03-18 00:00:00-04:00,66.4000015258789,67.8499984741211,65.29000091552734,65.51000213623047,661500,0.0,0.0
2024-03-19 00:00:00-04:00,65.0,65.66999816894531,64.30000305175781,65.23999786376953,435700,0.0,0.0
2024-03-20 00:00:00-04:00,65.23999786376953,67.4000015258789,64.73999786376953,67.30000305175781,453600,0.0,0.0
2024-03-21 00:00:00-04:00,67.37000274658203,68.47000122070312,66.94999694824219,68.41999816894531,353500,0.0,0.0
2024-03-22 00:00:00-04:00,68.29000091552734,68.41999816894531,66.98999786376953,67.13999938964844,301200,0.0,0.0
2024-03-25 00:00:00-04:00,66.91000366210938,68.52999877929688,66.58000183105469,68.29000091552734,273900,0.0,0.0
2024-03-26 00:00:00-04:00,68.33999633789062,69.5999984741211,68.05000305175781,68.27999877929688,305300,0.0,0.0
2024-03-27 00:00:00-04:00,68.79000091552734,69.68000030517578,68.19000244140625,69.4800033569336,322400,0.0,0.0
2024-03-28 00:00:00-04:00,69.48999786376953,70.33000183105469,68.7699966430664,69.08000183105469,353200,0.0,0.0
2024-04-01 00:00:00-04:00,69.06999969482422,69.58999633789062,68.4800033569336,68.73999786376953,288600,0.0,0.0
2024-04-02 00:00:00-04:00,68.0,68.4000015258789,66.70999908447266,68.38999938964844,377400,0.0,0.0
2024-04-03 00:00:00-04:00,67.7699966430664,69.33000183105469,67.7699966430664,69.05999755859375,292800,0.0,0.0
2024-04-04 00:00:00-04:00,69.37999725341797,69.97000122070312,67.3499984741211,67.97000122070312,305200,0.0,0.0
2024-04-05 00:00:00-04:00,68.68000030517578,69.2699966430664,68.5999984741211,69.22000122070312,362800,0.0,0.0
2024-04-08 00:00:00-04:00,69.5,71.16000366210938,69.31999969482422,70.73999786376953,431500,0.0,0.0
2024-04-09 00:00:00-04:00,70.55000305175781,70.70999908447266,68.01000213623047,69.4800033569336,331500,0.0,0.0
2024-04-10 00:00:00-04:00,69.69000244140625,70.5999984741211,67.5,67.66000366210938,351700,0.0,0.0
2024-04-11 00:00:00-04:00,67.91999816894531,68.88999938964844,66.73999786376953,68.88999938964844,276400,0.0,0.0
2024-04-12 00:00:00-04:00,67.80000305175781,67.94000244140625,66.61000061035156,67.72000122070312,278200,0.0,0.0
2024-04-15 00:00:00-04:00,68.0,69.47000122070312,66.5,66.9000015258789,351300,0.0,0.0
2024-04-16 00:00:00-04:00,66.62000274658203,66.80000305175781,64.6500015258789,66.69000244140625,349900,0.0,0.0
2024-04-17 00:00:00-04:00,67.79000091552734,68.52999877929688,66.0199966430664,66.7300033569336,276000,0.0,0.0
2024-04-18 00:00:00-04:00,67.37999725341797,69.27999877929688,67.01000213623047,68.02999877929688,630400,0.0,0.0
2024-04-19 00:00:00-04:00,67.8499984741211,69.75,67.75,69.12999725341797,515100,0.0,0.0
2024-04-22 00:00:00-04:00,69.45999908447266,71.80000305175781,69.30000305175781,71.37999725341797,457000,0.0,0.0
2024-04-23 00:00:00-04:00,71.11000061035156,74.5199966430664,70.2699966430664,74.30999755859375,663800,0.0,0.0
2024-04-24 00:00:00-04:00,73.58999633789062,74.41000366210938,70.47000122070312,71.3499984741211,745900,0.0,0.0
2024-04-25 00:00:00-04:00,70.37999725341797,73.29000091552734,69.4800033569336,73.13999938964844,584200,0.0,0.0
2024-04-26 00:00:00-04:00,74.94999694824219,79.20999908447266,72.0199966430664,73.66000366210938,834100,0.0,0.0
2024-04-29 00:00:00-04:00,73.41999816894531,75.0999984741211,71.79000091552734,74.98999786376953,378300,0.0,0.0
2024-04-30 00:00:00-04:00,75.16999816894531,75.45999908447266,72.87000274658203,73.02999877929688,493500,0.0,0.0
2024-05-01 00:00:00-04:00,73.18000030517578,74.97000122070312,72.61000061035156,73.2699966430664,303300,0.0,0.0
2024-05-02 00:00:00-04:00,73.95999908447266,75.33000183105469,73.48999786376953,74.9800033569336,362900,0.0,0.0
2024-05-03 00:00:00-04:00,76.0,76.72000122070312,75.01000213623047,75.33000183105469,317300,0.0,0.0
2024-05-06 00:00:00-04:00,75.80999755859375,77.08000183105469,75.58999633789062,76.98999786376953,264200,0.0,0.0
2024-05-07 00:00:00-04:00,76.4000015258789,77.55999755859375,75.83000183105469,76.58000183105469,253900,0.0,0.0
2024-05-08 00:00:00-04:00,76.7699966430664,77.69999694824219,76.55000305175781,77.05999755859375,265700,0.0,0.0
2024-05-09 00:00:00-04:00,76.86000061035156,77.91999816894531,76.5,77.55000305175781,207100,0.0,0.0
2024-05-10 00:00:00-04:00,78.0,79.55999755859375,77.26000213623047,77.79000091552734,287500,0.0,0.0
2024-05-13 00:00:00-04:00,78.0,78.88999938964844,76.0999984741211,76.23999786376953,302100,0.0,0.0
2024-05-14 00:00:00-04:00,76.61000061035156,77.69999694824219,76.61000061035156,77.12000274658203,189300,0.0,0.0
2024-05-15 00:00:00-04:00,77.31999969482422,78.4000015258789,76.81999969482422,77.04000091552734,220200,0.0,0.0
2024-05-16 00:00:00-04:00,77.0999984741211,77.45999908447266,76.0999984741211,76.7699966430664,225800,0.0,0.0
2024-05-17 00:00:00-04:00,77.3499984741211,78.48999786376953,76.16999816894531,76.2699966430664,261200,0.0,0.0
2024-05-20 00:00:00-04:00,75.95999908447266,77.33999633789062,75.2699966430664,75.33000183105469,320300,0.0,0.0
2024-05-21 00:00:00-04:00,75.01000213623047,76.37999725341797,74.18000030517578,76.04000091552734,249700,0.0,0.0
2024-05-22 00:00:00-04:00,75.86000061035156,76.58999633789062,73.5,73.95999908447266,313200,0.0,0.0
2024-05-23 00:00:00-04:00,74.66000366210938,74.76000213623047,72.8499984741211,73.5999984741211,384000,0.0,0.0
2024-05-24 00:00:00-04:00,74.0,75.13999938964844,73.5999984741211,75.05000305175781,238700,0.0,0.0
2024-05-28 00:00:00-04:00,74.12000274658203,74.9800033569336,71.8499984741211,72.25,403200,0.0,0.0
2024-05-29 00:00:00-04:00,70.88999938964844,72.75,68.61000061035156,72.45999908447266,359500,0.0,0.0
2024-05-30 00:00:00-04:00,73.0,73.37999725341797,71.69000244140625,72.30000305175781,394600,0.0,0.0
2024-05-31 00:00:00-04:00,72.5,74.80000305175781,72.20999908447266,74.66999816894531,409400,0.0,0.0
2024-06-03 00:00:00-04:00,80.01000213623047,81.80000305175781,77.62999725341797,79.41000366210938,1011700,0.0,0.0
2024-06-04 00:00:00-04:00,80.88999938964844,84.58000183105469,78.37999725341797,78.62999725341797,968100,0.0,0.0
2024-06-05 00:00:00-04:00,79.13999938964844,82.19000244140625,78.22000122070312,80.79000091552734,429600,0.0,0.0
2024-06-06 00:00:00-04:00,81.0999984741211,82.19000244140625,78.27999877929688,78.33000183105469,410300,0.0,0.0
2024-06-07 00:00:00-04:00,78.01000213623047,79.62999725341797,77.5,78.58999633789062,379800,0.0,0.0
2024-06-10 00:00:00-04:00,78.19999694824219,78.98999786376953,75.7699966430664,76.0199966430664,511000,0.0,0.0
2024-06-11 00:00:00-04:00,75.41999816894531,76.41999816894531,74.58000183105469,75.95999908447266,293800,0.0,0.0
2024-06-12 00:00:00-04:00,77.69999694824219,79.94999694824219,77.69999694824219,79.41999816894531,325300,0.0,0.0
2024-06-13 00:00:00-04:00,79.04000091552734,79.19999694824219,77.36000061035156,77.95999908447266,260700,0.0,0.0
2024-06-14 00:00:00-04:00,76.27999877929688,77.04000091552734,74.70999908447266,76.77999877929688,392100,0.0,0.0
2024-06-17 00:00:00-04:00,76.80000305175781,79.0199966430664,75.88999938964844,78.9800033569336,351600,0.0,0.0
2024-06-18 00:00:00-04:00,78.94000244140625,81.55999755859375,78.72000122070312,81.41999816894531,391300,0.0,0.0
2024-06-20 00:00:00-04:00,81.25,81.79000091552734,79.08000183105469,79.76000213623047,313000,0.0,0.0
2024-06-21 00:00:00-04:00,79.75,80.29000091552734,77.7300033569336,79.44000244140625,1251600,0.0,0.0
2024-06-24 00:00:00-04:00,79.51000213623047,80.93000030517578,79.4800033569336,80.1500015258789,287500,0.0,0.0
2024-06-25 00:00:00-04:00,80.16000366210938,81.30999755859375,79.5,81.2300033569336,201500,0.0,0.0
2024-06-26 00:00:00-04:00,80.51000213623047,81.27999877929688,79.54000091552734,80.61000061035156,268300,0.0,0.0
2024-06-27 00:00:00-04:00,81.0,82.0999984741211,80.75,81.8499984741211,349200,0.0,0.0
2024-06-28 00:00:00-04:00,81.91000366210938,83.25,81.0,82.06999969482422,525000,0.0,0.0
2024-07-01 00:00:00-04:00,82.37000274658203,82.76000213623047,79.62999725341797,81.70999908447266,290000,0.0,0.0
2024-07-02 00:00:00-04:00,81.6500015258789,82.37999725341797,80.73999786376953,82.0999984741211,191800,0.0,0.0
2024-07-03 00:00:00-04:00,82.2300033569336,82.73999786376953,81.58999633789062,82.73999786376953,192200,0.0,0.0
2024-07-05 00:00:00-04:00,82.7300033569336,82.9800033569336,80.66999816894531,81.94999694824219,201700,0.0,0.0
2024-07-08 00:00:00-04:00,82.75,84.12999725341797,82.2699966430664,83.5999984741211,312700,0.0,0.0
2024-07-09 00:00:00-04:00,83.86000061035156,84.68000030517578,83.41000366210938,83.91000366210938,228300,0.0,0.0
2024-07-10 00:00:00-04:00,84.26000213623047,84.51000213623047,82.73999786376953,83.75,208100,0.0,0.0
2024-07-11 00:00:00-04:00,83.19000244140625,83.77999877929688,80.02999877929688,83.5999984741211,429600,0.0,0.0
2024-07-12 00:00:00-04:00,83.5999984741211,84.13999938964844,82.36000061035156,83.43000030517578,251200,0.0,0.0
2024-07-15 00:00:00-04:00,84.26000213623047,86.45999908447266,83.88999938964844,84.38999938964844,382300,0.0,0.0
2024-07-16 00:00:00-04:00,85.31999969482422,87.86000061035156,85.0,87.62000274658203,364700,0.0,0.0
2024-07-17 00:00:00-04:00,86.87999725341797,87.56999969482422,83.8499984741211,84.18000030517578,586000,0.0,0.0
2024-07-18 00:00:00-04:00,84.13999938964844,85.38999938964844,81.20999908447266,82.54000091552734,368700,0.0,0.0
2024-07-19 00:00:00-04:00,82.95999908447266,83.33000183105469,81.72000122070312,82.36000061035156,257400,0.0,0.0
2024-07-22 00:00:00-04:00,82.22000122070312,84.6500015258789,81.68000030517578,84.3499984741211,389700,0.0,0.0
2024-07-23 00:00:00-04:00,84.52999877929688,86.58000183105469,84.25,86.25,299100,0.0,0.0
2024-07-24 00:00:00-04:00,85.97000122070312,86.98999786376953,81.83000183105469,83.12999725341797,626800,0.0,0.0
2024-07-25 00:00:00-04:00,82.87999725341797,86.25,82.51000213623047,84.4800033569336,474200,0.0,0.0
2024-07-26 00:00:00-04:00,85.05999755859375,86.4000015258789,76.30000305175781,76.73999786376953,947400,0.0,0.0
2024-07-29 00:00:00-04:00,76.81999969482422,79.72000122070312,76.47000122070312,78.63999938964844,534600,0.0,0.0
2024-07-30 00:00:00-04:00,79.19000244140625,81.45999908447266,77.23999786376953,77.61000061035156,466800,0.0,0.0
2024-07-31 00:00:00-04:00,78.31999969482422,81.80999755859375,78.19999694824219,79.94000244140625,402300,0.0,0.0
2024-08-01 00:00:00-04:00,79.94999694824219,81.18000030517578,75.52999877929688,76.22000122070312,399200,0.0,0.0
2024-08-02 00:00:00-04:00,73.76000213623047,73.79000091552734,70.73999786376953,71.80999755859375,459200,0.0,0.0
