Date,Open,High,Low,Close,Volume,Dividends,Stock Splits
2000-04-04 00:00:00+09:00,216.75050354003903,216.75050354003903,216.75050354003903,216.75050354003906,1800,0.0,0.0
2000-04-05 00:00:00+09:00,207.71919250488278,207.71919250488278,207.71919250488278,207.7191925048828,300,0.0,0.0
2000-04-06 00:00:00+09:00,207.71919250488278,207.71919250488278,207.71919250488278,207.7191925048828,0,0.0,0.0
2000-04-07 00:00:00+09:00,205.9129638671875,209.52546649295837,205.9129638671875,205.9129638671875,2700,0.0,0.0
2000-04-10 00:00:00+09:00,205.9129638671875,205.9129638671875,205.9129638671875,205.9129638671875,0,0.0,0.0
2000-04-11 00:00:00+09:00,205.9129638671875,205.9129638671875,205.9129638671875,205.9129638671875,0,0.0,0.0
2000-04-12 00:00:00+09:00,205.9129638671875,205.9129638671875,205.9129638671875,205.9129638671875,0,0.0,0.0
2000-04-13 00:00:00+09:00,205.9129638671875,205.9129638671875,205.9129638671875,205.9129638671875,0,0.0,0.0
2000-04-14 00:00:00+09:00,200.49423302544486,200.49423302544486,193.2692101068717,195.07546997070312,1500,0.0,0.0
2000-04-17 00:00:00+09:00,193.2691650390625,193.2691650390625,193.2691650390625,193.2691650390625,600,0.0,0.0
2000-04-18 00:00:00+09:00,189.65666198730472,189.65666198730472,189.65666198730472,189.6566619873047,300,0.0,0.0
2000-04-19 00:00:00+09:00,189.65666198730472,189.65666198730472,189.65666198730472,189.6566619873047,0,0.0,0.0
2000-04-20 00:00:00+09:00,189.65666198730472,189.65666198730472,189.65666198730472,189.6566619873047,0,0.0,0.0
2000-04-21 00:00:00+09:00,189.65666198730472,189.65666198730472,189.65666198730472,189.6566619873047,0,0.0,0.0
2000-04-24 00:00:00+09:00,189.65666198730472,189.65666198730472,189.65666198730472,189.6566619873047,0,0.0,0.0
2000-04-25 00:00:00+09:00,189.65666198730472,189.65666198730472,189.65666198730472,189.6566619873047,300,0.0,0.0
2000-04-26 00:00:00+09:00,189.65666269053986,193.2691650390625,189.65666269053986,193.2691650390625,5100,0.0,0.0
2000-04-27 00:00:00+09:00,193.2691650390625,193.2691650390625,193.2691650390625,193.2691650390625,0,0.0,0.0
2000-04-28 00:00:00+09:00,189.65666198730472,189.65666198730472,189.65666198730472,189.6566619873047,300,0.0,0.0
2000-05-01 00:00:00+09:00,189.65666198730472,189.65666198730472,189.65666198730472,189.6566619873047,0,0.0,0.0
2000-05-02 00:00:00+09:00,189.65666198730472,189.65666198730472,189.65666198730472,189.6566619873047,0,0.0,0.0
2000-05-03 00:00:00+09:00,189.65666198730472,189.65666198730472,189.65666198730472,189.6566619873047,0,0.0,0.0
2000-05-04 00:00:00+09:00,189.65666198730472,189.65666198730472,189.65666198730472,189.6566619873047,0,0.0,0.0
2000-05-05 00:00:00+09:00,189.65666198730472,189.65666198730472,189.65666198730472,189.6566619873047,0,0.0,0.0
2000-05-08 00:00:00+09:00,189.65666198730472,189.65666198730472,189.65666198730472,189.6566619873047,0,0.0,0.0
2000-05-09 00:00:00+09:00,189.65666198730472,189.65666198730472,189.65666198730472,189.6566619873047,0,0.0,0.0
2000-05-10 00:00:00+09:00,189.65666198730472,189.65666198730472,189.65666198730472,189.6566619873047,0,0.0,0.0
2000-05-11 00:00:00+09:00,180.6253967285156,180.6253967285156,180.6253967285156,180.62539672851562,600,0.0,0.0
2000-05-12 00:00:00+09:00,184.23790021623884,189.65666198730472,184.23790021623884,189.6566619873047,1200,0.0,0.0
2000-05-15 00:00:00+09:00,189.65666198730472,189.65666198730472,189.65666198730472,189.6566619873047,2100,0.0,0.0
2000-05-16 00:00:00+09:00,189.65666198730472,189.65666198730472,189.65666198730472,189.6566619873047,1800,0.0,0.0
2000-05-17 00:00:00+09:00,189.65666198730472,189.65666198730472,189.65666198730472,189.6566619873047,300,0.0,0.0
2000-05-18 00:00:00+09:00,189.65666198730472,189.65666198730472,189.65666198730472,189.6566619873047,0,0.0,0.0
2000-05-19 00:00:00+09:00,189.65666198730472,189.65666198730472,189.65666198730472,189.6566619873047,0,0.0,0.0
2000-05-22 00:00:00+09:00,189.65666198730472,189.65666198730472,189.65666198730472,189.6566619873047,900,0.0,0.0
2000-05-23 00:00:00+09:00,182.431640625,182.431640625,182.431640625,182.431640625,300,0.0,0.0
2000-05-24 00:00:00+09:00,189.65663014660794,189.65663014660794,186.04412841796875,186.04412841796875,900,0.0,0.0
2000-05-25 00:00:00+09:00,180.62539772734806,182.431640625,180.62539772734806,182.431640625,900,0.0,0.0
2000-05-26 00:00:00+09:00,182.431640625,182.431640625,182.431640625,182.431640625,0,0.0,0.0
2000-05-29 00:00:00+09:00,180.6253967285156,180.6253967285156,180.6253967285156,180.62539672851562,300,0.0,0.0
2000-05-30 00:00:00+09:00,180.6253967285156,180.6253967285156,180.6253967285156,180.62539672851562,0,0.0,0.0
2000-05-31 00:00:00+09:00,187.85038757324222,187.85038757324222,187.85038757324222,187.8503875732422,600,0.0,0.0
2000-06-01 00:00:00+09:00,189.65666198730472,189.65666198730472,189.65666198730472,189.6566619873047,600,0.0,0.0
2000-06-02 00:00:00+09:00,196.88166970526711,207.71919250488278,196.88166970526711,207.7191925048828,1500,0.0,0.0
2000-06-05 00:00:00+09:00,205.91297819718238,213.13800048828125,205.91297819718238,213.13800048828125,1500,0.0,0.0
2000-06-06 00:00:00+09:00,207.71919491575213,222.1692199707031,207.71919491575213,222.16921997070312,1500,0.0,0.0
2000-06-07 00:00:00+09:00,180.6253967285156,180.6253967285156,180.6253967285156,180.62539672851562,300,0.0,0.0
2000-06-08 00:00:00+09:00,216.7504456329241,234.81298828125,216.7504456329241,234.81298828125,600,0.0,0.0
2000-06-09 00:00:00+09:00,231.20050048828125,231.20050048828125,231.20050048828125,231.20050048828125,1200,0.0,0.0
2000-06-12 00:00:00+09:00,231.20050048828125,231.20050048828125,231.20050048828125,231.20050048828125,0,0.0,0.0
2000-06-13 00:00:00+09:00,216.7504456329241,234.81298828125,216.7504456329241,234.81298828125,1200,0.0,0.0
2000-06-14 00:00:00+09:00,234.81298828125,234.81298828125,234.81298828125,234.81298828125,300,0.0,0.0
2000-06-15 00:00:00+09:00,234.81298828125,234.81298828125,234.81298828125,234.81298828125,0,0.0,0.0
2000-06-16 00:00:00+09:00,242.03802490234372,242.03802490234372,236.61926302739013,242.03802490234375,2400,0.0,0.0
2000-06-19 00:00:00+09:00,242.03802490234372,242.03802490234372,242.03802490234372,242.03802490234375,0,0.0,0.0
2000-06-20 00:00:00+09:00,242.03802490234372,242.03802490234372,242.03802490234372,242.03802490234375,0,0.0,0.0
2000-06-21 00:00:00+09:00,234.81301941903877,234.81301941903877,231.20050048828125,231.20050048828125,1500,0.0,0.0
2000-06-22 00:00:00+09:00,231.20050048828125,231.20050048828125,231.20050048828125,231.20050048828125,0,0.0,0.0
2000-06-23 00:00:00+09:00,216.75050354003903,216.75050354003903,216.75050354003903,216.75050354003906,600,0.0,0.0
2000-06-26 00:00:00+09:00,216.75050354003903,216.75050354003903,216.75050354003903,216.75050354003906,0,0.0,0.0
2000-06-27 00:00:00+09:00,216.75050354003903,216.75050354003903,216.75050354003903,216.75050354003906,0,0.0,0.0
2000-06-28 00:00:00+09:00,216.75050354003903,216.75050354003903,216.75050354003903,216.75050354003906,0,0.0,0.0
2000-06-29 00:00:00+09:00,216.75050354003903,216.75050354003903,216.75050354003903,216.75050354003906,300,0.0,0.0
2000-06-30 00:00:00+09:00,216.75050354003903,216.75050354003903,216.75050354003903,216.75050354003906,0,0.0,0.0
2000-07-03 00:00:00+09:00,234.81298828125,234.81298828125,234.81298828125,234.81298828125,1800,0.0,0.0
2000-07-04 00:00:00+09:00,234.81298828125,234.81298828125,234.81298828125,234.81298828125,1800,0.0,0.0
2000-07-05 00:00:00+09:00,234.81298828125,234.81298828125,234.81298828125,234.81298828125,300,0.0,0.0
2000-07-06 00:00:00+09:00,234.81298828125,234.81298828125,234.81298828125,234.81298828125,300,0.0,0.0
2000-07-07 00:00:00+09:00,234.81298828125,234.81298828125,234.81298828125,234.81298828125,0,0.0,0.0
2000-07-10 00:00:00+09:00,234.81298828125,234.81298828125,234.81298828125,234.81298828125,0,0.0,0.0
2000-07-11 00:00:00+09:00,234.81297145006505,234.81297145006505,225.7816925048828,225.7816925048828,1200,0.0,0.0
2000-07-12 00:00:00+09:00,225.7816910144934,225.7816910144934,220.36293029785156,220.36293029785156,1500,0.0,0.0
2000-07-13 00:00:00+09:00,220.36293029785156,220.36293029785156,220.36293029785156,220.36293029785156,0,0.0,0.0
2000-07-14 00:00:00+09:00,225.7816925048828,225.7816925048828,225.7816925048828,225.7816925048828,300,0.0,0.0
2000-07-17 00:00:00+09:00,225.7816925048828,225.7816925048828,225.7816925048828,225.7816925048828,0,0.0,0.0
2000-07-18 00:00:00+09:00,216.75050354003903,216.75050354003903,216.75050354003903,216.75050354003906,900,0.0,0.0
2000-07-19 00:00:00+09:00,216.75050354003903,216.75050354003903,216.75050354003903,216.75050354003906,900,0.0,0.0
2000-07-20 00:00:00+09:00,216.75050354003903,216.75050354003903,216.75050354003903,216.75050354003906,0,0.0,0.0
2000-07-21 00:00:00+09:00,216.75050354003903,216.75050354003903,216.75050354003903,216.75050354003906,2100,0.0,0.0
2000-07-24 00:00:00+09:00,216.75050354003903,216.75050354003903,216.75050354003903,216.75050354003906,0,0.0,0.0
2000-07-25 00:00:00+09:00,216.75050354003903,216.75050354003903,216.75050354003903,216.75050354003906,600,0.0,0.0
2000-07-26 00:00:00+09:00,216.75050354003903,216.75050354003903,216.75050354003903,216.75050354003906,0,0.0,0.0
2000-07-27 00:00:00+09:00,216.75050354003903,216.75050354003903,216.75050354003903,216.75050354003906,900,0.0,0.0
2000-07-28 00:00:00+09:00,216.75050354003903,216.75050354003903,216.75050354003903,216.75050354003906,0,0.0,0.0
2000-07-31 00:00:00+09:00,216.75050354003903,216.75050354003903,216.75050354003903,216.75050354003906,0,0.0,0.0
2000-08-01 00:00:00+09:00,216.75050354003903,216.75050354003903,216.75050354003903,216.75050354003906,300,0.0,0.0
2000-08-02 00:00:00+09:00,216.75050354003903,216.75050354003903,216.75050354003903,216.75050354003906,0,0.0,0.0
2000-08-03 00:00:00+09:00,216.75050354003903,216.75050354003903,216.75050354003903,216.75050354003906,0,0.0,0.0
2000-08-04 00:00:00+09:00,218.55674743652347,218.55674743652347,218.55674743652347,218.55674743652344,4200,0.0,0.0
2000-08-07 00:00:00+09:00,218.55674743652347,218.55674743652347,218.55674743652347,218.55674743652344,600,0.0,0.0
2000-08-08 00:00:00+09:00,218.55674743652347,218.55674743652347,218.55674743652347,218.55674743652344,0,0.0,0.0
2000-08-09 00:00:00+09:00,218.55674743652347,218.55674743652347,218.55674743652347,218.55674743652344,0,0.0,0.0
2000-08-10 00:00:00+09:00,218.55674743652347,218.55674743652347,218.55674743652347,218.55674743652344,0,0.0,0.0
2000-08-11 00:00:00+09:00,218.55674743652347,218.55674743652347,218.55674743652347,218.55674743652344,0,0.0,0.0
2000-08-14 00:00:00+09:00,218.55674743652347,218.55674743652347,218.55674743652347,218.55674743652344,0,0.0,0.0
2000-08-15 00:00:00+09:00,218.55674743652347,218.55674743652347,218.55674743652347,218.55674743652344,0,0.0,0.0
2000-08-16 00:00:00+09:00,214.9441986083984,214.9441986083984,214.9441986083984,214.94419860839844,1200,0.0,0.0
2000-08-17 00:00:00+09:00,198.68794163683398,198.68794163683398,191.4629364013672,191.4629364013672,1200,0.0,0.0
2000-08-18 00:00:00+09:00,191.4629364013672,191.4629364013672,191.4629364013672,191.4629364013672,0,0.0,0.0
2000-08-21 00:00:00+09:00,191.4629364013672,191.4629364013672,191.4629364013672,191.4629364013672,0,0.0,0.0
2000-08-22 00:00:00+09:00,193.26912712740037,193.26912712740037,166.1753234863281,166.17532348632812,1800,0.0,0.0
2000-08-23 00:00:00+09:00,191.46292253392582,198.68792724609372,191.46292253392582,198.68792724609375,2700,0.0,0.0
2000-08-24 00:00:00+09:00,198.68792724609372,198.68792724609372,198.68792724609372,198.68792724609375,0,0.0,0.0
2000-08-25 00:00:00+09:00,196.88168433642608,198.68792724609372,196.88168433642608,198.68792724609375,600,0.0,0.0
2000-08-28 00:00:00+09:00,198.68792724609372,198.68792724609372,198.68792724609372,198.68792724609375,0,0.0,0.0
2000-08-29 00:00:00+09:00,198.68792724609372,198.68792724609372,198.68792724609372,198.68792724609375,0,0.0,0.0
2000-08-30 00:00:00+09:00,198.68792724609372,198.68792724609372,198.68792724609372,198.68792724609375,0,0.0,0.0
2000-08-31 00:00:00+09:00,198.68792724609372,198.68792724609372,198.68792724609372,198.68792724609375,0,0.0,0.0
2000-09-01 00:00:00+09:00,196.88169860839844,196.88169860839844,196.88169860839844,196.88169860839844,1500,0.0,0.0
2000-09-04 00:00:00+09:00,180.6253967285156,180.6253967285156,180.6253967285156,180.62539672851562,1500,0.0,0.0
2000-09-05 00:00:00+09:00,180.6253967285156,180.6253967285156,180.6253967285156,180.62539672851562,0,0.0,0.0
2000-09-06 00:00:00+09:00,213.13792400132093,213.13792400132093,209.52540588378906,209.52540588378906,900,0.0,0.0
2000-09-07 00:00:00+09:00,182.431640625,182.431640625,182.431640625,182.431640625,300,0.0,0.0
2000-09-08 00:00:00+09:00,182.431640625,182.431640625,182.431640625,182.431640625,300,0.0,0.0
2000-09-11 00:00:00+09:00,182.431640625,182.431640625,182.431640625,182.431640625,0,0.0,0.0
2000-09-12 00:00:00+09:00,180.6253967285156,180.6253967285156,180.6253967285156,180.62539672851562,600,0.0,0.0
2000-09-13 00:00:00+09:00,182.4316396161793,182.4316396161793,180.6253967285156,180.62539672851562,1200,0.0,0.0
2000-09-14 00:00:00+09:00,184.23790021623884,189.65666198730472,177.01287900923487,189.6566619873047,3300,0.0,0.0
2000-09-15 00:00:00+09:00,189.65666198730472,189.65666198730472,189.65666198730472,189.6566619873047,0,0.0,0.0
2000-09-18 00:00:00+09:00,189.65666198730472,189.65666198730472,189.65666198730472,189.6566619873047,0,0.0,0.0
2000-09-19 00:00:00+09:00,189.65666198730472,189.65666198730472,189.65666198730472,189.6566619873047,0,0.0,0.0
2000-09-20 00:00:00+09:00,180.6253967285156,180.6253967285156,180.6253967285156,180.62539672851562,1800,0.0,0.0
2000-09-21 00:00:00+09:00,180.6253967285156,180.6253967285156,180.6253967285156,180.62539672851562,0,0.0,0.0
2000-09-22 00:00:00+09:00,180.6253967285156,180.6253967285156,180.6253967285156,180.62539672851562,0,0.0,0.0
2000-09-25 00:00:00+09:00,180.6253967285156,180.6253967285156,180.6253967285156,180.62539672851562,0,0.0,0.0
2000-09-26 00:00:00+09:00,180.6253967285156,180.6253967285156,180.6253967285156,180.62539672851562,0,0.0,0.0
2000-09-27 00:00:00+09:00,180.6253967285156,180.6253967285156,180.6253967285156,180.62539672851562,0,0.0,0.0
2000-09-28 00:00:00+09:00,180.6253967285156,184.23789904059146,180.6253967285156,180.62539672851562,1500,0.0,0.0
2000-09-29 00:00:00+09:00,180.6253967285156,180.6253967285156,180.6253967285156,180.62539672851562,5400,0.0,0.0
2000-10-02 00:00:00+09:00,180.6253967285156,180.6253967285156,180.6253967285156,180.62539672851562,0,0.0,0.0
2000-10-03 00:00:00+09:00,180.6253967285156,180.6253967285156,180.6253967285156,180.62539672851562,0,0.0,0.0
2000-10-04 00:00:00+09:00,180.6253967285156,180.6253967285156,180.6253967285156,180.62539672851562,0,0.0,0.0
2000-10-05 00:00:00+09:00,180.6253967285156,180.6253967285156,180.6253967285156,180.62539672851562,0,0.0,0.0
2000-10-06 00:00:00+09:00,180.6253967285156,180.6253967285156,180.6253967285156,180.62539672851562,0,0.0,0.0
2000-10-09 00:00:00+09:00,180.6253967285156,180.6253967285156,180.6253967285156,180.62539672851562,0,0.0,0.0
2000-10-10 00:00:00+09:00,180.6253967285156,180.6253967285156,180.6253967285156,180.62539672851562,0,0.0,0.0
2000-10-11 00:00:00+09:00,153.53158569335938,153.53158569335938,153.53158569335938,153.53158569335938,900,0.0,0.0
2000-10-12 00:00:00+09:00,153.53158569335938,153.53158569335938,153.53158569335938,153.53158569335938,0,0.0,0.0
2000-10-13 00:00:00+09:00,158.95034790039062,158.95034790039062,158.95034790039062,158.95034790039062,600,0.0,0.0
2000-10-16 00:00:00+09:00,158.95034790039062,158.95034790039062,158.95034790039062,158.95034790039062,0,0.0,0.0
2000-10-17 00:00:00+09:00,160.75657645118423,162.56283569335938,153.53157255597722,162.56283569335938,2100,0.0,0.0
2000-10-18 00:00:00+09:00,162.56283569335938,162.56283569335938,162.56283569335938,162.56283569335938,0,0.0,0.0
2000-10-19 00:00:00+09:00,162.56283569335938,162.56283569335938,162.56283569335938,162.56283569335938,0,0.0,0.0
2000-10-20 00:00:00+09:00,180.6253967285156,180.6253967285156,180.6253967285156,180.62539672851562,1800,0.0,0.0
2000-10-23 00:00:00+09:00,180.6253967285156,180.6253967285156,180.6253967285156,180.62539672851562,0,0.0,0.0
2000-10-24 00:00:00+09:00,180.6253967285156,180.6253967285156,180.6253967285156,180.62539672851562,0,0.0,0.0
2000-10-25 00:00:00+09:00,180.6253967285156,180.6253967285156,180.6253967285156,180.62539672851562,0,0.0,0.0
2000-10-26 00:00:00+09:00,180.6253967285156,180.6253967285156,180.6253967285156,180.62539672851562,0,0.0,0.0
2000-10-27 00:00:00+09:00,180.6253967285156,180.6253967285156,180.6253967285156,180.62539672851562,0,0.0,0.0
2000-10-30 00:00:00+09:00,180.6253967285156,180.6253967285156,180.6253967285156,180.62539672851562,0,0.0,0.0
2000-10-31 00:00:00+09:00,180.6253967285156,180.6253967285156,180.6253967285156,180.62539672851562,0,0.0,0.0
2000-11-01 00:00:00+09:00,180.6253967285156,180.6253967285156,180.6253967285156,180.62539672851562,0,0.0,0.0
2000-11-02 00:00:00+09:00,180.6253967285156,180.6253967285156,180.6253967285156,180.62539672851562,0,0.0,0.0
2000-11-03 00:00:00+09:00,180.6253967285156,180.6253967285156,180.6253967285156,180.62539672851562,0,0.0,0.0
2000-11-06 00:00:00+09:00,175.2066192626953,175.2066192626953,175.2066192626953,175.2066192626953,600,0.0,0.0
2000-11-07 00:00:00+09:00,153.53158569335938,153.53158569335938,153.53158569335938,153.53158569335938,900,0.0,0.0
2000-11-08 00:00:00+09:00,207.71919250488278,207.71919250488278,207.71919250488278,207.7191925048828,3000,0.0,0.0
2000-11-09 00:00:00+09:00,189.65666198730472,198.68792609349825,189.65666198730472,189.6566619873047,1500,0.0,0.0
2000-11-10 00:00:00+09:00,173.400390625,173.400390625,173.400390625,173.400390625,900,0.0,0.0
2000-11-13 00:00:00+09:00,173.400390625,173.400390625,173.400390625,173.400390625,0,0.0,0.0
2000-11-14 00:00:00+09:00,173.400390625,173.400390625,173.400390625,173.400390625,0,0.0,0.0
2000-11-15 00:00:00+09:00,187.85038573089983,198.68790830261995,177.0128631591797,177.0128631591797,1800,0.0,0.0
2000-11-16 00:00:00+09:00,158.95033374575587,162.56283569335938,158.95033374575587,162.56283569335938,3900,0.0,0.0
2000-11-17 00:00:00+09:00,162.56283569335938,162.56283569335938,162.56283569335938,162.56283569335938,0,0.0,0.0
2000-11-20 00:00:00+09:00,162.56283569335938,162.56283569335938,162.56283569335938,162.56283569335938,0,0.0,0.0
2000-11-21 00:00:00+09:00,162.56283569335938,162.56283569335938,162.56283569335938,162.56283569335938,0,0.0,0.0
2000-11-22 00:00:00+09:00,209.52540588378906,209.52540588378906,209.52540588378906,209.52540588378906,900,0.0,0.0
2000-11-23 00:00:00+09:00,209.52540588378906,209.52540588378906,209.52540588378906,209.52540588378906,0,0.0,0.0
2000-11-24 00:00:00+09:00,209.52540588378906,209.52540588378906,209.52540588378906,209.52540588378906,0,0.0,0.0
2000-11-27 00:00:00+09:00,164.36911010742188,164.36911010742188,155.33782959967175,164.36911010742188,3600,0.0,0.0
2000-11-28 00:00:00+09:00,160.756591796875,160.756591796875,160.756591796875,160.756591796875,600,0.0,0.0
2000-11-29 00:00:00+09:00,160.756591796875,160.756591796875,160.756591796875,160.756591796875,0,0.0,0.0
2000-11-30 00:00:00+09:00,166.1753234863281,166.1753234863281,166.1753234863281,166.17532348632812,300,0.0,0.0
2000-12-01 00:00:00+09:00,166.1753234863281,166.1753234863281,166.1753234863281,166.17532348632812,300,0.0,0.0
2000-12-04 00:00:00+09:00,195.07546997070312,195.07546997070312,195.07546997070312,195.07546997070312,300,0.0,0.0
2000-12-05 00:00:00+09:00,195.07546997070312,195.07546997070312,195.07546997070312,195.07546997070312,0,0.0,0.0
2000-12-06 00:00:00+09:00,167.98162841796875,167.98162841796875,157.14410400390625,157.14410400390625,4200,0.0,0.0
2000-12-07 00:00:00+09:00,162.56285016968988,162.56285016968988,158.95034790039062,158.95034790039062,2100,0.0,0.0
2000-12-08 00:00:00+09:00,153.53158569335938,153.53158569335938,153.53158569335938,153.53158569335938,3000,0.0,0.0
2000-12-11 00:00:00+09:00,157.14410400390625,157.14410400390625,157.14410400390625,157.14410400390625,1800,0.0,0.0
2000-12-12 00:00:00+09:00,157.14410400390625,157.14410400390625,157.14410400390625,157.14410400390625,1800,0.0,0.0
2000-12-13 00:00:00+09:00,155.33782958984375,155.33782958984375,155.33782958984375,155.33782958984375,900,0.0,0.0
2000-12-14 00:00:00+09:00,155.33782958984375,155.33782958984375,155.33782958984375,155.33782958984375,300,0.0,0.0
2000-12-15 00:00:00+09:00,155.33782958984375,155.33782958984375,155.33782958984375,155.33782958984375,0,0.0,0.0
2000-12-18 00:00:00+09:00,155.33782958984375,155.33782958984375,155.33782958984375,155.33782958984375,600,0.0,0.0
2000-12-19 00:00:00+09:00,146.30656511445804,149.9190673828125,146.30656511445804,149.9190673828125,1500,0.0,0.0
2000-12-20 00:00:00+09:00,149.9190508946913,149.9190508946913,144.50028981974165,148.11280822753906,2400,0.0,0.0
2000-12-21 00:00:00+09:00,144.50028981974165,148.11280822753906,144.50028981974165,148.11280822753906,2700,0.0,0.0
2000-12-22 00:00:00+09:00,148.11280822753906,148.11280822753906,148.11280822753906,148.11280822753906,0,0.0,0.0
2000-12-25 00:00:00+09:00,148.11280822753906,148.11280822753906,148.11280822753906,148.11280822753906,300,0.0,0.0
2000-12-26 00:00:00+09:00,153.53158569335938,153.53158569335938,153.53158569335938,153.53158569335938,300,0.0,0.0
2000-12-27 00:00:00+09:00,153.53158569335938,153.53158569335938,153.53158569335938,153.53158569335938,0,0.0,0.0
2000-12-28 00:00:00+09:00,155.33782958984375,155.33782958984375,155.33782958984375,155.33782958984375,900,0.0,0.0
2000-12-29 00:00:00+09:00,155.33782958984375,155.33782958984375,155.33782958984375,155.33782958984375,0,0.0,0.0
2001-01-01 00:00:00+09:00,155.33782958984375,155.33782958984375,155.33782958984375,155.33782958984375,0,0.0,0.0
2001-01-02 00:00:00+09:00,155.33782958984375,155.33782958984375,155.33782958984375,155.33782958984375,0,0.0,0.0
2001-01-03 00:00:00+09:00,155.33782958984375,155.33782958984375,155.33782958984375,155.33782958984375,0,0.0,0.0
2001-01-04 00:00:00+09:00,155.3378705634511,155.3378705634511,137.27532958984375,137.27532958984375,2100,0.0,0.0
2001-01-05 00:00:00+09:00,137.27532958984375,137.27532958984375,137.27532958984375,137.27532958984375,0,0.0,0.0
2001-01-08 00:00:00+09:00,137.27532958984375,137.27532958984375,137.27532958984375,137.27532958984375,0,0.0,0.0
2001-01-09 00:00:00+09:00,139.08151245117188,139.08151245117188,139.08151245117188,139.08151245117188,3000,0.0,0.0
2001-01-10 00:00:00+09:00,148.1128245170094,149.9190673828125,146.30656511445804,149.9190673828125,900,0.0,0.0
2001-01-11 00:00:00+09:00,137.27532958984375,137.27532958984375,137.27532958984375,137.27532958984375,600,0.0,0.0
2001-01-12 00:00:00+09:00,155.33784442264587,155.33784442264587,139.08155780155212,151.725341796875,900,0.0,0.0
2001-01-15 00:00:00+09:00,151.725341796875,151.725341796875,151.725341796875,151.725341796875,0,0.0,0.0
2001-01-16 00:00:00+09:00,151.725341796875,151.725341796875,151.725341796875,151.725341796875,0,0.0,0.0
2001-01-17 00:00:00+09:00,151.725341796875,151.725341796875,151.725341796875,151.725341796875,0,0.0,0.0
2001-01-18 00:00:00+09:00,151.725341796875,151.725341796875,151.725341796875,151.725341796875,0,0.0,0.0
2001-01-19 00:00:00+09:00,149.9190673828125,149.9190673828125,149.9190673828125,149.9190673828125,2400,0.0,0.0
2001-01-22 00:00:00+09:00,151.725341796875,151.725341796875,151.725341796875,151.725341796875,300,0.0,0.0
2001-01-23 00:00:00+09:00,151.725341796875,151.725341796875,151.725341796875,151.725341796875,0,0.0,0.0
2001-01-24 00:00:00+09:00,151.725341796875,151.725341796875,151.725341796875,151.725341796875,0,0.0,0.0
2001-01-25 00:00:00+09:00,151.725341796875,151.725341796875,151.725341796875,151.725341796875,600,0.0,0.0
2001-01-26 00:00:00+09:00,151.725341796875,151.725341796875,151.725341796875,151.725341796875,0,0.0,0.0
2001-01-29 00:00:00+09:00,151.725341796875,151.725341796875,151.725341796875,151.725341796875,0,0.0,0.0
2001-01-30 00:00:00+09:00,151.725341796875,151.725341796875,151.725341796875,151.725341796875,0,0.0,0.0
2001-01-31 00:00:00+09:00,151.725341796875,151.725341796875,151.725341796875,151.725341796875,0,0.0,0.0
2001-02-01 00:00:00+09:00,151.725341796875,151.725341796875,151.725341796875,151.725341796875,0,0.0,0.0
2001-02-02 00:00:00+09:00,160.75659020679515,162.56284960352818,153.53158569335938,153.53158569335938,2100,0.0,0.0
2001-02-05 00:00:00+09:00,153.53158569335938,153.53158569335938,153.53158569335938,153.53158569335938,0,0.0,0.0
2001-02-06 00:00:00+09:00,155.33782958984375,155.33782958984375,155.33782958984375,155.33782958984375,600,0.0,0.0
2001-02-07 00:00:00+09:00,157.14410400390625,157.14410400390625,157.14410400390625,157.14410400390625,900,0.0,0.0
2001-02-08 00:00:00+09:00,157.14410400390625,157.14410400390625,157.14410400390625,157.14410400390625,0,0.0,0.0
2001-02-09 00:00:00+09:00,157.14410400390625,157.14410400390625,157.14410400390625,157.14410400390625,0,0.0,0.0
2001-02-12 00:00:00+09:00,157.14410400390625,157.14410400390625,157.14410400390625,157.14410400390625,0,0.0,0.0
2001-02-13 00:00:00+09:00,160.756591796875,160.756591796875,160.756591796875,160.756591796875,300,0.0,0.0
2001-02-14 00:00:00+09:00,162.56283569335938,162.56283569335938,162.56283569335938,162.56283569335938,2100,0.0,0.0
2001-02-15 00:00:00+09:00,169.7878875732422,169.7878875732422,169.7878875732422,169.7878875732422,900,0.0,0.0
2001-02-16 00:00:00+09:00,178.81915283203125,178.81915283203125,178.81915283203125,178.81915283203125,1800,0.0,0.0
2001-02-19 00:00:00+09:00,166.17535350392413,166.17535350392413,160.756591796875,160.756591796875,2100,0.0,0.0
2001-02-20 00:00:00+09:00,162.56283569335938,162.56283569335938,162.56283569335938,162.56283569335938,600,0.0,0.0
2001-02-21 00:00:00+09:00,162.5628218464336,166.1753234863281,162.5628218464336,166.17532348632812,900,0.0,0.0
2001-02-22 00:00:00+09:00,169.78788799922913,173.400390625,169.78788799922913,173.400390625,1500,0.0,0.0
2001-02-23 00:00:00+09:00,173.400390625,173.400390625,173.400390625,173.400390625,0,0.0,0.0
2001-02-26 00:00:00+09:00,173.400390625,173.400390625,173.400390625,173.400390625,0,0.0,0.0
2001-02-27 00:00:00+09:00,173.4003433028625,173.4003433028625,166.1753234863281,166.17532348632812,1200,0.0,0.0
2001-02-28 00:00:00+09:00,171.5941306132209,171.5941306132209,169.7878875732422,169.7878875732422,1500,0.0,0.0
2001-03-01 00:00:00+09:00,171.59413146972656,171.59413146972656,171.59413146972656,171.59413146972656,600,0.0,0.0
2001-03-02 00:00:00+09:00,169.7878875732422,169.7878875732422,169.7878875732422,169.7878875732422,7500,0.0,0.0
2001-03-05 00:00:00+09:00,139.08152874479202,148.11280822753906,139.08152874479202,148.11280822753906,2700,0.0,0.0
2001-03-06 00:00:00+09:00,158.95036358516663,158.95036358516663,157.14410400390625,157.14410400390625,2700,0.0,0.0
2001-03-07 00:00:00+09:00,157.14408795007725,157.14408795007725,153.53158569335938,153.53158569335938,1800,0.0,0.0
2001-03-08 00:00:00+09:00,153.53160137813538,153.53160137813538,151.725341796875,151.725341796875,1800,0.0,0.0
2001-03-09 00:00:00+09:00,162.56283569335938,162.56283569335938,157.14407450358073,162.56283569335938,1500,0.0,0.0
2001-03-12 00:00:00+09:00,160.75657645118423,162.56283569335938,160.75657645118423,162.56283569335938,1500,0.0,0.0
2001-03-13 00:00:00+09:00,157.14410400390625,157.14410400390625,157.14410400390625,157.14410400390625,600,0.0,0.0
2001-03-14 00:00:00+09:00,157.14410400390625,157.14410400390625,157.14410400390625,157.14410400390625,0,0.0,0.0
2001-03-15 00:00:00+09:00,169.7878875732422,169.7878875732422,169.7878875732422,169.7878875732422,300,0.0,0.0
2001-03-16 00:00:00+09:00,169.78785612531317,173.40035807291667,162.56283569335938,162.56283569335938,2100,0.0,0.0
2001-03-19 00:00:00+09:00,162.56283569335938,162.56283569335938,162.56283569335938,162.56283569335938,300,0.0,0.0
2001-03-20 00:00:00+09:00,162.56283569335938,162.56283569335938,162.56283569335938,162.56283569335938,0,0.0,0.0
2001-03-21 00:00:00+09:00,178.81915283203125,178.81915283203125,177.01289325077087,178.81915283203125,2100,0.0,0.0
2001-03-22 00:00:00+09:00,182.4316407803007,189.65666198730472,178.819138445173,189.6566619873047,2700,0.0,0.0
2001-03-23 00:00:00+09:00,195.07542448169815,195.07542448169815,189.65666269053986,193.2691650390625,3300,0.0,0.0
2001-03-26 00:00:00+09:00,187.85038757324222,187.85038757324222,187.85038757324222,187.8503875732422,600,0.0,0.0
2001-03-27 00:00:00+09:00,187.85038757324222,187.85038757324222,187.85038757324222,187.8503875732422,0,0.0,0.0
2001-03-28 00:00:00+09:00,187.85038757324222,187.85038757324222,187.85038757324222,187.8503875732422,0,0.0,0.0
2001-03-29 00:00:00+09:00,187.85038757324222,187.85038757324222,187.85038757324222,187.8503875732422,600,0.0,0.0
2001-03-30 00:00:00+09:00,187.85038757324222,187.85038757324222,187.85038757324222,187.8503875732422,0,0.0,0.0
2001-04-02 00:00:00+09:00,186.04412841796875,186.04412841796875,186.04412841796875,186.04412841796875,300,0.0,0.0
2001-04-03 00:00:00+09:00,184.2378845214844,184.2378845214844,184.2378845214844,184.23788452148438,600,0.0,0.0
2001-04-04 00:00:00+09:00,184.23789904059146,184.23789904059146,180.6253967285156,180.62539672851562,2700,0.0,0.0
2001-04-05 00:00:00+09:00,180.6253824940965,184.2378845214844,180.6253824940965,184.23788452148438,600,0.0,0.0
2001-04-06 00:00:00+09:00,189.65666077707942,189.65666077707942,180.6253967285156,180.62539672851562,2400,0.0,0.0
2001-04-09 00:00:00+09:00,180.6253967285156,180.6253967285156,180.6253967285156,180.62539672851562,0,0.0,0.0
2001-04-10 00:00:00+09:00,180.6253967285156,180.6253967285156,180.6253967285156,180.62539672851562,0,0.0,0.0
2001-04-11 00:00:00+09:00,180.6253967285156,180.6253967285156,180.6253967285156,180.62539672851562,300,0.0,0.0
2001-04-12 00:00:00+09:00,180.6253967285156,180.6253967285156,180.6253967285156,180.62539672851562,1500,0.0,0.0
2001-04-13 00:00:00+09:00,180.6253967285156,180.6253967285156,180.6253967285156,180.62539672851562,900,0.0,0.0
2001-04-16 00:00:00+09:00,180.6253967285156,180.6253967285156,180.6253967285156,180.62539672851562,0,0.0,0.0
2001-04-17 00:00:00+09:00,180.6253967285156,180.6253967285156,180.6253967285156,180.62539672851562,300,0.0,0.0
2001-04-18 00:00:00+09:00,180.6253967285156,180.6253967285156,180.6253967285156,180.62539672851562,3000,0.0,0.0
2001-04-19 00:00:00+09:00,180.6253967285156,180.6253967285156,171.59411614320334,180.62539672851562,3000,0.0,0.0
2001-04-20 00:00:00+09:00,180.6253967285156,180.6253967285156,180.6253967285156,180.62539672851562,600,0.0,0.0
2001-04-23 00:00:00+09:00,180.62541202247792,196.88169860839844,175.20664982717108,196.88169860839844,2400,0.0,0.0
2001-04-24 00:00:00+09:00,189.65666198730472,189.65666198730472,189.65666198730472,189.6566619873047,1200,0.0,0.0
2001-04-25 00:00:00+09:00,182.4316396161793,182.4316396161793,180.6253967285156,180.62539672851562,1500,0.0,0.0
2001-04-26 00:00:00+09:00,182.4316396161793,182.4316396161793,180.6253967285156,180.62539672851562,1500,0.0,0.0
2001-04-27 00:00:00+09:00,191.4629364013672,191.4629364013672,191.4629364013672,191.4629364013672,900,0.0,0.0
2001-04-30 00:00:00+09:00,191.4629364013672,191.4629364013672,191.4629364013672,191.4629364013672,0,0.0,0.0
2001-05-01 00:00:00+09:00,196.88169860839844,196.88169860839844,196.88169860839844,196.88169860839844,600,0.0,0.0
2001-05-02 00:00:00+09:00,196.88169860839844,198.6879416490008,196.88169860839844,196.88169860839844,1500,0.0,0.0
2001-05-03 00:00:00+09:00,196.88169860839844,196.88169860839844,196.88169860839844,196.88169860839844,0,0.0,0.0
2001-05-04 00:00:00+09:00,196.88169860839844,196.88169860839844,196.88169860839844,196.88169860839844,0,0.0,0.0
2001-05-07 00:00:00+09:00,196.88168433642608,198.68792724609372,196.88168433642608,198.68792724609375,12,0.0,0.0
2001-05-08 00:00:00+09:00,202.30040693559815,234.81297145006505,202.30040693559815,225.7816925048828,60,0.0,0.0
2001-05-09 00:00:00+09:00,222.1692173921212,222.1692173921212,207.71919250488278,207.7191925048828,9,0.0,0.0
2001-05-10 00:00:00+09:00,202.3004455566406,202.3004455566406,202.3004455566406,202.30044555664062,3,0.0,0.0
2001-05-11 00:00:00+09:00,207.71919250488278,207.71919250488278,207.71919250488278,207.7191925048828,3,0.0,0.0
2001-05-14 00:00:00+09:00,191.4629364013672,191.4629364013672,191.4629364013672,191.4629364013672,12,0.0,0.0
2001-05-15 00:00:00+09:00,191.46288144311015,211.331664942555,191.46288144311015,209.52540588378906,1800,0.0,0.0
2001-05-16 00:00:00+09:00,209.52540588378906,209.52540588378906,209.52540588378906,209.52540588378906,600,0.0,0.0
2001-05-17 00:00:00+09:00,209.52540588378906,209.52540588378906,209.52540588378906,209.52540588378906,0,0.0,0.0
2001-05-18 00:00:00+09:00,209.52540588378906,209.52540588378906,209.52540588378906,209.52540588378906,0,0.0,0.0
2001-05-21 00:00:00+09:00,198.68792724609372,198.68792724609372,198.68792724609372,198.68792724609375,300,0.0,0.0
2001-05-22 00:00:00+09:00,191.4629364013672,191.4629364013672,191.4629364013672,191.4629364013672,900,0.0,0.0
2001-05-23 00:00:00+09:00,191.4629364013672,191.4629364013672,191.4629364013672,191.4629364013672,600,0.0,0.0
2001-05-24 00:00:00+09:00,191.4629364013672,191.4629364013672,191.4629364013672,191.4629364013672,0,0.0,0.0
2001-05-25 00:00:00+09:00,191.4629364013672,191.4629364013672,191.4629364013672,191.4629364013672,900,0.0,0.0
2001-05-28 00:00:00+09:00,177.01289325077087,178.81915283203125,177.01289325077087,178.81915283203125,3300,0.0,0.0
2001-05-29 00:00:00+09:00,180.6253967285156,180.6253967285156,180.6253967285156,180.62539672851562,600,0.0,0.0
2001-05-30 00:00:00+09:00,180.6253967285156,180.6253967285156,180.6253967285156,180.62539672851562,600,0.0,0.0
2001-05-31 00:00:00+09:00,180.6253967285156,180.6253967285156,180.6253967285156,180.62539672851562,600,0.0,0.0
2001-06-01 00:00:00+09:00,180.6253967285156,180.6253967285156,180.6253967285156,180.62539672851562,0,0.0,0.0
2001-06-04 00:00:00+09:00,151.725341796875,173.400390625,151.725341796875,173.400390625,900,0.0,0.0
2001-06-05 00:00:00+09:00,173.400390625,173.400390625,173.400390625,173.400390625,2400,0.0,0.0
2001-06-06 00:00:00+09:00,173.400390625,173.400390625,173.400390625,173.400390625,0,0.0,0.0
2001-06-07 00:00:00+09:00,173.4003433028625,173.4003433028625,166.1753234863281,166.17532348632812,1500,0.0,0.0
2001-06-08 00:00:00+09:00,166.17535297957323,166.17535297957323,164.36911010742188,164.36911010742188,1200,0.0,0.0
2001-06-11 00:00:00+09:00,164.36912620024856,171.59413146972656,164.36912620024856,171.59413146972656,2100,0.0,0.0
2001-06-12 00:00:00+09:00,175.2066192626953,175.2066192626953,175.2066192626953,175.2066192626953,900,0.0,0.0
2001-06-13 00:00:00+09:00,171.59413146972656,171.59413146972656,171.59413146972656,171.59413146972656,600,0.0,0.0
2001-06-14 00:00:00+09:00,171.59413146972656,171.59413146972656,171.59413146972656,171.59413146972656,0,0.0,0.0
2001-06-15 00:00:00+09:00,166.17535297957323,166.17535297957323,164.36911010742188,164.36911010742188,3000,0.0,0.0
2001-06-18 00:00:00+09:00,164.36911010742188,164.36911010742188,164.36911010742188,164.36911010742188,0,0.0,0.0
2001-06-19 00:00:00+09:00,164.36911010742188,164.36911010742188,164.36911010742188,164.36911010742188,0,0.0,0.0
2001-06-20 00:00:00+09:00,173.400390625,173.400390625,173.400390625,173.400390625,300,0.0,0.0
2001-06-21 00:00:00+09:00,180.6253967285156,180.6253967285156,180.6253967285156,180.62539672851562,300,0.0,0.0
2001-06-22 00:00:00+09:00,180.6253967285156,180.6253967285156,180.6253967285156,180.62539672851562,0,0.0,0.0
2001-06-25 00:00:00+09:00,180.6253967285156,180.6253967285156,180.6253967285156,180.62539672851562,0,0.0,0.0
2001-06-26 00:00:00+09:00,180.6253967285156,180.6253967285156,180.6253967285156,180.62539672851562,0,0.0,0.0
2001-06-27 00:00:00+09:00,180.6253967285156,180.6253967285156,180.6253967285156,180.62539672851562,0,0.0,0.0
2001-06-28 00:00:00+09:00,180.6253967285156,180.6253967285156,180.6253967285156,180.62539672851562,0,0.0,0.0
2001-06-29 00:00:00+09:00,166.1753692492431,171.59413146972656,166.1753692492431,171.59413146972656,1500,0.0,0.0
2001-07-02 00:00:00+09:00,171.59413146972656,171.59413146972656,171.59413146972656,171.59413146972656,0,0.0,0.0
2001-07-03 00:00:00+09:00,171.59413146972656,171.59413146972656,171.59413146972656,171.59413146972656,0,0.0,0.0
2001-07-04 00:00:00+09:00,171.59413146972656,171.59413146972656,171.59413146972656,171.59413146972656,0,0.0,0.0
2001-07-05 00:00:00+09:00,167.98159790039062,167.98159790039062,167.98159790039062,167.98159790039062,900,0.0,0.0
2001-07-06 00:00:00+09:00,169.7878875732422,169.7878875732422,169.7878875732422,169.7878875732422,300,0.0,0.0
2001-07-09 00:00:00+09:00,169.7878875732422,169.7878875732422,169.7878875732422,169.7878875732422,1500,0.0,0.0
2001-07-10 00:00:00+09:00,167.98159790039062,167.98159790039062,167.98159790039062,167.98159790039062,1200,0.0,0.0
2001-07-11 00:00:00+09:00,167.98159790039062,167.98159790039062,167.98159790039062,167.98159790039062,1500,0.0,0.0
2001-07-12 00:00:00+09:00,167.98159790039062,167.98159790039062,167.98159790039062,167.98159790039062,600,0.0,0.0
2001-07-13 00:00:00+09:00,167.98159790039062,167.98159790039062,167.98159790039062,167.98159790039062,0,0.0,0.0
2001-07-16 00:00:00+09:00,167.98159790039062,167.98159790039062,167.98159790039062,167.98159790039062,0,0.0,0.0
2001-07-17 00:00:00+09:00,167.98159790039062,167.98159790039062,167.98159790039062,167.98159790039062,0,0.0,0.0
2001-07-18 00:00:00+09:00,177.0128631591797,177.0128631591797,177.0128631591797,177.0128631591797,2100,0.0,0.0
2001-07-19 00:00:00+09:00,177.0128631591797,177.0128631591797,177.0128631591797,177.0128631591797,1200,0.0,0.0
2001-07-20 00:00:00+09:00,177.0128631591797,177.0128631591797,177.0128631591797,177.0128631591797,0,0.0,0.0
2001-07-23 00:00:00+09:00,177.0128631591797,177.0128631591797,177.0128631591797,177.0128631591797,600,0.0,0.0
2001-07-24 00:00:00+09:00,177.0128631591797,177.0128631591797,177.0128631591797,177.0128631591797,0,0.0,0.0
2001-07-25 00:00:00+09:00,177.0128631591797,177.0128631591797,177.0128631591797,177.0128631591797,600,0.0,0.0
2001-07-26 00:00:00+09:00,177.0128631591797,177.0128631591797,177.0128631591797,177.0128631591797,0,0.0,0.0
2001-07-27 00:00:00+09:00,177.0128631591797,177.0128631591797,177.0128631591797,177.0128631591797,0,0.0,0.0
2001-07-30 00:00:00+09:00,177.0128631591797,177.0128631591797,177.0128631591797,177.0128631591797,0,0.0,0.0
2001-07-31 00:00:00+09:00,177.0128631591797,177.0128631591797,177.0128631591797,177.0128631591797,0,0.0,0.0
2001-08-01 00:00:00+09:00,177.0128631591797,177.0128631591797,177.0128631591797,177.0128631591797,600,0.0,0.0
2001-08-02 00:00:00+09:00,177.0128631591797,177.0128631591797,177.0128631591797,177.0128631591797,0,0.0,0.0
2001-08-03 00:00:00+09:00,177.0128631591797,177.0128631591797,177.0128631591797,177.0128631591797,0,0.0,0.0
2001-08-06 00:00:00+09:00,177.0128631591797,177.0128631591797,177.0128631591797,177.0128631591797,0,0.0,0.0
2001-08-07 00:00:00+09:00,177.0128631591797,177.0128631591797,177.0128631591797,177.0128631591797,300,0.0,0.0
2001-08-08 00:00:00+09:00,177.0128631591797,177.0128631591797,177.0128631591797,177.0128631591797,0,0.0,0.0
2001-08-09 00:00:00+09:00,177.0128631591797,177.0128631591797,177.0128631591797,177.0128631591797,0,0.0,0.0
2001-08-10 00:00:00+09:00,177.0128631591797,177.0128631591797,177.0128631591797,177.0128631591797,0,0.0,0.0
2001-08-13 00:00:00+09:00,177.0128631591797,177.0128631591797,177.0128631591797,177.0128631591797,0,0.0,0.0
2001-08-14 00:00:00+09:00,177.0128631591797,177.0128631591797,177.0128631591797,177.0128631591797,0,0.0,0.0
2001-08-15 00:00:00+09:00,177.0128631591797,177.0128631591797,177.0128631591797,177.0128631591797,0,0.0,0.0
2001-08-16 00:00:00+09:00,177.0128631591797,177.0128631591797,177.0128631591797,177.0128631591797,0,0.0,0.0
2001-08-17 00:00:00+09:00,177.0128631591797,177.0128631591797,177.0128631591797,177.0128631591797,0,0.0,0.0
2001-08-20 00:00:00+09:00,177.0128631591797,177.0128631591797,177.0128631591797,177.0128631591797,0,0.0,0.0
2001-08-21 00:00:00+09:00,177.0128631591797,177.0128631591797,177.0128631591797,177.0128631591797,0,0.0,0.0
2001-08-22 00:00:00+09:00,177.0128631591797,177.0128631591797,177.0128631591797,177.0128631591797,0,0.0,0.0
2001-08-23 00:00:00+09:00,157.14408899862914,157.14408899862914,155.33782958984375,155.33782958984375,900,0.0,0.0
2001-08-24 00:00:00+09:00,155.33782958984375,155.33782958984375,155.33782958984375,155.33782958984375,0,0.0,0.0
2001-08-27 00:00:00+09:00,155.33782958984375,155.33782958984375,155.33782958984375,155.33782958984375,0,0.0,0.0
2001-08-28 00:00:00+09:00,155.33782958984375,155.33782958984375,155.33782958984375,155.33782958984375,0,0.0,0.0
2001-08-29 00:00:00+09:00,155.33782958984375,155.33782958984375,155.33782958984375,155.33782958984375,0,0.0,0.0
2001-08-30 00:00:00+09:00,155.33782958984375,155.33782958984375,155.33782958984375,155.33782958984375,0,0.0,0.0
2001-08-31 00:00:00+09:00,158.95034790039062,158.95034790039062,158.95034790039062,158.95034790039062,600,0.0,0.0
2001-09-03 00:00:00+09:00,166.1753234863281,166.1753234863281,166.1753234863281,166.17532348632812,900,0.0,0.0
2001-09-04 00:00:00+09:00,151.72532678536388,151.72532678536388,149.9190673828125,149.9190673828125,1200,0.0,0.0
2001-09-05 00:00:00+09:00,149.9190673828125,149.9190673828125,149.9190673828125,149.9190673828125,0,0.0,0.0
2001-09-06 00:00:00+09:00,149.9190673828125,149.9190673828125,149.9190673828125,149.9190673828125,0,0.0,0.0
2001-09-07 00:00:00+09:00,149.9190673828125,149.9190673828125,149.9190673828125,149.9190673828125,0,0.0,0.0
2001-09-10 00:00:00+09:00,149.9190673828125,149.9190673828125,149.9190673828125,149.9190673828125,0,0.0,0.0
2001-09-11 00:00:00+09:00,162.56283569335938,162.56283569335938,162.56283569335938,162.56283569335938,900,0.0,0.0
2001-09-12 00:00:00+09:00,162.56283569335938,162.56283569335938,162.56283569335938,162.56283569335938,0,0.0,0.0
2001-09-13 00:00:00+09:00,162.56283569335938,162.56283569335938,162.56283569335938,162.56283569335938,0,0.0,0.0
2001-09-14 00:00:00+09:00,162.56283569335938,162.56283569335938,162.56283569335938,162.56283569335938,0,0.0,0.0
2001-09-17 00:00:00+09:00,162.56283569335938,162.56283569335938,162.56283569335938,162.56283569335938,300,0.0,0.0
2001-09-18 00:00:00+09:00,162.56283569335938,162.56283569335938,162.56283569335938,162.56283569335938,0,0.0,0.0
2001-09-19 00:00:00+09:00,162.56283569335938,162.56283569335938,162.56283569335938,162.56283569335938,300,0.0,0.0
2001-09-20 00:00:00+09:00,158.95034790039062,158.95034790039062,158.95034790039062,158.95034790039062,600,0.0,0.0
2001-09-21 00:00:00+09:00,158.95034790039062,158.95034790039062,158.95034790039062,158.95034790039062,0,0.0,0.0
2001-09-24 00:00:00+09:00,158.95034790039062,158.95034790039062,158.95034790039062,158.95034790039062,0,0.0,0.0
2001-09-25 00:00:00+09:00,158.95034790039062,158.95034790039062,158.95034790039062,158.95034790039062,0,0.0,0.0
2001-09-26 00:00:00+09:00,158.95034790039062,158.95034790039062,158.95034790039062,158.95034790039062,0,0.0,0.0
2001-09-27 00:00:00+09:00,158.95034790039062,158.95034790039062,158.95034790039062,158.95034790039062,0,0.0,0.0
2001-09-28 00:00:00+09:00,158.95034790039062,158.95034790039062,158.95034790039062,158.95034790039062,0,0.0,0.0
2001-10-01 00:00:00+09:00,158.95034790039062,158.95034790039062,158.95034790039062,158.95034790039062,0,0.0,0.0
2001-10-02 00:00:00+09:00,158.95034790039062,158.95034790039062,158.95034790039062,158.95034790039062,0,0.0,0.0
2001-10-03 00:00:00+09:00,144.50027465820312,144.50027465820312,144.50027465820312,144.50027465820312,1200,0.0,0.0
2001-10-04 00:00:00+09:00,153.53158569335938,153.53158569335938,153.53158569335938,153.53158569335938,600,0.0,0.0
2001-10-05 00:00:00+09:00,153.53158569335938,153.53158569335938,153.53158569335938,153.53158569335938,0,0.0,0.0
2001-10-08 00:00:00+09:00,153.53158569335938,153.53158569335938,153.53158569335938,153.53158569335938,0,0.0,0.0
2001-10-09 00:00:00+09:00,153.53158569335938,153.53158569335938,153.53158569335938,153.53158569335938,0,0.0,0.0
2001-10-10 00:00:00+09:00,153.53158569335938,153.53158569335938,153.53158569335938,153.53158569335938,0,0.0,0.0
2001-10-11 00:00:00+09:00,153.53158569335938,153.53158569335938,153.53158569335938,153.53158569335938,0,0.0,0.0
2001-10-12 00:00:00+09:00,153.53158569335938,153.53158569335938,153.53158569335938,153.53158569335938,0,0.0,0.0
2001-10-15 00:00:00+09:00,153.53158569335938,153.53158569335938,153.53158569335938,153.53158569335938,600,0.0,0.0
2001-10-16 00:00:00+09:00,153.53158569335938,153.53158569335938,153.53158569335938,153.53158569335938,0,0.0,0.0
2001-10-17 00:00:00+09:00,153.53158569335938,153.53158569335938,153.53158569335938,153.53158569335938,0,0.0,0.0
2001-10-18 00:00:00+09:00,144.50027465820312,144.50027465820312,144.50027465820312,144.50027465820312,1200,0.0,0.0
2001-10-19 00:00:00+09:00,144.50027465820312,144.50027465820312,144.50027465820312,144.50027465820312,0,0.0,0.0
2001-10-22 00:00:00+09:00,144.50027465820312,144.50027465820312,144.50027465820312,144.50027465820312,0,0.0,0.0
2001-10-23 00:00:00+09:00,144.50027465820312,144.50027465820312,144.50027465820312,144.50027465820312,0,0.0,0.0
2001-10-24 00:00:00+09:00,144.50027465820312,144.50027465820312,144.50027465820312,144.50027465820312,0,0.0,0.0
2001-10-25 00:00:00+09:00,162.56283569335938,162.56283569335938,162.56283569335938,162.56283569335938,300,0.0,0.0
2001-10-26 00:00:00+09:00,162.56283569335938,162.56283569335938,162.56283569335938,162.56283569335938,0,0.0,0.0
2001-10-29 00:00:00+09:00,162.56283569335938,162.56283569335938,162.56283569335938,162.56283569335938,0,0.0,0.0
2001-10-30 00:00:00+09:00,162.56283569335938,162.56283569335938,162.56283569335938,162.56283569335938,0,0.0,0.0
2001-10-31 00:00:00+09:00,162.56283569335938,162.56283569335938,162.56283569335938,162.56283569335938,0,0.0,0.0
2001-11-01 00:00:00+09:00,158.95034790039062,158.95034790039062,158.95034790039062,158.95034790039062,300,0.0,0.0
2001-11-02 00:00:00+09:00,158.95034790039062,158.95034790039062,158.95034790039062,158.95034790039062,0,0.0,0.0
2001-11-05 00:00:00+09:00,158.95034790039062,158.95034790039062,158.95034790039062,158.95034790039062,0,0.0,0.0
2001-11-06 00:00:00+09:00,162.56284960352818,162.56284960352818,153.53158569335938,153.53158569335938,7200,0.0,0.0
2001-11-07 00:00:00+09:00,162.56285016968988,162.56285016968988,158.95034790039062,158.95034790039062,4500,0.0,0.0
2001-11-08 00:00:00+09:00,158.95034790039062,158.95034790039062,158.95034790039062,158.95034790039062,0,0.0,0.0
2001-11-09 00:00:00+09:00,158.95034790039062,158.95034790039062,158.95034790039062,158.95034790039062,0,0.0,0.0
2001-11-12 00:00:00+09:00,158.95034790039062,158.95034790039062,158.95034790039062,158.95034790039062,0,0.0,0.0
2001-11-13 00:00:00+09:00,158.95034790039062,158.95034790039062,158.95034790039062,158.95034790039062,0,0.0,0.0
2001-11-14 00:00:00+09:00,158.95034790039062,158.95034790039062,158.95034790039062,158.95034790039062,0,0.0,0.0
2001-11-15 00:00:00+09:00,158.95034790039062,158.95034790039062,158.95034790039062,158.95034790039062,0,0.0,0.0
2001-11-16 00:00:00+09:00,158.95034790039062,158.95034790039062,158.95034790039062,158.95034790039062,0,0.0,0.0
2001-11-19 00:00:00+09:00,158.95034790039062,158.95034790039062,158.95034790039062,158.95034790039062,0,0.0,0.0
2001-11-20 00:00:00+09:00,157.14408899862914,157.14408899862914,155.33782958984375,155.33782958984375,1800,0.0,0.0
2001-11-21 00:00:00+09:00,155.33782958984375,155.33782958984375,155.33782958984375,155.33782958984375,0,0.0,0.0
2001-11-22 00:00:00+09:00,155.33782958984375,155.33782958984375,155.33782958984375,155.33782958984375,600,0.0,0.0
2001-11-23 00:00:00+09:00,155.33782958984375,155.33782958984375,155.33782958984375,155.33782958984375,0,0.0,0.0
2001-11-26 00:00:00+09:00,155.33781526140558,162.56283569335938,155.33781526140558,162.56283569335938,1200,0.0,0.0
2001-11-27 00:00:00+09:00,160.756591796875,160.756591796875,160.756591796875,160.756591796875,600,0.0,0.0
2001-11-28 00:00:00+09:00,160.756591796875,160.756591796875,160.756591796875,160.756591796875,0,0.0,0.0
2001-11-29 00:00:00+09:00,137.27532958984375,137.27532958984375,137.27532958984375,137.27532958984375,300,0.0,0.0
2001-11-30 00:00:00+09:00,137.27532958984375,137.27532958984375,137.27532958984375,137.27532958984375,600,0.0,0.0
2001-12-03 00:00:00+09:00,137.27532958984375,137.27532958984375,137.27532958984375,137.27532958984375,0,0.0,0.0
2001-12-04 00:00:00+09:00,144.50027465820312,144.50027465820312,144.50027465820312,144.50027465820312,300,0.0,0.0
2001-12-05 00:00:00+09:00,144.50027465820312,144.50027465820312,144.50027465820312,144.50027465820312,0,0.0,0.0
2001-12-06 00:00:00+09:00,160.756591796875,160.756591796875,160.756591796875,160.756591796875,600,0.0,0.0
2001-12-07 00:00:00+09:00,160.756591796875,160.756591796875,160.756591796875,160.756591796875,0,0.0,0.0
2001-12-10 00:00:00+09:00,137.27532958984375,137.27532958984375,137.27532958984375,137.27532958984375,2400,0.0,0.0
2001-12-11 00:00:00+09:00,137.27532958984375,137.27532958984375,137.27532958984375,137.27532958984375,900,0.0,0.0
2001-12-12 00:00:00+09:00,137.27532958984375,137.27532958984375,137.27532958984375,137.27532958984375,0,0.0,0.0
2001-12-13 00:00:00+09:00,137.27532958984375,137.27532958984375,137.27532958984375,137.27532958984375,0,0.0,0.0
2001-12-14 00:00:00+09:00,137.27532958984375,137.27532958984375,137.27532958984375,137.27532958984375,0,0.0,0.0
2001-12-17 00:00:00+09:00,137.27532958984375,137.27532958984375,137.27532958984375,137.27532958984375,0,0.0,0.0
2001-12-18 00:00:00+09:00,137.27532958984375,137.27532958984375,137.27532958984375,137.27532958984375,0,0.0,0.0
2001-12-19 00:00:00+09:00,126.43777465612938,133.6627960205078,126.43777465612938,133.6627960205078,1500,0.0,0.0
2001-12-20 00:00:00+09:00,133.6627960205078,133.6627960205078,133.6627960205078,133.6627960205078,0,0.0,0.0
2001-12-21 00:00:00+09:00,133.6627960205078,133.6627960205078,133.6627960205078,133.6627960205078,0,0.0,0.0
2001-12-24 00:00:00+09:00,133.6627960205078,133.6627960205078,133.6627960205078,133.6627960205078,0,0.0,0.0
2001-12-25 00:00:00+09:00,133.6627960205078,133.6627960205078,133.6627960205078,133.6627960205078,0,0.0,0.0
2001-12-26 00:00:00+09:00,133.6627960205078,133.6627960205078,133.6627960205078,133.6627960205078,0,0.0,0.0
2001-12-27 00:00:00+09:00,133.6627960205078,133.6627960205078,133.6627960205078,133.6627960205078,600,0.0,0.0
2001-12-28 00:00:00+09:00,133.6627960205078,133.6627960205078,133.6627960205078,133.6627960205078,0,0.0,0.0
2001-12-31 00:00:00+09:00,133.6627960205078,133.6627960205078,133.6627960205078,133.6627960205078,0,0.0,0.0
2002-01-01 00:00:00+09:00,133.6627960205078,133.6627960205078,133.6627960205078,133.6627960205078,0,0.0,0.0
2002-01-02 00:00:00+09:00,133.6627960205078,133.6627960205078,133.6627960205078,133.6627960205078,0,0.0,0.0
2002-01-03 00:00:00+09:00,133.6627960205078,133.6627960205078,133.6627960205078,133.6627960205078,0,0.0,0.0
2002-01-04 00:00:00+09:00,133.6627960205078,133.6627960205078,133.6627960205078,133.6627960205078,0,0.0,0.0
2002-01-07 00:00:00+09:00,133.6627960205078,133.6627960205078,133.6627960205078,133.6627960205078,0,0.0,0.0
2002-01-08 00:00:00+09:00,133.6627960205078,133.6627960205078,133.6627960205078,133.6627960205078,0,0.0,0.0
2002-01-09 00:00:00+09:00,144.50027465820312,144.50027465820312,144.50027465820312,144.50027465820312,300,0.0,0.0
2002-01-10 00:00:00+09:00,144.50027465820312,144.50027465820312,144.50027465820312,144.50027465820312,0,0.0,0.0
2002-01-11 00:00:00+09:00,144.50027465820312,144.50027465820312,144.50027465820312,144.50027465820312,0,0.0,0.0
2002-01-14 00:00:00+09:00,144.50027465820312,144.50027465820312,144.50027465820312,144.50027465820312,0,0.0,0.0
2002-01-15 00:00:00+09:00,144.50027465820312,144.50027465820312,144.50027465820312,144.50027465820312,0,0.0,0.0
2002-01-16 00:00:00+09:00,144.50027465820312,144.50027465820312,144.50027465820312,144.50027465820312,0,0.0,0.0
2002-01-17 00:00:00+09:00,108.37525177001952,108.37525177001952,108.37525177001952,108.37525177001953,300,0.0,0.0
2002-01-18 00:00:00+09:00,126.43774239302083,144.50027465820312,126.43774239302083,144.50027465820312,900,0.0,0.0
2002-01-21 00:00:00+09:00,144.50027465820312,144.50027465820312,144.50027465820312,144.50027465820312,0,0.0,0.0
2002-01-22 00:00:00+09:00,144.50027465820312,144.50027465820312,144.50027465820312,144.50027465820312,0,0.0,0.0
2002-01-23 00:00:00+09:00,144.50027465820312,144.50027465820312,144.50027465820312,144.50027465820312,300,0.0,0.0
2002-01-24 00:00:00+09:00,144.50027465820312,144.50027465820312,144.50027465820312,144.50027465820312,0,0.0,0.0
2002-01-25 00:00:00+09:00,139.08151245117188,139.08151245117188,139.08151245117188,139.08151245117188,300,0.0,0.0
2002-01-28 00:00:00+09:00,139.08151245117188,139.08151245117188,139.08151245117188,139.08151245117188,0,0.0,0.0
2002-01-29 00:00:00+09:00,113.79399967289515,126.43777465820314,113.79399967289515,126.43777465820312,1500,0.0,0.0
2002-01-30 00:00:00+09:00,126.43777465820314,126.43777465820314,126.43777465820314,126.43777465820312,0,0.0,0.0
2002-01-31 00:00:00+09:00,126.43777465820314,126.43777465820314,126.43777465820314,126.43777465820312,0,0.0,0.0
2002-02-01 00:00:00+09:00,126.43777465820314,126.43777465820314,126.43777465820314,126.43777465820312,0,0.0,0.0
2002-02-04 00:00:00+09:00,126.43777465820314,126.43777465820314,126.43777465820314,126.43777465820312,0,0.0,0.0
2002-02-05 00:00:00+09:00,126.43777465820314,126.43777465820314,126.43777465820314,126.43777465820312,0,0.0,0.0
2002-02-06 00:00:00+09:00,113.79401397705078,113.79401397705078,113.79401397705078,113.79401397705078,600,0.0,0.0
2002-02-07 00:00:00+09:00,113.79401397705078,113.79401397705078,113.79401397705078,113.79401397705078,0,0.0,0.0
2002-02-08 00:00:00+09:00,113.79401397705078,113.79401397705078,113.79401397705078,113.79401397705078,0,0.0,0.0
2002-02-11 00:00:00+09:00,113.79401397705078,113.79401397705078,113.79401397705078,113.79401397705078,0,0.0,0.0
2002-02-12 00:00:00+09:00,113.79401397705078,113.79401397705078,113.79401397705078,113.79401397705078,0,0.0,0.0
2002-02-13 00:00:00+09:00,113.79401397705078,113.79401397705078,113.79401397705078,113.79401397705078,0,0.0,0.0
2002-02-14 00:00:00+09:00,117.406494140625,117.406494140625,117.406494140625,117.406494140625,300,0.0,0.0
2002-02-15 00:00:00+09:00,117.406494140625,117.406494140625,117.406494140625,117.406494140625,0,0.0,0.0
2002-02-18 00:00:00+09:00,117.406494140625,117.406494140625,117.406494140625,117.406494140625,0,0.0,0.0
2002-02-19 00:00:00+09:00,117.406494140625,117.406494140625,117.406494140625,117.406494140625,0,0.0,0.0
2002-02-20 00:00:00+09:00,117.406494140625,117.406494140625,117.406494140625,117.406494140625,0,0.0,0.0
2002-02-21 00:00:00+09:00,119.2127456665039,119.2127456665039,119.2127456665039,119.2127456665039,600,0.0,0.0
2002-02-22 00:00:00+09:00,126.43777465820314,126.43777465820314,126.43777465820314,126.43777465820312,600,0.0,0.0
2002-02-25 00:00:00+09:00,126.43777465820314,126.43777465820314,126.43777465820314,126.43777465820312,0,0.0,0.0
2002-02-26 00:00:00+09:00,126.43777465820314,126.43777465820314,126.43777465820314,126.43777465820312,0,0.0,0.0
2002-02-27 00:00:00+09:00,126.43777465820314,126.43777465820314,126.43777465820314,126.43777465820312,3600,0.0,0.0
2002-02-28 00:00:00+09:00,131.8565012871183,139.08151245117188,130.05025056319798,139.08151245117188,2400,0.0,0.0
2002-03-01 00:00:00+09:00,137.27527780926656,148.11280822753906,137.27527780926656,148.11280822753906,1200,0.0,0.0
2002-03-04 00:00:00+09:00,144.50027465820312,144.50027465820312,144.50027465820312,144.50027465820312,4500,0.0,0.0
2002-03-05 00:00:00+09:00,148.1127908758903,148.1127908758903,139.08151245117188,139.08151245117188,3300,0.0,0.0
2002-03-06 00:00:00+09:00,139.08151245117188,139.08151245117188,139.08151245117188,139.08151245117188,0,0.0,0.0
2002-03-07 00:00:00+09:00,140.88778794869071,148.11280822753906,140.88778794869071,148.11280822753906,1500,0.0,0.0
2002-03-08 00:00:00+09:00,148.11280822753906,148.11280822753906,148.11280822753906,148.11280822753906,1500,0.0,0.0
2002-03-11 00:00:00+09:00,162.56283569335938,162.56283569335938,162.56283569335938,162.56283569335938,1200,0.0,0.0
2002-03-12 00:00:00+09:00,142.6940460205078,142.6940460205078,142.6940460205078,142.6940460205078,300,0.0,0.0
2002-03-13 00:00:00+09:00,142.6940460205078,142.6940460205078,142.6940460205078,142.6940460205078,0,0.0,0.0
2002-03-14 00:00:00+09:00,148.11280822753906,148.11280822753906,148.11280822753906,148.11280822753906,300,0.0,0.0
2002-03-15 00:00:00+09:00,148.11280822753906,148.11280822753906,148.11280822753906,148.11280822753906,0,0.0,0.0
2002-03-18 00:00:00+09:00,148.11280822753906,148.11280822753906,148.11280822753906,148.11280822753906,0,0.0,0.0
2002-03-19 00:00:00+09:00,148.11280822753906,148.11280822753906,148.11280822753906,148.11280822753906,0,0.0,0.0
2002-03-20 00:00:00+09:00,148.11280822753906,148.11280822753906,148.11280822753906,148.11280822753906,0,0.0,0.0
2002-03-21 00:00:00+09:00,148.11280822753906,148.11280822753906,148.11280822753906,148.11280822753906,0,0.0,0.0
2002-03-22 00:00:00+09:00,144.50027465820312,144.50027465820312,144.50027465820312,144.50027465820312,600,0.0,0.0
2002-03-25 00:00:00+09:00,144.50027465820312,144.50027465820312,144.50027465820312,144.50027465820312,900,0.0,0.0
2002-03-26 00:00:00+09:00,135.46901265979815,144.50027465820312,135.46901265979815,144.50027465820312,900,0.0,0.0
2002-03-27 00:00:00+09:00,144.50027465820312,144.50027465820312,144.50027465820312,144.50027465820312,0,0.0,0.0
2002-03-28 00:00:00+09:00,139.08151245117188,139.08151245117188,139.08151245117188,139.08151245117188,300,0.0,0.0
2002-03-29 00:00:00+09:00,139.08151245117188,139.08151245117188,139.08151245117188,139.08151245117188,300,0.0,0.0
2002-04-01 00:00:00+09:00,144.50027465820312,144.50027465820312,144.50027465820312,144.50027465820312,300,0.0,0.0
2002-04-02 00:00:00+09:00,144.50027465820312,144.50027465820312,144.50027465820312,144.50027465820312,0,0.0,0.0
2002-04-03 00:00:00+09:00,135.46905517578125,135.46905517578125,135.46905517578125,135.46905517578125,300,0.0,0.0
2002-04-04 00:00:00+09:00,135.46905517578125,135.46905517578125,135.46905517578125,135.46905517578125,0,0.0,0.0
2002-04-05 00:00:00+09:00,137.27526172725155,144.50027289130514,137.27526172725155,139.08151245117188,2700,0.0,0.0
2002-04-08 00:00:00+09:00,144.50027465820312,144.50027465820312,144.50027465820312,144.50027465820312,1200,0.0,0.0
2002-04-09 00:00:00+09:00,144.50028867333,144.50028867333,142.6940460205078,142.6940460205078,2400,0.0,0.0
2002-04-10 00:00:00+09:00,142.6940460205078,142.6940460205078,142.6940460205078,142.6940460205078,0,0.0,0.0
2002-04-11 00:00:00+09:00,142.6940460205078,142.6940460205078,142.6940460205078,142.6940460205078,0,0.0,0.0
2002-04-12 00:00:00+09:00,142.6940460205078,142.6940460205078,142.6940460205078,142.6940460205078,0,0.0,0.0
2002-04-15 00:00:00+09:00,144.50028610016454,144.50028610016454,130.05026245117188,130.05026245117188,1500,0.0,0.0
2002-04-16 00:00:00+09:00,131.85655212402344,131.85655212402344,131.85655212402344,131.85655212402344,1200,0.0,0.0
2002-04-17 00:00:00+09:00,133.6627960205078,133.6627960205078,133.6627960205078,133.6627960205078,600,0.0,0.0
2002-04-18 00:00:00+09:00,133.6627960205078,133.6627960205078,133.6627960205078,133.6627960205078,0,0.0,0.0
2002-04-19 00:00:00+09:00,133.6627960205078,133.6627960205078,133.6627960205078,133.6627960205078,0,0.0,0.0
2002-04-22 00:00:00+09:00,133.6627960205078,133.6627960205078,133.6627960205078,133.6627960205078,0,0.0,0.0
2002-04-23 00:00:00+09:00,144.50027465820312,144.50027465820312,144.50027465820312,144.50027465820312,600,0.0,0.0
2002-04-24 00:00:00+09:00,137.27532958984375,137.27532958984375,137.27532958984375,137.27532958984375,1800,0.0,0.0
2002-04-25 00:00:00+09:00,137.27532958984375,137.27532958984375,137.27532958984375,137.27532958984375,0,0.0,0.0
2002-04-26 00:00:00+09:00,135.46907797299593,137.27532958984375,135.46907797299593,137.27532958984375,2400,0.0,0.0
2002-04-29 00:00:00+09:00,137.27532958984375,137.27532958984375,137.27532958984375,137.27532958984375,0,0.0,0.0
2002-04-30 00:00:00+09:00,137.27532958984375,137.27532958984375,137.27532958984375,137.27532958984375,0,0.0,0.0
2002-05-01 00:00:00+09:00,130.05026245117188,130.05026245117188,130.05026245117188,130.05026245117188,1800,0.0,0.0
2002-05-02 00:00:00+09:00,133.6627960205078,133.6627960205078,133.6627960205078,133.6627960205078,900,0.0,0.0
2002-05-03 00:00:00+09:00,133.6627960205078,133.6627960205078,133.6627960205078,133.6627960205078,0,0.0,0.0
2002-05-06 00:00:00+09:00,133.6627960205078,133.6627960205078,133.6627960205078,133.6627960205078,0,0.0,0.0
2002-05-07 00:00:00+09:00,130.05026245117188,130.05026245117188,130.05026245117188,130.05026245117188,300,0.0,0.0
2002-05-08 00:00:00+09:00,130.05026245117188,130.05026245117188,130.05026245117188,130.05026245117188,0,0.0,0.0
2002-05-09 00:00:00+09:00,149.91906790023583,169.78787178663035,149.91906790023583,155.33782958984375,4800,0.0,0.0
2002-05-10 00:00:00+09:00,153.5315867275204,178.8191357683744,146.30656562866997,164.36911010742188,19500,0.0,0.0
2002-05-13 00:00:00+09:00,182.431640625,195.07542359230644,175.2066359608951,182.431640625,77400,0.0,0.0
2002-05-14 00:00:00+09:00,189.65667724609375,202.30046124141663,173.400390625,173.400390625,56100,0.0,0.0
2002-05-15 00:00:00+09:00,167.9816138311275,180.6253967285156,167.9816138311275,180.62539672851562,9900,0.0,0.0
2002-05-16 00:00:00+09:00,169.78787233312246,177.0128769180224,160.756591796875,160.756591796875,6600,0.0,0.0
2002-05-17 00:00:00+09:00,162.56285068823703,164.36911009702246,153.53158671780665,155.33782958984375,8100,0.0,0.0
2002-05-20 00:00:00+09:00,158.9503347083175,167.98159790039062,158.9503347083175,167.98159790039062,3900,0.0,0.0
2002-05-21 00:00:00+09:00,167.9815987504279,178.81912125045554,166.17533948817433,175.2066192626953,7500,0.0,0.0
2002-05-22 00:00:00+09:00,175.20661837609725,175.20661837609725,167.98159790039062,167.98159790039062,4500,0.0,0.0
2002-05-23 00:00:00+09:00,171.59413146972656,171.59413146972656,171.59413146972656,171.59413146972656,600,0.0,0.0
2002-05-24 00:00:00+09:00,171.5941306132209,180.625411960114,167.9816279965136,169.7878875732422,11400,0.0,0.0
2002-05-27 00:00:00+09:00,151.72532779737588,171.59411521097329,151.72532779737588,160.756591796875,6000,0.0,0.0
2002-05-28 00:00:00+09:00,162.56285121147417,162.56285121147417,160.756591796875,160.756591796875,3300,0.0,0.0
2002-05-29 00:00:00+09:00,162.5628506985222,164.36911010742188,162.5628506985222,164.36911010742188,1800,0.0,0.0
2002-05-30 00:00:00+09:00,162.5628506985222,164.36911010742188,162.5628506985222,164.36911010742188,900,0.0,0.0
2002-05-31 00:00:00+09:00,166.17535297957323,166.17535297957323,164.36911010742188,164.36911010742188,1500,0.0,0.0
2002-06-03 00:00:00+09:00,162.56285068823703,162.56285068823703,155.33782958984375,155.33782958984375,2700,0.0,0.0
2002-06-04 00:00:00+09:00,155.33782958984375,155.33782958984375,148.11282502819876,155.33782958984375,2100,0.0,0.0
2002-06-05 00:00:00+09:00,149.91908221561462,155.33784442264587,149.91908221561462,151.725341796875,3000,0.0,0.0
2002-06-06 00:00:00+09:00,155.33783008982587,160.756591796875,155.33783008982587,160.756591796875,3600,0.0,0.0
2002-06-07 00:00:00+09:00,160.756591796875,160.756591796875,160.756591796875,160.756591796875,0,0.0,0.0
2002-06-10 00:00:00+09:00,153.53158618791525,153.53158618791525,148.1128245170094,149.9190673828125,5400,0.0,0.0
2002-06-11 00:00:00+09:00,149.9190673828125,149.9190673828125,149.9190673828125,149.9190673828125,0,0.0,0.0
2002-06-12 00:00:00+09:00,149.9190673828125,149.9190673828125,149.9190673828125,149.9190673828125,0,0.0,0.0
2002-06-13 00:00:00+09:00,157.14408795007725,157.14408795007725,153.53158569335938,153.53158569335938,1500,0.0,0.0
2002-06-14 00:00:00+09:00,153.53158569335938,153.53158569335938,153.53158569335938,153.53158569335938,1200,0.0,0.0
2002-06-17 00:00:00+09:00,146.30657958984375,146.30657958984375,146.30657958984375,146.30657958984375,600,0.0,0.0
2002-06-18 00:00:00+09:00,146.30657958984375,146.30657958984375,146.30657958984375,146.30657958984375,900,0.0,0.0
2002-06-19 00:00:00+09:00,146.30657958984375,146.30657958984375,146.30657958984375,146.30657958984375,900,0.0,0.0
2002-06-20 00:00:00+09:00,151.725341796875,151.725341796875,151.725341796875,151.725341796875,2100,0.0,0.0
2002-06-21 00:00:00+09:00,151.725341796875,151.725341796875,151.725341796875,151.725341796875,0,0.0,0.0
2002-06-24 00:00:00+09:00,151.725341796875,151.725341796875,151.725341796875,151.725341796875,900,0.0,0.0
2002-06-25 00:00:00+09:00,151.725341796875,151.725341796875,151.725341796875,151.725341796875,0,0.0,0.0
2002-06-26 00:00:00+09:00,146.30657958984375,146.30657958984375,146.30657958984375,146.30657958984375,600,0.0,0.0
2002-06-27 00:00:00+09:00,140.8878173828125,140.8878173828125,140.8878173828125,140.8878173828125,600,0.0,0.0
2002-06-28 00:00:00+09:00,137.27529294272452,158.95034790039062,130.0502801357519,158.95034790039062,2700,0.0,0.0
2002-07-01 00:00:00+09:00,142.69403218056897,148.1127926869609,142.69403218056897,144.50027465820312,1200,0.0,0.0
2002-07-02 00:00:00+09:00,146.3065478628985,146.3065478628985,142.6940460205078,142.6940460205078,1500,0.0,0.0
2002-07-03 00:00:00+09:00,142.6940460205078,142.6940460205078,142.6940460205078,142.6940460205078,0,0.0,0.0
2002-07-04 00:00:00+09:00,142.6940460205078,142.6940460205078,142.6940460205078,142.6940460205078,0,0.0,0.0
2002-07-05 00:00:00+09:00,142.6940460205078,142.6940460205078,142.6940460205078,142.6940460205078,0,0.0,0.0
2002-07-08 00:00:00+09:00,155.33782958984375,155.33782958984375,155.33782958984375,155.33782958984375,2700,0.0,0.0
2002-07-09 00:00:00+09:00,153.53158569335938,153.53158569335938,153.53158569335938,153.53158569335938,600,0.0,0.0
2002-07-10 00:00:00+09:00,153.53158569335938,153.53158569335938,153.53158569335938,153.53158569335938,0,0.0,0.0
2002-07-11 00:00:00+09:00,153.53158569335938,153.53158569335938,153.53158569335938,153.53158569335938,0,0.0,0.0
2002-07-12 00:00:00+09:00,153.53158569335938,153.53158569335938,153.53158569335938,153.53158569335938,300,0.0,0.0
2002-07-15 00:00:00+09:00,153.53158569335938,153.53158569335938,153.53158569335938,153.53158569335938,0,0.0,0.0
2002-07-16 00:00:00+09:00,162.56283569335938,162.56283569335938,162.56283569335938,162.56283569335938,1800,0.0,0.0
2002-07-17 00:00:00+09:00,153.53158569335938,153.53158569335938,153.53158569335938,153.53158569335938,300,0.0,0.0
2002-07-18 00:00:00+09:00,142.6940460205078,142.6940460205078,142.6940460205078,142.6940460205078,600,0.0,0.0
2002-07-19 00:00:00+09:00,142.6940460205078,142.6940460205078,142.6940460205078,142.6940460205078,0,0.0,0.0
2002-07-22 00:00:00+09:00,146.30657958984375,146.30657958984375,146.30657958984375,146.30657958984375,300,0.0,0.0
2002-07-23 00:00:00+09:00,146.30657958984375,146.30657958984375,146.30657958984375,146.30657958984375,0,0.0,0.0
2002-07-24 00:00:00+09:00,158.95034790039062,158.95034790039062,158.95034790039062,158.95034790039062,600,0.0,0.0
2002-07-25 00:00:00+09:00,157.14410400390625,157.14410400390625,157.14410400390625,157.14410400390625,600,0.0,0.0
2002-07-26 00:00:00+09:00,157.14410400390625,157.14410400390625,157.14410400390625,157.14410400390625,900,0.0,0.0
2002-07-29 00:00:00+09:00,153.53158569335938,153.53158569335938,153.53158569335938,153.53158569335938,300,0.0,0.0
2002-07-30 00:00:00+09:00,162.56283569335938,162.56283569335938,162.56283569335938,162.56283569335938,2400,0.0,0.0
2002-07-31 00:00:00+09:00,162.56285068823703,162.56285068823703,155.33782958984375,155.33782958984375,1200,0.0,0.0
2002-08-01 00:00:00+09:00,155.33782958984375,155.33782958984375,155.33782958984375,155.33782958984375,0,0.0,0.0
2002-08-02 00:00:00+09:00,155.33782958984375,155.33782958984375,155.33782958984375,155.33782958984375,0,0.0,0.0
2002-08-05 00:00:00+09:00,155.33782958984375,155.33782958984375,155.33782958984375,155.33782958984375,0,0.0,0.0
2002-08-06 00:00:00+09:00,155.33782958984375,155.33782958984375,155.33782958984375,155.33782958984375,0,0.0,0.0
2002-08-07 00:00:00+09:00,155.33782958984375,155.33782958984375,155.33782958984375,155.33782958984375,0,0.0,0.0
2002-08-08 00:00:00+09:00,155.33782958984375,155.33782958984375,155.33782958984375,155.33782958984375,0,0.0,0.0
2002-08-09 00:00:00+09:00,155.33782958984375,155.33782958984375,155.33782958984375,155.33782958984375,0,0.0,0.0
2002-08-12 00:00:00+09:00,155.33782958984375,155.33782958984375,155.33782958984375,155.33782958984375,900,0.0,0.0
2002-08-13 00:00:00+09:00,149.9190673828125,149.9190673828125,149.9190673828125,149.9190673828125,300,0.0,0.0
2002-08-14 00:00:00+09:00,149.9190673828125,149.9190673828125,149.9190673828125,149.9190673828125,0,0.0,0.0
2002-08-15 00:00:00+09:00,149.9190673828125,149.9190673828125,149.9190673828125,149.9190673828125,0,0.0,0.0
2002-08-16 00:00:00+09:00,149.9190673828125,149.9190673828125,149.9190673828125,149.9190673828125,0,0.0,0.0
2002-08-19 00:00:00+09:00,149.9190673828125,149.9190673828125,149.9190673828125,149.9190673828125,600,0.0,0.0
2002-08-20 00:00:00+09:00,149.9190673828125,149.9190673828125,149.9190673828125,149.9190673828125,900,0.0,0.0
2002-08-21 00:00:00+09:00,149.9190673828125,149.9190673828125,149.9190673828125,149.9190673828125,0,0.0,0.0
2002-08-22 00:00:00+09:00,157.14410400390625,157.14410400390625,157.14410400390625,157.14410400390625,300,0.0,0.0
2002-08-23 00:00:00+09:00,157.14410400390625,157.14410400390625,157.14410400390625,157.14410400390625,0,0.0,0.0
2002-08-26 00:00:00+09:00,162.56283569335938,162.56283569335938,162.56283569335938,162.56283569335938,300,0.0,0.0
2002-08-27 00:00:00+09:00,162.56283569335938,162.56283569335938,162.56283569335938,162.56283569335938,0,0.0,0.0
2002-08-28 00:00:00+09:00,162.56283569335938,162.56283569335938,162.56283569335938,162.56283569335938,0,0.0,0.0
2002-08-29 00:00:00+09:00,111.9877481718322,130.05028499888599,111.9877481718322,121.01901245117188,15000,0.0,0.0
2002-08-30 00:00:00+09:00,128.24401384582555,142.6940460205078,124.63150373506168,142.6940460205078,3600,0.0,0.0
2002-09-02 00:00:00+09:00,140.8877868309393,142.6940460205078,140.8877868309393,142.6940460205078,2400,0.0,0.0
2002-09-03 00:00:00+09:00,142.6940460205078,142.6940460205078,142.6940460205078,142.6940460205078,0,0.0,0.0
2002-09-04 00:00:00+09:00,128.2440185546875,128.2440185546875,128.2440185546875,128.2440185546875,300,0.0,0.0
2002-09-05 00:00:00+09:00,128.2440185546875,128.2440185546875,128.2440185546875,128.2440185546875,0,0.0,0.0
2002-09-06 00:00:00+09:00,126.43779055170903,126.43779055170903,113.79401397705078,113.79401397705078,3300,0.0,0.0
2002-09-09 00:00:00+09:00,122.82525634765624,122.82525634765624,122.82525634765624,122.82525634765625,600,0.0,0.0
2002-09-10 00:00:00+09:00,122.82525634765624,122.82525634765624,122.82525634765624,122.82525634765625,600,0.0,0.0
2002-09-11 00:00:00+09:00,122.82525634765624,122.82525634765624,122.82525634765624,122.82525634765625,0,0.0,0.0
2002-09-12 00:00:00+09:00,121.01901245117186,121.01901245117186,121.01901245117186,121.01901245117188,1800,0.0,0.0
2002-09-13 00:00:00+09:00,121.01901245117186,121.01901245117186,121.01901245117186,121.01901245117188,0,0.0,0.0
2002-09-16 00:00:00+09:00,121.01901245117186,121.01901245117186,121.01901245117186,121.01901245117188,0,0.0,0.0
2002-09-17 00:00:00+09:00,121.01901245117186,121.01901245117186,121.01901245117186,121.01901245117188,0,0.0,0.0
2002-09-18 00:00:00+09:00,121.01901245117186,121.01901245117186,121.01901245117186,121.01901245117188,0,0.0,0.0
2002-09-19 00:00:00+09:00,131.85655212402344,131.85655212402344,131.85655212402344,131.85655212402344,1200,0.0,0.0
2002-09-20 00:00:00+09:00,124.63150024414062,124.63150024414062,124.63150024414062,124.63150024414062,2100,0.0,0.0
2002-09-23 00:00:00+09:00,124.63150024414062,124.63150024414062,124.63150024414062,124.63150024414062,0,0.0,0.0
2002-09-24 00:00:00+09:00,126.43777465820314,126.43777465820314,126.43777465820314,126.43777465820312,300,0.0,0.0
2002-09-25 00:00:00+09:00,126.43777465820314,126.43777465820314,126.43777465820314,126.43777465820312,300,0.0,0.0
2002-09-26 00:00:00+09:00,126.43777465820314,126.43777465820314,126.43777465820314,126.43777465820312,0,0.0,0.0
2002-09-27 00:00:00+09:00,122.82527224432913,126.43777465820314,122.82527224432913,126.43777465820312,3300,0.0,0.0
2002-09-30 00:00:00+09:00,126.43777465820314,126.43777465820314,126.43777465820314,126.43777465820312,0,0.0,0.0
2002-10-01 00:00:00+09:00,131.85653654738863,131.85653654738863,126.43777465820314,126.43777465820312,3000,0.0,0.0
2002-10-02 00:00:00+09:00,126.43777465820314,126.43777465820314,126.43777465820314,126.43777465820312,300,0.0,0.0
2002-10-03 00:00:00+09:00,126.43777465820314,126.43777465820314,126.43777465820314,126.43777465820312,600,0.0,0.0
2002-10-04 00:00:00+09:00,133.6627960227001,133.6627960227001,126.43777465820314,126.43777465820312,2100,0.0,0.0
2002-10-07 00:00:00+09:00,122.82525634765624,122.82525634765624,122.82525634765624,122.82525634765625,3300,0.0,0.0
2002-10-08 00:00:00+09:00,122.82525634765624,122.82525634765624,122.82525634765624,122.82525634765625,900,0.0,0.0
2002-10-09 00:00:00+09:00,122.82525634765624,122.82525634765624,122.82525634765624,122.82525634765625,1800,0.0,0.0
2002-10-10 00:00:00+09:00,122.82525634765624,122.82525634765624,122.82525634765624,122.82525634765625,2100,0.0,0.0
2002-10-11 00:00:00+09:00,122.82525634765624,122.82525634765624,122.82525634765624,122.82525634765625,0,0.0,0.0
2002-10-14 00:00:00+09:00,122.82525634765624,122.82525634765624,122.82525634765624,122.82525634765625,0,0.0,0.0
2002-10-15 00:00:00+09:00,126.43777465820314,126.43777465820314,126.43777465820314,126.43777465820312,300,0.0,0.0
2002-10-16 00:00:00+09:00,130.05026245117188,130.05026245117188,130.05026245117188,130.05026245117188,300,0.0,0.0
2002-10-17 00:00:00+09:00,130.05026245117188,130.05026245117188,130.05026245117188,130.05026245117188,0,0.0,0.0
2002-10-18 00:00:00+09:00,130.05026245117188,130.05026245117188,130.05026245117188,130.05026245117188,0,0.0,0.0
2002-10-21 00:00:00+09:00,124.63150024414062,124.63150024414062,124.63150024414062,124.63150024414062,600,0.0,0.0
2002-10-22 00:00:00+09:00,124.63150024414062,124.63150024414062,124.63150024414062,124.63150024414062,900,0.0,0.0
2002-10-23 00:00:00+09:00,124.63150024414062,124.63150024414062,124.63150024414062,124.63150024414062,300,0.0,0.0
2002-10-24 00:00:00+09:00,126.43777465820314,126.43777465820314,126.43777465820314,126.43777465820312,900,0.0,0.0
2002-10-25 00:00:00+09:00,133.66279225616168,180.6253967285156,133.66279225616168,180.62539672851562,24300,0.0,0.0
2002-10-28 00:00:00+09:00,193.26916544359347,213.1379697439269,193.26916544359347,198.68792724609375,97800,0.0,0.0
2002-10-29 00:00:00+09:00,198.68794207889587,207.71922344844788,196.88169903438538,205.9129638671875,103500,0.0,0.0
2002-10-30 00:00:00+09:00,216.75047210001085,227.5879957050114,195.07542489000977,198.68792724609375,207600,0.0,0.0
2002-10-31 00:00:00+09:00,187.85040324790424,202.30044571549206,184.2379008993816,193.2691650390625,65100,0.0,0.0
2002-11-01 00:00:00+09:00,196.88164530404026,209.52540931204373,166.1753234863281,166.17532348632812,110400,0.0,0.0
2002-11-04 00:00:00+09:00,166.1753234863281,166.1753234863281,166.1753234863281,166.17532348632812,0,0.0,0.0
2002-11-05 00:00:00+09:00,160.75660662967712,162.5628662109375,144.50032000858337,146.30657958984375,37800,0.0,0.0
2002-11-06 00:00:00+09:00,169.78787120063282,169.78787120063282,148.1128245170094,149.9190673828125,31200,0.0,0.0
2002-11-07 00:00:00+09:00,157.14407450358073,167.98159688313802,155.33781526140558,162.56283569335938,32400,0.0,0.0
2002-11-08 00:00:00+09:00,171.59413104373962,175.20665020626038,162.5628662109375,173.400390625,21900,0.0,0.0
2002-11-11 00:00:00+09:00,164.36911010742188,167.98161238847294,151.7253273186207,164.36911010742188,21900,0.0,0.0
2002-11-12 00:00:00+09:00,153.53158622806765,158.95034790039062,153.53158622806765,158.95034790039062,2700,0.0,0.0
2002-11-13 00:00:00+09:00,153.53157527828415,191.46290427930458,153.53157527828415,177.0128631591797,37500,0.0,0.0
2002-11-14 00:00:00+09:00,169.78788799922913,169.78788799922913,151.725341796875,151.725341796875,17100,0.0,0.0
2002-11-15 00:00:00+09:00,158.9503478588211,158.9503478588211,148.1128245170094,149.9190673828125,3300,0.0,0.0
2002-11-18 00:00:00+09:00,153.53155131602355,153.53155131602355,126.43774084698506,139.08151245117188,7500,0.0,0.0
2002-11-19 00:00:00+09:00,131.85653654738863,131.85653654738863,126.43777465820314,126.43777465820312,13500,0.0,0.0
2002-11-20 00:00:00+09:00,130.05026954220475,135.46903077312993,128.2440185546875,128.2440185546875,3300,0.0,0.0
2002-11-21 00:00:00+09:00,131.85650289941276,146.30653367258202,130.05025215340623,144.50027465820312,6300,0.0,0.0
2002-11-22 00:00:00+09:00,144.50027465820312,155.337795670987,144.50027465820312,144.50027465820312,4800,0.0,0.0
2002-11-25 00:00:00+09:00,144.50032000858337,146.30657958984375,144.50032000858337,146.30657958984375,2100,0.0,0.0
2002-11-26 00:00:00+09:00,144.50032000858337,146.30657958984375,140.8878173828125,146.30657958984375,2100,0.0,0.0
2002-11-27 00:00:00+09:00,137.2753064886667,142.69407696407288,137.2753064886667,140.8878173828125,3600,0.0,0.0
2002-11-28 00:00:00+09:00,148.11282403990842,153.53158569335938,140.88780298972443,153.53158569335938,6600,0.0,0.0
2002-11-29 00:00:00+09:00,153.53158569335938,153.53158569335938,153.53158569335938,153.53158569335938,0,0.0,0.0
2002-12-02 00:00:00+09:00,153.53158569335938,153.53158569335938,153.53158569335938,153.53158569335938,0,0.0,0.0
2002-12-03 00:00:00+09:00,157.14408849736688,164.36910957271363,153.53158622806765,158.95034790039062,6300,0.0,0.0
2002-12-04 00:00:00+09:00,153.53158618791525,153.53158618791525,149.9190673828125,149.9190673828125,3300,0.0,0.0
2002-12-05 00:00:00+09:00,144.50027465820312,144.50027465820312,144.50027465820312,144.50027465820312,600,0.0,0.0
2002-12-06 00:00:00+09:00,146.30656464317536,153.53158569335938,144.5003052464423,153.53158569335938,2100,0.0,0.0
2002-12-09 00:00:00+09:00,153.53158569335938,153.53158569335938,153.53158569335938,153.53158569335938,0,0.0,0.0
2002-12-10 00:00:00+09:00,146.30657958984375,146.30657958984375,146.30657958984375,146.30657958984375,300,0.0,0.0
2002-12-11 00:00:00+09:00,144.50027465820312,144.50027465820312,144.50027465820312,144.50027465820312,600,0.0,0.0
2002-12-12 00:00:00+09:00,144.50027465820312,144.50027465820312,144.50027465820312,144.50027465820312,3000,0.0,0.0
2002-12-13 00:00:00+09:00,144.50027465820312,144.50027465820312,144.50027465820312,144.50027465820312,3000,0.0,0.0
2002-12-16 00:00:00+09:00,140.88777316619007,144.50027465820312,140.88777316619007,144.50027465820312,1500,0.0,0.0
2002-12-17 00:00:00+09:00,144.50032000858337,144.50032000858337,135.46905517578125,135.46905517578125,3300,0.0,0.0
2002-12-18 00:00:00+09:00,137.2753064886667,137.2753064886667,135.46905517578125,135.46905517578125,3900,0.0,0.0
2002-12-19 00:00:00+09:00,135.46905517578125,135.46905517578125,135.46905517578125,135.46905517578125,1200,0.0,0.0
2002-12-20 00:00:00+09:00,144.50028610016454,144.50028610016454,130.05026245117188,130.05026245117188,9600,0.0,0.0
2002-12-23 00:00:00+09:00,130.05026245117188,130.05026245117188,130.05026245117188,130.05026245117188,0,0.0,0.0
2002-12-24 00:00:00+09:00,133.66280386289583,135.46905517578125,133.66280386289583,135.46905517578125,3000,0.0,0.0
2002-12-25 00:00:00+09:00,135.46905517578125,135.46905517578125,135.46905517578125,135.46905517578125,1200,0.0,0.0
2002-12-26 00:00:00+09:00,137.27532958984375,137.27532958984375,137.27532958984375,137.27532958984375,300,0.0,0.0
2002-12-27 00:00:00+09:00,144.50027465820312,144.50027465820312,144.50027465820312,144.50027465820312,600,0.0,0.0
2002-12-30 00:00:00+09:00,153.53158622806765,158.95034790039062,153.53158622806765,158.95034790039062,1500,0.0,0.0
2002-12-31 00:00:00+09:00,158.95034790039062,158.95034790039062,158.95034790039062,158.95034790039062,0,0.0,0.0
2003-01-01 00:00:00+09:00,158.95034790039062,158.95034790039062,158.95034790039062,158.95034790039062,0,0.0,0.0
2003-01-02 00:00:00+09:00,158.95034790039062,158.95034790039062,158.95034790039062,158.95034790039062,0,0.0,0.0
2003-01-03 00:00:00+09:00,158.95034790039062,158.95034790039062,158.95034790039062,158.95034790039062,0,0.0,0.0
2003-01-06 00:00:00+09:00,158.95034790039062,158.95034790039062,158.95034790039062,158.95034790039062,0,0.0,0.0
2003-01-07 00:00:00+09:00,149.9190673828125,149.9190673828125,149.9190673828125,149.9190673828125,900,0.0,0.0
2003-01-08 00:00:00+09:00,149.9190508946913,149.9190508946913,148.11280822753906,148.11280822753906,1200,0.0,0.0
2003-01-09 00:00:00+09:00,148.11280822753906,148.11280822753906,148.11280822753906,148.11280822753906,0,0.0,0.0
2003-01-10 00:00:00+09:00,151.725341796875,153.53160137813538,151.725341796875,151.725341796875,3600,0.0,0.0
2003-01-13 00:00:00+09:00,151.725341796875,151.725341796875,151.725341796875,151.725341796875,0,0.0,0.0
2003-01-14 00:00:00+09:00,151.725341796875,151.725341796875,151.725341796875,151.725341796875,0,0.0,0.0
2003-01-15 00:00:00+09:00,158.9503478588211,158.9503478588211,149.9190673828125,149.9190673828125,9000,0.0,0.0
2003-01-16 00:00:00+09:00,149.91904130168476,166.1753234863281,149.91904130168476,166.17532348632812,12000,0.0,0.0
2003-01-17 00:00:00+09:00,162.5628218464336,171.59408421454256,162.5628218464336,166.17532348632812,7200,0.0,0.0
2003-01-20 00:00:00+09:00,171.59413146972656,171.59413146972656,171.59413146972656,171.59413146972656,3900,0.0,0.0
2003-01-21 00:00:00+09:00,162.56283569335938,162.56283569335938,162.56283569335938,162.56283569335938,4500,0.0,0.0
2003-01-22 00:00:00+09:00,166.1753234863281,166.1753234863281,166.1753234863281,166.17532348632812,1200,0.0,0.0
2003-01-23 00:00:00+09:00,164.36911010742188,164.36911010742188,162.5628506985222,164.36911010742188,2400,0.0,0.0
2003-01-24 00:00:00+09:00,158.95034790039062,158.95034790039062,158.95034790039062,158.95034790039062,300,0.0,0.0
2003-01-27 00:00:00+09:00,158.95034790039062,158.95034790039062,158.95034790039062,158.95034790039062,0,0.0,0.0
2003-01-28 00:00:00+09:00,157.14408795007725,157.14408795007725,153.53158569335938,153.53158569335938,2100,0.0,0.0
2003-01-29 00:00:00+09:00,155.3378285533442,155.3378285533442,153.53158569335938,153.53158569335938,1200,0.0,0.0
2003-01-30 00:00:00+09:00,153.53158671780665,155.33782958984375,153.53158671780665,155.33782958984375,3600,0.0,0.0
2003-01-31 00:00:00+09:00,155.33782909434314,158.95034790039062,155.33782909434314,158.95034790039062,1800,0.0,0.0
2003-02-03 00:00:00+09:00,153.53157255597722,162.56283569335938,153.53157255597722,162.56283569335938,2100,0.0,0.0
2003-02-04 00:00:00+09:00,162.56285016968988,162.56285016968988,158.95034790039062,158.95034790039062,3600,0.0,0.0
2003-02-05 00:00:00+09:00,158.95034790039062,158.95034790039062,158.95034790039062,158.95034790039062,1800,0.0,0.0
2003-02-06 00:00:00+09:00,158.95036358516663,158.95036358516663,151.725341796875,151.725341796875,3600,0.0,0.0
2003-02-07 00:00:00+09:00,155.33784442264587,157.14410400390625,155.33784442264587,157.14410400390625,900,0.0,0.0
2003-02-10 00:00:00+09:00,157.14410400390625,157.14410400390625,157.14410400390625,157.14410400390625,0,0.0,0.0
2003-02-11 00:00:00+09:00,157.14410400390625,157.14410400390625,157.14410400390625,157.14410400390625,0,0.0,0.0
2003-02-12 00:00:00+09:00,162.56283569335938,164.36909493553452,162.56283569335938,162.56283569335938,3000,0.0,0.0
2003-02-13 00:00:00+09:00,169.7878580126815,175.2066192626953,169.7878580126815,175.2066192626953,8100,0.0,0.0
2003-02-14 00:00:00+09:00,171.59413146972656,171.59413146972656,171.59413146972656,171.59413146972656,2100,0.0,0.0
2003-02-17 00:00:00+09:00,167.98162841796875,178.81915283203125,167.98162841796875,178.81915283203125,1800,0.0,0.0
2003-02-18 00:00:00+09:00,177.01289325077087,177.01289325077087,173.400390625,173.400390625,1800,0.0,0.0
2003-02-19 00:00:00+09:00,171.59413146972656,171.59413146972656,171.59413146972656,171.59413146972656,11100,0.0,0.0
2003-02-20 00:00:00+09:00,171.59413146972656,171.59413146972656,171.59413146972656,171.59413146972656,0,0.0,0.0
2003-02-21 00:00:00+09:00,162.56283569335938,162.56283569335938,162.56283569335938,162.56283569335938,2100,0.0,0.0
2003-02-24 00:00:00+09:00,162.56283569335938,162.56283569335938,162.56283569335938,162.56283569335938,2100,0.0,0.0
2003-02-25 00:00:00+09:00,166.17533764096288,166.17533764096288,162.56283569335938,162.56283569335938,1800,0.0,0.0
2003-02-26 00:00:00+09:00,162.56283569335938,162.56283569335938,162.56283569335938,162.56283569335938,0,0.0,0.0
2003-02-27 00:00:00+09:00,158.95034790039062,158.95034790039062,158.95034790039062,158.95034790039062,600,0.0,0.0
2003-02-28 00:00:00+09:00,162.56283569335938,162.56283569335938,162.56283569335938,162.56283569335938,900,0.0,0.0
2003-03-03 00:00:00+09:00,158.95034790039062,158.95034790039062,158.95034790039062,158.95034790039062,3300,0.0,0.0
2003-03-04 00:00:00+09:00,158.95034841747113,164.36911010742188,158.95034841747113,164.36911010742188,3600,0.0,0.0
2003-03-05 00:00:00+09:00,162.56285121147417,162.56285121147417,160.756591796875,160.756591796875,2100,0.0,0.0
2003-03-06 00:00:00+09:00,160.75657645118423,162.56283569335938,160.75657645118423,162.56283569335938,2700,0.0,0.0
2003-03-07 00:00:00+09:00,162.56283569335938,162.56283569335938,162.56283569335938,162.56283569335938,0,0.0,0.0
2003-03-10 00:00:00+09:00,162.56283569335938,162.56283569335938,162.56283569335938,162.56283569335938,0,0.0,0.0
2003-03-11 00:00:00+09:00,162.56283569335938,162.56283569335938,162.56283569335938,162.56283569335938,0,0.0,0.0
2003-03-12 00:00:00+09:00,155.33783008982587,160.756591796875,144.5003066757276,160.756591796875,3000,0.0,0.0
2003-03-13 00:00:00+09:00,160.756591796875,160.756591796875,160.756591796875,160.756591796875,0,0.0,0.0
2003-03-14 00:00:00+09:00,160.75659020679515,160.75659020679515,153.53158569335938,153.53158569335938,900,0.0,0.0
2003-03-17 00:00:00+09:00,169.78788842073203,171.59413146972656,169.78788842073203,171.59413146972656,900,0.0,0.0
2003-03-18 00:00:00+09:00,162.56283569335938,162.56283569335938,162.56283569335938,162.56283569335938,1200,0.0,0.0
2003-03-19 00:00:00+09:00,162.56283569335938,162.56283569335938,162.56283569335938,162.56283569335938,900,0.0,0.0
2003-03-20 00:00:00+09:00,169.7878875732422,169.7878875732422,169.7878875732422,169.7878875732422,600,0.0,0.0
2003-03-21 00:00:00+09:00,169.7878875732422,169.7878875732422,169.7878875732422,169.7878875732422,0,0.0,0.0
2003-03-24 00:00:00+09:00,169.7878875732422,169.7878875732422,169.7878875732422,169.7878875732422,0,0.0,0.0
2003-03-25 00:00:00+09:00,169.7878875732422,169.7878875732422,169.7878875732422,169.7878875732422,0,0.0,0.0
2003-03-26 00:00:00+09:00,169.7878875732422,169.7878875732422,169.7878875732422,169.7878875732422,0,0.0,0.0
2003-03-27 00:00:00+09:00,162.56285016968988,162.56285016968988,158.95034790039062,158.95034790039062,1500,0.0,0.0
2003-03-28 00:00:00+09:00,153.53158569335938,153.53158569335938,153.53158569335938,153.53158569335938,300,0.0,0.0
2003-03-31 00:00:00+09:00,157.14410400390625,157.14410400390625,151.725341796875,151.725341796875,2100,0.0,0.0
2003-04-01 00:00:00+09:00,146.30656561941333,155.33782958984375,144.50030621062794,155.33782958984375,3300,0.0,0.0
2003-04-02 00:00:00+09:00,155.33782958984375,155.33782958984375,155.33782958984375,155.33782958984375,0,0.0,0.0
2003-04-03 00:00:00+09:00,149.91906838277671,160.756591796875,149.91906838277671,160.756591796875,3900,0.0,0.0
2003-04-04 00:00:00+09:00,160.756591796875,160.756591796875,160.756591796875,160.756591796875,0,0.0,0.0
2003-04-07 00:00:00+09:00,160.756591796875,160.756591796875,160.756591796875,160.756591796875,0,0.0,0.0
2003-04-08 00:00:00+09:00,162.56283569335938,162.56283569335938,162.56283569335938,162.56283569335938,300,0.0,0.0
2003-04-09 00:00:00+09:00,162.56283569335938,162.56283569335938,162.56283569335938,162.56283569335938,0,0.0,0.0
2003-04-10 00:00:00+09:00,162.56283569335938,162.56283569335938,162.56283569335938,162.56283569335938,0,0.0,0.0
2003-04-11 00:00:00+09:00,164.36911010742188,164.36911010742188,164.36911010742188,164.36911010742188,300,0.0,0.0
2003-04-14 00:00:00+09:00,164.36911010742188,164.36911010742188,164.36911010742188,164.36911010742188,0,0.0,0.0
2003-04-15 00:00:00+09:00,160.7565912896225,164.36911010742188,160.7565912896225,164.36911010742188,2100,0.0,0.0
2003-04-16 00:00:00+09:00,164.36911010742188,164.36911010742188,164.36911010742188,164.36911010742188,0,0.0,0.0
2003-04-17 00:00:00+09:00,164.36911010742188,164.36911010742188,164.36911010742188,164.36911010742188,0,0.0,0.0
2003-04-18 00:00:00+09:00,164.36911010742188,164.36911010742188,164.36911010742188,164.36911010742188,0,0.0,0.0
2003-04-21 00:00:00+09:00,160.75657645118423,162.56283569335938,160.75657645118423,162.56283569335938,2100,0.0,0.0
2003-04-22 00:00:00+09:00,162.56285068823703,162.56285068823703,155.33782958984375,155.33782958984375,900,0.0,0.0
2003-04-23 00:00:00+09:00,160.756591796875,162.56285121147417,158.9503489190242,160.756591796875,3000,0.0,0.0
2003-04-24 00:00:00+09:00,158.9503202065391,166.1753234863281,158.9503202065391,166.17532348632812,3300,0.0,0.0
2003-04-25 00:00:00+09:00,162.56285121147417,164.36911062607334,158.9503489190242,160.756591796875,6000,0.0,0.0
2003-04-28 00:00:00+09:00,160.7565912896225,167.98161238847294,158.95034841747113,164.36911010742188,3600,0.0,0.0
2003-04-29 00:00:00+09:00,164.36911010742188,164.36911010742188,164.36911010742188,164.36911010742188,0,0.0,0.0
2003-04-30 00:00:00+09:00,146.30656562866997,164.36911010742188,146.30656562866997,164.36911010742188,5400,0.0,0.0
2003-05-01 00:00:00+09:00,162.56285121147417,162.56285121147417,160.756591796875,160.756591796875,3900,0.0,0.0
2003-05-02 00:00:00+09:00,149.91905407162693,162.56283569335938,149.91905407162693,162.56283569335938,1200,0.0,0.0
2003-05-05 00:00:00+09:00,162.56283569335938,162.56283569335938,162.56283569335938,162.56283569335938,0,0.0,0.0
2003-05-06 00:00:00+09:00,160.756577424684,167.98159790039062,160.756577424684,167.98159790039062,1500,0.0,0.0
2003-05-07 00:00:00+09:00,164.36908093475355,166.1753234863281,164.36908093475355,166.17532348632812,2100,0.0,0.0
2003-05-08 00:00:00+09:00,166.1753234863281,166.1753234863281,166.1753234863281,166.17532348632812,0,0.0,0.0
2003-05-09 00:00:00+09:00,166.17535440671534,180.6253967285156,166.17535440671534,180.62539672851562,5100,0.0,0.0
2003-05-12 00:00:00+09:00,171.59410073818813,175.2066192626953,171.59410073818813,175.2066192626953,3000,0.0,0.0
2003-05-13 00:00:00+09:00,175.2066192626953,175.2066192626953,166.17533948817433,175.2066192626953,7500,0.0,0.0
2003-05-14 00:00:00+09:00,175.2066192626953,175.2066192626953,175.2066192626953,175.2066192626953,0,0.0,0.0
2003-05-15 00:00:00+09:00,171.59413146972656,171.59413146972656,171.59413146972656,171.59413146972656,1200,0.0,0.0
2003-05-16 00:00:00+09:00,171.59413104373962,173.400390625,169.78788799922913,173.400390625,900,0.0,0.0
2003-05-19 00:00:00+09:00,173.400390625,173.400390625,173.400390625,173.400390625,0,0.0,0.0
2003-05-20 00:00:00+09:00,166.1753234863281,166.1753234863281,166.1753234863281,166.17532348632812,2700,0.0,0.0
2003-05-21 00:00:00+09:00,178.81915283203125,178.81915283203125,178.81915283203125,178.81915283203125,600,0.0,0.0
2003-05-22 00:00:00+09:00,177.0128631591797,177.0128631591797,177.0128631591797,177.0128631591797,300,0.0,0.0
2003-05-23 00:00:00+09:00,175.20663348732336,175.20663348732336,155.33782959967175,164.36911010742188,12300,0.0,0.0
2003-05-26 00:00:00+09:00,148.11283917110413,151.725341796875,148.11283917110413,151.725341796875,2700,0.0,0.0
2003-05-27 00:00:00+09:00,153.53160137813538,153.53160137813538,151.725341796875,151.725341796875,4500,0.0,0.0
2003-05-28 00:00:00+09:00,153.53160137813538,153.53160137813538,149.91908221561462,151.725341796875,4800,0.0,0.0
2003-05-29 00:00:00+09:00,153.53160137813538,153.53160137813538,151.725341796875,151.725341796875,1500,0.0,0.0
2003-05-30 00:00:00+09:00,153.53160137813538,157.14410400390625,153.53160137813538,157.14410400390625,6000,0.0,0.0
2003-06-02 00:00:00+09:00,157.14408899862914,157.14408899862914,153.53158671780665,155.33782958984375,8700,0.0,0.0
2003-06-03 00:00:00+09:00,155.33782958984375,155.33782958984375,155.33782958984375,155.33782958984375,0,0.0,0.0
2003-06-04 00:00:00+09:00,155.33784442264587,157.14410400390625,151.725341796875,157.14410400390625,3000,0.0,0.0
2003-06-05 00:00:00+09:00,160.756591796875,160.756591796875,158.9503489190242,160.756591796875,1500,0.0,0.0
2003-06-06 00:00:00+09:00,160.75659076666614,162.56285016968988,157.14408849736688,158.95034790039062,4200,0.0,0.0
2003-06-09 00:00:00+09:00,162.5628506985222,167.98161238847294,162.5628506985222,164.36911010742188,8100,0.0,0.0
2003-06-10 00:00:00+09:00,162.56283569335938,162.56283569335938,160.75657645118423,162.56283569335938,6900,0.0,0.0
2003-06-11 00:00:00+09:00,166.175368419785,169.7878875732422,166.175368419785,169.7878875732422,7500,0.0,0.0
2003-06-12 00:00:00+09:00,164.36908093475355,166.1753234863281,162.5628218464336,166.17532348632812,4800,0.0,0.0
2003-06-13 00:00:00+09:00,162.5628218464336,166.1753234863281,162.5628218464336,166.17532348632812,2100,0.0,0.0
2003-06-16 00:00:00+09:00,166.17533864727724,169.787857153504,164.36909593091076,167.98159790039062,7200,0.0,0.0
2003-06-17 00:00:00+09:00,167.9816279965136,169.7878875732422,167.9816279965136,169.7878875732422,900,0.0,0.0
2003-06-18 00:00:00+09:00,167.98159790039062,169.787857153504,167.98159790039062,167.98159790039062,1800,0.0,0.0
2003-06-19 00:00:00+09:00,167.98159790039062,167.98159790039062,166.17533864727724,167.98159790039062,3900,0.0,0.0
2003-06-20 00:00:00+09:00,167.98161238847294,167.98161238847294,164.36911010742188,164.36911010742188,4200,0.0,0.0
2003-06-23 00:00:00+09:00,167.9816279965136,169.7878875732422,167.9816279965136,169.7878875732422,5100,0.0,0.0
2003-06-24 00:00:00+09:00,169.7878875732422,169.7878875732422,167.9816279965136,169.7878875732422,5100,0.0,0.0
2003-06-25 00:00:00+09:00,167.98162883498756,171.59413146972656,167.98162883498756,171.59413146972656,3600,0.0,0.0
2003-06-26 00:00:00+09:00,171.59413146972656,171.59413146972656,169.78788842073203,171.59413146972656,3300,0.0,0.0
2003-06-27 00:00:00+09:00,173.400390625,173.400390625,173.400390625,173.400390625,5100,0.0,0.0
2003-06-30 00:00:00+09:00,173.400390625,178.81915283203125,173.400390625,178.81915283203125,9000,0.0,0.0
2003-07-01 00:00:00+09:00,177.01289325077087,178.81915283203125,177.01289325077087,178.81915283203125,4800,0.0,0.0
2003-07-02 00:00:00+09:00,180.62539788111116,189.65666198730472,178.819138445173,189.6566619873047,9900,0.0,0.0
2003-07-03 00:00:00+09:00,186.04414176272292,186.04414176272292,175.2066192626953,175.2066192626953,4500,0.0,0.0
2003-07-04 00:00:00+09:00,175.2066192626953,175.2066192626953,173.4003600004417,175.2066192626953,4500,0.0,0.0
2003-07-07 00:00:00+09:00,177.01289325077087,180.62541241329163,177.01289325077087,178.81915283203125,4500,0.0,0.0
2003-07-08 00:00:00+09:00,180.62538170758447,180.62538170758447,171.59410187331963,177.0128631591797,4200,0.0,0.0
2003-07-09 00:00:00+09:00,175.2066192626953,175.2066192626953,173.4003600004417,175.2066192626953,2700,0.0,0.0
2003-07-10 00:00:00+09:00,164.36912620024856,171.59413146972656,164.36912620024856,171.59413146972656,8400,0.0,0.0
2003-07-11 00:00:00+09:00,171.59413146972656,171.59413146972656,171.59413146972656,171.59413146972656,2400,0.0,0.0
2003-07-14 00:00:00+09:00,198.68788874282706,225.7816925048828,189.6566263343903,225.7816925048828,116400,0.0,0.0
2003-07-15 00:00:00+09:00,223.9754770486788,223.9754770486788,198.68791278619653,204.10667419433594,43200,0.0,0.0
2003-07-16 00:00:00+09:00,211.33172560402565,211.33172560402565,191.4629364013672,191.4629364013672,20400,0.0,0.0
2003-07-17 00:00:00+09:00,193.26916308915526,193.26916308915526,180.6253967285156,180.62539672851562,10500,0.0,0.0
2003-07-18 00:00:00+09:00,182.431640625,182.431640625,182.431640625,182.431640625,3900,0.0,0.0
2003-07-21 00:00:00+09:00,182.431640625,182.431640625,182.431640625,182.431640625,0,0.0,0.0
2003-07-22 00:00:00+09:00,173.400390625,178.81915283203125,173.400390625,178.81915283203125,1800,0.0,0.0
2003-07-23 00:00:00+09:00,177.01286392996144,186.04414380355192,177.01286392996144,184.23788452148438,6300,0.0,0.0
2003-07-24 00:00:00+09:00,186.04412841796875,186.04412841796875,186.04412841796875,186.04412841796875,2400,0.0,0.0
2003-07-25 00:00:00+09:00,180.6253967285156,180.6253967285156,180.6253967285156,180.62539672851562,3300,0.0,0.0
2003-07-28 00:00:00+09:00,189.65666077707942,189.65666077707942,180.6253967285156,180.62539672851562,4800,0.0,0.0
2003-07-29 00:00:00+09:00,182.431640625,184.23790005940052,182.431640625,182.431640625,2400,0.0,0.0
2003-07-30 00:00:00+09:00,184.23789904059146,184.23789904059146,180.6253967285156,180.62539672851562,2700,0.0,0.0
2003-07-31 00:00:00+09:00,180.62536755663712,186.04412841796875,180.62536755663712,186.04412841796875,3000,0.0,0.0
2003-08-01 00:00:00+09:00,180.62538347906764,187.85038757324222,180.62538347906764,187.8503875732422,3900,0.0,0.0
2003-08-04 00:00:00+09:00,184.23786928527628,186.04412841796875,184.23786928527628,186.04412841796875,600,0.0,0.0
2003-08-05 00:00:00+09:00,184.2378845214844,184.2378845214844,184.2378845214844,184.23788452148438,1500,0.0,0.0
2003-08-06 00:00:00+09:00,180.62541241329163,184.2379150390625,177.01289325077087,178.81915283203125,2400,0.0,0.0
2003-08-07 00:00:00+09:00,178.8191224333821,178.8191224333821,177.0128631591797,177.0128631591797,1200,0.0,0.0
2003-08-08 00:00:00+09:00,177.0128631591797,177.0128631591797,177.0128631591797,177.0128631591797,1200,0.0,0.0
2003-08-11 00:00:00+09:00,177.0128631591797,177.0128631591797,171.59410187331963,177.0128631591797,2700,0.0,0.0
2003-08-12 00:00:00+09:00,178.81915283203125,178.81915283203125,178.81915283203125,178.81915283203125,900,0.0,0.0
2003-08-13 00:00:00+09:00,180.62538170758447,180.62538170758447,177.0128631591797,177.0128631591797,900,0.0,0.0
2003-08-14 00:00:00+09:00,175.20663499202763,180.6253967285156,175.20663499202763,180.62539672851562,900,0.0,0.0
2003-08-15 00:00:00+09:00,180.6253967285156,180.6253967285156,180.6253967285156,180.62539672851562,0,0.0,0.0
2003-08-18 00:00:00+09:00,177.0128631591797,178.8191224333821,177.0128631591797,177.0128631591797,2100,0.0,0.0
2003-08-19 00:00:00+09:00,180.62539788111116,189.65666198730472,180.62539788111116,189.6566619873047,4800,0.0,0.0
2003-08-20 00:00:00+09:00,180.62541201141718,191.4629364013672,180.62541201141718,191.4629364013672,4200,0.0,0.0
2003-08-21 00:00:00+09:00,184.2379438612196,195.07546997070312,184.2379438612196,195.07546997070312,2100,0.0,0.0
2003-08-22 00:00:00+09:00,193.26914891224675,193.26914891224675,187.85038757324222,187.8503875732422,1200,0.0,0.0
2003-08-25 00:00:00+09:00,184.2379146404325,196.88169860839844,184.2379146404325,196.88169860839844,1500,0.0,0.0
2003-08-26 00:00:00+09:00,196.8816674960813,196.8816674960813,186.0441448180722,187.8503875732422,3300,0.0,0.0
2003-08-27 00:00:00+09:00,189.65666254161664,202.3004455566406,189.65666254161664,202.30044555664062,21900,0.0,0.0
2003-08-28 00:00:00+09:00,202.30044496537454,202.30044496537454,189.65666198730472,189.6566619873047,3600,0.0,0.0
2003-08-29 00:00:00+09:00,193.2691650390625,193.2691650390625,189.65666269053986,193.2691650390625,1800,0.0,0.0
2003-09-01 00:00:00+09:00,196.88169860839844,196.88169860839844,196.88169860839844,196.88169860839844,600,0.0,0.0
2003-09-02 00:00:00+09:00,195.0754390310462,196.88169860839844,195.0754390310462,196.88169860839844,1500,0.0,0.0
2003-09-03 00:00:00+09:00,195.07542375837056,195.07542375837056,189.65666198730472,189.6566619873047,2400,0.0,0.0
2003-09-04 00:00:00+09:00,193.2691650390625,193.2691650390625,193.2691650390625,193.2691650390625,900,0.0,0.0
2003-09-05 00:00:00+09:00,191.46292142324285,191.46292142324285,189.65666198730472,189.6566619873047,1500,0.0,0.0
2003-09-08 00:00:00+09:00,193.2691650390625,193.2691650390625,191.4629221331755,193.2691650390625,4200,0.0,0.0
2003-09-09 00:00:00+09:00,193.2691650390625,193.2691650390625,193.2691650390625,193.2691650390625,300,0.0,0.0
2003-09-10 00:00:00+09:00,193.26917944185897,193.26917944185897,191.4629364013672,191.4629364013672,4200,0.0,0.0
2003-09-11 00:00:00+09:00,191.46292142324285,191.46292142324285,189.65666198730472,189.6566619873047,3000,0.0,0.0
2003-09-12 00:00:00+09:00,193.2691650390625,193.2691650390625,191.4629221331755,193.2691650390625,2100,0.0,0.0
2003-09-15 00:00:00+09:00,193.2691650390625,193.2691650390625,193.2691650390625,193.2691650390625,0,0.0,0.0
2003-09-16 00:00:00+09:00,195.07542448169815,195.07542448169815,193.2691650390625,193.2691650390625,1800,0.0,0.0
2003-09-17 00:00:00+09:00,195.0754390310462,196.88169860839844,195.0754390310462,196.88169860839844,2400,0.0,0.0
2003-09-18 00:00:00+09:00,196.88166970526711,207.71919250488278,193.26915108089693,207.7191925048828,8700,0.0,0.0
2003-09-19 00:00:00+09:00,214.94419668012827,214.94419668012827,207.71919250488278,207.7191925048828,20100,0.0,0.0
2003-09-22 00:00:00+09:00,207.71920734354393,213.13796913044726,200.4941861154233,202.30044555664062,5700,0.0,0.0
2003-09-23 00:00:00+09:00,202.3004455566406,202.3004455566406,202.3004455566406,202.30044555664062,0,0.0,0.0
2003-09-24 00:00:00+09:00,200.49417179288986,211.33169459250553,198.68791248070477,207.7191925048828,10800,0.0,0.0
2003-09-25 00:00:00+09:00,207.71920845049243,211.3317108154297,204.10668954880646,211.3317108154297,10800,0.0,0.0
2003-09-26 00:00:00+09:00,198.68795590608352,213.13800048828125,198.68795590608352,213.13800048828125,5100,0.0,0.0
2003-09-29 00:00:00+09:00,207.71919250488278,207.71919250488278,207.71919250488278,207.7191925048828,1200,0.0,0.0
2003-09-30 00:00:00+09:00,205.91297819718238,213.13800048828125,204.10671849021992,213.13800048828125,900,0.0,0.0
2003-10-01 00:00:00+09:00,214.94416958120976,220.36293029785156,213.13792703349273,220.36293029785156,5700,0.0,0.0
2003-10-02 00:00:00+09:00,220.36293029785156,220.36293029785156,216.75042866567216,220.36293029785156,8700,0.0,0.0
2003-10-03 00:00:00+09:00,220.36300568140354,227.58802795410156,218.5567625157923,227.58802795410156,10200,0.0,0.0
2003-10-06 00:00:00+09:00,231.200453257294,231.200453257294,225.7816925048828,225.7816925048828,4800,0.0,0.0
2003-10-07 00:00:00+09:00,222.16923623488512,231.20050048828125,222.16923623488512,231.20050048828125,4200,0.0,0.0
2003-10-08 00:00:00+09:00,222.1691908488572,225.7816925048828,222.1691908488572,225.7816925048828,1800,0.0,0.0
2003-10-09 00:00:00+09:00,202.30041951025794,223.97546386718747,202.30041951025794,223.9754638671875,2700,0.0,0.0
2003-10-10 00:00:00+09:00,216.75050354003903,216.75050354003903,216.75050354003903,216.75050354003906,600,0.0,0.0
2003-10-13 00:00:00+09:00,216.75050354003903,216.75050354003903,216.75050354003903,216.75050354003906,0,0.0,0.0
2003-10-14 00:00:00+09:00,216.75050354003903,216.75050354003903,216.75050354003903,216.75050354003906,1200,0.0,0.0
2003-10-15 00:00:00+09:00,214.94424365849267,216.75050336545513,207.71923790414485,213.13800048828125,5400,0.0,0.0
2003-10-16 00:00:00+09:00,216.75045850800302,222.1692199707031,216.75045850800302,222.16921997070312,900,0.0,0.0
2003-10-17 00:00:00+09:00,222.1692199707031,222.1692199707031,222.1692199707031,222.16921997070312,0,0.0,0.0
2003-10-20 00:00:00+09:00,220.36292716289444,220.36292716289444,209.52540588378906,209.52540588378906,4500,0.0,0.0
2003-10-21 00:00:00+09:00,213.13800065995542,218.55676324845638,213.13800065995542,216.75050354003906,6900,0.0,0.0
2003-10-22 00:00:00+09:00,216.7504579367875,216.7504579367875,213.13795581675691,214.94419860839844,6900,0.0,0.0
2003-10-23 00:00:00+09:00,216.75050354003903,216.75050354003903,213.13800065995542,216.75050354003906,7800,0.0,0.0
2003-10-24 00:00:00+09:00,223.97544994524276,225.7816925048828,223.97544994524276,225.7816925048828,5700,0.0,0.0
2003-10-27 00:00:00+09:00,218.55673384087643,231.20050048828125,218.55673384087643,231.20050048828125,6900,0.0,0.0
2003-10-28 00:00:00+09:00,231.20050048828125,231.20050048828125,231.20050048828125,231.20050048828125,300,0.0,0.0
2003-10-29 00:00:00+09:00,225.7817386288938,231.20050048828125,222.16923623488512,231.20050048828125,5400,0.0,0.0
2003-10-30 00:00:00+09:00,231.20050048828125,231.20050048828125,231.20050048828125,231.20050048828125,0,0.0,0.0
2003-10-31 00:00:00+09:00,227.58799809427256,231.20050048828125,225.7817386288938,231.20050048828125,5100,0.0,0.0
2003-11-03 00:00:00+09:00,231.20050048828125,231.20050048828125,231.20050048828125,231.20050048828125,0,0.0,0.0
2003-11-04 00:00:00+09:00,238.4254941607087,256.488037109375,238.4254941607087,256.488037109375,2700,0.0,0.0
2003-11-05 00:00:00+09:00,249.26304690253227,258.2943112055917,249.26304690253227,252.87554931640625,6600,0.0,0.0
2003-11-06 00:00:00+09:00,252.87554962758392,258.2943115234375,243.84428531341095,258.2943115234375,12900,0.0,0.0
2003-11-07 00:00:00+09:00,252.87551859759358,256.488037109375,252.87551859759358,256.488037109375,7200,0.0,0.0
2003-11-10 00:00:00+09:00,252.87554931640628,252.87554931640628,252.87554931640628,252.87554931640625,4800,0.0,0.0
2003-11-11 00:00:00+09:00,243.8442338585018,252.87549626693857,225.7816925048828,225.7816925048828,11700,0.0,0.0
2003-11-12 00:00:00+09:00,225.78176900862366,225.78176900862366,207.71923807145444,216.75050354003906,5700,0.0,0.0
2003-11-13 00:00:00+09:00,216.750446738916,236.61923217773438,216.750446738916,236.61923217773438,5100,0.0,0.0
2003-11-14 00:00:00+09:00,233.0067901611328,233.0067901611328,233.0067901611328,233.0067901611328,300,0.0,0.0
2003-11-17 00:00:00+09:00,234.81303404755448,234.81303404755448,229.39427185058594,229.39427185058594,900,0.0,0.0
2003-11-18 00:00:00+09:00,227.58802795410156,227.58802795410156,227.58802795410156,227.58802795410156,7800,0.0,0.0
2003-11-19 00:00:00+09:00,227.58802795410156,227.58802795410156,227.58802795410156,227.58802795410156,0,0.0,0.0
2003-11-20 00:00:00+09:00,225.7816925048828,225.7816925048828,225.7816925048828,225.7816925048828,600,0.0,0.0
2003-11-21 00:00:00+09:00,233.0067901611328,233.0067901611328,233.0067901611328,233.0067901611328,300,0.0,0.0
2003-11-24 00:00:00+09:00,233.0067901611328,233.0067901611328,233.0067901611328,233.0067901611328,0,0.0,0.0
2003-11-25 00:00:00+09:00,216.75045850800302,222.1692199707031,207.71919491575213,222.16921997070312,1200,0.0,0.0
2003-11-26 00:00:00+09:00,220.36300642012267,220.36300642012267,216.75050354003903,216.75050354003906,600,0.0,0.0
2003-11-27 00:00:00+09:00,216.75042866567216,220.36293029785156,216.75042866567216,220.36293029785156,1200,0.0,0.0
2003-11-28 00:00:00+09:00,220.36293029785156,220.36293029785156,220.36293029785156,220.36293029785156,300,0.0,0.0
2003-12-01 00:00:00+09:00,234.81297698671645,249.26300048828125,233.00671784774116,249.26300048828125,3300,0.0,0.0
2003-12-02 00:00:00+09:00,234.81298828125,234.81298828125,234.81298828125,234.81298828125,300,0.0,0.0
2003-12-03 00:00:00+09:00,234.81298828125,234.81298828125,234.81298828125,234.81298828125,300,0.0,0.0
2003-12-04 00:00:00+09:00,234.81297698671645,249.26300048828125,233.00671784774116,249.26300048828125,5700,0.0,0.0
2003-12-05 00:00:00+09:00,249.2630166225591,256.488037109375,249.2630166225591,256.488037109375,4200,0.0,0.0
2003-12-08 00:00:00+09:00,254.68182373046875,270.9381103515625,254.68182373046875,270.9381103515625,4500,0.0,0.0
2003-12-09 00:00:00+09:00,233.00678809842262,269.1318660122844,233.00678809842262,261.9068603515625,2400,0.0,0.0
2003-12-10 00:00:00+09:00,261.9068603515625,261.9068603515625,261.9068603515625,261.9068603515625,300,0.0,0.0
2003-12-11 00:00:00+09:00,261.9068603515625,261.9068603515625,261.9068603515625,261.9068603515625,0,0.0,0.0
2003-12-12 00:00:00+09:00,279.9693752944907,279.9693752944907,267.3255920410156,267.3255920410156,6600,0.0,0.0
2003-12-15 00:00:00+09:00,261.9068603515625,261.9068603515625,261.9068603515625,261.9068603515625,600,0.0,0.0
2003-12-16 00:00:00+09:00,261.90679625889754,261.90679625889754,245.65051269531247,245.6505126953125,900,0.0,0.0
2003-12-17 00:00:00+09:00,261.9068603515625,261.9068603515625,261.9068603515625,261.9068603515625,300,0.0,0.0
2003-12-18 00:00:00+09:00,269.13177490234375,269.13177490234375,269.13177490234375,269.13177490234375,300,0.0,0.0
2003-12-19 00:00:00+09:00,265.5192732949332,269.13177490234375,265.5192732949332,269.13177490234375,600,0.0,0.0
2003-12-22 00:00:00+09:00,269.13177490234375,269.13177490234375,269.13177490234375,269.13177490234375,600,0.0,0.0
2003-12-23 00:00:00+09:00,269.13177490234375,269.13177490234375,269.13177490234375,269.13177490234375,0,0.0,0.0
2003-12-24 00:00:00+09:00,270.9381103515625,270.9381103515625,270.9381103515625,270.9381103515625,300,0.0,0.0
2003-12-25 00:00:00+09:00,269.13183497954856,269.13183497954856,267.3255920410156,267.3255920410156,3000,0.0,0.0
2003-12-26 00:00:00+09:00,269.13177490234375,269.13177490234375,269.13177490234375,269.13177490234375,300,0.0,0.0
2003-12-29 00:00:00+09:00,267.3255920410156,267.3255920410156,267.3255920410156,267.3255920410156,600,0.0,0.0
2003-12-30 00:00:00+09:00,269.13185077030215,279.9693917211145,269.13185077030215,270.9381103515625,9000,0.0,0.0
2003-12-31 00:00:00+09:00,270.9381103515625,270.9381103515625,270.9381103515625,270.9381103515625,0,0.0,0.0
2004-01-01 00:00:00+09:00,270.9381103515625,270.9381103515625,270.9381103515625,270.9381103515625,0,0.0,0.0
2004-01-02 00:00:00+09:00,270.9381103515625,270.9381103515625,270.9381103515625,270.9381103515625,0,0.0,0.0
2004-01-05 00:00:00+09:00,274.5505822149358,285.3881219514412,274.5505822149358,279.9693603515625,1800,0.0,0.0
2004-01-06 00:00:00+09:00,287.19439697265625,287.19439697265625,287.19439697265625,287.19439697265625,900,0.0,0.0
2004-01-07 00:00:00+09:00,289.0005796394833,296.2256164550781,287.1943369723311,296.2256164550781,6000,0.0,0.0
2004-01-08 00:00:00+09:00,294.41940304592424,307.06320361328596,294.41940304592424,305.2569274902344,6000,0.0,0.0
2004-01-09 00:00:00+09:00,321.51321325935425,321.51321325935425,292.6131591796875,303.45068359375,4800,0.0,0.0
2004-01-12 00:00:00+09:00,303.45068359375,303.45068359375,303.45068359375,303.45068359375,0,0.0,0.0
2004-01-13 00:00:00+09:00,301.6444080106359,301.6444080106359,290.806884765625,290.806884765625,1800,0.0,0.0
2004-01-14 00:00:00+09:00,299.8381029146852,301.6443786621094,296.2256175668229,301.6443786621094,4200,0.0,0.0
2004-01-15 00:00:00+09:00,299.8381652680793,305.2569274902343,283.58187860161416,305.2569274902344,3300,0.0,0.0
2004-01-16 00:00:00+09:00,301.64441070492467,301.64441070492467,290.80688736311293,299.838134765625,1800,0.0,0.0
2004-01-19 00:00:00+09:00,299.838134765625,299.838134765625,299.838134765625,299.838134765625,1200,0.0,0.0
2004-01-20 00:00:00+09:00,299.8381652680793,305.2569274902343,299.8381652680793,305.2569274902344,900,0.0,0.0
2004-01-21 00:00:00+09:00,305.2568628643323,305.2568628643323,296.2256164550781,296.2256164550781,1200,0.0,0.0
2004-01-22 00:00:00+09:00,307.06317138671875,307.06317138671875,307.06317138671875,307.06317138671875,300,0.0,0.0
2004-01-23 00:00:00+09:00,307.06320361328596,307.06320361328596,305.2569274902343,305.2569274902344,2400,0.0,0.0
2004-01-26 00:00:00+09:00,307.06317138671875,307.06317138671875,307.06317138671875,307.06317138671875,300,0.0,0.0
2004-01-27 00:00:00+09:00,307.06320275627075,307.06320275627075,290.806916135177,303.45068359375,1800,0.0,0.0
2004-01-28 00:00:00+09:00,305.2569274902343,305.2569274902343,305.2569274902343,305.2569274902344,1500,0.0,0.0
2004-01-29 00:00:00+09:00,305.2569274902343,305.2569274902343,305.2569274902343,305.2569274902344,300,0.0,0.0
2004-01-30 00:00:00+09:00,301.6443786621094,301.6443786621094,301.6443786621094,301.6443786621094,300,0.0,0.0
2004-02-02 00:00:00+09:00,301.6444405492395,301.6444405492395,292.6131591796875,292.6131591796875,600,0.0,0.0
2004-02-03 00:00:00+09:00,289.00060884245903,290.806884765625,279.9693615206141,290.806884765625,2400,0.0,0.0
2004-02-04 00:00:00+09:00,298.03192138671875,298.03192138671875,298.03192138671875,298.03192138671875,300,0.0,0.0
2004-02-05 00:00:00+09:00,298.03192138671875,298.03192138671875,298.03192138671875,298.03192138671875,300,0.0,0.0
2004-02-06 00:00:00+09:00,298.03192138671875,298.03192138671875,298.03192138671875,298.03192138671875,300,0.0,0.0
2004-02-09 00:00:00+09:00,298.03192138671875,298.03192138671875,298.03192138671875,298.03192138671875,0,0.0,0.0
2004-02-10 00:00:00+09:00,289.0005796394833,296.2256164550781,270.9380537474822,296.2256164550781,1200,0.0,0.0
2004-02-11 00:00:00+09:00,296.2256164550781,296.2256164550781,296.2256164550781,296.2256164550781,0,0.0,0.0
2004-02-12 00:00:00+09:00,296.2256164550781,296.2256164550781,296.2256164550781,296.2256164550781,0,0.0,0.0
2004-02-13 00:00:00+09:00,279.9693603515625,279.9693603515625,279.9693603515625,279.9693603515625,900,0.0,0.0
2004-02-16 00:00:00+09:00,279.969303854746,289.00054931640625,279.969303854746,289.00054931640625,1500,0.0,0.0
2004-02-17 00:00:00+09:00,289.00054931640625,289.00054931640625,289.00054931640625,289.00054931640625,0,0.0,0.0
2004-02-18 00:00:00+09:00,289.00054931640625,289.00054931640625,289.00054931640625,289.00054931640625,0,0.0,0.0
2004-02-19 00:00:00+09:00,289.00054931640625,289.00054931640625,289.00054931640625,289.00054931640625,600,0.0,0.0
2004-02-20 00:00:00+09:00,292.6131591796875,292.6131591796875,292.6131591796875,292.6131591796875,900,0.0,0.0
2004-02-23 00:00:00+09:00,283.5818778101355,289.00064001716675,283.5818778101355,287.19439697265625,1800,0.0,0.0
2004-02-24 00:00:00+09:00,270.9380799939327,279.9693603515625,270.9380799939327,279.9693603515625,900,0.0,0.0
2004-02-25 00:00:00+09:00,270.9381103515625,274.5506129773334,270.9381103515625,270.9381103515625,1800,0.0,0.0
2004-02-26 00:00:00+09:00,258.29426574493993,260.10052490234375,258.29426574493993,260.10052490234375,1800,0.0,0.0
2004-02-27 00:00:00+09:00,270.9381103515625,270.9381103515625,270.9381103515625,270.9381103515625,3900,0.0,0.0
2004-03-01 00:00:00+09:00,270.9381103515625,285.38815392814575,270.9381103515625,270.9381103515625,9900,0.0,0.0
2004-03-02 00:00:00+09:00,270.9380947706595,279.9693756208475,270.9380947706595,272.7443542480469,12000,0.0,0.0
2004-03-03 00:00:00+09:00,270.9381103515625,270.9381103515625,265.51934814453125,270.9381103515625,15300,0.0,0.0
2004-03-04 00:00:00+09:00,270.9381103515625,298.03192138671875,270.9381103515625,298.03192138671875,27600,0.0,0.0
2004-03-05 00:00:00+09:00,298.03192138671875,305.2569266382605,281.775634765625,281.775634765625,19500,0.0,0.0
2004-03-08 00:00:00+09:00,281.77560597944887,307.06317138671875,281.77560597944887,307.06317138671875,16200,0.0,0.0
2004-03-09 00:00:00+09:00,307.0631458870159,334.1569519042969,305.25687010353465,334.1569519042969,33600,0.0,0.0
2004-03-10 00:00:00+09:00,339.57577684146406,346.80078211094207,334.1570146209806,343.1882629394531,21000,0.0,0.0
2004-03-11 00:00:00+09:00,343.18823235240404,352.2195129394531,339.57574657638196,352.2195129394531,27000,0.0,0.0
2004-03-12 00:00:00+09:00,359.44457961671367,359.44457961671367,344.99456787109375,344.99456787109375,13200,0.0,0.0
2004-03-15 00:00:00+09:00,370.2820433316673,379.31332397460943,361.2507957622223,379.3133239746094,25200,0.0,0.0
2004-03-16 00:00:00+09:00,379.3133281189718,449.7572319124952,379.3133281189718,438.9197082519531,30300,0.0,0.0
2004-03-17 00:00:00+09:00,438.9197089873165,451.5634755879663,431.6947042260162,449.7572326660156,31800,0.0,0.0
2004-03-18 00:00:00+09:00,455.17602451430906,455.17602451430906,415.43844609708356,442.5322570800781,23100,0.0,0.0
2004-03-19 00:00:00+09:00,433.5009119846267,433.5009119846267,415.43838500976557,415.4383850097656,8100,0.0,0.0
2004-03-22 00:00:00+09:00,397.3758554660524,424.4696645449537,388.3446078220836,422.6634216308594,12600,0.0,0.0
2004-03-23 00:00:00+09:00,415.4385118880361,415.4385118880361,384.7321768866645,390.15093994140625,10500,0.0,0.0
2004-03-24 00:00:00+09:00,397.3758833320902,410.0196838378906,397.3758833320902,410.0196838378906,1200,0.0,0.0
2004-03-25 00:00:00+09:00,411.825926878648,411.825926878648,397.3758833320902,410.0196838378906,2700,0.0,0.0
2004-03-26 00:00:00+09:00,410.0197149915185,428.0822459919965,397.3759135250319,424.4697265625,14700,0.0,0.0
2004-03-29 00:00:00+09:00,424.4697250747424,433.50100708007807,415.4384761429089,433.5010070800781,7800,0.0,0.0
2004-03-30 00:00:00+09:00,435.3071547600644,435.3071547600644,415.43838500976557,415.4383850097656,7200,0.0,0.0
2004-03-31 00:00:00+09:00,433.50100859949015,433.50100859949015,424.4697265625,424.4697265625,600,0.0,0.0
2004-04-01 00:00:00+09:00,429.88839316860066,429.88839316860066,400.98834340700824,402.7945861816406,2100,0.0,0.0
2004-04-02 00:00:00+09:00,406.4071340177499,406.4071340177499,381.11956798770194,404.60089111328125,5400,0.0,0.0
2004-04-05 00:00:00+09:00,395.56967277195446,395.56967277195446,379.3133848498194,391.9571533203125,7500,0.0,0.0
2004-04-06 00:00:00+09:00,382.9258070553602,382.9258070553602,354.02572492856325,355.8320007324219,18300,0.0,0.0
2004-04-07 00:00:00+09:00,357.6382453012477,370.28201062578364,357.6382453012477,366.6695251464844,6600,0.0,0.0
2004-04-08 00:00:00+09:00,361.2507638540412,373.89452917857716,361.2507638540412,366.6695251464844,5100,0.0,0.0
2004-04-09 00:00:00+09:00,375.7008027053346,375.7008027053346,361.2507934570312,361.25079345703125,6900,0.0,0.0
2004-04-12 00:00:00+09:00,388.3446044921875,388.3446044921875,379.31332385216086,388.3446044921875,6900,0.0,0.0
2004-04-13 00:00:00+09:00,386.5382957166554,388.3445715354701,366.6695262976484,368.47576904296875,3600,0.0,0.0
2004-04-14 00:00:00+09:00,368.4758036511231,415.4384171017458,366.669560736156,413.63214111328125,6300,0.0,0.0
2004-04-15 00:00:00+09:00,397.3757934298593,400.9883117675781,397.3757934298593,400.9883117675781,2700,0.0,0.0
2004-04-16 00:00:00+09:00,400.9883117675781,400.9883117675781,400.9883117675781,400.9883117675781,0,0.0,0.0
2004-04-19 00:00:00+09:00,382.9258428464857,382.9258428464857,361.2507957622223,379.3133239746094,8100,0.0,0.0
2004-04-20 00:00:00+09:00,381.1195983886718,381.1195983886718,363.0570686826897,381.1195983886719,9900,0.0,0.0
2004-04-21 00:00:00+09:00,379.31332397460943,379.31332397460943,379.31332397460943,379.3133239746094,900,0.0,0.0
2004-04-22 00:00:00+09:00,381.11950288916256,381.11950288916256,372.0882568359375,372.0882568359375,6300,0.0,0.0
2004-04-23 00:00:00+09:00,375.70080478290595,375.70080478290595,359.4445194835471,364.86328125,11100,0.0,0.0
2004-04-26 00:00:00+09:00,366.6695870336145,366.6695870336145,363.05706787109375,363.05706787109375,2100,0.0,0.0
2004-04-27 00:00:00+09:00,363.05700615262424,363.05700615262424,354.0257263183594,354.0257263183594,3300,0.0,0.0
2004-04-28 00:00:00+09:00,354.0257263183594,354.0257263183594,352.2194835809041,354.0257263183594,4800,0.0,0.0
2004-04-29 00:00:00+09:00,354.0257263183594,354.0257263183594,354.0257263183594,354.0257263183594,0,0.0,0.0
2004-04-30 00:00:00+09:00,352.2195737439037,352.2195737439037,344.99456787109375,344.99456787109375,8100,0.0,0.0
2004-05-03 00:00:00+09:00,344.99456787109375,344.99456787109375,344.99456787109375,344.99456787109375,0,0.0,0.0
2004-05-04 00:00:00+09:00,344.99456787109375,344.99456787109375,344.99456787109375,344.99456787109375,0,0.0,0.0
2004-05-05 00:00:00+09:00,344.99456787109375,344.99456787109375,344.99456787109375,344.99456787109375,0,0.0,0.0
2004-05-06 00:00:00+09:00,344.99456787109375,344.99456787109375,325.12576037898805,344.99456787109375,7200,0.0,0.0
2004-05-07 00:00:00+09:00,350.4132367521945,350.4132367521945,335.96319580078125,335.96319580078125,900,0.0,0.0
2004-05-10 00:00:00+09:00,332.35073767341675,332.35073767341675,303.45068359375,303.45068359375,4200,0.0,0.0
2004-05-11 00:00:00+09:00,267.3255788891853,290.806884765625,267.3255788891853,290.806884765625,4500,0.0,0.0
2004-05-12 00:00:00+09:00,296.22567834220825,307.06320275627075,294.419402224198,298.03192138671875,3900,0.0,0.0
2004-05-13 00:00:00+09:00,298.03192138671875,298.03192138671875,298.03192138671875,298.03192138671875,1200,0.0,0.0
2004-05-14 00:00:00+09:00,298.03192138671875,298.03192138671875,298.03192138671875,298.03192138671875,0,0.0,0.0
2004-05-17 00:00:00+09:00,276.356856343927,276.356856343927,267.3255920410156,267.3255920410156,1200,0.0,0.0
2004-05-18 00:00:00+09:00,258.2943115234375,258.2943115234375,258.2943115234375,258.2943115234375,2100,0.0,0.0
2004-05-19 00:00:00+09:00,270.93802200666244,278.16302490234375,270.93802200666244,278.16302490234375,1500,0.0,0.0
2004-05-20 00:00:00+09:00,289.00054931640625,289.00054931640625,289.00054931640625,289.00054931640625,900,0.0,0.0
2004-05-21 00:00:00+09:00,290.806916135177,290.806916135177,265.51934814453125,287.19439697265625,11700,0.0,0.0
2004-05-24 00:00:00+09:00,267.32552382758325,289.00054931640625,267.32552382758325,289.00054931640625,6900,0.0,0.0
2004-05-25 00:00:00+09:00,270.93815594599187,287.1944453027514,270.93815594599187,274.5506591796875,2400,0.0,0.0
2004-05-26 00:00:00+09:00,278.16311560310425,281.775634765625,278.16311560310425,281.775634765625,1500,0.0,0.0
2004-05-27 00:00:00+09:00,287.19439697265625,287.19439697265625,287.19439697265625,287.19439697265625,600,0.0,0.0
2004-05-28 00:00:00+09:00,283.58184721995354,290.806884765625,283.58184721995354,290.806884765625,600,0.0,0.0
2004-05-31 00:00:00+09:00,279.9693603515625,279.9693603515625,279.9693603515625,279.9693603515625,1500,0.0,0.0
2004-06-01 00:00:00+09:00,283.58184603581753,283.58184603581753,279.9693603515625,279.9693603515625,600,0.0,0.0
2004-06-02 00:00:00+09:00,279.9693603515625,279.9693603515625,279.9693603515625,279.9693603515625,1500,0.0,0.0
2004-06-03 00:00:00+09:00,279.9693603515625,279.9693603515625,279.9693603515625,279.9693603515625,0,0.0,0.0
2004-06-04 00:00:00+09:00,279.9693603515625,279.9693603515625,279.9693603515625,279.9693603515625,1500,0.0,0.0
2004-06-07 00:00:00+09:00,279.9693917211145,279.9693917211145,270.9381103515625,270.9381103515625,1200,0.0,0.0
2004-06-08 00:00:00+09:00,270.93802200666244,278.16302490234375,267.3255205588218,278.16302490234375,2100,0.0,0.0
2004-06-09 00:00:00+09:00,278.1630844359389,281.77560319369,278.1630844359389,279.9693603515625,2400,0.0,0.0
2004-06-10 00:00:00+09:00,279.9693917211145,281.775634765625,279.9693917211145,281.775634765625,6600,0.0,0.0
2004-06-11 00:00:00+09:00,283.58184814453125,283.58184814453125,283.58184814453125,283.58184814453125,900,0.0,0.0
2004-06-14 00:00:00+09:00,283.58184814453125,283.58184814453125,283.58184814453125,283.58184814453125,0,0.0,0.0
2004-06-15 00:00:00+09:00,279.9693603515625,279.9693603515625,279.9693603515625,279.9693603515625,300,0.0,0.0
2004-06-16 00:00:00+09:00,279.9693310090564,285.3880920410156,279.9693310090564,285.3880920410156,1800,0.0,0.0
2004-06-17 00:00:00+09:00,285.3880920410156,285.3880920410156,285.3880920410156,285.3880920410156,0,0.0,0.0
2004-06-18 00:00:00+09:00,289.00064001716675,289.00064001716675,281.775634765625,281.775634765625,600,0.0,0.0
2004-06-21 00:00:00+09:00,279.9693603515625,279.9693603515625,279.9693603515625,279.9693603515625,600,0.0,0.0
2004-06-22 00:00:00+09:00,281.775634765625,281.775634765625,281.775634765625,281.775634765625,1500,0.0,0.0
2004-06-23 00:00:00+09:00,281.775634765625,281.775634765625,281.775634765625,281.775634765625,300,0.0,0.0
2004-06-24 00:00:00+09:00,285.3880920410156,285.3880920410156,285.3880920410156,285.3880920410156,1200,0.0,0.0
2004-06-25 00:00:00+09:00,289.00064001716675,289.00064001716675,281.775634765625,281.775634765625,1200,0.0,0.0
2004-06-28 00:00:00+09:00,283.5818778101355,287.19439697265625,283.5818778101355,287.19439697265625,1200,0.0,0.0
2004-06-29 00:00:00+09:00,285.3880920410156,285.3880920410156,285.3880920410156,285.3880920410156,600,0.0,0.0
2004-06-30 00:00:00+09:00,289.00064001716675,289.00064001716675,287.19439697265625,287.19439697265625,1800,0.0,0.0
2004-07-01 00:00:00+09:00,290.806884765625,290.806884765625,290.806884765625,290.806884765625,300,0.0,0.0
2004-07-02 00:00:00+09:00,290.806884765625,290.806884765625,290.806884765625,290.806884765625,0,0.0,0.0
2004-07-05 00:00:00+09:00,289.00054931640625,289.00054931640625,287.1943068387721,289.00054931640625,900,0.0,0.0
2004-07-06 00:00:00+09:00,285.3881240735863,287.194366929145,283.58184814453125,283.58184814453125,1800,0.0,0.0
2004-07-07 00:00:00+09:00,283.581785342477,283.581785342477,270.93802200666244,278.16302490234375,4200,0.0,0.0
2004-07-08 00:00:00+09:00,278.1630844359389,281.77560319369,278.1630844359389,279.9693603515625,2100,0.0,0.0
2004-07-09 00:00:00+09:00,283.58184603581753,283.58184603581753,279.9693603515625,279.9693603515625,4500,0.0,0.0
2004-07-12 00:00:00+09:00,289.0005796394833,298.03185912223034,289.0005796394833,296.2256164550781,3900,0.0,0.0
2004-07-13 00:00:00+09:00,296.2256164550781,296.2256164550781,296.2256164550781,296.2256164550781,1500,0.0,0.0
2004-07-14 00:00:00+09:00,298.03185912223034,307.0631386049774,296.2256164550781,296.2256164550781,8400,0.0,0.0
2004-07-15 00:00:00+09:00,296.22567834220825,296.22567834220825,292.6131591796875,292.6131591796875,1500,0.0,0.0
2004-07-16 00:00:00+09:00,292.6131591796875,292.6131591796875,292.6131591796875,292.6131591796875,0,0.0,0.0
2004-07-19 00:00:00+09:00,292.6131591796875,292.6131591796875,292.6131591796875,292.6131591796875,0,0.0,0.0
2004-07-20 00:00:00+09:00,292.61312761529473,292.61312761529473,289.00060884245903,290.806884765625,1200,0.0,0.0
2004-07-21 00:00:00+09:00,290.806884765625,290.806884765625,290.806884765625,290.806884765625,600,0.0,0.0
2004-07-22 00:00:00+09:00,281.77560319369,281.77560319369,279.9693603515625,279.9693603515625,8400,0.0,0.0
2004-07-23 00:00:00+09:00,279.969303854746,289.00054931640625,279.969303854746,289.00054931640625,2700,0.0,0.0
2004-07-26 00:00:00+09:00,279.9693603515625,279.9693603515625,279.9693603515625,279.9693603515625,300,0.0,0.0
2004-07-27 00:00:00+09:00,270.9380799939327,279.9693603515625,270.9380799939327,279.9693603515625,3900,0.0,0.0
2004-07-28 00:00:00+09:00,270.9380537474822,296.2256164550781,270.9380537474822,296.2256164550781,3900,0.0,0.0
2004-07-29 00:00:00+09:00,296.2256164550781,296.2256164550781,296.2256164550781,296.2256164550781,0,0.0,0.0
2004-07-30 00:00:00+09:00,272.74435393011225,272.74435393011225,267.3255920410156,267.3255920410156,7500,0.0,0.0
2004-08-02 00:00:00+09:00,267.3255920454002,267.3255920454002,252.87554931640628,252.87554931640625,11400,0.0,0.0
2004-08-03 00:00:00+09:00,258.29434098445074,261.9068603515625,258.29434098445074,261.9068603515625,3300,0.0,0.0
2004-08-04 00:00:00+09:00,258.2943115234375,258.2943115234375,258.2943115234375,258.2943115234375,3600,0.0,0.0
2004-08-05 00:00:00+09:00,267.3256228654793,267.3256228654793,261.9068603515625,261.9068603515625,600,0.0,0.0
2004-08-06 00:00:00+09:00,261.9068603515625,261.9068603515625,261.9068603515625,261.9068603515625,0,0.0,0.0
2004-08-09 00:00:00+09:00,261.9068603515625,261.9068603515625,261.9068603515625,261.9068603515625,0,0.0,0.0
2004-08-10 00:00:00+09:00,258.29434098445074,261.9068603515625,258.29434098445074,261.9068603515625,1500,0.0,0.0
2004-08-11 00:00:00+09:00,261.9068610961071,263.7131042480469,261.9068610961071,263.7131042480469,600,0.0,0.0
2004-08-12 00:00:00+09:00,270.9381103515625,270.9381103515625,269.13185077030215,270.9381103515625,900,0.0,0.0
2004-08-13 00:00:00+09:00,270.9381103515625,270.9381103515625,270.9381103515625,270.9381103515625,300,0.0,0.0
2004-08-16 00:00:00+09:00,285.38815392814575,285.38815392814575,270.9381103515625,270.9381103515625,600,0.0,0.0
2004-08-17 00:00:00+09:00,279.9693603515625,279.9693603515625,279.9693603515625,279.9693603515625,300,0.0,0.0
2004-08-18 00:00:00+09:00,278.16302490234375,278.16302490234375,278.16302490234375,278.16302490234375,300,0.0,0.0
2004-08-19 00:00:00+09:00,278.16302490234375,278.16302490234375,278.16302490234375,278.16302490234375,0,0.0,0.0
2004-08-20 00:00:00+09:00,265.51934814453125,265.51934814453125,265.51934814453125,265.51934814453125,600,0.0,0.0
2004-08-23 00:00:00+09:00,270.9381103515625,270.9381103515625,270.9381103515625,270.9381103515625,300,0.0,0.0
2004-08-24 00:00:00+09:00,270.9381103515625,270.9381103515625,270.9381103515625,270.9381103515625,900,0.0,0.0
2004-08-25 00:00:00+09:00,269.13185077030215,276.35687255859375,267.32560772579166,276.35687255859375,3000,0.0,0.0
2004-08-26 00:00:00+09:00,281.7756185614859,281.7756185614859,272.7443542480469,272.7443542480469,2400,0.0,0.0
2004-08-27 00:00:00+09:00,265.51934814453125,265.51934814453125,265.51934814453125,265.51934814453125,10200,0.0,0.0
2004-08-30 00:00:00+09:00,267.3255920410156,267.3255920410156,267.3255920410156,267.3255920410156,300,0.0,0.0
2004-08-31 00:00:00+09:00,267.3255920410156,267.3255920410156,267.3255920410156,267.3255920410156,0,0.0,0.0
2004-09-01 00:00:00+09:00,270.93815594599187,274.5506591796875,270.93815594599187,274.5506591796875,2400,0.0,0.0
2004-09-02 00:00:00+09:00,274.5506129773334,278.16311560310425,274.5506129773334,276.35687255859375,5100,0.0,0.0
2004-09-03 00:00:00+09:00,278.16302490234375,278.16302490234375,274.5505234545031,278.16302490234375,9900,0.0,0.0
2004-09-06 00:00:00+09:00,278.16311560310425,281.775634765625,278.16311560310425,281.775634765625,6900,0.0,0.0
2004-09-07 00:00:00+09:00,279.9693603515625,281.77560319369,279.9693603515625,279.9693603515625,4200,0.0,0.0
2004-09-08 00:00:00+09:00,279.9693917211145,279.9693917211145,276.35687255859375,276.35687255859375,3600,0.0,0.0
2004-09-09 00:00:00+09:00,276.35687255859375,281.775634765625,276.35687255859375,281.775634765625,4800,0.0,0.0
2004-09-10 00:00:00+09:00,281.775634765625,281.775634765625,270.9381103515625,270.9381103515625,6600,0.0,0.0
2004-09-13 00:00:00+09:00,274.5506591796875,274.5506591796875,272.74441583121603,274.5506591796875,11700,0.0,0.0
2004-09-14 00:00:00+09:00,270.93812646605875,270.93812646605875,263.7131042480469,263.7131042480469,12600,0.0,0.0
2004-09-15 00:00:00+09:00,269.13185077030215,274.5506129773334,269.13185077030215,270.9381103515625,5100,0.0,0.0
2004-09-16 00:00:00+09:00,267.3255923526337,272.7443542480469,263.7130733978589,272.7443542480469,14100,0.0,0.0
2004-09-17 00:00:00+09:00,272.74435393011225,272.74435393011225,267.3255920410156,267.3255920410156,1500,0.0,0.0
2004-09-20 00:00:00+09:00,267.3255920410156,267.3255920410156,267.3255920410156,267.3255920410156,0,0.0,0.0
2004-09-21 00:00:00+09:00,267.3255920410156,267.3255920410156,267.3255920410156,267.3255920410156,0,0.0,0.0
2004-09-22 00:00:00+09:00,270.9381103515625,276.35687255859375,267.32560772579166,276.35687255859375,4800,0.0,0.0
2004-09-23 00:00:00+09:00,276.35687255859375,276.35687255859375,276.35687255859375,276.35687255859375,0,0.0,0.0
2004-09-24 00:00:00+09:00,274.55062930668925,274.55062930668925,263.7131042480469,263.7131042480469,4500,0.0,0.0
2004-09-27 00:00:00+09:00,270.93802200666244,278.16302490234375,270.93802200666244,278.16302490234375,1200,0.0,0.0
2004-09-28 00:00:00+09:00,276.35687255859375,276.35687255859375,276.35687255859375,276.35687255859375,900,0.0,0.0
2004-09-29 00:00:00+09:00,276.35691906491166,276.35691906491166,263.71313294184785,274.5506591796875,2700,0.0,0.0
2004-09-30 00:00:00+09:00,274.5506591796875,274.5506591796875,274.5506591796875,274.5506591796875,0,0.0,0.0
2004-10-01 00:00:00+09:00,260.10052490234375,269.1317876158709,258.29426574493993,260.10052490234375,5700,0.0,0.0
2004-10-04 00:00:00+09:00,263.7130142228553,269.13177490234375,261.9067716875226,269.13177490234375,3600,0.0,0.0
2004-10-05 00:00:00+09:00,270.93815594599187,274.5506591796875,270.93815594599187,274.5506591796875,5100,0.0,0.0
2004-10-06 00:00:00+09:00,281.7756043702838,290.806884765625,276.35684274777833,290.806884765625,11400,0.0,0.0
2004-10-07 00:00:00+09:00,289.0006076356962,289.0006076356962,272.74433937280827,279.9693603515625,3600,0.0,0.0
2004-10-08 00:00:00+09:00,276.35687255859375,276.35687255859375,276.35687255859375,276.35687255859375,600,0.0,0.0
2004-10-11 00:00:00+09:00,276.35687255859375,276.35687255859375,276.35687255859375,276.35687255859375,0,0.0,0.0
2004-10-12 00:00:00+09:00,265.51931839405404,279.9693603515625,265.51931839405404,279.9693603515625,3300,0.0,0.0
2004-10-13 00:00:00+09:00,281.775634765625,281.775634765625,274.5506129773334,276.35687255859375,5700,0.0,0.0
2004-10-14 00:00:00+09:00,276.35687255859375,276.35687255859375,276.35687255859375,276.35687255859375,900,0.0,0.0
2004-10-15 00:00:00+09:00,270.9381103515625,270.9381103515625,270.9381103515625,270.9381103515625,600,0.0,0.0
2004-10-18 00:00:00+09:00,270.9381103515625,270.9381103515625,270.9381103515625,270.9381103515625,3000,0.0,0.0
2004-10-19 00:00:00+09:00,276.35687255859375,276.35687255859375,276.35687255859375,276.35687255859375,300,0.0,0.0
2004-10-20 00:00:00+09:00,276.35687255859375,276.35687255859375,276.35687255859375,276.35687255859375,0,0.0,0.0
2004-10-21 00:00:00+09:00,276.35687255859375,276.35687255859375,276.35687255859375,276.35687255859375,0,0.0,0.0
2004-10-22 00:00:00+09:00,272.7443542480469,272.7443542480469,272.7443542480469,272.7443542480469,300,0.0,0.0
2004-10-25 00:00:00+09:00,267.3255323670111,269.13177490234375,265.5192732949332,269.13177490234375,3600,0.0,0.0
2004-10-26 00:00:00+09:00,269.13177490234375,269.13177490234375,269.13177490234375,269.13177490234375,0,0.0,0.0
2004-10-27 00:00:00+09:00,269.13177490234375,269.13177490234375,269.13177490234375,269.13177490234375,600,0.0,0.0
2004-10-28 00:00:00+09:00,269.13185077030215,276.35687255859375,269.13185077030215,276.35687255859375,3300,0.0,0.0
2004-10-29 00:00:00+09:00,283.58184603581753,283.58184603581753,272.74433937280827,279.9693603515625,2700,0.0,0.0
2004-11-01 00:00:00+09:00,279.96940757686883,279.96940757686883,261.9068603515625,261.9068603515625,900,0.0,0.0
2004-11-02 00:00:00+09:00,270.9381103515625,270.9381103515625,270.9381103515625,270.9381103515625,600,0.0,0.0
2004-11-03 00:00:00+09:00,270.9381103515625,270.9381103515625,270.9381103515625,270.9381103515625,0,0.0,0.0
2004-11-04 00:00:00+09:00,267.32560772579166,276.35687255859375,267.32560772579166,276.35687255859375,5100,0.0,0.0
2004-11-05 00:00:00+09:00,274.5506591796875,274.5506591796875,274.5506591796875,274.5506591796875,300,0.0,0.0
2004-11-08 00:00:00+09:00,267.32560772579166,270.9381103515625,267.32560772579166,270.9381103515625,600,0.0,0.0
2004-11-09 00:00:00+09:00,270.9381103515625,270.9381103515625,270.9381103515625,270.9381103515625,0,0.0,0.0
2004-11-10 00:00:00+09:00,274.5506591796875,274.5506591796875,274.5506591796875,274.5506591796875,1800,0.0,0.0
2004-11-11 00:00:00+09:00,274.55053558183215,274.55053558183215,267.3255323670111,269.13177490234375,5400,0.0,0.0
2004-11-12 00:00:00+09:00,269.1318660122844,269.1318660122844,261.9068603515625,261.9068603515625,2400,0.0,0.0
2004-11-15 00:00:00+09:00,265.51934814453125,265.51934814453125,265.51934814453125,265.51934814453125,900,0.0,0.0
2004-11-16 00:00:00+09:00,274.5506591796875,274.5506591796875,274.5506591796875,274.5506591796875,300,0.0,0.0
2004-11-17 00:00:00+09:00,276.35687255859375,276.35687255859375,276.35687255859375,276.35687255859375,1200,0.0,0.0
2004-11-18 00:00:00+09:00,276.35687255859375,276.35687255859375,270.9381103515625,270.9381103515625,1800,0.0,0.0
2004-11-19 00:00:00+09:00,270.9380339744216,270.9380339744216,269.13177490234375,269.13177490234375,600,0.0,0.0
2004-11-22 00:00:00+09:00,258.29426574493993,260.10052490234375,258.29426574493993,260.10052490234375,4500,0.0,0.0
2004-11-23 00:00:00+09:00,260.10052490234375,260.10052490234375,260.10052490234375,260.10052490234375,0,0.0,0.0
2004-11-24 00:00:00+09:00,269.13177490234375,269.13177490234375,269.13177490234375,269.13177490234375,300,0.0,0.0
2004-11-25 00:00:00+09:00,269.13177490234375,269.13177490234375,269.13177490234375,269.13177490234375,0,0.0,0.0
2004-11-26 00:00:00+09:00,261.9068603515625,263.71310349836756,261.9068603515625,261.9068603515625,1200,0.0,0.0
2004-11-29 00:00:00+09:00,263.7131042480469,263.7131042480469,263.7131042480469,263.7131042480469,300,0.0,0.0
2004-11-30 00:00:00+09:00,263.7131042480469,263.7131042480469,261.9068610961071,263.7131042480469,3600,0.0,0.0
2004-12-01 00:00:00+09:00,263.71310349836756,263.71310349836756,261.9068603515625,261.9068603515625,3600,0.0,0.0
2004-12-02 00:00:00+09:00,265.5193325657338,270.93809445483043,263.713073090452,267.3255920410156,6600,0.0,0.0
2004-12-03 00:00:00+09:00,267.3255323670111,269.13177490234375,267.3255323670111,269.13177490234375,5700,0.0,0.0
2004-12-06 00:00:00+09:00,269.1318226163205,283.58184814453125,267.32557976076174,283.58184814453125,14400,0.0,0.0
2004-12-07 00:00:00+09:00,287.1943400937352,312.4819030761719,285.3880974069516,312.4819030761719,40500,0.0,0.0
2004-12-08 00:00:00+09:00,305.2569266382605,316.094451052323,294.419402224198,303.45068359375,60600,0.0,0.0
2004-12-09 00:00:00+09:00,314.2882080078125,314.2882080078125,296.22567834220825,298.03192138671875,13800,0.0,0.0
2004-12-10 00:00:00+09:00,287.1943369723311,303.45062019718,287.1943369723311,296.2256164550781,9900,0.0,0.0
2004-12-13 00:00:00+09:00,289.00064001716675,289.00064001716675,285.38815392814575,287.19439697265625,3600,0.0,0.0
2004-12-14 00:00:00+09:00,287.1943647935687,289.0006076356962,279.9693603515625,279.9693603515625,14100,0.0,0.0
2004-12-15 00:00:00+09:00,283.58184603581753,287.1943647935687,279.9693603515625,279.9693603515625,10500,0.0,0.0
2004-12-16 00:00:00+09:00,278.16309928245994,278.16309928245994,263.713073090452,267.3255920410156,10800,0.0,0.0
2004-12-17 00:00:00+09:00,269.13185077030215,276.35687255859375,269.13185077030215,276.35687255859375,1500,0.0,0.0
2004-12-20 00:00:00+09:00,272.74441583121603,274.5506591796875,272.74441583121603,274.5506591796875,2100,0.0,0.0
2004-12-21 00:00:00+09:00,274.5505971886853,274.5505971886853,272.7443542480469,272.7443542480469,900,0.0,0.0
2004-12-22 00:00:00+09:00,265.5193325657338,272.74435393011225,265.5193325657338,267.3255920410156,4200,0.0,0.0
2004-12-23 00:00:00+09:00,267.3255920410156,267.3255920410156,267.3255920410156,267.3255920410156,0,0.0,0.0
2004-12-24 00:00:00+09:00,269.13183497954856,270.93809445483043,267.3255920410156,267.3255920410156,4500,0.0,0.0
2004-12-27 00:00:00+09:00,269.1318660122844,269.1318660122844,261.9068603515625,261.9068603515625,6300,0.0,0.0
2004-12-28 00:00:00+09:00,265.5193325657338,267.3255920410156,261.90683015191905,267.3255920410156,3900,0.0,0.0
2004-12-29 00:00:00+09:00,276.3568889953799,276.3568889953799,263.7131042480469,263.7131042480469,3000,0.0,0.0
2004-12-30 00:00:00+09:00,263.7130885632709,267.32560772579166,263.7130885632709,265.51934814453125,1800,0.0,0.0
2004-12-31 00:00:00+09:00,265.51934814453125,265.51934814453125,265.51934814453125,265.51934814453125,0,0.0,0.0
2005-01-03 00:00:00+09:00,265.51934814453125,265.51934814453125,265.51934814453125,265.51934814453125,0,0.0,0.0
2005-01-04 00:00:00+09:00,265.5193325657338,267.3255920410156,265.5193325657338,267.3255920410156,900,0.0,0.0
2005-01-05 00:00:00+09:00,279.96931279806586,279.96931279806586,269.13177490234375,269.13177490234375,4200,0.0,0.0
2005-01-06 00:00:00+09:00,274.5505234545031,278.16302490234375,270.93802200666244,278.16302490234375,5700,0.0,0.0
2005-01-07 00:00:00+09:00,278.1630844359389,279.9693603515625,278.1630844359389,279.9693603515625,2400,0.0,0.0
2005-01-10 00:00:00+09:00,279.9693603515625,279.9693603515625,279.9693603515625,279.9693603515625,0,0.0,0.0
2005-01-11 00:00:00+09:00,274.5505234545031,281.775542886929,274.5505234545031,278.16302490234375,3000,0.0,0.0
2005-01-12 00:00:00+09:00,279.9693624334138,283.58184814453125,279.9693624334138,283.58184814453125,4200,0.0,0.0
2005-01-13 00:00:00+09:00,285.3880943051788,305.2568628643323,285.3880943051788,296.2256164550781,24300,0.0,0.0
2005-01-14 00:00:00+09:00,296.22567834220825,301.6444405492395,292.6131591796875,298.03192138671875,6000,0.0,0.0
2005-01-17 00:00:00+09:00,294.41934071443296,296.2256164550781,294.41934071443296,296.2256164550781,1500,0.0,0.0
2005-01-18 00:00:00+09:00,298.03185912223034,298.03185912223034,287.1943369723311,296.2256164550781,6000,0.0,0.0
2005-01-19 00:00:00+09:00,290.8068868335657,294.41937255859375,289.00061089755525,294.41937255859375,3600,0.0,0.0
2005-01-20 00:00:00+09:00,289.00054931640625,294.4193098227982,289.00054931640625,289.00054931640625,17400,0.0,0.0
2005-01-21 00:00:00+09:00,290.806884765625,290.806884765625,289.00060884245903,290.806884765625,3600,0.0,0.0
2005-01-24 00:00:00+09:00,289.00054931640625,290.8068248675299,289.00054931640625,289.00054931640625,3600,0.0,0.0
2005-01-25 00:00:00+09:00,289.00054931640625,289.00054931640625,289.00054931640625,289.00054931640625,300,0.0,0.0
2005-01-26 00:00:00+09:00,287.1943346938378,287.1943346938378,285.3880920410156,285.3880920410156,3000,0.0,0.0
2005-01-27 00:00:00+09:00,285.3881240735863,285.3881240735863,283.58184814453125,283.58184814453125,1500,0.0,0.0
2005-01-28 00:00:00+09:00,281.7756052889725,285.3881240735863,279.9693624334138,283.58184814453125,6600,0.0,0.0
2005-01-31 00:00:00+09:00,278.1630552827416,285.3880920410156,278.1630552827416,285.3880920410156,5400,0.0,0.0
2005-02-01 00:00:00+09:00,285.3880920410156,285.3880920410156,278.1630552827416,285.3880920410156,7200,0.0,0.0
2005-02-02 00:00:00+09:00,283.58178881001436,289.00054931640625,283.58178881001436,289.00054931640625,4200,0.0,0.0
2005-02-03 00:00:00+09:00,287.1943068387721,289.00054931640625,285.38806436113794,289.00054931640625,4500,0.0,0.0
2005-02-04 00:00:00+09:00,290.806884765625,298.0318892378002,289.00060884245903,290.806884765625,11700,0.0,0.0
2005-02-07 00:00:00+09:00,294.41937255859375,298.03189135711824,292.61312969607974,294.41937255859375,6900,0.0,0.0
2005-02-08 00:00:00+09:00,298.03192138671875,303.45068359375,298.03192138671875,303.45068359375,3900,0.0,0.0
2005-02-09 00:00:00+09:00,303.45068359375,305.2569266382605,303.45068359375,303.45068359375,6600,0.0,0.0
2005-02-10 00:00:00+09:00,303.45065259325264,307.06317138671875,303.45065259325264,307.06317138671875,600,0.0,0.0
2005-02-11 00:00:00+09:00,307.06317138671875,307.06317138671875,307.06317138671875,307.06317138671875,0,0.0,0.0
2005-02-14 00:00:00+09:00,307.06320361328596,307.06320361328596,296.2256791689759,305.2569274902344,9900,0.0,0.0
2005-02-15 00:00:00+09:00,299.8381652680793,305.2569274902343,299.8381652680793,305.2569274902344,3900,0.0,0.0
2005-02-16 00:00:00+09:00,307.0631723758305,307.0631723758305,299.838134765625,299.838134765625,3300,0.0,0.0
2005-02-17 00:00:00+09:00,305.25692746102385,316.0944519042969,305.25692746102385,316.0944519042969,9600,0.0,0.0
2005-02-18 00:00:00+09:00,316.094451052323,357.6383056640625,312.481964963302,357.6383056640625,64200,0.0,0.0
2005-02-21 00:00:00+09:00,330.544495367822,386.53836060781646,330.544495367822,381.1195983886719,93000,0.0,0.0
2005-02-22 00:00:00+09:00,372.0883501225887,373.8945931713804,355.83206346296345,359.4445495605469,51300,0.0,0.0
2005-02-23 00:00:00+09:00,359.44454956054693,361.2508256828385,348.6070251207968,359.4445495605469,20400,0.0,0.0
2005-02-24 00:00:00+09:00,359.44449028684966,370.28201293945307,359.44449028684966,370.2820129394531,28500,0.0,0.0
2005-02-25 00:00:00+09:00,372.0883197259919,384.7320861816406,370.28204375125836,384.7320861816406,17400,0.0,0.0
2005-02-28 00:00:00+09:00,395.5696091601106,395.5696091601106,373.8945620828443,388.3446044921875,49800,0.0,0.0
2005-03-01 00:00:00+09:00,388.34463502149003,395.5696402573992,377.50711063087635,393.7633972167969,20100,0.0,0.0
2005-03-02 00:00:00+09:00,390.15081521739125,391.9570579670477,373.89453124999994,373.89453125,21900,0.0,0.0
2005-03-03 00:00:00+09:00,375.7008041102101,386.5383276237113,373.89456121579224,377.507080078125,9900,0.0,0.0
2005-03-04 00:00:00+09:00,381.11956828696674,386.538330078125,379.3133253810797,386.538330078125,12000,0.0,0.0
2005-03-07 00:00:00+09:00,386.53829664458397,386.53829664458397,373.89453124999994,373.89453125,26700,0.0,0.0
2005-03-08 00:00:00+09:00,364.8632203051676,377.5070176972692,364.8632203051676,372.0882568359375,12000,0.0,0.0
2005-03-09 00:00:00+09:00,370.28201178828914,370.28201178828914,368.4757690429688,368.47576904296875,8700,0.0,0.0
2005-03-10 00:00:00+09:00,368.475830078125,368.475830078125,363.05706787109375,363.05706787109375,9900,0.0,0.0
2005-03-11 00:00:00+09:00,363.05706873163024,363.05706873163024,350.41330124308837,359.4445495605469,18900,0.0,0.0
2005-03-14 00:00:00+09:00,359.44454956054693,361.2508256828385,359.44454956054693,359.4445495605469,7500,0.0,0.0
2005-03-15 00:00:00+09:00,361.25082482658325,363.05706787109375,361.25082482658325,363.05706787109375,9300,0.0,0.0
2005-03-16 00:00:00+09:00,368.4757674384843,370.2820101759396,352.2194835809041,354.0257263183594,20700,0.0,0.0
2005-03-17 00:00:00+09:00,354.02575582746414,354.02575582746414,344.99450831391204,352.2195129394531,10800,0.0,0.0
2005-03-18 00:00:00+09:00,355.8320047849781,377.50705009018503,355.8320047849781,370.2820129394531,21000,0.0,0.0
2005-03-21 00:00:00+09:00,370.28201293945307,370.28201293945307,370.28201293945307,370.2820129394531,0,0.0,0.0
2005-03-22 00:00:00+09:00,370.28201062578364,370.28201062578364,361.2507638540412,366.6695251464844,8400,0.0,0.0
2005-03-23 00:00:00+09:00,359.44448804089734,377.5070477313707,359.44448804089734,366.6695251464844,10200,0.0,0.0
2005-03-24 00:00:00+09:00,377.5070810754198,379.31332397460943,366.6695575332881,379.3133239746094,11700,0.0,0.0
2005-03-25 00:00:00+09:00,377.5070477313707,377.5070477313707,359.44448804089734,366.6695251464844,9600,0.0,0.0
2005-03-28 00:00:00+09:00,359.4445194835471,364.86328125,359.4445194835471,364.86328125,900,0.0,0.0
2005-03-29 00:00:00+09:00,364.86331091560425,364.86331091560425,346.80078125,346.80078125,4200,0.0,0.0
2005-03-30 00:00:00+09:00,335.9632559930272,339.5757751464844,332.35073683957,339.5757751464844,6600,0.0,0.0
2005-03-31 00:00:00+09:00,339.57577684146406,343.1882629394531,328.7382524004971,343.1882629394531,9900,0.0,0.0
2005-04-01 00:00:00+09:00,343.1882629394531,343.1882629394531,337.76950071896965,343.1882629394531,3900,0.0,0.0
2005-04-04 00:00:00+09:00,341.3820181864631,341.3820181864631,339.5757751464844,339.5757751464844,1200,0.0,0.0
2005-04-05 00:00:00+09:00,337.76950071896965,343.1882629394531,332.3507384984862,343.1882629394531,4500,0.0,0.0
2005-04-06 00:00:00+09:00,343.18820147637626,350.4132385253906,343.18820147637626,350.4132385253906,2400,0.0,0.0
2005-04-07 00:00:00+09:00,350.4132385253906,350.4132385253906,350.4132385253906,350.4132385253906,1200,0.0,0.0
2005-04-08 00:00:00+09:00,350.4132385253906,350.4132385253906,350.4132385253906,350.4132385253906,300,0.0,0.0
2005-04-11 00:00:00+09:00,350.41330041252075,350.41330041252075,346.80078125,346.80078125,1500,0.0,0.0
2005-04-12 00:00:00+09:00,346.80078125,348.6070242945105,346.80078125,346.80078125,3000,0.0,0.0
2005-04-13 00:00:00+09:00,344.9944786459633,348.6069641113281,337.76944156824544,348.6069641113281,2400,0.0,0.0
2005-04-14 00:00:00+09:00,344.9944743112093,344.9944743112093,334.1569519042969,334.1569519042969,4800,0.0,0.0
2005-04-15 00:00:00+09:00,330.5444641113281,330.5444641113281,330.5444641113281,330.5444641113281,300,0.0,0.0
2005-04-18 00:00:00+09:00,321.5131815333323,321.5131815333323,317.90069580078125,317.90069580078125,2400,0.0,0.0
2005-04-19 00:00:00+09:00,317.90066749151174,325.12567138671875,314.28814900716145,325.12567138671875,5700,0.0,0.0
2005-04-20 00:00:00+09:00,325.12567335559476,335.96319580078125,325.12567335559476,335.96319580078125,3900,0.0,0.0
2005-04-21 00:00:00+09:00,335.96319580078125,335.96319580078125,335.96319580078125,335.96319580078125,0,0.0,0.0
2005-04-22 00:00:00+09:00,323.31951828025694,341.3820495605469,323.31951828025694,341.3820495605469,2100,0.0,0.0
2005-04-25 00:00:00+09:00,341.3820495605469,341.3820495605469,341.3820495605469,341.3820495605469,0,0.0,0.0
2005-04-26 00:00:00+09:00,321.51318359375,321.51318359375,321.51318359375,321.51318359375,300,0.0,0.0
2005-04-27 00:00:00+09:00,319.7069710085247,343.1882629394531,319.7069710085247,343.1882629394531,4800,0.0,0.0
2005-04-28 00:00:00+09:00,344.9944767349624,346.8007194576396,337.7694396972656,337.7694396972656,7200,0.0,0.0
2005-04-29 00:00:00+09:00,337.7694396972656,337.7694396972656,337.7694396972656,337.7694396972656,0,0.0,0.0
2005-05-02 00:00:00+09:00,346.80078211094207,346.80078211094207,343.1882629394531,343.1882629394531,600,0.0,0.0
2005-05-03 00:00:00+09:00,343.1882629394531,343.1882629394531,343.1882629394531,343.1882629394531,0,0.0,0.0
2005-05-04 00:00:00+09:00,343.1882629394531,343.1882629394531,343.1882629394531,343.1882629394531,0,0.0,0.0
2005-05-05 00:00:00+09:00,343.1882629394531,343.1882629394531,343.1882629394531,343.1882629394531,0,0.0,0.0
2005-05-06 00:00:00+09:00,346.80078125,346.80078125,346.80078125,346.80078125,300,0.0,0.0
2005-05-09 00:00:00+09:00,344.9944767349624,344.9944767349624,337.7694396972656,337.7694396972656,1500,0.0,0.0
2005-05-10 00:00:00+09:00,337.76950071896965,344.99453906194753,337.76950071896965,343.1882629394531,2700,0.0,0.0
2005-05-11 00:00:00+09:00,344.99456787109375,344.99456787109375,344.99456787109375,344.99456787109375,2100,0.0,0.0
2005-05-12 00:00:00+09:00,344.99456787109375,344.99456787109375,344.99456787109375,344.99456787109375,0,0.0,0.0
2005-05-13 00:00:00+09:00,335.96319580078125,335.96319580078125,335.96319580078125,335.96319580078125,600,0.0,0.0
2005-05-16 00:00:00+09:00,341.38204839793747,344.99456787109375,341.38204839793747,344.99456787109375,2400,0.0,0.0
2005-05-17 00:00:00+09:00,343.1882612264418,343.1882612264418,339.5757751464844,339.5757751464844,900,0.0,0.0
2005-05-18 00:00:00+09:00,332.3506469726562,332.3506469726562,332.3506469726562,332.35064697265625,1800,0.0,0.0
2005-05-19 00:00:00+09:00,323.3194595268362,335.9632258180712,323.3194595268362,330.5444641113281,1500,0.0,0.0
2005-05-20 00:00:00+09:00,335.9631651492961,343.1881684290851,332.3506469726562,332.35064697265625,9600,0.0,0.0
2005-05-23 00:00:00+09:00,326.9318862444418,339.575683325936,326.9318862444418,332.35064697265625,2400,0.0,0.0
2005-05-24 00:00:00+09:00,332.3506469726562,332.3506469726562,330.54440442108165,332.35064697265625,1800,0.0,0.0
2005-05-25 00:00:00+09:00,328.73822021484375,328.73822021484375,328.73822021484375,328.73822021484375,300,0.0,0.0
2005-05-26 00:00:00+09:00,321.5132141259334,321.5132141259334,310.67568968266033,316.0944519042969,1800,0.0,0.0
2005-05-27 00:00:00+09:00,316.0944519042969,316.0944519042969,316.0944519042969,316.0944519042969,0,0.0,0.0
2005-05-30 00:00:00+09:00,316.0944519042969,316.0944519042969,316.0944519042969,316.0944519042969,0,0.0,0.0
2005-05-31 00:00:00+09:00,301.6444405492395,314.2882080078125,290.806916135177,292.6131591796875,5100,0.0,0.0
2005-06-01 00:00:00+09:00,310.6756000541816,323.31939697265625,310.6756000541816,323.31939697265625,1800,0.0,0.0
2005-06-02 00:00:00+09:00,326.9319160719612,341.38195702337447,326.9319160719612,335.96319580078125,7800,0.0,0.0
2005-06-03 00:00:00+09:00,337.7694990330059,339.5757751464844,335.9632559930272,339.5757751464844,6600,0.0,0.0
2005-06-06 00:00:00+09:00,332.35067845574,337.7694396972656,332.35067845574,337.7694396972656,900,0.0,0.0
2005-06-07 00:00:00+09:00,337.7694396972656,337.7694396972656,337.7694396972656,337.7694396972656,600,0.0,0.0
2005-06-08 00:00:00+09:00,337.76943732427185,337.76943732427185,334.1569519042969,334.1569519042969,900,0.0,0.0
2005-06-09 00:00:00+09:00,334.1569225977216,334.1569225977216,332.3506469726562,332.35064697265625,1200,0.0,0.0
2005-06-10 00:00:00+09:00,332.3506469726562,332.3506469726562,332.3506469726562,332.35064697265625,0,0.0,0.0
2005-06-13 00:00:00+09:00,334.1569519042969,334.1569519042969,334.1569519042969,334.1569519042969,900,0.0,0.0
2005-06-14 00:00:00+09:00,330.5444630869951,330.5444630869951,328.73822021484375,328.73822021484375,2700,0.0,0.0
2005-06-15 00:00:00+09:00,326.9319763183594,328.7382524410767,326.9319763183594,326.9319763183594,4800,0.0,0.0
2005-06-16 00:00:00+09:00,328.73822021484375,328.73822021484375,328.73822021484375,328.73822021484375,900,0.0,0.0
2005-06-17 00:00:00+09:00,328.73822021484375,330.5444630869951,328.73822021484375,328.73822021484375,3300,0.0,0.0
2005-06-20 00:00:00+09:00,328.73822021484375,328.73822021484375,328.73822021484375,328.73822021484375,0,0.0,0.0
2005-06-21 00:00:00+09:00,325.125732421875,325.125732421875,298.03192138671875,298.03192138671875,3300,0.0,0.0
2005-06-22 00:00:00+09:00,310.6756591993435,328.73822021484375,310.6756591993435,328.73822021484375,1500,0.0,0.0
2005-06-23 00:00:00+09:00,310.6756591796875,310.6756591796875,310.6756591796875,310.6756591796875,3000,0.0,0.0
2005-06-24 00:00:00+09:00,319.7069396972656,319.7069396972656,319.7069396972656,319.7069396972656,300,0.0,0.0
2005-06-27 00:00:00+09:00,319.7069396972656,319.7069396972656,319.7069396972656,319.7069396972656,1500,0.0,0.0
2005-06-28 00:00:00+09:00,319.7069396972656,319.7069396972656,319.7069396972656,319.7069396972656,0,0.0,0.0
2005-06-29 00:00:00+09:00,319.7069396972656,319.7069396972656,319.7069396972656,319.7069396972656,0,0.0,0.0
2005-06-30 00:00:00+09:00,314.28817699473376,317.90069580078125,314.28817699473376,317.90069580078125,2400,0.0,0.0
2005-07-01 00:00:00+09:00,317.90069682516975,319.7069396972656,314.28817800748146,319.7069396972656,3000,0.0,0.0
2005-07-04 00:00:00+09:00,316.0944519042969,316.0944519042969,308.8694466332815,316.0944519042969,3300,0.0,0.0
2005-07-05 00:00:00+09:00,314.2881780171429,335.9632247769459,314.2881780171429,328.73822021484375,6000,0.0,0.0
2005-07-06 00:00:00+09:00,339.575683325936,339.575683325936,332.3506469726562,332.35064697265625,3300,0.0,0.0
2005-07-07 00:00:00+09:00,326.93194530079916,334.15698295919583,310.67566017965174,321.51318359375,12600,0.0,0.0
2005-07-08 00:00:00+09:00,326.9319763183594,326.9319763183594,326.9319763183594,326.9319763183594,600,0.0,0.0
2005-07-11 00:00:00+09:00,326.9319763183594,326.9319763183594,326.9319763183594,326.9319763183594,0,0.0,0.0
2005-07-12 00:00:00+09:00,325.12567138671875,325.12567138671875,325.12567138671875,325.12567138671875,600,0.0,0.0
2005-07-13 00:00:00+09:00,316.0944519042969,316.0944519042969,316.0944519042969,316.0944519042969,3000,0.0,0.0
2005-07-14 00:00:00+09:00,323.31939697265625,323.31939697265625,323.31939697265625,323.31939697265625,300,0.0,0.0
2005-07-15 00:00:00+09:00,323.3194902199244,326.9319763183594,323.3194902199244,326.9319763183594,3900,0.0,0.0
2005-07-18 00:00:00+09:00,326.9319763183594,326.9319763183594,326.9319763183594,326.9319763183594,0,0.0,0.0
2005-07-19 00:00:00+09:00,328.73822021484375,328.73822021484375,328.73822021484375,328.73822021484375,300,0.0,0.0
2005-07-20 00:00:00+09:00,337.7695300750878,341.3820495605469,337.7695300750878,341.3820495605469,2400,0.0,0.0
2005-07-21 00:00:00+09:00,354.0258181493996,361.25085712031773,341.3820495605469,341.3820495605469,9300,0.0,0.0
2005-07-22 00:00:00+09:00,341.3820495605469,341.3820495605469,341.3820495605469,341.3820495605469,0,0.0,0.0
2005-07-25 00:00:00+09:00,332.3506469726562,332.3506469726562,332.3506469726562,332.35064697265625,300,0.0,0.0
2005-07-26 00:00:00+09:00,344.9944743112093,344.9944743112093,330.54443341082816,334.1569519042969,5100,0.0,0.0
2005-07-27 00:00:00+09:00,325.12567220737196,334.1569519042969,325.12567220737196,334.1569519042969,6300,0.0,0.0
2005-07-28 00:00:00+09:00,330.54443573306276,337.7694396972656,330.54443573306276,337.7694396972656,1800,0.0,0.0
2005-07-29 00:00:00+09:00,339.57580519811063,344.99456787109375,334.15704252512745,344.99456787109375,4200,0.0,0.0
2005-08-01 00:00:00+09:00,354.02572093464045,354.02572093464045,334.1569519042969,334.1569519042969,2700,0.0,0.0
2005-08-02 00:00:00+09:00,339.57577684146406,346.80078211094207,335.9632576699751,343.1882629394531,6000,0.0,0.0
2005-08-03 00:00:00+09:00,334.1570129530484,341.3820181864631,334.1570129530484,339.5757751464844,5100,0.0,0.0
2005-08-04 00:00:00+09:00,339.5757131077531,339.5757131077531,325.12567220737196,334.1569519042969,8100,0.0,0.0
2005-08-05 00:00:00+09:00,330.5444325764974,330.5444325764974,325.12567138671875,325.12567138671875,1500,0.0,0.0
2005-08-08 00:00:00+09:00,321.51315371390325,334.1569519042969,319.70691100391576,334.1569519042969,4200,0.0,0.0
2005-08-09 00:00:00+09:00,326.9319763183594,334.15701466222913,326.9319763183594,326.9319763183594,1200,0.0,0.0
2005-08-10 00:00:00+09:00,328.73822021484375,339.57574359474523,328.73822021484375,328.73822021484375,4200,0.0,0.0
2005-08-11 00:00:00+09:00,328.73822021484375,337.76946764909724,328.73822021484375,328.73822021484375,4200,0.0,0.0
2005-08-12 00:00:00+09:00,330.54452305197117,348.6070542707474,328.73827985214433,344.99456787109375,12600,0.0,0.0
2005-08-15 00:00:00+09:00,357.6383056640625,375.70083532966675,357.6383056640625,363.05706787109375,53100,0.0,0.0
2005-08-16 00:00:00+09:00,372.08828760710384,372.08828760710384,366.6695262976484,368.47576904296875,10800,0.0,0.0
2005-08-17 00:00:00+09:00,364.8632203051676,373.8944994318842,364.8632203051676,372.0882568359375,18900,0.0,0.0
2005-08-18 00:00:00+09:00,370.2820731226355,370.2820731226355,363.05706787109375,363.05706787109375,3900,0.0,0.0
2005-08-19 00:00:00+09:00,363.05706787109375,363.05706787109375,363.05706787109375,363.05706787109375,2100,0.0,0.0
2005-08-22 00:00:00+09:00,363.05706787109375,364.86331091560425,363.05706787109375,363.05706787109375,3600,0.0,0.0
2005-08-23 00:00:00+09:00,363.0570363446949,363.0570363446949,361.2507934570312,361.25079345703125,3000,0.0,0.0
2005-08-24 00:00:00+09:00,363.0570047273741,363.0570047273741,355.8320007324219,355.8320007324219,9000,0.0,0.0
2005-08-25 00:00:00+09:00,355.8320021293089,359.4444876042195,350.4132408434488,354.0257263183594,3900,0.0,0.0
2005-08-26 00:00:00+09:00,354.02572538286944,361.2507624605873,348.6069641113281,348.6069641113281,4500,0.0,0.0
2005-08-29 00:00:00+09:00,352.2195737439037,352.2195737439037,344.99456787109375,344.99456787109375,1200,0.0,0.0
2005-08-30 00:00:00+09:00,352.2194835809041,357.6382448667642,352.2194835809041,354.0257263183594,1500,0.0,0.0
2005-08-31 00:00:00+09:00,361.250764988193,379.31329166187965,357.6382464240579,368.47576904296875,56400,0.0,0.0
2005-09-01 00:00:00+09:00,370.28201062578364,370.28201062578364,361.2507638540412,366.6695251464844,13800,0.0,0.0
2005-09-02 00:00:00+09:00,363.05706787109375,363.05706787109375,354.02578650154175,363.05706787109375,11700,0.0,0.0
2005-09-05 00:00:00+09:00,368.475830078125,368.475830078125,363.05706787109375,363.05706787109375,3600,0.0,0.0
2005-09-06 00:00:00+09:00,363.05706787109375,363.05706787109375,363.05706787109375,363.05706787109375,1800,0.0,0.0
2005-09-07 00:00:00+09:00,363.0570047273741,363.0570047273741,355.8320007324219,355.8320007324219,7200,0.0,0.0
2005-09-08 00:00:00+09:00,355.832062619552,357.6383056640625,344.9945382054895,346.80078125,9000,0.0,0.0
2005-09-09 00:00:00+09:00,355.832062619552,355.832062619552,346.80078125,346.80078125,3900,0.0,0.0
2005-09-12 00:00:00+09:00,348.606998117211,410.0196539010182,346.8007552083333,406.4071350097656,140100,0.0,0.0
2005-09-13 00:00:00+09:00,388.3446367298646,397.37588504610574,379.31335534012356,381.1195983886719,84000,0.0,0.0
2005-09-14 00:00:00+09:00,388.34460505761047,391.95709086008316,384.7320861816406,384.7320861816406,24600,0.0,0.0
2005-09-15 00:00:00+09:00,384.73208797751926,404.6008922778527,384.73208797751926,397.3758544921875,35700,0.0,0.0
2005-09-16 00:00:00+09:00,384.7321768866645,397.3759463232269,384.7321768866645,390.15093994140625,18900,0.0,0.0
2005-09-19 00:00:00+09:00,390.15093994140625,390.15093994140625,390.15093994140625,390.15093994140625,0,0.0,0.0
2005-09-20 00:00:00+09:00,393.7633972167969,397.3758832980016,393.7633972167969,393.7633972167969,3600,0.0,0.0
2005-09-21 00:00:00+09:00,397.3758520587171,397.3758520587171,382.9258427228709,388.3446044921875,5100,0.0,0.0
2005-09-22 00:00:00+09:00,384.7320211545475,384.7320211545475,370.28198116649924,372.0882568359375,6000,0.0,0.0
2005-09-23 00:00:00+09:00,372.0882568359375,372.0882568359375,372.0882568359375,372.0882568359375,0,0.0,0.0
2005-09-26 00:00:00+09:00,379.31332397460943,382.9258428464857,368.4758004324777,379.3133239746094,8700,0.0,0.0
2005-09-27 00:00:00+09:00,379.31335534012356,390.15087977841284,379.31335534012356,381.1195983886719,9000,0.0,0.0
2005-09-28 00:00:00+09:00,382.9258728027344,388.3446349977094,377.5071106077594,382.9258728027344,9900,0.0,0.0
2005-09-29 00:00:00+09:00,382.9258728027344,382.9258728027344,382.9258728027344,382.9258728027344,0,0.0,0.0
2005-09-30 00:00:00+09:00,382.9258728027344,382.9258728027344,382.9258728027344,382.9258728027344,0,0.0,0.0
2005-10-03 00:00:00+09:00,382.92584328040425,384.7320861816406,379.3133244044344,384.7320861816406,9600,0.0,0.0
2005-10-04 00:00:00+09:00,384.7320861816406,384.7320861816406,384.7320861816406,384.7320861816406,0,0.0,0.0
2005-10-05 00:00:00+09:00,384.7320861816406,384.7320861816406,384.7320861816406,384.7320861816406,0,0.0,0.0
2005-10-06 00:00:00+09:00,384.7320861816406,384.7320861816406,384.7320861816406,384.7320861816406,0,0.0,0.0
2005-10-07 00:00:00+09:00,384.7320861816406,384.7320861816406,384.7320861816406,384.7320861816406,0,0.0,0.0
2005-10-10 00:00:00+09:00,384.7320861816406,384.7320861816406,384.7320861816406,384.7320861816406,0,0.0,0.0
2005-10-11 00:00:00+09:00,384.7320861816406,384.7320861816406,384.7320861816406,384.7320861816406,0,0.0,0.0
2005-10-12 00:00:00+09:00,404.600830105297,406.40707273741026,397.3757934298593,400.9883117675781,13800,0.0,0.0
2005-10-13 00:00:00+09:00,400.9883117675781,400.9883117675781,400.9883117675781,400.9883117675781,0,0.0,0.0
2005-10-14 00:00:00+09:00,400.9883117675781,400.9883117675781,400.9883117675781,400.9883117675781,0,0.0,0.0
2005-10-17 00:00:00+09:00,415.43841468708786,422.66341937845993,404.6008911132812,404.60089111328125,8700,0.0,0.0
2005-10-18 00:00:00+09:00,404.6008911132812,404.6008911132812,404.6008911132812,404.60089111328125,0,0.0,0.0
2005-10-19 00:00:00+09:00,404.6008911132812,404.6008911132812,404.6008911132812,404.60089111328125,0,0.0,0.0
2005-10-20 00:00:00+09:00,413.63214111328125,417.24466001671294,408.2133792948824,413.63214111328125,7800,0.0,0.0
2005-10-21 00:00:00+09:00,413.63214111328125,413.63214111328125,413.63214111328125,413.63214111328125,0,0.0,0.0
2005-10-24 00:00:00+09:00,413.6321128715378,433.500915873575,411.8258700798963,429.8883972167969,18900,0.0,0.0
2005-10-25 00:00:00+09:00,429.8883972167968,429.8883972167968,429.8883972167968,429.8883972167969,0,0.0,0.0
2005-10-26 00:00:00+09:00,429.8883972167968,429.8883972167968,429.8883972167968,429.8883972167969,0,0.0,0.0
2005-10-27 00:00:00+09:00,429.8883972167968,429.8883972167968,429.8883972167968,429.8883972167969,0,0.0,0.0
2005-10-28 00:00:00+09:00,429.8883972167968,429.8883972167968,429.8883972167968,429.8883972167969,0,0.0,0.0
2005-10-31 00:00:00+09:00,451.56341968157716,475.0447401272887,451.56341968157716,473.23846435546875,15900,0.0,0.0
2005-11-01 00:00:00+09:00,476.85104531941533,489.49481201171875,473.2385263758296,489.49481201171875,15000,0.0,0.0
2005-11-02 00:00:00+09:00,489.494780416112,489.494780416112,471.43225301106776,487.68853759765625,11100,0.0,0.0
2005-11-03 00:00:00+09:00,487.6885375976563,487.6885375976563,487.6885375976563,487.68853759765625,0,0.0,0.0
2005-11-04 00:00:00+09:00,487.6885977776715,489.49484081901477,475.0448303412688,485.8823547363281,10500,0.0,0.0
2005-11-07 00:00:00+09:00,485.8823547363281,485.8823547363281,485.8823547363281,485.8823547363281,0,0.0,0.0
2005-11-08 00:00:00+09:00,484.07601719580185,484.07601719580185,466.01348985387125,467.8197326660156,12900,0.0,0.0
2005-11-09 00:00:00+09:00,466.0134604886694,476.8509828256152,464.2072177903429,473.23846435546875,5700,0.0,0.0
2005-11-10 00:00:00+09:00,469.62595003600256,478.6571960449219,464.20718920125444,478.6571960449219,6300,0.0,0.0
2005-11-11 00:00:00+09:00,478.6571960449219,478.6571960449219,478.6571960449219,478.6571960449219,0,0.0,0.0
2005-11-14 00:00:00+09:00,500.33223938391444,502.13851504449144,478.6571960449219,478.6571960449219,30300,0.0,0.0
2005-11-15 00:00:00+09:00,478.6571960449219,478.6571960449219,478.6571960449219,478.6571960449219,0,0.0,0.0
2005-11-16 00:00:00+09:00,478.6571960449219,478.6571960449219,478.6571960449219,478.6571960449219,0,0.0,0.0
2005-11-17 00:00:00+09:00,478.6571960449219,478.6571960449219,478.6571960449219,478.6571960449219,0,0.0,0.0
2005-11-18 00:00:00+09:00,478.6571960449219,478.6571960449219,478.6571960449219,478.6571960449219,0,0.0,0.0
2005-11-21 00:00:00+09:00,469.62603883807753,469.62603883807753,462.4010009765625,462.4010009765625,6900,0.0,0.0
2005-11-22 00:00:00+09:00,460.59469696996376,469.6259765625,460.59469696996376,469.6259765625,10500,0.0,0.0
2005-11-23 00:00:00+09:00,469.6259765625,469.6259765625,469.6259765625,469.6259765625,0,0.0,0.0
2005-11-24 00:00:00+09:00,469.6259765625,469.6259765625,469.6259765625,469.6259765625,0,0.0,0.0
2005-11-25 00:00:00+09:00,460.5947555730372,460.5947555730372,431.6947035027576,438.9197082519531,21900,0.0,0.0
2005-11-28 00:00:00+09:00,442.5322255649229,442.5322255649229,411.82589761312903,417.2446594238281,28500,0.0,0.0
2005-11-29 00:00:00+09:00,417.2446594238281,417.2446594238281,417.2446594238281,417.2446594238281,0,0.0,0.0
2005-11-30 00:00:00+09:00,417.2446594238281,417.2446594238281,417.2446594238281,417.2446594238281,0,0.0,0.0
2005-12-01 00:00:00+09:00,417.2446594238281,417.2446594238281,417.2446594238281,417.2446594238281,0,0.0,0.0
2005-12-02 00:00:00+09:00,444.3383816977144,451.5633850097656,442.53213913807434,451.5633850097656,4800,0.0,0.0
2005-12-05 00:00:00+09:00,458.7884213953078,462.400906514588,451.5633850097656,451.5633850097656,8400,0.0,0.0
2005-12-06 00:00:00+09:00,453.3698127425919,455.1760559082031,451.5635365034786,455.1760559082031,9900,0.0,0.0
2005-12-07 00:00:00+09:00,455.1760559082031,455.1760559082031,455.1760559082031,455.1760559082031,0,0.0,0.0
2005-12-08 00:00:00+09:00,451.5635053895473,458.7885437011719,447.95101930723473,458.7885437011719,4500,0.0,0.0
2005-12-09 00:00:00+09:00,458.7885437011719,458.7885437011719,458.7885437011719,458.7885437011719,0,0.0,0.0
2005-12-12 00:00:00+09:00,458.7885437011719,458.7885437011719,458.7885437011719,458.7885437011719,0,0.0,0.0
2005-12-13 00:00:00+09:00,458.7885437011719,458.7885437011719,458.7885437011719,458.7885437011719,0,0.0,0.0
2005-12-14 00:00:00+09:00,458.7885437011719,458.7885437011719,458.7885437011719,458.7885437011719,0,0.0,0.0
2005-12-15 00:00:00+09:00,451.5635053587432,451.5635053587432,442.5322570800782,442.5322570800781,3300,0.0,0.0
2005-12-16 00:00:00+09:00,460.594786710908,460.594786710908,438.91973792451233,442.5322570800781,6300,0.0,0.0
2005-12-19 00:00:00+09:00,447.95092773437494,449.7571704062881,447.95092773437494,447.950927734375,1200,0.0,0.0
2005-12-20 00:00:00+09:00,447.95092773437494,447.95092773437494,447.95092773437494,447.950927734375,0,0.0,0.0
2005-12-21 00:00:00+09:00,447.95092773437494,447.95092773437494,447.95092773437494,447.950927734375,0,0.0,0.0
2005-12-22 00:00:00+09:00,447.95104981892473,460.59481811523443,446.14477358123617,460.5948181152344,4200,0.0,0.0
2005-12-23 00:00:00+09:00,460.59481811523443,460.59481811523443,460.59481811523443,460.5948181152344,0,0.0,0.0
2005-12-26 00:00:00+09:00,460.59475572819184,462.4009986477248,453.36975097656256,453.3697509765625,6300,0.0,0.0
2005-12-27 00:00:00+09:00,458.7885753129276,458.7885753129276,455.1760559082031,455.1760559082031,2700,0.0,0.0
2005-12-28 00:00:00+09:00,455.1760559082031,455.1760559082031,455.1760559082031,455.1760559082031,0,0.0,0.0
2005-12-29 00:00:00+09:00,455.1760559082031,455.1760559082031,455.1760559082031,455.1760559082031,0,0.0,0.0
2005-12-30 00:00:00+09:00,466.0135810488746,466.0135810488746,438.9197681971958,455.1760559082031,8100,0.0,0.0
2006-01-02 00:00:00+09:00,455.1760559082031,455.1760559082031,455.1760559082031,455.1760559082031,0,0.0,0.0
2006-01-03 00:00:00+09:00,455.1760559082031,455.1760559082031,455.1760559082031,455.1760559082031,0,0.0,0.0
2006-01-04 00:00:00+09:00,455.1760559082031,455.1760559082031,455.1760559082031,455.1760559082031,0,0.0,0.0
2006-01-05 00:00:00+09:00,469.6259765625,469.6259765625,460.59469696996376,469.6259765625,3600,0.0,0.0
2006-01-06 00:00:00+09:00,469.6259765625,469.6259765625,469.6259765625,469.6259765625,0,0.0,0.0
2006-01-09 00:00:00+09:00,469.6259765625,469.6259765625,469.6259765625,469.6259765625,0,0.0,0.0
2006-01-10 00:00:00+09:00,475.04480042280954,475.04480042280954,471.4322814941407,471.4322814941406,5700,0.0,0.0
2006-01-11 00:00:00+09:00,475.0448609583281,502.1386736921966,475.0448609583281,500.3323974609375,14100,0.0,0.0
2006-01-12 00:00:00+09:00,500.33233516837646,514.7823778518757,500.33233516837646,507.557373046875,17700,0.0,0.0
2006-01-13 00:00:00+09:00,525.6198081158577,525.6198081158577,503.9447644822141,509.363525390625,21300,0.0,0.0
2006-01-16 00:00:00+09:00,509.36358749041534,511.1698303222657,502.13858308951797,511.1698303222656,9600,0.0,0.0
2006-01-17 00:00:00+09:00,511.1697610534107,511.1697610534107,478.6571960449219,478.6571960449219,8700,0.0,0.0
2006-01-18 00:00:00+09:00,446.14471180807465,453.3697496114466,397.3758554660524,422.6634216308594,15600,0.0,0.0
2006-01-19 00:00:00+09:00,422.663368984202,478.657223081543,422.663368984202,469.6259765625,4500,0.0,0.0
2006-01-20 00:00:00+09:00,478.6572556858731,478.6572556858731,460.5947283439425,467.8197326660156,3300,0.0,0.0
2006-01-23 00:00:00+09:00,467.81979193737476,467.81979193737476,437.11349487304693,437.1134948730469,6900,0.0,0.0
2006-01-24 00:00:00+09:00,437.11343568230456,444.3384399414062,437.11343568230456,444.33843994140625,900,0.0,0.0
2006-01-25 00:00:00+09:00,449.757262348391,458.7885437011719,449.757262348391,458.7885437011719,2100,0.0,0.0
2006-01-26 00:00:00+09:00,460.59481811523443,460.59481811523443,460.59481811523443,460.5948181152344,900,0.0,0.0
2006-01-27 00:00:00+09:00,458.7884542808538,478.657223081543,458.7884542808538,469.6259765625,4500,0.0,0.0
2006-01-30 00:00:00+09:00,460.5948177603788,466.0135803222656,455.176055198492,466.0135803222656,17100,0.0,0.0
2006-01-31 00:00:00+09:00,453.36975274552213,480.46356201171875,453.36975274552213,480.46356201171875,7200,0.0,0.0
2006-02-01 00:00:00+09:00,469.6259788016344,478.65722536373755,469.6259788016344,476.8509826660156,2100,0.0,0.0
2006-02-02 00:00:00+09:00,480.46356393705025,484.07604980468744,469.6260401871431,484.0760498046875,9000,0.0,0.0
2006-02-03 00:00:00+09:00,476.8509826660156,476.8509826660156,476.8509826660156,476.8509826660156,300,0.0,0.0
2006-02-06 00:00:00+09:00,476.8509826660156,476.8509826660156,476.8509826660156,476.8509826660156,300,0.0,0.0
2006-02-07 00:00:00+09:00,484.0759875746653,500.3322711097118,482.2697448730468,482.2697448730469,3300,0.0,0.0
2006-02-08 00:00:00+09:00,469.6259765625,469.6259765625,469.6259765625,469.6259765625,300,0.0,0.0
2006-02-09 00:00:00+09:00,469.6259765625,469.6259765625,456.9821785182506,469.6259765625,8100,0.0,0.0
2006-02-10 00:00:00+09:00,476.8509826660156,476.8509826660156,476.8509826660156,476.8509826660156,300,0.0,0.0
2006-02-13 00:00:00+09:00,476.8509826660156,476.8509826660156,476.8509826660156,476.8509826660156,300,0.0,0.0
2006-02-14 00:00:00+09:00,476.8509826660156,476.8509826660156,476.8509826660156,476.8509826660156,300,0.0,0.0
2006-02-15 00:00:00+09:00,449.7572623177102,449.7572623177102,442.5322570800782,442.5322570800781,4800,0.0,0.0
2006-02-16 00:00:00+09:00,476.8509826660156,476.8509826660156,476.8509826660156,476.8509826660156,300,0.0,0.0
2006-02-17 00:00:00+09:00,476.8509826660156,476.8509826660156,476.8509826660156,476.8509826660156,300,0.0,0.0
2006-02-20 00:00:00+09:00,476.8509826660156,476.8509826660156,476.8509826660156,476.8509826660156,300,0.0,0.0
2006-02-21 00:00:00+09:00,476.8509826660156,476.8509826660156,476.8509826660156,476.8509826660156,300,0.0,0.0
2006-02-22 00:00:00+09:00,399.18210063237586,402.7945861816406,399.18210063237586,402.7945861816406,2700,0.0,0.0
2006-02-23 00:00:00+09:00,411.8258144647771,440.7258605957031,411.8258144647771,440.7258605957031,1200,0.0,0.0
2006-02-24 00:00:00+09:00,422.66335934714493,429.8883630123422,419.0508409778,420.85711669921875,3600,0.0,0.0
2006-02-27 00:00:00+09:00,431.69470214843756,431.69470214843756,431.69470214843756,431.6947021484375,300,0.0,0.0
2006-02-28 00:00:00+09:00,431.6947639084118,433.50100708007807,415.4384761429089,433.5010070800781,2100,0.0,0.0
2006-03-01 00:00:00+09:00,433.50100708007807,433.50100708007807,433.50100708007807,433.5010070800781,600,0.0,0.0
2006-03-02 00:00:00+09:00,424.4697265625,424.4697265625,424.4697265625,424.4697265625,7500,0.0,0.0
2006-03-03 00:00:00+09:00,424.4697265625,424.4697265625,417.24472077700926,424.4697265625,2100,0.0,0.0
2006-03-06 00:00:00+09:00,424.4697265625,424.4697265625,424.4697265625,424.4697265625,1500,0.0,0.0
2006-03-07 00:00:00+09:00,415.43838500976557,415.43838500976557,415.43838500976557,415.4383850097656,600,0.0,0.0
2006-03-08 00:00:00+09:00,415.43838500976557,415.43838500976557,415.43838500976557,415.4383850097656,0,0.0,0.0
2006-03-09 00:00:00+09:00,422.6633940906059,444.3384399414062,422.6633940906059,444.33843994140625,600,0.0,0.0
2006-03-10 00:00:00+09:00,444.3384399414062,444.3384399414062,444.3384399414062,444.33843994140625,0,0.0,0.0
2006-03-13 00:00:00+09:00,429.8883972167968,429.8883972167968,429.8883972167968,429.8883972167969,300,0.0,0.0
2006-03-14 00:00:00+09:00,428.082213465963,428.082213465963,406.40716468287627,410.0196838378906,7500,0.0,0.0
2006-03-15 00:00:00+09:00,417.2446594238281,417.2446594238281,417.2446594238281,417.2446594238281,300,0.0,0.0
2006-03-16 00:00:00+09:00,422.6634216308594,422.6634216308594,422.6634216308594,422.6634216308594,300,0.0,0.0
2006-03-17 00:00:00+09:00,422.6634216308594,422.6634216308594,422.6634216308594,422.6634216308594,300,0.0,0.0
2006-03-20 00:00:00+09:00,419.05093298591675,419.05093298591675,411.825927734375,411.825927734375,3000,0.0,0.0
2006-03-21 00:00:00+09:00,411.825927734375,411.825927734375,411.825927734375,411.825927734375,0,0.0,0.0
2006-03-22 00:00:00+09:00,413.6321409133932,422.6634216308594,413.6321409133932,422.6634216308594,2700,0.0,0.0
2006-03-23 00:00:00+09:00,424.469695192948,424.469695192948,411.825927734375,411.825927734375,1500,0.0,0.0
2006-03-24 00:00:00+09:00,417.2446594238281,417.2446594238281,417.2446594238281,417.2446594238281,1200,0.0,0.0
2006-03-27 00:00:00+09:00,417.2446594238281,417.2446594238281,417.2446594238281,417.2446594238281,300,0.0,0.0
2006-03-28 00:00:00+09:00,417.2446594238281,417.2446594238281,417.2446594238281,417.2446594238281,300,0.0,0.0
2006-03-29 00:00:00+09:00,417.2446594238281,417.2446594238281,417.2446594238281,417.2446594238281,300,0.0,0.0
2006-03-30 00:00:00+09:00,426.2758568808409,451.5633850097656,426.2758568808409,451.5633850097656,10800,0.0,0.0
2006-03-31 00:00:00+09:00,451.5633850097656,451.5633850097656,451.5633850097656,451.5633850097656,300,0.0,0.0
2006-04-03 00:00:00+09:00,455.17590320253674,458.7884213953078,451.5633850097656,451.5633850097656,5700,0.0,0.0
2006-04-04 00:00:00+09:00,451.5633850097656,460.59466395494786,451.5633850097656,451.5633850097656,4800,0.0,0.0
2006-04-05 00:00:00+09:00,451.5633850097656,451.5633850097656,451.5633850097656,451.5633850097656,2400,0.0,0.0
2006-04-06 00:00:00+09:00,451.5633850097656,451.5633850097656,451.5633850097656,451.5633850097656,300,0.0,0.0
2006-04-07 00:00:00+09:00,451.5633850097656,451.5633850097656,451.5633850097656,451.5633850097656,300,0.0,0.0
2006-04-10 00:00:00+09:00,424.4697265625,424.4697265625,424.4697265625,424.4697265625,900,0.0,0.0
2006-04-11 00:00:00+09:00,431.694765421493,431.694765421493,424.4697265625,424.4697265625,1200,0.0,0.0
2006-04-12 00:00:00+09:00,424.469664348411,431.69470214843756,424.469664348411,431.6947021484375,1800,0.0,0.0
2006-04-13 00:00:00+09:00,433.50100859949015,433.50100859949015,424.4697265625,424.4697265625,2700,0.0,0.0
2006-04-14 00:00:00+09:00,442.53217296833805,476.8509826660156,438.91965449940074,476.8509826660156,35400,0.0,0.0
2006-04-17 00:00:00+09:00,476.85104308506,480.46356201171875,464.20727645200077,480.46356201171875,12300,0.0,0.0
2006-04-18 00:00:00+09:00,466.0135803222656,469.6260997213575,466.0135803222656,466.0135803222656,6000,0.0,0.0
2006-04-19 00:00:00+09:00,438.9196482278233,447.95092773437494,438.9196482278233,447.950927734375,3000,0.0,0.0
2006-04-20 00:00:00+09:00,449.7572623177102,453.369781473276,440.7259809655454,442.5322570800781,8700,0.0,0.0
2006-04-21 00:00:00+09:00,453.36966064289663,484.07594952423256,451.5633850097656,451.5633850097656,15000,0.0,0.0
2006-04-24 00:00:00+09:00,451.5633850097656,451.5633850097656,451.5633850097656,451.5633850097656,300,0.0,0.0
2006-04-25 00:00:00+09:00,451.5633850097656,451.5633850097656,451.5633850097656,451.5633850097656,300,0.0,0.0
2006-04-26 00:00:00+09:00,451.5633850097656,451.5633850097656,444.3383816977144,451.5633850097656,3600,0.0,0.0
2006-04-27 00:00:00+09:00,451.5633850097656,451.5633850097656,451.5633850097656,451.5633850097656,2100,0.0,0.0
2006-04-28 00:00:00+09:00,451.5633850097656,451.5633850097656,451.5633850097656,451.5633850097656,300,0.0,0.0
2006-05-01 00:00:00+09:00,471.4321900242054,475.04470825195307,453.3696650324494,475.0447082519531,1500,0.0,0.0
2006-05-02 00:00:00+09:00,456.98229836128695,466.0135803222656,456.98229836128695,466.0135803222656,3000,0.0,0.0
2006-05-03 00:00:00+09:00,466.0135803222656,466.0135803222656,466.0135803222656,466.0135803222656,0,0.0,0.0
2006-05-04 00:00:00+09:00,466.0135803222656,466.0135803222656,466.0135803222656,466.0135803222656,0,0.0,0.0
2006-05-05 00:00:00+09:00,466.0135803222656,466.0135803222656,466.0135803222656,466.0135803222656,0,0.0,0.0
2006-05-08 00:00:00+09:00,467.819703030419,476.8509826660156,466.0134603326971,476.8509826660156,3000,0.0,0.0
2006-05-09 00:00:00+09:00,460.5947577816317,471.4322814941407,460.5947577816317,471.4322814941406,1500,0.0,0.0
2006-05-10 00:00:00+09:00,456.98224042991956,484.07604980468744,456.98224042991956,484.0760498046875,5100,0.0,0.0
2006-05-11 00:00:00+09:00,482.2697448730468,482.2697448730468,482.2697448730468,482.2697448730469,2100,0.0,0.0
2006-05-12 00:00:00+09:00,456.9822096461582,471.4322513638,451.56344813622945,467.8197326660156,11400,0.0,0.0
2006-05-15 00:00:00+09:00,467.8197326660157,467.8197326660157,467.8197326660157,467.8197326660156,300,0.0,0.0
2006-05-16 00:00:00+09:00,455.1759314955205,455.1759314955205,444.3384093170557,447.950927734375,8100,0.0,0.0
2006-05-17 00:00:00+09:00,456.98229836128695,466.0135803222656,456.98229836128695,466.0135803222656,7200,0.0,0.0
2006-05-18 00:00:00+09:00,466.0135803222656,466.0135803222656,466.0135803222656,466.0135803222656,1800,0.0,0.0
2006-05-19 00:00:00+09:00,447.95098737562193,453.36974918632103,402.7946169041315,417.2446594238281,23400,0.0,0.0
2006-05-22 00:00:00+09:00,413.63210979681133,413.63210979681133,404.6008628322422,408.2133483886719,11100,0.0,0.0
2006-05-23 00:00:00+09:00,406.40707145015466,406.40707145015466,397.37579217120935,399.18206787109375,6000,0.0,0.0
2006-05-24 00:00:00+09:00,397.37591596102425,397.37591596102425,388.34466694217303,391.9571533203125,2400,0.0,0.0
2006-05-25 00:00:00+09:00,406.4071350097656,406.4071350097656,406.4071350097656,406.4071350097656,300,0.0,0.0
2006-05-26 00:00:00+09:00,397.3758550934324,417.2446594238281,397.3758550934324,417.2446594238281,5100,0.0,0.0
2006-05-29 00:00:00+09:00,413.6322354874522,413.6322354874522,390.15093994140625,390.15093994140625,2400,0.0,0.0
2006-05-30 00:00:00+09:00,391.95718326848515,391.95718326848515,390.15093994140625,390.15093994140625,3300,0.0,0.0
2006-05-31 00:00:00+09:00,388.3446966143273,390.15093994140625,388.3446966143273,390.15093994140625,1800,0.0,0.0
2006-06-01 00:00:00+09:00,388.3446068703519,397.37585449218744,388.3446068703519,397.3758544921875,1500,0.0,0.0
2006-06-02 00:00:00+09:00,410.01965322214244,410.01965322214244,386.538330078125,386.538330078125,1200,0.0,0.0
2006-06-05 00:00:00+09:00,386.53833088718693,397.37585449218744,386.53833088718693,397.3758544921875,600,0.0,0.0
2006-06-06 00:00:00+09:00,386.538330078125,386.538330078125,386.538330078125,386.538330078125,600,0.0,0.0
2006-06-07 00:00:00+09:00,397.37585449218744,397.37585449218744,397.37585449218744,397.3758544921875,300,0.0,0.0
2006-06-08 00:00:00+09:00,364.8632479259521,370.2820091974935,348.6069641113281,348.6069641113281,6600,0.0,0.0
2006-06-09 00:00:00+09:00,348.6069940899341,393.76336395168244,348.6069940899341,352.2195129394531,2400,0.0,0.0
2006-06-12 00:00:00+09:00,352.2195442918801,359.44454956054693,352.2195442918801,359.4445495605469,2100,0.0,0.0
2006-06-13 00:00:00+09:00,359.44454956054693,359.44454956054693,359.44454956054693,359.4445495605469,300,0.0,0.0
2006-06-14 00:00:00+09:00,359.44454956054693,359.44454956054693,359.44454956054693,359.4445495605469,300,0.0,0.0
2006-06-15 00:00:00+09:00,370.28201380747987,375.70077514648443,370.28201380747987,375.7007751464844,900,0.0,0.0
2006-06-16 00:00:00+09:00,388.3446044921875,388.3446044921875,388.3446044921875,388.3446044921875,300,0.0,0.0
2006-06-19 00:00:00+09:00,381.1195983886718,381.1195983886718,381.1195983886718,381.1195983886719,300,0.0,0.0
2006-06-20 00:00:00+09:00,381.1195983886718,381.1195983886718,381.1195983886718,381.1195983886719,900,0.0,0.0
2006-06-21 00:00:00+09:00,381.1195983886718,381.1195983886718,381.1195983886718,381.1195983886719,300,0.0,0.0
2006-06-22 00:00:00+09:00,381.1195983886718,381.1195983886718,381.1195983886718,381.1195983886719,300,0.0,0.0
2006-06-23 00:00:00+09:00,379.31332385216086,388.3446044921875,379.31332385216086,388.3446044921875,600,0.0,0.0
2006-06-26 00:00:00+09:00,388.3446044921875,388.3446044921875,388.3446044921875,388.3446044921875,300,0.0,0.0
2006-06-27 00:00:00+09:00,388.3446044921875,388.3446044921875,388.3446044921875,388.3446044921875,300,0.0,0.0
2006-06-28 00:00:00+09:00,388.3446044921875,388.3446044921875,388.3446044921875,388.3446044921875,0,0.0,0.0
2006-06-29 00:00:00+09:00,370.28201293945307,370.28201293945307,370.28201293945307,370.2820129394531,300,0.0,0.0
2006-06-30 00:00:00+09:00,370.28201293945307,370.28201293945307,370.28201293945307,370.2820129394531,600,0.0,0.0
2006-07-03 00:00:00+09:00,397.37585449218744,397.37585449218744,397.37585449218744,397.3758544921875,300,0.0,0.0
2006-07-04 00:00:00+09:00,388.34460670049737,406.4071350097656,388.34460670049737,406.4071350097656,2700,0.0,0.0
2006-07-05 00:00:00+09:00,406.4071350097656,406.4071350097656,406.4071350097656,406.4071350097656,300,0.0,0.0
2006-07-06 00:00:00+09:00,395.5696105957031,395.5696105957031,395.5696105957031,395.5696105957031,300,0.0,0.0
2006-07-07 00:00:00+09:00,379.31332397460943,379.31332397460943,379.31332397460943,379.3133239746094,1500,0.0,0.0
2006-07-10 00:00:00+09:00,379.31332397460943,379.31332397460943,364.8632815606014,379.3133239746094,6000,0.0,0.0
2006-07-11 00:00:00+09:00,379.31332397460943,379.31332397460943,379.31332397460943,379.3133239746094,300,0.0,0.0
2006-07-12 00:00:00+09:00,366.6695232615972,366.6695232615972,355.8320007324219,355.8320007324219,3600,0.0,0.0
2006-07-13 00:00:00+09:00,366.6695251464844,366.6695251464844,366.6695251464844,366.6695251464844,300,0.0,0.0
2006-07-14 00:00:00+09:00,377.507080078125,377.507080078125,377.507080078125,377.507080078125,300,0.0,0.0
2006-07-17 00:00:00+09:00,377.507080078125,377.507080078125,377.507080078125,377.507080078125,0,0.0,0.0
2006-07-18 00:00:00+09:00,377.507080078125,377.507080078125,377.507080078125,377.507080078125,300,0.0,0.0
2006-07-19 00:00:00+09:00,361.2507934570312,361.2507934570312,361.2507934570312,361.25079345703125,300,0.0,0.0
2006-07-20 00:00:00+09:00,361.25073511327423,372.0882568359375,352.2194559865576,372.0882568359375,4800,0.0,0.0
2006-07-21 00:00:00+09:00,372.0882568359375,372.0882568359375,372.0882568359375,372.0882568359375,300,0.0,0.0
2006-07-24 00:00:00+09:00,361.2507934570312,361.2507934570312,361.2507934570312,361.25079345703125,300,0.0,0.0
2006-07-25 00:00:00+09:00,361.2507934570312,361.2507934570312,361.2507934570312,361.25079345703125,300,0.0,0.0
2006-07-26 00:00:00+09:00,359.444548708573,359.444548708573,344.9945382054895,346.80078125,3600,0.0,0.0
2006-07-27 00:00:00+09:00,350.4132385253906,350.4132385253906,350.4132385253906,350.4132385253906,300,0.0,0.0
2006-07-28 00:00:00+09:00,350.4132385253906,350.4132385253906,350.4132385253906,350.4132385253906,300,0.0,0.0
2006-07-31 00:00:00+09:00,368.4757690429688,368.4757690429688,368.4757690429688,368.47576904296875,300,0.0,0.0
2006-08-01 00:00:00+09:00,368.4758004324777,379.31332397460943,368.4758004324777,379.3133239746094,3000,0.0,0.0
2006-08-02 00:00:00+09:00,379.31332397460943,379.31332397460943,379.31332397460943,379.3133239746094,300,0.0,0.0
2006-08-03 00:00:00+09:00,364.86328125,364.86328125,364.86328125,364.86328125,300,0.0,0.0
2006-08-04 00:00:00+09:00,364.86328125,364.86328125,364.86328125,364.86328125,300,0.0,0.0
2006-08-07 00:00:00+09:00,364.86328125,364.86328125,364.86328125,364.86328125,300,0.0,0.0
2006-08-08 00:00:00+09:00,370.28201293945307,370.28201293945307,370.28201293945307,370.2820129394531,300,0.0,0.0
2006-08-09 00:00:00+09:00,370.28201293945307,370.28201293945307,370.28201293945307,370.2820129394531,300,0.0,0.0
2006-08-10 00:00:00+09:00,370.28201293945307,370.28201293945307,370.28201293945307,370.2820129394531,300,0.0,0.0
2006-08-11 00:00:00+09:00,370.28201293945307,370.28201293945307,370.28201293945307,370.2820129394531,300,0.0,0.0
2006-08-14 00:00:00+09:00,370.28201293945307,370.28201293945307,370.28201293945307,370.2820129394531,0,0.0,0.0
2006-08-15 00:00:00+09:00,352.21951287171896,361.2507934570312,352.21951287171896,361.25079345703125,600,0.0,0.0
2006-08-16 00:00:00+09:00,366.66952743758156,370.28201293945307,366.66952743758156,370.2820129394531,900,0.0,0.0
2006-08-17 00:00:00+09:00,370.28201267719265,382.92581114527104,364.8632513547289,373.89453125,9900,0.0,0.0
2006-08-18 00:00:00+09:00,370.28201293945307,370.28201293945307,370.28201293945307,370.2820129394531,300,0.0,0.0
2006-08-21 00:00:00+09:00,370.28201293945307,370.28201293945307,370.28201293945307,370.2820129394531,300,0.0,0.0
2006-08-22 00:00:00+09:00,363.0569777092209,372.0882568359375,363.0569777092209,372.0882568359375,1500,0.0,0.0
2006-08-23 00:00:00+09:00,372.0882568359375,372.0882568359375,372.0882568359375,372.0882568359375,300,0.0,0.0
2006-08-24 00:00:00+09:00,361.2507934570312,361.2507934570312,361.2507934570312,361.25079345703125,300,0.0,0.0
2006-08-25 00:00:00+09:00,361.2507934570312,361.2507934570312,361.2507934570312,361.25079345703125,300,0.0,0.0
2006-08-28 00:00:00+09:00,361.2507638540412,366.6695251464844,361.2507638540412,366.6695251464844,9300,0.0,0.0
2006-08-29 00:00:00+09:00,363.0569777092209,372.0882568359375,363.0569777092209,372.0882568359375,600,0.0,0.0
2006-08-30 00:00:00+09:00,377.507080078125,377.507080078125,377.507080078125,377.507080078125,300,0.0,0.0
2006-08-31 00:00:00+09:00,377.507080078125,377.507080078125,377.507080078125,377.507080078125,300,0.0,0.0
2006-09-01 00:00:00+09:00,377.507080078125,377.507080078125,377.507080078125,377.507080078125,0,0.0,0.0
2006-09-04 00:00:00+09:00,361.25076611127986,370.28201293945307,361.25076611127986,370.2820129394531,1200,0.0,0.0
2006-09-05 00:00:00+09:00,377.507080078125,377.507080078125,377.507080078125,377.507080078125,600,0.0,0.0
2006-09-06 00:00:00+09:00,377.507080078125,377.507080078125,377.507080078125,377.507080078125,300,0.0,0.0
2006-09-07 00:00:00+09:00,379.31332397460943,379.31332397460943,379.31332397460943,379.3133239746094,1500,0.0,0.0
2006-09-08 00:00:00+09:00,361.2507934570312,361.2507934570312,361.2507934570312,361.25079345703125,900,0.0,0.0
2006-09-11 00:00:00+09:00,363.0570363446949,363.0570363446949,361.2507934570312,361.25079345703125,6000,0.0,0.0
2006-09-12 00:00:00+09:00,361.2507934570312,361.2507934570312,361.2507934570312,361.25079345703125,300,0.0,0.0
2006-09-13 00:00:00+09:00,361.2507934570312,361.2507934570312,361.2507934570312,361.25079345703125,0,0.0,0.0
2006-09-14 00:00:00+09:00,359.44454956054693,359.44454956054693,359.44454956054693,359.4445495605469,300,0.0,0.0
2006-09-15 00:00:00+09:00,357.6382453012477,366.6695251464844,357.6382453012477,366.6695251464844,600,0.0,0.0
2006-09-18 00:00:00+09:00,366.6695251464844,366.6695251464844,366.6695251464844,366.6695251464844,0,0.0,0.0
2006-09-19 00:00:00+09:00,361.2507934570312,361.2507934570312,361.2507934570312,361.25079345703125,300,0.0,0.0
2006-09-20 00:00:00+09:00,357.6383056640625,357.6383056640625,357.6383056640625,357.6383056640625,300,0.0,0.0
2006-09-21 00:00:00+09:00,357.6383056640625,357.6383056640625,357.6383056640625,357.6383056640625,300,0.0,0.0
2006-09-22 00:00:00+09:00,361.25079352650215,361.25079352650215,352.2195129394531,352.2195129394531,3300,0.0,0.0
2006-09-25 00:00:00+09:00,352.2195129394531,352.2195129394531,352.2195129394531,352.2195129394531,0,0.0,0.0
2006-09-26 00:00:00+09:00,348.6069641113281,348.6069641113281,348.6069641113281,348.6069641113281,600,0.0,0.0
2006-09-27 00:00:00+09:00,350.4132133906109,372.0882568359375,350.4132133906109,372.0882568359375,1800,0.0,0.0
2006-09-28 00:00:00+09:00,364.86328125,364.86328125,364.86328125,364.86328125,300,0.0,0.0
2006-09-29 00:00:00+09:00,364.8632513547289,375.7007739996564,364.8632513547289,373.89453125,2100,0.0,0.0
2006-10-02 00:00:00+09:00,373.89453124999994,373.89453124999994,373.89453124999994,373.89453125,300,0.0,0.0
2006-10-03 00:00:00+09:00,373.89453124999994,373.89453124999994,373.89453124999994,373.89453125,300,0.0,0.0
2006-10-04 00:00:00+09:00,361.2508256828385,361.2508256828385,359.44454956054693,359.4445495605469,2700,0.0,0.0
2006-10-05 00:00:00+09:00,359.44454956054693,359.44454956054693,359.44454956054693,359.4445495605469,300,0.0,0.0
2006-10-06 00:00:00+09:00,352.21948620961217,370.28201293945307,352.21948620961217,370.2820129394531,2400,0.0,0.0
2006-10-09 00:00:00+09:00,370.28201293945307,370.28201293945307,370.28201293945307,370.2820129394531,0,0.0,0.0
2006-10-10 00:00:00+09:00,370.28201293945307,370.28201293945307,370.28201293945307,370.2820129394531,300,0.0,0.0
2006-10-11 00:00:00+09:00,357.6383056640625,357.6383056640625,357.6383056640625,357.6383056640625,300,0.0,0.0
2006-10-12 00:00:00+09:00,355.8320007324219,355.8320007324219,355.8320007324219,355.8320007324219,300,0.0,0.0
2006-10-13 00:00:00+09:00,357.6382759455404,377.507080078125,357.6382759455404,377.507080078125,1200,0.0,0.0
2006-10-16 00:00:00+09:00,361.250765855416,373.89453124999994,361.250765855416,373.89453125,900,0.0,0.0
2006-10-17 00:00:00+09:00,373.89453124999994,373.89453124999994,373.89453124999994,373.89453125,300,0.0,0.0
2006-10-18 00:00:00+09:00,366.6695251464844,366.6695251464844,366.6695251464844,366.6695251464844,300,0.0,0.0
2006-10-19 00:00:00+09:00,359.4444594438359,372.0882568359375,355.83197425194254,372.0882568359375,2100,0.0,0.0
2006-10-20 00:00:00+09:00,363.05700659369086,366.6695251464844,363.05700659369086,366.6695251464844,900,0.0,0.0
2006-10-23 00:00:00+09:00,366.6695251464844,366.6695251464844,366.6695251464844,366.6695251464844,300,0.0,0.0
2006-10-24 00:00:00+09:00,366.6695251464844,366.6695251464844,366.6695251464844,366.6695251464844,300,0.0,0.0
2006-10-25 00:00:00+09:00,366.6695251464844,366.6695251464844,366.6695251464844,366.6695251464844,300,0.0,0.0
2006-10-26 00:00:00+09:00,370.28198116649924,372.0882568359375,370.28198116649924,372.0882568359375,1200,0.0,0.0
2006-10-27 00:00:00+09:00,372.0882568359375,372.0882568359375,372.0882568359375,372.0882568359375,300,0.0,0.0
2006-10-30 00:00:00+09:00,372.0882568359375,372.0882568359375,372.0882568359375,372.0882568359375,300,0.0,0.0
2006-10-31 00:00:00+09:00,372.0882568359375,372.0882568359375,372.0882568359375,372.0882568359375,300,0.0,0.0
2006-11-01 00:00:00+09:00,372.0882568359375,372.0882568359375,372.0882568359375,372.0882568359375,300,0.0,0.0
2006-11-02 00:00:00+09:00,372.0882568359375,372.0882568359375,372.0882568359375,372.0882568359375,300,0.0,0.0
2006-11-03 00:00:00+09:00,372.0882568359375,372.0882568359375,372.0882568359375,372.0882568359375,0,0.0,0.0
2006-11-06 00:00:00+09:00,372.0882568359375,372.0882568359375,372.0882568359375,372.0882568359375,300,0.0,0.0
2006-11-07 00:00:00+09:00,375.70074202783087,375.70074202783087,372.0882568359375,372.0882568359375,3300,0.0,0.0
2006-11-08 00:00:00+09:00,363.05703835234806,364.86328125,363.05703835234806,364.86328125,900,0.0,0.0
2006-11-09 00:00:00+09:00,379.31332397460943,379.31332397460943,379.31332397460943,379.3133239746094,1500,0.0,0.0
2006-11-10 00:00:00+09:00,361.2507669581353,375.70077514648443,361.2507669581353,375.7007751464844,8700,0.0,0.0
2006-11-13 00:00:00+09:00,361.2507934570312,364.8632792323586,361.2507934570312,361.25079345703125,4500,0.0,0.0
2006-11-14 00:00:00+09:00,366.6695251464844,366.6695251464844,366.6695251464844,366.6695251464844,300,0.0,0.0
2006-11-15 00:00:00+09:00,366.6695251464844,366.6695251464844,366.6695251464844,366.6695251464844,300,0.0,0.0
2006-11-16 00:00:00+09:00,361.2507934570312,361.2507934570312,361.2507934570312,361.25079345703125,5700,0.0,0.0
2006-11-17 00:00:00+09:00,357.6383056640625,357.6383056640625,357.6383056640625,357.6383056640625,300,0.0,0.0
2006-11-20 00:00:00+09:00,357.63827467698314,357.63827467698314,352.2195129394531,352.2195129394531,3000,0.0,0.0
2006-11-21 00:00:00+09:00,343.18829159776425,357.63833641688683,339.57580519811063,344.99456787109375,4200,0.0,0.0
2006-11-22 00:00:00+09:00,346.80075113523094,361.2507934570312,339.5757465110793,361.25079345703125,1200,0.0,0.0
2006-11-23 00:00:00+09:00,361.2507934570312,361.2507934570312,361.2507934570312,361.25079345703125,0,0.0,0.0
2006-11-24 00:00:00+09:00,361.2507934570312,361.2507934570312,361.2507934570312,361.25079345703125,300,0.0,0.0
2006-11-27 00:00:00+09:00,361.2507934570312,361.2507934570312,361.2507934570312,361.25079345703125,300,0.0,0.0
2006-11-28 00:00:00+09:00,361.2507934570312,361.2507934570312,361.2507934570312,361.25079345703125,300,0.0,0.0
2006-11-29 00:00:00+09:00,361.2507934570312,361.2507934570312,361.2507934570312,361.25079345703125,300,0.0,0.0
2006-11-30 00:00:00+09:00,354.0257263183594,354.0257263183594,354.0257263183594,354.0257263183594,600,0.0,0.0
2006-12-01 00:00:00+09:00,359.4445174958706,361.2507934570312,352.21951287171896,361.25079345703125,900,0.0,0.0
2006-12-04 00:00:00+09:00,352.21954345703125,363.05706787109375,352.21954345703125,363.05706787109375,600,0.0,0.0
2006-12-05 00:00:00+09:00,355.8320036787376,368.4757690429688,355.8320036787376,368.47576904296875,1800,0.0,0.0
2006-12-06 00:00:00+09:00,368.4757690429688,368.4757690429688,368.4757690429688,368.47576904296875,300,0.0,0.0
2006-12-07 00:00:00+09:00,368.4757690429688,368.4757690429688,368.4757690429688,368.47576904296875,900,0.0,0.0
2006-12-08 00:00:00+09:00,368.4757690429688,368.4757690429688,368.4757690429688,368.47576904296875,300,0.0,0.0
2006-12-11 00:00:00+09:00,368.4757690429688,368.4757690429688,368.4757690429688,368.47576904296875,300,0.0,0.0
2006-12-12 00:00:00+09:00,368.4757690429688,368.4757690429688,368.4757690429688,368.47576904296875,300,0.0,0.0
2006-12-13 00:00:00+09:00,355.832062619552,357.6383056640625,355.832062619552,357.6383056640625,3600,0.0,0.0
2006-12-14 00:00:00+09:00,359.44448804089734,366.6695251464844,359.44448804089734,366.6695251464844,3600,0.0,0.0
2006-12-15 00:00:00+09:00,359.44454956054693,359.44454956054693,359.44454956054693,359.4445495605469,600,0.0,0.0
2006-12-18 00:00:00+09:00,359.444548708573,359.444548708573,355.832062619552,357.6383056640625,2100,0.0,0.0
2006-12-19 00:00:00+09:00,352.21954345703125,357.6383056640625,352.21954345703125,357.6383056640625,6300,0.0,0.0
2006-12-20 00:00:00+09:00,357.63827467698314,357.63827467698314,348.6069940899341,352.2195129394531,6600,0.0,0.0
2006-12-21 00:00:00+09:00,350.41333054407687,350.41333054407687,344.99456787109375,344.99456787109375,2700,0.0,0.0
2006-12-22 00:00:00+09:00,346.80078125,357.6383056640625,343.18826208747925,357.6383056640625,3600,0.0,0.0
2006-12-25 00:00:00+09:00,348.6069641113281,348.6069641113281,348.6069641113281,348.6069641113281,2100,0.0,0.0
2006-12-26 00:00:00+09:00,352.21954433142554,352.21954433142554,343.1882629394531,343.1882629394531,4200,0.0,0.0
2006-12-27 00:00:00+09:00,343.18826208747925,346.80078125,343.18826208747925,346.80078125,3300,0.0,0.0
2006-12-28 00:00:00+09:00,348.6069641113281,348.6069641113281,348.6069641113281,348.6069641113281,600,0.0,0.0
2006-12-29 00:00:00+09:00,348.6069641113281,348.6069641113281,348.6069641113281,348.6069641113281,300,0.0,0.0
2007-01-04 00:00:00+09:00,343.1882629394531,343.1882629394531,339.57577684146406,343.1882629394531,5100,0.0,0.0
2007-01-05 00:00:00+09:00,343.18826208747925,346.80078125,341.38201904296875,346.80078125,1800,0.0,0.0
2007-01-09 00:00:00+09:00,346.80078125,346.80078125,346.80078125,346.80078125,300,0.0,0.0
2007-01-10 00:00:00+09:00,346.80078125,346.80078125,346.80078125,346.80078125,300,0.0,0.0
2007-01-11 00:00:00+09:00,334.15695308441474,337.7694385171477,334.15695308441474,335.96319580078125,2700,0.0,0.0
2007-01-12 00:00:00+09:00,334.1569519042969,334.1569519042969,334.1569519042969,334.1569519042969,6600,0.0,0.0
2007-01-15 00:00:00+09:00,337.769499880448,346.80078125,337.769499880448,346.80078125,4200,0.0,0.0
2007-01-16 00:00:00+09:00,359.44454956054693,359.44454956054693,359.44454956054693,359.4445495605469,300,0.0,0.0
2007-01-17 00:00:00+09:00,343.18823235240404,352.2195129394531,343.18823235240404,352.2195129394531,600,0.0,0.0
2007-01-18 00:00:00+09:00,354.0257263183594,354.0257263183594,354.0257263183594,354.0257263183594,300,0.0,0.0
2007-01-19 00:00:00+09:00,354.0257263183594,354.0257263183594,354.0257263183594,354.0257263183594,300,0.0,0.0
2007-01-22 00:00:00+09:00,352.2195129394531,352.2195129394531,352.2195129394531,352.2195129394531,900,0.0,0.0
2007-01-23 00:00:00+09:00,352.2195129394531,352.2195129394531,352.2195129394531,352.2195129394531,300,0.0,0.0
2007-01-24 00:00:00+09:00,359.4445175649942,359.4445175649942,352.2195129394531,352.2195129394531,1800,0.0,0.0
2007-01-25 00:00:00+09:00,343.18826208747925,357.6383056640625,339.57577599845825,357.6383056640625,1200,0.0,0.0
2007-01-26 00:00:00+09:00,357.6383056640625,357.6383056640625,357.6383056640625,357.6383056640625,300,0.0,0.0
2007-01-29 00:00:00+09:00,343.18820283978675,343.18820283978675,337.76944156824544,348.6069641113281,900,0.0,0.0
2007-01-30 00:00:00+09:00,352.2195129394531,352.2195129394531,352.2195129394531,352.2195129394531,300,0.0,0.0
2007-01-31 00:00:00+09:00,354.0257263183594,354.0257263183594,354.0257263183594,354.0257263183594,300,0.0,0.0
2007-02-01 00:00:00+09:00,355.832062619552,357.6383056640625,348.6070242945105,357.6383056640625,2400,0.0,0.0
2007-02-02 00:00:00+09:00,357.6382746082069,361.2507934570312,357.6382746082069,361.25079345703125,1500,0.0,0.0
2007-02-05 00:00:00+09:00,366.6695251464844,366.6695251464844,366.6695251464844,366.6695251464844,1800,0.0,0.0
2007-02-06 00:00:00+09:00,357.6382475359139,370.28201293945307,357.6382475359139,370.2820129394531,2100,0.0,0.0
2007-02-07 00:00:00+09:00,366.669524701029,366.669524701029,354.0257263183594,354.0257263183594,900,0.0,0.0
2007-02-08 00:00:00+09:00,364.86328125,364.86328125,364.86328125,364.86328125,300,0.0,0.0
2007-02-09 00:00:00+09:00,364.8632493333405,366.6695251464844,364.8632493333405,366.6695251464844,600,0.0,0.0
2007-02-13 00:00:00+09:00,366.66952743758156,370.28201293945307,366.66952743758156,370.2820129394531,3000,0.0,0.0
2007-02-14 00:00:00+09:00,366.6695262976484,368.4757690429688,357.6382464240579,368.47576904296875,1800,0.0,0.0
2007-02-15 00:00:00+09:00,370.282043016453,370.282043016453,364.86328125,364.86328125,1500,0.0,0.0
2007-02-16 00:00:00+09:00,363.0570363446949,363.0570363446949,361.2507934570312,361.25079345703125,4500,0.0,0.0
2007-02-19 00:00:00+09:00,355.83203399115644,379.31332397460943,355.83203399115644,379.3133239746094,2100,0.0,0.0
2007-02-20 00:00:00+09:00,370.2820739503826,388.3446367298646,370.2820739503826,381.1195983886719,6900,0.0,0.0
2007-02-21 00:00:00+09:00,384.73208797751926,397.37585449218744,384.73208797751926,397.3758544921875,1500,0.0,0.0
2007-02-22 00:00:00+09:00,397.37585449218744,400.9883733850201,391.9570926896872,397.3758544921875,6900,0.0,0.0
2007-02-23 00:00:00+09:00,397.37585449218744,397.37585449218744,397.37585449218744,397.3758544921875,3600,0.0,0.0
2007-02-26 00:00:00+09:00,397.37585449218744,397.37585449218744,397.37585449218744,397.3758544921875,8100,0.0,0.0
2007-02-27 00:00:00+09:00,406.4071363799152,413.63214111328125,404.60089346494806,413.63214111328125,5400,0.0,0.0
2007-02-28 00:00:00+09:00,375.70083451677425,393.7633972167969,375.70083451677425,393.7633972167969,1500,0.0,0.0
2007-03-01 00:00:00+09:00,393.7633972167969,393.7633972167969,393.7633972167969,393.7633972167969,300,0.0,0.0
2007-03-02 00:00:00+09:00,393.7633972167969,393.7633972167969,393.7633972167969,393.7633972167969,600,0.0,0.0
2007-03-05 00:00:00+09:00,388.3446044921875,388.3446044921875,388.3446044921875,388.3446044921875,600,0.0,0.0
2007-03-06 00:00:00+09:00,388.3446078220836,422.6634216308594,388.3446078220836,422.6634216308594,1200,0.0,0.0
2007-03-07 00:00:00+09:00,422.6634216308594,422.6634216308594,422.6634216308594,422.6634216308594,300,0.0,0.0
2007-03-08 00:00:00+09:00,404.6008620297679,404.6008620297679,402.7945861816406,402.7945861816406,1200,0.0,0.0
2007-03-09 00:00:00+09:00,395.56970299614795,395.56970299614795,390.15093994140625,390.15093994140625,1800,0.0,0.0
2007-03-12 00:00:00+09:00,397.3758247842486,402.7945861816406,397.3758247842486,402.7945861816406,1200,0.0,0.0
2007-03-13 00:00:00+09:00,397.3758520587171,397.3758520587171,388.3446044921875,388.3446044921875,3300,0.0,0.0
2007-03-14 00:00:00+09:00,370.28204470465016,386.538330078125,370.28204470465016,386.538330078125,1200,0.0,0.0
2007-03-15 00:00:00+09:00,404.6008911132812,404.6008911132812,404.6008911132812,404.60089111328125,300,0.0,0.0
2007-03-16 00:00:00+09:00,404.6008911132812,404.6008911132812,404.6008911132812,404.60089111328125,300,0.0,0.0
2007-03-19 00:00:00+09:00,388.3446367298646,388.3446367298646,381.1195983886718,381.1195983886719,2100,0.0,0.0
2007-03-20 00:00:00+09:00,382.92584506785164,397.37585449218744,382.92584506785164,397.3758544921875,600,0.0,0.0
2007-03-22 00:00:00+09:00,397.37591596102425,411.8259606940896,390.15091013124277,391.9571533203125,3900,0.0,0.0
2007-03-23 00:00:00+09:00,388.34466694217303,391.9571533203125,388.34466694217303,391.9571533203125,900,0.0,0.0
2007-03-26 00:00:00+09:00,397.37585449218744,397.37585449218744,397.37585449218744,397.3758544921875,600,0.0,0.0
2007-03-27 00:00:00+09:00,397.37585449218744,397.37585449218744,397.37585449218744,397.3758544921875,300,0.0,0.0
2007-03-28 00:00:00+09:00,397.37585449218744,397.37585449218744,397.37585449218744,397.3758544921875,300,0.0,0.0
2007-03-29 00:00:00+09:00,397.37585449218744,397.37585449218744,397.37585449218744,397.3758544921875,300,0.0,0.0
2007-03-30 00:00:00+09:00,391.95709251825264,406.4071350097656,391.95709251825264,406.4071350097656,1200,0.0,0.0
2007-04-02 00:00:00+09:00,406.4071350097656,406.4071350097656,406.4071350097656,406.4071350097656,300,0.0,0.0
2007-04-03 00:00:00+09:00,384.7320861816406,384.7320861816406,384.7320861816406,384.7320861816406,600,0.0,0.0
2007-04-04 00:00:00+09:00,384.73208797751926,402.7946162946877,384.73208797751926,397.3758544921875,900,0.0,0.0
2007-04-05 00:00:00+09:00,397.37585449218744,397.37585449218744,397.37585449218744,397.3758544921875,1500,0.0,0.0
2007-04-06 00:00:00+09:00,397.37585449218744,397.37585449218744,397.37585449218744,397.3758544921875,300,0.0,0.0
2007-04-09 00:00:00+09:00,397.37585449218744,397.37585449218744,397.37585449218744,397.3758544921875,1500,0.0,0.0
2007-04-10 00:00:00+09:00,382.9258728027344,382.9258728027344,382.9258728027344,382.9258728027344,300,0.0,0.0
2007-04-11 00:00:00+09:00,382.9258728027344,382.9258728027344,382.9258728027344,382.9258728027344,300,0.0,0.0
2007-04-12 00:00:00+09:00,388.3446044921875,388.3446044921875,388.3446044921875,388.3446044921875,300,0.0,0.0
2007-04-13 00:00:00+09:00,395.5696105957031,395.5696105957031,395.5696105957031,395.5696105957031,600,0.0,0.0
2007-04-16 00:00:00+09:00,395.5696105957031,395.5696105957031,395.5696105957031,395.5696105957031,300,0.0,0.0
2007-04-17 00:00:00+09:00,400.9883117675781,400.9883117675781,397.3757934298593,400.9883117675781,1500,0.0,0.0
2007-04-18 00:00:00+09:00,391.9571533203125,391.9571533203125,391.9571533203125,391.9571533203125,300,0.0,0.0
2007-04-19 00:00:00+09:00,404.6008911132812,404.6008911132812,404.6008911132812,404.60089111328125,300,0.0,0.0
2007-04-20 00:00:00+09:00,397.3758247842486,406.40710480440026,397.3758247842486,402.7945861816406,6600,0.0,0.0
2007-04-23 00:00:00+09:00,397.37585449218744,397.37585449218744,397.37585449218744,397.3758544921875,300,0.0,0.0
2007-04-24 00:00:00+09:00,391.95712110269477,393.7633972167969,391.95712110269477,393.7633972167969,600,0.0,0.0
2007-04-25 00:00:00+09:00,404.6008911132812,404.6008911132812,404.6008911132812,404.60089111328125,600,0.0,0.0
2007-04-26 00:00:00+09:00,399.1821293263779,406.4071340177499,399.1821293263779,404.60089111328125,2400,0.0,0.0
2007-04-27 00:00:00+09:00,413.63214111328125,429.8884265684778,408.2133792948824,413.63214111328125,11100,0.0,0.0
2007-05-01 00:00:00+09:00,413.63214111328125,413.63214111328125,413.63214111328125,413.63214111328125,300,0.0,0.0
2007-05-02 00:00:00+09:00,422.6634833845029,424.4697265625,422.6634833845029,424.4697265625,1500,0.0,0.0
2007-05-07 00:00:00+09:00,419.0508750502392,435.3071594238281,419.0508750502392,435.3071594238281,3000,0.0,0.0
2007-05-08 00:00:00+09:00,451.5635053587432,460.594786710908,442.5322570800782,442.5322570800781,8700,0.0,0.0
2007-05-09 00:00:00+09:00,444.3383664367019,505.7509751636194,444.3383664367019,503.9447326660156,32700,0.0,0.0
2007-05-10 00:00:00+09:00,503.9447618567425,514.7822836171025,487.68847921620244,498.5260009765625,14700,0.0,0.0
2007-05-11 00:00:00+09:00,489.4948129652561,505.75109863281256,471.4322843591371,505.7510986328125,19200,0.0,0.0
2007-05-14 00:00:00+09:00,514.7823810079776,532.8449096679688,491.30109044263935,532.8449096679688,20100,0.0,0.0
2007-05-15 00:00:00+09:00,531.0386962890625,536.4574584960938,496.71988000236456,536.4574584960938,19500,0.0,0.0
2007-05-16 00:00:00+09:00,509.36355852534984,534.6511221007518,509.36355852534984,529.2323608398438,9900,0.0,0.0
2007-05-17 00:00:00+09:00,503.9448541076257,512.976134919,498.5260922355007,507.557373046875,4500,0.0,0.0
2007-05-18 00:00:00+09:00,525.6198682996962,525.6198682996962,473.23849582952346,487.68853759765625,4200,0.0,0.0
2007-05-21 00:00:00+09:00,478.6571960449219,478.6571960449219,462.40091354067744,478.6571960449219,4200,0.0,0.0
2007-05-22 00:00:00+09:00,487.6885678336166,496.71984863281244,478.6572870344208,496.7198486328125,3600,0.0,0.0
2007-05-23 00:00:00+09:00,478.65719340620956,478.65719340620956,475.04470825195307,475.0447082519531,600,0.0,0.0
2007-05-24 00:00:00+09:00,484.07604786487985,489.49480971811914,480.46356201171875,480.46356201171875,2700,0.0,0.0
2007-05-25 00:00:00+09:00,478.6573472738427,509.3636793967276,478.6573472738427,500.3323974609375,8400,0.0,0.0
2007-05-28 00:00:00+09:00,514.7822836171025,514.7822836171025,494.9134826986119,498.5260009765625,10500,0.0,0.0
2007-05-29 00:00:00+09:00,500.3323367436271,509.3636175834355,498.52609380506453,505.7510986328125,7500,0.0,0.0
2007-05-30 00:00:00+09:00,505.75109863281256,505.75109863281256,505.75109863281256,505.7510986328125,300,0.0,0.0
2007-05-31 00:00:00+09:00,498.5260915632526,507.5573723624484,496.71984863281244,496.7198486328125,5100,0.0,0.0
2007-06-01 00:00:00+09:00,496.71990934783634,502.138671875,496.71990934783634,502.138671875,1500,0.0,0.0
2007-06-04 00:00:00+09:00,502.13858594658734,568.9699679872587,498.5260671888362,559.938720703125,27300,0.0,0.0
2007-06-05 00:00:00+09:00,578.0012800343335,623.1576538085938,563.55126953125,623.1576538085938,54600,0.0,0.0
2007-06-06 00:00:00+09:00,623.1576552856341,718.8890991210939,623.1576552856341,718.8890991210938,81900,0.0,0.0
2007-06-07 00:00:00+09:00,691.7951565127447,700.8264692603673,641.2200961728022,650.2513427734375,36900,0.0,0.0
2007-06-08 00:00:00+09:00,641.2201553401237,641.2201553401237,615.932556689802,639.4138793945312,21300,0.0,0.0
2007-06-11 00:00:00+09:00,671.926513671875,700.8266008250415,623.1576538085938,623.1576538085938,6000,0.0,0.0
2007-06-12 00:00:00+09:00,641.2201536743231,641.2201536743231,568.9699759492324,605.0950317382812,8700,0.0,0.0
2007-06-13 00:00:00+09:00,579.8074982638373,596.0637832618888,561.7449373281157,594.2575073242188,10500,0.0,0.0
2007-06-14 00:00:00+09:00,578.0010986328125,578.0010986328125,568.9698531711523,578.0010986328125,4800,0.0,0.0
2007-06-15 00:00:00+09:00,587.0325345061827,628.576351800309,587.0325345061827,614.1263427734375,6900,0.0,0.0
2007-06-18 00:00:00+09:00,632.188902104646,632.188902104646,587.0325944773853,623.1576538085938,16500,0.0,0.0
2007-06-19 00:00:00+09:00,623.1576554881995,632.1889038085938,623.1576554881995,632.1889038085938,5700,0.0,0.0
2007-06-20 00:00:00+09:00,644.8327042375329,689.9890781238951,644.8327042375329,686.3765258789062,26100,0.0,0.0
2007-06-21 00:00:00+09:00,686.3764623260022,686.3764623260022,668.3139673614979,677.34521484375,9900,0.0,0.0
2007-06-22 00:00:00+09:00,675.5390601501756,682.7640991210938,659.2827720758638,682.7640991210938,4800,0.0,0.0
2007-06-25 00:00:00+09:00,648.4451247389875,650.2514006787595,632.1888397220185,635.8013916015625,7200,0.0,0.0
2007-06-26 00:00:00+09:00,641.2202165476978,641.2202165476978,628.576416015625,628.576416015625,3000,0.0,0.0
2007-06-27 00:00:00+09:00,619.5451044268884,619.5451044268884,612.3200668399562,614.1263427734375,2100,0.0,0.0
2007-06-28 00:00:00+09:00,605.0950927583136,614.1264072265719,605.0950927583136,610.5138549804688,3600,0.0,0.0
2007-06-29 00:00:00+09:00,610.5137909064749,632.1888375202786,605.095029253024,614.1263427734375,4500,0.0,0.0
2007-07-02 00:00:00+09:00,614.1264072265719,615.9326172026238,610.5138549804686,610.5138549804688,3600,0.0,0.0
2007-07-03 00:00:00+09:00,632.1888432776688,657.476441988731,615.9325581692688,637.6076049804688,8400,0.0,0.0
2007-07-04 00:00:00+09:00,637.6076625882,643.0264247805842,628.5764143165596,630.3826904296875,5400,0.0,0.0
2007-07-05 00:00:00+09:00,648.4450641968492,648.4450641968492,626.77001953125,626.77001953125,4200,0.0,0.0
2007-07-06 00:00:00+09:00,633.9951156617905,646.6389149462085,623.1575923171446,635.8013916015625,5400,0.0,0.0
2007-07-09 00:00:00+09:00,653.8637724888836,666.5075695703778,653.8637724888836,664.7012939453125,6900,0.0,0.0
2007-07-10 00:00:00+09:00,664.7014770790234,664.7014770790234,652.0577426610012,653.8639526367188,3600,0.0,0.0
2007-07-11 00:00:00+09:00,657.4765597042887,689.9891357421875,657.4765597042887,689.9891357421875,11400,0.0,0.0
2007-07-12 00:00:00+09:00,722.5015855742604,753.2078799750861,661.0889306256151,688.1827392578125,30900,0.0,0.0
2007-07-13 00:00:00+09:00,702.6328125403567,704.4390886628511,677.3452775604337,686.3765258789062,4800,0.0,0.0
2007-07-17 00:00:00+09:00,686.3763970554561,686.3763970554561,662.8951426051375,668.3139038085938,2400,0.0,0.0
2007-07-18 00:00:00+09:00,668.3139643308963,668.3139643308963,661.0889266896618,662.8952026367188,2700,0.0,0.0
2007-07-19 00:00:00+09:00,664.7012939453124,666.5075695703778,664.7012939453124,664.7012939453125,1500,0.0,0.0
2007-07-20 00:00:00+09:00,666.5076903811271,684.5702514648438,666.5076903811271,684.5702514648438,2700,0.0,0.0
2007-07-23 00:00:00+09:00,702.632871214478,709.8579101607905,689.9891357421875,689.9891357421875,3000,0.0,0.0
2007-07-24 00:00:00+09:00,680.9578228416128,699.0203871954055,680.9578228416128,682.7640991210938,3300,0.0,0.0
2007-07-25 00:00:00+09:00,682.7640397809172,686.3765258789062,677.3452775604337,686.3765258789062,4500,0.0,0.0
2007-07-26 00:00:00+09:00,686.3765259202419,691.7952881410517,670.1202392578125,670.1202392578125,6900,0.0,0.0
2007-07-27 00:00:00+09:00,655.6701056182001,668.3139038085938,632.1887850208941,668.3139038085938,12000,0.0,0.0
2007-07-30 00:00:00+09:00,668.3139038085938,668.3139038085938,668.3139038085938,668.3139038085938,2700,0.0,0.0
2007-07-31 00:00:00+09:00,659.2825317382812,659.2825317382812,652.0575615481891,659.2825317382812,2100,0.0,0.0
2007-08-01 00:00:00+09:00,655.6702270507812,655.6702270507812,655.6702270507812,655.6702270507812,1200,0.0,0.0
2007-08-02 00:00:00+09:00,662.8952020992604,662.8952020992604,624.9638702707712,639.4138793945312,6900,0.0,0.0
2007-08-03 00:00:00+09:00,639.4138220078315,668.3139038085938,639.4138220078315,668.3139038085938,5100,0.0,0.0
2007-08-06 00:00:00+09:00,671.9263902294532,684.5701884386807,671.9263902294532,673.732666015625,5100,0.0,0.0
2007-08-07 00:00:00+09:00,689.9890780588477,722.5016513786834,650.2514663967152,713.4703369140625,24000,0.0,0.0
2007-08-08 00:00:00+09:00,731.5327697431475,774.8828598020007,697.2139263975594,706.2452392578125,73500,0.0,0.0
2007-08-09 00:00:00+09:00,706.2453647853455,706.2453647853455,675.5390014379393,686.3765258789062,3600,0.0,0.0
2007-08-10 00:00:00+09:00,684.5701874189623,684.5701874189623,664.7013522416313,668.3139038085938,6300,0.0,0.0
2007-08-13 00:00:00+09:00,670.1202391542815,713.4703369140625,670.1202391542815,713.4703369140625,11400,0.0,0.0
2007-08-14 00:00:00+09:00,729.7266234624759,762.2391967773436,718.8890990241867,762.2391967773438,20100,0.0,0.0
2007-08-15 00:00:00+09:00,735.1453823671392,767.6579555354206,718.8890957829985,749.595458984375,16200,0.0,0.0
2007-08-16 00:00:00+09:00,713.4703369140625,715.2766130363866,653.8639524943636,713.4703369140625,20700,0.0,0.0
2007-08-17 00:00:00+09:00,708.0515747608401,708.0515747608401,668.3140292419612,686.3765258789062,5400,0.0,0.0
2007-08-20 00:00:00+09:00,713.4702708414277,718.8890325595828,695.4077758789064,695.4077758789062,2700,0.0,0.0
2007-08-21 00:00:00+09:00,691.7952880217184,718.8890991210939,686.3765258018434,718.8890991210938,4500,0.0,0.0
2007-08-22 00:00:00+09:00,691.7952880993897,691.7952880993897,671.9265153399502,686.3765258789062,6300,0.0,0.0
2007-08-23 00:00:00+09:00,695.4078984151706,702.632871214478,677.3453341228917,689.9891357421875,3000,0.0,0.0
2007-08-24 00:00:00+09:00,679.1514928230814,682.7639785973498,677.3452168624502,680.9577026367188,5100,0.0,0.0
2007-08-27 00:00:00+09:00,682.763975512374,689.9890131752595,682.763975512374,684.5702514648438,6300,0.0,0.0
2007-08-28 00:00:00+09:00,702.6327499173982,704.4390258789062,691.7952264423382,704.4390258789062,8100,0.0,0.0
2007-08-29 00:00:00+09:00,695.407776942063,695.407776942063,686.3764633000014,688.1827392578125,9600,0.0,0.0
2007-08-30 00:00:00+09:00,700.8264803077827,711.6640028581763,697.2139286929927,709.8577270507812,4200,0.0,0.0
2007-08-31 00:00:00+09:00,713.4701566257742,733.3389905096425,713.4701566257742,731.53271484375,8700,0.0,0.0
2007-09-03 00:00:00+09:00,738.7579345949479,760.4329833738021,731.53289628633,749.595458984375,21900,0.0,0.0
2007-09-04 00:00:00+09:00,758.6267106802471,762.2391967773436,740.5641479007652,762.2391967773438,19800,0.0,0.0
2007-09-05 00:00:00+09:00,767.6578343099825,767.6578343099825,751.4015502929689,751.4015502929688,6600,0.0,0.0
2007-09-06 00:00:00+09:00,740.5641445618528,749.595458984375,726.1141340916164,749.595458984375,6900,0.0,0.0
2007-09-07 00:00:00+09:00,756.8204345703124,767.6579590087752,755.0142245952352,756.8204345703125,6300,0.0,0.0
2007-09-10 00:00:00+09:00,733.3390539965975,747.7890621337609,733.3390539965975,735.145263671875,3900,0.0,0.0
2007-09-11 00:00:00+09:00,740.564146245271,740.564146245271,713.4703352101147,726.1141357421875,6900,0.0,0.0
2007-09-12 00:00:00+09:00,717.0827655146678,727.9202880859374,706.2452429433982,727.9202880859375,3900,0.0,0.0
2007-09-13 00:00:00+09:00,715.2766131468942,722.5016514903072,670.1202392578125,670.1202392578125,9300,0.0,0.0
2007-09-14 00:00:00+09:00,686.3764645728133,722.5015869140624,686.3764645728133,722.5015869140625,9000,0.0,0.0
2007-09-18 00:00:00+09:00,722.5015915244446,758.6266479492189,709.8577920096262,758.6266479492188,15900,0.0,0.0
2007-09-19 00:00:00+09:00,758.6267072598978,758.6267072598978,722.5016480108072,749.595458984375,14100,0.0,0.0
2007-09-20 00:00:00+09:00,749.5953388540682,749.5953388540682,731.5327790507329,740.5640258789062,5100,0.0,0.0
2007-09-21 00:00:00+09:00,722.5015272769097,729.7264982311966,704.4389675972158,720.6952514648438,7500,0.0,0.0
2007-09-25 00:00:00+09:00,722.5015904699126,740.5640855824392,708.0515150034981,724.3078002929688,6300,0.0,0.0
2007-09-26 00:00:00+09:00,726.114076263019,731.5328380261759,715.2765527367053,724.3078002929688,6300,0.0,0.0
2007-09-27 00:00:00+09:00,733.3390548751631,751.4015485315097,729.7265032263027,740.5640258789062,6900,0.0,0.0
2007-09-28 00:00:00+09:00,742.3703008139511,742.3703008139511,729.7265023520652,735.145263671875,6600,0.0,0.0
2007-10-01 00:00:00+09:00,740.564146245271,749.5954606883228,726.1141357421875,726.1141357421875,5100,0.0,0.0
2007-10-02 00:00:00+09:00,740.5639608792463,740.5639608792463,722.5014688082535,731.53271484375,10500,0.0,0.0
2007-10-03 00:00:00+09:00,724.3078007335471,729.7265625,715.2765531717903,729.7265625,4200,0.0,0.0
2007-10-04 00:00:00+09:00,731.5327781743313,751.4015476313045,731.5327781743313,735.145263671875,12000,0.0,0.0
2007-10-05 00:00:00+09:00,744.1767001567724,756.8204345703124,738.7579379375411,756.8204345703125,6000,0.0,0.0
2007-10-09 00:00:00+09:00,765.8516901357033,794.7517089843749,762.2391381693733,794.751708984375,21000,0.0,0.0
2007-10-10 00:00:00+09:00,812.8142723754687,821.8455200195312,785.7204632962864,821.8455200195312,37800,0.0,0.0
2007-10-11 00:00:00+09:00,821.845522208774,919.3832351536524,821.845522208774,877.8394165039062,97800,0.0,0.0
2007-10-12 00:00:00+09:00,885.0644600631568,986.2146595014907,885.0644600631568,941.0582885742188,92700,0.0,0.0
2007-10-15 00:00:00+09:00,973.5709762847182,1063.8837289480005,973.5709762847182,1047.62744140625,87300,0.0,0.0
2007-10-16 00:00:00+09:00,1083.7523202568948,1116.2648898646016,1067.4960354530415,1107.233642578125,67500,0.0,0.0
2007-10-17 00:00:00+09:00,1119.8776308119704,1161.4213885747101,1074.7212544599868,1128.9088134765625,94800,0.0,0.0
2007-10-18 00:00:00+09:00,1128.9087490335107,1146.9713779196143,1054.8523542530836,1083.75244140625,48600,0.0,0.0
2007-10-19 00:00:00+09:00,1029.5646328910434,1065.6896856803296,1004.2771025532417,1020.5333862304688,28200,0.0,0.0
2007-10-22 00:00:00+09:00,993.4397615537725,1119.8775686306526,962.7333982347161,1092.78369140625,33600,0.0,0.0
2007-10-23 00:00:00+09:00,1110.8461905961622,1137.9400001228978,1065.6898193359375,1065.6898193359375,23700,0.0,0.0
2007-10-24 00:00:00+09:00,1047.6273820750416,1083.75244140625,1036.7898576609791,1083.75244140625,9300,0.0,0.0
2007-10-25 00:00:00+09:00,1047.6273219140235,1051.2398077955938,1002.4709507329117,1033.17724609375,11100,0.0,0.0
2007-10-26 00:00:00+09:00,1015.1146161263453,1015.1146161263453,957.3144527926329,964.5394897460938,45300,0.0,0.0
2007-10-29 00:00:00+09:00,1015.1148692085013,1065.6899420508298,1013.3085929830597,1054.8524169921875,23100,0.0,0.0
2007-10-30 00:00:00+09:00,1065.6896925962394,1065.6896925962394,1013.3083557897917,1058.4647216796875,12600,0.0,0.0
2007-10-31 00:00:00+09:00,1239.0900878906252,1239.0900878906252,1239.0900878906252,1239.090087890625,300,0.0,0.0
2007-11-01 00:00:00+09:00,1246.3149956597222,1255.3463078422017,1101.8147283568646,1219.22119140625,44100,0.0,0.0
2007-11-02 00:00:00+09:00,1146.9710179509436,1174.0648204829033,1143.3584668486965,1156.002197265625,9300,0.0,0.0
2007-11-05 00:00:00+09:00,1168.646295805158,1168.646295805158,1101.8148806909903,1119.87744140625,11400,0.0,0.0
2007-11-06 00:00:00+09:00,1085.5585949734689,1101.8148797593594,1020.5334558299065,1096.3961181640625,24300,0.0,0.0
2007-11-07 00:00:00+09:00,1089.1712036132812,1146.9713779196143,1089.1712036132812,1094.5899658203125,10800,0.0,0.0
2007-11-08 00:00:00+09:00,1080.139794209051,1219.2213147291584,1051.2397113664742,1204.771240234375,47100,0.0,0.0
2007-11-09 00:00:00+09:00,1197.5465057309507,1197.5465057309507,1119.8776211013042,1190.321533203125,26700,0.0,0.0
2007-11-12 00:00:00+09:00,1146.9713779196143,1146.9713779196143,1096.3962419383229,1105.427490234375,10800,0.0,0.0
2007-11-13 00:00:00+09:00,1081.9461652882399,1083.75244140625,1042.2086198680104,1083.75244140625,6600,0.0,0.0
2007-11-14 00:00:00+09:00,1101.8149441913347,1130.7150297719356,1101.8149441913347,1121.6837158203125,2100,0.0,0.0
2007-11-15 00:00:00+09:00,1137.9400015568388,1145.164973341742,1121.6837158203125,1121.6837158203125,4500,0.0,0.0
2007-11-16 00:00:00+09:00,1103.6212141163649,1103.6212141163649,1083.75244140625,1083.75244140625,6300,0.0,0.0
2007-11-19 00:00:00+09:00,1090.9774189922214,1109.0399145787144,1065.6898193359375,1065.6898193359375,12600,0.0,0.0
2007-11-20 00:00:00+09:00,975.3770816200657,1029.564697265625,975.3770816200657,1029.564697265625,8100,0.0,0.0
2007-11-21 00:00:00+09:00,1047.6273206248588,1047.6273206248588,1011.5021972656251,1011.502197265625,2700,0.0,0.0
2007-11-22 00:00:00+09:00,993.4395084194865,993.4395084194865,939.2519000720051,957.3143920898438,2400,0.0,0.0
2007-11-26 00:00:00+09:00,1004.2771048656296,1029.5646352616568,1004.2771048656296,1024.1458740234375,6300,0.0,0.0
2007-11-27 00:00:00+09:00,984.4083852342357,993.439699123822,968.1520996093749,968.152099609375,900,0.0,0.0
2007-11-28 00:00:00+09:00,966.3457042457459,969.9581894199171,939.2519000720051,957.3143920898438,5100,0.0,0.0
2007-11-29 00:00:00+09:00,1004.2772192170311,1004.2772192170311,962.7333342289896,966.3458862304688,9600,0.0,0.0
2007-11-30 00:00:00+09:00,1000.6644923708858,1038.5958187297622,993.4395219243271,1018.72705078125,13200,0.0,0.0
2007-12-03 00:00:00+09:00,1072.9148543758097,1072.9148543758097,1027.75848323692,1045.821044921875,3900,0.0,0.0
2007-12-04 00:00:00+09:00,1045.8209819592926,1045.8209819592926,1029.564697265625,1029.564697265625,600,0.0,0.0
2007-12-05 00:00:00+09:00,1033.177307120016,1038.5960693359375,1033.177307120016,1038.5960693359375,1200,0.0,0.0
2007-12-06 00:00:00+09:00,1065.689699917062,1101.8148193359375,1063.88349024901,1101.8148193359375,6900,0.0,0.0
2007-12-07 00:00:00+09:00,1083.75244140625,1092.7836897023024,1074.7211931101979,1083.75244140625,5700,0.0,0.0
2007-12-10 00:00:00+09:00,1083.7523788060896,1083.7523788060896,1056.6585693359375,1056.6585693359375,900,0.0,0.0
2007-12-11 00:00:00+09:00,1047.62744140625,1047.62744140625,1047.62744140625,1047.62744140625,300,0.0,0.0
2007-12-12 00:00:00+09:00,993.439578548855,1002.4708251953124,977.1832948970391,1002.4708251953125,4200,0.0,0.0
2007-12-13 00:00:00+09:00,969.9582559554304,993.4395765657308,968.1519801709496,991.63330078125,2700,0.0,0.0
2007-12-14 00:00:00+09:00,1062.0773908234469,1062.0773908234469,1029.564817634974,1031.37109375,4200,0.0,0.0
2007-12-17 00:00:00+09:00,977.1834750750771,1018.7272966852265,975.3771989539404,984.408447265625,4500,0.0,0.0
2007-12-18 00:00:00+09:00,894.0957066127231,966.3458867718406,894.0957066127231,948.2833251953125,4500,0.0,0.0
2007-12-19 00:00:00+09:00,966.3457685617864,980.7957763671875,966.3457685617864,980.7957763671875,4200,0.0,0.0
2007-12-20 00:00:00+09:00,975.3769502546652,975.3769502546652,957.3143920898438,957.3143920898438,600,0.0,0.0
2007-12-21 00:00:00+09:00,957.3143920898438,957.3143920898438,957.3143920898438,957.3143920898438,300,0.0,0.0
2007-12-25 00:00:00+09:00,885.0642782761487,930.2205737815871,885.0642782761487,903.1267700195312,3900,0.0,0.0
2007-12-26 00:00:00+09:00,903.1267700195312,903.1267700195312,903.1267700195312,903.1267700195312,300,0.0,0.0
2007-12-27 00:00:00+09:00,930.2207636187842,948.2833251953124,930.2207636187842,948.2833251953125,1800,0.0,0.0
2007-12-28 00:00:00+09:00,939.251953125,939.251953125,935.6394015997936,939.251953125,3000,0.0,0.0
2008-01-04 00:00:00+09:00,939.2520171033112,939.2520171033112,935.6394653320314,935.6394653320312,5100,0.0,0.0
2008-01-07 00:00:00+09:00,890.4833370717879,921.1896362304689,890.4833370717879,921.1896362304688,3000,0.0,0.0
2008-01-08 00:00:00+09:00,901.320862203911,921.1896362304689,901.320862203911,921.1896362304688,3600,0.0,0.0
2008-01-09 00:00:00+09:00,921.1895160958652,939.2520776761551,913.96447823435,924.802001953125,4500,0.0,0.0
2008-01-10 00:00:00+09:00,921.1896362304689,921.1896362304689,917.5771499020957,921.1896362304688,1500,0.0,0.0
2008-01-11 00:00:00+09:00,903.1270722945956,921.1896362304689,903.1270722945956,921.1896362304688,5100,0.0,0.0
2008-01-15 00:00:00+09:00,903.1267700195312,903.1267700195312,903.1267700195312,903.1267700195312,300,0.0,0.0
2008-01-16 00:00:00+09:00,848.9393166674528,848.9393166674528,722.5015869140624,722.5015869140625,6000,0.0,0.0
2008-01-17 00:00:00+09:00,722.5015904699126,724.3078002929688,693.6015056840779,724.3078002929688,4500,0.0,0.0
2008-01-18 00:00:00+09:00,713.4702209199369,753.2078261216334,713.4702209199369,751.4015502929688,3300,0.0,0.0
2008-01-21 00:00:00+09:00,767.6578267492671,767.6578267492671,727.9202880859374,727.9202880859375,900,0.0,0.0
2008-01-22 00:00:00+09:00,668.3138985786957,668.3138985786957,641.2200927734375,641.2200927734375,4200,0.0,0.0
2008-01-23 00:00:00+09:00,668.3140292419612,686.3765258789062,668.3140292419612,686.3765258789062,2100,0.0,0.0
2008-01-24 00:00:00+09:00,686.3764623260022,700.8265376739979,677.34521484375,677.34521484375,2400,0.0,0.0
2008-01-25 00:00:00+09:00,686.3764671394129,758.6266459450857,686.3764671394129,755.01416015625,2100,0.0,0.0
2008-01-28 00:00:00+09:00,709.8577270507814,709.8577270507814,709.8577270507814,709.8577270507812,1200,0.0,0.0
2008-01-29 00:00:00+09:00,717.0828265477874,738.7578735351562,717.0828265477874,738.7578735351562,3000,0.0,0.0
2008-01-30 00:00:00+09:00,738.7577513603369,738.7577513603369,718.8889174764686,731.53271484375,3000,0.0,0.0
2008-01-31 00:00:00+09:00,745.9828480026168,753.2078857421875,744.17663817797,753.2078857421875,1200,0.0,0.0
2008-02-01 00:00:00+09:00,758.6266477043217,785.7204565509046,758.6266477043217,776.689208984375,2100,0.0,0.0
2008-02-04 00:00:00+09:00,812.8142723754687,839.908081454651,807.3955105596323,821.8455200195312,3900,0.0,0.0
2008-02-05 00:00:00+09:00,812.8142700195312,821.8455176374167,812.8142700195312,812.8142700195312,1200,0.0,0.0
2008-02-06 00:00:00+09:00,771.2704467773438,771.2704467773438,771.2704467773438,771.2704467773438,300,0.0,0.0
2008-02-07 00:00:00+09:00,735.1452645526044,740.5640258789061,722.5015322225597,740.5640258789062,3900,0.0,0.0
2008-02-08 00:00:00+09:00,744.1766379461372,771.2704467773438,744.1766379461372,771.2704467773438,1200,0.0,0.0
2008-02-12 00:00:00+09:00,744.176513671875,744.176513671875,744.176513671875,744.176513671875,300,0.0,0.0
2008-02-13 00:00:00+09:00,744.176513671875,744.176513671875,744.176513671875,744.176513671875,300,0.0,0.0
2008-02-14 00:00:00+09:00,744.1765770006871,758.6265851449275,744.1765770006871,747.7890625,3000,0.0,0.0
2008-02-15 00:00:00+09:00,747.7890624999999,747.7890624999999,747.7890624999999,747.7890625,300,0.0,0.0
2008-02-18 00:00:00+09:00,704.4390886628511,704.4390886628511,686.3765258789062,686.3765258789062,2400,0.0,0.0
2008-02-19 00:00:00+09:00,689.9890166278241,704.4390258789062,689.9890166278241,704.4390258789062,1200,0.0,0.0
2008-02-20 00:00:00+09:00,722.5015268303379,740.5640203518792,708.0514526367188,708.0514526367188,1200,0.0,0.0
2008-02-21 00:00:00+09:00,708.0514526367188,708.0514526367188,708.0514526367188,708.0514526367188,1200,0.0,0.0
2008-02-22 00:00:00+09:00,699.0203848148243,700.8266610881537,689.9891357421875,689.9891357421875,1800,0.0,0.0
2008-02-25 00:00:00+09:00,699.0202045003878,715.2764883259781,695.4077190325859,709.8577270507812,2400,0.0,0.0
2008-02-26 00:00:00+09:00,722.5015869140624,722.5015869140624,722.5015869140624,722.5015869140625,600,0.0,0.0
2008-02-27 00:00:00+09:00,722.5015869140624,731.5328344258778,722.5015869140624,722.5015869140625,2100,0.0,0.0
2008-02-28 00:00:00+09:00,720.6952514648438,720.6952514648438,720.6952514648438,720.6952514648438,300,0.0,0.0
2008-02-29 00:00:00+09:00,704.4390258789062,722.5015870530043,688.182740666316,704.4390258789062,4500,0.0,0.0
2008-03-03 00:00:00+09:00,686.376462250652,695.4077758789064,686.376462250652,695.4077758789062,1200,0.0,0.0
2008-03-04 00:00:00+09:00,704.4390258789062,704.4390258789062,704.4390258789062,704.4390258789062,300,0.0,0.0
2008-03-05 00:00:00+09:00,686.3765258789062,686.3765258789062,686.3765258789062,686.3765258789062,2400,0.0,0.0
2008-03-06 00:00:00+09:00,704.4390886628511,713.4703369813236,686.3765258789062,686.3765258789062,2100,0.0,0.0
2008-03-07 00:00:00+09:00,686.376462250652,704.439023360167,686.376462250652,695.4077758789062,2100,0.0,0.0
2008-03-10 00:00:00+09:00,686.376462250652,695.4077758789064,686.376462250652,695.4077758789062,1500,0.0,0.0
2008-03-11 00:00:00+09:00,695.4077782316225,722.5015869140624,695.4077782316225,722.5015869140625,2100,0.0,0.0
2008-03-12 00:00:00+09:00,740.5640909593723,803.7830227532052,740.5640909593723,794.751708984375,1500,0.0,0.0
2008-03-13 00:00:00+09:00,758.6265900340817,767.6578369140625,758.6265900340817,767.6578369140625,600,0.0,0.0
2008-03-14 00:00:00+09:00,760.4329239219055,760.4329239219055,758.6266479492189,758.6266479492188,2100,0.0,0.0
2008-03-17 00:00:00+09:00,740.5640258789061,740.5640258789061,740.5640258789061,740.5640258789062,2100,0.0,0.0
2008-03-18 00:00:00+09:00,758.6266479492189,758.6266479492189,740.5640866633346,758.6266479492188,3600,0.0,0.0
2008-03-19 00:00:00+09:00,731.5327148437499,731.5327148437499,731.5327148437499,731.53271484375,300,0.0,0.0
2008-03-21 00:00:00+09:00,713.4702708414277,713.4702708414277,695.4077758789064,695.4077758789062,2400,0.0,0.0
2008-03-24 00:00:00+09:00,695.4077759552479,695.4077759552479,650.2514062500001,677.34521484375,5100,0.0,0.0
2008-03-25 00:00:00+09:00,713.4703369140625,713.4703369140625,713.4703369140625,713.4703369140625,300,0.0,0.0
2008-03-26 00:00:00+09:00,708.0514526367188,708.0514526367188,708.0514526367188,708.0514526367188,300,0.0,0.0
2008-03-27 00:00:00+09:00,708.0514526367188,708.0514526367188,708.0514526367188,708.0514526367188,300,0.0,0.0
2008-03-28 00:00:00+09:00,671.9263916015625,671.9263916015625,671.9263916015625,671.9263916015625,300,0.0,0.0
2008-03-31 00:00:00+09:00,671.9263916015625,671.9263916015625,671.9263916015625,671.9263916015625,600,0.0,0.0
2008-04-01 00:00:00+09:00,677.34521484375,677.34521484375,677.34521484375,677.34521484375,300,0.0,0.0
2008-04-02 00:00:00+09:00,704.4390258789062,708.0515116549283,704.4390258789062,704.4390258789062,1500,0.0,0.0
2008-04-03 00:00:00+09:00,704.4389675972158,720.6952514648438,704.4389675972158,720.6952514648438,1200,0.0,0.0
2008-04-04 00:00:00+09:00,720.6952514648438,720.6952514648438,720.6952514648438,720.6952514648438,1200,0.0,0.0
2008-04-07 00:00:00+09:00,704.4390258789062,704.4390258789062,704.4390258789062,704.4390258789062,2100,0.0,0.0
2008-04-08 00:00:00+09:00,704.4390258789062,704.4390258789062,704.4390258789062,704.4390258789062,3900,0.0,0.0
2008-04-09 00:00:00+09:00,704.4390258789062,704.4390258789062,704.4390258789062,704.4390258789062,600,0.0,0.0
2008-04-10 00:00:00+09:00,689.9890781238951,689.9890781238951,686.3765258789062,686.3765258789062,900,0.0,0.0
2008-04-11 00:00:00+09:00,686.3765258789062,686.3765258789062,686.3765258789062,686.3765258789062,900,0.0,0.0
2008-04-14 00:00:00+09:00,668.3139038085938,668.3139038085938,668.3139038085938,668.3139038085938,600,0.0,0.0
2008-04-15 00:00:00+09:00,668.3139038085938,668.3139038085938,668.3139038085938,668.3139038085938,600,0.0,0.0
2008-04-16 00:00:00+09:00,695.4077783653541,706.2453018404142,695.4077783653541,704.4390258789062,2400,0.0,0.0
2008-04-17 00:00:00+09:00,704.4389105902777,740.5639608792463,704.4389105902777,731.53271484375,8700,0.0,0.0
2008-04-18 00:00:00+09:00,704.4390258789062,713.4702733924584,686.3764647048081,704.4390258789062,5400,0.0,0.0
2008-04-21 00:00:00+09:00,709.8577270507814,713.4702125185831,704.4389657755845,709.8577270507812,4800,0.0,0.0
2008-04-22 00:00:00+09:00,726.114076263019,726.114076263019,724.3078002929688,724.3078002929688,1200,0.0,0.0
2008-04-23 00:00:00+09:00,724.3078002929688,724.3078002929688,724.3078002929688,724.3078002929688,300,0.0,0.0
2008-04-24 00:00:00+09:00,706.2451405169506,776.6890270137546,706.2451405169506,774.8827514648438,9000,0.0,0.0
2008-04-25 00:00:00+09:00,756.8204328663647,756.8204328663647,722.5016496531665,726.1141357421875,5400,0.0,0.0
2008-04-28 00:00:00+09:00,726.1141357421875,726.1141357421875,726.1141357421875,726.1141357421875,5400,0.0,0.0
2008-04-30 00:00:00+09:00,711.6640610333717,720.6953085146324,695.4077758789064,695.4077758789062,2400,0.0,0.0
2008-05-01 00:00:00+09:00,713.4702708414277,713.4702708414277,686.376462250652,695.4077758789062,1500,0.0,0.0
2008-05-02 00:00:00+09:00,695.4077758789064,713.4702708414277,695.4077758789064,695.4077758789062,2700,0.0,0.0
2008-05-07 00:00:00+09:00,722.5015230298824,722.5015230298824,704.4389634563643,706.2452392578125,1200,0.0,0.0
2008-05-08 00:00:00+09:00,715.276611328125,715.276611328125,715.276611328125,715.276611328125,900,0.0,0.0
2008-05-09 00:00:00+09:00,715.276611328125,715.276611328125,715.276611328125,715.276611328125,600,0.0,0.0
2008-05-12 00:00:00+09:00,706.2452392578125,706.2452392578125,697.2139263975594,706.2452392578125,1500,0.0,0.0
2008-05-13 00:00:00+09:00,697.2139282226562,715.2764878434567,697.2139282226562,697.2139282226562,2400,0.0,0.0
2008-05-14 00:00:00+09:00,709.8577851562501,758.626640625,677.34521484375,677.34521484375,9000,0.0,0.0
2008-05-15 00:00:00+09:00,686.3763970554561,695.4077098258747,650.2513444147439,668.3139038085938,9000,0.0,0.0
2008-05-16 00:00:00+09:00,677.3450895074744,677.3450895074744,655.6700466432352,659.2825317382812,3900,0.0,0.0
2008-05-19 00:00:00+09:00,652.0577409617603,655.6702270507812,652.0577409617603,655.6702270507812,900,0.0,0.0
2008-05-20 00:00:00+09:00,653.8638920135022,677.34521484375,650.2514062500001,677.34521484375,3000,0.0,0.0
2008-05-21 00:00:00+09:00,657.4764404296875,657.4764404296875,657.4764404296875,657.4764404296875,600,0.0,0.0
2008-05-22 00:00:00+09:00,633.9951799314725,633.9951799314725,632.1889038085938,632.1889038085938,600,0.0,0.0
2008-05-23 00:00:00+09:00,632.1888417591546,650.2514027740996,623.1575943251787,639.4138793945312,4200,0.0,0.0
2008-05-26 00:00:00+09:00,621.351318359375,621.351318359375,621.351318359375,621.351318359375,600,0.0,0.0
2008-05-27 00:00:00+09:00,621.3513183795862,639.4138793945312,621.3513183795862,639.4138793945312,600,0.0,0.0
2008-05-28 00:00:00+09:00,639.4138793945312,639.4138793945312,639.4138793945312,639.4138793945312,900,0.0,0.0
2008-05-29 00:00:00+09:00,639.4138793945312,639.4138793945312,639.4138793945312,639.4138793945312,900,0.0,0.0
2008-05-30 00:00:00+09:00,617.7388284934071,617.7388284934071,606.9013051865053,614.1263427734375,2400,0.0,0.0
2008-06-02 00:00:00+09:00,619.544979619781,619.544979619781,605.0949073568783,608.7074584960938,2700,0.0,0.0
2008-06-03 00:00:00+09:00,590.64489519672,596.0636557031119,576.1948892286678,578.0010986328125,5700,0.0,0.0
2008-06-04 00:00:00+09:00,614.1262902239089,650.2513427734375,614.1262902239089,650.2513427734375,4800,0.0,0.0
2008-06-05 00:00:00+09:00,659.2825910381752,668.3139038085938,659.2825910381752,668.3139038085938,2400,0.0,0.0
2008-06-06 00:00:00+09:00,664.7012853751555,664.7012853751555,646.6387939453125,646.6387939453125,1500,0.0,0.0
2008-06-09 00:00:00+09:00,610.5138549804686,610.5138549804686,610.5138549804686,610.5138549804688,600,0.0,0.0
2008-06-10 00:00:00+09:00,619.5451044268884,619.5451044268884,614.1263427734375,614.1263427734375,1800,0.0,0.0
2008-06-11 00:00:00+09:00,614.1263427734375,614.1263427734375,614.1263427734375,614.1263427734375,1800,0.0,0.0
2008-06-12 00:00:00+09:00,614.1263427734375,614.1263427734375,614.1263427734375,614.1263427734375,1200,0.0,0.0
2008-06-13 00:00:00+09:00,614.1264055125415,614.1264055125415,596.0638427734375,596.0638427734375,900,0.0,0.0
2008-06-16 00:00:00+09:00,578.0012800343335,626.7701398976147,578.0012800343335,596.0638427734375,4200,0.0,0.0
2008-06-17 00:00:00+09:00,597.8701188914478,597.8701188914478,596.0638427734375,596.0638427734375,1200,0.0,0.0
2008-06-18 00:00:00+09:00,596.0638427734375,596.0638427734375,596.0638427734375,596.0638427734375,600,0.0,0.0
2008-06-19 00:00:00+09:00,596.0638427734375,596.0638427734375,596.0638427734375,596.0638427734375,600,0.0,0.0
2008-06-20 00:00:00+09:00,568.9698531711523,578.0010986328125,550.9073291743423,578.0010986328125,3900,0.0,0.0
2008-06-23 00:00:00+09:00,578.0010986328125,578.0010986328125,578.0010986328125,578.0010986328125,3900,0.0,0.0
2008-06-24 00:00:00+09:00,578.0010986328125,578.0010986328125,578.0010986328125,578.0010986328125,3900,0.0,0.0
2008-06-25 00:00:00+09:00,550.907384028486,561.744873046875,550.907384028486,561.744873046875,1500,0.0,0.0
2008-06-26 00:00:00+09:00,543.6824637476356,543.6824637476356,541.876220703125,541.876220703125,2700,0.0,0.0
2008-06-27 00:00:00+09:00,505.75109863281256,505.75109863281256,505.75109863281256,505.7510986328125,300,0.0,0.0
2008-06-30 00:00:00+09:00,496.7196955554597,498.52593792925825,493.107177734375,493.107177734375,1200,0.0,0.0
2008-07-01 00:00:00+09:00,511.1698265315634,511.1698265315634,487.6885375976563,487.68853759765625,3300,0.0,0.0
2008-07-02 00:00:00+09:00,487.68850499933416,487.68850499933416,476.8509826660156,476.8509826660156,900,0.0,0.0
2008-07-03 00:00:00+09:00,451.563505347966,453.3697814624557,437.11349487304693,437.1134948730469,5700,0.0,0.0
2008-07-04 00:00:00+09:00,462.4009418637597,478.65722536373755,462.4009418637597,476.8509826660156,3600,0.0,0.0
2008-07-07 00:00:00+09:00,478.6571960449219,478.6571960449219,478.6571960449219,478.6571960449219,300,0.0,0.0
2008-07-08 00:00:00+09:00,466.01351990732,466.01351990732,462.4010009765625,462.4010009765625,600,0.0,0.0
2008-07-09 00:00:00+09:00,462.4010009765625,462.4010009765625,462.4010009765625,462.4010009765625,600,0.0,0.0
2008-07-10 00:00:00+09:00,462.4010009765625,462.4010009765625,462.4010009765625,462.4010009765625,600,0.0,0.0
2008-07-11 00:00:00+09:00,462.4010298313664,485.8823547363281,462.4010298313664,485.8823547363281,600,0.0,0.0
2008-07-14 00:00:00+09:00,485.8823547363281,485.8823547363281,485.8823547363281,485.8823547363281,600,0.0,0.0
2008-07-15 00:00:00+09:00,485.8823547363281,485.8823547363281,485.8823547363281,485.8823547363281,600,0.0,0.0
2008-07-16 00:00:00+09:00,485.8823547363281,485.8823547363281,485.8823547363281,485.8823547363281,600,0.0,0.0
2008-07-17 00:00:00+09:00,485.8823547363281,485.8823547363281,485.8823547363281,485.8823547363281,600,0.0,0.0
2008-07-18 00:00:00+09:00,485.8823547363281,485.8823547363281,485.8823547363281,485.8823547363281,600,0.0,0.0
2008-07-22 00:00:00+09:00,485.8823547363281,485.8823547363281,485.8823547363281,485.8823547363281,600,0.0,0.0
2008-07-23 00:00:00+09:00,449.75714245012557,451.5633850097656,449.75714245012557,451.5633850097656,600,0.0,0.0
2008-07-24 00:00:00+09:00,471.4322814941407,471.4322814941407,471.4322814941407,471.4322814941406,600,0.0,0.0
2008-07-25 00:00:00+09:00,541.876220703125,541.876220703125,541.876220703125,541.876220703125,600,0.0,0.0
2008-07-28 00:00:00+09:00,541.876220703125,541.876220703125,541.876220703125,541.876220703125,600,0.0,0.0
2008-07-29 00:00:00+09:00,541.876220703125,541.876220703125,541.876220703125,541.876220703125,600,0.0,0.0
2008-07-30 00:00:00+09:00,541.876220703125,541.876220703125,541.876220703125,541.876220703125,600,0.0,0.0
2008-07-31 00:00:00+09:00,541.876220703125,541.876220703125,541.876220703125,541.876220703125,600,0.0,0.0
2008-08-01 00:00:00+09:00,541.876220703125,541.876220703125,541.876220703125,541.876220703125,900,0.0,0.0
2008-08-04 00:00:00+09:00,541.876220703125,541.876220703125,541.876220703125,541.876220703125,900,0.0,0.0
2008-08-05 00:00:00+09:00,541.876220703125,541.876220703125,541.876220703125,541.876220703125,900,0.0,0.0
2008-08-06 00:00:00+09:00,541.876220703125,541.876220703125,541.876220703125,541.876220703125,900,0.0,0.0
2008-08-07 00:00:00+09:00,541.876220703125,541.876220703125,541.876220703125,541.876220703125,900,0.0,0.0
2008-08-08 00:00:00+09:00,541.876220703125,541.876220703125,541.876220703125,541.876220703125,900,0.0,0.0
2008-08-11 00:00:00+09:00,541.876220703125,541.876220703125,541.876220703125,541.876220703125,900,0.0,0.0
2008-08-12 00:00:00+09:00,540.0698870717038,550.9074096679688,540.0698870717038,550.9074096679688,1500,0.0,0.0
2008-08-13 00:00:00+09:00,538.2637015406043,541.876220703125,538.2637015406043,541.876220703125,900,0.0,0.0
2008-08-14 00:00:00+09:00,541.876220703125,541.876220703125,541.876220703125,541.876220703125,900,0.0,0.0
2008-08-15 00:00:00+09:00,541.876220703125,541.876220703125,541.876220703125,541.876220703125,900,0.0,0.0
2008-08-18 00:00:00+09:00,541.876220703125,541.876220703125,541.876220703125,541.876220703125,900,0.0,0.0
2008-08-19 00:00:00+09:00,541.876220703125,541.876220703125,541.876220703125,541.876220703125,900,0.0,0.0
2008-08-20 00:00:00+09:00,541.876220703125,541.876220703125,541.876220703125,541.876220703125,900,0.0,0.0
2008-08-21 00:00:00+09:00,541.876220703125,541.876220703125,541.876220703125,541.876220703125,900,0.0,0.0
2008-08-22 00:00:00+09:00,541.876220703125,541.876220703125,541.876220703125,541.876220703125,900,0.0,0.0
2008-08-25 00:00:00+09:00,460.59481811523443,460.59481811523443,460.59481811523443,460.5948181152344,300,0.0,0.0
2008-08-26 00:00:00+09:00,469.6259765625,469.6259765625,469.6259765625,469.6259765625,300,0.0,0.0
2008-08-27 00:00:00+09:00,469.6259765625,469.6259765625,469.6259765625,469.6259765625,0,0.0,0.0
2008-08-28 00:00:00+09:00,469.6259765625,469.6259765625,469.6259765625,469.6259765625,0,0.0,0.0
2008-08-29 00:00:00+09:00,469.6259765625,469.6259765625,469.6259765625,469.6259765625,0,0.0,0.0
2008-09-01 00:00:00+09:00,433.5009166290389,435.3071594238281,433.5009166290389,435.3071594238281,1200,0.0,0.0
2008-09-02 00:00:00+09:00,435.3071594238281,435.3071594238281,435.3071594238281,435.3071594238281,0,0.0,0.0
2008-09-03 00:00:00+09:00,453.36975097656256,453.36975097656256,453.36975097656256,453.3697509765625,300,0.0,0.0
2008-09-04 00:00:00+09:00,453.36975097656256,453.36975097656256,453.36975097656256,453.3697509765625,0,0.0,0.0
2008-09-05 00:00:00+09:00,453.36975097656256,453.36975097656256,453.36975097656256,453.3697509765625,900,0.0,0.0
2008-09-08 00:00:00+09:00,471.4322814941407,471.4322814941407,471.4322814941407,471.4322814941406,600,0.0,0.0
2008-09-09 00:00:00+09:00,471.4322814941407,471.4322814941407,471.4322814941407,471.4322814941406,600,0.0,0.0
2008-09-10 00:00:00+09:00,428.08215332031244,428.08215332031244,428.08215332031244,428.0821533203125,300,0.0,0.0
2008-09-11 00:00:00+09:00,400.9883435857797,415.43838500976557,400.9883435857797,415.4383850097656,900,0.0,0.0
2008-09-12 00:00:00+09:00,388.3446044921875,388.3446044921875,388.3446044921875,388.3446044921875,300,0.0,0.0
2008-09-16 00:00:00+09:00,361.25079710171786,386.538330078125,361.25079710171786,386.538330078125,1500,0.0,0.0
2008-09-17 00:00:00+09:00,386.538330078125,386.538330078125,386.538330078125,386.538330078125,1500,0.0,0.0
2008-09-18 00:00:00+09:00,386.538330078125,386.538330078125,386.538330078125,386.538330078125,1500,0.0,0.0
2008-09-19 00:00:00+09:00,386.538330078125,386.538330078125,386.538330078125,386.538330078125,300,0.0,0.0
2008-09-22 00:00:00+09:00,395.5696115825198,397.37585449218744,395.5696115825198,397.3758544921875,1200,0.0,0.0
2008-09-24 00:00:00+09:00,386.538330078125,386.538330078125,386.538330078125,386.538330078125,1500,0.0,0.0
2008-09-25 00:00:00+09:00,386.538330078125,386.538330078125,386.538330078125,386.538330078125,300,0.0,0.0
2008-09-26 00:00:00+09:00,386.5382945031131,386.5382945031131,366.6695251464844,366.6695251464844,1200,0.0,0.0
2008-09-29 00:00:00+09:00,366.6695251464844,366.6695251464844,366.6695251464844,366.6695251464844,300,0.0,0.0
2008-09-30 00:00:00+09:00,364.86328125,364.86328125,364.86328125,364.86328125,900,0.0,0.0
2008-10-01 00:00:00+09:00,364.86328125,364.86328125,364.86328125,364.86328125,900,0.0,0.0
2008-10-02 00:00:00+09:00,335.96315139629945,335.96315139629945,289.00054931640625,289.00054931640625,5100,0.0,0.0
2008-10-03 00:00:00+09:00,298.031887993326,298.031887993326,270.9380799939327,279.9693603515625,8100,0.0,0.0
2008-10-06 00:00:00+09:00,261.90681274062024,279.96935668241235,243.84426879882815,243.84426879882812,3000,0.0,0.0
2008-10-07 00:00:00+09:00,227.588028717041,227.588028717041,216.75050354003903,216.75050354003906,3900,0.0,0.0
2008-10-08 00:00:00+09:00,189.65666198730472,225.7817349488275,182.4316407803007,189.6566619873047,9000,0.0,0.0
2008-10-09 00:00:00+09:00,180.62542512894956,216.75050354003903,180.62542512894956,216.75050354003906,3600,0.0,0.0
2008-10-10 00:00:00+09:00,182.43160648559362,225.7816925048828,182.43160648559362,225.7816925048828,4200,0.0,0.0
2008-10-14 00:00:00+09:00,316.0944156350895,316.0944156350895,270.9380799939327,279.9693603515625,4200,0.0,0.0
2008-10-15 00:00:00+09:00,316.0944156350895,316.0944156350895,270.9380799939327,279.9693603515625,4200,0.0,0.0
2008-10-16 00:00:00+09:00,270.9381263581831,270.9381263581831,251.0693359375,251.0693359375,900,0.0,0.0
2008-10-17 00:00:00+09:00,225.7816925048828,225.7816925048828,223.97544994524276,225.7816925048828,4500,0.0,0.0
2008-10-20 00:00:00+09:00,216.75050354003903,216.75050354003903,214.9442438316217,216.75050354003906,4800,0.0,0.0
2008-10-21 00:00:00+09:00,225.78176900862366,225.78176900862366,216.75050354003903,216.75050354003906,9600,0.0,0.0
2008-10-22 00:00:00+09:00,216.75050354003903,216.75050354003903,213.13800065995542,216.75050354003906,9000,0.0,0.0
2008-10-23 00:00:00+09:00,207.71923807145444,225.78176900862366,207.71923807145444,216.75050354003906,3000,0.0,0.0
2008-10-24 00:00:00+09:00,216.75050354003903,216.75050354003903,216.75050354003903,216.75050354003906,12000,0.0,0.0
2008-10-27 00:00:00+09:00,207.71919250488278,207.71919250488278,207.71919250488278,207.7191925048828,600,0.0,0.0
2008-10-28 00:00:00+09:00,198.68791248070477,207.71919250488278,182.43162828128126,207.7191925048828,15300,0.0,0.0
2008-10-29 00:00:00+09:00,252.87554792583103,252.87554792583103,223.97549570026388,231.20050048828125,48300,0.0,0.0
2008-10-30 00:00:00+09:00,242.03802393243993,245.6505428590987,223.97549544614142,240.23178100585938,19800,0.0,0.0
2008-10-31 00:00:00+09:00,245.6505118163537,245.6505118163537,236.61923217773438,236.61923217773438,9000,0.0,0.0
2008-11-04 00:00:00+09:00,238.42555272301962,240.23181242256555,233.0067901611328,233.0067901611328,10200,0.0,0.0
2008-11-05 00:00:00+09:00,243.84428470014106,252.87554899160034,243.84428470014106,247.456787109375,16800,0.0,0.0
2008-11-06 00:00:00+09:00,245.65054384347872,245.65054384347872,240.23178196852513,242.03802490234375,9000,0.0,0.0
2008-11-07 00:00:00+09:00,225.7817682517393,231.20053082207505,222.1692653837658,227.58802795410156,13500,0.0,0.0
2008-11-10 00:00:00+09:00,234.8129894794079,238.4254914128076,234.8129894794079,236.61923217773438,13200,0.0,0.0
2008-11-11 00:00:00+09:00,236.6192623476687,240.2317812784262,231.20050048828125,231.20050048828125,7800,0.0,0.0
2008-11-12 00:00:00+09:00,231.20051532108337,276.35687255859375,229.3942722765729,265.51934814453125,28500,0.0,0.0
2008-11-13 00:00:00+09:00,252.87551568315308,252.87551568315308,234.8129894794079,236.61923217773438,15300,0.0,0.0
2008-11-14 00:00:00+09:00,243.8443156651088,243.8443156651088,225.7817682517393,227.58802795410156,20700,0.0,0.0
2008-11-17 00:00:00+09:00,225.7816925048828,229.3942106976539,225.7816925048828,225.7816925048828,11400,0.0,0.0
2008-11-18 00:00:00+09:00,222.1692659495915,222.1692659495915,213.13800048828125,213.13800048828125,7500,0.0,0.0
2008-11-19 00:00:00+09:00,211.33167782345333,211.33167782345333,198.68789671492965,200.49415588378906,15300,0.0,0.0
2008-11-20 00:00:00+09:00,198.68792609349825,198.68792609349825,189.65666198730472,189.6566619873047,7800,0.0,0.0
2008-11-21 00:00:00+09:00,187.85040310039932,207.71920734354393,184.2379007547133,202.30044555664062,12300,0.0,0.0
2008-11-25 00:00:00+09:00,205.91293350929826,216.7504563255771,204.10667419433594,204.10667419433594,4800,0.0,0.0
2008-11-26 00:00:00+09:00,204.106689048594,204.106689048594,198.68792724609372,198.68792724609375,4200,0.0,0.0
2008-11-27 00:00:00+09:00,198.6879416490008,207.71922299901212,195.0754390310462,196.88169860839844,7500,0.0,0.0
2008-11-28 00:00:00+09:00,195.07546997070312,200.49423302544486,193.2692101068717,195.07546997070312,5400,0.0,0.0
2008-12-01 00:00:00+09:00,195.0754106930194,204.10667419433594,195.0754106930194,204.10667419433594,300,0.0,0.0
2008-12-02 00:00:00+09:00,191.46290615707673,191.46290615707673,187.85038757324222,187.8503875732422,9900,0.0,0.0
2008-12-03 00:00:00+09:00,195.0754390191006,196.8816985963422,191.4629364013672,191.4629364013672,5100,0.0,0.0
2008-12-04 00:00:00+09:00,191.46292126025398,195.07542359230644,182.431640625,182.431640625,9300,0.0,0.0
2008-12-05 00:00:00+09:00,198.68797316161346,198.68797316161346,195.07546997070312,195.07546997070312,1800,0.0,0.0
2008-12-08 00:00:00+09:00,195.07542448169815,198.6879268302208,193.2691650390625,193.2691650390625,1800,0.0,0.0
2008-12-09 00:00:00+09:00,200.4941855294364,200.4941855294364,187.85040255136656,189.6566619873047,10200,0.0,0.0
2008-12-10 00:00:00+09:00,191.46293682735413,205.9129638671875,191.46293682735413,205.9129638671875,4800,0.0,0.0
2008-12-11 00:00:00+09:00,205.9129638671875,216.75048828125,200.49420166015625,205.9129638671875,8400,0.0,0.0
2008-12-12 00:00:00+09:00,214.94419668012827,227.58797879192903,207.71919250488278,207.7191925048828,4500,0.0,0.0
2008-12-15 00:00:00+09:00,209.52548054073205,227.58802795410156,209.52548054073205,227.58802795410156,6300,0.0,0.0
2008-12-16 00:00:00+09:00,229.39425729938074,243.8442833957693,227.58799783605136,240.23178100585938,11700,0.0,0.0
2008-12-17 00:00:00+09:00,251.06928968289455,252.87553250135028,238.4255072699653,243.84426879882812,13500,0.0,0.0
2008-12-18 00:00:00+09:00,231.20053082207505,240.2318127971353,227.58802795410156,227.58802795410156,7200,0.0,0.0
2008-12-19 00:00:00+09:00,225.78172210025394,227.58798143340317,222.1692199707031,222.16921997070312,5700,0.0,0.0
2008-12-22 00:00:00+09:00,240.2317506478808,243.8442525812805,231.2004710092615,236.61923217773438,5400,0.0,0.0
2008-12-24 00:00:00+09:00,236.6192933924108,236.6192933924108,216.75050281343005,227.58802795410156,4200,0.0,0.0
2008-12-25 00:00:00+09:00,227.58802795410156,233.0067905244373,227.58802795410156,227.58802795410156,2400,0.0,0.0
2008-12-26 00:00:00+09:00,227.58799809427256,234.81301941903877,227.58799809427256,231.20050048828125,900,0.0,0.0
2008-12-29 00:00:00+09:00,236.61923217773438,238.4254914128076,236.61923217773438,236.61923217773438,3000,0.0,0.0
2008-12-30 00:00:00+09:00,242.03802490234372,242.03802490234372,242.03802490234372,242.03802490234375,300,0.0,0.0
2009-01-05 00:00:00+09:00,247.456742638516,258.2942644553378,247.456742638516,254.6817626953125,3900,0.0,0.0
2009-01-06 00:00:00+09:00,242.0380094436246,249.26303032769098,238.4255072699653,243.84426879882812,4500,0.0,0.0
2009-01-07 00:00:00+09:00,249.26300048828125,252.87550222948596,245.6504987470765,249.26300048828125,2700,0.0,0.0
2009-01-08 00:00:00+09:00,249.2630166225591,256.488037109375,247.45675736666837,256.488037109375,3900,0.0,0.0
2009-01-09 00:00:00+09:00,256.48806826702923,256.48806826702923,252.87554931640628,252.87554931640625,300,0.0,0.0
2009-01-13 00:00:00+09:00,240.23179624452305,240.23179624452305,229.39427185058594,229.39427185058594,3600,0.0,0.0
2009-01-14 00:00:00+09:00,238.4254914128076,238.4254914128076,236.61923217773438,236.61923217773438,600,0.0,0.0
2009-01-15 00:00:00+09:00,234.81305022679956,234.81305022679956,227.58802795410156,227.58802795410156,3300,0.0,0.0
2009-01-16 00:00:00+09:00,227.58796791457033,234.81298828125,227.58796791457033,234.81298828125,1500,0.0,0.0
2009-01-19 00:00:00+09:00,234.81302009357154,242.03802490234372,234.81302009357154,242.03802490234375,300,0.0,0.0
2009-01-20 00:00:00+09:00,242.03805596274654,242.03805596274654,223.97552508612804,227.58802795410156,2700,0.0,0.0
2009-01-21 00:00:00+09:00,227.58802795410156,227.58802795410156,227.58802795410156,227.58802795410156,1200,0.0,0.0
2009-01-22 00:00:00+09:00,225.78172210025394,225.78172210025394,222.1692199707031,222.16921997070312,4500,0.0,0.0
2009-01-23 00:00:00+09:00,222.16918938231396,222.16918938231396,220.36293029785156,220.36293029785156,1200,0.0,0.0
2009-01-26 00:00:00+09:00,223.97547930385235,223.97547930385235,222.1692199707031,222.16921997070312,1800,0.0,0.0
2009-01-27 00:00:00+09:00,220.36299047751342,220.36299047751342,218.55674743652347,218.55674743652344,900,0.0,0.0
2009-01-28 00:00:00+09:00,220.36300568140354,227.58802795410156,220.36300568140354,227.58802795410156,1800,0.0,0.0
2009-01-29 00:00:00+09:00,227.58796791457033,234.81298828125,225.78170868871374,234.81298828125,1200,0.0,0.0
2009-01-30 00:00:00+09:00,225.7816925048828,231.200453257294,225.7816925048828,225.7816925048828,2100,0.0,0.0
2009-02-02 00:00:00+09:00,220.36297676950636,234.81301941903877,216.75047437549767,231.20050048828125,3300,0.0,0.0
2009-02-03 00:00:00+09:00,238.42553666661692,245.65055844149163,229.39427185058594,229.39427185058594,3000,0.0,0.0
2009-02-04 00:00:00+09:00,229.3942876564638,229.3942876564638,227.58802795410156,227.58802795410156,900,0.0,0.0
2009-02-05 00:00:00+09:00,225.7816925048828,231.200453257294,225.7816925048828,225.7816925048828,10200,0.0,0.0
2009-02-06 00:00:00+09:00,229.39427185058594,233.00677446964835,222.1692500757112,229.39427185058594,6300,0.0,0.0
2009-02-09 00:00:00+09:00,227.58795160126837,227.58795160126837,225.7816925048828,225.7816925048828,2100,0.0,0.0
2009-02-10 00:00:00+09:00,222.16920465852786,223.97546386718747,222.16920465852786,223.9754638671875,900,0.0,0.0
2009-02-12 00:00:00+09:00,222.16918938231396,222.16918938231396,220.36293029785156,220.36293029785156,1200,0.0,0.0
2009-02-13 00:00:00+09:00,216.75043009644605,233.00671235367952,216.75043009644605,225.7816925048828,6600,0.0,0.0
2009-02-16 00:00:00+09:00,216.75050354003903,216.75050354003903,216.75050354003903,216.75050354003906,2700,0.0,0.0
2009-02-17 00:00:00+09:00,214.94421318036697,214.94421318036697,211.3317108154297,211.3317108154297,2100,0.0,0.0
2009-02-18 00:00:00+09:00,202.30043291991754,214.9441986083984,202.30043291991754,214.94419860839844,2400,0.0,0.0
2009-02-19 00:00:00+09:00,211.331664942555,211.331664942555,209.52540588378906,209.52540588378906,1200,0.0,0.0
2009-02-20 00:00:00+09:00,209.52546649295837,209.52546649295837,202.30046124141663,205.9129638671875,1800,0.0,0.0
2009-02-23 00:00:00+09:00,189.65666198730472,193.2691643224324,189.65666198730472,189.6566619873047,3300,0.0,0.0
2009-02-24 00:00:00+09:00,191.46290615707673,193.26914891224675,184.2378855261549,187.8503875732422,4500,0.0,0.0
2009-02-25 00:00:00+09:00,189.65670691596137,195.07546997070312,189.65670691596137,195.07546997070312,1200,0.0,0.0
2009-02-26 00:00:00+09:00,200.49418669251006,202.30044613892636,196.88168433642608,198.68792724609375,2700,0.0,0.0
2009-02-27 00:00:00+09:00,207.71919250488278,207.71919250488278,207.71919250488278,207.7191925048828,300,0.0,0.0
2009-03-02 00:00:00+09:00,200.49417179288986,207.71919250488278,200.49417179288986,207.7191925048828,2700,0.0,0.0
2009-03-03 00:00:00+09:00,196.88166970526711,207.71919250488278,196.88166970526711,207.7191925048828,1200,0.0,0.0
2009-03-04 00:00:00+09:00,207.71919282426055,207.71919282426055,204.10667419433594,204.10667419433594,900,0.0,0.0
2009-03-05 00:00:00+09:00,211.331664942555,216.75042558210768,209.52540588378906,209.52540588378906,4800,0.0,0.0
2009-03-06 00:00:00+09:00,216.75047263120996,216.75047263120996,209.5254513645867,211.3317108154297,6300,0.0,0.0
2009-03-09 00:00:00+09:00,216.75050354003903,216.75050354003903,213.13800065995542,216.75050354003906,2700,0.0,0.0
2009-03-10 00:00:00+09:00,209.52543528032044,209.52543528032044,204.1066738805126,207.7191925048828,1800,0.0,0.0
2009-03-11 00:00:00+09:00,213.13800065995542,216.75050354003903,211.33174095153805,216.75050354003906,9000,0.0,0.0
2009-03-12 00:00:00+09:00,216.75047263120996,218.55673208205292,211.3317108154297,211.3317108154297,2400,0.0,0.0
2009-03-13 00:00:00+09:00,211.3317108154297,213.13797026627267,211.3317108154297,211.3317108154297,2400,0.0,0.0
2009-03-16 00:00:00+09:00,211.33169704530295,222.1692199707031,211.33169704530295,222.16921997070312,3900,0.0,0.0
2009-03-17 00:00:00+09:00,220.36293175247167,234.81297145006505,220.36293175247167,225.7816925048828,5700,0.0,0.0
2009-03-18 00:00:00+09:00,236.61927708871076,249.26306106055404,229.39427185058594,229.39427185058594,19200,0.0,0.0
2009-03-19 00:00:00+09:00,234.81298828125,243.84425133703962,234.81298828125,234.81298828125,9600,0.0,0.0
2009-03-23 00:00:00+09:00,234.81301915262006,240.23178100585938,233.00675968929067,240.23178100585938,9900,0.0,0.0
2009-03-24 00:00:00+09:00,245.6505428590987,249.26304524900863,240.23178100585938,240.23178100585938,12600,0.0,0.0
2009-03-25 00:00:00+09:00,240.23176662516886,247.45677097248745,240.23176662516886,243.84426879882812,6000,0.0,0.0
2009-03-26 00:00:00+09:00,222.16923623488512,233.00675995366,220.36297676950636,231.20050048828125,15900,0.0,0.0
2009-03-27 00:00:00+09:00,234.81305022679956,234.81305022679956,227.58802795410156,227.58802795410156,9900,0.0,0.0
2009-03-30 00:00:00+09:00,227.58795009895576,231.2004517311352,220.36293029785156,220.36293029785156,12000,0.0,0.0
2009-03-31 00:00:00+09:00,213.13798524005387,220.36299047751342,213.13798524005387,218.55674743652344,9000,0.0,0.0
2009-04-01 00:00:00+09:00,220.36293029785156,223.97544846677636,216.75042866567216,220.36293029785156,6600,0.0,0.0
2009-04-02 00:00:00+09:00,222.1691908488572,229.3942106976539,222.1691908488572,225.7816925048828,7500,0.0,0.0
2009-04-03 00:00:00+09:00,225.7816925048828,225.7816925048828,218.55668919283158,225.7816925048828,12300,0.0,0.0
2009-04-06 00:00:00+09:00,225.7817065391006,225.7817065391006,223.97546386718747,223.9754638671875,9600,0.0,0.0
2009-04-07 00:00:00+09:00,223.97544994524276,229.3942106976539,223.97544994524276,225.7816925048828,6600,0.0,0.0
2009-04-08 00:00:00+09:00,225.7816910144934,225.7816910144934,220.36293029785156,220.36293029785156,4500,0.0,0.0
2009-04-09 00:00:00+09:00,220.36293175247167,225.7816925048828,220.36293175247167,225.7816925048828,5400,0.0,0.0
2009-04-10 00:00:00+09:00,227.58798143340317,229.39424076655243,222.1692199707031,222.16921997070312,13800,0.0,0.0
2009-04-13 00:00:00+09:00,225.7817097652206,238.4254913330078,225.7817097652206,238.4254913330078,12300,0.0,0.0
2009-04-14 00:00:00+09:00,238.42555272301962,242.0380555853605,229.39428729879194,233.0067901611328,14700,0.0,0.0
2009-04-15 00:00:00+09:00,234.81304986067875,238.42555272301962,233.0067901611328,233.0067901611328,4800,0.0,0.0
2009-04-16 00:00:00+09:00,236.6192623476687,236.6192623476687,231.20050048828125,231.20050048828125,14100,0.0,0.0
2009-04-17 00:00:00+09:00,233.00676093569035,247.456787109375,231.20050146269892,247.456787109375,20100,0.0,0.0
2009-04-20 00:00:00+09:00,245.6505428590987,247.45678578567924,236.6192620792006,240.23178100585938,16500,0.0,0.0
2009-04-21 00:00:00+09:00,240.23178100585938,240.23178100585938,234.81301915262006,240.23178100585938,9300,0.0,0.0
2009-04-22 00:00:00+09:00,240.23181242256555,240.23181242256555,233.0067901611328,233.0067901611328,6300,0.0,0.0
2009-04-23 00:00:00+09:00,233.0067905244373,233.0067905244373,214.9442431110678,227.58802795410156,21600,0.0,0.0
2009-04-24 00:00:00+09:00,227.58795160126837,229.3942106976539,223.97544994524276,225.7816925048828,4500,0.0,0.0
2009-04-27 00:00:00+09:00,227.58795160126837,229.3942106976539,225.7816925048828,225.7816925048828,4200,0.0,0.0
2009-04-28 00:00:00+09:00,225.78172210025394,225.78172210025394,222.1692199707031,222.16921997070312,8400,0.0,0.0
2009-04-30 00:00:00+09:00,222.1691908488572,229.3942106976539,222.1691908488572,225.7816925048828,8100,0.0,0.0
2009-05-01 00:00:00+09:00,225.7816925048828,227.58795160126837,220.36293175247167,225.7816925048828,4200,0.0,0.0
2009-05-07 00:00:00+09:00,223.97552473690513,233.0067901611328,223.97552473690513,233.0067901611328,9300,0.0,0.0
2009-05-08 00:00:00+09:00,229.39427185058594,231.2005148917422,227.58801227267978,229.39427185058594,5700,0.0,0.0
2009-05-11 00:00:00+09:00,234.81297698671645,249.26300048828125,234.81297698671645,249.26300048828125,20400,0.0,0.0
2009-05-12 00:00:00+09:00,249.2630462478648,252.8755486522509,242.03802490234372,242.03802490234375,16800,0.0,0.0
2009-05-13 00:00:00+09:00,242.03799421224016,249.26301464163802,242.03799421224016,245.6505126953125,7800,0.0,0.0
2009-05-14 00:00:00+09:00,243.8442988411316,243.8442988411316,207.71922304358426,218.55674743652344,60600,0.0,0.0
2009-05-15 00:00:00+09:00,211.33174095153805,216.75050354003903,211.33174095153805,216.75050354003906,30000,0.0,0.0
2009-05-18 00:00:00+09:00,209.5254810743563,213.13800048828125,209.5254810743563,213.13800048828125,8400,0.0,0.0
2009-05-19 00:00:00+09:00,214.94424365849267,216.75050336545513,211.33174078131876,213.13800048828125,14400,0.0,0.0
2009-05-20 00:00:00+09:00,213.13797026627267,216.75047263120996,207.71920845049243,211.3317108154297,29100,0.0,0.0
2009-05-21 00:00:00+09:00,211.331664942555,213.13792400132093,209.52540588378906,209.52540588378906,3900,0.0,0.0
2009-05-22 00:00:00+09:00,211.3316964883678,214.9441986083984,209.52543715997874,214.94419860839844,4500,0.0,0.0
2009-05-25 00:00:00+09:00,214.9442438316217,218.55676324845638,214.9442438316217,216.75050354003906,5100,0.0,0.0
2009-05-26 00:00:00+09:00,218.55674743652347,223.97550963299304,218.55674743652347,218.55674743652344,5700,0.0,0.0
2009-05-27 00:00:00+09:00,223.97547930385235,231.20048356295402,222.1692199707031,222.16921997070312,27000,0.0,0.0
2009-05-28 00:00:00+09:00,223.97550965361737,229.39427185058594,223.97550965361737,229.39427185058594,9000,0.0,0.0
2009-05-29 00:00:00+09:00,233.00675995366,242.03802420705614,229.39425755965132,231.20050048828125,18000,0.0,0.0
2009-06-01 00:00:00+09:00,238.42552154253,243.8442833957693,236.6192620792006,240.23178100585938,23100,0.0,0.0
2009-06-02 00:00:00+09:00,242.03802490234372,243.84428437291123,229.39425821861795,242.03802490234375,26700,0.0,0.0
2009-06-03 00:00:00+09:00,242.03802393243993,243.8442833957693,238.42552154253,240.23178100585938,13500,0.0,0.0
2009-06-04 00:00:00+09:00,240.23175150745078,247.45675540010186,236.61923302437845,245.6505126953125,13500,0.0,0.0
2009-06-05 00:00:00+09:00,247.45674134930596,249.26300048828125,245.6504987470765,249.26300048828125,13500,0.0,0.0
2009-06-08 00:00:00+09:00,252.87556414920837,270.9381103515625,252.87556414920837,265.51934814453125,41400,0.0,0.0
2009-06-09 00:00:00+09:00,278.16309928245994,278.16309928245994,261.90683015191905,267.3255920410156,27600,0.0,0.0
2009-06-10 00:00:00+09:00,265.5193325657338,267.3255920410156,252.87554931225876,267.3255920410156,13500,0.0,0.0
2009-06-11 00:00:00+09:00,265.51934814453125,276.35687255859375,265.51934814453125,265.51934814453125,16500,0.0,0.0
2009-06-12 00:00:00+09:00,267.32562362542825,269.1318667773681,256.48809856678594,263.7131042480469,21000,0.0,0.0
2009-06-15 00:00:00+09:00,263.7131042480469,263.7131042480469,260.1006014074164,263.7131042480469,16200,0.0,0.0
2009-06-16 00:00:00+09:00,256.48809846466366,256.48809846466366,245.65057341033634,251.0693359375,17100,0.0,0.0
2009-06-17 00:00:00+09:00,243.84431372236483,258.2943416158843,243.84431372236483,251.0693359375,10500,0.0,0.0
2009-06-18 00:00:00+09:00,249.26300048828125,249.26300048828125,242.03798046912593,249.26300048828125,17400,0.0,0.0
2009-06-19 00:00:00+09:00,249.26303032769098,251.06928968289455,243.84426879882815,243.84426879882812,4500,0.0,0.0
2009-06-22 00:00:00+09:00,247.45677097248745,249.26303032769098,243.84426879882815,243.84426879882812,3600,0.0,0.0
2009-06-23 00:00:00+09:00,243.84425249966708,243.84425249966708,234.8129894008172,238.4254913330078,6900,0.0,0.0
2009-06-24 00:00:00+09:00,234.8129894794079,236.61923217773438,234.8129894794079,236.61923217773438,7800,0.0,0.0
2009-06-25 00:00:00+09:00,238.42552249795764,242.03802490234372,234.81302009357154,242.03802490234375,6000,0.0,0.0
2009-06-26 00:00:00+09:00,242.03799326519842,243.84425249966708,238.4254913330078,238.4254913330078,4500,0.0,0.0
2009-06-29 00:00:00+09:00,240.23178100585938,240.23178100585938,238.42552154253,240.23178100585938,2700,0.0,0.0
2009-06-30 00:00:00+09:00,238.42552249795764,242.03802490234372,238.42552249795764,242.03802490234375,1500,0.0,0.0
2009-07-01 00:00:00+09:00,242.03802490234372,245.65054384347872,240.23178196852513,242.03802490234375,7800,0.0,0.0
2009-07-02 00:00:00+09:00,243.8442833957693,243.8442833957693,240.23178100585938,240.23178100585938,4200,0.0,0.0
2009-07-03 00:00:00+09:00,236.6192620792006,240.23178100585938,236.6192620792006,240.23178100585938,7800,0.0,0.0
2009-07-06 00:00:00+09:00,243.84426879882815,245.65052815403172,243.84426879882815,243.84426879882812,4200,0.0,0.0
2009-07-07 00:00:00+09:00,243.84425249966708,243.84425249966708,236.61923209853913,238.4254913330078,8700,0.0,0.0
2009-07-08 00:00:00+09:00,236.61923097035995,236.61923097035995,233.00672905539344,234.81298828125,5400,0.0,0.0
2009-07-09 00:00:00+09:00,233.00675995366,233.00675995366,231.20050048828125,231.20050048828125,2700,0.0,0.0
2009-07-10 00:00:00+09:00,234.81298828125,234.81298828125,234.81298828125,234.81298828125,900,0.0,0.0
2009-07-13 00:00:00+09:00,229.39420918341816,229.39420918341816,218.55668775013453,220.36293029785156,2700,0.0,0.0
2009-07-14 00:00:00+09:00,222.16925005525323,222.16925005525323,214.94422828104382,218.55674743652344,3000,0.0,0.0
2009-07-15 00:00:00+09:00,222.1692199707031,222.1692199707031,222.1692199707031,222.16921997070312,2100,0.0,0.0
2009-07-16 00:00:00+09:00,225.7816910144934,229.39420918341816,216.75042866567216,220.36293029785156,3600,0.0,0.0
2009-07-17 00:00:00+09:00,211.33174095153805,216.75050354003903,211.33174095153805,216.75050354003906,5400,0.0,0.0
2009-07-21 00:00:00+09:00,222.1692199707031,225.78172210025394,220.36296063755387,222.16921997070312,2400,0.0,0.0
2009-07-22 00:00:00+09:00,223.97544994524276,225.7816925048828,222.1691908488572,225.7816925048828,2100,0.0,0.0
2009-07-23 00:00:00+09:00,225.7817682517393,227.58802795410156,225.7817682517393,227.58802795410156,3900,0.0,0.0
2009-07-24 00:00:00+09:00,231.2005148917422,231.2005148917422,229.39427185058594,229.39427185058594,1800,0.0,0.0
2009-07-27 00:00:00+09:00,227.58796791457033,247.45675325200614,227.58796791457033,234.81298828125,7200,0.0,0.0
2009-07-28 00:00:00+09:00,234.81298828125,234.81298828125,234.81298828125,234.81298828125,7200,0.0,0.0
2009-07-29 00:00:00+09:00,231.2005148917422,231.2005148917422,229.39427185058594,229.39427185058594,1200,0.0,0.0
2009-07-30 00:00:00+09:00,231.20053082207505,231.20053082207505,227.58802795410156,227.58802795410156,1800,0.0,0.0
2009-07-31 00:00:00+09:00,233.00675995366,233.00675995366,231.20050048828125,231.20050048828125,900,0.0,0.0
2009-08-03 00:00:00+09:00,231.20053046158688,233.0067901611328,229.39428729879194,233.0067901611328,1500,0.0,0.0
2009-08-04 00:00:00+09:00,233.0067901611328,233.0067901611328,231.20053046158688,233.0067901611328,900,0.0,0.0
2009-08-05 00:00:00+09:00,231.20050048828125,231.20050048828125,231.20050048828125,231.20050048828125,900,0.0,0.0
2009-08-06 00:00:00+09:00,229.39425755965132,231.20050048828125,229.39425755965132,231.20050048828125,1200,0.0,0.0
2009-08-07 00:00:00+09:00,229.3942876564638,229.3942876564638,227.58802795410156,227.58802795410156,1200,0.0,0.0
2009-08-10 00:00:00+09:00,233.0067901611328,233.0067901611328,233.0067901611328,233.0067901611328,300,0.0,0.0
2009-08-11 00:00:00+09:00,233.00672905539344,234.81298828125,233.00672905539344,234.81298828125,600,0.0,0.0
2009-08-12 00:00:00+09:00,234.8129903195891,247.45675540010186,234.8129903195891,245.6505126953125,10800,0.0,0.0
2009-08-13 00:00:00+09:00,234.8129894794079,236.61923217773438,233.0067302443347,236.61923217773438,3600,0.0,0.0
2009-08-14 00:00:00+09:00,234.81298828125,234.81298828125,234.81298828125,234.81298828125,2700,0.0,0.0
2009-08-17 00:00:00+09:00,234.8129894794079,236.61923217773438,234.8129894794079,236.61923217773438,1500,0.0,0.0
2009-08-18 00:00:00+09:00,236.6192930234737,236.6192930234737,229.39428729879194,233.0067901611328,1800,0.0,0.0
2009-08-19 00:00:00+09:00,231.20053046158688,233.0067901611328,231.20053046158688,233.0067901611328,600,0.0,0.0
2009-08-20 00:00:00+09:00,229.39428729879194,233.0067901611328,229.39428729879194,233.0067901611328,1200,0.0,0.0
2009-08-21 00:00:00+09:00,233.00677446964835,233.00677446964835,229.39427185058594,229.39427185058594,600,0.0,0.0
2009-08-24 00:00:00+09:00,234.81298828125,234.81298828125,234.81298828125,234.81298828125,3600,0.0,0.0
2009-08-25 00:00:00+09:00,234.81298828125,234.81298828125,234.81298828125,234.81298828125,2100,0.0,0.0
2009-08-26 00:00:00+09:00,234.8129894794079,236.61923217773438,234.8129894794079,236.61923217773438,6000,0.0,0.0
2009-08-27 00:00:00+09:00,236.61923217773438,236.61923217773438,236.61923217773438,236.61923217773438,1200,0.0,0.0
2009-08-28 00:00:00+09:00,234.8129894794079,236.61923217773438,234.8129894794079,236.61923217773438,1500,0.0,0.0
2009-08-31 00:00:00+09:00,236.61923097035995,236.61923097035995,234.81298828125,234.81298828125,1200,0.0,0.0
2009-09-02 00:00:00+09:00,227.58802795410156,229.3942876564638,222.1692653837658,227.58802795410156,4200,0.0,0.0
2009-09-03 00:00:00+09:00,225.7816925048828,225.7816925048828,225.7816925048828,225.7816925048828,1200,0.0,0.0
2009-09-04 00:00:00+09:00,225.7816925048828,225.7816925048828,225.7816925048828,225.7816925048828,1200,0.0,0.0
2009-09-07 00:00:00+09:00,225.7817682517393,227.58802795410156,222.1692653837658,227.58802795410156,900,0.0,0.0
2009-09-08 00:00:00+09:00,227.58802795410156,229.3942876564638,227.58802795410156,227.58802795410156,1800,0.0,0.0
2009-09-09 00:00:00+09:00,229.39427185058594,229.39427185058594,229.39427185058594,229.39427185058594,3600,0.0,0.0
2009-09-10 00:00:00+09:00,229.39427185058594,229.39427185058594,229.39427185058594,229.39427185058594,3600,0.0,0.0
2009-09-11 00:00:00+09:00,229.39427185058594,229.39427185058594,229.39427185058594,229.39427185058594,1800,0.0,0.0
2009-09-14 00:00:00+09:00,229.39427185058594,229.39427185058594,229.39427185058594,229.39427185058594,1800,0.0,0.0
2009-09-15 00:00:00+09:00,225.7816925048828,225.7816925048828,225.7816925048828,225.7816925048828,1500,0.0,0.0
2009-09-16 00:00:00+09:00,225.78172210025394,225.78172210025394,222.1692199707031,222.16921997070312,300,0.0,0.0
2009-09-17 00:00:00+09:00,225.7816925048828,225.7816925048828,225.7816925048828,225.7816925048828,900,0.0,0.0
2009-09-18 00:00:00+09:00,225.7816925048828,225.7816925048828,222.1691908488572,225.7816925048828,1200,0.0,0.0
2009-09-21 00:00:00+09:00,225.7816925048828,225.7816925048828,225.7816925048828,225.7816925048828,0,0.0,0.0
2009-09-24 00:00:00+09:00,223.97546386718747,223.97546386718747,223.97546386718747,223.9754638671875,300,0.0,0.0
2009-09-25 00:00:00+09:00,223.97544994524276,225.7816925048828,223.97544994524276,225.7816925048828,1200,0.0,0.0
2009-09-28 00:00:00+09:00,223.9754787135963,223.9754787135963,214.9441986083984,214.94419860839844,5400,0.0,0.0
2009-09-29 00:00:00+09:00,216.75050354003903,216.75050354003903,216.75050354003903,216.75050354003906,1800,0.0,0.0
2009-09-30 00:00:00+09:00,216.75050354003903,216.75050354003903,211.33174095153805,216.75050354003906,2400,0.0,0.0
2009-10-01 00:00:00+09:00,209.5254810743563,213.13800048828125,209.5254810743563,213.13800048828125,900,0.0,0.0
2009-10-02 00:00:00+09:00,209.52543560247537,209.52543560247537,202.3004314161211,204.10667419433594,1200,0.0,0.0
2009-10-05 00:00:00+09:00,204.106689048594,204.106689048594,198.68792724609372,198.68792724609375,1500,0.0,0.0
2009-10-06 00:00:00+09:00,195.07542448169815,200.49418627285644,193.2691650390625,193.2691650390625,6000,0.0,0.0
2009-10-07 00:00:00+09:00,198.68792667420598,202.3004455566406,198.68792667420598,202.30044555664062,900,0.0,0.0
2009-10-08 00:00:00+09:00,202.30049288927628,202.30049288927628,195.07546997070312,195.07546997070312,2400,0.0,0.0
2009-10-09 00:00:00+09:00,198.68792667420598,202.3004455566406,198.68792667420598,202.30044555664062,2700,0.0,0.0
2009-10-13 00:00:00+09:00,204.10665768476179,204.10665768476179,198.68789671492965,200.49415588378906,11100,0.0,0.0
2009-10-14 00:00:00+09:00,200.49415588378906,200.49415588378906,200.49415588378906,200.49415588378906,600,0.0,0.0
2009-10-15 00:00:00+09:00,200.49417210115882,204.10667419433594,200.49417210115882,204.10667419433594,1500,0.0,0.0
2009-10-16 00:00:00+09:00,205.9129638671875,205.9129638671875,205.9129638671875,205.9129638671875,1200,0.0,0.0
2009-10-19 00:00:00+09:00,198.68794207889587,205.9129638671875,198.68794207889587,205.9129638671875,1800,0.0,0.0
2009-10-20 00:00:00+09:00,202.30043110507495,207.71919250488278,202.30043110507495,207.7191925048828,3600,0.0,0.0
2009-10-21 00:00:00+09:00,202.3004455566406,202.3004455566406,202.3004455566406,202.30044555664062,3900,0.0,0.0
2009-10-22 00:00:00+09:00,202.3004455566406,202.3004455566406,200.4941861154233,202.30044555664062,600,0.0,0.0
2009-10-23 00:00:00+09:00,202.3004150526485,204.10665768476179,200.49415588378906,200.49415588378906,1800,0.0,0.0
2009-10-26 00:00:00+09:00,195.07539491395693,200.49415588378906,195.07539491395693,200.49415588378906,6000,0.0,0.0
2009-10-27 00:00:00+09:00,198.68789671492965,200.49415588378906,198.68789671492965,200.49415588378906,900,0.0,0.0
2009-10-28 00:00:00+09:00,200.4941855294364,200.4941855294364,189.65666198730472,189.6566619873047,4200,0.0,0.0
2009-10-29 00:00:00+09:00,193.2691513780571,204.10667419433594,189.65664928487996,204.10667419433594,7200,0.0,0.0
2009-10-30 00:00:00+09:00,207.71919282426055,209.52543560247537,200.49417210115882,204.10667419433594,11100,0.0,0.0
2009-11-02 00:00:00+09:00,204.10670384430765,204.10670384430765,196.88169860839844,196.88169860839844,300,0.0,0.0
2009-11-04 00:00:00+09:00,187.85044705212994,195.07546997070312,187.85044705212994,195.07546997070312,5700,0.0,0.0
2009-11-05 00:00:00+09:00,195.07542448169815,195.07542448169815,191.4629221331755,193.2691650390625,5400,0.0,0.0
2009-11-06 00:00:00+09:00,193.2691643224324,193.2691643224324,189.65666198730472,189.6566619873047,3000,0.0,0.0
2009-11-09 00:00:00+09:00,189.65664686515947,189.65664686515947,187.85038757324222,187.8503875732422,900,0.0,0.0
2009-11-10 00:00:00+09:00,191.46290615707673,191.46290615707673,187.85038757324222,187.8503875732422,2400,0.0,0.0
2009-11-11 00:00:00+09:00,187.85038757324222,187.85038757324222,187.85038757324222,187.8503875732422,2400,0.0,0.0
2009-11-12 00:00:00+09:00,187.85038757324222,189.65664686515947,187.85038757324222,187.8503875732422,4200,0.0,0.0
2009-11-13 00:00:00+09:00,186.04413214315207,207.71917602248064,186.04413214315207,200.49415588378906,42300,0.0,0.0
2009-11-16 00:00:00+09:00,198.6879102512513,198.6879102512513,187.85038757324222,187.8503875732422,9600,0.0,0.0
2009-11-17 00:00:00+09:00,191.46290511300734,191.46290511300734,182.43162523941686,184.23788452148438,11700,0.0,0.0
2009-11-18 00:00:00+09:00,182.43162523941686,184.2378845214844,182.43162523941686,184.23788452148438,1800,0.0,0.0
2009-11-19 00:00:00+09:00,180.6253967285156,186.0441584650036,180.6253967285156,180.62539672851562,2400,0.0,0.0
2009-11-20 00:00:00+09:00,180.62539772734806,182.431640625,180.62539772734806,182.431640625,300,0.0,0.0
2009-11-24 00:00:00+09:00,187.85038757324222,187.85038757324222,187.85038757324222,187.8503875732422,600,0.0,0.0
2009-11-25 00:00:00+09:00,187.85037101391544,189.65663014660794,186.04412841796875,186.04412841796875,4500,0.0,0.0
2009-11-26 00:00:00+09:00,186.0441448180722,187.85038757324222,186.0441448180722,187.8503875732422,2400,0.0,0.0
2009-11-27 00:00:00+09:00,186.04414380355192,186.04414380355192,178.81912321202896,184.23788452148438,5100,0.0,0.0
2009-11-30 00:00:00+09:00,175.20662118464108,184.2378845214844,175.20662118464108,184.23788452148438,6000,0.0,0.0
2009-12-01 00:00:00+09:00,184.2378855261549,189.65664686515947,180.62538347906764,187.8503875732422,3600,0.0,0.0
2009-12-02 00:00:00+09:00,187.85040324790424,193.2691650390625,187.85040324790424,193.2691650390625,1500,0.0,0.0
2009-12-03 00:00:00+09:00,189.65667683573935,196.88169860839844,189.65667683573935,196.88169860839844,1800,0.0,0.0
2009-12-04 00:00:00+09:00,193.2692101068717,195.07546997070312,189.65670691596137,195.07546997070312,3000,0.0,0.0
2009-12-07 00:00:00+09:00,196.88169860839844,200.49420122635303,195.0754390310462,196.88169860839844,11700,0.0,0.0
2009-12-08 00:00:00+09:00,196.88172983453453,196.88172983453453,191.46296677979277,195.07546997070312,6300,0.0,0.0
2009-12-09 00:00:00+09:00,195.07542448169815,195.07542448169815,193.2691650390625,193.2691650390625,300,0.0,0.0
2009-12-10 00:00:00+09:00,193.2691650390625,193.2691650390625,193.2691650390625,193.2691650390625,300,0.0,0.0
2009-12-11 00:00:00+09:00,191.46296677979277,195.07546997070312,191.46296677979277,195.07546997070312,2100,0.0,0.0
2009-12-14 00:00:00+09:00,195.07546997070312,195.07546997070312,195.07546997070312,195.07546997070312,2100,0.0,0.0
2009-12-15 00:00:00+09:00,191.46290615707673,191.46290615707673,187.85038757324222,187.8503875732422,17700,0.0,0.0
2009-12-16 00:00:00+09:00,191.4629364013672,191.4629364013672,189.65667682412558,191.4629364013672,3000,0.0,0.0
2009-12-17 00:00:00+09:00,191.4628892793004,191.4628892793004,186.04412841796875,186.04412841796875,2400,0.0,0.0
2009-12-18 00:00:00+09:00,186.0441448180722,187.85038757324222,186.0441448180722,187.8503875732422,3000,0.0,0.0
2009-12-21 00:00:00+09:00,187.85040255136656,189.65666198730472,187.85040255136656,189.6566619873047,3000,0.0,0.0
2009-12-22 00:00:00+09:00,187.85038757324222,187.85038757324222,187.85038757324222,187.8503875732422,900,0.0,0.0
2009-12-24 00:00:00+09:00,186.044159652177,189.65666198730472,184.23790021623884,189.6566619873047,3000,0.0,0.0
2009-12-25 00:00:00+09:00,186.04412841796875,189.65663014660794,186.04412841796875,186.04412841796875,2100,0.0,0.0
2009-12-28 00:00:00+09:00,187.85040255136656,189.65666198730472,187.85040255136656,189.6566619873047,6600,0.0,0.0
2009-12-29 00:00:00+09:00,189.65664686515947,189.65664686515947,187.85038757324222,187.8503875732422,4500,0.0,0.0
2009-12-30 00:00:00+09:00,189.65664686515947,189.65664686515947,187.85038757324222,187.8503875732422,1200,0.0,0.0
2010-01-04 00:00:00+09:00,187.85038757324222,187.85038757324222,184.2378855261549,187.8503875732422,3000,0.0,0.0
2010-01-05 00:00:00+09:00,187.85040255136656,189.65666198730472,187.85040255136656,189.6566619873047,3300,0.0,0.0
2010-01-06 00:00:00+09:00,189.65666198730472,189.65666198730472,189.65666198730472,189.6566619873047,3300,0.0,0.0
2010-01-07 00:00:00+09:00,193.26917944185897,193.26917944185897,191.4629364013672,191.4629364013672,7200,0.0,0.0
2010-01-08 00:00:00+09:00,193.26916544359347,198.68792724609372,193.26916544359347,198.68792724609375,7200,0.0,0.0
2010-01-12 00:00:00+09:00,198.68794207889587,205.9129638671875,198.68794207889587,205.9129638671875,12300,0.0,0.0
2010-01-13 00:00:00+09:00,205.9129638671875,207.71922344844788,205.9129638671875,205.9129638671875,6600,0.0,0.0
2010-01-14 00:00:00+09:00,205.91293503994814,214.9441986083984,205.91293503994814,214.94419860839844,22500,0.0,0.0
2010-01-15 00:00:00+09:00,218.5567172651766,222.16921938520719,214.9441986083984,214.94419860839844,23100,0.0,0.0
2010-01-18 00:00:00+09:00,214.9441986083984,214.9441986083984,207.7191943683372,214.94419860839844,5700,0.0,0.0
2010-01-19 00:00:00+09:00,211.3317108154297,211.3317108154297,211.3317108154297,211.3317108154297,1500,0.0,0.0
2010-01-20 00:00:00+09:00,209.52540588378906,211.331664942555,209.52540588378906,209.52540588378906,1500,0.0,0.0
2010-01-21 00:00:00+09:00,204.10671849021992,213.13800048828125,204.10671849021992,213.13800048828125,5400,0.0,0.0
2010-01-22 00:00:00+09:00,209.52540588378906,213.13792400132093,207.71916336176824,209.52540588378906,5100,0.0,0.0
2010-01-25 00:00:00+09:00,205.9129331926977,207.71919250488278,205.9129331926977,207.7191925048828,600,0.0,0.0
2010-01-26 00:00:00+09:00,211.33169459250553,211.33169459250553,207.71919250488278,207.7191925048828,1500,0.0,0.0
2010-01-27 00:00:00+09:00,207.71919250488278,207.71919250488278,207.71919250488278,207.7191925048828,600,0.0,0.0
2010-01-28 00:00:00+09:00,205.9129638671875,205.9129638671875,205.9129638671875,205.9129638671875,300,0.0,0.0
2010-01-29 00:00:00+09:00,205.91293350929826,205.91293350929826,204.10667419433594,204.10667419433594,4500,0.0,0.0
2010-02-01 00:00:00+09:00,204.10668846110931,204.10668846110931,202.3004455566406,202.30044555664062,900,0.0,0.0
2010-02-02 00:00:00+09:00,198.68789671492965,200.49415588378906,198.68789671492965,200.49415588378906,2700,0.0,0.0
2010-02-03 00:00:00+09:00,202.3004455566406,204.10668846110931,200.4941861154233,202.30044555664062,3000,0.0,0.0
2010-02-04 00:00:00+09:00,202.3004455566406,202.3004455566406,202.3004455566406,202.30044555664062,900,0.0,0.0
2010-02-05 00:00:00+09:00,198.68792724609372,198.68792724609372,196.88168433642608,198.68792724609375,5100,0.0,0.0
2010-02-08 00:00:00+09:00,198.68797316161346,198.68797316161346,191.46296677979277,195.07546997070312,1800,0.0,0.0
2010-02-09 00:00:00+09:00,193.2691650390625,193.2691650390625,189.65666269053986,193.2691650390625,3300,0.0,0.0
2010-02-10 00:00:00+09:00,195.0754390310462,196.88169860839844,193.26917945369397,196.88169860839844,2400,0.0,0.0
2010-02-12 00:00:00+09:00,196.88169860839844,196.88169860839844,193.26917945369397,196.88169860839844,3900,0.0,0.0
2010-02-15 00:00:00+09:00,195.07546997070312,195.07546997070312,195.07546997070312,195.07546997070312,300,0.0,0.0
2010-02-16 00:00:00+09:00,195.07546997070312,196.88172983453453,195.07546997070312,195.07546997070312,1200,0.0,0.0
2010-02-17 00:00:00+09:00,196.88172983453453,196.88172983453453,193.2692101068717,195.07546997070312,6300,0.0,0.0
2010-02-18 00:00:00+09:00,195.07546997070312,195.07546997070312,193.2692101068717,195.07546997070312,2100,0.0,0.0
2010-02-19 00:00:00+09:00,195.07546997070312,195.07546997070312,195.07546997070312,195.07546997070312,1200,0.0,0.0
2010-02-22 00:00:00+09:00,195.0754390310462,196.88169860839844,195.0754390310462,196.88169860839844,1800,0.0,0.0
2010-02-23 00:00:00+09:00,198.68792724609372,198.68792724609372,195.07542489000977,198.68792724609375,2400,0.0,0.0
2010-02-24 00:00:00+09:00,196.88169860839844,196.88169860839844,195.0754390310462,196.88169860839844,2400,0.0,0.0
2010-02-25 00:00:00+09:00,196.88169860839844,196.88169860839844,195.0754390310462,196.88169860839844,2400,0.0,0.0
2010-02-26 00:00:00+09:00,196.88169860839844,196.88169860839844,195.0754390310462,196.88169860839844,6900,0.0,0.0
2010-03-01 00:00:00+09:00,196.88168433642608,198.68792724609372,196.88168433642608,198.68792724609375,2400,0.0,0.0
2010-03-02 00:00:00+09:00,200.49415588378906,200.49415588378906,198.68789671492965,200.49415588378906,7800,0.0,0.0
2010-03-03 00:00:00+09:00,202.30044613892636,202.30044613892636,198.68792724609372,198.68792724609375,12600,0.0,0.0
2010-03-04 00:00:00+09:00,198.68792724609372,198.68792724609372,198.68792724609372,198.68792724609375,1800,0.0,0.0
2010-03-05 00:00:00+09:00,200.4941861154233,202.3004455566406,200.4941861154233,202.30044555664062,6000,0.0,0.0
2010-03-08 00:00:00+09:00,205.9129638671875,205.9129638671875,204.10670428592712,205.9129638671875,7500,0.0,0.0
2010-03-09 00:00:00+09:00,207.71919250488278,209.52543528032044,205.9129331926977,207.7191925048828,6000,0.0,0.0
2010-03-10 00:00:00+09:00,207.71916336176824,209.52540588378906,207.71916336176824,209.52540588378906,2400,0.0,0.0
2010-03-11 00:00:00+09:00,207.7191943683372,214.9441986083984,207.7191943683372,214.94419860839844,12600,0.0,0.0
2010-03-12 00:00:00+09:00,214.94424365849267,216.75050336545513,213.13800048828125,213.13800048828125,6300,0.0,0.0
2010-03-15 00:00:00+09:00,211.33174078131876,213.13800048828125,211.33174078131876,213.13800048828125,4200,0.0,0.0
2010-03-16 00:00:00+09:00,213.13795581675691,216.7504579367875,213.13795581675691,214.94419860839844,8700,0.0,0.0
2010-03-17 00:00:00+09:00,216.75050336545513,216.75050336545513,213.13800048828125,213.13800048828125,11100,0.0,0.0
2010-03-18 00:00:00+09:00,213.13797026627267,214.94421318036697,211.3317108154297,211.3317108154297,5100,0.0,0.0
2010-03-19 00:00:00+09:00,211.3316964883678,214.9441986083984,211.3316964883678,214.94419860839844,2400,0.0,0.0
2010-03-23 00:00:00+09:00,214.94422828104382,218.55674743652347,214.94422828104382,218.55674743652344,6000,0.0,0.0
2010-03-24 00:00:00+09:00,220.36300642012267,220.36300642012267,216.75050354003903,216.75050354003906,2400,0.0,0.0
2010-03-25 00:00:00+09:00,218.55676324845638,218.55676324845638,216.75050354003903,216.75050354003906,2400,0.0,0.0
2010-03-26 00:00:00+09:00,216.75050354003903,216.75050354003903,216.75050354003903,216.75050354003906,3000,0.0,0.0
2010-03-29 00:00:00+09:00,224.35578227128133,228.15841674804688,224.35578227128133,228.15841674804688,9900,20.0,0.0
2010-03-30 00:00:00+09:00,228.15841674804688,228.15841674804688,226.25709080611122,228.15841674804688,5100,0.0,0.0
2010-03-31 00:00:00+09:00,228.15838198932283,230.05970764160156,226.2570563370441,230.05970764160156,12600,0.0,0.0
2010-04-01 00:00:00+09:00,230.05970764160156,230.05970764160156,230.05970764160156,230.05970764160156,9300,0.0,0.0
2010-04-02 00:00:00+09:00,231.96099046954168,237.66494939426076,231.96099046954168,235.76364135742188,10800,0.0,0.0
2010-04-05 00:00:00+09:00,237.66494750976562,237.66494750976562,237.66494750976562,237.66494750976562,6000,0.0,0.0
2010-04-06 00:00:00+09:00,239.5663102312786,239.5663102312786,233.8623504638672,233.8623504638672,2700,0.0,0.0
2010-04-07 00:00:00+09:00,233.86231405913853,237.66494750976562,233.86231405913853,237.66494750976562,5400,0.0,0.0
2010-04-08 00:00:00+09:00,233.8623504638672,233.8623504638672,233.8623504638672,233.8623504638672,1500,0.0,0.0
2010-04-09 00:00:00+09:00,233.86231405913853,237.66494750976562,233.86231405913853,237.66494750976562,2700,0.0,0.0
2010-04-12 00:00:00+09:00,239.5662782088823,247.1715626845473,239.5662782088823,243.36891174316406,7800,0.0,0.0
2010-04-13 00:00:00+09:00,243.36895980626838,245.27028565245416,241.4676513671875,241.4676513671875,4200,0.0,0.0
2010-04-14 00:00:00+09:00,243.36895980626838,243.36895980626838,241.4676513671875,241.4676513671875,5700,0.0,0.0
2010-04-15 00:00:00+09:00,245.27027458143323,249.0729086950564,243.36894882106958,247.17160034179688,13800,0.0,0.0
2010-04-16 00:00:00+09:00,250.97424761297205,254.77688192595178,247.17161329999234,249.0729217529297,10800,0.0,0.0
2010-04-19 00:00:00+09:00,241.46763416577488,250.9742279052734,241.46763416577488,250.97422790527344,5700,0.0,0.0
2010-04-20 00:00:00+09:00,247.171635478892,249.07294410243523,245.2703094482422,245.2703094482422,3000,0.0,0.0
2010-04-21 00:00:00+09:00,243.36894882106958,247.17160034179688,243.36894882106958,247.17160034179688,1800,0.0,0.0
2010-04-22 00:00:00+09:00,249.07294410243523,249.07294410243523,245.2703094482422,245.2703094482422,3900,0.0,0.0
2010-04-23 00:00:00+09:00,245.2703094482422,245.2703094482422,243.36898341759237,245.2703094482422,6000,0.0,0.0
2010-04-26 00:00:00+09:00,247.17161329999234,249.0729217529297,245.27028743994998,249.0729217529297,6000,0.0,0.0
2010-04-27 00:00:00+09:00,249.07290219453225,250.9742279052734,249.07290219453225,250.97422790527344,4200,0.0,0.0
2010-04-28 00:00:00+09:00,249.0729217529297,249.0729217529297,247.17161329999234,249.0729217529297,5400,0.0,0.0
2010-04-30 00:00:00+09:00,247.17161329999234,250.97424761297205,247.17161329999234,249.0729217529297,4200,0.0,0.0
2010-05-06 00:00:00+09:00,243.3689063892568,243.3689063892568,233.86231405913853,237.66494750976562,9000,0.0,0.0
2010-05-07 00:00:00+09:00,228.15841674804688,228.15841674804688,222.4544563293457,228.15841674804688,10200,0.0,0.0
2010-05-10 00:00:00+09:00,224.3557566538828,233.8623504638672,224.3557566538828,233.8623504638672,1800,0.0,0.0
2010-05-11 00:00:00+09:00,233.86237716674805,241.46766352738484,228.15841674804688,228.15841674804688,8100,0.0,0.0
2010-05-12 00:00:00+09:00,228.15836588541666,230.05969140349578,222.45440673828125,222.45440673828125,3900,0.0,0.0
2010-05-13 00:00:00+09:00,226.2570563370441,230.05970764160156,226.2570563370441,230.05970764160156,3000,0.0,0.0
2010-05-14 00:00:00+09:00,228.1583701339819,230.05969568746582,216.7504516272828,220.55308532714844,12600,0.0,0.0
2010-05-17 00:00:00+09:00,214.84916924620956,216.75049518175138,209.14520884668977,212.94786071777344,32400,0.0,0.0
2010-05-18 00:00:00+09:00,212.94780974210803,212.94780974210803,205.34252522760724,207.2438507080078,4500,0.0,0.0
2010-05-19 00:00:00+09:00,199.6385891534991,203.44122314453125,199.6385891534991,203.44122314453125,8100,0.0,0.0
2010-05-20 00:00:00+09:00,205.3425750732422,207.24390101517784,205.3425750732422,205.3425750732422,3000,0.0,0.0
2010-05-21 00:00:00+09:00,203.44123416912254,203.44123416912254,192.03331417072118,197.73727416992188,4800,0.0,0.0
2010-05-24 00:00:00+09:00,201.53992134133753,201.53992134133753,199.6385955810547,199.6385955810547,900,0.0,0.0
2010-05-25 00:00:00+09:00,199.6385955810547,199.6385955810547,195.8359614675931,199.6385955810547,3000,0.0,0.0
2010-05-26 00:00:00+09:00,195.8359614675931,199.6385955810547,193.93463570731026,199.6385955810547,10500,0.0,0.0
2010-05-27 00:00:00+09:00,199.63861465454102,205.3425750732422,199.63861465454102,205.3425750732422,1200,0.0,0.0
2010-05-28 00:00:00+09:00,207.24390031825365,212.94786071777344,207.24390031825365,212.94786071777344,1200,0.0,0.0
2010-05-31 00:00:00+09:00,212.94786071777344,212.94786071777344,212.94786071777344,212.94786071777344,1200,0.0,0.0
2010-06-01 00:00:00+09:00,209.1452095500077,209.1452095500077,205.3425750732422,205.3425750732422,600,0.0,0.0
2010-06-02 00:00:00+09:00,205.3425665702801,205.3425665702801,201.5399322509766,201.53993225097656,1500,0.0,0.0
2010-06-03 00:00:00+09:00,203.44122314453125,205.34254884359908,203.44122314453125,203.44122314453125,2100,0.0,0.0
2010-06-04 00:00:00+09:00,205.3425750732422,205.3425750732422,203.44124913130653,205.3425750732422,3300,0.0,0.0
2010-06-07 00:00:00+09:00,203.44122314453125,203.44122314453125,201.53991485256694,203.44122314453125,1800,0.0,0.0
2010-06-08 00:00:00+09:00,199.6386063877723,201.5399322509766,199.6386063877723,201.53993225097656,1800,0.0,0.0
2010-06-09 00:00:00+09:00,201.5399322509766,201.5399322509766,201.5399322509766,201.53993225097656,1800,0.0,0.0
2010-06-10 00:00:00+09:00,203.44124913130653,205.3425750732422,203.44124913130653,205.3425750732422,600,0.0,0.0
2010-06-11 00:00:00+09:00,203.44119974720667,207.2438507080078,203.44119974720667,207.2438507080078,600,0.0,0.0
2010-06-14 00:00:00+09:00,209.14520263671875,209.14520263671875,203.44124240656183,209.14520263671875,3000,0.0,0.0
2010-06-15 00:00:00+09:00,201.53991485256694,207.24387454266693,201.53991485256694,203.44122314453125,4200,0.0,0.0
2010-06-16 00:00:00+09:00,205.3425750732422,205.3425750732422,205.3425750732422,205.3425750732422,900,0.0,0.0
2010-06-17 00:00:00+09:00,207.2438507080078,207.2438507080078,207.2438507080078,207.2438507080078,300,0.0,0.0
2010-06-18 00:00:00+09:00,203.44122314453125,203.44122314453125,201.53991485256694,203.44122314453125,2100,0.0,0.0
2010-06-21 00:00:00+09:00,203.44122314453125,203.44122314453125,201.53991485256694,203.44122314453125,3000,0.0,0.0
2010-06-22 00:00:00+09:00,203.44122314453125,203.44122314453125,201.53991485256694,203.44122314453125,1800,0.0,0.0
2010-06-23 00:00:00+09:00,205.3425750732422,205.3425750732422,205.3425750732422,205.3425750732422,1500,0.0,0.0
2010-06-24 00:00:00+09:00,205.3425750732422,205.3425750732422,205.3425750732422,205.3425750732422,1500,0.0,0.0
2010-06-25 00:00:00+09:00,205.3425750732422,205.3425750732422,205.3425750732422,205.3425750732422,1200,0.0,0.0
2010-06-28 00:00:00+09:00,205.3425750732422,205.3425750732422,205.3425750732422,205.3425750732422,1200,0.0,0.0
2010-06-29 00:00:00+09:00,195.83592224121094,199.63855559299637,193.93459686176791,195.83592224121094,2700,0.0,0.0
2010-06-30 00:00:00+09:00,193.93463134765625,193.93463134765625,193.93463134765625,193.93463134765625,3300,0.0,0.0
2010-07-01 00:00:00+09:00,192.03329467773438,192.03329467773438,192.03329467773438,192.03329467773438,1200,0.0,0.0
2010-07-02 00:00:00+09:00,188.23069310819417,190.13201904296875,184.42805864575075,190.13201904296875,5100,0.0,0.0
2010-07-05 00:00:00+09:00,190.13201904296875,190.13201904296875,190.13201904296875,190.13201904296875,600,0.0,0.0
2010-07-06 00:00:00+09:00,190.13201904296875,190.13201904296875,190.13201904296875,190.13201904296875,1200,0.0,0.0
2010-07-07 00:00:00+09:00,188.23069310819417,190.13201904296875,186.3293671734196,190.13201904296875,4200,0.0,0.0
2010-07-08 00:00:00+09:00,190.13201904296875,190.13201904296875,190.13201904296875,190.13201904296875,4200,0.0,0.0
2010-07-09 00:00:00+09:00,190.13198647573583,192.03329467773438,190.13198647573583,192.03329467773438,1500,0.0,0.0
2010-07-12 00:00:00+09:00,192.03329467773438,192.03329467773438,192.03329467773438,192.03329467773438,600,0.0,0.0
2010-07-13 00:00:00+09:00,192.03329467773438,192.03329467773438,192.03329467773438,192.03329467773438,600,0.0,0.0
2010-07-14 00:00:00+09:00,192.03332757063762,192.03332757063762,190.13201904296875,190.13201904296875,600,0.0,0.0
2010-07-15 00:00:00+09:00,190.13201904296875,190.13201904296875,190.13201904296875,190.13201904296875,600,0.0,0.0
2010-07-16 00:00:00+09:00,190.13200819938527,190.13200819938527,188.23068237304688,188.23068237304688,300,0.0,0.0
2010-07-21 00:00:00+09:00,188.23069310819417,190.13201904296875,188.23069310819417,190.13201904296875,1200,0.0,0.0
2010-07-22 00:00:00+09:00,190.13201904296875,190.13201904296875,190.13201904296875,190.13201904296875,900,0.0,0.0
2010-07-23 00:00:00+09:00,190.1319971345035,190.1319971345035,186.329345703125,186.329345703125,1200,0.0,0.0
2010-07-26 00:00:00+09:00,186.329345703125,186.329345703125,186.329345703125,186.329345703125,1200,0.0,0.0
2010-07-27 00:00:00+09:00,186.32935654670845,188.23068237304688,186.32935654670845,188.23068237304688,300,0.0,0.0
2010-07-28 00:00:00+09:00,190.13200819938527,190.13200819938527,186.32935654670845,188.23068237304688,3900,0.0,0.0
2010-07-29 00:00:00+09:00,188.23068237304688,188.23068237304688,188.23068237304688,188.23068237304688,300,0.0,0.0
2010-07-30 00:00:00+09:00,188.23069310819417,190.13201904296875,188.23069310819417,190.13201904296875,300,0.0,0.0
2010-08-02 00:00:00+09:00,190.13201904296875,190.13201904296875,190.13201904296875,190.13201904296875,300,0.0,0.0
2010-08-03 00:00:00+09:00,186.329345703125,188.23067141881427,184.42803739453944,186.329345703125,4500,0.0,0.0
2010-08-04 00:00:00+09:00,182.5267333984375,186.32936787520302,182.5267333984375,182.5267333984375,5400,0.0,0.0
2010-08-05 00:00:00+09:00,184.42803739453944,188.23067141881427,184.42803739453944,186.329345703125,2100,0.0,0.0
2010-08-06 00:00:00+09:00,186.32936787520302,186.32936787520302,182.5267333984375,182.5267333984375,1500,0.0,0.0
2010-08-09 00:00:00+09:00,182.5267333984375,182.5267333984375,182.5267333984375,182.5267333984375,300,0.0,0.0
2010-08-10 00:00:00+09:00,182.5267333984375,182.5267333984375,182.5267333984375,182.5267333984375,900,0.0,0.0
2010-08-11 00:00:00+09:00,182.5267092919302,182.5267092919302,178.7240753173828,178.7240753173828,1500,0.0,0.0
2010-08-12 00:00:00+09:00,176.82273864746094,176.82273864746094,176.82273864746094,176.82273864746094,1500,0.0,0.0
2010-08-13 00:00:00+09:00,176.82274962655737,178.7240753173828,176.82274962655737,178.7240753173828,2100,0.0,0.0
2010-08-16 00:00:00+09:00,173.0201049090228,176.82273864746094,171.11877933625252,176.82273864746094,1500,0.0,0.0
2010-08-17 00:00:00+09:00,178.72407320844002,180.62538146972656,178.72407320844002,180.62538146972656,600,0.0,0.0
2010-08-18 00:00:00+09:00,182.5267333984375,182.5267333984375,182.5267333984375,182.5267333984375,1500,0.0,0.0
2010-08-19 00:00:00+09:00,178.7240642202312,178.7240642202312,176.82273864746094,176.82273864746094,2700,0.0,0.0
2010-08-20 00:00:00+09:00,176.82273864746094,176.82273864746094,176.82273864746094,176.82273864746094,2700,0.0,0.0
2010-08-23 00:00:00+09:00,176.82273864746094,176.82273864746094,176.82273864746094,176.82273864746094,2700,0.0,0.0
2010-08-24 00:00:00+09:00,176.82271779378254,176.82271779378254,169.21743380673695,171.11875915527344,3600,0.0,0.0
2010-08-25 00:00:00+09:00,171.11881650727372,173.0201424930566,163.51352997124837,165.41485595703125,3600,0.0,0.0
2010-08-26 00:00:00+09:00,165.4148451486577,169.2174794646493,157.80955910956945,163.51351928710938,6600,0.0,0.0
2010-08-27 00:00:00+09:00,163.51351928710938,163.51351928710938,163.51351928710938,163.51351928710938,600,0.0,0.0
2010-08-30 00:00:00+09:00,163.51348407884953,174.92140197753906,163.51348407884953,174.92140197753906,900,0.0,0.0
2010-08-31 00:00:00+09:00,174.9214510717333,174.9214510717333,165.41485595703125,165.41485595703125,3900,0.0,0.0
2010-09-01 00:00:00+09:00,165.41485595703125,165.41485595703125,165.41485595703125,165.41485595703125,5700,0.0,0.0
2010-09-02 00:00:00+09:00,178.7240753173828,178.7240753173828,178.7240753173828,178.7240753173828,900,0.0,0.0
2010-09-03 00:00:00+09:00,178.7240753173828,178.7240753173828,178.7240753173828,178.7240753173828,600,0.0,0.0
2010-09-06 00:00:00+09:00,178.7240753173828,178.7240753173828,178.7240753173828,178.7240753173828,600,0.0,0.0
2010-09-07 00:00:00+09:00,178.7240753173828,178.7240753173828,178.7240753173828,178.7240753173828,600,0.0,0.0
2010-09-08 00:00:00+09:00,173.02008450380993,173.02008450380993,171.11875915527344,171.11875915527344,2400,0.0,0.0
2010-09-09 00:00:00+09:00,173.02011108398438,173.02011108398438,173.02011108398438,173.02011108398438,300,0.0,0.0
2010-09-10 00:00:00+09:00,176.82273864746094,176.82273864746094,176.82273864746094,176.82273864746094,600,0.0,0.0
2010-09-13 00:00:00+09:00,176.82274495813576,176.82274495813576,173.02011108398438,173.02011108398438,600,0.0,0.0
2010-09-14 00:00:00+09:00,173.02011108398438,173.02011108398438,173.02011108398438,173.02011108398438,600,0.0,0.0
2010-09-16 00:00:00+09:00,173.02011108398438,173.02011108398438,173.02011108398438,173.02011108398438,900,0.0,0.0
2010-09-17 00:00:00+09:00,173.02011108398438,173.02011108398438,173.02011108398438,173.02011108398438,900,0.0,0.0
2010-09-21 00:00:00+09:00,173.02009393249168,174.92140197753906,173.02009393249168,174.92140197753906,900,0.0,0.0
2010-09-22 00:00:00+09:00,174.92141931750857,174.92141931750857,173.02011108398438,173.02011108398438,1200,0.0,0.0
2010-09-24 00:00:00+09:00,173.02011108398438,173.02011108398438,173.02011108398438,173.02011108398438,1200,0.0,0.0
2010-09-27 00:00:00+09:00,173.02011108398438,173.02011108398438,173.02011108398438,173.02011108398438,2700,0.0,0.0
2010-09-28 00:00:00+09:00,169.2174704626731,169.2174704626731,167.316162109375,167.316162109375,1200,0.0,0.0
2010-09-29 00:00:00+09:00,167.316171010206,167.316171010206,163.51351928710938,163.51351928710938,900,0.0,0.0
2010-09-30 00:00:00+09:00,163.51351928710938,163.51351928710938,163.51351928710938,163.51351928710938,900,0.0,0.0
2010-10-01 00:00:00+09:00,163.51351928710938,163.51351928710938,163.51351928710938,163.51351928710938,600,0.0,0.0
2010-10-04 00:00:00+09:00,163.513490739686,163.513490739686,161.6121826171875,161.6121826171875,1200,0.0,0.0
2010-10-05 00:00:00+09:00,167.316171010206,167.316171010206,159.7108849711178,163.51351928710938,1200,0.0,0.0
2010-10-06 00:00:00+09:00,163.51351928710938,163.51351928710938,161.6122108326661,163.51351928710938,4800,0.0,0.0
2010-10-07 00:00:00+09:00,159.7108954067888,165.41485595703125,157.80956942100593,165.41485595703125,9900,0.0,0.0
2010-10-08 00:00:00+09:00,165.41485595703125,165.41485595703125,165.41485595703125,165.41485595703125,1500,0.0,0.0
2010-10-12 00:00:00+09:00,165.41485595703125,165.41485595703125,165.41485595703125,165.41485595703125,1500,0.0,0.0
2010-10-13 00:00:00+09:00,165.41485595703125,165.41485595703125,165.41485595703125,165.41485595703125,1500,0.0,0.0
2010-10-14 00:00:00+09:00,165.41483633858817,165.41483633858817,154.00691659109933,159.71087646484375,10200,0.0,0.0
2010-10-15 00:00:00+09:00,159.71087646484375,159.71087646484375,159.71087646484375,159.71087646484375,600,0.0,0.0
2010-10-18 00:00:00+09:00,159.71087646484375,159.71087646484375,159.71087646484375,159.71087646484375,3300,0.0,0.0
2010-10-19 00:00:00+09:00,159.71087646484375,159.71087646484375,159.71087646484375,159.71087646484375,3300,0.0,0.0
2010-10-20 00:00:00+09:00,155.90824664813314,157.80955505371094,155.90824664813314,157.80955505371094,900,0.0,0.0
2010-10-21 00:00:00+09:00,157.80955910956945,163.51351928710938,157.80955910956945,163.51351928710938,600,0.0,0.0
2010-10-22 00:00:00+09:00,155.90824664813314,157.80955505371094,155.90824664813314,157.80955505371094,2400,0.0,0.0
2010-10-25 00:00:00+09:00,157.80955071446806,171.1187962230753,157.80955071446806,167.316162109375,5100,0.0,0.0
2010-10-26 00:00:00+09:00,163.51351928710938,163.51351928710938,161.6122108326661,163.51351928710938,2400,0.0,0.0
2010-10-27 00:00:00+09:00,163.51352997124837,165.41485595703125,163.51352997124837,165.41485595703125,900,0.0,0.0
2010-10-28 00:00:00+09:00,173.0201082151327,205.34253912723773,173.0201082151327,192.03329467773438,5100,0.0,0.0
2010-10-29 00:00:00+09:00,173.02008450380993,205.34251098632814,169.21743380673695,171.11875915527344,3900,0.0,0.0
2010-11-01 00:00:00+09:00,171.11875915527344,171.11875915527344,171.11875915527344,171.11875915527344,300,0.0,0.0
2010-11-02 00:00:00+09:00,171.11875915527344,171.11875915527344,171.11875915527344,171.11875915527344,300,0.0,0.0
2010-11-04 00:00:00+09:00,169.21746826171875,180.62538786154482,165.41483419747803,169.21746826171875,2700,0.0,0.0
2010-11-05 00:00:00+09:00,167.316162109375,167.316162109375,167.316162109375,167.316162109375,1200,0.0,0.0
2010-11-08 00:00:00+09:00,167.316162109375,167.316162109375,167.316162109375,167.316162109375,1200,0.0,0.0
2010-11-09 00:00:00+09:00,167.316162109375,167.316162109375,167.316162109375,167.316162109375,1200,0.0,0.0
2010-11-10 00:00:00+09:00,169.21743380673695,171.11875915527344,169.21743380673695,171.11875915527344,900,0.0,0.0
2010-11-11 00:00:00+09:00,171.11875915527344,173.02008450380993,171.11875915527344,171.11875915527344,3600,0.0,0.0
2010-11-12 00:00:00+09:00,173.02009393249168,180.62536092688384,171.118768480343,174.92140197753906,7500,0.0,0.0
2010-11-15 00:00:00+09:00,171.11879399739107,174.9214280616318,169.21746826171875,169.21746826171875,2100,0.0,0.0
2010-11-16 00:00:00+09:00,169.21745980273,173.02011108398438,169.21745980273,173.02011108398438,300,0.0,0.0
2010-11-17 00:00:00+09:00,169.21745980273,173.02011108398438,169.21745980273,173.02011108398438,900,0.0,0.0
2010-11-18 00:00:00+09:00,173.02009393249168,174.92140197753906,173.02009393249168,174.92140197753906,1500,0.0,0.0
2010-11-19 00:00:00+09:00,178.72409892167198,182.5267333984375,178.72409892167198,182.5267333984375,4500,0.0,0.0
2010-11-22 00:00:00+09:00,176.82274754005022,180.62538146972656,176.82274754005022,180.62538146972656,600,0.0,0.0
2010-11-24 00:00:00+09:00,178.7240753173828,178.7240753173828,178.7240753173828,178.7240753173828,600,0.0,0.0
2010-11-25 00:00:00+09:00,180.62538596316094,186.329345703125,180.62538596316094,186.329345703125,3600,0.0,0.0
2010-11-26 00:00:00+09:00,186.32935654670845,188.23068237304688,186.32935654670845,188.23068237304688,1800,0.0,0.0
2010-11-29 00:00:00+09:00,188.23068237304688,188.23068237304688,188.23068237304688,188.23068237304688,600,0.0,0.0
2010-11-30 00:00:00+09:00,182.5267333984375,182.5267333984375,182.5267333984375,182.5267333984375,900,0.0,0.0
2010-12-01 00:00:00+09:00,182.5267333984375,182.5267333984375,182.5267333984375,182.5267333984375,900,0.0,0.0
2010-12-02 00:00:00+09:00,184.4280242919922,184.4280242919922,182.52669871138113,184.4280242919922,3600,0.0,0.0
2010-12-03 00:00:00+09:00,184.42805934037315,184.42805934037315,182.5267333984375,182.5267333984375,3000,0.0,0.0
2010-12-06 00:00:00+09:00,182.52670713811636,182.52670713811636,180.62538146972656,180.62538146972656,5700,0.0,0.0
2010-12-07 00:00:00+09:00,184.42805934037315,184.42805934037315,182.5267333984375,182.5267333984375,3300,0.0,0.0
2010-12-08 00:00:00+09:00,184.42805934037315,184.42805934037315,182.5267333984375,182.5267333984375,1200,0.0,0.0
2010-12-09 00:00:00+09:00,186.329345703125,186.329345703125,184.42803739453944,186.329345703125,6300,0.0,0.0
2010-12-10 00:00:00+09:00,186.329345703125,190.1319971345035,184.42803739453944,186.329345703125,7500,0.0,0.0
2010-12-13 00:00:00+09:00,186.329345703125,186.329345703125,186.329345703125,186.329345703125,1200,0.0,0.0
2010-12-14 00:00:00+09:00,186.329345703125,188.23067141881427,186.329345703125,186.329345703125,9900,0.0,0.0
2010-12-15 00:00:00+09:00,184.4280242919922,188.23065804611178,184.4280242919922,184.4280242919922,15900,0.0,0.0
2010-12-16 00:00:00+09:00,184.4280242919922,186.32933246550076,184.4280242919922,184.4280242919922,900,0.0,0.0
2010-12-17 00:00:00+09:00,186.3293671734196,190.13201904296875,186.3293671734196,190.13201904296875,16800,0.0,0.0
2010-12-20 00:00:00+09:00,192.03332757063762,192.03332757063762,188.23069310819417,190.13201904296875,9600,0.0,0.0
2010-12-21 00:00:00+09:00,188.23068237304688,188.23068237304688,188.23068237304688,188.23068237304688,4200,0.0,0.0
2010-12-22 00:00:00+09:00,188.23069310819417,190.13201904296875,188.23069310819417,190.13201904296875,3600,0.0,0.0
2010-12-24 00:00:00+09:00,190.13198647573583,193.93462028683564,190.13198647573583,192.03329467773438,5100,0.0,0.0
2010-12-27 00:00:00+09:00,192.03332757063762,192.03332757063762,190.13201904296875,190.13201904296875,900,0.0,0.0
2010-12-28 00:00:00+09:00,190.13200819938527,190.13200819938527,188.23068237304688,188.23068237304688,2700,0.0,0.0
2010-12-29 00:00:00+09:00,188.23068237304688,188.23068237304688,186.32935654670845,188.23068237304688,1800,0.0,0.0
2010-12-30 00:00:00+09:00,188.23068237304688,188.23068237304688,188.23068237304688,188.23068237304688,2400,0.0,0.0
2011-01-04 00:00:00+09:00,188.23069310819417,190.13201904296875,188.23069310819417,190.13201904296875,5700,0.0,0.0
2011-01-05 00:00:00+09:00,190.13201904296875,190.13201904296875,190.13201904296875,190.13201904296875,600,0.0,0.0
2011-01-06 00:00:00+09:00,193.93463134765625,195.83595706519725,193.93463134765625,193.93463134765625,1500,0.0,0.0
2011-01-07 00:00:00+09:00,195.83595706519725,195.83595706519725,182.52671185661765,193.93463134765625,21600,0.0,0.0
2011-01-11 00:00:00+09:00,197.73726537563454,197.73726537563454,193.93463134765625,193.93463134765625,2700,0.0,0.0
2011-01-12 00:00:00+09:00,195.83595706519725,195.83595706519725,193.93463134765625,193.93463134765625,6000,0.0,0.0
2011-01-13 00:00:00+09:00,195.83592224121094,195.83592224121094,195.83592224121094,195.83592224121094,1800,0.0,0.0
2011-01-14 00:00:00+09:00,195.8359614675931,201.53992134133753,195.8359614675931,199.6385955810547,3600,0.0,0.0
2011-01-17 00:00:00+09:00,199.6386063877723,203.44124070707582,199.6386063877723,201.53993225097656,2700,0.0,0.0
2011-01-18 00:00:00+09:00,199.6386063877723,201.5399322509766,197.73728052456804,201.53993225097656,4800,0.0,0.0
2011-01-19 00:00:00+09:00,201.53991485256694,203.44122314453125,201.53991485256694,203.44122314453125,3900,0.0,0.0
2011-01-20 00:00:00+09:00,205.3425750732422,205.3425750732422,205.3425750732422,205.3425750732422,2100,0.0,0.0
2011-01-21 00:00:00+09:00,205.34255997122426,205.34255997122426,197.73727416992188,197.73727416992188,6600,0.0,0.0
2011-01-24 00:00:00+09:00,195.83595706519725,195.83595706519725,192.03330563011525,193.93463134765625,900,0.0,0.0
2011-01-25 00:00:00+09:00,195.83592224121094,195.83592224121094,192.0332714823249,195.83592224121094,4200,0.0,0.0
2011-01-26 00:00:00+09:00,195.83595706519725,195.83595706519725,193.93463134765625,193.93463134765625,600,0.0,0.0
2011-01-27 00:00:00+09:00,193.93459686176791,197.73723021355335,193.93459686176791,195.83592224121094,3900,0.0,0.0
2011-01-28 00:00:00+09:00,193.93463134765625,193.93463134765625,193.93463134765625,193.93463134765625,600,0.0,0.0
2011-01-31 00:00:00+09:00,192.03329467773438,192.03329467773438,192.03329467773438,192.03329467773438,300,0.0,0.0
2011-02-01 00:00:00+09:00,192.03330563011525,195.83595706519725,192.03330563011525,193.93463134765625,900,0.0,0.0
2011-02-02 00:00:00+09:00,195.83595706519725,195.83595706519725,193.93463134765625,193.93463134765625,900,0.0,0.0
2011-02-03 00:00:00+09:00,193.93463134765625,195.83595706519725,193.93463134765625,193.93463134765625,900,0.0,0.0
2011-02-04 00:00:00+09:00,197.73723021355335,201.5398809724394,195.83592224121094,195.83592224121094,3000,0.0,0.0
2011-02-07 00:00:00+09:00,197.73726982077184,201.53992134133753,197.73726982077184,199.6385955810547,7800,0.0,0.0
2011-02-08 00:00:00+09:00,201.53992134133753,205.3425554547991,199.6385955810547,199.6385955810547,5100,0.0,0.0
2011-02-09 00:00:00+09:00,201.53992577412532,201.53992577412532,197.73727416992188,197.73727416992188,4200,0.0,0.0
2011-02-10 00:00:00+09:00,199.6386063877723,201.5399322509766,199.6386063877723,201.53993225097656,2400,0.0,0.0
2011-02-14 00:00:00+09:00,201.53991485256694,205.34254884359908,201.53991485256694,203.44122314453125,3000,0.0,0.0
2011-02-15 00:00:00+09:00,205.34252522760724,207.2438507080078,205.34252522760724,207.2438507080078,3600,0.0,0.0
2011-02-16 00:00:00+09:00,207.2438507080078,209.14515878130686,205.34252522760724,207.2438507080078,7200,0.0,0.0
2011-02-17 00:00:00+09:00,209.14515284504992,212.94780369791883,209.14515284504992,211.04647827148438,9300,0.0,0.0
2011-02-18 00:00:00+09:00,212.94786071777344,212.94786071777344,212.94786071777344,212.94786071777344,1200,0.0,0.0
2011-02-21 00:00:00+09:00,212.94786071777344,212.94786071777344,212.94786071777344,212.94786071777344,1500,0.0,0.0
2011-02-22 00:00:00+09:00,212.94780369791883,212.94780369791883,211.04647827148438,211.04647827148438,3600,0.0,0.0
2011-02-23 00:00:00+09:00,209.14520884668977,214.84916924620956,209.14520884668977,212.94786071777344,3600,0.0,0.0
2011-02-24 00:00:00+09:00,207.24390101517784,207.24390101517784,205.3425750732422,205.3425750732422,3000,0.0,0.0
2011-02-25 00:00:00+09:00,203.44124070707582,203.44124070707582,199.6386063877723,201.53993225097656,3300,0.0,0.0
2011-02-28 00:00:00+09:00,203.44119974720667,207.2438507080078,203.44119974720667,207.2438507080078,1500,0.0,0.0
2011-03-01 00:00:00+09:00,207.2438507080078,207.2438507080078,207.2438507080078,207.2438507080078,1500,0.0,0.0
2011-03-02 00:00:00+09:00,205.3425750732422,205.3425750732422,205.3425750732422,205.3425750732422,600,0.0,0.0
2011-03-03 00:00:00+09:00,209.14515284504992,211.04647827148438,209.14515284504992,211.04647827148438,3600,0.0,0.0
2011-03-04 00:00:00+09:00,212.94786071777344,212.94786071777344,212.94786071777344,212.94786071777344,900,0.0,0.0
2011-03-07 00:00:00+09:00,212.94786071777344,212.94786071777344,212.94786071777344,212.94786071777344,4500,0.0,0.0
2011-03-08 00:00:00+09:00,212.9478539383333,216.75048828125,212.9478539383333,216.75048828125,300,0.0,0.0
2011-03-09 00:00:00+09:00,216.75045360398127,228.15837221471713,216.75045360398127,218.6517791748047,5100,0.0,0.0
2011-03-10 00:00:00+09:00,218.65177917480472,218.65177917480472,214.84912803315785,218.6517791748047,4800,0.0,0.0
2011-03-11 00:00:00+09:00,214.8491117172522,214.8491117172522,211.04647827148438,211.04647827148438,900,0.0,0.0
2011-03-14 00:00:00+09:00,190.13201904296875,209.14520876229162,184.42805864575075,190.13201904296875,25500,0.0,0.0
2011-03-15 00:00:00+09:00,180.62537448430533,180.62537448430533,144.5003013281545,150.2042694091797,19500,0.0,0.0
2011-03-16 00:00:00+09:00,180.62538146972656,180.62538146972656,144.50030691649158,180.62538146972656,4800,0.0,0.0
2011-03-17 00:00:00+09:00,176.82271779378254,178.72404314231903,171.11875915527344,171.11875915527344,11100,0.0,0.0
2011-03-18 00:00:00+09:00,171.1187879419841,180.62538146972656,171.1187879419841,180.62538146972656,5700,0.0,0.0
2011-03-22 00:00:00+09:00,195.83592224121094,197.73723021355335,186.3293127510964,195.83592224121094,7800,0.0,0.0
2011-03-23 00:00:00+09:00,203.4412037787959,224.35573225636037,201.53989566781868,222.45440673828125,15000,0.0,0.0
2011-03-24 00:00:00+09:00,222.45442043252967,233.86233942906966,222.45442043252967,231.9610137939453,17700,0.0,0.0
2011-03-25 00:00:00+09:00,237.66497543651025,237.66497543651025,224.3557480918685,230.05970764160156,17100,0.0,0.0
2011-03-28 00:00:00+09:00,231.96099951447297,231.96099951447297,222.45440673828125,222.45440673828125,6600,0.0,0.0
2011-03-29 00:00:00+09:00,232.7532226214092,245.11180114746094,230.6934721055301,245.11180114746094,4500,30.0,0.0
2011-03-30 00:00:00+09:00,249.23135758549208,257.47039794921875,249.23135758549208,257.47039794921875,15300,0.0,0.0
2011-03-31 00:00:00+09:00,251.2911122298291,298.6656799316406,251.2911122298291,298.6656799316406,42000,0.0,0.0
2011-04-01 00:00:00+09:00,284.2473591482619,306.90475105534,273.9485480737169,286.30712890625,44100,0.0,0.0
2011-04-04 00:00:00+09:00,288.3668480257224,302.785197027202,280.1278076171875,280.1278076171875,49200,0.0,0.0
2011-04-05 00:00:00+09:00,278.0680055157663,282.1875252375094,259.53013848138187,263.649658203125,21600,0.0,0.0
2011-04-06 00:00:00+09:00,257.4703812190644,257.4703812190644,238.9325133187071,251.2910919189453,8700,0.0,0.0
2011-04-07 00:00:00+09:00,245.11185983171646,255.41069030761716,245.11185983171646,255.4106903076172,3300,0.0,0.0
2011-04-08 00:00:00+09:00,255.41063069082097,255.41063069082097,247.17157200476402,251.2910919189453,6300,0.0,0.0
2011-04-11 00:00:00+09:00,259.53017937450113,261.58994898876904,247.1715994042868,249.2313690185547,9000,0.0,0.0
2011-04-12 00:00:00+09:00,249.2314007357694,249.2314007357694,245.11186098298057,247.171630859375,5100,0.0,0.0
2011-04-13 00:00:00+09:00,247.17160108612805,255.41066074156453,247.17160108612805,253.35089111328125,1200,0.0,0.0
2011-04-14 00:00:00+09:00,255.4106466993732,286.3070951364871,255.4106466993732,267.76922607421875,20100,0.0,0.0
2011-04-15 00:00:00+09:00,278.0680687319953,292.48641932251655,278.0680687319953,286.30712890625,32400,0.0,0.0
2011-04-18 00:00:00+09:00,288.36687980654034,296.60593998079503,286.30712890625,286.30712890625,17100,0.0,0.0
2011-04-19 00:00:00+09:00,286.30709735243653,288.3668480257224,276.00826855522433,280.1278076171875,16200,0.0,0.0
2011-04-20 00:00:00+09:00,276.0082664189854,280.1278054490643,267.76922607421875,267.76922607421875,11700,0.0,0.0
2011-04-21 00:00:00+09:00,278.0680370343881,278.0680370343881,273.9485168457031,273.9485168457031,1500,0.0,0.0
2011-04-22 00:00:00+09:00,269.8289767315626,271.88874624660207,267.76922607421875,267.76922607421875,6300,0.0,0.0
2011-04-25 00:00:00+09:00,278.06805201939176,278.06805201939176,257.47041225057495,259.5301818847656,9300,0.0,0.0
2011-04-26 00:00:00+09:00,259.5302111833582,259.5302111833582,255.41069030761716,255.4106903076172,1200,0.0,0.0
2011-04-27 00:00:00+09:00,259.5301811404345,267.7692407958709,253.35089111328125,253.35089111328125,17700,0.0,0.0
2011-04-28 00:00:00+09:00,259.53013848138187,267.76919678256166,255.4106187596387,263.649658203125,43800,0.0,0.0
2011-05-02 00:00:00+09:00,271.8887451198609,271.8887451198609,259.53016579623085,261.5899353027344,9000,0.0,0.0
2011-05-06 00:00:00+09:00,255.41064564091934,263.6496859515424,255.41064564091934,261.5899353027344,3600,0.0,0.0
2011-05-09 00:00:00+09:00,265.70942749284336,265.70942749284336,259.53013848138187,263.649658203125,2400,0.0,0.0
2011-05-10 00:00:00+09:00,259.53013848138187,263.649658203125,259.53013848138187,263.649658203125,1500,0.0,0.0
2011-05-11 00:00:00+09:00,265.70942749284336,267.76919678256166,263.649658203125,263.649658203125,2100,0.0,0.0
2011-05-12 00:00:00+09:00,261.5899515189563,261.5899515189563,259.5301818847656,259.5301818847656,1200,0.0,0.0
2011-05-13 00:00:00+09:00,257.47037967351264,259.530149047086,245.11180114746094,245.11180114746094,7800,0.0,0.0
2011-05-16 00:00:00+09:00,236.87278478261496,236.87278478261496,212.15562528730544,218.3349151611328,13200,0.0,0.0
2011-05-17 00:00:00+09:00,222.45445358289066,234.8130343374957,216.27516320558814,220.39468383789062,3600,0.0,0.0
2011-05-18 00:00:00+09:00,218.3349319021282,222.4544525146484,218.3349319021282,222.45445251464844,2100,0.0,0.0
2011-05-19 00:00:00+09:00,220.3946693786818,226.57395935058594,220.3946693786818,226.57395935058594,1500,0.0,0.0
2011-05-20 00:00:00+09:00,220.3946838378906,222.45445358289066,220.3946838378906,220.39468383789062,1200,0.0,0.0
2011-05-23 00:00:00+09:00,220.3946838378906,220.3946838378906,220.3946838378906,220.39468383789062,1200,0.0,0.0
2011-05-24 00:00:00+09:00,220.3946838378906,220.3946838378906,220.3946838378906,220.39468383789062,3000,0.0,0.0
2011-05-25 00:00:00+09:00,216.27514558679917,216.27514558679917,210.09585571289062,210.09585571289062,2400,0.0,0.0
2011-05-26 00:00:00+09:00,210.09585571289062,210.09585571289062,210.09585571289062,210.09585571289062,600,0.0,0.0
2011-05-27 00:00:00+09:00,210.09585571289062,210.09585571289062,210.09585571289062,210.09585571289062,300,0.0,0.0
2011-05-30 00:00:00+09:00,216.275146484375,216.275146484375,216.275146484375,216.275146484375,300,0.0,0.0
2011-05-31 00:00:00+09:00,216.2751621670193,222.4544525146484,216.2751621670193,222.45445251464844,600,0.0,0.0
2011-06-01 00:00:00+09:00,218.33491607012493,218.33491607012493,216.275146484375,216.275146484375,600,0.0,0.0
2011-06-02 00:00:00+09:00,216.27516320558814,220.3946838378906,216.27516320558814,220.39468383789062,600,0.0,0.0
2011-06-03 00:00:00+09:00,220.3946658806112,220.3946658806112,218.3349151611328,218.3349151611328,300,0.0,0.0
2011-06-06 00:00:00+09:00,218.3349151611328,218.3349151611328,218.3349151611328,218.3349151611328,300,0.0,0.0
2011-06-07 00:00:00+09:00,218.3349151611328,218.3349151611328,218.3349151611328,218.3349151611328,300,0.0,0.0
2011-06-08 00:00:00+09:00,210.09586944287506,210.09586944287506,205.9763488769531,205.97634887695312,2100,0.0,0.0
2011-06-09 00:00:00+09:00,201.85680945333377,205.9763488769531,201.85680945333377,205.97634887695312,4800,0.0,0.0
2011-06-10 00:00:00+09:00,205.9763197276081,212.1556091308594,205.9763197276081,212.15560913085938,1200,0.0,0.0
2011-06-13 00:00:00+09:00,212.1556091308594,212.1556091308594,212.1556091308594,212.15560913085938,1200,0.0,0.0
2011-06-14 00:00:00+09:00,208.03608613568906,212.1556252900922,205.97633541618364,210.09585571289062,2700,0.0,0.0
2011-06-15 00:00:00+09:00,210.09585658482143,230.6934958692321,210.09585658482143,216.275146484375,3600,0.0,0.0
2011-06-16 00:00:00+09:00,220.3946658806112,220.3946658806112,218.3349151611328,218.3349151611328,900,0.0,0.0
2011-06-17 00:00:00+09:00,218.3349151611328,218.3349151611328,218.3349151611328,218.3349151611328,900,0.0,0.0
2011-06-20 00:00:00+09:00,210.0958590447404,226.57395935058594,210.0958590447404,226.57395935058594,900,0.0,0.0
2011-06-21 00:00:00+09:00,226.57395935058594,226.57395935058594,226.57395935058594,226.57395935058594,900,0.0,0.0
2011-06-22 00:00:00+09:00,228.63372533161308,228.63372533161308,218.3349151611328,218.3349151611328,600,0.0,0.0
2011-06-23 00:00:00+09:00,218.33491862651138,226.57395935058594,218.33491862651138,226.57395935058594,600,0.0,0.0
2011-06-24 00:00:00+09:00,226.57395935058594,226.57395935058594,226.57395935058594,226.57395935058594,1200,0.0,0.0
2011-06-27 00:00:00+09:00,226.57395669773223,226.57395669773223,216.275146484375,216.275146484375,600,0.0,0.0
2011-06-28 00:00:00+09:00,216.27510118558155,216.27510118558155,214.21533203125,214.21533203125,600,0.0,0.0
2011-06-29 00:00:00+09:00,212.15562617057137,216.275146484375,210.09585658482143,216.275146484375,4200,0.0,0.0
2011-06-30 00:00:00+09:00,216.27512911379534,216.27512911379534,210.09583971054406,212.15560913085938,900,0.0,0.0
2011-07-01 00:00:00+09:00,216.27510118558155,222.45438979088388,214.21533203125,214.21533203125,1800,0.0,0.0
2011-07-04 00:00:00+09:00,216.275146484375,216.275146484375,216.275146484375,216.275146484375,1500,0.0,0.0
2011-07-05 00:00:00+09:00,216.275146484375,216.275146484375,216.275146484375,216.275146484375,1500,0.0,0.0
2011-07-06 00:00:00+09:00,216.275146484375,216.275146484375,216.275146484375,216.275146484375,1500,0.0,0.0
2011-07-07 00:00:00+09:00,210.09581258027922,214.21533203125,210.09581258027922,214.21533203125,7200,0.0,0.0
2011-07-08 00:00:00+09:00,216.2751455839583,218.3349151611328,216.2751455839583,218.3349151611328,1200,0.0,0.0
2011-07-11 00:00:00+09:00,222.4544525146484,222.4544525146484,222.4544525146484,222.45445251464844,1800,0.0,0.0
2011-07-12 00:00:00+09:00,222.4544525146484,222.4544525146484,222.4544525146484,222.45445251464844,1800,0.0,0.0
2011-07-13 00:00:00+09:00,222.4544525146484,222.4544525146484,222.4544525146484,222.45445251464844,600,0.0,0.0
2011-07-14 00:00:00+09:00,222.45443638392857,222.45443638392857,216.275146484375,216.275146484375,300,0.0,0.0
2011-07-15 00:00:00+09:00,216.275146484375,216.275146484375,212.15562617057137,216.275146484375,900,0.0,0.0
2011-07-19 00:00:00+09:00,220.39466679817863,220.39466679817863,216.275146484375,216.275146484375,1200,0.0,0.0
2011-07-20 00:00:00+09:00,216.275146484375,216.275146484375,216.275146484375,216.275146484375,1200,0.0,0.0
2011-07-21 00:00:00+09:00,216.27510118558155,216.27510118558155,214.21533203125,214.21533203125,900,0.0,0.0
2011-07-22 00:00:00+09:00,212.15558173461076,214.21533203125,212.15558173461076,214.21533203125,1500,0.0,0.0
2011-07-25 00:00:00+09:00,212.1556252900922,212.1556252900922,210.09585571289062,210.09585571289062,5400,0.0,0.0
2011-07-26 00:00:00+09:00,210.09585571289062,210.09585571289062,210.09585571289062,210.09585571289062,900,0.0,0.0
2011-07-27 00:00:00+09:00,210.09584121238305,210.09584121238305,208.03607177734375,208.03607177734375,2400,0.0,0.0
2011-07-28 00:00:00+09:00,205.97632119999932,208.03607177734375,205.97632119999932,208.03607177734375,3900,0.0,0.0
2011-07-29 00:00:00+09:00,205.97633450954137,205.97633450954137,203.91656494140625,203.91656494140625,900,0.0,0.0
2011-08-01 00:00:00+09:00,203.91656494140625,203.91656494140625,195.67750552656187,203.91656494140625,3300,0.0,0.0
2011-08-02 00:00:00+09:00,203.91656584187925,203.91656584187925,201.8567962646484,201.85679626464844,300,0.0,0.0
2011-08-03 00:00:00+09:00,201.85681000590995,201.85681000590995,197.73728942871094,197.73728942871094,2100,0.0,0.0
2011-08-04 00:00:00+09:00,205.9763488769531,214.21539000879702,205.9763488769531,205.97634887695312,2700,0.0,0.0
2011-08-05 00:00:00+09:00,203.91657866121025,203.91657866121025,197.73728839874934,199.79705810546875,2100,0.0,0.0
2011-08-08 00:00:00+09:00,193.61775478307655,195.67750549316406,193.61775478307655,195.67750549316406,1500,0.0,0.0
2011-08-09 00:00:00+09:00,185.37869361139116,191.55798339843753,185.37869361139116,191.5579833984375,6000,0.0,0.0
2011-08-10 00:00:00+09:00,191.55799913406372,197.73728942871094,191.55799913406372,197.73728942871094,600,0.0,0.0
2011-08-11 00:00:00+09:00,187.43844604492188,187.43844604492188,187.43844604492188,187.43844604492188,600,0.0,0.0
2011-08-12 00:00:00+09:00,187.43846579712107,201.8567962646484,187.43846579712107,201.85679626464844,1200,0.0,0.0
2011-08-15 00:00:00+09:00,201.8567962646484,201.8567962646484,201.8567962646484,201.85679626464844,4800,0.0,0.0
2011-08-16 00:00:00+09:00,201.85680945333377,205.9763488769531,201.85680945333377,205.97634887695312,1200,0.0,0.0
2011-08-17 00:00:00+09:00,205.97633450954137,205.97633450954137,203.91656494140625,203.91656494140625,900,0.0,0.0
2011-08-18 00:00:00+09:00,203.91656584187925,203.91656584187925,201.8567962646484,201.85679626464844,1500,0.0,0.0
2011-08-19 00:00:00+09:00,199.79705810546875,199.79705810546875,199.79705810546875,199.79705810546875,300,0.0,0.0
2011-08-22 00:00:00+09:00,199.7970446287312,199.7970446287312,195.67750549316406,195.67750549316406,900,0.0,0.0
2011-08-23 00:00:00+09:00,195.67750549316406,195.67750549316406,195.67750549316406,195.67750549316406,900,0.0,0.0
2011-08-24 00:00:00+09:00,195.67750549316406,195.67750549316406,195.67750549316406,195.67750549316406,900,0.0,0.0
2011-08-25 00:00:00+09:00,195.67750549316406,195.67750549316406,195.67750549316406,195.67750549316406,900,0.0,0.0
2011-08-26 00:00:00+09:00,195.67750549316406,195.67750549316406,195.67750549316406,195.67750549316406,300,0.0,0.0
2011-08-29 00:00:00+09:00,195.67750549316406,195.67750549316406,195.67750549316406,195.67750549316406,300,0.0,0.0
2011-08-30 00:00:00+09:00,201.85680945333377,205.9763488769531,201.85680945333377,205.97634887695312,600,0.0,0.0
2011-08-31 00:00:00+09:00,197.73728839874934,199.79705810546875,197.73728839874934,199.79705810546875,1500,0.0,0.0
2011-09-01 00:00:00+09:00,199.79705810546875,199.79705810546875,199.79705810546875,199.79705810546875,1500,0.0,0.0
2011-09-02 00:00:00+09:00,199.79705810546875,199.79705810546875,199.79705810546875,199.79705810546875,1500,0.0,0.0
2011-09-05 00:00:00+09:00,197.73728942871094,197.73728942871094,197.73728942871094,197.73728942871094,300,0.0,0.0
2011-09-06 00:00:00+09:00,197.73728942871094,197.73728942871094,197.73728942871094,197.73728942871094,300,0.0,0.0
2011-09-07 00:00:00+09:00,197.73728942871094,197.73728942871094,197.73728942871094,197.73728942871094,300,0.0,0.0
2011-09-08 00:00:00+09:00,191.55798339843753,191.55798339843753,191.55798339843753,191.5579833984375,300,0.0,0.0
2011-09-09 00:00:00+09:00,191.55798339843753,191.55798339843753,191.55798339843753,191.5579833984375,1500,0.0,0.0
2011-09-12 00:00:00+09:00,187.43844673593063,187.43844673593063,181.25915749032515,185.37867736816406,1500,0.0,0.0
2011-09-13 00:00:00+09:00,185.3786496827051,189.4981689453125,185.3786496827051,189.4981689453125,900,0.0,0.0
2011-09-14 00:00:00+09:00,189.4981689453125,189.4981689453125,189.4981689453125,189.4981689453125,900,0.0,0.0
2011-09-15 00:00:00+09:00,189.4982138501901,191.55798339843753,185.37869361139116,191.5579833984375,2400,0.0,0.0
2011-09-16 00:00:00+09:00,191.55798339843753,191.55798339843753,191.55798339843753,191.5579833984375,900,0.0,0.0
2011-09-20 00:00:00+09:00,191.55798339843753,191.55798339843753,191.55798339843753,191.5579833984375,600,0.0,0.0
2011-09-21 00:00:00+09:00,189.4982138501901,191.55798339843753,189.4982138501901,191.5579833984375,1800,0.0,0.0
2011-09-22 00:00:00+09:00,191.55793800546192,191.55793800546192,189.4981689453125,189.4981689453125,1200,0.0,0.0
2011-09-26 00:00:00+09:00,187.43846304415197,187.43846304415197,183.3189239501953,183.3189239501953,2400,0.0,0.0
2011-09-27 00:00:00+09:00,187.43844444346726,187.43844444346726,179.19938593086292,181.2591552734375,1800,0.0,0.0
2011-09-28 00:00:00+09:00,181.2591552734375,181.2591552734375,181.2591552734375,181.2591552734375,1800,0.0,0.0
2011-09-29 00:00:00+09:00,170.96032585448535,181.25915361546095,170.96032585448535,175.07986450195312,5700,0.0,0.0
2011-09-30 00:00:00+09:00,175.07986450195312,175.07986450195312,175.07986450195312,175.07986450195312,5700,0.0,0.0
2011-10-03 00:00:00+09:00,177.13963317871094,177.13963317871094,177.13963317871094,177.13963317871094,2400,0.0,0.0
2011-10-04 00:00:00+09:00,175.07986450195312,175.07986450195312,175.07986450195312,175.07986450195312,300,0.0,0.0
2011-10-05 00:00:00+09:00,166.84080442695418,168.90057373046878,166.84080442695418,168.90057373046875,6000,0.0,0.0
2011-10-06 00:00:00+09:00,168.90057373046878,168.90057373046878,168.90057373046878,168.90057373046875,6000,0.0,0.0
2011-10-07 00:00:00+09:00,175.07986450195312,175.07986450195312,175.07986450195312,175.07986450195312,600,0.0,0.0
2011-10-11 00:00:00+09:00,175.07986450195312,175.07986450195312,175.07986450195312,175.07986450195312,300,0.0,0.0
2011-10-12 00:00:00+09:00,175.07986610340774,181.2591552734375,175.07986610340774,181.2591552734375,300,0.0,0.0
2011-10-13 00:00:00+09:00,183.3189239501953,183.3189239501953,183.3189239501953,183.3189239501953,300,0.0,0.0
2011-10-14 00:00:00+09:00,183.3189239501953,183.3189239501953,183.3189239501953,183.3189239501953,1500,0.0,0.0
2011-10-17 00:00:00+09:00,181.2591722496851,181.2591722496851,177.13963317871094,177.13963317871094,600,0.0,0.0
2011-10-18 00:00:00+09:00,173.02011108398438,173.02011108398438,170.96034157089557,173.02011108398438,2400,0.0,0.0
2011-10-19 00:00:00+09:00,175.07988059707318,175.07988059707318,173.02011108398438,173.02011108398438,1500,0.0,0.0
2011-10-20 00:00:00+09:00,170.96034157089557,173.02011108398438,168.90059091550233,173.02011108398438,1200,0.0,0.0
2011-10-21 00:00:00+09:00,173.02011108398438,173.02011108398438,173.02011108398438,173.02011108398438,1200,0.0,0.0
2011-10-24 00:00:00+09:00,173.02011108398438,173.02011108398438,173.02011108398438,173.02011108398438,300,0.0,0.0
2011-10-25 00:00:00+09:00,173.02011108398438,173.02011108398438,173.02011108398438,173.02011108398438,300,0.0,0.0
2011-10-26 00:00:00+09:00,173.02007303719142,193.61770706561134,173.02007303719142,189.4981689453125,4500,0.0,0.0
2011-10-27 00:00:00+09:00,189.49819654740074,189.49819654740074,187.43844604492188,187.43844604492188,2700,0.0,0.0
2011-10-28 00:00:00+09:00,185.37869349717363,185.37869349717363,183.3189239501953,183.3189239501953,3900,0.0,0.0
2011-10-31 00:00:00+09:00,187.43844673593063,187.43844673593063,185.37867736816403,185.37867736816406,900,0.0,0.0
2011-11-01 00:00:00+09:00,185.37867736816403,185.37867736816403,185.37867736816403,185.37867736816406,1500,0.0,0.0
2011-11-02 00:00:00+09:00,185.37867736816403,185.37867736816403,185.37867736816403,185.37867736816406,1500,0.0,0.0
2011-11-04 00:00:00+09:00,185.37867736816403,185.37867736816403,185.37867736816403,185.37867736816406,1500,0.0,0.0
2011-11-07 00:00:00+09:00,185.37869349717363,185.37869349717363,183.3189239501953,183.3189239501953,2400,0.0,0.0
2011-11-08 00:00:00+09:00,183.3189239501953,183.3189239501953,183.3189239501953,183.3189239501953,2400,0.0,0.0
2011-11-09 00:00:00+09:00,183.3189239501953,183.3189239501953,183.3189239501953,183.3189239501953,2400,0.0,0.0
2011-11-10 00:00:00+09:00,183.3189239501953,183.3189239501953,183.3189239501953,183.3189239501953,2400,0.0,0.0
2011-11-11 00:00:00+09:00,183.31890732457578,189.49819654740074,183.31890732457578,187.43844604492188,1500,0.0,0.0
2011-11-14 00:00:00+09:00,185.37869246296344,185.37869246296344,173.02011296543256,177.13963317871094,4200,0.0,0.0
2011-11-15 00:00:00+09:00,177.13963317871094,177.13963317871094,177.13963317871094,177.13963317871094,1200,0.0,0.0
2011-11-16 00:00:00+09:00,179.19943237304688,187.43849302092568,179.19943237304688,179.19943237304688,3300,0.0,0.0
2011-11-17 00:00:00+09:00,179.19938593086292,181.2591552734375,179.19938593086292,181.2591552734375,900,0.0,0.0
2011-11-18 00:00:00+09:00,181.2591552734375,181.2591552734375,181.2591552734375,181.2591552734375,900,0.0,0.0
2011-11-21 00:00:00+09:00,175.07986450195312,175.07986450195312,175.07986450195312,175.07986450195312,900,0.0,0.0
2011-11-22 00:00:00+09:00,175.07988250091964,177.13963317871094,166.8408232166671,177.13963317871094,900,0.0,0.0
2011-11-24 00:00:00+09:00,175.07986450195312,175.07986450195312,175.07986450195312,175.07986450195312,300,0.0,0.0
2011-11-25 00:00:00+09:00,177.13963317871094,177.13963317871094,177.13963317871094,177.13963317871094,300,0.0,0.0
2011-11-28 00:00:00+09:00,177.13961496799317,177.13961496799317,173.02009517821924,175.07986450195312,900,0.0,0.0
2011-11-29 00:00:00+09:00,177.13961658828833,181.2591552734375,177.13961658828833,181.2591552734375,3300,0.0,0.0
2011-11-30 00:00:00+09:00,183.31890800039747,193.61773598153607,183.31890800039747,185.37867736816406,6600,0.0,0.0
2011-12-01 00:00:00+09:00,189.49821564750945,197.7372750609476,189.49821564750945,195.67750549316406,5100,0.0,0.0
2011-12-02 00:00:00+09:00,191.55794676437222,214.21533203125,191.55794676437222,214.21533203125,16500,0.0,0.0
2011-12-05 00:00:00+09:00,216.27513065980608,216.27513065980608,208.03607177734375,208.03607177734375,8400,0.0,0.0
2011-12-06 00:00:00+09:00,203.91657916514345,205.9763488769531,203.91657916514345,205.97634887695312,1500,0.0,0.0
2011-12-07 00:00:00+09:00,205.9763488769531,205.9763488769531,205.9763488769531,205.97634887695312,1500,0.0,0.0
2011-12-08 00:00:00+09:00,201.85681000590995,201.85681000590995,193.61776885151195,197.73728942871094,1800,0.0,0.0
2011-12-09 00:00:00+09:00,197.73728942871094,197.73728942871094,195.67751971126273,197.73728942871094,5700,0.0,0.0
2011-12-12 00:00:00+09:00,197.7372731854839,197.7372731854839,191.55798339843753,191.5579833984375,900,0.0,0.0
2011-12-13 00:00:00+09:00,189.498228429569,203.91657866121025,189.498228429569,199.79705810546875,4500,0.0,0.0
2011-12-14 00:00:00+09:00,199.79705810546875,201.85680895449084,199.79705810546875,199.79705810546875,1500,0.0,0.0
2011-12-15 00:00:00+09:00,199.79705810546875,199.79705810546875,199.79705810546875,199.79705810546875,1500,0.0,0.0
2011-12-16 00:00:00+09:00,195.67750549316406,195.67750549316406,195.67750549316406,195.67750549316406,600,0.0,0.0
2011-12-19 00:00:00+09:00,191.5579976326801,195.67751817759134,191.5579976326801,193.61776733398438,2100,0.0,0.0
2011-12-20 00:00:00+09:00,193.61776733398438,193.61776733398438,193.61776733398438,193.61776733398438,600,0.0,0.0
2011-12-21 00:00:00+09:00,193.61775478307655,195.67750549316406,193.61775478307655,195.67750549316406,300,0.0,0.0
2011-12-22 00:00:00+09:00,193.61775294668493,193.61775294668493,191.55798339843753,191.5579833984375,1800,0.0,0.0
2011-12-26 00:00:00+09:00,193.61776733398438,193.61776733398438,193.61776733398438,193.61776733398438,2100,0.0,0.0
2011-12-27 00:00:00+09:00,193.6177556711174,201.8567962646484,193.6177556711174,201.85679626464844,2400,0.0,0.0
2011-12-28 00:00:00+09:00,201.8567962646484,201.8567962646484,201.8567962646484,201.85679626464844,20400,0.0,0.0
2011-12-29 00:00:00+09:00,201.85680842380683,201.85680842380683,193.61776733398438,193.61776733398438,300,0.0,0.0
2011-12-30 00:00:00+09:00,193.61776733398438,193.61776733398438,193.61776733398438,193.61776733398438,300,0.0,0.0
2012-01-04 00:00:00+09:00,193.61775478307655,195.67750549316406,193.61775478307655,195.67750549316406,300,0.0,0.0
2012-01-05 00:00:00+09:00,201.85680945333377,205.9763488769531,201.85680945333377,205.97634887695312,3600,0.0,0.0
2012-01-06 00:00:00+09:00,205.97633450954137,205.97633450954137,203.91656494140625,203.91656494140625,1200,0.0,0.0
2012-01-10 00:00:00+09:00,203.91657916514345,205.9763488769531,203.91657916514345,205.97634887695312,300,0.0,0.0
2012-01-11 00:00:00+09:00,189.49822941661552,197.73728942871094,189.49822941661552,197.73728942871094,9000,0.0,0.0
2012-01-12 00:00:00+09:00,197.73728839874934,199.79705810546875,197.73728839874934,199.79705810546875,1500,0.0,0.0
2012-01-13 00:00:00+09:00,197.73728942871094,197.73728942871094,197.73728942871094,197.73728942871094,300,0.0,0.0
2012-01-16 00:00:00+09:00,197.7372750609476,197.7372750609476,193.61775478307655,195.67750549316406,5700,0.0,0.0
2012-01-17 00:00:00+09:00,197.73728942871094,197.73728942871094,197.73728942871094,197.73728942871094,1200,0.0,0.0
2012-01-18 00:00:00+09:00,197.7372759678829,201.8567962646484,197.7372759678829,201.85679626464844,3300,0.0,0.0
2012-01-19 00:00:00+09:00,205.97632119999932,208.03607177734375,205.97632119999932,208.03607177734375,2100,0.0,0.0
2012-01-20 00:00:00+09:00,205.9763362710178,216.275146484375,205.9763362710178,216.275146484375,8100,0.0,0.0
2012-01-23 00:00:00+09:00,214.21535969348002,216.27512911379534,208.0360702902287,212.15560913085938,7800,0.0,0.0
2012-01-24 00:00:00+09:00,212.1556252900922,212.1556252900922,210.09585571289062,210.09585571289062,1800,0.0,0.0
2012-01-25 00:00:00+09:00,210.09581258027922,214.21533203125,210.09581258027922,214.21533203125,1200,0.0,0.0
2012-01-26 00:00:00+09:00,218.3348985341107,220.3946490967313,212.1556091308594,212.15560913085938,13500,0.0,0.0
2012-01-27 00:00:00+09:00,214.21537689862507,226.57395669773223,212.15562617057137,216.275146484375,8100,0.0,0.0
2012-01-30 00:00:00+09:00,216.27510118558155,216.27510118558155,214.21533203125,214.21533203125,3900,0.0,0.0
2012-01-31 00:00:00+09:00,212.1556091308594,212.1556091308594,208.0360702902287,212.15560913085938,5700,0.0,0.0
2012-02-01 00:00:00+09:00,210.09581258027922,216.27510118558155,210.09581258027922,214.21533203125,1500,0.0,0.0
2012-02-02 00:00:00+09:00,214.21537689862507,216.275146484375,214.21537689862507,216.275146484375,1500,0.0,0.0
2012-02-03 00:00:00+09:00,214.21533203125,214.21533203125,214.21533203125,214.21533203125,2100,0.0,0.0
2012-02-06 00:00:00+09:00,214.21539346058807,220.3946838378906,208.03610308328558,220.39468383789062,8700,0.0,0.0
2012-02-07 00:00:00+09:00,218.33494574297717,238.93256896901548,218.33494574297717,230.6935272216797,27000,0.0,0.0
2012-02-08 00:00:00+09:00,228.6337127685547,230.69348223254815,226.57394330456123,228.6337127685547,2700,0.0,0.0
2012-02-09 00:00:00+09:00,228.6337289604528,228.6337289604528,226.57395935058594,226.57395935058594,600,0.0,0.0
2012-02-10 00:00:00+09:00,230.69348223254815,232.7532328388465,228.6337127685547,228.6337127685547,6300,0.0,0.0
2012-02-13 00:00:00+09:00,226.57397312716864,230.69351259738644,220.39468277953952,222.45445251464844,5100,0.0,0.0
2012-02-14 00:00:00+09:00,222.4544525146484,222.4544525146484,222.4544525146484,222.45445251464844,300,0.0,0.0
2012-02-15 00:00:00+09:00,230.69352722167966,230.69352722167966,230.69352722167966,230.6935272216797,1500,0.0,0.0
2012-02-16 00:00:00+09:00,232.75327822966423,232.75327822966423,226.573987490313,230.6935272216797,1800,0.0,0.0
2012-02-17 00:00:00+09:00,230.69352722167966,230.69352722167966,230.69352722167966,230.6935272216797,900,0.0,0.0
2012-02-20 00:00:00+09:00,230.69348223254815,230.69348223254815,224.5141926982629,228.6337127685547,3600,0.0,0.0
2012-02-21 00:00:00+09:00,230.69348223254815,230.69348223254815,228.6337127685547,228.6337127685547,3600,0.0,0.0
2012-02-22 00:00:00+09:00,228.63375735599632,230.69352722167966,228.63375735599632,230.6935272216797,3000,0.0,0.0
2012-02-23 00:00:00+09:00,232.75322115196255,238.93251037597656,232.75322115196255,238.93251037597656,8400,0.0,0.0
2012-02-24 00:00:00+09:00,238.93250810554937,238.93250810554937,234.81298828125,234.81298828125,5100,0.0,0.0
2012-02-27 00:00:00+09:00,238.9325244513126,238.9325244513126,232.75323486328128,232.75323486328125,600,0.0,0.0
2012-02-28 00:00:00+09:00,228.633695168208,228.633695168208,224.51417541503906,224.51417541503906,2400,0.0,0.0
2012-02-29 00:00:00+09:00,230.6934842390677,232.75323486328128,230.6934842390677,232.75323486328125,2700,0.0,0.0
2012-03-01 00:00:00+09:00,230.69349857031966,230.69349857031966,226.57395935058594,226.57395935058594,6900,0.0,0.0
2012-03-02 00:00:00+09:00,228.63375735599632,230.69352722167966,228.63375735599632,230.6935272216797,1500,0.0,0.0
2012-03-05 00:00:00+09:00,230.69349857031966,230.69349857031966,226.57395935058594,226.57395935058594,1500,0.0,0.0
2012-03-06 00:00:00+09:00,224.51417541503906,224.51417541503906,224.51417541503906,224.51417541503906,600,0.0,0.0
2012-03-07 00:00:00+09:00,224.51422224975732,224.51422224975732,222.4544525146484,222.45445251464844,10800,0.0,0.0
2012-03-08 00:00:00+09:00,222.45443898854865,226.57395935058594,222.45443898854865,226.57395935058594,600,0.0,0.0
2012-03-09 00:00:00+09:00,230.69346845695063,236.87275762224667,230.69346845695063,234.81298828125,2400,0.0,0.0
2012-03-12 00:00:00+09:00,238.93250743553455,240.9922767707552,232.75321828756645,236.8727569580078,7800,0.0,0.0
2012-03-13 00:00:00+09:00,232.75322115196255,238.93251037597656,232.75322115196255,238.93251037597656,1500,0.0,0.0
2012-03-14 00:00:00+09:00,234.81304809534757,234.81304809534757,226.573987490313,230.6935272216797,7500,0.0,0.0
2012-03-15 00:00:00+09:00,230.69346845695063,234.81298828125,230.69346845695063,234.81298828125,4800,0.0,0.0
2012-03-16 00:00:00+09:00,234.81298828125,234.81298828125,228.63369911595393,234.81298828125,5100,0.0,0.0
2012-03-19 00:00:00+09:00,234.81304809534757,234.81304809534757,230.69352722167966,230.6935272216797,1800,0.0,0.0
2012-03-21 00:00:00+09:00,230.69348223254815,230.69348223254815,226.57394330456123,228.6337127685547,3600,0.0,0.0
2012-03-22 00:00:00+09:00,228.63375735599632,232.75327822966423,228.63375735599632,230.6935272216797,6600,0.0,0.0
2012-03-23 00:00:00+09:00,230.69348223254815,230.69348223254815,228.6337127685547,228.6337127685547,4500,0.0,0.0
2012-03-26 00:00:00+09:00,228.6337289604528,228.6337289604528,226.57395935058594,226.57395935058594,1800,0.0,0.0
2012-03-27 00:00:00+09:00,226.57394330456123,228.6337127685547,226.57394330456123,228.6337127685547,2100,0.0,0.0
2012-03-28 00:00:00+09:00,228.6337127685547,228.6337127685547,228.6337127685547,228.6337127685547,2100,6.666667,0.0
2012-03-29 00:00:00+09:00,226.53619384765625,226.53619384765625,226.53619384765625,226.53619384765625,300,0.0,0.0
2012-03-30 00:00:00+09:00,224.43861389160156,224.43861389160156,224.43861389160156,224.43861389160156,300,0.0,0.0
2012-04-02 00:00:00+09:00,226.53619384765625,226.53619384765625,226.53619384765625,226.53619384765625,300,0.0,0.0
2012-04-03 00:00:00+09:00,232.8288116455078,232.8288116455078,224.4385777975873,232.8288116455078,5700,0.0,0.0
2012-04-04 00:00:00+09:00,228.63375759933453,230.73130214730173,226.53619384765625,226.53619384765625,2400,0.0,0.0
2012-04-05 00:00:00+09:00,226.53619384765625,226.53619384765625,226.53619384765625,226.53619384765625,2400,0.0,0.0
2012-04-06 00:00:00+09:00,226.53619384765625,226.53619384765625,226.53619384765625,226.53619384765625,2400,0.0,0.0
2012-04-09 00:00:00+09:00,224.43863009597794,237.02397419862552,224.43863009597794,226.53619384765625,2100,0.0,0.0
2012-04-10 00:00:00+09:00,224.43861389160156,224.43861389160156,224.43861389160156,224.43861389160156,900,0.0,0.0
2012-04-11 00:00:00+09:00,224.43861389160156,224.43861389160156,224.43861389160156,224.43861389160156,900,0.0,0.0
2012-04-12 00:00:00+09:00,222.34106445312497,222.34106445312497,222.34106445312497,222.341064453125,300,0.0,0.0
2012-04-13 00:00:00+09:00,222.34106949507623,224.43861389160156,218.1459422946061,224.43861389160156,2100,0.0,0.0
2012-04-16 00:00:00+09:00,224.43861389160156,224.43861389160156,224.43861389160156,224.43861389160156,2100,0.0,0.0
2012-04-17 00:00:00+09:00,224.43863009597794,226.53619384765625,224.43863009597794,226.53619384765625,900,0.0,0.0
2012-04-18 00:00:00+09:00,226.5361554827009,226.5361554827009,218.14592110062418,220.2434844970703,1500,0.0,0.0
2012-04-19 00:00:00+09:00,220.2434844970703,220.2434844970703,220.2434844970703,220.2434844970703,300,0.0,0.0
2012-04-20 00:00:00+09:00,222.34104789351647,222.34104789351647,220.2434844970703,220.2434844970703,900,0.0,0.0
2012-04-23 00:00:00+09:00,218.14590454101562,218.14590454101562,218.14590454101562,218.14590454101562,600,0.0,0.0
2012-04-24 00:00:00+09:00,216.04836898357334,216.04836898357334,213.9508056640625,213.9508056640625,1500,0.0,0.0
2012-04-25 00:00:00+09:00,213.95082944615692,226.53617235475437,213.95082944615692,222.341064453125,2700,0.0,0.0
2012-04-26 00:00:00+09:00,222.34104115628227,222.34104115628227,216.04837036132815,216.04837036132812,2100,0.0,0.0
2012-04-27 00:00:00+09:00,216.04837036132815,216.04837036132815,216.04837036132815,216.04837036132812,1500,0.0,0.0
2012-05-01 00:00:00+09:00,216.0483935152383,216.0483935152383,207.65815848821538,209.75572204589844,1500,0.0,0.0
2012-05-02 00:00:00+09:00,209.75572204589844,209.75572204589844,209.75572204589844,209.75572204589844,300,0.0,0.0
2012-05-07 00:00:00+09:00,207.65814208984375,207.65814208984375,201.36547111742425,207.65814208984375,5700,0.0,0.0
2012-05-08 00:00:00+09:00,207.65814208984375,207.65814208984375,207.65814208984375,207.65814208984375,600,0.0,0.0
2012-05-09 00:00:00+09:00,207.65814208984375,207.65814208984375,207.65814208984375,207.65814208984375,600,0.0,0.0
2012-05-10 00:00:00+09:00,207.6581269070848,207.6581269070848,197.17034912109375,197.17034912109375,900,0.0,0.0
2012-05-11 00:00:00+09:00,197.17034912109375,197.17034912109375,197.17034912109375,197.17034912109375,1200,0.0,0.0
2012-05-14 00:00:00+09:00,188.7801348664405,188.7801348664405,184.58502715953352,186.6825714111328,3600,0.0,0.0
2012-05-15 00:00:00+09:00,188.78012084960938,188.78012084960938,178.29234275920007,188.78012084960938,5400,0.0,0.0
2012-05-16 00:00:00+09:00,188.78013740880135,188.78013740880135,178.2923583984375,178.2923583984375,300,0.0,0.0
2012-05-17 00:00:00+09:00,180.38990897737798,182.4874725341797,178.29236462428557,182.4874725341797,7800,0.0,0.0
2012-05-18 00:00:00+09:00,182.4874725341797,182.4874725341797,182.4874725341797,182.4874725341797,7800,0.0,0.0
2012-05-21 00:00:00+09:00,180.389892578125,180.389892578125,180.389892578125,180.389892578125,300,0.0,0.0
2012-05-22 00:00:00+09:00,180.3899026782851,180.3899026782851,178.2923583984375,178.2923583984375,600,0.0,0.0
2012-05-23 00:00:00+09:00,180.38988026792745,184.5850067138672,180.38988026792745,184.5850067138672,1800,0.0,0.0
2012-05-24 00:00:00+09:00,182.48744349089733,184.5850067138672,180.38988026792745,184.5850067138672,1200,0.0,0.0
2012-05-25 00:00:00+09:00,182.4874501546224,188.78012084960938,182.4874501546224,188.78012084960938,5400,0.0,0.0
2012-05-28 00:00:00+09:00,184.58501480580998,190.877685546875,184.58501480580998,190.877685546875,900,0.0,0.0
2012-05-29 00:00:00+09:00,190.877685546875,190.877685546875,190.877685546875,190.877685546875,900,0.0,0.0
2012-05-30 00:00:00+09:00,190.877685546875,190.877685546875,190.877685546875,190.877685546875,900,0.0,0.0
2012-05-31 00:00:00+09:00,184.5850067138672,184.5850067138672,182.48744349089733,184.5850067138672,1500,0.0,0.0
2012-06-01 00:00:00+09:00,184.5850067138672,184.5850067138672,184.5850067138672,184.5850067138672,1500,0.0,0.0
2012-06-04 00:00:00+09:00,180.38990897737798,182.4874725341797,169.902129600788,182.4874725341797,1500,0.0,0.0
2012-06-05 00:00:00+09:00,182.48744349089733,184.5850067138672,178.29233624866384,184.5850067138672,900,0.0,0.0
2012-06-06 00:00:00+09:00,184.58501480580998,190.877685546875,182.48745149088592,190.877685546875,1800,0.0,0.0
2012-06-07 00:00:00+09:00,190.877685546875,190.877685546875,190.877685546875,190.877685546875,1800,0.0,0.0
2012-06-08 00:00:00+09:00,190.877685546875,190.877685546875,190.877685546875,190.877685546875,1800,0.0,0.0
2012-06-11 00:00:00+09:00,188.78012223195094,190.877685546875,188.78012223195094,190.877685546875,600,0.0,0.0
2012-06-12 00:00:00+09:00,190.877685546875,190.877685546875,190.877685546875,190.877685546875,600,0.0,0.0
2012-06-13 00:00:00+09:00,184.58502715953352,186.6825714111328,184.58502715953352,186.6825714111328,900,0.0,0.0
2012-06-14 00:00:00+09:00,186.6825867854597,201.36549377441406,186.6825867854597,201.36549377441406,5700,0.0,0.0
2012-06-15 00:00:00+09:00,190.87767860875786,197.17034912109375,188.78011537007708,197.17034912109375,6000,0.0,0.0
2012-06-18 00:00:00+09:00,190.877685546875,195.072792973016,188.78012223195094,190.877685546875,5400,0.0,0.0
2012-06-19 00:00:00+09:00,190.87766063036264,192.97520446777344,190.87766063036264,192.97520446777344,3600,0.0,0.0
2012-06-20 00:00:00+09:00,192.97524257334751,192.97524257334751,186.6825714111328,186.6825714111328,6000,0.0,0.0
2012-06-21 00:00:00+09:00,188.78012223195094,190.877685546875,188.78012223195094,190.877685546875,3600,0.0,0.0
2012-06-22 00:00:00+09:00,190.877685546875,190.877685546875,190.877685546875,190.877685546875,900,0.0,0.0
2012-06-25 00:00:00+09:00,190.87770704282747,195.07281494140625,188.78014349168348,195.07281494140625,3900,0.0,0.0
2012-06-26 00:00:00+09:00,190.87768414917403,190.87768414917403,188.78012084960938,188.78012084960938,2100,0.0,0.0
2012-06-27 00:00:00+09:00,188.78012084960938,188.78012084960938,188.78012084960938,188.78012084960938,2100,0.0,0.0
2012-06-28 00:00:00+09:00,186.6825714111328,186.6825714111328,186.6825714111328,186.6825714111328,300,0.0,0.0
2012-06-29 00:00:00+09:00,184.58501480580998,190.877685546875,184.58501480580998,190.877685546875,1500,0.0,0.0
2012-07-02 00:00:00+09:00,190.877685546875,192.97522965809193,188.78012223195094,190.877685546875,7500,0.0,0.0
2012-07-03 00:00:00+09:00,190.877685546875,190.877685546875,190.877685546875,190.877685546875,7500,0.0,0.0
2012-07-04 00:00:00+09:00,190.87768414917403,190.87768414917403,186.68255755004472,188.78012084960938,2700,0.0,0.0
2012-07-05 00:00:00+09:00,186.6825714111328,186.6825714111328,186.6825714111328,186.6825714111328,300,0.0,0.0
2012-07-06 00:00:00+09:00,188.78012084960938,188.78012084960938,188.78012084960938,188.78012084960938,300,0.0,0.0
2012-07-09 00:00:00+09:00,182.48746370422583,186.6825714111328,182.48746370422583,186.6825714111328,2100,0.0,0.0
2012-07-10 00:00:00+09:00,188.78009758924725,195.07276750888883,188.78009758924725,192.97520446777344,4200,0.0,0.0
2012-07-11 00:00:00+09:00,192.97520446777344,192.97520446777344,192.97520446777344,192.97520446777344,4200,0.0,0.0
2012-07-12 00:00:00+09:00,184.58501345418705,188.78012084960938,184.58501345418705,188.78012084960938,4500,0.0,0.0
2012-07-13 00:00:00+09:00,188.78012084960938,188.78012084960938,184.58501345418705,188.78012084960938,600,0.0,0.0
2012-07-17 00:00:00+09:00,186.68255755004472,188.78012084960938,184.58501345418705,188.78012084960938,1500,0.0,0.0
2012-07-18 00:00:00+09:00,188.78012084960938,188.78012084960938,182.4874501546224,188.78012084960938,900,0.0,0.0
2012-07-19 00:00:00+09:00,188.78012084960938,188.78012084960938,186.68255755004472,188.78012084960938,600,0.0,0.0
2012-07-20 00:00:00+09:00,188.78012084960938,188.78012084960938,186.68255755004472,188.78012084960938,900,0.0,0.0
2012-07-23 00:00:00+09:00,188.78014400087554,188.78014400087554,182.4874725341797,182.4874725341797,300,0.0,0.0
2012-07-24 00:00:00+09:00,184.58501931034928,184.58501931034928,176.19478504960827,180.389892578125,2100,0.0,0.0
2012-07-25 00:00:00+09:00,180.389892578125,180.389892578125,180.389892578125,180.389892578125,2100,0.0,0.0
2012-07-26 00:00:00+09:00,180.389892578125,180.389892578125,180.389892578125,180.389892578125,2100,0.0,0.0
2012-07-27 00:00:00+09:00,169.90213012695312,174.09723804983895,169.90213012695312,169.90213012695312,6900,0.0,0.0
2012-07-30 00:00:00+09:00,171.99969369025072,174.09723804983895,169.90213012695312,169.90213012695312,3900,0.0,0.0
2012-07-31 00:00:00+09:00,167.80455017089844,167.80455017089844,165.70700601621843,167.80455017089844,2100,0.0,0.0
2012-08-01 00:00:00+09:00,167.80455017089844,167.80455017089844,167.80455017089844,167.80455017089844,2100,0.0,0.0
2012-08-02 00:00:00+09:00,167.80454337841186,167.80454337841186,163.60943603515625,163.60943603515625,23400,0.0,0.0
2012-08-03 00:00:00+09:00,165.70703887194023,165.70703887194023,155.2192488060873,157.31680297851562,6600,0.0,0.0
2012-08-06 00:00:00+09:00,155.21923720144844,155.21923720144844,153.12167358398438,153.12167358398438,1800,0.0,0.0
2012-08-07 00:00:00+09:00,153.12168503180334,157.31680297851562,153.12168503180334,157.31680297851562,300,0.0,0.0
2012-08-08 00:00:00+09:00,155.2192488060873,157.31680297851562,155.2192488060873,157.31680297851562,1500,0.0,0.0
2012-08-09 00:00:00+09:00,157.31680297851562,157.31680297851562,157.31680297851562,157.31680297851562,300,0.0,0.0
2012-08-10 00:00:00+09:00,157.31680297851562,157.31680297851562,157.31680297851562,157.31680297851562,300,0.0,0.0
2012-08-13 00:00:00+09:00,157.31680297851562,157.31680297851562,157.31680297851562,157.31680297851562,600,0.0,0.0
2012-08-14 00:00:00+09:00,157.31680297851562,157.31680297851562,157.31680297851562,157.31680297851562,600,0.0,0.0
2012-08-15 00:00:00+09:00,161.5118686170777,161.5118686170777,155.21920776367188,155.21920776367188,1200,0.0,0.0
2012-08-16 00:00:00+09:00,155.21920776367188,157.3167613814738,155.21920776367188,155.21920776367188,900,0.0,0.0
2012-08-17 00:00:00+09:00,157.31678324883677,159.41433715820312,157.31678324883677,159.41433715820312,900,0.0,0.0
2012-08-20 00:00:00+09:00,159.41433715820312,159.41433715820312,159.41433715820312,159.41433715820312,300,0.0,0.0
2012-08-21 00:00:00+09:00,161.51187133789062,163.60943459288103,161.51187133789062,161.51187133789062,1800,0.0,0.0
2012-08-22 00:00:00+09:00,161.51187133789062,161.51187133789062,161.51187133789062,161.51187133789062,300,0.0,0.0
2012-08-23 00:00:00+09:00,159.41431909004726,163.60943603515625,159.41431909004726,163.60943603515625,1200,0.0,0.0
2012-08-24 00:00:00+09:00,161.51189507747205,169.90213012695312,161.51189507747205,169.90213012695312,3300,0.0,0.0
2012-08-27 00:00:00+09:00,165.7069993086374,165.7069993086374,163.60943603515625,163.60943603515625,5700,0.0,0.0
2012-08-28 00:00:00+09:00,163.60945864076967,171.99969369025072,163.60945864076967,169.90213012695312,4800,0.0,0.0
2012-08-29 00:00:00+09:00,169.90211352928594,169.90211352928594,167.80455017089844,167.80455017089844,3600,0.0,0.0
2012-08-30 00:00:00+09:00,163.6094426578309,167.80455017089844,163.6094426578309,167.80455017089844,1800,0.0,0.0
2012-08-31 00:00:00+09:00,163.60943459288103,163.60943459288103,161.51187133789062,161.51187133789062,3000,0.0,0.0
2012-09-03 00:00:00+09:00,161.5118792994434,167.80455017089844,161.5118792994434,167.80455017089844,600,0.0,0.0
2012-09-04 00:00:00+09:00,167.8045448202188,167.8045448202188,163.60943744091807,165.70700073242188,1200,0.0,0.0
2012-09-05 00:00:00+09:00,165.70700073242188,165.70700073242188,165.70700073242188,165.70700073242188,1200,0.0,0.0
2012-09-06 00:00:00+09:00,165.70700073242188,165.70700073242188,165.70700073242188,165.70700073242188,1200,0.0,0.0
2012-09-07 00:00:00+09:00,165.70700073242188,165.70700073242188,165.70700073242188,165.70700073242188,1200,0.0,0.0
2012-09-10 00:00:00+09:00,165.70700073242188,165.70700073242188,165.70700073242188,165.70700073242188,1200,0.0,0.0
2012-09-11 00:00:00+09:00,165.70699505638783,165.70699505638783,155.21920776367188,155.21920776367188,300,0.0,0.0
2012-09-12 00:00:00+09:00,157.31676677011353,165.70700073242188,157.31676677011353,165.70700073242188,600,0.0,0.0
2012-09-13 00:00:00+09:00,165.70699784787143,165.70699784787143,159.4143176847535,161.51187133789062,600,0.0,0.0
2012-09-14 00:00:00+09:00,161.51187414941427,165.70700073242188,161.51187414941427,165.70700073242188,1200,0.0,0.0
2012-09-18 00:00:00+09:00,165.70699784787143,165.70699784787143,161.51187133789062,161.51187133789062,600,0.0,0.0
2012-09-19 00:00:00+09:00,159.4143204597639,165.70700073242188,159.4143204597639,165.70700073242188,3300,0.0,0.0
2012-09-20 00:00:00+09:00,165.70700073242188,165.70700073242188,165.70700073242188,165.70700073242188,3300,0.0,0.0
2012-09-21 00:00:00+09:00,161.51187133789062,161.51187133789062,161.51187133789062,161.51187133789062,600,0.0,0.0
2012-09-24 00:00:00+09:00,159.41431499927577,159.41431499927577,155.21920776367188,155.21920776367188,2100,0.0,0.0
2012-09-25 00:00:00+09:00,155.21920776367188,155.21920776367188,155.21920776367188,155.21920776367188,2100,0.0,0.0
2012-09-26 00:00:00+09:00,155.21920776367188,155.21920776367188,155.21920776367188,155.21920776367188,2100,0.0,0.0
2012-09-27 00:00:00+09:00,155.2192488060873,157.31680297851562,155.2192488060873,157.31680297851562,600,0.0,0.0
2012-09-28 00:00:00+09:00,157.31678324883677,159.41433715820312,157.31678324883677,159.41433715820312,600,0.0,0.0
2012-10-01 00:00:00+09:00,157.3167613814738,157.3167613814738,153.12164454401682,155.21920776367188,1500,0.0,0.0
2012-10-02 00:00:00+09:00,151.02411956837526,153.12167358398438,151.02411956837526,153.12167358398438,3000,0.0,0.0
2012-10-03 00:00:00+09:00,148.9265700663275,151.0241241455078,144.73145230611166,151.0241241455078,6900,0.0,0.0
2012-10-04 00:00:00+09:00,148.9265594482422,148.9265594482422,148.9265594482422,148.9265594482422,300,0.0,0.0
2012-10-05 00:00:00+09:00,148.92656555276614,153.12167358398438,148.92656555276614,153.12167358398438,900,0.0,0.0
2012-10-09 00:00:00+09:00,153.12167358398438,153.12167358398438,153.12167358398438,153.12167358398438,600,0.0,0.0
2012-10-10 00:00:00+09:00,151.02412787353794,151.02412787353794,144.7314558788072,146.82901000976562,5700,0.0,0.0
2012-10-11 00:00:00+09:00,148.9265594482422,151.02411337787223,148.9265594482422,148.9265594482422,4200,0.0,0.0
2012-10-12 00:00:00+09:00,148.9265700663275,151.0241241455078,148.9265700663275,151.0241241455078,600,0.0,0.0
2012-10-15 00:00:00+09:00,151.02411956837526,153.12167358398438,151.02411956837526,153.12167358398438,600,0.0,0.0
2012-10-16 00:00:00+09:00,146.82901000976562,146.82901000976562,146.82901000976562,146.82901000976562,2400,0.0,0.0
2012-10-17 00:00:00+09:00,146.82901000976562,146.82901000976562,146.82901000976562,146.82901000976562,1800,0.0,0.0
2012-10-18 00:00:00+09:00,146.82901000976562,148.9265737425795,144.7314558788072,146.82901000976562,6300,0.0,0.0
2012-10-19 00:00:00+09:00,146.82901000976562,146.82901000976562,146.82901000976562,146.82901000976562,300,0.0,0.0
2012-10-22 00:00:00+09:00,146.82901000976562,146.82901000976562,146.82901000976562,146.82901000976562,11400,0.0,0.0
2012-10-23 00:00:00+09:00,148.9265157667829,148.9265157667829,144.7313995361328,144.7313995361328,2400,0.0,0.0
2012-10-24 00:00:00+09:00,146.82901000976562,146.82901000976562,146.82901000976562,146.82901000976562,300,0.0,0.0
2012-10-25 00:00:00+09:00,146.82901000976562,146.82901000976562,146.82901000976562,146.82901000976562,300,0.0,0.0
2012-10-26 00:00:00+09:00,146.82901000976562,148.9265737425795,146.82901000976562,146.82901000976562,17400,0.0,0.0
2012-10-29 00:00:00+09:00,148.9265594482422,151.02411337787223,148.9265594482422,148.9265594482422,2700,0.0,0.0
2012-10-30 00:00:00+09:00,148.9265594482422,148.9265594482422,148.9265594482422,148.9265594482422,600,0.0,0.0
2012-10-31 00:00:00+09:00,148.9265737425795,148.9265737425795,146.82901000976562,146.82901000976562,600,0.0,0.0
2012-11-01 00:00:00+09:00,146.8289959167576,148.9265594482422,146.8289959167576,148.9265594482422,2100,0.0,0.0
2012-11-02 00:00:00+09:00,148.9265594482422,148.9265594482422,148.9265594482422,148.9265594482422,0,0.0,0.0
2012-11-05 00:00:00+09:00,148.9265594482422,148.9265594482422,148.9265594482422,148.9265594482422,600,0.0,0.0
2012-11-06 00:00:00+09:00,146.82901000976562,146.82901000976562,146.82901000976562,146.82901000976562,1800,0.0,0.0
2012-11-07 00:00:00+09:00,144.7313995361328,146.828952850532,144.7313995361328,144.7313995361328,2400,0.0,0.0
2012-11-08 00:00:00+09:00,146.82901000976562,146.82901000976562,146.82901000976562,146.82901000976562,300,0.0,0.0
2012-11-09 00:00:00+09:00,144.7313995361328,144.7313995361328,144.7313995361328,144.7313995361328,300,0.0,0.0
2012-11-12 00:00:00+09:00,144.7313995361328,144.7313995361328,144.7313995361328,144.7313995361328,300,0.0,0.0
2012-11-13 00:00:00+09:00,144.73143443541954,144.73143443541954,142.63388061523438,142.63388061523438,600,0.0,0.0
2012-11-14 00:00:00+09:00,144.7313995361328,144.7313995361328,144.7313995361328,144.7313995361328,1800,0.0,0.0
2012-11-15 00:00:00+09:00,144.7313995361328,144.7313995361328,144.7313995361328,144.7313995361328,0,0.0,0.0
2012-11-16 00:00:00+09:00,142.63388061523438,142.63388061523438,142.63388061523438,142.63388061523438,300,0.0,0.0
2012-11-19 00:00:00+09:00,144.7313995361328,146.828952850532,144.7313995361328,144.7313995361328,1800,0.0,0.0
2012-11-20 00:00:00+09:00,146.82901000976562,148.9265737425795,144.7314558788072,146.82901000976562,1800,0.0,0.0
2012-11-21 00:00:00+09:00,146.82901000976562,146.82901000976562,146.82901000976562,146.82901000976562,1800,0.0,0.0
2012-11-22 00:00:00+09:00,146.82901000976562,146.82901000976562,146.82901000976562,146.82901000976562,1200,0.0,0.0
2012-11-26 00:00:00+09:00,146.8289959167576,151.02411337787223,146.8289959167576,148.9265594482422,24900,0.0,0.0
2012-11-27 00:00:00+09:00,151.02411956837526,153.12167358398438,151.02411956837526,153.12167358398438,7500,0.0,0.0
2012-11-28 00:00:00+09:00,153.12167358398438,157.31679121705756,153.12167358398438,153.12167358398438,11700,0.0,0.0
2012-11-29 00:00:00+09:00,155.21920776367188,155.21920776367188,155.21920776367188,155.21920776367188,300,0.0,0.0
2012-11-30 00:00:00+09:00,155.21920776367188,155.21920776367188,155.21920776367188,155.21920776367188,3000,0.0,0.0
2012-12-03 00:00:00+09:00,155.21923720144844,155.21923720144844,153.12167358398438,153.12167358398438,2100,0.0,0.0
2012-12-04 00:00:00+09:00,153.12167822468814,153.12167822468814,151.0241241455078,151.0241241455078,5100,0.0,0.0
2012-12-05 00:00:00+09:00,148.9265594482422,148.9265594482422,146.8289959167576,148.9265594482422,9300,0.0,0.0
2012-12-06 00:00:00+09:00,148.9265594482422,148.9265594482422,148.9265594482422,148.9265594482422,0,0.0,0.0
2012-12-07 00:00:00+09:00,148.9265700663275,151.0241241455078,148.9265700663275,151.0241241455078,3900,0.0,0.0
2012-12-10 00:00:00+09:00,153.12167822468814,153.12167822468814,151.0241241455078,151.0241241455078,4200,0.0,0.0
2012-12-11 00:00:00+09:00,151.02411956837526,153.12167358398438,151.02411956837526,153.12167358398438,5100,0.0,0.0
2012-12-12 00:00:00+09:00,155.21921037847926,161.51187133789062,155.21921037847926,161.51187133789062,12000,0.0,0.0
2012-12-13 00:00:00+09:00,182.48747309932003,182.48747309932003,167.8045665636555,169.90213012695312,17400,0.0,0.0
2012-12-14 00:00:00+09:00,178.2923505348514,178.2923505348514,171.9996795654297,171.9996795654297,3000,0.0,0.0
2012-12-17 00:00:00+09:00,171.99969369025072,171.99969369025072,169.90213012695312,169.90213012695312,600,0.0,0.0
2012-12-18 00:00:00+09:00,167.80455017089844,167.80455017089844,167.80455017089844,167.80455017089844,7200,0.0,0.0
2012-12-19 00:00:00+09:00,167.8045665636555,169.90213012695312,163.60945864076967,169.90213012695312,12300,0.0,0.0
2012-12-20 00:00:00+09:00,169.90213012695312,169.90213012695312,169.90213012695312,169.90213012695312,1500,0.0,0.0
2012-12-21 00:00:00+09:00,171.99967688767344,178.2923477591285,167.80455017089844,167.80455017089844,3300,0.0,0.0
2012-12-25 00:00:00+09:00,171.9996795654297,171.9996795654297,171.9996795654297,171.9996795654297,3900,0.0,0.0
2012-12-26 00:00:00+09:00,167.8045665636555,169.90213012695312,167.8045665636555,169.90213012695312,3300,0.0,0.0
2012-12-27 00:00:00+09:00,169.90212129899436,174.09722900390625,167.8045578446842,174.09722900390625,2700,0.0,0.0
2012-12-28 00:00:00+09:00,174.09722900390625,174.09722900390625,174.09722900390625,174.09722900390625,600,0.0,0.0
2013-01-04 00:00:00+09:00,174.09723143132504,180.3899026782851,174.09723143132504,178.2923583984375,5100,0.0,0.0
2013-01-07 00:00:00+09:00,180.38990897737798,182.4874725341797,178.29236462428557,182.4874725341797,11100,0.0,0.0
2013-01-08 00:00:00+09:00,182.4874725341797,182.4874725341797,182.4874725341797,182.4874725341797,600,0.0,0.0
2013-01-09 00:00:00+09:00,174.09723143132504,178.2923583984375,174.09723143132504,178.2923583984375,1200,0.0,0.0
2013-01-10 00:00:00+09:00,182.4874725341797,182.4874725341797,178.29236462428557,182.4874725341797,7500,0.0,0.0
2013-01-11 00:00:00+09:00,182.48746370422583,197.17036948396287,180.38990024891814,186.6825714111328,20700,0.0,0.0
2013-01-15 00:00:00+09:00,186.68258044407384,188.78014400087554,182.4874725341797,182.4874725341797,21600,0.0,0.0
2013-01-16 00:00:00+09:00,184.58504435929103,184.58504435929103,176.19480895996094,176.19480895996094,8100,0.0,0.0
2013-01-17 00:00:00+09:00,176.19480895996094,178.292372610721,174.09724530920087,176.19480895996094,5400,0.0,0.0
2013-01-18 00:00:00+09:00,176.19480895996094,176.19480895996094,176.19480895996094,176.19480895996094,1500,0.0,0.0
2013-01-21 00:00:00+09:00,178.292372610721,178.292372610721,176.19480895996094,176.19480895996094,4500,0.0,0.0
2013-01-22 00:00:00+09:00,178.292372610721,178.292372610721,176.19480895996094,176.19480895996094,2100,0.0,0.0
2013-01-23 00:00:00+09:00,176.19479245821637,176.19479245821637,171.99968475330448,174.09722900390625,6900,0.0,0.0
2013-01-24 00:00:00+09:00,174.09722900390625,174.09722900390625,163.60945013977235,174.09722900390625,3900,0.0,0.0
2013-01-25 00:00:00+09:00,169.90213012695312,169.90213012695312,169.90213012695312,169.90213012695312,1500,0.0,0.0
2013-01-28 00:00:00+09:00,174.09724530920087,178.292372610721,169.9021372113909,176.19480895996094,10800,0.0,0.0
2013-01-29 00:00:00+09:00,174.09724530920087,178.292372610721,174.09724530920087,176.19480895996094,1800,0.0,0.0
2013-01-30 00:00:00+09:00,174.09722908670346,186.6825714111328,174.09722908670346,186.6825714111328,5700,0.0,0.0
2013-01-31 00:00:00+09:00,190.877685546875,190.877685546875,190.877685546875,190.877685546875,600,0.0,0.0
2013-02-01 00:00:00+09:00,188.78011395610068,188.78011395610068,180.38988026792745,184.5850067138672,6000,0.0,0.0
2013-02-04 00:00:00+09:00,180.38988026792745,186.68255073313082,180.38988026792745,184.5850067138672,5400,0.0,0.0
2013-02-05 00:00:00+09:00,184.5850067138672,184.5850067138672,182.48744349089733,184.5850067138672,2100,0.0,0.0
2013-02-06 00:00:00+09:00,186.6825589170269,190.877685546875,184.58501480580998,190.877685546875,5400,0.0,0.0
2013-02-07 00:00:00+09:00,190.877685546875,190.877685546875,190.877685546875,190.877685546875,900,0.0,0.0
2013-02-08 00:00:00+09:00,190.877685546875,190.877685546875,184.58501480580998,190.877685546875,3900,0.0,0.0
2013-02-12 00:00:00+09:00,190.87768414917403,190.87768414917403,184.58501345418705,188.78012084960938,3300,0.0,0.0
2013-02-13 00:00:00+09:00,188.780126838866,188.780126838866,180.389892578125,180.389892578125,9000,0.0,0.0
2013-02-14 00:00:00+09:00,180.389892578125,180.389892578125,180.389892578125,180.389892578125,4200,0.0,0.0
2013-02-15 00:00:00+09:00,178.2923505348514,178.2923505348514,169.90211617438652,171.9996795654297,6600,0.0,0.0
2013-02-18 00:00:00+09:00,184.5850067138672,184.5850067138672,184.5850067138672,184.5850067138672,300,0.0,0.0
2013-02-19 00:00:00+09:00,176.19479491488127,178.2923583984375,176.19479491488127,178.2923583984375,4800,0.0,0.0
2013-02-20 00:00:00+09:00,178.292372610721,178.292372610721,176.19480895996094,176.19480895996094,4200,0.0,0.0
2013-02-21 00:00:00+09:00,178.292372610721,178.292372610721,176.19480895996094,176.19480895996094,8700,0.0,0.0
2013-02-22 00:00:00+09:00,176.19478504960827,180.389892578125,176.19478504960827,180.389892578125,1500,0.0,0.0
2013-02-25 00:00:00+09:00,180.38990024891814,186.6825714111328,180.38990024891814,186.6825714111328,2700,0.0,0.0
2013-02-26 00:00:00+09:00,176.19477302569396,184.5850067138672,176.19477302569396,184.5850067138672,3000,0.0,0.0
2013-02-27 00:00:00+09:00,180.389892578125,180.389892578125,180.389892578125,180.389892578125,1200,0.0,0.0
2013-02-28 00:00:00+09:00,182.48745594423713,182.48745594423713,180.389892578125,180.389892578125,600,0.0,0.0
2013-03-01 00:00:00+09:00,180.3899026782851,180.3899026782851,178.2923583984375,178.2923583984375,5400,0.0,0.0
2013-03-04 00:00:00+09:00,186.68253454813185,192.97520446777344,186.68253454813185,192.97520446777344,6300,0.0,0.0
2013-03-05 00:00:00+09:00,197.17037849255027,197.17037849255027,195.07281494140625,195.07281494140625,5100,0.0,0.0
2013-03-06 00:00:00+09:00,199.267922839985,199.267922839985,195.07281494140625,195.07281494140625,3000,0.0,0.0
2013-03-07 00:00:00+09:00,197.17036956588854,199.26791381835938,197.17036956588854,199.26791381835938,3300,0.0,0.0
2013-03-08 00:00:00+09:00,199.26791381835938,199.26791381835938,192.97524265353005,199.26791381835938,9900,0.0,0.0
2013-03-11 00:00:00+09:00,199.26793014636058,201.36549377441406,197.17038572201707,201.36549377441406,3900,0.0,0.0
2013-03-12 00:00:00+09:00,197.17034912109375,201.3654563947489,197.17034912109375,197.17034912109375,2700,0.0,0.0
2013-03-13 00:00:00+09:00,195.0728061097093,205.56058498318873,195.0728061097093,199.26791381835938,3600,0.0,0.0
2013-03-14 00:00:00+09:00,199.26791381835938,199.26791381835938,197.17036956588854,199.26791381835938,3000,0.0,0.0
2013-03-15 00:00:00+09:00,197.17034912109375,199.2678931560681,195.07278588241297,197.17034912109375,9000,0.0,0.0
2013-03-18 00:00:00+09:00,201.3654563947489,201.3654563947489,195.07278588241297,197.17034912109375,4500,0.0,0.0
2013-03-19 00:00:00+09:00,199.26791381835938,199.26791381835938,199.26791381835938,199.26791381835938,600,0.0,0.0
2013-03-21 00:00:00+09:00,201.36547111742425,207.65814208984375,199.2679077253818,207.65814208984375,10200,0.0,0.0
2013-03-22 00:00:00+09:00,207.65815848821538,209.75572204589844,203.46305057655857,209.75572204589844,5400,0.0,0.0
2013-03-25 00:00:00+09:00,209.75569822874797,213.9508056640625,209.75569822874797,213.9508056640625,3000,0.0,0.0
2013-03-26 00:00:00+09:00,213.950807028441,216.04837036132815,211.85324369555386,216.04837036132812,3000,0.0,0.0
2013-03-27 00:00:00+09:00,216.04837036132815,216.04837036132815,216.04837036132815,216.04837036132812,1500,0.0,0.0
2013-03-28 00:00:00+09:00,211.85326639987218,211.85326639987218,205.56059493053232,209.75572204589844,3300,0.0,0.0
2013-03-29 00:00:00+09:00,211.85326639987218,211.85326639987218,209.75572204589844,209.75572204589844,1200,0.0,0.0
2013-04-01 00:00:00+09:00,205.56056366840403,205.56056366840403,197.17034912109375,197.17034912109375,5700,0.0,0.0
2013-04-02 00:00:00+09:00,192.9752519918526,220.2435014268951,192.9752519918526,209.75572204589844,1800,0.0,0.0
2013-04-03 00:00:00+09:00,211.8532423445517,213.9508056640625,211.8532423445517,213.9508056640625,600,0.0,0.0
2013-04-04 00:00:00+09:00,201.36547111742425,207.65814208984375,201.36547111742425,207.65814208984375,600,0.0,0.0
2013-04-05 00:00:00+09:00,207.6581407713019,211.85324832504182,205.56057739257812,205.56057739257812,2400,0.0,0.0
2013-04-08 00:00:00+09:00,199.26793014636058,201.36549377441406,197.17038572201707,201.36549377441406,18900,0.0,0.0
2013-04-09 00:00:00+09:00,201.36547111742425,207.65814208984375,201.36547111742425,207.65814208984375,10500,0.0,0.0
2013-04-10 00:00:00+09:00,207.65814208984375,211.8532496702208,207.65814208984375,207.65814208984375,5100,0.0,0.0
2013-04-11 00:00:00+09:00,207.6581634720351,211.853271484375,207.6581634720351,211.853271484375,4800,0.0,0.0
2013-04-12 00:00:00+09:00,211.85327069761064,226.5361774918366,211.85327069761064,224.43861389160156,14400,0.0,0.0
2013-04-15 00:00:00+09:00,218.14590454101562,224.43857504896516,218.14590454101562,218.14590454101562,3300,0.0,0.0
2013-04-16 00:00:00+09:00,216.04836050750336,218.14590454101562,211.85323403306606,218.14590454101562,2400,0.0,0.0
2013-04-17 00:00:00+09:00,218.14592110062418,220.2434844970703,218.14592110062418,220.2434844970703,2100,0.0,0.0
2013-04-18 00:00:00+09:00,218.14590454101562,218.14590454101562,218.14590454101562,218.14590454101562,2100,0.0,0.0
2013-04-19 00:00:00+09:00,218.145914490508,218.145914490508,211.85324369555386,216.04837036132812,8100,0.0,0.0
2013-04-22 00:00:00+09:00,216.04837036132815,218.145914490508,213.950807028441,216.04837036132812,6000,0.0,0.0
2013-04-23 00:00:00+09:00,218.14592110062418,222.34104789351647,218.14592110062418,220.2434844970703,6300,0.0,0.0
2013-04-24 00:00:00+09:00,220.2434844970703,220.2434844970703,216.04837690788588,220.2434844970703,6900,0.0,0.0
2013-04-25 00:00:00+09:00,218.14590454101562,220.24346777823428,218.14590454101562,218.14590454101562,5400,0.0,0.0
2013-04-26 00:00:00+09:00,216.04836898357334,216.04836898357334,213.9508056640625,213.9508056640625,4500,0.0,0.0
2013-04-30 00:00:00+09:00,213.950807028441,216.04837036132815,213.950807028441,216.04837036132812,2400,0.0,0.0
2013-05-01 00:00:00+09:00,216.04837036132815,216.04837036132815,213.950807028441,216.04837036132812,6000,0.0,0.0
2013-05-02 00:00:00+09:00,213.950807028441,216.04837036132815,213.950807028441,216.04837036132812,900,0.0,0.0
2013-05-07 00:00:00+09:00,218.14590454101562,224.43857504896516,218.14590454101562,218.14590454101562,6300,0.0,0.0
2013-05-08 00:00:00+09:00,222.34104789351647,222.34104789351647,220.2434844970703,220.2434844970703,5100,0.0,0.0
2013-05-09 00:00:00+09:00,224.43859208625477,224.43859208625477,220.2434844970703,220.2434844970703,1500,0.0,0.0
2013-05-10 00:00:00+09:00,222.34104115628227,224.43858528546215,216.04837036132815,216.04837036132812,9000,0.0,0.0
2013-05-13 00:00:00+09:00,213.95082995755524,213.95082995755524,207.65815848821538,209.75572204589844,16200,0.0,0.0
2013-05-14 00:00:00+09:00,209.75570548188617,209.75570548188617,207.65814208984375,207.65814208984375,4500,0.0,0.0
2013-05-15 00:00:00+09:00,207.65815848821538,209.75572204589844,207.65815848821538,209.75572204589844,6600,0.0,0.0
2013-05-16 00:00:00+09:00,207.65816545486447,207.65816545486447,197.17038572201707,201.36549377441406,10200,0.0,0.0
2013-05-17 00:00:00+09:00,199.26790646011443,205.56057739257812,199.26790646011443,205.56057739257812,1800,0.0,0.0
2013-05-20 00:00:00+09:00,205.56059493053232,209.75572204589844,205.56059493053232,209.75572204589844,2400,0.0,0.0
2013-05-21 00:00:00+09:00,211.8532423445517,213.9508056640625,211.8532423445517,213.9508056640625,1800,0.0,0.0
2013-05-22 00:00:00+09:00,216.04836050750336,218.14590454101562,213.9507972702847,218.14590454101562,4500,0.0,0.0
2013-05-23 00:00:00+09:00,230.73128976112136,230.73128976112136,203.4630584716797,203.4630584716797,13500,0.0,0.0
2013-05-24 00:00:00+09:00,203.46304073071786,205.56058498318873,199.26791381835938,199.26791381835938,9600,0.0,0.0
2013-05-27 00:00:00+09:00,199.26791381835938,199.26791381835938,199.26791381835938,199.26791381835938,300,0.0,0.0
2013-05-28 00:00:00+09:00,199.26793014636058,201.36549377441406,199.26793014636058,201.36549377441406,900,0.0,0.0
2013-05-29 00:00:00+09:00,203.46303450946667,209.75570548188617,203.46303450946667,207.65814208984375,9900,0.0,0.0
2013-05-30 00:00:00+09:00,209.7556899995538,224.43857504896516,205.56056352511652,218.14590454101562,14100,0.0,0.0
2013-05-31 00:00:00+09:00,213.9508056640625,222.3410397383987,207.65813490923713,213.9508056640625,16200,0.0,0.0
2013-06-03 00:00:00+09:00,213.9508056640625,213.9508056640625,213.9508056640625,213.9508056640625,0,0.0,0.0
2013-06-04 00:00:00+09:00,205.5605998640103,211.853271484375,203.46305545969523,211.853271484375,3600,0.0,0.0
2013-06-05 00:00:00+09:00,211.85324832504182,211.85324832504182,203.463033217562,205.56057739257812,3900,0.0,0.0
2013-06-06 00:00:00+09:00,201.36546223958334,203.463025539148,188.78012084960938,188.78012084960938,2700,0.0,0.0
2013-06-07 00:00:00+09:00,184.58501345418705,188.78012084960938,176.1947794596354,188.78012084960938,9600,0.0,0.0
2013-06-10 00:00:00+09:00,188.78011537007708,197.17034912109375,184.58500809642194,197.17034912109375,2400,0.0,0.0
2013-06-11 00:00:00+09:00,197.17037849255027,197.17037849255027,195.07281494140625,195.07281494140625,600,0.0,0.0
2013-06-12 00:00:00+09:00,192.97522119833417,192.97522119833417,182.48744349089733,184.5850067138672,2400,0.0,0.0
2013-06-13 00:00:00+09:00,184.5850067138672,186.68255073313082,184.5850067138672,184.5850067138672,1500,0.0,0.0
2013-06-14 00:00:00+09:00,188.78012084960938,188.78012084960938,184.58501345418705,188.78012084960938,4800,0.0,0.0
2013-06-17 00:00:00+09:00,188.78012084960938,188.78012084960938,188.78012084960938,188.78012084960938,600,0.0,0.0
2013-06-18 00:00:00+09:00,190.877685546875,190.877685546875,190.877685546875,190.877685546875,900,0.0,0.0
2013-06-19 00:00:00+09:00,190.877685546875,190.877685546875,190.877685546875,190.877685546875,0,0.0,0.0
2013-06-20 00:00:00+09:00,190.877685546875,190.877685546875,190.877685546875,190.877685546875,0,0.0,0.0
2013-06-21 00:00:00+09:00,190.877685546875,190.877685546875,190.877685546875,190.877685546875,900,0.0,0.0
2013-06-24 00:00:00+09:00,188.78012084960938,188.78012084960938,188.78012084960938,188.78012084960938,900,0.0,0.0
2013-06-25 00:00:00+09:00,188.78011395610068,188.78011395610068,184.5850067138672,184.5850067138672,600,0.0,0.0
2013-06-26 00:00:00+09:00,184.58502964539755,184.58502964539755,178.2923583984375,178.2923583984375,3000,0.0,0.0
2013-06-27 00:00:00+09:00,178.29234841572043,180.389892578125,176.19478504960827,180.389892578125,900,0.0,0.0
2013-06-28 00:00:00+09:00,178.29232079107948,192.97520446777344,178.29232079107948,192.97520446777344,9600,0.0,0.0
2013-07-01 00:00:00+09:00,186.6825714111328,186.6825714111328,186.6825714111328,186.6825714111328,13800,0.0,0.0
2013-07-02 00:00:00+09:00,186.6825589170269,190.877685546875,184.58501480580998,190.877685546875,1200,0.0,0.0
2013-07-03 00:00:00+09:00,190.87770704282747,195.07281494140625,184.5850355931047,195.07281494140625,1500,0.0,0.0
2013-07-04 00:00:00+09:00,195.07281494140625,195.07281494140625,195.07281494140625,195.07281494140625,0,0.0,0.0
2013-07-05 00:00:00+09:00,190.87770704282747,195.07281494140625,190.87770704282747,195.07281494140625,600,0.0,0.0
2013-07-08 00:00:00+09:00,192.97522965809193,192.97522965809193,190.877685546875,190.877685546875,1200,0.0,0.0
2013-07-09 00:00:00+09:00,190.87766063036264,192.97520446777344,190.87766063036264,192.97520446777344,600,0.0,0.0
2013-07-10 00:00:00+09:00,192.97520446777344,195.07276750888883,192.97520446777344,192.97520446777344,2100,0.0,0.0
2013-07-11 00:00:00+09:00,190.877685546875,190.877685546875,190.877685546875,190.877685546875,600,0.0,0.0
2013-07-12 00:00:00+09:00,190.87767860875786,201.3654563947489,190.87767860875786,197.17034912109375,3000,0.0,0.0
2013-07-16 00:00:00+09:00,192.97524257334751,192.97524257334751,182.48746370422583,186.6825714111328,3000,0.0,0.0
2013-07-17 00:00:00+09:00,192.97522965809193,192.97522965809193,188.78012223195094,190.877685546875,1200,0.0,0.0
2013-07-18 00:00:00+09:00,195.07281494140625,195.07281494140625,195.07281494140625,195.07281494140625,600,0.0,0.0
2013-07-19 00:00:00+09:00,188.78012084960938,188.78012084960938,186.68255755004472,188.78012084960938,3000,0.0,0.0
2013-07-22 00:00:00+09:00,190.87768414917403,190.87768414917403,188.78012084960938,188.78012084960938,1800,0.0,0.0
2013-07-23 00:00:00+09:00,186.6825714111328,186.6825714111328,186.6825714111328,186.6825714111328,2400,0.0,0.0
2013-07-24 00:00:00+09:00,188.78012223195094,190.877685546875,188.78012223195094,190.877685546875,2100,0.0,0.0
2013-07-25 00:00:00+09:00,188.78012084960938,188.78012084960938,188.78012084960938,188.78012084960938,300,0.0,0.0
2013-07-26 00:00:00+09:00,188.7801348664405,188.7801348664405,186.6825714111328,186.6825714111328,5100,0.0,0.0
2013-07-29 00:00:00+09:00,184.58501931034928,184.58501931034928,180.389892578125,180.389892578125,2400,0.0,0.0
2013-07-30 00:00:00+09:00,180.38988026792745,184.5850067138672,180.38988026792745,184.5850067138672,34500,0.0,0.0
2013-07-31 00:00:00+09:00,184.5850067138672,184.5850067138672,184.5850067138672,184.5850067138672,0,0.0,0.0
2013-08-01 00:00:00+09:00,184.5850067138672,184.5850067138672,184.5850067138672,184.5850067138672,300,0.0,0.0
2013-08-02 00:00:00+09:00,184.5850067138672,184.5850067138672,182.48744349089733,184.5850067138672,3300,0.0,0.0
2013-08-05 00:00:00+09:00,184.58502715953352,186.6825714111328,184.58502715953352,186.6825714111328,900,0.0,0.0
2013-08-06 00:00:00+09:00,188.78012084960938,188.78012084960938,188.78012084960938,188.78012084960938,300,0.0,0.0
2013-08-07 00:00:00+09:00,188.78012084960938,188.78012084960938,188.78012084960938,188.78012084960938,300,0.0,0.0
2013-08-08 00:00:00+09:00,188.78012084960938,188.78012084960938,188.78012084960938,188.78012084960938,300,0.0,0.0
2013-08-09 00:00:00+09:00,186.6825714111328,186.6825714111328,186.6825714111328,186.6825714111328,1200,0.0,0.0
2013-08-12 00:00:00+09:00,184.58502715953352,186.6825714111328,178.29235599731882,186.6825714111328,6300,0.0,0.0
2013-08-13 00:00:00+09:00,186.6825714111328,186.6825714111328,186.6825714111328,186.6825714111328,0,0.0,0.0
2013-08-14 00:00:00+09:00,188.7801348664405,188.7801348664405,186.6825714111328,186.6825714111328,3300,0.0,0.0
2013-08-15 00:00:00+09:00,186.6825714111328,186.6825714111328,186.6825714111328,186.6825714111328,0,0.0,0.0
2013-08-16 00:00:00+09:00,184.5850067138672,184.5850067138672,184.5850067138672,184.5850067138672,900,0.0,0.0
2013-08-19 00:00:00+09:00,184.5850067138672,184.5850067138672,184.5850067138672,184.5850067138672,0,0.0,0.0
2013-08-20 00:00:00+09:00,184.5850067138672,184.5850067138672,184.5850067138672,184.5850067138672,900,0.0,0.0
2013-08-21 00:00:00+09:00,184.58502715953352,186.6825714111328,184.58502715953352,186.6825714111328,1200,0.0,0.0
2013-08-22 00:00:00+09:00,186.6825714111328,186.6825714111328,186.6825714111328,186.6825714111328,0,0.0,0.0
2013-08-23 00:00:00+09:00,184.5850067138672,184.5850067138672,184.5850067138672,184.5850067138672,900,0.0,0.0
2013-08-26 00:00:00+09:00,184.5850067138672,184.5850067138672,184.5850067138672,184.5850067138672,0,0.0,0.0
2013-08-27 00:00:00+09:00,184.5850067138672,184.5850067138672,184.5850067138672,184.5850067138672,0,0.0,0.0
2013-08-28 00:00:00+09:00,180.38988026792745,184.5850067138672,180.38988026792745,184.5850067138672,2100,0.0,0.0
2013-08-29 00:00:00+09:00,182.4874501546224,188.78012084960938,182.4874501546224,188.78012084960938,1200,0.0,0.0
2013-08-30 00:00:00+09:00,188.78012084960938,188.78012084960938,188.78012084960938,188.78012084960938,0,0.0,0.0
2013-09-02 00:00:00+09:00,188.78012084960938,188.78012084960938,188.78012084960938,188.78012084960938,0,0.0,0.0
2013-09-03 00:00:00+09:00,184.58502715953352,186.6825714111328,184.58502715953352,186.6825714111328,900,0.0,0.0
2013-09-04 00:00:00+09:00,186.6825714111328,186.6825714111328,186.6825714111328,186.6825714111328,0,0.0,0.0
2013-09-05 00:00:00+09:00,192.97520446777344,192.97520446777344,192.97520446777344,192.97520446777344,600,0.0,0.0
2013-09-06 00:00:00+09:00,192.97520446777344,192.97520446777344,192.97520446777344,192.97520446777344,0,0.0,0.0
2013-09-09 00:00:00+09:00,192.97520446777344,192.97520446777344,192.97520446777344,192.97520446777344,600,0.0,0.0
2013-09-10 00:00:00+09:00,192.97520446777344,199.267874387415,182.48742766960567,192.97520446777344,8700,0.0,0.0
2013-09-11 00:00:00+09:00,190.877685546875,192.97522965809193,190.877685546875,190.877685546875,2400,0.0,0.0
2013-09-12 00:00:00+09:00,192.97520446777344,192.97520446777344,192.97520446777344,192.97520446777344,600,0.0,0.0
2013-09-13 00:00:00+09:00,190.877685546875,190.877685546875,190.877685546875,190.877685546875,1800,0.0,0.0
2013-09-17 00:00:00+09:00,197.17034912109375,197.17034912109375,197.17034912109375,197.17034912109375,1500,0.0,0.0
2013-09-18 00:00:00+09:00,203.4630584716797,203.4630584716797,197.17038675816084,203.4630584716797,900,0.0,0.0
2013-09-19 00:00:00+09:00,201.3654948326034,203.4630584716797,201.3654948326034,203.4630584716797,1500,0.0,0.0
2013-09-20 00:00:00+09:00,203.46304073071786,203.46304073071786,195.0728061097093,199.26791381835938,5400,0.0,0.0
2013-09-24 00:00:00+09:00,201.36549377441406,201.36549377441406,197.17038572201707,201.36549377441406,900,0.0,0.0
2013-09-25 00:00:00+09:00,195.07282209396362,201.36549377441406,195.07282209396362,201.36549377441406,2100,0.0,0.0
2013-09-26 00:00:00+09:00,201.36546415441177,222.3410397383987,201.36546415441177,213.9508056640625,8100,0.0,0.0
2013-09-27 00:00:00+09:00,220.2434844970703,220.2434844970703,211.8532501149936,220.2434844970703,5700,0.0,0.0
2013-09-30 00:00:00+09:00,209.75570592225532,220.2434844970703,209.75570592225532,220.2434844970703,2400,0.0,0.0
2013-10-01 00:00:00+09:00,213.95082995755524,213.95082995755524,209.75572204589844,209.75572204589844,1800,0.0,0.0
2013-10-02 00:00:00+09:00,209.75572204589844,209.75572204589844,203.46305057655857,209.75572204589844,1800,0.0,0.0
2013-10-03 00:00:00+09:00,207.65814208984375,207.65814208984375,207.65814208984375,207.65814208984375,300,0.0,0.0
2013-10-04 00:00:00+09:00,203.4630584716797,205.56060290704593,199.2679311935271,203.4630584716797,4500,0.0,0.0
2013-10-07 00:00:00+09:00,209.75570548188617,209.75570548188617,207.65814208984375,207.65814208984375,1200,0.0,0.0
2013-10-08 00:00:00+09:00,207.6581407713019,207.6581407713019,195.07279890637452,205.56057739257812,2700,0.0,0.0
2013-10-09 00:00:00+09:00,203.4630584716797,203.4630584716797,199.2679311935271,203.4630584716797,1800,0.0,0.0
2013-10-10 00:00:00+09:00,203.4630584716797,203.4630584716797,203.4630584716797,203.4630584716797,0,0.0,0.0
2013-10-11 00:00:00+09:00,201.3654698388382,209.7557041500257,201.3654698388382,205.56057739257812,3300,0.0,0.0
2013-10-15 00:00:00+09:00,205.56059493053232,209.75572204589844,205.56059493053232,209.75572204589844,1800,0.0,0.0
2013-10-16 00:00:00+09:00,205.56057739257812,205.56057739257812,205.56057739257812,205.56057739257812,600,0.0,0.0
2013-10-17 00:00:00+09:00,205.56060290704593,205.56060290704593,203.4630584716797,203.4630584716797,600,0.0,0.0
2013-10-18 00:00:00+09:00,205.56057739257812,205.56057739257812,205.56057739257812,205.56057739257812,1200,0.0,0.0
2013-10-21 00:00:00+09:00,207.6581407713019,207.6581407713019,201.3654698388382,205.56057739257812,2100,0.0,0.0
2013-10-22 00:00:00+09:00,205.56060182681102,205.56060182681102,201.36549377441406,201.36549377441406,1800,0.0,0.0
2013-10-23 00:00:00+09:00,203.46305057655857,213.95082995755524,203.46305057655857,209.75572204589844,3300,0.0,0.0
2013-10-24 00:00:00+09:00,207.65815848821538,209.75572204589844,207.65815848821538,209.75572204589844,1800,0.0,0.0
2013-10-25 00:00:00+09:00,211.853271484375,211.853271484375,211.853271484375,211.853271484375,300,0.0,0.0
2013-10-28 00:00:00+09:00,213.9508350923998,213.9508350923998,209.75572708005993,211.853271484375,6300,0.0,0.0
2013-10-29 00:00:00+09:00,211.853271484375,211.853271484375,211.853271484375,211.853271484375,0,0.0,0.0
2013-10-30 00:00:00+09:00,211.85324369555386,220.24347782339515,211.85324369555386,216.04837036132812,3600,0.0,0.0
2013-10-31 00:00:00+09:00,216.04837036132815,216.04837036132815,216.04837036132815,216.04837036132812,0,0.0,0.0
2013-11-01 00:00:00+09:00,213.9508117037656,213.9508117037656,201.3654698388382,205.56057739257812,7200,0.0,0.0
2013-11-05 00:00:00+09:00,209.75572204589844,209.75572204589844,209.75572204589844,209.75572204589844,1500,0.0,0.0
2013-11-06 00:00:00+09:00,207.6581634720351,211.853271484375,205.5605998640103,211.853271484375,1200,0.0,0.0
2013-11-07 00:00:00+09:00,205.5605786978013,207.65814208984375,205.5605786978013,207.65814208984375,5700,0.0,0.0
2013-11-08 00:00:00+09:00,209.7557041500257,209.7557041500257,205.56057739257812,205.56057739257812,2700,0.0,0.0
2013-11-11 00:00:00+09:00,207.6581407713019,207.6581407713019,205.56057739257812,205.56057739257812,1800,0.0,0.0
2013-11-12 00:00:00+09:00,205.56059493053232,209.75572204589844,205.56059493053232,209.75572204589844,1800,0.0,0.0
2013-11-13 00:00:00+09:00,211.853271484375,213.9508350923998,209.75572708005993,211.853271484375,2700,0.0,0.0
2013-11-14 00:00:00+09:00,209.75572204589844,220.2435014268951,209.75572204589844,209.75572204589844,6000,0.0,0.0
2013-11-15 00:00:00+09:00,209.755699566374,216.04837036132815,209.755699566374,216.04837036132812,900,0.0,0.0
2013-11-18 00:00:00+09:00,216.04836898357334,220.24347641888787,213.9508056640625,213.9508056640625,6600,0.0,0.0
2013-11-19 00:00:00+09:00,213.9508056640625,213.9508056640625,213.9508056640625,213.9508056640625,4200,0.0,0.0
2013-11-20 00:00:00+09:00,213.950807028441,216.04837036132815,213.950807028441,216.04837036132812,3900,0.0,0.0
2013-11-21 00:00:00+09:00,213.950807028441,216.04837036132815,213.950807028441,216.04837036132812,7800,0.0,0.0
2013-11-22 00:00:00+09:00,216.04837036132815,216.04837036132815,213.950807028441,216.04837036132812,3300,0.0,0.0
2013-11-25 00:00:00+09:00,216.04837036132815,216.04837036132815,216.04837036132815,216.04837036132812,1200,0.0,0.0
2013-11-26 00:00:00+09:00,216.04836050750336,220.24346777823428,213.9507972702847,218.14590454101562,6300,0.0,0.0
2013-11-27 00:00:00+09:00,220.2434844970703,220.2434844970703,218.14592110062418,220.2434844970703,2700,0.0,0.0
2013-11-28 00:00:00+09:00,224.4385713164852,278.9750609475609,224.4385713164852,249.6092529296875,277800,0.0,0.0
2013-11-29 00:00:00+09:00,245.41417566928493,245.41417566928493,230.73126986903173,237.02394104003906,53700,0.0,0.0
2013-12-02 00:00:00+09:00,237.02394884401278,237.02394884401278,226.53616961492838,230.7312774658203,24900,0.0,0.0
2013-12-03 00:00:00+09:00,230.73130214730173,230.73130214730173,226.53619384765625,226.53619384765625,6000,0.0,0.0
2013-12-04 00:00:00+09:00,230.73125690523284,232.82882024561835,220.24347861072005,228.6337127685547,15000,0.0,0.0
2013-12-05 00:00:00+09:00,232.82886589898,232.82886589898,226.53619384765625,226.53619384765625,6300,0.0,0.0
2013-12-06 00:00:00+09:00,228.63373314222886,232.82884099312082,226.53616961492838,230.7312774658203,6000,0.0,0.0
2013-12-09 00:00:00+09:00,226.5361410604941,232.8288116455078,226.5361410604941,232.8288116455078,7800,0.0,0.0
2013-12-10 00:00:00+09:00,230.7312576439816,241.21905517578125,230.7312576439816,241.21905517578125,6000,0.0,0.0
2013-12-11 00:00:00+09:00,241.2190783012207,241.2190783012207,234.92640686035153,234.92640686035156,1200,0.0,0.0
2013-12-12 00:00:00+09:00,237.0239512048351,237.0239512048351,228.63373541948238,234.92640686035156,3300,0.0,0.0
2013-12-13 00:00:00+09:00,245.4141456202457,245.4141456202457,237.02391201831819,239.12147521972656,9900,0.0,0.0
2013-12-16 00:00:00+09:00,239.12148223052154,241.2190454934283,232.8288116455078,232.8288116455078,1800,0.0,0.0
2013-12-17 00:00:00+09:00,232.82884099312082,232.82884099312082,228.63373314222886,230.7312774658203,5400,0.0,0.0
2013-12-18 00:00:00+09:00,239.12149106306748,239.12149106306748,224.4385860877837,228.6337127685547,9300,0.0,0.0
2013-12-19 00:00:00+09:00,230.73130214730173,230.73130214730173,226.53619384765625,226.53619384765625,4500,0.0,0.0
2013-12-20 00:00:00+09:00,222.3410310154529,222.3410310154529,218.14590454101562,218.14590454101562,8700,0.0,0.0
2013-12-24 00:00:00+09:00,218.14593786921205,218.14593786921205,205.56059493053232,209.75572204589844,13200,0.0,0.0
2013-12-25 00:00:00+09:00,211.853271484375,211.853271484375,209.75572708005993,211.853271484375,4500,0.0,0.0
2013-12-26 00:00:00+09:00,211.853271484375,211.853271484375,211.853271484375,211.853271484375,0,0.0,0.0
2013-12-27 00:00:00+09:00,218.14592110062418,220.2434844970703,218.14592110062418,220.2434844970703,3300,0.0,0.0
2013-12-30 00:00:00+09:00,224.43861389160156,224.43861389160156,224.43861389160156,224.43861389160156,600,0.0,0.0
2014-01-06 00:00:00+09:00,224.43860880208504,224.43860880208504,222.34106445312497,222.341064453125,2400,0.0,0.0
2014-01-07 00:00:00+09:00,220.24346401816922,247.51170882165408,220.24346401816922,239.12147521972656,23700,0.0,0.0
2014-01-08 00:00:00+09:00,239.12147521972656,241.21903842113497,230.73124161779907,239.12147521972656,17100,0.0,0.0
2014-01-09 00:00:00+09:00,237.023918775554,245.4141526166759,237.023918775554,243.31658935546875,9000,0.0,0.0
2014-01-10 00:00:00+09:00,243.31664297213544,251.70687866210938,243.31664297213544,251.70687866210938,15300,0.0,0.0
2014-01-14 00:00:00+09:00,251.70684936253954,268.4872995854726,247.5117416077334,253.80441284179688,47100,0.0,0.0
2014-01-15 00:00:00+09:00,262.19463988432085,306.24334046029446,260.09709551650934,287.3653259277344,176400,0.0,0.0
2014-01-16 00:00:00+09:00,285.2677376816216,287.3652817268005,262.19459955500173,278.9750671386719,33900,0.0,0.0
2014-01-17 00:00:00+09:00,289.4628434614702,289.4628434614702,264.2921614213423,276.87750244140625,33900,0.0,0.0
2014-01-20 00:00:00+09:00,272.6823951692871,278.975065679319,270.5848319313743,276.87750244140625,25200,0.0,0.0
2014-01-21 00:00:00+09:00,272.68243408203125,272.68243408203125,272.68243408203125,272.68243408203125,3600,0.0,0.0
2014-01-22 00:00:00+09:00,268.48730585651555,274.77997723755664,262.1946344754745,270.5848693847656,6000,0.0,0.0
2014-01-23 00:00:00+09:00,268.4873070075463,272.68243408203125,262.19463559952794,272.68243408203125,6600,0.0,0.0
2014-01-24 00:00:00+09:00,262.19463559952794,274.7799784155646,255.9019641915096,272.68243408203125,12300,0.0,0.0
2014-01-27 00:00:00+09:00,268.4873308383464,268.4873308383464,249.6093149386882,251.70687866210938,21300,0.0,0.0
2014-01-28 00:00:00+09:00,251.70687866210938,253.80444238553056,241.2190984524251,251.70687866210938,28800,0.0,0.0
2014-01-29 00:00:00+09:00,251.70681613202305,257.9994865353236,247.51170893105802,249.6092529296875,5400,0.0,0.0
2014-01-30 00:00:00+09:00,253.8043879429523,253.8043879429523,245.41415405273438,245.41415405273438,2100,0.0,0.0
2014-01-31 00:00:00+09:00,247.511715877883,247.511715877883,243.31658935546878,243.31658935546875,3000,0.0,0.0
2014-02-03 00:00:00+09:00,243.31659217890564,249.60926283184034,241.2190480970653,247.51171875,7500,0.0,0.0
2014-02-04 00:00:00+09:00,243.31659931917525,249.60927015677208,230.7312576439816,241.21905517578125,21600,0.0,0.0
2014-02-05 00:00:00+09:00,239.12150449827763,241.2190679565162,237.02394104003906,237.02394104003906,6300,0.0,0.0
2014-02-06 00:00:00+09:00,241.2190783012207,245.41418619389705,234.92640686035153,234.92640686035156,1200,0.0,0.0
2014-02-07 00:00:00+09:00,241.2190984524251,266.389786318636,241.2190984524251,251.70687866210938,48000,0.0,0.0
2014-02-10 00:00:00+09:00,251.7068407012195,257.99951171875,251.7068407012195,257.99951171875,14400,0.0,0.0
2014-02-12 00:00:00+09:00,257.99949617384664,278.97507136970387,253.80438881615788,268.4872741699219,67800,0.0,0.0
2014-02-13 00:00:00+09:00,264.2921991367704,272.68243408203125,264.2921991367704,272.68243408203125,18000,0.0,0.0
2014-02-14 00:00:00+09:00,270.5848461332775,274.7799536255809,260.09706780066534,264.29217529296875,23100,0.0,0.0
2014-02-17 00:00:00+09:00,272.6824094812829,272.6824094812829,260.09706780066534,264.29217529296875,5100,0.0,0.0
2014-02-18 00:00:00+09:00,264.29217663160483,268.48728414515637,264.29217663160483,266.3897399902344,3000,0.0,0.0
2014-02-19 00:00:00+09:00,272.68243408203125,272.68243408203125,266.3897626740129,272.68243408203125,6000,0.0,0.0
2014-02-20 00:00:00+09:00,266.3897399902344,266.3897399902344,262.1946132729753,266.3897399902344,1800,0.0,0.0
2014-02-21 00:00:00+09:00,262.1946132729753,266.3897399902344,262.1946132729753,266.3897399902344,5400,0.0,0.0
2014-02-24 00:00:00+09:00,268.48736967352147,302.04829808410426,268.48736967352147,291.5605163574219,72000,0.0,0.0
2014-02-25 00:00:00+09:00,283.1701744327362,285.2677376816216,268.4872700979514,278.9750671386719,27300,0.0,0.0
2014-02-26 00:00:00+09:00,281.0726111838508,281.0726111838508,270.58483334683683,278.9750671386719,3000,0.0,0.0
2014-02-27 00:00:00+09:00,270.5848374506196,274.77994480830836,268.4872741699219,268.4872741699219,3000,0.0,0.0
2014-02-28 00:00:00+09:00,266.3897606844473,272.68243204546803,253.80441796240584,255.90196228027344,13800,0.0,0.0
2014-03-03 00:00:00+09:00,253.80444238553056,253.80444238553056,245.41420669555663,251.70687866210938,3000,0.0,0.0
2014-03-04 00:00:00+09:00,249.6092529296875,249.6092529296875,249.6092529296875,249.6092529296875,3300,0.0,0.0
2014-03-05 00:00:00+09:00,253.804404108299,257.99951171875,253.804404108299,257.99951171875,1800,0.0,0.0
2014-03-06 00:00:00+09:00,255.90194831167054,257.99951171875,253.804404108299,257.99951171875,3600,0.0,0.0
2014-03-07 00:00:00+09:00,260.0970764160156,264.29218404727607,260.0970764160156,260.0970764160156,7500,0.0,0.0
2014-03-10 00:00:00+09:00,260.0971143520833,260.0971143520833,247.51177041897782,251.70687866210938,12600,0.0,0.0
2014-03-11 00:00:00+09:00,253.80439696035657,278.9750803215917,253.80439696035657,264.29217529296875,13800,0.0,0.0
2014-03-12 00:00:00+09:00,266.38973864097414,268.4872827852721,260.09706780066534,264.29217529296875,3600,0.0,0.0
2014-03-13 00:00:00+09:00,264.2921827362805,264.2921827362805,257.99951171875,257.99951171875,2100,0.0,0.0
2014-03-14 00:00:00+09:00,253.80438940293467,253.80438940293467,247.51171875,247.51171875,11700,0.0,0.0
2014-03-17 00:00:00+09:00,247.511715877883,247.511715877883,243.31658935546878,243.31658935546875,6300,0.0,0.0
2014-03-18 00:00:00+09:00,245.41415405273438,251.70682466947113,245.41415405273438,245.41415405273438,6000,0.0,0.0
2014-03-19 00:00:00+09:00,245.41416266627667,245.41416266627667,241.21905517578125,241.21905517578125,4200,0.0,0.0
2014-03-20 00:00:00+09:00,241.2190783012207,243.31662264570426,234.92640686035153,234.92640686035156,6600,0.0,0.0
2014-03-24 00:00:00+09:00,228.63373541948238,243.31662264570426,228.63373541948238,234.92640686035156,4200,0.0,0.0
2014-03-25 00:00:00+09:00,232.8288116455078,232.8288116455078,230.73124838260102,232.8288116455078,6000,0.0,0.0
2014-03-26 00:00:00+09:00,234.92640686035153,234.92640686035153,234.92640686035153,234.92640686035156,600,0.0,0.0
2014-03-27 00:00:00+09:00,232.8288116455078,232.8288116455078,226.5361410604941,232.8288116455078,3000,0.0,0.0
2014-03-28 00:00:00+09:00,237.02394104003906,237.02394104003906,237.02394104003906,237.02394104003906,300,0.0,0.0
2014-03-31 00:00:00+09:00,247.51171875,247.51171875,247.51171875,247.51171875,300,0.0,0.0
2014-04-01 00:00:00+09:00,249.6093149386882,251.70687866210938,249.6093149386882,251.70687866210938,900,0.0,0.0
2014-04-02 00:00:00+09:00,243.31658252638692,249.6092529296875,243.31658252638692,249.6092529296875,900,0.0,0.0
2014-04-03 00:00:00+09:00,239.12147521972656,241.21903842113497,234.92636802061585,239.12147521972656,9600,0.0,0.0
2014-04-04 00:00:00+09:00,239.12149182867984,241.21905517578125,239.12149182867984,241.21905517578125,2100,0.0,0.0
2014-04-07 00:00:00+09:00,241.21905517578125,241.21905517578125,241.21905517578125,241.21905517578125,1800,0.0,0.0
2014-04-08 00:00:00+09:00,243.31659217890564,247.51171875,241.2190480970653,247.51171875,2700,0.0,0.0
2014-04-09 00:00:00+09:00,245.41418619389705,245.41418619389705,234.92640686035153,234.92640686035156,3900,0.0,0.0
2014-04-10 00:00:00+09:00,234.92636802061585,239.12147521972656,234.92636802061585,239.12147521972656,1200,0.0,0.0
2014-04-11 00:00:00+09:00,230.73127746582034,230.73127746582034,230.73127746582034,230.7312774658203,300,0.0,0.0
2014-04-14 00:00:00+09:00,230.73127976396594,234.92640686035153,230.73127976396594,234.92640686035156,600,0.0,0.0
2014-04-15 00:00:00+09:00,237.02394104003906,237.02394104003906,237.02394104003906,237.02394104003906,300,0.0,0.0
2014-04-16 00:00:00+09:00,237.02394104003906,237.02394104003906,237.02394104003906,237.02394104003906,0,0.0,0.0
2014-04-17 00:00:00+09:00,239.1215147530279,239.1215147530279,234.92640686035153,234.92640686035156,600,0.0,0.0
2014-04-18 00:00:00+09:00,239.1214834359976,245.41415405273438,239.1214834359976,245.41415405273438,2100,0.0,0.0
2014-04-21 00:00:00+09:00,245.41415405273438,245.41415405273438,245.41415405273438,245.41415405273438,0,0.0,0.0
2014-04-22 00:00:00+09:00,245.41415405273438,245.41415405273438,245.41415405273438,245.41415405273438,0,0.0,0.0
2014-04-23 00:00:00+09:00,241.21905517578125,241.21905517578125,241.21905517578125,241.21905517578125,600,0.0,0.0
2014-04-24 00:00:00+09:00,241.21903842113497,241.21903842113497,239.12147521972656,239.12147521972656,900,0.0,0.0
2014-04-25 00:00:00+09:00,239.12147521972656,239.12147521972656,239.12147521972656,239.12147521972656,0,0.0,0.0
2014-04-28 00:00:00+09:00,239.12147521972656,239.12147521972656,239.12147521972656,239.12147521972656,600,0.0,0.0
2014-04-30 00:00:00+09:00,239.12150449827763,239.12150449827763,237.02394104003906,237.02394104003906,1500,0.0,0.0
2014-05-01 00:00:00+09:00,239.1215123713133,239.1215123713133,228.63373314222886,230.7312774658203,7200,0.0,0.0
2014-05-02 00:00:00+09:00,232.8288116455078,232.8288116455078,232.8288116455078,232.8288116455078,1500,0.0,0.0
2014-05-07 00:00:00+09:00,232.8288116455078,232.8288116455078,230.73124838260102,232.8288116455078,1200,0.0,0.0
2014-05-08 00:00:00+09:00,232.8288116455078,232.8288116455078,226.5361410604941,232.8288116455078,1800,0.0,0.0
2014-05-09 00:00:00+09:00,226.53617235475437,226.53617235475437,218.14593734778632,222.341064453125,4800,0.0,0.0
2014-05-12 00:00:00+09:00,211.85327350726146,216.0484007633684,199.26793014636058,201.36549377441406,53700,0.0,0.0
2014-05-13 00:00:00+09:00,201.3654698388382,205.56057739257812,199.26790646011443,205.56057739257812,21600,0.0,0.0
2014-05-14 00:00:00+09:00,205.56057739257812,207.6581407713019,205.56057739257812,205.56057739257812,15600,0.0,0.0
2014-05-15 00:00:00+09:00,205.56057739257812,205.56057739257812,205.56057739257812,205.56057739257812,0,0.0,0.0
2014-05-16 00:00:00+09:00,203.46301963342967,203.46301963342967,195.07278588241297,197.17034912109375,6300,0.0,0.0
2014-05-19 00:00:00+09:00,195.0728059358824,197.17036939019252,169.90212129899436,174.09722900390625,20100,0.0,0.0
2014-05-20 00:00:00+09:00,178.292372610721,180.3899170577709,169.9021372113909,176.19480895996094,9600,0.0,0.0
2014-05-21 00:00:00+09:00,171.99969369025072,171.99969369025072,169.90213012695312,169.90213012695312,7500,0.0,0.0
2014-05-22 00:00:00+09:00,178.292372610721,178.292372610721,171.99970086215097,176.19480895996094,9300,0.0,0.0
2014-05-23 00:00:00+09:00,176.19479491488127,180.3899026782851,176.19479491488127,178.2923583984375,3000,0.0,0.0
2014-05-26 00:00:00+09:00,178.29236462428557,184.58503609098142,178.29236462428557,182.4874725341797,3000,0.0,0.0
2014-05-27 00:00:00+09:00,180.38990897737798,182.4874725341797,180.38990897737798,182.4874725341797,3300,0.0,0.0
2014-05-28 00:00:00+09:00,186.6825589170269,190.877685546875,186.6825589170269,190.877685546875,4200,0.0,0.0
2014-05-29 00:00:00+09:00,190.877685546875,190.877685546875,190.877685546875,190.877685546875,4200,0.0,0.0
2014-05-30 00:00:00+09:00,190.877685546875,190.877685546875,190.877685546875,190.877685546875,2100,0.0,0.0
2014-06-02 00:00:00+09:00,190.87770704282747,195.07281494140625,190.87770704282747,195.07281494140625,1200,0.0,0.0
2014-06-03 00:00:00+09:00,192.97522965809193,192.97522965809193,188.78012223195094,190.877685546875,6900,0.0,0.0
2014-06-04 00:00:00+09:00,195.072792973016,197.17035628794002,190.877685546875,190.877685546875,4800,0.0,0.0
2014-06-05 00:00:00+09:00,192.97522965809193,195.072792973016,190.877685546875,190.877685546875,6600,0.0,0.0
2014-06-06 00:00:00+09:00,192.97525139026223,195.07281494140625,192.97525139026223,195.07281494140625,3600,0.0,0.0
2014-06-09 00:00:00+09:00,197.17034912109375,197.17034912109375,195.07278588241297,197.17034912109375,6900,0.0,0.0
2014-06-10 00:00:00+09:00,197.17034912109375,199.2678931560681,197.17034912109375,197.17034912109375,11700,0.0,0.0
2014-06-11 00:00:00+09:00,201.3654563947489,205.56056366840403,197.17034912109375,197.17034912109375,18300,0.0,0.0
2014-06-12 00:00:00+09:00,197.17034912109375,197.17034912109375,197.17034912109375,197.17034912109375,3000,0.0,0.0
2014-06-13 00:00:00+09:00,195.07276750888883,195.07276750888883,190.87766063036264,192.97520446777344,20400,0.0,0.0
2014-06-16 00:00:00+09:00,190.877685546875,192.97522965809193,190.877685546875,190.877685546875,9000,0.0,0.0
2014-06-17 00:00:00+09:00,192.97520446777344,192.97520446777344,192.97520446777344,192.97520446777344,2400,0.0,0.0
2014-06-18 00:00:00+09:00,190.877685546875,190.877685546875,190.877685546875,190.877685546875,7200,0.0,0.0
2014-06-19 00:00:00+09:00,192.97520446777344,192.97520446777344,190.87766063036264,192.97520446777344,16800,0.0,0.0
2014-06-20 00:00:00+09:00,192.97520446777344,192.97520446777344,190.87766063036264,192.97520446777344,4200,0.0,0.0
2014-06-23 00:00:00+09:00,195.07278588241297,197.17034912109375,195.07278588241297,197.17034912109375,7500,0.0,0.0
2014-06-24 00:00:00+09:00,197.17034912109375,197.17034912109375,195.07278588241297,197.17034912109375,2100,0.0,0.0
2014-06-25 00:00:00+09:00,195.07278588241297,197.17034912109375,195.07278588241297,197.17034912109375,2400,0.0,0.0
2014-06-26 00:00:00+09:00,195.07281494140625,195.07281494140625,192.97525139026223,195.07281494140625,7500,0.0,0.0
2014-06-27 00:00:00+09:00,195.07276750888883,195.07276750888883,190.87766063036264,192.97520446777344,9900,0.0,0.0
2014-06-30 00:00:00+09:00,195.072792973016,195.072792973016,190.877685546875,190.877685546875,3600,0.0,0.0
2014-07-01 00:00:00+09:00,192.97525139026223,195.07281494140625,190.87770704282747,195.07281494140625,4800,0.0,0.0
2014-07-02 00:00:00+09:00,192.97524265353005,199.26791381835938,190.8776984010592,199.26791381835938,7500,0.0,0.0
2014-07-03 00:00:00+09:00,199.267922839985,199.267922839985,195.07281494140625,195.07281494140625,9000,0.0,0.0
2014-07-04 00:00:00+09:00,197.17036353704717,209.75570548188617,197.17036353704717,207.65814208984375,98100,0.0,0.0
2014-07-07 00:00:00+09:00,207.65815848821538,216.0483935152383,207.65815848821538,209.75572204589844,38700,0.0,0.0
2014-07-08 00:00:00+09:00,220.24347931588932,299.9506368575468,220.24347931588932,241.21905517578125,966300,0.0,0.0
2014-07-09 00:00:00+09:00,230.73130214730173,245.4142100016276,224.43863009597794,226.53619384765625,79800,0.0,0.0
2014-07-10 00:00:00+09:00,232.8288116455078,262.19460130766964,228.63370432340085,232.8288116455078,194700,0.0,0.0
2014-07-11 00:00:00+09:00,243.3165877200246,331.4139944503942,243.3165877200246,299.95062255859375,1952700,0.0,0.0
2014-07-14 00:00:00+09:00,268.4872700979514,283.1701744327362,255.90192901205202,278.9750671386719,388500,0.0,0.0
2014-07-15 00:00:00+09:00,289.4628493657791,293.65795672346786,264.2921668122331,268.4872741699219,218400,0.0,0.0
2014-07-16 00:00:00+09:00,262.19461932920103,268.4872903467315,251.7068407012195,257.99951171875,103800,0.0,0.0
2014-07-17 00:00:00+09:00,247.51171875,260.09706005586935,243.31659217890564,247.51171875,83700,0.0,0.0
2014-07-18 00:00:00+09:00,243.3165907792532,245.41415405273438,239.1214834359976,245.41415405273438,38400,0.0,0.0
2014-07-22 00:00:00+09:00,247.51170882165408,247.51170882165408,239.12147521972656,239.12147521972656,22200,0.0,0.0
2014-07-23 00:00:00+09:00,243.31659217890564,249.60926283184034,243.31659217890564,247.51171875,26700,0.0,0.0
2014-07-24 00:00:00+09:00,247.51172601337808,247.51172601337808,237.02392848157842,241.21905517578125,71400,0.0,0.0
2014-07-25 00:00:00+09:00,245.41418307980854,255.90196228027344,239.12151171878781,255.90196228027344,42900,0.0,0.0
2014-07-28 00:00:00+09:00,251.70682466947113,251.70682466947113,243.3165907792532,245.41415405273438,32400,0.0,0.0
2014-07-29 00:00:00+09:00,247.51171732621552,247.51171732621552,243.3165907792532,245.41415405273438,20400,0.0,0.0
2014-07-30 00:00:00+09:00,245.41415405273438,247.51171732621552,241.21904670947876,245.41415405273438,17400,0.0,0.0
2014-07-31 00:00:00+09:00,247.51170882165408,247.51170882165408,234.92636802061585,239.12147521972656,29100,0.0,0.0
2014-08-01 00:00:00+09:00,232.82884331215874,245.41418619389705,226.53617187128958,234.92640686035156,49200,0.0,0.0
2014-08-04 00:00:00+09:00,232.8288116455078,234.92637490841457,230.73124838260102,232.8288116455078,12900,0.0,0.0
2014-08-05 00:00:00+09:00,232.82882024561835,232.82882024561835,226.53614942816918,228.6337127685547,13500,0.0,0.0
2014-08-06 00:00:00+09:00,226.5361774918366,226.5361774918366,222.34106949507623,224.43861389160156,8700,0.0,0.0
2014-08-07 00:00:00+09:00,222.34106949507623,224.43861389160156,218.1459422946061,224.43861389160156,26100,0.0,0.0
2014-08-08 00:00:00+09:00,234.92640736172245,262.19463752787743,220.24350090045564,222.341064453125,218700,0.0,0.0
2014-08-11 00:00:00+09:00,224.43858528546215,224.43858528546215,211.85324369555386,216.04837036132812,32400,0.0,0.0
2014-08-12 00:00:00+09:00,216.04837036132815,216.04837036132815,211.85324369555386,216.04837036132812,10200,0.0,0.0
2014-08-13 00:00:00+09:00,216.04837036132815,216.04837036132815,213.950807028441,216.04837036132812,2400,0.0,0.0
2014-08-14 00:00:00+09:00,216.04837036132815,216.04837036132815,213.950807028441,216.04837036132812,4500,0.0,0.0
2014-08-15 00:00:00+09:00,216.04837690788588,222.34104789351647,216.04837690788588,220.2434844970703,18000,0.0,0.0
2014-08-18 00:00:00+09:00,218.14590454101562,220.24346777823428,216.04836050750336,218.14590454101562,18000,0.0,0.0
2014-08-19 00:00:00+09:00,220.24350090045564,224.43860880208504,220.24350090045564,222.341064453125,8700,0.0,0.0
2014-08-20 00:00:00+09:00,222.34106445312497,224.43860880208504,220.24350090045564,222.341064453125,7200,0.0,0.0
2014-08-21 00:00:00+09:00,222.3410310154529,222.3410310154529,218.14590454101562,218.14590454101562,11100,0.0,0.0
2014-08-22 00:00:00+09:00,220.24346777823428,220.24346777823428,216.04836050750336,218.14590454101562,15900,0.0,0.0
2014-08-25 00:00:00+09:00,222.3410310154529,224.43857504896516,213.9507972702847,218.14590454101562,17100,0.0,0.0
2014-08-26 00:00:00+09:00,220.24350090045564,224.43860880208504,220.24350090045564,222.341064453125,6000,0.0,0.0
2014-08-27 00:00:00+09:00,226.5361554827009,226.5361554827009,218.14592110062418,220.2434844970703,21900,0.0,0.0
2014-08-28 00:00:00+09:00,220.24350090045564,224.43860880208504,218.14593734778632,222.341064453125,11400,0.0,0.0
2014-08-29 00:00:00+09:00,222.34106949507623,226.5361774918366,222.34106949507623,224.43861389160156,10800,0.0,0.0
2014-09-01 00:00:00+09:00,224.43861389160156,226.5361774918366,222.34106949507623,224.43861389160156,3000,0.0,0.0
2014-09-02 00:00:00+09:00,226.53616961492838,232.82884099312082,226.53616961492838,230.7312774658203,16500,0.0,0.0
2014-09-03 00:00:00+09:00,237.02394884401278,237.02394884401278,230.73127746582034,230.7312774658203,23700,0.0,0.0
2014-09-04 00:00:00+09:00,230.73130214730173,232.82886589898,226.53619384765625,226.53619384765625,14100,0.0,0.0
2014-09-05 00:00:00+09:00,226.5361554827009,226.5361554827009,220.2434844970703,220.2434844970703,7800,0.0,0.0
2014-09-08 00:00:00+09:00,222.34106949507623,226.5361774918366,222.34106949507623,224.43861389160156,4500,0.0,0.0
2014-09-09 00:00:00+09:00,224.43861389160156,224.43861389160156,222.34106949507623,224.43861389160156,8700,0.0,0.0
2014-09-10 00:00:00+09:00,224.43861389160156,228.6337410920717,222.34106949507623,224.43861389160156,8100,0.0,0.0
2014-09-11 00:00:00+09:00,228.6337410920717,228.6337410920717,222.34106949507623,224.43861389160156,20400,0.0,0.0
2014-09-12 00:00:00+09:00,224.43861389160156,226.5361774918366,224.43861389160156,224.43861389160156,2100,0.0,0.0
2014-09-16 00:00:00+09:00,224.43861389160156,224.43861389160156,222.34106949507623,224.43861389160156,3000,0.0,0.0
2014-09-17 00:00:00+09:00,222.34104789351647,222.34104789351647,220.2434844970703,220.2434844970703,15600,0.0,0.0
2014-09-18 00:00:00+09:00,218.14592110062418,226.5361554827009,218.14592110062418,220.2434844970703,11100,0.0,0.0
2014-09-19 00:00:00+09:00,222.34106949507623,226.5361774918366,222.34106949507623,224.43861389160156,2700,0.0,0.0
2014-09-22 00:00:00+09:00,224.43860880208504,224.43860880208504,218.14593734778632,222.341064453125,9000,0.0,0.0
2014-09-24 00:00:00+09:00,220.24346777823428,220.24346777823428,218.14590454101562,218.14590454101562,4800,0.0,0.0
2014-09-25 00:00:00+09:00,222.34103613826125,287.36528674944844,222.34103613826125,247.51171875,726000,0.0,0.0
2014-09-26 00:00:00+09:00,241.21903842113497,241.21903842113497,230.73124161779907,239.12147521972656,57600,0.0,0.0
2014-09-29 00:00:00+09:00,239.1215147530279,239.1215147530279,230.73127976396594,234.92640686035156,36000,0.0,0.0
2014-09-30 00:00:00+09:00,232.82884099312082,232.82884099312082,228.63373314222886,230.7312774658203,11100,0.0,0.0
2014-10-01 00:00:00+09:00,234.92640736172245,234.92640736172245,220.24350090045564,222.341064453125,54300,0.0,0.0
2014-10-02 00:00:00+09:00,218.14591309937705,222.3410397383987,211.8532423445517,213.9508056640625,35100,0.0,0.0
2014-10-03 00:00:00+09:00,213.950807028441,216.04837036132815,213.950807028441,216.04837036132812,7500,0.0,0.0
2014-10-06 00:00:00+09:00,218.14590454101562,228.63370152340246,218.14590454101562,218.14590454101562,25500,0.0,0.0
2014-10-07 00:00:00+09:00,220.24347641888787,220.24347641888787,213.9508056640625,213.9508056640625,12000,0.0,0.0
2014-10-08 00:00:00+09:00,211.85323403306606,218.14590454101562,211.85323403306606,218.14590454101562,14100,0.0,0.0
2014-10-09 00:00:00+09:00,218.14593786921205,218.14593786921205,209.75572204589844,209.75572204589844,15900,0.0,0.0
2014-10-10 00:00:00+09:00,209.75569014576556,209.75569014576556,192.97522264373222,197.17034912109375,52800,0.0,0.0
2014-10-14 00:00:00+09:00,190.87770704282747,199.267922839985,190.87770704282747,195.07281494140625,22800,0.0,0.0
2014-10-15 00:00:00+09:00,197.17036228509832,257.9995082310115,195.07279890637452,205.56057739257812,642300,0.0,0.0
2014-10-16 00:00:00+09:00,207.65814208984375,232.82882597952178,197.17036353704717,207.65814208984375,186000,0.0,0.0
2014-10-17 00:00:00+09:00,211.8532496702208,211.8532496702208,205.5605786978013,207.65814208984375,27300,0.0,0.0
2014-10-20 00:00:00+09:00,211.85326639987218,211.85326639987218,207.65815848821538,209.75572204589844,18000,0.0,0.0
2014-10-21 00:00:00+09:00,211.85326639987218,237.02395227723161,209.75572204589844,209.75572204589844,159000,0.0,0.0
2014-10-22 00:00:00+09:00,218.14591309937705,220.24347641888787,211.8532423445517,213.9508056640625,36300,0.0,0.0
2014-10-23 00:00:00+09:00,218.145914490508,218.145914490508,213.950807028441,216.04837036132812,11700,0.0,0.0
2014-10-24 00:00:00+09:00,218.1459431047397,218.1459431047397,207.6581634720351,211.853271484375,28800,0.0,0.0
2014-10-27 00:00:00+09:00,211.85326639987218,211.85326639987218,207.65815848821538,209.75572204589844,13200,0.0,0.0
2014-10-28 00:00:00+09:00,207.65814208984375,209.75570548188617,205.5605786978013,207.65814208984375,8400,0.0,0.0
2014-10-29 00:00:00+09:00,207.65815848821538,209.75572204589844,207.65815848821538,209.75572204589844,5400,0.0,0.0
2014-10-30 00:00:00+09:00,211.85326639987218,211.85326639987218,209.75572204589844,209.75572204589844,3600,0.0,0.0
2014-10-31 00:00:00+09:00,213.9508056640625,213.9508056640625,209.75569822874797,213.9508056640625,11100,0.0,0.0
2014-11-04 00:00:00+09:00,218.1459431047397,220.2435067127645,211.853271484375,211.853271484375,19200,0.0,0.0
2014-11-05 00:00:00+09:00,213.950807028441,216.04837036132815,213.950807028441,216.04837036132812,9300,0.0,0.0
2014-11-06 00:00:00+09:00,218.145914490508,218.145914490508,211.85324369555386,216.04837036132812,19800,0.0,0.0
2014-11-07 00:00:00+09:00,216.0483935152383,216.0483935152383,209.75572204589844,209.75572204589844,17400,0.0,0.0
2014-11-10 00:00:00+09:00,211.8532423445517,213.9508056640625,211.8532423445517,213.9508056640625,13800,0.0,0.0
2014-11-11 00:00:00+09:00,213.950807028441,216.04837036132815,211.85324369555386,216.04837036132812,5100,0.0,0.0
2014-11-12 00:00:00+09:00,218.14590454101562,222.3410310154529,216.04836050750336,218.14590454101562,25800,0.0,0.0
2014-11-13 00:00:00+09:00,218.14591309937705,218.14591309937705,209.75569822874797,213.9508056640625,13200,0.0,0.0
2014-11-14 00:00:00+09:00,213.9508056640625,213.9508056640625,211.8532423445517,213.9508056640625,1800,0.0,0.0
2014-11-17 00:00:00+09:00,213.9508350923998,213.9508350923998,209.75572708005993,211.853271484375,4200,0.0,0.0
2014-11-18 00:00:00+09:00,209.75569822874797,213.9508056640625,209.75569822874797,213.9508056640625,11700,0.0,0.0
2014-11-19 00:00:00+09:00,213.9508056640625,228.63371049322407,211.8532423445517,213.9508056640625,35400,0.0,0.0
2014-11-20 00:00:00+09:00,216.04837036132815,218.145914490508,216.04837036132815,216.04837036132812,6600,0.0,0.0
2014-11-21 00:00:00+09:00,216.04837036132815,216.04837036132815,211.85324369555386,216.04837036132812,15900,0.0,0.0
2014-11-25 00:00:00+09:00,213.9508056640625,213.9508056640625,213.9508056640625,213.9508056640625,8700,0.0,0.0
2014-11-26 00:00:00+09:00,211.85324369555386,216.04837036132815,211.85324369555386,216.04837036132812,10800,0.0,0.0
2014-11-27 00:00:00+09:00,213.95081351143975,226.5361554827009,213.95081351143975,220.2434844970703,44700,0.0,0.0
2014-11-28 00:00:00+09:00,220.24350589484115,226.5361774918366,220.24350589484115,224.43861389160156,15300,0.0,0.0
2014-12-01 00:00:00+09:00,226.53617235475437,226.53617235475437,222.34106445312497,222.341064453125,11700,0.0,0.0
2014-12-02 00:00:00+09:00,220.24350090045564,222.34106445312497,220.24350090045564,222.341064453125,5400,0.0,0.0
2014-12-03 00:00:00+09:00,224.43859208625477,224.43859208625477,220.2434844970703,220.2434844970703,6600,0.0,0.0
2014-12-04 00:00:00+09:00,222.34106397861322,241.2190783012207,220.24350043042043,234.92640686035156,115500,0.0,0.0
2014-12-05 00:00:00+09:00,239.12149106306748,239.12149106306748,226.53614942816918,228.6337127685547,98400,0.0,0.0
2014-12-08 00:00:00+09:00,230.73127746582034,237.02394884401278,228.63373314222886,230.7312774658203,24600,0.0,0.0
2014-12-09 00:00:00+09:00,226.53619384765625,228.63375759933453,224.43863009597794,226.53619384765625,19500,0.0,0.0
2014-12-10 00:00:00+09:00,224.43861389160156,226.5361774918366,224.43861389160156,224.43861389160156,9600,0.0,0.0
2014-12-11 00:00:00+09:00,220.2434844970703,220.2434844970703,216.04837690788588,220.2434844970703,19800,0.0,0.0
2014-12-12 00:00:00+09:00,220.2434844970703,220.2434844970703,220.2434844970703,220.2434844970703,4800,0.0,0.0
2014-12-15 00:00:00+09:00,222.34106445312497,224.43860880208504,222.34106445312497,222.341064453125,7200,0.0,0.0
2014-12-16 00:00:00+09:00,220.24347782339515,220.24347782339515,216.04837036132815,216.04837036132812,8700,0.0,0.0
2014-12-17 00:00:00+09:00,216.04837690788588,222.34104789351647,216.04837690788588,220.2434844970703,5400,0.0,0.0
2014-12-18 00:00:00+09:00,222.34106445312497,224.43860880208504,220.24350090045564,222.341064453125,3000,0.0,0.0
2014-12-19 00:00:00+09:00,222.34108554801074,228.63375759933453,222.34108554801074,226.53619384765625,7500,0.0,0.0
2014-12-22 00:00:00+09:00,226.53617235475437,228.63373590742373,220.24350090045564,222.341064453125,10200,0.0,0.0
2014-12-24 00:00:00+09:00,222.34104789351647,226.5361554827009,220.2434844970703,220.2434844970703,16800,0.0,0.0
2014-12-25 00:00:00+09:00,218.14591309937705,220.24347641888787,213.9508056640625,213.9508056640625,21300,0.0,0.0
2014-12-26 00:00:00+09:00,213.950807028441,218.145914490508,213.950807028441,216.04837036132812,7800,0.0,0.0
2014-12-29 00:00:00+09:00,218.14590454101562,220.24346777823428,216.04836050750336,218.14590454101562,13500,0.0,0.0
2014-12-30 00:00:00+09:00,220.2434844970703,220.2434844970703,220.2434844970703,220.2434844970703,7800,0.0,0.0
2015-01-05 00:00:00+09:00,220.2434844970703,222.34104789351647,220.2434844970703,220.2434844970703,5700,0.0,0.0
2015-01-06 00:00:00+09:00,220.2434844970703,220.2434844970703,220.2434844970703,220.2434844970703,0,0.0,0.0
2015-01-07 00:00:00+09:00,220.24347641888787,220.24347641888787,211.8532423445517,213.9508056640625,15900,0.0,0.0
2015-01-08 00:00:00+09:00,216.04836050750336,220.24346777823428,216.04836050750336,218.14590454101562,8100,0.0,0.0
2015-01-09 00:00:00+09:00,220.24346777823428,220.24346777823428,218.14590454101562,218.14590454101562,9600,0.0,0.0
2015-01-13 00:00:00+09:00,216.04836050750336,218.14590454101562,216.04836050750336,218.14590454101562,4500,0.0,0.0
2015-01-14 00:00:00+09:00,218.14590454101562,220.24346777823428,218.14590454101562,218.14590454101562,6000,0.0,0.0
2015-01-15 00:00:00+09:00,216.04836050750336,218.14590454101562,213.9507972702847,218.14590454101562,7800,0.0,0.0
2015-01-16 00:00:00+09:00,216.04837036132815,216.04837036132815,213.950807028441,216.04837036132812,9900,0.0,0.0
2015-01-19 00:00:00+09:00,216.04837036132815,216.04837036132815,213.950807028441,216.04837036132812,2400,0.0,0.0
2015-01-20 00:00:00+09:00,216.04836050750336,218.14590454101562,216.04836050750336,218.14590454101562,5700,0.0,0.0
2015-01-21 00:00:00+09:00,220.24350589484115,230.73128548859702,220.24350589484115,224.43861389160156,28200,0.0,0.0
2015-01-22 00:00:00+09:00,226.53617235475437,228.63373590742373,222.34106445312497,222.341064453125,8700,0.0,0.0
2015-01-23 00:00:00+09:00,222.34106949507623,228.6337410920717,222.34106949507623,224.43861389160156,9900,0.0,0.0
2015-01-26 00:00:00+09:00,226.53619384765625,226.53619384765625,224.43863009597794,226.53619384765625,9300,0.0,0.0
2015-01-27 00:00:00+09:00,228.63375759933453,230.73130214730173,226.53619384765625,226.53619384765625,7200,0.0,0.0
2015-01-28 00:00:00+09:00,228.6337410920717,228.6337410920717,224.43861389160156,224.43861389160156,3000,0.0,0.0
2015-01-29 00:00:00+09:00,226.5361774918366,226.5361774918366,224.43861389160156,224.43861389160156,3300,0.0,0.0
2015-01-30 00:00:00+09:00,224.43861389160156,224.43861389160156,222.34106949507623,224.43861389160156,1800,0.0,0.0
2015-02-02 00:00:00+09:00,220.2434844970703,220.2434844970703,220.2434844970703,220.2434844970703,5100,0.0,0.0
2015-02-03 00:00:00+09:00,220.24346777823428,220.24346777823428,218.14590454101562,218.14590454101562,2100,0.0,0.0
2015-02-04 00:00:00+09:00,220.24346777823428,220.24346777823428,218.14590454101562,218.14590454101562,1200,0.0,0.0
2015-02-05 00:00:00+09:00,218.14590454101562,228.63370152340246,216.04836050750336,218.14590454101562,13200,0.0,0.0
2015-02-06 00:00:00+09:00,222.3410310154529,232.82880879413335,218.14590454101562,218.14590454101562,48000,0.0,0.0
2015-02-09 00:00:00+09:00,220.24346777823428,220.24346777823428,218.14590454101562,218.14590454101562,3000,0.0,0.0
2015-02-10 00:00:00+09:00,218.14592110062418,220.2434844970703,218.14592110062418,220.2434844970703,900,0.0,0.0
2015-02-12 00:00:00+09:00,220.24350090045564,224.43860880208504,220.24350090045564,222.341064453125,4200,0.0,0.0
2015-02-13 00:00:00+09:00,222.34104789351647,222.34104789351647,218.14592110062418,220.2434844970703,19200,0.0,0.0
2015-02-16 00:00:00+09:00,220.24346777823428,220.24346777823428,218.14590454101562,218.14590454101562,5700,0.0,0.0
2015-02-17 00:00:00+09:00,218.14592110062418,220.2434844970703,218.14592110062418,220.2434844970703,3300,0.0,0.0
2015-02-18 00:00:00+09:00,218.14590454101562,218.14590454101562,218.14590454101562,218.14590454101562,9600,0.0,0.0
2015-02-19 00:00:00+09:00,220.2434844970703,222.34104789351647,220.2434844970703,220.2434844970703,10200,0.0,0.0
2015-02-20 00:00:00+09:00,222.34104275881268,320.92621285574774,222.34104275881268,264.29217529296875,2095500,0.0,0.0
2015-02-23 00:00:00+09:00,253.8043793343586,257.9994865353236,241.21903852775745,249.6092529296875,206100,0.0,0.0
2015-02-24 00:00:00+09:00,249.6093149386882,289.4629104614258,249.6093149386882,251.70687866210938,321900,0.0,0.0
2015-02-25 00:00:00+09:00,260.0970893234266,278.97510340648876,253.80441796240584,255.90196228027344,189600,0.0,0.0
2015-02-26 00:00:00+09:00,255.90192333298808,255.90192333298808,245.41414572872247,249.6092529296875,65700,0.0,0.0
2015-02-27 00:00:00+09:00,251.70682466947113,251.70682466947113,234.92637609274198,245.41415405273438,84300,0.0,0.0
2015-03-02 00:00:00+09:00,239.12148203676114,247.511715877883,237.023918775554,243.31658935546875,34200,0.0,0.0
2015-03-03 00:00:00+09:00,241.2190783012207,245.41418619389705,234.92640686035153,234.92640686035156,30600,0.0,0.0
2015-03-04 00:00:00+09:00,234.9263843381844,249.60927015677208,234.9263843381844,241.21905517578125,44700,0.0,0.0
2015-03-05 00:00:00+09:00,241.21903842113497,241.21903842113497,239.12147521972656,239.12147521972656,13800,0.0,0.0
2015-03-06 00:00:00+09:00,243.31661221104636,245.41417566928493,237.02394104003906,237.02394104003906,41400,0.0,0.0
2015-03-09 00:00:00+09:00,237.0239512048351,237.0239512048351,234.92640686035153,234.92640686035156,11100,0.0,0.0
2015-03-10 00:00:00+09:00,234.9263843381844,257.99950434147036,234.9263843381844,241.21905517578125,185100,0.0,0.0
2015-03-11 00:00:00+09:00,241.2190679565162,241.2190679565162,237.02394104003906,237.02394104003906,30900,0.0,0.0
2015-03-12 00:00:00+09:00,237.02391201831819,239.12147521972656,237.02391201831819,239.12147521972656,18000,0.0,0.0
2015-03-13 00:00:00+09:00,241.21903842113497,243.3165824188373,237.02391201831819,239.12147521972656,18600,0.0,0.0
2015-03-16 00:00:00+09:00,239.12147521972656,241.21903842113497,237.02391201831819,239.12147521972656,18300,0.0,0.0
2015-03-17 00:00:00+09:00,241.21904529796825,251.70682319659065,239.12148203676114,243.31658935546875,95700,0.0,0.0
2015-03-18 00:00:00+09:00,243.31659931917525,243.31659931917525,241.21905517578125,241.21905517578125,21900,0.0,0.0
2015-03-19 00:00:00+09:00,243.31659931917525,243.31659931917525,239.12149182867984,241.21905517578125,29700,0.0,0.0
2015-03-20 00:00:00+09:00,241.2190454934283,241.2190454934283,232.8288116455078,232.8288116455078,41400,0.0,0.0
2015-03-23 00:00:00+09:00,234.92637490841457,234.92637490841457,230.73124838260102,232.8288116455078,30300,0.0,0.0
2015-03-24 00:00:00+09:00,232.82884099312082,234.92640452042133,230.73127746582034,230.7312774658203,17400,0.0,0.0
2015-03-25 00:00:00+09:00,232.8288116455078,234.92637490841457,232.8288116455078,232.8288116455078,19200,0.0,0.0
2015-03-26 00:00:00+09:00,232.82886589898,268.4873344552444,226.53619384765625,226.53619384765625,794100,0.0,0.0
2015-03-27 00:00:00+09:00,226.5361774918366,226.5361774918366,222.34106949507623,224.43861389160156,114900,0.0,0.0
2015-03-30 00:00:00+09:00,222.34106445312497,224.43860880208504,220.24350090045564,222.341064453125,57900,0.0,0.0
2015-03-31 00:00:00+09:00,222.34106949507623,224.43861389160156,222.34106949507623,224.43861389160156,22800,0.0,0.0
2015-04-01 00:00:00+09:00,230.73128548859702,232.82884908883207,224.43861389160156,224.43861389160156,206700,0.0,0.0
2015-04-02 00:00:00+09:00,224.43859869802444,239.12150449827763,224.43859869802444,237.02394104003906,304800,0.0,0.0
2015-04-03 00:00:00+09:00,237.02394104003906,247.5117391275235,228.63372561450157,237.02394104003906,750300,0.0,0.0
2015-04-06 00:00:00+09:00,234.92636802061585,241.21903842113497,234.92636802061585,239.12147521972656,98100,0.0,0.0
2015-04-07 00:00:00+09:00,241.21904670947876,247.51171732621552,234.92637609274198,245.41415405273438,204600,0.0,0.0
2015-04-08 00:00:00+09:00,245.4141526166759,245.4141526166759,241.21904529796825,243.31658935546875,61200,0.0,0.0
2015-04-09 00:00:00+09:00,243.3165824188373,243.3165824188373,237.02391201831819,239.12147521972656,47400,0.0,0.0
2015-04-10 00:00:00+09:00,241.2190480970653,247.51171875,239.12148481151814,247.51171875,118200,0.0,0.0
2015-04-13 00:00:00+09:00,247.51177041897782,253.80444238553056,243.31664297213544,251.70687866210938,139800,0.0,0.0
2015-04-14 00:00:00+09:00,249.60926283184034,251.7068261173875,243.31659217890564,247.51171875,112800,0.0,0.0
2015-04-15 00:00:00+09:00,243.31659931917525,243.31659931917525,239.12149182867984,241.21905517578125,94500,0.0,0.0
2015-04-16 00:00:00+09:00,241.21905517578125,245.41416266627667,241.21905517578125,241.21905517578125,39300,0.0,0.0
2015-04-17 00:00:00+09:00,243.3165907792532,247.51171732621552,243.3165907792532,245.41415405273438,27900,0.0,0.0
2015-04-20 00:00:00+09:00,241.21904529796825,245.4141526166759,241.21904529796825,243.31658935546875,12900,0.0,0.0
2015-04-21 00:00:00+09:00,245.4141526166759,245.4141526166759,241.21904529796825,243.31658935546875,25200,0.0,0.0
2015-04-22 00:00:00+09:00,243.3165907792532,249.60926139599,241.21904670947876,245.41415405273438,49800,0.0,0.0
2015-04-23 00:00:00+09:00,245.4141526166759,247.511715877883,243.31658935546878,243.31658935546875,42000,0.0,0.0
2015-04-24 00:00:00+09:00,243.31659931917525,243.31659931917525,239.12149182867984,241.21905517578125,31800,0.0,0.0
2015-04-27 00:00:00+09:00,239.12150449827763,241.2190679565162,237.02394104003906,237.02394104003906,47400,0.0,0.0
2015-04-28 00:00:00+09:00,237.02392848157842,241.21905517578125,237.02392848157842,241.21905517578125,43800,0.0,0.0
2015-04-30 00:00:00+09:00,237.0239512048351,239.1215147530279,234.92640686035153,234.92640686035156,32400,0.0,0.0
2015-05-01 00:00:00+09:00,234.92640686035153,234.92640686035153,230.73127976396594,234.92640686035156,31200,0.0,0.0
2015-05-07 00:00:00+09:00,232.8288116455078,234.92637490841457,230.73124838260102,232.8288116455078,21900,0.0,0.0
2015-05-08 00:00:00+09:00,232.82884331215874,234.92640686035153,232.82884331215874,234.92640686035156,11400,0.0,0.0
2015-05-11 00:00:00+09:00,234.92640686035153,237.0239512048351,232.82884331215874,234.92640686035156,22500,0.0,0.0
2015-05-12 00:00:00+09:00,234.92640686035153,237.0239512048351,230.73127976396594,234.92640686035156,41400,0.0,0.0
2015-05-13 00:00:00+09:00,234.92637490841457,239.12148223052154,232.8288116455078,232.8288116455078,12000,0.0,0.0
2015-05-14 00:00:00+09:00,232.8288116455078,234.92637490841457,232.8288116455078,232.8288116455078,24300,0.0,0.0
2015-05-15 00:00:00+09:00,232.8288116455078,234.92637490841457,232.8288116455078,232.8288116455078,9900,0.0,0.0
2015-05-18 00:00:00+09:00,234.92640452042133,234.92640452042133,230.73127746582034,230.7312774658203,7200,0.0,0.0
2015-05-19 00:00:00+09:00,230.73124838260102,232.8288116455078,230.73124838260102,232.8288116455078,35400,0.0,0.0
2015-05-20 00:00:00+09:00,232.82884099312082,232.82884099312082,230.73127746582034,230.7312774658203,9000,0.0,0.0
2015-05-21 00:00:00+09:00,230.73125690523284,234.92638358600382,228.6337127685547,228.6337127685547,27300,0.0,0.0
2015-05-22 00:00:00+09:00,228.63373314222886,230.73127746582034,226.53616961492838,230.7312774658203,26400,0.0,0.0
2015-05-25 00:00:00+09:00,230.73127976396594,239.1215147530279,230.73127976396594,234.92640686035156,26100,0.0,0.0
2015-05-26 00:00:00+09:00,237.023918775554,243.31658935546878,232.82881145684635,243.31658935546875,58800,0.0,0.0
2015-05-27 00:00:00+09:00,241.2190752403644,255.90196228027344,239.12151171878781,255.90196228027344,408600,0.0,0.0
2015-05-28 00:00:00+09:00,255.90195711734566,281.0726420535996,247.5117416077334,253.80441284179688,1090500,0.0,0.0
2015-05-29 00:00:00+09:00,255.90195711734566,266.3897553099239,251.70684936253954,253.80441284179688,381000,0.0,0.0
2015-06-01 00:00:00+09:00,257.9995031249879,291.5604205018318,255.9019397877766,262.1946105957031,1726500,0.0,0.0
2015-06-02 00:00:00+09:00,260.0970893234266,262.19463364129416,253.80441796240584,255.90196228027344,174300,0.0,0.0
2015-06-03 00:00:00+09:00,251.7068261173875,253.80438940293467,247.51171875,247.51171875,120000,0.0,0.0
2015-06-04 00:00:00+09:00,262.19461194496336,281.0726244658897,255.90194110465455,264.29217529296875,690300,0.0,0.0
2015-06-05 00:00:00+09:00,260.0970893234266,260.0970893234266,253.80441796240584,255.90196228027344,145200,0.0,0.0
2015-06-08 00:00:00+09:00,255.9019869052409,255.9019869052409,249.6093149386882,251.70687866210938,96300,0.0,0.0
2015-06-09 00:00:00+09:00,251.7068261173875,253.80438940293467,245.41415546445282,247.51171875,102300,0.0,0.0
2015-06-10 00:00:00+09:00,257.9995506286621,276.8775665283203,251.70687866210938,251.70687866210938,807300,0.0,0.0
2015-06-11 00:00:00+09:00,257.99952580185,262.19463364129416,255.90196228027344,255.90196228027344,93900,0.0,0.0
2015-06-12 00:00:00+09:00,255.90195711734566,257.999520596603,247.5117416077334,253.80441284179688,143100,0.0,0.0
2015-06-15 00:00:00+09:00,253.80444238553056,253.80444238553056,249.6093149386882,251.70687866210938,42600,0.0,0.0
2015-06-16 00:00:00+09:00,251.70682466947113,253.8043879429523,245.41415405273438,245.41415405273438,90300,0.0,0.0
2015-06-17 00:00:00+09:00,247.51171875,249.60926283184034,245.41415546445282,247.51171875,56100,0.0,0.0
2015-06-18 00:00:00+09:00,247.511715877883,247.511715877883,241.21904529796825,243.31658935546875,78900,0.0,0.0
2015-06-19 00:00:00+09:00,245.41415405273438,247.51171732621552,241.21904670947876,245.41415405273438,42600,0.0,0.0
2015-06-22 00:00:00+09:00,245.41415546445282,247.51171875,245.41415546445282,247.51171875,20400,0.0,0.0
2015-06-23 00:00:00+09:00,249.6092529296875,251.70681613202305,247.51170893105802,249.6092529296875,36000,0.0,0.0
2015-06-24 00:00:00+09:00,251.7068261173875,251.7068261173875,245.41415546445282,247.51171875,44400,0.0,0.0
2015-06-25 00:00:00+09:00,247.51171732621552,247.51171732621552,245.41415405273438,245.41415405273438,15000,0.0,0.0
2015-06-26 00:00:00+09:00,245.4141526166759,245.4141526166759,241.21904529796825,243.31658935546875,52800,0.0,0.0
2015-06-29 00:00:00+09:00,237.0239512048351,239.1215147530279,226.53617187128958,234.92640686035156,121500,0.0,0.0
2015-06-30 00:00:00+09:00,234.92640686035153,237.0239512048351,232.82884331215874,234.92640686035156,18600,0.0,0.0
2015-07-01 00:00:00+09:00,237.02394104003906,239.12150449827763,237.02394104003906,237.02394104003906,21000,0.0,0.0
2015-07-02 00:00:00+09:00,241.21903842113497,241.21903842113497,239.12147521972656,239.12147521972656,39000,0.0,0.0
2015-07-03 00:00:00+09:00,239.12147521972656,239.12147521972656,237.02391201831819,239.12147521972656,3900,0.0,0.0
2015-07-06 00:00:00+09:00,237.0239512048351,237.0239512048351,232.82884331215874,234.92640686035156,30600,0.0,0.0
2015-07-07 00:00:00+09:00,234.92636802061585,241.21903842113497,234.92636802061585,239.12147521972656,19200,0.0,0.0
2015-07-08 00:00:00+09:00,239.12148223052154,239.12148223052154,228.63370432340085,232.8288116455078,69000,0.0,0.0
2015-07-09 00:00:00+09:00,224.43861389160156,228.6337410920717,213.9508342978457,224.43861389160156,79200,0.0,0.0
2015-07-10 00:00:00+09:00,224.43861389160156,230.73128548859702,224.43861389160156,224.43861389160156,16200,0.0,0.0
2015-07-13 00:00:00+09:00,228.63375759933453,228.63375759933453,226.53619384765625,226.53619384765625,12900,0.0,0.0
2015-07-14 00:00:00+09:00,230.73124838260102,234.92637490841457,230.73124838260102,232.8288116455078,15300,0.0,0.0
2015-07-15 00:00:00+09:00,234.92636802061585,241.21903842113497,232.82880481920745,239.12147521972656,26100,0.0,0.0
2015-07-16 00:00:00+09:00,239.12147521972656,241.21903842113497,234.92636802061585,239.12147521972656,18000,0.0,0.0
2015-07-17 00:00:00+09:00,239.12150449827763,239.12150449827763,237.02394104003906,237.02394104003906,6600,0.0,0.0
2015-07-21 00:00:00+09:00,239.12147521972656,243.3165824188373,237.02391201831819,239.12147521972656,41100,0.0,0.0
2015-07-22 00:00:00+09:00,241.21903842113497,243.3165824188373,239.12147521972656,239.12147521972656,35100,0.0,0.0
2015-07-23 00:00:00+09:00,239.12149182867984,243.31659931917525,239.12149182867984,241.21905517578125,14400,0.0,0.0
2015-07-24 00:00:00+09:00,251.7068335038735,251.7068335038735,241.21905517578125,241.21905517578125,95700,0.0,0.0
2015-07-27 00:00:00+09:00,241.2190679565162,241.2190679565162,234.92639678550887,237.02394104003906,45600,0.0,0.0
2015-07-28 00:00:00+09:00,232.82884331215874,234.92640686035153,230.73127976396594,234.92640686035156,20100,0.0,0.0
2015-07-29 00:00:00+09:00,234.92637490841457,237.02391896761475,230.73124838260102,232.8288116455078,17400,0.0,0.0
2015-07-30 00:00:00+09:00,232.8288333272703,243.31661221104636,232.8288333272703,237.02394104003906,30600,0.0,0.0
2015-07-31 00:00:00+09:00,239.12150449827763,239.12150449827763,234.92639678550887,237.02394104003906,18900,0.0,0.0
2015-08-03 00:00:00+09:00,239.12147521972656,241.21903842113497,237.02391201831819,239.12147521972656,21300,0.0,0.0
2015-08-04 00:00:00+09:00,241.21903842113497,243.3165824188373,239.12147521972656,239.12147521972656,29100,0.0,0.0
2015-08-05 00:00:00+09:00,241.21903842113497,241.21903842113497,237.02391201831819,239.12147521972656,12300,0.0,0.0
2015-08-06 00:00:00+09:00,241.21903842113497,243.3165824188373,239.12147521972656,239.12147521972656,15000,0.0,0.0
2015-08-07 00:00:00+09:00,239.1215147530279,239.1215147530279,234.92640686035153,234.92640686035156,20700,0.0,0.0
2015-08-10 00:00:00+09:00,234.92639678550887,239.12150449827763,234.92639678550887,237.02394104003906,27600,0.0,0.0
2015-08-11 00:00:00+09:00,239.12148203676114,243.31658935546878,237.023918775554,243.31658935546875,23700,0.0,0.0
2015-08-12 00:00:00+09:00,237.0239512048351,237.0239512048351,232.82884331215874,234.92640686035156,58200,0.0,0.0
2015-08-13 00:00:00+09:00,232.82884099312082,234.92640452042133,230.73127746582034,230.7312774658203,7500,0.0,0.0
2015-08-14 00:00:00+09:00,232.82882024561835,232.82882024561835,228.6337127685547,228.6337127685547,32700,0.0,0.0
2015-08-17 00:00:00+09:00,228.6337127685547,230.73125690523284,228.6337127685547,228.6337127685547,7200,0.0,0.0
2015-08-18 00:00:00+09:00,232.82884099312082,232.82884099312082,228.63373314222886,230.7312774658203,6000,0.0,0.0
2015-08-19 00:00:00+09:00,230.73130214730173,230.73130214730173,226.53619384765625,226.53619384765625,19200,0.0,0.0
2015-08-20 00:00:00+09:00,224.43863009597794,228.63375759933453,224.43863009597794,226.53619384765625,19500,0.0,0.0
2015-08-21 00:00:00+09:00,222.3410310154529,222.3410310154529,213.9507972702847,218.14590454101562,65100,0.0,0.0
2015-08-24 00:00:00+09:00,203.46304994227305,209.75572139199582,192.97525139026223,195.07281494140625,76500,0.0,0.0
2015-08-25 00:00:00+09:00,178.292372610721,195.07282420567103,169.9021372113909,176.19480895996094,69900,0.0,0.0
2015-08-26 00:00:00+09:00,180.38988685505777,188.78012084960938,176.1947794596354,188.78012084960938,60900,0.0,0.0
2015-08-27 00:00:00+09:00,195.072792973016,195.072792973016,190.877685546875,190.877685546875,37200,0.0,0.0
2015-08-28 00:00:00+09:00,190.87770704282747,199.267922839985,190.87770704282747,195.07281494140625,30600,0.0,0.0
2015-08-31 00:00:00+09:00,199.2678931560681,199.2678931560681,195.07278588241297,197.17034912109375,23400,0.0,0.0
2015-09-01 00:00:00+09:00,197.17036956588854,226.53616193385596,195.0728061097093,199.26791381835938,255000,0.0,0.0
2015-09-02 00:00:00+09:00,195.07278588241297,203.46301963342967,188.78011537007708,197.17034912109375,61800,0.0,0.0
2015-09-03 00:00:00+09:00,199.267922839985,199.267922839985,195.07281494140625,195.07281494140625,22200,0.0,0.0
2015-09-04 00:00:00+09:00,195.07279154459636,195.07279154459636,186.68255755004472,188.78012084960938,36900,0.0,0.0
2015-09-07 00:00:00+09:00,178.29234841572043,182.48745594423713,178.29234841572043,180.389892578125,62400,0.0,0.0
2015-09-08 00:00:00+09:00,180.3899170577709,182.48748070853097,176.19480895996094,176.19480895996094,47100,0.0,0.0
2015-09-09 00:00:00+09:00,182.48744349089733,186.68255073313082,180.38988026792745,184.5850067138672,28500,0.0,0.0
2015-09-10 00:00:00+09:00,180.38990024891814,188.7801348664405,178.29235599731882,186.6825714111328,43200,0.0,0.0
2015-09-11 00:00:00+09:00,186.68255755004472,188.78012084960938,182.4874501546224,188.78012084960938,13200,0.0,0.0
2015-09-14 00:00:00+09:00,188.78011395610068,188.78011395610068,182.48744349089733,184.5850067138672,16200,0.0,0.0
2015-09-15 00:00:00+09:00,186.6825714111328,186.6825714111328,186.6825714111328,186.6825714111328,7800,0.0,0.0
2015-09-16 00:00:00+09:00,184.5850067138672,188.78011395610068,184.5850067138672,184.5850067138672,4200,0.0,0.0
2015-09-17 00:00:00+09:00,186.68255755004472,188.78012084960938,186.68255755004472,188.78012084960938,18000,0.0,0.0
2015-09-18 00:00:00+09:00,188.7801348664405,188.7801348664405,186.6825714111328,186.6825714111328,7200,0.0,0.0
2015-09-24 00:00:00+09:00,186.68255073313082,186.68255073313082,182.48744349089733,184.5850067138672,3600,0.0,0.0
2015-09-25 00:00:00+09:00,186.6825714111328,186.6825714111328,182.48746370422583,186.6825714111328,9000,0.0,0.0
2015-09-28 00:00:00+09:00,184.5850067138672,186.68255073313082,184.5850067138672,184.5850067138672,15600,0.0,0.0
2015-09-29 00:00:00+09:00,182.48746616184133,182.48746616184133,174.09723143132504,178.2923583984375,18900,0.0,0.0
2015-09-30 00:00:00+09:00,178.29236462428557,182.4874725341797,178.29236462428557,182.4874725341797,8100,0.0,0.0
2015-10-01 00:00:00+09:00,182.4874725341797,182.4874725341797,182.4874725341797,182.4874725341797,7800,0.0,0.0
2015-10-02 00:00:00+09:00,182.4874501546224,188.78012084960938,182.4874501546224,188.78012084960938,17400,0.0,0.0
2015-10-05 00:00:00+09:00,188.78012223195094,192.97522965809193,188.78012223195094,190.877685546875,23700,0.0,0.0
2015-10-06 00:00:00+09:00,190.87768414917403,192.9752282450317,188.78012084960938,188.78012084960938,13800,0.0,0.0
2015-10-07 00:00:00+09:00,190.87770704282747,195.07281494140625,190.87770704282747,195.07281494140625,23400,0.0,0.0
2015-10-08 00:00:00+09:00,195.07281494140625,195.07281494140625,192.97525139026223,195.07281494140625,12000,0.0,0.0
2015-10-09 00:00:00+09:00,192.97522264373222,201.3654563947489,192.97522264373222,197.17034912109375,26700,0.0,0.0
2015-10-13 00:00:00+09:00,199.26791381835938,203.46304073071786,199.26791381835938,199.26791381835938,11700,0.0,0.0
2015-10-14 00:00:00+09:00,199.267922839985,201.36548639112902,195.07281494140625,195.07281494140625,24000,0.0,0.0
2015-10-15 00:00:00+09:00,190.8776984010592,199.26791381835938,190.8776984010592,199.26791381835938,12000,0.0,0.0
2015-10-16 00:00:00+09:00,199.26793014636058,201.36549377441406,197.17038572201707,201.36549377441406,15600,0.0,0.0
2015-10-19 00:00:00+09:00,197.17034912109375,199.2678931560681,197.17034912109375,197.17034912109375,12300,0.0,0.0
2015-10-20 00:00:00+09:00,199.2678931560681,199.2678931560681,195.07278588241297,197.17034912109375,5100,0.0,0.0
2015-10-21 00:00:00+09:00,199.2678931560681,199.2678931560681,195.07278588241297,197.17034912109375,3300,0.0,0.0
2015-10-22 00:00:00+09:00,199.26791381835938,201.36547727453862,199.26791381835938,199.26791381835938,27300,0.0,0.0
2015-10-23 00:00:00+09:00,201.36547727453862,203.46304073071786,197.17036956588854,199.26791381835938,14700,0.0,0.0
2015-10-26 00:00:00+09:00,199.26791381835938,203.46304073071786,199.26791381835938,199.26791381835938,13500,0.0,0.0
2015-10-27 00:00:00+09:00,199.2679311935271,209.75573018519856,199.2679311935271,203.4630584716797,76200,0.0,0.0
2015-10-28 00:00:00+09:00,205.5605786978013,209.75570548188617,203.46303450946667,207.65814208984375,47400,0.0,0.0
2015-10-29 00:00:00+09:00,209.75569822874797,216.04836898357334,203.4630274739226,213.9508056640625,209400,0.0,0.0
2015-10-30 00:00:00+09:00,211.85324832504182,213.9508117037656,205.56057739257812,205.56057739257812,161700,0.0,0.0
2015-11-02 00:00:00+09:00,203.4630574024675,203.4630574024675,199.26793014636058,201.36549377441406,42000,0.0,0.0
2015-11-04 00:00:00+09:00,203.46304994227305,205.56059428970778,192.97525139026223,195.07281494140625,35100,0.0,0.0
2015-11-05 00:00:00+09:00,192.97522965809193,192.97522965809193,190.877685546875,190.877685546875,25800,0.0,0.0
2015-11-06 00:00:00+09:00,190.87766063036264,192.97520446777344,188.78009758924725,192.97520446777344,12000,0.0,0.0
2015-11-09 00:00:00+09:00,192.97525139026223,195.07281494140625,190.87770704282747,195.07281494140625,9000,0.0,0.0
2015-11-10 00:00:00+09:00,192.97520446777344,195.07276750888883,192.97520446777344,192.97520446777344,7500,0.0,0.0
2015-11-11 00:00:00+09:00,192.97520446777344,195.07276750888883,192.97520446777344,192.97520446777344,13200,0.0,0.0
2015-11-12 00:00:00+09:00,190.87766063036264,192.97520446777344,190.87766063036264,192.97520446777344,21300,0.0,0.0
2015-11-13 00:00:00+09:00,190.87768414917403,190.87768414917403,188.78012084960938,188.78012084960938,13200,0.0,0.0
2015-11-16 00:00:00+09:00,188.7801348664405,188.7801348664405,186.6825714111328,186.6825714111328,14700,0.0,0.0
2015-11-17 00:00:00+09:00,190.87768414917403,190.87768414917403,188.78012084960938,188.78012084960938,9600,0.0,0.0
2015-11-18 00:00:00+09:00,190.87768414917403,190.87768414917403,188.78012084960938,188.78012084960938,8400,0.0,0.0
2015-11-19 00:00:00+09:00,190.877685546875,190.877685546875,188.78012223195094,190.877685546875,9900,0.0,0.0
2015-11-20 00:00:00+09:00,190.87768414917403,190.87768414917403,188.78012084960938,188.78012084960938,2700,0.0,0.0
2015-11-24 00:00:00+09:00,190.877685546875,192.97522965809193,190.877685546875,190.877685546875,30300,0.0,0.0
2015-11-25 00:00:00+09:00,192.97522965809193,192.97522965809193,190.877685546875,190.877685546875,24600,0.0,0.0
2015-11-26 00:00:00+09:00,190.87766063036264,192.97520446777344,190.87766063036264,192.97520446777344,43800,0.0,0.0
2015-11-27 00:00:00+09:00,192.97522965809193,192.97522965809193,190.877685546875,190.877685546875,24600,0.0,0.0
2015-11-30 00:00:00+09:00,190.87768414917403,190.87768414917403,188.78012084960938,188.78012084960938,35100,0.0,0.0
2015-12-01 00:00:00+09:00,188.78012084960938,190.87768414917403,188.78012084960938,188.78012084960938,24300,0.0,0.0
2015-12-02 00:00:00+09:00,190.877685546875,192.97522965809193,188.78012223195094,190.877685546875,32400,0.0,0.0
2015-12-03 00:00:00+09:00,190.87770704282747,197.17037849255027,190.87770704282747,195.07281494140625,53400,0.0,0.0
2015-12-04 00:00:00+09:00,192.97522264373222,201.3654563947489,190.87767860875786,197.17034912109375,78000,0.0,0.0
2015-12-07 00:00:00+09:00,199.2678931560681,201.3654563947489,195.07278588241297,197.17034912109375,26100,0.0,0.0
2015-12-08 00:00:00+09:00,195.07276750888883,197.1703305500042,192.97520446777344,192.97520446777344,36900,0.0,0.0
2015-12-09 00:00:00+09:00,190.877685546875,192.97522965809193,190.877685546875,190.877685546875,5400,0.0,0.0
2015-12-10 00:00:00+09:00,190.87766063036264,195.07276750888883,188.78009758924725,192.97520446777344,42300,0.0,0.0
2015-12-11 00:00:00+09:00,192.97520446777344,192.97520446777344,190.87766063036264,192.97520446777344,16200,0.0,0.0
2015-12-14 00:00:00+09:00,188.78012084960938,188.78012084960938,186.68255755004472,188.78012084960938,28500,0.0,0.0
2015-12-15 00:00:00+09:00,188.78011395610068,190.87767717907056,184.5850067138672,184.5850067138672,48600,0.0,0.0
2015-12-16 00:00:00+09:00,186.6825714111328,188.7801348664405,186.6825714111328,186.6825714111328,64800,0.0,0.0
2015-12-17 00:00:00+09:00,186.68258044407384,186.68258044407384,182.4874725341797,182.4874725341797,74100,0.0,0.0
2015-12-18 00:00:00+09:00,180.3899026782851,182.48746616184133,178.2923583984375,178.2923583984375,39000,0.0,0.0
2015-12-21 00:00:00+09:00,176.19480895996094,176.19480895996094,171.99970086215097,176.19480895996094,59100,0.0,0.0
2015-12-22 00:00:00+09:00,176.19478714380824,176.19478714380824,171.9996795654297,171.9996795654297,7500,0.0,0.0
2015-12-24 00:00:00+09:00,174.09723804983895,174.09723804983895,169.90213012695312,169.90213012695312,48300,0.0,0.0
2015-12-25 00:00:00+09:00,169.90213012695312,169.90213012695312,169.90213012695312,169.90213012695312,0,0.0,0.0
2015-12-28 00:00:00+09:00,167.80455278334335,171.9996795654297,167.80455278334335,171.9996795654297,24000,0.0,0.0
2015-12-29 00:00:00+09:00,171.99970086215097,176.19480895996094,171.99970086215097,176.19480895996094,8700,0.0,0.0
2015-12-30 00:00:00+09:00,176.19479491488127,178.2923583984375,174.09723143132504,178.2923583984375,20700,0.0,0.0
2016-01-04 00:00:00+09:00,178.2923505348514,178.2923505348514,171.9996795654297,171.9996795654297,37200,0.0,0.0
2016-01-05 00:00:00+09:00,171.99968475330448,180.38990016312826,169.90212129899436,174.09722900390625,44400,0.0,0.0
2016-01-06 00:00:00+09:00,174.09722900390625,176.19479245821637,171.99968475330448,174.09722900390625,9000,0.0,0.0
2016-01-07 00:00:00+09:00,174.09723804983895,174.09723804983895,169.90213012695312,169.90213012695312,10500,0.0,0.0
2016-01-08 00:00:00+09:00,167.8045665636555,169.90213012695312,165.70702220406727,169.90213012695312,22500,0.0,0.0
2016-01-12 00:00:00+09:00,167.80454337841186,167.80454337841186,161.51187276167508,163.60943603515625,14700,0.0,0.0
2016-01-13 00:00:00+09:00,165.70702220406727,169.90213012695312,165.70702220406727,169.90213012695312,8400,0.0,0.0
2016-01-14 00:00:00+09:00,167.80454189915528,167.80454189915528,161.51187133789062,161.51187133789062,5700,0.0,0.0
2016-01-15 00:00:00+09:00,165.7069993086374,165.7069993086374,161.51187276167508,163.60943603515625,7200,0.0,0.0
2016-01-18 00:00:00+09:00,157.31678324883677,159.41433715820312,157.31678324883677,159.41433715820312,11700,0.0,0.0
2016-01-19 00:00:00+09:00,159.41433715820312,161.51189106756945,159.41433715820312,159.41433715820312,2700,0.0,0.0
2016-01-20 00:00:00+09:00,161.5118686170777,163.60943183673277,155.21920776367188,155.21920776367188,17400,0.0,0.0
2016-01-21 00:00:00+09:00,153.12166730750226,153.12166730750226,142.6338880574975,148.9265594482422,48600,0.0,0.0
2016-01-22 00:00:00+09:00,148.9265700663275,153.12167822468814,146.82900638529196,151.0241241455078,14700,0.0,0.0
2016-01-25 00:00:00+09:00,151.02411956837526,155.21923720144844,151.02411956837526,153.12167358398438,17400,0.0,0.0
2016-01-26 00:00:00+09:00,148.9265594482422,151.02411337787223,148.9265594482422,148.9265594482422,8700,0.0,0.0
2016-01-27 00:00:00+09:00,148.92656555276614,155.21923720144844,148.92656555276614,153.12167358398438,10200,0.0,0.0
2016-01-28 00:00:00+09:00,153.12167358398438,153.12167358398438,151.02411956837526,153.12167358398438,10500,0.0,0.0
2016-01-29 00:00:00+09:00,153.12164454401682,157.3167613814738,151.02409092621488,155.21920776367188,8700,0.0,0.0
2016-02-01 00:00:00+09:00,159.41431909004726,163.60943603515625,157.31676541841946,163.60943603515625,22800,0.0,0.0
2016-02-02 00:00:00+09:00,159.41433715820312,165.70701809001102,159.41433715820312,159.41433715820312,8700,0.0,0.0
2016-02-03 00:00:00+09:00,157.3167613814738,159.41431499927577,155.21920776367188,155.21920776367188,13200,0.0,0.0
2016-02-04 00:00:00+09:00,153.12164712348886,161.51187133789062,153.12164712348886,161.51187133789062,9300,0.0,0.0
2016-02-05 00:00:00+09:00,157.3167613814738,159.41431499927577,153.12164454401682,155.21920776367188,13200,0.0,0.0
2016-02-08 00:00:00+09:00,148.92653730841292,155.21920776367188,148.92653730841292,155.21920776367188,6600,0.0,0.0
2016-02-09 00:00:00+09:00,148.9265157667829,157.31673862623134,144.7313995361328,144.7313995361328,18000,0.0,0.0
2016-02-10 00:00:00+09:00,144.73143443541954,159.4143303804238,140.53631719319515,142.63388061523438,29400,0.0,0.0
2016-02-12 00:00:00+09:00,132.14608371162845,134.2436373953222,121.65829608945282,123.755859375,51600,0.0,0.0
2016-02-15 00:00:00+09:00,130.04853390033267,132.14608764648438,125.85341680617559,132.14608764648438,26700,0.0,0.0
2016-02-16 00:00:00+09:00,132.14608764648438,138.43875848679315,130.04853390033267,132.14608764648438,39000,0.0,0.0
2016-02-17 00:00:00+09:00,134.24364139263605,136.34120474064144,132.14608764648438,132.14608764648438,12600,0.0,0.0
2016-02-18 00:00:00+09:00,134.24363708496094,138.43875404450307,134.24363708496094,134.24363708496094,7800,0.0,0.0
2016-02-19 00:00:00+09:00,134.24363708496094,136.3412003656587,134.24363708496094,134.24363708496094,7800,0.0,0.0
2016-02-22 00:00:00+09:00,134.24365350377315,138.43877097640356,134.24365350377315,136.34121704101562,20100,0.0,0.0
2016-02-23 00:00:00+09:00,138.43875122070312,140.5363048567627,134.24363434673074,138.43875122070312,36600,0.0,0.0
2016-02-24 00:00:00+09:00,138.43877097640356,138.43877097640356,136.34121704101562,136.34121704101562,3300,0.0,0.0
2016-02-25 00:00:00+09:00,136.34119758464354,140.5363048567627,136.34119758464354,138.43875122070312,6600,0.0,0.0
2016-02-26 00:00:00+09:00,140.5363311767578,140.5363311767578,138.43877714786308,140.5363311767578,11700,0.0,0.0
2016-02-29 00:00:00+09:00,142.63388061523438,144.73143443541954,142.63388061523438,142.63388061523438,14700,0.0,0.0
2016-03-01 00:00:00+09:00,142.63390174784877,146.82901000976562,140.5363380150349,146.82901000976562,14400,0.0,0.0
2016-03-02 00:00:00+09:00,148.9265737425795,148.9265737425795,144.7314558788072,146.82901000976562,7200,0.0,0.0
2016-03-03 00:00:00+09:00,146.82900638529196,155.21924190572366,146.82900638529196,151.0241241455078,36000,0.0,0.0
2016-03-04 00:00:00+09:00,153.12164454401682,157.3167613814738,151.02409092621488,155.21920776367188,22800,0.0,0.0
2016-03-07 00:00:00+09:00,155.21923720144844,157.31679121705756,151.02411956837526,153.12167358398438,19200,0.0,0.0
2016-03-08 00:00:00+09:00,155.21920776367188,157.3167613814738,151.02409092621488,155.21920776367188,15000,0.0,0.0
2016-03-09 00:00:00+09:00,153.12167358398438,153.12167358398438,148.92656555276614,153.12167358398438,6000,0.0,0.0
2016-03-10 00:00:00+09:00,155.21920776367188,155.21920776367188,153.12164454401682,155.21920776367188,8100,0.0,0.0
2016-03-11 00:00:00+09:00,153.12164454401682,155.21920776367188,151.02409092621488,155.21920776367188,7500,0.0,0.0
2016-03-14 00:00:00+09:00,155.21920776367188,157.3167613814738,155.21920776367188,155.21920776367188,40800,0.0,0.0
2016-03-15 00:00:00+09:00,155.21920776367188,155.21920776367188,153.12164454401682,155.21920776367188,12600,0.0,0.0
2016-03-16 00:00:00+09:00,153.12167358398438,155.21923720144844,151.02411956837526,153.12167358398438,29100,0.0,0.0
2016-03-17 00:00:00+09:00,153.12167358398438,157.31679121705756,153.12167358398438,153.12167358398438,19500,0.0,0.0
2016-03-18 00:00:00+09:00,151.0241241455078,153.12167822468814,148.9265700663275,151.0241241455078,20700,0.0,0.0
2016-03-22 00:00:00+09:00,151.0241241455078,153.12167822468814,151.0241241455078,151.0241241455078,7800,0.0,0.0
2016-03-23 00:00:00+09:00,153.12167358398438,155.21923720144844,153.12167358398438,153.12167358398438,5100,0.0,0.0
2016-03-24 00:00:00+09:00,153.12167358398438,153.12167358398438,153.12167358398438,153.12167358398438,12300,0.0,0.0
2016-03-25 00:00:00+09:00,153.12167358398438,153.12167358398438,151.02411956837526,153.12167358398438,4200,0.0,0.0
2016-03-28 00:00:00+09:00,153.12167358398438,153.12167358398438,151.02411956837526,153.12167358398438,1500,0.0,0.0
2016-03-29 00:00:00+09:00,153.12166549727903,155.24835205078125,153.12166549727903,155.24835205078125,2700,3.333333,0.0
2016-03-30 00:00:00+09:00,153.12168476914945,155.2483715903161,148.86830139160156,148.86830139160156,14700,0.0,0.0
2016-03-31 00:00:00+09:00,150.99497985839844,153.12166642478263,150.99497985839844,150.99497985839844,1500,0.0,0.0
2016-04-01 00:00:00+09:00,148.8682634272572,153.1216457201087,144.6148908696178,146.7415771484375,21300,0.0,0.0
2016-04-04 00:00:00+09:00,142.48821758712023,146.7416005585255,142.48821758712023,144.6149139404297,10200,0.0,0.0
2016-04-05 00:00:00+09:00,144.61490932491247,146.74159587513319,140.3615264892578,140.3615264892578,17700,0.0,0.0
2016-04-06 00:00:00+09:00,138.2348469002127,142.48822021484375,138.2348469002127,142.48822021484375,9000,0.0,0.0
2016-04-07 00:00:00+09:00,142.48822021484375,144.61491660737306,142.48822021484375,142.48822021484375,6900,0.0,0.0
2016-04-08 00:00:00+09:00,142.48819485558602,146.7415771484375,142.48819485558602,146.7415771484375,13200,0.0,0.0
2016-04-11 00:00:00+09:00,146.7415771484375,146.7415771484375,144.6148908696178,146.7415771484375,11700,0.0,0.0
2016-04-12 00:00:00+09:00,146.74161457043488,148.86830139160156,146.74161457043488,148.86830139160156,6900,0.0,0.0
2016-04-13 00:00:00+09:00,148.86830139160156,148.86830139160156,148.86830139160156,148.86830139160156,900,0.0,0.0
2016-04-14 00:00:00+09:00,153.12167358398438,157.37505665083302,148.86829051713576,153.12167358398438,28500,0.0,0.0
2016-04-15 00:00:00+09:00,150.99497985839844,155.24835299116683,150.99497985839844,150.99497985839844,18300,0.0,0.0
2016-04-18 00:00:00+09:00,142.48819485558602,146.7415771484375,140.3615085767663,146.7415771484375,37800,0.0,0.0
2016-04-19 00:00:00+09:00,146.74161457043488,148.86830139160156,144.61492774926822,148.86830139160156,16500,0.0,0.0
2016-04-20 00:00:00+09:00,168.00850079130853,202.0355246315135,163.75510820846293,170.1351776123047,1681200,0.0,0.0
2016-04-21 00:00:00+09:00,172.26186151923088,178.64193046438757,163.75509643554688,163.75509643554688,225900,0.0,0.0
2016-04-22 00:00:00+09:00,165.8817901611328,168.00848626872488,163.75509405354072,165.8817901611328,80100,0.0,0.0
2016-04-25 00:00:00+09:00,168.0084991455078,170.13517594567116,165.881802874918,168.0084991455078,46200,0.0,0.0
2016-04-26 00:00:00+09:00,168.00848626872488,170.135162905892,165.8817901611328,165.8817901611328,41700,0.0,0.0
2016-04-27 00:00:00+09:00,168.0084991455078,168.0084991455078,163.75510660432818,168.0084991455078,18900,0.0,0.0
2016-04-28 00:00:00+09:00,168.00848626872488,168.00848626872488,161.62840768116112,165.8817901611328,19800,0.0,0.0
2016-05-02 00:00:00+09:00,161.62841003223218,163.75509643554688,161.62841003223218,163.75509643554688,18900,0.0,0.0
2016-05-06 00:00:00+09:00,163.75510660432818,168.0084991455078,161.62842006895158,168.0084991455078,18900,0.0,0.0
2016-05-09 00:00:00+09:00,168.00849584737895,174.38856506347656,168.00849584737895,174.38856506347656,49800,0.0,0.0
2016-05-10 00:00:00+09:00,174.3885576577582,185.0219994095443,161.62841003223218,163.75509643554688,234000,0.0,0.0
2016-05-11 00:00:00+09:00,165.8818007194479,165.8818007194479,161.62841796875,161.62841796875,77100,0.0,0.0
2016-05-12 00:00:00+09:00,159.5017314610076,161.62841796875,153.1216622025673,161.62841796875,95100,0.0,0.0
2016-05-13 00:00:00+09:00,157.37503051757812,161.62840314290983,157.37503051757812,157.37503051757812,15300,0.0,0.0
2016-05-16 00:00:00+09:00,159.50171683024396,159.50171683024396,157.37503051757812,157.37503051757812,26700,0.0,0.0
2016-05-17 00:00:00+09:00,157.37506794233713,159.5017547607422,157.37506794233713,159.5017547607422,6600,0.0,0.0
2016-05-18 00:00:00+09:00,159.501734892999,159.501734892999,155.24835205078125,155.24835205078125,9600,0.0,0.0
2016-05-19 00:00:00+09:00,157.37503051757812,159.50171683024396,157.37503051757812,157.37503051757812,7800,0.0,0.0
2016-05-20 00:00:00+09:00,157.37503051757812,157.37503051757812,157.37503051757812,157.37503051757812,900,0.0,0.0
2016-05-23 00:00:00+09:00,155.24836024980178,155.24836024980178,153.12167358398438,153.12167358398438,10200,0.0,0.0
2016-05-24 00:00:00+09:00,153.12166549727903,155.24835205078125,153.12166549727903,155.24835205078125,15900,0.0,0.0
2016-05-25 00:00:00+09:00,155.24835205078125,157.37504833949677,155.24835205078125,155.24835205078125,5700,0.0,0.0
2016-05-26 00:00:00+09:00,157.37505665083302,157.37505665083302,153.12167358398438,153.12167358398438,8700,0.0,0.0
2016-05-27 00:00:00+09:00,153.12167358398438,153.12167358398438,150.994986918167,153.12167358398438,19200,0.0,0.0
2016-05-30 00:00:00+09:00,150.994986918167,153.12167358398438,150.994986918167,153.12167358398438,15300,0.0,0.0
2016-05-31 00:00:00+09:00,153.12167358398438,153.12167358398438,150.994986918167,153.12167358398438,12000,0.0,0.0
2016-06-01 00:00:00+09:00,150.99497985839844,153.12166642478263,150.99497985839844,150.99497985839844,3900,0.0,0.0
2016-06-02 00:00:00+09:00,150.99499794798277,153.12168476914945,148.86830139160156,148.86830139160156,16200,0.0,0.0
2016-06-03 00:00:00+09:00,148.86830139160156,148.86830139160156,148.86830139160156,148.86830139160156,8100,0.0,0.0
2016-06-06 00:00:00+09:00,146.74161457043488,148.86830139160156,144.61492774926822,148.86830139160156,10800,0.0,0.0
2016-06-07 00:00:00+09:00,148.86830139160156,148.86830139160156,148.86830139160156,148.86830139160156,3600,0.0,0.0
2016-06-08 00:00:00+09:00,150.99497985839844,150.99497985839844,148.86828355680086,150.99497985839844,6000,0.0,0.0
2016-06-09 00:00:00+09:00,150.99497985839844,150.99497985839844,148.86828355680086,150.99497985839844,10200,0.0,0.0
2016-06-10 00:00:00+09:00,150.99499794798277,150.99499794798277,148.86830139160156,148.86830139160156,3900,0.0,0.0
2016-06-13 00:00:00+09:00,144.61491660737306,146.7416032646886,142.48822021484375,142.48822021484375,18900,0.0,0.0
2016-06-14 00:00:00+09:00,142.4882130394785,142.4882130394785,138.23483993903713,140.3615264892578,18000,0.0,0.0
2016-06-15 00:00:00+09:00,140.36153096902441,144.6149139404297,140.36153096902441,144.6149139404297,5700,0.0,0.0
2016-06-16 00:00:00+09:00,142.48822137162264,142.48822137162264,138.23484802246094,138.23484802246094,24900,0.0,0.0
2016-06-17 00:00:00+09:00,136.10814365360315,140.3615264892578,136.10814365360315,140.3615264892578,11100,0.0,0.0
2016-06-20 00:00:00+09:00,140.36153355752822,144.61491660737306,140.36153355752822,142.48822021484375,17100,0.0,0.0
2016-06-21 00:00:00+09:00,140.3615264892578,144.61490932491247,136.10814365360315,140.3615264892578,62100,0.0,0.0
2016-06-22 00:00:00+09:00,140.36153469704178,140.36153469704178,138.23484802246094,138.23484802246094,6900,0.0,0.0
2016-06-23 00:00:00+09:00,138.23484802246094,140.36153469704178,131.85477826350447,138.23484802246094,46500,0.0,0.0
2016-06-24 00:00:00+09:00,138.23483871617333,138.23483871617333,127.60138658870976,129.7280731201172,24900,0.0,0.0
2016-06-27 00:00:00+09:00,129.72807062006706,131.85476684570312,129.72807062006706,131.85476684570312,8100,0.0,0.0
2016-06-28 00:00:00+09:00,129.72807762554203,133.98146057128906,129.72807762554203,133.98146057128906,15000,0.0,0.0
2016-06-29 00:00:00+09:00,133.98146057128906,136.1081471765558,131.85477396602232,133.98146057128906,12000,0.0,0.0
2016-06-30 00:00:00+09:00,136.10812377929688,138.23481975419386,136.10812377929688,136.10812377929688,11400,0.0,0.0
2016-07-01 00:00:00+09:00,136.10814799761914,146.7416005585255,136.10814799761914,144.6149139404297,39000,0.0,0.0
2016-07-04 00:00:00+09:00,142.4882130394785,146.74159587513319,140.3615264892578,140.3615264892578,4800,0.0,0.0
2016-07-05 00:00:00+09:00,142.4882130394785,142.4882130394785,140.3615264892578,140.3615264892578,5700,0.0,0.0
2016-07-06 00:00:00+09:00,142.48822137162264,142.48822137162264,136.1081516126662,138.23484802246094,12000,0.0,0.0
2016-07-07 00:00:00+09:00,138.23485755055364,148.86830139160156,138.23485755055364,148.86830139160156,26100,0.0,0.0
2016-07-08 00:00:00+09:00,146.74159587513319,148.86828242535387,138.23483993903713,140.3615264892578,50400,0.0,0.0
2016-07-11 00:00:00+09:00,140.3615264892578,140.3615264892578,140.3615264892578,140.3615264892578,0,0.0,0.0
2016-07-12 00:00:00+09:00,144.6148908696178,146.7415771484375,144.6148908696178,146.7415771484375,6300,0.0,0.0
2016-07-13 00:00:00+09:00,146.7415771484375,148.8682634272572,144.6148908696178,146.7415771484375,10500,0.0,0.0
2016-07-14 00:00:00+09:00,146.7415771484375,146.7415771484375,142.48819485558602,146.7415771484375,12900,0.0,0.0
2016-07-15 00:00:00+09:00,146.7415771484375,148.8682634272572,144.6148908696178,146.7415771484375,10800,0.0,0.0
2016-07-19 00:00:00+09:00,146.74161457043488,148.86830139160156,146.74161457043488,148.86830139160156,4500,0.0,0.0
2016-07-20 00:00:00+09:00,146.74161457043488,148.86830139160156,146.74161457043488,148.86830139160156,3000,0.0,0.0
2016-07-21 00:00:00+09:00,150.99497985839844,150.99497985839844,150.99497985839844,150.99497985839844,6600,0.0,0.0
2016-07-22 00:00:00+09:00,153.1216457201087,153.1216457201087,146.7415771484375,146.7415771484375,9900,0.0,0.0
2016-07-25 00:00:00+09:00,148.86828265506128,155.24835205078125,148.86828265506128,155.24835205078125,14100,0.0,0.0
2016-07-26 00:00:00+09:00,155.24835299116683,155.24835299116683,150.99497985839844,150.99497985839844,21000,0.0,0.0
2016-07-27 00:00:00+09:00,153.12166642478263,153.12166642478263,150.99497985839844,150.99497985839844,21300,0.0,0.0
2016-07-28 00:00:00+09:00,150.99495944128898,153.1216457201087,146.7415771484375,146.7415771484375,30000,0.0,0.0
2016-07-29 00:00:00+09:00,146.74161457043488,150.99499794798277,146.74161457043488,148.86830139160156,17700,0.0,0.0
2016-08-01 00:00:00+09:00,150.99495944128898,150.99495944128898,146.7415771484375,146.7415771484375,4800,0.0,0.0
2016-08-02 00:00:00+09:00,146.74161457043488,148.86830139160156,146.74161457043488,148.86830139160156,11700,0.0,0.0
2016-08-03 00:00:00+09:00,146.7416005585255,146.7416005585255,144.6149139404297,144.6149139404297,13200,0.0,0.0
2016-08-04 00:00:00+09:00,146.74161457043488,148.86830139160156,144.61492774926822,148.86830139160156,9600,0.0,0.0
2016-08-05 00:00:00+09:00,148.86830139160156,148.86830139160156,146.74161457043488,148.86830139160156,9300,0.0,0.0
2016-08-08 00:00:00+09:00,148.8682634272572,148.8682634272572,146.7415771484375,146.7415771484375,4200,0.0,0.0
2016-08-09 00:00:00+09:00,148.8682657964903,157.37503051757812,146.74157948382447,157.37503051757812,51300,0.0,0.0
2016-08-10 00:00:00+09:00,159.5017433166504,159.5017433166504,153.12167358398438,153.12167358398438,16200,0.0,0.0
2016-08-12 00:00:00+09:00,153.12168476914945,155.2483715903161,144.61492774926822,148.86830139160156,64500,0.0,0.0
2016-08-15 00:00:00+09:00,148.86828355680086,150.99497985839844,148.86828355680086,150.99497985839844,3900,0.0,0.0
2016-08-16 00:00:00+09:00,150.99495944128898,150.99495944128898,146.7415771484375,146.7415771484375,12300,0.0,0.0
2016-08-17 00:00:00+09:00,146.74161457043488,148.86830139160156,146.74161457043488,148.86830139160156,8100,0.0,0.0
2016-08-18 00:00:00+09:00,146.74161457043488,150.99499794798277,146.74161457043488,148.86830139160156,6300,0.0,0.0
2016-08-19 00:00:00+09:00,150.99499794798277,150.99499794798277,146.74161457043488,148.86830139160156,3600,0.0,0.0
2016-08-22 00:00:00+09:00,148.86828355680086,150.99497985839844,148.86828355680086,150.99497985839844,3300,0.0,0.0
2016-08-23 00:00:00+09:00,148.86828717662135,148.86828717662135,144.6149139404297,144.6149139404297,22200,0.0,0.0
2016-08-24 00:00:00+09:00,146.74161457043488,150.99499794798277,146.74161457043488,148.86830139160156,20400,0.0,0.0
2016-08-25 00:00:00+09:00,150.99499794798277,150.99499794798277,148.86830139160156,148.86830139160156,2700,0.0,0.0
2016-08-26 00:00:00+09:00,146.7415771484375,146.7415771484375,144.6148908696178,146.7415771484375,12000,0.0,0.0
2016-08-29 00:00:00+09:00,146.74161457043488,148.86830139160156,146.74161457043488,148.86830139160156,7800,0.0,0.0
2016-08-30 00:00:00+09:00,146.74161457043488,148.86830139160156,144.61492774926822,148.86830139160156,26700,0.0,0.0
2016-08-31 00:00:00+09:00,148.86830139160156,148.86830139160156,144.61492774926822,148.86830139160156,33600,0.0,0.0
2016-09-01 00:00:00+09:00,148.86830139160156,148.86830139160156,146.74161457043488,148.86830139160156,25800,0.0,0.0
2016-09-02 00:00:00+09:00,148.8682634272572,148.8682634272572,146.7415771484375,146.7415771484375,10500,0.0,0.0
2016-09-05 00:00:00+09:00,148.86828355680086,150.99497985839844,148.86828355680086,150.99497985839844,11400,0.0,0.0
2016-09-06 00:00:00+09:00,150.99497985839844,150.99497985839844,148.86828355680086,150.99497985839844,3300,0.0,0.0
2016-09-07 00:00:00+09:00,148.86830139160156,150.99499794798277,146.74161457043488,148.86830139160156,3600,0.0,0.0
2016-09-08 00:00:00+09:00,148.86830139160156,150.99499794798277,146.74161457043488,148.86830139160156,34500,0.0,0.0
2016-09-09 00:00:00+09:00,148.86828355680086,150.99497985839844,146.74159699041667,150.99497985839844,32400,0.0,0.0
2016-09-12 00:00:00+09:00,150.99499794798277,150.99499794798277,146.74161457043488,148.86830139160156,39600,0.0,0.0
2016-09-13 00:00:00+09:00,150.99499794798277,150.99499794798277,148.86830139160156,148.86830139160156,6300,0.0,0.0
2016-09-14 00:00:00+09:00,148.86829051713576,155.24836024980178,148.86829051713576,153.12167358398438,84300,0.0,0.0
2016-09-15 00:00:00+09:00,150.99499794798277,150.99499794798277,148.86830139160156,148.86830139160156,28200,0.0,0.0
2016-09-16 00:00:00+09:00,148.86830139160156,148.86830139160156,146.74161457043488,148.86830139160156,3300,0.0,0.0
2016-09-20 00:00:00+09:00,148.86830139160156,148.86830139160156,148.86830139160156,148.86830139160156,3600,0.0,0.0
2016-09-21 00:00:00+09:00,150.99495944128898,150.99495944128898,144.6148908696178,146.7415771484375,17700,0.0,0.0
2016-09-23 00:00:00+09:00,146.74161457043488,148.86830139160156,146.74161457043488,148.86830139160156,7800,0.0,0.0
2016-09-26 00:00:00+09:00,148.8682634272572,148.8682634272572,146.7415771484375,146.7415771484375,4200,0.0,0.0
2016-09-27 00:00:00+09:00,146.7415771484375,146.7415771484375,144.6148908696178,146.7415771484375,20700,0.0,0.0
2016-09-28 00:00:00+09:00,144.6148908696178,146.7415771484375,144.6148908696178,146.7415771484375,4200,0.0,0.0
2016-09-29 00:00:00+09:00,146.74161457043488,148.86830139160156,144.61492774926822,148.86830139160156,30300,0.0,0.0
2016-09-30 00:00:00+09:00,146.74161457043488,148.86830139160156,146.74161457043488,148.86830139160156,7200,0.0,0.0
2016-10-03 00:00:00+09:00,146.7415771484375,148.8682634272572,146.7415771484375,146.7415771484375,19800,0.0,0.0
2016-10-04 00:00:00+09:00,146.74159699041667,150.99497985839844,146.74159699041667,150.99497985839844,50100,0.0,0.0
2016-10-05 00:00:00+09:00,153.12166642478263,153.12166642478263,150.99497985839844,150.99497985839844,5400,0.0,0.0
2016-10-06 00:00:00+09:00,150.994986918167,153.12167358398438,148.86829051713576,153.12167358398438,9000,0.0,0.0
2016-10-07 00:00:00+09:00,150.99499794798277,150.99499794798277,148.86830139160156,148.86830139160156,24600,0.0,0.0
2016-10-11 00:00:00+09:00,146.74161457043488,150.99499794798277,146.74161457043488,148.86830139160156,3600,0.0,0.0
2016-10-12 00:00:00+09:00,148.86828355680086,150.99497985839844,148.86828355680086,150.99497985839844,15000,0.0,0.0
2016-10-13 00:00:00+09:00,150.99499794798277,150.99499794798277,148.86830139160156,148.86830139160156,10200,0.0,0.0
2016-10-14 00:00:00+09:00,146.74161457043488,150.99499794798277,146.74161457043488,148.86830139160156,16200,0.0,0.0
2016-10-17 00:00:00+09:00,148.86828355680086,150.99497985839844,148.86828355680086,150.99497985839844,5100,0.0,0.0
2016-10-18 00:00:00+09:00,148.86828355680086,150.99497985839844,148.86828355680086,150.99497985839844,12600,0.0,0.0
2016-10-19 00:00:00+09:00,150.99499794798277,150.99499794798277,148.86830139160156,148.86830139160156,6900,0.0,0.0
2016-10-20 00:00:00+09:00,148.86829051713576,155.24836024980178,148.86829051713576,153.12167358398438,25200,0.0,0.0
2016-10-21 00:00:00+09:00,153.12166642478263,153.12166642478263,150.99497985839844,150.99497985839844,11400,0.0,0.0
2016-10-24 00:00:00+09:00,150.9949789437768,155.24835205078125,150.9949789437768,155.24835205078125,8100,0.0,0.0
2016-10-25 00:00:00+09:00,155.24836024980178,155.24836024980178,150.994986918167,153.12167358398438,26700,0.0,0.0
2016-10-26 00:00:00+09:00,150.9949789437768,155.24835205078125,150.9949789437768,155.24835205078125,6600,0.0,0.0
2016-10-27 00:00:00+09:00,153.12166549727903,157.37504833949677,153.12166549727903,155.24835205078125,15300,0.0,0.0
2016-10-28 00:00:00+09:00,157.37503051757812,157.37503051757812,155.24833446970007,157.37503051757812,1500,0.0,0.0
2016-10-31 00:00:00+09:00,155.24833446970007,157.37503051757812,155.24833446970007,157.37503051757812,13200,0.0,0.0
2016-11-01 00:00:00+09:00,155.24833446970007,157.37503051757812,155.24833446970007,157.37503051757812,4500,0.0,0.0
2016-11-02 00:00:00+09:00,155.24836024980178,157.37505665083302,150.994986918167,153.12167358398438,23100,0.0,0.0
2016-11-04 00:00:00+09:00,148.86830139160156,150.99499794798277,148.86830139160156,148.86830139160156,25800,0.0,0.0
2016-11-07 00:00:00+09:00,148.86829051713576,153.12167358398438,148.86829051713576,153.12167358398438,26100,0.0,0.0
2016-11-08 00:00:00+09:00,150.99497985839844,153.12166642478263,150.99497985839844,150.99497985839844,5700,0.0,0.0
2016-11-09 00:00:00+09:00,150.99498631453343,153.12167297184897,136.10815050768338,142.48822021484375,87000,0.0,0.0
2016-11-10 00:00:00+09:00,146.7416005585255,148.86828717662135,144.6149139404297,144.6149139404297,35100,0.0,0.0
2016-11-11 00:00:00+09:00,191.40207692055455,208.41558837890625,187.14870392357315,208.41558837890625,620400,0.0,0.0
2016-11-14 00:00:00+09:00,206.2888864249955,244.56929713455608,185.02198509620948,195.65542602539062,4947000,0.0,0.0
2016-11-15 00:00:00+09:00,187.1486986627154,195.65544441754867,178.64193343745657,189.27537536621094,855900,0.0,0.0
2016-11-16 00:00:00+09:00,193.52875756164397,253.0760526033617,185.0219927826452,246.69598388671875,5501100,0.0,0.0
2016-11-17 00:00:00+09:00,238.18930815753345,242.4426820543077,221.1757736295759,229.6825408935547,1776300,0.0,0.0
2016-11-18 00:00:00+09:00,229.68252139501354,236.0625914337639,214.79568481445312,214.79568481445312,675600,0.0,0.0
2016-11-21 00:00:00+09:00,246.69599982348828,297.7365528538945,244.5693230941719,270.089599609375,7642200,0.0,0.0
2016-11-22 00:00:00+09:00,259.4561806767659,282.8497843032486,253.07611050053043,274.343017578125,1689000,0.0,0.0
2016-11-24 00:00:00+09:00,291.35653155794324,293.4832281068314,274.343017578125,274.343017578125,1181100,0.0,0.0
2016-11-25 00:00:00+09:00,265.8362012498348,267.9628974018964,242.44262145885867,250.9493865966797,827100,0.0,0.0
2016-11-28 00:00:00+09:00,244.56931999591777,250.94938904389454,242.442623823117,248.82269287109375,287700,0.0,0.0
2016-11-29 00:00:00+09:00,246.69601808747333,246.69601808747333,236.0625752423737,240.31594848632812,321900,0.0,0.0
2016-11-30 00:00:00+09:00,240.31593402312515,240.31593402312515,229.68249181798987,236.06256103515625,325500,0.0,0.0
2016-12-01 00:00:00+09:00,236.0625752423737,244.56934120070977,231.8092019984193,240.31594848632812,277800,0.0,0.0
2016-12-02 00:00:00+09:00,244.56930776074356,259.45612181432324,238.18923903194525,242.44261169433594,531600,0.0,0.0
2016-12-05 00:00:00+09:00,238.18927001953125,238.18927001953125,233.93587733336454,238.18927001953125,147000,0.0,0.0
2016-12-06 00:00:00+09:00,240.3159522699549,240.3159522699549,231.8092056481126,233.93588256835938,170700,0.0,0.0
2016-12-07 00:00:00+09:00,233.93586480595877,238.18925726435376,229.68249181798987,236.06256103515625,94800,0.0,0.0
2016-12-08 00:00:00+09:00,236.0625736764479,238.18927001953125,231.80920046070833,238.18927001953125,85800,0.0,0.0
2016-12-09 00:00:00+09:00,236.06256103515625,238.18925726435376,233.93586480595877,236.06256103515625,68100,0.0,0.0
2016-12-12 00:00:00+09:00,240.31592189924473,282.84972751481774,236.06254912585746,261.58282470703125,1483800,0.0,0.0
2016-12-13 00:00:00+09:00,253.07610803724148,257.32950109361786,242.4426643371582,255.2028045654297,471900,0.0,0.0
2016-12-14 00:00:00+09:00,255.202745843525,257.3294418823625,250.94937323627437,253.0760498046875,87600,0.0,0.0
2016-12-15 00:00:00+09:00,253.0760720336519,276.46967210437066,250.94939527844187,263.70953369140625,730500,0.0,0.0
2016-12-16 00:00:00+09:00,270.08967152372475,308.3700964891142,263.70960069615984,295.6099548339844,2462700,0.0,0.0
2016-12-19 00:00:00+09:00,312.62338097076855,393.43760127682907,301.9899391285713,384.9308166503906,7558500,0.0,0.0
2016-12-20 00:00:00+09:00,357.2838635086107,444.4781527023052,340.27033321839326,374.2973937988281,9025500,0.0,0.0
2016-12-21 00:00:00+09:00,353.03051222723445,374.2974372966914,344.52376556396484,357.2839050292969,695100,0.0,0.0
2016-12-22 00:00:00+09:00,350.90385307699944,391.31095045103484,346.65046005941673,376.42413330078125,960000,0.0,0.0
2016-12-26 00:00:00+09:00,389.18419796489195,474.2517692392299,380.6774525197131,463.61834716796875,3940200,0.0,0.0
2016-12-27 00:00:00+09:00,425.3379888628541,467.8717604905412,348.77715320399165,361.53729248046875,3150300,0.0,0.0
2016-12-28 00:00:00+09:00,363.6639747619629,397.69100035589656,353.03051222723445,357.2839050292969,1433700,0.0,0.0
2016-12-29 00:00:00+09:00,365.790659792911,367.91737571146547,340.2703802971066,344.5237731933594,503400,0.0,0.0
2016-12-30 00:00:00+09:00,338.14372009277344,338.14372009277344,314.75013588467425,319.0035095214844,1057200,0.0,0.0
2017-01-04 00:00:00+09:00,323.25690923187443,331.7636766620711,316.8768385268346,325.38360595703125,546600,0.0,0.0
2017-01-05 00:00:00+09:00,331.7635803222656,342.397041389801,325.38351146991437,331.7635803222656,510600,0.0,0.0
2017-01-06 00:00:00+09:00,327.51023912484936,346.65044866346113,325.38356215640005,342.3970947265625,356400,0.0,0.0
2017-01-10 00:00:00+09:00,346.65044099517024,361.53729626756973,344.5237640737654,355.1572265625,507300,0.0,0.0
2017-01-11 00:00:00+09:00,359.41055633839323,361.5372720582437,350.90381028154894,353.0304870605469,197400,0.0,0.0
2017-01-12 00:00:00+09:00,353.0304870605469,355.1572027803973,344.5237410037026,353.0304870605469,139500,0.0,0.0
2017-01-13 00:00:00+09:00,355.1572243732286,370.04404061300716,348.7771547074871,363.6639709472656,282300,0.0,0.0
2017-01-16 00:00:00+09:00,370.0439928194945,429.5912890285552,370.0439928194945,393.4375915527344,2370300,0.0,0.0
2017-01-17 00:00:00+09:00,399.8176896657588,421.08457438151044,399.8176896657588,401.9443664550781,790500,0.0,0.0
2017-01-18 00:00:00+09:00,397.6909419117834,401.9443340887732,384.93080432166363,399.8176574707031,161700,0.0,0.0
2017-01-19 00:00:00+09:00,404.0710467081607,404.0710467081607,391.31090798115713,395.5643005371094,139500,0.0,0.0
2017-01-20 00:00:00+09:00,395.564302362654,395.564302362654,374.29741736645167,387.05755615234375,149100,0.0,0.0
2017-01-23 00:00:00+09:00,397.69094968087603,399.81766528134216,387.05752744194666,389.1842041015625,89700,0.0,0.0
2017-01-24 00:00:00+09:00,389.1842121316018,389.1842121316018,374.2973973254308,378.5507507324219,93300,0.0,0.0
2017-01-25 00:00:00+09:00,378.5507507324219,387.0575354281063,372.17068168108415,378.5507507324219,113700,0.0,0.0
2017-01-26 00:00:00+09:00,380.6774305920238,391.31085205078125,378.55071514759436,391.31085205078125,235200,0.0,0.0
2017-01-27 00:00:00+09:00,393.43767049385025,414.704557919703,387.05760037200866,412.577880859375,497700,0.0,0.0
2017-01-30 00:00:00+09:00,410.45112385358624,465.7450723658949,410.45112385358624,431.7180480957031,1075800,0.0,0.0
2017-01-31 00:00:00+09:00,425.33795027922673,448.7315108701011,423.2112346321645,433.8446960449219,351000,0.0,0.0
2017-02-01 00:00:00+09:00,448.7315219604184,476.3785145287075,440.2247759844806,472.1251220703125,746400,0.0,0.0
2017-02-02 00:00:00+09:00,461.49167097967654,467.8717403431783,389.1842311736076,395.5643005371094,1101900,0.0,0.0
2017-02-03 00:00:00+09:00,393.43763838297656,395.5643152697333,365.7906441508664,370.0440368652344,474600,0.0,0.0
2017-02-06 00:00:00+09:00,367.9173621187073,367.9173621187073,357.28389974135814,361.53729248046875,209700,0.0,0.0
2017-02-07 00:00:00+09:00,359.41057664048606,367.9173621187073,353.03050700224753,361.53729248046875,128400,0.0,0.0
2017-02-08 00:00:00+09:00,361.53725627981186,389.1842089636098,361.53725627981186,384.9308166503906,220500,0.0,0.0
2017-02-09 00:00:00+09:00,374.2974317569458,380.6775013951843,359.41057664048606,361.53729248046875,273600,0.0,0.0
2017-02-10 00:00:00+09:00,329.63692408350386,355.1572010721402,325.38353160511366,350.90380859375,304200,0.0,0.0
2017-02-13 00:00:00+09:00,344.5237716950118,348.7771645727664,340.2703788172572,342.3970947265625,75600,0.0,0.0
2017-02-14 00:00:00+09:00,344.5236884253897,344.5236884253897,331.76355181704196,333.8902282714844,87600,0.0,0.0
2017-02-15 00:00:00+09:00,336.01697253744976,338.1436491746169,329.6369036850985,331.7635803222656,73800,0.0,0.0
2017-02-16 00:00:00+09:00,333.89035391679727,333.89035391679727,323.25690923187443,325.38360595703125,54000,0.0,0.0
2017-02-17 00:00:00+09:00,321.13018798828125,323.2568649516922,319.0034915544423,321.13018798828125,80400,0.0,0.0
2017-02-20 00:00:00+09:00,323.2568831582945,323.2568831582945,319.0035095214844,319.0035095214844,53400,0.0,0.0
2017-02-21 00:00:00+09:00,325.38351146991437,336.01697253744976,325.38351146991437,331.7635803222656,106500,0.0,0.0
2017-02-22 00:00:00+09:00,333.8902618162504,333.8902618162504,325.38351620299164,327.51019287109375,78000,0.0,0.0
2017-02-23 00:00:00+09:00,329.6369994073449,331.7636766620711,323.25690923187443,325.38360595703125,55200,0.0,0.0
2017-02-24 00:00:00+09:00,325.3835321804555,325.3835321804555,321.1301591649707,323.2568359375,34500,0.0,0.0
2017-02-27 00:00:00+09:00,323.2568649516922,325.38356138553115,321.13018798828125,321.13018798828125,23700,0.0,0.0
2017-02-28 00:00:00+09:00,325.38356138553115,325.38356138553115,321.13018798828125,321.13018798828125,38100,0.0,0.0
2017-03-01 00:00:00+09:00,321.1301591649707,325.3835321804555,321.1301591649707,323.2568359375,30000,0.0,0.0
2017-03-02 00:00:00+09:00,329.6369550341547,421.0846098494589,327.51023912484936,342.3970947265625,3012600,0.0,0.0
2017-03-03 00:00:00+09:00,340.2703552246094,346.65042462845116,336.01700158261707,340.2703552246094,233700,0.0,0.0
2017-03-06 00:00:00+09:00,338.1437033194083,350.9038430673105,336.01702634171,344.5237731933594,136500,0.0,0.0
2017-03-07 00:00:00+09:00,344.5237640737654,365.79065011037943,344.5237640737654,355.1572265625,330600,0.0,0.0
2017-03-08 00:00:00+09:00,365.7906516925665,367.91736756402537,353.03051222723445,357.2839050292969,130800,0.0,0.0
2017-03-09 00:00:00+09:00,357.28387610146586,359.410552859881,344.52373766927064,348.7771301269531,89700,0.0,0.0
2017-03-10 00:00:00+09:00,350.9038430673105,350.9038430673105,342.39709621566107,344.5237731933594,51600,0.0,0.0
2017-03-13 00:00:00+09:00,346.6504501710577,353.0305200450088,344.5237731933594,344.5237731933594,32100,0.0,0.0
2017-03-14 00:00:00+09:00,348.7771301269531,353.0304836437834,344.52373766927064,348.7771301269531,31500,0.0,0.0
2017-03-15 00:00:00+09:00,344.5237716950118,348.7771645727664,342.39709472656256,342.3970947265625,38400,0.0,0.0
2017-03-16 00:00:00+09:00,342.39708715236054,359.4105804053097,340.2703712901005,355.1572265625,86700,0.0,0.0
2017-03-17 00:00:00+09:00,350.9038136826521,359.4105598219473,346.6504211425781,346.6504211425781,87600,0.0,0.0
2017-03-21 00:00:00+09:00,346.6504177827005,367.91734133609003,344.5237410037026,353.0304870605469,118200,0.0,0.0
2017-03-22 00:00:00+09:00,348.7771301269531,355.1571993430507,346.6504144276858,348.7771301269531,44100,0.0,0.0
2017-03-23 00:00:00+09:00,348.7771318249811,353.03048536251896,346.65041611535986,350.90380859375,14400,0.0,0.0
2017-03-24 00:00:00+09:00,353.0304870605469,357.28387955939525,353.0304870605469,353.0304870605469,21300,0.0,0.0
2017-03-27 00:00:00+09:00,353.0305200450088,353.0305200450088,344.5237731933594,344.5237731933594,49800,0.0,0.0
2017-03-28 00:00:00+09:00,344.5237443429676,353.0304904822627,342.39706754335697,346.6504211425781,42000,0.0,0.0
2017-03-29 00:00:00+09:00,357.69024658203125,364.31414003725405,357.69024658203125,357.69024658203125,32400,20.0,0.0
2017-03-30 00:00:00+09:00,357.6902815468249,362.10622442498465,355.4823303222656,355.4823303222656,45300,0.0,0.0
2017-03-31 00:00:00+09:00,355.482306302122,355.482306302122,344.4424700672114,346.6504211425781,97500,0.0,0.0
2017-04-03 00:00:00+09:00,344.4424787187154,351.06637254022917,333.4026624210324,342.2345275878906,62100,0.0,0.0
2017-04-04 00:00:00+09:00,335.6105588896585,335.6105588896585,300.28314440517846,304.6990661621094,193500,0.0,0.0
2017-04-05 00:00:00+09:00,306.9070257056284,306.9070257056284,260.5397782357249,275.9955139160156,403200,0.0,0.0
2017-04-06 00:00:00+09:00,280.41150830474214,287.0354020425351,258.3318557739258,264.95574951171875,249000,0.0,0.0
2017-04-07 00:00:00+09:00,271.5796567466574,278.2035508136491,264.9557626796658,273.7876281738281,131100,0.0,0.0
2017-04-10 00:00:00+09:00,284.82748329396924,304.69916817494385,273.78766509826886,280.41156005859375,323400,0.0,0.0
2017-04-11 00:00:00+09:00,282.6194355890632,284.82740672041734,271.5796203613281,271.5796203613281,67500,0.0,0.0
2017-04-12 00:00:00+09:00,269.3716719320742,269.3716719320742,262.74777819428124,264.95574951171875,60600,0.0,0.0
2017-04-13 00:00:00+09:00,264.95574951171875,269.3716719320742,260.53982709136324,264.95574951171875,31500,0.0,0.0
2017-04-14 00:00:00+09:00,269.3716719320742,271.5796432495117,260.53982709136324,264.95574951171875,51900,0.0,0.0
2017-04-17 00:00:00+09:00,260.5398031597016,269.3716471891711,260.5398031597016,267.1636962890625,29400,0.0,0.0
2017-04-18 00:00:00+09:00,269.37168670645696,278.20355224609375,269.37168670645696,278.20355224609375,29400,0.0,0.0
2017-04-19 00:00:00+09:00,271.5796567466574,275.99557938647837,269.37168531948674,273.7876281738281,37200,0.0,0.0
2017-04-20 00:00:00+09:00,273.7875914926823,278.20351354087273,269.371649229974,271.5796203613281,38100,0.0,0.0
2017-04-21 00:00:00+09:00,271.5796203613281,271.5796203613281,267.1636983131377,271.5796203613281,61500,0.0,0.0
2017-04-24 00:00:00+09:00,271.57967333830044,271.57967333830044,258.3318843949687,260.53985595703125,96300,0.0,0.0
2017-04-25 00:00:00+09:00,258.33183204507543,267.1636962890625,258.33183204507543,267.1636962890625,36900,0.0,0.0
2017-04-26 00:00:00+09:00,267.16366193265503,275.99550482637727,267.16366193265503,269.3716125488281,40200,0.0,0.0
2017-04-27 00:00:00+09:00,271.5795833795162,275.99550482637727,269.3716125488281,269.3716125488281,26700,0.0,0.0
2017-04-28 00:00:00+09:00,269.3716970908258,271.57966861448324,262.747802734375,262.747802734375,29700,0.0,0.0
2017-05-01 00:00:00+09:00,264.95574951171875,267.1637208291562,262.74777819428124,264.95574951171875,25200,0.0,0.0
2017-05-02 00:00:00+09:00,264.9557626796658,273.7876281738281,264.9557626796658,273.7876281738281,39000,0.0,0.0
2017-05-08 00:00:00+09:00,278.20354265018454,295.86725290567375,275.9955712878034,293.6593017578125,125700,0.0,0.0
2017-05-09 00:00:00+09:00,287.0354309082031,298.07524817656883,287.0354309082031,287.0354309082031,58500,0.0,0.0
2017-05-10 00:00:00+09:00,291.4513303954314,295.86725290567375,289.2433590330503,293.6593017578125,34200,0.0,0.0
2017-05-11 00:00:00+09:00,291.45134919031386,293.6593206950809,287.03542639530104,289.2433776855469,56100,0.0,0.0
2017-05-12 00:00:00+09:00,295.86723263854475,295.86723263854475,282.61944580078125,282.61944580078125,55200,0.0,0.0
2017-05-15 00:00:00+09:00,273.787644900363,278.2035678099663,258.3318843949687,260.53985595703125,145200,0.0,0.0
2017-05-16 00:00:00+09:00,262.747802734375,264.9557742580324,260.53985142523896,262.747802734375,28800,0.0,0.0
2017-05-17 00:00:00+09:00,262.74780730457206,264.95577886663455,260.53985595703125,260.53985595703125,29400,0.0,0.0
2017-05-18 00:00:00+09:00,260.53985142523896,262.747802734375,258.3318799015816,262.747802734375,32100,0.0,0.0
2017-05-19 00:00:00+09:00,262.74777819428124,264.95574951171875,262.74777819428124,264.95574951171875,15600,0.0,0.0
2017-05-22 00:00:00+09:00,264.95572517443634,269.3716471891711,264.95572517443634,267.1636962890625,29700,0.0,0.0
2017-05-23 00:00:00+09:00,269.3716589630178,282.61944580078125,267.16370796640285,282.61944580078125,57000,0.0,0.0
2017-05-24 00:00:00+09:00,284.8274033864339,322.36279089298523,284.8274033864339,317.9468688964844,400200,0.0,0.0
2017-05-25 00:00:00+09:00,320.1548337260154,320.1548337260154,311.32296969162667,315.7388916015625,156000,0.0,0.0
2017-05-26 00:00:00+09:00,313.5309298904876,313.5309298904876,300.28314440517846,304.6990661621094,60900,0.0,0.0
2017-05-29 00:00:00+09:00,300.2831357167599,302.4910864240821,295.86719387308386,298.0751647949219,15000,0.0,0.0
2017-05-30 00:00:00+09:00,300.283203125,302.491154327968,293.6593090870553,300.283203125,13800,0.0,0.0
2017-05-31 00:00:00+09:00,300.2831602216209,302.49111110912474,295.8672180175781,295.8672180175781,19800,0.0,0.0
2017-06-01 00:00:00+09:00,295.86721590328114,298.0751869895241,287.0353719873438,291.4512939453125,25200,0.0,0.0
2017-06-02 00:00:00+09:00,291.45129602805287,300.2831602216209,291.45129602805287,295.8672180175781,18300,0.0,0.0
2017-06-05 00:00:00+09:00,298.0751647949219,300.2831357167599,295.86719387308386,298.0751647949219,5400,0.0,0.0
2017-06-06 00:00:00+09:00,293.65932531212684,298.07524817656883,287.0354309082031,287.0354309082031,33300,0.0,0.0
2017-06-07 00:00:00+09:00,284.827454890534,289.2433776855469,284.827454890534,289.2433776855469,17700,0.0,0.0
2017-06-08 00:00:00+09:00,291.4512939453125,295.86721590328114,289.2433228590695,291.4512939453125,19500,0.0,0.0
2017-06-09 00:00:00+09:00,295.8672180175781,295.8672180175781,291.45129602805287,295.8672180175781,9900,0.0,0.0
2017-06-12 00:00:00+09:00,295.86721590328114,295.86721590328114,289.2433228590695,291.4512939453125,8700,0.0,0.0
2017-06-13 00:00:00+09:00,289.24338223316335,293.65932531212684,287.0354309082031,287.0354309082031,9300,0.0,0.0
2017-06-14 00:00:00+09:00,287.03542639530104,298.0752434900937,287.03542639530104,289.2433776855469,50100,0.0,0.0
2017-06-15 00:00:00+09:00,289.24338223316335,291.4513537726451,284.82745936872135,287.0354309082031,11100,0.0,0.0
2017-06-16 00:00:00+09:00,289.24338223316335,291.4513537726451,284.82745936872135,287.0354309082031,16800,0.0,0.0
2017-06-19 00:00:00+09:00,289.2433453977736,291.45131665606834,282.61945183740846,284.8274230957031,19500,0.0,0.0
2017-06-20 00:00:00+09:00,289.2433453977736,289.2433453977736,284.8274230957031,284.8274230957031,16200,0.0,0.0
2017-06-21 00:00:00+09:00,284.827401500704,313.53094482421875,284.827401500704,313.53094482421875,108600,0.0,0.0
2017-06-22 00:00:00+09:00,306.9070757347377,366.5220976994076,304.6991044714096,311.322998046875,1114800,0.0,0.0
2017-06-23 00:00:00+09:00,313.5309631924435,317.94688541841526,309.1150207519531,309.1150207519531,97200,0.0,0.0
2017-06-26 00:00:00+09:00,304.699152027863,304.699152027863,298.0752574185617,302.4911804199219,67500,0.0,0.0
2017-06-27 00:00:00+09:00,306.907037147833,306.907037147833,298.0751734194548,304.6990661621094,18300,0.0,0.0
2017-06-28 00:00:00+09:00,306.9070697462265,311.3229919721983,304.6990985259813,309.1150207519531,27000,0.0,0.0
2017-06-29 00:00:00+09:00,304.69907242591756,311.32296530474184,302.4911013948038,306.90704345703125,26400,0.0,0.0
2017-06-30 00:00:00+09:00,300.28322902650285,302.4911804199219,300.28322902650285,302.4911804199219,27300,0.0,0.0
2017-07-03 00:00:00+09:00,293.6593017578125,298.07522426805485,291.4513303954314,293.6593017578125,80700,0.0,0.0
2017-07-04 00:00:00+09:00,295.86725290567375,295.86725290567375,291.4513303954314,293.6593017578125,24300,0.0,0.0
2017-07-05 00:00:00+09:00,295.86720243373117,311.32295890476394,293.6592516625239,304.6990661621094,82500,0.0,0.0
2017-07-06 00:00:00+09:00,313.5309631924435,320.1548566386605,304.6990985259813,309.1150207519531,120000,0.0,0.0
2017-07-07 00:00:00+09:00,306.9070477816909,315.7388916015625,306.9070477816909,315.7388916015625,42000,0.0,0.0
2017-07-10 00:00:00+09:00,315.7389141981701,315.7389141981701,304.6990985259813,309.1150207519531,66300,0.0,0.0
2017-07-11 00:00:00+09:00,309.1150207519531,315.7389141981701,306.9070697462265,309.1150207519531,55800,0.0,0.0
2017-07-12 00:00:00+09:00,309.1150207519531,311.3229919721983,304.6990985259813,309.1150207519531,31200,0.0,0.0
2017-07-13 00:00:00+09:00,309.11499427362816,311.32296530474184,304.69907242591756,306.90704345703125,30600,0.0,0.0
2017-07-14 00:00:00+09:00,304.699152027863,311.3230466371644,302.4911804199219,302.4911804199219,41400,0.0,0.0
2017-07-17 00:00:00+09:00,302.4911804199219,302.4911804199219,302.4911804199219,302.4911804199219,0,0.0,0.0
2017-07-18 00:00:00+09:00,302.491154327968,302.491154327968,295.8672602900233,300.283203125,79200,0.0,0.0
2017-07-19 00:00:00+09:00,300.2831821592723,311.322998046875,298.07521089594417,311.322998046875,63000,0.0,0.0
2017-07-20 00:00:00+09:00,311.3229913330078,337.81856506347657,309.1150201172959,331.1946716308594,674100,0.0,0.0
2017-07-21 00:00:00+09:00,337.8185908899072,364.3141666459784,333.40266833540204,359.8982238769531,980100,0.0,0.0
2017-07-24 00:00:00+09:00,353.27429014158633,373.145969720095,353.27429014158633,370.9380187988281,349200,0.0,0.0
2017-07-25 00:00:00+09:00,366.5220827856927,370.9380251326651,344.4424519089033,351.06634521484375,254700,0.0,0.0
2017-07-26 00:00:00+09:00,344.4424963046952,351.0663904644009,326.7787852836537,333.4026794433594,250800,0.0,0.0
2017-07-27 00:00:00+09:00,333.40264284657127,340.0265160646699,328.9867004151475,331.1946716308594,79800,0.0,0.0
2017-07-28 00:00:00+09:00,333.40264284657127,335.6105938477646,326.7787494139541,331.1946716308594,58200,0.0,0.0
2017-07-31 00:00:00+09:00,326.77874755859375,328.98669854725097,320.1548541635852,326.77874755859375,83400,0.0,0.0
2017-08-01 00:00:00+09:00,326.7787266981777,326.7787266981777,306.9070477816909,315.7388916015625,188400,0.0,0.0
2017-08-02 00:00:00+09:00,313.5309625487197,333.40264284657127,313.5309625487197,331.1946716308594,98700,0.0,0.0
2017-08-03 00:00:00+09:00,355.4822835116764,441.59289550781256,342.2344970507324,441.5928955078125,9546300,0.0,0.0
2017-08-04 00:00:00+09:00,441.59292484675024,476.92034428003643,399.6415713138695,426.13714599609375,8234700,0.0,0.0
2017-08-07 00:00:00+09:00,465.8805300581269,503.4159427765877,410.6814270019531,410.6814270019531,3302700,0.0,0.0
2017-08-08 00:00:00+09:00,408.47347204060287,441.59294165392095,386.3937986790308,428.34515380859375,1804200,0.0,0.0
2017-08-09 00:00:00+09:00,401.8494911633703,406.2653925369138,357.6901944247159,364.3140869140625,1568100,0.0,0.0
2017-08-10 00:00:00+09:00,362.1062090524319,366.5221113140814,340.02653602802644,342.2345275878906,694200,0.0,0.0
2017-08-11 00:00:00+09:00,342.2345275878906,342.2345275878906,342.2345275878906,342.2345275878906,0,0.0,0.0
2017-08-14 00:00:00+09:00,331.1947079852839,344.4424963046952,324.5708138255782,333.4026794433594,402300,0.0,0.0
2017-08-15 00:00:00+09:00,337.81860214498954,342.2345450611405,333.4026794433594,333.4026794433594,229200,0.0,0.0
2017-08-16 00:00:00+09:00,331.19466926691877,353.27430040836776,326.77874708153263,348.8583984375,259500,0.0,0.0
2017-08-17 00:00:00+09:00,348.8584138171605,366.5221033374208,348.8584138171605,362.106201171875,390900,0.0,0.0
2017-08-18 00:00:00+09:00,381.97785002122924,384.185800917976,362.10617066340285,373.1459655761719,648900,0.0,0.0
2017-08-21 00:00:00+09:00,368.7300287166373,419.513177515607,359.8981451114877,364.3140869140625,1720500,0.0,0.0
2017-08-22 00:00:00+09:00,357.69024658203125,368.73008248374833,355.48229557330274,357.69024658203125,310200,0.0,0.0
2017-08-23 00:00:00+09:00,362.10613622729073,370.9379794034091,355.48224373794415,364.3140869140625,237900,0.0,0.0
2017-08-24 00:00:00+09:00,364.31415225464787,370.93804593200514,362.106201171875,362.106201171875,142800,0.0,0.0
2017-08-25 00:00:00+09:00,362.1061808677566,362.1061808677566,351.06634521484375,351.06634521484375,144900,0.0,0.0
2017-08-28 00:00:00+09:00,348.8584126469833,351.06636372235005,342.23451899184465,346.6504211425781,86100,0.0,0.0
2017-08-29 00:00:00+09:00,344.4424787187154,346.65042984954016,333.4026624210324,342.2345275878906,174000,0.0,0.0
2017-08-30 00:00:00+09:00,342.2345275878906,344.4424787187154,337.8185848972016,342.2345275878906,53100,0.0,0.0
2017-08-31 00:00:00+09:00,344.44244384765625,348.85838609127904,340.0265016040335,344.44244384765625,122700,0.0,0.0
2017-09-01 00:00:00+09:00,342.2345464496928,344.44249770220586,335.61063204859107,337.818603515625,94200,0.0,0.0
2017-09-04 00:00:00+09:00,335.61063204859107,337.818603515625,326.7787866094971,337.818603515625,199500,0.0,0.0
2017-09-05 00:00:00+09:00,337.8185459659513,337.8185459659513,313.53094482421875,313.53094482421875,188100,0.0,0.0
2017-09-06 00:00:00+09:00,309.1150267835469,315.7389203590123,293.65928858380687,311.322998046875,150300,0.0,0.0
2017-09-07 00:00:00+09:00,320.1548400019936,324.57076199849445,315.73889779097516,317.9468688964844,80400,0.0,0.0
2017-09-08 00:00:00+09:00,315.7388957005925,320.15483788237464,313.53094482421875,313.53094482421875,56100,0.0,0.0
2017-09-11 00:00:00+09:00,324.570809506282,337.81859764939554,320.15488686341763,335.6106262207031,112800,0.0,0.0
2017-09-12 00:00:00+09:00,340.02652748743947,348.8584126469833,337.81857641207273,346.6504211425781,138300,0.0,0.0
2017-09-13 00:00:00+09:00,344.44244384765625,348.85838609127904,342.23449294036254,344.44244384765625,41400,0.0,0.0
2017-09-14 00:00:00+09:00,342.2345450611405,344.4424963046952,331.1947079852839,333.4026794433594,57900,0.0,0.0
2017-09-15 00:00:00+09:00,331.1947079852839,337.81860214498954,331.1947079852839,333.4026794433594,25200,0.0,0.0
2017-09-18 00:00:00+09:00,333.4026794433594,333.4026794433594,333.4026794433594,333.4026794433594,0,0.0,0.0
2017-09-19 00:00:00+09:00,337.81859764939554,340.0265488635675,335.6106262207031,335.6106262207031,33300,0.0,0.0
2017-09-20 00:00:00+09:00,337.81859764939554,337.81859764939554,333.4026750065312,335.6106262207031,24600,0.0,0.0
2017-09-21 00:00:00+09:00,335.61063204859107,348.85844063627366,335.61063204859107,337.818603515625,93600,0.0,0.0
2017-09-22 00:00:00+09:00,344.44249770220586,344.44249770220586,331.1947093290441,337.818603515625,68400,0.0,0.0
2017-09-25 00:00:00+09:00,333.4026794433594,340.0265533885443,333.4026794433594,333.4026794433594,46200,0.0,0.0
2017-09-26 00:00:00+09:00,333.40264095360226,333.40264095360226,324.57077635541805,326.77874755859375,76800,0.0,0.0
2017-09-27 00:00:00+09:00,328.98670176516936,340.0265174599945,326.77875075491545,327.2203369140625,28500,0.0,0.1
2017-09-28 00:00:00+09:00,327.6619444566496,334.28583834872825,326.99955506744175,332.9610595703125,17100,0.0,0.0
2017-09-29 00:00:00+09:00,333.4026895855691,344.44250678273954,332.0779107133278,340.4681701660156,80100,0.0,0.0
2017-10-02 00:00:00+09:00,344.0008636805227,346.6504211425781,340.46813387412817,346.6504211425781,57600,0.0,0.0
2017-10-03 00:00:00+09:00,346.6504211425781,346.6504211425781,342.23451899184465,346.6504211425781,36600,0.0,0.0
2017-10-04 00:00:00+09:00,345.9880275556149,345.9880275556149,332.51945743084434,334.9482116699219,70200,0.0,0.0
2017-10-05 00:00:00+09:00,334.9482066475062,339.3641288926646,328.9867025200089,330.0906982421875,62700,0.0,0.0
2017-10-06 00:00:00+09:00,330.3115036384486,333.40266761297227,326.77877368830735,328.9867248535156,49800,0.0,0.0
2017-10-09 00:00:00+09:00,328.9867248535156,328.9867248535156,328.9867248535156,328.9867248535156,0,0.0,0.0
2017-10-10 00:00:00+09:00,326.77877368830735,328.9867248535156,323.4668267259749,328.9867248535156,34500,0.0,0.0
2017-10-11 00:00:00+09:00,325.01239013671875,327.88275092337966,324.1292177519924,325.01239013671875,27900,0.0,0.0
2017-10-12 00:00:00+09:00,325.0123564102117,328.32430304555527,324.12918411713207,324.5707702636719,12600,0.0,0.0
2017-10-13 00:00:00+09:00,325.45398738948484,325.6747703721963,322.3628234863281,322.3628234863281,38400,0.0,0.0
2017-10-16 00:00:00+09:00,322.80439091488034,322.80439091488034,311.32296969162667,315.7388916015625,75000,0.0,0.0
2017-10-17 00:00:00+09:00,314.1933362101845,318.8300613815916,311.7645619297691,317.9468688964844,45600,0.0,0.0
2017-10-18 00:00:00+09:00,318.60925820668535,319.49245069179256,314.8557255203855,317.9468688964844,35400,0.0,0.0
2017-10-19 00:00:00+09:00,319.4924998100308,320.1548892220664,314.63497071692916,314.85577392578125,18000,0.0,0.0
2017-10-20 00:00:00+09:00,315.0765434364231,317.50531798629487,312.8685923004739,314.4141540527344,19800,0.0,0.0
2017-10-23 00:00:00+09:00,319.7132336521812,319.7132336521812,314.8557255203855,317.9468688964844,19500,0.0,0.0
2017-10-24 00:00:00+09:00,317.9468794946391,317.9468794946391,313.53095735094183,316.6221008300781,31500,0.0,0.0
2017-10-25 00:00:00+09:00,318.3884487904274,319.0508380876436,315.7388916015625,315.7388916015625,11100,0.0,0.0
2017-10-26 00:00:00+09:00,317.7260999638981,317.7260999638981,312.4269849111881,312.86859130859375,63000,0.0,0.0
2017-10-27 00:00:00+09:00,313.0893864776857,317.9469155365566,313.0893864776857,315.9597473144531,15900,0.0,0.0
2017-10-30 00:00:00+09:00,316.18053921891743,317.94690417058075,314.19337106785133,314.4141540527344,18900,0.0,0.0
2017-10-31 00:00:00+09:00,314.41415777863705,318.6092973298858,313.5309853995994,317.7261047363281,32400,0.0,0.0
2017-11-01 00:00:00+09:00,318.83009261690455,328.54513004678137,318.1677032418102,320.8172607421875,105600,0.0,0.0
2017-11-02 00:00:00+09:00,320.3756395193385,326.7787499918715,318.1676885142403,324.3499755859375,19800,0.0,0.0
2017-11-03 00:00:00+09:00,324.3499755859375,324.3499755859375,324.3499755859375,324.3499755859375,0,0.0,0.0
2017-11-06 00:00:00+09:00,326.778791609957,327.88276725310686,318.38851203555026,323.0252380371094,25200,0.0,0.0
2017-11-07 00:00:00+09:00,320.59642071052,325.4539489746094,319.7132282403627,325.4539489746094,19500,0.0,0.0
2017-11-08 00:00:00+09:00,325.4539680903956,325.4539680903956,319.93405020310104,323.90838623046875,13500,0.0,0.0
2017-11-09 00:00:00+09:00,323.90840053620104,323.90840053620104,310.66061319320715,317.50531005859375,119400,0.0,0.0
2017-11-10 00:00:00+09:00,313.7517636743656,317.06371058230934,310.21903378223874,312.86859130859375,34500,0.0,0.0
2017-11-13 00:00:00+09:00,313.53096346910866,313.53096346910866,303.5951232910156,303.5951232910156,44700,0.0,0.0
2017-11-14 00:00:00+09:00,300.06236861808793,304.6990939609723,295.86722942682934,297.4128112792969,32400,0.0,0.0
2017-11-15 00:00:00+09:00,297.85438710003444,297.85438710003444,278.6450970600611,286.37298583984375,76200,0.0,0.0
2017-11-16 00:00:00+09:00,284.3858503361397,298.95841685591125,284.3858503361397,293.6593017578125,21600,0.0,0.0
2017-11-17 00:00:00+09:00,291.4513212802795,297.4128255791943,289.9057393534989,291.0097351074219,29100,0.0,0.0
2017-11-20 00:00:00+09:00,287.03539365958676,296.0880414320123,287.03539365958676,291.672119140625,19800,0.0,0.0
2017-11-21 00:00:00+09:00,290.7889046408913,291.8928800767541,287.0353719873438,291.4512939453125,30000,0.0,0.0
2017-11-22 00:00:00+09:00,292.33447359153814,295.2048136416997,288.3601379394531,288.3601379394531,10200,0.0,0.0
2017-11-23 00:00:00+09:00,288.3601379394531,288.3601379394531,288.3601379394531,288.3601379394531,0,0.0,0.0
2017-11-24 00:00:00+09:00,288.58090474963336,291.45126485378944,278.4242832386479,283.5025939941406,72300,0.0,0.0
2017-11-27 00:00:00+09:00,295.2048672434046,308.8942615625769,291.6721372764415,296.97125244140625,35400,0.0,0.0
2017-11-28 00:00:00+09:00,293.88002692097547,294.7632193350577,289.9056913793792,294.100830078125,15900,0.0,0.0
2017-11-29 00:00:00+09:00,291.89291441812065,294.7632751464844,290.1265494700228,294.7632751464844,12300,0.0,0.0
2017-11-30 00:00:00+09:00,293.6593102870854,293.8800932795722,290.56814624706567,293.4385070800781,17400,0.0,0.0
2017-12-01 00:00:00+09:00,292.55531078491776,293.4385033873118,290.1265563964844,290.1265563964844,6900,0.0,0.0
2017-12-04 00:00:00+09:00,290.34732171640565,293.4384650996744,287.25615811861934,291.89288330078125,23400,0.0,0.0
2017-12-05 00:00:00+09:00,292.11367042825015,293.65925214223313,286.1521669501226,288.3601379394531,43200,0.0,0.0
2017-12-06 00:00:00+09:00,288.58099243910834,289.9057713182695,283.50268014049755,284.1650695800781,39000,0.0,0.0
2017-12-07 00:00:00+09:00,284.38582843718206,288.58094742378773,279.30749671621135,285.0482177734375,16800,0.0,0.0
2017-12-08 00:00:00+09:00,285.9314018146146,287.0353975633653,285.2690124511719,285.2690124511719,12900,0.0,0.0
2017-12-11 00:00:00+09:00,287.69771961414693,292.55522699986955,276.4371030702676,289.9056701660156,94200,0.0,0.0
2017-12-12 00:00:00+09:00,291.6721747283104,292.3345642089844,289.464203054556,292.3345642089844,36600,0.0,0.0
2017-12-13 00:00:00+09:00,292.3344896516179,297.85438710641796,289.2433260538316,291.89288330078125,36900,0.0,0.0
2017-12-14 00:00:00+09:00,291.8929084826801,293.43849041491217,291.45132230826493,292.5552978515625,9600,0.0,0.0
2017-12-15 00:00:00+09:00,294.3217105214123,294.9840999522823,288.80179185932184,292.1137390136719,26700,0.0,0.0
2017-12-18 00:00:00+09:00,290.78894262106957,290.78894262106957,287.2561924645689,289.6849670410156,18300,0.0,0.0
2017-12-19 00:00:00+09:00,287.2561592695929,289.46413038907036,285.26899132641853,287.9185485839844,28200,0.0,0.0
2017-12-20 00:00:00+09:00,285.04822308884167,287.6977804832708,283.94422736481704,284.3858337402344,28200,0.0,0.0
2017-12-21 00:00:00+09:00,284.8274445869553,285.71063719981703,280.41152195168763,282.1778869628906,66600,0.0,0.0
2017-12-22 00:00:00+09:00,281.73632790429645,282.3987173741228,277.5411878572224,278.865966796875,80400,0.0,0.0
2017-12-25 00:00:00+09:00,275.9955133811202,275.9955133811202,268.4884487102192,270.4756164550781,135600,0.0,0.0
2017-12-26 00:00:00+09:00,268.0469135738727,275.7748036654767,267.82613057549844,269.1509094238281,133200,0.0,0.0
2017-12-27 00:00:00+09:00,269.3716304227833,273.3459660530269,269.3716304227833,273.12518310546875,18600,0.0,0.0
2017-12-28 00:00:00+09:00,271.5796461376687,275.77478562105796,270.4756705744693,275.1123962402344,20100,0.0,0.0
2017-12-29 00:00:00+09:00,275.5540249939678,285.04828099074837,275.5540249939678,281.0739440917969,21300,0.0,0.0
2018-01-01 00:00:00+09:00,281.0739440917969,281.0739440917969,281.0739440917969,281.0739440917969,0,0.0,0.0
2018-01-02 00:00:00+09:00,281.0739440917969,281.0739440917969,281.0739440917969,281.0739440917969,0,0.0,0.0
2018-01-03 00:00:00+09:00,281.0739440917969,281.0739440917969,281.0739440917969,281.0739440917969,0,0.0,0.0
2018-01-04 00:00:00+09:00,280.1906811416811,284.1650170444,279.9698779644686,283.9442138671875,12300,0.0,0.0
2018-01-05 00:00:00+09:00,283.94422736481704,284.60661671342433,281.51547315809654,284.3858337402344,19200,0.0,0.0
2018-01-08 00:00:00+09:00,284.3858337402344,284.3858337402344,284.3858337402344,284.3858337402344,0,0.0,0.0
2018-01-09 00:00:00+09:00,284.38586028806384,289.90575856540255,283.7234708776216,289.46417236328125,24900,0.0,0.0
2018-01-10 00:00:00+09:00,289.0225861611599,290.3473649820445,287.03541792983305,289.46417236328125,22200,0.0,0.0
2018-01-11 00:00:00+09:00,291.2305387810881,295.42567847215474,289.24337054024403,293.8800964355469,28800,0.0,0.0
2018-01-12 00:00:00+09:00,295.86722097196883,298.9583845885692,295.86722097196883,297.63360595703125,29100,0.0,0.0
2018-01-15 00:00:00+09:00,299.3999917528542,303.5951311188327,293.21768430002044,300.50396728515625,50700,0.0,0.0
2018-01-16 00:00:00+09:00,300.28322902650285,304.699152027863,295.8672858106205,302.4911804199219,20400,0.0,0.0
2018-01-17 00:00:00+09:00,299.62082954773246,299.62082954773246,290.34737740476896,295.4256896972656,25800,0.0,0.0
2018-01-18 00:00:00+09:00,295.64646022398614,298.7376038583309,292.5552963751221,296.5296325683594,14100,0.0,0.0
2018-01-19 00:00:00+09:00,296.5296208607417,296.5296208607417,293.659280533077,296.308837890625,5400,0.0,0.0
2018-01-22 00:00:00+09:00,302.04952497452746,302.04952497452746,292.7760746463622,295.8672180175781,36300,0.0,0.0
2018-01-23 00:00:00+09:00,294.9840563161071,295.4256424665241,291.00972031879957,294.5424499511719,7200,0.0,0.0
2018-01-24 00:00:00+09:00,293.65924397834186,294.7632193350577,291.89285915017734,294.100830078125,15600,0.0,0.0
2018-01-25 00:00:00+09:00,294.10091932779613,296.08808770163256,291.23055827185834,295.20489501953125,122100,0.0,0.0
2018-01-26 00:00:00+09:00,292.776075787937,295.2048298594683,291.89288330078125,291.89288330078125,22200,0.0,0.0
2018-01-29 00:00:00+09:00,294.321669872464,296.308837890625,290.56811680625873,296.308837890625,30900,0.0,0.0
2018-01-30 00:00:00+09:00,295.86725071223054,295.86725071223054,292.33452081603485,294.7632751464844,17400,0.0,0.0
2018-01-31 00:00:00+09:00,292.1137300050504,293.65931203425595,289.46417236328125,289.46417236328125,31800,0.0,0.0
2018-02-01 00:00:00+09:00,289.68501157619045,291.2305735829714,281.2947311914236,288.80181884765625,31800,0.0,0.0
2018-02-02 00:00:00+09:00,283.72349444540384,288.1394174769921,283.72349444540384,285.7106628417969,19200,0.0,0.0
2018-02-05 00:00:00+09:00,282.6194525548067,282.6194525548067,276.2163621683731,277.98272705078125,47700,0.0,0.0
2018-02-06 00:00:00+09:00,269.3716868157965,272.2420476656107,250.8247833251953,250.8247833251953,158100,0.0,0.0
2018-02-07 00:00:00+09:00,257.89025004521164,263.63095077791485,253.25352478027344,253.25352478027344,55800,0.0,0.0
2018-02-08 00:00:00+09:00,252.37033242077084,266.94289754742954,252.37033242077084,263.6309509277344,16500,0.0,0.0
2018-02-09 00:00:00+09:00,243.53844818236396,253.9158935546875,243.53844818236396,253.9158935546875,33900,0.0,0.0
2018-02-12 00:00:00+09:00,253.9158935546875,253.9158935546875,253.9158935546875,253.9158935546875,0,0.0,0.0
2018-02-13 00:00:00+09:00,260.539807339462,263.18936463371244,253.25352478027344,253.25352478027344,14100,0.0,0.0
2018-02-14 00:00:00+09:00,249.49998109679288,254.79909588266827,239.34335790021086,240.6681365966797,28200,0.0,0.0
2018-02-15 00:00:00+09:00,239.78493796454535,245.52563876511863,229.62829481166813,238.4601593017578,38100,0.0,0.0
2018-02-16 00:00:00+09:00,236.47301489441693,241.77213007412377,236.47301489441693,238.2393798828125,19200,0.0,0.0
2018-02-19 00:00:00+09:00,244.20088868671496,245.0840813034595,242.87610986885844,244.42169189453125,18300,0.0,0.0
2018-02-20 00:00:00+09:00,246.40883548613394,247.29202801457964,241.10972074449663,246.629638671875,18600,0.0,0.0
2018-02-21 00:00:00+09:00,242.43445897828838,244.64242982373048,239.12251281738278,239.1225128173828,12000,0.0,0.0
2018-02-22 00:00:00+09:00,239.5641333140311,240.66812900259862,237.3561823659322,237.57696533203125,14100,0.0,0.0
2018-02-23 00:00:00+09:00,237.57695575112555,242.43448402718323,237.57695575112555,241.7720947265625,11700,0.0,0.0
2018-02-26 00:00:00+09:00,246.1880645751953,246.1880645751953,244.42169950125518,246.1880645751953,9900,0.0,0.0
2018-02-27 00:00:00+09:00,248.39599993972914,249.49997542351076,246.18802875764771,246.8504180908203,15600,0.0,0.0
2018-02-28 00:00:00+09:00,246.85042164309752,246.85042164309752,246.18803230039288,246.629638671875,16500,0.0,0.0
2018-03-01 00:00:00+09:00,247.29203871960524,247.51282170038527,245.30487060546875,245.30487060546875,55500,0.0,0.0
2018-03-02 00:00:00+09:00,243.09689545187578,245.08406353458867,240.6681412000664,241.992919921875,12300,0.0,0.0
2018-03-05 00:00:00+09:00,241.99297350118303,242.43455976805052,237.3562469482422,237.3562469482422,6900,0.0,0.0
2018-03-06 00:00:00+09:00,238.2393798828125,241.77213007412377,238.2393798828125,238.2393798828125,6900,0.0,0.0
2018-03-07 00:00:00+09:00,238.68100070989897,240.00577958485766,236.69383239746094,236.69383239746094,7500,0.0,0.0
2018-03-08 00:00:00+09:00,241.55129210231698,241.55129210231698,237.79775946179808,239.78492736816406,3600,0.0,0.0
2018-03-09 00:00:00+09:00,240.66815816595405,241.77213377377956,239.78496555098135,241.55133056640625,2700,0.0,0.0
2018-03-12 00:00:00+09:00,242.8760990769955,250.8247716309465,242.8760990769955,250.60398864746094,18600,0.0,0.0
2018-03-13 00:00:00+09:00,250.38316023369885,250.38316023369885,245.30484890716673,249.9415740966797,8400,0.0,0.0
2018-03-14 00:00:00+09:00,250.60397317104585,257.0070633725676,249.05839130949852,256.1238708496094,16500,0.0,0.0
2018-03-15 00:00:00+09:00,256.1239264356227,257.00711915025835,255.24075393550987,256.78631591796875,10800,0.0,0.0
2018-03-16 00:00:00+09:00,256.1239264356227,259.215090829586,255.9031434178559,256.78631591796875,9300,0.0,0.0
2018-03-19 00:00:00+09:00,256.7862655210973,256.7862655210973,251.92875708024283,255.46148681640625,9000,0.0,0.0
2018-03-20 00:00:00+09:00,249.2791900634766,254.79908764393602,249.2791900634766,249.27919006347656,5400,0.0,0.0
2018-03-21 00:00:00+09:00,249.2791900634766,249.2791900634766,249.2791900634766,249.27919006347656,0,0.0,0.0
2018-03-22 00:00:00+09:00,247.29202296777453,262.5269775390625,247.29202296777453,262.5269775390625,17700,0.0,0.0
2018-03-23 00:00:00+09:00,258.11107052785536,260.5398452102987,254.13673400878906,254.13673400878906,10200,0.0,0.0
2018-03-26 00:00:00+09:00,249.72078652254396,254.3575120017424,241.77211427248952,253.4743194580078,17400,0.0,0.0
2018-03-27 00:00:00+09:00,253.47435504423984,260.98144218363507,253.47435504423984,260.53985595703125,5100,0.0,0.0
2018-03-28 00:00:00+09:00,280.8571261972874,282.76935956757984,275.1204698536246,282.2912902832031,45300,30.0,0.0
2018-03-29 00:00:00+09:00,282.5303848459751,283.2474670410156,277.27177478780715,283.2474670410156,9900,0.0,0.0
2018-03-30 00:00:00+09:00,283.24742482120826,286.59380060472853,282.0522953021529,286.1157531738281,11100,0.0,0.0
2018-04-02 00:00:00+09:00,286.11573412254353,286.35476876388174,275.12046887509473,284.4425354003906,10500,0.0,0.0
2018-04-03 00:00:00+09:00,277.7497663844859,285.6376683207754,277.7497663844859,279.4229431152344,5100,0.0,0.0
2018-04-04 00:00:00+09:00,279.42299005713073,285.398681640625,278.22786049387565,285.398681640625,5100,0.0,0.0
2018-04-05 00:00:00+09:00,285.39864064162487,285.39864064162487,284.6815586299625,284.92059326171875,3600,0.0,0.0
2018-04-06 00:00:00+09:00,280.85712519835374,285.159617440798,280.85712519835374,284.4425354003906,4800,0.0,0.0
2018-04-09 00:00:00+09:00,282.7693996663196,283.7254946034397,279.9010710877385,282.5303649902344,5400,0.0,0.0
2018-04-10 00:00:00+09:00,280.14003569849416,354.23851852872866,279.9010229471275,301.6524963378906,492000,0.0,0.0
2018-04-11 00:00:00+09:00,308.1062463822808,308.1062463822808,296.39392083934,297.58905029296875,39000,0.0,0.0
2018-04-12 00:00:00+09:00,294.24264458073225,301.1744297161726,294.00360996102563,298.7841491699219,13800,0.0,0.0
2018-04-13 00:00:00+09:00,297.35003662109375,298.78420082004374,296.39394174419976,297.35003662109375,9300,0.0,0.0
2018-04-16 00:00:00+09:00,303.56470118876297,303.56470118876297,295.19873046875,295.19873046875,8100,0.0,0.0
2018-04-17 00:00:00+09:00,295.19881298166115,298.78422375424657,289.94022510427635,292.56951904296875,9600,0.0,0.0
2018-04-18 00:00:00+09:00,299.7402878179783,299.7402878179783,293.5255842008174,294.0036315917969,6300,0.0,0.0
2018-04-19 00:00:00+09:00,294.0036315917969,294.0036315917969,294.0036315917969,294.0036315917969,0,0.0,0.0
2018-04-20 00:00:00+09:00,301.4135057556254,301.4135057556254,297.1110133112958,298.0671081542969,3300,0.0,0.0
2018-04-23 00:00:00+09:00,303.08672336905596,303.08672336905596,298.3061828613281,298.3061828613281,9300,0.0,0.0
2018-04-24 00:00:00+09:00,301.8915870516908,301.8915870516908,289.4621557455245,292.56951904296875,67200,0.0,0.0
2018-04-25 00:00:00+09:00,292.33042248800723,296.3939017592556,292.33042248800723,294.720703125,7500,0.0,0.0
2018-04-26 00:00:00+09:00,294.720734876281,294.720734876281,289.7011603163444,291.3743591308594,12900,0.0,0.0
2018-04-27 00:00:00+09:00,292.0914611816406,292.0914611816406,291.613391839888,292.0914611816406,4800,0.0,0.0
2018-04-30 00:00:00+09:00,292.0914611816406,292.0914611816406,292.0914611816406,292.0914611816406,0,0.0,0.0
2018-05-01 00:00:00+09:00,290.8962498021798,295.67681093351325,290.8962498021798,291.1352844238281,1200,0.0,0.0
2018-05-02 00:00:00+09:00,290.4182517434069,293.7646275965312,290.4182517434069,292.80853271484375,6600,0.0,0.0
2018-05-03 00:00:00+09:00,292.80853271484375,292.80853271484375,292.80853271484375,292.80853271484375,0,0.0,0.0
2018-05-04 00:00:00+09:00,292.80853271484375,292.80853271484375,292.80853271484375,292.80853271484375,0,0.0,0.0
2018-05-07 00:00:00+09:00,294.0036220318644,296.3939026762523,291.61334138747645,293.76458740234375,9900,0.0,0.0
2018-05-08 00:00:00+09:00,293.76458740234375,296.3939026762523,292.56945802195287,293.76458740234375,19500,0.0,0.0
2018-05-09 00:00:00+09:00,290.6572969236025,293.7646382269452,290.6572969236025,292.0914611816406,10200,0.0,0.0
2018-05-10 00:00:00+09:00,290.4182620619795,293.2865905761719,290.4182620619795,293.2865905761719,12900,0.0,0.0
2018-05-11 00:00:00+09:00,291.13532108883203,299.26225852870493,290.4182390171847,299.0232238769531,21900,0.0,0.0
2018-05-14 00:00:00+09:00,297.3499956147088,299.0231942439425,294.2426548679112,296.8719482421875,9000,0.0,0.0
2018-05-15 00:00:00+09:00,294.95972900615556,294.95972900615556,280.37905475504925,292.3304138183594,21600,0.0,0.0
2018-05-16 00:00:00+09:00,290.8962707519531,290.8962707519531,287.0718478317855,290.8962707519531,10800,0.0,0.0
2018-05-17 00:00:00+09:00,289.2230835065982,293.2865409191744,289.2230835065982,290.418212890625,4200,0.0,0.0
2018-05-18 00:00:00+09:00,287.07188627850707,292.0914611816406,287.07188627850707,292.0914611816406,6300,0.0,0.0
2018-05-21 00:00:00+09:00,290.4182675932435,299.9793701171875,284.6816104555992,299.9793701171875,34800,0.0,0.0
2018-05-22 00:00:00+09:00,299.97930038484986,299.97930038484986,294.24264458073225,298.7841491699219,9900,0.0,0.0
2018-05-23 00:00:00+09:00,298.7841682788397,299.2622375488281,294.7207107855773,299.2622375488281,52200,0.0,0.0
2018-05-24 00:00:00+09:00,298.7841490424854,298.7841490424854,292.8084805048151,296.3938903808594,74100,0.0,0.0
2018-05-25 00:00:00+09:00,293.0474829416204,298.78413854167565,293.0474829416204,297.1109619140625,7500,0.0,0.0
2018-05-28 00:00:00+09:00,296.63295452161873,297.35003662109375,295.43782498369677,297.35003662109375,7500,0.0,0.0
2018-05-29 00:00:00+09:00,296.1548680467317,296.3939026762523,292.0914106465177,293.76458740234375,8400,0.0,0.0
2018-05-30 00:00:00+09:00,291.13532651175984,294.0036548517772,289.4621276855469,289.4621276855469,5400,0.0,0.0
2018-05-31 00:00:00+09:00,288.7450457200135,288.7450457200135,288.2669982910156,288.2669982910156,43500,0.0,0.0
2018-06-01 00:00:00+09:00,287.78888079566264,288.7449754208833,284.6815185546875,284.6815185546875,6900,0.0,0.0
2018-06-04 00:00:00+09:00,287.5499676222417,289.2231667483301,285.63775568072106,288.02801513671875,4500,0.0,0.0
2018-06-05 00:00:00+09:00,287.0718508042891,288.0279456024275,284.4425354003906,284.4425354003906,8400,0.0,0.0
2018-06-06 00:00:00+09:00,284.2034817554268,285.3986110229648,284.2034817554268,285.1595764160156,3600,0.0,0.0
2018-06-07 00:00:00+09:00,284.92056369267044,285.63764562991406,283.24736521123396,285.1595764160156,18000,0.0,0.0
2018-06-08 00:00:00+09:00,285.63774831902145,286.1157958211778,283.2474670410156,283.2474670410156,9900,0.0,0.0
2018-06-11 00:00:00+09:00,284.4425648598553,286.5938112038801,284.4425648598553,285.398681640625,2100,0.0,0.0
2018-06-12 00:00:00+09:00,285.15965648194936,285.6377258300781,283.72549220478345,285.6377258300781,6000,0.0,0.0
2018-06-13 00:00:00+09:00,285.6376984963989,285.6376984963989,274.8814674469564,280.37908935546875,7800,0.0,0.0
2018-06-14 00:00:00+09:00,285.63767809768297,285.63767809768297,277.5107412572838,278.46685791015625,8100,0.0,0.0
2018-06-15 00:00:00+09:00,285.63774015372854,285.63774015372854,277.9888490362074,280.857177734375,6600,0.0,0.0
2018-06-18 00:00:00+09:00,285.6376355140578,285.6376355140578,278.466816395576,281.33514404296875,1800,0.0,0.0
2018-06-19 00:00:00+09:00,281.33524710647714,283.9645411185937,277.2717668616655,280.857177734375,3900,0.0,0.0
2018-06-20 00:00:00+09:00,277.74980722249285,280.857148398535,274.40340950175806,278.7059020996094,9600,0.0,0.0
2018-06-21 00:00:00+09:00,278.7059312107493,281.813294594968,278.7059312107493,280.857177734375,52800,0.0,0.0
2018-06-22 00:00:00+09:00,280.857177734375,280.857177734375,280.857177734375,280.857177734375,0,0.0,0.0
2018-06-25 00:00:00+09:00,276.315602364237,280.61809432899014,275.8375331124161,278.2278137207031,7500,0.0,0.0
2018-06-26 00:00:00+09:00,274.8814384076534,279.4229431152344,274.6424037817154,279.4229431152344,4500,0.0,0.0
2018-06-27 00:00:00+09:00,272.96923606339834,278.22784524398924,272.96923606339834,277.271728515625,5700,0.0,0.0
2018-06-28 00:00:00+09:00,275.12042204632144,275.8375039646729,272.73016357421875,272.73016357421875,5400,0.0,0.0
2018-06-29 00:00:00+09:00,270.5789794921875,271.05702691884863,270.5789794921875,270.5789794921875,1500,0.0,0.0
2018-07-02 00:00:00+09:00,269.38381006366177,272.9692202325819,267.94964599609375,267.94964599609375,58200,0.0,0.0
2018-07-03 00:00:00+09:00,267.9496054512186,267.9496054512186,263.88614850250804,264.12518310546875,5100,0.0,0.0
2018-07-04 00:00:00+09:00,260.5398488022276,262.93010798845415,257.1934509277344,257.1934509277344,3600,0.0,0.0
2018-07-05 00:00:00+09:00,256.7153836368175,260.5398286764086,249.30552821123732,255.28121948242188,7500,0.0,0.0
2018-07-06 00:00:00+09:00,254.8031463623047,254.8031463623047,254.8031463623047,254.8031463623047,900,0.0,0.0
2018-07-09 00:00:00+09:00,254.32509227654262,258.62758456251953,254.0860795163933,255.998291015625,1500,0.0,0.0
2018-07-10 00:00:00+09:00,253.3689832724529,257.9104880641184,253.3689832724529,255.0421600341797,4200,0.0,0.0
2018-07-11 00:00:00+09:00,255.0421600341797,255.0421600341797,255.0421600341797,255.0421600341797,0,0.0,0.0
2018-07-12 00:00:00+09:00,251.45676711489438,253.1299658741318,249.066508182964,250.73968505859375,8400,0.0,0.0
2018-07-13 00:00:00+09:00,256.7153456535892,256.7153456535892,245.0029994977638,247.39328002929688,14700,0.0,0.0
2018-07-16 00:00:00+09:00,247.39328002929685,247.39328002929685,247.39328002929685,247.39328002929688,0,0.0,0.0
2018-07-17 00:00:00+09:00,245.48111196913047,249.54456989316094,234.96389328494377,241.17861938476562,58500,0.0,0.0
2018-07-18 00:00:00+09:00,241.17861938476562,241.17861938476562,241.17861938476562,241.17861938476562,0,0.0,0.0
2018-07-19 00:00:00+09:00,241.17857929833866,241.41759203533766,239.98342807892257,240.93954467773438,10800,0.0,0.0
2018-07-20 00:00:00+09:00,241.1785955136376,241.1785955136376,239.027349434379,239.9834442138672,3000,0.0,0.0
2018-07-23 00:00:00+09:00,239.26638793945312,244.04694988584833,239.02737516065974,239.26638793945312,53400,0.0,0.0
2018-07-24 00:00:00+09:00,242.1346740135452,242.1346740135452,240.93954467773438,240.93954467773438,2100,0.0,0.0
2018-07-25 00:00:00+09:00,240.93958680905234,241.89570357505323,239.26638793945312,239.26638793945312,1800,0.0,0.0
2018-07-26 00:00:00+09:00,241.41760253230694,243.09080118207788,239.98343851353363,240.22247314453125,10200,0.0,0.0
2018-07-27 00:00:00+09:00,240.2224722416443,242.61275289181796,240.2224722416443,242.37371826171875,2400,0.0,0.0
2018-07-30 00:00:00+09:00,243.8079378834109,246.1982190787657,242.61280822753906,242.61280822753906,5400,0.0,0.0
2018-07-31 00:00:00+09:00,242.61275289181796,243.56884764500248,240.7005196182366,242.37371826171875,4500,0.0,0.0
2018-08-01 00:00:00+09:00,239.74443146079852,243.09080695622075,239.74443146079852,239.9834442138672,6300,0.0,0.0
2018-08-02 00:00:00+09:00,245.2420300794137,255.75922485456127,240.9395383236345,244.5249481201172,18300,0.0,0.0
2018-08-03 00:00:00+09:00,243.80791784571718,245.24208206833904,240.46154195413595,241.8957061767578,9000,0.0,0.0
2018-08-06 00:00:00+09:00,241.8957061767578,241.8957061767578,241.8957061767578,241.8957061767578,0,0.0,0.0
2018-08-07 00:00:00+09:00,241.8957061767578,241.8957061767578,241.8957061767578,241.8957061767578,0,0.0,0.0
2018-08-08 00:00:00+09:00,240.222482693485,245.959138996613,240.222482693485,240.46151733398438,7800,0.0,0.0
2018-08-09 00:00:00+09:00,240.46151733398438,240.46151733398438,240.46151733398438,240.46151733398438,0,0.0,0.0
2018-08-10 00:00:00+09:00,241.65667705555944,243.3298759815391,239.02738321497128,242.851806640625,2100,0.0,0.0
2018-08-13 00:00:00+09:00,245.9591135113796,246.67619547496963,239.02732849121094,239.02732849121094,6300,0.0,0.0
2018-08-14 00:00:00+09:00,239.027338983696,239.5053863525391,239.027338983696,239.50538635253906,1200,0.0,0.0
2018-08-15 00:00:00+09:00,238.31026358528678,239.26635834943852,237.1151123046875,237.1151123046875,23400,0.0,0.0
2018-08-16 00:00:00+09:00,237.1151123046875,237.1151123046875,237.1151123046875,237.1151123046875,0,0.0,0.0
2018-08-17 00:00:00+09:00,237.1151123046875,237.1151123046875,237.1151123046875,237.1151123046875,0,0.0,0.0
2018-08-20 00:00:00+09:00,237.1151123046875,237.1151123046875,237.1151123046875,237.1151123046875,0,0.0,0.0
2018-08-21 00:00:00+09:00,240.46151733398438,240.46151733398438,240.46151733398438,240.46151733398438,1800,0.0,0.0
2018-08-22 00:00:00+09:00,240.46146817748476,240.46146817748476,236.63702412934498,237.8321533203125,51900,0.0,0.0
2018-08-23 00:00:00+09:00,236.39804920923333,238.788330078125,236.39804920923333,238.788330078125,5400,0.0,0.0
2018-08-24 00:00:00+09:00,239.26638793945312,239.26638793945312,239.26638793945312,239.26638793945312,300,0.0,0.0
2018-08-27 00:00:00+09:00,241.89568232929227,241.89568232929227,237.59319008559106,240.70053100585938,8700,0.0,0.0
2018-08-28 00:00:00+09:00,241.17857929833866,241.17857929833866,240.93954467773438,240.93954467773438,1500,0.0,0.0
2018-08-29 00:00:00+09:00,242.85178785999346,242.85178785999346,238.3102826577899,238.788330078125,5700,0.0,0.0
2018-08-30 00:00:00+09:00,238.788318617703,240.70053009087664,238.788318617703,240.46151733398438,4800,0.0,0.0
2018-08-31 00:00:00+09:00,239.0273541668248,240.70053100585935,239.0273541668248,240.70053100585938,1200,0.0,0.0
2018-09-03 00:00:00+09:00,240.93954467773438,243.3298252329613,240.93954467773438,240.93954467773438,4800,0.0,0.0
2018-09-04 00:00:00+09:00,239.50537583906933,239.50537583906933,239.02732849121094,239.02732849121094,3600,0.0,0.0
2018-09-05 00:00:00+09:00,239.02732849121094,239.02732849121094,239.02732849121094,239.02732849121094,0,0.0,0.0
2018-09-06 00:00:00+09:00,235.6809682322158,237.83221445913344,234.72487338710238,236.6370849609375,8100,0.0,0.0
2018-09-07 00:00:00+09:00,235.44191612682823,235.44191612682823,231.85650634765625,231.85650634765625,600,0.0,0.0
2018-09-10 00:00:00+09:00,231.8565341312075,231.8565341312075,226.3588905552871,226.8369598388672,6600,0.0,0.0
2018-09-11 00:00:00+09:00,227.31506195068357,229.46630859375,225.88089752197266,229.46630859375,8100,0.0,0.0
2018-09-12 00:00:00+09:00,231.1394649041059,232.81264183857755,222.29544527083752,224.20765686035156,9300,0.0,0.0
2018-09-13 00:00:00+09:00,220.62221090609103,227.07594859993384,220.62221090609103,225.64178466796875,3600,0.0,0.0
2018-09-14 00:00:00+09:00,225.64182356565766,230.42238541871728,224.9247414760596,228.0321044921875,5100,0.0,0.0
2018-09-17 00:00:00+09:00,228.03210449218747,228.03210449218747,228.03210449218747,228.0321044921875,0,0.0,0.0
2018-09-18 00:00:00+09:00,226.3588867458414,226.83695602137595,224.92472268645147,225.16375732421875,3900,0.0,0.0
2018-09-19 00:00:00+09:00,226.8369437247974,229.70527168808837,226.8369437247974,228.98818969726562,3300,0.0,0.0
2018-09-20 00:00:00+09:00,228.98823187361862,228.98823187361862,227.07599829014814,227.31503295898438,4800,0.0,0.0
2018-09-21 00:00:00+09:00,230.18335444635224,231.37848398694754,226.59794394095735,229.70530700683594,75600,0.0,0.0
2018-09-24 00:00:00+09:00,229.70530700683594,229.70530700683594,229.70530700683594,229.70530700683594,0,0.0,0.0
2018-09-25 00:00:00+09:00,230.6613551655292,238.3102439501658,229.70526048015307,231.85650634765625,24600,0.0,0.0
2018-09-26 00:00:00+09:00,228.03207697941707,233.05165100097656,228.03207697941707,233.05165100097656,7500,0.0,0.0
2018-09-27 00:00:00+09:00,233.05164049227704,233.52968784490568,230.42234722741202,232.57359313964844,3300,0.0,0.0
2018-09-28 00:00:00+09:00,233.52969837516116,233.52969837516116,231.1394396206321,233.05165100097656,6900,0.0,0.0
2018-10-01 00:00:00+09:00,231.85653777517012,234.24679669620807,231.85653777517012,232.09555053710938,5400,0.0,0.0
2018-10-02 00:00:00+09:00,232.3345862353981,233.29070293831012,229.9443054199219,229.94430541992188,5700,0.0,0.0
2018-10-03 00:00:00+09:00,226.83696457412725,229.94430556422796,226.83696457412725,227.55404663085938,4200,0.0,0.0
2018-10-04 00:00:00+09:00,227.55401783299212,227.55401783299212,222.29540945458524,225.64178466796875,16500,0.0,0.0
2018-10-05 00:00:00+09:00,222.2954167007916,222.2954167007916,217.51487739961087,219.90513610839844,7800,0.0,0.0
2018-10-08 00:00:00+09:00,219.90513610839844,219.90513610839844,219.90513610839844,219.90513610839844,0,0.0,0.0
2018-10-09 00:00:00+09:00,219.90515247581897,219.90515247581897,215.3636474609375,215.3636474609375,10200,0.0,0.0
2018-10-10 00:00:00+09:00,215.36364460113094,216.08072663433825,212.7343292236328,212.7343292236328,6900,0.0,0.0
2018-10-11 00:00:00+09:00,207.4757216850576,207.4757216850576,195.76337567492865,200.54391479492188,35400,0.0,0.0
2018-10-12 00:00:00+09:00,204.129323072504,206.51960355634847,202.69515915891827,204.84640502929688,8400,0.0,0.0
2018-10-15 00:00:00+09:00,206.04159663420643,206.04159663420643,196.00244726962853,203.89035034179688,54600,0.0,0.0
2018-10-16 00:00:00+09:00,207.47574328056473,208.43183807391745,205.56350992664514,208.1928253173828,10200,0.0,0.0
2018-10-17 00:00:00+09:00,209.38795369653437,212.7343292236328,209.38795369653437,212.7343292236328,10500,0.0,0.0
2018-10-18 00:00:00+09:00,212.73433029482587,213.69044697178566,207.47574328056473,208.1928253173828,9000,0.0,0.0
2018-10-19 00:00:00+09:00,206.75864701543935,208.43182373046878,206.75864701543935,208.43182373046875,7200,0.0,0.0
2018-10-22 00:00:00+09:00,208.43184372499016,209.14892578125,206.28059755621064,209.14892578125,8400,0.0,0.0
2018-10-23 00:00:00+09:00,208.43184379652013,209.14892585302607,207.7147617400142,207.95379638671875,9600,0.0,0.0
2018-10-24 00:00:00+09:00,207.95379638671875,207.95379638671875,207.95379638671875,207.95379638671875,0,0.0,0.0
2018-10-25 00:00:00+09:00,207.714757038432,207.714757038432,202.2171353575267,206.0415802001953,10200,0.0,0.0
2018-10-26 00:00:00+09:00,206.9976796835083,207.95379638671875,199.58784635535216,207.95379638671875,14700,0.0,0.0
2018-10-29 00:00:00+09:00,207.95380323379172,207.95380323379172,204.3683928332091,205.5635223388672,42000,0.0,0.0
2018-10-30 00:00:00+09:00,205.08544367310003,207.71473693847656,199.58782252418365,207.71473693847656,4500,0.0,0.0
2018-10-31 00:00:00+09:00,207.71473693847656,207.71473693847656,204.12932708405174,207.71473693847656,3300,0.0,0.0
2018-11-01 00:00:00+09:00,207.71473940140234,207.71473940140234,201.26100158691406,201.26100158691406,21000,0.0,0.0
2018-11-02 00:00:00+09:00,201.50004188866288,201.50004188866288,199.58783051758812,199.82684326171875,4500,0.0,0.0
2018-11-05 00:00:00+09:00,200.7830047607422,200.7830047607422,198.87079296231968,200.7830047607422,2100,0.0,0.0
2018-11-06 00:00:00+09:00,200.7829685357975,201.26101592825188,200.7829685357975,201.02200317382812,14700,0.0,0.0
2018-11-07 00:00:00+09:00,201.02200220987643,203.17324829101562,200.06588554594563,203.17324829101562,12000,0.0,0.0
2018-11-08 00:00:00+09:00,201.50004671508472,202.695176115182,197.9146366311864,198.15367126464844,36600,0.0,0.0
2018-11-09 00:00:00+09:00,198.15367602264266,200.3049221246366,198.15367602264266,198.87075805664062,61200,0.0,0.0
2018-11-12 00:00:00+09:00,198.8707673258496,202.6951904296875,198.8707673258496,202.6951904296875,2400,0.0,0.0
2018-11-13 00:00:00+09:00,202.93420016668688,202.93420016668688,197.91462631097377,201.26100158691406,10800,0.0,0.0
2018-11-14 00:00:00+09:00,198.15368525842902,202.6951904296875,198.15368525842902,202.6951904296875,600,0.0,0.0
2018-11-15 00:00:00+09:00,202.6951904296875,202.6951904296875,202.6951904296875,202.6951904296875,0,0.0,0.0
2018-11-16 00:00:00+09:00,202.9342146272525,202.9342146272525,201.02200317382812,201.02200317382812,1500,0.0,0.0
2018-11-19 00:00:00+09:00,201.02200317382812,201.02200317382812,201.02200317382812,201.02200317382812,0,0.0,0.0
2018-11-20 00:00:00+09:00,201.0220313867774,201.0220313867774,197.1975860595703,197.1975860595703,3900,0.0,0.0
2018-11-21 00:00:00+09:00,197.19756862871162,201.50006103515625,196.00243914367968,201.50006103515625,9900,0.0,0.0
2018-11-22 00:00:00+09:00,199.82683283274267,200.54391479492188,199.58782010108612,200.54391479492188,1800,0.0,0.0
2018-11-23 00:00:00+09:00,200.54391479492188,200.54391479492188,200.54391479492188,200.54391479492188,0,0.0,0.0
2018-11-26 00:00:00+09:00,196.95852471024136,200.3049221246366,196.95852471024136,198.87075805664062,7200,0.0,0.0
2018-11-27 00:00:00+09:00,198.87077073663173,201.7390990555081,195.04632568359375,195.04632568359375,7800,0.0,0.0
2018-11-28 00:00:00+09:00,198.6317348482701,198.6317348482701,197.675618120048,198.3927001953125,1800,0.0,0.0
2018-11-29 00:00:00+09:00,196.71952121142044,201.73909568560583,196.24145191052125,201.50006103515625,5100,0.0,0.0
2018-11-30 00:00:00+09:00,200.7829732187224,203.41226676395556,200.30492581511837,202.93421936035156,27300,0.0,0.0
2018-12-03 00:00:00+09:00,202.93421562142683,202.93421562142683,196.00242992064875,198.87075805664062,15000,0.0,0.0
2018-12-04 00:00:00+09:00,198.87073805367763,201.97807863271936,198.87073805367763,199.34878540039062,5400,0.0,0.0
2018-12-05 00:00:00+09:00,199.34878540039062,199.34878540039062,199.34878540039062,199.34878540039062,0,0.0,0.0
2018-12-06 00:00:00+09:00,199.34881216688282,199.34881216688282,196.2414492870118,197.6756134033203,6300,0.0,0.0
2018-12-07 00:00:00+09:00,194.09016877141306,195.28531991261252,191.22184104630054,192.4169921875,10800,0.0,0.0
2018-12-10 00:00:00+09:00,185.24620627892355,188.35354728571883,185.00717163085938,185.00717163085938,15600,0.0,0.0
2018-12-11 00:00:00+09:00,185.00717163085938,185.00717163085938,185.00717163085938,185.00717163085938,0,0.0,0.0
2018-12-12 00:00:00+09:00,181.6608104524701,185.72427967828534,181.6608104524701,184.2901153564453,14400,0.0,0.0
2018-12-13 00:00:00+09:00,180.70465649414064,183.0949260809226,176.40216467285157,179.27049255371094,12600,0.0,0.0
2018-12-14 00:00:00+09:00,180.94371747503584,180.94371747503584,177.11928315934918,177.35830688476562,5100,0.0,0.0
2018-12-17 00:00:00+09:00,177.35829387088685,177.83635222844634,167.31914495476488,171.8606719970703,24300,0.0,0.0
2018-12-18 00:00:00+09:00,168.51427746634198,175.4460740874026,167.7971954345703,167.7971954345703,24600,0.0,0.0
2018-12-19 00:00:00+09:00,168.75330116299804,174.48995741717138,167.3191370994547,167.7971954345703,29700,0.0,0.0
2018-12-20 00:00:00+09:00,166.12403539278742,167.31916501728307,160.8654256545075,163.25570678710938,14100,0.0,0.0
2018-12-21 00:00:00+09:00,160.86539309511957,160.86539309511957,156.56290105743312,157.75804138183594,16200,0.0,0.0
2018-12-24 00:00:00+09:00,157.75804138183594,157.75804138183594,157.75804138183594,157.75804138183594,0,0.0,0.0
2018-12-25 00:00:00+09:00,149.3920953883791,150.34821211674333,138.6358642578125,138.6358642578125,36300,0.0,0.0
2018-12-26 00:00:00+09:00,139.8310014911633,145.089599609375,139.11391943223427,145.089599609375,15300,0.0,0.0
2018-12-27 00:00:00+09:00,159.43125318937592,168.9923553466797,157.04098312095235,168.9923553466797,36300,0.0,0.0
2018-12-28 00:00:00+09:00,172.5777434825713,193.6121457986092,160.86539650392234,162.299560546875,108300,0.0,0.0
2018-12-31 00:00:00+09:00,162.299560546875,162.299560546875,162.299560546875,162.299560546875,0,0.0,0.0
2019-01-04 00:00:00+09:00,162.29955041670664,175.92410797435983,162.29955041670664,174.96800231933594,15600,0.0,0.0
2019-01-07 00:00:00+09:00,172.5777330852026,173.53383874230033,172.0996747857524,173.29481506347656,3000,0.0,0.0
2019-01-08 00:00:00+09:00,173.29481506347656,173.29481506347656,173.29481506347656,173.29481506347656,0,0.0,0.0
2019-01-09 00:00:00+09:00,171.38259799421326,173.53384399414062,170.66551599423747,173.53384399414062,30000,0.0,0.0
2019-01-10 00:00:00+09:00,172.33871619011018,173.77288029416601,168.5142822265625,168.5142822265625,3600,0.0,0.0
2019-01-11 00:00:00+09:00,165.16789566983093,174.2509386427859,165.16789566983093,168.5142822265625,6300,0.0,0.0
2019-01-15 00:00:00+09:00,172.5777800696567,172.5777800696567,171.14361572265625,171.14361572265625,1500,0.0,0.0
2019-01-16 00:00:00+09:00,174.48997911341414,176.8802601443984,172.3387327506112,175.68511962890625,18000,0.0,0.0
2019-01-17 00:00:00+09:00,178.07536919537412,190.50478754517658,178.07536919537412,186.4413299560547,28800,0.0,0.0
2019-01-18 00:00:00+09:00,187.87549987319827,187.87549987319827,180.46565556109073,185.00717163085938,3900,0.0,0.0
2019-01-21 00:00:00+09:00,179.50954156035695,182.13884613609883,179.031494140625,179.031494140625,900,0.0,0.0
2019-01-22 00:00:00+09:00,182.6169272949004,189.54872516439573,180.7047045518452,184.2901153564453,10800,0.0,0.0
2019-01-23 00:00:00+09:00,184.2901153564453,184.2901153564453,184.2901153564453,184.2901153564453,0,0.0,0.0
2019-01-24 00:00:00+09:00,188.35353173044118,188.35353173044118,180.7046643437592,183.81202697753906,1800,0.0,0.0
2019-01-25 00:00:00+09:00,187.39747868163568,187.39747868163568,184.2901153564453,184.2901153564453,900,0.0,0.0
2019-01-28 00:00:00+09:00,184.2901153564453,184.2901153564453,184.2901153564453,184.2901153564453,0,0.0,0.0
2019-01-29 00:00:00+09:00,182.85593761355628,183.09496133571756,181.1827496748181,181.66079711914062,11400,0.0,0.0
2019-01-30 00:00:00+09:00,182.8559228053606,183.5730048555777,179.74857090168774,179.9875946044922,3900,0.0,0.0
2019-01-31 00:00:00+09:00,181.66077860433472,181.66077860433472,177.1192626953125,177.1192626953125,14100,0.0,0.0
2019-02-01 00:00:00+09:00,175.68510387974268,179.03149045805336,175.4460801747933,176.1631622314453,6300,0.0,0.0
2019-02-04 00:00:00+09:00,176.88023852335917,179.0314846232035,175.68509815395558,177.59732055664062,30900,0.0,0.0
2019-02-05 00:00:00+09:00,179.27050257655992,181.66077229697967,179.27050257655992,180.2266082763672,3900,0.0,0.0
2019-02-06 00:00:00+09:00,181.42175197601318,183.572998046875,180.4656462584535,183.572998046875,6900,0.0,0.0
2019-02-07 00:00:00+09:00,179.98761452568903,183.3340014443513,179.98761452568903,180.70469665527344,5700,0.0,0.0
2019-02-08 00:00:00+09:00,180.94370394295734,186.44133675082662,180.94370394295734,184.05105590820312,9600,0.0,0.0
2019-02-12 00:00:00+09:00,183.81203845722828,183.81203845722828,182.1388397216797,182.1388397216797,1200,0.0,0.0
2019-02-13 00:00:00+09:00,178.55343002312404,181.4217582162666,178.55343002312404,180.4656524658203,4800,0.0,0.0
2019-02-14 00:00:00+09:00,182.37784411070777,182.37784411070777,179.27049255371094,179.27049255371094,7500,0.0,0.0
2019-02-15 00:00:00+09:00,179.2705125542751,181.18273500212194,178.55343050405799,179.9875946044922,11400,0.0,0.0
2019-02-18 00:00:00+09:00,183.33399022117817,183.33399022117817,180.94370930768616,181.8998260498047,5700,0.0,0.0
2019-02-19 00:00:00+09:00,183.8120580293925,183.8120580293925,183.33399963378906,183.33399963378906,600,0.0,0.0
2019-02-20 00:00:00+09:00,181.66080251411768,181.89983718518246,180.70469665527344,180.70469665527344,8400,0.0,0.0
2019-02-21 00:00:00+09:00,180.22661782185597,180.4656524658203,178.55343002312404,180.4656524658203,1200,0.0,0.0
2019-02-22 00:00:00+09:00,183.33398065896287,183.33398065896287,180.4656524658203,180.4656524658203,1800,0.0,0.0
2019-02-25 00:00:00+09:00,179.27051785049096,179.98759992189295,178.075377417553,179.031494140625,12600,0.0,0.0
2019-02-26 00:00:00+09:00,181.4217587049264,181.4217587049264,178.79245420686243,179.9875946044922,9000,0.0,0.0
2019-02-27 00:00:00+09:00,179.98761452568903,181.18275505559805,179.98761452568903,180.70469665527344,3600,0.0,0.0
2019-02-28 00:00:00+09:00,181.42172687746765,182.6168670654297,181.42172687746765,182.6168670654297,1800,0.0,0.0
2019-03-01 00:00:00+09:00,182.61687999633602,182.61687999633602,174.4899436496173,176.6411895751953,33300,0.0,0.0
2019-03-04 00:00:00+09:00,176.1631674500792,179.50954318571857,174.72900329428967,176.40219116210938,3900,0.0,0.0
2019-03-05 00:00:00+09:00,176.6411991321165,180.2266092020634,176.6411991321165,176.88023376464844,6000,0.0,0.0
2019-03-06 00:00:00+09:00,176.88023376464844,176.88023376464844,176.88023376464844,176.88023376464844,0,0.0,0.0
2019-03-07 00:00:00+09:00,175.68508467712223,177.83633061194416,173.29481506347656,173.29481506347656,3600,0.0,0.0
2019-03-08 00:00:00+09:00,172.0996957049481,173.29483612794488,167.55817960444662,171.8606719970703,17100,0.0,0.0
2019-03-11 00:00:00+09:00,172.33870796030993,174.72898864746094,172.33870796030993,174.72898864746094,900,0.0,0.0
2019-03-12 00:00:00+09:00,174.72898864746094,174.72898864746094,174.72898864746094,174.72898864746094,0,0.0,0.0
2019-03-13 00:00:00+09:00,175.68511962890625,175.68511962890625,175.68511962890625,175.68511962890625,1800,0.0,0.0
2019-03-14 00:00:00+09:00,175.68511962890625,175.68511962890625,175.68511962890625,175.68511962890625,0,0.0,0.0
2019-03-15 00:00:00+09:00,173.77288818359375,173.77288818359375,173.53386446933385,173.77288818359375,1500,0.0,0.0
2019-03-18 00:00:00+09:00,177.35828208480248,177.35828208480248,174.72898864746094,174.72898864746094,1200,0.0,0.0
2019-03-19 00:00:00+09:00,174.96802640503805,178.07537841796875,174.96802640503805,178.07537841796875,4200,0.0,0.0
2019-03-20 00:00:00+09:00,178.07537841796875,178.07537841796875,178.07537841796875,178.07537841796875,0,0.0,0.0
2019-03-22 00:00:00+09:00,178.31440840140135,178.31440840140135,175.4460801747933,176.1631622314453,6000,0.0,0.0
2019-03-25 00:00:00+09:00,177.59732055664062,177.83634425379995,177.59732055664062,177.59732055664062,3600,0.0,0.0
2019-03-26 00:00:00+09:00,174.96800231933594,175.4460606177492,174.7289786410306,174.96800231933594,2700,0.0,0.0
2019-03-27 00:00:00+09:00,186.4287872314453,186.4287872314453,186.4287872314453,186.4287872314453,0,15.0,0.0
2019-03-28 00:00:00+09:00,187.19286336629253,190.50375366210938,187.19286336629253,190.50375366210938,1500,0.0,0.0
2019-03-29 00:00:00+09:00,190.50375366210938,190.50375366210938,190.50375366210938,190.50375366210938,0,0.0,0.0
2019-04-01 00:00:00+09:00,190.50375366210938,190.50375366210938,190.50375366210938,190.50375366210938,0,0.0,0.0
2019-04-02 00:00:00+09:00,186.42880072475467,186.42880072475467,184.90069580078125,184.90069580078125,1200,0.0,0.0
2019-04-03 00:00:00+09:00,186.17412566082484,189.48501586914062,186.17412566082484,189.48501586914062,600,0.0,0.0
2019-04-04 00:00:00+09:00,189.2303331632954,191.0131183820224,188.975641233109,190.75843811035156,2100,0.0,0.0
2019-04-05 00:00:00+09:00,189.2303331632954,191.0131183820224,188.975641233109,190.75843811035156,2100,0.0,0.0
2019-04-08 00:00:00+09:00,188.9756317138672,188.9756317138672,188.9756317138672,188.9756317138672,900,0.0,0.0
2019-04-09 00:00:00+09:00,188.97564366073988,189.48501586914062,184.39132876068,189.48501586914062,12000,0.0,0.0
2019-04-10 00:00:00+09:00,188.9756486550376,190.50375366210938,183.88197307047565,190.50375366210938,5400,0.0,0.0
2019-04-11 00:00:00+09:00,187.7022247314453,187.7022247314453,187.7022247314453,187.7022247314453,600,0.0,0.0
2019-04-12 00:00:00+09:00,187.7022247314453,187.7022247314453,187.7022247314453,187.7022247314453,600,0.0,0.0
2019-04-15 00:00:00+09:00,187.70223221882057,189.7396977526656,180.57106787481572,187.44754028320312,8700,0.0,0.0
2019-04-16 00:00:00+09:00,189.9943760662646,190.2490563251065,187.44752684378602,188.9756317138672,3600,0.0,0.0
2019-04-17 00:00:00+09:00,182.86323371413923,188.46629333496094,182.86323371413923,188.46629333496094,6600,0.0,0.0
2019-04-18 00:00:00+09:00,188.46629333496094,188.46629333496094,183.11792566141423,188.46629333496094,5100,0.0,0.0
2019-04-19 00:00:00+09:00,188.21159117739657,189.48501586914062,187.70223062751148,189.48501586914062,7500,0.0,0.0
2019-04-22 00:00:00+09:00,189.48500948174055,197.38022598248992,189.48500948174055,197.1255340576172,13200,0.0,0.0
2019-04-23 00:00:00+09:00,197.1255476474762,197.1255476474762,192.79591286982213,195.59744262695312,3900,0.0,0.0
2019-04-24 00:00:00+09:00,195.852127648249,196.10679626464844,192.28654550685906,196.10679626464844,8700,0.0,0.0
2019-04-25 00:00:00+09:00,194.57871233144402,194.83339261862963,194.3240203857422,194.3240203857422,5100,0.0,0.0
2019-04-26 00:00:00+09:00,194.3240203857422,194.3240203857422,194.3240203857422,194.3240203857422,1200,0.0,0.0
2019-05-07 00:00:00+09:00,194.32401102321128,197.12554068134023,193.5599585399503,196.10679626464844,2400,0.0,0.0
2019-05-08 00:00:00+09:00,188.72096096143815,192.28654305740775,187.44753628605284,190.75843811035156,4800,0.0,0.0
2019-05-09 00:00:00+09:00,194.3240049400748,194.3240049400748,185.15537542795832,187.7022247314453,3600,0.0,0.0
2019-05-10 00:00:00+09:00,191.52248860142814,191.52248860142814,185.6647491455078,185.6647491455078,2700,0.0,0.0
2019-05-13 00:00:00+09:00,185.66474465762866,185.66474465762866,181.844482421875,181.844482421875,1500,0.0,0.0
2019-05-14 00:00:00+09:00,181.84450879102047,181.84450879102047,178.5336182594291,181.58982849121094,3300,0.0,0.0
2019-05-15 00:00:00+09:00,180.57106468889378,216.73621134949107,177.7695467146568,187.9569091796875,238200,0.0,0.0
2019-05-16 00:00:00+09:00,186.17412650375815,190.2490692138672,185.91943456914674,190.2490692138672,22800,0.0,0.0
2019-05-17 00:00:00+09:00,190.24907444922982,190.24907444922982,183.88197410349989,184.64602661132812,12000,0.0,0.0
2019-05-20 00:00:00+09:00,184.64602661132812,187.70223664264105,183.62728216187978,184.64602661132812,9000,0.0,0.0
2019-05-21 00:00:00+09:00,184.6460197018756,186.17412466035037,183.62727529054865,185.15538024902344,19200,0.0,0.0
2019-05-22 00:00:00+09:00,187.19285926665646,190.2490692138672,185.1553820823441,190.2490692138672,7200,0.0,0.0
2019-05-23 00:00:00+09:00,190.2490563251065,190.2490563251065,188.9756317138672,188.9756317138672,600,0.0,0.0
2019-05-24 00:00:00+09:00,188.97562751881327,189.99437184859565,186.42879001138664,188.720947265625,5100,0.0,0.0
2019-05-27 00:00:00+09:00,188.7209616560277,190.5037468813163,185.91943202327514,187.9569091796875,12300,0.0,0.0
2019-05-28 00:00:00+09:00,188.21158945229573,188.97564192863592,185.4100714780587,187.9569091796875,38700,0.0,0.0
2019-05-29 00:00:00+09:00,187.95689484754556,189.2303194305162,185.41005734011893,188.720947265625,24600,0.0,0.0
2019-05-30 00:00:00+09:00,188.720947265625,191.01310451986336,188.46626701243676,188.720947265625,25200,0.0,0.0
2019-05-31 00:00:00+09:00,188.720947265625,189.99437184859565,187.44752268265435,188.720947265625,15000,0.0,0.0
2019-06-03 00:00:00+09:00,188.72097444144669,189.48502696954972,186.1741365672754,189.2303466796875,9900,0.0,0.0
2019-06-04 00:00:00+09:00,191.01310451986336,191.01310451986336,184.90068517522775,188.720947265625,15600,0.0,0.0
2019-06-05 00:00:00+09:00,190.7584242666751,190.7584242666751,186.42879001138664,188.720947265625,4500,0.0,0.0
2019-06-06 00:00:00+09:00,188.7209616560277,189.4850141323679,186.1741239543989,187.9569091796875,5700,0.0,0.0
2019-06-07 00:00:00+09:00,187.95689484754556,190.7584242666751,187.44752268265435,188.720947265625,3000,0.0,0.0
2019-06-10 00:00:00+09:00,189.4850183362539,189.4850183362539,188.2115936279297,188.2115936279297,4500,0.0,0.0
2019-06-11 00:00:00+09:00,188.21160138768593,189.99439838454572,187.95692109892724,188.46629333496094,2400,0.0,0.0
2019-06-12 00:00:00+09:00,187.7022196610604,192.031842374705,187.7022196610604,189.73968505859375,5100,0.0,0.0
2019-06-13 00:00:00+09:00,191.01311483576006,191.26779510270262,187.7022247314453,187.7022247314453,3900,0.0,0.0
2019-06-14 00:00:00+09:00,187.9569091796875,187.9569091796875,187.9569091796875,187.9569091796875,300,0.0,0.0
2019-06-17 00:00:00+09:00,187.95691249592227,189.7396977526656,187.44754028320312,187.44754028320312,2700,0.0,0.0
2019-06-18 00:00:00+09:00,187.44753191819146,188.46627629816737,185.91942700674284,186.93817138671875,31500,0.0,0.0
2019-06-19 00:00:00+09:00,187.19285165245512,189.994381209616,186.4287991967308,186.93817138671875,21600,0.0,0.0
2019-06-20 00:00:00+09:00,187.19285165245512,187.70222384244306,186.93817138671875,186.93817138671875,4500,0.0,0.0
2019-06-21 00:00:00+09:00,187.19287444928625,187.70224670130688,186.68350219726562,186.68350219726562,15600,0.0,0.0
2019-06-24 00:00:00+09:00,188.46627629816737,188.46627629816737,185.91942700674284,186.93817138671875,11700,0.0,0.0
2019-06-25 00:00:00+09:00,187.4475343457812,187.9569065423659,185.6647491455078,185.6647491455078,24900,0.0,0.0
2019-06-26 00:00:00+09:00,185.66473482475905,186.6834674808359,185.66473482475905,186.4287872314453,7500,0.0,0.0
2019-06-27 00:00:00+09:00,185.66474826276794,186.42880072475467,184.64601553295748,184.90069580078125,9600,0.0,0.0
2019-06-28 00:00:00+09:00,185.41007218111298,185.41007218111298,184.90069997544953,185.15538024902344,2100,0.0,0.0
2019-07-01 00:00:00+09:00,186.17414080671733,186.68350139804062,185.66476855687742,185.91944885253906,5100,0.0,0.0
2019-07-02 00:00:00+09:00,185.41007911915636,186.42881191008865,184.64602661132812,184.64602661132812,32700,0.0,0.0
2019-07-03 00:00:00+09:00,185.4100799560547,185.4100799560547,185.4100799560547,185.4100799560547,300,0.0,0.0
2019-07-04 00:00:00+09:00,185.66476935174106,187.44755474603824,185.66476935174106,186.68350219726562,2700,0.0,0.0
2019-07-05 00:00:00+09:00,184.64602577095238,186.6834913435439,183.88197326660156,183.88197326660156,24900,0.0,0.0
2019-07-08 00:00:00+09:00,184.64601796129398,184.64601796129398,183.37259328839716,183.6272735595703,21300,0.0,0.0
2019-07-09 00:00:00+09:00,183.6272735595703,183.6272735595703,183.6272735595703,183.6272735595703,0,0.0,0.0
2019-07-10 00:00:00+09:00,184.64599742614917,184.90067766899844,182.6085205078125,182.6085205078125,18900,0.0,0.0
2019-07-11 00:00:00+09:00,182.60853486902573,182.60853486902573,181.844482421875,181.844482421875,22500,0.0,0.0
2019-07-12 00:00:00+09:00,182.8632245545355,183.3725967650548,180.06170654296875,180.06170654296875,18300,0.0,0.0
2019-07-16 00:00:00+09:00,179.55232567717604,179.55232567717604,178.53359296376095,179.04295349121094,11100,0.0,0.0
2019-07-17 00:00:00+09:00,179.04294930073297,181.08042633839142,178.27889686892541,178.78826904296875,21600,0.0,0.0
2019-07-18 00:00:00+09:00,178.78827232989224,179.80700503819287,178.27890014648438,178.27890014648438,15600,0.0,0.0
2019-07-19 00:00:00+09:00,176.7508156618268,177.51486819589596,175.73208283590674,176.241455078125,6600,0.0,0.0
2019-07-22 00:00:00+09:00,175.73207092285156,175.73207092285156,175.73207092285156,175.73207092285156,1200,0.0,0.0
2019-07-23 00:00:00+09:00,175.22269366437223,175.732065857377,174.7133331298828,174.7133331298828,6900,0.0,0.0
2019-07-24 00:00:00+09:00,174.71332206821586,174.96800231933594,174.71332206821586,174.96800231933594,22800,0.0,0.0
2019-07-25 00:00:00+09:00,175.47740254405585,176.241455078125,175.47740254405585,176.241455078125,1500,0.0,0.0
2019-07-26 00:00:00+09:00,176.24144313053895,176.24144313053895,175.22269871516414,175.73207092285156,2400,0.0,0.0
2019-07-29 00:00:00+09:00,176.7508087158203,177.2601809380211,176.7508087158203,176.7508087158203,900,0.0,0.0
2019-07-30 00:00:00+09:00,176.75079435977247,177.5148468017578,175.4773813954736,177.5148468017578,12900,0.0,0.0
2019-07-31 00:00:00+09:00,178.5336151123047,178.5336151123047,177.76956256782765,178.5336151123047,1200,0.0,0.0
2019-08-01 00:00:00+09:00,178.27892235592546,178.27892235592546,177.76956176757812,177.76956176757812,1500,0.0,0.0
2019-08-02 00:00:00+09:00,177.00547930384033,177.26015955496044,174.96800231933594,174.96800231933594,19500,0.0,0.0
2019-08-05 00:00:00+09:00,175.73209730500778,176.75083021480637,175.4774169921875,175.4774169921875,13800,0.0,0.0
2019-08-06 00:00:00+09:00,175.22271139618096,177.26018871586888,174.96803110316367,177.00550842285156,2700,0.0,0.0
2019-08-07 00:00:00+09:00,177.00550065617873,177.00550065617873,176.7508087158203,176.7508087158203,2400,0.0,0.0
2019-08-08 00:00:00+09:00,177.26018952071425,178.0242420617518,177.00550922654057,177.76956176757812,5400,0.0,0.0
2019-08-09 00:00:00+09:00,178.02423095703125,178.53360317212176,176.2414456919883,178.02423095703125,11100,0.0,0.0
2019-08-13 00:00:00+09:00,178.2789010415208,179.29764541345108,178.2789010415208,179.04295349121094,12300,0.0,0.0
2019-08-14 00:00:00+09:00,179.5523384501507,179.8070187319931,176.7508087158203,176.7508087158203,26700,0.0,0.0
2019-08-15 00:00:00+09:00,177.00549647775458,177.76954896376142,175.7320717815713,176.49612426757812,36000,0.0,0.0
2019-08-16 00:00:00+09:00,177.26017675358497,178.27890951542216,176.49612426757812,176.49612426757812,8700,0.0,0.0
2019-08-19 00:00:00+09:00,176.49612426757812,176.49612426757812,176.49612426757812,176.49612426757812,0,0.0,0.0
2019-08-20 00:00:00+09:00,177.26016235351562,177.26016235351562,176.49610992957807,177.26016235351562,2400,0.0,0.0
2019-08-21 00:00:00+09:00,177.00548627944428,177.5148468017578,177.00548627944428,177.5148468017578,600,0.0,0.0
2019-08-22 00:00:00+09:00,177.5148468017578,177.5148468017578,177.5148468017578,177.5148468017578,0,0.0,0.0
2019-08-23 00:00:00+09:00,177.51486121986352,177.51486121986352,176.7508087158203,176.7508087158203,3900,0.0,0.0
2019-08-26 00:00:00+09:00,176.4961499019861,177.00552218614408,175.4774169921875,175.4774169921875,5400,0.0,0.0
2019-08-27 00:00:00+09:00,177.0054820983747,177.51484260865655,175.73205750564048,177.26016235351562,9300,0.0,0.0
2019-08-28 00:00:00+09:00,176.7507952547759,178.53359206744588,176.7507952547759,178.27890014648438,3300,0.0,0.0
2019-08-29 00:00:00+09:00,177.76956176757812,178.53361430861568,177.5148698148879,177.76956176757812,3000,0.0,0.0
2019-08-30 00:00:00+09:00,177.76955067874394,178.78828345040907,177.76955067874394,178.02423095703125,18600,0.0,0.0
2019-09-02 00:00:00+09:00,178.02423095703125,178.02423095703125,178.02423095703125,178.02423095703125,0,0.0,0.0
2019-09-03 00:00:00+09:00,178.02423095703125,178.02423095703125,178.02423095703125,178.02423095703125,0,0.0,0.0
2019-09-04 00:00:00+09:00,175.73207592993472,177.00550065617873,174.96802342589154,176.7508087158203,12300,0.0,0.0
2019-09-05 00:00:00+09:00,177.51484770063016,178.27890014648438,177.51484770063016,178.27890014648438,3300,0.0,0.0
2019-09-06 00:00:00+09:00,178.27891372390673,178.27891372390673,176.49612843397793,176.7508087158203,10200,0.0,0.0
2019-09-09 00:00:00+09:00,176.7508045434085,177.26017675358497,176.49612426757812,176.49612426757812,13500,0.0,0.0
2019-09-10 00:00:00+09:00,177.2601809380211,178.7882859461075,176.7508087158203,176.7508087158203,20400,0.0,0.0
2019-09-11 00:00:00+09:00,178.2789112353186,179.29765566549955,176.75080624856295,178.02423095703125,12900,0.0,0.0
2019-09-12 00:00:00+09:00,178.27889924374318,179.29764360540034,177.26016654060106,177.5148468017578,17700,0.0,0.0
2019-09-13 00:00:00+09:00,177.2601809380211,177.51486121986352,176.7508087158203,176.7508087158203,6900,0.0,0.0
2019-09-17 00:00:00+09:00,177.76953452231226,178.02421477745318,177.26016235351562,177.26016235351562,3900,0.0,0.0
2019-09-18 00:00:00+09:00,177.5148468017578,178.27889924374318,177.5148468017578,177.5148468017578,11100,0.0,0.0
2019-09-19 00:00:00+09:00,177.5148468017578,178.0242189825864,177.00548627944428,177.5148468017578,5400,0.0,0.0
2019-09-20 00:00:00+09:00,177.76953452231226,178.78826720139077,177.26016235351562,177.26016235351562,5400,0.0,0.0
2019-09-24 00:00:00+09:00,178.02423086846858,202.72860258107207,174.20396840348,174.45864868164062,991200,0.0,0.0
2019-09-25 00:00:00+09:00,177.0055008648062,177.0055008648062,168.600923310425,170.1290283203125,69000,0.0,0.0
2019-09-26 00:00:00+09:00,172.67584648595647,195.59741902834008,172.67584648595647,188.720947265625,658500,0.0,0.0
2019-09-27 00:00:00+09:00,182.09917370220768,185.91943616909674,175.98675375518513,178.02423095703125,157200,0.0,0.0
2019-09-30 00:00:00+09:00,178.27890864425723,179.04296112653049,175.73207092285156,175.73207092285156,45900,0.0,0.0
2019-10-01 00:00:00+09:00,175.98676393374936,177.76956096041997,174.96803110316367,177.00550842285156,47700,0.0,0.0
2019-10-02 00:00:00+09:00,174.45864720280383,180.06170654296875,174.20396692680205,180.06170654296875,23400,0.0,0.0
2019-10-03 00:00:00+09:00,179.29764630595204,180.31637902443816,176.49611675697125,179.8070068359375,12300,0.0,0.0
2019-10-04 00:00:00+09:00,179.2976445133001,179.80700503819287,172.16648057965045,178.27890014648438,32400,0.0,0.0
2019-10-07 00:00:00+09:00,178.7882859461075,178.7882859461075,175.73207592993472,176.7508087158203,11400,0.0,0.0
2019-10-08 00:00:00+09:00,176.7508156618268,177.26018790404507,172.16650045741184,176.241455078125,21600,0.0,0.0
2019-10-09 00:00:00+09:00,177.7695480950855,178.02422836967136,175.47739064826567,175.73207092285156,8700,0.0,0.0
2019-10-10 00:00:00+09:00,176.4961267403919,176.4961267403919,174.9680217469686,175.2227020263672,20700,0.0,0.0
2019-10-11 00:00:00+09:00,175.22270117463833,176.24144560431253,174.45864868164062,174.45864868164062,4800,0.0,0.0
2019-10-15 00:00:00+09:00,176.49612843397793,178.02423344206431,172.67586591376195,176.7508087158203,14400,0.0,0.0
2019-10-16 00:00:00+09:00,176.241455078125,178.53361268033248,175.22271059368848,176.241455078125,23100,0.0,0.0
2019-10-17 00:00:00+09:00,173.69458459183107,177.5148468017578,173.69458459183107,177.5148468017578,19500,0.0,0.0
2019-10-18 00:00:00+09:00,175.2227250208498,176.75083021480637,173.9493117982309,175.4774169921875,15300,0.0,0.0
2019-10-21 00:00:00+09:00,175.4774000907193,175.4774000907193,173.43992280884856,173.9492950439453,52800,0.0,0.0
2019-10-23 00:00:00+09:00,174.20396925025693,175.73207424368024,173.94928897085833,175.2227020263672,4800,0.0,0.0
2019-10-24 00:00:00+09:00,175.98676393374936,178.53361349798837,175.98676393374936,177.00550842285156,9000,0.0,0.0
2019-10-25 00:00:00+09:00,178.27892315846793,178.5336151123047,177.51487061399092,178.5336151123047,3300,0.0,0.0
2019-10-28 00:00:00+09:00,179.55231962532832,179.55231962532832,177.26016235351562,177.26016235351562,10200,0.0,0.0
2019-10-29 00:00:00+09:00,178.78827322748594,179.04295349121094,177.26016832810572,179.04295349121094,18300,0.0,0.0
2019-10-30 00:00:00+09:00,178.2789112353186,178.2789112353186,178.02423095703125,178.02423095703125,2100,0.0,0.0
2019-10-31 00:00:00+09:00,178.02421477745318,178.27889503259414,177.26016235351562,177.26016235351562,5700,0.0,0.0
2019-11-01 00:00:00+09:00,177.26018871586888,177.76956096041997,177.00550842285156,177.00550842285156,18000,0.0,0.0
2019-11-05 00:00:00+09:00,178.5335971918546,202.47390396293554,178.02422499382635,199.41769409179688,1007400,0.0,0.0
2019-11-06 00:00:00+09:00,191.01311365763345,191.01311365763345,183.37258911132812,183.37258911132812,148200,0.0,0.0
2019-11-07 00:00:00+09:00,183.62727704105657,183.62727704105657,178.53360156992665,180.06170654296875,67200,0.0,0.0
2019-11-08 00:00:00+09:00,180.31638595588888,182.86322367926343,178.53360071537824,179.2976531982422,20400,0.0,0.0
2019-11-11 00:00:00+09:00,181.08043843875282,181.08043843875282,178.788280990161,179.2976531982422,13200,0.0,0.0
2019-11-12 00:00:00+09:00,180.31638681897053,180.31638681897053,178.27890963540912,180.06170654296875,15000,0.0,0.0
2019-11-13 00:00:00+09:00,180.0616996481646,180.57106018066406,179.80700772339958,180.57106018066406,7200,0.0,0.0
2019-11-14 00:00:00+09:00,181.33512214172643,182.608546856746,180.3163893648203,182.35386657714844,16500,0.0,0.0
2019-11-15 00:00:00+09:00,180.5710559927649,181.33510843230908,180.31637573242188,180.31637573242188,7200,0.0,0.0
2019-11-18 00:00:00+09:00,182.09916087185323,182.09916087185323,179.5523232928777,180.31637573242188,24900,0.0,0.0
2019-11-19 00:00:00+09:00,180.5710839749391,182.09918909083004,180.5710839749391,181.58982849121094,7800,0.0,0.0
2019-11-20 00:00:00+09:00,182.09916861550033,184.64601796129398,182.09916861550033,183.6272735595703,38100,0.0,0.0
2019-11-21 00:00:00+09:00,182.35387325691914,183.62728636006895,181.3351287841797,181.3351287841797,37200,0.0,0.0
2019-11-22 00:00:00+09:00,181.33512214172643,205.5301217760028,181.08044186212888,182.35386657714844,288900,0.0,0.0
2019-11-25 00:00:00+09:00,181.84449603549407,185.66475855724815,181.84449603549407,183.88197326660156,34200,0.0,0.0
2019-11-26 00:00:00+09:00,184.9007160113759,185.91944885253906,183.8819831702127,185.91944885253906,13800,0.0,0.0
2019-11-27 00:00:00+09:00,185.66474762035878,189.48500991707397,185.66474762035878,187.7022247314453,13200,0.0,0.0
2019-11-28 00:00:00+09:00,187.7022282162392,192.03185112722136,187.44753628605284,190.75843811035156,18300,0.0,0.0
2019-11-29 00:00:00+09:00,187.95690564872805,190.50374330251194,184.90069580078125,184.90069580078125,38100,0.0,0.0
2019-12-02 00:00:00+09:00,186.17410698205472,186.6834674808359,183.62725785409089,186.4287872314453,24000,0.0,0.0
2019-12-03 00:00:00+09:00,184.13664182955787,186.93817138671875,184.13664182955787,186.93817138671875,8100,0.0,0.0
2019-12-04 00:00:00+09:00,186.93818497860866,186.93818497860866,185.4100799560547,185.4100799560547,5400,0.0,0.0
2019-12-05 00:00:00+09:00,187.1928253173828,187.70219743571016,185.91940085082123,187.1928253173828,11700,0.0,0.0
2019-12-06 00:00:00+09:00,188.97562751881327,188.97562751881327,187.95689484754556,188.720947265625,3600,0.0,0.0
2019-12-09 00:00:00+09:00,188.7209565639037,188.7209565639037,186.93817138671875,186.93817138671875,3900,0.0,0.0
2019-12-10 00:00:00+09:00,186.42881604934246,188.46629333496094,186.17413576058377,188.46629333496094,5100,0.0,0.0
2019-12-11 00:00:00+09:00,186.93815938874098,186.93815938874098,186.4287872314453,186.4287872314453,6000,0.0,0.0
2019-12-12 00:00:00+09:00,186.9381771395878,187.1928574131617,184.90069997544953,185.15538024902344,13200,0.0,0.0
2019-12-13 00:00:00+09:00,185.15537606860505,186.93817291891756,184.90069580078125,184.90069580078125,15300,0.0,0.0
2019-12-16 00:00:00+09:00,185.4100545753685,188.46626420211348,185.4100545753685,186.4287872314453,17100,0.0,0.0
2019-12-17 00:00:00+09:00,187.70221179542725,187.70221179542725,186.4287872314453,186.4287872314453,4800,0.0,0.0
2019-12-18 00:00:00+09:00,186.68348188016182,186.68348188016182,185.15537694892308,185.6647491455078,5100,0.0,0.0
2019-12-19 00:00:00+09:00,186.68348188016182,186.68348188016182,185.15537694892308,185.6647491455078,5100,0.0,0.0
2019-12-20 00:00:00+09:00,186.42878244312237,186.42878244312237,182.35384026496325,182.6085205078125,26100,0.0,0.0
2019-12-23 00:00:00+09:00,182.6085205078125,183.1178926520252,182.09914836359977,182.6085205078125,51600,0.0,0.0
2019-12-24 00:00:00+09:00,184.6460161914998,185.9194291936757,182.0991668701172,182.0991668701172,16800,0.0,0.0
2019-12-25 00:00:00+09:00,183.3726307626731,183.3726307626731,182.35389781127532,183.11795043945312,4800,0.0,0.0
2019-12-26 00:00:00+09:00,183.3726307626731,183.3726307626731,182.35389781127532,183.11795043945312,4800,0.0,0.0
2019-12-27 00:00:00+09:00,183.88200306763093,183.88200306763093,183.11795043945312,183.11795043945312,3900,0.0,0.0
2019-12-30 00:00:00+09:00,183.1179181116646,188.2115936279297,183.1179181116646,188.2115936279297,9300,0.0,0.0
2020-01-06 00:00:00+09:00,187.9569186155699,187.9569186155699,185.66476107147759,186.17413330078125,9600,0.0,0.0
2020-01-07 00:00:00+09:00,186.17411981275924,187.7022247314453,186.17411981275924,187.7022247314453,4800,0.0,0.0
2020-01-08 00:00:00+09:00,186.42882110237898,186.42882110237898,185.15539630703753,185.91944885253906,1200,0.0,0.0
2020-01-09 00:00:00+09:00,186.42882110237898,186.42882110237898,185.15539630703753,185.91944885253906,1200,0.0,0.0
2020-01-10 00:00:00+09:00,187.1928644179169,187.44754470102095,184.64602661132812,184.64602661132812,13200,0.0,0.0
2020-01-14 00:00:00+09:00,185.91941784649543,188.720947265625,185.91941784649543,188.720947265625,9300,0.0,0.0
2020-01-15 00:00:00+09:00,187.95691269566174,195.85212953787757,187.95691269566174,194.57870483398438,36600,0.0,0.0
2020-01-16 00:00:00+09:00,194.5786775617886,194.5786775617886,192.03182851096918,194.06930541992188,18300,0.0,0.0
2020-01-17 00:00:00+09:00,194.06933074829618,196.10679626464844,194.06933074829618,196.10679626464844,21000,0.0,0.0
2020-01-20 00:00:00+09:00,196.1067922923864,199.92705463130972,195.08805955484533,199.41769409179688,23700,0.0,0.0
2020-01-21 00:00:00+09:00,198.65366740781334,202.473930242579,197.88961484086022,202.21923828125,26100,0.0,0.0
2020-01-22 00:00:00+09:00,201.96454122993896,210.87847881827113,200.69110491944105,204.25669860839844,50700,0.0,0.0
2020-01-23 00:00:00+09:00,203.23796261047667,206.8035331295447,196.3614901913252,198.144287109375,58200,0.0,0.0
2020-01-24 00:00:00+09:00,194.5787038585876,195.59743662148594,187.95691175345914,190.2490692138672,48000,0.0,0.0
2020-01-27 00:00:00+09:00,188.72096424026182,191.77717418747255,187.70223147736348,190.2490692138672,14100,0.0,0.0
2020-01-28 00:00:00+09:00,190.2490692138672,190.2490692138672,186.93817899056083,190.2490692138672,4800,0.0,0.0
2020-01-29 00:00:00+09:00,191.7771482692929,194.06930541992188,191.7771482692929,194.06930541992188,16800,0.0,0.0
2020-01-30 00:00:00+09:00,192.28654639817958,192.28654639817958,186.68348705594943,190.2490692138672,25500,0.0,0.0
2020-01-31 00:00:00+09:00,190.75842470137448,192.54120979478424,190.24905253532253,192.28652954101562,5400,0.0,0.0
2020-02-03 00:00:00+09:00,186.9381858154787,186.9381858154787,186.17413330078125,186.17413330078125,600,0.0,0.0
2020-02-04 00:00:00+09:00,186.9381858154787,186.9381858154787,186.17413330078125,186.17413330078125,600,0.0,0.0
2020-02-05 00:00:00+09:00,197.63490559827412,224.1220744812923,190.50375281643412,207.0582275390625,674100,0.0,0.0
2020-02-06 00:00:00+09:00,207.05821976152316,210.1144296473021,201.96454439090192,206.80352783203125,92100,0.0,0.0
2020-02-07 00:00:00+09:00,206.80351836426692,206.80351836426692,192.28653372994103,192.5412139892578,84900,0.0,0.0
2020-02-10 00:00:00+09:00,192.79590695037086,192.79590695037086,186.17412650375815,190.2490692138672,114300,0.0,0.0
2020-02-12 00:00:00+09:00,190.24906237641702,190.24906237641702,187.44753280598744,187.7022247314453,12900,0.0,0.0
2020-02-13 00:00:00+09:00,188.21159277302394,189.23033719846222,187.44754028320312,187.44754028320312,10500,0.0,0.0
2020-02-14 00:00:00+09:00,187.44754886289354,189.23034585975333,187.44754886289354,188.46629333496094,21600,0.0,0.0
2020-02-17 00:00:00+09:00,188.21160955439376,188.21160955439376,177.00551314353814,181.58982849121094,57600,0.0,0.0
2020-02-18 00:00:00+09:00,181.589813145633,181.589813145633,176.75080624856295,178.02423095703125,30900,0.0,0.0
2020-02-19 00:00:00+09:00,176.24143238586691,180.57105508244678,176.24143238586691,179.5523223876953,6000,0.0,0.0
2020-02-20 00:00:00+09:00,179.5523511171841,183.88198616504732,179.5523511171841,181.58982849121094,7800,0.0,0.0
2020-02-21 00:00:00+09:00,181.08043587229218,185.91943097567528,181.08043587229218,183.6272735595703,41100,0.0,0.0
2020-02-25 00:00:00+09:00,176.75080624856295,178.02423095703125,175.98675375518513,178.02423095703125,14700,0.0,0.0
2020-02-26 00:00:00+09:00,175.73207613706128,175.98675641920389,169.61965609751135,170.1290283203125,88200,0.0,0.0
2020-02-27 00:00:00+09:00,168.85561584757866,168.85561584757866,163.5072479248047,163.5072479248047,13500,0.0,0.0
2020-02-28 00:00:00+09:00,160.9603948842673,163.50723262781207,153.3198699951172,153.3198699951172,65400,0.0,0.0
2020-03-02 00:00:00+09:00,153.57456753232063,168.3462467587098,153.0651952629565,166.56346130371094,13500,0.0,0.0
2020-03-03 00:00:00+09:00,166.56343760119145,169.1102752685547,162.9978555400706,169.1102752685547,4800,0.0,0.0
2020-03-04 00:00:00+09:00,164.01661149720107,169.61965942382812,164.01661149720107,169.61965942382812,1200,0.0,0.0
2020-03-05 00:00:00+09:00,163.76191379585475,165.54471071870282,163.76191379585475,164.2712860107422,2700,0.0,0.0
2020-03-06 00:00:00+09:00,160.4510123849435,162.99784996519952,157.9041748046875,157.9041748046875,1500,0.0,0.0
2020-03-09 00:00:00+09:00,152.81051559064855,152.81051559064855,144.15125692668417,152.0464630126953,15000,0.0,0.0
2020-03-10 00:00:00+09:00,138.29349863274777,150.00896608563005,130.65297384640812,138.038818359375,62400,0.0,0.0
2020-03-11 00:00:00+09:00,138.03881147572528,142.62312611892077,135.74665415412753,138.5481719970703,12600,0.0,0.0
2020-03-12 00:00:00+09:00,132.18108379436134,136.7653988392525,128.8701934814453,128.8701934814453,19200,0.0,0.0
2020-03-13 00:00:00+09:00,119.44686780455496,119.44686780455496,103.40176563714388,104.92987060546875,176400,0.0,0.0
2020-03-16 00:00:00+09:00,109.51418650311001,109.51418650311001,104.16581906549392,109.25950622558594,66300,0.0,0.0
2020-03-17 00:00:00+09:00,103.9111411734803,111.80634654313646,102.89240838148095,111.55166625976562,25800,0.0,0.0
2020-03-18 00:00:00+09:00,115.11725702495347,117.40941472019469,104.67520141601562,104.67520141601562,42000,0.0,0.0
2020-03-19 00:00:00+09:00,113.58913717376655,113.58913717376655,102.63771072122883,102.89240264892578,22500,0.0,0.0
2020-03-23 00:00:00+09:00,104.92986973859242,105.4392419433311,97.03466468697862,104.16581726074219,36000,0.0,0.0
2020-03-24 00:00:00+09:00,106.20328865772802,110.27823109895121,104.42050352566443,105.9486083984375,33300,0.0,0.0
2020-03-25 00:00:00+09:00,115.62660643181412,115.62660643181412,107.47672096588583,109.25950622558594,160500,0.0,0.0
2020-03-26 00:00:00+09:00,109.5141927603853,109.5141927603853,97.28935803374874,104.42051696777344,52800,0.0,0.0
2020-03-27 00:00:00+09:00,106.45798917616484,106.96736145019531,103.14709854125977,106.96736145019531,38400,0.0,0.0
2020-03-30 00:00:00+09:00,114.38375553681549,118.09195259426788,113.5280167499005,115.23949432373047,15900,15.0,0.0
2020-03-31 00:00:00+09:00,117.23620306530691,118.94768048231869,114.09849011493984,116.09522247314453,6600,0.0,0.0
2020-04-01 00:00:00+09:00,116.6657057458939,116.6657057458939,114.38374457124274,115.80996704101562,4200,0.0,0.0
2020-04-02 00:00:00+09:00,116.95097351074219,117.23621542446917,116.38047662575042,116.95097351074219,3600,0.0,0.0
2020-04-03 00:00:00+09:00,114.38374457124274,119.80341868295974,114.38374457124274,115.80996704101562,10800,0.0,0.0
2020-04-06 00:00:00+09:00,114.66898987214266,119.8034222544774,114.66898987214266,119.23292541503906,29100,0.0,0.0
2020-04-07 00:00:00+09:00,123.22637767468082,124.08211640853277,119.51818084716797,119.51818084716797,29100,0.0,0.0
2020-04-08 00:00:00+09:00,120.65918279375349,121.51492167881557,119.8034439086914,119.8034439086914,14700,0.0,0.0
2020-04-09 00:00:00+09:00,120.08868289496695,125.50837107196935,120.08868289496695,122.94115447998047,17100,0.0,0.0
2020-04-10 00:00:00+09:00,122.65588853451338,124.65262107723426,121.22966592689865,121.51490783691406,9000,0.0,0.0
2020-04-13 00:00:00+09:00,122.37062625259156,122.37062625259156,118.66242980957031,118.66242980957031,12900,0.0,0.0
2020-04-14 00:00:00+09:00,122.655893457895,132.63951739962695,122.655893457895,128.9313201904297,44400,0.0,0.0
2020-04-15 00:00:00+09:00,130.92805204455485,131.2132939927924,127.50509643554688,127.50509643554688,8700,0.0,0.0
2020-04-16 00:00:00+09:00,127.79031836073716,130.3575346652444,126.078840824399,128.64605712890625,9600,0.0,0.0
2020-04-17 00:00:00+09:00,130.92802771443243,132.6395052008956,130.07228897120083,132.35426330566406,9600,0.0,0.0
2020-04-20 00:00:00+09:00,132.3542690920587,135.2067273416916,130.9280334384735,134.63623046875,21900,0.0,0.0
2020-04-21 00:00:00+09:00,135.49196460331615,135.49196460331615,131.7837677001953,131.7837677001953,17700,0.0,0.0
2020-04-22 00:00:00+09:00,130.64278962632568,133.78048973792073,128.64605712890625,128.64605712890625,5700,0.0,0.0
2020-04-23 00:00:00+09:00,131.21329676383175,131.7837937298943,130.9280548095703,130.9280548095703,1200,0.0,0.0
2020-04-24 00:00:00+09:00,132.92472608881377,134.6362033047965,132.63948423866162,134.0657196044922,5400,0.0,0.0
2020-04-27 00:00:00+09:00,134.92147369954282,139.2001672306326,134.92147369954282,138.05917358398438,9900,0.0,0.0
2020-04-28 00:00:00+09:00,138.05917825700453,138.9149169921875,138.05917825700453,138.9149169921875,9000,0.0,0.0
2020-04-30 00:00:00+09:00,140.91164816282347,141.48213194286095,139.48541259765625,139.48541259765625,20100,0.0,0.0
2020-05-01 00:00:00+09:00,139.48541730159744,140.6263979576871,138.3444366455078,138.3444366455078,3900,0.0,0.0
2020-05-07 00:00:00+09:00,138.3444319648034,140.91164814729953,136.34769956228192,137.4886932373047,3900,0.0,0.0
2020-05-08 00:00:00+09:00,139.200178689545,142.0526369259061,139.200178689545,141.76739501953125,7800,0.0,0.0
2020-05-11 00:00:00+09:00,142.62312782064956,145.4755859375,142.62312782064956,145.4755859375,9600,0.0,0.0
2020-05-12 00:00:00+09:00,145.47559049974853,148.3280487060547,145.47559049974853,148.3280487060547,9300,0.0,0.0
2020-05-13 00:00:00+09:00,147.47229944199287,150.32477050281028,146.90181567585853,149.18377685546875,4800,0.0,0.0
2020-05-14 00:00:00+09:00,153.74773145116427,154.88871208639705,145.4755859375,145.4755859375,92700,0.0,0.0
2020-05-15 00:00:00+09:00,146.33133669806261,146.33133669806261,141.1969038314639,144.0493621826172,35700,0.0,0.0
2020-05-18 00:00:00+09:00,144.04933874774974,146.9018096923828,144.04933874774974,146.9018096923828,8100,0.0,0.0
2020-05-19 00:00:00+09:00,150.0395190322756,152.6067352118632,148.61329652641805,150.61001586914062,4800,0.0,0.0
2020-05-20 00:00:00+09:00,150.6100311173979,162.5903745017364,150.6100311173979,161.1641387939453,20400,0.0,0.0
2020-05-21 00:00:00+09:00,164.016602922117,164.016602922117,158.02643149609665,161.4493865966797,42000,0.0,0.0
2020-05-22 00:00:00+09:00,161.44938775445027,164.5870879141272,161.44938775445027,162.8756103515625,28200,0.0,0.0
2020-05-25 00:00:00+09:00,164.8723297606652,168.01002967067492,163.4460942195012,166.86904907226562,20100,0.0,0.0
2020-05-26 00:00:00+09:00,168.0100539965367,170.5772705078125,168.0100539965367,170.5772705078125,47100,0.0,0.0
2020-05-27 00:00:00+09:00,173.7149658203125,173.7149658203125,169.72151397767803,173.7149658203125,48600,0.0,0.0
2020-05-28 00:00:00+09:00,174.00023963728975,176.5674563518934,170.86253902446717,173.14450073242188,34800,0.0,0.0
2020-05-29 00:00:00+09:00,173.14446769691327,178.27890014648438,173.14446769691327,178.27890014648438,11100,0.0,0.0
2020-06-01 00:00:00+09:00,179.41989981031378,195.39368147991027,179.41989981031378,194.25270080566406,70200,0.0,0.0
2020-06-02 00:00:00+09:00,192.8264568530339,202.81007975908778,192.8264568530339,199.1018829345703,75600,0.0,0.0
2020-06-03 00:00:00+09:00,199.10190559762995,199.67238944631535,184.83958740234374,188.26254272460938,149400,0.0,0.0
2020-06-04 00:00:00+09:00,186.8362944407289,190.82974640103583,184.554333084157,185.12481689453125,24300,0.0,0.0
2020-06-05 00:00:00+09:00,187.4067861859616,195.6789317856473,187.12154428857144,191.40023803710938,20700,0.0,0.0
2020-06-08 00:00:00+09:00,194.25269954893187,196.8199158425301,192.5412220198664,194.8231964111328,12300,0.0,0.0
2020-06-09 00:00:00+09:00,196.8199137187325,197.39041057477743,186.83629055440034,190.82974243164062,31800,0.0,0.0
2020-06-10 00:00:00+09:00,187.9773056249912,189.4035283408492,184.83959214653407,187.12156677246094,9300,0.0,0.0
2020-06-11 00:00:00+09:00,187.6920385249578,197.10516529540845,185.41007710381314,190.5445098876953,27300,0.0,0.0
2020-06-12 00:00:00+09:00,180.8461351738544,188.26254272460938,179.4199124946026,188.26254272460938,18300,0.0,0.0
2020-06-15 00:00:00+09:00,187.6920263040314,187.6920263040314,178.27890014648438,178.27890014648438,21900,0.0,0.0
2020-06-16 00:00:00+09:00,186.83629794725104,186.83629794725104,180.8461264231365,184.55433654785156,13200,0.0,0.0
2020-06-17 00:00:00+09:00,184.26908916655097,184.26908916655097,179.41991120002214,180.27565002441406,10800,0.0,0.0
2020-06-18 00:00:00+09:00,180.27563863191787,180.27563863191787,175.14120601003606,176.5674285888672,21000,0.0,0.0
2020-06-19 00:00:00+09:00,176.85270206729408,177.99368286132812,176.85270206729408,177.99368286132812,3600,0.0,0.0
2020-06-22 00:00:00+09:00,177.13791828064257,179.13463764465928,177.13791828064257,178.84939575195312,27600,0.0,0.0
2020-06-23 00:00:00+09:00,179.41989731615098,181.4166167327093,177.7084197998047,177.7084197998047,10800,0.0,0.0
2020-06-24 00:00:00+09:00,175.4264678955078,176.8527036943257,175.4264678955078,175.4264678955078,10800,0.0,0.0
2020-06-25 00:00:00+09:00,178.2789014238436,178.2789014238436,175.1412013872044,175.71168518066406,29100,0.0,0.0
2020-06-26 00:00:00+09:00,175.71169441170457,179.13464958243605,175.71169441170457,177.4231719970703,5100,0.0,0.0
2020-06-29 00:00:00+09:00,180.84613833531586,180.84613833531586,174.5707244873047,174.5707244873047,2700,0.0,0.0
2020-06-30 00:00:00+09:00,180.2756326181522,180.2756326181522,174.28546142578125,174.28546142578125,12600,0.0,0.0
2020-07-01 00:00:00+09:00,174.85594649776337,176.5674239938509,166.86905586853393,171.71824645996094,16500,0.0,0.0
2020-07-02 00:00:00+09:00,174.2854530626358,174.2854530626358,157.7411628106604,160.87887573242188,63900,0.0,0.0
2020-07-03 00:00:00+09:00,158.3116869917931,158.88218391004213,151.18053427260355,155.459228515625,40500,0.0,0.0
2020-07-06 00:00:00+09:00,155.45921879220037,156.6001994997956,145.47559516374454,147.18707275390625,112800,0.0,0.0
2020-07-07 00:00:00+09:00,150.03953269462065,150.03953269462065,141.76739962328304,142.62313842773438,93000,0.0,0.0
2020-07-08 00:00:00+09:00,142.62313244820328,146.901826291074,142.62313244820328,144.33460998535156,18900,0.0,0.0
2020-07-09 00:00:00+09:00,144.33460531805085,145.4755859534084,143.47886657714844,143.47886657714844,18000,0.0,0.0
2020-07-10 00:00:00+09:00,144.04935502413528,144.33460998535156,143.19361625556112,144.33460998535156,6000,0.0,0.0
2020-07-13 00:00:00+09:00,143.4788758017153,145.1903533935547,143.4788758017153,145.1903533935547,12000,0.0,0.0
2020-07-14 00:00:00+09:00,145.19036057526193,145.47560250216515,144.04936675257227,144.9051055908203,12300,0.0,0.0
2020-07-15 00:00:00+09:00,146.61655716735896,146.61655716735896,145.47557660531945,145.7608184814453,2700,0.0,0.0
2020-07-16 00:00:00+09:00,146.33132467830882,146.61656657273278,145.4755859375,145.4755859375,6300,0.0,0.0
2020-07-17 00:00:00+09:00,146.3313234362299,149.46903647840793,144.04934912759708,148.0428009033203,18300,0.0,0.0
2020-07-20 00:00:00+09:00,148.32804157921717,150.61001586914062,147.75755779988884,150.61001586914062,14700,0.0,0.0
2020-07-21 00:00:00+09:00,150.89524247111694,166.29853798808472,150.89524247111694,164.30181884765625,79200,0.0,0.0
2020-07-22 00:00:00+09:00,170.006774801213,174.00021372417763,165.7280809140813,172.0034942626953,61500,0.0,0.0
2020-07-27 00:00:00+09:00,168.5805276671471,168.5805276671471,161.7346179141665,162.30511474609375,14400,0.0,0.0
2020-07-28 00:00:00+09:00,168.01003208847231,168.01003208847231,159.45264483341367,159.73789978027344,8700,0.0,0.0
2020-07-29 00:00:00+09:00,159.45265672531332,159.45265672531332,158.02643411479437,158.31167602539062,3300,0.0,0.0
2020-07-30 00:00:00+09:00,164.0166116302881,164.0166116302881,148.0428159602877,150.03953552246094,25200,0.0,0.0
2020-07-31 00:00:00+09:00,148.04280090204475,148.04280090204475,143.7641072343556,146.04608154296875,12600,0.0,0.0
2020-08-03 00:00:00+09:00,146.04610083830977,154.03299238736395,145.47560392139928,150.89527893066406,14100,0.0,0.0
2020-08-04 00:00:00+09:00,154.8887138329104,160.59364318847656,154.8887138329104,160.59364318847656,7500,0.0,0.0
2020-08-05 00:00:00+09:00,160.87888972740336,162.87560918356434,156.885437757544,161.4493865966797,20100,0.0,0.0
2020-08-06 00:00:00+09:00,167.15429564372948,173.7149636479714,156.6001889043289,165.7280731201172,90300,0.0,0.0
2020-08-07 00:00:00+09:00,165.44284678898396,167.15432455941325,158.59693570726685,163.7313690185547,12300,0.0,0.0
2020-08-11 00:00:00+09:00,164.01660282597317,171.14775492882853,163.44610595703125,163.44610595703125,13500,0.0,0.0
2020-08-12 00:00:00+09:00,166.29856547669192,166.86906235005935,162.8756103515625,162.8756103515625,7800,0.0,0.0
2020-08-13 00:00:00+09:00,165.7280769280432,167.15429948442574,160.3083894296706,162.01986694335938,7800,0.0,0.0
2020-08-14 00:00:00+09:00,162.01985631418225,162.01985631418225,160.02313703171748,160.87887573242188,8400,0.0,0.0
2020-08-17 00:00:00+09:00,165.1575801257781,166.86905764003487,160.0231475830078,160.0231475830078,15600,0.0,0.0
2020-08-18 00:00:00+09:00,165.7280731201172,165.7280731201172,163.4460988017859,165.7280731201172,5400,0.0,0.0
2020-08-19 00:00:00+09:00,164.58706529662905,165.4428039603161,163.1608428955078,163.1608428955078,5700,0.0,0.0
2020-08-20 00:00:00+09:00,180.27562549421836,191.6854705810547,173.7149577140808,191.6854705810547,358500,0.0,0.0
2020-08-21 00:00:00+09:00,220.21011352539062,220.21011352539062,220.21011352539062,220.21011352539062,25500,0.0,0.0
2020-08-24 00:00:00+09:00,262.9970397949219,262.9970397949219,243.0297944561743,262.9970397949219,1714200,0.0,0.0
2020-08-25 00:00:00+09:00,305.7840270996094,305.7840270996094,305.7840270996094,305.7840270996094,43800,0.0,0.0
2020-08-26 00:00:00+09:00,391.3578796386719,391.3578796386719,370.82014880250387,391.3578796386719,962100,0.0,0.0
2020-08-27 00:00:00+09:00,408.4726492772279,414.4628206822672,319.475816973787,373.3873596191406,2865000,0.0,0.0
2020-08-28 00:00:00+09:00,356.2726196890136,370.82018026562156,305.7840270996094,305.7840270996094,1130100,0.0,0.0
2020-08-31 00:00:00+09:00,331.4561646998484,391.3578796386719,321.75778309996616,391.3578796386719,1029600,0.0,0.0
2020-09-01 00:00:00+09:00,382.8004852919902,388.5054017223895,340.2987756230299,353.1348571777344,1839300,0.0,0.0
2020-09-02 00:00:00+09:00,334.02336417434486,357.698793986787,328.31842182032767,356.55780029296875,565800,0.0,0.0
2020-09-03 00:00:00+09:00,345.1479517989449,366.54141934608873,338.3020421838589,348.0003967285156,409500,0.0,0.0
2020-09-04 00:00:00+09:00,323.4692651567026,338.87256349749794,323.4692651567026,335.73486328125,302700,0.0,0.0
2020-09-07 00:00:00+09:00,331.17091028804094,332.02664907431495,303.50201416015625,303.50201416015625,200100,0.0,0.0
2020-09-08 00:00:00+09:00,310.34791445402414,315.76760196421617,302.07578182484633,308.92169189453125,103500,0.0,0.0
2020-09-09 00:00:00+09:00,303.21675246836077,311.7741394042969,295.8003330471678,311.7741394042969,62700,0.0,0.0
2020-09-10 00:00:00+09:00,308.9217163576837,321.7577987548174,302.93154457235465,319.1905822753906,83400,0.0,0.0
2020-09-11 00:00:00+09:00,320.04630317748075,320.04630317748075,307.21022149923954,308.6364440917969,44400,0.0,0.0
2020-09-14 00:00:00+09:00,302.6462425959167,316.3380616934145,302.6462425959167,311.7741394042969,62400,0.0,0.0
2020-09-15 00:00:00+09:00,319.76102859721044,321.4725060493188,312.3446350097656,312.3446350097656,37800,0.0,0.0
2020-09-16 00:00:00+09:00,328.0332009900102,328.0332009900102,315.4823483968828,326.0364685058594,97800,0.0,0.0
2020-09-17 00:00:00+09:00,321.4725520873181,322.3282909359224,308.0659854975433,310.91845703125,62400,0.0,0.0
2020-09-18 00:00:00+09:00,315.1971291868249,323.46926210530404,311.4889190643669,320.6167907714844,78900,0.0,0.0
2020-09-23 00:00:00+09:00,318.90529023880924,325.1807162754655,285.8167348315934,290.0954284667969,293700,0.0,0.0
2020-09-24 00:00:00+09:00,290.9511531168476,310.06265913444895,288.3839370599342,294.65936279296875,118800,0.0,0.0
2020-09-25 00:00:00+09:00,294.9446181520013,294.9446181520013,280.3970591870996,282.6790466308594,83100,0.0,0.0
2020-09-28 00:00:00+09:00,289.524972711147,289.524972711147,266.7052537045547,270.98394775390625,103200,0.0,0.0
2020-09-29 00:00:00+09:00,271.2765944405403,276.25145293761096,267.1796537248306,275.37353515625,70800,8.0,0.0
2020-09-30 00:00:00+09:00,270.98393137205187,298.1993811000761,270.98393137205187,275.6661682128906,75900,0.0,0.0
2020-10-02 00:00:00+09:00,271.86188448343705,277.4220397809979,266.30175597780266,270.69134521484375,39000,0.0,0.0
2020-10-05 00:00:00+09:00,269.2280798705349,280.05574019861393,269.2280798705349,279.7630920410156,21600,0.0,0.0
2020-10-06 00:00:00+09:00,275.37352218726954,282.1042427219969,275.37352218726954,279.4704895019531,24000,0.0,0.0
2020-10-07 00:00:00+09:00,281.2262867845497,290.005462992268,277.42196816389855,285.03057861328125,18900,0.0,0.0
2020-10-08 00:00:00+09:00,285.9084969487356,285.9084969487356,280.6409912109375,280.6409912109375,15000,0.0,0.0
2020-10-09 00:00:00+09:00,278.0072677945149,283.27477409036,272.73976149866985,273.03240966796875,27900,0.0,0.0
2020-10-12 00:00:00+09:00,271.86186709918013,271.86186709918013,263.37533738088223,266.5943603515625,32700,0.0,0.0
2020-10-13 00:00:00+09:00,267.1796461849166,288.8349419167248,261.91213964540185,282.104248046875,88200,0.0,0.0
2020-10-14 00:00:00+09:00,281.518942899929,283.27477835833173,278.0072719831236,280.0557556152344,17400,0.0,0.0
2020-10-15 00:00:00+09:00,280.34844498594475,280.6410664107305,268.35021639577985,269.5207824707031,18600,0.0,0.0
2020-10-16 00:00:00+09:00,266.3017298405671,266.3017298405671,251.0844797150729,256.937255859375,54900,0.0,0.0
2020-10-19 00:00:00+09:00,260.741560582672,266.59433640136166,257.522537901181,264.8385009765625,22500,0.0,0.0
2020-10-20 00:00:00+09:00,265.71642932864273,277.71465640647864,257.52254821276654,270.10601806640625,8100,0.0,0.0
2020-10-21 00:00:00+09:00,270.69128940012644,276.2514167593001,270.69128940012644,272.73974609375,5700,0.0,0.0
2020-10-22 00:00:00+09:00,271.5692267901293,271.5692267901293,260.74156585431473,267.4722595214844,17400,0.0,0.0
2020-10-23 00:00:00+09:00,268.64284240722657,268.64284240722657,259.86366455078127,263.3753356933594,11100,0.0,0.0
2020-10-26 00:00:00+09:00,267.76489013417756,271.27656082446185,259.57098292620714,263.9605712890625,8100,0.0,0.0
2020-10-27 00:00:00+09:00,259.5710163582582,264.54590167152696,259.5710163582582,263.3753356933594,12300,0.0,0.0
2020-10-28 00:00:00+09:00,259.570987301042,264.5458720574061,254.5961293365996,258.9857177734375,19800,0.0,0.0
2020-10-29 00:00:00+09:00,256.0593452156801,263.3753356933594,256.0593452156801,263.3753356933594,9900,0.0,0.0
2020-10-30 00:00:00+09:00,263.3753286404929,264.8385159800766,254.30350283445688,257.5225524902344,22200,0.0,0.0
2020-11-02 00:00:00+09:00,258.4004502843173,263.08266012593396,254.59613134507217,262.2047424316406,12300,0.0,0.0
2020-11-04 00:00:00+09:00,262.4974034380373,273.0324162850488,262.4974034380373,271.2765808105469,31500,0.0,0.0
2020-11-05 00:00:00+09:00,268.6428145628268,294.98034540231964,267.4722487059865,286.78643798828125,103800,0.0,0.0
2020-11-06 00:00:00+09:00,291.17605664146134,291.76135302650744,259.5710163582582,263.3753356933594,117300,0.0,0.0
2020-11-09 00:00:00+09:00,266.59431474628906,276.25140879825244,264.25320996736224,266.886962890625,23400,0.0,0.0
2020-11-10 00:00:00+09:00,271.2765977480836,277.1293740978753,264.5459036062269,267.1796569824219,29700,0.0,0.0
2020-11-11 00:00:00+09:00,268.93545061596603,268.93545061596603,261.6194612259862,261.912109375,34800,0.0,0.0
2020-11-12 00:00:00+09:00,263.6679607522732,285.6159034677254,263.6679607522732,269.22808837890625,88200,0.0,0.0
2020-11-13 00:00:00+09:00,271.86186734548534,271.86186734548534,267.1796569824219,267.1796569824219,7500,0.0,0.0
2020-11-16 00:00:00+09:00,264.2532467873681,267.4722696559084,263.66797720906726,265.13116455078125,13500,0.0,0.0
2020-11-17 00:00:00+09:00,268.0575519434038,268.0575519434038,260.4489138656026,261.0342102050781,18300,0.0,0.0
2020-11-18 00:00:00+09:00,261.3268074533309,265.1311261409604,258.69305454464586,259.2783508300781,29400,0.0,0.0
2020-11-19 00:00:00+09:00,260.1563090268484,261.03422679995145,254.010884615127,256.35198974609375,39600,0.0,0.0
2020-11-20 00:00:00+09:00,258.98578236889324,265.13120771323986,254.88884106997156,258.4005126953125,22500,0.0,0.0
2020-11-24 00:00:00+09:00,262.7900152360948,263.96055419577493,255.1813780385771,256.0592956542969,35100,0.0,0.0
2020-11-25 00:00:00+09:00,257.52254484532716,257.52254484532716,248.45071930860058,250.7918243408203,40800,0.0,0.0
2020-11-26 00:00:00+09:00,252.54771169691477,252.54771169691477,245.8170166015625,245.8170166015625,32100,0.0,0.0
2020-11-27 00:00:00+09:00,247.28016501296887,249.62129694709068,240.84211917394475,244.35379028320312,75300,0.0,0.0
2020-11-30 00:00:00+09:00,245.8169859713734,245.8169859713734,237.0378079009672,237.9157257080078,36600,0.0,0.0
2020-12-01 00:00:00+09:00,238.50099531539314,242.01266654355564,235.28197228688597,237.9157257080078,25200,0.0,0.0
2020-12-02 00:00:00+09:00,238.50098871500188,244.93906138577117,234.98931758402307,239.96420288085938,35400,0.0,0.0
2020-12-03 00:00:00+09:00,239.96419292799683,244.35378165965577,238.79362700224664,242.5979461669922,10800,0.0,0.0
2020-12-04 00:00:00+09:00,241.7200229322101,244.35377611140396,239.67153930664062,239.67153930664062,18300,0.0,0.0
2020-12-07 00:00:00+09:00,243.18321907160876,247.28015968008003,241.13473537141124,241.72003173828125,38400,0.0,0.0
2020-12-08 00:00:00+09:00,241.72001316802383,254.59613037109372,241.13471684611946,254.59613037109375,27900,0.0,0.0
2020-12-09 00:00:00+09:00,263.08264984453973,298.49200439453125,262.20473218455584,298.49200439453125,483300,0.0,0.0
2020-12-10 00:00:00+09:00,280.93370392657243,321.3179238660172,274.20300953397356,304.0522155761719,705600,0.0,0.0
2020-12-11 00:00:00+09:00,298.49200624408144,298.49200624408144,282.10421875347805,289.71282958984375,166800,0.0,0.0
2020-12-14 00:00:00+09:00,294.1024493150621,309.90496897975197,288.5422945764744,297.32147216796875,148800,0.0,0.0
2020-12-15 00:00:00+09:00,293.8097931322185,294.98035904318965,263.66796875,263.66796875,177900,0.0,0.0
2020-12-16 00:00:00+09:00,276.8367263815445,276.8367263815445,267.76490112851684,269.22808837890625,35700,0.0,0.0
2020-12-17 00:00:00+09:00,264.83851698150994,273.91034282184927,264.25324740184817,273.3250732421875,22800,0.0,0.0
2020-12-18 00:00:00+09:00,273.3250570277891,273.3250570277891,264.8385012705575,265.4237976074219,25500,0.0,0.0
2020-12-21 00:00:00+09:00,266.30172040923406,270.106012711932,266.30172040923406,267.4722595214844,14100,0.0,0.0
2020-12-22 00:00:00+09:00,267.47224757416365,269.8133792779376,251.66972913733713,254.59613037109375,52200,0.0,0.0
2020-12-23 00:00:00+09:00,298.491978785736,298.491978785736,266.59429761230706,284.7379455566406,1677000,0.0,0.0
2020-12-24 00:00:00+09:00,293.5171342090571,316.05034426788694,272.4471112578646,280.6409912109375,872400,0.0,0.0
2020-12-25 00:00:00+09:00,283.27479976352936,324.5369361538993,283.27479976352936,314.0019226074219,1470900,0.0,0.0
2020-12-28 00:00:00+09:00,307.27124557358496,318.6841775520324,297.0288796517743,302.29638671875,381600,0.0,0.0
2020-12-29 00:00:00+09:00,299.955214917161,305.2227212871712,292.6392517089844,292.6392517089844,103800,0.0,0.0
2020-12-30 00:00:00+09:00,292.6392170988122,299.66255809484835,285.0305798251599,297.61407470703125,65100,0.0,0.0
2021-01-04 00:00:00+09:00,297.61412286758423,297.90677105374925,280.9336853027344,280.9336853027344,154500,0.0,0.0
2021-01-05 00:00:00+09:00,279.47048732056726,284.7379937195397,274.4956023047002,275.6661682128906,56700,0.0,0.0
2021-01-06 00:00:00+09:00,277.42196524216354,301.125740753361,277.42196524216354,286.2011413574219,137400,0.0,0.0
2021-01-07 00:00:00+09:00,287.0791086074298,294.9803684773591,285.32327308077885,292.931884765625,51600,0.0,0.0
2021-01-08 00:00:00+09:00,293.2245178222656,295.8582709763578,286.78644562606604,293.2245178222656,60300,0.0,0.0
2021-01-12 00:00:00+09:00,292.9318530485263,292.9318530485263,283.8600550043583,285.3232421875,48900,0.0,0.0
2021-01-13 00:00:00+09:00,284.445359886811,286.49384363145214,278.299935444812,280.3484191894531,57900,0.0,0.0
2021-01-14 00:00:00+09:00,280.64104382727743,281.2263402136031,271.56924455040047,279.1778564453125,73200,0.0,0.0
2021-01-15 00:00:00+09:00,279.1778613143468,280.93369692009736,272.1545188913443,273.6177062988281,34800,0.0,0.0
2021-01-18 00:00:00+09:00,273.6176746765269,280.933664452279,272.1544874381453,278.00726318359375,25200,0.0,0.0
2021-01-19 00:00:00+09:00,278.0072688605115,283.2747751765544,275.9588120433321,281.226318359375,29100,0.0,0.0
2021-01-20 00:00:00+09:00,281.22628748752817,281.8115569721992,275.6661336114347,280.6409912109375,22800,0.0,0.0
2021-01-21 00:00:00+09:00,279.1778279573218,289.71284033306983,278.8851797940215,282.3968505859375,78000,0.0,0.0
2021-01-22 00:00:00+09:00,286.4938424247801,293.8098060112536,279.7631216315614,292.34661865234375,109800,0.0,0.0
2021-01-25 00:00:00+09:00,295.27301837302065,295.5656397678751,288.8349458073621,289.1275939941406,47100,0.0,0.0
2021-01-26 00:00:00+09:00,287.6643724559361,290.8834220519613,278.88519499754614,282.68951416015625,35700,0.0,0.0
2021-01-27 00:00:00+09:00,289.42020119732695,289.42020119732695,283.8600734646438,284.4453430175781,29100,0.0,0.0
2021-01-28 00:00:00+09:00,278.8851703562186,285.3232421875,278.8851703562186,285.3232421875,16200,0.0,0.0
2021-01-29 00:00:00+09:00,285.6158903408968,291.17601771198787,280.0557361778846,285.3232421875,66600,0.0,0.0
2021-02-01 00:00:00+09:00,285.6159280498179,295.56564507588325,285.3232798577838,291.7613525390625,61800,0.0,0.0
2021-02-02 00:00:00+09:00,292.0539707417927,304.3448195857228,289.71286560692363,299.9552307128906,138900,0.0,0.0
2021-02-03 00:00:00+09:00,301.418457003133,319.2694346102203,297.61413756283844,309.0270690917969,233100,0.0,0.0
2021-02-04 00:00:00+09:00,321.9031321095168,340.33940291454394,299.9551906749606,302.881591796875,887700,0.0,0.0
2021-02-05 00:00:00+09:00,304.34475866010945,326.8779948910884,302.8815715927166,316.9282531738281,161700,0.0,0.0
2021-02-08 00:00:00+09:00,325.70751625250193,329.2191875867607,313.7093147910931,318.6841735839844,85200,0.0,0.0
2021-02-09 00:00:00+09:00,321.3178731511148,321.3178731511148,304.6374371132154,312.5386962890625,70800,0.0,0.0
2021-02-10 00:00:00+09:00,318.09889042311073,318.09889042311073,311.660817653615,314.58721923828125,26400,0.0,0.0
2021-02-12 00:00:00+09:00,314.87982177734375,319.26941049539187,311.95344715992724,314.87982177734375,46200,0.0,0.0
2021-02-15 00:00:00+09:00,315.46513336497384,318.09888672295995,302.58898797575887,307.5638732910156,51000,0.0,0.0
2021-02-16 00:00:00+09:00,308.44180958800706,313.1240201997,305.22275965155114,306.1006774902344,25800,0.0,0.0
2021-02-17 00:00:00+09:00,306.1006551348557,307.27122109825234,296.15093821771893,299.9552307128906,65400,0.0,0.0
2021-02-18 00:00:00+09:00,299.95518328225234,303.46685382523253,292.0539245605469,292.0539245605469,51900,0.0,0.0
2021-02-19 00:00:00+09:00,290.0054917298359,294.68770164331437,285.61590319099844,293.8097839355469,30900,0.0,0.0
2021-02-22 00:00:00+09:00,297.6141111851692,304.34480486736874,288.2496643066406,288.2496643066406,78600,0.0,0.0
2021-02-24 00:00:00+09:00,292.63924403162923,304.93009190587077,292.63924403162923,298.78466796875,57300,0.0,0.0
2021-02-25 00:00:00+09:00,305.8080096111737,305.8080096111737,296.7361843924024,298.78466796875,20100,0.0,0.0
2021-02-26 00:00:00+09:00,290.2981211536145,295.85827572094985,288.2496643066406,288.2496643066406,35400,0.0,0.0
2021-03-01 00:00:00+09:00,290.2981056288742,292.6392373172481,282.3968464624358,287.9570007324219,55800,0.0,0.0
2021-03-02 00:00:00+09:00,287.9570225025758,296.1509304475179,285.0306210668271,285.9085388183594,28800,0.0,0.0
2021-03-03 00:00:00+09:00,306.9785806454253,329.804443359375,306.68595924114516,329.804443359375,136800,0.0,0.0
2021-03-04 00:00:00+09:00,373.7002998121301,395.64824276883155,328.633874802318,337.9983215332031,1493100,0.0,0.0
2021-03-05 00:00:00+09:00,329.219142138029,335.94983566887674,315.17245874013975,334.1940002441406,208200,0.0,0.0
2021-03-08 00:00:00+09:00,342.3879161807429,351.4597416939506,328.04858426475454,328.6338806152344,183900,0.0,0.0
2021-03-09 00:00:00+09:00,328.63386078684476,333.90136687180615,313.4166120552046,333.3160705566406,89700,0.0,0.0
2021-03-10 00:00:00+09:00,326.29275539549667,330.97499233440533,325.7074858251044,326.8780517578125,25500,0.0,0.0
2021-03-11 00:00:00+09:00,324.5368656008324,335.0718768570389,322.19576091898176,325.1221618652344,47400,0.0,0.0
2021-03-12 00:00:00+09:00,330.6823219573698,330.6823219573698,325.12219443203844,328.3412170410156,48000,0.0,0.0
2021-03-15 00:00:00+09:00,332.14554490512046,332.7308144519677,328.04857770142235,330.38970947265625,27600,0.0,0.0
2021-03-16 00:00:00+09:00,330.3897434851752,354.09352426366695,330.3897434851752,345.0216979980469,176100,0.0,0.0
2021-03-17 00:00:00+09:00,351.4597676727481,377.50465343656725,351.4597676727481,361.40948486328125,286200,0.0,0.0
2021-03-18 00:00:00+09:00,362.5799973994808,368.4327729304947,347.65539702226243,355.84930419921875,142500,0.0,0.0
2021-03-19 00:00:00+09:00,348.24064585816035,355.2639867950773,345.31427166239126,352.9228820800781,51300,0.0,0.0
2021-03-22 00:00:00+09:00,349.70391819668635,358.19044764990724,347.94808266899076,349.1186218261719,53100,0.0,0.0
2021-03-23 00:00:00+09:00,349.1186024882544,349.1186024882544,340.33942533606086,342.3879089355469,29400,0.0,0.0
2021-03-24 00:00:00+09:00,333.90138154497237,337.70567380111953,325.7074738998694,326.0001220703125,71700,0.0,0.0
2021-03-25 00:00:00+09:00,326.00011945665347,335.3645661246055,326.00011945665347,334.1940002441406,17400,0.0,0.0
2021-03-26 00:00:00+09:00,331.26764760766974,339.75417712370137,329.5118120669788,332.7308349609375,14100,0.0,0.0
2021-03-29 00:00:00+09:00,336.53515724110895,336.53515724110895,316.9283179306403,323.95166015625,39300,0.0,0.0
2021-03-30 00:00:00+09:00,319.2267722962635,330.4484256383286,302.6895676450412,324.83758544921875,59100,3.333333,0.0
2021-03-31 00:00:00+09:00,324.83757238203714,328.0859662200803,315.3877608444421,321.884521484375,15900,0.0,0.0
2021-04-01 00:00:00+09:00,329.2671655834112,335.1733212684181,328.3812449342754,331.629638671875,28500,0.0,0.0
2021-04-02 00:00:00+09:00,331.6296293343201,333.99207532011286,327.49531506399285,329.8577880859375,14100,0.0,0.0
2021-04-05 00:00:00+09:00,330.7437656620838,341.96541982208623,319.5220844659248,335.4686584472656,54600,0.0,0.0
2021-04-06 00:00:00+09:00,335.4686292515679,335.4686292515679,323.6563712804728,323.95166015625,23100,0.0,0.0
2021-04-07 00:00:00+09:00,323.0657066119017,332.8108333171946,320.9985765470011,329.26715087890625,18300,0.0,0.0
2021-04-08 00:00:00+09:00,330.4483928233477,330.7437087101288,325.13286907820003,329.8577880859375,11700,0.0,0.0
2021-04-09 00:00:00+09:00,330.4483853980216,331.3343060023058,327.20001886102983,328.6765441894531,12000,0.0,0.0
2021-04-12 00:00:00+09:00,325.428180053182,328.6765466141374,322.1797864560752,323.36102294921875,18000,0.0,0.0
2021-04-13 00:00:00+09:00,324.24698974849406,327.790672696565,324.24698974849406,326.60943603515625,5100,0.0,0.0
2021-04-14 00:00:00+09:00,325.72350155552965,327.49534295480936,323.0657394566101,323.95166015625,18300,0.0,0.0
2021-04-15 00:00:00+09:00,377.1068920403634,409.59066818174495,349.9386669906901,369.13360595703125,942000,0.0,0.0
2021-04-16 00:00:00+09:00,349.0527228021003,357.0260083483411,341.0794372558594,341.0794372558594,207000,0.0,0.0
2021-04-19 00:00:00+09:00,349.9386980105669,354.36830178285254,343.14664790511415,345.50909423828125,78600,0.0,0.0
2021-04-20 00:00:00+09:00,341.37474844703445,349.05271800359094,339.89819608281687,340.1935119628906,60000,0.0,0.0
2021-04-21 00:00:00+09:00,341.9653609378344,346.69027994557183,327.2000262133637,329.8577880859375,96900,0.0,0.0
2021-04-22 00:00:00+09:00,332.5155931621697,344.327851662049,332.5155931621697,338.4217224121094,49800,0.0,0.0
2021-04-23 00:00:00+09:00,333.6967522723158,343.7371948097365,333.1061475475797,334.2873840332031,42300,0.0,0.0
2021-04-26 00:00:00+09:00,334.8780210317191,342.26070246510454,333.99210034115896,340.4888610839844,34800,0.0,0.0
2021-04-27 00:00:00+09:00,337.53574548626693,341.0794278535768,337.53574548626693,339.3075866699219,10500,0.0,0.0
2021-04-28 00:00:00+09:00,392.4628617338854,406.0469878563645,346.09967041015625,346.09967041015625,934500,0.0,0.0
2021-04-30 00:00:00+09:00,348.7574144544601,350.82457161576195,338.7169986107704,342.26068115234375,112200,0.0,0.0
2021-05-06 00:00:00+09:00,339.6029367727496,357.3213503950469,339.6029367727496,346.09967041015625,89700,0.0,0.0
2021-05-07 00:00:00+09:00,350.23400931869287,356.7307434082031,346.9856152377822,356.7307434082031,38700,0.0,0.0
2021-05-10 00:00:00+09:00,359.9791164715608,376.2209777832031,359.9791164715608,376.2209777832031,83400,0.0,0.0
2021-05-11 00:00:00+09:00,379.17404732337366,379.17404732337366,360.86502912822135,368.5429992675781,75000,0.0,0.0
2021-05-12 00:00:00+09:00,368.2477217226192,368.2477217226192,351.71054314754883,364.1134338378906,103200,0.0,0.0
2021-05-13 00:00:00+09:00,355.2541523724733,358.7978346904032,349.34802418797364,355.8447570800781,81600,0.0,0.0
2021-05-14 00:00:00+09:00,356.73069968226184,360.27438221896034,352.005807657432,353.77764892578125,51300,0.0,0.0
2021-05-17 00:00:00+09:00,358.2073044259704,372.38203664350385,355.2542262019322,364.1134338378906,77700,0.0,0.0
2021-05-18 00:00:00+09:00,363.81811336790236,368.83834898978154,359.97914146429565,363.2275085449219,39900,0.0,0.0
2021-05-19 00:00:00+09:00,362.932136088669,375.6303405761719,359.97908539754854,375.6303405761719,51600,0.0,0.0
2021-05-20 00:00:00+09:00,374.15385959987856,390.6910373541398,373.5632277626928,390.3957214355469,90300,0.0,0.0
2021-05-21 00:00:00+09:00,397.7784090590203,397.7784090590203,378.28815293586115,385.3755187988281,66000,0.0,0.0
2021-05-24 00:00:00+09:00,387.7379297004017,387.7379297004017,381.5364851360746,384.48956298828125,26400,0.0,0.0
2021-05-25 00:00:00+09:00,382.42241042587165,383.3083310886622,379.7646484375,379.7646484375,27000,0.0,0.0
2021-05-26 00:00:00+09:00,378.8787369705587,391.2816265506597,376.51629082449546,381.5364990234375,30600,0.0,0.0
2021-05-27 00:00:00+09:00,380.35527091856164,385.6707947650812,377.4021931028889,377.9927978515625,16800,0.0,0.0
2021-05-28 00:00:00+09:00,377.9928428140922,383.01307840151196,375.92571242977175,380.3553161621094,22800,0.0,0.0
2021-05-31 00:00:00+09:00,383.3083338156399,383.60364971738875,376.5162843646425,380.0599670410156,12900,0.0,0.0
2021-06-01 00:00:00+09:00,378.2881237867037,384.7848843391977,377.9928078864507,379.4693603515625,4800,0.0,0.0
2021-06-02 00:00:00+09:00,376.81158232787976,377.10687117941785,370.31482205176314,370.6101379394531,28200,0.0,0.0
2021-06-03 00:00:00+09:00,372.6773083385233,372.97262425814273,366.1805743961348,366.77117919921875,20400,0.0,0.0
2021-06-04 00:00:00+09:00,366.7711681008321,368.24769358194027,364.4087219238281,364.4087219238281,6300,0.0,0.0
2021-06-07 00:00:00+09:00,364.4087091406189,369.13360132888073,364.4087091406189,368.2476806640625,13200,0.0,0.0
2021-06-08 00:00:00+09:00,366.77113661721756,367.3617413517325,363.52277002315753,364.7039794921875,8100,0.0,0.0
2021-06-09 00:00:00+09:00,363.8180901024616,366.4758521901488,363.8180901024616,364.4087219238281,5700,0.0,0.0
2021-06-10 00:00:00+09:00,370.9053955819024,370.9053955819024,364.1133470257509,364.999267578125,6000,0.0,0.0
2021-06-11 00:00:00+09:00,364.11338211318196,366.18053927997096,360.274383670903,365.8852233886719,18900,0.0,0.0
2021-06-14 00:00:00+09:00,364.99930811008113,364.99930811008113,357.32133814894263,360.8650207519531,23400,0.0,0.0
2021-06-15 00:00:00+09:00,369.72418345504747,374.44907500849416,358.7978210449219,358.7978210449219,43800,0.0,0.0
2021-06-16 00:00:00+09:00,361.75090606985265,362.0461949004937,359.6837490746152,359.97906494140625,4200,0.0,0.0
2021-06-17 00:00:00+09:00,359.979082919954,363.81805419921875,359.979082919954,363.81805419921875,3600,0.0,0.0
2021-06-18 00:00:00+09:00,363.8180856758355,364.11340158292563,357.61664088001925,357.9119567871094,17700,0.0,0.0
2021-06-21 00:00:00+09:00,354.36825336241236,354.36825336241236,335.468604171033,342.55596923828125,91500,0.0,0.0
2021-06-22 00:00:00+09:00,345.80438139435535,354.95887707123626,345.80438139435535,351.71051025390625,29400,0.0,0.0
2021-06-23 00:00:00+09:00,352.89174858349986,361.1603236204857,352.89174858349986,357.9119567871094,17400,0.0,0.0
2021-06-24 00:00:00+09:00,360.5697123209635,361.75094889180565,350.8245849609375,350.8245849609375,10500,0.0,0.0
2021-06-25 00:00:00+09:00,356.73070436820944,356.73070436820944,349.0527344498904,354.66357421875,13800,0.0,0.0
2021-06-28 00:00:00+09:00,360.86505823187923,361.4556630483378,356.7307434082031,356.7307434082031,12000,0.0,0.0
2021-06-29 00:00:00+09:00,357.0260268633638,357.0260268633638,351.710502890212,356.1401062011719,5700,0.0,0.0
2021-06-30 00:00:00+09:00,354.95883892893545,362.9321241988245,354.95883892893545,362.04620361328125,16500,0.0,0.0
2021-07-01 00:00:00+09:00,357.61664105668495,358.7978776494752,349.9386707939326,352.3011169433594,23700,0.0,0.0
2021-07-02 00:00:00+09:00,352.3010633914524,355.5494567688116,352.3010633914524,353.4822998046875,5400,0.0,0.0
2021-07-05 00:00:00+09:00,352.5964309346466,354.3682722961272,351.71051025390625,351.71051025390625,2400,0.0,0.0
2021-07-06 00:00:00+09:00,351.71050563003075,351.71050563003075,350.8245849609375,350.8245849609375,4200,0.0,0.0
2021-07-07 00:00:00+09:00,359.6837868975785,361.4556282123449,341.96537374991453,344.32781982421875,29100,0.0,0.0
2021-07-08 00:00:00+09:00,344.6231486278802,347.87151548121597,336.9451783217439,340.4888610839844,22500,0.0,0.0
2021-07-09 00:00:00+09:00,341.07943453412076,341.07943453412076,328.0859412782047,340.78411865234375,39000,0.0,0.0
2021-07-12 00:00:00+09:00,347.8714916603148,347.8714916603148,327.49531717271446,336.0592346191406,37500,0.0,0.0
2021-07-13 00:00:00+09:00,336.05923850197297,338.4216845302731,330.74371466118333,337.2404479980469,29400,0.0,0.0
2021-07-14 00:00:00+09:00,333.40148847727187,339.0123013741964,332.8108566720089,333.69677734375,12900,0.0,0.0
2021-07-15 00:00:00+09:00,332.51558103709345,332.51558103709345,324.2469787597656,324.2469787597656,34200,0.0,0.0
2021-07-16 00:00:00+09:00,322.1797957353202,329.5624767168341,319.2267449716365,325.13287353515625,26100,0.0,0.0
2021-07-19 00:00:00+09:00,324.8375487630461,324.8375487630461,313.02529195896176,317.45489501953125,48600,0.0,0.0
2021-07-20 00:00:00+09:00,311.84405245216846,318.636101400724,310.3675271249567,311.5487365722656,29100,0.0,0.0
2021-07-21 00:00:00+09:00,314.50182171786474,314.7971376047678,307.4144567214058,312.72998046875,69300,0.0,0.0
2021-07-26 00:00:00+09:00,315.97836665665324,317.1596032412977,310.072237805738,310.3675537109375,18000,0.0,0.0
2021-07-27 00:00:00+09:00,316.86421767836225,317.45484935892,310.6627742855397,315.0923767089844,14700,0.0,0.0
2021-07-28 00:00:00+09:00,312.1393849544015,322.1798009719647,308.8909912109375,308.8909912109375,19800,0.0,0.0
2021-07-29 00:00:00+09:00,308.8910012210935,311.5487632594284,308.00508054164857,310.3675537109375,9900,0.0,0.0
2021-07-30 00:00:00+09:00,312.43465558781116,312.43465558781116,302.9848448766143,305.052001953125,74100,0.0,0.0
2021-08-02 00:00:00+09:00,305.05199524168825,321.58917038148684,304.46136349787906,320.9985656738281,33300,0.0,0.0
2021-08-03 00:00:00+09:00,329.8577915168962,350.82457082878824,322.77042644964797,342.55596923828125,180600,0.0,0.0
2021-08-04 00:00:00+09:00,342.5559709160036,365.8852233886719,342.5559709160036,365.8852233886719,122100,0.0,0.0
2021-08-05 00:00:00+09:00,345.80437788164676,350.2339812403521,328.08596444682547,333.69677734375,156900,0.0,0.0
2021-08-06 00:00:00+09:00,333.99210376421956,334.2874196761509,323.95166015625,323.95166015625,39600,0.0,0.0
2021-08-10 00:00:00+09:00,324.8375270764845,335.7638895751487,324.8375270764845,331.0389709472656,17400,0.0,0.0
2021-08-11 00:00:00+09:00,327.49529357526563,330.1530552734494,318.93140378205675,326.0187683105469,20400,0.0,0.0
2021-08-12 00:00:00+09:00,330.1530583525941,347.8714698390687,323.65632549832026,337.8310546875,29400,0.0,0.0
2021-08-13 00:00:00+09:00,331.62964175916153,345.213740481602,330.7437211017783,344.32781982421875,66900,0.0,0.0
2021-08-16 00:00:00+09:00,345.21370418025305,360.2743537720473,339.6028919642729,359.97906494140625,73500,0.0,0.0
2021-08-17 00:00:00+09:00,359.3884511568737,396.30182786718296,342.55595959596275,363.81805419921875,387900,0.0,0.0
2021-08-18 00:00:00+09:00,371.4960684683364,380.3552749736532,342.8512917557611,349.6433410644531,108900,0.0,0.0
2021-08-19 00:00:00+09:00,345.80437788164676,354.6635845990574,331.9249360002679,333.69677734375,79500,0.0,0.0
2021-08-20 00:00:00+09:00,333.99210968017576,335.4686351936776,317.15961608886715,318.93145751953125,54900,0.0,0.0
2021-08-23 00:00:00+09:00,322.7704713231179,330.15312627044733,322.7704713231179,327.7906799316406,31200,0.0,0.0
2021-08-24 00:00:00+09:00,329.2671461828745,336.05922211682565,328.0859367443925,328.3812255859375,10500,0.0,0.0
2021-08-25 00:00:00+09:00,331.0389897759219,331.92491037927954,322.47509962218174,323.0657043457031,33000,0.0,0.0
2021-08-26 00:00:00+09:00,327.20005487751973,327.20005487751973,316.56900645589803,323.6563720703125,26700,0.0,0.0
2021-08-27 00:00:00+09:00,323.06570952860915,335.1733093261719,321.5891841780424,335.1733093261719,25200,0.0,0.0
2021-08-30 00:00:00+09:00,336.05923850197297,337.8310797822362,328.97187338092016,337.2404479980469,25500,0.0,0.0
2021-08-31 00:00:00+09:00,337.24045613545286,338.71700859540204,330.7437226418271,332.51556396484375,24300,0.0,0.0
2021-09-01 00:00:00+09:00,333.6967641437945,333.9920800347442,328.08595146881544,330.74371337890625,23100,0.0,0.0
2021-09-02 00:00:00+09:00,331.6296314696623,337.8310758789319,331.3343155809797,336.0592346191406,61500,0.0,0.0
2021-09-03 00:00:00+09:00,335.4686074844142,339.30760594580835,333.6967662001019,336.9451599121094,9600,0.0,0.0
2021-09-06 00:00:00+09:00,339.60292309184103,345.2137358221011,338.12637065869677,343.44189453125,17100,0.0,0.0
2021-09-07 00:00:00+09:00,344.0325175065125,344.0325175065125,330.74370816552465,335.763916015625,26400,0.0,0.0
2021-09-08 00:00:00+09:00,335.7639299276311,337.24045534797955,329.5624853115535,332.81085205078125,39900,0.0,0.0
2021-09-09 00:00:00+09:00,332.22023876135034,336.0592371990878,329.26716096030987,330.74371337890625,30600,0.0,0.0
2021-09-10 00:00:00+09:00,330.7437154170163,338.12636941088266,330.4483995242467,336.9451599121094,37200,0.0,0.0
2021-09-13 00:00:00+09:00,332.81083361972514,339.01227789236697,332.81083361972514,334.87799072265625,12300,0.0,0.0
2021-09-14 00:00:00+09:00,336.05926702800207,340.4888706046622,334.287425597338,336.6498718261719,32400,0.0,0.0
2021-09-15 00:00:00+09:00,336.649831943411,337.5357525537884,332.81083361972514,334.87799072265625,28200,0.0,0.0
2021-09-16 00:00:00+09:00,335.1733401052413,340.48886429878974,328.97189521276823,329.5625,65400,0.0,0.0
2021-09-17 00:00:00+09:00,330.7436821203758,334.58265315914053,329.56244570436763,331.0389709472656,20700,0.0,0.0
2021-09-21 00:00:00+09:00,323.9516537878704,323.9516537878704,313.0253167312097,316.8642883300781,100200,0.0,0.0
2021-09-22 00:00:00+09:00,317.45492110171875,318.34084178662016,310.0722397154892,310.9581604003906,74400,0.0,0.0
2021-09-24 00:00:00+09:00,318.93141989511986,327.79062600331764,313.6158962302012,323.36102294921875,33900,0.0,0.0
2021-09-27 00:00:00+09:00,321.88451414992676,329.5624841595132,321.88451414992676,326.3141174316406,32700,0.0,0.0
2021-09-28 00:00:00+09:00,328.38120380066107,328.38120380066107,314.5017910481448,318.6360778808594,17700,0.0,0.0
2021-09-29 00:00:00+09:00,325.49171285789106,325.49171285789106,316.54963283432267,320.12646484375,9000,3.333333,0.0
2021-09-30 00:00:00+09:00,326.6840369629512,326.6840369629512,313.2709153808373,316.8477478027344,27900,0.0,0.0
2021-10-01 00:00:00+09:00,314.1650828207947,316.54962836371527,312.37666684133865,313.86700439453125,9900,0.0,0.0
2021-10-04 00:00:00+09:00,318.04000576561634,318.04000576561634,306.41530044263897,306.71337890625,27000,0.0,0.0
2021-10-05 00:00:00+09:00,309.39596181451236,312.67471531927555,299.8577524348891,303.7326354980469,48900,0.0,0.0
2021-10-06 00:00:00+09:00,308.79983918897744,311.18438476515314,298.0693431625929,301.0500183105469,34200,0.0,0.0
2021-10-07 00:00:00+09:00,309.99212822885937,309.99212822885937,299.8577880859375,299.8577880859375,18600,0.0,0.0
2021-10-08 00:00:00+09:00,305.2230003276263,305.2230003276263,299.55967401116084,303.7326354980469,18300,0.0,0.0
2021-10-11 00:00:00+09:00,303.73269583893375,306.117269124366,302.540436485285,303.1365661621094,3900,0.0,0.0
2021-10-12 00:00:00+09:00,306.1172264903593,306.1172264903593,302.54039434943616,304.6268615722656,2700,0.0,0.0
2021-10-13 00:00:00+09:00,303.43459117578516,303.43459117578516,301.0500183105469,301.0500183105469,16800,0.0,0.0
2021-10-14 00:00:00+09:00,301.6462071205934,315.9535366711501,299.85779092677376,311.1844177246094,30600,0.0,0.0
2021-10-15 00:00:00+09:00,311.18438122455564,320.7225907097971,309.6940436675354,314.463134765625,28200,0.0,0.0
2021-10-18 00:00:00+09:00,315.95351055882486,321.0206802595101,311.4824704437899,312.3766784667969,24300,0.0,0.0
2021-10-19 00:00:00+09:00,311.48244085323597,317.4438180106027,311.48244085323597,312.9727783203125,13200,0.0,0.0
2021-10-20 00:00:00+09:00,315.9535272190578,317.741943359375,312.6747461024332,317.741943359375,3900,0.0,0.0
2021-10-21 00:00:00+09:00,310.290182527863,310.290182527863,302.5403887945109,302.83843994140625,100500,0.0,0.0
2021-10-22 00:00:00+09:00,302.838427515924,306.71333786814375,302.838427515924,303.7326354980469,13200,0.0,0.0
2021-10-25 00:00:00+09:00,303.13650704605,307.3094685481667,298.06933755854675,299.2615966796875,147600,0.0,0.0
2021-10-26 00:00:00+09:00,301.05003200544684,321.91489543558964,298.6654863207971,309.6940612792969,89400,0.0,0.0
2021-10-27 00:00:00+09:00,327.57816657675465,385.40360111206485,315.95346399100794,335.62603759765625,1031400,0.0,0.0
2021-10-28 00:00:00+09:00,329.3666498980787,335.02994951100936,322.21298530148016,333.53961181640625,123000,0.0,0.0
2021-10-29 00:00:00+09:00,338.0106530160602,339.79906916958436,328.1743641716775,328.4724426269531,57000,0.0,0.0
2021-11-01 00:00:00+09:00,328.472448809017,333.83769737056684,326.3859541609481,330.85699462890625,38100,0.0,0.0
2021-11-02 00:00:00+09:00,331.45309246614573,336.5202893697917,327.280130859375,335.3280029296875,42000,0.0,0.0
2021-11-04 00:00:00+09:00,339.2029295023784,355.59672556479325,338.30872145209895,345.76043701171875,159000,0.0,0.0
2021-11-05 00:00:00+09:00,328.1743625255113,331.15506519612154,316.25157913213513,318.33807373046875,186300,0.0,0.0
2021-11-08 00:00:00+09:00,320.42456207533854,324.89560234946384,315.65544335325006,321.6168212890625,40500,0.0,0.0
2021-11-09 00:00:00+09:00,321.6168171429252,355.89480123234483,312.0786071107747,315.35736083984375,281700,0.0,0.0
2021-11-10 00:00:00+09:00,314.7612240984611,316.2515617071184,310.88631356907644,312.3766784667969,30900,0.0,0.0
2021-11-11 00:00:00+09:00,311.18442488960596,311.7805545382499,307.3095139507555,308.5018005371094,45600,0.0,0.0
2021-11-12 00:00:00+09:00,311.7805355891921,316.2515759049504,308.50178178732415,312.67474365234375,10800,0.0,0.0
2021-11-15 00:00:00+09:00,317.1458142101898,317.44389268935237,311.1844356504074,312.0786437988281,25200,0.0,0.0
2021-11-16 00:00:00+09:00,312.37669954648607,313.86703725571374,309.99212646484375,309.99212646484375,15900,0.0,0.0
2021-11-17 00:00:00+09:00,309.9921146320201,309.9921146320201,305.81915283203125,305.81915283203125,20400,0.0,0.0
2021-11-18 00:00:00+09:00,307.309486273476,307.309486273476,299.5596923828125,299.5596923828125,58800,0.0,0.0
2021-11-19 00:00:00+09:00,299.8577524348891,304.92492190389805,299.26159558743257,303.7326354980469,22500,0.0,0.0
2021-11-22 00:00:00+09:00,302.8384371197737,308.20368518265786,299.8577619442133,306.1172180175781,45900,0.0,0.0
2021-11-24 00:00:00+09:00,305.5210498208806,307.30946577551805,302.5403747558594,302.5403747558594,19200,0.0,0.0
2021-11-25 00:00:00+09:00,302.54037748547967,303.73263660662036,291.8098816608407,299.2615966796875,45300,0.0,0.0
2021-11-26 00:00:00+09:00,299.26163430318786,301.64620742338457,295.0886722764418,296.5790100097656,35100,0.0,0.0
2021-11-29 00:00:00+09:00,292.10801392330313,296.87713359957246,280.4833068847656,280.4833068847656,63900,0.0,0.0
2021-11-30 00:00:00+09:00,283.76201382865713,287.93497539013094,274.521855418541,275.7141418457031,161700,0.0,0.0
2021-12-01 00:00:00+09:00,276.0122149780388,282.8678283691406,275.71416381429674,282.8678283691406,21300,0.0,0.0
2021-12-02 00:00:00+09:00,281.3774462166401,282.8678111006252,277.80061415757666,282.5697326660156,25500,0.0,0.0
2021-12-03 00:00:00+09:00,283.7619917593241,292.7040710449219,283.7619917593241,292.7040710449219,12300,0.0,0.0
2021-12-06 00:00:00+09:00,290.6176225210654,291.511830590361,287.93499831317865,288.5311279296875,10800,0.0,0.0
2021-12-07 00:00:00+09:00,290.61761474609375,292.1079523920268,287.6369121651638,290.61761474609375,11400,0.0,0.0
2021-12-08 00:00:00+09:00,292.7041071158472,296.5789904244144,292.4060286732406,294.4925231933594,11100,0.0,0.0
2021-12-09 00:00:00+09:00,293.59836021593105,293.59836021593105,288.2331111599388,289.1273193359375,14100,0.0,0.0
2021-12-10 00:00:00+09:00,291.21370713758057,291.21370713758057,287.93495381983655,288.2330322265625,3300,0.0,0.0
2021-12-13 00:00:00+09:00,290.9156693779597,291.213720509311,286.7426806484257,287.9349670410156,12600,0.0,0.0
2021-12-14 00:00:00+09:00,287.9349942064287,287.9349942064287,272.73345724521977,276.6083679199219,65100,0.0,0.0
2021-12-15 00:00:00+09:00,275.1179974425494,279.29098648200244,273.03153021188655,274.8199462890625,63300,0.0,0.0
2021-12-16 00:00:00+09:00,277.2045524574321,280.7813853923667,277.2045524574321,280.4833068847656,12600,0.0,0.0
2021-12-17 00:00:00+09:00,278.0986822359677,280.48322775685676,271.243096807748,279.5890197753906,31200,0.0,0.0
2021-12-20 00:00:00+09:00,276.0122033648249,276.0122033648249,261.704874857118,264.6855773925781,50400,0.0,0.0
2021-12-21 00:00:00+09:00,268.2624214075066,269.75275909674895,268.2624214075066,268.8585510253906,132600,0.0,0.0
2021-12-22 00:00:00+09:00,269.1566141401195,274.2237838260265,268.56048455620777,273.0315246582031,19200,0.0,0.0
2021-12-23 00:00:00+09:00,273.0315194330262,276.9064025878906,268.2624009858131,276.9064025878906,25800,0.0,0.0
2021-12-24 00:00:00+09:00,276.3102798896551,276.60835832785375,272.73344778752363,274.2237854003906,16800,0.0,0.0
2021-12-27 00:00:00+09:00,274.2237930306727,274.2237930306727,264.68558292260906,266.4739990234375,85800,0.0,0.0
2021-12-28 00:00:00+09:00,266.7720726803136,269.45469678339254,265.2817077636719,265.2817077636719,25800,0.0,0.0
2021-12-29 00:00:00+09:00,267.3682050393751,279.29098805052905,267.3682050393751,276.01220703125,24900,0.0,0.0
2021-12-30 00:00:00+09:00,273.92573425125516,275.7141503023209,270.94503173645785,274.2237854003906,23400,0.0,0.0
2022-01-04 00:00:00+09:00,276.3102532042482,279.8870849609375,276.0121747948372,279.8870849609375,10200,0.0,0.0
2022-01-05 00:00:00+09:00,279.8870981989,280.48322775685676,278.3967606594771,279.5890197753906,10800,0.0,0.0
2022-01-06 00:00:00+09:00,276.6083575355565,276.6083575355565,272.1373174206987,273.6276550292969,11700,0.0,0.0
2022-01-07 00:00:00+09:00,273.031537923626,274.2237971493761,272.4353810216865,272.73345947265625,3300,0.0,0.0
2022-01-11 00:00:00+09:00,273.62766342675127,274.52187147716546,266.17592057694475,266.4739990234375,21300,0.0,0.0
2022-01-12 00:00:00+09:00,269.1565914342899,276.608333405347,269.1565914342899,270.94500732421875,15900,0.0,0.0
2022-01-13 00:00:00+09:00,272.43539619106906,284.65625860345625,272.43539619106906,283.1658935546875,41700,0.0,0.0
2022-01-14 00:00:00+09:00,280.4833068847656,280.4833068847656,277.2045524574321,280.4833068847656,26100,0.0,0.0
2022-01-17 00:00:00+09:00,281.6755533664026,287.33888046695006,281.37747490140566,287.0408020019531,24000,0.0,0.0
2022-01-18 00:00:00+09:00,287.0407910271774,287.0407910271774,282.5697506684986,283.4639587402344,9300,0.0,0.0
2022-01-19 00:00:00+09:00,280.78132783006504,280.78132783006504,265.28171252653055,266.4739990234375,48300,0.0,0.0
2022-01-20 00:00:00+09:00,266.47400526478987,269.4547079323393,266.47400526478987,268.8585510253906,21000,0.0,0.0
2022-01-21 00:00:00+09:00,264.3874925548027,264.3874925548027,257.53190690710215,262.301025390625,150000,0.0,0.0
2022-01-24 00:00:00+09:00,262.3010573510347,265.28173288849075,257.83001675578447,263.4933166503906,9600,0.0,0.0
2022-01-25 00:00:00+09:00,264.38750172351405,265.8778666513972,254.25316211703995,255.74349975585938,21900,0.0,0.0
2022-01-26 00:00:00+09:00,259.916461517992,259.916461517992,253.95508367365056,255.74349975585938,15900,0.0,0.0
2022-01-27 00:00:00+09:00,254.25314634037628,257.8299782828479,244.4168584985794,245.90719604492188,10800,0.0,0.0
2022-01-28 00:00:00+09:00,251.86860198183766,251.86860198183766,242.03231302848812,245.0130157470703,26700,0.0,0.0
2022-01-31 00:00:00+09:00,244.41690731975106,250.37828598494144,244.41690731975106,247.3975830078125,8400,0.0,0.0
2022-02-01 00:00:00+09:00,248.88793108359928,259.61842831897746,248.88793108359928,251.8686065673828,8700,0.0,0.0
2022-02-02 00:00:00+09:00,255.14737638605925,255.14737638605925,251.57054413433443,252.46475219726562,10500,0.0,0.0
2022-02-03 00:00:00+09:00,252.16667838261046,259.3203430175781,250.37826222386852,259.3203430175781,11100,0.0,0.0
2022-02-04 00:00:00+09:00,254.8492785186491,259.9164480595079,254.8492785186491,256.04156494140625,12600,0.0,0.0
2022-02-07 00:00:00+09:00,255.1473682336383,265.2817077636719,255.1473682336383,265.2817077636719,21600,0.0,0.0
2022-02-08 00:00:00+09:00,263.4933166503906,263.4933166503906,262.5991085313406,263.4933166503906,9300,0.0,0.0
2022-02-09 00:00:00+09:00,263.7913605812371,274.22377817453633,263.7913605812371,271.24310302734375,35100,0.0,0.0
2022-02-10 00:00:00+09:00,269.7527471427032,269.7527471427032,260.2145372339197,264.6855773925781,57000,0.0,0.0
2022-02-14 00:00:00+09:00,259.02226530672795,262.59909763450355,254.2531737290705,259.9164733886719,12900,0.0,0.0
2022-02-15 00:00:00+09:00,259.32036754066957,262.5991217120693,255.44545640060255,256.9358215332031,5700,0.0,0.0
2022-02-16 00:00:00+09:00,261.406856418023,261.406856418023,258.7242319871279,260.8106994628906,2700,0.0,0.0
2022-02-17 00:00:00+09:00,260.81068147061575,265.8778787943412,254.55122489700847,259.9164733886719,41700,0.0,0.0
2022-02-18 00:00:00+09:00,256.637742444587,263.19527806101354,254.8493261209313,262.59912109375,17700,0.0,0.0
2022-02-21 00:00:00+09:00,258.12803771767943,262.00294820962546,257.8299865722656,257.8299865722656,20100,0.0,0.0
2022-02-22 00:00:00+09:00,254.5512138946372,254.5512138946372,248.29175759158,250.67633056640625,53700,0.0,0.0
2022-02-24 00:00:00+09:00,250.37828598494144,250.97441566474023,247.3975830078125,247.3975830078125,9600,0.0,0.0
2022-02-25 00:00:00+09:00,253.35898283903964,253.35898283903964,247.9937339833122,249.7821502685547,9600,0.0,0.0
2022-02-28 00:00:00+09:00,256.04157054353095,257.8299865722656,250.37824402285028,257.8299865722656,18000,0.0,0.0
2022-03-01 00:00:00+09:00,256.3396527449436,261.1087718290441,256.04160156342033,258.4261474609375,7500,0.0,0.0
2022-03-02 00:00:00+09:00,256.04157897172826,256.3396301269531,251.86858990794195,256.3396301269531,10200,0.0,0.0
2022-03-03 00:00:00+09:00,258.4261677684748,265.87791180625175,258.4261677684748,264.98370361328125,36000,0.0,0.0
2022-03-04 00:00:00+09:00,261.7048847729261,261.7048847729261,245.90721804345876,253.06088256835938,33900,0.0,0.0
2022-03-07 00:00:00+09:00,252.46475889899318,252.46475889899318,238.45548068181557,245.0130157470703,36000,0.0,0.0
2022-03-08 00:00:00+09:00,242.03228421727198,243.8207001777175,234.28249081836205,235.4747772216797,21000,0.0,0.0
2022-03-09 00:00:00+09:00,233.98442478727634,238.75354336406147,231.8979575822968,234.58058166503906,38700,0.0,0.0
2022-03-10 00:00:00+09:00,270.3489343060466,279.291015625,251.57056353624446,279.291015625,501000,0.0,0.0
2022-03-11 00:00:00+09:00,268.2623834893255,270.94500732421875,263.19521423088077,270.94500732421875,183300,0.0,0.0
2022-03-14 00:00:00+09:00,266.47399084552444,275.41607107524,265.57978282255283,273.6276550292969,45900,0.0,0.0
2022-03-15 00:00:00+09:00,269.15660572480397,270.6469432825186,264.68556576259795,266.1759033203125,37500,0.0,0.0
2022-03-16 00:00:00+09:00,266.4740169869617,272.73347376182323,261.7048979669024,267.36822509765625,24000,0.0,0.0
2022-03-17 00:00:00+09:00,267.3681531686588,267.3681531686588,262.300984334279,264.387451171875,40500,0.0,0.0
2022-03-18 00:00:00+09:00,264.6855885292242,282.8678283691406,264.6855885292242,282.8678283691406,66600,0.0,0.0
2022-03-22 00:00:00+09:00,284.6562218267631,284.6562218267631,275.7141418457031,275.7141418457031,60900,0.0,0.0
2022-03-23 00:00:00+09:00,278.69484305542255,280.7813376759085,273.62767302174524,274.5218811035156,12900,0.0,0.0
2022-03-24 00:00:00+09:00,274.52187727374485,288.5311279296875,274.52187727374485,288.5311279296875,45900,0.0,0.0
2022-03-25 00:00:00+09:00,288.531125526156,333.2415286184873,286.1465797909198,332.3473205566406,648300,0.0,0.0
2022-03-28 00:00:00+09:00,318.9342057589948,351.7218535162734,308.79986572265625,308.79986572265625,413400,0.0,0.0
2022-03-29 00:00:00+09:00,309.39596876075575,310.5882551933749,296.87705672997373,301.0500183105469,135000,0.0,0.0
2022-03-30 00:00:00+09:00,301.6533420382612,311.30623948317304,288.3805769821715,294.11199951171875,74700,4.0,0.0
2022-03-31 00:00:00+09:00,292.90538517873665,297.12855036813835,286.8723275588334,295.0169677734375,69300,0.0,0.0
2022-04-01 00:00:00+09:00,294.4136852033227,305.87650354667943,288.6822622230495,300.14508056640625,50100,0.0,0.0
2022-04-04 00:00:00+09:00,300.14504258868084,307.0830873230241,300.14504258868084,305.87646484375,24900,0.0,0.0
2022-04-05 00:00:00+09:00,307.384722229953,308.5913447092271,301.65332759206996,305.87646484375,25800,0.0,0.0
2022-04-06 00:00:00+09:00,301.95504319774653,305.87654659053584,296.525282015666,301.35174560546875,21300,0.0,0.0
2022-04-07 00:00:00+09:00,298.03347669003864,298.03347669003864,286.87229511900716,291.3970947265625,33000,0.0,0.0
2022-04-08 00:00:00+09:00,291.3971602194655,297.12858354959536,289.888902550354,292.0004577636719,18000,0.0,0.0
2022-04-11 00:00:00+09:00,292.3020877019028,301.65335048736284,289.5872076303681,295.0169677734375,32700,0.0,0.0
2022-04-12 00:00:00+09:00,296.2236067865544,299.2401219553473,296.2236067865544,296.826904296875,9300,0.0,0.0
2022-04-13 00:00:00+09:00,340.566632631087,342.07489013671875,329.10378721328306,342.07489013671875,440100,0.0,0.0
2022-04-14 00:00:00+09:00,423.52126219681617,432.57086181640625,401.8022231097999,432.57086181640625,604500,0.0,0.0
2022-04-15 00:00:00+09:00,396.3724879523737,429.5543460790349,389.4344703522396,422.0130310058594,1836900,0.0,0.0
2022-04-18 00:00:00+09:00,440.11227666514736,441.92219688773577,405.7237924359674,416.88494873046875,566700,0.0,0.0
2022-04-19 00:00:00+09:00,407.8353082392007,409.64522828703326,387.9261877130429,402.4055480957031,317400,0.0,0.0
2022-04-20 00:00:00+09:00,393.3559548859038,425.632881393839,393.3559548859038,396.37249755859375,293700,0.0,0.0
2022-04-21 00:00:00+09:00,398.182429017979,418.9965105348279,393.65762868822924,414.4717102050781,230100,0.0,0.0
2022-04-22 00:00:00+09:00,409.04193719161185,437.3973609224237,406.32705707750824,429.85601806640625,349800,0.0,0.0
2022-04-25 00:00:00+09:00,411.7568251665901,431.0626488856251,403.31052211128923,430.760986328125,182100,0.0,0.0
2022-04-26 00:00:00+09:00,433.777494732824,437.09567213404773,407.83529012155367,410.24853515625,168900,0.0,0.0
2022-04-27 00:00:00+09:00,407.2319860043733,425.0295228536504,393.0542890306906,416.2815856933594,148200,0.0,0.0
2022-04-28 00:00:00+09:00,421.10808956037243,421.7113870600218,412.6617864793347,420.8064270019531,60600,0.0,0.0
2022-05-02 00:00:00+09:00,417.1866014624698,472.99249208691396,413.26509853366514,469.9759216308594,369000,0.0,0.0
2022-05-06 00:00:00+09:00,465.149419441077,475.1039790011001,445.24030032103093,472.38909912109375,278400,0.0,0.0
2022-05-09 00:00:00+09:00,468.16595123494363,479.025471149422,446.44693902317414,447.6535339355469,270300,0.0,0.0
2022-05-10 00:00:00+09:00,440.41386057719393,461.2279407244691,425.6328655507324,458.21142578125,155700,0.0,0.0
2022-05-11 00:00:00+09:00,449.1618416078199,460.6246595554009,439.81057867175804,453.3849792480469,125700,0.0,0.0
2022-05-12 00:00:00+09:00,449.46349197928606,459.4180527437864,431.6659531515153,441.6205139160156,208500,0.0,0.0
2022-05-13 00:00:00+09:00,368.3187212599922,386.41792132190824,351.1244812011719,351.1244812011719,899400,0.0,0.0
2022-05-16 00:00:00+09:00,352.9343928847202,359.8724102057849,335.74015323136206,350.2195129394531,293400,0.0,0.0
2022-05-17 00:00:00+09:00,344.1864921830634,364.698911410689,342.97986954007723,354.44268798828125,135900,0.0,0.0
2022-05-18 00:00:00+09:00,356.55427070920956,365.6038714886311,349.6162526507163,354.44268798828125,129300,0.0,0.0
2022-05-19 00:00:00+09:00,346.59967301243034,352.6327303517393,341.1699131218962,350.2195129394531,80100,0.0,0.0
2022-05-20 00:00:00+09:00,352.93442274111936,352.93442274111936,341.471604541582,343.2815246582031,74700,0.0,0.0
2022-05-23 00:00:00+09:00,349.61626278106337,365.00058455185024,340.56666173942403,358.9674987792969,253200,0.0,0.0
2022-05-24 00:00:00+09:00,359.87245233134416,359.87245233134416,344.1864958895538,348.10797119140625,89100,0.0,0.0
2022-05-25 00:00:00+09:00,347.20298563565296,347.20298563565296,336.6451279261362,345.0914306640625,64200,0.0,0.0
2022-05-26 00:00:00+09:00,345.3930827969225,352.02946582279066,341.47160758739136,347.2030029296875,40800,0.0,0.0
2022-05-27 00:00:00+09:00,350.8228232098795,350.8228232098795,338.75670809027685,341.4715881347656,66300,0.0,0.0
2022-05-30 00:00:00+09:00,344.18646006719206,352.6327349284078,339.35999756279216,350.82281494140625,68100,0.0,0.0
2022-05-31 00:00:00+09:00,350.5211891193013,350.5211891193013,339.36000637071294,341.7732238769531,59400,0.0,0.0
2022-06-01 00:00:00+09:00,342.0748868075284,350.822824442556,339.36000675350044,348.40960693359375,49500,0.0,0.0
2022-06-02 00:00:00+09:00,348.1079278293627,350.82280775424647,345.39304790447903,346.59967041015625,33900,0.0,0.0
2022-06-03 00:00:00+09:00,346.2980392706111,355.6493023986114,342.6781990426354,353.5377197265625,68100,0.0,0.0
2022-06-06 00:00:00+09:00,353.83940018602385,364.6989214193545,352.02947998046875,352.02947998046875,73200,0.0,0.0
2022-06-07 00:00:00+09:00,353.2360568792392,358.6658167922393,349.012891868781,357.15753173828125,49200,0.0,0.0
2022-06-08 00:00:00+09:00,357.1575249451218,371.0335869979276,357.1575249451218,369.52532958984375,101100,0.0,0.0
2022-06-09 00:00:00+09:00,367.4137525928113,368.0170500415861,349.6162154906783,350.2195129394531,152100,0.0,0.0
2022-06-10 00:00:00+09:00,350.21954205664787,358.967480068526,344.1864842157515,353.5377197265625,91800,0.0,0.0
2022-06-13 00:00:00+09:00,345.09140206236464,347.20295685894627,330.6120429215268,332.12030029296875,201000,0.0,0.0
2022-06-14 00:00:00+09:00,331.81866455078125,335.1368696998051,326.0872695064457,331.81866455078125,64500,0.0,0.0
2022-06-15 00:00:00+09:00,335.13686201901544,337.5500794762082,318.24425696710347,320.9591369628906,79800,0.0,0.0
2022-06-16 00:00:00+09:00,322.76903003787123,328.80211460341394,321.2607727050781,321.2607727050781,25200,0.0,0.0
2022-06-17 00:00:00+09:00,307.9880766536879,315.2277569854715,303.7649113820217,309.1946716308594,81300,0.0,0.0
2022-06-20 00:00:00+09:00,318.2442904397873,318.2442904397873,291.3971501967486,307.6864318847656,45000,0.0,0.0
2022-06-21 00:00:00+09:00,306.7814600068021,315.5293980382378,302.558322270452,313.1161804199219,160800,0.0,0.0
2022-06-22 00:00:00+09:00,313.7194251385021,314.0210876464844,306.78140839238677,314.0210876464844,18000,0.0,0.0
2022-06-23 00:00:00+09:00,311.6079109684029,319.7525511887245,309.49632837221975,311.9095458984375,52800,0.0,0.0
2022-06-24 00:00:00+09:00,311.9095821047287,318.24430301142087,308.28974158661896,315.8310852050781,33600,0.0,0.0
2022-06-27 00:00:00+09:00,319.7525375094896,322.4674174667857,312.2111950890493,320.3558349609375,45000,0.0,0.0
2022-06-28 00:00:00+09:00,320.3558349609375,323.37237745255106,313.1161550748146,320.3558349609375,18000,0.0,0.0
2022-06-29 00:00:00+09:00,316.7359757697445,316.7359757697445,312.5128386318764,314.9260559082031,11400,0.0,0.0
2022-06-30 00:00:00+09:00,314.62443706936847,317.94264235429495,304.97153900683054,306.17816162109375,38100,0.0,0.0
2022-07-01 00:00:00+09:00,304.97151204777913,310.7029344373931,304.3682146025728,310.099609375,37200,0.0,0.0
2022-07-04 00:00:00+09:00,312.21119298344166,314.02111294276597,305.87647312580657,306.78143310546875,13500,0.0,0.0
2022-07-05 00:00:00+09:00,313.719482421875,317.9426478360141,309.79800718798975,313.719482421875,25200,0.0,0.0
2022-07-06 00:00:00+09:00,313.7194380223022,315.52935791015625,310.4012607669651,315.52935791015625,12300,0.0,0.0
2022-07-07 00:00:00+09:00,321.56244261446017,381.89309633719904,305.87646104733005,315.52935791015625,477000,0.0,0.0
2022-07-08 00:00:00+09:00,313.41781899480645,333.326938769666,311.60789901527374,327.2938537597656,84900,0.0,0.0
2022-07-11 00:00:00+09:00,324.2773261115628,330.6120457906535,322.76904110984566,325.78558349609375,17400,0.0,0.0
2022-07-12 00:00:00+09:00,326.6905859721114,336.3434842004605,324.27736831932157,326.99224853515625,26400,0.0,0.0
2022-07-13 00:00:00+09:00,326.9922004048289,328.5004577636719,326.69053788618606,328.5004577636719,5400,0.0,0.0
2022-07-14 00:00:00+09:00,327.59555690173795,343.28154120773553,327.59555690173795,338.455078125,51900,0.0,0.0
2022-07-15 00:00:00+09:00,338.455041373334,338.7567039136205,327.89718386955633,334.5335388183594,32400,0.0,0.0
2022-07-19 00:00:00+09:00,331.81865546147935,331.81865546147935,317.037660628671,330.612060546875,27000,0.0,0.0
2022-07-20 00:00:00+09:00,332.4219665527344,334.8351838976191,332.4219665527344,332.4219665527344,6900,0.0,0.0
2022-07-21 00:00:00+09:00,332.42198964179727,337.2484246667969,329.10378449277346,331.81866455078125,6000,0.0,0.0
2022-07-22 00:00:00+09:00,331.2153580041772,333.3269405305158,329.10377547783855,330.612060546875,12600,0.0,0.0
2022-07-25 00:00:00+09:00,332.42198758058856,337.550085119299,323.0707248997044,334.835205078125,107400,0.0,0.0
2022-07-26 00:00:00+09:00,334.83520666345373,355.6492870776684,331.81866406435995,348.40960693359375,179100,0.0,0.0
2022-07-27 00:00:00+09:00,346.9013633657537,348.40962091724145,335.1368826594572,339.96331787109375,79500,0.0,0.0
2022-07-28 00:00:00+09:00,345.393096367465,345.393096367465,332.4220199844735,338.455078125,39300,0.0,0.0
2022-07-29 00:00:00+09:00,341.47157047321593,347.8062902493796,338.4550280407425,342.9798278808594,51300,0.0,0.0
2022-08-01 00:00:00+09:00,346.90132547221145,352.3310852050781,340.2649432596457,352.3310852050781,58800,0.0,0.0
2022-08-02 00:00:00+09:00,351.7278077544548,354.44268798828125,348.1079674426862,354.44268798828125,34500,0.0,0.0
2022-08-03 00:00:00+09:00,354.14102958671555,354.14102958671555,338.1533841904253,348.40960693359375,60000,0.0,0.0
2022-08-04 00:00:00+09:00,346.90135896864103,348.10795394766154,340.8682736047834,345.99639892578125,43800,0.0,0.0
2022-08-05 00:00:00+09:00,332.7236232728241,358.3641662597656,332.12032580134843,358.3641662597656,153000,0.0,0.0
2022-08-08 00:00:00+09:00,367.41372790395116,386.11622373110043,361.07900845733127,374.05010986328125,355800,0.0,0.0
2022-08-09 00:00:00+09:00,370.73195034131487,380.08321320526926,358.3641724506824,379.1782531738281,93300,0.0,0.0
2022-08-10 00:00:00+09:00,377.3683303588051,377.3683303588051,366.81047260805315,368.9220275878906,69000,0.0,0.0
2022-08-12 00:00:00+09:00,370.1286259623407,379.7815230571782,365.30216360632875,372.843505859375,63300,0.0,0.0
2022-08-15 00:00:00+09:00,374.6534182470708,392.1493197702955,368.62036113642154,388.52947998046875,127500,0.0,0.0
2022-08-16 00:00:00+09:00,387.624533276832,391.2443731903365,378.57493349307083,380.08319091796875,61200,0.0,0.0
2022-08-17 00:00:00+09:00,381.2898145536742,385.81461445891085,368.92200973456926,376.7650146484375,76500,0.0,0.0
2022-08-18 00:00:00+09:00,371.0336295864449,371.0336295864449,362.8889889369863,364.0956115722656,80100,0.0,0.0
2022-08-19 00:00:00+09:00,364.698911303578,373.7485120803417,359.2691508375197,367.7154541015625,51000,0.0,0.0
2022-08-22 00:00:00+09:00,364.39723458258607,364.69889713582256,359.5707994339351,362.88897705078125,33900,0.0,0.0
2022-08-23 00:00:00+09:00,359.5707702636719,362.8889476113301,357.15752526793267,359.5707702636719,36900,0.0,0.0
2022-08-24 00:00:00+09:00,360.4757978599125,364.09563841543564,360.4757978599125,363.7939758300781,7200,0.0,0.0
2022-08-25 00:00:00+09:00,361.68233115906014,367.7154161320659,358.9674512063636,367.1120910644531,26100,0.0,0.0
2022-08-26 00:00:00+09:00,366.8104701680885,376.46336782978966,365.0005501304453,365.30218505859375,38100,0.0,0.0
2022-08-29 00:00:00+09:00,356.2525857534868,359.5707909088502,350.2195281521168,355.3476257324219,65700,0.0,0.0
2022-08-30 00:00:00+09:00,357.7608420537709,363.1906017428643,353.8393397392526,358.6658020019531,13800,0.0,0.0
2022-08-31 00:00:00+09:00,358.96749199440296,361.3807373046875,358.0625319073438,361.3807373046875,5100,0.0,0.0
2022-09-01 00:00:00+09:00,358.9674733069874,358.9674733069874,352.9344155797301,355.9509582519531,12300,0.0,0.0
2022-09-02 00:00:00+09:00,351.12448573233826,353.8393657766605,348.4096056880161,351.727783203125,22500,0.0,0.0
2022-09-05 00:00:00+09:00,360.77735118414836,360.77735118414836,346.90131727291777,351.4261169433594,37800,0.0,0.0
2022-09-06 00:00:00+09:00,347.80630983829883,355.0459899902344,347.80630983829883,355.0459899902344,7500,0.0,0.0
2022-09-07 00:00:00+09:00,354.1410232418113,354.1410232418113,344.48809814453125,344.48809814453125,15300,0.0,0.0
2022-09-08 00:00:00+09:00,389.1328025771905,434.9841003417969,379.47990505232275,434.9841003417969,6659100,0.0,0.0
2022-09-09 00:00:00+09:00,425.9344727305548,428.34771766856323,388.52947998046875,388.52947998046875,1811400,0.0,0.0
2022-09-12 00:00:00+09:00,395.46755630734737,400.294019289521,371.3352966308594,371.3352966308594,364200,0.0,0.0
2022-09-13 00:00:00+09:00,389.4344819026649,404.2154775594859,366.20715566962235,369.8269958496094,438600,0.0,0.0
2022-09-14 00:00:00+09:00,365.60386410175164,376.1617222586962,359.5708062430961,373.7485046386719,152100,0.0,0.0
2022-09-15 00:00:00+09:00,376.46337768859104,376.46337768859104,360.4757594764558,362.88897705078125,107700,0.0,0.0
2022-09-16 00:00:00+09:00,360.4757975840025,367.1121535192543,355.95099689306187,356.85595703125,92400,0.0,0.0
2022-09-20 00:00:00+09:00,358.967488377992,360.1741110209782,354.44268798828125,354.44268798828125,46200,0.0,0.0
2022-09-21 00:00:00+09:00,359.2691608026892,359.2691608026892,351.426182451014,352.02947998046875,102300,0.0,0.0
2022-09-22 00:00:00+09:00,349.9178374247343,360.4757218983176,349.9178374247343,358.6658020019531,58500,0.0,0.0
2022-09-26 00:00:00+09:00,353.8393624340799,353.8393624340799,347.50464239050297,347.8063049316406,74700,0.0,0.0
2022-09-27 00:00:00+09:00,347.20299471293487,350.8228348927993,346.29803466796875,346.29803466796875,57600,0.0,0.0
2022-09-28 00:00:00+09:00,347.2030224614858,349.31460527422786,338.75674644489953,342.3765869140625,65100,0.0,0.0
2022-09-29 00:00:00+09:00,349.3887355066851,360.6691839152762,345.12047055503103,353.3521423339844,77100,4.0,0.0
2022-09-30 00:00:00+09:00,351.5228609688624,351.5228609688624,339.63266910856254,345.7301940917969,40800,0.0,0.0
2022-10-03 00:00:00+09:00,339.63264165933634,344.5106500867628,335.36434939497,340.5472717285156,45000,0.0,0.0
2022-10-04 00:00:00+09:00,347.25453833939946,357.6203550358408,347.25453833939946,354.87646484375,44100,0.0,0.0
2022-10-05 00:00:00+09:00,357.01064479722766,359.1447632073489,349.08383154955794,358.2301330566406,17400,0.0,0.0
2022-10-06 00:00:00+09:00,354.5715665605511,360.36423273604044,351.8276764635762,353.9618225097656,23700,0.0,0.0
2022-10-07 00:00:00+09:00,352.74232183220624,353.6569519042969,349.0838015438435,353.6569519042969,21000,0.0,0.0
2022-10-11 00:00:00+09:00,353.6569484699853,353.6569484699853,346.94967994798344,350.3033142089844,24300,0.0,0.0
2022-10-12 00:00:00+09:00,350.30334155403926,350.30334155403926,346.3399349999817,346.94970703125,17400,0.0,0.0
2022-10-13 00:00:00+09:00,347.25458081708325,348.16921099299503,335.36438853022975,342.0716857910156,68700,0.0,0.0
2022-10-14 00:00:00+09:00,347.55942401935783,354.87646452502855,346.0350498847746,350.3033142089844,29700,0.0,0.0
2022-10-17 00:00:00+09:00,349.08380768326,359.14473865320133,348.77894959539793,356.4008483886719,21600,0.0,0.0
2022-10-18 00:00:00+09:00,358.53500077446773,360.97400508107984,356.70574056643477,359.1447448730469,16800,0.0,0.0
2022-10-19 00:00:00+09:00,360.66915280749527,360.66915280749527,355.7911162032661,357.9252624511719,6300,0.0,0.0
2022-10-20 00:00:00+09:00,357.9252565601208,359.14474475688456,353.35210604151746,354.57159423828125,13500,0.0,0.0
2022-10-21 00:00:00+09:00,358.5350188805843,359.1447630099556,353.3521240001851,354.2667541503906,14400,0.0,0.0
2022-10-24 00:00:00+09:00,356.7057249718105,358.2300991077629,353.65694878761144,354.87646484375,11100,0.0,0.0
2022-10-25 00:00:00+09:00,355.1813664758306,364.022781513346,355.1813664758306,363.7178955078125,21000,0.0,0.0
2022-10-26 00:00:00+09:00,360.66915306444736,363.1081574121515,346.3399292519081,352.7423400878906,44100,0.0,0.0
2022-10-27 00:00:00+09:00,353.04720126951,353.04720126951,351.5228271484375,351.5228271484375,3900,0.0,0.0
2022-10-28 00:00:00+09:00,351.5228302640276,354.5715785331941,349.08379815394113,350.3033142089844,15900,0.0,0.0
2022-10-31 00:00:00+09:00,354.57157211144647,354.87645809775904,347.5594177246094,347.5594177246094,27300,0.0,0.0
2022-11-01 00:00:00+09:00,347.5594391800947,347.5594391800947,341.4619144634899,345.42529296875,37200,0.0,0.0
2022-11-02 00:00:00+09:00,345.42528751608586,362.1935151124262,345.42528751608586,360.9739990234375,47700,0.0,0.0
2022-11-04 00:00:00+09:00,360.9740053058892,370.7300783630049,355.1813665850409,368.2910461425781,53700,0.0,0.0
2022-11-07 00:00:00+09:00,368.900824216011,370.12031243396865,361.5837832590805,361.8886413574219,13800,0.0,0.0
2022-11-08 00:00:00+09:00,364.63253167883556,364.63253167883556,344.51066904934254,357.31549072265625,23700,0.0,0.0
2022-11-09 00:00:00+09:00,357.31549684264144,361.5837894150494,354.8764924529059,355.4862365722656,7800,0.0,0.0
2022-11-10 00:00:00+09:00,351.82770996846455,357.31549068502096,350.60822175076055,352.7423400878906,14700,0.0,0.0
2022-11-11 00:00:00+09:00,381.09584837599897,381.09584837599897,361.88861714892204,364.63250732421875,122100,0.0,0.0
2022-11-14 00:00:00+09:00,364.63251620736395,364.63251620736395,358.5349916400331,362.1935119628906,13500,0.0,0.0
2022-11-15 00:00:00+09:00,350.91309185097447,364.02279998189204,350.91309185097447,358.2301330566406,40800,0.0,0.0
2022-11-16 00:00:00+09:00,355.1813633902008,365.24229445015044,355.1813633902008,364.9374084472656,21300,0.0,0.0
2022-11-17 00:00:00+09:00,365.5471890405219,373.1691165753265,365.5471890405219,367.68133544921875,27600,0.0,0.0
2022-11-18 00:00:00+09:00,362.4984373934888,365.8520720834881,362.4984373934888,364.32769775390625,7500,0.0,0.0
2022-11-21 00:00:00+09:00,362.4984135836335,416.46159067150376,362.4984135836335,389.3275451660156,667200,0.0,0.0
2022-11-22 00:00:00+09:00,389.3275601249253,401.52263816603374,379.8764004619412,394.2055969238281,201600,0.0,0.0
2022-11-24 00:00:00+09:00,397.2543704723157,398.1690006208227,385.97392266996343,394.8153381347656,78000,0.0,0.0
2022-11-25 00:00:00+09:00,390.547054933848,393.29094524954246,386.27879041353293,391.7665710449219,49200,0.0,0.0
2022-11-28 00:00:00+09:00,393.9007330274797,394.20561906713004,383.5349426269531,383.5349426269531,57600,0.0,0.0
2022-11-29 00:00:00+09:00,379.57151792183,387.19344525648796,372.2544766124935,383.83978271484375,54600,0.0,0.0
2022-11-30 00:00:00+09:00,382.3154263806505,385.3642030402577,381.0959101343479,383.5349426269531,8700,0.0,0.0
2022-12-01 00:00:00+09:00,386.2787904802227,386.583648573822,376.82760342043366,382.010498046875,13500,0.0,0.0
2022-12-02 00:00:00+09:00,379.2665918594792,379.2665918594792,371.64469324171944,373.1690673828125,23400,0.0,0.0
2022-12-05 00:00:00+09:00,375.60808697926706,376.8276030894805,367.68130204361927,368.2910461425781,34500,0.0,0.0
2022-12-06 00:00:00+09:00,368.2910697981717,379.87640380859375,367.0715815219254,379.87640380859375,29100,0.0,0.0
2022-12-07 00:00:00+09:00,378.9617250154924,381.4007291673004,375.9129488915119,380.7909851074219,19500,0.0,0.0
2022-12-08 00:00:00+09:00,380.79101882558314,380.79101882558314,372.25446166992185,374.99835205078125,18000,0.0,0.0
2022-12-09 00:00:00+09:00,377.1325134561503,385.0592989038323,374.3886229651491,383.83978271484375,23400,0.0,0.0
2022-12-12 00:00:00+09:00,380.48612968949163,391.1568051122617,378.65686945059986,389.93731689453125,27000,0.0,0.0
2022-12-13 00:00:00+09:00,389.93733574748916,389.93733574748916,382.9251525511767,383.83978271484375,6600,0.0,0.0
2022-12-14 00:00:00+09:00,385.9738640418419,385.9738640418419,380.18119801041814,380.486083984375,7800,0.0,0.0
2022-12-15 00:00:00+09:00,379.26661667246367,383.53490920644253,378.04712844472374,379.5715026855469,13500,0.0,0.0
2022-12-16 00:00:00+09:00,377.74225165386355,384.7544068276006,377.13250752510726,381.09588623046875,18300,0.0,0.0
2022-12-19 00:00:00+09:00,378.6568194237825,392.0713834326049,378.6568194237825,391.4616394042969,30300,0.0,0.0
2022-12-20 00:00:00+09:00,391.46165259631965,392.9860266746063,371.9495359977013,373.47393798828125,68700,0.0,0.0
2022-12-21 00:00:00+09:00,373.1690702489087,374.9983303971877,366.15691565127094,367.37640380859375,57600,0.0,0.0
2022-12-22 00:00:00+09:00,367.98622409632225,371.6447448730469,367.98622409632225,371.6447448730469,3900,0.0,0.0
2022-12-23 00:00:00+09:00,371.0349243685705,374.6934446677258,366.46177399462636,371.9495544433594,7800,0.0,0.0
2022-12-26 00:00:00+09:00,373.4739933571811,376.52274196574257,368.9008425320413,370.1203308105469,27300,0.0,0.0
2022-12-27 00:00:00+09:00,370.1202940310122,371.33981010062973,367.37640380859375,367.37640380859375,28500,0.0,0.0
2022-12-28 00:00:00+09:00,367.37642820679866,369.81546050801484,366.76668408764294,369.2056884765625,19500,0.0,0.0
2022-12-29 00:00:00+09:00,370.12027641622814,382.31535279513076,370.12027641622814,378.0470886230469,23100,0.0,0.0
2022-12-30 00:00:00+09:00,380.79103415648865,380.79103415648865,375.3032531738281,375.3032531738281,14100,0.0,0.0
2023-01-04 00:00:00+09:00,374.99832751704196,374.99832751704196,367.68128698012407,373.1690673828125,20400,0.0,0.0
2023-01-05 00:00:00+09:00,374.9983611161911,374.9983611161911,372.5593566894531,372.5593566894531,1800,0.0,0.0
2023-01-06 00:00:00+09:00,371.9495575393475,375.9129638671875,371.9495575393475,375.9129638671875,3000,0.0,0.0
2023-01-10 00:00:00+09:00,378.04711953171807,382.010498046875,378.04711953171807,382.010498046875,8400,0.0,0.0
2023-01-11 00:00:00+09:00,381.09588612014346,385.9739228856728,381.09588612014346,385.6690368652344,16200,0.0,0.0
2023-01-12 00:00:00+09:00,385.36417561253694,385.9739197361412,382.01051315197134,382.3153991699219,7200,0.0,0.0
2023-01-13 00:00:00+09:00,381.0958801501644,384.7544006889254,378.35198974609375,378.35198974609375,9300,0.0,0.0
2023-01-16 00:00:00+09:00,378.0471194237253,381.40075383842986,375.9129732076611,377.4373474121094,9000,0.0,0.0
2023-01-17 00:00:00+09:00,380.4861267236211,385.3641632934072,380.4861267236211,381.4007568359375,8400,0.0,0.0
2023-01-18 00:00:00+09:00,389.63243408203124,410.9738130150363,382.9251371802762,388.7178039550781,101100,0.0,0.0
2023-01-19 00:00:00+09:00,384.75438219561784,389.0226745605469,382.6202639254486,389.0226745605469,10500,0.0,0.0
2023-01-20 00:00:00+09:00,388.7178068625713,390.2421811147962,381.400765792217,388.1080627441406,18300,0.0,0.0
2023-01-23 00:00:00+09:00,388.10806848115425,405.48604128012687,388.10806848115425,404.5714111328125,125100,0.0,0.0
2023-01-24 00:00:00+09:00,403.3518645623329,405.1811247190781,397.864084092097,399.3884582519531,29100,0.0,0.0
2023-01-25 00:00:00+09:00,402.437246700275,403.0469908002678,393.29094563890516,395.7299499511719,21000,0.0,0.0
2023-01-26 00:00:00+09:00,395.72996184941286,397.2543640136719,390.2421810475922,397.2543640136719,26400,0.0,0.0
2023-01-27 00:00:00+09:00,399.3884766211232,414.0225585481542,396.64458625980484,407.6201477050781,99300,0.0,0.0
2023-01-30 00:00:00+09:00,408.83966354268324,408.83966354268324,400.91287847533545,408.22991943359375,16500,0.0,0.0
2023-01-31 00:00:00+09:00,408.8396878984373,410.0592041015625,402.13239064969554,410.0592041015625,19800,0.0,0.0
2023-02-01 00:00:00+09:00,409.7542755981964,409.7542755981964,397.864084565213,408.5347595214844,31200,0.0,0.0
2023-02-02 00:00:00+09:00,411.27866175550065,415.5469541923371,392.37631553276816,395.7299499511719,111000,0.0,0.0
2023-02-03 00:00:00+09:00,395.7299680764726,399.6933746886975,390.8519592285156,390.8519592285156,34500,0.0,0.0
2023-02-06 00:00:00+09:00,395.72998635905566,399.3885071201942,392.98609578820174,394.510498046875,26700,0.0,0.0
2023-02-07 00:00:00+09:00,395.4251282601974,402.1323977144767,394.8153561917733,398.473876953125,21000,0.0,0.0
2023-02-08 00:00:00+09:00,398.4738093023799,398.77869528483,393.29091507448834,396.3396911621094,14400,0.0,0.0
2023-02-09 00:00:00+09:00,401.21774583214415,402.13237597303225,396.3397370222722,400.6080017089844,29100,0.0,0.0
2023-02-10 00:00:00+09:00,403.65678129648853,413.71771292469765,397.8641143882692,403.9616394042969,112200,0.0,0.0
2023-02-13 00:00:00+09:00,398.77873849683886,406.70552368885456,398.77873849683886,405.7908935546875,23700,0.0,0.0
2023-02-14 00:00:00+09:00,406.0957701659039,406.0957701659039,396.33972493148235,399.693359375,50100,0.0,0.0
2023-02-15 00:00:00+09:00,398.47384614278644,399.0836181640625,392.07143530546085,399.0836181640625,33300,0.0,0.0
2023-02-16 00:00:00+09:00,403.04698146671404,403.04698146671404,397.2543428701865,398.7787170410156,20100,0.0,0.0
2023-02-17 00:00:00+09:00,400.91285432231325,404.8762326610651,400.91285432231325,401.21771240234375,13800,0.0,0.0
2023-02-20 00:00:00+09:00,404.87626632607413,407.9250427659424,404.87626632607413,405.18115234375,21000,0.0,0.0
2023-02-21 00:00:00+09:00,407.6201383551574,408.2299103629943,405.1811340606964,406.09576416015625,17700,0.0,0.0
2023-02-22 00:00:00+09:00,402.4372468049106,402.4372468049106,395.1202059539122,400.3031005859375,78000,0.0,0.0
2023-02-24 00:00:00+09:00,400.3031005859375,401.2177306923123,398.1689822792601,400.3031005859375,102900,0.0,0.0
2023-02-27 00:00:00+09:00,400.30310030243794,403.3518766256267,399.9982422087261,400.9128723144531,8400,0.0,0.0
2023-02-28 00:00:00+09:00,402.13238818464475,402.4372742116316,396.3397490579788,401.52264404296875,18600,0.0,0.0
2023-03-01 00:00:00+09:00,401.8274935041586,403.9616117619713,397.25434307699555,403.35186767578125,82200,0.0,0.0
2023-03-02 00:00:00+09:00,403.3518949656277,406.4006714274412,399.99826039624077,404.5714111328125,26700,0.0,0.0
2023-03-03 00:00:00+09:00,405.18115234375,406.4006685021567,398.47385534095844,405.18115234375,33600,0.0,0.0
2023-03-06 00:00:00+09:00,406.09577636718745,408.2299226341769,402.437255859375,402.437255859375,25500,0.0,0.0
2023-03-07 00:00:00+09:00,401.8274963728814,404.8762447378923,401.8274963728814,402.74212646484375,10500,0.0,0.0
2023-03-08 00:00:00+09:00,400.30308880634203,408.5347595214844,400.30308880634203,408.5347595214844,17100,0.0,0.0
2023-03-09 00:00:00+09:00,407.0103853598156,411.5835357571169,407.0103853598156,408.5347595214844,21900,0.0,0.0
2023-03-10 00:00:00+09:00,404.2665282108324,408.22993485033174,404.2665282108324,407.925048828125,17100,0.0,0.0
2023-03-13 00:00:00+09:00,403.9616115516705,404.26649755075437,396.64457087201885,398.7787170410156,34200,0.0,0.0
2023-03-14 00:00:00+09:00,397.8640894668223,398.77871955755063,388.10804446981854,389.0226745605469,59400,0.0,0.0
2023-03-15 00:00:00+09:00,391.7665953887599,394.20559985016837,391.1568233391847,393.5958557128906,11400,0.0,0.0
2023-03-16 00:00:00+09:00,384.44956039654323,389.63245542913825,381.40078383556494,387.1934509277344,27300,0.0,0.0
2023-03-17 00:00:00+09:00,393.2909212210669,395.1201813197696,387.1933968628228,393.9006652832031,14400,0.0,0.0
2023-03-20 00:00:00+09:00,392.6812041919384,392.6812041919384,379.87638261950883,381.4007568359375,28500,0.0,0.0
2023-03-22 00:00:00+09:00,384.1446471728867,387.49828161394817,381.4007568359375,381.4007568359375,39300,0.0,0.0
2023-03-23 00:00:00+09:00,381.7056087454883,382.01046681416284,374.3885685006054,378.0470886230469,70200,0.0,0.0
2023-03-24 00:00:00+09:00,382.010522433326,382.010522433326,369.2057001404514,375.3032531738281,61800,0.0,0.0
2023-03-27 00:00:00+09:00,372.86420893795236,379.57150589644624,372.86420893795236,378.35198974609375,11400,0.0,0.0
2023-03-28 00:00:00+09:00,377.7422057216607,381.70561185738217,376.2178316289803,376.82757568359375,5700,0.0,0.0
2023-03-29 00:00:00+09:00,381.0958554496038,384.4495176676329,378.35196522337714,381.70562744140625,6300,0.0,0.0
2023-03-30 00:00:00+09:00,406.5426342411702,409.48385915912,401.96740545314395,404.90863037109375,197400,28.0,0.0
2023-03-31 00:00:00+09:00,408.1766610742535,417.65393123067213,408.1766610742535,416.3467102050781,23700,0.0,0.0
2023-04-03 00:00:00+09:00,422.5559709587609,423.536379244048,418.30752508262105,419.9415588378906,19500,0.0,0.0
2023-04-04 00:00:00+09:00,441.1837577938323,517.9823919818552,429.09204482921626,470.2691955566406,5978700,0.0,0.0
2023-04-05 00:00:00+09:00,480.07327741772554,568.31005859375,459.1579192886084,568.31005859375,6182700,0.0,0.0
2023-04-06 00:00:00+09:00,646.7427228092685,699.0311477632895,551.9698964806901,573.2120971679688,18204600,0.0,0.0
2023-04-07 00:00:00+09:00,579.0945283238592,703.9331665039062,573.2120784644951,703.9331665039062,10187100,0.0,0.0
2023-04-10 00:00:00+09:00,663.409647891066,663.409647891066,588.8986157869426,596.7418823242188,5489400,0.0,0.0
2023-04-11 00:00:00+09:00,605.5655711297934,624.5201124184309,566.6760203733958,575.1729125976562,1723200,0.0,0.0
2023-04-12 00:00:00+09:00,584.9770589032362,596.4151175374022,562.4276646641202,573.5389404296875,489600,0.0,0.0
2023-04-13 00:00:00+09:00,579.0945343823657,599.6831091055385,573.5388672883845,593.1470336914062,399300,0.0,0.0
2023-04-14 00:00:00+09:00,595.1078443557763,617.3304526691716,583.6697274557474,602.2974853515625,429900,0.0,0.0
2023-04-17 00:00:00+09:00,601.9706932473974,617.9840087890625,588.5717599333265,617.9840087890625,243900,0.0,0.0
2023-04-18 00:00:00+09:00,608.8335661979227,617.9840238969512,593.4738159179688,593.4738159179688,199800,0.0,0.0
2023-04-19 00:00:00+09:00,591.5129820772992,625.5004894328567,588.5717572053578,623.5396728515625,268800,0.0,0.0
2023-04-20 00:00:00+09:00,614.3892103837153,651.9715079374091,612.101551164704,632.3633422851562,284100,0.0,0.0
2023-04-21 00:00:00+09:00,653.9324069223744,658.5076660976766,597.3955022195071,605.8923950195312,407700,0.0,0.0
2023-04-24 00:00:00+09:00,599.0294117045491,624.1932421808743,598.0490035020867,614.38916015625,113100,0.0,0.0
2023-04-25 00:00:00+09:00,613.4088434748054,676.4817606306218,613.4088434748054,660.7952270507812,300900,0.0,0.0
2023-04-26 00:00:00+09:00,638.8994079476217,671.2528807926934,638.8994079476217,649.0302734375,195300,0.0,0.0
2023-04-27 00:00:00+09:00,649.6838934409233,671.2528751565343,642.8210356223198,658.8343505859375,142200,0.0,0.0
2023-04-28 00:00:00+09:00,658.8343549668004,669.9456287052991,647.7230812283017,650.3374633789062,90000,0.0,0.0
2023-05-01 00:00:00+09:00,658.5076082232429,701.9723571307857,657.2003572369728,691.5146484375,223500,0.0,0.0
2023-05-02 00:00:00+09:00,678.7693793241209,744.129957698176,670.5993294671309,724.1950073242188,227400,0.0,0.0
2023-05-08 00:00:00+09:00,720.9268961532348,751.3195539942463,692.8218976125278,694.4558715820312,311700,0.0,0.0
2023-05-09 00:00:00+09:00,700.3383444835456,718.9661031268075,650.9911441645213,660.4684448242188,368700,0.0,0.0
2023-05-10 00:00:00+09:00,668.9652267841929,669.9456350598118,637.5921619643872,639.552978515625,192000,0.0,0.0
2023-05-11 00:00:00+09:00,639.5529883340954,645.1086552610178,620.2716651771628,624.1932983398438,171300,0.0,0.0
2023-05-12 00:00:00+09:00,754.9143676757812,754.9143676757812,754.9143676757812,754.9143676757812,41100,0.0,0.0
2023-05-15 00:00:00+09:00,800.6667956858829,843.1511352684557,758.5092389224601,822.5625610351562,1988700,0.0,0.0
2023-05-16 00:00:00+09:00,869.2953552598204,908.8384689873919,841.8439236183458,858.5108642578125,711300,0.0,0.0
2023-05-17 00:00:00+09:00,849.6871993383495,870.9293389302317,809.490459697887,840.5366821289062,317100,0.0,0.0
2023-05-18 00:00:00+09:00,852.9552200440432,856.2232277605893,794.1307221099712,818.9677124023438,210600,0.0,0.0
2023-05-19 00:00:00+09:00,817.0069143427573,891.8447894165662,798.3791562409632,888.903564453125,290700,0.0,0.0
2023-05-22 00:00:00+09:00,880.7334316304002,952.6300798153043,855.8964414396257,927.7930297851562,338100,0.0,0.0
2023-05-23 00:00:00+09:00,915.0476829912332,942.825956723327,875.8313528653322,888.57666015625,260400,0.0,0.0
2023-05-24 00:00:00+09:00,872.2366001909563,945.4403796966049,871.2561918954399,927.4662475585938,178500,0.0,0.0
2023-05-25 00:00:00+09:00,931.0611086221475,933.348708058185,899.3612001432216,910.4725341796875,138600,0.0,0.0
2023-05-26 00:00:00+09:00,915.0477402854149,950.3424396086443,888.9035584574207,898.0540161132812,182700,0.0,0.0
2023-05-29 00:00:00+09:00,882.0407634926786,920.603473349277,870.2758628747964,893.1520385742188,127500,0.0,0.0
2023-05-30 00:00:00+09:00,902.6292551009946,931.7146612358682,892.1715466951069,931.3878784179688,123900,0.0,0.0
2023-05-31 00:00:00+09:00,931.714736767057,942.8260715488777,899.3612604729012,909.8189697265625,106500,0.0,0.0
2023-06-01 00:00:00+09:00,911.4529558395074,919.9497880631984,882.0407062050956,888.903564453125,99600,0.0,0.0
2023-06-02 00:00:00+09:00,888.9034974739624,898.3807373046875,862.4324747975918,898.3807373046875,129900,0.0,0.0
2023-06-05 00:00:00+09:00,911.452903854589,1021.258569720894,902.6292294675256,977.7938232421875,413100,0.0,0.0
2023-06-06 00:00:00+09:00,977.4670371521004,1009.8205097960515,972.2382130348886,983.67626953125,140400,0.0,0.0
2023-06-07 00:00:00+09:00,998.3824892842105,1044.1348991790471,980.408356036664,1027.7947998046875,293700,0.0,0.0
2023-06-08 00:00:00+09:00,1032.6967279554644,1042.5008104370709,996.7484055764503,1009.8204956054688,113700,0.0,0.0
2023-06-09 00:00:00+09:00,1024.5265854126685,1088.2531194335522,1024.5265854126685,1076.8150634765625,169800,0.0,0.0
2023-06-12 00:00:00+09:00,1062.109130859375,1101.3254665258287,1058.841062994251,1062.109130859375,184200,0.0,0.0
2023-06-13 00:00:00+09:00,1062.109022577761,1068.645037962906,1027.7947323679427,1035.9647216796875,118800,0.0,0.0
2023-06-14 00:00:00+09:00,1045.7687821533852,1078.4490977352468,1013.0885862502677,1075.1810302734375,157800,0.0,0.0
2023-06-15 00:00:00+09:00,1081.717236772331,1160.1499036155515,1057.2070283838248,1156.8818359375,238500,0.0,0.0
2023-06-16 00:00:00+09:00,1160.1498986942504,1207.5362215918508,1140.5417320666222,1163.4178466796875,212100,0.0,0.0
2023-06-19 00:00:00+09:00,1192.8301475251837,1299.041094516975,1169.9540319358798,1271.2628173828125,294600,0.0,0.0
2023-06-20 00:00:00+09:00,1248.3866509666348,1276.1648072910793,1233.6805259670753,1256.556640625,144300,0.0,0.0
2023-06-21 00:00:00+09:00,1256.5565537701984,1326.8192259195043,1212.4381818210384,1303.9429931640625,309000,0.0,0.0
2023-06-22 00:00:00+09:00,1303.9430890442757,1457.5403553796314,1303.9430890442757,1346.427490234375,564300,0.0,0.0
2023-06-23 00:00:00+09:00,1344.7933092008452,1372.5715835221852,1215.7062596910782,1284.3348388671875,546000,0.0,0.0
2023-06-26 00:00:00+09:00,1258.1907718497637,1259.8247458944516,1179.7581028446616,1201.000244140625,242700,0.0,0.0
2023-06-27 00:00:00+09:00,1192.8301345596751,1259.8247458944516,1171.5879932637117,1201.000244140625,243300,0.0,0.0
2023-06-28 00:00:00+09:00,1223.87636853353,1295.7728955036243,1202.6341094789045,1284.3348388671875,240900,0.0,0.0
2023-06-29 00:00:00+09:00,1302.3090433149675,1398.715778086102,1290.8708668867853,1367.6695556640625,261000,0.0,0.0
2023-06-30 00:00:00+09:00,1390.5458076748362,1439.5662225202623,1372.5716156719309,1437.93212890625,285300,0.0,0.0
2023-07-03 00:00:00+09:00,1455.9064227502536,1464.0765323555754,1339.8913929412095,1380.7418212890625,372300,0.0,0.0
2023-07-04 00:00:00+09:00,1357.8655173132433,1426.4940994157178,1341.5254186103325,1395.4478759765625,207600,0.0,0.0
2023-07-05 00:00:00+09:00,1426.4940398848885,1454.2723142314608,1375.8396522446628,1390.5457763671875,189900,0.0,0.0
2023-07-06 00:00:00+09:00,1354.5974737084362,1392.1798330378203,1341.5254423859342,1356.2315673828125,139800,0.0,0.0
2023-07-07 00:00:00+09:00,1310.4790655466736,1344.7933563374856,1295.7729409220397,1312.1131591796875,170700,0.0,0.0
2023-07-10 00:00:00+09:00,1315.3810452172195,1343.1593192056273,1284.334823473994,1310.47900390625,144900,0.0,0.0
2023-07-11 00:00:00+09:00,1313.7471545802418,1379.1076696415657,1303.9430713371057,1375.8397216796875,188700,0.0,0.0
2023-07-12 00:00:00+09:00,1395.4477918313742,1424.8600395303113,1313.747063885857,1326.8192138671875,261900,0.0,0.0
2023-07-13 00:00:00+09:00,1287.603084903592,1318.6493113243807,1176.4900918879234,1292.505126953125,398100,0.0,0.0
2023-07-14 00:00:00+09:00,1272.8968693725024,1290.8709425061481,1215.706342917601,1243.484619140625,214200,0.0,0.0
2023-07-18 00:00:00+09:00,1220.608342727714,1225.510384264773,1098.0573043012366,1109.495361328125,638100,0.0,0.0
2023-07-19 00:00:00+09:00,1132.3714738441151,1241.8503498928421,1111.1293360170075,1228.7783203125,507300,0.0,0.0
2023-07-20 00:00:00+09:00,1251.6546698256348,1261.4587537137697,1181.3921085202542,1241.8505859375,332400,0.0,0.0
2023-07-21 00:00:00+09:00,1218.9744131569832,1258.1907468812965,1204.268288010366,1236.948486328125,121500,0.0,0.0
2023-07-24 00:00:00+09:00,1236.9483686214662,1264.7266422590887,1217.3402036252012,1230.412353515625,95100,0.0,0.0
2023-07-25 00:00:00+09:00,1225.5104388693246,1230.412480624802,1184.6601307999317,1223.87646484375,130500,0.0,0.0
2023-07-26 00:00:00+09:00,1202.6341552734375,1223.8764151369367,1201.0001813142255,1202.6341552734375,47100,0.0,0.0
2023-07-27 00:00:00+09:00,1179.7580040902585,1192.8300347110473,1147.0776881807967,1165.0518798828125,155700,0.0,0.0
2023-07-28 00:00:00+09:00,1142.1756591796875,1165.051892532568,1122.5674933568603,1142.1756591796875,129000,0.0,0.0
2023-07-31 00:00:00+09:00,1143.8096898111685,1169.9539919902397,1134.005606413705,1150.3458251953125,95100,0.0,0.0
2023-08-01 00:00:00+09:00,1150.3458519677483,1210.8043277662628,1150.3458519677483,1201.000244140625,144900,0.0,0.0
2023-08-02 00:00:00+09:00,1246.752476420118,1302.3090248227797,1220.6082957874644,1294.138916015625,293100,0.0,0.0
2023-08-03 00:00:00+09:00,1271.2626777532516,1321.91718459182,1251.654512442514,1303.9429931640625,276600,0.0,0.0
2023-08-04 00:00:00+09:00,1495.12283760841,1532.7052001953125,1490.2207955178906,1532.7052001953125,209400,0.0,0.0
2023-08-07 00:00:00+09:00,1588.2614879320583,1761.4669189453125,1555.5811705096753,1761.4669189453125,1179000,0.0,0.0
2023-08-08 00:00:00+09:00,1761.4668460063276,1794.1471620754812,1640.5499039400765,1679.7662353515625,709500,0.0,0.0
2023-08-09 00:00:00+09:00,1745.1267372087248,1875.8478810124057,1669.9621423529495,1696.1063232421875,717000,0.0,0.0
2023-08-10 00:00:00+09:00,1663.4259559474733,1797.415163099619,1634.0137084768182,1790.8790283203125,459900,0.0,0.0
2023-08-14 00:00:00+09:00,1836.6316357588023,1875.8479687666147,1732.0546679521353,1764.7349853515625,274500,0.0,0.0
2023-08-15 00:00:00+09:00,1741.8587512040883,1807.2193860029429,1738.590803239271,1764.7349853515625,137100,0.0,0.0
2023-08-16 00:00:00+09:00,1732.0547129324855,1771.271046958721,1683.034295399691,1692.83837890625,145200,0.0,0.0
2023-08-17 00:00:00+09:00,1692.8383420386358,1751.662841796875,1637.2819099376602,1751.662841796875,185700,0.0,0.0
2023-08-18 00:00:00+09:00,1718.9826488828787,1718.9826488828787,1532.7050657794039,1552.313232421875,551400,0.0,0.0
2023-08-21 00:00:00+09:00,1537.6071038302455,1611.137728566887,1513.0968955846981,1555.5811767578125,264000,0.0,0.0
2023-08-22 00:00:00+09:00,1558.849149925888,1594.79741328074,1460.808322886524,1506.5606689453125,328800,0.0,0.0
2023-08-23 00:00:00+09:00,1514.7308791925234,1549.0451709541665,1480.4165874308806,1542.5091552734375,155400,0.0,0.0
2023-08-24 00:00:00+09:00,1549.0450776752673,1570.2872171175618,1480.416498284591,1490.2205810546875,266700,0.0,0.0
2023-08-25 00:00:00+09:00,1447.7361077458456,1464.0763246382037,1400.349789922728,1405.2518310546875,291000,0.0,0.0
2023-08-28 00:00:00+09:00,1415.0560782409802,1446.1023024688632,1385.6438280212744,1433.0301513671875,175800,0.0,0.0
2023-08-29 00:00:00+09:00,1478.7826075126086,1552.313232421875,1442.8342222155773,1552.313232421875,264600,0.0,0.0
2023-08-30 00:00:00+09:00,1568.6532564252336,1596.4315310673458,1529.4369250146028,1573.5552978515625,223800,0.0,0.0
2023-08-31 00:00:00+09:00,1568.6532621473355,1611.1376612234078,1544.1430549262834,1563.751220703125,159900,0.0,0.0
2023-09-01 00:00:00+09:00,1562.1173680025092,1669.9622881439664,1516.3648978536298,1656.89013671875,264000,0.0,0.0
2023-09-04 00:00:00+09:00,1653.6219756087255,1660.1581107917978,1601.3336122166404,1611.1376953125,167400,0.0,0.0
2023-09-05 00:00:00+09:00,1629.1117862458727,1647.0859786839515,1578.457396238787,1581.7254638671875,118500,0.0,0.0
2023-09-06 00:00:00+09:00,1576.8233610949198,1715.7144945721293,1539.2410037018533,1686.30224609375,441300,0.0,0.0
2023-09-07 00:00:00+09:00,1673.2300801932922,1725.5185613389008,1640.549884196188,1712.4464111328125,204900,0.0,0.0
2023-09-08 00:00:00+09:00,1679.7663214518861,1751.6628529390036,1679.7663214518861,1735.32275390625,172200,0.0,0.0
2023-09-11 00:00:00+09:00,1732.0546342835514,1823.5594494159789,1722.250551222175,1820.2913818359375,233700,0.0,0.0
2023-09-12 00:00:00+09:00,1790.879094564942,1839.8995088292995,1676.4981678410234,1679.7662353515625,281400,0.0,0.0
2023-09-13 00:00:00+09:00,1679.7663601159236,1725.51871026799,1637.2819580383768,1673.230224609375,110100,0.0,0.0
2023-09-14 00:00:00+09:00,1669.9622262836,1777.8071424301609,1669.9622262836,1754.930908203125,150600,0.0,0.0
2023-09-15 00:00:00+09:00,1758.1988827834753,1794.1471463697355,1686.3022359322104,1702.642333984375,127200,0.0,0.0
2023-09-19 00:00:00+09:00,1686.3022303993803,1732.0545766025728,1650.353966931068,1712.4464111328125,76200,0.0,0.0
2023-09-20 00:00:00+09:00,1725.5184997429424,1725.5184997429424,1601.33349609375,1601.33349609375,145200,0.0,0.0
2023-09-21 00:00:00+09:00,1601.3335794803443,1630.745828166644,1544.1430560307351,1560.483154296875,144900,0.0,0.0
2023-09-22 00:00:00+09:00,1537.607166241447,1650.354128747343,1531.0710306581661,1643.8179931640625,177300,0.0,0.0
2023-09-25 00:00:00+09:00,1611.1377482360854,1647.086014208837,1606.2357065271306,1622.5758056640625,53400,0.0,0.0
2023-09-26 00:00:00+09:00,1622.5756347014599,1622.5756347014599,1555.5810318450422,1601.33349609375,93900,0.0,0.0
2023-09-27 00:00:00+09:00,1581.7254724582547,1604.60158694506,1555.5811706465474,1565.38525390625,56700,0.0,0.0
2023-09-28 00:00:00+09:00,1593.3385920314938,1696.9302651976282,1593.3385920314938,1680.4871826171875,148800,10.0,0.0
2023-09-29 00:00:00+09:00,1680.4872535431937,1710.0848756969895,1629.5134906563014,1636.0908203125,75000,0.0,0.0
2023-10-02 00:00:00+09:00,1660.7555229530687,1703.50756400401,1616.3590892542218,1664.0440673828125,81300,0.0,0.0
2023-10-03 00:00:00+09:00,1660.755533432842,1703.5075747535589,1613.0704345703125,1613.0704345703125,147000,0.0,0.0
2023-10-04 00:00:00+09:00,1580.184045407126,1609.781666156269,1512.7673228783183,1537.4320068359375,210600,0.0,0.0
2023-10-05 00:00:00+09:00,1575.2511908951421,1609.7817502394316,1535.7876945016685,1571.962646484375,129000,0.0,0.0
2023-10-06 00:00:00+09:00,1583.4727885397479,1585.1170607407198,1529.2104811443048,1545.653564453125,73200,0.0,0.0
2023-10-10 00:00:00+09:00,1562.0967791511532,1647.6009815629707,1552.2309050100575,1637.735107421875,95100,0.0,0.0
2023-10-11 00:00:00+09:00,1660.75555249882,1719.950798483732,1637.7351389158976,1654.17822265625,124800,0.0,0.0
2023-10-12 00:00:00+09:00,1680.4872091981626,1683.7757535064504,1619.6475738654533,1657.466796875,67800,0.0,0.0
2023-10-13 00:00:00+09:00,1647.600887784091,1647.600887784091,1591.6943109776757,1627.869140625,59100,0.0,0.0
2023-10-16 00:00:00+09:00,1596.627334237347,1626.2249565789268,1575.251193368628,1598.2716064453125,85800,0.0,0.0
2023-10-17 00:00:00+09:00,1616.3590679199917,1683.7757934693518,1596.6273198698314,1609.78173828125,95700,0.0,0.0
2023-10-18 00:00:00+09:00,1614.7146162230172,1650.889566613619,1588.4056599296025,1616.3590087890625,46800,0.0,0.0
2023-10-19 00:00:00+09:00,1616.358970361947,1616.358970361947,1479.8810144413476,1496.3240966796875,343800,0.0,0.0
2023-10-20 00:00:00+09:00,1479.8811349160844,1512.7674225030091,1445.3505751013759,1483.1697998046875,150300,0.0,0.0
2023-10-23 00:00:00+09:00,1466.7265520553804,1466.7265520553804,1374.6451422508117,1387.799560546875,200100,0.0,0.0
2023-10-24 00:00:00+09:00,1410.8199552831147,1494.6798826950483,1348.33604765537,1476.5924072265625,158700,0.0,0.0
2023-10-25 00:00:00+09:00,1484.8140405273436,1562.0967605219482,1476.5924386968015,1479.881103515625,121500,0.0,0.0
2023-10-26 00:00:00+09:00,1443.706252373523,1486.458292264743,1433.840378485852,1438.7733154296875,86400,0.0,0.0
2023-10-27 00:00:00+09:00,1461.793567902835,1488.1026445118293,1428.9074027911338,1486.458251953125,43200,0.0,0.0
2023-10-30 00:00:00+09:00,1463.4380389835985,1530.8547653830096,1460.1493741227612,1507.83447265625,107100,0.0,0.0
2023-10-31 00:00:00+09:00,1511.1228843689773,1539.0762321484942,1483.169657022484,1532.4990234375,76800,0.0,0.0
2023-11-01 00:00:00+09:00,1575.2511569512399,1575.2511569512399,1534.143389238183,1555.5194091796875,46500,0.0,0.0
2023-11-02 00:00:00+09:00,1575.2511737204918,1596.627314322586,1555.5194257388864,1557.163818359375,94500,0.0,0.0
2023-11-06 00:00:00+09:00,1594.9829272436295,1609.78173828125,1555.5194311433086,1609.78173828125,82200,0.0,0.0
2023-11-07 00:00:00+09:00,1555.5194279848245,1555.5194279848245,1437.1289399242535,1453.5721435546875,582000,0.0,0.0
2023-11-08 00:00:00+09:00,1468.37087837597,1493.035562108864,1428.9073844033396,1458.5050048828125,126600,0.0,0.0
2023-11-09 00:00:00+09:00,1435.4846365792412,1473.3038595887876,1415.7528889973958,1450.283447265625,242100,0.0,0.0
2023-11-10 00:00:00+09:00,1680.4871826171875,1680.4871826171875,1680.4871826171875,1680.4871826171875,27300,0.0,0.0
2023-11-13 00:00:00+09:00,2009.349609375,2009.349609375,2009.349609375,2009.349609375,86100,0.0,0.0
2023-11-14 00:00:00+09:00,1976.4635573341013,2334.9237029255078,1930.4227295567962,2295.460205078125,1427100,0.0,0.0
2023-11-15 00:00:00+09:00,2246.130718350877,2364.521205862208,2246.130718350877,2334.923583984375,371400,0.0,0.0
2023-11-16 00:00:00+09:00,2331.634789522968,2331.634789522968,2186.935465937137,2282.305419921875,315000,0.0,0.0
2023-11-17 00:00:00+09:00,2282.305469061005,2282.305469061005,2157.337890625,2157.337890625,343500,0.0,0.0
2023-11-20 00:00:00+09:00,2137.6060448901876,2193.512501848548,2094.8537650207863,2121.162841796875,335100,0.0,0.0
2023-11-21 00:00:00+09:00,2154.048902118803,2216.5329263079866,2006.0609245238304,2058.678955078125,385500,0.0,0.0
2023-11-22 00:00:00+09:00,2052.101743529164,2084.9879091303683,2022.5041222282628,2045.5244140625,143700,0.0,0.0
2023-11-24 00:00:00+09:00,2058.679084447354,2154.049037481165,2058.679084447354,2124.451416015625,174600,0.0,0.0
2023-11-27 00:00:00+09:00,2121.16287651412,2216.5330706305735,2121.16287651412,2150.760498046875,167100,0.0,0.0
2023-11-28 00:00:00+09:00,2137.6061037995446,2193.5125622986066,2078.4108600715517,2101.43115234375,136500,0.0,0.0
2023-11-29 00:00:00+09:00,2081.699374812518,2121.162870069627,2052.101753369686,2098.142578125,93300,0.0,0.0
2023-11-30 00:00:00+09:00,2068.5449291107543,2134.317259751891,2055.3902702896817,2121.162841796875,69000,0.0,0.0
2023-12-01 00:00:00+09:00,2134.317323114738,2134.317323114738,2084.9879532363843,2127.740234375,60900,0.0,0.0
2023-12-04 00:00:00+09:00,2134.317369872948,2318.4804350754307,2124.4514956811377,2288.8828125,282000,0.0,0.0
2023-12-05 00:00:00+09:00,2361.2322554622037,2417.1389509427595,2272.4393960398165,2292.171142578125,282900,0.0,0.0
2023-12-06 00:00:00+09:00,2285.594215391422,2400.695917732889,2255.9965934980055,2361.232421875,205200,0.0,0.0
2023-12-07 00:00:00+09:00,2325.057689643923,2325.057689643923,2203.37841796875,2203.37841796875,178800,0.0,0.0
2023-12-08 00:00:00+09:00,2147.471803453279,2196.8011692227565,2121.1627280875427,2160.626220703125,163500,0.0,0.0
2023-12-11 00:00:00+09:00,2193.512601867285,2219.8216798430026,2147.472016492364,2157.337890625,87000,0.0,0.0
2023-12-12 00:00:00+09:00,2190.2240532769097,2209.9558015046296,2108.008515950099,2131.02880859375,124800,0.0,0.0
2023-12-13 00:00:00+09:00,2147.4720755759513,2203.378536621667,2108.008577959646,2137.606201171875,83700,0.0,0.0
2023-12-14 00:00:00+09:00,2140.894631456973,2163.914923549544,1983.0406494140625,1983.0406494140625,300900,0.0,0.0
2023-12-15 00:00:00+09:00,2002.772198016827,2071.833308293269,1992.9063251201924,2052.1015625,93600,0.0,0.0
2023-12-18 00:00:00+09:00,2038.947322035366,2071.833487581304,1983.0406238278192,2019.2154541015625,147600,0.0,0.0
2023-12-19 00:00:00+09:00,2019.2155002095903,2131.0287787448688,2019.2155002095903,2127.740234375,134700,0.0,0.0
2023-12-20 00:00:00+09:00,2131.028645750831,2252.7076702349577,2098.142481506322,2242.841796875,223500,0.0,0.0
2023-12-21 00:00:00+09:00,2226.39892578125,2272.4395094238125,2163.914898048252,2226.39892578125,113100,0.0,0.0
2023-12-22 00:00:00+09:00,2249.419161874038,2305.3258587590067,2216.532997106084,2272.439453125,183600,0.0,0.0
2023-12-25 00:00:00+09:00,2318.48043854939,2601.30224609375,2269.151067516424,2601.30224609375,481200,0.0,0.0
2023-12-26 00:00:00+09:00,2630.899932036507,2752.5789698911517,2532.2411875959638,2634.1884765625,539400,0.0,0.0
2023-12-27 00:00:00+09:00,2696.6721853581653,2696.6721853581653,2420.427709365073,2469.757080078125,457500,0.0,0.0
2023-12-28 00:00:00+09:00,2473.0456902153064,2568.415639595216,2433.5821964398815,2502.643310546875,320100,0.0,0.0
2023-12-29 00:00:00+09:00,2476.334365082531,2476.334365082531,2334.923585213783,2361.232421875,287700,0.0,0.0
2024-01-04 00:00:00+09:00,2361.23246450941,2492.7776136549282,2338.212171798675,2469.757080078125,158400,0.0,0.0
2024-01-05 00:00:00+09:00,2466.4685111650833,2542.106959129501,2417.1391409417815,2519.08642578125,163500,0.0,0.0
2024-01-09 00:00:00+09:00,2542.106812788483,2591.4361801720493,2492.7774454049163,2555.26123046875,120300,0.0,0.0
2024-01-10 00:00:00+09:00,2489.48875694566,2555.261329631556,2328.3462308611856,2384.2529296875,414600,0.0,0.0
2024-01-11 00:00:00+09:00,2407.273198398134,2450.0252377531306,2361.2323738777895,2433.582275390625,176400,0.0,0.0
2024-01-12 00:00:00+09:00,2453.313907695746,2482.9115275974395,2387.541338736633,2473.045654296875,137400,0.0,0.0
2024-01-15 00:00:00+09:00,2466.468419993179,2532.2409914816826,2459.8910905845114,2509.220458984375,34800,0.0,0.0
2024-01-16 00:00:00+09:00,2466.4684367629716,2653.9200379569575,2459.891107309584,2614.45654296875,274200,0.0,0.0
2024-01-17 00:00:00+09:00,2617.7451758965753,2742.7129945458673,2598.013427734375,2598.013427734375,223500,0.0,0.0
2024-01-18 00:00:00+09:00,2598.0132685791573,2640.765547555616,2489.4886603353107,2555.26123046875,202800,0.0,0.0
2024-01-19 00:00:00+09:00,2571.70458984375,2584.859008325164,2519.086434185962,2571.70458984375,103800,0.0,0.0
2024-01-22 00:00:00+09:00,2693.3835171163496,2923.5871562393177,2693.3835171163496,2897.2783203125,481500,0.0,0.0
2024-01-23 00:00:00+09:00,3009.0913717335666,3012.379915894866,2861.103271484375,2861.103271484375,396600,0.0,0.0
2024-01-24 00:00:00+09:00,2870.9693599029124,2933.453148844642,2838.083193228223,2857.81494140625,136200,0.0,0.0
2024-01-25 00:00:00+09:00,2847.9488539731296,2864.391815645674,2792.042158034752,2861.103271484375,107700,0.0,0.0
2024-01-26 00:00:00+09:00,2959.762325802365,3114.327771994069,2838.0832882525146,2920.298828125,418500,0.0,0.0
2024-01-29 00:00:00+09:00,2933.452965830841,3025.53461216084,2870.969180787383,2890.700927734375,248100,0.0,0.0
2024-01-30 00:00:00+09:00,2893.9895245136768,2897.2783096419594,2801.9081173768323,2844.66015625,142800,0.0,0.0
2024-01-31 00:00:00+09:00,2828.2173326779907,3009.0916115537334,2821.6400029651404,2989.35986328125,202800,0.0,0.0
2024-02-01 00:00:00+09:00,3022.245835668181,3071.5752031756383,2943.31884765625,2943.31884765625,230100,0.0,0.0
2024-02-02 00:00:00+09:00,3009.0915980852806,3012.3801424939525,2864.3920311127094,2884.123779296875,170700,0.0,0.0
2024-02-05 00:00:00+09:00,2893.9895531247753,2943.3189218761413,2821.639892578125,2821.639892578125,172200,0.0,0.0
2024-02-06 00:00:00+09:00,2821.6399611381635,2887.4125346934757,2815.0626315228133,2880.835205078125,145500,0.0,0.0
2024-02-07 00:00:00+09:00,2893.989525318333,3074.8640362461424,2861.1033600887567,3025.53466796875,421800,0.0,0.0
2024-02-08 00:00:00+09:00,3518.828369140625,3518.828369140625,3518.828369140625,3518.828369140625,177300,0.0,0.0
2024-02-09 00:00:00+09:00,3617.4872709061888,3992.3904888429115,3522.117073773947,3587.8896484375,1142100,0.0,0.0
2024-02-13 00:00:00+09:00,3617.4871922849566,3676.6824359358047,3344.5312662729143,3476.076171875,450600,0.0,0.0
2024-02-14 00:00:00+09:00,3502.385110944011,3670.1049613272457,3436.6125403089604,3564.868896484375,220500,0.0,0.0
2024-02-15 00:00:00+09:00,3601.0437764425155,3929.9061414910484,3568.1576121974767,3841.11328125,432600,0.0,0.0
2024-02-16 00:00:00+09:00,3818.093150540848,4005.5447522469876,3785.206984916176,3883.86572265625,341400,0.0,0.0
2024-02-19 00:00:00+09:00,4028.565057729567,4127.224036669543,3926.617775341873,3989.1015625,316800,0.0,0.0
2024-02-20 00:00:00+09:00,3989.1017890338176,4025.2767420039168,3749.03225970953,3778.6298828125,271500,0.0,0.0
2024-02-21 00:00:00+09:00,3702.9913375245533,3818.093282487722,3686.548374577006,3742.454833984375,125700,0.0,0.0
2024-02-22 00:00:00+09:00,3726.0116678082886,3979.235595703125,3686.5481735009316,3979.235595703125,273900,0.0,0.0
2024-02-26 00:00:00+09:00,4035.142436063276,4120.646516184878,3920.0404932951956,4097.62646484375,239100,0.0,0.0
2024-02-27 00:00:00+09:00,4077.894533066498,4163.3986093316435,3834.536240226043,3923.3291015625,250200,0.0,0.0
2024-02-28 00:00:00+09:00,3923.329252768311,4005.5447879967996,3841.1134766737614,3913.46337890625,176100,0.0,0.0
2024-02-29 00:00:00+09:00,3814.8047677886893,4334.407555512724,3801.6501082888963,4291.6552734375,445800,0.0,0.0
2024-03-01 00:00:00+09:00,4331.118564032237,4771.794096378419,4268.634536547795,4761.92822265625,559800,0.0,0.0
2024-03-04 00:00:00+09:00,4791.525913558977,4932.936932878879,4689.578871434228,4821.12353515625,289200,0.0,0.0
2024-03-05 00:00:00+09:00,4771.794061885397,5120.388424792922,4554.744841566622,4913.205078125,463500,0.0,0.0
2024-03-06 00:00:00+09:00,4877.030653402358,4877.030653402358,4587.63151550293,4735.61962890625,348900,0.0,0.0
2024-03-07 00:00:00+09:00,4702.733061392244,4850.721169775903,4571.188397317073,4692.8671875,301200,0.0,0.0
2024-03-08 00:00:00+09:00,4715.887769554093,5228.913217288012,4676.424273574561,5061.193359375,537900,0.0,0.0
2024-03-11 00:00:00+09:00,4830.9895397031705,5140.120423103131,4035.142520247947,4314.67578125,904500,0.0,0.0
2024-03-12 00:00:00+09:00,4216.016608508691,4367.293008574592,4143.666711695379,4268.63427734375,311400,0.0,0.0
2024-03-13 00:00:00+09:00,4465.952055043787,4472.529625411526,4012.122100213441,4015.41064453125,353100,0.0,0.0
2024-03-14 00:00:00+09:00,4058.162845890539,4081.1828965325503,3824.670423091939,3903.597412109375,297000,0.0,0.0
2024-03-15 00:00:00+09:00,3913.463264788097,4291.655004850196,3854.268023341888,4160.10986328125,453600,0.0,0.0
2024-03-18 00:00:00+09:00,4232.459952196073,4410.045684456048,4123.9353380371995,4179.841796875,272400,0.0,0.0
2024-03-19 00:00:00+09:00,4166.687373330361,4209.43917038067,3956.215246205092,4153.53271484375,246000,0.0,0.0
2024-03-21 00:00:00+09:00,4242.325893315882,4350.850509191405,4140.378366309982,4186.41943359375,232800,0.0,0.0
2024-03-22 00:00:00+09:00,4304.8098075063635,4304.8098075063635,4031.8538825308115,4045.00830078125,198900,0.0,0.0
2024-03-25 00:00:00+09:00,4015.410573907029,4081.182904302747,3936.4835847393233,3956.21533203125,138000,0.0,0.0
2024-03-26 00:00:00+09:00,3913.463395678677,4104.2035442073175,3897.0201922160823,4045.00830078125,151500,0.0,0.0
2024-03-27 00:00:00+09:00,4028.565223629397,4045.008427607549,3798.361572265625,3798.361572265625,207000,0.0,0.0
2024-03-28 00:00:00+09:00,3824.900178595464,3851.439029816658,3688.889143139877,3702.158447265625,179700,33.333332,0.0
2024-03-29 00:00:00+09:00,3695.523548908756,3947.6420195710425,3695.523548908756,3904.516357421875,181800,0.0,0.0
2024-04-01 00:00:00+09:00,3970.8632976038757,4100.239796022047,3864.7081409888137,3957.593994140625,202500,0.0,0.0
2024-04-02 00:00:00+09:00,3957.5941452882585,4007.3543388879866,3639.12890625,3639.12890625,192000,0.0,0.0
2024-04-03 00:00:00+09:00,3539.608448124663,3718.745141494183,3483.2134821851027,3698.841064453125,179700,0.0,0.0
2024-04-04 00:00:00+09:00,3715.4276033049755,3715.4276033049755,3526.33887294354,3622.5419921875,154200,0.0,0.0
2024-04-05 00:00:00+09:00,3486.5307059452566,3582.7338248239435,3430.135983645412,3532.9736328125,111000,0.0,0.0
2024-04-08 00:00:00+09:00,3582.7338248239435,3615.90720517501,3473.2614023987676,3532.9736328125,149100,0.0,0.0
2024-04-09 00:00:00+09:00,3532.9736537094514,3629.1767731571636,3479.896196239863,3615.9072265625,87600,0.0,0.0
2024-04-10 00:00:00+09:00,3599.320647181367,3765.187792399338,3556.1949853301558,3725.379638671875,156900,0.0,0.0
2024-04-11 00:00:00+09:00,3672.3021976583445,3748.601240297872,3569.4645477291724,3712.1103515625,110100,0.0,0.0
2024-04-12 00:00:00+09:00,3741.966555477528,3741.966555477528,3503.1176264044943,3542.92578125,158700,0.0,0.0
2024-04-15 00:00:00+09:00,3479.896175656856,3589.368598082032,3469.944137254567,3532.9736328125,90000,0.0,0.0
2024-04-16 00:00:00+09:00,3440.0880568023663,3466.6266641634597,3353.836975454587,3403.59716796875,142500,0.0,0.0
2024-04-17 00:00:00+09:00,3383.692988828665,3526.3387887403715,3304.076683209167,3387.01025390625,202200,0.0,0.0
2024-04-18 00:00:00+09:00,3320.6636700250983,3466.6267427281673,3290.8075538399667,3440.088134765625,110400,0.0,0.0
2024-04-19 00:00:00+09:00,3380.375870676401,3406.9144783899246,3151.478982071525,3267.5859375,246600,0.0,0.0
2024-04-22 00:00:00+09:00,3244.3646789026316,3393.6452622877223,3217.82582753316,3297.442138671875,182100,0.0,0.0
2024-04-23 00:00:00+09:00,3433.453172660257,3433.453172660257,3237.729674098426,3290.807373046875,88500,0.0,0.0
2024-04-24 00:00:00+09:00,3317.346073758602,3396.962381472566,3280.8554280361614,3314.02880859375,84000,0.0,0.0
2024-04-25 00:00:00+09:00,3270.9034546779617,3317.3461397890715,3234.4125652594953,3260.951416015625,82500,0.0,0.0
2024-04-26 00:00:00+09:00,3260.951304059566,3360.4716872661684,3221.1431507769253,3353.8369140625,90300,0.0,0.0
2024-04-30 00:00:00+09:00,3357.154346675004,3436.770657212511,3287.4900749546846,3317.34619140625,116400,0.0,0.0
2024-05-01 00:00:00+09:00,3287.4899946936966,3287.4899946936966,3161.4310014000534,3184.65234375,161400,0.0,0.0
2024-05-02 00:00:00+09:00,3154.796211585744,3221.143216057991,3131.5748693568185,3197.921630859375,57900,0.0,0.0
2024-05-07 00:00:00+09:00,3237.729696388424,3403.5970815472897,3237.729696388424,3373.740966796875,136800,0.0,0.0
2024-05-08 00:00:00+09:00,3373.741108980831,3426.8185675619197,3300.7595730606226,3357.154296875,116700,0.0,0.0
2024-05-09 00:00:00+09:00,3410.2318308218832,3499.800174445875,3337.2500555188426,3393.64501953125,479400,0.0,0.0
2024-05-10 00:00:00+09:00,4388.84912109375,4388.84912109375,4388.84912109375,4388.84912109375,26700,0.0,0.0
2024-05-13 00:00:00+09:00,4687.4101334701445,5112.03028082098,4627.697902470525,4906.35498046875,1173300,0.0,0.0
2024-05-14 00:00:00+09:00,4956.115392326127,4956.115392326127,4631.01561558574,4733.85302734375,377100,0.0,0.0
2024-05-15 00:00:00+09:00,4710.631802331249,5012.509984901222,4700.679763654451,4737.17041015625,344100,0.0,0.0
2024-05-16 00:00:00+09:00,4763.708780392524,4810.15194919417,4319.1845703125,4319.1845703125,375000,0.0,0.0
2024-05-17 00:00:00+09:00,4345.723221572723,4710.631615906941,4239.568308534436,4587.8896484375,387000,0.0,0.0
2024-05-20 00:00:00+09:00,4531.495116742468,4942.845725718872,4531.495116742468,4826.73876953125,314100,0.0,0.0
2024-05-21 00:00:00+09:00,4899.720403569323,4899.720403569323,4767.026396184263,4843.3251953125,126900,0.0,0.0
2024-05-22 00:00:00+09:00,4843.325338718228,5009.192974345561,4687.410227730348,4826.73876953125,250800,0.0,0.0
2024-05-23 00:00:00+09:00,4856.5945731561305,5214.867943306993,4796.882344797654,5194.9638671875,382800,0.0,0.0
2024-05-24 00:00:00+09:00,5155.15601996664,5573.141643207178,5012.50997069047,5340.92724609375,596700,0.0,0.0
2024-05-27 00:00:00+09:00,5374.100842538989,5666.02747003942,5241.4068325952685,5264.62841796875,501000,0.0,0.0
2024-05-28 00:00:00+09:00,5208.233493200184,5347.562028175507,5105.395603024324,5128.6171875,354300,0.0,0.0
2024-05-29 00:00:00+09:00,5191.646487225252,5238.0896566090305,5049.000928810508,5088.80908203125,140400,0.0,0.0
2024-05-30 00:00:00+09:00,4956.114982531363,5072.221931922793,4849.960071257467,4859.912109375,203100,0.0,0.0
2024-05-31 00:00:00+09:00,4859.912109873431,5131.93416115432,4790.247843043556,5065.58740234375,175200,0.0,0.0
2024-06-03 00:00:00+09:00,5108.713352119033,5327.658203125,4929.5766558414225,5327.658203125,320400,0.0,0.0
2024-06-04 00:00:00+09:00,5314.388665834407,5347.562290147752,4793.565145217905,4826.73876953125,510900,0.0,0.0
2024-06-05 00:00:00+09:00,4750.439862181281,4826.738661866735,4611.1113234882205,4713.94873046875,193500,0.0,0.0
2024-06-06 00:00:00+09:00,4836.690943817428,5082.174409987482,4690.727867437855,4720.583984375,341700,0.0,0.0
2024-06-07 00:00:00+09:00,4710.631553977786,5307.753843104292,4667.505893338862,5257.99365234375,570600,0.0,0.0
2024-06-10 00:00:00+09:00,5297.801990554077,5566.507030074751,5214.868174401236,5407.2744140625,387900,0.0,0.0
2024-06-11 00:00:00+09:00,5413.9091796875,5646.123583443113,5327.6583375791415,5413.9091796875,351900,0.0,0.0
2024-06-12 00:00:00+09:00,5413.9089114010985,5457.034573287885,5307.753996686752,5433.81298828125,146400,0.0,0.0
2024-06-13 00:00:00+09:00,5539.968116347157,5566.507210502333,5271.263068116928,5364.14892578125,137400,0.0,0.0
2024-06-14 00:00:00+09:00,5281.215071745244,5981.17529296875,5274.580541220362,5981.17529296875,462300,0.0,0.0
2024-06-17 00:00:00+09:00,6203.437773822402,6203.437773822402,5360.8314854734845,5503.4775390625,484500,0.0,0.0
2024-06-18 00:00:00+09:00,5593.045425049857,5636.171085562057,5311.0708495889085,5579.77587890625,262200,0.0,0.0
2024-06-19 00:00:00+09:00,5705.835665957498,5792.0865057820165,5410.591528129293,5430.49560546875,248100,0.0,0.0
2024-06-20 00:00:00+09:00,5334.292464717742,5443.764884702621,5181.694383971153,5244.72412109375,228900,0.0,0.0
2024-06-21 00:00:00+09:00,5261.310925345469,5500.159852386716,5188.329632709122,5251.35888671875,259800,0.0,0.0
2024-06-24 00:00:00+09:00,5248.041674209918,5616.267090049073,5211.550543275287,5410.59130859375,241500,0.0,0.0
2024-06-25 00:00:00+09:00,5476.938663469564,5652.757847691441,5321.023070236799,5523.38134765625,218700,0.0,0.0
2024-06-26 00:00:00+09:00,5463.668960234027,5533.333227486555,4979.3365975057595,5141.88623046875,551400,0.0,0.0
2024-06-27 00:00:00+09:00,5141.886543649401,5198.281754057833,5025.779586469829,5185.01220703125,180000,0.0,0.0
2024-06-28 00:00:00+09:00,5185.011939083413,5390.687234700023,5112.0301631178045,5204.916015625,350100,0.0,0.0
2024-07-01 00:00:00+09:00,5271.262775608563,5271.262775608563,5032.413857102357,5102.078125,204900,0.0,0.0
2024-07-02 00:00:00+09:00,5108.713122486639,5629.5361328125,5108.713122486639,5629.5361328125,482700,0.0,0.0
2024-07-03 00:00:00+09:00,5705.835511126626,6034.252778315892,5656.075319128253,5755.595703125,396600,0.0,0.0
2024-07-04 00:00:00+09:00,5861.750743483263,6495.36370657721,5709.152656093038,6150.35986328125,646200,0.0,0.0
2024-07-05 00:00:00+09:00,6137.09033203125,6266.466834337429,5871.7027969727305,6137.09033203125,375600,0.0,0.0
2024-07-08 00:00:00+09:00,6462.190509160687,6697.7219255432365,6276.41879945052,6395.84326171875,626700,0.0,0.0
2024-07-09 00:00:00+09:00,6551.759021749692,6584.93216037121,6070.74365234375,6070.74365234375,409500,0.0,0.0
2024-07-10 00:00:00+09:00,6057.474189564508,6103.917361783484,5921.463153070422,6004.39697265625,213600,0.0,0.0
2024-07-11 00:00:00+09:00,6020.9834532482255,6346.08322428128,5944.68465135766,6173.58154296875,292500,0.0,0.0
2024-07-12 00:00:00+09:00,5987.809828767383,6070.74364712872,5865.068341282299,5878.33740234375,210900,0.0,0.0
2024-07-16 00:00:00+09:00,5957.953642749746,6044.204968336825,5845.164195350315,6034.2529296875,134100,0.0,0.0
2024-07-17 00:00:00+09:00,6153.677501079501,6651.279442246593,6097.2822904543,6339.44873046875,495300,0.0,0.0
2024-07-18 00:00:00+09:00,6206.754760744385,6375.9394219196565,5649.440582755255,5722.42236328125,511200,0.0,0.0
2024-07-19 00:00:00+09:00,5722.422259797932,5971.223227615234,5652.757988809088,5904.87646484375,318900,0.0,0.0
2024-07-22 00:00:00+09:00,5772.182583320353,5855.116403106481,5470.303906925523,5606.3154296875,265200,0.0,0.0
2024-07-23 00:00:00+09:00,5805.3557181917895,5994.444442022695,5559.871787855252,5593.04541015625,296100,0.0,0.0
2024-07-24 00:00:00+09:00,5460.351805760422,5490.207922230448,5198.2817740386845,5364.14892578125,352800,0.0,0.0
2024-07-25 00:00:00+09:00,5231.454574079144,5400.639223120998,5141.88623046875,5141.88623046875,247500,0.0,0.0
2024-07-26 00:00:00+09:00,5271.2627431600395,5536.650752715077,5178.377377161206,5334.29248046875,316200,0.0,0.0
2024-07-29 00:00:00+09:00,5453.717138671875,5739.0087491530185,5354.196752929687,5573.1416015625,263100,0.0,0.0
2024-07-30 00:00:00+09:00,5805.355984892054,5888.2893155454985,5586.411136713649,5881.65478515625,265200,0.0,0.0
2024-07-31 00:00:00+09:00,5646.123140944406,5884.972056623286,5576.4588738714,5772.18212890625,241500,0.0,0.0
2024-08-01 00:00:00+09:00,5649.4402610889865,5739.008606023136,5334.292542744916,5384.052734375,215700,0.0,0.0
2024-08-02 00:00:00+09:00,4982.653886957601,5314.388672701539,4816.786737055327,5019.14501953125,356400,0.0,0.0
2024-08-05 00:00:00+09:00,4309.232715560055,4611.111381863148,3692.206322108038,4070.3837890625,505800,0.0,0.0
2024-08-06 00:00:00+09:00,4866.546780238214,5065.587548346116,4591.207213002074,4843.3251953125,382200,0.0,0.0
2024-08-07 00:00:00+09:00,4743.805046601077,5301.119224951838,4664.188735408112,5234.7724609375,361200,0.0,0.0
2024-08-08 00:00:00+09:00,5175.05992952865,5536.650817353712,5105.3956612465345,5384.052734375,421800,0.0,0.0
2024-08-09 00:00:00+09:00,6037.5696293234805,6037.5696293234805,4687.4099533579765,4859.912109375,1030500,0.0,0.0
2024-08-13 00:00:00+09:00,5042.366148086344,5042.366148086344,4717.26637691714,4800.2001953125,360000,0.0,0.0
2024-08-14 00:00:00+09:00,4859.912204943388,5108.713162774289,4680.775515305139,4780.2958984375,479400,0.0,0.0
2024-08-15 00:00:00+09:00,4743.804674530732,5141.8861992728735,4743.804674530732,5065.58740234375,484500,0.0,0.0
2024-08-16 00:00:00+09:00,5271.2631150313255,5271.2631150313255,4939.52880859375,4939.52880859375,413100,0.0,0.0
2024-08-19 00:00:00+09:00,4776.978515625,4893.085470344425,4727.218322753906,4776.978515625,237000,0.0,0.0
2024-08-20 00:00:00+09:00,4810.152047743158,4866.546769941282,4627.69784871717,4650.91943359375,246000,0.0,0.0
2024-08-21 00:00:00+09:00,4455.195515999679,4541.446835958852,4365.627174000092,4385.53125,308100,0.0,0.0
2024-08-22 00:00:00+09:00,4349.040767386091,4425.339566237635,4140.047961630696,4150.0,360300,0.0,0.0
2024-08-23 00:00:00+09:00,4126.778557783652,4236.250983629468,4037.2104523340445,4133.41357421875,319500,0.0,0.0
2024-08-26 00:00:00+09:00,4070.3836930455636,4186.490645374326,4023.9407663322468,4150.0,278700,0.0,0.0
2024-08-27 00:00:00+09:00,4242.885834793599,4461.830677956783,4163.269528188805,4266.10693359375,604500,0.0,0.0
2024-08-28 00:00:00+09:00,4213.029799356063,4213.029799356063,4000.719482421875,4000.719482421875,314100,0.0,0.0
2024-08-29 00:00:00+09:00,3984.1327194462024,4106.874448294885,3891.247106504201,3960.911376953125,219900,0.0,0.0
2024-08-30 00:00:00+09:00,3960.911296695402,4332.454226874428,3957.5940315406624,4329.13671875,370500,0.0,0.0
2024-09-02 00:00:00+09:00,4511.590912696703,4677.4580577285615,4428.657097211085,4534.81201171875,440400,0.0,0.0
2024-09-03 00:00:00+09:00,4577.937595000648,4614.428239937531,4355.675245437495,4395.4833984375,205200,0.0,0.0
2024-09-04 00:00:00+09:00,4189.808433676666,4481.735074012403,4166.586847282187,4219.66455078125,296700,0.0,0.0
2024-09-05 00:00:00+09:00,4120.143870634191,4309.23259899663,4040.5275639552697,4060.431640625,191700,0.0,0.0
2024-09-06 00:00:00+09:00,4100.239796022047,4106.8743262688295,3861.390875865423,3957.593994140625,211200,0.0,0.0
2024-09-09 00:00:00+09:00,3715.4277201993355,3894.5644177566733,3705.47568144615,3824.900146484375,232500,0.0,0.0
2024-09-10 00:00:00+09:00,3858.073780106969,3977.4982454278756,3741.9665800550774,3818.265625,184800,0.0,0.0
2024-09-11 00:00:00+09:00,3818.2654285391754,3848.1215433332186,3615.907155177539,3675.619384765625,203100,0.0,0.0
2024-09-12 00:00:00+09:00,3814.9481268987815,3954.2766701434116,3811.6308616209512,3907.833984375,206400,0.0,0.0
2024-09-13 00:00:00+09:00,3904.5163304454595,3904.5163304454595,3678.936954636293,3725.379638671875,198300,0.0,0.0
2024-09-17 00:00:00+09:00,3728.697262782136,3748.601340265013,3619.224836626314,3632.494140625,99600,0.0,0.0
2024-09-18 00:00:00+09:00,3732.0143846180335,3964.2285320043716,3688.888966052343,3950.959228515625,255000,0.0,0.0
2024-09-19 00:00:00+09:00,4179.856370258067,4272.742229354714,4067.0666761775115,4143.36572265625,290100,0.0,0.0
2024-09-20 00:00:00+09:00,4242.88582011953,4312.55008815779,4156.63449763639,4176.53857421875,196500,0.0,0.0
2024-09-24 00:00:00+09:00,4312.550271057356,4312.550271057356,4070.3838337216657,4133.41357421875,113100,0.0,0.0
2024-09-25 00:00:00+09:00,4057.114367933703,4196.442661392178,4053.7968598484804,4067.06640625,81300,0.0,0.0
2024-09-26 00:00:00+09:00,4080.3357314148684,4173.221584841502,4037.210312804444,4150.0,109500,0.0,0.0
2024-09-27 00:00:00+09:00,4220.0,4550.0,4210.0,4550.0,253700,20.0,3.0
2024-09-30 00:00:00+09:00,4400.0,4400.0,4180.0,4230.0,152200,0.0,0.0
2024-10-01 00:00:00+09:00,4265.0,4605.0,4255.0,4460.0,229700,0.0,0.0
2024-10-02 00:00:00+09:00,4390.0,4465.0,4220.0,4255.0,128800,0.0,0.0
2024-10-03 00:00:00+09:00,4380.0,4380.0,4140.0,4140.0,194000,0.0,0.0
2024-10-04 00:00:00+09:00,4115.0,4140.0,3850.0,3885.0,220500,0.0,0.0
2024-10-07 00:00:00+09:00,3955.0,3970.0,3835.0,3930.0,124700,0.0,0.0
2024-10-08 00:00:00+09:00,3890.0,3900.0,3805.0,3850.0,78100,0.0,0.0
2024-10-09 00:00:00+09:00,3900.0,3900.0,3780.0,3875.0,80600,0.0,0.0
2024-10-10 00:00:00+09:00,3880.0,3880.0,3710.0,3760.0,118200,0.0,0.0
2024-10-11 00:00:00+09:00,3735.0,3780.0,3685.0,3690.0,65400,0.0,0.0
2024-10-15 00:00:00+09:00,3730.0,3870.0,3710.0,3760.0,92700,0.0,0.0
2024-10-16 00:00:00+09:00,3785.0,3990.0,3750.0,3900.0,185800,0.0,0.0
2024-10-17 00:00:00+09:00,3945.0,3950.0,3790.0,3865.0,102900,0.0,0.0
2024-10-18 00:00:00+09:00,3895.0,3965.0,3810.0,3845.0,62900,0.0,0.0
2024-10-21 00:00:00+09:00,3845.0,4115.0,3790.0,4030.0,170200,0.0,0.0
2024-10-22 00:00:00+09:00,4045.0,4045.0,3850.0,3940.0,111300,0.0,0.0
2024-10-23 00:00:00+09:00,3990.0,4045.0,3825.0,3970.0,103900,0.0,0.0
2024-10-24 00:00:00+09:00,3900.0,3995.0,3850.0,3955.0,86000,0.0,0.0
2024-10-25 00:00:00+09:00,3885.0,3940.0,3580.0,3645.0,315800,0.0,0.0
2024-10-28 00:00:00+09:00,3605.0,3765.0,3600.0,3710.0,141000,0.0,0.0
2024-10-29 00:00:00+09:00,3715.0,4015.0,3715.0,3940.0,208700,0.0,0.0
2024-10-30 00:00:00+09:00,3905.0,3985.0,3870.0,3960.0,89400,0.0,0.0
2024-10-31 00:00:00+09:00,3900.0,3900.0,3670.0,3785.0,237500,0.0,0.0
2024-11-01 00:00:00+09:00,3715.0,3755.0,3605.0,3620.0,176800,0.0,0.0
2024-11-05 00:00:00+09:00,3640.0,3660.0,3600.0,3630.0,76200,0.0,0.0
2024-11-06 00:00:00+09:00,3655.0,3855.0,3625.0,3855.0,196700,0.0,0.0
2024-11-07 00:00:00+09:00,3920.0,4180.0,3870.0,4155.0,466200,0.0,0.0
2024-11-08 00:00:00+09:00,3805.0,3890.0,3695.0,3800.0,471200,0.0,0.0
2024-11-11 00:00:00+09:00,3805.0,4010.0,3730.0,3745.0,277400,0.0,0.0
2024-11-12 00:00:00+09:00,3705.0,3770.0,3635.0,3645.0,229300,0.0,0.0
2024-11-13 00:00:00+09:00,3640.0,3640.0,3520.0,3520.0,197100,0.0,0.0
2024-11-14 00:00:00+09:00,3575.0,3660.0,3540.0,3580.0,128600,0.0,0.0
2024-11-15 00:00:00+09:00,3595.0,3770.0,3545.0,3755.0,175000,0.0,0.0
2024-11-18 00:00:00+09:00,3700.0,3780.0,3670.0,3680.0,63500,0.0,0.0
2024-11-19 00:00:00+09:00,3700.0,3825.0,3700.0,3805.0,127600,0.0,0.0
2024-11-20 00:00:00+09:00,3825.0,4110.0,3825.0,4060.0,295700,0.0,0.0
2024-11-21 00:00:00+09:00,4070.0,4080.0,3940.0,4030.0,132300,0.0,0.0
2024-11-22 00:00:00+09:00,4030.0,4070.0,3925.0,4020.0,105100,0.0,0.0
2024-11-25 00:00:00+09:00,4060.0,4200.0,4060.0,4190.0,165900,0.0,0.0
2024-11-26 00:00:00+09:00,4160.0,4215.0,4100.0,4130.0,125400,0.0,0.0
2024-11-27 00:00:00+09:00,4140.0,4180.0,3880.0,3950.0,189600,0.0,0.0
2024-11-28 00:00:00+09:00,3830.0,3970.0,3825.0,3950.0,83000,0.0,0.0
2024-11-29 00:00:00+09:00,3960.0,4090.0,3910.0,4065.0,79700,0.0,0.0
2024-12-02 00:00:00+09:00,4275.0,4545.0,4220.0,4480.0,460800,0.0,0.0
2024-12-03 00:00:00+09:00,4550.0,4560.0,4385.0,4420.0,213200,0.0,0.0
2024-12-04 00:00:00+09:00,4400.0,4455.0,4285.0,4335.0,146500,0.0,0.0
2024-12-05 00:00:00+09:00,4355.0,4430.0,4335.0,4335.0,89000,0.0,0.0
2024-12-06 00:00:00+09:00,4285.0,4300.0,4155.0,4245.0,98500,0.0,0.0
2024-12-09 00:00:00+09:00,4235.0,4280.0,4145.0,4155.0,53100,0.0,0.0
2024-12-10 00:00:00+09:00,4165.0,4200.0,4090.0,4100.0,49800,0.0,0.0
2024-12-11 00:00:00+09:00,4100.0,4185.0,4045.0,4095.0,54900,0.0,0.0
2024-12-12 00:00:00+09:00,4230.0,4270.0,4075.0,4125.0,87000,0.0,0.0
2024-12-13 00:00:00+09:00,4070.0,4095.0,3900.0,3925.0,152300,0.0,0.0
2024-12-16 00:00:00+09:00,3975.0,4170.0,3935.0,4145.0,155100,0.0,0.0
2024-12-17 00:00:00+09:00,4170.0,4210.0,4040.0,4090.0,123700,0.0,0.0
2024-12-18 00:00:00+09:00,4095.0,4150.0,4020.0,4025.0,85500,0.0,0.0
2024-12-19 00:00:00+09:00,3955.0,4070.0,3925.0,3975.0,78200,0.0,0.0
2024-12-20 00:00:00+09:00,4000.0,4140.0,4000.0,4035.0,118000,0.0,0.0
2024-12-23 00:00:00+09:00,4095.0,4095.0,3900.0,3985.0,130300,0.0,0.0
2024-12-24 00:00:00+09:00,3980.0,3985.0,3775.0,3775.0,238800,0.0,0.0
2024-12-25 00:00:00+09:00,3800.0,3840.0,3730.0,3785.0,128000,0.0,0.0
2024-12-26 00:00:00+09:00,3785.0,3905.0,3765.0,3835.0,153300,0.0,0.0
2024-12-27 00:00:00+09:00,3900.0,3915.0,3850.0,3880.0,66000,0.0,0.0
2024-12-30 00:00:00+09:00,3950.0,4010.0,3885.0,4010.0,94700,0.0,0.0
2025-01-06 00:00:00+09:00,4110.0,4300.0,4050.0,4240.0,226200,0.0,0.0
2025-01-07 00:00:00+09:00,4300.0,4360.0,4215.0,4325.0,162200,0.0,0.0
2025-01-08 00:00:00+09:00,4285.0,4310.0,4165.0,4300.0,103900,0.0,0.0
2025-01-09 00:00:00+09:00,4250.0,4875.0,4175.0,4670.0,369100,0.0,0.0
2025-01-10 00:00:00+09:00,4435.0,4455.0,4200.0,4230.0,343600,0.0,0.0
2025-01-14 00:00:00+09:00,4160.0,4210.0,4060.0,4150.0,122300,0.0,0.0
2025-01-15 00:00:00+09:00,4200.0,4250.0,4085.0,4090.0,115200,0.0,0.0
2025-01-16 00:00:00+09:00,4130.0,4190.0,4085.0,4150.0,81700,0.0,0.0
2025-01-17 00:00:00+09:00,4105.0,4155.0,4050.0,4115.0,88800,0.0,0.0
2025-01-20 00:00:00+09:00,4140.0,4180.0,4070.0,4095.0,89100,0.0,0.0
2025-01-21 00:00:00+09:00,4095.0,4095.0,3960.0,4000.0,123300,0.0,0.0
2025-01-22 00:00:00+09:00,3975.0,4140.0,3975.0,4025.0,128100,0.0,0.0
2025-01-23 00:00:00+09:00,4030.0,4045.0,3855.0,3865.0,228700,0.0,0.0
2025-01-24 00:00:00+09:00,3900.0,3940.0,3850.0,3885.0,150000,0.0,0.0
2025-01-27 00:00:00+09:00,3940.0,3940.0,3795.0,3805.0,183300,0.0,0.0
2025-01-28 00:00:00+09:00,3805.0,3865.0,3765.0,3840.0,89100,0.0,0.0
2025-01-29 00:00:00+09:00,4050.0,4185.0,3905.0,4105.0,337200,0.0,0.0
2025-01-30 00:00:00+09:00,4065.0,4200.0,4025.0,4055.0,151400,0.0,0.0
2025-01-31 00:00:00+09:00,4125.0,4225.0,4070.0,4190.0,138000,0.0,0.0
2025-02-03 00:00:00+09:00,4120.0,4220.0,4095.0,4195.0,121300,0.0,0.0
2025-02-04 00:00:00+09:00,4255.0,4270.0,4150.0,4175.0,104800,0.0,0.0
2025-02-05 00:00:00+09:00,4170.0,4200.0,3970.0,3990.0,186800,0.0,0.0
2025-02-06 00:00:00+09:00,4000.0,4095.0,4000.0,4020.0,77400,0.0,0.0
2025-02-07 00:00:00+09:00,4005.0,4090.0,3990.0,4030.0,90300,0.0,0.0
2025-02-10 00:00:00+09:00,4040.0,4160.0,4005.0,4160.0,160200,0.0,0.0
2025-02-12 00:00:00+09:00,4295.0,4405.0,4260.0,4405.0,267400,0.0,0.0
2025-02-13 00:00:00+09:00,4020.0,4060.0,3955.0,4000.0,418000,0.0,0.0
2025-02-14 00:00:00+09:00,3965.0,4000.0,3870.0,3880.0,206100,0.0,0.0
2025-02-17 00:00:00+09:00,3895.0,3915.0,3815.0,3915.0,184500,0.0,0.0
2025-02-18 00:00:00+09:00,3935.0,3935.0,3855.0,3900.0,103200,0.0,0.0
2025-02-19 00:00:00+09:00,3885.0,3885.0,3780.0,3785.0,191600,0.0,0.0
2025-02-20 00:00:00+09:00,3750.0,3765.0,3660.0,3710.0,160300,0.0,0.0
2025-02-21 00:00:00+09:00,3660.0,3730.0,3630.0,3630.0,130900,0.0,0.0
2025-02-25 00:00:00+09:00,3585.0,3670.0,3530.0,3540.0,178700,0.0,0.0
2025-02-26 00:00:00+09:00,3525.0,3555.0,3390.0,3460.0,220400,0.0,0.0
2025-02-27 00:00:00+09:00,3485.0,3500.0,3400.0,3435.0,113100,0.0,0.0
2025-02-28 00:00:00+09:00,3385.0,3410.0,3280.0,3310.0,188700,0.0,0.0
