Date,Open,High,Low,Close,Volume,Dividends,Stock Splits
2001-01-01 00:00:00+09:00,170.09127807617188,170.09127807617188,170.09127807617188,170.09127807617188,0,0.0,0.0
2001-01-02 00:00:00+09:00,170.09127807617188,170.09127807617188,170.09127807617188,170.09127807617188,0,0.0,0.0
2001-01-03 00:00:00+09:00,170.09127807617188,170.09127807617188,170.09127807617188,170.09127807617188,0,0.0,0.0
2001-01-04 00:00:00+09:00,159.5702080721832,161.32373545135533,152.55613708496094,152.55613708496094,2995200,0.0,0.0
2001-01-05 00:00:00+09:00,157.8167185160305,162.72656769992122,154.3096760457329,161.32376098632812,9777600,0.0,0.0
2001-01-08 00:00:00+09:00,161.32376098632812,161.32376098632812,161.32376098632812,161.32376098632812,0,0.0,0.0
2001-01-09 00:00:00+09:00,157.81661053093111,159.57012414466968,150.80254323282816,154.6602783203125,3816000,0.0,0.0
2001-01-10 00:00:00+09:00,154.66033591686838,154.66033591686838,145.54204374930598,149.3997802734375,1641600,0.0,0.0
2001-01-11 00:00:00+09:00,149.92578846693922,149.92578846693922,138.35256970808777,138.70327758789062,3600000,0.0,0.0
2001-01-12 00:00:00+09:00,143.7885002833492,143.7885002833492,141.1582227608297,143.43780517578125,3153600,0.0,0.0
2001-01-15 00:00:00+09:00,142.03499898423243,148.87372115754735,142.03499898423243,144.13922119140625,993600,0.0,0.0
2001-01-16 00:00:00+09:00,145.71735004143218,145.71735004143218,134.14413090456753,140.2814483642578,2073600,0.0,0.0
2001-01-17 00:00:00+09:00,133.26734179412088,138.3525474385646,133.26734179412088,137.4757843017578,1929600,0.0,0.0
2001-01-18 00:00:00+09:00,133.26736759799755,149.04903005735844,133.26736759799755,140.2814483642578,5371200,0.0,0.0
2001-01-19 00:00:00+09:00,143.78847590423814,148.17227959393824,140.2814483642578,140.2814483642578,3182400,0.0,0.0
2001-01-22 00:00:00+09:00,143.78842830133982,149.04898071289062,142.0349151118714,149.04898071289062,3196800,0.0,0.0
2001-01-23 00:00:00+09:00,149.0490354362148,152.55607594590643,147.29552160294412,152.2053680419922,2232000,0.0,0.0
2001-01-24 00:00:00+09:00,151.15323391142218,151.32859425796704,141.8595978978818,144.66522216796875,2419200,0.0,0.0
2001-01-25 00:00:00+09:00,145.542033730551,145.542033730551,141.1582291006933,143.6131591796875,993600,0.0,0.0
2001-01-26 00:00:00+09:00,138.3525474385646,140.28142120228065,135.02086806773445,137.4757843017578,3844800,0.0,0.0
2001-01-29 00:00:00+09:00,136.59904845207356,136.77439596071724,133.26735588580314,133.7934112548828,1814400,0.0,0.0
2001-01-30 00:00:00+09:00,133.61810766601562,133.61810766601562,130.63712198034227,131.51388549804688,3283200,0.0,0.0
2001-01-31 00:00:00+09:00,129.76033085970826,134.84552428515101,129.76033085970826,133.44271850585938,3398400,0.0,0.0
2001-02-01 00:00:00+09:00,134.14417700718136,140.63219174477794,134.14417700718136,138.52796936035156,6825600,0.0,0.0
2001-02-02 00:00:00+09:00,145.542033730551,145.542033730551,142.21034015695471,143.6131591796875,5428800,0.0,0.0
2001-02-05 00:00:00+09:00,140.28145424678175,140.28145424678175,129.76034549935187,132.74131774902344,6696000,0.0,0.0
2001-02-06 00:00:00+09:00,134.49485107059618,134.49485107059618,133.2673797607422,133.2673797607422,2044800,0.0,0.0
2001-02-07 00:00:00+09:00,133.26740150939017,134.1441650390625,133.26740150939017,134.1441650390625,2361600,0.0,0.0
2001-02-08 00:00:00+09:00,134.8455289214242,136.599055470552,133.26736273309874,135.02088928222656,3355200,0.0,0.0
2001-02-09 00:00:00+09:00,135.19624110686243,137.3004627583311,135.19624110686243,135.89764404296875,1785600,0.0,0.0
2001-02-12 00:00:00+09:00,135.89764404296875,135.89764404296875,135.89764404296875,135.89764404296875,0,0.0,0.0
2001-02-13 00:00:00+09:00,136.5990731536161,138.8786425507986,136.5990731536161,137.65118408203125,5155200,0.0,0.0
2001-02-14 00:00:00+09:00,136.77440298820505,137.30045838431354,135.02088928222656,135.02088928222656,3729600,0.0,0.0
2001-02-15 00:00:00+09:00,134.49482911899685,134.49482911899685,131.51384436565897,133.09201049804688,3067200,0.0,0.0
2001-02-16 00:00:00+09:00,134.84551782844517,135.02087817482163,124.49977111816406,124.49977111816406,8136000,0.0,0.0
2001-02-19 00:00:00+09:00,117.48570962853988,119.23923630869365,108.01671179105054,110.12093353271484,12024000,0.0,0.0
2001-02-20 00:00:00+09:00,110.12094222384397,113.62798301778913,105.21109538684179,113.27727508544922,9489600,0.0,0.0
2001-02-21 00:00:00+09:00,115.73222171128613,115.73222171128613,111.52377728542118,112.75123596191406,5040000,0.0,0.0
2001-02-22 00:00:00+09:00,112.22516424105476,112.22516424105476,105.21109548947362,106.08785247802734,10180800,0.0,0.0
2001-02-23 00:00:00+09:00,108.71809822903363,111.34837469551712,105.38641256429672,105.73711395263672,7084800,0.0,0.0
2001-02-26 00:00:00+09:00,106.9646102357897,106.9646102357897,100.827292375503,101.52870178222656,13622400,0.0,0.0
2001-02-27 00:00:00+09:00,103.28220457587965,104.33431529678309,101.5286845671825,102.58079528808594,5198400,0.0,0.0
2001-02-28 00:00:00+09:00,102.7561542433466,102.7561542433466,99.07376654000316,99.95052337646484,4248000,0.0,0.0
2001-03-01 00:00:00+09:00,99.95052931895806,105.91249285745597,99.95052931895806,104.68502807617188,5774400,0.0,0.0
2001-03-02 00:00:00+09:00,107.84135430234936,108.19206217462622,105.91248669112488,107.66600036621094,5371200,0.0,0.0
2001-03-05 00:00:00+09:00,106.0878287658207,107.49064733984665,105.38642590038195,106.96459197998047,4305600,0.0,0.0
2001-03-06 00:00:00+09:00,107.13996347079727,107.13996347079727,105.73715100430026,106.2632064819336,3672000,0.0,0.0
2001-03-07 00:00:00+09:00,106.43853646684788,108.71811183017691,105.5617732539506,106.61388397216797,4233600,0.0,0.0
2001-03-08 00:00:00+09:00,107.8413758100191,115.38150024414062,107.13996634715224,115.38150024414062,9489600,0.0,0.0
2001-03-09 00:00:00+09:00,117.13496022142853,120.11593107697672,115.3814343548356,118.53776550292969,8884800,0.0,0.0
2001-03-12 00:00:00+09:00,117.66104198064399,117.66104198064399,112.92654418945314,112.92654418945312,5889600,0.0,0.0
2001-03-13 00:00:00+09:00,107.66600690203195,109.59487463034756,106.08784064570783,108.01670837402344,4507200,0.0,0.0
2001-03-14 00:00:00+09:00,108.01670837402344,108.01670837402344,108.01670837402344,108.01670837402344,0,0.0,0.0
2001-03-15 00:00:00+09:00,101.87940465910997,108.71813201904297,101.87940465910997,108.71813201904297,5184000,0.0,0.0
2001-03-16 00:00:00+09:00,105.73711395263672,107.84133512582352,105.38641256429672,105.73711395263672,1800000,0.0,0.0
2001-03-19 00:00:00+09:00,105.03570475438332,106.96457844418683,104.33430197770332,105.73711395263672,1612800,0.0,0.0
2001-03-20 00:00:00+09:00,105.73711395263672,105.73711395263672,105.73711395263672,105.73711395263672,0,0.0,0.0
2001-03-21 00:00:00+09:00,105.21108754485947,117.48571014404297,105.21108754485947,117.48571014404297,6192000,0.0,0.0
2001-03-22 00:00:00+09:00,119.23923245507902,130.63709129196718,117.48570583159632,127.83146667480469,11606400,0.0,0.0
2001-03-23 00:00:00+09:00,136.5990604570736,144.66523921080812,135.8976446745577,140.2814483642578,19944000,0.0,0.0
2001-03-26 00:00:00+09:00,140.10608799705395,140.2814483642578,135.37158925924567,140.2814483642578,4348800,0.0,0.0
2001-03-27 00:00:00+09:00,142.03495374085824,144.66523066198525,142.03495374085824,143.78846740722656,2246400,0.0,0.0
2001-03-28 00:00:00+09:00,149.04911876186523,161.32376098632812,146.5942005914986,161.32376098632812,6321600,0.0,0.0
2001-03-29 00:00:00+09:00,159.5701709628778,159.5701709628778,150.8025874786097,157.99200439453125,12456000,0.0,0.0
2001-03-30 00:00:00+09:00,156.2385007796749,157.81666745421708,146.76950073242188,146.76950073242188,3643200,0.0,0.0
2001-04-02 00:00:00+09:00,153.78355486892335,153.78355486892335,142.91174967127733,143.43780517578125,2203200,0.0,0.0
2001-04-03 00:00:00+09:00,146.0680521747171,156.9398551005016,143.96383059641698,147.1201629638672,2937600,0.0,0.0
2001-04-04 00:00:00+09:00,150.27649327806546,150.27649327806546,145.54199479157836,148.17227172851562,1555200,0.0,0.0
2001-04-05 00:00:00+09:00,149.04905436514497,157.81665033126595,149.04905436514497,157.4659423828125,2448000,0.0,0.0
2001-04-06 00:00:00+09:00,157.8165723465238,157.8165723465238,149.04898071289062,149.04898071289062,748800,0.0,0.0
2001-04-09 00:00:00+09:00,152.5561023235168,154.30961645997766,149.92582469724928,150.62722778320312,374400,0.0,0.0
2001-04-10 00:00:00+09:00,152.38069575042377,152.55604324321737,144.66521342029233,144.84056091308594,950400,0.0,0.0
2001-04-11 00:00:00+09:00,150.10113497102617,150.10113497102617,146.41874720900094,147.1201629638672,763200,0.0,0.0
2001-04-12 00:00:00+09:00,149.04898071289062,152.3806724689698,148.17223053972918,149.04898071289062,547200,0.0,0.0
2001-04-13 00:00:00+09:00,149.22441516271803,150.9779292234026,149.22441516271803,150.10116577148438,518400,0.0,0.0
2001-04-16 00:00:00+09:00,146.76949200063987,148.17231102004806,146.76949200063987,147.64625549316406,388800,0.0,0.0
2001-04-17 00:00:00+09:00,147.2955102186889,149.04902391643304,145.892691554604,146.4187469482422,1396800,0.0,0.0
2001-04-18 00:00:00+09:00,146.94483689192052,152.38075246638732,146.94483689192052,151.67933654785156,748800,0.0,0.0
2001-04-19 00:00:00+09:00,154.30954163601504,158.69334411621094,154.30954163601504,158.69334411621094,3988800,0.0,0.0
2001-04-20 00:00:00+09:00,159.57008888892227,166.58416748046875,157.11517294071223,166.58416748046875,3888000,0.0,0.0
2001-04-23 00:00:00+09:00,163.07716264737127,171.84475631806438,162.20039942735738,168.16236877441406,3801600,0.0,0.0
2001-04-24 00:00:00+09:00,165.70743642168895,166.58419962560447,162.55110429937108,164.83067321777344,1699200,0.0,0.0
2001-04-25 00:00:00+09:00,164.83064141100922,168.33768070678246,164.83064141100922,166.58416748046875,1929600,0.0,0.0
2001-04-26 00:00:00+09:00,164.83064141100922,168.33768070678246,164.83064141100922,166.58416748046875,1929600,0.0,0.0
2001-04-27 00:00:00+09:00,171.8447160756555,173.5982292618989,163.25247192382812,163.25247192382812,6220800,0.0,0.0
2001-04-30 00:00:00+09:00,163.25247192382812,163.25247192382812,163.25247192382812,163.25247192382812,0,0.0,0.0
2001-05-01 00:00:00+09:00,166.58416748046875,168.33768070678246,164.83064141100922,166.58416748046875,1944000,0.0,0.0
2001-05-02 00:00:00+09:00,166.75955862369176,168.16237727802175,166.58421110808146,167.28561401367188,1742400,0.0,0.0
2001-05-03 00:00:00+09:00,167.28561401367188,167.28561401367188,167.28561401367188,167.28561401367188,0,0.0,0.0
2001-05-04 00:00:00+09:00,167.28561401367188,167.28561401367188,167.28561401367188,167.28561401367188,0,0.0,0.0
2001-05-07 00:00:00+09:00,172.5461840266743,175.00111369021778,171.14336524134228,174.29969787597656,24000,0.0,0.0
2001-05-08 00:00:00+09:00,174.29968060785862,175.35179138183594,173.4229301916436,175.35179138183594,43200,0.0,0.0
2001-05-09 00:00:00+09:00,175.00114668655124,177.9821195081102,173.59832763671875,173.59832763671875,38400,0.0,0.0
2001-05-10 00:00:00+09:00,168.3377131902872,168.3377131902872,164.83067321777344,164.83067321777344,24000,0.0,0.0
2001-05-11 00:00:00+09:00,164.83067321777344,166.2334917754086,164.83067321777344,164.83067321777344,28800,0.0,0.0
2001-05-14 00:00:00+09:00,168.33777555234872,168.33777555234872,165.0060946922595,165.1814422607422,2592,0.0,0.0
2001-05-15 00:00:00+09:00,166.75960421867316,170.09128498510367,166.75960421867316,166.93495178222656,1094400,0.0,0.0
2001-05-16 00:00:00+09:00,163.42792345224268,166.93495178222656,163.42792345224268,166.93495178222656,1900800,0.0,0.0
2001-05-17 00:00:00+09:00,166.58426951313743,169.3898949623108,166.58426951313743,168.33778381347656,3801600,0.0,0.0
2001-05-18 00:00:00+09:00,169.21449301936713,172.72152049329472,166.9349110338497,172.19546508789062,2664000,0.0,0.0
2001-05-21 00:00:00+09:00,172.89693823494565,181.48917509359097,172.72157781284932,181.31382751464844,3729600,0.0,0.0
2001-05-22 00:00:00+09:00,182.19049102344727,190.9580841064453,182.19049102344727,190.9580841064453,5140800,0.0,0.0
2001-05-23 00:00:00+09:00,190.25673796408353,190.25673796408353,180.61237884662143,182.01519775390625,1872000,0.0,0.0
2001-05-24 00:00:00+09:00,175.0011400926668,176.754654206522,168.86382142944512,172.7215576171875,3729600,0.0,0.0
2001-05-25 00:00:00+09:00,177.98209501592035,177.98209501592035,172.37084527506235,174.47506713867188,2376000,0.0,0.0
2001-05-28 00:00:00+09:00,174.8257622205061,175.35181768640848,173.59830374778423,174.47506713867188,1972800,0.0,0.0
2001-05-29 00:00:00+09:00,165.707505941391,169.9159505367279,163.25257564639324,168.33778381347656,4032000,0.0,0.0
2001-05-30 00:00:00+09:00,163.07719418047972,166.75958243616796,163.07719418047972,166.40887451171875,4003200,0.0,0.0
2001-05-31 00:00:00+09:00,166.23352700510333,166.23352700510333,161.14831989372811,163.0771942138672,3024000,0.0,0.0
2001-06-01 00:00:00+09:00,161.32362046707,162.20037068859216,158.69334411621094,158.69334411621094,2260800,0.0,0.0
2001-06-04 00:00:00+09:00,157.81661728681144,158.69338055278791,155.18634033203125,155.18634033203125,1814400,0.0,0.0
2001-06-05 00:00:00+09:00,154.3095703125,155.1863335401038,152.90676456011226,154.3095703125,3254400,0.0,0.0
2001-06-06 00:00:00+09:00,154.48493066390995,156.2384442759689,154.3095703125,154.3095703125,2332800,0.0,0.0
2001-06-07 00:00:00+09:00,154.3095554176979,155.18631856067174,153.43280511787148,155.01097106933594,2995200,0.0,0.0
2001-06-08 00:00:00+09:00,153.6082000732422,155.53707444653656,153.432852527725,153.6082000732422,5904000,0.0,0.0
2001-06-11 00:00:00+09:00,153.60820452372232,153.60820452372232,150.6272191046543,151.5039825439453,3124800,0.0,0.0
2001-06-12 00:00:00+09:00,151.15323101080557,151.15323101080557,150.10112032431934,150.8025360107422,3139200,0.0,0.0
2001-06-13 00:00:00+09:00,152.5560495405032,152.5560495405032,150.8025360107422,150.8025360107422,2030400,0.0,0.0
2001-06-14 00:00:00+09:00,150.80258818705596,152.73144988421714,150.27653266180243,150.62722778320312,2548800,0.0,0.0
2001-06-15 00:00:00+09:00,148.1722708378709,148.1722708378709,142.56100912508364,143.78846740722656,1252800,0.0,0.0
2001-06-18 00:00:00+09:00,138.5279065299135,140.80748830788903,136.94974045738354,139.93072509765625,1209600,0.0,0.0
2001-06-19 00:00:00+09:00,131.1631243755895,135.02087201582438,125.90257108722163,127.65609741210938,12254400,0.0,0.0
2001-06-20 00:00:00+09:00,127.13005769784192,131.3385008454323,124.85047576413098,130.98779296875,8452800,0.0,0.0
2001-06-21 00:00:00+09:00,140.28145704018274,143.0870818143152,140.28145704018274,142.7363739013672,4852800,0.0,0.0
2001-06-22 00:00:00+09:00,144.4898718918248,150.8025360107422,144.4898718918248,150.8025360107422,4219200,0.0,0.0
2001-06-25 00:00:00+09:00,147.29554791890047,149.0490620654556,143.08710369264617,143.9638671875,4780800,0.0,0.0
2001-06-26 00:00:00+09:00,141.24424867176631,141.595170354073,136.8577854723382,138.26145935058594,2174400,0.104167,0.0
2001-06-27 00:00:00+09:00,138.43694178905452,138.61239624023438,135.10323011074794,138.61239624023438,1166400,0.0,0.0
2001-06-28 00:00:00+09:00,138.2614269301755,138.2614269301755,132.99766718474973,134.92770385742188,835200,0.0,0.0
2001-06-29 00:00:00+09:00,135.9804827278918,143.70066949994904,135.10319783062013,140.36695861816406,1756800,0.0,0.0
2001-07-02 00:00:00+09:00,138.61232679643956,138.61232679643956,135.2786167882981,136.15591430664062,1468800,0.0,0.0
2001-07-03 00:00:00+09:00,136.33141826761178,138.61237722395052,136.33141826761178,137.38417053222656,633600,0.0,0.0
2001-07-04 00:00:00+09:00,137.38417053222656,137.73509223742474,136.8577943999192,137.38417053222656,1267200,0.0,0.0
2001-07-05 00:00:00+09:00,137.73509216308594,139.6651294131848,137.73509216308594,137.73509216308594,403200,0.0,0.0
2001-07-06 00:00:00+09:00,136.85780617061656,137.5596367903953,134.75230146029935,135.45413208007812,1065600,0.0,0.0
2001-07-09 00:00:00+09:00,132.1203724409776,133.87495477672095,128.96211652605382,130.19032287597656,1569600,0.0,0.0
2001-07-10 00:00:00+09:00,131.59400939941406,131.94493104147165,130.7167117197588,131.59400939941406,1108800,0.0,0.0
2001-07-11 00:00:00+09:00,131.59401964991582,133.34860229492188,131.06764357131615,133.34860229492188,2116800,0.0,0.0
2001-07-12 00:00:00+09:00,133.52410620918022,135.62961110156687,133.52410620918022,134.22593688964844,561600,0.0,0.0
2001-07-13 00:00:00+09:00,134.9277279974278,135.62957132303578,134.22589752279808,134.40135192871094,561600,0.0,0.0
2001-07-16 00:00:00+09:00,134.40134306460897,135.98047116661212,134.40134306460897,135.6295623779297,1627200,0.0,0.0
2001-07-17 00:00:00+09:00,135.98052061085804,137.7351165961732,135.98052061085804,136.85781860351562,1800000,0.0,0.0
2001-07-18 00:00:00+09:00,137.73504824197354,140.36692806283307,137.73504824197354,140.01600646972656,1483200,0.0,0.0
2001-07-19 00:00:00+09:00,141.4197085029326,149.1398822999413,141.4197085029326,147.3852996826172,1814400,0.0,0.0
2001-07-20 00:00:00+09:00,147.3852996826172,147.3852996826172,147.3852996826172,147.3852996826172,0,0.0,0.0
2001-07-23 00:00:00+09:00,149.13984257240128,152.47356536355917,147.56071478216063,147.91163635253906,2001600,0.0,0.0
2001-07-24 00:00:00+09:00,147.38528442048602,147.91166043627348,142.99882190591626,147.03436279296875,1569600,0.0,0.0
2001-07-25 00:00:00+09:00,143.87613161563328,145.2798055178227,143.5252227783203,143.5252227783203,532800,0.0,0.0
2001-07-26 00:00:00+09:00,147.3852494993795,147.3852494993795,145.63066747947343,145.80612182617188,547200,0.0,0.0
2001-07-27 00:00:00+09:00,147.20983003221585,147.20983003221585,145.63070198485352,147.03436279296875,432000,0.0,0.0
2001-07-30 00:00:00+09:00,145.27979773621223,145.63071940570796,139.66511527917254,140.36695861816406,979200,0.0,0.0
2001-07-31 00:00:00+09:00,140.54244173490085,145.10437296626085,140.36698728980352,143.70069885253906,288000,0.0,0.0
2001-08-01 00:00:00+09:00,145.80618864914464,152.64907836914062,145.80618864914464,152.64907836914062,1195200,0.0,0.0
2001-08-02 00:00:00+09:00,152.64904212522563,152.64904212522563,147.56073643739253,148.78895568847656,907200,0.0,0.0
2001-08-03 00:00:00+09:00,150.54357161950563,150.54357161950563,146.50801704767719,147.73623657226562,316800,0.0,0.0
2001-08-06 00:00:00+09:00,148.9644100739271,150.19261647403437,148.43803406659873,148.78895568847656,158400,0.0,0.0
2001-08-07 00:00:00+09:00,143.87607905377345,148.61346228561573,143.52517034465703,146.33250427246094,1051200,0.0,0.0
2001-08-08 00:00:00+09:00,146.33254117123073,148.08712371216657,146.33254117123073,147.2098388671875,460800,0.0,0.0
2001-08-09 00:00:00+09:00,147.20980823902312,147.56071696361434,146.50796508789062,146.50796508789062,2260800,0.0,0.0
2001-08-10 00:00:00+09:00,144.75343203228934,144.75343203228934,142.47247314453125,142.47247314453125,532800,0.0,0.0
2001-08-13 00:00:00+09:00,141.41967999117688,141.59513436224228,136.85775068469513,140.01600646972656,921600,0.0,0.0
2001-08-14 00:00:00+09:00,142.47249203489568,143.70069885253906,142.47249203489568,143.70069885253906,446400,0.0,0.0
2001-08-15 00:00:00+09:00,144.22704695247637,144.75342303624453,139.8405838714012,142.64791870117188,374400,0.0,0.0
2001-08-16 00:00:00+09:00,140.36696251489744,142.12154520912827,139.13874306305487,141.24424743652344,547200,0.0,0.0
2001-08-17 00:00:00+09:00,141.24424351543573,141.24424351543573,137.73507822439208,140.36695861816406,2534400,0.0,0.0
2001-08-20 00:00:00+09:00,136.85778299967447,139.84058511794234,136.85778299967447,138.96328735351562,907200,0.0,0.0
2001-08-21 00:00:00+09:00,140.5423871105864,140.89330871537015,137.91050720214844,137.91050720214844,1641600,0.0,0.0
2001-08-22 00:00:00+09:00,138.61236312166375,144.5779672481992,138.61236312166375,140.36695861816406,6465600,0.0,0.0
2001-08-23 00:00:00+09:00,141.94608685442722,141.94608685442722,133.34860233411985,140.36695861816406,3225600,0.0,0.0
2001-08-24 00:00:00+09:00,138.43690986686582,138.43690986686582,129.66397086414,130.36581420898438,3859200,0.0,0.0
2001-08-27 00:00:00+09:00,129.48852441665974,129.48852441665974,123.52293272448425,123.6983871459961,3600000,0.0,0.0
2001-08-28 00:00:00+09:00,122.8211034558252,122.8211034558252,109.66169905516603,114.92546081542969,4910400,0.0,0.0
2001-08-29 00:00:00+09:00,112.29357712003528,118.43463663671005,112.29357712003528,116.6800537109375,3758400,0.0,0.0
2001-08-30 00:00:00+09:00,113.17084926943102,117.55731201171875,110.36351465648418,117.55731201171875,3441600,0.0,0.0
2001-08-31 00:00:00+09:00,114.04812392488361,115.62725173530058,112.29352890154809,114.74995422363281,2030400,0.0,0.0
2001-09-03 00:00:00+09:00,112.29355473962451,113.52177410876033,107.9070918739368,110.36351776123047,2707200,0.0,0.0
2001-09-04 00:00:00+09:00,107.02978923624937,108.78437805175781,107.02978923624937,108.78437805175781,3801600,0.0,0.0
2001-09-05 00:00:00+09:00,104.3979092016513,108.9598324103351,102.81878119570442,108.08253479003906,3542400,0.0,0.0
2001-09-06 00:00:00+09:00,108.08251520909397,109.6616429289556,104.57334464011937,106.67884826660156,5299200,0.0,0.0
2001-09-07 00:00:00+09:00,104.748812958788,107.02977752685547,104.39789780427284,107.02977752685547,2678400,0.0,0.0
2001-09-10 00:00:00+09:00,106.6788559468527,107.02977752685547,105.62610405781967,107.02977752685547,964800,0.0,0.0
2001-09-11 00:00:00+09:00,107.02977752685547,107.02977752685547,105.27518890330452,107.02977752685547,1324800,0.0,0.0
2001-09-12 00:00:00+09:00,98.25684356689453,100.88872336266392,98.25684356689453,98.25684356689453,3110400,0.0,0.0
2001-09-13 00:00:00+09:00,96.50227656426287,101.76603698730469,96.32681574166521,101.76603698730469,1440000,0.0,0.0
2001-09-14 00:00:00+09:00,107.02976434663336,107.02976434663336,101.41508401288739,105.80155181884766,1512000,0.0,0.0
2001-09-17 00:00:00+09:00,102.46785124012555,102.46785124012555,98.25684356689453,98.25684356689453,1123200,0.0,0.0
2001-09-18 00:00:00+09:00,98.2568368474287,105.45064541422903,98.2568368474287,105.27518463134766,2145600,0.0,0.0
2001-09-19 00:00:00+09:00,103.52061224707785,106.15249227391448,102.1169450412611,104.5733642578125,1267200,0.0,0.0
2001-09-20 00:00:00+09:00,106.32792769854342,106.32792769854342,103.52058753167043,105.80155181884766,2419200,0.0,0.0
2001-09-21 00:00:00+09:00,100.88874318619935,104.39792122039886,100.88874318619935,102.99424743652344,1958400,0.0,0.0
2001-09-24 00:00:00+09:00,102.99424743652344,102.99424743652344,102.99424743652344,102.99424743652344,0,0.0,0.0
2001-09-25 00:00:00+09:00,108.25798581289408,108.25798581289408,103.69605686187745,105.27518463134766,1728000,0.0,0.0
2001-09-26 00:00:00+09:00,105.27518463134766,106.15247569477978,104.92426949107228,105.27518463134766,1656000,0.0,0.0
2001-09-27 00:00:00+09:00,102.99422570606072,105.27519030448718,101.94147380301585,102.643310546875,878400,0.0,0.0
2001-09-28 00:00:00+09:00,102.643310546875,102.643310546875,102.643310546875,102.643310546875,0,0.0,0.0
2001-10-01 00:00:00+09:00,107.02981521338398,114.04816575334863,106.67889350981734,113.17086791992188,3283200,0.0,0.0
2001-10-02 00:00:00+09:00,115.80271513565727,121.06647491455078,114.04813282635143,121.06647491455078,1857600,0.0,0.0
2001-10-03 00:00:00+09:00,124.22476326151096,126.85664383908535,121.0665065684217,123.6983871459961,2260800,0.0,0.0
2001-10-04 00:00:00+09:00,123.69836755825743,125.4529500484743,116.15364871424978,119.31190490722656,2390400,0.0,0.0
2001-10-05 00:00:00+09:00,120.71556827040055,120.71556827040055,116.32910552811282,117.55731201171875,1267200,0.0,0.0
2001-10-08 00:00:00+09:00,117.55731201171875,117.55731201171875,117.55731201171875,117.55731201171875,0,0.0,0.0
2001-10-09 00:00:00+09:00,117.55731201171875,120.89103551875684,117.55731201171875,117.55731201171875,1166400,0.0,0.0
2001-10-10 00:00:00+09:00,120.89104597894207,121.06650039150206,118.43461994820854,119.66282653808594,1411200,0.0,0.0
2001-10-11 00:00:00+09:00,121.94376785547993,123.1719741401707,120.89101593975198,122.82105255126953,2779200,0.0,0.0
2001-10-12 00:00:00+09:00,124.57560859129016,131.59394821228838,124.57560859129016,131.24302673339844,6494400,0.0,0.0
2001-10-15 00:00:00+09:00,130.8921891621091,134.4013544521212,130.71672190192356,133.34860229492188,2217600,0.0,0.0
2001-10-16 00:00:00+09:00,135.10320653902662,140.71787650699505,135.10320653902662,139.1387481689453,3571200,0.0,0.0
2001-10-17 00:00:00+09:00,143.5251972049616,151.42083740234375,140.3669411260087,151.42083740234375,4449600,0.0,0.0
2001-10-18 00:00:00+09:00,142.64792769473019,145.27980827950378,141.7706298828125,141.7706298828125,3254400,0.0,0.0
2001-10-19 00:00:00+09:00,141.77060577521596,143.87610988500123,141.06877535561327,142.9988250732422,1411200,0.0,0.0
2001-10-22 00:00:00+09:00,142.2969575849958,147.38526260131871,142.2969575849958,146.50796508789062,2577600,0.0,0.0
2001-10-23 00:00:00+09:00,147.3853170460668,154.22820676606275,147.2098626189576,152.64907836914062,8049600,0.0,0.0
2001-10-24 00:00:00+09:00,150.36807894530492,151.24536369573326,148.26257498271477,150.5435333251953,5644800,0.0,0.0
2001-10-25 00:00:00+09:00,149.13986445937763,150.36808371046166,147.385282051942,148.78895568847656,3931200,0.0,0.0
2001-10-26 00:00:00+09:00,152.29813109804797,157.9128131837978,150.89447021484375,150.89447021484375,11188800,0.0,0.0
2001-10-29 00:00:00+09:00,152.82446526735723,157.91276991494115,152.82446526735723,156.15818786621094,5414400,0.0,0.0
2001-10-30 00:00:00+09:00,151.0699271081199,151.0699271081199,147.56074914018373,149.4907989501953,7992000,0.0,0.0
2001-10-31 00:00:00+09:00,149.49081542942827,153.3509026239932,144.57797601352937,151.7717742919922,10396800,0.0,0.0
2001-11-01 00:00:00+09:00,154.4036214305257,154.4036214305257,151.7717414467612,153.52633666992188,2203200,0.0,0.0
2001-11-02 00:00:00+09:00,150.0171725246079,153.52635043457371,149.3153420830058,150.89447021484375,2462400,0.0,0.0
2001-11-05 00:00:00+09:00,149.13983820026488,149.13983820026488,145.80612835781182,146.33250427246094,1454400,0.0,0.0
2001-11-06 00:00:00+09:00,145.63071566484257,146.33254613482745,144.75341793912787,145.10433959960938,1123200,0.0,0.0
2001-11-07 00:00:00+09:00,152.12270223683325,154.40366119317196,150.3681194128019,152.64907836914062,6624000,0.0,0.0
2001-11-08 00:00:00+09:00,152.47362394203142,153.0000000743388,150.7190282670203,152.64907836914062,2793600,0.0,0.0
2001-11-09 00:00:00+09:00,152.64907836914062,152.64907836914062,152.64907836914062,152.64907836914062,0,0.0,0.0
2001-11-12 00:00:00+09:00,149.13986685611854,149.49078848363584,146.15707800064095,147.03436279296875,806400,0.0,0.0
2001-11-13 00:00:00+09:00,147.03435404444437,148.2625732421875,146.33252368214556,148.2625732421875,964800,0.0,0.0
2001-11-14 00:00:00+09:00,148.43802703894318,152.2981132929402,148.43802703894318,151.245361328125,1540800,0.0,0.0
2001-11-15 00:00:00+09:00,147.73617334414183,152.1226348876953,147.73617334414183,152.1226348876953,993600,0.0,0.0
2001-11-16 00:00:00+09:00,150.89443314974497,150.89443314974497,145.10429808860445,146.33250427246094,6350400,0.0,0.0
2001-11-19 00:00:00+09:00,145.27980827950378,145.63072997446676,140.89334492187425,141.7706298828125,2606400,0.0,0.0
2001-11-20 00:00:00+09:00,142.29700086770737,143.87612916161896,134.75228108045607,138.26145935058594,3729600,0.0,0.0
2001-11-21 00:00:00+09:00,133.34859837601445,136.5068547547962,130.36580925226153,132.12039184570312,6436800,0.0,0.0
2001-11-22 00:00:00+09:00,131.59401578257282,134.05044169417357,131.24309412349328,132.12039184570312,2592000,0.0,0.0
2001-11-23 00:00:00+09:00,132.12039184570312,132.12039184570312,132.12039184570312,132.12039184570312,0,0.0,0.0
2001-11-26 00:00:00+09:00,133.17314671704779,137.20870090122384,132.82222505073472,137.03323364257812,3484800,0.0,0.0
2001-11-27 00:00:00+09:00,140.36694418937162,140.36694418937162,135.1031839429074,135.98046875,3369600,0.0,0.0
2001-11-28 00:00:00+09:00,134.22588229961818,136.68230795869496,133.5240519045863,135.10317993164062,3153600,0.0,0.0
2001-11-29 00:00:00+09:00,134.92773053072088,135.10319779090642,133.34860229492188,133.34860229492188,936000,0.0,0.0
2001-11-30 00:00:00+09:00,132.12036777147426,133.69949567312534,129.83940953052573,132.2958221435547,1656000,0.0,0.0
2001-12-03 00:00:00+09:00,134.7522877944085,134.7522877944085,129.83944825223054,131.7694854736328,921600,0.0,0.0
2001-12-04 00:00:00+09:00,125.45293724828652,127.73390838891197,124.22473091554853,127.55844116210938,2577600,0.0,0.0
2001-12-05 00:00:00+09:00,129.31304286471493,129.83941886979383,127.03207160872178,128.4357452392578,2390400,0.0,0.0
2001-12-06 00:00:00+09:00,131.9449334912256,132.99768558596682,130.36580534911377,130.89218139648438,1454400,0.0,0.0
2001-12-07 00:00:00+09:00,130.19031211892337,130.54123369746742,125.45292863796688,128.08480834960938,1094400,0.0,0.0
2001-12-10 00:00:00+09:00,122.99653239384335,131.41854858398438,122.99653239384335,131.41854858398438,1094400,0.0,0.0
2001-12-11 00:00:00+09:00,131.06762936290295,131.06762936290295,128.26029486502725,129.66395568847656,1353600,0.0,0.0
2001-12-12 00:00:00+09:00,130.1903218290597,140.01601110235754,130.1903218290597,137.55958557128906,2908800,0.0,0.0
2001-12-13 00:00:00+09:00,139.31417658224814,139.31417658224814,134.4013256668699,136.6822967529297,7819200,0.0,0.0
2001-12-14 00:00:00+09:00,131.4185725309995,138.61237077027675,131.4185725309995,137.20870971679688,6336000,0.0,0.0
2001-12-17 00:00:00+09:00,136.8577959355764,136.8577959355764,132.29586512073053,134.0504608154297,4363200,0.0,0.0
2001-12-18 00:00:00+09:00,133.87498474121094,133.87498474121094,132.64677811638558,133.87498474121094,1915200,0.0,0.0
2001-12-19 00:00:00+09:00,125.10204487540767,131.9449334912256,125.10204487540767,130.89218139648438,2908800,0.0,0.0
2001-12-20 00:00:00+09:00,130.71672694984613,130.71672694984613,124.40021376272371,125.62843322753906,2217600,0.0,0.0
2001-12-21 00:00:00+09:00,122.1192410170568,123.17199309479004,121.06648893932353,121.94378662109375,4262400,0.0,0.0
2001-12-24 00:00:00+09:00,121.94378662109375,121.94378662109375,121.94378662109375,121.94378662109375,0,0.0,0.0
2001-12-25 00:00:00+09:00,120.5401450565883,122.64564977373395,116.15368117952852,117.90826416015625,2260800,0.0,0.0
2001-12-26 00:00:00+09:00,116.1536598441779,117.90824250252015,114.2236099243164,114.2236099243164,1353600,0.0,0.0
2001-12-27 00:00:00+09:00,114.57452061776138,119.31190490722656,114.57452061776138,119.31190490722656,1670400,0.0,0.0
2001-12-28 00:00:00+09:00,119.31190642676063,122.47016265996038,119.31190642676063,121.94378662109375,1857600,0.0,0.0
2001-12-31 00:00:00+09:00,121.94378662109375,121.94378662109375,121.94378662109375,121.94378662109375,0,0.0,0.0
2002-01-01 00:00:00+09:00,121.94378662109375,121.94378662109375,121.94378662109375,121.94378662109375,0,0.0,0.0
2002-01-02 00:00:00+09:00,121.94378662109375,121.94378662109375,121.94378662109375,121.94378662109375,0,0.0,0.0
2002-01-03 00:00:00+09:00,121.94378662109375,121.94378662109375,121.94378662109375,121.94378662109375,0,0.0,0.0
2002-01-04 00:00:00+09:00,121.76831414803424,121.76831414803424,120.18918609920824,120.54010772705078,1771200,0.0,0.0
2002-01-07 00:00:00+09:00,120.71557996957075,123.34746044020805,120.71557996957075,122.29470825195312,5486400,0.0,0.0
2002-01-08 00:00:00+09:00,124.400225087904,126.85665139018451,121.06651377486487,126.50572967529297,3268800,0.0,0.0
2002-01-09 00:00:00+09:00,123.52291907452599,130.19034056694161,123.52291907452599,129.8394317626953,2836800,0.0,0.0
2002-01-10 00:00:00+09:00,137.55957873997087,142.12150797084158,136.85774841636595,140.71783447265625,10900800,0.0,0.0
2002-01-11 00:00:00+09:00,138.96328063679374,138.96328063679374,131.76947015855288,132.4713134765625,6249600,0.0,0.0
2002-01-14 00:00:00+09:00,132.4713134765625,132.4713134765625,132.4713134765625,132.4713134765625,0,0.0,0.0
2002-01-15 00:00:00+09:00,133.34863948386734,137.55964928705245,133.34863948386734,136.85781860351562,2620800,0.0,0.0
2002-01-16 00:00:00+09:00,138.61237205626205,139.48966986106058,137.3841654103276,139.1387481689453,1699200,0.0,0.0
2002-01-17 00:00:00+09:00,136.85778047614195,140.36695861816406,135.9804827278918,140.36695861816406,1756800,0.0,0.0
2002-01-18 00:00:00+09:00,140.0160129060255,140.19146728515625,136.8577569758144,140.19146728515625,2966400,0.0,0.0
2002-01-21 00:00:00+09:00,139.48966339681206,140.36696116095473,138.43691122023233,139.314208984375,1612800,0.0,0.0
2002-01-22 00:00:00+09:00,138.6123771491382,140.01605111819356,137.73509216308594,137.73509216308594,1396800,0.0,0.0
2002-01-23 00:00:00+09:00,137.0332096156771,139.4896351472112,136.33137925708567,137.91050720214844,1368000,0.0,0.0
2002-01-24 00:00:00+09:00,138.2614305830599,140.71784329517337,138.2614305830599,140.54238891601562,2980800,0.0,0.0
2002-01-25 00:00:00+09:00,142.99879014643622,148.26254913525014,142.12149269797587,144.7533721923828,6105600,0.0,0.0
2002-01-28 00:00:00+09:00,147.38527971010504,150.19261408759104,147.20982532744233,149.84170532226562,2880000,0.0,0.0
2002-01-29 00:00:00+09:00,149.84176164285233,149.84176164285233,141.77065139107847,142.29702758789062,8553600,0.0,0.0
2002-01-30 00:00:00+09:00,144.57796215282409,144.57796215282409,141.41970579160446,142.1215362548828,4161600,0.0,0.0
2002-01-31 00:00:00+09:00,142.1215362548828,142.1215362548828,142.1215362548828,142.1215362548828,0,0.0,0.0
2002-02-01 00:00:00+09:00,144.4025039391043,148.08713659120397,144.4025039391043,147.56076049804688,2491200,0.0,0.0
2002-02-04 00:00:00+09:00,147.20986947544907,147.38532391073028,145.63074100497695,146.85894775390625,1080000,0.0,0.0
2002-02-05 00:00:00+09:00,145.63066080560137,146.85886687815275,144.051533204761,144.92881774902344,1540800,0.0,0.0
2002-02-06 00:00:00+09:00,142.47246802188923,145.63072460721946,142.47246802188923,144.57797241210938,2390400,0.0,0.0
2002-02-07 00:00:00+09:00,144.40251407736494,146.33256417143951,143.174307390761,144.05160522460938,1368000,0.0,0.0
2002-02-08 00:00:00+09:00,145.63071706529308,147.73622134647331,143.87612159699069,147.3852996826172,2102400,0.0,0.0
2002-02-11 00:00:00+09:00,147.3852996826172,147.3852996826172,147.3852996826172,147.3852996826172,0,0.0,0.0
2002-02-12 00:00:00+09:00,148.2625796811482,149.31533169580493,147.385282051942,148.78895568847656,2980800,0.0,0.0
2002-02-13 00:00:00+09:00,147.03435404444437,149.13985798231695,147.03435404444437,148.2625732421875,2088000,0.0,0.0
2002-02-14 00:00:00+09:00,148.08707295070414,150.01712207983346,144.92881774902344,144.92881774902344,2001600,0.0,0.0
2002-02-15 00:00:00+09:00,141.41970807892116,147.38529924071946,133.34859979127722,134.40135192871094,8438400,0.0,0.0
2002-02-18 00:00:00+09:00,135.10318613186263,147.03436764984028,135.10318613186263,145.27978515625,5169600,0.0,0.0
2002-02-19 00:00:00+09:00,148.4380413552989,148.4380413552989,140.36694646361082,145.27978515625,2145600,0.0,0.0
2002-02-20 00:00:00+09:00,141.77061459775462,143.8761188385677,141.41970579160446,142.1215362548828,1886400,0.0,0.0
2002-02-21 00:00:00+09:00,140.5424130274227,143.87612390920768,139.4896608699139,140.36695861816406,7531200,0.0,0.0
2002-02-22 00:00:00+09:00,140.3669702314577,140.3669702314577,138.26146574224074,138.43692016601562,1483200,0.0,0.0
2002-02-25 00:00:00+09:00,140.36692851397552,140.36692851397552,135.98045356446096,136.6822967529297,1180800,0.0,0.0
2002-02-26 00:00:00+09:00,134.92770614710827,135.6295493590591,127.20753362345856,127.7339096069336,6091200,0.0,0.0
2002-02-27 00:00:00+09:00,128.08481447462484,132.99766540527344,128.08481447462484,132.99766540527344,5832000,0.0,0.0
2002-02-28 00:00:00+09:00,132.99766082770802,136.6822924733875,130.71668981306576,134.7522430419922,1713600,0.0,0.0
2002-03-01 00:00:00+09:00,134.75228730988593,138.43692016601562,130.7167327552269,138.43692016601562,4204800,0.0,0.0
2002-03-04 00:00:00+09:00,133.17312622070312,134.05042382597392,132.2958286154323,133.17312622070312,5601600,0.0,0.0
2002-03-05 00:00:00+09:00,134.22591524450763,135.10321309185719,133.69953910629386,134.0504608154297,3052800,0.0,0.0
2002-03-06 00:00:00+09:00,133.52406955510742,134.4013544521212,132.1203957285155,133.34860229492188,3844800,0.0,0.0
2002-03-07 00:00:00+09:00,132.47132369883315,134.57682811337892,132.12040201274914,133.87498474121094,3240000,0.0,0.0
2002-03-08 00:00:00+09:00,135.8050143587769,137.7350640661395,134.57680791826098,135.98046875,5788800,0.0,0.0
2002-03-11 00:00:00+09:00,140.36693221407225,141.5951385498047,137.91050669163133,141.5951385498047,3441600,0.0,0.0
2002-03-12 00:00:00+09:00,142.12151685949956,142.12151685949956,139.31418253852624,140.19146728515625,6724800,0.0,0.0
2002-03-13 00:00:00+09:00,140.19147694717137,140.19147694717137,135.98046875,135.98046875,4636800,0.0,0.0
2002-03-14 00:00:00+09:00,135.9804826879202,136.50685876651985,133.17314788571483,133.34860229492188,3038400,0.0,0.0
2002-03-15 00:00:00+09:00,131.41849389832916,132.64669979798668,130.89211810548002,131.24302673339844,2880000,0.0,0.0
2002-03-18 00:00:00+09:00,131.7694526040564,134.57679980014024,131.7694526040564,132.82220458984375,2376000,0.0,0.0
2002-03-19 00:00:00+09:00,134.0504431168852,134.40135192871094,132.9976909794515,134.40135192871094,2462400,0.0,0.0
2002-03-20 00:00:00+09:00,134.92773432659442,136.68232987194037,134.22590381904334,135.27865600585938,2361600,0.0,0.0
2002-03-21 00:00:00+09:00,135.27865600585938,135.27865600585938,135.27865600585938,135.27865600585938,0,0.0,0.0
2002-03-22 00:00:00+09:00,134.22587818788566,134.22587818788566,132.82220458984375,132.82220458984375,1569600,0.0,0.0
2002-03-25 00:00:00+09:00,132.99768953958065,133.5240656025988,131.76947015855288,132.4713134765625,2649600,0.0,0.0
2002-03-26 00:00:00+09:00,131.59400939941406,131.7694637949541,130.7167117197588,131.59400939941406,1022400,0.0,0.0
2002-03-27 00:00:00+09:00,129.8394236964432,135.98046875,129.8394236964432,135.98046875,1627200,0.0,0.0
2002-03-28 00:00:00+09:00,135.98048915575674,135.98048915575674,133.3486086375745,133.87498474121094,2750400,0.0,0.0
2002-03-29 00:00:00+09:00,132.1203957285155,134.4013544521212,132.1203957285155,133.34860229492188,1296000,0.0,0.0
2002-04-01 00:00:00+09:00,133.69948261506158,133.87493697000585,131.9449005126953,131.9449005126953,1555200,0.0,0.0
2002-04-02 00:00:00+09:00,134.57685865537354,134.57685865537354,132.82226267773,134.22593688964844,676800,0.0,0.0
2002-04-03 00:00:00+09:00,134.2258670926094,135.80499494075775,133.34856955997967,134.7522430419922,1224000,0.0,0.0
2002-04-04 00:00:00+09:00,133.34858862676788,137.55959682393927,133.34858862676788,135.98046875,2736000,0.0,0.0
2002-04-05 00:00:00+09:00,136.1559549587038,139.48966596219086,135.980487692061,138.26145935058594,10540800,0.0,0.0
2002-04-08 00:00:00+09:00,138.78779786999885,141.77058638355138,138.612330650866,140.71783447265625,7488000,0.0,0.0
2002-04-09 00:00:00+09:00,140.89331052530738,142.82334724897134,140.01601292756612,140.54238891601562,6249600,0.0,0.0
2002-04-10 00:00:00+09:00,140.542416833227,141.9460906982422,140.542416833227,141.9460906982422,1929600,0.0,0.0
2002-04-11 00:00:00+09:00,142.12153136824537,144.40248993370616,141.4197009290984,143.87611389160156,3254400,0.0,0.0
2002-04-12 00:00:00+09:00,142.29699065795788,143.52521003241753,140.36695367119793,142.1215362548828,2232000,0.0,0.0
2002-04-15 00:00:00+09:00,141.2442336810785,143.87611389160156,141.2442336810785,143.87611389160156,1368000,0.0,0.0
2002-04-16 00:00:00+09:00,144.5779877593197,146.1571162196121,144.0516116058889,144.22706604003906,7603200,0.0,0.0
2002-04-17 00:00:00+09:00,145.9816498755394,146.85894775390625,143.87614524824323,146.85894775390625,3600000,0.0,0.0
2002-04-18 00:00:00+09:00,147.73623657226562,150.0171954949619,147.38531487224327,147.73623657226562,6436800,0.0,0.0
2002-04-19 00:00:00+09:00,146.50799160836613,148.78896298597937,145.63070678710938,145.63070678710938,4737600,0.0,0.0
2002-04-22 00:00:00+09:00,147.38524952278405,149.31529874066896,147.38524952278405,149.13983154296875,4089600,0.0,0.0
2002-04-23 00:00:00+09:00,149.31528845905473,155.8072530525882,148.43799108388473,154.75450134277344,8856000,0.0,0.0
2002-04-24 00:00:00+09:00,161.77291104188248,170.01947391588956,160.01832839142548,165.6330108642578,35280000,0.0,0.0
2002-04-25 00:00:00+09:00,169.1421761651718,173.87956088728637,163.70296095307015,165.6330108642578,21067200,0.0,0.0
2002-04-26 00:00:00+09:00,162.29923364881958,165.80841064453125,160.89557313131434,165.80841064453125,5644800,0.0,0.0
2002-04-29 00:00:00+09:00,165.80841064453125,165.80841064453125,165.80841064453125,165.80841064453125,0,0.0,0.0
2002-04-30 00:00:00+09:00,162.29926382362305,178.79238720400517,161.59743343438558,175.4586639404297,8308800,0.0,0.0
2002-05-01 00:00:00+09:00,175.45869581236815,175.45869581236815,170.37040207690268,171.77406311035156,9576000,0.0,0.0
2002-05-02 00:00:00+09:00,170.19496989936528,170.54589165556814,166.86125819387377,167.03671264648438,3412800,0.0,0.0
2002-05-03 00:00:00+09:00,167.03671264648438,167.03671264648438,167.03671264648438,167.03671264648438,0,0.0,0.0
2002-05-06 00:00:00+09:00,167.03671264648438,167.03671264648438,167.03671264648438,167.03671264648438,0,0.0,0.0
2002-05-07 00:00:00+09:00,166.33485572832706,166.8612318540496,160.1937966445707,162.29930114746094,7459200,0.0,0.0
2002-05-08 00:00:00+09:00,165.80848685318236,166.15940856933594,163.00115167689438,166.15940856933594,4046400,0.0,0.0
2002-05-09 00:00:00+09:00,166.68578061776958,172.82682696802212,166.68578061776958,170.1949462890625,5472000,0.0,0.0
2002-05-10 00:00:00+09:00,174.05501436597743,175.45867523480683,173.00226228886663,173.87954711914062,10742400,0.0,0.0
2002-05-13 00:00:00+09:00,173.87958028081755,175.45870869764934,172.12499743466444,172.8268280029297,4852800,0.0,0.0
2002-05-14 00:00:00+09:00,172.82682416266334,174.58141982080872,169.49311297375456,171.9495391845703,4104000,0.0,0.0
2002-05-15 00:00:00+09:00,173.5286457506315,173.5286457506315,168.6157939466341,171.0722198486328,5198400,0.0,0.0
2002-05-16 00:00:00+09:00,172.8268280029297,172.8268280029297,169.3176623106235,172.8268280029297,5961600,0.0,0.0
2002-05-17 00:00:00+09:00,173.3531988340086,175.45870332531632,173.3531988340086,175.2832489013672,7833600,0.0,0.0
2002-05-20 00:00:00+09:00,176.86235335453082,182.47703552246094,176.33597730288045,182.47703552246094,14342400,0.0,0.0
2002-05-21 00:00:00+09:00,181.24882008867317,186.512580719041,181.24882008867317,183.3543243408203,17884800,0.0,0.0
2002-05-22 00:00:00+09:00,184.23158645629883,189.49534606933594,183.35428890380075,189.49534606933594,9547200,0.0,0.0
2002-05-23 00:00:00+09:00,193.00449684106798,194.75907885338648,189.49531996545713,191.07444763183594,14644800,0.0,0.0
2002-05-24 00:00:00+09:00,198.09284574714403,201.77747803292513,194.75913510557268,197.21556091308594,13060800,0.0,0.0
2002-05-27 00:00:00+09:00,193.70638645119863,194.4082169010582,189.49537805008563,192.12725830078125,13723200,0.0,0.0
2002-05-28 00:00:00+09:00,190.372643621834,191.24992832335641,184.58250804749318,189.49534606933594,6134400,0.0,0.0
2002-05-29 00:00:00+09:00,188.61800256314078,188.61800256314078,184.75791740435216,186.16159057617188,4118400,0.0,0.0
2002-05-30 00:00:00+09:00,184.23160361178094,188.44261169433594,184.23160361178094,188.44261169433594,3600000,0.0,0.0
2002-05-31 00:00:00+09:00,188.442617277552,196.33825766627623,186.86348919980713,193.00454711914062,6465600,0.0,0.0
2002-06-03 00:00:00+09:00,193.00458713978998,201.60205972881218,193.00458713978998,201.07568359375,9028800,0.0,0.0
2002-06-04 00:00:00+09:00,200.022903780788,206.8657925943413,198.44377559304493,205.98849487304688,11779200,0.0,0.0
2002-06-05 00:00:00+09:00,202.4793066862329,207.0412234763388,202.4793066862329,202.83021545410156,4723200,0.0,0.0
2002-06-06 00:00:00+09:00,201.4265732910464,205.2866600510827,197.74194093115517,198.0928497314453,7459200,0.0,0.0
2002-06-07 00:00:00+09:00,197.2155825196694,198.79471081515345,195.2855325415292,197.74195861816406,5126400,0.0,0.0
2002-06-10 00:00:00+09:00,199.14560179338216,201.9529493009938,198.79469299316406,198.79469299316406,3988800,0.0,0.0
2002-06-11 00:00:00+09:00,195.2855325415292,200.3738391106375,195.2855325415292,197.74195861816406,6163200,0.0,0.0
2002-06-12 00:00:00+09:00,201.25108576689448,201.77746176528302,198.61920577495175,200.90017700195312,3326400,0.0,0.0
2002-06-13 00:00:00+09:00,200.02286447847345,200.02286447847345,195.63640243584965,196.51368713378906,7689600,0.0,0.0
2002-06-14 00:00:00+09:00,201.60204317209258,201.60204317209258,196.5137366673793,198.44378662109375,6652800,0.0,0.0
2002-06-17 00:00:00+09:00,196.33826815459398,196.33826815459398,193.18001183039138,195.1100616455078,6436800,0.0,0.0
2002-06-18 00:00:00+09:00,195.2854966831467,198.09283107597514,193.00453829215965,193.17999267578125,10440000,0.0,0.0
2002-06-19 00:00:00+09:00,198.2683089838959,201.6020195580284,194.05730074247495,195.6364288330078,8654400,0.0,0.0
2002-06-20 00:00:00+09:00,195.63640243584965,200.02286447847345,193.88180733801968,196.51368713378906,12009600,0.0,0.0
2002-06-21 00:00:00+09:00,197.91738734678506,197.91738734678506,194.4082095286085,195.6364288330078,5040000,0.0,0.0
2002-06-24 00:00:00+09:00,192.12726495161323,200.022905977022,192.12726495161323,198.61923217773438,6120000,0.0,0.0
2002-06-25 00:00:00+09:00,199.58553947925338,203.8021352931247,199.58553947925338,202.0452117919922,2649600,0.3125,0.0
2002-06-26 00:00:00+09:00,200.46396295203456,206.4374815098667,200.28827577140217,202.22088623046875,4996800,0.0,0.0
2002-06-27 00:00:00+09:00,205.5590188859857,205.5590188859857,203.09933402877667,204.68055725097656,3556800,0.0,0.0
2002-06-28 00:00:00+09:00,201.1667775533264,204.50491185962989,201.1667775533264,202.7480010986328,4478400,0.0,0.0
2002-07-01 00:00:00+09:00,205.55904592622804,205.55904592622804,202.0452117919922,202.0452117919922,2692800,0.0,0.0
2002-07-02 00:00:00+09:00,201.86950550487649,201.86950550487649,196.77444842211221,199.40982055664062,4953600,0.0,0.0
2002-07-03 00:00:00+09:00,195.8959957977391,197.47721904758265,193.96338531414327,196.77444458007812,7502400,0.0,0.0
2002-07-04 00:00:00+09:00,196.7744279562016,197.12581516026802,193.2606073876442,193.43629455566406,2808000,0.0,0.0
2002-07-05 00:00:00+09:00,193.4363340393231,195.5446319580078,189.5711254777442,195.5446319580078,4089600,0.0,0.0
2002-07-08 00:00:00+09:00,196.7744409171906,196.7744409171906,192.73354571038428,193.2606201171875,2059200,0.0,0.0
2002-07-09 00:00:00+09:00,188.1655487153113,192.55783081054688,187.46278718312104,192.55783081054688,7214400,0.0,0.0
2002-07-10 00:00:00+09:00,189.04406101249472,190.8009717484595,185.17883937813025,187.1114501953125,8308800,0.0,0.0
2002-07-11 00:00:00+09:00,181.13791182598456,186.2329559326172,176.92131650020434,186.2329559326172,7171200,0.0,0.0
2002-07-12 00:00:00+09:00,179.5567088260977,179.73239602847357,175.69148742959493,175.8671875,6278400,0.0,0.0
2002-07-15 00:00:00+09:00,178.15117670959177,180.08378745239202,175.51580427305933,177.79978942871094,6292800,0.0,0.0
2002-07-16 00:00:00+09:00,180.96220423742474,181.6649786744659,179.20529388087618,180.08375549316406,6379200,0.0,0.0
2002-07-17 00:00:00+09:00,180.96225200346808,185.17884826660156,180.96225200346808,185.17884826660156,4651200,0.0,0.0
2002-07-18 00:00:00+09:00,186.40867272737555,192.7335662841797,186.40867272737555,192.7335662841797,10497600,0.0,0.0
2002-07-19 00:00:00+09:00,196.24740254724568,196.24740254724568,190.273895795905,193.61203002929688,4867200,0.0,0.0
2002-07-22 00:00:00+09:00,191.3280280815376,195.0175492842119,190.625266427514,191.8551025390625,3225600,0.0,0.0
2002-07-23 00:00:00+09:00,191.85505421767914,195.3688873388466,191.6793670654297,191.6793670654297,3657600,0.0,0.0
2002-07-24 00:00:00+09:00,194.3147627314087,194.3147627314087,189.7467803955078,189.7467803955078,2160000,0.0,0.0
2002-07-25 00:00:00+09:00,193.2606431193148,193.2606431193148,183.5976025991302,183.94898986816406,5342400,0.0,0.0
2002-07-26 00:00:00+09:00,186.23296411983415,186.23296411983415,184.47605361286392,185.0031280517578,3960000,0.0,0.0
2002-07-29 00:00:00+09:00,191.32797536399707,191.85504967629458,186.58430655331946,189.9224395751953,4017600,0.0,0.0
2002-07-30 00:00:00+09:00,193.26060681080898,195.89597866337442,193.26060681080898,195.01751708984375,3124800,0.0,0.0
2002-07-31 00:00:00+09:00,197.1258382594735,198.53137437241318,192.38216835483377,193.78770446777344,3844800,0.0,0.0
2002-08-01 00:00:00+09:00,190.62524945943667,193.08492146359154,188.51695181700245,190.09817504882812,2491200,0.0,0.0
2002-08-02 00:00:00+09:00,190.44960864047255,193.26068161664836,185.8816375732422,185.8816375732422,3772800,0.0,0.0
2002-08-05 00:00:00+09:00,185.00311026910447,185.53018465733552,183.94896149264233,184.82742309570312,1900800,0.0,0.0
2002-08-06 00:00:00+09:00,183.2461861432033,183.2461861432033,179.55666570319266,180.96218872070312,1540800,0.0,0.0
2002-08-07 00:00:00+09:00,184.47603651561855,186.0572596857524,181.66497739138958,183.24620056152344,1814400,0.0,0.0
2002-08-08 00:00:00+09:00,183.4219092350168,186.05728149414062,183.4219092350168,186.05728149414062,1022400,0.0,0.0
2002-08-09 00:00:00+09:00,186.2329874176043,188.6926727294922,184.4760766908443,188.6926727294922,2188800,0.0,0.0
2002-08-12 00:00:00+09:00,187.6385111549181,187.6385111549181,183.5976025991302,183.94898986816406,964800,0.0,0.0
2002-08-13 00:00:00+09:00,184.3003484606488,185.70587158203125,182.01635086935494,185.70587158203125,1929600,0.0,0.0
2002-08-14 00:00:00+09:00,184.30037802089373,184.30037802089373,181.3136183898573,182.36776733398438,1296000,0.0,0.0
2002-08-15 00:00:00+09:00,183.77330805570338,185.53021871632544,182.36777180638808,183.4219207763672,1382400,0.0,0.0
2002-08-16 00:00:00+09:00,184.82743273604225,186.2329559326172,183.7732839045972,186.2329559326172,2462400,0.0,0.0
2002-08-19 00:00:00+09:00,186.76004481249936,187.81419372558594,183.59759807323957,187.81419372558594,2073600,0.0,0.0
2002-08-20 00:00:00+09:00,186.4086450535047,194.84183521060157,186.4086450535047,194.49044799804688,9388800,0.0,0.0
2002-08-21 00:00:00+09:00,193.0849366016725,193.26063666433552,185.53020707999295,190.9766387939453,5227200,0.0,0.0
2002-08-22 00:00:00+09:00,193.2606201171875,194.49045611038582,191.50369684915844,193.2606201171875,11448000,0.0,0.0
2002-08-23 00:00:00+09:00,193.2606201171875,193.2606201171875,193.2606201171875,193.2606201171875,0,0.0,0.0
2002-08-26 00:00:00+09:00,201.69378595605727,204.5048448258333,198.00426555971492,204.15345764160156,4089600,0.0,0.0
2002-08-27 00:00:00+09:00,207.66727102099364,215.74907254126774,206.61312243713073,211.8838653564453,16344000,0.0,0.0
2002-08-28 00:00:00+09:00,211.18115693763883,214.8706779073678,211.00545688420453,212.2353057861328,6552000,0.0,0.0
2002-08-29 00:00:00+09:00,208.7214371391783,213.2894190090073,208.7214371391783,212.0595703125,6523200,0.0,0.0
2002-08-30 00:00:00+09:00,209.42428043836878,211.18120415738915,209.42428043836878,209.95135498046875,5155200,0.0,0.0
2002-09-02 00:00:00+09:00,209.0728774770929,209.0728774770929,201.69383489399584,201.86952209472656,5731200,0.0,0.0
2002-09-03 00:00:00+09:00,199.40980554488382,200.9910287065649,196.42305926261534,198.53135681152344,6552000,0.0,0.0
2002-09-04 00:00:00+09:00,196.7744663291638,201.5181366030028,196.5987791268832,198.7070770263672,2779200,0.0,0.0
2002-09-05 00:00:00+09:00,202.22088158371253,203.80210477715244,198.3556607543968,201.16673278808594,2318400,0.0,0.0
2002-09-06 00:00:00+09:00,199.23413337034805,200.81535665106512,198.1799845165367,199.40982055664062,5198400,0.0,0.0
2002-09-09 00:00:00+09:00,206.43748080527737,206.43748080527737,202.3965727203038,203.80210876464844,2793600,0.0,0.0
2002-09-10 00:00:00+09:00,205.20767257494896,206.78889611243065,202.2209255828369,204.3292236328125,2361600,0.0,0.0
2002-09-11 00:00:00+09:00,205.3833285116307,206.6131644870924,203.80210531402543,206.08609008789062,2476800,0.0,0.0
2002-09-12 00:00:00+09:00,206.0860583114624,215.22200886627752,205.20759682556707,210.82972717285156,4838400,0.0,0.0
2002-09-13 00:00:00+09:00,201.518111274236,215.2220458984375,201.518111274236,215.2220458984375,8452800,0.0,0.0
2002-09-16 00:00:00+09:00,215.2220458984375,215.2220458984375,215.2220458984375,215.2220458984375,0,0.0,0.0
2002-09-17 00:00:00+09:00,215.22204231577868,217.85742718305238,211.35683433955975,217.33035278320312,5198400,0.0,0.0
2002-09-18 00:00:00+09:00,213.81654318354367,219.61434936523438,213.81654318354367,219.61434936523438,4579200,0.0,0.0
2002-09-19 00:00:00+09:00,219.614369947661,222.0740681445294,218.38454658528678,218.91162109375,4406400,0.0,0.0
2002-09-20 00:00:00+09:00,215.3977579282855,218.03311724996698,215.3977579282855,216.62759399414062,2131200,0.0,0.0
2002-09-23 00:00:00+09:00,216.62759399414062,216.62759399414062,216.62759399414062,216.62759399414062,0,0.0,0.0
2002-09-24 00:00:00+09:00,213.11375311973276,215.3977508544922,209.2485449911037,215.3977508544922,3585600,0.0,0.0
2002-09-25 00:00:00+09:00,212.58668058891726,215.04636552974392,210.30269570188193,211.53253173828125,2923200,0.0,0.0
2002-09-26 00:00:00+09:00,211.53252503807556,216.10050753548524,209.5999274518091,215.2220458984375,3830400,0.0,0.0
2002-09-27 00:00:00+09:00,216.1005089415765,217.85743222710366,215.3977473481822,217.68173217773438,5486400,0.0,0.0
2002-09-30 00:00:00+09:00,218.7358508226348,220.31707384062977,215.92477910084878,216.10047912597656,4003200,0.0,0.0
2002-10-01 00:00:00+09:00,214.51930640335416,217.50605311447742,214.51930640335416,216.27622985839844,3441600,0.0,0.0
2002-10-02 00:00:00+09:00,218.56019704661884,218.56019704661884,210.82978034595297,211.18116760253906,2203200,0.0,0.0
2002-10-03 00:00:00+09:00,211.88391364515547,218.208806589787,211.88391364515547,217.68173217773438,4766400,0.0,0.0
2002-10-04 00:00:00+09:00,217.85740185095202,217.85740185095202,213.4651071175853,216.80325317382812,3830400,0.0,0.0
2002-10-07 00:00:00+09:00,215.22202537308834,216.9789356116028,214.34357668784426,215.7490997314453,2851200,0.0,0.0
2002-10-08 00:00:00+09:00,212.23527159355308,216.97892777951208,212.23527159355308,216.10047912597656,1987200,0.0,0.0
2002-10-09 00:00:00+09:00,216.2761941938076,218.03309162307647,214.87065823515505,216.97894287109375,2620800,0.0,0.0
2002-10-10 00:00:00+09:00,216.10047035217286,216.2761703701671,209.07281706908626,210.82972717285156,3945600,0.0,0.0
2002-10-11 00:00:00+09:00,207.6673438331637,209.95132894300096,201.16676290945512,202.0452117919922,6465600,0.0,0.0
2002-10-14 00:00:00+09:00,202.0452117919922,202.0452117919922,202.0452117919922,202.0452117919922,0,0.0,0.0
2002-10-15 00:00:00+09:00,203.27500514801753,203.27500514801753,199.40978479846868,199.93685913085938,4046400,0.0,0.0
2002-10-16 00:00:00+09:00,201.1667352264684,207.31592803014098,193.7876935676393,195.7202911376953,6033600,0.0,0.0
2002-10-17 00:00:00+09:00,195.89601990724785,200.28830296359766,195.7203198347339,198.8827667236328,1958400,0.0,0.0
2002-10-18 00:00:00+09:00,201.51814561972878,202.0452201181832,199.58554770408244,200.8153839111328,1584000,0.0,0.0
2002-10-21 00:00:00+09:00,203.6263794575942,207.14021262954068,199.93685913085938,199.93685913085938,2505600,0.0,0.0
2002-10-22 00:00:00+09:00,200.28827116905467,202.04518153908992,199.4098095500234,201.16673278808594,5169600,0.0,0.0
2002-10-23 00:00:00+09:00,201.1667621984416,201.1667621984416,198.1800025514962,198.7070770263672,6321600,0.0,0.0
2002-10-24 00:00:00+09:00,197.65289521013605,199.40980554488382,195.8959848753883,198.53135681152344,4032000,0.0,0.0
2002-10-25 00:00:00+09:00,195.3689123382733,200.28826904296875,195.3689123382733,200.28826904296875,4939200,0.0,0.0
2002-10-28 00:00:00+09:00,196.95012799224816,199.409799816633,193.43629455566406,193.43629455566406,2260800,0.0,0.0
2002-10-29 00:00:00+09:00,191.15235552164245,193.08495343519428,187.4628340364602,188.51698303222656,3196800,0.0,0.0
2002-10-30 00:00:00+09:00,188.5169908136962,192.73358697081127,188.5169908136962,192.20651245117188,2361600,0.0,0.0
2002-10-31 00:00:00+09:00,188.86835745212886,191.67943001952563,188.16559574429454,188.51698303222656,1800000,0.0,0.0
2002-11-01 00:00:00+09:00,185.35451400561115,186.76003725415805,182.36775458339963,182.54344177246094,5212800,0.0,0.0
2002-11-04 00:00:00+09:00,182.54344177246094,182.54344177246094,182.54344177246094,182.54344177246094,0,0.0,0.0
2002-11-05 00:00:00+09:00,189.57109131814894,189.74677849037178,183.5975730462489,187.9898681640625,5025600,0.0,0.0
2002-11-06 00:00:00+09:00,187.8141623925686,187.8141623925686,179.38097249478403,182.89480590820312,4737600,0.0,0.0
2002-11-07 00:00:00+09:00,182.19207812255107,184.47606318695128,178.3268567913766,181.4893035888672,3067200,0.0,0.0
2002-11-08 00:00:00+09:00,178.85394674303066,182.54346832621323,178.85394674303066,180.61087036132812,2246400,0.0,0.0
2002-11-11 00:00:00+09:00,179.20530777656714,179.20530777656714,176.74562279225194,177.62408447265625,3052800,0.0,0.0
2002-11-12 00:00:00+09:00,175.69150308753308,179.9080992645781,175.69150308753308,179.20533752441406,4161600,0.0,0.0
2002-11-13 00:00:00+09:00,177.448389455802,179.20529987107784,176.56992781415025,177.9754638671875,1756800,0.0,0.0
2002-11-14 00:00:00+09:00,174.46160817440756,175.34006970531254,166.73118015931135,168.8394775390625,10584000,0.0,0.0
2002-11-15 00:00:00+09:00,167.43395453124572,170.42070057387585,167.25825450424912,168.8394775390625,7920000,0.0,0.0
2002-11-18 00:00:00+09:00,166.55547914225752,166.90686629898792,161.63612328815697,163.21734619140625,8424000,0.0,0.0
2002-11-19 00:00:00+09:00,163.2173609382606,170.06932747142298,162.5145865613035,164.798583984375,6451200,0.0,0.0
2002-11-20 00:00:00+09:00,164.09585864275934,167.7853801862006,162.86602241762222,163.39309692382812,6177600,0.0,0.0
2002-11-21 00:00:00+09:00,166.9069531736721,168.6638641357422,165.15002934357037,168.6638641357422,5299200,0.0,0.0
2002-11-22 00:00:00+09:00,171.65055248576053,174.63729858398438,170.4207037459966,174.63729858398438,4910400,0.0,0.0
2002-11-25 00:00:00+09:00,175.69152463103782,175.69152463103782,171.29924069737226,173.75892639160156,2404800,0.0,0.0
2002-11-26 00:00:00+09:00,175.51578893900498,175.51578893900498,167.78535951120753,167.9610595703125,1598400,0.0,0.0
2002-11-27 00:00:00+09:00,167.96109255957288,172.3533761434047,167.96109255957288,168.13677978515625,1468800,0.0,0.0
2002-11-28 00:00:00+09:00,173.40749920772387,173.93457367340085,170.596439680123,172.52903747558594,1656000,0.0,0.0
2002-11-29 00:00:00+09:00,173.75887347949018,179.02961774208313,171.29918853427083,178.32684326171875,3571200,0.0,0.0
2002-12-02 00:00:00+09:00,178.32684326171875,178.32684326171875,178.32684326171875,178.32684326171875,0,0.0,0.0
2002-12-03 00:00:00+09:00,180.61087475430455,184.47608364611784,179.55672570489816,181.66502380371094,10900800,0.0,0.0
2002-12-04 00:00:00+09:00,181.48929290203668,184.30036513518687,180.2594568425511,182.54344177246094,3960000,0.0,0.0
2002-12-05 00:00:00+09:00,179.02965030638063,179.9080992645781,175.86720317359683,179.20533752441406,2016000,0.0,0.0
2002-12-06 00:00:00+09:00,178.15120910824575,178.67828369140625,175.86722353722757,178.67828369140625,1828800,0.0,0.0
2002-12-09 00:00:00+09:00,176.2185511807999,176.92132568359375,175.69147673771872,176.92132568359375,1195200,0.0,0.0
2002-12-10 00:00:00+09:00,177.09702773497878,178.15117670959177,176.04287876036582,177.79978942871094,1699200,0.0,0.0
2002-12-11 00:00:00+09:00,177.4484411692469,177.4484411692469,176.5699792715868,176.74566650390625,648000,0.0,0.0
2002-12-12 00:00:00+09:00,175.69145167169026,176.74560040745646,174.63730293592405,176.39422607421875,3441600,0.0,0.0
2002-12-13 00:00:00+09:00,177.44839446330525,180.78652820693813,176.56993279686375,178.32684326171875,5601600,0.0,0.0
2002-12-16 00:00:00+09:00,178.3268678427958,179.5567169189453,178.3268678427958,179.5567169189453,2145600,0.0,0.0
2002-12-17 00:00:00+09:00,180.78655757594584,180.78655757594584,179.55672133756167,180.61087036132812,4233600,0.0,0.0
2002-12-18 00:00:00+09:00,180.96219560061863,182.89480590820312,180.25943406514543,182.89480590820312,7977600,0.0,0.0
2002-12-19 00:00:00+09:00,182.89481271618018,188.86831816012327,182.36773832794913,184.82742309570312,13176000,0.0,0.0
2002-12-20 00:00:00+09:00,185.35449628386758,194.49044799804688,185.35449628386758,194.49044799804688,8740800,0.0,0.0
2002-12-23 00:00:00+09:00,194.49044799804688,194.49044799804688,194.49044799804688,194.49044799804688,0,0.0,0.0
2002-12-24 00:00:00+09:00,192.9091983008896,193.78765977739386,189.9224395751953,189.9224395751953,4780800,0.0,0.0
2002-12-25 00:00:00+09:00,190.62526843191165,193.08494068087177,187.98989611657657,192.7335662841797,1008000,0.0,0.0
2002-12-26 00:00:00+09:00,192.3822111968929,192.55789842462403,189.9225256685022,190.44960021972656,1224000,0.0,0.0
2002-12-27 00:00:00+09:00,190.2738483231464,195.01751767192292,189.92246111908,193.43629455566406,2318400,0.0,0.0
2002-12-30 00:00:00+09:00,190.2738389784968,192.38213636330008,190.2738389784968,191.32798767089844,446400,0.0,0.0
2002-12-31 00:00:00+09:00,191.32798767089844,191.32798767089844,191.32798767089844,191.32798767089844,0,0.0,0.0
2003-01-01 00:00:00+09:00,191.32798767089844,191.32798767089844,191.32798767089844,191.32798767089844,0,0.0,0.0
2003-01-02 00:00:00+09:00,191.32798767089844,191.32798767089844,191.32798767089844,191.32798767089844,0,0.0,0.0
2003-01-03 00:00:00+09:00,191.32798767089844,191.32798767089844,191.32798767089844,191.32798767089844,0,0.0,0.0
2003-01-06 00:00:00+09:00,187.81422746360474,191.3280620944442,187.81422746360474,190.44960021972656,806400,0.0,0.0
2003-01-07 00:00:00+09:00,195.72030752660345,195.89600758806824,182.8948335730701,183.59759521484375,11462400,0.0,0.0
2003-01-08 00:00:00+09:00,184.47609135542962,190.8009859161872,184.47609135542962,185.35455322265625,3528000,0.0,0.0
2003-01-09 00:00:00+09:00,185.3544993648053,189.74678168862553,184.6517249280145,186.58433532714844,4392000,0.0,0.0
2003-01-10 00:00:00+09:00,186.58435471143173,186.58435471143173,183.59759521484375,183.59759521484375,2534400,0.0,0.0
2003-01-13 00:00:00+09:00,183.59759521484375,183.59759521484375,183.59759521484375,183.59759521484375,0,0.0,0.0
2003-01-14 00:00:00+09:00,183.59759521484375,184.30036972464595,181.66499748295905,183.59759521484375,1872000,0.0,0.0
2003-01-15 00:00:00+09:00,184.1246348121408,184.1246348121408,180.0837400517656,180.96218872070312,1483200,0.0,0.0
2003-01-16 00:00:00+09:00,180.96221028635372,181.66498474688618,177.62407663692127,177.9754638671875,2750400,0.0,0.0
2003-01-17 00:00:00+09:00,179.55673880438053,182.3677988518671,177.4484405517578,177.4484405517578,4190400,0.0,0.0
2003-01-20 00:00:00+09:00,177.62411395802218,182.71917196129502,177.62411395802218,179.20533752441406,3369600,0.0,0.0
2003-01-21 00:00:00+09:00,179.20533504274894,180.43517128801264,177.62411149825408,179.02964782714844,1166400,0.0,0.0
2003-01-22 00:00:00+09:00,179.0296901568127,179.0296901568127,177.09707885614137,177.27276611328125,4003200,0.0,0.0
2003-01-23 00:00:00+09:00,176.56996783291152,178.67826595628955,174.81305701943998,178.50257873535156,5904000,0.0,0.0
2003-01-24 00:00:00+09:00,179.02961595088357,180.43513916149402,176.56993103027344,176.56993103027344,2304000,0.0,0.0
2003-01-27 00:00:00+09:00,176.92133645031362,179.20532155331676,174.98872575206224,175.8671875,3081600,0.0,0.0
2003-01-28 00:00:00+09:00,175.69150811311,176.5699699644658,175.3401336669922,175.3401336669922,1828800,0.0,0.0
2003-01-29 00:00:00+09:00,175.6914906992677,176.5699524635539,170.2450586439639,170.42074584960938,5529600,0.0,0.0
2003-01-30 00:00:00+09:00,168.48814716746492,171.1235195795315,163.0417022705078,163.0417022705078,6955200,0.0,0.0
2003-01-31 00:00:00+09:00,162.86605165588242,163.39312625671053,161.10914060913285,161.63621520996094,8755200,0.0,0.0
2003-02-03 00:00:00+09:00,161.28479253053996,161.63617981014573,158.64942010357035,161.46047973632812,4492800,0.0,0.0
2003-02-04 00:00:00+09:00,164.97429603687752,168.31242979300947,163.56875993891396,166.20413208007812,3456000,0.0,0.0
2003-02-05 00:00:00+09:00,166.20411622164332,171.65056003905994,166.02842905167165,167.78533935546875,4262400,0.0,0.0
2003-02-06 00:00:00+09:00,166.9068813791942,166.9068813791942,162.33889940107727,164.798583984375,3340800,0.0,0.0
2003-02-07 00:00:00+09:00,163.92017242729858,164.79863423232948,161.81187438964844,161.81187438964844,1137600,0.0,0.0
2003-02-10 00:00:00+09:00,160.05496565334596,161.63618920139868,158.12235480527147,158.64942932128906,4046400,0.0,0.0
2003-02-11 00:00:00+09:00,158.64942932128906,158.64942932128906,158.64942932128906,158.64942932128906,0,0.0,0.0
2003-02-12 00:00:00+09:00,158.12229142968178,160.054901503164,158.12229142968178,158.4736785888672,4262400,0.0,0.0
2003-02-13 00:00:00+09:00,158.64942586744155,158.64942586744155,155.13559154781163,156.01405334472656,4118400,0.0,0.0
2003-02-14 00:00:00+09:00,152.50016710790263,156.18968738364242,150.21618265511984,154.78416442871094,11376000,0.0,0.0
2003-02-17 00:00:00+09:00,156.36543457556357,156.71680898628452,152.85160039214807,153.20298767089844,2664000,0.0,0.0
2003-02-18 00:00:00+09:00,152.67593383789062,152.85162106701475,150.56763561627662,152.67593383789062,2894400,0.0,0.0
2003-02-19 00:00:00+09:00,153.0272410012885,157.77090991385685,152.5001666776698,156.36538696289062,2664000,0.0,0.0
2003-02-20 00:00:00+09:00,157.41957427719902,164.97430381539834,157.41957427719902,160.9333953857422,10872000,0.0,0.0
2003-02-21 00:00:00+09:00,162.86598165647317,165.1499663223997,156.71677633371502,157.2438507080078,10396800,0.0,0.0
2003-02-24 00:00:00+09:00,158.12231697642585,160.58200175206815,157.94662980246108,158.29800415039062,3556800,0.0,0.0
2003-02-25 00:00:00+09:00,158.4736985477437,161.46044473889611,158.4736985477437,159.52784729003906,4910400,0.0,0.0
2003-02-26 00:00:00+09:00,163.04164617902862,163.92010763684206,161.63612328815697,163.21734619140625,3499200,0.0,0.0
2003-02-27 00:00:00+09:00,164.27158821410143,166.7312611059444,161.63621520996094,161.63621520996094,5472000,0.0,0.0
2003-02-28 00:00:00+09:00,165.85273249876155,166.37980684688472,164.44719661442446,165.67703247070312,2750400,0.0,0.0
2003-03-03 00:00:00+09:00,166.55547320735317,167.43393463386425,165.6770117808421,166.9068603515625,2620800,0.0,0.0
2003-03-04 00:00:00+09:00,166.90688869973616,167.43396307155845,165.67703992013304,166.02842712402344,3182400,0.0,0.0
2003-03-05 00:00:00+09:00,166.02841143338188,169.54224453612858,165.50133711137113,167.60963439941406,4190400,0.0,0.0
2003-03-06 00:00:00+09:00,169.36654181568628,169.36654181568628,167.60963172634516,168.31239318847656,1209600,0.0,0.0
2003-03-07 00:00:00+09:00,168.31243011408156,168.31243011408156,165.32568359375,165.32568359375,1944000,0.0,0.0
2003-03-10 00:00:00+09:00,163.5687204801117,164.79856909465553,161.9874975768624,163.21734619140625,2347200,0.0,0.0
2003-03-11 00:00:00+09:00,161.10910728986846,163.0417051811993,160.05495830622272,162.3389434814453,3902400,0.0,0.0
2003-03-12 00:00:00+09:00,163.21735873979267,164.79858176460866,162.86597155604716,163.9201202392578,2361600,0.0,0.0
2003-03-13 00:00:00+09:00,165.67710275888766,170.77216124165537,165.67710275888766,170.24508666992188,8640000,0.0,0.0
2003-03-14 00:00:00+09:00,173.7589027677786,175.5158135287733,172.35336643816478,174.98873901367188,7401600,0.0,0.0
2003-03-17 00:00:00+09:00,174.2859867738486,174.2859867738486,172.00198850534426,172.1776885986328,2937600,0.0,0.0
2003-03-18 00:00:00+09:00,173.93459945530236,174.81306131765254,168.6638540172629,172.1776885986328,4017600,0.0,0.0
2003-03-19 00:00:00+09:00,172.00198877733146,175.5158233642578,171.29922700715855,175.5158233642578,2275200,0.0,0.0
2003-03-20 00:00:00+09:00,173.75885791182517,174.11023225249852,170.24502442890386,173.407470703125,4406400,0.0,0.0
2003-03-21 00:00:00+09:00,173.407470703125,173.407470703125,173.407470703125,173.407470703125,0,0.0,0.0
2003-03-24 00:00:00+09:00,174.28595959600432,174.8130340576172,170.77212556257544,174.8130340576172,3643200,0.0,0.0
2003-03-25 00:00:00+09:00,174.46160888671875,174.46160888671875,172.52899865804753,174.46160888671875,3211200,0.0,0.0
2003-03-26 00:00:00+09:00,172.70469868576149,174.81299607412063,172.70469868576149,174.46160888671875,2347200,0.0,0.0
2003-03-27 00:00:00+09:00,173.93454699265146,175.1643829345703,173.40747260782524,175.1643829345703,1800000,0.0,0.0
2003-03-28 00:00:00+09:00,174.81305912978485,175.5158208900511,174.63735903869525,175.3401336669922,1900800,0.0,0.0
2003-03-31 00:00:00+09:00,175.34007296899983,175.34007296899983,172.70470119525748,174.63729858398438,2808000,0.0,0.0
2003-04-01 00:00:00+09:00,172.88044298792178,172.88044298792178,170.42075759915667,171.8262939453125,2289600,0.0,0.0
2003-04-02 00:00:00+09:00,170.4207478202822,173.2318203512923,170.4207478202822,171.29920959472656,3009600,0.0,0.0
2003-04-03 00:00:00+09:00,171.4748484373415,173.0560714645343,171.12347412109375,171.12347412109375,1987200,0.0,0.0
2003-04-04 00:00:00+09:00,171.29920959472656,171.82628408578725,171.12352238704952,171.29920959472656,3240000,0.0,0.0
2003-04-07 00:00:00+09:00,171.29922809022844,173.93460083007812,171.12354086358212,173.93460083007812,2678400,0.0,0.0
2003-04-08 00:00:00+09:00,173.9345557536554,173.9345557536554,172.35333251953125,172.35333251953125,2779200,0.0,0.0
2003-04-09 00:00:00+09:00,172.1776885986328,172.1776885986328,170.77215219247867,172.1776885986328,2116800,0.0,0.0
2003-04-10 00:00:00+09:00,172.0019642646391,173.0561132036829,169.54229198555623,170.06936645507812,1396800,0.0,0.0
2003-04-11 00:00:00+09:00,170.4207227536523,172.17764604412088,170.4207227536523,170.77210998535156,2016000,0.0,0.0
2003-04-14 00:00:00+09:00,170.4207493472554,173.93458360848726,167.43400244983653,173.05612182617188,3384000,0.0,0.0
2003-04-15 00:00:00+09:00,173.0560834944248,175.1643810105722,170.42071159924055,173.407470703125,4953600,0.0,0.0
2003-04-16 00:00:00+09:00,174.6373517142609,178.32687331997084,173.7589027677786,174.98873901367188,6523200,0.0,0.0
2003-04-17 00:00:00+09:00,174.1102344077038,175.69145756438738,174.1102344077038,174.2859344482422,4204800,0.0,0.0
2003-04-18 00:00:00+09:00,174.81303368846477,178.5025549119638,174.6373336229456,175.6914825439453,3888000,0.0,0.0
2003-04-21 00:00:00+09:00,176.21850745545999,191.50366251208783,175.69143314316247,189.9224395751953,12816000,0.0,0.0
2003-04-22 00:00:00+09:00,186.40865598320983,188.16556641294235,185.5301943343297,186.2329559326172,2980800,0.0,0.0
2003-04-23 00:00:00+09:00,186.93573142378222,186.93573142378222,182.8948232584132,183.77328491210938,4608000,0.0,0.0
2003-04-24 00:00:00+09:00,186.23295695361415,186.23295695361415,183.77328491210938,183.77328491210938,1713600,0.0,0.0
2003-04-25 00:00:00+09:00,185.35451530036318,186.93573861704488,183.59759192536467,185.0031280517578,1771200,0.0,0.0
2003-04-28 00:00:00+09:00,187.9898380127822,189.57106091325974,186.4086151123047,186.4086151123047,2808000,0.0,0.0
2003-04-29 00:00:00+09:00,186.4086151123047,186.4086151123047,186.4086151123047,186.4086151123047,0,0.0,0.0
2003-04-30 00:00:00+09:00,189.74685119459835,190.62531312836174,187.98994019510343,190.27392578125,3484800,0.0,0.0
2003-05-01 00:00:00+09:00,190.97660771209888,192.90921801065528,189.57108464771835,192.55783081054688,3542400,0.0,0.0
2003-05-02 00:00:00+09:00,192.9092248435912,195.72028393994785,192.9092248435912,194.49044799804688,4608000,0.0,0.0
2003-05-05 00:00:00+09:00,194.49044799804688,194.49044799804688,194.49044799804688,194.49044799804688,0,0.0,0.0
2003-05-06 00:00:00+09:00,194.49044271933064,196.598740201383,193.96336834881757,195.01751708984375,3657600,0.0,0.0
2003-05-07 00:00:00+09:00,191.67940291456168,193.96338779307226,189.92247959137396,191.15232849121094,3297600,0.0,0.0
2003-05-08 00:00:00+09:00,191.32807495455333,193.08498595404822,190.27392578125,190.27392578125,7603200,0.0,0.0
2003-05-09 00:00:00+09:00,191.50368207824823,193.08490517669622,190.80092054605794,192.55783081054688,7272000,0.0,0.0
2003-05-12 00:00:00+09:00,193.2606279641349,193.7877023923389,191.50370462476963,192.90924072265625,6552000,0.0,0.0
2003-05-13 00:00:00+09:00,194.31478679474864,199.40983128356447,194.31478679474864,198.35568237304688,4924800,0.0,0.0
2003-05-14 00:00:00+09:00,195.8960105180565,200.8153678201073,195.8960105180565,197.47723388671875,2851200,0.0,0.0
2003-05-15 00:00:00+09:00,200.99105338064948,200.99105338064948,190.8009515993109,190.9766387939453,4852800,0.0,0.0
2003-05-16 00:00:00+09:00,192.73351115279883,193.26058546509634,189.9224395751953,189.9224395751953,4852800,0.0,0.0
2003-05-19 00:00:00+09:00,189.9224749999402,191.67939828065377,188.1655645872542,190.09817504882812,3024000,0.0,0.0
2003-05-20 00:00:00+09:00,191.5037069160053,191.6794069728608,187.98988593128988,188.1655731201172,2836800,0.0,0.0
2003-05-21 00:00:00+09:00,188.34127114786708,188.516971214834,180.96222864006594,182.19207763671875,6652800,0.0,0.0
2003-05-22 00:00:00+09:00,182.01636860868297,185.0031280517578,181.84068141839444,185.0031280517578,4939200,0.0,0.0
2003-05-23 00:00:00+09:00,184.47607765735034,188.5169865049023,183.246241428978,187.1114501953125,4636800,0.0,0.0
2003-05-26 00:00:00+09:00,187.46280158998843,188.86832476238607,183.77328074339653,187.63848876953125,4377600,0.0,0.0
2003-05-27 00:00:00+09:00,184.65175242358336,187.46282485327495,181.84069286192084,182.36776733398438,7488000,0.0,0.0
2003-05-28 00:00:00+09:00,182.894822598902,184.12465861521966,179.7323760986328,179.7323760986328,6696000,0.0,0.0
2003-05-29 00:00:00+09:00,178.3268727730221,181.8407071522643,177.27272374605246,179.90809631347656,5788800,0.0,0.0
2003-05-30 00:00:00+09:00,180.6108502095283,181.84068631069252,180.43515014648438,180.43515014648438,3499200,0.0,0.0
2003-06-02 00:00:00+09:00,182.71913577867778,185.7058822339529,181.8406741264057,184.6517333984375,6379200,0.0,0.0
2003-06-03 00:00:00+09:00,185.3544778467341,205.3833024775803,185.3544778467341,199.93685913085938,28526400,0.0,0.0
2003-06-04 00:00:00+09:00,206.9645814220226,207.14026862430322,198.1800025514962,198.7070770263672,20347200,0.0,0.0
2003-06-05 00:00:00+09:00,199.23416586818254,201.8695384325765,193.7877335244451,196.24740600585938,10310400,0.0,0.0
2003-06-06 00:00:00+09:00,193.4363197243732,194.84185585549162,189.92248583059128,193.96339416503906,10094400,0.0,0.0
2003-06-09 00:00:00+09:00,190.44952613788837,193.26059789631012,189.04400312670356,191.32798767089844,8452800,0.0,0.0
2003-06-10 00:00:00+09:00,190.4495540147247,191.32801567631856,189.04403079780798,191.15232849121094,4622400,0.0,0.0
2003-06-11 00:00:00+09:00,192.90923648091425,197.47721904758265,192.90923648091425,196.77444458007812,4795200,0.0,0.0
2003-06-12 00:00:00+09:00,197.4772211404711,200.46396762092212,195.54461063639323,197.6529083251953,3715200,0.0,0.0
2003-06-13 00:00:00+09:00,197.65289430695822,197.65289430695822,193.96337361322833,194.49044799804688,6811200,0.0,0.0
2003-06-16 00:00:00+09:00,196.77443954227553,196.77443954227553,193.9633803483092,196.42306518554688,2433600,0.0,0.0
2003-06-17 00:00:00+09:00,198.35568273506752,200.28829336388654,196.59877217034125,197.47723388671875,5644800,0.0,0.0
2003-06-18 00:00:00+09:00,197.4772080370694,198.53135681152344,196.95013364984237,198.53135681152344,5097600,0.0,0.0
2003-06-19 00:00:00+09:00,200.46395431933786,201.1667287476586,194.1390616726135,198.53135681152344,8438400,0.0,0.0
2003-06-20 00:00:00+09:00,200.28828806691357,203.80212197146537,198.88275193148718,202.9236602783203,13550400,0.0,0.0
2003-06-23 00:00:00+09:00,206.43753436048058,209.07290708479294,205.2076851771142,208.37013244628906,16473600,0.0,0.0
2003-06-24 00:00:00+09:00,210.12700879393554,216.9789634641008,208.1943982758717,216.45188903808594,25977600,0.0,0.0
2003-06-25 00:00:00+09:00,219.6589168174239,223.17347678464304,208.41238412726733,214.38711547851562,16905600,0.052083,2.0
2003-06-26 00:00:00+09:00,211.22402219050323,211.57546788278927,204.19492815582407,204.54638671875,5781600,0.0,0.0
2003-06-27 00:00:00+09:00,203.84348447514947,212.27838710349164,203.84348447514947,211.57546997070312,7192800,0.0,0.0
2003-06-30 00:00:00+09:00,211.57546709755817,213.33274703502602,209.81820003073014,211.9269256591797,4521600,0.0,0.0
2003-07-01 00:00:00+09:00,212.27837561869796,212.27837561869796,205.24928189494446,209.8181915283203,6660000,0.0,0.0
2003-07-02 00:00:00+09:00,209.11526927740016,211.2239946386155,206.65508539910286,210.1696319580078,5644800,0.0,0.0
2003-07-03 00:00:00+09:00,210.16963851292118,215.08999355233695,207.35799602985054,208.0609130859375,8553600,0.0,0.0
2003-07-04 00:00:00+09:00,211.22401756805033,214.035647398008,208.41237486745305,213.68418884277344,3261600,0.0,0.0
2003-07-07 00:00:00+09:00,213.6840985668234,217.55008955856493,213.6840985668234,216.84719848632812,5918400,0.0,0.0
2003-07-08 00:00:00+09:00,221.41620292482784,223.87637437689892,218.60456002154586,222.47056579589844,6429600,0.0,0.0
2003-07-09 00:00:00+09:00,221.0647377926271,221.7676291507323,218.25309513636998,221.4161834716797,2757600,0.0,0.0
2003-07-10 00:00:00+09:00,222.82196002647518,226.68796490765084,221.06470614152948,223.17343139648438,5997600,0.0,0.0
2003-07-11 00:00:00+09:00,223.52488978929333,223.52488978929333,215.7928924560547,215.7928924560547,2354400,0.0,0.0
2003-07-14 00:00:00+09:00,222.8219567360312,223.17342810085017,219.65886890030865,220.36178588867188,842400,0.0,0.0
2003-07-15 00:00:00+09:00,220.71320648649854,221.41612339516107,218.25303591808733,219.65884399414062,2685600,0.0,0.0
2003-07-16 00:00:00+09:00,220.7132172752935,220.7132172752935,218.6044921875,218.6044921875,3520800,0.0,0.0
2003-07-17 00:00:00+09:00,219.30743408203125,221.4161594097431,215.08998342660757,219.30743408203125,2203200,0.0,0.0
2003-07-18 00:00:00+09:00,218.9559231855752,218.9559231855752,216.84719848632812,216.84719848632812,1821600,0.0,0.0
2003-07-21 00:00:00+09:00,216.84719848632812,216.84719848632812,216.84719848632812,216.84719848632812,0,0.0,0.0
2003-07-22 00:00:00+09:00,217.90170344099982,218.95606648064773,216.8473404013519,217.55023193359375,1440000,0.0,0.0
2003-07-23 00:00:00+09:00,218.95605875050555,220.36186750664297,217.9016957480814,220.0104217529297,2584800,0.0,0.0
2003-07-24 00:00:00+09:00,220.01032607354435,220.01032607354435,217.55012964360324,218.6044921875,2570400,0.0,0.0
2003-07-25 00:00:00+09:00,217.9016225997097,218.25306823544463,216.49578857421875,216.49578857421875,2152800,0.0,0.0
2003-07-28 00:00:00+09:00,217.90161246523806,217.90161246523806,214.3870661768835,216.1443328857422,4492800,0.0,0.0
2003-07-29 00:00:00+09:00,216.84729441090596,217.55018579407385,214.73855590820312,214.73855590820312,2556000,0.0,0.0
2003-07-30 00:00:00+09:00,216.14433477420616,216.14433477420616,212.62978845514485,212.9812469482422,1735200,0.0,0.0
2003-07-31 00:00:00+09:00,212.62984101109674,212.62984101109674,210.52111527257134,210.87257385253906,2232000,0.0,0.0
2003-08-01 00:00:00+09:00,210.8725528478521,211.22401139281158,206.65510179089503,208.41236877441406,3276000,0.0,0.0
2003-08-04 00:00:00+09:00,208.41232468410308,208.76378315471038,204.89779146057606,205.24923706054688,2332800,0.0,0.0
2003-08-05 00:00:00+09:00,204.1949152360519,204.54637377674044,201.38328552246094,201.38328552246094,2152800,0.0,0.0
2003-08-06 00:00:00+09:00,201.73474551734037,203.84347103539397,201.73474551734037,202.7891082763672,2642400,0.0,0.0
2003-08-07 00:00:00+09:00,203.8434585452109,203.8434585452109,202.43763732910156,202.43763732910156,1447200,0.0,0.0
2003-08-08 00:00:00+09:00,202.43767073789212,202.78912931758111,200.32894500103907,202.08621215820312,2764800,0.0,0.0
2003-08-11 00:00:00+09:00,203.49204197143013,204.5464048831992,203.1405833772934,204.1949462890625,1123200,0.0,0.0
2003-08-12 00:00:00+09:00,207.00658489033623,209.1153106689453,205.9522220010317,209.1153106689453,4082400,0.0,0.0
2003-08-13 00:00:00+09:00,209.8181799848777,210.52108417032608,207.70945455789402,208.0609130859375,2124000,0.0,0.0
2003-08-14 00:00:00+09:00,209.8182149716014,210.87257786090595,208.06094777964077,209.1153106689453,1728000,0.0,0.0
2003-08-15 00:00:00+09:00,207.70950317382812,207.70950317382812,207.70950317382812,207.70950317382812,1857600,0.0,0.0
2003-08-18 00:00:00+09:00,205.95215400176147,206.65505807233959,204.89779146057606,205.24923706054688,1958400,0.0,0.0
2003-08-19 00:00:00+09:00,206.30362459763035,208.76380844868615,204.89781628614537,205.95217895507812,1879200,0.0,0.0
2003-08-20 00:00:00+09:00,208.06093842705752,217.90166257509463,208.06093842705752,214.38711547851562,6127200,0.0,0.0
2003-08-21 00:00:00+09:00,214.38708411956642,217.90163070206367,209.4667163299426,215.7928924560547,7495200,0.0,0.0
2003-08-22 00:00:00+09:00,212.2783541329354,212.98125828591057,206.30362378541358,207.3579864501953,11764800,0.0,0.0
2003-08-25 00:00:00+09:00,203.1405635830221,205.6007477609735,200.3289337158203,200.3289337158203,10036800,0.0,0.0
2003-08-26 00:00:00+09:00,200.68040466308594,205.6007604520672,199.62604178897277,200.68040466308594,9043200,0.0,0.0
2003-08-27 00:00:00+09:00,201.3832796752343,201.3832796752343,196.8143702614995,198.923095703125,7077600,0.0,0.0
2003-08-28 00:00:00+09:00,197.86876607753078,198.220224666799,195.05713597530752,195.76004028320312,5529600,0.0,0.0
2003-08-29 00:00:00+09:00,198.22018804678683,208.0609108925139,197.86872952244852,203.8434600830078,9770400,0.0,0.0
2003-09-01 00:00:00+09:00,207.3580251337143,208.41238799519192,205.6007579881318,206.65512084960938,7178400,0.0,0.0
2003-09-02 00:00:00+09:00,209.11529362061276,211.926923472657,204.54638384923115,204.89784240722656,5385600,0.0,0.0
2003-09-03 00:00:00+09:00,209.11527359489043,209.11527359489043,203.49200155866947,203.8434600830078,5572800,0.0,0.0
2003-09-04 00:00:00+09:00,200.32898418719952,207.3580670614483,200.32898418719952,205.60079956054688,3837600,0.0,0.0
2003-09-05 00:00:00+09:00,205.95218548776086,206.30363114146073,203.49200155866947,203.8434600830078,2952000,0.0,0.0
2003-09-08 00:00:00+09:00,205.60073270383486,206.6550954356494,202.78910304254237,203.1405487060547,4132800,0.0,0.0
2003-09-09 00:00:00+09:00,201.38328177657672,205.24927416968376,199.97746051061105,203.1405487060547,9050400,0.0,0.0
2003-09-10 00:00:00+09:00,201.3832739411846,202.08617811149952,199.2745485596015,199.62600708007812,4636800,0.0,0.0
2003-09-11 00:00:00+09:00,199.27460012128276,199.6260587326982,194.70568965544865,196.11151123046875,6883200,0.0,0.0
2003-09-12 00:00:00+09:00,196.81436032161747,200.3289068370414,196.4629146795217,198.57164001464844,5572800,0.0,0.0
2003-09-15 00:00:00+09:00,198.57164001464844,198.57164001464844,198.57164001464844,198.57164001464844,0,0.0,0.0
2003-09-16 00:00:00+09:00,198.5716320063308,199.2745361328125,196.8143523841702,199.2745361328125,4665600,0.0,0.0
2003-09-17 00:00:00+09:00,199.62602946667982,200.68039227571046,198.92311234689956,200.3289337158203,5385600,0.0,0.0
2003-09-18 00:00:00+09:00,200.68037046194368,203.49200002352396,198.57164507309886,202.43763732910156,6415200,0.0,0.0
2003-09-19 00:00:00+09:00,201.03182942473924,208.41236877441406,201.03182942473924,208.41236877441406,9259200,0.0,0.0
2003-09-22 00:00:00+09:00,208.76378315471038,208.76378315471038,202.08614943699067,205.24923706054688,7092000,0.0,0.0
2003-09-23 00:00:00+09:00,205.24923706054688,205.24923706054688,205.24923706054688,205.24923706054688,0,0.0,0.0
2003-09-24 00:00:00+09:00,205.95219506885545,205.95219506885545,200.68038131172295,201.38328552246094,2707200,0.0,0.0
2003-09-25 00:00:00+09:00,203.1405761222563,204.54639757795402,198.22022033327505,200.68040466308594,2232000,0.0,0.0
2003-09-26 00:00:00+09:00,201.7347382057181,201.7347382057181,198.57165004327987,198.923095703125,2469600,0.0,0.0
2003-09-29 00:00:00+09:00,202.43763578055078,203.1405399479094,199.27454772147968,201.0318145751953,2145600,0.0,0.0
2003-09-30 00:00:00+09:00,201.7347425885129,201.7347425885129,198.92310002483535,199.9774627685547,2556000,0.0,0.0
2003-10-01 00:00:00+09:00,197.1658548719683,199.6260391694969,196.46295058866318,197.86875915527344,4500000,0.0,0.0
2003-10-02 00:00:00+09:00,197.86872734833335,202.08617811149952,196.8143646575418,199.62600708007812,6739200,0.0,0.0
2003-10-03 00:00:00+09:00,200.32893263584492,205.6007466525777,199.9774740778495,204.89784240722656,5284800,0.0,0.0
2003-10-06 00:00:00+09:00,207.3579872665631,208.06090429294366,205.2492619286976,205.95217895507812,3384000,0.0,0.0
2003-10-07 00:00:00+09:00,206.6551402135549,207.70950317382812,205.60077725328165,207.70950317382812,4838400,0.0,0.0
2003-10-08 00:00:00+09:00,208.06090347380845,208.41234911497705,206.65508229722013,207.3579864501953,4003200,0.0,0.0
2003-10-09 00:00:00+09:00,207.70944496200187,207.70944496200187,205.6007196324384,207.3579864501953,4528800,0.0,0.0
2003-10-10 00:00:00+09:00,205.95218123557714,210.5210776044516,205.95218123557714,210.1696319580078,7214400,0.0,0.0
2003-10-13 00:00:00+09:00,210.1696319580078,210.1696319580078,210.1696319580078,210.1696319580078,0,0.0,0.0
2003-10-14 00:00:00+09:00,214.38706804999416,215.79287628110885,211.9268843395875,212.9812469482422,6444000,0.0,0.0
2003-10-15 00:00:00+09:00,211.22403644755437,212.27839933685888,207.35803060634393,209.1153106689453,2786400,0.0,0.0
2003-10-16 00:00:00+09:00,210.1696486285723,211.92691561209134,205.6007390266558,208.41236877441406,3456000,0.0,0.0
2003-10-17 00:00:00+09:00,206.65511235502575,208.06093373608957,201.38329826433633,204.54638671875,3866400,0.0,0.0
2003-10-20 00:00:00+09:00,201.38329790742353,203.492023539962,200.68039365345732,201.73475646972656,3564000,0.0,0.0
2003-10-21 00:00:00+09:00,204.54637377674044,204.54637377674044,201.0318269817724,201.38328552246094,1958400,0.0,0.0
2003-10-22 00:00:00+09:00,204.54637377674044,204.54637377674044,201.0318269817724,201.38328552246094,2102400,0.0,0.0
2003-10-23 00:00:00+09:00,198.22020845321777,198.22020845321777,188.02803890452444,190.1367645263672,7070400,0.0,0.0
2003-10-24 00:00:00+09:00,193.29987563305014,195.05714290049852,190.13678682925828,190.83969116210938,3031200,0.0,0.0
2003-10-27 00:00:00+09:00,190.13676906536517,196.11148751300314,189.78531049645466,194.0027618408203,3470400,0.0,0.0
2003-10-28 00:00:00+09:00,197.51730520464963,203.84348210226503,195.76002526377434,201.73475646972656,10238400,0.0,0.0
2003-10-29 00:00:00+09:00,204.1949462890625,207.35803502436968,203.8435005655668,204.1949462890625,7732800,0.0,0.0
2003-10-30 00:00:00+09:00,207.35800884670522,211.92691851112164,204.54637906048555,211.22401428222656,10310400,0.0,0.0
2003-10-31 00:00:00+09:00,210.87259205464784,211.22405066495278,205.9522358635866,207.70950317382812,7005600,0.0,0.0
2003-11-03 00:00:00+09:00,207.70950317382812,207.70950317382812,207.70950317382812,207.70950317382812,0,0.0,0.0
2003-11-04 00:00:00+09:00,210.52109622956633,214.03564309940847,209.11528777814092,212.62982177734375,8827200,0.0,0.0
2003-11-05 00:00:00+09:00,211.2239946386155,211.9268988021412,209.11526927740016,210.1696319580078,2808000,0.0,0.0
2003-11-06 00:00:00+09:00,210.16971050766224,210.16971050766224,205.60079956054688,205.60079956054688,3160800,0.0,0.0
2003-11-07 00:00:00+09:00,202.08625168810096,208.4124301361178,202.08625168810096,205.60079956054688,3196800,0.0,0.0
2003-11-10 00:00:00+09:00,207.70947083784506,209.11529218956653,198.5716642282546,203.4920196533203,1533600,0.0,0.0
2003-11-11 00:00:00+09:00,200.32893509115428,204.89784491853425,200.32893509115428,201.73475646972656,3016800,0.0,0.0
2003-11-12 00:00:00+09:00,200.6803355079578,201.38323955826326,196.11142700438202,196.8143310546875,3117600,0.0,0.0
2003-11-13 00:00:00+09:00,196.814368118864,198.22018935485596,194.35419704417623,194.7056427001953,3744000,0.0,0.0
2003-11-14 00:00:00+09:00,195.05709194244548,200.680363748116,195.05709194244548,197.1658172607422,6170400,0.0,0.0
2003-11-17 00:00:00+09:00,196.81437719637194,196.81437719637194,189.433837890625,189.433837890625,2577600,0.0,0.0
2003-11-18 00:00:00+09:00,189.43387659231817,192.24551976840513,188.7309722336173,191.5426025390625,6962400,0.0,0.0
2003-11-19 00:00:00+09:00,190.83966877676818,191.19112733728855,189.7853059658468,190.1367645263672,3614400,0.0,0.0
2003-11-20 00:00:00+09:00,190.8396630447902,191.54256727407906,187.67657470703125,187.67657470703125,7488000,0.0,0.0
2003-11-21 00:00:00+09:00,188.02803325699537,192.59693005333204,186.9736704777424,187.67657470703125,3729600,0.0,0.0
2003-11-24 00:00:00+09:00,187.67657470703125,187.67657470703125,187.67657470703125,187.67657470703125,0,0.0,0.0
2003-11-25 00:00:00+09:00,191.1911255281603,191.5425712147154,185.21639440904804,185.9193115234375,5731200,0.0,0.0
2003-11-26 00:00:00+09:00,186.9736980254664,192.24551269845287,186.9736980254664,190.83969116210938,4240800,0.0,0.0
2003-11-27 00:00:00+09:00,192.94837230957987,193.65127647951127,190.4881884088624,192.24546813964844,3571200,0.0,0.0
2003-11-28 00:00:00+09:00,191.89402194942036,191.89402194942036,188.73093367552883,189.433837890625,2138400,0.0,0.0
2003-12-01 00:00:00+09:00,182.40477064381477,194.35422040973083,182.40477064381477,194.0027618408203,4500000,0.0,0.0
2003-12-02 00:00:00+09:00,194.35420798644464,195.76001643094597,190.8396611339127,193.6512908935547,8510400,0.0,0.0
2003-12-03 00:00:00+09:00,197.1658741940734,197.51733280548885,191.54260076463464,196.11151123046875,7480800,0.0,0.0
2003-12-04 00:00:00+09:00,196.46288546485283,198.57161048640532,196.46288546485283,196.8143310546875,7416000,0.0,0.0
2003-12-05 00:00:00+09:00,196.81440318036695,196.81440318036695,193.29986877024808,195.76004028320312,5587200,0.0,0.0
2003-12-08 00:00:00+09:00,189.78529643349268,195.40856876617957,186.62220815960112,189.433837890625,4550400,0.0,0.0
2003-12-09 00:00:00+09:00,189.08239892457928,189.4338446092725,185.91931053850251,187.3251190185547,3168000,0.0,0.0
2003-12-10 00:00:00+09:00,193.29986862318052,195.05713582690296,186.27077406700903,192.9484100341797,4939200,0.0,0.0
2003-12-11 00:00:00+09:00,190.83968009529534,194.3542272970244,189.4338586404756,191.89404296875,5083200,0.0,0.0
2003-12-12 00:00:00+09:00,195.40856612619686,202.78910533223223,193.65128630623866,199.9774627685547,12276000,0.0,0.0
2003-12-15 00:00:00+09:00,199.62602946667982,202.08620077399146,199.27457090678968,200.3289337158203,5378400,0.0,0.0
2003-12-16 00:00:00+09:00,199.62602946667982,201.7347550847411,198.92311234689956,200.3289337158203,5731200,0.0,0.0
2003-12-17 00:00:00+09:00,201.73473315636608,203.14054150183705,200.32891194025675,202.43763732910156,7927200,0.0,0.0
2003-12-18 00:00:00+09:00,202.08618825599336,202.08618825599336,198.92310002483535,199.9774627685547,3996000,0.0,0.0
2003-12-19 00:00:00+09:00,200.32894024023832,200.32894024023832,195.05712602338994,195.40858459472656,2628000,0.0,0.0
2003-12-22 00:00:00+09:00,191.8940483903043,195.40859569132937,191.54258979900953,194.35423278808594,4118400,0.0,0.0
2003-12-23 00:00:00+09:00,194.35423278808594,194.35423278808594,194.35423278808594,194.35423278808594,0,0.0,0.0
2003-12-24 00:00:00+09:00,191.5425545721923,195.40855975351056,189.08238349750454,194.7056427001953,8193600,0.0,0.0
2003-12-25 00:00:00+09:00,195.05713582690296,195.05713582690296,190.8396842414564,192.9484100341797,1180800,0.0,0.0
2003-12-26 00:00:00+09:00,191.89400961936357,192.596913789295,191.19110544943214,192.24546813964844,2440800,0.0,0.0
2003-12-29 00:00:00+09:00,192.24546813964844,193.29983082986473,190.83964692914728,192.24546813964844,1598400,0.0,0.0
2003-12-30 00:00:00+09:00,192.24547162550755,195.05710122685295,190.83965038951558,194.7056427001953,1447200,0.0,0.0
2003-12-31 00:00:00+09:00,194.7056427001953,194.7056427001953,194.7056427001953,194.7056427001953,0,0.0,0.0
2004-01-01 00:00:00+09:00,194.7056427001953,194.7056427001953,194.7056427001953,194.7056427001953,0,0.0,0.0
2004-01-02 00:00:00+09:00,194.7056427001953,194.7056427001953,194.7056427001953,194.7056427001953,0,0.0,0.0
2004-01-05 00:00:00+09:00,196.4629585945728,196.4629585945728,193.6513156054964,194.35423278808594,2275200,0.0,0.0
2004-01-06 00:00:00+09:00,194.70563927595873,201.03181542070797,192.94837241485226,199.62600708007812,8560800,0.0,0.0
2004-01-07 00:00:00+09:00,203.1405915572452,206.6551390282109,202.43768721130866,206.30368041992188,11289600,0.0,0.0
2004-01-08 00:00:00+09:00,196.81438842885888,206.30365379209985,195.40857991843492,204.54638671875,32601600,0.0,0.0
2004-01-09 00:00:00+09:00,205.60079956054688,207.3580670614483,204.8978951343149,205.60079956054688,15681600,0.0,0.0
2004-01-12 00:00:00+09:00,205.60079956054688,205.60079956054688,205.60079956054688,205.60079956054688,0,0.0,0.0
2004-01-13 00:00:00+09:00,206.65509927959343,206.65509927959343,197.51729305744348,201.38328552246094,6976800,0.0,0.0
2004-01-14 00:00:00+09:00,200.32892130667412,205.24927648715138,197.51729161363554,199.9774627685547,7358400,0.0,0.0
2004-01-15 00:00:00+09:00,203.49200155866947,206.30363114146073,200.3289134515399,203.8434600830078,8344800,0.0,0.0
2004-01-16 00:00:00+09:00,207.00654391618482,213.68416564627458,206.65508539910286,210.1696319580078,11836800,0.0,0.0
2004-01-19 00:00:00+09:00,209.11532354495108,214.03567970778988,205.60077607398534,206.30368041992188,4572000,0.0,0.0
2004-01-20 00:00:00+09:00,210.1696614464061,212.27838710349164,207.7094772229263,211.57546997070312,6120000,0.0,0.0
2004-01-21 00:00:00+09:00,213.68415913515028,219.65887651966,213.33271349941532,216.49578857421875,13845600,0.0,0.0
2004-01-22 00:00:00+09:00,217.55019142822482,218.95602571352848,216.49582858488725,217.19874572753906,8064000,0.0,0.0
2004-01-23 00:00:00+09:00,218.25303591808733,222.82193147121436,217.5501190094248,219.65884399414062,13161600,0.0,0.0
2004-01-26 00:00:00+09:00,218.25310857087663,218.6045542715624,216.14438288420152,217.19874572753906,3168000,0.0,0.0
2004-01-27 00:00:00+09:00,216.49584664137566,217.90168104393067,213.33277071819185,214.03567504882812,6703200,0.0,0.0
2004-01-28 00:00:00+09:00,214.38716523370516,222.470611274147,212.981343494681,215.4415283203125,12002400,0.0,0.0
2004-01-29 00:00:00+09:00,216.1443328857422,217.55014110457424,213.33270357744087,216.1443328857422,5191200,0.0,0.0
2004-01-30 00:00:00+09:00,217.55014688908796,223.17343139648438,216.8472556316197,223.17343139648438,9583200,0.0,0.0
2004-02-02 00:00:00+09:00,221.4161955399389,222.1191126776353,218.2531070322255,218.95602416992188,7128000,0.0,0.0
2004-02-03 00:00:00+09:00,218.60445190818848,218.9559231855752,215.44137772995205,216.84719848632812,6264000,0.0,0.0
2004-02-04 00:00:00+09:00,218.6045539755142,219.6589168174239,213.68419833681574,214.38711547851562,3650400,0.0,0.0
2004-02-05 00:00:00+09:00,213.33275263660593,214.7385611787254,212.62983549490605,214.38711547851562,2412000,0.0,0.0
2004-02-06 00:00:00+09:00,214.0356503036301,214.38710886363586,179.24167759417298,184.1620330810547,160761600,0.0,0.0
2004-02-09 00:00:00+09:00,191.19111428586456,197.8687363854338,186.2707462570211,186.97366333007812,117064800,0.0,0.0
2004-02-10 00:00:00+09:00,192.24548766655636,194.7056589465219,188.73094071864034,193.2998504638672,22752000,0.0,0.0
2004-02-11 00:00:00+09:00,193.2998504638672,193.2998504638672,193.2998504638672,193.2998504638672,0,0.0,0.0
2004-02-12 00:00:00+09:00,196.4629042354458,197.16580835290858,194.35417901242002,195.0570831298828,16135200,0.0,0.0
2004-02-13 00:00:00+09:00,196.46291357577408,196.8143592158954,189.08237494429503,192.59690856933594,14040000,0.0,0.0
2004-02-16 00:00:00+09:00,194.70563065122766,198.92308122757655,192.94836386796155,197.51727294921875,15494400,0.0,0.0
2004-02-17 00:00:00+09:00,199.62601276409262,199.62601276409262,196.46292460165438,198.923095703125,9525600,0.0,0.0
2004-02-18 00:00:00+09:00,197.86876607753078,197.86876607753078,194.7056773860393,195.76004028320312,7228800,0.0,0.0
2004-02-19 00:00:00+09:00,196.11147405746135,199.97746656766418,195.4085698385079,198.22019958496094,19317600,0.0,0.0
2004-02-20 00:00:00+09:00,200.32896010443105,200.32896010443105,195.40860397102728,196.4629669189453,9907200,0.0,0.0
2004-02-23 00:00:00+09:00,196.11151304722247,196.11151304722247,191.19115679503295,191.5426025390625,16977600,0.0,0.0
2004-02-24 00:00:00+09:00,188.37945792277648,192.59690856933594,188.37945792277648,192.59690856933594,18216000,0.0,0.0
2004-02-25 00:00:00+09:00,193.2997979325241,197.86869356546373,192.24543542174783,196.8143310546875,17870400,0.0,0.0
2004-02-26 00:00:00+09:00,199.27456846879554,204.89784100504176,197.86874711707407,203.4920196533203,30060000,0.0,0.0
2004-02-27 00:00:00+09:00,203.84346137970138,210.52108329013825,202.78909867061782,209.4667205810547,22536000,0.0,0.0
2004-03-01 00:00:00+09:00,210.521097137622,222.11910057106368,208.41237158074887,221.4161834716797,33602400,0.0,0.0
2004-03-02 00:00:00+09:00,220.7132432067922,220.7132432067922,215.4414427385636,217.90162658691406,10800000,0.0,0.0
2004-03-03 00:00:00+09:00,214.38710164758447,215.79291009900987,210.87255477774232,212.62982177734375,9266400,0.0,0.0
2004-03-04 00:00:00+09:00,213.6841622512537,220.71324238674714,212.62979958739777,219.30743408203125,9252000,0.0,0.0
2004-03-05 00:00:00+09:00,219.65884399414062,220.71320648649854,217.90159033439195,219.65884399414062,5558400,0.0,0.0
2004-03-08 00:00:00+09:00,218.9559635296476,220.7132172752935,214.38705488254956,218.6044921875,4615200,0.0,0.0
2004-03-09 00:00:00+09:00,213.33280214709782,216.49587853627668,213.33280214709782,215.4415283203125,11268000,0.0,0.0
2004-03-10 00:00:00+09:00,214.38707614789575,216.8472599512293,213.68415913515028,216.49578857421875,7855200,0.0,0.0
2004-03-11 00:00:00+09:00,216.49581525854944,221.4161834716797,215.09000680106027,221.4161834716797,10612800,0.0,0.0
2004-03-12 00:00:00+09:00,221.7676762627804,221.7676762627804,217.55022425308388,220.0104217529297,7394400,0.0,0.0
2004-03-15 00:00:00+09:00,220.71325243966115,229.49962553284087,220.71325243966115,227.0394287109375,18554400,0.0,0.0
2004-03-16 00:00:00+09:00,228.09379531948383,230.55399218341626,227.0394325895921,228.4452667236328,10353600,0.0,0.0
2004-03-17 00:00:00+09:00,229.14812863200447,237.2315837705364,229.14812863200447,235.47430419921875,12132000,0.0,0.0
2004-03-18 00:00:00+09:00,238.98894854170646,242.50348319600334,236.1773053734989,237.93458557128906,10908000,0.0,0.0
2004-03-19 00:00:00+09:00,237.93456191279904,238.98892477837822,235.4743647322603,235.82583618164062,6436800,0.0,0.0
2004-03-22 00:00:00+09:00,235.122895223365,236.17725798221417,232.3112526193411,233.7170867919922,7056000,0.0,0.0
2004-03-23 00:00:00+09:00,230.20252710164277,235.47434089588862,229.85108142911915,233.7170867919922,4284000,0.0,0.0
2004-03-24 00:00:00+09:00,234.0685367582022,240.04326774837236,233.36561965898255,234.77145385742188,6350400,0.0,0.0
2004-03-25 00:00:00+09:00,232.66262646771864,238.63732910156253,232.66262646771864,238.6373291015625,5155200,0.0,0.0
2004-03-26 00:00:00+09:00,240.39470433266663,241.4490670709678,236.52869904513642,240.0432586669922,6379200,0.0,0.0
2004-03-29 00:00:00+09:00,240.7461889427608,243.20638622429036,239.69182603390013,242.1520233154297,6775200,0.0,0.0
2004-03-30 00:00:00+09:00,242.85481777455658,245.31501407358795,242.5033721923828,242.5033721923828,7329600,0.0,0.0
2004-03-31 00:00:00+09:00,242.5033721923828,243.55773468017577,238.98883914683014,242.5033721923828,3297600,0.0,0.0
2004-04-01 00:00:00+09:00,241.800494503604,245.31505386044336,230.5539766372904,244.6121368408203,5587200,0.0,0.0
2004-04-02 00:00:00+09:00,245.31510976621163,248.47819846344956,244.6121925863982,244.96363830566406,7027200,0.0,0.0
2004-04-05 00:00:00+09:00,246.01800233931704,246.01800233931704,243.55783081054688,243.55783081054688,2448000,0.0,0.0
2004-04-06 00:00:00+09:00,243.55778150436245,244.963589844597,239.34033074238215,241.0976104736328,5320800,0.0,0.0
2004-04-07 00:00:00+09:00,238.63746062863603,241.09765788442928,237.23165201195536,239.3403778076172,7171200,0.0,0.0
2004-04-08 00:00:00+09:00,235.82580906820309,238.63742589230228,234.06852924718265,238.28598022460938,10281600,0.0,0.0
2004-04-09 00:00:00+09:00,235.4743647322603,236.5287275978395,234.06855615858169,235.82583618164062,3261600,0.0,0.0
2004-04-12 00:00:00+09:00,235.4743886784218,238.98894908194688,234.0685799617819,237.58311462402344,4284000,0.0,0.0
2004-04-13 00:00:00+09:00,238.98888985529686,244.2607034128308,236.8801644322833,241.80050659179688,12096000,0.0,0.0
2004-04-14 00:00:00+09:00,242.50337367319358,249.8839111328125,241.4490111789623,249.8839111328125,8928000,0.0,0.0
2004-04-15 00:00:00+09:00,253.04711088155202,260.0762058753562,236.52874922968962,256.5616455078125,18043200,0.0,0.0
2004-04-16 00:00:00+09:00,256.9131164550781,258.67037089391243,251.9927473955189,256.9131164550781,7063200,0.0,0.0
2004-04-19 00:00:00+09:00,267.45671233160215,284.67796325683594,258.67033828010574,265.6994323730469,22507200,0.0,0.0
2004-04-20 00:00:00+09:00,267.10527978745677,271.32273170905495,265.6994710606853,267.8081970214844,14385600,0.0,0.0
2004-04-21 00:00:00+09:00,269.56542931610346,269.56542931610346,261.48197265625004,263.5906982421875,9813600,0.0,0.0
2004-04-22 00:00:00+09:00,261.1305095303832,277.6488416893809,260.7790381286838,274.1343078613281,16329600,0.0,0.0
2004-04-23 00:00:00+09:00,272.7285744322755,275.891663469217,267.80820512771606,269.91693115234375,4521600,0.0,0.0
2004-04-26 00:00:00+09:00,267.105287872412,273.0800201892853,264.29367033376474,269.91693115234375,5256000,0.0,0.0
2004-04-27 00:00:00+09:00,270.6198014789639,272.3770557005686,268.1596043826693,271.32269287109375,6076800,0.0,0.0
2004-04-28 00:00:00+09:00,273.07990402280143,277.2973542779798,271.32262450271924,275.1886291503906,6112800,0.0,0.0
2004-04-29 00:00:00+09:00,275.1886291503906,275.1886291503906,275.1886291503906,275.1886291503906,0,0.0,0.0
2004-04-30 00:00:00+09:00,277.64885041935526,278.7032131750506,273.7828708093244,276.2430419921875,5716800,0.0,0.0
2004-05-03 00:00:00+09:00,276.2430419921875,276.2430419921875,276.2430419921875,276.2430419921875,0,0.0,0.0
2004-05-04 00:00:00+09:00,276.2430419921875,276.2430419921875,276.2430419921875,276.2430419921875,0,0.0,0.0
2004-05-05 00:00:00+09:00,276.2430419921875,276.2430419921875,276.2430419921875,276.2430419921875,0,0.0,0.0
2004-05-06 00:00:00+09:00,279.40610181423426,283.97499804335,264.2935791015625,264.2935791015625,12549600,0.0,0.0
2004-05-07 00:00:00+09:00,266.75382634712946,269.5654694608602,251.6412993110531,254.10147094726562,17128800,0.0,0.0
2004-05-10 00:00:00+09:00,254.10140076999005,254.8043177896131,243.90921982119727,244.6121368408203,12232800,0.0,0.0
2004-05-11 00:00:00+09:00,244.96368338320835,255.85878583943577,244.26079181533245,255.15586853027344,15566400,0.0,0.0
2004-05-12 00:00:00+09:00,258.31892569158435,258.31892569158435,250.93838495753909,256.5616455078125,8560800,0.0,0.0
2004-05-13 00:00:00+09:00,260.07615750607647,260.07615750607647,252.34414672851562,252.34414672851562,5176800,0.0,0.0
2004-05-14 00:00:00+09:00,250.93827421625423,255.15572420308203,245.66646173271945,248.4781036376953,5889600,0.0,0.0
2004-05-17 00:00:00+09:00,245.3151263642109,246.0180178503002,231.60840774878463,237.93458557128906,9194400,0.0,0.0
2004-05-18 00:00:00+09:00,234.41992824241422,248.12664119007644,234.41992824241422,241.4490203857422,4406400,0.0,0.0
2004-05-19 00:00:00+09:00,249.18109359673926,249.53256506249832,245.66655912812337,246.36947631835938,4161600,0.0,0.0
2004-05-20 00:00:00+09:00,248.47828353410407,253.3986282535145,246.01808543310833,251.28990173339844,3578400,0.0,0.0
2004-05-21 00:00:00+09:00,249.53252984692847,254.80434367650244,248.47816708101365,252.34414672851562,3902400,0.0,0.0
2004-05-24 00:00:00+09:00,254.80427801964908,254.80427801964908,249.8839111328125,249.8839111328125,3283200,0.0,0.0
2004-05-25 00:00:00+09:00,252.34426499345645,252.34426499345645,247.42392027404605,251.28990173339844,2433600,0.0,0.0
2004-05-26 00:00:00+09:00,253.04702643295306,256.21011426336497,253.04702643295306,254.80430603027344,5076000,0.0,0.0
2004-05-27 00:00:00+09:00,254.80438697318903,256.2101956528594,254.4529154973093,255.5072784423828,2973600,0.0,0.0
2004-05-28 00:00:00+09:00,255.85875402733035,256.5616455078125,253.75002810331742,256.5616455078125,2815200,0.0,0.0
2004-05-31 00:00:00+09:00,253.04704593039557,257.26449669590215,253.04704593039557,255.8586883544922,4140000,0.0,0.0
2004-06-01 00:00:00+09:00,253.3985234944212,260.076171875,252.69563210582967,260.076171875,3888000,0.0,0.0
2004-06-02 00:00:00+09:00,259.7246923797724,259.7246923797724,255.85871263864655,257.615966796875,2851200,0.0,0.0
2004-06-03 00:00:00+09:00,257.61596108136433,260.07615803434834,254.10142710160235,258.3188781738281,5493600,0.0,0.0
2004-06-04 00:00:00+09:00,263.94222679015826,273.4314949060116,263.94222679015826,267.1053161621094,20520000,0.0,0.0
2004-06-07 00:00:00+09:00,268.86257664461317,269.2140224127398,264.9965702300792,266.40240478515625,4550400,0.0,0.0
2004-06-08 00:00:00+09:00,266.40240478515625,268.15965936707465,265.69948750761773,266.40240478515625,2851200,0.0,0.0
2004-06-09 00:00:00+09:00,269.91693115234375,272.02565717697144,268.8625681400299,269.91693115234375,4089600,0.0,0.0
2004-06-10 00:00:00+09:00,270.6197204589844,270.97116604983114,268.862441022206,270.6197204589844,6998400,0.0,0.0
2004-06-11 00:00:00+09:00,266.0508151548312,269.21390288748285,265.69936954273896,268.8624572753906,5025600,0.0,0.0
2004-06-14 00:00:00+09:00,270.2683300416189,272.3770557005686,268.1596043826693,271.32269287109375,4579200,0.0,0.0
2004-06-15 00:00:00+09:00,268.8624800813819,274.8372104413935,267.1052003893135,272.7284851074219,7826400,0.0,0.0
2004-06-16 00:00:00+09:00,274.13432168919434,276.94596433822767,273.07995891346667,275.8916015625,5263200,0.0,0.0
2004-06-17 00:00:00+09:00,277.29740474788287,277.64885041935526,275.18867923649213,276.2430419921875,5688000,0.0,0.0
2004-06-18 00:00:00+09:00,276.94597795622354,276.94597795622354,270.26832955407565,271.6741638183594,9799200,0.0,0.0
2004-06-21 00:00:00+09:00,266.4022775442645,269.916810770751,265.699360602458,266.75372314453125,13176000,0.0,0.0
2004-06-22 00:00:00+09:00,266.753779776444,266.753779776444,250.93833828772205,252.34414672851562,28692000,0.0,0.0
2004-06-23 00:00:00+09:00,248.82960420517153,251.64124673141856,244.26070762363804,250.23541259765625,22125600,0.0,0.0
2004-06-24 00:00:00+09:00,247.77535792733696,250.23553020576006,245.66663147689152,249.5326385498047,17150400,0.0,0.0
2004-06-25 00:00:00+09:00,244.61216796875001,244.96361365264656,235.4743485159278,237.23162841796875,30412800,0.0,0.0
2004-06-28 00:00:00+09:00,239.6918197159578,244.61218840804088,239.34037400269517,243.90927124023438,14248800,0.0,0.0
2004-06-29 00:00:00+09:00,244.26074269477826,245.66655128911003,242.85490835916522,243.90927124023438,8366400,0.0,0.0
2004-06-30 00:00:00+09:00,244.61218840804088,245.3151055758474,242.85490835916522,243.90927124023438,8006400,0.0,0.0
2004-07-01 00:00:00+09:00,247.42383923307236,247.42383923307236,243.90927902317438,246.36947631835938,13752000,0.0,0.0
2004-07-02 00:00:00+09:00,246.01797394710022,246.01797394710022,239.34035157320793,240.39471435546875,8661600,0.0,0.0
2004-07-05 00:00:00+09:00,241.09763052656248,242.50343898372302,233.36561965898255,234.77145385742188,5997600,0.0,0.0
2004-07-06 00:00:00+09:00,234.77147331606145,240.7461790601563,234.77147331606145,235.82583618164062,6674400,0.0,0.0
2004-07-07 00:00:00+09:00,234.77147331606145,236.88019904721983,230.55402185374464,235.82583618164062,7365600,0.0,0.0
2004-07-08 00:00:00+09:00,235.47430419921875,236.52866679375447,231.60832518010398,235.47430419921875,4456800,0.0,0.0
2004-07-09 00:00:00+09:00,235.47435422249507,238.28599698564312,234.41999140397454,236.52871704101562,4953600,0.0,0.0
2004-07-12 00:00:00+09:00,238.988895928691,241.4490670709678,236.52869904513642,240.0432586669922,4017600,0.0,0.0
2004-07-13 00:00:00+09:00,240.3947577985868,241.4491207713876,236.88022313634525,237.58311462402344,2455200,0.0,0.0
2004-07-14 00:00:00+09:00,240.04328764395743,240.7461790601563,235.82583618164062,235.82583618164062,2527200,0.0,0.0
2004-07-15 00:00:00+09:00,235.8258256561884,237.23163416712256,233.71710001914732,236.52871704101562,5270400,0.0,0.0
2004-07-16 00:00:00+09:00,233.0142404367258,236.17732967342343,230.554068499723,234.068603515625,3470400,0.0,0.0
2004-07-19 00:00:00+09:00,234.068603515625,234.068603515625,234.068603515625,234.068603515625,0,0.0,0.0
2004-07-20 00:00:00+09:00,233.36562255520715,234.7714567710938,230.9054512893241,231.25689697265625,4802400,0.0,0.0
2004-07-21 00:00:00+09:00,234.77140396805632,238.28593723475214,233.36557006835938,233.36557006835938,3535200,0.0,0.0
2004-07-22 00:00:00+09:00,233.3656940940734,238.28606387547083,231.95988518851144,236.17733764648438,3477600,0.0,0.0
2004-07-23 00:00:00+09:00,237.2315837705364,237.2315837705364,234.06849598692924,235.47430419921875,5119200,0.0,0.0
2004-07-26 00:00:00+09:00,234.77146060231462,234.77146060231462,231.95981786593737,232.66273498535156,2203200,0.0,0.0
2004-07-27 00:00:00+09:00,233.01421418538484,233.01421418538484,229.4996795654297,229.4996795654297,3852000,0.0,0.0
2004-07-28 00:00:00+09:00,230.554005605992,231.25689697265625,227.39091723216563,231.25689697265625,6278400,0.0,0.0
2004-07-29 00:00:00+09:00,225.28213879302805,225.28213879302805,215.79286302732086,218.6044921875,20296800,0.0,0.0
2004-07-30 00:00:00+09:00,218.95606056508308,220.01042357624513,214.7385956497926,218.25314331054688,11167200,0.0,0.0
2004-08-02 00:00:00+09:00,221.4162305090671,225.28223676505033,218.60458725550802,220.0104217529297,6019200,0.0,0.0
2004-08-03 00:00:00+09:00,219.65891556633807,220.36183270403444,217.55018989452913,218.95602416992188,5349600,0.0,0.0
2004-08-04 00:00:00+09:00,216.84725242940505,221.7675941241237,212.62978911113763,220.36178588867188,8380800,0.0,0.0
2004-08-05 00:00:00+09:00,220.7131766074355,222.47045577056417,216.84719848632812,216.84719848632812,3348000,0.0,0.0
2004-08-06 00:00:00+09:00,217.1987095613065,218.60451787124555,216.84726391914072,217.90162658691406,1792800,0.0,0.0
2004-08-09 00:00:00+09:00,217.55015122269916,217.55015122269916,213.68415913515028,216.49578857421875,2988000,0.0,0.0
2004-08-10 00:00:00+09:00,217.90162577731536,220.01035110502718,217.90162577731536,219.30743408203125,2268000,0.0,0.0
2004-08-11 00:00:00+09:00,221.0647377926271,223.17346334950025,218.95601223575397,221.4161834716797,2210400,0.0,0.0
2004-08-12 00:00:00+09:00,221.41612391318046,230.2024694562954,220.36176141835577,228.79666137695312,7632000,0.0,0.0
2004-08-13 00:00:00+09:00,228.4453100522684,230.90548164153768,222.1191324730482,225.6336669921875,8416800,0.0,0.0
2004-08-16 00:00:00+09:00,222.82196002647518,223.5248770252185,217.90161825909715,223.17343139648438,5947200,0.0,0.0
2004-08-17 00:00:00+09:00,223.17345759990596,223.17345759990596,219.30745226481176,222.1190948486328,6033600,0.0,0.0
2004-08-18 00:00:00+09:00,219.30742327676435,220.71323151221617,218.25306066485683,220.36178588867188,2541600,0.0,0.0
2004-08-19 00:00:00+09:00,220.7132886669152,231.25691751631052,220.36184295236248,230.9054718017578,9612000,0.0,0.0
2004-08-20 00:00:00+09:00,230.20254781679395,236.52872493916033,229.14818496306623,233.01419067382812,12304800,0.0,0.0
2004-08-23 00:00:00+09:00,233.36557006835938,236.17721212648,233.01412446407178,233.36557006835938,8287200,0.0,0.0
2004-08-24 00:00:00+09:00,231.9598037584693,240.0432600456298,231.25688668180553,238.28598022460938,16524000,0.0,0.0
2004-08-25 00:00:00+09:00,238.6374705544082,240.39475070431175,236.17729893756942,239.69183349609375,6386400,0.0,0.0
2004-08-26 00:00:00+09:00,240.3946934328772,243.55778150436245,238.63741370162654,241.0976104736328,13298400,0.0,0.0
2004-08-27 00:00:00+09:00,240.74620056152344,241.09767204229416,238.98894612280262,240.74620056152344,4276800,0.0,0.0
2004-08-30 00:00:00+09:00,242.5034690379559,242.5034690379559,238.63746312503946,242.1520233154297,2613600,0.0,0.0
2004-08-31 00:00:00+09:00,240.74619643777933,241.4491136459973,238.6374705544082,239.69183349609375,3657600,0.0,0.0
2004-09-01 00:00:00+09:00,238.98889730127314,241.09762278998647,237.23161748025268,238.28598022460938,5796000,0.0,0.0
2004-09-02 00:00:00+09:00,239.34035400390627,240.394716796875,237.23162841796875,237.23162841796875,3880800,0.0,0.0
2004-09-03 00:00:00+09:00,237.2315837705364,237.2315837705364,234.77141296371113,235.47430419921875,4852800,0.0,0.0
2004-09-06 00:00:00+09:00,234.41999140397454,237.58307985953616,234.06854571156094,236.52871704101562,1584000,0.0,0.0
2004-09-07 00:00:00+09:00,235.82584339527472,240.74618642429786,235.82584339527472,239.3403778076172,6472800,0.0,0.0
2004-09-08 00:00:00+09:00,239.3402458931249,241.44897052654449,237.93443805126765,238.6373291015625,6300000,0.0,0.0
2004-09-09 00:00:00+09:00,238.28602018339197,239.34038310455742,236.8802115355988,238.9889373779297,3549600,0.0,0.0
2004-09-10 00:00:00+09:00,238.28599698564312,238.63744267805671,234.06854571156094,236.52871704101562,5781600,0.0,0.0
2004-09-13 00:00:00+09:00,238.28602018339197,240.04330029909514,237.23165726222652,238.9889373779297,2311200,0.0,0.0
2004-09-14 00:00:00+09:00,238.988863341854,238.988863341854,234.06849598692924,235.47430419921875,2613600,0.0,0.0
2004-09-15 00:00:00+09:00,234.77143024974973,235.82579292191735,230.20250817617259,232.3112335205078,5119200,0.0,0.0
2004-09-16 00:00:00+09:00,232.3112540242584,234.41997955470939,231.2568912590329,231.95980834960938,2210400,0.0,0.0
2004-09-17 00:00:00+09:00,233.36557901014731,237.2315837705364,232.3112164156116,235.47430419921875,4219200,0.0,0.0
2004-09-20 00:00:00+09:00,235.47430419921875,235.47430419921875,235.47430419921875,235.47430419921875,0,0.0,0.0
2004-09-21 00:00:00+09:00,234.06848701820786,235.8257665221924,232.3112075142233,233.36557006835938,3657600,0.0,0.0
2004-09-22 00:00:00+09:00,232.31126656704166,232.6627380019455,225.98508963413025,229.14817810058594,3196800,0.0,0.0
2004-09-23 00:00:00+09:00,229.14817810058597,229.14817810058597,229.14817810058597,229.14817810058594,0,0.0,0.0
2004-09-24 00:00:00+09:00,228.4453100522684,228.4453100522684,221.76766100223657,225.6336669921875,3304800,0.0,0.0
2004-09-27 00:00:00+09:00,223.17345667520783,224.93071075919664,219.65889702467425,223.52490234375,3297600,0.0,0.0
2004-09-28 00:00:00+09:00,220.71323077540134,222.82195599217675,220.01033953065928,221.76759338378906,3319200,0.0,0.0
2004-09-29 00:00:00+09:00,221.4162045197196,221.4162045197196,219.6589244748503,220.71328735351562,4600800,0.0,0.0
2004-09-30 00:00:00+09:00,220.01035260929288,228.79669962107465,219.30743558149092,224.93069458007812,4356000,0.0,0.0
2004-10-01 00:00:00+09:00,225.633624196829,229.49962945352453,225.633624196829,228.4452667236328,4068000,0.0,0.0
2004-10-04 00:00:00+09:00,231.95980694681748,235.47434089588862,231.60836127429386,233.7170867919922,4003200,0.0,0.0
2004-10-05 00:00:00+09:00,227.39097668725447,232.66279202203404,227.39097668725447,231.60842895507812,2599200,0.0,0.0
2004-10-06 00:00:00+09:00,231.25690374488974,231.25690374488974,228.79673240696192,229.14817810058594,1663200,0.0,0.0
2004-10-07 00:00:00+09:00,229.14820808453592,233.71713140588915,228.44531660531484,229.4996795654297,3693600,0.0,0.0
2004-10-08 00:00:00+09:00,229.85109522911384,229.85109522911384,228.09381527843405,229.14817810058594,3564000,0.0,0.0
2004-10-11 00:00:00+09:00,229.14817810058597,229.14817810058597,229.14817810058597,229.14817810058594,0,0.0,0.0
2004-10-12 00:00:00+09:00,225.6336669921875,228.09383858145677,224.93074979184667,225.6336669921875,1742400,0.0,0.0
2004-10-13 00:00:00+09:00,228.44521579243553,230.55394078208485,228.44521579243553,228.79666137695312,2671200,0.0,0.0
2004-10-14 00:00:00+09:00,227.74229793112042,232.66266480017964,225.63357295027672,230.55393981933594,2995200,0.0,0.0
2004-10-15 00:00:00+09:00,230.20261157296872,230.90552891722513,228.09388528148722,229.85116577148438,3470400,0.0,0.0
2004-10-18 00:00:00+09:00,228.79673240696192,230.20254092273785,228.4452867133379,229.14817810058594,2815200,0.0,0.0
2004-10-19 00:00:00+09:00,229.49971997000003,231.60844626148153,228.79680262574362,229.85116577148438,2930400,0.0,0.0
2004-10-20 00:00:00+09:00,229.14817810058597,229.49964953548982,225.98508963413025,229.14817810058594,4428000,0.0,0.0
2004-10-21 00:00:00+09:00,230.90544700211888,233.71708964040954,229.49963855361284,230.20252990722656,10951200,0.0,0.0
2004-10-22 00:00:00+09:00,232.3112635550047,233.7170977938331,230.55400936838848,232.66273498535156,4629600,0.0,0.0
2004-10-25 00:00:00+09:00,227.0394325895921,230.55399218341626,224.93070712980867,228.4452667236328,3499200,0.0,0.0
2004-10-26 00:00:00+09:00,226.68796490765084,226.68796490765084,222.11906876900693,223.17343139648438,4730400,0.0,0.0
2004-10-27 00:00:00+09:00,226.33653389005244,227.39089658559416,224.57925415039062,224.57925415039062,3621600,0.0,0.0
2004-10-28 00:00:00+09:00,226.6879795414741,226.6879795414741,222.82197441072879,224.57925415039062,3182400,0.0,0.0
2004-10-29 00:00:00+09:00,225.2821821690168,226.68799058446345,222.11909392830336,223.52490234375,3967200,0.0,0.0
2004-11-01 00:00:00+09:00,222.47053823122064,226.68798919294997,222.11909256483582,225.2821807861328,6753600,0.0,0.0
2004-11-02 00:00:00+09:00,223.87633710627054,225.63361684593235,222.47052875930714,224.57925415039062,10166400,0.0,0.0
2004-11-03 00:00:00+09:00,224.57925415039062,224.57925415039062,224.57925415039062,224.57925415039062,0,0.0,0.0
2004-11-04 00:00:00+09:00,227.74234965661248,229.85107511639592,227.0394325895921,228.4452667236328,15472800,0.0,0.0
2004-11-05 00:00:00+09:00,230.20250793540242,234.41995861966186,221.41616092362062,224.93069458007812,19958400,0.0,0.0
2004-11-08 00:00:00+09:00,224.9307783096807,228.0938675003229,223.1735236979589,227.39097595214844,14335200,0.0,0.0
2004-11-09 00:00:00+09:00,226.3365678473127,233.7171078234068,226.3365678473127,233.01419067382812,10742400,0.0,0.0
2004-11-10 00:00:00+09:00,233.01416650282596,239.69178863665894,232.3112494261622,238.28598022460938,12708000,0.0,0.0
2004-11-11 00:00:00+09:00,238.98889730127314,244.26071102305653,235.47433765923225,238.28598022460938,14731200,0.0,0.0
2004-11-12 00:00:00+09:00,237.2316255714291,238.98890545238447,230.90544888952434,234.41998291015625,6667200,0.0,0.0
2004-11-15 00:00:00+09:00,237.23165201195536,240.74618642429786,236.5287348329742,239.3403778076172,9302400,0.0,0.0
2004-11-16 00:00:00+09:00,240.74620056152344,244.612206661019,238.98894612280262,240.74620056152344,14724000,0.0,0.0
2004-11-17 00:00:00+09:00,242.1520207822602,242.8549122199597,239.3403778076172,239.3403778076172,3376800,0.0,0.0
2004-11-18 00:00:00+09:00,241.44912022558594,241.8005659686306,236.88022260087166,237.93458557128906,4708800,0.0,0.0
2004-11-19 00:00:00+09:00,238.28606387547083,240.3947901044573,235.4744203230599,236.17733764648438,4406400,0.0,0.0
2004-11-22 00:00:00+09:00,234.41997955470939,235.1228966452859,231.95980834960938,231.95980834960938,6264000,0.0,0.0
2004-11-23 00:00:00+09:00,231.95980834960938,231.95980834960938,231.95980834960938,231.95980834960938,0,0.0,0.0
2004-11-24 00:00:00+09:00,232.3112335205078,234.77143024974973,232.3112335205078,232.3112335205078,3571200,0.0,0.0
2004-11-25 00:00:00+09:00,230.90551166334558,233.0142377972574,230.90551166334558,231.60842895507812,6616800,0.0,0.0
2004-11-26 00:00:00+09:00,230.55402349196518,230.55402349196518,227.74238058334865,228.0938262939453,4003200,0.0,0.0
2004-11-29 00:00:00+09:00,228.79672145872053,231.95980977381805,228.4452757819137,230.20252990722656,3312000,0.0,0.0
2004-11-30 00:00:00+09:00,228.79679075729015,231.2569627226387,225.6337014841479,226.6880645751953,3628800,0.0,0.0
2004-12-01 00:00:00+09:00,223.52490097165298,227.74235193338228,223.17345530526816,225.2821807861328,3412800,0.0,0.0
2004-12-02 00:00:00+09:00,228.79673240696192,229.85109522911384,225.28219824688222,229.14817810058594,3758400,0.0,0.0
2004-12-03 00:00:00+09:00,228.44531660531484,230.2025710446508,227.7423993848105,229.4996795654297,1807200,0.0,0.0
2004-12-06 00:00:00+09:00,229.49957462329405,230.9053826801926,225.98501586914062,225.98501586914062,3319200,0.0,0.0
2004-12-07 00:00:00+09:00,228.44525397781175,229.14814526433756,224.93069458007812,224.93069458007812,3873600,0.0,0.0
2004-12-08 00:00:00+09:00,226.33654126384937,228.4452667236328,225.9850698597004,228.4452667236328,6825600,0.0,0.0
2004-12-09 00:00:00+09:00,228.44526282096146,228.44526282096146,225.28217468532327,227.0394287109375,3556800,0.0,0.0
2004-12-10 00:00:00+09:00,230.5540123576417,230.5540123576417,227.39092389118602,229.14817810058594,5695200,0.0,0.0
2004-12-13 00:00:00+09:00,230.20252849380742,233.71708820541136,229.49963714450936,231.95980834960938,5868000,0.0,0.0
2004-12-14 00:00:00+09:00,221.41613421831565,222.82194236308695,214.03559641103845,218.6044921875,90979200,0.0,0.0
2004-12-15 00:00:00+09:00,190.488202536651,193.29984516618217,183.45912170410156,183.45912170410156,208173600,0.0,0.0
2004-12-16 00:00:00+09:00,172.91551895669767,191.1911472016843,167.99516295139557,185.21641540527344,809481600,0.0,0.0
2004-12-17 00:00:00+09:00,189.785284238931,196.46291890051356,188.73092154871472,192.24546813964844,262764000,0.0,0.0
2004-12-20 00:00:00+09:00,195.76002894409265,195.76002894409265,192.9483990047289,194.0027618408203,56995200,0.0,0.0
2004-12-21 00:00:00+09:00,193.29987563305014,194.00277996590125,188.37950669116861,190.83969116210938,54770400,0.0,0.0
2004-12-22 00:00:00+09:00,190.48819721280753,190.83965574933606,184.8649378521849,186.97366333007812,42804000,0.0,0.0
2004-12-23 00:00:00+09:00,186.97366333007812,186.97366333007812,186.97366333007812,186.97366333007812,0,0.0,0.0
2004-12-24 00:00:00+09:00,184.86495549091492,188.7309482790432,182.75622981181945,183.8105926513672,30146400,0.0,0.0
2004-12-27 00:00:00+09:00,171.50964685671565,177.13291839764705,170.45528424720584,174.3212890625,131716800,0.0,0.0
2004-12-28 00:00:00+09:00,174.6727614454055,178.5387668529782,173.96985722159198,176.07858276367188,45964800,0.0,0.0
2004-12-29 00:00:00+09:00,179.59314280969232,182.05331420898438,177.48441711279042,182.05331420898438,31392000,0.0,0.0
2004-12-30 00:00:00+09:00,183.10767551124195,185.5678597604,183.10767551124195,183.8105926513672,29484000,0.0,0.0
2004-12-31 00:00:00+09:00,183.8105926513672,183.8105926513672,183.8105926513672,183.8105926513672,0,0.0,0.0
2005-01-03 00:00:00+09:00,183.8105926513672,183.8105926513672,183.8105926513672,183.8105926513672,0,0.0,0.0
2005-01-04 00:00:00+09:00,185.9192793669424,186.6221834891183,184.51345825195312,184.51345825195312,16380000,0.0,0.0
2005-01-05 00:00:00+09:00,184.5135038332084,184.5135038332084,180.29605231702078,181.70187377929688,16826400,0.0,0.0
2005-01-06 00:00:00+09:00,181.7018724775955,182.40477676837764,179.94459244467927,180.29605102539062,16891200,0.0,0.0
2005-01-07 00:00:00+09:00,180.29602334609086,182.40474876534338,179.24166063646462,179.94456481933594,21304800,0.0,0.0
2005-01-10 00:00:00+09:00,179.94456481933594,179.94456481933594,179.94456481933594,179.94456481933594,0,0.0,0.0
2005-01-11 00:00:00+09:00,182.05331267169421,183.8105926513672,181.3504084022091,183.8105926513672,24242400,0.0,0.0
2005-01-12 00:00:00+09:00,186.97364962101528,194.35418825249434,186.97364962101528,192.59690856933594,108100800,0.0,0.0
2005-01-13 00:00:00+09:00,194.35420798644464,198.92310473703293,192.948386671304,193.6512908935547,65844000,0.0,0.0
2005-01-14 00:00:00+09:00,194.35422040973083,195.40858324582223,192.245494737548,194.0027618408203,25171200,0.0,0.0
2005-01-17 00:00:00+09:00,196.46292460165438,200.68037548490537,195.76000754068676,198.923095703125,52581600,0.0,0.0
2005-01-18 00:00:00+09:00,200.328943452802,201.7347648900527,196.1114920116904,197.86875915527344,25948800,0.0,0.0
2005-01-19 00:00:00+09:00,199.27451453671077,199.27451453671077,196.8143310546875,196.8143310546875,18921600,0.0,0.0
2005-01-20 00:00:00+09:00,196.11148751300314,196.11148751300314,193.65130327190982,194.0027618408203,13500000,0.0,0.0
2005-01-21 00:00:00+09:00,193.6512645090462,200.68035725641346,193.6512645090462,199.2745361328125,25077600,0.0,0.0
2005-01-24 00:00:00+09:00,199.62602946667982,202.43765933388158,198.92311234689956,200.3289337158203,21744000,0.0,0.0
2005-01-25 00:00:00+09:00,200.32892511246052,201.03182933141397,197.5172953660075,198.22019958496094,10296000,0.0,0.0
2005-01-26 00:00:00+09:00,200.32892130667412,200.68037984479355,198.57165435735487,199.9774627685547,12052800,0.0,0.0
2005-01-27 00:00:00+09:00,200.68039227571046,200.68039227571046,198.5716666576492,200.3289337158203,12686400,0.0,0.0
2005-01-28 00:00:00+09:00,199.6260557626995,199.6260557626995,195.05714536484075,196.4629669189453,19332000,0.0,0.0
2005-01-31 00:00:00+09:00,197.86872734833335,200.32891125039305,195.40855631691196,199.62600708007812,17416800,0.0,0.0
2005-02-01 00:00:00+09:00,198.92312749190768,209.8182149716014,198.5716817759,209.1153106689453,68083200,0.0,0.0
2005-02-02 00:00:00+09:00,209.11527579942933,209.8181799848777,206.65509184440216,208.0609130859375,24026400,0.0,0.0
2005-02-03 00:00:00+09:00,209.4667149238439,210.5210776044516,208.06090659679248,210.1696319580078,29743200,0.0,0.0
2005-02-04 00:00:00+09:00,209.8182290943746,209.8182290943746,207.00659882385983,207.70950317382812,13514400,0.0,0.0
2005-02-07 00:00:00+09:00,207.35800601017482,208.76382731937358,205.6007390266558,208.41236877441406,12700800,0.0,0.0
2005-02-08 00:00:00+09:00,208.06096178413307,208.41240752379642,207.35804456352318,207.70950317382812,5824800,0.0,0.0
2005-02-09 00:00:00+09:00,209.11528586433306,209.11528586433306,207.7094645551343,208.41236877441406,15357600,0.0,0.0
2005-02-10 00:00:00+09:00,207.70950317382812,208.06096178413307,206.6551402135549,207.70950317382812,6084000,0.0,0.0
2005-02-11 00:00:00+09:00,207.70950317382812,207.70950317382812,207.70950317382812,207.70950317382812,0,0.0,0.0
2005-02-14 00:00:00+09:00,207.3580251337143,208.76384657256457,206.30366227223672,206.65512084960938,9144000,0.0,0.0
2005-02-15 00:00:00+09:00,206.6550954356494,207.00655396980054,203.1405487060547,203.1405487060547,12477600,0.0,0.0
2005-02-16 00:00:00+09:00,203.4920072402058,204.54636997202033,202.08618597424015,203.1405487060547,13514400,0.0,0.0
2005-02-17 00:00:00+09:00,201.0318492897766,202.43767073789212,201.0318492897766,202.08621215820312,11203200,0.0,0.0
2005-02-18 00:00:00+09:00,202.08620216138974,204.89784491853425,201.0318393451205,201.73475646972656,9050400,0.0,0.0
2005-02-21 00:00:00+09:00,202.08619830159884,203.84347820891057,202.08619830159884,203.4920196533203,7185600,0.0,0.0
2005-02-22 00:00:00+09:00,204.19495451147074,207.70950198243648,202.78914581959768,206.30368041992188,15530400,0.0,0.0
2005-02-23 00:00:00+09:00,206.6551307067373,207.7094936185064,203.49204197143013,204.1949462890625,11844000,0.0,0.0
2005-02-24 00:00:00+09:00,207.0065416240109,207.0065416240109,204.5463577729551,205.95217895507812,10526400,0.0,0.0
2005-02-25 00:00:00+09:00,206.65510321382303,211.22401284719888,206.30364466644355,209.8181915283203,30434400,0.0,0.0
2005-02-28 00:00:00+09:00,211.9268843395875,214.7385136724542,211.22398022403019,212.9812469482422,17503200,0.0,0.0
2005-03-01 00:00:00+09:00,214.0356256001252,216.49579662429883,213.684167080684,215.7928924560547,12362400,0.0,0.0
2005-03-02 00:00:00+09:00,217.55022425308388,220.36186750664297,216.8473327456573,220.0104217529297,22939200,0.0,0.0
2005-03-03 00:00:00+09:00,216.84730002685333,219.3074714142142,216.49582858488725,217.19874572753906,4831200,0.0,0.0
2005-03-04 00:00:00+09:00,216.14434293848382,216.8472599512293,214.7385217836307,216.49578857421875,8654400,0.0,0.0
2005-03-07 00:00:00+09:00,215.09000587329717,217.1987314210746,212.62982177734375,212.62982177734375,8956800,0.0,0.0
2005-03-08 00:00:00+09:00,212.981343494681,216.49587853627668,212.62988484226418,215.4415283203125,10735200,0.0,0.0
2005-03-09 00:00:00+09:00,216.14434293848382,218.9559852481901,215.7928844321111,216.49578857421875,19879200,0.0,0.0
2005-03-10 00:00:00+09:00,209.46675369070394,215.44148523367394,206.65512364560314,212.2783966064453,21153600,0.0,0.0
2005-03-11 00:00:00+09:00,215.44147709336028,219.65891556633807,215.0900185245121,218.95602416992188,18748800,0.0,0.0
2005-03-14 00:00:00+09:00,219.30743408203125,220.71324238674714,218.25307141817532,219.30743408203125,11908800,0.0,0.0
2005-03-15 00:00:00+09:00,218.95606648064773,219.6589580128896,216.4958688939458,217.55023193359375,6199200,0.0,0.0
2005-03-16 00:00:00+09:00,217.90161825909715,225.28215665143927,217.19870126035383,223.17343139648438,25005600,0.0,0.0
2005-03-17 00:00:00+09:00,219.65884399414062,221.76756897885645,219.65884399414062,219.65884399414062,10670400,0.0,0.0
2005-03-18 00:00:00+09:00,221.06472041234372,224.93069980181227,221.06472041234372,224.57925415039062,10785600,0.0,0.0
2005-03-21 00:00:00+09:00,224.57925415039062,224.57925415039062,224.57925415039062,224.57925415039062,0,0.0,0.0
2005-03-22 00:00:00+09:00,225.63365483720654,228.44529774582304,224.93073767473214,228.0938262939453,18540000,0.0,0.0
2005-03-23 00:00:00+09:00,227.74242766624275,227.74242766624275,224.5793383931005,226.6880645751953,11628000,0.0,0.0
2005-03-24 00:00:00+09:00,225.98507350610112,226.33654491592128,222.47053959684553,223.52490234375,7912800,0.0,0.0
2005-03-25 00:00:00+09:00,224.93069980181227,224.93069980181227,223.52489145484887,224.57925415039062,4363200,0.0,0.0
2005-03-28 00:00:00+09:00,224.93069458007812,226.68797427894492,224.57924893681522,224.93069458007812,2390400,0.0,0.0
2005-03-29 00:00:00+09:00,224.93069458007812,226.68797427894492,224.57924893681522,224.93069458007812,5738400,0.0,0.0
2005-03-30 00:00:00+09:00,222.470522073599,224.93069304217084,216.84726311345943,219.30743408203125,18453600,0.0,0.0
2005-03-31 00:00:00+09:00,221.06468200683594,222.11904451920356,220.01031949446832,221.06468200683594,2908800,0.0,0.0
2005-04-01 00:00:00+09:00,221.41620292482784,223.87637437689892,220.71328576368708,222.47056579589844,7034400,0.0,0.0
2005-04-04 00:00:00+09:00,221.4161485005794,222.47051111248692,219.65886890030865,220.36178588867188,3009600,0.0,0.0
2005-04-05 00:00:00+09:00,220.36184164105427,221.4162045197196,219.6589244748503,220.71328735351562,3592800,0.0,0.0
2005-04-06 00:00:00+09:00,221.4161485005794,222.11906548894265,219.65886890030865,220.36178588867188,3952800,0.0,0.0
2005-04-07 00:00:00+09:00,220.36176508483345,221.06468200683594,218.60448565046332,221.06468200683594,4291200,0.0,0.0
2005-04-08 00:00:00+09:00,221.0647847553538,221.0647847553538,218.95605875050555,220.0104217529297,3060000,0.0,0.0
2005-04-11 00:00:00+09:00,220.36184005375725,223.52492866696906,220.0103943438274,222.47056579589844,7408800,0.0,0.0
2005-04-12 00:00:00+09:00,222.8219356999338,223.1734070315712,220.36176508483345,221.06468200683594,3520800,0.0,0.0
2005-04-13 00:00:00+09:00,222.47061221100566,226.68806457519534,222.11916642775196,226.6880645751953,13550400,0.0,0.0
2005-04-14 00:00:00+09:00,226.33663053277778,231.25697471870947,225.9851589900057,229.85116577148438,27518400,0.0,0.0
2005-04-15 00:00:00+09:00,226.33651518098551,227.39087778937323,221.76759338378906,221.76759338378906,10116000,0.0,0.0
2005-04-18 00:00:00+09:00,218.6045542715624,220.36183425755178,217.19874572753906,217.19874572753906,7020000,0.0,0.0
2005-04-19 00:00:00+09:00,217.19870875431943,220.36179674588718,215.44144193810556,219.30743408203125,4968000,0.0,0.0
2005-04-20 00:00:00+09:00,222.8219692379484,224.93069458007812,220.71324389581866,224.93069458007812,8388000,0.0,0.0
2005-04-21 00:00:00+09:00,220.01036934608655,222.82198618862952,219.6588979348101,222.1190948486328,6588000,0.0,0.0
2005-04-22 00:00:00+09:00,224.57925983535108,224.93070549566917,221.7676173289741,223.8763427734375,5256000,0.0,0.0
2005-04-25 00:00:00+09:00,225.9850698597004,228.7967123865042,224.57926146693728,228.4452667236328,10231200,0.0,0.0
2005-04-26 00:00:00+09:00,228.44529774582304,228.7967434564197,227.74238058334865,228.0938262939453,4687200,0.0,0.0
2005-04-27 00:00:00+09:00,227.39090010908208,228.0937914228169,227.0394287109375,227.0394287109375,2181600,0.0,0.0
2005-04-28 00:00:00+09:00,225.98505725114296,226.33652863568201,224.2278032935523,224.93069458007812,3700800,0.0,0.0
2005-04-29 00:00:00+09:00,224.93069458007812,224.93069458007812,224.93069458007812,224.93069458007812,0,0.0,0.0
2005-05-02 00:00:00+09:00,225.28217853395762,228.4452667236328,225.28217853395762,228.4452667236328,4730400,0.0,0.0
2005-05-03 00:00:00+09:00,228.4452667236328,228.4452667236328,228.4452667236328,228.4452667236328,0,0.0,0.0
2005-05-04 00:00:00+09:00,228.4452667236328,228.4452667236328,228.4452667236328,228.4452667236328,0,0.0,0.0
2005-05-05 00:00:00+09:00,228.4452667236328,228.4452667236328,228.4452667236328,228.4452667236328,0,0.0,0.0
2005-05-06 00:00:00+09:00,228.79671810291433,228.79671810291433,225.2821841625583,227.7423553466797,4305600,0.0,0.0
2005-05-09 00:00:00+09:00,228.09383858145677,228.09383858145677,224.93074979184667,225.6336669921875,5184000,0.0,0.0
2005-05-10 00:00:00+09:00,222.82203926520452,224.93076527005277,218.95605875050555,220.0104217529297,13363200,0.0,0.0
2005-05-11 00:00:00+09:00,215.79288838072935,218.95598925468738,215.4414427385636,217.90162658691406,10821600,0.0,0.0
2005-05-12 00:00:00+09:00,217.1987095613065,219.30743489685315,216.84726391914072,217.90162658691406,4096800,0.0,0.0
2005-05-13 00:00:00+09:00,217.90163070206367,217.90163070206367,215.7928924560547,215.7928924560547,5472000,0.0,0.0
2005-05-16 00:00:00+09:00,215.44142877632615,216.4957785051316,214.73851179627292,216.1443328857422,2779200,0.0,0.0
2005-05-17 00:00:00+09:00,217.55017213090275,217.90164354169232,208.06092025322857,208.76382446289062,11224800,0.0,0.0
2005-05-18 00:00:00+09:00,210.87253612153353,212.62980296566693,208.7638107603182,210.1696319580078,6350400,0.0,0.0
2005-05-19 00:00:00+09:00,210.87254912430038,214.03563736116487,210.16964491743235,213.33273315429688,6616800,0.0,0.0
2005-05-20 00:00:00+09:00,216.14438259148505,216.14438259148505,213.68419833681574,214.38711547851562,7689600,0.0,0.0
2005-05-23 00:00:00+09:00,214.73854156803287,215.44145864553988,212.27837040867536,213.33273315429688,6868800,0.0,0.0
2005-05-24 00:00:00+09:00,214.7385136724542,214.7385136724542,211.9268843395875,212.9812469482422,3816000,0.0,0.0
2005-05-25 00:00:00+09:00,211.22401428222656,212.6298227400167,209.81819295379702,211.22401428222656,5788800,0.0,0.0
2005-05-26 00:00:00+09:00,210.5211334443429,210.87259205464784,207.00659882385983,207.70950317382812,4291200,0.0,0.0
2005-05-27 00:00:00+09:00,210.87257786090595,210.87257786090595,208.41239349564844,209.1153106689453,8251200,0.0,0.0
2005-05-30 00:00:00+09:00,209.1152661385902,209.81817029156534,205.95217814424498,207.3579864501953,8661600,0.0,0.0
2005-05-31 00:00:00+09:00,207.70946171307804,209.8181872127032,207.006557503416,208.76382446289062,7725600,0.0,0.0
2005-06-01 00:00:00+09:00,208.76383017513473,211.5754599613544,208.76383017513473,211.22401428222656,6811200,0.0,0.0
2005-06-02 00:00:00+09:00,211.5754599613544,211.92691851112164,210.16965150356427,211.22401428222656,5932800,0.0,0.0
2005-06-03 00:00:00+09:00,210.8725542998194,210.8725542998194,208.41237020944175,209.8181915283203,4111200,0.0,0.0
2005-06-06 00:00:00+09:00,206.30363331635868,208.41235874334237,206.30363331635868,208.0609130859375,4312800,0.0,0.0
2005-06-07 00:00:00+09:00,208.06096178413307,208.41240752379642,206.6551402135549,207.70950317382812,4089600,0.0,0.0
2005-06-08 00:00:00+09:00,207.35799516288756,210.16963763420276,207.00654950695207,209.4667205810547,5148000,0.0,0.0
2005-06-09 00:00:00+09:00,208.7638076267836,209.1152661385902,207.3579864501953,207.3579864501953,3182400,0.0,0.0
2005-06-10 00:00:00+09:00,207.70945455789402,209.8181799848777,207.70945455789402,208.0609130859375,7070400,0.0,0.0
2005-06-13 00:00:00+09:00,209.11528586433306,209.81819008361282,208.0609231000938,208.41236877441406,2361600,0.0,0.0
2005-06-14 00:00:00+09:00,208.06090659679248,211.57544028505924,208.06090659679248,210.1696319580078,13003200,0.0,0.0
2005-06-15 00:00:00+09:00,210.16963851292118,210.16963851292118,208.0609130859375,208.0609130859375,7293600,0.0,0.0
2005-06-16 00:00:00+09:00,209.8182149716014,210.5211192742575,209.1153106689453,209.1153106689453,3261600,0.0,0.0
2005-06-17 00:00:00+09:00,209.46675240330865,211.22403243250682,209.46675240330865,210.87257385253906,5140800,0.0,0.0
2005-06-20 00:00:00+09:00,214.03564309940847,214.03564309940847,211.22401332591835,212.62982177734375,5342400,0.0,0.0
2005-06-21 00:00:00+09:00,211.57546709755817,212.98128847340448,211.57546709755817,211.9269256591797,3628800,0.0,0.0
2005-06-22 00:00:00+09:00,212.98130090006038,213.33275948218818,211.9269380243175,212.2783966064453,4716000,0.0,0.0
2005-06-23 00:00:00+09:00,212.2783966064453,212.98130090006038,211.9269380243175,212.2783966064453,3326400,0.0,0.0
2005-06-24 00:00:00+09:00,212.62982604770937,214.38710595324255,211.92692180787984,213.68418884277344,6357600,0.0,0.0
2005-06-27 00:00:00+09:00,215.09931757577485,215.09931757577485,213.3304129972422,214.74554443359375,5256000,1.666667,0.0
2005-06-28 00:00:00+09:00,214.0379824059682,215.80690002441406,214.0379824059682,215.80690002441406,8784000,0.0,0.0
2005-06-29 00:00:00+09:00,215.80687635133003,216.5144355475664,215.09930419921875,215.09930419921875,4377600,0.0,0.0
2005-06-30 00:00:00+09:00,215.0993226151922,215.45310872153763,213.33041799521706,213.6842041015625,1958400,0.0,0.0
2005-07-01 00:00:00+09:00,214.0379824059682,217.22201857211917,214.0379824059682,215.80690002441406,5839200,0.0,0.0
2005-07-04 00:00:00+09:00,216.16071377022823,217.575845539518,215.4531543635227,216.8682861328125,2613600,0.0,0.0
2005-07-05 00:00:00+09:00,217.22202462560188,221.11362017405528,217.22202462560188,219.69850158691406,15609600,0.0,0.0
2005-07-06 00:00:00+09:00,220.4060413065719,221.82115968485542,219.34469604492188,219.34469604492188,10728000,0.0,0.0
2005-07-07 00:00:00+09:00,221.11363021801822,224.65146571420556,220.40608384818438,223.9438934326172,9050400,0.0,0.0
2005-07-08 00:00:00+09:00,224.29760354391513,225.00517562653067,222.5287122049972,223.59005737304688,6163200,0.0,0.0
2005-07-11 00:00:00+09:00,225.00519640672465,226.4203147909007,224.65142328861805,225.7127685546875,5500800,0.0,0.0
2005-07-12 00:00:00+09:00,226.42028239148027,226.42028239148027,223.23624704888877,224.29759216308594,5925600,0.0,0.0
2005-07-13 00:00:00+09:00,223.5900780225486,225.7127685546875,222.52873275647912,225.7127685546875,5313600,0.0,0.0
2005-07-14 00:00:00+09:00,224.6514655711495,228.18927515332945,224.6514655711495,227.1279296875,5256000,0.0,0.0
2005-07-15 00:00:00+09:00,227.1278784410009,227.1278784410009,223.94384276192142,225.00518798828125,5889600,0.0,0.0
2005-07-18 00:00:00+09:00,225.00518798828125,225.00518798828125,225.00518798828125,225.00518798828125,0,0.0,0.0
2005-07-19 00:00:00+09:00,224.2976664747033,227.8355019686378,224.2976664747033,227.1279296875,4428000,0.0,0.0
2005-07-20 00:00:00+09:00,227.1279296875,228.18927515332945,226.77415650280835,227.1279296875,2376000,0.0,0.0
2005-07-21 00:00:00+09:00,228.1891545487672,228.8967264559328,227.48158264160156,227.48158264160156,2750400,0.0,0.0
2005-07-22 00:00:00+09:00,225.00516986866643,227.1278601504463,225.00516986866643,226.4202880859375,1238400,0.0,0.0
2005-07-25 00:00:00+09:00,227.4816551075375,227.4816551075375,226.42030986456027,226.77410888671875,3160800,0.0,0.0
2005-07-26 00:00:00+09:00,227.12787352369426,227.12787352369426,225.35895621414195,226.0665283203125,3225600,0.0,0.0
2005-07-27 00:00:00+09:00,225.35895621414195,226.42030141752372,225.35895621414195,226.0665283203125,2894400,0.0,0.0
2005-07-28 00:00:00+09:00,226.0665416727941,226.4203147909007,225.7127685546875,225.7127685546875,1072800,0.0,0.0
2005-07-29 00:00:00+09:00,225.35896462158303,228.18922724010537,225.00519151117365,226.77410888671875,4672800,0.0,0.0
2005-08-01 00:00:00+09:00,226.4202880859375,227.48163322682743,226.06651500955638,226.4202880859375,3096000,0.0,0.0
2005-08-02 00:00:00+09:00,225.0051746699761,226.06651983351372,225.0051746699761,225.35894775390625,2102400,0.0,0.0
2005-08-03 00:00:00+09:00,224.29759216308594,225.3589372772831,223.59004602811845,224.29759216308594,10324800,0.0,0.0
2005-08-04 00:00:00+09:00,222.88250732421875,223.59007947678367,221.8211620512463,222.88250732421875,8539200,0.0,0.0
2005-08-05 00:00:00+09:00,221.82111452248134,222.88245956804346,220.05219747596306,222.5286865234375,5076000,0.0,0.0
2005-08-08 00:00:00+09:00,221.8211212158203,222.52869323812712,218.63708598305735,221.8211212158203,4219200,0.0,0.0
2005-08-09 00:00:00+09:00,223.59000193154284,227.8353815510548,222.52865702666486,227.48158264160156,4975200,0.0,0.0
2005-08-10 00:00:00+09:00,227.83545465079214,231.01949038700627,227.4816556278245,229.95814514160156,7610400,0.0,0.0
2005-08-11 00:00:00+09:00,231.01949888483148,243.04807013796088,231.01949888483148,241.98672485351562,17935200,0.0,0.0
2005-08-12 00:00:00+09:00,240.5716367839525,245.52456479482353,239.51029136565825,245.17079162597656,17740800,0.0,0.0
2005-08-15 00:00:00+09:00,245.52454262614927,246.23211481170912,243.0480788443163,245.8783416748047,8323200,0.0,0.0
2005-08-16 00:00:00+09:00,246.58588794861353,246.58588794861353,244.81699635234045,245.8783416748047,6897600,0.0,0.0
2005-08-17 00:00:00+09:00,245.1707342355903,250.4774600848455,244.10938906573926,246.9396514892578,7898400,0.0,0.0
2005-08-18 00:00:00+09:00,247.64719766132694,250.1236869988109,246.9396514892578,246.9396514892578,7120800,0.0,0.0
2005-08-19 00:00:00+09:00,248.00105661092135,248.3548297824771,241.27918496908697,242.3405303955078,15782400,0.0,0.0
2005-08-22 00:00:00+09:00,244.10946322339723,246.93972650671734,244.10946322339723,245.5245819091797,11606400,0.0,0.0
2005-08-23 00:00:00+09:00,247.64715047239125,252.95387531045495,247.64715047239125,251.53875732421875,17020800,0.0,0.0
2005-08-24 00:00:00+09:00,249.41610044259204,252.24636270188424,249.0623273770852,250.12367248535156,8294400,0.0,0.0
2005-08-25 00:00:00+09:00,249.41617007303367,252.24643312246096,248.35482466846756,249.7699432373047,5479200,0.0,0.0
2005-08-26 00:00:00+09:00,248.0010528564453,248.7085991888453,244.81701662538575,248.0010528564453,4564800,0.0,0.0
2005-08-29 00:00:00+09:00,244.46324129171188,250.1237679712279,244.46324129171188,247.64727783203125,5292000,0.0,0.0
2005-08-30 00:00:00+09:00,247.64725377849214,249.7699445991985,247.64725377849214,248.0010528564453,4082400,0.0,0.0
2005-08-31 00:00:00+09:00,247.64718151069408,249.06232558603654,246.58583641006004,248.70852661132812,5608800,0.0,0.0
2005-09-01 00:00:00+09:00,247.6472524281725,251.18508771789485,247.6472524281725,249.7699432373047,5040000,0.0,0.0
2005-09-02 00:00:00+09:00,250.12381779436438,253.66162823995535,250.12381779436438,252.9540557861328,8445600,0.0,0.0
2005-09-05 00:00:00+09:00,254.72280216890195,256.4917191545449,254.36902913647072,255.4303741455078,7135200,0.0,0.0
2005-09-06 00:00:00+09:00,255.4305483365639,256.13809488393827,250.477592946138,251.18516540527344,4154400,0.0,0.0
2005-09-07 00:00:00+09:00,251.1850546468836,251.89260088227016,245.5245292932935,246.2321014404297,6753600,0.0,0.0
2005-09-08 00:00:00+09:00,246.58593260650647,248.00107723391565,244.46324157714844,244.46324157714844,5414400,0.0,0.0
2005-09-09 00:00:00+09:00,243.0480788443163,246.58588794861353,243.0480788443163,245.8783416748047,8863200,0.0,0.0
2005-09-12 00:00:00+09:00,249.41608994514846,250.47743500874483,246.9396267673385,249.06231689453125,5234400,0.0,0.0
2005-09-13 00:00:00+09:00,249.06244603709246,249.06244603709246,246.5859556634409,248.35487365722656,3592800,0.0,0.0
2005-09-14 00:00:00+09:00,246.2321014404297,248.0010188523953,245.87832832273642,246.2321014404297,3636000,0.0,0.0
2005-09-15 00:00:00+09:00,245.87830824669402,248.35477169184213,245.87830824669402,247.29342651367188,5313600,0.0,0.0
2005-09-16 00:00:00+09:00,249.0623982667985,250.12374367715168,248.0010528564453,248.0010528564453,6494400,0.0,0.0
2005-09-19 00:00:00+09:00,248.0010528564453,248.0010528564453,248.0010528564453,248.0010528564453,0,0.0,0.0
2005-09-20 00:00:00+09:00,250.12366195812763,250.12366195812763,248.70851793216931,249.06231689453125,3693600,0.0,0.0
2005-09-21 00:00:00+09:00,246.58593260650647,248.00107723391565,244.46324157714844,244.46324157714844,5083200,0.0,0.0
2005-09-22 00:00:00+09:00,244.46318662419873,245.52453190029763,240.92537767445233,241.63294982910156,6465600,0.0,0.0
2005-09-23 00:00:00+09:00,241.63294982910156,241.63294982910156,241.63294982910156,241.63294982910156,0,0.0,0.0
2005-09-26 00:00:00+09:00,241.63291452253586,243.40180578306985,241.63291452253586,242.6942596435547,5443200,0.0,0.0
2005-09-27 00:00:00+09:00,243.75563779307754,248.0010188523953,243.75563779307754,246.2321014404297,14767200,0.0,0.0
2005-09-28 00:00:00+09:00,247.64732902135734,251.18516540527344,245.87843674116033,251.18516540527344,14421600,0.0,0.0
2005-09-29 00:00:00+09:00,256.84561464170395,260.7372235007998,254.7229236116072,258.6145324707031,8222400,0.0,0.0
2005-09-30 00:00:00+09:00,260.0296293503729,263.5674387995213,258.2607116699219,258.2607116699219,3403200,0.0,0.0
2005-10-03 00:00:00+09:00,261.0909011973636,267.4589719582749,260.7371281256728,266.0438537597656,5637600,0.0,0.0
2005-10-04 00:00:00+09:00,266.39748680881723,267.1050584920344,264.27479767089835,264.6285705566406,3804000,0.0,0.0
2005-10-05 00:00:00+09:00,266.3976563031387,268.52034679160994,266.3976563031387,267.8127746582031,3561600,0.0,0.0
2005-10-06 00:00:00+09:00,267.1051609202058,267.8127069630166,260.7370910644531,260.7370910644531,2385600,0.0,0.0
2005-10-07 00:00:00+09:00,261.7984875787738,266.75141450046635,260.0295703000278,262.8598327636719,2548800,0.0,0.0
2005-10-10 00:00:00+09:00,262.8598327636719,262.8598327636719,262.8598327636719,262.8598327636719,0,0.0,0.0
2005-10-11 00:00:00+09:00,258.260660308063,265.6900768119693,258.260660308063,265.3363037109375,2176800,0.0,0.0
2005-10-12 00:00:00+09:00,265.6901207820487,267.10526524387035,264.2750022319798,264.9825744628906,2913600,0.0,0.0
2005-10-13 00:00:00+09:00,258.96827883751354,262.50608821716844,257.5531602680022,259.3220520019531,2834400,0.0,0.0
2005-10-14 00:00:00+09:00,259.67579720897766,265.6900693155683,258.26065302128177,262.8598327636719,3585600,0.0,0.0
2005-10-17 00:00:00+09:00,266.39766959538537,268.1665870612901,265.3363242981926,267.4590148925781,2078400,0.0,0.0
2005-10-18 00:00:00+09:00,267.458919823076,267.458919823076,262.85976714061405,263.9211120605469,1800000,0.0,0.0
2005-10-19 00:00:00+09:00,264.27479767089835,265.3361422398578,261.4445368497623,264.6285705566406,1432800,0.0,0.0
2005-10-20 00:00:00+09:00,263.9212290724007,266.7514661725386,263.567430001069,264.9825744628906,948000,0.0,0.0
2005-10-21 00:00:00+09:00,265.3362621319878,272.4119044260889,264.62869012905435,272.05810546875,3698400,0.0,0.0
2005-10-24 00:00:00+09:00,273.47326183708725,276.30349815327423,270.6429996091548,274.53460693359375,3619200,0.0,0.0
2005-10-25 00:00:00+09:00,275.9497438826651,283.0253869784441,273.82705354510614,281.2564697265625,3902400,0.0,0.0
2005-10-26 00:00:00+09:00,283.0253891773875,283.0253891773875,275.5959729382089,276.6573181152344,4845600,0.0,0.0
2005-10-27 00:00:00+09:00,280.1951675753509,291.1623940325902,280.1951675753509,289.0397033691406,10243200,0.0,0.0
2005-10-28 00:00:00+09:00,285.50198115617866,290.8087094304571,285.50198115617866,288.3322448730469,5047200,0.0,0.0
2005-10-31 00:00:00+09:00,295.4077976013068,298.9456329145941,291.86998819977276,295.7615966796875,10147200,0.0,0.0
2005-11-01 00:00:00+09:00,308.14389147611234,316.28088025412814,307.7901183681113,314.511962890625,7718400,0.0,0.0
2005-11-02 00:00:00+09:00,318.40367703824427,323.3566317627584,308.49779350097367,314.1582946777344,8728800,0.0,0.0
2005-11-03 00:00:00+09:00,314.1582946777344,314.1582946777344,314.1582946777344,314.1582946777344,0,0.0,0.0
2005-11-04 00:00:00+09:00,314.8657008438683,314.8657008438683,299.29929843460764,300.71441650390625,9595200,0.0,0.0
2005-11-07 00:00:00+09:00,300.006995030257,308.8515319824219,299.6531959321772,308.8515319824219,5848800,0.0,0.0
2005-11-08 00:00:00+09:00,308.85152882101255,312.0355652006106,306.72883790128054,307.0826110839844,1173600,0.0,0.0
2005-11-09 00:00:00+09:00,303.54468719052596,306.0211503601935,299.65307999955303,301.4219970703125,3098400,0.0,0.0
2005-11-10 00:00:00+09:00,301.4220853132288,306.37503901431194,298.23804920076515,299.6531677246094,1723200,0.0,0.0
2005-11-11 00:00:00+09:00,298.591800315378,302.12963523149705,298.591800315378,300.3607177734375,1759200,0.0,0.0
2005-11-14 00:00:00+09:00,302.8371837523037,306.3750186949063,301.42206532231296,303.8985290527344,1759200,0.0,0.0
2005-11-15 00:00:00+09:00,304.2523769131769,309.91287745315185,302.8372323443671,308.8515319824219,3900000,0.0,0.0
2005-11-16 00:00:00+09:00,308.8515564579292,316.6347485561574,306.37509213389217,316.2809753417969,3772800,0.0,0.0
2005-11-17 00:00:00+09:00,316.63462523072263,319.1111145019531,315.5732800892658,319.1111145019531,1828800,0.0,0.0
2005-11-18 00:00:00+09:00,319.8187252103046,320.1725242700354,312.0355345725041,313.4506530761719,2265600,0.0,0.0
2005-11-21 00:00:00+09:00,316.9883700535644,318.4034880297827,309.55895533286946,310.62030029296875,1500000,0.0,0.0
2005-11-22 00:00:00+09:00,310.97419526639163,312.7431128642021,300.7145146578947,304.2523498535156,4048800,0.0,0.0
2005-11-23 00:00:00+09:00,304.2523498535156,304.2523498535156,304.2523498535156,304.2523498535156,0,0.0,0.0
2005-11-24 00:00:00+09:00,307.0825649540264,308.49770929576766,302.48341062274363,303.8985290527344,2232000,0.0,0.0
2005-11-25 00:00:00+09:00,304.60616546207007,307.0826297147536,303.89859314197935,305.6675109863281,991200,0.0,0.0
2005-11-28 00:00:00+09:00,308.4976954261107,309.20524165342044,303.89851538985056,305.31365966796875,1684800,0.0,0.0
2005-11-29 00:00:00+09:00,304.60609081538036,316.9884608678896,304.25231769790855,315.21954345703125,3348000,0.0,0.0
2005-11-30 00:00:00+09:00,314.15824704944225,317.3422833371055,312.38932936348925,313.8044738769531,2292000,0.0,0.0
2005-12-01 00:00:00+09:00,310.26655705371184,323.7102709318462,310.26655705371184,322.64892578125,3969600,0.0,0.0
2005-12-02 00:00:00+09:00,322.6489342580867,324.7716246150478,317.342208365684,323.35650634765625,2416800,0.0,0.0
2005-12-05 00:00:00+09:00,324.41792982823887,330.78600243613175,321.9414398728891,330.07843017578125,2520000,0.0,0.0
2005-12-06 00:00:00+09:00,330.7858944026874,330.7858944026874,324.06402490408004,326.894287109375,2604000,0.0,0.0
2005-12-07 00:00:00+09:00,327.2481132996193,343.52209123260116,325.47922180689267,341.753173828125,7041600,0.0,0.0
2005-12-08 00:00:00+09:00,338.2153428864298,339.6304611707252,319.8186756318503,324.0640563964844,5908800,0.0,0.0
2005-12-09 00:00:00+09:00,321.94134862826667,337.1539794878381,318.04976707867564,334.677490234375,16783200,0.0,0.0
2005-12-12 00:00:00+09:00,339.63062530350425,358.38107471272195,338.21550633532644,352.01300048828125,7401600,0.0,0.0
2005-12-13 00:00:00+09:00,353.7817682734552,353.7817682734552,342.4607686868135,347.4136962890625,2169600,0.0,0.0
2005-12-14 00:00:00+09:00,348.12124142168506,352.72039552679496,344.9372056769745,349.1825866699219,2587200,0.0,0.0
2005-12-15 00:00:00+09:00,345.9984988802381,349.1825341460072,335.3850479943412,337.86151123046875,3148800,0.0,0.0
2005-12-16 00:00:00+09:00,335.3850205302813,340.6917455386718,326.54048748687813,328.6631774902344,4056000,0.0,0.0
2005-12-19 00:00:00+09:00,332.2011024942757,333.61622102419966,327.60194783820845,331.4935302734375,2263200,0.0,0.0
2005-12-20 00:00:00+09:00,333.26243779365325,338.56916451011267,329.7246286199308,333.6162109375,3319200,0.0,0.0
2005-12-21 00:00:00+09:00,333.9699855034249,335.0313307688894,329.3708054119121,330.78594970703125,2954400,0.0,0.0
2005-12-22 00:00:00+09:00,332.5547942744367,332.5547942744367,325.4791774444301,327.60186767578125,13168800,0.0,0.0
2005-12-23 00:00:00+09:00,327.60186767578125,327.60186767578125,327.60186767578125,327.60186767578125,0,0.0,0.0
2005-12-26 00:00:00+09:00,327.24818357446213,338.569210753092,326.89441038229575,336.80029296875,7380000,0.0,0.0
2005-12-27 00:00:00+09:00,331.13970947265625,334.67751824430263,331.13970947265625,331.13970947265625,2596800,0.0,0.0
2005-12-28 00:00:00+09:00,331.49347284693914,333.9699622349802,328.3094372723845,333.26239013671875,1377600,0.0,0.0
2005-12-29 00:00:00+09:00,343.87585560191764,356.9657715091854,337.1540110946853,350.2439270019531,8760000,0.0,0.0
2005-12-30 00:00:00+09:00,350.24388403607827,352.0128011785595,339.9842060684799,348.8287658691406,3715200,0.0,0.0
2006-01-02 00:00:00+09:00,348.8287658691406,348.8287658691406,348.8287658691406,348.8287658691406,0,0.0,0.0
2006-01-03 00:00:00+09:00,348.8287658691406,348.8287658691406,348.8287658691406,348.8287658691406,0,0.0,0.0
2006-01-04 00:00:00+09:00,357.319542202179,357.319542202179,348.82878100855686,353.7817077636719,3060000,0.0,0.0
2006-01-05 00:00:00+09:00,359.08850564184587,388.452402638865,358.7347324916295,386.3297119140625,12818400,0.0,0.0
2006-01-06 00:00:00+09:00,382.7918359674887,385.6220724994986,377.1313110799739,381.0229187011719,4800000,0.0,0.0
2006-01-09 00:00:00+09:00,381.0229187011719,381.0229187011719,381.0229187011719,381.0229187011719,0,0.0,0.0
2006-01-10 00:00:00+09:00,375.3624823883412,381.0229823090712,364.3952297827525,370.0557556152344,4111200,0.0,0.0
2006-01-11 00:00:00+09:00,371.47076416015625,373.5934542410714,367.932955995879,371.47076416015625,3871200,0.0,0.0
2006-01-12 00:00:00+09:00,381.0229443020291,385.6220984093721,375.36244494593393,382.08428955078125,6273600,0.0,0.0
2006-01-13 00:00:00+09:00,380.3152770996094,383.1455390260615,375.7161241418996,380.3152770996094,2827200,0.0,0.0
2006-01-16 00:00:00+09:00,385.62213086639116,386.6834762044746,375.008677485557,379.2540588378906,5407200,0.0,0.0
2006-01-17 00:00:00+09:00,373.5935404380031,375.0086588478667,346.70613518009384,350.59771728515625,6321600,0.0,0.0
2006-01-18 00:00:00+09:00,339.9842241345317,346.7060940860993,323.3565005762788,326.1867370605469,8397600,0.0,0.0
2006-01-19 00:00:00+09:00,332.5548791343556,345.6448228424206,332.5548791343556,339.6305236816406,6290400,0.0,0.0
2006-01-20 00:00:00+09:00,367.9330566243843,367.9330566243843,339.9842789739377,347.4136962890625,3324000,0.0,0.0
2006-01-23 00:00:00+09:00,333.26234800277217,342.4606804702455,329.0169677734375,329.0169677734375,3144000,0.0,0.0
2006-01-24 00:00:00+09:00,329.0170384539232,355.55067058730407,328.6632653293948,350.59771728515625,7252800,0.0,0.0
2006-01-25 00:00:00+09:00,347.05991528549913,350.2439512055496,338.56915283203125,338.56915283203125,4838400,0.0,0.0
2006-01-26 00:00:00+09:00,342.1068915848275,347.76741599846935,336.0926200239828,337.86151123046875,2532000,0.0,0.0
2006-01-27 00:00:00+09:00,344.93720960913237,345.64478175327275,338.56913804711763,341.753173828125,1586400,0.0,0.0
2006-01-30 00:00:00+09:00,353.78174039819595,362.9800745103673,349.5363594097706,358.38092041015625,4860000,0.0,0.0
2006-01-31 00:00:00+09:00,344.2296702635382,348.8288507710408,339.27674251788426,345.291015625,5325600,0.0,0.0
2006-02-01 00:00:00+09:00,347.4136170277759,348.82876108705904,336.80016614187906,337.86151123046875,2308800,0.0,0.0
2006-02-02 00:00:00+09:00,341.39943482286503,353.781780156132,341.39943482286503,349.89019775390625,7132800,0.0,0.0
2006-02-03 00:00:00+09:00,350.24393154509124,359.44226565726257,346.70612269198654,358.38092041015625,5738400,0.0,0.0
2006-02-06 00:00:00+09:00,365.45653667001204,373.23975239248796,362.98007307381465,369.34814453125,5275200,0.0,0.0
2006-02-07 00:00:00+09:00,367.5792271558238,370.0557166637703,366.1641088025323,369.34814453125,3350400,0.0,0.0
2006-02-08 00:00:00+09:00,367.93301760137905,369.3481359216839,359.0884568421654,360.50360107421875,3004800,0.0,0.0
2006-02-09 00:00:00+09:00,376.070008498283,390.22129640817496,365.4565555217393,374.3011169433594,11594400,0.0,0.0
2006-02-10 00:00:00+09:00,367.2254454853524,371.4708263580154,353.07418454705845,360.50360107421875,6120000,0.0,0.0
2006-02-13 00:00:00+09:00,357.3194783943095,357.3194783943095,344.2295399504966,345.6446838378906,3009600,0.0,0.0
2006-02-14 00:00:00+09:00,342.10686322146466,355.19680216997494,329.3707232143151,344.22955322265625,2018400,0.0,0.0
2006-02-15 00:00:00+09:00,353.781763198632,355.9044538296473,346.3523459900785,348.47503662109375,3508800,0.0,0.0
2006-02-16 00:00:00+09:00,334.32376874503444,334.32376874503444,313.09686279296875,313.09686279296875,9249600,0.0,0.0
2006-02-17 00:00:00+09:00,311.3280118117859,316.280966228909,300.7145565692051,305.6675109863281,13209600,0.0,0.0
2006-02-20 00:00:00+09:00,305.66737563412704,312.7430179666096,297.17661519984574,306.0211486816406,7336800,0.0,0.0
2006-02-21 00:00:00+09:00,303.19098348466855,311.32794686534976,302.4834113121852,310.2666015625,5229600,0.0,0.0
2006-02-22 00:00:00+09:00,318.4035865672519,323.35653988443704,310.2665973843943,317.6960144042969,6273600,0.0,0.0
2006-02-23 00:00:00+09:00,307.08260418350585,310.6204395780632,299.29941295663656,304.60614013671875,12928800,0.0,0.0
2006-02-24 00:00:00+09:00,307.43638598252306,307.7901591373842,302.48343225570517,304.2523498535156,7327200,0.0,0.0
2006-02-27 00:00:00+09:00,339.27672125219954,339.27672125219954,322.2951965332031,322.2951965332031,17260800,0.0,0.0
2006-02-28 00:00:00+09:00,325.83304533223503,327.6019630103778,307.7901731151406,315.5733642578125,9573600,0.0,0.0
2006-03-01 00:00:00+09:00,313.8044226899284,313.8044226899284,309.2052426390085,311.6817321777344,4922400,0.0,0.0
2006-03-02 00:00:00+09:00,314.1582065757509,314.8657787413248,298.9455993540401,300.3607177734375,7161600,0.0,0.0
2006-03-03 00:00:00+09:00,300.7145068049227,312.38930563973645,300.7145068049227,309.912841796875,6991200,0.0,0.0
2006-03-06 00:00:00+09:00,306.37499389485697,306.7287669957803,300.00692260774736,301.0682678222656,4557600,0.0,0.0
2006-03-07 00:00:00+09:00,301.42207770800064,302.12964990794603,289.39350577943895,290.8086242675781,6028800,0.0,0.0
2006-03-08 00:00:00+09:00,289.03966924832025,300.0069203226387,285.85563362901775,296.4690856933594,5366400,0.0,0.0
2006-03-09 00:00:00+09:00,294.70020029193887,302.12961688827556,293.6388550638908,301.77581787109375,3849600,0.0,0.0
2006-03-10 00:00:00+09:00,305.3136392875408,313.09682865064667,302.83714992202033,311.3279113769531,5234400,0.0,0.0
2006-03-13 00:00:00+09:00,316.63475513528016,320.1725909994222,315.2196363366777,318.7574462890625,3609600,0.0,0.0
2006-03-14 00:00:00+09:00,318.7573596928544,319.8187049814119,316.63466911573937,317.6960144042969,3074400,0.0,0.0
2006-03-15 00:00:00+09:00,319.4648924093477,319.4648924093477,317.69597517625516,318.0497741699219,1848000,0.0,0.0
2006-03-16 00:00:00+09:00,318.0498680326665,318.4036412189916,307.7901865116919,308.8515319824219,3273600,0.0,0.0
2006-03-17 00:00:00+09:00,305.31371239798096,309.91286731680094,301.77587700342366,304.60614013671875,7214400,0.0,0.0
2006-03-20 00:00:00+09:00,305.66749557023195,310.9742229238818,304.9599232858271,308.8515319824219,2119200,0.0,0.0
2006-03-21 00:00:00+09:00,308.8515319824219,308.8515319824219,308.8515319824219,308.8515319824219,0,0.0,0.0
2006-03-22 00:00:00+09:00,305.66744652403565,308.85148242532773,302.8371837523037,303.8985290527344,5860800,0.0,0.0
2006-03-23 00:00:00+09:00,304.2523258164683,307.0825626552632,299.6531456078637,300.3607177734375,3835200,0.0,0.0
2006-03-24 00:00:00+09:00,300.36069212568566,302.83715562610394,298.2380017219706,299.2993469238281,2762400,0.0,0.0
2006-03-27 00:00:00+09:00,299.2993095756007,299.2993095756007,292.2236671422389,293.9925842285156,5788800,0.0,0.0
2006-03-28 00:00:00+09:00,293.9926388776653,298.5917930628097,292.9312936109589,297.8842468261719,3297600,0.0,0.0
2006-03-29 00:00:00+09:00,297.5304769829669,301.06831216020583,293.99266771748023,299.6531677246094,5066400,0.0,0.0
2006-03-30 00:00:00+09:00,303.19100447717983,307.7901591373842,301.7758600342305,304.2523498535156,5313600,0.0,0.0
2006-03-31 00:00:00+09:00,304.959855768856,319.8186890693855,304.959855768856,314.511962890625,8772000,0.0,0.0
2006-04-03 00:00:00+09:00,314.8657339361256,320.8800057965502,314.8657339361256,319.1111145019531,3842400,0.0,0.0
2006-04-04 00:00:00+09:00,322.2951866723364,335.3851029388168,321.5876145267768,324.4178771972656,7396800,0.0,0.0
2006-04-05 00:00:00+09:00,331.4935302734375,334.6775663995807,330.0784117435135,331.4935302734375,6998400,0.0,0.0
2006-04-06 00:00:00+09:00,331.49346440582025,332.5548095703125,328.3094289123436,332.5548095703125,3619200,0.0,0.0
2006-04-07 00:00:00+09:00,335.738841137953,335.738841137953,329.3707702254623,331.8472595214844,2836800,0.0,0.0
2006-04-10 00:00:00+09:00,329.0170009925875,334.6774998992969,327.95565582809525,332.5548095703125,1644000,0.0,0.0
2006-04-11 00:00:00+09:00,335.73883056640625,338.2153197844501,329.72455883514795,335.73883056640625,2618400,0.0,0.0
2006-04-12 00:00:00+09:00,338.5692227579738,338.5692227579738,331.4935772814747,332.9087219238281,2956800,0.0,0.0
2006-04-13 00:00:00+09:00,335.0313074264984,335.3850805197552,326.18674688934806,333.26239013671875,3307200,0.0,0.0
2006-04-14 00:00:00+09:00,334.677490234375,336.0926343539958,333.26237202650066,334.677490234375,2112000,0.0,0.0
2006-04-17 00:00:00+09:00,338.2154202850518,347.76752919142274,337.1540748510106,342.8145751953125,7857600,0.0,0.0
2006-04-18 00:00:00+09:00,341.0456923043764,350.59780218552163,339.6305735518293,348.121337890625,4252800,0.0,0.0
2006-04-19 00:00:00+09:00,350.59769534508814,351.6590405640054,341.39938738897087,342.10693359375,3979200,0.0,0.0
2006-04-20 00:00:00+09:00,339.9841863341584,345.99848354009936,339.9841863341584,343.87579345703125,2608800,0.0,0.0
2006-04-21 00:00:00+09:00,341.7531678593873,343.1682862112034,333.9699780567752,336.4464416503906,2529600,0.0,0.0
2006-04-24 00:00:00+09:00,327.60190309174226,329.7245935525705,323.3565221700858,326.5405578613281,4053600,0.0,0.0
2006-04-25 00:00:00+09:00,326.89434265215255,339.27671275349917,323.71030684709916,337.1540222167969,3813600,0.0,0.0
2006-04-26 00:00:00+09:00,339.6304847447911,341.0456031273112,330.7859495084787,338.92291259765625,2284800,0.0,0.0
2006-04-27 00:00:00+09:00,343.52202041376796,349.1825186647015,341.0455313756924,343.87579345703125,3326400,0.0,0.0
2006-04-28 00:00:00+09:00,346.7061921408333,346.7061921408333,338.21542846319454,343.52215576171875,2061600,0.0,0.0
2006-05-01 00:00:00+09:00,343.8757801930387,346.35224322384784,339.9841732202731,344.22955322265625,1677600,0.0,0.0
2006-05-02 00:00:00+09:00,338.21533952765515,341.75314815913407,338.21533952765515,340.6918029785156,2433600,0.0,0.0
2006-05-03 00:00:00+09:00,340.6918029785156,340.6918029785156,340.6918029785156,340.6918029785156,0,0.0,0.0
2006-05-04 00:00:00+09:00,340.6918029785156,340.6918029785156,340.6918029785156,340.6918029785156,0,0.0,0.0
2006-05-05 00:00:00+09:00,340.6918029785156,340.6918029785156,340.6918029785156,340.6918029785156,0,0.0,0.0
2006-05-08 00:00:00+09:00,343.1682214587605,345.64471049683607,334.67746112648814,343.87579345703125,5536800,0.0,0.0
2006-05-09 00:00:00+09:00,343.87589295037077,362.98010922539135,340.3380837589138,359.0885009765625,19932000,0.0,0.0
2006-05-10 00:00:00+09:00,356.25829266375246,357.3196380977937,341.75322976127126,342.8145751953125,12223200,0.0,0.0
2006-05-11 00:00:00+09:00,332.20107653709965,336.80023083380297,307.43636168383114,315.9271240234375,20049600,0.0,0.0
2006-05-12 00:00:00+09:00,315.92705824882904,319.46486651652566,308.14384378345363,316.9884033203125,5707200,0.0,0.0
2006-05-15 00:00:00+09:00,309.9128261684959,311.3279445913759,302.12963597503034,306.7287902832031,7836000,0.0,0.0
2006-05-16 00:00:00+09:00,310.26664746358244,313.8044829376388,306.02126562411837,307.0826110839844,5935200,0.0,0.0
2006-05-17 00:00:00+09:00,307.4363962483325,308.143942581681,294.3464522285945,302.1296691894531,7444800,0.0,0.0
2006-05-18 00:00:00+09:00,297.1766177260157,298.9455348021093,293.9925825360941,298.59173583984375,12744000,0.0,0.0
2006-05-19 00:00:00+09:00,298.5918032311525,311.68174590746673,297.17668479793633,310.2666015625,16675200,0.0,0.0
2006-05-22 00:00:00+09:00,314.86582132212897,315.9271667581454,303.89856787545654,304.60614013671875,8834400,0.0,0.0
2006-05-23 00:00:00+09:00,304.2522998364127,305.31364503827024,297.88422862526744,299.2993469238281,3727200,0.0,0.0
2006-05-24 00:00:00+09:00,302.8372257781345,303.898571225852,298.23807080861013,300.0069885253906,2820000,0.0,0.0
2006-05-25 00:00:00+09:00,303.54467533656526,303.54467533656526,295.40768822292927,297.1766052246094,4214400,0.0,0.0
2006-05-26 00:00:00+09:00,299.6531213126618,300.0069203226387,293.9926221822624,296.4690856933594,5661600,0.0,0.0
2006-05-29 00:00:00+09:00,297.5303782602479,298.9455222262894,296.4690332415886,297.1766052246094,10591200,0.0,0.0
2006-05-30 00:00:00+09:00,297.1766676441095,297.1766676441095,290.10102406295243,294.3464050292969,2932800,0.0,0.0
2006-05-31 00:00:00+09:00,287.27079814013126,292.22372551223265,287.27079814013126,290.454833984375,3019200,0.0,0.0
2006-06-01 00:00:00+09:00,290.8086994662499,294.346509557297,278.0725520443703,279.4876708984375,4365600,0.0,0.0
2006-06-02 00:00:00+09:00,275.94976178696857,280.1951427375373,268.87411823210437,279.84136962890625,6168000,0.0,0.0
2006-06-05 00:00:00+09:00,283.3791676396909,293.6388465160801,280.9027041502513,292.9312744140625,5004000,0.0,0.0
2006-06-06 00:00:00+09:00,289.7472075958543,289.7472075958543,281.6102199907126,283.73291015625,2748000,0.0,0.0
2006-06-07 00:00:00+09:00,283.37916226581353,284.440507442839,275.9497460266349,276.6573181152344,2659200,0.0,0.0
2006-06-08 00:00:00+09:00,269.581638475971,273.1194466166229,252.95389098259355,257.5530700683594,8712000,0.0,0.0
2006-06-09 00:00:00+09:00,258.9682601031903,268.5203680578162,254.01530660057836,261.79852294921875,6948000,0.0,0.0
2006-06-12 00:00:00+09:00,264.9825270522922,275.5959790582352,262.5060376430735,272.7657165527344,4473600,0.0,0.0
2006-06-13 00:00:00+09:00,266.04391146209167,270.64306603856835,263.56742168789106,264.2749938964844,5488800,0.0,0.0
2006-06-14 00:00:00+09:00,257.55319078810595,270.9968835709267,257.55319078810595,270.2893371582031,12420000,0.0,0.0
2006-06-15 00:00:00+09:00,279.133825045913,285.5018971001924,278.4262528470759,284.4405517578125,6960000,0.0,0.0
2006-06-16 00:00:00+09:00,291.516196010929,291.516196010929,283.37920641543263,284.4405517578125,3688800,0.0,0.0
2006-06-19 00:00:00+09:00,283.0254836565422,290.80867558232063,282.671684538264,286.56329345703125,2515200,0.0,0.0
2006-06-20 00:00:00+09:00,287.2707776090491,287.2707776090491,278.0724438569392,279.1337890625,3247200,0.0,0.0
2006-06-21 00:00:00+09:00,280.5488912040597,281.96403533778226,272.0581300487111,275.9497375488281,2316000,0.0,0.0
2006-06-22 00:00:00+09:00,279.1337782195618,285.50184920555944,279.1337782195618,284.08673095703125,1665600,0.0,0.0
2006-06-23 00:00:00+09:00,284.44050309407464,285.8556213378906,280.19512245087947,285.8556213378906,2246400,0.0,0.0
2006-06-26 00:00:00+09:00,284.44048218201084,286.9169454045561,281.96401895946565,283.73291015625,2258400,0.0,0.0
2006-06-27 00:00:00+09:00,283.91323409266977,290.94346655591687,283.91323409266977,290.4026794433594,1076000,6.25,3.0
2006-06-28 00:00:00+09:00,281.75000082639474,284.9947225249713,276.88291827853,279.58685302734375,3160800,0.0,0.0
2006-06-29 00:00:00+09:00,279.0461781819661,279.0461781819661,270.9343706766764,272.5567321777344,4464000,0.0,0.0
2006-06-30 00:00:00+09:00,280.66850316110265,283.37243864435027,275.80141929125693,280.1277160644531,4012800,0.0,0.0
2006-07-03 00:00:00+09:00,284.4539629402807,289.86183295815675,283.3723889367055,287.15789794921875,2970400,0.0,0.0
2006-07-04 00:00:00+09:00,288.7803924560547,295.81062672932944,288.2396052042643,292.0251159667969,3540000,0.0,0.0
2006-07-05 00:00:00+09:00,289.86183348224836,290.9434074877791,284.9947504573598,286.0763244628906,2954400,0.0,0.0
2006-07-06 00:00:00+09:00,268.77123931701294,271.47517532623846,263.90415450040706,269.8528137207031,11056800,0.0,0.0
2006-07-07 00:00:00+09:00,272.01590168452117,274.17905000805615,268.230392118335,268.77117919921875,4972000,0.0,0.0
2006-07-10 00:00:00+09:00,264.44491823563664,266.6080668510611,260.11862100478777,261.2001953125,3570400,0.0,0.0
2006-07-11 00:00:00+09:00,263.9041344572368,263.9041344572368,255.2515398848684,256.8739013671875,2412800,0.0,0.0
2006-07-12 00:00:00+09:00,253.6291430007182,254.71071717129695,237.40553044203685,241.1910400390625,10042400,0.0,0.0
2006-07-13 00:00:00+09:00,236.86476329072244,238.48712468312465,226.58980780550846,234.16082763671875,10192000,0.0,0.0
2006-07-14 00:00:00+09:00,233.62005873129402,235.78320742325045,228.75297417439205,230.37533569335938,6234400,0.0,0.0
2006-07-17 00:00:00+09:00,230.37533569335938,230.37533569335938,230.37533569335938,230.37533569335938,0,0.0,0.0
2006-07-18 00:00:00+09:00,229.2937081734141,230.37528226857174,214.69245788878632,216.85560607910156,9737600,0.0,0.0
2006-07-19 00:00:00+09:00,216.85567131820991,219.0188201592893,210.90701200524157,211.98858642578125,5923200,0.0,0.0
2006-07-20 00:00:00+09:00,223.34504789026772,224.96740901295732,219.01875156309546,221.72268676757812,8728000,0.0,0.0
2006-07-21 00:00:00+09:00,218.47801003304554,224.4266687220641,218.47801003304554,221.18194580078125,4028800,0.0,0.0
2006-07-24 00:00:00+09:00,219.5595533830406,229.29372077440695,219.5595533830406,222.26348876953125,5034400,0.0,0.0
2006-07-25 00:00:00+09:00,226.58983070262963,228.21219225897306,222.80432040449503,223.88589477539062,2471200,0.0,0.0
2006-07-26 00:00:00+09:00,227.13060448979982,227.13060448979982,219.01879718659268,221.18194580078125,4126400,0.0,0.0
2006-07-27 00:00:00+09:00,216.8555900271576,220.64109908000077,214.80059939847132,218.4779510498047,6715200,0.0,0.0
2006-07-28 00:00:00+09:00,219.01879718659268,223.34509441496982,215.9903891267287,221.18194580078125,3025600,0.0,0.0
2006-07-31 00:00:00+09:00,224.9674195772059,234.16079970415902,222.80427131204044,229.83450317382812,5724000,0.0,0.0
2006-08-01 00:00:00+09:00,234.1608253426867,244.43578072723878,232.53846396617848,237.40554809570312,10508800,0.0,0.0
2006-08-02 00:00:00+09:00,238.48713851684292,242.8134358142006,234.16084121948523,236.32398986816406,4623200,0.0,0.0
2006-08-03 00:00:00+09:00,240.6502846401378,241.7318589531272,235.78320023168558,239.56871032714844,4011200,0.0,0.0
2006-08-04 00:00:00+09:00,240.10949957860657,240.65028673981965,234.7016279664758,236.86477661132812,1745600,0.0,0.0
2006-08-07 00:00:00+09:00,236.32392967681182,237.946290750108,231.45684645692324,234.70156860351562,3015200,0.0,0.0
2006-08-08 00:00:00+09:00,229.29373351031103,233.0792432616605,223.88586243695462,226.5897979736328,5731200,0.0,0.0
2006-08-09 00:00:00+09:00,226.58982548243563,231.4569100393376,226.04903830944653,230.37533569335938,2736800,0.0,0.0
2006-08-10 00:00:00+09:00,230.37530305650498,235.24238692389594,228.2121546709979,233.62002563476562,1710400,0.0,0.0
2006-08-11 00:00:00+09:00,232.5384503945537,236.32396005213946,231.45687620667206,235.2423858642578,1628800,0.0,0.0
2006-08-14 00:00:00+09:00,236.32398738818029,239.56871032714844,233.62005160570683,239.56871032714844,1543200,0.0,0.0
2006-08-15 00:00:00+09:00,240.10955810546875,241.73191998455974,237.40562164031707,240.10955810546875,2074400,0.0,0.0
2006-08-16 00:00:00+09:00,243.89502571899672,256.87391844018504,243.35423852228053,254.7107696533203,6829600,0.0,0.0
2006-08-17 00:00:00+09:00,259.0369735943591,265.52641760924905,255.79225158691406,255.79225158691406,9144000,0.0,0.0
2006-08-18 00:00:00+09:00,257.9554170600335,262.2817133629271,250.9251855678313,252.0067596435547,6863200,0.0,0.0
2006-08-21 00:00:00+09:00,255.2514523713485,257.4146002728006,248.7620086669922,248.7620086669922,8667200,0.0,0.0
2006-08-22 00:00:00+09:00,250.3843985299696,254.16990779500154,249.30282445424618,252.0067596435547,4483200,0.0,0.0
2006-08-23 00:00:00+09:00,252.00674464728243,253.08831865864414,248.76202261319725,251.46595764160156,3459200,0.0,0.0
2006-08-24 00:00:00+09:00,249.30287330677524,250.9252347382727,246.59893758761282,247.1397247314453,4212800,0.0,0.0
2006-08-25 00:00:00+09:00,249.84360835237322,257.9554138183594,248.76203429024173,257.9554138183594,6215200,0.0,0.0
2006-08-28 00:00:00+09:00,259.57772982322564,259.57772982322564,253.6290735147767,255.25143432617188,5336800,0.0,0.0
2006-08-29 00:00:00+09:00,258.49618659311824,258.49618659311824,253.08831658070991,255.79225158691406,2320800,0.0,0.0
2006-08-30 00:00:00+09:00,258.4962777530446,262.8225752886604,256.33312898523667,257.4147033691406,5104800,0.0,0.0
2006-08-31 00:00:00+09:00,257.41461079915365,263.363267771403,252.54752782185872,259.5777587890625,3712000,0.0,0.0
2006-09-01 00:00:00+09:00,262.8225380502096,266.60804785751714,259.5778153582317,266.0672607421875,3055200,0.0,0.0
2006-09-04 00:00:00+09:00,268.2303589589497,275.80137715537165,267.1487849308894,274.17901611328125,5898400,0.0,0.0
2006-09-05 00:00:00+09:00,275.80143171037946,283.9132385253906,274.719857468378,283.9132385253906,8305600,0.0,0.0
2006-09-06 00:00:00+09:00,283.37237983070344,283.9131668151132,272.5566401425086,273.6382141113281,5288800,0.0,0.0
2006-09-07 00:00:00+09:00,272.5567676374304,273.09755487480624,266.608108026296,267.1488952636719,4699200,0.0,0.0
2006-09-08 00:00:00+09:00,263.3633124597294,266.06724790592784,259.57780283505156,262.28173828125,5851200,0.0,0.0
2006-09-11 00:00:00+09:00,266.06721810640266,267.1487921637458,259.57777376234407,260.1185607910156,2296800,0.0,0.0
2006-09-12 00:00:00+09:00,263.9041310817805,264.98570538949275,256.87389808165113,261.2001953125,3854400,0.0,0.0
2006-09-13 00:00:00+09:00,263.90421705979566,264.44500438983624,252.5476831289438,253.08847045898438,3166400,0.0,0.0
2006-09-14 00:00:00+09:00,257.4146885279605,260.11862433182563,252.54760408100327,256.8739013671875,1816800,0.0,0.0
2006-09-15 00:00:00+09:00,261.2002710389697,264.9857822134475,257.4147598644918,261.7410583496094,2708000,0.0,0.0
2006-09-18 00:00:00+09:00,261.7410583496094,261.7410583496094,261.7410583496094,261.7410583496094,0,0.0,0.0
2006-09-19 00:00:00+09:00,257.955487896298,261.7409982008558,254.16997759174015,260.659423828125,2695200,0.0,0.0
2006-09-20 00:00:00+09:00,257.4146256476579,261.74092187703025,256.33305159031477,260.1185607910156,2008800,0.0,0.0
2006-09-21 00:00:00+09:00,261.2001215993224,261.2001215993224,253.62910358195074,255.79225158691406,1966400,0.0,0.0
2006-09-22 00:00:00+09:00,253.62924194335938,257.41475301714087,250.9253054620869,253.62924194335938,1426400,0.0,0.0
2006-09-25 00:00:00+09:00,249.84367413634592,252.00682283016712,242.8134408814271,249.30288696289062,3568000,0.0,0.0
2006-09-26 00:00:00+09:00,251.465972605693,252.5475466814164,249.84361149210787,252.0067596435547,1561600,0.0,0.0
2006-09-27 00:00:00+09:00,253.62914485341494,262.28173828125,253.08835776417524,262.28173828125,3277600,0.0,0.0
2006-09-28 00:00:00+09:00,262.28173623017045,265.5264587402344,259.57780080511714,265.5264587402344,1472000,0.0,0.0
2006-09-29 00:00:00+09:00,266.06725781250003,270.934341796875,266.06725781250003,270.3935546875,3313600,0.0,0.0
2006-10-02 00:00:00+09:00,272.0159167554005,272.0159167554005,268.77119409032616,269.3119812011719,1072000,0.0,0.0
2006-10-03 00:00:00+09:00,269.85269251351406,269.85269251351406,266.0671838008996,267.6895446777344,1020800,0.0,0.0
2006-10-04 00:00:00+09:00,268.2303627741506,272.01587192620514,263.904066600374,266.6080017089844,1994400,0.0,0.0
2006-10-05 00:00:00+09:00,269.31193681759476,269.31193681759476,265.5264276655402,266.6080017089844,1268800,0.0,0.0
2006-10-06 00:00:00+09:00,263.3634202815284,266.60814414536657,261.7410583496094,261.7410583496094,3630400,0.0,0.0
2006-10-09 00:00:00+09:00,261.7410583496094,261.7410583496094,261.7410583496094,261.7410583496094,0,0.0,0.0
2006-10-10 00:00:00+09:00,257.41464297781516,259.57779123813293,254.16992058733848,256.33306884765625,6060800,0.0,0.0
2006-10-11 00:00:00+09:00,253.62914336129523,256.3330787915862,239.56867912378206,240.65025329589844,6783200,0.0,0.0
2006-10-12 00:00:00+09:00,241.19107692922074,241.19107692922074,232.53848224117695,233.0792694091797,7164000,0.0,0.0
2006-10-13 00:00:00+09:00,245.51736133129566,252.54759414474685,243.35421277331068,249.84365844726562,11281600,0.0,0.0
2006-10-16 00:00:00+09:00,256.33311255341533,262.2817712835579,254.71075108155827,259.03704833984375,5953600,0.0,0.0
2006-10-17 00:00:00+09:00,262.82249422484597,270.39351257700207,261.200133149384,263.36328125,7625600,0.0,0.0
2006-10-18 00:00:00+09:00,262.82249422484597,263.904068275154,259.57777207392195,263.36328125,2970400,0.0,0.0
2006-10-19 00:00:00+09:00,267.68962284010286,268.2304099569515,258.4962418536751,264.9856872558594,3068800,0.0,0.0
2006-10-20 00:00:00+09:00,263.9041310817805,264.98570538949275,258.4962595432195,261.2001953125,4584800,0.0,0.0
2006-10-23 00:00:00+09:00,261.7409196163248,264.9856417603288,259.03698449632145,264.4448547363281,2609600,0.0,0.0
2006-10-24 00:00:00+09:00,264.44490013901066,267.14883572325414,261.74096455476723,264.9856872558594,3299200,0.0,0.0
2006-10-25 00:00:00+09:00,265.52649254334887,266.067279697205,259.57783385093165,261.2001953125,3222400,0.0,0.0
2006-10-26 00:00:00+09:00,261.2001774379185,265.5264743727081,261.2001774379185,264.9856872558594,1183200,0.0,0.0
2006-10-27 00:00:00+09:00,267.6895446777344,269.31190555456914,263.90403596512,267.6895446777344,3503200,0.0,0.0
2006-10-30 00:00:00+09:00,267.1488952636719,269.85283145055115,266.06732078892014,267.1488952636719,4810400,0.0,0.0
2006-10-31 00:00:00+09:00,267.14883275778897,270.3935554228633,263.9041100927146,269.3119812011719,8253600,0.0,0.0
2006-11-01 00:00:00+09:00,267.14883497284677,267.68962208817646,264.44489939619854,266.0672607421875,2480800,0.0,0.0
2006-11-02 00:00:00+09:00,262.2817100668853,264.4448581911483,254.7106916319649,257.9554138183594,3248000,0.0,0.0
2006-11-03 00:00:00+09:00,257.9554138183594,257.9554138183594,257.9554138183594,257.9554138183594,0,0.0,0.0
2006-11-06 00:00:00+09:00,246.59893758761282,248.76208616294275,242.81342758078543,247.1397247314453,7322400,0.0,0.0
2006-11-07 00:00:00+09:00,248.221268704063,250.38441701520952,242.8133979261967,246.59890747070312,3692000,0.0,0.0
2006-11-08 00:00:00+09:00,246.05815878721887,250.92524324674628,235.78320270599437,236.32398986816406,3771200,0.0,0.0
2006-11-09 00:00:00+09:00,236.32398945011505,241.73186106224583,232.5384793216235,236.86477661132812,4146400,0.0,0.0
2006-11-10 00:00:00+09:00,234.16082763671875,236.86476329072244,233.620040505918,234.16082763671875,1646400,0.0,0.0
2006-11-13 00:00:00+09:00,235.78314265237975,239.5686518234042,233.6199945546515,234.70156860351562,2421600,0.0,0.0
2006-11-14 00:00:00+09:00,237.40551726601342,240.65023959766737,232.53843376853249,237.94630432128906,2256000,0.0,0.0
2006-11-15 00:00:00+09:00,242.2727072775901,243.35428186365075,240.10955810546875,240.10955810546875,1681600,0.0,0.0
2006-11-16 00:00:00+09:00,240.65028716552177,243.35422297637032,235.24241554382465,236.32398986816406,2511200,0.0,0.0
2006-11-17 00:00:00+09:00,237.94631923407385,241.7318288582523,235.78317087740044,238.4871063232422,3044000,0.0,0.0
2006-11-20 00:00:00+09:00,235.7831769259471,236.8647511320294,228.2121574833708,229.29373168945312,2832000,0.0,0.0
2006-11-21 00:00:00+09:00,231.45686908359946,231.45686908359946,220.10034046033874,222.26348876953125,4437600,0.0,0.0
2006-11-22 00:00:00+09:00,222.80431321712769,233.0792694091797,221.18195171311947,233.0792694091797,2508800,0.0,0.0
2006-11-23 00:00:00+09:00,233.0792694091797,233.0792694091797,233.0792694091797,233.0792694091797,0,0.0,0.0
2006-11-24 00:00:00+09:00,237.40557462828502,243.35423367364066,233.07927714075362,242.2726593017578,5238400,0.0,0.0
2006-11-27 00:00:00+09:00,239.5687058906723,246.59893879491327,238.48713159771216,245.51736450195312,2014400,0.0,0.0
2006-11-28 00:00:00+09:00,243.3542159160328,246.59893879491327,243.3542159160328,245.51736450195312,1606400,0.0,0.0
2006-11-29 00:00:00+09:00,247.1397227497844,252.0068070052506,245.51736133129566,249.84365844726562,2736800,0.0,0.0
2006-11-30 00:00:00+09:00,250.92522657067207,259.5778205903504,250.92522657067207,258.4962463378906,3973600,0.0,0.0
2006-12-01 00:00:00+09:00,261.2002710389697,264.9857822134475,261.2002710389697,261.7410583496094,2716000,0.0,0.0
2006-12-04 00:00:00+09:00,262.28175316327884,263.3633274031274,258.4962433238088,262.8225402832031,2093600,0.0,0.0
2006-12-05 00:00:00+09:00,263.36329619610893,266.0672314753298,261.7409350285765,263.9040832519531,1945600,0.0,0.0
2006-12-06 00:00:00+09:00,263.363359759952,263.363359759952,258.4962750826634,260.659423828125,3004000,0.0,0.0
2006-12-07 00:00:00+09:00,259.03704833984375,260.6594098117008,255.25153823884395,259.03704833984375,2927200,0.0,0.0
2006-12-08 00:00:00+09:00,255.7923613391035,258.4962975054788,251.46606347290302,252.54763793945312,2925600,0.0,0.0
2006-12-11 00:00:00+09:00,250.38438363023982,253.629105664325,249.30280961887811,251.46595764160156,1366400,0.0,0.0
2006-12-12 00:00:00+09:00,248.76203948376224,250.92518765318627,245.51731722962623,248.22125244140625,3690400,0.0,0.0
2006-12-13 00:00:00+09:00,248.76207267288612,248.76207267288612,240.650265955292,244.43577575683594,3055200,0.0,0.0
2006-12-14 00:00:00+09:00,245.5173459804856,251.46600414300838,244.97655887480173,250.38442993164062,2537600,0.0,0.0
2006-12-15 00:00:00+09:00,259.03698788049087,261.74092303581955,256.8738397562279,257.9554138183594,6172000,0.0,0.0
2006-12-18 00:00:00+09:00,259.57783930352394,260.6594136339553,253.08839332093586,254.1699676513672,2119200,0.0,0.0
2006-12-19 00:00:00+09:00,254.1699555632356,255.79231698172433,249.30287130776938,249.84365844726562,2055200,0.0,0.0
2006-12-20 00:00:00+09:00,254.1700451190655,254.1700451190655,249.84374647874097,253.08847045898438,844800,0.0,0.0
2006-12-21 00:00:00+09:00,255.25143432617188,258.49615594896215,253.6290735147767,255.25143432617188,1563200,0.0,0.0
2006-12-22 00:00:00+09:00,253.62917045743512,253.62917045743512,245.51736329994785,247.1397247314453,2802400,0.0,0.0
2006-12-25 00:00:00+09:00,247.68049844387357,250.9252211309112,242.27262729881085,244.43577575683594,2220000,0.0,0.0
2006-12-26 00:00:00+09:00,243.34932914402174,250.4108052129331,243.34932914402174,249.86761474609375,1444800,1.25,0.0
2006-12-27 00:00:00+09:00,248.23804334557576,251.49718614661177,248.23804334557576,249.86761474609375,908000,0.0,0.0
2006-12-28 00:00:00+09:00,246.60851232507727,249.86765565976992,246.06532176929517,247.15170288085938,1272800,0.0,0.0
2006-12-29 00:00:00+09:00,244.97894065773093,248.78127454820572,244.97894065773093,247.15170288085938,864000,0.0,0.0
2007-01-04 00:00:00+09:00,251.49724166502838,251.49724166502838,248.23809814453125,248.23809814453125,976800,0.0,0.0
2007-01-05 00:00:00+09:00,249.32450609639704,257.4723657727499,249.32450609639704,251.4972686767578,2808800,0.0,0.0
2007-01-09 00:00:00+09:00,255.29958524846927,256.3859664622926,252.5836322139111,253.67001342773438,3864000,0.0,0.0
2007-01-10 00:00:00+09:00,255.29953199394782,256.92910347476027,252.04038903232293,253.12677001953125,2182400,0.0,0.0
2007-01-11 00:00:00+09:00,252.0404084717863,252.58359900728584,248.23807472328951,248.78126525878906,1906400,0.0,0.0
2007-01-12 00:00:00+09:00,253.12687539646768,254.2132568359375,252.58368467673276,254.2132568359375,1969600,0.0,0.0
2007-01-15 00:00:00+09:00,256.38602769923506,260.1883628557915,255.84283696258416,259.6451721191406,2460000,0.0,0.0
2007-01-16 00:00:00+09:00,260.73148170613354,263.9906252274602,259.645100532358,262.3610534667969,2586400,0.0,0.0
2007-01-17 00:00:00+09:00,265.6201558347608,268.3361083484087,263.4473938238425,265.07696533203125,4023200,0.0,0.0
2007-01-18 00:00:00+09:00,267.7929802476046,273.76807716996495,266.7065989889936,271.0521240234375,4492000,0.0,0.0
2007-01-19 00:00:00+09:00,284.0886187294657,286.8045711073765,278.113523498062,280.2862854003906,6623200,0.0,0.0
2007-01-22 00:00:00+09:00,277.0272660255432,280.8296010494232,272.1385495662689,278.1136474609375,3251200,0.0,0.0
2007-01-23 00:00:00+09:00,274.31124187299775,282.45910054249276,273.76805129503146,280.82952880859375,3817600,0.0,0.0
2007-01-24 00:00:00+09:00,284.6318196924014,287.3477721703823,282.4590577100166,285.71820068359375,4432000,0.0,0.0
2007-01-25 00:00:00+09:00,286.2613972467207,287.89096876804933,278.6567301471874,279.1999206542969,5208000,0.0,0.0
2007-01-26 00:00:00+09:00,278.65683817863464,280.2864103317261,275.3976938724518,278.1136474609375,3427200,0.0,0.0
2007-01-29 00:00:00+09:00,276.48401701919676,279.1999700351024,273.22487340010997,275.9408264160156,3820000,0.0,0.0
2007-01-30 00:00:00+09:00,276.4840670282613,283.5455461468613,275.39768562539973,278.6568298339844,5088000,0.0,0.0
2007-01-31 00:00:00+09:00,284.08866399227423,285.17504511652766,279.74313949526044,281.3727111816406,4988800,0.0,0.0
2007-02-01 00:00:00+09:00,282.45916474399974,282.45916474399974,275.9408763268305,278.6568298339844,2948000,0.0,0.0
2007-02-02 00:00:00+09:00,282.45903552827383,287.3477496047247,281.91584507533486,285.17498779296875,3776000,0.0,0.0
2007-02-05 00:00:00+09:00,285.7181984318113,287.8909603970722,279.74310302734375,279.74310302734375,1873600,0.0,0.0
2007-02-06 00:00:00+09:00,280.28633823062745,284.0886722763918,279.7431476526611,280.82952880859375,1095200,0.0,0.0
2007-02-07 00:00:00+09:00,282.4590762298886,283.0022667610999,273.7680277305074,274.31121826171875,2218400,0.0,0.0
2007-02-08 00:00:00+09:00,274.8544169834682,276.4839886256627,272.68165479387557,273.7680358886719,2795200,0.0,0.0
2007-02-09 00:00:00+09:00,269.96570205688477,274.8544169834682,268.3361304146903,273.7680358886719,2625600,0.0,0.0
2007-02-13 00:00:00+09:00,269.42246735713394,273.7679910241845,268.33608644037133,272.6816101074219,1281600,0.0,0.0
2007-02-14 00:00:00+09:00,275.9408229439558,275.9408229439558,271.5952981731849,272.13848876953125,1213600,0.0,0.0
2007-02-15 00:00:00+09:00,272.68167583759015,285.7182499812199,272.1384852482722,282.4591064453125,3240800,0.0,0.0
2007-02-16 00:00:00+09:00,282.4591064453125,285.17505939190204,281.3727252666767,282.4591064453125,1665600,0.0,0.0
2007-02-19 00:00:00+09:00,281.372731079335,287.89101828580607,281.372731079335,284.08868408203125,1602400,0.0,0.0
2007-02-20 00:00:00+09:00,286.80474853515625,287.89113015839547,284.63198528867775,286.80474853515625,1353600,0.0,0.0
2007-02-21 00:00:00+09:00,288.43414306640625,292.2364764024982,284.0886192537297,288.43414306640625,2496800,0.0,0.0
2007-02-22 00:00:00+09:00,287.8910716981378,291.6934066073585,284.6319274902344,284.6319274902344,3088000,0.0,0.0
2007-02-23 00:00:00+09:00,254.21320525138609,255.2995864704091,249.32448976578252,252.58363342285156,25856000,0.0,0.0
2007-02-26 00:00:00+09:00,255.84275446266963,259.6450883931127,250.95403940924282,252.04042053222656,17608000,0.0,0.0
2007-02-27 00:00:00+09:00,250.41087098480554,253.1268240323631,249.32448976578252,252.58363342285156,10231200,0.0,0.0
2007-02-28 00:00:00+09:00,240.09019817303178,254.75634150034367,233.57191224978203,253.12677001953125,12108800,0.0,0.0
2007-03-01 00:00:00+09:00,247.69496165071982,248.7813430614686,241.71986389160156,241.71986389160156,14487200,0.0,0.0
2007-03-02 00:00:00+09:00,237.37428168989803,240.63342514559457,236.83109111394862,238.46066284179688,11182400,0.0,0.0
2007-03-05 00:00:00+09:00,234.1151415870303,235.20152275448754,226.5104734148298,228.14004516601562,10077600,0.0,0.0
2007-03-06 00:00:00+09:00,226.5104905775377,234.65834995083043,226.5104905775377,233.02877807617188,5381600,0.0,0.0
2007-03-07 00:00:00+09:00,237.37434644956846,241.71987224269557,236.28796500128666,241.1766815185547,7122400,0.0,0.0
2007-03-08 00:00:00+09:00,248.2381085467595,253.1268240323631,247.694917937248,252.58363342285156,11692000,0.0,0.0
2007-03-09 00:00:00+09:00,252.58368467673276,254.2132568359375,250.41092179779312,254.2132568359375,6122400,0.0,0.0
2007-03-12 00:00:00+09:00,252.04042053222656,255.29956390117775,252.04042053222656,252.04042053222656,6020000,0.0,0.0
2007-03-13 00:00:00+09:00,252.0403766134511,254.75632894764777,249.86761474609375,249.86761474609375,3935200,0.0,0.0
2007-03-14 00:00:00+09:00,242.26306009292603,246.06539511680603,242.26306009292603,243.3494415283203,3599200,0.0,0.0
2007-03-15 00:00:00+09:00,245.5221382274962,248.78128165529483,243.34937594229714,247.6949005126953,3560800,0.0,0.0
2007-03-16 00:00:00+09:00,247.1517359020969,248.23811715880942,242.80621087524685,244.97897338867188,2278400,0.0,0.0
2007-03-19 00:00:00+09:00,242.2629830593533,244.4357452392578,240.09022087944876,244.4357452392578,4179200,0.0,0.0
2007-03-20 00:00:00+09:00,244.97894765619645,247.6949005126953,243.8925665135969,247.6949005126953,2553600,0.0,0.0
2007-03-22 00:00:00+09:00,253.67001342773438,254.75639464155765,250.41086978626456,253.67001342773438,4387200,0.0,0.0
2007-03-23 00:00:00+09:00,256.3859919819079,258.55875462582236,254.21322933799343,258.01556396484375,5254400,0.0,0.0
2007-03-26 00:00:00+09:00,258.5587825938168,258.5587825938168,251.49730323726294,254.2132568359375,2664800,0.0,0.0
2007-03-27 00:00:00+09:00,253.1268264869806,256.9291607904331,249.86768279830702,250.41087341308594,4856000,0.0,0.0
2007-03-28 00:00:00+09:00,249.3244557942886,254.21317061378446,247.69488418778997,248.78126525878906,4031200,0.0,0.0
2007-03-29 00:00:00+09:00,247.6948528787364,250.95399567977242,244.97890054453975,249.86761474609375,3204800,0.0,0.0
2007-03-30 00:00:00+09:00,249.86773536318825,252.58368900844027,249.86773536318825,250.95411682128906,2645600,0.0,0.0
2007-04-02 00:00:00+09:00,254.21317061378446,254.21317061378446,248.23807472328951,248.78126525878906,2083200,0.0,0.0
2007-04-03 00:00:00+09:00,250.95401918498519,251.49720970270158,244.43573297238817,249.32444763183594,2886400,0.0,0.0
2007-04-04 00:00:00+09:00,251.4972949973556,254.7564392089844,251.4972949973556,254.75643920898438,2313600,0.0,0.0
2007-04-05 00:00:00+09:00,255.29963827540732,256.92921043461206,253.67006611620258,254.2132568359375,2450400,0.0,0.0
2007-04-06 00:00:00+09:00,252.04042053222656,253.1268016552103,249.8676582862591,252.04042053222656,1593600,0.0,0.0
2007-04-09 00:00:00+09:00,252.58367640123186,254.7564392089844,252.04048569929373,254.75643920898438,1076800,0.0,0.0
2007-04-10 00:00:00+09:00,255.84282061286066,255.84282061286066,250.95410429541747,254.75643920898438,1804000,0.0,0.0
2007-04-11 00:00:00+09:00,255.2995194144871,255.84270988132644,249.86761474609375,249.86761474609375,2928000,0.0,0.0
2007-04-12 00:00:00+09:00,248.23809814453125,249.8676699047798,245.52214521078363,248.23809814453125,4794400,0.0,0.0
2007-04-13 00:00:00+09:00,248.2381523560942,248.7813430614686,241.71986389160156,241.71986389160156,4662400,0.0,0.0
2007-04-16 00:00:00+09:00,245.52215576171875,246.60853698190334,243.34939332134957,245.52215576171875,2570400,0.0,0.0
2007-04-17 00:00:00+09:00,243.34944441511823,245.5222073116818,240.0903000702729,241.1766815185547,3601600,0.0,0.0
2007-04-18 00:00:00+09:00,241.7197825691917,241.7197825691917,237.91744891079992,239.0038299560547,2876800,0.0,0.0
2007-04-19 00:00:00+09:00,237.9175163801326,237.9175163801326,232.48560961346294,233.57199096679688,4798400,0.0,0.0
2007-04-20 00:00:00+09:00,237.37429346861663,239.54705588022867,233.5719592482955,234.65834045410156,5242400,0.0,0.0
2007-04-23 00:00:00+09:00,230.31277365527802,233.57191667870177,227.05363063185428,231.39915466308594,4788800,0.0,0.0
2007-04-24 00:00:00+09:00,228.68325307708244,233.57196870105807,228.68325307708244,233.02877807617188,3418400,0.0,0.0
2007-04-25 00:00:00+09:00,235.20155334472656,237.91750661660564,234.11517203597495,235.20155334472656,4496000,0.0,0.0
2007-04-26 00:00:00+09:00,236.83108976845432,237.37428034131773,230.85599346695662,232.48556518554688,2504800,0.0,0.0
2007-04-27 00:00:00+09:00,236.83113929485452,246.065380964608,234.65837654903018,236.28794860839844,3503200,0.0,0.0
2007-05-01 00:00:00+09:00,242.26294493785102,243.34932585685485,235.74465942382812,235.74465942382812,2674400,0.0,0.0
2007-05-02 00:00:00+09:00,236.28796243558486,237.91753459031304,234.11519956261398,237.3743438720703,3036800,0.0,0.0
2007-05-07 00:00:00+09:00,239.0038299560547,239.5470204786821,238.4606394334273,239.0038299560547,2637600,0.0,0.0
2007-05-08 00:00:00+09:00,237.9175163801326,237.9175163801326,232.48560961346294,233.57199096679688,3222400,0.0,0.0
2007-05-09 00:00:00+09:00,259.10194528680097,259.10194528680097,254.21322933799343,258.01556396484375,16316000,0.0,0.0
2007-05-10 00:00:00+09:00,261.8178405761719,265.07698381985864,261.2746500355574,261.8178405761719,7752800,0.0,0.0
2007-05-11 00:00:00+09:00,265.6202063260649,268.33615935598374,265.07701572008114,267.79296875,4772800,0.0,0.0
2007-05-14 00:00:00+09:00,265.62017006387515,269.4225037866709,265.62017006387515,266.1633605957031,5050400,0.0,0.0
2007-05-15 00:00:00+09:00,268.87932754144435,269.4225181021342,266.70656529868523,267.249755859375,3922400,0.0,0.0
2007-05-16 00:00:00+09:00,260.18827931785984,262.36104156686076,259.1018981933594,259.1018981933594,3860800,0.0,0.0
2007-05-17 00:00:00+09:00,261.8177828889356,261.8177828889356,257.4722595214844,257.4722595214844,2218400,0.0,0.0
2007-05-18 00:00:00+09:00,262.9042997380564,262.9042997380564,253.67005780510812,254.75643920898438,4244800,0.0,0.0
2007-05-21 00:00:00+09:00,256.3859664622926,259.64511010376236,249.32448857244128,253.67001342773438,5008800,0.0,0.0
2007-05-22 00:00:00+09:00,260.18822878733795,265.6201333549233,257.4722765035453,264.53375244140625,2947200,0.0,0.0
2007-05-23 00:00:00+09:00,266.1633463374904,269.42248935386783,263.9905843265721,265.07696533203125,2036000,0.0,0.0
2007-05-24 00:00:00+09:00,266.16336490108756,266.16336490108756,260.73145949494295,261.8178405761719,2166400,0.0,0.0
2007-05-25 00:00:00+09:00,259.10194528680097,259.10194528680097,257.47237330386514,258.01556396484375,1950400,0.0,0.0
2007-05-28 00:00:00+09:00,259.10184705055366,259.10184705055366,255.29951386532542,256.3858947753906,1968800,0.0,0.0
2007-05-29 00:00:00+09:00,263.44741219801523,263.44741219801523,260.73145949494295,261.8178405761719,2290400,0.0,0.0
2007-05-30 00:00:00+09:00,263.4473876953125,263.4473876953125,260.7314352448454,263.4473876953125,3732000,0.0,0.0
2007-05-31 00:00:00+09:00,259.1019426636507,260.7315146300887,259.1019426636507,260.1883239746094,3298400,0.0,0.0
2007-06-01 00:00:00+09:00,265.6201171875,266.16330761119633,263.990545916411,265.6201171875,3190400,0.0,0.0
2007-06-04 00:00:00+09:00,268.87934996196753,269.42254056795133,266.70658753803247,267.79296875,4685600,0.0,0.0
2007-06-05 00:00:00+09:00,272.6816900930097,272.6816900930097,269.42254638671875,269.42254638671875,5585600,0.0,0.0
2007-06-06 00:00:00+09:00,264.5337911221225,265.0769816583076,263.4474100497524,263.9906005859375,2788800,0.0,0.0
2007-06-07 00:00:00+09:00,259.64507629645703,265.0769816583076,259.64507629645703,263.9906005859375,1760000,0.0,0.0
2007-06-08 00:00:00+09:00,256.92918264288653,258.55875462582236,256.92918264288653,258.01556396484375,2824000,0.0,0.0
2007-06-11 00:00:00+09:00,262.9041972052191,264.53376867549935,261.81781622503223,263.4473876953125,3422400,0.0,0.0
2007-06-12 00:00:00+09:00,269.4225381586393,271.0521099620182,268.8793475575131,269.9657287597656,6951200,0.0,0.0
2007-06-13 00:00:00+09:00,260.73146764553013,262.90422987590955,260.73146764553013,261.274658203125,2874400,0.0,0.0
2007-06-14 00:00:00+09:00,268.8793475575131,272.1384911642708,267.7929663552605,269.9657287597656,3982400,0.0,0.0
2007-06-15 00:00:00+09:00,267.7929582097923,271.0521017174165,266.1633864559802,270.5089111328125,2844800,0.0,0.0
2007-06-18 00:00:00+09:00,275.94075285770975,275.94075285770975,272.13841964904054,272.6816101074219,6230400,0.0,0.0
2007-06-19 00:00:00+09:00,267.7929852829446,267.7929852829446,265.6202227248679,266.70660400390625,3380000,0.0,0.0
2007-06-20 00:00:00+09:00,267.7929464200648,269.4225181021342,265.62018417730565,267.249755859375,1444800,0.0,0.0
2007-06-21 00:00:00+09:00,263.4473715278892,265.07694289816476,262.90418107113067,264.53375244140625,3362400,0.0,0.0
2007-06-22 00:00:00+09:00,261.8178628799091,263.44743464057245,259.1019099454702,262.3610534667969,3004800,0.0,0.0
2007-06-25 00:00:00+09:00,257.47239271867505,258.5587741225513,254.7564392089844,254.75643920898438,3932000,0.0,0.0
2007-06-26 00:00:00+09:00,255.30189454710327,256.39292828448407,249.84672586019937,252.02879333496094,5045600,1.25,0.0
2007-06-27 00:00:00+09:00,254.2108612060547,254.7563780755956,251.48327685835025,254.2108612060547,3024800,0.0,0.0
2007-06-28 00:00:00+09:00,261.30265776579046,265.12127698157445,260.2116237041379,264.0302429199219,2984800,0.0,0.0
2007-06-29 00:00:00+09:00,265.66670313537844,269.4853210449219,263.4846357584965,269.4853210449219,4614400,0.0,0.0
2007-07-02 00:00:00+09:00,269.4853526353836,280.94120770692825,269.4853526353836,279.3046569824219,6050400,0.0,0.0
2007-07-03 00:00:00+09:00,277.6681060190276,278.21362292672706,274.94052148053026,277.1225891113281,3146400,0.0,0.0
2007-07-04 00:00:00+09:00,279.30462670233464,282.57772779650264,277.1225593062226,280.3956604003906,4140000,0.0,0.0
2007-07-05 00:00:00+09:00,279.30459665697674,283.1232141893964,276.0314959149028,281.4866638183594,2608000,0.0,0.0
2007-07-06 00:00:00+09:00,279.30462740384615,283.66876220703125,278.21359370304987,283.66876220703125,2411200,0.0,0.0
2007-07-09 00:00:00+09:00,284.2142477700877,284.2142477700877,279.30459665697674,281.4866638183594,2064000,0.0,0.0
2007-07-10 00:00:00+09:00,277.1225737622504,278.7591243947046,274.39498937482665,276.5770568847656,2412800,0.0,0.0
2007-07-11 00:00:00+09:00,277.12260451883833,283.66880777518884,274.9405367667215,279.8501892089844,3801600,0.0,0.0
2007-07-12 00:00:00+09:00,277.6681060190276,278.75913983442655,275.48603838822976,277.1225891113281,1959200,0.0,0.0
2007-07-13 00:00:00+09:00,277.6680749560159,278.21359180268786,273.3039401826404,274.94049072265625,2127200,0.0,0.0
2007-07-17 00:00:00+09:00,270.57635498046875,272.2129055146248,269.48532129103137,270.57635498046875,2730400,0.0,0.0
2007-07-18 00:00:00+09:00,262.9392088582693,264.57575995074814,262.39369182744304,264.0302429199219,2293600,0.0,0.0
2007-07-19 00:00:00+09:00,265.66676330566406,266.75779724121094,264.5757293701172,266.2122802734375,1971200,0.0,0.0
2007-07-20 00:00:00+09:00,264.0301665312015,264.0301665312015,262.3936159122064,263.4846496582031,2797600,0.0,0.0
2007-07-23 00:00:00+09:00,262.93919382115246,263.4847108207814,260.21160882300774,261.3026428222656,1605600,0.0,0.0
2007-07-24 00:00:00+09:00,264.0301066829627,266.7576904296875,263.4845899336177,266.7576904296875,1619200,0.0,0.0
2007-07-25 00:00:00+09:00,266.21221997959896,269.4853210449219,265.1211862911579,269.4853210449219,2237600,0.0,0.0
2007-07-26 00:00:00+09:00,259.1204833984375,260.7570338199013,258.0294497841283,259.1204833984375,4322400,0.0,0.0
2007-07-27 00:00:00+09:00,258.02952575683594,258.5750427246094,256.3929748535156,257.4840087890625,1776800,0.0,0.0
2007-07-30 00:00:00+09:00,256.39292868421825,256.39292868421825,247.11914190202313,254.2108612060547,3985600,0.0,0.0
2007-07-31 00:00:00+09:00,257.4839329769737,259.6660002055921,255.84738255550988,259.1204833984375,1481600,0.0,0.0
2007-08-01 00:00:00+09:00,259.6661376953125,265.6668257512966,256.9385522153197,259.6661376953125,3912000,0.0,0.0
2007-08-02 00:00:00+09:00,257.48396242330006,259.6660299014636,249.3012093801867,254.2108612060547,2415200,0.0,0.0
2007-08-03 00:00:00+09:00,258.57510441046026,259.1206215083726,255.30200182298606,255.84751892089844,1684000,0.0,0.0
2007-08-06 00:00:00+09:00,255.30186329717222,255.30186329717222,248.75566167416778,250.93772888183594,2323200,0.0,0.0
2007-08-07 00:00:00+09:00,244.39157111288975,246.02812181230644,243.8460542130842,244.9370880126953,3612800,0.0,0.0
2007-08-08 00:00:00+09:00,243.84603932473513,252.02879232220945,243.84603932473513,246.57362365722656,3764800,0.0,0.0
2007-08-09 00:00:00+09:00,240.57298278808594,243.30056762695312,238.93643188476562,241.11849975585938,7670400,0.0,0.0
2007-08-10 00:00:00+09:00,241.11849975585938,244.3916015625,238.3909149169922,243.30056762695312,5104800,0.0,0.0
2007-08-13 00:00:00+09:00,249.84678656594795,252.02885457089073,246.57368455853378,248.75575256347656,4996000,0.0,0.0
2007-08-14 00:00:00+09:00,248.755646350337,254.7563308017706,244.937028972152,250.39219665527344,3231200,0.0,0.0
2007-08-15 00:00:00+09:00,240.57292161421344,243.3005057594993,238.39085429798473,240.02740478515625,4544000,0.0,0.0
2007-08-16 00:00:00+09:00,242.7550356698615,248.75572194484687,238.3909001971449,247.11917114257812,5892800,0.0,0.0
2007-08-17 00:00:00+09:00,243.30056762695312,252.02883911132812,239.48194885253906,247.66470336914062,4881600,0.0,0.0
2007-08-20 00:00:00+09:00,282.57774061637735,282.57774061637735,261.8480994128593,265.6667175292969,9902400,0.0,0.0
2007-08-21 00:00:00+09:00,267.8487567029464,278.2135762087631,262.39358854199025,274.39495849609375,5857600,0.0,0.0
2007-08-22 00:00:00+09:00,274.9405057073353,274.9405057073353,272.2129213253181,273.303955078125,5548800,0.0,0.0
2007-08-23 00:00:00+09:00,279.30470284872297,281.48677083972865,274.3950498689603,277.66815185546875,7084800,0.0,0.0
2007-08-24 00:00:00+09:00,273.303955078125,276.03153946014226,270.5763706961078,273.303955078125,2856000,0.0,0.0
2007-08-27 00:00:00+09:00,277.1225737622504,277.6680906397351,275.48602312979614,276.5770568847656,1722400,0.0,0.0
2007-08-28 00:00:00+09:00,272.2128579231371,274.94044166986197,265.66665693099753,266.7576904296875,5127200,0.0,0.0
2007-08-29 00:00:00+09:00,261.30265776579046,265.12127698157445,260.7571407349642,264.0302429199219,3015200,0.0,0.0
2007-08-30 00:00:00+09:00,258.02947889055525,258.5749957592456,247.1191415167474,252.02879333496094,10128000,0.0,0.0
2007-08-31 00:00:00+09:00,258.02955595519256,261.84817517651675,257.4840389235748,260.75714111328125,5467200,0.0,0.0
2007-09-03 00:00:00+09:00,264.0302429199219,270.5764472898373,259.6661066733116,264.0302429199219,4555200,0.0,0.0
2007-09-04 00:00:00+09:00,265.12120065552006,267.3032681506272,264.5756837817433,265.6667175292969,1679200,0.0,0.0
2007-09-05 00:00:00+09:00,265.12118322494183,266.21221690076464,254.75636330462518,256.3929138183594,4137600,0.0,0.0
2007-09-06 00:00:00+09:00,255.30191007082715,255.84742697268788,248.21019034663752,252.57432556152344,4748000,0.0,0.0
2007-09-07 00:00:00+09:00,251.48327646627052,254.7563776784129,249.84672586019937,252.02879333496094,3216000,0.0,0.0
2007-09-10 00:00:00+09:00,253.1197957534457,255.84737975940953,248.21014454271074,249.84669494628906,4024800,0.0,0.0
2007-09-11 00:00:00+09:00,252.57425152574987,258.57493568726875,250.93770129988107,258.0294189453125,3879200,0.0,0.0
2007-09-12 00:00:00+09:00,259.12048175770747,261.3025489725092,252.0287633096018,253.66531372070312,3527200,0.0,0.0
2007-09-13 00:00:00+09:00,260.2116557041973,260.2116557041973,255.8475189208984,255.84751892089844,3149600,0.0,0.0
2007-09-14 00:00:00+09:00,254.756347328104,256.9384145429057,250.3922128985005,253.66531372070312,3154400,0.0,0.0
2007-09-18 00:00:00+09:00,250.93777391055644,253.11984150977867,243.8460542130842,244.9370880126953,4042400,0.0,0.0
2007-09-19 00:00:00+09:00,257.4839329769737,260.2115170127467,256.9384161698191,259.1204833984375,3580000,0.0,0.0
2007-09-20 00:00:00+09:00,251.48327685835025,254.2108612060547,250.39224311926847,254.2108612060547,1886400,0.0,0.0
2007-09-21 00:00:00+09:00,253.1198270723417,258.02947889055525,250.39224272888976,252.02879333496094,3695200,0.0,0.0
2007-09-25 00:00:00+09:00,254.2108612060547,257.48396242330006,250.39224311926847,254.2108612060547,4267200,0.0,0.0
2007-09-26 00:00:00+09:00,253.66541933422246,265.6667940124007,252.57438527256988,264.0302429199219,6085600,0.0,0.0
2007-09-27 00:00:00+09:00,263.4846500341897,267.3032681506272,260.21154879152897,265.6667175292969,3110400,0.0,0.0
2007-09-28 00:00:00+09:00,264.03013466282897,265.12116827713817,258.57496659128293,259.1204833984375,1972800,0.0,0.0
2007-10-01 00:00:00+09:00,261.30250420550254,265.12112117719045,256.39285381333235,258.5749206542969,2725600,0.0,0.0
2007-10-02 00:00:00+09:00,261.84814453125,267.3033142089844,261.84814453125,266.2122802734375,3025600,0.0,0.0
2007-10-03 00:00:00+09:00,267.3033451048796,267.8488621357059,261.8481747966167,264.0302429199219,1984000,0.0,0.0
2007-10-04 00:00:00+09:00,266.2122351444129,272.758437647964,265.121201393821,270.0308532714844,4432800,0.0,0.0
2007-10-05 00:00:00+09:00,270.57635473336285,271.12187157758336,268.3942873564809,269.4853210449219,2985600,0.0,0.0
2007-10-09 00:00:00+09:00,268.39428635585455,270.03083688241463,264.030151618361,265.1211853027344,2780800,0.0,0.0
2007-10-10 00:00:00+09:00,269.4853820800781,269.4853820800781,262.9391784667969,266.2122802734375,1746400,0.0,0.0
2007-10-11 00:00:00+09:00,267.3032526714812,267.3032526714812,258.57498319649403,265.1211853027344,2773600,0.0,0.0
2007-10-12 00:00:00+09:00,265.5576906062355,265.5576906062355,264.0302429199219,264.0302429199219,2773600,0.0,0.0
2007-10-15 00:00:00+09:00,265.6668257512966,265.6668257512966,254.75648383132548,259.6661376953125,4436800,0.0,0.0
2007-10-16 00:00:00+09:00,255.73833917458512,255.73833917458512,254.75640869140625,254.75640869140625,4436800,0.0,0.0
2007-10-17 00:00:00+09:00,255.38057207465172,255.38057207465172,247.66470336914062,247.66470336914062,4436800,0.0,0.0
2007-10-18 00:00:00+09:00,246.57368455853378,250.39230356718363,245.4826505560624,248.75575256347656,4285600,0.0,0.0
2007-10-19 00:00:00+09:00,247.22824389702453,247.22824389702453,246.57362365722656,246.57362365722656,4285600,0.0,0.0
2007-10-22 00:00:00+09:00,242.20947210138496,243.84602258855648,238.39085429798473,240.02740478515625,4617600,0.0,0.0
2007-10-23 00:00:00+09:00,237.95450134277343,238.3909149169922,237.95450134277343,238.3909149169922,4617600,0.0,0.0
2007-10-24 00:00:00+09:00,237.84535369534714,248.21017415454804,237.84535369534714,246.02810668945312,5822400,0.0,0.0
2007-10-25 00:00:00+09:00,247.11917114257812,247.11917114257812,247.11917114257812,247.11917114257812,5822400,0.0,0.0
2007-10-26 00:00:00+09:00,247.11920155976946,248.75575256347656,247.11920155976946,248.75575256347656,5822400,0.0,0.0
2007-10-29 00:00:00+09:00,247.66471856100517,252.02885457089073,247.11920155976946,248.75575256347656,1812000,0.0,0.0
2007-10-30 00:00:00+09:00,247.66462807033372,250.93772888183594,247.66462807033372,250.93772888183594,1812000,0.0,0.0
2007-10-31 00:00:00+09:00,250.93779014571064,255.3019256265056,247.66468853511444,254.75640869140625,2015200,0.0,0.0
2007-11-01 00:00:00+09:00,254.7563785625871,256.9384460449219,254.7563785625871,256.9384460449219,2015200,0.0,0.0
2007-11-02 00:00:00+09:00,252.49709167557347,256.9384460449219,252.49709167557347,256.9384460449219,2015200,0.0,0.0
2007-11-05 00:00:00+09:00,255.30186668602195,263.48461882339444,255.30186668602195,262.3935852050781,5494400,0.0,0.0
2007-11-06 00:00:00+09:00,266.1031768798828,266.2122802734375,266.1031768798828,266.2122802734375,5494400,0.0,0.0
2007-11-07 00:00:00+09:00,266.2122802734375,266.2122802734375,262.9391784667969,262.9391784667969,5494400,0.0,0.0
2007-11-08 00:00:00+09:00,250.28309330161102,250.39219665527344,250.28309330161102,250.39219665527344,5494400,0.0,0.0
2007-11-09 00:00:00+09:00,250.3922120799189,250.93772888183594,250.3922120799189,250.93772888183594,5494400,0.0,0.0
2007-11-12 00:00:00+09:00,248.42845814568656,248.42845814568656,244.39163208007812,244.39163208007812,5494400,0.0,0.0
2007-11-13 00:00:00+09:00,244.3916015625,255.30194091796875,244.3916015625,255.30194091796875,5494400,0.0,0.0
2007-11-14 00:00:00+09:00,255.3018352355312,258.0294189453125,255.3018352355312,258.0294189453125,5494400,0.0,0.0
2007-11-15 00:00:00+09:00,259.3715028248727,259.66607666015625,257.4840087890625,257.4840087890625,5494400,0.0,0.0
2007-11-16 00:00:00+09:00,258.2476106281522,258.5749206542969,258.2476106281522,258.5749206542969,5494400,0.0,0.0
2007-11-19 00:00:00+09:00,254.7563931689664,254.7563931689664,252.57432556152344,252.57432556152344,5494400,0.0,0.0
2007-11-20 00:00:00+09:00,253.01072409306474,254.2108612060547,253.01072409306474,254.2108612060547,5494400,0.0,0.0
2007-11-21 00:00:00+09:00,254.4290207407833,254.4290207407833,250.39219665527344,250.39219665527344,5494400,0.0,0.0
2007-11-22 00:00:00+09:00,250.3923479417748,255.8475189208984,250.3923479417748,255.84751892089844,5494400,0.0,0.0
2007-11-26 00:00:00+09:00,254.21080175161867,259.12045242922505,254.21080175161867,258.0294189453125,1963200,0.0,0.0
2007-11-27 00:00:00+09:00,258.35683593749997,258.35683593749997,253.119873046875,253.119873046875,5494400,0.0,0.0
2007-11-28 00:00:00+09:00,252.13792720637457,252.13792720637457,251.48330688476562,251.48330688476562,5494400,0.0,0.0
2007-11-29 00:00:00+09:00,254.7564239501953,257.4840087890625,254.7564239501953,257.4840087890625,5494400,0.0,0.0
2007-11-30 00:00:00+09:00,257.35527424290774,257.4840087890625,257.35527424290774,257.4840087890625,5494400,0.0,0.0
2007-12-03 00:00:00+09:00,257.484023824863,261.3026428222656,257.484023824863,261.3026428222656,5494400,0.0,0.0
2007-12-04 00:00:00+09:00,260.6478993067026,260.6478993067026,258.0294189453125,258.0294189453125,5494400,0.0,0.0
2007-12-05 00:00:00+09:00,257.8112306680485,267.30322265625,257.8112306680485,267.30322265625,5494400,0.0,0.0
2007-12-06 00:00:00+09:00,266.407861090589,268.93988037109375,266.407861090589,268.93988037109375,5494400,0.0,0.0
2007-12-07 00:00:00+09:00,269.4853973698181,270.5764313672667,268.93988037109375,268.93988037109375,5494400,0.0,0.0
2007-12-10 00:00:00+09:00,270.03083788914233,270.03083788914233,269.4853210449219,269.4853210449219,5494400,0.0,0.0
2007-12-11 00:00:00+09:00,274.39498937482665,276.5770568847656,273.84947249734194,276.5770568847656,5494400,0.0,0.0
2007-12-12 00:00:00+09:00,271.12194836599105,271.12194836599105,267.8488463736451,268.93988037109375,3536000,0.0,0.0
2007-12-13 00:00:00+09:00,260.75714111328125,260.75714111328125,260.75714111328125,260.75714111328125,3536000,0.0,0.0
2007-12-14 00:00:00+09:00,260.97519417935786,260.97519417935786,258.5749206542969,258.5749206542969,3536000,0.0,0.0
2007-12-17 00:00:00+09:00,255.08364086275787,255.08364086275787,250.39219665527344,250.39219665527344,3536000,0.0,0.0
2007-12-18 00:00:00+09:00,250.3922730154174,254.21089155813618,247.11917140737273,251.48330688476562,2712800,0.0,0.0
2007-12-19 00:00:00+09:00,246.24623598103022,246.24623598103022,243.84596252441406,243.84596252441406,3536000,0.0,0.0
2007-12-20 00:00:00+09:00,246.02813727439897,247.11917114257812,246.02813727439897,247.11917114257812,3536000,0.0,0.0
2007-12-21 00:00:00+09:00,247.1191408262148,248.21017456054688,247.1191408262148,248.21017456054688,3536000,0.0,0.0
2007-12-25 00:00:00+09:00,248.10061257595484,248.10061257595484,246.56642150878906,246.56642150878906,3536000,1.25,0.0
2007-12-26 00:00:00+09:00,246.56634842019113,250.40182495117188,246.56634842019113,250.40182495117188,3536000,0.0,0.0
2007-12-27 00:00:00+09:00,250.73065691692074,250.73065691692074,247.11434936523438,247.11434936523438,3536000,0.0,0.0
2007-12-28 00:00:00+09:00,243.2788442438299,246.01847086819734,239.99129229458896,241.08714294433594,1879200,0.0,0.0
2008-01-04 00:00:00+09:00,236.70371197639628,239.4433382724194,231.7723846435547,231.7723846435547,3289600,0.0,0.0
2008-01-07 00:00:00+09:00,230.6765899658203,232.86829153319152,230.1286645739775,230.6765899658203,2329600,0.0,0.0
2008-01-08 00:00:00+09:00,230.67660764721333,231.2245330810547,230.67660764721333,231.2245330810547,2329600,0.0,0.0
2008-01-09 00:00:00+09:00,231.2245096087179,236.1558380126953,231.2245096087179,236.1558380126953,2329600,0.0,0.0
2008-01-10 00:00:00+09:00,233.85452372233073,233.85452372233073,233.4161834716797,233.4161834716797,2329600,0.0,0.0
2008-01-11 00:00:00+09:00,233.52579950241815,233.52579950241815,230.128662109375,230.128662109375,2329600,0.0,0.0
2008-01-15 00:00:00+09:00,229.19667575837917,229.19667575837917,218.51266479492188,218.51266479492188,2329600,0.0,0.0
2008-01-16 00:00:00+09:00,218.73184754982972,221.90981527475208,212.7046673818735,213.69093322753906,5584000,0.0,0.0
2008-01-17 00:00:00+09:00,213.69088474708266,216.43051147460938,211.9375236414656,216.43051147460938,5584000,0.0,0.0
2008-01-18 00:00:00+09:00,214.89630788167318,221.36182657877603,214.89630788167318,220.26597595214844,5584000,0.0,0.0
2008-01-21 00:00:00+09:00,218.18390446105988,221.36187192935256,215.99220275878906,215.99220275878906,3028000,0.0,0.0
2008-01-22 00:00:00+09:00,204.4857450313724,204.4857450313724,199.99275706444516,201.08860778808594,7576000,0.0,0.0
2008-01-23 00:00:00+09:00,201.19823264235444,201.19823264235444,199.00653076171875,199.00653076171875,7576000,0.0,0.0
2008-01-24 00:00:00+09:00,199.00651651693747,206.12954711914062,199.00651651693747,206.12954711914062,7576000,0.0,0.0
2008-01-25 00:00:00+09:00,206.45826448122824,212.48544311523438,206.45826448122824,212.48544311523438,3624000,0.0,0.0
2008-01-28 00:00:00+09:00,210.29375356720217,210.29375356720217,204.37615966796875,204.37615966796875,3624000,0.0,0.0
2008-01-29 00:00:00+09:00,208.21161649587617,208.21161649587617,206.56784057617188,206.56784057617188,3624000,0.0,0.0
2008-01-30 00:00:00+09:00,206.67746244158062,206.67746244158062,202.5132293701172,202.5132293701172,3624000,0.0,0.0
2008-01-31 00:00:00+09:00,203.17070717675057,207.00618438882515,202.9515370503463,206.67742919921875,2770400,0.0,0.0
2008-02-01 00:00:00+09:00,202.73235883599847,204.48571977728278,200.5406576593931,203.60903930664062,3841600,0.0,0.0
2008-02-04 00:00:00+09:00,203.71864096038772,207.88287353515625,203.71864096038772,207.88287353515625,3841600,0.0,0.0
2008-02-05 00:00:00+09:00,203.17074827919603,204.26659913291337,203.17074827919603,203.7186737060547,3841600,0.0,0.0
2008-02-06 00:00:00+09:00,196.92436971096015,198.56814575195312,196.92436971096015,198.56814575195312,3841600,0.0,0.0
2008-02-07 00:00:00+09:00,198.56817962646485,198.56817962646485,197.25315856933594,197.25315856933594,3841600,0.0,0.0
2008-02-08 00:00:00+09:00,197.14354217254055,197.14354217254055,194.40391540527344,194.40391540527344,3841600,0.0,0.0
2008-02-12 00:00:00+09:00,195.17103138511288,196.9243927001953,195.17103138511288,196.9243927001953,3841600,0.0,0.0
2008-02-13 00:00:00+09:00,195.17104964611408,195.28063473855997,192.43142233496704,192.7601776123047,3963200,0.0,0.0
2008-02-14 00:00:00+09:00,187.39045464683335,190.89717660513668,186.51377415725753,190.1300811767578,11155200,0.0,0.0
2008-02-15 00:00:00+09:00,178.18534387409358,179.71953502676106,177.85783269602126,178.51409912109375,11155200,0.0,0.0
2008-02-18 00:00:00+09:00,179.5003395555425,179.5003395555425,158.4600067138672,158.4600067138672,11155200,0.0,0.0
2008-02-19 00:00:00+09:00,159.16519459680245,165.91183471679688,159.16519459680245,165.91183471679688,11155200,0.0,0.0
2008-02-20 00:00:00+09:00,165.14466278554633,165.14466278554633,160.76126098632812,160.76126098632812,11155200,0.0,0.0
2008-02-21 00:00:00+09:00,156.92581319906208,161.5283859325541,156.04913267839692,161.1996307373047,12762400,0.0,0.0
2008-02-22 00:00:00+09:00,174.4594529944273,178.7332712524566,174.34986791088807,176.2128143310547,24540800,0.0,0.0
2008-02-25 00:00:00+09:00,179.17160034179688,179.2811854184585,177.6374092685338,179.17160034179688,15278400,0.0,0.0
2008-02-26 00:00:00+09:00,178.73324229234566,179.28116762126152,178.294902029213,178.6236572265625,12421600,0.0,0.0
2008-02-27 00:00:00+09:00,177.9661373471619,184.43165588378906,177.9661373471619,184.43165588378906,12421600,0.0,0.0
2008-02-28 00:00:00+09:00,181.2536565441909,184.43162271092703,181.2536565441909,183.88369750976562,12421600,0.0,0.0
2008-02-29 00:00:00+09:00,184.32210486405253,185.4179556658602,184.21251978387176,184.54127502441406,6223200,0.0,0.0
2008-03-03 00:00:00+09:00,181.58244985624478,181.58244985624478,180.26742909687547,180.37701416015625,8516800,0.0,0.0
2008-03-04 00:00:00+09:00,179.66458954096444,179.66458954096444,172.92529296875,172.92529296875,8516800,0.0,0.0
2008-03-05 00:00:00+09:00,172.70605973050198,180.37701416015625,172.70605973050198,180.37701416015625,8516800,0.0,0.0
2008-03-06 00:00:00+09:00,183.99334746556923,185.41795349121094,183.88376238667374,185.41795349121094,8516800,0.0,0.0
2008-03-07 00:00:00+09:00,185.4179587062401,185.4179587062401,181.80165100097656,181.80165100097656,8516800,0.0,0.0
2008-03-10 00:00:00+09:00,181.0345543681574,181.0345543681574,176.1032257080078,176.1032257080078,8516800,0.0,0.0
2008-03-11 00:00:00+09:00,178.62362480862237,179.50030517578125,175.4456584776714,179.50030517578125,8516800,0.0,0.0
2008-03-12 00:00:00+09:00,179.5003800722632,179.5003800722632,177.08950805664062,177.08950805664062,8516800,0.0,0.0
2008-03-13 00:00:00+09:00,181.80164283417133,182.02081298828125,181.80164283417133,182.02081298828125,8516800,0.0,0.0
2008-03-14 00:00:00+09:00,179.82913534712083,180.15789062197845,176.10324223206774,177.08950805664062,6829600,0.0,0.0
2008-03-17 00:00:00+09:00,173.14444322966082,173.2540283203125,173.14444322966082,173.2540283203125,6829600,0.0,0.0
2008-03-18 00:00:00+09:00,181.36330634729185,183.88376317266207,179.93870031556088,183.5550079345703,9961600,0.0,0.0
2008-03-19 00:00:00+09:00,182.4811773349665,188.9246368408203,182.4811773349665,188.9246368408203,9961600,0.0,0.0
2008-03-21 00:00:00+09:00,188.92464998790194,196.37643432617188,188.92464998790194,196.37643432617188,9961600,0.0,0.0
2008-03-24 00:00:00+09:00,197.91065162051038,199.33525763992714,197.58189638526036,198.12982177734375,4044000,0.0,0.0
2008-03-25 00:00:00+09:00,198.45858083781505,200.5406973678639,198.45858083781505,199.6640167236328,4044000,0.0,0.0
2008-03-26 00:00:00+09:00,199.44483662426956,202.18446350097656,199.44483662426956,202.18446350097656,4044000,0.0,0.0
2008-03-27 00:00:00+09:00,196.81483229406658,198.12985344525188,196.81483229406658,197.69151306152344,4044000,0.0,0.0
2008-03-28 00:00:00+09:00,199.1160870158763,202.18446920434332,199.00650193771676,201.41737365722656,3247200,0.0,0.0
2008-03-31 00:00:00+09:00,199.77362046215416,199.77362046215416,198.34901428222656,198.34901428222656,3247200,0.0,0.0
2008-04-01 00:00:00+09:00,205.25285666505218,205.25285666505218,203.93783569335938,203.93783569335938,3247200,0.0,0.0
2008-04-02 00:00:00+09:00,203.93784255544116,210.2937774658203,203.93784255544116,210.2937774658203,3247200,0.0,0.0
2008-04-03 00:00:00+09:00,210.84165397497856,211.60874938964844,210.84165397497856,211.60874938964844,3247200,0.0,0.0
2008-04-04 00:00:00+09:00,213.36211953711936,214.23880004882812,213.36211953711936,214.23880004882812,3247200,0.0,0.0
2008-04-07 00:00:00+09:00,217.08806200537504,217.19764709472656,217.08806200537504,217.19764709472656,3247200,0.0,0.0
2008-04-08 00:00:00+09:00,216.43049358092634,216.43049358092634,212.5950164794922,212.5950164794922,3247200,0.0,0.0
2008-04-09 00:00:00+09:00,212.70463938057705,212.70463938057705,208.10206604003906,208.10206604003906,3247200,0.0,0.0
2008-04-10 00:00:00+09:00,192.76015171754875,192.76015171754875,192.431396484375,192.431396484375,3247200,0.0,0.0
2008-04-11 00:00:00+09:00,196.5956264295076,199.8831787109375,196.5956264295076,199.8831787109375,3247200,0.0,0.0
2008-04-14 00:00:00+09:00,199.66404256742294,199.9927978515625,199.66404256742294,199.9927978515625,3247200,0.0,0.0
2008-04-15 00:00:00+09:00,201.85573280421593,201.85573280421593,201.5269775390625,201.5269775390625,3247200,0.0,0.0
2008-04-16 00:00:00+09:00,201.63655083893724,207.7733154296875,201.63655083893724,207.7733154296875,3247200,0.0,0.0
2008-04-17 00:00:00+09:00,213.96172686654253,213.96172686654253,210.9512939453125,210.9512939453125,3247200,0.0,0.0
2008-04-18 00:00:00+09:00,209.30746513918174,210.73207092285156,209.30746513918174,210.73207092285156,3247200,0.0,0.0
2008-04-21 00:00:00+09:00,212.59507724359366,212.59507724359366,209.74586486816406,209.74586486816406,3247200,0.0,0.0
2008-04-22 00:00:00+09:00,209.8554567510801,209.8554567510801,205.69122314453125,205.69122314453125,3247200,0.0,0.0
2008-04-23 00:00:00+09:00,203.82821400274807,204.70489449308246,202.40360820595467,203.28028869628906,3247200,0.0,0.0
2008-04-24 00:00:00+09:00,201.74613462622085,202.07488987004413,199.33526283818344,200.65028381347656,3336800,0.0,0.0
2008-04-25 00:00:00+09:00,205.58158108748057,207.22535705566406,205.58158108748057,207.22535705566406,3336800,0.0,0.0
2008-04-28 00:00:00+09:00,208.21163334589698,208.21163334589698,207.5541229248047,207.5541229248047,3336800,0.0,0.0
2008-04-30 00:00:00+09:00,207.55415101099294,207.55415101099294,207.0062255859375,207.0062255859375,3336800,0.0,0.0
2008-05-01 00:00:00+09:00,204.81451770150088,204.92410278320312,204.81451770150088,204.92410278320312,3336800,0.0,0.0
2008-05-02 00:00:00+09:00,208.53123943055937,210.2937774658203,208.53123943055937,210.2937774658203,3336800,0.0,0.0
2008-05-07 00:00:00+09:00,209.52667236328125,209.52667236328125,209.52667236328125,209.52667236328125,3336800,0.0,0.0
2008-05-08 00:00:00+09:00,208.4308237348284,208.64999389648438,208.4308237348284,208.64999389648438,3336800,0.0,0.0
2008-05-09 00:00:00+09:00,208.21169441993084,238.89552307128906,208.21169441993084,238.89552307128906,3336800,0.0,0.0
2008-05-12 00:00:00+09:00,236.15585267789302,239.4434051513672,236.15585267789302,239.4434051513672,3336800,0.0,0.0
2008-05-13 00:00:00+09:00,240.64876012610108,244.92257690429688,240.64876012610108,244.92257690429688,3336800,0.0,0.0
2008-05-14 00:00:00+09:00,242.1830644349794,243.27891540527344,242.1830644349794,243.27891540527344,3336800,0.0,0.0
2008-05-15 00:00:00+09:00,246.01856763022286,246.01856763022286,245.47064208984375,245.47064208984375,3336800,0.0,0.0
2008-05-16 00:00:00+09:00,238.34759755965766,238.89552307128906,238.34759755965766,238.89552307128906,3336800,0.0,0.0
2008-05-19 00:00:00+09:00,237.36133163872114,238.89552307128906,237.36133163872114,238.89552307128906,3336800,0.0,0.0
2008-05-20 00:00:00+09:00,237.2516986364606,238.34754943847656,237.2516986364606,238.34754943847656,3336800,0.0,0.0
2008-05-21 00:00:00+09:00,233.4161707858012,233.96409606933594,233.4161707858012,233.96409606933594,3336800,0.0,0.0
2008-05-22 00:00:00+09:00,235.05993882665095,235.05993882665095,232.3203125,232.3203125,3336800,0.0,0.0
2008-05-23 00:00:00+09:00,239.66250417096742,240.5391845703125,239.66250417096742,240.5391845703125,3336800,0.0,0.0
2008-05-26 00:00:00+09:00,240.7584698108358,240.7584698108358,238.89552307128906,238.89552307128906,3336800,0.0,0.0
2008-05-27 00:00:00+09:00,238.89546490379385,238.89546490379385,236.1558380126953,236.1558380126953,3336800,0.0,0.0
2008-05-28 00:00:00+09:00,234.29285123945678,234.29285123945678,233.96409606933594,233.96409606933594,3336800,0.0,0.0
2008-05-29 00:00:00+09:00,242.95016011418522,243.27891540527344,242.95016011418522,243.27891540527344,3336800,0.0,0.0
2008-05-30 00:00:00+09:00,243.16923101516,243.16923101516,241.63504028320312,241.63504028320312,3336800,0.0,0.0
2008-06-02 00:00:00+09:00,238.89546490379385,238.89546490379385,236.1558380126953,236.1558380126953,3336800,0.0,0.0
2008-06-03 00:00:00+09:00,231.85464468813683,231.85464468813683,229.03277587890625,229.03277587890625,3336800,0.0,0.0
2008-06-04 00:00:00+09:00,228.53546945812028,229.03277587890625,228.53546945812028,229.03277587890625,3336800,0.0,0.0
2008-06-05 00:00:00+09:00,227.93691795045373,233.96409606933594,226.29314209984952,233.96409606933594,2394400,0.0,0.0
2008-06-06 00:00:00+09:00,232.10114239386792,232.3203125,232.10114239386792,232.3203125,2343200,0.0,0.0
2008-06-09 00:00:00+09:00,231.2244770834891,231.2244770834891,229.03277587890625,229.03277587890625,2343200,0.0,0.0
2008-06-10 00:00:00+09:00,229.0327705941549,229.0327705941549,224.6493682861328,224.6493682861328,2343200,0.0,0.0
2008-06-11 00:00:00+09:00,224.6493885818037,225.7452392578125,224.6493885818037,225.7452392578125,2343200,0.0,0.0
2008-06-12 00:00:00+09:00,221.36188225205896,222.45773315429688,221.36188225205896,222.45773315429688,2343200,0.0,0.0
2008-06-13 00:00:00+09:00,220.26603134982105,222.45773315429688,220.26603134982105,222.45773315429688,2343200,0.0,0.0
2008-06-16 00:00:00+09:00,218.73179754683662,223.005615234375,218.73179754683662,223.005615234375,2343200,0.0,0.0
2008-06-17 00:00:00+09:00,222.89606648666597,231.2245330810547,222.89606648666597,231.2245330810547,2343200,0.0,0.0
2008-06-18 00:00:00+09:00,227.71782388342433,227.71782388342433,227.38906860351562,227.38906860351562,2343200,0.0,0.0
2008-06-19 00:00:00+09:00,221.36182657877603,221.36182657877603,220.26597595214844,220.26597595214844,2343200,0.0,0.0
2008-06-20 00:00:00+09:00,218.0742950439453,218.0742950439453,218.0742950439453,218.0742950439453,2343200,0.0,0.0
2008-06-23 00:00:00+09:00,207.42855205951176,207.66368103027344,207.42855205951176,207.66368103027344,2343200,0.0,0.0
2008-06-24 00:00:00+09:00,214.78672855135915,214.78672855135915,209.63623046875,209.63623046875,2343200,0.0,0.0
2008-06-25 00:00:00+09:00,209.08485257355363,209.19512939453125,209.08485257355363,209.19512939453125,2343200,1.5,0.0
2008-06-26 00:00:00+09:00,212.2828826904297,212.2828826904297,212.2828826904297,212.2828826904297,2343200,0.0,0.0
2008-06-27 00:00:00+09:00,206.65877792932523,208.09237670898438,206.65877792932523,208.09237670898438,2343200,0.0,0.0
2008-06-30 00:00:00+09:00,208.20261309629117,214.26783752441406,208.20261309629117,214.26783752441406,2343200,0.0,0.0
2008-07-01 00:00:00+09:00,214.2678645556852,214.2678645556852,203.68128967285156,203.68128967285156,2343200,0.0,0.0
2008-07-02 00:00:00+09:00,203.68129366619857,203.68129366619857,200.15243530273438,200.15243530273438,2343200,0.0,0.0
2008-07-03 00:00:00+09:00,200.2626880877914,200.2626880877914,197.50576782226562,197.50576782226562,2343200,0.0,0.0
2008-07-04 00:00:00+09:00,197.72634641747726,201.14492797851562,197.72634641747726,201.14492797851562,2343200,0.0,0.0
2008-07-07 00:00:00+09:00,201.14493206569128,201.14493206569128,197.61607360839844,197.61607360839844,2343200,0.0,0.0
2008-07-08 00:00:00+09:00,192.95475294652883,192.95475294652883,192.32281494140625,192.32281494140625,2343200,0.0,0.0
2008-07-09 00:00:00+09:00,197.5058453052075,197.5058453052075,195.30030822753906,195.30030822753906,2343200,0.0,0.0
2008-07-10 00:00:00+09:00,195.30026332919158,197.39552307128906,195.30026332919158,197.39552307128906,2343200,0.0,0.0
2008-07-11 00:00:00+09:00,197.2852387671377,197.2852387671377,196.84413146972656,196.84413146972656,2343200,0.0,0.0
2008-07-14 00:00:00+09:00,198.60853592847593,198.60853592847593,197.50576782226562,197.50576782226562,2343200,0.0,0.0
2008-07-15 00:00:00+09:00,196.73385464537378,196.84413146972656,196.73385464537378,196.84413146972656,2343200,0.0,0.0
2008-07-16 00:00:00+09:00,200.15243689987008,205.4457244873047,200.15243689987008,205.4457244873047,2343200,0.0,0.0
2008-07-17 00:00:00+09:00,206.98960997014132,207.9821014404297,206.98960997014132,207.9821014404297,2343200,0.0,0.0
2008-07-18 00:00:00+09:00,207.98209559858856,207.98209559858856,201.9168701171875,201.9168701171875,2343200,0.0,0.0
2008-07-22 00:00:00+09:00,207.32043890455253,208.75403768421168,204.67379500364333,208.09237670898438,2268000,0.0,0.0
2008-07-23 00:00:00+09:00,214.37814672245003,214.37814672245003,213.05482482910156,213.05482482910156,2268000,0.0,0.0
2008-07-24 00:00:00+09:00,214.37814400658894,217.576171875,214.37814400658894,217.576171875,2268000,0.0,0.0
2008-07-25 00:00:00+09:00,218.89946644762003,218.89946644762003,215.15005493164062,215.15005493164062,2268000,0.0,0.0
2008-07-28 00:00:00+09:00,219.34059919849517,219.34059919849517,218.78921508789062,218.78921508789062,2268000,0.0,0.0
2008-07-29 00:00:00+09:00,211.18014396922447,214.4884490966797,211.18014396922447,214.4884490966797,2268000,0.0,0.0
2008-07-30 00:00:00+09:00,217.68644686668148,218.78921508789062,217.68644686668148,218.78921508789062,2268000,0.0,0.0
2008-07-31 00:00:00+09:00,216.80419270732617,222.75914001464844,216.80419270732617,222.75914001464844,2268000,0.0,0.0
2008-08-01 00:00:00+09:00,222.97975705205178,222.97975705205178,216.14259338378906,216.14259338378906,2268000,0.0,0.0
2008-08-04 00:00:00+09:00,215.33935532249973,217.1350555419922,215.33935532249973,217.1350555419922,2268000,0.0,0.0
2008-08-05 00:00:00+09:00,217.13505836622062,217.13505836622062,211.5109405517578,211.5109405517578,2268000,0.0,0.0
2008-08-06 00:00:00+09:00,211.51094811925057,217.4658966064453,211.51094811925057,217.4658966064453,2268000,0.0,0.0
2008-08-07 00:00:00+09:00,208.31291848958335,208.31291848958335,206.76904296875,206.76904296875,2268000,0.0,0.0
2008-08-08 00:00:00+09:00,207.54098726442348,210.6287384033203,207.54098726442348,210.6287384033203,2268000,0.0,0.0
2008-08-11 00:00:00+09:00,215.70146616830306,216.47340393066406,215.70146616830306,216.47340393066406,2268000,0.0,0.0
2008-08-12 00:00:00+09:00,221.21531799164953,222.2078094482422,221.21531799164953,222.2078094482422,2268000,0.0,0.0
2008-08-13 00:00:00+09:00,222.0975078462218,222.0975078462218,216.3631134033203,216.3631134033203,2268000,0.0,0.0
2008-08-14 00:00:00+09:00,215.92206067354581,215.92206067354581,213.6062469482422,213.6062469482422,2268000,0.0,0.0
2008-08-15 00:00:00+09:00,212.50344562530518,217.02479553222656,212.50344562530518,217.02479553222656,2268000,0.0,0.0
2008-08-18 00:00:00+09:00,220.00228099823,220.5536651611328,220.00228099823,220.5536651611328,2268000,0.0,0.0
2008-08-19 00:00:00+09:00,204.6738192990763,207.4307403564453,204.6738192990763,207.4307403564453,2268000,0.0,0.0
2008-08-20 00:00:00+09:00,207.3204115809433,207.87179565429688,207.3204115809433,207.87179565429688,2268000,0.0,0.0
2008-08-21 00:00:00+09:00,205.4457502947743,205.77658081054688,205.4457502947743,205.77658081054688,2268000,0.0,0.0
2008-08-22 00:00:00+09:00,205.8868379173039,210.40818786621094,205.8868379173039,210.40818786621094,2268000,0.0,0.0
2008-08-25 00:00:00+09:00,210.51846817274134,210.51846817274134,209.08486938476562,209.08486938476562,2268000,0.0,0.0
2008-08-26 00:00:00+09:00,204.89433337640438,209.19512939453125,204.89433337640438,209.19512939453125,2268000,0.0,0.0
2008-08-27 00:00:00+09:00,206.7690352176098,207.32041931152344,206.7690352176098,207.32041931152344,2268000,0.0,0.0
2008-08-28 00:00:00+09:00,204.77133920602202,206.9896240234375,204.77133920602202,206.9896240234375,2268000,0.0,0.0
2008-08-29 00:00:00+09:00,207.09990029023072,212.3931884765625,207.09990029023072,212.3931884765625,2268000,0.0,0.0
2008-09-01 00:00:00+09:00,212.3931448501144,212.3931448501144,208.9745635986328,208.9745635986328,2268000,0.0,0.0
2008-09-02 00:00:00+09:00,210.84925560311757,210.84925560311757,206.43818331016533,208.86427307128906,2877600,0.0,0.0
2008-09-03 00:00:00+09:00,210.81506350863717,210.81506350863717,210.07733154296875,210.07733154296875,2877600,0.0,0.0
2008-09-04 00:00:00+09:00,209.96704924508427,209.96704924508427,206.10736083984375,206.10736083984375,2877600,0.0,0.0
2008-09-05 00:00:00+09:00,202.35798332700276,202.5785369873047,202.35798332700276,202.5785369873047,2877600,0.0,0.0
2008-09-08 00:00:00+09:00,202.57848938118977,205.9970703125,202.57848938118977,205.9970703125,2877600,0.0,0.0
2008-09-09 00:00:00+09:00,205.9970489403615,205.9970489403615,205.33538818359375,205.33538818359375,2877600,0.0,0.0
2008-09-10 00:00:00+09:00,208.31290819842266,211.84176635742188,207.32041684120412,211.84176635742188,2877600,0.0,0.0
2008-09-11 00:00:00+09:00,210.62874500258562,210.62874500258562,209.08486938476562,209.08486938476562,2877600,0.0,0.0
2008-09-12 00:00:00+09:00,209.19516280686358,209.19516280686358,205.77658081054688,205.77658081054688,2877600,0.0,0.0
2008-09-16 00:00:00+09:00,205.88688868854678,213.1651611328125,205.88688868854678,213.1651611328125,2877600,0.0,0.0
2008-09-17 00:00:00+09:00,213.27538223666048,213.27538223666048,210.6287384033203,210.6287384033203,2877600,0.0,0.0
2008-09-18 00:00:00+09:00,210.6287111033731,219.12002563476562,210.6287111033731,219.12002563476562,2877600,0.0,0.0
2008-09-19 00:00:00+09:00,221.87695532822028,226.06747436523438,221.87695532822028,226.06747436523438,2877600,0.0,0.0
2008-09-22 00:00:00+09:00,225.40586000639817,225.40586000639817,223.8619842529297,223.8619842529297,2877600,0.0,0.0
2008-09-24 00:00:00+09:00,219.89197837894537,220.22280883789062,219.89197837894537,220.22280883789062,2877600,0.0,0.0
2008-09-25 00:00:00+09:00,213.60620373191736,215.5911865234375,213.60620373191736,215.5911865234375,2877600,0.0,0.0
2008-09-26 00:00:00+09:00,212.94453561527214,213.93702697753906,212.94453561527214,213.93702697753906,2877600,0.0,0.0
2008-09-29 00:00:00+09:00,214.04734912578874,215.0398406982422,214.04734912578874,215.0398406982422,2877600,0.0,0.0
2008-09-30 00:00:00+09:00,205.55599021099982,207.32041931152344,205.55599021099982,207.32041931152344,2877600,0.0,0.0
2008-10-01 00:00:00+09:00,207.32044046023745,207.9821014404297,207.32044046023745,207.9821014404297,2877600,0.0,0.0
2008-10-02 00:00:00+09:00,208.20262514311693,208.20262514311693,204.67376708984375,204.67376708984375,2877600,0.0,0.0
2008-10-03 00:00:00+09:00,212.61377685673176,213.1651611328125,212.61377685673176,213.1651611328125,2877600,0.0,0.0
2008-10-06 00:00:00+09:00,212.06234379056133,212.06234379056133,209.08486938476562,209.08486938476562,2877600,0.0,0.0
2008-10-07 00:00:00+09:00,203.4346610534307,203.68128967285156,203.4346610534307,203.68128967285156,2877600,0.0,0.0
2008-10-08 00:00:00+09:00,203.6813192705736,203.6813192705736,186.58840942382812,186.58840942382812,2877600,0.0,0.0
2008-10-09 00:00:00+09:00,186.8089383635975,186.8089383635975,181.8464813232422,181.8464813232422,2877600,0.0,0.0
2008-10-10 00:00:00+09:00,181.84648728994176,181.84648728994176,177.10458374023438,177.10458374023438,2877600,0.0,0.0
2008-10-14 00:00:00+09:00,190.11727386984114,191.55087280273438,190.11727386984114,191.55087280273438,2877600,0.0,0.0
2008-10-15 00:00:00+09:00,184.3828664815651,187.02951049804688,184.3828664815651,187.02951049804688,2877600,0.0,0.0
2008-10-16 00:00:00+09:00,185.92675243994432,185.92675243994432,184.16232299804688,184.16232299804688,2877600,0.0,0.0
2008-10-17 00:00:00+09:00,193.7563806840064,195.74136352539062,193.7563806840064,195.74136352539062,2877600,0.0,0.0
2008-10-20 00:00:00+09:00,194.74889466360713,196.2927703857422,194.74889466360713,196.2927703857422,2877600,0.0,0.0
2008-10-21 00:00:00+09:00,196.73387343078028,196.73387343078028,195.5208282470703,195.5208282470703,2877600,0.0,0.0
2008-10-22 00:00:00+09:00,195.5208363309632,195.5208363309632,190.6686553955078,190.6686553955078,2877600,0.0,0.0
2008-10-23 00:00:00+09:00,187.81790756981698,190.8892364501953,187.81790756981698,190.8892364501953,2877600,0.0,0.0
2008-10-24 00:00:00+09:00,187.8014130015432,187.8014130015432,178.6484375,178.6484375,2877600,0.0,0.0
2008-10-27 00:00:00+09:00,178.64846824242298,178.64846824242298,164.643310546875,164.643310546875,2877600,0.0,0.0
2008-10-28 00:00:00+09:00,159.3500319875852,174.6785125732422,159.3500319875852,174.6785125732422,2877600,0.0,0.0
2008-10-29 00:00:00+09:00,174.78877654534006,176.66348266601562,174.78877654534006,176.66348266601562,2877600,0.0,0.0
2008-10-30 00:00:00+09:00,202.1374020956396,203.46072387695312,202.1374020956396,203.46072387695312,2877600,0.0,0.0
2008-10-31 00:00:00+09:00,203.90181688519442,203.90181688519442,194.63856506347656,194.63856506347656,2877600,0.0,0.0
2008-11-04 00:00:00+09:00,194.85913152315257,207.87179565429688,194.85913152315257,207.87179565429688,4247200,0.0,0.0
2008-11-05 00:00:00+09:00,207.7615522242304,221.65643310546875,207.7615522242304,221.65643310546875,4247200,0.0,0.0
2008-11-06 00:00:00+09:00,221.87693314163772,223.31053161621094,221.87693314163772,223.31053161621094,4247200,0.0,0.0
2008-11-07 00:00:00+09:00,223.31056293688323,223.31056293688323,220.00225830078125,220.00225830078125,4247200,0.0,0.0
2008-11-10 00:00:00+09:00,228.93471002509125,228.93471002509125,226.618896484375,226.618896484375,4247200,0.0,0.0
2008-11-11 00:00:00+09:00,229.59637103672446,229.59637103672446,226.618896484375,226.618896484375,4247200,0.0,0.0
2008-11-12 00:00:00+09:00,222.75914758752893,223.31053161621094,222.75914758752893,223.31053161621094,4247200,0.0,0.0
2008-11-13 00:00:00+09:00,222.64886321266098,222.75914001464844,222.64886321266098,222.75914001464844,4247200,0.0,0.0
2008-11-14 00:00:00+09:00,222.97969361862334,222.97969361862334,222.75914001464844,222.75914001464844,4247200,0.0,0.0
2008-11-17 00:00:00+09:00,222.7591698623285,226.06747436523438,222.7591698623285,226.06747436523438,4247200,0.0,0.0
2008-11-18 00:00:00+09:00,226.39832408455723,238.74932861328125,226.39832408455723,238.74932861328125,4247200,0.0,0.0
2008-11-19 00:00:00+09:00,231.91217366869205,235.99241638183594,231.91217366869205,235.99241638183594,4247200,0.0,0.0
2008-11-20 00:00:00+09:00,236.32327144378155,236.32327144378155,232.13275146484375,232.13275146484375,4247200,0.0,0.0
2008-11-21 00:00:00+09:00,232.24299028669085,232.24299028669085,231.58132934570312,231.58132934570312,4247200,0.0,0.0
2008-11-25 00:00:00+09:00,232.02239825742464,233.23544311523438,232.02239825742464,233.23544311523438,180800,0.0,0.0
2008-11-26 00:00:00+09:00,233.3457509625783,233.3457509625783,231.02993774414062,231.02993774414062,180800,0.0,0.0
2008-11-27 00:00:00+09:00,233.01492050280152,233.01492050280152,231.02993774414062,231.02993774414062,180800,0.0,0.0
2008-11-28 00:00:00+09:00,231.25052356580747,231.25052356580747,226.618896484375,226.618896484375,180800,0.0,0.0
2008-12-01 00:00:00+09:00,226.72918556946016,226.72918556946016,219.34063720703125,219.34063720703125,180800,0.0,0.0
2008-12-02 00:00:00+09:00,219.34061493372994,219.34061493372994,207.9821014404297,207.9821014404297,180800,0.0,0.0
2008-12-03 00:00:00+09:00,209.8568256321799,223.8619842529297,209.8568256321799,223.8619842529297,180800,0.0,0.0
2008-12-04 00:00:00+09:00,223.86192192221588,233.78683471679688,223.86192192221588,233.78683471679688,180800,0.0,0.0
2008-12-05 00:00:00+09:00,234.00746520706826,234.00746520706826,232.68414306640625,232.68414306640625,180800,0.0,0.0
2008-12-08 00:00:00+09:00,229.37580908439008,229.37580908439008,228.27304077148438,228.27304077148438,180800,0.0,0.0
2008-12-09 00:00:00+09:00,219.5611861738335,219.6714630126953,219.5611861738335,219.6714630126953,180800,0.0,0.0
2008-12-10 00:00:00+09:00,219.8920134071992,219.8920134071992,212.3931884765625,212.3931884765625,180800,0.0,0.0
2008-12-11 00:00:00+09:00,193.86666558005595,194.08721923828125,193.86666558005595,194.08721923828125,180800,0.0,0.0
2008-12-12 00:00:00+09:00,194.30776027748237,194.30776027748237,189.56585693359375,189.56585693359375,180800,0.0,0.0
2008-12-15 00:00:00+09:00,191.55089758173844,191.55089758173844,190.8892364501953,190.8892364501953,180800,0.0,0.0
2008-12-16 00:00:00+09:00,192.21244339842897,192.21244339842897,189.23497009277344,189.23497009277344,3158400,0.0,0.0
2008-12-17 00:00:00+09:00,189.4555974756528,201.25521850585938,189.4555974756528,201.25521850585938,7822400,0.0,0.0
2008-12-18 00:00:00+09:00,199.27020706126288,200.04214477539062,199.27020706126288,200.04214477539062,5806400,0.0,0.0
2008-12-19 00:00:00+09:00,200.26269415768903,200.26269415768903,198.1674346923828,198.1674346923828,4620000,0.0,0.0
2008-12-22 00:00:00+09:00,198.1674422032296,198.7188262939453,198.1674422032296,198.7188262939453,3137600,0.0,0.0
2008-12-24 00:00:00+09:00,198.93939867072933,198.93939867072933,197.39552307128906,197.39552307128906,4415200,0.0,0.0
2008-12-25 00:00:00+09:00,196.51527132569086,196.51527132569086,196.39743041992188,196.39743041992188,2208800,1.25,0.0
2008-12-26 00:00:00+09:00,195.73494312180404,196.6192169189453,195.73494312180404,196.6192169189453,615200,0.0,0.0
2008-12-29 00:00:00+09:00,195.62115718811515,198.72625492125985,195.1775717976659,197.1737060546875,1542400,0.0,0.0
2008-12-30 00:00:00+09:00,198.61534902096327,199.61341610147062,197.17369657134154,198.0608673095703,779200,0.0,0.0
2009-01-05 00:00:00+09:00,200.72240643568443,200.72240643568443,194.7340031497579,196.84103393554688,1480000,0.0,0.0
2009-01-06 00:00:00+09:00,195.2884974698408,195.2884974698408,193.40325927734375,193.40325927734375,3407200,0.0,0.0
2009-01-07 00:00:00+09:00,193.4032616305064,193.4032616305064,184.0879669189453,184.0879669189453,10681600,0.0,0.0
2009-01-08 00:00:00+09:00,184.08795507392344,184.08795507392344,180.42837524414062,180.42837524414062,4690400,0.0,0.0
2009-01-09 00:00:00+09:00,180.42839570864757,180.42839570864757,179.43032836914062,179.43032836914062,3160800,0.0,0.0
2009-01-13 00:00:00+09:00,180.09567777422254,182.09181213378906,180.09567777422254,182.09181213378906,7328000,0.0,0.0
2009-01-14 00:00:00+09:00,182.0918114858774,182.0918114858774,180.20657348632812,180.20657348632812,2901600,0.0,0.0
2009-01-15 00:00:00+09:00,180.20654988898684,180.20654988898684,177.76683044433594,177.76683044433594,6712000,0.0,0.0
2009-01-16 00:00:00+09:00,177.76680113239053,179.65203857421875,177.76680113239053,179.65203857421875,3769600,0.0,0.0
2009-01-19 00:00:00+09:00,175.43799799848395,175.43799799848395,173.44186401367188,173.44186401367188,6776800,0.0,0.0
2009-01-20 00:00:00+09:00,173.33102230518156,173.33102230518156,168.78427124023438,168.78427124023438,4548000,0.0,0.0
2009-01-21 00:00:00+09:00,168.78425082754583,168.78425082754583,166.78811645507812,166.78811645507812,5722400,0.0,0.0
2009-01-22 00:00:00+09:00,166.78812210648147,167.67529296875,166.78812210648147,167.67529296875,3632800,0.0,0.0
2009-01-23 00:00:00+09:00,167.67531870646647,167.67531870646647,165.67918395996094,165.67918395996094,5547200,0.0,0.0
2009-01-26 00:00:00+09:00,165.67916367693644,165.67916367693644,163.6830291748047,163.6830291748047,3823200,0.0,0.0
2009-01-27 00:00:00+09:00,162.01960259792222,164.9029083251953,162.01960259792222,164.9029083251953,5099200,0.0,0.0
2009-01-28 00:00:00+09:00,164.90288731325552,170.00411987304688,164.90288731325552,170.00411987304688,4424800,0.0,0.0
2009-01-29 00:00:00+09:00,170.0041078186035,170.0041078186035,166.3445281982422,166.3445281982422,4107200,0.0,0.0
2009-01-30 00:00:00+09:00,161.02151893041923,161.02151893041923,159.24717712402344,159.24717712402344,4744800,0.0,0.0
2009-02-02 00:00:00+09:00,159.24715202293854,159.24715202293854,157.14012145996094,157.14012145996094,2714400,0.0,0.0
2009-02-03 00:00:00+09:00,157.14008756692144,158.9144287109375,157.14008756692144,158.9144287109375,1874400,0.0,0.0
2009-02-04 00:00:00+09:00,153.25873259431,158.58175659179688,153.25873259431,158.58175659179688,6567200,0.0,0.0
2009-02-05 00:00:00+09:00,153.4805615124813,153.4805615124813,148.2684326171875,148.2684326171875,6340000,0.0,0.0
2009-02-06 00:00:00+09:00,148.26842290389158,148.26842290389158,146.16139221191406,146.16139221191406,4267200,0.0,0.0
2009-02-09 00:00:00+09:00,146.16141321663352,146.16141321663352,123.98213958740234,123.98213958740234,17413600,0.0,0.0
2009-02-10 00:00:00+09:00,131.4121901848264,133.85191017138013,128.4179883831468,131.52308654785156,14702400,0.0,0.0
2009-02-12 00:00:00+09:00,132.85382558004306,135.95892333984375,132.85382558004306,135.95892333984375,9825600,0.0,0.0
2009-02-13 00:00:00+09:00,135.9589530467987,141.94735717773438,135.9589530467987,141.94735717773438,7660000,0.0,0.0
2009-02-16 00:00:00+09:00,141.9409190539833,141.9409190539833,141.83642578125,141.83642578125,4330400,0.0,0.0
2009-02-17 00:00:00+09:00,142.61274247515465,142.61274247515465,140.61660766601562,140.61660766601562,4355200,0.0,0.0
2009-02-18 00:00:00+09:00,141.72554970228774,143.83258056640625,141.72554970228774,143.83258056640625,5634400,0.0,0.0
2009-02-19 00:00:00+09:00,140.61658053390576,140.61658053390576,139.95120239257812,139.95120239257812,2944800,0.0,0.0
2009-02-20 00:00:00+09:00,133.96281676990716,133.96281676990716,132.5211639404297,132.5211639404297,3829600,0.0,0.0
2009-02-23 00:00:00+09:00,132.85384787119108,133.51922607421875,132.85384787119108,133.51922607421875,1946400,0.0,0.0
2009-02-24 00:00:00+09:00,125.75646493975434,126.2000503540039,125.75646493975434,126.2000503540039,4224800,0.0,0.0
2009-02-25 00:00:00+09:00,126.20005458193158,126.20005458193158,123.87123107910156,123.87123107910156,3253600,0.0,0.0
2009-02-26 00:00:00+09:00,125.53464879569012,125.53464879569012,123.20582580566406,123.20582580566406,3574400,0.0,0.0
2009-02-27 00:00:00+09:00,123.20584164075075,129.19424438476562,123.20584164075075,129.19424438476562,3419200,0.0,0.0
2009-03-02 00:00:00+09:00,129.19428827864104,129.19428827864104,127.64173889160156,127.64173889160156,1788800,0.0,0.0
2009-03-03 00:00:00+09:00,123.64945048296387,123.98213958740234,123.64945048296387,123.98213958740234,2891200,0.0,0.0
2009-03-04 00:00:00+09:00,125.31287337186043,126.42183685302734,125.31287337186043,126.42183685302734,2297600,0.0,0.0
2009-03-05 00:00:00+09:00,129.5269391384271,130.0814208984375,129.5269391384271,130.0814208984375,2790400,0.0,0.0
2009-03-06 00:00:00+09:00,128.75069957971573,128.75069957971573,127.75263214111328,127.75263214111328,1780000,0.0,0.0
2009-03-09 00:00:00+09:00,130.96858008276726,130.96858008276726,128.30706787109375,128.30706787109375,3457600,0.0,0.0
2009-03-10 00:00:00+09:00,126.20004676174764,127.41990661621094,126.20004676174764,127.41990661621094,2873600,0.0,0.0
2009-03-11 00:00:00+09:00,128.4179716126644,128.86155700683594,128.4179716126644,128.86155700683594,5314400,0.0,0.0
2009-03-12 00:00:00+09:00,128.86155651159453,128.86155651159453,126.42183685302734,126.42183685302734,2592000,0.0,0.0
2009-03-13 00:00:00+09:00,128.63974396373658,128.63974396373658,125.20195770263672,125.20195770263672,2982400,0.0,0.0
2009-03-16 00:00:00+09:00,128.19618106905122,128.19618106905122,127.41990661621094,127.41990661621094,2887200,0.0,0.0
2009-03-17 00:00:00+09:00,127.64169432750431,128.41796875,127.64169432750431,128.41796875,2976800,0.0,0.0
2009-03-18 00:00:00+09:00,128.41798715653186,128.41798715653186,119.87896728515625,119.87896728515625,8504000,0.0,0.0
2009-03-19 00:00:00+09:00,119.87893459914754,119.87893459914754,116.6629409790039,116.6629409790039,6476800,0.0,0.0
2009-03-23 00:00:00+09:00,116.88475665476285,126.2000503540039,116.88475665476285,126.2000503540039,5521600,0.0,0.0
2009-03-24 00:00:00+09:00,131.41216466611456,134.62815856933594,131.41216466611456,134.62815856933594,6952000,0.0,0.0
2009-03-25 00:00:00+09:00,134.62815856933594,134.62815856933594,134.62815856933594,134.62815856933594,2613600,0.0,0.0
2009-03-26 00:00:00+09:00,139.6185082916572,140.9492645263672,139.6185082916572,140.9492645263672,2498400,0.0,0.0
2009-03-27 00:00:00+09:00,140.616604427512,143.16722106933594,140.616604427512,143.16722106933594,4218400,0.0,0.0
2009-03-30 00:00:00+09:00,143.38902154745767,143.38902154745767,138.84226989746094,138.84226989746094,3448800,0.0,0.0
2009-03-31 00:00:00+09:00,138.50957821329592,140.28392028808594,138.50957821329592,140.28392028808594,2569600,0.0,0.0
2009-04-01 00:00:00+09:00,139.9511572107092,153.70230102539062,139.9511572107092,153.70230102539062,12346400,0.0,0.0
2009-04-02 00:00:00+09:00,153.8132274497934,163.0176239013672,153.8132274497934,163.0176239013672,5448000,0.0,0.0
2009-04-03 00:00:00+09:00,162.6849732046644,162.6849732046644,157.583740234375,157.583740234375,2600000,0.0,0.0
2009-04-06 00:00:00+09:00,154.5895204832228,154.5895204832228,154.14593505859375,154.14593505859375,2298400,0.0,0.0
2009-04-07 00:00:00+09:00,154.0350308325983,154.70040893554688,154.0350308325983,154.70040893554688,2302400,0.0,0.0
2009-04-08 00:00:00+09:00,155.58759853288885,155.58759853288885,154.03504943847656,154.03504943847656,2168800,0.0,0.0
2009-04-09 00:00:00+09:00,154.5895120966901,155.8093719482422,154.5895120966901,155.8093719482422,2458400,0.0,0.0
2009-04-10 00:00:00+09:00,154.14593337169245,154.47862243652344,154.14593337169245,154.47862243652344,1963200,0.0,0.0
2009-04-13 00:00:00+09:00,155.47669361255785,158.69268798828125,155.47669361255785,158.69268798828125,1945600,0.0,0.0
2009-04-14 00:00:00+09:00,155.80933711792167,155.80933711792167,154.5894775390625,154.5894775390625,1917600,0.0,0.0
2009-04-15 00:00:00+09:00,155.9202624205266,159.02536010742188,155.9202624205266,159.02536010742188,2044000,0.0,0.0
2009-04-16 00:00:00+09:00,159.02536147680038,159.02536147680038,155.69847106933594,155.69847106933594,2226400,0.0,0.0
2009-04-17 00:00:00+09:00,155.8093953330761,160.1343536376953,155.8093953330761,160.1343536376953,2625600,0.0,0.0
2009-04-20 00:00:00+09:00,159.80166702529132,163.5721435546875,159.80166702529132,163.5721435546875,4078400,0.0,0.0
2009-04-21 00:00:00+09:00,163.12855002258343,167.12081909179688,163.12855002258343,167.12081909179688,2180000,0.0,0.0
2009-04-22 00:00:00+09:00,166.122760858677,172.22206115722656,166.122760858677,172.22206115722656,5584000,0.0,0.0
2009-04-23 00:00:00+09:00,171.7784377714813,175.7707061767578,171.7784377714813,175.7707061767578,5063200,0.0,0.0
2009-04-24 00:00:00+09:00,171.0021854043007,171.0021854043007,170.33680725097656,170.33680725097656,2610400,0.0,0.0
2009-04-27 00:00:00+09:00,170.79674533095027,170.79674533095027,169.11697387695312,169.11697387695312,1154400,0.0,0.0
2009-04-28 00:00:00+09:00,168.67335159301757,168.67335159301757,166.3445281982422,166.3445281982422,1583200,0.0,0.0
2009-04-30 00:00:00+09:00,169.89322070084938,169.89322070084938,166.5663299560547,166.5663299560547,1300000,0.0,0.0
2009-05-01 00:00:00+09:00,167.00993097854874,167.00993097854874,163.5721435546875,163.5721435546875,3055200,0.0,0.0
2009-05-07 00:00:00+09:00,164.08738542151514,169.3387451171875,164.08738542151514,169.3387451171875,2312800,0.0,0.0
2009-05-08 00:00:00+09:00,170.4477414974658,172.7765655517578,170.4477414974658,172.7765655517578,1677600,0.0,0.0
2009-05-11 00:00:00+09:00,172.8874313612491,183.64437866210938,172.8874313612491,183.64437866210938,6732000,0.0,0.0
2009-05-12 00:00:00+09:00,183.06591254313852,190.07638549804688,183.06591254313852,190.07638549804688,4690400,0.0,0.0
2009-05-13 00:00:00+09:00,189.52183661649832,190.29811096191406,189.52183661649832,190.29811096191406,2381600,0.0,0.0
2009-05-14 00:00:00+09:00,188.52382398187282,188.52382398187282,182.6463165283203,182.6463165283203,3248800,0.0,0.0
2009-05-15 00:00:00+09:00,183.31161777288096,184.86416625976562,183.31161777288096,184.86416625976562,1839200,0.0,0.0
2009-05-18 00:00:00+09:00,178.76489748987495,178.76489748987495,177.76683044433594,177.76683044433594,2489600,0.0,0.0
2009-05-19 00:00:00+09:00,181.31554271279853,181.31554271279853,181.09375,181.09375,1568000,0.0,0.0
2009-05-20 00:00:00+09:00,181.20463779456523,181.20463779456523,179.7629852294922,179.7629852294922,1459200,0.0,0.0
2009-05-21 00:00:00+09:00,180.31744622738006,180.31744622738006,177.76683044433594,177.76683044433594,2269600,0.0,0.0
2009-05-22 00:00:00+09:00,176.9905470229178,177.54502868652344,176.9905470229178,177.54502868652344,2852800,0.0,0.0
2009-05-25 00:00:00+09:00,177.10145278614567,177.10145278614567,176.65786743164062,176.65786743164062,3733600,0.0,0.0
2009-05-26 00:00:00+09:00,176.65790817342827,185.5296173095703,176.65790817342827,185.5296173095703,4816000,0.0,0.0
2009-05-27 00:00:00+09:00,186.30583409163776,186.30583409163776,183.75521850585938,183.75521850585938,2360800,0.0,0.0
2009-05-28 00:00:00+09:00,183.86609899750388,187.08209228515625,183.86609899750388,187.08209228515625,2672800,0.0,0.0
2009-05-29 00:00:00+09:00,187.19304162561,187.19304162561,184.64242553710938,184.64242553710938,1709600,0.0,0.0
2009-06-01 00:00:00+09:00,189.52184479100643,189.52184479100643,188.63467407226562,188.63467407226562,3888800,0.0,0.0
2009-06-02 00:00:00+09:00,188.74556354471784,191.0743865966797,188.74556354471784,191.0743865966797,2958400,0.0,0.0
2009-06-03 00:00:00+09:00,189.18916774005586,189.30006408691406,189.18916774005586,189.30006408691406,1688000,0.0,0.0
2009-06-04 00:00:00+09:00,187.96931171473634,187.96931171473634,187.52572631835938,187.52572631835938,1519200,0.0,0.0
2009-06-05 00:00:00+09:00,188.09953696163112,188.63467407226562,188.09953696163112,188.63467407226562,1067200,0.0,0.0
2009-06-08 00:00:00+09:00,192.84873962402344,192.84873962402344,192.84873962402344,192.84873962402344,2961600,0.0,0.0
2009-06-09 00:00:00+09:00,194.29042276142678,195.8429718017578,194.29042276142678,195.8429718017578,4172800,0.0,0.0
2009-06-10 00:00:00+09:00,194.9557891999401,198.17178344726562,194.9557891999401,198.17178344726562,4679200,0.0,0.0
2009-06-11 00:00:00+09:00,197.1737055938516,198.2826690673828,196.73012020443912,198.2826690673828,1087200,0.0,0.0
2009-06-12 00:00:00+09:00,196.06477399553572,199.05897586085217,196.06477399553572,197.95001220703125,1873600,0.0,0.0
2009-06-15 00:00:00+09:00,202.16406192561024,204.04930002365487,201.27689105594217,203.2730255126953,2897600,0.0,0.0
2009-06-16 00:00:00+09:00,201.05513351769756,201.1660298958099,199.72437698034932,200.38975524902344,4521600,0.0,0.0
2009-06-17 00:00:00+09:00,204.60382256523405,206.7108538003232,203.1621696149099,204.27113342285156,3514400,0.0,0.0
2009-06-18 00:00:00+09:00,205.93455226216778,207.70889412333884,204.27110676731988,205.490966796875,2915200,0.0,0.0
2009-06-19 00:00:00+09:00,200.38971126437644,204.381980000136,200.38971126437644,203.0512237548828,2062400,0.0,0.0
2009-06-22 00:00:00+09:00,200.83325680511507,202.16401278615393,199.83518981933594,199.83518981933594,1825600,0.0,0.0
2009-06-23 00:00:00+09:00,196.61924632192333,196.95193540199426,195.17759364161594,195.8429718017578,1626400,0.0,0.0
2009-06-24 00:00:00+09:00,197.61731860242082,198.7262822309417,196.28656224819576,197.839111328125,2942400,0.0,0.0
2009-06-25 00:00:00+09:00,201.3021119216393,203.2011884492019,199.1796146261281,200.8552703857422,2940800,1.625,0.0
2009-06-26 00:00:00+09:00,200.85526056341786,204.87683418982667,196.05171428742955,204.42999267578125,4070400,0.0,0.0
2009-06-29 00:00:00+09:00,207.55788206886692,210.01551038184596,205.5470952673386,206.77590942382812,4136800,0.0,0.0
2009-06-30 00:00:00+09:00,205.5471088637935,208.67499965085122,205.5471088637935,206.9993438720703,1190400,0.0,0.0
2009-07-01 00:00:00+09:00,206.44079510620185,209.2335547802576,205.77053278442844,206.55250549316406,1860000,0.0,0.0
2009-07-02 00:00:00+09:00,208.89839855829874,215.601020971934,208.67497781117757,214.48391723632812,5172800,0.0,0.0
2009-07-03 00:00:00+09:00,216.7181749945466,219.62264538107144,214.03712540698518,216.04791259765625,6381600,0.0,0.0
2009-07-06 00:00:00+09:00,216.15965847157838,220.62807518416915,215.0425542934307,215.377685546875,5224000,0.0,0.0
2009-07-07 00:00:00+09:00,216.04785800768826,222.08021805547273,216.04785800768826,219.51087951660156,3773600,0.0,0.0
2009-07-08 00:00:00+09:00,213.70197740693112,216.15960600230616,211.13263842085718,214.14881896972656,3636800,0.0,0.0
2009-07-09 00:00:00+09:00,210.79749823676215,213.701968270761,210.01552553530092,211.13262939453125,2008800,0.0,0.0
2009-07-10 00:00:00+09:00,206.99935291371446,210.7975061781863,206.6642217433199,210.01553344726562,2686400,0.0,0.0
2009-07-13 00:00:00+09:00,211.57947697505,213.14342242259525,205.323695184869,205.99395751953125,1565600,0.0,0.0
2009-07-14 00:00:00+09:00,209.3452698389689,209.3452698389689,202.30751530329385,203.75975036621094,2468800,0.0,0.0
2009-07-15 00:00:00+09:00,204.43000623914932,211.46776055230035,203.9831646954572,211.13262939453125,3235200,0.0,0.0
2009-07-16 00:00:00+09:00,217.38841302850042,217.38841302850042,205.54711201050398,206.55250549316406,2460800,0.0,0.0
2009-07-17 00:00:00+09:00,206.88762362452337,213.14340490042687,206.88762362452337,210.57406616210938,1881600,0.0,0.0
2009-07-21 00:00:00+09:00,213.0317421972224,215.48937110563293,210.90924450359512,214.59568786621094,1637600,0.0,0.0
2009-07-22 00:00:00+09:00,215.60105534442457,223.97933469718717,214.48395143072287,222.527099609375,3522400,0.0,0.0
2009-07-23 00:00:00+09:00,223.08565629455848,225.09644338184043,219.17579251373246,219.73434448242188,3951200,0.0,0.0
2009-07-24 00:00:00+09:00,223.0856490270329,223.30906980723023,218.9523645933823,220.73973083496094,2012000,0.0,0.0
2009-07-27 00:00:00+09:00,225.09645079801936,229.56486669475424,221.96855967030496,222.9739532470703,1945600,0.0,0.0
2009-07-28 00:00:00+09:00,223.97935167628916,225.65500767386737,220.06948768193996,222.30369567871094,1365600,0.0,0.0
2009-07-29 00:00:00+09:00,219.28747952142703,222.75050135798546,217.83524455770896,218.7289276123047,2660800,0.0,0.0
2009-07-30 00:00:00+09:00,221.18661054105976,221.18661054105976,214.93082761666614,217.61187744140625,762400,0.0,0.0
2009-07-31 00:00:00+09:00,218.39381658746652,220.40460364556083,217.72355423476841,220.18118286132812,1113600,0.0,0.0
2009-08-03 00:00:00+09:00,220.29289325344448,221.52170756672433,218.50552697958287,220.18118286132812,837600,0.0,0.0
2009-08-04 00:00:00+09:00,220.06944702517603,223.97931029719692,217.9469498203647,221.63339233398438,1696800,0.0,0.0
2009-08-05 00:00:00+09:00,221.6333828683891,221.968513991678,218.28207163550016,218.61720275878906,997600,0.0,0.0
2009-08-06 00:00:00+09:00,217.05329407212648,217.835266824831,214.1488238477954,215.60105895996094,1760800,0.0,0.0
2009-08-07 00:00:00+09:00,215.60111916540572,216.60651298534805,212.5849377055788,215.71282958984375,1385600,0.0,0.0
2009-08-10 00:00:00+09:00,215.82444493910845,219.95772882251788,215.82444493910845,218.39378356933594,1036000,0.0,0.0
2009-08-11 00:00:00+09:00,216.27129424473026,243.52862678383883,215.60103196917842,236.8260040283203,6970400,0.0,0.0
2009-08-12 00:00:00+09:00,233.47474695077943,244.6457874747402,231.79909087218533,241.85302734375,6126400,0.0,0.0
2009-08-13 00:00:00+09:00,241.29446174172793,242.41156573127296,235.15038979923023,237.3845977783203,2585600,0.0,0.0
2009-08-14 00:00:00+09:00,237.38457854364958,239.61878634170745,236.26747464462065,237.94313049316406,1334400,0.0,0.0
2009-08-17 00:00:00+09:00,239.06025052183614,239.06025052183614,233.4747306498306,235.7089385986328,1619200,0.0,0.0
2009-08-18 00:00:00+09:00,236.82605910796767,244.6457874747402,234.59185100317552,241.85302734375,3384000,0.0,0.0
2009-08-19 00:00:00+09:00,244.0872019378232,244.0872019378232,232.91616294753382,237.94313049316406,4818400,0.0,0.0
2009-08-20 00:00:00+09:00,232.91618182014017,239.06025376263787,229.00631785673252,237.3845977783203,4919200,0.0,0.0
2009-08-21 00:00:00+09:00,233.47470433468493,237.94311972865017,232.3576004861936,235.15036010742188,1945600,0.0,0.0
2009-08-24 00:00:00+09:00,239.6188242546866,241.29448036835572,235.7089599894586,239.06027221679688,2444800,0.0,0.0
2009-08-25 00:00:00+09:00,241.85299750196907,242.97010141652783,237.38458184373408,239.61878967285156,1904800,0.0,0.0
2009-08-26 00:00:00+09:00,242.4115712834501,245.7628833288434,239.6188112456223,242.97012329101562,3028800,0.0,0.0
2009-08-27 00:00:00+09:00,244.08720981674705,253.5825932649958,244.08720981674705,249.6727294921875,4798400,0.0,0.0
2009-08-28 00:00:00+09:00,246.8800189783755,249.67277937405845,246.8800189783755,249.11422729492188,1151200,0.0,0.0
2009-08-31 00:00:00+09:00,247.99712313664867,254.14119600715122,246.8800189783755,249.11422729492188,1259200,0.0,0.0
2009-09-02 00:00:00+09:00,250.789809178993,255.2582244873047,246.8799457842203,255.2582244873047,2794400,0.0,0.0
2009-09-03 00:00:00+09:00,255.81680622224954,260.28522205145913,254.69970226494712,257.4924621582031,2291200,0.0,0.0
2009-09-04 00:00:00+09:00,256.9339043390989,258.051008271008,250.23128074764412,251.9069366455078,1616000,0.0,0.0
2009-09-07 00:00:00+09:00,250.78990173339844,253.5826623317659,249.67279749405145,250.78990173339844,1398400,0.0,0.0
2009-09-08 00:00:00+09:00,252.46551294219628,253.02406496197992,243.52868062565835,248.55564880371094,2456800,0.0,0.0
2009-09-09 00:00:00+09:00,246.32146689923889,251.34843561146823,243.5287065035559,249.11422729492188,1665600,0.0,0.0
2009-09-10 00:00:00+09:00,249.67277937405845,250.78988353233166,245.76291482010228,249.11422729492188,1412000,0.0,0.0
2009-09-11 00:00:00+09:00,249.1141489121864,249.1141489121864,239.61876655454702,240.73587036132812,2741600,0.0,0.0
2009-09-14 00:00:00+09:00,240.735928330466,241.85303240624543,236.26751202734832,239.06027221679688,1708800,0.0,0.0
2009-09-15 00:00:00+09:00,239.06026232297017,245.76288650024972,238.5017103081969,244.64578247070312,1364000,0.0,0.0
2009-09-16 00:00:00+09:00,241.29443816781324,245.20430174923615,237.38457458639036,238.50167846679688,2136800,0.0,0.0
2009-09-17 00:00:00+09:00,239.06029450172602,242.97015913142712,238.5017424117687,240.17739868164062,1100800,0.0,0.0
2009-09-18 00:00:00+09:00,239.61875201286153,240.1773038823554,231.2404739704538,236.26744079589844,1008000,0.0,0.0
2009-09-21 00:00:00+09:00,236.26744079589844,236.26744079589844,236.26744079589844,236.26744079589844,0,0.0,0.0
2009-09-24 00:00:00+09:00,240.73589358741032,242.41154945924845,235.70892597189595,239.61878967285156,2009600,0.0,0.0
2009-09-25 00:00:00+09:00,242.97010694231307,242.97010694231307,232.35761951264882,234.59182739257812,932000,0.0,0.0
2009-09-28 00:00:00+09:00,232.3576004861936,237.38456780440453,231.24049663770228,235.15036010742188,780800,0.0,0.0
2009-09-29 00:00:00+09:00,231.2405548095703,233.4747630686,230.1234506800555,231.2405548095703,1095200,0.0,0.0
2009-09-30 00:00:00+09:00,229.00629930093254,237.94313049316406,229.00629930093254,237.94313049316406,1685600,0.0,0.0
2009-10-01 00:00:00+09:00,235.15038661143225,236.82604257303393,232.35762667542951,235.7089385986328,1036800,0.0,0.0
2009-10-02 00:00:00+09:00,229.56489861529806,232.35765893908516,226.772138291511,231.2405548095703,1330400,0.0,0.0
2009-10-05 00:00:00+09:00,226.77209731279794,231.24051302339493,226.77209731279794,230.6819610595703,1232800,0.0,0.0
2009-10-06 00:00:00+09:00,228.44776114582146,230.1234170955463,225.09644924637175,229.5648651123047,2072000,0.0,0.0
2009-10-07 00:00:00+09:00,229.56484648760627,229.56484648760627,225.09643098419787,227.88919067382812,2103200,0.0,0.0
2009-10-08 00:00:00+09:00,225.09649294198277,234.033326408662,215.7128178019696,231.7991180419922,5116800,0.0,0.0
2009-10-09 00:00:00+09:00,236.26749378877525,239.61880575741037,232.91618182014017,237.3845977783203,2453600,0.0,0.0
2009-10-13 00:00:00+09:00,240.17734709240142,240.17734709240142,234.0332754225958,234.59182739257812,1184800,0.0,0.0
2009-10-14 00:00:00+09:00,233.47473381491267,239.61880575741037,232.91618182014017,237.3845977783203,1564800,0.0,0.0
2009-10-15 00:00:00+09:00,241.29446726831898,250.7898513969334,241.29446726831898,242.97012329101562,3516800,0.0,0.0
2009-10-16 00:00:00+09:00,244.08720912214395,252.46548861146238,241.29444929237113,251.9069366455078,2953600,0.0,0.0
2009-10-19 00:00:00+09:00,244.08717615263805,250.2312469482422,244.08717615263805,250.2312469482422,2006400,0.0,0.0
2009-10-20 00:00:00+09:00,250.23127815315317,250.78983011331644,246.87996639217343,247.9970703125,1925600,0.0,0.0
2009-10-21 00:00:00+09:00,249.11420415956567,259.7266926775741,249.11420415956567,258.6095886230469,4251200,0.0,0.0
2009-10-22 00:00:00+09:00,260.28519466005525,265.87071385876885,254.6996754613416,259.1680908203125,3212800,0.0,0.0
2009-10-23 00:00:00+09:00,263.6365743434175,264.19512640770444,260.28526195769615,262.51947021484375,3780000,0.0,0.0
2009-10-26 00:00:00+09:00,261.9609375,267.5464585554371,258.60962486673776,261.9609375,2308000,0.0,0.0
2009-10-27 00:00:00+09:00,254.69974131482712,263.6365743434175,254.1411892505402,262.51947021484375,2524800,0.0,0.0
2009-10-28 00:00:00+09:00,264.19511007960836,268.6635263177413,260.28524587124207,264.753662109375,3084000,0.0,0.0
2009-10-29 00:00:00+09:00,254.14112354147022,261.40229849979795,252.46546778185615,259.1680908203125,4690400,0.0,0.0
2009-10-30 00:00:00+09:00,263.6365513106391,274.8075916204119,261.9608952641732,272.01483154296875,6072000,0.0,0.0
2009-11-02 00:00:00+09:00,276.4832186411662,281.51018625282376,275.36611472746455,278.15887451171875,4968000,0.0,0.0
2009-11-04 00:00:00+09:00,278.15887451171875,283.74439408022715,277.041770598017,278.15887451171875,6117600,0.0,0.0
2009-11-05 00:00:00+09:00,265.8706695864899,279.83446525804925,264.7535659327652,276.483154296875,4475200,0.0,0.0
2009-11-06 00:00:00+09:00,277.6002153938199,279.2758706175251,269.7804910165292,271.4561462402344,3340800,0.0,0.0
2009-11-09 00:00:00+09:00,263.6364759597103,265.3121315272508,250.7897832752329,252.46543884277344,13323200,0.0,0.0
2009-11-10 00:00:00+09:00,256.93388650963595,261.9608538543897,253.5825749464668,260.84375,6743200,0.0,0.0
2009-11-11 00:00:00+09:00,260.8437917334402,269.2220719818376,258.05103165064105,261.40234375,5878400,0.0,0.0
2009-11-12 00:00:00+09:00,260.2852877678478,260.2852877678478,249.11424537437796,250.78990173339844,5205600,0.0,0.0
2009-11-13 00:00:00+09:00,248.55569325470447,253.5826623317659,246.3214847760105,250.78990173339844,3501600,0.0,0.0
2009-11-16 00:00:00+09:00,251.34840162290138,253.02405763372073,245.20432958323045,247.43853759765625,1606400,0.0,0.0
2009-11-17 00:00:00+09:00,247.4384422302246,249.67264938354492,242.97002792358398,243.52857971191406,2700800,0.0,0.0
2009-11-18 00:00:00+09:00,244.08723045592984,245.76288650024972,243.52867844115653,244.64578247070312,1600000,0.0,0.0
2009-11-19 00:00:00+09:00,247.99707288382587,253.02404057741694,245.7628650200076,251.9069366455078,3584000,0.0,0.0
2009-11-20 00:00:00+09:00,251.348426522052,251.348426522052,241.8530415201078,244.08724975585938,3116000,0.0,0.0
2009-11-24 00:00:00+09:00,247.4384422302246,247.4384422302246,241.29437255859375,243.52857971191406,2184800,0.0,0.0
2009-11-25 00:00:00+09:00,246.3213837146759,251.34835072926114,244.08717615263805,250.2312469482422,3503200,0.0,0.0
2009-11-26 00:00:00+09:00,246.87993560518538,252.46545451028007,245.20427993365698,250.2312469482422,2315200,0.0,0.0
2009-11-27 00:00:00+09:00,245.76290593267305,247.43856210948675,243.52869769692148,244.08724975585938,2318400,0.0,0.0
2009-11-30 00:00:00+09:00,242.4115935790457,245.76290593267305,240.73593740223203,244.08724975585938,2488000,0.0,0.0
2009-12-01 00:00:00+09:00,241.29448441035066,247.99710897730486,241.29448441035066,246.8800048828125,2830400,0.0,0.0
2009-12-02 00:00:00+09:00,250.231201171875,250.231201171875,242.4114761352539,245.76278686523438,1945600,0.0,0.0
2009-12-03 00:00:00+09:00,245.76278686523438,246.32133865356445,242.97002792358398,245.76278686523438,2567200,0.0,0.0
2009-12-04 00:00:00+09:00,246.32138538360596,246.32138538360596,240.17731454637317,241.29441833496094,1820000,0.0,0.0
2009-12-07 00:00:00+09:00,240.1773274256328,241.29443127412412,234.59180818317623,235.15036010742188,2988800,0.0,0.0
2009-12-08 00:00:00+09:00,236.2674707059838,240.1773342874067,232.3576071245609,238.50167846679688,2778400,0.0,0.0
2009-12-09 00:00:00+09:00,234.59182739257812,237.38458724248977,234.0332754225958,234.59182739257812,1360800,0.0,0.0
2009-12-10 00:00:00+09:00,231.24053236581747,232.91618839745385,227.88922030254477,230.12342834472656,1908800,0.0,0.0
2009-12-11 00:00:00+09:00,228.44774659552797,229.5648504908606,225.09643490953,227.3306427001953,2026400,0.0,0.0
2009-12-14 00:00:00+09:00,230.68196907878794,234.03328097823763,225.6550012296134,229.5648651123047,1376800,0.0,0.0
2009-12-15 00:00:00+09:00,228.4477967135425,230.12345292415526,225.65503636252117,226.7721405029297,1744000,0.0,0.0
2009-12-16 00:00:00+09:00,226.77208679797602,229.0062945496802,222.52709206973805,227.88919067382812,1981600,0.0,0.0
2009-12-17 00:00:00+09:00,232.35760102855215,234.5918087307498,231.24049717745336,232.91615295410156,1809600,0.0,0.0
2009-12-18 00:00:00+09:00,234.03328263703116,235.7089385986328,232.35762667542951,235.7089385986328,1580800,0.0,0.0
2009-12-21 00:00:00+09:00,233.4747306498306,238.50169853463558,233.4747306498306,235.7089385986328,1395200,0.0,0.0
2009-12-22 00:00:00+09:00,239.61878634170745,241.85299413976534,235.70892269510617,237.94313049316406,1360000,0.0,0.0
2009-12-24 00:00:00+09:00,236.8260040283203,239.06021161349315,234.0332445468543,236.8260040283203,1057600,0.0,0.0
2009-12-25 00:00:00+09:00,236.8260084347964,236.8260084347964,232.91614508799552,234.0332489013672,836000,0.0,0.0
2009-12-28 00:00:00+09:00,239.64561974585473,242.45177454381556,239.08438878626256,240.76808166503906,1676800,1.25,0.0
2009-12-29 00:00:00+09:00,244.13545513584603,249.74776444931376,243.57422420449925,248.06407165527344,1993600,0.0,0.0
2009-12-30 00:00:00+09:00,244.13543090820312,252.55389404296875,243.57420003255208,252.55389404296875,1269600,0.0,0.0
2010-01-04 00:00:00+09:00,252.5538493215472,252.66609547680125,246.043572316814,248.40074157714844,1276000,0.0,0.0
2010-01-05 00:00:00+09:00,248.40074589803675,248.40074589803675,245.70683812508017,246.15582275390625,1591200,0.0,0.0
2010-01-06 00:00:00+09:00,247.27827070388864,248.06399376105034,243.46190156910325,244.02313232421875,2306400,0.0,0.0
2010-01-07 00:00:00+09:00,240.2067888408688,240.31903500387855,234.81897301640072,237.400634765625,3526400,0.0,0.0
2010-01-08 00:00:00+09:00,240.20680075425366,240.31904692283044,231.78833811099713,233.47203063964844,3504800,0.0,0.0
2010-01-12 00:00:00+09:00,235.71692269360304,235.71692269360304,231.45156885438547,232.1250457763672,2591200,0.0,0.0
2010-01-13 00:00:00+09:00,231.22710122623985,233.24753220782836,229.31891641029515,229.65565490722656,3124800,0.0,0.0
2010-01-14 00:00:00+09:00,229.99239322437958,230.44137788660385,227.41073141659007,228.982177734375,2528000,0.0,0.0
2010-01-15 00:00:00+09:00,230.32913442299244,231.5638422585933,227.85971875179078,229.5434112548828,4104800,0.0,0.0
2010-01-18 00:00:00+09:00,228.9822060138986,231.5638681405259,228.9822060138986,231.11488342285156,3112000,0.0,0.0
2010-01-19 00:00:00+09:00,234.03325392658527,238.41085435974443,232.4618076172461,233.8087615966797,4252000,0.0,0.0
2010-01-20 00:00:00+09:00,233.6965363401759,237.51290629001548,233.47204399018534,236.95167541503906,3123200,0.0,0.0
2010-01-21 00:00:00+09:00,236.9516545844249,237.51288541006303,234.48223895161703,235.1557159423828,2085600,0.0,0.0
2010-01-22 00:00:00+09:00,232.0128757904797,232.0128757904797,229.31896721816645,230.1046905517578,1640800,0.0,0.0
2010-01-25 00:00:00+09:00,226.73731486002606,229.6557159423828,225.1658681233724,228.3087615966797,1444000,0.0,0.0
2010-01-26 00:00:00+09:00,227.29850757706572,227.97198463655332,226.17604581125306,226.62503051757812,1805600,0.0,0.0
2010-01-27 00:00:00+09:00,226.73723266601561,227.5229557495117,224.4923095703125,224.4923095703125,1692800,0.0,0.0
2010-01-28 00:00:00+09:00,224.49236584557008,228.0842436990992,222.80867310172832,227.4107666015625,3139200,0.0,0.0
2010-01-29 00:00:00+09:00,231.33935979295094,232.68631385288077,227.41074378482222,227.7474822998047,3177600,0.0,0.0
2010-02-01 00:00:00+09:00,227.74753312052192,232.3496271855497,221.4617461048742,231.56390380859375,4498400,0.0,0.0
2010-02-02 00:00:00+09:00,231.56380775408718,239.9822690151422,229.09439245084437,239.3087921142578,4340000,0.0,0.0
2010-02-03 00:00:00+09:00,238.972115008862,243.12522363043453,237.96189939820923,242.0027618408203,4753600,0.0,0.0
2010-02-04 00:00:00+09:00,243.46191382970295,243.91089845640596,235.8291751757519,242.78843688964844,2979200,0.0,0.0
2010-02-05 00:00:00+09:00,240.20686608068272,241.32932807171395,235.7170181165578,236.0537567138672,1892000,0.0,0.0
2010-02-08 00:00:00+09:00,241.89052850873637,249.18653052872145,241.32929758412214,243.46197509765625,9465600,0.0,0.0
2010-02-09 00:00:00+09:00,245.59464443935437,245.70689062054237,239.75784301757812,239.75784301757812,2613600,0.0,0.0
2010-02-10 00:00:00+09:00,240.20685319730055,241.10482274196335,237.96192933564353,238.63540649414062,1388800,0.0,0.0
2010-02-12 00:00:00+09:00,238.74761541885806,246.94158623483202,235.7169686787033,243.6864471435547,2415200,0.0,0.0
2010-02-15 00:00:00+09:00,245.81916293868525,246.04365532493063,242.00279237251388,242.67626953125,1360000,0.0,0.0
2010-02-16 00:00:00+09:00,245.25791699853957,248.06407165527344,244.6966860671928,248.06407165527344,2734400,0.0,0.0
2010-02-17 00:00:00+09:00,249.18653351796698,251.43145724335406,246.15588648869442,248.06407165527344,2271200,0.0,0.0
2010-02-18 00:00:00+09:00,246.7170692080543,249.63546948076103,246.60482304371942,247.50279235839844,1419200,0.0,0.0
2010-02-19 00:00:00+09:00,247.05379178047616,249.29871492250683,245.4823455810547,245.4823455810547,1608800,0.0,0.0
2010-02-22 00:00:00+09:00,251.09471890578448,255.02333542867336,249.18653373752414,250.7579803466797,3103200,0.0,0.0
2010-02-23 00:00:00+09:00,250.75791083748288,252.5538493215472,247.27828002460822,248.40074157714844,1360000,0.0,0.0
2010-02-24 00:00:00+09:00,247.05385845528912,248.6253050788121,242.90074952169272,247.27835083007812,2089600,0.0,0.0
2010-02-25 00:00:00+09:00,251.43138776900702,251.65588007951504,245.4823415405439,248.40074157714844,1551200,0.0,0.0
2010-02-26 00:00:00+09:00,249.2987549641927,253.22737109375,248.84977026367187,252.55389404296875,1732800,0.0,0.0
2010-03-01 00:00:00+09:00,249.41102359097545,252.32942440707146,248.6253002943342,250.87022399902344,1478400,0.0,0.0
2010-03-02 00:00:00+09:00,252.44165834939426,255.247812844163,250.6457194727423,254.798828125,2455200,0.0,0.0
2010-03-03 00:00:00+09:00,255.92115827745653,257.49260398617776,253.78848195847772,256.5946350097656,2096000,0.0,0.0
2010-03-04 00:00:00+09:00,257.49267727438473,263.666215744346,256.5947080423904,261.5335388183594,4593600,0.0,0.0
2010-03-05 00:00:00+09:00,262.9927900456524,265.01322121117596,258.8396815387428,261.9825744628906,1868000,0.0,0.0
2010-03-08 00:00:00+09:00,262.65600790524616,262.65600790524616,259.962100131859,261.1968078613281,1925600,0.0,0.0
2010-03-09 00:00:00+09:00,260.1865626576111,263.3294547000671,259.7375780801174,262.5437316894531,1356000,0.0,0.0
2010-03-10 00:00:00+09:00,262.54383840236306,266.24796267225537,258.50297556248063,260.5234069824219,2656800,0.0,0.0
2010-03-11 00:00:00+09:00,263.2172828654903,265.5744525627932,261.53359022455965,264.6764831542969,2842400,0.0,0.0
2010-03-12 00:00:00+09:00,262.99273681640625,263.8907060415583,260.9723060598142,262.99273681640625,1644000,0.0,0.0
2010-03-15 00:00:00+09:00,262.0947376790506,264.6763989067243,257.268153644704,258.839599609375,3096000,0.0,0.0
2010-03-16 00:00:00+09:00,256.93157491300127,260.0744687957291,252.32948029900695,253.78868103027344,4782400,0.0,0.0
2010-03-17 00:00:00+09:00,254.01317073047005,258.2785266684983,253.45193968599264,255.2478790283203,3412800,0.0,0.0
2010-03-18 00:00:00+09:00,257.82947092726954,264.56424160886996,257.6049785712162,261.7580871582031,2857600,0.0,0.0
2010-03-19 00:00:00+09:00,259.8498175947356,260.63554058530286,253.3395413871785,253.90077209472656,2913600,0.0,0.0
2010-03-23 00:00:00+09:00,254.46209774800047,262.3193305853891,254.46209774800047,259.84991455078125,4726400,0.0,0.0
2010-03-24 00:00:00+09:00,258.05398028829825,259.73767306964857,254.12536379848072,255.58456420898438,3372800,0.0,0.0
2010-03-25 00:00:00+09:00,254.23758604719833,254.68657074661942,247.27832320617128,249.18650817871094,7727200,0.0,0.0
2010-03-26 00:00:00+09:00,254.79886372884116,254.79886372884116,251.43147786458334,254.57437133789062,5399200,0.0,0.0
2010-03-29 00:00:00+09:00,254.6866479838429,256.37034111727513,253.90092452157455,255.2478790283203,3686400,0.0,0.0
2010-03-30 00:00:00+09:00,255.80901025505196,263.1050109863281,254.91104093427953,263.1050109863281,3994400,0.0,0.0
2010-03-31 00:00:00+09:00,263.5540209249645,263.66626710082693,260.9723588801288,261.9825744628906,1731200,0.0,0.0
2010-04-01 00:00:00+09:00,261.75812280957945,265.57449338227485,261.5336304229503,264.2275390625,2014400,0.0,0.0
2010-04-02 00:00:00+09:00,267.70713459361684,267.93162694967015,259.96214830977635,261.7580871582031,2284800,0.0,0.0
2010-04-05 00:00:00+09:00,260.8601376193387,260.8601376193387,254.23761261093034,256.81927490234375,3273600,0.0,0.0
2010-04-06 00:00:00+09:00,255.6968054769342,259.2886833414039,255.58455929366954,257.156005859375,2639200,0.0,0.0
2010-04-07 00:00:00+09:00,258.16613696403977,262.76822897079006,257.7171523780153,262.3192443847656,4394400,0.0,0.0
2010-04-08 00:00:00+09:00,261.08455221295816,264.67642911356637,260.5233214472381,262.99273681640625,2492000,0.0,0.0
2010-04-09 00:00:00+09:00,264.3397286012001,272.30920661847614,264.3397286012001,272.19696044921875,6088000,0.0,0.0
2010-04-12 00:00:00+09:00,273.6561498680268,280.3909197581341,273.3194113735214,279.4929504394531,5528800,0.0,0.0
2010-04-13 00:00:00+09:00,276.0132314485982,278.93163080511044,273.09483209208605,275.2275085449219,4885600,0.0,0.0
2010-04-14 00:00:00+09:00,278.59498112077216,280.6154120878043,275.78882699989407,279.4929504394531,3309600,0.0,0.0
2010-04-15 00:00:00+09:00,282.63587980541143,285.8910190088892,279.0440020636429,284.65631103515625,3510400,0.0,0.0
2010-04-16 00:00:00+09:00,283.5338009119616,283.5338009119616,275.3398312102303,275.90106201171875,2612000,0.0,0.0
2010-04-19 00:00:00+09:00,275.2275997474545,277.92150773845736,273.54390725307775,273.8806457519531,1209600,0.0,0.0
2010-04-20 00:00:00+09:00,272.8704202530232,276.6867897670515,272.6459279286686,274.3296203613281,1448000,0.0,0.0
2010-04-21 00:00:00+09:00,275.1153524850161,279.9419376163322,274.5541216557933,279.3807067871094,1434400,0.0,0.0
2010-04-22 00:00:00+09:00,279.4929551230879,279.605201289804,274.1051391207151,277.9215087890625,1340800,0.0,0.0
2010-04-23 00:00:00+09:00,278.03377860279727,285.10528770734965,277.02356301643266,282.29913330078125,2265600,0.0,0.0
2010-04-26 00:00:00+09:00,285.4419437173044,293.9726506471177,285.4419437173044,292.8501892089844,4496000,0.0,0.0
2010-04-27 00:00:00+09:00,289.70734060627143,289.81958676690925,286.56444810841185,286.7889404296875,1968800,0.0,0.0
2010-04-28 00:00:00+09:00,281.17662024526607,282.2990818031314,275.1153278327933,280.5031433105469,2097600,0.0,0.0
2010-04-30 00:00:00+09:00,280.503247516617,286.1155573908991,280.503247516617,283.9828796386719,1251200,0.0,0.0
2010-05-06 00:00:00+09:00,283.98280450752696,290.38083607153055,281.62563498394667,288.6971435546875,4653600,0.0,0.0
2010-05-07 00:00:00+09:00,283.084868869183,283.19711505033655,273.7684358334407,279.04400634765625,4473600,0.0,0.0
2010-05-10 00:00:00+09:00,284.09505034685134,294.982928609848,283.30932717323304,287.3501892089844,3968800,0.0,0.0
2010-05-11 00:00:00+09:00,288.584833836411,290.7175105547664,276.46225038470646,277.8092041015625,4321600,0.0,0.0
2010-05-12 00:00:00+09:00,271.4112406660871,279.3807187832468,271.4112406660871,276.1255798339844,4158400,0.0,0.0
2010-05-13 00:00:00+09:00,278.2582451286638,280.503168445555,274.77861398748246,279.3807067871094,2356800,0.0,0.0
2010-05-14 00:00:00+09:00,279.717519124349,284.54410552978516,277.9215799967448,282.86041259765625,2960800,0.0,0.0
2010-05-17 00:00:00+09:00,282.86036418209494,283.9828259447223,280.27870212805203,282.29913330078125,3887200,0.0,0.0
2010-05-18 00:00:00+09:00,281.96236100051414,285.4419920478931,279.04396076722855,279.7174377441406,3940000,0.0,0.0
2010-05-19 00:00:00+09:00,276.2377479835793,286.2276543511285,264.6763956705729,272.75811767578125,5276000,0.0,0.0
2010-05-20 00:00:00+09:00,272.75811949395717,277.1357189426256,269.61522758209264,271.2989196777344,2005600,0.0,0.0
2010-05-21 00:00:00+09:00,264.0030023243802,273.99291185111053,263.105032928719,271.6357421875,4601600,0.0,0.0
2010-05-24 00:00:00+09:00,269.3908742825927,271.4113058397121,263.2173334136166,266.47247314453125,4442400,0.0,0.0
2010-05-25 00:00:00+09:00,263.21731297955444,267.25817578009344,258.83971161230386,260.6356506347656,3348000,0.0,0.0
2010-05-26 00:00:00+09:00,266.2479039760518,267.25811946331345,260.41110338298495,264.45196533203125,2806400,0.0,0.0
2010-05-27 00:00:00+09:00,262.6560188101666,263.8907265908981,256.5947260683935,263.4417419433594,3264000,0.0,0.0
2010-05-28 00:00:00+09:00,266.0234448864202,268.9418455476214,261.08461299823347,264.3397521972656,2277600,0.0,0.0
2010-05-31 00:00:00+09:00,263.7785070082721,270.8500159195577,261.9825682371519,269.0540771484375,2396800,0.0,0.0
2010-06-01 00:00:00+09:00,270.62544103551795,274.5540558991609,269.50297964590567,272.75811767578125,1845600,0.0,0.0
2010-06-02 00:00:00+09:00,268.9418559936058,270.06431782997316,262.65606970994895,265.23773193359375,2628000,0.0,0.0
2010-06-03 00:00:00+09:00,269.16632080078125,271.18675189936926,266.247920325043,269.16632080078125,1681600,0.0,0.0
2010-06-04 00:00:00+09:00,267.8193413634133,270.73774156267933,265.9111566177394,268.9418029785156,1866400,0.0,0.0
2010-06-07 00:00:00+09:00,263.2172386913685,263.2172386913685,258.502900087941,261.1968078613281,1822400,0.0,0.0
2010-06-08 00:00:00+09:00,260.07440748630415,266.36019376996103,258.9519456499369,265.23773193359375,1647200,0.0,0.0
2010-06-09 00:00:00+09:00,261.08464302303156,263.1050744823671,258.3907344105841,260.2989196777344,2310400,0.0,0.0
2010-06-10 00:00:00+09:00,263.7785644017053,268.7173970968862,262.0948714374391,266.47247314453125,2116800,0.0,0.0
2010-06-11 00:00:00+09:00,280.61544228064173,284.3195661187462,276.57457991180047,276.799072265625,6472000,0.0,0.0
2010-06-14 00:00:00+09:00,273.88060275274796,277.47247951016107,265.2376493052227,274.44183349609375,11070400,0.0,0.0
2010-06-15 00:00:00+09:00,276.2378870646159,281.6257044474284,274.2174555460612,280.16650390625,3516800,0.0,0.0
2010-06-16 00:00:00+09:00,282.9726923598045,283.30943098617473,275.90118120602915,278.70733642578125,2896000,0.0,0.0
2010-06-17 00:00:00+09:00,278.81938467601384,278.81938467601384,274.890770157632,275.2275085449219,3456000,0.0,0.0
2010-06-18 00:00:00+09:00,275.33989962602413,276.46236150790764,272.1970063567503,274.2174377441406,1845600,0.0,0.0
2010-06-21 00:00:00+09:00,277.69703637039237,277.69703637039237,274.1051587778893,275.6766052246094,1442400,0.0,0.0
2010-06-22 00:00:00+09:00,270.625514079615,274.5541300036244,270.5132679103576,272.19696044921875,1743200,0.0,0.0
2010-06-23 00:00:00+09:00,270.51326408418316,270.6255102518529,266.2479097127313,266.92138671875,2262400,0.0,0.0
2010-06-24 00:00:00+09:00,268.8296656555752,277.36037738410283,267.1459725512605,273.54400634765625,3327200,0.0,0.0
2010-06-25 00:00:00+09:00,269.39080436862247,275.00311279296875,269.39080436862247,275.00311279296875,1965600,0.0,0.0
2010-06-28 00:00:00+09:00,275.9066131946652,276.35836368700194,269.92091917120337,271.95379638671875,1280000,1.875,0.0
2010-06-29 00:00:00+09:00,270.0338543701172,271.05029296875,268.2268524169922,271.05029296875,2060800,0.0,0.0
2010-06-30 00:00:00+09:00,271.5020237784374,271.840836620091,265.62926785644123,269.4691467285156,2366400,0.0,0.0
2010-07-01 00:00:00+09:00,268.56559148238875,269.0173418465307,266.53271484375,266.53271484375,2310400,0.0,0.0
2010-07-02 00:00:00+09:00,264.1611520205464,266.1940296333595,258.62720740788853,265.7422790527344,2644000,0.0,0.0
2010-07-05 00:00:00+09:00,263.37048447462416,270.0338029068724,263.144609273531,269.0173645019531,2475200,0.0,0.0
2010-07-06 00:00:00+09:00,266.53278096097614,274.3254766755132,265.177529532361,273.9866638183594,2044000,0.0,0.0
2010-07-07 00:00:00+09:00,272.40560356930496,272.40560356930496,265.4034694808734,267.0975341796875,1997600,0.0,0.0
2010-07-08 00:00:00+09:00,273.5348454879502,273.8736582610567,265.7421517065016,266.53271484375,1877600,0.0,0.0
2010-07-09 00:00:00+09:00,266.6457363176573,266.6457363176573,260.32122923007205,260.7729797363281,1961600,0.0,0.0
2010-07-12 00:00:00+09:00,261.1118242025167,262.1282629645507,257.6107573555106,258.1754455566406,1172800,0.0,0.0
2010-07-13 00:00:00+09:00,257.1589697041643,259.19184693502723,252.18971425094372,258.51422119140625,2375200,0.0,0.0
2010-07-14 00:00:00+09:00,261.22471861889136,263.03172056350974,258.7400909450411,259.3047790527344,902400,0.0,0.0
2010-07-15 00:00:00+09:00,259.64360297802347,260.9988544942202,257.3848504510289,257.7236633300781,929600,0.0,0.0
2010-07-16 00:00:00+09:00,254.33551880694807,258.7400859621306,253.43201785203885,254.67433166503906,1023200,0.0,0.0
2010-07-21 00:00:00+09:00,255.46487267547298,260.3211898837158,252.52849482862848,257.6106872558594,2596800,0.0,0.0
2010-07-22 00:00:00+09:00,256.59421966394063,260.65997314453125,255.12603090706068,260.65997314453125,1740000,0.0,0.0
2010-07-23 00:00:00+09:00,260.6601288894127,264.0482588143184,259.7566275761045,262.015380859375,1377600,0.0,0.0
2010-07-26 00:00:00+09:00,262.91882439379424,264.16113842658274,261.7894480003501,263.3705749511719,516000,0.0,0.0
2010-07-27 00:00:00+09:00,264.0482436269839,267.7751863300166,263.93530596931623,265.2905578613281,1264000,0.0,0.0
2010-07-28 00:00:00+09:00,268.00104105320895,268.4527916491689,264.4999739345198,266.3069763183594,1188800,0.0,0.0
2010-07-29 00:00:00+09:00,263.4834587050849,264.27402201881637,259.9823926014168,260.43414306640625,1120000,0.0,0.0
2010-07-30 00:00:00+09:00,258.06248192681204,258.85304532877603,251.1732865668403,254.1096649169922,1567200,0.0,0.0
2010-08-02 00:00:00+09:00,253.65789549472183,258.1754003120811,251.28620546560822,252.75439453125,877600,0.0,0.0
2010-08-03 00:00:00+09:00,255.12608152508895,256.2554577159924,253.7708300960048,254.44845581054688,941600,0.0,0.0
2010-08-04 00:00:00+09:00,254.4484797827816,254.67435504224255,251.85091429898046,251.96385192871094,999200,0.0,0.0
2010-08-05 00:00:00+09:00,252.86739667514075,254.33558611541625,250.49570604084957,251.06039428710938,1836000,0.0,0.0
2010-08-06 00:00:00+09:00,249.14042047287532,250.3827344462215,246.42991725830188,249.70510864257812,2364000,0.0,0.0
2010-08-09 00:00:00+09:00,249.81811468917488,253.20624463523058,249.70517702430635,252.867431640625,1579200,0.0,0.0
2010-08-10 00:00:00+09:00,252.52853273234487,254.33553475547436,251.06034358855217,252.0767822265625,1106400,0.0,0.0
2010-08-11 00:00:00+09:00,252.07679895532988,252.18973658927044,247.89810649952918,249.70510864257812,1233600,0.0,0.0
2010-08-12 00:00:00+09:00,245.63941490569448,251.06042268292362,245.63941490569448,250.15692138671875,2268800,0.0,0.0
2010-08-13 00:00:00+09:00,251.06032791137696,260.7729631792035,249.25332600108365,257.4977722167969,2560000,0.0,0.0
2010-08-16 00:00:00+09:00,257.49780448292023,258.4013055512813,251.85092280566317,252.30267333984375,2056800,0.0,0.0
2010-08-17 00:00:00+09:00,250.49569149109394,260.32126640530726,249.7051279922492,257.3848876953125,1927200,0.0,0.0
2010-08-18 00:00:00+09:00,261.3376690723965,265.17754839325283,259.07891653071636,261.2247314453125,3405600,0.0,0.0
2010-08-19 00:00:00+09:00,263.2576769745216,263.2576769745216,250.15690883679335,251.28628540039062,6279200,0.0,0.0
2010-08-20 00:00:00+09:00,247.33337190317962,252.41556447653264,243.38055545723842,243.83230590820312,6973600,0.0,0.0
2010-08-23 00:00:00+09:00,243.15470281090634,243.71939092704872,237.50782164948262,238.072509765625,5460800,0.0,0.0
2010-08-24 00:00:00+09:00,238.63721554761574,240.5571552846292,236.26552528424614,238.9760284423828,2741600,0.0,0.0
2010-08-25 00:00:00+09:00,238.863084081098,241.91240004809077,237.84664542543376,239.31483459472656,3026400,0.0,0.0
2010-08-26 00:00:00+09:00,239.42776982222955,239.42776982222955,234.79732710396945,238.4113311767578,2852000,0.0,0.0
2010-08-27 00:00:00+09:00,237.1690172767368,239.87952033132808,236.37845388581437,238.4113311767578,2260000,0.0,0.0
2010-08-30 00:00:00+09:00,241.46066197358698,241.46066197358698,237.9595953126042,238.1854705810547,1956000,0.0,0.0
2010-08-31 00:00:00+09:00,237.16901447178967,237.16901447178967,231.63507080078125,231.63507080078125,1913600,0.0,0.0
2010-09-01 00:00:00+09:00,230.731573966629,233.44207703818998,224.5200044276351,233.21620178222656,3760800,0.0,0.0
2010-09-02 00:00:00+09:00,236.83024261296663,236.83024261296663,229.8281085919824,232.42567443847656,1467200,0.0,0.0
2010-09-03 00:00:00+09:00,233.6679522941534,234.23264043406195,229.60219768681193,233.21620178222656,1488800,0.0,0.0
2010-09-06 00:00:00+09:00,236.71724751742985,244.2840679294851,235.36199610034532,242.47706604003906,3199200,0.0,0.0
2010-09-07 00:00:00+09:00,243.9453119343359,244.05824957874995,240.78305789074267,243.7194366455078,1996800,0.0,0.0
2010-09-08 00:00:00+09:00,241.00882487438295,242.36407599832512,239.42769856311708,240.21826171875,2369600,0.0,0.0
2010-09-09 00:00:00+09:00,239.65367026162315,244.50998874477574,239.42779498333698,242.25123596191406,1744800,0.0,0.0
2010-09-10 00:00:00+09:00,245.7522411434332,246.54280441917032,243.83230175950013,245.07461547851562,1716800,0.0,0.0
2010-09-13 00:00:00+09:00,246.7686851102888,247.5592484035483,243.6064319372508,244.2840576171875,767200,0.0,0.0
2010-09-14 00:00:00+09:00,244.2840679294851,245.1875688742081,240.8959393867738,242.47706604003906,934400,0.0,0.0
2010-09-16 00:00:00+09:00,246.7686955274734,246.88163314556377,241.12181462295453,242.47706604003906,1368000,0.0,0.0
2010-09-17 00:00:00+09:00,242.25120297413417,245.41345643953082,241.68651485531336,244.171142578125,1216000,0.0,0.0
2010-09-21 00:00:00+09:00,244.28410456243284,246.0911067228577,243.38060348222044,244.73585510253906,1410400,0.0,0.0
2010-09-22 00:00:00+09:00,243.15472677137967,244.28410311495318,240.2183482780885,241.2347869873047,2700800,0.0,0.0
2010-09-24 00:00:00+09:00,240.6700714053775,244.50995053620005,237.05606751754453,239.5406951904297,4528800,0.0,0.0
2010-09-27 00:00:00+09:00,240.3312697470131,240.55714500053472,226.77875453571536,235.13613891601562,2882400,0.0,0.0
2010-09-28 00:00:00+09:00,230.8445018790026,238.52426025853887,230.50568900931717,238.072509765625,3255200,0.0,0.0
2010-09-29 00:00:00+09:00,239.08896607397185,239.87952949509503,237.16902633695838,238.9760284423828,1230400,0.0,0.0
2010-09-30 00:00:00+09:00,236.604379303376,239.87957118872103,232.87743681315575,234.1197509765625,1852800,0.0,0.0
2010-10-01 00:00:00+09:00,234.2325897216797,236.60427939581433,231.7479624440148,234.2325897216797,2316000,0.0,0.0
2010-10-04 00:00:00+09:00,233.4420629447495,233.4420629447495,227.11755615959905,228.02105712890625,1722400,0.0,0.0
2010-10-05 00:00:00+09:00,229.150410327734,232.19972579291328,225.5364068134474,230.73153686523438,2332800,0.0,0.0
2010-10-06 00:00:00+09:00,232.76443425799056,237.39487666681035,231.52212044099014,235.36199951171875,2725600,0.0,0.0
2010-10-07 00:00:00+09:00,237.73371449490352,241.57359396893045,237.2819639685474,238.9760284423828,2820000,0.0,0.0
2010-10-08 00:00:00+09:00,241.3476898591353,244.84875601993699,241.3476898591353,242.47706604003906,2298400,0.0,0.0
2010-10-12 00:00:00+09:00,245.526394063295,248.0110217861066,242.36414059789834,244.171142578125,3944000,0.0,0.0
2010-10-13 00:00:00+09:00,243.83236568135428,243.83236568135428,238.63723422172376,240.331298828125,2437600,0.0,0.0
2010-10-14 00:00:00+09:00,242.70297767206114,246.42991962793735,242.59004003703458,244.73585510253906,1758400,0.0,0.0
2010-10-15 00:00:00+09:00,245.97811414550097,246.09105175530146,238.8630447280691,241.57354736328125,1370400,0.0,0.0
2010-10-18 00:00:00+09:00,238.63724881707782,242.8159417684417,235.58793233905553,240.10543823242188,2382400,0.0,0.0
2010-10-19 00:00:00+09:00,241.12182371869346,246.54282959152593,241.12182371869346,245.86520385742188,2644000,0.0,0.0
2010-10-20 00:00:00+09:00,242.25123596191406,243.493549992488,238.75016914847848,242.25123596191406,1464000,0.0,0.0
2010-10-21 00:00:00+09:00,240.7830408720129,242.2512301456227,238.07253759765626,239.9924774169922,1519200,0.0,0.0
2010-10-22 00:00:00+09:00,242.02531556767755,244.05819269330433,241.12181462295453,242.47706604003906,1020800,0.0,0.0
2010-10-25 00:00:00+09:00,241.79947485475836,244.62291571013856,241.79947485475836,244.0582275390625,1149600,0.0,0.0
2010-10-26 00:00:00+09:00,242.815938267458,248.4628205527477,242.815938267458,247.89813232421875,2526400,0.0,0.0
2010-10-27 00:00:00+09:00,249.36626830387635,249.59214354690525,246.429890144501,248.01101684570312,1342400,0.0,0.0
2010-10-28 00:00:00+09:00,248.23689703363493,248.46277228116327,242.815891092955,244.171142578125,2270400,0.0,0.0
2010-10-29 00:00:00+09:00,248.23685487588463,249.02741810797343,242.81584985584712,248.34979248046875,1922400,0.0,0.0
2010-11-01 00:00:00+09:00,248.0110400290613,250.1568550384202,243.832347642415,248.1239776611328,2430400,0.0,0.0
2010-11-02 00:00:00+09:00,246.99459779508055,249.59216329544032,245.18759570787373,246.7687225341797,1200800,0.0,0.0
2010-11-04 00:00:00+09:00,246.0911043564802,250.0439215443998,244.50997748131238,249.70510864257812,2488000,0.0,0.0
2010-11-05 00:00:00+09:00,249.5922142667516,254.90028398192686,243.83239393751887,245.52645874023438,4104000,0.0,0.0
2010-11-08 00:00:00+09:00,246.65579106042145,248.01104265965455,244.39703839503298,246.20404052734375,4173600,0.0,0.0
2010-11-09 00:00:00+09:00,247.67224863060105,251.28625317058246,245.86524636061034,250.60862731933594,3789600,0.0,0.0
2010-11-10 00:00:00+09:00,252.41564925216554,256.14259172434515,250.72158449208388,255.4649658203125,3294400,0.0,0.0
2010-11-11 00:00:00+09:00,257.94956185957017,270.0338889694537,256.25549731145566,266.7586975097656,5397600,0.0,0.0
2010-11-12 00:00:00+09:00,266.19395551289597,267.549206877408,262.2411390330694,263.822265625,2732000,0.0,0.0
2010-11-15 00:00:00+09:00,263.9352129326492,267.32334146836996,258.6271448933533,261.7893981933594,1731200,0.0,0.0
2010-11-16 00:00:00+09:00,263.7093875740996,263.93526285253563,256.3684410249276,257.2719421386719,2973600,0.0,0.0
2010-11-17 00:00:00+09:00,257.3848394865774,260.8859057542754,257.3848394865774,259.3047790527344,2344000,0.0,0.0
2010-11-18 00:00:00+09:00,257.38482408230624,265.74220757598357,255.9166350901737,264.72576904296875,2358400,0.0,0.0
2010-11-19 00:00:00+09:00,264.7258253035365,265.5163887750061,259.19188100324925,259.8695068359375,3427200,0.0,0.0
2010-11-22 00:00:00+09:00,262.01536365168465,264.838805070345,259.9824858302491,264.3870544433594,2365600,0.0,0.0
2010-11-24 00:00:00+09:00,264.27413211426585,279.40777899602296,259.7566255823981,274.212646484375,7526400,0.0,0.0
2010-11-25 00:00:00+09:00,273.98670136120853,278.50420674226723,272.17969920878505,276.69720458984375,2433600,0.0,0.0
2010-11-26 00:00:00+09:00,275.793701171875,279.8594559803056,274.21257430192975,275.793701171875,2813600,0.0,0.0
2010-11-29 00:00:00+09:00,276.69722042114853,280.08534965079525,275.2290310883016,276.923095703125,3156000,0.0,0.0
2010-11-30 00:00:00+09:00,277.03595284092745,278.617079355307,271.72788525693903,272.74432373046875,3320800,0.0,0.0
2010-12-01 00:00:00+09:00,275.56784319472246,286.52279433811924,274.4384667881867,285.6192932128906,8548000,0.0,0.0
2010-12-02 00:00:00+09:00,286.29695455887287,288.8945206160145,280.6500718259563,281.32769775390625,5900000,0.0,0.0
2010-12-03 00:00:00+09:00,279.6335730653141,281.21469989201626,276.9230699338248,278.7300720214844,4427200,0.0,0.0
2010-12-06 00:00:00+09:00,279.294753429331,286.0710110944179,277.8265642685622,279.0688781738281,3951200,0.0,0.0
2010-12-07 00:00:00+09:00,276.01964859661405,279.633653815555,274.0997083240517,277.261962890625,3832000,0.0,0.0
2010-12-08 00:00:00+09:00,280.875889740417,283.36051763518543,278.5041994772289,282.6828918457031,3801600,0.0,0.0
2010-12-09 00:00:00+09:00,283.81227521817107,286.18396554032853,281.3276472616252,285.3934020996094,2697600,0.0,0.0
2010-12-10 00:00:00+09:00,291.04019272138487,300.86576383770637,285.393312769476,299.2846374511719,10408800,0.0,0.0
2010-12-13 00:00:00+09:00,294.3154653316626,302.10816184274654,293.7507771786855,299.1717834472656,5520800,0.0,0.0
2010-12-14 00:00:00+09:00,299.62365218472945,301.5435926623549,296.3484596052507,297.3648986816406,5250400,0.0,0.0
2010-12-15 00:00:00+09:00,298.38120366453217,300.0752680305306,293.0731353177369,295.8965759277344,5104000,0.0,0.0
2010-12-16 00:00:00+09:00,292.9601759746287,292.9601759746287,283.9251666924505,285.16748046875,6306400,0.0,0.0
2010-12-17 00:00:00+09:00,285.506277734375,287.0874042724609,281.89227421875,282.3440246582031,4880800,0.0,0.0
2010-12-20 00:00:00+09:00,284.8286822512185,287.0874346877864,282.1181793273369,284.9416198730469,2475200,0.0,0.0
2010-12-21 00:00:00+09:00,284.6028211849063,287.0874489889015,279.85944083182454,281.66644287109375,3763200,0.0,0.0
2010-12-22 00:00:00+09:00,284.7157365249584,284.7157365249584,278.61710511982244,279.1817932128906,2632000,0.0,0.0
2010-12-24 00:00:00+09:00,277.4877584637048,283.47345288721976,276.923070310543,281.7793884277344,1808000,0.0,0.0
2010-12-27 00:00:00+09:00,283.5863905178521,284.2640163016463,279.29476055382247,281.7793884277344,1867200,0.0,0.0
2010-12-28 00:00:00+09:00,280.53210335226987,281.55263242671225,278.8312215615326,279.2847900390625,2302400,1.25,0.0
2010-12-29 00:00:00+09:00,279.0579901325927,283.9338509922845,279.0579901325927,283.1401062011719,1640000,0.0,0.0
2010-12-30 00:00:00+09:00,283.3669270084688,283.3669270084688,279.7383789235264,280.4187316894531,1133600,0.0,0.0
2011-01-04 00:00:00+09:00,286.0882716566752,286.4284479606665,281.8927639074493,284.38739013671875,1828800,0.0,0.0
2011-01-05 00:00:00+09:00,286.20162173842925,287.22215050057105,282.91325128263907,284.2739562988281,2607200,0.0,0.0
2011-01-06 00:00:00+09:00,287.4489423997094,289.83017624207383,285.74806108373474,288.3560791015625,3532000,0.0,0.0
2011-01-07 00:00:00+09:00,289.3766653844275,292.55164447171745,288.582920612605,290.17041015625,3948800,0.0,0.0
2011-01-11 00:00:00+09:00,290.0570577461029,294.59274277731635,288.6963522367388,291.19097900390625,3385600,0.0,0.0
2011-01-12 00:00:00+09:00,293.9122619628906,296.4068876431312,290.9640679771518,293.9122619628906,3392000,0.0,0.0
2011-01-13 00:00:00+09:00,295.72661102718126,295.72661102718126,292.5516320744354,294.36590576171875,2998400,0.0,0.0
2011-01-14 00:00:00+09:00,296.18013916487484,297.4274521552323,292.89176855393254,293.3453369140625,2396800,0.0,0.0
2011-01-17 00:00:00+09:00,295.7266033952113,295.7266033952113,290.51056667888474,292.438232421875,1743200,0.0,0.0
2011-01-18 00:00:00+09:00,292.55165194872745,294.4793178724206,290.7373781381927,292.09808349609375,1648000,0.0,0.0
2011-01-19 00:00:00+09:00,292.66500223993097,292.66500223993097,288.6962788465185,291.9846496582031,1576800,0.0,0.0
2011-01-20 00:00:00+09:00,296.29350519544295,298.7881309567517,294.8194081546696,297.0872497558594,3233600,0.0,0.0
2011-01-21 00:00:00+09:00,295.72658134661776,296.4069339110655,286.315037538424,287.90252685546875,3119200,0.0,0.0
2011-01-24 00:00:00+09:00,289.83013436981406,291.07744715466066,287.22211672877114,290.3970947265625,1686400,0.0,0.0
2011-01-25 00:00:00+09:00,290.2838196609509,293.3454068214375,289.9436433097857,290.96417236328125,2424000,0.0,0.0
2011-01-26 00:00:00+09:00,290.73737253042367,296.066801746075,290.73737253042367,294.8194885253906,2461600,0.0,0.0
2011-01-27 00:00:00+09:00,295.9533972626253,302.1899631053243,295.9533972626253,299.0149841308594,3689600,0.0,0.0
2011-01-28 00:00:00+09:00,300.48898638665247,302.7568277933442,298.33453705029535,300.82916259765625,4856000,0.0,0.0
2011-01-31 00:00:00+09:00,300.4891489745539,302.0766388181931,296.066855838702,299.6954040527344,3500800,0.0,0.0
2011-02-01 00:00:00+09:00,302.7568903299929,306.1586531426895,302.07653776745366,304.2309875488281,2901600,0.0,0.0
2011-02-02 00:00:00+09:00,309.9005996149434,322.8272986109564,309.9005996149434,318.17822265625,5397600,0.0,0.0
2011-02-03 00:00:00+09:00,318.1782970893674,323.1675505006048,315.57027826076603,320.78631591796875,3255200,0.0,0.0
2011-02-04 00:00:00+09:00,316.47731383888856,324.9817203376047,316.2505296655895,320.6728210449219,2736000,0.0,0.0
2011-02-07 00:00:00+09:00,320.7861762202906,324.3013305019552,319.7656475578719,322.1468811035156,2700800,0.0,0.0
2011-02-08 00:00:00+09:00,324.30144010102043,332.69245638335457,323.05412686986267,328.4969482421875,3723200,0.0,0.0
2011-02-09 00:00:00+09:00,332.5790965143234,336.6612129393202,331.55856740807417,333.14605712890625,3118400,0.0,0.0
2011-02-10 00:00:00+09:00,329.40407889229914,334.3933317223374,329.06390256297834,333.372802734375,1715200,0.0,0.0
2011-02-14 00:00:00+09:00,333.2593142860814,338.8155260587993,328.61023912931745,331.78521728515625,4178400,0.0,0.0
2011-02-15 00:00:00+09:00,329.404080118498,334.84690140789144,329.404080118498,334.6201171875,4413600,0.0,0.0
2011-02-16 00:00:00+09:00,333.37284137473944,334.73354684973833,329.51750919557577,333.14605712890625,3476000,0.0,0.0
2011-02-17 00:00:00+09:00,333.59962253862994,333.826406782368,330.8782116137737,332.8058776855469,2777600,0.0,0.0
2011-02-18 00:00:00+09:00,332.91923553456456,336.09421462004406,330.65139333065065,334.6201171875,2352800,0.0,0.0
2011-02-21 00:00:00+09:00,330.65130294658377,333.1459286889791,329.1772059169865,330.3111267089844,3652000,0.0,0.0
2011-02-22 00:00:00+09:00,325.7755126953125,328.49692317379754,314.2095181617511,325.7755126953125,6420800,0.0,0.0
2011-02-23 00:00:00+09:00,319.1988374403307,328.1568154715158,319.1988374403307,324.3014831542969,3804000,0.0,0.0
2011-02-24 00:00:00+09:00,324.07453646695444,324.18792853709687,318.2915408896925,318.9718933105469,3332000,0.0,0.0
2011-02-25 00:00:00+09:00,324.641604101224,332.9192279571057,324.30142777837955,327.13623046875,4810400,0.0,0.0
2011-02-28 00:00:00+09:00,324.8684734158367,325.0952576904725,318.40512158871536,323.05419921875,5183200,0.0,0.0
2011-03-01 00:00:00+09:00,324.64156613955106,325.8888791774606,321.9201558750211,325.2085266113281,2795200,0.0,0.0
2011-03-02 00:00:00+09:00,323.734360517263,329.40396402894885,322.4870477446921,323.2807922363281,3486400,0.0,0.0
2011-03-03 00:00:00+09:00,320.899743682602,322.48723358067843,318.40511669991037,320.2193908691406,2260000,0.0,0.0
2011-03-04 00:00:00+09:00,319.76568117394913,325.8888537921737,319.4255049173811,320.3326416015625,2592000,0.0,0.0
2011-03-07 00:00:00+09:00,320.67287058929816,320.8996547976357,313.30238381832777,315.0032653808594,1892000,0.0,0.0
2011-03-08 00:00:00+09:00,313.18898234534413,317.15770587252985,311.48810083369307,313.98272705078125,1121600,0.0,0.0
2011-03-09 00:00:00+09:00,316.0238299694811,318.63184865957726,312.62206646066,314.43634033203125,2147200,0.0,0.0
2011-03-10 00:00:00+09:00,312.9622048874898,313.9827338164707,309.56044179088667,312.5086364746094,1492000,0.0,0.0
2011-03-11 00:00:00+09:00,312.8488151239973,312.8488151239973,307.6327783368629,309.4470520019531,5694400,0.0,0.0
2011-03-14 00:00:00+09:00,303.7773626063898,309.10679002053695,292.8917236328125,292.8917236328125,7000800,0.0,0.0
2011-03-15 00:00:00+09:00,283.5937218528507,283.5937218528507,245.49396553835336,255.47247314453125,3949600,0.0,0.0
2011-03-16 00:00:00+09:00,268.2857481174917,279.8517440211198,268.2857481174917,275.2026672363281,3875200,0.0,0.0
2011-03-17 00:00:00+09:00,265.9044755262266,294.7060690373829,261.70896781003455,287.448974609375,3815200,0.0,0.0
2011-03-18 00:00:00+09:00,289.8301632869945,294.8194149241728,288.3560662123736,289.1498107910156,4257600,0.0,0.0
2011-03-22 00:00:00+09:00,300.2622136920528,312.9621260536502,299.35507709479583,311.7148132324219,5013600,0.0,0.0
2011-03-23 00:00:00+09:00,317.3845120763657,318.4050410541032,302.53014584485305,310.8077697753906,4296800,0.0,0.0
2011-03-24 00:00:00+09:00,310.92113943611804,313.9827261482899,307.17920012124137,310.5809631347656,3799200,0.0,0.0
2011-03-25 00:00:00+09:00,316.25062744184754,318.40507775428756,310.46762923477183,313.6426086425781,3669600,0.0,0.0
2011-03-28 00:00:00+09:00,312.1684290908632,312.1684290908632,303.32384592010857,304.7979431152344,3472800,0.0,0.0
2011-03-29 00:00:00+09:00,297.8810811011905,300.3757075892857,293.4587886904762,297.654296875,3869600,0.0,0.0
2011-03-30 00:00:00+09:00,291.9846850714047,303.66407247426093,289.26327441442857,302.5301513671875,7212800,0.0,0.0
2011-03-31 00:00:00+09:00,300.7159291496291,301.0561055400699,293.68561708052016,298.10791015625,3938400,0.0,0.0
2011-04-01 00:00:00+09:00,300.14893229729205,301.7364219278784,294.59271859023977,295.2730712890625,2809600,0.0,0.0
2011-04-04 00:00:00+09:00,297.54090476190476,299.35517857142855,296.2935915178571,297.654296875,1868000,0.0,0.0
2011-04-05 00:00:00+09:00,303.3238741331025,307.51938192485005,296.406955881843,300.1488952636719,6069600,0.0,0.0
2011-04-06 00:00:00+09:00,305.81853584022906,306.61228064960306,299.3551852496124,301.7364196777344,3282400,0.0,0.0
2011-04-07 00:00:00+09:00,307.4060248955301,316.0238256672233,306.95245643386204,312.8488464355469,5656000,0.0,0.0
2011-04-08 00:00:00+09:00,312.96219106318057,320.89963793797136,308.3131150365174,317.61126708984375,2776800,0.0,0.0
2011-04-11 00:00:00+09:00,319.1987650046188,323.2808806494381,318.6318044983939,322.9407043457031,2171200,0.0,0.0
2011-04-12 00:00:00+09:00,319.1987605555931,323.5076603428444,319.0853684559286,321.35321044921875,3364800,0.0,0.0
2011-04-13 00:00:00+09:00,321.01305232883453,326.79604973920914,319.8791312679768,325.5487365722656,3183200,0.0,0.0
2011-04-14 00:00:00+09:00,328.8370296793871,333.3727128473787,326.5691880953914,330.3111267089844,3600800,0.0,0.0
2011-04-15 00:00:00+09:00,330.42463237232204,337.34155158121416,330.42463237232204,336.09423828125,3913600,0.0,0.0
2011-04-18 00:00:00+09:00,335.86738151483775,340.17628107512263,333.7129317346953,338.1352233886719,2883200,0.0,0.0
2011-04-19 00:00:00+09:00,337.7951099880606,339.60938382485443,334.3933465440721,337.2281494140625,2441600,0.0,0.0
2011-04-20 00:00:00+09:00,337.34161190933344,339.9496310938426,333.2594949248844,334.84698486328125,3196000,0.0,0.0
2011-04-21 00:00:00+09:00,337.90837630230675,339.0422970281534,329.74414707621077,330.42449951171875,3880000,0.0,0.0
2011-04-22 00:00:00+09:00,329.29071774167664,334.5067552816619,324.7550329242982,331.2183837890625,3361600,0.0,0.0
2011-04-25 00:00:00+09:00,328.1568034931587,331.89874354681257,327.93001924748273,329.7442932128906,1970400,0.0,0.0
2011-04-26 00:00:00+09:00,329.97104569719215,331.67192737604364,326.90945867525943,328.4969482421875,2678400,0.0,0.0
2011-04-27 00:00:00+09:00,328.4969159282218,332.0120710520654,326.9094265174537,329.404052734375,2332000,0.0,0.0
2011-04-28 00:00:00+09:00,328.04330186227065,342.4440966553949,327.24955726737403,341.87713623046875,5672800,0.0,0.0
2011-05-02 00:00:00+09:00,349.8146468944212,360.01993643104936,349.8146468944212,352.0824890136719,4259200,0.0,0.0
2011-05-06 00:00:00+09:00,345.84596829536633,354.91733795557263,342.44420467278894,353.7834167480469,3171200,0.0,0.0
2011-05-09 00:00:00+09:00,358.8860560107663,359.45301660478015,344.14508056640625,344.14508056640625,2424800,0.0,0.0
2011-05-10 00:00:00+09:00,330.5380037788723,336.32100144361414,321.4666348930027,326.0023193359375,11078400,0.0,0.0
2011-05-11 00:00:00+09:00,328.83708000846764,328.95047210502224,322.4871226014076,325.8888854980469,5956800,0.0,0.0
2011-05-12 00:00:00+09:00,325.09513135447344,325.09513135447344,322.03354483666016,324.86834716796875,2689600,0.0,0.0
2011-05-13 00:00:00+09:00,322.3737023446651,322.3737023446651,316.81749009883725,320.6728210449219,4644000,0.0,0.0
2011-05-16 00:00:00+09:00,315.5702383936947,322.37376491314194,311.147946156054,316.3639831542969,6898400,0.0,0.0
2011-05-17 00:00:00+09:00,306.8390313136041,315.11665484867177,302.1899550815798,312.5086364746094,6187200,0.0,0.0
2011-05-18 00:00:00+09:00,316.13718540018255,321.46661427888,313.18899070132863,319.3121643066406,4792800,0.0,0.0
2011-05-19 00:00:00+09:00,319.53894586911264,319.99251428056635,315.68361437175645,316.8175354003906,2816800,0.0,0.0
2011-05-20 00:00:00+09:00,313.075616937223,319.3121830116697,311.9416958327781,315.7970275878906,2583200,0.0,0.0
2011-05-23 00:00:00+09:00,313.07561570479015,318.40504487470145,313.07561570479015,314.5497131347656,3113600,0.0,0.0
2011-05-24 00:00:00+09:00,312.28186718767813,316.1371988813532,308.1997512767281,310.8077697753906,3632000,0.0,0.0
2011-05-25 00:00:00+09:00,308.7667074507744,311.14794169846675,306.612257417148,309.22027587890625,2150400,0.0,0.0
2011-05-26 00:00:00+09:00,307.9729621370431,312.62203851687326,306.8390410687918,311.3747253417969,2058400,0.0,0.0
2011-05-27 00:00:00+09:00,311.71492911688915,314.20955568675873,308.88012619658275,311.0345764160156,1956800,0.0,0.0
2011-05-30 00:00:00+09:00,312.6219957829543,318.06481616655304,308.31309631260524,317.7246398925781,3480800,0.0,0.0
2011-05-31 00:00:00+09:00,320.10600271083837,323.39437468342584,318.51851279303753,321.806884765625,2788800,0.0,0.0
2011-06-01 00:00:00+09:00,319.1987200193696,319.1987200193696,305.25149353184474,308.3130798339844,12618400,0.0,0.0
2011-06-02 00:00:00+09:00,306.612245463476,308.99347961833286,302.4167376668234,305.7051086425781,7428800,0.0,0.0
2011-06-03 00:00:00+09:00,304.91135135883724,308.6532905908349,303.6640382815047,304.3443908691406,4276000,0.0,0.0
2011-06-06 00:00:00+09:00,304.45776073815364,306.0452499933991,300.48903760003986,301.963134765625,2408800,0.0,0.0
2011-06-07 00:00:00+09:00,298.90155489939565,303.3238464931272,297.767633977926,300.4890441894531,5061600,0.0,0.0
2011-06-08 00:00:00+09:00,300.9426907995694,302.53018050235534,296.0668295695839,297.881103515625,4656800,0.0,0.0
2011-06-09 00:00:00+09:00,296.0667580742465,297.65424739367944,292.7783873411353,295.6131896972656,4180000,0.0,0.0
2011-06-10 00:00:00+09:00,293.5721703112965,296.63375725544677,288.015956968209,289.8302307128906,6384000,0.0,0.0
2011-06-13 00:00:00+09:00,290.1703550299909,295.15960693359375,288.6962578766537,295.15960693359375,5341600,0.0,0.0
2011-06-14 00:00:00+09:00,297.3141271683651,303.89086987460655,297.20073505274024,301.7364196777344,5567200,0.0,0.0
2011-06-15 00:00:00+09:00,300.3757254402052,302.7569599567187,297.0873539650199,301.8498229980469,4196000,0.0,0.0
2011-06-16 00:00:00+09:00,298.2212344450449,302.98370282781747,296.1801765667138,299.5819396972656,4196000,0.0,0.0
2011-06-17 00:00:00+09:00,302.6435660064473,304.6846241511143,293.00523587885345,293.7989807128906,5909600,0.0,0.0
2011-06-20 00:00:00+09:00,295.9533530295853,299.4685077973696,295.6131767617352,296.40692138671875,3572000,0.0,0.0
2011-06-21 00:00:00+09:00,300.48907807277453,307.06582015889563,296.9739228198477,306.3854675292969,6721600,0.0,0.0
2011-06-22 00:00:00+09:00,306.3854598250772,313.7559464603955,304.91136249801355,312.16845703125,7343200,0.0,0.0
2011-06-23 00:00:00+09:00,309.2202263005152,309.90057883362965,306.385424079205,307.1791687011719,4748800,0.0,0.0
2011-06-24 00:00:00+09:00,307.0657958984375,308.3131089541549,305.8184828427201,307.0657958984375,3216800,0.0,0.0
2011-06-27 00:00:00+09:00,308.1997556157757,310.58098993068785,306.3854818520331,306.83905029296875,3526400,0.0,0.0
2011-06-28 00:00:00+09:00,309.92106993816907,311.0625840079229,307.4097389847106,308.8937072753906,1881600,2.25,0.0
2011-06-29 00:00:00+09:00,309.3504051863073,316.7702488531375,308.32304221705385,316.6560974121094,4431200,0.0,0.0
2011-06-30 00:00:00+09:00,317.45507320809696,320.4230098867775,314.0305308865425,318.82489013671875,4825600,0.0,0.0
2011-07-01 00:00:00+09:00,318.9390389610252,320.080553058953,313.345619881179,315.28619384765625,2591200,0.0,0.0
2011-07-04 00:00:00+09:00,315.51459899411924,317.1127192495164,311.6334498024405,312.5466613769531,2583200,0.0,0.0
2011-07-05 00:00:00+09:00,310.72008178665914,311.51914151204727,305.92572343433005,309.46441650390625,3852800,0.0,0.0
2011-07-06 00:00:00+09:00,306.382391865108,310.1493884864003,306.1540890395751,308.7795715332031,3379200,0.0,0.0
2011-07-07 00:00:00+09:00,308.43714440778484,311.40508140060587,307.06732733417516,309.69281005859375,1262400,0.0,0.0
2011-07-08 00:00:00+09:00,313.1173958724726,316.4277875896807,311.17682141755756,314.4872131347656,3856000,0.0,0.0
2011-07-11 00:00:00+09:00,311.40502885571016,317.22675043622377,310.3776662238548,315.85693359375,3647200,0.0,0.0
2011-07-12 00:00:00+09:00,311.6333272892193,315.0578693473426,308.20878523109604,312.77484130859375,2077600,0.0,0.0
2011-07-13 00:00:00+09:00,312.66067110785315,316.7701213305193,310.1493404162238,313.80218505859375,3099200,0.0,0.0
2011-07-14 00:00:00+09:00,312.77492939645026,314.3730494736584,309.9211435442929,313.6881408691406,2216000,0.0,0.0
2011-07-15 00:00:00+09:00,312.43252744371097,314.14479924190454,310.9485585519433,311.9759216308594,2530400,0.0,0.0
2011-07-19 00:00:00+09:00,314.25886662153766,316.65604649769176,313.2315038174716,313.9164123535156,1876800,0.0,0.0
2011-07-20 00:00:00+09:00,313.9164148892328,316.0852919375584,312.889052076868,313.23150634765625,2277600,0.0,0.0
2011-07-21 00:00:00+09:00,314.0305514333894,314.8296113607008,312.5465829969539,313.1173400878906,1578400,0.0,0.0
2011-07-22 00:00:00+09:00,315.28618958523765,315.51449240173673,312.2041015625,312.2041015625,1996800,0.0,0.0
2011-07-25 00:00:00+09:00,313.80221904757383,319.28148660460676,313.80221904757383,317.11260986328125,4331200,0.0,0.0
2011-07-26 00:00:00+09:00,318.36836559849735,319.3957285566854,312.6607936085637,313.5740051269531,3179200,0.0,0.0
2011-07-27 00:00:00+09:00,311.4051418803234,311.5192933252942,309.12211298090756,309.9211730957031,2461600,0.0,0.0
2011-07-28 00:00:00+09:00,307.40984967559194,307.52400112367053,302.84379175244914,303.87115478515625,2355200,0.0,0.0
2011-07-29 00:00:00+09:00,304.0994779571683,305.4692954254438,301.3598430206172,302.6155090332031,1528000,0.0,0.0
2011-08-01 00:00:00+09:00,305.3550398407609,307.40976534249313,304.6701313401835,305.8116455078125,1440800,0.0,0.0
2011-08-02 00:00:00+09:00,305.01257242047257,305.81163230331066,303.41445265479643,305.2408752441406,1430400,0.0,0.0
2011-08-03 00:00:00+09:00,298.16349917053947,301.35973882474127,296.7936821758816,297.821044921875,1974400,0.0,0.0
2011-08-04 00:00:00+09:00,297.02192335592656,302.1587360196532,295.6521066455995,298.0492858886719,1612800,0.0,0.0
2011-08-05 00:00:00+09:00,288.004014320657,293.93988778267607,288.004014320657,291.8851623535156,2063200,0.0,0.0
2011-08-08 00:00:00+09:00,286.520007046232,289.487943374201,283.4379193210335,285.720947265625,2480800,0.0,0.0
2011-08-09 00:00:00+09:00,277.9586964558144,281.7256931634291,274.19169974819965,281.6115417480469,2626400,0.0,0.0
2011-08-10 00:00:00+09:00,288.6889500074749,290.40122135983233,287.31913292558886,288.5747985839844,2282400,0.0,0.0
2011-08-11 00:00:00+09:00,285.37863410150385,311.40516553156095,285.37863410150385,303.9853210449219,7924800,0.0,0.0
2011-08-12 00:00:00+09:00,304.7842737146326,308.3229675292969,303.6427595808699,308.3229675292969,6174400,0.0,0.0
2011-08-15 00:00:00+09:00,309.00796002815804,309.92117158346844,302.8437820298128,306.3824768066406,4181600,0.0,0.0
2011-08-16 00:00:00+09:00,306.4964803810359,309.57856789324745,305.6974206556477,309.46441650390625,2247200,0.0,0.0
2011-08-17 00:00:00+09:00,309.57866884616726,309.80697169929863,303.9852489444482,306.95318603515625,2853600,0.0,0.0
2011-08-18 00:00:00+09:00,307.0673507628925,311.5192565917969,305.69753358476805,311.5192565917969,2853600,0.0,0.0
2011-08-19 00:00:00+09:00,307.0673511282978,319.62400860938055,306.2682911067743,319.5098571777344,6832800,0.0,0.0
2011-08-22 00:00:00+09:00,322.4777326646014,323.3909439429436,314.8295882084851,315.28619384765625,3867200,0.0,0.0
2011-08-23 00:00:00+09:00,316.77024098043796,322.7061157663777,312.77494064374775,318.7108154296875,3962400,0.0,0.0
2011-08-24 00:00:00+09:00,324.1900009796132,330.6966312809646,323.16263830045244,328.8702087402344,5845600,0.0,0.0
2011-08-25 00:00:00+09:00,327.8428694124372,328.8702321647743,316.0852734690246,318.254150390625,5480000,0.0,0.0
2011-08-26 00:00:00+09:00,318.59665876924566,324.19007914892785,317.9117501513254,320.08062744140625,2804800,0.0,0.0
2011-08-29 00:00:00+09:00,320.1947788992328,324.7608363523413,318.2542044816617,324.075927734375,2192800,0.0,0.0
2011-08-30 00:00:00+09:00,326.9295952671781,326.9295952671781,319.3956031974736,322.70599365234375,2407200,0.0,0.0
2011-08-31 00:00:00+09:00,322.47783852154834,327.84295654296875,320.0806581289988,327.84295654296875,3528800,0.0,0.0
2011-09-01 00:00:00+09:00,325.44567620027146,326.24473608571583,317.2267745214151,321.906982421875,4296000,0.0,0.0
2011-09-02 00:00:00+09:00,316.3136147004504,318.36834045454935,310.4918917305035,313.6292724609375,3519200,0.0,0.0
2011-09-05 00:00:00+09:00,309.8070414287255,322.1353982726099,308.66552690614355,318.42547607421875,3036800,0.0,0.0
2011-09-06 00:00:00+09:00,320.6513837513886,322.3636552915349,316.7702349270571,320.3089294433594,3468800,0.0,0.0
2011-09-07 00:00:00+09:00,319.9663587875727,319.9663587875727,310.49179304395204,314.2587890625,2888800,0.0,0.0
2011-09-08 00:00:00+09:00,318.48250906808033,320.7655378069196,315.0579659598214,319.6240234375,2204800,0.0,0.0
2011-09-09 00:00:00+09:00,313.80224267499483,324.41832436607325,313.6880912589617,318.9390563964844,3230400,0.0,0.0
2011-09-12 00:00:00+09:00,316.7702649090741,318.2542337176572,310.72023822792784,312.5466613769531,2320800,0.0,0.0
2011-09-13 00:00:00+09:00,315.97111957962375,319.2815106445837,311.747517186399,318.9390563964844,2236800,0.0,0.0
2011-09-14 00:00:00+09:00,315.6286313271271,315.6286313271271,299.7615862079695,302.7295227050781,4430400,0.0,0.0
2011-09-15 00:00:00+09:00,306.4966238314962,309.9211671145297,304.3277464189083,307.52398681640625,2816800,0.0,0.0
2011-09-16 00:00:00+09:00,309.0078449993878,309.0078449993878,302.1587608841446,304.0993347167969,3618400,0.0,0.0
2011-09-20 00:00:00+09:00,304.32776909458755,311.4051590735315,303.41455748440126,305.58343505859375,3397600,0.0,0.0
2011-09-21 00:00:00+09:00,303.98530662835753,303.98530662835753,297.5928255276486,299.8758544921875,1308000,0.0,0.0
2011-09-22 00:00:00+09:00,299.99000555048485,304.67021492170625,299.64755120624915,303.87115478515625,3144800,0.0,0.0
2011-09-26 00:00:00+09:00,298.1635944464719,302.2730467435902,294.51074796014456,296.9079284667969,3092000,0.0,0.0
2011-09-27 00:00:00+09:00,301.13136954600463,301.81627789220477,295.9945569495034,299.1907958984375,2807200,0.0,0.0
2011-09-28 00:00:00+09:00,303.3002314245904,310.03516317244544,302.9577772679198,307.9804382324219,2288800,0.0,0.0
2011-09-29 00:00:00+09:00,308.0946695367107,317.7975398259365,305.46918698786135,315.4003601074219,2428800,0.0,0.0
2011-09-30 00:00:00+09:00,317.34095637506175,319.05322772240925,312.5465966024889,317.68341064453125,2504000,0.0,0.0
2011-10-03 00:00:00+09:00,315.97113614843477,327.61458119436696,315.74283330439687,326.8155212402344,3240800,0.0,0.0
2011-10-04 00:00:00+09:00,326.70140061636977,335.60521237321,326.24479488524975,334.80615234375,5044000,0.0,0.0
2011-10-05 00:00:00+09:00,331.267428408473,333.6646082832414,323.84758593895174,326.3589172363281,3604800,0.0,0.0
2011-10-06 00:00:00+09:00,325.1031548413241,329.6692103868483,322.47767290264767,323.5050354003906,1317600,0.0,0.0
2011-10-07 00:00:00+09:00,321.79294183677473,325.3316368339156,319.96651861244396,320.8797302246094,1841600,0.0,0.0
2011-10-11 00:00:00+09:00,320.9937752080837,336.0617618110236,320.9937752080837,333.436279296875,4824800,0.0,0.0
2011-10-12 00:00:00+09:00,336.4042595185181,342.3401337957366,333.66462523672493,338.2306823730469,6578400,0.0,0.0
2011-10-13 00:00:00+09:00,338.4590512254617,342.4543519987808,337.65999107079784,340.8562316894531,6268000,0.0,0.0
2011-10-14 00:00:00+09:00,335.71925789374137,338.80134560646866,334.2352897357615,334.4635925292969,2929600,0.0,0.0
2011-10-17 00:00:00+09:00,332.6371954125094,334.5777693047581,328.98435043886485,331.6098327636719,3008000,0.0,0.0
2011-10-18 00:00:00+09:00,331.03920296735924,334.34959499703285,328.52787108277926,330.2401428222656,4622400,0.0,0.0
2011-10-19 00:00:00+09:00,328.64198868655205,332.97974331318943,325.1032941227163,331.1533203125,4889600,0.0,0.0
2011-10-20 00:00:00+09:00,331.15323691614714,331.15323691614714,325.1032122499783,328.8702087402344,1848800,0.0,0.0
2011-10-21 00:00:00+09:00,328.75607382513897,331.03910211559133,325.55983421850567,328.52777099609375,1285600,0.0,0.0
2011-10-24 00:00:00+09:00,331.15323527582393,334.46362611449985,328.98435851945004,329.3268127441406,697600,0.0,0.0
2011-10-25 00:00:00+09:00,328.64193410773026,328.64193410773026,323.9617259457237,325.33154296875,1184000,0.0,0.0
2011-10-26 00:00:00+09:00,329.555155368689,329.89760963474583,323.61928142370397,326.8155212402344,1390400,0.0,0.0
2011-10-27 00:00:00+09:00,324.4183472579469,328.1853442528491,322.8202273207156,325.2174072265625,2354400,0.0,0.0
2011-10-28 00:00:00+09:00,323.04860780350214,324.19012231870886,315.62876345465844,320.8797302246094,4023200,0.0,0.0
2011-10-31 00:00:00+09:00,321.90698733518394,331.26740327897295,319.623959056211,328.984375,2760000,0.0,0.0
2011-11-01 00:00:00+09:00,324.4183044433594,328.18530094111827,322.5918818989914,324.4183044433594,1945600,0.0,0.0
2011-11-02 00:00:00+09:00,319.05325231187294,322.47779527049767,315.17210362543153,319.28155517578125,2182400,0.0,0.0
2011-11-04 00:00:00+09:00,328.07117992762187,335.26271936236094,322.3636089476702,332.86553955078125,3147200,0.0,0.0
2011-11-07 00:00:00+09:00,331.609891706983,335.03443447848366,325.90232042114854,328.0711975097656,3362400,0.0,0.0
2011-11-08 00:00:00+09:00,330.46839789810986,336.06181810433003,329.3268835703098,334.80615234375,2094400,0.0,0.0
2011-11-09 00:00:00+09:00,334.6919710867136,338.00236234234615,325.445705855464,326.3589172363281,4920000,0.0,0.0
2011-11-10 00:00:00+09:00,323.16258909824313,331.6097920630153,319.73804735576795,330.1258239746094,2971200,0.0,0.0
2011-11-11 00:00:00+09:00,324.4183251012463,328.18532183887515,321.1079340287846,322.9343566894531,2216000,0.0,0.0
2011-11-14 00:00:00+09:00,321.9070247032123,327.0438389271997,321.67872184881287,326.9296875,2050400,0.0,0.0
2011-11-15 00:00:00+09:00,324.1900516886568,325.559868808468,318.25417750280815,319.1673889160156,2088000,0.0,0.0
2011-11-16 00:00:00+09:00,302.044762194681,313.45990815819886,302.044762194681,311.4051818847656,4986400,0.0,0.0
2011-11-17 00:00:00+09:00,313.91644460479444,316.77023046483805,307.4098128438951,313.4598388671875,2955200,0.0,0.0
2011-11-18 00:00:00+09:00,307.18145909918564,312.08996996550485,307.18145909918564,310.9484558105469,1315200,0.0,0.0
2011-11-21 00:00:00+09:00,306.72493000584285,312.4325022054306,306.72493000584285,310.6060791015625,1260000,0.0,0.0
2011-11-22 00:00:00+09:00,304.8984680175781,306.9531937473858,301.13147084626394,304.8984680175781,2437600,0.0,0.0
2011-11-24 00:00:00+09:00,299.1909101630034,304.7843304598318,298.1635472513411,301.2456359863281,1440800,0.0,0.0
2011-11-25 00:00:00+09:00,298.84845752422626,301.13148622952974,295.88052020733176,296.7937316894531,1333600,0.0,0.0
2011-11-28 00:00:00+09:00,295.88055419921875,300.1041577892539,292.6843136445976,295.88055419921875,1873600,0.0,0.0
2011-11-29 00:00:00+09:00,294.9673414615777,309.8070296930038,291.65694947149035,307.866455078125,3852800,0.0,0.0
2011-11-30 00:00:00+09:00,302.6154707414052,303.98528803634935,300.6748962402344,300.6748962402344,3212000,0.0,0.0
2011-12-01 00:00:00+09:00,302.95792506514124,303.4145308301226,299.0767760627996,300.6748962402344,2196000,0.0,0.0
2011-12-02 00:00:00+09:00,298.2776637642823,299.0767237131342,294.9672725476102,298.3918151855469,3392000,0.0,0.0
2011-12-05 00:00:00+09:00,301.47389578506625,305.469195426292,301.3597443667455,304.6701354980469,2644000,0.0,0.0
2011-12-06 00:00:00+09:00,302.95792951816463,304.5560497190894,297.4786602578512,299.53338623046875,2008800,0.0,0.0
2011-12-07 00:00:00+09:00,301.13138291532545,302.72950246074413,297.70684103228535,299.7615661621094,1512000,0.0,0.0
2011-12-08 00:00:00+09:00,294.51074796014456,301.35983512200835,294.51074796014456,296.9079284667969,3164800,0.0,0.0
2011-12-09 00:00:00+09:00,299.19090660060164,299.98996663349146,295.3097578694225,298.1635437011719,2811200,0.0,0.0
2011-12-12 00:00:00+09:00,298.8483549932987,300.2181717465147,296.1087214868666,299.7615661621094,2012000,0.0,0.0
2011-12-13 00:00:00+09:00,297.3644488142056,305.58335104630646,296.33708603519295,303.52862548828125,5124800,0.0,0.0
2011-12-14 00:00:00+09:00,301.24560800705217,302.95787936745603,299.41918522262137,300.5606994628906,3276800,0.0,0.0
2011-12-15 00:00:00+09:00,300.10408788435313,307.75223314424346,298.9625736664591,302.1588134765625,4476800,0.0,0.0
2011-12-16 00:00:00+09:00,302.27302329835913,307.52398971517357,301.816417522984,302.8437805175781,1800800,0.0,0.0
2011-12-19 00:00:00+09:00,300.9031132122942,301.2455674382566,297.02196531805373,299.0766906738281,1059200,0.0,0.0
2011-12-20 00:00:00+09:00,303.1861449559056,307.18144430585164,302.15878226591946,306.6106872558594,1553600,0.0,0.0
2011-12-21 00:00:00+09:00,306.72491542595947,307.8664298116162,304.09943233894904,306.4966125488281,956800,0.0,0.0
2011-12-22 00:00:00+09:00,306.4966203194032,308.77964914859797,303.07207707561093,308.43719482421875,2249600,0.0,0.0
2011-12-26 00:00:00+09:00,308.20879613573305,308.20879613573305,303.98519411461376,305.3550109863281,1479200,0.0,0.0
2011-12-27 00:00:00+09:00,305.4691731558748,307.4097471258486,305.01256751588096,306.6106872558594,723200,0.0,0.0
2011-12-28 00:00:00+09:00,306.7253577388934,309.01691812543726,302.94428310109606,307.069091796875,1369600,1.25,0.0
2011-12-29 00:00:00+09:00,305.00668012267516,306.7253503713003,301.34018359227485,303.402587890625,1319200,0.0,0.0
2011-12-30 00:00:00+09:00,303.1733232272118,306.1523505907445,301.91296549648644,302.6004333496094,1692800,0.0,0.0
2012-01-04 00:00:00+09:00,310.50639512304616,312.3396432123335,309.24603706166107,311.3084411621094,2057600,0.0,0.0
2012-01-05 00:00:00+09:00,312.1103820800781,318.18301433053483,311.07918037717036,312.1103820800781,2941600,0.0,0.0
2012-01-06 00:00:00+09:00,313.71453651735635,313.71453651735635,309.4751508887434,312.79791259765625,1936800,0.0,0.0
2012-01-10 00:00:00+09:00,314.40205311488165,317.2665033072549,313.82916307640704,314.0583190917969,1909600,0.0,0.0
2012-01-11 00:00:00+09:00,315.2040705453617,321.5058603963231,313.9437125751694,314.97491455078125,2537600,0.0,0.0
2012-01-12 00:00:00+09:00,317.3810987455595,325.8598717806394,317.3810987455595,322.537109375,4851200,0.0,0.0
2012-01-13 00:00:00+09:00,322.5370317778129,324.59943553340815,320.01631607652985,321.9641418457031,2940000,0.0,0.0
2012-01-16 00:00:00+09:00,322.07866102858924,325.05768813166407,321.5057712010748,322.8807067871094,2043200,0.0,0.0
2012-01-17 00:00:00+09:00,325.1723437006699,327.0055915862269,323.2245178222656,323.2245178222656,2439200,0.0,0.0
2012-01-18 00:00:00+09:00,323.33906102035985,325.63062063070964,321.04750141001,321.3912353515625,2064800,0.0,0.0
2012-01-19 00:00:00+09:00,326.3181424393707,328.8388584273153,316.9227464843046,317.72479248046875,2840800,0.0,0.0
2012-01-20 00:00:00+09:00,319.09973517920173,319.5580471866404,311.99589906390173,313.7145690917969,2844800,0.0,0.0
2012-01-23 00:00:00+09:00,313.8291246765357,319.2142903792729,310.39178486627793,317.38104248046875,2076800,0.0,0.0
2012-01-24 00:00:00+09:00,318.9851756146722,322.7662498945875,316.8081934535088,322.4225158691406,1460000,0.0,0.0
2012-01-25 00:00:00+09:00,323.68277877165025,323.9119347212231,319.55797167933895,321.0474853515625,1628800,0.0,0.0
2012-01-26 00:00:00+09:00,321.96417695139564,322.3079109481409,314.63118502083,317.0373229980469,2228000,0.0,0.0
2012-01-27 00:00:00+09:00,316.12072801434533,319.4434902877835,314.1729018540539,316.3498840332031,3366400,0.0,0.0
2012-01-30 00:00:00+09:00,317.0373559746417,330.4429832420913,317.0373559746417,325.6307067871094,12650400,0.0,0.0
2012-01-31 00:00:00+09:00,321.62041357008076,327.0055790270789,319.3288538011454,324.48486328125,3385600,0.0,0.0
2012-02-01 00:00:00+09:00,322.53712577008184,325.0578422059404,319.09978517572927,323.1100158691406,1749600,0.0,0.0
2012-02-02 00:00:00+09:00,326.5473370206726,328.26600721551824,319.9018122672694,321.16217041015625,2160800,0.0,0.0
2012-02-03 00:00:00+09:00,319.78717675506635,319.78717675506635,313.3708091813352,315.7769470214844,3040000,0.0,0.0
2012-02-06 00:00:00+09:00,316.2353167722435,321.96421743840733,316.2353167722435,321.6204833984375,2224000,0.0,0.0
2012-02-07 00:00:00+09:00,321.96411551616393,324.59940898836027,314.74570296188693,317.26641845703125,5580000,0.0,0.0
2012-02-08 00:00:00+09:00,315.0895730608461,318.64149188444105,314.7458389811433,317.1519775390625,1864800,0.0,0.0
2012-02-09 00:00:00+09:00,317.4956364815647,318.985150474441,316.4644344864965,317.72479248046875,1570400,0.0,0.0
2012-02-10 00:00:00+09:00,317.1519775390625,318.8706479375762,314.51668292800815,317.1519775390625,2028800,0.0,0.0
2012-02-13 00:00:00+09:00,315.5478239576625,317.7248060401591,313.9437318968756,316.9227600097656,1431200,0.0,0.0
2012-02-14 00:00:00+09:00,313.6000267028808,317.266523178764,311.8813564798106,316.2353210449219,1946400,0.0,0.0
2012-02-15 00:00:00+09:00,317.7247889962219,320.13092695832813,314.97491703952903,316.1206970214844,2876800,0.0,0.0
2012-02-16 00:00:00+09:00,313.8291119182811,314.05826789631567,310.5063502367805,311.6521301269531,2408000,0.0,0.0
2012-02-17 00:00:00+09:00,316.80819368241094,317.49566173380134,313.8291654597192,315.2041015625,1259200,0.0,0.0
2012-02-20 00:00:00+09:00,315.3186679152793,315.3186679152793,309.47518969446566,309.704345703125,2479200,0.0,0.0
2012-02-21 00:00:00+09:00,308.3293927246456,310.04806269524005,305.2357867775756,308.90228271484375,2660000,0.0,0.0
2012-02-22 00:00:00+09:00,313.48536779200543,321.39124877798804,311.6521200271399,320.5892028808594,3709600,0.0,0.0
2012-02-23 00:00:00+09:00,318.870626863319,318.870626863319,313.6000379895451,314.2875061035156,3344800,0.0,0.0
2012-02-24 00:00:00+09:00,315.547842673885,321.162165219644,315.547842673885,318.6414489746094,4296800,0.0,0.0
2012-02-27 00:00:00+09:00,323.1099975716401,323.1099975716401,320.2455472385582,321.6204833984375,2792800,0.0,0.0
2012-02-28 00:00:00+09:00,321.73496499921566,322.99532276808725,316.3497999867644,319.5579833984375,1854400,0.0,0.0
2012-02-29 00:00:00+09:00,321.04759333182113,325.974447904722,318.87061107867885,321.6204833984375,2724000,0.0,0.0
2012-03-01 00:00:00+09:00,323.224543436984,323.3391214389113,318.75600136181833,320.9329833984375,1360000,0.0,0.0
2012-03-02 00:00:00+09:00,320.9329729456969,320.9329729456969,314.51660504674686,316.1206970214844,2865600,0.0,0.0
2012-03-05 00:00:00+09:00,315.2040952137929,320.2455274891135,314.6312051825065,319.4434814453125,1968000,0.0,0.0
2012-03-06 00:00:00+09:00,319.09979997114704,321.7350945490057,314.51667896617545,315.0895690917969,4196800,0.0,0.0
2012-03-07 00:00:00+09:00,315.08953062933324,320.0163851082646,312.9125484177124,318.6414489746094,3710400,0.0,0.0
2012-03-08 00:00:00+09:00,317.4956359863281,318.75599397833446,315.89154399650187,317.4956359863281,1818400,0.0,0.0
2012-03-09 00:00:00+09:00,318.9851534447935,320.3600894510211,317.495639438047,319.0997314453125,2512000,0.0,0.0
2012-03-12 00:00:00+09:00,320.93297496115986,322.99537894163143,316.8081670002167,317.0373229980469,2660000,0.0,0.0
2012-03-13 00:00:00+09:00,315.3186574281867,321.62044745672966,312.68336341625053,319.0997314453125,3293600,0.0,0.0
2012-03-14 00:00:00+09:00,320.47471133844994,322.53711563022404,318.0685729980469,318.0685729980469,2432800,0.0,0.0
2012-03-15 00:00:00+09:00,316.8082111192786,320.3601295802904,315.4332749408224,316.2353210449219,2200800,0.0,0.0
2012-03-16 00:00:00+09:00,318.6414489746094,320.13096311940257,317.38109085209203,318.6414489746094,1703200,0.0,0.0
2012-03-19 00:00:00+09:00,319.6726883895369,322.19340492880923,319.44353234051215,322.0788269042969,1799200,0.0,0.0
2012-03-21 00:00:00+09:00,322.19334063763387,328.60970872999076,321.1621386227908,327.6930847167969,2871200,0.0,0.0
2012-03-22 00:00:00+09:00,330.09925024045043,335.14068273284187,326.7764879159197,333.5365905761719,4427200,0.0,0.0
2012-03-23 00:00:00+09:00,330.44295576506966,331.9324697820412,325.8598357128496,327.2347717285156,2417600,0.0,0.0
2012-03-26 00:00:00+09:00,327.3493839997103,332.61997261153624,327.3493839997103,329.06805419921875,2009600,0.0,0.0
2012-03-27 00:00:00+09:00,331.24501303653733,332.50537109375,326.08900280248537,332.50537109375,2548000,0.0,0.0
2012-03-28 00:00:00+09:00,335.2552139722989,336.85930590518075,329.75547020241845,333.19281005859375,2063200,0.0,0.0
2012-03-29 00:00:00+09:00,333.30740238120245,339.8383483886719,332.73451238054724,339.8383483886719,2128800,0.0,0.0
2012-03-30 00:00:00+09:00,341.3278568109141,347.74422471336834,341.213278812656,344.306884765625,4053600,0.0,0.0
2012-04-02 00:00:00+09:00,344.30683766682944,346.02550740559894,342.9319018758138,343.73394775390625,1448800,0.0,0.0
2012-04-03 00:00:00+09:00,340.6404045584247,341.55702858683617,336.8593304412272,337.4322204589844,3432800,0.0,0.0
2012-04-04 00:00:00+09:00,334.2240059015324,336.74472174994986,327.3493263149394,330.44293212890625,3534400,0.0,0.0
2012-04-05 00:00:00+09:00,330.0991758480746,330.9012217456576,325.5160564333148,327.34930419921875,2822400,0.0,0.0
2012-04-06 00:00:00+09:00,325.9743492123833,333.4219178235625,324.599413468781,332.16156005859375,1543200,0.0,0.0
2012-04-09 00:00:00+09:00,330.09920418803597,335.942681943534,328.60969025035996,333.19281005859375,2168000,0.0,0.0
2012-04-10 00:00:00+09:00,334.56771693494767,337.43216656624,330.44290946588666,333.8802490234375,2201600,0.0,0.0
2012-04-11 00:00:00+09:00,329.18263961329603,334.5678063594934,328.95348358154297,332.73455810546875,1890400,0.0,0.0
2012-04-12 00:00:00+09:00,329.98468689544495,332.50540325367405,324.59952013013736,325.74530029296875,1955200,0.0,0.0
2012-04-13 00:00:00+09:00,326.54731100165674,332.161633190808,326.20357699007604,330.672119140625,1100000,0.0,0.0
2012-04-16 00:00:00+09:00,326.8910277111065,333.0782395920739,326.66187171551513,329.6408996582031,992800,0.0,0.0
2012-04-17 00:00:00+09:00,332.1616577148438,335.3698420597957,330.6721435546875,335.14068603515625,1785600,0.0,0.0
2012-04-18 00:00:00+09:00,343.5049097277349,346.59851631967916,337.0885404999987,341.6716613769531,3803200,0.0,0.0
2012-04-19 00:00:00+09:00,341.5570143980899,341.90074839446504,333.42197648387844,338.0050964355469,2308800,0.0,0.0
2012-04-20 00:00:00+09:00,338.0051601907033,340.2967205987759,335.4844437418235,339.3800964355469,1430400,0.0,0.0
2012-04-23 00:00:00+09:00,338.9217829930121,341.78623349160074,335.94275447447984,338.692626953125,1124800,0.0,0.0
2012-04-24 00:00:00+09:00,336.63023753932686,338.6926419898741,334.68241111381,338.57806396484375,1060800,0.0,0.0
2012-04-25 00:00:00+09:00,338.9217646887543,339.1509207162653,333.65117605600153,337.2030944824219,1099200,0.0,0.0
2012-04-26 00:00:00+09:00,338.348811844802,338.4633898372994,334.68231608488543,336.51556396484375,992000,0.0,0.0
2012-04-27 00:00:00+09:00,336.0572519948542,338.921701807289,333.9948481299011,336.51556396484375,2177600,0.0,0.0
2012-05-01 00:00:00+09:00,336.63020858068955,341.78621926351155,333.5366021709964,339.2655029296875,2167200,0.0,0.0
2012-05-02 00:00:00+09:00,339.3800308405262,345.4526647482061,336.6301588823315,344.306884765625,2771200,0.0,0.0
2012-05-07 00:00:00+09:00,338.00513061397197,339.15091071774816,331.8179180535806,332.39080810546875,2612800,0.0,0.0
2012-05-08 00:00:00+09:00,332.27616021722133,338.0050595313113,321.8495634655775,328.4950866699219,7260800,0.0,0.0
2012-05-09 00:00:00+09:00,329.4118077792051,340.8696097889166,328.26602757823395,338.9217834472656,5836000,0.0,0.0
2012-05-10 00:00:00+09:00,337.43221506124644,339.1508850870253,333.7657190062516,334.9114990234375,2386400,0.0,0.0
2012-05-11 00:00:00+09:00,336.85924694748917,340.1820082269032,333.53648566807516,334.3385314941406,2700800,0.0,0.0
2012-05-14 00:00:00+09:00,333.9948300114483,334.5677199428573,326.8909948619767,328.4950866699219,2681600,0.0,0.0
2012-05-15 00:00:00+09:00,323.7974373814397,325.4015294279153,319.9017852685703,322.7662353515625,2267200,0.0,0.0
2012-05-16 00:00:00+09:00,320.9330280287583,322.1933862252297,312.56883272490273,320.3601379394531,4661600,0.0,0.0
2012-05-17 00:00:00+09:00,320.3600728645599,322.42247676712145,311.8813012651402,318.5268249511719,2426400,0.0,0.0
2012-05-18 00:00:00+09:00,315.89147840583706,320.24544147418015,314.8602766264927,315.43316650390625,2158400,0.0,0.0
2012-05-21 00:00:00+09:00,315.43321456743445,320.7038022427348,315.3186365744931,316.46441650390625,1376000,0.0,0.0
2012-05-22 00:00:00+09:00,316.5789929682008,319.09970880073803,315.08947906715605,315.7769470214844,1229600,0.0,0.0
2012-05-23 00:00:00+09:00,315.08953670443276,316.6936288912917,311.995930344062,314.17291259765625,2678400,0.0,0.0
2012-05-24 00:00:00+09:00,316.34987827979785,319.4434844781153,311.99591400068437,313.6000061035156,1391200,0.0,0.0
2012-05-25 00:00:00+09:00,316.006131099248,316.80817711726644,310.5063869756933,314.6311950683594,1808000,0.0,0.0
2012-05-28 00:00:00+09:00,312.11047016439403,314.74576414889515,308.2148181873054,310.5063781738281,1467200,0.0,0.0
2012-05-29 00:00:00+09:00,310.62095065375337,316.1206945236833,309.47517068085125,314.97491455078125,1848000,0.0,0.0
2012-05-30 00:00:00+09:00,315.3186350519322,318.4122408464097,312.912497211783,315.7769470214844,1749600,0.0,0.0
2012-05-31 00:00:00+09:00,313.48543120752265,322.4225158691406,312.91254116511124,322.4225158691406,2920800,0.0,0.0
2012-06-01 00:00:00+09:00,320.13089406295177,323.22449969634465,318.0684903073565,321.9641418457031,2582400,0.0,0.0
2012-06-04 00:00:00+09:00,319.67260004399895,325.1723437006699,318.64139810837315,323.2245178222656,3056800,0.0,0.0
2012-06-05 00:00:00+09:00,323.22463820017066,324.48499659088384,317.4957364242017,322.3080139160156,2820000,0.0,0.0
2012-06-06 00:00:00+09:00,325.4015294279153,325.516107431235,321.16214330508683,322.7662353515625,3726400,0.0,0.0
2012-06-07 00:00:00+09:00,323.1099839200343,324.1411859963748,320.3601117164595,322.4225158691406,2705600,0.0,0.0
2012-06-08 00:00:00+09:00,321.9641966107248,322.8808206580151,318.0685444097409,318.98516845703125,3092800,0.0,0.0
2012-06-11 00:00:00+09:00,320.5892669933251,320.70384500154285,313.4854304838233,314.74578857421875,2806400,0.0,0.0
2012-06-12 00:00:00+09:00,314.6312406168175,316.69364496172017,310.9647440036572,314.51666259765625,2235200,0.0,0.0
2012-06-13 00:00:00+09:00,314.6311731352223,320.1309168753864,314.287439151462,318.5268249511719,2277600,0.0,0.0
2012-06-14 00:00:00+09:00,317.4956593226447,320.245531507323,313.02711702254254,314.0583190917969,1709600,0.0,0.0
2012-06-15 00:00:00+09:00,314.17292854017245,317.495691095849,313.8291944826887,314.51666259765625,1468800,0.0,0.0
2012-06-18 00:00:00+09:00,314.63126095457574,318.9852259641438,314.51668292800815,317.1519775390625,855200,0.0,0.0
2012-06-19 00:00:00+09:00,317.1519088499799,324.48490096211816,315.2040828201932,320.7038269042969,2220000,0.0,0.0
2012-06-20 00:00:00+09:00,321.3912477268009,322.5370275760943,315.77692646526316,320.1308898925781,2604800,0.0,0.0
2012-06-21 00:00:00+09:00,320.58926535264914,322.5370914823829,317.1519251237072,321.2767333984375,1674400,0.0,0.0
2012-06-22 00:00:00+09:00,319.09975721693814,320.7038493537558,316.4644629921663,316.8081970214844,1324800,0.0,0.0
2012-06-25 00:00:00+09:00,314.9749412271421,317.15192336003247,311.88133503829783,313.1416931152344,2352000,0.0,0.0
2012-06-26 00:00:00+09:00,310.8501609889103,315.2041256470668,310.27727090231076,311.9959411621094,2503200,0.0,0.0
2012-06-27 00:00:00+09:00,312.1113851995103,312.22685371049795,304.2595264523528,307.83905029296875,4564800,2.625,0.0
2012-06-28 00:00:00+09:00,310.4947814941406,313.15055686579,309.10915956110614,310.4947814941406,4028000,0.0,0.0
2012-06-29 00:00:00+09:00,309.34009880168907,317.538361965153,309.34009880168907,316.4991455078125,3836800,0.0,0.0
2012-07-02 00:00:00+09:00,318.57765207814646,319.8478058196686,314.8826593755366,315.22906494140625,2215200,0.0,0.0
2012-07-03 00:00:00+09:00,315.4600830078125,317.53851693685374,313.26618052715787,315.4600830078125,2453600,0.0,0.0
2012-07-04 00:00:00+09:00,315.8063454655876,317.1919674566615,314.651660473026,315.92181396484375,1643200,0.0,0.0
2012-07-05 00:00:00+09:00,316.84552129156197,317.42286371374047,314.4206831184122,315.8063049316406,1543200,0.0,0.0
2012-07-06 00:00:00+09:00,317.30747170458875,318.00028277817955,310.8412350177412,312.4577941894531,1308000,0.0,0.0
2012-07-09 00:00:00+09:00,309.91753366740414,314.88268044374485,308.4164427815337,314.7672119140625,1773600,0.0,0.0
2012-07-10 00:00:00+09:00,311.7649445248677,315.2289994640329,309.5710430633964,310.9566650390625,2056800,0.0,0.0
2012-07-11 00:00:00+09:00,309.68661510185683,316.6147272965292,308.5319297360781,315.69097900390625,2749600,0.0,0.0
2012-07-12 00:00:00+09:00,313.3815750767765,314.5362603202429,309.8020508220307,311.07220458984375,1721600,0.0,0.0
2012-07-13 00:00:00+09:00,311.18760157055954,312.91962903755706,309.5710426013618,311.3030700683594,1121600,0.0,0.0
2012-07-17 00:00:00+09:00,309.4555325479903,313.1505239813991,309.1091271011082,312.2267761230469,1496800,0.0,0.0
2012-07-18 00:00:00+09:00,316.96108752405263,318.11577272450455,309.22469668102474,311.9959411621094,1949600,0.0,0.0
2012-07-19 00:00:00+09:00,310.72573577203997,313.61244829314774,308.4163657551538,309.41436767578125,1066400,0.0,0.0
2012-07-20 00:00:00+09:00,307.8390687152348,309.6865650015978,306.68438353625794,309.1092224121094,1160000,0.0,0.0
2012-07-23 00:00:00+09:00,309.9175147566185,310.26392032452827,304.7214312379718,307.49267578125,1527200,0.0,0.0
2012-07-24 00:00:00+09:00,305.4142319328446,306.3379800823579,299.8717430357646,301.02642822265625,2716000,0.0,0.0
2012-07-25 00:00:00+09:00,297.56231005047164,304.02854573647335,293.9827867242921,295.0220031738281,3800000,0.0,0.0
2012-07-26 00:00:00+09:00,295.0220755725355,305.99158523178835,295.0220755725355,300.7955017089844,3805600,0.0,0.0
2012-07-27 00:00:00+09:00,310.03293923359416,310.03293923359416,300.5645217225496,302.4120178222656,2117600,0.0,0.0
2012-07-30 00:00:00+09:00,301.3727586675949,304.37493940527975,299.5252628290196,304.0285339355469,1276000,0.0,0.0
2012-07-31 00:00:00+09:00,302.41200780904956,303.913098340366,299.8717007560526,302.2965393066406,1233600,0.0,0.0
2012-08-01 00:00:00+09:00,300.3335781163512,302.7584166939919,298.0242080424077,299.8717041015625,1533600,0.0,0.0
2012-08-02 00:00:00+09:00,298.48606767017145,299.756221149619,294.2137332393025,295.48388671875,1840000,0.0,0.0
2012-08-03 00:00:00+09:00,294.5601296499605,296.5230940576631,293.1745077151116,294.67559814453125,1188000,0.0,0.0
2012-08-06 00:00:00+09:00,297.6778049365575,301.1418600754623,295.8303088624749,298.1396789550781,896000,0.0,0.0
2012-08-07 00:00:00+09:00,297.90874997177565,300.4490571420776,296.52312787888366,299.6407775878906,819200,0.0,0.0
2012-08-08 00:00:00+09:00,302.52747111570517,307.6080851344422,302.41200261527933,306.10699462890625,2307200,0.0,0.0
2012-08-09 00:00:00+09:00,306.2224631293321,308.53183313784893,302.18106561442767,306.10699462890625,1031200,0.0,0.0
2012-08-10 00:00:00+09:00,306.3378644637479,309.5709817667954,301.6036569842855,302.52740478515625,2668000,0.0,0.0
2012-08-13 00:00:00+09:00,297.90870195126774,308.0699289945668,297.67776497301094,306.0544738769531,1290400,0.0,0.0
2012-08-14 00:00:00+09:00,303.91316750329605,307.49269189258257,302.98941927380275,303.7976989746094,2489600,0.0,0.0
2012-08-15 00:00:00+09:00,312.3424321142507,319.27054521105475,308.41650135939506,315.4600830078125,6434400,0.0,0.0
2012-08-16 00:00:00+09:00,321.2333468303561,321.6952208013559,312.34227288861007,313.9588317871094,3776000,0.0,0.0
2012-08-17 00:00:00+09:00,314.30521421244407,317.7692687408692,312.6886554325123,316.1527099609375,2288000,0.0,0.0
2012-08-20 00:00:00+09:00,321.00249564556424,332.43387948330195,321.00249564556424,331.8565368652344,5571200,0.0,0.0
2012-08-21 00:00:00+09:00,331.2791592460877,336.3597737482933,330.2399426433638,334.9741516113281,3140800,0.0,0.0
2012-08-22 00:00:00+09:00,333.24207319053266,337.39893896837714,332.2028567460715,335.0895690917969,2204800,0.0,0.0
2012-08-23 00:00:00+09:00,333.47304296807346,337.28350363910755,330.93273585405075,333.3575744628906,1989600,0.0,0.0
2012-08-24 00:00:00+09:00,334.3968505859375,335.320598791976,332.4338856481057,334.3968505859375,1327200,0.0,0.0
2012-08-27 00:00:00+09:00,336.9370452596436,338.7845410527054,334.1658015700509,334.51220703125,1733600,0.0,0.0
2012-08-28 00:00:00+09:00,334.6277415791496,334.6277415791496,330.00900118468235,331.0482177734375,1654400,0.0,0.0
2012-08-29 00:00:00+09:00,330.58634373399076,331.9719658523309,328.39244204661884,331.0482177734375,1118400,0.0,0.0
2012-08-30 00:00:00+09:00,331.0482318947922,333.35760219053543,327.58417645117737,328.3924560546875,1506400,0.0,0.0
2012-08-31 00:00:00+09:00,325.62119038721335,331.5100842559183,324.23556830045925,329.2007141113281,3120000,0.0,0.0
2012-09-03 00:00:00+09:00,330.1244796689085,333.01119250266953,328.6233889953528,331.1636962890625,2073600,0.0,0.0
2012-09-04 00:00:00+09:00,329.6626354551033,332.43388002635464,328.50795021708194,331.5101318359375,3267200,0.0,0.0
2012-09-05 00:00:00+09:00,330.3554355796421,332.6648059786609,329.31621890008364,332.08746337890625,1909600,0.0,0.0
2012-09-06 00:00:00+09:00,331.7409454875522,332.66469333436754,329.2006389088101,332.5492248535156,2068000,0.0,0.0
2012-09-07 00:00:00+09:00,333.01114939915317,336.24426735448475,331.51005891989206,332.78021240234375,2770400,0.0,0.0
2012-09-10 00:00:00+09:00,331.6255731559709,336.59071927216405,329.8935454410198,336.12884521484375,1892000,0.0,0.0
2012-09-11 00:00:00+09:00,336.1287819372817,338.0917463113572,331.04816826320393,337.8608093261719,2971200,0.0,0.0
2012-09-12 00:00:00+09:00,338.322763901772,340.6321343038319,336.3597990600211,338.438232421875,1467200,0.0,0.0
2012-09-13 00:00:00+09:00,337.283522244602,341.67132568359375,336.3597741521827,341.67132568359375,2394400,0.0,0.0
2012-09-14 00:00:00+09:00,341.7867932700585,342.7105413599776,335.0896196181452,335.320556640625,3041600,0.0,0.0
2012-09-18 00:00:00+09:00,335.4359873965047,339.2464478385304,332.5492749404246,333.1266174316406,2781600,0.0,0.0
2012-09-19 00:00:00+09:00,330.23993820440575,336.01336369748975,329.54712714523566,331.0482177734375,3325600,0.0,0.0
2012-09-20 00:00:00+09:00,330.5864007690937,337.0526384369488,330.5864007690937,333.4731140136719,1879200,0.0,0.0
2012-09-21 00:00:00+09:00,333.4730066076502,339.1309627446913,333.4730066076502,337.8608093261719,1768000,0.0,0.0
2012-09-24 00:00:00+09:00,336.3597751492127,341.2094526487894,335.66696407784457,340.978515625,2090400,0.0,0.0
2012-09-25 00:00:00+09:00,341.09397961917335,344.0961608886719,338.5536723911362,344.0961608886719,2330400,0.0,0.0
2012-09-26 00:00:00+09:00,344.21165205522016,349.2922668457031,342.2486872498063,349.2922668457031,2596800,0.0,0.0
2012-09-27 00:00:00+09:00,348.71486956486933,355.0656370569448,347.56018456631017,352.1789245605469,3440000,0.0,0.0
2012-09-28 00:00:00+09:00,349.2921884444708,356.7976404275751,346.4054761432768,346.9828186035156,2838400,0.0,0.0
2012-10-01 00:00:00+09:00,347.56016331293114,349.869533168831,343.17236058672137,345.25079345703125,1395200,0.0,0.0
2012-10-02 00:00:00+09:00,345.7126903213265,352.7562688482473,343.056914811176,343.4033203125,2320800,0.0,0.0
2012-10-03 00:00:00+09:00,341.9022273137019,344.4425343048878,337.6298928285256,337.745361328125,2489600,0.0,0.0
2012-10-04 00:00:00+09:00,336.4751640537215,341.9021828287816,336.4751640537215,340.4010925292969,2463200,0.0,0.0
2012-10-05 00:00:00+09:00,340.4012234203047,347.5602722167969,340.285754891329,347.5602722167969,3350400,0.0,0.0
2012-10-09 00:00:00+09:00,347.5601637654772,350.44687608911073,344.32704596300766,344.9043884277344,3277600,0.0,0.0
2012-10-10 00:00:00+09:00,342.7104897580993,346.0590760798597,341.3248678318536,342.8259582519531,2451200,0.0,0.0
2012-10-11 00:00:00+09:00,340.4011522880525,340.4011522880525,332.4338254536307,334.0503845214844,5244000,0.0,0.0
2012-10-12 00:00:00+09:00,330.586333738701,336.4752275635958,329.7780541941076,330.9327392578125,4612000,0.0,0.0
2012-10-15 00:00:00+09:00,329.0852046288652,330.5862950359442,323.88912245051466,329.4316101074219,3711200,0.0,0.0
2012-10-16 00:00:00+09:00,335.20504576485115,339.2464431474794,334.39676628832547,336.5906677246094,2336000,0.0,0.0
2012-10-17 00:00:00+09:00,337.2835373578461,351.6016334319211,337.2835373578461,345.0199279785156,3969600,0.0,0.0
2012-10-18 00:00:00+09:00,346.98278396329925,351.0241807815074,345.0198197944553,350.44683837890625,2885600,0.0,0.0
2012-10-19 00:00:00+09:00,351.0242919921875,351.60163457770096,345.36633465415554,351.0242919921875,1425600,0.0,0.0
2012-10-22 00:00:00+09:00,348.1375139963355,355.64296620521174,346.4054865635179,354.48828125,2545600,0.0,0.0
2012-10-23 00:00:00+09:00,356.79770238711814,366.0351833550694,355.6430172661242,361.41644287109375,3002400,0.0,0.0
2012-10-24 00:00:00+09:00,358.52974679129466,364.8805152529762,355.6430338541667,363.725830078125,2517600,0.0,0.0
2012-10-25 00:00:00+09:00,359.68441112749684,371.23126220703125,359.68441112749684,371.23126220703125,2410400,0.0,0.0
2012-10-26 00:00:00+09:00,369.4992150992991,378.1593529531889,367.7671875285211,370.6539001464844,2442400,0.0,0.0
2012-10-29 00:00:00+09:00,370.6539001464844,371.23124267007705,367.18984500492843,370.6539001464844,1489600,0.0,0.0
2012-10-30 00:00:00+09:00,370.07651198980375,371.8085393470103,363.72574501337965,366.6124572753906,2472000,0.0,0.0
2012-10-31 00:00:00+09:00,361.99366122247307,364.3030306720582,352.7561834241324,363.1483459472656,4799200,0.0,0.0
2012-11-01 00:00:00+09:00,368.92187863192197,376.42733156183584,366.61250849964074,373.5406188964844,1876800,0.0,0.0
2012-11-02 00:00:00+09:00,368.3444560570053,372.9631953179082,361.41634716565096,364.8804016113281,2791200,0.0,0.0
2012-11-05 00:00:00+09:00,361.4164037459936,363.14843123998395,357.9523487580128,360.26171875,2142400,0.0,0.0
2012-11-06 00:00:00+09:00,362.57112709603655,362.57112709603655,354.48833126905487,355.065673828125,2758400,0.0,0.0
2012-11-07 00:00:00+09:00,367.18980176234766,384.5100754303829,367.18980176234766,372.9632263183594,5421600,0.0,0.0
2012-11-08 00:00:00+09:00,372.96323274064537,379.31399986161614,371.231205344017,375.8499450683594,2807200,0.0,0.0
2012-11-09 00:00:00+09:00,371.80859129727344,374.11796142955467,366.03516596657045,373.5406188964844,2498400,0.0,0.0
2012-11-12 00:00:00+09:00,373.54053772552106,373.54053772552106,363.1483743884895,364.8804016113281,2007200,0.0,0.0
2012-11-13 00:00:00+09:00,364.880451702582,367.1898216500667,360.2617118076126,365.4577941894531,2509600,0.0,0.0
2012-11-14 00:00:00+09:00,364.8804016113281,368.3444560570053,361.9936895732638,364.8804016113281,2253600,0.0,0.0
2012-11-15 00:00:00+09:00,364.880451702582,371.23121905816487,362.5710817550973,365.4577941894531,4237600,0.0,0.0
2012-11-16 00:00:00+09:00,366.0351148229884,367.767142180195,359.6843478465643,366.6124572753906,3728800,0.0,0.0
2012-11-19 00:00:00+09:00,366.0352613713924,371.8086882069033,361.9938625865347,370.07666015625,2867200,0.0,0.0
2012-11-20 00:00:00+09:00,370.65393909904526,373.5406520203774,368.3445687619796,371.8086242675781,2767200,0.0,0.0
2012-11-21 00:00:00+09:00,371.80853920394355,377.0046212735639,368.34448449086335,374.69525146484375,2086400,0.0,0.0
2012-11-22 00:00:00+09:00,377.0046679060036,377.0046679060036,368.9218725757064,370.6539001464844,4094400,0.0,0.0
2012-11-26 00:00:00+09:00,378.73665087437115,379.31399332997233,368.34448667354997,372.9632263183594,3399200,0.0,0.0
2012-11-27 00:00:00+09:00,374.1179952140983,380.4687636513746,373.54065262889134,378.1593933105469,3578400,0.0,0.0
2012-11-28 00:00:00+09:00,378.15930617792395,386.81944296062454,373.5405665604837,374.69525146484375,4101600,0.0,0.0
2012-11-29 00:00:00+09:00,371.80858645943005,380.46872434280186,367.18984625496506,377.0046691894531,4843200,0.0,0.0
2012-11-30 00:00:00+09:00,377.5821150424142,379.31414309306746,365.45791868784124,370.07666015625,27079200,0.0,0.0
2012-12-03 00:00:00+09:00,367.18974248403964,370.0764542960211,361.41631886007673,363.1483459472656,3488800,0.0,0.0
2012-12-04 00:00:00+09:00,362.5710817550973,368.344506623809,359.6843693207414,365.4577941894531,2220000,0.0,0.0
2012-12-05 00:00:00+09:00,367.7671595231655,368.9218444824219,363.72576216576806,368.9218444824219,2896000,0.0,0.0
2012-12-06 00:00:00+09:00,372.96323080062865,374.11791572570803,367.1898061752319,369.4991760253906,2500000,0.0,0.0
2012-12-07 00:00:00+09:00,369.49925595238096,369.49925595238096,360.839117140997,363.725830078125,2911200,0.0,0.0
2012-12-10 00:00:00+09:00,368.92188600163473,368.92188600163473,365.4578307340137,368.34454345703125,1819200,0.0,0.0
2012-12-11 00:00:00+09:00,370.0765932670929,373.5406487422919,365.45785263349427,367.18988037109375,1369600,0.0,0.0
2012-12-12 00:00:00+09:00,375.27260260281656,376.4272875339022,370.0765204129314,375.8499450683594,2743200,0.0,0.0
2012-12-13 00:00:00+09:00,379.89131602170073,380.4686584472656,373.54054934048685,380.4686584472656,3718400,0.0,0.0
2012-12-14 00:00:00+09:00,375.2725961407641,378.73665087437115,372.3858838627582,372.9632263183594,2064000,0.0,0.0
2012-12-17 00:00:00+09:00,376.42733156183584,379.31404422718737,370.65390623113285,373.5406188964844,1628800,0.0,0.0
2012-12-18 00:00:00+09:00,370.07655387421136,370.07655387421136,364.88047121451103,366.03515625,2172800,0.0,0.0
2012-12-19 00:00:00+09:00,366.0351722145385,368.344542386239,359.1070616994368,361.9937744140625,4098400,0.0,0.0
2012-12-20 00:00:00+09:00,368.3445137219551,368.3445137219551,358.5296912560096,360.26171875,4567200,0.0,0.0
2012-12-21 00:00:00+09:00,357.952264685699,367.7670848464359,357.952264685699,363.1483459472656,3576000,0.0,0.0
2012-12-25 00:00:00+09:00,368.92189615755416,369.4992387180511,361.41644287109375,361.41644287109375,1222400,0.0,0.0
2012-12-26 00:00:00+09:00,362.5747373046875,363.733123046875,359.09958007812503,361.99554443359375,1210400,1.25,0.0
2012-12-27 00:00:00+09:00,360.25811767578125,362.57489013671875,356.2037658691406,358.5205383300781,2012000,0.0,0.0
2012-12-28 00:00:00+09:00,361.9956067683945,367.7875364766888,358.52044894341793,367.2083435058594,1647200,0.0,0.0
2013-01-04 00:00:00+09:00,375.8962701824182,375.8962701824182,366.62918185742797,372.4211120605469,2923200,0.0,0.0
2013-01-07 00:00:00+09:00,373.57943630218506,374.1586292266846,368.36669998168946,370.6834716796875,1956000,0.0,0.0
2013-01-08 00:00:00+09:00,371.2626679487141,383.425719472775,370.10428208927976,381.10894775390625,2235200,0.0,0.0
2013-01-09 00:00:00+09:00,381.1089483079319,385.7424917524052,379.3713695162544,382.8465270996094,1991200,0.0,0.0
2013-01-10 00:00:00+09:00,378.21298310532035,382.8465265430578,377.05459724588593,381.10894775390625,1127200,0.0,0.0
2013-01-11 00:00:00+09:00,385.16330010876686,388.6384577037332,383.4257213112837,386.90087890625,1280800,0.0,0.0
2013-01-15 00:00:00+09:00,392.1136152986995,393.2720011636883,384.0049142437781,386.90087890625,1528800,0.0,0.0
2013-01-16 00:00:00+09:00,390.9552628296432,399.06396457722093,388.05929791979395,397.90557861328125,2767200,0.0,0.0
2013-01-17 00:00:00+09:00,398.4847158367714,413.54373126083544,398.4847158367714,412.3853454589844,4388000,0.0,0.0
2013-01-18 00:00:00+09:00,412.9645709464563,419.335693359375,412.38537799982737,419.335693359375,3470400,0.0,0.0
2013-01-21 00:00:00+09:00,419.914854683697,421.073240489721,413.543732750565,416.439697265625,2236800,0.0,0.0
2013-01-22 00:00:00+09:00,416.43975791718043,422.2316877908547,410.64782804350614,414.7021789550781,2590400,0.0,0.0
2013-01-23 00:00:00+09:00,417.01892038768307,421.6524639475462,415.2813415527344,415.2813415527344,1728800,0.0,0.0
2013-01-24 00:00:00+09:00,414.7020891751491,418.7564392089844,412.38531772724326,418.7564392089844,1418400,0.0,0.0
2013-01-25 00:00:00+09:00,426.2860405072774,426.2860405072774,415.2813737007036,422.8108825683594,1716000,0.0,0.0
2013-01-28 00:00:00+09:00,425.1276545276381,427.4444264869167,421.65249658872,422.8108825683594,1774400,0.0,0.0
2013-01-29 00:00:00+09:00,423.39007428487145,423.9692672729492,415.2813724517822,417.0189514160156,1799200,0.0,0.0
2013-01-30 00:00:00+09:00,419.914917619261,424.54846153781835,417.01895267016266,422.8108825683594,5505600,0.0,0.0
2013-01-31 00:00:00+09:00,423.39004466297865,423.96923761053404,420.4940799252018,421.6524658203125,2941600,0.0,0.0
2013-02-01 00:00:00+09:00,424.548367828749,427.44433213863135,415.2812820371256,418.7564392089844,3328000,0.0,0.0
2013-02-04 00:00:00+09:00,426.86523221333823,426.86523221333823,414.12298647562665,417.0189514160156,2536800,0.0,0.0
2013-02-05 00:00:00+09:00,422.810819198757,422.810819198757,415.281311459601,416.439697265625,1242400,0.0,0.0
2013-02-06 00:00:00+09:00,421.652433392733,424.54839790779295,412.96453984755306,416.439697265625,3300000,0.0,0.0
2013-02-07 00:00:00+09:00,417.0189251528988,433.815520749335,417.0189251528988,432.07794189453125,2909600,0.0,0.0
2013-02-08 00:00:00+09:00,433.2363902028068,446.557830008508,430.3404250276543,440.7658996582031,3135200,0.0,0.0
2013-02-12 00:00:00+09:00,442.5033559698808,446.55770609002366,436.13223435251336,440.18658447265625,3684000,0.0,0.0
2013-02-13 00:00:00+09:00,423.9692357274778,423.9692357274778,406.59344737799097,415.2813415527344,6333600,0.0,0.0
2013-02-14 00:00:00+09:00,418.1773380253233,428.6028118265086,417.5981450363686,419.9149169921875,2756800,0.0,0.0
2013-02-15 00:00:00+09:00,422.23159714375646,426.28594718491735,413.54370419841166,420.4940185546875,1634400,0.0,0.0
2013-02-18 00:00:00+09:00,422.23169044691315,429.1820063390434,418.17733950983717,426.865234375,1532800,0.0,0.0
2013-02-19 00:00:00+09:00,426.86523462277466,437.8699014583686,426.86523462277466,428.02362060546875,1982400,0.0,0.0
2013-02-20 00:00:00+09:00,433.2362982169607,435.55306986517974,430.3403336566869,434.973876953125,1276800,0.0,0.0
2013-02-21 00:00:00+09:00,436.71148583723266,439.0282576453877,431.4987492688837,433.236328125,1324800,0.0,0.0
2013-02-22 00:00:00+09:00,426.28601349809094,436.1322937011719,425.70682054496854,436.1322937011719,2251200,0.0,0.0
2013-02-25 00:00:00+09:00,439.028198724044,443.661741718493,437.8698129754317,440.18658447265625,1307200,0.0,0.0
2013-02-26 00:00:00+09:00,427.4444276141217,433.2363575275922,427.4444276141217,428.02362060546875,1902400,0.0,0.0
2013-02-27 00:00:00+09:00,430.919585312076,432.65716428510854,426.865234375,426.865234375,2172000,0.0,0.0
2013-02-28 00:00:00+09:00,430.9195844258347,433.2363563851134,422.2316895785397,422.8108825683594,3721600,0.0,0.0
2013-03-01 00:00:00+09:00,422.23162986921227,432.0779093037481,417.5980866059013,426.2859802246094,2456800,0.0,0.0
2013-03-04 00:00:00+09:00,423.3900764289349,430.3403923210651,419.9149184828697,426.865234375,2706400,0.0,0.0
2013-03-05 00:00:00+09:00,429.1820063390434,433.2363572761194,426.28604138398913,426.865234375,1750400,0.0,0.0
2013-03-06 00:00:00+09:00,428.6028125935149,429.1820055835061,422.23168970361127,423.39007568359375,1657600,0.0,0.0
2013-03-07 00:00:00+09:00,430.91961544335135,432.0780015063711,420.49414087617345,422.2317199707031,1898400,0.0,0.0
2013-03-08 00:00:00+09:00,414.12289606237016,422.81078898675554,414.12289606237016,418.17724609375,4582400,0.0,0.0
2013-03-11 00:00:00+09:00,418.7564392089844,420.49401779491376,415.2812820371256,418.7564392089844,2432000,0.0,0.0
2013-03-12 00:00:00+09:00,419.335693359375,426.2860087189227,417.01892157285914,419.335693359375,3236800,0.0,0.0
2013-03-13 00:00:00+09:00,415.860504362613,420.494047586709,415.860504362613,416.439697265625,1230400,0.0,0.0
2013-03-14 00:00:00+09:00,419.33566471531805,430.9195228566252,418.1772789011873,424.54840087890625,3923200,0.0,0.0
2013-03-15 00:00:00+09:00,430.3403328483204,440.1866123347557,429.1819470263868,432.6571044921875,4327200,0.0,0.0
2013-03-18 00:00:00+09:00,425.70684751745773,428.02361947673637,420.4941106090807,422.8108825683594,1620800,0.0,0.0
2013-03-19 00:00:00+09:00,428.6027570909715,441.9241941356909,428.6027570909715,441.3450012207031,2144800,0.0,0.0
2013-03-21 00:00:00+09:00,448.29541078065057,459.30007848715235,447.71621774346625,452.928955078125,3000800,0.0,0.0
2013-03-22 00:00:00+09:00,458.1416924127837,462.19604367307386,451.7705690037564,452.928955078125,1928800,0.0,0.0
2013-03-25 00:00:00+09:00,452.3496721484993,459.29998721352104,452.3496721484993,457.5624084472656,1698400,0.0,0.0
2013-03-26 00:00:00+09:00,458.1416350904434,470.8838803141978,458.1416350904434,469.7254943847656,3207200,0.0,0.0
2013-03-27 00:00:00+09:00,478.9926128246166,481.8885778356481,466.25036677607784,469.1463317871094,2444800,0.0,0.0
2013-03-28 00:00:00+09:00,483.04690533439936,485.94286999467755,473.20062548945356,482.46771240234375,2742400,0.0,0.0
2013-03-29 00:00:00+09:00,484.2052913821287,486.5220631112298,475.51739739799956,483.0469055175781,1739200,0.0,0.0
2013-04-01 00:00:00+09:00,483.62606129142813,485.3636399547506,466.2502746582031,466.2502746582031,1410400,0.0,0.0
2013-04-02 00:00:00+09:00,470.30474890868845,476.09667931396785,462.19604634129723,473.2007141113281,2443200,0.0,0.0
2013-04-03 00:00:00+09:00,472.0421814037592,488.25958150106624,467.9878313794324,485.94281005859375,5312800,0.0,0.0
2013-04-04 00:00:00+09:00,485.9429130801372,538.0702815869457,474.9382463953665,536.3327026367188,7337600,0.0,0.0
2013-04-05 00:00:00+09:00,536.9118974401596,553.1293010305851,531.1199675864361,544.44140625,4515200,0.0,0.0
2013-04-08 00:00:00+09:00,551.9709176381429,563.5547773996989,538.6494789123535,556.0252685546875,2752800,0.0,0.0
2013-04-09 00:00:00+09:00,556.0252983997901,556.0252983997901,542.1246659397954,551.970947265625,2124800,0.0,0.0
2013-04-10 00:00:00+09:00,551.9709176381429,557.1836545308431,541.5454438527426,556.0252685546875,2446400,0.0,0.0
2013-04-11 00:00:00+09:00,556.0252079002079,590.776783393971,549.0748928014553,557.18359375,4540000,0.0,0.0
2013-04-12 00:00:00+09:00,562.3963635515753,569.346679064056,557.762819876588,567.0299072265625,2222400,0.0,0.0
2013-04-15 00:00:00+09:00,569.3467098313935,571.084288803412,560.0796219806282,567.609130859375,1812800,0.0,0.0
2013-04-16 00:00:00+09:00,568.1882074971599,589.6183437636174,565.8714360088941,581.5096435546875,5264800,0.0,0.0
2013-04-17 00:00:00+09:00,586.1434938945467,588.4602665976872,578.034789433555,583.8267211914062,1633600,0.0,0.0
2013-04-18 00:00:00+09:00,576.8760610437049,578.6136395408245,560.6586617372553,562.396240234375,2909600,0.0,0.0
2013-04-19 00:00:00+09:00,565.2923248514237,565.8715178072141,550.8125009566638,554.2876586914062,2519200,0.0,0.0
2013-04-22 00:00:00+09:00,561.2379159172662,568.7674235611511,557.7627585431654,563.5546875,2582400,0.0,0.0
2013-04-23 00:00:00+09:00,569.9257515672492,586.1431510020897,565.8714017085391,571.663330078125,2610400,0.0,0.0
2013-04-24 00:00:00+09:00,578.034486322289,586.1431865312189,578.034486322289,581.5096435546875,2220000,0.0,0.0
2013-04-25 00:00:00+09:00,587.301578965298,597.72705078125,580.3512644213299,597.72705078125,2359200,0.0,0.0
2013-04-26 00:00:00+09:00,597.7271114608617,602.3606549605582,587.3016385865443,596.5687255859375,2835200,0.0,0.0
2013-04-30 00:00:00+09:00,608.1524692686264,623.2114827933733,604.6773123013771,615.102783203125,3602400,0.0,0.0
2013-05-01 00:00:00+09:00,606.9941970018958,606.9941970018958,590.7767947919215,591.9351806640625,2625600,0.0,0.0
2013-05-02 00:00:00+09:00,588.4599614171476,593.0935044204323,583.826418413863,589.6183471679688,2595200,0.0,0.0
2013-05-07 00:00:00+09:00,601.2022046761804,608.1525191811073,584.9848041646842,589.6183471679688,4431200,0.0,0.0
2013-05-08 00:00:00+09:00,629.0034807892124,648.6960391196297,616.2612371636483,633.6370239257812,7876800,0.0,0.0
2013-05-09 00:00:00+09:00,639.4290157809664,651.0128747625057,629.0035426975811,638.2706298828125,5146400,0.0,0.0
2013-05-10 00:00:00+09:00,648.6960984694471,656.8047997003151,611.6277499854787,623.2116088867188,3755200,0.0,0.0
2013-05-13 00:00:00+09:00,611.6276262358757,623.2114827933733,594.2518413996293,615.102783203125,3644800,0.0,0.0
2013-05-14 00:00:00+09:00,615.1030268804851,619.7365713390951,604.6775518486124,610.469482421875,2612000,0.0,0.0
2013-05-15 00:00:00+09:00,611.6276279406601,624.3698701894239,610.4692422816817,618.5779418945312,3229600,0.0,0.0
2013-05-16 00:00:00+09:00,616.2614132280836,617.4197993431741,597.7272353866375,612.7862548828125,3634400,0.0,0.0
2013-05-17 00:00:00+09:00,617.4196242453835,644.0624973366478,613.9444668856535,637.1121826171875,6242400,0.0,0.0
2013-05-20 00:00:00+09:00,638.2704963181203,638.2704963181203,611.6276262358757,615.102783203125,4213600,0.0,0.0
2013-05-21 00:00:00+09:00,604.6774252576138,604.6774252576138,586.1432513033574,591.9351806640625,4016000,0.0,0.0
2013-05-22 00:00:00+09:00,596.5687255859375,601.202269085634,584.984866836696,596.5687255859375,3014400,0.0,0.0
2013-05-23 00:00:00+09:00,598.8855148974661,603.5190585330364,549.6541137695312,549.6541137695312,3487200,0.0,0.0
2013-05-24 00:00:00+09:00,554.8668571848644,586.1432771096897,551.9708923770102,575.1386108398438,5092800,0.0,0.0
2013-05-27 00:00:00+09:00,558.921142578125,569.3466146676652,545.0205131254048,558.921142578125,3329600,0.0,0.0
2013-05-28 00:00:00+09:00,550.812383586911,565.8713972286141,547.916419425045,562.396240234375,3487200,0.0,0.0
2013-05-29 00:00:00+09:00,568.7674861046827,572.8218368202965,559.5003987547083,567.0299072265625,3082400,0.0,0.0
2013-05-30 00:00:00+09:00,555.4461975097656,562.3965148925781,531.1200866699219,535.1744384765625,2295200,0.0,0.0
2013-05-31 00:00:00+09:00,543.2831420898438,553.7086181640625,525.9073486328125,530.5408935546875,4037600,0.0,0.0
2013-06-03 00:00:00+09:00,524.169583928665,533.4366704953597,513.7441115411336,517.7984619140625,2228800,0.0,0.0
2013-06-04 00:00:00+09:00,517.7985242995541,524.7488400619642,503.31869979453296,523.5904541015625,2078400,0.0,0.0
2013-06-05 00:00:00+09:00,528.2238636876807,528.8030565206716,501.0018005371094,501.0018005371094,2564000,0.0,0.0
2013-06-06 00:00:00+09:00,516.6401691457704,542.1246617942165,509.1106599541841,527.6448364257812,4882400,0.0,0.0
2013-06-07 00:00:00+09:00,531.1199665642604,556.0252648873391,515.4817559893039,539.807861328125,5492800,0.0,0.0
2013-06-10 00:00:00+09:00,542.1245777027027,558.3419795997921,542.1245777027027,557.18359375,2460000,0.0,0.0
2013-06-11 00:00:00+09:00,561.8171348170231,567.6090640419408,544.4413471422697,550.2332763671875,2624800,0.0,0.0
2013-06-12 00:00:00+09:00,550.2334289871682,556.025359818612,539.8079534905692,550.8126220703125,2680800,0.0,0.0
2013-06-13 00:00:00+09:00,535.1743420173532,535.1743420173532,503.31872642108215,507.9522705078125,3360000,0.0,0.0
2013-06-14 00:00:00+09:00,505.6354400943024,524.7488072456334,505.6354400943024,516.0609130859375,4978400,0.0,0.0
2013-06-17 00:00:00+09:00,508.53155517578125,534.5952453613281,499.26446533203125,530.5408935546875,5405600,0.0,0.0
2013-06-18 00:00:00+09:00,535.7534113004721,538.64937568588,518.3776249880243,519.5360107421875,2691200,0.0,0.0
2013-06-19 00:00:00+09:00,535.7536013358914,545.5998837388214,529.3824774281132,540.3871459960938,3285600,0.0,0.0
2013-06-20 00:00:00+09:00,535.1743137055794,535.7535066857802,520.1152962203574,523.5904541015625,2396000,0.0,0.0
2013-06-21 00:00:00+09:00,515.4817815173271,524.7488697243803,497.52679811616184,518.3777465820312,5778400,0.0,0.0
2013-06-24 00:00:00+09:00,526.4863832310268,531.1199267578126,506.2146303013393,506.7938232421875,2677600,0.0,0.0
2013-06-25 00:00:00+09:00,507.3730472916222,518.3777138424679,502.7395034807398,509.1106262207031,2416000,0.0,0.0
2013-06-26 00:00:00+09:00,524.598222321155,524.598222321155,503.637583027524,504.80206298828125,1840800,2.875,0.0
2013-06-27 00:00:00+09:00,521.1046735661853,536.8251497519808,512.9533155439209,535.0784301757812,3611200,0.0,0.0
2013-06-28 00:00:00+09:00,546.7232736221868,564.1904708625121,542.0653543581,561.8615112304688,2900800,0.0,0.0
2013-07-01 00:00:00+09:00,568.2660771672366,575.2529551651944,559.5324796697893,574.6707153320312,2444000,0.0,0.0
2013-07-02 00:00:00+09:00,578.7464399857955,581.0753995028409,564.7726828835227,576.41748046875,2472800,0.0,0.0
2013-07-03 00:00:00+09:00,576.999785239652,579.9109849633637,554.2924273947011,562.4437866210938,2156000,0.0,0.0
2013-07-04 00:00:00+09:00,554.292450482184,571.1774095830068,553.1279705441962,568.8484497070312,2233600,0.0,0.0
2013-07-05 00:00:00+09:00,579.3286787630793,585.7333174227716,574.0885198596947,583.4043579101562,1128000,0.0,0.0
2013-07-08 00:00:00+09:00,588.0624195500823,599.7072199372127,585.7334594726562,585.7334594726562,1343200,0.0,0.0
2013-07-09 00:00:00+09:00,598.5426013653096,611.3518788264348,589.2267632117639,605.5294799804688,2703200,0.0,0.0
2013-07-10 00:00:00+09:00,602.036147525306,620.667827139242,600.8716675494351,618.3388671875,2259200,0.0,0.0
2013-07-11 00:00:00+09:00,616.0098641418571,632.3125826635696,604.3650651977765,627.6546630859375,2182400,0.0,0.0
2013-07-12 00:00:00+09:00,625.3258571340077,625.3258571340077,612.516575144298,624.161376953125,1668000,0.0,0.0
2013-07-16 00:00:00+09:00,626.4900813922424,639.2993581493329,624.1611219818623,629.9835205078125,2093600,0.0,0.0
2013-07-17 00:00:00+09:00,628.8191116164091,635.8059906343692,624.1611922711023,631.1480712890625,1612800,0.0,0.0
2013-07-18 00:00:00+09:00,632.3125511253892,635.8059906343692,626.4901519437558,631.1480712890625,6401600,0.0,0.0
2013-07-19 00:00:00+09:00,634.6415768029555,635.8060567603922,609.0230177393499,617.1743774414062,2776000,0.0,0.0
2013-07-22 00:00:00+09:00,628.8191798475922,643.9574193624417,620.6678201088271,639.2994995117188,5050400,0.0,0.0
2013-07-23 00:00:00+09:00,631.1480811805795,634.6415207443097,624.1612020531193,632.3125610351562,2011200,0.0,0.0
2013-07-24 00:00:00+09:00,629.9836790219841,643.9574390002906,626.4902390274075,641.6284790039062,1432000,0.0,0.0
2013-07-25 00:00:00+09:00,646.2863060025102,650.9442253250508,641.6283866799695,645.121826171875,2492000,0.0,0.0
2013-07-26 00:00:00+09:00,631.1480811805795,639.2994401626165,629.9836013260028,632.3125610351562,1729600,0.0,0.0
2013-07-29 00:00:00+09:00,632.3125610351562,641.62839987177,619.5032826348124,632.3125610351562,3531200,0.0,0.0
2013-07-30 00:00:00+09:00,620.6676334060786,620.6676334060786,603.2004392201665,610.1873168945312,2884000,0.0,0.0
2013-07-31 00:00:00+09:00,602.0361548232289,602.0361548232289,590.3913549233598,597.3782348632812,3084800,0.0,0.0
2013-08-01 00:00:00+09:00,598.5424910038989,621.8320820935448,598.5424910038989,620.6676025390625,2715200,0.0,0.0
2013-08-02 00:00:00+09:00,625.3257072202621,649.77978515625,618.3388278099799,649.77978515625,2132800,0.0,0.0
2013-08-05 00:00:00+09:00,648.6153150636949,656.7666744989657,646.2863552250461,650.9442749023438,1864000,0.0,0.0
2013-08-06 00:00:00+09:00,652.1086736983842,654.437633247307,631.148037758079,648.615234375,1508000,0.0,0.0
2013-08-07 00:00:00+09:00,635.8059095747016,635.8059095747016,621.8321533203125,621.8321533203125,1668800,0.0,0.0
2013-08-08 00:00:00+09:00,611.3520539564894,621.8323748814578,602.0362131342953,604.3651733398438,2698400,0.0,0.0
2013-08-09 00:00:00+09:00,600.871674833242,609.0230347631503,591.5558349133468,597.3782348632812,2602400,0.0,0.0
2013-08-12 00:00:00+09:00,588.0621440420038,596.2135004940711,578.7463080967839,589.2266235351562,1545600,0.0,0.0
2013-08-13 00:00:00+09:00,591.5557435501454,603.2005416515261,589.2267839298692,600.87158203125,790400,0.0,0.0
2013-08-14 00:00:00+09:00,611.3520890868679,616.010009765625,593.8848865415288,616.010009765625,1812000,0.0,0.0
2013-08-15 00:00:00+09:00,604.3651148032027,614.8454347130848,589.226874933373,597.3782348632812,1230400,0.0,0.0
2013-08-16 00:00:00+09:00,590.3912750064977,600.8715934977373,589.2267951741378,595.0491943359375,1289600,0.0,0.0
2013-08-19 00:00:00+09:00,607.8584395188552,613.6808383648213,597.3781215961163,605.5294799804688,1934400,0.0,0.0
2013-08-20 00:00:00+09:00,605.5294984759706,625.3256551569158,602.0360590616862,614.8453369140625,2724000,0.0,0.0
2013-08-21 00:00:00+09:00,607.8584608920785,607.8584608920785,589.2267839298692,600.87158203125,1200800,0.0,0.0
2013-08-22 00:00:00+09:00,604.3650002112756,610.1873990572416,599.7070811345027,605.5294799804688,1059200,0.0,0.0
2013-08-23 00:00:00+09:00,617.1744092908712,618.3388893084011,606.6940891331016,613.6809692382812,1629600,0.0,0.0
2013-08-26 00:00:00+09:00,619.5032360236455,619.5032360236455,611.3518776549133,612.516357421875,876000,0.0,0.0
2013-08-27 00:00:00+09:00,612.5165340592637,613.6810141620379,602.0362131342953,604.3651733398438,668800,0.0,0.0
2013-08-28 00:00:00+09:00,600.87158203125,604.3650214616642,593.8847031704215,600.87158203125,1356000,0.0,0.0
2013-08-29 00:00:00+09:00,596.2136221042472,603.2005004882812,592.72018291223,603.2005004882812,1116000,0.0,0.0
2013-08-30 00:00:00+09:00,605.5295128271771,605.5295128271771,590.3912750064977,595.0491943359375,1804000,0.0,0.0
2013-09-02 00:00:00+09:00,602.0359596077723,612.5162761193195,597.3780411581957,610.1873168945312,1187200,0.0,0.0
2013-09-03 00:00:00+09:00,611.3518776549133,612.516357421875,609.0229181209899,612.516357421875,1391200,0.0,0.0
2013-09-04 00:00:00+09:00,606.693847885275,625.3255207569916,602.0359296673458,620.6676025390625,1689600,0.0,0.0
2013-09-05 00:00:00+09:00,620.6676025390625,624.1610412025094,613.6807252121688,620.6676025390625,1039200,0.0,0.0
2013-09-06 00:00:00+09:00,622.9965926308669,624.161072243261,605.5293984449547,610.1873168945312,995200,0.0,0.0
2013-09-09 00:00:00+09:00,639.2993274107299,639.2993274107299,618.3386937251322,626.4900512695312,1456000,0.0,0.0
2013-09-10 00:00:00+09:00,631.1480599077354,638.1349387997029,627.6546204617516,636.970458984375,1141600,0.0,0.0
2013-09-11 00:00:00+09:00,633.477040889733,641.62839987177,628.8191214714261,632.3125610351562,1351200,0.0,0.0
2013-09-12 00:00:00+09:00,631.1480325110873,635.8059515702097,618.3387550985007,619.5032348632812,1224000,0.0,0.0
2013-09-13 00:00:00+09:00,616.0098641418571,632.3125826635696,612.5164244586329,627.6546630859375,2349600,0.0,0.0
2013-09-17 00:00:00+09:00,634.641611287882,650.944331577846,627.6547311636118,635.8060913085938,1419200,0.0,0.0
2013-09-18 00:00:00+09:00,645.121764264788,652.108642578125,641.6283251081194,652.108642578125,1910400,0.0,0.0
2013-09-19 00:00:00+09:00,661.4244984483885,669.5758567039144,654.4376199436521,668.411376953125,2625600,0.0,0.0
2013-09-20 00:00:00+09:00,669.5759647728031,683.5497240376269,666.0825249565972,681.2207641601562,3360800,0.0,0.0
2013-09-24 00:00:00+09:00,669.5760082330819,675.3984083046739,667.2470482044452,671.9049682617188,1938400,0.0,0.0
2013-09-25 00:00:00+09:00,664.9179647086229,689.3720404684847,661.424525314357,685.8786010742188,2203200,0.0,0.0
2013-09-26 00:00:00+09:00,697.523384044373,724.3064188240401,697.523384044373,712.66162109375,6730400,0.0,0.0
2013-09-27 00:00:00+09:00,731.2934472967753,742.938247412966,726.6355272502991,730.1289672851562,5824000,0.0,0.0
2013-09-30 00:00:00+09:00,699.8525517657521,730.1290348704268,699.8525517657521,716.1552734375,2731200,0.0,0.0
2013-10-01 00:00:00+09:00,716.155060412837,717.319540185866,705.6747424555759,712.66162109375,1946400,0.0,0.0
2013-10-02 00:00:00+09:00,712.6617235527664,731.2934025998975,709.1682837314293,710.332763671875,2801600,0.0,0.0
2013-10-03 00:00:00+09:00,710.3328728404472,719.6487137957317,697.5235915269309,716.1552734375,2508800,0.0,0.0
2013-10-04 00:00:00+09:00,717.3196433145491,718.4841232549949,703.3458840292008,710.332763671875,1959200,0.0,0.0
2013-10-07 00:00:00+09:00,704.5102880445578,705.6747678595075,682.3851715605138,687.0430908203125,2048800,0.0,0.0
2013-10-08 00:00:00+09:00,687.0431106154983,692.8655098580026,681.2207113729942,689.3720703125,1035200,0.0,0.0
2013-10-09 00:00:00+09:00,677.7273221863103,689.3721215365905,670.7404425761421,688.2076416015625,2120800,0.0,0.0
2013-10-10 00:00:00+09:00,688.2075904639992,695.1944695550043,682.385191221495,689.3720703125,1576800,0.0,0.0
2013-10-11 00:00:00+09:00,701.0168415684853,724.3064376338835,701.0168415684853,721.9774780273438,3365600,0.0,0.0
2013-10-15 00:00:00+09:00,734.7869165814112,737.1158766973587,724.3065960596479,733.6224365234375,1572800,0.0,0.0
2013-10-16 00:00:00+09:00,734.7867221141424,739.4446411132812,732.4577626145731,739.4446411132812,1132000,0.0,0.0
2013-10-17 00:00:00+09:00,747.5961666926285,760.4054468072997,742.9382466509298,759.240966796875,2109600,0.0,0.0
2013-10-18 00:00:00+09:00,756.9120067760257,763.8988868385736,754.5830467551764,759.240966796875,1857600,0.0,0.0
2013-10-21 00:00:00+09:00,756.9119262695312,761.5698458158054,754.5829664963943,756.9119262695312,3456000,0.0,0.0
2013-10-22 00:00:00+09:00,767.3921199925356,779.036916957521,766.2276402960372,770.8855590820312,1267200,0.0,0.0
2013-10-23 00:00:00+09:00,769.7212770054783,770.885757000948,753.4185570689024,758.0764770507812,1663200,0.0,0.0
2013-10-24 00:00:00+09:00,758.0764140647296,768.5567331531821,751.0895346724279,765.0632934570312,1085600,0.0,0.0
2013-10-25 00:00:00+09:00,766.2276753583292,766.2276753583292,739.4446411132812,739.4446411132812,2021600,0.0,0.0
2013-10-28 00:00:00+09:00,747.5961332335595,776.7081321912526,746.4316532752517,769.7212524414062,1656800,0.0,0.0
2013-10-29 00:00:00+09:00,747.5961141629718,769.7212328064243,746.4316342343691,767.3922729492188,1342400,0.0,0.0
2013-10-30 00:00:00+09:00,769.7210984870569,782.5303754664179,767.392139036264,780.201416015625,1577600,0.0,0.0
2013-10-31 00:00:00+09:00,779.0371269740941,779.0371269740941,756.9120067760257,759.240966796875,2144000,0.0,0.0
2013-11-01 00:00:00+09:00,733.6222733123393,759.2408288883258,732.4577935134308,735.9512329101562,2804000,0.0,0.0
2013-11-05 00:00:00+09:00,724.3063974752055,727.7998366913239,708.0036811333198,717.3195190429688,4710400,0.0,0.0
2013-11-06 00:00:00+09:00,728.9644775390625,761.5699174289886,718.4841575744433,728.9644775390625,5718400,0.0,0.0
2013-11-07 00:00:00+09:00,735.9513452109746,746.4316650003715,734.786865234375,734.786865234375,2867200,0.0,0.0
2013-11-08 00:00:00+09:00,724.3065008604566,727.7999405752176,711.4972219063327,714.9906616210938,1505600,0.0,0.0
2013-11-11 00:00:00+09:00,726.6354727909483,728.9644326396373,704.5103542284033,709.1682739257812,1389600,0.0,0.0
2013-11-12 00:00:00+09:00,712.6616396011844,725.4709174371535,710.3326799946446,721.9774780273438,1748000,0.0,0.0
2013-11-13 00:00:00+09:00,724.3065306232273,732.4578902926205,713.8262110482931,718.484130859375,1669600,0.0,0.0
2013-11-14 00:00:00+09:00,723.1420775587185,734.7868775194064,716.1551975823057,728.9644775390625,1524000,0.0,0.0
2013-11-15 00:00:00+09:00,733.6222733123393,738.2801925079732,725.47091471998,735.9512329101562,1662400,0.0,0.0
2013-11-18 00:00:00+09:00,741.7735190730524,745.2669579383886,730.1287228552651,737.1156005859375,1922400,0.0,0.0
2013-11-19 00:00:00+09:00,727.7999927713665,728.9644727598006,708.0038329679853,713.8262329101562,2676800,0.0,0.0
2013-11-20 00:00:00+09:00,712.6616020960524,718.4840008059874,701.0168046761822,703.3457641601562,2792000,0.0,0.0
2013-11-21 00:00:00+09:00,708.0037841796875,714.9906636288292,704.5103444551168,708.0037841796875,2824800,0.0,0.0
2013-11-22 00:00:00+09:00,716.1549996857595,717.3194793600454,702.1812435943301,705.6746826171875,2022400,0.0,0.0
2013-11-25 00:00:00+09:00,709.1681718342433,711.4971313476562,697.5233742671786,711.4971313476562,2326400,0.0,0.0
2013-11-26 00:00:00+09:00,708.0039711378737,710.3329315692483,701.01708984375,701.01708984375,1686400,0.0,0.0
2013-11-27 00:00:00+09:00,699.8523337805915,716.1550503744821,698.687854023885,711.4971313476562,1609600,0.0,0.0
2013-11-28 00:00:00+09:00,711.4971597979146,723.1419578306137,711.4971597979146,721.9774780273438,936000,0.0,0.0
2013-11-29 00:00:00+09:00,731.2934472967753,733.6224073200135,718.4841671689655,730.1289672851562,1747200,0.0,0.0
2013-12-02 00:00:00+09:00,731.2932849963634,738.2801635154368,720.812967217753,725.4708862304688,1731200,0.0,0.0
2013-12-03 00:00:00+09:00,724.3065129422594,726.6354727909483,708.0037940014367,709.1682739257812,2268800,0.0,0.0
2013-12-04 00:00:00+09:00,706.8392680400127,706.8392680400127,673.0693524334882,689.3720703125,5172000,0.0,0.0
2013-12-05 00:00:00+09:00,689.3721684764948,694.0300885337684,670.7404882474003,671.9049682617188,2990400,0.0,0.0
2013-12-06 00:00:00+09:00,667.2469994605004,671.9049191775022,655.6022001679961,666.08251953125,3179200,0.0,0.0
2013-12-09 00:00:00+09:00,675.3984083046739,677.7273683333108,666.0825681901267,671.9049682617188,1993600,0.0,0.0
2013-12-10 00:00:00+09:00,670.7404447115384,690.5366036700387,662.5890851403913,681.2207641601562,3762400,0.0,0.0
2013-12-11 00:00:00+09:00,671.9047139485677,681.2205505371094,669.5757548014324,677.7271118164062,1684000,0.0,0.0
2013-12-12 00:00:00+09:00,677.7273414444561,694.0300609981028,675.398381508221,690.53662109375,2455200,0.0,0.0
2013-12-13 00:00:00+09:00,704.510273815576,718.4840313127445,699.8523546498533,706.8392333984375,6004800,0.0,0.0
2013-12-16 00:00:00+09:00,708.0037462113295,712.6616655942987,696.3589477539062,696.3589477539062,1993600,0.0,0.0
2013-12-17 00:00:00+09:00,697.5234789057592,701.016918699945,692.8655591801783,695.1945190429688,1520800,0.0,0.0
2013-12-18 00:00:00+09:00,698.6879716622772,718.484130859375,698.6879716622772,718.484130859375,2672000,0.0,0.0
2013-12-19 00:00:00+09:00,726.6353771617112,739.4446546437285,716.1550592218788,719.6484985351562,2938400,0.0,0.0
2013-12-20 00:00:00+09:00,720.8132535104339,724.3066941574958,699.8526096280626,701.01708984375,2800800,0.0,0.0
2013-12-24 00:00:00+09:00,712.6618591813017,719.6487401536674,702.1815377227531,704.510498046875,2720800,0.0,0.0
2013-12-25 00:00:00+09:00,701.0168870035807,704.5103266398112,695.1944876098632,698.6879272460938,1500000,0.0,0.0
2013-12-26 00:00:00+09:00,705.6864771349677,712.6850207098599,701.0207814183728,710.3521728515625,1091200,1.25,0.0
2013-12-27 00:00:00+09:00,720.8499485462856,727.8484917360554,716.1842530864391,726.6820678710938,1311200,0.0,0.0
2013-12-30 00:00:00+09:00,733.6806327304811,744.1784478251939,730.1813610322434,743.0120239257812,2370400,0.0,0.0
2014-01-06 00:00:00+09:00,741.8457171426435,744.1785653097587,725.5157799728369,731.347900390625,3058400,0.0,0.0
2014-01-07 00:00:00+09:00,731.3477056687877,733.6805532147807,712.6849253008443,723.1827392578125,2862400,0.0,0.0
2014-01-08 00:00:00+09:00,733.6805918408361,750.010525522508,716.1842343247589,725.515625,3011200,0.0,0.0
2014-01-09 00:00:00+09:00,723.1829035301392,724.3493275680911,706.8529669988136,722.0164794921875,2819200,0.0,0.0
2014-01-10 00:00:00+09:00,717.3506393064048,727.848453540157,692.8557394276495,724.3491821289062,4096800,0.0,0.0
2014-01-14 00:00:00+09:00,712.685185683401,719.683730878328,699.8545194927015,709.1859130859375,3372000,0.0,0.0
2014-01-15 00:00:00+09:00,726.6821994357639,736.0135920448909,722.0165031312004,734.84716796875,2712800,0.0,0.0
2014-01-16 00:00:00+09:00,736.0136385396798,754.6764249368825,734.8472143898547,745.3450317382812,3377600,0.0,0.0
2014-01-17 00:00:00+09:00,753.5099305497839,769.8398671251663,750.0106584264877,767.5070190429688,2542400,0.0,0.0
2014-01-20 00:00:00+09:00,769.8398671251663,771.006291166265,755.8427786319813,767.5070190429688,2528800,0.0,0.0
2014-01-21 00:00:00+09:00,769.8399187570594,780.3377358310194,768.6734946377305,774.505615234375,1982400,0.0,0.0
2014-01-22 00:00:00+09:00,775.6718630465273,790.8353731511962,761.6747767960636,786.169677734375,3488800,0.0,0.0
2014-01-23 00:00:00+09:00,790.8354475666706,790.8354475666706,775.6719360351562,775.6719360351562,1992000,0.0,0.0
2014-01-24 00:00:00+09:00,758.1756267141789,769.8398671251663,754.6763545908826,767.5070190429688,3573600,0.0,0.0
2014-01-27 00:00:00+09:00,743.0121271865173,754.6763678016903,741.845703125,741.845703125,4188000,0.0,0.0
2014-01-28 00:00:00+09:00,752.3434724807739,757.009168434143,743.0120805740356,746.5113525390625,3390400,0.0,0.0
2014-01-29 00:00:00+09:00,758.1755498629897,782.6704522431786,758.1755498629897,781.5040283203125,3029600,0.0,0.0
2014-01-30 00:00:00+09:00,758.1754998315739,759.3419236774686,734.8470229136793,737.1798706054688,7897600,0.0,0.0
2014-01-31 00:00:00+09:00,746.511299783123,752.3434193126787,733.6806368181007,739.5127563476562,6925600,0.0,0.0
2014-02-03 00:00:00+09:00,731.3478186453342,737.1799384112459,712.6850353944166,715.0178833007812,1884000,0.0,0.0
2014-02-04 00:00:00+09:00,689.3566425756081,697.521611269397,677.6924015844811,678.8588256835938,3088800,0.0,0.0
2014-02-05 00:00:00+09:00,678.8588527091107,704.5201839111733,677.6924285635624,703.353759765625,2395200,0.0,0.0
2014-02-06 00:00:00+09:00,687.0236506629828,703.3535846345987,682.3579552425213,696.3550415039062,3595200,0.0,0.0
2014-02-07 00:00:00+09:00,698.6879486711058,701.0207965798573,671.8601977204623,681.1915893554688,3564800,0.0,0.0
2014-02-10 00:00:00+09:00,691.689347022577,696.3550424493734,675.3594130287893,677.6922607421875,4748000,0.0,0.0
2014-02-12 00:00:00+09:00,688.1900865204481,696.3550536486567,682.3579671431561,685.8572387695312,2159200,0.0,0.0
2014-02-13 00:00:00+09:00,692.8557010371193,698.6878197327179,682.3578873850417,684.6907348632812,2135200,0.0,0.0
2014-02-14 00:00:00+09:00,684.6909319075746,689.3566282067744,667.1945707855753,674.193115234375,2065600,0.0,0.0
2014-02-17 00:00:00+09:00,677.6923048974692,694.0222399552395,674.1930330993755,691.6893920898438,2223200,0.0,0.0
2014-02-18 00:00:00+09:00,688.1900745180983,697.5214653590217,677.6922598220596,696.3550415039062,2048800,0.0,0.0
2014-02-19 00:00:00+09:00,697.5214653590217,702.1871607794834,689.3564983732138,696.3550415039062,1870400,0.0,0.0
2014-02-20 00:00:00+09:00,687.023751679252,692.8558718123526,677.692359466291,680.0252075195312,1080000,0.0,0.0
2014-02-21 00:00:00+09:00,694.022129313151,704.5199430338541,691.6892818196615,699.854248046875,1356800,0.0,0.0
2014-02-24 00:00:00+09:00,682.3580410814038,685.8573130869495,655.5302890388871,675.3594970703125,5681600,0.0,0.0
2014-02-25 00:00:00+09:00,687.0237989683409,690.5230712890625,678.8588302199904,690.5230712890625,1833600,0.0,0.0
2014-02-26 00:00:00+09:00,678.8586655189251,685.8572084624192,676.5258178710938,676.5258178710938,1171200,0.0,0.0
2014-02-27 00:00:00+09:00,664.8615607741036,664.8615607741036,656.6965942382812,656.6965942382812,2478400,0.0,0.0
2014-02-28 00:00:00+09:00,656.6967536815698,659.0296018296393,626.3697277566661,643.8660888671875,4517600,0.0,0.0
2014-03-03 00:00:00+09:00,639.2003595606718,642.6996316020624,624.0368473813128,638.033935546875,2524800,0.0,0.0
2014-03-04 00:00:00+09:00,629.8690183339455,647.3653799543329,626.369746009868,645.0325317382812,2721600,0.0,0.0
2014-03-05 00:00:00+09:00,654.3638157733253,668.3609027417386,647.3652722891186,649.6981201171875,2602400,0.0,0.0
2014-03-06 00:00:00+09:00,652.0309105608007,655.5301819949374,643.8659438811485,646.1987915039062,2257600,0.0,0.0
2014-03-07 00:00:00+09:00,646.1987340134415,655.5301236742854,639.2001917678085,642.699462890625,3133600,0.0,0.0
2014-03-10 00:00:00+09:00,641.533088684082,643.8659362792969,629.8688507080078,634.5345458984375,2652000,0.0,0.0
2014-03-11 00:00:00+09:00,641.5331299701616,654.3637925695648,639.2002822248155,652.0309448242188,1923200,0.0,0.0
2014-03-12 00:00:00+09:00,640.3668685493119,642.6997168864679,634.534747706422,635.701171875,1684000,0.0,0.0
2014-03-13 00:00:00+09:00,634.5344969373866,649.698005136258,629.8688021069646,642.699462890625,1816000,0.0,0.0
2014-03-14 00:00:00+09:00,633.3681143428502,640.3666570427712,622.8703002929688,622.8703002929688,2827200,0.0,0.0
2014-03-17 00:00:00+09:00,618.2046051596881,634.5345381261703,614.7053338097276,622.8703002929688,2328000,0.0,0.0
2014-03-18 00:00:00+09:00,621.7038762744329,624.0367238401906,604.20751953125,604.20751953125,3214400,0.0,0.0
2014-03-19 00:00:00+09:00,603.0412456073724,605.3740937528554,591.377004879957,598.3755493164062,3672000,0.0,0.0
2014-03-20 00:00:00+09:00,596.0425874909471,598.3754351914987,587.8776205390162,591.3768920898438,2681600,0.0,0.0
2014-03-24 00:00:00+09:00,591.3769488166361,608.8733082490809,591.3769488166361,594.876220703125,3293600,0.0,0.0
2014-03-25 00:00:00+09:00,593.7098244846458,598.3755205513228,582.0455843179533,589.0441284179688,3217600,0.0,0.0
2014-03-26 00:00:00+09:00,582.6286944362956,590.21044921875,570.9644563094429,590.21044921875,3966400,0.0,0.0
2014-03-27 00:00:00+09:00,586.7113359271908,608.8733943419355,586.7113359271908,607.7069702148438,4033600,0.0,0.0
2014-03-28 00:00:00+09:00,606.5405550870029,617.0383723865856,599.5420102206144,615.8719482421875,2644000,0.0,0.0
2014-03-31 00:00:00+09:00,629.8689473279197,633.3682192575193,618.2047075625879,621.7039794921875,2922400,0.0,0.0
2014-04-01 00:00:00+09:00,652.0310573854308,655.5303296075351,634.5346962749094,643.8660888671875,4263200,0.0,0.0
2014-04-02 00:00:00+09:00,655.5301273095347,655.5301273095347,638.033771598426,639.2001953125,2466400,0.0,0.0
2014-04-03 00:00:00+09:00,641.533088684082,647.3652076721191,634.5345458984375,634.5345458984375,2100800,0.0,0.0
2014-04-04 00:00:00+09:00,631.0354752006881,641.5332927178899,628.7026268635321,635.701171875,1212800,0.0,0.0
2014-04-07 00:00:00+09:00,627.536160982572,643.8660982572115,624.0368887094351,636.8675537109375,1446400,0.0,0.0
2014-04-08 00:00:00+09:00,633.36819566388,639.2003153292932,620.5375323999708,624.0368041992188,1936800,0.0,0.0
2014-04-09 00:00:00+09:00,612.372587679922,626.3696753983202,611.2061637033888,621.7039794921875,2444000,0.0,0.0
2014-04-10 00:00:00+09:00,638.0339682725896,642.6996645670876,627.5361516099694,628.7025756835938,2030400,0.0,0.0
2014-04-11 00:00:00+09:00,621.7040682808529,639.2004304275936,619.3712199946208,631.0354614257812,2869600,0.0,0.0
2014-04-14 00:00:00+09:00,621.704026676192,638.0339635870114,620.5376026111336,632.2018432617188,1788000,0.0,0.0
2014-04-15 00:00:00+09:00,632.2017218876248,633.3681457287458,611.2060927474454,613.5389404296875,2216800,0.0,0.0
2014-04-16 00:00:00+09:00,625.2032132768362,626.3696371822034,615.8718220338983,619.37109375,3932800,0.0,0.0
2014-04-17 00:00:00+09:00,627.5359954262494,632.20169055953,621.7038765096486,622.8703002929688,3093600,0.0,0.0
2014-04-18 00:00:00+09:00,624.0367123569438,626.3695598797734,612.3724747427952,614.705322265625,1848800,0.0,0.0
2014-04-21 00:00:00+09:00,618.2047541425449,622.8704504002245,615.8719060137051,617.038330078125,1134400,0.0,0.0
2014-04-22 00:00:00+09:00,620.5375598835495,626.3696798072671,614.705439959832,618.2047119140625,1324000,0.0,0.0
2014-04-23 00:00:00+09:00,626.3697368915264,643.8660982572115,624.0368887094351,636.8675537109375,2459200,0.0,0.0
2014-04-24 00:00:00+09:00,638.0339210468103,645.0324649705412,629.8689531357908,633.3682250976562,2058400,0.0,0.0
2014-04-25 00:00:00+09:00,635.7010875192813,646.1989036434529,632.2018154778907,638.033935546875,1900800,0.0,0.0
2014-04-28 00:00:00+09:00,631.0354238308428,633.3682719780917,627.5361516099694,628.7025756835938,1328800,0.0,0.0
2014-04-30 00:00:00+09:00,629.8687971037117,633.3680681987323,626.3695260086911,627.5359497070312,2048000,0.0,0.0
2014-05-01 00:00:00+09:00,639.200444380734,639.200444380734,631.0354752006881,635.701171875,1596000,0.0,0.0
2014-05-02 00:00:00+09:00,632.201899369266,643.8661410550459,629.8690510321101,635.701171875,1290400,0.0,0.0
2014-05-07 00:00:00+09:00,632.2017717307973,643.8660110616238,619.3711084668881,624.0368041992188,2216000,0.0,0.0
2014-05-08 00:00:00+09:00,606.5405184980751,643.8660888671875,606.5405184980751,643.8660888671875,3799200,0.0,0.0
2014-05-09 00:00:00+09:00,641.5331549393503,668.3609050549959,638.0338831851357,664.8616333007812,4530400,0.0,0.0
2014-05-12 00:00:00+09:00,664.8615607741036,669.5272559374306,656.6965942382812,656.6965942382812,2314400,0.0,0.0
2014-05-13 00:00:00+09:00,662.5288172820285,663.6952412561166,652.0310015152357,655.5302734375,1447200,0.0,0.0
2014-05-14 00:00:00+09:00,659.0295453597643,659.0295453597643,650.8645775411477,655.5302734375,1106400,0.0,0.0
2014-05-15 00:00:00+09:00,653.1974312308785,668.3609430273095,645.0324633404925,667.1945190429688,1775200,0.0,0.0
2014-05-16 00:00:00+09:00,655.5302890388871,676.525921072161,654.3638650370385,675.3594970703125,3153600,0.0,0.0
2014-05-19 00:00:00+09:00,678.8587203176398,680.0251442357113,663.6952093827097,664.8616333007812,2220000,0.0,0.0
2014-05-20 00:00:00+09:00,673.0265923606025,677.6922879748874,668.3608967463175,671.8601684570312,1739200,0.0,0.0
2014-05-21 00:00:00+09:00,668.3608967463175,675.359440167745,666.028048939175,671.8601684570312,1151200,0.0,0.0
2014-05-22 00:00:00+09:00,675.3595393091749,676.5259633839748,662.5288744863755,674.193115234375,1938400,0.0,0.0
2014-05-23 00:00:00+09:00,675.3595533862557,682.3580979809319,671.8602810889175,678.8588256835938,2279200,0.0,0.0
2014-05-26 00:00:00+09:00,682.3579711914062,682.3579711914062,677.6922756618924,682.3579711914062,1610400,0.0,0.0
2014-05-27 00:00:00+09:00,682.3578873850417,692.8557010371193,680.0250399068022,684.6907348632812,1456000,0.0,0.0
2014-05-28 00:00:00+09:00,689.356711555557,705.6866505771776,684.6910146922369,702.1873779296875,2028000,0.0,0.0
2014-05-29 00:00:00+09:00,705.6866404884739,713.8516098825555,696.3552468952379,709.1859130859375,2904800,0.0,0.0
2014-05-30 00:00:00+09:00,701.0206717936197,708.0192142740885,692.8557055664062,699.854248046875,3954400,0.0,0.0
2014-06-02 00:00:00+09:00,703.3536271472905,705.6864749985253,688.1901161142644,695.1886596679688,2660800,0.0,0.0
2014-06-03 00:00:00+09:00,706.85302734375,709.1858756188119,695.1887859684406,706.85302734375,1776800,0.0,0.0
2014-06-04 00:00:00+09:00,703.3538021455175,709.1859232246678,697.5216810663674,702.1873779296875,2531200,0.0,0.0
2014-06-05 00:00:00+09:00,697.5214968100064,699.8543446254245,681.1915621020798,687.023681640625,2187200,0.0,0.0
2014-06-06 00:00:00+09:00,694.0222250868793,696.3550729022974,684.6908338252069,687.023681640625,1794400,0.0,0.0
2014-06-09 00:00:00+09:00,690.5229231658778,690.5229231658778,675.3594130287893,677.6922607421875,2008800,0.0,0.0
2014-06-10 00:00:00+09:00,676.5258217849599,681.1915171076148,669.5272788009776,673.0265502929688,1204000,0.0,0.0
2014-06-11 00:00:00+09:00,666.0280572188528,670.693752891139,659.0295137104235,664.8616333007812,2919200,0.0,0.0
2014-06-12 00:00:00+09:00,660.1960725684614,669.5274658203125,652.0311034730918,669.5274658203125,2004800,0.0,0.0
2014-06-13 00:00:00+09:00,662.5287319841057,680.0250893428408,661.36230816019,676.5258178710938,1969600,0.0,0.0
2014-06-16 00:00:00+09:00,668.3610703614139,670.6939187745428,663.6953735351562,663.6953735351562,1488800,0.0,0.0
2014-06-17 00:00:00+09:00,667.1944311396501,676.5258217849599,666.0280073089864,673.0265502929688,2030400,0.0,0.0
2014-06-18 00:00:00+09:00,670.6936874522797,675.359382669339,667.1944160394852,668.36083984375,2552800,0.0,0.0
2014-06-19 00:00:00+09:00,667.1946175073498,673.0267382897566,659.0296484119801,669.5274658203125,2454400,0.0,0.0
2014-06-20 00:00:00+09:00,664.86161156524,666.0280354451791,640.3667100865206,648.5316772460938,5587200,0.0,0.0
2014-06-23 00:00:00+09:00,654.3636893136161,655.5301130022322,648.5315708705357,653.197265625,1874400,0.0,0.0
2014-06-24 00:00:00+09:00,655.5301704474494,668.3608321465989,652.0308990749542,656.6965942382812,2605600,0.0,0.0
2014-06-25 00:00:00+09:00,661.3624313029837,663.6952793851812,656.6967351385888,657.8631591796875,1120800,0.0,0.0
2014-06-26 00:00:00+09:00,669.1125351571111,670.2843609629905,657.3942770983176,664.4252319335938,1624800,3.25,0.0
2014-06-27 00:00:00+09:00,658.5662345611792,660.909886641468,643.3324960393013,651.5352783203125,2986400,0.0,0.0
2014-06-30 00:00:00+09:00,657.394421818826,662.0817260742188,651.5352914995851,662.0817260742188,1316000,0.0,0.0
2014-07-01 00:00:00+09:00,664.4254025718459,664.4254025718459,656.2226198240453,659.7380981445312,1655200,0.0,0.0
2014-07-02 00:00:00+09:00,662.081602369036,664.4252540588378,653.8788214547293,656.2224731445312,3216800,0.0,0.0
2014-07-03 00:00:00+09:00,656.2225431554458,656.2225431554458,632.786023757037,637.4733276367188,3395200,0.0,0.0
2014-07-04 00:00:00+09:00,636.3015364307469,637.4733624646893,616.3804938537253,622.2396240234375,3193600,0.0,0.0
2014-07-07 00:00:00+09:00,622.2394803979583,631.6140865056489,619.8958288710356,630.4422607421875,2257600,0.0,0.0
2014-07-08 00:00:00+09:00,630.4424928834624,630.4424928834624,619.8960571289062,619.8960571289062,2825600,0.0,0.0
2014-07-09 00:00:00+09:00,616.3804215739544,625.7550287461819,612.8649438843692,623.411376953125,2347200,0.0,0.0
2014-07-10 00:00:00+09:00,623.41145005738,629.2705802270922,622.2396240234375,622.2396240234375,1951200,0.0,0.0
2014-07-11 00:00:00+09:00,614.0368162195267,619.8959461452856,608.1776862937679,612.864990234375,1835200,0.0,0.0
2014-07-14 00:00:00+09:00,609.3495122789196,615.2086422046785,603.4903823531608,612.864990234375,1496800,0.0,0.0
2014-07-15 00:00:00+09:00,609.3496213743502,621.0678833238569,609.3496213743502,619.8960571289062,1510400,0.0,0.0
2014-07-16 00:00:00+09:00,624.583349609375,625.75517578125,621.06787109375,621.06787109375,1115200,0.0,0.0
2014-07-17 00:00:00+09:00,618.7241466009795,630.4424069532707,618.7241466009795,628.0987548828125,2195200,0.0,0.0
2014-07-18 00:00:00+09:00,618.72412109375,626.9269030021899,616.3804691199101,618.72412109375,1595200,0.0,0.0
2014-07-22 00:00:00+09:00,629.2705448412497,633.9578487134378,624.5832409690616,631.6141967773438,1764800,0.0,0.0
2014-07-23 00:00:00+09:00,635.1295678354528,643.3323482318516,633.9577420645387,642.1605224609375,2501600,0.0,0.0
2014-07-24 00:00:00+09:00,642.1607792139934,643.3326054534349,632.7861692984605,635.1298217773438,1580000,0.0,0.0
2014-07-25 00:00:00+09:00,637.473328637295,643.3324584960938,636.3015026655354,643.3324584960938,1328800,0.0,0.0
2014-07-28 00:00:00+09:00,640.9887355495143,650.3633422851562,640.9887355495143,650.3633422851562,1441600,0.0,0.0
2014-07-29 00:00:00+09:00,652.7071175634334,663.2535521380669,650.363465435737,662.0817260742188,2312000,0.0,0.0
2014-07-30 00:00:00+09:00,665.5970696223499,665.5970696223499,658.5661146615504,663.25341796875,2112000,0.0,0.0
2014-07-31 00:00:00+09:00,666.7690547855032,670.2845331059891,658.5662720377026,659.7380981445312,1276000,0.0,0.0
2014-08-01 00:00:00+09:00,659.7380379690251,666.768993968695,657.3943859691352,665.59716796875,1311200,0.0,0.0
2014-08-04 00:00:00+09:00,662.081639843055,662.081639843055,655.050684375695,658.566162109375,1111200,0.0,0.0
2014-08-05 00:00:00+09:00,662.0817993380499,667.9409303056433,657.3944945639753,660.9099731445312,1805600,0.0,0.0
2014-08-06 00:00:00+09:00,653.8788333135342,657.394310911994,645.6760522504612,655.0506591796875,1356800,0.0,0.0
2014-08-07 00:00:00+09:00,646.848058717322,667.9409301972347,646.848058717322,666.7691040039062,1432800,0.0,0.0
2014-08-08 00:00:00+09:00,663.253713414289,667.941018809443,645.6763181824615,646.84814453125,1585600,0.0,0.0
2014-08-11 00:00:00+09:00,658.566272675679,673.800012079209,657.3944465677151,671.4563598632812,2261600,0.0,0.0
2014-08-12 00:00:00+09:00,674.9717537715517,683.1745355014143,674.9717537715517,679.6590576171875,1952800,0.0,0.0
2014-08-13 00:00:00+09:00,678.4873290169384,678.4873290169384,672.6281983691237,676.1436767578125,1204800,0.0,0.0
2014-08-14 00:00:00+09:00,678.4872565294007,683.174560546875,672.6281265075579,683.174560546875,1822400,0.0,0.0
2014-08-15 00:00:00+09:00,677.3154296875,683.1745597020978,667.9408216641435,677.3154296875,2650400,0.0,0.0
2014-08-18 00:00:00+09:00,677.3154409982108,679.6590930431872,664.4253547508399,670.2844848632812,1601600,0.0,0.0
2014-08-19 00:00:00+09:00,650.3635745732191,652.7072270942037,633.9580069263271,645.67626953125,5227200,0.0,0.0
2014-08-20 00:00:00+09:00,651.5352208125821,674.9717395468476,648.0197430024423,669.1126098632812,4039200,0.0,0.0
2014-08-21 00:00:00+09:00,672.6281983691237,677.3155028873755,670.2845461099978,676.1436767578125,2091200,0.0,0.0
2014-08-22 00:00:00+09:00,679.6589847111661,685.5181138897107,676.1435072040393,680.830810546875,1843200,0.0,0.0
2014-08-25 00:00:00+09:00,686.6901002222178,690.2055785510005,684.3464480030293,689.0337524414062,1599200,0.0,0.0
2014-08-26 00:00:00+09:00,682.0027450881638,684.3463971331403,667.9408328183047,670.2844848632812,1900000,0.0,0.0
2014-08-27 00:00:00+09:00,667.94081996864,667.94081996864,657.3943859691352,665.59716796875,1562400,0.0,0.0
2014-08-28 00:00:00+09:00,657.3943228772891,659.7379746522528,651.5351934398801,653.8788452148438,1021600,0.0,0.0
2014-08-29 00:00:00+09:00,649.1917483127269,651.5354008337114,640.9889644892809,645.67626953125,2100800,0.0,0.0
2014-09-01 00:00:00+09:00,651.5352413026004,655.0507192232978,645.6761114347712,649.1915893554688,1066400,0.0,0.0
2014-09-02 00:00:00+09:00,650.3633422851562,657.3942973368877,642.1605613914696,650.3633422851562,2149600,0.0,0.0
2014-09-03 00:00:00+09:00,655.0506803801989,655.0506803801989,636.3014659149337,640.98876953125,3478400,0.0,0.0
2014-09-04 00:00:00+09:00,636.3014375493767,638.6450892530577,622.2395273272911,625.7550048828125,3445600,0.0,0.0
2014-09-05 00:00:00+09:00,630.4423708092968,635.1296746814849,625.7550669371087,631.6141967773438,3154400,0.0,0.0
2014-09-08 00:00:00+09:00,637.4732918190128,642.1605954353291,632.7859882026966,640.98876953125,2156800,0.0,0.0
2014-09-09 00:00:00+09:00,642.1606074182979,644.5042592701894,631.6141740847856,639.8169555664062,1824000,0.0,0.0
2014-09-10 00:00:00+09:00,636.3016715864702,644.5044555664062,633.9580190207741,644.5044555664062,1768800,0.0,0.0
2014-09-11 00:00:00+09:00,650.3634133058436,660.9098470351275,633.9578497269574,637.4733276367188,3840800,0.0,0.0
2014-09-12 00:00:00+09:00,644.504491833673,649.191797228827,642.160839136096,646.84814453125,5053600,0.0,0.0
2014-09-16 00:00:00+09:00,650.3633557150744,657.394310911994,646.8478781166144,655.0506591796875,3339200,0.0,0.0
2014-09-17 00:00:00+09:00,662.0816542430016,677.3153914202742,662.0816542430016,669.1126098632812,4327200,0.0,0.0
2014-09-18 00:00:00+09:00,682.002721598729,684.3463735629857,674.9717657059585,678.4872436523438,3796000,0.0,0.0
2014-09-19 00:00:00+09:00,684.3464244682248,699.5801633690586,682.002772329635,697.2365112304688,5190400,0.0,0.0
2014-09-22 00:00:00+09:00,703.0955595128677,720.6729485006894,703.0955595128677,717.157470703125,4210400,0.0,0.0
2014-09-24 00:00:00+09:00,710.1265388863985,718.3293206887167,706.6110609711194,714.8138427734375,2557600,0.0,0.0
2014-09-25 00:00:00+09:00,717.157557421875,733.5631224609375,717.157557421875,732.3912963867188,3632800,0.0,0.0
2014-09-26 00:00:00+09:00,719.5012095703125,735.906774609375,718.3293834960938,732.3912963867188,2760800,0.0,0.0
2014-09-29 00:00:00+09:00,734.7349853515625,739.4222898833109,728.875854686877,734.7349853515625,1900800,0.0,0.0
2014-09-30 00:00:00+09:00,738.2503171111139,742.9376207118194,733.5630135104084,737.0784912109375,3147200,0.0,0.0
2014-10-01 00:00:00+09:00,739.4221143846388,747.6248953683036,720.6729007076907,721.8447265625,3208000,0.0,0.0
2014-10-02 00:00:00+09:00,721.8447490122127,724.1884007947199,712.470141882184,713.6419677734375,3375200,0.0,0.0
2014-10-03 00:00:00+09:00,708.9548100451402,725.3603758974245,707.7829839128342,723.0167236328125,2558400,0.0,0.0
2014-10-06 00:00:00+09:00,738.2504262616558,738.2504262616558,721.844861233619,726.5321655273438,1912800,0.0,0.0
2014-10-07 00:00:00+09:00,733.5631103515625,752.3123272295577,731.2194582418131,733.5631103515625,3236800,0.0,0.0
2014-10-08 00:00:00+09:00,724.1884757659564,728.8757798162214,718.329345703125,718.329345703125,2464000,0.0,0.0
2014-10-09 00:00:00+09:00,721.8448732835218,730.0476559344709,714.8139167255654,725.3603515625,3261600,0.0,0.0
2014-10-10 00:00:00+09:00,713.6420168016778,717.157494716957,707.7828869428791,714.8138427734375,2865600,0.0,0.0
2014-10-14 00:00:00+09:00,726.532166015625,741.7659049804688,711.2984270507812,732.3912963867188,6019200,0.0,0.0
2014-10-15 00:00:00+09:00,740.5939834259894,753.4840685805557,735.9066797334199,747.6249389648438,4253600,0.0,0.0
2014-10-16 00:00:00+09:00,726.5320673575294,735.9066746782717,723.016589612251,724.1884155273438,4924000,0.0,0.0
2014-10-17 00:00:00+09:00,718.3292390478349,719.5010648864121,686.68994140625,686.68994140625,4544800,0.0,0.0
2014-10-20 00:00:00+09:00,713.6419822915086,724.1884155273438,705.4392008858591,724.1884155273438,2717600,0.0,0.0
2014-10-21 00:00:00+09:00,726.5319045046542,727.703730157081,714.8136479803856,715.9854736328125,1648000,0.0,0.0
2014-10-22 00:00:00+09:00,727.7039920898437,733.5631224609375,718.3293834960938,732.3912963867188,1260000,0.0,0.0
2014-10-23 00:00:00+09:00,730.0476442382812,740.59407890625,723.0166877929688,732.3912963867188,1586400,0.0,0.0
2014-10-24 00:00:00+09:00,744.1095211758245,747.6249992286237,735.9067390526264,741.765869140625,2543200,0.0,0.0
2014-10-27 00:00:00+09:00,747.6250492830454,754.656005859375,738.250440514606,754.656005859375,1935200,0.0,0.0
2014-10-28 00:00:00+09:00,760.5150998335165,768.7178821121522,754.6559696344909,758.1714477539062,2116000,0.0,0.0
2014-10-29 00:00:00+09:00,766.3741945223044,769.8896724788286,758.1714126237475,767.5460205078125,1860000,0.0,0.0
2014-10-30 00:00:00+09:00,768.7178235932779,781.6079090498725,768.7178235932779,775.748779296875,2142400,0.0,0.0
2014-10-31 00:00:00+09:00,779.2641702515946,786.2951251711578,768.7177378722497,772.2332153320312,6026400,0.0,0.0
2014-11-04 00:00:00+09:00,783.9515451501917,785.1233710771726,742.9376377058618,759.3432006835938,8558400,0.0,0.0
2014-11-05 00:00:00+09:00,759.3432159884819,779.2642571486736,759.3432159884819,775.748779296875,3332000,0.0,0.0
2014-11-06 00:00:00+09:00,810.9035547291741,850.7456368979485,808.5599028368932,823.7936401367188,8113600,0.0,0.0
2014-11-07 00:00:00+09:00,841.371040508429,847.2301703169835,803.8726097336801,816.7626953125,5040800,0.0,0.0
2014-11-10 00:00:00+09:00,817.9344879580216,835.5118766677211,809.7317065601618,831.9963989257812,3724800,0.0,0.0
2014-11-11 00:00:00+09:00,849.5738432314071,871.8385370540233,841.3710612967591,868.3230590820312,4654400,0.0,0.0
2014-11-12 00:00:00+09:00,890.5877565241049,901.1341904829429,882.3849745561197,891.7595825195312,5266400,0.0,0.0
2014-11-13 00:00:00+09:00,878.8695678710938,883.5568722330729,851.9175677897135,878.8695678710938,6752800,0.0,0.0
2014-11-14 00:00:00+09:00,902.3059520899218,908.1650816489472,873.0103042947944,880.041259765625,3702400,0.0,0.0
2014-11-17 00:00:00+09:00,889.4159383968431,889.4159383968431,856.6048102346408,861.2921142578125,2956000,0.0,0.0
2014-11-18 00:00:00+09:00,862.4639094241481,896.4468623770018,855.432953640799,894.1032104492188,3809600,0.0,0.0
2014-11-19 00:00:00+09:00,897.6186751816741,906.9932827553731,883.5567638211257,889.4158935546875,2734400,0.0,0.0
2014-11-20 00:00:00+09:00,901.134079140111,906.9932083932977,888.2439947831003,890.587646484375,3182400,0.0,0.0
2014-11-21 00:00:00+09:00,881.2131716781333,887.0723018089719,871.8385634687914,883.5568237304688,3418400,0.0,0.0
2014-11-25 00:00:00+09:00,882.3848486688117,885.9003261535481,863.6356354168848,874.1820678710938,3849600,0.0,0.0
2014-11-26 00:00:00+09:00,855.4329223632812,857.7765742053724,849.5737927580533,855.4329223632812,4697600,0.0,0.0
2014-11-27 00:00:00+09:00,849.5737927580533,862.4638778895547,842.5428372317797,855.4329223632812,3156800,0.0,0.0
2014-11-28 00:00:00+09:00,855.4329248376795,869.4948359309017,855.4329248376795,867.1511840820312,2084800,0.0,0.0
2014-12-01 00:00:00+09:00,878.8694470134003,890.5877063069123,874.1821432959955,884.7285766601562,2286400,0.0,0.0
2014-12-02 00:00:00+09:00,889.415880377561,890.5877063069123,881.2130988721027,884.7285766601562,2576000,0.0,0.0
2014-12-03 00:00:00+09:00,899.9623579545455,938.6326155229049,897.6187059807055,928.086181640625,6017600,0.0,0.0
2014-12-04 00:00:00+09:00,926.914358373025,948.0072261994657,922.2270544115938,945.66357421875,3342400,0.0,0.0
2014-12-05 00:00:00+09:00,952.6945680060609,956.2100461167844,943.3199597107983,953.8663940429688,2580800,0.0,0.0
2014-12-08 00:00:00+09:00,958.553734261108,959.7255603421119,936.2890387220359,944.4918212890625,3276000,0.0,0.0
2014-12-09 00:00:00+09:00,935.1170694836832,952.6944580078125,931.6015917788573,952.6944580078125,3907200,0.0,0.0
2014-12-10 00:00:00+09:00,937.4606918238993,949.178950471698,925.7424331761006,931.6015625,2659200,0.0,0.0
2014-12-11 00:00:00+09:00,910.5088252577671,921.055259527162,903.4778690781703,906.9933471679688,3640000,0.0,0.0
2014-12-12 00:00:00+09:00,902.3059453618341,916.3678561986419,898.7904676526322,904.6495971679688,3902400,0.0,0.0
2014-12-15 00:00:00+09:00,911.6806567142871,962.0691763013235,911.6806567142871,953.8663940429688,3454400,0.0,0.0
2014-12-16 00:00:00+09:00,935.1172121883778,948.00729907318,928.0862557057584,938.6326904296875,3065600,0.0,0.0
2014-12-17 00:00:00+09:00,938.6325176886792,945.6634728773585,928.0860849056603,931.6015625,3592800,0.0,0.0
2014-12-18 00:00:00+09:00,960.8974487453373,978.4748411004349,952.6946656462917,962.0692749023438,3874400,0.0,0.0
2014-12-19 00:00:00+09:00,985.5058350483387,991.3649660533823,969.1002682342165,981.9903564453125,2936800,0.0,0.0
2014-12-22 00:00:00+09:00,989.0210011367519,993.7083044596749,955.0380520455602,964.4126586914062,2579200,0.0,0.0
2014-12-24 00:00:00+09:00,970.272021543275,977.3029782211248,966.75654320435,971.44384765625,2517600,0.0,0.0
2014-12-25 00:00:00+09:00,970.2720580013894,971.4438841583959,960.8974487453373,962.0692749023438,1090400,0.0,0.0
2014-12-26 00:00:00+09:00,952.6831556548518,973.8017477752796,949.1633903014473,970.281982421875,1133600,1.25,0.0
2014-12-29 00:00:00+09:00,984.3609546427263,985.5342096542194,964.4156194473433,974.9749145507812,1813600,0.0,0.0
2014-12-30 00:00:00+09:00,977.3215195341738,985.5343054126123,965.5889682792617,979.6680297851562,2902400,0.0,0.0
2015-01-05 00:00:00+09:00,971.4552946824294,979.6680809901311,953.8564668802115,976.1483154296875,2414400,0.0,0.0
2015-01-06 00:00:00+09:00,959.722666360574,996.0935742544344,957.3761561738734,963.242431640625,3665600,0.0,0.0
2015-01-07 00:00:00+09:00,951.5097228469181,960.8957620365301,931.5643895689925,937.4306640625,2929600,0.0,0.0
2015-01-08 00:00:00+09:00,963.2425276362527,991.4006526828666,957.3762515848747,983.1878662109375,3881600,0.0,0.0
2015-01-09 00:00:00+09:00,991.4004545665923,1000.7864943731399,977.3213948567709,985.5341796875,2760000,0.0,0.0
2015-01-13 00:00:00+09:00,967.9353212055406,991.4004199014325,929.2179083573191,980.8411254882812,6503200,0.0,0.0
2015-01-14 00:00:00+09:00,976.1482376674787,977.3214927608291,953.8563908938223,963.242431640625,2771200,0.0,0.0
2015-01-15 00:00:00+09:00,962.0691562757916,979.6679823052268,960.8959012071625,977.3214721679688,1887200,0.0,0.0
2015-01-16 00:00:00+09:00,955.0296459871727,967.9354520140263,943.2970950536693,963.242431640625,2874400,0.0,0.0
2015-01-19 00:00:00+09:00,979.6678334809261,984.3608530425114,951.5097161114145,982.0143432617188,3414400,0.0,0.0
2015-01-20 00:00:00+09:00,992.5737682355791,1023.0783994106678,989.0540030999919,1012.5191040039062,4395200,0.0,0.0
2015-01-21 00:00:00+09:00,1016.0389275045956,1016.0389275045956,992.5738252527574,997.266845703125,2876000,0.0,0.0
2015-01-22 00:00:00+09:00,1011.3457938548688,1014.8655587986792,992.5737141545465,1000.7864990234375,1974400,0.0,0.0
2015-01-23 00:00:00+09:00,1006.652790475399,1006.652790475399,979.6679254626551,992.57373046875,2032800,0.0,0.0
2015-01-26 00:00:00+09:00,980.8411569087463,993.746961604914,979.6679019363673,991.4004516601562,1383200,0.0,0.0
2015-01-27 00:00:00+09:00,998.4400434615577,1013.692359049102,994.9202783259705,1012.5191040039062,2475200,0.0,0.0
2015-01-28 00:00:00+09:00,994.9202300192765,997.266739995737,977.3214051958223,989.053955078125,5462400,0.0,0.0
2015-01-29 00:00:00+09:00,983.1877078186534,1005.4795532226564,982.0144527973902,1005.4795532226562,7450400,0.0,0.0
2015-01-30 00:00:00+09:00,998.4398994888342,1019.5584872571056,990.2271153567286,1011.345703125,4764800,0.0,0.0
2015-02-02 00:00:00+09:00,1012.5192221364667,1024.2517739572831,1007.8262014081402,1018.385498046875,3409600,0.0,0.0
2015-02-03 00:00:00+09:00,1021.9051683213976,1025.4249335394966,957.3761393229167,971.4552001953125,5664800,0.0,0.0
2015-02-04 00:00:00+09:00,987.8805153324919,994.9200439453125,958.549146112406,994.9200439453125,6569600,0.0,0.0
2015-02-05 00:00:00+09:00,985.5343054126123,1003.1331322949803,943.2971208949289,979.6680297851562,5396000,0.0,0.0
2015-02-06 00:00:00+09:00,926.8714256383687,938.6039753299937,909.2726011009313,922.1784057617188,11644000,0.0,0.0
2015-02-09 00:00:00+09:00,939.7772763930766,959.7226118471119,922.1784509924572,951.5098266601562,8109600,0.0,0.0
2015-02-10 00:00:00+09:00,965.5888450985864,990.2271995907738,963.2423351469495,985.5341796875,5445600,0.0,0.0
2015-02-12 00:00:00+09:00,993.7467027404498,1018.3850507422792,990.2269387401885,999.6129760742188,5247200,0.0,0.0
2015-02-13 00:00:00+09:00,998.440063403291,1008.9993590209522,970.2819417561947,977.3214721679688,6397600,0.0,0.0
2015-02-16 00:00:00+09:00,991.4003542874436,994.9201188588784,959.7224731445312,959.7224731445312,3953600,0.0,0.0
2015-02-17 00:00:00+09:00,952.6831564696964,959.7226871825267,938.6040950440358,949.1633911132812,6959200,0.0,0.0
2015-02-18 00:00:00+09:00,964.4156927944215,994.9203254132232,957.3761621900827,993.7470703125,4480000,0.0,0.0
2015-02-19 00:00:00+09:00,1003.1331170465528,1028.9447294150023,999.6133517235825,1024.251708984375,5934400,0.0,0.0
2015-02-20 00:00:00+09:00,1031.2911636904491,1032.4644187117124,996.0935130525498,1005.4795532226562,2690400,0.0,0.0
2015-02-23 00:00:00+09:00,1018.3853237424897,1019.5585787237599,991.4004591732762,1000.7864990234375,2493600,0.0,0.0
2015-02-24 00:00:00+09:00,1011.3460553487142,1019.5588423411052,1004.3065236409506,1013.6925659179688,3055200,0.0,0.0
2015-02-25 00:00:00+09:00,1026.59803876438,1047.71662699039,1019.5585093557098,1045.3701171875,5372800,0.0,0.0
2015-02-26 00:00:00+09:00,1039.5040410416088,1061.7958884228624,1038.3307859162799,1058.276123046875,3466400,0.0,0.0
2015-02-27 00:00:00+09:00,1058.276092036548,1092.3004896740867,1046.5435411270519,1089.9539794921875,5263200,0.0,0.0
2015-03-02 00:00:00+09:00,1101.6862946211525,1119.2851172189344,1089.953746222631,1093.4735107421875,4142400,0.0,0.0
2015-03-03 00:00:00+09:00,1105.2061814872382,1135.7108107002616,1104.0329265175064,1120.45849609375,4461600,0.0,0.0
2015-03-04 00:00:00+09:00,1136.88435320173,1158.002947998047,1135.7110979352678,1149.7901611328125,7869600,0.0,0.0
2015-03-05 00:00:00+09:00,1140.4039138310777,1154.4829744956587,1132.1911284434052,1148.61669921875,3661600,0.0,0.0
2015-03-06 00:00:00+09:00,1149.7901515121225,1150.9634067687675,1123.9785358659321,1146.2703857421875,3032800,0.0,0.0
2015-03-09 00:00:00+09:00,1146.2703304697413,1160.349392870598,1127.4982472685992,1155.6563720703125,3009600,0.0,0.0
2015-03-10 00:00:00+09:00,1161.5224369869957,1162.6956919738511,1106.3794526047848,1112.2457275390625,5872000,0.0,0.0
2015-03-11 00:00:00+09:00,1096.9933183314436,1120.4584160497632,1092.3002987877796,1107.5526123046875,4615200,0.0,0.0
2015-03-12 00:00:00+09:00,1139.2303466796875,1143.9233656155461,1123.9780351381469,1139.2303466796875,2664000,0.0,0.0
2015-03-13 00:00:00+09:00,1139.230372558089,1146.2699011217846,1131.0175892337772,1134.537353515625,3617600,0.0,0.0
2015-03-16 00:00:00+09:00,1129.8448216029576,1153.3099269321986,1128.6715663364955,1149.7901611328125,3120000,0.0,0.0
2015-03-17 00:00:00+09:00,1156.8293778533307,1156.8293778533307,1136.8840437524113,1140.40380859375,2894400,0.0,0.0
2015-03-18 00:00:00+09:00,1146.2703953334262,1153.3099269321986,1132.1913321358816,1149.7901611328125,2270400,0.0,0.0
2015-03-19 00:00:00+09:00,1167.3887904646926,1168.5620455304863,1142.7504340830258,1152.136474609375,3125600,0.0,0.0
2015-03-20 00:00:00+09:00,1152.1365292527594,1152.1365292527594,1133.3644473097409,1142.75048828125,2709600,0.0,0.0
2015-03-23 00:00:00+09:00,1147.4434679947376,1150.9632332339852,1127.4981316390008,1128.67138671875,3482400,0.0,0.0
2015-03-24 00:00:00+09:00,1123.9782023540297,1126.3247121710526,1101.6863590923108,1114.5921630859375,3067200,0.0,0.0
2015-03-25 00:00:00+09:00,1118.1119756618468,1118.1119756618468,1102.8596611984638,1116.938720703125,3108000,0.0,0.0
2015-03-26 00:00:00+09:00,1114.5923569623162,1114.5923569623162,1089.953999597886,1096.9935302734375,2623200,0.0,0.0
2015-03-27 00:00:00+09:00,1114.5923526899303,1141.5772201761074,1106.3795669332676,1123.9783935546875,4440000,0.0,0.0
2015-03-30 00:00:00+09:00,1123.9784991492522,1154.4831348255368,1120.4587334942964,1147.443603515625,3358400,0.0,0.0
2015-03-31 00:00:00+09:00,1160.34941091713,1166.215687008723,1138.0575617690758,1147.443603515625,5029600,0.0,0.0
2015-04-01 00:00:00+09:00,1129.844809070579,1132.1913195774753,1095.8204067205822,1100.513427734375,5492000,0.0,0.0
2015-04-02 00:00:00+09:00,1105.20620203564,1133.3643218327263,1105.20620203564,1127.498046875,4237600,0.0,0.0
2015-04-03 00:00:00+09:00,1109.8993448809676,1142.75048828125,1109.8993448809676,1142.75048828125,2589600,0.0,0.0
2015-04-06 00:00:00+09:00,1140.4037403234233,1161.5223281071903,1134.5374659390436,1158.0025634765625,2588000,0.0,0.0
2015-04-07 00:00:00+09:00,1163.8691032540282,1176.7749098425304,1150.9632966655258,1165.0423583984375,3342400,0.0,0.0
2015-04-08 00:00:00+09:00,1172.0814210155875,1230.7441548001514,1170.908166339896,1222.5313720703125,5824000,0.0,0.0
2015-04-09 00:00:00+09:00,1202.5862265532871,1247.1699110498969,1197.8932071325914,1243.650146484375,4929600,0.0,0.0
2015-04-10 00:00:00+09:00,1249.5165058431592,1276.501369349631,1249.5165058431592,1271.808349609375,4706400,0.0,0.0
2015-04-13 00:00:00+09:00,1272.9814231384673,1275.3279326742065,1243.6500539417284,1265.94189453125,3493600,0.0,0.0
2015-04-14 00:00:00+09:00,1267.1154616705956,1282.367777412927,1265.9422066134932,1275.3282470703125,3312800,0.0,0.0
2015-04-15 00:00:00+09:00,1283.5411003496006,1288.2341208261987,1274.155059396404,1284.71435546875,3244800,0.0,0.0
2015-04-16 00:00:00+09:00,1283.5410916877515,1283.5410916877515,1227.224846348618,1238.9573974609375,5777600,0.0,0.0
2015-04-17 00:00:00+09:00,1186.1607239519965,1194.3735083908332,1132.1909976396405,1145.0968017578125,11977600,0.0,0.0
2015-04-20 00:00:00+09:00,1134.537518106245,1168.5619111001242,1115.7654392130705,1121.6317138671875,8424000,0.0,0.0
2015-04-21 00:00:00+09:00,1139.2306383687692,1148.6166786436922,1118.1120477501927,1141.5771484375,5025600,0.0,0.0
2015-04-22 00:00:00+09:00,1149.7900046764964,1174.4283619195644,1149.7900046764964,1166.215576171875,4248000,0.0,0.0
2015-04-23 00:00:00+09:00,1170.9084488043266,1176.7747235979352,1108.7259359920727,1116.938720703125,7364000,0.0,0.0
2015-04-24 00:00:00+09:00,1123.9782504554557,1126.3247603728992,1099.3398963222985,1116.938720703125,4930400,0.0,0.0
2015-04-27 00:00:00+09:00,1119.2850004650297,1119.2850004650297,1101.686179703001,1108.7257080078125,3686400,0.0,0.0
2015-04-28 00:00:00+09:00,1105.206039509105,1120.4583521562583,1105.206039509105,1113.4188232421875,2944800,0.0,0.0
2015-04-30 00:00:00+09:00,1099.339794092011,1099.339794092011,1062.968893753855,1070.0084228515625,6669600,0.0,0.0
2015-05-01 00:00:00+09:00,1044.1971081759023,1061.7959358417882,1037.157577109548,1060.6226806640625,7645600,0.0,0.0
2015-05-07 00:00:00+09:00,1071.1818980369937,1091.1272345831371,1061.7958573093968,1089.9539794921875,4624800,0.0,0.0
2015-05-08 00:00:00+09:00,1122.8049524072212,1125.1514622346135,1075.874755859375,1075.874755859375,4647200,0.0,0.0
2015-05-11 00:00:00+09:00,1075.8749824292731,1094.6470650016488,1061.7959204999916,1084.0877685546875,4024000,0.0,0.0
2015-05-12 00:00:00+09:00,1099.3399722727886,1104.032992431904,1081.7411466761057,1087.607421875,2545600,0.0,0.0
2015-05-13 00:00:00+09:00,1084.087420524435,1107.552516206782,1075.8746370356134,1102.8594970703125,2264000,0.0,0.0
2015-05-14 00:00:00+09:00,1085.2610594361693,1091.1273354331215,1066.488976245922,1067.6622314453125,2979200,0.0,0.0
2015-05-15 00:00:00+09:00,1085.260878916628,1108.7259790013118,1080.5678588996911,1104.032958984375,3600800,0.0,0.0
2015-05-18 00:00:00+09:00,1112.2456318483514,1119.2851611638473,1104.0328476469394,1107.5526123046875,2692000,0.0,0.0
2015-05-19 00:00:00+09:00,1125.1516247245593,1155.6562568860177,1119.2853493088942,1143.9237060546875,5881600,0.0,0.0
2015-05-20 00:00:00+09:00,1160.3492225499508,1162.6957326056636,1140.4038870763925,1153.3096923828125,4603200,0.0,0.0
2015-05-21 00:00:00+09:00,1140.403906454945,1142.750416550531,1115.7655504512886,1118.112060546875,4682400,0.0,0.0
2015-05-22 00:00:00+09:00,1125.151494281282,1141.5770635408628,1120.4584744928304,1140.40380859375,2767200,0.0,0.0
2015-05-25 00:00:00+09:00,1147.4434543462005,1161.5225151357242,1135.7109036882637,1152.136474609375,3090400,0.0,0.0
2015-05-26 00:00:00+09:00,1149.790014574975,1181.4679027316324,1147.4435043411486,1169.7353515625,3533600,0.0,0.0
2015-05-27 00:00:00+09:00,1160.3490720883444,1162.695581839787,1128.6711904438698,1131.0177001953125,4267200,0.0,0.0
2015-05-28 00:00:00+09:00,1141.5770855489202,1141.5770855489202,1107.5526914267016,1120.45849609375,4032800,0.0,0.0
2015-05-29 00:00:00+09:00,1113.418903096517,1134.5374913533528,1109.8991383870443,1126.32470703125,3169600,0.0,0.0
2015-06-01 00:00:00+09:00,1126.3249037708767,1129.8446690951607,1113.4190975818356,1123.9783935546875,2076000,0.0,0.0
2015-06-02 00:00:00+09:00,1121.631562097294,1140.4036384503866,1115.7652882369523,1138.05712890625,2202400,0.0,0.0
2015-06-03 00:00:00+09:00,1129.8446865141957,1134.5377070189274,1113.419114747634,1115.765625,2052800,0.0,0.0
2015-06-04 00:00:00+09:00,1122.805097713027,1128.6713730406811,1102.8597615990025,1109.8992919921875,2407200,0.0,0.0
2015-06-05 00:00:00+09:00,1100.5131041837994,1116.9386729029607,1099.3398492752879,1114.5921630859375,1388800,0.0,0.0
2015-06-08 00:00:00+09:00,1119.2855206193594,1119.2855206193594,1088.7808837890625,1088.7808837890625,2900000,0.0,0.0
2015-06-09 00:00:00+09:00,1073.5285074422648,1087.6075698349503,1062.9692106477507,1067.6622314453125,4627200,0.0,0.0
2015-06-10 00:00:00+09:00,1072.3549911182865,1087.6073049963366,1068.835226377198,1075.874755859375,2412000,0.0,0.0
2015-06-11 00:00:00+09:00,1128.67140986358,1158.0027874587872,1111.0725833064555,1150.9632568359375,8208800,0.0,0.0
2015-06-12 00:00:00+09:00,1155.6564748065073,1156.8297301108792,1118.1123050666004,1133.3646240234375,5800800,0.0,0.0
2015-06-15 00:00:00+09:00,1133.3644866014833,1156.82958984375,1127.4982107909166,1156.82958984375,3603200,0.0,0.0
2015-06-16 00:00:00+09:00,1149.789779338431,1161.5223281071903,1147.443269584679,1158.0025634765625,2198400,0.0,0.0
2015-06-17 00:00:00+09:00,1161.5222497888515,1175.6013073620495,1161.5222497888515,1172.08154296875,2951200,0.0,0.0
2015-06-18 00:00:00+09:00,1174.428392069884,1206.1062807670737,1170.9086266590853,1176.77490234375,4151200,0.0,0.0
2015-06-19 00:00:00+09:00,1183.8142614364624,1207.2793607711792,1182.6410064697266,1201.4130859375,3653600,0.0,0.0
2015-06-22 00:00:00+09:00,1208.4529745940715,1216.6657618000506,1172.0820598247353,1197.8936767578125,3074400,0.0,0.0
2015-06-23 00:00:00+09:00,1217.8387654622397,1226.0515509711372,1207.2794698079429,1224.8782958984375,3336000,0.0,0.0
2015-06-24 00:00:00+09:00,1231.9179965250805,1249.5168250468676,1224.878465116366,1227.2249755859375,4248000,0.0,0.0
2015-06-25 00:00:00+09:00,1227.224826311384,1247.170162876674,1227.224826311384,1231.9178466796875,2199200,0.0,0.0
2015-06-26 00:00:00+09:00,1261.3332398853374,1263.6864735418399,1233.0944360073074,1237.8009033203125,2979600,3.75,2.0
2015-06-29 00:00:00+09:00,1170.7338314393648,1211.915423500046,1169.5572145233455,1197.7960205078125,3652800,0.0,0.0
2015-06-30 00:00:00+09:00,1204.8553262955854,1230.740889946467,1202.5020932364143,1226.034423828125,3240800,0.0,0.0
2015-07-01 00:00:00+09:00,1237.8006900427476,1251.9200895489387,1226.0345237875883,1247.213623046875,1932400,0.0,0.0
2015-07-02 00:00:00+09:00,1270.7460478047162,1296.6316154451827,1261.333114117274,1275.4525146484375,4382400,0.0,0.0
2015-07-03 00:00:00+09:00,1268.3930757437179,1268.3930757437179,1233.0945671423158,1261.3333740234375,3284400,0.0,0.0
2015-07-06 00:00:00+09:00,1230.7413423978364,1247.2139798677883,1221.3284067007212,1223.681640625,3424400,0.0,0.0
2015-07-07 00:00:00+09:00,1251.9202880859375,1261.3332225828242,1240.154119964829,1251.9202880859375,2126400,0.0,0.0
2015-07-08 00:00:00+09:00,1251.9207153320312,1251.9207153320312,1186.0301513671875,1186.0301513671875,4393200,0.0,0.0
2015-07-09 00:00:00+09:00,1135.4353414425557,1195.442805083561,1131.9054906401436,1183.6766357421875,4730000,0.0,0.0
2015-07-10 00:00:00+09:00,1207.208926844833,1214.268628171411,1178.9701215385212,1188.383056640625,4684400,0.0,0.0
2015-07-13 00:00:00+09:00,1207.208928759954,1228.3880327732866,1190.7362923051398,1218.97509765625,2674400,0.0,0.0
2015-07-14 00:00:00+09:00,1249.5669726845836,1249.5669726845836,1204.8555367504835,1216.6217041015625,2203200,0.0,0.0
2015-07-15 00:00:00+09:00,1242.5071012463873,1244.8603343926873,1204.8553709055877,1221.3280029296875,2182800,0.0,0.0
2015-07-16 00:00:00+09:00,1244.860533190395,1268.3928684113855,1230.7411320578008,1263.6864013671875,2812000,0.0,0.0
2015-07-17 00:00:00+09:00,1263.6862571632469,1287.2185896988753,1263.6862571632469,1284.8653564453125,2443200,0.0,0.0
2015-07-21 00:00:00+09:00,1308.3976830406525,1336.636481955199,1306.0444497977737,1329.5767822265625,3964400,0.0,0.0
2015-07-22 00:00:00+09:00,1313.1042559649493,1322.517189699465,1298.9848553631757,1306.0445556640625,1661600,0.0,0.0
2015-07-23 00:00:00+09:00,1308.3980991908481,1329.5772051130023,1294.2786952427455,1317.81103515625,3322000,0.0,0.0
2015-07-24 00:00:00+09:00,1338.990141078404,1371.9354169573103,1289.5722272600447,1317.81103515625,4124400,0.0,0.0
2015-07-27 00:00:00+09:00,1287.2187924492628,1303.6914278188146,1237.8008863406073,1251.9202880859375,4302000,0.0,0.0
2015-07-28 00:00:00+09:00,1214.268816100024,1261.3334988945985,1193.0897088424654,1230.741455078125,5979600,0.0,0.0
2015-07-29 00:00:00+09:00,1237.8008570815578,1251.9202584931345,1226.0346892385771,1242.50732421875,3232400,0.0,0.0
2015-07-30 00:00:00+09:00,1247.2136379562262,1258.9798043520395,1230.7410050020874,1233.09423828125,2659200,0.0,0.0
2015-07-31 00:00:00+09:00,1251.920542149102,1251.920542149102,1223.6817329276937,1244.86083984375,2815200,0.0,0.0
2015-08-03 00:00:00+09:00,1247.214073945534,1254.2737762508862,1235.4479034366138,1244.86083984375,2210000,0.0,0.0
2015-08-04 00:00:00+09:00,1242.5074567263011,1287.2188992978915,1233.0945214480716,1266.039794921875,4830800,0.0,0.0
2015-08-05 00:00:00+09:00,1258.9799065654465,1266.039606976094,1214.2684706313466,1216.6217041015625,3646400,0.0,0.0
2015-08-06 00:00:00+09:00,1221.3280863362954,1226.0345529503081,1178.9698868101812,1181.3231201171875,5024800,0.0,0.0
2015-08-07 00:00:00+09:00,1181.3235877329907,1197.7962274025745,1164.8509480634073,1195.4429931640625,3396000,0.0,0.0
2015-08-10 00:00:00+09:00,1202.5026260116374,1247.214073945534,1193.0896896045015,1244.86083984375,3610800,0.0,0.0
2015-08-11 00:00:00+09:00,1263.6864434603988,1273.0993778623383,1216.6217714507004,1228.387939453125,5378400,0.0,0.0
2015-08-12 00:00:00+09:00,1216.6216669921876,1223.6813671875,1176.61669921875,1176.61669921875,3685200,0.0,0.0
2015-08-13 00:00:00+09:00,1176.6169341373634,1195.442805083561,1157.7910631911654,1183.6766357421875,3728800,0.0,0.0
2015-08-14 00:00:00+09:00,1200.1493013822114,1228.3881084735576,1190.7363656850962,1223.681640625,3987200,0.0,0.0
2015-08-17 00:00:00+09:00,1247.214073945534,1258.9802444544541,1228.3882011312617,1244.86083984375,5616800,0.0,0.0
2015-08-18 00:00:00+09:00,1221.3284067007212,1240.154278094952,1188.3831317608174,1223.681640625,7189600,0.0,0.0
2015-08-19 00:00:00+09:00,1200.149033203125,1209.5619667968751,1171.910232421875,1176.61669921875,6439600,0.0,0.0
2015-08-20 00:00:00+09:00,1176.6166154020084,1193.0892480176365,1168.3802990941945,1178.9698486328125,3292800,0.0,0.0
2015-08-21 00:00:00+09:00,1138.965312101403,1160.144419144611,1127.199141521843,1153.084716796875,5804800,0.0,0.0
2015-08-24 00:00:00+09:00,1120.1390531499335,1149.554469461644,1098.959953405502,1106.0196533203125,7520800,0.0,0.0
2015-08-25 00:00:00+09:00,1056.6016845703125,1117.78574648307,995.417622657555,1056.6016845703125,6901200,0.0,0.0
2015-08-26 00:00:00+09:00,1067.191456313282,1098.960110470348,1062.484989030754,1093.0770263671875,3119200,0.0,0.0
2015-08-27 00:00:00+09:00,1140.1417978804366,1148.3781163377773,1108.3731409735515,1114.2562255859375,3662800,0.0,0.0
2015-08-28 00:00:00+09:00,1147.2012519836426,1147.2012519836426,1104.8430519104004,1129.552001953125,2960000,0.0,0.0
2015-08-31 00:00:00+09:00,1126.0222992137737,1126.0222992137737,1103.6665795846602,1108.373046875,3212400,0.0,0.0
2015-09-01 00:00:00+09:00,1094.2537256189294,1097.7835763467324,1044.8358154296875,1044.8358154296875,4012400,0.0,0.0
2015-09-02 00:00:00+09:00,1013.0671860899013,1060.13186372474,1002.4776336220626,1038.9527587890625,3434800,0.0,0.0
2015-09-03 00:00:00+09:00,1036.5993159582856,1053.071949810063,1024.8331489213015,1026.009765625,2571200,0.0,0.0
2015-09-04 00:00:00+09:00,1023.656572717952,1028.363039718954,988.3580702104364,990.7113037109375,4856000,0.0,0.0
2015-09-07 00:00:00+09:00,986.00470805618,1004.830573603792,961.2957595249392,997.7708740234375,4592400,0.0,0.0
2015-09-08 00:00:00+09:00,1003.6540879636932,1044.8356742224614,989.5346869606869,990.7113037109375,5183600,0.0,0.0
2015-09-09 00:00:00+09:00,1044.8358437674385,1057.7786301204137,1017.773654120309,1054.248779296875,3706400,0.0,0.0
2015-09-10 00:00:00+09:00,1037.7758163205472,1041.3056660359232,1004.830552310371,1018.949951171875,3492000,0.0,0.0
2015-09-11 00:00:00+09:00,1007.1837884100083,1064.8380005970298,1003.6539386842724,1056.6016845703125,4884800,0.0,0.0
2015-09-14 00:00:00+09:00,1068.3677658420138,1096.6065614149306,1053.0717515733506,1058.954833984375,3873200,0.0,0.0
2015-09-15 00:00:00+09:00,1077.7811562028335,1102.4901128406714,1067.1916033580458,1071.8980712890625,3409600,0.0,0.0
2015-09-16 00:00:00+09:00,1076.604491781501,1082.487576436045,1033.0696653378777,1061.3084716796875,4638400,0.0,0.0
2015-09-17 00:00:00+09:00,1086.0171737422384,1090.7236403673403,1070.7211572106576,1083.6639404296875,3022400,0.0,0.0
2015-09-18 00:00:00+09:00,1062.4851741683256,1074.2513444248962,1041.3060677064984,1043.6593017578125,4173600,0.0,0.0
2015-09-24 00:00:00+09:00,1055.4253593200885,1098.9601846209173,1051.8955086200215,1067.1915283203125,4387200,0.0,0.0
2015-09-25 00:00:00+09:00,1082.4876238670186,1096.6070276565883,1063.661752147592,1087.194091796875,3805600,0.0,0.0
2015-09-28 00:00:00+09:00,1077.7811559371619,1095.430410674124,1069.5448370599129,1087.194091796875,2958000,0.0,0.0
2015-09-29 00:00:00+09:00,1064.8382451116702,1067.1914788025247,1033.0695902851342,1041.305908203125,2339600,0.0,0.0
2015-09-30 00:00:00+09:00,1058.9549177208032,1067.1912337475205,1049.5419851188406,1056.6016845703125,2675600,0.0,0.0
2015-10-01 00:00:00+09:00,1078.9574703135388,1110.726119930186,1068.3679204413231,1106.0196533203125,3476400,0.0,0.0
2015-10-02 00:00:00+09:00,1107.1964234541656,1157.7909465238033,1100.1367225607278,1130.728759765625,3057200,0.0,0.0
2015-10-05 00:00:00+09:00,1148.3779138727227,1168.3803980282926,1147.2012971576892,1162.497314453125,3162400,0.0,0.0
2015-10-06 00:00:00+09:00,1171.910571743983,1175.4404228636938,1134.2588264670678,1136.612060546875,3266000,0.0,0.0
2015-10-07 00:00:00+09:00,1158.9673644390302,1173.0867638027544,1108.3728500523519,1141.318115234375,4879200,0.0,0.0
2015-10-08 00:00:00+09:00,1135.4353285465997,1140.1417962296944,1056.6019948547632,1068.3681640625,5664000,0.0,0.0
2015-10-09 00:00:00+09:00,1076.6045392200792,1077.7811562028335,1044.8358806857163,1071.8980712890625,3550000,0.0,0.0
2015-10-13 00:00:00+09:00,1067.1914036556645,1080.1341880439911,1046.0123019293117,1051.8953857421875,4313200,0.0,0.0
2015-10-14 00:00:00+09:00,1038.952815002028,1063.6617720972065,1035.422963988431,1042.482666015625,2680400,0.0,0.0
2015-10-15 00:00:00+09:00,1037.776067759424,1062.4850217536962,1033.0696003319438,1049.542236328125,2890000,0.0,0.0
2015-10-16 00:00:00+09:00,1049.5422261211158,1053.0720766573977,1034.2462071305615,1041.305908203125,2414000,0.0,0.0
2015-10-19 00:00:00+09:00,1040.1293014731643,1061.308404896826,1037.776067759424,1049.542236328125,2513200,0.0,0.0
2015-10-20 00:00:00+09:00,1047.1888468377763,1051.895313565137,1022.4798965191321,1024.8331298828125,2628800,0.0,0.0
2015-10-21 00:00:00+09:00,1027.1865611049107,1035.4228794642856,1015.4203920200894,1029.539794921875,2133200,0.0,0.0
2015-10-22 00:00:00+09:00,1034.2462246295104,1047.1890101481958,1026.009906572165,1027.1865234375,2407200,0.0,0.0
2015-10-23 00:00:00+09:00,1055.4253206124756,1061.308404896826,1043.6591520437746,1049.542236328125,3094800,0.0,0.0
2015-10-26 00:00:00+09:00,1061.3080669487847,1064.8379163953994,1053.0717515733506,1058.954833984375,2424800,0.0,0.0
2015-10-27 00:00:00+09:00,1062.4847027337248,1082.4871832946033,1057.7782367194004,1060.1314697265625,3306400,0.0,0.0
2015-10-28 00:00:00+09:00,1060.1319501099601,1060.1319501099601,1033.069758264756,1036.599609375,2910800,0.0,0.0
2015-10-29 00:00:00+09:00,1037.7763300115412,1042.4827986283735,1029.5400099320846,1035.423095703125,1690400,0.0,0.0
2015-10-30 00:00:00+09:00,1030.7160636347764,1056.6016268767457,1026.009597590782,1053.07177734375,3085600,0.0,0.0
2015-11-02 00:00:00+09:00,1036.599063117303,1050.718460117766,1030.715981033777,1033.0692138671875,1886400,0.0,0.0
2015-11-04 00:00:00+09:00,1047.1891528347837,1051.8956209374119,1035.4229825782131,1043.6593017578125,2540000,0.0,0.0
2015-11-05 00:00:00+09:00,1048.365500636654,1070.7212183831145,1044.8356504661601,1064.838134765625,3797600,0.0,0.0
2015-11-06 00:00:00+09:00,1015.4203126892563,1073.0745367005813,1015.4203126892563,1062.4849853515625,4498000,0.0,0.0
2015-11-09 00:00:00+09:00,1076.604465104376,1098.960186237691,1076.604465104376,1097.7835693359375,3795200,0.0,0.0
2015-11-10 00:00:00+09:00,1090.7234914956803,1098.9598069654428,1077.7807100431964,1089.546875,2319600,0.0,0.0
2015-11-11 00:00:00+09:00,1098.9599010587995,1123.668849583676,1093.0768180766859,1117.7857666015625,3014400,0.0,0.0
2015-11-12 00:00:00+09:00,1122.492332017126,1142.4948159209953,1117.7858652162158,1138.9649658203125,4679200,0.0,0.0
2015-11-13 00:00:00+09:00,1137.7885373979502,1156.6144077168408,1129.5522191334358,1150.7313232421875,3050400,0.0,0.0
2015-11-16 00:00:00+09:00,1137.7883186340332,1150.731101989746,1122.492301940918,1129.552001953125,2668000,0.0,0.0
2015-11-17 00:00:00+09:00,1146.0247906015068,1161.3208093672351,1142.494940117108,1154.2611083984375,2866000,0.0,0.0
2015-11-18 00:00:00+09:00,1162.497520957467,1178.9701578941115,1156.614436337237,1160.144287109375,2606000,0.0,0.0
2015-11-19 00:00:00+09:00,1171.9104465254725,1173.0870634396547,1149.5547251560106,1151.907958984375,1793600,0.0,0.0
2015-11-20 00:00:00+09:00,1146.025014449139,1153.084716796875,1127.199141521843,1153.084716796875,2829200,0.0,0.0
2015-11-24 00:00:00+09:00,1175.4400368496717,1183.6763534241938,1162.4972536611367,1181.3231201171875,3264800,0.0,0.0
2015-11-25 00:00:00+09:00,1176.6167150335273,1176.6167150335273,1157.7908475929908,1162.497314453125,1635600,0.0,0.0
2015-11-26 00:00:00+09:00,1170.7338211579408,1183.676607120491,1164.8507366295091,1174.263671875,2162400,0.0,0.0
2015-11-27 00:00:00+09:00,1167.2039022435897,1169.5571359174678,1143.6715655048076,1147.201416015625,2126000,0.0,0.0
2015-11-30 00:00:00+09:00,1153.0845002003205,1166.0272854066507,1137.7884813201122,1147.201416015625,2603600,0.0,0.0
2015-12-01 00:00:00+09:00,1140.141435731132,1144.8479019261006,1114.255871658805,1122.4921875,3755200,0.0,0.0
2015-12-02 00:00:00+09:00,1117.7858696345659,1126.0221865687154,1110.726169405295,1116.6092529296875,2320000,0.0,0.0
2015-12-03 00:00:00+09:00,1126.0222905798803,1134.2586082748219,1111.9028888171233,1115.4327392578125,2303200,0.0,0.0
2015-12-04 00:00:00+09:00,1097.7832821116729,1108.3728314568014,1075.4275668275122,1080.134033203125,3254000,0.0,0.0
2015-12-07 00:00:00+09:00,1095.430354826302,1120.1393101983238,1095.430354826302,1114.2562255859375,2768800,0.0,0.0
2015-12-08 00:00:00+09:00,1117.786057454083,1141.318395505748,1111.9029729411668,1113.07958984375,3276400,0.0,0.0
2015-12-09 00:00:00+09:00,1121.315669802402,1147.2012361567072,1102.4898033629072,1106.0196533203125,3272000,0.0,0.0
2015-12-10 00:00:00+09:00,1094.2534710427988,1111.9027205757473,1077.7808381453804,1082.4873046875,3684800,0.0,0.0
2015-12-11 00:00:00+09:00,1068.3680780553232,1098.9601155326784,1050.7188256645416,1055.42529296875,4200400,0.0,0.0
2015-12-14 00:00:00+09:00,1031.8932442405007,1041.3061814741654,1027.1867756236684,1035.423095703125,4076000,0.0,0.0
2015-12-15 00:00:00+09:00,1035.4228326756256,1066.014870913769,1034.2462158203125,1034.2462158203125,3812400,0.0,0.0
2015-12-16 00:00:00+09:00,1041.3057404079373,1048.3654403429064,1008.3604740447483,1046.01220703125,5686400,0.0,0.0
2015-12-17 00:00:00+09:00,1058.9549177208032,1073.074316623747,1048.3653685435952,1056.6016845703125,5023200,0.0,0.0
2015-12-18 00:00:00+09:00,1069.5445401478137,1084.8405566735798,1046.01220703125,1046.01220703125,6624000,0.0,0.0
2015-12-21 00:00:00+09:00,1044.8357689006448,1063.6616386105661,1031.8929834750736,1049.542236328125,3130800,0.0,0.0
2015-12-22 00:00:00+09:00,1061.3080929207401,1081.3105736077164,1044.8354617667599,1053.07177734375,2392800,0.0,0.0
2015-12-24 00:00:00+09:00,1075.4279909717793,1078.9578421456474,1033.0697768853636,1037.7762451171875,2554800,0.0,0.0
2015-12-25 00:00:00+09:00,1037.7762451171875,1037.7762451171875,1037.7762451171875,1037.7762451171875,0,0.0,0.0
2015-12-28 00:00:00+09:00,1044.8437591835304,1046.0217115614148,1002.4374735796893,1017.7508544921875,2408800,1.25,0.0
2015-12-29 00:00:00+09:00,1014.2167576679064,1041.309655956364,1013.0388055684083,1034.241943359375,2537600,0.0,0.0
2015-12-30 00:00:00+09:00,1024.8185778166119,1031.8862921463815,996.5477204975329,1007.1492919921875,3745600,0.0,0.0
2016-01-04 00:00:00+09:00,1001.2594775448823,1023.6405717488268,985.9460973000782,988.302001953125,4128000,0.0,0.0
2016-01-05 00:00:00+09:00,980.0563529191617,998.9035904752993,972.98863883561,983.5902099609375,4306400,0.0,0.0
2016-01-06 00:00:00+09:00,988.3021075314291,1003.6154894121306,970.6328207460043,976.5225830078125,2205200,0.0,0.0
2016-01-07 00:00:00+09:00,974.1666525168192,991.8359388381642,963.5650807240123,967.0989379882812,2538400,0.0,0.0
2016-01-08 00:00:00+09:00,961.2092465555727,972.9887716359106,950.6076739832686,956.4974365234375,3138000,0.0,0.0
2016-01-12 00:00:00+09:00,941.1838448282099,956.4972240306713,918.8027521476893,922.3366088867188,4834000,0.0,0.0
2016-01-13 00:00:00+09:00,968.2769892008666,968.2769892008666,938.8281756606942,949.4297485351562,3595600,0.0,0.0
2016-01-14 00:00:00+09:00,925.8705884795828,931.7603504928118,901.1335880240215,914.091064453125,2565600,0.0,0.0
2016-01-15 00:00:00+09:00,930.5823538200243,944.7177819793158,918.802830353948,925.8705444335938,2374000,0.0,0.0
2016-01-18 00:00:00+09:00,903.489492829313,917.6249216610623,891.7099688028552,914.091064453125,3991200,0.0,0.0
2016-01-19 00:00:00+09:00,917.6248345338475,930.5823097326567,912.9130253706442,921.15869140625,3836800,0.0,0.0
2016-01-20 00:00:00+09:00,917.6249233148037,918.8028757195723,869.3288747192877,872.8627319335938,3270800,0.0,0.0
2016-01-21 00:00:00+09:00,864.6171124866643,872.8627797719595,826.9226334681721,828.1005859375,5761200,0.0,0.0
2016-01-22 00:00:00+09:00,861.0830905949031,908.201180367538,858.7271861062713,905.8452758789062,5987600,0.0,0.0
2016-01-25 00:00:00+09:00,930.5822660604101,936.4720272380076,905.8452691145004,924.6925048828125,3610400,0.0,0.0
2016-01-26 00:00:00+09:00,914.0909415891173,922.3366072993284,901.1334669016427,905.8452758789062,3850000,0.0,0.0
2016-01-27 00:00:00+09:00,921.1587702532222,928.2264846029913,902.3115319871716,908.2012939453125,3465200,0.0,0.0
2016-01-28 00:00:00+09:00,892.8879128541464,919.9808178615941,888.1761032876337,908.2012939453125,3337600,0.0,0.0
2016-01-29 00:00:00+09:00,907.0233154296875,949.4296003069196,902.311505998884,948.2516479492188,3894800,0.0,0.0
2016-02-01 00:00:00+09:00,961.2093106727327,991.83607792456,954.1415951530803,987.124267578125,3193200,0.0,0.0
2016-02-02 00:00:00+09:00,970.6328303639482,985.9462123963891,962.3871631157108,965.9210205078125,3498000,0.0,0.0
2016-02-03 00:00:00+09:00,965.9209869384765,971.8107490539551,940.006033630371,942.3619384765625,3469600,0.0,0.0
2016-02-04 00:00:00+09:00,930.5825172736749,936.4722800412297,891.7100830078125,891.7100830078125,4296000,0.0,0.0
2016-02-05 00:00:00+09:00,876.3966594690884,894.0659469583844,857.5494194805058,870.5068969726562,5948400,0.0,0.0
2016-02-08 00:00:00+09:00,865.7951281738282,895.2439420572917,851.6596975097657,883.4644165039062,4188000,0.0,0.0
2016-02-09 00:00:00+09:00,850.4817611886943,863.4392395447549,831.6345199435156,839.8801879882812,7898000,0.0,0.0
2016-02-10 00:00:00+09:00,848.1257609577922,861.0832378613139,806.8974253556772,816.321044921875,7657200,0.0,0.0
2016-02-12 00:00:00+09:00,777.4486078493957,817.4989906780008,768.024988360312,785.6942749023438,9643200,0.0,0.0
2016-02-15 00:00:00+09:00,856.3713111506053,864.6169771451778,819.8547903174982,846.9476928710938,3934800,0.0,0.0
2016-02-16 00:00:00+09:00,837.5240570579828,861.0831022635518,826.9224867154767,843.413818359375,3322000,0.0,0.0
2016-02-17 00:00:00+09:00,858.7272248663297,909.3791736581708,842.2358927015442,852.8374633789062,4398000,0.0,0.0
2016-02-18 00:00:00+09:00,876.3965541294642,886.9981253487723,868.150887625558,874.0406494140625,3821200,0.0,0.0
2016-02-19 00:00:00+09:00,857.5494811678194,863.439244087928,845.769955327602,862.2612915039062,1989600,0.0,0.0
2016-02-22 00:00:00+09:00,863.4391126954442,885.8202083860492,861.0832078859069,872.8627319335938,3776400,0.0,0.0
2016-02-23 00:00:00+09:00,878.7525665072736,886.998234021417,849.3037539567619,854.0155639648438,3868000,0.0,0.0
2016-02-24 00:00:00+09:00,848.1257311163101,885.8202080548128,844.5918739033256,881.1083984375,3213600,0.0,0.0
2016-02-25 00:00:00+09:00,914.0908981086059,950.6074159454188,896.4216152843417,909.3790893554688,5262000,0.0,0.0
2016-02-26 00:00:00+09:00,905.8452327906159,921.1586112383117,889.3539021546359,909.3790893554688,2991200,0.0,0.0
2016-02-29 00:00:00+09:00,914.0911908888659,921.1589062823365,889.3541870117188,889.3541870117188,3293200,0.0,0.0
2016-03-01 00:00:00+09:00,881.1082262541119,899.9554610402961,878.7523219058388,895.24365234375,2251600,0.0,0.0
2016-03-02 00:00:00+09:00,911.7351335685483,921.1587525201613,885.8201814516129,912.9130859375,3917200,0.0,0.0
2016-03-03 00:00:00+09:00,911.7352453737843,929.4045330748266,908.2013878335758,923.5147705078125,1662400,0.0,0.0
2016-03-04 00:00:00+09:00,924.6926096270162,925.8705619959677,903.4894669858871,912.9130859375,2276400,0.0,0.0
2016-03-07 00:00:00+09:00,916.4469431241354,919.9808002312978,902.3115146954855,904.6674194335938,1633200,0.0,0.0
2016-03-08 00:00:00+09:00,899.9556186765666,909.3792377203004,878.7524758281659,902.3115234375,2417200,0.0,0.0
2016-03-09 00:00:00+09:00,908.2012049594772,914.0909663405374,878.7523980541764,882.2862548828125,2470000,0.0,0.0
2016-03-10 00:00:00+09:00,884.6422458835003,919.9808176231875,884.6422458835003,916.4469604492188,3872800,0.0,0.0
2016-03-11 00:00:00+09:00,909.3793130489335,942.361982434128,909.3793130489335,938.828125,3991200,0.0,0.0
2016-03-14 00:00:00+09:00,969.4546873831863,995.3696364991403,967.0987829180996,984.76806640625,6041200,0.0,0.0
2016-03-15 00:00:00+09:00,987.1239708713367,991.8357798015102,972.9885440808164,984.76806640625,3156800,0.0,0.0
2016-03-16 00:00:00+09:00,971.8107038331264,981.234322779387,968.2768467282787,970.6327514648438,2682000,0.0,0.0
2016-03-17 00:00:00+09:00,967.0988339861377,983.5901661125762,961.2090725124098,978.8783569335938,2710400,0.0,0.0
2016-03-18 00:00:00+09:00,978.8784181948062,982.4122753002025,938.8280376669801,954.1414184570312,3410000,0.0,0.0
2016-03-22 00:00:00+09:00,970.6326890615271,977.7004028168295,932.9382156999144,945.8956909179688,2784400,0.0,0.0
2016-03-23 00:00:00+09:00,945.8958909103357,961.2092739512252,943.5399858271219,949.4297485351562,1749200,0.0,0.0
2016-03-24 00:00:00+09:00,932.9383634543117,945.8958407245105,928.2265535378758,930.5824584960938,3920000,0.0,0.0
2016-03-25 00:00:00+09:00,932.9383278753525,944.7178522172129,931.7603754411664,940.0060424804688,1826800,0.0,0.0
2016-03-28 00:00:00+09:00,944.7178083365033,949.429617854391,924.6926178854801,943.5398559570312,2126800,0.0,0.0
2016-03-29 00:00:00+09:00,944.7179383687287,949.4297485351562,929.4045553278391,949.4297485351562,1924800,0.0,0.0
2016-03-30 00:00:00+09:00,947.0737214598709,963.5650549181273,943.5398642902445,957.67529296875,2399200,0.0,0.0
2016-03-31 00:00:00+09:00,942.3618326406649,948.2515940946691,917.6248345338475,921.15869140625,3596400,0.0,0.0
2016-04-01 00:00:00+09:00,919.9808365820572,919.9808365820572,884.6422641141165,886.9981689453125,2868000,0.0,0.0
2016-04-04 00:00:00+09:00,886.9980560544298,907.0232445709308,882.2862469917236,892.8878173828125,2159200,0.0,0.0
2016-04-05 00:00:00+09:00,892.8880015448153,903.4895741225241,879.9305239498377,884.642333984375,1782800,0.0,0.0
2016-04-06 00:00:00+09:00,879.930419921875,882.2863246606216,851.6595630569152,879.930419921875,2466400,0.0,0.0
2016-04-07 00:00:00+09:00,881.1084983132101,882.2864508510621,845.7699221776536,855.1935424804688,3090800,0.0,0.0
2016-04-08 00:00:00+09:00,836.3461396700787,861.0831381673628,822.2107119573451,850.4815673828125,3544000,0.0,0.0
2016-04-11 00:00:00+09:00,864.617136483028,866.9730414870689,832.8124189284752,854.0155639648438,2498800,0.0,0.0
2016-04-12 00:00:00+09:00,852.8374983278039,863.4390694396137,843.4138795617508,859.9052124023438,1892000,0.0,0.0
2016-04-13 00:00:00+09:00,862.2611602906755,876.3965891478998,855.1934458620635,872.8627319335938,3314800,0.0,0.0
2016-04-14 00:00:00+09:00,885.8201729910714,908.2012677873884,876.3965541294642,907.0233154296875,3904400,0.0,0.0
2016-04-15 00:00:00+09:00,897.5996965680803,911.735124860491,890.531982421875,907.0233154296875,2712400,0.0,0.0
2016-04-18 00:00:00+09:00,878.75244140625,889.3540124151726,872.8626797346263,878.75244140625,1976400,0.0,0.0
2016-04-19 00:00:00+09:00,895.2437918526786,916.4469342912946,890.531982421875,898.7776489257812,2518400,0.0,0.0
2016-04-20 00:00:00+09:00,916.446839234176,929.4043138248906,914.0909347631369,924.6925048828125,2442400,0.0,0.0
2016-04-21 00:00:00+09:00,942.3619815959266,948.2517439809012,938.828124164942,947.0737915039062,2424000,0.0,0.0
2016-04-22 00:00:00+09:00,942.361842995823,957.6752229445052,938.8279860845887,951.7854614257812,2864800,0.0,0.0
2016-04-25 00:00:00+09:00,951.7855226133349,951.7855226133349,941.1839511980874,943.5398559570312,2020000,0.0,0.0
2016-04-26 00:00:00+09:00,937.6500767299107,955.319362095424,937.6500767299107,948.2516479492188,1816800,0.0,0.0
2016-04-27 00:00:00+09:00,961.2090533515334,969.4547192503824,949.4295306388921,950.6074829101562,1894000,0.0,0.0
2016-04-28 00:00:00+09:00,951.7854252653302,957.6751865602889,935.2940936394458,936.4720458984375,4435200,0.0,0.0
2016-05-02 00:00:00+09:00,888.1760953557572,899.9556191668414,874.040666782456,877.5745239257812,4142000,0.0,0.0
2016-05-06 00:00:00+09:00,872.8626528634255,882.2862712479159,858.7272252866899,861.0831298828125,2682400,0.0,0.0
2016-05-09 00:00:00+09:00,862.261117093857,869.3288311683968,846.9477365990208,859.9052124023438,4110800,0.0,0.0
2016-05-10 00:00:00+09:00,831.6344119501665,921.1587962394195,831.6344119501665,917.6249389648438,6344400,0.0,0.0
2016-05-11 00:00:00+09:00,927.0485146968081,927.0485146968081,876.396562813755,879.930419921875,2982000,0.0,0.0
2016-05-12 00:00:00+09:00,865.7950869755107,872.8628019712291,849.303751985501,870.5068969726562,2848400,0.0,0.0
2016-05-13 00:00:00+09:00,864.616879442003,865.7948315938314,839.8798842536079,848.1255493164062,3079200,0.0,0.0
2016-05-16 00:00:00+09:00,846.9477982406725,855.1934652610962,832.8123690628031,835.1682739257812,1722400,0.0,0.0
2016-05-17 00:00:00+09:00,835.1682646599985,846.9477888442016,831.6344074047375,845.7698364257812,1869600,0.0,0.0
2016-05-18 00:00:00+09:00,845.7697228799319,852.8374364416027,833.9902002771473,843.413818359375,2633600,0.0,0.0
2016-05-19 00:00:00+09:00,841.0578952173336,848.1256086225212,826.9224684069583,831.63427734375,1844000,0.0,0.0
2016-05-20 00:00:00+09:00,829.2784075797872,835.1681689972573,825.7445507293052,830.4563598632812,2132400,0.0,0.0
2016-05-23 00:00:00+09:00,822.2108504570368,825.7447079804912,815.1431354101283,821.0328979492188,2129600,0.0,0.0
2016-05-24 00:00:00+09:00,819.8549740439967,819.8549740439967,799.8297807124623,805.7195434570312,2752800,0.0,0.0
2016-05-25 00:00:00+09:00,825.7447861153738,828.100691353934,819.8550230189732,824.5668334960938,1894800,0.0,0.0
2016-05-26 00:00:00+09:00,836.3462263572704,842.2359885147159,832.8123690628031,835.1682739257812,2230400,0.0,0.0
2016-05-27 00:00:00+09:00,833.9903220152244,833.9903220152244,819.8548928285256,826.922607421875,1962800,0.0,0.0
2016-05-30 00:00:00+09:00,812.7870750973765,824.5665979248747,810.4311705318768,822.210693359375,3244400,0.0,0.0
2016-05-31 00:00:00+09:00,817.4987662668979,841.057808522428,815.1428620413448,838.701904296875,2720800,0.0,0.0
2016-06-01 00:00:00+09:00,826.9225128342434,866.9728909487225,825.7445605367587,852.8374633789062,4500800,0.0,0.0
2016-06-02 00:00:00+09:00,878.75244140625,889.3540124151726,870.506775065977,878.75244140625,6741200,0.0,0.0
2016-06-03 00:00:00+09:00,901.1336244132855,901.1336244132855,881.1084327596569,888.1761474609375,4112000,0.0,0.0
2016-06-06 00:00:00+09:00,877.5745239257812,881.1083810691066,868.1509048769138,877.5745239257812,2200800,0.0,0.0
2016-06-07 00:00:00+09:00,878.7523980541764,884.6421594352365,868.1508275682681,882.2862548828125,1988800,0.0,0.0
2016-06-08 00:00:00+09:00,895.2438178736502,903.4894846172233,881.108389170382,899.9556274414062,3014800,0.0,0.0
2016-06-09 00:00:00+09:00,912.9131204798035,930.5824066826384,912.9131204798035,919.9808349609375,3818800,0.0,0.0
2016-06-10 00:00:00+09:00,949.429618326823,950.607570706881,911.7351421649639,918.8028564453125,4429200,0.0,0.0
2016-06-13 00:00:00+09:00,909.37935282523,917.6250205321945,896.421875,896.421875,2277600,0.0,0.0
2016-06-14 00:00:00+09:00,894.0659540534496,904.6675266311585,874.0407614066661,884.642333984375,1731200,0.0,0.0
2016-06-15 00:00:00+09:00,885.8202425605107,903.4895293137123,877.5745754090166,888.1761474609375,2314000,0.0,0.0
2016-06-16 00:00:00+09:00,885.8202274053423,888.1761322654629,846.9477972133525,851.6596069335938,2726400,0.0,0.0
2016-06-17 00:00:00+09:00,866.9728997143352,885.8201366646468,849.303615073418,850.4815673828125,3001200,0.0,0.0
2016-06-20 00:00:00+09:00,883.4642767137096,922.3367048891129,881.1083719758064,912.9130859375,4020400,0.0,0.0
2016-06-21 00:00:00+09:00,896.4217442103794,910.5571725027902,890.531982421875,907.0233154296875,3164800,0.0,0.0
2016-06-22 00:00:00+09:00,902.3116252665617,928.2265805614238,899.955720239756,923.5147705078125,2816400,0.0,0.0
2016-06-23 00:00:00+09:00,923.5145191322509,936.471993252729,915.2688537828559,934.1160888671875,1718400,0.0,0.0
2016-06-24 00:00:00+09:00,932.9382015306122,936.4720583545918,849.3035900297618,865.794921875,4068000,0.0,0.0
2016-06-27 00:00:00+09:00,889.3539021546359,923.5145156148802,885.820045589783,909.3790893554688,3944000,0.0,0.0
2016-06-28 00:00:00+09:00,895.6545858180269,916.9515244504238,874.35764718563,889.73876953125,5039600,4.25,0.0
2016-06-29 00:00:00+09:00,890.921893145587,894.4713827597129,867.2586290514147,875.540771484375,4239200,0.0,0.0
2016-06-30 00:00:00+09:00,896.8377008993159,913.4019856124959,889.7387217365246,894.4713745117188,4964400,0.0,0.0
2016-07-01 00:00:00+09:00,911.0356210131164,914.5851104456351,896.8376632830419,902.7534790039062,2110400,0.0,0.0
2016-07-04 00:00:00+09:00,894.4713891632903,922.8673062795853,888.5555730973955,921.6841430664062,2662800,0.0,0.0
2016-07-05 00:00:00+09:00,925.2335032263011,935.8819706547368,911.0355466550535,919.3176879882812,2545600,0.0,0.0
2016-07-06 00:00:00+09:00,907.4861145824744,916.9514195585627,886.1891783862756,896.837646484375,2654000,0.0,0.0
2016-07-07 00:00:00+09:00,899.2040457025993,909.8525146648669,874.3576181239748,879.0902709960938,2745600,0.0,0.0
2016-07-08 00:00:00+09:00,875.5408690721423,875.5408690721423,842.412295647791,843.595458984375,3224800,0.0,0.0
2016-07-11 00:00:00+09:00,843.595458984375,843.595458984375,843.595458984375,843.595458984375,0,0.0,0.0
2016-07-12 00:00:00+09:00,907.4862478409115,920.501044094171,893.2882882919012,900.3872680664062,5190000,0.0,0.0
2016-07-13 00:00:00+09:00,922.8672762784091,924.050439453125,902.7535023082387,911.03564453125,3264400,0.0,0.0
2016-07-14 00:00:00+09:00,916.9515119848537,921.6841649499369,903.9367163308752,907.4862060546875,2295200,0.0,0.0
2016-07-15 00:00:00+09:00,911.0356741477957,939.4315912640907,908.6693477214378,921.6841430664062,4450000,0.0,0.0
2016-07-19 00:00:00+09:00,912.218853541783,929.966302054269,907.48620060512,927.5999755859375,2968000,0.0,0.0
2016-07-20 00:00:00+09:00,927.5998705342997,934.6988491353276,909.8524240317303,933.5156860351562,2570800,0.0,0.0
2016-07-21 00:00:00+09:00,941.7979643121729,977.2928624646418,941.7979643121729,960.7285766601562,4095200,0.0,0.0
2016-07-22 00:00:00+09:00,948.8967959183166,960.728426790116,925.2335341747176,929.9661865234375,2322800,0.0,0.0
2016-07-25 00:00:00+09:00,940.6147361524178,955.9958576240925,937.0652465820312,937.0652465820312,2101600,0.0,0.0
2016-07-26 00:00:00+09:00,946.530552103062,953.6295312438349,928.7831042511295,937.0652465820312,2280400,0.0,0.0
2016-07-27 00:00:00+09:00,948.8970197213032,971.3771236797879,947.7138563550672,966.6444702148438,3489600,0.0,0.0
2016-07-28 00:00:00+09:00,971.3769776897666,973.7433040665992,940.6147347909433,958.3621826171875,2733200,0.0,0.0
2016-07-29 00:00:00+09:00,958.3621859285894,964.2780018911114,931.1494325009874,959.5453491210938,2618400,0.0,0.0
2016-08-01 00:00:00+09:00,934.6988827892776,951.263166788075,922.8672513615652,945.3473510742188,1589600,0.0,0.0
2016-08-02 00:00:00+09:00,935.8821378683742,948.8969337173655,932.3326480913765,934.698974609375,1313200,0.0,0.0
2016-08-03 00:00:00+09:00,911.0356108012952,914.5851001940275,896.837653230366,899.2039794921875,2261600,0.0,0.0
2016-08-04 00:00:00+09:00,902.7534620944302,908.6692777044855,876.7238734101871,896.837646484375,2539600,0.0,0.0
2016-08-05 00:00:00+09:00,896.8377781791537,906.3030845451606,892.1051249961503,900.3872680664062,1558400,0.0,0.0
2016-08-08 00:00:00+09:00,915.7682837742739,921.6840995609293,896.8376732569761,906.302978515625,2222400,0.0,0.0
2016-08-09 00:00:00+09:00,889.7387478014562,907.4861962283469,881.4566052022404,903.9367065429688,2034800,0.0,0.0
2016-08-10 00:00:00+09:00,900.3872168575906,912.2188491421845,899.2040536291313,903.9367065429688,1706000,0.0,0.0
2016-08-12 00:00:00+09:00,914.5851800101144,929.966302054269,909.8525270734515,927.5999755859375,1904000,0.0,0.0
2016-08-15 00:00:00+09:00,927.5999221801758,928.7830853462219,906.3029851913452,908.6693115234375,1273200,0.0,0.0
2016-08-16 00:00:00+09:00,908.6693260941645,912.2188156492198,889.7387151338694,892.1050415039062,2214000,0.0,0.0
2016-08-17 00:00:00+09:00,889.7387564756016,905.1198785955256,879.0902873156542,885.006103515625,2370800,0.0,0.0
2016-08-18 00:00:00+09:00,895.6544900994552,937.0651996813323,888.5555113139906,899.2039794921875,6124000,0.0,0.0
2016-08-19 00:00:00+09:00,906.3031690725737,908.6694958847737,844.7786719553756,862.526123046875,5286000,0.0,0.0
2016-08-22 00:00:00+09:00,877.9070161824654,887.3723209391497,866.0753852366101,868.4417114257812,3085600,0.0,0.0
2016-08-23 00:00:00+09:00,862.5258546443528,871.9911589477201,850.6942242651435,854.2437133789062,2864400,0.0,0.0
2016-08-24 00:00:00+09:00,851.8775731003631,862.5260427641176,843.595430028554,855.4270629882812,1492400,0.0,0.0
2016-08-25 00:00:00+09:00,857.7933895802266,864.892369356063,853.0607363963358,855.4270629882812,1609600,0.0,0.0
2016-08-26 00:00:00+09:00,849.5112960379464,849.5112960379464,828.21435546875,828.21435546875,2444000,0.0,0.0
2016-08-29 00:00:00+09:00,836.4962347016917,842.4120496571493,818.7487898353193,822.2982788085938,2442800,0.0,0.0
2016-08-30 00:00:00+09:00,824.6647069568385,829.3973595075233,808.1004230294415,815.1994018554688,2127200,0.0,0.0
2016-08-31 00:00:00+09:00,815.1994816706731,815.1994816706731,786.8035635863536,799.818359375,3717600,0.0,0.0
2016-09-01 00:00:00+09:00,803.3677635679853,836.4963311377992,799.8182741855053,834.1300048828125,3203200,0.0,0.0
2016-09-02 00:00:00+09:00,837.6793640136718,862.5257858276367,837.6793640136718,851.8773193359375,3481200,0.0,0.0
2016-09-05 00:00:00+09:00,857.7932778051344,858.9764409469345,835.3131781109308,837.6795043945312,2022400,0.0,0.0
2016-09-06 00:00:00+09:00,832.9469350961539,848.3280574771908,830.5806085759943,845.9617309570312,1142800,0.0,0.0
2016-09-07 00:00:00+09:00,843.5951787312825,856.609971110026,841.2288528442383,851.8773193359375,1570800,0.0,0.0
2016-09-08 00:00:00+09:00,854.2439060816272,860.1597226057381,847.144926252694,857.7933959960938,1385200,0.0,0.0
2016-09-09 00:00:00+09:00,850.6943359375,855.4269887104485,842.41219358484,850.6943359375,1202000,0.0,0.0
2016-09-12 00:00:00+09:00,829.3974479773807,832.94693776901,818.7489786024928,824.664794921875,1952000,0.0,0.0
2016-09-13 00:00:00+09:00,827.031099607309,840.0458951662223,824.664773142052,838.8627319335938,2010400,0.0,0.0
2016-09-14 00:00:00+09:00,831.7637460322832,843.5953782660283,831.7637460322832,836.4963989257812,1240000,0.0,0.0
2016-09-15 00:00:00+09:00,823.4815131682038,827.0310024491013,816.382534606409,825.8478393554688,1350000,0.0,0.0
2016-09-16 00:00:00+09:00,827.0308975219726,854.2436452229817,824.6645716349284,851.8773193359375,2212400,0.0,0.0
2016-09-20 00:00:00+09:00,848.3278632860505,851.8773522537746,831.7635814366715,842.4120483398438,2825200,0.0,0.0
2016-09-21 00:00:00+09:00,838.862786243113,860.1597258092287,830.5806430785125,858.9765625,2130400,0.0,0.0
2016-09-23 00:00:00+09:00,858.9764100366709,890.9218137157206,854.2437576397747,869.6248779296875,2430000,0.0,0.0
2016-09-26 00:00:00+09:00,874.3576016723301,883.8229072384718,869.6249488892594,873.1744384765625,1858400,0.0,0.0
2016-09-27 00:00:00+09:00,866.0754916757186,885.006103515625,854.243859275777,885.006103515625,2397200,0.0,0.0
2016-09-28 00:00:00+09:00,883.8229238682127,885.0060870862425,874.3576181239748,879.0902709960938,1257200,0.0,0.0
2016-09-29 00:00:00+09:00,883.8228591137498,889.7386747704683,875.5407171943438,877.9070434570312,1256800,0.0,0.0
2016-09-30 00:00:00+09:00,855.4269274190128,877.9070264798167,853.0606012020861,871.9912109375,1990000,0.0,0.0
2016-10-03 00:00:00+09:00,888.5554979112413,920.5009019639757,888.5554979112413,915.7682495117188,3682000,0.0,0.0
2016-10-04 00:00:00+09:00,914.5851104456351,916.9514367339808,899.2039895713876,902.7534790039062,2952400,0.0,0.0
2016-10-05 00:00:00+09:00,914.5851206169427,914.5851206169427,901.5703258863006,906.302978515625,2181200,0.0,0.0
2016-10-06 00:00:00+09:00,913.4018330190373,934.698766949533,906.3028550422055,926.4166259765625,3257600,0.0,0.0
2016-10-07 00:00:00+09:00,934.698973976066,938.2484637506587,909.8525455539175,912.2188720703125,2678800,0.0,0.0
2016-10-11 00:00:00+09:00,907.4861416729561,915.7682837742739,900.3871627289695,906.302978515625,1715600,0.0,0.0
2016-10-12 00:00:00+09:00,916.951402632758,941.7978277363553,913.4019133322441,933.5156860351562,3339600,0.0,0.0
2016-10-13 00:00:00+09:00,937.0652130205003,939.4315393160066,920.5009289519561,925.2335815429688,1717200,0.0,0.0
2016-10-14 00:00:00+09:00,927.5999982715708,938.2484676394843,925.2336717453678,935.8821411132812,1772000,0.0,0.0
2016-10-17 00:00:00+09:00,928.783158314379,940.614790904371,924.0505052783822,934.698974609375,1428400,0.0,0.0
2016-10-18 00:00:00+09:00,925.2335409561389,934.6988457229537,920.5008885727316,932.33251953125,2416800,0.0,0.0
2016-10-19 00:00:00+09:00,940.6147249923763,963.094825338106,939.4315618162852,954.8126831054688,2297200,0.0,0.0
2016-10-20 00:00:00+09:00,951.2632034866898,965.4611617476852,951.2632034866898,958.3621826171875,2040800,0.0,0.0
2016-10-21 00:00:00+09:00,967.8275985528458,972.5602518465028,951.2633120250465,953.629638671875,2572000,0.0,0.0
2016-10-24 00:00:00+09:00,961.9116721824364,967.8274881245178,952.4463666751061,958.3621826171875,1720400,0.0,0.0
2016-10-25 00:00:00+09:00,954.8125987903995,970.1937187213478,952.4462726471768,967.827392578125,1638400,0.0,0.0
2016-10-26 00:00:00+09:00,959.545355727605,967.827498132159,959.545355727605,961.9116821289062,1396800,0.0,0.0
2016-10-27 00:00:00+09:00,958.36215582869,961.9116452947222,942.9810348092172,948.8968505859375,1660000,0.0,0.0
2016-10-28 00:00:00+09:00,952.4463299308461,954.8126562163886,933.5157196465063,945.3473510742188,2848800,0.0,0.0
2016-10-31 00:00:00+09:00,942.9810247886762,948.8968405025324,935.8820459320489,945.3473510742188,1481600,0.0,0.0
2016-11-01 00:00:00+09:00,945.3473105104813,952.4462890625,938.2483319584627,952.4462890625,1484800,0.0,0.0
2016-11-02 00:00:00+09:00,941.7978825841803,941.7978825841803,927.5999245552731,931.1494140625,1328400,0.0,0.0
2016-11-04 00:00:00+09:00,914.5851132131903,929.9662341339813,907.4861343266714,925.2335815429688,2380000,0.0,0.0
2016-11-07 00:00:00+09:00,970.1937118231082,987.9411577710918,963.0947334439146,965.4610595703125,3299600,0.0,0.0
2016-11-08 00:00:00+09:00,974.9264570990165,978.4759466272895,953.6295199293777,954.8126831054688,1472000,0.0,0.0
2016-11-09 00:00:00+09:00,960.7285696384126,976.109692058732,915.7683656405559,935.8821411132812,3224800,0.0,0.0
2016-11-10 00:00:00+09:00,972.5601329295456,979.659112002024,958.3621747845888,977.2927856445312,1960800,0.0,0.0
2016-11-11 00:00:00+09:00,972.5602322387696,979.6592120361329,941.7979864501954,946.5306396484375,2093600,0.0,0.0
2016-11-14 00:00:00+09:00,969.0105556497364,974.9263710077934,963.0947402916794,967.827392578125,1607200,0.0,0.0
2016-11-15 00:00:00+09:00,965.4612297471522,969.010719562399,954.8127603014115,960.7285766601562,1288000,0.0,0.0
2016-11-16 00:00:00+09:00,970.1939251996743,973.743415169917,948.896985378218,953.629638671875,1880000,0.0,0.0
2016-11-17 00:00:00+09:00,951.2632215779878,952.4463847889057,934.6989366251372,942.9810791015625,2059600,0.0,0.0
2016-11-18 00:00:00+09:00,953.6293556837165,953.6293556837165,933.5155851544074,940.6145629882812,2369600,0.0,0.0
2016-11-21 00:00:00+09:00,952.4464152018229,979.659169921875,948.8969254557292,976.1096801757812,2653200,0.0,0.0
2016-11-22 00:00:00+09:00,979.659253340501,987.9413967866163,971.3771098943857,984.3919067382812,1891200,0.0,0.0
2016-11-24 00:00:00+09:00,996.22337455393,1013.970821844083,995.040211401253,1012.7876586914062,2550000,0.0,0.0
2016-11-25 00:00:00+09:00,1017.5203247070312,1030.535119557935,1011.6045088657113,1017.5203247070312,1879200,0.0,0.0
2016-11-28 00:00:00+09:00,1016.3369997654445,1026.985466584873,1012.7875108256351,1024.619140625,1622400,0.0,0.0
2016-11-29 00:00:00+09:00,1028.168708039206,1042.366664882095,1026.9855449689653,1030.5350341796875,2440800,0.0,0.0
2016-11-30 00:00:00+09:00,1030.5351693638393,1041.1836383928571,1028.1688429129465,1035.267822265625,1902400,0.0,0.0
2016-12-01 00:00:00+09:00,1045.9159939359695,1058.9307857157157,1036.4506908234268,1038.8170166015625,2710800,0.0,0.0
2016-12-02 00:00:00+09:00,1030.5350957157184,1036.4509114201715,1004.5055066161251,1009.2381591796875,3323200,0.0,0.0
2016-12-05 00:00:00+09:00,999.7728714715867,1004.505524117606,987.9412398565383,993.8570556640625,2002000,0.0,0.0
2016-12-06 00:00:00+09:00,1003.3225489558562,1004.5057123390588,987.9414249742216,995.0404052734375,1848800,0.0,0.0
2016-12-07 00:00:00+09:00,1004.505524117606,1005.6886872791108,990.307566179548,993.8570556640625,1777600,0.0,0.0
2016-12-08 00:00:00+09:00,1006.8718196350171,1006.8718196350171,978.475904627684,983.2085571289062,2999600,0.0,0.0
2016-12-09 00:00:00+09:00,950.0800887044271,982.0254964192709,950.0800887044271,976.1096801757812,3532800,0.0,0.0
2016-12-12 00:00:00+09:00,982.0254240490141,999.7728714715867,982.0254240490141,993.8570556640625,2362000,0.0,0.0
2016-12-13 00:00:00+09:00,993.8571617251537,1012.7877743294423,990.3076718618496,1010.4214477539062,2168800,0.0,0.0
2016-12-14 00:00:00+09:00,998.5896674262153,1008.0549723307292,990.3075256347656,1000.9559936523438,1461600,0.0,0.0
2016-12-15 00:00:00+09:00,1017.5203379878292,1041.1836016619648,1015.1540116204156,1022.2529907226562,2378800,0.0,0.0
2016-12-16 00:00:00+09:00,1025.8024393015894,1038.8172338025324,1022.2529498922414,1029.3519287109375,1768000,0.0,0.0
2016-12-19 00:00:00+09:00,1026.9857370476975,1035.2678800884046,1019.8867572985198,1034.084716796875,1664800,0.0,0.0
2016-12-20 00:00:00+09:00,1038.8174281169458,1040.00059147471,1028.1689578970684,1032.901611328125,1632800,0.0,0.0
2016-12-21 00:00:00+09:00,1038.8173699629936,1050.6490028782896,1032.9015535053454,1034.084716796875,2331600,0.0,0.0
2016-12-22 00:00:00+09:00,1045.9159939359695,1047.0991568250374,1032.9012021562235,1038.8170166015625,1630800,0.0,0.0
2016-12-26 00:00:00+09:00,1049.4657809709822,1049.4657809709822,1032.9014958147322,1035.267822265625,1008000,0.0,0.0
2016-12-27 00:00:00+09:00,1036.4509985601535,1045.9163044830773,1030.5351823583262,1040.00048828125,1276800,0.0,0.0
2016-12-28 00:00:00+09:00,1035.2621604406088,1040.000202364822,1018.6790137058621,1021.0480346679688,1558800,1.25,0.0
2016-12-29 00:00:00+09:00,1018.6792006398247,1019.8637113382431,1009.2031150524774,1017.4946899414062,1578000,0.0,0.0
2016-12-30 00:00:00+09:00,1019.8637636041365,1028.1553389179912,1016.3102313267701,1024.601806640625,1664000,0.0,0.0
2017-01-04 00:00:00+09:00,1030.5244575699667,1045.9230988899776,1021.048370603806,1043.5540771484375,2065200,0.0,0.0
2017-01-05 00:00:00+09:00,1041.1848251044955,1049.476399365851,1023.4171659730196,1031.708740234375,2146400,0.0,0.0
2017-01-06 00:00:00+09:00,1019.863859733036,1043.5540771484375,1019.863859733036,1043.5540771484375,1424800,0.0,0.0
2017-01-10 00:00:00+09:00,1037.631295962493,1038.815806574322,1025.7861898441995,1029.3397216796875,1778800,0.0,0.0
2017-01-11 00:00:00+09:00,1034.0777668144465,1037.6312986591695,1024.6016818951846,1026.970703125,1121600,0.0,0.0
2017-01-12 00:00:00+09:00,1021.0483092536836,1021.0483092536836,994.9890716625223,997.3580932617188,2618800,0.0,0.0
2017-01-13 00:00:00+09:00,986.6974285535576,1009.2031322060398,986.6974285535576,1003.2805786132812,2024800,0.0,0.0
2017-01-16 00:00:00+09:00,1003.2805286357457,1013.9411245716627,990.2509113807359,993.804443359375,1203600,0.0,0.0
2017-01-17 00:00:00+09:00,998.5426862507304,998.5426862507304,977.2214901030279,981.9595336914062,1370800,0.0,0.0
2017-01-18 00:00:00+09:00,989.0664471557761,1012.7566614589085,980.7748721496798,1005.6495971679688,3013200,0.0,0.0
2017-01-19 00:00:00+09:00,1016.3098819356569,1025.7859647509079,1004.4647784165933,1009.2028198242188,1987600,0.0,0.0
2017-01-20 00:00:00+09:00,994.9890035834195,1005.6496000503846,986.6974285535576,1003.2805786132812,1616400,0.0,0.0
2017-01-23 00:00:00+09:00,991.4355499450318,997.3581040068301,985.5129958832335,989.0665283203125,1092000,0.0,0.0
2017-01-24 00:00:00+09:00,994.9890823821107,996.1735931944704,983.1439742585142,989.0665283203125,1009600,0.0,0.0
2017-01-25 00:00:00+09:00,1005.6495612519743,1008.0185825976798,979.5903264492141,984.328369140625,1477600,0.0,0.0
2017-01-26 00:00:00+09:00,992.6199326998286,996.1734646784677,987.8818900616433,993.804443359375,1668800,0.0,0.0
2017-01-27 00:00:00+09:00,999.7269300141793,1003.2804617559359,991.4353559500806,998.5424194335938,1125200,0.0,0.0
2017-01-30 00:00:00+09:00,986.6975724146916,989.0665941972,980.775017958421,985.5130615234375,1273600,0.0,0.0
2017-01-31 00:00:00+09:00,973.6678511511275,979.5904049902463,967.7452973120087,970.1143188476562,1918400,0.0,0.0
2017-02-01 00:00:00+09:00,966.5606504141567,985.5128200301206,960.6380974091679,983.143798828125,1690400,0.0,0.0
2017-02-02 00:00:00+09:00,991.4357658395569,991.4357658395569,964.1920112226993,967.7455444335938,1289600,0.0,0.0
2017-02-03 00:00:00+09:00,963.0071978849523,972.4832834729962,961.8226871864468,966.5607299804688,1358000,0.0,0.0
2017-02-06 00:00:00+09:00,973.6677354067491,974.8522460337646,951.1620334934544,964.191650390625,2709200,0.0,0.0
2017-02-07 00:00:00+09:00,897.8591873229099,916.8113601423908,891.936633316822,901.4127197265625,8088800,0.0,0.0
2017-02-08 00:00:00+09:00,884.8295379404522,929.8409468316667,880.0914948992718,926.2874145507812,8890800,0.0,0.0
2017-02-09 00:00:00+09:00,927.4719725173584,939.3170807231994,925.1029508761901,936.9480590820312,4357200,0.0,0.0
2017-02-10 00:00:00+09:00,922.7339399688099,936.9480699811663,922.7339399688099,928.656494140625,3858800,0.0,0.0
2017-02-13 00:00:00+09:00,933.3944821088742,934.5789928729718,919.1803529397035,923.9183959960938,3065200,0.0,0.0
2017-02-14 00:00:00+09:00,927.4719253110763,935.7635006331423,923.918393030191,926.2874145507812,2542800,0.0,0.0
2017-02-15 00:00:00+09:00,938.1325699026153,951.1621889290406,932.2100157996948,936.9480590820312,2112000,0.0,0.0
2017-02-16 00:00:00+09:00,945.2395717736446,952.3466362230705,935.7634858410768,938.1325073242188,2385600,0.0,0.0
2017-02-17 00:00:00+09:00,931.025390625,936.9479440004772,920.3647945491413,931.025390625,2617200,0.0,0.0
2017-02-20 00:00:00+09:00,934.5789824392472,936.9480039409943,922.7338749305114,932.2099609375,1494800,0.0,0.0
2017-02-21 00:00:00+09:00,933.3945266202788,945.23963482612,929.8409941585265,936.9480590820312,1482400,0.0,0.0
2017-02-22 00:00:00+09:00,947.6087084378921,948.7932193234395,935.7635995824185,944.05517578125,2906000,0.0,0.0
2017-02-23 00:00:00+09:00,940.5015807952499,946.4241348304844,934.5790267600153,945.2396240234375,1429600,0.0,0.0
2017-02-24 00:00:00+09:00,940.501643124608,952.3467519800816,936.9481104679659,944.05517578125,1705600,0.0,0.0
2017-02-27 00:00:00+09:00,934.579037440863,940.5015915437835,926.2874616967742,936.9480590820312,2985600,0.0,0.0
2017-02-28 00:00:00+09:00,953.5312027667635,957.0847351994347,942.87060546875,942.87060546875,2585200,0.0,0.0
2017-03-01 00:00:00+09:00,951.1621064938373,955.9001493655376,942.8705314683617,953.5311279296875,1802400,0.0,0.0
2017-03-02 00:00:00+09:00,954.7157166911013,954.7157166911013,936.9480544698029,940.5015869140625,3335200,0.0,0.0
2017-03-03 00:00:00+09:00,928.6564405487806,938.1325266768293,916.8113328887196,922.73388671875,5082000,0.0,0.0
2017-03-06 00:00:00+09:00,926.2873605853342,929.840892659191,919.1802964376207,920.3648071289062,1741200,0.0,0.0
2017-03-07 00:00:00+09:00,913.2578140060623,919.1803679230926,907.3352600890321,912.0733032226562,5154400,0.0,0.0
2017-03-08 00:00:00+09:00,910.8888217402838,915.626865026319,888.3831161316161,889.567626953125,4151600,0.0,0.0
2017-03-09 00:00:00+09:00,896.6746115160238,908.519718669472,896.6746115160238,904.9661865234375,2872000,0.0,0.0
2017-03-10 00:00:00+09:00,927.4720345412628,940.5016544390328,915.6269255432902,935.7636108398438,4723200,0.0,0.0
2017-03-13 00:00:00+09:00,931.0253920245323,940.5014774395403,927.4718599939043,929.8408813476562,2242400,0.0,0.0
2017-03-14 00:00:00+09:00,927.4718712766198,927.4718712766198,914.4422536724783,920.3648071289062,2386000,0.0,0.0
2017-03-15 00:00:00+09:00,912.0732957409274,923.9184034778225,909.7042741935484,917.995849609375,1334800,0.0,0.0
2017-03-16 00:00:00+09:00,899.0436160687318,921.5493192377778,896.6745946825165,919.1802978515625,2215600,0.0,0.0
2017-03-17 00:00:00+09:00,917.995849609375,936.9480219884072,916.8113388356854,917.995849609375,2895200,0.0,0.0
2017-03-21 00:00:00+09:00,917.9958304777969,938.1325132108582,917.9958304777969,933.3944702148438,2851600,0.0,0.0
2017-03-22 00:00:00+09:00,923.9183279632763,938.1324560857882,922.7338172864003,929.8408813476562,3719600,0.0,0.0
2017-03-23 00:00:00+09:00,923.9180996751538,925.1026100593527,914.4420166015625,914.4420166015625,2938400,0.0,0.0
2017-03-24 00:00:00+09:00,913.2577991192157,933.3944821088742,909.704266826923,923.9183959960938,3694800,0.0,0.0
2017-03-27 00:00:00+09:00,914.442259320929,920.3648128139403,906.1506844307133,915.6267700195312,1592400,0.0,0.0
2017-03-28 00:00:00+09:00,928.6564272188293,935.763491712851,921.5493627248077,933.3944702148438,2183200,0.0,0.0
2017-03-29 00:00:00+09:00,947.608582994368,952.3466259093399,940.5015186219102,946.424072265625,2212400,0.0,0.0
2017-03-30 00:00:00+09:00,961.8227975027902,968.9298625089684,926.2874724718989,928.656494140625,2471200,0.0,0.0
2017-03-31 00:00:00+09:00,927.4716308277506,935.763203517143,914.4420166015625,914.4420166015625,3949600,0.0,0.0
2017-04-03 00:00:00+09:00,928.6563819679054,928.6563819679054,914.4422536724783,920.3648071289062,1953600,0.0,0.0
2017-04-04 00:00:00+09:00,917.9958571396866,927.4719434069349,907.3352600890321,912.0733032226562,2468400,0.0,0.0
2017-04-05 00:00:00+09:00,912.0733424595425,933.3945374780772,909.7043207908164,928.656494140625,3231200,0.0,0.0
2017-04-06 00:00:00+09:00,929.8408940895316,934.5789368619623,914.4422550791318,919.1802978515625,2648800,0.0,0.0
2017-04-07 00:00:00+09:00,926.2874175242888,944.0550789857522,917.995842175606,923.9183959960938,3830800,0.0,0.0
2017-04-10 00:00:00+09:00,935.7635686330133,942.8706337112387,919.1804167838206,921.5494384765625,3059200,0.0,0.0
2017-04-11 00:00:00+09:00,945.2396754933827,957.0847842088386,939.3171211356547,952.3467407226562,4596400,0.0,0.0
2017-04-12 00:00:00+09:00,954.7157624657475,967.7453820527489,951.1622298511106,952.3467407226562,3080400,0.0,0.0
2017-04-13 00:00:00+09:00,940.5015869140625,945.2396301730755,935.7635436550496,940.5015869140625,2813600,0.0,0.0
2017-04-14 00:00:00+09:00,935.7635051448171,935.7635051448171,920.3648651867378,922.73388671875,1638000,0.0,0.0
2017-04-17 00:00:00+09:00,921.5494800422765,936.948121739641,917.9959473428847,935.7636108398438,1713200,0.0,0.0
2017-04-18 00:00:00+09:00,945.2396458217077,945.2396458217077,923.9184508031728,928.656494140625,1731600,0.0,0.0
2017-04-19 00:00:00+09:00,926.2874481201172,949.9776641845704,923.9184265136719,947.608642578125,2512800,0.0,0.0
2017-04-20 00:00:00+09:00,942.870608543569,947.6086518025819,931.0255003960367,940.5015869140625,1669200,0.0,0.0
2017-04-21 00:00:00+09:00,940.5014634618219,945.2395060989091,934.5789101654628,941.6859741210938,1480400,0.0,0.0
2017-04-24 00:00:00+09:00,958.2692230638535,963.0072661939591,951.1621583686951,960.6382446289062,2154000,0.0,0.0
2017-04-25 00:00:00+09:00,963.0072601880032,972.4833463891152,959.4537278625862,965.3762817382812,2472400,0.0,0.0
2017-04-26 00:00:00+09:00,958.2692808031596,966.5608567804428,948.7931939719788,963.00732421875,2229200,0.0,0.0
2017-04-27 00:00:00+09:00,966.5606053732428,974.8521791938465,961.8225631900406,968.9296264648438,1490000,0.0,0.0
2017-04-28 00:00:00+09:00,967.7453676343405,971.2989001960333,958.2692808031596,963.00732421875,1812800,0.0,0.0
2017-05-01 00:00:00+09:00,960.6383025109549,963.00732421875,948.7931939719788,963.00732421875,2348000,0.0,0.0
2017-05-02 00:00:00+09:00,973.6678571642542,979.5904110399491,961.8227494128643,965.3762817382812,2062000,0.0,0.0
2017-05-08 00:00:00+09:00,971.2988860415716,978.405951061388,966.5608426950273,973.6679077148438,3963200,0.0,0.0
2017-05-09 00:00:00+09:00,1006.8341629725967,1022.2328031121775,1002.0961198527257,1010.3876953125,6324400,0.0,0.0
2017-05-10 00:00:00+09:00,1009.2030847474238,1009.2030847474238,990.2509141418384,991.4354248046875,4934800,0.0,0.0
2017-05-11 00:00:00+09:00,1005.6495499548383,1009.2030819334774,991.4354220402823,993.804443359375,3078000,0.0,0.0
2017-05-12 00:00:00+09:00,994.989013671875,998.5425458635602,990.250970749628,994.989013671875,4583600,0.0,0.0
2017-05-15 00:00:00+09:00,994.9886956013424,1025.7859647509079,994.9886956013424,1009.2028198242188,5280000,0.0,0.0
2017-05-16 00:00:00+09:00,1015.1257414588076,1016.3102522423068,1003.2806336238157,1008.0186767578125,2339600,0.0,0.0
2017-05-17 00:00:00+09:00,996.1734577920199,1002.0960110488096,992.6199258379461,999.7269897460938,1832400,0.0,0.0
2017-05-18 00:00:00+09:00,986.6973821532911,1003.2805314331783,986.6973821532911,991.4354248046875,1584000,0.0,0.0
2017-05-19 00:00:00+09:00,994.9889540189213,996.1734646784677,984.3283580830043,993.804443359375,1515200,0.0,0.0
2017-05-22 00:00:00+09:00,986.6974385579427,997.3580351329986,986.6974385579427,994.989013671875,1324000,0.0,0.0
2017-05-23 00:00:00+09:00,999.7269897460938,1004.4650323515255,994.9889471406619,999.7269897460938,1491200,0.0,0.0
2017-05-24 00:00:00+09:00,1006.8341659743132,1015.1257414588076,1004.4651444073148,1008.0186767578125,1580800,0.0,0.0
2017-05-25 00:00:00+09:00,1009.2032392361617,1017.494815145379,1009.2032392361617,1015.1257934570312,1536000,0.0,0.0
2017-05-26 00:00:00+09:00,1011.5721536431431,1017.4947072359016,1003.2805786132812,1003.2805786132812,1384400,0.0,0.0
2017-05-29 00:00:00+09:00,1010.387745418105,1025.7863863213117,1010.387745418105,1018.6793212890625,1548000,0.0,0.0
2017-05-30 00:00:00+09:00,1022.232798567442,1025.7863308915466,1012.7567123698296,1013.9412231445312,1109600,0.0,0.0
2017-05-31 00:00:00+09:00,1017.4945589906899,1028.1551539044458,1017.4945589906899,1025.7861328125,2454000,0.0,0.0
2017-06-01 00:00:00+09:00,1025.786426732084,1037.6315355858032,1023.4174049613401,1034.0780029296875,2302400,0.0,0.0
2017-06-02 00:00:00+09:00,1038.815798549107,1041.1848197544641,1034.0777561383927,1036.44677734375,2018000,0.0,0.0
2017-06-05 00:00:00+09:00,1032.8934699126269,1053.030154532483,1032.8934699126269,1050.6611328125,1478400,0.0,0.0
2017-06-06 00:00:00+09:00,1044.738420157597,1045.9229308380477,1029.3397813117367,1030.5242919921875,1712000,0.0,0.0
2017-06-07 00:00:00+09:00,1031.7088026726383,1032.893313353089,1018.6791851876795,1030.5242919921875,1771600,0.0,0.0
2017-06-08 00:00:00+09:00,1036.4469838696857,1036.4469838696857,1017.4948104503543,1018.6793212890625,1704000,0.0,0.0
2017-06-09 00:00:00+09:00,1002.0957577127806,1019.863412991376,1002.0957577127806,1009.2028198242188,2404400,0.0,0.0
2017-06-12 00:00:00+09:00,992.6200455343935,1005.6496642705251,981.9594483866495,1000.91162109375,2398400,0.0,0.0
2017-06-13 00:00:00+09:00,1004.4651444073148,1012.7567198918092,1000.9116120568173,1008.0186767578125,1211600,0.0,0.0
2017-06-14 00:00:00+09:00,1041.1847699101472,1050.6608542779302,1022.2326011745814,1025.7861328125,3170400,0.0,0.0
2017-06-15 00:00:00+09:00,1021.0481447554894,1035.2622720606703,1019.8636341467244,1031.708740234375,1438400,0.0,0.0
2017-06-16 00:00:00+09:00,1037.6314947083938,1037.6314947083938,1016.3102996116461,1018.6793212890625,1933200,0.0,0.0
2017-06-19 00:00:00+09:00,1024.6018630348592,1037.6314821023545,1021.0483305619059,1028.1553955078125,910000,0.0,0.0
2017-06-20 00:00:00+09:00,1031.7088026726383,1035.2623347139906,1026.9707599508351,1030.5242919921875,1080800,0.0,0.0
2017-06-21 00:00:00+09:00,1024.6018201168451,1025.7863308915466,1012.7567123698296,1013.9412231445312,1277600,0.0,0.0
2017-06-22 00:00:00+09:00,1013.9412276524032,1015.125738432371,1006.8341629725967,1010.3876953125,1222800,0.0,0.0
2017-06-23 00:00:00+09:00,1032.8934001318873,1032.8934001318873,1008.0186737525645,1010.3876953125,2011600,0.0,0.0
2017-06-26 00:00:00+09:00,1006.8343437248427,1015.125920673165,1000.9117887617554,1011.5723876953125,1069600,0.0,0.0
2017-06-27 00:00:00+09:00,1013.9412306753084,1016.3102522423068,1006.8341659743132,1008.0186767578125,1121200,0.0,0.0
2017-06-28 00:00:00+09:00,999.9238993688834,1010.6373697192644,996.3527425854231,1003.4950561523438,2210000,5.25,0.0
2017-06-29 00:00:00+09:00,1010.6374637483856,1026.1124779165,1003.4951495169482,1022.5413208007812,2760400,0.0,0.0
2017-06-30 00:00:00+09:00,1013.0179276443984,1021.3506250515791,1005.8756155811005,1014.2083129882812,2645200,0.0,0.0
2017-07-03 00:00:00+09:00,1020.1606058154586,1020.1606058154586,1003.4952050203402,1005.8759765625,1514000,0.0,0.0
2017-07-04 00:00:00+09:00,1016.5895005903449,1020.1606580865639,997.5433272771768,1002.3048706054688,1983200,0.0,0.0
2017-07-05 00:00:00+09:00,997.5433254584582,1003.4952546079716,988.0202388192366,993.97216796875,2097600,0.0,0.0
2017-07-06 00:00:00+09:00,988.0201758048385,992.7817188207654,983.2586327889115,985.639404296875,1650800,0.0,0.0
2017-07-07 00:00:00+09:00,977.3065693675743,982.0681117274651,972.5450270076835,973.7354125976562,1380000,0.0,0.0
2017-07-10 00:00:00+09:00,967.7834846477929,989.2104252673012,966.5930990578202,973.7354125976562,2120800,0.0,0.0
2017-07-11 00:00:00+09:00,974.925994690307,995.1625537986528,973.7356088604042,993.97216796875,2358000,0.0,0.0
2017-07-12 00:00:00+09:00,995.1624631720075,996.3528488935051,982.0682202355337,983.2586059570312,1602800,0.0,0.0
2017-07-13 00:00:00+09:00,984.4490949677258,986.8298666605135,973.7356223501811,976.1163940429688,1866000,0.0,0.0
2017-07-14 00:00:00+09:00,973.7356206276907,977.306778160555,966.5933055619619,967.78369140625,1656400,0.0,0.0
2017-07-17 00:00:00+09:00,967.78369140625,967.78369140625,967.78369140625,967.78369140625,0,0.0,0.0
2017-07-18 00:00:00+09:00,958.260604651945,971.3548489391144,957.0702188076568,967.78369140625,1616800,0.0,0.0
2017-07-19 00:00:00+09:00,963.0221808893764,970.1644961988155,953.4990938101242,957.0702514648438,3254800,0.0,0.0
2017-07-20 00:00:00+09:00,957.0702514648438,958.2606373497504,951.1183220403112,957.0702514648438,2352000,0.0,0.0
2017-07-21 00:00:00+09:00,957.0701488353587,966.593234893422,955.8797630781008,964.2124633789062,2225200,0.0,0.0
2017-07-24 00:00:00+09:00,957.0702514648438,960.6414091195634,951.1183220403112,957.0702514648438,1922800,0.0,0.0
2017-07-25 00:00:00+09:00,957.0701123350156,961.8316551824535,953.4989551994372,958.260498046875,2052000,0.0,0.0
2017-07-26 00:00:00+09:00,961.8316895139321,961.8316895139321,953.4989892334896,955.8797607421875,1579200,0.0,0.0
2017-07-27 00:00:00+09:00,955.8797364187712,968.9739793834119,954.689350694713,961.8316650390625,2055200,0.0,0.0
2017-07-28 00:00:00+09:00,960.641269470594,960.641269470594,954.6893409112967,958.260498046875,1889200,0.0,0.0
2017-07-31 00:00:00+09:00,960.6413037595831,963.022075268281,955.8797607421875,955.8797607421875,1520000,0.0,0.0
2017-08-01 00:00:00+09:00,958.2605894880957,977.3067626953125,958.2605894880957,977.3067626953125,3150000,0.0,0.0
2017-08-02 00:00:00+09:00,982.068323274938,982.068323274938,972.5452365037871,976.1163940429688,2469200,0.0,0.0
2017-08-03 00:00:00+09:00,977.3066098132766,990.4008518448795,977.3066098132766,988.0200805664062,3342400,0.0,0.0
2017-08-04 00:00:00+09:00,989.2106246491393,997.5433254584582,983.2586954996258,993.97216796875,2120800,0.0,0.0
2017-08-07 00:00:00+09:00,993.9720087625894,996.3527800410627,984.4489236486965,988.0200805664062,2392000,0.0,0.0
2017-08-08 00:00:00+09:00,985.6394634734698,985.6394634734698,970.1644477426062,977.3067626953125,1972000,0.0,0.0
2017-08-09 00:00:00+09:00,976.1163653692394,983.2586802377948,960.6413498207027,965.4028930664062,2954800,0.0,0.0
2017-08-10 00:00:00+09:00,968.9739534857758,995.1624387151211,968.9739534857758,989.2105102539062,5475600,0.0,0.0
2017-08-11 00:00:00+09:00,989.2105102539062,989.2105102539062,989.2105102539062,989.2105102539062,0,0.0,0.0
2017-08-14 00:00:00+09:00,989.21048623409,1004.6854998574872,984.4489435807369,995.1624145507812,4140000,0.0,0.0
2017-08-15 00:00:00+09:00,1004.685556675214,1014.2086425204767,1002.3047852138983,1008.2567138671875,3672400,0.0,0.0
2017-08-16 00:00:00+09:00,976.1163182650212,1004.6855763605827,974.9259325110394,985.639404296875,4962800,0.0,0.0
2017-08-17 00:00:00+09:00,990.4008770910781,997.5431911085618,960.6412353515625,960.6412353515625,4376800,0.0,0.0
2017-08-18 00:00:00+09:00,949.9277726288814,949.9277726288814,930.8816017491042,934.4527587890625,3683200,0.0,0.0
2017-08-21 00:00:00+09:00,938.0238886768639,938.0238886768639,927.3104178671027,932.0719604492188,2742000,0.0,0.0
2017-08-22 00:00:00+09:00,924.9298018334617,933.2625027508803,922.5490301427707,929.6913452148438,2575600,0.0,0.0
2017-08-23 00:00:00+09:00,961.8317197923285,961.8317197923285,935.6432323722403,936.8336181640625,3026800,0.0,0.0
2017-08-24 00:00:00+09:00,935.6431173858058,939.2142743223928,932.0719604492188,932.0719604492188,1994000,0.0,0.0
2017-08-25 00:00:00+09:00,953.4989213340788,968.9739350386269,940.4046789686919,960.6412353515625,7887600,0.0,0.0
2017-08-28 00:00:00+09:00,968.9740037411307,988.0201758048385,964.2124607252038,985.639404296875,3519200,0.0,0.0
2017-08-29 00:00:00+09:00,982.0681523702232,992.7816231233528,971.3546816170934,988.0200805664062,2840000,0.0,0.0
2017-08-30 00:00:00+09:00,991.5914479035598,1003.4953068219698,986.8299043361958,990.4010620117188,2647600,0.0,0.0
2017-08-31 00:00:00+09:00,991.5913963089447,997.5433254584582,986.8298529893339,993.97216796875,2459600,0.0,0.0
2017-09-01 00:00:00+09:00,996.352786312736,1005.8758714865734,989.210472432358,1004.6854858398438,2260000,0.0,0.0
2017-09-04 00:00:00+09:00,996.3528002141195,999.9239572041342,984.4489435807369,995.1624145507812,1916400,0.0,0.0
2017-09-05 00:00:00+09:00,998.73359579185,998.73359579185,979.6874247159626,989.2105102539062,2672000,0.0,0.0
2017-09-06 00:00:00+09:00,989.2104961408904,1005.8758955945275,988.0201104656306,998.7335815429688,2465200,0.0,0.0
2017-09-07 00:00:00+09:00,1002.3047708790205,1017.77978515625,1001.1143851653874,1017.77978515625,2862000,0.0,0.0
2017-09-08 00:00:00+09:00,1026.1126350037832,1028.493406778734,1013.018390241554,1020.1607055664062,2895200,0.0,0.0
2017-09-11 00:00:00+09:00,1018.9699916618329,1027.3026901917779,1011.8276786361658,1026.1123046875,2538400,0.0,0.0
2017-09-12 00:00:00+09:00,1030.8740478232069,1030.8740478232069,1022.5413476675922,1024.922119140625,1995600,0.0,0.0
2017-09-13 00:00:00+09:00,1028.4931404631761,1038.0162250970943,1021.3508269877374,1034.445068359375,1845200,0.0,0.0
2017-09-14 00:00:00+09:00,1035.6354539386148,1045.1585385725332,1033.2546827801352,1034.445068359375,2003200,0.0,0.0
2017-09-15 00:00:00+09:00,1026.1126048556405,1027.3029907081414,996.352958543122,1001.114501953125,4379600,0.0,0.0
2017-09-18 00:00:00+09:00,1001.114501953125,1001.114501953125,1001.114501953125,1001.114501953125,0,0.0,0.0
2017-09-19 00:00:00+09:00,1004.6856720753206,1026.1126176883013,1003.4952862079327,1021.35107421875,2496400,0.0,0.0
2017-09-20 00:00:00+09:00,1032.0645346901633,1048.7299366344105,1030.8741488370028,1047.53955078125,3342800,0.0,0.0
2017-09-21 00:00:00+09:00,1046.3491422431414,1048.7299138978472,1017.7798823866734,1023.7318115234375,3189200,0.0,0.0
2017-09-22 00:00:00+09:00,1021.3509341452619,1022.541319849394,990.4009058378298,992.7816772460938,3760000,0.0,0.0
2017-09-25 00:00:00+09:00,1004.6854998574872,1010.6374281741786,989.21048623409,995.1624145507812,2270400,0.0,0.0
2017-09-26 00:00:00+09:00,993.9720388419296,999.9239672182285,988.0201104656306,998.7335815429688,2107600,0.0,0.0
2017-09-27 00:00:00+09:00,971.3548335680572,984.4490776480187,966.593290266253,977.3067626953125,4257200,0.0,0.0
2017-09-28 00:00:00+09:00,976.1163863395024,983.2587013614988,971.3548429915048,980.8779296875,2825600,0.0,0.0
2017-09-29 00:00:00+09:00,984.4491000181146,1002.3048878056258,983.2587141656138,1001.114501953125,2924800,0.0,0.0
2017-10-02 00:00:00+09:00,1011.8277315823537,1014.2085027154886,1001.1142614832464,1009.4469604492188,2336800,0.0,0.0
2017-10-03 00:00:00+09:00,1016.5893796240063,1017.7797653144324,1004.6855227197439,1010.637451171875,2139600,0.0,0.0
2017-10-04 00:00:00+09:00,1011.8276786361658,1030.8738467046114,1009.4469076276101,1026.1123046875,2285600,0.0,0.0
2017-10-05 00:00:00+09:00,1032.0643310546875,1034.4451022912613,1024.9220173449664,1032.0643310546875,1660000,0.0,0.0
2017-10-06 00:00:00+09:00,1034.4451706268558,1034.4451706268558,1024.9220850514648,1027.3028564453125,1300400,0.0,0.0
2017-10-09 00:00:00+09:00,1027.3028564453125,1027.3028564453125,1027.3028564453125,1027.3028564453125,0,0.0,0.0
2017-10-10 00:00:00+09:00,1036.826267886924,1045.1589703842928,1033.2551096737657,1042.7781982421875,2652800,0.0,0.0
2017-10-11 00:00:00+09:00,1038.0164204707053,1051.1106643069184,1038.0164204707053,1046.34912109375,2061200,0.0,0.0
2017-10-12 00:00:00+09:00,1054.681680861985,1070.156694238064,1053.4912952176712,1068.96630859375,2572400,0.0,0.0
2017-10-13 00:00:00+09:00,1085.6319672131149,1092.7742827868854,1076.108879781421,1089.203125,4133600,0.0,0.0
2017-10-16 00:00:00+09:00,1097.535782361187,1103.4877117666165,1088.0126953125,1088.0126953125,2270400,0.0,0.0
2017-10-17 00:00:00+09:00,1102.2973100575346,1102.2973100575346,1091.5838372815974,1097.5357666015625,1837600,0.0,0.0
2017-10-18 00:00:00+09:00,1098.7262565246315,1098.7262565246315,1089.203168710767,1090.3935546875,1358400,0.0,0.0
2017-10-19 00:00:00+09:00,1092.7740918181278,1093.9644775390625,1085.6317774925192,1093.9644775390625,1977200,0.0,0.0
2017-10-20 00:00:00+09:00,1082.0604121583629,1095.1546525695203,1082.0604121583629,1091.58349609375,1609600,0.0,0.0
2017-10-23 00:00:00+09:00,1117.7721387497922,1126.1048383996842,1109.4394390999003,1118.9625244140625,2888400,0.0,0.0
2017-10-24 00:00:00+09:00,1118.9626963625672,1121.3434680569555,1095.1549794186828,1107.058837890625,2790400,0.0,0.0
2017-10-25 00:00:00+09:00,1103.4873956418505,1111.8200944223174,1090.3931547011166,1092.77392578125,2357600,0.0,0.0
2017-10-26 00:00:00+09:00,1101.107045312285,1103.4878173021493,1077.2993254136409,1080.8704833984375,2694800,0.0,0.0
2017-10-27 00:00:00+09:00,1097.5356061476436,1115.3913914971172,1089.2029063178893,1113.0106201171875,2706400,0.0,0.0
2017-10-30 00:00:00+09:00,1104.67822265625,1113.0109247668036,1095.155134529903,1104.67822265625,1844800,0.0,0.0
2017-10-31 00:00:00+09:00,1108.2492363838107,1128.4857960170275,1105.8684646622557,1127.29541015625,2928800,0.0,0.0
2017-11-01 00:00:00+09:00,1110.6297910653861,1122.5336473469015,1102.2970916683255,1121.34326171875,3113600,0.0,0.0
2017-11-02 00:00:00+09:00,1121.3433398126163,1124.9144969457775,1111.8202541241865,1120.1529541015625,1860800,0.0,0.0
2017-11-03 00:00:00+09:00,1120.1529541015625,1120.1529541015625,1120.1529541015625,1120.1529541015625,0,0.0,0.0
2017-11-06 00:00:00+09:00,1129.6761035516795,1132.0568751081635,1116.5818599910174,1128.4857177734375,2321200,0.0,0.0
2017-11-07 00:00:00+09:00,1154.6739785550822,1180.8624605429293,1146.341279740767,1178.481689453125,5719200,0.0,0.0
2017-11-08 00:00:00+09:00,1189.1952925852058,1199.9087636895772,1176.1010501243077,1182.052978515625,4151600,0.0,0.0
2017-11-09 00:00:00+09:00,1207.0511622646932,1221.3357914039202,1185.6242185558524,1197.528076171875,4251200,0.0,0.0
2017-11-10 00:00:00+09:00,1199.9086709393712,1209.4317556293663,1190.3855862493763,1192.766357421875,3465200,0.0,0.0
2017-11-13 00:00:00+09:00,1168.9587162408181,1189.1952724282864,1165.387559266559,1174.91064453125,2815200,0.0,0.0
2017-11-14 00:00:00+09:00,1168.9589217748398,1179.67239458133,1159.435834835737,1160.626220703125,2261200,0.0,0.0
2017-11-15 00:00:00+09:00,1171.3393474146264,1179.6720460242832,1145.1508660699903,1154.6739501953125,4533600,0.0,0.0
2017-11-16 00:00:00+09:00,1153.4838933303818,1192.7666265397756,1151.1031216207216,1186.814697265625,3564000,0.0,0.0
2017-11-17 00:00:00+09:00,1197.527879094503,1199.9086502259036,1178.4817100432983,1185.6240234375,2484400,0.0,0.0
2017-11-20 00:00:00+09:00,1186.814709785657,1214.193584735577,1183.2435521834936,1207.05126953125,2262000,0.0,0.0
2017-11-21 00:00:00+09:00,1214.1934768343067,1214.1934768343067,1197.528076171875,1197.528076171875,1492000,0.0,0.0
2017-11-22 00:00:00+09:00,1209.4319877397897,1209.4319877397897,1192.7665863339264,1202.2896728515625,1906400,0.0,0.0
2017-11-23 00:00:00+09:00,1202.2896728515625,1202.2896728515625,1202.2896728515625,1202.2896728515625,0,0.0,0.0
2017-11-24 00:00:00+09:00,1199.9087652719793,1221.335707508979,1190.385679833313,1211.8126220703125,1973600,0.0,0.0
2017-11-27 00:00:00+09:00,1221.335849761963,1228.4781646728516,1214.1935348510742,1218.955078125,1823600,0.0,0.0
2017-11-28 00:00:00+09:00,1202.2895899584148,1223.7165331457925,1199.9088184931506,1216.57421875,1710000,0.0,0.0
2017-11-29 00:00:00+09:00,1230.8590456669006,1245.1436767578125,1223.7167301214447,1245.1436767578125,1908400,0.0,0.0
2017-11-30 00:00:00+09:00,1257.0474205656424,1280.8551368642343,1242.7627907864874,1278.474365234375,3330000,0.0,0.0
2017-12-01 00:00:00+09:00,1285.6167494158879,1287.9975211740655,1257.047488317757,1273.712890625,2384000,0.0,0.0
2017-12-04 00:00:00+09:00,1297.5204688587082,1302.2820118636944,1276.093525336271,1283.23583984375,3189600,0.0,0.0
2017-12-05 00:00:00+09:00,1304.6626857069673,1309.4242283555327,1278.4742011398566,1307.04345703125,2927600,0.0,0.0
2017-12-06 00:00:00+09:00,1311.8050978736665,1321.3281838836385,1280.8550683412568,1283.23583984375,3442800,0.0,0.0
2017-12-07 00:00:00+09:00,1297.520458984375,1318.94740234375,1290.37814453125,1309.42431640625,2418400,0.0,0.0
2017-12-08 00:00:00+09:00,1316.5668121445726,1354.6591611397141,1316.5668121445726,1347.516845703125,4111600,0.0,0.0
2017-12-11 00:00:00+09:00,1371.3243067590988,1373.705078125,1342.7550503682842,1373.705078125,2665200,0.0,0.0
2017-12-12 00:00:00+09:00,1378.4664356070505,1387.9895197908643,1342.7548699177487,1352.2779541015625,2776400,0.0,0.0
2017-12-13 00:00:00+09:00,1352.2783168309936,1352.2783168309936,1326.089828300816,1335.6129150390625,3469200,0.0,0.0
2017-12-14 00:00:00+09:00,1321.328125,1335.6127533783783,1309.424268018018,1321.328125,2524400,0.0,0.0
2017-12-15 00:00:00+09:00,1345.1358693796437,1371.324355332168,1342.7550979294144,1361.80126953125,3082800,0.0,0.0
2017-12-18 00:00:00+09:00,1376.08591796875,1376.08591796875,1349.897431640625,1368.943603515625,2801600,0.0,0.0
2017-12-19 00:00:00+09:00,1376.0858494909012,1378.4666208568024,1361.8012212954939,1373.705078125,2243200,0.0,0.0
2017-12-20 00:00:00+09:00,1380.8475494384766,1380.8475494384766,1359.4206047058105,1371.324462890625,2218000,0.0,0.0
2017-12-21 00:00:00+09:00,1380.847624694409,1399.893798828125,1366.5629940941221,1399.893798828125,2453600,0.0,0.0
2017-12-22 00:00:00+09:00,1416.559206940407,1435.6053811513705,1409.4168916112958,1433.224609375,3810400,0.0,0.0
2017-12-25 00:00:00+09:00,1414.1782371391685,1421.3205514681542,1397.512837038202,1404.6551513671875,1512000,0.0,0.0
2017-12-26 00:00:00+09:00,1426.0823958113388,1428.4631677576012,1407.0362202412373,1409.4169921875,1491600,0.0,0.0
2017-12-27 00:00:00+09:00,1410.6081177783615,1417.7564697265625,1398.6941978646928,1417.7564697265625,1526000,1.25,0.0
2017-12-28 00:00:00+09:00,1405.8425372126974,1412.9908890968297,1391.5458334444327,1396.3114013671875,2184400,0.0,0.0
2017-12-29 00:00:00+09:00,1401.077054760452,1415.3737594008649,1391.5459183335101,1403.4598388671875,1441600,0.0,0.0
2018-01-01 00:00:00+09:00,1403.4598388671875,1403.4598388671875,1403.4598388671875,1403.4598388671875,0,0.0,0.0
2018-01-02 00:00:00+09:00,1403.4598388671875,1403.4598388671875,1403.4598388671875,1403.4598388671875,0,0.0,0.0
2018-01-03 00:00:00+09:00,1403.4598388671875,1403.4598388671875,1403.4598388671875,1403.4598388671875,0,0.0,0.0
2018-01-04 00:00:00+09:00,1396.311608197285,1434.4361572265625,1391.5460395686255,1434.4361572265625,3868000,0.0,0.0
2018-01-05 00:00:00+09:00,1443.9671599981557,1446.3499440905618,1408.2253986120627,1412.990966796875,1884000,0.0,0.0
2018-01-08 00:00:00+09:00,1412.990966796875,1412.990966796875,1412.990966796875,1412.990966796875,0,0.0,0.0
2018-01-09 00:00:00+09:00,1417.7563974186903,1439.2014521695612,1417.7563974186903,1432.0531005859375,2724000,0.0,0.0
2018-01-10 00:00:00+09:00,1434.4360266959313,1448.7327312809407,1415.373753915919,1443.9671630859375,2406000,0.0,0.0
2018-01-11 00:00:00+09:00,1434.435926072141,1458.263765375665,1434.435926072141,1455.8809814453125,2610400,0.0,0.0
2018-01-12 00:00:00+09:00,1463.0291043189263,1496.388074124244,1463.0291043189263,1477.3258056640625,3295200,0.0,0.0
2018-01-15 00:00:00+09:00,1477.3258056640625,1491.6225070091984,1474.9430221065397,1477.3258056640625,1644400,0.0,0.0
2018-01-16 00:00:00+09:00,1486.857271393459,1494.0056236597738,1477.3261350383727,1484.4744873046875,1768000,0.0,0.0
2018-01-17 00:00:00+09:00,1496.3884077485454,1498.7711918373168,1474.9433509496012,1484.4744873046875,1927200,0.0,0.0
2018-01-18 00:00:00+09:00,1505.9195236650485,1508.3023077214805,1472.560546875,1472.560546875,2218400,0.0,0.0
2018-01-19 00:00:00+09:00,1477.325956837231,1479.7087406385813,1436.8186322142747,1439.201416015625,3946800,0.0,0.0
2018-01-22 00:00:00+09:00,1446.3501344554043,1472.560762921647,1436.8189968313159,1470.177978515625,2707600,0.0,0.0
2018-01-23 00:00:00+09:00,1489.2401035715172,1517.8335135600905,1474.9433985772307,1498.771240234375,3449600,0.0,0.0
2018-01-24 00:00:00+09:00,1503.536808565804,1503.536808565804,1484.4745352400885,1498.771240234375,2722000,0.0,0.0
2018-01-25 00:00:00+09:00,1498.7709162181598,1503.5364835193302,1465.4119451099652,1482.0914306640625,2060800,0.0,0.0
2018-01-26 00:00:00+09:00,1470.177845804315,1474.9434141861766,1446.3500038950067,1448.7327880859375,2878400,0.0,0.0
2018-01-29 00:00:00+09:00,1448.7327312809407,1455.8810835734453,1434.4360266959313,1443.9671630859375,2263200,0.0,0.0
2018-01-30 00:00:00+09:00,1467.7950994318182,1472.560667936467,1432.0533356469525,1441.58447265625,2770800,0.0,0.0
2018-01-31 00:00:00+09:00,1432.0533356469525,1455.8811781701963,1420.1394143853306,1441.58447265625,2677600,0.0,0.0
2018-02-01 00:00:00+09:00,1434.4357707368436,1465.4119584770078,1427.2874197198826,1463.0291748046875,1466800,0.0,0.0
2018-02-02 00:00:00+09:00,1460.6463911323672,1470.1775258216485,1448.7324727707655,1463.0291748046875,1874800,0.0,0.0
2018-02-05 00:00:00+09:00,1436.8187497521415,1436.8187497521415,1403.4597738043306,1408.225341796875,2785200,0.0,0.0
2018-02-06 00:00:00+09:00,1343.8902675083707,1358.186972481864,1303.3829367501396,1334.359130859375,4734000,0.0,0.0
2018-02-07 00:00:00+09:00,1358.1868037471065,1412.9908326702355,1329.5933973524307,1351.0384521484375,7926400,0.0,0.0
2018-02-08 00:00:00+09:00,1351.0384372877038,1389.1629787279212,1343.890085767663,1370.1007080078125,2736400,0.0,0.0
2018-02-09 00:00:00+09:00,1329.5935539083277,1346.2730429358517,1324.8279856147494,1343.8902587890625,3633200,0.0,0.0
2018-02-12 00:00:00+09:00,1343.8902587890625,1343.8902587890625,1343.8902587890625,1343.8902587890625,0,0.0,0.0
2018-02-13 00:00:00+09:00,1362.952469741742,1393.9286622358727,1353.421333589702,1379.6319580078125,3097200,0.0,0.0
2018-02-14 00:00:00+09:00,1424.9048958278067,1424.9048958278067,1384.3975660133037,1403.4598388671875,3622000,0.0,0.0
2018-02-15 00:00:00+09:00,1420.139261778236,1424.9048297707805,1403.4597738043306,1408.225341796875,1726000,0.0,0.0
2018-02-16 00:00:00+09:00,1415.3737508892814,1427.2876713513122,1403.4598304272504,1412.990966796875,1800000,0.0,0.0
2018-02-19 00:00:00+09:00,1422.5222356549134,1436.8189415408924,1405.8427454546045,1434.4361572265625,1781600,0.0,0.0
2018-02-20 00:00:00+09:00,1412.9909097894194,1427.2876137670526,1401.0769898080584,1408.225341796875,2058400,0.0,0.0
2018-02-21 00:00:00+09:00,1410.6079676978113,1436.8185887192235,1403.4596165101536,1415.37353515625,2115600,0.0,0.0
2018-02-22 00:00:00+09:00,1408.225183968592,1427.2874538023464,1391.5456978640573,1415.37353515625,2198800,0.0,0.0
2018-02-23 00:00:00+09:00,1415.3735858269458,1420.1391534559928,1379.6318286090936,1389.1629638671875,2094800,0.0,0.0
2018-02-26 00:00:00+09:00,1396.3112653224957,1417.7563188854692,1393.9284815932765,1415.37353515625,1524400,0.0,0.0
2018-02-27 00:00:00+09:00,1427.287468500596,1439.2013872693824,1415.3735497318098,1436.818603515625,1357200,0.0,0.0
2018-02-28 00:00:00+09:00,1429.6703167247297,1453.4981553368084,1427.2875328635218,1432.0531005859375,1775200,0.0,0.0
2018-03-01 00:00:00+09:00,1422.521965141106,1441.584236030769,1408.2252619738588,1432.0531005859375,2852400,0.0,0.0
2018-03-02 00:00:00+09:00,1408.2253337956276,1424.9048216747638,1403.4597658301602,1417.7564697265625,2175200,0.0,0.0
2018-03-05 00:00:00+09:00,1405.842549812894,1422.52203769203,1405.842549812894,1417.7564697265625,1640800,0.0,0.0
2018-03-06 00:00:00+09:00,1420.1393777947678,1455.8811406587301,1412.9910252219754,1448.7327880859375,1882800,0.0,0.0
2018-03-07 00:00:00+09:00,1432.0531421417886,1477.326036818484,1432.0531421417886,1455.8809814453125,1768800,0.0,0.0
2018-03-08 00:00:00+09:00,1467.7950902478447,1472.5606587226755,1443.9672478736913,1451.1156005859375,1288400,0.0,0.0
2018-03-09 00:00:00+09:00,1474.9434141861766,1489.2401193317614,1443.967219704076,1448.7327880859375,1851600,0.0,0.0
2018-03-12 00:00:00+09:00,1467.795194109603,1474.9435473276692,1453.4984876734704,1470.177978515625,1175600,0.0,0.0
2018-03-13 00:00:00+09:00,1446.3496194162676,1479.708589221585,1446.3496194162676,1477.3258056640625,1174000,0.0,0.0
2018-03-14 00:00:00+09:00,1467.7950811837275,1472.5606496291293,1453.4983758475223,1460.646728515625,1654800,0.0,0.0
2018-03-15 00:00:00+09:00,1467.7949822330627,1508.3023112881958,1465.412198170996,1503.5367431640625,1877600,0.0,0.0
2018-03-16 00:00:00+09:00,1517.8334475364625,1520.2162315985292,1482.0916866054627,1503.5367431640625,2646800,0.0,0.0
2018-03-19 00:00:00+09:00,1510.685017121144,1510.685017121144,1484.4743937956982,1486.857177734375,1629600,0.0,0.0
2018-03-20 00:00:00+09:00,1455.8809391980164,1458.2637230592243,1420.1391812798981,1432.0531005859375,2660000,0.0,0.0
2018-03-21 00:00:00+09:00,1432.0531005859375,1432.0531005859375,1432.0531005859375,1432.0531005859375,0,0.0,0.0
2018-03-22 00:00:00+09:00,1410.6081380208334,1436.8187622070313,1408.2253540039062,1429.67041015625,2194400,0.0,0.0
2018-03-23 00:00:00+09:00,1408.2251760249703,1424.9046620354184,1382.0145551514092,1384.3973388671875,2184400,0.0,0.0
2018-03-26 00:00:00+09:00,1367.718065985318,1384.397554594895,1358.1869296369882,1382.0147705078125,2062000,0.0,0.0
2018-03-27 00:00:00+09:00,1382.0147298177083,1429.67041015625,1379.6319458007813,1429.67041015625,2646800,0.0,0.0
2018-03-28 00:00:00+09:00,1415.373649469586,1427.287569077916,1403.4597298612564,1424.90478515625,2023600,0.0,0.0
2018-03-29 00:00:00+09:00,1441.5841998169753,1458.263686426428,1427.287497008873,1439.201416015625,2748400,0.0,0.0
2018-03-30 00:00:00+09:00,1451.1154135846077,1463.0293332363697,1432.0531421417886,1455.8809814453125,2144400,0.0,0.0
2018-04-02 00:00:00+09:00,1458.2639624225208,1465.4123151794938,1441.58447265625,1441.58447265625,1709200,0.0,0.0
2018-04-03 00:00:00+09:00,1424.9047132075227,1448.7325512210264,1422.5219294061724,1439.201416015625,2014400,0.0,0.0
2018-04-04 00:00:00+09:00,1446.3500321111069,1458.2639532981834,1436.8188951614454,1451.1156005859375,1666400,0.0,0.0
2018-04-05 00:00:00+09:00,1463.0295692009654,1474.9434907742632,1446.3500789983486,1465.412353515625,2202000,0.0,0.0
2018-04-06 00:00:00+09:00,1463.0292176399043,1470.1775688661578,1446.3497314453125,1446.3497314453125,1857600,0.0,0.0
2018-04-09 00:00:00+09:00,1446.349845723903,1465.412117166722,1439.2014939328458,1455.8809814453125,3003200,0.0,0.0
2018-04-10 00:00:00+09:00,1446.3498982747396,1455.881034342448,1427.287626139323,1429.67041015625,3288000,0.0,0.0
2018-04-11 00:00:00+09:00,1412.990934539953,1415.373718577963,1353.421333589702,1379.6319580078125,3982800,0.0,0.0
2018-04-12 00:00:00+09:00,1374.8663777669271,1398.694217936198,1355.8041056315105,1358.1868896484375,3958800,0.0,0.0
2018-04-13 00:00:00+09:00,1355.804179523008,1370.1008844037428,1336.741906348695,1343.8902587890625,2338800,0.0,0.0
2018-04-16 00:00:00+09:00,1343.8900793761122,1355.8039985195173,1331.976160232707,1339.12451171875,2981200,0.0,0.0
2018-04-17 00:00:00+09:00,1358.1868772455716,1365.3352292310744,1334.3590372938947,1336.7418212890625,2145600,0.0,0.0
2018-04-18 00:00:00+09:00,1320.062472825337,1355.8042365299941,1317.6796885783597,1348.6558837890625,2860800,0.0,0.0
2018-04-19 00:00:00+09:00,1348.6557412649008,1348.6557412649008,1329.5934693035595,1336.7418212890625,1592000,0.0,0.0
2018-04-20 00:00:00+09:00,1329.5933973524307,1362.9523714795525,1329.5933973524307,1351.0384521484375,3110400,0.0,0.0
2018-04-23 00:00:00+09:00,1382.014612423617,1401.076882939805,1370.1006933509998,1389.1629638671875,3678800,0.0,0.0
2018-04-24 00:00:00+09:00,1393.9286622358727,1396.3114462738827,1360.5696857037321,1379.6319580078125,2140400,0.0,0.0
2018-04-25 00:00:00+09:00,1377.2489946652945,1384.3973458486785,1370.1006434819108,1374.8662109375,1295200,0.0,0.0
2018-04-26 00:00:00+09:00,1389.1631060749496,1403.4598104256352,1377.2491857827115,1401.0770263671875,1487200,0.0,0.0
2018-04-27 00:00:00+09:00,1412.9910038317664,1427.2877087609243,1401.0770830574681,1405.8426513671875,1845200,0.0,0.0
2018-04-30 00:00:00+09:00,1405.8426513671875,1405.8426513671875,1405.8426513671875,1405.8426513671875,0,0.0,0.0
2018-05-01 00:00:00+09:00,1382.0146975989228,1403.4597532513199,1377.249129676168,1396.3114013671875,1191200,0.0,0.0
2018-05-02 00:00:00+09:00,1403.459559260188,1417.756261052312,1398.6939919961465,1410.60791015625,1335600,0.0,0.0
2018-05-03 00:00:00+09:00,1410.60791015625,1410.60791015625,1410.60791015625,1410.60791015625,0,0.0,0.0
2018-05-04 00:00:00+09:00,1410.60791015625,1410.60791015625,1410.60791015625,1410.60791015625,0,0.0,0.0
2018-05-07 00:00:00+09:00,1427.287569077916,1448.7326243729096,1420.1392173129182,1424.90478515625,2221200,0.0,0.0
2018-05-08 00:00:00+09:00,1412.9906937882706,1424.9046119483742,1398.6939919961465,1410.60791015625,2321200,0.0,0.0
2018-05-09 00:00:00+09:00,1331.976534498208,1343.8904569892472,1286.703629032258,1329.59375,9332400,0.0,0.0
2018-05-10 00:00:00+09:00,1281.9375866451016,1298.6170719731979,1248.5786159889094,1289.0859375,7312800,0.0,0.0
2018-05-11 00:00:00+09:00,1291.4690608047015,1327.2108244801084,1291.4690608047015,1317.6796875,3294800,0.0,0.0
2018-05-14 00:00:00+09:00,1303.3829367501396,1339.1246991838727,1303.3829367501396,1334.359130859375,2173200,0.0,0.0
2018-05-15 00:00:00+09:00,1334.3589576948336,1365.335147784178,1329.5933899887807,1360.569580078125,2558000,0.0,0.0
2018-05-16 00:00:00+09:00,1348.6556534476902,1384.3974110478941,1348.6556534476902,1370.1007080078125,2740000,0.0,0.0
2018-05-17 00:00:00+09:00,1417.7564900716145,1417.7564900716145,1355.8041056315105,1358.1868896484375,2604000,0.0,0.0
2018-05-18 00:00:00+09:00,1372.4834918478261,1382.0146272078805,1365.3351403277854,1370.1007080078125,2093200,0.0,0.0
2018-05-21 00:00:00+09:00,1367.7180095527413,1386.780281462884,1367.7180095527413,1377.2491455078125,1129600,0.0,0.0
2018-05-22 00:00:00+09:00,1389.1629787279212,1389.1629787279212,1367.7179241677989,1370.1007080078125,1390400,0.0,0.0
2018-05-23 00:00:00+09:00,1362.9526736334835,1393.9288707615174,1353.421536055627,1386.780517578125,2450400,0.0,0.0
2018-05-24 00:00:00+09:00,1382.0149682872386,1386.7805371434015,1362.9526928625871,1367.71826171875,1840000,0.0,0.0
2018-05-25 00:00:00+09:00,1370.100942011857,1377.2492947527883,1348.6558837890625,1348.6558837890625,2651600,0.0,0.0
2018-05-28 00:00:00+09:00,1367.71826171875,1391.5461059995644,1365.3354772906685,1367.71826171875,1392400,0.0,0.0
2018-05-29 00:00:00+09:00,1358.1870774819818,1367.7182148678203,1346.2731557496836,1353.4215087890625,1439200,0.0,0.0
2018-05-30 00:00:00+09:00,1346.2729052563648,1367.7179603843422,1341.5073374501476,1362.952392578125,1672400,0.0,0.0
2018-05-31 00:00:00+09:00,1384.397554594895,1389.1631227690598,1370.1008500724004,1382.0147705078125,2102800,0.0,0.0
2018-06-01 00:00:00+09:00,1384.3975138346354,1398.694217936198,1348.6557535807292,1358.1868896484375,2210000,0.0,0.0
2018-06-04 00:00:00+09:00,1382.0151477389866,1386.7807172139485,1365.3356545766194,1372.4840087890625,1206400,0.0,0.0
2018-06-05 00:00:00+09:00,1382.0147538996068,1401.0770263671875,1377.2491857827115,1401.0770263671875,1503600,0.0,0.0
2018-06-06 00:00:00+09:00,1389.1630494830551,1396.3114013671875,1372.4835617534131,1396.3114013671875,1052400,0.0,0.0
2018-06-07 00:00:00+09:00,1396.3116748557272,1408.2255969961345,1355.8043395783427,1367.71826171875,2984400,0.0,0.0
2018-06-08 00:00:00+09:00,1355.804012372072,1370.1007154902309,1351.0384446660191,1360.569580078125,2658800,0.0,0.0
2018-06-11 00:00:00+09:00,1367.7180856036325,1405.8426315438035,1360.5697332398504,1393.9287109375,1563200,0.0,0.0
2018-06-12 00:00:00+09:00,1415.373685743829,1422.52203769203,1401.0769818474264,1417.7564697265625,2256800,0.0,0.0
2018-06-13 00:00:00+09:00,1429.6703529995818,1451.1154082945757,1417.7564333912521,1424.90478515625,2014400,0.0,0.0
2018-06-14 00:00:00+09:00,1412.9910412452086,1420.139393899063,1393.9287675015971,1398.6943359375,1713200,0.0,0.0
2018-06-15 00:00:00+09:00,1389.162906298744,1401.0768248776355,1372.483420288296,1384.3973388671875,2807200,0.0,0.0
2018-06-18 00:00:00+09:00,1379.6318798998852,1382.014663802994,1351.038473062582,1362.952392578125,2199200,0.0,0.0
2018-06-19 00:00:00+09:00,1351.0383575494839,1355.8039249482474,1312.913818359375,1312.913818359375,2699600,0.0,0.0
2018-06-20 00:00:00+09:00,1320.0623413305093,1331.9762613786186,1305.7656372727781,1327.210693359375,3128400,0.0,0.0
2018-06-21 00:00:00+09:00,1303.3828694216759,1324.8279257741349,1293.8517332650274,1308.1484375,3414800,0.0,0.0
2018-06-22 00:00:00+09:00,1277.1724008413462,1308.1485971304087,1277.1724008413462,1301.000244140625,3673200,0.0,0.0
2018-06-25 00:00:00+09:00,1291.4690688403684,1298.6174216199277,1272.4067947615438,1277.17236328125,2197200,0.0,0.0
2018-06-26 00:00:00+09:00,1258.1098707359256,1260.4926545820165,1234.2820322750179,1248.5787353515625,3675600,0.0,0.0
2018-06-27 00:00:00+09:00,1228.699220830744,1271.8114741932263,1226.3040956439395,1264.6260986328125,3046000,6.75,0.0
2018-06-28 00:00:00+09:00,1276.6019548854067,1283.7873317421727,1250.2555730772651,1262.231201171875,2242000,0.0,0.0
2018-06-29 00:00:00+09:00,1267.021289108391,1286.1822915901816,1252.6505372470483,1274.2066650390625,2664000,0.0,0.0
2018-07-02 00:00:00+09:00,1267.0211876796418,1271.8114379166157,1221.513810428388,1223.908935546875,2327200,0.0,0.0
2018-07-03 00:00:00+09:00,1223.909041341146,1247.8602945963542,1209.5382893880208,1221.513916015625,2469600,0.0,0.0
2018-07-04 00:00:00+09:00,1221.5139717790307,1255.0457278670824,1214.328595474448,1247.8603515625,2163200,0.0,0.0
2018-07-05 00:00:00+09:00,1245.465218765229,1252.6505950273363,1214.3285882960984,1228.6993408203125,1893200,0.0,0.0
2018-07-06 00:00:00+09:00,1233.489542643229,1238.2797932942708,1214.3285400390625,1221.513916015625,1799600,0.0,0.0
2018-07-09 00:00:00+09:00,1223.908830165863,1240.6747045516968,1219.118580341339,1226.303955078125,1279200,0.0,0.0
2018-07-10 00:00:00+09:00,1223.909122089275,1243.0701259576,1223.909122089275,1233.4896240234375,2058000,0.0,0.0
2018-07-11 00:00:00+09:00,1250.2553637095345,1274.2066158878781,1243.0699880560314,1267.021240234375,2754400,0.0,0.0
2018-07-12 00:00:00+09:00,1283.7871826629926,1305.343310730095,1271.8115559590467,1276.601806640625,2958000,0.0,0.0
2018-07-13 00:00:00+09:00,1274.2067051285749,1305.3433351411152,1264.6262035862546,1298.157958984375,2130400,0.0,0.0
2018-07-16 00:00:00+09:00,1298.157958984375,1298.157958984375,1298.157958984375,1298.157958984375,0,0.0,0.0
2018-07-17 00:00:00+09:00,1310.133479278171,1310.133479278171,1276.60172660926,1300.552978515625,1965200,0.0,0.0
2018-07-18 00:00:00+09:00,1314.9239019037605,1314.9239019037605,1298.1580233731113,1307.738525390625,1186000,0.0,0.0
2018-07-19 00:00:00+09:00,1317.3188527425132,1317.3188527425132,1262.230973446008,1264.6260986328125,2446400,0.0,0.0
2018-07-20 00:00:00+09:00,1257.4407393630377,1278.9968663235468,1250.2553637095345,1267.021240234375,2451200,0.0,0.0
2018-07-23 00:00:00+09:00,1271.8113628936649,1276.6016128480667,1226.3039883268482,1231.09423828125,2725600,0.0,0.0
2018-07-24 00:00:00+09:00,1235.8844328773528,1250.255182096857,1228.6990582676008,1240.6746826171875,2359600,0.0,0.0
2018-07-25 00:00:00+09:00,1243.0701904296875,1255.0458184685092,1231.0945623908658,1243.0701904296875,1683200,0.0,0.0
2018-07-26 00:00:00+09:00,1250.255193790102,1269.416192928648,1245.4649440054657,1259.835693359375,1434000,0.0,0.0
2018-07-27 00:00:00+09:00,1267.021240234375,1271.8114906700437,1255.0456141452032,1267.021240234375,972800,0.0,0.0
2018-07-30 00:00:00+09:00,1267.021157534068,1267.021157534068,1245.4650319805583,1255.0455322265625,1032000,0.0,0.0
2018-07-31 00:00:00+09:00,1245.4651206297892,1255.0456215577108,1231.0943692379071,1250.25537109375,1758000,0.0,0.0
2018-08-01 00:00:00+09:00,1247.8603769246815,1255.0457533753035,1231.094498539897,1233.4896240234375,1678000,0.0,0.0
2018-08-02 00:00:00+09:00,1235.8844940366123,1247.8601189788276,1209.5381191637389,1214.328369140625,2364800,0.0,0.0
2018-08-03 00:00:00+09:00,1216.7237225558918,1228.6993497464025,1204.748095365381,1211.9334716796875,2212000,0.0,0.0
2018-08-06 00:00:00+09:00,1219.118847993994,1235.884726060709,1204.748095365381,1211.9334716796875,2100800,0.0,0.0
2018-08-07 00:00:00+09:00,1211.933244152182,1221.5137441059542,1199.9576192099667,1214.328369140625,3048400,0.0,0.0
2018-08-08 00:00:00+09:00,1216.723649120518,1231.0944008817842,1216.723649120518,1219.1187744140625,2548800,0.0,0.0
2018-08-09 00:00:00+09:00,1219.1187658861963,1221.5138911629865,1195.1675131182947,1199.957763671875,2588400,0.0,0.0
2018-08-10 00:00:00+09:00,1202.3530910326087,1231.0945991847827,1184.3896484375,1184.3896484375,3480800,0.0,0.0
2018-08-13 00:00:00+09:00,1269.4163729495929,1326.8993785171217,1228.6992440059266,1250.25537109375,8109600,0.0,0.0
2018-08-14 00:00:00+09:00,1293.367667520853,1298.1579181413006,1233.489534765258,1274.2066650390625,3981200,0.0,0.0
2018-08-15 00:00:00+09:00,1269.4163127981287,1269.4163127981287,1221.513810428388,1223.908935546875,4146000,0.0,0.0
2018-08-16 00:00:00+09:00,1204.7480387369792,1245.4651692708333,1199.9577880859374,1221.513916015625,5196800,0.0,0.0
2018-08-17 00:00:00+09:00,1245.4652261276392,1267.0213550413866,1235.8847243881958,1247.8603515625,4498800,0.0,0.0
2018-08-20 00:00:00+09:00,1221.5139966057343,1238.279874990519,1214.3286201551123,1233.4896240234375,1741600,0.0,0.0
2018-08-21 00:00:00+09:00,1216.7236653645832,1233.489542643229,1209.5382893880208,1221.513916015625,1578000,0.0,0.0
2018-08-22 00:00:00+09:00,1223.9092746048416,1243.0702808608862,1221.5141488228362,1238.280029296875,1542800,0.0,0.0
2018-08-23 00:00:00+09:00,1243.0700991046963,1293.3677331725164,1243.0700991046963,1283.7872314453125,2874000,0.0,0.0
2018-08-24 00:00:00+09:00,1288.5774088843634,1293.3676594750116,1262.2310306357983,1290.9725341796875,1754000,0.0,0.0
2018-08-27 00:00:00+09:00,1300.5529484371486,1334.084700330556,1295.762698166662,1331.6895751953125,2685200,0.0,0.0
2018-08-28 00:00:00+09:00,1326.8992480109719,1326.8992480109719,1293.3674980612361,1302.947998046875,2630800,0.0,0.0
2018-08-29 00:00:00+09:00,1293.367643108155,1307.7383946982459,1286.1822673131098,1288.577392578125,1670000,0.0,0.0
2018-08-30 00:00:00+09:00,1295.762623057646,1305.3431230432845,1290.9723730648263,1302.947998046875,2596000,0.0,0.0
2018-08-31 00:00:00+09:00,1286.1820570203993,1300.5528062608507,1278.9966824001735,1293.367431640625,2177200,0.0,0.0
2018-09-03 00:00:00+09:00,1293.3675635122036,1322.1090649235857,1288.5773132769732,1312.528564453125,1974400,0.0,0.0
2018-09-04 00:00:00+09:00,1343.6651279401694,1355.640752966374,1326.8992529034829,1338.8748779296875,2814800,0.0,0.0
2018-09-05 00:00:00+09:00,1314.923594936478,1314.923594936478,1281.391845703125,1281.391845703125,4456400,0.0,0.0
2018-09-06 00:00:00+09:00,1259.8358884851518,1269.4163895382708,1235.8846358523542,1252.6505126953125,3320400,0.0,0.0
2018-09-07 00:00:00+09:00,1259.835977127303,1288.5774823089146,1259.835977127303,1283.7872314453125,2772400,0.0,0.0
2018-09-10 00:00:00+09:00,1269.4163729495929,1278.9968738775144,1245.4651206297892,1250.25537109375,1735600,0.0,0.0
2018-09-11 00:00:00+09:00,1250.2552821035604,1262.2309074110658,1245.4650319805583,1255.0455322265625,1220000,0.0,0.0
2018-09-12 00:00:00+09:00,1257.440851695502,1283.7872314453125,1255.045726263701,1283.7872314453125,1446800,0.0,0.0
2018-09-13 00:00:00+09:00,1305.3433747222457,1329.2946293043053,1302.9482492640398,1322.1092529296875,2790400,0.0,0.0
2018-09-14 00:00:00+09:00,1322.1091384747706,1326.8993889764909,1295.7627607153097,1305.34326171875,3047600,0.0,0.0
2018-09-17 00:00:00+09:00,1305.34326171875,1305.34326171875,1305.34326171875,1305.34326171875,0,0.0,0.0
2018-09-18 00:00:00+09:00,1298.1579983476279,1324.5043783878934,1290.97262197301,1322.1092529296875,2009200,0.0,0.0
2018-09-19 00:00:00+09:00,1338.8751474556398,1346.0605239178346,1319.7141435564536,1324.50439453125,2445200,0.0,0.0
2018-09-20 00:00:00+09:00,1324.504190041201,1326.899315158816,1310.1334393355098,1312.528564453125,2062800,0.0,0.0
2018-09-21 00:00:00+09:00,1324.50439453125,1329.2946455060467,1305.3433906320638,1324.50439453125,2688400,0.0,0.0
2018-09-24 00:00:00+09:00,1324.50439453125,1324.50439453125,1324.50439453125,1324.50439453125,0,0.0,0.0
2018-09-25 00:00:00+09:00,1317.3190974847391,1338.875228170853,1302.9483436939963,1336.4801025390625,2408800,0.0,0.0
2018-09-26 00:00:00+09:00,1341.2701107111693,1379.5921138743456,1341.2701107111693,1372.40673828125,2498400,0.0,0.0
2018-09-27 00:00:00+09:00,1377.1969458137905,1377.1969458137905,1348.4554443359375,1348.4554443359375,1962400,0.0,0.0
2018-09-28 00:00:00+09:00,1372.406649329144,1389.1725246263586,1365.2212742017662,1377.1968994140625,2277200,0.0,0.0
2018-10-01 00:00:00+09:00,1384.3823642697425,1384.3823642697425,1353.2457366996618,1372.40673828125,2101200,0.0,0.0
2018-10-02 00:00:00+09:00,1393.9627519564865,1398.75300196321,1379.5920019363166,1391.567626953125,2476800,0.0,0.0
2018-10-03 00:00:00+09:00,1398.7531901041666,1422.7044433593749,1396.3580647786457,1401.1483154296875,2889600,0.0,0.0
2018-10-04 00:00:00+09:00,1434.6798894434799,1434.6798894434799,1353.2456386236497,1358.035888671875,4648000,0.0,0.0
2018-10-05 00:00:00+09:00,1341.2700689664741,1360.4310699517096,1336.4798187201654,1348.4554443359375,1845200,0.0,0.0
2018-10-08 00:00:00+09:00,1348.4554443359375,1348.4554443359375,1348.4554443359375,1348.4554443359375,0,0.0,0.0
2018-10-09 00:00:00+09:00,1350.850774892631,1358.036151354826,1314.923892581657,1324.50439453125,2457200,0.0,0.0
2018-10-10 00:00:00+09:00,1331.6897557786674,1458.6314051604468,1322.1092539385331,1449.0509033203125,9566800,0.0,0.0
2018-10-11 00:00:00+09:00,1544.855842818757,1628.6852296383795,1530.485090792536,1599.9437255859375,20280800,0.0,0.0
2018-10-12 00:00:00+09:00,1671.797568032908,1760.417209891386,1638.2658116540244,1647.8463134765625,11589200,0.0,0.0
2018-10-15 00:00:00+09:00,1585.5731137710245,1614.3146203650613,1564.016983825497,1566.412109375,6226000,0.0,0.0
2018-10-16 00:00:00+09:00,1566.4118889702693,1578.387515032733,1542.4606368453415,1552.0411376953125,3337200,0.0,0.0
2018-10-17 00:00:00+09:00,1556.831298828125,1566.4117991286057,1547.250798527644,1556.831298828125,3274400,0.0,0.0
2018-10-18 00:00:00+09:00,1602.3388104148287,1631.0803137406551,1583.177808197611,1611.9193115234375,5275200,0.0,0.0
2018-10-19 00:00:00+09:00,1683.7731038411457,1712.5146077473958,1638.2657226562499,1652.636474609375,4991600,0.0,0.0
2018-10-22 00:00:00+09:00,1652.6364000708654,1652.6364000708654,1599.9436452859973,1623.8948974609375,3137200,0.0,0.0
2018-10-23 00:00:00+09:00,1623.8948315357243,1635.8704571370201,1611.9192059344284,1614.3143310546875,3573600,0.0,0.0
2018-10-24 00:00:00+09:00,1678.9829935385765,1686.1683701157742,1643.056110652587,1655.03173828125,3854000,0.0,0.0
2018-10-25 00:00:00+09:00,1640.66083180022,1657.426708913507,1616.7095787812386,1650.2413330078125,3808000,0.0,0.0
2018-10-26 00:00:00+09:00,1659.8216678580056,1681.3777934146033,1616.7094167448108,1626.2899169921875,2724000,0.0,0.0
2018-10-29 00:00:00+09:00,1690.9584631400808,1714.909716159062,1635.8705811964237,1650.2413330078125,3224000,0.0,0.0
2018-10-30 00:00:00+09:00,1640.6609048648756,1678.9829114018655,1621.4999015963808,1643.0560302734375,3746400,0.0,0.0
2018-10-31 00:00:00+09:00,1621.4999839286127,1640.6609881700142,1597.5487286268606,1619.1048583984375,5425600,0.0,0.0
2018-11-01 00:00:00+09:00,1614.3146073380872,1619.1048583984375,1599.9438541570357,1619.1048583984375,2162000,0.0,0.0
2018-11-02 00:00:00+09:00,1643.0556706797208,1686.1679185984308,1623.8946716047387,1678.9825439453125,4217200,0.0,0.0
2018-11-05 00:00:00+09:00,1633.4756115794887,1671.797620062292,1619.1048583984375,1619.1048583984375,2430000,0.0,0.0
2018-11-06 00:00:00+09:00,1667.0071365268243,1671.7973869191428,1638.2656341729137,1657.4266357421875,2099600,0.0,0.0
2018-11-07 00:00:00+09:00,1700.5387071631421,1748.44120595647,1664.611833068146,1667.0069580078125,3775200,0.0,0.0
2018-11-08 00:00:00+09:00,1710.1195380632266,1777.1830493598238,1693.3536602390773,1750.836669921875,3802400,0.0,0.0
2018-11-09 00:00:00+09:00,1748.4412967958929,1748.4412967958929,1695.7485453856057,1714.9095458984375,2936400,0.0,0.0
2018-11-12 00:00:00+09:00,1705.3290918523614,1719.6998426263983,1676.587590304288,1686.1680908203125,2060000,0.0,0.0
2018-11-13 00:00:00+09:00,1722.0950512798618,1724.4901765250354,1662.21692015052,1698.143798828125,2976800,0.0,0.0
2018-11-14 00:00:00+09:00,1688.5631161227952,1693.3533660976116,1671.7972412109375,1671.7972412109375,2844400,0.0,0.0
2018-11-15 00:00:00+09:00,1657.426911895488,1671.7976654668364,1650.241535109814,1662.2171630859375,4031200,0.0,0.0
2018-11-16 00:00:00+09:00,1659.8219638643852,1698.143971688094,1650.241461908458,1669.4024658203125,3834800,0.0,0.0
2018-11-19 00:00:00+09:00,1686.1681726022568,1734.07067750573,1683.773047357083,1698.143798828125,2722000,0.0,0.0
2018-11-20 00:00:00+09:00,1702.9340237862723,1707.724274204799,1669.402270856585,1676.587646484375,2248400,0.0,0.0
2018-11-21 00:00:00+09:00,1693.3536288205162,1748.4415120777608,1686.1682527434843,1746.04638671875,3975200,0.0,0.0
2018-11-22 00:00:00+09:00,1748.4413688151042,1820.2951236979168,1748.4413688151042,1796.3438720703125,4926800,0.0,0.0
2018-11-23 00:00:00+09:00,1796.3438720703125,1796.3438720703125,1796.3438720703125,1796.3438720703125,0,0.0,0.0
2018-11-26 00:00:00+09:00,1805.924391305789,1868.1976461784025,1801.1341409309725,1834.6658935546875,3567600,0.0,0.0
2018-11-27 00:00:00+09:00,1810.7145290504154,1820.2950292041214,1707.724152398077,1765.2071533203125,4659200,0.0,0.0
2018-11-28 00:00:00+09:00,1765.2073147187173,1767.6024399761375,1712.514559055472,1717.3048095703125,3593200,0.0,0.0
2018-11-29 00:00:00+09:00,1698.1439977444375,1698.1439977444375,1650.2414872297848,1655.03173828125,4892000,0.0,0.0
2018-11-30 00:00:00+09:00,1647.8462077059144,1657.426708913507,1633.4754558945256,1650.2413330078125,6279600,0.0,0.0
2018-12-03 00:00:00+09:00,1669.4023354229976,1676.587711328692,1631.0803305926274,1650.2413330078125,3665200,0.0,0.0
2018-12-04 00:00:00+09:00,1650.2412764644212,1686.1681547619048,1640.660775585092,1659.82177734375,4166400,0.0,0.0
2018-12-05 00:00:00+09:00,1635.8705089767543,1674.192512115302,1619.1046326036399,1657.4266357421875,2702400,0.0,0.0
2018-12-06 00:00:00+09:00,1667.0072843590563,1695.7487892617985,1635.870654047752,1643.0560302734375,3212400,0.0,0.0
2018-12-07 00:00:00+09:00,1667.0071085611978,1734.0706129286025,1647.846107313368,1724.4901123046875,3821600,0.0,0.0
2018-12-10 00:00:00+09:00,1688.5631161227952,1705.3289910346527,1667.0069912361212,1671.7972412109375,2692800,0.0,0.0
2018-12-11 00:00:00+09:00,1695.7484910850199,1712.5143659968774,1669.4021162235294,1671.7972412109375,1837200,0.0,0.0
2018-12-12 00:00:00+09:00,1724.4901123046875,1755.626739332411,1707.7242362128363,1724.4901123046875,3326800,0.0,0.0
2018-12-13 00:00:00+09:00,1726.8850265037981,1746.0460254109137,1698.1435281431247,1729.2801513671875,1787600,0.0,0.0
2018-12-14 00:00:00+09:00,1710.1194250539934,1724.4901765250354,1686.1681726022568,1698.143798828125,2281600,0.0,0.0
2018-12-17 00:00:00+09:00,1705.3292556155693,1753.231762795782,1678.9828766664525,1746.04638671875,1692400,0.0,0.0
2018-12-18 00:00:00+09:00,1731.6756186037212,1734.0707439406558,1664.612109169552,1707.724365234375,2413200,0.0,0.0
2018-12-19 00:00:00+09:00,1714.909462629659,1714.909462629659,1671.7972135691368,1702.933837890625,2057200,0.0,0.0
2018-12-20 00:00:00+09:00,1700.5389060808984,1710.1194069602273,1633.4753999255954,1659.82177734375,1723200,0.0,0.0
2018-12-21 00:00:00+09:00,1575.9926610610064,1631.0805504294003,1556.8316560633043,1628.6854248046875,5106800,0.0,0.0
2018-12-24 00:00:00+09:00,1628.6854248046875,1628.6854248046875,1628.6854248046875,1628.6854248046875,0,0.0,0.0
2018-12-25 00:00:00+09:00,1561.6216170648822,1611.919245835377,1561.6216170648822,1602.3387451171875,1825200,0.0,0.0
2018-12-26 00:00:00+09:00,1615.521840473604,1658.6663406642936,1586.7588403464774,1620.315673828125,2160000,1.25,0.0
2018-12-27 00:00:00+09:00,1668.253932643581,1711.3984309016046,1656.26934979413,1685.0323486328125,3803600,0.0,0.0
2018-12-28 00:00:00+09:00,1673.0479346132697,1673.0479346132697,1589.1558462014295,1634.697265625,3058400,0.0,0.0
2018-12-31 00:00:00+09:00,1634.697265625,1634.697265625,1634.697265625,1634.697265625,0,0.0,0.0
2019-01-04 00:00:00+09:00,1598.7432477936923,1625.109328342014,1577.171000072338,1617.9185791015625,2889600,0.0,0.0
2019-01-07 00:00:00+09:00,1677.8416532628676,1680.2385699103859,1617.918737074908,1629.9033203125,2443200,0.0,0.0
2019-01-08 00:00:00+09:00,1629.903123542444,1644.284621691348,1605.9339599609375,1605.9339599609375,2992000,0.0,0.0
2019-01-09 00:00:00+09:00,1620.3156637456214,1639.4909970443862,1608.3310804338935,1625.1094970703125,2580800,0.0,0.0
2019-01-10 00:00:00+09:00,1641.8879711354962,1653.8725548664122,1565.1866352576335,1569.98046875,5423600,0.0,0.0
2019-01-11 00:00:00+09:00,1524.4389014610877,1536.423484019744,1481.2944042499248,1495.6759033203125,6674400,0.0,0.0
2019-01-15 00:00:00+09:00,1471.7068187858486,1522.0420682882962,1464.5160688569274,1514.851318359375,6346800,0.0,0.0
2019-01-16 00:00:00+09:00,1490.8820223161474,1529.2326852696176,1457.3251922318611,1519.64501953125,3718000,0.0,0.0
2019-01-17 00:00:00+09:00,1534.0268640350876,1543.614531935307,1493.2792754591555,1502.866943359375,3164400,0.0,0.0
2019-01-18 00:00:00+09:00,1512.4544218998806,1524.4390052746814,1495.6760051751592,1505.263671875,2634400,0.0,0.0
2019-01-21 00:00:00+09:00,1519.645166332177,1519.645166332177,1476.5006663416734,1478.8975830078125,1864800,0.0,0.0
2019-01-22 00:00:00+09:00,1466.9129797894022,1495.675979393116,1457.325313254831,1488.4852294921875,3112000,0.0,0.0
2019-01-23 00:00:00+09:00,1490.8821461258303,1493.2790627594732,1469.309896423045,1488.4852294921875,2632800,0.0,0.0
2019-01-24 00:00:00+09:00,1483.6914163400907,1493.279083004647,1471.7068330093953,1478.8975830078125,2091200,0.0,0.0
2019-01-25 00:00:00+09:00,1474.103713690066,1481.2944635129443,1459.722214044309,1466.9129638671875,3209600,0.0,0.0
2019-01-28 00:00:00+09:00,1466.9131654800908,1495.6761687247983,1457.325497731855,1486.0885009765625,2398800,0.0,0.0
2019-01-29 00:00:00+09:00,1498.0729018585591,1519.6451516453224,1486.0883186436906,1514.851318359375,2754800,0.0,0.0
2019-01-30 00:00:00+09:00,1500.469736343775,1507.6604858789688,1488.4851537851187,1495.6759033203125,4936800,0.0,0.0
2019-01-31 00:00:00+09:00,1507.660866687648,1526.8362036248518,1505.2639495704975,1517.24853515625,2000000,0.0,0.0
2019-02-01 00:00:00+09:00,1526.8360625843943,1562.7898160204475,1519.6453118971838,1553.2021484375,2370400,0.0,0.0
2019-02-04 00:00:00+09:00,1550.8051198481037,1572.3773703560373,1538.8205362325853,1548.408203125,2950800,0.0,0.0
2019-02-05 00:00:00+09:00,1548.4081108093262,1569.980360031128,1514.8512786865235,1534.026611328125,2664800,0.0,0.0
2019-02-06 00:00:00+09:00,1617.9188439814059,1646.6818456521864,1579.568175087032,1608.3311767578125,5013200,0.0,0.0
2019-02-07 00:00:00+09:00,1596.3463618580888,1598.7432783173351,1557.9956985101467,1572.377197265625,3379600,0.0,0.0
2019-02-08 00:00:00+09:00,1562.7899278846153,1577.1714302884616,1536.4238401442308,1557.99609375,2515600,0.0,0.0
2019-02-12 00:00:00+09:00,1577.1712787405127,1603.5373639474208,1567.583611392546,1598.7435302734375,2682400,0.0,0.0
2019-02-13 00:00:00+09:00,1622.712374467992,1627.5062071842935,1589.155545453883,1605.9339599609375,2096800,0.0,0.0
2019-02-14 00:00:00+09:00,1627.5064697265625,1644.2848869402383,1613.1249692576973,1627.5064697265625,2107600,0.0,0.0
2019-02-15 00:00:00+09:00,1608.3311806955644,1639.4910992485336,1598.743513448497,1634.697265625,1949200,0.0,0.0
2019-02-18 00:00:00+09:00,1651.4756975850219,1675.4448659099132,1637.094196590087,1656.26953125,1880400,0.0,0.0
2019-02-19 00:00:00+09:00,1637.094182436767,1641.8880160603005,1622.7126815661657,1634.697265625,1944800,0.0,0.0
2019-02-20 00:00:00+09:00,1625.1092902835605,1649.0784538570645,1625.1092902835605,1637.0938720703125,2158800,0.0,0.0
2019-02-21 00:00:00+09:00,1627.506500742942,1634.6972511144131,1581.9650817236256,1613.125,2668000,0.0,0.0
2019-02-22 00:00:00+09:00,1613.1248716602154,1620.3156214595922,1574.7742060635385,1586.7587890625,2090400,0.0,0.0
2019-02-25 00:00:00+09:00,1586.7588906044716,1603.5373078767243,1577.1712235917557,1596.3465576171875,2018400,0.0,0.0
2019-02-26 00:00:00+09:00,1603.537251637394,1610.7280016447367,1584.3619182844807,1593.9495849609375,1393600,0.0,0.0
2019-02-27 00:00:00+09:00,1577.1711226633308,1601.1402886612539,1572.3772894637464,1586.7587890625,2072000,0.0,0.0
2019-02-28 00:00:00+09:00,1581.9649459655027,1593.9495288894839,1572.3772796263179,1591.5526123046875,3211200,0.0,0.0
2019-03-01 00:00:00+09:00,1581.9649873621322,1637.0940702550552,1567.5834874770221,1629.9033203125,3009200,0.0,0.0
2019-03-04 00:00:00+09:00,1637.094176104429,1673.0479281418616,1637.094176104429,1665.857177734375,3615600,0.0,0.0
2019-03-05 00:00:00+09:00,1641.887980563954,1661.063314643533,1617.9188129644801,1622.712646484375,2184800,0.0,0.0
2019-03-06 00:00:00+09:00,1622.7126362369409,1632.3003032161841,1610.7280525128865,1627.5064697265625,1096400,0.0,0.0
2019-03-07 00:00:00+09:00,1639.4908621651784,1670.6507762121776,1634.697029234871,1661.0631103515625,2188800,0.0,0.0
2019-03-08 00:00:00+09:00,1649.0785280257935,1673.0476926773313,1646.6816115606398,1661.0631103515625,2279600,0.0,0.0
2019-03-11 00:00:00+09:00,1673.047710016582,1701.8107078965231,1668.2538770365918,1682.6353759765625,1677600,0.0,0.0
2019-03-12 00:00:00+09:00,1706.60452896182,1742.558276060735,1704.207612488559,1718.589111328125,1681600,0.0,0.0
2019-03-13 00:00:00+09:00,1701.810751572293,1728.176833638906,1701.810751572293,1720.986083984375,1058400,0.0,0.0
2019-03-14 00:00:00+09:00,1718.5894430782018,1720.9863600141546,1694.6202737186732,1706.6048583984375,1344000,0.0,0.0
2019-03-15 00:00:00+09:00,1701.8110245265318,1713.7956092062961,1694.6202737186732,1706.6048583984375,3883200,0.0,0.0
2019-03-18 00:00:00+09:00,1723.38330078125,1730.5740516885432,1718.5894668430547,1723.38330078125,1076000,0.0,0.0
2019-03-19 00:00:00+09:00,1720.9861238721392,1720.9861238721392,1697.0169578014966,1701.810791015625,1230800,0.0,0.0
2019-03-20 00:00:00+09:00,1685.0323022460939,1689.8261352539064,1668.25388671875,1677.841552734375,2116400,0.0,0.0
2019-03-22 00:00:00+09:00,1665.8569702148438,1680.2384692382814,1653.8723876953127,1677.841552734375,2679200,0.0,0.0
2019-03-25 00:00:00+09:00,1665.8569702148438,1682.6353857421875,1656.2693041992188,1677.841552734375,1612800,0.0,0.0
2019-03-26 00:00:00+09:00,1716.1923323702222,1749.7491656847237,1713.7954157049005,1740.1614990234375,2065600,0.0,0.0
2019-03-27 00:00:00+09:00,1756.9396877989477,1771.321185925542,1728.176691545759,1761.7335205078125,1421600,0.0,0.0
2019-03-28 00:00:00+09:00,1768.9243454229636,1788.099677080665,1752.1459302224748,1754.5428466796875,1501600,0.0,0.0
2019-03-29 00:00:00+09:00,1785.7029418112636,1792.893691912517,1752.1461080054144,1756.93994140625,1964800,0.0,0.0
2019-04-01 00:00:00+09:00,1780.9091650523671,1783.306081829019,1752.1461637325442,1759.3369140625,1661600,0.0,0.0
2019-04-02 00:00:00+09:00,1788.099768032213,1790.4966846113446,1709.0015209208684,1711.3984375,1870400,0.0,0.0
2019-04-03 00:00:00+09:00,1697.016911659079,1706.6045778266443,1685.032328949622,1694.6199951171875,1485600,0.0,0.0
2019-04-04 00:00:00+09:00,1682.6354222074467,1694.620004986702,1668.2539228723404,1689.826171875,1372400,0.0,0.0
2019-04-05 00:00:00+09:00,1687.4292089565527,1694.619958426538,1673.047710016582,1682.6353759765625,1490000,0.0,0.0
2019-04-08 00:00:00+09:00,1675.4446362304689,1680.2384692382814,1665.8569702148438,1677.841552734375,1713200,0.0,0.0
2019-04-09 00:00:00+09:00,1675.4447784423828,1682.6355285644531,1665.8571116129556,1668.2540283203125,1192400,0.0,0.0
2019-04-10 00:00:00+09:00,1663.4602609318795,1682.6355953518437,1656.2695105243931,1665.857177734375,928000,0.0,0.0
2019-04-11 00:00:00+09:00,1704.2075280014349,1768.9242695711096,1699.41369529257,1761.7335205078125,3373200,0.0,0.0
2019-04-12 00:00:00+09:00,1764.130859375,1766.5277763034987,1725.7801885190217,1764.130859375,2257200,0.0,0.0
2019-04-15 00:00:00+09:00,1780.909159097327,1795.2906597091492,1776.1153255600527,1790.496826171875,2250000,0.0,0.0
2019-04-16 00:00:00+09:00,1795.2905732824447,1802.4813232421875,1780.9090733629591,1802.4813232421875,1121600,0.0,0.0
2019-04-17 00:00:00+09:00,1785.703019651648,1785.703019651648,1744.9554339683218,1749.749267578125,2708800,0.0,0.0
2019-04-18 00:00:00+09:00,1735.3679053566673,1735.3679053566673,1687.4295654296875,1687.4295654296875,2481600,0.0,0.0
2019-04-19 00:00:00+09:00,1682.6353929736945,1718.5891406868077,1680.238476459487,1704.2076416015625,1805600,0.0,0.0
2019-04-22 00:00:00+09:00,1716.1924078006136,1742.5584922779974,1711.3985742592713,1732.9708251953125,1854400,0.0,0.0
2019-04-23 00:00:00+09:00,1720.9861702725061,1728.1769202875723,1680.2385868537979,1709.0015869140625,1954800,0.0,0.0
2019-04-24 00:00:00+09:00,1711.398646861777,1716.192480606488,1694.6202287552892,1699.4140625,1858000,0.0,0.0
2019-04-25 00:00:00+09:00,1704.2078649134069,1718.5893658831403,1699.414031256829,1713.7955322265625,1248000,0.0,0.0
2019-04-26 00:00:00+09:00,1716.192194854864,1725.7798607479078,1701.8106960152982,1718.589111328125,1202400,0.0,0.0
2019-05-07 00:00:00+09:00,1701.8108368989963,1720.9861702725061,1697.0170035556189,1709.0015869140625,4043200,0.0,0.0
2019-05-08 00:00:00+09:00,1689.8262079803037,1704.2077076226892,1680.2385415520466,1701.810791015625,2576000,0.0,0.0
2019-05-09 00:00:00+09:00,1677.8417319631646,1680.238648723112,1601.1403956448487,1622.712646484375,6285200,0.0,0.0
2019-05-10 00:00:00+09:00,1622.7124201382562,1670.6507486504647,1620.3155037126458,1644.28466796875,3768000,0.0,0.0
2019-05-13 00:00:00+09:00,1641.8880302550651,1682.6356164073807,1639.491113422576,1656.26953125,4319200,0.0,0.0
2019-05-14 00:00:00+09:00,1608.3312459489148,1639.4911657661069,1589.1559106767966,1632.3004150390625,3488000,0.0,0.0
2019-05-15 00:00:00+09:00,1634.6973319480771,1651.4757503111807,1622.7127474030033,1632.3004150390625,2692800,0.0,0.0
2019-05-16 00:00:00+09:00,1627.5064036649817,1639.4909869025735,1615.5218204273897,1629.9033203125,1707600,0.0,0.0
2019-05-17 00:00:00+09:00,1620.3157992744723,1651.4757184912892,1610.7281318231442,1646.681884765625,2334000,0.0,0.0
2019-05-20 00:00:00+09:00,1639.491113422576,1663.4602817474674,1637.094196590087,1656.26953125,1466400,0.0,0.0
2019-05-21 00:00:00+09:00,1641.887939453125,1661.0632730525776,1632.3002726533987,1641.887939453125,1692800,0.0,0.0
2019-05-22 00:00:00+09:00,1625.109640149759,1637.094224516645,1613.1250557828728,1615.52197265625,1896800,0.0,0.0
2019-05-23 00:00:00+09:00,1625.1094376273777,1661.0631862474524,1622.712521052706,1653.8724365234375,2619200,0.0,0.0
2019-05-24 00:00:00+09:00,1646.681884765625,1649.078801628457,1632.3003835886327,1646.681884765625,1660000,0.0,0.0
2019-05-27 00:00:00+09:00,1639.491134177129,1646.681884765625,1629.9034667258006,1646.681884765625,1358000,0.0,0.0
2019-05-28 00:00:00+09:00,1641.8879545799937,1675.4447886881978,1634.69720441395,1663.460205078125,4730400,0.0,0.0
2019-05-29 00:00:00+09:00,1651.4756521180618,1663.4602359505586,1634.6972347525664,1649.0787353515625,1618000,0.0,0.0
2019-05-30 00:00:00+09:00,1629.9031611689816,1634.6969939959492,1601.140164207176,1617.9185791015625,2538400,0.0,0.0
2019-05-31 00:00:00+09:00,1632.300154004778,1639.4909035818916,1601.1402391706192,1610.7279052734375,2833600,0.0,0.0
2019-06-03 00:00:00+09:00,1593.9496656760773,1617.9188335809808,1584.361998514116,1613.125,2550400,0.0,0.0
2019-06-04 00:00:00+09:00,1617.9188649693708,1620.3157818063626,1586.7589460884792,1598.7435302734375,2230400,0.0,0.0
2019-06-05 00:00:00+09:00,1589.1556494362235,1593.949482466197,1572.377233831316,1584.36181640625,2773600,0.0,0.0
2019-06-06 00:00:00+09:00,1577.171142578125,1608.3310587688784,1574.7742259480672,1577.171142578125,1849600,0.0,0.0
2019-06-07 00:00:00+09:00,1577.1710766342233,1598.7433254027765,1574.774160104384,1579.5679931640625,2442800,0.0,0.0
2019-06-10 00:00:00+09:00,1603.5372570873012,1632.3002572144276,1591.5526737009984,1620.315673828125,1796400,0.0,0.0
2019-06-11 00:00:00+09:00,1634.697265625,1644.2849328720674,1625.1095983779326,1634.697265625,1054800,0.0,0.0
2019-06-12 00:00:00+09:00,1637.0940501787509,1651.4755498874954,1634.6971335606268,1639.490966796875,940400,0.0,0.0
2019-06-13 00:00:00+09:00,1641.8879239234698,1651.475590632512,1620.315673828125,1620.315673828125,1409200,0.0,0.0
2019-06-14 00:00:00+09:00,1637.0940107224305,1670.6508425673996,1620.3155947999458,1658.666259765625,2043200,0.0,0.0
2019-06-17 00:00:00+09:00,1656.26953125,1670.6510322449349,1651.4756975850219,1656.26953125,1463600,0.0,0.0
2019-06-18 00:00:00+09:00,1634.697265625,1651.475683307368,1625.1095983779326,1634.697265625,1107200,0.0,0.0
2019-06-19 00:00:00+09:00,1644.2847604034953,1670.6508425673996,1637.0940107224305,1658.666259765625,1650000,0.0,0.0
2019-06-20 00:00:00+09:00,1670.6507762121776,1685.0322750031,1661.0631103515625,1661.0631103515625,1271600,0.0,0.0
2019-06-21 00:00:00+09:00,1668.2541009897361,1673.0479346132697,1620.3157647543987,1634.697265625,2103200,0.0,0.0
2019-06-24 00:00:00+09:00,1634.696955712962,1644.2846211423637,1622.7123739262101,1637.0938720703125,1574400,0.0,0.0
2019-06-25 00:00:00+09:00,1651.475637174671,1653.8725539194818,1620.3157194921298,1627.5064697265625,1123200,0.0,0.0
2019-06-26 00:00:00+09:00,1651.581875171829,1658.8045364335135,1629.913891386776,1641.95166015625,1642800,7.5,0.0
2019-06-27 00:00:00+09:00,1637.136586358874,1651.5819091796875,1622.6912635380604,1651.5819091796875,1814400,0.0,0.0
2019-06-28 00:00:00+09:00,1637.136751587628,1649.1745218198898,1627.5065354018184,1646.7669677734375,2018800,0.0,0.0
2019-07-01 00:00:00+09:00,1656.3969826796188,1661.2120901874084,1634.7289988945656,1641.95166015625,1469200,0.0,0.0
2019-07-02 00:00:00+09:00,1634.7289988945656,1653.989428925724,1620.2836763711969,1641.95166015625,2260800,0.0,0.0
2019-07-03 00:00:00+09:00,1637.1365427416424,1658.804526395576,1634.7289890023164,1656.39697265625,1226000,0.0,0.0
2019-07-04 00:00:00+09:00,1663.6197509765625,1680.4726283381196,1661.2121970677688,1663.6197509765625,796800,0.0,0.0
2019-07-05 00:00:00+09:00,1663.6198343028193,1666.027388332201,1646.7669560971467,1661.2122802734375,1172400,0.0,0.0
2019-07-08 00:00:00+09:00,1658.8045313925638,1658.8045313925638,1644.359208913093,1649.17431640625,1435600,0.0,0.0
2019-07-09 00:00:00+09:00,1653.98974609375,1668.4350713871452,1637.136866584789,1653.98974609375,1730800,0.0,0.0
2019-07-10 00:00:00+09:00,1629.9138090655883,1646.7666844916728,1627.5062554332906,1644.359130859375,2614000,0.0,0.0
2019-07-11 00:00:00+09:00,1634.7289939267791,1658.8045313925638,1634.7289939267791,1649.17431640625,2429600,0.0,0.0
2019-07-12 00:00:00+09:00,1637.1365476733577,1661.2120851391423,1637.1365476733577,1649.17431640625,1888000,0.0,0.0
2019-07-16 00:00:00+09:00,1656.397172214674,1687.6953745966373,1656.397172214674,1661.2122802734375,2653600,0.0,0.0
2019-07-17 00:00:00+09:00,1644.359130859375,1651.5817917562683,1639.5440235947794,1644.359130859375,3129200,0.0,0.0
2019-07-18 00:00:00+09:00,1632.3213626978861,1651.5817917562683,1629.9138090655883,1644.359130859375,3121600,0.0,0.0
2019-07-19 00:00:00+09:00,1629.914113180978,1644.3594376700264,1617.8763427734375,1617.8763427734375,2097200,0.0,0.0
2019-07-22 00:00:00+09:00,1620.2836763711969,1656.3969826796188,1615.4685688634072,1641.95166015625,2609200,0.0,0.0
2019-07-23 00:00:00+09:00,1625.0988173415292,1656.3970167866255,1615.4686021276536,1651.5819091796875,2430000,0.0,0.0
2019-07-24 00:00:00+09:00,1641.9518596805326,1651.5820758663422,1622.6914273089135,1646.7669677734375,2606400,0.0,0.0
2019-07-25 00:00:00+09:00,1656.397172214674,1666.027388332201,1653.989618185292,1661.2122802734375,1034000,0.0,0.0
2019-07-26 00:00:00+09:00,1685.2876519881233,1690.1027595652322,1661.2121141025787,1666.0272216796875,891600,0.0,0.0
2019-07-29 00:00:00+09:00,1666.0272398603724,1699.7329932679522,1661.2121322307182,1697.325439453125,1200800,0.0,0.0
2019-07-30 00:00:00+09:00,1704.5481679523143,1718.9934914095372,1690.1028444950912,1716.5859375,1452400,0.0,0.0
2019-07-31 00:00:00+09:00,1694.9180248742816,1694.9180248742816,1666.0273767230155,1675.6575927734375,1644000,0.0,0.0
2019-08-01 00:00:00+09:00,1653.9895299202428,1670.8424072265625,1644.3593143166315,1670.8424072265625,1201200,0.0,0.0
2019-08-02 00:00:00+09:00,1673.2497650722287,1682.8799795474645,1646.7666752653302,1658.804443359375,1803200,0.0,0.0
2019-08-05 00:00:00+09:00,1649.1743401177496,1673.2498779296875,1649.1743401177496,1673.2498779296875,1583600,0.0,0.0
2019-08-06 00:00:00+09:00,1649.174311438272,1666.0271876135537,1632.3214352629905,1656.39697265625,4142400,0.0,0.0
2019-08-07 00:00:00+09:00,1668.4346263616856,1714.1781442561619,1666.0270727882921,1709.363037109375,2342000,0.0,0.0
2019-08-08 00:00:00+09:00,1711.7707384287883,1711.7707384287883,1668.4347703673,1673.2498779296875,2514400,0.0,0.0
2019-08-09 00:00:00+09:00,1680.4725731234353,1690.1027884421942,1670.8423578046763,1682.880126953125,1540400,0.0,0.0
2019-08-13 00:00:00+09:00,1634.72918219076,1639.54429023845,1601.0234258569299,1615.46875,4096000,0.0,0.0
2019-08-14 00:00:00+09:00,1545.649425512363,1608.2458196919913,1519.1663356671356,1591.3929443359375,8119600,0.0,0.0
2019-08-15 00:00:00+09:00,1581.7626377105712,1581.7626377105712,1531.2040145874023,1540.834228515625,4562400,0.0,0.0
2019-08-16 00:00:00+09:00,1540.8343397745573,1557.6872153658414,1485.460605688909,1495.0908203125,5550800,0.0,0.0
2019-08-19 00:00:00+09:00,1519.1663963636254,1564.9099170148281,1504.7210740527194,1557.687255859375,6644800,0.0,0.0
2019-08-20 00:00:00+09:00,1567.3175719381284,1586.5780029296875,1552.872248694459,1586.5780029296875,2550800,0.0,0.0
2019-08-21 00:00:00+09:00,1564.9101233703802,1569.7252314422892,1540.834583010836,1555.2799072265625,2149600,0.0,0.0
2019-08-22 00:00:00+09:00,1569.72509765625,1591.3930821331,1560.0948823332055,1569.72509765625,2256000,0.0,0.0
2019-08-23 00:00:00+09:00,1557.6874939903846,1569.7252644230769,1550.4648317307692,1564.91015625,1276400,0.0,0.0
2019-08-26 00:00:00+09:00,1545.649652525436,1572.1327462602956,1543.2420985495396,1552.872314453125,3193600,0.0,0.0
2019-08-27 00:00:00+09:00,1552.872353190608,1572.1327854782435,1552.872353190608,1555.2799072265625,2145200,0.0,0.0
2019-08-28 00:00:00+09:00,1579.355224609375,1596.208100481731,1574.5401172172733,1579.355224609375,8121600,0.0,0.0
2019-08-29 00:00:00+09:00,1602.4680479659987,1612.09826460041,1580.3185497068534,1586.0966796875,2121000,0.0,4.0
2019-08-30 00:00:00+09:00,1574.5402961377276,1605.356986948986,1574.5402961377276,1599.578857421875,2662700,0.0,0.0
2019-09-02 00:00:00+09:00,1590.9114823504192,1607.282847483565,1576.4661601741138,1579.355224609375,1529000,0.0,0.0
2019-09-03 00:00:00+09:00,1565.873190023292,1576.4664280861803,1548.5388004658384,1550.46484375,2035100,0.0,0.0
2019-09-04 00:00:00+09:00,1552.3907451183886,1565.873046875,1549.5016804562576,1565.873046875,1926600,0.0,0.0
2019-09-05 00:00:00+09:00,1577.4292594747342,1594.7636469414895,1562.0209150598405,1584.17041015625,2111600,0.0,0.0
2019-09-06 00:00:00+09:00,1584.1703223836384,1600.5416874173904,1579.3552150207704,1593.800537109375,1467800,0.0,0.0
2019-09-09 00:00:00+09:00,1609.2090159188328,1639.0626840777102,1606.3199512582964,1632.321533203125,1596200,0.0,0.0
2019-09-10 00:00:00+09:00,1628.46974463093,1638.0999619262045,1620.7655707947104,1626.543701171875,1652400,0.0,0.0
2019-09-11 00:00:00+09:00,1626.5433496236105,1654.4709737438502,1610.171983760022,1651.5819091796875,3185900,0.0,0.0
2019-09-12 00:00:00+09:00,1653.508012335198,1680.4726159143393,1643.877796771219,1658.3231201171875,2668700,0.0,0.0
2019-09-13 00:00:00+09:00,1673.7314026690826,1687.2137039564054,1651.5819076970522,1665.064208984375,2917200,0.0,0.0
2019-09-17 00:00:00+09:00,1667.9532119118123,1686.2506201256256,1661.2120615172496,1671.8052978515625,1927500,0.0,0.0
2019-09-18 00:00:00+09:00,1667.9533933725975,1687.2138251667384,1666.9903717828904,1678.546630859375,1445900,0.0,0.0
2019-09-19 00:00:00+09:00,1699.7328933741933,1718.9933227608697,1685.287571334186,1688.1766357421875,1850400,0.0,0.0
2019-09-20 00:00:00+09:00,1716.1043717742507,1724.7715655710904,1695.8809195816248,1702.6220703125,2012300,0.0,0.0
2019-09-24 00:00:00+09:00,1702.6219796316964,1763.292332978301,1699.73291518662,1752.6990966796875,2322500,0.0,0.0
2019-09-25 00:00:00+09:00,1767.144656068738,1779.6639370109144,1748.8472454609418,1753.662353515625,1962800,0.0,0.0
2019-09-26 00:00:00+09:00,1764.2555423586018,1766.1815855271157,1726.6977005725837,1732.475830078125,2060900,0.0,0.0
2019-09-27 00:00:00+09:00,1744.031957329644,1748.8470648871528,1724.7715270996093,1733.438720703125,1654300,0.0,0.0
2019-09-30 00:00:00+09:00,1744.0320355782549,1749.8101649065097,1725.7346260387812,1738.25390625,1884500,0.0,0.0
2019-10-01 00:00:00+09:00,1746.9213222133674,1758.477582338263,1721.8827586094271,1727.660888671875,1687300,0.0,0.0
2019-10-02 00:00:00+09:00,1730.5497957936118,1745.9581412208227,1725.7346878476085,1731.5128173828125,2025300,0.0,0.0
2019-10-03 00:00:00+09:00,1709.3631169567368,1714.178224328446,1686.2506015725332,1687.213623046875,1244300,0.0,0.0
2019-10-04 00:00:00+09:00,1658.3229883487154,1683.3615468255252,1656.3969453889608,1672.768310546875,1483800,0.0,0.0
2019-10-07 00:00:00+09:00,1673.7315495633532,1699.7331328994926,1669.8794631431842,1675.6575927734375,1240900,0.0,0.0
2019-10-08 00:00:00+09:00,1651.582049065282,1670.8424811243524,1646.7669410505146,1649.656005859375,2320100,0.0,0.0
2019-10-09 00:00:00+09:00,1638.0998333405196,1645.8040065719858,1612.0982486843209,1614.0242919921875,2424200,0.0,0.0
2019-10-10 00:00:00+09:00,1606.319865799176,1635.2105108675064,1583.2073497445115,1628.4693603515625,2254400,0.0,0.0
2019-10-11 00:00:00+09:00,1653.5079345703125,1671.805343281341,1645.8037624814583,1653.5079345703125,1997200,0.0,0.0
2019-10-15 00:00:00+09:00,1667.9532808463691,1678.5465176184882,1650.6188934010836,1677.58349609375,2189500,0.0,0.0
2019-10-16 00:00:00+09:00,1692.0288842690957,1713.215358631031,1680.472625526222,1710.3262939453125,1899100,0.0,0.0
2019-10-17 00:00:00+09:00,1698.7698895831845,1702.6219755006068,1677.5834170373626,1686.2506103515625,1434200,0.0,0.0
2019-10-18 00:00:00+09:00,1634.2475763101493,1653.5080073803927,1606.3199512582964,1632.321533203125,2808400,0.0,0.0
2019-10-21 00:00:00+09:00,1594.7636926161504,1643.877791845271,1594.7636926161504,1632.321533203125,2117500,0.0,0.0
2019-10-23 00:00:00+09:00,1631.3588098195123,1640.0260053852594,1609.2093100403808,1626.543701171875,1845500,0.0,0.0
2019-10-24 00:00:00+09:00,1621.7281757742787,1626.5432831845349,1614.0240039178689,1618.839111328125,2385400,0.0,0.0
2019-10-25 00:00:00+09:00,1638.0997732062087,1654.4711407220852,1627.5065354018184,1646.7669677734375,1441600,0.0,0.0
2019-10-28 00:00:00+09:00,1669.8792837014296,1670.8423052029875,1638.0995741500183,1641.95166015625,2129700,0.0,0.0
2019-10-29 00:00:00+09:00,1663.1381319677364,1668.9162609728357,1647.7297879541384,1655.4339599609375,1871700,0.0,0.0
2019-10-30 00:00:00+09:00,1651.581969222402,1664.1012494555748,1647.7298829968106,1658.3231201171875,1637800,0.0,0.0
2019-10-31 00:00:00+09:00,1645.803850742691,1673.7314760624909,1635.210613552422,1643.8778076171875,1765300,0.0,0.0
2019-11-01 00:00:00+09:00,1632.321531274571,1646.7668545601869,1626.543401960325,1645.8038330078125,1340900,0.0,0.0
2019-11-05 00:00:00+09:00,1673.7314580266693,1685.2877166551618,1645.8038330078125,1645.8038330078125,2303800,0.0,0.0
2019-11-06 00:00:00+09:00,1658.3230628809,1658.3230628809,1610.1719867229178,1624.6173095703125,2366600,0.0,0.0
2019-11-07 00:00:00+09:00,1728.6235359101936,1775.8115878654023,1695.8808059820897,1715.1412353515625,4584200,0.0,0.0
2019-11-08 00:00:00+09:00,1708.4002992419964,1736.3279253288158,1698.7700833499896,1731.5128173828125,2404500,0.0,0.0
2019-11-11 00:00:00+09:00,1750.773107910156,1750.773107910156,1722.8454840766058,1733.438720703125,1406800,0.0,0.0
2019-11-12 00:00:00+09:00,1718.9933830183818,1725.7345335400225,1696.8438884472766,1708.400146484375,1890500,0.0,0.0
2019-11-13 00:00:00+09:00,1691.0657343439805,1706.4740781648823,1689.1396913663677,1697.806884765625,1290600,0.0,0.0
2019-11-14 00:00:00+09:00,1709.3632227202777,1716.104373457766,1686.2507059060317,1689.1397705078125,1438400,0.0,0.0
2019-11-15 00:00:00+09:00,1696.844098357116,1709.3633794460166,1693.9550334904468,1698.7701416015625,1059200,0.0,0.0
2019-11-18 00:00:00+09:00,1666.0272641480826,1679.5095657076624,1655.4340272084128,1674.6944580078125,2565200,0.0,0.0
2019-11-19 00:00:00+09:00,1669.8794211878521,1684.3247449005496,1651.5820111517683,1666.9903564453125,1446000,0.0,0.0
2019-11-20 00:00:00+09:00,1656.3971606725934,1680.4727007986485,1656.3971606725934,1675.6575927734375,1035500,0.0,0.0
2019-11-21 00:00:00+09:00,1686.250698696533,1692.0288278753903,1669.8793326897705,1676.6204833984375,1539600,0.0,0.0
2019-11-22 00:00:00+09:00,1685.2876328930413,1689.1397189110826,1676.6204393524486,1681.435546875,844500,0.0,0.0
2019-11-25 00:00:00+09:00,1696.8438525881086,1726.6975185530528,1695.8808311053685,1725.7344970703125,1947300,0.0,0.0
2019-11-26 00:00:00+09:00,1722.8458342072147,1728.6239644505033,1709.363530306208,1721.8828125,1849100,0.0,0.0
2019-11-27 00:00:00+09:00,1716.1043450965644,1727.660603312703,1700.69600080838,1705.5111083984375,1277000,0.0,0.0
2019-11-28 00:00:00+09:00,1707.4370802088417,1731.5126171548209,1704.5480157753243,1726.697509765625,1248100,0.0,0.0
2019-11-29 00:00:00+09:00,1724.771512036931,1726.697555043114,1701.6589959627343,1708.400146484375,1012800,0.0,0.0
2019-12-02 00:00:00+09:00,1726.6977094368092,1738.2539685072172,1714.1784287772005,1731.5128173828125,1291600,0.0,0.0
2019-12-03 00:00:00+09:00,1722.8454840766058,1737.290806749132,1711.289225938585,1733.438720703125,1315300,0.0,0.0
2019-12-04 00:00:00+09:00,1737.2909045403333,1737.2909045403333,1715.1414085290096,1722.8455810546875,1120500,0.0,0.0
2019-12-05 00:00:00+09:00,1720.919537923268,1723.808602620397,1708.4002575690417,1722.8455810546875,1155900,0.0,0.0
2019-12-06 00:00:00+09:00,1714.1783673822715,1738.25390625,1712.2523242728532,1738.25390625,1593000,0.0,0.0
2019-12-09 00:00:00+09:00,1728.6236572265625,1734.4017864429186,1717.06739879385,1728.6236572265625,1554300,0.0,0.0
2019-12-10 00:00:00+09:00,1743.0689802674528,1746.9210664116904,1722.8455280102062,1728.6236572265625,1267600,0.0,0.0
2019-12-11 00:00:00+09:00,1728.6235263883937,1740.1797839464218,1721.8823761462104,1729.5865478515625,1479800,0.0,0.0
2019-12-12 00:00:00+09:00,1732.475794601229,1736.327880859375,1717.0674495686442,1736.327880859375,881900,0.0,0.0
2019-12-13 00:00:00+09:00,1752.6991939175648,1761.3663877336407,1737.2908493556522,1742.10595703125,1390700,0.0,0.0
2019-12-16 00:00:00+09:00,1749.8101629474256,1765.2185078055209,1746.9210982865327,1751.7362060546875,1357300,0.0,0.0
2019-12-17 00:00:00+09:00,1762.3292576070744,1788.3308368176706,1744.0318500144326,1785.4417724609375,1493900,0.0,0.0
2019-12-18 00:00:00+09:00,1780.6270931720992,1793.146375060275,1764.2557245490998,1778.7010498046875,1845000,0.0,0.0
2019-12-19 00:00:00+09:00,1796.9980908229363,1813.369456066232,1783.5157900343397,1792.1829833984375,1518900,0.0,0.0
2019-12-20 00:00:00+09:00,1770.9967041015625,1791.220157492608,1763.292531381164,1770.9967041015625,2584300,0.0,0.0
2019-12-23 00:00:00+09:00,1782.553136539511,1787.36824495804,1769.070832967629,1778.7010498046875,1176600,0.0,0.0
2019-12-24 00:00:00+09:00,1763.2923320408347,1771.9595253714558,1753.6621172290334,1766.181396484375,823300,0.0,0.0
2019-12-25 00:00:00+09:00,1765.2185770280394,1766.181598619435,1753.6623179312928,1757.514404296875,663000,0.0,0.0
2019-12-26 00:00:00+09:00,1762.329197460618,1770.9963902350144,1757.514090363731,1765.21826171875,1052700,0.0,0.0
2019-12-27 00:00:00+09:00,1776.7938357502142,1779.6876367856378,1760.3956298828125,1760.3956298828125,882800,3.0,0.0
2019-12-30 00:00:00+09:00,1755.5726385090247,1756.5372388598537,1743.997434299075,1746.8912353515625,1225800,0.0,0.0
2020-01-06 00:00:00+09:00,1738.2096987766538,1771.006108187534,1730.492896562329,1764.25390625,2057500,0.0,0.0
2020-01-07 00:00:00+09:00,1802.837977027893,1860.713995552063,1795.1211745580038,1852.0325927734375,3243700,0.0,0.0
2020-01-08 00:00:00+09:00,1805.7316714638157,1839.4926802785774,1790.2980674342105,1832.740478515625,2129200,0.0,0.0
2020-01-09 00:00:00+09:00,1846.244750402864,1858.7845527828208,1845.2801502197904,1847.2093505859375,1661800,0.0,0.0
2020-01-10 00:00:00+09:00,1848.1740621562824,1865.5368664980429,1839.492659985402,1863.607666015625,1657700,0.0,0.0
2020-01-14 00:00:00+09:00,1832.7406243200153,1835.6344253057837,1788.3690092048992,1800.9088134765625,3889900,0.0,0.0
2020-01-15 00:00:00+09:00,1786.4398207875845,1800.9088258155616,1771.0062154244088,1784.5106201171875,3089500,0.0,0.0
2020-01-16 00:00:00+09:00,1782.581296849676,1788.3688984628243,1767.1476925479471,1785.47509765625,1706900,0.0,0.0
2020-01-17 00:00:00+09:00,1809.5903462224167,1811.5195470179629,1782.5815350847686,1792.2275390625,2298500,0.0,0.0
2020-01-20 00:00:00+09:00,1807.6610179459076,1819.2362219028719,1794.1566133294493,1798.0150146484375,1493100,0.0,0.0
2020-01-21 00:00:00+09:00,1774.8645180857654,1792.2273231539957,1751.714111328125,1751.714111328125,1892000,0.0,0.0
2020-01-22 00:00:00+09:00,1736.2805081570425,1760.3955152147792,1730.4929064631856,1749.784912109375,1773600,0.0,0.0
2020-01-23 00:00:00+09:00,1763.289197338043,1770.041398859578,1738.2095916866267,1743.0325927734375,1934800,0.0,0.0
2020-01-24 00:00:00+09:00,1721.8115268664415,1733.3867304084006,1700.5903203728494,1716.988525390625,3372900,0.0,0.0
2020-01-27 00:00:00+09:00,1649.466655456367,1679.3692673389096,1634.0330493234421,1673.5816650390625,6455500,0.0,0.0
2020-01-28 00:00:00+09:00,1660.0770137464774,1683.2274195163295,1660.0770137464774,1679.3690185546875,3471300,0.0,0.0
2020-01-29 00:00:00+09:00,1678.404530582265,1706.3779394253027,1677.4399302773327,1692.87353515625,3001200,0.0,0.0
2020-01-30 00:00:00+09:00,1714.0946252805377,1718.9176264771627,1672.6168149895625,1682.2628173828125,7288000,0.0,0.0
2020-01-31 00:00:00+09:00,1689.0152466303896,1708.3072540162307,1679.369242937469,1704.4488525390625,2709800,0.0,0.0
2020-02-03 00:00:00+09:00,1688.0505399059457,1700.5903439166757,1678.404536820769,1684.192138671875,1918100,0.0,0.0
2020-02-04 00:00:00+09:00,1685.1567251479773,1706.3779317611745,1683.2275245467777,1703.484130859375,1250200,0.0,0.0
2020-02-05 00:00:00+09:00,1721.8115337824418,1733.386737370895,1704.4487283997616,1707.342529296875,1844000,0.0,0.0
2020-02-06 00:00:00+09:00,1931.129825174694,2046.8818626477025,1923.4130226764935,2010.22705078125,10348100,0.0,0.0
2020-02-07 00:00:00+09:00,1959.1032838489946,1980.324491256517,1926.3068724010056,1942.705078125,5341200,0.0,0.0
2020-02-10 00:00:00+09:00,1909.9084466494194,1936.9172529656737,1897.3686437168726,1910.873046875,3629000,0.0,0.0
2020-02-12 00:00:00+09:00,1967.7845803285256,1979.3597837422228,1911.837763828989,1918.5899658203125,4233200,0.0,0.0
2020-02-13 00:00:00+09:00,1880.005960422092,1920.519172498915,1868.430756971571,1909.9085693359375,3030400,0.0,0.0
2020-02-14 00:00:00+09:00,1900.26258840698,1907.0147904977662,1869.3953788491,1879.0413818359375,2393000,0.0,0.0
2020-02-17 00:00:00+09:00,1872.2891804323358,1886.7581849179026,1853.961774750618,1878.0767822265625,1594200,0.0,0.0
2020-02-18 00:00:00+09:00,1866.5014724612422,1873.2536741704043,1850.10326831042,1854.92626953125,1381900,0.0,0.0
2020-02-19 00:00:00+09:00,1873.2537766167036,1899.2979846335165,1865.5369742413516,1883.8643798828125,1457000,0.0,0.0
2020-02-20 00:00:00+09:00,1909.9087048451834,1926.3069108968846,1889.6520973695526,1892.5458984375,2260800,0.0,0.0
2020-02-21 00:00:00+09:00,1896.404058348237,1911.8376620784363,1879.0412541517628,1887.72265625,1508500,0.0,0.0
2020-02-25 00:00:00+09:00,1829.8466713790494,1852.032477094241,1816.3422679002372,1842.386474609375,2918600,0.0,0.0
2020-02-26 00:00:00+09:00,1842.3864901432428,1846.2448911697209,1789.3334760291705,1819.236083984375,3426800,0.0,0.0
2020-02-27 00:00:00+09:00,1785.4749863744757,1806.696190966717,1746.8909780249462,1768.1121826171875,2368400,0.0,0.0
2020-02-28 00:00:00+09:00,1726.6346450566714,1742.068250822541,1706.3780374889673,1724.7054443359375,4861000,0.0,0.0
2020-03-02 00:00:00+09:00,1699.625691575528,1763.2893099886862,1689.0150885066682,1758.46630859375,4064300,0.0,0.0
2020-03-03 00:00:00+09:00,1793.1921308342949,1821.1655422351525,1777.7585245441664,1802.838134765625,3900900,0.0,0.0
2020-03-04 00:00:00+09:00,1793.1921308342949,1834.6699477390148,1768.112520612836,1802.838134765625,3048800,0.0,0.0
2020-03-05 00:00:00+09:00,1830.811508918965,1854.9265182566753,1807.6610999547631,1849.138916015625,2495000,0.0,0.0
2020-03-06 00:00:00+09:00,1820.2006900972297,1842.3864960708577,1788.3688815263718,1810.5546875,2703700,0.0,0.0
2020-03-09 00:00:00+09:00,1771.9708497582412,1789.3336561249523,1734.3514359637004,1740.1390380859375,2583700,0.0,0.0
2020-03-10 00:00:00+09:00,1743.0329303710407,1796.085952601482,1687.08610692803,1777.758544921875,3651100,0.0,0.0
2020-03-11 00:00:00+09:00,1816.342414395668,1851.0680261419473,1792.2274062385295,1806.6964111328125,3166700,0.0,0.0
2020-03-12 00:00:00+09:00,1768.112285675475,1809.590097068844,1752.678681436082,1796.085693359375,4261900,0.0,0.0
2020-03-13 00:00:00+09:00,1718.9178303044018,1783.5460540027154,1622.4577949337843,1740.1390380859375,5332200,0.0,0.0
2020-03-16 00:00:00+09:00,1715.059241148483,1737.245046855128,1650.4310245247773,1659.1124267578125,4172500,0.0,0.0
2020-03-17 00:00:00+09:00,1640.7851974571608,1773.9000459281121,1639.820597105922,1745.9266357421875,4554800,0.0,0.0
2020-03-18 00:00:00+09:00,1796.0858241395692,1879.0414529666386,1783.5460197819891,1784.5106201171875,4158600,0.0,0.0
2020-03-19 00:00:00+09:00,1823.09455931656,1823.09455931656,1686.1213172938344,1715.059326171875,6869100,0.0,0.0
2020-03-23 00:00:00+09:00,1728.5637386749715,1751.7141458893686,1670.6877206389793,1703.484130859375,4996500,0.0,0.0
2020-03-24 00:00:00+09:00,1738.2097087216614,1787.4043231194444,1690.9442948884976,1749.784912109375,3128600,0.0,0.0
2020-03-25 00:00:00+09:00,1788.3687708700857,1842.3863820722027,1759.4307648689517,1794.1563720703125,2889000,0.0,0.0
2020-03-26 00:00:00+09:00,1763.2893683773348,1874.2184041341147,1740.1389609150503,1846.2449951171875,3561800,0.0,0.0
2020-03-27 00:00:00+09:00,1884.8291627178041,1960.0679931640625,1854.926550617368,1960.0679931640625,3263100,0.0,0.0
2020-03-30 00:00:00+09:00,1943.6695276080577,1994.7933414855897,1900.2625158252476,1985.1473388671875,3426000,0.0,0.0
2020-03-31 00:00:00+09:00,2043.9878346716384,2097.040845953819,1965.855218056064,1976.4658203125,4426000,0.0,0.0
2020-04-01 00:00:00+09:00,1956.2095978627563,2016.9794226484337,1943.6697927482514,1952.3511962890625,3115100,0.0,0.0
2020-04-02 00:00:00+09:00,1908.9439834353266,1950.4217961122943,1881.9351751805568,1889.6519775390625,2125500,0.0,0.0
2020-04-03 00:00:00+09:00,1885.7935675259293,1917.625377105651,1879.0413654938673,1902.1917724609375,2434100,0.0,0.0
2020-04-06 00:00:00+09:00,1880.9706636531625,1949.4572878169442,1880.9706636531625,1933.05908203125,2469200,0.0,0.0
2020-04-07 00:00:00+09:00,1971.6429684095647,2016.0145812015608,1928.2359558956555,1936.9173583984375,2546000,0.0,0.0
2020-04-08 00:00:00+09:00,1948.4925746390302,1949.457174923505,1908.9439629755648,1918.5899658203125,2601500,0.0,0.0
2020-04-09 00:00:00+09:00,1914.731678466797,1934.0236853027345,1907.9794760742188,1929.20068359375,1609500,0.0,0.0
2020-04-10 00:00:00+09:00,1907.9793546830101,1934.9881625349435,1891.5811499157649,1930.1651611328125,1292100,0.0,0.0
2020-04-13 00:00:00+09:00,1818.271483081197,1864.5722953824688,1811.5192812872615,1820.20068359375,3193300,0.0,0.0
2020-04-14 00:00:00+09:00,1849.138907658114,1861.6787124570474,1829.8469002751394,1859.74951171875,2362600,0.0,0.0
2020-04-15 00:00:00+09:00,1888.6873386517336,1958.138558459152,1888.6873386517336,1945.5987548828125,4191800,0.0,0.0
2020-04-16 00:00:00+09:00,1926.3064767473695,2007.3328883882205,1918.5896756387172,2002.5098876953125,1742000,0.0,0.0
2020-04-17 00:00:00+09:00,2025.6606078081477,2080.642824305797,2014.0854043349582,2077.7490234375,2086800,0.0,0.0
2020-04-20 00:00:00+09:00,2052.6693307242017,2077.748937208614,2011.1915199999814,2023.7313232421875,1431900,0.0,0.0
2020-04-21 00:00:00+09:00,2023.7310838347819,2066.1734897874658,2012.1558822113227,2015.0496826171875,1682800,0.0,0.0
2020-04-22 00:00:00+09:00,2022.7667223533713,2039.1649265879958,1997.687115876887,2024.6959228515625,1310600,0.0,0.0
2020-04-23 00:00:00+09:00,2036.2711284191341,2046.881731172621,2004.439320158674,2020.8375244140625,1277300,0.0,0.0
2020-04-24 00:00:00+09:00,2005.4039339012213,2014.085336212482,1989.9703297923134,2000.5809326171875,1689800,0.0,0.0
2020-04-27 00:00:00+09:00,2025.6606664791263,2035.3066696528365,1987.076653784286,1995.758056640625,1267000,0.0,0.0
2020-04-28 00:00:00+09:00,1996.7226325785707,2031.448243579937,1980.324427383481,2029.51904296875,1299300,0.0,0.0
2020-04-30 00:00:00+09:00,2045.917139410629,2054.5985416995004,2000.5809274576354,2008.2977294921875,2929900,0.0,0.0
2020-05-01 00:00:00+09:00,1995.7580295396258,2033.37744140625,1989.005827409719,2033.37744140625,1674800,0.0,0.0
2020-05-07 00:00:00+09:00,2016.01441016564,2040.1294150719275,1999.6162068293645,2006.368408203125,1919200,0.0,0.0
2020-05-08 00:00:00+09:00,2042.0587266903833,2087.3949383835566,2008.297717982701,2025.6605224609375,2210200,0.0,0.0
2020-05-11 00:00:00+09:00,1980.3244765740228,2003.4748844833148,1951.3864666874078,1961.9970703125,3638700,0.0,0.0
2020-05-12 00:00:00+09:00,1948.492565107417,1964.8907698632715,1926.3067586730256,1932.0943603515625,3654900,0.0,0.0
2020-05-13 00:00:00+09:00,1915.6963813389714,1952.3511962890625,1914.7317809455478,1952.3511962890625,2983200,0.0,0.0
2020-05-14 00:00:00+09:00,1962.961685195817,1974.5368892362835,1940.775877451589,1942.705078125,2146100,0.0,0.0
2020-05-15 00:00:00+09:00,1956.2092333500927,1959.1030339911433,1921.4836256574877,1948.492431640625,1527000,0.0,0.0
2020-05-18 00:00:00+09:00,1964.8907510371469,1976.4659542833156,1935.952742921725,1959.1031494140625,1909900,0.0,0.0
2020-05-19 00:00:00+09:00,1958.138538653174,1980.3243447561408,1943.669534672978,1974.5367431640625,1601500,0.0,0.0
2020-05-20 00:00:00+09:00,1940.7756156548128,1993.8286270171461,1933.0588140021098,1971.642822265625,1909100,0.0,0.0
2020-05-21 00:00:00+09:00,2006.368655873494,2014.0854583960843,1975.5014457831326,2001.545654296875,2211300,0.0,0.0
2020-05-22 00:00:00+09:00,2002.5101152269417,2061.3507303660763,1987.0765112560211,2027.5897216796875,1826900,0.0,0.0
2020-05-25 00:00:00+09:00,2038.2006295516226,2104.758056640625,2017.9440213071437,2104.758056640625,1788300,0.0,0.0
2020-05-26 00:00:00+09:00,2130.802004610438,2148.164809537096,2115.368400231186,2126.943603515625,1607500,0.0,0.0
2020-05-27 00:00:00+09:00,2124.0498591965234,2127.9082603939737,2044.9526346487871,2047.846435546875,2182900,0.0,0.0
2020-05-28 00:00:00+09:00,1952.3507442868627,2109.580572013522,1951.3861441167605,2099.9345703125,3183600,0.0,0.0
2020-05-29 00:00:00+09:00,2083.536370768079,2132.7309795223255,2066.173567678345,2094.14697265625,4288300,0.0,0.0
2020-06-01 00:00:00+09:00,2111.5100239546096,2119.226826234937,2081.6074151183407,2091.25341796875,1220200,0.0,0.0
2020-06-02 00:00:00+09:00,2123.0851860285875,2155.881595081278,2100.8993799047084,2151.05859375,1783800,0.0,0.0
2020-06-03 00:00:00+09:00,2175.173613135494,2180.961214766897,2119.226797365269,2132.731201171875,1495400,0.0,0.0
2020-06-04 00:00:00+09:00,2135.624770929784,2170.3503769611625,2087.3947625528695,2109.58056640625,1784900,0.0,0.0
2020-06-05 00:00:00+09:00,2083.5366244924594,2099.934829407446,2070.99682073394,2078.713623046875,1453900,0.0,0.0
2020-06-08 00:00:00+09:00,2073.89089742169,2078.7138995087175,2021.8024748817966,2040.1298828125,2832800,0.0,0.0
2020-06-09 00:00:00+09:00,2044.9525873119871,2121.15600919767,2043.0233867579193,2116.3330078125,2523900,0.0,0.0
2020-06-10 00:00:00+09:00,2123.0849570675173,2147.199961123259,2108.615954634072,2129.837158203125,1822700,0.0,0.0
2020-06-11 00:00:00+09:00,2226.2976314497746,2244.6250382944654,2181.9260148784188,2195.430419921875,2402800,0.0,0.0
2020-06-12 00:00:00+09:00,2186.749241230486,2247.519070166313,2161.669629288716,2216.65185546875,1932100,0.0,0.0
2020-06-15 00:00:00+09:00,2198.3242285544115,2237.8728434603927,2184.8198234645647,2185.784423828125,1091100,0.0,0.0
2020-06-16 00:00:00+09:00,2197.3593628833123,2232.084971778747,2179.0319581885,2215.686767578125,1408500,0.0,0.0
2020-06-17 00:00:00+09:00,2257.1648141239466,2270.6692189947735,2217.6161998593816,2232.085205078125,913800,0.0,0.0
2020-06-18 00:00:00+09:00,2189.642317015435,2229.1909227412643,2183.8547161775086,2220.509521484375,924000,0.0,0.0
2020-06-19 00:00:00+09:00,2219.5453939712925,2250.412605013049,2215.686992591073,2240.7666015625,1472000,0.0,0.0
2020-06-22 00:00:00+09:00,2247.5183027385397,2296.7129093650055,2240.7661018290246,2261.9873046875,866000,0.0,0.0
2020-06-23 00:00:00+09:00,2264.881578078792,2308.288592990864,2264.881578078792,2283.208984375,1130400,0.0,0.0
2020-06-24 00:00:00+09:00,2301.536154620042,2310.2175567120707,2249.44774206787,2267.775146484375,846400,0.0,0.0
2020-06-25 00:00:00+09:00,2288.031969550863,2334.3327851235617,2283.208967928707,2305.394775390625,1166200,0.0,0.0
2020-06-26 00:00:00+09:00,2308.288320348984,2337.226326872373,2296.7131177396286,2323.721923828125,1037700,0.0,0.0
2020-06-29 00:00:00+09:00,2313.0586353231947,2344.0803772889712,2298.5171937767373,2322.7529296875,1078600,12.0,0.0
2020-06-30 00:00:00+09:00,2360.560211014174,2372.19336195141,2291.7307346355265,2296.577880859375,1650200,0.0,0.0
2020-07-01 00:00:00+09:00,2284.9449834274033,2327.5998749296546,2263.6175376762776,2287.853271484375,1197400,0.0,0.0
2020-07-02 00:00:00+09:00,2299.486478300486,2322.752783308585,2235.504139528213,2244.22900390625,1922600,0.0,0.0
2020-07-03 00:00:00+09:00,2253.9229446851473,2318.8747026610204,2250.0452277910654,2317.9052734375,1083300,0.0,0.0
2020-07-06 00:00:00+09:00,2333.416515522204,2344.0802386924342,2294.6393403577304,2302.394775390625,1064100,0.0,0.0
2020-07-07 00:00:00+09:00,2307.241669398499,2352.8048452227554,2299.486235215647,2333.416259765625,1003300,0.0,0.0
2020-07-08 00:00:00+09:00,2373.162925461912,2377.040642660379,2329.538606979156,2347.957763671875,1426300,0.0,0.0
2020-07-09 00:00:00+09:00,2396.429640774522,2490.464299008797,2381.8881987795307,2431.3291015625,2880400,0.0,0.0
2020-07-10 00:00:00+09:00,2423.572887073864,2443.9308993252844,2346.0185546875,2346.0185546875,1839600,0.0,0.0
2020-07-13 00:00:00+09:00,2355.7135189952573,2365.40781331211,2304.333759115937,2331.477783203125,2173200,0.0,0.0
2020-07-14 00:00:00+09:00,2290.7616536866253,2326.630541196742,2288.822794902295,2320.81396484375,1957100,0.0,0.0
2020-07-15 00:00:00+09:00,2293.669847394859,2338.2635975978023,2271.3729722933876,2332.447021484375,1673800,0.0,0.0
2020-07-16 00:00:00+09:00,2279.1288288219557,2306.2728557071173,2265.5568153793747,2295.609130859375,1862600,0.0,0.0
2020-07-17 00:00:00+09:00,2279.1288288219557,2307.24228523873,2269.4345335058265,2295.609130859375,1304300,0.0,0.0
2020-07-20 00:00:00+09:00,2310.150060937004,2335.355223162922,2282.036610761942,2290.761474609375,861800,0.0,0.0
2020-07-21 00:00:00+09:00,2298.5169943599376,2314.9972933494437,2278.1589779611363,2287.853271484375,1140300,0.0,0.0
2020-07-22 00:00:00+09:00,2275.250605547272,2306.272343671478,2262.648024434313,2290.761474609375,831500,0.0,0.0
2020-07-27 00:00:00+09:00,2287.853218802477,2317.9055280325097,2267.495202872455,2309.1806640625,990000,0.0,0.0
2020-07-28 00:00:00+09:00,2321.7832141716285,2338.2635125603206,2316.936067586719,2335.355224609375,950700,0.0,0.0
2020-07-29 00:00:00+09:00,2313.0583611967345,2358.6215393091597,2308.2112145890296,2348.92724609375,1116500,0.0,0.0
2020-07-30 00:00:00+09:00,2375.1015995325665,2426.481348420414,2355.7130150465864,2415.817626953125,1909500,0.0,0.0
2020-07-31 00:00:00+09:00,2373.163140800562,2388.6740110018727,2329.538818359375,2329.538818359375,1606400,0.0,0.0
2020-08-03 00:00:00+09:00,2329.538945089633,2339.2332394928358,2309.1809268429074,2336.324951171875,984000,0.0,0.0
2020-08-04 00:00:00+09:00,2326.6307148520086,2332.4472916391387,2276.2203826968816,2292.70068359375,1624700,0.0,0.0
2020-08-05 00:00:00+09:00,2286.884012356793,2297.5477360261125,2248.106835377449,2282.036865234375,1573100,0.0,0.0
2020-08-06 00:00:00+09:00,2296.5779843960013,2300.4557015498995,2243.259373529906,2253.923095703125,1142600,0.0,0.0
2020-08-07 00:00:00+09:00,2268.4647057302786,2289.792151681589,2241.320683610429,2270.403564453125,984200,0.0,0.0
2020-08-11 00:00:00+09:00,2249.0766730446776,2251.9849618460285,2228.7186514352215,2240.351806640625,2055300,0.0,0.0
2020-08-12 00:00:00+09:00,2236.4736952670787,2270.4037253209785,2202.5436652131784,2251.01513671875,2205200,0.0,0.0
2020-08-13 00:00:00+09:00,2430.359290183018,2514.699640500498,2416.7872797871014,2433.267578125,4129900,0.0,0.0
2020-08-14 00:00:00+09:00,2396.4295301959833,2396.4295301959833,2336.3249060567637,2371.224365234375,2302200,0.0,0.0
2020-08-17 00:00:00+09:00,2396.4290710573023,2398.3679295290317,2372.193340160687,2389.64306640625,1312000,0.0,0.0
2020-08-18 00:00:00+09:00,2368.3159281084613,2414.8485374204574,2363.4687813051287,2404.184814453125,968400,0.0,0.0
2020-08-19 00:00:00+09:00,2423.5736921721814,2497.250332414216,2423.5736921721814,2472.045166015625,1670000,0.0,0.0
2020-08-20 00:00:00+09:00,2495.311076712101,2496.2805060348333,2447.8090398982345,2460.41162109375,1352700,0.0,0.0
2020-08-21 00:00:00+09:00,2499.188869355948,2499.188869355948,2458.472836573578,2488.525146484375,1332400,0.0,0.0
2020-08-24 00:00:00+09:00,2488.524937434871,2532.1492546084464,2476.891786188584,2529.240966796875,1478400,0.0,0.0
2020-08-25 00:00:00+09:00,2543.782772153756,2546.6910603841147,2471.075566394788,2477.861572265625,1593100,0.0,0.0
2020-08-26 00:00:00+09:00,2465.259260841203,2473.9841264910538,2426.4820801751985,2438.115234375,1185300,0.0,0.0
2020-08-27 00:00:00+09:00,2461.38108193091,2464.2893699363426,2429.3899138711545,2434.237060546875,752900,0.0,0.0
2020-08-28 00:00:00+09:00,2411.9400024165648,2423.5731535536224,2357.651963776964,2381.8876953125,1358100,0.0,0.0
2020-08-31 00:00:00+09:00,2411.940344615616,2440.053797185493,2407.09319762081,2414.8486328125,1116000,0.0,0.0
2020-09-01 00:00:00+09:00,2400.307086336129,2424.5428202450157,2374.1324937145314,2412.90966796875,1259600,0.0,0.0
2020-09-02 00:00:00+09:00,2423.572790154203,2450.7168054039303,2419.695073689956,2441.991943359375,1502300,0.0,0.0
2020-09-03 00:00:00+09:00,2478.8306695806805,2480.769528141166,2433.267493409272,2436.17578125,969800,0.0,0.0
2020-09-04 00:00:00+09:00,2402.246390776271,2425.512699645775,2388.67437726906,2403.2158203125,863400,0.0,0.0
2020-09-07 00:00:00+09:00,2354.7438214111326,2403.2152874755857,2326.63037109375,2326.63037109375,1208900,0.0,0.0
2020-09-08 00:00:00+09:00,2336.3244700772707,2348.9270502063187,2290.7612957645606,2305.302734375,1160600,0.0,0.0
2020-09-09 00:00:00+09:00,2271.37306787858,2297.547661490497,2244.229044873629,2276.22021484375,2035000,0.0,0.0
2020-09-10 00:00:00+09:00,2273.311691679485,2283.975413900583,2231.626232087921,2245.1982421875,1302200,0.0,0.0
2020-09-11 00:00:00+09:00,2289.792258617414,2289.792258617414,2242.29021768928,2272.342529296875,1582700,0.0,0.0
2020-09-14 00:00:00+09:00,2229.687373502267,2254.892535115771,2226.7790856237857,2245.1982421875,1200500,0.0,0.0
2020-09-15 00:00:00+09:00,2233.5654619565216,2242.2903270422894,2221.9323085088317,2229.687744140625,1421000,0.0,0.0
2020-09-16 00:00:00+09:00,2243.259217583955,2274.280952658582,2236.4732130363805,2273.3115234375,925000,0.0,0.0
2020-09-17 00:00:00+09:00,2243.259383601846,2255.861964408598,2218.054221988342,2245.1982421875,1565500,0.0,0.0
2020-09-18 00:00:00+09:00,2230.6569187697937,2238.412353515625,2213.2071905916728,2238.412353515625,1927400,0.0,0.0
2020-09-23 00:00:00+09:00,2266.5260493440446,2275.250914375737,2235.504307009139,2260.70947265625,1878300,0.0,0.0
2020-09-24 00:00:00+09:00,2258.7703488613697,2304.3335275723075,2256.8314901928193,2278.158935546875,1545100,0.0,0.0
2020-09-25 00:00:00+09:00,2265.5565234499986,2278.1591057370547,2253.9233705696392,2272.342529296875,1425800,0.0,0.0
2020-09-28 00:00:00+09:00,2317.9057918057897,2340.202668933156,2307.2420679622664,2336.324951171875,2116300,0.0,0.0
2020-09-29 00:00:00+09:00,2327.5999595842113,2346.98854733585,2275.250772654787,2329.538818359375,1364300,0.0,0.0
2020-09-30 00:00:00+09:00,2329.538629125478,2381.8878118024554,2322.7526239636477,2375.101806640625,2053100,0.0,0.0
2020-10-02 00:00:00+09:00,2445.8701032111185,2448.778391086518,2374.1323356179264,2387.704345703125,2818000,0.0,0.0
2020-10-05 00:00:00+09:00,2398.3680477488288,2444.900653364004,2382.8571792104367,2405.154052734375,1337400,0.0,0.0
2020-10-06 00:00:00+09:00,2419.6956631857856,2436.1759621738297,2325.6610160187097,2332.447021484375,1974500,0.0,0.0
2020-10-07 00:00:00+09:00,2311.119765137734,2340.202648088293,2307.2420474109927,2331.477783203125,1679500,0.0,0.0
2020-10-08 00:00:00+09:00,2340.202540712915,2368.3159929418603,2335.3553937768897,2351.835693359375,1013400,0.0,0.0
2020-10-09 00:00:00+09:00,2353.774157583368,2367.346166729236,2337.2938607633855,2340.2021484375,974100,0.0,0.0
2020-10-12 00:00:00+09:00,2308.2114881410425,2337.2943712339575,2296.578334903876,2322.7529296875,1322900,0.0,0.0
2020-10-13 00:00:00+09:00,2327.600011145769,2359.5911816446487,2327.600011145769,2352.80517578125,1232700,0.0,0.0
2020-10-14 00:00:00+09:00,2347.957796177284,2377.0406755684144,2344.080078925133,2366.376953125,1355700,0.0,0.0
2020-10-15 00:00:00+09:00,2371.2243022659786,2377.04087864112,2340.2025615985576,2356.682861328125,941400,0.0,0.0
2020-10-16 00:00:00+09:00,2324.691722918598,2360.5606110537055,2290.7616936016043,2352.80517578125,1920200,0.0,0.0
2020-10-19 00:00:00+09:00,2362.499481125446,2370.2549164348443,2328.5694516468284,2344.080322265625,1317400,0.0,0.0
2020-10-20 00:00:00+09:00,2336.325125792406,2360.5608636118295,2304.3339518707676,2308.211669921875,1527900,0.0,0.0
2020-10-21 00:00:00+09:00,2324.6915124511715,2344.080098876953,2317.9055072021483,2326.63037109375,1090700,0.0,0.0
2020-10-22 00:00:00+09:00,2287.8532285735387,2290.761516575963,2237.44290319819,2255.862060546875,1836500,0.0,0.0
2020-10-23 00:00:00+09:00,2222.901304162932,2245.1981772530967,2188.97127989529,2230.65673828125,1715400,0.0,0.0
2020-10-26 00:00:00+09:00,2227.7485766018735,2239.3817284379143,2191.8796917740797,2192.84912109375,1076600,0.0,0.0
2020-10-27 00:00:00+09:00,2215.1460702643894,2243.259521484375,2179.2771842250972,2243.259521484375,1077000,0.0,0.0
2020-10-28 00:00:00+09:00,2207.390708344558,2254.892748181573,2203.5129908068425,2249.076171875,1297300,0.0,0.0
2020-10-29 00:00:00+09:00,2219.02415781046,2241.3210366351173,2214.1770102398823,2227.7490234375,1454500,0.0,0.0
2020-10-30 00:00:00+09:00,2142.4386264310024,2178.307508411974,2136.6220509746286,2154.07177734375,4273100,0.0,0.0
2020-11-02 00:00:00+09:00,2165.7053597929175,2225.8099848185043,2159.8887831775382,2219.993408203125,1931100,0.0,0.0
2020-11-04 00:00:00+09:00,2242.290103039754,2248.106679182529,2196.7269232546832,2212.23779296875,1255700,0.0,0.0
2020-11-05 00:00:00+09:00,2197.696279186433,2238.412310825529,2197.696279186433,2228.718017578125,1269300,0.0,0.0
2020-11-06 00:00:00+09:00,2228.7177515137996,2245.198048066968,2208.3597381245913,2223.87060546875,1315200,0.0,0.0
2020-11-09 00:00:00+09:00,2266.526085423864,2318.8752764473406,2259.74007918008,2314.99755859375,1452400,0.0,0.0
2020-11-10 00:00:00+09:00,2315.966409165112,2343.11042735541,2251.014651352612,2273.3115234375,3299400,0.0,0.0
2020-11-11 00:00:00+09:00,2467.197603318506,2467.197603318506,2360.5603788135804,2410.970703125,3181500,0.0,0.0
2020-11-12 00:00:00+09:00,2434.237285612477,2467.1978860548606,2385.7658143736785,2407.09326171875,2081300,0.0,0.0
2020-11-13 00:00:00+09:00,2377.04078197866,2409.0319507410154,2364.4382003450046,2390.61279296875,1471600,0.0,0.0
2020-11-16 00:00:00+09:00,2390.613063976525,2439.084537293162,2378.9799103805326,2431.3291015625,1629000,0.0,0.0
2020-11-17 00:00:00+09:00,2422.603616065746,2430.359049810654,2354.743570797798,2379.94873046875,1552300,0.0,0.0
2020-11-18 00:00:00+09:00,2384.796174387978,2388.673891744707,2362.49929958679,2380.91845703125,937900,0.0,0.0
2020-11-19 00:00:00+09:00,2393.5206871575087,2459.441872547023,2373.162674022512,2454.5947265625,1810200,0.0,0.0
2020-11-20 00:00:00+09:00,2441.9924184357847,2441.9924184357847,2370.2546498910256,2383.82666015625,1380800,0.0,0.0
2020-11-24 00:00:00+09:00,2407.092879739374,2435.2063285965796,2404.1845919265593,2409.03173828125,1922200,0.0,0.0
2020-11-25 00:00:00+09:00,2386.7349890136716,2400.3069995117185,2308.211213989258,2326.63037109375,1936500,0.0,0.0
2020-11-26 00:00:00+09:00,2335.355161377256,2353.7743179011945,2314.9971462718504,2343.110595703125,975800,0.0,0.0
2020-11-27 00:00:00+09:00,2346.019220869671,2396.429551235465,2343.1109325793363,2376.071533203125,1687600,0.0,0.0
2020-11-30 00:00:00+09:00,2370.255071039281,2394.490807961973,2337.29446882442,2391.58251953125,3399000,0.0,0.0
2020-12-01 00:00:00+09:00,2450.7178756768953,2450.7178756768953,2412.9101236391584,2416.787841796875,1936700,0.0,0.0
2020-12-02 00:00:00+09:00,2406.1232783535506,2440.0533004093018,2372.1932562977995,2392.55126953125,2618000,0.0,0.0
2020-12-03 00:00:00+09:00,2443.931746487007,2486.586644085352,2429.3903041239346,2445.87060546875,2215700,0.0,0.0
2020-12-04 00:00:00+09:00,2413.8792022486577,2454.595236985382,2379.9491733013874,2437.1455078125,1963800,0.0,0.0
2020-12-07 00:00:00+09:00,2401.276728752847,2407.0933054070724,2351.8358271919283,2394.49072265625,1164000,0.0,0.0
2020-12-08 00:00:00+09:00,2401.276304113745,2411.9400260940643,2377.040572340292,2409.03173828125,1219800,0.0,0.0
2020-12-09 00:00:00+09:00,2385.7660965351424,2423.5738485728793,2378.010660219709,2416.787841796875,1198000,0.0,0.0
2020-12-10 00:00:00+09:00,2419.695652173913,2434.237092391304,2367.346467391304,2408.0625,1602700,0.0,0.0
2020-12-11 00:00:00+09:00,2388.6738273248666,2398.3681204552436,2349.896654803359,2366.376953125,1089700,0.0,0.0
2020-12-14 00:00:00+09:00,2372.1940177651527,2395.460326071799,2305.3033813835445,2308.211669921875,1396000,0.0,0.0
2020-12-15 00:00:00+09:00,2339.233188063181,2350.8663410912613,2287.8534288558258,2313.05859375,1245900,0.0,0.0
2020-12-16 00:00:00+09:00,2326.6299853431583,2327.599414503718,2244.2285066955883,2252.953369140625,1032200,0.0,0.0
2020-12-17 00:00:00+09:00,2263.617338928995,2306.2722266861156,2251.0147584553006,2297.54736328125,1308400,0.0,0.0
2020-12-18 00:00:00+09:00,2326.630647433222,2334.386082924666,2301.4254820860288,2322.7529296875,1635500,0.0,0.0
2020-12-21 00:00:00+09:00,2308.2112982618246,2338.2636083189923,2300.455863408362,2323.72216796875,1235900,0.0,0.0
2020-12-22 00:00:00+09:00,2310.150223094019,2313.058511247306,2234.5347311085666,2249.076171875,1413100,0.0,0.0
2020-12-23 00:00:00+09:00,2251.015029809539,2281.0673407156955,2247.1373122732607,2271.373046875,1003800,0.0,0.0
2020-12-24 00:00:00+09:00,2262.6483200705493,2284.9451972606194,2257.801172855317,2269.434326171875,505200,0.0,0.0
2020-12-25 00:00:00+09:00,2284.944972826087,2286.883831521739,2237.4429347826085,2251.984375,414600,0.0,0.0
2020-12-28 00:00:00+09:00,2254.8927365257628,2284.945047287714,2251.9844483875095,2280.097900390625,1092100,0.0,0.0
2020-12-29 00:00:00+09:00,2268.449981958839,2310.18868509287,2261.655309355625,2309.218017578125,922300,3.0,0.0
2020-12-30 00:00:00+09:00,2308.2474260953204,2328.631444576398,2287.863407614243,2317.9541015625,1198400,0.0,0.0
2021-01-04 00:00:00+09:00,2323.777482548658,2348.044164697245,2271.361449107711,2287.86279296875,823800,0.0,0.0
2021-01-05 00:00:00+09:00,2277.1856832628555,2278.1563506470256,2211.1803011392944,2234.476318359375,2136200,0.0,0.0
2021-01-06 00:00:00+09:00,2220.8871467391305,2244.1831657608695,2216.033809442935,2232.53515625,1524900,0.0,0.0
2021-01-07 00:00:00+09:00,2234.4764911684783,2248.065835597826,2225.740484035326,2232.53515625,1595600,0.0,0.0
2021-01-08 00:00:00+09:00,2188.8551366724673,2252.919189453125,2183.031131874226,2252.919189453125,1985900,0.0,0.0
2021-01-12 00:00:00+09:00,2227.6816345428256,2238.3589757105688,2190.7962741451665,2220.886962890625,2468200,0.0,0.0
2021-01-13 00:00:00+09:00,2213.1214295891227,2237.3881119311086,2194.6787510092136,2235.44677734375,1253600,0.0,0.0
2021-01-14 00:00:00+09:00,2264.5674183771152,2275.2447615413453,2242.242064488271,2265.5380859375,1165100,0.0,0.0
2021-01-15 00:00:00+09:00,2229.6229753880716,2246.124320874183,2204.385623468137,2227.681640625,1277000,0.0,0.0
2021-01-18 00:00:00+09:00,2223.7990008046295,2245.153683483679,2212.1509920706026,2221.857666015625,636800,0.0,0.0
2021-01-19 00:00:00+09:00,2202.44445405628,2221.85780314448,2192.73777951218,2218.94580078125,1494600,0.0,0.0
2021-01-20 00:00:00+09:00,2220.8873037439616,2230.5939790225625,2184.972605213137,2210.2099609375,1309200,0.0,0.0
2021-01-21 00:00:00+09:00,2206.327099588136,2231.564453125,2198.5617600383316,2231.564453125,1658500,0.0,0.0
2021-01-22 00:00:00+09:00,2209.23912623715,2229.6231427797597,2178.17776769603,2218.94580078125,2107500,0.0,0.0
2021-01-25 00:00:00+09:00,2230.5940149322323,2239.3300228236117,2200.5033210841475,2211.1806640625,1174800,0.0,0.0
2021-01-26 00:00:00+09:00,2202.444554936562,2227.681909907188,2195.64988244447,2215.063232421875,1609000,0.0,0.0
2021-01-27 00:00:00+09:00,2244.182999072041,2326.6897269791016,2234.4763252006223,2320.86572265625,2751700,0.0,0.0
2021-01-28 00:00:00+09:00,2319.894895787352,2362.604257885529,2294.657545456611,2336.396240234375,5597300,0.0,0.0
2021-01-29 00:00:00+09:00,2335.425733045213,2355.8097481715427,2281.068359375,2281.068359375,1624200,0.0,0.0
2021-02-01 00:00:00+09:00,2300.481914185081,2331.5432733639514,2292.716574390364,2319.895263671875,1086900,0.0,0.0
2021-02-02 00:00:00+09:00,2329.601943836045,2348.0446258914135,2309.2179268274795,2326.68994140625,939700,0.0,0.0
2021-02-03 00:00:00+09:00,2318.924667409431,2326.6900074426144,2294.6579798057323,2321.836669921875,1328300,0.0,0.0
2021-02-04 00:00:00+09:00,2327.6601339725476,2347.0734795436283,2316.0121266298993,2340.27880859375,1006000,0.0,0.0
2021-02-05 00:00:00+09:00,2354.839839914802,2355.8105076146844,2324.7491412184463,2348.045166015625,1212700,0.0,0.0
2021-02-08 00:00:00+09:00,2348.0446736653644,2389.7833760083204,2333.4846612201472,2387.842041015625,1226600,0.0,0.0
2021-02-09 00:00:00+09:00,2381.0472618292442,2397.5486085276125,2361.6339127723404,2384.929931640625,689100,0.0,0.0
2021-02-10 00:00:00+09:00,2382.9885578080366,2469.377959700059,2363.5752090682563,2463.553955078125,1469200,0.0,0.0
2021-02-12 00:00:00+09:00,2494.615222158714,2563.5326076736046,2478.113876331205,2560.62060546875,3302700,0.0,0.0
2021-02-15 00:00:00+09:00,2580.0341655027933,2614.0075273510242,2561.5914833566108,2606.2421875,1050000,0.0,0.0
2021-02-16 00:00:00+09:00,2614.9782108552176,2643.1275679876608,2584.8875187481235,2626.626220703125,1004400,0.0,0.0
2021-02-17 00:00:00+09:00,2625.6553587645544,2625.6553587645544,2513.057938573542,2521.7939453125,1499700,0.0,0.0
2021-02-18 00:00:00+09:00,2508.2046968617124,2565.4740765501183,2495.5860199812164,2511.11669921875,1576400,0.0,0.0
2021-02-19 00:00:00+09:00,2496.5568897828616,2525.676915713455,2475.2022041004266,2503.3515625,893600,0.0,0.0
2021-02-22 00:00:00+09:00,2499.46908270144,2519.8531024050244,2469.3783869485296,2475.202392578125,988500,0.0,0.0
2021-02-24 00:00:00+09:00,2378.1352222276105,2441.2286056744656,2335.425854971278,2423.756591796875,2450800,0.0,0.0
2021-02-25 00:00:00+09:00,2468.407682637549,2483.938364085524,2420.844970703125,2420.844970703125,1204000,0.0,0.0
2021-02-26 00:00:00+09:00,2436.3751966824275,2478.1138952710107,2405.313839593249,2421.815185546875,2069200,0.0,0.0
2021-03-01 00:00:00+09:00,2448.0234177151974,2470.3487700575643,2437.346075290587,2467.436767578125,1205900,0.0,0.0
2021-03-02 00:00:00+09:00,2482.9676838162577,2486.8503541584255,2437.346307295787,2453.84765625,1164000,0.0,0.0
2021-03-03 00:00:00+09:00,2464.5243848867317,2594.593808902022,2448.993707392369,2582.94580078125,1881300,0.0,0.0
2021-03-04 00:00:00+09:00,2578.092835833024,2629.5382124516796,2548.972811331898,2613.036865234375,1905800,0.0,0.0
2021-03-05 00:00:00+09:00,2614.978216141034,2633.4208984375,2564.503506698074,2633.4208984375,1586100,0.0,0.0
2021-03-08 00:00:00+09:00,2657.687464601014,2659.6287994911536,2514.999350175759,2530.530029296875,2177000,0.0,0.0
2021-03-09 00:00:00+09:00,2510.14609764566,2532.4714496355477,2467.4367286215265,2506.263427734375,1719600,0.0,0.0
2021-03-10 00:00:00+09:00,2507.2341165476832,2559.6501607960668,2486.8500993399784,2533.442138671875,1627800,0.0,0.0
2021-03-11 00:00:00+09:00,2458.7007653890005,2505.2928051594986,2445.1114204559385,2474.2314453125,1484500,0.0,0.0
2021-03-12 00:00:00+09:00,2475.20222950056,2505.292923270959,2471.3195593366377,2490.73291015625,1861100,0.0,0.0
2021-03-15 00:00:00+09:00,2514.99951171875,2535.3835293745174,2462.583466318205,2514.99951171875,1760900,0.0,0.0
2021-03-16 00:00:00+09:00,2502.380879610754,2529.5595703125,2484.908864159632,2529.5595703125,1309100,0.0,0.0
2021-03-17 00:00:00+09:00,2523.7352801433794,2529.5592846360178,2485.8792509412287,2521.7939453125,1172500,0.0,0.0
2021-03-18 00:00:00+09:00,2510.145923565852,2587.79931640625,2499.4685820502978,2587.79931640625,1486200,0.0,0.0
2021-03-19 00:00:00+09:00,2540.2372356414794,2550.9145797729493,2484.9091796875,2484.9091796875,2345900,0.0,0.0
2021-03-22 00:00:00+09:00,2484.909018987342,2493.645027257219,2440.258310052413,2453.84765625,1495900,0.0,0.0
2021-03-23 00:00:00+09:00,2452.877059659091,2507.2344460227273,2437.346377840909,2455.7890625,1223700,0.0,0.0
2021-03-24 00:00:00+09:00,2459.6716617632514,2497.5276975993866,2453.84765625,2453.84765625,1245600,0.0,0.0
2021-03-25 00:00:00+09:00,2490.7324650080664,2547.0311723231357,2484.908460803059,2538.295166015625,1863900,0.0,0.0
2021-03-26 00:00:00+09:00,2541.2073282877604,2570.3273511482007,2497.5272939971,2562.56201171875,1634200,0.0,0.0
2021-03-29 00:00:00+09:00,2581.9754461706034,2642.15682875052,2573.239439021906,2624.684814453125,1553500,0.0,0.0
2021-03-30 00:00:00+09:00,2673.2182898888223,2673.2182898888223,2566.444865092972,2574.210205078125,1273500,0.0,0.0
2021-03-31 00:00:00+09:00,2556.7381942906813,2604.300901777486,2530.5301717979523,2534.412841796875,1214600,0.0,0.0
2021-04-01 00:00:00+09:00,2552.8556010704915,2579.063624351443,2527.618245318464,2543.14892578125,830700,0.0,0.0
2021-04-02 00:00:00+09:00,2561.591273058457,2563.5326078618355,2502.3805615554,2520.8232421875,622100,0.0,0.0
2021-04-05 00:00:00+09:00,2529.5593505576912,2531.500685439163,2507.2339994207664,2516.940673828125,562800,0.0,0.0
2021-04-06 00:00:00+09:00,2536.354072288451,2555.7674214831577,2484.9086969224777,2491.703369140625,985900,0.0,0.0
2021-04-07 00:00:00+09:00,2507.2343134709176,2532.471670091221,2487.8209622245304,2518.88232421875,1266300,0.0,0.0
2021-04-08 00:00:00+09:00,2567.415157174027,2585.8578369420065,2535.383134419115,2544.119140625,1324600,0.0,0.0
2021-04-09 00:00:00+09:00,2543.1490035354514,2555.767681797269,2504.3223011913988,2505.29296875,904900,0.0,0.0
2021-04-12 00:00:00+09:00,2512.087684628345,2512.087684628345,2439.2876164880336,2466.46630859375,1269400,0.0,0.0
2021-04-13 00:00:00+09:00,2475.2018092526723,2506.263165290353,2457.729796481477,2485.879150390625,872000,0.0,0.0
2021-04-14 00:00:00+09:00,2486.8500318419483,2499.468708818508,2467.4366826472415,2491.703369140625,795700,0.0,0.0
2021-04-15 00:00:00+09:00,2470.348764754376,2474.2314347186266,2451.9060824241865,2460.64208984375,661300,0.0,0.0
2021-04-16 00:00:00+09:00,2485.8794957294367,2493.644835817619,2419.874104979885,2435.40478515625,949000,0.0,0.0
2021-04-19 00:00:00+09:00,2414.049612580088,2424.726953045862,2384.9295931279757,2395.60693359375,1128300,0.0,0.0
2021-04-20 00:00:00+09:00,2395.6069235052946,2395.6069235052946,2337.3668848463326,2349.014892578125,1156100,0.0,0.0
2021-04-21 00:00:00+09:00,2329.602009119027,2336.3966816456245,2269.420623883452,2275.24462890625,1848600,0.0,0.0
2021-04-22 00:00:00+09:00,2272.332567973462,2339.308624013688,2272.332567973462,2333.484619140625,1772000,0.0,0.0
2021-04-23 00:00:00+09:00,2325.718928961891,2335.425602288109,2302.422912978967,2330.572265625,1071800,0.0,0.0
2021-04-26 00:00:00+09:00,2326.690445393041,2365.517152867268,2320.866439271907,2353.869140625,837100,0.0,0.0
2021-04-27 00:00:00+09:00,2290.7750630568657,2318.924417645276,2263.5963758680555,2315.041748046875,1779600,0.0,0.0
2021-04-28 00:00:00+09:00,2315.0421509512594,2323.7781590680565,2290.7754617379337,2292.716796875,803700,0.0,0.0
2021-04-30 00:00:00+09:00,2311.1592290339704,2324.7485735138002,2279.127202760085,2285.921875,1307200,0.0,0.0
2021-05-06 00:00:00+09:00,2328.6311282940765,2348.044476591651,2266.5084137418376,2276.215087890625,1486800,0.0,0.0
2021-05-07 00:00:00+09:00,2269.420577668796,2284.9512574133214,2260.6845703125,2260.6845703125,1117600,0.0,0.0
2021-05-10 00:00:00+09:00,2249.0367213971836,2301.452769284731,2241.2713809693987,2291.74609375,1262500,0.0,0.0
2021-05-11 00:00:00+09:00,2256.801806661864,2282.0391601987276,2217.004441469117,2231.564453125,1458600,0.0,0.0
2021-05-12 00:00:00+09:00,2221.8577709639553,2233.50578024817,2114.1136850849693,2138.38037109375,2805300,0.0,0.0
2021-05-13 00:00:00+09:00,2125.7616415115626,2143.233655003439,2106.3482931872563,2117.025634765625,1278000,0.0,0.0
2021-05-14 00:00:00+09:00,2117.0256874060233,2149.057712937614,2102.465675800755,2138.38037109375,1400600,0.0,0.0
2021-05-17 00:00:00+09:00,2121.8790930056934,2129.644432778816,2080.1403917251605,2093.729736328125,1611300,0.0,0.0
2021-05-18 00:00:00+09:00,2088.876393095411,2185.9431399864616,2088.876393095411,2173.324462890625,2058000,0.0,0.0
2021-05-19 00:00:00+09:00,2146.14609375,2190.7968039772727,2137.4100852272727,2188.85546875,2020100,0.0,0.0
2021-05-20 00:00:00+09:00,2187.8842894000773,2217.004310998126,2183.0309524670693,2201.4736328125,1238400,0.0,0.0
2021-05-21 00:00:00+09:00,2208.2682747954113,2217.0042811572393,2180.1189209628546,2207.297607421875,899000,0.0,0.0
2021-05-24 00:00:00+09:00,2200.503403946426,2217.0047528070736,2175.2660468654344,2180.119384765625,933100,0.0,0.0
2021-05-25 00:00:00+09:00,2179.1483961368813,2190.7964053812652,2157.7937125221765,2171.383056640625,1005500,0.0,0.0
2021-05-26 00:00:00+09:00,2147.1165773716007,2163.617925389375,2122.8498891101676,2123.820556640625,1636600,0.0,0.0
2021-05-27 00:00:00+09:00,2098.583170721285,2129.64453125,2093.7298331386737,2129.64453125,3831400,0.0,0.0
2021-05-28 00:00:00+09:00,2145.1751808860085,2153.9111884099784,2125.7618308327415,2135.468505859375,1675200,0.0,0.0
2021-05-31 00:00:00+09:00,2132.556398862368,2153.9110828746448,2086.935028472504,2092.759033203125,1048300,0.0,0.0
2021-06-01 00:00:00+09:00,2093.7298173253675,2108.289829963235,2051.9911144301473,2062.66845703125,1183900,0.0,0.0
2021-06-02 00:00:00+09:00,2052.961866034836,2134.497940146858,2030.6365124089255,2131.5859375,2391900,0.0,0.0
2021-06-03 00:00:00+09:00,2228.652213315807,2245.1535581008106,2198.5615257666823,2238.35888671875,3242100,0.0,0.0
2021-06-04 00:00:00+09:00,2209.2392369606314,2211.180571966748,2152.940521783252,2182.060546875,2092800,0.0,0.0
2021-06-07 00:00:00+09:00,2181.089706705729,2195.649718098958,2156.823021050347,2184.001708984375,1114500,0.0,0.0
2021-06-08 00:00:00+09:00,2182.0604265239876,2217.9751221562774,2177.207089276381,2205.3564453125,883200,0.0,0.0
2021-06-09 00:00:00+09:00,2238.359539395128,2247.0955480050834,2217.004851681905,2222.828857421875,1318200,0.0,0.0
2021-06-10 00:00:00+09:00,2261.6552324319687,2297.5699292559957,2249.0365551694726,2253.889892578125,2192600,0.0,0.0
2021-06-11 00:00:00+09:00,2399.4900484811233,2400.4607159764637,2277.1859440682506,2294.657958984375,2718900,0.0,0.0
2021-06-14 00:00:00+09:00,2311.1592290339704,2322.8072385881105,2254.8605161889595,2285.921875,930900,0.0,0.0
2021-06-15 00:00:00+09:00,2292.716729748965,2346.103444455228,2283.98072188794,2344.162109375,1454000,0.0,0.0
2021-06-16 00:00:00+09:00,2344.161585291852,2370.369603015612,2333.4842447377277,2343.19091796875,1282900,0.0,0.0
2021-06-17 00:00:00+09:00,2302.423157290993,2316.9831688252953,2243.2124437181637,2250.977783203125,2028800,0.0,0.0
2021-06-18 00:00:00+09:00,2250.9776638902654,2257.7723355794556,2229.6229814385247,2234.476318359375,2194700,0.0,0.0
2021-06-21 00:00:00+09:00,2202.444306211367,2218.94565182864,2178.1776214800825,2208.268310546875,1410400,0.0,0.0
2021-06-22 00:00:00+09:00,2230.5937316736545,2265.5377588017013,2215.063052950078,2250.007080078125,848000,0.0,0.0
2021-06-23 00:00:00+09:00,2274.2738737133445,2284.951215843454,2248.065852121257,2252.919189453125,1105800,0.0,0.0
2021-06-24 00:00:00+09:00,2253.88977405606,2263.5964483629336,2230.5937557195634,2237.388427734375,1133400,0.0,0.0
2021-06-25 00:00:00+09:00,2242.241663480538,2249.0363351880546,2210.2096397165305,2241.27099609375,1429400,0.0,0.0
2021-06-28 00:00:00+09:00,2217.9752308143093,2269.4206081592365,2209.239223340642,2254.860595703125,1726200,0.0,0.0
2021-06-29 00:00:00+09:00,2239.242402707004,2268.526305096372,2216.7914108751556,2256.812744140625,1362300,13.0,0.0
2021-06-30 00:00:00+09:00,2270.478657069872,2280.239958261058,2233.385712543365,2250.9560546875,1366300,0.0,0.0
2021-07-01 00:00:00+09:00,2251.9320650943873,2283.1682272456746,2235.3378539515156,2274.383056640625,1140500,0.0,0.0
2021-07-02 00:00:00+09:00,2284.1441965712916,2312.451966528799,2278.287416580083,2290.0009765625,1330400,0.0,0.0
2021-07-05 00:00:00+09:00,2297.810551207026,2321.237676622901,2289.0253791760733,2310.500244140625,861600,0.0,0.0
2021-07-06 00:00:00+09:00,2313.4286549221056,2316.357045624539,2280.240226961198,2314.40478515625,841500,0.0,0.0
2021-07-07 00:00:00+09:00,2295.8578331454487,2337.831424482717,2284.144272772258,2327.093994140625,1315400,0.0,0.0
2021-07-08 00:00:00+09:00,2374.9248273744897,2376.877087816228,2331.97509765625,2331.97509765625,1854100,0.0,0.0
2021-07-09 00:00:00+09:00,2283.1685734915227,2327.0944331781916,2258.76531811004,2293.906005859375,1884800,0.0,0.0
2021-07-12 00:00:00+09:00,2322.213412654207,2358.3302248728723,2306.595331694784,2351.497314453125,1480300,0.0,0.0
2021-07-13 00:00:00+09:00,2357.354052313443,2385.6618235420515,2351.497272059248,2377.852783203125,906100,0.0,0.0
2021-07-14 00:00:00+09:00,2366.1391947776588,2411.041176196707,2354.4256344074724,2395.423095703125,1052700,0.0,0.0
2021-07-15 00:00:00+09:00,2404.2083523559572,2405.184482421875,2332.9508575439454,2342.712158203125,1075000,0.0,0.0
2021-07-16 00:00:00+09:00,2322.2132463082075,2331.9745462086203,2306.5951664675467,2320.260986328125,1068200,0.0,0.0
2021-07-19 00:00:00+09:00,2294.881862537281,2313.4283344165697,2283.1683013503616,2311.47607421875,953300,0.0,0.0
2021-07-20 00:00:00+09:00,2294.882080078125,2299.762731035331,2256.8130026119206,2294.882080078125,1268700,0.0,0.0
2021-07-21 00:00:00+09:00,2313.4283403687396,2354.4258046284385,2306.5954296587897,2324.165771484375,920200,0.0,0.0
2021-07-26 00:00:00+09:00,2353.4498137154046,2360.2827248294684,2328.070429577453,2338.807861328125,808600,0.0,0.0
2021-07-27 00:00:00+09:00,2352.473832294501,2356.3783531779773,2329.0467069936426,2331.97509765625,786100,0.0,0.0
2021-07-28 00:00:00+09:00,2325.1417623279667,2330.99854258572,2302.690771339913,2309.523681640625,777200,0.0,0.0
2021-07-29 00:00:00+09:00,2295.8580610795457,2296.8341912075557,2245.099294423025,2254.860595703125,1710700,0.0,0.0
2021-07-30 00:00:00+09:00,2230.4576316028115,2232.409892111873,2186.531770148927,2228.50537109375,1617100,0.0,0.0
2021-08-02 00:00:00+09:00,2261.6934332910364,2311.476068205945,2251.932132327329,2298.786376953125,1343600,0.0,0.0
2021-08-03 00:00:00+09:00,2271.454811662946,2271.454811662946,2200.1973121995193,2220.696044921875,1855000,0.0,0.0
2021-08-04 00:00:00+09:00,2228.5049800423035,2235.337890625,2218.7436792098797,2235.337890625,835700,0.0,0.0
2021-08-05 00:00:00+09:00,2228.5053193321114,2266.5743983745783,2228.5053193321114,2242.171142578125,590800,0.0,0.0
2021-08-06 00:00:00+09:00,2224.600662218072,2237.2903544553847,2204.1019286039523,2227.529052734375,859000,0.0,0.0
2021-08-10 00:00:00+09:00,2234.361648959015,2254.86037968341,2208.0061380276506,2237.2900390625,1372500,0.0,0.0
2021-08-11 00:00:00+09:00,2229.481216088599,2236.3141269960506,2200.1973121995193,2220.696044921875,1722000,0.0,0.0
2021-08-12 00:00:00+09:00,2234.361795785182,2237.2901860810994,2210.9346734178407,2230.457275390625,1130300,0.0,0.0
2021-08-13 00:00:00+09:00,2236.3140533447267,2279.263777634193,2233.3856630522628,2264.621826171875,927900,0.0,0.0
2021-08-16 00:00:00+09:00,2245.099585420773,2249.980236693427,2222.6485895665655,2228.50537109375,1122800,0.0,0.0
2021-08-17 00:00:00+09:00,2237.290396235225,2254.8607396611565,2184.579365957432,2188.48388671875,2086400,0.0,0.0
2021-08-18 00:00:00+09:00,2042.06453280657,2074.2768318422377,2012.7806245923268,2057.6826171875,7112700,0.0,0.0
2021-08-19 00:00:00+09:00,2034.2551416603917,2036.2074018731175,1993.2576771931476,2025.469970703125,3018900,0.0,0.0
2021-08-20 00:00:00+09:00,2067.44360912937,2097.7036430684684,2051.825527096287,2080.13330078125,2468300,0.0,0.0
2021-08-23 00:00:00+09:00,2084.037923063582,2121.1308697035897,2081.1095325393712,2099.656005859375,2240700,0.0,0.0
2021-08-24 00:00:00+09:00,2101.608240898545,2131.8682759509625,2099.6559805725824,2129.916015625,2343000,0.0,0.0
2021-08-25 00:00:00+09:00,2111.369314658055,2145.5338666751754,2103.5602741969988,2121.130615234375,1516000,0.0,0.0
2021-08-26 00:00:00+09:00,2073.300421083266,2115.2740171786427,2068.4197703745012,2109.417236328125,1666800,0.0,0.0
2021-08-27 00:00:00+09:00,2104.5365331709863,2107.464923523265,2050.849376712543,2076.228759765625,1840500,0.0,0.0
2021-08-30 00:00:00+09:00,2069.3958637644596,2077.204904759797,2041.0880901563607,2067.443603515625,1515900,0.0,0.0
2021-08-31 00:00:00+09:00,2068.419809817131,2068.419809817131,2035.2313843646616,2046.9449462890625,2059300,0.0,0.0
2021-09-01 00:00:00+09:00,2060.6107037672355,2107.4649499921657,2058.6584435078635,2092.822998046875,1485000,0.0,0.0
2021-09-02 00:00:00+09:00,2085.0141041764155,2105.512838346689,2070.3721511976482,2085.990234375,1471800,0.0,0.0
2021-09-03 00:00:00+09:00,2056.7062382201866,2121.1308285014074,2056.7062382201866,2091.846923828125,2139200,0.0,0.0
2021-09-06 00:00:00+09:00,2070.3719790610676,2080.13328023533,2042.0642056557065,2076.228759765625,2362800,0.0,0.0
2021-09-07 00:00:00+09:00,2019.613162096809,2127.963602402631,2016.6847718182732,2124.05908203125,4112700,0.0,0.0
2021-09-08 00:00:00+09:00,2147.4861895737986,2168.961051469537,2119.1784170748715,2132.84423828125,2843200,0.0,0.0
2021-09-09 00:00:00+09:00,2104.5365843513373,2120.154666609974,2061.5868581400855,2062.56298828125,2687100,0.0,0.0
2021-09-10 00:00:00+09:00,2047.9209919867114,2088.91845703125,2046.9448618666033,2088.91845703125,3144400,0.0,0.0
2021-09-13 00:00:00+09:00,2083.0616265795466,2103.560358612429,2069.395805224292,2102.584228515625,1973100,0.0,0.0
2021-09-14 00:00:00+09:00,2093.7992095947266,2135.7728068033853,2085.0140380859375,2108.441162109375,1762700,0.0,0.0
2021-09-15 00:00:00+09:00,2040.1119463597724,2044.0164668312743,1994.2338308196245,1995.2099609375,4462300,0.0,0.0
2021-09-16 00:00:00+09:00,1962.021611080894,1971.78291262856,1914.19123349733,1927.8570556640625,4568700,0.0,0.0
2021-09-17 00:00:00+09:00,1920.0478319419008,1976.663375537544,1914.1910515699376,1973.7349853515625,7683400,0.0,0.0
2021-09-21 00:00:00+09:00,1950.3079799759055,1995.2099655008763,1934.6898980541764,1984.4725341796875,2217700,0.0,0.0
2021-09-22 00:00:00+09:00,1964.9500171757225,1973.735188638505,1936.6422424623115,1942.4990234375,2856500,0.0,0.0
2021-09-24 00:00:00+09:00,1926.8808401522926,1956.1647434980723,1923.9524498177148,1946.4034423828125,2260100,0.0,0.0
2021-09-27 00:00:00+09:00,1965.9259677496188,2004.97117068407,1951.2840166491997,2001.066650390625,2340900,0.0,0.0
2021-09-28 00:00:00+09:00,2001.0667009700182,2090.8706699891604,1999.11444077395,2068.419677734375,5737600,0.0,0.0
2021-09-29 00:00:00+09:00,2076.228272155091,2133.819935557606,1985.4481925545158,2131.86767578125,6938100,0.0,0.0
2021-09-30 00:00:00+09:00,2178.722485204109,2266.574198317178,2164.0805330185976,2262.669677734375,7267000,0.0,0.0
2021-10-01 00:00:00+09:00,2257.789012035178,2286.0967860728,2240.2186695290675,2271.454833984375,4584700,0.0,0.0
2021-10-04 00:00:00+09:00,2308.5479306644643,2438.373247695489,2305.619540054742,2371.020263671875,5661000,0.0,0.0
2021-10-05 00:00:00+09:00,2325.142033905529,2352.473678300724,2306.595560923075,2326.1181640625,3330400,0.0,0.0
2021-10-06 00:00:00+09:00,2259.741283048734,2318.309091680667,2251.93224189781,2296.834228515625,3075000,0.0,0.0
2021-10-07 00:00:00+09:00,2299.762855619242,2347.5932375909497,2290.0015531760364,2330.9990234375,2830800,0.0,0.0
2021-10-08 00:00:00+09:00,2366.13950578438,2379.8053280125077,2309.5239565535658,2338.807861328125,1675700,0.0,0.0
2021-10-11 00:00:00+09:00,2342.7127067829847,2437.397345348797,2338.808185605013,2426.659912109375,2139900,0.0,0.0
2021-10-12 00:00:00+09:00,2404.2085626240328,2448.134419432024,2380.7814389931045,2428.61181640625,2977800,0.0,0.0
2021-10-13 00:00:00+09:00,2379.804973855993,2444.229554772521,2370.043673717125,2421.778564453125,2611800,0.0,0.0
2021-10-14 00:00:00+09:00,2416.8982099589957,2491.084100086978,2396.3994771604744,2454.96728515625,1721800,0.0,0.0
2021-10-15 00:00:00+09:00,2485.2272270350927,2489.131747423208,2452.0388037361167,2460.823974609375,2328100,0.0,0.0
2021-10-18 00:00:00+09:00,2465.70478808009,2474.489959534057,2430.5641022642217,2445.2060546875,1291100,0.0,0.0
2021-10-19 00:00:00+09:00,2480.346735628383,2500.845468980684,2468.633173712783,2479.37060546875,1162900,0.0,0.0
2021-10-20 00:00:00+09:00,2462.7766233350408,2463.7527535860654,2409.0894595286886,2441.3017578125,2052400,0.0,0.0
2021-10-21 00:00:00+09:00,2402.25621863639,2412.0175198092315,2336.8555007783493,2366.139404296875,2657400,0.0,0.0
2021-10-22 00:00:00+09:00,2362.2349803803736,2406.160837453562,2337.831726450824,2372.972412109375,1560500,0.0,0.0
2021-10-25 00:00:00+09:00,2351.497718003217,2353.44997845818,2310.5002484489887,2323.18994140625,1987900,0.0,0.0
2021-10-26 00:00:00+09:00,2364.1873176619474,2369.0679686067488,2313.4285478360093,2329.046630859375,1222500,0.0,0.0
2021-10-27 00:00:00+09:00,2309.5235235603277,2360.2822823198953,2305.619003655746,2359.30615234375,1011000,0.0,0.0
2021-10-28 00:00:00+09:00,2364.187356834818,2390.542872373439,2355.4021849886108,2383.7099609375,1127000,0.0,0.0
2021-10-29 00:00:00+09:00,2371.0202289846698,2371.0202289846698,2327.094370481454,2329.046630859375,1710100,0.0,0.0
2021-11-01 00:00:00+09:00,2362.2348602978614,2401.280064600305,2336.8554775012726,2396.3994140625,1557200,0.0,0.0
2021-11-02 00:00:00+09:00,2409.0893711557037,2432.516496320913,2375.9009438383237,2400.30419921875,882900,0.0,0.0
2021-11-04 00:00:00+09:00,2402.2562095161743,2408.112990197644,2362.2348748594645,2387.6142578125,984300,0.0,0.0
2021-11-05 00:00:00+09:00,2380.7813560561376,2396.3994379326846,2338.8077610129176,2366.139404296875,1587900,0.0,0.0
2021-11-08 00:00:00+09:00,2385.662341638513,2385.662341638513,2330.9990473947505,2347.59326171875,1321700,0.0,0.0
2021-11-09 00:00:00+09:00,2331.975001106935,2345.6408236333045,2309.52400695647,2325.14208984375,2020400,0.0,0.0
2021-11-10 00:00:00+09:00,2349.5453696527197,2390.5428376732493,2341.736328125,2341.736328125,1709800,0.0,0.0
2021-11-11 00:00:00+09:00,2110.3931638824056,2146.5099756602262,2083.0615225370275,2117.22607421875,6287700,0.0,0.0
2021-11-12 00:00:00+09:00,2127.9633872342065,2214.8389567130343,2124.05886725763,2174.817626953125,4911000,0.0,0.0
2021-11-15 00:00:00+09:00,2158.2234793526786,2174.8176897321428,2142.605398995536,2152.36669921875,2533900,0.0,0.0
2021-11-16 00:00:00+09:00,2173.8418932688223,2237.2903544553847,2161.1522010315102,2227.529052734375,2139100,0.0,0.0
2021-11-17 00:00:00+09:00,2198.245044408452,2211.910866176533,2135.772716325796,2161.152099609375,2315800,0.0,0.0
2021-11-18 00:00:00+09:00,2129.9159854403406,2163.1044105113633,2119.1785537997157,2147.486328125,2439500,0.0,0.0
2021-11-19 00:00:00+09:00,2124.0588318926298,2146.509821384142,2101.6078424011175,2145.53369140625,2079300,0.0,0.0
2021-11-22 00:00:00+09:00,2126.987498842197,2146.51010094263,2121.1307182120668,2140.6533203125,1341700,0.0,0.0
2021-11-24 00:00:00+09:00,2131.867954767095,2152.366685101394,2120.154394576067,2126.9873046875,2448500,0.0,0.0
2021-11-25 00:00:00+09:00,2090.870672712857,2104.536494103137,2033.2789968538193,2034.255126953125,1825100,0.0,0.0
2021-11-26 00:00:00+09:00,2001.066802618072,2018.6371452752062,1946.4035143514318,1983.4964599609375,2282300,0.0,0.0
2021-11-29 00:00:00+09:00,1957.140684228295,1975.687154552653,1942.498733972223,1945.4271240234375,2284800,0.0,0.0
2021-11-30 00:00:00+09:00,1963.9737281484051,1970.8066387334145,1887.8355816297294,1889.787841796875,3576000,0.0,0.0
2021-12-01 00:00:00+09:00,1850.7427467192472,1854.647267281946,1793.1510684194393,1840.9814453125,3454000,0.0,0.0
2021-12-02 00:00:00+09:00,1818.530466053641,1824.3872469427026,1750.201355681255,1785.342041015625,3768700,0.0,0.0
2021-12-03 00:00:00+09:00,1764.843229446534,1825.3632959430413,1754.105798293928,1816.578125,3404200,0.0,0.0
2021-12-06 00:00:00+09:00,1810.7213031338538,1846.8381161882758,1790.222571400263,1808.76904296875,2167900,0.0,0.0
2021-12-07 00:00:00+09:00,1837.076786206407,1848.7903470111237,1811.697404462854,1826.33935546875,2204700,0.0,0.0
2021-12-08 00:00:00+09:00,1801.9361925679405,1817.5542744103493,1784.3658504952302,1797.0555419921875,2437800,0.0,0.0
2021-12-09 00:00:00+09:00,1804.8647414396532,1807.7931320423136,1772.6524448103896,1792.175048828125,2136900,0.0,0.0
2021-12-10 00:00:00+09:00,1772.6523687047486,1773.6284988637271,1718.9652099609375,1718.9652099609375,2736700,0.0,0.0
2021-12-13 00:00:00+09:00,1717.0128090179478,1720.9173293340773,1678.9437359356853,1680.89599609375,3217900,0.0,0.0
2021-12-14 00:00:00+09:00,1680.8961694857853,1692.6097316424807,1636.9703113981777,1643.80322265625,3863400,0.0,0.0
2021-12-15 00:00:00+09:00,1638.9225310915124,1662.3496548236128,1626.2328390699581,1635.994140625,2300500,0.0,0.0
2021-12-16 00:00:00+09:00,1659.4211277817235,1664.301778157552,1599.8771931966146,1610.6146240234375,1860200,0.0,0.0
2021-12-17 00:00:00+09:00,1601.8294762180792,1617.4475576437278,1569.617183277679,1580.3546142578125,3871200,0.0,0.0
2021-12-20 00:00:00+09:00,1581.3308613208283,1593.044423256538,1557.9037374494085,1567.6650390625,2281200,0.0,0.0
2021-12-21 00:00:00+09:00,1595.9728039609895,1649.6599625040196,1587.1876325630392,1612.5670166015625,2551600,0.0,0.0
2021-12-22 00:00:00+09:00,1612.56686735474,1618.4236477446482,1587.1874856651375,1595.97265625,2129200,0.0,0.0
2021-12-23 00:00:00+09:00,1625.2565728782288,1635.9940036900368,1579.3784594095941,1587.1875,1528700,0.0,0.0
2021-12-24 00:00:00+09:00,1587.187642288683,1593.044423256538,1563.7605184172635,1567.6650390625,1173500,0.0,0.0
2021-12-27 00:00:00+09:00,1560.8321277796845,1562.7843881021106,1523.739181653588,1544.2379150390625,1602300,0.0,0.0
2021-12-28 00:00:00+09:00,1517.8824057265135,1556.9276123046875,1514.9540152331504,1556.9276123046875,2104700,0.0,0.0
2021-12-29 00:00:00+09:00,1550.0817989349364,1577.4649474334717,1542.2580422210692,1564.7513427734375,1507300,3.0,0.0
2021-12-30 00:00:00+09:00,1547.147871838325,1564.7513242359798,1535.412236906555,1552.0377197265625,1278300,0.0,0.0
2022-01-04 00:00:00+09:00,1575.5090057037687,1604.8480933332617,1566.707279414921,1601.9141845703125,2409800,0.0,0.0
2022-01-05 00:00:00+09:00,1609.737877754626,1614.6277254999316,1560.8394003015694,1565.729248046875,2484400,0.0,0.0
2022-01-06 00:00:00+09:00,1563.7733878049203,1597.0243541497405,1538.3461782471168,1542.258056640625,1899100,0.0,0.0
2022-01-07 00:00:00+09:00,1545.1918625179026,1555.9495273835337,1523.6765327866408,1536.39013671875,1661300,0.0,0.0
2022-01-11 00:00:00+09:00,1525.6324785786292,1537.3681130292339,1497.2713619896674,1515.852783203125,2500300,0.0,0.0
2022-01-12 00:00:00+09:00,1554.9716080507037,1591.156481948739,1545.191912402586,1576.4869384765625,2887800,0.0,0.0
2022-01-13 00:00:00+09:00,1542.2579996431189,1573.553025634609,1518.7867301495014,1522.6986083984375,1978700,0.0,0.0
2022-01-14 00:00:00+09:00,1500.2052060850235,1510.9628705354378,1464.0203347518125,1479.6678466796875,2508900,0.0,0.0
2022-01-17 00:00:00+09:00,1500.2052515807986,1512.9188554077546,1489.4475868041436,1503.13916015625,1117800,0.0,0.0
2022-01-18 00:00:00+09:00,1508.0289754018734,1509.9849144101768,1482.60176829393,1494.33740234375,1201000,0.0,0.0
2022-01-19 00:00:00+09:00,1500.205357917385,1509.0070842676175,1444.46109103258,1453.2628173828125,2354900,0.0,0.0
2022-01-20 00:00:00+09:00,1447.3950063700304,1475.7561247380918,1440.5492191777398,1451.306884765625,2169800,0.0,0.0
2022-01-21 00:00:00+09:00,1443.482956766376,1487.4915834970582,1442.5049872834718,1485.53564453125,2150700,0.0,0.0
2022-01-24 00:00:00+09:00,1485.5356452455758,1513.8967602634307,1477.7118893785812,1504.1170654296875,1523900,0.0,0.0
2022-01-25 00:00:00+09:00,1518.7866725586573,1526.610428759861,1493.3594649047454,1503.13916015625,1531900,0.0,0.0
2022-01-26 00:00:00+09:00,1506.0730687317014,1522.6985506592591,1499.2272820556482,1503.13916015625,1029500,0.0,0.0
2022-01-27 00:00:00+09:00,1483.579868111559,1490.4256552419356,1439.5712365591398,1455.21875,2151800,0.0,0.0
2022-01-28 00:00:00+09:00,1482.6017746431642,1503.1391343183004,1467.932232018067,1492.3814697265625,1656600,0.0,0.0
2022-01-31 00:00:00+09:00,1485.5358098760025,1519.7647455874312,1482.6019011007372,1509.007080078125,1859500,0.0,0.0
2022-02-01 00:00:00+09:00,1519.7645894569926,1530.5222538611283,1478.6898708230199,1481.623779296875,1364500,0.0,0.0
2022-02-02 00:00:00+09:00,1506.0732022481357,1593.1124977027357,1502.161323800738,1590.1785888671875,3000900,0.0,0.0
2022-02-03 00:00:00+09:00,1560.8394254395744,1613.6497819394094,1552.0376993562684,1576.4869384765625,2430500,0.0,0.0
2022-02-04 00:00:00+09:00,1578.4429953835229,1626.3635076349433,1569.641268643466,1613.64990234375,2626700,0.0,0.0
2022-02-07 00:00:00+09:00,1610.715775555835,1630.275165665803,1598.9801414898545,1624.4073486328125,2142900,0.0,0.0
2022-02-08 00:00:00+09:00,1624.407284439399,1637.120887508461,1608.759772969784,1625.38525390625,2093000,0.0,0.0
2022-02-09 00:00:00+09:00,1640.054771843431,1664.5040081559448,1626.3631995084231,1651.7904052734375,2275200,0.0,0.0
2022-02-10 00:00:00+09:00,1668.415912511489,1684.0634240004595,1650.812462086397,1662.548095703125,2991400,0.0,0.0
2022-02-14 00:00:00+09:00,1858.1422159494448,1909.9746040785608,1825.869219567165,1893.34912109375,6967900,0.0,0.0
2022-02-15 00:00:00+09:00,1859.1202260575583,1889.4372839259352,1798.4861103208048,1863.0321044921875,4136200,0.0,0.0
2022-02-16 00:00:00+09:00,1877.7015893135726,1922.6881898908769,1859.1201673359903,1880.635498046875,2728300,0.0,0.0
2022-02-17 00:00:00+09:00,1868.899851097251,1877.7015772405662,1846.4065509532234,1865.9659423828125,3363900,0.0,0.0
2022-02-18 00:00:00+09:00,1826.847110170059,1835.6488360755893,1766.2129983764062,1825.869140625,4002700,0.0,0.0
2022-02-21 00:00:00+09:00,1808.2657202616938,1848.3624723064365,1794.5741463927573,1834.6708984375,2124500,0.0,0.0
2022-02-22 00:00:00+09:00,1795.5519892153532,1814.1334095830503,1775.9925993546196,1799.4638671875,2388700,0.0,0.0
2022-02-24 00:00:00+09:00,1832.7149463410074,1850.3183983336103,1806.3097683521028,1838.582763671875,2429500,0.0,0.0
2022-02-25 00:00:00+09:00,1838.582880958971,1859.1202429271295,1820.9794278434063,1821.9573974609375,2292700,0.0,0.0
2022-02-28 00:00:00+09:00,1852.2743374438996,1861.076063440201,1827.8250985652842,1838.582763671875,1677900,0.0,0.0
2022-03-01 00:00:00+09:00,1866.9439006141818,1867.9218701797208,1832.7149658203125,1832.7149658203125,1521000,0.0,0.0
2022-03-02 00:00:00+09:00,1839.5606430951289,1846.406429645722,1815.1114054144387,1828.802978515625,1750400,0.0,0.0
2022-03-03 00:00:00+09:00,1856.1862924448917,1862.0541100184794,1835.6489309373349,1852.2744140625,1558800,0.0,0.0
2022-03-04 00:00:00+09:00,1846.406629428742,1848.3625686548316,1824.8912979417544,1842.4947509765625,1671000,0.0,0.0
2022-03-07 00:00:00+09:00,1823.9131630518104,1841.5166144914524,1807.2876811365927,1819.0233154296875,2414300,0.0,0.0
2022-03-08 00:00:00+09:00,1813.1556345317179,1825.869239304594,1795.5521817692738,1796.5301513671875,3308700,0.0,0.0
2022-03-09 00:00:00+09:00,1779.9045550466954,1784.794402725395,1701.6669921875,1701.6669921875,3408900,0.0,0.0
2022-03-10 00:00:00+09:00,1763.279091108965,1803.3758424874827,1746.6536088300675,1770.1248779296875,3055800,0.0,0.0
2022-03-11 00:00:00+09:00,1770.124878406791,1775.0147261371965,1727.0942183792226,1751.54345703125,2381100,0.0,0.0
2022-03-14 00:00:00+09:00,1731.0061536516462,1777.9486934116908,1720.2484882899691,1752.521484375,1608500,0.0,0.0
2022-03-15 00:00:00+09:00,1724.1603601768265,1773.0588389112797,1717.314573154003,1754.4774169921875,1917100,0.0,0.0
2022-03-16 00:00:00+09:00,1763.2791540367077,1811.1996634919483,1761.3232148752693,1787.7283935546875,2024100,0.0,0.0
2022-03-17 00:00:00+09:00,1798.4861002875887,1805.3318875099992,1748.6096505243113,1757.411376953125,2072900,0.0,0.0
2022-03-18 00:00:00+09:00,1777.9484737325054,1798.4858323399767,1757.4111151250343,1781.8603515625,2420200,0.0,0.0
2022-03-22 00:00:00+09:00,1789.6843057719843,1840.5387232037567,1786.7503970739976,1814.133544921875,2539200,0.0,0.0
2022-03-23 00:00:00+09:00,1829.7810800029658,1880.635498046875,1829.7810800029658,1880.635498046875,1691400,0.0,0.0
2022-03-24 00:00:00+09:00,1858.1422762597092,1883.5694863558947,1821.957400353599,1857.164306640625,1847100,0.0,0.0
2022-03-25 00:00:00+09:00,1880.6355164583065,1893.34912109375,1846.406580901343,1893.34912109375,1955400,0.0,0.0
2022-03-28 00:00:00+09:00,1886.5033962284897,1930.5120291109583,1874.7677607931646,1910.95263671875,2347200,0.0,0.0
2022-03-29 00:00:00+09:00,1950.0715197619493,1960.8291861197133,1917.7985206886574,1953.9833984375,3014900,0.0,0.0
2022-03-30 00:00:00+09:00,1934.4237578194682,1979.4103568385256,1913.8863973977247,1918.7762451171875,2609800,0.0,0.0
2022-03-31 00:00:00+09:00,1915.8425735504711,1938.3358758433046,1909.974755561036,1920.732421875,1937600,0.0,0.0
2022-04-01 00:00:00+09:00,1893.3491223673057,1902.1508486593025,1852.274399671321,1874.7677001953125,2264000,0.0,0.0
2022-04-04 00:00:00+09:00,1874.767559016156,1900.1947663893538,1854.230199214727,1899.216796875,1405500,0.0,0.0
2022-04-05 00:00:00+09:00,1915.8422595878876,1933.4457106713903,1902.150686522941,1923.666015625,1938800,0.0,0.0
2022-04-06 00:00:00+09:00,1917.7982241916316,1947.1373097223552,1896.2828948024342,1915.84228515625,1945800,0.0,0.0
2022-04-07 00:00:00+09:00,1901.172840314136,1917.7983229712042,1864.0099967277486,1867.921875,1642600,0.0,0.0
2022-04-08 00:00:00+09:00,1891.393219826581,1905.0847943237743,1869.8778884738483,1900.1949462890625,1537900,0.0,0.0
2022-04-11 00:00:00+09:00,1897.2609886386042,1908.0186540381014,1858.1422053677052,1860.09814453125,1269800,0.0,0.0
2022-04-12 00:00:00+09:00,1879.6575468709648,1915.8424216026117,1878.6795772836228,1893.34912109375,1851400,0.0,0.0
2022-04-13 00:00:00+09:00,1864.0100399360538,1892.371158067295,1831.7370434418829,1891.3931884765625,2393500,0.0,0.0
2022-04-14 00:00:00+09:00,1880.635407823712,1908.9965242183496,1859.1200781450218,1908.0185546875,1232900,0.0,0.0
2022-04-15 00:00:00+09:00,1899.216777699684,1910.9524117534409,1872.8116010787305,1905.0845947265625,1190500,0.0,0.0
2022-04-18 00:00:00+09:00,1893.3492389020976,1894.3272085502908,1847.3846654370157,1876.7237548828125,1089800,0.0,0.0
2022-04-19 00:00:00+09:00,1881.613455526484,1886.5033033838813,1857.1642162394974,1865.9659423828125,1622800,0.0,0.0
2022-04-20 00:00:00+09:00,1889.4371732805103,1910.9525034110336,1853.2522998791756,1859.1201171875,3069800,0.0,0.0
2022-04-21 00:00:00+09:00,1854.2302303101205,1932.4677927704631,1854.2302303101205,1926.5999755859375,2357900,0.0,0.0
2022-04-22 00:00:00+09:00,1890.4150970060582,1893.3490055890993,1864.0099197586896,1872.8116455078125,1260600,0.0,0.0
2022-04-25 00:00:00+09:00,1833.693033960241,1884.5474541020717,1832.715064342129,1875.7457275390625,1590800,0.0,0.0
2022-04-26 00:00:00+09:00,1869.8777996125768,1920.732216756852,1864.009982249776,1908.99658203125,1926200,0.0,0.0
2022-04-27 00:00:00+09:00,1876.723657009334,1979.4104647143783,1870.8558394261886,1978.4324951171875,4302300,0.0,0.0
2022-04-28 00:00:00+09:00,1955.9391122265042,1977.4544424609958,1950.0712948898247,1966.69677734375,2277500,0.0,0.0
2022-05-02 00:00:00+09:00,1960.8290488928749,1982.344380102672,1929.5340216786244,1976.4765625,1742700,0.0,0.0
2022-05-06 00:00:00+09:00,2053.7363146647754,2057.648193359375,1976.4767104464338,2057.648193359375,3734700,0.0,0.0
2022-05-09 00:00:00+09:00,2044.9343553665685,2045.912324929154,1960.8289729842036,1962.784912109375,2971400,0.0,0.0
2022-05-10 00:00:00+09:00,1918.776237922234,1970.6086235541802,1912.9084206808816,1957.89501953125,4061700,0.0,0.0
2022-05-11 00:00:00+09:00,1946.1593402046644,1990.1679685007498,1833.692845670224,1915.84228515625,4562100,0.0,0.0
2022-05-12 00:00:00+09:00,1906.0627323375493,1948.1154247390448,1882.5914621599704,1891.3931884765625,2687500,0.0,0.0
2022-05-13 00:00:00+09:00,1915.842369715044,1915.842369715044,1867.9218612331465,1890.4151611328125,2255200,0.0,0.0
2022-05-16 00:00:00+09:00,1894.3269429147979,1925.6219672685788,1879.657400248963,1901.1727294921875,1698700,0.0,0.0
2022-05-17 00:00:00+09:00,1896.2829792656496,1897.2609488269006,1864.9879533056182,1871.833740234375,1243500,0.0,0.0
2022-05-18 00:00:00+09:00,1862.0540706158183,1872.8117359397543,1841.5167095428499,1864.010009765625,1449500,0.0,0.0
2022-05-19 00:00:00+09:00,1806.3097566581882,1829.7810258297077,1793.5961525236153,1805.331787109375,2566400,0.0,0.0
2022-05-20 00:00:00+09:00,1801.4198116048178,1809.2435675726997,1741.7636723497178,1760.3450927734375,2641400,0.0,0.0
2022-05-23 00:00:00+09:00,1751.5434646301444,1759.3672210327359,1691.8873220603853,1712.4246826171875,3428100,0.0,0.0
2022-05-24 00:00:00+09:00,1698.733265308553,1717.3146884754283,1684.063720703125,1684.063720703125,2446900,0.0,0.0
2022-05-25 00:00:00+09:00,1681.1296002371653,1745.6755883789062,1674.2838136160715,1711.4466552734375,3144400,0.0,0.0
2022-05-26 00:00:00+09:00,1707.5349287241195,1754.4774697199716,1704.6010199118787,1738.8299560546875,2960500,0.0,0.0
2022-05-27 00:00:00+09:00,1789.6842052318432,1907.0405465585213,1774.0366930549528,1901.1727294921875,6878900,0.0,0.0
2022-05-30 00:00:00+09:00,1920.7321584014117,1976.4764216544058,1908.018554501606,1926.5999755859375,4268300,0.0,0.0
2022-05-31 00:00:00+09:00,1934.4237509307632,1949.0932940369114,1903.1287256376468,1939.3135986328125,4113600,0.0,0.0
2022-06-01 00:00:00+09:00,1940.2916937530956,1975.4985994865187,1923.6662104900902,1974.5206298828125,1789600,0.0,0.0
2022-06-02 00:00:00+09:00,1955.9390673225307,1983.3222142650461,1934.423737581983,1980.3883056640625,1571000,0.0,0.0
2022-06-03 00:00:00+09:00,1980.3883380747905,1985.2781858231233,1950.071282035127,1970.608642578125,1761800,0.0,0.0
2022-06-06 00:00:00+09:00,1981.3663370553145,2038.0885717785168,1978.432428362735,2035.1546630859375,1797400,0.0,0.0
2022-06-07 00:00:00+09:00,2041.0225764046793,2059.603998997726,2021.463184201472,2042.978515625,1644900,0.0,0.0
2022-06-08 00:00:00+09:00,2059.603956653226,2119.2601016465055,2053.7361391129034,2091.876953125,3399800,0.0,0.0
2022-06-09 00:00:00+09:00,2073.295551974929,2090.899004774716,2040.0445855753312,2067.427734375,2506400,0.0,0.0
2022-06-10 00:00:00+09:00,2038.0886189937592,2042.000497341156,2000.925774693489,2002.8817138671875,2960900,0.0,0.0
2022-06-13 00:00:00+09:00,1934.4237320204381,1959.850939822527,1903.128707033252,1908.0185546875,2734200,0.0,0.0
2022-06-14 00:00:00+09:00,1914.8644001541888,1929.5339435670146,1876.723587280842,1890.4151611328125,1787300,0.0,0.0
2022-06-15 00:00:00+09:00,1864.9879924401125,1884.547384075562,1852.2743878770702,1860.09814453125,2035600,0.0,0.0
2022-06-16 00:00:00+09:00,1875.745716393222,1888.4593213531343,1788.7064208984375,1788.7064208984375,2409900,0.0,0.0
2022-06-17 00:00:00+09:00,1772.080864441338,1860.0981259202124,1764.257107865438,1847.384521484375,3993900,0.0,0.0
2022-06-20 00:00:00+09:00,1864.988059922722,1906.0627838434111,1855.2083637511294,1894.3271484375,2657500,0.0,0.0
2022-06-21 00:00:00+09:00,1908.99644778481,1948.1152274525316,1902.1506613429588,1931.48974609375,1799000,0.0,0.0
2022-06-22 00:00:00+09:00,1970.6085464161217,1995.057783964709,1934.4236748442129,1981.3662109375,1847500,0.0,0.0
2022-06-23 00:00:00+09:00,1961.807047764344,2004.8377108259747,1959.8511085342698,2003.8597412109375,1883700,0.0,0.0
2022-06-24 00:00:00+09:00,2017.5511539168638,2042.978361867343,2004.8375499416243,2015.59521484375,2071400,0.0,0.0
2022-06-27 00:00:00+09:00,2019.5072449811512,2048.846333285962,1997.0139439474628,2042.978515625,1556700,0.0,0.0
2022-06-28 00:00:00+09:00,2040.044458746234,2069.383544921875,2019.5070984232852,2069.383544921875,1732400,0.0,0.0
2022-06-29 00:00:00+09:00,2094.9800606617646,2124.514553998162,2075.2903984375,2092.026611328125,3474900,14.0,0.0
2022-06-30 00:00:00+09:00,2095.964612690351,2172.7542978899032,2091.0421969724307,2131.406005859375,4143700,0.0,0.0
2022-07-01 00:00:00+09:00,2164.8785426339027,2186.5371728921773,2117.623349343122,2130.421630859375,1755000,0.0,0.0
2022-07-04 00:00:00+09:00,2142.235267857143,2143.2197509765624,2100.886976841518,2136.328369140625,1436400,0.0,0.0
2022-07-05 00:00:00+09:00,2136.328369140625,2136.328369140625,2055.6007533482143,2067.41455078125,2047900,0.0,0.0
2022-07-06 00:00:00+09:00,2046.740376167661,2082.181767962772,1955.1834473636243,1962.0748291015625,3830600,0.0,0.0
2022-07-07 00:00:00+09:00,1988.6557934616994,2079.228235540153,1977.8264797349277,2059.53857421875,2489100,0.0,0.0
2022-07-08 00:00:00+09:00,2073.3211669921875,2128.4522141676684,2051.662541316106,2098.917724609375,2025900,0.0,0.0
2022-07-11 00:00:00+09:00,2108.762924194336,2148.142250509823,2085.1353284050438,2142.2353515625,1422600,0.0,0.0
2022-07-12 00:00:00+09:00,2128.4523805712092,2130.4213466956967,2066.4299476498463,2101.871337890625,1545100,0.0,0.0
2022-07-13 00:00:00+09:00,2032.9578329629944,2062.492329325653,2028.0354169025513,2037.8802490234375,1787700,0.0,0.0
2022-07-14 00:00:00+09:00,2031.9734186746987,2050.678600338855,2018.1906532379517,2042.802734375,1222500,0.0,0.0
2022-07-15 00:00:00+09:00,2032.957645074151,2057.569723101683,2004.4076345622138,2041.8179931640625,1182100,0.0,0.0
2022-07-19 00:00:00+09:00,2044.7714283712012,2049.693843942629,1991.6093401997784,2006.3765869140625,1631600,0.0,0.0
2022-07-20 00:00:00+09:00,2035.9111261432927,2051.6628563262198,2000.4697332317073,2018.1904296875,4284100,0.0,0.0
2022-07-21 00:00:00+09:00,2018.1905091537806,2093.01123046875,2011.2991269274019,2093.01123046875,2443500,0.0,0.0
2022-07-22 00:00:00+09:00,2065.4457563086853,2101.8716347564555,2051.6629914906102,2096.94921875,1412800,0.0,0.0
2022-07-25 00:00:00+09:00,2087.104386737089,2100.887151555164,2074.3061051203053,2096.94921875,784100,0.0,0.0
2022-07-26 00:00:00+09:00,2086.1197018691537,2091.0421173997556,2054.6162424733006,2065.445556640625,964300,0.0,0.0
2022-07-27 00:00:00+09:00,2055.6008517585665,2063.476717090975,2036.895671594097,2039.84912109375,808200,0.0,0.0
2022-07-28 00:00:00+09:00,2051.6628173944882,2062.4921316897567,2035.9110875104616,2058.55419921875,1006600,0.0,0.0
2022-07-29 00:00:00+09:00,2039.8490514067792,2051.6628490017993,2024.097321280086,2034.9266357421875,1209800,0.0,0.0
2022-08-01 00:00:00+09:00,2040.833434972264,2096.9489708108645,2021.1437732745094,2088.088623046875,1127400,0.0,0.0
2022-08-02 00:00:00+09:00,2096.9490513788064,2101.871466992372,2073.321456433693,2085.13525390625,1145700,0.0,0.0
2022-08-03 00:00:00+09:00,2107.77869197197,2113.6855916225218,2063.47694459283,2073.32177734375,878900,0.0,0.0
2022-08-04 00:00:00+09:00,2092.0263579178036,2092.0263579178036,2057.5694531991576,2074.3056640625,682900,0.0,0.0
2022-08-05 00:00:00+09:00,2058.5543905942495,2087.1044036632275,2051.6630081293238,2063.476806640625,1032700,0.0,0.0
2022-08-08 00:00:00+09:00,2043.7869388786764,2102.8559255514706,2040.8334895450369,2092.026611328125,1007600,0.0,0.0
2022-08-09 00:00:00+09:00,2113.685453046133,2117.623385888324,2071.3526749925772,2072.337158203125,631000,0.0,0.0
2022-08-10 00:00:00+09:00,2084.1508232149195,2094.980137837198,2060.5232276754023,2080.212890625,874600,0.0,0.0
2022-08-12 00:00:00+09:00,2069.383856427228,2128.4528532805266,2065.4459233036746,2126.48388671875,2164700,0.0,0.0
2022-08-15 00:00:00+09:00,2461.2076971618044,2564.5784204426,2363.743872354197,2370.63525390625,6597000,0.0,0.0
2022-08-16 00:00:00+09:00,2345.0387125617863,2429.7042580195166,2338.147330954762,2414.93701171875,2656100,0.0,0.0
2022-08-17 00:00:00+09:00,2432.657900186613,2505.509654380789,2417.8906527148206,2497.6337890625,3543300,0.0,0.0
2022-08-18 00:00:00+09:00,2494.6801609256154,2495.6646440199033,2414.937030288293,2459.23876953125,2168900,0.0,0.0
2022-08-19 00:00:00+09:00,2461.207735719826,2490.7422285484636,2446.440489305507,2459.23876953125,1494300,0.0,0.0
2022-08-22 00:00:00+09:00,2433.642420272919,2460.2234661254147,2422.8131052959766,2448.40966796875,1365400,0.0,0.0
2022-08-23 00:00:00+09:00,2436.5959976611703,2443.4873802808183,2401.1546013315533,2422.813232421875,2024900,0.0,0.0
2022-08-24 00:00:00+09:00,2397.216515401,2456.28550551355,2397.216515401,2446.440673828125,1766900,0.0,0.0
2022-08-25 00:00:00+09:00,2454.3166423714074,2473.0218233601986,2424.7821460733157,2427.735595703125,1045600,0.0,0.0
2022-08-26 00:00:00+09:00,2417.890646612449,2427.7354782354637,2395.247533879515,2402.138916015625,972800,0.0,0.0
2022-08-29 00:00:00+09:00,2394.2628033730975,2400.169701736683,2363.7438284945756,2393.2783203125,1097200,0.0,0.0
2022-08-30 00:00:00+09:00,2418.8747545943975,2484.835116237794,2418.8747545943975,2470.06787109375,1223400,0.0,0.0
2022-08-31 00:00:00+09:00,2439.5490836686004,2490.7422040684255,2422.812871230196,2466.130126953125,2375500,0.0,0.0
2022-09-01 00:00:00+09:00,2454.316520636205,2486.804464952689,2443.4872058640435,2471.052734375,1498800,0.0,0.0
2022-09-02 00:00:00+09:00,2478.9286305580003,2492.711394985249,2451.363101703503,2481.882080078125,2382800,0.0,0.0
2022-09-05 00:00:00+09:00,2482.8661723185446,2529.136874181737,2463.1765119512283,2514.36962890625,2077700,0.0,0.0
2022-09-06 00:00:00+09:00,2514.3700951538576,2525.199410363996,2433.6424726782834,2443.4873046875,1780000,0.0,0.0
2022-09-07 00:00:00+09:00,2446.4404690180304,2478.928410860121,2431.673222726171,2474.990478515625,1623700,0.0,0.0
2022-09-08 00:00:00+09:00,2524.2148616548893,2578.3614363003726,2487.7889841661095,2577.376953125,2608000,0.0,0.0
2022-09-09 00:00:00+09:00,2535.0438693429587,2564.5783610246244,2521.2611065581814,2546.857666015625,1894300,0.0,0.0
2022-09-12 00:00:00+09:00,2557.6872312110127,2564.57861328125,2523.230320859825,2564.57861328125,2450900,0.0,0.0
2022-09-13 00:00:00+09:00,2616.7559754672898,2635.461153621495,2584.268034462617,2633.4921875,2078500,0.0,0.0
2022-09-14 00:00:00+09:00,2601.9888880798635,2647.275111633278,2597.066472476232,2627.58544921875,2246400,0.0,0.0
2022-09-15 00:00:00+09:00,2667.9492078305534,2681.7319712658405,2629.554366832254,2641.3681640625,1952500,0.0,0.0
2022-09-16 00:00:00+09:00,2633.492365073174,2689.607903319593,2621.6785675476117,2671.88720703125,2230000,0.0,0.0
2022-09-20 00:00:00+09:00,2638.414690549489,2660.0733186062384,2616.7560624927396,2648.259521484375,1688800,0.0,0.0
2022-09-21 00:00:00+09:00,2615.771463811854,2628.5697434616673,2571.4697265625,2571.4697265625,1525700,0.0,0.0
2022-09-22 00:00:00+09:00,2530.121806885236,2571.4701010055396,2500.5873110850193,2554.73388671875,2806100,0.0,0.0
2022-09-26 00:00:00+09:00,2525.1994755185883,2605.9271000770773,2516.339126481681,2569.501220703125,2595500,0.0,0.0
2022-09-27 00:00:00+09:00,2569.500924279995,2578.3612722947537,2536.028498446463,2574.42333984375,1360900,0.0,0.0
2022-09-28 00:00:00+09:00,2541.9356928559923,2549.811558674291,2449.3942694909792,2482.86669921875,2596000,0.0,0.0
2022-09-29 00:00:00+09:00,2516.338742753316,2550.795650420126,2480.897352010312,2541.935302734375,2302300,0.0,0.0
2022-09-30 00:00:00+09:00,2521.2613386154176,2553.7492824554442,2510.432024002075,2520.27685546875,1786500,0.0,0.0
2022-10-03 00:00:00+09:00,2520.27688014101,2529.137228547756,2484.8354865140277,2513.385498046875,1586800,0.0,0.0
2022-10-04 00:00:00+09:00,2562.6097961448804,2618.725339126155,2551.7804808327046,2609.864990234375,1789600,0.0,0.0
2022-10-05 00:00:00+09:00,2643.337115499268,2678.7785069919955,2592.143994454217,2605.9267578125,2026900,0.0,0.0
2022-10-06 00:00:00+09:00,2594.113019670759,2649.244074358259,2580.330255998884,2618.72509765625,2325200,0.0,0.0
2022-10-07 00:00:00+09:00,2590.174798935496,2636.4455003988055,2582.2989348566343,2632.507568359375,1540100,0.0,0.0
2022-10-11 00:00:00+09:00,2608.8801432291666,2658.1042968750003,2573.438752604167,2584.26806640625,1817100,0.0,0.0
2022-10-12 00:00:00+09:00,2597.0663782794127,2624.631904659937,2579.3456827490754,2595.097412109375,1531600,0.0,0.0
2022-10-13 00:00:00+09:00,2592.1437856186744,2599.035166742613,2556.702396981275,2565.562744140625,1241200,0.0,0.0
2022-10-14 00:00:00+09:00,2608.8802874358807,2621.6785680912267,2592.144074271198,2602.973388671875,1322600,0.0,0.0
2022-10-17 00:00:00+09:00,2607.8958255297516,2641.3682521314927,2579.3458146047374,2587.2216796875,1491600,0.0,0.0
2022-10-18 00:00:00+09:00,2609.86460203965,2614.7870173584724,2572.4542456165996,2591.159423828125,1577000,0.0,0.0
2022-10-19 00:00:00+09:00,2591.159689620365,2609.8648697506032,2572.454509490127,2575.407958984375,1180300,0.0,0.0
2022-10-20 00:00:00+09:00,2559.656302685453,2568.516651425518,2522.245941338512,2554.73388671875,2029300,0.0,0.0
2022-10-21 00:00:00+09:00,2542.9200965501987,2543.9045797466947,2494.680419921875,2494.680419921875,1625800,0.0,0.0
2022-10-24 00:00:00+09:00,2506.4941570816636,2507.478640254123,2393.2785922488315,2395.24755859375,2634400,0.0,0.0
2022-10-25 00:00:00+09:00,2399.1855580327897,2411.9838396308305,2338.147599642132,2347.992431640625,3776600,0.0,0.0
2022-10-26 00:00:00+09:00,2381.464620233822,2408.04566394871,2336.178397608458,2365.712890625,3630200,0.0,0.0
2022-10-27 00:00:00+09:00,2375.558150344514,2377.527116900954,2334.2098526592804,2335.1943359375,1822900,0.0,0.0
2022-10-28 00:00:00+09:00,2323.380262931491,2366.6975220708914,2314.5199144711587,2324.36474609375,4896700,0.0,0.0
2022-10-31 00:00:00+09:00,2357.8368280481873,2413.952360072716,2348.9764808864197,2403.123046875,2045200,0.0,0.0
2022-11-01 00:00:00+09:00,2382.448903497542,2411.9833940367675,2355.8678620122387,2403.123046875,1245300,0.0,0.0
2022-11-02 00:00:00+09:00,2393.2785675549117,2429.704444560067,2391.3096012303085,2402.138916015625,1648700,0.0,0.0
2022-11-04 00:00:00+09:00,2374.573221674861,2403.1232313881987,2363.743907645664,2390.324951171875,1494300,0.0,0.0
2022-11-07 00:00:00+09:00,2422.812640793359,2447.4247155677735,2411.9833278926167,2432.657470703125,2075000,0.0,0.0
2022-11-08 00:00:00+09:00,2474.990747586445,2506.494209767339,2454.316600530234,2468.099365234375,3430700,0.0,0.0
2022-11-09 00:00:00+09:00,2436.595829830894,2445.4561783030063,2380.480289507516,2410.999267578125,3942200,0.0,0.0
2022-11-10 00:00:00+09:00,2385.402619802407,2402.1388329830265,2317.473283951658,2327.318115234375,2540100,0.0,0.0
2022-11-11 00:00:00+09:00,2348.9767336178193,2351.93018298951,2233.792208121891,2300.737060546875,3639500,0.0,0.0
2022-11-14 00:00:00+09:00,2317.473209916644,2336.1783887562433,2279.078369140625,2279.078369140625,1731800,0.0,0.0
2022-11-15 00:00:00+09:00,2303.6903616989716,2351.930031666172,2299.752429456751,2333.224853515625,1763400,0.0,0.0
2022-11-16 00:00:00+09:00,2339.1320435662547,2351.9303249494033,2290.892367583617,2310.58203125,1642100,0.0,0.0
2022-11-17 00:00:00+09:00,2299.7526216442952,2365.7129922137165,2299.7526216442952,2347.0078125,1809300,0.0,0.0
2022-11-18 00:00:00+09:00,2347.0076950550865,2411.9835792302692,2336.1783810258894,2390.324951171875,2221800,0.0,0.0
2022-11-21 00:00:00+09:00,2382.4492991537804,2406.076895509025,2367.682051431753,2379.495849609375,1460600,0.0,0.0
2022-11-22 00:00:00+09:00,2393.2784356011284,2418.8749964096965,2383.4336045209097,2410.0146484375,2050300,0.0,0.0
2022-11-24 00:00:00+09:00,2425.766621181837,2458.2545670012364,2397.2166081890314,2401.154541015625,1767500,0.0,0.0
2022-11-25 00:00:00+09:00,2420.84410230545,2445.4561814260833,2402.1389221737695,2419.859619140625,1129500,0.0,0.0
2022-11-28 00:00:00+09:00,2413.952436300304,2426.750715938111,2353.8989703075144,2391.309326171875,1564000,0.0,0.0
2022-11-29 00:00:00+09:00,2404.1075599353535,2465.1455078125,2383.4334162995456,2465.1455078125,1840500,0.0,0.0
2022-11-30 00:00:00+09:00,2444.4716436398908,2444.4716436398908,2347.0078125,2347.0078125,4793900,0.0,0.0
2022-12-01 00:00:00+09:00,2354.8835130328644,2363.743860698958,2333.2248854046356,2344.05419921875,2510300,0.0,0.0
2022-12-02 00:00:00+09:00,2310.581902687718,2319.4422508445946,2254.4663643608324,2258.404296875,3158100,0.0,0.0
2022-12-05 00:00:00+09:00,2258.404306973018,2299.7525985566567,2247.5749925106365,2284.9853515625,2379000,0.0,0.0
2022-12-06 00:00:00+09:00,2315.5042139453453,2362.759401985046,2302.7059338512595,2337.162841796875,2486900,0.0,0.0
2022-12-07 00:00:00+09:00,2320.426877433241,2361.7751713883517,2320.426877433241,2354.8837890625,1635000,0.0,0.0
2022-12-08 00:00:00+09:00,2351.9299446762793,2390.324782617834,2345.038563507282,2378.510986328125,1792400,0.0,0.0
2022-12-09 00:00:00+09:00,2377.5266951285626,2404.1077389250313,2370.6353134035526,2383.43359375,1618500,0.0,0.0
2022-12-12 00:00:00+09:00,2353.8991527508592,2361.7750177537896,2304.6749964825435,2309.597412109375,1390400,0.0,0.0
2022-12-13 00:00:00+09:00,2309.5974613143894,2318.457809631452,2286.954348948562,2295.814697265625,1615200,0.0,0.0
2022-12-14 00:00:00+09:00,2306.6438699290875,2354.8835411311898,2290.8921405569727,2346.023193359375,1253800,0.0,0.0
2022-12-15 00:00:00+09:00,2341.100996788376,2367.6820425887486,2333.225131366043,2352.914794921875,1392100,0.0,0.0
2022-12-16 00:00:00+09:00,2338.1473843303243,2361.7749789509257,2321.411171474065,2349.961181640625,2369800,0.0,0.0
2022-12-19 00:00:00+09:00,2330.271501366854,2340.1163323823457,2304.674940726576,2305.659423828125,1680200,0.0,0.0
2022-12-20 00:00:00+09:00,2309.5975209275707,2317.4733863015776,2213.118170095984,2230.8388671875,1919700,0.0,0.0
2022-12-21 00:00:00+09:00,2222.9629218285177,2250.5284496457,2192.4439446023507,2233.792236328125,2349500,0.0,0.0
2022-12-22 00:00:00+09:00,2219.0250938520226,2237.730274323712,2192.4440479185687,2223.947509765625,2685200,0.0,0.0
2022-12-23 00:00:00+09:00,2239.698796261658,2248.559143147968,2200.3194767669474,2210.164306640625,2797900,0.0,0.0
2022-12-26 00:00:00+09:00,2200.3201821692905,2229.854681258811,2198.3512155633225,2225.916748046875,1065200,0.0,0.0
2022-12-27 00:00:00+09:00,2252.497242647059,2425.7662613122175,2250.528276525864,2393.2783203125,5395300,0.0,0.0
2022-12-28 00:00:00+09:00,2393.278647992729,2487.7890347501548,2389.3407152111695,2485.820068359375,4093500,0.0,0.0
2022-12-29 00:00:00+09:00,2419.755022407017,2473.987510684273,2384.2573937164493,2410.880615234375,3239600,4.0,0.0
2022-12-30 00:00:00+09:00,2404.964166466285,2469.057102431971,2400.0339406227704,2418.768798828125,1401300,0.0,0.0
2023-01-04 00:00:00+09:00,2369.4665198673156,2390.1734682307006,2339.88516506248,2343.829345703125,1789500,0.0,0.0
2023-01-05 00:00:00+09:00,2309.31789832442,2326.0806670142215,2290.583039200524,2316.22021484375,1445600,0.0,0.0
2023-01-06 00:00:00+09:00,2329.038770750377,2337.9131775821943,2289.596962608965,2290.5830078125,1661000,0.0,0.0
2023-01-10 00:00:00+09:00,2324.1084432262646,2332.9828496704886,2293.5410432517147,2300.443359375,1692400,0.0,0.0
2023-01-11 00:00:00+09:00,2289.5968015455164,2319.178155570652,2255.0852218495243,2267.90380859375,2077600,0.0,0.0
2023-01-12 00:00:00+09:00,2258.043689262576,2287.625047637195,2227.476285608803,2263.9599609375,1988200,0.0,0.0
2023-01-13 00:00:00+09:00,2233.392311468112,2260.0155310750165,2225.5039501031033,2245.224853515625,1914600,0.0,0.0
2023-01-16 00:00:00+09:00,2222.5460211992786,2269.8761937891477,2209.727432789522,2262.973876953125,1605800,0.0,0.0
2023-01-17 00:00:00+09:00,2273.820257962478,2286.6388457133507,2253.113308518761,2260.015625,1752000,0.0,0.0
2023-01-18 00:00:00+09:00,2270.862108082368,2344.8154984888715,2263.9597916444277,2309.31787109375,2029400,0.0,0.0
2023-01-19 00:00:00+09:00,2312.2760960013566,2330.0249103843094,2295.513326861901,2305.373779296875,1603300,0.0,0.0
2023-01-20 00:00:00+09:00,2284.6666801896845,2333.968939149324,2284.6666801896845,2320.164306640625,1642500,0.0,0.0
2023-01-23 00:00:00+09:00,2331.9969971440073,2331.9969971440073,2277.764508838333,2286.638916015625,1385100,0.0,0.0
2023-01-24 00:00:00+09:00,2322.136395469923,2365.522383325837,2293.541085292162,2363.55029296875,1787300,0.0,0.0
2023-01-25 00:00:00+09:00,2343.8293287714455,2394.117631576386,2333.968877241065,2374.396728515625,1058700,0.0,0.0
2023-01-26 00:00:00+09:00,2445.3920246859557,2461.1687474258647,2388.201404753784,2394.11767578125,1868900,0.0,0.0
2023-01-27 00:00:00+09:00,2402.0061496715643,2406.936375758739,2363.550386191601,2378.341064453125,1319900,0.0,0.0
2023-01-30 00:00:00+09:00,2370.45253131524,2381.2990279227556,2346.787447807933,2361.578125,6195000,0.0,0.0
2023-01-31 00:00:00+09:00,2385.243415953621,2394.1178230406745,2350.7318328373017,2360.59228515625,1845400,0.0,0.0
2023-02-01 00:00:00+09:00,2369.466591528767,2399.0479472282523,2360.5921848189214,2370.45263671875,1440400,0.0,0.0
2023-02-02 00:00:00+09:00,2342.8435224433038,2355.6621107395003,2282.6947619765356,2293.541259765625,1979500,0.0,0.0
2023-02-03 00:00:00+09:00,2306.3597126898367,2333.9689781688085,2294.5271703417056,2321.150390625,1218500,0.0,0.0
2023-02-06 00:00:00+09:00,2358.6198665652655,2360.591956754701,2312.2757471135233,2339.885009765625,1271800,0.0,0.0
2023-02-07 00:00:00+09:00,2363.5502489063488,2370.452565027477,2340.8712102226414,2343.829345703125,1149500,0.0,0.0
2023-02-08 00:00:00+09:00,2368.4803850797985,2389.187332659597,2330.024625288744,2347.7734375,1949900,0.0,0.0
2023-02-09 00:00:00+09:00,2467.085091212131,2517.373396428685,2399.047972389734,2420.740966796875,4339800,0.0,0.0
2023-02-10 00:00:00+09:00,2405.9501788151524,2412.8524949019175,2372.424643536581,2393.131591796875,2217300,0.0,0.0
2023-02-13 00:00:00+09:00,2379.3273394554044,2394.118019145347,2332.9832097602516,2365.522705078125,1358900,0.0,0.0
2023-02-14 00:00:00+09:00,2375.38292880082,2381.29920010543,2342.8434366254664,2378.341064453125,1457500,0.0,0.0
2023-02-15 00:00:00+09:00,2384.2572353120486,2401.020003302249,2369.466557673636,2388.201416015625,915700,0.0,0.0
2023-02-16 00:00:00+09:00,2418.768878333809,2487.7920424118224,2415.810742730466,2482.86181640625,2204100,0.0,0.0
2023-02-17 00:00:00+09:00,2511.4570200614166,2545.9686006276315,2497.652387834931,2517.373291015625,2461800,0.0,0.0
2023-02-20 00:00:00+09:00,2513.429093493766,2591.326660534177,2513.429093493766,2547.940673828125,2760300,0.0,0.0
2023-02-21 00:00:00+09:00,2563.717630836961,2573.5780832632568,2490.7502828823704,2491.736328125,1577900,0.0,0.0
2023-02-22 00:00:00+09:00,2478.9175478586562,2482.861728523507,2434.545515379086,2443.419921875,1056100,0.0,0.0
2023-02-24 00:00:00+09:00,2438.4896789526456,2475.959395006103,2431.587362837535,2473.9873046875,1342300,0.0,0.0
2023-02-27 00:00:00+09:00,2440.461818707256,2470.0431740855256,2427.6432313766722,2469.05712890625,1155700,0.0,0.0
2023-02-28 00:00:00+09:00,2482.8617058076056,2482.8617058076056,2445.3919898343374,2455.25244140625,2194500,0.0,0.0
2023-03-01 00:00:00+09:00,2435.5318006319258,2440.4620269489947,2406.9364879929276,2424.685302734375,2007400,0.0,0.0
2023-03-02 00:00:00+09:00,2401.0200536761154,2501.5966637274355,2401.0200536761154,2488.778076171875,2228600,0.0,0.0
2023-03-03 00:00:00+09:00,2513.429054888274,2529.2057770845126,2481.875610495797,2503.568603515625,1710700,0.0,0.0
2023-03-06 00:00:00+09:00,2521.3174218449753,2574.563859381005,2515.4011510076384,2565.689453125,2038900,0.0,0.0
2023-03-07 00:00:00+09:00,2570.620048771348,2574.5642298971957,2537.0945092016414,2543.996826171875,1452500,0.0,0.0
2023-03-08 00:00:00+09:00,2562.7317333206975,2620.9084059893858,2548.9270991281273,2601.1875,1805700,0.0,0.0
2023-03-09 00:00:00+09:00,2613.019576054834,2660.349741960733,2601.187034578359,2632.740478515625,2214700,0.0,0.0
2023-03-10 00:00:00+09:00,2583.4383665485148,2601.1871797538097,2520.3314751519097,2555.8291015625,3193100,0.0,0.0
2023-03-13 00:00:00+09:00,2559.7733946616604,2562.7315303257533,2512.4432240361753,2540.052490234375,1495200,0.0,0.0
2023-03-14 00:00:00+09:00,2474.973547808072,2481.8758644752656,2428.6294216140564,2435.53173828125,1820500,0.0,0.0
2023-03-15 00:00:00+09:00,2434.5458210487814,2462.155089169221,2409.8946887983884,2432.57373046875,1679400,0.0,0.0
2023-03-16 00:00:00+09:00,2431.587740625,2503.5690484375,2405.9505625,2465.11328125,2092800,0.0,0.0
2023-03-17 00:00:00+09:00,2494.6942871289766,2501.5966033384243,2448.3501640083987,2456.238525390625,1943400,0.0,0.0
2023-03-20 00:00:00+09:00,2450.3221364339192,2450.3221364339192,2354.675759277344,2366.50830078125,1846500,0.0,0.0
2023-03-22 00:00:00+09:00,2343.829617069489,2446.3783255992435,2339.885435972191,2431.587646484375,2497500,0.0,0.0
2023-03-23 00:00:00+09:00,2432.573281064026,2442.4337321425182,2400.0337925050017,2433.559326171875,1198100,0.0,0.0
2023-03-24 00:00:00+09:00,2415.810945817097,2451.3085760413483,2415.810945817097,2419.755126953125,1254000,0.0,0.0
2023-03-27 00:00:00+09:00,2453.280412496218,2473.001316133648,2437.503689586275,2444.406005859375,960100,0.0,0.0
2023-03-28 00:00:00+09:00,2445.39212435266,2453.2804860441206,2400.034044626764,2427.643310546875,1261400,0.0,0.0
2023-03-29 00:00:00+09:00,2433.5596551971194,2473.00146484375,2423.6992027854617,2473.00146484375,1350300,0.0,0.0
2023-03-30 00:00:00+09:00,2477.9314965595972,2487.7919481973195,2449.3361868102024,2468.071044921875,1195800,0.0,0.0
2023-03-31 00:00:00+09:00,2496.666331605363,2530.1918668638873,2480.889609130764,2523.28955078125,1491100,0.0,0.0
2023-04-03 00:00:00+09:00,2534.1361916951514,2556.8152315430066,2520.3315587442826,2533.150146484375,1379600,0.0,0.0
2023-04-04 00:00:00+09:00,2577.521810021469,2577.521810021469,2540.052097404477,2554.8427734375,1464000,0.0,0.0
2023-04-05 00:00:00+09:00,2530.191878083076,2540.052329673423,2488.777981403618,2517.373291015625,1371000,0.0,0.0
2023-04-06 00:00:00+09:00,2469.0571722402437,2505.540844513762,2460.1827654710096,2488.778076171875,1361600,0.0,0.0
2023-04-07 00:00:00+09:00,2516.38739253548,2533.1501612161633,2467.085131709942,2483.847900390625,1459500,0.0,0.0
2023-04-10 00:00:00+09:00,2512.4433506455257,2553.8572520297926,2508.49916956131,2537.094482421875,1122700,0.0,0.0
2023-04-11 00:00:00+09:00,2495.680551242117,2543.010723687641,2465.1131482043825,2511.457275390625,2020600,0.0,0.0
2023-04-12 00:00:00+09:00,2517.373441944167,2537.094346307224,2492.722311490347,2502.582763671875,1405800,0.0,0.0
2023-04-13 00:00:00+09:00,2497.6524101416458,2510.470997323581,2480.8896422883463,2505.540771484375,1207400,0.0,0.0
2023-04-14 00:00:00+09:00,2529.205849365805,2544.9825720129215,2505.540765395131,2530.19189453125,1136000,0.0,0.0
2023-04-17 00:00:00+09:00,2569.6337240602975,2574.56394993148,2509.4849684318715,2518.359375,1272200,0.0,0.0
2023-04-18 00:00:00+09:00,2527.233956190426,2565.689720642797,2515.4014132820043,2553.857177734375,1172800,0.0,0.0
2023-04-19 00:00:00+09:00,2542.0245030306064,2553.857045325551,2524.27568958819,2538.080322265625,1609000,0.0,0.0
2023-04-20 00:00:00+09:00,2534.136086463928,2549.9128091812136,2524.275634765625,2524.275634765625,1282200,0.0,0.0
2023-04-21 00:00:00+09:00,2499.624693721463,2521.3176890910377,2495.680512745176,2510.47119140625,1833600,0.0,0.0
2023-04-24 00:00:00+09:00,2485.8198905392755,2513.429155487748,2474.9733935952327,2493.708251953125,1929300,0.0,0.0
2023-04-25 00:00:00+09:00,2516.387593920765,2560.7596322148224,2506.52714096653,2526.248046875,1550900,0.0,0.0
2023-04-26 00:00:00+09:00,2543.9966823363334,2547.9408632391805,2471.0293356336633,2472.015380859375,1589700,0.0,0.0
2023-04-27 00:00:00+09:00,2451.308531370457,2468.071300893103,2428.6294902515833,2462.155029296875,1512800,0.0,0.0
2023-04-28 00:00:00+09:00,2488.777976164784,2504.5546986761296,2446.378034415542,2498.638427734375,1511800,0.0,0.0
2023-05-01 00:00:00+09:00,2519.3455868903375,2533.150220243161,2492.722365424177,2516.387451171875,997300,0.0,0.0
2023-05-02 00:00:00+09:00,2514.415183067322,2532.1639961242677,2501.5965958595275,2524.275634765625,994800,0.0,0.0
2023-05-08 00:00:00+09:00,2524.275534441805,2537.0941211401423,2477.931413301663,2490.75,1888500,0.0,0.0
2023-05-09 00:00:00+09:00,2513.429077100958,2539.066250896417,2510.4709416630203,2535.1220703125,1385500,0.0,0.0
2023-05-10 00:00:00+09:00,2541.0386331690775,2547.94094998405,2503.568913316371,2511.457275390625,2223100,0.0,0.0
2023-05-11 00:00:00+09:00,2480.8895486935867,2523.289489311164,2404.9640736342044,2490.75,3365400,0.0,0.0
2023-05-12 00:00:00+09:00,2468.0712823275862,2574.564170258621,2468.0712823275862,2573.578125,2548100,0.0,0.0
2023-05-15 00:00:00+09:00,2593.2987450292258,2617.9498737842564,2571.6057517247987,2572.591796875,2313600,0.0,0.0
2023-05-16 00:00:00+09:00,2596.257025451777,2597.2430706570376,2555.8291720360826,2582.452392578125,1170700,0.0,0.0
2023-05-17 00:00:00+09:00,2582.4521654123228,2608.089338493927,2567.6614886344746,2595.270751953125,1163300,0.0,0.0
2023-05-18 00:00:00+09:00,2627.8103138441966,2670.2102551182306,2611.0475463637645,2621.89404296875,2205600,0.0,0.0
2023-05-19 00:00:00+09:00,2622.8802736606294,2641.615132758205,2573.578012877535,2589.354736328125,1087200,0.0,0.0
2023-05-22 00:00:00+09:00,2589.354695073939,2634.712774271731,2577.5221526745154,2631.754638671875,1467100,0.0,0.0
2023-05-23 00:00:00+09:00,2641.61520430517,2641.61520430517,2549.912996764901,2553.857177734375,1683900,0.0,0.0
2023-05-24 00:00:00+09:00,2518.3593144823,2519.345359632841,2438.48965728846,2442.433837890625,3234500,0.0,0.0
2023-05-25 00:00:00+09:00,2435.531656336132,2463.1409220759747,2409.894481006278,2414.82470703125,1865400,0.0,0.0
2023-05-26 00:00:00+09:00,2414.8247538379533,2460.1828341468736,2398.061985028135,2453.280517578125,2351800,0.0,0.0
2023-05-29 00:00:00+09:00,2475.959565435635,2477.931655889984,2421.7270779410273,2428.62939453125,1313200,0.0,0.0
2023-05-30 00:00:00+09:00,2415.8105854181813,2423.6989465134243,2372.4245993943446,2373.41064453125,1873700,0.0,0.0
2023-05-31 00:00:00+09:00,2365.52266372097,2385.24356962944,2345.8017578125,2345.8017578125,3313100,0.0,0.0
2023-06-01 00:00:00+09:00,2349.745768564755,2400.034074983892,2349.745768564755,2391.15966796875,2019900,0.0,0.0
2023-06-02 00:00:00+09:00,2391.159468360003,2459.196583129834,2381.299016944085,2454.266357421875,1950400,0.0,0.0
2023-06-05 00:00:00+09:00,2503.568936933709,2503.568936933709,2469.057352533284,2499.624755859375,2028000,0.0,0.0
2023-06-06 00:00:00+09:00,2489.2709300170254,2529.2057577713094,2466.0988694682437,2524.7685546875,1490500,0.0,0.0
2023-06-07 00:00:00+09:00,2570.1267351627353,2607.1034290313723,2515.4012282371523,2524.275634765625,2689000,0.0,0.0
2023-06-08 00:00:00+09:00,2524.2756729810567,2537.587282975293,2440.4618322766078,2472.50830078125,1987700,0.0,0.0
2023-06-09 00:00:00+09:00,2485.3268816421673,2503.5687175121852,2470.0431813186387,2497.159423828125,2785800,0.0,0.0
2023-06-12 00:00:00+09:00,2497.159588702942,2508.499109046509,2470.0433444031078,2485.820068359375,1534800,0.0,0.0
2023-06-13 00:00:00+09:00,2485.8198406939064,2521.3174663444343,2472.5082310749585,2498.638427734375,1819800,0.0,0.0
2023-06-14 00:00:00+09:00,2502.0897951993074,2554.843215511884,2496.666546382127,2516.387451171875,2268800,0.0,0.0
2023-06-15 00:00:00+09:00,2508.4989916352265,2518.3594436463713,2481.3827486045784,2482.86181640625,2218500,0.0,0.0
2023-06-16 00:00:00+09:00,2473.001506950282,2493.215434738352,2433.5596966320954,2492.722412109375,3502400,0.0,0.0
2023-06-19 00:00:00+09:00,2474.9731271811547,2478.42428492822,2410.880197592798,2428.135986328125,2873600,0.0,0.0
2023-06-20 00:00:00+09:00,2415.8103845058345,2463.633569668501,2392.145303188226,2461.16845703125,2669000,0.0,0.0
2023-06-21 00:00:00+09:00,2474.480241498389,2496.173234251115,2468.563970747646,2487.298828125,1986500,0.0,0.0
2023-06-22 00:00:00+09:00,2487.298969596896,2516.387302442529,2480.8896759190447,2487.7919921875,1768000,0.0,0.0
2023-06-23 00:00:00+09:00,2514.4150742539414,2526.740638343422,2436.5175092084273,2462.647705078125,2237200,0.0,0.0
2023-06-26 00:00:00+09:00,2442.4341460374167,2457.717847799056,2424.1923084509444,2440.955078125,1855700,0.0,0.0
2023-06-27 00:00:00+09:00,2418.7687486729365,2470.043096382269,2416.3036358022955,2467.0849609375,3256500,0.0,0.0
2023-06-28 00:00:00+09:00,2478.917527213977,2511.4570174280025,2469.5500982129693,2508.005859375,2440400,0.0,0.0
2023-06-29 00:00:00+09:00,2510.486578215516,2512.96729617818,2463.8490805174415,2483.69482421875,1875000,16.0,0.0
2023-06-30 00:00:00+09:00,2522.394125329443,2563.0779015444336,2512.967396694262,2553.155029296875,3447200,0.0,0.0
2023-07-03 00:00:00+09:00,2568.039401157318,2581.93142264735,2558.612672289082,2569.52783203125,1694700,0.0,0.0
2023-07-04 00:00:00+09:00,2554.147616161539,2562.085914890868,2529.3404326323866,2550.178466796875,1242100,0.0,0.0
2023-07-05 00:00:00+09:00,2542.7361204429594,2574.489312971418,2535.790109577359,2571.512451171875,1147800,0.0,0.0
2023-07-06 00:00:00+09:00,2583.916138488886,2596.319729783476,2555.6359503372223,2594.831298828125,1761200,0.0,0.0
2023-07-07 00:00:00+09:00,2565.0626390238676,2597.8081195220448,2541.7438877600143,2568.53564453125,1555900,0.0,0.0
2023-07-10 00:00:00+09:00,2568.0394168915814,2576.9700021898902,2542.2399482520213,2562.085693359375,1397900,0.0,0.0
2023-07-11 00:00:00+09:00,2584.412143819219,2697.036746746261,2579.9468511921555,2637.49951171875,3731000,0.0,0.0
2023-07-12 00:00:00+09:00,2683.6406300147314,2773.4426181886392,2672.7254712311624,2681.159912109375,3687000,0.0,0.0
2023-07-13 00:00:00+09:00,2694.0598478051706,2710.928730830102,2646.4300604406594,2654.864501953125,1813000,0.0,0.0
2023-07-14 00:00:00+09:00,2668.2602948860176,2683.1446029645936,2632.041811894817,2648.41455078125,1280400,0.0,0.0
2023-07-18 00:00:00+09:00,2649.4070555775684,2673.7180941025313,2632.0420280597377,2660.818359375,944100,0.0,0.0
2023-07-19 00:00:00+09:00,2688.1060159185413,2712.913195836579,2673.221707967719,2706.95947265625,1469200,0.0,0.0
2023-07-20 00:00:00+09:00,2706.9596222836053,2712.4172021672416,2683.640871871705,2705.47119140625,1050100,0.0,0.0
2023-07-21 00:00:00+09:00,2728.7899758318345,2764.5123173336333,2728.7899758318345,2758.55859375,1799900,0.0,0.0
2023-07-24 00:00:00+09:00,2778.4041729226424,2787.830901366487,2746.650982374955,2767.489013671875,1143000,0.0,0.0
2023-07-25 00:00:00+09:00,2775.923705111539,2775.923705111539,2685.6255613527724,2697.036865234375,1744500,0.0,0.0
2023-07-26 00:00:00+09:00,2710.9288393997444,2719.85942488825,2689.594662954981,2719.36328125,1558600,0.0,0.0
2023-07-27 00:00:00+09:00,2708.447960300435,2755.58160313402,2700.013518951267,2750.1240234375,1294500,0.0,0.0
2023-07-28 00:00:00+09:00,2703.9827762342366,2754.5894263582536,2698.029052690235,2744.17041015625,1097800,0.0,0.0
2023-07-31 00:00:00+09:00,2778.404375444998,2806.188419199448,2758.5586299061056,2787.3349609375,1758100,0.0,0.0
2023-08-01 00:00:00+09:00,2798.2500030925626,2820.080322265625,2779.3965456249175,2820.080322265625,1172300,0.0,0.0
2023-08-02 00:00:00+09:00,2815.118856965054,2832.9800270127703,2793.784681630282,2810.653564453125,1339300,0.0,0.0
2023-08-03 00:00:00+09:00,2774.931217701819,2786.838664371736,2746.154888249521,2766.992919921875,1232100,0.0,0.0
2023-08-04 00:00:00+09:00,2762.0313884172706,2794.7768656286125,2752.1085165350455,2789.8154296875,1256100,0.0,0.0
2023-08-07 00:00:00+09:00,2767.4890549350794,2820.0802775638203,2758.0623263506823,2818.095703125,829600,0.0,0.0
2023-08-08 00:00:00+09:00,2840.91833657495,2857.29107585315,2829.507033441659,2851.83349609375,935200,0.0,0.0
2023-08-09 00:00:00+09:00,2875.152199322256,2919.8051239018937,2864.2370399805664,2874.159912109375,1586200,0.0,0.0
2023-08-10 00:00:00+09:00,2909.386103548506,2980.8307827625213,2905.416954703283,2947.093017578125,3131300,0.0,0.0
2023-08-14 00:00:00+09:00,3056.2444452109717,3064.1827424712596,2969.419318926569,2977.853759765625,3115400,0.0,0.0
2023-08-15 00:00:00+09:00,2990.7537985456215,3027.468427127635,2941.6355792264417,3018.537841796875,2425900,0.0,0.0
2023-08-16 00:00:00+09:00,2996.7072834603528,3005.6378680799367,2869.694524426272,2896.982421875,3639300,0.0,0.0
2023-08-17 00:00:00+09:00,3066.167500744554,3075.098085698179,2908.889976839049,2915.33984375,7508600,0.0,0.0
2023-08-18 00:00:00+09:00,2865.7253371968773,2898.9669572786274,2791.3037997004208,2843.89501953125,3653900,0.0,0.0
2023-08-21 00:00:00+09:00,2843.895176039372,2847.864324924284,2792.2962405355174,2815.614990234375,2238500,0.0,0.0
2023-08-22 00:00:00+09:00,2828.0186649113266,2832.483957540134,2779.396589619869,2822.06494140625,1906800,0.0,0.0
2023-08-23 00:00:00+09:00,2804.203745653742,2880.60986328125,2788.8232934040484,2880.60986328125,1795700,0.0,0.0
2023-08-24 00:00:00+09:00,2893.5097165515076,2965.450544552188,2885.0752746479793,2961.9775390625,3781500,0.0,0.0
2023-08-25 00:00:00+09:00,2946.596927757113,2952.0545075189125,2885.571263147898,2897.974853515625,2001900,0.0,0.0
2023-08-28 00:00:00+09:00,2848.3605127932133,2856.794954304707,2716.3863103192552,2771.458251953125,5498300,0.0,0.0
2023-08-29 00:00:00+09:00,2816.607263856954,2881.1059329253712,2813.134258599424,2869.198486328125,2948300,0.0,0.0
2023-08-30 00:00:00+09:00,2839.4300314135285,2876.640804147412,2831.9878768667522,2838.437744140625,1741900,0.0,0.0
2023-08-31 00:00:00+09:00,2850.8413395263547,2892.5174050537153,2838.933892232823,2882.098388671875,2849300,0.0,0.0
2023-09-01 00:00:00+09:00,2882.098286724416,2910.874616665889,2859.27568021911,2907.401611328125,1426000,0.0,0.0
2023-09-04 00:00:00+09:00,2930.720321168968,2973.388671875,2912.8591511059776,2973.388671875,2108000,0.0,0.0
2023-09-05 00:00:00+09:00,2982.815552850255,3008.6150220365844,2951.0623600055414,2993.730712890625,1852400,0.0,0.0
2023-09-06 00:00:00+09:00,3010.5994680851063,3035.40664893617,2992.7382978723404,3031.4375,1612500,0.0,0.0
2023-09-07 00:00:00+09:00,3036.398925001497,3109.828180050553,3032.4297760799263,3106.851318359375,2654000,0.0,0.0
2023-09-08 00:00:00+09:00,3037.3914341563627,3059.221754820015,2963.4660300908126,3024.49169921875,4467900,0.0,0.0
2023-09-11 00:00:00+09:00,3064.1828429915545,3075.098002082522,3000.6764628259266,3025.483642578125,1587200,0.0,0.0
2023-09-12 00:00:00+09:00,3054.2600951485647,3113.7973289721235,3048.306371766209,3106.851318359375,1943300,0.0,0.0
2023-09-13 00:00:00+09:00,3110.820419282715,3159.442492821743,3105.858983207304,3153.48876953125,2471700,0.0,0.0
2023-09-14 00:00:00+09:00,3155.4731693124413,3174.326625355503,3131.658277468574,3167.380615234375,1587700,0.0,0.0
2023-09-15 00:00:00+09:00,3176.3115130852475,3183.2575238917443,3084.028798084645,3088.990234375,2955300,0.0,0.0
2023-09-19 00:00:00+09:00,3076.0904764214165,3095.9362214305866,3046.3218589076605,3077.082763671875,1989600,0.0,0.0
2023-09-20 00:00:00+09:00,3091.9672157188515,3093.951790311739,3052.2757238611,3056.244873046875,1245600,0.0,0.0
2023-09-21 00:00:00+09:00,3037.391244291359,3061.206138072147,3010.599488787972,3021.5146484375,986400,0.0,0.0
2023-09-22 00:00:00+09:00,3010.5993387612953,3063.190559906433,3003.6533284213715,3047.31396484375,1398600,0.0,0.0
2023-09-25 00:00:00+09:00,3061.206119057487,3128.681651017263,3056.244682883974,3123.72021484375,1415900,0.0,0.0
2023-09-26 00:00:00+09:00,3147.5351294863367,3147.5351294863367,3082.0441715588154,3113.79736328125,1691800,0.0,0.0
2023-09-27 00:00:00+09:00,3081.052081828215,3111.81298828125,3053.2680372899895,3111.81298828125,1300900,0.0,0.0
2023-09-28 00:00:00+09:00,3109.828333050272,3111.8129076086957,3050.2910962975543,3081.052001953125,1786300,0.0,0.0
2023-09-29 00:00:00+09:00,3117.766512246554,3145.5505550036846,3088.990182248098,3113.79736328125,2147400,0.0,0.0
2023-10-02 00:00:00+09:00,3104.866811769818,3126.6971313156587,3026.4761188552075,3028.460693359375,1810300,0.0,0.0
2023-10-03 00:00:00+09:00,3018.5376758140205,3029.4528350625264,2949.0775715053483,2957.015869140625,1799500,0.0,0.0
2023-10-04 00:00:00+09:00,2927.2471147312876,3002.6609387040257,2918.3165303134633,2977.853759765625,3167700,0.0,0.0
2023-10-05 00:00:00+09:00,2958.504460093517,3006.6303921124795,2919.3091133976613,2996.70751953125,1882700,0.0,0.0
2023-10-06 00:00:00+09:00,2996.7075090392564,3044.3372972623965,2984.800061983471,3001.6689453125,1470900,0.0,0.0
2023-10-10 00:00:00+09:00,3007.6226063829786,3060.213829787234,3005.6380319148934,3031.4375,1213700,0.0,0.0
2023-10-11 00:00:00+09:00,3066.167376416636,3092.9591301911505,3044.337058526291,3045.329345703125,1390500,0.0,0.0
2023-10-12 00:00:00+09:00,3041.3601733268574,3047.3138963415267,2980.830656011054,2984.7998046875,1428700,0.0,0.0
2023-10-13 00:00:00+09:00,2946.597015763752,2949.573877540917,2859.2757369669143,2926.255126953125,2898600,0.0,0.0
2023-10-16 00:00:00+09:00,2913.851477577841,2921.7897754905334,2833.476211211825,2861.26025390625,1826100,0.0,0.0
2023-10-17 00:00:00+09:00,2856.2987205481945,2915.3398092654493,2842.9028432762125,2908.393798828125,2012800,0.0,0.0
2023-10-18 00:00:00+09:00,2914.3475015971662,2928.239522374272,2870.190721269936,2918.316650390625,1485500,0.0,0.0
2023-10-19 00:00:00+09:00,2878.129160845965,2918.3167943623457,2866.717857501808,2873.167724609375,1112900,0.0,0.0
2023-10-20 00:00:00+09:00,2840.918290008129,2845.879726071713,2793.784647404082,2803.70751953125,1785100,0.0,0.0
2023-10-23 00:00:00+09:00,2780.8849630980367,2825.0417448492813,2769.9698035640213,2803.21142578125,2087100,0.0,0.0
2023-10-24 00:00:00+09:00,2803.7074605512594,2812.1419016819214,2733.2550699304347,2784.85400390625,1665700,0.0,0.0
2023-10-25 00:00:00+09:00,2783.3657802333237,2827.5225635560982,2771.954476678,2802.21923828125,1112600,0.0,0.0
2023-10-26 00:00:00+09:00,2794.776825204452,2827.0261583552224,2781.380948357209,2809.6611328125,1098500,0.0,0.0
2023-10-27 00:00:00+09:00,2818.095686533724,2925.262705599091,2797.2576550487915,2920.30126953125,2210400,0.0,0.0
2023-10-30 00:00:00+09:00,2862.74879079953,2864.733365351211,2786.8388141977402,2811.64599609375,2070800,0.0,0.0
2023-10-31 00:00:00+09:00,2830.995398161314,2887.5557688921917,2811.645797648119,2884.082763671875,1659300,0.0,0.0
2023-11-01 00:00:00+09:00,2912.8591394104933,2947.5891921713064,2899.463261917037,2932.208740234375,1928500,0.0,0.0
2023-11-02 00:00:00+09:00,2929.728098129594,2944.612406841514,2905.4170605667914,2919.30908203125,1108500,0.0,0.0
2023-11-06 00:00:00+09:00,2999.6842098535667,3054.2600059309557,2962.969583401505,3032.4296875,1965100,0.0,0.0
2023-11-07 00:00:00+09:00,3032.4298050880748,3048.3064009262325,2988.7691665331417,2999.684326171875,1219800,0.0,0.0
2023-11-08 00:00:00+09:00,2986.7844543966507,3000.676475114775,2937.666238286141,2971.900146484375,1174000,0.0,0.0
2023-11-09 00:00:00+09:00,2972.892614927686,3007.6226688403926,2941.1394227789256,3001.6689453125,1287100,0.0,0.0
2023-11-10 00:00:00+09:00,2965.9465466852753,2985.7922913937746,2933.697211533963,2982.8154296875,1836900,0.0,0.0
2023-11-13 00:00:00+09:00,3150.5120131437247,3246.7638762224465,3121.7356829449313,3196.1572265625,4253500,0.0,0.0
2023-11-14 00:00:00+09:00,3274.547810083391,3355.9153617278876,3207.07227945137,3223.941162109375,3168600,0.0,0.0
2023-11-15 00:00:00+09:00,3350.9539399482833,3361.8690993617956,3241.80234581316,3311.262451171875,2193700,0.0,0.0
2023-11-16 00:00:00+09:00,3307.29367845599,3322.1779884400407,3266.609897832919,3295.38623046875,1126300,0.0,0.0
2023-11-17 00:00:00+09:00,3284.4704737369484,3372.784030281537,3277.5244636716434,3349.96142578125,1848400,0.0,0.0
2023-11-20 00:00:00+09:00,3381.715019842001,3422.398797956297,3351.946401709589,3367.822998046875,2224000,0.0,0.0
2023-11-21 00:00:00+09:00,3343.015652623354,3369.807407631021,3265.617249267871,3306.301025390625,2285900,0.0,0.0
2023-11-22 00:00:00+09:00,3290.4244846425354,3363.8537403311807,3277.5247505350703,3303.32421875,2381300,0.0,0.0
2023-11-24 00:00:00+09:00,3290.424402277422,3299.3549872051954,3244.7791904243577,3272.563232421875,1969500,0.0,0.0
2023-11-27 00:00:00+09:00,3289.432326310748,3303.3243482016533,3241.802536970502,3265.617431640625,2145100,0.0,0.0
2023-11-28 00:00:00+09:00,3274.547914277523,3290.424510225535,3237.8332861477447,3244.779296875,1945400,0.0,0.0
2023-11-29 00:00:00+09:00,3231.8794252559182,3243.786871710653,3182.265065027857,3216.9951171875,1609900,0.0,0.0
2023-11-30 00:00:00+09:00,3192.1880642513506,3210.049234645048,3153.4888617316733,3179.288330078125,4794500,0.0,0.0
2023-12-01 00:00:00+09:00,3248.748516398924,3291.4168689356234,3221.95676015495,3280.501708984375,2484800,0.0,0.0
2023-12-04 00:00:00+09:00,3274.5478001644738,3317.216150287829,3265.6172152549343,3299.35498046875,1543900,0.0,0.0
2023-12-05 00:00:00+09:00,3300.347316181027,3310.2701884485587,3251.725242070122,3252.717529296875,1747200,0.0,0.0
2023-12-06 00:00:00+09:00,3274.547602215084,3356.9074358465546,3263.6324435410343,3349.96142578125,1610800,0.0,0.0
2023-12-07 00:00:00+09:00,3334.085123160108,3334.085123160108,3293.4013463596425,3303.32421875,1097100,0.0,0.0
2023-12-08 00:00:00+09:00,3317.216271611676,3346.9848890655644,3282.486217915472,3288.43994140625,2154500,0.0,0.0
2023-12-11 00:00:00+09:00,3336.0694156036784,3361.8688816374965,3298.3625037080988,3345.0,1640400,0.0,0.0
2023-12-12 00:00:00+09:00,3363.8534559477903,3382.70691189558,3332.1002669830914,3345.0,1832800,0.0,0.0
2023-12-13 00:00:00+09:00,3381.714782395288,3461.0977585078535,3369.807335978403,3411.4833984375,2377000,0.0,0.0
2023-12-14 00:00:00+09:00,3428.3521108039745,3452.167002456448,3324.1619598244038,3349.96142578125,1889900,0.0,0.0
2023-12-15 00:00:00+09:00,3373.7763930317055,3387.6684134736006,3305.30857799665,3337.061767578125,2300300,0.0,0.0
2023-12-18 00:00:00+09:00,3224.9335012128277,3225.92578844397,3142.573661028008,3199.134033203125,2605000,0.0,0.0
2023-12-19 00:00:00+09:00,3208.064593898135,3260.6558167489243,3170.357679401343,3257.678955078125,1772600,0.0,0.0
2023-12-20 00:00:00+09:00,3323.169712507682,3352.938327430116,3301.3393948978974,3330.11572265625,2128900,0.0,0.0
2023-12-21 00:00:00+09:00,3274.5478171618774,3283.4784021177734,3231.879466817041,3267.601806640625,1572000,0.0,0.0
2023-12-22 00:00:00+09:00,3254.7021307461505,3313.247077610182,3254.7021307461505,3286.455322265625,1063300,0.0,0.0
2023-12-25 00:00:00+09:00,3327.138987609606,3327.138987609606,3279.509201923575,3292.408935546875,867400,0.0,0.0
2023-12-26 00:00:00+09:00,3295.3859147581334,3296.3782019953387,3234.8563932886227,3259.66357421875,1033000,0.0,0.0
2023-12-27 00:00:00+09:00,3254.702089820303,3316.223897615687,3249.7406537077723,3306.301025390625,1361700,0.0,0.0
2023-12-28 00:00:00+09:00,3332.1395305187434,3344.064873306165,3312.263959206374,3331.145751953125,1023500,5.0,0.0
2023-12-29 00:00:00+09:00,3312.263667955977,3346.052136215954,3302.3258831736307,3343.07080078125,1091600,0.0,0.0
2024-01-04 00:00:00+09:00,3306.3012487242195,3371.890633279614,3259.5936566923474,3369.903076171875,1235600,0.0,0.0
2024-01-05 00:00:00+09:00,3306.3010460817654,3338.1019578565224,3270.525020335164,3271.518798828125,2145600,0.0,0.0
2024-01-09 00:00:00+09:00,3279.4689099918864,3372.884085003777,3272.5124607888733,3330.151611328125,1889200,0.0,0.0
2024-01-10 00:00:00+09:00,3316.2388875057345,3329.1580081343154,3280.462861149664,3317.232666015625,1742000,0.0,0.0
2024-01-11 00:00:00+09:00,3317.2326390889016,3335.120652121736,3191.0227693572388,3234.7490234375,3762800,0.0,0.0
2024-01-12 00:00:00+09:00,3319.22028616573,3367.915434076545,3297.3571585323034,3360.958984375,2825000,0.0,0.0
2024-01-15 00:00:00+09:00,3341.0834383851543,3365.9279017877807,3315.2451964464235,3354.996337890625,177600,0.0,0.0
2024-01-16 00:00:00+09:00,3401.7038784391343,3401.7038784391343,3278.475341796875,3278.475341796875,1246600,0.0,0.0
2024-01-17 00:00:00+09:00,3265.556022841791,3337.108072033699,3265.556022841791,3297.35693359375,1831700,0.0,0.0
2024-01-18 00:00:00+09:00,3284.4380593278497,3343.07099291343,3279.4691666511058,3326.1767578125,1311900,0.0,0.0
2024-01-19 00:00:00+09:00,3370.896755674985,3376.859426822995,3276.4877958314933,3305.307373046875,1410400,0.0,0.0
2024-01-22 00:00:00+09:00,3284.4381659650476,3311.270187290632,3270.5252660184483,3300.338623046875,1456500,0.0,0.0
2024-01-23 00:00:00+09:00,3314.2512988637877,3336.114425872784,3233.755240330664,3265.55615234375,1657900,0.0,0.0
2024-01-24 00:00:00+09:00,3244.686995138995,3253.631002170006,3202.9482956609436,3248.662109375,1832400,0.0,0.0
2024-01-25 00:00:00+09:00,3209.90478515625,3236.7368065801566,3193.0105494449012,3209.90478515625,2037200,0.0,0.0
2024-01-26 00:00:00+09:00,3211.8922190357935,3211.8922190357935,3148.2903929162726,3151.271728515625,2094700,0.0,0.0
2024-01-29 00:00:00+09:00,3169.15966796875,3180.091231577297,3132.3898631036373,3169.15966796875,1606000,0.0,0.0
2024-01-30 00:00:00+09:00,3169.1595499572372,3192.0164548330654,3156.24042981003,3168.165771484375,1372800,0.0,0.0
2024-01-31 00:00:00+09:00,3132.3900305971315,3187.0478515625,3126.427359219091,3187.0478515625,1819100,0.0,0.0
2024-02-01 00:00:00+09:00,3172.140783311734,3198.9728012156866,3158.2278851393144,3163.19677734375,1310800,0.0,0.0
2024-02-02 00:00:00+09:00,3216.861164847649,3291.3945560628404,3207.917157901826,3285.431884765625,2445100,0.0,0.0
2024-02-05 00:00:00+09:00,3319.2202497636194,3325.182920870979,3247.6681964753016,3251.643310546875,1615400,0.0,0.0
2024-02-06 00:00:00+09:00,3191.0228586760313,3233.755335450578,3191.0228586760313,3212.885986328125,1829100,0.0,0.0
2024-02-07 00:00:00+09:00,3238.723935901451,3286.425301020589,3211.8919180219364,3284.437744140625,1375300,0.0,0.0
2024-02-08 00:00:00+09:00,3299.3446296199377,3312.263750157606,3253.6308184866493,3263.568603515625,1488600,0.0,0.0
2024-02-09 00:00:00+09:00,3263.5684626007765,3366.921422439534,3248.6617857009555,3328.1640625,1796800,0.0,0.0
2024-02-13 00:00:00+09:00,3297.3571263136064,3378.846964878319,3292.388233718197,3368.9091796875,2688100,0.0,0.0
2024-02-14 00:00:00+09:00,3604.434699429826,3634.24805509095,3537.851538453317,3632.260498046875,5420000,0.0,0.0
2024-02-15 00:00:00+09:00,3637.229120759883,3639.2166776564727,3469.2805629980194,3488.162353515625,3781800,0.0,0.0
2024-02-16 00:00:00+09:00,3518.969781560445,3531.8889024755217,3448.411505793489,3476.2373046875,1990800,0.0,0.0
2024-02-19 00:00:00+09:00,3473.2558954128226,3500.0879152057114,3434.498533489761,3494.125244140625,1163400,0.0,0.0
2024-02-20 00:00:00+09:00,3478.2247071436277,3490.1500489966916,3413.6291054395315,3454.3740234375,1526100,0.0,0.0
2024-02-21 00:00:00+09:00,3417.604311763162,3470.2745730377906,3389.778513353924,3461.33056640625,1889500,0.0,0.0
2024-02-22 00:00:00+09:00,3412.635545678982,3496.1129440007744,3399.7164245101335,3489.156494140625,2428300,0.0,0.0
2024-02-26 00:00:00+09:00,3526.919973483674,3541.826651309049,3439.4674635748083,3455.367919921875,1367900,0.0,0.0
2024-02-27 00:00:00+09:00,3468.2868200075177,3468.2868200075177,3416.6103401678643,3449.405029296875,1167400,0.0,0.0
2024-02-28 00:00:00+09:00,3443.442711706606,3490.150304044329,3437.4800403443437,3452.38671875,1049400,0.0,0.0
2024-02-29 00:00:00+09:00,3438.4734915226063,3506.0504271941486,3433.5045991938164,3503.069091796875,1740100,0.0,0.0
2024-03-01 00:00:00+09:00,3485.181292163993,3501.081748586754,3450.3990437392026,3451.392822265625,1129800,0.0,0.0
2024-03-04 00:00:00+09:00,3503.0693583228867,3516.9822579020415,3459.343102502686,3468.287109375,1334700,0.0,0.0
2024-03-05 00:00:00+09:00,3429.529609944473,3460.3367435023633,3390.772248371644,3442.44873046875,1390600,0.0,0.0
2024-03-06 00:00:00+09:00,3399.716106374131,3487.1686107181604,3399.716106374131,3449.405029296875,1616200,0.0,0.0
2024-03-07 00:00:00+09:00,3438.4736605700905,3504.063042534722,3436.486103540859,3461.33056640625,1204200,0.0,0.0
2024-03-08 00:00:00+09:00,3470.2745680225526,3514.000822602447,3431.517206008555,3492.1376953125,1351000,0.0,0.0
2024-03-11 00:00:00+09:00,3462.324432312376,3499.09423828125,3425.5546263435017,3499.09423828125,1216300,0.0,0.0
2024-03-12 00:00:00+09:00,3473.2557983398438,3577.6025390625,3429.5295450846356,3577.6025390625,1978300,0.0,0.0
2024-03-13 00:00:00+09:00,3535.864079842118,3563.689879233793,3433.5048892227423,3519.963623046875,2268600,0.0,0.0
2024-03-14 00:00:00+09:00,3627.2913697057643,3643.1918250250224,3574.6211114607217,3630.272705078125,2121100,0.0,0.0
2024-03-15 00:00:00+09:00,3653.12972794031,3711.76265882945,3641.204386064553,3690.893310546875,2137700,0.0,0.0
2024-03-18 00:00:00+09:00,3720.7068602555705,3807.165593386509,3697.849953795667,3791.26513671875,1768100,0.0,0.0
2024-03-19 00:00:00+09:00,3790.2710832735625,3939.337853722182,3788.2835263342477,3918.468505859375,2828800,0.0,0.0
2024-03-21 00:00:00+09:00,3972.1327355705907,4005.921205175144,3929.4002593060086,3961.201171875,2124800,0.0,0.0
2024-03-22 00:00:00+09:00,3975.11391586781,3993.0019284892155,3922.443656482562,3939.337890625,1391900,0.0,0.0
2024-03-25 00:00:00+09:00,3970.14501953125,4029.771728210067,3951.2632284496244,3970.14501953125,1562800,0.0,0.0
2024-03-26 00:00:00+09:00,3965.176395732796,3990.0208593652073,3916.4812470132706,3964.1826171875,1454500,0.0,0.0
2024-03-27 00:00:00+09:00,3930.393916346257,4082.442024867364,3930.393916346257,4050.64111328125,2520500,0.0,0.0
2024-03-28 00:00:00+09:00,4083.435974806882,4096.35509568118,3955.2385445926966,3980.0830078125,2257400,0.0,0.0
2024-03-29 00:00:00+09:00,3951.263236722798,4032.7530720878053,3945.3005658424313,4027.7841796875,598400,0.0,0.0
2024-04-01 00:00:00+09:00,4034.7406883664808,4036.728245355824,3812.134305560054,3834.9912109375,2228000,0.0,0.0
2024-04-02 00:00:00+09:00,3831.016048130104,3843.9351683961722,3750.519991087682,3787.289794921875,1944600,0.0,0.0
2024-04-03 00:00:00+09:00,3771.3893432617188,3783.314685058594,3734.619539388021,3756.482666015625,1773800,0.0,0.0
2024-04-04 00:00:00+09:00,3776.358324773278,3832.0099211383576,3750.5200836037766,3794.246337890625,1603800,0.0,0.0
2024-04-05 00:00:00+09:00,3729.6506948441174,3814.1218669895343,3726.669359356632,3804.18408203125,950900,0.0,0.0
2024-04-08 00:00:00+09:00,3820.084557943891,3848.9041344736447,3803.190323426449,3829.028564453125,842400,0.0,0.0
2024-04-09 00:00:00+09:00,3835.985129442402,3841.9478006280638,3783.3148673023898,3801.202880859375,1149600,0.0,0.0
2024-04-10 00:00:00+09:00,3821.0782592709893,3856.85428458536,3805.1778035757134,3818.096923828125,657400,0.0,0.0
2024-04-11 00:00:00+09:00,3802.196472276655,3938.344124315835,3782.320902635899,3906.543212890625,1711900,0.0,0.0
2024-04-12 00:00:00+09:00,3951.2634030873305,4008.902557357719,3920.4562689083295,3957.22607421875,1659200,0.0,0.0
2024-04-15 00:00:00+09:00,3934.3690021979487,3941.325451557733,3871.7609579598907,3908.53076171875,1256700,0.0,0.0
2024-04-16 00:00:00+09:00,3845.9227628900035,3851.8854338402207,3733.625793327582,3748.532470703125,1566800,0.0,0.0
2024-04-17 00:00:00+09:00,3763.4391891260466,3769.401860141298,3689.8995799379486,3738.5947265625,1439500,0.0,0.0
2024-04-18 00:00:00+09:00,3740.582311447325,3789.2774584348167,3733.6258618776833,3761.45166015625,1118900,0.0,0.0
2024-04-19 00:00:00+09:00,3776.358206868013,3786.295991622929,3703.8123781571276,3733.625732421875,1498300,0.0,0.0
2024-04-22 00:00:00+09:00,3760.4577512601477,3774.37064991703,3706.7937135836023,3733.625732421875,1243900,0.0,0.0
2024-04-23 00:00:00+09:00,3732.632088272509,3737.6009808287827,3713.7502965586705,3730.64453125,970200,0.0,0.0
2024-04-24 00:00:00+09:00,3717.725229641388,3805.177734375,3701.824774235277,3805.177734375,1130100,0.0,0.0
2024-04-25 00:00:00+09:00,3803.1902463524525,3811.140474199544,3698.843505859375,3698.843505859375,845000,0.0,0.0
2024-04-26 00:00:00+09:00,3685.924470572777,3716.731604190398,3669.030236008275,3707.78759765625,1896500,0.0,0.0
2024-04-30 00:00:00+09:00,3734.6197610016607,3734.6197610016607,3676.980605563104,3702.81884765625,1543400,0.0,0.0
2024-05-01 00:00:00+09:00,3681.9494023516895,3689.899630480924,3622.3226913824315,3667.042724609375,1099100,0.0,0.0
2024-05-02 00:00:00+09:00,3676.9803914509353,3686.918176292694,3640.210587536426,3666.048828125,1029900,0.0,0.0
2024-05-07 00:00:00+09:00,3710.7688960958226,3761.4515992829906,3691.8871047123675,3746.544921875,1611500,0.0,0.0
2024-05-08 00:00:00+09:00,3695.8624371207115,3716.7317867253187,3654.123737911497,3664.0615234375,1163700,0.0,0.0
2024-05-09 00:00:00+09:00,3667.0427049582195,3674.99293304485,3623.316450481753,3642.1982421875,1002700,0.0,0.0
2024-05-10 00:00:00+09:00,3683.936897328899,3738.5947147966867,3681.9493403300703,3711.7626953125,1262800,0.0,0.0
2024-05-13 00:00:00+09:00,3696.855916450235,3730.644384503812,3675.98656853479,3706.793701171875,1666900,0.0,0.0
2024-05-14 00:00:00+09:00,3895.611829965961,3897.599387022066,3671.0178826260867,3685.924560546875,2404500,0.0,0.0
2024-05-15 00:00:00+09:00,3704.8062676588074,3834.991251849608,3669.030241468969,3825.053466796875,1621100,0.0,0.0
2024-05-16 00:00:00+09:00,3855.8604651398623,3878.7173699589903,3793.2524215048593,3828.03466796875,1563100,0.0,0.0
2024-05-17 00:00:00+09:00,3885.6740140156453,3888.655349576271,3780.3334908735333,3811.140625,1168600,0.0,0.0
2024-05-20 00:00:00+09:00,3802.196398986354,3862.8168852221534,3782.320829728715,3805.177734375,954200,0.0,0.0
2024-05-21 00:00:00+09:00,3811.140584045331,3849.897945916978,3794.2463493833307,3821.078369140625,726000,0.0,0.0
2024-05-22 00:00:00+09:00,3819.0909510216343,3960.2075045072115,3813.128279747596,3875.736328125,1620300,0.0,0.0
2024-05-23 00:00:00+09:00,3914.4935866634405,3954.2447274267147,3867.785996266593,3930.39404296875,1232900,0.0,0.0
2024-05-24 00:00:00+09:00,3938.344177431611,4006.9148936170213,3905.549487082067,3923.4375,1322700,0.0,0.0
2024-05-27 00:00:00+09:00,3924.4313099975584,3977.1015706787107,3909.5246324462887,3975.114013671875,740900,0.0,0.0
2024-05-28 00:00:00+09:00,3987.039290348372,4011.8837525265153,3958.2197142217265,3991.014404296875,1135200,0.0,0.0
2024-05-29 00:00:00+09:00,3994.98967465592,4024.8030304369345,3939.338077198027,3953.2509765625,1015800,0.0,0.0
2024-05-30 00:00:00+09:00,3910.518575741492,3981.076852457539,3901.5745688338243,3964.1826171875,808000,0.0,0.0
2024-05-31 00:00:00+09:00,3985.051769665748,4071.51049883306,3968.157535230756,4011.8837890625,3837900,0.0,0.0
2024-06-03 00:00:00+09:00,4081.448180973355,4088.4046302713373,4000.9521248109877,4066.54150390625,1540600,0.0,0.0
2024-06-04 00:00:00+09:00,3996.9770102122475,4037.7219275217208,3914.4933971223377,4006.914794921875,1376500,0.0,0.0
2024-06-05 00:00:00+09:00,3951.2635333978897,3975.1142187101505,3841.9478923833603,3896.605712890625,2232700,0.0,0.0
2024-06-06 00:00:00+09:00,3911.512391210788,3926.419069530951,3875.7363632423967,3896.605712890625,1364300,0.0,0.0
2024-06-07 00:00:00+09:00,3915.4872683062486,3960.207300558477,3880.7050209989593,3894.617919921875,1216300,0.0,0.0
2024-06-10 00:00:00+09:00,3903.561832482586,3924.431180365003,3845.922681188291,3887.661376953125,1185400,0.0,0.0
2024-06-11 00:00:00+09:00,3913.4998186348093,3957.226073591623,3857.8482214170467,3868.77978515625,1347000,0.0,0.0
2024-06-12 00:00:00+09:00,3788.283732503041,3791.265068074266,3717.7254573173864,3778.345947265625,1768500,0.0,0.0
2024-06-13 00:00:00+09:00,3796.233738770577,3799.2150741675173,3695.862113740255,3712.75634765625,1218300,0.0,0.0
2024-06-14 00:00:00+09:00,3691.8870364512286,3777.3519853435046,3669.0301315149222,3733.625732421875,1590500,0.0,0.0
2024-06-17 00:00:00+09:00,3719.713157876024,3719.713157876024,3663.0677798373026,3684.930908203125,1063500,0.0,0.0
2024-06-18 00:00:00+09:00,3729.6507722441247,3764.4330203199424,3719.712987079605,3755.489013671875,1105400,0.0,0.0
2024-06-19 00:00:00+09:00,3775.3645820190395,3831.016178911134,3771.3894679553187,3815.11572265625,1406200,0.0,0.0
2024-06-20 00:00:00+09:00,3806.1717484278965,3816.1095336718336,3708.781453037313,3718.71923828125,1303200,0.0,0.0
2024-06-21 00:00:00+09:00,3727.6631185504607,3762.445365724352,3701.824877792713,3719.712890625,1645800,0.0,0.0
2024-06-24 00:00:00+09:00,3726.6694500175186,3764.433033777696,3719.713000377486,3722.6943359375,1714200,0.0,0.0
2024-06-25 00:00:00+09:00,3745.5511943915308,3841.9477096093547,3741.57608036193,3823.06591796875,2228500,0.0,0.0
2024-06-26 00:00:00+09:00,3832.010045218597,3900.580764388743,3832.010045218597,3852.87939453125,2703200,0.0,0.0
2024-06-27 00:00:00+09:00,3853.8771073865128,3855.8729008134346,3795.999098005773,3802.984375,1418000,16.0,0.0
2024-06-28 00:00:00+09:00,3833.9191960690505,3836.912886227355,3756.083251953125,3756.083251953125,1231600,0.0,0.0
2024-07-01 00:00:00+09:00,3755.0854779711112,3839.9067018955184,3745.106510450593,3829.927734375,1582500,0.0,0.0
2024-07-02 00:00:00+09:00,3841.9023759525976,3919.7383201926764,3840.904479231571,3903.77197265625,1572500,0.0,0.0
2024-07-03 00:00:00+09:00,3906.7658130500495,3931.7132320350433,3867.847839433459,3904.77001953125,1256800,0.0,0.0
2024-07-04 00:00:00+09:00,3951.6711163230434,3986.5975024521613,3850.883544921875,3850.883544921875,1383500,0.0,0.0
2024-07-05 00:00:00+09:00,3860.8624103520074,3990.5889839745873,3856.8708234713126,3942.68994140625,1241900,0.0,0.0
2024-07-08 00:00:00+09:00,3970.6310342789184,4016.53428323012,3894.790883837803,3898.782470703125,1298300,0.0,0.0
2024-07-09 00:00:00+09:00,3920.736196339964,3946.681510950511,3898.782468592578,3924.727783203125,926900,0.0,0.0
2024-07-10 00:00:00+09:00,3895.7888637780547,4001.56591796875,3895.7888637780547,4001.56591796875,1079700,0.0,0.0
2024-07-11 00:00:00+09:00,4021.523743756323,4026.5132273093704,3941.692006907562,3945.68359375,1162600,0.0,0.0
2024-07-12 00:00:00+09:00,3938.6984512997938,3975.620630853402,3887.8057173204957,3915.746826171875,1631600,0.0,0.0
2024-07-16 00:00:00+09:00,3880.820311498911,3918.7403865405563,3866.8497575361994,3893.79296875,1011800,0.0,0.0
2024-07-17 00:00:00+09:00,3918.740406101033,3929.7172699836688,3844.896049072391,3885.809814453125,947700,0.0,0.0
2024-07-18 00:00:00+09:00,3839.9065272338557,3924.7277473000922,3831.923353580563,3901.776123046875,1346600,0.0,0.0
2024-07-19 00:00:00+09:00,3939.6963739809785,4047.469223117236,3928.7195097171,4016.534423828125,1686400,0.0,0.0
2024-07-22 00:00:00+09:00,3998.5722094817997,4046.4712526700023,3983.6037584854867,3996.576416015625,1090300,0.0,0.0
2024-07-23 00:00:00+09:00,3991.5868558182156,4034.4964145182616,3977.616301822852,4015.536376953125,1373100,0.0,0.0
2024-07-24 00:00:00+09:00,4002.5637022981155,4053.456434488892,3963.645730622816,3997.57421875,1845600,0.0,0.0
2024-07-25 00:00:00+09:00,3894.791000303158,3905.7678645110327,3834.9171955329325,3863.856201171875,1586500,0.0,0.0
2024-07-26 00:00:00+09:00,3841.9025136256264,3883.814177410633,3815.9571979491934,3834.917236328125,910500,0.0,0.0
2024-07-29 00:00:00+09:00,3826.9340722980687,3919.738470922246,3819.9487949822706,3904.77001953125,1135600,0.0,0.0
2024-07-30 00:00:00+09:00,3897.78466934843,3908.7615334966204,3836.912968163009,3884.81201171875,1130800,0.0,0.0
2024-07-31 00:00:00+09:00,3842.9002335225828,3940.6941111868814,3840.9044401008628,3932.7109375,1448000,0.0,0.0
2024-08-01 00:00:00+09:00,3877.826641586867,3880.820331737346,3630.3482558139535,3647.3125,2628900,0.0,0.0
2024-08-02 00:00:00+09:00,3557.501824830139,3612.3861447083036,3511.598575477492,3522.575439453125,2582200,0.0,0.0
2024-08-05 00:00:00+09:00,3346.945538117419,3346.945538117419,3040.59125063917,3064.540771484375,4056400,0.0,0.0
2024-08-06 00:00:00+09:00,3311.0214028019477,3418.7942513560797,3261.126565508368,3368.8994140625,3433400,0.0,0.0
2024-08-07 00:00:00+09:00,3299.0466903642036,3581.451473598647,3299.0466903642036,3422.785888671875,2898500,0.0,0.0
2024-08-08 00:00:00+09:00,3352.933018410853,3508.604908551357,3314.015045875727,3475.67431640625,1914300,0.0,0.0
2024-08-09 00:00:00+09:00,3494.6342527119477,3587.438646059238,3474.6763186587673,3580.453369140625,2135600,0.0,0.0
2024-08-13 00:00:00+09:00,3613.3840286832333,3667.2704516461977,3572.4702631002415,3665.274658203125,1670300,0.0,0.0
2024-08-14 00:00:00+09:00,3718.1633418318,3729.140206233343,3597.4178334148255,3627.354736328125,1702300,0.0,0.0
2024-08-15 00:00:00+09:00,3646.3147140203737,3675.253719687202,3612.386224617885,3664.27685546875,1555900,0.0,0.0
2024-08-16 00:00:00+09:00,3773.0475379578984,3773.0475379578984,3676.251555101004,3714.171630859375,2267800,0.0,0.0
2024-08-19 00:00:00+09:00,3492.638519503546,3581.451327570922,3392.8488475177305,3517.5859375,6279400,0.0,0.0
2024-08-20 00:00:00+09:00,3324.9918522126204,3529.560678654273,3319.004471926523,3525.569091796875,4989900,0.0,0.0
2024-08-21 00:00:00+09:00,3455.716491629464,3506.6092265625,3394.8447890625002,3492.638671875,2598800,0.0,0.0
2024-08-22 00:00:00+09:00,3493.636376788258,3546.52490234375,3459.7078886960558,3546.52490234375,2338100,0.0,0.0
2024-08-23 00:00:00+09:00,3551.5145136805822,3625.358872773688,3537.543959257562,3581.451416015625,1689700,0.0,0.0
2024-08-26 00:00:00+09:00,3548.520879020468,3602.4073040674602,3545.527188740079,3583.447265625,1403900,0.0,0.0
2024-08-27 00:00:00+09:00,3602.4071086009603,3690.222018727521,3595.421831659075,3676.25146484375,2099100,0.0,0.0
2024-08-28 00:00:00+09:00,3675.2535479793983,3724.150486304403,3650.306130466641,3697.207275390625,1739400,0.0,0.0
2024-08-29 00:00:00+09:00,3652.3019402644877,3728.14208984375,3645.3166633295555,3728.14208984375,1341700,0.0,0.0
2024-08-30 00:00:00+09:00,3722.1549005107204,3722.1549005107204,3612.38625733212,3700.201171875,3041800,0.0,0.0
2024-09-02 00:00:00+09:00,3737.123285614568,3795.999193184998,3676.2515845671746,3789.013916015625,1722800,0.0,0.0
2024-09-03 00:00:00+09:00,3805.9781651851,3923.72998046875,3804.980268445408,3923.72998046875,2140200,0.0,0.0
2024-09-04 00:00:00+09:00,3821.9444094967535,3883.8140056818183,3813.9612357954547,3841.90234375,1968200,0.0,0.0
2024-09-05 00:00:00+09:00,3662.2810308820985,3709.182177599117,3562.491357016101,3602.4072265625,3762600,0.0,0.0
2024-09-06 00:00:00+09:00,3638.3315119062154,3675.2536912645614,3558.4997727530344,3576.4619140625,2565000,0.0,0.0
2024-09-09 00:00:00+09:00,3541.5356081783334,3685.2327418998552,3533.5524340826937,3679.245361328125,2306400,0.0,0.0
2024-09-10 00:00:00+09:00,3715.1695822863007,3768.0581097805725,3696.2095441279766,3729.14013671875,1586200,0.0,0.0
2024-09-11 00:00:00+09:00,3745.106376069682,3762.070620245857,3634.339840566422,3673.2578125,2071200,0.0,0.0
2024-09-12 00:00:00+09:00,3775.0432852499143,3840.904468656336,3756.0832476026108,3807.973876953125,1668600,0.0,0.0
2024-09-13 00:00:00+09:00,3800.9886559655743,3869.8435305420053,3790.011791902665,3809.9697265625,1774900,0.0,0.0
2024-09-17 00:00:00+09:00,3762.070720787598,3838.9087699920133,3753.0896501013676,3806.97607421875,1913800,0.0,0.0
2024-09-18 00:00:00+09:00,3799.990676431583,3810.967540255309,3643.32089276568,3668.268310546875,2267000,0.0,0.0
2024-09-19 00:00:00+09:00,3711.177887717332,3727.1442351772616,3673.2578125,3673.2578125,1644400,0.0,0.0
2024-09-20 00:00:00+09:00,3682.238844153621,3722.1547123829287,3655.2956330988386,3689.22412109375,1992100,0.0,0.0
2024-09-24 00:00:00+09:00,3688.2263024386084,3703.1947533413627,3652.3020202719986,3657.29150390625,1439900,0.0,0.0
2024-09-25 00:00:00+09:00,3628.3524828980635,3652.3020042373246,3584.445027109418,3626.356689453125,1439100,0.0,0.0
2024-09-26 00:00:00+09:00,3645.316682283459,3738.121076330095,3628.352438210418,3720.158935546875,1760100,0.0,0.0
2024-09-27 00:00:00+09:00,3721.1568982552562,3843.8981957841906,3686.230512779543,3817.952880859375,2223600,0.0,0.0
2024-09-30 00:00:00+09:00,3678.247444815629,3757.0812885867726,3667.270580493065,3687.228515625,1968800,0.0,0.0
2024-10-01 00:00:00+09:00,3768.0579766439455,3795.9990845216016,3733.131591796875,3733.131591796875,1244700,0.0,0.0
2024-10-02 00:00:00+09:00,3694.213621082224,3758.0790105336728,3678.247273719362,3720.158935546875,1269000,0.0,0.0
2024-10-03 00:00:00+09:00,3780.0327754543705,3808.971780335093,3693.215760812203,3730.137939453125,1445100,0.0,0.0
2024-10-04 00:00:00+09:00,3664.276891804726,3720.1591101982617,3654.2979242344513,3674.255859375,2137300,0.0,0.0
2024-10-07 00:00:00+09:00,3792.007693728885,3891.797369879645,3747.102339461043,3839.90673828125,2491700,0.0,0.0
2024-10-08 00:00:00+09:00,3759.07700222825,3767.0601761114,3714.1716491355314,3719.1611328125,1410200,0.0,0.0
2024-10-09 00:00:00+09:00,3772.0495810055863,3774.04537443469,3734.1295058526202,3751.09375,1222600,0.0,0.0
2024-10-10 00:00:00+09:00,3742.112700093424,3757.0811508937977,3678.2473100118295,3730.137939453125,1682600,0.0,0.0
2024-10-11 00:00:00+09:00,3753.089706982473,3851.881486028276,3739.1191523699354,3795.999267578125,1714500,0.0,0.0
2024-10-15 00:00:00+09:00,3811.9655317141687,3937.7005204565735,3807.9739447699653,3879.822509765625,2807300,0.0,0.0
2024-10-16 00:00:00+09:00,3832.9214339885307,3870.841510659076,3751.093900120512,3752.091796875,1658400,0.0,0.0
2024-10-17 00:00:00+09:00,3746.1043799479166,3766.06231484375,3727.144341796875,3742.11279296875,1462500,0.0,0.0
2024-10-18 00:00:00+09:00,3762.0706872064366,3805.9781435027453,3755.085410068388,3771.0517578125,1190500,0.0,0.0
2024-10-21 00:00:00+09:00,3752.0916833875035,3761.07275390625,3703.194743896549,3761.07275390625,955300,0.0,0.0
2024-10-22 00:00:00+09:00,3776.0413006616177,3777.039197411264,3699.2032509388523,3747.102294921875,1017600,0.0,0.0
2024-10-23 00:00:00+09:00,3759.0770192939544,3767.0601932133472,3711.1779757775994,3737.123291015625,1098400,0.0,0.0
2024-10-24 00:00:00+09:00,3705.1905052940383,3736.125303479903,3685.2325709805773,3699.203125,1198500,0.0,0.0
2024-10-25 00:00:00+09:00,3698.2052128922246,3699.203109603744,3624.360856239762,3655.295654296875,1022900,0.0,0.0
2024-10-28 00:00:00+09:00,3675.253672611441,3777.039139515152,3668.26839547099,3758.0791015625,1376100,0.0,0.0
2024-10-29 00:00:00+09:00,3753.089636123645,3778.037054603595,3734.129598078883,3763.068603515625,984200,0.0,0.0
2024-10-30 00:00:00+09:00,3785.0223458746314,3807.9739709616642,3756.0833403301112,3806.97607421875,1822600,0.0,0.0
2024-10-31 00:00:00+09:00,3774.0454803116018,3823.9403174389367,3772.0496868265086,3819.94873046875,1182500,0.0,0.0
2024-11-01 00:00:00+09:00,3750.095815525734,3819.9485848410086,3742.112641889703,3754.08740234375,998500,0.0,0.0
2024-11-05 00:00:00+09:00,3792.007557127724,3816.954975266722,3709.18212890625,3709.18212890625,1440300,0.0,0.0
2024-11-06 00:00:00+09:00,3772.0496109996425,3902.7740816453975,3772.0496109996425,3838.90869140625,1913800,0.0,0.0
2024-11-07 00:00:00+09:00,3851.881410539982,3876.8288290020287,3789.013916015625,3789.013916015625,1472900,0.0,0.0
2024-11-08 00:00:00+09:00,3795.99910110684,3826.9338992494036,3763.068509535724,3764.06640625,1575300,0.0,0.0
2024-11-11 00:00:00+09:00,3707.1862415397854,3735.127349147622,3681.2409273325084,3710.179931640625,2220300,0.0,0.0
2024-11-12 00:00:00+09:00,3670.2641244870038,3716.167373461012,3592.4281805745554,3647.3125,4437800,0.0,0.0
2024-11-13 00:00:00+09:00,3633.3420548624067,3770.053909165112,3588.4367012593284,3677.24951171875,4438000,0.0,0.0
2024-11-14 00:00:00+09:00,3668.2683332185175,3691.2199577190686,3599.413459716864,3621.3671875,2385200,0.0,0.0
2024-11-15 00:00:00+09:00,3682.238844153621,3724.150505794394,3668.2682902733636,3689.22412109375,1641100,0.0,0.0
2024-11-18 00:00:00+09:00,3727.144250406355,3763.0685323379826,3702.19683239828,3717.165283203125,1445300,0.0,0.0
2024-11-19 00:00:00+09:00,3674.2557220418303,3762.070633377974,3673.2578253221013,3743.110595703125,1018800,0.0,0.0
2024-11-20 00:00:00+09:00,3767.0600995345567,3837.9107663072596,3713.173676918698,3725.1484375,1840100,0.0,0.0
2024-11-21 00:00:00+09:00,3726.1464366693604,3744.108578035201,3623.363072187051,3646.314697265625,1443400,0.0,0.0
2024-11-22 00:00:00+09:00,3640.3272583605217,3683.2368176010655,3638.331464907473,3670.26416015625,1197200,0.0,0.0
2024-11-25 00:00:00+09:00,3689.2241183491287,3730.1378832537307,3669.2661842493226,3728.14208984375,3386300,0.0,0.0
2024-11-26 00:00:00+09:00,3682.238937972428,3740.116948379583,3670.264177198534,3688.226318359375,1168400,0.0,0.0
2024-11-27 00:00:00+09:00,3722.1548385579517,3764.066501619462,3709.1821809436747,3750.095947265625,1123100,0.0,0.0
2024-11-28 00:00:00+09:00,3731.1359650307513,3752.091796875,3703.1948559050866,3752.091796875,1131400,0.0,0.0
2024-11-29 00:00:00+09:00,3751.093876014271,3826.9340288679778,3723.152767068168,3798.992919921875,1283900,0.0,0.0
2024-12-02 00:00:00+09:00,3783.026385645972,3793.005352635278,3739.1189308930248,3788.015869140625,1278800,0.0,0.0
2024-12-03 00:00:00+09:00,3780.032844026821,3819.9487135519194,3774.045463598056,3801.986572265625,1379100,0.0,0.0
2024-12-04 00:00:00+09:00,3792.0076503651035,3948.677440130188,3770.05392186299,3894.791015625,2293000,0.0,0.0
2024-12-05 00:00:00+09:00,3881.818305894169,3885.809892841104,3821.944501690146,3853.877197265625,1611700,0.0,0.0
2024-12-06 00:00:00+09:00,3887.8056433694474,3930.7152025750133,3867.8477088552304,3908.761474609375,1216900,0.0,0.0
2024-12-09 00:00:00+09:00,3901.7763064461537,3938.698486328125,3880.820474621251,3938.698486328125,961000,0.0,0.0
2024-12-10 00:00:00+09:00,3961.6499198523306,3999.5699946519244,3922.731948347484,3979.612060546875,1385100,0.0,0.0
2024-12-11 00:00:00+09:00,3977.6163115945587,4142.269269801559,3949.675203535189,4124.30712890625,1973600,0.0,0.0
2024-12-12 00:00:00+09:00,4168.21480404003,4209.128571568313,4154.244249274274,4184.18115234375,2128800,0.0,0.0
2024-12-13 00:00:00+09:00,4151.250482253086,4210.1263905350415,4142.269411498212,4203.14111328125,1787500,0.0,0.0
2024-12-16 00:00:00+09:00,4209.128533406071,4231.0822621246425,4164.223179208994,4187.1748046875,1322600,0.0,0.0
2024-12-17 00:00:00+09:00,4179.191330807404,4248.046202303514,4166.218673858861,4185.1787109375,1483100,0.0,0.0
2024-12-18 00:00:00+09:00,4188.1725865848375,4249.044287271441,4174.202032328895,4209.12841796875,1556700,0.0,0.0
2024-12-19 00:00:00+09:00,4124.307123672173,4208.1304477439035,4112.332363090497,4189.17041015625,1727400,0.0,0.0
2024-12-20 00:00:00+09:00,4227.090564334044,4234.075841470572,4135.284064825372,4157.23779296875,1635900,0.0,0.0
2024-12-23 00:00:00+09:00,4191.166398331926,4208.130643277555,4120.315728264886,4135.2841796875,1119900,0.0,0.0
2024-12-24 00:00:00+09:00,4135.2839577739815,4153.246098517207,4075.4101552965585,4088.3828125,1423800,0.0,0.0
2024-12-25 00:00:00+09:00,4107.342855809903,4121.313409741229,3993.5826309405325,4010.546875,1782300,0.0,0.0
2024-12-26 00:00:00+09:00,4035.494274363169,4278.981070343538,4035.494274363169,4270.0,3307700,0.0,0.0
2024-12-27 00:00:00+09:00,4296.0,4383.0,4285.0,4361.0,2010000,9.0,0.0
2024-12-30 00:00:00+09:00,4361.0,4379.0,4301.0,4316.0,1280100,0.0,0.0
2025-01-06 00:00:00+09:00,4326.0,4362.0,4259.0,4277.0,1751000,0.0,0.0
2025-01-07 00:00:00+09:00,4275.0,4324.0,4261.0,4316.0,1243400,0.0,0.0
2025-01-08 00:00:00+09:00,4319.0,4324.0,4205.0,4254.0,1885100,0.0,0.0
2025-01-09 00:00:00+09:00,4259.0,4297.0,4195.0,4206.0,1326200,0.0,0.0
2025-01-10 00:00:00+09:00,4226.0,4269.0,4222.0,4226.0,1192600,0.0,0.0
2025-01-14 00:00:00+09:00,4182.0,4194.0,4090.0,4121.0,1721900,0.0,0.0
2025-01-15 00:00:00+09:00,4141.0,4165.0,4062.0,4082.0,1392100,0.0,0.0
2025-01-16 00:00:00+09:00,4127.0,4171.0,4121.0,4125.0,1225700,0.0,0.0
2025-01-17 00:00:00+09:00,4126.0,4157.0,4073.0,4132.0,844200,0.0,0.0
2025-01-20 00:00:00+09:00,4112.0,4166.0,4106.0,4152.0,769900,0.0,0.0
2025-01-21 00:00:00+09:00,4167.0,4181.0,4109.0,4128.0,912100,0.0,0.0
2025-01-22 00:00:00+09:00,4153.0,4153.0,4071.0,4090.0,1520100,0.0,0.0
2025-01-23 00:00:00+09:00,4106.0,4114.0,4054.0,4104.0,1519400,0.0,0.0
2025-01-24 00:00:00+09:00,4110.0,4129.0,4063.0,4069.0,1063500,0.0,0.0
2025-01-27 00:00:00+09:00,4070.0,4140.0,4027.0,4119.0,1507000,0.0,0.0
2025-01-28 00:00:00+09:00,4130.0,4275.0,4122.0,4236.0,1895600,0.0,0.0
2025-01-29 00:00:00+09:00,4260.0,4365.0,4250.0,4354.0,1378000,0.0,0.0
2025-01-30 00:00:00+09:00,4305.0,4390.0,4301.0,4379.0,705400,0.0,0.0
2025-01-31 00:00:00+09:00,4379.0,4386.0,4327.0,4332.0,1041500,0.0,0.0
2025-02-03 00:00:00+09:00,4300.0,4305.0,4244.0,4266.0,1367500,0.0,0.0
2025-02-04 00:00:00+09:00,4295.0,4330.0,4253.0,4268.0,1694700,0.0,0.0
2025-02-05 00:00:00+09:00,4276.0,4338.0,4276.0,4318.0,1425800,0.0,0.0
2025-02-06 00:00:00+09:00,4361.0,4416.0,4361.0,4390.0,1443100,0.0,0.0
2025-02-07 00:00:00+09:00,4390.0,4397.0,4295.0,4308.0,2323600,0.0,0.0
2025-02-10 00:00:00+09:00,4291.0,4316.0,4260.0,4316.0,1269000,0.0,0.0
2025-02-12 00:00:00+09:00,4278.0,4325.0,4238.0,4257.0,2437800,0.0,0.0
2025-02-13 00:00:00+09:00,4232.0,4287.0,4228.0,4272.0,2237500,0.0,0.0
2025-02-14 00:00:00+09:00,4094.0,4248.0,4016.0,4162.0,4365900,0.0,0.0
2025-02-17 00:00:00+09:00,4210.0,4279.0,4174.0,4252.0,2148400,0.0,0.0
2025-02-18 00:00:00+09:00,4289.0,4295.0,4233.0,4247.0,1149300,0.0,0.0
2025-02-19 00:00:00+09:00,4245.0,4245.0,4103.0,4120.0,1868800,0.0,0.0
2025-02-20 00:00:00+09:00,4102.0,4124.0,4040.0,4063.0,1976600,0.0,0.0
2025-02-21 00:00:00+09:00,4033.0,4084.0,4022.0,4055.0,1955000,0.0,0.0
2025-02-25 00:00:00+09:00,4030.0,4139.0,4029.0,4113.0,2395500,0.0,0.0
2025-02-26 00:00:00+09:00,4081.0,4116.0,4055.0,4101.0,1172300,0.0,0.0
2025-02-27 00:00:00+09:00,4056.0,4083.0,4001.0,4035.0,1870500,0.0,0.0
2025-02-28 00:00:00+09:00,3997.0,4022.0,3953.0,3978.0,2478800,0.0,0.0
