Date,Open,High,Low,Close,Volume,Dividends,Stock Splits
2003-12-22 00:00:00+09:00,110606.171875,110606.171875,87320.6640625,107038.234375,1015302,0.0,0.0
2003-12-23 00:00:00+09:00,108916.09375,109761.1328125,94268.7578125,96709.984375,310246,0.0,0.0
2003-12-24 00:00:00+09:00,95771.0546875,96616.0859375,86757.3046875,87226.7734375,227812,0.0,0.0
2003-12-25 00:00:00+09:00,87226.7734375,87226.7734375,87226.7734375,87226.7734375,0,0.0,0.0
2003-12-26 00:00:00+09:00,82156.5390625,93048.1484375,82156.5390625,88259.59375,244639,0.0,0.0
2003-12-29 00:00:00+09:00,88259.59375,91076.390625,84691.65625,85912.265625,131212,0.0,0.0
2003-12-30 00:00:00+09:00,86381.734375,88447.3828125,85912.265625,87226.7734375,95214,0.0,0.0
2003-12-31 00:00:00+09:00,87226.7734375,87226.7734375,87226.7734375,87226.7734375,0,0.0,0.0
2004-01-01 00:00:00+09:00,87226.7734375,87226.7734375,87226.7734375,87226.7734375,0,0.0,0.0
2004-01-02 00:00:00+09:00,87508.453125,97179.4453125,87508.453125,92860.359375,155176,0.0,0.0
2004-01-05 00:00:00+09:00,92860.359375,95395.4765625,90513.03125,92015.3203125,82327,0.0,0.0
2004-01-06 00:00:00+09:00,93423.71875,94644.3359375,91264.1796875,93705.3984375,112255,0.0,0.0
2004-01-07 00:00:00+09:00,94362.65625,96709.984375,91545.859375,91545.859375,65286,0.0,0.0
2004-01-08 00:00:00+09:00,91545.859375,92484.7890625,84034.40625,86381.734375,138881,0.0,0.0
2004-01-09 00:00:00+09:00,88447.3828125,96709.984375,88447.3828125,96709.984375,250816,0.0,0.0
2004-01-12 00:00:00+09:00,100559.6015625,108258.84375,100465.7109375,105160.3671875,363072,0.0,0.0
2004-01-13 00:00:00+09:00,108916.09375,116897.015625,107977.1640625,114080.21875,257633,0.0,0.0
2004-01-14 00:00:00+09:00,114549.6875,115019.15625,108634.4140625,112671.828125,116089,0.0,0.0
2004-01-15 00:00:00+09:00,114549.6875,114549.6875,106380.984375,106568.765625,65819,0.0,0.0
2004-01-16 00:00:00+09:00,101592.4296875,104878.6875,99620.671875,102343.5703125,85309,0.0,0.0
2004-01-19 00:00:00+09:00,102625.25,106850.4453125,96146.625,96240.515625,83179,0.0,0.0
2004-01-20 00:00:00+09:00,97836.703125,102155.7890625,94644.3359375,101404.640625,89037,0.0,0.0
2004-01-21 00:00:00+09:00,101404.640625,101404.640625,101404.640625,101404.640625,0,0.0,0.0
2004-01-22 00:00:00+09:00,101404.640625,101404.640625,101404.640625,101404.640625,0,0.0,0.0
2004-01-23 00:00:00+09:00,101404.640625,101404.640625,101404.640625,101404.640625,0,0.0,0.0
2004-01-26 00:00:00+09:00,101404.640625,102343.5703125,96428.3046875,96897.765625,58790,0.0,0.0
2004-01-27 00:00:00+09:00,96897.765625,98775.6328125,94738.2265625,95864.9453125,42282,0.0,0.0
2004-01-28 00:00:00+09:00,94174.8671875,95583.265625,92484.7890625,92860.359375,99794,0.0,0.0
2004-01-29 00:00:00+09:00,91639.75,92860.359375,88635.171875,89667.9921875,304920,0.0,0.0
2004-01-30 00:00:00+09:00,90325.2421875,92484.7890625,88729.0625,90794.7109375,75830,0.0,0.0
2004-02-02 00:00:00+09:00,88259.59375,96146.625,87414.5546875,92672.578125,159649,0.0,0.0
2004-02-03 00:00:00+09:00,94832.1171875,96991.6640625,91170.28125,95958.8359375,135473,0.0,0.0
2004-02-04 00:00:00+09:00,96709.984375,107413.8046875,96334.40625,105911.515625,340599,0.0,0.0
2004-02-05 00:00:00+09:00,105911.515625,105911.515625,98024.484375,101029.0703125,139200,0.0,0.0
2004-02-06 00:00:00+09:00,102906.9296875,108916.09375,99245.1015625,105911.515625,160927,0.0,0.0
2004-02-09 00:00:00+09:00,104221.4375,107413.8046875,100465.7109375,101216.859375,67310,0.0,0.0
2004-02-10 00:00:00+09:00,100559.6015625,101780.2109375,95301.5859375,98118.3828125,63902,0.0,0.0
2004-02-11 00:00:00+09:00,98681.7421875,102249.6796875,98493.953125,99151.203125,61026,0.0,0.0
2004-02-12 00:00:00+09:00,99526.78125,101310.75,96709.984375,96897.765625,41643,0.0,0.0
2004-02-13 00:00:00+09:00,96709.984375,100277.921875,96709.984375,98681.7421875,49311,0.0,0.0
2004-02-16 00:00:00+09:00,96052.7265625,100841.28125,96052.7265625,98587.84375,49204,0.0,0.0
2004-02-17 00:00:00+09:00,100559.6015625,100559.6015625,97273.34375,97648.9140625,31525,0.0,0.0
2004-02-18 00:00:00+09:00,99526.78125,99526.78125,94080.9765625,95019.90625,55914,0.0,0.0
2004-02-19 00:00:00+09:00,93893.1875,93893.1875,87320.6640625,89198.53125,270413,0.0,0.0
2004-02-20 00:00:00+09:00,89198.53125,89855.78125,85067.2265625,87320.6640625,268177,0.0,0.0
2004-02-23 00:00:00+09:00,87320.6640625,89480.2109375,86475.625,87790.1328125,140585,0.0,0.0
2004-02-24 00:00:00+09:00,86663.4140625,88353.4921875,84973.3359375,85161.1171875,119603,0.0,0.0
2004-02-25 00:00:00+09:00,84691.65625,86475.625,83377.1484375,83658.828125,117793,0.0,0.0
2004-02-26 00:00:00+09:00,83658.828125,86100.0546875,81687.0703125,86006.15625,160075,0.0,0.0
2004-02-27 00:00:00+09:00,86100.0546875,88447.3828125,84597.7578125,85442.796875,112148,0.0,0.0
2004-03-01 00:00:00+09:00,85442.796875,85442.796875,85442.796875,85442.796875,0,0.0,0.0
2004-03-02 00:00:00+09:00,85536.6953125,89386.3125,85536.6953125,88259.59375,176051,0.0,0.0
2004-03-03 00:00:00+09:00,88165.703125,88165.703125,85442.796875,85442.796875,146762,0.0,0.0
2004-03-04 00:00:00+09:00,84691.65625,86663.4140625,84128.296875,86663.4140625,107462,0.0,0.0
2004-03-05 00:00:00+09:00,88635.171875,93799.296875,87790.1328125,91358.0703125,336339,0.0,0.0
2004-03-08 00:00:00+09:00,92954.2578125,95113.796875,92484.7890625,93329.828125,173282,0.0,0.0
2004-03-09 00:00:00+09:00,93517.6171875,94362.65625,89761.890625,89761.890625,100220,0.0,0.0
2004-03-10 00:00:00+09:00,89198.53125,90606.921875,86663.4140625,87320.6640625,62411,0.0,0.0
2004-03-11 00:00:00+09:00,86006.15625,87696.234375,84973.3359375,86663.4140625,71570,0.0,0.0
2004-03-12 00:00:00+09:00,85630.5859375,88071.8125,76429.0546875,84503.8671875,167637,0.0,0.0
2004-03-15 00:00:00+09:00,84785.546875,86475.625,84785.546875,86100.0546875,71570,0.0,0.0
2004-03-16 00:00:00+09:00,84785.546875,85442.796875,84409.9765625,85442.796875,41430,0.0,0.0
2004-03-17 00:00:00+09:00,87320.6640625,89104.6328125,86006.15625,89104.6328125,74765,0.0,0.0
2004-03-18 00:00:00+09:00,90137.4609375,92766.46875,89104.6328125,90137.4609375,112468,0.0,0.0
2004-03-19 00:00:00+09:00,91076.390625,92766.46875,88916.8515625,92015.3203125,78280,0.0,0.0
2004-03-22 00:00:00+09:00,90700.8203125,92297.0,89855.78125,91076.390625,50802,0.0,0.0
2004-03-23 00:00:00+09:00,89292.421875,90606.921875,88729.0625,89480.2109375,24602,0.0,0.0
2004-03-24 00:00:00+09:00,90231.3515625,91545.859375,88729.0625,89010.7421875,41430,0.0,0.0
2004-03-25 00:00:00+09:00,89010.7421875,89855.78125,86193.9453125,86569.515625,43560,0.0,0.0
2004-03-26 00:00:00+09:00,88729.0625,89198.53125,87132.875,87414.5546875,62411,0.0,0.0
2004-03-29 00:00:00+09:00,87790.1328125,88916.8515625,87790.1328125,88353.4921875,33016,0.0,0.0
2004-03-30 00:00:00+09:00,89198.53125,92015.3203125,89198.53125,91545.859375,83712,0.0,0.0
2004-03-31 00:00:00+09:00,90794.7109375,92484.7890625,89949.671875,92297.0,56127,0.0,0.0
2004-04-01 00:00:00+09:00,90325.2421875,92484.7890625,90325.2421875,90700.8203125,38341,0.0,0.0
2004-04-02 00:00:00+09:00,91921.4296875,92390.8984375,90888.6015625,91545.859375,50482,0.0,0.0
2004-04-05 00:00:00+09:00,91545.859375,91545.859375,91545.859375,91545.859375,0,0.0,0.0
2004-04-06 00:00:00+09:00,92484.7890625,96616.0859375,92203.109375,95301.5859375,168702,0.0,0.0
2004-04-07 00:00:00+09:00,96240.515625,98212.2734375,94362.65625,96616.0859375,103628,0.0,0.0
2004-04-08 00:00:00+09:00,96709.984375,98118.3828125,95301.5859375,97836.703125,77854,0.0,0.0
2004-04-09 00:00:00+09:00,97179.4453125,97742.8046875,94832.1171875,95207.6953125,32483,0.0,0.0
2004-04-12 00:00:00+09:00,95207.6953125,96428.3046875,93235.9375,93235.9375,54104,0.0,0.0
2004-04-13 00:00:00+09:00,93799.296875,94738.2265625,89949.671875,90231.3515625,82860,0.0,0.0
2004-04-14 00:00:00+09:00,89292.421875,92860.359375,89198.53125,92484.7890625,71890,0.0,0.0
2004-04-15 00:00:00+09:00,92484.7890625,92484.7890625,92484.7890625,92484.7890625,0,0.0,0.0
2004-04-16 00:00:00+09:00,92484.7890625,93611.5078125,90794.7109375,91451.9609375,29395,0.0,0.0
2004-04-19 00:00:00+09:00,93142.0390625,93517.6171875,91264.1796875,91545.859375,51973,0.0,0.0
2004-04-20 00:00:00+09:00,92860.359375,99714.5625,92578.6796875,98587.84375,153046,0.0,0.0
2004-04-21 00:00:00+09:00,100465.7109375,103282.5078125,99996.2421875,101310.75,161886,0.0,0.0
2004-04-22 00:00:00+09:00,104690.90625,104690.90625,100559.6015625,101404.640625,112681,0.0,0.0
2004-04-23 00:00:00+09:00,103282.5078125,111732.890625,103282.5078125,108822.203125,214073,0.0,0.0
2004-04-26 00:00:00+09:00,111732.890625,111732.890625,105348.15625,106662.6640625,54849,0.0,0.0
2004-04-27 00:00:00+09:00,105442.046875,107507.703125,100371.8203125,107507.703125,89995,0.0,0.0
2004-04-28 00:00:00+09:00,104315.328125,107319.9140625,100935.1796875,100935.1796875,37915,0.0,0.0
2004-04-29 00:00:00+09:00,97836.703125,103094.71875,97648.9140625,101122.9609375,52612,0.0,0.0
2004-04-30 00:00:00+09:00,97648.9140625,102906.9296875,97648.9140625,100371.8203125,35252,0.0,0.0
2004-05-03 00:00:00+09:00,98869.5234375,101686.3203125,94268.7578125,95395.4765625,75937,0.0,0.0
2004-05-04 00:00:00+09:00,97085.5546875,98306.1640625,95019.90625,95395.4765625,62624,0.0,0.0
2004-05-05 00:00:00+09:00,95395.4765625,95395.4765625,95395.4765625,95395.4765625,0,0.0,0.0
2004-05-06 00:00:00+09:00,96709.984375,96709.984375,84503.8671875,85912.265625,150170,0.0,0.0
2004-05-07 00:00:00+09:00,85161.1171875,86851.1953125,80748.140625,86381.734375,84244,0.0,0.0
2004-05-10 00:00:00+09:00,84879.4375,87696.234375,76522.9453125,81499.2890625,101285,0.0,0.0
2004-05-11 00:00:00+09:00,77931.34375,81311.5,75584.015625,76522.9453125,157093,0.0,0.0
2004-05-12 00:00:00+09:00,78870.2734375,79621.421875,77931.34375,78870.2734375,129508,0.0,0.0
2004-05-13 00:00:00+09:00,77274.09375,78588.59375,74175.6171875,74175.6171875,132810,0.0,0.0
2004-05-14 00:00:00+09:00,74645.0859375,75865.6953125,65349.66015625,65443.55078125,343262,0.0,0.0
2004-05-17 00:00:00+09:00,64504.62109375,66664.1640625,57650.41796875,57650.41796875,321109,0.0,0.0
2004-05-18 00:00:00+09:00,55115.30078125,62251.18359375,54833.62109375,60748.890625,479374,0.0,0.0
2004-05-19 00:00:00+09:00,62532.86328125,67978.6640625,62532.86328125,67978.6640625,264342,0.0,0.0
2004-05-20 00:00:00+09:00,66194.6953125,73236.6875,65725.234375,69574.8515625,368397,0.0,0.0
2004-05-21 00:00:00+09:00,72203.859375,72767.21875,70138.2109375,70889.359375,106077,0.0,0.0
2004-05-24 00:00:00+09:00,73236.6875,73612.2578125,70138.2109375,70795.4609375,100113,0.0,0.0
2004-05-25 00:00:00+09:00,69105.3828125,69950.421875,67039.734375,68260.34375,96599,0.0,0.0
2004-05-26 00:00:00+09:00,68260.34375,68260.34375,68260.34375,68260.34375,0,0.0,0.0
2004-05-27 00:00:00+09:00,70044.3203125,70889.359375,68072.5625,68260.34375,153046,0.0,0.0
2004-05-28 00:00:00+09:00,68448.1328125,69387.0625,65537.4453125,65819.125,179246,0.0,0.0
2004-05-31 00:00:00+09:00,66194.6953125,67039.734375,63471.79296875,65913.015625,91273,0.0,0.0
2004-06-01 00:00:00+09:00,66288.59375,73800.046875,66288.59375,73800.046875,329310,0.0,0.0
2004-06-02 00:00:00+09:00,75584.015625,78306.921875,74175.6171875,75302.3359375,290968,0.0,0.0
2004-06-03 00:00:00+09:00,77555.7734375,77649.6640625,70419.890625,70983.25,225681,0.0,0.0
2004-06-04 00:00:00+09:00,73236.6875,73612.2578125,68072.5625,70138.2109375,161247,0.0,0.0
2004-06-07 00:00:00+09:00,70138.2109375,71546.609375,68072.5625,69011.4921875,190109,0.0,0.0
2004-06-08 00:00:00+09:00,70419.890625,73236.6875,69574.8515625,70607.6796875,337830,0.0,0.0
2004-06-09 00:00:00+09:00,71358.8203125,73236.6875,70795.4609375,71264.9296875,136751,0.0,0.0
2004-06-10 00:00:00+09:00,69950.421875,73330.578125,69480.9609375,73330.578125,142076,0.0,0.0
2004-06-11 00:00:00+09:00,73236.6875,73330.578125,66570.2734375,67039.734375,156667,0.0,0.0
2004-06-14 00:00:00+09:00,63941.26171875,68072.5625,62438.96875,62438.96875,108953,0.0,0.0
2004-06-15 00:00:00+09:00,69856.53125,69856.53125,69856.53125,69856.53125,78386,0.0,0.0
2004-06-16 00:00:00+09:00,73330.578125,75490.125,70044.3203125,71734.3984375,247408,0.0,0.0
2004-06-17 00:00:00+09:00,70513.78125,71734.3984375,68917.6015625,70044.3203125,71357,0.0,0.0
2004-06-18 00:00:00+09:00,68448.1328125,70607.6796875,66288.59375,67509.203125,130147,0.0,0.0
2004-06-21 00:00:00+09:00,67509.203125,68729.8125,67039.734375,67603.09375,67523,0.0,0.0
2004-06-22 00:00:00+09:00,67603.09375,70795.4609375,67603.09375,69480.9609375,99900,0.0,0.0
2004-06-23 00:00:00+09:00,69480.9609375,70232.1015625,68166.453125,68354.2421875,51228,0.0,0.0
2004-06-24 00:00:00+09:00,68542.0234375,70513.78125,68542.0234375,69950.421875,77428,0.0,0.0
2004-06-25 00:00:00+09:00,69950.421875,74738.9765625,69950.421875,74175.6171875,158158,0.0,0.0
2004-06-28 00:00:00+09:00,76147.375,76522.9453125,72767.21875,73236.6875,135153,0.0,0.0
2004-06-29 00:00:00+09:00,38496.20703125,40186.28515625,37651.16796875,37838.953125,208534,0.0,0.0
2004-06-30 00:00:00+09:00,37885.90234375,38402.3125,37087.80859375,37932.84765625,91060,0.0,0.0
2004-07-01 00:00:00+09:00,37181.703125,38496.20703125,37087.80859375,37087.80859375,99581,0.0,0.0
2004-07-02 00:00:00+09:00,35679.41015625,36618.34375,35679.41015625,35773.3046875,66138,0.0,0.0
2004-07-05 00:00:00+09:00,35773.3046875,35773.3046875,35773.3046875,35773.3046875,0,0.0,0.0
2004-07-06 00:00:00+09:00,36900.0234375,38026.7421875,35773.3046875,36148.87890625,99474,0.0,0.0
2004-07-07 00:00:00+09:00,32956.5078125,35397.73046875,32956.5078125,35116.05078125,60813,0.0,0.0
2004-07-08 00:00:00+09:00,34787.42578125,35397.73046875,33848.4921875,34083.2265625,49524,0.0,0.0
2004-07-09 00:00:00+09:00,34130.171875,34505.74609375,33801.546875,34177.12109375,40152,0.0,0.0
2004-07-12 00:00:00+09:00,34271.01171875,34505.74609375,32909.5625,32909.5625,72103,0.0,0.0
2004-07-13 00:00:00+09:00,32862.6171875,33425.9765625,32111.470703125,32299.255859375,66458,0.0,0.0
2004-07-14 00:00:00+09:00,32768.72265625,33754.6015625,32487.04296875,32956.5078125,93510,0.0,0.0
2004-07-15 00:00:00+09:00,33050.40234375,33707.65234375,32487.04296875,33566.8125,53997,0.0,0.0
2004-07-16 00:00:00+09:00,33285.13671875,33332.08203125,32580.935546875,33285.13671875,36317,0.0,0.0
2004-07-19 00:00:00+09:00,32393.150390625,33379.02734375,31829.791015625,31876.736328125,95960,0.0,0.0
2004-07-20 00:00:00+09:00,31078.64453125,31782.84375,28778.26171875,28825.208984375,275845,0.0,0.0
2004-07-21 00:00:00+09:00,29858.033203125,30984.751953125,28966.048828125,29576.353515625,286176,0.0,0.0
2004-07-22 00:00:00+09:00,28637.421875,28778.26171875,27604.59765625,27651.54296875,203422,0.0,0.0
2004-07-23 00:00:00+09:00,27604.59765625,27933.22265625,26712.611328125,26712.611328125,144419,0.0,0.0
2004-07-26 00:00:00+09:00,26290.091796875,27980.169921875,25914.51953125,26196.19921875,176477,0.0,0.0
2004-07-27 00:00:00+09:00,25820.626953125,26290.091796875,24130.548828125,24177.49609375,272863,0.0,0.0
2004-07-28 00:00:00+09:00,24646.9609375,24881.6953125,22581.310546875,22722.150390625,540933,0.0,0.0
2004-07-29 00:00:00+09:00,22909.9375,23285.509765625,19999.248046875,20093.142578125,780461,0.0,0.0
2004-07-30 00:00:00+09:00,20844.287109375,20891.234375,19107.263671875,19388.943359375,907733,0.0,0.0
2004-08-02 00:00:00+09:00,19764.515625,20327.875,19154.2109375,19154.2109375,589393,0.0,0.0
2004-08-03 00:00:00+09:00,19435.890625,21360.69921875,17698.865234375,20562.607421875,1863180,0.0,0.0
2004-08-04 00:00:00+09:00,19905.35546875,20891.234375,19435.890625,20046.1953125,708464,0.0,0.0
2004-08-05 00:00:00+09:00,20609.5546875,21830.166015625,20374.822265625,21501.5390625,1156313,0.0,0.0
2004-08-06 00:00:00+09:00,20703.447265625,22017.953125,20609.5546875,21877.11328125,638491,0.0,0.0
2004-08-09 00:00:00+09:00,21877.11328125,22769.09765625,21172.9140625,22440.47265625,557548,0.0,0.0
2004-08-10 00:00:00+09:00,22111.845703125,23050.77734375,21830.166015625,22440.47265625,631355,0.0,0.0
2004-08-11 00:00:00+09:00,23003.830078125,23050.77734375,22205.73828125,22393.525390625,507917,0.0,0.0
2004-08-12 00:00:00+09:00,22346.578125,22628.2578125,22064.8984375,22064.8984375,364989,0.0,0.0
2004-08-13 00:00:00+09:00,21689.326171875,22816.044921875,21689.326171875,22158.79296875,456369,0.0,0.0
2004-08-16 00:00:00+09:00,22158.79296875,22534.365234375,21454.59375,21689.326171875,300447,0.0,0.0
2004-08-17 00:00:00+09:00,22064.8984375,22252.685546875,21407.646484375,21689.326171875,169873,0.0,0.0
2004-08-18 00:00:00+09:00,21689.326171875,22064.8984375,21360.69921875,21360.69921875,171790,0.0,0.0
2004-08-19 00:00:00+09:00,21595.43359375,22252.685546875,21407.646484375,21971.005859375,419093,0.0,0.0
2004-08-20 00:00:00+09:00,22487.41796875,23754.9765625,22346.578125,23473.296875,1018497,0.0,0.0
2004-08-23 00:00:00+09:00,23942.763671875,24130.548828125,23285.509765625,23332.45703125,296826,0.0,0.0
2004-08-24 00:00:00+09:00,23426.349609375,23942.763671875,23003.830078125,23942.763671875,274354,0.0,0.0
2004-08-25 00:00:00+09:00,23989.708984375,24083.6015625,23567.189453125,23801.923828125,209067,0.0,0.0
2004-08-26 00:00:00+09:00,23801.923828125,24412.228515625,23332.45703125,23379.404296875,376385,0.0,0.0
2004-08-27 00:00:00+09:00,23285.509765625,23614.13671875,22816.044921875,22816.044921875,240379,0.0,0.0
2004-08-30 00:00:00+09:00,22816.044921875,23097.724609375,22534.365234375,22816.044921875,157199,0.0,0.0
2004-08-31 00:00:00+09:00,22534.365234375,23003.830078125,22064.8984375,22111.845703125,313547,0.0,0.0
2004-09-01 00:00:00+09:00,22158.79296875,22487.41796875,21783.21875,22017.953125,541466,0.0,0.0
2004-09-02 00:00:00+09:00,22299.6328125,22909.9375,22017.953125,22205.73828125,479481,0.0,0.0
2004-09-03 00:00:00+09:00,22346.578125,22534.365234375,21313.75390625,21360.69921875,405673,0.0,0.0
2004-09-06 00:00:00+09:00,21407.646484375,21736.2734375,21219.859375,21736.2734375,220782,0.0,0.0
2004-09-07 00:00:00+09:00,21877.11328125,22205.73828125,21736.2734375,21971.005859375,360516,0.0,0.0
2004-09-08 00:00:00+09:00,22393.525390625,23003.830078125,22252.685546875,22299.6328125,465955,0.0,0.0
2004-09-09 00:00:00+09:00,22722.150390625,22909.9375,22299.6328125,22769.09765625,295442,0.0,0.0
2004-09-10 00:00:00+09:00,23238.564453125,23848.869140625,23238.564453125,23848.869140625,531028,0.0,0.0
2004-09-13 00:00:00+09:00,24459.17578125,26665.666015625,24318.3359375,26665.666015625,995812,0.0,0.0
2004-09-14 00:00:00+09:00,27229.0234375,27604.59765625,25773.6796875,26008.412109375,700263,0.0,0.0
2004-09-15 00:00:00+09:00,26290.091796875,27182.078125,25867.572265625,26149.251953125,474155,0.0,0.0
2004-09-16 00:00:00+09:00,25538.947265625,26243.146484375,24881.6953125,25163.375,408762,0.0,0.0
2004-09-17 00:00:00+09:00,25445.052734375,25726.732421875,24693.908203125,25445.052734375,350078,0.0,0.0
2004-09-20 00:00:00+09:00,26055.359375,26243.146484375,25163.375,25257.267578125,473410,0.0,0.0
2004-09-21 00:00:00+09:00,24881.6953125,25351.16015625,24318.3359375,24506.12109375,300873,0.0,0.0
2004-09-22 00:00:00+09:00,24600.015625,24975.587890625,23285.509765625,23285.509765625,316210,0.0,0.0
2004-09-23 00:00:00+09:00,22769.09765625,23003.830078125,22393.525390625,22393.525390625,282768,0.0,0.0
2004-09-24 00:00:00+09:00,22393.525390625,23144.669921875,22111.845703125,22252.685546875,297359,0.0,0.0
2004-09-27 00:00:00+09:00,22252.685546875,22252.685546875,22252.685546875,22252.685546875,0,0.0,0.0
2004-09-28 00:00:00+09:00,22252.685546875,22252.685546875,22252.685546875,22252.685546875,0,0.0,0.0
2004-09-29 00:00:00+09:00,22252.685546875,22252.685546875,22252.685546875,22252.685546875,0,0.0,0.0
2004-09-30 00:00:00+09:00,21877.11328125,22440.47265625,21877.11328125,22158.79296875,117793,0.0,0.0
2004-10-01 00:00:00+09:00,22158.79296875,24553.068359375,22158.79296875,23989.708984375,409827,0.0,0.0
2004-10-04 00:00:00+09:00,24318.3359375,25163.375,24177.49609375,24834.748046875,318446,0.0,0.0
2004-10-05 00:00:00+09:00,24928.640625,26196.19921875,24412.228515625,24928.640625,614315,0.0,0.0
2004-10-06 00:00:00+09:00,25116.427734375,25679.787109375,24787.80078125,25069.48046875,346457,0.0,0.0
2004-10-07 00:00:00+09:00,25069.48046875,25351.16015625,24271.388671875,24412.228515625,282981,0.0,0.0
2004-10-08 00:00:00+09:00,23942.763671875,24693.908203125,23754.9765625,23848.869140625,208002,0.0,0.0
2004-10-11 00:00:00+09:00,23754.9765625,24318.3359375,23754.9765625,24318.3359375,137070,0.0,0.0
2004-10-12 00:00:00+09:00,24224.44140625,24693.908203125,23379.404296875,23379.404296875,164868,0.0,0.0
2004-10-13 00:00:00+09:00,23754.9765625,26149.251953125,23754.9765625,26149.251953125,766935,0.0,0.0
2004-10-14 00:00:00+09:00,26383.986328125,26900.3984375,25492.0,26571.771484375,529963,0.0,0.0
2004-10-15 00:00:00+09:00,26571.771484375,27322.91796875,26055.359375,26524.826171875,475646,0.0,0.0
2004-10-18 00:00:00+09:00,26806.505859375,27369.86328125,25632.83984375,25820.626953125,580979,0.0,0.0
2004-10-19 00:00:00+09:00,26290.091796875,26759.55859375,25022.53515625,25210.3203125,621663,0.0,0.0
2004-10-20 00:00:00+09:00,26008.412109375,26008.412109375,24787.80078125,24834.748046875,294270,0.0,0.0
2004-10-21 00:00:00+09:00,24834.748046875,25116.427734375,22675.205078125,23801.923828125,360303,0.0,0.0
2004-10-22 00:00:00+09:00,23426.349609375,24600.015625,23426.349609375,23754.9765625,203316,0.0,0.0
2004-10-25 00:00:00+09:00,23473.296875,23567.189453125,22769.09765625,22769.09765625,224616,0.0,0.0
2004-10-26 00:00:00+09:00,22769.09765625,23285.509765625,22675.205078125,23285.509765625,186275,0.0,0.0
2004-10-27 00:00:00+09:00,23473.296875,23895.81640625,21830.166015625,22346.578125,286069,0.0,0.0
2004-10-28 00:00:00+09:00,22862.990234375,23003.830078125,22393.525390625,22722.150390625,174240,0.0,0.0
2004-10-29 00:00:00+09:00,22393.525390625,23097.724609375,22064.8984375,23097.724609375,150064,0.0,0.0
2004-11-01 00:00:00+09:00,22909.9375,23426.349609375,22675.205078125,22722.150390625,148892,0.0,0.0
2004-11-02 00:00:00+09:00,22769.09765625,24553.068359375,22769.09765625,23520.244140625,450405,0.0,0.0
2004-11-03 00:00:00+09:00,23473.296875,23942.763671875,23144.669921875,23848.869140625,241657,0.0,0.0
2004-11-04 00:00:00+09:00,23848.869140625,23895.81640625,23050.77734375,23050.77734375,178926,0.0,0.0
2004-11-05 00:00:00+09:00,23144.669921875,23520.244140625,22628.2578125,23191.6171875,301406,0.0,0.0
2004-11-08 00:00:00+09:00,23285.509765625,23848.869140625,23050.77734375,23379.404296875,377876,0.0,0.0
2004-11-09 00:00:00+09:00,23567.189453125,23614.13671875,22722.150390625,22956.884765625,169128,0.0,0.0
2004-11-10 00:00:00+09:00,22956.884765625,23332.45703125,22956.884765625,23003.830078125,176796,0.0,0.0
2004-11-11 00:00:00+09:00,22722.150390625,23097.724609375,22722.150390625,22769.09765625,150064,0.0,0.0
2004-11-12 00:00:00+09:00,23003.830078125,23661.083984375,22956.884765625,23567.189453125,302790,0.0,0.0
2004-11-15 00:00:00+09:00,23895.81640625,25820.626953125,23895.81640625,24412.228515625,807726,0.0,0.0
2004-11-16 00:00:00+09:00,24553.068359375,25022.53515625,24177.49609375,24318.3359375,366267,0.0,0.0
2004-11-17 00:00:00+09:00,24834.748046875,25679.787109375,24412.228515625,25351.16015625,517715,0.0,0.0
2004-11-18 00:00:00+09:00,25351.16015625,25538.947265625,24787.80078125,25069.48046875,267325,0.0,0.0
2004-11-19 00:00:00+09:00,24975.587890625,25632.83984375,24600.015625,24787.80078125,327073,0.0,0.0
2004-11-22 00:00:00+09:00,24365.28125,24365.28125,23661.083984375,23754.9765625,206085,0.0,0.0
2004-11-23 00:00:00+09:00,24224.44140625,24412.228515625,23848.869140625,24130.548828125,169873,0.0,0.0
2004-11-24 00:00:00+09:00,23989.708984375,24740.85546875,23942.763671875,24740.85546875,208854,0.0,0.0
2004-11-25 00:00:00+09:00,24787.80078125,24834.748046875,23942.763671875,24036.65625,251562,0.0,0.0
2004-11-26 00:00:00+09:00,24130.548828125,24224.44140625,22956.884765625,22956.884765625,348374,0.0,0.0
2004-11-29 00:00:00+09:00,23191.6171875,23285.509765625,22393.525390625,22487.41796875,312908,0.0,0.0
2004-11-30 00:00:00+09:00,22440.47265625,23097.724609375,22158.79296875,23097.724609375,322174,0.0,0.0
2004-12-01 00:00:00+09:00,22862.990234375,24600.015625,22862.990234375,24318.3359375,486084,0.0,0.0
2004-12-02 00:00:00+09:00,25022.53515625,26571.771484375,24693.908203125,25304.21484375,894740,0.0,0.0
2004-12-03 00:00:00+09:00,25585.892578125,25914.51953125,25069.48046875,25867.572265625,551690,0.0,0.0
2004-12-06 00:00:00+09:00,26149.251953125,26665.666015625,25679.787109375,25820.626953125,441672,0.0,0.0
2004-12-07 00:00:00+09:00,25679.787109375,26008.412109375,24318.3359375,24787.80078125,483634,0.0,0.0
2004-12-08 00:00:00+09:00,24412.228515625,24975.587890625,24271.388671875,24740.85546875,222806,0.0,0.0
2004-12-09 00:00:00+09:00,24553.068359375,24646.9609375,23520.244140625,23848.869140625,251775,0.0,0.0
2004-12-10 00:00:00+09:00,23473.296875,23848.869140625,22628.2578125,22956.884765625,273928,0.0,0.0
2004-12-13 00:00:00+09:00,22816.044921875,23285.509765625,22769.09765625,22909.9375,122799,0.0,0.0
2004-12-14 00:00:00+09:00,23097.724609375,23285.509765625,22769.09765625,23097.724609375,176583,0.0,0.0
2004-12-15 00:00:00+09:00,23097.724609375,23567.189453125,23097.724609375,23379.404296875,261147,0.0,0.0
2004-12-16 00:00:00+09:00,23426.349609375,23801.923828125,23238.564453125,23473.296875,193091,0.0,0.0
2004-12-17 00:00:00+09:00,23942.763671875,25163.375,23848.869140625,24834.748046875,494391,0.0,0.0
2004-12-20 00:00:00+09:00,25022.53515625,26243.146484375,24928.640625,26102.306640625,751385,0.0,0.0
2004-12-21 00:00:00+09:00,26383.986328125,26853.451171875,25773.6796875,26477.87890625,651804,0.0,0.0
2004-12-22 00:00:00+09:00,26853.451171875,26947.34375,24881.6953125,25351.16015625,582789,0.0,0.0
2004-12-23 00:00:00+09:00,25820.626953125,26290.091796875,24928.640625,24928.640625,267857,0.0,0.0
2004-12-24 00:00:00+09:00,24975.587890625,25538.947265625,24834.748046875,25351.16015625,209386,0.0,0.0
2004-12-27 00:00:00+09:00,25538.947265625,26665.666015625,25538.947265625,26571.771484375,291714,0.0,0.0
2004-12-28 00:00:00+09:00,26196.19921875,26712.611328125,25585.892578125,26196.19921875,215883,0.0,0.0
2004-12-29 00:00:00+09:00,26290.091796875,26665.666015625,25820.626953125,26149.251953125,162418,0.0,0.0
2004-12-30 00:00:00+09:00,25914.51953125,26571.771484375,25914.51953125,26383.986328125,158477,0.0,0.0
2004-12-31 00:00:00+09:00,26383.986328125,26383.986328125,26383.986328125,26383.986328125,0,0.0,0.0
2005-01-03 00:00:00+09:00,27041.23828125,28872.154296875,26759.55859375,28449.634765625,613889,0.0,0.0
2005-01-04 00:00:00+09:00,28261.849609375,30327.5,27698.490234375,29247.728515625,667567,0.0,0.0
2005-01-05 00:00:00+09:00,29106.888671875,29811.0859375,28731.314453125,28966.048828125,407484,0.0,0.0
2005-01-06 00:00:00+09:00,29858.033203125,30750.01953125,29247.728515625,30139.712890625,589712,0.0,0.0
2005-01-07 00:00:00+09:00,30233.60546875,32674.830078125,30233.60546875,32299.255859375,1145450,0.0,0.0
2005-01-10 00:00:00+09:00,33613.76171875,36148.87890625,33425.9765625,36148.87890625,1219364,0.0,0.0
2005-01-11 00:00:00+09:00,35209.9453125,35961.08984375,33613.76171875,34552.69140625,907840,0.0,0.0
2005-01-12 00:00:00+09:00,33895.44140625,34458.80078125,31548.111328125,31923.68359375,1014876,0.0,0.0
2005-01-13 00:00:00+09:00,31923.68359375,33191.2421875,31360.32421875,32064.5234375,908479,0.0,0.0
2005-01-14 00:00:00+09:00,31454.216796875,32017.576171875,30562.232421875,31876.736328125,669377,0.0,0.0
2005-01-17 00:00:00+09:00,32205.36328125,34411.8515625,30374.4453125,30374.4453125,2015588,0.0,0.0
2005-01-18 00:00:00+09:00,29998.873046875,30327.5,27886.27734375,28308.796875,1880115,0.0,0.0
2005-01-19 00:00:00+09:00,28731.314453125,29435.513671875,28637.421875,28731.314453125,1155461,0.0,0.0
2005-01-20 00:00:00+09:00,28261.849609375,28825.208984375,27322.91796875,27416.810546875,815607,0.0,0.0
2005-01-21 00:00:00+09:00,26477.87890625,29012.994140625,26430.931640625,27839.330078125,717730,0.0,0.0
2005-01-24 00:00:00+09:00,27698.490234375,28872.154296875,27698.490234375,28872.154296875,613782,0.0,0.0
2005-01-25 00:00:00+09:00,29106.888671875,29200.78125,28027.1171875,28214.90234375,326328,0.0,0.0
2005-01-26 00:00:00+09:00,28261.849609375,28637.421875,27651.54296875,28074.0625,458180,0.0,0.0
2005-01-27 00:00:00+09:00,28308.796875,28496.58203125,26571.771484375,26994.291015625,530496,0.0,0.0
2005-01-28 00:00:00+09:00,27135.130859375,27463.7578125,26571.771484375,26806.505859375,509728,0.0,0.0
2005-01-31 00:00:00+09:00,26290.091796875,27698.490234375,25726.732421875,27182.078125,696962,0.0,0.0
2005-02-01 00:00:00+09:00,26947.34375,27369.86328125,26383.986328125,26383.986328125,302258,0.0,0.0
2005-02-02 00:00:00+09:00,26430.931640625,26759.55859375,25257.267578125,25351.16015625,681306,0.0,0.0
2005-02-03 00:00:00+09:00,25351.16015625,25679.787109375,25069.48046875,25304.21484375,335487,0.0,0.0
2005-02-04 00:00:00+09:00,25585.892578125,26383.986328125,25538.947265625,25961.466796875,371485,0.0,0.0
2005-02-07 00:00:00+09:00,25961.466796875,27229.0234375,25914.51953125,27135.130859375,513242,0.0,0.0
2005-02-08 00:00:00+09:00,27135.130859375,27135.130859375,27135.130859375,27135.130859375,0,0.0,0.0
2005-02-09 00:00:00+09:00,27135.130859375,27135.130859375,27135.130859375,27135.130859375,0,0.0,0.0
2005-02-10 00:00:00+09:00,27135.130859375,27135.130859375,27135.130859375,27135.130859375,0,0.0,0.0
2005-02-11 00:00:00+09:00,26853.451171875,27322.91796875,26430.931640625,26759.55859375,256355,0.0,0.0
2005-02-14 00:00:00+09:00,27416.810546875,28167.95703125,26947.34375,27416.810546875,724972,0.0,0.0
2005-02-15 00:00:00+09:00,28167.95703125,28308.796875,27745.4375,27886.27734375,315997,0.0,0.0
2005-02-16 00:00:00+09:00,28543.529296875,28590.474609375,27416.810546875,28121.009765625,351143,0.0,0.0
2005-02-17 00:00:00+09:00,28261.849609375,28308.796875,26947.34375,26947.34375,388633,0.0,0.0
2005-02-18 00:00:00+09:00,26947.34375,27088.18359375,25914.51953125,26383.986328125,345498,0.0,0.0
2005-02-21 00:00:00+09:00,26477.87890625,26759.55859375,25773.6796875,25820.626953125,383946,0.0,0.0
2005-02-22 00:00:00+09:00,25632.83984375,26196.19921875,25538.947265625,25679.787109375,271159,0.0,0.0
2005-02-23 00:00:00+09:00,25163.375,25726.732421875,25163.375,25445.052734375,223125,0.0,0.0
2005-02-24 00:00:00+09:00,25445.052734375,25961.466796875,25445.052734375,25726.732421875,325795,0.0,0.0
2005-02-25 00:00:00+09:00,26290.091796875,26290.091796875,25351.16015625,25445.052734375,350717,0.0,0.0
2005-02-28 00:00:00+09:00,25492.0,25632.83984375,23473.296875,23801.923828125,759906,0.0,0.0
2005-03-01 00:00:00+09:00,23801.923828125,23801.923828125,23801.923828125,23801.923828125,0,0.0,0.0
2005-03-02 00:00:00+09:00,23942.763671875,24412.228515625,23520.244140625,23708.029296875,349865,0.0,0.0
2005-03-03 00:00:00+09:00,23661.083984375,23895.81640625,22581.310546875,22722.150390625,514733,0.0,0.0
2005-03-04 00:00:00+09:00,23097.724609375,25022.53515625,23097.724609375,24787.80078125,1088470,0.0,0.0
2005-03-07 00:00:00+09:00,24646.9609375,24740.85546875,22862.990234375,23003.830078125,667673,0.0,0.0
2005-03-08 00:00:00+09:00,23332.45703125,23426.349609375,22722.150390625,22862.990234375,317062,0.0,0.0
2005-03-09 00:00:00+09:00,22862.990234375,22862.990234375,22064.8984375,22158.79296875,372977,0.0,0.0
2005-03-10 00:00:00+09:00,21642.37890625,21924.05859375,21172.9140625,21360.69921875,470534,0.0,0.0
2005-03-11 00:00:00+09:00,21219.859375,22628.2578125,21219.859375,21877.11328125,383201,0.0,0.0
2005-03-14 00:00:00+09:00,21877.11328125,22111.845703125,21501.5390625,21689.326171875,209919,0.0,0.0
2005-03-15 00:00:00+09:00,21783.21875,22017.953125,20844.287109375,20891.234375,407697,0.0,0.0
2005-03-16 00:00:00+09:00,21032.07421875,21219.859375,20515.662109375,21125.966796875,225894,0.0,0.0
2005-03-17 00:00:00+09:00,20656.501953125,20985.126953125,20421.767578125,20421.767578125,220889,0.0,0.0
2005-03-18 00:00:00+09:00,19952.302734375,20280.927734375,19435.890625,19952.302734375,427826,0.0,0.0
2005-03-21 00:00:00+09:00,19623.67578125,20093.142578125,19248.103515625,19435.890625,244639,0.0,0.0
2005-03-22 00:00:00+09:00,19248.103515625,19717.568359375,19248.103515625,19248.103515625,176051,0.0,0.0
2005-03-23 00:00:00+09:00,19013.37109375,19201.15625,18309.171875,18309.171875,333783,0.0,0.0
2005-03-24 00:00:00+09:00,18543.904296875,18919.4765625,18074.439453125,18215.27734375,495456,0.0,0.0
2005-03-25 00:00:00+09:00,18496.95703125,18731.69140625,18356.1171875,18496.95703125,241657,0.0,0.0
2005-03-28 00:00:00+09:00,18637.796875,19482.8359375,18637.796875,19013.37109375,337191,0.0,0.0
2005-03-29 00:00:00+09:00,19107.263671875,19201.15625,18637.796875,19107.263671875,297465,0.0,0.0
2005-03-30 00:00:00+09:00,19154.2109375,19811.462890625,19107.263671875,19341.99609375,344327,0.0,0.0
2005-03-31 00:00:00+09:00,19529.783203125,19670.623046875,18919.4765625,18919.4765625,223551,0.0,0.0
2005-04-01 00:00:00+09:00,18637.796875,18919.4765625,18262.224609375,18403.064453125,360090,0.0,0.0
2005-04-04 00:00:00+09:00,18262.224609375,18496.95703125,18074.439453125,18074.439453125,184464,0.0,0.0
2005-04-05 00:00:00+09:00,18074.439453125,18074.439453125,18074.439453125,18074.439453125,0,0.0,0.0
2005-04-06 00:00:00+09:00,17886.65234375,18496.95703125,17792.759765625,18496.95703125,328138,0.0,0.0
2005-04-07 00:00:00+09:00,18450.01171875,18543.904296875,18121.384765625,18121.384765625,153578,0.0,0.0
2005-04-08 00:00:00+09:00,18496.95703125,19529.783203125,18309.171875,19154.2109375,719860,0.0,0.0
2005-04-11 00:00:00+09:00,19060.31640625,19295.05078125,18590.8515625,18872.53125,224510,0.0,0.0
2005-04-12 00:00:00+09:00,18684.744140625,18825.583984375,18215.27734375,18309.171875,239314,0.0,0.0
2005-04-13 00:00:00+09:00,18262.224609375,18496.95703125,18168.33203125,18215.27734375,125994,0.0,0.0
2005-04-14 00:00:00+09:00,18027.4921875,18590.8515625,17980.544921875,18309.171875,231752,0.0,0.0
2005-04-15 00:00:00+09:00,17980.544921875,18356.1171875,17792.759765625,18027.4921875,169447,0.0,0.0
2005-04-18 00:00:00+09:00,17511.080078125,17839.705078125,16525.201171875,16900.7734375,320044,0.0,0.0
2005-04-19 00:00:00+09:00,17182.453125,17323.29296875,16853.826171875,16900.7734375,167211,0.0,0.0
2005-04-20 00:00:00+09:00,17182.453125,17417.185546875,16900.7734375,17041.61328125,239740,0.0,0.0
2005-04-21 00:00:00+09:00,16806.880859375,18027.4921875,16619.09375,17839.705078125,353060,0.0,0.0
2005-04-22 00:00:00+09:00,18543.904296875,18543.904296875,17604.97265625,17604.97265625,253479,0.0,0.0
2005-04-25 00:00:00+09:00,17182.453125,18121.384765625,16853.826171875,17323.29296875,404182,0.0,0.0
2005-04-26 00:00:00+09:00,17511.080078125,17511.080078125,16853.826171875,16853.826171875,253479,0.0,0.0
2005-04-27 00:00:00+09:00,16572.1484375,16759.93359375,16196.5751953125,16243.521484375,206511,0.0,0.0
2005-04-28 00:00:00+09:00,16337.4150390625,16478.25390625,13849.2451171875,13990.0849609375,851499,0.0,0.0
2005-04-29 00:00:00+09:00,13614.51171875,13849.2451171875,12581.6875,12769.4736328125,741054,0.0,0.0
2005-05-02 00:00:00+09:00,12816.419921875,13051.1533203125,11924.4345703125,12300.0078125,1407982,0.0,0.0
2005-05-03 00:00:00+09:00,12300.0078125,12957.259765625,11830.5419921875,11877.48828125,861404,0.0,0.0
2005-05-04 00:00:00+09:00,11924.4345703125,12253.060546875,11830.5419921875,12112.220703125,588967,0.0,0.0
2005-05-05 00:00:00+09:00,12112.220703125,12112.220703125,12112.220703125,12112.220703125,0,0.0,0.0
2005-05-06 00:00:00+09:00,12206.1142578125,13051.1533203125,12159.16796875,12628.6337890625,1134374,0.0,0.0
2005-05-09 00:00:00+09:00,12769.4736328125,13098.099609375,12393.900390625,12769.4736328125,865558,0.0,0.0
2005-05-10 00:00:00+09:00,12863.3662109375,12910.3134765625,12393.900390625,12393.900390625,377130,0.0,0.0
2005-05-11 00:00:00+09:00,12393.900390625,12440.84765625,11971.3818359375,11971.3818359375,335061,0.0,0.0
2005-05-12 00:00:00+09:00,11971.3818359375,12112.220703125,11689.7021484375,11877.48828125,284791,0.0,0.0
2005-05-13 00:00:00+09:00,11595.80859375,12300.0078125,11595.80859375,12065.2744140625,439222,0.0,0.0
2005-05-16 00:00:00+09:00,12018.328125,12253.060546875,11830.5419921875,12112.220703125,354338,0.0,0.0
2005-05-17 00:00:00+09:00,12206.1142578125,12346.9541015625,11924.4345703125,11924.4345703125,304281,0.0,0.0
2005-05-18 00:00:00+09:00,11877.48828125,12018.328125,11595.80859375,11642.7548828125,235054,0.0,0.0
2005-05-19 00:00:00+09:00,11736.6484375,11877.48828125,11736.6484375,11783.5947265625,212368,0.0,0.0
2005-05-20 00:00:00+09:00,11830.5419921875,12159.16796875,11830.5419921875,11971.3818359375,257952,0.0,0.0
2005-05-23 00:00:00+09:00,12018.328125,12065.2744140625,11877.48828125,11877.48828125,174879,0.0,0.0
2005-05-24 00:00:00+09:00,12065.2744140625,12346.9541015625,12065.2744140625,12300.0078125,347309,0.0,0.0
2005-05-25 00:00:00+09:00,12253.060546875,13285.8857421875,12253.060546875,12863.3662109375,772367,0.0,0.0
2005-05-26 00:00:00+09:00,13051.1533203125,13379.779296875,12816.419921875,12910.3134765625,415046,0.0,0.0
2005-05-27 00:00:00+09:00,13145.0458984375,13191.9931640625,12722.5263671875,12957.259765625,367119,0.0,0.0
2005-05-30 00:00:00+09:00,13191.9931640625,13426.7255859375,13051.1533203125,13426.7255859375,456263,0.0,0.0
2005-05-31 00:00:00+09:00,13708.4052734375,13849.2451171875,13426.7255859375,13614.51171875,482463,0.0,0.0
2005-06-01 00:00:00+09:00,13614.51171875,14318.7109375,13520.619140625,13990.0849609375,547643,0.0,0.0
2005-06-02 00:00:00+09:00,14130.9248046875,14130.9248046875,13661.458984375,13708.4052734375,283620,0.0,0.0
2005-06-03 00:00:00+09:00,13520.619140625,13661.458984375,13238.939453125,13567.5654296875,313441,0.0,0.0
2005-06-06 00:00:00+09:00,13567.5654296875,13567.5654296875,13567.5654296875,13567.5654296875,0,0.0,0.0
2005-06-07 00:00:00+09:00,13520.619140625,13802.298828125,13473.671875,13520.619140625,190322,0.0,0.0
2005-06-08 00:00:00+09:00,13332.8330078125,13849.2451171875,13051.1533203125,13332.8330078125,529111,0.0,0.0
2005-06-09 00:00:00+09:00,13238.939453125,13520.619140625,13191.9931640625,13238.939453125,184145,0.0,0.0
2005-06-10 00:00:00+09:00,13520.619140625,13802.298828125,13332.8330078125,13614.51171875,374255,0.0,0.0
2005-06-13 00:00:00+09:00,13755.3515625,13896.19140625,13379.779296875,13426.7255859375,436985,0.0,0.0
2005-06-14 00:00:00+09:00,13191.9931640625,13426.7255859375,12534.740234375,12534.740234375,489811,0.0,0.0
2005-06-15 00:00:00+09:00,12534.740234375,13661.458984375,12534.740234375,13567.5654296875,531774,0.0,0.0
2005-06-16 00:00:00+09:00,13567.5654296875,14037.03125,13238.939453125,13473.671875,817524,0.0,0.0
2005-06-17 00:00:00+09:00,13426.7255859375,13473.671875,12816.419921875,12910.3134765625,371805,0.0,0.0
2005-06-20 00:00:00+09:00,12722.5263671875,13191.9931640625,12675.580078125,12675.580078125,359451,0.0,0.0
2005-06-21 00:00:00+09:00,13004.2060546875,13614.51171875,13004.2060546875,13191.9931640625,550412,0.0,0.0
2005-06-22 00:00:00+09:00,13379.779296875,13896.19140625,13191.9931640625,13755.3515625,573737,0.0,0.0
2005-06-23 00:00:00+09:00,13896.19140625,14271.7646484375,13567.5654296875,14271.7646484375,519952,0.0,0.0
2005-06-24 00:00:00+09:00,13990.0849609375,14177.87109375,13755.3515625,14037.03125,255396,0.0,0.0
2005-06-27 00:00:00+09:00,13755.3515625,15586.26953125,13661.458984375,15304.58984375,1161532,0.0,0.0
2005-06-28 00:00:00+09:00,15398.482421875,15445.4296875,14975.962890625,15116.802734375,425163,0.0,0.0
2005-06-29 00:00:00+09:00,15492.3759765625,16431.30859375,15398.482421875,15727.1083984375,1088577,0.0,0.0
2005-06-30 00:00:00+09:00,15680.162109375,16290.4677734375,15680.162109375,15961.841796875,452748,0.0,0.0
2005-07-01 00:00:00+09:00,15680.162109375,16055.7353515625,15633.2158203125,15821.001953125,317914,0.0,0.0
2005-07-04 00:00:00+09:00,15961.841796875,16525.201171875,15961.841796875,16525.201171875,384585,0.0,0.0
2005-07-05 00:00:00+09:00,16806.880859375,16900.7734375,16337.4150390625,16478.25390625,354871,0.0,0.0
2005-07-06 00:00:00+09:00,16525.201171875,16666.041015625,15914.8955078125,16055.7353515625,346670,0.0,0.0
2005-07-07 00:00:00+09:00,15586.26953125,15821.001953125,15210.6962890625,15398.482421875,595250,0.0,0.0
2005-07-08 00:00:00+09:00,15304.58984375,15680.162109375,15210.6962890625,15304.58984375,279040,0.0,0.0
2005-07-11 00:00:00+09:00,15492.3759765625,15774.0556640625,15210.6962890625,15304.58984375,429956,0.0,0.0
2005-07-12 00:00:00+09:00,15351.5361328125,15727.1083984375,15351.5361328125,15633.2158203125,340919,0.0,0.0
2005-07-13 00:00:00+09:00,15680.162109375,15774.0556640625,15116.802734375,15163.75,295868,0.0,0.0
2005-07-14 00:00:00+09:00,15069.8564453125,15304.58984375,14647.3369140625,14741.23046875,496628,0.0,0.0
2005-07-15 00:00:00+09:00,14741.23046875,15398.482421875,14741.23046875,15304.58984375,386609,0.0,0.0
2005-07-18 00:00:00+09:00,15398.482421875,15539.322265625,14975.962890625,15022.91015625,276910,0.0,0.0
2005-07-19 00:00:00+09:00,14929.0166015625,15022.91015625,14647.3369140625,14694.2841796875,275632,0.0,0.0
2005-07-20 00:00:00+09:00,14694.2841796875,15116.802734375,14130.9248046875,14459.55078125,344753,0.0,0.0
2005-07-21 00:00:00+09:00,14365.6572265625,14647.3369140625,14083.978515625,14177.87109375,248793,0.0,0.0
2005-07-22 00:00:00+09:00,13943.138671875,14224.8173828125,13708.4052734375,13849.2451171875,287667,0.0,0.0
2005-07-25 00:00:00+09:00,13802.298828125,14177.87109375,13802.298828125,14037.03125,215777,0.0,0.0
2005-07-26 00:00:00+09:00,14037.03125,14929.0166015625,14037.03125,14741.23046875,416430,0.0,0.0
2005-07-27 00:00:00+09:00,14929.0166015625,15304.58984375,14647.3369140625,14835.1240234375,321642,0.0,0.0
2005-07-28 00:00:00+09:00,15069.8564453125,15210.6962890625,14553.4443359375,14647.3369140625,219717,0.0,0.0
2005-07-29 00:00:00+09:00,14835.1240234375,14835.1240234375,14318.7109375,14459.55078125,176690,0.0,0.0
2005-08-01 00:00:00+09:00,14271.7646484375,14929.0166015625,14224.8173828125,14929.0166015625,164655,0.0,0.0
2005-08-02 00:00:00+09:00,15163.75,16900.7734375,15022.91015625,16337.4150390625,1701507,0.0,0.0
2005-08-03 00:00:00+09:00,16572.1484375,16619.09375,15539.322265625,15539.322265625,799419,0.0,0.0
2005-08-04 00:00:00+09:00,15727.1083984375,15821.001953125,14553.4443359375,14835.1240234375,351889,0.0,0.0
2005-08-05 00:00:00+09:00,14459.55078125,14741.23046875,14130.9248046875,14459.55078125,399816,0.0,0.0
2005-08-08 00:00:00+09:00,14177.87109375,14600.390625,14177.87109375,14365.6572265625,212794,0.0,0.0
2005-08-09 00:00:00+09:00,14177.87109375,14647.3369140625,14177.87109375,14553.4443359375,242083,0.0,0.0
2005-08-10 00:00:00+09:00,14600.390625,14835.1240234375,14459.55078125,14506.4970703125,254012,0.0,0.0
2005-08-11 00:00:00+09:00,14412.6044921875,14882.0703125,14412.6044921875,14882.0703125,247302,0.0,0.0
2005-08-12 00:00:00+09:00,15022.91015625,15163.75,12769.4736328125,12910.3134765625,971316,0.0,0.0
2005-08-15 00:00:00+09:00,12910.3134765625,12910.3134765625,12910.3134765625,12910.3134765625,0,0.0,0.0
2005-08-16 00:00:00+09:00,12863.3662109375,12910.3134765625,12346.9541015625,12628.6337890625,444547,0.0,0.0
2005-08-17 00:00:00+09:00,12581.6875,12628.6337890625,12206.1142578125,12440.84765625,231220,0.0,0.0
2005-08-18 00:00:00+09:00,12300.0078125,12675.580078125,12300.0078125,12393.900390625,234947,0.0,0.0
2005-08-19 00:00:00+09:00,12253.060546875,12534.740234375,12112.220703125,12206.1142578125,241231,0.0,0.0
2005-08-22 00:00:00+09:00,12253.060546875,12440.84765625,12253.060546875,12300.0078125,185316,0.0,0.0
2005-08-23 00:00:00+09:00,12300.0078125,12863.3662109375,12253.060546875,12675.580078125,296400,0.0,0.0
2005-08-24 00:00:00+09:00,12675.580078125,12816.419921875,12534.740234375,12628.6337890625,134621,0.0,0.0
2005-08-25 00:00:00+09:00,12393.900390625,12816.419921875,12393.900390625,12722.5263671875,133236,0.0,0.0
2005-08-26 00:00:00+09:00,12722.5263671875,12910.3134765625,12534.740234375,12534.740234375,96066,0.0,0.0
2005-08-29 00:00:00+09:00,12393.900390625,12393.900390625,11830.5419921875,11877.48828125,192665,0.0,0.0
2005-08-30 00:00:00+09:00,11971.3818359375,12112.220703125,11736.6484375,11924.4345703125,127911,0.0,0.0
2005-08-31 00:00:00+09:00,11689.7021484375,11971.3818359375,11689.7021484375,11877.48828125,106823,0.0,0.0
2005-09-01 00:00:00+09:00,11924.4345703125,12346.9541015625,11924.4345703125,12065.2744140625,168169,0.0,0.0
2005-09-02 00:00:00+09:00,12206.1142578125,12675.580078125,12206.1142578125,12346.9541015625,161247,0.0,0.0
2005-09-05 00:00:00+09:00,12440.84765625,12769.4736328125,12393.900390625,12581.6875,159329,0.0,0.0
2005-09-06 00:00:00+09:00,12581.6875,12722.5263671875,12253.060546875,12300.0078125,189151,0.0,0.0
2005-09-07 00:00:00+09:00,12440.84765625,12581.6875,12300.0078125,12393.900390625,214392,0.0,0.0
2005-09-08 00:00:00+09:00,12487.7939453125,12534.740234375,12018.328125,12065.2744140625,286921,0.0,0.0
2005-09-09 00:00:00+09:00,11924.4345703125,12253.060546875,11877.48828125,12018.328125,216522,0.0,0.0
2005-09-12 00:00:00+09:00,11924.4345703125,11924.4345703125,10797.716796875,10797.716796875,935105,0.0,0.0
2005-09-13 00:00:00+09:00,10562.9833984375,10609.9296875,9905.7314453125,9905.7314453125,761610,0.0,0.0
2005-09-14 00:00:00+09:00,9952.677734375,10422.1435546875,9952.677734375,10187.4111328125,632420,0.0,0.0
2005-09-15 00:00:00+09:00,10140.4638671875,10750.76953125,10140.4638671875,10562.9833984375,578423,0.0,0.0
2005-09-16 00:00:00+09:00,10422.1435546875,10656.876953125,10375.197265625,10422.1435546875,228451,0.0,0.0
2005-09-19 00:00:00+09:00,10422.1435546875,10422.1435546875,10422.1435546875,10422.1435546875,0,0.0,0.0
2005-09-20 00:00:00+09:00,10516.037109375,10562.9833984375,10187.4111328125,10281.3037109375,233030,0.0,0.0
2005-09-21 00:00:00+09:00,10187.4111328125,10516.037109375,10187.4111328125,10328.2509765625,282342,0.0,0.0
2005-09-22 00:00:00+09:00,10187.4111328125,10656.876953125,9999.6240234375,10093.517578125,427400,0.0,0.0
2005-09-23 00:00:00+09:00,10140.4638671875,10234.357421875,9999.6240234375,10093.517578125,233243,0.0,0.0
2005-09-26 00:00:00+09:00,10046.5712890625,10187.4111328125,10046.5712890625,10093.517578125,173282,0.0,0.0
2005-09-27 00:00:00+09:00,10140.4638671875,10750.76953125,10140.4638671875,10562.9833984375,503657,0.0,0.0
2005-09-28 00:00:00+09:00,10703.8232421875,10703.8232421875,10422.1435546875,10562.9833984375,154963,0.0,0.0
2005-09-29 00:00:00+09:00,10844.6630859375,11361.0751953125,10844.6630859375,11173.2890625,630397,0.0,0.0
2005-09-30 00:00:00+09:00,11408.0224609375,11454.96875,10891.609375,10985.5029296875,272011,0.0,0.0
2005-10-03 00:00:00+09:00,10985.5029296875,10985.5029296875,10985.5029296875,10985.5029296875,0,0.0,0.0
2005-10-04 00:00:00+09:00,10985.5029296875,11689.7021484375,10985.5029296875,11408.0224609375,365947,0.0,0.0
2005-10-05 00:00:00+09:00,11408.0224609375,11642.7548828125,10938.556640625,11079.396484375,398218,0.0,0.0
2005-10-06 00:00:00+09:00,10985.5029296875,11032.44921875,10750.76953125,10891.609375,194689,0.0,0.0
2005-10-07 00:00:00+09:00,10797.716796875,11361.0751953125,10750.76953125,10938.556640625,404076,0.0,0.0
2005-10-10 00:00:00+09:00,11220.236328125,11454.96875,11079.396484375,11361.0751953125,344540,0.0,0.0
2005-10-11 00:00:00+09:00,11548.8623046875,11595.80859375,11314.12890625,11408.0224609375,270520,0.0,0.0
2005-10-12 00:00:00+09:00,11548.8623046875,11971.3818359375,11501.9150390625,11736.6484375,452855,0.0,0.0
2005-10-13 00:00:00+09:00,12018.328125,12206.1142578125,11642.7548828125,11830.5419921875,370101,0.0,0.0
2005-10-14 00:00:00+09:00,11736.6484375,11924.4345703125,11220.236328125,11689.7021484375,329842,0.0,0.0
2005-10-17 00:00:00+09:00,11408.0224609375,11689.7021484375,10985.5029296875,11032.44921875,261999,0.0,0.0
2005-10-18 00:00:00+09:00,10985.5029296875,11267.1826171875,10938.556640625,11032.44921875,193198,0.0,0.0
2005-10-19 00:00:00+09:00,10938.556640625,10938.556640625,10281.3037109375,10328.2509765625,327499,0.0,0.0
2005-10-20 00:00:00+09:00,10985.5029296875,11877.48828125,10797.716796875,11877.48828125,921046,0.0,0.0
2005-10-21 00:00:00+09:00,12346.9541015625,13520.619140625,12253.060546875,12957.259765625,2416682,0.0,0.0
2005-10-24 00:00:00+09:00,13004.2060546875,13004.2060546875,12346.9541015625,12816.419921875,768213,0.0,0.0
2005-10-25 00:00:00+09:00,13191.9931640625,13426.7255859375,12393.900390625,12393.900390625,527620,0.0,0.0
2005-10-26 00:00:00+09:00,12300.0078125,13004.2060546875,12206.1142578125,12816.419921875,498332,0.0,0.0
2005-10-27 00:00:00+09:00,12816.419921875,13473.671875,12253.060546875,12253.060546875,912206,0.0,0.0
2005-10-28 00:00:00+09:00,11877.48828125,12534.740234375,11595.80859375,11689.7021484375,683436,0.0,0.0
2005-10-31 00:00:00+09:00,12065.2744140625,12159.16796875,11454.96875,11454.96875,399070,0.0,0.0
2005-11-01 00:00:00+09:00,11361.0751953125,11642.7548828125,11220.236328125,11642.7548828125,382455,0.0,0.0
2005-11-02 00:00:00+09:00,11689.7021484375,11783.5947265625,11173.2890625,11548.8623046875,565429,0.0,0.0
2005-11-03 00:00:00+09:00,11689.7021484375,11736.6484375,11361.0751953125,11361.0751953125,371166,0.0,0.0
2005-11-04 00:00:00+09:00,11361.0751953125,12159.16796875,11314.12890625,12159.16796875,606540,0.0,0.0
2005-11-07 00:00:00+09:00,12628.6337890625,12816.419921875,12300.0078125,12769.4736328125,1025207,0.0,0.0
2005-11-08 00:00:00+09:00,12487.7939453125,13004.2060546875,12393.900390625,12816.419921875,635615,0.0,0.0
2005-11-09 00:00:00+09:00,12910.3134765625,13332.8330078125,12487.7939453125,12534.740234375,660963,0.0,0.0
2005-11-10 00:00:00+09:00,12393.900390625,14177.87109375,12346.9541015625,13614.51171875,2147546,0.0,0.0
2005-11-11 00:00:00+09:00,13614.51171875,13708.4052734375,13051.1533203125,13379.779296875,636254,0.0,0.0
2005-11-14 00:00:00+09:00,13379.779296875,13520.619140625,12487.7939453125,12487.7939453125,716771,0.0,0.0
2005-11-15 00:00:00+09:00,12487.7939453125,12957.259765625,12253.060546875,12769.4736328125,637532,0.0,0.0
2005-11-16 00:00:00+09:00,12769.4736328125,13238.939453125,12628.6337890625,12722.5263671875,598978,0.0,0.0
2005-11-17 00:00:00+09:00,12675.580078125,13004.2060546875,12628.6337890625,13004.2060546875,386077,0.0,0.0
2005-11-18 00:00:00+09:00,13332.8330078125,13426.7255859375,12628.6337890625,12722.5263671875,461907,0.0,0.0
2005-11-21 00:00:00+09:00,12628.6337890625,12863.3662109375,12393.900390625,12393.900390625,449766,0.0,0.0
2005-11-22 00:00:00+09:00,12393.900390625,12487.7939453125,11924.4345703125,12018.328125,433684,0.0,0.0
2005-11-23 00:00:00+09:00,12018.328125,12393.900390625,12018.328125,12300.0078125,361155,0.0,0.0
2005-11-24 00:00:00+09:00,12206.1142578125,12675.580078125,12206.1142578125,12300.0078125,334103,0.0,0.0
2005-11-25 00:00:00+09:00,12534.740234375,13004.2060546875,12534.740234375,12628.6337890625,712192,0.0,0.0
2005-11-28 00:00:00+09:00,12628.6337890625,12769.4736328125,12300.0078125,12440.84765625,466594,0.0,0.0
2005-11-29 00:00:00+09:00,12346.9541015625,12863.3662109375,12159.16796875,12300.0078125,861404,0.0,0.0
2005-11-30 00:00:00+09:00,12628.6337890625,14037.03125,12628.6337890625,13567.5654296875,2261505,0.0,0.0
2005-12-01 00:00:00+09:00,13755.3515625,14741.23046875,13285.8857421875,14271.7646484375,1578708,0.0,0.0
2005-12-02 00:00:00+09:00,14694.2841796875,15116.802734375,14177.87109375,14553.4443359375,1213826,0.0,0.0
2005-12-05 00:00:00+09:00,14694.2841796875,15867.9482421875,14694.2841796875,15445.4296875,1189969,0.0,0.0
2005-12-06 00:00:00+09:00,15539.322265625,16243.521484375,15257.642578125,15351.5361328125,1746878,0.0,0.0
2005-12-07 00:00:00+09:00,15680.162109375,15774.0556640625,14741.23046875,14788.1767578125,779502,0.0,0.0
2005-12-08 00:00:00+09:00,14788.1767578125,15398.482421875,14130.9248046875,15398.482421875,802188,0.0,0.0
2005-12-09 00:00:00+09:00,15398.482421875,16478.25390625,15398.482421875,15774.0556640625,1316389,0.0,0.0
2005-12-12 00:00:00+09:00,15774.0556640625,16337.4150390625,15680.162109375,15774.0556640625,733386,0.0,0.0
2005-12-13 00:00:00+09:00,16337.4150390625,16431.30859375,15821.001953125,16149.6279296875,676619,0.0,0.0
2005-12-14 00:00:00+09:00,16149.6279296875,16947.720703125,15914.8955078125,16806.880859375,1398930,0.0,0.0
2005-12-15 00:00:00+09:00,17088.560546875,17229.400390625,15867.9482421875,16196.5751953125,1252700,0.0,0.0
2005-12-16 00:00:00+09:00,15633.2158203125,16149.6279296875,15304.58984375,15398.482421875,535395,0.0,0.0
2005-12-19 00:00:00+09:00,15398.482421875,15492.3759765625,14647.3369140625,14788.1767578125,1002735,0.0,0.0
2005-12-20 00:00:00+09:00,14741.23046875,15304.58984375,14412.6044921875,14553.4443359375,1081974,0.0,0.0
2005-12-21 00:00:00+09:00,14459.55078125,14835.1240234375,14037.03125,14083.978515625,918597,0.0,0.0
2005-12-22 00:00:00+09:00,14271.7646484375,14506.4970703125,13520.619140625,13755.3515625,1325761,0.0,0.0
2005-12-23 00:00:00+09:00,13708.4052734375,14506.4970703125,13567.5654296875,14506.4970703125,1002948,0.0,0.0
2005-12-26 00:00:00+09:00,14459.55078125,14882.0703125,14037.03125,14177.87109375,763953,0.0,0.0
2005-12-27 00:00:00+09:00,13802.298828125,13896.19140625,12065.2744140625,12346.9541015625,2326260,0.0,0.0
2005-12-28 00:00:00+09:00,12206.1142578125,12346.9541015625,11642.7548828125,11924.4345703125,861723,0.0,0.0
2005-12-29 00:00:00+09:00,12065.2744140625,12487.7939453125,12065.2744140625,12159.16796875,887178,0.0,0.0
2006-01-02 00:00:00+09:00,12159.16796875,12769.4736328125,12112.220703125,12628.6337890625,692915,0.0,0.0
2006-01-03 00:00:00+09:00,12769.4736328125,13802.298828125,12675.580078125,13473.671875,1773078,0.0,0.0
2006-01-04 00:00:00+09:00,13802.298828125,14224.8173828125,13708.4052734375,14037.03125,1105085,0.0,0.0
2006-01-05 00:00:00+09:00,14177.87109375,14224.8173828125,13238.939453125,13567.5654296875,700689,0.0,0.0
2006-01-06 00:00:00+09:00,13661.458984375,14412.6044921875,13098.099609375,13708.4052734375,1595642,0.0,0.0
2006-01-09 00:00:00+09:00,13708.4052734375,15727.1083984375,13567.5654296875,15727.1083984375,2617122,0.0,0.0
2006-01-10 00:00:00+09:00,15914.8955078125,16196.5751953125,14975.962890625,15022.91015625,1945828,0.0,0.0
2006-01-11 00:00:00+09:00,15210.6962890625,15633.2158203125,14600.390625,15351.5361328125,1611938,0.0,0.0
2006-01-12 00:00:00+09:00,15210.6962890625,15445.4296875,13849.2451171875,13896.19140625,1354411,0.0,0.0
2006-01-13 00:00:00+09:00,13614.51171875,14224.8173828125,13520.619140625,13896.19140625,629438,0.0,0.0
2006-01-16 00:00:00+09:00,14083.978515625,15069.8564453125,14083.978515625,14882.0703125,1232677,0.0,0.0
2006-01-17 00:00:00+09:00,14694.2841796875,15116.802734375,14083.978515625,14177.87109375,708358,0.0,0.0
2006-01-18 00:00:00+09:00,13943.138671875,14083.978515625,12300.0078125,13332.8330078125,892929,0.0,0.0
2006-01-19 00:00:00+09:00,13332.8330078125,15210.6962890625,13332.8330078125,14647.3369140625,2221779,0.0,0.0
2006-01-20 00:00:00+09:00,14929.0166015625,15492.3759765625,13896.19140625,13896.19140625,1589465,0.0,0.0
2006-01-23 00:00:00+09:00,13896.19140625,14553.4443359375,12440.84765625,12440.84765625,1067915,0.0,0.0
2006-01-24 00:00:00+09:00,12863.3662109375,13051.1533203125,11454.96875,12675.580078125,1229801,0.0,0.0
2006-01-25 00:00:00+09:00,12675.580078125,13802.298828125,12393.900390625,12910.3134765625,1554638,0.0,0.0
2006-01-26 00:00:00+09:00,13004.2060546875,13332.8330078125,12675.580078125,13051.1533203125,521124,0.0,0.0
2006-01-27 00:00:00+09:00,13426.7255859375,13708.4052734375,13191.9931640625,13379.779296875,749788,0.0,0.0
2006-01-31 00:00:00+09:00,13379.779296875,13802.298828125,13285.8857421875,13379.779296875,552116,0.0,0.0
2006-02-01 00:00:00+09:00,13379.779296875,13614.51171875,12300.0078125,12816.419921875,833713,0.0,0.0
2006-02-02 00:00:00+09:00,13098.099609375,13098.099609375,12300.0078125,12581.6875,477031,0.0,0.0
2006-02-03 00:00:00+09:00,12112.220703125,12440.84765625,12018.328125,12206.1142578125,533265,0.0,0.0
2006-02-06 00:00:00+09:00,12206.1142578125,12581.6875,12065.2744140625,12534.740234375,388526,0.0,0.0
2006-02-07 00:00:00+09:00,12440.84765625,12957.259765625,12346.9541015625,12816.419921875,433897,0.0,0.0
2006-02-08 00:00:00+09:00,12816.419921875,13191.9931640625,12581.6875,12628.6337890625,417389,0.0,0.0
2006-02-09 00:00:00+09:00,12816.419921875,13379.779296875,12534.740234375,13191.9931640625,522295,0.0,0.0
2006-02-10 00:00:00+09:00,13051.1533203125,13145.0458984375,12816.419921875,12957.259765625,292353,0.0,0.0
2006-02-13 00:00:00+09:00,13004.2060546875,13145.0458984375,12628.6337890625,12628.6337890625,343155,0.0,0.0
2006-02-14 00:00:00+09:00,12628.6337890625,13520.619140625,12628.6337890625,13473.671875,722523,0.0,0.0
2006-02-15 00:00:00+09:00,13802.298828125,13943.138671875,12769.4736328125,13098.099609375,1529184,0.0,0.0
2006-02-16 00:00:00+09:00,13004.2060546875,13332.8330078125,12675.580078125,12863.3662109375,443376,0.0,0.0
2006-02-17 00:00:00+09:00,13051.1533203125,13145.0458984375,12393.900390625,12487.7939453125,773219,0.0,0.0
2006-02-20 00:00:00+09:00,12112.220703125,12487.7939453125,12112.220703125,12393.900390625,496308,0.0,0.0
2006-02-21 00:00:00+09:00,12534.740234375,12816.419921875,12534.740234375,12722.5263671875,841062,0.0,0.0
2006-02-22 00:00:00+09:00,12628.6337890625,12628.6337890625,12253.060546875,12300.0078125,529537,0.0,0.0
2006-02-23 00:00:00+09:00,12440.84765625,12487.7939453125,12065.2744140625,12206.1142578125,702500,0.0,0.0
2006-02-24 00:00:00+09:00,12159.16796875,12487.7939453125,12065.2744140625,12206.1142578125,417282,0.0,0.0
2006-02-27 00:00:00+09:00,12300.0078125,12346.9541015625,12112.220703125,12206.1142578125,479481,0.0,0.0
2006-02-28 00:00:00+09:00,12018.328125,12628.6337890625,11924.4345703125,12534.740234375,1135652,0.0,0.0
2006-03-02 00:00:00+09:00,12628.6337890625,12722.5263671875,12393.900390625,12534.740234375,502379,0.0,0.0
2006-03-03 00:00:00+09:00,12534.740234375,12675.580078125,12159.16796875,12253.060546875,441885,0.0,0.0
2006-03-06 00:00:00+09:00,12300.0078125,12581.6875,12159.16796875,12393.900390625,306412,0.0,0.0
2006-03-07 00:00:00+09:00,12346.9541015625,12393.900390625,12018.328125,12065.2744140625,289051,0.0,0.0
2006-03-08 00:00:00+09:00,11830.5419921875,12112.220703125,11220.236328125,11689.7021484375,508769,0.0,0.0
2006-03-09 00:00:00+09:00,11830.5419921875,12206.1142578125,11736.6484375,12159.16796875,285111,0.0,0.0
2006-03-10 00:00:00+09:00,11971.3818359375,12628.6337890625,11877.48828125,12628.6337890625,445293,0.0,0.0
2006-03-13 00:00:00+09:00,12910.3134765625,12910.3134765625,12534.740234375,12628.6337890625,289477,0.0,0.0
2006-03-14 00:00:00+09:00,12534.740234375,12628.6337890625,12206.1142578125,12346.9541015625,147188,0.0,0.0
2006-03-15 00:00:00+09:00,12534.740234375,12863.3662109375,12440.84765625,12675.580078125,407271,0.0,0.0
2006-03-16 00:00:00+09:00,12722.5263671875,12910.3134765625,12393.900390625,12769.4736328125,315571,0.0,0.0
2006-03-17 00:00:00+09:00,12910.3134765625,13755.3515625,12816.419921875,13614.51171875,1432478,0.0,0.0
2006-03-20 00:00:00+09:00,13614.51171875,13614.51171875,13238.939453125,13567.5654296875,314612,0.0,0.0
2006-03-21 00:00:00+09:00,13802.298828125,14224.8173828125,13661.458984375,13990.0849609375,833606,0.0,0.0
2006-03-22 00:00:00+09:00,13896.19140625,13990.0849609375,13567.5654296875,13614.51171875,475007,0.0,0.0
2006-03-23 00:00:00+09:00,13943.138671875,14037.03125,13098.099609375,13238.939453125,391934,0.0,0.0
2006-03-24 00:00:00+09:00,13098.099609375,13567.5654296875,12769.4736328125,13567.5654296875,458819,0.0,0.0
2006-03-27 00:00:00+09:00,13379.779296875,13802.298828125,13191.9931640625,13285.8857421875,264662,0.0,0.0
2006-03-28 00:00:00+09:00,13285.8857421875,13614.51171875,13191.9931640625,13332.8330078125,244959,0.0,0.0
2006-03-29 00:00:00+09:00,13191.9931640625,13285.8857421875,12910.3134765625,13098.099609375,438583,0.0,0.0
2006-03-30 00:00:00+09:00,13285.8857421875,13285.8857421875,11595.80859375,11877.48828125,2152339,0.0,0.0
2006-03-31 00:00:00+09:00,11736.6484375,11783.5947265625,11173.2890625,11689.7021484375,1144491,0.0,0.0
2006-04-03 00:00:00+09:00,11877.48828125,11971.3818359375,11595.80859375,11877.48828125,805702,0.0,0.0
2006-04-04 00:00:00+09:00,11783.5947265625,11877.48828125,11501.9150390625,11548.8623046875,636041,0.0,0.0
2006-04-05 00:00:00+09:00,11642.7548828125,11830.5419921875,11501.9150390625,11501.9150390625,703884,0.0,0.0
2006-04-06 00:00:00+09:00,11595.80859375,11783.5947265625,11454.96875,11454.96875,581937,0.0,0.0
2006-04-07 00:00:00+09:00,11454.96875,11548.8623046875,10938.556640625,11079.396484375,1033408,0.0,0.0
2006-04-10 00:00:00+09:00,10985.5029296875,11361.0751953125,10938.556640625,11126.3427734375,514520,0.0,0.0
2006-04-11 00:00:00+09:00,11267.1826171875,11408.0224609375,11079.396484375,11126.3427734375,427826,0.0,0.0
2006-04-12 00:00:00+09:00,10985.5029296875,11408.0224609375,10985.5029296875,11267.1826171875,558932,0.0,0.0
2006-04-13 00:00:00+09:00,11314.12890625,11548.8623046875,11267.1826171875,11408.0224609375,418454,0.0,0.0
2006-04-14 00:00:00+09:00,11361.0751953125,11501.9150390625,11267.1826171875,11314.12890625,393319,0.0,0.0
2006-04-17 00:00:00+09:00,11408.0224609375,11454.96875,10891.609375,10891.609375,679495,0.0,0.0
2006-04-18 00:00:00+09:00,10328.2509765625,10422.1435546875,9999.6240234375,10234.357421875,1113712,0.0,0.0
2006-04-19 00:00:00+09:00,10422.1435546875,10516.037109375,10046.5712890625,10046.5712890625,619427,0.0,0.0
2006-04-20 00:00:00+09:00,9999.6240234375,10187.4111328125,9764.8916015625,9811.837890625,489811,0.0,0.0
2006-04-21 00:00:00+09:00,9811.837890625,10750.76953125,9811.837890625,10328.2509765625,1428112,0.0,0.0
2006-04-24 00:00:00+09:00,10328.2509765625,10516.037109375,9999.6240234375,9999.6240234375,359983,0.0,0.0
2006-04-25 00:00:00+09:00,9952.677734375,9999.6240234375,8647.5625,8835.3486328125,2531493,0.0,0.0
2006-04-26 00:00:00+09:00,8816.5703125,8948.0205078125,8506.72265625,8544.2802734375,848836,0.0,0.0
2006-04-27 00:00:00+09:00,8929.2421875,9229.7001953125,8675.73046875,8901.07421875,2118045,0.0,0.0
2006-04-28 00:00:00+09:00,8825.9599609375,8966.7998046875,8685.1201171875,8901.07421875,561169,0.0,0.0
2006-05-02 00:00:00+09:00,8807.1806640625,8901.07421875,7849.47021484375,7887.02783203125,1334175,0.0,0.0
2006-05-03 00:00:00+09:00,8020.0,8420.0,8020.0,8160.0,578500,0.0,0.0
2006-05-04 00:00:00+09:00,8100.0,8210.0,7800.0,7800.0,571700,0.0,0.0
2006-05-08 00:00:00+09:00,7870.0,8080.0,7800.0,7800.0,478200,0.0,0.0
2006-05-09 00:00:00+09:00,7860.0,8370.0,7800.0,8160.0,700300,0.0,0.0
2006-05-10 00:00:00+09:00,8200.0,8540.0,8190.0,8400.0,477600,0.0,0.0
2006-05-11 00:00:00+09:00,8270.0,8390.0,8040.0,8160.0,306500,0.0,0.0
2006-05-12 00:00:00+09:00,8000.0,8150.0,7990.0,8050.0,283300,0.0,0.0
2006-05-15 00:00:00+09:00,8050.0,8270.0,8050.0,8190.0,285100,0.0,0.0
2006-05-16 00:00:00+09:00,8210.0,8250.0,7910.0,7910.0,340600,0.0,0.0
2006-05-17 00:00:00+09:00,7900.0,8050.0,7820.0,7980.0,299800,0.0,0.0
2006-05-18 00:00:00+09:00,7820.0,9170.0,7550.0,9170.0,3161800,0.0,0.0
2006-05-19 00:00:00+09:00,9420.0,10400.0,8890.0,9980.0,3823800,0.0,0.0
2006-05-22 00:00:00+09:00,9990.0,10450.0,8900.0,9050.0,1833500,0.0,0.0
2006-05-23 00:00:00+09:00,8910.0,9900.0,8670.0,9280.0,1988900,0.0,0.0
2006-05-24 00:00:00+09:00,9150.0,9470.0,8710.0,8710.0,975800,0.0,0.0
2006-05-25 00:00:00+09:00,8760.0,8930.0,8020.0,8030.0,904500,0.0,0.0
2006-05-26 00:00:00+09:00,8250.0,8400.0,8010.0,8010.0,615700,0.0,0.0
2006-05-29 00:00:00+09:00,8160.0,8240.0,7960.0,8030.0,592700,0.0,0.0
2006-05-30 00:00:00+09:00,8100.0,8780.0,8060.0,8460.0,1545700,0.0,0.0
2006-05-31 00:00:00+09:00,8460.0,8460.0,8460.0,8460.0,0,0.0,0.0
2006-06-01 00:00:00+09:00,8500.0,8750.0,7960.0,7960.0,788600,0.0,0.0
2006-06-02 00:00:00+09:00,8110.0,8140.0,7250.0,7500.0,1049700,0.0,0.0
2006-06-05 00:00:00+09:00,7900.0,8570.0,7820.0,8010.0,2123500,0.0,0.0
2006-06-07 00:00:00+09:00,7780.0,7900.0,7350.0,7510.0,640400,0.0,0.0
2006-06-08 00:00:00+09:00,7390.0,7460.0,7020.0,7020.0,703800,0.0,0.0
2006-06-09 00:00:00+09:00,7190.0,7630.0,7110.0,7410.0,897500,0.0,0.0
2006-06-12 00:00:00+09:00,7350.0,7610.0,7250.0,7530.0,475500,0.0,0.0
2006-06-13 00:00:00+09:00,7310.0,7340.0,7010.0,7090.0,368800,0.0,0.0
2006-06-14 00:00:00+09:00,6920.0,7260.0,6920.0,7210.0,299200,0.0,0.0
2006-06-15 00:00:00+09:00,7320.0,7380.0,7100.0,7100.0,369500,0.0,0.0
2006-06-16 00:00:00+09:00,7240.0,7350.0,7100.0,7110.0,444300,0.0,0.0
2006-06-19 00:00:00+09:00,7150.0,7150.0,6900.0,6900.0,347300,0.0,0.0
2006-06-20 00:00:00+09:00,6850.0,6970.0,6720.0,6720.0,280400,0.0,0.0
2006-06-21 00:00:00+09:00,6750.0,6790.0,6330.0,6450.0,365200,0.0,0.0
2006-06-22 00:00:00+09:00,6530.0,6610.0,6170.0,6200.0,453500,0.0,0.0
2006-06-23 00:00:00+09:00,6210.0,6610.0,6120.0,6300.0,523400,0.0,0.0
2006-06-26 00:00:00+09:00,6370.0,6470.0,6230.0,6390.0,281500,0.0,0.0
2006-06-27 00:00:00+09:00,6400.0,6630.0,6300.0,6330.0,487500,0.0,0.0
2006-06-28 00:00:00+09:00,5990.0,6130.0,5960.0,6060.0,504900,0.0,0.0
2006-06-29 00:00:00+09:00,6150.0,6170.0,6050.0,6060.0,504100,0.0,0.0
2006-06-30 00:00:00+09:00,6180.0,6880.0,6160.0,6540.0,2498300,0.0,0.0
2006-07-03 00:00:00+09:00,6540.0,6540.0,6350.0,6420.0,521200,0.0,0.0
2006-07-04 00:00:00+09:00,6490.0,6840.0,6350.0,6760.0,1467700,0.0,0.0
2006-07-05 00:00:00+09:00,6400.0,6700.0,6260.0,6450.0,635900,0.0,0.0
2006-07-06 00:00:00+09:00,6450.0,6550.0,6160.0,6160.0,628300,0.0,0.0
2006-07-07 00:00:00+09:00,6270.0,6340.0,6070.0,6080.0,440500,0.0,0.0
2006-07-10 00:00:00+09:00,6020.0,6310.0,6000.0,6130.0,594400,0.0,0.0
2006-07-11 00:00:00+09:00,6080.0,6200.0,6080.0,6100.0,293900,0.0,0.0
2006-07-12 00:00:00+09:00,6170.0,6190.0,6030.0,6050.0,479900,0.0,0.0
2006-07-13 00:00:00+09:00,6050.0,6370.0,6020.0,6100.0,736300,0.0,0.0
2006-07-14 00:00:00+09:00,6000.0,6130.0,5810.0,5890.0,543900,0.0,0.0
2006-07-18 00:00:00+09:00,5810.0,5880.0,5300.0,5300.0,838400,0.0,0.0
2006-07-19 00:00:00+09:00,5320.0,5430.0,5100.0,5130.0,499900,0.0,0.0
2006-07-20 00:00:00+09:00,5270.0,5360.0,5160.0,5230.0,387700,0.0,0.0
2006-07-21 00:00:00+09:00,5110.0,5140.0,4995.0,5040.0,439800,0.0,0.0
2006-07-24 00:00:00+09:00,4965.0,5210.0,4935.0,5110.0,639600,0.0,0.0
2006-07-25 00:00:00+09:00,5230.0,5240.0,4950.0,4950.0,572100,0.0,0.0
2006-07-26 00:00:00+09:00,5000.0,5030.0,4680.0,4705.0,800800,0.0,0.0
2006-07-27 00:00:00+09:00,4715.0,4800.0,4335.0,4355.0,1201900,0.0,0.0
2006-07-28 00:00:00+09:00,4430.0,4430.0,4220.0,4300.0,705000,0.0,0.0
2006-07-31 00:00:00+09:00,4350.0,4380.0,4205.0,4210.0,578100,0.0,0.0
2006-08-01 00:00:00+09:00,4220.0,4260.0,3955.0,3955.0,811100,0.0,0.0
2006-08-02 00:00:00+09:00,4180.0,4545.0,4055.0,4310.0,3119700,0.0,0.0
2006-08-03 00:00:00+09:00,4375.0,4380.0,4055.0,4060.0,704900,0.0,0.0
2006-08-04 00:00:00+09:00,4100.0,4135.0,3995.0,4030.0,532400,0.0,0.0
2006-08-07 00:00:00+09:00,4100.0,4470.0,4100.0,4270.0,2060100,0.0,0.0
2006-08-08 00:00:00+09:00,4210.0,4670.0,4160.0,4350.0,1795700,0.0,0.0
2006-08-09 00:00:00+09:00,4330.0,4595.0,4300.0,4380.0,997200,0.0,0.0
2006-08-10 00:00:00+09:00,4450.0,4670.0,4400.0,4580.0,1412100,0.0,0.0
2006-08-11 00:00:00+09:00,4560.0,4580.0,4300.0,4350.0,702200,0.0,0.0
2006-08-14 00:00:00+09:00,4355.0,4420.0,4115.0,4150.0,643200,0.0,0.0
2006-08-16 00:00:00+09:00,4160.0,4275.0,4125.0,4185.0,498400,0.0,0.0
2006-08-17 00:00:00+09:00,4225.0,4810.0,4215.0,4520.0,4161800,0.0,0.0
2006-08-18 00:00:00+09:00,4430.0,5090.0,4340.0,4680.0,4381200,0.0,0.0
2006-08-21 00:00:00+09:00,4770.0,5040.0,4680.0,4795.0,1315700,0.0,0.0
2006-08-22 00:00:00+09:00,4750.0,4870.0,4630.0,4700.0,928700,0.0,0.0
2006-08-23 00:00:00+09:00,4650.0,5360.0,4650.0,5230.0,2948900,0.0,0.0
2006-08-24 00:00:00+09:00,5220.0,5280.0,4980.0,5000.0,1031500,0.0,0.0
2006-08-25 00:00:00+09:00,5150.0,5480.0,4990.0,5230.0,2111400,0.0,0.0
2006-08-28 00:00:00+09:00,5250.0,5490.0,5150.0,5320.0,1287400,0.0,0.0
2006-08-29 00:00:00+09:00,5400.0,5430.0,5180.0,5260.0,902600,0.0,0.0
2006-08-30 00:00:00+09:00,5240.0,5430.0,5060.0,5100.0,910500,0.0,0.0
2006-08-31 00:00:00+09:00,5130.0,5330.0,5090.0,5260.0,869900,0.0,0.0
2006-09-01 00:00:00+09:00,5330.0,5330.0,4925.0,5040.0,1598100,0.0,0.0
2006-09-04 00:00:00+09:00,5040.0,5130.0,5020.0,5040.0,637800,0.0,0.0
2006-09-05 00:00:00+09:00,5050.0,5370.0,5040.0,5270.0,1521700,0.0,0.0
2006-09-06 00:00:00+09:00,5310.0,5840.0,5310.0,5560.0,2893600,0.0,0.0
2006-09-07 00:00:00+09:00,5480.0,5510.0,5350.0,5510.0,739600,0.0,0.0
2006-09-08 00:00:00+09:00,5500.0,5700.0,5310.0,5310.0,1218000,0.0,0.0
2006-09-11 00:00:00+09:00,5280.0,5400.0,5100.0,5100.0,637800,0.0,0.0
2006-09-12 00:00:00+09:00,5130.0,5260.0,5100.0,5120.0,549600,0.0,0.0
2006-09-13 00:00:00+09:00,5180.0,5450.0,5180.0,5350.0,1279900,0.0,0.0
2006-09-14 00:00:00+09:00,5400.0,5480.0,5120.0,5160.0,1136400,0.0,0.0
2006-09-15 00:00:00+09:00,5200.0,5260.0,4450.0,4590.0,2762100,0.0,0.0
2006-09-18 00:00:00+09:00,4610.0,4630.0,4480.0,4545.0,1157000,0.0,0.0
2006-09-19 00:00:00+09:00,4570.0,4770.0,4560.0,4610.0,1483000,0.0,0.0
2006-09-20 00:00:00+09:00,4550.0,4645.0,4495.0,4520.0,666300,0.0,0.0
2006-09-21 00:00:00+09:00,4565.0,4565.0,4285.0,4310.0,882700,0.0,0.0
2006-09-22 00:00:00+09:00,4220.0,4245.0,4115.0,4130.0,502500,0.0,0.0
2006-09-25 00:00:00+09:00,4120.0,4420.0,4120.0,4225.0,784800,0.0,0.0
2006-09-26 00:00:00+09:00,4210.0,4280.0,4160.0,4160.0,497700,0.0,0.0
2006-09-27 00:00:00+09:00,4180.0,4315.0,4175.0,4315.0,600600,0.0,0.0
2006-09-28 00:00:00+09:00,4365.0,4550.0,4355.0,4380.0,991200,0.0,0.0
2006-09-29 00:00:00+09:00,4460.0,4460.0,4290.0,4315.0,437000,0.0,0.0
2006-10-02 00:00:00+09:00,4290.0,4300.0,4080.0,4100.0,468200,0.0,0.0
2006-10-04 00:00:00+09:00,4075.0,4185.0,4040.0,4125.0,321700,0.0,0.0
2006-10-09 00:00:00+09:00,4125.0,4215.0,3520.0,3600.0,780800,0.0,0.0
2006-10-10 00:00:00+09:00,3510.0,3825.0,3510.0,3775.0,500000,0.0,0.0
2006-10-11 00:00:00+09:00,3710.0,4165.0,3630.0,4045.0,1305500,0.0,0.0
2006-10-12 00:00:00+09:00,4030.0,4580.0,3995.0,4280.0,3073200,0.0,0.0
2006-10-13 00:00:00+09:00,4355.0,4380.0,4155.0,4160.0,757600,0.0,0.0
2006-10-16 00:00:00+09:00,4200.0,4465.0,4165.0,4265.0,1260100,0.0,0.0
2006-10-17 00:00:00+09:00,4285.0,4350.0,4025.0,4090.0,729200,0.0,0.0
2006-10-18 00:00:00+09:00,4220.0,4700.0,4120.0,4700.0,3046000,0.0,0.0
2006-10-19 00:00:00+09:00,4800.0,5350.0,4665.0,4910.0,5151400,0.0,0.0
2006-10-20 00:00:00+09:00,5010.0,5280.0,4745.0,4880.0,1997400,0.0,0.0
2006-10-23 00:00:00+09:00,5000.0,5070.0,4770.0,4830.0,916500,0.0,0.0
2006-10-24 00:00:00+09:00,4900.0,5430.0,4685.0,5170.0,5137800,0.0,0.0
2006-10-25 00:00:00+09:00,5250.0,5610.0,5160.0,5160.0,3090200,0.0,0.0
2006-10-26 00:00:00+09:00,5240.0,5360.0,5030.0,5190.0,1518700,0.0,0.0
2006-10-27 00:00:00+09:00,5290.0,5500.0,5170.0,5210.0,2188700,0.0,0.0
2006-10-30 00:00:00+09:00,5100.0,5210.0,4570.0,4860.0,1696800,0.0,0.0
2006-10-31 00:00:00+09:00,4890.0,4960.0,4670.0,4680.0,805300,0.0,0.0
2006-11-01 00:00:00+09:00,4700.0,4915.0,4700.0,4880.0,958700,0.0,0.0
2006-11-02 00:00:00+09:00,4880.0,5530.0,4880.0,5400.0,2525400,0.0,0.0
2006-11-03 00:00:00+09:00,5450.0,5470.0,5230.0,5390.0,1661600,0.0,0.0
2006-11-06 00:00:00+09:00,5390.0,5600.0,5190.0,5600.0,1442700,0.0,0.0
2006-11-07 00:00:00+09:00,5690.0,6350.0,5500.0,5950.0,5149000,0.0,0.0
2006-11-08 00:00:00+09:00,5920.0,6150.0,5740.0,5970.0,1750300,0.0,0.0
2006-11-09 00:00:00+09:00,6080.0,6080.0,5680.0,5680.0,1158300,0.0,0.0
2006-11-10 00:00:00+09:00,5500.0,5930.0,5450.0,5670.0,1633600,0.0,0.0
2006-11-13 00:00:00+09:00,5750.0,6310.0,5750.0,6310.0,3005700,0.0,0.0
2006-11-14 00:00:00+09:00,6180.0,6520.0,6080.0,6100.0,2687700,0.0,0.0
2006-11-15 00:00:00+09:00,6150.0,6260.0,5950.0,6100.0,1118200,0.0,0.0
2006-11-16 00:00:00+09:00,6200.0,6460.0,6150.0,6150.0,2044800,0.0,0.0
2006-11-17 00:00:00+09:00,6130.0,6250.0,6000.0,6030.0,1287300,0.0,0.0
2006-11-20 00:00:00+09:00,6010.0,6100.0,5760.0,5780.0,1038000,0.0,0.0
2006-11-21 00:00:00+09:00,5790.0,6100.0,5790.0,6010.0,1475800,0.0,0.0
2006-11-22 00:00:00+09:00,6100.0,6220.0,5980.0,6000.0,1083200,0.0,0.0
2006-11-23 00:00:00+09:00,6000.0,6040.0,5830.0,5850.0,937100,0.0,0.0
2006-11-24 00:00:00+09:00,5850.0,5950.0,5730.0,5830.0,850100,0.0,0.0
2006-11-27 00:00:00+09:00,5830.0,6110.0,5750.0,6030.0,1506600,0.0,0.0
2006-11-28 00:00:00+09:00,5910.0,6140.0,5870.0,6120.0,1156600,0.0,0.0
2006-11-29 00:00:00+09:00,6190.0,6330.0,6040.0,6130.0,1526500,0.0,0.0
2006-11-30 00:00:00+09:00,6230.0,6260.0,6010.0,6080.0,905400,0.0,0.0
2006-12-01 00:00:00+09:00,6050.0,6080.0,5850.0,5850.0,902600,0.0,0.0
2006-12-04 00:00:00+09:00,5860.0,5940.0,5750.0,5750.0,648000,0.0,0.0
2006-12-05 00:00:00+09:00,5860.0,6610.0,5810.0,6610.0,2441400,0.0,0.0
2006-12-06 00:00:00+09:00,6990.0,7400.0,6540.0,6750.0,6788600,0.0,0.0
2006-12-07 00:00:00+09:00,6750.0,6930.0,6310.0,6340.0,2692900,0.0,0.0
2006-12-08 00:00:00+09:00,6080.0,6260.0,6060.0,6200.0,1506900,0.0,0.0
2006-12-11 00:00:00+09:00,6460.0,7130.0,6350.0,7130.0,4681300,0.0,0.0
2006-12-12 00:00:00+09:00,7200.0,7240.0,6600.0,6700.0,3478300,0.0,0.0
2006-12-13 00:00:00+09:00,6800.0,7310.0,6770.0,6850.0,3773500,0.0,0.0
2006-12-14 00:00:00+09:00,7000.0,7240.0,6760.0,6800.0,2709900,0.0,0.0
2006-12-15 00:00:00+09:00,6800.0,7090.0,6670.0,6690.0,1550800,0.0,0.0
2006-12-18 00:00:00+09:00,6780.0,6800.0,6400.0,6520.0,1383000,0.0,0.0
2006-12-19 00:00:00+09:00,6570.0,6900.0,6500.0,6790.0,2798800,0.0,0.0
2006-12-20 00:00:00+09:00,6800.0,6900.0,6540.0,6580.0,1481200,0.0,0.0
2006-12-21 00:00:00+09:00,6570.0,6570.0,6360.0,6380.0,969300,0.0,0.0
2006-12-22 00:00:00+09:00,6310.0,6360.0,5930.0,5930.0,1408100,0.0,0.0
2006-12-26 00:00:00+09:00,5820.0,6100.0,5760.0,5760.0,763200,0.0,0.0
2006-12-27 00:00:00+09:00,5750.0,5910.0,5470.0,5480.0,246900,0.0,0.0
2006-12-28 00:00:00+09:00,5520.0,5860.0,5510.0,5720.0,1069600,0.0,0.0
2007-01-02 00:00:00+09:00,5790.0,5980.0,5770.0,5820.0,781900,0.0,0.0
2007-01-03 00:00:00+09:00,5900.0,5910.0,5690.0,5690.0,582400,0.0,0.0
2007-01-04 00:00:00+09:00,5700.0,5910.0,5670.0,5860.0,823200,0.0,0.0
2007-01-05 00:00:00+09:00,6090.0,6370.0,5950.0,6100.0,1891600,0.0,0.0
2007-01-08 00:00:00+09:00,6150.0,6150.0,5840.0,5840.0,694800,0.0,0.0
2007-01-09 00:00:00+09:00,5850.0,6210.0,5840.0,5930.0,1100900,0.0,0.0
2007-01-10 00:00:00+09:00,5960.0,6170.0,5960.0,6080.0,874700,0.0,0.0
2007-01-11 00:00:00+09:00,6110.0,6160.0,5860.0,5900.0,676200,0.0,0.0
2007-01-12 00:00:00+09:00,6000.0,6270.0,5910.0,6230.0,990300,0.0,0.0
2007-01-15 00:00:00+09:00,6250.0,6290.0,6060.0,6180.0,562100,0.0,0.0
2007-01-16 00:00:00+09:00,6100.0,6180.0,5970.0,6060.0,541600,0.0,0.0
2007-01-17 00:00:00+09:00,6070.0,6390.0,5990.0,6100.0,1553200,0.0,0.0
2007-01-18 00:00:00+09:00,6200.0,6230.0,6000.0,6000.0,581200,0.0,0.0
2007-01-19 00:00:00+09:00,5900.0,5970.0,5530.0,5530.0,782100,0.0,0.0
2007-01-22 00:00:00+09:00,5360.0,5910.0,5360.0,5910.0,489900,0.0,0.0
2007-01-23 00:00:00+09:00,6150.0,6230.0,5670.0,5670.0,836500,0.0,0.0
2007-01-24 00:00:00+09:00,5610.0,5830.0,5610.0,5670.0,485000,0.0,0.0
2007-01-25 00:00:00+09:00,5760.0,5870.0,5710.0,5710.0,427100,0.0,0.0
2007-01-26 00:00:00+09:00,5690.0,5840.0,5560.0,5760.0,525900,0.0,0.0
2007-01-29 00:00:00+09:00,5990.0,6230.0,5830.0,5900.0,1258300,0.0,0.0
2007-01-30 00:00:00+09:00,6010.0,6020.0,5700.0,5790.0,469900,0.0,0.0
2007-01-31 00:00:00+09:00,5730.0,5830.0,5610.0,5610.0,447000,0.0,0.0
2007-02-01 00:00:00+09:00,5620.0,5690.0,5570.0,5610.0,330100,0.0,0.0
2007-02-02 00:00:00+09:00,5600.0,5720.0,5600.0,5660.0,394000,0.0,0.0
2007-02-05 00:00:00+09:00,5670.0,5740.0,5620.0,5650.0,405000,0.0,0.0
2007-02-06 00:00:00+09:00,5630.0,5680.0,5470.0,5550.0,572800,0.0,0.0
2007-02-07 00:00:00+09:00,5550.0,5760.0,5470.0,5610.0,513200,0.0,0.0
2007-02-08 00:00:00+09:00,5610.0,5640.0,5460.0,5460.0,356200,0.0,0.0
2007-02-09 00:00:00+09:00,5470.0,5550.0,5450.0,5450.0,288200,0.0,0.0
2007-02-12 00:00:00+09:00,5400.0,6030.0,5300.0,5580.0,1094100,0.0,0.0
2007-02-13 00:00:00+09:00,5610.0,5620.0,5510.0,5530.0,295000,0.0,0.0
2007-02-14 00:00:00+09:00,5600.0,5600.0,5470.0,5470.0,266900,0.0,0.0
2007-02-15 00:00:00+09:00,5490.0,5520.0,5300.0,5300.0,381200,0.0,0.0
2007-02-16 00:00:00+09:00,5240.0,5260.0,5100.0,5100.0,353800,0.0,0.0
2007-02-20 00:00:00+09:00,5020.0,5310.0,5020.0,5250.0,399300,0.0,0.0
2007-02-21 00:00:00+09:00,5210.0,5290.0,5160.0,5160.0,211000,0.0,0.0
2007-02-22 00:00:00+09:00,5130.0,5270.0,5130.0,5200.0,247300,0.0,0.0
2007-02-23 00:00:00+09:00,5270.0,5270.0,5080.0,5080.0,228600,0.0,0.0
2007-02-26 00:00:00+09:00,5070.0,5070.0,4970.0,4980.0,344800,0.0,0.0
2007-02-27 00:00:00+09:00,4960.0,5450.0,4950.0,5270.0,817100,0.0,0.0
2007-02-28 00:00:00+09:00,5050.0,5620.0,4995.0,5540.0,1463600,0.0,0.0
2007-03-01 00:00:00+09:00,5540.0,5540.0,5540.0,5540.0,0,0.0,0.0
2007-03-05 00:00:00+09:00,5350.0,5390.0,5100.0,5100.0,316300,0.0,0.0
2007-03-06 00:00:00+09:00,5020.0,5260.0,5020.0,5100.0,358900,0.0,0.0
2007-03-07 00:00:00+09:00,5160.0,5220.0,5060.0,5100.0,270900,0.0,0.0
2007-03-08 00:00:00+09:00,5120.0,5180.0,5090.0,5130.0,222400,0.0,0.0
2007-03-09 00:00:00+09:00,5130.0,5190.0,5030.0,5080.0,235400,0.0,0.0
2007-03-12 00:00:00+09:00,5080.0,5240.0,5020.0,5140.0,459500,0.0,0.0
2007-03-13 00:00:00+09:00,5210.0,5340.0,5130.0,5230.0,427400,0.0,0.0
2007-03-14 00:00:00+09:00,5200.0,5420.0,5150.0,5300.0,544300,0.0,0.0
2007-03-15 00:00:00+09:00,5350.0,5410.0,5260.0,5330.0,393200,0.0,0.0
2007-03-16 00:00:00+09:00,5330.0,5430.0,5290.0,5290.0,390300,0.0,0.0
2007-03-19 00:00:00+09:00,5300.0,5390.0,5280.0,5290.0,347500,0.0,0.0
2007-03-20 00:00:00+09:00,5370.0,5650.0,5360.0,5580.0,952900,0.0,0.0
2007-03-21 00:00:00+09:00,5660.0,5840.0,5520.0,5520.0,753500,0.0,0.0
2007-03-22 00:00:00+09:00,5570.0,5630.0,5410.0,5490.0,424300,0.0,0.0
2007-03-23 00:00:00+09:00,5500.0,5620.0,5400.0,5480.0,450700,0.0,0.0
2007-03-26 00:00:00+09:00,5540.0,5540.0,5440.0,5460.0,184300,0.0,0.0
2007-03-27 00:00:00+09:00,5460.0,5660.0,5460.0,5590.0,321000,0.0,0.0
2007-03-28 00:00:00+09:00,5590.0,5680.0,5490.0,5490.0,260000,0.0,0.0
2007-03-29 00:00:00+09:00,5420.0,5480.0,5400.0,5430.0,212200,0.0,0.0
2007-03-30 00:00:00+09:00,5410.0,5480.0,5330.0,5420.0,188500,0.0,0.0
2007-04-02 00:00:00+09:00,5470.0,5640.0,5430.0,5430.0,339200,0.0,0.0
2007-04-03 00:00:00+09:00,5440.0,5490.0,5350.0,5410.0,243500,0.0,0.0
2007-04-04 00:00:00+09:00,5450.0,5450.0,5330.0,5350.0,263800,0.0,0.0
2007-04-05 00:00:00+09:00,5330.0,5480.0,5280.0,5300.0,281400,0.0,0.0
2007-04-06 00:00:00+09:00,5320.0,5360.0,5280.0,5300.0,145200,0.0,0.0
2007-04-09 00:00:00+09:00,5280.0,5320.0,5130.0,5220.0,380000,0.0,0.0
2007-04-10 00:00:00+09:00,5220.0,5350.0,5170.0,5230.0,264400,0.0,0.0
2007-04-11 00:00:00+09:00,5280.0,5280.0,5170.0,5170.0,229000,0.0,0.0
2007-04-12 00:00:00+09:00,5150.0,5200.0,5080.0,5100.0,246000,0.0,0.0
2007-04-13 00:00:00+09:00,5100.0,5270.0,5090.0,5190.0,258600,0.0,0.0
2007-04-16 00:00:00+09:00,5200.0,5240.0,5140.0,5210.0,189500,0.0,0.0
2007-04-17 00:00:00+09:00,5260.0,5390.0,5190.0,5320.0,333300,0.0,0.0
2007-04-18 00:00:00+09:00,5320.0,5330.0,5240.0,5250.0,174300,0.0,0.0
2007-04-19 00:00:00+09:00,5190.0,5230.0,5090.0,5140.0,209000,0.0,0.0
2007-04-20 00:00:00+09:00,5140.0,5190.0,5130.0,5140.0,134600,0.0,0.0
2007-04-23 00:00:00+09:00,5160.0,5360.0,5160.0,5260.0,451600,0.0,0.0
2007-04-24 00:00:00+09:00,5230.0,5840.0,5210.0,5650.0,2026300,0.0,0.0
2007-04-25 00:00:00+09:00,5740.0,5740.0,5390.0,5390.0,566200,0.0,0.0
2007-04-26 00:00:00+09:00,5440.0,5510.0,5310.0,5390.0,550400,0.0,0.0
2007-04-27 00:00:00+09:00,5410.0,5480.0,5150.0,5150.0,385600,0.0,0.0
2007-04-30 00:00:00+09:00,5220.0,5270.0,5160.0,5200.0,166500,0.0,0.0
2007-05-02 00:00:00+09:00,5280.0,5280.0,5150.0,5150.0,180300,0.0,0.0
2007-05-03 00:00:00+09:00,5200.0,5300.0,5150.0,5180.0,237700,0.0,0.0
2007-05-04 00:00:00+09:00,5250.0,5390.0,5230.0,5280.0,308800,0.0,0.0
2007-05-07 00:00:00+09:00,5350.0,5350.0,5250.0,5310.0,197900,0.0,0.0
2007-05-08 00:00:00+09:00,5330.0,5390.0,5190.0,5190.0,222000,0.0,0.0
2007-05-09 00:00:00+09:00,5200.0,5220.0,5110.0,5110.0,206300,0.0,0.0
2007-05-10 00:00:00+09:00,5140.0,5190.0,5060.0,5110.0,224300,0.0,0.0
2007-05-11 00:00:00+09:00,5100.0,5110.0,5040.0,5090.0,154000,0.0,0.0
2007-05-14 00:00:00+09:00,5100.0,5110.0,4950.0,4990.0,271800,0.0,0.0
2007-05-15 00:00:00+09:00,5010.0,5050.0,4970.0,5010.0,228200,0.0,0.0
2007-05-16 00:00:00+09:00,5020.0,5050.0,4925.0,4955.0,197600,0.0,0.0
2007-05-17 00:00:00+09:00,5000.0,5000.0,4950.0,4965.0,112200,0.0,0.0
2007-05-18 00:00:00+09:00,4965.0,5000.0,4935.0,4955.0,90600,0.0,0.0
2007-05-21 00:00:00+09:00,4960.0,4960.0,4710.0,4770.0,217100,0.0,0.0
2007-05-22 00:00:00+09:00,4810.0,4810.0,4650.0,4675.0,220500,0.0,0.0
2007-05-23 00:00:00+09:00,4680.0,4845.0,4655.0,4825.0,150300,0.0,0.0
2007-05-25 00:00:00+09:00,4810.0,4885.0,4700.0,4870.0,92100,0.0,0.0
2007-05-28 00:00:00+09:00,4900.0,5140.0,4870.0,4955.0,219900,0.0,0.0
2007-05-29 00:00:00+09:00,5020.0,5260.0,4915.0,5050.0,589600,0.0,0.0
2007-05-30 00:00:00+09:00,5170.0,5180.0,4950.0,4985.0,242800,0.0,0.0
2007-05-31 00:00:00+09:00,5020.0,5120.0,4985.0,5040.0,131300,0.0,0.0
2007-06-01 00:00:00+09:00,5080.0,5080.0,4900.0,4910.0,172000,0.0,0.0
2007-06-04 00:00:00+09:00,4960.0,5130.0,4900.0,4940.0,192700,0.0,0.0
2007-06-05 00:00:00+09:00,4985.0,4990.0,4890.0,4890.0,128600,0.0,0.0
2007-06-07 00:00:00+09:00,4870.0,4975.0,4850.0,4935.0,127300,0.0,0.0
2007-06-08 00:00:00+09:00,4940.0,5130.0,4940.0,5040.0,268600,0.0,0.0
2007-06-11 00:00:00+09:00,5100.0,5320.0,5060.0,5220.0,371600,0.0,0.0
2007-06-12 00:00:00+09:00,5240.0,5310.0,5150.0,5200.0,161000,0.0,0.0
2007-06-13 00:00:00+09:00,5210.0,5210.0,5050.0,5090.0,214700,0.0,0.0
2007-06-14 00:00:00+09:00,5150.0,5150.0,5060.0,5150.0,302400,0.0,0.0
2007-06-15 00:00:00+09:00,5120.0,5250.0,5110.0,5180.0,340400,0.0,0.0
2007-06-18 00:00:00+09:00,5240.0,5570.0,5230.0,5470.0,609200,0.0,0.0
2007-06-19 00:00:00+09:00,5600.0,5630.0,5390.0,5570.0,503000,0.0,0.0
2007-06-20 00:00:00+09:00,5630.0,5630.0,5180.0,5380.0,377600,0.0,0.0
2007-06-21 00:00:00+09:00,5310.0,5480.0,5230.0,5380.0,294200,0.0,0.0
2007-06-22 00:00:00+09:00,5500.0,5570.0,5380.0,5410.0,294300,0.0,0.0
2007-06-25 00:00:00+09:00,5390.0,5550.0,5310.0,5360.0,291000,0.0,0.0
2007-06-26 00:00:00+09:00,5370.0,5470.0,5200.0,5310.0,185500,0.0,0.0
2007-06-27 00:00:00+09:00,5310.0,5350.0,5170.0,5170.0,120300,0.0,0.0
2007-06-28 00:00:00+09:00,5210.0,5280.0,5140.0,5280.0,137800,0.0,0.0
2007-06-29 00:00:00+09:00,5280.0,5290.0,5160.0,5190.0,99500,0.0,0.0
2007-07-02 00:00:00+09:00,5200.0,5230.0,5140.0,5160.0,121700,0.0,0.0
2007-07-03 00:00:00+09:00,5220.0,5230.0,4980.0,5000.0,319800,0.0,0.0
2007-07-04 00:00:00+09:00,4950.0,5060.0,4940.0,4955.0,234300,0.0,0.0
2007-07-05 00:00:00+09:00,4965.0,5120.0,4965.0,5040.0,156900,0.0,0.0
2007-07-06 00:00:00+09:00,5120.0,5120.0,4930.0,5000.0,170700,0.0,0.0
2007-07-09 00:00:00+09:00,4965.0,5070.0,4930.0,4975.0,260000,0.0,0.0
2007-07-10 00:00:00+09:00,4905.0,5290.0,4905.0,5130.0,494400,0.0,0.0
2007-07-11 00:00:00+09:00,5130.0,5250.0,5060.0,5210.0,241300,0.0,0.0
2007-07-12 00:00:00+09:00,5240.0,5240.0,5090.0,5200.0,185000,0.0,0.0
2007-07-13 00:00:00+09:00,5250.0,5300.0,5090.0,5160.0,272900,0.0,0.0
2007-07-16 00:00:00+09:00,5140.0,5160.0,4980.0,5000.0,184200,0.0,0.0
2007-07-18 00:00:00+09:00,5010.0,5220.0,5000.0,5220.0,235700,0.0,0.0
2007-07-19 00:00:00+09:00,5280.0,5820.0,5150.0,5750.0,892500,0.0,0.0
2007-07-20 00:00:00+09:00,5850.0,5990.0,5630.0,5810.0,795700,0.0,0.0
2007-07-23 00:00:00+09:00,5700.0,5990.0,5630.0,5880.0,396500,0.0,0.0
2007-07-24 00:00:00+09:00,5900.0,5910.0,5730.0,5750.0,313400,0.0,0.0
2007-07-25 00:00:00+09:00,5670.0,5760.0,5490.0,5580.0,351200,0.0,0.0
2007-07-26 00:00:00+09:00,5670.0,5970.0,5570.0,5680.0,570600,0.0,0.0
2007-07-27 00:00:00+09:00,5510.0,5760.0,5400.0,5590.0,292100,0.0,0.0
2007-07-30 00:00:00+09:00,5610.0,5850.0,5540.0,5850.0,422100,0.0,0.0
2007-07-31 00:00:00+09:00,6000.0,6450.0,5890.0,5900.0,2017700,0.0,0.0
2007-08-01 00:00:00+09:00,5810.0,5900.0,5530.0,5600.0,463800,0.0,0.0
2007-08-02 00:00:00+09:00,5750.0,5880.0,5500.0,5590.0,465400,0.0,0.0
2007-08-03 00:00:00+09:00,5700.0,5760.0,5580.0,5650.0,266700,0.0,0.0
2007-08-06 00:00:00+09:00,5500.0,5580.0,5460.0,5550.0,208800,0.0,0.0
2007-08-07 00:00:00+09:00,5650.0,5730.0,5560.0,5700.0,314700,0.0,0.0
2007-08-08 00:00:00+09:00,5790.0,5950.0,5750.0,5810.0,469300,0.0,0.0
2007-08-09 00:00:00+09:00,5950.0,5960.0,5720.0,5770.0,317300,0.0,0.0
2007-08-10 00:00:00+09:00,5730.0,5730.0,5420.0,5430.0,413400,0.0,0.0
2007-08-13 00:00:00+09:00,5430.0,5430.0,5430.0,5430.0,0,0.0,0.0
2007-08-14 00:00:00+09:00,5500.0,5600.0,5300.0,5300.0,264200,0.0,0.0
2007-08-16 00:00:00+09:00,5100.0,5130.0,4510.0,4600.0,443700,0.0,0.0
2007-08-17 00:00:00+09:00,4850.0,4895.0,4580.0,4640.0,247200,0.0,0.0
2007-08-20 00:00:00+09:00,4720.0,5090.0,4720.0,5070.0,259600,0.0,0.0
2007-08-21 00:00:00+09:00,5100.0,5140.0,4950.0,4980.0,203400,0.0,0.0
2007-08-22 00:00:00+09:00,5010.0,5180.0,4990.0,5030.0,236600,0.0,0.0
2007-08-23 00:00:00+09:00,5100.0,5170.0,5000.0,5020.0,230400,0.0,0.0
2007-08-24 00:00:00+09:00,4970.0,5050.0,4900.0,4940.0,155300,0.0,0.0
2007-08-27 00:00:00+09:00,5030.0,5060.0,4850.0,4890.0,280300,0.0,0.0
2007-08-28 00:00:00+09:00,4870.0,4900.0,4805.0,4810.0,150000,0.0,0.0
2007-08-29 00:00:00+09:00,4600.0,4975.0,4580.0,4880.0,428000,0.0,0.0
2007-08-30 00:00:00+09:00,5000.0,5070.0,4865.0,4865.0,207900,0.0,0.0
2007-08-31 00:00:00+09:00,4920.0,4990.0,4880.0,4920.0,154300,0.0,0.0
2007-09-03 00:00:00+09:00,5090.0,5110.0,4980.0,5000.0,231100,0.0,0.0
2007-09-04 00:00:00+09:00,5050.0,5060.0,4950.0,5010.0,107700,0.0,0.0
2007-09-05 00:00:00+09:00,5060.0,5070.0,4935.0,4935.0,105300,0.0,0.0
2007-09-06 00:00:00+09:00,4900.0,5020.0,4900.0,5020.0,167000,0.0,0.0
2007-09-07 00:00:00+09:00,5070.0,5400.0,5030.0,5250.0,468900,0.0,0.0
2007-09-10 00:00:00+09:00,5230.0,5550.0,5140.0,5400.0,560900,0.0,0.0
2007-09-11 00:00:00+09:00,5440.0,5500.0,5310.0,5430.0,224300,0.0,0.0
2007-09-12 00:00:00+09:00,5450.0,5460.0,5170.0,5170.0,235800,0.0,0.0
2007-09-13 00:00:00+09:00,5180.0,5260.0,5170.0,5220.0,107100,0.0,0.0
2007-09-14 00:00:00+09:00,5240.0,5320.0,5170.0,5190.0,190300,0.0,0.0
2007-09-17 00:00:00+09:00,5200.0,5280.0,5080.0,5170.0,154900,0.0,0.0
2007-09-18 00:00:00+09:00,5130.0,5160.0,5050.0,5050.0,139800,0.0,0.0
2007-09-19 00:00:00+09:00,5150.0,5350.0,5100.0,5100.0,318800,0.0,0.0
2007-09-20 00:00:00+09:00,5240.0,5440.0,5110.0,5270.0,455400,0.0,0.0
2007-09-21 00:00:00+09:00,5260.0,5300.0,5120.0,5120.0,174000,0.0,0.0
2007-09-27 00:00:00+09:00,5160.0,5330.0,5160.0,5250.0,186100,0.0,0.0
2007-09-28 00:00:00+09:00,5280.0,5550.0,5270.0,5450.0,395300,0.0,0.0
2007-10-01 00:00:00+09:00,5440.0,5530.0,5350.0,5360.0,223200,0.0,0.0
2007-10-02 00:00:00+09:00,5410.0,5490.0,5320.0,5370.0,178200,0.0,0.0
2007-10-04 00:00:00+09:00,5360.0,5360.0,5160.0,5200.0,279700,0.0,0.0
2007-10-05 00:00:00+09:00,5170.0,5240.0,5000.0,5030.0,230600,0.0,0.0
2007-10-08 00:00:00+09:00,5090.0,5090.0,4920.0,4950.0,200500,0.0,0.0
2007-10-09 00:00:00+09:00,4950.0,5020.0,4940.0,4950.0,92800,0.0,0.0
2007-10-10 00:00:00+09:00,4955.0,5120.0,4950.0,5090.0,166600,0.0,0.0
2007-10-11 00:00:00+09:00,5100.0,5100.0,4875.0,4905.0,234800,0.0,0.0
2007-10-12 00:00:00+09:00,4850.0,5070.0,4750.0,4935.0,234700,0.0,0.0
2007-10-15 00:00:00+09:00,4990.0,5010.0,4850.0,4850.0,133000,0.0,0.0
2007-10-16 00:00:00+09:00,4750.0,4850.0,4600.0,4600.0,319800,0.0,0.0
2007-10-17 00:00:00+09:00,4525.0,4600.0,4410.0,4420.0,169100,0.0,0.0
2007-10-18 00:00:00+09:00,4430.0,4570.0,4425.0,4570.0,114800,0.0,0.0
2007-10-19 00:00:00+09:00,4700.0,5030.0,4670.0,4790.0,346200,0.0,0.0
2007-10-22 00:00:00+09:00,4600.0,4630.0,4360.0,4550.0,168400,0.0,0.0
2007-10-23 00:00:00+09:00,4575.0,4795.0,4575.0,4795.0,96000,0.0,0.0
2007-10-24 00:00:00+09:00,4820.0,4870.0,4600.0,4650.0,97200,0.0,0.0
2007-10-25 00:00:00+09:00,4660.0,4705.0,4535.0,4545.0,83800,0.0,0.0
2007-10-26 00:00:00+09:00,4600.0,4620.0,4450.0,4535.0,107500,0.0,0.0
2007-10-29 00:00:00+09:00,4540.0,4580.0,4500.0,4510.0,113300,0.0,0.0
2007-10-30 00:00:00+09:00,4500.0,4650.0,4500.0,4630.0,101800,0.0,0.0
2007-10-31 00:00:00+09:00,4545.0,4740.0,4545.0,4670.0,89600,0.0,0.0
2007-11-01 00:00:00+09:00,4680.0,4845.0,4615.0,4700.0,99000,0.0,0.0
2007-11-02 00:00:00+09:00,4520.0,4965.0,4520.0,4850.0,169000,0.0,0.0
2007-11-05 00:00:00+09:00,4670.0,4720.0,4555.0,4560.0,139200,0.0,0.0
2007-11-06 00:00:00+09:00,4560.0,4645.0,4480.0,4500.0,105400,0.0,0.0
2007-11-07 00:00:00+09:00,4550.0,4550.0,4365.0,4370.0,131800,0.0,0.0
2007-11-08 00:00:00+09:00,4350.0,4390.0,4280.0,4350.0,105300,0.0,0.0
2007-11-09 00:00:00+09:00,4355.0,4440.0,4290.0,4290.0,75300,0.0,0.0
2007-11-12 00:00:00+09:00,4290.0,4290.0,4150.0,4155.0,99600,0.0,0.0
2007-11-13 00:00:00+09:00,4155.0,4250.0,4105.0,4165.0,79800,0.0,0.0
2007-11-14 00:00:00+09:00,4215.0,4320.0,4215.0,4250.0,63100,0.0,0.0
2007-11-15 00:00:00+09:00,4320.0,4320.0,4200.0,4285.0,41100,0.0,0.0
2007-11-16 00:00:00+09:00,4280.0,4400.0,4185.0,4335.0,42600,0.0,0.0
2007-11-19 00:00:00+09:00,4350.0,4370.0,4300.0,4345.0,41500,0.0,0.0
2007-11-20 00:00:00+09:00,4250.0,4310.0,4195.0,4250.0,67800,0.0,0.0
2007-11-21 00:00:00+09:00,4225.0,4270.0,4070.0,4110.0,99400,0.0,0.0
2007-11-22 00:00:00+09:00,4020.0,4160.0,4010.0,4080.0,86200,0.0,0.0
2007-11-23 00:00:00+09:00,4080.0,4115.0,3940.0,4020.0,93800,0.0,0.0
2007-11-26 00:00:00+09:00,4020.0,4290.0,4010.0,4095.0,187500,0.0,0.0
2007-11-27 00:00:00+09:00,4095.0,4140.0,4015.0,4100.0,56800,0.0,0.0
2007-11-28 00:00:00+09:00,4120.0,4180.0,4040.0,4115.0,76400,0.0,0.0
2007-11-29 00:00:00+09:00,4195.0,4225.0,4140.0,4145.0,79900,0.0,0.0
2007-11-30 00:00:00+09:00,4110.0,4200.0,4110.0,4110.0,68000,0.0,0.0
2007-12-03 00:00:00+09:00,4150.0,4345.0,4150.0,4205.0,88000,0.0,0.0
2007-12-04 00:00:00+09:00,4185.0,4275.0,4165.0,4165.0,58600,0.0,0.0
2007-12-05 00:00:00+09:00,4180.0,4335.0,4120.0,4250.0,135800,0.0,0.0
2007-12-06 00:00:00+09:00,4300.0,4405.0,4280.0,4290.0,107000,0.0,0.0
2007-12-07 00:00:00+09:00,4280.0,4490.0,4280.0,4440.0,118600,0.0,0.0
2007-12-10 00:00:00+09:00,4400.0,4540.0,4380.0,4405.0,76300,0.0,0.0
2007-12-11 00:00:00+09:00,4410.0,4530.0,4410.0,4470.0,85600,0.0,0.0
2007-12-12 00:00:00+09:00,4410.0,4540.0,4410.0,4465.0,107500,0.0,0.0
2007-12-13 00:00:00+09:00,4500.0,4620.0,4470.0,4560.0,131800,0.0,0.0
2007-12-14 00:00:00+09:00,4580.0,4620.0,4495.0,4530.0,62600,0.0,0.0
2007-12-17 00:00:00+09:00,4650.0,4965.0,4640.0,4650.0,405900,0.0,0.0
2007-12-18 00:00:00+09:00,4670.0,4800.0,4560.0,4610.0,141000,0.0,0.0
2007-12-20 00:00:00+09:00,4640.0,4640.0,4425.0,4430.0,96300,0.0,0.0
2007-12-21 00:00:00+09:00,4430.0,4535.0,4350.0,4445.0,46500,0.0,0.0
2007-12-24 00:00:00+09:00,4470.0,4590.0,4455.0,4505.0,61100,0.0,0.0
2007-12-26 00:00:00+09:00,4560.0,4560.0,4300.0,4300.0,65300,0.0,0.0
2007-12-27 00:00:00+09:00,4350.0,4520.0,4350.0,4465.0,95200,0.0,0.0
2007-12-28 00:00:00+09:00,4500.0,4700.0,4440.0,4660.0,98068,0.0,0.0
2008-01-02 00:00:00+09:00,4770.0,4775.0,4660.0,4660.0,115261,0.0,0.0
2008-01-03 00:00:00+09:00,4530.0,4810.0,4530.0,4775.0,124475,0.0,0.0
2008-01-04 00:00:00+09:00,4820.0,4945.0,4750.0,4750.0,169249,0.0,0.0
2008-01-07 00:00:00+09:00,4790.0,5020.0,4670.0,4725.0,448725,0.0,0.0
2008-01-08 00:00:00+09:00,4685.0,4795.0,4580.0,4700.0,123273,0.0,0.0
2008-01-09 00:00:00+09:00,4620.0,4800.0,4555.0,4625.0,183989,0.0,0.0
2008-01-10 00:00:00+09:00,4650.0,4690.0,4470.0,4475.0,141535,0.0,0.0
2008-01-11 00:00:00+09:00,4475.0,4570.0,4440.0,4450.0,80024,0.0,0.0
2008-01-14 00:00:00+09:00,4310.0,4500.0,4290.0,4300.0,127353,0.0,0.0
2008-01-15 00:00:00+09:00,4310.0,4370.0,4100.0,4190.0,119729,0.0,0.0
2008-01-16 00:00:00+09:00,4100.0,4105.0,4000.0,4070.0,131498,0.0,0.0
2008-01-17 00:00:00+09:00,4070.0,4160.0,4070.0,4105.0,60077,0.0,0.0
2008-01-18 00:00:00+09:00,4020.0,4250.0,4020.0,4250.0,55907,0.0,0.0
2008-01-21 00:00:00+09:00,4210.0,4250.0,4040.0,4070.0,97682,0.0,0.0
2008-01-22 00:00:00+09:00,3950.0,4020.0,3675.0,3920.0,156757,0.0,0.0
2008-01-23 00:00:00+09:00,3950.0,4045.0,3830.0,3905.0,71115,0.0,0.0
2008-01-24 00:00:00+09:00,4000.0,4080.0,3980.0,4000.0,50523,0.0,0.0
2008-01-25 00:00:00+09:00,4020.0,4100.0,3975.0,4000.0,58517,0.0,0.0
2008-01-28 00:00:00+09:00,3985.0,4050.0,3930.0,3995.0,54673,0.0,0.0
2008-01-29 00:00:00+09:00,4000.0,4045.0,3955.0,3960.0,49827,0.0,0.0
2008-01-30 00:00:00+09:00,3940.0,4025.0,3850.0,3850.0,80176,0.0,0.0
2008-01-31 00:00:00+09:00,3850.0,3970.0,3850.0,3960.0,31036,0.0,0.0
2008-02-01 00:00:00+09:00,4010.0,4170.0,3970.0,4050.0,177871,0.0,0.0
2008-02-04 00:00:00+09:00,4080.0,4080.0,3880.0,4040.0,134245,0.0,0.0
2008-02-05 00:00:00+09:00,4000.0,4045.0,3970.0,4020.0,61324,0.0,0.0
2008-02-11 00:00:00+09:00,4005.0,4005.0,3920.0,3925.0,35918,0.0,0.0
2008-02-12 00:00:00+09:00,3890.0,3975.0,3850.0,3860.0,47666,0.0,0.0
2008-02-13 00:00:00+09:00,3875.0,3925.0,3860.0,3870.0,57943,0.0,0.0
2008-02-14 00:00:00+09:00,3920.0,3950.0,3870.0,3890.0,54156,0.0,0.0
2008-02-15 00:00:00+09:00,3890.0,3925.0,3835.0,3845.0,67872,0.0,0.0
2008-02-18 00:00:00+09:00,3815.0,3990.0,3815.0,3925.0,83486,0.0,0.0
2008-02-19 00:00:00+09:00,3915.0,3970.0,3900.0,3965.0,49069,0.0,0.0
2008-02-20 00:00:00+09:00,3955.0,4000.0,3900.0,3950.0,53167,0.0,0.0
2008-02-21 00:00:00+09:00,4000.0,4000.0,3915.0,3950.0,54983,0.0,0.0
2008-02-22 00:00:00+09:00,3860.0,3930.0,3860.0,3860.0,52713,0.0,0.0
2008-02-25 00:00:00+09:00,3880.0,3880.0,3825.0,3835.0,72225,0.0,0.0
2008-02-26 00:00:00+09:00,3845.0,3890.0,3825.0,3860.0,70095,0.0,0.0
2008-02-27 00:00:00+09:00,3890.0,3900.0,3800.0,3860.0,73233,0.0,0.0
2008-02-28 00:00:00+09:00,3820.0,3870.0,3805.0,3850.0,41568,0.0,0.0
2008-02-29 00:00:00+09:00,3830.0,3850.0,3750.0,3775.0,56742,0.0,0.0
2008-03-03 00:00:00+09:00,3695.0,3755.0,3645.0,3650.0,72859,0.0,0.0
2008-03-04 00:00:00+09:00,3650.0,3830.0,3645.0,3765.0,77311,0.0,0.0
2008-03-05 00:00:00+09:00,3800.0,3800.0,3720.0,3735.0,38987,0.0,0.0
2008-03-06 00:00:00+09:00,3710.0,3780.0,3700.0,3715.0,36390,0.0,0.0
2008-03-07 00:00:00+09:00,3715.0,3715.0,3570.0,3580.0,76016,0.0,0.0
2008-03-10 00:00:00+09:00,3505.0,3570.0,3465.0,3465.0,113335,0.0,0.0
2008-03-11 00:00:00+09:00,3470.0,3550.0,3455.0,3490.0,62923,0.0,0.0
2008-03-12 00:00:00+09:00,3610.0,3695.0,3535.0,3570.0,87781,0.0,0.0
2008-03-13 00:00:00+09:00,3635.0,3640.0,3530.0,3535.0,27403,0.0,0.0
2008-03-14 00:00:00+09:00,3540.0,3640.0,3480.0,3495.0,85493,0.0,0.0
2008-03-17 00:00:00+09:00,3540.0,3725.0,3505.0,3585.0,122134,0.0,0.0
2008-03-18 00:00:00+09:00,3650.0,3680.0,3520.0,3560.0,84269,0.0,0.0
2008-03-19 00:00:00+09:00,3660.0,3785.0,3600.0,3755.0,135153,0.0,0.0
2008-03-20 00:00:00+09:00,3720.0,3750.0,3665.0,3735.0,65238,0.0,0.0
2008-03-21 00:00:00+09:00,3770.0,3790.0,3720.0,3730.0,46651,0.0,0.0
2008-03-24 00:00:00+09:00,3735.0,3770.0,3710.0,3720.0,49445,0.0,0.0
2008-03-25 00:00:00+09:00,3755.0,3855.0,3750.0,3790.0,95568,0.0,0.0
2008-03-26 00:00:00+09:00,3760.0,3845.0,3705.0,3720.0,55705,0.0,0.0
2008-03-27 00:00:00+09:00,3700.0,3770.0,3650.0,3760.0,77039,0.0,0.0
2008-03-28 00:00:00+09:00,3705.0,3755.0,3700.0,3750.0,36700,0.0,0.0
2008-03-31 00:00:00+09:00,3780.0,4245.0,3710.0,3905.0,392103,0.0,0.0
2008-04-01 00:00:00+09:00,3905.0,3940.0,3840.0,3900.0,100676,0.0,0.0
2008-04-02 00:00:00+09:00,3950.0,4245.0,3950.0,4150.0,374030,0.0,0.0
2008-04-03 00:00:00+09:00,4150.0,4290.0,4030.0,4175.0,189017,0.0,0.0
2008-04-04 00:00:00+09:00,4240.0,4335.0,4170.0,4190.0,232135,0.0,0.0
2008-04-07 00:00:00+09:00,4125.0,4210.0,4050.0,4090.0,145968,0.0,0.0
2008-04-08 00:00:00+09:00,4090.0,4130.0,4035.0,4130.0,70016,0.0,0.0
2008-04-10 00:00:00+09:00,4150.0,4330.0,4055.0,4300.0,131987,0.0,0.0
2008-04-11 00:00:00+09:00,4350.0,4430.0,4295.0,4330.0,109607,0.0,0.0
2008-04-14 00:00:00+09:00,4280.0,4280.0,4190.0,4210.0,98280,0.0,0.0
2008-04-15 00:00:00+09:00,4250.0,4300.0,4225.0,4260.0,81373,0.0,0.0
2008-04-16 00:00:00+09:00,4250.0,4300.0,4155.0,4155.0,89432,0.0,0.0
2008-04-17 00:00:00+09:00,4155.0,4250.0,4090.0,4135.0,91978,0.0,0.0
2008-04-18 00:00:00+09:00,4140.0,4200.0,4100.0,4120.0,88045,0.0,0.0
2008-04-21 00:00:00+09:00,4200.0,4215.0,4130.0,4160.0,57270,0.0,0.0
2008-04-22 00:00:00+09:00,4160.0,4200.0,4100.0,4200.0,69995,0.0,0.0
2008-04-23 00:00:00+09:00,4260.0,4385.0,4250.0,4260.0,122349,0.0,0.0
2008-04-24 00:00:00+09:00,4225.0,4445.0,4225.0,4260.0,192458,0.0,0.0
2008-04-25 00:00:00+09:00,4305.0,4340.0,4150.0,4180.0,74815,0.0,0.0
2008-04-28 00:00:00+09:00,4250.0,4295.0,4020.0,4050.0,123967,0.0,0.0
2008-04-29 00:00:00+09:00,4060.0,4140.0,3890.0,3935.0,131260,0.0,0.0
2008-04-30 00:00:00+09:00,3935.0,4050.0,3930.0,3945.0,59446,0.0,0.0
2008-05-01 00:00:00+09:00,3945.0,3945.0,3945.0,3945.0,0,0.0,0.0
2008-05-02 00:00:00+09:00,4070.0,4070.0,3960.0,4000.0,45861,0.0,0.0
2008-05-05 00:00:00+09:00,4000.0,4000.0,4000.0,4000.0,0,0.0,0.0
2008-05-06 00:00:00+09:00,4000.0,4050.0,3940.0,3965.0,76682,0.0,0.0
2008-05-07 00:00:00+09:00,4000.0,4035.0,3930.0,3965.0,78387,0.0,0.0
2008-05-08 00:00:00+09:00,3950.0,3990.0,3900.0,3975.0,115095,0.0,0.0
2008-05-09 00:00:00+09:00,3975.0,3990.0,3865.0,3875.0,184486,0.0,0.0
2008-05-12 00:00:00+09:00,3875.0,3875.0,3875.0,3875.0,0,0.0,0.0
2008-05-13 00:00:00+09:00,3875.0,3875.0,3740.0,3785.0,105329,0.0,0.0
2008-05-14 00:00:00+09:00,3785.0,3860.0,3740.0,3780.0,58617,0.0,0.0
2008-05-15 00:00:00+09:00,3825.0,3945.0,3800.0,3900.0,83170,0.0,0.0
2008-05-16 00:00:00+09:00,3960.0,3985.0,3880.0,3890.0,87651,0.0,0.0
2008-05-19 00:00:00+09:00,3900.0,3955.0,3840.0,3905.0,97300,0.0,0.0
2008-05-20 00:00:00+09:00,3900.0,3925.0,3710.0,3825.0,82135,0.0,0.0
2008-05-21 00:00:00+09:00,3775.0,3935.0,3775.0,3865.0,48627,0.0,0.0
2008-05-22 00:00:00+09:00,3865.0,3870.0,3745.0,3800.0,40349,0.0,0.0
2008-05-23 00:00:00+09:00,3810.0,3860.0,3760.0,3810.0,50300,0.0,0.0
2008-05-26 00:00:00+09:00,3815.0,3815.0,3725.0,3760.0,40590,0.0,0.0
2008-05-27 00:00:00+09:00,3735.0,3840.0,3735.0,3760.0,44980,0.0,0.0
2008-05-28 00:00:00+09:00,3800.0,3835.0,3785.0,3785.0,30162,0.0,0.0
2008-05-29 00:00:00+09:00,3790.0,3950.0,3790.0,3900.0,57765,0.0,0.0
2008-05-30 00:00:00+09:00,3950.0,3950.0,3880.0,3885.0,33053,0.0,0.0
2008-06-02 00:00:00+09:00,3900.0,3930.0,3825.0,3910.0,52106,0.0,0.0
2008-06-03 00:00:00+09:00,3910.0,3920.0,3720.0,3840.0,71033,0.0,0.0
2008-06-04 00:00:00+09:00,3815.0,4020.0,3810.0,4020.0,114311,0.0,0.0
2008-06-05 00:00:00+09:00,4050.0,4050.0,3900.0,3970.0,73076,0.0,0.0
2008-06-06 00:00:00+09:00,3970.0,3970.0,3970.0,3970.0,0,0.0,0.0
2008-06-09 00:00:00+09:00,3890.0,3940.0,3730.0,3910.0,63701,0.0,0.0
2008-06-10 00:00:00+09:00,3905.0,3975.0,3850.0,3905.0,34639,0.0,0.0
2008-06-11 00:00:00+09:00,3910.0,4185.0,3910.0,4185.0,138890,0.0,0.0
2008-06-12 00:00:00+09:00,4105.0,4160.0,4050.0,4115.0,76560,0.0,0.0
2008-06-13 00:00:00+09:00,4110.0,4115.0,3955.0,4115.0,97541,0.0,0.0
2008-06-16 00:00:00+09:00,4170.0,4170.0,3970.0,4115.0,85266,0.0,0.0
2008-06-17 00:00:00+09:00,4115.0,4115.0,3970.0,3970.0,62811,0.0,0.0
2008-06-18 00:00:00+09:00,3995.0,4020.0,3860.0,3990.0,73056,0.0,0.0
2008-06-19 00:00:00+09:00,4005.0,4005.0,3940.0,3940.0,46121,0.0,0.0
2008-06-20 00:00:00+09:00,3940.0,4050.0,3940.0,4040.0,39579,0.0,0.0
2008-06-23 00:00:00+09:00,3970.0,4050.0,3945.0,4050.0,71496,0.0,0.0
2008-06-24 00:00:00+09:00,4020.0,4085.0,3950.0,3950.0,53319,0.0,0.0
2008-06-25 00:00:00+09:00,3925.0,4010.0,3880.0,3950.0,66777,0.0,0.0
2008-06-26 00:00:00+09:00,3960.0,3990.0,3840.0,3900.0,52434,0.0,0.0
2008-06-27 00:00:00+09:00,3850.0,3875.0,3770.0,3785.0,66154,0.0,0.0
2008-06-30 00:00:00+09:00,3770.0,3940.0,3770.0,3790.0,16376,0.0,0.0
2008-07-01 00:00:00+09:00,3775.0,3855.0,3610.0,3610.0,115277,0.0,0.0
2008-07-02 00:00:00+09:00,3620.0,3710.0,3500.0,3520.0,92404,0.0,0.0
2008-07-03 00:00:00+09:00,3595.0,3650.0,3475.0,3650.0,73493,0.0,0.0
2008-07-04 00:00:00+09:00,3590.0,3650.0,3520.0,3520.0,26218,0.0,0.0
2008-07-07 00:00:00+09:00,3595.0,3595.0,3510.0,3560.0,11911,0.0,0.0
2008-07-08 00:00:00+09:00,3550.0,3670.0,3475.0,3475.0,68266,0.0,0.0
2008-07-09 00:00:00+09:00,3460.0,3540.0,3460.0,3510.0,39158,0.0,0.0
2008-07-10 00:00:00+09:00,3460.0,3530.0,3400.0,3500.0,39902,0.0,0.0
2008-07-11 00:00:00+09:00,3510.0,3640.0,3500.0,3640.0,22986,0.0,0.0
2008-07-14 00:00:00+09:00,3545.0,3700.0,3545.0,3650.0,38582,0.0,0.0
2008-07-15 00:00:00+09:00,3560.0,3990.0,3560.0,3800.0,236820,0.0,0.0
2008-07-16 00:00:00+09:00,3900.0,3955.0,3780.0,3850.0,69691,0.0,0.0
2008-07-17 00:00:00+09:00,3880.0,3880.0,3755.0,3860.0,59429,0.0,0.0
2008-07-18 00:00:00+09:00,3820.0,3850.0,3750.0,3750.0,40736,0.0,0.0
2008-07-21 00:00:00+09:00,3730.0,3850.0,3730.0,3790.0,48977,0.0,0.0
2008-07-22 00:00:00+09:00,3845.0,3845.0,3700.0,3750.0,34104,0.0,0.0
2008-07-23 00:00:00+09:00,3750.0,4015.0,3700.0,3920.0,122710,0.0,0.0
2008-07-24 00:00:00+09:00,4000.0,4075.0,3960.0,3960.0,62015,0.0,0.0
2008-07-25 00:00:00+09:00,3950.0,3960.0,3800.0,3850.0,36508,0.0,0.0
2008-07-28 00:00:00+09:00,3900.0,4090.0,3900.0,3960.0,93093,0.0,0.0
2008-07-29 00:00:00+09:00,3955.0,4040.0,3825.0,4040.0,42600,0.0,0.0
2008-07-30 00:00:00+09:00,4095.0,4095.0,3960.0,4045.0,44400,0.0,0.0
2008-07-31 00:00:00+09:00,4005.0,4100.0,3935.0,3950.0,73100,0.0,0.0
2008-08-01 00:00:00+09:00,3980.0,3980.0,3900.0,3905.0,53600,0.0,0.0
2008-08-04 00:00:00+09:00,3910.0,3910.0,3760.0,3895.0,55800,0.0,0.0
2008-08-05 00:00:00+09:00,3810.0,3905.0,3780.0,3795.0,35600,0.0,0.0
2008-08-06 00:00:00+09:00,3850.0,3890.0,3810.0,3810.0,21900,0.0,0.0
2008-08-07 00:00:00+09:00,3815.0,3915.0,3815.0,3915.0,39900,0.0,0.0
2008-08-08 00:00:00+09:00,3940.0,3970.0,3865.0,3945.0,32900,0.0,0.0
2008-08-11 00:00:00+09:00,3850.0,3850.0,3600.0,3650.0,143100,0.0,0.0
2008-08-12 00:00:00+09:00,3720.0,3720.0,3635.0,3645.0,62200,0.0,0.0
2008-08-13 00:00:00+09:00,3695.0,3700.0,3620.0,3640.0,21700,0.0,0.0
2008-08-14 00:00:00+09:00,3690.0,3735.0,3610.0,3730.0,26500,0.0,0.0
2008-08-15 00:00:00+09:00,3730.0,3730.0,3730.0,3730.0,0,0.0,0.0
2008-08-18 00:00:00+09:00,3730.0,3730.0,3600.0,3600.0,38329,0.0,0.0
2008-08-19 00:00:00+09:00,3650.0,3650.0,3490.0,3565.0,40260,0.0,0.0
2008-08-20 00:00:00+09:00,3510.0,3625.0,3500.0,3565.0,44370,0.0,0.0
2008-08-21 00:00:00+09:00,3565.0,3610.0,3500.0,3530.0,29351,0.0,0.0
2008-08-22 00:00:00+09:00,3555.0,3600.0,3420.0,3545.0,61632,0.0,0.0
2008-08-25 00:00:00+09:00,3725.0,3725.0,3515.0,3515.0,38486,0.0,0.0
2008-08-26 00:00:00+09:00,3570.0,3570.0,3405.0,3440.0,31980,0.0,0.0
2008-08-27 00:00:00+09:00,3450.0,3550.0,3100.0,3220.0,67932,0.0,0.0
2008-08-28 00:00:00+09:00,3225.0,3355.0,3065.0,3145.0,102867,0.0,0.0
2008-08-29 00:00:00+09:00,3100.0,3150.0,2970.0,3020.0,127090,0.0,0.0
2008-09-01 00:00:00+09:00,2930.0,2980.0,2570.0,2600.0,200968,0.0,0.0
2008-09-02 00:00:00+09:00,2515.0,2650.0,2295.0,2500.0,330560,0.0,0.0
2008-09-03 00:00:00+09:00,2450.0,2635.0,2355.0,2635.0,134422,0.0,0.0
2008-09-04 00:00:00+09:00,2560.0,2670.0,2485.0,2645.0,146122,0.0,0.0
2008-09-05 00:00:00+09:00,2570.0,2635.0,2490.0,2500.0,143471,0.0,0.0
2008-09-08 00:00:00+09:00,2525.0,2750.0,2505.0,2650.0,325099,0.0,0.0
2008-09-09 00:00:00+09:00,2655.0,2685.0,2500.0,2560.0,196562,0.0,0.0
2008-09-10 00:00:00+09:00,2490.0,2570.0,2490.0,2560.0,108392,0.0,0.0
2008-09-11 00:00:00+09:00,2560.0,2685.0,2560.0,2600.0,90679,0.0,0.0
2008-09-12 00:00:00+09:00,2620.0,2760.0,2620.0,2710.0,85902,0.0,0.0
2008-09-15 00:00:00+09:00,2710.0,2710.0,2710.0,2710.0,0,0.0,0.0
2008-09-16 00:00:00+09:00,2345.0,2480.0,2345.0,2400.0,114586,0.0,0.0
2008-09-17 00:00:00+09:00,2485.0,2590.0,2450.0,2500.0,78688,0.0,0.0
2008-09-18 00:00:00+09:00,2405.0,2515.0,2395.0,2475.0,42034,0.0,0.0
2008-09-19 00:00:00+09:00,2570.0,2610.0,2510.0,2600.0,38478,0.0,0.0
2008-09-22 00:00:00+09:00,2625.0,2625.0,2480.0,2500.0,87885,0.0,0.0
2008-09-23 00:00:00+09:00,2495.0,2545.0,2450.0,2475.0,47123,0.0,0.0
2008-09-24 00:00:00+09:00,2500.0,2545.0,2475.0,2540.0,51032,0.0,0.0
2008-09-25 00:00:00+09:00,2545.0,2570.0,2500.0,2510.0,100998,0.0,0.0
2008-09-26 00:00:00+09:00,2530.0,2640.0,2520.0,2525.0,70406,0.0,0.0
2008-09-29 00:00:00+09:00,2555.0,2690.0,2550.0,2555.0,100204,0.0,0.0
2008-09-30 00:00:00+09:00,2380.0,2620.0,2340.0,2620.0,79677,0.0,0.0
2008-10-01 00:00:00+09:00,2720.0,2780.0,2625.0,2650.0,87523,0.0,0.0
2008-10-02 00:00:00+09:00,2730.0,2730.0,2550.0,2560.0,55755,0.0,0.0
2008-10-03 00:00:00+09:00,2560.0,2560.0,2560.0,2560.0,0,0.0,0.0
2008-10-06 00:00:00+09:00,2500.0,2500.0,2370.0,2375.0,55857,0.0,0.0
2008-10-07 00:00:00+09:00,2340.0,2375.0,2105.0,2375.0,78172,0.0,0.0
2008-10-08 00:00:00+09:00,2265.0,2375.0,2050.0,2295.0,67020,0.0,0.0
2008-10-09 00:00:00+09:00,2170.0,2300.0,2125.0,2175.0,48207,0.0,0.0
2008-10-10 00:00:00+09:00,2055.0,2060.0,1850.0,1860.0,281031,0.0,0.0
2008-10-13 00:00:00+09:00,1825.0,2030.0,1700.0,1905.0,653495,0.0,0.0
2008-10-14 00:00:00+09:00,1980.0,2090.0,1980.0,2060.0,87715,0.0,0.0
2008-10-15 00:00:00+09:00,2040.0,2055.0,1950.0,2020.0,53560,0.0,0.0
2008-10-16 00:00:00+09:00,1900.0,1980.0,1800.0,1845.0,71531,0.0,0.0
2008-10-17 00:00:00+09:00,1980.0,1980.0,1820.0,1855.0,46154,0.0,0.0
2008-10-20 00:00:00+09:00,1860.0,2085.0,1860.0,2010.0,128273,0.0,0.0
2008-10-21 00:00:00+09:00,2090.0,2095.0,1970.0,2045.0,35585,0.0,0.0
2008-10-22 00:00:00+09:00,1945.0,2070.0,1810.0,1880.0,82689,0.0,0.0
2008-10-23 00:00:00+09:00,1800.0,1800.0,1630.0,1670.0,89841,0.0,0.0
2008-10-24 00:00:00+09:00,1615.0,1715.0,1420.0,1650.0,181581,0.0,0.0
2008-10-27 00:00:00+09:00,1435.0,1650.0,1435.0,1525.0,141169,0.0,0.0
2008-10-28 00:00:00+09:00,1360.0,1745.0,1360.0,1730.0,146187,0.0,0.0
2008-10-29 00:00:00+09:00,1800.0,1910.0,1605.0,1645.0,146501,0.0,0.0
2008-10-30 00:00:00+09:00,1840.0,1890.0,1645.0,1890.0,177717,0.0,0.0
2008-10-31 00:00:00+09:00,1930.0,1970.0,1860.0,1940.0,80773,0.0,0.0
2008-11-03 00:00:00+09:00,2100.0,2100.0,1925.0,2035.0,71852,0.0,0.0
2008-11-04 00:00:00+09:00,2090.0,2100.0,1970.0,2025.0,40133,0.0,0.0
2008-11-05 00:00:00+09:00,2050.0,2160.0,2040.0,2070.0,132667,0.0,0.0
2008-11-06 00:00:00+09:00,2010.0,2060.0,1950.0,1970.0,118154,0.0,0.0
2008-11-07 00:00:00+09:00,1920.0,2030.0,1820.0,2025.0,85202,0.0,0.0
2008-11-10 00:00:00+09:00,2035.0,2235.0,2020.0,2150.0,150631,0.0,0.0
2008-11-11 00:00:00+09:00,2130.0,2470.0,2100.0,2470.0,321362,0.0,0.0
2008-11-12 00:00:00+09:00,2470.0,2660.0,2415.0,2470.0,346255,0.0,0.0
2008-11-13 00:00:00+09:00,2380.0,2840.0,2320.0,2840.0,628933,0.0,0.0
2008-11-14 00:00:00+09:00,2900.0,3240.0,2830.0,3100.0,1844074,0.0,0.0
2008-11-17 00:00:00+09:00,3015.0,3100.0,2790.0,3090.0,652364,0.0,0.0
2008-11-18 00:00:00+09:00,3010.0,3395.0,2950.0,3150.0,566763,0.0,0.0
2008-11-19 00:00:00+09:00,3200.0,3275.0,2700.0,2700.0,497599,0.0,0.0
2008-11-20 00:00:00+09:00,2350.0,2535.0,2295.0,2310.0,555336,0.0,0.0
2008-11-21 00:00:00+09:00,2230.0,2485.0,2230.0,2430.0,244269,0.0,0.0
2008-11-24 00:00:00+09:00,2430.0,2680.0,2340.0,2575.0,252174,0.0,0.0
2008-11-25 00:00:00+09:00,2720.0,2760.0,2500.0,2620.0,276401,0.0,0.0
2008-11-26 00:00:00+09:00,2640.0,2710.0,2560.0,2565.0,102274,0.0,0.0
2008-11-27 00:00:00+09:00,2645.0,2770.0,2565.0,2650.0,145357,0.0,0.0
2008-11-28 00:00:00+09:00,2700.0,2830.0,2630.0,2650.0,92195,0.0,0.0
2008-12-01 00:00:00+09:00,2610.0,2705.0,2570.0,2695.0,102018,0.0,0.0
2008-12-02 00:00:00+09:00,2580.0,2695.0,2465.0,2540.0,59921,0.0,0.0
2008-12-03 00:00:00+09:00,2570.0,2640.0,2365.0,2370.0,58767,0.0,0.0
2008-12-04 00:00:00+09:00,2385.0,2460.0,2345.0,2370.0,37915,0.0,0.0
2008-12-05 00:00:00+09:00,2405.0,2445.0,2325.0,2405.0,25153,0.0,0.0
2008-12-08 00:00:00+09:00,2450.0,2495.0,2380.0,2430.0,92574,0.0,0.0
2008-12-09 00:00:00+09:00,2455.0,2485.0,2380.0,2480.0,37978,0.0,0.0
2008-12-10 00:00:00+09:00,2480.0,2510.0,2435.0,2500.0,71086,0.0,0.0
2008-12-11 00:00:00+09:00,2540.0,2540.0,2400.0,2415.0,85173,0.0,0.0
2008-12-12 00:00:00+09:00,2400.0,2440.0,2300.0,2375.0,80661,0.0,0.0
2008-12-15 00:00:00+09:00,2385.0,2480.0,2385.0,2480.0,64973,0.0,0.0
2008-12-16 00:00:00+09:00,2470.0,2470.0,2400.0,2445.0,54644,0.0,0.0
2008-12-17 00:00:00+09:00,2465.0,2500.0,2400.0,2410.0,83073,0.0,0.0
2008-12-18 00:00:00+09:00,2410.0,2450.0,2345.0,2410.0,81963,0.0,0.0
2008-12-19 00:00:00+09:00,2380.0,2440.0,2370.0,2430.0,45677,0.0,0.0
2008-12-22 00:00:00+09:00,2395.0,2450.0,2350.0,2360.0,50535,0.0,0.0
2008-12-23 00:00:00+09:00,2370.0,2400.0,2180.0,2185.0,128871,0.0,0.0
2008-12-24 00:00:00+09:00,2215.0,2215.0,2020.0,2020.0,126272,0.0,0.0
2008-12-25 00:00:00+09:00,2020.0,2020.0,2020.0,2020.0,0,0.0,0.0
2008-12-26 00:00:00+09:00,2060.0,2085.0,2000.0,2060.0,39351,0.0,0.0
2008-12-29 00:00:00+09:00,2035.0,2140.0,1950.0,2015.0,38296,0.0,0.0
2008-12-30 00:00:00+09:00,2030.0,2310.0,2015.0,2305.0,95835,0.0,0.0
2008-12-31 00:00:00+09:00,2305.0,2305.0,2305.0,2305.0,0,0.0,0.0
2009-01-02 00:00:00+09:00,2365.0,2365.0,2215.0,2305.0,44524,0.0,0.0
2009-01-05 00:00:00+09:00,2360.0,2360.0,2285.0,2310.0,26806,0.0,0.0
2009-01-06 00:00:00+09:00,2340.0,2450.0,2340.0,2410.0,88273,0.0,0.0
2009-01-07 00:00:00+09:00,2390.0,2440.0,2375.0,2405.0,78762,0.0,0.0
2009-01-08 00:00:00+09:00,2360.0,2415.0,2355.0,2390.0,37087,0.0,0.0
2009-01-09 00:00:00+09:00,2445.0,2470.0,2390.0,2390.0,68680,0.0,0.0
2009-01-12 00:00:00+09:00,2490.0,2745.0,2465.0,2745.0,226718,0.0,0.0
2009-01-13 00:00:00+09:00,2900.0,2970.0,2685.0,2745.0,810791,0.0,0.0
2009-01-14 00:00:00+09:00,2815.0,2875.0,2720.0,2820.0,470523,0.0,0.0
2009-01-15 00:00:00+09:00,2725.0,2770.0,2510.0,2690.0,309027,0.0,0.0
2009-01-16 00:00:00+09:00,2760.0,2775.0,2610.0,2715.0,142883,0.0,0.0
2009-01-19 00:00:00+09:00,2715.0,2760.0,2670.0,2690.0,105868,0.0,0.0
2009-01-20 00:00:00+09:00,2740.0,2740.0,2530.0,2555.0,98190,0.0,0.0
2009-01-21 00:00:00+09:00,2400.0,2560.0,2390.0,2500.0,71262,0.0,0.0
2009-01-22 00:00:00+09:00,2595.0,2595.0,2515.0,2530.0,60253,0.0,0.0
2009-01-23 00:00:00+09:00,2595.0,2595.0,2390.0,2540.0,63735,0.0,0.0
2009-01-28 00:00:00+09:00,2550.0,2620.0,2530.0,2620.0,73952,0.0,0.0
2009-01-29 00:00:00+09:00,2630.0,2660.0,2565.0,2635.0,79517,0.0,0.0
2009-01-30 00:00:00+09:00,2570.0,2640.0,2555.0,2590.0,64544,0.0,0.0
2009-02-02 00:00:00+09:00,2540.0,2625.0,2515.0,2515.0,86842,0.0,0.0
2009-02-03 00:00:00+09:00,2515.0,2580.0,2505.0,2580.0,57646,0.0,0.0
2009-02-04 00:00:00+09:00,2620.0,2680.0,2585.0,2650.0,163086,0.0,0.0
2009-02-05 00:00:00+09:00,2620.0,2690.0,2570.0,2585.0,120312,0.0,0.0
2009-02-06 00:00:00+09:00,2650.0,2650.0,2570.0,2635.0,84731,0.0,0.0
2009-02-09 00:00:00+09:00,2630.0,2730.0,2630.0,2700.0,119587,0.0,0.0
2009-02-10 00:00:00+09:00,2730.0,2925.0,2710.0,2820.0,278315,0.0,0.0
2009-02-11 00:00:00+09:00,2750.0,2790.0,2700.0,2765.0,81971,0.0,0.0
2009-02-12 00:00:00+09:00,2825.0,2960.0,2750.0,2875.0,281614,0.0,0.0
2009-02-13 00:00:00+09:00,2915.0,3100.0,2880.0,3000.0,327728,0.0,0.0
2009-02-16 00:00:00+09:00,3000.0,3065.0,2905.0,2910.0,195328,0.0,0.0
2009-02-17 00:00:00+09:00,2900.0,2900.0,2645.0,2675.0,180162,0.0,0.0
2009-02-18 00:00:00+09:00,2650.0,2700.0,2555.0,2685.0,98561,0.0,0.0
2009-02-19 00:00:00+09:00,2600.0,2770.0,2600.0,2690.0,61953,0.0,0.0
2009-02-20 00:00:00+09:00,2780.0,2895.0,2600.0,2640.0,301812,0.0,0.0
2009-02-23 00:00:00+09:00,2620.0,2720.0,2620.0,2640.0,66603,0.0,0.0
2009-02-24 00:00:00+09:00,2525.0,2630.0,2450.0,2500.0,73866,0.0,0.0
2009-02-25 00:00:00+09:00,2530.0,2610.0,2420.0,2450.0,59518,0.0,0.0
2009-02-26 00:00:00+09:00,2450.0,2500.0,2210.0,2270.0,138619,0.0,0.0
2009-02-27 00:00:00+09:00,2245.0,2375.0,2240.0,2280.0,83042,0.0,0.0
2009-03-02 00:00:00+09:00,2245.0,2290.0,2045.0,2060.0,129555,0.0,0.0
2009-03-03 00:00:00+09:00,2015.0,2180.0,1900.0,2155.0,63364,0.0,0.0
2009-03-04 00:00:00+09:00,2155.0,2240.0,2100.0,2200.0,55041,0.0,0.0
2009-03-05 00:00:00+09:00,2275.0,2280.0,2180.0,2240.0,61824,0.0,0.0
2009-03-06 00:00:00+09:00,2125.0,2215.0,2125.0,2195.0,50588,0.0,0.0
2009-03-09 00:00:00+09:00,2200.0,2275.0,2200.0,2275.0,66636,0.0,0.0
2009-03-10 00:00:00+09:00,2235.0,2290.0,2195.0,2275.0,48286,0.0,0.0
2009-03-11 00:00:00+09:00,2320.0,2395.0,2300.0,2320.0,67935,0.0,0.0
2009-03-12 00:00:00+09:00,2370.0,2370.0,2265.0,2290.0,89710,0.0,0.0
2009-03-13 00:00:00+09:00,2355.0,2450.0,2350.0,2410.0,126672,0.0,0.0
2009-03-16 00:00:00+09:00,2470.0,2540.0,2430.0,2530.0,157443,0.0,0.0
2009-03-17 00:00:00+09:00,2530.0,2700.0,2460.0,2620.0,206494,0.0,0.0
2009-03-18 00:00:00+09:00,2650.0,2700.0,2540.0,2540.0,95109,0.0,0.0
2009-03-19 00:00:00+09:00,2550.0,2585.0,2445.0,2460.0,100810,0.0,0.0
2009-03-20 00:00:00+09:00,2485.0,2525.0,2465.0,2500.0,36009,0.0,0.0
2009-03-23 00:00:00+09:00,2540.0,2580.0,2495.0,2560.0,8550,0.0,0.0
2009-03-24 00:00:00+09:00,2620.0,2690.0,2550.0,2550.0,178483,0.0,0.0
2009-03-25 00:00:00+09:00,2530.0,2630.0,2480.0,2600.0,128220,0.0,0.0
2009-03-26 00:00:00+09:00,2600.0,2700.0,2560.0,2680.0,228411,0.0,0.0
2009-03-27 00:00:00+09:00,2760.0,2760.0,2550.0,2565.0,248349,0.0,0.0
2009-03-30 00:00:00+09:00,2570.0,2630.0,2490.0,2530.0,96873,0.0,0.0
2009-03-31 00:00:00+09:00,2470.0,2630.0,2470.0,2550.0,75480,0.0,0.0
2009-04-01 00:00:00+09:00,2560.0,2595.0,2525.0,2530.0,97506,0.0,0.0
2009-04-02 00:00:00+09:00,2565.0,2715.0,2565.0,2630.0,235078,0.0,0.0
2009-04-03 00:00:00+09:00,2690.0,2780.0,2635.0,2690.0,285505,0.0,0.0
2009-04-06 00:00:00+09:00,2760.0,2790.0,2695.0,2715.0,188593,0.0,0.0
2009-04-07 00:00:00+09:00,2730.0,2750.0,2665.0,2750.0,244418,0.0,0.0
2009-04-08 00:00:00+09:00,2700.0,2945.0,2695.0,2755.0,321085,0.0,0.0
2009-04-09 00:00:00+09:00,2810.0,2930.0,2790.0,2905.0,286354,0.0,0.0
2009-04-10 00:00:00+09:00,2980.0,2985.0,2830.0,2920.0,256432,0.0,0.0
2009-04-13 00:00:00+09:00,2950.0,3355.0,2900.0,3355.0,1749085,0.0,0.0
2009-04-14 00:00:00+09:00,3445.0,3855.0,3335.0,3855.0,2519912,0.0,0.0
2009-04-15 00:00:00+09:00,3910.0,4350.0,3730.0,4080.0,3721651,0.0,0.0
2009-04-16 00:00:00+09:00,4200.0,4430.0,3795.0,3950.0,2472743,0.0,0.0
2009-04-17 00:00:00+09:00,4100.0,4235.0,3880.0,4160.0,1651927,0.0,0.0
2009-04-20 00:00:00+09:00,4245.0,4645.0,4000.0,4000.0,3224163,0.0,0.0
2009-04-21 00:00:00+09:00,3850.0,4185.0,3820.0,4000.0,1095951,0.0,0.0
2009-04-22 00:00:00+09:00,4120.0,4210.0,3995.0,4045.0,1285725,0.0,0.0
2009-04-23 00:00:00+09:00,4000.0,4045.0,3780.0,3780.0,1372665,0.0,0.0
2009-04-24 00:00:00+09:00,3780.0,4250.0,3735.0,4045.0,2758789,0.0,0.0
2009-04-27 00:00:00+09:00,4040.0,4140.0,3920.0,4035.0,955722,0.0,0.0
2009-04-28 00:00:00+09:00,4105.0,4170.0,3630.0,3700.0,932210,0.0,0.0
2009-04-29 00:00:00+09:00,3735.0,3885.0,3565.0,3705.0,456924,0.0,0.0
2009-04-30 00:00:00+09:00,3800.0,4260.0,3760.0,4260.0,2011657,0.0,0.0
2009-05-04 00:00:00+09:00,4350.0,4445.0,4130.0,4300.0,1604697,0.0,0.0
2009-05-06 00:00:00+09:00,4300.0,4490.0,4165.0,4300.0,1834801,0.0,0.0
2009-05-07 00:00:00+09:00,4420.0,4525.0,4185.0,4300.0,1858844,0.0,0.0
2009-05-08 00:00:00+09:00,4320.0,4415.0,4110.0,4110.0,866950,0.0,0.0
2009-05-11 00:00:00+09:00,4155.0,4190.0,4000.0,4025.0,657585,0.0,0.0
2009-05-12 00:00:00+09:00,4010.0,4155.0,3875.0,4060.0,895281,0.0,0.0
2009-05-13 00:00:00+09:00,4090.0,4340.0,4085.0,4110.0,1598953,0.0,0.0
2009-05-14 00:00:00+09:00,4050.0,4065.0,3750.0,3785.0,988153,0.0,0.0
2009-05-15 00:00:00+09:00,3850.0,3950.0,3650.0,3950.0,683508,0.0,0.0
2009-05-18 00:00:00+09:00,3990.0,3990.0,3720.0,3765.0,577189,0.0,0.0
2009-05-19 00:00:00+09:00,3850.0,3930.0,3765.0,3800.0,414870,0.0,0.0
2009-05-20 00:00:00+09:00,3850.0,3925.0,3780.0,3880.0,412499,0.0,0.0
2009-05-21 00:00:00+09:00,3935.0,3955.0,3670.0,3700.0,572348,0.0,0.0
2009-05-22 00:00:00+09:00,3740.0,3780.0,3550.0,3700.0,486525,0.0,0.0
2009-05-25 00:00:00+09:00,3700.0,4105.0,3350.0,4005.0,1992869,0.0,0.0
2009-05-26 00:00:00+09:00,4085.0,4200.0,3825.0,4200.0,1350317,0.0,0.0
2009-05-27 00:00:00+09:00,4275.0,4365.0,4050.0,4210.0,2035348,0.0,0.0
2009-05-28 00:00:00+09:00,4180.0,4265.0,3620.0,3825.0,1996532,0.0,0.0
2009-05-29 00:00:00+09:00,3835.0,3850.0,3605.0,3775.0,841198,0.0,0.0
2009-06-01 00:00:00+09:00,3690.0,3785.0,3640.0,3655.0,354931,0.0,0.0
2009-06-02 00:00:00+09:00,3710.0,3775.0,3655.0,3670.0,490394,0.0,0.0
2009-06-03 00:00:00+09:00,3700.0,3715.0,3540.0,3580.0,390456,0.0,0.0
2009-06-04 00:00:00+09:00,3645.0,3720.0,3505.0,3505.0,234173,0.0,0.0
2009-06-05 00:00:00+09:00,3555.0,3640.0,3515.0,3590.0,182571,0.0,0.0
2009-06-08 00:00:00+09:00,3520.0,3590.0,3430.0,3500.0,330324,0.0,0.0
2009-06-09 00:00:00+09:00,3480.0,3570.0,3260.0,3280.0,326643,0.0,0.0
2009-06-10 00:00:00+09:00,3260.0,3340.0,3210.0,3325.0,274769,0.0,0.0
2009-06-11 00:00:00+09:00,3300.0,3360.0,3215.0,3225.0,210704,0.0,0.0
2009-06-12 00:00:00+09:00,3230.0,3375.0,3230.0,3350.0,220411,0.0,0.0
2009-06-15 00:00:00+09:00,3330.0,3375.0,3270.0,3280.0,140455,0.0,0.0
2009-06-16 00:00:00+09:00,3235.0,3270.0,3150.0,3245.0,223810,0.0,0.0
2009-06-17 00:00:00+09:00,3180.0,3240.0,3100.0,3210.0,195767,0.0,0.0
2009-06-18 00:00:00+09:00,3200.0,3285.0,3150.0,3220.0,116169,0.0,0.0
2009-06-19 00:00:00+09:00,3230.0,3270.0,3085.0,3115.0,123073,0.0,0.0
2009-06-22 00:00:00+09:00,3115.0,3145.0,3035.0,3115.0,283443,0.0,0.0
2009-06-23 00:00:00+09:00,3030.0,3040.0,2895.0,2895.0,283758,0.0,0.0
2009-06-24 00:00:00+09:00,2935.0,2970.0,2835.0,2900.0,208354,0.0,0.0
2009-06-25 00:00:00+09:00,2940.0,3050.0,2920.0,3005.0,137326,0.0,0.0
2009-06-26 00:00:00+09:00,3060.0,3105.0,3015.0,3020.0,133522,0.0,0.0
2009-06-29 00:00:00+09:00,3035.0,3075.0,3005.0,3020.0,59893,0.0,0.0
2009-06-30 00:00:00+09:00,3020.0,3105.0,3010.0,3080.0,152144,0.0,0.0
2009-07-01 00:00:00+09:00,3095.0,3095.0,3035.0,3080.0,135262,0.0,0.0
2009-07-02 00:00:00+09:00,3070.0,3175.0,3060.0,3160.0,145355,0.0,0.0
2009-07-03 00:00:00+09:00,3080.0,3285.0,3050.0,3260.0,284180,0.0,0.0
2009-07-06 00:00:00+09:00,3215.0,3300.0,3185.0,3210.0,142984,0.0,0.0
2009-07-07 00:00:00+09:00,3220.0,3250.0,3140.0,3195.0,118046,0.0,0.0
2009-07-08 00:00:00+09:00,3180.0,3180.0,3040.0,3040.0,263980,0.0,0.0
2009-07-09 00:00:00+09:00,3070.0,3085.0,2970.0,3035.0,122339,0.0,0.0
2009-07-10 00:00:00+09:00,3005.0,3030.0,2900.0,2955.0,166445,0.0,0.0
2009-07-13 00:00:00+09:00,2940.0,2970.0,2805.0,2820.0,129451,0.0,0.0
2009-07-14 00:00:00+09:00,2820.0,2865.0,2645.0,2710.0,152823,0.0,0.0
2009-07-15 00:00:00+09:00,2710.0,2800.0,2710.0,2795.0,110098,0.0,0.0
2009-07-16 00:00:00+09:00,2850.0,2850.0,2690.0,2725.0,124986,0.0,0.0
2009-07-17 00:00:00+09:00,2725.0,2745.0,2680.0,2705.0,104729,0.0,0.0
2009-07-20 00:00:00+09:00,2695.0,2825.0,2690.0,2765.0,115868,0.0,0.0
2009-07-21 00:00:00+09:00,2780.0,2855.0,2755.0,2785.0,108683,0.0,0.0
2009-07-22 00:00:00+09:00,2820.0,2960.0,2800.0,2905.0,165640,0.0,0.0
2009-07-23 00:00:00+09:00,2930.0,2950.0,2850.0,2880.0,87217,0.0,0.0
2009-07-24 00:00:00+09:00,2890.0,2965.0,2860.0,2860.0,74417,0.0,0.0
2009-07-27 00:00:00+09:00,2840.0,2875.0,2800.0,2855.0,102226,0.0,0.0
2009-07-28 00:00:00+09:00,2865.0,2885.0,2825.0,2855.0,76719,0.0,0.0
2009-07-29 00:00:00+09:00,2820.0,2910.0,2795.0,2805.0,125959,0.0,0.0
2009-07-30 00:00:00+09:00,2800.0,2855.0,2720.0,2815.0,112551,0.0,0.0
2009-07-31 00:00:00+09:00,2840.0,2880.0,2800.0,2830.0,90191,0.0,0.0
2009-08-03 00:00:00+09:00,2860.0,2880.0,2820.0,2855.0,72799,0.0,0.0
2009-08-04 00:00:00+09:00,2870.0,2890.0,2840.0,2855.0,103785,0.0,0.0
2009-08-05 00:00:00+09:00,2860.0,3005.0,2835.0,3000.0,219135,0.0,0.0
2009-08-06 00:00:00+09:00,3010.0,3015.0,2930.0,2985.0,79965,0.0,0.0
2009-08-07 00:00:00+09:00,2955.0,3065.0,2955.0,3025.0,126315,0.0,0.0
2009-08-10 00:00:00+09:00,3035.0,3050.0,2970.0,2990.0,86621,0.0,0.0
2009-08-11 00:00:00+09:00,2990.0,3005.0,2890.0,2900.0,101378,0.0,0.0
2009-08-12 00:00:00+09:00,2900.0,2935.0,2865.0,2900.0,79958,0.0,0.0
2009-08-13 00:00:00+09:00,2855.0,2865.0,2655.0,2685.0,737358,0.0,0.0
2009-08-14 00:00:00+09:00,2710.0,2730.0,2685.0,2715.0,178426,0.0,0.0
2009-08-17 00:00:00+09:00,2725.0,2740.0,2535.0,2560.0,318178,0.0,0.0
2009-08-18 00:00:00+09:00,2555.0,2680.0,2480.0,2560.0,174854,0.0,0.0
2009-08-19 00:00:00+09:00,2565.0,2650.0,2545.0,2565.0,123223,0.0,0.0
2009-08-20 00:00:00+09:00,2625.0,2655.0,2540.0,2615.0,205588,0.0,0.0
2009-08-21 00:00:00+09:00,2610.0,2645.0,2490.0,2550.0,98704,0.0,0.0
2009-08-24 00:00:00+09:00,2570.0,2595.0,2485.0,2490.0,194378,0.0,0.0
2009-08-25 00:00:00+09:00,2500.0,2520.0,2485.0,2490.0,88307,0.0,0.0
2009-08-26 00:00:00+09:00,2480.0,2535.0,2480.0,2510.0,115590,0.0,0.0
2009-08-27 00:00:00+09:00,2510.0,2600.0,2505.0,2560.0,103431,0.0,0.0
2009-08-28 00:00:00+09:00,2600.0,2605.0,2540.0,2595.0,63567,0.0,0.0
2009-08-31 00:00:00+09:00,2615.0,2615.0,2480.0,2485.0,193270,0.0,0.0
2009-09-01 00:00:00+09:00,2525.0,2630.0,2480.0,2630.0,151796,0.0,0.0
2009-09-02 00:00:00+09:00,2630.0,2665.0,2565.0,2600.0,175924,0.0,0.0
2009-09-03 00:00:00+09:00,2600.0,2760.0,2600.0,2730.0,328807,0.0,0.0
2009-09-04 00:00:00+09:00,2785.0,2785.0,2695.0,2715.0,118678,0.0,0.0
2009-09-07 00:00:00+09:00,2715.0,2730.0,2665.0,2695.0,132495,0.0,0.0
2009-09-08 00:00:00+09:00,2685.0,2695.0,2570.0,2600.0,188547,0.0,0.0
2009-09-09 00:00:00+09:00,2630.0,2655.0,2545.0,2600.0,58165,0.0,0.0
2009-09-10 00:00:00+09:00,2615.0,2645.0,2550.0,2570.0,94136,0.0,0.0
2009-09-11 00:00:00+09:00,2570.0,2620.0,2545.0,2545.0,79897,0.0,0.0
2009-09-14 00:00:00+09:00,2530.0,2620.0,2530.0,2550.0,59054,0.0,0.0
2009-09-15 00:00:00+09:00,2565.0,2915.0,2550.0,2750.0,907917,0.0,0.0
2009-09-16 00:00:00+09:00,2780.0,2830.0,2710.0,2760.0,288202,0.0,0.0
2009-09-17 00:00:00+09:00,2830.0,2900.0,2735.0,2745.0,460733,0.0,0.0
2009-09-18 00:00:00+09:00,2720.0,2775.0,2670.0,2730.0,176591,0.0,0.0
2009-09-21 00:00:00+09:00,2780.0,2780.0,2660.0,2660.0,158493,0.0,0.0
2009-09-22 00:00:00+09:00,2700.0,2700.0,2625.0,2640.0,211845,0.0,0.0
2009-09-23 00:00:00+09:00,2640.0,2675.0,2555.0,2555.0,605513,0.0,0.0
2009-09-24 00:00:00+09:00,2550.0,2610.0,2540.0,2585.0,155477,0.0,0.0
2009-09-25 00:00:00+09:00,2590.0,2625.0,2525.0,2560.0,176067,0.0,0.0
2009-09-28 00:00:00+09:00,2615.0,2800.0,2555.0,2800.0,656343,0.0,0.0
2009-09-29 00:00:00+09:00,2915.0,2970.0,2770.0,2840.0,1268798,0.0,0.0
2009-09-30 00:00:00+09:00,2850.0,3265.0,2850.0,3205.0,5845504,0.0,0.0
2009-10-01 00:00:00+09:00,3310.0,3685.0,3230.0,3685.0,5881648,0.0,0.0
2009-10-05 00:00:00+09:00,4070.0,4235.0,3945.0,4235.0,6981196,0.0,0.0
2009-10-06 00:00:00+09:00,4650.0,4840.0,3995.0,4390.0,18243474,0.0,0.0
2009-10-07 00:00:00+09:00,4300.0,4700.0,4080.0,4300.0,13620442,0.0,0.0
2009-10-08 00:00:00+09:00,4580.0,4945.0,4520.0,4945.0,4194511,0.0,0.0
2009-10-09 00:00:00+09:00,5300.0,5380.0,4340.0,4340.0,16426267,0.0,0.0
2009-10-12 00:00:00+09:00,4320.0,4595.0,4135.0,4515.0,10639054,0.0,0.0
2009-10-13 00:00:00+09:00,4450.0,4940.0,4320.0,4390.0,14141980,0.0,0.0
2009-10-14 00:00:00+09:00,4370.0,4735.0,4360.0,4720.0,8725400,0.0,0.0
2009-10-15 00:00:00+09:00,4680.0,4775.0,4150.0,4200.0,6255142,0.0,0.0
2009-10-16 00:00:00+09:00,4150.0,4285.0,3940.0,3940.0,4703440,0.0,0.0
2009-10-19 00:00:00+09:00,3810.0,3985.0,3780.0,3925.0,4498571,0.0,0.0
2009-10-20 00:00:00+09:00,3990.0,4095.0,3800.0,3850.0,4197235,0.0,0.0
2009-10-21 00:00:00+09:00,3810.0,3850.0,3500.0,3615.0,3581056,0.0,0.0
2009-10-22 00:00:00+09:00,3630.0,3845.0,3555.0,3555.0,3702833,0.0,0.0
2009-10-23 00:00:00+09:00,3570.0,3710.0,3410.0,3430.0,2166386,0.0,0.0
2009-10-26 00:00:00+09:00,3410.0,3765.0,3410.0,3610.0,3581424,0.0,0.0
2009-10-27 00:00:00+09:00,3565.0,3600.0,3385.0,3490.0,1789947,0.0,0.0
2009-10-28 00:00:00+09:00,3520.0,3880.0,3450.0,3450.0,6342760,0.0,0.0
2009-10-29 00:00:00+09:00,3535.0,3690.0,3400.0,3615.0,2752587,0.0,0.0
2009-10-30 00:00:00+09:00,3655.0,3685.0,3400.0,3400.0,1770031,0.0,0.0
2009-11-02 00:00:00+09:00,3300.0,3500.0,3165.0,3500.0,1401970,0.0,0.0
2009-11-03 00:00:00+09:00,3500.0,3655.0,3420.0,3520.0,3247525,0.0,0.0
2009-11-04 00:00:00+09:00,3545.0,3550.0,3360.0,3370.0,1355948,0.0,0.0
2009-11-05 00:00:00+09:00,3425.0,3715.0,3380.0,3380.0,4685171,0.0,0.0
2009-11-06 00:00:00+09:00,3510.0,3610.0,3410.0,3535.0,2135981,0.0,0.0
2009-11-09 00:00:00+09:00,3615.0,3685.0,3510.0,3600.0,2156028,0.0,0.0
2009-11-10 00:00:00+09:00,3600.0,3615.0,3450.0,3455.0,1440515,0.0,0.0
2009-11-11 00:00:00+09:00,3470.0,3620.0,3415.0,3620.0,1277134,0.0,0.0
2009-11-12 00:00:00+09:00,3710.0,4110.0,3650.0,3945.0,11359730,0.0,0.0
2009-11-13 00:00:00+09:00,3920.0,3995.0,3760.0,3840.0,3133589,0.0,0.0
2009-11-16 00:00:00+09:00,3900.0,4045.0,3615.0,3630.0,4060988,0.0,0.0
2009-11-17 00:00:00+09:00,3450.0,3505.0,3090.0,3090.0,3119002,0.0,0.0
2009-11-18 00:00:00+09:00,2935.0,3095.0,2910.0,2955.0,2089015,0.0,0.0
2009-11-19 00:00:00+09:00,2935.0,3040.0,2835.0,2840.0,1147133,0.0,0.0
2009-11-20 00:00:00+09:00,2820.0,2940.0,2815.0,2880.0,737911,0.0,0.0
2009-11-23 00:00:00+09:00,2910.0,3185.0,2885.0,2995.0,2718758,0.0,0.0
2009-11-24 00:00:00+09:00,3030.0,3055.0,2885.0,2905.0,773409,0.0,0.0
2009-11-25 00:00:00+09:00,2910.0,2960.0,2830.0,2840.0,506866,0.0,0.0
2009-11-26 00:00:00+09:00,2840.0,2880.0,2710.0,2720.0,801651,0.0,0.0
2009-11-27 00:00:00+09:00,2700.0,2800.0,2485.0,2490.0,992762,0.0,0.0
2009-11-30 00:00:00+09:00,2565.0,2860.0,2565.0,2860.0,901945,0.0,0.0
2009-12-01 00:00:00+09:00,3025.0,3050.0,2770.0,2920.0,3045107,0.0,0.0
2009-12-02 00:00:00+09:00,2955.0,2965.0,2830.0,2835.0,790078,0.0,0.0
2009-12-03 00:00:00+09:00,2925.0,3260.0,2925.0,3260.0,4788822,0.0,0.0
2009-12-04 00:00:00+09:00,3230.0,3270.0,3115.0,3150.0,2621794,0.0,0.0
2009-12-07 00:00:00+09:00,3180.0,3365.0,3110.0,3145.0,3389867,0.0,0.0
2009-12-08 00:00:00+09:00,3190.0,3600.0,3160.0,3300.0,5365568,0.0,0.0
2009-12-09 00:00:00+09:00,3250.0,3340.0,3170.0,3270.0,1219384,0.0,0.0
2009-12-10 00:00:00+09:00,3305.0,3610.0,3305.0,3360.0,4511261,0.0,0.0
2009-12-11 00:00:00+09:00,3400.0,3490.0,3270.0,3275.0,1362372,0.0,0.0
2009-12-14 00:00:00+09:00,3290.0,3450.0,3080.0,3225.0,3820891,0.0,0.0
2009-12-15 00:00:00+09:00,3230.0,3330.0,3145.0,3170.0,921313,0.0,0.0
2009-12-16 00:00:00+09:00,3155.0,3375.0,3155.0,3275.0,1737953,0.0,0.0
2009-12-17 00:00:00+09:00,3290.0,3355.0,3195.0,3200.0,742356,0.0,0.0
2009-12-18 00:00:00+09:00,3210.0,3365.0,3175.0,3250.0,1001043,0.0,0.0
2009-12-21 00:00:00+09:00,3365.0,3535.0,3340.0,3465.0,3024611,0.0,0.0
2009-12-22 00:00:00+09:00,3460.0,3485.0,3270.0,3320.0,1275866,0.0,0.0
2009-12-23 00:00:00+09:00,3325.0,3375.0,3240.0,3240.0,714897,0.0,0.0
2009-12-24 00:00:00+09:00,3240.0,3265.0,3175.0,3200.0,589298,0.0,0.0
2009-12-28 00:00:00+09:00,3210.0,3220.0,3060.0,3085.0,709315,0.0,0.0
2009-12-29 00:00:00+09:00,3170.0,3480.0,3170.0,3320.0,3318242,0.0,0.0
2009-12-30 00:00:00+09:00,3540.0,3815.0,3520.0,3815.0,2694821,0.0,0.0
2010-01-04 00:00:00+09:00,4200.0,4385.0,4135.0,4385.0,2307055,0.0,0.0
2010-01-05 00:00:00+09:00,4870.0,5040.0,4650.0,5040.0,9113535,0.0,0.0
2010-01-06 00:00:00+09:00,4850.0,4925.0,4405.0,4705.0,8060213,0.0,0.0
2010-01-07 00:00:00+09:00,4895.0,5170.0,4600.0,4935.0,10100441,0.0,0.0
2010-01-08 00:00:00+09:00,4800.0,4935.0,4450.0,4485.0,3753558,0.0,0.0
2010-01-11 00:00:00+09:00,4700.0,4795.0,4490.0,4600.0,2910106,0.0,0.0
2010-01-12 00:00:00+09:00,4500.0,5290.0,4400.0,5290.0,9298284,0.0,0.0
2010-01-13 00:00:00+09:00,5680.0,6080.0,5510.0,5690.0,15229651,0.0,0.0
2010-01-14 00:00:00+09:00,5800.0,6100.0,5390.0,5870.0,15054078,0.0,0.0
2010-01-15 00:00:00+09:00,5730.0,6640.0,5670.0,6310.0,16859052,0.0,0.0
2010-01-18 00:00:00+09:00,6240.0,6480.0,5920.0,6300.0,7108795,0.0,0.0
2010-01-19 00:00:00+09:00,6400.0,6790.0,6210.0,6230.0,9201245,0.0,0.0
2010-01-20 00:00:00+09:00,6280.0,6400.0,5630.0,5730.0,6152447,0.0,0.0
2010-01-21 00:00:00+09:00,5780.0,6000.0,5590.0,5610.0,5330011,0.0,0.0
2010-01-22 00:00:00+09:00,5590.0,5830.0,5410.0,5680.0,3868949,0.0,0.0
2010-01-25 00:00:00+09:00,5610.0,6190.0,5050.0,5400.0,7955460,0.0,0.0
2010-01-26 00:00:00+09:00,5500.0,5700.0,5250.0,5530.0,2909563,0.0,0.0
2010-01-27 00:00:00+09:00,5800.0,5930.0,5330.0,5360.0,6035038,0.0,0.0
2010-01-28 00:00:00+09:00,5410.0,5500.0,4605.0,4620.0,4930939,0.0,0.0
2010-01-29 00:00:00+09:00,4470.0,4825.0,3950.0,3950.0,5107381,0.0,0.0
2010-02-01 00:00:00+09:00,4000.0,4475.0,3960.0,4365.0,5057142,0.0,0.0
2010-02-02 00:00:00+09:00,4475.0,4875.0,4400.0,4500.0,4203780,0.0,0.0
2010-02-03 00:00:00+09:00,4600.0,4750.0,4375.0,4430.0,1851372,0.0,0.0
2010-02-04 00:00:00+09:00,4435.0,5090.0,4220.0,5090.0,5572982,0.0,0.0
2010-02-05 00:00:00+09:00,5090.0,5610.0,4900.0,4900.0,14174006,0.0,0.0
2010-02-08 00:00:00+09:00,4900.0,5140.0,4475.0,4490.0,3789247,0.0,0.0
2010-02-09 00:00:00+09:00,4490.0,4655.0,4250.0,4455.0,2509341,0.0,0.0
2010-02-10 00:00:00+09:00,4555.0,4775.0,4340.0,4430.0,3185816,0.0,0.0
2010-02-11 00:00:00+09:00,4505.0,4715.0,4470.0,4625.0,2654406,0.0,0.0
2010-02-12 00:00:00+09:00,4690.0,4785.0,4620.0,4645.0,1818511,0.0,0.0
2010-02-16 00:00:00+09:00,4675.0,4810.0,4650.0,4810.0,1714162,0.0,0.0
2010-02-17 00:00:00+09:00,4905.0,5530.0,4780.0,5530.0,7295625,0.0,0.0
2010-02-18 00:00:00+09:00,5720.0,5740.0,5250.0,5270.0,9653340,0.0,0.0
2010-02-19 00:00:00+09:00,5300.0,5620.0,5130.0,5300.0,8269716,0.0,0.0
2010-02-22 00:00:00+09:00,5550.0,5600.0,5350.0,5450.0,3683230,0.0,0.0
2010-02-23 00:00:00+09:00,5400.0,5590.0,5320.0,5320.0,2857063,0.0,0.0
2010-02-24 00:00:00+09:00,5230.0,5500.0,5200.0,5500.0,2643077,0.0,0.0
2010-02-25 00:00:00+09:00,5500.0,5500.0,5140.0,5180.0,2082547,0.0,0.0
2010-02-26 00:00:00+09:00,5160.0,5300.0,5000.0,5170.0,1035801,0.0,0.0
2010-03-02 00:00:00+09:00,5230.0,5430.0,5170.0,5350.0,2247590,0.0,0.0
2010-03-03 00:00:00+09:00,5330.0,5500.0,5170.0,5480.0,2497119,0.0,0.0
2010-03-04 00:00:00+09:00,5520.0,5580.0,5210.0,5240.0,2668463,0.0,0.0
2010-03-05 00:00:00+09:00,5320.0,5650.0,5280.0,5340.0,4051762,0.0,0.0
2010-03-08 00:00:00+09:00,5380.0,5520.0,5320.0,5400.0,2212088,0.0,0.0
2010-03-09 00:00:00+09:00,5510.0,5910.0,5460.0,5580.0,7985503,0.0,0.0
2010-03-10 00:00:00+09:00,5710.0,5990.0,5650.0,5990.0,6668940,0.0,0.0
2010-03-11 00:00:00+09:00,6300.0,6370.0,5900.0,5900.0,5824138,0.0,0.0
2010-03-12 00:00:00+09:00,6010.0,6260.0,5930.0,6240.0,5051446,0.0,0.0
2010-03-15 00:00:00+09:00,6160.0,6200.0,5970.0,6030.0,3202446,0.0,0.0
2010-03-16 00:00:00+09:00,6350.0,6400.0,5730.0,5860.0,5171192,0.0,0.0
2010-03-17 00:00:00+09:00,5880.0,5940.0,5710.0,5780.0,1788979,0.0,0.0
2010-03-18 00:00:00+09:00,5850.0,5930.0,5800.0,5850.0,1330819,0.0,0.0
2010-03-19 00:00:00+09:00,5790.0,5840.0,5610.0,5700.0,1767662,0.0,0.0
2010-03-22 00:00:00+09:00,5690.0,5750.0,5610.0,5730.0,955578,0.0,0.0
2010-03-23 00:00:00+09:00,5730.0,5980.0,5700.0,5910.0,2345442,0.0,0.0
2010-03-24 00:00:00+09:00,5940.0,5970.0,5030.0,5170.0,7587728,0.0,0.0
2010-03-25 00:00:00+09:00,5230.0,5300.0,5020.0,5070.0,1281079,0.0,0.0
2010-03-26 00:00:00+09:00,5080.0,5300.0,5080.0,5300.0,1472471,0.0,0.0
2010-03-29 00:00:00+09:00,5820.0,5850.0,5300.0,5520.0,3388378,0.0,0.0
2010-03-30 00:00:00+09:00,5650.0,5760.0,5270.0,5300.0,4009480,0.0,0.0
2010-03-31 00:00:00+09:00,5350.0,5420.0,5110.0,5180.0,1045900,0.0,0.0
2010-04-01 00:00:00+09:00,5180.0,5400.0,5180.0,5190.0,1409631,0.0,0.0
2010-04-02 00:00:00+09:00,5190.0,5280.0,5090.0,5240.0,943433,0.0,0.0
2010-04-05 00:00:00+09:00,5380.0,5550.0,4900.0,5120.0,2338721,0.0,0.0
2010-04-06 00:00:00+09:00,5120.0,5180.0,4750.0,4770.0,1507008,0.0,0.0
2010-04-07 00:00:00+09:00,4755.0,4875.0,4635.0,4860.0,1136582,0.0,0.0
2010-04-08 00:00:00+09:00,4860.0,5050.0,4810.0,4830.0,1302056,0.0,0.0
2010-04-09 00:00:00+09:00,4835.0,4865.0,4660.0,4660.0,657845,0.0,0.0
2010-04-12 00:00:00+09:00,4700.0,4745.0,4500.0,4530.0,622092,0.0,0.0
2010-04-13 00:00:00+09:00,4550.0,4615.0,4425.0,4580.0,552089,0.0,0.0
2010-04-14 00:00:00+09:00,4580.0,4675.0,4550.0,4635.0,540948,0.0,0.0
2010-04-15 00:00:00+09:00,4680.0,4680.0,4405.0,4430.0,743232,0.0,0.0
2010-04-16 00:00:00+09:00,4435.0,4480.0,4320.0,4320.0,639119,0.0,0.0
2010-04-19 00:00:00+09:00,4235.0,4265.0,4050.0,4080.0,764714,0.0,0.0
2010-04-20 00:00:00+09:00,4135.0,4270.0,4120.0,4175.0,680855,0.0,0.0
2010-04-21 00:00:00+09:00,4190.0,4250.0,4190.0,4225.0,461456,0.0,0.0
2010-04-22 00:00:00+09:00,4240.0,4305.0,4175.0,4180.0,553876,0.0,0.0
2010-04-23 00:00:00+09:00,4130.0,4180.0,3955.0,4050.0,674579,0.0,0.0
2010-04-26 00:00:00+09:00,4125.0,4600.0,4100.0,4440.0,3751887,0.0,0.0
2010-04-27 00:00:00+09:00,4475.0,4575.0,4300.0,4540.0,1192613,0.0,0.0
2010-04-28 00:00:00+09:00,4410.0,4695.0,4360.0,4570.0,1722763,0.0,0.0
2010-04-29 00:00:00+09:00,4610.0,4655.0,4510.0,4585.0,745921,0.0,0.0
2010-04-30 00:00:00+09:00,4625.0,4650.0,4455.0,4455.0,644948,0.0,0.0
2010-05-03 00:00:00+09:00,4360.0,4430.0,4220.0,4235.0,544018,0.0,0.0
2010-05-04 00:00:00+09:00,4255.0,4355.0,4215.0,4215.0,416297,0.0,0.0
2010-05-06 00:00:00+09:00,3990.0,4085.0,3860.0,3990.0,486005,0.0,0.0
2010-05-07 00:00:00+09:00,3710.0,3995.0,3610.0,3995.0,592566,0.0,0.0
2010-05-10 00:00:00+09:00,4000.0,4360.0,3995.0,4330.0,555746,0.0,0.0
2010-05-11 00:00:00+09:00,4350.0,4420.0,4240.0,4245.0,564828,0.0,0.0
2010-05-12 00:00:00+09:00,4255.0,4470.0,4100.0,4400.0,637579,0.0,0.0
2010-05-13 00:00:00+09:00,4410.0,4510.0,4365.0,4400.0,619116,0.0,0.0
2010-05-14 00:00:00+09:00,4380.0,4590.0,4365.0,4415.0,672475,0.0,0.0
2010-05-17 00:00:00+09:00,4350.0,4405.0,4100.0,4170.0,503204,0.0,0.0
2010-05-18 00:00:00+09:00,4185.0,4240.0,3950.0,4065.0,514822,0.0,0.0
2010-05-19 00:00:00+09:00,4120.0,4170.0,4000.0,4050.0,345231,0.0,0.0
2010-05-20 00:00:00+09:00,4085.0,4085.0,3560.0,3765.0,366694,0.0,0.0
2010-05-24 00:00:00+09:00,3770.0,3975.0,3700.0,3845.0,313877,0.0,0.0
2010-05-25 00:00:00+09:00,3760.0,3865.0,3310.0,3820.0,475146,0.0,0.0
2010-05-26 00:00:00+09:00,4390.0,4390.0,4225.0,4390.0,5729981,0.0,0.0
2010-05-27 00:00:00+09:00,4550.0,4820.0,4395.0,4515.0,4072058,0.0,0.0
2010-05-28 00:00:00+09:00,4595.0,4790.0,4460.0,4520.0,2826610,0.0,0.0
2010-05-31 00:00:00+09:00,4610.0,4785.0,4405.0,4485.0,2124403,0.0,0.0
2010-06-01 00:00:00+09:00,4455.0,4750.0,4405.0,4710.0,2288039,0.0,0.0
2010-06-03 00:00:00+09:00,4780.0,4890.0,4665.0,4670.0,1513615,0.0,0.0
2010-06-04 00:00:00+09:00,4720.0,4800.0,4525.0,4595.0,1269852,0.0,0.0
2010-06-07 00:00:00+09:00,4375.0,4490.0,4330.0,4360.0,733657,0.0,0.0
2010-06-08 00:00:00+09:00,4365.0,4575.0,4365.0,4365.0,1209354,0.0,0.0
2010-06-09 00:00:00+09:00,4450.0,4655.0,4350.0,4350.0,1923982,0.0,0.0
2010-06-10 00:00:00+09:00,4430.0,4485.0,4330.0,4330.0,698126,0.0,0.0
2010-06-11 00:00:00+09:00,4410.0,4590.0,4340.0,4535.0,1256848,0.0,0.0
2010-06-14 00:00:00+09:00,4660.0,5210.0,4570.0,5210.0,9156198,0.0,0.0
2010-06-15 00:00:00+09:00,5300.0,5460.0,5050.0,5200.0,6984277,0.0,0.0
2010-06-16 00:00:00+09:00,5200.0,5320.0,5130.0,5260.0,4316601,0.0,0.0
2010-06-17 00:00:00+09:00,5190.0,5280.0,4855.0,4855.0,2941217,0.0,0.0
2010-06-18 00:00:00+09:00,4915.0,4960.0,4795.0,4905.0,1358103,0.0,0.0
2010-06-21 00:00:00+09:00,4930.0,4985.0,4795.0,4800.0,1867394,0.0,0.0
2010-06-22 00:00:00+09:00,4750.0,4855.0,4690.0,4825.0,1274110,0.0,0.0
2010-06-23 00:00:00+09:00,4925.0,5100.0,4720.0,4720.0,3437710,0.0,0.0
2010-06-24 00:00:00+09:00,4720.0,4780.0,4505.0,4570.0,1522805,0.0,0.0
2010-06-25 00:00:00+09:00,4570.0,4620.0,4510.0,4575.0,690600,0.0,0.0
2010-06-28 00:00:00+09:00,4550.0,4590.0,4325.0,4340.0,1229344,0.0,0.0
2010-06-29 00:00:00+09:00,4340.0,4400.0,4055.0,4110.0,1251712,0.0,0.0
2010-06-30 00:00:00+09:00,3955.0,4155.0,3870.0,4080.0,660097,0.0,0.0
2010-07-01 00:00:00+09:00,4000.0,4120.0,3975.0,4100.0,466705,0.0,0.0
2010-07-02 00:00:00+09:00,4045.0,4195.0,4045.0,4120.0,509112,0.0,0.0
2010-07-05 00:00:00+09:00,4130.0,4295.0,4120.0,4170.0,509011,0.0,0.0
2010-07-06 00:00:00+09:00,4215.0,4230.0,4045.0,4080.0,344136,0.0,0.0
2010-07-07 00:00:00+09:00,4120.0,4135.0,4015.0,4020.0,290587,0.0,0.0
2010-07-08 00:00:00+09:00,4055.0,4125.0,4020.0,4020.0,274174,0.0,0.0
2010-07-09 00:00:00+09:00,4055.0,4105.0,3945.0,4010.0,321803,0.0,0.0
2010-07-12 00:00:00+09:00,4025.0,4170.0,4025.0,4100.0,466883,0.0,0.0
2010-07-13 00:00:00+09:00,4140.0,4235.0,4090.0,4155.0,553064,0.0,0.0
2010-07-14 00:00:00+09:00,4160.0,4210.0,4005.0,4015.0,827191,0.0,0.0
2010-07-15 00:00:00+09:00,4000.0,4135.0,3965.0,3975.0,797661,0.0,0.0
2010-07-16 00:00:00+09:00,3990.0,4020.0,3850.0,3860.0,478286,0.0,0.0
2010-07-19 00:00:00+09:00,3765.0,3910.0,3755.0,3855.0,239876,0.0,0.0
2010-07-20 00:00:00+09:00,3940.0,4240.0,3915.0,4040.0,1801563,0.0,0.0
2010-07-21 00:00:00+09:00,4070.0,4165.0,3885.0,3900.0,541515,0.0,0.0
2010-07-22 00:00:00+09:00,3920.0,3950.0,3765.0,3800.0,354582,0.0,0.0
2010-07-23 00:00:00+09:00,3820.0,3850.0,3750.0,3750.0,358511,0.0,0.0
2010-07-26 00:00:00+09:00,3720.0,3900.0,3715.0,3735.0,438734,0.0,0.0
2010-07-27 00:00:00+09:00,3740.0,3805.0,3600.0,3685.0,374789,0.0,0.0
2010-07-28 00:00:00+09:00,3840.0,3920.0,3725.0,3750.0,751238,0.0,0.0
2010-07-29 00:00:00+09:00,3750.0,3795.0,3650.0,3650.0,236918,0.0,0.0
2010-07-30 00:00:00+09:00,3620.0,3700.0,3620.0,3665.0,176151,0.0,0.0
2010-08-02 00:00:00+09:00,3670.0,3680.0,3580.0,3585.0,255458,0.0,0.0
2010-08-03 00:00:00+09:00,3585.0,3675.0,3570.0,3585.0,192360,0.0,0.0
2010-08-04 00:00:00+09:00,3555.0,3670.0,3470.0,3515.0,246722,0.0,0.0
2010-08-05 00:00:00+09:00,3520.0,3530.0,3375.0,3385.0,373100,0.0,0.0
2010-08-06 00:00:00+09:00,3385.0,3395.0,3255.0,3350.0,267933,0.0,0.0
2010-08-09 00:00:00+09:00,3305.0,3465.0,3305.0,3355.0,327033,0.0,0.0
2010-08-10 00:00:00+09:00,3360.0,3435.0,3360.0,3430.0,192292,0.0,0.0
2010-08-11 00:00:00+09:00,3480.0,3480.0,3295.0,3320.0,199758,0.0,0.0
2010-08-12 00:00:00+09:00,3240.0,3280.0,3200.0,3215.0,195183,0.0,0.0
2010-08-13 00:00:00+09:00,3195.0,3265.0,3195.0,3235.0,136268,0.0,0.0
2010-08-16 00:00:00+09:00,3235.0,3650.0,3235.0,3400.0,1431962,0.0,0.0
2010-08-17 00:00:00+09:00,3360.0,3510.0,3340.0,3380.0,326195,0.0,0.0
2010-08-18 00:00:00+09:00,3425.0,3425.0,3330.0,3340.0,145094,0.0,0.0
2010-08-19 00:00:00+09:00,3330.0,3390.0,3310.0,3365.0,136308,0.0,0.0
2010-08-20 00:00:00+09:00,3375.0,3480.0,3370.0,3410.0,197106,0.0,0.0
2010-08-23 00:00:00+09:00,3420.0,3525.0,3350.0,3520.0,399058,0.0,0.0
2010-08-24 00:00:00+09:00,3550.0,3580.0,3350.0,3350.0,444464,0.0,0.0
2010-08-25 00:00:00+09:00,3315.0,3345.0,3205.0,3205.0,335263,0.0,0.0
2010-08-26 00:00:00+09:00,3210.0,3450.0,3210.0,3230.0,517191,0.0,0.0
2010-08-27 00:00:00+09:00,3265.0,3265.0,3000.0,3080.0,291578,0.0,0.0
2010-08-30 00:00:00+09:00,3100.0,3135.0,3060.0,3075.0,171495,0.0,0.0
2010-08-31 00:00:00+09:00,3035.0,3140.0,3035.0,3100.0,159823,0.0,0.0
2010-09-01 00:00:00+09:00,3105.0,3195.0,3075.0,3140.0,123193,0.0,0.0
2010-09-02 00:00:00+09:00,3165.0,3195.0,3125.0,3145.0,109334,0.0,0.0
2010-09-03 00:00:00+09:00,3155.0,3205.0,3130.0,3165.0,143181,0.0,0.0
2010-09-06 00:00:00+09:00,3180.0,3195.0,3140.0,3170.0,120412,0.0,0.0
2010-09-07 00:00:00+09:00,3205.0,3280.0,3130.0,3155.0,184557,0.0,0.0
2010-09-08 00:00:00+09:00,3155.0,3155.0,3075.0,3080.0,126031,0.0,0.0
2010-09-09 00:00:00+09:00,3090.0,3130.0,3050.0,3055.0,123227,0.0,0.0
2010-09-10 00:00:00+09:00,3055.0,3095.0,3050.0,3080.0,108050,0.0,0.0
2010-09-13 00:00:00+09:00,3080.0,3125.0,3070.0,3075.0,120786,0.0,0.0
2010-09-14 00:00:00+09:00,3100.0,3135.0,3075.0,3100.0,117353,0.0,0.0
2010-09-15 00:00:00+09:00,3115.0,3390.0,3075.0,3220.0,852390,0.0,0.0
2010-09-16 00:00:00+09:00,3265.0,3265.0,3150.0,3185.0,182532,0.0,0.0
2010-09-17 00:00:00+09:00,3200.0,3290.0,3175.0,3220.0,199990,0.0,0.0
2010-09-20 00:00:00+09:00,3185.0,3220.0,3135.0,3135.0,154985,0.0,0.0
2010-09-24 00:00:00+09:00,3120.0,3155.0,3090.0,3090.0,148764,0.0,0.0
2010-09-27 00:00:00+09:00,3090.0,3125.0,3030.0,3055.0,289599,0.0,0.0
2010-09-28 00:00:00+09:00,3030.0,3070.0,3020.0,3035.0,156865,0.0,0.0
2010-09-29 00:00:00+09:00,3250.0,3350.0,3120.0,3120.0,803299,0.0,0.0
2010-09-30 00:00:00+09:00,3115.0,3170.0,3075.0,3095.0,142536,0.0,0.0
2010-10-01 00:00:00+09:00,3095.0,3180.0,3095.0,3155.0,219897,0.0,0.0
2010-10-04 00:00:00+09:00,3130.0,3195.0,3130.0,3135.0,194103,0.0,0.0
2010-10-05 00:00:00+09:00,3110.0,3185.0,3110.0,3160.0,167033,0.0,0.0
2010-10-06 00:00:00+09:00,3210.0,3360.0,3170.0,3350.0,1155213,0.0,0.0
2010-10-07 00:00:00+09:00,3380.0,3445.0,3250.0,3425.0,578398,0.0,0.0
2010-10-08 00:00:00+09:00,3405.0,3505.0,3295.0,3295.0,799935,0.0,0.0
2010-10-11 00:00:00+09:00,3250.0,3340.0,3220.0,3220.0,280325,0.0,0.0
2010-10-12 00:00:00+09:00,3285.0,3330.0,3200.0,3200.0,265649,0.0,0.0
2010-10-13 00:00:00+09:00,3220.0,3315.0,3220.0,3250.0,266001,0.0,0.0
2010-10-14 00:00:00+09:00,3280.0,3430.0,3210.0,3250.0,783608,0.0,0.0
2010-10-15 00:00:00+09:00,3290.0,3355.0,3250.0,3350.0,378285,0.0,0.0
2010-10-18 00:00:00+09:00,3390.0,3575.0,3345.0,3500.0,708466,0.0,0.0
2010-10-19 00:00:00+09:00,3510.0,3605.0,3350.0,3365.0,956998,0.0,0.0
2010-10-20 00:00:00+09:00,3325.0,3480.0,3305.0,3480.0,284264,0.0,0.0
2010-10-21 00:00:00+09:00,3480.0,3505.0,3385.0,3385.0,261732,0.0,0.0
2010-10-22 00:00:00+09:00,3410.0,3415.0,3250.0,3305.0,395409,0.0,0.0
2010-10-25 00:00:00+09:00,3280.0,3370.0,3265.0,3370.0,297307,0.0,0.0
2010-10-26 00:00:00+09:00,3360.0,3390.0,3305.0,3310.0,206217,0.0,0.0
2010-10-27 00:00:00+09:00,3305.0,3395.0,3305.0,3310.0,336433,0.0,0.0
2010-10-28 00:00:00+09:00,3325.0,3440.0,3325.0,3420.0,467491,0.0,0.0
2010-10-29 00:00:00+09:00,3420.0,3445.0,3275.0,3280.0,371647,0.0,0.0
2010-11-01 00:00:00+09:00,3285.0,3320.0,3100.0,3125.0,462675,0.0,0.0
2010-11-02 00:00:00+09:00,3130.0,3155.0,3105.0,3110.0,202994,0.0,0.0
2010-11-03 00:00:00+09:00,3155.0,3300.0,3120.0,3150.0,437254,0.0,0.0
2010-11-04 00:00:00+09:00,3115.0,3165.0,3090.0,3125.0,201497,0.0,0.0
2010-11-05 00:00:00+09:00,3135.0,3300.0,3125.0,3225.0,557864,0.0,0.0
2010-11-08 00:00:00+09:00,3215.0,3245.0,3170.0,3170.0,110644,0.0,0.0
2010-11-09 00:00:00+09:00,3190.0,3280.0,3145.0,3145.0,143366,0.0,0.0
2010-11-10 00:00:00+09:00,3160.0,3190.0,3085.0,3095.0,256589,0.0,0.0
2010-11-11 00:00:00+09:00,3130.0,3130.0,2995.0,3000.0,374208,0.0,0.0
2010-11-12 00:00:00+09:00,2995.0,3030.0,2805.0,2835.0,450672,0.0,0.0
2010-11-15 00:00:00+09:00,2840.0,2890.0,2670.0,2710.0,244289,0.0,0.0
2010-11-16 00:00:00+09:00,2670.0,2740.0,2650.0,2710.0,158172,0.0,0.0
2010-11-17 00:00:00+09:00,2660.0,2715.0,2645.0,2670.0,150986,0.0,0.0
2010-11-18 00:00:00+09:00,2655.0,2750.0,2645.0,2730.0,185141,0.0,0.0
2010-11-19 00:00:00+09:00,2730.0,2870.0,2705.0,2870.0,259054,0.0,0.0
2010-11-22 00:00:00+09:00,2840.0,2855.0,2750.0,2750.0,211060,0.0,0.0
2010-11-23 00:00:00+09:00,2710.0,2760.0,2685.0,2755.0,147604,0.0,0.0
2010-11-24 00:00:00+09:00,2565.0,2685.0,2565.0,2650.0,250976,0.0,0.0
2010-11-25 00:00:00+09:00,2660.0,2700.0,2640.0,2650.0,120378,0.0,0.0
2010-11-26 00:00:00+09:00,2620.0,2675.0,2540.0,2545.0,271575,0.0,0.0
2010-11-29 00:00:00+09:00,2525.0,2550.0,2455.0,2455.0,137954,0.0,0.0
2010-11-30 00:00:00+09:00,2425.0,2525.0,2425.0,2500.0,113258,0.0,0.0
2010-12-01 00:00:00+09:00,2500.0,2545.0,2475.0,2545.0,84371,0.0,0.0
2010-12-02 00:00:00+09:00,2530.0,2570.0,2520.0,2525.0,76969,0.0,0.0
2010-12-03 00:00:00+09:00,2525.0,2555.0,2470.0,2480.0,105427,0.0,0.0
2010-12-06 00:00:00+09:00,2490.0,2525.0,2460.0,2495.0,76669,0.0,0.0
2010-12-07 00:00:00+09:00,2510.0,2545.0,2480.0,2545.0,117687,0.0,0.0
2010-12-08 00:00:00+09:00,2550.0,2555.0,2485.0,2485.0,93757,0.0,0.0
2010-12-09 00:00:00+09:00,2535.0,2535.0,2480.0,2510.0,75948,0.0,0.0
2010-12-10 00:00:00+09:00,2510.0,2650.0,2510.0,2620.0,345824,0.0,0.0
2010-12-13 00:00:00+09:00,2650.0,2690.0,2600.0,2645.0,184952,0.0,0.0
2010-12-14 00:00:00+09:00,2660.0,2725.0,2640.0,2640.0,181631,0.0,0.0
2010-12-15 00:00:00+09:00,2645.0,2700.0,2620.0,2650.0,93228,0.0,0.0
2010-12-16 00:00:00+09:00,2610.0,2645.0,2605.0,2640.0,148899,0.0,0.0
2010-12-17 00:00:00+09:00,2590.0,2670.0,2590.0,2640.0,85093,0.0,0.0
2010-12-20 00:00:00+09:00,2595.0,2595.0,2445.0,2540.0,199997,0.0,0.0
2010-12-21 00:00:00+09:00,2550.0,2590.0,2495.0,2530.0,99044,0.0,0.0
2010-12-22 00:00:00+09:00,2500.0,2550.0,2465.0,2480.0,136468,0.0,0.0
2010-12-23 00:00:00+09:00,2470.0,2510.0,2470.0,2485.0,78680,0.0,0.0
2010-12-24 00:00:00+09:00,2490.0,2520.0,2450.0,2470.0,86562,0.0,0.0
2010-12-27 00:00:00+09:00,2435.0,2530.0,2435.0,2480.0,132462,0.0,0.0
2010-12-28 00:00:00+09:00,2460.0,2585.0,2455.0,2535.0,225875,0.0,0.0
2010-12-29 00:00:00+09:00,2535.0,2610.0,2500.0,2610.0,139127,0.0,0.0
2010-12-30 00:00:00+09:00,2580.0,2635.0,2565.0,2625.0,175381,0.0,0.0
2011-01-03 00:00:00+09:00,2635.0,2715.0,2600.0,2660.0,271991,0.0,0.0
2011-01-04 00:00:00+09:00,2655.0,2675.0,2605.0,2605.0,165744,0.0,0.0
2011-01-05 00:00:00+09:00,2630.0,2645.0,2570.0,2620.0,211703,0.0,0.0
2011-01-06 00:00:00+09:00,2615.0,2630.0,2580.0,2610.0,132625,0.0,0.0
2011-01-07 00:00:00+09:00,2625.0,3000.0,2615.0,3000.0,3661672,0.0,0.0
2011-01-10 00:00:00+09:00,3070.0,3205.0,3000.0,3115.0,2782971,0.0,0.0
2011-01-11 00:00:00+09:00,3125.0,3195.0,3050.0,3175.0,1709506,0.0,0.0
2011-01-12 00:00:00+09:00,3200.0,3210.0,3000.0,3000.0,753903,0.0,0.0
2011-01-13 00:00:00+09:00,2960.0,3000.0,2875.0,2940.0,570623,0.0,0.0
2011-01-14 00:00:00+09:00,2935.0,3070.0,2855.0,2915.0,676838,0.0,0.0
2011-01-17 00:00:00+09:00,2920.0,3010.0,2885.0,2955.0,500858,0.0,0.0
2011-01-18 00:00:00+09:00,2990.0,3100.0,2880.0,2880.0,1086028,0.0,0.0
2011-01-19 00:00:00+09:00,2900.0,2955.0,2785.0,2910.0,388481,0.0,0.0
2011-01-20 00:00:00+09:00,2940.0,2950.0,2850.0,2850.0,254024,0.0,0.0
2011-01-21 00:00:00+09:00,2850.0,2870.0,2705.0,2730.0,360286,0.0,0.0
2011-01-24 00:00:00+09:00,2700.0,2765.0,2650.0,2680.0,265919,0.0,0.0
2011-01-25 00:00:00+09:00,2680.0,2730.0,2645.0,2645.0,185956,0.0,0.0
2011-01-26 00:00:00+09:00,2635.0,2710.0,2620.0,2640.0,124665,0.0,0.0
2011-01-27 00:00:00+09:00,2660.0,2690.0,2630.0,2655.0,114549,0.0,0.0
2011-01-28 00:00:00+09:00,2670.0,2690.0,2545.0,2575.0,256396,0.0,0.0
2011-01-31 00:00:00+09:00,2575.0,2575.0,2515.0,2565.0,179046,0.0,0.0
2011-02-01 00:00:00+09:00,2655.0,2750.0,2585.0,2730.0,513649,0.0,0.0
2011-02-07 00:00:00+09:00,2715.0,2750.0,2665.0,2735.0,227069,0.0,0.0
2011-02-08 00:00:00+09:00,2680.0,2720.0,2665.0,2680.0,132774,0.0,0.0
2011-02-09 00:00:00+09:00,2690.0,2710.0,2555.0,2590.0,165523,0.0,0.0
2011-02-10 00:00:00+09:00,2555.0,2620.0,2545.0,2590.0,117429,0.0,0.0
2011-02-11 00:00:00+09:00,2600.0,2640.0,2520.0,2520.0,143960,0.0,0.0
2011-02-14 00:00:00+09:00,2520.0,2630.0,2505.0,2540.0,172838,0.0,0.0
2011-02-15 00:00:00+09:00,2495.0,2535.0,2430.0,2450.0,203892,0.0,0.0
2011-02-16 00:00:00+09:00,2440.0,2490.0,2330.0,2355.0,255765,0.0,0.0
2011-02-17 00:00:00+09:00,2355.0,2400.0,2190.0,2220.0,327254,0.0,0.0
2011-02-18 00:00:00+09:00,2205.0,2255.0,2205.0,2255.0,125247,0.0,0.0
2011-02-21 00:00:00+09:00,2255.0,2370.0,2245.0,2370.0,169457,0.0,0.0
2011-02-22 00:00:00+09:00,2450.0,2690.0,2350.0,2350.0,810251,0.0,0.0
2011-02-23 00:00:00+09:00,2350.0,2390.0,2300.0,2310.0,123630,0.0,0.0
2011-02-24 00:00:00+09:00,2270.0,2315.0,2220.0,2230.0,178569,0.0,0.0
2011-02-25 00:00:00+09:00,2220.0,2310.0,2205.0,2270.0,139971,0.0,0.0
2011-02-28 00:00:00+09:00,2220.0,2315.0,2215.0,2235.0,116909,0.0,0.0
2011-03-02 00:00:00+09:00,2235.0,2280.0,2215.0,2260.0,91893,0.0,0.0
2011-03-03 00:00:00+09:00,2295.0,2295.0,2240.0,2285.0,84216,0.0,0.0
2011-03-04 00:00:00+09:00,2280.0,2305.0,2260.0,2300.0,133468,0.0,0.0
2011-03-07 00:00:00+09:00,2250.0,2300.0,2240.0,2280.0,91544,0.0,0.0
2011-03-08 00:00:00+09:00,2250.0,2280.0,2225.0,2255.0,118963,0.0,0.0
2011-03-09 00:00:00+09:00,2275.0,2280.0,2235.0,2240.0,95622,0.0,0.0
2011-03-10 00:00:00+09:00,2215.0,2240.0,2200.0,2230.0,143710,0.0,0.0
2011-03-11 00:00:00+09:00,2190.0,2225.0,2190.0,2205.0,94063,0.0,0.0
2011-03-14 00:00:00+09:00,2170.0,2220.0,1980.0,2075.0,249764,0.0,0.0
2011-03-15 00:00:00+09:00,2015.0,2060.0,1765.0,1905.0,349289,0.0,0.0
2011-03-16 00:00:00+09:00,1900.0,1980.0,1800.0,1870.0,122804,0.0,0.0
2011-03-17 00:00:00+09:00,1810.0,1840.0,1745.0,1775.0,316097,0.0,0.0
2011-03-18 00:00:00+09:00,1760.0,1910.0,1760.0,1860.0,280129,0.0,0.0
2011-03-21 00:00:00+09:00,1865.0,2120.0,1865.0,1965.0,420828,0.0,0.0
2011-03-22 00:00:00+09:00,1965.0,1985.0,1945.0,1970.0,100252,0.0,0.0
2011-03-23 00:00:00+09:00,1970.0,1995.0,1945.0,1975.0,79385,0.0,0.0
2011-03-24 00:00:00+09:00,1980.0,2005.0,1910.0,1930.0,106994,0.0,0.0
2011-03-25 00:00:00+09:00,1945.0,1950.0,1900.0,1910.0,93701,0.0,0.0
2011-03-28 00:00:00+09:00,1915.0,1940.0,1875.0,1885.0,87793,0.0,0.0
2011-03-29 00:00:00+09:00,1880.0,1925.0,1875.0,1880.0,77694,0.0,0.0
2011-03-30 00:00:00+09:00,1880.0,1955.0,1875.0,1890.0,105426,0.0,0.0
2011-03-31 00:00:00+09:00,1900.0,1950.0,1890.0,1930.0,96647,0.0,0.0
2011-04-01 00:00:00+09:00,1980.0,2215.0,1940.0,2215.0,561610,0.0,0.0
2011-04-04 00:00:00+09:00,2400.0,2510.0,2240.0,2240.0,1776685,0.0,0.0
2011-04-05 00:00:00+09:00,2295.0,2370.0,2225.0,2315.0,944305,0.0,0.0
2011-04-06 00:00:00+09:00,2280.0,2445.0,2275.0,2445.0,675569,0.0,0.0
2011-04-07 00:00:00+09:00,2465.0,2810.0,2250.0,2290.0,3208769,0.0,0.0
2011-04-08 00:00:00+09:00,2315.0,2375.0,2260.0,2270.0,349710,0.0,0.0
2011-04-11 00:00:00+09:00,2310.0,2400.0,2300.0,2335.0,327887,0.0,0.0
2011-04-12 00:00:00+09:00,2300.0,2390.0,2275.0,2290.0,220999,0.0,0.0
2011-04-13 00:00:00+09:00,2280.0,2340.0,2275.0,2285.0,136843,0.0,0.0
2011-04-14 00:00:00+09:00,2270.0,2320.0,2160.0,2215.0,257714,0.0,0.0
2011-04-15 00:00:00+09:00,2215.0,2300.0,2200.0,2260.0,123242,0.0,0.0
2011-04-18 00:00:00+09:00,2240.0,2355.0,2215.0,2250.0,252526,0.0,0.0
2011-04-19 00:00:00+09:00,2250.0,2280.0,2230.0,2275.0,105270,0.0,0.0
2011-04-20 00:00:00+09:00,2345.0,2520.0,2285.0,2380.0,915878,0.0,0.0
2011-04-21 00:00:00+09:00,2430.0,2490.0,2350.0,2355.0,423438,0.0,0.0
2011-04-22 00:00:00+09:00,2355.0,2400.0,2235.0,2285.0,168109,0.0,0.0
2011-04-25 00:00:00+09:00,2340.0,2345.0,2255.0,2255.0,117888,0.0,0.0
2011-04-26 00:00:00+09:00,2245.0,2270.0,2125.0,2125.0,284628,0.0,0.0
2011-04-27 00:00:00+09:00,2130.0,2185.0,2075.0,2170.0,144722,0.0,0.0
2011-04-28 00:00:00+09:00,2135.0,2220.0,2130.0,2195.0,115552,0.0,0.0
2011-04-29 00:00:00+09:00,2215.0,2240.0,2140.0,2190.0,58165,0.0,0.0
2011-05-02 00:00:00+09:00,2185.0,2190.0,2080.0,2080.0,134557,0.0,0.0
2011-05-03 00:00:00+09:00,2025.0,2105.0,2025.0,2065.0,85956,0.0,0.0
2011-05-04 00:00:00+09:00,2065.0,2080.0,2010.0,2015.0,88950,0.0,0.0
2011-05-06 00:00:00+09:00,2040.0,2040.0,1955.0,2030.0,87678,0.0,0.0
2011-05-09 00:00:00+09:00,2030.0,2085.0,1985.0,2085.0,105677,0.0,0.0
2011-05-11 00:00:00+09:00,2395.0,2395.0,2030.0,2100.0,1131666,0.0,0.0
2011-05-12 00:00:00+09:00,2090.0,2175.0,2055.0,2145.0,222040,0.0,0.0
2011-05-13 00:00:00+09:00,2145.0,2265.0,2080.0,2170.0,188843,0.0,0.0
2011-05-16 00:00:00+09:00,2170.0,2270.0,2145.0,2250.0,115500,0.0,0.0
2011-05-17 00:00:00+09:00,2200.0,2300.0,2200.0,2245.0,78369,0.0,0.0
2011-05-18 00:00:00+09:00,2215.0,2315.0,2215.0,2285.0,146976,0.0,0.0
2011-05-19 00:00:00+09:00,2340.0,2395.0,2205.0,2225.0,182901,0.0,0.0
2011-05-20 00:00:00+09:00,2225.0,2370.0,2225.0,2270.0,172590,0.0,0.0
2011-05-23 00:00:00+09:00,2340.0,2340.0,2195.0,2215.0,95572,0.0,0.0
2011-05-24 00:00:00+09:00,2180.0,2240.0,2180.0,2200.0,55978,0.0,0.0
2011-05-25 00:00:00+09:00,2200.0,2270.0,2150.0,2150.0,77251,0.0,0.0
2011-05-26 00:00:00+09:00,2150.0,2185.0,2130.0,2145.0,50382,0.0,0.0
2011-05-27 00:00:00+09:00,2145.0,2310.0,2120.0,2275.0,106694,0.0,0.0
2011-05-30 00:00:00+09:00,2300.0,2350.0,2230.0,2260.0,77030,0.0,0.0
2011-05-31 00:00:00+09:00,2235.0,2320.0,2210.0,2300.0,94820,0.0,0.0
2011-06-01 00:00:00+09:00,2280.0,2310.0,2250.0,2250.0,68881,0.0,0.0
2011-06-02 00:00:00+09:00,2245.0,2390.0,2200.0,2390.0,417616,0.0,0.0
2011-06-03 00:00:00+09:00,2400.0,2490.0,2350.0,2400.0,484411,0.0,0.0
2011-06-07 00:00:00+09:00,2375.0,2460.0,2360.0,2425.0,204466,0.0,0.0
2011-06-08 00:00:00+09:00,2485.0,2545.0,2440.0,2485.0,622135,0.0,0.0
2011-06-09 00:00:00+09:00,2490.0,2515.0,2380.0,2420.0,270421,0.0,0.0
2011-06-10 00:00:00+09:00,2420.0,2450.0,2350.0,2350.0,152652,0.0,0.0
2011-06-13 00:00:00+09:00,2310.0,2410.0,2300.0,2300.0,119319,0.0,0.0
2011-06-14 00:00:00+09:00,2280.0,2375.0,2280.0,2340.0,79968,0.0,0.0
2011-06-15 00:00:00+09:00,2370.0,2410.0,2320.0,2320.0,51003,0.0,0.0
2011-06-16 00:00:00+09:00,2280.0,2320.0,2250.0,2280.0,73611,0.0,0.0
2011-06-17 00:00:00+09:00,2370.0,2500.0,2275.0,2480.0,546191,0.0,0.0
2011-06-20 00:00:00+09:00,2450.0,2515.0,2400.0,2400.0,208077,0.0,0.0
2011-06-21 00:00:00+09:00,2470.0,2470.0,2390.0,2430.0,114647,0.0,0.0
2011-06-22 00:00:00+09:00,2410.0,2460.0,2300.0,2300.0,287949,0.0,0.0
2011-06-23 00:00:00+09:00,2340.0,2520.0,2300.0,2450.0,337277,0.0,0.0
2011-06-24 00:00:00+09:00,2500.0,2520.0,2450.0,2510.0,260257,0.0,0.0
2011-06-27 00:00:00+09:00,2540.0,2560.0,2445.0,2490.0,200028,0.0,0.0
2011-06-28 00:00:00+09:00,2505.0,2515.0,2450.0,2500.0,205061,0.0,0.0
2011-06-29 00:00:00+09:00,2525.0,2875.0,2520.0,2750.0,2620750,0.0,0.0
2011-06-30 00:00:00+09:00,2695.0,2715.0,2625.0,2690.0,554698,0.0,0.0
2011-07-01 00:00:00+09:00,2760.0,2855.0,2725.0,2725.0,561240,0.0,0.0
2011-07-04 00:00:00+09:00,2700.0,2825.0,2700.0,2735.0,236616,0.0,0.0
2011-07-05 00:00:00+09:00,2795.0,2895.0,2765.0,2825.0,423917,0.0,0.0
2011-07-06 00:00:00+09:00,2830.0,2895.0,2790.0,2870.0,296598,0.0,0.0
2011-07-07 00:00:00+09:00,2920.0,3015.0,2915.0,2945.0,624142,0.0,0.0
2011-07-08 00:00:00+09:00,2945.0,3030.0,2900.0,3005.0,421931,0.0,0.0
2011-07-11 00:00:00+09:00,3065.0,3455.0,3020.0,3450.0,1850319,0.0,0.0
2011-07-12 00:00:00+09:00,3430.0,3430.0,2935.0,2935.0,3193847,0.0,0.0
2011-07-13 00:00:00+09:00,2840.0,2970.0,2545.0,2550.0,1742109,0.0,0.0
2011-07-14 00:00:00+09:00,2570.0,2690.0,2540.0,2550.0,717167,0.0,0.0
2011-07-15 00:00:00+09:00,2540.0,2625.0,2470.0,2495.0,436693,0.0,0.0
2011-07-18 00:00:00+09:00,2500.0,2620.0,2450.0,2550.0,440180,0.0,0.0
2011-07-19 00:00:00+09:00,2590.0,2660.0,2565.0,2615.0,388197,0.0,0.0
2011-07-20 00:00:00+09:00,2650.0,2670.0,2550.0,2585.0,284683,0.0,0.0
2011-07-21 00:00:00+09:00,2590.0,2625.0,2485.0,2495.0,207850,0.0,0.0
2011-07-22 00:00:00+09:00,2490.0,2765.0,2485.0,2660.0,601674,0.0,0.0
2011-07-25 00:00:00+09:00,2655.0,2695.0,2560.0,2565.0,194789,0.0,0.0
2011-07-26 00:00:00+09:00,2600.0,2640.0,2550.0,2590.0,136639,0.0,0.0
2011-07-27 00:00:00+09:00,2650.0,2780.0,2565.0,2565.0,654443,0.0,0.0
2011-07-28 00:00:00+09:00,2570.0,2580.0,2470.0,2500.0,269225,0.0,0.0
2011-07-29 00:00:00+09:00,2550.0,2550.0,2390.0,2390.0,267289,0.0,0.0
2011-08-01 00:00:00+09:00,2415.0,2435.0,2390.0,2400.0,187508,0.0,0.0
2011-08-02 00:00:00+09:00,2390.0,2420.0,2295.0,2340.0,181939,0.0,0.0
2011-08-03 00:00:00+09:00,2265.0,2285.0,2210.0,2235.0,148180,0.0,0.0
2011-08-04 00:00:00+09:00,2215.0,2310.0,2210.0,2215.0,156436,0.0,0.0
2011-08-05 00:00:00+09:00,2070.0,2125.0,1995.0,2045.0,244995,0.0,0.0
2011-08-08 00:00:00+09:00,1905.0,2045.0,1760.0,1900.0,342549,0.0,0.0
2011-08-09 00:00:00+09:00,1765.0,1870.0,1635.0,1780.0,282221,0.0,0.0
2011-08-10 00:00:00+09:00,1875.0,1940.0,1830.0,1865.0,231848,0.0,0.0
2011-08-11 00:00:00+09:00,1760.0,1880.0,1700.0,1870.0,139858,0.0,0.0
2011-08-12 00:00:00+09:00,1900.0,1945.0,1830.0,1830.0,245665,0.0,0.0
2011-08-16 00:00:00+09:00,1900.0,1925.0,1860.0,1910.0,187885,0.0,0.0
2011-08-17 00:00:00+09:00,1935.0,2025.0,1905.0,1965.0,240103,0.0,0.0
2011-08-18 00:00:00+09:00,2020.0,2140.0,1970.0,2020.0,333305,0.0,0.0
2011-08-19 00:00:00+09:00,1930.0,1990.0,1805.0,1870.0,230439,0.0,0.0
2011-08-22 00:00:00+09:00,1900.0,1935.0,1840.0,1845.0,76076,0.0,0.0
2011-08-23 00:00:00+09:00,1850.0,1910.0,1840.0,1880.0,116486,0.0,0.0
2011-08-24 00:00:00+09:00,1895.0,1895.0,1820.0,1820.0,110439,0.0,0.0
2011-08-25 00:00:00+09:00,1840.0,1880.0,1790.0,1800.0,91339,0.0,0.0
2011-08-26 00:00:00+09:00,1800.0,1850.0,1780.0,1795.0,65492,0.0,0.0
2011-08-29 00:00:00+09:00,1840.0,1980.0,1795.0,1965.0,330569,0.0,0.0
2011-08-30 00:00:00+09:00,1970.0,1995.0,1910.0,1910.0,243621,0.0,0.0
2011-08-31 00:00:00+09:00,1950.0,1970.0,1880.0,1900.0,149410,0.0,0.0
2011-09-01 00:00:00+09:00,1945.0,1950.0,1870.0,1885.0,165650,0.0,0.0
2011-09-02 00:00:00+09:00,1885.0,1910.0,1830.0,1910.0,135160,0.0,0.0
2011-09-05 00:00:00+09:00,1905.0,2080.0,1885.0,1920.0,459423,0.0,0.0
2011-09-06 00:00:00+09:00,1920.0,1930.0,1770.0,1795.0,190608,0.0,0.0
2011-09-07 00:00:00+09:00,1840.0,1875.0,1815.0,1825.0,108737,0.0,0.0
2011-09-08 00:00:00+09:00,1855.0,1855.0,1790.0,1800.0,109540,0.0,0.0
2011-09-09 00:00:00+09:00,1770.0,1820.0,1740.0,1770.0,95432,0.0,0.0
2011-09-14 00:00:00+09:00,1775.0,1775.0,1640.0,1720.0,175985,0.0,0.0
2011-09-15 00:00:00+09:00,1730.0,1760.0,1645.0,1665.0,166600,0.0,0.0
2011-09-16 00:00:00+09:00,1700.0,1715.0,1645.0,1710.0,117649,0.0,0.0
2011-09-19 00:00:00+09:00,1720.0,1755.0,1665.0,1665.0,100126,0.0,0.0
2011-09-20 00:00:00+09:00,1640.0,1880.0,1640.0,1760.0,396345,0.0,0.0
2011-09-21 00:00:00+09:00,1785.0,1845.0,1775.0,1790.0,191181,0.0,0.0
2011-09-22 00:00:00+09:00,1725.0,1765.0,1700.0,1720.0,132672,0.0,0.0
2011-09-23 00:00:00+09:00,1670.0,1690.0,1615.0,1635.0,139954,0.0,0.0
2011-09-26 00:00:00+09:00,1665.0,1665.0,1390.0,1390.0,326117,0.0,0.0
2011-09-27 00:00:00+09:00,1350.0,1470.0,1350.0,1460.0,171434,0.0,0.0
2011-09-28 00:00:00+09:00,1510.0,1515.0,1435.0,1435.0,59106,0.0,0.0
2011-09-29 00:00:00+09:00,1380.0,1555.0,1380.0,1505.0,160524,0.0,0.0
2011-09-30 00:00:00+09:00,1505.0,1575.0,1505.0,1550.0,84619,0.0,0.0
2011-10-04 00:00:00+09:00,1450.0,1495.0,1420.0,1480.0,52259,0.0,0.0
2011-10-05 00:00:00+09:00,1455.0,1525.0,1400.0,1410.0,80897,0.0,0.0
2011-10-06 00:00:00+09:00,1475.0,1515.0,1450.0,1480.0,85569,0.0,0.0
2011-10-07 00:00:00+09:00,1505.0,1620.0,1505.0,1565.0,81655,0.0,0.0
2011-10-10 00:00:00+09:00,1565.0,1605.0,1525.0,1585.0,73460,0.0,0.0
2011-10-11 00:00:00+09:00,1740.0,1820.0,1720.0,1820.0,304882,0.0,0.0
2011-10-12 00:00:00+09:00,1900.0,1965.0,1755.0,1765.0,1552428,0.0,0.0
2011-10-13 00:00:00+09:00,1795.0,1970.0,1770.0,1805.0,710786,0.0,0.0
2011-10-14 00:00:00+09:00,1810.0,1825.0,1705.0,1750.0,163750,0.0,0.0
2011-10-17 00:00:00+09:00,1830.0,1830.0,1730.0,1760.0,182894,0.0,0.0
2011-10-18 00:00:00+09:00,1745.0,1745.0,1680.0,1700.0,163371,0.0,0.0
2011-10-19 00:00:00+09:00,1705.0,1735.0,1685.0,1710.0,180040,0.0,0.0
2011-10-20 00:00:00+09:00,1690.0,1755.0,1635.0,1635.0,149719,0.0,0.0
2011-10-21 00:00:00+09:00,1645.0,1715.0,1600.0,1670.0,85816,0.0,0.0
2011-10-24 00:00:00+09:00,1690.0,1755.0,1690.0,1735.0,95333,0.0,0.0
2011-10-25 00:00:00+09:00,1760.0,1760.0,1640.0,1710.0,70165,0.0,0.0
2011-10-26 00:00:00+09:00,1720.0,1720.0,1655.0,1695.0,61809,0.0,0.0
2011-10-27 00:00:00+09:00,1710.0,1780.0,1695.0,1745.0,131231,0.0,0.0
2011-10-28 00:00:00+09:00,1810.0,1845.0,1750.0,1760.0,189850,0.0,0.0
2011-10-31 00:00:00+09:00,1770.0,1780.0,1695.0,1750.0,120557,0.0,0.0
2011-11-01 00:00:00+09:00,1710.0,1750.0,1695.0,1700.0,145282,0.0,0.0
2011-11-02 00:00:00+09:00,1650.0,1700.0,1640.0,1700.0,84615,0.0,0.0
2011-11-03 00:00:00+09:00,1730.0,1775.0,1685.0,1745.0,331621,0.0,0.0
2011-11-04 00:00:00+09:00,1775.0,1885.0,1775.0,1775.0,286335,0.0,0.0
2011-11-07 00:00:00+09:00,1780.0,1815.0,1740.0,1745.0,144071,0.0,0.0
2011-11-08 00:00:00+09:00,1800.0,1880.0,1770.0,1770.0,257668,0.0,0.0
2011-11-09 00:00:00+09:00,1775.0,1815.0,1725.0,1730.0,101465,0.0,0.0
2011-11-10 00:00:00+09:00,1695.0,1700.0,1620.0,1640.0,97737,0.0,0.0
2011-11-11 00:00:00+09:00,1660.0,1715.0,1645.0,1645.0,58166,0.0,0.0
2011-11-14 00:00:00+09:00,1695.0,1735.0,1670.0,1670.0,91442,0.0,0.0
2011-11-15 00:00:00+09:00,1650.0,1660.0,1620.0,1630.0,155803,0.0,0.0
2011-11-16 00:00:00+09:00,1635.0,1685.0,1545.0,1550.0,189813,0.0,0.0
2011-11-17 00:00:00+09:00,1550.0,1570.0,1420.0,1530.0,191502,0.0,0.0
2011-11-18 00:00:00+09:00,1510.0,1560.0,1470.0,1490.0,115882,0.0,0.0
2011-11-21 00:00:00+09:00,1500.0,1500.0,1420.0,1445.0,110022,0.0,0.0
2011-11-22 00:00:00+09:00,1430.0,1510.0,1420.0,1510.0,122891,0.0,0.0
2011-11-23 00:00:00+09:00,1510.0,1510.0,1430.0,1430.0,115290,0.0,0.0
2011-11-24 00:00:00+09:00,1425.0,1460.0,1400.0,1435.0,35645,0.0,0.0
2011-11-25 00:00:00+09:00,1435.0,1475.0,1415.0,1415.0,63305,0.0,0.0
2011-11-28 00:00:00+09:00,1415.0,1590.0,1415.0,1510.0,123682,0.0,0.0
2011-11-29 00:00:00+09:00,1510.0,1545.0,1485.0,1500.0,68191,0.0,0.0
2011-11-30 00:00:00+09:00,1545.0,1550.0,1465.0,1500.0,65996,0.0,0.0
2011-12-01 00:00:00+09:00,1535.0,1540.0,1485.0,1535.0,88730,0.0,0.0
2011-12-02 00:00:00+09:00,1505.0,1580.0,1505.0,1560.0,93355,0.0,0.0
2011-12-05 00:00:00+09:00,1575.0,1590.0,1555.0,1560.0,51018,0.0,0.0
2011-12-06 00:00:00+09:00,1565.0,1790.0,1550.0,1790.0,547228,0.0,0.0
2011-12-07 00:00:00+09:00,1820.0,2015.0,1755.0,1805.0,1592736,0.0,0.0
2011-12-08 00:00:00+09:00,1840.0,1890.0,1760.0,1890.0,689825,0.0,0.0
2011-12-09 00:00:00+09:00,1980.0,2040.0,1780.0,1860.0,1739834,0.0,0.0
2011-12-12 00:00:00+09:00,1905.0,1910.0,1800.0,1830.0,281953,0.0,0.0
2011-12-13 00:00:00+09:00,1815.0,1840.0,1680.0,1680.0,359169,0.0,0.0
2011-12-14 00:00:00+09:00,1675.0,1760.0,1675.0,1730.0,204290,0.0,0.0
2011-12-15 00:00:00+09:00,1700.0,1770.0,1625.0,1640.0,237903,0.0,0.0
2011-12-16 00:00:00+09:00,1710.0,1750.0,1645.0,1750.0,160148,0.0,0.0
2011-12-19 00:00:00+09:00,1790.0,1845.0,1590.0,1655.0,404463,0.0,0.0
2011-12-20 00:00:00+09:00,1665.0,1765.0,1665.0,1765.0,209514,0.0,0.0
2011-12-21 00:00:00+09:00,1785.0,1860.0,1775.0,1800.0,341113,0.0,0.0
2011-12-22 00:00:00+09:00,1800.0,2030.0,1785.0,1845.0,1265128,0.0,0.0
2011-12-23 00:00:00+09:00,1850.0,1950.0,1850.0,1900.0,581097,0.0,0.0
2011-12-26 00:00:00+09:00,1885.0,1950.0,1820.0,1825.0,258104,0.0,0.0
2011-12-27 00:00:00+09:00,1825.0,1850.0,1745.0,1800.0,282265,0.0,0.0
2011-12-28 00:00:00+09:00,1760.0,1840.0,1760.0,1825.0,171394,0.0,0.0
2011-12-29 00:00:00+09:00,1800.0,1960.0,1785.0,1900.0,407502,0.0,0.0
2012-01-02 00:00:00+09:00,2010.0,2185.0,2010.0,2185.0,3062254,0.0,0.0
2012-01-03 00:00:00+09:00,2290.0,2510.0,2225.0,2400.0,4021490,0.0,0.0
2012-01-04 00:00:00+09:00,2410.0,2675.0,2335.0,2450.0,3817155,0.0,0.0
2012-01-05 00:00:00+09:00,2500.0,2550.0,2345.0,2350.0,1907634,0.0,0.0
2012-01-06 00:00:00+09:00,2390.0,2510.0,2295.0,2400.0,1739353,0.0,0.0
2012-01-09 00:00:00+09:00,2350.0,2645.0,2350.0,2350.0,2463646,0.0,0.0
2012-01-10 00:00:00+09:00,2340.0,2450.0,2270.0,2300.0,1113203,0.0,0.0
2012-01-11 00:00:00+09:00,2340.0,2415.0,2270.0,2300.0,1192103,0.0,0.0
2012-01-12 00:00:00+09:00,2275.0,2360.0,2140.0,2185.0,858896,0.0,0.0
2012-01-13 00:00:00+09:00,2220.0,2275.0,2165.0,2200.0,593494,0.0,0.0
2012-01-16 00:00:00+09:00,2190.0,2360.0,2140.0,2305.0,1208013,0.0,0.0
2012-01-17 00:00:00+09:00,2350.0,2395.0,2300.0,2340.0,901806,0.0,0.0
2012-01-18 00:00:00+09:00,2380.0,2395.0,2225.0,2240.0,578744,0.0,0.0
2012-01-19 00:00:00+09:00,2355.0,2455.0,2275.0,2295.0,735296,0.0,0.0
2012-01-20 00:00:00+09:00,2370.0,2380.0,2240.0,2255.0,424612,0.0,0.0
2012-01-25 00:00:00+09:00,2305.0,2360.0,2290.0,2335.0,348456,0.0,0.0
2012-01-26 00:00:00+09:00,2380.0,2685.0,2320.0,2685.0,1540527,0.0,0.0
2012-01-27 00:00:00+09:00,2855.0,2870.0,2600.0,2605.0,3442483,0.0,0.0
2012-01-30 00:00:00+09:00,2630.0,2670.0,2490.0,2530.0,1278933,0.0,0.0
2012-01-31 00:00:00+09:00,2555.0,2590.0,2425.0,2495.0,1185501,0.0,0.0
2012-02-01 00:00:00+09:00,2495.0,2550.0,2435.0,2450.0,812266,0.0,0.0
2012-02-02 00:00:00+09:00,2455.0,2515.0,2425.0,2495.0,530642,0.0,0.0
2012-02-03 00:00:00+09:00,2520.0,2560.0,2470.0,2500.0,752703,0.0,0.0
2012-02-06 00:00:00+09:00,2570.0,2770.0,2555.0,2565.0,2148285,0.0,0.0
2012-02-07 00:00:00+09:00,2565.0,2610.0,2490.0,2545.0,548912,0.0,0.0
2012-02-08 00:00:00+09:00,2550.0,2590.0,2520.0,2535.0,481325,0.0,0.0
2012-02-09 00:00:00+09:00,2535.0,2565.0,2400.0,2425.0,527506,0.0,0.0
2012-02-10 00:00:00+09:00,2470.0,2470.0,2400.0,2445.0,245991,0.0,0.0
2012-02-13 00:00:00+09:00,2480.0,2700.0,2480.0,2580.0,1006228,0.0,0.0
2012-02-14 00:00:00+09:00,2560.0,2620.0,2505.0,2510.0,456276,0.0,0.0
2012-02-15 00:00:00+09:00,2515.0,2550.0,2490.0,2530.0,325356,0.0,0.0
2012-02-16 00:00:00+09:00,2555.0,2740.0,2535.0,2565.0,1033554,0.0,0.0
2012-02-17 00:00:00+09:00,2540.0,2550.0,2185.0,2205.0,1866504,0.0,0.0
2012-02-20 00:00:00+09:00,2200.0,2340.0,2150.0,2285.0,837100,0.0,0.0
2012-02-21 00:00:00+09:00,2285.0,2335.0,2225.0,2270.0,293607,0.0,0.0
2012-02-22 00:00:00+09:00,2260.0,2320.0,2250.0,2270.0,311356,0.0,0.0
2012-02-23 00:00:00+09:00,2295.0,2300.0,2260.0,2270.0,175237,0.0,0.0
2012-02-24 00:00:00+09:00,2290.0,2325.0,2270.0,2280.0,216321,0.0,0.0
2012-02-27 00:00:00+09:00,2270.0,2305.0,2190.0,2220.0,208335,0.0,0.0
2012-02-28 00:00:00+09:00,2240.0,2240.0,2010.0,2070.0,347386,0.0,0.0
2012-02-29 00:00:00+09:00,2095.0,2150.0,2030.0,2105.0,202939,0.0,0.0
2012-03-02 00:00:00+09:00,2145.0,2220.0,2110.0,2130.0,160931,0.0,0.0
2012-03-05 00:00:00+09:00,2195.0,2200.0,2135.0,2150.0,91542,0.0,0.0
2012-03-06 00:00:00+09:00,2170.0,2170.0,2045.0,2080.0,110675,0.0,0.0
2012-03-07 00:00:00+09:00,2035.0,2080.0,2030.0,2070.0,133726,0.0,0.0
2012-03-08 00:00:00+09:00,2205.0,2280.0,2125.0,2130.0,421139,0.0,0.0
2012-03-09 00:00:00+09:00,2150.0,2250.0,2130.0,2215.0,221650,0.0,0.0
2012-03-12 00:00:00+09:00,2215.0,2255.0,2175.0,2230.0,186803,0.0,0.0
2012-03-13 00:00:00+09:00,2250.0,2290.0,2175.0,2200.0,201944,0.0,0.0
2012-03-14 00:00:00+09:00,2170.0,2235.0,2170.0,2185.0,127162,0.0,0.0
2012-03-15 00:00:00+09:00,2185.0,2245.0,2165.0,2170.0,95750,0.0,0.0
2012-03-16 00:00:00+09:00,2165.0,2200.0,2150.0,2200.0,92480,0.0,0.0
2012-03-19 00:00:00+09:00,2200.0,2265.0,2180.0,2200.0,196509,0.0,0.0
2012-03-20 00:00:00+09:00,2230.0,2315.0,2185.0,2280.0,413061,0.0,0.0
2012-03-21 00:00:00+09:00,2290.0,2340.0,2185.0,2200.0,325208,0.0,0.0
2012-03-22 00:00:00+09:00,2180.0,2225.0,2070.0,2100.0,247235,0.0,0.0
2012-03-23 00:00:00+09:00,2070.0,2125.0,2035.0,2100.0,83440,0.0,0.0
2012-03-26 00:00:00+09:00,2140.0,2150.0,2065.0,2080.0,75415,0.0,0.0
2012-03-27 00:00:00+09:00,2120.0,2130.0,2025.0,2030.0,123341,0.0,0.0
2012-03-28 00:00:00+09:00,2055.0,2060.0,2010.0,2025.0,67003,0.0,0.0
2012-03-29 00:00:00+09:00,2025.0,2130.0,1940.0,1960.0,254132,0.0,0.0
2012-03-30 00:00:00+09:00,1985.0,2035.0,1915.0,1960.0,84706,0.0,0.0
2012-04-02 00:00:00+09:00,1980.0,2200.0,1980.0,2135.0,521938,0.0,0.0
2012-04-03 00:00:00+09:00,2140.0,2180.0,2045.0,2080.0,132362,0.0,0.0
2012-04-04 00:00:00+09:00,2070.0,2230.0,2055.0,2230.0,545209,0.0,0.0
2012-04-05 00:00:00+09:00,2185.0,2300.0,2115.0,2185.0,454914,0.0,0.0
2012-04-06 00:00:00+09:00,2185.0,2220.0,2100.0,2150.0,182661,0.0,0.0
2012-04-09 00:00:00+09:00,2050.0,2100.0,1940.0,1940.0,282045,0.0,0.0
2012-04-10 00:00:00+09:00,1910.0,2030.0,1910.0,1960.0,89869,0.0,0.0
2012-04-12 00:00:00+09:00,2165.0,2165.0,1970.0,2075.0,161810,0.0,0.0
2012-04-13 00:00:00+09:00,2035.0,2115.0,2035.0,2100.0,92927,0.0,0.0
2012-04-16 00:00:00+09:00,2110.0,2110.0,2050.0,2100.0,59654,0.0,0.0
2012-04-17 00:00:00+09:00,2100.0,2135.0,2075.0,2085.0,72318,0.0,0.0
2012-04-18 00:00:00+09:00,2070.0,2140.0,2070.0,2135.0,65447,0.0,0.0
2012-04-19 00:00:00+09:00,2105.0,2135.0,2055.0,2055.0,70312,0.0,0.0
2012-04-20 00:00:00+09:00,2055.0,2160.0,1995.0,2160.0,107403,0.0,0.0
2012-04-23 00:00:00+09:00,2220.0,2270.0,2140.0,2270.0,429347,0.0,0.0
2012-04-24 00:00:00+09:00,2215.0,2265.0,2155.0,2170.0,217875,0.0,0.0
2012-04-25 00:00:00+09:00,2205.0,2250.0,2100.0,2235.0,170811,0.0,0.0
2012-04-26 00:00:00+09:00,2200.0,2320.0,2130.0,2135.0,347657,0.0,0.0
2012-04-27 00:00:00+09:00,2150.0,2240.0,2150.0,2230.0,215370,0.0,0.0
2012-04-30 00:00:00+09:00,2280.0,2340.0,2200.0,2215.0,531214,0.0,0.0
2012-05-02 00:00:00+09:00,2255.0,2345.0,2220.0,2335.0,667715,0.0,0.0
2012-05-03 00:00:00+09:00,2365.0,2380.0,2250.0,2250.0,437391,0.0,0.0
2012-05-04 00:00:00+09:00,2270.0,2270.0,2140.0,2165.0,275923,0.0,0.0
2012-05-07 00:00:00+09:00,2160.0,2165.0,2100.0,2110.0,107647,0.0,0.0
2012-05-08 00:00:00+09:00,2115.0,2190.0,2085.0,2135.0,130675,0.0,0.0
2012-05-09 00:00:00+09:00,2130.0,2160.0,2070.0,2110.0,93385,0.0,0.0
2012-05-10 00:00:00+09:00,2130.0,2130.0,1995.0,2025.0,147226,0.0,0.0
2012-05-11 00:00:00+09:00,2060.0,2060.0,2015.0,2030.0,58933,0.0,0.0
2012-05-14 00:00:00+09:00,2010.0,2050.0,1980.0,2000.0,88871,0.0,0.0
2012-05-15 00:00:00+09:00,1980.0,1980.0,1850.0,1890.0,189583,0.0,0.0
2012-05-16 00:00:00+09:00,1860.0,1880.0,1770.0,1810.0,187945,0.0,0.0
2012-05-17 00:00:00+09:00,1765.0,1820.0,1760.0,1805.0,107263,0.0,0.0
2012-05-18 00:00:00+09:00,1780.0,1800.0,1700.0,1700.0,111544,0.0,0.0
2012-05-21 00:00:00+09:00,1700.0,1725.0,1670.0,1710.0,49808,0.0,0.0
2012-05-22 00:00:00+09:00,1710.0,1795.0,1710.0,1760.0,81110,0.0,0.0
2012-05-23 00:00:00+09:00,1735.0,1780.0,1710.0,1715.0,89241,0.0,0.0
2012-05-24 00:00:00+09:00,1715.0,1810.0,1700.0,1760.0,92848,0.0,0.0
2012-05-25 00:00:00+09:00,1770.0,1820.0,1730.0,1755.0,45342,0.0,0.0
2012-05-29 00:00:00+09:00,1735.0,1785.0,1715.0,1760.0,66551,0.0,0.0
2012-05-30 00:00:00+09:00,1760.0,1865.0,1760.0,1765.0,100120,0.0,0.0
2012-05-31 00:00:00+09:00,1770.0,1800.0,1720.0,1785.0,66339,0.0,0.0
2012-06-01 00:00:00+09:00,1775.0,1815.0,1715.0,1765.0,50133,0.0,0.0
2012-06-04 00:00:00+09:00,1705.0,1735.0,1625.0,1695.0,103922,0.0,0.0
2012-06-05 00:00:00+09:00,1695.0,1750.0,1640.0,1690.0,38674,0.0,0.0
2012-06-07 00:00:00+09:00,1715.0,1790.0,1715.0,1730.0,26695,0.0,0.0
2012-06-08 00:00:00+09:00,1740.0,1790.0,1740.0,1765.0,49383,0.0,0.0
2012-06-11 00:00:00+09:00,1765.0,1800.0,1750.0,1755.0,41955,0.0,0.0
2012-06-12 00:00:00+09:00,1755.0,1765.0,1695.0,1740.0,25188,0.0,0.0
2012-06-13 00:00:00+09:00,1825.0,1825.0,1725.0,1740.0,24753,0.0,0.0
2012-06-14 00:00:00+09:00,1715.0,1770.0,1715.0,1730.0,30782,0.0,0.0
2012-06-15 00:00:00+09:00,1735.0,1745.0,1475.0,1690.0,62091,0.0,0.0
2012-06-18 00:00:00+09:00,1705.0,1745.0,1680.0,1690.0,61975,0.0,0.0
2012-06-19 00:00:00+09:00,1715.0,1715.0,1625.0,1685.0,37084,0.0,0.0
2012-06-20 00:00:00+09:00,1695.0,1740.0,1695.0,1705.0,31170,0.0,0.0
2012-06-21 00:00:00+09:00,1705.0,1775.0,1705.0,1745.0,38909,0.0,0.0
2012-06-22 00:00:00+09:00,1710.0,1890.0,1640.0,1780.0,159915,0.0,0.0
2012-06-25 00:00:00+09:00,1780.0,1800.0,1715.0,1730.0,46879,0.0,0.0
2012-06-26 00:00:00+09:00,1720.0,1750.0,1690.0,1735.0,60567,0.0,0.0
2012-06-27 00:00:00+09:00,1745.0,1760.0,1710.0,1760.0,48740,0.0,0.0
2012-06-28 00:00:00+09:00,1760.0,1780.0,1725.0,1730.0,34870,0.0,0.0
2012-06-29 00:00:00+09:00,1730.0,1730.0,1670.0,1720.0,66329,0.0,0.0
2012-07-02 00:00:00+09:00,1735.0,1750.0,1680.0,1730.0,44653,0.0,0.0
2012-07-03 00:00:00+09:00,1735.0,1800.0,1720.0,1780.0,82564,0.0,0.0
2012-07-04 00:00:00+09:00,1800.0,1815.0,1760.0,1780.0,44828,0.0,0.0
2012-07-05 00:00:00+09:00,1800.0,1880.0,1770.0,1845.0,134490,0.0,0.0
2012-07-06 00:00:00+09:00,1845.0,1845.0,1760.0,1795.0,46488,0.0,0.0
2012-07-09 00:00:00+09:00,1800.0,1815.0,1745.0,1750.0,38162,0.0,0.0
2012-07-10 00:00:00+09:00,1750.0,1795.0,1730.0,1795.0,91838,0.0,0.0
2012-07-11 00:00:00+09:00,1950.0,1970.0,1795.0,1795.0,260900,0.0,0.0
2012-07-12 00:00:00+09:00,1775.0,1835.0,1740.0,1755.0,122907,0.0,0.0
2012-07-13 00:00:00+09:00,1780.0,1805.0,1675.0,1805.0,63278,0.0,0.0
2012-07-16 00:00:00+09:00,1830.0,1915.0,1770.0,1845.0,99155,0.0,0.0
2012-07-17 00:00:00+09:00,1840.0,1850.0,1780.0,1810.0,23137,0.0,0.0
2012-07-18 00:00:00+09:00,1815.0,1880.0,1790.0,1865.0,130977,0.0,0.0
2012-07-19 00:00:00+09:00,1950.0,2035.0,1890.0,2010.0,501912,0.0,0.0
2012-07-20 00:00:00+09:00,2035.0,2310.0,2035.0,2170.0,1727339,0.0,0.0
2012-07-23 00:00:00+09:00,2200.0,2290.0,2075.0,2135.0,655240,0.0,0.0
2012-07-24 00:00:00+09:00,2125.0,2125.0,1925.0,1970.0,395860,0.0,0.0
2012-07-25 00:00:00+09:00,1950.0,2040.0,1835.0,1950.0,344527,0.0,0.0
2012-07-26 00:00:00+09:00,1970.0,2050.0,1940.0,1970.0,175209,0.0,0.0
2012-07-27 00:00:00+09:00,1990.0,2150.0,1980.0,2050.0,417612,0.0,0.0
2012-07-30 00:00:00+09:00,2105.0,2105.0,1950.0,1990.0,221904,0.0,0.0
2012-07-31 00:00:00+09:00,1985.0,2065.0,1945.0,2060.0,211101,0.0,0.0
2012-08-01 00:00:00+09:00,2120.0,2120.0,2010.0,2035.0,131001,0.0,0.0
2012-08-02 00:00:00+09:00,2030.0,2075.0,1990.0,2040.0,137169,0.0,0.0
2012-08-03 00:00:00+09:00,1975.0,2055.0,1965.0,1970.0,100124,0.0,0.0
2012-08-06 00:00:00+09:00,1980.0,1995.0,1860.0,1900.0,261416,0.0,0.0
2012-08-07 00:00:00+09:00,1910.0,1910.0,1860.0,1865.0,235835,0.0,0.0
2012-08-08 00:00:00+09:00,1855.0,1900.0,1855.0,1900.0,164266,0.0,0.0
2012-08-09 00:00:00+09:00,1900.0,1910.0,1845.0,1880.0,163014,0.0,0.0
2012-08-10 00:00:00+09:00,1860.0,1910.0,1860.0,1885.0,164861,0.0,0.0
2012-08-13 00:00:00+09:00,1905.0,1925.0,1865.0,1895.0,141220,0.0,0.0
2012-08-14 00:00:00+09:00,1915.0,1980.0,1890.0,1935.0,423601,0.0,0.0
2012-08-16 00:00:00+09:00,1930.0,1935.0,1890.0,1900.0,123409,0.0,0.0
2012-08-17 00:00:00+09:00,1925.0,2185.0,1920.0,2185.0,923385,0.0,0.0
2012-08-20 00:00:00+09:00,2370.0,2510.0,2265.0,2510.0,4830839,0.0,0.0
2012-08-21 00:00:00+09:00,2490.0,2630.0,2445.0,2490.0,4252841,0.0,0.0
2012-08-22 00:00:00+09:00,2510.0,2590.0,2465.0,2535.0,2326912,0.0,0.0
2012-08-23 00:00:00+09:00,2565.0,2595.0,2380.0,2400.0,2150073,0.0,0.0
2012-08-24 00:00:00+09:00,2425.0,2485.0,2335.0,2380.0,1293559,0.0,0.0
2012-08-27 00:00:00+09:00,2400.0,2520.0,2350.0,2505.0,2300251,0.0,0.0
2012-08-28 00:00:00+09:00,2500.0,2500.0,2375.0,2420.0,1098582,0.0,0.0
2012-08-29 00:00:00+09:00,2415.0,2515.0,2400.0,2505.0,1324762,0.0,0.0
2012-08-30 00:00:00+09:00,2570.0,2580.0,2275.0,2310.0,2420081,0.0,0.0
2012-08-31 00:00:00+09:00,2285.0,2340.0,2270.0,2290.0,421795,0.0,0.0
2012-09-03 00:00:00+09:00,2320.0,2340.0,2290.0,2305.0,286362,0.0,0.0
2012-09-04 00:00:00+09:00,2335.0,2335.0,2235.0,2260.0,325831,0.0,0.0
2012-09-05 00:00:00+09:00,2275.0,2520.0,2100.0,2100.0,2920853,0.0,0.0
2012-09-06 00:00:00+09:00,2100.0,2175.0,2050.0,2120.0,477460,0.0,0.0
2012-09-07 00:00:00+09:00,2125.0,2165.0,2065.0,2155.0,373649,0.0,0.0
2012-09-10 00:00:00+09:00,2150.0,2200.0,2115.0,2170.0,341534,0.0,0.0
2012-09-11 00:00:00+09:00,2185.0,2190.0,2110.0,2175.0,237190,0.0,0.0
2012-09-12 00:00:00+09:00,2210.0,2235.0,2120.0,2120.0,291805,0.0,0.0
2012-09-13 00:00:00+09:00,2125.0,2205.0,2080.0,2180.0,512821,0.0,0.0
2012-09-14 00:00:00+09:00,2200.0,2290.0,2180.0,2230.0,647246,0.0,0.0
2012-09-17 00:00:00+09:00,2260.0,2275.0,2140.0,2200.0,411322,0.0,0.0
2012-09-18 00:00:00+09:00,2215.0,2215.0,2135.0,2140.0,319474,0.0,0.0
2012-09-19 00:00:00+09:00,2140.0,2175.0,2080.0,2140.0,413750,0.0,0.0
2012-09-20 00:00:00+09:00,2165.0,2170.0,2105.0,2125.0,208708,0.0,0.0
2012-09-21 00:00:00+09:00,2115.0,2140.0,2085.0,2125.0,264552,0.0,0.0
2012-09-24 00:00:00+09:00,2160.0,2435.0,2130.0,2295.0,2226540,0.0,0.0
2012-09-25 00:00:00+09:00,2270.0,2270.0,2100.0,2130.0,801256,0.0,0.0
2012-09-26 00:00:00+09:00,2110.0,2120.0,2050.0,2120.0,277849,0.0,0.0
2012-09-27 00:00:00+09:00,2105.0,2130.0,1975.0,2070.0,369195,0.0,0.0
2012-09-28 00:00:00+09:00,2070.0,2100.0,2015.0,2070.0,117069,0.0,0.0
2012-10-02 00:00:00+09:00,2070.0,2070.0,2000.0,2010.0,174967,0.0,0.0
2012-10-04 00:00:00+09:00,2000.0,2085.0,2000.0,2060.0,189070,0.0,0.0
2012-10-05 00:00:00+09:00,2060.0,2070.0,2035.0,2050.0,136091,0.0,0.0
2012-10-08 00:00:00+09:00,2050.0,2065.0,2015.0,2025.0,121131,0.0,0.0
2012-10-09 00:00:00+09:00,2035.0,2100.0,2020.0,2065.0,187023,0.0,0.0
2012-10-10 00:00:00+09:00,2075.0,2205.0,2065.0,2115.0,561227,0.0,0.0
2012-10-11 00:00:00+09:00,2170.0,2180.0,2100.0,2150.0,310577,0.0,0.0
2012-10-12 00:00:00+09:00,2190.0,2225.0,2150.0,2215.0,378824,0.0,0.0
2012-10-15 00:00:00+09:00,2215.0,2215.0,2000.0,2100.0,436052,0.0,0.0
2012-10-16 00:00:00+09:00,2100.0,2125.0,2020.0,2090.0,171939,0.0,0.0
2012-10-17 00:00:00+09:00,2095.0,2325.0,2065.0,2120.0,1086997,0.0,0.0
2012-10-18 00:00:00+09:00,2180.0,2310.0,2115.0,2160.0,1498653,0.0,0.0
2012-10-19 00:00:00+09:00,2160.0,2160.0,2040.0,2100.0,260815,0.0,0.0
2012-10-22 00:00:00+09:00,2070.0,2130.0,2020.0,2085.0,218411,0.0,0.0
2012-10-23 00:00:00+09:00,2085.0,2100.0,2025.0,2035.0,278110,0.0,0.0
2012-10-24 00:00:00+09:00,2025.0,2170.0,1990.0,2100.0,309540,0.0,0.0
2012-10-25 00:00:00+09:00,2090.0,2230.0,2060.0,2200.0,883710,0.0,0.0
2012-10-26 00:00:00+09:00,2225.0,2280.0,2155.0,2200.0,553059,0.0,0.0
2012-10-29 00:00:00+09:00,2220.0,2270.0,2140.0,2140.0,347012,0.0,0.0
2012-10-30 00:00:00+09:00,2130.0,2235.0,2090.0,2235.0,382409,0.0,0.0
2012-10-31 00:00:00+09:00,2220.0,2270.0,2195.0,2245.0,367408,0.0,0.0
2012-11-01 00:00:00+09:00,2245.0,2255.0,2170.0,2170.0,247834,0.0,0.0
2012-11-02 00:00:00+09:00,2175.0,2305.0,2170.0,2290.0,653477,0.0,0.0
2012-11-05 00:00:00+09:00,2330.0,2550.0,2330.0,2390.0,2125304,0.0,0.0
2012-11-06 00:00:00+09:00,2490.0,2745.0,2480.0,2745.0,4131575,0.0,0.0
2012-11-07 00:00:00+09:00,2950.0,3155.0,2880.0,2885.0,6174050,0.0,0.0
2012-11-08 00:00:00+09:00,2865.0,3015.0,2815.0,2990.0,2478695,0.0,0.0
2012-11-09 00:00:00+09:00,2920.0,2950.0,2760.0,2850.0,1287035,0.0,0.0
2012-11-12 00:00:00+09:00,2890.0,3005.0,2800.0,2800.0,1351314,0.0,0.0
2012-11-13 00:00:00+09:00,2800.0,2810.0,2650.0,2710.0,1435562,0.0,0.0
2012-11-14 00:00:00+09:00,2740.0,2750.0,2595.0,2670.0,1102834,0.0,0.0
2012-11-15 00:00:00+09:00,2600.0,2615.0,2460.0,2555.0,758493,0.0,0.0
2012-11-16 00:00:00+09:00,2570.0,2630.0,2485.0,2625.0,833229,0.0,0.0
2012-11-19 00:00:00+09:00,2620.0,2650.0,2530.0,2650.0,611605,0.0,0.0
2012-11-20 00:00:00+09:00,2700.0,2735.0,2560.0,2640.0,962568,0.0,0.0
2012-11-21 00:00:00+09:00,2655.0,2680.0,2545.0,2630.0,382794,0.0,0.0
2012-11-22 00:00:00+09:00,2685.0,2805.0,2630.0,2790.0,1071797,0.0,0.0
2012-11-23 00:00:00+09:00,2845.0,2845.0,2720.0,2765.0,533538,0.0,0.0
2012-11-26 00:00:00+09:00,2745.0,2750.0,2630.0,2675.0,394600,0.0,0.0
2012-11-27 00:00:00+09:00,2720.0,2825.0,2630.0,2690.0,1024859,0.0,0.0
2012-11-28 00:00:00+09:00,2715.0,2740.0,2480.0,2480.0,669603,0.0,0.0
2012-11-29 00:00:00+09:00,2450.0,2515.0,2390.0,2430.0,304569,0.0,0.0
2012-11-30 00:00:00+09:00,2450.0,2490.0,2385.0,2405.0,207517,0.0,0.0
2012-12-03 00:00:00+09:00,2450.0,2520.0,2415.0,2500.0,433883,0.0,0.0
2012-12-04 00:00:00+09:00,2500.0,2500.0,2380.0,2405.0,260047,0.0,0.0
2012-12-05 00:00:00+09:00,2415.0,2480.0,2325.0,2480.0,303563,0.0,0.0
2012-12-06 00:00:00+09:00,2415.0,2515.0,2405.0,2470.0,169298,0.0,0.0
2012-12-07 00:00:00+09:00,2455.0,2590.0,2420.0,2525.0,202379,0.0,0.0
2012-12-10 00:00:00+09:00,2520.0,2575.0,2450.0,2470.0,108789,0.0,0.0
2012-12-11 00:00:00+09:00,2435.0,2470.0,2365.0,2470.0,254814,0.0,0.0
2012-12-12 00:00:00+09:00,2505.0,2525.0,2410.0,2440.0,116229,0.0,0.0
2012-12-13 00:00:00+09:00,2440.0,2570.0,2440.0,2525.0,199577,0.0,0.0
2012-12-14 00:00:00+09:00,2525.0,2560.0,2425.0,2480.0,135685,0.0,0.0
2012-12-17 00:00:00+09:00,2450.0,2555.0,2450.0,2555.0,303853,0.0,0.0
2012-12-18 00:00:00+09:00,2555.0,2820.0,2510.0,2550.0,1058990,0.0,0.0
2012-12-20 00:00:00+09:00,2575.0,2575.0,2465.0,2465.0,205009,0.0,0.0
2012-12-21 00:00:00+09:00,2495.0,2495.0,2310.0,2370.0,285041,0.0,0.0
2012-12-24 00:00:00+09:00,2330.0,2450.0,2310.0,2335.0,150643,0.0,0.0
2012-12-26 00:00:00+09:00,2335.0,2395.0,2300.0,2300.0,100838,0.0,0.0
2012-12-27 00:00:00+09:00,2300.0,2345.0,2285.0,2310.0,100313,0.0,0.0
2012-12-28 00:00:00+09:00,2335.0,2415.0,2320.0,2385.0,103729,0.0,0.0
2013-01-02 00:00:00+09:00,2435.0,2435.0,2365.0,2415.0,95111,0.0,0.0
2013-01-03 00:00:00+09:00,2455.0,2470.0,2345.0,2435.0,191757,0.0,0.0
2013-01-04 00:00:00+09:00,2420.0,2505.0,2400.0,2490.0,257158,0.0,0.0
2013-01-07 00:00:00+09:00,2465.0,2490.0,2410.0,2460.0,232848,0.0,0.0
2013-01-08 00:00:00+09:00,2440.0,2520.0,2410.0,2520.0,339883,0.0,0.0
2013-01-09 00:00:00+09:00,2515.0,2550.0,2450.0,2500.0,241319,0.0,0.0
2013-01-10 00:00:00+09:00,2460.0,2540.0,2340.0,2340.0,260677,0.0,0.0
2013-01-11 00:00:00+09:00,2310.0,2420.0,2290.0,2415.0,379834,0.0,0.0
2013-01-14 00:00:00+09:00,2420.0,2530.0,2365.0,2530.0,348977,0.0,0.0
2013-01-15 00:00:00+09:00,2485.0,2585.0,2485.0,2560.0,234041,0.0,0.0
2013-01-16 00:00:00+09:00,2565.0,2620.0,2485.0,2560.0,215021,0.0,0.0
2013-01-17 00:00:00+09:00,2560.0,2615.0,2485.0,2515.0,150760,0.0,0.0
2013-01-18 00:00:00+09:00,2515.0,2560.0,2455.0,2490.0,133674,0.0,0.0
2013-01-21 00:00:00+09:00,2500.0,2685.0,2500.0,2570.0,340774,0.0,0.0
2013-01-22 00:00:00+09:00,2690.0,2860.0,2645.0,2845.0,1077216,0.0,0.0
2013-01-23 00:00:00+09:00,2845.0,2845.0,2725.0,2750.0,368996,0.0,0.0
2013-01-24 00:00:00+09:00,2775.0,2955.0,2730.0,2885.0,762233,0.0,0.0
2013-01-25 00:00:00+09:00,2835.0,2900.0,2760.0,2800.0,352694,0.0,0.0
2013-01-28 00:00:00+09:00,2855.0,2875.0,2605.0,2610.0,395190,0.0,0.0
2013-01-29 00:00:00+09:00,2565.0,2725.0,2565.0,2670.0,271452,0.0,0.0
2013-01-30 00:00:00+09:00,2725.0,2725.0,2630.0,2660.0,147158,0.0,0.0
2013-01-31 00:00:00+09:00,2630.0,2870.0,2610.0,2805.0,271690,0.0,0.0
2013-02-01 00:00:00+09:00,2800.0,3050.0,2775.0,2775.0,2199838,0.0,0.0
2013-02-04 00:00:00+09:00,2770.0,2995.0,2750.0,2915.0,1325657,0.0,0.0
2013-02-05 00:00:00+09:00,2895.0,2920.0,2695.0,2805.0,880070,0.0,0.0
2013-02-06 00:00:00+09:00,2810.0,2925.0,2795.0,2925.0,478520,0.0,0.0
2013-02-07 00:00:00+09:00,2895.0,2975.0,2860.0,2950.0,622870,0.0,0.0
2013-02-08 00:00:00+09:00,2915.0,3030.0,2845.0,2975.0,404402,0.0,0.0
2013-02-12 00:00:00+09:00,2975.0,3100.0,2950.0,3095.0,1005365,0.0,0.0
2013-02-13 00:00:00+09:00,3080.0,3150.0,3025.0,3150.0,639348,0.0,0.0
2013-02-14 00:00:00+09:00,3075.0,3125.0,3035.0,3125.0,516162,0.0,0.0
2013-02-15 00:00:00+09:00,3050.0,3085.0,2870.0,2925.0,971522,0.0,0.0
2013-02-18 00:00:00+09:00,2900.0,2985.0,2855.0,2950.0,325017,0.0,0.0
2013-02-19 00:00:00+09:00,2995.0,2995.0,2895.0,2910.0,201063,0.0,0.0
2013-02-20 00:00:00+09:00,2930.0,2930.0,2720.0,2760.0,655412,0.0,0.0
2013-02-21 00:00:00+09:00,2785.0,2795.0,2670.0,2670.0,407956,0.0,0.0
2013-02-22 00:00:00+09:00,2700.0,2840.0,2670.0,2780.0,362958,0.0,0.0
2013-02-25 00:00:00+09:00,2795.0,2810.0,2725.0,2740.0,136153,0.0,0.0
2013-02-26 00:00:00+09:00,2740.0,2850.0,2680.0,2740.0,302609,0.0,0.0
2013-02-27 00:00:00+09:00,2775.0,2820.0,2710.0,2810.0,183405,0.0,0.0
2013-02-28 00:00:00+09:00,2810.0,3065.0,2790.0,2930.0,734455,0.0,0.0
2013-03-04 00:00:00+09:00,2925.0,3085.0,2800.0,2930.0,1267464,0.0,0.0
2013-03-05 00:00:00+09:00,2965.0,3105.0,2925.0,3050.0,845848,0.0,0.0
2013-03-06 00:00:00+09:00,3100.0,3140.0,2980.0,3085.0,686940,0.0,0.0
2013-03-07 00:00:00+09:00,3095.0,3155.0,2940.0,2970.0,864594,0.0,0.0
2013-03-08 00:00:00+09:00,3005.0,3030.0,2885.0,2935.0,294780,0.0,0.0
2013-03-11 00:00:00+09:00,2890.0,3040.0,2815.0,2985.0,447260,0.0,0.0
2013-03-12 00:00:00+09:00,2990.0,3080.0,2990.0,3055.0,282644,0.0,0.0
2013-03-13 00:00:00+09:00,3070.0,3125.0,2995.0,3020.0,258824,0.0,0.0
2013-03-14 00:00:00+09:00,3010.0,3235.0,2990.0,3235.0,734630,0.0,0.0
2013-03-15 00:00:00+09:00,3245.0,3275.0,3110.0,3220.0,396019,0.0,0.0
2013-03-18 00:00:00+09:00,3250.0,3270.0,3110.0,3120.0,278372,0.0,0.0
2013-03-19 00:00:00+09:00,3150.0,3240.0,3090.0,3220.0,335784,0.0,0.0
2013-03-20 00:00:00+09:00,3220.0,3240.0,3035.0,3180.0,346930,0.0,0.0
2013-03-21 00:00:00+09:00,3200.0,3275.0,3115.0,3185.0,294816,0.0,0.0
2013-03-22 00:00:00+09:00,3135.0,3335.0,3135.0,3265.0,590571,0.0,0.0
2013-03-25 00:00:00+09:00,3300.0,3360.0,3260.0,3330.0,260524,0.0,0.0
2013-03-26 00:00:00+09:00,3285.0,3310.0,3170.0,3195.0,347465,0.0,0.0
2013-03-27 00:00:00+09:00,3190.0,3220.0,3110.0,3175.0,243968,0.0,0.0
2013-03-28 00:00:00+09:00,3175.0,3250.0,3110.0,3185.0,120871,0.0,0.0
2013-03-29 00:00:00+09:00,3155.0,3265.0,3155.0,3230.0,253550,0.0,0.0
2013-04-01 00:00:00+09:00,3230.0,3260.0,3010.0,3045.0,456718,0.0,0.0
2013-04-02 00:00:00+09:00,3050.0,3090.0,2940.0,2975.0,277857,0.0,0.0
2013-04-03 00:00:00+09:00,2890.0,3085.0,2890.0,2995.0,269301,0.0,0.0
2013-04-04 00:00:00+09:00,3000.0,3035.0,2805.0,2970.0,231338,0.0,0.0
2013-04-05 00:00:00+09:00,2945.0,2955.0,2790.0,2875.0,261987,0.0,0.0
2013-04-08 00:00:00+09:00,2900.0,2915.0,2800.0,2815.0,116990,0.0,0.0
2013-04-09 00:00:00+09:00,2765.0,2850.0,2725.0,2730.0,178489,0.0,0.0
2013-04-10 00:00:00+09:00,2730.0,2815.0,2730.0,2775.0,98151,0.0,0.0
2013-04-11 00:00:00+09:00,2820.0,2880.0,2800.0,2880.0,92058,0.0,0.0
2013-04-12 00:00:00+09:00,2940.0,2940.0,2710.0,2825.0,146259,0.0,0.0
2013-04-15 00:00:00+09:00,2800.0,2855.0,2765.0,2800.0,96395,0.0,0.0
2013-04-16 00:00:00+09:00,2755.0,2805.0,2700.0,2700.0,267755,0.0,0.0
2013-04-17 00:00:00+09:00,2745.0,2745.0,2530.0,2610.0,307513,0.0,0.0
2013-04-18 00:00:00+09:00,2605.0,2635.0,2410.0,2460.0,359436,0.0,0.0
2013-04-19 00:00:00+09:00,2475.0,2485.0,2300.0,2330.0,370466,0.0,0.0
2013-04-22 00:00:00+09:00,2330.0,2400.0,2330.0,2350.0,184183,0.0,0.0
2013-04-23 00:00:00+09:00,2350.0,2400.0,2345.0,2360.0,153337,0.0,0.0
2013-04-24 00:00:00+09:00,2380.0,2540.0,2380.0,2490.0,375383,0.0,0.0
2013-04-25 00:00:00+09:00,2500.0,2510.0,2410.0,2440.0,151232,0.0,0.0
2013-04-26 00:00:00+09:00,2475.0,2550.0,2415.0,2515.0,224522,0.0,0.0
2013-04-29 00:00:00+09:00,2580.0,2800.0,2580.0,2610.0,657800,0.0,0.0
2013-04-30 00:00:00+09:00,2645.0,2680.0,2550.0,2590.0,163310,0.0,0.0
2013-05-02 00:00:00+09:00,2600.0,2630.0,2550.0,2600.0,86466,0.0,0.0
2013-05-03 00:00:00+09:00,2580.0,2615.0,2500.0,2560.0,125480,0.0,0.0
2013-05-06 00:00:00+09:00,2580.0,2610.0,2490.0,2515.0,152196,0.0,0.0
2013-05-07 00:00:00+09:00,2545.0,2545.0,2460.0,2515.0,83953,0.0,0.0
2013-05-08 00:00:00+09:00,2510.0,2530.0,2450.0,2485.0,242415,0.0,0.0
2013-05-09 00:00:00+09:00,2480.0,2530.0,2470.0,2520.0,116647,0.0,0.0
2013-05-10 00:00:00+09:00,2520.0,2540.0,2490.0,2535.0,66235,0.0,0.0
2013-05-13 00:00:00+09:00,2580.0,2595.0,2460.0,2460.0,148229,0.0,0.0
2013-05-14 00:00:00+09:00,2465.0,2535.0,2415.0,2465.0,110467,0.0,0.0
2013-05-15 00:00:00+09:00,2525.0,2525.0,2450.0,2490.0,51570,0.0,0.0
2013-05-16 00:00:00+09:00,2510.0,2590.0,2450.0,2555.0,161895,0.0,0.0
2013-05-20 00:00:00+09:00,2590.0,2605.0,2555.0,2575.0,136335,0.0,0.0
2013-05-21 00:00:00+09:00,2595.0,2595.0,2510.0,2540.0,101851,0.0,0.0
2013-05-22 00:00:00+09:00,2525.0,2575.0,2525.0,2565.0,62055,0.0,0.0
2013-05-23 00:00:00+09:00,2565.0,2585.0,2490.0,2510.0,45638,0.0,0.0
2013-05-24 00:00:00+09:00,2485.0,2570.0,2480.0,2500.0,110221,0.0,0.0
2013-05-27 00:00:00+09:00,2510.0,2535.0,2420.0,2420.0,132100,0.0,0.0
2013-05-28 00:00:00+09:00,2425.0,2500.0,2425.0,2480.0,76958,0.0,0.0
2013-05-29 00:00:00+09:00,2490.0,2550.0,2470.0,2470.0,74290,0.0,0.0
2013-05-30 00:00:00+09:00,2470.0,2540.0,2460.0,2490.0,64795,0.0,0.0
2013-05-31 00:00:00+09:00,2490.0,2530.0,2400.0,2445.0,109846,0.0,0.0
2013-06-03 00:00:00+09:00,2440.0,2440.0,2400.0,2410.0,73897,0.0,0.0
2013-06-04 00:00:00+09:00,2410.0,2460.0,2340.0,2410.0,87440,0.0,0.0
2013-06-05 00:00:00+09:00,2415.0,2465.0,2280.0,2335.0,147036,0.0,0.0
2013-06-07 00:00:00+09:00,2360.0,2370.0,2205.0,2225.0,162155,0.0,0.0
2013-06-10 00:00:00+09:00,2240.0,2270.0,2210.0,2225.0,78144,0.0,0.0
2013-06-11 00:00:00+09:00,2250.0,2285.0,2160.0,2195.0,120564,0.0,0.0
2013-06-12 00:00:00+09:00,2195.0,2220.0,2075.0,2080.0,144548,0.0,0.0
2013-06-13 00:00:00+09:00,2050.0,2080.0,1975.0,1995.0,237716,0.0,0.0
2013-06-14 00:00:00+09:00,2040.0,2055.0,1980.0,2000.0,62161,0.0,0.0
2013-06-17 00:00:00+09:00,2025.0,2035.0,1930.0,1965.0,81324,0.0,0.0
2013-06-18 00:00:00+09:00,1985.0,1990.0,1900.0,1950.0,110990,0.0,0.0
2013-06-19 00:00:00+09:00,1960.0,2000.0,1935.0,2000.0,66776,0.0,0.0
2013-06-20 00:00:00+09:00,1990.0,2080.0,1930.0,2040.0,109840,0.0,0.0
2013-06-21 00:00:00+09:00,1990.0,2060.0,1930.0,2055.0,144060,0.0,0.0
2013-06-24 00:00:00+09:00,2070.0,2080.0,2000.0,2010.0,58362,0.0,0.0
2013-06-25 00:00:00+09:00,2010.0,2020.0,1825.0,1825.0,100849,0.0,0.0
2013-06-26 00:00:00+09:00,1895.0,1925.0,1840.0,1910.0,45455,0.0,0.0
2013-06-27 00:00:00+09:00,1940.0,1970.0,1900.0,1970.0,74900,0.0,0.0
2013-06-28 00:00:00+09:00,1985.0,2060.0,1960.0,2035.0,37033,0.0,0.0
2013-07-01 00:00:00+09:00,2070.0,2070.0,2020.0,2055.0,29947,0.0,0.0
2013-07-02 00:00:00+09:00,2070.0,2090.0,2030.0,2065.0,18135,0.0,0.0
2013-07-03 00:00:00+09:00,2075.0,2075.0,1960.0,2055.0,36041,0.0,0.0
2013-07-04 00:00:00+09:00,2065.0,2065.0,1955.0,1995.0,63860,0.0,0.0
2013-07-05 00:00:00+09:00,2065.0,2065.0,1955.0,1980.0,64339,0.0,0.0
2013-07-08 00:00:00+09:00,1950.0,2030.0,1950.0,2000.0,31279,0.0,0.0
2013-07-09 00:00:00+09:00,2000.0,2000.0,1960.0,1975.0,19629,0.0,0.0
2013-07-10 00:00:00+09:00,1995.0,2010.0,1955.0,1980.0,22357,0.0,0.0
2013-07-11 00:00:00+09:00,1990.0,2025.0,1990.0,2000.0,24034,0.0,0.0
2013-07-12 00:00:00+09:00,2040.0,2040.0,1990.0,2020.0,33945,0.0,0.0
2013-07-15 00:00:00+09:00,2020.0,2040.0,1960.0,1990.0,60887,0.0,0.0
2013-07-16 00:00:00+09:00,2015.0,2015.0,1960.0,1990.0,43580,0.0,0.0
2013-07-17 00:00:00+09:00,2000.0,2010.0,1975.0,2005.0,34419,0.0,0.0
2013-07-18 00:00:00+09:00,2005.0,2005.0,1980.0,1980.0,60978,0.0,0.0
2013-07-19 00:00:00+09:00,2010.0,2010.0,1940.0,1970.0,38957,0.0,0.0
2013-07-22 00:00:00+09:00,1955.0,1990.0,1955.0,1955.0,32199,0.0,0.0
2013-07-23 00:00:00+09:00,1955.0,2025.0,1950.0,2025.0,81411,0.0,0.0
2013-07-24 00:00:00+09:00,2015.0,2055.0,2000.0,2005.0,59836,0.0,0.0
2013-07-25 00:00:00+09:00,2045.0,2080.0,2005.0,2065.0,85697,0.0,0.0
2013-07-26 00:00:00+09:00,2060.0,2090.0,2025.0,2070.0,57347,0.0,0.0
2013-07-29 00:00:00+09:00,2070.0,2180.0,2070.0,2095.0,101993,0.0,0.0
2013-07-30 00:00:00+09:00,2085.0,2135.0,2080.0,2100.0,55839,0.0,0.0
2013-07-31 00:00:00+09:00,2135.0,2150.0,2095.0,2105.0,41296,0.0,0.0
2013-08-01 00:00:00+09:00,2140.0,2140.0,2070.0,2075.0,74057,0.0,0.0
2013-08-02 00:00:00+09:00,2075.0,2125.0,2075.0,2100.0,25545,0.0,0.0
2013-08-05 00:00:00+09:00,2100.0,2135.0,2070.0,2125.0,24134,0.0,0.0
2013-08-06 00:00:00+09:00,2130.0,2230.0,2100.0,2175.0,99785,0.0,0.0
2013-08-07 00:00:00+09:00,2175.0,2340.0,2175.0,2280.0,254840,0.0,0.0
2013-08-08 00:00:00+09:00,2300.0,2325.0,2210.0,2255.0,89414,0.0,0.0
2013-08-09 00:00:00+09:00,2290.0,2290.0,2070.0,2250.0,63403,0.0,0.0
2013-08-12 00:00:00+09:00,2240.0,2240.0,2155.0,2205.0,50377,0.0,0.0
2013-08-13 00:00:00+09:00,2190.0,2220.0,2095.0,2145.0,152224,0.0,0.0
2013-08-14 00:00:00+09:00,2235.0,2360.0,2085.0,2300.0,363297,0.0,0.0
2013-08-16 00:00:00+09:00,2260.0,2380.0,2215.0,2305.0,135439,0.0,0.0
2013-08-19 00:00:00+09:00,2365.0,2365.0,2205.0,2270.0,106267,0.0,0.0
2013-08-20 00:00:00+09:00,2285.0,2285.0,2180.0,2210.0,111229,0.0,0.0
2013-08-21 00:00:00+09:00,2260.0,2260.0,2140.0,2145.0,78448,0.0,0.0
2013-08-22 00:00:00+09:00,2140.0,2170.0,1970.0,2035.0,231515,0.0,0.0
2013-08-23 00:00:00+09:00,2075.0,2075.0,2000.0,2035.0,83236,0.0,0.0
2013-08-26 00:00:00+09:00,2040.0,2075.0,2000.0,2050.0,65195,0.0,0.0
2013-08-27 00:00:00+09:00,2050.0,2050.0,2000.0,2015.0,40048,0.0,0.0
2013-08-28 00:00:00+09:00,1990.0,1990.0,1935.0,1965.0,66042,0.0,0.0
2013-08-29 00:00:00+09:00,1980.0,2035.0,1980.0,2035.0,44060,0.0,0.0
2013-08-30 00:00:00+09:00,1960.0,1990.0,1730.0,1730.0,1055896,0.0,0.0
2013-09-02 00:00:00+09:00,1665.0,1730.0,1600.0,1730.0,493312,0.0,0.0
2013-09-03 00:00:00+09:00,1735.0,1765.0,1680.0,1710.0,139763,0.0,0.0
2013-09-04 00:00:00+09:00,1740.0,1745.0,1625.0,1740.0,162078,0.0,0.0
2013-09-05 00:00:00+09:00,1740.0,1790.0,1695.0,1785.0,125487,0.0,0.0
2013-09-06 00:00:00+09:00,1780.0,1810.0,1720.0,1740.0,123653,0.0,0.0
2013-09-09 00:00:00+09:00,1765.0,1765.0,1695.0,1735.0,62762,0.0,0.0
2013-09-10 00:00:00+09:00,1740.0,1740.0,1645.0,1675.0,214751,0.0,0.0
2013-09-11 00:00:00+09:00,1690.0,1720.0,1665.0,1720.0,84348,0.0,0.0
2013-09-12 00:00:00+09:00,1700.0,1735.0,1685.0,1710.0,82106,0.0,0.0
2013-09-13 00:00:00+09:00,1700.0,1735.0,1650.0,1670.0,136301,0.0,0.0
2013-09-16 00:00:00+09:00,1685.0,1710.0,1660.0,1680.0,34465,0.0,0.0
2013-09-17 00:00:00+09:00,1690.0,1710.0,1665.0,1690.0,45633,0.0,0.0
2013-09-23 00:00:00+09:00,1700.0,1710.0,1670.0,1680.0,50754,0.0,0.0
2013-09-24 00:00:00+09:00,1705.0,1705.0,1650.0,1660.0,60377,0.0,0.0
2013-09-25 00:00:00+09:00,1660.0,1690.0,1655.0,1660.0,36133,0.0,0.0
2013-09-26 00:00:00+09:00,1660.0,1675.0,1640.0,1650.0,101283,0.0,0.0
2013-09-27 00:00:00+09:00,1650.0,1675.0,1645.0,1665.0,57789,0.0,0.0
2013-09-30 00:00:00+09:00,1680.0,1680.0,1650.0,1650.0,55493,0.0,0.0
2013-10-01 00:00:00+09:00,1650.0,1665.0,1590.0,1605.0,70141,0.0,0.0
2013-10-02 00:00:00+09:00,1590.0,1640.0,1590.0,1610.0,94279,0.0,0.0
2013-10-04 00:00:00+09:00,1595.0,1635.0,1505.0,1540.0,114266,0.0,0.0
2013-10-07 00:00:00+09:00,1510.0,1550.0,1490.0,1490.0,91192,0.0,0.0
2013-10-08 00:00:00+09:00,1490.0,1525.0,1400.0,1450.0,107001,0.0,0.0
2013-10-10 00:00:00+09:00,1460.0,1480.0,1440.0,1460.0,43277,0.0,0.0
2013-10-11 00:00:00+09:00,1475.0,1610.0,1475.0,1575.0,182834,0.0,0.0
2013-10-14 00:00:00+09:00,1605.0,1630.0,1520.0,1540.0,97723,0.0,0.0
2013-10-15 00:00:00+09:00,1540.0,1595.0,1525.0,1565.0,55307,0.0,0.0
2013-10-16 00:00:00+09:00,1580.0,1595.0,1505.0,1555.0,68500,0.0,0.0
2013-10-17 00:00:00+09:00,1565.0,1580.0,1520.0,1540.0,60366,0.0,0.0
2013-10-18 00:00:00+09:00,1535.0,1585.0,1525.0,1560.0,38293,0.0,0.0
2013-10-21 00:00:00+09:00,1580.0,1620.0,1540.0,1615.0,77745,0.0,0.0
2013-10-22 00:00:00+09:00,1670.0,1700.0,1625.0,1685.0,154249,0.0,0.0
2013-10-23 00:00:00+09:00,1695.0,1700.0,1625.0,1635.0,79458,0.0,0.0
2013-10-24 00:00:00+09:00,1625.0,1640.0,1590.0,1635.0,69482,0.0,0.0
2013-10-25 00:00:00+09:00,1640.0,1645.0,1555.0,1630.0,32942,0.0,0.0
2013-10-28 00:00:00+09:00,1630.0,1630.0,1565.0,1565.0,36461,0.0,0.0
2013-10-29 00:00:00+09:00,1565.0,1590.0,1560.0,1575.0,18767,0.0,0.0
2013-10-30 00:00:00+09:00,1590.0,1590.0,1525.0,1570.0,38237,0.0,0.0
2013-10-31 00:00:00+09:00,1595.0,1595.0,1535.0,1545.0,34094,0.0,0.0
2013-11-01 00:00:00+09:00,1560.0,1560.0,1520.0,1550.0,35056,0.0,0.0
2013-11-04 00:00:00+09:00,1540.0,1605.0,1535.0,1605.0,83384,0.0,0.0
2013-11-05 00:00:00+09:00,1670.0,1675.0,1555.0,1575.0,74556,0.0,0.0
2013-11-06 00:00:00+09:00,1575.0,1610.0,1540.0,1575.0,43607,0.0,0.0
2013-11-07 00:00:00+09:00,1570.0,1580.0,1510.0,1555.0,40659,0.0,0.0
2013-11-08 00:00:00+09:00,1550.0,1575.0,1515.0,1530.0,24541,0.0,0.0
2013-11-11 00:00:00+09:00,1555.0,1555.0,1505.0,1525.0,45175,0.0,0.0
2013-11-12 00:00:00+09:00,1515.0,1535.0,1505.0,1520.0,36142,0.0,0.0
2013-11-13 00:00:00+09:00,1545.0,1545.0,1480.0,1480.0,36613,0.0,0.0
2013-11-14 00:00:00+09:00,1500.0,1515.0,1480.0,1500.0,28235,0.0,0.0
2013-11-15 00:00:00+09:00,1490.0,1515.0,1490.0,1500.0,16936,0.0,0.0
2013-11-18 00:00:00+09:00,1525.0,1540.0,1490.0,1505.0,40782,0.0,0.0
2013-11-19 00:00:00+09:00,1485.0,1545.0,1485.0,1520.0,35769,0.0,0.0
2013-11-20 00:00:00+09:00,1535.0,1535.0,1495.0,1505.0,16991,0.0,0.0
2013-11-21 00:00:00+09:00,1505.0,1535.0,1410.0,1455.0,72807,0.0,0.0
2013-11-22 00:00:00+09:00,1460.0,1475.0,1435.0,1455.0,31445,0.0,0.0
2013-11-25 00:00:00+09:00,1455.0,1505.0,1440.0,1455.0,34019,0.0,0.0
2013-11-26 00:00:00+09:00,1470.0,1470.0,1430.0,1450.0,13161,0.0,0.0
2013-11-27 00:00:00+09:00,1460.0,1470.0,1440.0,1455.0,20648,0.0,0.0
2013-11-28 00:00:00+09:00,1465.0,1495.0,1445.0,1475.0,25692,0.0,0.0
2013-11-29 00:00:00+09:00,1490.0,1695.0,1480.0,1695.0,663423,0.0,0.0
2013-12-02 00:00:00+09:00,1670.0,1830.0,1655.0,1740.0,974220,0.0,0.0
2013-12-03 00:00:00+09:00,1730.0,1775.0,1640.0,1705.0,431493,0.0,0.0
2013-12-04 00:00:00+09:00,1690.0,1700.0,1600.0,1645.0,163776,0.0,0.0
2013-12-05 00:00:00+09:00,1675.0,1730.0,1615.0,1675.0,162816,0.0,0.0
2013-12-06 00:00:00+09:00,1675.0,1730.0,1660.0,1715.0,195727,0.0,0.0
2013-12-09 00:00:00+09:00,1700.0,1715.0,1615.0,1620.0,147938,0.0,0.0
2013-12-10 00:00:00+09:00,1605.0,1640.0,1475.0,1520.0,142814,0.0,0.0
2013-12-11 00:00:00+09:00,1570.0,1570.0,1485.0,1515.0,99048,0.0,0.0
2013-12-12 00:00:00+09:00,1540.0,1540.0,1485.0,1515.0,44552,0.0,0.0
2013-12-13 00:00:00+09:00,1515.0,1595.0,1515.0,1595.0,40549,0.0,0.0
2013-12-16 00:00:00+09:00,1560.0,1595.0,1500.0,1505.0,70119,0.0,0.0
2013-12-17 00:00:00+09:00,1500.0,1530.0,1480.0,1520.0,60798,0.0,0.0
2013-12-18 00:00:00+09:00,1450.0,1525.0,1450.0,1465.0,103869,0.0,0.0
2013-12-19 00:00:00+09:00,1475.0,1495.0,1460.0,1465.0,35957,0.0,0.0
2013-12-20 00:00:00+09:00,1480.0,1480.0,1440.0,1460.0,36284,0.0,0.0
2013-12-23 00:00:00+09:00,1455.0,1475.0,1445.0,1450.0,49128,0.0,0.0
2013-12-24 00:00:00+09:00,1445.0,1480.0,1445.0,1470.0,16501,0.0,0.0
2013-12-26 00:00:00+09:00,1465.0,1490.0,1465.0,1470.0,28171,0.0,0.0
2013-12-27 00:00:00+09:00,1460.0,1515.0,1455.0,1460.0,48471,0.0,0.0
2013-12-30 00:00:00+09:00,1480.0,1480.0,1440.0,1475.0,22124,0.0,0.0
2014-01-02 00:00:00+09:00,1450.0,1485.0,1435.0,1450.0,26434,0.0,0.0
2014-01-03 00:00:00+09:00,1460.0,1495.0,1445.0,1490.0,23958,0.0,0.0
2014-01-06 00:00:00+09:00,1485.0,1515.0,1465.0,1515.0,25878,0.0,0.0
2014-01-07 00:00:00+09:00,1495.0,1595.0,1495.0,1550.0,107332,0.0,0.0
2014-01-08 00:00:00+09:00,1550.0,1585.0,1495.0,1505.0,85681,0.0,0.0
2014-01-09 00:00:00+09:00,1505.0,1510.0,1480.0,1505.0,47745,0.0,0.0
2014-01-10 00:00:00+09:00,1505.0,1520.0,1490.0,1515.0,34084,0.0,0.0
2014-01-13 00:00:00+09:00,1500.0,1535.0,1490.0,1525.0,74241,0.0,0.0
2014-01-14 00:00:00+09:00,1525.0,1530.0,1490.0,1510.0,40863,0.0,0.0
2014-01-15 00:00:00+09:00,1520.0,1535.0,1495.0,1515.0,47819,0.0,0.0
2014-01-16 00:00:00+09:00,1510.0,1580.0,1505.0,1570.0,121050,0.0,0.0
2014-01-17 00:00:00+09:00,1570.0,1650.0,1545.0,1620.0,170088,0.0,0.0
2014-01-20 00:00:00+09:00,1620.0,1620.0,1585.0,1600.0,40780,0.0,0.0
2014-01-21 00:00:00+09:00,1580.0,1620.0,1580.0,1610.0,36577,0.0,0.0
2014-01-22 00:00:00+09:00,1620.0,1660.0,1605.0,1635.0,37712,0.0,0.0
2014-01-23 00:00:00+09:00,1660.0,1660.0,1570.0,1610.0,49654,0.0,0.0
2014-01-24 00:00:00+09:00,1610.0,1610.0,1555.0,1555.0,43811,0.0,0.0
2014-01-27 00:00:00+09:00,1540.0,1545.0,1480.0,1510.0,63459,0.0,0.0
2014-01-28 00:00:00+09:00,1500.0,1560.0,1480.0,1555.0,28529,0.0,0.0
2014-01-29 00:00:00+09:00,1555.0,1570.0,1530.0,1570.0,40832,0.0,0.0
2014-02-03 00:00:00+09:00,1580.0,1595.0,1550.0,1570.0,20044,0.0,0.0
2014-02-04 00:00:00+09:00,1530.0,1555.0,1470.0,1535.0,23070,0.0,0.0
2014-02-05 00:00:00+09:00,1535.0,1545.0,1490.0,1510.0,35076,0.0,0.0
2014-02-06 00:00:00+09:00,1550.0,1550.0,1490.0,1490.0,40186,0.0,0.0
2014-02-07 00:00:00+09:00,1505.0,1555.0,1505.0,1525.0,45760,0.0,0.0
2014-02-10 00:00:00+09:00,1540.0,1540.0,1450.0,1505.0,55959,0.0,0.0
2014-02-11 00:00:00+09:00,1505.0,1520.0,1465.0,1505.0,52850,0.0,0.0
2014-02-12 00:00:00+09:00,1505.0,1510.0,1470.0,1500.0,49927,0.0,0.0
2014-02-13 00:00:00+09:00,1500.0,1505.0,1480.0,1500.0,18232,0.0,0.0
2014-02-14 00:00:00+09:00,1500.0,1505.0,1490.0,1500.0,16306,0.0,0.0
2014-02-17 00:00:00+09:00,1520.0,1520.0,1480.0,1490.0,42764,0.0,0.0
2014-02-18 00:00:00+09:00,1480.0,1500.0,1475.0,1490.0,38420,0.0,0.0
2014-02-19 00:00:00+09:00,1475.0,1490.0,1455.0,1470.0,73459,0.0,0.0
2014-02-20 00:00:00+09:00,1480.0,1490.0,1460.0,1485.0,34808,0.0,0.0
2014-02-21 00:00:00+09:00,1490.0,1515.0,1470.0,1485.0,17725,0.0,0.0
2014-02-24 00:00:00+09:00,1500.0,1500.0,1475.0,1485.0,45193,0.0,0.0
2014-02-25 00:00:00+09:00,1485.0,1520.0,1475.0,1495.0,23719,0.0,0.0
2014-02-26 00:00:00+09:00,1500.0,1505.0,1465.0,1475.0,129628,0.0,0.0
2014-02-27 00:00:00+09:00,1485.0,1490.0,1440.0,1470.0,115941,0.0,0.0
2014-02-28 00:00:00+09:00,1470.0,1515.0,1390.0,1490.0,337427,0.0,0.0
2014-03-03 00:00:00+09:00,1505.0,1505.0,1440.0,1490.0,84889,0.0,0.0
2014-03-04 00:00:00+09:00,1485.0,1505.0,1465.0,1480.0,89390,0.0,0.0
2014-03-05 00:00:00+09:00,1475.0,1495.0,1460.0,1485.0,67966,0.0,0.0
2014-03-06 00:00:00+09:00,1485.0,1500.0,1480.0,1490.0,37470,0.0,0.0
2014-03-07 00:00:00+09:00,1500.0,1555.0,1495.0,1540.0,151377,0.0,0.0
2014-03-10 00:00:00+09:00,1575.0,1575.0,1530.0,1545.0,108202,0.0,0.0
2014-03-11 00:00:00+09:00,1595.0,1775.0,1590.0,1775.0,402747,0.0,0.0
2014-03-12 00:00:00+09:00,2040.0,2040.0,1665.0,1665.0,3402162,0.0,0.0
2014-03-13 00:00:00+09:00,1695.0,1895.0,1675.0,1815.0,1619841,0.0,0.0
2014-03-14 00:00:00+09:00,1820.0,1950.0,1770.0,1895.0,669768,0.0,0.0
2014-03-17 00:00:00+09:00,1870.0,1905.0,1840.0,1900.0,298308,0.0,0.0
2014-03-18 00:00:00+09:00,1900.0,2185.0,1850.0,2185.0,1076646,0.0,0.0
2014-03-19 00:00:00+09:00,2510.0,2510.0,1920.0,1945.0,4667009,0.0,0.0
2014-03-20 00:00:00+09:00,1995.0,2000.0,1820.0,1840.0,868162,0.0,0.0
2014-03-21 00:00:00+09:00,1865.0,1880.0,1800.0,1835.0,378862,0.0,0.0
2014-03-24 00:00:00+09:00,1840.0,1880.0,1760.0,1775.0,271377,0.0,0.0
2014-03-25 00:00:00+09:00,1795.0,1800.0,1745.0,1755.0,136304,0.0,0.0
2014-03-26 00:00:00+09:00,1770.0,1795.0,1725.0,1770.0,134096,0.0,0.0
2014-03-27 00:00:00+09:00,1770.0,1860.0,1765.0,1795.0,338930,0.0,0.0
2014-03-28 00:00:00+09:00,1770.0,1830.0,1770.0,1810.0,178602,0.0,0.0
2014-03-31 00:00:00+09:00,1820.0,1820.0,1705.0,1705.0,197939,0.0,0.0
2014-04-01 00:00:00+09:00,1695.0,1840.0,1695.0,1785.0,274529,0.0,0.0
2014-04-02 00:00:00+09:00,1820.0,1920.0,1815.0,1845.0,802260,0.0,0.0
2014-04-03 00:00:00+09:00,1820.0,1850.0,1765.0,1775.0,231376,0.0,0.0
2014-04-04 00:00:00+09:00,1765.0,1805.0,1740.0,1795.0,121898,0.0,0.0
2014-04-07 00:00:00+09:00,1800.0,1960.0,1755.0,1920.0,633652,0.0,0.0
2014-04-08 00:00:00+09:00,1980.0,2060.0,1760.0,1800.0,1217806,0.0,0.0
2014-04-09 00:00:00+09:00,1825.0,1980.0,1780.0,1920.0,739224,0.0,0.0
2014-04-10 00:00:00+09:00,1950.0,2080.0,1885.0,2015.0,966350,0.0,0.0
2014-04-11 00:00:00+09:00,1865.0,1970.0,1855.0,1910.0,435647,0.0,0.0
2014-04-14 00:00:00+09:00,1900.0,2030.0,1855.0,1950.0,362452,0.0,0.0
2014-04-15 00:00:00+09:00,1930.0,1960.0,1905.0,1920.0,161837,0.0,0.0
2014-04-16 00:00:00+09:00,1985.0,1985.0,1870.0,1885.0,225579,0.0,0.0
2014-04-17 00:00:00+09:00,1920.0,1930.0,1880.0,1880.0,87431,0.0,0.0
2014-04-18 00:00:00+09:00,1900.0,1900.0,1860.0,1880.0,82272,0.0,0.0
2014-04-21 00:00:00+09:00,1880.0,1900.0,1800.0,1820.0,122237,0.0,0.0
2014-04-22 00:00:00+09:00,1810.0,1850.0,1785.0,1810.0,58233,0.0,0.0
2014-04-23 00:00:00+09:00,1810.0,1810.0,1760.0,1760.0,196696,0.0,0.0
2014-04-24 00:00:00+09:00,1755.0,1765.0,1705.0,1735.0,107532,0.0,0.0
2014-04-25 00:00:00+09:00,1725.0,1750.0,1710.0,1715.0,55256,0.0,0.0
2014-04-28 00:00:00+09:00,1705.0,1790.0,1700.0,1780.0,67360,0.0,0.0
2014-04-29 00:00:00+09:00,1805.0,1805.0,1715.0,1730.0,35356,0.0,0.0
2014-04-30 00:00:00+09:00,1750.0,1770.0,1725.0,1750.0,32992,0.0,0.0
2014-05-02 00:00:00+09:00,1755.0,1785.0,1745.0,1750.0,26800,0.0,0.0
2014-05-07 00:00:00+09:00,1750.0,1760.0,1655.0,1680.0,71511,0.0,0.0
2014-05-08 00:00:00+09:00,1680.0,1745.0,1665.0,1690.0,31079,0.0,0.0
2014-05-09 00:00:00+09:00,1700.0,1740.0,1690.0,1715.0,48831,0.0,0.0
2014-05-12 00:00:00+09:00,1735.0,1790.0,1680.0,1785.0,103469,0.0,0.0
2014-05-13 00:00:00+09:00,1795.0,1830.0,1790.0,1805.0,75090,0.0,0.0
2014-05-14 00:00:00+09:00,1810.0,1825.0,1780.0,1785.0,23325,0.0,0.0
2014-05-15 00:00:00+09:00,1810.0,1810.0,1750.0,1785.0,57625,0.0,0.0
2014-05-16 00:00:00+09:00,1815.0,1900.0,1795.0,1890.0,186340,0.0,0.0
2014-05-19 00:00:00+09:00,1900.0,2160.0,1900.0,2055.0,1399660,0.0,0.0
2014-05-20 00:00:00+09:00,2020.0,2050.0,1930.0,2045.0,291955,0.0,0.0
2014-05-21 00:00:00+09:00,2045.0,2245.0,1945.0,1965.0,1043559,0.0,0.0
2014-05-22 00:00:00+09:00,1990.0,2110.0,1990.0,2030.0,328945,0.0,0.0
2014-05-23 00:00:00+09:00,1970.0,2040.0,1970.0,1990.0,191305,0.0,0.0
2014-05-26 00:00:00+09:00,2000.0,2060.0,1945.0,1995.0,213710,0.0,0.0
2014-05-27 00:00:00+09:00,2030.0,2045.0,1940.0,1985.0,168784,0.0,0.0
2014-05-28 00:00:00+09:00,1995.0,2070.0,1950.0,2070.0,184927,0.0,0.0
2014-05-29 00:00:00+09:00,2115.0,2380.0,2115.0,2250.0,1608228,0.0,0.0
2014-05-30 00:00:00+09:00,2400.0,2570.0,2310.0,2495.0,1485202,0.0,0.0
2014-06-02 00:00:00+09:00,2865.0,2865.0,2550.0,2865.0,4998426,0.0,0.0
2014-06-03 00:00:00+09:00,2865.0,3290.0,2700.0,3290.0,6170540,0.0,0.0
2014-06-05 00:00:00+09:00,3480.0,3780.0,3395.0,3780.0,7604723,0.0,0.0
2014-06-09 00:00:00+09:00,3780.0,3780.0,3780.0,3780.0,0,0.0,0.0
2014-06-10 00:00:00+09:00,4040.0,4345.0,4040.0,4345.0,1252340,0.0,0.0
2014-06-11 00:00:00+09:00,4135.0,4780.0,4135.0,4500.0,1594922,0.0,0.0
2014-06-12 00:00:00+09:00,4430.0,4640.0,4255.0,4430.0,1039284,0.0,0.0
2014-06-13 00:00:00+09:00,4490.0,5090.0,4090.0,4625.0,9641242,0.0,0.0
2014-06-16 00:00:00+09:00,4500.0,4785.0,4015.0,4200.0,7206809,0.0,0.0
2014-06-17 00:00:00+09:00,4085.0,4400.0,3800.0,3905.0,4883058,0.0,0.0
2014-06-18 00:00:00+09:00,3930.0,4005.0,3635.0,3780.0,3550992,0.0,0.0
2014-06-19 00:00:00+09:00,3780.0,3930.0,3650.0,3795.0,3873652,0.0,0.0
2014-06-20 00:00:00+09:00,3795.0,3920.0,3710.0,3890.0,2002485,0.0,0.0
2014-06-23 00:00:00+09:00,3905.0,3970.0,3500.0,3700.0,2010004,0.0,0.0
2014-06-24 00:00:00+09:00,3680.0,3700.0,3465.0,3465.0,1329264,0.0,0.0
2014-06-25 00:00:00+09:00,3980.0,3980.0,3815.0,3980.0,1419441,0.0,0.0
2014-06-26 00:00:00+09:00,4575.0,4575.0,4450.0,4575.0,3465242,0.0,0.0
2014-06-27 00:00:00+09:00,4740.0,5050.0,4700.0,4880.0,5953081,0.0,0.0
2014-06-30 00:00:00+09:00,4780.0,4885.0,4235.0,4500.0,4132612,0.0,0.0
2014-07-01 00:00:00+09:00,4430.0,5170.0,4240.0,5170.0,6668925,0.0,0.0
2014-07-02 00:00:00+09:00,5500.0,5830.0,5360.0,5640.0,7288887,0.0,0.0
2014-07-03 00:00:00+09:00,5560.0,6140.0,5420.0,5940.0,5839713,0.0,0.0
2014-07-04 00:00:00+09:00,5860.0,6200.0,5720.0,6060.0,4502687,0.0,0.0
2014-07-07 00:00:00+09:00,5990.0,6160.0,5920.0,6000.0,1731015,0.0,0.0
2014-07-08 00:00:00+09:00,6560.0,6900.0,6560.0,6900.0,1018193,0.0,0.0
2014-07-09 00:00:00+09:00,7300.0,7930.0,7230.0,7930.0,5374845,0.0,0.0
2014-07-10 00:00:00+09:00,7810.0,8900.0,7600.0,8380.0,7730217,0.0,0.0
2014-07-11 00:00:00+09:00,8300.0,8870.0,8170.0,8450.0,3256222,0.0,0.0
2014-07-14 00:00:00+09:00,8700.0,8790.0,8330.0,8460.0,1424710,0.0,0.0
2014-07-15 00:00:00+09:00,8350.0,8440.0,7700.0,8300.0,3530228,0.0,0.0
2014-07-16 00:00:00+09:00,8330.0,8330.0,7730.0,7990.0,1948868,0.0,0.0
2014-07-17 00:00:00+09:00,7820.0,9170.0,7700.0,8320.0,5834734,0.0,0.0
2014-07-18 00:00:00+09:00,8150.0,8790.0,8000.0,8450.0,3396890,0.0,0.0
2014-07-21 00:00:00+09:00,8390.0,8710.0,8330.0,8410.0,1263163,0.0,0.0
2014-07-22 00:00:00+09:00,8490.0,8540.0,8230.0,8330.0,1049000,0.0,0.0
2014-07-23 00:00:00+09:00,8300.0,8800.0,8030.0,8340.0,2078363,0.0,0.0
2014-07-24 00:00:00+09:00,8250.0,8510.0,8190.0,8450.0,1154817,0.0,0.0
2014-07-25 00:00:00+09:00,8380.0,9020.0,8290.0,8650.0,2578802,0.0,0.0
2014-07-28 00:00:00+09:00,8740.0,8840.0,8100.0,8100.0,1328617,0.0,0.0
2014-07-29 00:00:00+09:00,7800.0,8670.0,7700.0,8300.0,2236639,0.0,0.0
2014-07-30 00:00:00+09:00,8350.0,8550.0,8180.0,8310.0,914437,0.0,0.0
2014-07-31 00:00:00+09:00,8230.0,8320.0,7540.0,7540.0,1295859,0.0,0.0
2014-08-01 00:00:00+09:00,7400.0,7900.0,7030.0,7500.0,1138339,0.0,0.0
2014-08-04 00:00:00+09:00,7540.0,8400.0,7410.0,8230.0,2776146,0.0,0.0
2014-08-05 00:00:00+09:00,8350.0,8780.0,8110.0,8110.0,1570727,0.0,0.0
2014-08-06 00:00:00+09:00,8090.0,8320.0,7850.0,7920.0,980231,0.0,0.0
2014-08-07 00:00:00+09:00,7940.0,7980.0,7500.0,7700.0,1097766,0.0,0.0
2014-08-08 00:00:00+09:00,7700.0,7730.0,7160.0,7270.0,1218244,0.0,0.0
2014-08-11 00:00:00+09:00,7480.0,7670.0,7200.0,7320.0,813206,0.0,0.0
2014-08-12 00:00:00+09:00,7350.0,8170.0,7250.0,7860.0,2894518,0.0,0.0
2014-08-13 00:00:00+09:00,8080.0,8160.0,7330.0,7400.0,1967969,0.0,0.0
2014-08-14 00:00:00+09:00,7540.0,7540.0,7210.0,7340.0,861518,0.0,0.0
2014-08-18 00:00:00+09:00,7230.0,7310.0,6440.0,6520.0,2195530,0.0,0.0
2014-08-19 00:00:00+09:00,6580.0,6740.0,6210.0,6620.0,2084963,0.0,0.0
2014-08-20 00:00:00+09:00,6520.0,6600.0,6200.0,6200.0,1067380,0.0,0.0
2014-08-21 00:00:00+09:00,6290.0,6850.0,6140.0,6430.0,2415932,0.0,0.0
2014-08-22 00:00:00+09:00,6460.0,6720.0,6310.0,6410.0,1011678,0.0,0.0
2014-08-25 00:00:00+09:00,6410.0,6510.0,5770.0,5810.0,1277964,0.0,0.0
2014-08-26 00:00:00+09:00,5800.0,5980.0,5540.0,5800.0,1384443,0.0,0.0
2014-08-27 00:00:00+09:00,5960.0,6070.0,5610.0,5650.0,1072336,0.0,0.0
2014-08-28 00:00:00+09:00,5650.0,5650.0,5320.0,5550.0,1629912,0.0,0.0
2014-08-29 00:00:00+09:00,5660.0,6380.0,5660.0,6380.0,5198203,0.0,0.0
2014-09-01 00:00:00+09:00,6650.0,6870.0,6400.0,6510.0,2924130,0.0,0.0
2014-09-02 00:00:00+09:00,6360.0,6500.0,6030.0,6050.0,1458031,0.0,0.0
2014-09-03 00:00:00+09:00,5990.0,5990.0,5720.0,5840.0,1178268,0.0,0.0
2014-09-04 00:00:00+09:00,5890.0,6020.0,5470.0,5500.0,1250849,0.0,0.0
2014-09-05 00:00:00+09:00,5350.0,5830.0,5240.0,5510.0,1308078,0.0,0.0
2014-09-11 00:00:00+09:00,5510.0,5670.0,5390.0,5480.0,729203,0.0,0.0
2014-09-12 00:00:00+09:00,5460.0,5720.0,5450.0,5490.0,805678,0.0,0.0
2014-09-15 00:00:00+09:00,5470.0,5470.0,4980.0,5090.0,1263731,0.0,0.0
2014-09-16 00:00:00+09:00,5230.0,5460.0,5120.0,5190.0,1037339,0.0,0.0
2014-09-17 00:00:00+09:00,5250.0,5590.0,5140.0,5460.0,1276095,0.0,0.0
2014-09-18 00:00:00+09:00,5600.0,5620.0,5250.0,5250.0,716997,0.0,0.0
2014-09-19 00:00:00+09:00,5320.0,5450.0,5250.0,5370.0,493719,0.0,0.0
2014-09-22 00:00:00+09:00,5380.0,6170.0,5350.0,6170.0,4594854,0.0,0.0
2014-09-23 00:00:00+09:00,6170.0,6180.0,5700.0,5720.0,2664883,0.0,0.0
2014-09-24 00:00:00+09:00,5770.0,6000.0,5740.0,5900.0,1202146,0.0,0.0
2014-09-25 00:00:00+09:00,5920.0,5960.0,5530.0,5530.0,1147034,0.0,0.0
2014-09-26 00:00:00+09:00,5450.0,5690.0,5310.0,5530.0,706486,0.0,0.0
2014-09-29 00:00:00+09:00,5580.0,5840.0,5530.0,5730.0,913371,0.0,0.0
2014-09-30 00:00:00+09:00,5770.0,6190.0,5680.0,5970.0,2417183,0.0,0.0
2014-10-01 00:00:00+09:00,5910.0,5970.0,5690.0,5710.0,708189,0.0,0.0
2014-10-02 00:00:00+09:00,5860.0,6250.0,5860.0,6020.0,1826349,0.0,0.0
2014-10-06 00:00:00+09:00,6190.0,6260.0,5950.0,6050.0,784614,0.0,0.0
2014-10-07 00:00:00+09:00,6010.0,6160.0,5980.0,6130.0,581350,0.0,0.0
2014-10-08 00:00:00+09:00,6300.0,6580.0,6080.0,6090.0,1577692,0.0,0.0
2014-10-10 00:00:00+09:00,6250.0,6420.0,6080.0,6220.0,1202686,0.0,0.0
2014-10-13 00:00:00+09:00,6160.0,6170.0,5380.0,5500.0,1188838,0.0,0.0
2014-10-14 00:00:00+09:00,5390.0,5590.0,5230.0,5480.0,498606,0.0,0.0
2014-10-15 00:00:00+09:00,5480.0,5520.0,5220.0,5250.0,610970,0.0,0.0
2014-10-16 00:00:00+09:00,5190.0,5400.0,5040.0,5300.0,525509,0.0,0.0
2014-10-17 00:00:00+09:00,5300.0,5310.0,4950.0,5180.0,755574,0.0,0.0
2014-10-20 00:00:00+09:00,5100.0,5190.0,5000.0,5060.0,426512,0.0,0.0
2014-10-21 00:00:00+09:00,5050.0,5280.0,4995.0,5060.0,505792,0.0,0.0
2014-10-22 00:00:00+09:00,5110.0,5150.0,5010.0,5030.0,368803,0.0,0.0
2014-10-23 00:00:00+09:00,5010.0,5200.0,4930.0,4940.0,488858,0.0,0.0
2014-10-24 00:00:00+09:00,4880.0,4940.0,4560.0,4745.0,571350,0.0,0.0
2014-10-27 00:00:00+09:00,4715.0,4870.0,4580.0,4700.0,368512,0.0,0.0
2014-10-28 00:00:00+09:00,4725.0,4965.0,4665.0,4710.0,363006,0.0,0.0
2014-10-29 00:00:00+09:00,4760.0,4920.0,4655.0,4850.0,411956,0.0,0.0
2014-10-30 00:00:00+09:00,4905.0,4910.0,4600.0,4655.0,314393,0.0,0.0
2014-10-31 00:00:00+09:00,4750.0,4750.0,4280.0,4620.0,414367,0.0,0.0
2014-11-03 00:00:00+09:00,4600.0,4685.0,4410.0,4440.0,240644,0.0,0.0
2014-11-04 00:00:00+09:00,4500.0,4530.0,4095.0,4260.0,378522,0.0,0.0
2014-11-05 00:00:00+09:00,4290.0,4895.0,4205.0,4410.0,1085011,0.0,0.0
2014-11-06 00:00:00+09:00,4430.0,4450.0,4180.0,4180.0,302787,0.0,0.0
2014-11-07 00:00:00+09:00,4255.0,4770.0,4180.0,4670.0,553263,0.0,0.0
2014-11-10 00:00:00+09:00,4750.0,4770.0,4510.0,4520.0,228645,0.0,0.0
2014-11-11 00:00:00+09:00,4510.0,4745.0,4510.0,4630.0,255542,0.0,0.0
2014-11-12 00:00:00+09:00,4710.0,5150.0,4630.0,4935.0,874717,0.0,0.0
2014-11-13 00:00:00+09:00,4950.0,5100.0,4780.0,4960.0,281261,0.0,0.0
2014-11-14 00:00:00+09:00,5070.0,5650.0,4900.0,5380.0,1664021,0.0,0.0
2014-11-17 00:00:00+09:00,5440.0,5770.0,5250.0,5360.0,893251,0.0,0.0
2014-11-18 00:00:00+09:00,5380.0,5740.0,5210.0,5360.0,1310458,0.0,0.0
2014-11-19 00:00:00+09:00,5370.0,5380.0,5150.0,5160.0,412993,0.0,0.0
2014-11-20 00:00:00+09:00,5170.0,5390.0,4980.0,5300.0,523795,0.0,0.0
2014-11-21 00:00:00+09:00,5200.0,5250.0,5000.0,5000.0,424984,0.0,0.0
2014-11-24 00:00:00+09:00,4900.0,4980.0,4780.0,4840.0,428217,0.0,0.0
2014-11-25 00:00:00+09:00,4850.0,4935.0,4820.0,4825.0,222657,0.0,0.0
2014-11-26 00:00:00+09:00,4830.0,4885.0,4755.0,4755.0,167345,0.0,0.0
2014-11-27 00:00:00+09:00,4870.0,4870.0,4550.0,4685.0,245332,0.0,0.0
2014-11-28 00:00:00+09:00,4685.0,4740.0,4545.0,4570.0,156722,0.0,0.0
2014-12-01 00:00:00+09:00,4500.0,4750.0,4335.0,4500.0,232945,0.0,0.0
2014-12-02 00:00:00+09:00,4500.0,4695.0,4490.0,4555.0,117834,0.0,0.0
2014-12-03 00:00:00+09:00,4555.0,4690.0,4520.0,4625.0,156625,0.0,0.0
2014-12-04 00:00:00+09:00,4625.0,4625.0,4450.0,4560.0,173160,0.0,0.0
2014-12-05 00:00:00+09:00,4565.0,4600.0,4470.0,4580.0,109134,0.0,0.0
2014-12-08 00:00:00+09:00,4680.0,4755.0,4590.0,4675.0,208047,0.0,0.0
2014-12-09 00:00:00+09:00,4610.0,5350.0,4600.0,5240.0,1142412,0.0,0.0
2014-12-10 00:00:00+09:00,5290.0,5610.0,5160.0,5440.0,1072212,0.0,0.0
2014-12-11 00:00:00+09:00,5410.0,5560.0,5300.0,5370.0,379861,0.0,0.0
2014-12-12 00:00:00+09:00,5330.0,5380.0,5110.0,5180.0,300432,0.0,0.0
2014-12-15 00:00:00+09:00,5180.0,5480.0,4990.0,5350.0,438015,0.0,0.0
2014-12-16 00:00:00+09:00,5450.0,5680.0,5190.0,5430.0,869569,0.0,0.0
2014-12-17 00:00:00+09:00,5450.0,5570.0,5320.0,5320.0,380352,0.0,0.0
2014-12-18 00:00:00+09:00,5320.0,5320.0,4800.0,5110.0,651090,0.0,0.0
2014-12-19 00:00:00+09:00,5250.0,5600.0,5110.0,5600.0,1036755,0.0,0.0
2014-12-22 00:00:00+09:00,6180.0,6440.0,5700.0,6440.0,2539382,0.0,0.0
2014-12-23 00:00:00+09:00,7000.0,7350.0,5980.0,6210.0,4531760,0.0,0.0
2014-12-24 00:00:00+09:00,6270.0,6850.0,6100.0,6340.0,2428075,0.0,0.0
2014-12-26 00:00:00+09:00,6450.0,6750.0,6250.0,6600.0,1730574,0.0,0.0
2014-12-29 00:00:00+09:00,6850.0,6960.0,6230.0,6330.0,1335058,0.0,0.0
2014-12-30 00:00:00+09:00,6300.0,6590.0,6170.0,6370.0,1136090,0.0,0.0
2015-01-02 00:00:00+09:00,6440.0,6650.0,6350.0,6420.0,493828,0.0,0.0
2015-01-05 00:00:00+09:00,6370.0,6550.0,6170.0,6540.0,600488,0.0,0.0
2015-01-06 00:00:00+09:00,6610.0,6850.0,6540.0,6700.0,2012229,0.0,0.0
2015-01-07 00:00:00+09:00,6650.0,6650.0,6370.0,6410.0,607123,0.0,0.0
2015-01-08 00:00:00+09:00,6410.0,6540.0,6180.0,6290.0,520032,0.0,0.0
2015-01-09 00:00:00+09:00,6390.0,6510.0,6300.0,6360.0,591594,0.0,0.0
2015-01-12 00:00:00+09:00,6360.0,6360.0,6110.0,6150.0,436136,0.0,0.0
2015-01-13 00:00:00+09:00,6140.0,6330.0,5690.0,5880.0,738793,0.0,0.0
2015-01-14 00:00:00+09:00,5910.0,5960.0,5690.0,5850.0,386668,0.0,0.0
2015-01-15 00:00:00+09:00,5950.0,5950.0,5660.0,5720.0,366828,0.0,0.0
2015-01-16 00:00:00+09:00,5750.0,5910.0,5550.0,5810.0,476301,0.0,0.0
2015-01-19 00:00:00+09:00,5800.0,5800.0,5490.0,5580.0,392168,0.0,0.0
2015-01-20 00:00:00+09:00,5530.0,6100.0,5520.0,5790.0,636848,0.0,0.0
2015-01-21 00:00:00+09:00,5740.0,5850.0,5600.0,5610.0,246536,0.0,0.0
2015-01-22 00:00:00+09:00,5550.0,5750.0,5470.0,5530.0,249998,0.0,0.0
2015-01-23 00:00:00+09:00,5510.0,5640.0,5410.0,5450.0,221765,0.0,0.0
2015-01-26 00:00:00+09:00,5510.0,5550.0,5370.0,5380.0,222951,0.0,0.0
2015-01-27 00:00:00+09:00,5400.0,5820.0,5330.0,5680.0,697373,0.0,0.0
2015-01-28 00:00:00+09:00,5590.0,5770.0,5550.0,5610.0,361563,0.0,0.0
2015-01-29 00:00:00+09:00,5680.0,5680.0,5460.0,5460.0,181301,0.0,0.0
2015-01-30 00:00:00+09:00,5480.0,5850.0,5410.0,5680.0,633630,0.0,0.0
2015-02-02 00:00:00+09:00,5670.0,5940.0,5550.0,5880.0,526801,0.0,0.0
2015-02-03 00:00:00+09:00,5970.0,6010.0,5760.0,5870.0,348070,0.0,0.0
2015-02-04 00:00:00+09:00,5870.0,6140.0,5800.0,6080.0,839648,0.0,0.0
2015-02-05 00:00:00+09:00,6250.0,6520.0,6170.0,6290.0,2145486,0.0,0.0
2015-02-06 00:00:00+09:00,6290.0,6420.0,6160.0,6260.0,569171,0.0,0.0
2015-02-09 00:00:00+09:00,6350.0,6560.0,6160.0,6480.0,926863,0.0,0.0
2015-02-10 00:00:00+09:00,6600.0,7040.0,6350.0,6810.0,2019701,0.0,0.0
2015-02-11 00:00:00+09:00,6800.0,7080.0,6660.0,6900.0,1282273,0.0,0.0
2015-02-12 00:00:00+09:00,6900.0,7010.0,6670.0,6700.0,656059,0.0,0.0
2015-02-13 00:00:00+09:00,6680.0,7550.0,6560.0,7300.0,1669591,0.0,0.0
2015-02-16 00:00:00+09:00,7300.0,7510.0,7100.0,7290.0,852121,0.0,0.0
2015-02-17 00:00:00+09:00,7290.0,7300.0,6830.0,6920.0,682298,0.0,0.0
2015-02-23 00:00:00+09:00,6930.0,7080.0,6650.0,6710.0,630292,0.0,0.0
2015-02-24 00:00:00+09:00,6760.0,6830.0,6570.0,6790.0,478081,0.0,0.0
2015-02-25 00:00:00+09:00,6720.0,6930.0,6450.0,6490.0,689240,0.0,0.0
2015-02-26 00:00:00+09:00,6550.0,6580.0,6360.0,6360.0,294465,0.0,0.0
2015-02-27 00:00:00+09:00,6440.0,6480.0,6240.0,6480.0,337259,0.0,0.0
2015-03-02 00:00:00+09:00,6550.0,6550.0,6270.0,6280.0,360167,0.0,0.0
2015-03-03 00:00:00+09:00,6280.0,6330.0,6120.0,6140.0,347210,0.0,0.0
2015-03-04 00:00:00+09:00,6180.0,6490.0,6180.0,6490.0,565946,0.0,0.0
2015-03-05 00:00:00+09:00,6490.0,6490.0,6380.0,6490.0,162905,0.0,0.0
2015-03-06 00:00:00+09:00,6470.0,6490.0,6330.0,6410.0,240727,0.0,0.0
2015-03-09 00:00:00+09:00,6480.0,6840.0,6320.0,6690.0,603831,0.0,0.0
2015-03-10 00:00:00+09:00,6670.0,6750.0,6590.0,6750.0,358573,0.0,0.0
2015-03-11 00:00:00+09:00,6670.0,6730.0,6600.0,6640.0,242726,0.0,0.0
2015-03-12 00:00:00+09:00,6690.0,6690.0,6430.0,6510.0,332913,0.0,0.0
2015-03-13 00:00:00+09:00,6440.0,6600.0,6300.0,6480.0,191929,0.0,0.0
2015-03-16 00:00:00+09:00,6460.0,6470.0,6310.0,6400.0,154169,0.0,0.0
2015-03-17 00:00:00+09:00,6410.0,6510.0,6340.0,6390.0,145517,0.0,0.0
2015-03-18 00:00:00+09:00,6360.0,6440.0,6200.0,6350.0,209342,0.0,0.0
2015-03-19 00:00:00+09:00,6390.0,6390.0,6130.0,6290.0,270445,0.0,0.0
2015-03-20 00:00:00+09:00,6260.0,6690.0,6250.0,6490.0,435176,0.0,0.0
2015-03-23 00:00:00+09:00,6560.0,6670.0,6470.0,6520.0,223798,0.0,0.0
2015-03-24 00:00:00+09:00,6490.0,6590.0,6390.0,6390.0,154068,0.0,0.0
2015-03-25 00:00:00+09:00,6390.0,6450.0,6200.0,6240.0,262860,0.0,0.0
2015-03-26 00:00:00+09:00,6260.0,6280.0,6070.0,6180.0,194294,0.0,0.0
2015-03-27 00:00:00+09:00,6140.0,6230.0,5930.0,6000.0,223559,0.0,0.0
2015-03-30 00:00:00+09:00,5960.0,6170.0,5950.0,6030.0,137094,0.0,0.0
2015-03-31 00:00:00+09:00,6110.0,6110.0,5920.0,5970.0,198280,0.0,0.0
2015-04-01 00:00:00+09:00,5910.0,5960.0,5700.0,5780.0,369787,0.0,0.0
2015-04-02 00:00:00+09:00,5800.0,6520.0,5800.0,6400.0,1341402,0.0,0.0
2015-04-03 00:00:00+09:00,6520.0,6520.0,6210.0,6330.0,342487,0.0,0.0
2015-04-06 00:00:00+09:00,6410.0,6410.0,6220.0,6330.0,197454,0.0,0.0
2015-04-07 00:00:00+09:00,6450.0,6750.0,6340.0,6690.0,931027,0.0,0.0
2015-04-08 00:00:00+09:00,6770.0,6900.0,6640.0,6880.0,747599,0.0,0.0
2015-04-09 00:00:00+09:00,6900.0,7910.0,6900.0,7910.0,3305304,0.0,0.0
2015-04-10 00:00:00+09:00,8300.0,8400.0,7670.0,7800.0,2817151,0.0,0.0
2015-04-13 00:00:00+09:00,7740.0,7900.0,7660.0,7790.0,1091800,0.0,0.0
2015-04-14 00:00:00+09:00,7820.0,7820.0,7310.0,7320.0,1137348,0.0,0.0
2015-04-15 00:00:00+09:00,7400.0,7660.0,7300.0,7300.0,965953,0.0,0.0
2015-04-16 00:00:00+09:00,7350.0,7490.0,7200.0,7490.0,563264,0.0,0.0
2015-04-17 00:00:00+09:00,7600.0,7810.0,7400.0,7480.0,1050601,0.0,0.0
2015-04-20 00:00:00+09:00,7320.0,7430.0,7100.0,7310.0,512147,0.0,0.0
2015-04-21 00:00:00+09:00,7380.0,7380.0,7120.0,7280.0,383500,0.0,0.0
2015-04-22 00:00:00+09:00,7340.0,7340.0,6200.0,6900.0,914205,0.0,0.0
2015-04-23 00:00:00+09:00,6930.0,6930.0,6500.0,6680.0,466776,0.0,0.0
2015-04-24 00:00:00+09:00,6650.0,7070.0,6650.0,6920.0,527299,0.0,0.0
2015-04-27 00:00:00+09:00,7000.0,7280.0,6950.0,7090.0,350085,0.0,0.0
2015-04-28 00:00:00+09:00,7130.0,7160.0,6770.0,6810.0,324591,0.0,0.0
2015-04-29 00:00:00+09:00,6810.0,6980.0,6690.0,6920.0,186970,0.0,0.0
2015-04-30 00:00:00+09:00,6800.0,6970.0,6650.0,6690.0,202060,0.0,0.0
2015-05-04 00:00:00+09:00,6750.0,6830.0,6520.0,6670.0,116598,0.0,0.0
2015-05-06 00:00:00+09:00,6670.0,6730.0,6580.0,6670.0,118930,0.0,0.0
2015-05-07 00:00:00+09:00,6580.0,6670.0,6400.0,6500.0,215634,0.0,0.0
2015-05-08 00:00:00+09:00,6450.0,6760.0,6450.0,6690.0,120682,0.0,0.0
2015-05-11 00:00:00+09:00,6750.0,6970.0,6720.0,6760.0,201049,0.0,0.0
2015-05-12 00:00:00+09:00,6810.0,6850.0,6600.0,6690.0,125887,0.0,0.0
2015-05-13 00:00:00+09:00,6790.0,6810.0,6540.0,6750.0,109556,0.0,0.0
2015-05-14 00:00:00+09:00,6820.0,6820.0,6600.0,6690.0,160835,0.0,0.0
2015-05-15 00:00:00+09:00,6730.0,7150.0,6680.0,7070.0,460566,0.0,0.0
2015-05-18 00:00:00+09:00,7120.0,7300.0,6500.0,6500.0,782210,0.0,0.0
2015-05-19 00:00:00+09:00,6500.0,6500.0,6240.0,6400.0,430529,0.0,0.0
2015-05-20 00:00:00+09:00,6390.0,6400.0,6060.0,6150.0,477909,0.0,0.0
2015-05-21 00:00:00+09:00,6230.0,6300.0,6080.0,6130.0,183488,0.0,0.0
2015-05-22 00:00:00+09:00,6130.0,6210.0,6000.0,6130.0,229732,0.0,0.0
2015-05-26 00:00:00+09:00,6550.0,6650.0,6240.0,6370.0,380335,0.0,0.0
2015-05-27 00:00:00+09:00,6350.0,6360.0,6160.0,6190.0,149813,0.0,0.0
2015-05-28 00:00:00+09:00,6210.0,6570.0,6210.0,6400.0,344181,0.0,0.0
2015-05-29 00:00:00+09:00,6550.0,6710.0,6360.0,6400.0,409761,0.0,0.0
2015-06-01 00:00:00+09:00,6400.0,6460.0,6200.0,6300.0,161817,0.0,0.0
2015-06-02 00:00:00+09:00,6200.0,6280.0,5960.0,5980.0,341567,0.0,0.0
2015-06-03 00:00:00+09:00,5810.0,6070.0,5690.0,6000.0,192918,0.0,0.0
2015-06-04 00:00:00+09:00,6080.0,6080.0,5850.0,5950.0,129830,0.0,0.0
2015-06-05 00:00:00+09:00,5910.0,5950.0,5700.0,5780.0,253844,0.0,0.0
2015-06-08 00:00:00+09:00,5800.0,6010.0,5710.0,5760.0,189186,0.0,0.0
2015-06-09 00:00:00+09:00,5810.0,5910.0,5740.0,5900.0,160245,0.0,0.0
2015-06-10 00:00:00+09:00,5990.0,5990.0,5710.0,5720.0,170782,0.0,0.0
2015-06-11 00:00:00+09:00,5730.0,5940.0,5720.0,5870.0,144734,0.0,0.0
2015-06-12 00:00:00+09:00,5880.0,5960.0,5720.0,5780.0,125047,0.0,0.0
2015-06-15 00:00:00+09:00,5780.0,5810.0,5350.0,5470.0,297011,0.0,0.0
2015-06-16 00:00:00+09:00,5200.0,5490.0,5180.0,5400.0,231112,0.0,0.0
2015-06-17 00:00:00+09:00,5310.0,5550.0,5270.0,5400.0,118685,0.0,0.0
2015-06-18 00:00:00+09:00,5460.0,5460.0,5330.0,5400.0,117190,0.0,0.0
2015-06-19 00:00:00+09:00,5470.0,5510.0,5340.0,5440.0,100087,0.0,0.0
2015-06-22 00:00:00+09:00,5480.0,5510.0,5410.0,5450.0,77103,0.0,0.0
2015-06-23 00:00:00+09:00,5480.0,5610.0,5450.0,5500.0,135029,0.0,0.0
2015-06-24 00:00:00+09:00,5520.0,5550.0,5460.0,5470.0,105764,0.0,0.0
2015-06-25 00:00:00+09:00,5470.0,6240.0,5450.0,6180.0,652576,0.0,0.0
2015-06-26 00:00:00+09:00,6180.0,6250.0,5910.0,6000.0,232844,0.0,0.0
2015-06-29 00:00:00+09:00,5800.0,5890.0,5660.0,5680.0,185315,0.0,0.0
2015-06-30 00:00:00+09:00,5640.0,5680.0,5450.0,5590.0,264451,0.0,0.0
2015-07-01 00:00:00+09:00,5570.0,5830.0,5570.0,5780.0,152947,0.0,0.0
2015-07-02 00:00:00+09:00,5730.0,5870.0,5680.0,5680.0,132005,0.0,0.0
2015-07-03 00:00:00+09:00,5660.0,5720.0,5570.0,5700.0,109840,0.0,0.0
2015-07-06 00:00:00+09:00,5650.0,5680.0,5400.0,5510.0,217754,0.0,0.0
2015-07-07 00:00:00+09:00,5530.0,5580.0,5390.0,5430.0,113502,0.0,0.0
2015-07-08 00:00:00+09:00,5450.0,5760.0,5420.0,5550.0,169102,0.0,0.0
2015-07-09 00:00:00+09:00,5500.0,5650.0,5400.0,5580.0,105078,0.0,0.0
2015-07-10 00:00:00+09:00,5560.0,5670.0,5520.0,5590.0,47592,0.0,0.0
2015-07-13 00:00:00+09:00,5600.0,5890.0,5600.0,5810.0,123188,0.0,0.0
2015-07-14 00:00:00+09:00,5900.0,6140.0,5800.0,5940.0,208566,0.0,0.0
2015-07-15 00:00:00+09:00,5960.0,7170.0,5960.0,7000.0,1720582,0.0,0.0
2015-07-16 00:00:00+09:00,7000.0,7470.0,6820.0,6920.0,1638247,0.0,0.0
2015-07-17 00:00:00+09:00,6900.0,6990.0,6630.0,6650.0,672879,0.0,0.0
2015-07-20 00:00:00+09:00,6700.0,6930.0,6650.0,6930.0,473745,0.0,0.0
2015-07-21 00:00:00+09:00,7010.0,7100.0,6850.0,6980.0,437067,0.0,0.0
2015-07-22 00:00:00+09:00,6940.0,7560.0,6850.0,7030.0,1308788,0.0,0.0
2015-07-23 00:00:00+09:00,7070.0,7370.0,7030.0,7270.0,407436,0.0,0.0
2015-07-24 00:00:00+09:00,7180.0,7500.0,7180.0,7270.0,426497,0.0,0.0
2015-07-27 00:00:00+09:00,7370.0,7710.0,7340.0,7540.0,1120016,0.0,0.0
2015-07-28 00:00:00+09:00,7300.0,7440.0,7050.0,7440.0,608795,0.0,0.0
2015-07-29 00:00:00+09:00,7600.0,9430.0,7500.0,9000.0,6355398,0.0,0.0
2015-07-30 00:00:00+09:00,9200.0,9980.0,8760.0,9350.0,5189098,0.0,0.0
2015-07-31 00:00:00+09:00,9150.0,9340.0,8720.0,9310.0,1685526,0.0,0.0
2015-08-03 00:00:00+09:00,9250.0,9930.0,9100.0,9630.0,2042246,0.0,0.0
2015-08-04 00:00:00+09:00,9480.0,9830.0,9110.0,9340.0,1082982,0.0,0.0
2015-08-05 00:00:00+09:00,9380.0,9510.0,8780.0,8900.0,1238061,0.0,0.0
2015-08-06 00:00:00+09:00,8950.0,9160.0,8820.0,9070.0,900160,0.0,0.0
2015-08-07 00:00:00+09:00,9070.0,9250.0,8510.0,8600.0,1460849,0.0,0.0
2015-08-10 00:00:00+09:00,8650.0,8730.0,8290.0,8380.0,1057541,0.0,0.0
2015-08-11 00:00:00+09:00,8480.0,8790.0,8100.0,8280.0,1595646,0.0,0.0
2015-08-12 00:00:00+09:00,8200.0,8570.0,7560.0,7690.0,1443261,0.0,0.0
2015-08-13 00:00:00+09:00,7730.0,8100.0,7530.0,7920.0,722434,0.0,0.0
2015-08-14 00:00:00+09:00,7920.0,7920.0,7920.0,7920.0,0,0.0,0.0
2015-08-17 00:00:00+09:00,7920.0,8210.0,7100.0,7100.0,949059,0.0,0.0
2015-08-18 00:00:00+09:00,7200.0,7230.0,6730.0,6900.0,957862,0.0,0.0
2015-08-19 00:00:00+09:00,6850.0,6900.0,6420.0,6680.0,717396,0.0,0.0
2015-08-20 00:00:00+09:00,6700.0,6810.0,6430.0,6480.0,405221,0.0,0.0
2015-08-21 00:00:00+09:00,5950.0,6250.0,5710.0,5950.0,831621,0.0,0.0
2015-08-24 00:00:00+09:00,5800.0,6190.0,5800.0,5890.0,400446,0.0,0.0
2015-08-25 00:00:00+09:00,6030.0,6230.0,5860.0,6100.0,478223,0.0,0.0
2015-08-26 00:00:00+09:00,6070.0,6410.0,5950.0,6410.0,705457,0.0,0.0
2015-08-27 00:00:00+09:00,6450.0,6500.0,6200.0,6290.0,497128,0.0,0.0
2015-08-28 00:00:00+09:00,6340.0,6350.0,6050.0,6100.0,739781,0.0,0.0
2015-08-31 00:00:00+09:00,6080.0,6300.0,6040.0,6090.0,588938,0.0,0.0
2015-09-01 00:00:00+09:00,6100.0,6210.0,5980.0,5980.0,381310,0.0,0.0
2015-09-02 00:00:00+09:00,5880.0,5990.0,5680.0,5880.0,504083,0.0,0.0
2015-09-03 00:00:00+09:00,5880.0,6190.0,5880.0,5960.0,352568,0.0,0.0
2015-09-04 00:00:00+09:00,5960.0,6070.0,5630.0,5670.0,382692,0.0,0.0
2015-09-07 00:00:00+09:00,5610.0,5830.0,5580.0,5730.0,130749,0.0,0.0
2015-09-08 00:00:00+09:00,5730.0,5770.0,5550.0,5650.0,188159,0.0,0.0
2015-09-09 00:00:00+09:00,5820.0,6030.0,5740.0,5940.0,303751,0.0,0.0
2015-09-10 00:00:00+09:00,5910.0,6100.0,5840.0,6030.0,159569,0.0,0.0
2015-09-11 00:00:00+09:00,5980.0,6130.0,5900.0,5910.0,213159,0.0,0.0
2015-09-14 00:00:00+09:00,5950.0,6060.0,5810.0,5860.0,172036,0.0,0.0
2015-09-15 00:00:00+09:00,5860.0,6150.0,5810.0,6060.0,246436,0.0,0.0
2015-09-16 00:00:00+09:00,6140.0,6140.0,5990.0,6060.0,195682,0.0,0.0
2015-09-17 00:00:00+09:00,6080.0,6120.0,5970.0,5970.0,181333,0.0,0.0
2015-09-18 00:00:00+09:00,6000.0,6170.0,5950.0,6170.0,203541,0.0,0.0
2015-09-21 00:00:00+09:00,6150.0,6150.0,6000.0,6080.0,168998,0.0,0.0
2015-09-22 00:00:00+09:00,6050.0,6230.0,6020.0,6080.0,260821,0.0,0.0
2015-09-23 00:00:00+09:00,6060.0,6150.0,5910.0,6010.0,268803,0.0,0.0
2015-09-24 00:00:00+09:00,6010.0,6060.0,5920.0,6000.0,151236,0.0,0.0
2015-09-25 00:00:00+09:00,6000.0,6430.0,5900.0,6330.0,748071,0.0,0.0
2015-09-30 00:00:00+09:00,6460.0,7150.0,6420.0,6540.0,2115537,0.0,0.0
2015-10-01 00:00:00+09:00,6580.0,6580.0,6320.0,6490.0,428416,0.0,0.0
2015-10-02 00:00:00+09:00,6490.0,6540.0,6270.0,6340.0,334639,0.0,0.0
2015-10-05 00:00:00+09:00,6310.0,6440.0,6310.0,6340.0,181291,0.0,0.0
2015-10-06 00:00:00+09:00,6440.0,6440.0,6050.0,6160.0,401619,0.0,0.0
2015-10-07 00:00:00+09:00,6270.0,7400.0,6200.0,6660.0,2697366,0.0,0.0
2015-10-08 00:00:00+09:00,6680.0,6820.0,6470.0,6530.0,387213,0.0,0.0
2015-10-12 00:00:00+09:00,6610.0,6850.0,6450.0,6700.0,468789,0.0,0.0
2015-10-13 00:00:00+09:00,6600.0,6940.0,6590.0,6870.0,449139,0.0,0.0
2015-10-14 00:00:00+09:00,7040.0,7290.0,6860.0,7090.0,1144467,0.0,0.0
2015-10-15 00:00:00+09:00,7220.0,7230.0,7000.0,7020.0,302407,0.0,0.0
2015-10-16 00:00:00+09:00,7000.0,7020.0,6800.0,6860.0,280427,0.0,0.0
2015-10-19 00:00:00+09:00,6860.0,6930.0,6680.0,6740.0,206775,0.0,0.0
2015-10-20 00:00:00+09:00,6750.0,7050.0,6640.0,6970.0,315053,0.0,0.0
2015-10-21 00:00:00+09:00,7070.0,7090.0,6810.0,6810.0,229947,0.0,0.0
2015-10-22 00:00:00+09:00,6740.0,7070.0,6650.0,6840.0,352374,0.0,0.0
2015-10-23 00:00:00+09:00,6900.0,7000.0,6760.0,6920.0,248982,0.0,0.0
2015-10-26 00:00:00+09:00,7000.0,7020.0,6790.0,6840.0,205787,0.0,0.0
2015-10-27 00:00:00+09:00,6820.0,6870.0,6690.0,6840.0,170271,0.0,0.0
2015-10-28 00:00:00+09:00,6840.0,6850.0,6670.0,6670.0,218042,0.0,0.0
2015-10-29 00:00:00+09:00,6650.0,6850.0,6630.0,6650.0,161602,0.0,0.0
2015-10-30 00:00:00+09:00,6600.0,6660.0,6360.0,6360.0,278494,0.0,0.0
2015-11-02 00:00:00+09:00,6490.0,6490.0,6260.0,6360.0,114841,0.0,0.0
2015-11-03 00:00:00+09:00,6400.0,6410.0,6300.0,6300.0,85395,0.0,0.0
2015-11-04 00:00:00+09:00,6250.0,6290.0,6170.0,6230.0,139861,0.0,0.0
2015-11-05 00:00:00+09:00,6320.0,6430.0,6230.0,6370.0,139919,0.0,0.0
2015-11-06 00:00:00+09:00,6350.0,6380.0,6250.0,6280.0,137448,0.0,0.0
2015-11-09 00:00:00+09:00,6250.0,6300.0,5810.0,5960.0,318009,0.0,0.0
2015-11-10 00:00:00+09:00,5940.0,5940.0,5710.0,5750.0,183261,0.0,0.0
2015-11-11 00:00:00+09:00,5560.0,6020.0,5560.0,5840.0,137793,0.0,0.0
2015-11-12 00:00:00+09:00,5840.0,5980.0,5840.0,5900.0,58202,0.0,0.0
2015-11-13 00:00:00+09:00,5890.0,5890.0,5700.0,5780.0,129434,0.0,0.0
2015-11-16 00:00:00+09:00,5700.0,5950.0,5570.0,5760.0,116746,0.0,0.0
2015-11-17 00:00:00+09:00,5700.0,5820.0,5690.0,5710.0,92209,0.0,0.0
2015-11-18 00:00:00+09:00,5710.0,5750.0,5490.0,5500.0,190626,0.0,0.0
2015-11-19 00:00:00+09:00,5510.0,5750.0,5500.0,5670.0,116442,0.0,0.0
2015-11-20 00:00:00+09:00,5610.0,5740.0,5610.0,5720.0,60671,0.0,0.0
2015-11-23 00:00:00+09:00,5770.0,5840.0,5710.0,5820.0,155775,0.0,0.0
2015-11-24 00:00:00+09:00,5800.0,5880.0,5740.0,5790.0,93833,0.0,0.0
2015-11-25 00:00:00+09:00,5890.0,5920.0,5810.0,5810.0,88969,0.0,0.0
2015-11-26 00:00:00+09:00,5790.0,5890.0,5710.0,5770.0,100024,0.0,0.0
2015-11-27 00:00:00+09:00,5770.0,5800.0,5640.0,5670.0,128983,0.0,0.0
2015-11-30 00:00:00+09:00,5680.0,5730.0,5540.0,5560.0,78081,0.0,0.0
2015-12-01 00:00:00+09:00,5580.0,5710.0,5570.0,5600.0,84913,0.0,0.0
2015-12-02 00:00:00+09:00,5610.0,5720.0,5560.0,5610.0,87626,0.0,0.0
2015-12-03 00:00:00+09:00,5670.0,5690.0,5550.0,5600.0,51556,0.0,0.0
2015-12-04 00:00:00+09:00,5550.0,5650.0,5510.0,5640.0,76340,0.0,0.0
2015-12-07 00:00:00+09:00,5640.0,5800.0,5640.0,5690.0,95584,0.0,0.0
2015-12-08 00:00:00+09:00,5620.0,5740.0,5300.0,5460.0,135196,0.0,0.0
2015-12-09 00:00:00+09:00,5390.0,5500.0,5270.0,5330.0,113288,0.0,0.0
2015-12-10 00:00:00+09:00,5230.0,5290.0,5050.0,5090.0,199308,0.0,0.0
2015-12-11 00:00:00+09:00,5130.0,5180.0,4995.0,5170.0,84428,0.0,0.0
2015-12-14 00:00:00+09:00,5100.0,5120.0,4875.0,4890.0,155509,0.0,0.0
2015-12-15 00:00:00+09:00,4900.0,5760.0,4890.0,5070.0,444028,0.0,0.0
2015-12-16 00:00:00+09:00,5300.0,5350.0,5150.0,5170.0,79738,0.0,0.0
2015-12-17 00:00:00+09:00,5210.0,5290.0,5120.0,5210.0,62363,0.0,0.0
2015-12-18 00:00:00+09:00,5170.0,5500.0,5170.0,5400.0,120026,0.0,0.0
2015-12-21 00:00:00+09:00,5250.0,5450.0,5250.0,5420.0,43679,0.0,0.0
2015-12-22 00:00:00+09:00,5520.0,5520.0,5310.0,5330.0,60949,0.0,0.0
2015-12-23 00:00:00+09:00,5320.0,5540.0,5320.0,5340.0,50357,0.0,0.0
2015-12-24 00:00:00+09:00,5390.0,5390.0,5300.0,5370.0,30127,0.0,0.0
2015-12-28 00:00:00+09:00,5370.0,5660.0,5260.0,5430.0,217922,0.0,0.0
2015-12-29 00:00:00+09:00,5160.0,5440.0,5050.0,5350.0,89143,0.0,0.0
2015-12-30 00:00:00+09:00,5340.0,5430.0,5300.0,5400.0,53920,0.0,0.0
2016-01-04 00:00:00+09:00,5450.0,5460.0,5200.0,5240.0,60499,0.0,0.0
2016-01-05 00:00:00+09:00,5100.0,5270.0,5060.0,5200.0,70553,0.0,0.0
2016-01-06 00:00:00+09:00,5240.0,5260.0,5090.0,5170.0,95375,0.0,0.0
2016-01-07 00:00:00+09:00,5110.0,5180.0,5010.0,5040.0,103283,0.0,0.0
2016-01-08 00:00:00+09:00,4915.0,5040.0,4700.0,5040.0,125923,0.0,0.0
2016-01-11 00:00:00+09:00,5040.0,5130.0,4945.0,4995.0,62366,0.0,0.0
2016-01-12 00:00:00+09:00,4995.0,5080.0,4920.0,5000.0,30963,0.0,0.0
2016-01-13 00:00:00+09:00,4980.0,5050.0,4950.0,4950.0,70838,0.0,0.0
2016-01-14 00:00:00+09:00,4905.0,4945.0,4725.0,4765.0,147416,0.0,0.0
2016-01-15 00:00:00+09:00,4705.0,4765.0,4630.0,4630.0,160306,0.0,0.0
2016-01-18 00:00:00+09:00,4585.0,4695.0,4450.0,4670.0,130469,0.0,0.0
2016-01-19 00:00:00+09:00,4670.0,4815.0,4600.0,4815.0,78516,0.0,0.0
2016-01-20 00:00:00+09:00,4800.0,4920.0,4670.0,4770.0,92965,0.0,0.0
2016-01-21 00:00:00+09:00,4710.0,4920.0,4650.0,4670.0,40372,0.0,0.0
2016-01-22 00:00:00+09:00,4680.0,4745.0,4510.0,4510.0,113404,0.0,0.0
2016-01-25 00:00:00+09:00,4485.0,4640.0,4460.0,4530.0,69773,0.0,0.0
2016-01-26 00:00:00+09:00,4575.0,4575.0,4460.0,4500.0,54116,0.0,0.0
2016-01-27 00:00:00+09:00,4570.0,4870.0,4460.0,4500.0,164894,0.0,0.0
2016-01-28 00:00:00+09:00,4495.0,4530.0,4455.0,4460.0,52113,0.0,0.0
2016-01-29 00:00:00+09:00,4460.0,4490.0,4310.0,4355.0,114189,0.0,0.0
2016-02-01 00:00:00+09:00,4360.0,4480.0,4350.0,4400.0,47833,0.0,0.0
2016-02-02 00:00:00+09:00,4405.0,4480.0,4315.0,4345.0,38614,0.0,0.0
2016-02-03 00:00:00+09:00,4345.0,4380.0,4250.0,4350.0,58568,0.0,0.0
2016-02-04 00:00:00+09:00,4350.0,4390.0,4270.0,4340.0,53804,0.0,0.0
2016-02-05 00:00:00+09:00,4375.0,4395.0,4290.0,4320.0,60763,0.0,0.0
2016-02-11 00:00:00+09:00,4195.0,4245.0,3905.0,3970.0,145248,0.0,0.0
2016-02-12 00:00:00+09:00,3870.0,3945.0,3605.0,3630.0,176190,0.0,0.0
2016-02-15 00:00:00+09:00,3655.0,3870.0,3655.0,3855.0,67070,0.0,0.0
2016-02-16 00:00:00+09:00,3830.0,4065.0,3830.0,4025.0,65462,0.0,0.0
2016-02-17 00:00:00+09:00,4025.0,4070.0,3975.0,3980.0,40797,0.0,0.0
2016-02-18 00:00:00+09:00,4025.0,4160.0,4025.0,4160.0,67810,0.0,0.0
2016-02-19 00:00:00+09:00,4090.0,4310.0,4090.0,4270.0,47755,0.0,0.0
2016-02-22 00:00:00+09:00,4245.0,4340.0,4245.0,4285.0,25519,0.0,0.0
2016-02-23 00:00:00+09:00,4230.0,4285.0,4130.0,4210.0,44651,0.0,0.0
2016-02-24 00:00:00+09:00,4130.0,4210.0,4110.0,4180.0,32312,0.0,0.0
2016-02-25 00:00:00+09:00,4180.0,4185.0,4105.0,4145.0,47233,0.0,0.0
2016-02-26 00:00:00+09:00,4180.0,4245.0,4100.0,4140.0,37197,0.0,0.0
2016-02-29 00:00:00+09:00,4235.0,4235.0,4050.0,4145.0,78523,0.0,0.0
2016-03-02 00:00:00+09:00,4200.0,4265.0,4125.0,4245.0,65098,0.0,0.0
2016-03-03 00:00:00+09:00,4210.0,4415.0,4210.0,4405.0,79510,0.0,0.0
2016-03-04 00:00:00+09:00,4450.0,4485.0,4370.0,4400.0,50126,0.0,0.0
2016-03-07 00:00:00+09:00,4400.0,4440.0,4360.0,4410.0,40026,0.0,0.0
2016-03-08 00:00:00+09:00,4370.0,4455.0,4320.0,4440.0,45929,0.0,0.0
2016-03-09 00:00:00+09:00,4370.0,4435.0,4360.0,4420.0,41771,0.0,0.0
2016-03-10 00:00:00+09:00,4675.0,5140.0,4545.0,4545.0,569341,0.0,0.0
2016-03-11 00:00:00+09:00,4600.0,4645.0,4380.0,4390.0,171612,0.0,0.0
2016-03-14 00:00:00+09:00,4390.0,4495.0,4275.0,4375.0,74905,0.0,0.0
2016-03-15 00:00:00+09:00,4350.0,4445.0,4340.0,4390.0,62404,0.0,0.0
2016-03-16 00:00:00+09:00,4365.0,4450.0,4365.0,4380.0,50025,0.0,0.0
2016-03-17 00:00:00+09:00,4380.0,4470.0,4365.0,4435.0,65056,0.0,0.0
2016-03-18 00:00:00+09:00,4440.0,4470.0,4360.0,4395.0,35867,0.0,0.0
2016-03-21 00:00:00+09:00,4395.0,4455.0,4345.0,4345.0,52204,0.0,0.0
2016-03-22 00:00:00+09:00,4350.0,4450.0,4345.0,4390.0,81754,0.0,0.0
2016-03-23 00:00:00+09:00,4400.0,4445.0,4295.0,4300.0,60319,0.0,0.0
2016-03-24 00:00:00+09:00,4250.0,4300.0,4225.0,4250.0,53024,0.0,0.0
2016-03-25 00:00:00+09:00,4250.0,4400.0,4210.0,4255.0,57175,0.0,0.0
2016-03-28 00:00:00+09:00,4270.0,4325.0,4180.0,4180.0,59359,0.0,0.0
2016-03-29 00:00:00+09:00,4155.0,4265.0,4155.0,4205.0,51336,0.0,0.0
2016-03-30 00:00:00+09:00,4290.0,4335.0,4200.0,4210.0,59563,0.0,0.0
2016-03-31 00:00:00+09:00,4230.0,4250.0,4200.0,4235.0,29412,0.0,0.0
2016-04-01 00:00:00+09:00,4235.0,4280.0,4155.0,4190.0,28600,0.0,0.0
2016-04-04 00:00:00+09:00,4190.0,4200.0,4130.0,4140.0,42031,0.0,0.0
2016-04-05 00:00:00+09:00,4140.0,4140.0,4050.0,4085.0,88965,0.0,0.0
2016-04-06 00:00:00+09:00,4105.0,4105.0,4030.0,4030.0,53566,0.0,0.0
2016-04-07 00:00:00+09:00,4035.0,4060.0,4000.0,4030.0,48888,0.0,0.0
2016-04-08 00:00:00+09:00,3990.0,4050.0,3990.0,4010.0,47099,0.0,0.0
2016-04-11 00:00:00+09:00,4015.0,4090.0,4015.0,4045.0,31275,0.0,0.0
2016-04-12 00:00:00+09:00,4025.0,4085.0,4025.0,4050.0,32119,0.0,0.0
2016-04-14 00:00:00+09:00,4100.0,4125.0,4060.0,4065.0,40214,0.0,0.0
2016-04-15 00:00:00+09:00,4070.0,4970.0,4070.0,4490.0,1375847,0.0,0.0
2016-04-18 00:00:00+09:00,4500.0,4500.0,4405.0,4485.0,168841,0.0,0.0
2016-04-19 00:00:00+09:00,4460.0,4580.0,4420.0,4430.0,107426,0.0,0.0
2016-04-20 00:00:00+09:00,4470.0,4470.0,4365.0,4385.0,81224,0.0,0.0
2016-04-21 00:00:00+09:00,4360.0,4415.0,4320.0,4340.0,105487,0.0,0.0
2016-04-22 00:00:00+09:00,4340.0,4380.0,4310.0,4360.0,65443,0.0,0.0
2016-04-25 00:00:00+09:00,4395.0,4395.0,4315.0,4315.0,77240,0.0,0.0
2016-04-26 00:00:00+09:00,4355.0,4365.0,4270.0,4290.0,78399,0.0,0.0
2016-04-27 00:00:00+09:00,4310.0,4470.0,4295.0,4415.0,149063,0.0,0.0
2016-04-28 00:00:00+09:00,4420.0,4660.0,4420.0,4465.0,124590,0.0,0.0
2016-04-29 00:00:00+09:00,4500.0,4500.0,4370.0,4385.0,48284,0.0,0.0
2016-05-02 00:00:00+09:00,4385.0,4410.0,4280.0,4345.0,136022,0.0,0.0
2016-05-03 00:00:00+09:00,4580.0,5480.0,4540.0,4795.0,4661110,0.0,0.0
2016-05-04 00:00:00+09:00,4720.0,4775.0,4565.0,4695.0,664745,0.0,0.0
2016-05-09 00:00:00+09:00,4740.0,4850.0,4610.0,4660.0,307622,0.0,0.0
2016-05-10 00:00:00+09:00,4725.0,5300.0,4725.0,4970.0,1541426,0.0,0.0
2016-05-11 00:00:00+09:00,4970.0,4970.0,4860.0,4870.0,237892,0.0,0.0
2016-05-12 00:00:00+09:00,4835.0,5000.0,4790.0,4805.0,230289,0.0,0.0
2016-05-13 00:00:00+09:00,4805.0,4805.0,4650.0,4730.0,222024,0.0,0.0
2016-05-16 00:00:00+09:00,4730.0,4780.0,4510.0,4620.0,211150,0.0,0.0
2016-05-17 00:00:00+09:00,4625.0,4640.0,4490.0,4525.0,101473,0.0,0.0
2016-05-18 00:00:00+09:00,4515.0,4515.0,4380.0,4415.0,128552,0.0,0.0
2016-05-19 00:00:00+09:00,4410.0,4460.0,4400.0,4440.0,109647,0.0,0.0
2016-05-20 00:00:00+09:00,4370.0,4870.0,4370.0,4705.0,530106,0.0,0.0
2016-05-23 00:00:00+09:00,4720.0,4725.0,4660.0,4725.0,126298,0.0,0.0
2016-05-24 00:00:00+09:00,4760.0,4800.0,4710.0,4760.0,188051,0.0,0.0
2016-05-25 00:00:00+09:00,4750.0,4930.0,4710.0,4835.0,304596,0.0,0.0
2016-05-26 00:00:00+09:00,4890.0,4890.0,4690.0,4875.0,290308,0.0,0.0
2016-05-27 00:00:00+09:00,4880.0,4980.0,4830.0,4855.0,206284,0.0,0.0
2016-05-30 00:00:00+09:00,4855.0,4885.0,4715.0,4730.0,136911,0.0,0.0
2016-05-31 00:00:00+09:00,4680.0,4830.0,4630.0,4805.0,132406,0.0,0.0
2016-06-01 00:00:00+09:00,4810.0,4865.0,4765.0,4840.0,84273,0.0,0.0
2016-06-02 00:00:00+09:00,4840.0,4910.0,4765.0,4820.0,76152,0.0,0.0
2016-06-03 00:00:00+09:00,4820.0,4865.0,4700.0,4760.0,99088,0.0,0.0
2016-06-07 00:00:00+09:00,4795.0,4795.0,4715.0,4760.0,79599,0.0,0.0
2016-06-08 00:00:00+09:00,4790.0,4800.0,4670.0,4715.0,116373,0.0,0.0
2016-06-09 00:00:00+09:00,4695.0,4705.0,4580.0,4650.0,94341,0.0,0.0
2016-06-10 00:00:00+09:00,4650.0,4705.0,4540.0,4575.0,95716,0.0,0.0
2016-06-13 00:00:00+09:00,4650.0,4835.0,4560.0,4695.0,172490,0.0,0.0
2016-06-14 00:00:00+09:00,4625.0,4700.0,4580.0,4625.0,80183,0.0,0.0
2016-06-15 00:00:00+09:00,4635.0,4645.0,4555.0,4580.0,81959,0.0,0.0
2016-06-16 00:00:00+09:00,4630.0,4665.0,4470.0,4470.0,90335,0.0,0.0
2016-06-17 00:00:00+09:00,4545.0,4595.0,4450.0,4500.0,45880,0.0,0.0
2016-06-20 00:00:00+09:00,4495.0,4550.0,4450.0,4505.0,67737,0.0,0.0
2016-06-21 00:00:00+09:00,4505.0,4620.0,4505.0,4575.0,84298,0.0,0.0
2016-06-22 00:00:00+09:00,4640.0,4750.0,4515.0,4750.0,151514,0.0,0.0
2016-06-23 00:00:00+09:00,4690.0,4790.0,4620.0,4790.0,170662,0.0,0.0
2016-06-24 00:00:00+09:00,4760.0,4870.0,4230.0,4340.0,466683,0.0,0.0
2016-06-27 00:00:00+09:00,4200.0,4325.0,4150.0,4300.0,131956,0.0,0.0
2016-06-28 00:00:00+09:00,4200.0,4440.0,4200.0,4305.0,103788,0.0,0.0
2016-06-29 00:00:00+09:00,4320.0,4435.0,4320.0,4410.0,93549,0.0,0.0
2016-06-30 00:00:00+09:00,4410.0,4490.0,4380.0,4420.0,64979,0.0,0.0
2016-07-01 00:00:00+09:00,4450.0,4760.0,4425.0,4690.0,275165,0.0,0.0
2016-07-04 00:00:00+09:00,4690.0,4950.0,4565.0,4610.0,625393,0.0,0.0
2016-07-05 00:00:00+09:00,4605.0,4665.0,4560.0,4610.0,90563,0.0,0.0
2016-07-06 00:00:00+09:00,4600.0,4600.0,4440.0,4470.0,125187,0.0,0.0
2016-07-07 00:00:00+09:00,4470.0,4580.0,4450.0,4470.0,51030,0.0,0.0
2016-07-08 00:00:00+09:00,4430.0,4520.0,4380.0,4415.0,100795,0.0,0.0
2016-07-11 00:00:00+09:00,4430.0,4495.0,4405.0,4480.0,56262,0.0,0.0
2016-07-12 00:00:00+09:00,4500.0,4520.0,4415.0,4470.0,29266,0.0,0.0
2016-07-13 00:00:00+09:00,4505.0,4690.0,4470.0,4630.0,234143,0.0,0.0
2016-07-14 00:00:00+09:00,4675.0,4860.0,4595.0,4630.0,392034,0.0,0.0
2016-07-15 00:00:00+09:00,4630.0,4780.0,4575.0,4780.0,174947,0.0,0.0
2016-07-18 00:00:00+09:00,4820.0,4845.0,4680.0,4780.0,197954,0.0,0.0
2016-07-19 00:00:00+09:00,4755.0,4800.0,4695.0,4710.0,108155,0.0,0.0
2016-07-20 00:00:00+09:00,4710.0,4750.0,4610.0,4750.0,98326,0.0,0.0
2016-07-21 00:00:00+09:00,4805.0,5140.0,4675.0,4700.0,791126,0.0,0.0
2016-07-22 00:00:00+09:00,4720.0,4750.0,4585.0,4675.0,158975,0.0,0.0
2016-07-25 00:00:00+09:00,4620.0,4675.0,4540.0,4565.0,146287,0.0,0.0
2016-07-26 00:00:00+09:00,4520.0,4610.0,4520.0,4575.0,48580,0.0,0.0
2016-07-27 00:00:00+09:00,4575.0,5250.0,4500.0,4710.0,2240159,0.0,0.0
2016-07-28 00:00:00+09:00,4710.0,4710.0,4595.0,4615.0,359066,0.0,0.0
2016-07-29 00:00:00+09:00,4600.0,4635.0,4520.0,4560.0,196077,0.0,0.0
2016-08-01 00:00:00+09:00,4560.0,4650.0,4545.0,4630.0,104413,0.0,0.0
2016-08-02 00:00:00+09:00,4650.0,4700.0,4595.0,4660.0,115506,0.0,0.0
2016-08-03 00:00:00+09:00,4660.0,4675.0,4550.0,4610.0,73848,0.0,0.0
2016-08-04 00:00:00+09:00,4610.0,4645.0,4560.0,4620.0,116066,0.0,0.0
2016-08-05 00:00:00+09:00,4645.0,4665.0,4590.0,4620.0,82789,0.0,0.0
2016-08-08 00:00:00+09:00,4610.0,4610.0,4480.0,4525.0,172052,0.0,0.0
2016-08-09 00:00:00+09:00,4485.0,4570.0,4400.0,4400.0,212083,0.0,0.0
2016-08-10 00:00:00+09:00,4370.0,4510.0,4370.0,4485.0,71154,0.0,0.0
2016-08-11 00:00:00+09:00,4500.0,4520.0,4465.0,4485.0,37697,0.0,0.0
2016-08-12 00:00:00+09:00,4445.0,4520.0,4400.0,4475.0,96484,0.0,0.0
2016-08-16 00:00:00+09:00,4450.0,4530.0,4415.0,4450.0,70295,0.0,0.0
2016-08-17 00:00:00+09:00,4440.0,4490.0,4350.0,4370.0,71758,0.0,0.0
2016-08-18 00:00:00+09:00,4350.0,4575.0,4305.0,4320.0,152423,0.0,0.0
2016-08-19 00:00:00+09:00,4310.0,4390.0,4275.0,4300.0,97574,0.0,0.0
2016-08-22 00:00:00+09:00,4305.0,4330.0,4250.0,4265.0,77449,0.0,0.0
2016-08-23 00:00:00+09:00,4250.0,4330.0,4195.0,4195.0,158093,0.0,0.0
2016-08-24 00:00:00+09:00,4195.0,4250.0,4155.0,4225.0,70692,0.0,0.0
2016-08-25 00:00:00+09:00,4190.0,4235.0,4160.0,4190.0,97330,0.0,0.0
2016-08-26 00:00:00+09:00,4110.0,4190.0,4050.0,4115.0,81174,0.0,0.0
2016-08-29 00:00:00+09:00,4050.0,4080.0,3930.0,3940.0,179776,0.0,0.0
2016-08-30 00:00:00+09:00,3890.0,4400.0,3890.0,4085.0,236546,0.0,0.0
2016-08-31 00:00:00+09:00,4140.0,4385.0,4005.0,4130.0,429974,0.0,0.0
2016-09-01 00:00:00+09:00,4140.0,4285.0,4130.0,4280.0,113401,0.0,0.0
2016-09-02 00:00:00+09:00,4285.0,4330.0,4205.0,4280.0,65059,0.0,0.0
2016-09-05 00:00:00+09:00,4285.0,4340.0,4180.0,4285.0,81310,0.0,0.0
2016-09-06 00:00:00+09:00,4260.0,4310.0,4180.0,4185.0,59892,0.0,0.0
2016-09-07 00:00:00+09:00,4185.0,4240.0,4030.0,4120.0,75558,0.0,0.0
2016-09-08 00:00:00+09:00,4120.0,4200.0,3925.0,3945.0,160291,0.0,0.0
2016-09-09 00:00:00+09:00,3945.0,4040.0,3915.0,3995.0,82961,0.0,0.0
2016-09-12 00:00:00+09:00,3900.0,3990.0,3895.0,3895.0,75278,0.0,0.0
2016-09-13 00:00:00+09:00,3825.0,3935.0,3825.0,3905.0,74126,0.0,0.0
2016-09-19 00:00:00+09:00,3910.0,3980.0,3850.0,3900.0,75613,0.0,0.0
2016-09-20 00:00:00+09:00,3925.0,3965.0,3895.0,3915.0,48641,0.0,0.0
2016-09-21 00:00:00+09:00,3905.0,3950.0,3905.0,3935.0,66504,0.0,0.0
2016-09-22 00:00:00+09:00,3940.0,4045.0,3940.0,4030.0,88398,0.0,0.0
2016-09-23 00:00:00+09:00,4025.0,4085.0,3990.0,4065.0,47189,0.0,0.0
2016-09-26 00:00:00+09:00,4020.0,4065.0,3915.0,3940.0,109778,0.0,0.0
2016-09-27 00:00:00+09:00,3960.0,3990.0,3910.0,3915.0,66045,0.0,0.0
2016-09-28 00:00:00+09:00,3940.0,3980.0,3910.0,3935.0,50266,0.0,0.0
2016-09-29 00:00:00+09:00,3935.0,3975.0,3895.0,3925.0,68272,0.0,0.0
2016-09-30 00:00:00+09:00,3895.0,3925.0,3760.0,3790.0,156599,0.0,0.0
2016-10-04 00:00:00+09:00,3810.0,3870.0,3780.0,3825.0,45987,0.0,0.0
2016-10-05 00:00:00+09:00,3715.0,3840.0,3715.0,3840.0,58187,0.0,0.0
2016-10-06 00:00:00+09:00,3825.0,3840.0,3750.0,3805.0,34082,0.0,0.0
2016-10-07 00:00:00+09:00,3810.0,3830.0,3700.0,3745.0,70072,0.0,0.0
2016-10-10 00:00:00+09:00,3675.0,3800.0,3675.0,3725.0,56807,0.0,0.0
2016-10-11 00:00:00+09:00,3740.0,3750.0,3655.0,3700.0,73131,0.0,0.0
2016-10-12 00:00:00+09:00,3690.0,3950.0,3630.0,3795.0,251671,0.0,0.0
2016-10-13 00:00:00+09:00,3790.0,3830.0,3750.0,3750.0,57455,0.0,0.0
2016-10-14 00:00:00+09:00,3800.0,4770.0,3730.0,4025.0,3160017,0.0,0.0
2016-10-17 00:00:00+09:00,4060.0,4060.0,3900.0,4060.0,489746,0.0,0.0
2016-10-18 00:00:00+09:00,4080.0,4095.0,3930.0,3930.0,228054,0.0,0.0
2016-10-19 00:00:00+09:00,3970.0,3990.0,3900.0,3930.0,159737,0.0,0.0
2016-10-20 00:00:00+09:00,3930.0,3960.0,3860.0,3870.0,106765,0.0,0.0
2016-10-21 00:00:00+09:00,3880.0,3930.0,3755.0,3755.0,138303,0.0,0.0
2016-10-24 00:00:00+09:00,3760.0,3840.0,3635.0,3665.0,114728,0.0,0.0
2016-10-25 00:00:00+09:00,3675.0,3700.0,3605.0,3610.0,99101,0.0,0.0
2016-10-26 00:00:00+09:00,3600.0,3630.0,3535.0,3545.0,97975,0.0,0.0
2016-10-27 00:00:00+09:00,3545.0,3635.0,3510.0,3605.0,41741,0.0,0.0
2016-10-28 00:00:00+09:00,3680.0,3680.0,3505.0,3605.0,33084,0.0,0.0
2016-10-31 00:00:00+09:00,3600.0,3600.0,3470.0,3480.0,78800,0.0,0.0
2016-11-01 00:00:00+09:00,3450.0,3535.0,3445.0,3450.0,46564,0.0,0.0
2016-11-02 00:00:00+09:00,3450.0,3455.0,3225.0,3290.0,124899,0.0,0.0
2016-11-03 00:00:00+09:00,3110.0,3380.0,3110.0,3355.0,81300,0.0,0.0
2016-11-04 00:00:00+09:00,3355.0,3370.0,3300.0,3325.0,19561,0.0,0.0
2016-11-07 00:00:00+09:00,3325.0,3450.0,3325.0,3415.0,54613,0.0,0.0
2016-11-08 00:00:00+09:00,3440.0,3570.0,3410.0,3440.0,45698,0.0,0.0
2016-11-09 00:00:00+09:00,3445.0,3570.0,3090.0,3195.0,142255,0.0,0.0
2016-11-10 00:00:00+09:00,3230.0,3390.0,3230.0,3350.0,42071,0.0,0.0
2016-11-11 00:00:00+09:00,3350.0,3400.0,3295.0,3380.0,28733,0.0,0.0
2016-11-14 00:00:00+09:00,3420.0,3460.0,3360.0,3420.0,22932,0.0,0.0
2016-11-15 00:00:00+09:00,3390.0,3515.0,3390.0,3485.0,44790,0.0,0.0
2016-11-16 00:00:00+09:00,3485.0,3590.0,3485.0,3535.0,56458,0.0,0.0
2016-11-17 00:00:00+09:00,3550.0,3575.0,3510.0,3555.0,34910,0.0,0.0
2016-11-18 00:00:00+09:00,3510.0,3520.0,3425.0,3425.0,50207,0.0,0.0
2016-11-21 00:00:00+09:00,3395.0,3475.0,3385.0,3425.0,26543,0.0,0.0
2016-11-22 00:00:00+09:00,3390.0,3470.0,3390.0,3395.0,20290,0.0,0.0
2016-11-23 00:00:00+09:00,3375.0,3435.0,3295.0,3305.0,37273,0.0,0.0
2016-11-24 00:00:00+09:00,3370.0,3370.0,3170.0,3220.0,65823,0.0,0.0
2016-11-25 00:00:00+09:00,3185.0,3295.0,3185.0,3230.0,40724,0.0,0.0
2016-11-28 00:00:00+09:00,3230.0,3290.0,3220.0,3230.0,28935,0.0,0.0
2016-11-29 00:00:00+09:00,3270.0,3270.0,3195.0,3215.0,14173,0.0,0.0
2016-11-30 00:00:00+09:00,3200.0,3225.0,3000.0,3190.0,62400,0.0,0.0
2016-12-01 00:00:00+09:00,3190.0,3285.0,3150.0,3165.0,16053,0.0,0.0
2016-12-02 00:00:00+09:00,3165.0,3350.0,3110.0,3245.0,37450,0.0,0.0
2016-12-05 00:00:00+09:00,3285.0,3285.0,3150.0,3155.0,33674,0.0,0.0
2016-12-06 00:00:00+09:00,3115.0,3210.0,3115.0,3155.0,29496,0.0,0.0
2016-12-07 00:00:00+09:00,3155.0,3210.0,3110.0,3155.0,37754,0.0,0.0
2016-12-08 00:00:00+09:00,3170.0,3210.0,3155.0,3210.0,38549,0.0,0.0
2016-12-09 00:00:00+09:00,3210.0,3335.0,3195.0,3335.0,44475,0.0,0.0
2016-12-12 00:00:00+09:00,3340.0,3395.0,3340.0,3380.0,22274,0.0,0.0
2016-12-13 00:00:00+09:00,3360.0,3390.0,3325.0,3340.0,36691,0.0,0.0
2016-12-14 00:00:00+09:00,3390.0,3400.0,3345.0,3400.0,29823,0.0,0.0
2016-12-15 00:00:00+09:00,3400.0,3525.0,3400.0,3480.0,67633,0.0,0.0
2016-12-16 00:00:00+09:00,3480.0,3485.0,3330.0,3445.0,22910,0.0,0.0
2016-12-19 00:00:00+09:00,3445.0,3475.0,3360.0,3450.0,22501,0.0,0.0
2016-12-20 00:00:00+09:00,3470.0,3480.0,3400.0,3440.0,23147,0.0,0.0
2016-12-21 00:00:00+09:00,3440.0,3460.0,3380.0,3415.0,41045,0.0,0.0
2016-12-22 00:00:00+09:00,3385.0,3470.0,3335.0,3340.0,53081,0.0,0.0
2016-12-23 00:00:00+09:00,3335.0,3400.0,3335.0,3365.0,24855,0.0,0.0
2016-12-26 00:00:00+09:00,3335.0,3370.0,3320.0,3350.0,20617,0.0,0.0
2016-12-27 00:00:00+09:00,3340.0,4355.0,3340.0,4140.0,10543519,0.0,0.0
2016-12-28 00:00:00+09:00,4450.0,5310.0,4450.0,5310.0,10274203,0.0,0.0
2016-12-29 00:00:00+09:00,5300.0,5770.0,5150.0,5400.0,7640060,0.0,0.0
2017-01-02 00:00:00+09:00,5210.0,5420.0,5160.0,5400.0,2758085,0.0,0.0
2017-01-03 00:00:00+09:00,5920.0,6140.0,5430.0,5480.0,5362949,0.0,0.0
2017-01-04 00:00:00+09:00,5390.0,5400.0,5110.0,5290.0,1562929,0.0,0.0
2017-01-05 00:00:00+09:00,5200.0,5350.0,5160.0,5250.0,889316,0.0,0.0
2017-01-06 00:00:00+09:00,5220.0,5540.0,5160.0,5490.0,2363163,0.0,0.0
2017-01-09 00:00:00+09:00,5490.0,5530.0,5280.0,5510.0,1145050,0.0,0.0
2017-01-10 00:00:00+09:00,5600.0,5660.0,5280.0,5430.0,918081,0.0,0.0
2017-01-11 00:00:00+09:00,5220.0,5390.0,5080.0,5250.0,756732,0.0,0.0
2017-01-12 00:00:00+09:00,5060.0,5140.0,4665.0,4815.0,1384715,0.0,0.0
2017-01-13 00:00:00+09:00,4840.0,4875.0,4465.0,4670.0,1117839,0.0,0.0
2017-01-16 00:00:00+09:00,4700.0,5380.0,4660.0,5090.0,2606137,0.0,0.0
2017-01-17 00:00:00+09:00,5170.0,5350.0,5000.0,5270.0,1153689,0.0,0.0
2017-01-18 00:00:00+09:00,5250.0,5250.0,4885.0,5070.0,786317,0.0,0.0
2017-01-19 00:00:00+09:00,5130.0,5280.0,4450.0,4520.0,1471291,0.0,0.0
2017-01-20 00:00:00+09:00,4400.0,4545.0,4280.0,4320.0,821909,0.0,0.0
2017-01-23 00:00:00+09:00,4325.0,4445.0,4145.0,4145.0,668910,0.0,0.0
2017-01-24 00:00:00+09:00,4140.0,4955.0,4115.0,4175.0,3625712,0.0,0.0
2017-01-25 00:00:00+09:00,4230.0,4345.0,3985.0,4085.0,630238,0.0,0.0
2017-01-26 00:00:00+09:00,4015.0,4180.0,4005.0,4180.0,352902,0.0,0.0
2017-01-31 00:00:00+09:00,4100.0,4130.0,3920.0,4010.0,594281,0.0,0.0
2017-02-01 00:00:00+09:00,3975.0,4075.0,3945.0,4075.0,247782,0.0,0.0
2017-02-02 00:00:00+09:00,3155.0,3510.0,3155.0,3330.0,1723130,0.0,0.0
2017-02-03 00:00:00+09:00,3325.0,3390.0,3280.0,3300.0,320298,0.0,0.0
2017-02-06 00:00:00+09:00,3255.0,3400.0,3255.0,3370.0,250656,0.0,0.0
2017-02-07 00:00:00+09:00,3340.0,3385.0,3300.0,3305.0,177810,0.0,0.0
2017-02-08 00:00:00+09:00,3310.0,3325.0,3190.0,3315.0,236941,0.0,0.0
2017-02-09 00:00:00+09:00,3300.0,3475.0,3275.0,3400.0,338608,0.0,0.0
2017-02-10 00:00:00+09:00,3440.0,3440.0,3295.0,3300.0,215186,0.0,0.0
2017-02-13 00:00:00+09:00,3355.0,3840.0,3165.0,3360.0,1252305,0.0,0.0
2017-02-14 00:00:00+09:00,3400.0,3410.0,3315.0,3380.0,196744,0.0,0.0
2017-02-15 00:00:00+09:00,3390.0,3475.0,3335.0,3440.0,248181,0.0,0.0
2017-02-16 00:00:00+09:00,3470.0,3490.0,3370.0,3395.0,227729,0.0,0.0
2017-02-17 00:00:00+09:00,3405.0,3435.0,3355.0,3370.0,102668,0.0,0.0
2017-02-20 00:00:00+09:00,3420.0,3535.0,3340.0,3340.0,301921,0.0,0.0
2017-02-21 00:00:00+09:00,3340.0,3420.0,3340.0,3360.0,103730,0.0,0.0
2017-02-22 00:00:00+09:00,3360.0,3415.0,3355.0,3385.0,87488,0.0,0.0
2017-02-23 00:00:00+09:00,3390.0,3415.0,3350.0,3400.0,84969,0.0,0.0
2017-02-24 00:00:00+09:00,3415.0,3420.0,3350.0,3360.0,129657,0.0,0.0
2017-02-27 00:00:00+09:00,3395.0,3395.0,3270.0,3285.0,184331,0.0,0.0
2017-02-28 00:00:00+09:00,3285.0,3550.0,3250.0,3330.0,489869,0.0,0.0
2017-03-02 00:00:00+09:00,3370.0,3370.0,3300.0,3320.0,104212,0.0,0.0
2017-03-03 00:00:00+09:00,3305.0,3335.0,3220.0,3240.0,161965,0.0,0.0
2017-03-06 00:00:00+09:00,3200.0,3280.0,3195.0,3260.0,68250,0.0,0.0
2017-03-07 00:00:00+09:00,3270.0,3270.0,3205.0,3230.0,93838,0.0,0.0
2017-03-08 00:00:00+09:00,3230.0,3315.0,3225.0,3260.0,74011,0.0,0.0
2017-03-09 00:00:00+09:00,3235.0,3320.0,3235.0,3250.0,104103,0.0,0.0
2017-03-10 00:00:00+09:00,3255.0,3340.0,3165.0,3335.0,169620,0.0,0.0
2017-03-13 00:00:00+09:00,3315.0,3390.0,3310.0,3370.0,135393,0.0,0.0
2017-03-14 00:00:00+09:00,3370.0,3375.0,3280.0,3335.0,178024,0.0,0.0
2017-03-15 00:00:00+09:00,3330.0,3570.0,3315.0,3395.0,693535,0.0,0.0
2017-03-16 00:00:00+09:00,3400.0,3445.0,3355.0,3385.0,162906,0.0,0.0
2017-03-17 00:00:00+09:00,3380.0,4400.0,3320.0,4400.0,7309296,0.0,0.0
2017-03-20 00:00:00+09:00,4700.0,4990.0,4275.0,4400.0,8906399,0.0,0.0
2017-03-21 00:00:00+09:00,4450.0,5140.0,4385.0,4660.0,13570471,0.0,0.0
2017-03-22 00:00:00+09:00,4680.0,4985.0,4515.0,4810.0,4953620,0.0,0.0
2017-03-23 00:00:00+09:00,4715.0,4880.0,4250.0,4410.0,3591286,0.0,0.0
2017-03-24 00:00:00+09:00,4470.0,4480.0,4210.0,4310.0,1447297,0.0,0.0
2017-03-27 00:00:00+09:00,4275.0,5600.0,4215.0,5340.0,12719443,0.0,0.0
2017-03-28 00:00:00+09:00,5160.0,5280.0,5020.0,5240.0,3193758,0.0,0.0
2017-03-29 00:00:00+09:00,5190.0,5500.0,5180.0,5340.0,3170859,0.0,0.0
2017-03-30 00:00:00+09:00,5330.0,5390.0,5100.0,5100.0,1553282,0.0,0.0
2017-03-31 00:00:00+09:00,5010.0,6400.0,4940.0,5800.0,20051155,0.0,0.0
2017-04-03 00:00:00+09:00,5670.0,5910.0,5670.0,5830.0,1293939,0.0,0.0
2017-04-04 00:00:00+09:00,5900.0,5950.0,5600.0,5600.0,924972,0.0,0.0
2017-04-05 00:00:00+09:00,5710.0,5850.0,5710.0,5800.0,840102,0.0,0.0
2017-04-06 00:00:00+09:00,5910.0,6730.0,5650.0,5670.0,9240061,0.0,0.0
2017-04-07 00:00:00+09:00,5700.0,5950.0,5340.0,5450.0,2323670,0.0,0.0
2017-04-10 00:00:00+09:00,5520.0,5640.0,5040.0,5200.0,1696617,0.0,0.0
2017-04-11 00:00:00+09:00,5170.0,5360.0,4850.0,5120.0,1875942,0.0,0.0
2017-04-12 00:00:00+09:00,5140.0,5330.0,4910.0,5100.0,1358175,0.0,0.0
2017-04-13 00:00:00+09:00,5320.0,5900.0,5030.0,5030.0,7522047,0.0,0.0
2017-04-14 00:00:00+09:00,5080.0,5090.0,4670.0,4735.0,1159424,0.0,0.0
2017-04-17 00:00:00+09:00,4730.0,4955.0,4730.0,4800.0,610092,0.0,0.0
2017-04-18 00:00:00+09:00,4810.0,5430.0,4810.0,5100.0,4594661,0.0,0.0
2017-04-19 00:00:00+09:00,5140.0,5330.0,5060.0,5200.0,1493708,0.0,0.0
2017-04-20 00:00:00+09:00,5210.0,5730.0,5150.0,5330.0,3044830,0.0,0.0
2017-04-21 00:00:00+09:00,5300.0,5450.0,5200.0,5210.0,826687,0.0,0.0
2017-04-24 00:00:00+09:00,5270.0,5280.0,4855.0,4875.0,664626,0.0,0.0
2017-04-25 00:00:00+09:00,4865.0,5570.0,4865.0,5180.0,2209428,0.0,0.0
2017-04-26 00:00:00+09:00,5210.0,5880.0,5180.0,5750.0,5097039,0.0,0.0
2017-04-27 00:00:00+09:00,5650.0,5790.0,5410.0,5530.0,1508592,0.0,0.0
2017-04-28 00:00:00+09:00,5560.0,6030.0,5480.0,5950.0,3837272,0.0,0.0
2017-05-02 00:00:00+09:00,6140.0,6140.0,5720.0,5720.0,1867939,0.0,0.0
2017-05-04 00:00:00+09:00,5760.0,5940.0,5610.0,5620.0,1018741,0.0,0.0
2017-05-08 00:00:00+09:00,5650.0,5720.0,5500.0,5610.0,778148,0.0,0.0
2017-05-10 00:00:00+09:00,5650.0,5680.0,5330.0,5390.0,990440,0.0,0.0
2017-05-11 00:00:00+09:00,5490.0,6070.0,5460.0,5730.0,5135564,0.0,0.0
2017-05-12 00:00:00+09:00,5730.0,6090.0,5600.0,5700.0,2102135,0.0,0.0
2017-05-15 00:00:00+09:00,5670.0,5960.0,5670.0,5920.0,922248,0.0,0.0
2017-05-16 00:00:00+09:00,5850.0,5970.0,5760.0,5880.0,669180,0.0,0.0
2017-05-17 00:00:00+09:00,5880.0,6160.0,5750.0,5830.0,1423984,0.0,0.0
2017-05-18 00:00:00+09:00,5770.0,5910.0,5530.0,5640.0,1202726,0.0,0.0
2017-05-19 00:00:00+09:00,5770.0,6120.0,5580.0,6120.0,4173427,0.0,0.0
2017-05-22 00:00:00+09:00,5970.0,6050.0,5860.0,5890.0,1306711,0.0,0.0
2017-05-23 00:00:00+09:00,5960.0,6070.0,5610.0,5640.0,2062757,0.0,0.0
2017-05-24 00:00:00+09:00,5670.0,5720.0,5370.0,5410.0,1195227,0.0,0.0
2017-05-25 00:00:00+09:00,5450.0,5540.0,5170.0,5180.0,1106699,0.0,0.0
2017-05-26 00:00:00+09:00,5190.0,5330.0,5140.0,5180.0,538631,0.0,0.0
2017-05-29 00:00:00+09:00,5200.0,5480.0,5180.0,5270.0,781777,0.0,0.0
2017-05-30 00:00:00+09:00,5320.0,5390.0,5200.0,5200.0,408688,0.0,0.0
2017-05-31 00:00:00+09:00,5190.0,5230.0,4810.0,5000.0,1019600,0.0,0.0
2017-06-01 00:00:00+09:00,4990.0,5030.0,4890.0,4900.0,356649,0.0,0.0
2017-06-02 00:00:00+09:00,4950.0,4955.0,4805.0,4810.0,302682,0.0,0.0
2017-06-05 00:00:00+09:00,4850.0,5040.0,4800.0,4800.0,368266,0.0,0.0
2017-06-07 00:00:00+09:00,4750.0,4915.0,4750.0,4855.0,185040,0.0,0.0
2017-06-08 00:00:00+09:00,4870.0,4965.0,4850.0,4960.0,283311,0.0,0.0
2017-06-09 00:00:00+09:00,4960.0,5000.0,4840.0,4840.0,223280,0.0,0.0
2017-06-12 00:00:00+09:00,4840.0,4960.0,4805.0,4925.0,214591,0.0,0.0
2017-06-13 00:00:00+09:00,4950.0,4995.0,4800.0,4800.0,204999,0.0,0.0
2017-06-14 00:00:00+09:00,4815.0,4975.0,4815.0,4895.0,240737,0.0,0.0
2017-06-15 00:00:00+09:00,4940.0,4940.0,4775.0,4805.0,148552,0.0,0.0
2017-06-16 00:00:00+09:00,4815.0,4815.0,4695.0,4695.0,220055,0.0,0.0
2017-06-19 00:00:00+09:00,4700.0,4740.0,4650.0,4655.0,143482,0.0,0.0
2017-06-20 00:00:00+09:00,4655.0,4680.0,4435.0,4475.0,334633,0.0,0.0
2017-06-21 00:00:00+09:00,4515.0,4515.0,4300.0,4320.0,291786,0.0,0.0
2017-06-22 00:00:00+09:00,4290.0,5610.0,4290.0,5520.0,13109155,0.0,0.0
2017-06-23 00:00:00+09:00,5350.0,5550.0,4980.0,5110.0,2821401,0.0,0.0
2017-06-26 00:00:00+09:00,5160.0,5770.0,4975.0,5050.0,6329778,0.0,0.0
2017-06-27 00:00:00+09:00,5110.0,5270.0,5010.0,5270.0,1725535,0.0,0.0
2017-06-28 00:00:00+09:00,5340.0,5550.0,5050.0,5100.0,2229880,0.0,0.0
2017-06-29 00:00:00+09:00,5120.0,5200.0,5050.0,5160.0,935548,0.0,0.0
2017-06-30 00:00:00+09:00,5090.0,5550.0,5080.0,5180.0,3521935,0.0,0.0
2017-07-03 00:00:00+09:00,5190.0,5290.0,5100.0,5290.0,1347651,0.0,0.0
2017-07-04 00:00:00+09:00,5300.0,5380.0,5060.0,5080.0,1276145,0.0,0.0
2017-07-05 00:00:00+09:00,5160.0,5400.0,5120.0,5400.0,2600238,0.0,0.0
2017-07-06 00:00:00+09:00,5500.0,5510.0,5230.0,5320.0,1122959,0.0,0.0
2017-07-07 00:00:00+09:00,5310.0,5350.0,5200.0,5250.0,492779,0.0,0.0
2017-07-10 00:00:00+09:00,5290.0,5300.0,5100.0,5100.0,419886,0.0,0.0
2017-07-11 00:00:00+09:00,5100.0,5210.0,5090.0,5140.0,325229,0.0,0.0
2017-07-12 00:00:00+09:00,5180.0,5430.0,5180.0,5200.0,1238975,0.0,0.0
2017-07-13 00:00:00+09:00,5230.0,5410.0,5220.0,5290.0,761278,0.0,0.0
2017-07-14 00:00:00+09:00,5330.0,5480.0,5240.0,5420.0,1035552,0.0,0.0
2017-07-17 00:00:00+09:00,5420.0,5420.0,5420.0,5420.0,0,0.0,0.0
2017-07-18 00:00:00+09:00,7040.0,7040.0,7040.0,7040.0,1305597,0.0,0.0
2017-07-19 00:00:00+09:00,7400.0,8680.0,7380.0,8140.0,14648606,0.0,0.0
2017-07-20 00:00:00+09:00,8200.0,8220.0,7680.0,7990.0,4281350,0.0,0.0
2017-07-21 00:00:00+09:00,8000.0,8150.0,7770.0,8010.0,4004367,0.0,0.0
2017-07-24 00:00:00+09:00,7900.0,7930.0,7430.0,7450.0,2593245,0.0,0.0
2017-07-25 00:00:00+09:00,7260.0,7560.0,7070.0,7430.0,2857231,0.0,0.0
2017-07-26 00:00:00+09:00,7300.0,7520.0,7180.0,7430.0,1730307,0.0,0.0
2017-07-27 00:00:00+09:00,7470.0,7520.0,6650.0,6650.0,2489024,0.0,0.0
2017-07-28 00:00:00+09:00,6700.0,6890.0,6350.0,6550.0,1783157,0.0,0.0
2017-07-31 00:00:00+09:00,6470.0,6720.0,6440.0,6480.0,1275265,0.0,0.0
2017-08-01 00:00:00+09:00,6530.0,6790.0,6520.0,6560.0,1570925,0.0,0.0
2017-08-02 00:00:00+09:00,6720.0,7190.0,6680.0,6760.0,3979629,0.0,0.0
2017-08-03 00:00:00+09:00,6860.0,6940.0,6660.0,6730.0,1045260,0.0,0.0
2017-08-04 00:00:00+09:00,6690.0,6810.0,6270.0,6320.0,1202152,0.0,0.0
2017-08-07 00:00:00+09:00,6320.0,6520.0,6240.0,6330.0,725548,0.0,0.0
2017-08-08 00:00:00+09:00,6430.0,6490.0,6090.0,6150.0,1220594,0.0,0.0
2017-08-09 00:00:00+09:00,6120.0,7170.0,6100.0,6510.0,7360600,0.0,0.0
2017-08-10 00:00:00+09:00,6450.0,6580.0,6150.0,6320.0,1274470,0.0,0.0
2017-08-11 00:00:00+09:00,6160.0,6250.0,6010.0,6050.0,740102,0.0,0.0
2017-08-14 00:00:00+09:00,6050.0,6190.0,6000.0,6060.0,323823,0.0,0.0
2017-08-16 00:00:00+09:00,6080.0,6460.0,6070.0,6350.0,1028024,0.0,0.0
2017-08-17 00:00:00+09:00,6390.0,6610.0,6250.0,6470.0,991639,0.0,0.0
2017-08-18 00:00:00+09:00,6330.0,6590.0,6260.0,6450.0,497933,0.0,0.0
2017-08-21 00:00:00+09:00,6460.0,6580.0,6400.0,6440.0,330548,0.0,0.0
2017-08-22 00:00:00+09:00,6430.0,7050.0,6430.0,6730.0,3719174,0.0,0.0
2017-08-23 00:00:00+09:00,6800.0,7100.0,6630.0,6960.0,1722028,0.0,0.0
2017-08-24 00:00:00+09:00,6950.0,7240.0,6840.0,7030.0,1581836,0.0,0.0
2017-08-25 00:00:00+09:00,7010.0,7240.0,6980.0,7230.0,790216,0.0,0.0
2017-08-28 00:00:00+09:00,7500.0,7510.0,6970.0,7020.0,1051898,0.0,0.0
2017-08-29 00:00:00+09:00,6900.0,7110.0,6730.0,7110.0,828920,0.0,0.0
2017-08-30 00:00:00+09:00,7070.0,7090.0,6810.0,6810.0,776009,0.0,0.0
2017-08-31 00:00:00+09:00,6790.0,7070.0,6750.0,6780.0,626857,0.0,0.0
2017-09-01 00:00:00+09:00,6800.0,6850.0,6650.0,6660.0,380460,0.0,0.0
2017-09-04 00:00:00+09:00,6300.0,6580.0,6290.0,6390.0,491620,0.0,0.0
2017-09-05 00:00:00+09:00,6440.0,6560.0,6320.0,6420.0,366899,0.0,0.0
2017-09-06 00:00:00+09:00,6500.0,7030.0,6500.0,6710.0,1676163,0.0,0.0
2017-09-07 00:00:00+09:00,6780.0,7100.0,6690.0,6940.0,1330183,0.0,0.0
2017-09-08 00:00:00+09:00,6900.0,6990.0,6730.0,6730.0,457669,0.0,0.0
2017-09-11 00:00:00+09:00,6730.0,6950.0,6730.0,6780.0,364962,0.0,0.0
2017-09-12 00:00:00+09:00,6770.0,6950.0,6770.0,6890.0,408525,0.0,0.0
2017-09-13 00:00:00+09:00,6890.0,7140.0,6770.0,6880.0,972125,0.0,0.0
2017-09-14 00:00:00+09:00,6910.0,7020.0,6660.0,6850.0,762316,0.0,0.0
2017-09-15 00:00:00+09:00,6780.0,6810.0,6690.0,6700.0,300322,0.0,0.0
2017-09-18 00:00:00+09:00,6710.0,6790.0,6530.0,6530.0,347812,0.0,0.0
2017-09-19 00:00:00+09:00,6500.0,6650.0,6490.0,6530.0,194263,0.0,0.0
2017-09-20 00:00:00+09:00,6560.0,6600.0,6360.0,6420.0,322457,0.0,0.0
2017-09-21 00:00:00+09:00,6470.0,7100.0,6260.0,6360.0,2237183,0.0,0.0
2017-09-25 00:00:00+09:00,6200.0,6370.0,6050.0,6050.0,306837,0.0,0.0
2017-09-26 00:00:00+09:00,6050.0,6050.0,6050.0,6050.0,0,0.0,0.0
2017-09-27 00:00:00+09:00,5930.0,6100.0,5900.0,5920.0,200589,0.0,0.0
2017-09-28 00:00:00+09:00,5920.0,6090.0,5860.0,5900.0,170334,0.0,0.0
2017-09-29 00:00:00+09:00,5920.0,6110.0,5910.0,5910.0,307515,0.0,0.0
2017-10-10 00:00:00+09:00,5940.0,6140.0,5860.0,5910.0,216039,0.0,0.0
2017-10-11 00:00:00+09:00,5870.0,6050.0,5870.0,6000.0,167415,0.0,0.0
2017-10-12 00:00:00+09:00,5980.0,6150.0,5940.0,5980.0,255555,0.0,0.0
2017-10-13 00:00:00+09:00,6000.0,6050.0,5650.0,5700.0,361954,0.0,0.0
2017-10-16 00:00:00+09:00,5670.0,5670.0,5480.0,5570.0,284330,0.0,0.0
2017-10-17 00:00:00+09:00,5550.0,5700.0,5520.0,5540.0,165809,0.0,0.0
2017-10-18 00:00:00+09:00,5680.0,5700.0,5130.0,5330.0,291034,0.0,0.0
2017-10-19 00:00:00+09:00,5350.0,5580.0,5280.0,5500.0,189461,0.0,0.0
2017-10-20 00:00:00+09:00,5440.0,5640.0,5440.0,5540.0,171749,0.0,0.0
2017-10-23 00:00:00+09:00,5570.0,5790.0,5560.0,5570.0,327313,0.0,0.0
2017-10-24 00:00:00+09:00,5510.0,5770.0,5510.0,5630.0,221970,0.0,0.0
2017-10-25 00:00:00+09:00,5750.0,5750.0,5550.0,5640.0,130431,0.0,0.0
2017-10-26 00:00:00+09:00,5650.0,5680.0,5430.0,5480.0,115964,0.0,0.0
2017-10-27 00:00:00+09:00,5480.0,5620.0,5400.0,5620.0,107349,0.0,0.0
2017-10-30 00:00:00+09:00,5630.0,6330.0,5630.0,5890.0,1699945,0.0,0.0
2017-10-31 00:00:00+09:00,5850.0,6030.0,5830.0,5930.0,231409,0.0,0.0
2017-11-01 00:00:00+09:00,5920.0,5970.0,5820.0,5820.0,209158,0.0,0.0
2017-11-02 00:00:00+09:00,5860.0,6020.0,5840.0,5920.0,210532,0.0,0.0
2017-11-03 00:00:00+09:00,6040.0,6240.0,5920.0,5980.0,400009,0.0,0.0
2017-11-06 00:00:00+09:00,5920.0,5950.0,5760.0,5760.0,219666,0.0,0.0
2017-11-07 00:00:00+09:00,5760.0,5880.0,5700.0,5800.0,119780,0.0,0.0
2017-11-08 00:00:00+09:00,5740.0,5790.0,5630.0,5790.0,212845,0.0,0.0
2017-11-09 00:00:00+09:00,5820.0,5850.0,5700.0,5710.0,105549,0.0,0.0
2017-11-10 00:00:00+09:00,5710.0,6030.0,5710.0,5880.0,364657,0.0,0.0
2017-11-13 00:00:00+09:00,5900.0,6150.0,5810.0,6060.0,380129,0.0,0.0
2017-11-14 00:00:00+09:00,6110.0,6170.0,6020.0,6140.0,376615,0.0,0.0
2017-11-15 00:00:00+09:00,6100.0,6180.0,5870.0,5890.0,282801,0.0,0.0
2017-11-16 00:00:00+09:00,5960.0,5980.0,5790.0,5790.0,226367,0.0,0.0
2017-11-17 00:00:00+09:00,5880.0,5880.0,5760.0,5760.0,127137,0.0,0.0
2017-11-20 00:00:00+09:00,5800.0,5840.0,5700.0,5700.0,179464,0.0,0.0
2017-11-21 00:00:00+09:00,5690.0,6590.0,5690.0,6140.0,3340684,0.0,0.0
2017-11-22 00:00:00+09:00,6140.0,6400.0,6010.0,6380.0,781493,0.0,0.0
2017-11-23 00:00:00+09:00,6350.0,6500.0,6200.0,6390.0,451198,0.0,0.0
2017-11-24 00:00:00+09:00,6440.0,6530.0,6290.0,6350.0,229591,0.0,0.0
2017-11-27 00:00:00+09:00,6300.0,6360.0,6040.0,6090.0,319655,0.0,0.0
2017-11-28 00:00:00+09:00,6120.0,6220.0,5950.0,6180.0,283017,0.0,0.0
2017-11-29 00:00:00+09:00,6180.0,6240.0,5990.0,5990.0,199503,0.0,0.0
2017-11-30 00:00:00+09:00,5980.0,6540.0,5880.0,6120.0,1314661,0.0,0.0
2017-12-01 00:00:00+09:00,6130.0,6500.0,6010.0,6450.0,777939,0.0,0.0
2017-12-04 00:00:00+09:00,6430.0,6570.0,6270.0,6430.0,504794,0.0,0.0
2017-12-05 00:00:00+09:00,6450.0,6510.0,6230.0,6310.0,435040,0.0,0.0
2017-12-06 00:00:00+09:00,6320.0,6470.0,6260.0,6290.0,290345,0.0,0.0
2017-12-07 00:00:00+09:00,6290.0,6330.0,5960.0,6150.0,365161,0.0,0.0
2017-12-08 00:00:00+09:00,6160.0,6160.0,5830.0,5920.0,291867,0.0,0.0
2017-12-11 00:00:00+09:00,6050.0,6050.0,5840.0,5880.0,120204,0.0,0.0
2017-12-12 00:00:00+09:00,5850.0,6010.0,5820.0,5870.0,148376,0.0,0.0
2017-12-13 00:00:00+09:00,5850.0,6100.0,5820.0,6000.0,226075,0.0,0.0
2017-12-14 00:00:00+09:00,6000.0,6060.0,5870.0,5900.0,168771,0.0,0.0
2017-12-15 00:00:00+09:00,5950.0,5950.0,5760.0,5800.0,173718,0.0,0.0
2017-12-18 00:00:00+09:00,5750.0,6080.0,5670.0,5970.0,383007,0.0,0.0
2017-12-19 00:00:00+09:00,6000.0,6300.0,5900.0,6140.0,1119808,0.0,0.0
2017-12-21 00:00:00+09:00,5940.0,6020.0,5760.0,5780.0,227217,0.0,0.0
2017-12-22 00:00:00+09:00,5830.0,5830.0,5540.0,5660.0,303148,0.0,0.0
2017-12-26 00:00:00+09:00,5660.0,5760.0,5580.0,5580.0,157654,0.0,0.0
2017-12-27 00:00:00+09:00,5550.0,5690.0,5550.0,5600.0,116458,0.0,0.0
2017-12-28 00:00:00+09:00,5680.0,5680.0,5570.0,5580.0,132109,0.0,0.0
2018-01-02 00:00:00+09:00,5580.0,5650.0,5510.0,5550.0,267222,0.0,0.0
2018-01-03 00:00:00+09:00,5580.0,5750.0,5570.0,5730.0,273454,0.0,0.0
2018-01-04 00:00:00+09:00,5790.0,5820.0,5660.0,5780.0,241324,0.0,0.0
2018-01-05 00:00:00+09:00,5750.0,5830.0,5740.0,5750.0,180134,0.0,0.0
2018-01-08 00:00:00+09:00,5810.0,5830.0,5580.0,5590.0,326540,0.0,0.0
2018-01-09 00:00:00+09:00,5610.0,6180.0,5590.0,5890.0,1248637,0.0,0.0
2018-01-10 00:00:00+09:00,6020.0,6030.0,5790.0,5980.0,498762,0.0,0.0
2018-01-11 00:00:00+09:00,5990.0,6100.0,5840.0,5950.0,385629,0.0,0.0
2018-01-12 00:00:00+09:00,5870.0,5950.0,5720.0,5740.0,321078,0.0,0.0
2018-01-15 00:00:00+09:00,5710.0,5800.0,5660.0,5690.0,137313,0.0,0.0
2018-01-16 00:00:00+09:00,5680.0,5790.0,5650.0,5770.0,115987,0.0,0.0
2018-01-17 00:00:00+09:00,5710.0,5760.0,5660.0,5680.0,137554,0.0,0.0
2018-01-18 00:00:00+09:00,5690.0,6000.0,5690.0,5870.0,361906,0.0,0.0
2018-01-19 00:00:00+09:00,5940.0,5980.0,5800.0,5870.0,185507,0.0,0.0
2018-01-22 00:00:00+09:00,5870.0,5900.0,5810.0,5820.0,109598,0.0,0.0
2018-01-23 00:00:00+09:00,5780.0,5930.0,5780.0,5850.0,172240,0.0,0.0
2018-01-24 00:00:00+09:00,5850.0,6140.0,5830.0,6110.0,852747,0.0,0.0
2018-01-25 00:00:00+09:00,6130.0,6270.0,6040.0,6210.0,601002,0.0,0.0
2018-01-26 00:00:00+09:00,6210.0,6270.0,6070.0,6140.0,225342,0.0,0.0
2018-01-29 00:00:00+09:00,6140.0,6700.0,6140.0,6500.0,2261275,0.0,0.0
2018-01-30 00:00:00+09:00,6530.0,6660.0,6370.0,6650.0,804079,0.0,0.0
2018-01-31 00:00:00+09:00,6720.0,8640.0,6510.0,8640.0,17763709,0.0,0.0
2018-02-01 00:00:00+09:00,8590.0,9500.0,8400.0,8770.0,11336570,0.0,0.0
2018-02-02 00:00:00+09:00,8770.0,9280.0,8690.0,8900.0,5161749,0.0,0.0
2018-02-05 00:00:00+09:00,8710.0,8790.0,8550.0,8610.0,778356,0.0,0.0
2018-02-06 00:00:00+09:00,8010.0,8200.0,7740.0,8200.0,1144152,0.0,0.0
2018-02-07 00:00:00+09:00,8280.0,8420.0,7980.0,7980.0,800988,0.0,0.0
2018-02-08 00:00:00+09:00,8100.0,8580.0,8020.0,8490.0,2657059,0.0,0.0
2018-02-09 00:00:00+09:00,8100.0,8340.0,7750.0,7820.0,1452123,0.0,0.0
2018-02-12 00:00:00+09:00,7920.0,7930.0,7600.0,7810.0,1202022,0.0,0.0
2018-02-13 00:00:00+09:00,7810.0,7940.0,7410.0,7410.0,1601709,0.0,0.0
2018-02-14 00:00:00+09:00,7450.0,7690.0,7390.0,7580.0,864144,0.0,0.0
2018-02-19 00:00:00+09:00,7640.0,7810.0,7450.0,7650.0,983535,0.0,0.0
2018-02-20 00:00:00+09:00,7680.0,8280.0,7570.0,7700.0,2363147,0.0,0.0
2018-02-21 00:00:00+09:00,7830.0,8000.0,7690.0,7710.0,702306,0.0,0.0
2018-02-22 00:00:00+09:00,7750.0,9820.0,7730.0,9600.0,17405854,0.0,0.0
2018-02-23 00:00:00+09:00,9490.0,9660.0,9070.0,9250.0,3413271,0.0,0.0
2018-02-26 00:00:00+09:00,9380.0,9440.0,8310.0,8380.0,4279328,0.0,0.0
2018-02-27 00:00:00+09:00,8370.0,8580.0,8120.0,8380.0,1599004,0.0,0.0
2018-02-28 00:00:00+09:00,8430.0,8640.0,7770.0,7770.0,2502042,0.0,0.0
2018-03-02 00:00:00+09:00,7720.0,8100.0,7640.0,7820.0,811264,0.0,0.0
2018-03-05 00:00:00+09:00,7830.0,7990.0,7410.0,7820.0,1336415,0.0,0.0
2018-03-06 00:00:00+09:00,7830.0,8020.0,7680.0,7910.0,578653,0.0,0.0
2018-03-07 00:00:00+09:00,7910.0,7930.0,7310.0,7540.0,636400,0.0,0.0
2018-03-08 00:00:00+09:00,7570.0,7680.0,7480.0,7540.0,413559,0.0,0.0
2018-03-09 00:00:00+09:00,7580.0,7910.0,7420.0,7850.0,751474,0.0,0.0
2018-03-12 00:00:00+09:00,7880.0,7900.0,7730.0,7770.0,455501,0.0,0.0
2018-03-13 00:00:00+09:00,7780.0,8320.0,7770.0,8200.0,1827471,0.0,0.0
2018-03-14 00:00:00+09:00,8200.0,8480.0,8040.0,8350.0,1271171,0.0,0.0
2018-03-15 00:00:00+09:00,8420.0,8430.0,8170.0,8280.0,536186,0.0,0.0
2018-03-16 00:00:00+09:00,8260.0,8530.0,8160.0,8160.0,786918,0.0,0.0
2018-03-19 00:00:00+09:00,8150.0,8300.0,8060.0,8210.0,342974,0.0,0.0
2018-03-20 00:00:00+09:00,8120.0,8290.0,8060.0,8180.0,330214,0.0,0.0
2018-03-21 00:00:00+09:00,8240.0,8770.0,8120.0,8350.0,2096585,0.0,0.0
2018-03-22 00:00:00+09:00,8380.0,8540.0,8190.0,8350.0,644248,0.0,0.0
2018-03-23 00:00:00+09:00,8090.0,8200.0,7640.0,7640.0,886962,0.0,0.0
2018-03-26 00:00:00+09:00,7520.0,7940.0,7510.0,7860.0,416152,0.0,0.0
2018-03-27 00:00:00+09:00,7910.0,8070.0,7760.0,7770.0,295358,0.0,0.0
2018-03-28 00:00:00+09:00,7790.0,7890.0,7550.0,7600.0,260232,0.0,0.0
2018-03-29 00:00:00+09:00,7630.0,7740.0,7570.0,7650.0,188232,0.0,0.0
2018-03-30 00:00:00+09:00,7680.0,8110.0,7640.0,7830.0,465720,0.0,0.0
2018-04-02 00:00:00+09:00,7830.0,8160.0,7800.0,8150.0,455736,0.0,0.0
2018-04-03 00:00:00+09:00,8120.0,8240.0,8000.0,8170.0,356767,0.0,0.0
2018-04-04 00:00:00+09:00,8230.0,8230.0,7770.0,7770.0,499484,0.0,0.0
2018-04-05 00:00:00+09:00,7840.0,7900.0,7770.0,7790.0,203237,0.0,0.0
2018-04-06 00:00:00+09:00,8000.0,8790.0,7750.0,7830.0,2605528,0.0,0.0
2018-04-09 00:00:00+09:00,7810.0,7900.0,7670.0,7720.0,309823,0.0,0.0
2018-04-10 00:00:00+09:00,7800.0,7980.0,7720.0,7900.0,305908,0.0,0.0
2018-04-11 00:00:00+09:00,7860.0,8150.0,7850.0,7960.0,352191,0.0,0.0
2018-04-12 00:00:00+09:00,8010.0,8250.0,7990.0,7990.0,586114,0.0,0.0
2018-04-13 00:00:00+09:00,8000.0,8500.0,8000.0,8420.0,1207198,0.0,0.0
2018-04-16 00:00:00+09:00,8700.0,9040.0,8420.0,8540.0,1962285,0.0,0.0
2018-04-17 00:00:00+09:00,8550.0,9100.0,8410.0,8980.0,1423029,0.0,0.0
2018-04-18 00:00:00+09:00,9000.0,9040.0,8620.0,8680.0,843583,0.0,0.0
2018-04-19 00:00:00+09:00,8680.0,8690.0,8150.0,8260.0,649786,0.0,0.0
2018-04-20 00:00:00+09:00,8240.0,8420.0,8200.0,8300.0,268967,0.0,0.0
2018-04-23 00:00:00+09:00,8220.0,8290.0,7920.0,7960.0,443614,0.0,0.0
2018-04-24 00:00:00+09:00,7900.0,8130.0,7710.0,7900.0,295547,0.0,0.0
2018-04-25 00:00:00+09:00,7850.0,8050.0,7810.0,7930.0,223309,0.0,0.0
2018-04-26 00:00:00+09:00,7930.0,8100.0,7860.0,7940.0,170527,0.0,0.0
2018-04-27 00:00:00+09:00,7940.0,8050.0,7760.0,7930.0,199181,0.0,0.0
2018-04-30 00:00:00+09:00,7960.0,7960.0,7560.0,7650.0,441434,0.0,0.0
2018-05-02 00:00:00+09:00,7650.0,7650.0,7340.0,7490.0,354883,0.0,0.0
2018-05-03 00:00:00+09:00,7420.0,7650.0,7410.0,7570.0,159370,0.0,0.0
2018-05-04 00:00:00+09:00,7600.0,7600.0,7220.0,7290.0,256687,0.0,0.0
2018-05-08 00:00:00+09:00,7050.0,7240.0,6670.0,6760.0,498197,0.0,0.0
2018-05-09 00:00:00+09:00,6850.0,7040.0,6740.0,6960.0,141256,0.0,0.0
2018-05-10 00:00:00+09:00,7020.0,7090.0,6840.0,6970.0,137256,0.0,0.0
2018-05-11 00:00:00+09:00,6990.0,7190.0,6980.0,7040.0,82190,0.0,0.0
2018-05-14 00:00:00+09:00,7160.0,7170.0,6960.0,7010.0,123659,0.0,0.0
2018-05-15 00:00:00+09:00,7080.0,7080.0,6980.0,7040.0,74003,0.0,0.0
2018-05-16 00:00:00+09:00,7070.0,7090.0,6830.0,6900.0,121108,0.0,0.0
2018-05-17 00:00:00+09:00,7070.0,7770.0,7070.0,7400.0,856661,0.0,0.0
2018-05-18 00:00:00+09:00,7460.0,7700.0,7410.0,7620.0,332811,0.0,0.0
2018-05-21 00:00:00+09:00,7800.0,7800.0,7540.0,7580.0,164744,0.0,0.0
2018-05-23 00:00:00+09:00,7550.0,7960.0,7510.0,7950.0,277459,0.0,0.0
2018-05-24 00:00:00+09:00,7930.0,8800.0,7820.0,8500.0,2715739,0.0,0.0
2018-05-25 00:00:00+09:00,8220.0,9400.0,8210.0,8750.0,5376305,0.0,0.0
2018-05-28 00:00:00+09:00,8760.0,9050.0,8340.0,8560.0,1635504,0.0,0.0
2018-05-29 00:00:00+09:00,9180.0,10900.0,9120.0,9610.0,13525832,0.0,0.0
2018-05-30 00:00:00+09:00,9950.0,11550.0,9800.0,10350.0,13615524,0.0,0.0
2018-05-31 00:00:00+09:00,10900.0,11300.0,9630.0,9780.0,4865598,0.0,0.0
2018-06-01 00:00:00+09:00,10050.0,10900.0,9850.0,10500.0,5310327,0.0,0.0
2018-06-04 00:00:00+09:00,10100.0,10600.0,10000.0,10600.0,3008799,0.0,0.0
2018-06-05 00:00:00+09:00,10150.0,10300.0,9280.0,9440.0,2881185,0.0,0.0
2018-06-07 00:00:00+09:00,9250.0,9700.0,9100.0,9650.0,1162128,0.0,0.0
2018-06-08 00:00:00+09:00,9550.0,9720.0,9170.0,9210.0,714315,0.0,0.0
2018-06-11 00:00:00+09:00,9100.0,9670.0,9060.0,9460.0,847472,0.0,0.0
2018-06-12 00:00:00+09:00,9550.0,9930.0,9250.0,9370.0,971013,0.0,0.0
2018-06-14 00:00:00+09:00,9300.0,10150.0,9210.0,10150.0,1637567,0.0,0.0
2018-06-15 00:00:00+09:00,10200.0,10250.0,9700.0,9700.0,917248,0.0,0.0
2018-06-18 00:00:00+09:00,9610.0,9620.0,9160.0,9260.0,563009,0.0,0.0
2018-06-19 00:00:00+09:00,9260.0,9400.0,8660.0,8730.0,792807,0.0,0.0
2018-06-20 00:00:00+09:00,8710.0,8920.0,8640.0,8860.0,303881,0.0,0.0
2018-06-21 00:00:00+09:00,8860.0,8860.0,8290.0,8310.0,616974,0.0,0.0
2018-06-22 00:00:00+09:00,8310.0,8560.0,8110.0,8430.0,507215,0.0,0.0
2018-06-25 00:00:00+09:00,8330.0,8740.0,8250.0,8470.0,279440,0.0,0.0
2018-06-26 00:00:00+09:00,8400.0,8640.0,8330.0,8640.0,176597,0.0,0.0
2018-06-27 00:00:00+09:00,8640.0,8650.0,8210.0,8210.0,355359,0.0,0.0
2018-06-28 00:00:00+09:00,8170.0,8290.0,7920.0,7920.0,269162,0.0,0.0
2018-06-29 00:00:00+09:00,7980.0,8340.0,7840.0,8250.0,302636,0.0,0.0
2018-07-02 00:00:00+09:00,8300.0,8330.0,7900.0,7900.0,254311,0.0,0.0
2018-07-03 00:00:00+09:00,7900.0,8000.0,7570.0,7730.0,380414,0.0,0.0
2018-07-04 00:00:00+09:00,7710.0,7990.0,7700.0,7810.0,148294,0.0,0.0
2018-07-05 00:00:00+09:00,7770.0,7960.0,7650.0,7810.0,162556,0.0,0.0
2018-07-06 00:00:00+09:00,7740.0,7950.0,7550.0,7880.0,187350,0.0,0.0
2018-07-09 00:00:00+09:00,7970.0,8080.0,7710.0,7750.0,199433,0.0,0.0
2018-07-10 00:00:00+09:00,7760.0,8020.0,7760.0,8000.0,184216,0.0,0.0
2018-07-11 00:00:00+09:00,8020.0,8200.0,7860.0,7990.0,388155,0.0,0.0
2018-07-12 00:00:00+09:00,8010.0,8200.0,7910.0,8170.0,208095,0.0,0.0
2018-07-13 00:00:00+09:00,8340.0,9070.0,8250.0,8720.0,1019699,0.0,0.0
2018-07-16 00:00:00+09:00,8720.0,8830.0,8580.0,8820.0,268676,0.0,0.0
2018-07-17 00:00:00+09:00,8700.0,9350.0,8700.0,8960.0,809002,0.0,0.0
2018-07-18 00:00:00+09:00,9020.0,9250.0,8710.0,8800.0,350771,0.0,0.0
2018-07-19 00:00:00+09:00,8810.0,8910.0,8530.0,8780.0,280882,0.0,0.0
2018-07-20 00:00:00+09:00,8840.0,9020.0,8610.0,8660.0,213144,0.0,0.0
2018-07-23 00:00:00+09:00,8650.0,9510.0,8630.0,8630.0,1487350,0.0,0.0
2018-07-24 00:00:00+09:00,8640.0,9000.0,8640.0,8840.0,328728,0.0,0.0
2018-07-25 00:00:00+09:00,8980.0,8980.0,8520.0,8600.0,402131,0.0,0.0
2018-07-26 00:00:00+09:00,8760.0,9470.0,8720.0,9470.0,1523334,0.0,0.0
2018-07-27 00:00:00+09:00,10000.0,10200.0,8830.0,9070.0,2085675,0.0,0.0
2018-07-30 00:00:00+09:00,9050.0,9180.0,8880.0,9110.0,459833,0.0,0.0
2018-07-31 00:00:00+09:00,9110.0,9570.0,9040.0,9440.0,995888,0.0,0.0
2018-08-01 00:00:00+09:00,9460.0,9550.0,9100.0,9260.0,536461,0.0,0.0
2018-08-02 00:00:00+09:00,9230.0,9260.0,8940.0,8970.0,322640,0.0,0.0
2018-08-03 00:00:00+09:00,8980.0,9120.0,8800.0,8880.0,234999,0.0,0.0
2018-08-06 00:00:00+09:00,8810.0,9040.0,8720.0,8760.0,238011,0.0,0.0
2018-08-07 00:00:00+09:00,8760.0,8860.0,8500.0,8760.0,307995,0.0,0.0
2018-08-08 00:00:00+09:00,8760.0,8890.0,8600.0,8720.0,207529,0.0,0.0
2018-08-09 00:00:00+09:00,8790.0,9200.0,8720.0,9100.0,619043,0.0,0.0
2018-08-10 00:00:00+09:00,9100.0,9110.0,8700.0,8820.0,428706,0.0,0.0
2018-08-13 00:00:00+09:00,8630.0,8760.0,8380.0,8430.0,348907,0.0,0.0
2018-08-14 00:00:00+09:00,8300.0,8910.0,8300.0,8660.0,397091,0.0,0.0
2018-08-16 00:00:00+09:00,8560.0,8750.0,8350.0,8630.0,283472,0.0,0.0
2018-08-17 00:00:00+09:00,8670.0,8850.0,8640.0,8800.0,210887,0.0,0.0
2018-08-20 00:00:00+09:00,8920.0,9350.0,8810.0,9300.0,1111289,0.0,0.0
2018-08-21 00:00:00+09:00,9350.0,9380.0,9070.0,9210.0,434132,0.0,0.0
2018-08-22 00:00:00+09:00,9290.0,9440.0,9100.0,9280.0,428288,0.0,0.0
2018-08-23 00:00:00+09:00,9350.0,9600.0,9220.0,9300.0,788741,0.0,0.0
2018-08-24 00:00:00+09:00,9280.0,9650.0,9280.0,9530.0,1208092,0.0,0.0
2018-08-27 00:00:00+09:00,9570.0,9690.0,9150.0,9150.0,946782,0.0,0.0
2018-08-28 00:00:00+09:00,9150.0,9280.0,8920.0,9050.0,390792,0.0,0.0
2018-08-29 00:00:00+09:00,9020.0,9290.0,8950.0,9290.0,324432,0.0,0.0
2018-08-30 00:00:00+09:00,9270.0,9370.0,9160.0,9170.0,211128,0.0,0.0
2018-08-31 00:00:00+09:00,9120.0,9310.0,9020.0,9260.0,230972,0.0,0.0
2018-09-03 00:00:00+09:00,9210.0,9380.0,9130.0,9170.0,231464,0.0,0.0
2018-09-04 00:00:00+09:00,9100.0,9400.0,9100.0,9390.0,327689,0.0,0.0
2018-09-05 00:00:00+09:00,9390.0,9390.0,9020.0,9080.0,397676,0.0,0.0
2018-09-06 00:00:00+09:00,9010.0,9100.0,8870.0,8880.0,255767,0.0,0.0
2018-09-07 00:00:00+09:00,8980.0,8980.0,8660.0,8740.0,282847,0.0,0.0
2018-09-10 00:00:00+09:00,8740.0,8840.0,8620.0,8690.0,154352,0.0,0.0
2018-09-11 00:00:00+09:00,8600.0,8770.0,8600.0,8700.0,152227,0.0,0.0
2018-09-12 00:00:00+09:00,8700.0,8820.0,8630.0,8790.0,198414,0.0,0.0
2018-09-13 00:00:00+09:00,8770.0,8790.0,8670.0,8730.0,164915,0.0,0.0
2018-09-14 00:00:00+09:00,8770.0,8880.0,8680.0,8790.0,122723,0.0,0.0
2018-09-17 00:00:00+09:00,8720.0,8790.0,8500.0,8570.0,249069,0.0,0.0
2018-09-18 00:00:00+09:00,8550.0,8730.0,8410.0,8640.0,198332,0.0,0.0
2018-09-19 00:00:00+09:00,8690.0,8690.0,8470.0,8470.0,142085,0.0,0.0
2018-09-20 00:00:00+09:00,8560.0,8560.0,8240.0,8260.0,230593,0.0,0.0
2018-09-21 00:00:00+09:00,8300.0,8350.0,8180.0,8260.0,113312,0.0,0.0
2018-09-27 00:00:00+09:00,8260.0,8670.0,8230.0,8560.0,235878,0.0,0.0
2018-09-28 00:00:00+09:00,8600.0,8670.0,8400.0,8540.0,163816,0.0,0.0
2018-10-01 00:00:00+09:00,8480.0,8560.0,8410.0,8460.0,128789,0.0,0.0
2018-10-02 00:00:00+09:00,8450.0,8500.0,8150.0,8150.0,194013,0.0,0.0
2018-10-04 00:00:00+09:00,8150.0,8270.0,7970.0,8100.0,121896,0.0,0.0
2018-10-05 00:00:00+09:00,8150.0,8200.0,8020.0,8050.0,112331,0.0,0.0
2018-10-08 00:00:00+09:00,7960.0,8230.0,7960.0,8080.0,100674,0.0,0.0
2018-10-10 00:00:00+09:00,8040.0,8080.0,7740.0,7800.0,182883,0.0,0.0
2018-10-11 00:00:00+09:00,7380.0,7780.0,7270.0,7270.0,299934,0.0,0.0
2018-10-12 00:00:00+09:00,7260.0,8130.0,7260.0,7840.0,442712,0.0,0.0
2018-10-15 00:00:00+09:00,7880.0,8000.0,7490.0,7600.0,151459,0.0,0.0
2018-10-16 00:00:00+09:00,7530.0,7890.0,7530.0,7850.0,114749,0.0,0.0
2018-10-17 00:00:00+09:00,7930.0,7940.0,7740.0,7760.0,84063,0.0,0.0
2018-10-18 00:00:00+09:00,7840.0,8010.0,7610.0,7700.0,125764,0.0,0.0
2018-10-19 00:00:00+09:00,7700.0,7840.0,7580.0,7840.0,105895,0.0,0.0
2018-10-22 00:00:00+09:00,7720.0,7850.0,7630.0,7800.0,70645,0.0,0.0
2018-10-23 00:00:00+09:00,7860.0,7860.0,7600.0,7680.0,139433,0.0,0.0
2018-10-24 00:00:00+09:00,7740.0,7850.0,7500.0,7620.0,149918,0.0,0.0
2018-10-25 00:00:00+09:00,7400.0,7790.0,7390.0,7560.0,198571,0.0,0.0
2018-10-26 00:00:00+09:00,7690.0,7690.0,7220.0,7220.0,220975,0.0,0.0
2018-10-29 00:00:00+09:00,7300.0,7590.0,7140.0,7140.0,236822,0.0,0.0
2018-10-30 00:00:00+09:00,7140.0,7390.0,6940.0,7310.0,221860,0.0,0.0
2018-10-31 00:00:00+09:00,7320.0,7440.0,7200.0,7380.0,151975,0.0,0.0
2018-11-01 00:00:00+09:00,7380.0,7510.0,7280.0,7370.0,120284,0.0,0.0
2018-11-02 00:00:00+09:00,7380.0,7610.0,7270.0,7600.0,203078,0.0,0.0
2018-11-05 00:00:00+09:00,7630.0,7640.0,7400.0,7580.0,170516,0.0,0.0
2018-11-06 00:00:00+09:00,7580.0,7630.0,7380.0,7540.0,141837,0.0,0.0
2018-11-07 00:00:00+09:00,7500.0,7640.0,7360.0,7360.0,149200,0.0,0.0
2018-11-08 00:00:00+09:00,7390.0,7560.0,7370.0,7440.0,116521,0.0,0.0
2018-11-09 00:00:00+09:00,7480.0,8120.0,7410.0,7850.0,588516,0.0,0.0
2018-11-12 00:00:00+09:00,7880.0,7950.0,7630.0,7700.0,169045,0.0,0.0
2018-11-13 00:00:00+09:00,7500.0,7610.0,7220.0,7400.0,195248,0.0,0.0
2018-11-14 00:00:00+09:00,7380.0,7400.0,7130.0,7180.0,244980,0.0,0.0
2018-11-15 00:00:00+09:00,7180.0,7180.0,6830.0,7000.0,253700,0.0,0.0
2018-11-16 00:00:00+09:00,7060.0,7170.0,6950.0,7150.0,134973,0.0,0.0
2018-11-19 00:00:00+09:00,7070.0,7110.0,7010.0,7040.0,143976,0.0,0.0
2018-11-20 00:00:00+09:00,6900.0,7010.0,6900.0,6930.0,127687,0.0,0.0
2018-11-21 00:00:00+09:00,6930.0,6960.0,6760.0,6950.0,183787,0.0,0.0
2018-11-22 00:00:00+09:00,6910.0,7060.0,6850.0,6970.0,154974,0.0,0.0
2018-11-23 00:00:00+09:00,7010.0,7050.0,6710.0,6790.0,129307,0.0,0.0
2018-11-26 00:00:00+09:00,6840.0,6880.0,6680.0,6800.0,121971,0.0,0.0
2018-11-27 00:00:00+09:00,6870.0,6960.0,6760.0,6870.0,78492,0.0,0.0
2018-11-28 00:00:00+09:00,6870.0,7070.0,6820.0,7010.0,91683,0.0,0.0
2018-11-29 00:00:00+09:00,7110.0,7320.0,7020.0,7120.0,199967,0.0,0.0
2018-11-30 00:00:00+09:00,7130.0,7170.0,7030.0,7090.0,73296,0.0,0.0
2018-12-03 00:00:00+09:00,7130.0,7270.0,7080.0,7270.0,109714,0.0,0.0
2018-12-04 00:00:00+09:00,7210.0,7510.0,7200.0,7300.0,125938,0.0,0.0
2018-12-05 00:00:00+09:00,7220.0,7420.0,7110.0,7180.0,132624,0.0,0.0
2018-12-06 00:00:00+09:00,7190.0,7260.0,6950.0,7160.0,118987,0.0,0.0
2018-12-07 00:00:00+09:00,7170.0,7240.0,7130.0,7170.0,74897,0.0,0.0
2018-12-10 00:00:00+09:00,7140.0,7200.0,6950.0,7010.0,53870,0.0,0.0
2018-12-11 00:00:00+09:00,7030.0,7170.0,6950.0,7060.0,97314,0.0,0.0
2018-12-12 00:00:00+09:00,7160.0,7630.0,7160.0,7440.0,352605,0.0,0.0
2018-12-13 00:00:00+09:00,7450.0,7530.0,7300.0,7450.0,178111,0.0,0.0
2018-12-14 00:00:00+09:00,7450.0,7450.0,7200.0,7280.0,65529,0.0,0.0
2018-12-17 00:00:00+09:00,7270.0,7280.0,7100.0,7170.0,67149,0.0,0.0
2018-12-18 00:00:00+09:00,7050.0,7100.0,6820.0,6890.0,173789,0.0,0.0
2018-12-19 00:00:00+09:00,6900.0,6940.0,6780.0,6880.0,84298,0.0,0.0
2018-12-20 00:00:00+09:00,6810.0,6890.0,6550.0,6600.0,150846,0.0,0.0
2018-12-21 00:00:00+09:00,6640.0,6750.0,6540.0,6630.0,60735,0.0,0.0
2018-12-24 00:00:00+09:00,6630.0,6840.0,6570.0,6820.0,88434,0.0,0.0
2018-12-26 00:00:00+09:00,6680.0,6880.0,6680.0,6880.0,95234,0.0,0.0
2018-12-27 00:00:00+09:00,7160.0,7180.0,6840.0,6930.0,91594,0.0,0.0
2018-12-28 00:00:00+09:00,6890.0,7080.0,6670.0,6760.0,181805,0.0,0.0
2019-01-02 00:00:00+09:00,7080.0,7080.0,6690.0,6700.0,173069,0.0,0.0
2019-01-03 00:00:00+09:00,6700.0,6760.0,6350.0,6380.0,228926,0.0,0.0
2019-01-04 00:00:00+09:00,6380.0,6490.0,6150.0,6280.0,109031,0.0,0.0
2019-01-07 00:00:00+09:00,6300.0,6550.0,6290.0,6490.0,105019,0.0,0.0
2019-01-08 00:00:00+09:00,6490.0,6650.0,6370.0,6380.0,66860,0.0,0.0
2019-01-09 00:00:00+09:00,6430.0,6670.0,6430.0,6600.0,86256,0.0,0.0
2019-01-10 00:00:00+09:00,6630.0,6800.0,6480.0,6770.0,102306,0.0,0.0
2019-01-11 00:00:00+09:00,6730.0,6850.0,6660.0,6660.0,83028,0.0,0.0
2019-01-14 00:00:00+09:00,6670.0,6940.0,6670.0,6810.0,99235,0.0,0.0
2019-01-15 00:00:00+09:00,6840.0,6950.0,6770.0,6900.0,72048,0.0,0.0
2019-01-16 00:00:00+09:00,6860.0,7040.0,6850.0,6910.0,77911,0.0,0.0
2019-01-17 00:00:00+09:00,6920.0,7000.0,6830.0,6860.0,74386,0.0,0.0
2019-01-18 00:00:00+09:00,6950.0,6950.0,6720.0,6920.0,80404,0.0,0.0
2019-01-21 00:00:00+09:00,6940.0,7030.0,6910.0,6970.0,55729,0.0,0.0
2019-01-22 00:00:00+09:00,6980.0,7040.0,6830.0,6910.0,61665,0.0,0.0
2019-01-23 00:00:00+09:00,6890.0,7000.0,6850.0,6950.0,72439,0.0,0.0
2019-01-24 00:00:00+09:00,6950.0,7190.0,6890.0,7160.0,127742,0.0,0.0
2019-01-25 00:00:00+09:00,7110.0,7360.0,7100.0,7280.0,106567,0.0,0.0
2019-01-28 00:00:00+09:00,7300.0,7320.0,7060.0,7140.0,107757,0.0,0.0
2019-01-29 00:00:00+09:00,7140.0,7140.0,6960.0,7010.0,107033,0.0,0.0
2019-01-30 00:00:00+09:00,7000.0,7140.0,7000.0,7090.0,59479,0.0,0.0
2019-01-31 00:00:00+09:00,7110.0,7130.0,6850.0,6890.0,111964,0.0,0.0
2019-02-01 00:00:00+09:00,6850.0,7000.0,6830.0,7000.0,84622,0.0,0.0
2019-02-07 00:00:00+09:00,7240.0,8290.0,7160.0,8010.0,1701558,0.0,0.0
2019-02-08 00:00:00+09:00,8030.0,8110.0,7740.0,7740.0,454691,0.0,0.0
2019-02-11 00:00:00+09:00,7740.0,8400.0,7740.0,8360.0,754746,0.0,0.0
2019-02-12 00:00:00+09:00,8270.0,9320.0,8250.0,9160.0,1736842,0.0,0.0
2019-02-13 00:00:00+09:00,9160.0,9300.0,9020.0,9200.0,540482,0.0,0.0
2019-02-14 00:00:00+09:00,9100.0,9260.0,9000.0,9160.0,282072,0.0,0.0
2019-02-15 00:00:00+09:00,9230.0,9590.0,9160.0,9350.0,643192,0.0,0.0
2019-02-18 00:00:00+09:00,9370.0,9490.0,9120.0,9210.0,235098,0.0,0.0
2019-02-19 00:00:00+09:00,9160.0,9240.0,8880.0,8940.0,427920,0.0,0.0
2019-02-20 00:00:00+09:00,8940.0,9050.0,8720.0,8900.0,356211,0.0,0.0
2019-02-21 00:00:00+09:00,8880.0,9130.0,8810.0,9010.0,189711,0.0,0.0
2019-02-22 00:00:00+09:00,8880.0,9760.0,8870.0,9390.0,1048668,0.0,0.0
2019-02-25 00:00:00+09:00,9430.0,10100.0,9430.0,9940.0,1364578,0.0,0.0
2019-02-26 00:00:00+09:00,9900.0,10100.0,9670.0,9700.0,556068,0.0,0.0
2019-02-27 00:00:00+09:00,9700.0,9960.0,9520.0,9650.0,349829,0.0,0.0
2019-02-28 00:00:00+09:00,9660.0,9840.0,9200.0,9200.0,355022,0.0,0.0
2019-03-04 00:00:00+09:00,9400.0,9840.0,9360.0,9690.0,288276,0.0,0.0
2019-03-05 00:00:00+09:00,9600.0,9800.0,9410.0,9720.0,268198,0.0,0.0
2019-03-06 00:00:00+09:00,9700.0,9990.0,9680.0,9880.0,502665,0.0,0.0
2019-03-07 00:00:00+09:00,9810.0,9950.0,9360.0,9550.0,299492,0.0,0.0
2019-03-08 00:00:00+09:00,9490.0,9500.0,8810.0,9030.0,583620,0.0,0.0
2019-03-11 00:00:00+09:00,8850.0,9100.0,8740.0,9050.0,229564,0.0,0.0
2019-03-12 00:00:00+09:00,9110.0,9480.0,9110.0,9460.0,360683,0.0,0.0
2019-03-13 00:00:00+09:00,9440.0,9600.0,9360.0,9470.0,182980,0.0,0.0
2019-03-14 00:00:00+09:00,9490.0,9580.0,9280.0,9280.0,180166,0.0,0.0
2019-03-15 00:00:00+09:00,9380.0,9380.0,8630.0,8800.0,445412,0.0,0.0
2019-03-18 00:00:00+09:00,8810.0,8960.0,8380.0,8740.0,579060,0.0,0.0
2019-03-19 00:00:00+09:00,8750.0,9240.0,8750.0,8950.0,393749,0.0,0.0
2019-03-20 00:00:00+09:00,9240.0,9790.0,8930.0,9630.0,1409171,0.0,0.0
2019-03-21 00:00:00+09:00,9670.0,9810.0,9230.0,9260.0,495666,0.0,0.0
2019-03-22 00:00:00+09:00,9220.0,9460.0,9120.0,9210.0,320035,0.0,0.0
2019-03-25 00:00:00+09:00,9140.0,9140.0,8820.0,8850.0,299518,0.0,0.0
2019-03-26 00:00:00+09:00,8880.0,9160.0,8650.0,9140.0,283440,0.0,0.0
2019-03-27 00:00:00+09:00,9140.0,9140.0,8810.0,8950.0,258622,0.0,0.0
2019-03-28 00:00:00+09:00,8950.0,9180.0,8750.0,8950.0,397300,0.0,0.0
2019-03-29 00:00:00+09:00,8950.0,9150.0,8830.0,9150.0,223978,0.0,0.0
2019-04-01 00:00:00+09:00,9270.0,9270.0,9000.0,9100.0,291233,0.0,0.0
2019-04-02 00:00:00+09:00,9170.0,9830.0,9030.0,9800.0,1245133,0.0,0.0
2019-04-03 00:00:00+09:00,9920.0,10150.0,9740.0,9860.0,1184997,0.0,0.0
2019-04-04 00:00:00+09:00,9920.0,10950.0,9910.0,10700.0,3170337,0.0,0.0
2019-04-05 00:00:00+09:00,10650.0,11000.0,10450.0,10750.0,1040309,0.0,0.0
2019-04-08 00:00:00+09:00,10900.0,10950.0,10600.0,10600.0,725749,0.0,0.0
2019-04-09 00:00:00+09:00,10550.0,10600.0,9980.0,10250.0,1130824,0.0,0.0
2019-04-10 00:00:00+09:00,10150.0,10500.0,10000.0,10200.0,590293,0.0,0.0
2019-04-11 00:00:00+09:00,10300.0,10550.0,10100.0,10500.0,682789,0.0,0.0
2019-04-12 00:00:00+09:00,10650.0,10800.0,10050.0,10150.0,836760,0.0,0.0
2019-04-15 00:00:00+09:00,10550.0,10650.0,9740.0,9960.0,1300183,0.0,0.0
2019-04-16 00:00:00+09:00,10150.0,10200.0,9440.0,9600.0,893109,0.0,0.0
2019-04-17 00:00:00+09:00,9660.0,9890.0,9110.0,9160.0,1040635,0.0,0.0
2019-04-18 00:00:00+09:00,9170.0,9270.0,9010.0,9020.0,375288,0.0,0.0
2019-04-19 00:00:00+09:00,9000.0,9050.0,8790.0,8910.0,507753,0.0,0.0
2019-04-22 00:00:00+09:00,8910.0,9010.0,8750.0,8780.0,351437,0.0,0.0
2019-04-23 00:00:00+09:00,8800.0,8920.0,8690.0,8830.0,337172,0.0,0.0
2019-04-24 00:00:00+09:00,8860.0,8870.0,8310.0,8480.0,593269,0.0,0.0
2019-04-25 00:00:00+09:00,8480.0,8580.0,8320.0,8570.0,322275,0.0,0.0
2019-04-26 00:00:00+09:00,8440.0,8520.0,8350.0,8360.0,224085,0.0,0.0
2019-04-29 00:00:00+09:00,8250.0,8660.0,8230.0,8600.0,314195,0.0,0.0
2019-04-30 00:00:00+09:00,8570.0,8600.0,8430.0,8470.0,135469,0.0,0.0
2019-05-02 00:00:00+09:00,8400.0,8560.0,8340.0,8390.0,155534,0.0,0.0
2019-05-03 00:00:00+09:00,8390.0,8580.0,8310.0,8470.0,219403,0.0,0.0
2019-05-07 00:00:00+09:00,8470.0,8470.0,8140.0,8250.0,357074,0.0,0.0
2019-05-08 00:00:00+09:00,8140.0,8950.0,7970.0,8360.0,823244,0.0,0.0
2019-05-09 00:00:00+09:00,8370.0,8380.0,7970.0,8090.0,269339,0.0,0.0
2019-05-10 00:00:00+09:00,8000.0,8400.0,7990.0,8060.0,411605,0.0,0.0
2019-05-13 00:00:00+09:00,8000.0,8050.0,7760.0,7770.0,223088,0.0,0.0
2019-05-14 00:00:00+09:00,7640.0,7860.0,7610.0,7760.0,189608,0.0,0.0
2019-05-15 00:00:00+09:00,7720.0,8000.0,7640.0,7950.0,160896,0.0,0.0
2019-05-16 00:00:00+09:00,8000.0,8000.0,7430.0,7630.0,259901,0.0,0.0
2019-05-17 00:00:00+09:00,7630.0,7730.0,7350.0,7350.0,133393,0.0,0.0
2019-05-20 00:00:00+09:00,7330.0,7510.0,7330.0,7360.0,118084,0.0,0.0
2019-05-21 00:00:00+09:00,7360.0,7640.0,7360.0,7430.0,150637,0.0,0.0
2019-05-22 00:00:00+09:00,7440.0,7490.0,7270.0,7370.0,121030,0.0,0.0
2019-05-23 00:00:00+09:00,7340.0,7400.0,7150.0,7200.0,145303,0.0,0.0
2019-05-24 00:00:00+09:00,7100.0,7250.0,7090.0,7090.0,94872,0.0,0.0
2019-05-27 00:00:00+09:00,7090.0,7360.0,7020.0,7220.0,127352,0.0,0.0
2019-05-28 00:00:00+09:00,7180.0,7400.0,7030.0,7400.0,137006,0.0,0.0
2019-05-29 00:00:00+09:00,7440.0,7440.0,7120.0,7190.0,120181,0.0,0.0
2019-05-30 00:00:00+09:00,7110.0,7340.0,7110.0,7170.0,112225,0.0,0.0
2019-05-31 00:00:00+09:00,7200.0,7350.0,7140.0,7270.0,83260,0.0,0.0
2019-06-03 00:00:00+09:00,7270.0,7470.0,7230.0,7430.0,107917,0.0,0.0
2019-06-04 00:00:00+09:00,7330.0,7420.0,7240.0,7370.0,86666,0.0,0.0
2019-06-05 00:00:00+09:00,7440.0,7440.0,7250.0,7260.0,82453,0.0,0.0
2019-06-07 00:00:00+09:00,7200.0,7450.0,7200.0,7360.0,78048,0.0,0.0
2019-06-10 00:00:00+09:00,7380.0,7780.0,7380.0,7760.0,188332,0.0,0.0
2019-06-11 00:00:00+09:00,7770.0,7830.0,7550.0,7790.0,135726,0.0,0.0
2019-06-12 00:00:00+09:00,7710.0,7770.0,7620.0,7650.0,87630,0.0,0.0
2019-06-13 00:00:00+09:00,7600.0,7710.0,7440.0,7440.0,238998,0.0,0.0
2019-06-14 00:00:00+09:00,7550.0,7590.0,7390.0,7460.0,83262,0.0,0.0
2019-06-17 00:00:00+09:00,7460.0,7540.0,7360.0,7500.0,59299,0.0,0.0
2019-06-18 00:00:00+09:00,7490.0,7580.0,7420.0,7490.0,76624,0.0,0.0
2019-06-19 00:00:00+09:00,7500.0,7560.0,7400.0,7480.0,99227,0.0,0.0
2019-06-20 00:00:00+09:00,7540.0,7770.0,7430.0,7590.0,179769,0.0,0.0
2019-06-21 00:00:00+09:00,7610.0,7790.0,7400.0,7510.0,174398,0.0,0.0
2019-06-24 00:00:00+09:00,7510.0,7510.0,7290.0,7410.0,112720,0.0,0.0
2019-06-25 00:00:00+09:00,7400.0,7430.0,7200.0,7370.0,90480,0.0,0.0
2019-06-26 00:00:00+09:00,7410.0,7490.0,7300.0,7340.0,102919,0.0,0.0
2019-06-27 00:00:00+09:00,7250.0,7500.0,7250.0,7340.0,114361,0.0,0.0
2019-06-28 00:00:00+09:00,7310.0,7540.0,7280.0,7380.0,79627,0.0,0.0
2019-07-01 00:00:00+09:00,7450.0,7550.0,7370.0,7480.0,77827,0.0,0.0
2019-07-02 00:00:00+09:00,7500.0,7510.0,7300.0,7320.0,73074,0.0,0.0
2019-07-03 00:00:00+09:00,7300.0,7360.0,6960.0,7080.0,232182,0.0,0.0
2019-07-04 00:00:00+09:00,7100.0,7140.0,6760.0,6890.0,184126,0.0,0.0
2019-07-05 00:00:00+09:00,6900.0,6970.0,6780.0,6860.0,66475,0.0,0.0
2019-07-08 00:00:00+09:00,6870.0,6920.0,6500.0,6570.0,170461,0.0,0.0
2019-07-09 00:00:00+09:00,6480.0,6720.0,6480.0,6520.0,205317,0.0,0.0
2019-07-10 00:00:00+09:00,6530.0,6720.0,6510.0,6640.0,68583,0.0,0.0
2019-07-11 00:00:00+09:00,6700.0,6740.0,6630.0,6730.0,57189,0.0,0.0
2019-07-12 00:00:00+09:00,6830.0,6840.0,6620.0,6780.0,56751,0.0,0.0
2019-07-15 00:00:00+09:00,6710.0,6780.0,6630.0,6780.0,54366,0.0,0.0
2019-07-16 00:00:00+09:00,6690.0,6830.0,6680.0,6790.0,47692,0.0,0.0
2019-07-17 00:00:00+09:00,6710.0,6790.0,6600.0,6680.0,75974,0.0,0.0
2019-07-18 00:00:00+09:00,6600.0,6730.0,6540.0,6600.0,53098,0.0,0.0
2019-07-19 00:00:00+09:00,6750.0,6870.0,6630.0,6870.0,103926,0.0,0.0
2019-07-22 00:00:00+09:00,6800.0,7400.0,6700.0,7030.0,211499,0.0,0.0
2019-07-23 00:00:00+09:00,6910.0,7030.0,6660.0,6810.0,131081,0.0,0.0
2019-07-24 00:00:00+09:00,6740.0,6850.0,6640.0,6730.0,92007,0.0,0.0
2019-07-25 00:00:00+09:00,6710.0,6970.0,6660.0,6810.0,88110,0.0,0.0
2019-07-26 00:00:00+09:00,6770.0,6890.0,6650.0,6780.0,72522,0.0,0.0
2019-07-29 00:00:00+09:00,6800.0,6800.0,6340.0,6430.0,122171,0.0,0.0
2019-07-30 00:00:00+09:00,6350.0,6550.0,6290.0,6310.0,130775,0.0,0.0
2019-07-31 00:00:00+09:00,6310.0,6370.0,5990.0,6130.0,162162,0.0,0.0
2019-08-01 00:00:00+09:00,6130.0,6130.0,5950.0,5950.0,123845,0.0,0.0
2019-08-02 00:00:00+09:00,6000.0,6000.0,5610.0,5850.0,104046,0.0,0.0
2019-08-05 00:00:00+09:00,5800.0,5830.0,4830.0,5100.0,279995,0.0,0.0
2019-08-06 00:00:00+09:00,4900.0,5640.0,4900.0,5430.0,310611,0.0,0.0
2019-08-07 00:00:00+09:00,5550.0,5650.0,5340.0,5650.0,114701,0.0,0.0
2019-08-08 00:00:00+09:00,5720.0,5770.0,5510.0,5730.0,94170,0.0,0.0
2019-08-09 00:00:00+09:00,5730.0,5760.0,5400.0,5450.0,145118,0.0,0.0
2019-08-12 00:00:00+09:00,5430.0,5480.0,5370.0,5380.0,107611,0.0,0.0
2019-08-13 00:00:00+09:00,5330.0,5370.0,5200.0,5200.0,122814,0.0,0.0
2019-08-14 00:00:00+09:00,5200.0,5420.0,5200.0,5270.0,78398,0.0,0.0
2019-08-16 00:00:00+09:00,5210.0,5240.0,4945.0,5040.0,160277,0.0,0.0
2019-08-19 00:00:00+09:00,5100.0,5230.0,5030.0,5230.0,97237,0.0,0.0
2019-08-20 00:00:00+09:00,5260.0,5400.0,5210.0,5340.0,85770,0.0,0.0
2019-08-21 00:00:00+09:00,5260.0,5600.0,5260.0,5600.0,104579,0.0,0.0
2019-08-22 00:00:00+09:00,5540.0,5640.0,5450.0,5450.0,60698,0.0,0.0
2019-08-23 00:00:00+09:00,5400.0,5590.0,5330.0,5490.0,54323,0.0,0.0
2019-08-26 00:00:00+09:00,5300.0,5430.0,5010.0,5070.0,167991,0.0,0.0
2019-08-27 00:00:00+09:00,5120.0,5230.0,5120.0,5140.0,54087,0.0,0.0
2019-08-28 00:00:00+09:00,5240.0,5450.0,5130.0,5380.0,81839,0.0,0.0
2019-08-29 00:00:00+09:00,5300.0,5500.0,5180.0,5370.0,68565,0.0,0.0
2019-08-30 00:00:00+09:00,5600.0,5600.0,5420.0,5570.0,73218,0.0,0.0
2019-09-02 00:00:00+09:00,5400.0,5710.0,5400.0,5690.0,74957,0.0,0.0
2019-09-03 00:00:00+09:00,5550.0,5780.0,5540.0,5590.0,44747,0.0,0.0
2019-09-04 00:00:00+09:00,5560.0,5730.0,5500.0,5700.0,51521,0.0,0.0
2019-09-05 00:00:00+09:00,5820.0,5820.0,5600.0,5720.0,48698,0.0,0.0
2019-09-06 00:00:00+09:00,5670.0,5810.0,5590.0,5640.0,44054,0.0,0.0
2019-09-09 00:00:00+09:00,5670.0,5730.0,5490.0,5560.0,53044,0.0,0.0
2019-09-10 00:00:00+09:00,5520.0,5620.0,5470.0,5510.0,54538,0.0,0.0
2019-09-11 00:00:00+09:00,5570.0,5670.0,5460.0,5510.0,100354,0.0,0.0
2019-09-16 00:00:00+09:00,5550.0,5790.0,5510.0,5790.0,92329,0.0,0.0
2019-09-17 00:00:00+09:00,5710.0,5880.0,5710.0,5770.0,55025,0.0,0.0
2019-09-18 00:00:00+09:00,5700.0,5820.0,5610.0,5750.0,59364,0.0,0.0
2019-09-19 00:00:00+09:00,5750.0,5930.0,5690.0,5780.0,66861,0.0,0.0
2019-09-20 00:00:00+09:00,5800.0,5840.0,5760.0,5790.0,49835,0.0,0.0
2019-09-23 00:00:00+09:00,5770.0,5780.0,5660.0,5690.0,45536,0.0,0.0
2019-09-24 00:00:00+09:00,5780.0,6440.0,5710.0,6080.0,390857,0.0,0.0
2019-09-25 00:00:00+09:00,5990.0,6060.0,5830.0,5880.0,109153,0.0,0.0
2019-09-26 00:00:00+09:00,5840.0,6100.0,5730.0,5910.0,117428,0.0,0.0
2019-09-27 00:00:00+09:00,5910.0,5920.0,5730.0,5870.0,64967,0.0,0.0
2019-09-30 00:00:00+09:00,5760.0,5860.0,5600.0,5740.0,94717,0.0,0.0
2019-10-01 00:00:00+09:00,5650.0,5730.0,5570.0,5720.0,95632,0.0,0.0
2019-10-02 00:00:00+09:00,5730.0,5730.0,5570.0,5570.0,76082,0.0,0.0
2019-10-04 00:00:00+09:00,5540.0,5700.0,5500.0,5590.0,63417,0.0,0.0
2019-10-07 00:00:00+09:00,5560.0,5690.0,5460.0,5500.0,67117,0.0,0.0
2019-10-08 00:00:00+09:00,5400.0,5500.0,5190.0,5200.0,189179,0.0,0.0
2019-10-10 00:00:00+09:00,5200.0,5220.0,5010.0,5070.0,87996,0.0,0.0
2019-10-11 00:00:00+09:00,5020.0,5220.0,5020.0,5120.0,46753,0.0,0.0
2019-10-14 00:00:00+09:00,5150.0,5280.0,5120.0,5240.0,45348,0.0,0.0
2019-10-15 00:00:00+09:00,5350.0,5450.0,5270.0,5320.0,91130,0.0,0.0
2019-10-16 00:00:00+09:00,5300.0,5410.0,5250.0,5270.0,45308,0.0,0.0
2019-10-17 00:00:00+09:00,5320.0,5390.0,5210.0,5300.0,53018,0.0,0.0
2019-10-18 00:00:00+09:00,5300.0,5320.0,5160.0,5180.0,58883,0.0,0.0
2019-10-21 00:00:00+09:00,5250.0,5250.0,5000.0,5080.0,133546,0.0,0.0
2019-10-22 00:00:00+09:00,5090.0,5150.0,5000.0,5080.0,119817,0.0,0.0
2019-10-23 00:00:00+09:00,5050.0,5090.0,4975.0,5060.0,78465,0.0,0.0
2019-10-24 00:00:00+09:00,5030.0,5090.0,4930.0,5080.0,129523,0.0,0.0
2019-10-25 00:00:00+09:00,5060.0,5150.0,5020.0,5080.0,63733,0.0,0.0
2019-10-28 00:00:00+09:00,5030.0,5890.0,5030.0,5510.0,685632,0.0,0.0
2019-10-29 00:00:00+09:00,5450.0,5990.0,5420.0,5900.0,457021,0.0,0.0
2019-10-30 00:00:00+09:00,5870.0,5910.0,5550.0,5630.0,176253,0.0,0.0
2019-10-31 00:00:00+09:00,5610.0,5790.0,5600.0,5700.0,86462,0.0,0.0
2019-11-01 00:00:00+09:00,5710.0,5790.0,5600.0,5790.0,62575,0.0,0.0
2019-11-04 00:00:00+09:00,5750.0,5880.0,5750.0,5800.0,69477,0.0,0.0
2019-11-05 00:00:00+09:00,5720.0,5810.0,5720.0,5810.0,44109,0.0,0.0
2019-11-06 00:00:00+09:00,5750.0,6320.0,5750.0,5960.0,402757,0.0,0.0
2019-11-07 00:00:00+09:00,5920.0,6040.0,5810.0,5880.0,70980,0.0,0.0
2019-11-08 00:00:00+09:00,5830.0,5970.0,5830.0,5930.0,50439,0.0,0.0
2019-11-11 00:00:00+09:00,5880.0,5930.0,5720.0,5800.0,54903,0.0,0.0
2019-11-12 00:00:00+09:00,5900.0,5930.0,5750.0,5920.0,49628,0.0,0.0
2019-11-13 00:00:00+09:00,5870.0,5920.0,5730.0,5770.0,48807,0.0,0.0
2019-11-14 00:00:00+09:00,5850.0,5860.0,5690.0,5800.0,49358,0.0,0.0
2019-11-15 00:00:00+09:00,5840.0,5870.0,5710.0,5800.0,45166,0.0,0.0
2019-11-18 00:00:00+09:00,5800.0,5800.0,5650.0,5670.0,47868,0.0,0.0
2019-11-19 00:00:00+09:00,5700.0,5710.0,5470.0,5520.0,74996,0.0,0.0
2019-11-20 00:00:00+09:00,5530.0,5600.0,5380.0,5500.0,58306,0.0,0.0
2019-11-21 00:00:00+09:00,5470.0,5470.0,5150.0,5160.0,172016,0.0,0.0
2019-11-22 00:00:00+09:00,5200.0,5440.0,5090.0,5150.0,196952,0.0,0.0
2019-11-25 00:00:00+09:00,5130.0,5210.0,5020.0,5140.0,149645,0.0,0.0
2019-11-26 00:00:00+09:00,5090.0,5210.0,5040.0,5160.0,91831,0.0,0.0
2019-11-27 00:00:00+09:00,5120.0,5410.0,5070.0,5120.0,213177,0.0,0.0
2019-11-28 00:00:00+09:00,5100.0,5170.0,5060.0,5140.0,60493,0.0,0.0
2019-11-29 00:00:00+09:00,5190.0,5190.0,5040.0,5130.0,43391,0.0,0.0
2019-12-02 00:00:00+09:00,5070.0,5180.0,5060.0,5150.0,65815,0.0,0.0
2019-12-03 00:00:00+09:00,5060.0,5150.0,5000.0,5040.0,83191,0.0,0.0
2019-12-04 00:00:00+09:00,5000.0,5110.0,5000.0,5040.0,73810,0.0,0.0
2019-12-05 00:00:00+09:00,5010.0,5290.0,5010.0,5040.0,149194,0.0,0.0
2019-12-06 00:00:00+09:00,5090.0,5230.0,5040.0,5190.0,91348,0.0,0.0
2019-12-09 00:00:00+09:00,5190.0,5220.0,5000.0,5100.0,130815,0.0,0.0
2019-12-10 00:00:00+09:00,5040.0,5100.0,4995.0,5070.0,57876,0.0,0.0
2019-12-11 00:00:00+09:00,5020.0,5170.0,5010.0,5090.0,62356,0.0,0.0
2019-12-12 00:00:00+09:00,5100.0,5400.0,5020.0,5280.0,313219,0.0,0.0
2019-12-13 00:00:00+09:00,5300.0,5590.0,5300.0,5530.0,162361,0.0,0.0
2019-12-16 00:00:00+09:00,5530.0,5640.0,5440.0,5470.0,61969,0.0,0.0
2019-12-17 00:00:00+09:00,5470.0,5600.0,5450.0,5600.0,63019,0.0,0.0
2019-12-18 00:00:00+09:00,5690.0,5690.0,5500.0,5530.0,42188,0.0,0.0
2019-12-19 00:00:00+09:00,5480.0,5630.0,5400.0,5560.0,62200,0.0,0.0
2019-12-20 00:00:00+09:00,5560.0,5560.0,5440.0,5540.0,31877,0.0,0.0
2019-12-23 00:00:00+09:00,5540.0,5650.0,5500.0,5600.0,72865,0.0,0.0
2019-12-24 00:00:00+09:00,5560.0,5620.0,5550.0,5600.0,58507,0.0,0.0
2019-12-26 00:00:00+09:00,5600.0,5900.0,5460.0,5900.0,168627,0.0,0.0
2019-12-27 00:00:00+09:00,5800.0,5980.0,5800.0,5930.0,91104,0.0,0.0
2019-12-30 00:00:00+09:00,5940.0,5970.0,5840.0,5970.0,71914,0.0,0.0
2020-01-02 00:00:00+09:00,5970.0,5980.0,5700.0,5810.0,101243,0.0,0.0
2020-01-03 00:00:00+09:00,5870.0,5890.0,5590.0,5630.0,98639,0.0,0.0
2020-01-06 00:00:00+09:00,5620.0,5760.0,5470.0,5470.0,109474,0.0,0.0
2020-01-07 00:00:00+09:00,5430.0,5640.0,5430.0,5540.0,50860,0.0,0.0
2020-01-08 00:00:00+09:00,5650.0,5650.0,5410.0,5460.0,129628,0.0,0.0
2020-01-09 00:00:00+09:00,5520.0,5780.0,5520.0,5770.0,130216,0.0,0.0
2020-01-10 00:00:00+09:00,5820.0,5950.0,5730.0,5850.0,91954,0.0,0.0
2020-01-13 00:00:00+09:00,5930.0,6000.0,5790.0,5880.0,131192,0.0,0.0
2020-01-14 00:00:00+09:00,5950.0,6090.0,5630.0,5710.0,232938,0.0,0.0
2020-01-15 00:00:00+09:00,5680.0,5740.0,5590.0,5610.0,107623,0.0,0.0
2020-01-16 00:00:00+09:00,5720.0,6160.0,5700.0,5950.0,390267,0.0,0.0
2020-01-17 00:00:00+09:00,6000.0,6140.0,5930.0,5940.0,211856,0.0,0.0
2020-01-20 00:00:00+09:00,6050.0,6120.0,5670.0,5710.0,277385,0.0,0.0
2020-01-21 00:00:00+09:00,5710.0,5740.0,5520.0,5640.0,109317,0.0,0.0
2020-01-22 00:00:00+09:00,5710.0,5820.0,5640.0,5770.0,72955,0.0,0.0
2020-01-23 00:00:00+09:00,5790.0,5830.0,5690.0,5700.0,104021,0.0,0.0
2020-01-28 00:00:00+09:00,5430.0,5650.0,5380.0,5490.0,166103,0.0,0.0
2020-01-29 00:00:00+09:00,5490.0,5600.0,5440.0,5510.0,63012,0.0,0.0
2020-01-30 00:00:00+09:00,5490.0,5600.0,5290.0,5300.0,158310,0.0,0.0
2020-01-31 00:00:00+09:00,5350.0,5640.0,5230.0,5550.0,157631,0.0,0.0
2020-02-03 00:00:00+09:00,5550.0,5770.0,5470.0,5700.0,237104,0.0,0.0
2020-02-04 00:00:00+09:00,5800.0,5800.0,5600.0,5710.0,128391,0.0,0.0
2020-02-05 00:00:00+09:00,5740.0,5740.0,5510.0,5570.0,121865,0.0,0.0
2020-02-06 00:00:00+09:00,5570.0,5890.0,5530.0,5740.0,220612,0.0,0.0
2020-02-07 00:00:00+09:00,5750.0,5750.0,5580.0,5630.0,120671,0.0,0.0
2020-02-10 00:00:00+09:00,5570.0,5900.0,5550.0,5890.0,195518,0.0,0.0
2020-02-11 00:00:00+09:00,5920.0,6050.0,5810.0,5940.0,179881,0.0,0.0
2020-02-12 00:00:00+09:00,5920.0,5980.0,5820.0,5940.0,100739,0.0,0.0
2020-02-13 00:00:00+09:00,5880.0,6000.0,5840.0,5970.0,127764,0.0,0.0
2020-02-14 00:00:00+09:00,5970.0,6270.0,5820.0,6240.0,501618,0.0,0.0
2020-02-17 00:00:00+09:00,6430.0,7880.0,5810.0,7240.0,7922404,0.0,0.0
2020-02-18 00:00:00+09:00,7620.0,7840.0,6820.0,7040.0,4958696,0.0,0.0
2020-02-19 00:00:00+09:00,7250.0,7350.0,6710.0,7080.0,1343533,0.0,0.0
2020-02-20 00:00:00+09:00,6860.0,8460.0,6830.0,7960.0,8688803,0.0,0.0
2020-02-21 00:00:00+09:00,7570.0,8360.0,7310.0,7400.0,5054719,0.0,0.0
2020-02-24 00:00:00+09:00,7100.0,7700.0,6730.0,6730.0,3440894,0.0,0.0
2020-02-25 00:00:00+09:00,6500.0,6940.0,6210.0,6730.0,1844564,0.0,0.0
2020-02-26 00:00:00+09:00,6520.0,7170.0,6350.0,6500.0,1869202,0.0,0.0
2020-02-27 00:00:00+09:00,6420.0,6780.0,5920.0,6160.0,872083,0.0,0.0
2020-02-28 00:00:00+09:00,6010.0,6220.0,5680.0,5860.0,755817,0.0,0.0
2020-03-02 00:00:00+09:00,5890.0,5950.0,5700.0,5890.0,373058,0.0,0.0
2020-03-03 00:00:00+09:00,6100.0,6200.0,5710.0,5770.0,603671,0.0,0.0
2020-03-04 00:00:00+09:00,5680.0,5800.0,5630.0,5770.0,344765,0.0,0.0
2020-03-05 00:00:00+09:00,5870.0,5870.0,5580.0,5660.0,386295,0.0,0.0
2020-03-06 00:00:00+09:00,5590.0,5650.0,5310.0,5390.0,465149,0.0,0.0
2020-03-09 00:00:00+09:00,5390.0,5390.0,5390.0,5390.0,0,0.0,0.0
2020-03-10 00:00:00+09:00,4800.0,5080.0,4700.0,5060.0,400586,0.0,0.0
2020-03-11 00:00:00+09:00,5020.0,5060.0,4695.0,4780.0,315145,0.0,0.0
2020-03-12 00:00:00+09:00,4780.0,4780.0,4780.0,4780.0,0,0.0,0.0
2020-03-13 00:00:00+09:00,4100.0,4300.0,3765.0,3955.0,708902,0.0,0.0
2020-03-16 00:00:00+09:00,4065.0,4120.0,3770.0,3770.0,380394,0.0,0.0
2020-03-17 00:00:00+09:00,3360.0,3965.0,3360.0,3835.0,281061,0.0,0.0
2020-03-18 00:00:00+09:00,3835.0,3950.0,3500.0,3500.0,299316,0.0,0.0
2020-03-19 00:00:00+09:00,3545.0,3700.0,3125.0,3320.0,625162,0.0,0.0
2020-03-20 00:00:00+09:00,3475.0,3580.0,3215.0,3530.0,317054,0.0,0.0
2020-03-23 00:00:00+09:00,3200.0,3280.0,3035.0,3075.0,312436,0.0,0.0
2020-03-24 00:00:00+09:00,3110.0,3445.0,3110.0,3445.0,232966,0.0,0.0
2020-03-25 00:00:00+09:00,3540.0,3780.0,3455.0,3780.0,375698,0.0,0.0
2020-03-26 00:00:00+09:00,3745.0,3890.0,3585.0,3680.0,296402,0.0,0.0
2020-03-27 00:00:00+09:00,3780.0,3855.0,3525.0,3640.0,331149,0.0,0.0
2020-03-30 00:00:00+09:00,3635.0,4200.0,3455.0,4000.0,514876,0.0,0.0
2020-03-31 00:00:00+09:00,4210.0,4790.0,4140.0,4740.0,1291130,0.0,0.0
2020-04-01 00:00:00+09:00,5000.0,5370.0,4800.0,4980.0,1652623,0.0,0.0
2020-04-02 00:00:00+09:00,5730.0,6180.0,5250.0,5760.0,3682301,0.0,0.0
2020-04-03 00:00:00+09:00,6060.0,6070.0,5190.0,5330.0,1455088,0.0,0.0
2020-04-06 00:00:00+09:00,5350.0,5550.0,5220.0,5450.0,827575,0.0,0.0
2020-04-07 00:00:00+09:00,5660.0,5780.0,5520.0,5590.0,1114826,0.0,0.0
2020-04-08 00:00:00+09:00,5610.0,6100.0,5410.0,5710.0,1915481,0.0,0.0
2020-04-09 00:00:00+09:00,5720.0,5760.0,5490.0,5530.0,666113,0.0,0.0
2020-04-10 00:00:00+09:00,5520.0,5520.0,4990.0,5250.0,708274,0.0,0.0
2020-04-13 00:00:00+09:00,5140.0,5140.0,4850.0,4850.0,388646,0.0,0.0
2020-04-14 00:00:00+09:00,4800.0,5140.0,4800.0,4980.0,271015,0.0,0.0
2020-04-16 00:00:00+09:00,4935.0,5060.0,4755.0,5040.0,198662,0.0,0.0
2020-04-17 00:00:00+09:00,5090.0,5250.0,4960.0,5040.0,274532,0.0,0.0
2020-04-20 00:00:00+09:00,5010.0,5070.0,4955.0,5010.0,163119,0.0,0.0
2020-04-21 00:00:00+09:00,4960.0,5010.0,4830.0,4995.0,288033,0.0,0.0
2020-04-22 00:00:00+09:00,4900.0,4975.0,4825.0,4900.0,152144,0.0,0.0
2020-04-23 00:00:00+09:00,4835.0,4965.0,4825.0,4915.0,118177,0.0,0.0
2020-04-24 00:00:00+09:00,4895.0,4920.0,4770.0,4810.0,184243,0.0,0.0
2020-04-27 00:00:00+09:00,4760.0,5010.0,4730.0,5010.0,168988,0.0,0.0
2020-04-28 00:00:00+09:00,5020.0,5450.0,4890.0,5360.0,984123,0.0,0.0
2020-04-29 00:00:00+09:00,5200.0,5290.0,5000.0,5050.0,334032,0.0,0.0
2020-05-04 00:00:00+09:00,5050.0,5050.0,4910.0,4935.0,165769,0.0,0.0
2020-05-06 00:00:00+09:00,5040.0,5250.0,4975.0,5210.0,358201,0.0,0.0
2020-05-07 00:00:00+09:00,5210.0,5300.0,5160.0,5200.0,206407,0.0,0.0
2020-05-08 00:00:00+09:00,5230.0,5360.0,5230.0,5300.0,209333,0.0,0.0
2020-05-11 00:00:00+09:00,5280.0,5430.0,5170.0,5350.0,307890,0.0,0.0
2020-05-12 00:00:00+09:00,5350.0,5390.0,5120.0,5200.0,195503,0.0,0.0
2020-05-13 00:00:00+09:00,5120.0,5230.0,5050.0,5180.0,99569,0.0,0.0
2020-05-14 00:00:00+09:00,5120.0,5280.0,5070.0,5140.0,117199,0.0,0.0
2020-05-15 00:00:00+09:00,5190.0,5190.0,5050.0,5190.0,156802,0.0,0.0
2020-05-18 00:00:00+09:00,5160.0,5240.0,5080.0,5180.0,139686,0.0,0.0
2020-05-19 00:00:00+09:00,5200.0,5300.0,5180.0,5260.0,198748,0.0,0.0
2020-05-20 00:00:00+09:00,5280.0,5370.0,5200.0,5300.0,196643,0.0,0.0
2020-05-21 00:00:00+09:00,5350.0,5370.0,5230.0,5330.0,202190,0.0,0.0
2020-05-22 00:00:00+09:00,5290.0,5350.0,5150.0,5220.0,186691,0.0,0.0
2020-05-25 00:00:00+09:00,5180.0,5430.0,5170.0,5390.0,234183,0.0,0.0
2020-05-26 00:00:00+09:00,5390.0,5460.0,5320.0,5360.0,204740,0.0,0.0
2020-05-27 00:00:00+09:00,5380.0,5920.0,5330.0,5400.0,1308274,0.0,0.0
2020-05-28 00:00:00+09:00,5420.0,5460.0,5090.0,5230.0,435306,0.0,0.0
2020-05-29 00:00:00+09:00,5210.0,5210.0,5090.0,5110.0,157459,0.0,0.0
2020-06-01 00:00:00+09:00,5070.0,5300.0,5050.0,5220.0,141182,0.0,0.0
2020-06-02 00:00:00+09:00,5200.0,5420.0,5080.0,5350.0,247252,0.0,0.0
2020-06-03 00:00:00+09:00,5360.0,5560.0,5330.0,5430.0,231998,0.0,0.0
2020-06-04 00:00:00+09:00,5380.0,5540.0,5340.0,5370.0,217085,0.0,0.0
2020-06-05 00:00:00+09:00,5390.0,5490.0,5340.0,5470.0,145331,0.0,0.0
2020-06-08 00:00:00+09:00,5480.0,5520.0,5390.0,5410.0,168281,0.0,0.0
2020-06-09 00:00:00+09:00,5480.0,5490.0,5280.0,5370.0,128631,0.0,0.0
2020-06-10 00:00:00+09:00,5380.0,5430.0,5310.0,5340.0,94274,0.0,0.0
2020-06-11 00:00:00+09:00,5320.0,5420.0,5160.0,5200.0,264543,0.0,0.0
2020-06-12 00:00:00+09:00,5000.0,5130.0,4950.0,5060.0,200877,0.0,0.0
2020-06-15 00:00:00+09:00,5010.0,5070.0,4700.0,4700.0,264328,0.0,0.0
2020-06-16 00:00:00+09:00,4710.0,5160.0,4710.0,5140.0,248060,0.0,0.0
2020-06-17 00:00:00+09:00,5120.0,5190.0,4930.0,4990.0,159070,0.0,0.0
2020-06-18 00:00:00+09:00,4850.0,5040.0,4820.0,4955.0,88550,0.0,0.0
2020-06-19 00:00:00+09:00,4960.0,5030.0,4855.0,4935.0,99783,0.0,0.0
2020-06-22 00:00:00+09:00,4880.0,4975.0,4830.0,4885.0,93691,0.0,0.0
2020-06-23 00:00:00+09:00,4850.0,5110.0,4845.0,4990.0,142456,0.0,0.0
2020-06-24 00:00:00+09:00,4970.0,5080.0,4890.0,5050.0,184733,0.0,0.0
2020-06-25 00:00:00+09:00,4955.0,5300.0,4910.0,4960.0,415710,0.0,0.0
2020-06-26 00:00:00+09:00,5000.0,5040.0,4910.0,5030.0,133604,0.0,0.0
2020-06-29 00:00:00+09:00,5010.0,5010.0,4850.0,4870.0,141804,0.0,0.0
2020-06-30 00:00:00+09:00,4930.0,5150.0,4930.0,5040.0,244989,0.0,0.0
2020-07-01 00:00:00+09:00,5010.0,5090.0,4990.0,5070.0,87801,0.0,0.0
2020-07-02 00:00:00+09:00,5030.0,5280.0,5020.0,5180.0,223527,0.0,0.0
2020-07-03 00:00:00+09:00,5210.0,5540.0,5150.0,5260.0,645822,0.0,0.0
2020-07-06 00:00:00+09:00,5180.0,5440.0,5100.0,5300.0,301538,0.0,0.0
2020-07-07 00:00:00+09:00,5310.0,5310.0,5160.0,5230.0,129248,0.0,0.0
2020-07-08 00:00:00+09:00,5150.0,5330.0,5150.0,5250.0,135524,0.0,0.0
2020-07-09 00:00:00+09:00,5410.0,5410.0,5200.0,5300.0,119579,0.0,0.0
2020-07-10 00:00:00+09:00,5300.0,5370.0,5120.0,5300.0,214741,0.0,0.0
2020-07-13 00:00:00+09:00,5300.0,5300.0,5210.0,5250.0,90786,0.0,0.0
2020-07-14 00:00:00+09:00,5150.0,5330.0,5150.0,5240.0,116477,0.0,0.0
2020-07-15 00:00:00+09:00,5150.0,5310.0,5150.0,5240.0,111622,0.0,0.0
2020-07-16 00:00:00+09:00,5240.0,5300.0,5090.0,5200.0,131995,0.0,0.0
2020-07-17 00:00:00+09:00,5150.0,5190.0,5060.0,5130.0,125342,0.0,0.0
2020-07-20 00:00:00+09:00,5140.0,5230.0,5020.0,5090.0,114490,0.0,0.0
2020-07-21 00:00:00+09:00,5090.0,5190.0,5050.0,5080.0,127221,0.0,0.0
2020-07-22 00:00:00+09:00,5070.0,5140.0,5030.0,5060.0,125687,0.0,0.0
2020-07-23 00:00:00+09:00,5050.0,5090.0,4985.0,5040.0,138232,0.0,0.0
2020-07-24 00:00:00+09:00,5040.0,5060.0,4970.0,5030.0,114224,0.0,0.0
2020-07-27 00:00:00+09:00,5040.0,5070.0,4980.0,5000.0,101384,0.0,0.0
2020-07-28 00:00:00+09:00,5000.0,5050.0,4955.0,4970.0,97680,0.0,0.0
2020-07-29 00:00:00+09:00,5000.0,5000.0,4915.0,4985.0,104164,0.0,0.0
2020-07-30 00:00:00+09:00,4940.0,5020.0,4925.0,4995.0,127430,0.0,0.0
2020-07-31 00:00:00+09:00,5000.0,5010.0,4935.0,4945.0,80824,0.0,0.0
2020-08-03 00:00:00+09:00,4930.0,4975.0,4880.0,4895.0,111346,0.0,0.0
2020-08-04 00:00:00+09:00,4850.0,4980.0,4840.0,4975.0,76212,0.0,0.0
2020-08-05 00:00:00+09:00,4990.0,5110.0,4975.0,5080.0,148527,0.0,0.0
2020-08-06 00:00:00+09:00,5090.0,5220.0,5060.0,5080.0,144369,0.0,0.0
2020-08-07 00:00:00+09:00,5080.0,5190.0,4980.0,5040.0,113537,0.0,0.0
2020-08-10 00:00:00+09:00,5010.0,5070.0,4970.0,5030.0,83397,0.0,0.0
2020-08-11 00:00:00+09:00,5050.0,5060.0,4980.0,5020.0,87533,0.0,0.0
2020-08-12 00:00:00+09:00,5040.0,5060.0,4870.0,4985.0,188274,0.0,0.0
2020-08-13 00:00:00+09:00,5000.0,5180.0,4935.0,5130.0,195137,0.0,0.0
2020-08-14 00:00:00+09:00,5090.0,5150.0,5030.0,5080.0,122955,0.0,0.0
2020-08-18 00:00:00+09:00,5100.0,5100.0,4830.0,4870.0,221494,0.0,0.0
2020-08-19 00:00:00+09:00,4950.0,4965.0,4800.0,4940.0,106873,0.0,0.0
2020-08-20 00:00:00+09:00,4895.0,4940.0,4680.0,4690.0,198252,0.0,0.0
2020-08-21 00:00:00+09:00,4825.0,4895.0,4695.0,4765.0,123223,0.0,0.0
2020-08-24 00:00:00+09:00,4795.0,4900.0,4710.0,4870.0,109926,0.0,0.0
2020-08-25 00:00:00+09:00,4870.0,4935.0,4820.0,4900.0,95542,0.0,0.0
2020-08-26 00:00:00+09:00,4930.0,4930.0,4720.0,4745.0,209147,0.0,0.0
2020-08-27 00:00:00+09:00,4770.0,4770.0,4610.0,4630.0,193728,0.0,0.0
2020-08-28 00:00:00+09:00,4635.0,4820.0,4635.0,4695.0,167140,0.0,0.0
2020-08-31 00:00:00+09:00,4720.0,5020.0,4685.0,4885.0,254346,0.0,0.0
2020-09-01 00:00:00+09:00,5320.0,5320.0,4850.0,4850.0,363805,0.0,0.0
2020-09-02 00:00:00+09:00,4935.0,4985.0,4860.0,4900.0,101513,0.0,0.0
2020-09-03 00:00:00+09:00,5100.0,5130.0,4915.0,4990.0,192325,0.0,0.0
2020-09-04 00:00:00+09:00,4850.0,4960.0,4800.0,4885.0,188172,0.0,0.0
2020-09-07 00:00:00+09:00,4920.0,5100.0,4920.0,4980.0,185382,0.0,0.0
2020-09-08 00:00:00+09:00,5070.0,5300.0,4980.0,5200.0,558116,0.0,0.0
2020-09-09 00:00:00+09:00,5110.0,5260.0,5040.0,5080.0,295305,0.0,0.0
2020-09-10 00:00:00+09:00,5120.0,5250.0,5060.0,5160.0,268048,0.0,0.0
2020-09-11 00:00:00+09:00,5210.0,5210.0,5050.0,5140.0,159824,0.0,0.0
2020-09-14 00:00:00+09:00,5160.0,5450.0,5140.0,5440.0,482922,0.0,0.0
2020-09-15 00:00:00+09:00,5310.0,5420.0,5250.0,5380.0,201489,0.0,0.0
2020-09-16 00:00:00+09:00,5350.0,5350.0,5180.0,5190.0,176057,0.0,0.0
2020-09-17 00:00:00+09:00,5170.0,5280.0,5000.0,5030.0,191886,0.0,0.0
2020-09-18 00:00:00+09:00,5120.0,5120.0,4985.0,5060.0,112229,0.0,0.0
2020-09-21 00:00:00+09:00,5020.0,5120.0,4930.0,4950.0,191002,0.0,0.0
2020-09-22 00:00:00+09:00,4995.0,5000.0,4845.0,4850.0,141458,0.0,0.0
2020-09-23 00:00:00+09:00,4910.0,4920.0,4790.0,4915.0,124231,0.0,0.0
2020-09-24 00:00:00+09:00,4890.0,5800.0,4795.0,5070.0,1403450,0.0,0.0
2020-09-25 00:00:00+09:00,5050.0,5050.0,4880.0,4910.0,201660,0.0,0.0
2020-09-28 00:00:00+09:00,5020.0,5020.0,4860.0,4930.0,173798,0.0,0.0
2020-09-29 00:00:00+09:00,4935.0,5230.0,4935.0,5140.0,347677,0.0,0.0
2020-10-05 00:00:00+09:00,5150.0,5280.0,5120.0,5200.0,221546,0.0,0.0
2020-10-06 00:00:00+09:00,5170.0,5210.0,5060.0,5100.0,167226,0.0,0.0
2020-10-07 00:00:00+09:00,5080.0,5140.0,5020.0,5120.0,98301,0.0,0.0
2020-10-08 00:00:00+09:00,5120.0,5160.0,5030.0,5120.0,98019,0.0,0.0
2020-10-12 00:00:00+09:00,5100.0,5190.0,5060.0,5190.0,121625,0.0,0.0
2020-10-13 00:00:00+09:00,5230.0,5230.0,5160.0,5220.0,169629,0.0,0.0
2020-10-14 00:00:00+09:00,5250.0,5290.0,5070.0,5080.0,158317,0.0,0.0
2020-10-15 00:00:00+09:00,5030.0,5140.0,4905.0,4965.0,222736,0.0,0.0
2020-10-16 00:00:00+09:00,4965.0,4965.0,4780.0,4850.0,161862,0.0,0.0
2020-10-19 00:00:00+09:00,4885.0,4960.0,4780.0,4865.0,87947,0.0,0.0
2020-10-20 00:00:00+09:00,4865.0,4920.0,4775.0,4915.0,94558,0.0,0.0
2020-10-21 00:00:00+09:00,4855.0,5020.0,4835.0,5020.0,87156,0.0,0.0
2020-10-22 00:00:00+09:00,4965.0,5030.0,4915.0,4935.0,58848,0.0,0.0
2020-10-23 00:00:00+09:00,4905.0,4965.0,4815.0,4850.0,115408,0.0,0.0
2020-10-26 00:00:00+09:00,4805.0,4910.0,4770.0,4770.0,67966,0.0,0.0
2020-10-27 00:00:00+09:00,4780.0,4930.0,4770.0,4855.0,79667,0.0,0.0
2020-10-28 00:00:00+09:00,4855.0,4915.0,4785.0,4900.0,132386,0.0,0.0
2020-10-29 00:00:00+09:00,4810.0,4940.0,4765.0,4930.0,207327,0.0,0.0
2020-10-30 00:00:00+09:00,4930.0,4930.0,4785.0,4800.0,63379,0.0,0.0
2020-11-02 00:00:00+09:00,4800.0,4870.0,4750.0,4855.0,50055,0.0,0.0
2020-11-03 00:00:00+09:00,4860.0,4910.0,4815.0,4855.0,72357,0.0,0.0
2020-11-04 00:00:00+09:00,4870.0,4990.0,4720.0,4920.0,162103,0.0,0.0
2020-11-05 00:00:00+09:00,4970.0,5040.0,4905.0,4960.0,74845,0.0,0.0
2020-11-06 00:00:00+09:00,4905.0,4965.0,4825.0,4840.0,137517,0.0,0.0
2020-11-09 00:00:00+09:00,4875.0,4945.0,4810.0,4900.0,73128,0.0,0.0
2020-11-10 00:00:00+09:00,4905.0,4910.0,4835.0,4860.0,64184,0.0,0.0
2020-11-11 00:00:00+09:00,4875.0,4950.0,4845.0,4910.0,96220,0.0,0.0
2020-11-12 00:00:00+09:00,4860.0,5020.0,4855.0,4920.0,141555,0.0,0.0
2020-11-13 00:00:00+09:00,4865.0,5190.0,4835.0,4950.0,448839,0.0,0.0
2020-11-16 00:00:00+09:00,4990.0,5400.0,4915.0,5060.0,1032783,0.0,0.0
2020-11-17 00:00:00+09:00,5000.0,5100.0,4860.0,4900.0,282031,0.0,0.0
2020-11-18 00:00:00+09:00,4900.0,5340.0,4850.0,4930.0,1304794,0.0,0.0
2020-11-19 00:00:00+09:00,4935.0,5020.0,4870.0,4975.0,295828,0.0,0.0
2020-11-20 00:00:00+09:00,4980.0,5170.0,4955.0,5080.0,700225,0.0,0.0
2020-11-23 00:00:00+09:00,5100.0,5100.0,4925.0,4940.0,393242,0.0,0.0
2020-11-24 00:00:00+09:00,4965.0,5070.0,4925.0,5050.0,421656,0.0,0.0
2020-11-25 00:00:00+09:00,5100.0,5100.0,4885.0,4925.0,315655,0.0,0.0
2020-11-26 00:00:00+09:00,4935.0,5190.0,4890.0,5030.0,764607,0.0,0.0
2020-11-27 00:00:00+09:00,5030.0,5090.0,4975.0,5070.0,220085,0.0,0.0
2020-11-30 00:00:00+09:00,5080.0,5140.0,4995.0,5030.0,213774,0.0,0.0
2020-12-01 00:00:00+09:00,5030.0,5070.0,4995.0,5040.0,189903,0.0,0.0
2020-12-02 00:00:00+09:00,5020.0,5030.0,4950.0,4985.0,208930,0.0,0.0
2020-12-03 00:00:00+09:00,4975.0,5020.0,4940.0,4980.0,114310,0.0,0.0
2020-12-04 00:00:00+09:00,5000.0,5000.0,4895.0,4925.0,183892,0.0,0.0
2020-12-07 00:00:00+09:00,4920.0,4920.0,4825.0,4870.0,219848,0.0,0.0
2020-12-08 00:00:00+09:00,4855.0,4965.0,4845.0,4950.0,138419,0.0,0.0
2020-12-09 00:00:00+09:00,4910.0,4970.0,4860.0,4880.0,162005,0.0,0.0
2020-12-10 00:00:00+09:00,4880.0,4930.0,4830.0,4870.0,186056,0.0,0.0
2020-12-11 00:00:00+09:00,4870.0,6310.0,4845.0,5180.0,9878800,0.0,0.0
2020-12-14 00:00:00+09:00,5170.0,5330.0,5050.0,5210.0,1126753,0.0,0.0
2020-12-15 00:00:00+09:00,5200.0,5360.0,5150.0,5310.0,630166,0.0,0.0
2020-12-16 00:00:00+09:00,5290.0,5340.0,5210.0,5260.0,423567,0.0,0.0
2020-12-17 00:00:00+09:00,5270.0,5430.0,5230.0,5400.0,553700,0.0,0.0
2020-12-18 00:00:00+09:00,5440.0,5440.0,5300.0,5350.0,305143,0.0,0.0
2020-12-21 00:00:00+09:00,5340.0,5340.0,5170.0,5250.0,309255,0.0,0.0
2020-12-22 00:00:00+09:00,5210.0,5270.0,5010.0,5030.0,393121,0.0,0.0
2020-12-23 00:00:00+09:00,5000.0,5500.0,5000.0,5460.0,1659517,0.0,0.0
2020-12-24 00:00:00+09:00,5580.0,5610.0,5300.0,5470.0,906216,0.0,0.0
2020-12-28 00:00:00+09:00,5590.0,5600.0,5350.0,5560.0,581143,0.0,0.0
2020-12-29 00:00:00+09:00,5520.0,5560.0,5260.0,5380.0,481288,0.0,0.0
2020-12-30 00:00:00+09:00,5390.0,5440.0,5260.0,5280.0,371178,0.0,0.0
2021-01-04 00:00:00+09:00,5290.0,5290.0,5170.0,5220.0,352780,0.0,0.0
2021-01-05 00:00:00+09:00,5240.0,5280.0,5060.0,5170.0,449711,0.0,0.0
2021-01-06 00:00:00+09:00,5190.0,5560.0,5150.0,5440.0,876825,0.0,0.0
2021-01-07 00:00:00+09:00,5440.0,5530.0,5280.0,5350.0,371945,0.0,0.0
2021-01-08 00:00:00+09:00,5320.0,5370.0,5250.0,5300.0,248817,0.0,0.0
2021-01-11 00:00:00+09:00,5400.0,5550.0,5090.0,5440.0,721111,0.0,0.0
2021-01-12 00:00:00+09:00,5430.0,5500.0,5260.0,5350.0,345355,0.0,0.0
2021-01-13 00:00:00+09:00,5400.0,5400.0,5260.0,5310.0,180733,0.0,0.0
2021-01-14 00:00:00+09:00,5310.0,5790.0,5220.0,5430.0,1133973,0.0,0.0
2021-01-15 00:00:00+09:00,5420.0,5460.0,5170.0,5220.0,404102,0.0,0.0
2021-01-18 00:00:00+09:00,5220.0,5270.0,5070.0,5150.0,295115,0.0,0.0
2021-01-19 00:00:00+09:00,5130.0,5330.0,5100.0,5320.0,273049,0.0,0.0
2021-01-20 00:00:00+09:00,5280.0,5710.0,5260.0,5630.0,1279736,0.0,0.0
2021-01-21 00:00:00+09:00,5600.0,5650.0,5440.0,5620.0,601394,0.0,0.0
2021-01-22 00:00:00+09:00,5570.0,5760.0,5470.0,5660.0,734608,0.0,0.0
2021-01-25 00:00:00+09:00,5770.0,5790.0,5580.0,5740.0,641315,0.0,0.0
2021-01-26 00:00:00+09:00,5710.0,5710.0,5480.0,5530.0,400336,0.0,0.0
2021-01-27 00:00:00+09:00,5580.0,5620.0,5460.0,5490.0,259848,0.0,0.0
2021-01-28 00:00:00+09:00,5430.0,5430.0,5180.0,5220.0,465276,0.0,0.0
2021-01-29 00:00:00+09:00,5260.0,5300.0,5020.0,5060.0,396641,0.0,0.0
2021-02-01 00:00:00+09:00,5000.0,5120.0,4930.0,5050.0,200674,0.0,0.0
2021-02-02 00:00:00+09:00,5090.0,5230.0,5070.0,5160.0,210569,0.0,0.0
2021-02-03 00:00:00+09:00,5200.0,5230.0,5090.0,5170.0,156005,0.0,0.0
2021-02-04 00:00:00+09:00,5140.0,5210.0,5030.0,5100.0,198924,0.0,0.0
2021-02-05 00:00:00+09:00,5110.0,5140.0,5050.0,5110.0,121004,0.0,0.0
2021-02-08 00:00:00+09:00,5080.0,5400.0,5070.0,5260.0,376468,0.0,0.0
2021-02-09 00:00:00+09:00,5280.0,5340.0,5200.0,5270.0,148472,0.0,0.0
2021-02-10 00:00:00+09:00,5350.0,5550.0,5320.0,5450.0,750484,0.0,0.0
2021-02-15 00:00:00+09:00,5430.0,5510.0,5330.0,5440.0,272992,0.0,0.0
2021-02-16 00:00:00+09:00,5440.0,5480.0,5350.0,5370.0,296362,0.0,0.0
2021-02-17 00:00:00+09:00,5410.0,5490.0,5320.0,5490.0,203344,0.0,0.0
2021-02-18 00:00:00+09:00,5490.0,5500.0,5320.0,5360.0,196857,0.0,0.0
2021-02-19 00:00:00+09:00,5300.0,5430.0,5200.0,5400.0,296501,0.0,0.0
2021-02-22 00:00:00+09:00,5440.0,5660.0,5360.0,5460.0,539761,0.0,0.0
2021-02-23 00:00:00+09:00,5370.0,5470.0,5320.0,5360.0,213632,0.0,0.0
2021-02-24 00:00:00+09:00,5320.0,5420.0,5070.0,5130.0,291017,0.0,0.0
2021-02-25 00:00:00+09:00,5150.0,5350.0,5150.0,5300.0,168853,0.0,0.0
2021-02-26 00:00:00+09:00,5100.0,5190.0,5080.0,5100.0,207966,0.0,0.0
2021-03-02 00:00:00+09:00,5170.0,5330.0,5110.0,5200.0,184241,0.0,0.0
2021-03-03 00:00:00+09:00,5150.0,5470.0,5140.0,5390.0,358142,0.0,0.0
2021-03-04 00:00:00+09:00,5310.0,5550.0,5270.0,5400.0,443742,0.0,0.0
2021-03-05 00:00:00+09:00,5290.0,5460.0,5290.0,5410.0,185969,0.0,0.0
2021-03-08 00:00:00+09:00,5440.0,5480.0,5210.0,5270.0,220944,0.0,0.0
2021-03-09 00:00:00+09:00,5280.0,5380.0,5180.0,5380.0,236260,0.0,0.0
2021-03-10 00:00:00+09:00,5430.0,5430.0,5240.0,5370.0,227288,0.0,0.0
2021-03-11 00:00:00+09:00,5370.0,5500.0,5310.0,5500.0,436847,0.0,0.0
2021-03-12 00:00:00+09:00,5470.0,5500.0,5400.0,5400.0,229788,0.0,0.0
2021-03-15 00:00:00+09:00,5410.0,5530.0,5340.0,5420.0,198886,0.0,0.0
2021-03-16 00:00:00+09:00,5400.0,5590.0,5400.0,5510.0,410396,0.0,0.0
2021-03-17 00:00:00+09:00,5510.0,5730.0,5470.0,5720.0,712560,0.0,0.0
2021-03-18 00:00:00+09:00,5670.0,5710.0,5510.0,5580.0,311046,0.0,0.0
2021-03-19 00:00:00+09:00,5570.0,5570.0,5460.0,5500.0,192850,0.0,0.0
2021-03-22 00:00:00+09:00,5470.0,5620.0,5440.0,5560.0,193236,0.0,0.0
2021-03-23 00:00:00+09:00,5560.0,5610.0,5410.0,5450.0,336725,0.0,0.0
2021-03-24 00:00:00+09:00,5430.0,5670.0,5410.0,5580.0,450506,0.0,0.0
2021-03-25 00:00:00+09:00,5520.0,5560.0,5420.0,5490.0,255772,0.0,0.0
2021-03-26 00:00:00+09:00,5510.0,5550.0,5350.0,5410.0,253951,0.0,0.0
2021-03-29 00:00:00+09:00,5410.0,5430.0,5270.0,5300.0,227274,0.0,0.0
2021-03-30 00:00:00+09:00,5310.0,5600.0,5250.0,5550.0,399835,0.0,0.0
2021-03-31 00:00:00+09:00,5590.0,6680.0,5570.0,6500.0,5205452,0.0,0.0
2021-04-01 00:00:00+09:00,6370.0,7000.0,5900.0,6240.0,3974619,0.0,0.0
2021-04-02 00:00:00+09:00,6300.0,6350.0,6090.0,6120.0,558410,0.0,0.0
2021-04-05 00:00:00+09:00,6190.0,6370.0,6160.0,6280.0,529724,0.0,0.0
2021-04-06 00:00:00+09:00,6390.0,6390.0,6060.0,6120.0,463590,0.0,0.0
2021-04-07 00:00:00+09:00,6130.0,6270.0,6060.0,6270.0,322697,0.0,0.0
2021-04-08 00:00:00+09:00,6270.0,6440.0,6120.0,6260.0,472515,0.0,0.0
2021-04-09 00:00:00+09:00,6270.0,6300.0,6150.0,6270.0,203849,0.0,0.0
2021-04-12 00:00:00+09:00,6300.0,6390.0,6230.0,6330.0,444925,0.0,0.0
2021-04-13 00:00:00+09:00,6380.0,6660.0,6060.0,6450.0,2583336,0.0,0.0
2021-04-14 00:00:00+09:00,6430.0,6430.0,6160.0,6200.0,637197,0.0,0.0
2021-04-15 00:00:00+09:00,6190.0,6190.0,5980.0,6030.0,445186,0.0,0.0
2021-04-16 00:00:00+09:00,6110.0,6110.0,5730.0,5760.0,701887,0.0,0.0
2021-04-19 00:00:00+09:00,5770.0,5890.0,5760.0,5800.0,238776,0.0,0.0
2021-04-20 00:00:00+09:00,5800.0,5900.0,5630.0,5790.0,295207,0.0,0.0
2021-04-21 00:00:00+09:00,5800.0,5840.0,5680.0,5840.0,206603,0.0,0.0
2021-04-22 00:00:00+09:00,5850.0,5850.0,5720.0,5740.0,171405,0.0,0.0
2021-04-23 00:00:00+09:00,5710.0,5740.0,5580.0,5610.0,352403,0.0,0.0
2021-04-26 00:00:00+09:00,5630.0,5730.0,5620.0,5700.0,189020,0.0,0.0
2021-04-27 00:00:00+09:00,5700.0,5920.0,5670.0,5770.0,634228,0.0,0.0
2021-04-28 00:00:00+09:00,5830.0,5860.0,5600.0,5660.0,301966,0.0,0.0
2021-04-29 00:00:00+09:00,5630.0,5720.0,5460.0,5640.0,257073,0.0,0.0
2021-04-30 00:00:00+09:00,5630.0,5830.0,5600.0,5730.0,422286,0.0,0.0
2021-05-03 00:00:00+09:00,5860.0,5870.0,5550.0,5560.0,410748,0.0,0.0
2021-05-04 00:00:00+09:00,5560.0,5860.0,5520.0,5840.0,452174,0.0,0.0
2021-05-06 00:00:00+09:00,5770.0,6030.0,5750.0,6000.0,364912,0.0,0.0
2021-05-07 00:00:00+09:00,5960.0,6080.0,5910.0,6000.0,215356,0.0,0.0
2021-05-10 00:00:00+09:00,6010.0,6120.0,5960.0,6030.0,238862,0.0,0.0
2021-05-11 00:00:00+09:00,5940.0,5990.0,5830.0,5830.0,241853,0.0,0.0
2021-05-12 00:00:00+09:00,5830.0,5930.0,5720.0,5810.0,214522,0.0,0.0
2021-05-13 00:00:00+09:00,5680.0,5870.0,5640.0,5730.0,182086,0.0,0.0
2021-05-14 00:00:00+09:00,5750.0,5930.0,5730.0,5930.0,139950,0.0,0.0
2021-05-17 00:00:00+09:00,5960.0,5970.0,5770.0,5890.0,221033,0.0,0.0
2021-05-18 00:00:00+09:00,5890.0,6190.0,5890.0,6110.0,391112,0.0,0.0
2021-05-20 00:00:00+09:00,6220.0,6220.0,5940.0,5970.0,239895,0.0,0.0
2021-05-21 00:00:00+09:00,5980.0,6100.0,5830.0,5870.0,225213,0.0,0.0
2021-05-24 00:00:00+09:00,5870.0,6090.0,5810.0,5930.0,227621,0.0,0.0
2021-05-25 00:00:00+09:00,5980.0,6100.0,5860.0,5940.0,244168,0.0,0.0
2021-05-26 00:00:00+09:00,5930.0,6050.0,5860.0,6000.0,182250,0.0,0.0
2021-05-27 00:00:00+09:00,6010.0,6080.0,5900.0,5970.0,196981,0.0,0.0
2021-05-28 00:00:00+09:00,5980.0,6380.0,5930.0,6100.0,638583,0.0,0.0
2021-05-31 00:00:00+09:00,6100.0,6260.0,6050.0,6250.0,391915,0.0,0.0
2021-06-01 00:00:00+09:00,6260.0,6280.0,6120.0,6240.0,208852,0.0,0.0
2021-06-02 00:00:00+09:00,6330.0,6330.0,6160.0,6240.0,273217,0.0,0.0
2021-06-03 00:00:00+09:00,6240.0,6590.0,6210.0,6550.0,1070941,0.0,0.0
2021-06-04 00:00:00+09:00,6520.0,6530.0,6350.0,6410.0,410477,0.0,0.0
2021-06-07 00:00:00+09:00,6420.0,6430.0,6140.0,6250.0,400900,0.0,0.0
2021-06-08 00:00:00+09:00,6250.0,6430.0,6170.0,6280.0,309766,0.0,0.0
2021-06-09 00:00:00+09:00,6240.0,6290.0,6110.0,6150.0,228400,0.0,0.0
2021-06-10 00:00:00+09:00,6150.0,6240.0,6000.0,6000.0,1000848,0.0,0.0
2021-06-11 00:00:00+09:00,6050.0,6070.0,5950.0,5990.0,203282,0.0,0.0
2021-06-14 00:00:00+09:00,6010.0,6230.0,6010.0,6220.0,275252,0.0,0.0
2021-06-15 00:00:00+09:00,6270.0,6270.0,6110.0,6220.0,201214,0.0,0.0
2021-06-16 00:00:00+09:00,6180.0,6410.0,6160.0,6190.0,380424,0.0,0.0
2021-06-17 00:00:00+09:00,6190.0,6270.0,6150.0,6190.0,144954,0.0,0.0
2021-06-18 00:00:00+09:00,6190.0,6250.0,6060.0,6140.0,133386,0.0,0.0
2021-06-21 00:00:00+09:00,6120.0,6170.0,5980.0,6030.0,240045,0.0,0.0
2021-06-22 00:00:00+09:00,6070.0,6090.0,5990.0,6020.0,140185,0.0,0.0
2021-06-23 00:00:00+09:00,6040.0,6170.0,6000.0,6080.0,197177,0.0,0.0
2021-06-24 00:00:00+09:00,6080.0,6100.0,5900.0,5940.0,232828,0.0,0.0
2021-06-25 00:00:00+09:00,5940.0,6010.0,5930.0,5960.0,86940,0.0,0.0
2021-06-28 00:00:00+09:00,5980.0,6080.0,5940.0,5980.0,158566,0.0,0.0
2021-06-29 00:00:00+09:00,6010.0,6040.0,5930.0,5940.0,99689,0.0,0.0
2021-06-30 00:00:00+09:00,5970.0,5970.0,5910.0,5910.0,84167,0.0,0.0
2021-07-01 00:00:00+09:00,5900.0,5950.0,5810.0,5860.0,147353,0.0,0.0
2021-07-02 00:00:00+09:00,5840.0,5980.0,5830.0,5980.0,119728,0.0,0.0
2021-07-05 00:00:00+09:00,5990.0,6020.0,5920.0,5960.0,90491,0.0,0.0
2021-07-06 00:00:00+09:00,5960.0,5990.0,5830.0,5890.0,123316,0.0,0.0
2021-07-07 00:00:00+09:00,5880.0,5920.0,5820.0,5870.0,79866,0.0,0.0
2021-07-08 00:00:00+09:00,5820.0,5910.0,5730.0,5790.0,160513,0.0,0.0
2021-07-09 00:00:00+09:00,5730.0,5730.0,5490.0,5610.0,335498,0.0,0.0
2021-07-12 00:00:00+09:00,5630.0,5700.0,5610.0,5610.0,69953,0.0,0.0
2021-07-13 00:00:00+09:00,5620.0,5700.0,5620.0,5680.0,61414,0.0,0.0
2021-07-14 00:00:00+09:00,5670.0,5910.0,5640.0,5760.0,219012,0.0,0.0
2021-07-15 00:00:00+09:00,5760.0,5830.0,5690.0,5800.0,93456,0.0,0.0
2021-07-16 00:00:00+09:00,5800.0,5840.0,5660.0,5700.0,99868,0.0,0.0
2021-07-19 00:00:00+09:00,5640.0,5870.0,5590.0,5800.0,290219,0.0,0.0
2021-07-20 00:00:00+09:00,5800.0,5840.0,5680.0,5790.0,145693,0.0,0.0
2021-07-21 00:00:00+09:00,5770.0,5890.0,5740.0,5750.0,131392,0.0,0.0
2021-07-22 00:00:00+09:00,5790.0,5830.0,5740.0,5760.0,93512,0.0,0.0
2021-07-23 00:00:00+09:00,5760.0,5840.0,5720.0,5770.0,63649,0.0,0.0
2021-07-26 00:00:00+09:00,5750.0,5790.0,5610.0,5630.0,130500,0.0,0.0
2021-07-27 00:00:00+09:00,5690.0,5790.0,5640.0,5640.0,107950,0.0,0.0
2021-07-28 00:00:00+09:00,5620.0,5690.0,5510.0,5550.0,176558,0.0,0.0
2021-07-29 00:00:00+09:00,5550.0,5600.0,5520.0,5570.0,89257,0.0,0.0
2021-07-30 00:00:00+09:00,5580.0,5590.0,5450.0,5460.0,139899,0.0,0.0
2021-08-02 00:00:00+09:00,5460.0,5480.0,5320.0,5380.0,172230,0.0,0.0
2021-08-03 00:00:00+09:00,5380.0,5910.0,5360.0,5580.0,1138076,0.0,0.0
2021-08-04 00:00:00+09:00,5580.0,5680.0,5520.0,5640.0,178977,0.0,0.0
2021-08-05 00:00:00+09:00,5630.0,5670.0,5570.0,5610.0,101226,0.0,0.0
2021-08-06 00:00:00+09:00,5620.0,5670.0,5590.0,5640.0,68968,0.0,0.0
2021-08-09 00:00:00+09:00,5650.0,5690.0,5600.0,5680.0,88587,0.0,0.0
2021-08-10 00:00:00+09:00,5670.0,5870.0,5620.0,5680.0,284815,0.0,0.0
2021-08-11 00:00:00+09:00,5630.0,5710.0,5590.0,5600.0,98382,0.0,0.0
2021-08-12 00:00:00+09:00,5560.0,5620.0,5550.0,5550.0,71436,0.0,0.0
2021-08-13 00:00:00+09:00,5520.0,5580.0,5370.0,5510.0,177586,0.0,0.0
2021-08-17 00:00:00+09:00,5480.0,5700.0,5470.0,5470.0,137542,0.0,0.0
2021-08-18 00:00:00+09:00,5470.0,5640.0,5410.0,5520.0,149148,0.0,0.0
2021-08-19 00:00:00+09:00,5580.0,5580.0,5330.0,5340.0,180133,0.0,0.0
2021-08-20 00:00:00+09:00,5340.0,5400.0,5090.0,5140.0,168879,0.0,0.0
2021-08-23 00:00:00+09:00,5130.0,5240.0,5120.0,5200.0,56378,0.0,0.0
2021-08-24 00:00:00+09:00,5230.0,5360.0,5230.0,5300.0,92561,0.0,0.0
2021-08-25 00:00:00+09:00,5260.0,5330.0,5200.0,5230.0,58896,0.0,0.0
2021-08-26 00:00:00+09:00,5260.0,5280.0,5090.0,5150.0,230188,0.0,0.0
2021-08-27 00:00:00+09:00,5190.0,5400.0,5070.0,5220.0,237869,0.0,0.0
2021-08-30 00:00:00+09:00,5290.0,5290.0,5140.0,5150.0,85766,0.0,0.0
2021-08-31 00:00:00+09:00,5180.0,5210.0,5100.0,5160.0,88167,0.0,0.0
2021-09-01 00:00:00+09:00,5160.0,5250.0,5120.0,5190.0,120995,0.0,0.0
2021-09-02 00:00:00+09:00,5210.0,5220.0,5140.0,5180.0,50317,0.0,0.0
2021-09-03 00:00:00+09:00,5200.0,5220.0,5150.0,5200.0,56553,0.0,0.0
2021-09-06 00:00:00+09:00,5200.0,5200.0,5090.0,5110.0,155504,0.0,0.0
2021-09-07 00:00:00+09:00,5130.0,5130.0,4990.0,5030.0,187152,0.0,0.0
2021-09-08 00:00:00+09:00,5020.0,5070.0,4985.0,4990.0,111752,0.0,0.0
2021-09-09 00:00:00+09:00,4990.0,5050.0,4920.0,4955.0,112878,0.0,0.0
2021-09-10 00:00:00+09:00,4930.0,4960.0,4855.0,4960.0,123430,0.0,0.0
2021-09-13 00:00:00+09:00,4915.0,4960.0,4870.0,4870.0,72085,0.0,0.0
2021-09-14 00:00:00+09:00,4875.0,5000.0,4875.0,5000.0,43222,0.0,0.0
2021-09-15 00:00:00+09:00,5000.0,5040.0,4940.0,4945.0,39788,0.0,0.0
2021-09-16 00:00:00+09:00,4980.0,5010.0,4880.0,4885.0,57807,0.0,0.0
2021-09-17 00:00:00+09:00,4850.0,4940.0,4830.0,4935.0,44657,0.0,0.0
2021-09-23 00:00:00+09:00,4865.0,4890.0,4805.0,4810.0,75407,0.0,0.0
2021-09-24 00:00:00+09:00,4780.0,4875.0,4745.0,4775.0,76086,0.0,0.0
2021-09-27 00:00:00+09:00,4800.0,4830.0,4700.0,4740.0,25936,0.0,0.0
2021-09-28 00:00:00+09:00,4740.0,4820.0,4605.0,4610.0,88751,0.0,0.0
2021-09-29 00:00:00+09:00,4550.0,4610.0,4420.0,4610.0,87844,0.0,0.0
2021-09-30 00:00:00+09:00,4610.0,4700.0,4520.0,4700.0,28142,0.0,0.0
2021-10-01 00:00:00+09:00,4695.0,4770.0,4555.0,4605.0,52403,0.0,0.0
2021-10-05 00:00:00+09:00,4520.0,4600.0,4360.0,4450.0,79396,0.0,0.0
2021-10-06 00:00:00+09:00,4450.0,4525.0,4330.0,4380.0,64182,0.0,0.0
2021-10-07 00:00:00+09:00,4355.0,4490.0,4355.0,4475.0,40612,0.0,0.0
2021-10-08 00:00:00+09:00,4500.0,4500.0,4400.0,4445.0,45405,0.0,0.0
2021-10-12 00:00:00+09:00,4440.0,4510.0,4370.0,4450.0,75527,0.0,0.0
2021-10-13 00:00:00+09:00,4450.0,4555.0,4410.0,4550.0,50413,0.0,0.0
2021-10-14 00:00:00+09:00,4600.0,4795.0,4540.0,4795.0,59966,0.0,0.0
2021-10-15 00:00:00+09:00,4820.0,4880.0,4705.0,4800.0,39823,0.0,0.0
2021-10-18 00:00:00+09:00,4800.0,4950.0,4670.0,4890.0,111983,0.0,0.0
2021-10-19 00:00:00+09:00,4950.0,4950.0,4815.0,4860.0,45898,0.0,0.0
2021-10-20 00:00:00+09:00,4860.0,5400.0,4680.0,5350.0,1079331,0.0,0.0
2021-10-21 00:00:00+09:00,5070.0,5110.0,4970.0,5020.0,357176,0.0,0.0
2021-10-22 00:00:00+09:00,4970.0,5020.0,4800.0,4850.0,126545,0.0,0.0
2021-10-25 00:00:00+09:00,4810.0,4955.0,4810.0,4925.0,93398,0.0,0.0
2021-10-26 00:00:00+09:00,4900.0,4975.0,4860.0,4895.0,52645,0.0,0.0
2021-10-27 00:00:00+09:00,4870.0,4945.0,4855.0,4915.0,30696,0.0,0.0
2021-10-28 00:00:00+09:00,4880.0,4945.0,4700.0,4775.0,83976,0.0,0.0
2021-10-29 00:00:00+09:00,4745.0,4800.0,4685.0,4690.0,56011,0.0,0.0
2021-11-01 00:00:00+09:00,4655.0,4955.0,4655.0,4860.0,132135,0.0,0.0
2021-11-02 00:00:00+09:00,4840.0,4970.0,4840.0,4890.0,32745,0.0,0.0
2021-11-03 00:00:00+09:00,4890.0,4990.0,4850.0,4960.0,68571,0.0,0.0
2021-11-04 00:00:00+09:00,4985.0,4985.0,4825.0,4880.0,46953,0.0,0.0
2021-11-05 00:00:00+09:00,4880.0,4880.0,4720.0,4820.0,49291,0.0,0.0
2021-11-08 00:00:00+09:00,4750.0,4840.0,4695.0,4780.0,49944,0.0,0.0
2021-11-09 00:00:00+09:00,4775.0,5070.0,4730.0,4960.0,155294,0.0,0.0
2021-11-10 00:00:00+09:00,4985.0,4990.0,4800.0,4800.0,63686,0.0,0.0
2021-11-11 00:00:00+09:00,4720.0,4850.0,4720.0,4800.0,32548,0.0,0.0
2021-11-12 00:00:00+09:00,4800.0,4890.0,4750.0,4800.0,48182,0.0,0.0
2021-11-15 00:00:00+09:00,4800.0,4990.0,4710.0,4960.0,92787,0.0,0.0
2021-11-16 00:00:00+09:00,4960.0,4960.0,4800.0,4840.0,120512,0.0,0.0
2021-11-17 00:00:00+09:00,4865.0,5120.0,4785.0,5030.0,312257,0.0,0.0
2021-11-18 00:00:00+09:00,5040.0,5250.0,4980.0,5170.0,263569,0.0,0.0
2021-11-19 00:00:00+09:00,5130.0,5220.0,5030.0,5180.0,98476,0.0,0.0
2021-11-22 00:00:00+09:00,5200.0,5370.0,5140.0,5250.0,282371,0.0,0.0
2021-11-23 00:00:00+09:00,5210.0,5270.0,5030.0,5140.0,72340,0.0,0.0
2021-11-24 00:00:00+09:00,5140.0,5200.0,5030.0,5100.0,67324,0.0,0.0
2021-11-25 00:00:00+09:00,5310.0,5570.0,5200.0,5290.0,643833,0.0,0.0
2021-11-26 00:00:00+09:00,5290.0,5390.0,5060.0,5250.0,238477,0.0,0.0
2021-11-29 00:00:00+09:00,5140.0,5330.0,5020.0,5150.0,179202,0.0,0.0
2021-11-30 00:00:00+09:00,5240.0,5480.0,4960.0,5250.0,717098,0.0,0.0
2021-12-01 00:00:00+09:00,5320.0,5850.0,5150.0,5850.0,1273528,0.0,0.0
2021-12-02 00:00:00+09:00,5790.0,5980.0,5660.0,5920.0,1145874,0.0,0.0
2021-12-03 00:00:00+09:00,6240.0,6440.0,5950.0,6290.0,3039909,0.0,0.0
2021-12-06 00:00:00+09:00,6200.0,6380.0,5600.0,5690.0,1524265,0.0,0.0
2021-12-07 00:00:00+09:00,5780.0,5830.0,5360.0,5480.0,948258,0.0,0.0
2021-12-08 00:00:00+09:00,5560.0,5710.0,5430.0,5580.0,476565,0.0,0.0
2021-12-09 00:00:00+09:00,5580.0,5850.0,5500.0,5790.0,402404,0.0,0.0
2021-12-10 00:00:00+09:00,5730.0,5970.0,5700.0,5890.0,602700,0.0,0.0
2021-12-13 00:00:00+09:00,5900.0,6170.0,5670.0,5750.0,704190,0.0,0.0
2021-12-14 00:00:00+09:00,5750.0,5890.0,5610.0,5650.0,208031,0.0,0.0
2021-12-15 00:00:00+09:00,5650.0,5680.0,5400.0,5680.0,300514,0.0,0.0
2021-12-16 00:00:00+09:00,5800.0,5800.0,5520.0,5550.0,349547,0.0,0.0
2021-12-17 00:00:00+09:00,5600.0,6060.0,5560.0,5990.0,2204302,0.0,0.0
2021-12-20 00:00:00+09:00,6050.0,6120.0,5800.0,5800.0,941074,0.0,0.0
2021-12-21 00:00:00+09:00,5790.0,6170.0,5640.0,6100.0,1075195,0.0,0.0
2021-12-22 00:00:00+09:00,6310.0,6320.0,5990.0,6060.0,1035593,0.0,0.0
2021-12-23 00:00:00+09:00,6000.0,6220.0,5910.0,6140.0,540153,0.0,0.0
2021-12-24 00:00:00+09:00,6140.0,6220.0,6000.0,6040.0,534679,0.0,0.0
2021-12-27 00:00:00+09:00,6040.0,6110.0,5680.0,5690.0,552892,0.0,0.0
2021-12-28 00:00:00+09:00,5750.0,5750.0,5490.0,5670.0,451529,0.0,0.0
2021-12-29 00:00:00+09:00,5670.0,5870.0,5590.0,5750.0,238263,0.0,0.0
2021-12-30 00:00:00+09:00,5760.0,6020.0,5700.0,5880.0,429912,0.0,0.0
2022-01-04 00:00:00+09:00,6140.0,6140.0,5960.0,6120.0,319104,0.0,0.0
2022-01-05 00:00:00+09:00,6150.0,6340.0,6010.0,6180.0,916237,0.0,0.0
2022-01-06 00:00:00+09:00,6040.0,6160.0,5880.0,5880.0,446816,0.0,0.0
2022-01-07 00:00:00+09:00,5990.0,6040.0,5920.0,6030.0,154182,0.0,0.0
2022-01-10 00:00:00+09:00,6000.0,6000.0,5640.0,5710.0,347618,0.0,0.0
2022-01-11 00:00:00+09:00,5650.0,5770.0,5550.0,5680.0,153096,0.0,0.0
2022-01-12 00:00:00+09:00,5720.0,5770.0,5480.0,5720.0,207772,0.0,0.0
2022-01-13 00:00:00+09:00,5710.0,5710.0,5540.0,5670.0,150143,0.0,0.0
2022-01-14 00:00:00+09:00,5610.0,5790.0,5540.0,5790.0,188369,0.0,0.0
2022-01-17 00:00:00+09:00,5730.0,5730.0,5310.0,5310.0,292113,0.0,0.0
2022-01-18 00:00:00+09:00,5310.0,5400.0,5130.0,5200.0,166296,0.0,0.0
2022-01-19 00:00:00+09:00,5090.0,5140.0,4990.0,5060.0,194885,0.0,0.0
2022-01-20 00:00:00+09:00,5140.0,5150.0,4985.0,5080.0,102817,0.0,0.0
2022-01-21 00:00:00+09:00,5000.0,5070.0,4875.0,4965.0,118559,0.0,0.0
2022-01-24 00:00:00+09:00,4905.0,4920.0,4610.0,4750.0,266658,0.0,0.0
2022-01-25 00:00:00+09:00,4795.0,4895.0,4415.0,4520.0,281061,0.0,0.0
2022-01-26 00:00:00+09:00,4520.0,4520.0,4520.0,4520.0,0,0.0,0.0
2022-01-27 00:00:00+09:00,4545.0,4580.0,4305.0,4405.0,254894,0.0,0.0
2022-01-28 00:00:00+09:00,4405.0,4650.0,4305.0,4625.0,114919,0.0,0.0
2022-02-03 00:00:00+09:00,4655.0,4745.0,4650.0,4690.0,95633,0.0,0.0
2022-02-04 00:00:00+09:00,4670.0,4745.0,4555.0,4690.0,146941,0.0,0.0
2022-02-07 00:00:00+09:00,4720.0,4720.0,4575.0,4650.0,83608,0.0,0.0
2022-02-08 00:00:00+09:00,4650.0,4650.0,4650.0,4650.0,0,0.0,0.0
2022-02-09 00:00:00+09:00,4650.0,4650.0,4650.0,4650.0,0,0.0,0.0
2022-02-10 00:00:00+09:00,4825.0,4825.0,4670.0,4715.0,88105,0.0,0.0
2022-02-11 00:00:00+09:00,4685.0,4715.0,4535.0,4555.0,76042,0.0,0.0
2022-02-14 00:00:00+09:00,4495.0,4530.0,4350.0,4400.0,130200,0.0,0.0
2022-02-15 00:00:00+09:00,4400.0,4600.0,4205.0,4265.0,214609,0.0,0.0
2022-02-16 00:00:00+09:00,4370.0,4465.0,4335.0,4465.0,77395,0.0,0.0
2022-02-17 00:00:00+09:00,4480.0,4545.0,4360.0,4450.0,101340,0.0,0.0
2022-02-18 00:00:00+09:00,4350.0,4540.0,4350.0,4535.0,46838,0.0,0.0
2022-02-21 00:00:00+09:00,4535.0,4535.0,4535.0,4535.0,0,0.0,0.0
2022-02-22 00:00:00+09:00,4535.0,4535.0,4535.0,4535.0,0,0.0,0.0
2022-02-23 00:00:00+09:00,4535.0,4535.0,4535.0,4535.0,0,0.0,0.0
2022-02-24 00:00:00+09:00,4340.0,4365.0,4220.0,4220.0,105398,0.0,0.0
2022-02-25 00:00:00+09:00,4255.0,4360.0,4205.0,4290.0,137212,0.0,0.0
2022-02-28 00:00:00+09:00,4290.0,4290.0,4290.0,4290.0,0,0.0,0.0
2022-03-02 00:00:00+09:00,4340.0,4420.0,4250.0,4370.0,76098,0.0,0.0
2022-03-03 00:00:00+09:00,4400.0,4470.0,4390.0,4425.0,55101,0.0,0.0
2022-03-04 00:00:00+09:00,4425.0,4425.0,4425.0,4425.0,0,0.0,0.0
2022-03-07 00:00:00+09:00,4375.0,4380.0,4280.0,4280.0,100475,0.0,0.0
2022-03-08 00:00:00+09:00,4230.0,4345.0,4225.0,4280.0,46410,0.0,0.0
2022-03-10 00:00:00+09:00,4280.0,4280.0,4280.0,4280.0,0,0.0,0.0
2022-03-11 00:00:00+09:00,4280.0,4280.0,4280.0,4280.0,0,0.0,0.0
2022-03-14 00:00:00+09:00,4395.0,4405.0,4265.0,4295.0,65612,0.0,0.0
2022-03-15 00:00:00+09:00,4295.0,4295.0,4295.0,4295.0,0,0.0,0.0
2022-03-16 00:00:00+09:00,4295.0,4295.0,4295.0,4295.0,0,0.0,0.0
2022-03-17 00:00:00+09:00,4295.0,4295.0,4295.0,4295.0,0,0.0,0.0
2022-03-18 00:00:00+09:00,4560.0,4740.0,4475.0,4650.0,136888,0.0,0.0
2022-03-21 00:00:00+09:00,4650.0,4650.0,4650.0,4650.0,0,0.0,0.0
2022-03-22 00:00:00+09:00,4745.0,4765.0,4700.0,4710.0,57200,0.0,0.0
2022-03-23 00:00:00+09:00,4715.0,4775.0,4615.0,4635.0,83544,0.0,0.0
2022-03-24 00:00:00+09:00,4600.0,4745.0,4580.0,4670.0,61197,0.0,0.0
2022-03-25 00:00:00+09:00,4710.0,4830.0,4430.0,4780.0,128064,0.0,0.0
2022-03-28 00:00:00+09:00,4780.0,4965.0,4710.0,4830.0,126635,0.0,0.0
2022-03-29 00:00:00+09:00,4875.0,4880.0,4760.0,4765.0,68331,0.0,0.0
2022-03-30 00:00:00+09:00,4770.0,4850.0,4730.0,4765.0,35681,0.0,0.0
2022-03-31 00:00:00+09:00,4745.0,4800.0,4745.0,4795.0,28218,0.0,0.0
2022-04-01 00:00:00+09:00,4785.0,4895.0,4745.0,4800.0,60033,0.0,0.0
2022-04-04 00:00:00+09:00,4810.0,4915.0,4810.0,4895.0,78181,0.0,0.0
2022-04-05 00:00:00+09:00,4940.0,5040.0,4900.0,5010.0,162945,0.0,0.0
2022-04-06 00:00:00+09:00,4970.0,4985.0,4875.0,4920.0,55011,0.0,0.0
2022-04-07 00:00:00+09:00,4875.0,4880.0,4735.0,4755.0,78884,0.0,0.0
2022-04-08 00:00:00+09:00,4760.0,4845.0,4735.0,4825.0,54147,0.0,0.0
2022-04-11 00:00:00+09:00,4825.0,4840.0,4710.0,4765.0,37529,0.0,0.0
2022-04-12 00:00:00+09:00,4615.0,4750.0,4615.0,4690.0,32848,0.0,0.0
2022-04-13 00:00:00+09:00,4720.0,4740.0,4685.0,4730.0,14510,0.0,0.0
2022-04-14 00:00:00+09:00,4780.0,4780.0,4660.0,4730.0,19895,0.0,0.0
2022-04-15 00:00:00+09:00,4695.0,4980.0,4690.0,4760.0,168831,0.0,0.0
2022-04-18 00:00:00+09:00,4735.0,4840.0,4730.0,4745.0,38439,0.0,0.0
2022-04-19 00:00:00+09:00,4795.0,4795.0,4720.0,4735.0,24910,0.0,0.0
2022-04-20 00:00:00+09:00,4745.0,4795.0,4685.0,4720.0,59914,0.0,0.0
2022-04-21 00:00:00+09:00,4720.0,4765.0,4675.0,4695.0,54672,0.0,0.0
2022-04-22 00:00:00+09:00,4685.0,4815.0,4625.0,4815.0,67802,0.0,0.0
2022-04-25 00:00:00+09:00,4810.0,4810.0,4710.0,4790.0,52389,0.0,0.0
2022-04-26 00:00:00+09:00,4745.0,4770.0,4670.0,4700.0,47885,0.0,0.0
2022-04-27 00:00:00+09:00,4640.0,4640.0,4510.0,4610.0,78064,0.0,0.0
2022-04-28 00:00:00+09:00,4580.0,4595.0,4495.0,4505.0,52284,0.0,0.0
2022-04-29 00:00:00+09:00,4550.0,4550.0,4485.0,4500.0,60344,0.0,0.0
2022-05-02 00:00:00+09:00,4480.0,4480.0,4400.0,4430.0,59934,0.0,0.0
2022-05-03 00:00:00+09:00,4430.0,4545.0,4430.0,4535.0,51950,0.0,0.0
2022-05-04 00:00:00+09:00,4670.0,4900.0,4520.0,4600.0,232243,0.0,0.0
2022-05-06 00:00:00+09:00,4595.0,4595.0,4490.0,4540.0,63385,0.0,0.0
2022-05-10 00:00:00+09:00,4315.0,4470.0,4255.0,4470.0,52593,0.0,0.0
2022-05-11 00:00:00+09:00,4470.0,4505.0,4420.0,4455.0,24047,0.0,0.0
2022-05-12 00:00:00+09:00,4390.0,4440.0,4250.0,4290.0,53954,0.0,0.0
2022-05-13 00:00:00+09:00,4290.0,4355.0,4230.0,4265.0,56176,0.0,0.0
2022-05-16 00:00:00+09:00,4330.0,4330.0,4240.0,4240.0,21582,0.0,0.0
2022-05-17 00:00:00+09:00,4260.0,4325.0,4240.0,4245.0,41698,0.0,0.0
2022-05-18 00:00:00+09:00,4260.0,4330.0,4260.0,4260.0,23891,0.0,0.0
2022-05-19 00:00:00+09:00,4180.0,4230.0,4155.0,4220.0,36208,0.0,0.0
2022-05-20 00:00:00+09:00,4215.0,4280.0,4200.0,4235.0,37610,0.0,0.0
2022-05-23 00:00:00+09:00,4260.0,4285.0,4200.0,4230.0,18941,0.0,0.0
2022-05-24 00:00:00+09:00,4230.0,4280.0,4180.0,4180.0,24795,0.0,0.0
2022-05-25 00:00:00+09:00,4185.0,4260.0,4140.0,4170.0,28359,0.0,0.0
2022-05-26 00:00:00+09:00,4220.0,4260.0,4165.0,4165.0,17946,0.0,0.0
2022-05-27 00:00:00+09:00,4225.0,4280.0,4150.0,4195.0,24063,0.0,0.0
2022-05-30 00:00:00+09:00,4205.0,4285.0,4200.0,4215.0,34158,0.0,0.0
2022-05-31 00:00:00+09:00,4225.0,4265.0,4170.0,4250.0,84466,0.0,0.0
2022-06-02 00:00:00+09:00,4250.0,4250.0,4185.0,4210.0,8458,0.0,0.0
2022-06-03 00:00:00+09:00,4215.0,4255.0,4195.0,4255.0,19114,0.0,0.0
2022-06-07 00:00:00+09:00,4255.0,4255.0,4180.0,4180.0,57202,0.0,0.0
2022-06-08 00:00:00+09:00,4200.0,4215.0,4160.0,4165.0,35622,0.0,0.0
2022-06-09 00:00:00+09:00,4165.0,4195.0,4070.0,4135.0,60181,0.0,0.0
2022-06-10 00:00:00+09:00,4135.0,4145.0,3995.0,4010.0,104646,0.0,0.0
2022-06-13 00:00:00+09:00,3970.0,3975.0,3770.0,3800.0,88637,0.0,0.0
2022-06-14 00:00:00+09:00,3630.0,3800.0,3630.0,3710.0,41820,0.0,0.0
2022-06-15 00:00:00+09:00,3710.0,3745.0,3495.0,3500.0,101344,0.0,0.0
2022-06-16 00:00:00+09:00,3430.0,3655.0,3430.0,3565.0,103367,0.0,0.0
2022-06-17 00:00:00+09:00,3380.0,3615.0,3380.0,3600.0,49411,0.0,0.0
2022-06-20 00:00:00+09:00,3560.0,3600.0,3305.0,3355.0,61127,0.0,0.0
2022-06-21 00:00:00+09:00,3390.0,3570.0,3300.0,3410.0,140181,0.0,0.0
2022-06-22 00:00:00+09:00,3415.0,3430.0,3230.0,3240.0,57105,0.0,0.0
2022-06-23 00:00:00+09:00,3290.0,3290.0,3035.0,3040.0,104330,0.0,0.0
2022-06-24 00:00:00+09:00,3000.0,3200.0,3000.0,3160.0,45080,0.0,0.0
2022-06-27 00:00:00+09:00,3160.0,3265.0,3100.0,3250.0,42581,0.0,0.0
2022-06-28 00:00:00+09:00,3255.0,3280.0,3170.0,3225.0,33649,0.0,0.0
2022-06-29 00:00:00+09:00,3225.0,3225.0,3130.0,3205.0,19098,0.0,0.0
2022-06-30 00:00:00+09:00,3165.0,3235.0,3135.0,3205.0,35226,0.0,0.0
2022-07-01 00:00:00+09:00,3240.0,3240.0,3100.0,3160.0,21364,0.0,0.0
2022-07-04 00:00:00+09:00,3140.0,3160.0,3045.0,3085.0,25919,0.0,0.0
2022-07-05 00:00:00+09:00,3145.0,3210.0,3000.0,3180.0,31718,0.0,0.0
2022-07-06 00:00:00+09:00,3130.0,3220.0,3130.0,3205.0,21053,0.0,0.0
2022-07-07 00:00:00+09:00,3205.0,3255.0,3190.0,3250.0,25333,0.0,0.0
2022-07-08 00:00:00+09:00,3295.0,3345.0,3255.0,3300.0,35412,0.0,0.0
2022-07-11 00:00:00+09:00,3300.0,3350.0,3260.0,3295.0,16773,0.0,0.0
2022-07-12 00:00:00+09:00,3290.0,3290.0,3165.0,3195.0,19769,0.0,0.0
2022-07-13 00:00:00+09:00,3220.0,3295.0,3180.0,3215.0,9188,0.0,0.0
2022-07-14 00:00:00+09:00,3190.0,3290.0,3175.0,3230.0,14170,0.0,0.0
2022-07-15 00:00:00+09:00,3285.0,3285.0,3195.0,3205.0,26951,0.0,0.0
2022-07-18 00:00:00+09:00,3210.0,3280.0,3210.0,3240.0,24006,0.0,0.0
2022-07-19 00:00:00+09:00,3295.0,3295.0,3200.0,3255.0,31380,0.0,0.0
2022-07-20 00:00:00+09:00,3285.0,3360.0,3285.0,3295.0,21390,0.0,0.0
2022-07-21 00:00:00+09:00,3340.0,3390.0,3250.0,3310.0,36283,0.0,0.0
2022-07-22 00:00:00+09:00,3320.0,3380.0,3300.0,3335.0,12819,0.0,0.0
2022-07-25 00:00:00+09:00,3390.0,3435.0,3320.0,3375.0,32896,0.0,0.0
2022-07-26 00:00:00+09:00,3425.0,3425.0,3325.0,3350.0,20429,0.0,0.0
2022-07-27 00:00:00+09:00,3375.0,3425.0,3315.0,3410.0,19162,0.0,0.0
2022-07-28 00:00:00+09:00,3385.0,3465.0,3380.0,3380.0,17444,0.0,0.0
2022-07-29 00:00:00+09:00,3380.0,3430.0,3330.0,3400.0,37961,0.0,0.0
2022-08-01 00:00:00+09:00,3405.0,3405.0,3345.0,3395.0,18943,0.0,0.0
2022-08-02 00:00:00+09:00,3385.0,3385.0,3305.0,3320.0,58025,0.0,0.0
2022-08-03 00:00:00+09:00,3320.0,3510.0,3300.0,3345.0,24052,0.0,0.0
2022-08-04 00:00:00+09:00,3355.0,3400.0,3315.0,3400.0,23589,0.0,0.0
2022-08-05 00:00:00+09:00,3385.0,3470.0,3380.0,3430.0,34845,0.0,0.0
2022-08-08 00:00:00+09:00,3430.0,3760.0,3410.0,3620.0,388444,0.0,0.0
2022-08-09 00:00:00+09:00,3630.0,3825.0,3620.0,3720.0,95223,0.0,0.0
2022-08-10 00:00:00+09:00,3730.0,3735.0,3635.0,3720.0,38564,0.0,0.0
2022-08-11 00:00:00+09:00,3690.0,3720.0,3655.0,3720.0,38501,0.0,0.0
2022-08-12 00:00:00+09:00,3700.0,3740.0,3655.0,3740.0,17949,0.0,0.0
2022-08-16 00:00:00+09:00,3775.0,3775.0,3710.0,3770.0,12525,0.0,0.0
2022-08-17 00:00:00+09:00,3755.0,3795.0,3705.0,3750.0,9427,0.0,0.0
2022-08-18 00:00:00+09:00,3750.0,3755.0,3680.0,3695.0,12002,0.0,0.0
2022-08-19 00:00:00+09:00,3750.0,3750.0,3620.0,3640.0,12611,0.0,0.0
2022-08-22 00:00:00+09:00,3640.0,3640.0,3490.0,3490.0,30592,0.0,0.0
2022-08-23 00:00:00+09:00,3460.0,3485.0,3300.0,3330.0,69022,0.0,0.0
2022-08-24 00:00:00+09:00,3345.0,3600.0,3305.0,3375.0,52424,0.0,0.0
2022-08-25 00:00:00+09:00,3380.0,3605.0,3370.0,3530.0,53315,0.0,0.0
2022-08-26 00:00:00+09:00,3570.0,3570.0,3465.0,3480.0,23355,0.0,0.0
2022-08-29 00:00:00+09:00,3350.0,3450.0,3095.0,3285.0,77967,0.0,0.0
2022-08-30 00:00:00+09:00,3300.0,3325.0,3265.0,3320.0,16091,0.0,0.0
2022-08-31 00:00:00+09:00,3295.0,3370.0,3295.0,3370.0,32437,0.0,0.0
2022-09-01 00:00:00+09:00,3580.0,3585.0,3270.0,3270.0,185806,0.0,0.0
2022-09-02 00:00:00+09:00,3270.0,3310.0,3210.0,3245.0,31802,0.0,0.0
2022-09-05 00:00:00+09:00,3200.0,3280.0,3160.0,3210.0,16165,0.0,0.0
2022-09-06 00:00:00+09:00,3240.0,3240.0,3165.0,3210.0,10417,0.0,0.0
2022-09-07 00:00:00+09:00,3210.0,3210.0,3105.0,3145.0,30122,0.0,0.0
2022-09-08 00:00:00+09:00,3195.0,3200.0,3140.0,3200.0,10293,0.0,0.0
2022-09-13 00:00:00+09:00,3205.0,3300.0,3205.0,3245.0,18322,0.0,0.0
2022-09-14 00:00:00+09:00,3235.0,3235.0,3145.0,3150.0,28821,0.0,0.0
2022-09-15 00:00:00+09:00,3150.0,3210.0,3145.0,3190.0,35916,0.0,0.0
2022-09-16 00:00:00+09:00,3185.0,3210.0,3150.0,3195.0,13195,0.0,0.0
2022-09-19 00:00:00+09:00,3190.0,3190.0,3100.0,3100.0,23008,0.0,0.0
2022-09-20 00:00:00+09:00,3100.0,3195.0,3080.0,3115.0,22923,0.0,0.0
2022-09-21 00:00:00+09:00,3075.0,3130.0,3050.0,3085.0,39073,0.0,0.0
2022-09-22 00:00:00+09:00,3055.0,3085.0,3045.0,3075.0,13591,0.0,0.0
2022-09-23 00:00:00+09:00,3075.0,3155.0,2990.0,3095.0,30634,0.0,0.0
2022-09-26 00:00:00+09:00,3090.0,3090.0,2710.0,2760.0,221395,0.0,0.0
2022-09-27 00:00:00+09:00,2750.0,2820.0,2750.0,2800.0,35376,0.0,0.0
2022-09-28 00:00:00+09:00,2840.0,2845.0,2715.0,2800.0,27049,0.0,0.0
2022-09-29 00:00:00+09:00,2840.0,2940.0,2790.0,2810.0,42422,0.0,0.0
2022-09-30 00:00:00+09:00,2810.0,2820.0,2755.0,2760.0,16107,0.0,0.0
2022-10-04 00:00:00+09:00,2770.0,2885.0,2770.0,2800.0,28916,0.0,0.0
2022-10-05 00:00:00+09:00,2805.0,2870.0,2745.0,2770.0,11170,0.0,0.0
2022-10-06 00:00:00+09:00,2770.0,2875.0,2770.0,2785.0,22381,0.0,0.0
2022-10-07 00:00:00+09:00,2795.0,2795.0,2750.0,2770.0,22189,0.0,0.0
2022-10-11 00:00:00+09:00,2760.0,2760.0,2650.0,2680.0,16805,0.0,0.0
2022-10-12 00:00:00+09:00,2680.0,2740.0,2580.0,2740.0,11935,0.0,0.0
2022-10-13 00:00:00+09:00,2710.0,2710.0,2620.0,2625.0,9794,0.0,0.0
2022-10-14 00:00:00+09:00,2665.0,2750.0,2600.0,2730.0,43508,0.0,0.0
2022-10-17 00:00:00+09:00,2700.0,2770.0,2635.0,2725.0,34869,0.0,0.0
2022-10-18 00:00:00+09:00,2730.0,2775.0,2715.0,2765.0,22372,0.0,0.0
2022-10-19 00:00:00+09:00,2785.0,2830.0,2730.0,2730.0,26922,0.0,0.0
2022-10-20 00:00:00+09:00,2730.0,2730.0,2655.0,2655.0,19468,0.0,0.0
2022-10-21 00:00:00+09:00,2655.0,2730.0,2625.0,2655.0,23107,0.0,0.0
2022-10-24 00:00:00+09:00,2885.0,2885.0,2670.0,2670.0,11071,0.0,0.0
2022-10-25 00:00:00+09:00,2745.0,2760.0,2640.0,2670.0,17852,0.0,0.0
2022-10-26 00:00:00+09:00,2640.0,2740.0,2615.0,2625.0,15855,0.0,0.0
2022-10-27 00:00:00+09:00,2700.0,2700.0,2610.0,2650.0,28349,0.0,0.0
2022-10-28 00:00:00+09:00,2640.0,2655.0,2580.0,2640.0,22922,0.0,0.0
2022-10-31 00:00:00+09:00,2640.0,2660.0,2605.0,2640.0,14432,0.0,0.0
2022-11-01 00:00:00+09:00,2690.0,2690.0,2605.0,2660.0,15943,0.0,0.0
2022-11-02 00:00:00+09:00,2650.0,2680.0,2630.0,2665.0,17647,0.0,0.0
2022-11-03 00:00:00+09:00,2635.0,2655.0,2595.0,2625.0,6921,0.0,0.0
2022-11-04 00:00:00+09:00,2625.0,2685.0,2595.0,2675.0,15462,0.0,0.0
2022-11-07 00:00:00+09:00,2665.0,2725.0,2645.0,2670.0,13438,0.0,0.0
2022-11-08 00:00:00+09:00,2670.0,2740.0,2655.0,2705.0,45016,0.0,0.0
2022-11-09 00:00:00+09:00,2690.0,2730.0,2650.0,2700.0,29164,0.0,0.0
2022-11-10 00:00:00+09:00,2665.0,2740.0,2665.0,2710.0,12967,0.0,0.0
2022-11-11 00:00:00+09:00,2790.0,2790.0,2710.0,2755.0,28921,0.0,0.0
2022-11-14 00:00:00+09:00,2760.0,2780.0,2745.0,2775.0,31009,0.0,0.0
2022-11-15 00:00:00+09:00,2785.0,2805.0,2770.0,2805.0,36925,0.0,0.0
2022-11-16 00:00:00+09:00,2845.0,2850.0,2795.0,2795.0,37704,0.0,0.0
2022-11-17 00:00:00+09:00,2800.0,2835.0,2735.0,2780.0,18384,0.0,0.0
2022-11-18 00:00:00+09:00,2800.0,3155.0,2800.0,2920.0,171200,0.0,0.0
2022-11-21 00:00:00+09:00,2975.0,2975.0,2775.0,2835.0,41054,0.0,0.0
2022-11-22 00:00:00+09:00,2835.0,2915.0,2770.0,2785.0,66327,0.0,0.0
2022-11-23 00:00:00+09:00,2785.0,2825.0,2780.0,2795.0,13642,0.0,0.0
2022-11-24 00:00:00+09:00,2840.0,2930.0,2820.0,2900.0,37124,0.0,0.0
2022-11-25 00:00:00+09:00,2935.0,2935.0,2850.0,2905.0,23747,0.0,0.0
2022-11-28 00:00:00+09:00,2900.0,2900.0,2850.0,2850.0,13320,0.0,0.0
2022-11-29 00:00:00+09:00,2850.0,2890.0,2815.0,2880.0,10941,0.0,0.0
2022-11-30 00:00:00+09:00,2880.0,2925.0,2850.0,2905.0,9479,0.0,0.0
2022-12-01 00:00:00+09:00,2925.0,2950.0,2900.0,2910.0,23418,0.0,0.0
2022-12-02 00:00:00+09:00,2935.0,2935.0,2840.0,2870.0,25396,0.0,0.0
2022-12-05 00:00:00+09:00,2870.0,2905.0,2815.0,2870.0,7778,0.0,0.0
2022-12-06 00:00:00+09:00,2810.0,2875.0,2810.0,2830.0,7255,0.0,0.0
2022-12-07 00:00:00+09:00,2780.0,3250.0,2775.0,2850.0,166747,0.0,0.0
2022-12-08 00:00:00+09:00,2900.0,2925.0,2800.0,2830.0,34868,0.0,0.0
2022-12-09 00:00:00+09:00,2855.0,2990.0,2820.0,2880.0,36749,0.0,0.0
2022-12-12 00:00:00+09:00,2880.0,2965.0,2870.0,2945.0,22450,0.0,0.0
2022-12-13 00:00:00+09:00,2985.0,2985.0,2905.0,2950.0,17880,0.0,0.0
2022-12-14 00:00:00+09:00,2975.0,2975.0,2930.0,2930.0,13633,0.0,0.0
2022-12-15 00:00:00+09:00,2950.0,2965.0,2930.0,2950.0,15058,0.0,0.0
2022-12-16 00:00:00+09:00,2930.0,2955.0,2895.0,2945.0,13868,0.0,0.0
2022-12-19 00:00:00+09:00,2940.0,3010.0,2930.0,2975.0,34164,0.0,0.0
2022-12-20 00:00:00+09:00,2975.0,2975.0,2900.0,2900.0,17730,0.0,0.0
2022-12-21 00:00:00+09:00,2945.0,2945.0,2885.0,2895.0,13106,0.0,0.0
2022-12-22 00:00:00+09:00,2910.0,2975.0,2900.0,2935.0,30847,0.0,0.0
2022-12-23 00:00:00+09:00,2910.0,2940.0,2850.0,2880.0,18917,0.0,0.0
2022-12-26 00:00:00+09:00,2880.0,2885.0,2800.0,2830.0,17698,0.0,0.0
2022-12-27 00:00:00+09:00,2830.0,2880.0,2800.0,2845.0,27963,0.0,0.0
2022-12-28 00:00:00+09:00,2830.0,2845.0,2795.0,2830.0,6491,0.0,0.0
2022-12-29 00:00:00+09:00,2825.0,2825.0,2750.0,2785.0,14286,0.0,0.0
2023-01-02 00:00:00+09:00,2785.0,2785.0,2690.0,2690.0,34344,0.0,0.0
2023-01-03 00:00:00+09:00,2650.0,2715.0,2630.0,2690.0,28457,0.0,0.0
2023-01-04 00:00:00+09:00,2620.0,2750.0,2620.0,2720.0,16167,0.0,0.0
2023-01-05 00:00:00+09:00,2690.0,2750.0,2690.0,2735.0,12759,0.0,0.0
2023-01-06 00:00:00+09:00,2730.0,2775.0,2690.0,2740.0,8720,0.0,0.0
2023-01-09 00:00:00+09:00,2745.0,2820.0,2745.0,2790.0,27502,0.0,0.0
2023-01-10 00:00:00+09:00,2785.0,2800.0,2760.0,2800.0,9173,0.0,0.0
2023-01-11 00:00:00+09:00,2840.0,2840.0,2780.0,2800.0,16635,0.0,0.0
2023-01-12 00:00:00+09:00,2800.0,2825.0,2775.0,2785.0,12061,0.0,0.0
2023-01-13 00:00:00+09:00,2825.0,2825.0,2780.0,2810.0,13993,0.0,0.0
2023-01-16 00:00:00+09:00,2810.0,2895.0,2810.0,2870.0,22666,0.0,0.0
2023-01-17 00:00:00+09:00,2870.0,2925.0,2860.0,2880.0,20073,0.0,0.0
2023-01-18 00:00:00+09:00,2905.0,2910.0,2850.0,2850.0,16952,0.0,0.0
2023-01-19 00:00:00+09:00,2850.0,2910.0,2845.0,2905.0,23352,0.0,0.0
2023-01-20 00:00:00+09:00,2905.0,3570.0,2895.0,3145.0,1583290,0.0,0.0
2023-01-25 00:00:00+09:00,3190.0,3665.0,3120.0,3450.0,28626,0.0,0.0
2023-01-26 00:00:00+09:00,3440.0,3570.0,3320.0,3490.0,768973,0.0,0.0
2023-01-27 00:00:00+09:00,4115.0,4260.0,3705.0,3750.0,47086,0.0,0.0
2023-01-30 00:00:00+09:00,3840.0,4030.0,3690.0,3915.0,31330,0.0,0.0
2023-01-31 00:00:00+09:00,3830.0,3935.0,3505.0,3505.0,119082,0.0,0.0
2023-02-01 00:00:00+09:00,3585.0,3815.0,3490.0,3490.0,14053,0.0,0.0
2023-02-02 00:00:00+09:00,3585.0,4200.0,3525.0,3875.0,24045,0.0,0.0
2023-02-03 00:00:00+09:00,3865.0,3930.0,3750.0,3870.0,10013,0.0,0.0
2023-02-06 00:00:00+09:00,3855.0,3890.0,3700.0,3865.0,3028,0.0,0.0
2023-02-07 00:00:00+09:00,3665.0,4030.0,3635.0,3800.0,2729,0.0,0.0
2023-02-08 00:00:00+09:00,3900.0,4900.0,3830.0,4420.0,82876,0.0,0.0
2023-02-09 00:00:00+09:00,4280.0,4300.0,4135.0,4435.0,22290,0.0,0.0
2023-02-10 00:00:00+09:00,4175.0,4520.0,3995.0,4000.0,29897,0.0,0.0
2023-02-13 00:00:00+09:00,4050.0,4215.0,3940.0,4090.0,14611,0.0,0.0
2023-02-14 00:00:00+09:00,4080.0,4170.0,3960.0,4130.0,308108,0.0,0.0
2023-02-15 00:00:00+09:00,4290.0,4355.0,3965.0,3970.0,22795,0.0,0.0
2023-02-16 00:00:00+09:00,3935.0,3985.0,3800.0,3860.0,2793,0.0,0.0
2023-02-17 00:00:00+09:00,3910.0,4150.0,3840.0,3865.0,9072,0.0,0.0
2023-02-20 00:00:00+09:00,3805.0,3855.0,3650.0,3700.0,4392,0.0,0.0
2023-02-21 00:00:00+09:00,3705.0,3820.0,3650.0,3750.0,5766,0.0,0.0
2023-02-22 00:00:00+09:00,3700.0,3725.0,3545.0,3650.0,125369,0.0,0.0
2023-02-23 00:00:00+09:00,3715.0,3930.0,3685.0,3760.0,13780,0.0,0.0
2023-02-24 00:00:00+09:00,3760.0,3885.0,3680.0,3815.0,8325,0.0,0.0
2023-02-27 00:00:00+09:00,3840.0,4180.0,3565.0,3700.0,1931574,0.0,0.0
2023-02-28 00:00:00+09:00,3700.0,4065.0,3650.0,3795.0,1293519,0.0,0.0
2023-03-02 00:00:00+09:00,3850.0,3850.0,3670.0,3680.0,243879,0.0,0.0
2023-03-03 00:00:00+09:00,3690.0,3725.0,3610.0,3660.0,151759,0.0,0.0
2023-03-06 00:00:00+09:00,3655.0,3720.0,3650.0,3715.0,107378,0.0,0.0
2023-03-07 00:00:00+09:00,3785.0,3860.0,3630.0,3630.0,202916,0.0,0.0
2023-03-08 00:00:00+09:00,3575.0,3630.0,3500.0,3515.0,194905,0.0,0.0
2023-03-09 00:00:00+09:00,3510.0,3550.0,3430.0,3460.0,117203,0.0,0.0
2023-03-10 00:00:00+09:00,3380.0,3465.0,3355.0,3400.0,129776,0.0,0.0
2023-03-13 00:00:00+09:00,3350.0,3395.0,3250.0,3395.0,99398,0.0,0.0
2023-03-14 00:00:00+09:00,3350.0,3350.0,3175.0,3210.0,148436,0.0,0.0
2023-03-15 00:00:00+09:00,3240.0,3330.0,3240.0,3260.0,129166,0.0,0.0
2023-03-16 00:00:00+09:00,3265.0,3285.0,3175.0,3215.0,87164,0.0,0.0
2023-03-17 00:00:00+09:00,3210.0,3370.0,3205.0,3325.0,145661,0.0,0.0
2023-03-20 00:00:00+09:00,3275.0,3390.0,3275.0,3320.0,58578,0.0,0.0
2023-03-21 00:00:00+09:00,3325.0,3460.0,3320.0,3405.0,176612,0.0,0.0
2023-03-22 00:00:00+09:00,3415.0,3460.0,3335.0,3360.0,115242,0.0,0.0
2023-03-23 00:00:00+09:00,3370.0,3370.0,3205.0,3230.0,107823,0.0,0.0
2023-03-24 00:00:00+09:00,3230.0,3310.0,3230.0,3300.0,47497,0.0,0.0
2023-03-27 00:00:00+09:00,3275.0,3325.0,3185.0,3285.0,76601,0.0,0.0
2023-03-28 00:00:00+09:00,3285.0,3390.0,3240.0,3365.0,95703,0.0,0.0
2023-03-29 00:00:00+09:00,3325.0,3375.0,3300.0,3360.0,81936,0.0,0.0
2023-03-30 00:00:00+09:00,3325.0,3460.0,3305.0,3360.0,118872,0.0,0.0
2023-03-31 00:00:00+09:00,3360.0,3405.0,3280.0,3340.0,94231,0.0,0.0
2023-04-03 00:00:00+09:00,3305.0,3340.0,3240.0,3295.0,120210,0.0,0.0
2023-04-04 00:00:00+09:00,3225.0,3350.0,3225.0,3310.0,79596,0.0,0.0
2023-04-05 00:00:00+09:00,3295.0,3370.0,3280.0,3340.0,66721,0.0,0.0
2023-04-06 00:00:00+09:00,3340.0,3340.0,3200.0,3205.0,198157,0.0,0.0
2023-04-07 00:00:00+09:00,3200.0,3315.0,3190.0,3300.0,79390,0.0,0.0
2023-04-10 00:00:00+09:00,3290.0,3290.0,3180.0,3200.0,97738,0.0,0.0
2023-04-11 00:00:00+09:00,3225.0,3225.0,3100.0,3150.0,99779,0.0,0.0
2023-04-12 00:00:00+09:00,3150.0,3335.0,3105.0,3220.0,72545,0.0,0.0
2023-04-13 00:00:00+09:00,3190.0,3300.0,3135.0,3270.0,63213,0.0,0.0
2023-04-14 00:00:00+09:00,3340.0,3800.0,3320.0,3505.0,1309911,0.0,0.0
2023-04-17 00:00:00+09:00,3505.0,3530.0,3350.0,3390.0,194838,0.0,0.0
2023-04-18 00:00:00+09:00,3420.0,3475.0,3355.0,3390.0,163741,0.0,0.0
2023-04-19 00:00:00+09:00,3390.0,3400.0,3320.0,3365.0,102677,0.0,0.0
2023-04-20 00:00:00+09:00,3355.0,3355.0,3275.0,3275.0,106193,0.0,0.0
2023-04-21 00:00:00+09:00,3265.0,3305.0,3200.0,3255.0,89350,0.0,0.0
2023-04-24 00:00:00+09:00,3210.0,3250.0,3100.0,3125.0,157300,0.0,0.0
2023-04-25 00:00:00+09:00,3100.0,3120.0,2980.0,3000.0,110811,0.0,0.0
2023-04-26 00:00:00+09:00,2970.0,3055.0,2935.0,3025.0,47490,0.0,0.0
2023-04-27 00:00:00+09:00,2980.0,3010.0,2895.0,3010.0,75724,0.0,0.0
2023-04-28 00:00:00+09:00,3010.0,3045.0,2980.0,2990.0,38389,0.0,0.0
2023-05-02 00:00:00+09:00,2970.0,3265.0,2970.0,3085.0,96700,0.0,0.0
2023-05-03 00:00:00+09:00,3070.0,3220.0,3025.0,3195.0,93749,0.0,0.0
2023-05-04 00:00:00+09:00,3195.0,3400.0,3120.0,3300.0,172270,0.0,0.0
2023-05-08 00:00:00+09:00,3300.0,3330.0,3240.0,3255.0,53996,0.0,0.0
2023-05-09 00:00:00+09:00,3220.0,3390.0,3220.0,3300.0,31326,0.0,0.0
2023-05-10 00:00:00+09:00,3285.0,3370.0,3265.0,3285.0,40304,0.0,0.0
2023-05-11 00:00:00+09:00,3360.0,3360.0,3260.0,3265.0,37330,0.0,0.0
2023-05-12 00:00:00+09:00,3235.0,3275.0,3225.0,3230.0,21646,0.0,0.0
2023-05-15 00:00:00+09:00,3320.0,3320.0,3165.0,3190.0,33801,0.0,0.0
2023-05-16 00:00:00+09:00,3200.0,3255.0,3140.0,3190.0,33121,0.0,0.0
2023-05-17 00:00:00+09:00,3155.0,3740.0,3155.0,3440.0,1626394,0.0,0.0
2023-05-18 00:00:00+09:00,3435.0,3510.0,3340.0,3365.0,322901,0.0,0.0
2023-05-19 00:00:00+09:00,3365.0,3570.0,3360.0,3490.0,283579,0.0,0.0
2023-05-22 00:00:00+09:00,3460.0,3535.0,3430.0,3520.0,69890,0.0,0.0
2023-05-23 00:00:00+09:00,3490.0,3520.0,3380.0,3450.0,79423,0.0,0.0
2023-05-24 00:00:00+09:00,3450.0,3450.0,3380.0,3420.0,40109,0.0,0.0
2023-05-25 00:00:00+09:00,3390.0,3585.0,3325.0,3340.0,139804,0.0,0.0
2023-05-26 00:00:00+09:00,3385.0,3385.0,3275.0,3290.0,42914,0.0,0.0
2023-05-30 00:00:00+09:00,3290.0,3415.0,3290.0,3415.0,57208,0.0,0.0
2023-05-31 00:00:00+09:00,3475.0,3475.0,3350.0,3350.0,37435,0.0,0.0
2023-06-01 00:00:00+09:00,3350.0,3395.0,3315.0,3365.0,24443,0.0,0.0
2023-06-02 00:00:00+09:00,3400.0,3440.0,3360.0,3395.0,44003,0.0,0.0
2023-06-05 00:00:00+09:00,3420.0,3420.0,3345.0,3390.0,44099,0.0,0.0
2023-06-07 00:00:00+09:00,3420.0,3530.0,3390.0,3445.0,121251,0.0,0.0
2023-06-08 00:00:00+09:00,3445.0,3455.0,3380.0,3380.0,56744,0.0,0.0
2023-06-09 00:00:00+09:00,3360.0,3440.0,3335.0,3360.0,72828,0.0,0.0
2023-06-12 00:00:00+09:00,3365.0,3515.0,3355.0,3455.0,122449,0.0,0.0
2023-06-13 00:00:00+09:00,3540.0,3540.0,3410.0,3430.0,90572,0.0,0.0
2023-06-14 00:00:00+09:00,3430.0,3440.0,3315.0,3390.0,69250,0.0,0.0
2023-06-15 00:00:00+09:00,3390.0,3440.0,3200.0,3380.0,95031,0.0,0.0
2023-06-16 00:00:00+09:00,3370.0,3400.0,3240.0,3285.0,111577,0.0,0.0
2023-06-19 00:00:00+09:00,3285.0,3335.0,3220.0,3300.0,35734,0.0,0.0
2023-06-20 00:00:00+09:00,3255.0,3295.0,3250.0,3280.0,33984,0.0,0.0
2023-06-21 00:00:00+09:00,3280.0,3295.0,3180.0,3180.0,69614,0.0,0.0
2023-06-22 00:00:00+09:00,3160.0,3245.0,3110.0,3220.0,35945,0.0,0.0
2023-06-23 00:00:00+09:00,3290.0,3290.0,3140.0,3190.0,33657,0.0,0.0
2023-06-26 00:00:00+09:00,3190.0,3200.0,3120.0,3145.0,30691,0.0,0.0
2023-06-27 00:00:00+09:00,3145.0,3235.0,3115.0,3145.0,40947,0.0,0.0
2023-06-28 00:00:00+09:00,3185.0,3200.0,3100.0,3120.0,55020,0.0,0.0
2023-06-29 00:00:00+09:00,3095.0,3170.0,3080.0,3125.0,36993,0.0,0.0
2023-06-30 00:00:00+09:00,3100.0,3205.0,3075.0,3145.0,38222,0.0,0.0
2023-07-03 00:00:00+09:00,3140.0,3235.0,3130.0,3190.0,29543,0.0,0.0
2023-07-04 00:00:00+09:00,3220.0,3220.0,3120.0,3125.0,54424,0.0,0.0
2023-07-05 00:00:00+09:00,3125.0,3140.0,3030.0,3115.0,71654,0.0,0.0
2023-07-06 00:00:00+09:00,3090.0,3090.0,3000.0,3000.0,72604,0.0,0.0
2023-07-07 00:00:00+09:00,2990.0,3000.0,2955.0,2980.0,30644,0.0,0.0
2023-07-10 00:00:00+09:00,2960.0,3040.0,2935.0,3000.0,46740,0.0,0.0
2023-07-11 00:00:00+09:00,2960.0,3070.0,2960.0,3000.0,32209,0.0,0.0
2023-07-12 00:00:00+09:00,3005.0,3030.0,2960.0,3020.0,34207,0.0,0.0
2023-07-13 00:00:00+09:00,3020.0,3125.0,3015.0,3090.0,54257,0.0,0.0
2023-07-14 00:00:00+09:00,3075.0,3945.0,3075.0,3520.0,11490363,0.0,0.0
2023-07-17 00:00:00+09:00,3770.0,4570.0,3605.0,3885.0,13222403,0.0,0.0
2023-07-18 00:00:00+09:00,3845.0,3935.0,3650.0,3895.0,1825638,0.0,0.0
2023-07-19 00:00:00+09:00,3790.0,4480.0,3490.0,4070.0,8535924,0.0,0.0
2023-07-20 00:00:00+09:00,3985.0,3995.0,3775.0,3830.0,821719,0.0,0.0
2023-07-21 00:00:00+09:00,3830.0,3920.0,3600.0,3710.0,604341,0.0,0.0
2023-07-24 00:00:00+09:00,3650.0,3730.0,3560.0,3595.0,375334,0.0,0.0
2023-07-25 00:00:00+09:00,3550.0,3590.0,3405.0,3460.0,375172,0.0,0.0
2023-07-26 00:00:00+09:00,3390.0,3460.0,3080.0,3210.0,643207,0.0,0.0
2023-07-27 00:00:00+09:00,3155.0,3275.0,3155.0,3160.0,276300,0.0,0.0
2023-07-28 00:00:00+09:00,3135.0,3340.0,3100.0,3325.0,201020,0.0,0.0
2023-07-31 00:00:00+09:00,3300.0,3375.0,3205.0,3370.0,165472,0.0,0.0
2023-08-01 00:00:00+09:00,3370.0,3480.0,3325.0,3450.0,199999,0.0,0.0
2023-08-02 00:00:00+09:00,3435.0,3455.0,3330.0,3395.0,156940,0.0,0.0
2023-08-03 00:00:00+09:00,3325.0,3410.0,3240.0,3400.0,160939,0.0,0.0
2023-08-04 00:00:00+09:00,3345.0,3365.0,3300.0,3335.0,94661,0.0,0.0
2023-08-07 00:00:00+09:00,3335.0,3335.0,3200.0,3285.0,109739,0.0,0.0
2023-08-08 00:00:00+09:00,3240.0,3360.0,3195.0,3200.0,124793,0.0,0.0
2023-08-09 00:00:00+09:00,3200.0,3370.0,3200.0,3325.0,91575,0.0,0.0
2023-08-10 00:00:00+09:00,3345.0,3370.0,3275.0,3330.0,62832,0.0,0.0
2023-08-11 00:00:00+09:00,3300.0,3420.0,3300.0,3330.0,112301,0.0,0.0
2023-08-14 00:00:00+09:00,3435.0,3435.0,3280.0,3310.0,81807,0.0,0.0
2023-08-16 00:00:00+09:00,3310.0,3335.0,3210.0,3240.0,138502,0.0,0.0
2023-08-17 00:00:00+09:00,3200.0,3275.0,3120.0,3220.0,96275,0.0,0.0
2023-08-18 00:00:00+09:00,3200.0,3270.0,3150.0,3170.0,38958,0.0,0.0
2023-08-21 00:00:00+09:00,3140.0,3340.0,3130.0,3235.0,96521,0.0,0.0
2023-08-22 00:00:00+09:00,3210.0,3305.0,3210.0,3220.0,45802,0.0,0.0
2023-08-23 00:00:00+09:00,3275.0,3275.0,3200.0,3215.0,37289,0.0,0.0
2023-08-24 00:00:00+09:00,3220.0,3360.0,3220.0,3230.0,58925,0.0,0.0
2023-08-25 00:00:00+09:00,3120.0,3290.0,3120.0,3235.0,49962,0.0,0.0
2023-08-28 00:00:00+09:00,3220.0,3300.0,3190.0,3295.0,52576,0.0,0.0
2023-08-29 00:00:00+09:00,3255.0,3350.0,3255.0,3290.0,59593,0.0,0.0
2023-08-30 00:00:00+09:00,3295.0,3450.0,3295.0,3430.0,111106,0.0,0.0
2023-08-31 00:00:00+09:00,3430.0,3450.0,3350.0,3360.0,69016,0.0,0.0
2023-09-01 00:00:00+09:00,3335.0,3630.0,3335.0,3410.0,284489,0.0,0.0
2023-09-04 00:00:00+09:00,3395.0,3455.0,3325.0,3365.0,76007,0.0,0.0
2023-09-05 00:00:00+09:00,3350.0,3400.0,3270.0,3315.0,58968,0.0,0.0
2023-09-06 00:00:00+09:00,3310.0,3340.0,3215.0,3250.0,58965,0.0,0.0
2023-09-07 00:00:00+09:00,3255.0,3325.0,3145.0,3170.0,237579,0.0,0.0
2023-09-08 00:00:00+09:00,3200.0,3215.0,3130.0,3185.0,67648,0.0,0.0
2023-09-11 00:00:00+09:00,3220.0,3325.0,3190.0,3225.0,71519,0.0,0.0
2023-09-12 00:00:00+09:00,3225.0,3280.0,3200.0,3200.0,40252,0.0,0.0
2023-09-13 00:00:00+09:00,3200.0,3235.0,3130.0,3140.0,49178,0.0,0.0
2023-09-14 00:00:00+09:00,3140.0,3200.0,3135.0,3190.0,38473,0.0,0.0
2023-09-15 00:00:00+09:00,3265.0,3965.0,3265.0,3900.0,12021928,0.0,0.0
2023-09-18 00:00:00+09:00,3950.0,4285.0,3640.0,3715.0,7068086,0.0,0.0
2023-09-19 00:00:00+09:00,3715.0,3775.0,3580.0,3740.0,1030567,0.0,0.0
2023-09-20 00:00:00+09:00,3675.0,3675.0,3400.0,3430.0,692106,0.0,0.0
2023-09-21 00:00:00+09:00,3360.0,3590.0,3245.0,3245.0,552170,0.0,0.0
2023-09-22 00:00:00+09:00,3170.0,3425.0,3170.0,3250.0,380131,0.0,0.0
2023-09-25 00:00:00+09:00,3250.0,3325.0,3180.0,3220.0,278703,0.0,0.0
2023-09-26 00:00:00+09:00,3380.0,3535.0,3070.0,3075.0,1004143,0.0,0.0
2023-09-27 00:00:00+09:00,3055.0,3590.0,2945.0,3045.0,2277561,0.0,0.0
2023-10-04 00:00:00+09:00,3000.0,3030.0,2875.0,2880.0,302990,0.0,0.0
2023-10-05 00:00:00+09:00,2930.0,2945.0,2840.0,2840.0,116488,0.0,0.0
2023-10-06 00:00:00+09:00,2800.0,3045.0,2800.0,2930.0,195179,0.0,0.0
2023-10-10 00:00:00+09:00,2930.0,2975.0,2850.0,2860.0,129759,0.0,0.0
2023-10-11 00:00:00+09:00,2870.0,3130.0,2870.0,2945.0,399350,0.0,0.0
2023-10-12 00:00:00+09:00,2950.0,3075.0,2950.0,3065.0,81070,0.0,0.0
2023-10-13 00:00:00+09:00,3065.0,3075.0,3010.0,3035.0,45935,0.0,0.0
2023-10-16 00:00:00+09:00,3005.0,3135.0,2970.0,3020.0,139402,0.0,0.0
2023-10-17 00:00:00+09:00,3005.0,3185.0,2990.0,3045.0,315201,0.0,0.0
2023-10-18 00:00:00+09:00,3045.0,3045.0,2940.0,2985.0,113175,0.0,0.0
2023-10-19 00:00:00+09:00,2935.0,2950.0,2850.0,2890.0,140098,0.0,0.0
2023-10-20 00:00:00+09:00,2885.0,2885.0,2770.0,2790.0,153638,0.0,0.0
2023-10-23 00:00:00+09:00,2715.0,2835.0,2715.0,2735.0,81045,0.0,0.0
2023-10-24 00:00:00+09:00,2750.0,2850.0,2700.0,2850.0,156724,0.0,0.0
2023-10-25 00:00:00+09:00,2850.0,2875.0,2810.0,2810.0,63610,0.0,0.0
2023-10-26 00:00:00+09:00,2750.0,2795.0,2700.0,2715.0,97686,0.0,0.0
2023-10-27 00:00:00+09:00,2720.0,2770.0,2675.0,2695.0,110670,0.0,0.0
2023-10-30 00:00:00+09:00,2670.0,2760.0,2665.0,2710.0,58683,0.0,0.0
2023-10-31 00:00:00+09:00,2715.0,2795.0,2670.0,2670.0,65374,0.0,0.0
2023-11-01 00:00:00+09:00,2675.0,2730.0,2675.0,2700.0,34798,0.0,0.0
2023-11-02 00:00:00+09:00,2710.0,2800.0,2710.0,2770.0,52487,0.0,0.0
2023-11-03 00:00:00+09:00,2800.0,2845.0,2770.0,2845.0,53507,0.0,0.0
2023-11-06 00:00:00+09:00,2870.0,2950.0,2845.0,2900.0,128348,0.0,0.0
2023-11-07 00:00:00+09:00,2885.0,2910.0,2835.0,2895.0,60867,0.0,0.0
2023-11-08 00:00:00+09:00,2885.0,2975.0,2875.0,2895.0,26069,0.0,0.0
2023-11-09 00:00:00+09:00,2895.0,3180.0,2845.0,3150.0,837320,0.0,0.0
2023-11-10 00:00:00+09:00,2955.0,2990.0,2895.0,2915.0,392989,0.0,0.0
2023-11-13 00:00:00+09:00,2875.0,3120.0,2875.0,2895.0,432010,0.0,0.0
2023-11-14 00:00:00+09:00,2900.0,3080.0,2895.0,2910.0,199393,0.0,0.0
2023-11-15 00:00:00+09:00,2970.0,3115.0,2955.0,2980.0,279525,0.0,0.0
2023-11-16 00:00:00+09:00,3020.0,3240.0,2975.0,3115.0,712450,0.0,0.0
2023-11-17 00:00:00+09:00,3180.0,3195.0,2990.0,2990.0,168318,0.0,0.0
2023-11-20 00:00:00+09:00,2990.0,3285.0,2980.0,3060.0,647873,0.0,0.0
2023-11-21 00:00:00+09:00,3060.0,3195.0,3050.0,3110.0,167117,0.0,0.0
2023-11-22 00:00:00+09:00,3090.0,3110.0,3050.0,3090.0,59987,0.0,0.0
2023-11-23 00:00:00+09:00,3090.0,3185.0,3090.0,3160.0,161359,0.0,0.0
2023-11-24 00:00:00+09:00,3155.0,3260.0,3090.0,3090.0,139154,0.0,0.0
2023-11-27 00:00:00+09:00,3080.0,3110.0,2995.0,2995.0,103736,0.0,0.0
2023-11-28 00:00:00+09:00,3040.0,3050.0,2960.0,2960.0,70514,0.0,0.0
2023-11-29 00:00:00+09:00,2960.0,3090.0,2900.0,2930.0,255699,0.0,0.0
2023-11-30 00:00:00+09:00,2930.0,2955.0,2890.0,2905.0,64814,0.0,0.0
2023-12-01 00:00:00+09:00,2905.0,3010.0,2880.0,2905.0,141158,0.0,0.0
2023-12-04 00:00:00+09:00,2910.0,2945.0,2870.0,2895.0,72291,0.0,0.0
2023-12-05 00:00:00+09:00,2865.0,2895.0,2850.0,2880.0,70858,0.0,0.0
2023-12-06 00:00:00+09:00,2855.0,2995.0,2855.0,2980.0,78273,0.0,0.0
2023-12-07 00:00:00+09:00,2960.0,2990.0,2875.0,2875.0,67529,0.0,0.0
2023-12-08 00:00:00+09:00,2885.0,2970.0,2885.0,2930.0,59175,0.0,0.0
2023-12-11 00:00:00+09:00,2930.0,3145.0,2910.0,2965.0,483297,0.0,0.0
2023-12-12 00:00:00+09:00,2965.0,2985.0,2935.0,2940.0,61312,0.0,0.0
2023-12-13 00:00:00+09:00,2980.0,3010.0,2895.0,2915.0,155031,0.0,0.0
2023-12-14 00:00:00+09:00,2960.0,3100.0,2930.0,2955.0,404659,0.0,0.0
2023-12-15 00:00:00+09:00,2945.0,2970.0,2915.0,2950.0,113212,0.0,0.0
2023-12-18 00:00:00+09:00,2960.0,2975.0,2945.0,2950.0,56532,0.0,0.0
2023-12-19 00:00:00+09:00,2920.0,3000.0,2920.0,2960.0,60134,0.0,0.0
2023-12-20 00:00:00+09:00,2960.0,3005.0,2945.0,2960.0,65165,0.0,0.0
2023-12-21 00:00:00+09:00,2940.0,2960.0,2915.0,2935.0,55078,0.0,0.0
2023-12-22 00:00:00+09:00,2935.0,2980.0,2895.0,2895.0,71105,0.0,0.0
2023-12-26 00:00:00+09:00,2895.0,2920.0,2855.0,2860.0,70529,0.0,0.0
2023-12-27 00:00:00+09:00,2840.0,2955.0,2840.0,2930.0,53474,0.0,0.0
2023-12-28 00:00:00+09:00,2900.0,2950.0,2900.0,2935.0,47843,0.0,0.0
2024-01-02 00:00:00+09:00,2935.0,2960.0,2900.0,2935.0,57739,0.0,0.0
2024-01-03 00:00:00+09:00,2895.0,2930.0,2885.0,2900.0,37108,0.0,0.0
2024-01-04 00:00:00+09:00,2900.0,2900.0,2845.0,2875.0,68152,0.0,0.0
2024-01-05 00:00:00+09:00,2870.0,2995.0,2860.0,2925.0,86004,0.0,0.0
2024-01-08 00:00:00+09:00,2930.0,3085.0,2910.0,2960.0,207245,0.0,0.0
2024-01-09 00:00:00+09:00,3010.0,3070.0,2970.0,3065.0,131709,0.0,0.0
2024-01-10 00:00:00+09:00,3055.0,3060.0,2975.0,2980.0,77030,0.0,0.0
2024-01-11 00:00:00+09:00,2980.0,3110.0,2970.0,3105.0,217815,0.0,0.0
2024-01-12 00:00:00+09:00,3105.0,3105.0,2995.0,3025.0,99696,0.0,0.0
2024-01-15 00:00:00+09:00,3025.0,3045.0,3005.0,3020.0,9805,0.0,0.0
2024-01-16 00:00:00+09:00,3000.0,3090.0,2890.0,3020.0,306962,0.0,0.0
2024-01-17 00:00:00+09:00,3000.0,3015.0,2880.0,2995.0,138275,0.0,0.0
2024-01-18 00:00:00+09:00,2965.0,3095.0,2945.0,3005.0,153088,0.0,0.0
2024-01-19 00:00:00+09:00,3040.0,3835.0,3025.0,3715.0,19587722,0.0,0.0
2024-01-22 00:00:00+09:00,3715.0,3780.0,3515.0,3680.0,4120304,0.0,0.0
2024-01-23 00:00:00+09:00,3990.0,4000.0,3410.0,3420.0,5441652,0.0,0.0
2024-01-24 00:00:00+09:00,3355.0,3365.0,3260.0,3265.0,831145,0.0,0.0
2024-01-25 00:00:00+09:00,3230.0,3235.0,3100.0,3220.0,888745,0.0,0.0
2024-01-26 00:00:00+09:00,3170.0,3455.0,3160.0,3315.0,2240742,0.0,0.0
2024-01-29 00:00:00+09:00,3280.0,3320.0,3165.0,3225.0,524127,0.0,0.0
2024-01-30 00:00:00+09:00,3225.0,3350.0,3205.0,3300.0,921071,0.0,0.0
2024-01-31 00:00:00+09:00,3260.0,3290.0,3170.0,3280.0,516823,0.0,0.0
2024-02-01 00:00:00+09:00,3260.0,3340.0,3185.0,3225.0,788669,0.0,0.0
2024-02-02 00:00:00+09:00,3200.0,3285.0,3200.0,3235.0,313277,0.0,0.0
2024-02-05 00:00:00+09:00,3225.0,3225.0,3050.0,3090.0,439999,0.0,0.0
2024-02-06 00:00:00+09:00,3050.0,3110.0,3030.0,3040.0,193717,0.0,0.0
2024-02-07 00:00:00+09:00,3030.0,3065.0,2975.0,3065.0,309822,0.0,0.0
2024-02-08 00:00:00+09:00,3000.0,3115.0,3000.0,3115.0,179486,0.0,0.0
2024-02-13 00:00:00+09:00,3115.0,3155.0,3090.0,3130.0,159159,0.0,0.0
2024-02-14 00:00:00+09:00,3100.0,3190.0,3065.0,3175.0,162827,0.0,0.0
2024-02-15 00:00:00+09:00,3175.0,3245.0,3150.0,3195.0,194737,0.0,0.0
2024-02-16 00:00:00+09:00,3250.0,3330.0,3180.0,3210.0,377863,0.0,0.0
2024-02-19 00:00:00+09:00,3200.0,3315.0,3180.0,3300.0,287754,0.0,0.0
2024-02-20 00:00:00+09:00,3290.0,3320.0,3190.0,3275.0,236839,0.0,0.0
2024-02-21 00:00:00+09:00,3240.0,3290.0,3205.0,3245.0,176967,0.0,0.0
2024-02-22 00:00:00+09:00,3230.0,3265.0,3200.0,3205.0,132347,0.0,0.0
2024-02-23 00:00:00+09:00,3195.0,3330.0,3155.0,3295.0,472980,0.0,0.0
2024-02-26 00:00:00+09:00,3350.0,3460.0,3210.0,3355.0,1398219,0.0,0.0
2024-02-27 00:00:00+09:00,3290.0,3310.0,3160.0,3245.0,544832,0.0,0.0
2024-02-28 00:00:00+09:00,3225.0,3275.0,3195.0,3195.0,209438,0.0,0.0
2024-02-29 00:00:00+09:00,3200.0,3200.0,3110.0,3160.0,111777,0.0,0.0
2024-03-04 00:00:00+09:00,3140.0,3345.0,3135.0,3305.0,533169,0.0,0.0
2024-03-05 00:00:00+09:00,3310.0,3435.0,3210.0,3265.0,1443484,0.0,0.0
2024-03-06 00:00:00+09:00,3215.0,3290.0,3160.0,3170.0,207072,0.0,0.0
2024-03-07 00:00:00+09:00,3180.0,3240.0,3140.0,3180.0,191611,0.0,0.0
2024-03-08 00:00:00+09:00,3180.0,3275.0,3180.0,3250.0,177630,0.0,0.0
2024-03-11 00:00:00+09:00,3260.0,3275.0,3160.0,3240.0,158720,0.0,0.0
2024-03-12 00:00:00+09:00,3240.0,3300.0,3210.0,3265.0,171986,0.0,0.0
2024-03-13 00:00:00+09:00,3260.0,3290.0,3190.0,3215.0,176282,0.0,0.0
2024-03-14 00:00:00+09:00,3230.0,3230.0,3120.0,3175.0,183693,0.0,0.0
2024-03-15 00:00:00+09:00,3165.0,3295.0,3140.0,3230.0,249044,0.0,0.0
2024-03-18 00:00:00+09:00,3230.0,3245.0,3190.0,3205.0,83713,0.0,0.0
2024-03-19 00:00:00+09:00,3235.0,3235.0,3130.0,3130.0,124323,0.0,0.0
2024-03-20 00:00:00+09:00,3125.0,3150.0,3000.0,3070.0,255064,0.0,0.0
2024-03-21 00:00:00+09:00,3075.0,3090.0,3000.0,3020.0,139260,0.0,0.0
2024-03-22 00:00:00+09:00,3015.0,3095.0,2950.0,3005.0,138811,0.0,0.0
2024-03-25 00:00:00+09:00,3005.0,3085.0,2995.0,3085.0,98946,0.0,0.0
2024-03-26 00:00:00+09:00,3055.0,3090.0,3020.0,3060.0,133407,0.0,0.0
2024-03-27 00:00:00+09:00,3065.0,3075.0,3000.0,3020.0,115339,0.0,0.0
2024-03-28 00:00:00+09:00,3010.0,3030.0,2950.0,3000.0,154904,0.0,0.0
2024-03-29 00:00:00+09:00,3000.0,3085.0,2965.0,3005.0,209385,0.0,0.0
2024-04-01 00:00:00+09:00,3010.0,3040.0,3000.0,3015.0,35392,0.0,0.0
2024-04-02 00:00:00+09:00,3015.0,3040.0,2950.0,2950.0,106878,0.0,0.0
2024-04-03 00:00:00+09:00,2950.0,2960.0,2860.0,2945.0,122865,0.0,0.0
2024-04-04 00:00:00+09:00,2945.0,3000.0,2945.0,2950.0,50775,0.0,0.0
2024-04-05 00:00:00+09:00,2920.0,3150.0,2920.0,2950.0,329616,0.0,0.0
2024-04-08 00:00:00+09:00,2960.0,2980.0,2885.0,2885.0,73247,0.0,0.0
2024-04-09 00:00:00+09:00,2920.0,2970.0,2730.0,2840.0,100577,0.0,0.0
2024-04-11 00:00:00+09:00,2830.0,2840.0,2755.0,2775.0,113207,0.0,0.0
2024-04-12 00:00:00+09:00,2785.0,2855.0,2785.0,2830.0,41792,0.0,0.0
2024-04-15 00:00:00+09:00,2775.0,2800.0,2735.0,2740.0,56765,0.0,0.0
2024-04-16 00:00:00+09:00,2740.0,2790.0,2690.0,2695.0,87888,0.0,0.0
2024-04-17 00:00:00+09:00,2700.0,2775.0,2700.0,2700.0,39864,0.0,0.0
2024-04-18 00:00:00+09:00,2690.0,2795.0,2690.0,2785.0,33458,0.0,0.0
2024-04-19 00:00:00+09:00,2785.0,2800.0,2690.0,2740.0,72987,0.0,0.0
2024-04-22 00:00:00+09:00,2700.0,2760.0,2700.0,2750.0,57791,0.0,0.0
2024-04-23 00:00:00+09:00,2800.0,2830.0,2735.0,2735.0,69604,0.0,0.0
2024-04-24 00:00:00+09:00,2725.0,2840.0,2725.0,2835.0,70368,0.0,0.0
2024-04-25 00:00:00+09:00,2825.0,2825.0,2750.0,2750.0,49774,0.0,0.0
2024-04-26 00:00:00+09:00,2760.0,2820.0,2730.0,2765.0,40898,0.0,0.0
2024-04-29 00:00:00+09:00,2740.0,2805.0,2740.0,2760.0,41446,0.0,0.0
2024-04-30 00:00:00+09:00,2765.0,2880.0,2765.0,2800.0,87459,0.0,0.0
2024-05-02 00:00:00+09:00,2795.0,2875.0,2775.0,2855.0,68998,0.0,0.0
2024-05-03 00:00:00+09:00,2830.0,2885.0,2820.0,2885.0,36513,0.0,0.0
2024-05-07 00:00:00+09:00,2885.0,2895.0,2845.0,2850.0,25686,0.0,0.0
2024-05-08 00:00:00+09:00,2820.0,2960.0,2810.0,2950.0,141369,0.0,0.0
2024-05-09 00:00:00+09:00,2945.0,2945.0,2885.0,2900.0,84909,0.0,0.0
2024-05-10 00:00:00+09:00,2920.0,2965.0,2845.0,2930.0,103303,0.0,0.0
2024-05-13 00:00:00+09:00,2930.0,2955.0,2850.0,2925.0,104767,0.0,0.0
2024-05-14 00:00:00+09:00,2895.0,2945.0,2875.0,2875.0,59359,0.0,0.0
2024-05-16 00:00:00+09:00,2895.0,2895.0,2825.0,2825.0,63957,0.0,0.0
2024-05-17 00:00:00+09:00,2825.0,2855.0,2760.0,2760.0,93600,0.0,0.0
2024-05-20 00:00:00+09:00,2775.0,2775.0,2690.0,2705.0,102942,0.0,0.0
2024-05-21 00:00:00+09:00,2700.0,2730.0,2670.0,2730.0,74903,0.0,0.0
2024-05-22 00:00:00+09:00,2730.0,2745.0,2690.0,2690.0,88862,0.0,0.0
2024-05-23 00:00:00+09:00,2690.0,2700.0,2670.0,2680.0,52679,0.0,0.0
2024-05-24 00:00:00+09:00,2675.0,2745.0,2670.0,2740.0,43008,0.0,0.0
2024-05-27 00:00:00+09:00,2740.0,2760.0,2680.0,2690.0,58036,0.0,0.0
2024-05-28 00:00:00+09:00,2685.0,2745.0,2675.0,2745.0,49048,0.0,0.0
2024-05-29 00:00:00+09:00,2745.0,2820.0,2725.0,2745.0,54829,0.0,0.0
2024-05-30 00:00:00+09:00,2780.0,2780.0,2675.0,2680.0,70716,0.0,0.0
2024-05-31 00:00:00+09:00,2680.0,2710.0,2670.0,2670.0,52042,0.0,0.0
2024-06-03 00:00:00+09:00,2670.0,2730.0,2670.0,2725.0,45028,0.0,0.0
2024-06-04 00:00:00+09:00,2725.0,2750.0,2675.0,2715.0,53153,0.0,0.0
2024-06-05 00:00:00+09:00,2700.0,2715.0,2670.0,2695.0,37176,0.0,0.0
2024-06-07 00:00:00+09:00,2720.0,2720.0,2650.0,2685.0,42237,0.0,0.0
2024-06-10 00:00:00+09:00,2685.0,2735.0,2655.0,2695.0,31443,0.0,0.0
2024-06-11 00:00:00+09:00,2690.0,2725.0,2675.0,2675.0,26041,0.0,0.0
2024-06-12 00:00:00+09:00,2665.0,2845.0,2665.0,2755.0,190197,0.0,0.0
2024-06-13 00:00:00+09:00,2830.0,2840.0,2710.0,2730.0,160011,0.0,0.0
2024-06-14 00:00:00+09:00,2725.0,2770.0,2685.0,2715.0,76319,0.0,0.0
2024-06-17 00:00:00+09:00,2690.0,2725.0,2670.0,2680.0,42309,0.0,0.0
2024-06-18 00:00:00+09:00,2670.0,2700.0,2610.0,2650.0,78133,0.0,0.0
2024-06-19 00:00:00+09:00,2625.0,2645.0,2520.0,2535.0,135395,0.0,0.0
2024-06-20 00:00:00+09:00,2530.0,2575.0,2490.0,2535.0,71890,0.0,0.0
2024-06-21 00:00:00+09:00,2535.0,2535.0,2430.0,2450.0,97961,0.0,0.0
2024-06-24 00:00:00+09:00,2425.0,2430.0,2255.0,2260.0,255155,0.0,0.0
2024-06-25 00:00:00+09:00,2260.0,2285.0,2205.0,2235.0,68230,0.0,0.0
2024-06-26 00:00:00+09:00,2250.0,2265.0,2155.0,2220.0,64882,0.0,0.0
2024-06-27 00:00:00+09:00,2220.0,2235.0,2170.0,2190.0,36557,0.0,0.0
2024-06-28 00:00:00+09:00,2185.0,2185.0,2115.0,2165.0,77981,0.0,0.0
2024-07-01 00:00:00+09:00,2145.0,2215.0,2140.0,2190.0,44856,0.0,0.0
2024-07-02 00:00:00+09:00,2165.0,2200.0,2100.0,2100.0,73194,0.0,0.0
2024-07-03 00:00:00+09:00,2100.0,2135.0,2040.0,2075.0,82644,0.0,0.0
2024-07-04 00:00:00+09:00,2045.0,2525.0,2035.0,2220.0,1634814,0.0,0.0
2024-07-05 00:00:00+09:00,2230.0,2430.0,2200.0,2335.0,353847,0.0,0.0
2024-07-08 00:00:00+09:00,2335.0,2355.0,2285.0,2315.0,62165,0.0,0.0
2024-07-09 00:00:00+09:00,2290.0,2370.0,2270.0,2370.0,67065,0.0,0.0
2024-07-10 00:00:00+09:00,2315.0,2475.0,2305.0,2415.0,223835,0.0,0.0
2024-07-11 00:00:00+09:00,2405.0,2405.0,2320.0,2320.0,60162,0.0,0.0
2024-07-12 00:00:00+09:00,2300.0,2350.0,2270.0,2270.0,54751,0.0,0.0
2024-07-15 00:00:00+09:00,2280.0,2355.0,2240.0,2340.0,121239,0.0,0.0
2024-07-16 00:00:00+09:00,2340.0,2350.0,2260.0,2300.0,50313,0.0,0.0
2024-07-17 00:00:00+09:00,2280.0,2295.0,2220.0,2220.0,34369,0.0,0.0
2024-07-18 00:00:00+09:00,2200.0,2250.0,2160.0,2180.0,45873,0.0,0.0
2024-07-19 00:00:00+09:00,2165.0,2250.0,2155.0,2240.0,35054,0.0,0.0
2024-07-22 00:00:00+09:00,2220.0,2260.0,2170.0,2210.0,45695,0.0,0.0
2024-07-23 00:00:00+09:00,2235.0,2320.0,2205.0,2280.0,56573,0.0,0.0
2024-07-24 00:00:00+09:00,2275.0,2455.0,2260.0,2455.0,220034,0.0,0.0
2024-07-25 00:00:00+09:00,2440.0,2915.0,2315.0,2355.0,6902213,0.0,0.0
2024-07-26 00:00:00+09:00,2390.0,2625.0,2380.0,2495.0,2103234,0.0,0.0
2024-07-29 00:00:00+09:00,2510.0,2515.0,2415.0,2470.0,271217,0.0,0.0
2024-07-30 00:00:00+09:00,2480.0,2485.0,2345.0,2350.0,293171,0.0,0.0
2024-07-31 00:00:00+09:00,2315.0,2375.0,2280.0,2305.0,136539,0.0,0.0
2024-08-01 00:00:00+09:00,2290.0,2405.0,2285.0,2345.0,86577,0.0,0.0
2024-08-02 00:00:00+09:00,2300.0,2330.0,2155.0,2155.0,191217,0.0,0.0
2024-08-05 00:00:00+09:00,2070.0,2135.0,1735.0,1810.0,475830,0.0,0.0
2024-08-06 00:00:00+09:00,1810.0,1941.0,1810.0,1915.0,118569,0.0,0.0
2024-08-07 00:00:00+09:00,1895.0,2025.0,1895.0,2000.0,52885,0.0,0.0
2024-08-08 00:00:00+09:00,1985.0,1995.0,1922.0,1966.0,31981,0.0,0.0
2024-08-09 00:00:00+09:00,1999.0,2075.0,1997.0,2070.0,49566,0.0,0.0
2024-08-12 00:00:00+09:00,2075.0,2120.0,2065.0,2095.0,34201,0.0,0.0
2024-08-13 00:00:00+09:00,2095.0,2100.0,2025.0,2070.0,17385,0.0,0.0
2024-08-14 00:00:00+09:00,2065.0,2130.0,2040.0,2040.0,42558,0.0,0.0
2024-08-16 00:00:00+09:00,2045.0,2080.0,2045.0,2045.0,20845,0.0,0.0
2024-08-19 00:00:00+09:00,2055.0,2120.0,2040.0,2060.0,32031,0.0,0.0
2024-08-20 00:00:00+09:00,2060.0,2130.0,2060.0,2100.0,23649,0.0,0.0
2024-08-21 00:00:00+09:00,2100.0,2125.0,2065.0,2090.0,19891,0.0,0.0
2024-08-22 00:00:00+09:00,2085.0,2095.0,2030.0,2035.0,39092,0.0,0.0
2024-08-23 00:00:00+09:00,2005.0,2025.0,1972.0,2010.0,61249,0.0,0.0
2024-08-26 00:00:00+09:00,2010.0,2030.0,1989.0,1990.0,10700,0.0,0.0
2024-08-27 00:00:00+09:00,1980.0,1983.0,1952.0,1969.0,21764,0.0,0.0
2024-08-28 00:00:00+09:00,1947.0,1983.0,1932.0,1945.0,20511,0.0,0.0
2024-08-29 00:00:00+09:00,1937.0,1947.0,1913.0,1917.0,23971,0.0,0.0
2024-08-30 00:00:00+09:00,1917.0,1951.0,1900.0,1903.0,18402,0.0,0.0
2024-09-02 00:00:00+09:00,1922.0,1922.0,1887.0,1898.0,16734,0.0,0.0
2024-09-03 00:00:00+09:00,1900.0,1913.0,1891.0,1909.0,19041,0.0,0.0
2024-09-04 00:00:00+09:00,1850.0,1896.0,1847.0,1850.0,60044,0.0,0.0
2024-09-05 00:00:00+09:00,1852.0,1896.0,1819.0,1838.0,41701,0.0,0.0
2024-09-06 00:00:00+09:00,1800.0,1840.0,1705.0,1734.0,90747,0.0,0.0
2024-09-09 00:00:00+09:00,1669.0,1778.0,1669.0,1774.0,52426,0.0,0.0
2024-09-10 00:00:00+09:00,1790.0,1798.0,1754.0,1795.0,25970,0.0,0.0
2024-09-11 00:00:00+09:00,1787.0,1812.0,1751.0,1751.0,15005,0.0,0.0
2024-09-12 00:00:00+09:00,1740.0,1840.0,1740.0,1813.0,19938,0.0,0.0
2024-09-13 00:00:00+09:00,1835.0,1893.0,1814.0,1874.0,37730,0.0,0.0
2024-09-19 00:00:00+09:00,1874.0,2100.0,1837.0,1950.0,157937,0.0,0.0
2024-09-20 00:00:00+09:00,1945.0,1983.0,1933.0,1935.0,30172,0.0,0.0
2024-09-23 00:00:00+09:00,1935.0,1977.0,1877.0,1940.0,13888,0.0,0.0
2024-09-24 00:00:00+09:00,1920.0,1959.0,1915.0,1942.0,27766,0.0,0.0
2024-09-25 00:00:00+09:00,1930.0,1981.0,1929.0,1929.0,42209,0.0,0.0
2024-09-26 00:00:00+09:00,2030.0,2040.0,1950.0,1979.0,50760,0.0,0.0
2024-09-27 00:00:00+09:00,1956.0,1978.0,1948.0,1952.0,20123,0.0,0.0
2024-09-30 00:00:00+09:00,1952.0,1997.0,1920.0,1920.0,14621,0.0,0.0
2024-10-02 00:00:00+09:00,1890.0,1921.0,1850.0,1889.0,15593,0.0,0.0
2024-10-04 00:00:00+09:00,1886.0,1900.0,1870.0,1898.0,10842,0.0,0.0
2024-10-07 00:00:00+09:00,1896.0,1897.0,1850.0,1855.0,34901,0.0,0.0
2024-10-08 00:00:00+09:00,1854.0,1867.0,1839.0,1850.0,15012,0.0,0.0
2024-10-10 00:00:00+09:00,1841.0,1850.0,1831.0,1833.0,8111,0.0,0.0
2024-10-11 00:00:00+09:00,1834.0,1873.0,1812.0,1817.0,19537,0.0,0.0
2024-10-14 00:00:00+09:00,1817.0,1834.0,1800.0,1810.0,11942,0.0,0.0
2024-10-15 00:00:00+09:00,1814.0,1830.0,1802.0,1809.0,15813,0.0,0.0
2024-10-16 00:00:00+09:00,1809.0,1809.0,1694.0,1748.0,54431,0.0,0.0
2024-10-17 00:00:00+09:00,1733.0,1806.0,1723.0,1735.0,67134,0.0,0.0
2024-10-18 00:00:00+09:00,1736.0,1779.0,1702.0,1729.0,34050,0.0,0.0
2024-10-21 00:00:00+09:00,1707.0,1775.0,1701.0,1737.0,38714,0.0,0.0
2024-10-22 00:00:00+09:00,1755.0,1930.0,1708.0,1745.0,346917,0.0,0.0
2024-10-23 00:00:00+09:00,1740.0,2265.0,1730.0,2265.0,6708387,0.0,0.0
2024-10-24 00:00:00+09:00,2490.0,2730.0,2290.0,2430.0,18339627,0.0,0.0
2024-10-25 00:00:00+09:00,2495.0,2675.0,2325.0,2460.0,5436253,0.0,0.0
2024-10-28 00:00:00+09:00,2430.0,2565.0,2305.0,2485.0,6546298,0.0,0.0
2024-10-29 00:00:00+09:00,2275.0,2365.0,2190.0,2245.0,1904826,0.0,0.0
2024-10-30 00:00:00+09:00,2210.0,2230.0,2025.0,2070.0,1046549,0.0,0.0
2024-10-31 00:00:00+09:00,2040.0,2135.0,2005.0,2135.0,869585,0.0,0.0
2024-11-01 00:00:00+09:00,2070.0,2105.0,1990.0,2010.0,464478,0.0,0.0
2024-11-04 00:00:00+09:00,1987.0,2030.0,1912.0,1936.0,367453,0.0,0.0
2024-11-05 00:00:00+09:00,1936.0,1948.0,1891.0,1891.0,256136,0.0,0.0
2024-11-06 00:00:00+09:00,1880.0,1909.0,1804.0,1804.0,347287,0.0,0.0
2024-11-07 00:00:00+09:00,1799.0,1813.0,1760.0,1782.0,231874,0.0,0.0
2024-11-08 00:00:00+09:00,1782.0,1799.0,1730.0,1760.0,255312,0.0,0.0
2024-11-11 00:00:00+09:00,1756.0,1758.0,1670.0,1687.0,365020,0.0,0.0
2024-11-12 00:00:00+09:00,1695.0,1700.0,1591.0,1602.0,285204,0.0,0.0
2024-11-13 00:00:00+09:00,1572.0,1618.0,1550.0,1550.0,176948,0.0,0.0
2024-11-14 00:00:00+09:00,1552.0,1579.0,1510.0,1520.0,151603,0.0,0.0
2024-11-15 00:00:00+09:00,1537.0,1552.0,1500.0,1552.0,110995,0.0,0.0
2024-11-18 00:00:00+09:00,1540.0,1595.0,1540.0,1595.0,100881,0.0,0.0
2024-11-19 00:00:00+09:00,1602.0,1631.0,1593.0,1618.0,114708,0.0,0.0
2024-11-20 00:00:00+09:00,1615.0,1669.0,1615.0,1666.0,120372,0.0,0.0
2024-11-21 00:00:00+09:00,1650.0,1679.0,1616.0,1674.0,150873,0.0,0.0
2024-11-22 00:00:00+09:00,1674.0,1699.0,1648.0,1675.0,213020,0.0,0.0
2024-11-25 00:00:00+09:00,1675.0,1675.0,1572.0,1575.0,447836,0.0,0.0
2024-11-26 00:00:00+09:00,1627.0,1642.0,1560.0,1610.0,84653,0.0,0.0
2024-11-27 00:00:00+09:00,1615.0,1656.0,1596.0,1637.0,93917,0.0,0.0
2024-11-28 00:00:00+09:00,1620.0,1659.0,1620.0,1637.0,45406,0.0,0.0
2024-11-29 00:00:00+09:00,1647.0,1647.0,1593.0,1605.0,46098,0.0,0.0
2024-12-02 00:00:00+09:00,1604.0,1614.0,1560.0,1580.0,55534,0.0,0.0
2024-12-03 00:00:00+09:00,1555.0,1633.0,1555.0,1618.0,62250,0.0,0.0
2024-12-04 00:00:00+09:00,1529.0,1615.0,1529.0,1590.0,77811,0.0,0.0
2024-12-05 00:00:00+09:00,1589.0,1600.0,1541.0,1541.0,54253,0.0,0.0
2024-12-06 00:00:00+09:00,1525.0,1550.0,1445.0,1481.0,122773,0.0,0.0
2024-12-09 00:00:00+09:00,1420.0,1480.0,1395.0,1423.0,128045,0.0,0.0
2024-12-10 00:00:00+09:00,1395.0,1528.0,1395.0,1521.0,83739,0.0,0.0
2024-12-11 00:00:00+09:00,1521.0,1658.0,1515.0,1658.0,186971,0.0,0.0
2024-12-12 00:00:00+09:00,1660.0,1660.0,1605.0,1616.0,62502,0.0,0.0
2024-12-13 00:00:00+09:00,1603.0,1739.0,1603.0,1739.0,182094,0.0,0.0
2024-12-16 00:00:00+09:00,1742.0,1745.0,1704.0,1712.0,93380,0.0,0.0
2024-12-17 00:00:00+09:00,1719.0,1740.0,1660.0,1738.0,66024,0.0,0.0
2024-12-18 00:00:00+09:00,1738.0,1755.0,1693.0,1745.0,28660,0.0,0.0
2024-12-19 00:00:00+09:00,1695.0,1745.0,1695.0,1703.0,36792,0.0,0.0
2024-12-20 00:00:00+09:00,1695.0,1740.0,1666.0,1707.0,38899,0.0,0.0
2024-12-23 00:00:00+09:00,1707.0,1708.0,1631.0,1675.0,30846,0.0,0.0
2024-12-24 00:00:00+09:00,1658.0,1685.0,1653.0,1674.0,51608,0.0,0.0
2024-12-26 00:00:00+09:00,1661.0,1729.0,1661.0,1702.0,86884,0.0,0.0
2024-12-27 00:00:00+09:00,1680.0,1695.0,1623.0,1623.0,56639,0.0,0.0
2024-12-30 00:00:00+09:00,1626.0,1689.0,1602.0,1682.0,61702,0.0,0.0
2025-01-02 00:00:00+09:00,1661.0,1818.0,1661.0,1818.0,151399,0.0,0.0
2025-01-03 00:00:00+09:00,1813.0,1813.0,1759.0,1759.0,47682,0.0,0.0
2025-01-06 00:00:00+09:00,1746.0,1777.0,1732.0,1740.0,40440,0.0,0.0
2025-01-07 00:00:00+09:00,1774.0,1774.0,1740.0,1741.0,22568,0.0,0.0
2025-01-08 00:00:00+09:00,1779.0,1779.0,1731.0,1757.0,138566,0.0,0.0
2025-01-09 00:00:00+09:00,1746.0,1770.0,1732.0,1743.0,93051,0.0,0.0
2025-01-10 00:00:00+09:00,1743.0,1765.0,1736.0,1764.0,61294,0.0,0.0
2025-01-13 00:00:00+09:00,1753.0,1753.0,1697.0,1713.0,68650,0.0,0.0
2025-01-14 00:00:00+09:00,1700.0,1748.0,1700.0,1744.0,60450,0.0,0.0
2025-01-15 00:00:00+09:00,1726.0,1753.0,1690.0,1706.0,66917,0.0,0.0
2025-01-16 00:00:00+09:00,1706.0,2000.0,1706.0,1774.0,1451454,0.0,0.0
2025-01-17 00:00:00+09:00,1757.0,1796.0,1742.0,1763.0,154030,0.0,0.0
2025-01-20 00:00:00+09:00,1755.0,1775.0,1700.0,1723.0,135875,0.0,0.0
2025-01-21 00:00:00+09:00,1723.0,1732.0,1676.0,1677.0,102836,0.0,0.0
2025-01-22 00:00:00+09:00,1677.0,1694.0,1660.0,1673.0,102930,0.0,0.0
2025-01-23 00:00:00+09:00,1689.0,1692.0,1648.0,1662.0,110054,0.0,0.0
2025-01-24 00:00:00+09:00,1662.0,1716.0,1653.0,1685.0,155816,0.0,0.0
2025-01-31 00:00:00+09:00,1665.0,1679.0,1617.0,1675.0,141141,0.0,0.0
2025-02-03 00:00:00+09:00,1661.0,1774.0,1625.0,1765.0,317838,0.0,0.0
2025-02-04 00:00:00+09:00,1766.0,1894.0,1714.0,1790.0,559803,0.0,0.0
2025-02-05 00:00:00+09:00,1785.0,1830.0,1782.0,1811.0,137198,0.0,0.0
2025-02-06 00:00:00+09:00,1815.0,1860.0,1769.0,1805.0,262446,0.0,0.0
2025-02-07 00:00:00+09:00,1777.0,1825.0,1760.0,1789.0,144911,0.0,0.0
2025-02-10 00:00:00+09:00,1800.0,1950.0,1759.0,1780.0,1022193,0.0,0.0
2025-02-11 00:00:00+09:00,1769.0,1796.0,1753.0,1770.0,224422,0.0,0.0
2025-02-12 00:00:00+09:00,1768.0,1768.0,1735.0,1767.0,127151,0.0,0.0
2025-02-13 00:00:00+09:00,1797.0,1797.0,1735.0,1752.0,123848,0.0,0.0
2025-02-14 00:00:00+09:00,1752.0,1792.0,1752.0,1792.0,157984,0.0,0.0
2025-02-17 00:00:00+09:00,1785.0,1848.0,1785.0,1821.0,190304,0.0,0.0
2025-02-18 00:00:00+09:00,1790.0,1830.0,1790.0,1802.0,109596,0.0,0.0
2025-02-19 00:00:00+09:00,1760.0,1794.0,1750.0,1774.0,101129,0.0,0.0
2025-02-20 00:00:00+09:00,1780.0,1938.0,1780.0,1812.0,611305,0.0,0.0
2025-02-21 00:00:00+09:00,1818.0,1823.0,1777.0,1790.0,119974,0.0,0.0
2025-02-24 00:00:00+09:00,1772.0,1800.0,1751.0,1758.0,128992,0.0,0.0
2025-02-25 00:00:00+09:00,1749.0,1849.0,1749.0,1770.0,199192,0.0,0.0
2025-02-26 00:00:00+09:00,1765.0,1779.0,1742.0,1766.0,105441,0.0,0.0
2025-02-27 00:00:00+09:00,1768.0,1796.0,1735.0,1755.0,86649,0.0,0.0
2025-02-28 00:00:00+09:00,1715.0,1753.0,1708.0,1728.0,99092,0.0,0.0
2025-03-04 00:00:00+09:00,1710.0,1723.0,1576.0,1668.0,112537,0.0,0.0
2025-03-05 00:00:00+09:00,1668.0,1699.0,1659.0,1694.0,87165,0.0,0.0
2025-03-06 00:00:00+09:00,1694.0,1780.0,1673.0,1723.0,129930,0.0,0.0
2025-03-07 00:00:00+09:00,1723.0,1723.0,1663.0,1664.0,78825,0.0,0.0
2025-03-10 00:00:00+09:00,1668.0,1779.0,1651.0,1731.0,247708,0.0,0.0
2025-03-11 00:00:00+09:00,1700.0,1923.0,1681.0,1899.0,1248552,0.0,0.0
2025-03-12 00:00:00+09:00,1925.0,2095.0,1850.0,1979.0,2297167,0.0,0.0
2025-03-13 00:00:00+09:00,1979.0,1995.0,1853.0,1950.0,344782,0.0,0.0
2025-03-14 00:00:00+09:00,1922.0,1927.0,1795.0,1796.0,691618,0.0,0.0
2025-03-17 00:00:00+09:00,1799.0,1875.0,1769.0,1799.0,294537,0.0,0.0
2025-03-18 00:00:00+09:00,1799.0,1817.0,1781.0,1799.0,156568,0.0,0.0
2025-03-19 00:00:00+09:00,1810.0,1814.0,1762.0,1762.0,153995,0.0,0.0
2025-03-20 00:00:00+09:00,1782.0,1785.0,1702.0,1713.0,379140,0.0,0.0
2025-03-21 00:00:00+09:00,1713.0,1747.0,1693.0,1710.0,252646,0.0,0.0
2025-03-24 00:00:00+09:00,1729.0,1729.0,1694.0,1704.0,123433,0.0,0.0
2025-03-25 00:00:00+09:00,1705.0,1722.0,1679.0,1695.0,114379,0.0,0.0
2025-03-26 00:00:00+09:00,1682.0,1728.0,1671.0,1698.0,142975,0.0,0.0
2025-03-27 00:00:00+09:00,1687.0,1702.0,1665.0,1670.0,139022,0.0,0.0
2025-03-28 00:00:00+09:00,1660.0,1671.0,1608.0,1629.0,146533,0.0,0.0
2025-03-31 00:00:00+09:00,1628.0,1628.0,1499.0,1519.0,188732,0.0,0.0
2025-04-01 00:00:00+09:00,1530.0,1596.0,1530.0,1570.0,140095,0.0,0.0
2025-04-02 00:00:00+09:00,1570.0,1570.0,1518.0,1542.0,81058,0.0,0.0
2025-04-03 00:00:00+09:00,1529.0,1539.0,1483.0,1483.0,108957,0.0,0.0
2025-04-04 00:00:00+09:00,1478.0,1529.0,1466.0,1520.0,66849,0.0,0.0
2025-04-07 00:00:00+09:00,1461.0,1475.0,1432.0,1475.0,107151,0.0,0.0
2025-04-08 00:00:00+09:00,1464.0,1510.0,1461.0,1476.0,97511,0.0,0.0
2025-04-09 00:00:00+09:00,1464.0,1464.0,1380.0,1385.0,200486,0.0,0.0
2025-04-10 00:00:00+09:00,1415.0,1499.0,1415.0,1499.0,138630,0.0,0.0
2025-04-11 00:00:00+09:00,1490.0,1506.0,1421.0,1506.0,78999,0.0,0.0
2025-04-14 00:00:00+09:00,1506.0,1568.0,1494.0,1540.0,154702,0.0,0.0
2025-04-15 00:00:00+09:00,1530.0,1790.0,1525.0,1572.0,311054,0.0,0.0
2025-04-16 00:00:00+09:00,1557.0,1580.0,1542.0,1563.0,70262,0.0,0.0
2025-04-17 00:00:00+09:00,1550.0,1600.0,1550.0,1599.0,72127,0.0,0.0
2025-04-18 00:00:00+09:00,1599.0,1628.0,1574.0,1613.0,60248,0.0,0.0
2025-04-21 00:00:00+09:00,1612.0,1670.0,1599.0,1638.0,147848,0.0,0.0
2025-04-22 00:00:00+09:00,1609.0,1645.0,1600.0,1601.0,108580,0.0,0.0
2025-04-23 00:00:00+09:00,1606.0,1665.0,1595.0,1596.0,113597,0.0,0.0
2025-04-24 00:00:00+09:00,1597.0,1607.0,1568.0,1590.0,66561,0.0,0.0
2025-04-25 00:00:00+09:00,1590.0,1650.0,1580.0,1648.0,56206,0.0,0.0
2025-04-28 00:00:00+09:00,1649.0,1660.0,1595.0,1612.0,109490,0.0,0.0
2025-04-29 00:00:00+09:00,1612.0,1699.0,1601.0,1635.0,110596,0.0,0.0
2025-04-30 00:00:00+09:00,1623.0,1659.0,1605.0,1620.0,70505,0.0,0.0
2025-05-02 00:00:00+09:00,1640.0,1799.0,1637.0,1674.0,561020,0.0,0.0
2025-05-07 00:00:00+09:00,1661.0,1750.0,1611.0,1700.0,132897,0.0,0.0
2025-05-08 00:00:00+09:00,1683.0,1716.0,1630.0,1668.0,68272,0.0,0.0
2025-05-09 00:00:00+09:00,1668.0,1687.0,1651.0,1659.0,56318,0.0,0.0
2025-05-12 00:00:00+09:00,1659.0,1710.0,1659.0,1700.0,56312,0.0,0.0
2025-05-13 00:00:00+09:00,1685.0,1710.0,1666.0,1704.0,76404,0.0,0.0
2025-05-14 00:00:00+09:00,1695.0,1695.0,1651.0,1680.0,128882,0.0,0.0
2025-05-15 00:00:00+09:00,1663.0,1709.0,1660.0,1709.0,104080,0.0,0.0
2025-05-16 00:00:00+09:00,1700.0,1760.0,1684.0,1700.0,195674,0.0,0.0
2025-05-19 00:00:00+09:00,1710.0,1748.0,1680.0,1710.0,138241,0.0,0.0
2025-05-20 00:00:00+09:00,1710.0,1790.0,1710.0,1787.0,177753,0.0,0.0
2025-05-21 00:00:00+09:00,1800.0,1915.0,1800.0,1885.0,496226,0.0,0.0
2025-05-22 00:00:00+09:00,2450.0,2450.0,1989.0,2010.0,8592180,0.0,0.0
2025-05-23 00:00:00+09:00,2020.0,2020.0,1940.0,1940.0,846244,0.0,0.0
2025-05-26 00:00:00+09:00,1969.0,1979.0,1921.0,1952.0,313857,0.0,0.0
2025-05-27 00:00:00+09:00,1966.0,1968.0,1901.0,1916.0,267363,0.0,0.0
2025-05-28 00:00:00+09:00,1916.0,1955.0,1899.0,1950.0,194334,0.0,0.0
2025-05-29 00:00:00+09:00,1942.0,1950.0,1905.0,1908.0,218496,0.0,0.0
2025-05-30 00:00:00+09:00,1902.0,1960.0,1885.0,1893.0,292323,0.0,0.0
2025-06-02 00:00:00+09:00,1917.0,1929.0,1888.0,1889.0,408334,0.0,0.0
2025-06-04 00:00:00+09:00,1890.0,1903.0,1855.0,1861.0,495615,0.0,0.0
2025-06-05 00:00:00+09:00,1879.0,1979.0,1862.0,1941.0,661230,0.0,0.0
2025-06-09 00:00:00+09:00,1942.0,1963.0,1893.0,1925.0,232054,0.0,0.0
2025-06-10 00:00:00+09:00,1906.0,1929.0,1881.0,1907.0,114213,0.0,0.0
2025-06-11 00:00:00+09:00,1888.0,1905.0,1866.0,1885.0,134453,0.0,0.0
2025-06-12 00:00:00+09:00,1835.0,1835.0,1736.0,1752.0,761961,0.0,0.0
2025-06-13 00:00:00+09:00,1752.0,1818.0,1710.0,1810.0,557581,0.0,0.0
2025-06-16 00:00:00+09:00,1800.0,1810.0,1748.0,1760.0,179127,0.0,0.0
2025-06-17 00:00:00+09:00,1760.0,1773.0,1714.0,1739.0,187968,0.0,0.0
2025-06-18 00:00:00+09:00,1737.0,1739.0,1707.0,1737.0,84782,0.0,0.0
2025-06-19 00:00:00+09:00,1744.0,1748.0,1717.0,1730.0,131660,0.0,0.0
2025-06-20 00:00:00+09:00,1730.0,1764.0,1719.0,1737.0,112849,0.0,0.0
2025-06-23 00:00:00+09:00,1737.0,1737.0,1699.0,1726.0,133722,0.0,0.0
2025-06-24 00:00:00+09:00,1737.0,1758.0,1700.0,1732.0,118041,0.0,0.0
2025-06-25 00:00:00+09:00,1742.0,1770.0,1735.0,1751.0,80469,0.0,0.0
2025-06-26 00:00:00+09:00,1746.0,1757.0,1710.0,1714.0,98841,0.0,0.0
2025-06-27 00:00:00+09:00,1715.0,1743.0,1691.0,1691.0,101496,0.0,0.0
2025-06-30 00:00:00+09:00,1700.0,1928.0,1700.0,1845.0,1441257,0.0,0.0
2025-07-01 00:00:00+09:00,1835.0,1957.0,1800.0,1943.0,1021576,0.0,0.0
2025-07-02 00:00:00+09:00,1943.0,1988.0,1882.0,1955.0,261708,0.0,0.0
2025-07-03 00:00:00+09:00,1939.0,1957.0,1883.0,1884.0,110399,0.0,0.0
2025-07-04 00:00:00+09:00,1861.0,1976.0,1851.0,1971.0,220205,0.0,0.0
2025-07-07 00:00:00+09:00,1989.0,1989.0,1890.0,1894.0,186847,0.0,0.0
2025-07-08 00:00:00+09:00,1900.0,1950.0,1890.0,1907.0,99815,0.0,0.0
2025-07-09 00:00:00+09:00,1907.0,1952.0,1900.0,1940.0,105028,0.0,0.0
2025-07-10 00:00:00+09:00,1941.0,1943.0,1917.0,1938.0,168065,0.0,0.0
2025-07-11 00:00:00+09:00,1945.0,1945.0,1903.0,1936.0,90760,0.0,0.0
2025-07-14 00:00:00+09:00,1936.0,1965.0,1919.0,1943.0,111729,0.0,0.0
2025-07-15 00:00:00+09:00,1942.0,1942.0,1896.0,1900.0,151999,0.0,0.0
2025-07-16 00:00:00+09:00,1902.0,1935.0,1875.0,1927.0,113440,0.0,0.0
2025-07-17 00:00:00+09:00,1935.0,1935.0,1904.0,1930.0,49997,0.0,0.0
2025-07-18 00:00:00+09:00,1924.0,1947.0,1911.0,1932.0,34107,0.0,0.0
2025-07-21 00:00:00+09:00,1931.0,1977.0,1908.0,1940.0,101846,0.0,0.0
2025-07-22 00:00:00+09:00,1915.0,1990.0,1904.0,1904.0,198289,0.0,0.0
2025-07-23 00:00:00+09:00,2200.0,2265.0,1840.0,1871.0,11887,0.0,0.0
2025-07-24 00:00:00+09:00,1893.0,2375.0,1871.0,2020.0,7646590,0.0,0.0
2025-07-25 00:00:00+09:00,2050.0,2080.0,1928.0,1931.0,1102331,0.0,0.0
2025-07-28 00:00:00+09:00,1931.0,1979.0,1851.0,1870.0,434133,0.0,0.0
2025-07-29 00:00:00+09:00,1855.0,1920.0,1802.0,1913.0,401490,0.0,0.0
2025-07-30 00:00:00+09:00,1913.0,2165.0,1893.0,2140.0,1554038,0.0,0.0
2025-07-31 00:00:00+09:00,2155.0,2265.0,2075.0,2225.0,957204,0.0,0.0
2025-08-01 00:00:00+09:00,2155.0,2230.0,2115.0,2195.0,355334,0.0,0.0
2025-08-04 00:00:00+09:00,2175.0,2365.0,2110.0,2350.0,486014,0.0,0.0
2025-08-05 00:00:00+09:00,2350.0,2350.0,2130.0,2215.0,583804,0.0,0.0
2025-08-06 00:00:00+09:00,2175.0,2250.0,2150.0,2190.0,137228,0.0,0.0
2025-08-07 00:00:00+09:00,2155.0,2220.0,2145.0,2200.0,127355,0.0,0.0
2025-08-08 00:00:00+09:00,2235.0,2240.0,2135.0,2160.0,164154,0.0,0.0
2025-08-11 00:00:00+09:00,2160.0,2300.0,2130.0,2230.0,357483,0.0,0.0
2025-08-12 00:00:00+09:00,2205.0,2225.0,2130.0,2145.0,154160,0.0,0.0
2025-08-13 00:00:00+09:00,2145.0,2190.0,2090.0,2090.0,151488,0.0,0.0
2025-08-14 00:00:00+09:00,2090.0,2140.0,2040.0,2045.0,140132,0.0,0.0
2025-08-18 00:00:00+09:00,2070.0,2070.0,1944.0,2000.0,173321,0.0,0.0
2025-08-19 00:00:00+09:00,2000.0,2040.0,1971.0,2035.0,97688,0.0,0.0
2025-08-20 00:00:00+09:00,2035.0,2035.0,1961.0,2025.0,102872,0.0,0.0
2025-08-21 00:00:00+09:00,2025.0,2040.0,1900.0,2005.0,72299,0.0,0.0
2025-08-22 00:00:00+09:00,2005.0,2020.0,1906.0,1956.0,251052,0.0,0.0
2025-08-25 00:00:00+09:00,1960.0,2010.0,1943.0,1962.0,149874,0.0,0.0
2025-08-26 00:00:00+09:00,1945.0,1968.0,1932.0,1938.0,52591,0.0,0.0
2025-08-27 00:00:00+09:00,1938.0,1950.0,1920.0,1947.0,95530,0.0,0.0
2025-08-28 00:00:00+09:00,1947.0,2060.0,1922.0,2030.0,189100,0.0,0.0
2025-08-29 00:00:00+09:00,2200.0,2200.0,1756.0,1756.0,572093,0.0,0.0
2025-09-01 00:00:00+09:00,1789.0,1894.0,1767.0,1784.0,251406,0.0,0.0
2025-09-02 00:00:00+09:00,1784.0,1807.0,1720.0,1740.0,192580,0.0,0.0
2025-09-03 00:00:00+09:00,1745.0,1835.0,1710.0,1778.0,102137,0.0,0.0
2025-09-04 00:00:00+09:00,1778.0,1784.0,1732.0,1784.0,77796,0.0,0.0
2025-09-05 00:00:00+09:00,1800.0,1809.0,1753.0,1786.0,74235,0.0,0.0
2025-09-08 00:00:00+09:00,1818.0,1880.0,1791.0,1825.0,127375,0.0,0.0
2025-09-09 00:00:00+09:00,1791.0,1849.0,1775.0,1849.0,138154,0.0,0.0
2025-09-10 00:00:00+09:00,1849.0,1925.0,1831.0,1895.0,98166,0.0,0.0
2025-09-11 00:00:00+09:00,1883.0,1900.0,1856.0,1868.0,39756,0.0,0.0
2025-09-12 00:00:00+09:00,1853.0,1926.0,1797.0,1856.0,196150,0.0,0.0
2025-09-15 00:00:00+09:00,1857.0,1884.0,1832.0,1833.0,69449,0.0,0.0
2025-09-16 00:00:00+09:00,1833.0,1920.0,1833.0,1885.0,95406,0.0,0.0
2025-09-17 00:00:00+09:00,1937.0,1937.0,1874.0,1924.0,43534,0.0,0.0
2025-09-18 00:00:00+09:00,1940.0,1940.0,1867.0,1880.0,73957,0.0,0.0
2025-09-22 00:00:00+09:00,1877.0,1877.0,1846.0,1851.0,44111,0.0,0.0
2025-09-23 00:00:00+09:00,1851.0,1883.0,1827.0,1883.0,56410,0.0,0.0
2025-09-24 00:00:00+09:00,1883.0,1900.0,1838.0,1870.0,41022,0.0,0.0
2025-09-25 00:00:00+09:00,1869.0,1869.0,1840.0,1858.0,47370,0.0,0.0
2025-09-26 00:00:00+09:00,1855.0,1894.0,1784.0,1820.0,138959,0.0,0.0
2025-09-29 00:00:00+09:00,1820.0,1837.0,1771.0,1810.0,111997,0.0,0.0
2025-09-30 00:00:00+09:00,1810.0,1820.0,1775.0,1796.0,54929,0.0,0.0
2025-10-01 00:00:00+09:00,1797.0,1815.0,1775.0,1793.0,43856,0.0,0.0
2025-10-02 00:00:00+09:00,1781.0,1804.0,1753.0,1769.0,94372,0.0,0.0
2025-10-10 00:00:00+09:00,1760.0,1760.0,1708.0,1729.0,51131,0.0,0.0
2025-10-13 00:00:00+09:00,1717.0,1749.0,1652.0,1669.0,139544,0.0,0.0
2025-10-14 00:00:00+09:00,1657.0,1750.0,1656.0,1695.0,67614,0.0,0.0
2025-10-15 00:00:00+09:00,1695.0,1742.0,1681.0,1739.0,48946,0.0,0.0
2025-10-16 00:00:00+09:00,1739.0,2050.0,1704.0,1776.0,2141571,0.0,0.0
2025-10-17 00:00:00+09:00,1814.0,1923.0,1715.0,1725.0,368691,0.0,0.0
2025-10-20 00:00:00+09:00,1725.0,1734.0,1701.0,1709.0,60704,0.0,0.0
2025-10-21 00:00:00+09:00,1700.0,1738.0,1699.0,1738.0,106876,0.0,0.0
2025-10-22 00:00:00+09:00,1760.0,1760.0,1681.0,1737.0,152894,0.0,0.0
2025-10-23 00:00:00+09:00,1705.0,1719.0,1623.0,1681.0,265862,0.0,0.0
2025-10-24 00:00:00+09:00,1681.0,1681.0,1652.0,1680.0,80820,0.0,0.0
2025-10-27 00:00:00+09:00,1687.0,1711.0,1663.0,1698.0,99693,0.0,0.0
2025-10-28 00:00:00+09:00,1682.0,1736.0,1682.0,1736.0,50921,0.0,0.0
2025-10-29 00:00:00+09:00,1719.0,1732.0,1670.0,1713.0,74138,0.0,0.0
2025-10-30 00:00:00+09:00,1705.0,1713.0,1660.0,1671.0,50491,0.0,0.0
2025-10-31 00:00:00+09:00,1701.0,1706.0,1657.0,1657.0,43217,0.0,0.0
2025-11-03 00:00:00+09:00,1699.0,1699.0,1606.0,1606.0,124107,0.0,0.0
2025-11-04 00:00:00+09:00,1595.0,1649.0,1551.0,1551.0,142044,0.0,0.0
2025-11-05 00:00:00+09:00,1552.0,1595.0,1513.0,1557.0,71873,0.0,0.0
2025-11-06 00:00:00+09:00,1557.0,1619.0,1551.0,1579.0,53575,0.0,0.0
2025-11-07 00:00:00+09:00,1579.0,1598.0,1500.0,1575.0,60282,0.0,0.0
2025-11-10 00:00:00+09:00,1574.0,1650.0,1545.0,1595.0,47717,0.0,0.0
2025-11-11 00:00:00+09:00,1630.0,1709.0,1616.0,1709.0,87584,0.0,0.0
2025-11-12 00:00:00+09:00,1709.0,1760.0,1687.0,1688.0,58697,0.0,0.0
2025-11-13 00:00:00+09:00,1688.0,1822.0,1688.0,1696.0,381445,0.0,0.0
2025-11-14 00:00:00+09:00,1700.0,1729.0,1664.0,1720.0,66863,0.0,0.0
2025-11-17 00:00:00+09:00,1721.0,1726.0,1651.0,1690.0,66367,0.0,0.0
2025-11-18 00:00:00+09:00,1690.0,1690.0,1620.0,1639.0,87969,0.0,0.0
2025-11-19 00:00:00+09:00,1660.0,1660.0,1604.0,1657.0,37961,0.0,0.0
2025-11-20 00:00:00+09:00,1669.0,1669.0,1650.0,1660.0,28741,0.0,0.0
2025-11-21 00:00:00+09:00,1659.0,1659.0,1591.0,1591.0,53824,0.0,0.0
2025-11-24 00:00:00+09:00,1605.0,1649.0,1584.0,1601.0,41878,0.0,0.0
2025-11-25 00:00:00+09:00,1649.0,1649.0,1565.0,1565.0,35112,0.0,0.0
2025-11-26 00:00:00+09:00,1587.0,1630.0,1572.0,1587.0,41929,0.0,0.0
2025-11-27 00:00:00+09:00,1600.0,1630.0,1570.0,1584.0,45332,0.0,0.0
2025-11-28 00:00:00+09:00,1584.0,1699.0,1550.0,1650.0,68880,0.0,0.0
2025-12-01 00:00:00+09:00,1634.0,1646.0,1600.0,1600.0,48217,0.0,0.0
2025-12-02 00:00:00+09:00,1600.0,1638.0,1589.0,1604.0,45604,0.0,0.0
2025-12-03 00:00:00+09:00,1604.0,1685.0,1601.0,1629.0,57729,0.0,0.0
2025-12-04 00:00:00+09:00,1657.0,1684.0,1600.0,1601.0,34977,0.0,0.0
2025-12-05 00:00:00+09:00,1622.0,1904.0,1602.0,1683.0,662438,0.0,0.0
2025-12-08 00:00:00+09:00,1691.0,1691.0,1634.0,1654.0,37052,0.0,0.0
2025-12-09 00:00:00+09:00,1654.0,1654.0,1600.0,1616.0,28953,0.0,0.0
2025-12-10 00:00:00+09:00,1616.0,1616.0,1602.0,1613.0,20046,0.0,0.0
2025-12-11 00:00:00+09:00,1613.0,1642.0,1603.0,1628.0,48956,0.0,0.0
2025-12-12 00:00:00+09:00,1615.0,1645.0,1555.0,1556.0,140404,0.0,0.0
2025-12-15 00:00:00+09:00,1560.0,1594.0,1550.0,1594.0,38994,0.0,0.0
2025-12-16 00:00:00+09:00,1594.0,1600.0,1566.0,1590.0,15765,0.0,0.0
2025-12-17 00:00:00+09:00,1597.0,1597.0,1566.0,1597.0,29096,0.0,0.0
2025-12-18 00:00:00+09:00,1600.0,1600.0,1566.0,1581.0,30844,0.0,0.0
2025-12-19 00:00:00+09:00,1583.0,1590.0,1573.0,1573.0,25608,0.0,0.0
2025-12-22 00:00:00+09:00,1573.0,1598.0,1564.0,1570.0,23098,0.0,0.0
2025-12-23 00:00:00+09:00,1565.0,1565.0,1501.0,1501.0,71330,0.0,0.0
2025-12-24 00:00:00+09:00,1502.0,1525.0,1473.0,1500.0,58843,0.0,0.0
2025-12-26 00:00:00+09:00,1491.0,1510.0,1474.0,1475.0,64178,0.0,0.0
2025-12-29 00:00:00+09:00,1475.0,1499.0,1460.0,1464.0,46955,0.0,0.0
2025-12-30 00:00:00+09:00,1487.0,1487.0,1431.0,1431.0,48877,0.0,0.0
2026-01-02 00:00:00+09:00,1430.0,1545.0,1426.0,1526.0,74003,0.0,0.0
2026-01-05 00:00:00+09:00,1526.0,1558.0,1444.0,1487.0,193035,0.0,0.0
2026-01-06 00:00:00+09:00,1487.0,1503.0,1436.0,1482.0,169441,0.0,0.0
2026-01-07 00:00:00+09:00,1470.0,1498.0,1461.0,1480.0,76587,0.0,0.0
2026-01-08 00:00:00+09:00,1480.0,1533.0,1453.0,1454.0,82607,0.0,0.0
2026-01-09 00:00:00+09:00,1539.0,1539.0,1449.0,1501.0,44386,0.0,0.0
2026-01-12 00:00:00+09:00,1555.0,1555.0,1465.0,1488.0,58143,0.0,0.0
2026-01-13 00:00:00+09:00,1488.0,1490.0,1454.0,1461.0,69304,0.0,0.0
2026-01-14 00:00:00+09:00,1453.0,1533.0,1450.0,1509.0,58156,0.0,0.0
2026-01-15 00:00:00+09:00,1518.0,1545.0,1499.0,1545.0,85109,0.0,0.0
2026-01-16 00:00:00+09:00,1543.0,1543.0,1460.0,1473.0,91709,0.0,0.0
2026-01-19 00:00:00+09:00,1473.0,1489.0,1426.0,1427.0,107195,0.0,0.0
2026-01-20 00:00:00+09:00,1427.0,1480.0,1356.0,1463.0,161444,0.0,0.0
2026-01-21 00:00:00+09:00,1460.0,1528.0,1450.0,1469.0,58705,0.0,0.0
2026-01-22 00:00:00+09:00,1527.0,1527.0,1446.0,1482.0,85594,0.0,0.0
2026-01-23 00:00:00+09:00,1520.0,1520.0,1415.0,1496.0,97743,0.0,0.0
2026-01-26 00:00:00+09:00,1496.0,1504.0,1451.0,1481.0,130836,0.0,0.0
2026-01-27 00:00:00+09:00,1466.0,1498.0,1466.0,1468.0,62143,0.0,0.0
2026-01-28 00:00:00+09:00,1470.0,1495.0,1468.0,1475.0,99266,0.0,0.0
2026-01-29 00:00:00+09:00,1476.0,1476.0,1426.0,1443.0,69002,0.0,0.0
2026-01-30 00:00:00+09:00,1440.0,1440.0,1388.0,1389.0,162922,0.0,0.0
2026-02-02 00:00:00+09:00,1390.0,1400.0,1327.0,1327.0,124506,0.0,0.0
2026-02-03 00:00:00+09:00,1341.0,1365.0,1328.0,1328.0,45490,0.0,0.0
2026-02-04 00:00:00+09:00,1328.0,1400.0,1327.0,1376.0,95377,0.0,0.0
2026-02-05 00:00:00+09:00,1377.0,1389.0,1315.0,1322.0,121341,0.0,0.0
2026-02-06 00:00:00+09:00,1331.0,1454.0,1295.0,1381.0,182771,0.0,0.0
2026-02-09 00:00:00+09:00,1382.0,1402.0,1360.0,1362.0,75083,0.0,0.0
2026-02-10 00:00:00+09:00,1375.0,1430.0,1363.0,1389.0,86138,0.0,0.0
2026-02-11 00:00:00+09:00,1389.0,1420.0,1372.0,1394.0,42232,0.0,0.0
2026-02-12 00:00:00+09:00,1394.0,1420.0,1390.0,1397.0,52522,0.0,0.0
2026-02-13 00:00:00+09:00,1397.0,1408.0,1369.0,1402.0,101003,0.0,0.0
2026-02-19 00:00:00+09:00,1403.0,1424.0,1371.0,1419.0,71217,0.0,0.0
2026-02-20 00:00:00+09:00,1419.0,1438.0,1391.0,1392.0,58614,0.0,0.0
2026-02-23 00:00:00+09:00,1392.0,1397.0,1368.0,1368.0,72811,0.0,0.0
2026-02-24 00:00:00+09:00,1380.0,1380.0,1336.0,1360.0,97034,0.0,0.0
2026-02-25 00:00:00+09:00,1372.0,1380.0,1349.0,1353.0,155191,0.0,0.0
2026-02-26 00:00:00+09:00,1353.0,1366.0,1300.0,1300.0,183208,0.0,0.0
2026-02-27 00:00:00+09:00,1314.0,1343.0,1256.0,1282.0,74086,0.0,0.0
2026-03-03 00:00:00+09:00,1280.0,1280.0,1200.0,1225.0,137376,0.0,0.0
2026-03-04 00:00:00+09:00,1224.0,1224.0,1098.0,1098.0,207941,0.0,0.0
2026-03-05 00:00:00+09:00,1110.0,1193.0,1110.0,1191.0,97011,0.0,0.0
2026-03-06 00:00:00+09:00,1185.0,1215.0,1145.0,1198.0,80055,0.0,0.0
2026-03-09 00:00:00+09:00,1138.0,1196.0,1103.0,1114.0,121518,0.0,0.0
2026-03-10 00:00:00+09:00,1131.0,1185.0,1131.0,1151.0,58636,0.0,0.0
2026-03-11 00:00:00+09:00,1151.0,1244.0,1151.0,1205.0,80494,0.0,0.0
2026-03-12 00:00:00+09:00,1205.0,1298.0,1205.0,1245.0,128381,0.0,0.0
2026-03-13 00:00:00+09:00,1245.0,1394.0,1206.0,1354.0,525320,0.0,0.0
2026-03-16 00:00:00+09:00,1354.0,1460.0,1300.0,1356.0,145776,0.0,0.0
2026-03-17 00:00:00+09:00,1360.0,1369.0,1317.0,1320.0,39140,0.0,0.0
2026-03-18 00:00:00+09:00,1333.0,1333.0,1268.0,1272.0,63343,0.0,0.0
2026-03-19 00:00:00+09:00,1273.0,1273.0,1214.0,1214.0,64412,0.0,0.0
2026-03-20 00:00:00+09:00,1217.0,1267.0,1217.0,1251.0,47272,0.0,0.0
2026-03-23 00:00:00+09:00,1252.0,1260.0,1177.0,1244.0,47081,0.0,0.0
2026-03-24 00:00:00+09:00,1244.0,1270.0,1227.0,1230.0,53565,0.0,0.0
2026-03-25 00:00:00+09:00,1230.0,1275.0,1230.0,1234.0,35530,0.0,0.0
2026-03-26 00:00:00+09:00,1234.0,1294.0,1234.0,1261.0,38655,0.0,0.0
2026-03-27 00:00:00+09:00,1261.0,1360.0,1234.0,1294.0,64771,0.0,0.0
2026-03-30 00:00:00+09:00,1294.0,1294.0,1258.0,1262.0,42648,0.0,0.0
2026-03-31 00:00:00+09:00,1258.0,1264.0,1180.0,1220.0,68001,0.0,0.0
2026-04-01 00:00:00+09:00,1231.0,1339.0,1231.0,1297.0,84795,0.0,0.0
2026-04-02 00:00:00+09:00,1297.0,1308.0,1230.0,1267.0,51208,0.0,0.0
2026-04-03 00:00:00+09:00,1267.0,1322.0,1251.0,1251.0,32700,0.0,0.0
2026-04-06 00:00:00+09:00,1257.0,1262.0,1226.0,1226.0,14447,0.0,0.0
2026-04-07 00:00:00+09:00,1238.0,1336.0,1202.0,1260.0,255146,0.0,0.0
2026-04-08 00:00:00+09:00,1260.0,1365.0,1260.0,1287.0,761854,0.0,0.0
2026-04-09 00:00:00+09:00,1287.0,1305.0,1262.0,1292.0,36824,0.0,0.0
2026-04-10 00:00:00+09:00,1303.0,1303.0,1272.0,1292.0,58026,0.0,0.0
2026-04-13 00:00:00+09:00,1292.0,1292.0,1241.0,1269.0,57634,0.0,0.0
2026-04-14 00:00:00+09:00,1271.0,1305.0,1271.0,1273.0,48041,0.0,0.0
2026-04-15 00:00:00+09:00,1273.0,1300.0,1273.0,1288.0,88831,0.0,0.0
2026-04-16 00:00:00+09:00,1289.0,1324.0,1287.0,1321.0,126639,0.0,0.0
2026-04-17 00:00:00+09:00,1320.0,1325.0,1286.0,1320.0,77509,0.0,0.0
2026-04-20 00:00:00+09:00,1320.0,1321.0,1286.0,1316.0,50642,0.0,0.0
2026-04-21 00:00:00+09:00,1319.0,1323.0,1272.0,1306.0,86556,0.0,0.0
2026-04-22 00:00:00+09:00,1299.0,1310.0,1268.0,1310.0,61881,0.0,0.0
2026-04-23 00:00:00+09:00,1310.0,1310.0,1265.0,1298.0,73337,0.0,0.0
2026-04-24 00:00:00+09:00,1298.0,1328.0,1276.0,1304.0,88686,0.0,0.0
2026-04-27 00:00:00+09:00,1304.0,1314.0,1280.0,1284.0,38351,0.0,0.0
2026-04-28 00:00:00+09:00,1284.0,1287.0,1245.0,1260.0,91315,0.0,0.0
2026-04-29 00:00:00+09:00,1260.0,1260.0,1225.0,1253.0,76698,0.0,0.0
2026-04-30 00:00:00+09:00,1253.0,1261.0,1226.0,1237.0,80110,0.0,0.0
2026-05-04 00:00:00+09:00,1238.0,1240.0,1192.0,1192.0,125956,0.0,0.0
2026-05-06 00:00:00+09:00,1192.0,1198.0,1099.0,1122.0,387041,0.0,0.0
2026-05-07 00:00:00+09:00,1122.0,1133.0,1090.0,1119.0,254550,0.0,0.0
2026-05-08 00:00:00+09:00,1110.0,1127.0,1075.0,1110.0,418367,0.0,0.0
2026-05-11 00:00:00+09:00,1129.0,1220.0,1025.0,1033.0,1088414,0.0,0.0
2026-05-12 00:00:00+09:00,1030.0,1030.0,942.0,947.0,555600,0.0,0.0
2026-05-13 00:00:00+09:00,951.0,968.0,892.0,935.0,856353,0.0,0.0
2026-05-14 00:00:00+09:00,927.0,934.0,900.0,924.0,138985,0.0,0.0
2026-05-15 00:00:00+09:00,924.0,953.0,860.0,860.0,324307,0.0,0.0
2026-05-18 00:00:00+09:00,860.0,899.0,849.0,893.0,173513,0.0,0.0
2026-05-19 00:00:00+09:00,893.0,900.0,847.0,897.0,142288,0.0,0.0
2026-05-20 00:00:00+09:00,897.0,897.0,861.0,897.0,42455,0.0,0.0
2026-05-21 00:00:00+09:00,897.0,940.0,865.0,897.0,72575,0.0,0.0
2026-05-22 00:00:00+09:00,900.0,969.0,887.0,963.0,84215,0.0,0.0
2026-05-26 00:00:00+09:00,962.0,962.0,902.0,903.0,124898,0.0,0.0
2026-05-27 00:00:00+09:00,905.0,934.0,870.0,919.0,288014,0.0,0.0
2026-05-28 00:00:00+09:00,919.0,946.0,891.0,912.0,154165,0.0,0.0
2026-05-29 00:00:00+09:00,912.0,931.0,885.0,903.0,142573,0.0,0.0
2026-06-01 00:00:00+09:00,895.0,900.0,860.0,882.0,149519,0.0,0.0
2026-06-02 00:00:00+09:00,880.0,910.0,825.0,883.0,178016,0.0,0.0
2026-06-04 00:00:00+09:00,882.0,905.0,851.0,871.0,74489,0.0,0.0
2026-06-05 00:00:00+09:00,856.0,881.0,838.0,844.0,73148,0.0,0.0
2026-06-08 00:00:00+09:00,796.0,846.0,778.0,778.0,136725,0.0,0.0
2026-06-09 00:00:00+09:00,778.0,827.0,777.0,778.0,153372,0.0,0.0
2026-06-10 00:00:00+09:00,778.0,825.0,769.0,777.0,600,0.0,0.0
2026-06-11 00:00:00+09:00,777.0,834.0,761.0,834.0,76497,0.0,0.0
2026-06-12 00:00:00+09:00,815.0,926.0,792.0,921.0,282039,0.0,0.0
