Date,Open,High,Low,Close,Volume,Dividends,Stock Splits
2011-12-19 00:00:00+09:00,3328.444393382353,3494.8666130514707,2829.177734375,2829.177734375,4931910,0.0,0.0
2011-12-20 00:00:00+09:00,2912.3888471192113,3041.3660674916337,2795.893293234443,2874.94384765625,1300873,0.0,0.0
2011-12-21 00:00:00+09:00,2953.995084776335,3024.7245445526696,2849.981173340548,2883.265625,676308,0.0,0.0
2011-12-22 00:00:00+09:00,2887.4255112591914,2933.191621668199,2825.017178883272,2829.177734375,401715,0.0,0.0
2011-12-23 00:00:00+09:00,2829.178025578878,2879.1046966185054,2745.9669071794992,2762.609130859375,417776,0.0,0.0
2011-12-26 00:00:00+09:00,2795.8933288667686,2841.6594399047663,2700.2005512418646,2716.8427734375,224306,0.0,0.0
2011-12-27 00:00:00+09:00,2737.6458744184874,2737.6458744184874,2517.1364042905543,2571.2236328125,327549,0.0,0.0
2011-12-28 00:00:00+09:00,2677.8248553597086,2780.162110978551,2588.2797566932213,2596.807861328125,219609,75.0,0.0
2011-12-29 00:00:00+09:00,2601.071614052304,2694.8807542312397,2575.4873030944127,2613.86376953125,184621,0.0,0.0
2012-01-02 00:00:00+09:00,2673.5603304601245,2737.521103916108,2643.7119695139986,2703.40869140625,229749,0.0,0.0
2012-01-03 00:00:00+09:00,2733.2570788852554,2733.2570788852554,2605.3355307314996,2618.127685546875,259955,0.0,0.0
2012-01-04 00:00:00+09:00,2613.863905563853,2669.2965821908188,2605.335801467397,2609.599853515625,201762,0.0,0.0
2012-01-05 00:00:00+09:00,2626.6560581471417,2711.937098996075,2618.1279540622486,2647.976318359375,306337,0.0,0.0
2012-01-06 00:00:00+09:00,2686.352973983673,2959.2523237216974,2673.5608169647035,2848.386962890625,674399,0.0,0.0
2012-01-09 00:00:00+09:00,2839.8588241554676,2959.252288234076,2810.0104581358155,2895.29150390625,169985,0.0,0.0
2012-01-10 00:00:00+09:00,2937.931842403325,2937.931842403325,2780.161917629852,2801.482177734375,159152,0.0,0.0
2012-01-11 00:00:00+09:00,2797.218440536248,2891.027595554232,2788.690335534613,2852.651123046875,203164,0.0,0.0
2012-01-12 00:00:00+09:00,2852.651123046875,2873.971385550962,2763.1060205297085,2852.651123046875,68199,0.0,0.0
2012-01-13 00:00:00+09:00,2891.0274107398054,2891.0274107398054,2775.8980005776007,2797.21826171875,96913,0.0,0.0
2012-01-16 00:00:00+09:00,2763.1059061527994,2788.6902200986588,2699.145121288151,2741.78564453125,76078,0.0,0.0
2012-01-17 00:00:00+09:00,2733.2576759789963,2801.4825165650554,2728.9936234423676,2737.521728515625,84346,0.0,0.0
2012-01-18 00:00:00+09:00,2741.7854281944715,2771.633792109497,2694.880856328003,2733.25732421875,79474,0.0,0.0
2012-01-19 00:00:00+09:00,2728.993602362205,2750.3138648806594,2699.145234836368,2707.67333984375,102002,0.0,0.0
2012-01-20 00:00:00+09:00,2707.673063957285,2754.57763671875,2635.184178780476,2754.57763671875,156781,0.0,0.0
2012-01-25 00:00:00+09:00,2754.5778015041797,2754.5778015041797,2694.8810689638412,2741.78564453125,58318,0.0,0.0
2012-01-26 00:00:00+09:00,2741.7857096109046,2908.083754206278,2733.25760475986,2831.330810546875,261997,0.0,0.0
2012-01-27 00:00:00+09:00,2844.12301804524,2882.499490552597,2784.4262830337957,2852.651123046875,126365,0.0,0.0
2012-01-30 00:00:00+09:00,2852.651072674487,2920.8759114828454,2814.2746008447853,2831.330810546875,207672,0.0,0.0
2012-01-31 00:00:00+09:00,2844.1226945940084,2856.9148506416573,2758.8416542763466,2839.858642578125,186447,0.0,0.0
2012-02-01 00:00:00+09:00,2839.8588582113116,2865.4431722492513,2797.2183348147455,2848.386962890625,75418,0.0,0.0
2012-02-02 00:00:00+09:00,2895.291776130536,2895.291776130536,2775.898300826184,2780.162353515625,215972,0.0,0.0
2012-02-03 00:00:00+09:00,2805.7464959937406,2839.8589153979196,2763.1059717385165,2831.330810546875,128331,0.0,0.0
2012-02-06 00:00:00+09:00,2831.330562778603,2950.724020245171,2822.8024586738484,2869.70703125,339254,0.0,0.0
2012-02-07 00:00:00+09:00,2882.499375403896,2954.988265022041,2865.4431660819796,2886.763427734375,224966,0.0,0.0
2012-02-08 00:00:00+09:00,2882.499022011861,2942.195747319799,2865.4428147810218,2920.87548828125,201696,0.0,0.0
2012-02-09 00:00:00+09:00,2925.139404296875,2954.9877655652103,2878.2348365894904,2925.139404296875,149875,0.0,0.0
2012-02-10 00:00:00+09:00,2950.724111465669,3104.229990096831,2946.46005928147,3027.47705078125,394907,0.0,0.0
2012-02-13 00:00:00+09:00,3040.269088745117,3236.415481567383,3040.269088745117,3138.34228515625,414204,0.0,0.0
2012-02-14 00:00:00+09:00,3138.3422603738,3146.870364342207,3048.7971687055256,3108.493896484375,126415,0.0,0.0
2012-02-15 00:00:00+09:00,3108.4940045082403,3142.606421567316,3053.061326787243,3112.758056640625,74756,0.0,0.0
2012-02-16 00:00:00+09:00,3095.7020185465267,3129.8144374836784,3061.589599609375,3061.589599609375,85368,0.0,0.0
2012-02-17 00:00:00+09:00,3091.437744140625,3117.0220565059267,2984.8364426185344,3091.437744140625,139005,0.0,0.0
2012-02-20 00:00:00+09:00,3065.853867255317,3095.7022359212237,2993.364971923828,3070.117919921875,80096,0.0,0.0
2012-02-21 00:00:00+09:00,3027.4773823131213,3061.5898035222835,2959.252539894798,3001.89306640625,145975,0.0,0.0
2012-02-22 00:00:00+09:00,3001.8932808073655,3040.269757408596,3001.8932808073655,3010.42138671875,33836,0.0,0.0
2012-02-23 00:00:00+09:00,3010.420805463399,3121.286160905394,2984.8364926690924,3112.758056640625,157809,0.0,0.0
2012-02-24 00:00:00+09:00,3138.342483985457,3146.8705885615045,3027.47712449684,3078.645751953125,121483,0.0,0.0
2012-02-27 00:00:00+09:00,3095.701697770939,3095.701697770939,2801.482114924941,2933.667724609375,115602,0.0,0.0
2012-02-28 00:00:00+09:00,2967.7807126178423,3057.325820326139,2865.443446665503,3053.061767578125,120331,0.0,0.0
2012-02-29 00:00:00+09:00,3112.757890809257,3270.5278113023287,3095.7016831883843,3163.926513671875,438769,0.0,0.0
2012-03-02 00:00:00+09:00,3159.6626874435046,3189.5110529119315,3095.701904296875,3095.701904296875,165077,0.0,0.0
2012-03-05 00:00:00+09:00,3095.702098322642,3151.1347805240116,3070.1177834604714,3074.3818359375,116821,0.0,0.0
2012-03-06 00:00:00+09:00,3057.3251153174865,3134.0780470827794,2980.572183552194,3006.156494140625,151197,0.0,0.0
2012-03-07 00:00:00+09:00,3053.0616022144472,3074.3818647997437,2980.5727094244394,3065.853759765625,82574,0.0,0.0
2012-03-08 00:00:00+09:00,3078.6462340098265,3095.702445832596,3006.157333763058,3010.42138671875,59583,0.0,0.0
2012-03-09 00:00:00+09:00,3044.5338103642885,3053.061916275673,2993.365174895981,3010.42138671875,53464,0.0,0.0
2012-03-12 00:00:00+09:00,3036.0054876154118,3036.0054876154118,2976.3087504993787,3001.89306640625,57154,0.0,0.0
2012-03-13 00:00:00+09:00,3027.476671006945,3070.1171875,2984.836154513889,2993.3642578125,100027,0.0,0.0
2012-03-14 00:00:00+09:00,3010.4208468928314,3023.2130034660304,2976.308429364301,2989.1005859375,85751,0.0,0.0
2012-03-15 00:00:00+09:00,3027.4768101686686,3027.4768101686686,2908.083358500045,2950.723876953125,88130,0.0,0.0
2012-03-16 00:00:00+09:00,2993.36423005307,2993.36423005307,2916.6113010773506,2925.139404296875,49989,0.0,0.0
2012-03-19 00:00:00+09:00,2929.403483072917,2954.98779296875,2895.291069878472,2916.611328125,40743,0.0,0.0
2012-03-20 00:00:00+09:00,2916.611596644356,3006.156689523788,2903.819440518723,2946.4599609375,85251,0.0,0.0
2012-03-21 00:00:00+09:00,2972.044416027097,2972.044416027097,2899.555527831314,2903.819580078125,45996,0.0,0.0
2012-03-22 00:00:00+09:00,2903.819701780756,2933.6680687594126,2831.330810546875,2831.330810546875,76534,0.0,0.0
2012-03-23 00:00:00+09:00,2814.274765684096,2873.971503138001,2797.21855498298,2818.538818359375,27606,0.0,0.0
2012-03-26 00:00:00+09:00,2827.0666273163583,2856.914992913967,2792.95420949052,2797.21826171875,60978,0.0,0.0
2012-03-27 00:00:00+09:00,2797.217881944445,2933.667534722222,2797.217881944445,2916.611328125,80082,0.0,0.0
2012-03-28 00:00:00+09:00,2916.611328125,2942.1956380208335,2869.706759982639,2916.611328125,67104,0.0,0.0
2012-03-29 00:00:00+09:00,2933.6678607168847,2933.6678607168847,2873.971130992995,2929.40380859375,66810,0.0,0.0
2012-03-30 00:00:00+09:00,2925.1399365234374,3006.156931849888,2916.6118317522323,2984.836669921875,131548,0.0,0.0
2012-04-02 00:00:00+09:00,2984.836669921875,3018.9490890066963,2972.044512765067,2984.836669921875,72593,0.0,0.0
2012-04-03 00:00:00+09:00,2984.836154513889,3006.156412760417,2878.23486328125,2916.611328125,93168,0.0,0.0
2012-04-04 00:00:00+09:00,2899.555809818097,2933.6682311100744,2835.595019895639,2856.915283203125,31000,0.0,0.0
2012-04-05 00:00:00+09:00,2788.69006188203,2967.780249342344,2763.1057493876997,2937.931884765625,57735,0.0,0.0
2012-04-06 00:00:00+09:00,2959.252008322011,2959.252008322011,2899.555281929348,2942.19580078125,8501,0.0,0.0
2012-04-09 00:00:00+09:00,2954.988443153783,2967.7806009163533,2835.594970703125,2835.594970703125,12361,0.0,0.0
2012-04-10 00:00:00+09:00,2814.2747565881527,2891.0277044951026,2771.634229973181,2856.915283203125,49006,0.0,0.0
2012-04-12 00:00:00+09:00,2852.651130814986,2852.651130814986,2728.9936079545455,2814.274658203125,38905,0.0,0.0
2012-04-13 00:00:00+09:00,2856.915089699074,2908.0837181712964,2822.8026707175927,2878.2353515625,33952,0.0,0.0
2012-04-16 00:00:00+09:00,2844.1229325810186,2878.2353515625,2797.2183564814814,2878.2353515625,34675,0.0,0.0
2012-04-17 00:00:00+09:00,2908.083358500045,2984.8362917155887,2865.442840046965,2950.723876953125,64250,0.0,0.0
2012-04-18 00:00:00+09:00,2997.6292278516735,3070.118128098442,2997.6292278516735,3010.42138671875,122621,0.0,0.0
2012-04-19 00:00:00+09:00,3006.1564668604137,3027.476725490629,2950.7237944218527,3014.6845703125,44971,0.0,0.0
2012-04-20 00:00:00+09:00,2972.0440530520686,3044.5329323948017,2972.0440530520686,3014.6845703125,39102,0.0,0.0
2012-04-23 00:00:00+09:00,3027.4773444329107,3048.797607421875,3001.893028846154,3048.797607421875,44528,0.0,0.0
2012-04-24 00:00:00+09:00,3018.9490199207926,3155.3986931375516,2984.836601616603,3078.645751953125,103834,0.0,0.0
2012-04-25 00:00:00+09:00,3168.1908547183,3539.163404328653,3168.1908547183,3406.977783203125,1481702,0.0,0.0
2012-04-26 00:00:00+09:00,3441.090064086914,3505.0508459472658,3279.0560833740233,3411.24169921875,466721,0.0,0.0
2012-04-27 00:00:00+09:00,3487.9946662310076,3517.8430313454537,3355.8090492956026,3402.713623046875,402224,0.0,0.0
2012-04-30 00:00:00+09:00,3381.3934359326777,3475.2025854793596,3330.2248089072145,3453.88232421875,287387,0.0,0.0
2012-05-02 00:00:00+09:00,3496.522705078125,3654.292632014577,3462.410288443217,3496.522705078125,431382,0.0,0.0
2012-05-03 00:00:00+09:00,3487.994661579345,3517.843026653985,3355.8090448202256,3441.090087890625,134671,0.0,0.0
2012-05-04 00:00:00+09:00,3441.090068445796,3517.843006775442,3360.0730779867254,3372.865234375,218648,0.0,0.0
2012-05-07 00:00:00+09:00,3368.6014623397436,3368.6014623397436,3287.5844651442308,3325.9609375,62763,0.0,0.0
2012-05-08 00:00:00+09:00,3368.6016798873084,3385.6578909247123,3313.168994015745,3334.4892578125,89449,0.0,0.0
2012-05-09 00:00:00+09:00,3360.073270763756,3411.2418992525445,3317.4327470230996,3351.545166015625,72358,0.0,0.0
2012-05-10 00:00:00+09:00,3317.4322101822586,3394.1851404949584,3317.4322101822586,3330.224365234375,46574,0.0,0.0
2012-05-11 00:00:00+09:00,3330.224755154507,3330.224755154507,3206.567241838911,3249.207763671875,160702,0.0,0.0
2012-05-14 00:00:00+09:00,3270.527531121367,3270.527531121367,3070.1171087449598,3172.454345703125,102228,0.0,0.0
2012-05-15 00:00:00+09:00,3074.381587449165,3146.8704736997,2976.3083884043235,3112.758056640625,112862,0.0,0.0
2012-05-16 00:00:00+09:00,3112.7581702573148,3300.376470930358,3061.58954280103,3078.645751953125,107904,0.0,0.0
2012-05-17 00:00:00+09:00,3036.004696425571,3215.0948611023605,3036.004696425571,3172.454345703125,26229,0.0,0.0
2012-05-18 00:00:00+09:00,3078.6460252549914,3121.286551920573,3023.2133405897353,3070.117919921875,40101,0.0,0.0
2012-05-21 00:00:00+09:00,3138.3427625868053,3142.6068152533635,3027.4773932562935,3070.117919921875,7087,0.0,0.0
2012-05-22 00:00:00+09:00,3070.1169493140246,3159.66202700235,3070.1169493140246,3146.869873046875,45073,0.0,0.0
2012-05-23 00:00:00+09:00,3074.3818409455125,3394.1857772435897,3057.3256310096153,3325.9609375,1062486,0.0,0.0
2012-05-24 00:00:00+09:00,3377.129480260019,3377.129480260019,3249.2079090380485,3351.545166015625,61226,0.0,0.0
2012-05-25 00:00:00+09:00,3351.5446492613987,3569.011286808894,3351.5446492613987,3436.82568359375,300846,0.0,0.0
2012-05-29 00:00:00+09:00,3479.4666092595444,3547.691444735222,3402.7136693494076,3462.410400390625,77788,0.0,0.0
2012-05-30 00:00:00+09:00,3462.410387051302,3466.6744392521045,3296.1123512200206,3355.80908203125,52367,0.0,0.0
2012-05-31 00:00:00+09:00,3283.320321712854,3411.2418926886794,3249.2079027859672,3389.921630859375,64081,0.0,0.0
2012-06-01 00:00:00+09:00,3351.545252403846,3385.657672275641,3283.3204126602564,3325.9609375,34810,0.0,0.0
2012-06-04 00:00:00+09:00,3283.320244049358,3343.0169757593458,3180.9829896893775,3193.775146484375,61115,0.0,0.0
2012-06-05 00:00:00+09:00,3317.432456535379,3317.432456535379,3159.6625325099176,3291.84814453125,30324,0.0,0.0
2012-06-07 00:00:00+09:00,3334.488831121993,3334.488831121993,3202.3032124969523,3279.05615234375,132030,0.0,0.0
2012-06-08 00:00:00+09:00,3279.05612895495,3279.05612895495,3193.7750852890217,3249.207763671875,49335,0.0,0.0
2012-06-11 00:00:00+09:00,3304.640888497043,3377.1297854060103,3249.2082026254793,3334.4892578125,69140,0.0,0.0
2012-06-12 00:00:00+09:00,3296.112570112179,3343.017147435897,3291.848517628205,3325.9609375,16106,0.0,0.0
2012-06-13 00:00:00+09:00,3308.9048635069,3355.809442757642,3283.3205475519494,3321.697021484375,30057,0.0,0.0
2012-06-14 00:00:00+09:00,3291.848517628205,3411.241987179487,3283.3204126602564,3325.9609375,55182,0.0,0.0
2012-06-15 00:00:00+09:00,3368.601195649951,3368.601195649951,3244.943683404573,3257.73583984375,43921,0.0,0.0
2012-06-18 00:00:00+09:00,3283.3196857411376,3321.6961496004496,3138.3419333837364,3172.454345703125,83603,0.0,0.0
2012-06-19 00:00:00+09:00,3168.190649281378,3198.039013406505,3138.34228515625,3138.34228515625,63522,0.0,0.0
2012-06-20 00:00:00+09:00,3185.2467933863672,3279.055935895738,3155.3984298606583,3270.52783203125,69016,0.0,0.0
2012-06-21 00:00:00+09:00,3227.8876600265503,3347.281126976013,3227.8876600265503,3274.792236328125,37946,0.0,0.0
2012-06-22 00:00:00+09:00,3240.6796875,3308.904523026316,3155.398643092105,3240.6796875,26715,0.0,0.0
2012-06-25 00:00:00+09:00,3274.792133905013,3274.792133905013,3180.982984235859,3232.151611328125,22590,0.0,0.0
2012-06-26 00:00:00+09:00,3240.6800878141316,3266.264404296875,3227.88792957276,3266.264404296875,22545,0.0,0.0
2012-06-27 00:00:00+09:00,3360.07354487205,3496.523231973453,3300.3768067651868,3343.017333984375,243631,0.0,0.0
2012-06-28 00:00:00+09:00,3343.0168215090093,3377.1292380550194,3300.3763008264964,3313.16845703125,57134,0.0,0.0
2012-06-29 00:00:00+09:00,3308.904941256394,3377.1297854060103,3266.2644136628837,3334.4892578125,53096,0.0,0.0
2012-07-02 00:00:00+09:00,3351.544872540884,3449.6180685567115,3291.84814453125,3291.84814453125,64208,0.0,0.0
2012-07-03 00:00:00+09:00,3385.657331020678,3487.994580321051,3360.073018695585,3428.2978515625,309049,0.0,0.0
2012-07-04 00:00:00+09:00,3466.674045610073,3556.2191316590415,3424.033528443897,3436.82568359375,108114,0.0,0.0
2012-07-05 00:00:00+09:00,3436.8262068838444,3483.730782908314,3385.6575784935144,3389.921630859375,77283,0.0,0.0
2012-07-06 00:00:00+09:00,3398.449507252763,3556.219434189215,3372.8651947765816,3496.522705078125,251435,0.0,0.0
2012-07-09 00:00:00+09:00,3505.0513975155277,3526.371661490683,3432.5625,3432.5625,61264,0.0,0.0
2012-07-10 00:00:00+09:00,3428.2977535242826,3470.938272846724,3270.52783203125,3270.52783203125,133254,0.0,0.0
2012-07-11 00:00:00+09:00,3240.6797158435024,3279.056186162702,3210.8313500396807,3232.151611328125,122681,0.0,0.0
2012-07-12 00:00:00+09:00,3232.1519229760906,3257.736238989094,3163.9270802747483,3176.71923828125,73623,0.0,0.0
2012-07-13 00:00:00+09:00,3176.71893197817,3236.4156635858135,3151.1346184320373,3232.151611328125,52307,0.0,0.0
2012-07-16 00:00:00+09:00,3215.0954022973697,3266.264029389635,3163.9267752051037,3232.151611328125,39459,0.0,0.0
2012-07-17 00:00:00+09:00,3180.982448782972,3215.0948611023605,3168.1902941632015,3172.454345703125,27080,0.0,0.0
2012-07-18 00:00:00+09:00,3172.455183919271,3198.0394999186196,3070.117919921875,3070.117919921875,94182,0.0,0.0
2012-07-19 00:00:00+09:00,3087.173856529172,3138.342483985457,3031.741176784864,3078.645751953125,41832,0.0,0.0
2012-07-20 00:00:00+09:00,3082.9096400188578,3125.550160627694,3065.8534317753233,3091.437744140625,12918,0.0,0.0
2012-07-23 00:00:00+09:00,3112.7582346670047,3112.7582346670047,2972.044506250551,3023.213134765625,62237,0.0,0.0
2012-07-24 00:00:00+09:00,2984.836533746434,3023.2130034660304,2899.555489925107,2989.1005859375,50301,0.0,0.0
2012-07-25 00:00:00+09:00,2920.8756927910845,2984.8364743850498,2775.897921178096,2784.426025390625,95314,0.0,0.0
2012-07-26 00:00:00+09:00,2801.4824930370655,2852.651123046875,2733.257653023986,2852.651123046875,97026,0.0,0.0
2012-07-27 00:00:00+09:00,2861.1792280485097,2895.2916480550493,2827.06680804197,2852.651123046875,58945,0.0,0.0
2012-07-30 00:00:00+09:00,2895.291727701823,2912.347938174293,2848.38714890253,2865.443359375,46983,0.0,0.0
2012-07-31 00:00:00+09:00,2882.4995698474704,2895.291727701823,2835.5949910481772,2865.443359375,33134,0.0,0.0
2012-08-01 00:00:00+09:00,2865.4432516766024,2916.6118811708275,2818.538674640229,2861.17919921875,48519,0.0,0.0
2012-08-02 00:00:00+09:00,2873.971385550962,2873.971385550962,2831.330860542788,2852.651123046875,21454,0.0,0.0
2012-08-03 00:00:00+09:00,2848.3871284656957,2865.4433388157895,2814.2747077655076,2835.594970703125,25796,0.0,0.0
2012-08-06 00:00:00+09:00,2856.9149545522837,2937.9319458007812,2856.9149545522837,2882.499267578125,41582,0.0,0.0
2012-08-07 00:00:00+09:00,2929.403483072917,2950.723741319445,2882.4989149305557,2916.611328125,11503,0.0,0.0
2012-08-08 00:00:00+09:00,2942.195747319799,2942.195747319799,2882.499022011861,2920.87548828125,48992,0.0,0.0
2012-08-09 00:00:00+09:00,2929.403832163522,2963.5162494230685,2856.9149454869867,2959.252197265625,37292,0.0,0.0
2012-08-10 00:00:00+09:00,2908.083358500045,2967.780084334357,2908.083358500045,2950.723876953125,10190,0.0,0.0
2012-08-13 00:00:00+09:00,2937.9316913733323,3048.797038217609,2937.9316913733323,3036.0048828125,33240,0.0,0.0
2012-08-14 00:00:00+09:00,3053.061698219993,3087.174119429155,2984.836855801669,3001.89306640625,30631,0.0,0.0
2012-08-16 00:00:00+09:00,3001.8928794642857,3065.853665248326,2972.044512765067,2984.836669921875,44370,0.0,0.0
2012-08-17 00:00:00+09:00,3023.213398342026,3053.061767578125,2984.836923609899,3053.061767578125,36447,0.0,0.0
2012-08-20 00:00:00+09:00,3070.1177619485293,3078.645866842831,3014.68508013557,3044.533447265625,23534,0.0,0.0
2012-08-21 00:00:00+09:00,3027.47705078125,3044.5332595180457,3001.892737676056,3027.47705078125,31595,0.0,0.0
2012-08-22 00:00:00+09:00,3036.005155149648,3065.8535204390405,2984.8365289392605,3027.47705078125,50056,0.0,0.0
2012-08-23 00:00:00+09:00,3040.2691594266344,3040.2691594266344,2899.5554395653735,2967.7802734375,189346,0.0,0.0
2012-08-24 00:00:00+09:00,2942.196067689652,2989.1006426818058,2942.196067689652,2972.04443359375,119389,0.0,0.0
2012-08-27 00:00:00+09:00,2972.04443359375,3036.0052176739596,2967.780381321736,2972.04443359375,70680,0.0,0.0
2012-08-28 00:00:00+09:00,2967.780324982168,2997.628690319633,2950.724116217903,2989.1005859375,69182,0.0,0.0
2012-08-29 00:00:00+09:00,2997.6288205080878,3031.7412395181373,2980.5726110030632,3023.213134765625,30891,0.0,0.0
2012-08-30 00:00:00+09:00,3018.948964520919,3095.701904296875,2984.836546842717,3095.701904296875,88650,0.0,0.0
2012-08-31 00:00:00+09:00,3112.7579730489983,3189.5109093707542,3104.2298690132475,3138.34228515625,68859,0.0,0.0
2012-09-03 00:00:00+09:00,3163.9267686032463,3172.454873100829,3061.5895146322514,3087.173828125,57572,0.0,0.0
2012-09-04 00:00:00+09:00,3061.589407471041,3087.173720068292,3027.476990674706,3082.90966796875,87135,0.0,0.0
2012-09-05 00:00:00+09:00,3087.1741305881073,3099.966288587782,3036.00549858941,3070.117919921875,38140,0.0,0.0
2012-09-06 00:00:00+09:00,3057.3257635539007,3176.71923828125,3053.061710885067,3176.71923828125,56771,0.0,0.0
2012-09-07 00:00:00+09:00,3189.5108530405405,3189.5108530405405,3129.814125844595,3155.3984375,37302,0.0,0.0
2012-09-10 00:00:00+09:00,3155.3984098614387,3185.246773197966,3129.8140984301294,3163.926513671875,29193,0.0,0.0
2012-09-11 00:00:00+09:00,3163.926706135516,3206.567227781547,3134.078340983294,3142.6064453125,40682,0.0,0.0
2012-09-12 00:00:00+09:00,3142.6063123580034,3155.398468310614,3095.7017405317647,3108.493896484375,55379,0.0,0.0
2012-09-13 00:00:00+09:00,3125.550048828125,3125.550048828125,3091.4376335612424,3125.550048828125,24652,0.0,0.0
2012-09-14 00:00:00+09:00,3129.8138303038895,3189.5105518628193,3104.2295210643483,3172.454345703125,65760,0.0,0.0
2012-09-17 00:00:00+09:00,3168.1907536810904,3193.775066631409,3155.3985972059313,3180.98291015625,45475,0.0,0.0
2012-09-18 00:00:00+09:00,3142.606865234375,3253.4722363281253,3142.606865234375,3198.03955078125,58144,0.0,0.0
2012-09-19 00:00:00+09:00,3193.775113075658,3244.9437397203947,3193.775113075658,3240.6796875,45432,0.0,0.0
2012-09-20 00:00:00+09:00,3266.263645498806,3296.112007794487,3215.0950244204955,3236.415283203125,30848,0.0,0.0
2012-09-21 00:00:00+09:00,3236.4155791117882,3261.9998919901423,3202.3031619406497,3257.73583984375,45863,0.0,0.0
2012-09-24 00:00:00+09:00,3257.736220613532,3266.2643259030965,3193.7754309418006,3253.47216796875,33422,0.0,0.0
2012-09-25 00:00:00+09:00,3274.791863207547,3274.791863207547,3163.926513671875,3163.926513671875,43052,0.0,0.0
2012-09-26 00:00:00+09:00,3121.285565135925,3159.66202700235,3108.4934111804496,3146.869873046875,49018,0.0,0.0
2012-09-27 00:00:00+09:00,3138.3428225384077,3142.606875286422,3053.061767578125,3053.061767578125,69434,0.0,0.0
2012-09-28 00:00:00+09:00,3070.1177834604714,3155.39883300104,3040.2694161212726,3074.3818359375,55982,0.0,0.0
2012-10-02 00:00:00+09:00,3091.438184904572,3180.9832909500838,3078.6460268980704,3176.71923828125,51249,0.0,0.0
2012-10-04 00:00:00+09:00,3176.719016217171,3223.623592295545,3146.870649621842,3206.5673828125,38361,0.0,0.0
2012-10-05 00:00:00+09:00,3206.5677342712484,3223.623945623755,3163.927205889982,3210.831787109375,46893,0.0,0.0
2012-10-08 00:00:00+09:00,3236.415555402184,3236.415555402184,3193.77503425064,3227.887451171875,55308,0.0,0.0
2012-10-09 00:00:00+09:00,3223.6233990567207,3232.1515032870298,3163.926669444559,3227.887451171875,108216,0.0,0.0
2012-10-10 00:00:00+09:00,3198.039099288313,3223.62341208262,3112.758056640625,3112.758056640625,40902,0.0,0.0
2012-10-11 00:00:00+09:00,3112.7580848106973,3129.8142934945913,3087.173771784856,3104.22998046875,46856,0.0,0.0
2012-10-12 00:00:00+09:00,3125.550241323618,3129.8142934945913,3091.4378239558296,3104.22998046875,13965,0.0,0.0
2012-10-15 00:00:00+09:00,3121.2861496497844,3134.078306000808,2967.7802734375,2967.7802734375,73100,0.0,0.0
2012-10-16 00:00:00+09:00,2967.7802734375,3018.9488988415947,2933.6678565014367,2967.7802734375,73842,0.0,0.0
2012-10-17 00:00:00+09:00,2984.836698603152,3023.213170442335,2959.252384043696,2976.30859375,31296,0.0,0.0
2012-10-18 00:00:00+09:00,2993.364999746347,2993.364999746347,2925.1401564472853,2954.988525390625,34071,0.0,0.0
2012-10-19 00:00:00+09:00,2972.0447068907374,2972.0447068907374,2920.876074921313,2963.5166015625,25250,0.0,0.0
2012-10-22 00:00:00+09:00,2916.611698689372,2993.364638128566,2908.0835943072398,2989.1005859375,47432,0.0,0.0
2012-10-23 00:00:00+09:00,3001.892770922747,3001.892770922747,2963.5163008399277,2980.572509765625,16543,0.0,0.0
2012-10-24 00:00:00+09:00,2954.9877655652103,2967.779920394497,2916.6113010773506,2925.139404296875,74772,0.0,0.0
2012-10-25 00:00:00+09:00,2929.40380859375,2950.7240692094247,2903.8194958549398,2929.40380859375,18952,0.0,0.0
2012-10-26 00:00:00+09:00,2933.6684208086053,2937.932473745827,2852.651415001391,2873.9716796875,28539,0.0,0.0
2012-10-29 00:00:00+09:00,2895.2913510854005,2899.555403148855,2775.8978933086833,2792.9541015625,33017,0.0,0.0
2012-10-30 00:00:00+09:00,2818.538357863477,2839.858617756544,2792.954045991796,2810.01025390625,12146,0.0,0.0
2012-10-31 00:00:00+09:00,2822.8027056958304,2899.5556493552335,2822.8027056958304,2831.330810546875,37865,0.0,0.0
2012-11-01 00:00:00+09:00,2831.3309672341416,2856.915283203125,2771.634229973181,2856.915283203125,46303,0.0,0.0
2012-11-02 00:00:00+09:00,2878.235323073417,2886.763427734375,2848.3869567600627,2886.763427734375,17487,0.0,0.0
2012-11-05 00:00:00+09:00,2878.2349171357996,2925.1394861557906,2835.594399844899,2899.55517578125,26461,0.0,0.0
2012-11-06 00:00:00+09:00,2899.555121527778,2925.1394314236113,2882.4989149305557,2916.611328125,19241,0.0,0.0
2012-11-07 00:00:00+09:00,2916.611624353683,2942.1959368480134,2903.819468106518,2937.931884765625,8032,0.0,0.0
2012-11-08 00:00:00+09:00,2882.4988881992526,2942.1956107359238,2882.4988881992526,2925.139404296875,10305,0.0,0.0
2012-11-09 00:00:00+09:00,2891.027335331358,2976.3083776715157,2886.76328321435,2967.7802734375,20616,0.0,0.0
2012-11-12 00:00:00+09:00,2972.044512765067,3006.156931849888,2925.1399365234374,2984.836669921875,30210,0.0,0.0
2012-11-13 00:00:00+09:00,2984.8365568171785,3078.6457057457187,2959.2522434730313,3018.948974609375,56345,0.0,0.0
2012-11-14 00:00:00+09:00,2984.8366633793194,3023.213134765625,2899.555615854196,3023.213134765625,43945,0.0,0.0
2012-11-15 00:00:00+09:00,3018.9487631154616,3018.9487631154616,2903.819361132245,2933.667724609375,74429,0.0,0.0
2012-11-16 00:00:00+09:00,2908.0831978578262,2967.779920394497,2908.0831978578262,2925.139404296875,22657,0.0,0.0
2012-11-19 00:00:00+09:00,2925.139404296875,2925.139404296875,2925.139404296875,2925.139404296875,0,0.0,0.0
2012-11-20 00:00:00+09:00,2980.5726175362724,2984.836669921875,2929.40398890904,2984.836669921875,7508,0.0,0.0
2012-11-21 00:00:00+09:00,2984.8364293143995,3014.6847936075433,2942.1959088956223,2946.4599609375,31047,0.0,0.0
2012-11-22 00:00:00+09:00,2976.308051215278,3044.532877604167,2950.723741319445,2993.3642578125,23379,0.0,0.0
2012-11-23 00:00:00+09:00,3023.213185029871,3074.38181439568,2976.3086081112133,3044.533447265625,27880,0.0,0.0
2012-11-26 00:00:00+09:00,3010.4208420444543,3070.1175726232395,2984.8365289392605,3027.47705078125,30713,0.0,0.0
2012-11-27 00:00:00+09:00,3027.4771302211166,3044.533339405461,2976.3085026680837,3040.269287109375,21380,0.0,0.0
2012-11-28 00:00:00+09:00,3044.5334033203126,3044.5334033203126,2976.3085651506694,2984.836669921875,12714,0.0,0.0
2012-11-29 00:00:00+09:00,3010.4205185864566,3018.948622038543,2972.0440530520686,3014.6845703125,28195,0.0,0.0
2012-11-30 00:00:00+09:00,3044.533602180755,3044.533602180755,2946.460390906025,2963.5166015625,34455,0.0,0.0
2012-12-03 00:00:00+09:00,2942.1963382419062,2967.7806542266185,2891.0277062724817,2963.5166015625,24822,0.0,0.0
2012-12-04 00:00:00+09:00,2942.1956107359238,2950.723713955448,2891.026991418777,2925.139404296875,24427,0.0,0.0
2012-12-05 00:00:00+09:00,2933.667589613971,2942.195693072151,2899.55517578125,2899.55517578125,20113,0.0,0.0
2012-12-06 00:00:00+09:00,2925.1394314236113,2967.779947916667,2899.555121527778,2916.611328125,16742,0.0,0.0
2012-12-07 00:00:00+09:00,2942.19580078125,2950.7239045516308,2916.611489470109,2942.19580078125,8672,0.0,0.0
2012-12-10 00:00:00+09:00,2967.7804603794643,3001.8928794642857,2933.668041294643,2984.836669921875,28451,0.0,0.0
2012-12-11 00:00:00+09:00,3010.420904041876,3010.420904041876,2933.667963145624,2972.04443359375,25515,0.0,0.0
2012-12-12 00:00:00+09:00,2993.3646949538197,2993.3646949538197,2950.72417223368,2972.04443359375,24204,0.0,0.0
2012-12-13 00:00:00+09:00,2997.6287186913223,2997.6287186913223,2929.4038829885326,2980.572509765625,5234,0.0,0.0
2012-12-14 00:00:00+09:00,2997.6287186913223,2997.6287186913223,2954.988196377079,2980.572509765625,6924,0.0,0.0
2012-12-17 00:00:00+09:00,2989.1006426818058,2993.3646949538197,2942.196067689652,2972.04443359375,17159,0.0,0.0
2012-12-18 00:00:00+09:00,2972.043972004259,2989.100178443308,2899.555094638302,2925.139404296875,30822,0.0,0.0
2012-12-20 00:00:00+09:00,2954.987902742929,2993.364369012317,2895.291177434991,2920.87548828125,27762,0.0,0.0
2012-12-21 00:00:00+09:00,2929.4035378848807,2937.9316413430606,2848.3865550321693,2899.55517578125,14300,0.0,0.0
2012-12-24 00:00:00+09:00,2899.5553919996332,2925.139704281983,2848.386767434934,2908.08349609375,7119,0.0,0.0
2012-12-26 00:00:00+09:00,2903.8191731770835,2954.98779296875,2891.027018229167,2916.611328125,39311,0.0,0.0
2012-12-27 00:00:00+09:00,2999.4449025145773,3008.1642190916546,2925.3307116094206,2990.7255859375,3675,75.0,0.0
2012-12-28 00:00:00+09:00,2999.444950705499,3016.8835841398336,2964.567683836831,3012.52392578125,8642,0.0,0.0
2013-01-02 00:00:00+09:00,3008.164602325918,3069.199826141227,3008.164602325918,3056.120849609375,23087,0.0,0.0
2013-01-03 00:00:00+09:00,3090.99812036098,3090.99812036098,3043.041873077523,3056.120849609375,27279,0.0,0.0
2013-01-04 00:00:00+09:00,3082.278928236528,3082.278928236528,3043.041997042569,3069.199951171875,13757,0.0,0.0
2013-01-07 00:00:00+09:00,3077.9192692149772,3095.357905301181,3043.041997042569,3069.199951171875,33599,0.0,0.0
2013-01-08 00:00:00+09:00,3051.760790669326,3077.9187403036344,3034.322157579787,3073.55908203125,16778,0.0,0.0
2013-01-09 00:00:00+09:00,3043.0415518314367,3077.918818901138,3038.681893447724,3064.83984375,44288,0.0,0.0
2013-01-10 00:00:00+09:00,3064.8402921503243,3095.357905301181,3047.4016560641203,3069.199951171875,40311,0.0,0.0
2013-01-11 00:00:00+09:00,3043.041878922825,3104.077102855375,3043.041878922825,3082.27880859375,51323,0.0,0.0
2013-01-14 00:00:00+09:00,3099.717609184922,3104.07726826957,3047.4017001691423,3090.998291015625,17718,0.0,0.0
2013-01-15 00:00:00+09:00,3060.4806774230874,3104.07726826957,3060.4806774230874,3090.998291015625,5614,0.0,0.0
2013-01-16 00:00:00+09:00,3099.717489521155,3108.436807353845,3056.1209003577073,3104.0771484375,15079,0.0,0.0
2013-01-17 00:00:00+09:00,3069.200115084986,3108.4370483744246,3051.7614780674576,3077.91943359375,22765,0.0,0.0
2013-01-18 00:00:00+09:00,3077.9193137616803,3099.717609184922,3060.4806774230874,3090.998291015625,4873,0.0,0.0
2013-01-21 00:00:00+09:00,3086.63818359375,3090.997842045154,3056.120574433925,3086.63818359375,17073,0.0,0.0
2013-01-22 00:00:00+09:00,3086.6385016741074,3104.077137276786,2973.2873702566962,3051.76123046875,35197,0.0,0.0
2013-01-23 00:00:00+09:00,3060.480633128773,3073.559610193426,3012.5243838917127,3069.199951171875,43818,0.0,0.0
2013-01-24 00:00:00+09:00,3034.3226789994674,3090.9982462796297,3034.3226789994674,3069.199951171875,14779,0.0,0.0
2013-01-25 00:00:00+09:00,3051.7606642850783,3077.9186128360934,3038.681690009571,3060.47998046875,16387,0.0,0.0
2013-01-28 00:00:00+09:00,3051.761511600379,3051.761511600379,2968.92798485694,3021.243896484375,29544,0.0,0.0
2013-01-29 00:00:00+09:00,3021.243896484375,3047.4018522980928,2982.006962763799,3021.243896484375,15333,0.0,0.0
2013-01-30 00:00:00+09:00,3021.2436181640624,3056.1208893694197,2995.085664760045,3051.76123046875,10742,0.0,0.0
2013-01-31 00:00:00+09:00,3008.164306640625,3051.760890794837,2982.006356148098,3008.164306640625,9112,0.0,0.0
2013-02-01 00:00:00+09:00,3008.1640517920778,3016.883367884229,2955.8481552391722,2982.006103515625,30877,0.0,0.0
2013-02-04 00:00:00+09:00,2986.366164263557,2986.366164263557,2929.6906020220586,2964.56787109375,18342,0.0,0.0
2013-02-05 00:00:00+09:00,2934.05026065602,2968.9275297277113,2920.971284754136,2964.56787109375,12549,0.0,0.0
2013-02-06 00:00:00+09:00,2934.0498267849,3008.164012602646,2920.970852817062,2986.36572265625,20916,0.0,0.0
2013-02-07 00:00:00+09:00,2955.8481552391722,2990.725419607776,2955.8481552391722,2982.006103515625,4323,0.0,0.0
2013-02-08 00:00:00+09:00,2995.0850386348084,3003.8043546133667,2938.409484774179,2986.36572265625,6029,0.0,0.0
2013-02-12 00:00:00+09:00,2986.366045436608,3008.164337739065,2951.488777752677,2977.646728515625,2314,0.0,0.0
2013-02-13 00:00:00+09:00,2986.3659276489616,3012.523877380193,2920.9710533208818,2990.7255859375,17080,0.0,0.0
2013-02-14 00:00:00+09:00,2960.2080946736596,2982.0063869761166,2925.3308269897284,2977.646728515625,10518,0.0,0.0
2013-02-15 00:00:00+09:00,2973.2870617729873,2982.0063786696824,2951.48876953125,2951.48876953125,14785,0.0,0.0
2013-02-18 00:00:00+09:00,2960.2080254782472,3043.041534291335,2955.8483671196636,3012.52392578125,14890,0.0,0.0
2013-02-19 00:00:00+09:00,3021.2429865704835,3021.2429865704835,2964.567432709854,2986.36572265625,8410,0.0,0.0
2013-02-20 00:00:00+09:00,2990.7256729789406,3034.3222571331526,2977.646697732677,3008.164306640625,14086,0.0,0.0
2013-02-21 00:00:00+09:00,3008.1646414620536,3051.76123046875,2986.3663469587054,3051.76123046875,59291,0.0,0.0
2013-02-22 00:00:00+09:00,3051.7612023908664,3108.436767578125,3025.603249227516,3108.436767578125,22283,0.0,0.0
2013-02-25 00:00:00+09:00,3112.796085970839,3112.796085970839,3060.4801853662875,3064.83984375,3852,0.0,0.0
2013-02-26 00:00:00+09:00,3051.7613150856714,3069.199951171875,3029.9630199779167,3069.199951171875,22075,0.0,0.0
2013-02-27 00:00:00+09:00,3082.2787750842526,3125.875363133535,3069.199798669468,3112.79638671875,66173,0.0,0.0
2013-02-28 00:00:00+09:00,3138.9543395483192,3138.9543395483192,3069.199798669468,3112.79638671875,10071,0.0,0.0
2013-03-04 00:00:00+09:00,3073.559645621301,3073.559645621301,2990.726123257039,3038.682373046875,43336,0.0,0.0
2013-03-05 00:00:00+09:00,3204.348912028805,3204.348912028805,3021.2432599128733,3064.83984375,31895,0.0,0.0
2013-03-06 00:00:00+09:00,3064.8402921503243,3121.5158594304867,3029.9630199779167,3069.199951171875,20634,0.0,0.0
2013-03-07 00:00:00+09:00,3095.3578194754464,3095.3578194754464,3025.603277064732,3051.76123046875,14639,0.0,0.0
2013-03-08 00:00:00+09:00,3064.840207170759,3064.840207170759,3021.2436181640624,3051.76123046875,15699,0.0,0.0
2013-03-11 00:00:00+09:00,3051.7611448792204,3069.1997799928163,3008.164557095232,3034.322509765625,8390,0.0,0.0
2013-03-12 00:00:00+09:00,3029.962685884591,3060.480295670479,3003.804734639544,3025.60302734375,15382,0.0,0.0
2013-03-13 00:00:00+09:00,3008.1643459724237,3025.602979862119,2977.646736665457,3003.8046875,15343,0.0,0.0
2013-03-14 00:00:00+09:00,3016.8836234714677,3016.8836234714677,2964.567722486413,3008.164306640625,16056,0.0,0.0
2013-03-15 00:00:00+09:00,3003.8045790707824,3051.760820536354,2982.006287495523,3043.04150390625,19667,0.0,0.0
2013-03-18 00:00:00+09:00,3047.401162221302,3056.120478851406,2990.725604125627,3043.04150390625,36038,0.0,0.0
2013-03-19 00:00:00+09:00,3043.041621936826,3051.760938905126,2995.085378611174,3029.962646484375,40005,0.0,0.0
2013-03-20 00:00:00+09:00,3038.6816185276,3043.0412765168794,2986.36572265625,2986.36572265625,18840,0.0,0.0
2013-03-21 00:00:00+09:00,3003.804648225204,3016.8836234714677,2964.567722486413,3008.164306640625,22796,0.0,0.0
2013-03-22 00:00:00+09:00,3021.243281886889,3025.60294030231,2964.567722486413,3008.164306640625,18435,0.0,0.0
2013-03-25 00:00:00+09:00,3008.164768407308,3099.717609184922,2990.726132068715,3090.998291015625,48584,0.0,0.0
2013-03-26 00:00:00+09:00,3060.4802328853284,3099.717158947961,3060.4802328853284,3086.63818359375,820,0.0,0.0
2013-03-27 00:00:00+09:00,3104.0771484375,3112.7964662701897,3038.682264692328,3104.0771484375,17172,0.0,0.0
2013-03-28 00:00:00+09:00,3104.0766993011603,3138.9539655854433,3069.1994330168777,3099.717041015625,19750,0.0,0.0
2013-03-29 00:00:00+09:00,3112.7964205600247,3147.6736913786244,3069.199832036775,3082.27880859375,11074,0.0,0.0
2013-04-01 00:00:00+09:00,3082.2785251423466,3121.515451204979,3051.7609159825215,3086.63818359375,18663,0.0,0.0
2013-04-02 00:00:00+09:00,3082.2788427734376,3099.717478376116,3043.0419126674105,3051.76123046875,18354,0.0,0.0
2013-04-03 00:00:00+09:00,3073.559524972098,3073.559524972098,3008.1646414620536,3051.76123046875,21826,0.0,0.0
2013-04-04 00:00:00+09:00,3047.401272224238,3047.401272224238,2973.2870781930333,3003.8046875,15420,0.0,0.0
2013-04-05 00:00:00+09:00,3003.805011243973,3008.164670186272,2934.0504681671896,2995.085693359375,21742,0.0,0.0
2013-04-08 00:00:00+09:00,2968.9275693373756,3008.164497566504,2934.050299800373,2960.208251953125,16076,0.0,0.0
2013-04-09 00:00:00+09:00,2938.409512410122,2964.5674605918143,2925.3305383192755,2955.84814453125,10958,0.0,0.0
2013-04-10 00:00:00+09:00,2955.84814453125,2960.207802561532,2925.3305383192755,2955.84814453125,12558,0.0,0.0
2013-04-11 00:00:00+09:00,2934.04985437984,2960.207802561532,2929.6901963495575,2955.84814453125,10783,0.0,0.0
2013-04-12 00:00:00+09:00,2960.2084165060573,2999.4453469162995,2934.050462899229,2968.927734375,10564,0.0,0.0
2013-04-15 00:00:00+09:00,2968.9270633410856,3051.7605643740967,2968.9270633410856,3016.88330078125,29538,0.0,0.0
2013-04-16 00:00:00+09:00,3021.242958730356,3025.6026166794613,2964.5674053919797,3016.88330078125,31558,0.0,0.0
2013-04-17 00:00:00+09:00,3025.6028706460424,3043.04150390625,2982.006287495523,3043.04150390625,31323,0.0,0.0
2013-04-18 00:00:00+09:00,3051.761219113372,3051.761219113372,2964.568041424419,2999.4453125,20107,0.0,0.0
2013-04-19 00:00:00+09:00,2982.0065056295953,2999.445140165441,2934.05026065602,2964.56787109375,18682,0.0,0.0
2013-04-22 00:00:00+09:00,2947.1290888247286,3025.60294030231,2947.1290888247286,3008.164306640625,9169,0.0,0.0
2013-04-23 00:00:00+09:00,3008.1649185775163,3025.603555786661,2973.287644159226,3021.243896484375,13514,0.0,0.0
2013-04-24 00:00:00+09:00,2995.0853096105975,3069.199502133713,2982.0063344594596,3064.83984375,17267,0.0,0.0
2013-04-25 00:00:00+09:00,3069.199502133713,3086.6381356685633,3016.883601529161,3064.83984375,11147,0.0,0.0
2013-04-26 00:00:00+09:00,3064.839638560586,3064.839638560586,3038.681690009571,3060.47998046875,2160,0.0,0.0
2013-04-29 00:00:00+09:00,3060.4802328853284,3095.3575004965573,3051.7609159825215,3086.63818359375,54689,0.0,0.0
2013-04-30 00:00:00+09:00,3104.076964913409,3199.9894554023062,3099.7173062548227,3178.191162109375,66617,0.0,0.0
2013-05-02 00:00:00+09:00,3178.1908694103936,3186.910185924551,3086.6380460117402,3156.392578125,93747,0.0,0.0
2013-05-03 00:00:00+09:00,3156.392682379645,3234.8665335990286,3143.3137071764145,3226.147216796875,49262,0.0,0.0
2013-05-06 00:00:00+09:00,3195.629607989337,3278.4631176097973,3195.629607989337,3226.147216796875,63490,0.0,0.0
2013-05-07 00:00:00+09:00,3239.2261920001056,3278.4631176097973,3178.1909743850297,3226.147216796875,31597,0.0,0.0
2013-05-08 00:00:00+09:00,3230.506747508612,3335.1385449987697,3226.1470892798557,3322.0595703125,48672,0.0,0.0
2013-05-09 00:00:00+09:00,3322.060018916899,3356.9372894567086,3191.2702543926116,3326.419677734375,26825,0.0,0.0
2013-05-10 00:00:00+09:00,3278.46325308745,3374.3757418745827,3265.38427734375,3265.38427734375,21304,0.0,0.0
2013-05-13 00:00:00+09:00,3278.463311256859,3287.1826285740312,3165.1121861336164,3178.191162109375,19693,0.0,0.0
2013-05-14 00:00:00+09:00,3208.7085352891154,3269.7437519929845,3138.954001913265,3204.348876953125,62198,0.0,0.0
2013-05-15 00:00:00+09:00,3226.147428254685,3304.6212846176372,3217.428110881024,3256.6650390625,7744,0.0,0.0
2013-05-16 00:00:00+09:00,3213.068029237611,3304.620849609375,3213.068029237611,3304.620849609375,21163,0.0,0.0
2013-05-20 00:00:00+09:00,3308.9813173828124,3322.060294921875,3213.0688154296877,3269.744384765625,35404,0.0,0.0
2013-05-21 00:00:00+09:00,3278.4631176097973,3317.700043219489,3191.2699495882603,3226.147216796875,28013,0.0,0.0
2013-05-22 00:00:00+09:00,3256.665032143535,3278.4633255313765,3208.7087866902834,3230.507080078125,22765,0.0,0.0
2013-05-23 00:00:00+09:00,3230.5069619455644,3287.1825226814517,3208.7086693548385,3243.5859375,36115,0.0,0.0
2013-05-24 00:00:00+09:00,3217.427947383599,3252.305215105914,3208.70863045302,3247.945556640625,24697,0.0,0.0
2013-05-27 00:00:00+09:00,3252.30530160005,3300.2615459936164,3243.5859844375836,3265.38427734375,9791,0.0,0.0
2013-05-28 00:00:00+09:00,3265.3846458272733,3339.498850071684,3252.3056686076716,3278.463623046875,66575,0.0,0.0
2013-05-29 00:00:00+09:00,3278.463707010582,3313.340980489418,3265.3847294560187,3295.90234375,8227,0.0,0.0
2013-05-30 00:00:00+09:00,3291.5420129164213,3304.620987802182,3213.0681636018576,3234.866455078125,11128,0.0,0.0
2013-05-31 00:00:00+09:00,3256.6647769850124,3282.8227270009565,3199.989218617134,3204.348876953125,5065,0.0,0.0
2013-06-03 00:00:00+09:00,3195.6300823505107,3195.6300823505107,3121.515878530649,3173.831787109375,14059,0.0,0.0
2013-06-04 00:00:00+09:00,3173.831616210937,3204.3492279052734,3077.919122314453,3138.954345703125,10338,0.0,0.0
2013-06-05 00:00:00+09:00,3095.3577575683594,3156.3929809570313,3069.1998046875,3138.954345703125,4729,0.0,0.0
2013-06-07 00:00:00+09:00,3095.3575946095925,3182.550766288736,3073.559301689807,3130.23486328125,15722,0.0,0.0
2013-06-10 00:00:00+09:00,3152.0333221435544,3156.3929809570313,3130.2350280761716,3138.954345703125,1574,0.0,0.0
2013-06-11 00:00:00+09:00,3134.5945218652073,3208.708717792479,3077.918960273764,3130.23486328125,15851,0.0,0.0
2013-06-12 00:00:00+09:00,3130.235067693846,3156.393020905772,3108.4367733505737,3134.5947265625,8948,0.0,0.0
2013-06-13 00:00:00+09:00,3130.235061880917,3130.235061880917,3038.682225809191,3108.436767578125,14985,0.0,0.0
2013-06-14 00:00:00+09:00,3082.2785251423466,3121.515451204979,3034.322282176907,3086.63818359375,16477,0.0,0.0
2013-06-17 00:00:00+09:00,3060.4804624360186,3104.077050220007,3016.8838746520296,3034.322509765625,31041,0.0,0.0
2013-06-18 00:00:00+09:00,3012.5243237197137,3051.761254129956,2920.9714860958147,2968.927734375,48739,0.0,0.0
2013-06-19 00:00:00+09:00,2986.3660849294356,2986.3660849294356,2929.6905241935483,2973.287109375,7302,0.0,0.0
2013-06-20 00:00:00+09:00,2977.6468867216267,2977.6468867216267,2894.8133715712447,2960.208251953125,5785,0.0,0.0
2013-06-21 00:00:00+09:00,2890.454220273079,2916.612177017632,2851.21728515625,2851.21728515625,25482,0.0,0.0
2013-06-24 00:00:00+09:00,2873.0146873961103,2886.0936616938166,2846.856738800698,2868.655029296875,8180,0.0,0.0
2013-06-25 00:00:00+09:00,2838.137422602227,2877.3743454953456,2833.777764502992,2868.655029296875,18982,0.0,0.0
2013-06-26 00:00:00+09:00,2851.216790093316,2868.65542489511,2790.181568287037,2825.058837890625,5436,0.0,0.0
2013-06-27 00:00:00+09:00,2859.935972481343,2934.0501668901584,2851.216655492071,2920.97119140625,26571,0.0,0.0
2013-06-28 00:00:00+09:00,2934.0498609991464,2964.5674672799696,2846.856700196794,2873.0146484375,13966,0.0,0.0
2013-07-01 00:00:00+09:00,2873.0150781106177,2964.5679106452503,2873.0150781106177,2960.208251953125,10284,0.0,0.0
2013-07-02 00:00:00+09:00,2960.208900048902,2960.208900048902,2833.7787702971814,2890.454345703125,44150,0.0,0.0
2013-07-03 00:00:00+09:00,2890.45328059797,2912.251570798558,2855.5760162770293,2873.0146484375,8176,0.0,0.0
2013-07-04 00:00:00+09:00,2894.813499273256,2999.4453125,2877.374863735465,2999.4453125,34058,0.0,0.0
2013-07-05 00:00:00+09:00,2999.444950705499,3448.4897616396074,2999.444950705499,3012.52392578125,425128,0.0,0.0
2013-07-08 00:00:00+09:00,3021.243533430428,3082.2787563280126,2982.0066044248383,3034.322509765625,65233,0.0,0.0
2013-07-09 00:00:00+09:00,3012.5243003627234,3117.1561139787946,2955.848734654018,3051.76123046875,117513,0.0,0.0
2013-07-10 00:00:00+09:00,3047.4015715680803,3112.796455078125,3012.5243003627234,3051.76123046875,62832,0.0,0.0
2013-07-11 00:00:00+09:00,3051.761565908501,3152.0337316454943,3043.0422471487623,3147.674072265625,46502,0.0,0.0
2013-07-12 00:00:00+09:00,3169.4721185268636,3169.4721185268636,3086.638596859724,3121.515869140625,41279,0.0,0.0
2013-07-15 00:00:00+09:00,3108.43660958475,3138.9542200575315,3082.278657750937,3125.875244140625,37219,0.0,0.0
2013-07-16 00:00:00+09:00,3156.3927435756714,3182.550694489282,3104.0768417484505,3165.112060546875,22780,0.0,0.0
2013-07-17 00:00:00+09:00,3165.112459491751,3182.5510956322014,3051.7613245788234,3121.515869140625,58032,0.0,0.0
2013-07-18 00:00:00+09:00,3121.5154913512024,3226.1472955305726,3121.5154913512024,3217.427978515625,38795,0.0,0.0
2013-07-19 00:00:00+09:00,3204.34907427226,3234.8666845034245,3143.3138538099315,3182.55078125,18251,0.0,0.0
2013-07-22 00:00:00+09:00,3208.7086454028927,3226.1472793452995,3134.5944511476628,3165.112060546875,39231,0.0,0.0
2013-07-23 00:00:00+09:00,3165.1121319529075,3213.0683763764364,3095.3575946095925,3130.23486328125,11288,0.0,0.0
2013-07-24 00:00:00+09:00,3138.9542200575315,3138.9542200575315,3051.7610472781557,3125.875244140625,64306,0.0,0.0
2013-07-25 00:00:00+09:00,3125.8751096563824,3125.8751096563824,3051.7609159825215,3086.63818359375,18705,0.0,0.0
2013-07-26 00:00:00+09:00,3082.2788026730786,3117.1560734246837,3056.120849609375,3056.120849609375,15175,0.0,0.0
2013-07-29 00:00:00+09:00,3051.76123046875,3095.3578194754464,3003.804982561384,3051.76123046875,19888,0.0,0.0
2013-07-30 00:00:00+09:00,3051.7612596092613,3051.7612596092613,2960.2084218209834,2995.085693359375,41755,0.0,0.0
2013-07-31 00:00:00+09:00,3008.1643459724237,3008.1643459724237,2934.050151941219,3003.8046875,20973,0.0,0.0
2013-08-01 00:00:00+09:00,3008.1646302688955,3016.883948037791,2973.287359193314,2999.4453125,10066,0.0,0.0
2013-08-02 00:00:00+09:00,3025.603277064732,3090.9981605747766,3012.5243003627234,3051.76123046875,25330,0.0,0.0
2013-08-05 00:00:00+09:00,3051.760868598862,3077.918818901138,3025.6029182965863,3064.83984375,4881,0.0,0.0
2013-08-06 00:00:00+09:00,3064.8403274776947,3077.9193046931046,2986.366464185236,3038.682373046875,19243,0.0,0.0
2013-08-07 00:00:00+09:00,3034.322555389622,3069.199826141227,2999.4452846380173,3056.120849609375,9988,0.0,0.0
2013-08-08 00:00:00+09:00,3056.120849609375,3082.2788026730786,2999.4452846380173,3056.120849609375,5858,0.0,0.0
2013-08-09 00:00:00+09:00,3056.1208036576195,3082.2787563280126,2977.6469456464397,3034.322509765625,11314,0.0,0.0
2013-08-12 00:00:00+09:00,3029.962935965402,3051.76123046875,3008.1646414620536,3051.76123046875,6094,0.0,0.0
2013-08-13 00:00:00+09:00,3056.1208893694197,3095.3578194754464,2990.726005859375,3051.76123046875,11934,0.0,0.0
2013-08-14 00:00:00+09:00,3051.760868598862,3090.997794052276,3051.760868598862,3064.83984375,18848,0.0,0.0
2013-08-16 00:00:00+09:00,3082.278477284851,3082.278477284851,3029.9625766802988,3064.83984375,872,0.0,0.0
2013-08-19 00:00:00+09:00,2973.2867212901915,3051.7605643740967,2973.2867212901915,3016.88330078125,33587,0.0,0.0
2013-08-20 00:00:00+09:00,2977.6464767238695,3226.1469879585115,2977.6464767238695,3060.47998046875,213425,0.0,0.0
2013-08-21 00:00:00+09:00,3021.2434736428804,3064.840060564134,2894.8133715712447,2960.208251953125,48159,0.0,0.0
2013-08-22 00:00:00+09:00,2929.6905725990855,2955.8485241401486,2798.900814893769,2859.93603515625,47791,0.0,0.0
2013-08-23 00:00:00+09:00,2868.655642049215,2907.8925733234446,2842.4976878663956,2881.734619140625,37272,0.0,0.0
2013-08-26 00:00:00+09:00,2877.3746842252995,2920.971270349925,2851.216732550524,2912.251953125,16737,0.0,0.0
2013-08-27 00:00:00+09:00,2912.2518981283297,2955.848483429652,2825.058727525685,2864.295654296875,22227,0.0,0.0
2013-08-28 00:00:00+09:00,2798.9011363636364,2877.375,2798.9011363636364,2877.375,3874,0.0,0.0
2013-08-29 00:00:00+09:00,2903.532675312734,2938.40994468586,2859.936088596327,2907.892333984375,3691,0.0,0.0
2013-08-30 00:00:00+09:00,2951.4888655499717,2964.5678413205032,2859.93603515625,2859.93603515625,8869,0.0,0.0
2013-09-02 00:00:00+09:00,2890.453495609868,2947.129054347316,2886.0938372454484,2903.532470703125,11248,0.0,0.0
2013-09-03 00:00:00+09:00,2903.532596605241,2947.1291821398545,2886.093962391396,2916.611572265625,2961,0.0,0.0
2013-09-04 00:00:00+09:00,2916.6116976056783,2938.4099913097566,2890.453745160784,2929.690673828125,5305,0.0,0.0
2013-09-05 00:00:00+09:00,2947.1295905780075,2947.1295905780075,2881.7347032131106,2899.17333984375,4103,0.0,0.0
2013-09-06 00:00:00+09:00,2912.251992656016,2925.330968670938,2877.3747232828896,2907.892333984375,12863,0.0,0.0
2013-09-09 00:00:00+09:00,2920.9716396644467,2938.41027631916,2907.892662173412,2925.331298828125,412102,0.0,0.0
2013-09-10 00:00:00+09:00,2964.568041424419,3086.6384901889537,2964.568041424419,2999.4453125,56449,0.0,0.0
2013-09-11 00:00:00+09:00,3016.8833569551994,3016.8833569551994,2951.488486500968,2955.84814453125,20534,0.0,0.0
2013-09-12 00:00:00+09:00,2968.9271605401977,3090.9975871116008,2964.5675024483617,3060.47998046875,70443,0.0,0.0
2013-09-13 00:00:00+09:00,3077.91943359375,3121.516026137571,3016.8842040324007,3077.91943359375,40513,0.0,0.0
2013-09-16 00:00:00+09:00,3056.120448941711,3117.1556647550974,3021.243182762633,3073.55908203125,26792,0.0,0.0
2013-09-17 00:00:00+09:00,3077.919097549614,3082.2787563280126,3008.164557095232,3034.322509765625,16218,0.0,0.0
2013-09-23 00:00:00+09:00,3003.8046773898823,3016.883652763133,2798.9007298756233,2842.497314453125,167918,0.0,0.0
2013-09-24 00:00:00+09:00,2842.4974400644087,2886.094026568464,2807.6201708611643,2855.576416015625,35237,0.0,0.0
2013-09-25 00:00:00+09:00,2859.936604071101,2868.6559229859517,2811.980350039421,2851.21728515625,14183,0.0,0.0
2013-09-26 00:00:00+09:00,2798.9006699570664,2903.532470703125,2798.9006699570664,2903.532470703125,51910,0.0,0.0
2013-09-27 00:00:00+09:00,2903.532596605241,2916.611572265625,2881.7343038379345,2916.611572265625,2280,0.0,0.0
2013-09-30 00:00:00+09:00,2912.2519382383766,2916.611596828554,2842.497400795541,2859.93603515625,23606,0.0,0.0
2013-10-01 00:00:00+09:00,2868.655297273715,2955.848467403615,2820.69905370227,2947.129150390625,38502,0.0,0.0
2013-10-02 00:00:00+09:00,2955.8485392496254,3003.804783986714,2877.3746842252995,2912.251953125,76875,0.0,0.0
2013-10-04 00:00:00+09:00,2807.6199421432784,2842.497208505307,2772.74267578125,2772.74267578125,77998,0.0,0.0
2013-10-07 00:00:00+09:00,2785.8217209737013,2790.181379378981,2737.865478515625,2737.865478515625,30557,0.0,0.0
2013-10-08 00:00:00+09:00,2689.909391354292,2720.427001953125,2681.19007404034,2720.427001953125,33481,0.0,0.0
2013-10-10 00:00:00+09:00,2716.0667529836837,2759.663330078125,2716.0667529836837,2759.663330078125,8246,0.0,0.0
2013-10-11 00:00:00+09:00,2759.6637008954895,2772.74267578125,2733.5057511239684,2772.74267578125,10437,0.0,0.0
2013-10-14 00:00:00+09:00,2772.74267578125,2772.74267578125,2759.6637008954895,2772.74267578125,4921,0.0,0.0
2013-10-15 00:00:00+09:00,2772.7428804454476,2785.8218562966053,2764.023563211342,2777.1025390625,9562,0.0,0.0
2013-10-16 00:00:00+09:00,2777.1025390625,2790.181514913658,2742.225270126079,2777.1025390625,5008,0.0,0.0
2013-10-17 00:00:00+09:00,2790.181709265176,2790.181709265176,2672.470918405551,2729.146484375,53435,0.0,0.0
2013-10-18 00:00:00+09:00,2724.786660610101,2729.146319267077,2672.470756726387,2720.427001953125,36594,0.0,0.0
2013-10-21 00:00:00+09:00,2720.426669606855,2733.5056439799646,2672.470430238785,2702.988037109375,5611,0.0,0.0
2013-10-22 00:00:00+09:00,2716.0670114824848,2716.0670114824848,2672.470430238785,2702.988037109375,19223,0.0,0.0
2013-10-23 00:00:00+09:00,2729.146358973716,2729.146358973716,2685.549771769663,2716.0673828125,10715,0.0,0.0
2013-10-24 00:00:00+09:00,2733.5060176941215,2746.5849938553374,2702.988406651284,2716.0673828125,10342,0.0,0.0
2013-10-25 00:00:00+09:00,2737.8659268183624,2746.5852450566376,2716.067631222675,2742.2255859375,7336,0.0,0.0
2013-10-28 00:00:00+09:00,2759.663826382776,2790.1814358372458,2737.8655339152974,2785.82177734375,25311,0.0,0.0
2013-10-29 00:00:00+09:00,2785.8219818115235,2790.181640625,2755.3043701171873,2790.181640625,6576,0.0,0.0
2013-10-30 00:00:00+09:00,2807.6197672401418,3160.752067156992,2768.3828450271585,2846.856689453125,505304,0.0,0.0
2013-10-31 00:00:00+09:00,2929.69072265625,3217.428204345703,2877.3748168945312,3138.954345703125,1334619,0.0,0.0
2013-11-01 00:00:00+09:00,3095.3578194754464,3125.875431780134,2982.0066880580357,3051.76123046875,423668,0.0,0.0
2013-11-04 00:00:00+09:00,3073.5589547442573,3112.79587757078,3021.2430576422275,3060.47998046875,162895,0.0,0.0
2013-11-05 00:00:00+09:00,3077.9185805292855,3217.427638003701,2955.8481552391722,2982.006103515625,558336,0.0,0.0
2013-11-06 00:00:00+09:00,3008.1642373858344,3426.6914356308203,2990.725604125627,3043.04150390625,2595525,0.0,0.0
2013-11-07 00:00:00+09:00,3073.559321786115,3073.559321786115,2855.5763911629865,2912.251953125,454301,0.0,0.0
2013-11-08 00:00:00+09:00,2916.6115404705665,2916.6115404705665,2798.9007608103198,2811.979736328125,219379,0.0,0.0
2013-11-11 00:00:00+09:00,2816.3399210484426,2886.0944701765775,2755.3046905613246,2781.462646484375,173422,0.0,0.0
2013-11-12 00:00:00+09:00,2768.3833072561183,2838.137847281469,2720.4270609886894,2794.541259765625,92043,0.0,0.0
2013-11-13 00:00:00+09:00,2794.5412062872024,2807.6201822916664,2729.146326264881,2746.5849609375,88939,0.0,0.0
2013-11-14 00:00:00+09:00,2755.304238683637,2829.4184349773423,2750.944580078125,2750.944580078125,100066,0.0,0.0
2013-11-15 00:00:00+09:00,2759.6637790812306,2807.6200216876973,2746.5848038249214,2764.0234375,48085,0.0,0.0
2013-11-18 00:00:00+09:00,2790.1815119760477,2925.3309289623876,2746.584925851422,2912.251953125,103090,0.0,0.0
2013-11-19 00:00:00+09:00,2877.375241900803,2929.691155389908,2825.059328411697,2851.21728515625,122197,0.0,0.0
2013-11-20 00:00:00+09:00,2851.21728515625,2903.5331986453557,2833.7786473265483,2851.21728515625,61253,0.0,0.0
2013-11-21 00:00:00+09:00,2864.2956309759793,2964.567776352612,2829.41836301889,2920.97119140625,215899,0.0,0.0
2013-11-22 00:00:00+09:00,2934.050568181818,2942.7698863636365,2877.375,2877.375,50132,0.0,0.0
2013-11-25 00:00:00+09:00,2881.7344009964554,2890.4537183973525,2811.9798617892798,2825.058837890625,91029,0.0,0.0
2013-11-26 00:00:00+09:00,2846.8568066406247,2855.5761230468747,2798.9005664062497,2833.77783203125,25090,0.0,0.0
2013-11-27 00:00:00+09:00,2833.777764502992,2886.0936616938166,2807.61981590758,2868.655029296875,36745,0.0,0.0
2013-11-28 00:00:00+09:00,2855.5760549991687,2890.453319793052,2829.4181064037566,2868.655029296875,11228,0.0,0.0
2013-11-29 00:00:00+09:00,2877.3745821151265,2903.5325328616277,2811.979705248874,2842.497314453125,50280,0.0,0.0
2013-12-02 00:00:00+09:00,2855.5761833910674,2859.935841686321,2772.74267578125,2772.74267578125,66752,0.0,0.0
2013-12-03 00:00:00+09:00,2772.743327843358,2803.2609430869175,2750.945031240816,2781.462646484375,24877,0.0,0.0
2013-12-04 00:00:00+09:00,2781.4621188502547,2794.5410943307415,2729.1462169283063,2785.82177734375,30352,0.0,0.0
2013-12-05 00:00:00+09:00,2820.699158296131,2820.699158296131,2746.5849609375,2746.5849609375,16703,0.0,0.0
2013-12-06 00:00:00+09:00,2772.7430053710937,2790.181640625,2750.944711303711,2790.181640625,12486,0.0,0.0
2013-12-09 00:00:00+09:00,2781.4621657851317,2842.4973857239906,2781.4621657851317,2807.6201171875,22050,0.0,0.0
2013-12-10 00:00:00+09:00,2825.058751455745,2829.4184100228067,2777.1025072180705,2807.6201171875,4799,0.0,0.0
2013-12-11 00:00:00+09:00,2807.6202819635255,2833.778234901074,2737.86574079673,2816.339599609375,21387,0.0,0.0
2013-12-12 00:00:00+09:00,2794.5410943307415,2811.979728304724,2755.3041678892805,2785.82177734375,5430,0.0,0.0
2013-12-13 00:00:00+09:00,2825.0587037852115,2825.0587037852115,2755.3041678892805,2785.82177734375,15787,0.0,0.0
2013-12-16 00:00:00+09:00,2785.8222138138062,2807.620509696543,2702.988689459405,2711.7080078125,47611,0.0,0.0
2013-12-17 00:00:00+09:00,2663.751162109375,2733.5056933593746,2659.39150390625,2724.786376953125,55418,0.0,0.0
2013-12-18 00:00:00+09:00,2724.786503299786,2737.865478515625,2685.5495776522694,2737.865478515625,11100,0.0,0.0
2013-12-19 00:00:00+09:00,2737.8655178429026,2755.3041517145134,2698.6285916317784,2733.505859375,10756,0.0,0.0
2013-12-20 00:00:00+09:00,2733.5059779240537,2755.3042712089346,2681.19007404034,2720.427001953125,9116,0.0,0.0
2013-12-23 00:00:00+09:00,2689.9097119297626,2720.427326165595,2685.5500527532154,2711.7080078125,8215,0.0,0.0
2013-12-24 00:00:00+09:00,2702.988320691135,2737.865589345214,2650.672417710016,2698.628662109375,69706,0.0,0.0
2013-12-26 00:00:00+09:00,2689.909344945855,2702.988320691135,2624.5144662194566,2698.628662109375,42031,0.0,0.0
2013-12-27 00:00:00+09:00,2761.1793535377838,2761.1793535377838,2712.032148215914,2756.71142578125,4535,75.0,0.0
2013-12-30 00:00:00+09:00,2756.7118248877587,2761.1797532911423,2729.9042544674567,2752.243896484375,9862,0.0,0.0
2014-01-02 00:00:00+09:00,2752.244118321778,2770.115833375816,2725.4365457407216,2738.84033203125,9170,0.0,0.0
2014-01-03 00:00:00+09:00,2738.84033203125,2752.244118321778,2707.564830686684,2738.84033203125,13811,0.0,0.0
2014-01-06 00:00:00+09:00,2738.8401304546155,2738.8401304546155,2694.1608461078845,2716.50048828125,23301,0.0,0.0
2014-01-07 00:00:00+09:00,2716.500688213703,2743.3082607947595,2685.2251868691374,2738.84033203125,19775,0.0,0.0
2014-01-08 00:00:00+09:00,2747.7758549708947,2747.7758549708947,2725.4362138735705,2734.3720703125,4031,0.0,0.0
2014-01-09 00:00:00+09:00,2756.711645666862,2756.711645666862,2725.4361488764757,2743.307861328125,6648,0.0,0.0
2014-01-10 00:00:00+09:00,2743.307861328125,2752.2437175539494,2707.564436424827,2743.307861328125,12976,0.0,0.0
2014-01-13 00:00:00+09:00,2747.7759680809913,2770.11561009791,2734.3721828708403,2752.243896484375,11015,0.0,0.0
2014-01-14 00:00:00+09:00,2725.4359314855146,2823.7303421292545,2720.968003728981,2756.71142578125,16218,0.0,0.0
2014-01-15 00:00:00+09:00,2761.1796459608245,2787.9872153390847,2756.7117177311143,2783.519287109375,30796,0.0,0.0
2014-01-16 00:00:00+09:00,2774.583251953125,2810.326675488753,2752.2436122433573,2774.583251953125,19296,0.0,0.0
2014-01-17 00:00:00+09:00,2801.3909099615653,2819.262622305818,2761.1795571869975,2779.05126953125,12122,0.0,0.0
2014-01-20 00:00:00+09:00,2779.0515821550616,2823.730868041799,2743.308153445672,2819.262939453125,26228,0.0,0.0
2014-01-21 00:00:00+09:00,2783.519287109375,2819.262712947055,2765.6475741905347,2783.519287109375,20241,0.0,0.0
2014-01-22 00:00:00+09:00,2783.518978515625,2801.390689453125,2765.647267578125,2792.454833984375,6488,0.0,0.0
2014-01-23 00:00:00+09:00,2792.4553679210826,2859.474296751189,2792.4553679210826,2819.262939453125,16518,0.0,0.0
2014-01-24 00:00:00+09:00,2841.6020253258293,2841.6020253258293,2796.9227481980647,2828.1982421875,10498,0.0,0.0
2014-01-27 00:00:00+09:00,2765.6478603326004,2805.859218560376,2725.4365021048243,2761.179931640625,26407,0.0,0.0
2014-01-28 00:00:00+09:00,2761.1793535377838,2765.6472812943175,2707.56422045938,2756.71142578125,18416,0.0,0.0
2014-01-29 00:00:00+09:00,2756.7116939421626,2770.115478515625,2694.160699266003,2770.115478515625,65220,0.0,0.0
2014-02-03 00:00:00+09:00,2770.1154133591235,2805.8588380476285,2738.8399167566818,2779.05126953125,17351,0.0,0.0
2014-02-04 00:00:00+09:00,2770.115209050851,2796.922775590053,2734.371786998582,2756.71142578125,8765,0.0,0.0
2014-02-05 00:00:00+09:00,2738.8402881807497,2796.923361176426,2734.3723594887742,2761.179931640625,16639,0.0,0.0
2014-02-06 00:00:00+09:00,2761.1799762432393,2805.8592638847153,2743.3082611866485,2787.987548828125,10254,0.0,0.0
2014-02-07 00:00:00+09:00,2787.987191280242,2819.2626886183216,2756.7116939421626,2770.115478515625,21715,0.0,0.0
2014-02-10 00:00:00+09:00,2770.115324011171,2796.9228916628927,2756.7115401853107,2774.583251953125,21635,0.0,0.0
2014-02-11 00:00:00+09:00,2774.5834306499546,2801.3910000282153,2770.1155024202444,2783.519287109375,11287,0.0,0.0
2014-02-12 00:00:00+09:00,2783.519310899436,2828.1985935783996,2774.583454363643,2796.923095703125,19305,0.0,0.0
2014-02-13 00:00:00+09:00,2810.326814882315,2828.1985275365746,2792.4551022280557,2805.85888671875,14115,0.0,0.0
2014-02-14 00:00:00+09:00,2823.730712890625,2855.0062112928945,2810.326927861081,2823.730712890625,32058,0.0,0.0
2014-02-17 00:00:00+09:00,2841.6022782414598,2877.345703125,2841.6022782414598,2877.345703125,24056,0.0,0.0
2014-02-18 00:00:00+09:00,2872.877791878562,2877.345720015232,2841.602294921875,2841.602294921875,10642,0.0,0.0
2014-02-19 00:00:00+09:00,2863.942204769415,2872.8780618825804,2828.198776316755,2855.00634765625,11992,0.0,0.0
2014-02-20 00:00:00+09:00,2855.0062817649427,2904.1534947530713,2837.1345679510778,2863.942138671875,46393,0.0,0.0
2014-02-21 00:00:00+09:00,2863.942138671875,2886.2817809392063,2837.1345679510778,2863.942138671875,18246,0.0,0.0
2014-02-24 00:00:00+09:00,2859.474139636076,2863.9420679792574,2810.326927861081,2823.730712890625,22168,0.0,0.0
2014-02-25 00:00:00+09:00,2832.6667252191464,2837.13465380782,2779.0515821550616,2819.262939453125,19982,0.0,0.0
2014-02-26 00:00:00+09:00,2787.9873280502393,2814.7948985122607,2774.5835428192286,2801.39111328125,8214,0.0,0.0
2014-02-27 00:00:00+09:00,2770.1158337715347,2814.7951214130107,2770.1158337715347,2787.987548828125,8469,0.0,0.0
2014-02-28 00:00:00+09:00,2787.9872153390847,2819.262712947055,2761.1796459608245,2783.519287109375,22760,0.0,0.0
2014-03-03 00:00:00+09:00,2783.519197617313,2792.4550537894393,2752.243701014871,2779.05126953125,12776,0.0,0.0
2014-03-04 00:00:00+09:00,2774.583581602905,2774.583581602905,2694.160869092676,2729.904296875,41231,0.0,0.0
2014-03-05 00:00:00+09:00,2729.904076989388,2752.2437175539494,2725.4361488764757,2743.307861328125,9711,0.0,0.0
2014-03-06 00:00:00+09:00,2743.3080396776077,2770.11561009791,2729.9042544674567,2752.243896484375,28174,0.0,0.0
2014-03-07 00:00:00+09:00,2774.583538501294,2783.519395308061,2738.840111274224,2752.243896484375,46629,0.0,0.0
2014-03-10 00:00:00+09:00,2765.6474852730607,2779.05126953125,2743.307844842745,2779.05126953125,17653,0.0,0.0
2014-03-11 00:00:00+09:00,2761.1795571869975,2792.4550537894393,2747.7757729288082,2779.05126953125,21881,0.0,0.0
2014-03-12 00:00:00+09:00,2779.0510645639183,2783.518992320452,2698.628364946313,2756.71142578125,40971,0.0,0.0
2014-03-13 00:00:00+09:00,2752.243896484375,2761.1797532911423,2725.4363260640725,2752.243896484375,13798,0.0,0.0
2014-03-14 00:00:00+09:00,2752.243849257172,2752.243849257172,2720.9683509701586,2725.436279296875,9835,0.0,0.0
2014-03-17 00:00:00+09:00,2738.8397011718753,2810.326544921875,2738.8397011718753,2792.454833984375,30091,0.0,0.0
2014-03-18 00:00:00+09:00,2828.198622894287,2890.7496192932126,2770.1155548095703,2859.47412109375,40036,0.0,0.0
2014-03-19 00:00:00+09:00,3127.549685412691,3190.1006791209447,2926.492919921875,2926.492919921875,411796,0.0,0.0
2014-03-20 00:00:00+09:00,3011.3837815735237,3011.3837815735237,2881.8138562535946,2913.08935546875,79602,0.0,0.0
2014-03-21 00:00:00+09:00,2935.429221413352,2980.1085094105115,2881.8140758167615,2948.8330078125,71857,0.0,0.0
2014-03-24 00:00:00+09:00,2984.576304240399,3020.3197330336975,2948.832875447101,2966.70458984375,69763,0.0,0.0
2014-03-25 00:00:00+09:00,2975.6402200838415,2984.5760766006097,2886.2816549161585,2930.9609375,35459,0.0,0.0
2014-03-26 00:00:00+09:00,2890.7495357572116,2948.8326021634616,2859.4740384615384,2904.1533203125,47917,0.0,0.0
2014-03-27 00:00:00+09:00,2904.1536749428947,2917.557461134939,2841.6026727133553,2872.878173828125,51462,0.0,0.0
2014-03-28 00:00:00+09:00,2841.6026727133553,2881.814031289488,2841.6026727133553,2872.878173828125,20242,0.0,0.0
2014-03-31 00:00:00+09:00,2872.8777750145573,2890.7494874563276,2850.5381344623447,2877.345703125,12273,0.0,0.0
2014-04-01 00:00:00+09:00,2877.3461025588063,2895.2178174815317,2846.0706014440366,2872.878173828125,20308,0.0,0.0
2014-04-02 00:00:00+09:00,2890.749332303779,2913.088971656977,2859.4738372093025,2881.8134765625,16851,0.0,0.0
2014-04-03 00:00:00+09:00,2899.685523443547,2922.025165380708,2868.410024731521,2886.28173828125,23886,0.0,0.0
2014-04-04 00:00:00+09:00,2895.2175950561145,2904.153451830979,2859.4741679566564,2886.28173828125,12235,0.0,0.0
2014-04-07 00:00:00+09:00,2855.0062112928945,2890.7496380383454,2805.8589995178995,2823.730712890625,32610,0.0,0.0
2014-04-08 00:00:00+09:00,2814.79483795166,2859.47412109375,2805.858981323242,2859.47412109375,32106,0.0,0.0
2014-04-09 00:00:00+09:00,2859.4739980916033,2926.492919921875,2850.5381418475667,2926.492919921875,37897,0.0,0.0
2014-04-10 00:00:00+09:00,2944.364492157359,2944.364492157359,2859.473861882716,2895.21728515625,37426,0.0,0.0
2014-04-11 00:00:00+09:00,2863.9419428310953,2895.2174398666925,2850.538158387268,2890.74951171875,15346,0.0,0.0
2014-04-14 00:00:00+09:00,2886.281454013057,2917.5569496447774,2846.0701024865593,2908.62109375,21256,0.0,0.0
2014-04-15 00:00:00+09:00,2922.025146484375,2939.89685991853,2881.8137912575257,2922.025146484375,49699,0.0,0.0
2014-04-16 00:00:00+09:00,2939.8968560308003,3105.210205078125,2895.2175725044967,3105.210205078125,262266,0.0,0.0
2014-04-17 00:00:00+09:00,3100.7421222555226,3136.485547295932,3038.191128434806,3109.677978515625,311069,0.0,0.0
2014-04-18 00:00:00+09:00,3145.421740494978,3252.6520271027616,3105.2103830170595,3114.146240234375,258686,0.0,0.0
2014-04-21 00:00:00+09:00,3114.1456507327784,3123.081506258554,3060.530517578125,3060.530517578125,76160,0.0,0.0
2014-04-22 00:00:00+09:00,3051.5949128249595,3109.677978515625,3015.85148778455,3109.677978515625,132330,0.0,0.0
2014-04-23 00:00:00+09:00,3118.6136296185327,3221.375969849516,3060.530567748847,3087.338134765625,274032,0.0,0.0
2014-04-24 00:00:00+09:00,3078.4025054626027,3123.081787109375,3002.44772666309,3123.081787109375,85577,0.0,0.0
2014-04-25 00:00:00+09:00,3105.2099520142315,3127.5495919567798,3047.1268881636056,3056.062744140625,33539,0.0,0.0
2014-04-28 00:00:00+09:00,3064.9988085937503,3127.5498046875,3029.255382254464,3127.5498046875,54282,0.0,0.0
2014-04-29 00:00:00+09:00,3154.357274302533,3239.247909163366,3123.081777248542,3207.972412109375,179462,0.0,0.0
2014-04-30 00:00:00+09:00,3216.9086907175597,3243.716263140206,3132.018044712513,3167.761474609375,94812,0.0,0.0
2014-05-02 00:00:00+09:00,3167.761249623863,3194.568820142542,3118.6140370062853,3132.017822265625,32945,0.0,0.0
2014-05-07 00:00:00+09:00,3109.6783116257175,3127.550026060348,3047.12731110451,3114.146240234375,74931,0.0,0.0
2014-05-08 00:00:00+09:00,3118.6139481026785,3167.7611593191964,3011.3836690848216,3127.5498046875,75262,0.0,0.0
2014-05-09 00:00:00+09:00,3127.5499170476737,3154.3574877652254,3087.3385609713464,3145.421630859375,33466,0.0,0.0
2014-05-12 00:00:00+09:00,3140.953679105184,3149.889535944744,3087.338538067827,3132.017822265625,44551,0.0,0.0
2014-05-13 00:00:00+09:00,3145.421427932761,3154.3572842621156,3073.9345772979254,3123.081787109375,68621,0.0,0.0
2014-05-14 00:00:00+09:00,3140.95370240645,3216.9084861061788,3123.0819885947485,3145.421630859375,191666,0.0,0.0
2014-05-15 00:00:00+09:00,3145.421185661765,3145.421185661765,3038.19091796875,3038.19091796875,83629,0.0,0.0
2014-05-16 00:00:00+09:00,3020.3193444664303,3069.466552734375,3002.4476323689955,3069.466552734375,55605,0.0,0.0
2014-05-19 00:00:00+09:00,3069.4670854048295,3082.870871803977,2948.8330078125,2948.8330078125,63057,0.0,0.0
2014-05-20 00:00:00+09:00,2971.1729189497314,2971.1729189497314,2877.34640571974,2962.237060546875,77455,0.0,0.0
2014-05-21 00:00:00+09:00,2957.769064262218,2975.640780662594,2922.0256314614658,2971.1728515625,29686,0.0,0.0
2014-05-22 00:00:00+09:00,2980.1078666985118,3096.273990437884,2962.236155353993,3087.338134765625,119003,0.0,0.0
2014-05-23 00:00:00+09:00,3096.2741455078126,3105.210001627604,3056.06279296875,3082.870361328125,25212,0.0,0.0
2014-05-26 00:00:00+09:00,3091.8061928561683,3091.8061928561683,3029.2552005151474,3069.466552734375,32062,0.0,0.0
2014-05-27 00:00:00+09:00,3082.870312071683,3082.870312071683,2989.0438243129797,3056.062744140625,46026,0.0,0.0
2014-05-28 00:00:00+09:00,3038.19091796875,3060.5305570714613,2984.5757841222426,3038.19091796875,66199,0.0,0.0
2014-05-29 00:00:00+09:00,3069.4670854048295,3069.4670854048295,2984.576438210227,2997.980224609375,56224,0.0,0.0
2014-05-30 00:00:00+09:00,3011.3842134633455,3020.320071663534,2939.897347861842,2971.1728515625,63456,0.0,0.0
2014-06-02 00:00:00+09:00,2971.1728515625,3056.0635044642854,2971.1728515625,2971.1728515625,72919,0.0,0.0
2014-06-03 00:00:00+09:00,2971.1725849255336,2993.5122284212143,2908.6215831376276,2957.768798828125,24649,0.0,0.0
2014-06-05 00:00:00+09:00,2957.7688654119315,2957.7688654119315,2890.749933416193,2948.8330078125,28786,0.0,0.0
2014-06-09 00:00:00+09:00,2948.832716635608,2962.2365017112243,2886.2817196160645,2922.025146484375,17155,0.0,0.0
2014-06-10 00:00:00+09:00,2922.0252123873656,2944.3648546839054,2904.1534985501344,2913.08935546875,32108,0.0,0.0
2014-06-11 00:00:00+09:00,2904.153980928309,2980.108777352588,2895.2181225254526,2962.237060546875,28314,0.0,0.0
2014-06-12 00:00:00+09:00,2962.23596802684,2962.23596802684,2904.1529098302353,2944.3642578125,26039,0.0,0.0
2014-06-13 00:00:00+09:00,2926.4930937681406,2944.3648073178697,2881.813809893818,2886.28173828125,35883,0.0,0.0
2014-06-16 00:00:00+09:00,2886.28173828125,2904.153451830979,2877.3458815063855,2886.28173828125,31395,0.0,0.0
2014-06-17 00:00:00+09:00,2913.0893086058436,2962.2365208675988,2841.6024544069273,2886.28173828125,50517,0.0,0.0
2014-06-18 00:00:00+09:00,2899.685523443547,2904.153451830979,2859.4741679566564,2886.28173828125,17928,0.0,0.0
2014-06-19 00:00:00+09:00,2899.685213065442,2913.088996793017,2868.4097177010995,2895.21728515625,21761,0.0,0.0
2014-06-20 00:00:00+09:00,2872.8779763337825,2913.0893321456083,2863.94211948671,2899.685546875,34101,0.0,0.0
2014-06-23 00:00:00+09:00,2913.0892244664633,2948.8326505335367,2899.685439691311,2930.9609375,91767,0.0,0.0
2014-06-24 00:00:00+09:00,2926.4929478635772,3154.3572842621156,2926.4929478635772,3123.081787109375,415642,0.0,0.0
2014-06-25 00:00:00+09:00,3127.5499170476737,3181.1650584827767,3100.7423463301225,3145.421630859375,158484,0.0,0.0
2014-06-26 00:00:00+09:00,3140.9534261067706,3176.696850585937,3082.870361328125,3082.870361328125,215975,0.0,0.0
2014-06-27 00:00:00+09:00,3100.7421222555226,3199.0365411166486,3082.870409735318,3109.677978515625,165300,0.0,0.0
2014-06-30 00:00:00+09:00,3136.4853764960108,3154.3570880429966,3091.806097628546,3149.88916015625,90479,0.0,0.0
2014-07-01 00:00:00+09:00,3149.889544095241,3230.312255859375,3123.0819735071964,3230.312255859375,166336,0.0,0.0
2014-07-02 00:00:00+09:00,3207.972315249236,3288.39501953125,3185.6326751708984,3288.39501953125,138847,0.0,0.0
2014-07-03 00:00:00+09:00,3270.5235030500853,3350.946212141481,3248.183861635809,3261.587646484375,105369,0.0,0.0
2014-07-04 00:00:00+09:00,3288.395505077031,3288.395505077031,3181.1652168679975,3190.10107421875,153233,0.0,0.0
2014-07-07 00:00:00+09:00,3234.7803609725142,3239.2482896478905,3167.7614308418683,3190.10107421875,92850,0.0,0.0
2014-07-08 00:00:00+09:00,3167.7614308418683,3199.036931569503,3109.678358061975,3190.10107421875,267299,0.0,0.0
2014-07-09 00:00:00+09:00,3154.357644815739,3190.10107421875,3127.550072763481,3190.10107421875,50278,0.0,0.0
2014-07-10 00:00:00+09:00,3190.1008582481973,3257.1197838416465,3190.1008582481973,3252.65185546875,71653,0.0,0.0
2014-07-11 00:00:00+09:00,3234.7801419771636,3257.1197838416465,3199.0367149939902,3252.65185546875,47810,0.0,0.0
2014-07-14 00:00:00+09:00,3252.652121310764,3261.5879787868926,3207.972833930122,3216.90869140625,33557,0.0,0.0
2014-07-15 00:00:00+09:00,3216.908147169168,3288.394994884038,3194.568507258271,3274.9912109375,102842,0.0,0.0
2014-07-16 00:00:00+09:00,3239.2480566798445,3350.9462655308735,3073.934707580321,3337.54248046875,223561,0.0,0.0
2014-07-17 00:00:00+09:00,3350.945930378686,3440.304488522118,3279.459083863941,3333.07421875,164042,0.0,0.0
2014-07-18 00:00:00+09:00,3324.1385583826013,3324.1385583826013,3248.1837794948265,3306.266845703125,74864,0.0,0.0
2014-07-21 00:00:00+09:00,3306.266845703125,3359.881983741554,3279.4592766839105,3306.266845703125,39322,0.0,0.0
2014-07-22 00:00:00+09:00,3283.9272048537796,3319.6706302127322,3270.5234203441723,3306.266845703125,54866,0.0,0.0
2014-07-23 00:00:00+09:00,3306.266845703125,3337.5423428922086,3248.1837794948265,3306.266845703125,66667,0.0,0.0
2014-07-24 00:00:00+09:00,3301.7987788305763,3333.0742747058325,3221.3760751513473,3274.9912109375,95489,0.0,0.0
2014-07-25 00:00:00+09:00,3270.5237249613133,3288.395439305364,3230.3123676871987,3248.18408203125,39827,0.0,0.0
2014-07-28 00:00:00+09:00,3212.4407391858845,3239.248311418312,3091.806664139961,3154.357666015625,165136,0.0,0.0
2014-07-29 00:00:00+09:00,3154.357077826684,3154.357077826684,3069.466448253445,3100.741943359375,69032,0.0,0.0
2014-07-30 00:00:00+09:00,3087.3385609713464,3145.421630859375,3020.319634177468,3145.421630859375,45505,0.0,0.0
2014-07-31 00:00:00+09:00,3145.421517857143,3145.421517857143,3056.0629520089287,3127.5498046875,38983,0.0,0.0
2014-08-01 00:00:00+09:00,3064.9988085937503,3154.3573744419646,3064.9988085937503,3127.5498046875,45555,0.0,0.0
2014-08-04 00:00:00+09:00,3127.550072763481,3203.504860244879,3082.8707860097165,3190.10107421875,52885,0.0,0.0
2014-08-05 00:00:00+09:00,3207.9727223998343,3230.312365313482,3199.036865234375,3199.036865234375,55984,0.0,0.0
2014-08-06 00:00:00+09:00,3199.0365485767325,3221.376189279084,3118.613842048267,3158.8251953125,36293,0.0,0.0
2014-08-07 00:00:00+09:00,3158.825551050457,3176.697265625,3123.082121901371,3176.697265625,47587,0.0,0.0
2014-08-08 00:00:00+09:00,3158.825526320951,3176.697240755582,3073.9348827564563,3114.146240234375,76432,0.0,0.0
2014-08-11 00:00:00+09:00,3091.806729403409,3109.6784446022725,3056.0632990056815,3096.274658203125,14070,0.0,0.0
2014-08-12 00:00:00+09:00,3091.8060626017545,3091.8060626017545,3038.190928568198,3087.338134765625,52564,0.0,0.0
2014-08-13 00:00:00+09:00,3082.870361328125,3087.3382893880207,3056.06279296875,3082.870361328125,12250,0.0,0.0
2014-08-14 00:00:00+09:00,3082.8705398471366,3109.678109758851,3060.5308982540414,3091.806396484375,52879,0.0,0.0
2014-08-18 00:00:00+09:00,3091.806489424272,3145.421630859375,3073.934775612571,3145.421630859375,63802,0.0,0.0
2014-08-19 00:00:00+09:00,3158.8255947210296,3167.7614521318387,3105.2104502561747,3154.357666015625,27340,0.0,0.0
2014-08-20 00:00:00+09:00,3167.761276906687,3199.0367761145103,3132.017849240603,3194.56884765625,32469,0.0,0.0
2014-08-21 00:00:00+09:00,3194.568824339449,3216.9084664676966,3158.8253969342522,3181.1650390625,37335,0.0,0.0
2014-08-22 00:00:00+09:00,3185.632568359375,3225.84391915213,3172.22878476179,3185.632568359375,34253,0.0,0.0
2014-08-25 00:00:00+09:00,3203.504681190748,3203.504681190748,3140.953683231654,3181.1650390625,12285,0.0,0.0
2014-08-26 00:00:00+09:00,3194.5689801995427,3199.0369088431785,3145.42176511955,3176.697265625,16756,0.0,0.0
2014-08-27 00:00:00+09:00,3176.6971796170683,3243.716107457091,3158.8254655263954,3221.37646484375,67428,0.0,0.0
2014-08-28 00:00:00+09:00,3234.77949165748,3324.1380411507803,3207.9719268094896,3292.862548828125,88814,0.0,0.0
2014-08-29 00:00:00+09:00,3279.458945391788,3306.2665117028923,3261.587234517718,3301.798583984375,59586,0.0,0.0
2014-09-01 00:00:00+09:00,3270.5236585326647,3292.8633010089807,3181.1650886274006,3257.119873046875,79240,0.0,0.0
2014-09-02 00:00:00+09:00,3252.652121310764,3257.120050048828,3167.7614752875434,3216.90869140625,60535,0.0,0.0
2014-09-03 00:00:00+09:00,3212.440673828125,3216.9086024426283,3172.229316297592,3212.440673828125,27162,0.0,0.0
2014-09-04 00:00:00+09:00,3212.4406509825635,3216.908579565293,3172.2292937379975,3199.036865234375,23293,0.0,0.0
2014-09-05 00:00:00+09:00,3185.6323514562077,3350.945671237245,3167.760641209609,3283.9267578125,60219,0.0,0.0
2014-09-11 00:00:00+09:00,3297.331072747217,3306.266929312928,3216.9083636558216,3261.587646484375,21717,0.0,0.0
2014-09-12 00:00:00+09:00,3243.7161970059296,3261.5879115899847,3158.82555273167,3225.844482421875,40122,0.0,0.0
2014-09-15 00:00:00+09:00,3203.50446716813,3248.183748439652,3154.357257769456,3243.7158203125,52349,0.0,0.0
2014-09-16 00:00:00+09:00,3221.376179676739,3243.7158203125,3194.5686109138255,3243.7158203125,43247,0.0,0.0
2014-09-17 00:00:00+09:00,3261.5877122145434,3288.395282451923,3181.165001502404,3252.65185546875,52433,0.0,0.0
2014-09-18 00:00:00+09:00,3234.7801842907156,3257.1198264474197,3194.5688284086486,3230.312255859375,32511,0.0,0.0
2014-09-19 00:00:00+09:00,3225.844107803891,3252.6516765668043,3172.2289702780645,3243.7158203125,72990,0.0,0.0
2014-09-22 00:00:00+09:00,3216.9080736360497,3252.6514966764503,3194.568434235799,3234.77978515625,33253,0.0,0.0
2014-09-23 00:00:00+09:00,3216.9084664676966,3230.3122517446454,3114.1461126777563,3181.1650390625,82792,0.0,0.0
2014-09-24 00:00:00+09:00,3163.29290797983,3163.29290797983,3073.934351257236,3087.338134765625,83325,0.0,0.0
2014-09-25 00:00:00+09:00,3091.8060876148234,3127.5495105930295,3069.466448253445,3100.741943359375,34843,0.0,0.0
2014-09-26 00:00:00+09:00,3069.46675489128,3091.806396484375,3033.7233283423275,3091.806396484375,17322,0.0,0.0
2014-09-29 00:00:00+09:00,3091.8062174479164,3100.7420735677083,3042.659008789062,3082.870361328125,32814,0.0,0.0
2014-09-30 00:00:00+09:00,3056.062629250919,3082.870196174173,3020.319206686581,3038.19091796875,17277,0.0,0.0
2014-10-01 00:00:00+09:00,3038.1917880639094,3042.6597171640037,2935.429418761748,2971.1728515625,19012,0.0,0.0
2014-10-02 00:00:00+09:00,2935.42904704141,2989.044189453125,2895.217690232623,2989.044189453125,23916,0.0,0.0
2014-10-06 00:00:00+09:00,2989.0438243129797,3056.062744140625,2935.4286884508633,3056.062744140625,24527,0.0,0.0
2014-10-07 00:00:00+09:00,3038.191032186586,3069.466528106154,3015.851392244038,3056.062744140625,2853,0.0,0.0
2014-10-08 00:00:00+09:00,3015.8518087759658,3064.9990234375,3006.9159515647775,3064.9990234375,2342,0.0,0.0
2014-10-10 00:00:00+09:00,3024.787109375,3064.9984594257758,2962.236120407127,3024.787109375,10510,0.0,0.0
2014-10-13 00:00:00+09:00,2971.172563695196,3011.383921700093,2930.9612056902984,2993.51220703125,5820,0.0,0.0
2014-10-14 00:00:00+09:00,2948.83246366549,3006.91552734375,2935.428679739738,3006.91552734375,8761,0.0,0.0
2014-10-15 00:00:00+09:00,2980.1084210296176,3006.9159930328824,2948.832920359142,2993.51220703125,31057,0.0,0.0
2014-10-16 00:00:00+09:00,2975.64046980416,2980.1083984375,2930.9611834707644,2980.1083984375,9079,0.0,0.0
2014-10-17 00:00:00+09:00,2948.832400173611,3024.7871741174768,2948.832400173611,3015.851318359375,39521,0.0,0.0
2014-10-20 00:00:00+09:00,3015.8516098224122,3051.595036309196,3011.383681511564,3042.6591796875,14472,0.0,0.0
2014-10-21 00:00:00+09:00,3015.8518087759658,3123.082095310222,3015.8518087759658,3064.9990234375,12120,0.0,0.0
2014-10-22 00:00:00+09:00,3056.062840955011,3109.677978515625,3056.062840955011,3109.677978515625,18294,0.0,0.0
2014-10-23 00:00:00+09:00,3109.6779134580943,3132.017553640983,3100.742057384939,3118.61376953125,25719,0.0,0.0
2014-10-24 00:00:00+09:00,3118.613990136016,3132.0177751939077,3060.5309215518214,3105.210205078125,17239,0.0,0.0
2014-10-27 00:00:00+09:00,3109.6780858808056,3109.6780858808056,3051.595018184756,3078.402587890625,18395,0.0,0.0
2014-10-28 00:00:00+09:00,3078.4024332682293,3109.6779296874997,3047.1269368489584,3082.870361328125,23868,0.0,0.0
2014-10-29 00:00:00+09:00,3047.1269368489584,3091.8062174479164,3047.1269368489584,3082.870361328125,19699,0.0,0.0
2014-10-30 00:00:00+09:00,3091.8061680487026,3091.8061680487026,3015.851392244038,3056.062744140625,5573,0.0,0.0
2014-10-31 00:00:00+09:00,3056.0627686612993,3069.466552734375,3033.723128539506,3069.466552734375,7349,0.0,0.0
2014-11-03 00:00:00+09:00,3047.127107998348,3060.530892930892,3020.31953813326,3042.6591796875,2293,0.0,0.0
2014-11-04 00:00:00+09:00,3020.319594570491,3042.659236542166,2930.96102668379,2935.428955078125,35079,0.0,0.0
2014-11-05 00:00:00+09:00,2935.428841793884,2966.7043393472436,2859.4740620214397,2917.55712890625,15164,0.0,0.0
2014-11-06 00:00:00+09:00,2895.2176184514637,2917.5572605691445,2841.602477369029,2899.685546875,20093,0.0,0.0
2014-11-07 00:00:00+09:00,2859.474014683153,2895.2174398666925,2859.474014683153,2890.74951171875,8871,0.0,0.0
2014-11-10 00:00:00+09:00,2890.7496666686825,2890.7496666686825,2846.0703827943594,2886.28173828125,17108,0.0,0.0
2014-11-11 00:00:00+09:00,2881.813809893818,2886.28173828125,2850.538311181792,2886.28173828125,3174,0.0,0.0
2014-11-12 00:00:00+09:00,2872.8779060363768,2886.281690979004,2837.134479522705,2859.47412109375,8441,0.0,0.0
2014-11-13 00:00:00+09:00,2859.474387636081,2881.814031289488,2828.198886521311,2872.878173828125,14772,0.0,0.0
2014-11-14 00:00:00+09:00,2859.4740074685537,2904.15328883525,2832.666438648536,2841.602294921875,19296,0.0,0.0
2014-11-17 00:00:00+09:00,2841.6026939978965,2859.4744090544873,2783.5196200639775,2787.987548828125,32297,0.0,0.0
2014-11-18 00:00:00+09:00,2774.5833414451868,2805.8588380476285,2720.9682044124297,2779.05126953125,68662,0.0,0.0
2014-11-19 00:00:00+09:00,2779.05126953125,2796.922981875502,2725.4361324984925,2779.05126953125,32615,0.0,0.0
2014-11-20 00:00:00+09:00,2787.987347283926,2810.326989489726,2747.7759913134846,2765.647705078125,48434,0.0,0.0
2014-11-21 00:00:00+09:00,2765.6475741905347,2783.519287109375,2743.307933041984,2783.519287109375,14367,0.0,0.0
2014-11-24 00:00:00+09:00,2801.3910000282153,2841.6023540956057,2770.1155024202444,2783.519287109375,57864,0.0,0.0
2014-11-25 00:00:00+09:00,2796.923204166246,2796.923204166246,2765.647705078125,2765.647705078125,10610,0.0,0.0
2014-11-26 00:00:00+09:00,2774.5834067067794,2779.0513348979334,2707.564483839466,2770.115478515625,21786,0.0,0.0
2014-11-27 00:00:00+09:00,2765.647705078125,2774.5835619604454,2685.2249931372426,2765.647705078125,61394,0.0,0.0
2014-11-28 00:00:00+09:00,2765.647550324471,2783.519263089088,2738.8399811775453,2770.115478515625,13043,0.0,0.0
2014-12-01 00:00:00+09:00,2796.923361176426,2796.923361176426,2729.9044307967993,2761.179931640625,10830,0.0,0.0
2014-12-02 00:00:00+09:00,2720.968003728981,2761.1793535377838,2716.5000759724476,2756.71142578125,7125,0.0,0.0
2014-12-03 00:00:00+09:00,2756.7118248877587,2770.11561009791,2716.500469257305,2752.243896484375,57248,0.0,0.0
2014-12-04 00:00:00+09:00,2725.4365021048243,2805.859218560376,2725.4365021048243,2761.179931640625,31879,0.0,0.0
2014-12-05 00:00:00+09:00,2761.179931640625,2801.391289868401,2747.7761455646996,2761.179931640625,24061,0.0,0.0
2014-12-08 00:00:00+09:00,2787.987286145174,2823.730712890625,2765.647644429267,2823.730712890625,10327,0.0,0.0
2014-12-09 00:00:00+09:00,2823.730868041799,2828.1987966304728,2779.0515821550616,2819.262939453125,6596,0.0,0.0
2014-12-10 00:00:00+09:00,2814.7951214130107,2832.6668364696015,2779.0516912998296,2787.987548828125,12203,0.0,0.0
2014-12-11 00:00:00+09:00,2787.987239167332,2801.3910239710212,2752.243813024161,2796.923095703125,1165,0.0,0.0
2014-12-12 00:00:00+09:00,2796.923095703125,2810.3268805068137,2761.1796695599537,2796.923095703125,2427,0.0,0.0
2014-12-15 00:00:00+09:00,2770.1155260957466,2796.923095703125,2747.775884756265,2796.923095703125,4694,0.0,0.0
2014-12-16 00:00:00+09:00,2796.9228916628927,2801.390819604846,2761.1794681272645,2774.583251953125,9309,0.0,0.0
2014-12-17 00:00:00+09:00,2774.5833414451868,2787.987125703376,2734.371988670619,2779.05126953125,18291,0.0,0.0
2014-12-18 00:00:00+09:00,2792.4551022280557,2837.1343838637044,2787.987174064491,2805.85888671875,13799,0.0,0.0
2014-12-19 00:00:00+09:00,2828.1985275365746,2832.6664557001395,2787.987174064491,2805.85888671875,3504,0.0,0.0
2014-12-22 00:00:00+09:00,2805.8589759911565,2819.262760908312,2770.1155495454095,2810.326904296875,2512,0.0,0.0
2014-12-23 00:00:00+09:00,2779.0515821550616,2819.262939453125,2779.0515821550616,2819.262939453125,4503,0.0,0.0
2014-12-24 00:00:00+09:00,2819.262400390625,2823.730328125,2783.518978515625,2792.454833984375,5554,0.0,0.0
2014-12-26 00:00:00+09:00,2774.583325195312,2814.794677734375,2770.1153971354165,2814.794677734375,8812,0.0,0.0
2014-12-29 00:00:00+09:00,2842.2563337394395,2855.987040665717,2787.3335060343293,2810.218017578125,39257,75.0,0.0
2014-12-30 00:00:00+09:00,2778.179455327053,2810.217768650429,2773.6025534237133,2801.06396484375,8454,0.0,0.0
2015-01-02 00:00:00+09:00,2801.0639743557226,2828.525385869014,2801.0639743557226,2819.37158203125,2907,0.0,0.0
2015-01-05 00:00:00+09:00,2819.3718201977977,2819.3718201977977,2791.9104063647023,2805.64111328125,10712,0.0,0.0
2015-01-06 00:00:00+09:00,2805.6408739043445,2823.9484815644055,2773.602560499238,2814.794677734375,70146,0.0,0.0
2015-01-07 00:00:00+09:00,2810.2177758193598,2823.9484815644055,2791.910168159299,2814.794677734375,9750,0.0,0.0
2015-01-08 00:00:00+09:00,2819.372090495827,2892.602534404809,2796.4875767742697,2878.871826171875,29129,0.0,0.0
2015-01-09 00:00:00+09:00,2883.4489757701067,2897.179685178536,2851.410653817106,2888.02587890625,3653,0.0,0.0
2015-01-12 00:00:00+09:00,2897.1792087853887,2942.948232620861,2837.679477799275,2920.063720703125,15712,0.0,0.0
2015-01-13 00:00:00+09:00,2933.7944316864014,2933.7944316864014,2883.4485054016113,2929.217529296875,13563,0.0,0.0
2015-01-14 00:00:00+09:00,2929.217531201248,2956.67894555626,2883.4485072762286,2933.79443359375,11742,0.0,0.0
2015-01-15 00:00:00+09:00,2897.1792125701904,2938.3713340759277,2865.140895843506,2929.217529296875,13503,0.0,0.0
2015-01-16 00:00:00+09:00,2920.0632270477104,2933.793931877088,2855.9866045106132,2910.909423828125,16639,0.0,0.0
2015-01-19 00:00:00+09:00,2906.3332426377433,2906.3332426377433,2791.910674029958,2878.871826171875,50712,0.0,0.0
2015-01-20 00:00:00+09:00,2874.2949234275634,2897.1794371491205,2851.4104097060067,2878.871826171875,8748,0.0,0.0
2015-01-21 00:00:00+09:00,2878.8713517316683,2938.371077602116,2805.640919891117,2906.332763671875,15488,0.0,0.0
2015-01-22 00:00:00+09:00,2920.063720703125,2929.2175254702192,2878.8715992511998,2920.063720703125,7513,0.0,0.0
2015-01-23 00:00:00+09:00,2942.948007103096,2979.5632233656543,2892.602084742079,2961.255615234375,2445,0.0,0.0
2015-01-26 00:00:00+09:00,2965.8322647758155,2970.4091664189878,2901.7556417713995,2947.524658203125,17584,0.0,0.0
2015-01-27 00:00:00+09:00,2965.8322647758155,2965.8322647758155,2897.178740128227,2947.524658203125,26862,0.0,0.0
2015-01-28 00:00:00+09:00,2929.217531201248,2938.3713359862522,2901.7561168462366,2933.79443359375,2574,0.0,0.0
2015-01-29 00:00:00+09:00,2929.2173076923077,3002.4477403846154,2892.602091346154,2974.986328125,27346,0.0,0.0
2015-01-30 00:00:00+09:00,2993.294191316794,3002.447996183206,2952.102069417939,2997.87109375,57675,0.0,0.0
2015-02-02 00:00:00+09:00,3002.448248106061,3020.755859375,2956.6792199337124,3020.755859375,12188,0.0,0.0
2015-02-03 00:00:00+09:00,2993.2944453951095,3048.2172792555702,2984.1406397516994,3029.90966796875,14752,0.0,0.0
2015-02-04 00:00:00+09:00,3052.793694553605,3052.793694553605,2984.1401631918297,3039.06298828125,23021,0.0,0.0
2015-02-05 00:00:00+09:00,3034.486570790455,3057.3710848989804,2997.8713482168146,3029.90966796875,12664,0.0,0.0
2015-02-06 00:00:00+09:00,3020.755859375,3029.90966500947,2974.9868312026515,3020.755859375,14189,0.0,0.0
2015-02-09 00:00:00+09:00,3020.7556021487367,3020.7556021487367,2956.6789681637633,2988.71728515625,15768,0.0,0.0
2015-02-10 00:00:00+09:00,2988.7167783565933,3007.024384962147,2924.6401552371567,2956.678466796875,19387,0.0,0.0
2015-02-11 00:00:00+09:00,2956.678466796875,2984.139876705205,2906.332548631603,2956.678466796875,14291,0.0,0.0
2015-02-12 00:00:00+09:00,2933.793958539933,2965.832270099652,2920.063253585768,2956.678466796875,15097,0.0,0.0
2015-02-13 00:00:00+09:00,2956.678949382776,2965.8327541796266,2920.0637301953734,2942.9482421875,14387,0.0,0.0
2015-02-16 00:00:00+09:00,2942.948232620861,2965.832744538597,2888.0254040182945,2920.063720703125,25759,0.0,0.0
2015-02-17 00:00:00+09:00,2920.0635167563837,3002.44775390625,2878.8713981814503,3002.44775390625,131337,0.0,0.0
2015-02-23 00:00:00+09:00,3020.75537991811,3039.06298828125,2974.9863590102595,3039.06298828125,38963,0.0,0.0
2015-02-24 00:00:00+09:00,3061.947992172815,3075.6787006578948,3002.448255404135,3043.640380859375,19096,0.0,0.0
2015-02-25 00:00:00+09:00,3039.06347361216,3061.9479877206854,2974.9868341082893,3029.90966796875,68035,0.0,0.0
2015-02-26 00:00:00+09:00,2997.870847369553,3052.7936720541857,2920.0635123996562,2993.2939453125,43186,0.0,0.0
2015-02-27 00:00:00+09:00,3034.4865678267047,3034.4865678267047,2974.9868312026515,3020.755859375,10071,0.0,0.0
2015-03-02 00:00:00+09:00,3034.486575202655,3066.5248950011746,2993.2944497474155,3043.640380859375,35678,0.0,0.0
2015-03-03 00:00:00+09:00,3057.370856875465,3089.4091742379323,3029.9094419933504,3075.678466796875,35161,0.0,0.0
2015-03-04 00:00:00+09:00,3084.83203125,3144.331758855712,3048.2168142618693,3084.83203125,59522,0.0,0.0
2015-03-05 00:00:00+09:00,3098.5622587400903,3153.485075734006,3075.677751659292,3103.13916015625,34802,0.0,0.0
2015-03-06 00:00:00+09:00,3121.447509765625,3153.485827314539,3061.9477771747847,3121.447509765625,36791,0.0,0.0
2015-03-09 00:00:00+09:00,3093.9865579044117,3158.06320259474,3034.48681640625,3034.48681640625,41255,0.0,0.0
2015-03-10 00:00:00+09:00,3039.06298828125,3066.52440082596,3011.60157573654,3039.06298828125,11212,0.0,0.0
2015-03-11 00:00:00+09:00,3039.0634867501863,3121.4477378970287,2993.2944583352737,3071.101806640625,33594,0.0,0.0
2015-03-12 00:00:00+09:00,3089.409163191512,3089.409163191512,3020.7556262317007,3048.217041015625,46072,0.0,0.0
2015-03-13 00:00:00+09:00,3048.2172762784094,3080.255595999053,3011.60205374053,3020.755859375,23399,0.0,0.0
2015-03-16 00:00:00+09:00,3020.7556262317007,3048.217041015625,3011.6018213037255,3048.217041015625,14268,0.0,0.0
2015-03-17 00:00:00+09:00,3029.90966500947,3075.6786931818183,3011.60205374053,3020.755859375,15627,0.0,0.0
2015-03-18 00:00:00+09:00,3020.75537991811,3052.793694553605,3011.60157573654,3039.06298828125,4469,0.0,0.0
2015-03-19 00:00:00+09:00,3039.0634780310147,3066.5248950011746,3011.6020610608552,3043.640380859375,19257,0.0,0.0
2015-03-20 00:00:00+09:00,3061.9479847301136,3066.5248875473485,3002.448248106061,3020.755859375,8309,0.0,0.0
2015-03-23 00:00:00+09:00,3020.755866717575,3048.217283687735,3007.025158232495,3043.640380859375,964,0.0,0.0
2015-03-24 00:00:00+09:00,3052.7941865160947,3052.7941865160947,3011.6020610608552,3043.640380859375,1315,0.0,0.0
2015-03-25 00:00:00+09:00,3025.3327767898786,3093.986319379664,2993.2944569146453,3066.52490234375,18455,0.0,0.0
2015-03-26 00:00:00+09:00,3066.52489941991,3084.8325107597307,3025.3327739053143,3057.37109375,45923,0.0,0.0
2015-03-27 00:00:00+09:00,3057.370856875465,3084.83227175758,3029.9094419933504,3075.678466796875,21577,0.0,0.0
2015-03-30 00:00:00+09:00,3075.678227002967,3121.4472482381307,3066.5244227559347,3084.83203125,32275,0.0,0.0
2015-03-31 00:00:00+09:00,3103.13916015625,3112.2929629885693,3034.485638913855,3103.13916015625,74208,0.0,0.0
2015-04-01 00:00:00+09:00,3093.9856519358013,3295.369333422747,3057.370437119993,3199.25439453125,71772,0.0,0.0
2015-04-02 00:00:00+09:00,3203.8317940451884,3267.908429926092,3185.5241837935014,3222.139404296875,31333,0.0,0.0
2015-04-03 00:00:00+09:00,3235.869873046875,3258.754384171676,3199.254655247193,3235.869873046875,14014,0.0,0.0
2015-04-06 00:00:00+09:00,3235.8698751158636,3277.061995166843,3121.447319418697,3240.44677734375,76840,0.0,0.0
2015-04-07 00:00:00+09:00,3245.0236774967952,3258.754384171676,3199.254655247193,3235.869873046875,28489,0.0,0.0
2015-04-08 00:00:00+09:00,3235.869862613515,3235.869862613515,3180.947036091079,3212.9853515625,23183,0.0,0.0
2015-04-09 00:00:00+09:00,3190.100836356027,3212.985347377232,3167.2163253348212,3203.83154296875,31687,0.0,0.0
2015-04-10 00:00:00+09:00,3176.370121396821,3231.2929477033945,3171.793219204607,3185.52392578125,24007,0.0,0.0
2015-04-13 00:00:00+09:00,3185.523938301282,3277.061982505342,3158.062525040064,3212.9853515625,15637,0.0,0.0
2015-04-14 00:00:00+09:00,3226.716053989955,3226.716053989955,3112.2934988839284,3203.83154296875,32617,0.0,0.0
2015-04-15 00:00:00+09:00,3203.8315492198612,3226.7160602857175,3153.485624874978,3217.562255859375,22405,0.0,0.0
2015-04-16 00:00:00+09:00,3203.8310490911535,3249.60006407817,3194.67724609375,3194.67724609375,14190,0.0,0.0
2015-04-17 00:00:00+09:00,3194.6777385602677,3217.562249581473,3158.062520926339,3203.83154296875,47933,0.0,0.0
2015-04-20 00:00:00+09:00,3203.832039549398,3245.024165772176,3176.370622067546,3231.29345703125,36131,0.0,0.0
2015-04-21 00:00:00+09:00,3245.024165772176,3258.7548745131016,3158.0630104129777,3231.29345703125,94478,0.0,0.0
2015-04-22 00:00:00+09:00,3240.446749943795,3240.446749943795,3148.908706160072,3180.947021484375,14838,0.0,0.0
2015-04-23 00:00:00+09:00,3190.100836356027,3203.83154296875,3130.6011077008925,3203.83154296875,73668,0.0,0.0
2015-04-24 00:00:00+09:00,3217.5622844616237,3304.523427284911,3217.5622844616237,3281.638916015625,41265,0.0,0.0
2015-04-27 00:00:00+09:00,3281.6389180557976,3295.3696248259052,3217.5622864619604,3286.2158203125,19179,0.0,0.0
2015-04-28 00:00:00+09:00,3295.3693655635534,3299.9462674601696,3240.446542804161,3258.754150390625,36524,0.0,0.0
2015-04-29 00:00:00+09:00,3286.2158100401034,3295.369614524895,3203.831569676981,3263.331298828125,35704,0.0,0.0
2015-04-30 00:00:00+09:00,3222.139651203966,3254.17797159946,3162.63991332662,3231.29345703125,45262,0.0,0.0
2015-05-04 00:00:00+09:00,3231.2934611633905,3267.9086845193497,3203.832043646421,3245.024169921875,3397,0.0,0.0
2015-05-06 00:00:00+09:00,3235.8698583984374,3235.8698583984374,3153.485618722098,3203.83154296875,20823,0.0,0.0
2015-05-07 00:00:00+09:00,3199.254367207372,3203.831269020258,3093.985625510992,3148.908447265625,30610,0.0,0.0
2015-05-08 00:00:00+09:00,3144.3315723075375,3212.985100087178,3116.8701611956812,3199.25439453125,3045,0.0,0.0
2015-05-11 00:00:00+09:00,3203.831519582275,3212.9853239239387,3130.601084848966,3153.485595703125,13754,0.0,0.0
2015-05-12 00:00:00+09:00,3148.908922999266,3167.2165330167036,3107.716800460031,3116.87060546875,12290,0.0,0.0
2015-05-13 00:00:00+09:00,3116.8706248729904,3176.3703578000814,3084.8323071430186,3167.216552734375,22470,0.0,0.0
2015-05-14 00:00:00+09:00,3130.6010994746766,3185.52392578125,3130.6010994746766,3185.52392578125,5415,0.0,0.0
2015-05-15 00:00:00+09:00,3180.9470381540054,3222.1391580725463,3139.754918235464,3217.562255859375,33877,0.0,0.0
2015-05-18 00:00:00+09:00,3203.8315217391305,3240.4467391304347,3121.4472826086953,3158.0625,7406,0.0,0.0
2015-05-19 00:00:00+09:00,3158.0620341041367,3203.8310490911535,3126.0237236132252,3194.67724609375,29572,0.0,0.0
2015-05-20 00:00:00+09:00,3194.677967931494,3212.9855780629064,3139.7551375372564,3167.216552734375,10705,0.0,0.0
2015-05-21 00:00:00+09:00,3167.2158371015403,3203.8310490911535,3144.331329608032,3194.67724609375,38736,0.0,0.0
2015-05-22 00:00:00+09:00,3212.985100087178,3212.985100087178,3167.216081567418,3199.25439453125,21050,0.0,0.0
2015-05-26 00:00:00+09:00,3176.370359566649,3203.8317747790406,3098.563016464872,3171.79345703125,40800,0.0,0.0
2015-05-27 00:00:00+09:00,3167.216054517169,3167.216054517169,3112.2932327625363,3148.908447265625,7418,0.0,0.0
2015-05-28 00:00:00+09:00,3148.9086871355685,3171.7931979432396,3112.2934698432946,3139.7548828125,11771,0.0,0.0
2015-05-29 00:00:00+09:00,3139.754878529331,3171.7931936163654,3103.1396612870067,3130.60107421875,8843,0.0,0.0
2015-06-01 00:00:00+09:00,3126.024161292457,3153.4855741295796,3093.985846315814,3107.716552734375,17454,0.0,0.0
2015-06-02 00:00:00+09:00,3139.755119793576,3139.755119793576,3093.986094723699,3121.447509765625,2985,0.0,0.0
2015-06-03 00:00:00+09:00,3130.601059072655,3130.601059072655,3048.216820676006,3098.562744140625,19753,0.0,0.0
2015-06-04 00:00:00+09:00,3093.986319379664,3121.447736415578,3048.217290986474,3066.52490234375,6913,0.0,0.0
2015-06-05 00:00:00+09:00,3066.524420592264,3093.985833313986,3020.7553993893944,3080.255126953125,5488,0.0,0.0
2015-06-08 00:00:00+09:00,3080.255118194717,3080.255118194717,3052.7937055510793,3061.947509765625,1842,0.0,0.0
2015-06-09 00:00:00+09:00,3066.52489941991,3084.8325107597307,3029.90967674027,3057.37109375,10740,0.0,0.0
2015-06-10 00:00:00+09:00,3093.9863164296407,3098.563219264596,3020.7558710703593,3057.37109375,17670,0.0,0.0
2015-06-11 00:00:00+09:00,3057.37109375,3121.4477334393714,3034.486579575225,3057.37109375,16473,0.0,0.0
2015-06-12 00:00:00+09:00,3039.0632628946405,3139.755117990547,3039.0632628946405,3116.87060546875,34442,0.0,0.0
2015-06-15 00:00:00+09:00,3139.75487637834,3148.90868068265,3061.947539791705,3126.024169921875,7801,0.0,0.0
2015-06-16 00:00:00+09:00,3130.6010634319773,3130.6010634319773,3066.524433478691,3107.716552734375,14148,0.0,0.0
2015-06-17 00:00:00+09:00,3107.71633094965,3167.216054517169,3061.947312820789,3148.908447265625,8954,0.0,0.0
2015-06-18 00:00:00+09:00,3158.062525040064,3212.9853515625,3084.8320896768164,3212.9853515625,34429,0.0,0.0
2015-06-19 00:00:00+09:00,3240.4470022193327,3240.4470022193327,3162.639658945705,3190.10107421875,34086,0.0,0.0
2015-06-22 00:00:00+09:00,3203.8315217391305,3222.1391304347826,3144.331793478261,3158.0625,9615,0.0,0.0
2015-06-23 00:00:00+09:00,3158.0625105384443,3235.869847754609,3135.1779995925135,3180.947021484375,15159,0.0,0.0
2015-06-24 00:00:00+09:00,3180.9470319475445,3212.985347377232,3158.062520926339,3203.83154296875,16757,0.0,0.0
2015-06-25 00:00:00+09:00,3208.4084239130434,3212.9853260869563,3153.4855978260866,3158.0625,16233,0.0,0.0
2015-06-26 00:00:00+09:00,3185.5239044278424,3185.5239044278424,3112.2934698432946,3139.7548828125,22226,0.0,0.0
2015-06-29 00:00:00+09:00,3135.1779655714977,3135.1779655714977,3066.524433478691,3107.716552734375,11679,0.0,0.0
2015-06-30 00:00:00+09:00,3107.716554888557,3112.29345703125,3039.0630227481615,3112.29345703125,20026,0.0,0.0
2015-07-01 00:00:00+09:00,3107.7160615724097,3126.023667237048,3061.947047410813,3103.13916015625,11353,0.0,0.0
2015-07-02 00:00:00+09:00,3103.13916015625,3112.2929629885693,3048.216343162334,3103.13916015625,20234,0.0,0.0
2015-07-03 00:00:00+09:00,3103.139673913043,3203.8315217391305,3071.101358695652,3158.0625,13817,0.0,0.0
2015-07-06 00:00:00+09:00,3158.062491458637,3295.3695563046645,3121.447274166363,3139.7548828125,34288,0.0,0.0
2015-07-07 00:00:00+09:00,3162.6394000447885,3235.869834778098,3103.139671823975,3153.485595703125,37568,0.0,0.0
2015-07-08 00:00:00+09:00,3180.947231315297,3180.947231315297,3089.409181493274,3093.986083984375,22227,0.0,0.0
2015-07-09 00:00:00+09:00,3089.4089463177847,3112.29345703125,3025.3323163200826,3112.29345703125,13429,0.0,0.0
2015-07-10 00:00:00+09:00,3057.3708919458995,3167.216552734375,3057.3708919458995,3167.216552734375,17605,0.0,0.0
2015-07-13 00:00:00+09:00,3112.2936939487795,3158.062718859791,3093.986083984375,3093.986083984375,15136,0.0,0.0
2015-07-14 00:00:00+09:00,3116.8701492001755,3199.2543822186826,3020.7552106785843,3176.369873046875,29893,0.0,0.0
2015-07-15 00:00:00+09:00,3121.447787103842,3245.024165772176,3121.447787103842,3231.29345703125,27117,0.0,0.0
2015-07-16 00:00:00+09:00,3272.4855874388445,3272.4855874388445,3203.832043646421,3245.024169921875,12042,0.0,0.0
2015-07-17 00:00:00+09:00,3272.485107421875,3281.63891191816,3212.985378196023,3272.485107421875,12627,0.0,0.0
2015-07-20 00:00:00+09:00,3254.17797159946,3267.9086803403857,3222.139651203966,3231.29345703125,4682,0.0,0.0
2015-07-21 00:00:00+09:00,3212.9848520885566,3267.9076700729765,3180.946541597645,3194.67724609375,14563,0.0,0.0
2015-07-22 00:00:00+09:00,3194.6782391615316,3272.485588825924,3176.370627475792,3249.60107421875,7265,0.0,0.0
2015-07-23 00:00:00+09:00,3222.139151785714,3258.754369419643,3185.5239341517854,3203.83154296875,12597,0.0,0.0
2015-07-24 00:00:00+09:00,3180.9470319475445,3208.408445172991,3121.4473032924107,3203.83154296875,8471,0.0,0.0
2015-07-27 00:00:00+09:00,3199.254619565217,3199.254619565217,3130.6010869565216,3158.0625,7322,0.0,0.0
2015-07-28 00:00:00+09:00,3093.9858695652174,3240.4467391304347,3089.408967391304,3158.0625,22492,0.0,0.0
2015-07-29 00:00:00+09:00,3158.0625105384443,3203.8315324303057,3112.293488646583,3180.947021484375,16611,0.0,0.0
2015-07-30 00:00:00+09:00,3176.370095771656,3185.523900082237,3093.9858569764256,3130.60107421875,3602,0.0,0.0
2015-07-31 00:00:00+09:00,3126.0239382011946,3162.6391527042833,3098.562527323878,3148.908447265625,6328,0.0,0.0
2015-08-03 00:00:00+09:00,3148.908706160072,3180.947021484375,3107.7165864573967,3180.947021484375,9083,0.0,0.0
2015-08-04 00:00:00+09:00,3180.946541597645,3217.5617535872584,3158.0620341041367,3194.67724609375,6535,0.0,0.0
2015-08-05 00:00:00+09:00,3194.677717391304,3226.7160326086955,3130.6010869565216,3158.0625,27233,0.0,0.0
2015-08-06 00:00:00+09:00,3158.0625,3208.4084239130434,3130.6010869565216,3158.0625,8539,0.0,0.0
2015-08-07 00:00:00+09:00,3158.062729821527,3217.562462412367,3116.8706072586374,3121.447509765625,10010,0.0,0.0
2015-08-10 00:00:00+09:00,3121.447261316636,3144.331772030101,3089.4089463177847,3112.29345703125,1480,0.0,0.0
2015-08-11 00:00:00+09:00,3112.293443991098,3153.485563102745,3025.332303644288,3084.83203125,19251,0.0,0.0
2015-08-12 00:00:00+09:00,3080.255358263537,3080.255358263537,3011.6018213037255,3048.217041015625,8791,0.0,0.0
2015-08-13 00:00:00+09:00,3020.754934665376,3126.023667237048,3020.754934665376,3103.13916015625,5584,0.0,0.0
2015-08-14 00:00:00+09:00,3103.13916015625,3103.13916015625,3103.13916015625,3103.13916015625,0,0.0,0.0
2015-08-17 00:00:00+09:00,3107.717267480911,3112.2941706730767,3029.9099132140836,3034.48681640625,8302,0.0,0.0
2015-08-18 00:00:00+09:00,3052.7937375788106,3144.3317806846217,3034.486128957648,3130.60107421875,6869,0.0,0.0
2015-08-19 00:00:00+09:00,3130.601303913184,3130.601303913184,3016.1787416356556,3093.986083984375,4543,0.0,0.0
2015-08-20 00:00:00+09:00,3112.2934505400663,3139.7548633389492,3034.486114276565,3098.562744140625,7032,0.0,0.0
2015-08-21 00:00:00+09:00,3066.5244227559347,3089.4089333735164,2938.371163297478,3084.83203125,17058,0.0,0.0
2015-08-24 00:00:00+09:00,3080.2548113843604,3084.831713035749,2929.217056888545,2956.678466796875,15336,0.0,0.0
2015-08-25 00:00:00+09:00,2956.6783148391405,3121.4467658208887,2897.1785964290652,3103.13916015625,9552,0.0,0.0
2015-08-26 00:00:00+09:00,3112.2934548738954,3116.8703570134157,3093.985846315814,3107.716552734375,6118,0.0,0.0
2015-08-27 00:00:00+09:00,3107.717267480911,3153.4862994025734,3020.756106829751,3034.48681640625,28263,0.0,0.0
2015-08-28 00:00:00+09:00,3061.947520632418,3139.754856732196,3034.4861078913204,3084.83203125,13074,0.0,0.0
2015-08-31 00:00:00+09:00,3084.8325063146144,3112.2939232847743,3020.755866717575,3043.640380859375,8254,0.0,0.0
2015-09-01 00:00:00+09:00,3043.640385245135,3066.52489941991,3029.90967674027,3057.37109375,1499,0.0,0.0
2015-09-02 00:00:00+09:00,3052.7937291762405,3112.29345703125,3020.7554141773894,3112.29345703125,5568,0.0,0.0
2015-09-03 00:00:00+09:00,3139.7553477728543,3139.7553477728543,3029.909679629198,3066.52490234375,11157,0.0,0.0
2015-09-04 00:00:00+09:00,3066.52490234375,3084.832513701026,3020.75587395056,3066.52490234375,7825,0.0,0.0
2015-09-07 00:00:00+09:00,3061.9477593558177,3112.293686639695,3057.370856875465,3075.678466796875,1081,0.0,0.0
2015-09-08 00:00:00+09:00,3075.6782116754125,3075.6782116754125,3020.755386466923,3052.793701171875,6005,0.0,0.0
2015-09-09 00:00:00+09:00,3057.37109375,3112.2939277694613,3039.06348241018,3057.37109375,17466,0.0,0.0
2015-09-10 00:00:00+09:00,3052.793722809153,3121.447254806361,3052.793722809153,3098.562744140625,4230,0.0,0.0
2015-09-11 00:00:00+09:00,3112.29345703125,3112.29345703125,3057.3706313189336,3112.29345703125,1446,0.0,0.0
2015-09-14 00:00:00+09:00,3066.5246264237176,3121.4474555536945,2988.71728515625,2988.71728515625,23475,0.0,0.0
2015-09-15 00:00:00+09:00,2993.2939673734,3084.8320091891,2984.1401631918297,3039.06298828125,19246,0.0,0.0
2015-09-16 00:00:00+09:00,3039.063016409712,3126.024156939508,3020.755407877123,3098.562744140625,13752,0.0,0.0
2015-09-17 00:00:00+09:00,3121.4472482381307,3130.601052485163,3020.7554015207716,3084.83203125,27903,0.0,0.0
2015-09-18 00:00:00+09:00,3075.678224832838,3084.832029073412,3007.024693028534,3080.255126953125,36708,0.0,0.0
2015-09-21 00:00:00+09:00,3093.986319379664,3093.986319379664,3020.75587395056,3066.52490234375,17404,0.0,0.0
2015-09-22 00:00:00+09:00,3061.947509765625,3089.4089224092627,3020.7553908001682,3061.947509765625,58369,0.0,0.0
2015-09-23 00:00:00+09:00,3052.793701171875,3084.8320158768274,2984.1401696612634,3052.793701171875,20548,0.0,0.0
2015-09-24 00:00:00+09:00,3052.793716385386,3084.83203125,2988.7170866561573,3084.83203125,32243,0.0,0.0
2015-09-25 00:00:00+09:00,3084.8320420367727,3121.4472591529366,3029.909216362528,3107.716552734375,26489,0.0,0.0
2015-09-30 00:00:00+09:00,3112.293932214046,3112.293932214046,3039.0634867501863,3071.101806640625,38096,0.0,0.0
2015-10-01 00:00:00+09:00,3071.1013356182116,3176.3700848271815,3057.3706291996505,3107.716552734375,23179,0.0,0.0
2015-10-02 00:00:00+09:00,3103.1396505948546,3121.4472591529366,3057.3706291996505,3107.716552734375,31077,0.0,0.0
2015-10-05 00:00:00+09:00,3107.716552734375,3130.6010634319773,3061.947531339171,3107.716552734375,30106,0.0,0.0
2015-10-06 00:00:00+09:00,3107.7160615724097,3126.023667237048,3071.1008502431323,3103.13916015625,24518,0.0,0.0
2015-10-07 00:00:00+09:00,3121.44726776972,3148.90868068265,3061.947539791705,3126.024169921875,34350,0.0,0.0
2015-10-08 00:00:00+09:00,3130.6010784894315,3171.7931979432396,3103.1396655202257,3139.7548828125,16325,0.0,0.0
2015-10-12 00:00:00+09:00,3158.0627564001975,3194.6779767642574,3103.139925854107,3190.10107421875,17871,0.0,0.0
2015-10-13 00:00:00+09:00,3212.9855991710315,3249.600819674405,3162.639670978893,3222.139404296875,31458,0.0,0.0
2015-10-14 00:00:00+09:00,3245.023392982317,3245.023392982317,3158.0622583325794,3162.63916015625,8542,0.0,0.0
2015-10-15 00:00:00+09:00,3194.677740643946,3231.2929583017562,3167.2163274005884,3208.408447265625,13398,0.0,0.0
2015-10-16 00:00:00+09:00,3208.408447265625,3235.8698605089826,3171.7932296078147,3208.408447265625,12102,0.0,0.0
2015-10-19 00:00:00+09:00,3245.0236774967952,3249.600579721756,3203.8315574721537,3235.869873046875,9652,0.0,0.0
2015-10-20 00:00:00+09:00,3203.831547142094,3235.869862613515,3144.331818409455,3212.9853515625,26426,0.0,0.0
2015-10-21 00:00:00+09:00,3208.4084086606654,3208.4084086606654,3112.29346346541,3126.024169921875,28145,0.0,0.0
2015-10-22 00:00:00+09:00,3126.0239528688985,3176.369873046875,3116.8701492001755,3176.369873046875,15621,0.0,0.0
2015-10-23 00:00:00+09:00,3158.06247845818,3176.370087028952,3112.29345703125,3112.29345703125,18200,0.0,0.0
2015-10-26 00:00:00+09:00,3112.2932253649637,3135.177734375,3107.7163235629564,3135.177734375,6637,0.0,0.0
2015-10-27 00:00:00+09:00,3130.6010784894315,3148.9086871355685,3098.5627633586914,3139.7548828125,4235,0.0,0.0
2015-10-28 00:00:00+09:00,3148.908922999266,3158.062728007985,3103.139897955672,3116.87060546875,11313,0.0,0.0
2015-10-29 00:00:00+09:00,3116.8703677528783,3135.1779763740406,3103.1396612870067,3130.60107421875,6743,0.0,0.0
2015-10-30 00:00:00+09:00,3148.908682839912,3148.908682839912,3048.21683542352,3130.60107421875,31236,0.0,0.0
2015-11-02 00:00:00+09:00,3084.8315544916113,3148.9081743178463,3048.216343162334,3103.13916015625,14890,0.0,0.0
2015-11-03 00:00:00+09:00,3103.139888966577,3121.447498930982,3057.3708640555656,3093.986083984375,13646,0.0,0.0
2015-11-04 00:00:00+09:00,3089.4089441762935,3116.8703570134157,3066.524433478691,3107.716552734375,3168,0.0,0.0
2015-11-05 00:00:00+09:00,3107.716519643025,3107.716519643025,3029.90918409968,3039.06298828125,33801,0.0,0.0
2015-11-06 00:00:00+09:00,3048.2167990711678,3061.94750537329,3002.447778064093,3052.793701171875,10603,0.0,0.0
2015-11-09 00:00:00+09:00,3039.0632360876502,3061.9477484075874,2997.8711139117636,3048.217041015625,29633,0.0,0.0
2015-11-10 00:00:00+09:00,3048.2172762784094,3048.2172762784094,3007.0251509232953,3020.755859375,1583,0.0,0.0
2015-11-11 00:00:00+09:00,3084.8319933468892,3084.8319933468892,2961.2556375303225,3007.024658203125,19266,0.0,0.0
2015-11-12 00:00:00+09:00,3020.755611524031,3020.755611524031,2965.832782223594,3011.601806640625,5239,0.0,0.0
2015-11-13 00:00:00+09:00,3002.448248106061,3048.2172762784094,2974.9868312026515,3020.755859375,6124,0.0,0.0
2015-11-16 00:00:00+09:00,3016.1786978317914,3020.7556002564224,2956.678966311589,2984.140380859375,5538,0.0,0.0
2015-11-17 00:00:00+09:00,2984.1403919904064,3029.909416407437,2947.525172456782,3011.601806640625,4746,0.0,0.0
2015-11-18 00:00:00+09:00,3002.4474833107583,3020.755089916312,2952.101565145487,2956.678466796875,9131,0.0,0.0
2015-11-19 00:00:00+09:00,2979.563455581665,2979.563455581665,2910.9099197387695,2929.217529296875,18071,0.0,0.0
2015-11-20 00:00:00+09:00,2920.0639709282514,3025.3327347704926,2915.487068152502,2938.37158203125,8450,0.0,0.0
2015-11-23 00:00:00+09:00,2938.3711005632267,2965.8325127180233,2924.6403944858284,2952.101806640625,3129,0.0,0.0
2015-11-24 00:00:00+09:00,2965.8322647758155,2974.9860680621605,2910.9094450577445,2947.524658203125,6003,0.0,0.0
2015-11-25 00:00:00+09:00,2947.524663494098,3002.4474833107583,2929.217056888545,2956.678466796875,7816,0.0,0.0
2015-11-26 00:00:00+09:00,2974.986107324071,3020.7551243598255,2892.6018766597117,3016.17822265625,34060,0.0,0.0
2015-11-27 00:00:00+09:00,3029.909416407437,3039.0632212908436,2979.5634895487033,3011.601806640625,279,0.0,0.0
2015-11-30 00:00:00+09:00,3011.60177816388,3011.60177816388,2942.9482421875,2942.9482421875,14531,0.0,0.0
2015-12-01 00:00:00+09:00,2942.948002589026,2965.8325127180233,2920.063492460029,2952.101806640625,9448,0.0,0.0
2015-12-02 00:00:00+09:00,2952.102041244507,2952.102041244507,2851.4101886749268,2929.217529296875,33169,0.0,0.0
2015-12-03 00:00:00+09:00,2929.2177719092333,2938.3715774464495,2888.02564699176,2924.640869140625,4070,0.0,0.0
2015-12-04 00:00:00+09:00,2924.640643808985,2984.1403752166793,2924.640643808985,2970.40966796875,6792,0.0,0.0
2015-12-07 00:00:00+09:00,2988.7170845473856,3144.3317566371425,2929.2173569836555,3080.255126953125,61083,0.0,0.0
2015-12-08 00:00:00+09:00,3450.9839750474853,3771.367102704414,3093.985632801194,3162.63916015625,2162097,0.0,0.0
2015-12-09 00:00:00+09:00,3638.6370800121413,3702.7137078362543,3162.639273318729,3386.907470703125,1719134,0.0,0.0
2015-12-10 00:00:00+09:00,3281.639117880817,3322.831240699405,3162.6396519604527,3171.79345703125,417871,0.0,0.0
2015-12-11 00:00:00+09:00,3212.9855297191725,3432.6768479905686,3048.217041015625,3048.217041015625,531628,0.0,0.0
2015-12-14 00:00:00+09:00,3020.7553485576923,3171.793115985577,2915.4866015625003,2974.986328125,221583,0.0,0.0
2015-12-15 00:00:00+09:00,2974.986328125,3057.370564903846,2938.371111778846,2974.986328125,232259,0.0,0.0
2015-12-16 00:00:00+09:00,2997.8708383413464,3061.9474669471156,2938.371111778846,2974.986328125,218383,0.0,0.0
2015-12-17 00:00:00+09:00,2997.8708930121525,3107.7165440538192,2979.5632845052082,3089.408935546875,221046,0.0,0.0
2015-12-18 00:00:00+09:00,3112.293443991098,3203.8314864614244,3075.678227002967,3084.83203125,255294,0.0,0.0
2015-12-21 00:00:00+09:00,3071.1018022548656,3084.8325107597307,3002.448259730539,3057.37109375,173031,0.0,0.0
2015-12-22 00:00:00+09:00,3093.9863164296407,3093.9863164296407,3029.90967674027,3057.37109375,144382,0.0,0.0
2015-12-23 00:00:00+09:00,3066.5247429741753,3428.100048489041,3057.3709377712676,3295.369873046875,733998,0.0,0.0
2015-12-24 00:00:00+09:00,3254.177286001352,3377.753638634315,3148.9085411658657,3331.984619140625,425141,0.0,0.0
2015-12-28 00:00:00+09:00,3331.985325392278,3341.1391312312676,3194.6782378074313,3245.024169921875,227920,0.0,0.0
2015-12-29 00:00:00+09:00,3333.229425384565,3388.937995168151,3263.5937131550822,3291.447998046875,237610,50.0,0.0
2015-12-30 00:00:00+09:00,3333.228984854814,3333.228984854814,3207.8847194076275,3212.527099609375,173524,0.0,0.0
2016-01-04 00:00:00+09:00,3212.5266865305657,3235.7385845546305,3166.102890482436,3180.030029296875,120866,0.0,0.0
2016-01-05 00:00:00+09:00,3128.9641794360246,3277.520342257913,3124.3217993478406,3245.023681640625,72336,0.0,0.0
2016-01-06 00:00:00+09:00,3249.666080918423,3319.301782652389,3152.1760984908706,3193.95751953125,169251,0.0,0.0
2016-01-07 00:00:00+09:00,3221.8119277056526,3249.666209501379,3110.394800522748,3156.818603515625,154232,0.0,0.0
2016-01-08 00:00:00+09:00,3133.606456888133,3416.7916329920977,3096.4674173990884,3231.096435546875,524077,0.0,0.0
2016-01-11 00:00:00+09:00,3272.877621393134,3282.16238060276,3180.030029296875,3180.030029296875,139203,0.0,0.0
2016-01-12 00:00:00+09:00,3156.818524267649,3207.884706277861,3105.7523422574372,3189.315185546875,144057,0.0,0.0
2016-01-13 00:00:00+09:00,3198.6001330288973,3296.090122569691,3161.4610893943095,3268.23583984375,91892,0.0,0.0
2016-01-14 00:00:00+09:00,3203.2425028483076,3398.222481282552,3198.600122409397,3342.513916015625,148517,0.0,0.0
2016-01-15 00:00:00+09:00,3328.5864142056166,3407.506873119836,3203.2421559300915,3231.096435546875,186658,0.0,0.0
2016-01-18 00:00:00+09:00,3189.3153948102677,3296.090146019345,3189.3153948102677,3217.169677734375,74769,0.0,0.0
2016-01-19 00:00:00+09:00,3184.6730143229165,3231.0968191964284,3161.461111886161,3217.169677734375,77020,0.0,0.0
2016-01-20 00:00:00+09:00,3212.5270318942094,3240.3813125175693,2980.408026699541,3096.467529296875,213537,0.0,0.0
2016-01-21 00:00:00+09:00,3073.2553411243916,3147.5334158343467,3040.7586834387866,3101.109619140625,65230,0.0,0.0
2016-01-22 00:00:00+09:00,3110.394709522773,3203.2423127921097,3110.394709522773,3166.103271484375,34836,0.0,0.0
2016-01-25 00:00:00+09:00,3198.6000262092143,3198.6000262092143,3128.964321719899,3156.818603515625,51656,0.0,0.0
2016-01-26 00:00:00+09:00,3110.394664222639,3184.672745756314,3054.686103072383,3170.74560546875,108633,0.0,0.0
2016-01-27 00:00:00+09:00,3198.599886043878,3198.599886043878,3124.321804510203,3170.74560546875,47510,0.0,0.0
2016-01-28 00:00:00+09:00,3147.5337049894765,3198.599886043878,3110.394664222639,3170.74560546875,54405,0.0,0.0
2016-01-29 00:00:00+09:00,3170.7456709867142,3286.80517578125,3128.9642492606818,3286.80517578125,88774,0.0,0.0
2016-02-01 00:00:00+09:00,3286.8048394722623,3319.301497489643,3221.8115234375,3221.8115234375,54794,0.0,0.0
2016-02-02 00:00:00+09:00,3221.8115842977704,3254.3082429290157,3189.3149256665247,3240.381103515625,78701,0.0,0.0
2016-02-03 00:00:00+09:00,3189.3150161217,3240.381195419136,3087.1826575268274,3231.096435546875,126793,0.0,0.0
2016-02-04 00:00:00+09:00,3258.9508946305614,3319.30183712372,3175.388051178496,3286.80517578125,93936,0.0,0.0
2016-02-05 00:00:00+09:00,3175.3879990688592,3314.6594025367917,3175.3879990688592,3193.95751953125,57186,0.0,0.0
2016-02-11 00:00:00+09:00,3105.7524202234604,3166.1033641142003,3054.686236931296,3156.818603515625,153952,0.0,0.0
2016-02-12 00:00:00+09:00,3156.8188120672376,3198.6002375210687,3040.7592969177067,3184.673095703125,126476,0.0,0.0
2016-02-15 00:00:00+09:00,3184.6726502596734,3263.5931095226683,3138.248850693206,3254.308349609375,137525,0.0,0.0
2016-02-16 00:00:00+09:00,3249.665772848289,3333.228607007245,3245.0233931727917,3323.94384765625,122140,0.0,0.0
2016-02-17 00:00:00+09:00,3337.8718061998634,3370.368471906955,3277.520855600979,3291.447998046875,96547,0.0,0.0
2016-02-18 00:00:00+09:00,3291.44744985594,3384.2950506981383,3258.9507895611705,3272.8779296875,128969,0.0,0.0
2016-02-19 00:00:00+09:00,3296.0899229307433,3560.705592799831,3296.0899229307433,3435.361328125,493273,0.0,0.0
2016-02-22 00:00:00+09:00,3453.9308488175675,3504.9970307221283,3393.579906566723,3435.361328125,148001,0.0,0.0
2016-02-23 00:00:00+09:00,3500.3548874627977,3509.6396484375,3314.65966796875,3314.65966796875,214644,0.0,0.0
2016-02-24 00:00:00+09:00,3310.0169559151786,3310.0169559151786,3207.884595424107,3249.666015625,147464,0.0,0.0
2016-02-25 00:00:00+09:00,3249.666080918423,3263.5932212652165,3184.6727593000546,3193.95751953125,147077,0.0,0.0
2016-02-26 00:00:00+09:00,3193.957473466981,3221.811753758844,3175.3879532724054,3198.599853515625,53580,0.0,0.0
2016-02-29 00:00:00+09:00,3226.454166619006,3226.454166619006,3156.8184651811857,3170.74560546875,77356,0.0,0.0
2016-03-02 00:00:00+09:00,3198.599624853656,3235.738662587806,3156.8182074027377,3221.8115234375,65932,0.0,0.0
2016-03-03 00:00:00+09:00,3254.308181454881,3282.1624597554933,3212.5267640039624,3221.8115234375,92214,0.0,0.0
2016-03-04 00:00:00+09:00,3221.8115234375,3231.0962828710376,3184.67248570335,3221.8115234375,44931,0.0,0.0
2016-03-07 00:00:00+09:00,3245.023596246146,3249.6659762121635,3091.8250573675728,3105.752197265625,273940,0.0,0.0
2016-03-08 00:00:00+09:00,3105.752289504662,3115.0370497124486,3059.3284884657282,3096.467529296875,79536,0.0,0.0
2016-03-09 00:00:00+09:00,3091.8254749644884,3124.322139115767,3036.116907848011,3063.97119140625,115251,0.0,0.0
2016-03-10 00:00:00+09:00,3063.970763424793,3082.540283203125,3012.9045840343797,3082.540283203125,130816,0.0,0.0
2016-03-11 00:00:00+09:00,3082.540455033397,3082.540455033397,3031.474272796398,3040.759033203125,61009,0.0,0.0
2016-03-14 00:00:00+09:00,3045.401393581081,3119.6794763513512,3045.401393581081,3091.8251953125,98479,0.0,0.0
2016-03-15 00:00:00+09:00,3119.67915239726,3166.1029493079336,3045.4010773401824,3050.04345703125,86320,0.0,0.0
2016-03-16 00:00:00+09:00,3050.0438400408543,3077.898121685063,3022.1895583966457,3036.11669921875,42548,0.0,0.0
2016-03-17 00:00:00+09:00,3036.116272529208,3087.182448366855,3031.4738929076034,3054.685791015625,47904,0.0,0.0
2016-03-18 00:00:00+09:00,3059.3281706372295,3073.255309502042,3017.546754042791,3054.685791015625,42597,0.0,0.0
2016-03-21 00:00:00+09:00,3054.6859449303665,3054.6859449303665,2989.692626953125,2989.692626953125,118975,0.0,0.0
2016-03-22 00:00:00+09:00,3022.1892548076926,3026.8316346153847,2961.8383173076923,3017.546875,79647,0.0,0.0
2016-03-23 00:00:00+09:00,3008.262054348878,3073.2553703378967,2971.123016640867,2998.977294921875,126780,0.0,0.0
2016-03-24 00:00:00+09:00,2975.7658683530744,2975.7658683530744,2878.27587890625,2878.27587890625,208932,0.0,0.0
2016-03-25 00:00:00+09:00,2855.063787460327,2971.123291015625,2855.063787460327,2971.123291015625,123364,0.0,0.0
2016-03-28 00:00:00+09:00,2957.1961505889894,2998.9775718688966,2952.5537704467774,2971.123291015625,26437,0.0,0.0
2016-03-29 00:00:00+09:00,2957.1961505889894,2989.692811584473,2924.699489593506,2971.123291015625,60390,0.0,0.0
2016-03-30 00:00:00+09:00,2971.123291015625,2994.3351917266846,2961.8385307312014,2971.123291015625,43391,0.0,0.0
2016-03-31 00:00:00+09:00,2998.9776570264717,3045.4014597668197,2971.123375382263,3036.11669921875,90512,0.0,0.0
2016-04-01 00:00:00+09:00,3036.1163326298856,3050.0434717703897,2989.692535494872,2998.977294921875,39139,0.0,0.0
2016-04-04 00:00:00+09:00,2989.692773732534,3073.255615234375,2975.7656334822273,3073.255615234375,54765,0.0,0.0
2016-04-05 00:00:00+09:00,3036.11669921875,3068.6133611369933,3003.6200373005063,3036.11669921875,33355,0.0,0.0
2016-04-06 00:00:00+09:00,3068.6130374878876,3068.6130374878876,2975.7654417999033,2994.3349609375,34713,0.0,0.0
2016-04-07 00:00:00+09:00,2989.6926728956064,3026.831712310459,2957.1960134076107,2985.05029296875,57527,0.0,0.0
2016-04-08 00:00:00+09:00,2971.1231075310557,3091.8249837745047,2971.1231075310557,2989.692626953125,104871,0.0,0.0
2016-04-11 00:00:00+09:00,3012.9045699123913,3063.9707490634487,2989.692670298274,3059.328369140625,86283,0.0,0.0
2016-04-12 00:00:00+09:00,3077.897888831919,3077.897888831919,3031.4740896036847,3059.328369140625,51997,0.0,0.0
2016-04-14 00:00:00+09:00,3003.619690035162,3059.3282468828,3003.619690035162,3022.189208984375,77324,0.0,0.0
2016-04-15 00:00:00+09:00,2998.977611372853,3045.4014134064887,2994.3352311694894,3040.759033203125,36145,0.0,0.0
2016-04-18 00:00:00+09:00,3026.831840878441,3119.679443359375,3022.1894607543945,3119.679443359375,74531,0.0,0.0
2016-04-19 00:00:00+09:00,3077.898080679087,3142.891403649686,3073.255700466901,3138.2490234375,108531,0.0,0.0
2016-04-20 00:00:00+09:00,3133.606757945065,3166.103420620051,3077.898193359375,3077.898193359375,66655,0.0,0.0
2016-04-21 00:00:00+09:00,3082.540968632519,3128.964778401081,3063.971444725094,3087.183349609375,33322,0.0,0.0
2016-04-22 00:00:00+09:00,3110.3947160050675,3110.3947160050675,3073.2556746199325,3091.8251953125,25113,0.0,0.0
2016-04-25 00:00:00+09:00,3091.8253345057974,3128.9643775629243,3050.04391106653,3077.898193359375,25166,0.0,0.0
2016-04-26 00:00:00+09:00,3091.825730586231,3096.4681115630874,3040.759539840813,3087.183349609375,43738,0.0,0.0
2016-04-27 00:00:00+09:00,3101.1099556587837,3119.6794763513512,3073.2556746199325,3091.8251953125,41137,0.0,0.0
2016-04-28 00:00:00+09:00,3128.9645197088066,3128.9645197088066,3063.97119140625,3063.97119140625,50220,0.0,0.0
2016-04-29 00:00:00+09:00,3077.8979953178105,3082.540375401246,3017.5470542331477,3073.255615234375,48705,0.0,0.0
2016-05-02 00:00:00+09:00,3091.8252625071673,3091.8252625071673,3031.474318944715,3036.11669921875,48404,0.0,0.0
2016-05-03 00:00:00+09:00,3063.970763424793,3105.75218292604,3040.7588637018775,3082.540283203125,38882,0.0,0.0
2016-05-04 00:00:00+09:00,3082.540713778409,3082.540713778409,3040.759288441051,3063.97119140625,30731,0.0,0.0
2016-05-09 00:00:00+09:00,3073.2557414110283,3142.89144552155,3036.11669921875,3036.11669921875,76238,0.0,0.0
2016-05-10 00:00:00+09:00,3068.61357199929,3091.8254749644884,3022.189766068892,3063.97119140625,43722,0.0,0.0
2016-05-11 00:00:00+09:00,3091.824827988459,3091.824827988459,3036.116272529208,3054.685791015625,28193,0.0,0.0
2016-05-12 00:00:00+09:00,3063.9710522129526,3091.8253345057974,3031.4743895379665,3077.898193359375,17821,0.0,0.0
2016-05-13 00:00:00+09:00,3096.467714887938,3110.394856034361,3050.04391106653,3077.898193359375,31863,0.0,0.0
2016-05-16 00:00:00+09:00,3091.825168516578,3091.825168516578,3012.904706257146,3045.4013671875,34897,0.0,0.0
2016-05-17 00:00:00+09:00,3045.4012466242284,3045.4012466242284,2971.1231674382716,3008.26220703125,50734,0.0,0.0
2016-05-18 00:00:00+09:00,3003.6198412674676,3036.116501064797,2961.8384215280435,3031.47412109375,42508,0.0,0.0
2016-05-19 00:00:00+09:00,3031.4742191344735,3031.4742191344735,2924.699476347195,2947.911376953125,40978,0.0,0.0
2016-05-20 00:00:00+09:00,2929.3421563997704,2975.7659623649015,2915.415014610231,2966.481201171875,40826,0.0,0.0
2016-05-23 00:00:00+09:00,2966.4810843248565,2971.1234647385104,2887.56061729274,2929.342041015625,47678,0.0,0.0
2016-05-24 00:00:00+09:00,2924.6998365592344,2947.91174002399,2882.918410322674,2887.560791015625,39957,0.0,0.0
2016-05-25 00:00:00+09:00,2887.5602258963177,3008.2621002906976,2868.990706758721,2994.3349609375,65249,0.0,0.0
2016-05-26 00:00:00+09:00,2994.335344261098,3003.620105018497,2952.5539208528035,2980.408203125,13882,0.0,0.0
2016-05-27 00:00:00+09:00,2998.977865347467,3017.5473877335194,2943.2692981893097,2966.481201171875,23706,0.0,0.0
2016-05-30 00:00:00+09:00,2961.8388205753618,2998.977865347467,2961.8388205753618,2966.481201171875,8636,0.0,0.0
2016-05-31 00:00:00+09:00,2975.765547387394,3017.546966929495,2938.6265077944154,3008.26220703125,22360,0.0,0.0
2016-06-01 00:00:00+09:00,3012.904586980372,3017.546966929495,2957.1960275909046,3008.26220703125,17048,0.0,0.0
2016-06-02 00:00:00+09:00,3017.5472704179447,3036.1167920820553,2971.1234662576685,3026.83203125,28675,0.0,0.0
2016-06-03 00:00:00+09:00,3008.262626540493,3036.1169101195715,2943.2692981893097,2966.481201171875,37628,0.0,0.0
2016-06-07 00:00:00+09:00,2975.766009196219,2975.766009196219,2906.1302991526254,2961.8388671875,59861,0.0,0.0
2016-06-08 00:00:00+09:00,2933.9843625398726,2966.481024783194,2910.7724609375,2910.7724609375,44771,0.0,0.0
2016-06-09 00:00:00+09:00,2943.2691701090753,2943.2691701090753,2887.5606053751494,2906.130126953125,33628,0.0,0.0
2016-06-10 00:00:00+09:00,2906.1299424913195,2957.1961235894096,2906.1299424913195,2924.699462890625,20730,0.0,0.0
2016-06-13 00:00:00+09:00,2938.626662774793,2943.26904296875,2878.2757202533517,2943.26904296875,24390,0.0,0.0
2016-06-14 00:00:00+09:00,2938.6265894531252,2943.26896953125,2887.5604085937503,2901.487548828125,10709,0.0,0.0
2016-06-15 00:00:00+09:00,2929.3421227870845,2971.1235476762818,2882.9183173546426,2896.845458984375,37847,0.0,0.0
2016-06-16 00:00:00+09:00,2896.8451822916663,2933.9842230902777,2882.918041992187,2924.699462890625,24479,0.0,0.0
2016-06-17 00:00:00+09:00,2943.2691231808217,2943.2691231808217,2868.9910380532297,2910.7724609375,41407,0.0,0.0
2016-06-20 00:00:00+09:00,2910.7723491668703,3017.547092437744,2910.7723491668703,2971.123291015625,97033,0.0,0.0
2016-06-21 00:00:00+09:00,2985.0505116539543,3017.54717352266,2933.984328717417,2938.626708984375,41266,0.0,0.0
2016-06-22 00:00:00+09:00,2961.83852479516,3156.8184903772867,2938.626624130621,3045.4013671875,248235,0.0,0.0
2016-06-23 00:00:00+09:00,3045.4014072358045,3059.328547817676,2929.341902386879,2943.26904296875,82851,0.0,0.0
2016-06-24 00:00:00+09:00,2947.9112739067573,2971.1231737012986,2790.0703553038757,2859.7060546875,156892,0.0,0.0
2016-06-27 00:00:00+09:00,2794.713075998334,2887.5606864966176,2794.713075998334,2873.633544921875,20963,0.0,0.0
2016-06-28 00:00:00+09:00,2817.9249897492236,2915.4149811573516,2817.9249897492236,2896.845458984375,20545,0.0,0.0
2016-06-29 00:00:00+09:00,2933.984282580836,2952.553803356664,2915.414761805008,2943.26904296875,33180,0.0,0.0
2016-06-30 00:00:00+09:00,2961.838503689236,2971.1232638888887,2896.8451822916663,2924.699462890625,36891,0.0,0.0
2016-07-01 00:00:00+09:00,2924.699660601971,2952.553943083895,2915.4148997746634,2929.342041015625,18900,0.0,0.0
2016-07-04 00:00:00+09:00,2933.984282580836,2975.7657043264494,2901.487621223137,2943.26904296875,35463,0.0,0.0
2016-07-05 00:00:00+09:00,2947.911565590755,3221.812010267691,2929.3420439177426,3124.322021484375,321632,0.0,0.0
2016-07-06 00:00:00+09:00,3124.322091660954,3286.805409949414,3008.2625785977684,3068.613525390625,572534,0.0,0.0
2016-07-07 00:00:00+09:00,3073.255812977234,3110.394856034361,3036.1167699201073,3077.898193359375,76342,0.0,0.0
2016-07-08 00:00:00+09:00,3077.897810359397,3825.320958878044,3054.6859113370792,3240.381103515625,2687956,0.0,0.0
2016-07-11 00:00:00+09:00,3268.235382342407,3333.228699604898,3166.1030266442067,3240.381103515625,682042,0.0,0.0
2016-07-12 00:00:00+09:00,3291.447482522465,3291.447482522465,3175.3879803178647,3245.023681640625,227744,0.0,0.0
2016-07-13 00:00:00+09:00,3263.593063484909,3300.7321026141826,3221.8116444644766,3258.95068359375,185439,0.0,0.0
2016-07-14 00:00:00+09:00,3240.381255580357,3300.7321958705356,3203.2422154017854,3249.666015625,128680,0.0,0.0
2016-07-15 00:00:00+09:00,3296.089956538065,3296.089956538065,3180.0304510261612,3235.739013671875,171888,0.0,0.0
2016-07-18 00:00:00+09:00,3249.6661543333034,3277.5204356561603,3198.599971908066,3235.739013671875,72635,0.0,0.0
2016-07-19 00:00:00+09:00,3263.593281828599,3263.593281828599,3203.2423392058795,3212.527099609375,38086,0.0,0.0
2016-07-20 00:00:00+09:00,3198.6002375210687,3245.024043580881,3156.8188120672376,3184.673095703125,104195,0.0,0.0
2016-07-21 00:00:00+09:00,3184.6725458620613,3240.381103515625,3175.387786253134,3240.381103515625,45254,0.0,0.0
2016-07-22 00:00:00+09:00,3258.9506227334796,3258.9506227334796,3203.242065079916,3240.381103515625,42532,0.0,0.0
2016-07-25 00:00:00+09:00,3263.593281828599,3263.593281828599,3180.0304381971414,3212.527099609375,63586,0.0,0.0
2016-07-26 00:00:00+09:00,3231.096404246795,3282.162583049546,3203.24212489984,3258.95068359375,98245,0.0,0.0
2016-07-27 00:00:00+09:00,3291.4473428318643,3300.7321026141826,3235.738784137954,3258.95068359375,41656,0.0,0.0
2016-07-28 00:00:00+09:00,3258.9510681152346,3342.513916015625,3226.4544050428603,3342.513916015625,69125,0.0,0.0
2016-07-29 00:00:00+09:00,3342.513916015625,3481.785329182943,3175.388220214844,3342.513916015625,204780,0.0,0.0
2016-08-01 00:00:00+09:00,3342.513916015625,3356.441057332357,3254.308687676324,3342.513916015625,49967,0.0,0.0
2016-08-02 00:00:00+09:00,3356.4408786579716,3393.5799201922227,3286.80517578125,3286.80517578125,70285,0.0,0.0
2016-08-03 00:00:00+09:00,3333.228318897192,3333.228318897192,3193.95694067029,3203.24169921875,76640,0.0,0.0
2016-08-04 00:00:00+09:00,3198.599775993961,3249.665955291397,3189.3150161217,3231.096435546875,12142,0.0,0.0
2016-08-05 00:00:00+09:00,3249.6658017381123,3249.6658017381123,3180.0301059865815,3221.8115234375,24958,0.0,0.0
2016-08-08 00:00:00+09:00,3221.8119653495955,3235.7391064101844,3193.9576832284174,3226.454345703125,39840,0.0,0.0
2016-08-09 00:00:00+09:00,3254.308627824303,3254.308627824303,3198.6000635819473,3226.454345703125,37675,0.0,0.0
2016-08-10 00:00:00+09:00,3226.454345703125,3277.520529591952,3212.527204642536,3226.454345703125,28204,0.0,0.0
2016-08-11 00:00:00+09:00,3272.8783272167684,3272.8783272167684,3156.8188120672376,3184.673095703125,49803,0.0,0.0
2016-08-12 00:00:00+09:00,3217.1693827024646,3296.08984375,3175.3879621478873,3296.08984375,57064,0.0,0.0
2016-08-16 00:00:00+09:00,3314.6596333821617,3421.4343834771053,3310.017252943251,3342.513916015625,156344,0.0,0.0
2016-08-17 00:00:00+09:00,3342.5135195421312,3347.155899430384,3268.2354413300836,3333.228759765625,58667,0.0,0.0
2016-08-18 00:00:00+09:00,3347.156343038291,3375.010626059414,3286.8053964925243,3337.87158203125,89153,0.0,0.0
2016-08-19 00:00:00+09:00,3314.6592570389853,3384.2949557162747,3282.16259765625,3282.16259765625,48929,0.0,0.0
2016-08-22 00:00:00+09:00,3319.301497489643,3319.301497489643,3193.9572451368877,3221.8115234375,68086,0.0,0.0
2016-08-23 00:00:00+09:00,3203.2423323291846,3296.089936164813,3203.2423323291846,3286.80517578125,42162,0.0,0.0
2016-08-24 00:00:00+09:00,3286.8049015602614,3296.0896611691887,3217.1692044933066,3240.381103515625,52715,0.0,0.0
2016-08-25 00:00:00+09:00,3240.3812377758,3305.374557731189,3207.884577798106,3300.732177734375,60604,0.0,0.0
2016-08-26 00:00:00+09:00,3314.6596795136475,3347.156343038291,3282.1630159890037,3337.87158203125,55578,0.0,0.0
2016-08-29 00:00:00+09:00,3365.7255639334094,3365.7255639334094,3245.023681640625,3245.023681640625,75878,0.0,0.0
2016-08-30 00:00:00+09:00,3245.0236356026785,3314.6593359374997,3231.096495535714,3249.666015625,46896,0.0,0.0
2016-08-31 00:00:00+09:00,3249.665940722232,3254.3083206375495,3189.315001823105,3207.884521484375,63528,0.0,0.0
2016-09-01 00:00:00+09:00,3203.2420045704253,3263.5929408884185,3184.67248570335,3221.8115234375,26858,0.0,0.0
2016-09-02 00:00:00+09:00,3212.527002640845,3323.9441241197183,3212.527002640845,3296.08984375,71645,0.0,0.0
2016-09-05 00:00:00+09:00,3319.3016201008663,3463.215396636708,3291.4473407713485,3333.228759765625,227187,0.0,0.0
2016-09-06 00:00:00+09:00,3351.798291610284,3528.2087280108253,3342.513531799729,3430.71875,279092,0.0,0.0
2016-09-07 00:00:00+09:00,3440.0035098105545,3546.778247631935,3398.222090663058,3430.71875,156467,0.0,0.0
2016-09-08 00:00:00+09:00,3491.070000613547,3551.42094477309,3388.937633574321,3546.778564453125,187256,0.0,0.0
2016-09-09 00:00:00+09:00,3551.4204683978414,3611.7714044621184,3347.15576171875,3347.15576171875,183003,0.0,0.0
2016-09-12 00:00:00+09:00,3249.665955291397,3296.0897546527026,3212.5269158023525,3231.096435546875,113134,0.0,0.0
2016-09-13 00:00:00+09:00,3240.3810013248653,3453.9304655955584,3240.3810013248653,3449.2880859375,135899,0.0,0.0
2016-09-19 00:00:00+09:00,3509.6390214922612,3537.493299440612,3435.3609469633243,3449.2880859375,81524,0.0,0.0
2016-09-20 00:00:00+09:00,3393.579317545794,3449.2878699542066,3379.652179443691,3421.43359375,58583,0.0,0.0
2016-09-21 00:00:00+09:00,3416.791903409091,3523.566650390625,3379.6528609807315,3523.566650390625,118248,0.0,0.0
2016-09-22 00:00:00+09:00,3546.778728369042,4577.38720703125,3546.778728369042,4577.38720703125,3519176,0.0,0.0
2016-09-23 00:00:00+09:00,4902.353416895605,5496.578073489011,4215.281157709478,4224.56591796875,6279072,0.0,0.0
2016-09-26 00:00:00+09:00,4252.419860839844,4419.5455322265625,4094.5789489746094,4308.12841796875,1622865,0.0,0.0
2016-09-27 00:00:00+09:00,4735.227743120336,5598.71044921875,4582.029198489972,5598.71044921875,8463252,0.0,0.0
2016-09-28 00:00:00+09:00,5821.544516958841,5849.398796944291,4113.148677851303,4187.4267578125,6442941,0.0,0.0
2016-09-29 00:00:00+09:00,4275.631759643555,4623.810241699219,4182.784164428711,4308.12841796875,4043951,0.0,0.0
2016-09-30 00:00:00+09:00,4303.486737132353,4303.486737132353,3946.0234375,3946.0234375,1300473,0.0,0.0
2016-10-04 00:00:00+09:00,3899.5991025086505,4150.2876162413495,3894.956722624712,4024.943359375,853460,0.0,0.0
2016-10-05 00:00:00+09:00,4011.016650169683,4229.2085281303025,3992.44712864112,4103.8642578125,965627,0.0,0.0
2016-10-06 00:00:00+09:00,4117.791671620244,4284.917376443615,4066.725484035326,4270.990234375,819319,0.0,0.0
2016-10-07 00:00:00+09:00,4317.413589530705,4349.910250957281,3987.804595061157,3997.08935546875,688298,0.0,0.0
2016-10-10 00:00:00+09:00,3973.878008161272,4159.5732421875,3964.593246459961,4159.5732421875,282990,0.0,0.0
2016-10-11 00:00:00+09:00,4122.433070348753,4187.426384520918,4001.731201171875,4001.731201171875,243280,0.0,0.0
2016-10-12 00:00:00+09:00,3983.1621885557433,4057.4402713260133,3764.970320418074,3778.8974609375,377033,0.0,0.0
2016-10-13 00:00:00+09:00,3806.751510750534,3857.817689553285,3760.3277118389424,3802.109130859375,183437,0.0,0.0
2016-10-14 00:00:00+09:00,3788.1819911858975,3862.4600694444443,3764.9700917301016,3802.109130859375,105920,0.0,0.0
2016-10-17 00:00:00+09:00,3802.1089050292967,3922.8107750302265,3797.4665254138763,3899.598876953125,174224,0.0,0.0
2016-10-18 00:00:00+09:00,3862.460021680622,4020.3009360281476,3853.1752620131206,3881.029541015625,181952,0.0,0.0
2016-10-19 00:00:00+09:00,3885.672420445884,3964.5928877667684,3797.4671922637194,3806.751953125,128897,0.0,0.0
2016-10-20 00:00:00+09:00,3806.751217059235,3839.2478737902284,3704.6188673332554,3732.47314453125,150867,0.0,0.0
2016-10-21 00:00:00+09:00,3690.6924070749224,3760.3281128687886,3653.5533639848604,3737.1162109375,121603,0.0,0.0
2016-10-24 00:00:00+09:00,3737.1159937571897,3829.9635960865608,3686.0498124760356,3783.539794921875,123186,0.0,0.0
2016-10-25 00:00:00+09:00,3783.5396924809597,3829.9634923887015,3616.414012813089,3695.33447265625,111263,0.0,0.0
2016-10-26 00:00:00+09:00,3625.698747907366,3704.619207208807,3491.069729099026,3574.632568359375,186601,0.0,0.0
2016-10-27 00:00:00+09:00,3523.56660168503,3727.8313322174954,3523.56660168503,3699.97705078125,139984,0.0,0.0
2016-10-28 00:00:00+09:00,3667.4799658386,3727.8309019853114,3621.0561688026683,3718.546142578125,115678,0.0,0.0
2016-10-31 00:00:00+09:00,3741.7583096132107,3760.3278297601746,3593.2021484375,3593.2021484375,121165,0.0,0.0
2016-11-01 00:00:00+09:00,3500.3547201763276,3713.9042123886766,3500.3547201763276,3648.910888671875,117012,0.0,0.0
2016-11-02 00:00:00+09:00,3653.5533118123158,3718.5466362918237,3528.209043173266,3546.778564453125,85495,0.0,0.0
2016-11-03 00:00:00+09:00,3546.7785433467743,3648.9109097782257,3518.924261592742,3597.8447265625,67281,0.0,0.0
2016-11-04 00:00:00+09:00,3713.903934439433,3713.903934439433,3467.8577987828207,3602.48681640625,68667,0.0,0.0
2016-11-07 00:00:00+09:00,3611.771629295913,3834.6058686355063,3602.48686932343,3769.612548828125,178977,0.0,0.0
2016-11-08 00:00:00+09:00,3834.6062945108188,3834.6062945108188,3713.9044014632627,3727.83154296875,89030,0.0,0.0
2016-11-09 00:00:00+09:00,3713.9040739639945,3788.182155443274,3291.44748555059,3416.791748046875,344252,0.0,0.0
2016-11-10 00:00:00+09:00,3500.3544278742406,3667.4801034756633,3500.3544278742406,3630.341064453125,71825,0.0,0.0
2016-11-11 00:00:00+09:00,3579.274939352842,3797.466796875,3579.274939352842,3797.466796875,120462,0.0,0.0
2016-11-14 00:00:00+09:00,3816.0367151503046,3908.884323791431,3760.3281499656287,3904.241943359375,223626,0.0,0.0
2016-11-15 00:00:00+09:00,3908.884252694937,3973.8775775615986,3788.182363656851,3862.46044921875,156854,0.0,0.0
2016-11-16 00:00:00+09:00,3862.4605538922156,3927.4538805202096,3825.3215101047904,3876.3876953125,102861,0.0,0.0
2016-11-17 00:00:00+09:00,3839.2483371245085,3899.5992783368647,3797.4669162851847,3834.60595703125,84436,0.0,0.0
2016-11-18 00:00:00+09:00,3839.248410026531,3871.745071296405,3704.619384765625,3704.619384765625,186377,0.0,0.0
2016-11-21 00:00:00+09:00,3713.90376376989,3853.1751549112605,3621.0561696756426,3792.82421875,170722,0.0,0.0
2016-11-22 00:00:00+09:00,3792.82423828125,4874.498715049342,3788.1818585526316,4410.2607421875,8336325,0.0,0.0
2016-11-23 00:00:00+09:00,4284.916214319534,4800.220331101191,4122.432934253247,4289.55859375,6520356,0.0,0.0
2016-11-24 00:00:00+09:00,4335.983121052194,4698.08877784242,4159.57267287234,4363.83740234375,4597146,0.0,0.0
2016-11-25 00:00:00+09:00,4503.109264951764,5375.876833829013,4456.685458096591,4902.35400390625,14878020,0.0,0.0
2016-11-28 00:00:00+09:00,4995.200923262935,5719.412209535256,4920.92284261962,5069.47900390625,8625157,0.0,0.0
2016-11-29 00:00:00+09:00,5236.604936079546,5515.147751828457,4716.658346681576,4800.22119140625,3909349,0.0,0.0
2016-11-30 00:00:00+09:00,4874.499466170126,5218.03561902402,4809.506139954524,4976.6318359375,3553040,0.0,0.0
2016-12-01 00:00:00+09:00,4893.069033668155,4967.347121465774,4660.950009300595,4874.49951171875,1116776,0.0,0.0
2016-12-02 00:00:00+09:00,4781.651431460277,4883.783792132244,4651.664790605047,4725.94287109375,735422,0.0,0.0
2016-12-05 00:00:00+09:00,4633.0950633769135,4679.518861607143,4484.538909040179,4549.5322265625,596813,0.0,0.0
2016-12-06 00:00:00+09:00,4600.598656618743,4837.360040561786,4475.25439453125,4475.25439453125,1248042,0.0,0.0
2016-12-07 00:00:00+09:00,4591.313287473193,5125.18692555147,4558.816631242341,4735.22705078125,5343474,0.0,0.0
2016-12-08 00:00:00+09:00,4753.79777992278,4958.062528278837,4660.950167033663,4809.50634765625,1843171,0.0,0.0
2016-12-09 00:00:00+09:00,4855.929483080667,4995.200883169023,4660.949522956969,4679.51904296875,1311329,0.0,0.0
2016-12-12 00:00:00+09:00,4772.367228712729,5060.19482421875,4698.089139549886,5060.19482421875,2238740,0.0,0.0
2016-12-13 00:00:00+09:00,5515.148095703125,5812.260451027199,5013.77099609375,5013.77099609375,6189944,0.0,0.0
2016-12-14 00:00:00+09:00,5106.617427136185,5329.4516421384915,4902.352730050738,5032.33935546875,1541574,0.0,0.0
2016-12-15 00:00:00+09:00,4967.347121465774,5032.34044828869,4846.645228794643,4874.49951171875,648079,0.0,0.0
2016-12-16 00:00:00+09:00,4893.0687436436765,4958.062066614275,4679.519253883136,4707.37353515625,609037,0.0,0.0
2016-12-19 00:00:00+09:00,4735.228257344957,4809.50634765625,4512.393986411076,4809.50634765625,577823,0.0,0.0
2016-12-20 00:00:00+09:00,4855.9298934483295,4883.784175819926,4670.234677637685,4688.80419921875,522303,0.0,0.0
2016-12-21 00:00:00+09:00,4688.804593896677,4790.936971189476,4605.241739748024,4698.08935546875,434468,0.0,0.0
2016-12-22 00:00:00+09:00,4716.657509596929,4911.637446017275,4660.948956333973,4837.359375,596803,0.0,0.0
2016-12-23 00:00:00+09:00,4930.207864695582,5106.618315598061,4809.505977235992,4846.64501953125,1174659,0.0,0.0
2016-12-26 00:00:00+09:00,4716.658187082906,4772.366748347665,4521.67822265625,4521.67822265625,444355,0.0,0.0
2016-12-27 00:00:00+09:00,4595.956694330908,4670.234782320095,4493.824323345777,4507.75146484375,234040,0.0,0.0
2016-12-28 00:00:00+09:00,4554.657888944032,4639.090269995518,4493.678947073515,4578.111328125,125351,50.0,0.0
2016-12-29 00:00:00+09:00,4559.349219588251,4610.946793060958,4343.5775487023875,4371.7216796875,370977,0.0,0.0
2017-01-02 00:00:00+09:00,4376.411282413564,4474.915716422873,4338.885783743352,4409.24609375,83421,0.0,0.0
2017-01-03 00:00:00+09:00,4390.484033203125,4507.7512349446615,4390.484033203125,4503.060546875,129191,0.0,0.0
2017-01-04 00:00:00+09:00,4549.967046144629,4549.967046144629,4456.153292615874,4465.53466796875,99029,0.0,0.0
2017-01-05 00:00:00+09:00,4474.916445270988,4503.060573857598,4413.9375,4413.9375,87060,0.0,0.0
2017-01-06 00:00:00+09:00,4413.937670366044,4517.1328125,4409.2469820872275,4517.1328125,117034,0.0,0.0
2017-01-09 00:00:00+09:00,4606.255044010916,5384.909155320297,4601.56435659339,4887.6962890625,5947431,0.0,0.0
2017-01-10 00:00:00+09:00,4887.697531700134,4925.2230405807495,4728.2141189575195,4803.26513671875,688535,0.0,0.0
2017-01-11 00:00:00+09:00,4822.027091673637,4962.7477266446585,4756.3574620204945,4906.45947265625,910697,0.0,0.0
2017-01-12 00:00:00+09:00,4868.934551551441,4925.222812263018,4610.946689956711,4639.0908203125,511660,0.0,0.0
2017-01-13 00:00:00+09:00,4653.163462802313,4662.544840751511,4437.3917699707545,4460.84521484375,442797,0.0,0.0
2017-01-16 00:00:00+09:00,4446.7723444278745,4456.153720681941,4306.051700616866,4324.814453125,335409,0.0,0.0
2017-01-17 00:00:00+09:00,4249.763613925137,4357.6494451837225,4240.382237293956,4268.5263671875,245346,0.0,0.0
2017-01-18 00:00:00+09:00,4268.526252297794,4287.289005055147,4132.496294806985,4226.31005859375,125393,0.0,0.0
2017-01-19 00:00:00+09:00,4268.525851065652,4287.288602059348,4198.165534839296,4277.9072265625,99002,0.0,0.0
2017-01-20 00:00:00+09:00,4315.433254851599,4320.12394317209,4038.6826439426372,4109.04296875,149762,0.0,0.0
2017-01-23 00:00:00+09:00,4043.372843622004,4099.661096665466,3865.126708984375,3865.126708984375,162201,0.0,0.0
2017-01-24 00:00:00+09:00,3822.9102374333997,3912.033298183381,3808.8381752097184,3879.198486328125,135205,0.0,0.0
2017-01-25 00:00:00+09:00,3846.3641483267556,3883.8896522128703,3639.973876953125,3639.973876953125,188493,0.0,0.0
2017-01-26 00:00:00+09:00,3658.736829018681,3813.529541015625,3658.736829018681,3813.529541015625,97477,0.0,0.0
2017-01-31 00:00:00+09:00,3799.457086984336,3827.6012135545907,3738.478146082118,3780.6943359375,51855,0.0,0.0
2017-02-01 00:00:00+09:00,3729.0969723015664,3874.50830078125,3729.0969723015664,3874.50830078125,126631,0.0,0.0
2017-02-02 00:00:00+09:00,3480.4905516930535,3639.9739462450266,3475.7998636179955,3536.77880859375,394425,0.0,0.0
2017-02-03 00:00:00+09:00,3494.5626718643416,3574.304370416951,3438.2744140625,3438.2744140625,149232,0.0,0.0
2017-02-06 00:00:00+09:00,3438.274162444865,3574.304108844457,3438.274162444865,3522.70654296875,100204,0.0,0.0
2017-02-07 00:00:00+09:00,3513.3254971292995,3611.8299503198405,3461.7279264104445,3494.562744140625,68428,0.0,0.0
2017-02-08 00:00:00+09:00,3555.541364034017,3644.6644325256348,3466.418295542399,3602.4482421875,95325,0.0,0.0
2017-02-09 00:00:00+09:00,3574.304457796074,3630.5927169739653,3518.0161986181834,3569.61376953125,66616,0.0,0.0
2017-02-10 00:00:00+09:00,3630.5925994223735,3630.5925994223735,3503.944020372756,3527.3974609375,109808,0.0,0.0
2017-02-13 00:00:00+09:00,3508.6346379107495,3602.4483982826946,3485.1811978177634,3550.850830078125,58180,0.0,0.0
2017-02-14 00:00:00+09:00,3527.397418253311,3593.067051039942,3494.562601859996,3541.469482421875,61840,0.0,0.0
2017-02-15 00:00:00+09:00,3593.067051039942,3593.067051039942,3471.109161579056,3541.469482421875,79532,0.0,0.0
2017-02-16 00:00:00+09:00,3518.016270228795,3630.5927908761164,3489.8721400669647,3546.160400390625,67827,0.0,0.0
2017-02-17 00:00:00+09:00,3583.685490926107,3611.8296178181968,3518.0158615112305,3602.4482421875,62208,0.0,0.0
2017-02-20 00:00:00+09:00,3588.375801145264,3724.405733476261,3569.6130518582304,3649.354736328125,150136,0.0,0.0
2017-02-21 00:00:00+09:00,3625.901812995832,3705.6435087538257,3607.1390610527747,3639.973876953125,100657,0.0,0.0
2017-02-22 00:00:00+09:00,3607.138750962808,3672.8083771181778,3583.685313050176,3663.427001953125,144826,0.0,0.0
2017-02-23 00:00:00+09:00,3658.736110971642,3696.26160954571,3602.44786311054,3649.354736328125,75830,0.0,0.0
2017-02-24 00:00:00+09:00,3597.757425560141,3649.3549896816035,3461.7274837853774,3480.490234375,116287,0.0,0.0
2017-02-27 00:00:00+09:00,3536.7789711246032,3536.7789711246032,3269.4097385594805,3325.697998046875,179276,0.0,0.0
2017-02-28 00:00:00+09:00,3330.3884136559423,3339.7697894690577,3250.646719244462,3335.0791015625,102366,0.0,0.0
2017-03-02 00:00:00+09:00,3292.8627790773917,3344.46034399171,3255.337277321524,3297.553466796875,62963,0.0,0.0
2017-03-03 00:00:00+09:00,3302.244218061674,3335.079032729901,3128.688769101046,3194.3583984375,124792,0.0,0.0
2017-03-06 00:00:00+09:00,3133.379321748372,3292.862700400235,3105.2351961039253,3241.26513671875,82120,0.0,0.0
2017-03-07 00:00:00+09:00,3213.1211835488502,3283.4815014367814,3213.1211835488502,3264.71875,25300,0.0,0.0
2017-03-08 00:00:00+09:00,3264.71875,3297.5535650143675,3217.811871408046,3264.71875,35624,0.0,0.0
2017-03-09 00:00:00+09:00,3227.1930876358697,3264.7185886548914,3208.430337126359,3236.574462890625,42436,0.0,0.0
2017-03-10 00:00:00+09:00,3236.574595104316,3283.4814732942336,3170.9049656384313,3274.10009765625,91413,0.0,0.0
2017-03-13 00:00:00+09:00,3321.0069758461677,3330.3883514841514,3260.0280341992748,3274.10009765625,80840,0.0,0.0
2017-03-14 00:00:00+09:00,3260.0276591823776,3447.655150358342,3236.574222785382,3405.43896484375,244184,0.0,0.0
2017-03-15 00:00:00+09:00,3367.9137354055165,3414.8206119431975,3358.53236009798,3396.057861328125,79028,0.0,0.0
2017-03-16 00:00:00+09:00,3386.676486020589,3466.418176134647,3386.676486020589,3396.057861328125,81199,0.0,0.0
2017-03-17 00:00:00+09:00,3396.057684765095,3532.087619652095,3363.2228728958194,3457.03662109375,118503,0.0,0.0
2017-03-20 00:00:00+09:00,3461.7277954101564,3485.1812357584636,3377.29541015625,3377.29541015625,48523,0.0,0.0
2017-03-21 00:00:00+09:00,3367.914105523383,3438.2744280621723,3283.481718476836,3353.842041015625,80702,0.0,0.0
2017-03-22 00:00:00+09:00,3358.5324355273715,3377.2951865638374,3288.172119140625,3288.172119140625,44536,0.0,0.0
2017-03-23 00:00:00+09:00,3288.1722461501986,3358.5325652546962,3245.9560546875,3245.9560546875,74701,0.0,0.0
2017-03-24 00:00:00+09:00,3255.337318638393,3447.655517578125,3241.265255301339,3447.655517578125,176453,0.0,0.0
2017-03-27 00:00:00+09:00,3452.3464929132515,3616.5205788534195,3410.13029938578,3433.583740234375,162916,0.0,0.0
2017-03-28 00:00:00+09:00,3396.057883762669,3494.5623251425254,3377.2951330236488,3471.10888671875,133747,0.0,0.0
2017-03-29 00:00:00+09:00,3480.490579808012,3607.13915885763,3480.490579808012,3527.3974609375,312644,0.0,0.0
2017-03-30 00:00:00+09:00,3546.160024387951,3578.9948394285807,3508.634521484375,3508.634521484375,56746,0.0,0.0
2017-03-31 00:00:00+09:00,3461.727651434075,3532.087969552654,3419.511460562928,3424.2021484375,120313,0.0,0.0
2017-04-03 00:00:00+09:00,3442.9652564639136,3578.9952189127607,3396.058372860863,3546.160400390625,108512,0.0,0.0
2017-04-04 00:00:00+09:00,3546.159861438679,3564.922612028302,3438.274045548349,3480.490234375,82955,0.0,0.0
2017-04-05 00:00:00+09:00,3480.4903320312496,3611.82958984375,3471.108956473214,3611.82958984375,195068,0.0,0.0
2017-04-06 00:00:00+09:00,3607.1389234926346,3607.1389234926346,3494.562416127455,3522.70654296875,71245,0.0,0.0
2017-04-07 00:00:00+09:00,3522.706772824551,3546.160213389295,3508.634708485705,3527.3974609375,25563,0.0,0.0
2017-04-10 00:00:00+09:00,3494.562879623392,3522.70701019754,3335.0794730365524,3372.60498046875,169549,0.0,0.0
2017-04-11 00:00:00+09:00,3316.3163081150433,3400.748689368326,3302.2442445728293,3349.151123046875,47153,0.0,0.0
2017-04-12 00:00:00+09:00,3400.7489665170733,3400.7489665170733,3311.6258901531774,3339.77001953125,54002,0.0,0.0
2017-04-13 00:00:00+09:00,3269.409696086069,3372.6048371390007,3269.409696086069,3339.77001953125,27684,0.0,0.0
2017-04-14 00:00:00+09:00,3297.5535650143675,3353.8418193247126,3264.71875,3264.71875,64749,0.0,0.0
2017-04-17 00:00:00+09:00,3274.1002450874307,3405.4395099333447,3274.1002450874307,3386.6767578125,107312,0.0,0.0
2017-04-18 00:00:00+09:00,3367.9138253348215,3461.7275809151784,3353.8417619977677,3447.655517578125,80166,0.0,0.0
2017-04-19 00:00:00+09:00,3414.8209875554985,3471.109245592128,3391.3675467069033,3433.583740234375,22800,0.0,0.0
2017-04-20 00:00:00+09:00,3442.9648158861246,3471.1089424465017,3405.4393138056216,3452.34619140625,36042,0.0,0.0
2017-04-21 00:00:00+09:00,3471.1093480603445,3471.1093480603445,3396.0583351293103,3400.7490234375,28735,0.0,0.0
2017-04-24 00:00:00+09:00,3414.8209147135417,3414.8209147135417,3325.6978413899737,3377.29541015625,39127,0.0,0.0
2017-04-25 00:00:00+09:00,3344.4603381533893,3410.1299661115204,3344.4603381533893,3381.98583984375,11575,0.0,0.0
2017-04-26 00:00:00+09:00,3396.05845703125,3518.016357421875,3358.53294921875,3518.016357421875,114160,0.0,0.0
2017-04-27 00:00:00+09:00,3846.3639936707573,4531.204412056039,3602.4482282184654,3607.138916015625,6128159,0.0,0.0
2017-04-28 00:00:00+09:00,3607.1394384765626,3607.1394384765626,3475.8001611328127,3518.016357421875,460273,0.0,0.0
2017-05-02 00:00:00+09:00,3475.799574403505,3578.9947034681168,3466.418199033995,3471.10888671875,263869,0.0,0.0
2017-05-04 00:00:00+09:00,3428.8928968550217,3489.871840301144,3428.8928968550217,3485.18115234375,83815,0.0,0.0
2017-05-08 00:00:00+09:00,3499.2533600144952,3503.9440481646484,3433.5837259123464,3438.2744140625,145258,0.0,0.0
2017-05-10 00:00:00+09:00,3438.274345185741,3574.3042988151906,3438.274345185741,3541.469482421875,184569,0.0,0.0
2017-05-11 00:00:00+09:00,3513.325209347322,3569.6134637026867,3508.634521484375,3508.634521484375,106827,0.0,0.0
2017-05-12 00:00:00+09:00,3508.634360259434,3536.7784861438677,3461.7274837853774,3480.490234375,56618,0.0,0.0
2017-05-15 00:00:00+09:00,3499.253164880563,3588.3762347635798,3438.274222329025,3583.685546875,176467,0.0,0.0
2017-05-16 00:00:00+09:00,3588.3763652267853,3733.7876950595046,3564.922924931185,3621.211181640625,405685,0.0,0.0
2017-05-17 00:00:00+09:00,3593.0669085733252,3639.973787275327,3560.232093481924,3588.376220703125,90819,0.0,0.0
2017-05-18 00:00:00+09:00,3541.46971203032,3593.0672839936756,3499.2535167875744,3546.160400390625,94410,0.0,0.0
2017-05-19 00:00:00+09:00,3578.994919235642,3672.8086785865107,3546.160103462838,3644.66455078125,81841,0.0,0.0
2017-05-22 00:00:00+09:00,3672.808530970982,3696.2619698660715,3607.138902064732,3611.82958984375,47705,0.0,0.0
2017-05-23 00:00:00+09:00,3597.7575964435255,3658.7365387561276,3569.6134692223245,3588.376220703125,72082,0.0,0.0
2017-05-24 00:00:00+09:00,3602.4483311938384,3663.4272742999838,3588.3762674001123,3654.0458984375,62123,0.0,0.0
2017-05-25 00:00:00+09:00,3654.0457798549105,3658.7364676339284,3560.2320242745536,3611.82958984375,95238,0.0,0.0
2017-05-26 00:00:00+09:00,3616.520493581505,3635.283245817985,3555.541548812945,3621.211181640625,62361,0.0,0.0
2017-05-29 00:00:00+09:00,3625.901838375681,3644.66459045007,3550.850830078125,3550.850830078125,77547,0.0,0.0
2017-05-30 00:00:00+09:00,3574.3046288552546,3602.4487597911225,3527.397743962141,3593.0673828125,62858,0.0,0.0
2017-05-31 00:00:00+09:00,3583.685907273066,3602.448660714286,3532.08833530971,3546.160400390625,39834,0.0,0.0
2017-06-01 00:00:00+09:00,3546.160400390625,3569.6138421921505,3499.2535167875744,3546.160400390625,81883,0.0,0.0
2017-06-02 00:00:00+09:00,3513.3253965986537,3555.5415896151926,3513.3253965986537,3527.3974609375,34042,0.0,0.0
2017-06-05 00:00:00+09:00,3546.1600437663615,3602.4482984293195,3499.253164880563,3583.685546875,44159,0.0,0.0
2017-06-07 00:00:00+09:00,3588.376220703125,3611.829660054126,3546.160029871324,3588.376220703125,48468,0.0,0.0
2017-06-08 00:00:00+09:00,3597.7575478788694,3597.7575478788694,3513.325167354985,3522.70654296875,60821,0.0,0.0
2017-06-09 00:00:00+09:00,3541.4693558777817,3583.685546875,3518.0159164348825,3583.685546875,57999,0.0,0.0
2017-06-12 00:00:00+09:00,3560.23224896904,3588.376377419388,3513.32536821846,3536.77880859375,46766,0.0,0.0
2017-06-13 00:00:00+09:00,3550.8509866099434,3902.652603513174,3550.8509866099434,3738.478515625,971804,0.0,0.0
2017-06-14 00:00:00+09:00,3710.3342312350132,3808.838679851872,3672.808727000019,3790.075927734375,264569,0.0,0.0
2017-06-15 00:00:00+09:00,3790.075927734375,3808.838679851872,3729.09698335251,3790.075927734375,130458,0.0,0.0
2017-06-16 00:00:00+09:00,3818.2199425790823,3916.7243882721546,3799.4571910184973,3827.601318359375,155348,0.0,0.0
2017-06-19 00:00:00+09:00,3836.9827082534507,3841.673396160851,3766.6223896424463,3822.91064453125,120994,0.0,0.0
2017-06-20 00:00:00+09:00,3822.9105257928813,3822.9105257928813,3733.7874583204093,3780.6943359375,115689,0.0,0.0
2017-06-21 00:00:00+09:00,3780.6942298160725,3790.075605076162,3686.880477215177,3733.787353515625,118969,0.0,0.0
2017-06-22 00:00:00+09:00,3719.7152529434416,3743.1686908560737,3649.3549392055456,3663.427001953125,101738,0.0,0.0
2017-06-23 00:00:00+09:00,3700.953009821989,3785.3853978787643,3663.4275040189773,3738.478515625,78651,0.0,0.0
2017-06-26 00:00:00+09:00,3757.2410800929024,3771.313144063288,3682.190072250847,3719.715576171875,46829,0.0,0.0
2017-06-27 00:00:00+09:00,3719.7155903517596,3724.406278359769,3682.1900862876814,3715.02490234375,38467,0.0,0.0
2017-06-28 00:00:00+09:00,3715.025075120192,3724.406451572516,3625.9019988231166,3658.73681640625,86028,0.0,0.0
2017-06-29 00:00:00+09:00,3654.0460425612278,3715.024988072519,3654.0460425612278,3686.880859375,32192,0.0,0.0
2017-06-30 00:00:00+09:00,3710.3342547639045,3710.3342547639045,3588.3763652267853,3621.211181640625,41411,0.0,0.0
2017-07-03 00:00:00+09:00,3644.664621936225,3644.664621936225,3583.6856771676653,3621.211181640625,20078,0.0,0.0
2017-07-04 00:00:00+09:00,3686.8808269956066,3696.2622031457227,3527.397432443634,3536.77880859375,115873,0.0,0.0
2017-07-05 00:00:00+09:00,3536.7787237870066,3578.9949154502465,3522.7066598992596,3564.9228515625,50957,0.0,0.0
2017-07-06 00:00:00+09:00,3564.9229227028145,3578.9949868713784,3518.0160421409355,3541.469482421875,42525,0.0,0.0
2017-07-07 00:00:00+09:00,3522.7066598992596,3569.613539525082,3518.0159719366775,3564.9228515625,29839,0.0,0.0
2017-07-10 00:00:00+09:00,3602.4483552631577,3602.4483552631577,3518.0159719366775,3564.9228515625,42325,0.0,0.0
2017-07-11 00:00:00+09:00,3494.5626867724677,3583.6857620055907,3480.4906222619743,3513.325439453125,102231,0.0,0.0
2017-07-12 00:00:00+09:00,3532.087619652095,3541.468994471888,3452.3459336838537,3457.03662109375,45747,0.0,0.0
2017-07-13 00:00:00+09:00,3424.2020098711996,3485.1809497730155,3400.748571447424,3471.10888671875,61596,0.0,0.0
2017-07-14 00:00:00+09:00,3447.6555878103595,3475.799715057791,3400.7487090646405,3424.2021484375,33573,0.0,0.0
2017-07-17 00:00:00+09:00,3424.202162503215,3442.964914078575,3377.295283564815,3419.511474609375,26802,0.0,0.0
2017-07-18 00:00:00+09:00,3433.5836960306406,3433.5836960306406,3283.4816765320334,3367.9140625,124553,0.0,0.0
2017-07-19 00:00:00+09:00,3363.2233035772174,3405.439495672329,3330.388487503242,3391.367431640625,25142,0.0,0.0
2017-07-20 00:00:00+09:00,3391.3669030055526,3419.511026681947,3358.532092049759,3405.43896484375,21150,0.0,0.0
2017-07-21 00:00:00+09:00,3381.9859714586546,3442.964914078575,3367.9139077771347,3419.511474609375,48720,0.0,0.0
2017-07-24 00:00:00+09:00,3433.58336255827,3433.58336255827,3381.9857983668207,3396.057861328125,38364,0.0,0.0
2017-07-25 00:00:00+09:00,3386.676486020589,3433.58336255827,3386.676486020589,3396.057861328125,17828,0.0,0.0
2017-07-26 00:00:00+09:00,3400.7488937058706,3405.43958183512,3311.6258192501305,3363.223388671875,64283,0.0,0.0
2017-07-27 00:00:00+09:00,3363.2236036107006,3419.5118647589966,3330.3887846075277,3372.60498046875,33955,0.0,0.0
2017-07-28 00:00:00+09:00,3386.6770199862394,3396.058396772905,3274.1004985462537,3302.24462890625,49088,0.0,0.0
2017-07-31 00:00:00+09:00,3250.647216796875,3274.1006599195075,3199.049641927083,3250.647216796875,96446,0.0,0.0
2017-08-01 00:00:00+09:00,3184.9771290579756,3353.841895841609,3180.2864410917637,3321.007080078125,84343,0.0,0.0
2017-08-02 00:00:00+09:00,3353.8419981720053,3377.295438718663,3283.4816765320334,3367.9140625,25709,0.0,0.0
2017-08-03 00:00:00+09:00,3311.6253257533485,3372.6042623465405,3231.883639439174,3283.481201171875,43265,0.0,0.0
2017-08-04 00:00:00+09:00,3260.02783203125,3288.171957199865,3199.0488941659173,3260.02783203125,23442,0.0,0.0
2017-08-07 00:00:00+09:00,3236.5743943907373,3260.02783203125,3189.667519109712,3260.02783203125,26192,0.0,0.0
2017-08-08 00:00:00+09:00,3250.6465396521226,3274.099977889151,3213.1210384728774,3231.8837890625,20656,0.0,0.0
2017-08-09 00:00:00+09:00,3231.88394354086,3250.646695027309,3180.286376953125,3180.286376953125,34415,0.0,0.0
2017-08-10 00:00:00+09:00,3180.2862934313325,3222.5024831671467,3133.3794159470945,3208.430419921875,53807,0.0,0.0
2017-08-11 00:00:00+09:00,3128.6891075609697,3194.35874400153,3100.5449776578726,3161.52392578125,70698,0.0,0.0
2017-08-14 00:00:00+09:00,3109.9260588789407,3189.6677526963495,3109.9260588789407,3180.286376953125,22031,0.0,0.0
2017-08-16 00:00:00+09:00,3184.97689898947,3283.4813391644025,3156.832773225204,3236.574462890625,31140,0.0,0.0
2017-08-17 00:00:00+09:00,3217.8121673627024,3358.5328160811882,3208.43079078147,3325.697998046875,69509,0.0,0.0
2017-08-18 00:00:00+09:00,3278.7908883822165,3358.5325838078215,3269.4095124497926,3321.007080078125,8805,0.0,0.0
2017-08-21 00:00:00+09:00,3321.0069194043804,3335.078982622196,3260.027978793848,3292.86279296875,20767,0.0,0.0
2017-08-22 00:00:00+09:00,3311.6256341492813,3372.6045764211517,3255.3373797444774,3344.46044921875,27226,0.0,0.0
2017-08-23 00:00:00+09:00,3316.3163164511493,3330.3883800287354,3264.71875,3264.71875,28140,0.0,0.0
2017-08-24 00:00:00+09:00,3297.5539115062857,3321.007353266643,3236.5749629293555,3311.6259765625,59960,0.0,0.0
2017-08-25 00:00:00+09:00,3283.4815763484285,3325.697768044337,3269.4095124497926,3321.007080078125,20559,0.0,0.0
2017-08-28 00:00:00+09:00,3321.0069959624475,3372.6045622838983,3255.3373660987836,3349.151123046875,79483,0.0,0.0
2017-08-29 00:00:00+09:00,3358.5328600832154,3358.5328600832154,3245.956339633499,3311.6259765625,72166,0.0,0.0
2017-08-30 00:00:00+09:00,3274.100469745928,3335.0794183228577,3274.100469745928,3311.6259765625,26361,0.0,0.0
2017-08-31 00:00:00+09:00,3325.697998046875,3344.4607512093394,3269.4097385594805,3325.697998046875,73502,0.0,0.0
2017-09-01 00:00:00+09:00,3321.0072666125347,3349.1513959906074,3302.24451369382,3339.77001953125,26411,0.0,0.0
2017-09-04 00:00:00+09:00,3264.718866356383,3321.0071226728724,3241.2654262245123,3306.93505859375,57763,0.0,0.0
2017-09-05 00:00:00+09:00,3302.2441684472938,3325.697607143652,3274.1000420116634,3292.86279296875,61690,0.0,0.0
2017-09-06 00:00:00+09:00,3292.8631372344626,3396.0582782873944,3255.337631397033,3339.77001953125,148191,0.0,0.0
2017-09-07 00:00:00+09:00,3358.5326862813367,3372.6047506093314,3311.6258051880222,3367.9140625,41757,0.0,0.0
2017-09-08 00:00:00+09:00,3367.9139169084037,3367.9139169084037,3321.007037842827,3335.0791015625,25057,0.0,0.0
2017-09-11 00:00:00+09:00,3358.532772449965,3358.532772449965,3297.5538254641415,3339.77001953125,20784,0.0,0.0
2017-09-12 00:00:00+09:00,3349.1511652821728,3349.1511652821728,3311.6256620297117,3335.0791015625,14300,0.0,0.0
2017-09-13 00:00:00+09:00,3311.6258326627326,3325.697897107475,3250.646886735515,3278.791015625,42413,0.0,0.0
2017-09-14 00:00:00+09:00,3264.71875,3278.790813577586,3227.1932471264367,3264.71875,33051,0.0,0.0
2017-09-15 00:00:00+09:00,3264.718672902961,3264.718672902961,3180.2862934313325,3208.430419921875,66503,0.0,0.0
2017-09-18 00:00:00+09:00,3208.43060728561,3255.337487509084,3189.667855196221,3227.193359375,41857,0.0,0.0
2017-09-19 00:00:00+09:00,3217.8122412891194,3255.3377484761645,3194.358799297216,3222.5029296875,15615,0.0,0.0
2017-09-20 00:00:00+09:00,3222.5027860753676,3274.1003561580883,3184.9772805606617,3189.66796875,46143,0.0,0.0
2017-09-21 00:00:00+09:00,3170.905215992647,3222.5027860753676,3133.379710477941,3189.66796875,25345,0.0,0.0
2017-09-25 00:00:00+09:00,3095.853934151786,3170.9049386160714,2955.13330078125,2955.13330078125,116006,0.0,0.0
2017-09-26 00:00:00+09:00,2955.13330078125,2955.13330078125,2955.13330078125,2955.13330078125,0,0.0,0.0
2017-09-27 00:00:00+09:00,2908.2265550453244,3095.854074725668,2908.2265550453244,3072.400634765625,35801,0.0,0.0
2017-09-28 00:00:00+09:00,3138.0700455529764,3138.0700455529764,3002.0401033690655,3063.01904296875,29410,0.0,0.0
2017-09-29 00:00:00+09:00,3034.875386369338,3091.1636470129733,3034.875386369338,3067.710205078125,25146,0.0,0.0
2017-10-10 00:00:00+09:00,3142.760662786142,3142.760662786142,3058.328286770992,3086.472412109375,30802,0.0,0.0
2017-10-11 00:00:00+09:00,3067.7101042454615,3133.3797395045385,3067.7101042454615,3100.544921875,17089,0.0,0.0
2017-10-12 00:00:00+09:00,3142.7610435142174,3142.7610435142174,3091.1634741430885,3123.998291015625,13861,0.0,0.0
2017-10-13 00:00:00+09:00,3100.544850392385,3175.595860386754,3077.0914097691443,3123.998291015625,31143,0.0,0.0
2017-10-16 00:00:00+09:00,3128.688517375165,3142.760579672204,3067.7095807546593,3114.616455078125,11236,0.0,0.0
2017-10-17 00:00:00+09:00,3081.7820140293666,3161.5237099783762,3077.0913260323664,3152.142333984375,49564,0.0,0.0
2017-10-18 00:00:00+09:00,3123.998419243787,3283.4818220280044,3123.998419243787,3161.52392578125,77253,0.0,0.0
2017-10-19 00:00:00+09:00,3147.451832065921,3189.668026534763,3114.61701414571,3170.9052734375,11456,0.0,0.0
2017-10-20 00:00:00+09:00,3156.8331656589426,3199.049359553341,3138.0704128169873,3184.977294921875,12365,0.0,0.0
2017-10-23 00:00:00+09:00,3142.761241145454,3217.812255859375,3142.761241145454,3217.812255859375,20372,0.0,0.0
2017-10-24 00:00:00+09:00,3227.1930876358697,3283.4813391644025,3189.667586616848,3236.574462890625,31721,0.0,0.0
2017-10-25 00:00:00+09:00,3231.883934985632,3274.1001257183907,3208.430495689655,3264.71875,22713,0.0,0.0
2017-10-26 00:00:00+09:00,3264.7187155837005,3264.7187155837005,3180.28633500826,3194.3583984375,25430,0.0,0.0
2017-10-27 00:00:00+09:00,3227.1931849377743,3227.1931849377743,3161.5235561745058,3203.73974609375,43110,0.0,0.0
2017-10-30 00:00:00+09:00,3203.739919263263,3283.4816156431684,3180.286479151526,3227.193359375,11606,0.0,0.0
2017-10-31 00:00:00+09:00,3241.2653667472,3278.7908702695986,3166.2143597024024,3245.9560546875,31508,0.0,0.0
2017-11-01 00:00:00+09:00,3264.7185332988115,3264.7185332988115,3222.5023453682234,3255.337158203125,13064,0.0,0.0
2017-11-02 00:00:00+09:00,3274.1001116671896,3321.006990057837,3217.8118575984126,3269.409423828125,33253,0.0,0.0
2017-11-03 00:00:00+09:00,3231.884274577284,3325.698041618715,3199.0494561127834,3311.6259765625,46107,0.0,0.0
2017-11-06 00:00:00+09:00,3311.625628591954,3311.625628591954,3222.5025592672414,3264.71875,25967,0.0,0.0
2017-11-07 00:00:00+09:00,3250.6470747967155,3264.719140055576,3184.9774369220345,3217.812255859375,45863,0.0,0.0
2017-11-08 00:00:00+09:00,3180.2865923713234,3222.5027860753676,3147.451775045956,3189.66796875,16766,0.0,0.0
2017-11-09 00:00:00+09:00,3208.4306043917663,3208.4306043917663,3095.8540919569673,3147.45166015625,102102,0.0,0.0
2017-11-10 00:00:00+09:00,3147.4516459873744,3152.142333984375,3086.472702026367,3152.142333984375,17310,0.0,0.0
2017-11-13 00:00:00+09:00,3180.2867376982276,3180.2867376982276,3114.6171000466416,3142.76123046875,13492,0.0,0.0
2017-11-14 00:00:00+09:00,3142.76123046875,3208.4308681203356,3105.2357232392724,3142.76123046875,65271,0.0,0.0
2017-11-15 00:00:00+09:00,3138.0700455529764,3138.0700455529764,3039.565604661179,3063.01904296875,94688,0.0,0.0
2017-11-16 00:00:00+09:00,3039.5655500856165,3081.78173828125,3039.5655500856165,3081.78173828125,17802,0.0,0.0
2017-11-17 00:00:00+09:00,3081.7820978937925,3128.688979140273,3039.5659047719596,3123.998291015625,30284,0.0,0.0
2017-11-20 00:00:00+09:00,3105.235680227294,3156.833251953125,3105.235680227294,3156.833251953125,18017,0.0,0.0
2017-11-21 00:00:00+09:00,3189.6680703241086,3189.6680703241086,3128.6891219208533,3156.833251953125,10364,0.0,0.0
2017-11-22 00:00:00+09:00,3123.9982625081866,3166.214455244784,3086.472757853434,3133.379638671875,47962,0.0,0.0
2017-11-23 00:00:00+09:00,3128.6884495574086,3138.06982421875,3072.4002015893593,3138.06982421875,11884,0.0,0.0
2017-11-24 00:00:00+09:00,3138.0703553895696,3142.7610435142174,3095.8541622677367,3123.998291015625,15634,0.0,0.0
2017-11-27 00:00:00+09:00,3123.998145420381,3123.998145420381,3077.091266360015,3091.163330078125,15165,0.0,0.0
2017-11-28 00:00:00+09:00,3072.4005784539786,3114.616769608308,3072.4005784539786,3091.163330078125,17647,0.0,0.0
2017-11-29 00:00:00+09:00,3095.8538148461316,3095.8538148461316,3048.946938863615,3077.091064453125,26763,0.0,0.0
2017-11-30 00:00:00+09:00,3086.4724812763207,3086.4724812763207,3011.421478692094,3063.01904296875,48997,0.0,0.0
2017-12-01 00:00:00+09:00,3044.2562241018,3086.472412109375,3039.5655365454027,3086.472412109375,17008,0.0,0.0
2017-12-04 00:00:00+09:00,3063.0192026419054,3105.235393796235,3058.328514735869,3091.163330078125,30169,0.0,0.0
2017-12-05 00:00:00+09:00,3077.0919055451127,3128.6894832295584,3067.7105277843043,3119.30810546875,44236,0.0,0.0
2017-12-06 00:00:00+09:00,3128.6890367582846,3128.6890367582846,3077.0914664369334,3105.235595703125,23263,0.0,0.0
2017-12-07 00:00:00+09:00,3123.997829942818,3123.997829942818,3048.946831025273,3114.616455078125,26047,0.0,0.0
2017-12-08 00:00:00+09:00,3072.4003494401836,3109.9258498913614,3011.4214112070194,3086.472412109375,26349,0.0,0.0
2017-12-11 00:00:00+09:00,3048.9468592294256,3081.7816715595886,3002.0399844720496,3020.802734375,28442,0.0,0.0
2017-12-12 00:00:00+09:00,3020.8032515576324,3058.328757788162,2955.1336156542056,3011.421875,21937,0.0,0.0
2017-12-13 00:00:00+09:00,3016.1126215345807,3039.5660633816615,2964.5150494710033,2992.6591796875,31745,0.0,0.0
2017-12-14 00:00:00+09:00,2978.5867328408326,3053.637737132885,2978.5867328408326,3039.565673828125,12307,0.0,0.0
2017-12-15 00:00:00+09:00,3016.112785570549,3123.998623934659,2997.350031072443,3095.8544921875,36632,0.0,0.0
2017-12-18 00:00:00+09:00,3123.9980824001063,3123.9980824001063,2964.514696812113,3030.184326171875,68503,0.0,0.0
2017-12-19 00:00:00+09:00,3020.8029925641526,3039.5657440707623,2969.205425920976,3016.1123046875,18865,0.0,0.0
2017-12-21 00:00:00+09:00,2964.5145931603774,3086.4724719929245,2955.133217865566,2983.27734375,32453,0.0,0.0
2017-12-22 00:00:00+09:00,2983.2773299524138,3048.9469567123724,2945.751828946723,2987.968017578125,22860,0.0,0.0
2017-12-26 00:00:00+09:00,3002.04052734375,3039.566033935547,2945.7522674560546,3002.04052734375,42629,0.0,0.0
2017-12-27 00:00:00+09:00,3044.926750946045,3049.69189453125,3006.8056022644046,3049.69189453125,16357,50.0,0.0
2017-12-28 00:00:00+09:00,3049.69190830721,3049.69190830721,3016.3359030601,3040.16162109375,10208,0.0,0.0
2018-01-02 00:00:00+09:00,3087.8127829293226,3087.8127829293226,3030.6310647269274,3059.221923828125,13175,0.0,0.0
2018-01-03 00:00:00+09:00,3044.926494277526,3097.3430692963884,3021.1007783598616,3059.221923828125,17160,0.0,0.0
2018-01-04 00:00:00+09:00,3059.2219695804624,3059.2219695804624,3002.0402505228835,3025.865966796875,27361,0.0,0.0
2018-01-05 00:00:00+09:00,3040.1616073608398,3049.69189453125,3006.8056022644046,3049.69189453125,27191,0.0,0.0
2018-01-08 00:00:00+09:00,3049.69143081761,3073.5171451208726,3002.040002211085,3030.630859375,19156,0.0,0.0
2018-01-09 00:00:00+09:00,3011.57028793239,3040.161145096305,3002.040002211085,3030.630859375,13350,0.0,0.0
2018-01-10 00:00:00+09:00,3063.987318398986,3063.987318398986,3011.5707390795633,3054.45703125,26619,0.0,0.0
2018-01-11 00:00:00+09:00,3092.578179845944,3092.578179845944,3030.631313377535,3054.45703125,12484,0.0,0.0
2018-01-12 00:00:00+09:00,3049.69189453125,3054.4570381164554,3006.8056022644046,3049.69189453125,27939,0.0,0.0
2018-01-15 00:00:00+09:00,3059.221698026702,3059.221698026702,3011.570269708529,3044.92626953125,22320,0.0,0.0
2018-01-16 00:00:00+09:00,3044.926539816068,3044.926539816068,3002.0402505228835,3025.865966796875,24366,0.0,0.0
2018-01-17 00:00:00+09:00,3030.63132019043,3063.987325286865,3011.5707458496095,3049.69189453125,31634,0.0,0.0
2018-01-18 00:00:00+09:00,3059.2223409641006,3130.699498463262,3049.692053297546,3106.873779296875,41089,0.0,0.0
2018-01-19 00:00:00+09:00,3111.6389231301523,3130.699498463262,3092.5783477970426,3106.873779296875,28471,0.0,0.0
2018-01-22 00:00:00+09:00,3125.9339773995534,3216.471699305943,3102.1082611083984,3202.17626953125,35798,0.0,0.0
2018-01-23 00:00:00+09:00,3216.4717191003365,3221.2368623878924,3164.05514293722,3187.880859375,29797,0.0,0.0
2018-01-24 00:00:00+09:00,3221.236822916667,3230.767109375,3187.8808203125,3216.4716796875,40793,0.0,0.0
2018-01-25 00:00:00+09:00,3230.7672665618184,3297.479275015897,3164.0552581077395,3278.418701171875,64072,0.0,0.0
2018-01-26 00:00:00+09:00,3268.88818359375,3316.5396148414725,3259.3578973442054,3268.88818359375,27215,0.0,0.0
2018-01-29 00:00:00+09:00,3316.5398352581524,3316.5398352581524,3283.183831167912,3287.948974609375,36844,0.0,0.0
2018-01-30 00:00:00+09:00,3330.8349862297664,3383.2515596897483,3292.713841895234,3311.7744140625,91815,0.0,0.0
2018-01-31 00:00:00+09:00,3287.9487560928387,3326.0699010910166,3240.2973248451167,3268.88818359375,46391,0.0,0.0
2018-02-01 00:00:00+09:00,3278.4184698432946,3297.4790423423833,3221.2367523460275,3268.88818359375,35278,0.0,0.0
2018-02-02 00:00:00+09:00,3268.8882618346624,3307.0094077452704,3187.88082677462,3211.70654296875,50702,0.0,0.0
2018-02-05 00:00:00+09:00,3202.1761008522726,3202.1761008522726,3140.2292417584044,3144.994384765625,49814,0.0,0.0
2018-02-06 00:00:00+09:00,3097.343017578125,3125.933876201923,3021.1007279146634,3097.343017578125,43071,0.0,0.0
2018-02-07 00:00:00+09:00,3121.1690624081602,3140.2296368350803,3040.16162109375,3040.16162109375,35078,0.0,0.0
2018-02-08 00:00:00+09:00,3097.343017578125,3121.1687330979566,3059.221872746394,3097.343017578125,11143,0.0,0.0
2018-02-09 00:00:00+09:00,3049.691887675507,3073.517605547972,3002.0404519305775,3054.45703125,21598,0.0,0.0
2018-02-12 00:00:00+09:00,3078.2825425996552,3078.2825425996552,3011.57053703248,3025.865966796875,13114,0.0,0.0
2018-02-13 00:00:00+09:00,3011.570814732143,3059.222251674107,3002.04052734375,3002.04052734375,31923,0.0,0.0
2018-02-14 00:00:00+09:00,3040.16162109375,3049.69190830721,2997.27532863318,3040.16162109375,16003,0.0,0.0
2018-02-19 00:00:00+09:00,3054.45696374568,3121.168972314228,3025.8661029305877,3102.1083984375,13126,0.0,0.0
2018-02-20 00:00:00+09:00,3073.517751446207,3130.699477054509,3073.517751446207,3121.169189453125,21911,0.0,0.0
2018-02-21 00:00:00+09:00,3144.99466922305,3149.759812661267,3083.0478045262325,3116.40380859375,14744,0.0,0.0
2018-02-22 00:00:00+09:00,3130.6992389084003,3135.4643823466167,3092.5780914026664,3116.40380859375,13835,0.0,0.0
2018-02-23 00:00:00+09:00,3168.8202797049903,3807.3494789237407,3168.8202797049903,3192.64599609375,3085628,0.0,0.0
2018-02-26 00:00:00+09:00,3259.3580353565703,3416.6077651325454,3197.4111721114896,3345.130615234375,556387,0.0,0.0
2018-02-27 00:00:00+09:00,3378.4864754635114,3383.2516185882837,3264.1230404689777,3268.88818359375,129129,0.0,0.0
2018-02-28 00:00:00+09:00,3335.6004701664924,3883.591975979559,3307.0096089936364,3416.60791015625,5500013,0.0,0.0
2018-03-02 00:00:00+09:00,3402.31237993084,3507.1455344945352,3368.956376206028,3488.0849609375,621490,0.0,0.0
2018-03-05 00:00:00+09:00,3640.569430576282,3640.569430576282,3388.0168391881366,3392.781982421875,476943,0.0,0.0
2018-03-06 00:00:00+09:00,3378.486837154745,3416.607986234065,3292.7142517262746,3364.19140625,340122,0.0,0.0
2018-03-07 00:00:00+09:00,3392.7820931523224,3573.8575419441595,3373.7215195952867,3488.0849609375,684744,0.0,0.0
2018-03-08 00:00:00+09:00,3454.729121148923,3492.8502700719455,3173.5856478416313,3373.7216796875,396446,0.0,0.0
2018-03-09 00:00:00+09:00,3373.721682316201,3583.3880015561913,3335.6005333634757,3540.501708984375,669345,0.0,0.0
2018-03-12 00:00:00+09:00,3626.2741079035004,4274.3336068192375,3540.501527164653,3845.470703125,4593193,0.0,0.0
2018-03-13 00:00:00+09:00,3845.4705168071546,3888.356805098684,3688.220793071546,3802.584228515625,779941,0.0,0.0
2018-03-14 00:00:00+09:00,3773.9935071790537,3797.8192237647804,3669.160354201858,3702.516357421875,374402,0.0,0.0
2018-03-15 00:00:00+09:00,3654.86501036639,3678.6907275134977,3583.3878589250653,3640.569580078125,240487,0.0,0.0
2018-03-16 00:00:00+09:00,3688.220793071546,3692.985936215049,3607.21335963199,3621.5087890625,198385,0.0,0.0
2018-03-19 00:00:00+09:00,3654.8648663003937,3773.9934473401718,3626.274006850847,3745.402587890625,437486,0.0,0.0
2018-03-20 00:00:00+09:00,3716.8118544756353,3754.9330017010266,3564.3272655740707,3654.864990234375,256907,0.0,0.0
2018-03-21 00:00:00+09:00,3716.8115997314453,3721.576742808024,3631.0390243530273,3659.6298828125,109111,0.0,0.0
2018-03-22 00:00:00+09:00,3669.160293151285,3707.2814390541553,3569.09228515625,3569.09228515625,167693,0.0,0.0
2018-03-23 00:00:00+09:00,3530.9710496363145,3611.9784826239224,3430.9030441810346,3454.728759765625,116634,0.0,0.0
2018-03-26 00:00:00+09:00,3383.2516258931505,3650.099641456554,3383.2516258931505,3626.27392578125,104172,0.0,0.0
2018-03-27 00:00:00+09:00,3626.2739322060033,3669.160220497533,3592.91793020148,3621.5087890625,69707,0.0,0.0
2018-03-28 00:00:00+09:00,3621.5088074882074,3835.9402500368515,3492.849941959021,3788.288818359375,430730,0.0,0.0
2018-03-29 00:00:00+09:00,3840.7057597103953,3850.236046955334,3659.6303020565556,3707.28173828125,385646,0.0,0.0
2018-03-30 00:00:00+09:00,3707.281594932626,3764.463316191227,3573.857578662557,3635.804443359375,112968,0.0,0.0
2018-04-02 00:00:00+09:00,3626.274136456124,3740.6375783417307,3592.9181325728214,3650.099853515625,112742,0.0,0.0
2018-04-03 00:00:00+09:00,3611.978445779828,3707.28130714605,3573.857301233339,3664.39501953125,81969,0.0,0.0
2018-04-04 00:00:00+09:00,3878.8269231737277,4321.985281718146,3697.75146484375,3697.75146484375,2773423,0.0,0.0
2018-04-05 00:00:00+09:00,3721.5770598640543,3812.1147860323217,3611.978759765625,3611.978759765625,359651,0.0,0.0
2018-04-06 00:00:00+09:00,3626.2742312816863,3721.5771020118227,3497.6153557960024,3583.387939453125,236332,0.0,0.0
2018-04-09 00:00:00+09:00,3540.5015045952764,3578.622651347312,3497.615214499237,3511.91064453125,162815,0.0,0.0
2018-04-10 00:00:00+09:00,3492.8499303925805,3631.039081799654,3445.1984988729,3616.74365234375,176722,0.0,0.0
2018-04-11 00:00:00+09:00,3616.7435701202235,3678.6904296875,3602.4481409893137,3678.6904296875,103421,0.0,0.0
2018-04-12 00:00:00+09:00,3697.7512141047296,3759.698077227618,3640.5694942989862,3702.516357421875,121662,0.0,0.0
2018-04-13 00:00:00+09:00,3750.167803994456,3788.288950667843,3645.3346506426415,3692.986083984375,184809,0.0,0.0
2018-04-16 00:00:00+09:00,3692.985948155538,3974.12939453125,3669.160232360986,3974.12939453125,508203,0.0,0.0
2018-04-17 00:00:00+09:00,3974.1294795790195,4007.4854824052222,3878.8266143612973,3912.1826171875,201245,0.0,0.0
2018-04-18 00:00:00+09:00,3993.18966685665,4064.6668088648244,3902.6519536462965,4017.015380859375,405357,0.0,0.0
2018-04-19 00:00:00+09:00,4045.606535366767,4283.863692926647,3974.129388098803,3978.89453125,842393,0.0,0.0
2018-04-20 00:00:00+09:00,3964.5987224602204,3988.424435936544,3802.583870821221,3893.12158203125,291686,0.0,0.0
2018-04-23 00:00:00+09:00,3916.9477048083563,4603.1283246287985,3916.9477048083563,4312.45458984375,2360290,0.0,0.0
2018-04-24 00:00:00+09:00,4293.393676619254,4307.689105065267,4098.022821190409,4198.0908203125,411112,0.0,0.0
2018-04-25 00:00:00+09:00,4188.561072783658,4245.742793913811,3964.5993316905615,3988.425048828125,351322,0.0,0.0
2018-04-26 00:00:00+09:00,3974.1294795790195,4069.4323447967417,3902.6523306657277,3912.1826171875,121616,0.0,0.0
2018-04-27 00:00:00+09:00,3916.947768719917,4574.537540110852,3793.054043675248,4083.727783203125,2619268,0.0,0.0
2018-04-30 00:00:00+09:00,4889.036569372756,5308.369140625,4636.483998050382,5308.369140625,1980928,0.0,0.0
2018-05-02 00:00:00+09:00,5641.928983094263,6776.032950979764,5622.86841220543,5813.47412109375,6878408,0.0,0.0
2018-05-03 00:00:00+09:00,5527.56575740409,6061.2617615672425,5289.308612688395,5651.45947265625,2411373,0.0,0.0
2018-05-04 00:00:00+09:00,5660.989553983094,6375.760962314293,5479.91413053919,5813.47412109375,2416083,0.0,0.0
2018-05-08 00:00:00+09:00,5575.218122209822,5765.823869977678,5498.975823102679,5670.52099609375,876568,0.0,0.0
2018-05-09 00:00:00+09:00,5832.535658967391,6004.080825407609,5146.354993206522,5479.9150390625,814812,0.0,0.0
2018-05-10 00:00:00+09:00,6623.548670593834,7119.12353515625,6413.882381740504,7119.12353515625,3651147,0.0,0.0
2018-05-11 00:00:00+09:00,6957.109041771849,7081.00276443354,6509.185582918045,6842.74560546875,3158602,0.0,0.0
2018-05-14 00:00:00+09:00,6918.987767481542,7271.608356182392,6814.154619489397,6938.04833984375,2375746,0.0,0.0
2018-05-15 00:00:00+09:00,6880.867024106275,7347.85107421875,6756.973296525413,7347.85107421875,1683701,0.0,0.0
2018-05-16 00:00:00+09:00,6385.291305872678,6957.108437741873,6042.201026751161,6156.564453125,2249177,0.0,0.0
2018-05-17 00:00:00+09:00,6223.277370751728,6671.200856854839,6013.611058107719,6204.216796875,1137225,0.0,0.0
2018-05-18 00:00:00+09:00,6289.989075250371,6471.06451832576,5956.429048532548,6423.4130859375,723905,0.0,0.0
2018-05-21 00:00:00+09:00,6289.989663204351,6995.230928472718,6289.989663204351,6680.7314453125,1072301,0.0,0.0
2018-05-23 00:00:00+09:00,6509.185378799958,7223.956833280187,6270.928227306547,7004.76025390625,1619155,0.0,0.0
2018-05-24 00:00:00+09:00,7100.0627918215405,7176.305076834389,6480.594226092144,6490.12451171875,867825,0.0,0.0
2018-05-25 00:00:00+09:00,5003.401150173611,5594.279000289352,4946.2194227430555,5146.35546875,1185425,0.0,0.0
2018-05-28 00:00:00+09:00,6633.079510550213,6690.26123046875,6490.125210753873,6690.26123046875,909037,0.0,0.0
2018-05-29 00:00:00+09:00,6776.033600958609,7624.22908687326,6556.837014711003,6842.74560546875,4108137,0.0,0.0
2018-05-30 00:00:00+09:00,7500.336089773276,7852.956719152707,6871.337129258618,7395.5029296875,2512894,0.0,0.0
2018-05-31 00:00:00+09:00,7147.714715254934,7328.790154708059,6957.1089895148025,7243.017578125,1020519,0.0,0.0
2018-06-01 00:00:00+09:00,7681.411683442431,7690.941970890872,6261.39885362491,6642.6103515625,1268366,0.0,0.0
2018-06-04 00:00:00+09:00,7023.821293481335,7042.881866869344,6175.625777714932,6318.580078125,625624,0.0,0.0
2018-06-05 00:00:00+09:00,6147.034642309457,6213.746646179482,5823.004909226478,6166.09521484375,622648,0.0,0.0
2018-06-07 00:00:00+09:00,6175.625909264931,6328.110499617152,6013.611032015697,6223.27734375,423998,0.0,0.0
2018-06-08 00:00:00+09:00,7481.275818245542,7862.4873249077355,6194.68698326064,6213.74755859375,3622402,0.0,0.0
2018-06-11 00:00:00+09:00,6175.626266588953,6642.6103515625,6118.444541898314,6642.6103515625,678275,0.0,0.0
2018-06-12 00:00:00+09:00,6680.731143793203,6699.791717669931,6042.201918922811,6204.216796875,838417,0.0,0.0
2018-06-14 00:00:00+09:00,5832.535062557657,5851.5956346575185,5155.8847530125695,5165.4150390625,717270,0.0,0.0
2018-06-15 00:00:00+09:00,5165.415503771552,5851.596161099138,5165.415503771552,5527.56640625,1038214,0.0,0.0
2018-06-18 00:00:00+09:00,5479.914931858383,5870.656692216981,5479.914931858383,5556.1572265625,560786,0.0,0.0
2018-06-19 00:00:00+09:00,5842.0663152711,6061.262930689102,5527.566823584401,5575.21826171875,696156,0.0,0.0
2018-06-20 00:00:00+09:00,5527.566936886252,5861.12701066387,5356.021756086334,5823.005859375,403539,0.0,0.0
2018-06-21 00:00:00+09:00,5718.171321902655,5870.655890486726,5356.020471515487,5384.611328125,432243,0.0,0.0
2018-06-22 00:00:00+09:00,5527.566489747908,5584.748212055646,4869.9766832089335,5127.29443359375,487623,0.0,0.0
2018-06-25 00:00:00+09:00,5051.052097172482,5298.839558543207,4869.9766446323365,5155.88525390625,482751,0.0,0.0
2018-06-26 00:00:00+09:00,5117.763792450573,5365.551238639987,4650.779759247449,4669.84033203125,660002,0.0,0.0
2018-06-27 00:00:00+09:00,4812.793894079564,4936.687598283592,4398.226499243007,4450.64306640625,502618,0.0,0.0
2018-06-28 00:00:00+09:00,4412.522596900898,4641.249470174378,4312.45458984375,4312.45458984375,341277,0.0,0.0
2018-06-29 00:00:00+09:00,4584.067890950861,4603.128464302007,4302.924434021442,4569.7724609375,361327,0.0,0.0
2018-07-02 00:00:00+09:00,4565.007158590309,4565.007158590309,4326.75,4326.75,183383,0.0,0.0
2018-07-03 00:00:00+09:00,4379.166837202262,4526.886284376658,4250.50796385682,4488.76513671875,242484,0.0,0.0
2018-07-04 00:00:00+09:00,4436.348088430851,4555.476662234042,4431.582945478724,4479.234375,94279,0.0,0.0
2018-07-05 00:00:00+09:00,4460.174137900731,4526.886144236853,4193.326112556243,4236.21240234375,174377,0.0,0.0
2018-07-06 00:00:00+09:00,4288.628261529127,4479.233962041532,4159.969413683252,4417.287109375,172526,0.0,0.0
2018-07-09 00:00:00+09:00,4140.9093022093675,4164.735017411953,3750.1675728869645,3864.531005859375,303638,0.0,0.0
2018-07-10 00:00:00+09:00,3878.8271966269695,4083.728387603578,3878.8271966269695,4007.486083984375,209273,0.0,0.0
2018-07-11 00:00:00+09:00,3959.8341653230113,4374.401641114951,3959.8341653230113,4179.03076171875,327886,0.0,0.0
2018-07-12 00:00:00+09:00,4179.030316653197,4369.636032350036,4145.67431640625,4145.67431640625,158094,0.0,0.0
2018-07-13 00:00:00+09:00,4221.917122187833,4593.598313531683,4221.917122187833,4474.4697265625,321136,0.0,0.0
2018-07-16 00:00:00+09:00,4560.242180874054,4612.65875766571,4374.401590430911,4565.00732421875,167114,0.0,0.0
2018-07-17 00:00:00+09:00,4507.826044233014,4669.840933772044,4436.348887083442,4593.5986328125,140759,0.0,0.0
2018-07-18 00:00:00+09:00,4569.7726448288295,4569.7726448288295,4269.568602467812,4441.11376953125,173739,0.0,0.0
2018-07-19 00:00:00+09:00,4436.3471837537045,4522.11973940093,4240.976362557247,4422.0517578125,133599,0.0,0.0
2018-07-20 00:00:00+09:00,4555.477032574153,4712.726762778072,4188.560995431673,4217.15185546875,205972,0.0,0.0
2018-07-23 00:00:00+09:00,4207.621360389263,4207.621360389263,3821.6447690058767,3826.409912109375,133268,0.0,0.0
2018-07-24 00:00:00+09:00,3869.2960771276594,4688.9006648936165,3869.2960771276594,4479.234375,1582663,0.0,0.0
2018-07-25 00:00:00+09:00,4526.886918717836,4603.129224717294,4255.273703594766,4398.22802734375,536804,0.0,0.0
2018-07-26 00:00:00+09:00,4412.522769379591,4626.954221455273,4402.992482620672,4541.181640625,415162,0.0,0.0
2018-07-27 00:00:00+09:00,4560.242128360345,4646.014707577155,4450.643832694423,4603.12841796875,286940,0.0,0.0
2018-07-30 00:00:00+09:00,4646.014899829826,5098.703531095297,4593.598321472772,4812.794921875,1867256,0.0,0.0
2018-07-31 00:00:00+09:00,4841.385172697368,4869.976030016447,4450.643456003289,4526.8857421875,399004,0.0,0.0
2018-08-01 00:00:00+09:00,4503.06043470228,4660.310164168074,4503.06043470228,4584.06787109375,181141,0.0,0.0
2018-08-02 00:00:00+09:00,4584.067904258098,4655.545054532393,4402.992456896552,4560.2421875,130304,0.0,0.0
2018-08-03 00:00:00+09:00,4731.787259886437,4731.787259886437,4574.537532216495,4622.18896484375,179669,0.0,0.0
2018-08-06 00:00:00+09:00,4574.537617554859,4660.310197884012,4503.060467280564,4560.2421875,96416,0.0,0.0
2018-08-07 00:00:00+09:00,4574.537610908142,4607.893614321014,4441.113597256654,4565.00732421875,78967,0.0,0.0
2018-08-08 00:00:00+09:00,4584.067735487665,4727.022030773143,4479.234585611648,4684.1357421875,191565,0.0,0.0
2018-08-09 00:00:00+09:00,4669.8403974710045,4669.8403974710045,4541.181529377416,4622.18896484375,185038,0.0,0.0
2018-08-10 00:00:00+09:00,4917.628134356288,5241.657895147206,4698.431531468314,4774.673828125,1768873,0.0,0.0
2018-08-13 00:00:00+09:00,4908.097532926399,5622.86901830403,4555.476933473435,4641.24951171875,3157627,0.0,0.0
2018-08-14 00:00:00+09:00,4693.666044293028,5289.308943314985,4674.605471524325,5031.9912109375,2460588,0.0,0.0
2018-08-16 00:00:00+09:00,5498.975457208807,5651.460045276988,5146.354847301136,5241.65771484375,1647765,0.0,0.0
2018-08-17 00:00:00+09:00,5194.006681373651,5308.370131238759,5117.764381463579,5298.83984375,429507,0.0,0.0
2018-08-20 00:00:00+09:00,5203.536286429073,5270.248290101241,5089.1728515625,5089.1728515625,356410,0.0,0.0
2018-08-21 00:00:00+09:00,5174.945299933938,5317.899589987363,5089.172725901884,5184.4755859375,296040,0.0,0.0
2018-08-22 00:00:00+09:00,5117.7634861158285,5460.8537756878395,4993.869770437047,5260.7177734375,847464,0.0,0.0
2018-08-23 00:00:00+09:00,5184.475994318182,5384.61201615767,5146.354847301136,5241.65771484375,418718,0.0,0.0
2018-08-24 00:00:00+09:00,5308.36972212358,5327.430295632103,5155.885134055397,5241.65771484375,178330,0.0,0.0
2018-08-27 00:00:00+09:00,4722.257358883748,4803.264800963489,4669.840778714502,4698.431640625,479002,0.0,0.0
2018-08-28 00:00:00+09:00,4746.082321440332,4765.142893012381,4469.704033645614,4522.12060546875,342675,0.0,0.0
2018-08-29 00:00:00+09:00,4517.35597718254,4526.886264054233,4426.818251901455,4503.060546875,101213,0.0,0.0
2018-08-30 00:00:00+09:00,4512.590721336571,4746.082743876689,4512.590721336571,4584.06787109375,226830,0.0,0.0
2018-08-31 00:00:00+09:00,4526.886067708333,4660.3100781250005,4441.113489583334,4646.0146484375,118279,0.0,0.0
2018-09-03 00:00:00+09:00,4860.44686453683,4860.44686453683,4731.78797694615,4803.26513671875,182342,0.0,0.0
2018-09-04 00:00:00+09:00,4755.612833201662,5117.763710279143,4746.082546962781,5089.1728515625,553068,0.0,0.0
2018-09-05 00:00:00+09:00,5070.113325555293,5155.885919408673,4955.749867084121,5041.5224609375,298021,0.0,0.0
2018-09-06 00:00:00+09:00,5060.581664804762,5384.611375922205,4812.79423865613,4965.27880859375,713726,0.0,0.0
2018-09-07 00:00:00+09:00,5041.5213204134,5232.127041412015,4974.809318063883,5165.4150390625,508416,0.0,0.0
2018-09-10 00:00:00+09:00,5241.658118817446,5336.960993705036,5155.885531418615,5298.83984375,570077,0.0,0.0
2018-09-11 00:00:00+09:00,5432.262755807522,5498.9747545630535,5146.35418971239,5384.611328125,882461,0.0,0.0
2018-09-12 00:00:00+09:00,5365.551141708933,5470.384290125981,5203.536275973494,5460.85400390625,298161,0.0,0.0
2018-09-13 00:00:00+09:00,5451.323847552176,5470.384420445715,5308.369550850633,5365.55126953125,115303,0.0,0.0
2018-09-14 00:00:00+09:00,5384.611855503504,5451.323860792927,5194.006126105149,5356.02099609375,237531,0.0,0.0
2018-09-17 00:00:00+09:00,5441.793431466786,5489.444862565445,5213.066562193227,5460.85400390625,398618,0.0,0.0
2018-09-18 00:00:00+09:00,5451.323580848623,5479.914438790138,5165.415001433486,5194.005859375,240031,0.0,0.0
2018-09-19 00:00:00+09:00,5222.597006453155,5327.430158042543,4974.809557241873,4984.33984375,362301,0.0,0.0
2018-09-20 00:00:00+09:00,5194.005806717218,5213.066378484988,4812.794371361826,4860.44580078125,215423,0.0,0.0
2018-09-21 00:00:00+09:00,4879.506109022556,5203.535811574835,4879.506109022556,5070.11181640625,217409,0.0,0.0
2018-09-27 00:00:00+09:00,5108.233927943246,5232.127661270228,5079.64306640625,5079.64306640625,153147,0.0,0.0
2018-09-28 00:00:00+09:00,5031.991522277228,5070.112670173267,4574.537747524752,4812.794921875,219118,0.0,0.0
2018-10-01 00:00:00+09:00,4869.97663004879,4974.809786468627,4750.848043208066,4822.3251953125,111190,0.0,0.0
2018-10-02 00:00:00+09:00,4626.954809279669,4908.09830438523,4622.189665294829,4803.26513671875,97004,0.0,0.0
2018-10-04 00:00:00+09:00,4974.810320172991,4974.810320172991,4765.14398484003,4803.26513671875,101067,0.0,0.0
2018-10-05 00:00:00+09:00,4774.6738417968745,4860.44642578125,4693.666401367187,4765.1435546875,56893,0.0,0.0
2018-10-08 00:00:00+09:00,4736.552336774554,4841.385487085459,4669.84033203125,4669.84033203125,66335,0.0,0.0
2018-10-10 00:00:00+09:00,4574.537752890174,4660.310335756864,4102.788547123374,4121.84912109375,201377,0.0,0.0
2018-10-11 00:00:00+09:00,3816.879594255202,4059.9018905186417,3812.114451191213,3850.235595703125,224261,0.0,0.0
2018-10-12 00:00:00+09:00,3783.524002396809,4078.9629043471896,3783.524002396809,4069.4326171875,80283,0.0,0.0
2018-10-15 00:00:00+09:00,4069.4320790585125,4379.1663707901325,4026.5457925110572,4107.55322265625,84481,0.0,0.0
2018-10-16 00:00:00+09:00,4098.0228874820405,4221.916602684985,4093.2577445896195,4145.67431640625,66111,0.0,0.0
2018-10-17 00:00:00+09:00,4226.681646687182,4307.689073963036,4179.030218877857,4221.91650390625,55680,0.0,0.0
2018-10-18 00:00:00+09:00,4250.507825667135,4431.583271155197,4217.151822550913,4240.9775390625,85409,0.0,0.0
2018-10-19 00:00:00+09:00,4412.522630208334,4412.522630208334,4140.909466145833,4288.62890625,60233,0.0,0.0
2018-10-22 00:00:00+09:00,4188.561199629934,4240.977778919956,4059.9023231907895,4074.19775390625,51992,0.0,0.0
2018-10-23 00:00:00+09:00,4064.667276105464,4159.970143071595,4012.2506992740923,4036.076416015625,37371,0.0,0.0
2018-10-24 00:00:00+09:00,4036.076362292749,4126.614084705455,3859.7660607522157,3897.88720703125,64980,0.0,0.0
2018-10-25 00:00:00+09:00,3888.3567659748132,3955.0687693126165,3740.6373300125347,3831.175048828125,84146,0.0,0.0
2018-10-26 00:00:00+09:00,3850.2357392056297,3931.243174312679,3535.7362852606157,3745.402587890625,94846,0.0,0.0
2018-10-29 00:00:00+09:00,3621.509060329861,3773.99365234375,3087.81298828125,3087.81298828125,139438,0.0,0.0
2018-10-30 00:00:00+09:00,2911.5029484675483,3316.5401835244083,2911.5029484675483,3221.2373046875,262764,0.0,0.0
2018-10-31 00:00:00+09:00,3211.706897377796,3354.6612103174602,3173.585747260552,3302.24462890625,125395,0.0,0.0
2018-11-01 00:00:00+09:00,3326.070150190443,3583.387898199446,3326.070150190443,3440.43359375,51051,0.0,0.0
2018-11-02 00:00:00+09:00,3440.4335943941705,3640.5696206608673,3440.4335943941705,3611.978759765625,78621,0.0,0.0
2018-11-05 00:00:00+09:00,3697.7513424513522,3735.8724903116754,3540.501607527519,3611.978759765625,42760,0.0,0.0
2018-11-06 00:00:00+09:00,3611.9784899934384,3731.1070681594488,3588.152774360236,3631.0390625,66044,0.0,0.0
2018-11-07 00:00:00+09:00,3631.039583198263,3793.0544727372926,3383.252105079746,3445.198974609375,130394,0.0,0.0
2018-11-08 00:00:00+09:00,3526.205913713911,3635.8042056266404,3488.084768700787,3631.0390625,53465,0.0,0.0
2018-11-09 00:00:00+09:00,3650.099706901215,3650.099706901215,3526.2059831682755,3578.62255859375,32282,0.0,0.0
2018-11-12 00:00:00+09:00,3478.554608532682,3602.4483343160377,3473.789465233322,3535.736328125,22467,0.0,0.0
2018-11-13 00:00:00+09:00,3392.782172309028,3478.5547553168403,3330.8353068033853,3430.9033203125,64144,0.0,0.0
2018-11-14 00:00:00+09:00,3459.4939028825434,3521.4407634024783,3430.9030441810346,3454.728759765625,33820,0.0,0.0
2018-11-15 00:00:00+09:00,3483.319564898397,3678.6904296875,3407.0772762002107,3678.6904296875,60745,0.0,0.0
2018-11-16 00:00:00+09:00,3688.2207157747735,3697.751001862047,3607.2132840329505,3678.6904296875,70561,0.0,0.0
2018-11-19 00:00:00+09:00,3688.2207806396486,3883.5916488647463,3688.2207806396486,3812.114501953125,102026,0.0,0.0
2018-11-20 00:00:00+09:00,3692.9866191454953,3835.9409398866114,3669.160899021976,3821.6455078125,83723,0.0,0.0
2018-11-21 00:00:00+09:00,3812.1150326668767,3907.4179084835487,3750.16816338604,3783.524169921875,106997,0.0,0.0
2018-11-22 00:00:00+09:00,3945.5386040374524,3945.5386040374524,3707.281441957896,3745.402587890625,66783,0.0,0.0
2018-11-23 00:00:00+09:00,3812.1144637872208,4093.2579054915286,3750.1676037506786,3840.705322265625,357866,0.0,0.0
2018-11-26 00:00:00+09:00,4183.7956101823565,4183.7956101823565,3840.705309575147,3850.235595703125,275832,0.0,0.0
2018-11-27 00:00:00+09:00,3835.940810785061,3969.3648389862806,3816.880235327744,3907.41796875,78668,0.0,0.0
2018-11-28 00:00:00+09:00,3921.712807103207,3959.8339522512333,3764.4630833675983,3802.584228515625,94251,0.0,0.0
2018-11-29 00:00:00+09:00,3955.0686723758013,4398.226969401041,3888.3566706730767,4088.49267578125,1819572,0.0,0.0
2018-11-30 00:00:00+09:00,4064.667473607655,4140.909770885172,4017.0160378092064,4069.4326171875,228149,0.0,0.0
2018-12-03 00:00:00+09:00,4126.614237584508,4231.447393735615,4074.197659508954,4140.90966796875,228396,0.0,0.0
2018-12-04 00:00:00+09:00,4202.856694647607,5375.08203125,4164.735545489805,5375.08203125,3184267,0.0,0.0
2018-12-05 00:00:00+09:00,5708.6421037246555,6261.398768192151,5422.733484172502,5699.11181640625,6517232,0.0,0.0
2018-12-06 00:00:00+09:00,5660.990855967286,5908.7783345113085,5498.97596615004,5899.248046875,2054343,0.0,0.0
2018-12-07 00:00:00+09:00,5870.657113882211,5946.8994140625,5851.596538837139,5946.8994140625,592231,0.0,0.0
2018-12-10 00:00:00+09:00,5870.656724827796,6042.201888864972,5870.656724827796,5880.18701171875,473459,0.0,0.0
2018-12-11 00:00:00+09:00,5870.656458333334,5870.656458333334,5622.869010416667,5718.171875,493502,0.0,0.0
2018-12-12 00:00:00+09:00,5765.824070569584,6194.6870179673215,4965.279902093807,5213.0673828125,3217462,0.0,0.0
2018-12-13 00:00:00+09:00,5241.658118817446,5527.566743480216,5155.885531418615,5298.83984375,966701,0.0,0.0
2018-12-14 00:00:00+09:00,5432.263253083492,5441.79353949241,4927.158073410816,5022.4609375,747982,0.0,0.0
2018-12-17 00:00:00+09:00,4936.6890506744385,4993.870777130127,4755.613583564758,4879.50732421875,456969,0.0,0.0
2018-12-18 00:00:00+09:00,4765.143124053986,4965.2791352642535,4693.665977193176,4722.2568359375,386311,0.0,0.0
2018-12-19 00:00:00+09:00,4722.256966682222,4784.203829010041,4536.416379698764,4626.9541015625,251841,0.0,0.0
2018-12-20 00:00:00+09:00,4674.605688082787,6013.610987115676,4674.605688082787,5908.77783203125,5920883,0.0,0.0
2018-12-21 00:00:00+09:00,6004.079999017982,7281.138284523394,5746.762284774354,6823.6845703125,11459654,0.0,0.0
2018-12-24 00:00:00+09:00,7023.821599609375,8062.62289453125,6737.912986328125,7147.71533203125,9864083,0.0,0.0
2018-12-26 00:00:00+09:00,7023.82114003714,7824.365204844629,6776.03369140625,6776.03369140625,4250720,0.0,0.0
2018-12-27 00:00:00+09:00,6900.8041611615345,7169.54201444738,6401.7195764878215,6526.49072265625,2109187,50.0,0.0
2018-12-28 00:00:00+09:00,6632.067229352679,6939.196247209822,6497.698284040179,6718.447265625,1718669,0.0,0.0
2019-01-02 00:00:00+09:00,6737.643095128677,6881.609827930572,6238.558421415441,6363.32958984375,1190591,0.0,0.0
2019-01-03 00:00:00+09:00,6363.328918876805,7342.302598704006,6152.177733031723,6977.5869140625,4476256,0.0,0.0
2019-01-04 00:00:00+09:00,6824.022472678351,6891.206941467026,6641.664628823373,6785.63134765625,984112,0.0,0.0
2019-01-07 00:00:00+09:00,6872.010962788396,7207.933286388387,6785.630936719826,6967.98876953125,1861524,0.0,0.0
2019-01-08 00:00:00+09:00,6910.402322287088,7745.4092695634445,6766.43560723944,6987.1845703125,5056985,0.0,0.0
2019-01-09 00:00:00+09:00,7092.760491786859,7255.922776442308,6939.1959885817305,7111.9560546875,1189318,0.0,0.0
2019-01-10 00:00:00+09:00,7102.358166591726,7255.922667491007,6670.4580078125,6670.4580078125,955701,0.0,0.0
2019-01-11 00:00:00+09:00,6708.848987747866,7697.420440878095,6622.4689578627,7169.54248046875,3510313,0.0,0.0
2019-01-14 00:00:00+09:00,7169.543146829044,7438.281042560254,7054.36976294424,7342.30322265625,1463716,0.0,0.0
2019-01-15 00:00:00+09:00,7323.107590494791,7515.063228515625,7131.151952473958,7198.33642578125,1288346,0.0,0.0
2019-01-16 00:00:00+09:00,7486.26953125,9357.8369140625,7246.324994991987,9357.8369140625,10097164,0.0,0.0
2019-01-17 00:00:00+09:00,9453.813569335936,9693.758076171875,8973.924555664062,9597.7802734375,4805120,0.0,0.0
2019-01-18 00:00:00+09:00,9501.803836340368,10221.637460305548,9386.63045650594,9492.2060546875,3149740,0.0,0.0
2019-01-21 00:00:00+09:00,9405.825401628521,9741.747737400969,9223.467562209193,9540.1943359375,1213560,0.0,0.0
2019-01-22 00:00:00+09:00,9597.781946163366,9981.693224009901,8647.601533493193,8724.3837890625,2353689,0.0,0.0
2019-01-23 00:00:00+09:00,8695.589944294223,8935.534479180928,8657.19881871235,8762.7744140625,829524,0.0,0.0
2019-01-24 00:00:00+09:00,8829.959350310384,8887.54604172545,8398.059164697375,8503.634765625,697768,0.0,0.0
2019-01-25 00:00:00+09:00,8590.014448912812,8733.981171520289,8426.852163291005,8455.6455078125,523772,0.0,0.0
2019-01-28 00:00:00+09:00,8494.036091625623,9348.238591235433,8455.644968047654,8647.6005859375,3372680,0.0,0.0
2019-01-29 00:00:00+09:00,8685.991817744629,8829.958532955865,8100.527175885599,8263.689453125,630139,0.0,0.0
2019-01-30 00:00:00+09:00,8407.656422802676,9146.68558325451,8244.494140625,8244.494140625,2149313,0.0,0.0
2019-01-31 00:00:00+09:00,8398.058917071368,8733.981273754223,8302.081100876267,8522.830078125,1097316,0.0,0.0
2019-02-01 00:00:00+09:00,8695.589098478618,9309.847048040021,8695.589098478618,8753.17578125,2754557,0.0,0.0
2019-02-07 00:00:00+09:00,9050.708244977679,9079.501590401786,8657.199190848214,8733.9814453125,877276,0.0,0.0
2019-02-08 00:00:00+09:00,8695.589449717148,8993.120656054049,8676.393888017994,8801.1650390625,797766,0.0,0.0
2019-02-11 00:00:00+09:00,8925.9353515625,8964.326471354167,8638.001953125,8638.001953125,412836,0.0,0.0
2019-02-12 00:00:00+09:00,8570.818786153135,9233.065702440445,8542.02544196673,8762.7744140625,1645135,0.0,0.0
2019-02-13 00:00:00+09:00,8829.958024945176,8887.544707716557,8570.817952473959,8753.17578125,418686,0.0,0.0
2019-02-14 00:00:00+09:00,8753.176262226698,8983.523005969506,8177.309402869678,8340.4716796875,817159,0.0,0.0
2019-02-15 00:00:00+09:00,8359.667071336784,8474.840440861517,7889.375812444129,8052.5380859375,445483,0.0,0.0
2019-02-18 00:00:00+09:00,8014.14742461906,8417.254241186725,8014.14742461906,8129.32080078125,337230,0.0,0.0
2019-02-19 00:00:00+09:00,8100.52742105646,8503.634235848369,8100.52742105646,8244.494140625,374316,0.0,0.0
2019-02-20 00:00:00+09:00,8407.656295421511,8877.947572220204,8196.50510992006,8254.091796875,922876,0.0,0.0
2019-02-21 00:00:00+09:00,8263.690295718638,8369.265897638388,7802.996760068818,7975.7568359375,354442,0.0,0.0
2019-02-22 00:00:00+09:00,7918.169977402657,8321.276812615884,7764.60546875,7764.60546875,426216,0.0,0.0
2019-02-25 00:00:00+09:00,7870.180676030178,8148.516334084904,7659.029487161076,7831.78955078125,276462,0.0,0.0
2019-02-26 00:00:00+09:00,7850.984567987351,8532.426993815103,7850.984567987351,8062.1357421875,926695,0.0,0.0
2019-02-27 00:00:00+09:00,8148.516697315583,8177.310042535779,7879.77880859375,7879.77880859375,293569,0.0,0.0
2019-02-28 00:00:00+09:00,7966.1578369140625,7975.755617440465,6363.328489004848,6372.92626953125,825598,0.0,0.0
2019-03-04 00:00:00+09:00,5825.853269977334,6411.317931375385,5825.853269977334,6219.3623046875,653082,0.0,0.0
2019-03-05 00:00:00+09:00,6123.384491343557,6276.948992693866,6056.200022002797,6219.3623046875,391941,0.0,0.0
2019-03-06 00:00:00+09:00,6228.960043497132,6334.53563745471,5960.22216796875,5960.22216796875,239367,0.0,0.0
2019-03-07 00:00:00+09:00,5864.244880663742,6132.982780268627,5739.473712990045,5845.04931640625,261721,0.0,0.0
2019-03-08 00:00:00+09:00,5643.496013440584,5950.62504818565,5643.496013440584,5835.45166015625,179449,0.0,0.0
2019-03-11 00:00:00+09:00,5806.658438819244,5873.842916623765,5662.691700666701,5825.85400390625,192834,0.0,0.0
2019-03-12 00:00:00+09:00,5845.04830546875,6161.7750609375,5806.65718359375,5998.61279296875,294498,0.0,0.0
2019-03-13 00:00:00+09:00,5979.417533102715,6065.797561670813,5758.668571206467,5787.4619140625,238460,0.0,0.0
2019-03-14 00:00:00+09:00,5787.462005515828,5941.026503174623,5787.462005515828,5893.03759765625,99575,0.0,0.0
2019-03-15 00:00:00+09:00,5864.2448926121515,5912.233803353659,5336.366874455575,5509.126953125,369602,0.0,0.0
2019-03-18 00:00:00+09:00,5576.311338903115,5854.647016748537,5557.115774913776,5739.4736328125,182989,0.0,0.0
2019-03-19 00:00:00+09:00,5739.4731219704,5893.0376202171,5739.4731219704,5816.25537109375,93151,0.0,0.0
2019-03-20 00:00:00+09:00,5806.657475966522,5806.657475966522,5643.495199782338,5787.4619140625,70102,0.0,0.0
2019-03-21 00:00:00+09:00,5739.4736778077,5806.658152297088,5624.30029296875,5624.30029296875,57092,0.0,0.0
2019-03-22 00:00:00+09:00,5643.495827414773,5768.266993667141,5605.104699337122,5701.08251953125,55475,0.0,0.0
2019-03-25 00:00:00+09:00,5585.909149894068,5758.669226694915,5547.518021716101,5662.69140625,93592,0.0,0.0
2019-03-26 00:00:00+09:00,5662.691142447043,5739.473395225986,5614.702234460204,5720.27783203125,84573,0.0,0.0
2019-03-27 00:00:00+09:00,5768.266780487478,5787.462343816887,5585.908928858091,5605.1044921875,68457,0.0,0.0
2019-03-28 00:00:00+09:00,5595.506864809782,5672.289120244565,5509.126827445652,5518.724609375,56711,0.0,0.0
2019-03-29 00:00:00+09:00,5480.332787607231,5960.221823299633,5480.332787607231,5873.841796875,317811,0.0,0.0
2019-04-01 00:00:00+09:00,5979.417365486392,6094.590733681956,5845.048435924899,5950.6240234375,216795,0.0,0.0
2019-04-02 00:00:00+09:00,5921.83054921875,6046.6016953125,5902.63498828125,5998.61279296875,105966,0.0,0.0
2019-04-03 00:00:00+09:00,6008.211287267234,6228.960264275455,5998.613505658182,6056.2001953125,163910,0.0,0.0
2019-04-04 00:00:00+09:00,6008.2105734375,6056.19947578125,5921.83054921875,5998.61279296875,79757,0.0,0.0
2019-04-05 00:00:00+09:00,5998.613602689067,6219.3625832680245,5998.613602689067,6123.384765625,162086,0.0,0.0
2019-04-08 00:00:00+09:00,6171.373588111792,6171.373588111792,5912.233484100877,6017.80908203125,147819,0.0,0.0
2019-04-09 00:00:00+09:00,5989.015890473301,6027.407017976335,5873.842507964199,5931.42919921875,77927,0.0,0.0
2019-04-10 00:00:00+09:00,5931.428824162138,6046.602199388587,5902.635480355525,5960.22216796875,69581,0.0,0.0
2019-04-11 00:00:00+09:00,6017.809206871691,6420.916043695631,5979.418079555125,6344.1337890625,375656,0.0,0.0
2019-04-12 00:00:00+09:00,6190.569266183036,6219.362611607143,5931.429157366072,6046.6025390625,430831,0.0,0.0
2019-04-15 00:00:00+09:00,6123.384565304487,6123.384565304487,5960.222280649038,5989.015625,131642,0.0,0.0
2019-04-16 00:00:00+09:00,5950.624610621013,6084.993553441487,5806.657886170504,6017.80908203125,237760,0.0,0.0
2019-04-17 00:00:00+09:00,6008.211581683043,6008.211581683043,5854.647068413188,5921.83154296875,87127,0.0,0.0
2019-04-18 00:00:00+09:00,5864.244699132825,5921.831390122673,5633.897935173434,5672.2890625,153650,0.0,0.0
2019-04-19 00:00:00+09:00,5681.886606005943,5768.266638867519,5624.299917431557,5653.09326171875,62192,0.0,0.0
2019-04-22 00:00:00+09:00,5710.679447888122,5710.679447888122,5633.897203210634,5691.48388671875,52151,0.0,0.0
2019-04-23 00:00:00+09:00,5662.6914212484,5691.484767458138,5585.9091646891,5624.30029296875,50937,0.0,0.0
2019-04-24 00:00:00+09:00,5624.2994689408815,5691.483933586933,5499.5283203125,5499.5283203125,73956,0.0,0.0
2019-04-25 00:00:00+09:00,5480.3324026188375,5537.919082856514,5384.354602222711,5451.5390625,69426,0.0,0.0
2019-04-26 00:00:00+09:00,5461.1376953125,5614.702199925857,5413.148787620826,5461.1376953125,90131,0.0,0.0
2019-04-29 00:00:00+09:00,5403.551072084188,5489.93110698429,5269.18212890625,5269.18212890625,79671,0.0,0.0
2019-04-30 00:00:00+09:00,5192.40002803096,5336.36675708912,5154.008900282118,5182.80224609375,97110,0.0,0.0
2019-05-02 00:00:00+09:00,5144.410869753228,5259.584247434271,5144.410869753228,5201.99755859375,36979,0.0,0.0
2019-05-03 00:00:00+09:00,5154.008290853166,5269.181660481169,5154.008290853166,5192.3994140625,37084,0.0,0.0
2019-05-07 00:00:00+09:00,5086.82421875,5134.813126474057,5038.835311025944,5086.82421875,57238,0.0,0.0
2019-05-08 00:00:00+09:00,5067.6285192757005,5288.377488865362,5067.6285192757005,5134.81298828125,53465,0.0,0.0
2019-05-09 00:00:00+09:00,5134.812702315738,5230.790509835658,4794.09148562002,4818.0859375,80394,0.0,0.0
2019-05-10 00:00:00+09:00,4818.0859375,5048.432675547809,4774.895924116036,4818.0859375,150052,0.0,0.0
2019-05-13 00:00:00+09:00,4789.293440528703,4990.846871893638,4789.293440528703,4827.6845703125,64721,0.0,0.0
2019-05-14 00:00:00+09:00,4741.304024354819,4914.064090019569,4702.912898651541,4904.46630859375,51180,0.0,0.0
2019-05-15 00:00:00+09:00,5163.606275558472,5499.528616905212,4914.06396484375,4914.06396484375,514192,0.0,0.0
2019-05-16 00:00:00+09:00,5029.238079857733,5096.422558023772,4875.67355833536,4933.26025390625,103321,0.0,0.0
2019-05-17 00:00:00+09:00,4885.270697751127,5106.019668376423,4885.270697751127,5058.03076171875,108191,0.0,0.0
2019-05-20 00:00:00+09:00,5048.433259414289,5125.215514310324,4962.05322265625,4962.05322265625,92074,0.0,0.0
2019-05-21 00:00:00+09:00,4894.868402481079,5000.443995475769,4894.868402481079,4914.06396484375,53417,0.0,0.0
2019-05-22 00:00:00+09:00,4904.466059218141,4990.846087658382,4875.672716404727,4923.66162109375,40656,0.0,0.0
2019-05-23 00:00:00+09:00,4866.075909822551,4990.847086997487,4774.89697265625,4774.89697265625,71311,0.0,0.0
2019-05-24 00:00:00+09:00,4678.91846965486,4712.510704821613,4520.555075297311,4640.52734375,117064,0.0,0.0
2019-05-27 00:00:00+09:00,4640.527178942282,4798.890567675577,4554.147148724122,4578.1416015625,57306,0.0,0.0
2019-05-28 00:00:00+09:00,4539.750613952823,4914.064089521872,4539.750613952823,4717.3095703125,154432,0.0,0.0
2019-05-29 00:00:00+09:00,4654.923776406737,4698.113790827006,4563.7448570750585,4621.33154296875,35519,0.0,0.0
2019-05-30 00:00:00+09:00,4606.935183977035,4674.119655410033,4544.54960336068,4597.33740234375,45649,0.0,0.0
2019-05-31 00:00:00+09:00,4534.952101574593,4654.924379394027,4534.952101574593,4650.12548828125,31854,0.0,0.0
2019-06-03 00:00:00+09:00,4650.1258875981675,4654.924779123036,4534.952491001309,4582.94140625,40112,0.0,0.0
2019-06-04 00:00:00+09:00,4606.935121220021,4765.298516011959,4573.342885961125,4602.13623046875,106735,0.0,0.0
2019-06-05 00:00:00+09:00,4626.130671535678,4722.108486297829,4602.13621784514,4640.52734375,43423,0.0,0.0
2019-06-07 00:00:00+09:00,4640.5278126164885,4827.6845703125,4616.533356501615,4827.6845703125,94748,0.0,0.0
2019-06-10 00:00:00+09:00,5144.410786732456,5998.613324081688,5096.421880139803,5470.7353515625,4576945,0.0,0.0
2019-06-11 00:00:00+09:00,5470.735562028556,5595.506723969558,5278.7799282731685,5566.71337890625,758802,0.0,0.0
2019-06-12 00:00:00+09:00,5691.484813942727,5864.2448926121515,5509.126953125,5509.126953125,1138973,0.0,0.0
2019-06-13 00:00:00+09:00,5441.941840462628,5653.093022984987,5393.952935343909,5633.8974609375,272103,0.0,0.0
2019-06-14 00:00:00+09:00,5633.898109573841,5950.624919822455,5633.898109573841,5845.04931640625,1431984,0.0,0.0
2019-06-17 00:00:00+09:00,5787.461957317398,5845.048643459859,5585.908555818782,5633.8974609375,268743,0.0,0.0
2019-06-18 00:00:00+09:00,5710.680247961956,5835.451413043478,5441.942353940218,5518.724609375,374082,0.0,0.0
2019-06-19 00:00:00+09:00,5528.322200083892,5749.071176823354,5528.322200083892,5720.27783203125,346283,0.0,0.0
2019-06-20 00:00:00+09:00,5720.277087442899,5777.86376953125,5633.897064310371,5777.86376953125,187158,0.0,0.0
2019-06-21 00:00:00+09:00,5806.657390983737,5806.657390983737,5595.506213129783,5643.4951171875,175228,0.0,0.0
2019-06-24 00:00:00+09:00,5777.86398973652,5883.439577588849,5701.081744025736,5873.841796875,414550,0.0,0.0
2019-06-25 00:00:00+09:00,5921.831259237753,5921.831259237753,5576.311120935388,5681.88671875,271349,0.0,0.0
2019-06-26 00:00:00+09:00,5643.495492788462,5681.886618589743,5432.34430088141,5614.7021484375,172678,0.0,0.0
2019-06-27 00:00:00+09:00,5614.702458457341,5749.071406181107,5326.768999049273,5441.9423828125,215650,0.0,0.0
2019-06-28 00:00:00+09:00,5393.953532639519,5451.540225158802,5230.791237168217,5288.3779296875,122370,0.0,0.0
2019-07-01 00:00:00+09:00,5758.668486926021,5758.668486926021,5441.941720145089,5643.4951171875,269381,0.0,0.0
2019-07-02 00:00:00+09:00,5537.920210924436,5950.624836695234,5537.920210924436,5739.4736328125,868326,0.0,0.0
2019-07-03 00:00:00+09:00,5672.288391869469,5787.461760232301,5374.757190265486,5422.74609375,241275,0.0,0.0
2019-07-04 00:00:00+09:00,5413.148313053097,5566.71280420354,5384.354970962389,5422.74609375,109388,0.0,0.0
2019-07-05 00:00:00+09:00,5422.746569159161,5518.724384542508,5422.746569159161,5461.1376953125,58451,0.0,0.0
2019-07-08 00:00:00+09:00,5499.528591684195,5499.528591684195,4971.650629131611,4990.84619140625,186678,0.0,0.0
2019-07-09 00:00:00+09:00,4952.4554768398675,6488.1005859375,4798.890965930103,6488.1005859375,6781057,0.0,0.0
2019-07-10 00:00:00+09:00,6363.329183056846,7447.8785008327495,6276.949148897704,6843.21826171875,12483815,0.0,0.0
2019-07-11 00:00:00+09:00,6824.022087545956,7140.748851102941,6680.055376838236,6852.8154296875,4145289,0.0,0.0
2019-07-12 00:00:00+09:00,6795.2293318136,7294.3139720033,6392.122507044996,6545.68701171875,4726217,0.0,0.0
2019-07-15 00:00:00+09:00,6584.077918760927,7054.369198672422,6545.686793870193,6862.41357421875,3166659,0.0,0.0
2019-07-16 00:00:00+09:00,7102.358392169448,8542.025633825418,7102.358392169448,7476.671875,15897088,0.0,0.0
2019-07-17 00:00:00+09:00,7467.07409338896,7994.952081996149,7159.945081835687,7476.671875,4947823,0.0,0.0
2019-07-18 00:00:00+09:00,7447.8782141978345,8062.136211245079,7207.9336841012555,7313.50927734375,4575639,0.0,0.0
2019-07-19 00:00:00+09:00,7284.715853648971,7534.258162206116,6795.229017633032,7169.54248046875,1620447,0.0,0.0
2019-07-22 00:00:00+09:00,7169.542817615327,7284.716196211558,7044.771657469411,7255.9228515625,951626,0.0,0.0
2019-07-23 00:00:00+09:00,7265.520813681863,7323.107504411178,6728.045033541593,6756.83837890625,975541,0.0,0.0
2019-07-24 00:00:00+09:00,6910.402683423913,7159.945002547554,6430.513608186141,6622.46923828125,1462104,0.0,0.0
2019-07-25 00:00:00+09:00,6622.468929547365,6795.228988579036,6315.339935713285,6420.91552734375,703349,0.0,0.0
2019-07-26 00:00:00+09:00,6420.915802264281,7236.7272270661715,6392.122457859509,6699.25146484375,4868848,0.0,0.0
2019-07-29 00:00:00+09:00,6718.447306146265,7342.303127431275,6670.458396816649,6939.1962890625,3087270,0.0,0.0
2019-07-30 00:00:00+09:00,6833.62050046203,7217.5317645329305,6776.033810851394,7140.74951171875,2298206,0.0,0.0
2019-07-31 00:00:00+09:00,7169.542442961112,8081.33164253448,6852.815668372468,6872.01123046875,8252230,0.0,0.0
2019-08-01 00:00:00+09:00,7015.978321176714,7169.542826154591,6449.7092090707965,6507.2958984375,2229161,0.0,0.0
2019-08-02 00:00:00+09:00,6632.066677278359,6843.217859478249,6123.384283796806,6536.0888671875,1897488,0.0,0.0
2019-08-05 00:00:00+09:00,6526.491983442164,6967.989970557369,6344.134119198927,6430.51416015625,2049778,0.0,0.0
2019-08-06 00:00:00+09:00,6065.798677369211,6363.329941607258,5461.138366175761,5595.50732421875,1198287,0.0,0.0
2019-08-07 00:00:00+09:00,5576.310576801916,6132.98185641381,5576.310576801916,5950.6240234375,1910766,0.0,0.0
2019-08-08 00:00:00+09:00,6075.395519456727,6286.54670654685,5921.831019754819,6037.00439453125,1505855,0.0,0.0
2019-08-09 00:00:00+09:00,6171.373447080202,6334.535731062104,6027.406725919699,6065.7978515625,1043149,0.0,0.0
2019-08-12 00:00:00+09:00,6065.797976921553,6152.178011403031,5998.613505658182,6056.2001953125,346015,0.0,0.0
2019-08-13 00:00:00+09:00,6142.579554115853,6516.892995694789,6075.395090242711,6296.14404296875,1690138,0.0,0.0
2019-08-14 00:00:00+09:00,6411.318190063854,6420.915971785506,6171.373647022542,6200.1669921875,733783,0.0,0.0
2019-08-16 00:00:00+09:00,6084.993680423822,6123.3848077451075,5950.624734799321,6008.21142578125,338576,0.0,0.0
2019-08-19 00:00:00+09:00,5998.613269605773,6190.568894233158,5979.417707143035,6037.00439453125,458448,0.0,0.0
2019-08-20 00:00:00+09:00,6056.19957344487,6104.1884765625,5854.6461803508255,6104.1884765625,512783,0.0,0.0
2019-08-21 00:00:00+09:00,6296.144567643634,6526.491320118401,6161.77562870002,6180.97119140625,1931071,0.0,0.0
2019-08-22 00:00:00+09:00,6161.7756911057695,6372.92688301282,5989.015625,5989.015625,393028,0.0,0.0
2019-08-23 00:00:00+09:00,6296.144667119565,6622.46923828125,6113.786818529212,6622.46923828125,3129805,0.0,0.0
2019-08-26 00:00:00+09:00,6795.228910733501,7188.737929575413,6584.0777298915,6689.6533203125,5345753,0.0,0.0
2019-08-27 00:00:00+09:00,6881.609486897786,7073.565121120877,6584.078253851996,6910.40283203125,2062552,0.0,0.0
2019-08-28 00:00:00+09:00,7044.771533339137,7380.693881659123,6814.424780205432,6891.20703125,4539732,0.0,0.0
2019-08-29 00:00:00+09:00,6948.793535605244,6967.989097858297,6516.893384911547,6680.0556640625,1193142,0.0,0.0
2019-08-30 00:00:00+09:00,6680.056354166667,6747.240828993055,6478.5029296875,6478.5029296875,570806,0.0,0.0
2019-09-02 00:00:00+09:00,6440.111200420673,7092.760323563156,6420.915637975306,6862.41357421875,3595184,0.0,0.0
2019-09-03 00:00:00+09:00,6804.826476425238,6948.793186081625,6555.2841796875,6555.2841796875,1080291,0.0,0.0
2019-09-04 00:00:00+09:00,6574.480028473929,6900.804584631759,6574.480028473929,6833.6201171875,1239779,0.0,0.0
2019-09-05 00:00:00+09:00,6824.0226368313215,6948.7937961545385,6660.8603515625,6660.8603515625,750471,0.0,0.0
2019-09-06 00:00:00+09:00,6728.045412342583,6756.838759328358,6430.51416015625,6430.51416015625,489466,0.0,0.0
2019-09-09 00:00:00+09:00,6382.524518860542,6488.100112405604,6017.808832068511,6037.00439453125,397503,0.0,0.0
2019-09-10 00:00:00+09:00,6142.580555555555,6833.620868055556,6075.396080729167,6478.5029296875,1982813,0.0,0.0
2019-09-11 00:00:00+09:00,6440.111260507621,8330.87417901731,6334.53566607307,7831.78955078125,14138650,0.0,0.0
2019-09-16 00:00:00+09:00,8110.126070550909,8897.144221775969,8004.550464898767,8177.310546875,8828224,0.0,0.0
2019-09-17 00:00:00+09:00,8014.147548089354,8167.712052004839,7870.180825668587,8119.72314453125,1875438,0.0,0.0
2019-09-18 00:00:00+09:00,8004.549614401425,8551.623149198645,7812.5939881567865,7831.78955078125,3779134,0.0,0.0
2019-09-19 00:00:00+09:00,7745.409891388953,7975.75665395814,7601.44316478321,7802.99658203125,1215371,0.0,0.0
2019-09-20 00:00:00+09:00,7879.778558223535,8234.896471322525,7774.202962437348,7898.97412109375,2144294,0.0,0.0
2019-09-23 00:00:00+09:00,8100.527278236374,9319.44548242597,7966.158342341458,9156.283203125,18033419,0.0,0.0
2019-09-24 00:00:00+09:00,8973.9256047628,9079.501200112953,8714.785507085158,8762.7744140625,2985956,0.0,0.0
2019-09-25 00:00:00+09:00,8724.38337869847,8964.327916066415,8014.147548089354,8119.72314453125,2403150,0.0,0.0
2019-09-26 00:00:00+09:00,8244.493829476805,8494.036133977848,7774.20256330176,8042.9404296875,2117121,0.0,0.0
2019-09-27 00:00:00+09:00,7831.78929060219,8359.667245238366,7793.39816662865,7889.3759765625,1166830,0.0,0.0
2019-09-30 00:00:00+09:00,7918.168559827303,8743.577646063846,7889.375219609749,8023.744140625,5157038,0.0,0.0
2019-10-01 00:00:00+09:00,7966.157982802973,8177.309158250762,7707.017903844322,7870.18017578125,1225866,0.0,0.0
2019-10-02 00:00:00+09:00,8244.493456331205,8350.069041918683,7946.962260584678,8033.34228515625,1855997,0.0,0.0
2019-10-04 00:00:00+09:00,8004.54988425926,8100.527700617284,7774.203125,7774.203125,665136,0.0,0.0
2019-10-07 00:00:00+09:00,6718.446914343524,6929.598103080036,6536.089069525629,6670.4580078125,988893,0.0,0.0
2019-10-08 00:00:00+09:00,6622.469101281475,6785.63138348696,6536.089069525629,6670.4580078125,483932,0.0,0.0
2019-10-10 00:00:00+09:00,6478.502515709919,6708.849271824049,6478.502515709919,6622.46923828125,288467,0.0,0.0
2019-10-11 00:00:00+09:00,6622.468644193814,6747.239792562683,6526.490837756222,6555.2841796875,321405,0.0,0.0
2019-10-14 00:00:00+09:00,6555.283678686912,6919.9993152756415,6526.490338956222,6632.06591796875,882762,0.0,0.0
2019-10-15 00:00:00+09:00,6660.859729859621,6833.619780489986,6651.2619492690455,6708.8486328125,489623,0.0,0.0
2019-10-16 00:00:00+09:00,6708.849109286095,6843.218047097262,6670.457984197191,6747.240234375,277690,0.0,0.0
2019-10-17 00:00:00+09:00,6747.240511983676,6833.620546987734,6593.676005309794,6651.2626953125,241944,0.0,0.0
2019-10-18 00:00:00+09:00,6680.055539365137,6795.228910733501,6641.664415575682,6689.6533203125,192778,0.0,0.0
2019-10-21 00:00:00+09:00,6641.664620953406,6689.653527174167,6382.524527361293,6411.31787109375,282424,0.0,0.0
2019-10-22 00:00:00+09:00,6478.50267869507,6622.469404888294,6392.122642979136,6497.6982421875,238734,0.0,0.0
2019-10-23 00:00:00+09:00,6353.7313454198475,6488.1002862595415,6238.557967557252,6286.546875,221325,0.0,0.0
2019-10-24 00:00:00+09:00,6276.9493162585095,6574.480552961894,6152.178152479671,6344.1337890625,303985,0.0,0.0
2019-10-25 00:00:00+09:00,6353.731887271579,6430.514145728032,6084.993982673989,6171.3740234375,230167,0.0,0.0
2019-10-28 00:00:00+09:00,6046.602977146612,6276.949757228388,6017.80962963639,6161.7763671875,154596,0.0,0.0
2019-10-29 00:00:00+09:00,6123.385111902216,6238.558499586897,6123.385111902216,6171.3740234375,94551,0.0,0.0
2019-10-30 00:00:00+09:00,6084.992915315448,6200.16628279776,6046.601792821344,6104.1884765625,104227,0.0,0.0
2019-10-31 00:00:00+09:00,6075.395134691922,6180.970721550708,6065.797354068396,6104.1884765625,58940,0.0,0.0
2019-11-01 00:00:00+09:00,6104.188663563829,6315.33984375,6084.993101728724,6315.33984375,144892,0.0,0.0
2019-11-04 00:00:00+09:00,6555.284366688829,6593.675490359043,6296.144281914893,6315.33984375,471219,0.0,0.0
2019-11-05 00:00:00+09:00,6430.514112903226,6497.698588709678,6248.15625,6248.15625,207246,0.0,0.0
2019-11-06 00:00:00+09:00,6315.3400472005205,6574.48014032273,6248.155578613281,6449.708984375,411825,0.0,0.0
2019-11-07 00:00:00+09:00,6449.7094180704435,6478.50276368683,6248.155998755743,6267.3515625,288317,0.0,0.0
2019-11-08 00:00:00+09:00,6267.351030426709,6468.904432630325,6267.351030426709,6420.91552734375,178891,0.0,0.0
2019-11-11 00:00:00+09:00,6430.513341894977,6459.306685216895,6305.7421875,6305.7421875,133307,0.0,0.0
2019-11-12 00:00:00+09:00,6276.949080934655,6372.926895627846,6190.569047710784,6324.93798828125,78593,0.0,0.0
2019-11-13 00:00:00+09:00,6324.938461096578,6401.720718590922,6238.558421415441,6363.32958984375,98223,0.0,0.0
2019-11-14 00:00:00+09:00,6334.535530821918,6363.3288741438355,6228.959938641552,6305.7421875,112695,0.0,0.0
2019-11-15 00:00:00+09:00,6324.938508064516,6353.73185483871,6248.15625,6248.15625,96047,0.0,0.0
2019-11-18 00:00:00+09:00,6411.318500777716,6497.698540458852,6334.536243283372,6363.32958984375,201952,0.0,0.0
2019-11-19 00:00:00+09:00,6296.1449517355695,6334.536079490054,6123.384876840386,6152.17822265625,160749,0.0,0.0
2019-11-20 00:00:00+09:00,6123.385130229749,6132.982912565532,5825.853877820467,5835.45166015625,182277,0.0,0.0
2019-11-21 00:00:00+09:00,5768.266131396237,5902.63505958184,5595.506080871891,5691.48388671875,111213,0.0,0.0
2019-11-22 00:00:00+09:00,5585.909026015228,5902.635826459391,5585.909026015228,5672.2890625,113132,0.0,0.0
2019-11-25 00:00:00+09:00,5672.288775987861,5883.439965618543,5672.288775987861,5806.65771484375,88703,0.0,0.0
2019-11-26 00:00:00+09:00,5864.244254345226,5998.613189796672,5825.853129930527,5893.03759765625,50117,0.0,0.0
2019-11-27 00:00:00+09:00,5854.647145231364,5902.636056257851,5729.8759765625,5729.8759765625,48496,0.0,0.0
2019-11-28 00:00:00+09:00,5729.8756675983295,5739.473449286099,5547.517815530711,5566.71337890625,89804,0.0,0.0
2019-11-29 00:00:00+09:00,5566.713164747807,5643.495415296053,5441.942007606908,5470.7353515625,63773,0.0,0.0
2019-12-02 00:00:00+09:00,5441.9420823317305,5662.6910556891025,5441.9420823317305,5614.7021484375,103590,0.0,0.0
2019-12-03 00:00:00+09:00,5489.930941919717,6420.915734517991,5422.74647235077,5768.2666015625,883561,0.0,0.0
2019-12-04 00:00:00+09:00,5566.713227982955,5595.506572265625,5278.77978515625,5278.77978515625,260019,0.0,0.0
2019-12-05 00:00:00+09:00,5269.1821981332705,5403.551143076559,5048.4332171550095,5077.2265625,180262,0.0,0.0
2019-12-06 00:00:00+09:00,5029.2374220130305,5576.310958377043,5029.2374220130305,5432.34423828125,286550,0.0,0.0
2019-12-09 00:00:00+09:00,5345.964218193951,5518.72428269573,5336.366436832741,5393.953125,54390,0.0,0.0
2019-12-10 00:00:00+09:00,5345.964548728929,5480.33349609375,5230.791165273369,5480.33349609375,77596,0.0,0.0
2019-12-11 00:00:00+09:00,5489.930926319567,5605.104302396202,5413.148675601811,5432.34423828125,78924,0.0,0.0
2019-12-12 00:00:00+09:00,5441.942298540609,5825.85357180626,5441.942298540609,5672.2890625,194431,0.0,0.0
2019-12-13 00:00:00+09:00,5710.680189826565,5739.473535321489,5614.702371510152,5672.2890625,55811,0.0,0.0
2019-12-16 00:00:00+09:00,5701.08228198902,5845.0490062816725,5595.506684174409,5681.88671875,138696,0.0,0.0
2019-12-17 00:00:00+09:00,5854.6468154698205,5998.613540440389,5557.115583863977,5605.1044921875,250502,0.0,0.0
2019-12-18 00:00:00+09:00,5605.104318323627,5806.657727030471,5518.724286020695,5768.2666015625,150828,0.0,0.0
2019-12-19 00:00:00+09:00,5739.4736778077,5787.462588157263,5576.3113826191875,5624.30029296875,54025,0.0,0.0
2019-12-20 00:00:00+09:00,5624.3002780720335,5720.278098516949,5585.909149894068,5662.69140625,49872,0.0,0.0
2019-12-23 00:00:00+09:00,5605.1043149466195,5662.69100311388,5393.953125,5393.953125,87819,0.0,0.0
2019-12-24 00:00:00+09:00,5374.757599431819,5489.9309765625,5278.77978515625,5278.77978515625,69934,0.0,0.0
2019-12-26 00:00:00+09:00,5259.584347250683,5403.551072084188,5259.584347250683,5269.18212890625,56489,0.0,0.0
2019-12-27 00:00:00+09:00,5298.2399201088765,5462.90185546875,5298.2399201088765,5462.90185546875,62375,50.0,0.0
2019-12-30 00:00:00+09:00,5462.9014069413715,5540.389370160398,5433.843420734237,5472.58740234375,40929,0.0,0.0
2020-01-02 00:00:00+09:00,5501.646197738908,5675.994140625,5424.158223122868,5675.994140625,113129,0.0,0.0
2020-01-03 00:00:00+09:00,5869.713550188155,5937.515521889998,5540.389687636344,5550.07568359375,329064,0.0,0.0
2020-01-06 00:00:00+09:00,5559.76159354968,5559.76159354968,5278.867715129922,5288.5537109375,116765,0.0,0.0
2020-01-07 00:00:00+09:00,5249.809921236956,5414.471856035901,5249.809921236956,5336.98388671875,58269,0.0,0.0
2020-01-08 00:00:00+09:00,5278.868247521181,5298.240241090066,4881.742379359037,4930.17236328125,177768,0.0,0.0
2020-01-09 00:00:00+09:00,5104.519866275092,5530.703688127282,5056.08988651916,5307.92578125,213428,0.0,0.0
2020-01-10 00:00:00+09:00,5259.4958221925135,5501.645721925134,5259.4958221925135,5433.84375,107260,0.0,0.0
2020-01-13 00:00:00+09:00,5385.414151433888,5675.994051691112,5288.5541846814795,5530.7041015625,200983,0.0,0.0
2020-01-14 00:00:00+09:00,5666.307310391317,5666.307310391317,5414.47142992948,5472.58740234375,135458,0.0,0.0
2020-01-15 00:00:00+09:00,5424.158001077586,5637.249922548491,5424.158001077586,5617.8779296875,95589,0.0,0.0
2020-01-16 00:00:00+09:00,5666.308055015871,5675.994051691112,5491.960114861537,5530.7041015625,58427,0.0,0.0
2020-01-17 00:00:00+09:00,5608.1916593381875,5656.621639125218,5443.529728062282,5550.07568359375,50298,0.0,0.0
2020-01-20 00:00:00+09:00,5550.075581212198,5569.447572769657,5385.413652973791,5404.78564453125,70300,0.0,0.0
2020-01-21 00:00:00+09:00,5404.786016680743,5501.645981137387,5356.356034452421,5375.72802734375,47516,0.0,0.0
2020-01-22 00:00:00+09:00,5385.4140625,5414.472052045863,5317.612086892986,5385.4140625,46199,0.0,0.0
2020-01-23 00:00:00+09:00,5482.273610761089,5482.273610761089,5269.181703629032,5404.78564453125,45530,0.0,0.0
2020-01-28 00:00:00+09:00,5220.751814016193,5220.751814016193,4891.427951907564,5065.77587890625,122608,0.0,0.0
2020-01-29 00:00:00+09:00,5065.775800181442,5201.379741295285,4939.857854861444,5046.40380859375,59836,0.0,0.0
2020-01-30 00:00:00+09:00,5046.404285340797,5133.578255720965,4852.6843511626475,4920.486328125,103670,0.0,0.0
2020-01-31 00:00:00+09:00,4872.056014983316,4997.973963680698,4717.080078125,4717.080078125,116402,0.0,0.0
2020-02-03 00:00:00+09:00,4518.517177734375,4872.05603515625,4503.98818359375,4842.998046875,108663,0.0,0.0
2020-02-04 00:00:00+09:00,4823.625829795881,5075.461716492052,4823.625829795881,5027.03173828125,51883,0.0,0.0
2020-02-05 00:00:00+09:00,5075.461835488506,5152.949802442528,4988.28787266523,5056.08984375,38289,0.0,0.0
2020-02-06 00:00:00+09:00,5133.578537449692,5172.322526411576,4891.428606437914,5114.20654296875,38668,0.0,0.0
2020-02-07 00:00:00+09:00,4997.974464285714,5162.636413690476,4997.974464285714,5085.1484375,28239,0.0,0.0
2020-02-10 00:00:00+09:00,5085.1476465204105,5317.611538932772,5056.089659968866,5249.8095703125,66615,0.0,0.0
2020-02-11 00:00:00+09:00,5123.89197287904,5288.553907735266,5065.77599587096,5094.833984375,59529,0.0,0.0
2020-02-12 00:00:00+09:00,5075.462440476191,5133.578422619048,4949.544479166667,5085.1484375,56446,0.0,0.0
2020-02-13 00:00:00+09:00,5085.148048771238,5123.892033904734,4978.602089654127,4988.2880859375,66677,0.0,0.0
2020-02-14 00:00:00+09:00,4939.858961105347,5046.404938697815,4939.858961105347,4959.23095703125,31640,0.0,0.0
2020-02-17 00:00:00+09:00,4968.916954994202,5027.032942771912,4852.684979438782,4959.23095703125,68562,0.0,0.0
2020-02-18 00:00:00+09:00,4910.799979842497,4949.543963904371,4833.31201171875,4833.31201171875,57673,0.0,0.0
2020-02-19 00:00:00+09:00,4920.485396755533,4920.485396755533,4644.434542803697,4813.939453125,79964,0.0,0.0
2020-02-20 00:00:00+09:00,4813.940139994432,4813.940139994432,4620.22021484375,4620.22021484375,83945,0.0,0.0
2020-02-21 00:00:00+09:00,4513.67453661152,4542.732527190564,4431.343563304228,4445.87255859375,152818,0.0,0.0
2020-02-24 00:00:00+09:00,4290.89678085168,4407.128747827346,4174.664813876014,4179.5078125,174895,0.0,0.0
2020-02-25 00:00:00+09:00,4184.3508538440265,4436.186784862417,4184.3508538440265,4378.07080078125,97283,0.0,0.0
2020-02-26 00:00:00+09:00,4378.070076022982,4407.1280632532225,4252.1521313586045,4319.9541015625,69719,0.0,0.0
2020-02-27 00:00:00+09:00,4319.954966842297,4349.012959892805,4164.97900390625,4164.97900390625,78682,0.0,0.0
2020-02-28 00:00:00+09:00,4068.118621713561,4164.978588897217,3937.357666015625,3937.357666015625,186560,0.0,0.0
2020-03-02 00:00:00+09:00,3884.0847453633896,4102.019674966074,3845.340757878468,4014.845703125,100160,0.0,0.0
2020-03-03 00:00:00+09:00,4029.3742816091954,4290.896170079023,4029.3742816091954,4213.408203125,99838,0.0,0.0
2020-03-04 00:00:00+09:00,4106.862586219031,4324.797511195277,4106.862586219031,4300.58251953125,51773,0.0,0.0
2020-03-05 00:00:00+09:00,4324.79788865416,4382.913873720061,4252.1529073217835,4271.52490234375,34493,0.0,0.0
2020-03-06 00:00:00+09:00,4407.12886749752,4407.12886749752,4150.449933456455,4271.52490234375,85748,0.0,0.0
2020-03-09 00:00:00+09:00,4271.52490234375,4271.52490234375,4271.52490234375,4271.52490234375,0,0.0,0.0
2020-03-10 00:00:00+09:00,3937.3574608176764,4000.316436205905,3835.6545005751536,3947.04345703125,91570,0.0,0.0
2020-03-11 00:00:00+09:00,3990.6304113643687,4029.374395940722,3729.1085154739853,3758.16650390625,101015,0.0,0.0
2020-03-12 00:00:00+09:00,3670.99241672092,3729.108391655816,3477.2725002712673,3486.95849609375,195269,0.0,0.0
2020-03-13 00:00:00+09:00,2983.2866998487902,3254.494581653226,2804.0957779422884,3002.65869140625,351268,0.0,0.0
2020-03-16 00:00:00+09:00,3002.6588811101137,3186.692812532992,2852.525937054608,2867.054931640625,209644,0.0,0.0
2020-03-17 00:00:00+09:00,2673.3351781356114,2876.7411156024514,2639.4341885578046,2852.526123046875,111527,0.0,0.0
2020-03-18 00:00:00+09:00,2852.5257982526505,3007.501732962472,2692.706865583147,2712.078857421875,106860,0.0,0.0
2020-03-19 00:00:00+09:00,2716.9221701320216,2867.0551242747893,1980.7863949803864,2295.581298828125,269830,0.0,0.0
2020-03-20 00:00:00+09:00,2232.6222000586336,2532.888092474328,2218.0932052643257,2387.59814453125,182128,0.0,0.0
2020-03-23 00:00:00+09:00,2213.2499937834564,2281.051962958442,2034.059075249566,2092.175048828125,266866,0.0,0.0
2020-03-24 00:00:00+09:00,2130.9190492021276,2276.208984375,2106.704060006649,2276.208984375,143153,0.0,0.0
2020-03-25 00:00:00+09:00,2324.6390437124246,2484.457977967654,2247.1510755886775,2416.656005859375,174365,0.0,0.0
2020-03-26 00:00:00+09:00,2421.498910540101,2620.061821204389,2353.6969410449783,2513.515869140625,1336273,0.0,0.0
2020-03-27 00:00:00+09:00,2615.218925184876,2658.805907271291,2392.4410167432015,2537.73095703125,195709,0.0,0.0
2020-03-30 00:00:00+09:00,2421.4989961083256,2595.846923828125,2411.8130001238924,2595.846923828125,131775,0.0,0.0
2020-03-31 00:00:00+09:00,2808.938919230953,3361.0407068039335,2687.863965815826,3162.477783203125,1397295,0.0,0.0
2020-04-01 00:00:00+09:00,3147.948819454585,3346.511744989413,3031.716863043954,3109.204833984375,557287,0.0,0.0
2020-04-02 00:00:00+09:00,2930.0141367655315,3341.669015484656,2920.328139619199,3235.123046875,338948,0.0,0.0
2020-04-03 00:00:00+09:00,3254.495041167665,3278.7100340334955,3138.2630754116767,3235.123046875,145897,0.0,0.0
2020-04-06 00:00:00+09:00,3215.7506936863174,3390.0986228620814,3152.7917192617356,3327.1396484375,285753,0.0,0.0
2020-04-07 00:00:00+09:00,3385.255754040134,3874.398574008737,3351.3547665175574,3603.190673828125,1673071,0.0,0.0
2020-04-08 00:00:00+09:00,3564.4465625,3603.190546875,3409.470625,3511.173583984375,208321,0.0,0.0
2020-04-09 00:00:00+09:00,3554.7609292172538,3670.992894205284,3361.040987570537,3540.23193359375,252180,0.0,0.0
2020-04-10 00:00:00+09:00,3540.231701337578,3661.3066569236785,3336.8257759529292,3482.11572265625,272582,0.0,0.0
2020-04-13 00:00:00+09:00,3438.5287893104282,3535.3887552064966,3390.098806362394,3433.685791015625,118130,0.0,0.0
2020-04-14 00:00:00+09:00,3438.5288128715583,4164.978562069775,3438.5288128715583,3869.5556640625,2876974,0.0,0.0
2020-04-16 00:00:00+09:00,3869.5556228507276,4668.650338458199,3777.538655598958,4533.04638671875,4143723,0.0,0.0
2020-04-17 00:00:00+09:00,4402.285907451923,4503.988882211538,4218.251953125,4407.12890625,544145,0.0,0.0
2020-04-20 00:00:00+09:00,4431.343549909212,5211.066294756626,4378.070567341998,4750.9814453125,3588375,0.0,0.0
2020-04-21 00:00:00+09:00,4862.370317429022,5346.670149842271,4048.7465989747634,4605.69140625,2789401,0.0,0.0
2020-04-22 00:00:00+09:00,4649.277540241448,4813.939453125,4339.325704225352,4813.939453125,686069,0.0,0.0
2020-04-23 00:00:00+09:00,4813.940166123804,5278.867989009001,4658.964225162072,4809.09716796875,1869478,0.0,0.0
2020-04-24 00:00:00+09:00,4910.7999584056715,4978.601930217978,4552.4181073977625,4707.39404296875,477922,0.0,0.0
2020-04-27 00:00:00+09:00,4852.684003749687,5065.775916089992,4721.923057540863,4833.31201171875,645179,0.0,0.0
2020-04-28 00:00:00+09:00,5036.717493603801,5036.717493603801,4688.021667123538,4968.91552734375,635583,0.0,0.0
2020-04-29 00:00:00+09:00,4997.97430179626,5133.578255720965,4901.114334707185,4920.486328125,375230,0.0,0.0
2020-05-04 00:00:00+09:00,5133.578295754543,5152.9502893234285,4920.486366496807,4930.17236328125,488478,0.0,0.0
2020-05-06 00:00:00+09:00,4968.915897863051,5017.345877374388,4842.997951133579,4939.85791015625,426640,0.0,0.0
2020-05-07 00:00:00+09:00,4930.171953354329,5085.147889019691,4881.741973458904,4949.5439453125,421820,0.0,0.0
2020-05-08 00:00:00+09:00,4988.288578842626,5123.892540209221,4939.858592640269,5114.20654296875,476272,0.0,0.0
2020-05-11 00:00:00+09:00,4978.6019921875,5007.65998046875,4794.56806640625,4842.998046875,364361,0.0,0.0
2020-05-12 00:00:00+09:00,4794.568212154522,4872.056183260051,4668.650259108041,4818.783203125,172524,0.0,0.0
2020-05-13 00:00:00+09:00,4755.824595946031,4891.428555911906,4736.452601665192,4789.7255859375,79099,0.0,0.0
2020-05-14 00:00:00+09:00,4712.236842799831,4823.6257918074325,4634.748878272804,4658.9638671875,159010,0.0,0.0
2020-05-15 00:00:00+09:00,4683.1791602574485,4731.609141232189,4518.517224943329,4673.4931640625,111633,0.0,0.0
2020-05-18 00:00:00+09:00,4649.278468586388,4678.336459015052,4557.261498895616,4625.0634765625,56592,0.0,0.0
2020-05-19 00:00:00+09:00,4634.748995694247,4842.997905636622,4634.748995694247,4688.02197265625,187858,0.0,0.0
2020-05-20 00:00:00+09:00,4702.551044982157,4794.568006727431,4663.80706108941,4707.39404296875,56660,0.0,0.0
2020-05-21 00:00:00+09:00,4775.196250357279,4959.230182926829,4726.766268102134,4765.51025390625,446251,0.0,0.0
2020-05-22 00:00:00+09:00,4775.1957733154295,4809.096757507325,4552.417877197266,4649.27783203125,110413,0.0,0.0
2020-05-25 00:00:00+09:00,4600.848598261901,4707.394565800599,4596.005599737416,4654.12158203125,82970,0.0,0.0
2020-05-26 00:00:00+09:00,4654.12084429146,4949.543707456683,4639.5918510210395,4891.427734375,393355,0.0,0.0
2020-05-27 00:00:00+09:00,4949.543707456683,4959.229702970297,4838.154759050123,4891.427734375,180366,0.0,0.0
2020-05-28 00:00:00+09:00,4939.858617665816,4939.858617665816,4649.278698979592,4746.138671875,208968,0.0,0.0
2020-05-29 00:00:00+09:00,4794.568353377686,4794.568353377686,4615.377414918116,4731.609375,78022,0.0,0.0
2020-06-01 00:00:00+09:00,4731.608758970749,5065.775600699491,4702.550772733466,4997.9736328125,528801,0.0,0.0
2020-06-02 00:00:00+09:00,5065.776318263445,5075.462315047888,4910.800369712365,4930.17236328125,275200,0.0,0.0
2020-06-03 00:00:00+09:00,4959.230538922156,4988.288530361153,4833.312576019835,4852.6845703125,171200,0.0,0.0
2020-06-04 00:00:00+09:00,4997.9742121292375,5366.042080464336,4901.1142467778955,5143.26416015625,1878639,0.0,0.0
2020-06-05 00:00:00+09:00,5191.693812779018,6005.31747000558,5056.089869907924,5424.15771484375,6929026,0.0,0.0
2020-06-08 00:00:00+09:00,5375.7281303755735,5375.7281303755735,5133.57821459289,5278.8681640625,625354,0.0,0.0
2020-06-09 00:00:00+09:00,5201.379536473473,5201.379536473473,4910.799674100654,4997.9736328125,593480,0.0,0.0
2020-06-10 00:00:00+09:00,4988.287608334369,4988.287608334369,4852.6836733505215,4872.0556640625,322212,0.0,0.0
2020-06-11 00:00:00+09:00,4872.056366309691,5017.346317591292,4731.609413404143,4741.29541015625,300423,0.0,0.0
2020-06-12 00:00:00+09:00,4484.616076453257,4649.278005826271,4426.5001013804285,4571.7900390625,389035,0.0,0.0
2020-06-15 00:00:00+09:00,4552.417930320457,4566.946923715097,4164.978106463397,4184.35009765625,390634,0.0,0.0
2020-06-16 00:00:00+09:00,4208.56613546117,4552.419064825662,4194.037138445769,4392.60009765625,361728,0.0,0.0
2020-06-17 00:00:00+09:00,4145.6061814692985,4281.210121984649,4029.3742324561404,4140.76318359375,217520,0.0,0.0
2020-06-18 00:00:00+09:00,4174.664403790009,4281.21036305147,4126.234422307526,4198.87939453125,121211,0.0,0.0
2020-06-19 00:00:00+09:00,4198.8794765130015,4988.288190090417,4198.8794765130015,4586.3193359375,1298492,0.0,0.0
2020-06-22 00:00:00+09:00,4586.320057861597,4620.221050897533,4373.228101635716,4392.60009765625,250853,0.0,0.0
2020-06-23 00:00:00+09:00,4411.971007674422,4460.4009858047675,4227.937090779112,4247.30908203125,168894,0.0,0.0
2020-06-24 00:00:00+09:00,4576.63360563947,4968.916486122854,4407.128657282453,4654.12158203125,1609807,0.0,0.0
2020-06-25 00:00:00+09:00,4581.476628961992,4581.476628961992,4363.541694180502,4411.9716796875,289887,0.0,0.0
2020-06-26 00:00:00+09:00,4474.929857430479,4474.929857430479,4349.011917719232,4397.44189453125,96104,0.0,0.0
2020-06-29 00:00:00+09:00,4411.970832166853,4445.8718155095185,4315.110879759239,4324.796875,55362,0.0,0.0
2020-06-30 00:00:00+09:00,4329.640521360435,4499.145463471861,4319.954524668354,4426.50048828125,104653,0.0,0.0
2020-07-01 00:00:00+09:00,4450.715480011454,4605.691427084758,4382.913503166883,4426.50048828125,170780,0.0,0.0
2020-07-02 00:00:00+09:00,4503.988056776987,4600.848014987245,4450.715079761346,4508.8310546875,92711,0.0,0.0
2020-07-03 00:00:00+09:00,4513.67473692602,4746.138671875,4489.459743702168,4746.138671875,252541,0.0,0.0
2020-07-06 00:00:00+09:00,4770.353086160599,4770.353086160599,4571.790165822949,4663.80712890625,242556,0.0,0.0
2020-07-07 00:00:00+09:00,4663.806929154829,4794.56787109375,4581.475965711806,4794.56787109375,484900,0.0,0.0
2020-07-08 00:00:00+09:00,4731.609072205468,4842.998026822382,4649.278105749487,4717.080078125,294756,0.0,0.0
2020-07-09 00:00:00+09:00,4697.708374408518,4775.196347594637,4600.848407925868,4605.69140625,142170,0.0,0.0
2020-07-10 00:00:00+09:00,4620.220776471969,4697.708755951582,4484.616812382645,4513.6748046875,152899,0.0,0.0
2020-07-13 00:00:00+09:00,4513.674587786757,4673.493537783498,4484.616596878259,4644.435546875,127160,0.0,0.0
2020-07-14 00:00:00+09:00,4649.278429958027,4712.237408697042,4576.633454489933,4615.37744140625,83005,0.0,0.0
2020-07-15 00:00:00+09:00,4615.3775179393615,4668.65050083268,4586.319527270278,4634.74951171875,59989,0.0,0.0
2020-07-16 00:00:00+09:00,4654.120829772949,4736.451791381836,4610.533850097656,4649.27783203125,109580,0.0,0.0
2020-07-17 00:00:00+09:00,4688.021813964844,4726.765795898437,4629.905841064453,4649.27783203125,79654,0.0,0.0
2020-07-20 00:00:00+09:00,4649.277989411157,4721.922957995706,4557.261029204061,4688.02197265625,95671,0.0,0.0
2020-07-21 00:00:00+09:00,4683.179620251684,4949.544541775824,4644.435631666355,4852.6845703125,891469,0.0,0.0
2020-07-22 00:00:00+09:00,4891.428105935633,5133.57801217007,4780.039149067791,4862.3701171875,910586,0.0,0.0
2020-07-23 00:00:00+09:00,4823.626343398158,4881.742323439099,4673.493394959058,4731.609375,238474,0.0,0.0
2020-07-24 00:00:00+09:00,4731.609091796875,4731.609091796875,4566.947158203125,4600.84814453125,154479,0.0,0.0
2020-07-27 00:00:00+09:00,4571.791217137897,4988.289145817832,4552.419220455109,4881.7431640625,535411,0.0,0.0
2020-07-28 00:00:00+09:00,4920.486237005578,4930.172233535117,4770.353290797731,4775.1962890625,253154,0.0,0.0
2020-07-29 00:00:00+09:00,4842.998225514481,4862.3702184165395,4697.708278749047,4765.51025390625,136734,0.0,0.0
2020-07-30 00:00:00+09:00,4789.72558886134,4930.172547483159,4789.72558886134,4852.6845703125,250088,0.0,0.0
2020-07-31 00:00:00+09:00,4910.800331416092,4949.544318251723,4780.039375845841,4920.486328125,230649,0.0,0.0
2020-08-03 00:00:00+09:00,4842.998415201325,4872.056405692533,4750.9814453125,4750.9814453125,208329,0.0,0.0
2020-08-04 00:00:00+09:00,4731.609197487884,4872.056143984454,4731.609197487884,4809.09716796875,128684,0.0,0.0
2020-08-05 00:00:00+09:00,4809.096455687249,4862.369427502515,4760.666481309733,4813.939453125,153387,0.0,0.0
2020-08-06 00:00:00+09:00,4794.5677792388615,4930.171716429455,4775.195788211633,4891.427734375,253135,0.0,0.0
2020-08-07 00:00:00+09:00,4920.486350070225,4930.172346822332,4712.23741989993,4741.29541015625,182067,0.0,0.0
2020-08-10 00:00:00+09:00,4765.5097515448,4818.7827264096295,4697.707783535016,4702.55078125,83612,0.0,0.0
2020-08-11 00:00:00+09:00,4770.353056420046,4804.254042607803,4702.551084044533,4717.080078125,94462,0.0,0.0
2020-08-12 00:00:00+09:00,4697.708255828373,4746.138237847222,4513.674324156746,4576.63330078125,154566,0.0,0.0
2020-08-13 00:00:00+09:00,4581.47626830544,4668.650235355649,4581.47626830544,4629.90625,60620,0.0,0.0
2020-08-14 00:00:00+09:00,4654.121232519221,4683.179221483961,4499.1452913739395,4566.947265625,67997,0.0,0.0
2020-08-18 00:00:00+09:00,4566.946953079206,4566.946953079206,4068.1181766559207,4131.0771484375,168894,0.0,0.0
2020-08-19 00:00:00+09:00,4242.465979390555,4329.639937871182,4068.118062429299,4281.2099609375,60411,0.0,0.0
2020-08-20 00:00:00+09:00,4261.838211219441,4310.26819089239,4019.6883128547006,4160.13525390625,102066,0.0,0.0
2020-08-21 00:00:00+09:00,4174.664556919643,4344.169498325893,4111.705578683036,4237.62353515625,54692,0.0,0.0
2020-08-24 00:00:00+09:00,4203.721840218322,4290.895795430222,4010.0019397474316,4242.4658203125,52012,0.0,0.0
2020-08-25 00:00:00+09:00,4203.722698276472,4334.483657785072,4179.5077057748795,4276.36767578125,64998,0.0,0.0
2020-08-26 00:00:00+09:00,4300.581951710973,4426.4998917385465,4189.193004763504,4281.2099609375,51083,0.0,0.0
2020-08-27 00:00:00+09:00,4281.21078125,4324.797768841911,4087.490836397059,4116.548828125,82680,0.0,0.0
2020-08-28 00:00:00+09:00,4092.3338759298476,4252.15283203125,4092.3338759298476,4252.15283203125,153093,0.0,0.0
2020-08-31 00:00:00+09:00,4358.697760595034,4426.499725759846,4194.035845194777,4242.4658203125,157127,0.0,0.0
2020-09-01 00:00:00+09:00,4378.070184498587,4378.070184498587,4281.210224664548,4286.05322265625,115652,0.0,0.0
2020-09-02 00:00:00+09:00,4286.0529586308685,4329.639937871182,4261.837970164027,4281.2099609375,41269,0.0,0.0
2020-09-03 00:00:00+09:00,4281.210118588845,4344.169090921034,4271.5241228454315,4319.9541015625,49482,0.0,0.0
2020-09-04 00:00:00+09:00,4116.548700747283,4629.906538722826,4116.548700747283,4455.55859375,360416,0.0,0.0
2020-09-07 00:00:00+09:00,4533.0455284355585,4881.741338315217,4465.243565403403,4678.33544921875,971694,0.0,0.0
2020-09-08 00:00:00+09:00,4717.080555439506,4881.742505013369,4518.517616247494,4528.20361328125,384175,0.0,0.0
2020-09-09 00:00:00+09:00,4523.3602821778895,4717.080208609491,4455.558307926829,4566.947265625,140270,0.0,0.0
2020-09-10 00:00:00+09:00,4581.475576112927,5036.717335261569,4581.475576112927,4813.939453125,875134,0.0,0.0
2020-09-11 00:00:00+09:00,4872.056166956914,4891.428159668473,4639.592254418215,4692.865234375,252953,0.0,0.0
2020-09-14 00:00:00+09:00,4736.452302944346,4842.99826476927,4649.278334178499,4775.1962890625,189693,0.0,0.0
2020-09-15 00:00:00+09:00,4746.138095875519,4775.196084217614,4629.9061425071395,4663.80712890625,122789,0.0,0.0
2020-09-16 00:00:00+09:00,4673.493985708459,4978.602919490461,4663.807987810617,4823.626953125,721428,0.0,0.0
2020-09-17 00:00:00+09:00,4910.7999665775405,6082.8054812834225,4891.427974598931,5433.84375,17896833,0.0,0.0
2020-09-18 00:00:00+09:00,5375.72846846147,5617.878399473248,5114.20654296875,5114.20654296875,1717462,0.0,0.0
2020-09-21 00:00:00+09:00,5152.950109093468,5598.505945594032,5075.462137528153,5375.72802734375,1990123,0.0,0.0
2020-09-22 00:00:00+09:00,5269.182209645669,5356.356180025837,4872.056344580463,4920.486328125,717655,0.0,0.0
2020-09-23 00:00:00+09:00,4930.171564457119,5017.34552139251,4658.963698435902,4736.45166015625,399378,0.0,0.0
2020-09-24 00:00:00+09:00,4644.435314851175,4789.725262135362,4571.790341209081,4586.3193359375,329610,0.0,0.0
2020-09-25 00:00:00+09:00,4615.37756384835,4901.1144749365485,4484.616604536802,4770.353515625,433707,0.0,0.0
2020-09-28 00:00:00+09:00,4794.568392292837,5182.008262377107,4755.82440528441,5172.322265625,626671,0.0,0.0
2020-09-29 00:00:00+09:00,5143.2640044992295,5182.007989467208,4968.916072143324,5104.52001953125,476649,0.0,0.0
2020-10-05 00:00:00+09:00,4988.2887620192305,5075.462740384615,4910.80078125,5036.71875,250903,0.0,0.0
2020-10-06 00:00:00+09:00,5036.71828863189,5094.8342688853345,4852.6843511626475,4920.486328125,187373,0.0,0.0
2020-10-07 00:00:00+09:00,4968.916072143324,5123.89201201524,4920.486090933349,5104.52001953125,239725,0.0,0.0
2020-10-08 00:00:00+09:00,5085.147791769134,5152.949762326056,4988.287833830675,5046.40380859375,185436,0.0,0.0
2020-10-12 00:00:00+09:00,5133.578725961538,5220.752704326923,5094.834735576923,5162.63671875,329315,0.0,0.0
2020-10-13 00:00:00+09:00,5230.438091199485,6702.709553907488,5123.892130082459,6111.86376953125,16154865,0.0,0.0
2020-10-14 00:00:00+09:00,6053.74759609615,6479.931426861319,5976.259626866119,6305.58349609375,4217583,0.0,0.0
2020-10-15 00:00:00+09:00,6228.095404277278,6964.231097473349,5675.993634380226,5792.2255859375,6552465,0.0,0.0
2020-10-16 00:00:00+09:00,5840.655623575122,5860.027615693116,5356.355820625278,5443.52978515625,847528,0.0,0.0
2020-10-19 00:00:00+09:00,5511.332017198742,5627.563975382194,5375.728065984713,5385.4140625,613160,0.0,0.0
2020-10-20 00:00:00+09:00,5327.298036772629,5695.365901131465,5278.86805462015,5617.8779296875,943705,0.0,0.0
2020-10-21 00:00:00+09:00,5559.761697860963,5588.8196858288775,5385.413770053476,5433.84375,335140,0.0,0.0
2020-10-22 00:00:00+09:00,5433.844651442308,5472.588641826923,5152.950721153846,5162.63671875,357996,0.0,0.0
2020-10-23 00:00:00+09:00,5182.007749707594,5317.611690821437,5007.659825418366,5046.40380859375,308094,0.0,0.0
2020-10-26 00:00:00+09:00,5036.718516092815,5075.462504678144,4833.312576019835,4852.6845703125,252328,0.0,0.0
2020-10-27 00:00:00+09:00,4794.5681434418575,4997.974064678785,4688.022184698705,4862.3701171875,187838,0.0,0.0
2020-10-28 00:00:00+09:00,4910.800491071429,5123.892425595238,4780.03953125,5085.1484375,195852,0.0,0.0
2020-10-29 00:00:00+09:00,4949.543965812858,5075.4619140625,4949.543965812858,5075.4619140625,123570,0.0,0.0
2020-10-30 00:00:00+09:00,5104.519880977862,5182.007848810543,4901.113965417074,4949.5439453125,181779,0.0,0.0
2020-11-02 00:00:00+09:00,4949.543927573793,5104.5198626837355,4910.799943796307,5065.77587890625,132127,0.0,0.0
2020-11-03 00:00:00+09:00,5123.891875765217,5259.495819547283,5065.775899858617,5191.69384765625,293263,0.0,0.0
2020-11-04 00:00:00+09:00,5240.123827578416,5366.041775376049,5027.031915920884,5191.69384765625,506653,0.0,0.0
2020-11-05 00:00:00+09:00,5269.181719322344,5414.4716564360115,5182.007757054143,5288.5537109375,504137,0.0,0.0
2020-11-06 00:00:00+09:00,5249.81008254717,5288.554068396226,5114.206132075472,5133.578125,221047,0.0,0.0
2020-11-09 00:00:00+09:00,5230.437189779173,6179.664679776134,5211.065200187399,5976.2587890625,6467214,0.0,0.0
2020-11-10 00:00:00+09:00,5898.771832808708,6024.6897865468245,5772.853879070591,5985.94580078125,1089745,0.0,0.0
2020-11-11 00:00:00+09:00,5966.574205508475,5966.574205508475,5714.73828125,5714.73828125,609385,0.0,0.0
2020-11-12 00:00:00+09:00,5734.10986328125,5908.4577983134495,5685.679881327861,5734.10986328125,520835,0.0,0.0
2020-11-13 00:00:00+09:00,5705.051858167369,5705.051858167369,5511.331930895131,5608.19189453125,217785,0.0,0.0
2020-11-16 00:00:00+09:00,5617.877655295593,5675.993631040031,5521.017695721532,5550.07568359375,139665,0.0,0.0
2020-11-17 00:00:00+09:00,5511.332108212018,5598.506078289186,5414.472141459611,5530.7041015625,131231,0.0,0.0
2020-11-18 00:00:00+09:00,5666.307675032665,5666.307675032665,5462.901758493031,5559.76171875,164441,0.0,0.0
2020-11-19 00:00:00+09:00,5453.215529750771,5559.761481486576,5453.215529750771,5501.6455078125,131879,0.0,0.0
2020-11-20 00:00:00+09:00,5501.6460103808095,5666.307950832347,5375.728055917868,5627.56396484375,141064,0.0,0.0
2020-11-23 00:00:00+09:00,5627.564068314908,5637.2500649901485,5521.018104887259,5530.7041015625,110265,0.0,0.0
2020-11-24 00:00:00+09:00,5579.133710801393,5666.307675032665,5530.703730672909,5559.76171875,184166,0.0,0.0
2020-11-25 00:00:00+09:00,5608.191637311663,5685.679604666573,5346.669747488839,5424.15771484375,191417,0.0,0.0
2020-11-26 00:00:00+09:00,5424.157596499102,5472.587575039272,5327.297639418761,5395.099609375,96435,0.0,0.0
2020-11-27 00:00:00+09:00,5395.099609375,5462.901579331238,5327.297639418761,5395.099609375,87881,0.0,0.0
2020-11-30 00:00:00+09:00,5453.21546335599,5453.21546335599,5346.669512917419,5366.04150390625,72350,0.0,0.0
2020-12-01 00:00:00+09:00,5346.669512917419,5453.21546335599,5327.297521928587,5366.04150390625,85817,0.0,0.0
2020-12-02 00:00:00+09:00,5375.72802734375,5462.9019953547295,5298.240055778435,5375.72802734375,108639,0.0,0.0
2020-12-03 00:00:00+09:00,5375.728703974806,5375.728703974806,5259.496731996972,5298.24072265625,136045,0.0,0.0
2020-12-04 00:00:00+09:00,5356.355681590545,5366.041677398122,5240.123731899611,5288.5537109375,58372,0.0,0.0
2020-12-07 00:00:00+09:00,5327.297990555684,5327.297990555684,5133.578063626386,5240.1240234375,84275,0.0,0.0
2020-12-08 00:00:00+09:00,5336.983806580988,5336.983806580988,5075.4619140625,5075.4619140625,92705,0.0,0.0
2020-12-09 00:00:00+09:00,5094.833487017891,5211.0654296875,5094.833487017891,5211.0654296875,64432,0.0,0.0
2020-12-10 00:00:00+09:00,5182.008713942308,5249.810697115385,5143.264723557692,5162.63671875,60429,0.0,0.0
2020-12-11 00:00:00+09:00,5201.380114813535,5259.49609375,5182.008121834714,5259.49609375,63060,0.0,0.0
2020-12-14 00:00:00+09:00,5269.182115112994,5269.182115112994,5114.206170550848,5143.26416015625,96911,0.0,0.0
2020-12-15 00:00:00+09:00,5172.322110849057,5230.438089622642,5065.776149764151,5133.578125,50372,0.0,0.0
2020-12-16 00:00:00+09:00,5172.32144879763,5230.437420132434,5123.891472685293,5211.0654296875,91774,0.0,0.0
2020-12-17 00:00:00+09:00,5191.693944249093,5550.075802340914,5191.693944249093,5336.98388671875,413346,0.0,0.0
2020-12-18 00:00:00+09:00,5356.355743408203,5424.15771484375,5230.437796456473,5424.15771484375,118183,0.0,0.0
2020-12-21 00:00:00+09:00,5462.90197172619,5608.191917782738,5395.099996899801,5491.9599609375,266349,0.0,0.0
2020-12-22 00:00:00+09:00,5491.959825353051,5491.959825353051,5278.867909730887,5336.98388671875,167844,0.0,0.0
2020-12-23 00:00:00+09:00,5327.2976294496,5414.471590658775,5114.205724271616,5152.94970703125,186856,0.0,0.0
2020-12-24 00:00:00+09:00,5152.950170180377,5356.356097950655,5152.950170180377,5269.18212890625,81470,0.0,0.0
2020-12-28 00:00:00+09:00,5278.868086728821,5462.902020027624,5249.810097260589,5259.49609375,119273,0.0,0.0
2020-12-29 00:00:00+09:00,5274.1192697718525,5420.351781872735,5244.872767351675,5381.3564453125,111490,35.0,0.0
2020-12-30 00:00:00+09:00,5381.356012834822,5508.090846470424,5381.356012834822,5459.3466796875,114376,0.0,0.0
2021-01-04 00:00:00+09:00,5439.849624767404,5605.579810468203,5391.105452502463,5566.58447265625,216130,0.0,0.0
2021-01-05 00:00:00+09:00,5547.0868414015995,7233.6352132161455,5449.598496210007,6551.216796875,19503574,0.0,0.0
2021-01-06 00:00:00+09:00,6551.216360294117,6677.951200597427,6414.732686121323,6629.20703125,2707827,0.0,0.0
2021-01-07 00:00:00+09:00,6638.955756134302,6716.946425809888,6531.71858533037,6648.70458984375,1363820,0.0,0.0
2021-01-08 00:00:00+09:00,6716.9466772207,6746.193179443722,6521.969995733887,6560.96533203125,1251845,0.0,0.0
2021-01-11 00:00:00+09:00,6492.723375411841,6512.22104320587,5966.286344973043,6102.77001953125,1025068,0.0,0.0
2021-01-12 00:00:00+09:00,6073.5233563823085,6239.253528225807,5995.532687279486,6044.27685546875,340592,0.0,0.0
2021-01-13 00:00:00+09:00,6054.025373186384,6278.24853515625,6054.025373186384,6278.24853515625,316114,0.0,0.0
2021-01-14 00:00:00+09:00,6287.997967015917,6346.490971360251,6151.514290212471,6258.75146484375,160630,0.0,0.0
2021-01-15 00:00:00+09:00,6200.257606741288,6219.755272171293,6005.280952441248,6015.02978515625,198100,0.0,0.0
2021-01-18 00:00:00+09:00,5966.286241675205,6141.765248783299,5820.053735751793,5946.78857421875,149331,0.0,0.0
2021-01-19 00:00:00+09:00,5937.039502489698,6219.755669274922,5937.039502489698,6210.0068359375,217822,0.0,0.0
2021-01-20 00:00:00+09:00,6443.979474856529,6443.979474856529,6249.002788779176,6317.24462890625,366388,0.0,0.0
2021-01-21 00:00:00+09:00,6365.988058887177,6365.988058887177,6190.509061858128,6229.50439453125,171686,0.0,0.0
2021-01-22 00:00:00+09:00,6229.505060166935,6414.73291015625,6141.76555227726,6414.73291015625,259128,0.0,0.0
2021-01-25 00:00:00+09:00,6414.733084002515,6434.230752950852,6278.249401364164,6297.7470703125,228593,0.0,0.0
2021-01-26 00:00:00+09:00,6336.742078160947,6395.235081959356,6239.253738496932,6356.23974609375,169136,0.0,0.0
2021-01-27 00:00:00+09:00,6365.988751220703,6424.4817565917965,6190.509735107422,6239.25390625,132758,0.0,0.0
2021-01-28 00:00:00+09:00,6044.277440599174,6161.263455578513,5898.044921875,5898.044921875,231033,0.0,0.0
2021-01-29 00:00:00+09:00,6005.281524240154,6044.276858813142,5527.588675721051,5693.31884765625,220641,0.0,0.0
2021-02-01 00:00:00+09:00,5576.3331074617345,5829.8027941645405,5556.835439253827,5732.314453125,78212,0.0,0.0
2021-02-02 00:00:00+09:00,5751.811794704861,5995.532633463542,5742.062961154514,5966.2861328125,87687,0.0,0.0
2021-02-03 00:00:00+09:00,6015.030712810448,6015.030712810448,5849.300531096059,5937.0400390625,65930,0.0,0.0
2021-02-04 00:00:00+09:00,5946.788410919392,5995.53257822201,5800.555909011538,5888.29541015625,72240,0.0,0.0
2021-02-05 00:00:00+09:00,5937.039658593751,6190.50933203125,5888.295490625001,6093.02099609375,284403,0.0,0.0
2021-02-08 00:00:00+09:00,6034.5278014129535,6258.7509668935645,5907.79296875,5907.79296875,250868,0.0,0.0
2021-02-09 00:00:00+09:00,5937.039820809543,6122.267664151713,5927.290986949429,5976.03515625,111643,0.0,0.0
2021-02-10 00:00:00+09:00,6044.277022512336,6044.277022512336,5849.300344366777,5927.291015625,68112,0.0,0.0
2021-02-15 00:00:00+09:00,5907.793239305841,5966.286241675205,5839.551403208248,5946.78857421875,72218,0.0,0.0
2021-02-16 00:00:00+09:00,5917.5418577908695,5995.532524779876,5878.546524296366,5985.78369140625,87733,0.0,0.0
2021-02-17 00:00:00+09:00,5985.783565324237,6229.50439453125,5927.290566314554,6229.50439453125,232529,0.0,0.0
2021-02-18 00:00:00+09:00,6219.755832812501,6219.755832812501,6044.276828125,6093.02099609375,163210,0.0,0.0
2021-02-19 00:00:00+09:00,6093.02116257137,6093.02116257137,5868.797983788743,5976.03515625,113653,0.0,0.0
2021-02-22 00:00:00+09:00,5976.035755613237,6093.021773667656,5956.5380859375,5956.5380859375,100222,0.0,0.0
2021-02-23 00:00:00+09:00,5898.044243616773,6024.77907860358,5878.546576695727,5888.29541015625,78648,0.0,0.0
2021-02-24 00:00:00+09:00,5888.295319413716,5917.541819344579,5508.0908203125,5508.0908203125,181398,0.0,0.0
2021-02-25 00:00:00+09:00,5566.584332423227,5742.063348156358,5566.584332423227,5634.826171875,51210,0.0,0.0
2021-02-26 00:00:00+09:00,5410.602567430953,5644.574570346886,5381.356067066461,5537.33740234375,89166,0.0,0.0
2021-03-02 00:00:00+09:00,5566.583820174225,5693.318653207964,5478.844320381637,5508.0908203125,58009,0.0,0.0
2021-03-03 00:00:00+09:00,5469.095806366443,5703.067819473029,5469.095806366443,5625.0771484375,39879,0.0,0.0
2021-03-04 00:00:00+09:00,5576.33308763587,5644.574926120924,5517.840083220109,5605.57958984375,36738,0.0,0.0
2021-03-05 00:00:00+09:00,5566.584011981007,5634.825847504417,5508.091010103799,5517.83984375,38432,0.0,0.0
2021-03-08 00:00:00+09:00,5576.333166630623,5654.323840289792,5498.342492971454,5634.826171875,49611,0.0,0.0
2021-03-09 00:00:00+09:00,5566.583957248264,5722.565294053819,5469.095621744792,5615.328125,82177,0.0,0.0
2021-03-10 00:00:00+09:00,5625.077177461211,5849.30035784528,5547.086506023274,5576.3330078125,116622,0.0,0.0
2021-03-11 00:00:00+09:00,5576.332871194948,5683.570041794851,5576.332871194948,5644.57470703125,34844,0.0,0.0
2021-03-12 00:00:00+09:00,5644.574679440015,5761.560683158979,5644.574679440015,5693.31884765625,37490,0.0,0.0
2021-03-15 00:00:00+09:00,5771.309759696459,5800.556261857083,5703.06792132167,5781.05859375,44614,0.0,0.0
2021-03-16 00:00:00+09:00,5790.807427803541,5829.802764017707,5751.812091589376,5781.05859375,49630,0.0,0.0
2021-03-17 00:00:00+09:00,5781.058751891173,5868.798260773164,5703.068077329403,5839.5517578125,70673,0.0,0.0
2021-03-18 00:00:00+09:00,5859.049457794086,5898.044795283565,5761.561114070391,5790.8076171875,50931,0.0,0.0
2021-03-19 00:00:00+09:00,5732.3144726237515,6434.230530496048,5683.570301938175,5859.04931640625,1752325,0.0,0.0
2021-03-22 00:00:00+09:00,5868.797989430147,5907.793324908088,5790.807318474264,5800.55615234375,112473,0.0,0.0
2021-03-23 00:00:00+09:00,5790.807793371457,5849.30080138531,5664.072942674775,5673.82177734375,94035,0.0,0.0
2021-03-24 00:00:00+09:00,5654.323780293367,5829.8027941645405,5644.574946189413,5732.314453125,82874,0.0,0.0
2021-03-25 00:00:00+09:00,5732.314688677764,5868.79837174152,5732.314688677764,5820.05419921875,68659,0.0,0.0
2021-03-26 00:00:00+09:00,5829.802625325521,5976.035132649739,5810.304957682291,5849.30029296875,83819,0.0,0.0
2021-03-29 00:00:00+09:00,5820.0540891720575,5927.291266694491,5820.0540891720575,5839.5517578125,65167,0.0,0.0
2021-03-30 00:00:00+09:00,5898.044462076823,5907.7932958984375,5771.309622395833,5849.30029296875,95037,0.0,0.0
2021-03-31 00:00:00+09:00,5849.300316068516,5976.03515625,5829.802648348287,5976.03515625,99850,0.0,0.0
2021-04-01 00:00:00+09:00,5976.034911300962,6005.281411682533,5868.797743235203,5888.29541015625,129254,0.0,0.0
2021-04-02 00:00:00+09:00,5898.044652954711,5927.291155366056,5859.04931640625,5859.04931640625,45105,0.0,0.0
2021-04-05 00:00:00+09:00,5859.049043286331,6005.281548526423,5800.556041190294,5995.53271484375,152754,0.0,0.0
2021-04-06 00:00:00+09:00,6015.030712810448,6054.026049684421,5898.044702188527,5937.0400390625,126365,0.0,0.0
2021-04-07 00:00:00+09:00,5878.547252711777,5976.035598527893,5878.547252711777,5898.044921875,114938,0.0,0.0
2021-04-08 00:00:00+09:00,5946.787956151235,6034.527450586254,5878.546127146222,6015.02978515625,224495,0.0,0.0
2021-04-09 00:00:00+09:00,6015.0303822090955,6054.025716939786,5976.0350474784045,5995.53271484375,108834,0.0,0.0
2021-04-12 00:00:00+09:00,6034.528102427769,6073.5234375,5946.788598515249,6073.5234375,107350,0.0,0.0
2021-04-13 00:00:00+09:00,6015.03032734375,6102.7698296875005,6015.03032734375,6093.02099609375,124299,0.0,0.0
2021-04-14 00:00:00+09:00,6229.505084562148,6229.505084562148,6034.528399599327,6063.77490234375,115733,0.0,0.0
2021-04-15 00:00:00+09:00,6073.5231917688825,6083.272025142508,5898.044191043618,5985.78369140625,123572,0.0,0.0
2021-04-16 00:00:00+09:00,5985.783961620145,6063.774632129855,5937.039792551577,6024.779296875,65241,0.0,0.0
2021-04-19 00:00:00+09:00,6024.779134114583,6054.025634765625,5966.2861328125,5966.2861328125,75916,0.0,0.0
2021-04-20 00:00:00+09:00,5966.286481472132,6083.272490912763,5868.798140271608,6034.5283203125,135590,0.0,0.0
2021-04-21 00:00:00+09:00,6034.527967664931,6034.527967664931,5859.048963758681,5966.2861328125,129287,0.0,0.0
2021-04-22 00:00:00+09:00,5966.286186365927,6083.272190020161,5956.537352728074,6044.27685546875,145900,0.0,0.0
2021-04-23 00:00:00+09:00,6024.779160186626,6297.746500777605,5995.53265940902,6268.5,671481,0.0,0.0
2021-04-26 00:00:00+09:00,6297.746749926065,6307.495583904279,6132.016572296431,6180.7607421875,178377,0.0,0.0
2021-04-27 00:00:00+09:00,6180.760335925236,6210.0068359375,6034.527835863913,6210.0068359375,157546,0.0,0.0
2021-04-28 00:00:00+09:00,6200.258956884206,6210.007791722074,5956.5380859375,5956.5380859375,162330,0.0,0.0
2021-04-29 00:00:00+09:00,5966.286274222743,6005.281609348382,5391.10508111957,5722.5654296875,243763,0.0,0.0
2021-04-30 00:00:00+09:00,5810.305105298913,5878.546943783967,5605.57958984375,5605.57958984375,107146,0.0,0.0
2021-05-03 00:00:00+09:00,5605.579509601726,5751.812018547858,5527.58883816379,5576.3330078125,88104,0.0,0.0
2021-05-04 00:00:00+09:00,5576.333430653995,5693.319446681701,5449.598579957314,5673.82177734375,96101,0.0,0.0
2021-05-06 00:00:00+09:00,5673.821260780452,5839.551435064416,5634.825925654813,5722.5654296875,86283,0.0,0.0
2021-05-07 00:00:00+09:00,5800.556451559869,5800.556451559869,5722.565776580913,5790.8076171875,53364,0.0,0.0
2021-05-10 00:00:00+09:00,5820.053871268657,5907.793376865671,5751.8120335820895,5878.546875,108456,0.0,0.0
2021-05-11 00:00:00+09:00,5849.3003382088655,6336.742033059604,5790.807334826777,6102.77001953125,1540777,0.0,0.0
2021-05-12 00:00:00+09:00,6141.765456155082,6326.993303245473,6073.523617753359,6258.75146484375,597790,0.0,0.0
2021-05-13 00:00:00+09:00,6122.267687325279,6278.249029677516,6015.030514458117,6102.77001953125,203403,0.0,0.0
2021-05-14 00:00:00+09:00,6102.7698296875005,6190.50933203125,5995.53266015625,6093.02099609375,108884,0.0,0.0
2021-05-17 00:00:00+09:00,6093.020968967014,6141.76513671875,5868.797797309028,5966.2861328125,106089,0.0,0.0
2021-05-18 00:00:00+09:00,5917.542435515873,6151.514459325397,5907.793601190477,6141.765625,168373,0.0,0.0
2021-05-20 00:00:00+09:00,6151.514189016323,6210.007192398412,6034.5281822521465,6102.77001953125,98829,0.0,0.0
2021-05-21 00:00:00+09:00,6093.02116257137,6258.751338193311,5966.286322389886,5976.03515625,215440,0.0,0.0
2021-05-24 00:00:00+09:00,5946.78872028579,6024.779392027243,5703.06787109375,5703.06787109375,150398,0.0,0.0
2021-05-25 00:00:00+09:00,5693.318846034053,5917.542019764846,5693.318846034053,5868.7978515625,69380,0.0,0.0
2021-05-26 00:00:00+09:00,5868.797901323646,6122.267578125,5829.802566431131,6122.267578125,134836,0.0,0.0
2021-05-27 00:00:00+09:00,6122.267496875,6141.7651640625,6005.281493750001,6093.02099609375,58007,0.0,0.0
2021-05-28 00:00:00+09:00,6063.77479279347,6141.765465369592,6015.030622433394,6083.2724609375,72025,0.0,0.0
2021-05-31 00:00:00+09:00,6054.025661718751,6132.01633046875,5742.06298671875,6093.02099609375,112234,0.0,0.0
2021-06-01 00:00:00+09:00,6102.77007036179,6180.7607421875,6054.025900470721,6180.7607421875,127709,0.0,0.0
2021-06-02 00:00:00+09:00,6200.25872557082,6297.7470703125,6112.519215303309,6297.7470703125,255072,0.0,0.0
2021-06-03 00:00:00+09:00,6326.992726214055,6336.741559382335,6219.755561362969,6229.50439453125,143968,0.0,0.0
2021-06-04 00:00:00+09:00,6190.50927734375,6287.997612420029,6161.262776820867,6190.50927734375,129282,0.0,0.0
2021-06-07 00:00:00+09:00,6268.499891745397,6385.485892835513,5917.541888475048,6287.99755859375,252952,0.0,0.0
2021-06-08 00:00:00+09:00,6287.998077392578,6297.746911621094,6190.509735107422,6239.25390625,107809,0.0,0.0
2021-06-09 00:00:00+09:00,6239.25328438949,6385.485783242369,6210.006784618914,6307.4951171875,268374,0.0,0.0
2021-06-10 00:00:00+09:00,6307.495279435286,6902.17412340059,6180.760443836122,6190.50927734375,2586529,0.0,0.0
2021-06-11 00:00:00+09:00,6287.997718434697,6726.695233674328,6210.007049058763,6521.9697265625,1506801,0.0,0.0
2021-06-14 00:00:00+09:00,6560.965059105486,6716.9463978063595,6404.9837204046125,6697.44873046875,693017,0.0,0.0
2021-06-15 00:00:00+09:00,6658.453753409301,6658.453753409301,6482.974737946098,6590.2119140625,282239,0.0,0.0
2021-06-16 00:00:00+09:00,6531.718162647192,6785.187822690217,6521.969329568614,6726.69482421875,397542,0.0,0.0
2021-06-17 00:00:00+09:00,6697.4491527660475,6853.430501302083,6473.225964245496,6492.7236328125,454296,0.0,0.0
2021-06-18 00:00:00+09:00,6560.964929366439,7867.30861515411,6531.718428938357,7116.6484375,13447536,0.0,0.0
2021-06-21 00:00:00+09:00,7253.132410622428,7331.12308170439,6980.1650618355625,7106.89990234375,1639990,0.0,0.0
2021-06-22 00:00:00+09:00,7106.900020798439,7126.397688893909,6902.174505796015,6911.92333984375,600869,0.0,0.0
2021-06-23 00:00:00+09:00,6833.932430323268,6931.4207674177505,6609.709255005957,6648.70458984375,804993,0.0,0.0
2021-06-24 00:00:00+09:00,6726.6957203934835,6736.444554770865,6375.737682807736,6395.2353515625,689137,0.0,0.0
2021-06-25 00:00:00+09:00,6395.235462060397,6531.719145701931,6346.4912893312785,6375.73779296875,221503,0.0,0.0
2021-06-28 00:00:00+09:00,6375.737384952911,6482.974558094321,6249.002543967608,6404.98388671875,286092,0.0,0.0
2021-06-29 00:00:00+09:00,6424.481654990481,6804.686183889766,6414.732820916141,6560.96533203125,892507,0.0,0.0
2021-06-30 00:00:00+09:00,6502.472004728921,6687.6998429445875,6443.979003187132,6619.4580078125,335730,0.0,0.0
2021-07-01 00:00:00+09:00,6638.955620255449,6668.2021207852085,6531.718451646329,6541.46728515625,186555,0.0,0.0
2021-07-02 00:00:00+09:00,6609.709063914027,6638.955564196833,6434.230062217194,6463.4765625,190878,0.0,0.0
2021-07-05 00:00:00+09:00,6463.477303881164,6482.974972972812,6287.998282056336,6375.73779296875,172896,0.0,0.0
2021-07-06 00:00:00+09:00,6375.737333277157,6414.732668648882,6326.9931640625,6326.9931640625,84526,0.0,0.0
2021-07-07 00:00:00+09:00,6326.992947214778,6434.230115811639,6307.495280197167,6365.98828125,97108,0.0,0.0
2021-07-08 00:00:00+09:00,6365.98850488436,6385.486172586916,6093.0211570485835,6151.51416015625,179348,0.0,0.0
2021-07-09 00:00:00+09:00,6054.026068095609,6102.770239336314,5898.044720125352,6063.77490234375,143540,0.0,0.0
2021-07-12 00:00:00+09:00,6063.774842081191,6161.26318359375,6024.779505476167,6161.26318359375,51476,0.0,0.0
2021-07-13 00:00:00+09:00,6122.267442790355,6200.258110851378,6093.020942267471,6190.50927734375,54702,0.0,0.0
2021-07-14 00:00:00+09:00,6180.760882363936,6180.760882363936,6044.277203573564,6112.51904296875,64074,0.0,0.0
2021-07-15 00:00:00+09:00,6122.267895507813,6278.249243164062,6054.0260559082035,6239.25390625,105504,0.0,0.0
2021-07-16 00:00:00+09:00,6239.25344488189,6258.751111897146,6171.0116103284945,6190.50927734375,54615,0.0,0.0
2021-07-19 00:00:00+09:00,6200.258630952381,6200.258630952381,6063.774950396825,6141.765625,63247,0.0,0.0
2021-07-20 00:00:00+09:00,6005.281520917339,6102.769857295867,5898.044350900957,6044.27685546875,124035,0.0,0.0
2021-07-21 00:00:00+09:00,6044.277599478314,6141.765947856997,5946.789251099632,5956.5380859375,74707,0.0,0.0
2021-07-22 00:00:00+09:00,5956.537299262153,6034.527967664931,5937.039632161458,5966.2861328125,47613,0.0,0.0
2021-07-23 00:00:00+09:00,5927.290851814516,6063.774522744456,5927.290851814516,6044.27685546875,46401,0.0,0.0
2021-07-26 00:00:00+09:00,6044.277022512336,6044.277022512336,5917.542181717722,5927.291015625,49742,0.0,0.0
2021-07-27 00:00:00+09:00,5888.295490625001,6395.2348375,5888.295490625001,6093.02099609375,507534,0.0,0.0
2021-07-28 00:00:00+09:00,6141.765002575549,6326.992835986558,5946.788335827119,6210.0068359375,235841,0.0,0.0
2021-07-29 00:00:00+09:00,6239.253954475308,6395.235303337191,6210.007451563705,6317.24462890625,176763,0.0,0.0
2021-07-30 00:00:00+09:00,6317.244167218229,6531.718506228725,6229.504664895754,6443.97900390625,303237,0.0,0.0
2021-08-02 00:00:00+09:00,6365.988446549581,6365.988446549581,6102.769934977086,6249.00244140625,98576,0.0,0.0
2021-08-03 00:00:00+09:00,6249.002278389518,6307.495279435286,6141.76510980561,6190.50927734375,65483,0.0,0.0
2021-08-04 00:00:00+09:00,6190.509936598099,6414.733131152045,6171.01226750645,6375.73779296875,114839,0.0,0.0
2021-08-05 00:00:00+09:00,6365.988848430355,6424.481854694645,6336.742345298208,6395.2353515625,80081,0.0,0.0
2021-08-06 00:00:00+09:00,6375.737328113287,6648.704675494284,6375.737328113287,6502.47216796875,353176,0.0,0.0
2021-08-09 00:00:00+09:00,6541.46796235584,6638.956307547433,6453.728451683408,6551.216796875,153024,0.0,0.0
2021-08-10 00:00:00+09:00,6551.2163955479455,6551.2163955479455,6336.742049265125,6404.98388671875,118690,0.0,0.0
2021-08-11 00:00:00+09:00,6200.25867885482,6365.988863666977,6112.519169248383,6219.75634765625,131287,0.0,0.0
2021-08-12 00:00:00+09:00,6161.262776820867,6336.74177995817,6161.262776820867,6190.50927734375,51404,0.0,0.0
2021-08-13 00:00:00+09:00,6161.262201812977,6385.4853515625,5907.792554270039,6385.4853515625,206924,0.0,0.0
2021-08-17 00:00:00+09:00,6229.50500271355,6326.993343914075,6005.281817952343,6034.5283203125,143750,0.0,0.0
2021-08-18 00:00:00+09:00,5907.7933192292,6122.267664151713,5907.7933192292,5976.03515625,85697,0.0,0.0
2021-08-19 00:00:00+09:00,5976.035132649739,6141.765307617187,5849.30029296875,5849.30029296875,70625,0.0,0.0
2021-08-20 00:00:00+09:00,5820.053426033719,5888.295258499776,5430.10009765625,5430.10009765625,211737,0.0,0.0
2021-08-23 00:00:00+09:00,5449.598368674008,5742.063397404277,5439.849534382999,5712.81689453125,61243,0.0,0.0
2021-08-24 00:00:00+09:00,5712.816619466145,5868.797960611979,5712.816619466145,5849.30029296875,50831,0.0,0.0
2021-08-25 00:00:00+09:00,5859.0490179220305,5985.783855248131,5790.807182438745,5868.7978515625,31880,0.0,0.0
2021-08-26 00:00:00+09:00,5966.28654171798,5995.53304437346,5810.305194222085,5937.0400390625,31518,0.0,0.0
2021-08-27 00:00:00+09:00,5927.290743998345,5966.286077840438,5839.551242853632,5888.29541015625,22932,0.0,0.0
2021-08-30 00:00:00+09:00,5888.2962420724225,5985.784590451105,5888.2962420724225,5956.5380859375,27041,0.0,0.0
2021-08-31 00:00:00+09:00,5956.537380113059,6024.779215891768,5888.29554433435,5995.53271484375,40387,0.0,0.0
2021-09-01 00:00:00+09:00,5917.542097211076,6073.5234375,5917.542097211076,6073.5234375,47522,0.0,0.0
2021-09-02 00:00:00+09:00,6200.258418095576,6200.258418095576,5956.537568327668,6005.28173828125,45315,0.0,0.0
2021-09-03 00:00:00+09:00,6005.281629247573,6044.276964502427,5937.039792551577,6024.779296875,34356,0.0,0.0
2021-09-06 00:00:00+09:00,6083.272410206981,6083.272410206981,5937.039900346235,6005.28173828125,21807,0.0,0.0
2021-09-07 00:00:00+09:00,6044.276283301256,6044.276283301256,5917.54145800623,6015.02978515625,24004,0.0,0.0
2021-09-08 00:00:00+09:00,6015.030375618928,6609.7092296104265,5917.54203889901,6521.9697265625,970490,0.0,0.0
2021-09-09 00:00:00+09:00,6434.230706544973,8237.765071258336,6346.491196910269,7126.39794921875,17096353,0.0,0.0
2021-09-10 00:00:00+09:00,7496.853304144247,7808.815990402525,7116.648780266971,7360.36962890625,3439612,0.0,0.0
2021-09-13 00:00:00+09:00,7613.8392954452265,7691.829966845434,7019.160426018647,7058.15576171875,2181734,0.0,0.0
2021-09-14 00:00:00+09:00,7379.8675828054165,8276.760340557197,7214.137399307805,7526.10009765625,9066275,0.0,0.0
2021-09-15 00:00:00+09:00,7623.587807112069,7652.834307650862,7067.904296875,7067.904296875,1417723,0.0,0.0
2021-09-16 00:00:00+09:00,6970.416216681985,7721.076424632352,6970.416216681985,7457.85791015625,2857052,0.0,0.0
2021-09-17 00:00:00+09:00,7262.881166274939,7311.6253351761125,6863.178981285311,6902.17431640625,943000,0.0,0.0
2021-09-23 00:00:00+09:00,6843.681571792401,6892.425742531663,6599.96071809609,6638.9560546875,467056,0.0,0.0
2021-09-24 00:00:00+09:00,6707.197404550209,7145.89490920829,6648.704403929132,6989.91357421875,1398746,0.0,0.0
2021-09-27 00:00:00+09:00,7097.151248435265,7262.8814286871875,6775.439722063887,6814.43505859375,528359,0.0,0.0
2021-09-28 00:00:00+09:00,6824.183998451576,6824.183998451576,6434.230627111487,6492.7236328125,443043,0.0,0.0
2021-09-29 00:00:00+09:00,6356.23974609375,6463.476919724166,6239.253738496932,6356.23974609375,253897,0.0,0.0
2021-09-30 00:00:00+09:00,6473.225617930967,6794.937132075127,6219.755940120417,6249.00244140625,478118,0.0,0.0
2021-10-01 00:00:00+09:00,6044.277095339826,6258.751443884142,6044.277095339826,6132.0166015625,205308,0.0,0.0
2021-10-05 00:00:00+09:00,6141.765603335644,6151.514437626653,5703.068060240241,5712.81689453125,298936,0.0,0.0
2021-10-06 00:00:00+09:00,5654.323898684823,5800.5564133059825,5196.128686205191,5235.1240234375,385837,0.0,0.0
2021-10-07 00:00:00+09:00,5235.1240563943165,5556.835590586145,5147.384547069272,5488.59375,383255,0.0,0.0
2021-10-08 00:00:00+09:00,5634.825595054421,5634.825595054421,5322.8629323524465,5430.10009765625,204032,0.0,0.0
2021-10-12 00:00:00+09:00,5430.10009765625,5615.327928635547,5381.355931609067,5430.10009765625,149522,0.0,0.0
2021-10-13 00:00:00+09:00,5430.1006056400765,5595.830785704496,5400.854103275768,5556.83544921875,131914,0.0,0.0
2021-10-14 00:00:00+09:00,5576.332922966354,5810.304933720187,5576.332922966354,5722.5654296875,145196,0.0,0.0
2021-10-15 00:00:00+09:00,5761.560783904733,6073.523465943568,5722.565448649879,6024.779296875,310858,0.0,0.0
2021-10-18 00:00:00+09:00,6063.774742225548,6180.760750114144,5878.546896401937,6005.28173828125,277412,0.0,0.0
2021-10-19 00:00:00+09:00,6093.021051670477,6093.021051670477,5907.793211699695,5995.53271484375,98755,0.0,0.0
2021-10-20 00:00:00+09:00,6044.277074244115,6054.025908234831,5917.542232364803,6005.28173828125,102368,0.0,0.0
2021-10-21 00:00:00+09:00,6015.030134849422,6044.276634694719,5849.299969059406,5907.79296875,92814,0.0,0.0
2021-10-22 00:00:00+09:00,5878.546738121158,6024.77924404457,5849.300236936476,5946.78857421875,112473,0.0,0.0
2021-10-25 00:00:00+09:00,5868.798418130165,5937.0402602014465,5800.556576058884,5898.044921875,96151,0.0,0.0
2021-10-26 00:00:00+09:00,5898.045076910291,5995.533425288973,5888.2962420724225,5956.5380859375,63543,0.0,0.0
2021-10-27 00:00:00+09:00,6024.779024900754,6024.779024900754,5917.5418577908695,5985.78369140625,85479,0.0,0.0
2021-10-28 00:00:00+09:00,5956.537707499487,6015.030712810448,5898.044702188527,5937.0400390625,59038,0.0,0.0
2021-10-29 00:00:00+09:00,5937.0401010147125,5946.788935334934,5800.556420531615,5839.5517578125,80635,0.0,0.0
2021-11-01 00:00:00+09:00,5849.300655241936,5868.7983240927415,5693.319304435484,5742.0634765625,91307,0.0,0.0
2021-11-02 00:00:00+09:00,5742.063014236399,5898.0443524839075,5742.063014236399,5868.7978515625,55676,0.0,0.0
2021-11-03 00:00:00+09:00,5878.547077478402,5878.547077478402,5693.319225949232,5712.81689453125,74904,0.0,0.0
2021-11-04 00:00:00+09:00,5771.309377726876,5810.304711360166,5566.583876152105,5586.08154296875,76491,0.0,0.0
2021-11-05 00:00:00+09:00,5586.081403087466,5595.830236251668,5381.3559066392345,5478.84423828125,146317,0.0,0.0
2021-11-08 00:00:00+09:00,5469.095675518993,5517.83984375,5361.858505410777,5517.83984375,55170,0.0,0.0
2021-11-09 00:00:00+09:00,5566.58448943264,5566.58448943264,5371.607799785262,5391.10546875,67282,0.0,0.0
2021-11-10 00:00:00+09:00,5391.104562979205,5391.104562979205,5215.625571779159,5244.8720703125,73548,0.0,0.0
2021-11-11 00:00:00+09:00,5215.626225344582,5274.11922974097,5088.891382485742,5127.88671875,65467,0.0,0.0
2021-11-12 00:00:00+09:00,5088.890744801348,5274.118568845841,5088.890744801348,5244.8720703125,43054,0.0,0.0
2021-11-15 00:00:00+09:00,5313.114556705251,5381.356395048254,5254.621552411248,5303.36572265625,31302,0.0,0.0
2021-11-16 00:00:00+09:00,5352.109892901252,5361.858726950253,5215.626216215246,5303.36572265625,29931,0.0,0.0
2021-11-17 00:00:00+09:00,5303.365507075472,5303.365507075472,5108.388834021226,5166.8818359375,66857,0.0,0.0
2021-11-18 00:00:00+09:00,5137.635806410179,5137.635806410179,4952.407950012089,5040.1474609375,58663,0.0,0.0
2021-11-19 00:00:00+09:00,5069.393419414137,5205.877088398363,4971.905084425403,5137.63525390625,35679,0.0,0.0
2021-11-22 00:00:00+09:00,5098.640468221108,5176.631144599251,4952.407950012089,5040.1474609375,69328,0.0,0.0
2021-11-23 00:00:00+09:00,5069.393964579303,5098.640468221108,4981.654453653892,5040.1474609375,29831,0.0,0.0
2021-11-24 00:00:00+09:00,4991.402912621359,5069.393583131068,4962.156411180218,5020.6494140625,39448,0.0,0.0
2021-11-25 00:00:00+09:00,5001.152122748428,5079.142799126572,4981.654453653892,5040.1474609375,35593,0.0,0.0
2021-11-26 00:00:00+09:00,5010.900862337824,5079.142702875499,4874.4171812624745,4884.166015625,118913,0.0,0.0
2021-11-29 00:00:00+09:00,4820.798301507619,5040.147061434659,4689.189045551395,4718.435546875,78561,0.0,0.0
2021-11-30 00:00:00+09:00,4718.435481134637,4815.923817521716,4450.342556070169,4489.337890625,90786,0.0,0.0
2021-12-01 00:00:00+09:00,4435.719498288457,4650.19384765625,4411.347413133026,4650.19384765625,87301,0.0,0.0
2021-12-02 00:00:00+09:00,4547.831033130936,4767.179796786769,4547.831033130936,4747.68212890625,33938,0.0,0.0
2021-12-03 00:00:00+09:00,4747.681965493487,4971.905138401804,4718.435464679359,4864.66796875,43635,0.0,0.0
2021-12-06 00:00:00+09:00,4772.053838104187,4903.6630859375,4742.807338585673,4903.6630859375,23186,0.0,0.0
2021-12-07 00:00:00+09:00,4903.663207395624,4932.909707638541,4850.044623616945,4859.79345703125,22098,0.0,0.0
2021-12-08 00:00:00+09:00,4859.793755888819,4952.407679020101,4845.170504868091,4850.044921875,26860,0.0,0.0
2021-12-09 00:00:00+09:00,4825.673566545759,4932.910756913442,4825.673566545759,4913.4130859375,17116,0.0,0.0
2021-12-10 00:00:00+09:00,4893.914373981319,4923.160874224235,4859.79345703125,4859.79345703125,25071,0.0,0.0
2021-12-13 00:00:00+09:00,4913.411811571782,4991.402475247524,4869.542063254176,4923.16064453125,30340,0.0,0.0
2021-12-14 00:00:00+09:00,4874.416586418986,4932.909585456014,4835.421253727634,4903.6630859375,30148,0.0,0.0
2021-12-15 00:00:00+09:00,4845.170329105516,4913.412164726721,4806.174994464828,4815.923828125,30736,0.0,0.0
2021-12-16 00:00:00+09:00,4864.66758755659,4874.416420397384,4801.300174091423,4845.169921875,22400,0.0,0.0
2021-12-17 00:00:00+09:00,4840.296087861181,4874.417006909548,4796.4263347989945,4850.044921875,26181,0.0,0.0
2021-12-20 00:00:00+09:00,4825.672896634615,4825.672896634615,4752.556640625,4752.556640625,28073,0.0,0.0
2021-12-21 00:00:00+09:00,4723.309977974104,4772.054146993445,4635.570473739291,4694.0634765625,42027,0.0,0.0
2021-12-22 00:00:00+09:00,4694.063012842681,4854.918754715795,4694.063012842681,4845.169921875,16055,0.0,0.0
2021-12-23 00:00:00+09:00,4845.170233543883,4845.170233543883,4772.05398253467,4811.04931640625,14870,0.0,0.0
2021-12-24 00:00:00+09:00,4864.66796875,4903.663303168838,4806.174967121744,4864.66796875,41286,0.0,0.0
2021-12-27 00:00:00+09:00,4869.542764081212,4942.659021800149,4859.793929718688,4884.166015625,35907,0.0,0.0
2021-12-28 00:00:00+09:00,4903.663544422059,4952.40771484375,4840.296122873862,4952.40771484375,28449,0.0,0.0
2021-12-29 00:00:00+09:00,5026.0307017543855,5084.92949904057,4986.764836896929,5035.84716796875,41164,35.0,0.0
2021-12-30 00:00:00+09:00,5084.929869538835,5094.746336468446,4967.132266383495,5055.48046875,42372,0.0,0.0
2022-01-04 00:00:00+09:00,5016.2146804559425,6321.804802766394,5016.2146804559425,5988.044921875,6294506,0.0,0.0
2022-01-05 00:00:00+09:00,6046.943544937601,6096.02587890625,5880.0636094441925,6096.02587890625,952797,0.0,0.0
2022-01-06 00:00:00+09:00,5889.880244377163,5978.22844804282,5595.386232158305,5673.91796875,429358,0.0,0.0
2022-01-07 00:00:00+09:00,5624.835388821592,5772.082388528963,5615.018922174434,5634.65185546875,238415,0.0,0.0
2022-01-10 00:00:00+09:00,5634.65204015544,5938.962516191709,5467.772101683938,5683.734375,520835,0.0,0.0
2022-01-11 00:00:00+09:00,5624.835573186529,5791.715511658031,5605.202639248704,5683.734375,216725,0.0,0.0
2022-01-12 00:00:00+09:00,5693.550904570179,5821.164976569166,5654.285036262799,5752.44970703125,149628,0.0,0.0
2022-01-13 00:00:00+09:00,5791.715449892242,5801.531916756466,5673.917847521552,5693.55078125,80009,0.0,0.0
2022-01-14 00:00:00+09:00,5595.386044662611,5634.6519116427,5487.404910467368,5546.3037109375,115916,0.0,0.0
2022-01-17 00:00:00+09:00,5507.037528909071,5526.670461275948,5310.7082052402975,5438.322265625,107608,0.0,0.0
2022-01-18 00:00:00+09:00,5399.056382870585,5546.303375130692,5261.625856761152,5281.2587890625,95707,0.0,0.0
2022-01-19 00:00:00+09:00,5124.195330651719,5349.974052117216,5124.195330651719,5281.2587890625,71098,0.0,0.0
2022-01-20 00:00:00+09:00,5251.809997558594,5418.68994140625,5183.0947265625,5418.68994140625,49638,0.0,0.0
2022-01-21 00:00:00+09:00,5418.689879587156,5497.221616972477,5320.525207855505,5349.974609375,46338,0.0,0.0
2022-01-24 00:00:00+09:00,5232.176501019674,5330.341163327736,5006.397777711132,5114.37890625,103981,0.0,0.0
2022-01-25 00:00:00+09:00,5114.378743158096,5153.644606829175,4746.261271241726,4819.884765625,132155,0.0,0.0
2022-01-26 00:00:00+09:00,4819.884765625,4819.884765625,4819.884765625,4819.884765625,0,0.0,0.0
2022-01-27 00:00:00+09:00,4859.1512747138395,4947.4994797086365,4662.8219302809575,4716.8125,76517,0.0,0.0
2022-01-28 00:00:00+09:00,4736.445055254411,4937.6826171875,4677.546256639848,4937.6826171875,55620,0.0,0.0
2022-02-03 00:00:00+09:00,4986.765203005497,5143.8286739663,4957.315802200346,5134.01220703125,45563,0.0,0.0
2022-02-04 00:00:00+09:00,5134.01196613348,5232.176630877906,5055.480234337939,5173.27783203125,48776,0.0,0.0
2022-02-07 00:00:00+09:00,5232.177555893407,5251.81049231327,5055.481128114643,5183.09521484375,17268,0.0,0.0
2022-02-08 00:00:00+09:00,5183.09521484375,5183.09521484375,5183.09521484375,5183.09521484375,0,0.0,0.0
2022-02-09 00:00:00+09:00,5183.09521484375,5183.09521484375,5183.09521484375,5183.09521484375,0,0.0,0.0
2022-02-10 00:00:00+09:00,5271.442808446344,5271.442808446344,5143.828736733491,5202.7275390625,25660,0.0,0.0
2022-02-11 00:00:00+09:00,5104.562431469298,5183.09416118421,5035.84716796875,5035.84716796875,30380,0.0,0.0
2022-02-14 00:00:00+09:00,4908.232958884929,5035.847015815937,4785.527134912805,4819.884765625,42502,0.0,0.0
2022-02-15 00:00:00+09:00,4726.628724845201,4859.151025541795,4667.7299245356035,4756.078125,59712,0.0,0.0
2022-02-16 00:00:00+09:00,4765.894688791645,4903.325225646606,4765.894688791645,4898.4169921875,27319,0.0,0.0
2022-02-17 00:00:00+09:00,4947.499695920659,4976.949098872567,4711.904472305389,4918.05029296875,31784,0.0,0.0
2022-02-18 00:00:00+09:00,4898.416632503094,4957.3154296875,4765.89433883818,4957.3154296875,24297,0.0,0.0
2022-02-21 00:00:00+09:00,4957.3154296875,4957.3154296875,4957.3154296875,4957.3154296875,0,0.0,0.0
2022-02-22 00:00:00+09:00,4957.3154296875,4957.3154296875,4957.3154296875,4957.3154296875,0,0.0,0.0
2022-02-23 00:00:00+09:00,4957.3154296875,4957.3154296875,4957.3154296875,4957.3154296875,0,0.0,0.0
2022-02-24 00:00:00+09:00,4849.334585494354,4849.334585494354,4623.555849732471,4672.63818359375,40903,0.0,0.0
2022-02-25 00:00:00+09:00,4677.546337247499,4898.416835858346,4677.546337247499,4844.42626953125,47972,0.0,0.0
2022-02-28 00:00:00+09:00,4844.42626953125,4844.42626953125,4844.42626953125,4844.42626953125,0,0.0,0.0
2022-03-02 00:00:00+09:00,4859.150885701416,5035.847281545104,4824.793253176254,4937.6826171875,33298,0.0,0.0
2022-03-03 00:00:00+09:00,4918.049690978168,5045.663754815924,4898.416758080051,5016.21435546875,35110,0.0,0.0
2022-03-04 00:00:00+09:00,5016.21435546875,5016.21435546875,5016.21435546875,5016.21435546875,0,0.0,0.0
2022-03-07 00:00:00+09:00,5006.398501824477,5016.214969475112,4859.151487064933,4918.05029296875,30734,0.0,0.0
2022-03-08 00:00:00+09:00,4844.426974051339,4849.335208067602,4765.8952297911355,4810.0693359375,31300,0.0,0.0
2022-03-10 00:00:00+09:00,4810.0693359375,4810.0693359375,4810.0693359375,4810.0693359375,0,0.0,0.0
2022-03-11 00:00:00+09:00,4810.0693359375,4810.0693359375,4810.0693359375,4810.0693359375,0,0.0,0.0
2022-03-14 00:00:00+09:00,4868.968144132653,4888.6010801977045,4770.803463807398,4810.0693359375,16177,0.0,0.0
2022-03-15 00:00:00+09:00,4810.0693359375,4810.0693359375,4810.0693359375,4810.0693359375,0,0.0,0.0
2022-03-16 00:00:00+09:00,4810.0693359375,4810.0693359375,4810.0693359375,4810.0693359375,0,0.0,0.0
2022-03-17 00:00:00+09:00,4810.0693359375,4810.0693359375,4810.0693359375,4810.0693359375,0,0.0,0.0
2022-03-18 00:00:00+09:00,4976.948673691861,5094.746275436047,4903.325172601744,5065.296875,102199,0.0,0.0
2022-03-21 00:00:00+09:00,5065.296875,5065.296875,5065.296875,5065.296875,0,0.0,0.0
2022-03-22 00:00:00+09:00,5084.929869538835,5084.929869538835,4967.132266383495,5055.48046875,42803,0.0,0.0
2022-03-23 00:00:00+09:00,5055.480100397478,5094.745965254934,5026.0307017543855,5035.84716796875,54460,0.0,0.0
2022-03-24 00:00:00+09:00,4976.948736070447,5143.8286739663,4976.948736070447,5134.01220703125,69807,0.0,0.0
2022-03-25 00:00:00+09:00,5173.277918300022,6311.988048324316,5163.461451661882,5556.1201171875,9919570,0.0,0.0
2022-03-28 00:00:00+09:00,5516.854310702434,5673.917778622788,5497.22137721239,5546.3037109375,591917,0.0,0.0
2022-03-29 00:00:00+09:00,5634.65185546875,5801.531788470437,5516.854255702852,5634.65185546875,880694,0.0,0.0
2022-03-30 00:00:00+09:00,5585.569705310881,5683.734375,5457.955634715026,5683.734375,288972,0.0,0.0
2022-03-31 00:00:00+09:00,5624.835815217391,5801.5322282608695,5565.937010869565,5644.46875,351957,0.0,0.0
2022-04-01 00:00:00+09:00,5644.468436481284,5644.468436481284,5408.873232175978,5457.95556640625,188848,0.0,0.0
2022-04-04 00:00:00+09:00,5526.670903497409,5693.550841968911,5438.322700777202,5683.734375,228202,0.0,0.0
2022-04-05 00:00:00+09:00,5723.00048828125,5821.165162179728,5615.0193469929245,5723.00048828125,348726,0.0,0.0
2022-04-06 00:00:00+09:00,5683.734618721859,5752.449890450794,5644.468749162468,5723.00048828125,161630,0.0,0.0
2022-04-07 00:00:00+09:00,5723.0003647091935,5732.816831887083,5507.038086795639,5585.56982421875,155614,0.0,0.0
2022-04-08 00:00:00+09:00,5526.67139111768,5644.46900513795,5408.873777097409,5448.1396484375,83716,0.0,0.0
2022-04-11 00:00:00+09:00,5448.139039181721,5664.101307401537,5359.790838546342,5467.77197265625,81879,0.0,0.0
2022-04-12 00:00:00+09:00,5379.424011782324,5585.569822452814,5330.3416759083975,5428.50634765625,50653,0.0,0.0
2022-04-13 00:00:00+09:00,5477.588500098359,5595.386102251012,5428.506165868087,5457.95556640625,50563,0.0,0.0
2022-04-14 00:00:00+09:00,5487.404970426086,5556.120238392065,5232.176832266733,5536.4873046875,56259,0.0,0.0
2022-04-15 00:00:00+09:00,5546.304322373168,5546.304322373168,5448.139644101077,5526.67138671875,30410,0.0,0.0
2022-04-18 00:00:00+09:00,5556.120304404145,5693.550841968911,5487.405035621761,5683.734375,87161,0.0,0.0
2022-04-19 00:00:00+09:00,5683.7344341077305,5693.550901178728,5546.303895113761,5595.38623046875,87275,0.0,0.0
2022-04-20 00:00:00+09:00,5595.38623046875,5683.7344341077305,5575.753296326755,5595.38623046875,77498,0.0,0.0
2022-04-21 00:00:00+09:00,5624.835509827087,5723.000178410456,5516.85437438538,5615.01904296875,81626,0.0,0.0
2022-04-22 00:00:00+09:00,5615.019049612032,5801.531920141104,5556.120248392326,5772.08251953125,311760,0.0,0.0
2022-04-25 00:00:00+09:00,5693.551087825176,5693.551087825176,5428.506468219522,5565.93701171875,210337,0.0,0.0
2022-04-26 00:00:00+09:00,5575.753296326755,5693.550901178728,5457.955691474781,5595.38623046875,94279,0.0,0.0
2022-04-27 00:00:00+09:00,5399.057304965031,5556.120790200378,5389.240837137822,5526.67138671875,67758,0.0,0.0
2022-04-28 00:00:00+09:00,5526.670804869917,6096.02587890625,5408.873203345159,6096.02587890625,1188121,0.0,0.0
2022-04-29 00:00:00+09:00,5968.41229338843,6037.127566503099,5742.633538868801,5938.962890625,811702,0.0,0.0
2022-05-02 00:00:00+09:00,5850.614320973258,5919.32958984375,5752.449651158271,5919.32958984375,231838,0.0,0.0
2022-05-03 00:00:00+09:00,5919.329772949219,6135.292053222656,5850.614501953125,6046.94384765625,763620,0.0,0.0
2022-05-04 00:00:00+09:00,6066.576592043067,6066.576592043067,5791.71551667542,5840.7978515625,275108,0.0,0.0
2022-05-06 00:00:00+09:00,5742.6334222319165,5850.614563504653,5732.816954843486,5801.5322265625,119746,0.0,0.0
2022-05-10 00:00:00+09:00,5507.038030110121,6056.760186413449,5232.176951958458,5752.44970703125,727215,0.0,0.0
2022-05-11 00:00:00+09:00,5673.91841532523,7470.33203125,5615.01960824573,7470.33203125,21106956,0.0,0.0
2022-05-12 00:00:00+09:00,7234.736511729394,7421.249393307221,7067.856565054496,7205.287109375,4825395,0.0,0.0
2022-05-13 00:00:00+09:00,7283.8184697210445,7401.616073004943,6881.343325167726,6950.05859375,2936634,0.0,0.0
2022-05-16 00:00:00+09:00,7008.957946350524,7224.920236013985,6940.242672366696,7018.7744140625,2027491,0.0,0.0
2022-05-17 00:00:00+09:00,6979.508002609503,7205.286742497011,6891.159800044826,7185.65380859375,1787957,0.0,0.0
2022-05-18 00:00:00+09:00,7637.2115478515625,7637.2115478515625,6900.976501464844,6910.79296875,3524651,0.0,0.0
2022-05-19 00:00:00+09:00,6773.362191482629,7293.634939524049,6734.096323705918,7028.59033203125,2430162,0.0,0.0
2022-05-20 00:00:00+09:00,6989.324274315433,7067.856007734708,6861.7102075091125,6900.97607421875,712050,0.0,0.0
2022-05-23 00:00:00+09:00,6881.343130941821,6900.976064268331,6586.849131044169,6743.91259765625,565001,0.0,0.0
2022-05-24 00:00:00+09:00,6783.179023019399,7097.305982117259,6341.437986788035,6419.9697265625,974031,0.0,0.0
2022-05-25 00:00:00+09:00,6390.520202636719,6626.115417480469,6331.621398925781,6596.666015625,311633,0.0,0.0
2022-05-26 00:00:00+09:00,6753.729361370716,6832.261098130841,6233.456605334891,6302.171875,630566,0.0,0.0
2022-05-27 00:00:00+09:00,6410.15283203125,6459.23516612031,6253.089362946258,6410.15283203125,218019,0.0,0.0
2022-05-30 00:00:00+09:00,6449.419246468002,6567.216858275637,6351.254569961639,6557.400390625,232428,0.0,0.0
2022-05-31 00:00:00+09:00,6498.5014605730685,7146.388313137755,6410.153253405157,6734.0966796875,3494981,0.0,0.0
2022-06-02 00:00:00+09:00,7018.7737315944705,7116.938399169218,6753.729129142652,6812.6279296875,2309687,0.0,0.0
2022-06-03 00:00:00+09:00,7941.52170523836,8854.453125,7784.458235171841,8854.453125,17085341,0.0,0.0
2022-06-07 00:00:00+09:00,9718.301840924203,10454.536828873006,9080.23151803524,9227.478515625,18983401,0.0,0.0
2022-06-08 00:00:00+09:00,9070.4160823801,9296.19483767744,8844.637327082759,8903.5361328125,2485688,0.0,0.0
2022-06-09 00:00:00+09:00,8844.636651514884,8854.45311838671,8599.224979719243,8697.3896484375,1456007,0.0,0.0
2022-06-10 00:00:00+09:00,8736.656136446221,8775.922006722383,8285.098628270349,8442.162109375,1497745,0.0,0.0
2022-06-13 00:00:00+09:00,8255.648680182197,8422.52861783154,8000.420540247909,8216.3828125,2410414,0.0,0.0
2022-06-14 00:00:00+09:00,8540.326201580323,8736.655539547688,7558.679511743505,7745.1923828125,4909366,0.0,0.0
2022-06-15 00:00:00+09:00,7725.559584083065,8432.34521312243,7676.477248733108,8353.8134765625,6421751,0.0,0.0
2022-06-16 00:00:00+09:00,8088.7688194444445,8834.8203125,8000.420616319444,8834.8203125,4189613,0.0,0.0
2022-06-17 00:00:00+09:00,8451.978391236033,9227.479312150837,7882.62328474162,8785.73828125,5265880,0.0,0.0
2022-06-20 00:00:00+09:00,8638.491146458584,8756.288753001201,7980.787843262305,8177.1171875,1780104,0.0,0.0
2022-06-21 00:00:00+09:00,8363.630282182836,10356.373178055039,8363.630282182836,9865.5498046875,30848797,0.0,0.0
2022-06-22 00:00:00+09:00,9688.852794989225,10160.043204471984,9610.321060075432,9963.7138671875,6204278,0.0,0.0
2022-06-23 00:00:00+09:00,9963.713618607955,10012.795951704546,7755.008629261363,8098.5849609375,5608363,0.0,0.0
2022-06-24 00:00:00+09:00,8451.978085799956,8648.30742577208,8128.034674845951,8363.6298828125,3338094,0.0,0.0
2022-06-27 00:00:00+09:00,8383.264069610354,8785.739276699374,8304.732321885665,8628.67578125,2790181,0.0,0.0
2022-06-28 00:00:00+09:00,8658.122877492639,9345.275486817452,8569.774684865162,9168.5791015625,7453041,0.0,0.0
2022-06-29 00:00:00+09:00,8874.08751717033,9060.600418526787,8746.473426768544,8932.986328125,3121037,0.0,0.0
2022-06-30 00:00:00+09:00,9080.23195788635,9168.580160719837,7813.907717273009,7892.439453125,4249379,0.0,0.0
2022-07-01 00:00:00+09:00,8049.5028154832935,8353.813287775954,7696.1100089498805,8226.19921875,3646011,0.0,0.0
2022-07-04 00:00:00+09:00,8334.1803192059,8363.62971962712,7215.103103199453,7519.41357421875,2227962,0.0,0.0
2022-07-05 00:00:00+09:00,7813.9073962355205,7970.970861486486,7489.963999155405,7627.39453125,2391215,0.0,0.0
2022-07-06 00:00:00+09:00,7686.293625950169,7686.293625950169,7097.30560863598,7264.185546875,1328101,0.0,0.0
2022-07-07 00:00:00+09:00,7215.102853238103,7401.615716110925,7058.039389766253,7323.083984375,1182631,0.0,0.0
2022-07-08 00:00:00+09:00,7558.679320017496,7804.090986251831,7332.900587081909,7539.04638671875,3508244,0.0,0.0
2022-07-11 00:00:00+09:00,7656.843981291118,7676.47691457648,7303.451182154606,7460.5146484375,1615060,0.0,0.0
2022-07-12 00:00:00+09:00,7332.9011261372625,7372.166995621264,6969.691833410249,6979.50830078125,1101163,0.0,0.0
2022-07-13 00:00:00+09:00,7087.4893173758865,7126.755186170212,6753.7294326241135,6920.609375,1103292,0.0,0.0
2022-07-14 00:00:00+09:00,6773.36211935447,6822.444453552691,6635.931583599452,6724.27978515625,530523,0.0,0.0
2022-07-15 00:00:00+09:00,6724.280090332031,6763.545959472656,6439.6025390625,6596.666015625,622192,0.0,0.0
2022-07-18 00:00:00+09:00,6596.665421195652,6773.36181640625,6478.867824388587,6773.36181640625,471615,0.0,0.0
2022-07-19 00:00:00+09:00,6714.463439673316,6783.17870879278,6635.931703536786,6704.64697265625,344841,0.0,0.0
2022-07-20 00:00:00+09:00,6802.81164497784,6891.15984815937,6724.279908816479,6783.1787109375,462190,0.0,0.0
2022-07-21 00:00:00+09:00,6763.545778986722,6969.69158647398,6724.279910893911,6861.71044921875,503432,0.0,0.0
2022-07-22 00:00:00+09:00,6930.425962592417,7666.661015275748,6802.811886793973,7136.57177734375,7252883,0.0,0.0
2022-07-25 00:00:00+09:00,7008.9576416015625,7067.8564453125,6900.976501464844,6910.79296875,809162,0.0,0.0
2022-07-26 00:00:00+09:00,6871.527099609375,6950.058837890625,6694.8306884765625,6753.7294921875,653644,0.0,0.0
2022-07-27 00:00:00+09:00,6714.463381728685,6832.260984916908,6704.646914796333,6792.9951171875,242176,0.0,0.0
2022-07-28 00:00:00+09:00,6891.159728568563,6999.140863916503,6802.811526920248,6881.34326171875,512110,0.0,0.0
2022-07-29 00:00:00+09:00,6930.4261980591655,7244.553164543434,6881.343859545998,7175.837890625,1372741,0.0,0.0
2022-08-01 00:00:00+09:00,7175.837277747845,7234.73607893319,7028.590274784483,7116.9384765625,478736,0.0,0.0
2022-08-02 00:00:00+09:00,7156.204590506275,7362.350401755427,7077.672852887551,7234.736328125,1258367,0.0,0.0
2022-08-03 00:00:00+09:00,7215.103516296638,7293.635255249527,7116.9388426055275,7136.57177734375,477354,0.0,0.0
2022-08-04 00:00:00+09:00,7215.102961613581,7303.451161143544,7146.3876953125,7146.3876953125,551242,0.0,0.0
2022-08-05 00:00:00+09:00,7166.020494135155,7205.286359856443,7008.95703125,7008.95703125,343574,0.0,0.0
2022-08-08 00:00:00+09:00,6959.874931049622,6979.507864564572,6724.279728870228,6812.6279296875,473728,0.0,0.0
2022-08-09 00:00:00+09:00,6763.5458984375,6851.8941032066405,6694.8306280615025,6763.5458984375,273855,0.0,0.0
2022-08-10 00:00:00+09:00,6763.545836149423,6851.89404010493,6675.1976321939155,6694.83056640625,228194,0.0,0.0
2022-08-11 00:00:00+09:00,6724.280031028368,6930.425842198581,6724.280031028368,6920.609375,371578,0.0,0.0
2022-08-12 00:00:00+09:00,6910.792360127479,6969.691158651292,6842.077095183029,6930.42529296875,187196,0.0,0.0
2022-08-16 00:00:00+09:00,7018.773923709336,7146.387995049506,6900.976319395333,6940.2421875,377127,0.0,0.0
2022-08-17 00:00:00+09:00,6900.976439189496,6950.0587751723515,6724.280029651216,6763.5458984375,179248,0.0,0.0
2022-08-18 00:00:00+09:00,6685.013797676719,6783.178464309271,6586.849131044169,6743.91259765625,175052,0.0,0.0
2022-08-19 00:00:00+09:00,6743.913148593058,6930.426030431877,6635.932006475848,6655.56494140625,225585,0.0,0.0
2022-08-22 00:00:00+09:00,6557.400022558891,6557.400022558891,6262.906009569719,6459.2353515625,268399,0.0,0.0
2022-08-23 00:00:00+09:00,6311.98816385313,6478.868099755934,6311.98816385313,6410.15283203125,159679,0.0,0.0
2022-08-24 00:00:00+09:00,6370.887149112003,6596.665892454955,6370.887149112003,6537.76708984375,175282,0.0,0.0
2022-08-25 00:00:00+09:00,6577.033020291605,6675.1976922362555,6547.5836187082095,6606.482421875,125395,0.0,0.0
2022-08-26 00:00:00+09:00,6635.931286798007,6900.975879613904,6616.29835399683,6773.36181640625,447117,0.0,0.0
2022-08-29 00:00:00+09:00,6547.5827468988555,6557.39921278626,6429.78515625,6429.78515625,221470,0.0,0.0
2022-08-30 00:00:00+09:00,6469.051640303858,6773.362112002523,6469.051640303858,6567.21630859375,255835,0.0,0.0
2022-08-31 00:00:00+09:00,6567.216492604784,6616.298828125,6459.235354460311,6616.298828125,78765,0.0,0.0
2022-09-01 00:00:00+09:00,6567.216488131009,6616.298823617788,6282.538942307692,6380.70361328125,158599,0.0,0.0
2022-09-02 00:00:00+09:00,6410.153075029251,6429.786009409127,5948.7791171021845,6292.35546875,145777,0.0,0.0
2022-09-05 00:00:00+09:00,6213.823669626134,6321.804807644913,6125.475465792587,6223.64013671875,97747,0.0,0.0
2022-09-06 00:00:00+09:00,6223.640078246501,6351.254149251555,6223.640078246501,6311.98828125,69902,0.0,0.0
2022-09-07 00:00:00+09:00,6262.905810307912,6351.25401139376,5968.4118066884175,6017.494140625,133732,0.0,0.0
2022-09-08 00:00:00+09:00,6046.943544937601,6204.007013637279,6027.310611350141,6096.02587890625,111457,0.0,0.0
2022-09-13 00:00:00+09:00,6400.336669921875,6694.8306884765625,6302.1719970703125,6596.666015625,966385,0.0,0.0
2022-09-14 00:00:00+09:00,6341.437809641769,6920.6093742994535,6213.823736073126,6842.07763671875,1097834,0.0,0.0
2022-09-15 00:00:00+09:00,6812.6278642990355,6920.608997594842,6567.216197717658,6743.91259765625,631125,0.0,0.0
2022-09-16 00:00:00+09:00,6577.0330810546875,6704.647155761719,6380.7037353515625,6439.6025390625,317110,0.0,0.0
2022-09-19 00:00:00+09:00,6439.602778817366,6753.729743637725,6419.9698435160935,6557.400390625,972404,0.0,0.0
2022-09-20 00:00:00+09:00,6881.343566894531,7362.3504638671875,6783.178894042969,6910.79296875,7134225,0.0,0.0
2022-09-21 00:00:00+09:00,6783.178578831512,7058.039650043208,6567.21630859375,6567.21630859375,1183422,0.0,0.0
2022-09-22 00:00:00+09:00,6331.621525509948,6527.950875138164,6007.6780986233925,6105.8427734375,3026890,0.0,0.0
2022-09-23 00:00:00+09:00,6037.127250486592,6125.475454152249,5595.386232158305,5673.91796875,556807,0.0,0.0
2022-09-26 00:00:00+09:00,5457.955551496899,5565.9366865085285,5006.398077811904,5143.82861328125,479645,0.0,0.0
2022-09-27 00:00:00+09:00,5045.663634183114,5232.1764922560305,4873.875475431743,5035.84716796875,318427,0.0,0.0
2022-09-28 00:00:00+09:00,4947.498936135655,5065.29652985317,4613.73908726936,4721.72021484375,371240,0.0,0.0
2022-09-29 00:00:00+09:00,4859.150618085209,4996.581140616912,4741.35302734375,4741.35302734375,204432,0.0,0.0
2022-09-30 00:00:00+09:00,4623.555861328125,4976.948666015624,4623.555861328125,4908.2333984375,214566,0.0,0.0
2022-10-04 00:00:00+09:00,4937.68286559466,5084.929869538835,4898.416997876214,5055.48046875,155334,0.0,0.0
2022-10-05 00:00:00+09:00,5153.644762541118,5173.277694969846,4927.866039610745,5035.84716796875,131737,0.0,0.0
2022-10-06 00:00:00+09:00,5016.214899527446,5261.626587371255,5016.214899527446,5241.99365234375,125586,0.0,0.0
2022-10-07 00:00:00+09:00,5202.727237879672,5330.341302205024,5143.82843896028,5251.8095703125,87676,0.0,0.0
2022-10-11 00:00:00+09:00,5124.195671982653,5163.461539200911,4908.233402282234,4986.76513671875,136558,0.0,0.0
2022-10-12 00:00:00+09:00,5055.480108865163,5556.1198866362765,5045.6636426343575,5114.37890625,919399,0.0,0.0
2022-10-13 00:00:00+09:00,5055.480619682382,5153.645291909224,4790.436004669908,4795.34423828125,251696,0.0,0.0
2022-10-14 00:00:00+09:00,4996.581561019813,5340.157896256932,4937.682760693449,5310.70849609375,526040,0.0,0.0
2022-10-17 00:00:00+09:00,5104.563166920731,5261.626648979831,5045.66436114857,5232.17724609375,180999,0.0,0.0
2022-10-18 00:00:00+09:00,5281.2593994140625,5359.7911376953125,5104.56298828125,5340.158203125,282134,0.0,0.0
2022-10-19 00:00:00+09:00,5399.056567610981,5399.056567610981,5222.360170852804,5251.8095703125,168825,0.0,0.0
2022-10-20 00:00:00+09:00,5222.360183189655,5457.9553794237745,5124.195518092105,5408.873046875,311482,0.0,0.0
2022-10-21 00:00:00+09:00,6243.272787592552,6694.830253361824,5516.854255702852,5634.65185546875,7076075,0.0,0.0
2022-10-24 00:00:00+09:00,5968.412171327212,6311.988529874008,5801.532225747339,5880.06396484375,2903051,0.0,0.0
2022-10-25 00:00:00+09:00,5840.797794165201,6027.310664903249,5703.367257831902,5929.14599609375,1258109,0.0,0.0
2022-10-26 00:00:00+09:00,5997.861447482639,6066.576717748398,5742.63330078125,5742.63330078125,967062,0.0,0.0
2022-10-27 00:00:00+09:00,5664.101564146817,5821.1650390625,5644.468629782356,5821.1650390625,400916,0.0,0.0
2022-10-28 00:00:00+09:00,5723.0003647091935,5781.899167776527,5565.936889862973,5585.56982421875,331054,0.0,0.0
2022-10-31 00:00:00+09:00,5585.570004597562,5742.633484515947,5546.304134617966,5713.18408203125,226389,0.0,0.0
2022-11-01 00:00:00+09:00,5693.551203282035,5929.146425486809,5654.285332914573,5860.43115234375,497258,0.0,0.0
2022-11-02 00:00:00+09:00,5938.962895599003,5948.779363195034,5683.734738102186,5781.8994140625,351435,0.0,0.0
2022-11-03 00:00:00+09:00,5605.202589022402,5988.044797379449,5605.202589022402,5929.14599609375,574474,0.0,0.0
2022-11-04 00:00:00+09:00,6007.677740595143,6194.190611626692,5742.633134392417,6164.7412109375,951833,0.0,0.0
2022-11-07 00:00:00+09:00,6115.6588008955,7244.552480033513,6046.943533469707,7048.22314453125,13353776,0.0,0.0
2022-11-08 00:00:00+09:00,7166.020749935435,7342.717151988637,6940.2420139785645,7126.7548828125,4218005,0.0,0.0
2022-11-09 00:00:00+09:00,7077.672609105603,7283.81841325431,7018.773807920259,7116.9384765625,2031302,0.0,0.0
2022-11-10 00:00:00+09:00,7008.957395391949,7195.470267258122,6822.444523525776,6950.05859375,996855,0.0,0.0
2022-11-11 00:00:00+09:00,7058.039675377156,7548.863018588362,6969.691473599138,7116.9384765625,4174474,0.0,0.0
2022-11-14 00:00:00+09:00,7146.388246088256,7146.388246088256,6871.527159700246,6979.50830078125,745155,0.0,0.0
2022-11-15 00:00:00+09:00,7185.654113520408,7588.129275616497,7058.040037733844,7215.103515625,4229036,0.0,0.0
2022-11-16 00:00:00+09:00,7028.589977525685,7166.0205078125,6950.058245933219,7166.0205078125,614644,0.0,0.0
2022-11-17 00:00:00+09:00,7126.755665373322,8432.345890572567,6989.325115352349,7313.2685546875,14104895,0.0,0.0
2022-11-18 00:00:00+09:00,7421.248616014121,7804.090806522786,7391.7992167442235,7647.02734375,5131810,0.0,0.0
2022-11-21 00:00:00+09:00,7480.147397248641,7489.96386364923,6773.36181640625,6773.36181640625,1358171,0.0,0.0
2022-11-22 00:00:00+09:00,6773.362366335635,6950.0587758922165,6586.849489581466,6842.07763671875,698058,0.0,0.0
2022-11-23 00:00:00+09:00,6792.994756223137,6959.874685205497,6665.380692883686,6851.8935546875,566179,0.0,0.0
2022-11-24 00:00:00+09:00,6851.8941650390625,6950.058837890625,6822.444763183594,6910.79296875,387274,0.0,0.0
2022-11-25 00:00:00+09:00,7038.407349486451,7146.388494318181,6891.160333806818,7018.7744140625,845288,0.0,0.0
2022-11-28 00:00:00+09:00,6969.691584320731,6999.140985381241,6773.36224391733,6783.1787109375,358538,0.0,0.0
2022-11-29 00:00:00+09:00,6783.178653041295,6930.425657087054,6449.418777204241,6871.52685546875,339005,0.0,0.0
2022-11-30 00:00:00+09:00,6920.609251357967,7038.4068556364,6851.893982195547,6861.71044921875,494614,0.0,0.0
2022-12-01 00:00:00+09:00,6969.6915248325895,6999.140925641741,6851.893921595982,6871.52685546875,254697,0.0,0.0
2022-12-02 00:00:00+09:00,6940.24205926452,7008.95732717803,6792.995056592713,6802.8115234375,394897,0.0,0.0
2022-12-05 00:00:00+09:00,7008.957395391949,7018.773862332274,6812.628056585451,6950.05859375,342419,0.0,0.0
2022-12-06 00:00:00+09:00,6851.893973423445,6910.792775487256,6537.767029083115,6547.58349609375,281904,0.0,0.0
2022-12-07 00:00:00+09:00,6380.703552527361,6508.317623577908,6204.007146457373,6390.52001953125,224970,0.0,0.0
2022-12-08 00:00:00+09:00,6311.9882789431595,6390.520014917569,6194.190674981545,6233.45654296875,196859,0.0,0.0
2022-12-09 00:00:00+09:00,6243.273425804641,6596.666261227545,6135.292281647642,6557.400390625,516626,0.0,0.0
2022-12-12 00:00:00+09:00,6321.804372778436,6390.519637699941,6145.107977265995,6213.8232421875,238312,0.0,0.0
2022-12-13 00:00:00+09:00,6233.456425629845,6822.444434350776,6233.456425629845,6331.62109375,1089049,0.0,0.0
2022-12-14 00:00:00+09:00,6311.988223584883,6429.785826513373,6253.089422120638,6400.33642578125,125980,0.0,0.0
2022-12-15 00:00:00+09:00,6361.069895038168,6557.39921278626,6321.80403148855,6429.78515625,212720,0.0,0.0
2022-12-16 00:00:00+09:00,6272.7227159624135,6498.501467867163,6262.906248488293,6341.43798828125,135407,0.0,0.0
2022-12-19 00:00:00+09:00,6361.070739079563,6390.520140649376,6262.906067180187,6292.35546875,130853,0.0,0.0
2022-12-20 00:00:00+09:00,6272.722468996511,6292.355403171774,6027.310791805725,6066.57666015625,175826,0.0,0.0
2022-12-21 00:00:00+09:00,6223.639834886053,6351.253900901066,6115.658702104118,6272.72216796875,211799,0.0,0.0
2022-12-22 00:00:00+09:00,6272.72234359249,6311.988211158014,6086.20947265625,6086.20947265625,178456,0.0,0.0
2022-12-23 00:00:00+09:00,5997.86132569574,6223.640066270212,5830.981387010261,5919.32958984375,401460,0.0,0.0
2022-12-26 00:00:00+09:00,5840.797853991759,5988.044858714241,5801.531986065765,5919.32958984375,161887,0.0,0.0
2022-12-27 00:00:00+09:00,5840.797794165201,6007.677731141349,5840.797794165201,5929.14599609375,117801,0.0,0.0
2022-12-28 00:00:00+09:00,5963.7045315057285,6131.557142491817,5963.7045315057285,6032.8203125,114114,35.0,0.0
2022-12-29 00:00:00+09:00,6013.072373297276,6052.567101529114,5697.114547442575,5776.10400390625,125748,0.0,0.0
2023-01-02 00:00:00+09:00,5776.103604242287,5874.840417990018,5410.777393375681,5440.3984375,186122,0.0,0.0
2023-01-03 00:00:00+09:00,5430.52500071543,5479.893409812843,5193.556637047848,5391.0302734375,117258,0.0,0.0
2023-01-04 00:00:00+09:00,5292.293595157657,5529.26196509009,5282.419913077139,5479.8935546875,63472,0.0,0.0
2023-01-05 00:00:00+09:00,5489.767039566972,5805.724854793848,5400.903904034413,5657.61962890625,182050,0.0,0.0
2023-01-06 00:00:00+09:00,5657.61962890625,5756.356446164649,5519.388084744492,5657.61962890625,163523,0.0,0.0
2023-01-09 00:00:00+09:00,5657.620054290254,5904.462115995763,5627.999006885593,5825.47265625,130905,0.0,0.0
2023-01-10 00:00:00+09:00,5894.588231931961,5953.830324715196,5835.346139148724,5904.4619140625,97419,0.0,0.0
2023-01-11 00:00:00+09:00,5993.325580503274,6042.693995499182,5934.083482508184,6032.8203125,85507,0.0,0.0
2023-01-12 00:00:00+09:00,6111.808935546876,6190.798388671876,5953.830029296875,6121.6826171875,223246,0.0,0.0
2023-01-13 00:00:00+09:00,6299.40888671875,6309.282568359376,6092.061572265626,6121.6826171875,364766,0.0,0.0
2023-01-16 00:00:00+09:00,6111.808885753449,6131.556248873816,5993.32470703125,5993.32470703125,116258,0.0,0.0
2023-01-17 00:00:00+09:00,5963.70409520053,6556.125031809854,5943.956730646885,6062.44091796875,884235,0.0,0.0
2023-01-18 00:00:00+09:00,6062.441065329323,6111.809477913438,6013.072652745208,6052.5673828125,100786,0.0,0.0
2023-01-19 00:00:00+09:00,6052.567336385759,6220.419937884221,5993.325241739242,6022.9462890625,232021,0.0,0.0
2023-01-20 00:00:00+09:00,6032.819871138284,6072.314600245572,5983.451459754174,6062.44091796875,65934,0.0,0.0
2023-01-25 00:00:00+09:00,6072.314453125,6082.188135162602,6013.07236089939,6072.314453125,457,0.0,0.0
2023-01-26 00:00:00+09:00,6013.072119140626,6151.303662109375,6013.072119140626,6121.6826171875,1309,0.0,0.0
2023-01-27 00:00:00+09:00,6141.4302234375,6230.29336171875,6121.682859375,6171.05126953125,951,0.0,0.0
2023-01-30 00:00:00+09:00,6180.925348975162,6180.925348975162,6052.567474315933,6111.8095703125,391,0.0,0.0
2023-01-31 00:00:00+09:00,6101.93564077524,6279.661921574519,6062.440911708733,6161.177734375,1243,0.0,0.0
2023-02-01 00:00:00+09:00,6220.419780344203,6230.293462535225,6101.935594051933,6131.556640625,2851,0.0,0.0
2023-02-02 00:00:00+09:00,6190.798633593749,6200.672315625,6131.556541406249,6171.05126953125,1153,0.0,0.0
2023-02-03 00:00:00+09:00,6171.051712281451,6210.546443240052,6121.683298583199,6141.4306640625,2745,0.0,0.0
2023-02-06 00:00:00+09:00,6101.935499237805,6161.177591463415,6062.440771087398,6072.314453125,2754,0.0,0.0
2023-02-07 00:00:00+09:00,6082.188522314216,6161.177983642972,6062.441156982028,6111.8095703125,1282,0.0,0.0
2023-02-08 00:00:00+09:00,6131.55668757512,6131.55668757512,6082.188276241987,6161.177734375,85630,0.0,0.0
2023-02-09 00:00:00+09:00,6161.177639563107,6259.9144607099515,6141.430275333738,6101.935546875,4367,0.0,0.0
2023-02-10 00:00:00+09:00,6121.682915938528,6151.303962305972,6003.19873046875,6003.19873046875,2022,0.0,0.0
2023-02-13 00:00:00+09:00,6101.935647076039,6121.683011629682,6003.198824307818,6062.44091796875,7615,0.0,0.0
2023-02-14 00:00:00+09:00,6151.30409190419,6299.409326861754,6121.683044912676,6289.53564453125,8232,0.0,0.0
2023-02-15 00:00:00+09:00,6319.157119476269,6378.3992174713585,5973.578214504911,6032.8203125,2417,0.0,0.0
2023-02-16 00:00:00+09:00,6042.693995499182,6062.441361497546,5993.325580503274,6032.8203125,634,0.0,0.0
2023-02-17 00:00:00+09:00,6003.198389384117,6121.682568121962,5983.451026261143,6092.0615234375,1259,0.0,0.0
2023-02-20 00:00:00+09:00,6101.935647076039,6121.683011629682,6032.819871138284,6062.44091796875,2677,0.0,0.0
2023-02-21 00:00:00+09:00,6092.061619859548,6250.04052734375,6092.061619859548,6250.04052734375,6001,0.0,0.0
2023-02-22 00:00:00+09:00,6121.683206929789,6171.0516198889,6042.693746195211,6082.1884765625,1074,0.0,0.0
2023-02-23 00:00:00+09:00,6210.545751953126,6289.535205078126,6101.93525390625,6121.6826171875,1295,0.0,0.0
2023-02-24 00:00:00+09:00,6171.051231590477,6171.051231590477,5845.2197265625,5845.2197265625,2338,0.0,0.0
2023-02-27 00:00:00+09:00,5766.230374134948,5785.9777384299305,5627.9988240700695,5706.98828125,103069,0.0,0.0
2023-02-28 00:00:00+09:00,5706.988611192169,5845.220169248727,5706.988611192169,5815.59912109375,47107,0.0,0.0
2023-03-02 00:00:00+09:00,5805.724948481845,5953.830176759443,5795.851266596672,5914.33544921875,62825,0.0,0.0
2023-03-03 00:00:00+09:00,5924.208838134359,6032.819333500156,5894.587793943688,5934.08251953125,39487,0.0,0.0
2023-03-06 00:00:00+09:00,5963.7037598466,5973.577441568201,5815.598534022595,5953.830078125,69361,0.0,0.0
2023-03-07 00:00:00+09:00,5924.209182326857,5924.209182326857,5815.598680650865,5845.2197265625,71194,0.0,0.0
2023-03-08 00:00:00+09:00,5835.346197289156,5835.346197289156,5736.609375,5736.609375,47973,0.0,0.0
2023-03-09 00:00:00+09:00,5776.104344703232,5894.588536389451,5677.367518298048,5785.97802734375,98340,0.0,0.0
2023-03-10 00:00:00+09:00,5766.230379346391,5776.104061502806,5558.883054061675,5608.25146484375,78856,0.0,0.0
2023-03-13 00:00:00+09:00,5391.030365533252,5608.251369272687,5321.914591616159,5549.00927734375,63873,0.0,0.0
2023-03-14 00:00:00+09:00,5549.00959020544,5736.609558557581,5331.78857421875,5331.78857421875,111890,0.0,0.0
2023-03-15 00:00:00+09:00,5371.283143939394,5588.504153436943,5371.283143939394,5539.1357421875,46074,0.0,0.0
2023-03-16 00:00:00+09:00,5539.135595355594,5549.00927734375,5351.535637580627,5549.00927734375,36372,0.0,0.0
2023-03-17 00:00:00+09:00,5598.377818151173,5835.34619140625,5558.883089275328,5835.34619140625,182300,0.0,0.0
2023-03-20 00:00:00+09:00,5924.208838134359,6111.808784675281,5815.598342768562,5934.08251953125,432521,0.0,0.0
2023-03-21 00:00:00+09:00,5934.08251953125,5993.324607912594,5835.345705562344,5934.08251953125,113594,0.0,0.0
2023-03-22 00:00:00+09:00,5924.2093857020545,5963.704114940068,5766.23046875,5766.23046875,146817,0.0,0.0
2023-03-23 00:00:00+09:00,5766.230178886925,5795.851224326413,5529.261815371025,5588.50390625,94507,0.0,0.0
2023-03-24 00:00:00+09:00,5637.87226545457,5687.24067408377,5568.756493373691,5657.61962890625,52575,0.0,0.0
2023-03-27 00:00:00+09:00,5647.746097225311,5647.746097225311,5440.398775474033,5549.00927734375,51226,0.0,0.0
2023-03-28 00:00:00+09:00,5509.514403018652,5677.36699235793,5509.514403018652,5657.61962890625,36295,0.0,0.0
2023-03-29 00:00:00+09:00,5687.240911989796,5963.704011878189,5568.756726323342,5805.72509765625,171909,0.0,0.0
2023-03-30 00:00:00+09:00,5805.725392624787,5835.346440546341,5736.609614141158,5785.97802734375,65028,0.0,0.0
2023-03-31 00:00:00+09:00,5785.97802734375,5825.4727579058235,5657.620153017011,5785.97802734375,75853,0.0,0.0
2023-04-03 00:00:00+09:00,5766.230707502122,5874.841217403703,5667.493880318867,5815.59912109375,62150,0.0,0.0
2023-04-04 00:00:00+09:00,5766.230561440679,5855.093703654661,5766.230561440679,5825.47265625,59580,0.0,0.0
2023-04-05 00:00:00+09:00,5815.598880297517,5825.47256260702,5726.735739511986,5766.23046875,67839,0.0,0.0
2023-04-06 00:00:00+09:00,5746.482615826438,5766.229978767422,5627.998438180532,5667.4931640625,73001,0.0,0.0
2023-04-07 00:00:00+09:00,5667.493605311405,5687.240969789842,5568.75678291922,5637.87255859375,77130,0.0,0.0
2023-04-10 00:00:00+09:00,5756.356652942005,5785.977699183559,5450.272508445946,5479.8935546875,179871,0.0,0.0
2023-04-11 00:00:00+09:00,5499.640961123184,5618.125147000164,5430.525186028279,5608.25146484375,97796,0.0,0.0
2023-04-12 00:00:00+09:00,5549.009320652174,5716.86191576087,5549.009320652174,5677.3671875,63534,0.0,0.0
2023-04-13 00:00:00+09:00,5657.619775732081,5667.493457714161,5549.009273929196,5647.74609375,35748,0.0,0.0
2023-04-14 00:00:00+09:00,5647.746141304348,5697.114551630435,5608.251413043478,5677.3671875,73273,0.0,0.0
2023-04-17 00:00:00+09:00,5736.609228180037,5795.851320037317,5677.367136322755,5746.48291015625,105296,0.0,0.0
2023-04-18 00:00:00+09:00,5716.86186422761,5776.10395608489,5667.4934543465415,5746.48291015625,71219,0.0,0.0
2023-04-19 00:00:00+09:00,5785.977391816507,5785.977391816507,5647.745850032496,5697.1142578125,67959,0.0,0.0
2023-04-20 00:00:00+09:00,5716.862016507498,5776.1041099428085,5598.377829636876,5637.87255859375,98092,0.0,0.0
2023-04-21 00:00:00+09:00,5647.746188365052,5706.98828125,5529.2620025951555,5706.98828125,88097,0.0,0.0
2023-04-24 00:00:00+09:00,5667.49350974834,6210.546023748617,5578.63037109375,5578.63037109375,1201145,0.0,0.0
2023-04-25 00:00:00+09:00,5539.135449925125,5647.745948943264,5341.661815346689,5460.14599609375,143653,0.0,0.0
2023-04-26 00:00:00+09:00,5410.778138118004,5460.146551786964,5292.2939453125,5292.2939453125,115546,0.0,0.0
2023-04-27 00:00:00+09:00,5430.525093485876,5578.630323308218,5331.788273604315,5549.00927734375,124387,0.0,0.0
2023-04-28 00:00:00+09:00,5519.388137090774,5578.630228007669,5331.788182520604,5391.0302734375,89732,0.0,0.0
2023-05-02 00:00:00+09:00,5391.030079535199,5529.261620036101,5381.156398070848,5470.01953125,53274,0.0,0.0
2023-05-03 00:00:00+09:00,5430.525344207038,5558.883215979205,5381.156931986974,5400.904296875,38541,0.0,0.0
2023-05-04 00:00:00+09:00,5361.409567098949,5450.272709095064,5351.535884654936,5400.904296875,48474,0.0,0.0
2023-05-08 00:00:00+09:00,5400.904296875,5499.641121315128,5400.904296875,5400.904296875,39399,0.0,0.0
2023-05-09 00:00:00+09:00,5381.156639557718,5450.272412909836,5341.661911927938,5420.6513671875,73006,0.0,0.0
2023-05-10 00:00:00+09:00,5420.651690995066,5706.98848341557,5400.904326000548,5627.9990234375,212634,0.0,0.0
2023-05-11 00:00:00+09:00,5627.99863350265,5746.482815260601,5568.756542623674,5588.50390625,120160,0.0,0.0
2023-05-12 00:00:00+09:00,5539.136037427325,5618.125499636628,5489.7676235465115,5519.388671875,47631,0.0,0.0
2023-05-15 00:00:00+09:00,5539.1353015004515,5539.1353015004515,5410.777442463899,5470.01953125,42920,0.0,0.0
2023-05-16 00:00:00+09:00,5440.3992096656975,5529.262354651163,5420.651844113372,5519.388671875,48251,0.0,0.0
2023-05-17 00:00:00+09:00,5509.514787946428,5657.620024181548,5470.02005828373,5598.3779296875,84574,0.0,0.0
2023-05-18 00:00:00+09:00,5618.125044465474,5766.230274108677,5618.125044465474,5746.48291015625,269345,0.0,0.0
2023-05-19 00:00:00+09:00,5983.451277585374,6013.072323514014,5637.872408417901,5746.48291015625,1177598,0.0,0.0
2023-05-22 00:00:00+09:00,5746.483224790987,6299.409445733075,5746.483224790987,6052.5673828125,2689342,0.0,0.0
2023-05-23 00:00:00+09:00,6082.188090479652,6092.061772444716,5924.209179038621,5943.95654296875,308018,0.0,0.0
2023-05-24 00:00:00+09:00,5953.830425840436,6052.567248822864,5845.219920559764,5864.96728515625,240284,0.0,0.0
2023-05-25 00:00:00+09:00,5874.84102161414,5953.830480728279,5785.977880110732,5795.8515625,115204,0.0,0.0
2023-05-26 00:00:00+09:00,5825.472418478261,5855.093464673913,5677.3671875,5677.3671875,109644,0.0,0.0
2023-05-30 00:00:00+09:00,5687.24072265625,5776.103858947754,5667.493359035916,5687.24072265625,80406,0.0,0.0
2023-05-31 00:00:00+09:00,5657.619727592267,5746.482864674868,5618.125,5618.125,76235,0.0,0.0
2023-06-01 00:00:00+09:00,5568.75673621809,5647.74619346941,5549.009371905259,5608.25146484375,59919,0.0,0.0
2023-06-02 00:00:00+09:00,5627.998631795247,5687.24072265625,5568.756540934245,5687.24072265625,48816,0.0,0.0
2023-06-05 00:00:00+09:00,5657.619772370328,5776.10395608489,5657.619772370328,5746.48291015625,81248,0.0,0.0
2023-06-07 00:00:00+09:00,5746.483009839965,5805.725102724913,5687.240916955017,5706.98828125,95002,0.0,0.0
2023-06-08 00:00:00+09:00,5706.988328313253,5746.483057228916,5647.746234939759,5736.609375,72859,0.0,0.0
2023-06-09 00:00:00+09:00,5736.609033203125,5776.103759765625,5697.114306640626,5726.7353515625,71812,0.0,0.0
2023-06-12 00:00:00+09:00,5785.977981279481,5785.977981279481,5677.367473098467,5756.35693359375,82770,0.0,0.0
2023-06-13 00:00:00+09:00,5756.356347148505,5795.851073372509,5687.240576256499,5697.1142578125,95863,0.0,0.0
2023-06-14 00:00:00+09:00,5706.9883886026155,5716.862070935837,5539.135788937832,5568.7568359375,110550,0.0,0.0
2023-06-15 00:00:00+09:00,5608.251612103174,5627.998976934524,5460.146375868056,5598.3779296875,56808,0.0,0.0
2023-06-16 00:00:00+09:00,5598.377914714651,5904.462068781942,5598.377914714651,5795.8515625,438838,0.0,0.0
2023-06-19 00:00:00+09:00,5795.851028139228,6042.69306511279,5726.73525778663,5963.70361328125,409511,0.0,0.0
2023-06-20 00:00:00+09:00,5943.95649487427,5983.451222414963,5805.724948481845,5914.33544921875,159969,0.0,0.0
2023-06-21 00:00:00+09:00,5973.57769401706,5973.57769401706,5776.104051239637,5805.72509765625,114307,0.0,0.0
2023-06-22 00:00:00+09:00,5795.851271555213,5825.4723172360755,5716.86181640625,5716.86181640625,73727,0.0,0.0
2023-06-23 00:00:00+09:00,5776.1041099428085,5815.598838899683,5608.251511876095,5637.87255859375,86983,0.0,0.0
2023-06-26 00:00:00+09:00,5697.1147841631355,5855.093703654661,5697.1147841631355,5825.47265625,96260,0.0,0.0
2023-06-27 00:00:00+09:00,5894.588236906091,5894.588236906091,5746.483004823023,5805.72509765625,91963,0.0,0.0
2023-06-28 00:00:00+09:00,5815.598534826887,5934.082715502476,5795.851171380955,5855.09326171875,135698,0.0,0.0
2023-06-29 00:00:00+09:00,5855.0935134623705,5855.0935134623705,5697.114599102509,5706.98828125,78817,0.0,0.0
2023-06-30 00:00:00+09:00,5667.493736758475,5825.47265625,5637.872689353814,5825.47265625,56607,0.0,0.0
2023-07-03 00:00:00+09:00,5884.714751059322,5884.714751059322,5795.851608845339,5825.47265625,58171,0.0,0.0
2023-07-04 00:00:00+09:00,5825.47236262141,5855.093408533045,5746.4829068570525,5845.2197265625,58502,0.0,0.0
2023-07-05 00:00:00+09:00,5864.967441774764,5864.967441774764,5716.862203346109,5756.35693359375,76336,0.0,0.0
2023-07-06 00:00:00+09:00,5795.851634870257,5795.851634870257,5509.514842006139,5529.26220703125,89465,0.0,0.0
2023-07-07 00:00:00+09:00,5499.641059604943,5588.504200603945,5489.76737727172,5568.7568359375,55888,0.0,0.0
2023-07-10 00:00:00+09:00,5549.009366890138,5766.230374134948,5549.009366890138,5706.98828125,72110,0.0,0.0
2023-07-11 00:00:00+09:00,5657.619580078125,5785.97744140625,5657.619580078125,5726.7353515625,36550,0.0,0.0
2023-07-12 00:00:00+09:00,5726.7353515625,5805.7248046875,5687.240625,5726.7353515625,56808,0.0,0.0
2023-07-13 00:00:00+09:00,5756.356396484375,5766.230078125001,5677.366943359375,5726.7353515625,44590,0.0,0.0
2023-07-14 00:00:00+09:00,5756.356546572935,5776.103910369068,5588.5039543058,5618.125,72478,0.0,0.0
2023-07-17 00:00:00+09:00,5706.9881370826015,5706.9881370826015,5618.125,5618.125,39449,0.0,0.0
2023-07-18 00:00:00+09:00,5529.261768196203,5697.114357587873,5430.5249509069845,5460.14599609375,75718,0.0,0.0
2023-07-19 00:00:00+09:00,5460.146248402649,5479.893612773002,5292.293651254647,5312.041015625,117911,0.0,0.0
2023-07-20 00:00:00+09:00,5312.040868868854,5361.409278430832,5262.672459306876,5321.91455078125,34602,0.0,0.0
2023-07-21 00:00:00+09:00,5321.9142556055795,5381.156343794139,5242.9248046875,5242.9248046875,54624,0.0,0.0
2023-07-24 00:00:00+09:00,5242.925354716379,5272.546401918166,5005.956977102079,5075.07275390625,97225,0.0,0.0
2023-07-25 00:00:00+09:00,5015.830613227739,5163.935847870291,5015.830613227739,5045.45166015625,56495,0.0,0.0
2023-07-26 00:00:00+09:00,5084.946519383844,5104.693884507665,4546.830819759729,4709.74658203125,199934,0.0,0.0
2023-07-27 00:00:00+09:00,4675.188541099674,4847.977980316662,4675.188541099674,4818.35693359375,55212,0.0,0.0
2023-07-28 00:00:00+09:00,4793.672888293788,4996.083381002382,4759.114999294759,4922.03076171875,36745,0.0,0.0
2023-07-31 00:00:00+09:00,4976.335929900291,5094.820118707442,4926.967517897313,5075.07275390625,33253,0.0,0.0
2023-08-01 00:00:00+09:00,5075.072653987693,5193.5568404621135,4956.588467513272,5114.5673828125,38685,0.0,0.0
2023-08-02 00:00:00+09:00,5114.567483508633,5144.18853071042,5025.704341903271,5075.07275390625,31265,0.0,0.0
2023-08-03 00:00:00+09:00,5075.072958482584,5104.694006878396,4922.030875104218,4996.08349609375,37557,0.0,0.0
2023-08-04 00:00:00+09:00,4946.715082100729,5075.072958482584,4936.841399302124,4996.08349609375,22784,0.0,0.0
2023-08-07 00:00:00+09:00,5025.703709003713,5025.703709003713,4897.345853960396,4986.208984375,24568,0.0,0.0
2023-08-08 00:00:00+09:00,5015.830861690958,5637.872878003026,4986.209813295146,4996.08349609375,1349082,0.0,0.0
2023-08-09 00:00:00+09:00,5005.95703125,5025.704396264793,4936.841253698225,5005.95703125,84101,0.0,0.0
2023-08-10 00:00:00+09:00,4976.335546875001,5065.198681640625,4926.967138671876,5035.57763671875,87063,0.0,0.0
2023-08-11 00:00:00+09:00,4996.083585739136,5124.441464424133,4966.462536811829,5055.32568359375,67468,0.0,0.0
2023-08-14 00:00:00+09:00,5134.315055274209,5134.315055274209,4966.462447697937,4996.08349609375,35446,0.0,0.0
2023-08-16 00:00:00+09:00,4976.335546875001,4986.209228515625,4857.8513671875,4936.8408203125,79858,0.0,0.0
2023-08-17 00:00:00+09:00,4867.725268332067,4902.283155632598,4788.735811645137,4872.662109375,53535,0.0,0.0
2023-08-18 00:00:00+09:00,4788.736124096729,4882.5361100326445,4768.988758636537,4867.7255859375,30890,0.0,0.0
2023-08-21 00:00:00+09:00,4867.725507577419,4931.9044442899,4838.104459863966,4922.03076171875,42036,0.0,0.0
2023-08-22 00:00:00+09:00,4912.156517862791,4931.903880748671,4833.167066319269,4877.5986328125,34490,0.0,0.0
2023-08-23 00:00:00+09:00,4823.293890621058,4907.220191686113,4818.357049381938,4892.40966796875,26611,0.0,0.0
2023-08-24 00:00:00+09:00,4862.788474398917,4917.093726397281,4862.788474398917,4902.283203125,31042,0.0,0.0
2023-08-25 00:00:00+09:00,4902.283080320798,4931.904126123341,4867.725193551165,4926.96728515625,23047,0.0,0.0
2023-08-28 00:00:00+09:00,4931.904027980554,5005.956641013296,4907.219823636307,4966.4619140625,36494,0.0,0.0
2023-08-29 00:00:00+09:00,4976.335252739043,5015.829976967131,4946.714209567978,4956.587890625,28891,0.0,0.0
2023-08-30 00:00:00+09:00,4986.209666235207,5045.451761279585,4936.841253698225,5005.95703125,53746,0.0,0.0
2023-08-31 00:00:00+09:00,5015.830322750994,5025.704004488693,4926.967187111705,4966.4619140625,42366,0.0,0.0
2023-09-01 00:00:00+09:00,4976.335831925676,5154.062111637307,4956.588467513272,5114.5673828125,146421,0.0,0.0
2023-09-04 00:00:00+09:00,5134.314453125,5282.419677734375,5045.451318359375,5233.05126953125,98957,0.0,0.0
2023-09-05 00:00:00+09:00,5183.682958798717,5223.17768610385,5104.693504188451,5193.556640625,62295,0.0,0.0
2023-09-06 00:00:00+09:00,5193.5563950785745,5262.672164594829,5144.18798828125,5144.18798828125,72821,0.0,0.0
2023-09-07 00:00:00+09:00,5144.188329703963,5242.925149851832,5114.567283659602,5154.06201171875,83168,0.0,0.0
2023-09-08 00:00:00+09:00,5144.188134765625,5312.04072265625,5114.56708984375,5233.05126953125,112764,0.0,0.0
2023-09-11 00:00:00+09:00,5272.546141219272,5776.103918751449,5233.051413569689,5321.91455078125,1059732,0.0,0.0
2023-09-12 00:00:00+09:00,5400.903706523659,5549.008926995057,5223.177441957981,5242.9248046875,172470,0.0,0.0
2023-09-13 00:00:00+09:00,5242.925251493122,5262.672615905526,5084.946336193894,5114.5673828125,92851,0.0,0.0
2023-09-14 00:00:00+09:00,5104.69326284339,5233.051120516435,5094.819581483925,5144.18798828125,44024,0.0,0.0
2023-09-15 00:00:00+09:00,5163.935777650263,5746.483025989393,5163.935777650263,5410.77783203125,2522442,0.0,0.0
2023-09-18 00:00:00+09:00,5391.030622599511,5499.641129648219,5302.16748046875,5302.16748046875,251943,0.0,0.0
2023-09-19 00:00:00+09:00,5302.167281572534,5450.272512901376,5223.177824863818,5381.15673828125,119975,0.0,0.0
2023-09-20 00:00:00+09:00,5351.535299699859,5361.408981064619,5183.682716498941,5242.9248046875,84619,0.0,0.0
2023-09-21 00:00:00+09:00,5154.062063865291,5252.7988850121355,5084.9462890625,5084.9462890625,92749,0.0,0.0
2023-09-22 00:00:00+09:00,4986.208984375,5084.945795946782,4946.714259746287,4986.208984375,55495,0.0,0.0
2023-09-25 00:00:00+09:00,4996.082614853088,5104.693106480328,4956.587890625,4956.587890625,63495,0.0,0.0
2023-09-26 00:00:00+09:00,4956.588455123363,5035.577912575529,4902.283203125,4902.283203125,63242,0.0,0.0
2023-09-27 00:00:00+09:00,4847.978254114686,4996.08349609375,4847.978254114686,4996.08349609375,28217,0.0,0.0
2023-10-04 00:00:00+09:00,5015.8307318403495,5015.8307318403495,4808.4833984375,4808.4833984375,59335,0.0,0.0
2023-10-05 00:00:00+09:00,4813.4198490877325,4857.851416925466,4768.98828125,4768.98828125,43700,0.0,0.0
2023-10-06 00:00:00+09:00,4739.367665816327,4852.915016143176,4739.367665816327,4838.1044921875,24310,0.0,0.0
2023-10-10 00:00:00+09:00,4793.672485604296,4872.661939538043,4744.3040768957035,4768.98828125,37371,0.0,0.0
2023-10-11 00:00:00+09:00,4768.988256413721,4862.788232471547,4768.988256413721,4852.91455078125,20854,0.0,0.0
2023-10-12 00:00:00+09:00,4862.788744572452,4946.715047778271,4838.104537747211,4867.7255859375,47800,0.0,0.0
2023-10-13 00:00:00+09:00,4867.725123355263,4867.725123355263,4768.988305437307,4783.798828125,36519,0.0,0.0
2023-10-16 00:00:00+09:00,4788.735768202068,4788.735768202068,4699.872630235432,4744.30419921875,35184,0.0,0.0
2023-10-17 00:00:00+09:00,4749.2412109375,4808.483305044829,4744.304369761889,4749.2412109375,15056,0.0,0.0
2023-10-18 00:00:00+09:00,4739.3671875,4764.0513916015625,4704.809301757813,4739.3671875,26638,0.0,0.0
2023-10-19 00:00:00+09:00,4719.620264593161,4719.620264593161,4561.641343602594,4709.74658203125,74076,0.0,0.0
2023-10-20 00:00:00+09:00,4714.683234101983,4719.620075184812,4571.514842699933,4591.26220703125,49824,0.0,0.0
2023-10-23 00:00:00+09:00,4512.272485431434,4620.882982892585,4512.272485431434,4527.0830078125,32239,0.0,0.0
2023-10-24 00:00:00+09:00,4541.893763734488,4986.209458012861,4477.714830116501,4773.92529296875,293598,0.0,0.0
2023-10-25 00:00:00+09:00,4729.493877108135,4778.862289186508,4655.441258990575,4665.31494140625,52771,0.0,0.0
2023-10-26 00:00:00+09:00,4611.009600903614,4640.630647590361,4448.093844126506,4507.3359375,52485,0.0,0.0
2023-10-27 00:00:00+09:00,4497.461545426324,4532.019427773179,4467.8405034147345,4472.77734375,47089,0.0,0.0
2023-10-30 00:00:00+09:00,4403.662204438606,4502.399025165929,4324.672747856747,4462.904296875,89122,0.0,0.0
2023-10-31 00:00:00+09:00,4487.588657924107,4507.336022755456,4344.420262896825,4354.2939453125,38626,0.0,0.0
2023-11-01 00:00:00+09:00,4369.1041747495765,4413.535742628386,4364.167333874154,4374.041015625,13014,0.0,0.0
2023-11-02 00:00:00+09:00,4408.5984193915565,4482.651024420529,4403.661579056291,4472.77734375,15825,0.0,0.0
2023-11-03 00:00:00+09:00,4497.462355943543,4541.893926968232,4457.967626143819,4467.84130859375,41967,0.0,0.0
2023-11-06 00:00:00+09:00,4472.778021043347,4601.1358891969085,4472.778021043347,4591.26220703125,31595,0.0,0.0
2023-11-07 00:00:00+09:00,4591.261938130453,4606.072460511518,4497.4619630503685,4527.0830078125,26506,0.0,0.0
2023-11-08 00:00:00+09:00,4532.020071384126,4581.388481747787,4457.967455838633,4462.904296875,33163,0.0,0.0
2023-11-09 00:00:00+09:00,4467.84130859375,4482.651832268646,4413.53605511913,4467.84130859375,34927,0.0,0.0
2023-11-10 00:00:00+09:00,4448.093802296188,4457.967484432251,4369.104345207687,4378.97802734375,20426,0.0,0.0
2023-11-13 00:00:00+09:00,4383.914648437501,4438.219897460937,4344.419921875,4344.419921875,28460,0.0,0.0
2023-11-14 00:00:00+09:00,4344.419897923634,4433.283032199345,4344.419897923634,4428.34619140625,31035,0.0,0.0
2023-11-15 00:00:00+09:00,4457.967549553084,4527.083325515147,4428.3465027122,4522.146484375,20522,0.0,0.0
2023-11-16 00:00:00+09:00,4541.89384893559,4551.767531215884,4507.335960954558,4522.146484375,31836,0.0,0.0
2023-11-17 00:00:00+09:00,4522.14641331312,4522.14641331312,4443.156956312017,4477.71484375,18131,0.0,0.0
2023-11-20 00:00:00+09:00,4472.777759081925,4556.704052574632,4467.840918288236,4527.0830078125,14356,0.0,0.0
2023-11-21 00:00:00+09:00,4482.6516333299405,4576.45161244147,4482.6516333299405,4546.83056640625,26638,0.0,0.0
2023-11-22 00:00:00+09:00,4551.7672607157365,4571.51462410279,4522.146215635157,4556.7041015625,41782,0.0,0.0
2023-11-23 00:00:00+09:00,4739.3671875,4739.3671875,4576.451440429688,4640.63037109375,108784,0.0,0.0
2023-11-24 00:00:00+09:00,4630.756935693885,4630.756935693885,4586.325365948421,4591.26220703125,11810,0.0,0.0
2023-11-27 00:00:00+09:00,4591.261914271614,4635.69348118392,4566.577710431444,4611.00927734375,33642,0.0,0.0
2023-11-28 00:00:00+09:00,4586.325660919782,4650.504599124258,4571.51513671875,4571.51513671875,23934,0.0,0.0
2023-11-29 00:00:00+09:00,4566.578295318405,4615.946709321848,4566.578295318405,4571.51513671875,11986,0.0,0.0
2023-11-30 00:00:00+09:00,4561.640990816739,4615.946240707414,4561.640990816739,4586.3251953125,16713,0.0,0.0
2023-12-01 00:00:00+09:00,4591.262547570748,4606.073071917751,4576.4520232237455,4601.13623046875,16362,0.0,0.0
2023-12-04 00:00:00+09:00,4576.451588350184,4601.135793249591,4532.02001953125,4532.02001953125,18141,0.0,0.0
2023-12-05 00:00:00+09:00,4507.335866202296,4532.020071384126,4462.904296875,4462.904296875,21975,0.0,0.0
2023-12-06 00:00:00+09:00,4408.598924492058,4502.398901608911,4374.04103818585,4487.58837890625,13953,0.0,0.0
2023-12-07 00:00:00+09:00,4487.588925563024,4487.588925563024,4413.536303028981,4418.47314453125,11021,0.0,0.0
2023-12-08 00:00:00+09:00,4418.472727547704,4487.58850205683,4418.472727547704,4462.904296875,7953,0.0,0.0
2023-12-11 00:00:00+09:00,4497.462379220299,4532.020267973912,4462.904490466685,4482.65185546875,12721,0.0,0.0
2023-12-12 00:00:00+09:00,4507.335866202296,4507.335866202296,4457.967455838633,4462.904296875,7914,0.0,0.0
2023-12-13 00:00:00+09:00,4482.651785403921,4482.651785403921,4408.599167803636,4438.22021484375,18284,0.0,0.0
2023-12-14 00:00:00+09:00,4438.219897460937,4502.398828125,4428.346215820313,4443.15673828125,33936,0.0,0.0
2023-12-15 00:00:00+09:00,4443.156592121674,4492.524998700804,4443.156592121674,4453.0302734375,25956,0.0,0.0
2023-12-18 00:00:00+09:00,4453.030853605374,4517.209790519864,4453.030853605374,4512.27294921875,30835,0.0,0.0
2023-12-19 00:00:00+09:00,4472.7778802169,4527.083130418208,4467.8410392895075,4502.39892578125,20289,0.0,0.0
2023-12-20 00:00:00+09:00,4492.5254141566265,4536.956984186747,4487.588573042169,4507.3359375,30460,0.0,0.0
2023-12-21 00:00:00+09:00,4487.588450712316,4546.830542470895,4477.714768752553,4532.02001953125,30780,0.0,0.0
2023-12-22 00:00:00+09:00,4532.020291275041,4532.020291275041,4492.525561067851,4497.46240234375,15360,0.0,0.0
2023-12-26 00:00:00+09:00,4492.525561067851,4497.46240234375,4472.778195964256,4497.46240234375,17048,0.0,0.0
2023-12-27 00:00:00+09:00,4517.362275616731,4537.262549958655,4492.486932689326,4512.38720703125,16833,35.0,0.0
2023-12-28 00:00:00+09:00,4507.412683065182,4537.263098184819,4487.512406318757,4522.337890625,27009,0.0,0.0
2024-01-02 00:00:00+09:00,4522.337546584382,4572.088234665618,4512.387408968134,4547.212890625,23854,0.0,0.0
2024-01-03 00:00:00+09:00,4542.237907983745,4567.113252496251,4502.437356763734,4562.13818359375,20710,0.0,0.0
2024-01-04 00:00:00+09:00,4547.212774725274,4547.212774725274,4502.437156593406,4527.3125,17540,0.0,0.0
2024-01-05 00:00:00+09:00,4527.312615392505,4557.163028241247,4492.48713373564,4547.212890625,12848,0.0,0.0
2024-01-08 00:00:00+09:00,4552.187930521803,4562.138068074856,4487.512036426958,4542.23779296875,24977,0.0,0.0
2024-01-09 00:00:00+09:00,4542.23779296875,4552.187930521803,4532.2876554156965,4542.23779296875,21095,0.0,0.0
2024-01-10 00:00:00+09:00,4542.237795593918,4626.81396484375,4537.262726814516,4626.81396484375,52004,0.0,0.0
2024-01-11 00:00:00+09:00,4621.839270045896,4626.814339227862,4587.013785772138,4606.9140625,22055,0.0,0.0
2024-01-12 00:00:00+09:00,4616.864286194833,4636.7645632905005,4582.038801277416,4621.83935546875,45554,0.0,0.0
2024-01-15 00:00:00+09:00,4631.789234466715,4636.764303461847,4606.913889491062,4661.6396484375,3779,0.0,0.0
2024-01-16 00:00:00+09:00,4621.83935546875,4676.565117481836,4621.83935546875,4621.83935546875,39363,0.0,0.0
2024-01-17 00:00:00+09:00,4626.813808659512,4636.763945882436,4432.7861328125,4432.7861328125,74514,0.0,0.0
2024-01-18 00:00:00+09:00,4388.010771484375,4517.362562934028,4388.010771484375,4477.56201171875,41828,0.0,0.0
2024-01-19 00:00:00+09:00,4472.58694281684,4527.312700737847,4447.711598307292,4477.56201171875,22839,0.0,0.0
2024-01-22 00:00:00+09:00,4502.437181579453,4502.437181579453,4378.060463856264,4447.71142578125,32077,0.0,0.0
2024-01-23 00:00:00+09:00,4472.5869140625,4482.53705180235,4392.985812143702,4472.5869140625,17328,0.0,0.0
2024-01-24 00:00:00+09:00,4477.561896187918,4477.561896187918,4417.861070905413,4457.66162109375,24556,0.0,0.0
2024-01-25 00:00:00+09:00,4457.661678730512,4497.462229433463,4417.861128027561,4467.61181640625,19849,0.0,0.0
2024-01-26 00:00:00+09:00,4467.611873914931,4552.188045247396,4457.661736111111,4477.56201171875,20963,0.0,0.0
2024-01-29 00:00:00+09:00,4502.437181579453,4527.312525124091,4447.71142578125,4447.71142578125,20797,0.0,0.0
2024-01-30 00:00:00+09:00,4447.71176854822,4537.263012210265,4447.71176854822,4507.41259765625,16149,0.0,0.0
2024-01-31 00:00:00+09:00,4507.4121384457685,4547.212687129617,4472.586658347402,4512.38720703125,30375,0.0,0.0
2024-02-01 00:00:00+09:00,4502.437356228299,4517.362562934028,4412.886115993923,4477.56201171875,21643,0.0,0.0
2024-02-02 00:00:00+09:00,4477.561898873904,4547.212861745276,4462.636692544324,4542.23779296875,23266,0.0,0.0
2024-02-05 00:00:00+09:00,4552.18790154708,4552.18790154708,4527.312557822779,4537.2626953125,14548,0.0,0.0
2024-02-06 00:00:00+09:00,4547.213236558031,4562.13844411785,4487.512406318757,4522.337890625,8704,0.0,0.0
2024-02-07 00:00:00+09:00,4522.337631835938,4532.287769639757,4447.711598307292,4477.56201171875,26751,0.0,0.0
2024-02-08 00:00:00+09:00,4477.562097695183,4497.462373684939,4457.6618217054265,4492.4873046875,19034,0.0,0.0
2024-02-13 00:00:00+09:00,4537.262791646518,5462.625597837585,4522.33758509505,5144.22119140625,9420707,0.0,0.0
2024-02-14 00:00:00+09:00,5014.869256422925,5074.57008090415,4935.268157114625,5034.76953125,699257,0.0,0.0
2024-02-15 00:00:00+09:00,4985.018983858406,4994.969121550737,4840.7419873195895,4890.49267578125,311720,0.0,0.0
2024-02-16 00:00:00+09:00,4865.617331550419,4965.118708473741,4820.841711934925,4890.49267578125,265440,0.0,0.0
2024-02-19 00:00:00+09:00,4830.791934742647,4965.118795955882,4825.816865808823,4905.41796875,157416,0.0,0.0
2024-02-20 00:00:00+09:00,4835.766746497569,4900.442639197639,4825.8166091590965,4860.64208984375,95830,0.0,0.0
2024-02-21 00:00:00+09:00,4880.542822708176,4955.168859752644,4870.592684435581,4940.24365234375,184761,0.0,0.0
2024-02-22 00:00:00+09:00,4875.567243022303,4945.218203636908,4875.567243022303,4935.26806640625,102032,0.0,0.0
2024-02-23 00:00:00+09:00,4965.118281016093,5024.819102030314,4885.517186330464,4985.0185546875,197090,0.0,0.0
2024-02-26 00:00:00+09:00,5024.819534627733,5034.769672320066,4890.49267578125,4890.49267578125,146509,0.0,0.0
2024-02-27 00:00:00+09:00,4830.7917066078735,4945.218286682004,4761.14074482362,4865.6171875,161859,0.0,0.0
2024-02-28 00:00:00+09:00,4860.642546162985,4945.218721480048,4815.866923936304,4940.24365234375,133596,0.0,0.0
2024-02-29 00:00:00+09:00,4925.318359375,4994.969326073232,4875.567668876262,4925.318359375,97865,0.0,0.0
2024-03-04 00:00:00+09:00,4940.243247354603,4965.118590996872,4870.59228515625,4870.59228515625,77571,0.0,0.0
2024-03-05 00:00:00+09:00,4915.367874488753,4915.367874488753,4835.766775306749,4865.6171875,67489,0.0,0.0
2024-03-06 00:00:00+09:00,4815.866670436918,4875.567496929938,4771.091050567154,4810.8916015625,60994,0.0,0.0
2024-03-07 00:00:00+09:00,4781.041360895006,4805.9167061650105,4701.440256030988,4756.166015625,113487,0.0,0.0
2024-03-08 00:00:00+09:00,4795.966682942709,4825.817097981771,4721.3406453450525,4776.06640625,66896,0.0,0.0
2024-03-11 00:00:00+09:00,4751.190689530115,4805.916446163446,4726.3153456058735,4795.96630859375,32319,0.0,0.0
2024-03-12 00:00:00+09:00,4800.94102619075,4815.866231453519,4721.339931455981,4736.26513671875,64553,0.0,0.0
2024-03-13 00:00:00+09:00,4736.265513620163,5064.620055530804,4696.46496308554,4885.517578125,488585,0.0,0.0
2024-03-14 00:00:00+09:00,4880.542218243634,4885.51728676376,4736.2652311599795,4835.7666015625,93763,0.0,0.0
2024-03-15 00:00:00+09:00,5004.919085803886,5074.570047236544,4875.567300286092,4945.21826171875,455060,0.0,0.0
2024-03-18 00:00:00+09:00,4950.193560140387,5024.819593710343,4800.941493000476,4900.44287109375,171575,0.0,0.0
2024-03-19 00:00:00+09:00,5004.919021434294,5064.619844751603,4840.741757311698,4850.69189453125,114825,0.0,0.0
2024-03-20 00:00:00+09:00,4850.692096407205,4925.318128659624,4825.816752323065,4885.517578125,49581,0.0,0.0
2024-03-21 00:00:00+09:00,4890.492876025884,4940.243566524621,4845.71725457702,4925.318359375,80741,0.0,0.0
2024-03-22 00:00:00+09:00,4880.542509308172,4945.218403926935,4835.766889956721,4885.517578125,51720,0.0,0.0
2024-03-25 00:00:00+09:00,4855.666963141025,4900.442580629006,4830.791620092147,4850.69189453125,47488,0.0,0.0
2024-03-26 00:00:00+09:00,4850.692125011921,5014.869396935402,4840.7419873195895,4890.49267578125,63140,0.0,0.0
2024-03-27 00:00:00+09:00,4890.492586034852,4890.492586034852,4776.066004672897,4790.9912109375,77158,0.0,0.0
2024-03-28 00:00:00+09:00,4795.966682942709,4820.842028808594,4731.290783691406,4776.06640625,72282,0.0,0.0
2024-03-29 00:00:00+09:00,4776.066234276729,4810.8917172349975,4731.290613330385,4746.2158203125,39441,0.0,0.0
2024-04-01 00:00:00+09:00,4731.290385879089,4835.7668297313085,4731.290385879089,4790.9912109375,48000,0.0,0.0
2024-04-02 00:00:00+09:00,4790.991178385417,4810.891453269676,4621.838841869213,4701.43994140625,130453,0.0,0.0
2024-04-03 00:00:00+09:00,4666.614460358796,4701.43994140625,4577.06322337963,4701.43994140625,69124,0.0,0.0
2024-04-04 00:00:00+09:00,4701.440376957344,4716.36558450324,4577.0636474082075,4606.9140625,48598,0.0,0.0
2024-04-05 00:00:00+09:00,4582.0380859375,4631.788770909678,4532.287400965323,4582.0380859375,48097,0.0,0.0
2024-04-08 00:00:00+09:00,4582.038546641404,4681.539926590186,4462.6368907028655,4492.4873046875,86827,0.0,0.0
2024-04-09 00:00:00+09:00,4492.4873931163875,4542.238084070057,4422.83642578125,4422.83642578125,48671,0.0,0.0
2024-04-11 00:00:00+09:00,4422.836253797743,4477.56201171875,4388.010771484375,4477.56201171875,40289,0.0,0.0
2024-04-12 00:00:00+09:00,4472.586513476996,4527.312266144679,4447.711171355321,4487.51171875,21997,0.0,0.0
2024-04-15 00:00:00+09:00,4437.7611138971,4482.536730517138,4378.06029173705,4417.86083984375,44235,0.0,0.0
2024-04-16 00:00:00+09:00,4378.06037256865,4422.835990015375,4333.284755121925,4348.2099609375,58171,0.0,0.0
2024-04-17 00:00:00+09:00,4328.309710309222,4373.085328002076,4268.60888671875,4268.60888671875,64786,0.0,0.0
2024-04-18 00:00:00+09:00,4258.658811110319,4363.13525390625,4248.708673701183,4363.13525390625,25556,0.0,0.0
2024-04-19 00:00:00+09:00,4383.035613412515,4383.035613412515,4198.958067786791,4293.484375,50697,0.0,0.0
2024-04-22 00:00:00+09:00,4253.6835645903475,4323.334523542704,4238.758359100557,4248.70849609375,25261,0.0,0.0
2024-04-23 00:00:00+09:00,4278.559283088235,4288.509420955882,4208.908318014705,4228.80859375,24425,0.0,0.0
2024-04-24 00:00:00+09:00,4238.7585643863895,4487.512001263525,4238.7585643863895,4368.1103515625,30942,0.0,0.0
2024-04-25 00:00:00+09:00,4368.110580823222,4407.9111328125,4328.310028833945,4407.9111328125,22412,0.0,0.0
2024-04-26 00:00:00+09:00,4388.010515309344,4432.7861328125,4343.234897806187,4432.7861328125,32002,0.0,0.0
2024-04-29 00:00:00+09:00,4432.786420036765,4492.487247242647,4392.985868566177,4482.537109375,29191,0.0,0.0
2024-04-30 00:00:00+09:00,4482.537166692622,4502.437442682379,4442.73661471311,4492.4873046875,18483,0.0,0.0
2024-05-02 00:00:00+09:00,4457.6618217054265,4512.387580677257,4427.811407720792,4492.4873046875,28501,0.0,0.0
2024-05-03 00:00:00+09:00,4492.4873046875,4502.437442682379,4412.886200728475,4492.4873046875,19204,0.0,0.0
2024-05-07 00:00:00+09:00,4522.337285803695,4522.337285803695,4477.561669112569,4502.43701171875,14091,0.0,0.0
2024-05-08 00:00:00+09:00,4502.437098835008,4517.3623046875,4457.661481277533,4517.3623046875,14624,0.0,0.0
2024-05-09 00:00:00+09:00,4522.337344202212,4542.237618544136,4482.536795518364,4512.38720703125,6823,0.0,0.0
2024-05-10 00:00:00+09:00,4507.412454044118,4532.287798713235,4457.661764705882,4482.537109375,11604,0.0,0.0
2024-05-13 00:00:00+09:00,4482.5371969023045,4497.462403995209,4328.310056942291,4412.88623046875,32240,0.0,0.0
2024-05-14 00:00:00+09:00,4383.0353602503865,4437.7611138971,4373.085223223712,4417.86083984375,15834,0.0,0.0
2024-05-16 00:00:00+09:00,4363.135540159068,4437.761575623591,4343.2352640351955,4412.88623046875,34161,0.0,0.0
2024-05-17 00:00:00+09:00,4358.1603575346835,4412.886115448931,4348.210219732093,4392.98583984375,30503,0.0,0.0
2024-05-20 00:00:00+09:00,4378.061006825938,4407.91142278157,4343.235521544369,4373.0859375,16877,0.0,0.0
2024-05-21 00:00:00+09:00,4353.185231515146,4388.010713367267,4303.434543154974,4383.03564453125,62291,0.0,0.0
2024-05-22 00:00:00+09:00,4358.1604428259025,4417.861270809819,4353.185373827243,4407.9111328125,26476,0.0,0.0
2024-05-23 00:00:00+09:00,4368.110697218643,4407.911250268471,4343.2353515625,4343.2353515625,22469,0.0,0.0
2024-05-24 00:00:00+09:00,4358.159922235023,4358.159922235023,4283.533896169355,4318.359375,30886,0.0,0.0
2024-05-27 00:00:00+09:00,4293.484206280392,4378.06037256865,4288.509137675201,4348.2099609375,46013,0.0,0.0
2024-05-28 00:00:00+09:00,4348.209989955357,4373.085333147322,4323.334646763393,4353.18505859375,26381,0.0,0.0
2024-05-29 00:00:00+09:00,4373.0851274481565,4373.0851274481565,4293.484032978111,4318.359375,28454,0.0,0.0
2024-05-30 00:00:00+09:00,4338.260198380715,4338.260198380715,4208.9084034748685,4243.73388671875,45556,0.0,0.0
2024-05-31 00:00:00+09:00,4223.83318256579,4268.608799342105,4218.858114035088,4253.68359375,14658,0.0,0.0
2024-06-03 00:00:00+09:00,4238.758866670116,4845.7172959350855,4233.78379757778,4507.41259765625,1669579,0.0,0.0
2024-06-04 00:00:00+09:00,4577.063038515947,5273.57263133359,4507.412079234182,4835.7666015625,5403183,0.0,0.0
2024-06-05 00:00:00+09:00,4771.090989191729,5323.323627148227,4562.1380991541355,4631.7890625,3126175,0.0,0.0
2024-06-07 00:00:00+09:00,4577.0630437677555,6019.832916259766,4572.087975241921,5253.67236328125,16719037,0.0,0.0
2024-06-10 00:00:00+09:00,5572.077298677885,5582.027436711238,4975.069016676683,5174.07177734375,2355679,0.0,0.0
2024-06-11 00:00:00+09:00,5044.719762290397,5830.780632548664,4985.018936701161,5303.42333984375,9036563,0.0,0.0
2024-06-12 00:00:00+09:00,5174.071632490177,5492.476040643419,5044.719841677922,5064.6201171875,1845591,0.0,0.0
2024-06-13 00:00:00+09:00,5024.819536132813,5273.5729785156245,4970.093778808594,4975.06884765625,888649,0.0,0.0
2024-06-14 00:00:00+09:00,4975.068787429918,5004.919200154498,4825.816723807021,4880.54248046875,643458,0.0,0.0
2024-06-17 00:00:00+09:00,5024.819500758175,5094.470464135021,4691.489890311841,4716.365234375,960744,0.0,0.0
2024-06-18 00:00:00+09:00,4716.365208036177,4920.3430282149575,4666.614520187694,4795.96630859375,536922,0.0,0.0
2024-06-19 00:00:00+09:00,4736.265408843874,5472.575577445652,4736.265408843874,5034.76953125,6979010,0.0,0.0
2024-06-20 00:00:00+09:00,5064.620377281869,5373.07466352104,4970.094063756962,5024.81982421875,1869918,0.0,0.0
2024-06-21 00:00:00+09:00,4930.293459537827,5084.520601057174,4845.71728515625,4845.71728515625,520609,0.0,0.0
2024-06-24 00:00:00+09:00,4795.966046302356,4855.666868455497,4676.564401996073,4751.1904296875,320281,0.0,0.0
2024-06-25 00:00:00+09:00,4751.1906869761415,4800.9413747978815,4651.689311332662,4711.39013671875,210398,0.0,0.0
2024-06-26 00:00:00+09:00,4666.614602173768,4786.016255107851,4616.863913451233,4641.7392578125,253638,0.0,0.0
2024-06-27 00:00:00+09:00,4641.73922739498,4661.639502753586,4547.212919441598,4552.18798828125,160244,0.0,0.0
2024-06-28 00:00:00+09:00,4547.212861745276,4601.9386182870685,4537.262724192223,4542.23779296875,122075,0.0,0.0
2024-07-01 00:00:00+09:00,4542.237566834158,4666.614280055246,4542.237566834158,4587.01318359375,116661,0.0,0.0
2024-07-02 00:00:00+09:00,4596.963224085366,4656.664045177384,4412.885692384978,4487.51171875,170699,0.0,0.0
2024-07-03 00:00:00+09:00,4487.512004626396,4557.16296700419,4397.96076728352,4452.6865234375,127567,0.0,0.0
2024-07-04 00:00:00+09:00,4452.686552320208,4522.337515149798,4397.960795811245,4457.66162109375,74613,0.0,0.0
2024-07-05 00:00:00+09:00,4462.636920778432,4492.48733496424,4388.010885313909,4412.88623046875,104022,0.0,0.0
2024-07-08 00:00:00+09:00,4388.010576923077,4537.262637362637,4388.010576923077,4527.3125,79264,0.0,0.0
2024-07-09 00:00:00+09:00,4527.312874025593,4552.188219487272,4472.587114009899,4507.41259765625,48936,0.0,0.0
2024-07-10 00:00:00+09:00,4507.4123961519745,4522.33760276175,4457.661707452726,4472.5869140625,65840,0.0,0.0
2024-07-11 00:00:00+09:00,4512.387580677257,4512.387580677257,4447.711683710549,4492.4873046875,76269,0.0,0.0
2024-07-12 00:00:00+09:00,4462.636660920042,4507.412279591481,4452.6865234375,4452.6865234375,76668,0.0,0.0
2024-07-15 00:00:00+09:00,4452.6867516559105,4596.963752547555,4447.711682659647,4577.0634765625,207208,0.0,0.0
2024-07-16 00:00:00+09:00,4567.1132535242505,5014.869454850158,4537.262840102524,4731.29052734375,1879049,0.0,0.0
2024-07-17 00:00:00+09:00,4746.215962876368,4820.842000028512,4656.664718293796,4771.09130859375,260919,0.0,0.0
2024-07-18 00:00:00+09:00,4731.290751973136,4855.66748046875,4596.963885197874,4855.66748046875,694738,0.0,0.0
2024-07-19 00:00:00+09:00,4776.0663777372265,4835.767207458942,4716.365548015511,4771.09130859375,255644,0.0,0.0
2024-07-22 00:00:00+09:00,4726.3155143099475,5054.670065830428,4726.3155143099475,4994.96923828125,1321094,0.0,0.0
2024-07-23 00:00:00+09:00,4875.567473479811,5392.97463393073,4751.190752217572,5144.22119140625,3533391,0.0,0.0
2024-07-24 00:00:00+09:00,5014.868965194611,5064.619649373129,4875.56704949476,4985.0185546875,622330,0.0,0.0
2024-07-25 00:00:00+09:00,5104.4206345836565,5164.121460719138,4761.140884304638,4805.91650390625,891539,0.0,0.0
2024-07-26 00:00:00+09:00,4781.040749555576,5044.719375701721,4781.040749555576,4985.0185546875,392586,0.0,0.0
2024-07-29 00:00:00+09:00,4994.969295554796,5064.620261827473,4920.343260262643,5004.91943359375,237455,0.0,0.0
2024-07-30 00:00:00+09:00,4970.093835759041,5004.919318091687,4810.891630809803,4900.44287109375,273396,0.0,0.0
2024-07-31 00:00:00+09:00,4890.492820103308,4900.4429580892765,4781.0413022576595,4830.7919921875,200097,0.0,0.0
2024-08-01 00:00:00+09:00,4800.94171993068,4965.11900154489,4800.94171993068,4855.66748046875,170182,0.0,0.0
2024-08-02 00:00:00+09:00,4776.066236413043,4781.041305409307,4487.512234629756,4577.0634765625,348359,0.0,0.0
2024-08-05 00:00:00+09:00,4412.886273954357,4422.836412114345,3542.249184955471,3910.404296875,508601,0.0,0.0
2024-08-06 00:00:00+09:00,3761.1521411132812,4159.157658691406,3761.1521411132812,3980.05517578125,337191,0.0,0.0
2024-08-07 00:00:00+09:00,3980.0549011593343,4293.484224625632,3980.0549011593343,4184.03271484375,318174,0.0,0.0
2024-08-08 00:00:00+09:00,4104.431740365378,4179.057772008385,4034.780777498571,4079.556396484375,135195,0.0,0.0
2024-08-09 00:00:00+09:00,4124.332174119602,4263.6341052116995,4124.332174119602,4233.78369140625,105885,0.0,0.0
2024-08-12 00:00:00+09:00,4233.783549391657,4298.459443800695,4208.908205388181,4293.484375,66114,0.0,0.0
2024-08-13 00:00:00+09:00,4248.708898896508,4293.484519610874,4109.406967785147,4149.20751953125,91743,0.0,0.0
2024-08-14 00:00:00+09:00,4238.758673901828,4243.7337427679095,4149.207434312352,4218.8583984375,52138,0.0,0.0
2024-08-16 00:00:00+09:00,4273.583920433408,4283.5340576171875,4164.13241141183,4179.0576171875,78953,0.0,0.0
2024-08-19 00:00:00+09:00,4149.207229169827,4198.957915370905,4089.506405728535,4099.45654296875,62333,0.0,0.0
2024-08-20 00:00:00+09:00,4109.406606359649,4268.608799342105,4109.406606359649,4253.68359375,90004,0.0,0.0
2024-08-21 00:00:00+09:00,4203.933164808485,4343.235092163086,4184.032889472113,4298.45947265625,136595,0.0,0.0
2024-08-22 00:00:00+09:00,4298.459647876794,4323.334993061267,4149.207576769961,4159.15771484375,62480,0.0,0.0
2024-08-23 00:00:00+09:00,4179.057990991328,4238.758819434061,4144.232507733067,4159.15771484375,40859,0.0,0.0
2024-08-26 00:00:00+09:00,4159.157395833334,4218.85821969697,4079.556297348485,4104.431640625,56335,0.0,0.0
2024-08-27 00:00:00+09:00,4089.5066919120954,4169.107795404301,3990.0053125468376,4149.20751953125,66963,0.0,0.0
2024-08-28 00:00:00+09:00,4129.307113443019,4174.0827327454135,4049.7060124609848,4084.531494140625,51515,0.0,0.0
2024-08-29 00:00:00+09:00,4044.7310287305413,4109.406924638902,3999.9554084862916,4014.880615234375,46293,0.0,0.0
2024-08-30 00:00:00+09:00,4069.6061721857786,4114.381790217163,4024.830554154395,4064.631103515625,24745,0.0,0.0
2024-09-02 00:00:00+09:00,4064.631290140913,4124.332116923888,4034.780876749425,4054.68115234375,21082,0.0,0.0
2024-09-03 00:00:00+09:00,4089.506534036776,4099.456671589177,4054.681052603373,4079.556396484375,32805,0.0,0.0
2024-09-04 00:00:00+09:00,3975.0799760636714,4064.631214573241,3885.528737554102,3915.379150390625,96501,0.0,0.0
2024-09-05 00:00:00+09:00,3960.154826900502,3970.1049646565334,3781.0523472919367,3840.753173828125,71252,0.0,0.0
2024-09-06 00:00:00+09:00,3791.002468896615,3830.803019751173,3671.600816332942,3711.4013671875,50007,0.0,0.0
2024-09-09 00:00:00+09:00,3562.149397314067,3800.952708865848,3537.2740523607563,3771.102294921875,63101,0.0,0.0
2024-09-10 00:00:00+09:00,3711.4014246323527,3820.8529411764707,3701.451286764706,3721.3515625,51405,0.0,0.0
2024-09-11 00:00:00+09:00,3701.4511588887967,3800.9525341277426,3626.825127459587,3741.251708984375,41257,0.0,0.0
2024-09-12 00:00:00+09:00,3746.2268370394577,3835.778076171875,3746.2268370394577,3835.778076171875,21123,0.0,0.0
2024-09-13 00:00:00+09:00,3845.728155922363,3865.6284309853504,3805.9276057963875,3825.827880859375,15696,0.0,0.0
2024-09-19 00:00:00+09:00,3791.0023708343506,3860.6533330281577,3776.0771646499634,3820.852783203125,20824,0.0,0.0
2024-09-20 00:00:00+09:00,3805.9275929808155,3910.4040367097004,3805.9275929808155,3865.62841796875,36321,0.0,0.0
2024-09-23 00:00:00+09:00,3880.5537683823527,3885.5288373161766,3791.0025275735293,3805.927734375,19560,0.0,0.0
2024-09-24 00:00:00+09:00,3805.927807293107,4776.066267975663,3805.927807293107,4497.46240234375,8376385,0.0,0.0
2024-09-25 00:00:00+09:00,4422.836161439865,4492.487124612146,4203.93313432698,4208.908203125,885433,0.0,0.0
2024-09-26 00:00:00+09:00,4139.257438696172,4218.858543286483,4134.282369659278,4159.15771484375,242982,0.0,0.0
2024-09-27 00:00:00+09:00,4129.306786816991,4174.082402577657,4079.556102638473,4154.18212890625,246177,0.0,0.0
2024-09-30 00:00:00+09:00,4109.406895185522,4139.257308467742,4004.9304486977553,4009.905517578125,172919,0.0,0.0
2024-10-02 00:00:00+09:00,3950.2045443787865,4014.880437422772,3900.453857421875,3900.453857421875,125945,0.0,0.0
2024-10-04 00:00:00+09:00,3900.45384509154,3950.2045318911773,3890.503707731613,3940.25439453125,76342,0.0,0.0
2024-10-07 00:00:00+09:00,3935.279330070882,4049.7059098327413,3885.5286432179005,4024.83056640625,85310,0.0,0.0
2024-10-08 00:00:00+09:00,3999.9553357608356,4009.905473411982,3935.279441028384,3960.15478515625,77545,0.0,0.0
2024-10-10 00:00:00+09:00,3970.10498046875,3994.980324957902,3935.279498183936,3970.10498046875,61332,0.0,0.0
2024-10-11 00:00:00+09:00,3985.030129284116,4024.8306798887015,3945.2295786795303,3960.15478515625,123351,0.0,0.0
2024-10-14 00:00:00+09:00,3965.129969493335,3975.080107434347,3895.47900390625,3895.47900390625,53132,0.0,0.0
2024-10-15 00:00:00+09:00,3900.454115108764,3945.229736328125,3845.7283558406566,3945.229736328125,67618,0.0,0.0
2024-10-16 00:00:00+09:00,3905.4289261175663,3960.154681770169,3890.503720030493,3900.453857421875,77387,0.0,0.0
2024-10-17 00:00:00+09:00,3895.478830462717,3930.3043117056786,3820.852799227799,3865.62841796875,76042,0.0,0.0
2024-10-18 00:00:00+09:00,3880.5536372825914,3880.5536372825914,3795.9774682648936,3825.827880859375,91105,0.0,0.0
2024-10-21 00:00:00+09:00,3795.9774968927554,3870.6035289417614,3781.0522904829545,3830.802978515625,35385,0.0,0.0
2024-10-22 00:00:00+09:00,3795.9774065755205,3825.8278186848956,3716.376307617187,3731.301513671875,85203,0.0,0.0
2024-10-23 00:00:00+09:00,3721.351491265335,3795.9775238441853,3696.4761470723847,3751.201904296875,54733,0.0,0.0
2024-10-24 00:00:00+09:00,3716.3765222119073,3776.077349877962,3716.3765222119073,3726.32666015625,34525,0.0,0.0
2024-10-25 00:00:00+09:00,3716.3765812595793,3746.2269955668853,3631.8004073888796,3651.70068359375,66973,0.0,0.0
2024-10-28 00:00:00+09:00,3631.8002521707144,3800.952592682775,3631.8002521707144,3751.201904296875,48293,0.0,0.0
2024-10-29 00:00:00+09:00,3721.351506184469,3810.902745638106,3716.3764373259337,3795.9775390625,29418,0.0,0.0
2024-10-30 00:00:00+09:00,3795.97736999354,4159.157380490956,3786.0272327196385,3850.703125,673928,0.0,0.0
2024-10-31 00:00:00+09:00,3855.6783804621723,3910.4041381203447,3746.2268651458267,3840.753173828125,106928,0.0,0.0
2024-11-01 00:00:00+09:00,3751.201976102941,3815.877872242647,3716.3764935661766,3721.3515625,64833,0.0,0.0
2024-11-04 00:00:00+09:00,3721.3514495729305,3805.927618881406,3651.700486613009,3786.02734375,78634,0.0,0.0
2024-11-05 00:00:00+09:00,3761.151986904665,3825.827880859375,3761.151986904665,3825.827880859375,33723,0.0,0.0
2024-11-06 00:00:00+09:00,3825.827913958042,4054.681079162294,3791.002432296525,3999.955322265625,384662,0.0,0.0
2024-11-07 00:00:00+09:00,3940.254496560168,3970.104909412896,3830.8029827668297,3999.955322265625,126237,0.0,0.0
2024-11-08 00:00:00+09:00,3910.4041962557285,3999.955437391356,3885.528851495832,3935.279541015625,83994,0.0,0.0
2024-11-11 00:00:00+09:00,3980.055161583439,4069.606402719066,3915.3792652077077,3935.279541015625,129447,0.0,0.0
2024-11-12 00:00:00+09:00,3900.453811369509,4129.306968669251,3800.952438630491,3850.703125,407564,0.0,0.0
2024-11-13 00:00:00+09:00,3850.703279368428,3885.528761223181,3666.625732421875,3666.625732421875,94402,0.0,0.0
2024-11-14 00:00:00+09:00,3681.5508391593667,3840.7530376095015,3666.6256330546667,3691.5009765625,93573,0.0,0.0
2024-11-15 00:00:00+09:00,3671.60068581321,3940.25439453125,3606.924792973682,3940.25439453125,310276,0.0,0.0
2024-11-18 00:00:00+09:00,3855.6784377839563,3960.1548857755215,3855.6784377839563,3935.279541015625,105059,0.0,0.0
2024-11-19 00:00:00+09:00,3925.3293306790865,3940.2545372596155,3860.653435496795,3880.5537109375,74257,0.0,0.0
2024-11-20 00:00:00+09:00,3865.6285182182037,3880.5537248522505,3795.9775539259836,3840.753173828125,61286,0.0,0.0
2024-11-21 00:00:00+09:00,3845.7281302871215,3930.3042987410427,3805.927580426453,3905.428955078125,101239,0.0,0.0
2024-11-22 00:00:00+09:00,3865.628475634828,3930.3043703365693,3855.6783379884064,3875.57861328125,57946,0.0,0.0
2024-11-25 00:00:00+09:00,3880.553614742441,3990.005126953125,3880.553614742441,3990.005126953125,119438,0.0,0.0
2024-11-26 00:00:00+09:00,3980.0550470304725,4014.880528691989,3940.254496560168,3999.955322265625,80586,0.0,0.0
2024-11-27 00:00:00+09:00,4099.456712272299,4129.307125225738,3955.179716330677,3960.15478515625,311381,0.0,0.0
2024-11-28 00:00:00+09:00,3960.1547987884674,3985.0301430019626,3880.553697305282,3920.354248046875,80078,0.0,0.0
2024-11-29 00:00:00+09:00,3994.98021889477,3994.98021889477,3791.0023994991466,3825.827880859375,64277,0.0,0.0
2024-12-02 00:00:00+09:00,3795.9774623325893,3845.7281499123087,3656.675537109375,3656.675537109375,118186,0.0,0.0
2024-12-03 00:00:00+09:00,3656.675495651533,3731.301526175034,3651.700426949966,3691.5009765625,41929,0.0,0.0
2024-12-04 00:00:00+09:00,3656.675752644968,3880.5538599497618,3582.0497168767033,3651.70068359375,133998,0.0,0.0
2024-12-05 00:00:00+09:00,3621.8501544968444,3671.6008434322407,3547.22412109375,3547.22412109375,56216,0.0,0.0
2024-12-06 00:00:00+09:00,3502.4484852620085,3567.124380586449,3298.4706615464656,3417.872314453125,153910,0.0,0.0
2024-12-09 00:00:00+09:00,3383.0465914818546,3402.946865549395,3084.54248046875,3084.54248046875,155007,0.0,0.0
2024-12-10 00:00:00+09:00,3084.5427651202276,3397.9721106082507,3084.5427651202276,3388.02197265625,144493,0.0,0.0
2024-12-11 00:00:00+09:00,3422.8475240215093,3532.2990436849877,3383.046971416608,3527.323974609375,93572,0.0,0.0
2024-12-12 00:00:00+09:00,3527.323672455136,3577.0743589495664,3457.672711362933,3517.37353515625,32313,0.0,0.0
2024-12-13 00:00:00+09:00,3482.5482953319233,3611.900089158538,3482.5482953319233,3601.949951171875,42160,0.0,0.0
2024-12-16 00:00:00+09:00,3731.3015818431913,3731.3015818431913,3582.0495185694635,3616.875,41405,0.0,0.0
2024-12-17 00:00:00+09:00,3631.8002219822097,3661.650634765625,3582.0495340098505,3661.650634765625,37127,0.0,0.0
2024-12-18 00:00:00+09:00,3626.8251531849737,3676.575841157333,3621.8500843877378,3661.650634765625,19622,0.0,0.0
2024-12-19 00:00:00+09:00,3626.8252240742722,3691.501119702483,3591.9997418129283,3631.80029296875,26998,0.0,0.0
2024-12-20 00:00:00+09:00,3631.800262794066,3691.5010890317767,3542.2490234375,3542.2490234375,49566,0.0,0.0
2024-12-23 00:00:00+09:00,3552.19921875,3661.6507352941176,3552.19921875,3636.775390625,36567,0.0,0.0
2024-12-24 00:00:00+09:00,3636.7753041026353,3681.5509234417923,3591.9996847634784,3621.85009765625,20927,0.0,0.0
2024-12-26 00:00:00+09:00,3621.850125087781,3661.6506759129215,3542.2490234375,3542.2490234375,26192,0.0,0.0
2024-12-27 00:00:00+09:00,3492.358190067123,3602.118018897804,3462.423691295119,3507.325439453125,34731,10.0,0.0
2024-12-30 00:00:00+09:00,3507.32544552292,3617.085274543552,3477.390946699111,3612.09619140625,18156,0.0,0.0
2025-01-02 00:00:00+09:00,3642.030732615894,3891.484892384106,3607.107150248344,3766.7578125,110724,0.0,0.0
2025-01-03 00:00:00+09:00,3766.7578466341756,3781.725096355901,3691.9215980255494,3746.801513671875,34178,0.0,0.0
2025-01-06 00:00:00+09:00,3741.81222602353,3796.692138671875,3701.8995622792786,3796.692138671875,37947,0.0,0.0
2025-01-07 00:00:00+09:00,3771.746897299459,3816.6486460768333,3766.7578141019726,3801.681396484375,50764,0.0,0.0
2025-01-08 00:00:00+09:00,3771.7467206150527,3801.681218397712,3741.8122228323937,3761.7685546875,30107,0.0,0.0
2025-01-09 00:00:00+09:00,3726.8451135205655,3796.6922776293845,3696.910614616786,3786.714111328125,46267,0.0,0.0
2025-01-10 00:00:00+09:00,3821.637625921814,3876.517539609986,3761.7686291710806,3826.626708984375,51273,0.0,0.0
2025-01-13 00:00:00+09:00,3841.5939189956243,3856.5611680306724,3751.790424785337,3776.73583984375,42418,0.0,0.0
2025-01-14 00:00:00+09:00,3766.7578125,3816.648644453642,3736.8233133278145,3766.7578125,24514,0.0,0.0
2025-01-15 00:00:00+09:00,3766.757778725605,3831.615859683794,3741.8123629724555,3786.714111328125,31246,0.0,0.0
2025-01-16 00:00:00+09:00,3806.6703077952066,3851.5720545450845,3786.713975906372,3831.61572265625,44968,0.0,0.0
2025-01-17 00:00:00+09:00,3806.6703792443877,3861.55029296875,3801.6812961785367,3861.55029296875,34233,0.0,0.0
2025-01-20 00:00:00+09:00,3901.462923888376,3906.452006911251,3841.593927613874,3881.506591796875,63323,0.0,0.0
2025-01-21 00:00:00+09:00,3871.5284565474253,3886.4957057351085,3816.6485428592528,3826.626708984375,79729,0.0,0.0
2025-01-22 00:00:00+09:00,3856.5613488706285,3911.4412645725392,3821.6377661512306,3851.572265625,81628,0.0,0.0
2025-01-23 00:00:00+09:00,3841.5939189956243,3871.52841706572,3766.7576738203848,3776.73583984375,50872,0.0,0.0
2025-01-24 00:00:00+09:00,3796.6921747816796,3836.604838905534,3746.801344626861,3811.659423828125,23566,0.0,0.0
2025-01-31 00:00:00+09:00,3766.7577018273214,3766.7577018273214,3686.932373046875,3686.932373046875,51726,0.0,0.0
2025-02-03 00:00:00+09:00,3637.041497760052,3637.041497760052,3497.3471741149474,3567.1943359375,46515,0.0,0.0
2025-02-04 00:00:00+09:00,3572.183389290634,3706.888628830923,3572.183389290634,3622.07421875,23088,0.0,0.0
2025-02-05 00:00:00+09:00,3627.0633050312285,3731.834046992241,3627.0633050312285,3656.997802734375,29826,0.0,0.0
2025-02-06 00:00:00+09:00,3686.932351197714,4185.84065311892,3686.932351197714,3846.5830078125,1088029,0.0,0.0
2025-02-07 00:00:00+09:00,3816.648515251791,3966.321006045979,3786.714017092954,3916.43017578125,186906,0.0,0.0
2025-02-10 00:00:00+09:00,3921.4192193800404,3991.266381048387,3831.6157258064513,3866.539306640625,111808,0.0,0.0
2025-02-11 00:00:00+09:00,3866.5394456081217,3921.4193603199788,3851.5721961412514,3856.561279296875,50234,0.0,0.0
2025-02-12 00:00:00+09:00,3881.5065889469843,3916.430170081469,3821.6375927164395,3846.5830078125,42162,0.0,0.0
2025-02-13 00:00:00+09:00,3986.2773747323126,4115.993534610961,3931.3974609375,3931.3974609375,436459,0.0,0.0
2025-02-14 00:00:00+09:00,3886.4958508518207,3991.266599077608,3886.4958508518207,3921.41943359375,53678,0.0,0.0
2025-02-17 00:00:00+09:00,3936.3866476592434,3991.266562899106,3861.550399604885,3906.4521484375,26446,0.0,0.0
2025-02-18 00:00:00+09:00,3926.408482805083,3961.332065244264,3881.506733954707,3941.375732421875,65424,0.0,0.0
2025-02-19 00:00:00+09:00,4001.2446946722125,4006.233777832652,3926.408447265625,3926.408447265625,64265,0.0,0.0
2025-02-20 00:00:00+09:00,3911.4412645725392,3941.3757640463086,3836.6050158881153,3851.572265625,50371,0.0,0.0
2025-02-21 00:00:00+09:00,3836.604838905534,3881.506586044871,3801.6812577971614,3811.659423828125,30119,0.0,0.0
2025-02-24 00:00:00+09:00,3851.5720936596244,3891.4847578426256,3796.6921804079975,3881.506591796875,31745,0.0,0.0
2025-02-25 00:00:00+09:00,3881.506695074992,3916.4302771643556,3841.5940298300047,3856.561279296875,34274,0.0,0.0
2025-02-26 00:00:00+09:00,3826.626782226562,3931.3975285456727,3826.626782226562,3891.48486328125,34794,0.0,0.0
2025-02-27 00:00:00+09:00,3891.4847520758344,3896.4738350913162,3776.735842719752,3811.659423828125,46409,0.0,0.0
2025-02-28 00:00:00+09:00,3786.714034022433,3786.714034022433,3681.943289998097,3686.932373046875,38636,0.0,0.0
2025-03-04 00:00:00+09:00,3716.8669372895806,3716.8669372895806,3592.139858857044,3612.09619140625,37722,0.0,0.0
2025-03-05 00:00:00+09:00,3612.0962334437086,3841.5940604304637,3612.0962334437086,3766.7578125,52497,0.0,0.0
2025-03-06 00:00:00+09:00,3786.714178269909,3786.714178269909,3686.9325134933633,3711.8779296875,21124,0.0,0.0
2025-03-07 00:00:00+09:00,3681.943394958249,3726.845143677252,3681.943394958249,3696.91064453125,13704,0.0,0.0
2025-03-10 00:00:00+09:00,3652.0088202149796,3686.932401829057,3427.500081267337,3597.12890625,35511,0.0,0.0
2025-03-11 00:00:00+09:00,3507.32544552292,3671.9651890538676,3507.32544552292,3612.09619140625,22309,0.0,0.0
2025-03-12 00:00:00+09:00,3612.096262307363,3741.8124264233734,3612.096262307363,3642.03076171875,12296,0.0,0.0
2025-03-13 00:00:00+09:00,3642.030722683643,3661.987055410677,3537.2599758667166,3557.21630859375,8259,0.0,0.0
2025-03-14 00:00:00+09:00,3552.2270575068874,3622.07421875,3527.281642777204,3622.07421875,12643,0.0,0.0
2025-03-17 00:00:00+09:00,3592.139892578125,3642.030724419488,3592.139892578125,3592.139892578125,19657,0.0,0.0
2025-03-18 00:00:00+09:00,3592.139866605718,4245.709759002036,3577.1726171615273,3751.79052734375,5386729,0.0,0.0
2025-03-19 00:00:00+09:00,3821.6376873729673,3826.626770515752,3642.0306942327234,3681.943359375,275054,0.0,0.0
2025-03-20 00:00:00+09:00,3761.768541236226,3791.703038911846,3617.0851358040636,3622.07421875,175882,0.0,0.0
2025-03-21 00:00:00+09:00,3597.1289038564646,3671.965150122549,3562.205322265625,3562.205322265625,105924,0.0,0.0
2025-03-24 00:00:00+09:00,3527.2818433064836,3572.18359237262,3527.2818433064836,3537.260009765625,60600,0.0,0.0
2025-03-25 00:00:00+09:00,3547.2381422302333,3607.107140411334,3522.292726321441,3557.21630859375,59915,0.0,0.0
2025-03-26 00:00:00+09:00,3557.2163771609044,3572.1836269946807,3512.3146276595744,3517.3037109375,25634,0.0,0.0
2025-03-27 00:00:00+09:00,3507.3255433353106,3552.227292823245,3462.4237938473766,3482.380126953125,37609,0.0,0.0
2025-03-28 00:00:00+09:00,3457.434497816594,3472.401746724891,3392.576419213974,3427.5,46910,0.0,0.0
2025-03-31 00:00:00+09:00,3352.6639219452773,3387.5875044655404,3297.7840065562923,3327.718505859375,46029,0.0,0.0
2025-04-01 00:00:00+09:00,3392.5765567974454,3482.3800538891423,3327.718475564553,3417.52197265625,23988,0.0,0.0
2025-04-02 00:00:00+09:00,3467.4128374501574,3467.4128374501574,3352.6639234050444,3362.64208984375,25777,0.0,0.0
2025-04-03 00:00:00+09:00,3302.7730897734727,3387.5875044655404,3292.794923339112,3327.718505859375,26701,0.0,0.0
2025-04-04 00:00:00+09:00,3292.7948916274886,3392.57655501014,3277.8276421200912,3382.598388671875,40044,0.0,0.0
2025-04-07 00:00:00+09:00,3322.729309461132,3327.7183925083705,3207.980399374636,3212.969482421875,53379,0.0,0.0
2025-04-08 00:00:00+09:00,3232.925852924312,3372.620179902523,3217.958603605218,3262.8603515625,36074,0.0,0.0
2025-04-09 00:00:00+09:00,3262.860455388097,3362.642120690485,3232.9259557973805,3237.9150390625,33988,0.0,0.0
2025-04-10 00:00:00+09:00,3362.642088379638,3402.554754117082,3322.7294226421945,3327.718505859375,51296,0.0,0.0
2025-04-11 00:00:00+09:00,3292.794860928429,3442.467354606994,3292.794860928429,3437.478271484375,32158,0.0,0.0
2025-04-14 00:00:00+09:00,3397.5656085836476,3477.3909385944235,3397.5656085836476,3472.40185546875,27169,0.0,0.0
2025-04-15 00:00:00+09:00,3472.401788884943,3537.2598682750354,3472.401788884943,3512.314453125,41151,0.0,0.0
2025-04-16 00:00:00+09:00,3492.3581518308083,3512.314484126984,3447.456404164412,3457.4345703125,20277,0.0,0.0
2025-04-17 00:00:00+09:00,3462.4236558314733,3512.314486607143,3442.4673235212053,3492.358154296875,18107,0.0,0.0
2025-04-18 00:00:00+09:00,3507.3255090088587,3512.3145922364674,3457.4346767327725,3502.33642578125,20056,0.0,0.0
2025-04-21 00:00:00+09:00,3512.314590827338,3527.2818405041594,3467.412841796875,3467.412841796875,27432,0.0,0.0
2025-04-22 00:00:00+09:00,3422.5109912109374,3552.2271512276784,3422.5109912109374,3492.358154296875,44022,0.0,0.0
2025-04-23 00:00:00+09:00,3542.2490943610333,3592.1399266759777,3542.2490943610333,3572.18359375,53888,0.0,0.0
2025-04-24 00:00:00+09:00,3572.1834158170022,3582.1615817829716,3482.379922123279,3532.270751953125,32098,0.0,0.0
2025-04-25 00:00:00+09:00,3552.2272608240223,3587.150843444483,3537.260011129539,3572.18359375,33244,0.0,0.0
2025-04-28 00:00:00+09:00,3607.107070025276,3607.107070025276,3542.2489899280026,3562.205322265625,25851,0.0,0.0
2025-04-29 00:00:00+09:00,3552.2270869755243,3592.1397508741256,3552.2270869755243,3567.1943359375,30477,0.0,0.0
2025-04-30 00:00:00+09:00,3582.1617588317613,3582.1617588317613,3492.3582606994887,3537.260009765625,29989,0.0,0.0
2025-05-02 00:00:00+09:00,3537.259938225129,3537.259938225129,3467.4127744237867,3507.325439453125,28251,0.0,0.0
2025-05-07 00:00:00+09:00,3492.3582606994887,3547.2381762247664,3482.3800942403473,3537.260009765625,24345,0.0,0.0
2025-05-08 00:00:00+09:00,3532.270857174296,3562.2053559639085,3522.2926909110915,3542.2490234375,11722,0.0,0.0
2025-05-09 00:00:00+09:00,3552.227080732882,3552.227080732882,3472.401753075963,3497.34716796875,30066,0.0,0.0
2025-05-12 00:00:00+09:00,3567.194441152916,3632.0525219011506,3562.2053580184365,3577.172607421875,43799,0.0,0.0
2025-05-13 00:00:00+09:00,3587.1507400745495,3597.12890625,3572.1834908113733,3597.12890625,14435,0.0,0.0
2025-05-14 00:00:00+09:00,3597.1288729121766,3622.074288119612,3552.227125538793,3617.085205078125,37286,0.0,0.0
2025-05-15 00:00:00+09:00,3612.096294274491,3612.096294274491,3552.227294921875,3552.227294921875,27237,0.0,0.0
2025-05-16 00:00:00+09:00,3552.2272254119916,3567.1944749572667,3507.325476776166,3557.21630859375,16061,0.0,0.0
2025-05-19 00:00:00+09:00,3547.238136953012,3547.238136953012,3442.467390291953,3452.445556640625,35445,0.0,0.0
2025-05-20 00:00:00+09:00,3482.3799929151346,3607.107070025276,3452.445494408701,3562.205322265625,41824,0.0,0.0
2025-05-21 00:00:00+09:00,3562.2053559639085,3597.1289378851234,3542.2490234375,3542.2490234375,18206,0.0,0.0
2025-05-22 00:00:00+09:00,3532.2707824269187,3537.2598654529456,3472.401786114598,3477.390869140625,12332,0.0,0.0
2025-05-23 00:00:00+09:00,3497.347198397871,3507.3253644418023,3437.4782021342844,3442.46728515625,18710,0.0,0.0
2025-05-26 00:00:00+09:00,3442.467354606994,3482.3800195879444,3387.5874402581867,3437.478271484375,12547,0.0,0.0
2025-05-27 00:00:00+09:00,3437.478339599968,3447.4565060429286,3377.6093409422037,3397.565673828125,40651,0.0,0.0
2025-05-28 00:00:00+09:00,3397.5656752475475,3457.4346739303237,3392.576592023983,3432.4892578125,13215,0.0,0.0
2025-05-29 00:00:00+09:00,3452.4454567649145,3517.303536155007,3452.4454567649145,3512.314453125,15236,0.0,0.0
2025-05-30 00:00:00+09:00,3512.3145225817925,3512.3145225817925,3472.4018575524537,3507.325439453125,23202,0.0,0.0
2025-06-02 00:00:00+09:00,3492.3582945478724,3517.3037109375,3467.4128781582444,3517.3037109375,25794,0.0,0.0
2025-06-04 00:00:00+09:00,3542.2489513050423,3562.205283425071,3512.314453125,3512.314453125,24102,0.0,0.0
2025-06-05 00:00:00+09:00,3527.2818795364656,3622.0744618719573,3517.303712974835,3587.15087890625,57694,0.0,0.0
2025-06-09 00:00:00+09:00,3592.1397508741256,3602.117916848776,3542.248921000874,3567.1943359375,41608,0.0,0.0
2025-06-10 00:00:00+09:00,3567.1944749572667,3567.1944749572667,3532.270892684958,3557.21630859375,25879,0.0,0.0
2025-06-11 00:00:00+09:00,3557.2163782012594,3572.1836280394136,3537.260045083721,3552.227294921875,32228,0.0,0.0
2025-06-12 00:00:00+09:00,3582.161663867714,3711.8778243977426,3562.205331478479,3701.899658203125,184853,0.0,0.0
2025-06-13 00:00:00+09:00,3751.790455345174,3811.6594519730224,3656.9978773510807,3721.85595703125,173959,0.0,0.0
2025-06-16 00:00:00+09:00,3721.855923828125,3756.7795048828125,3661.986927734375,3741.812255859375,63330,0.0,0.0
2025-06-17 00:00:00+09:00,3741.8122498885446,3786.713996887207,3632.0524238918138,3671.965087890625,68639,0.0,0.0
2025-06-18 00:00:00+09:00,3642.030622972165,3726.8450347400103,3637.0415399269978,3652.0087890625,34821,0.0,0.0
2025-06-19 00:00:00+09:00,3686.932333863812,3686.932333863812,3592.1397569444443,3637.04150390625,34080,0.0,0.0
2025-06-20 00:00:00+09:00,3681.94321410124,3681.94321410124,3592.1397210743803,3622.07421875,43679,0.0,0.0
2025-06-23 00:00:00+09:00,3562.2053173828126,3572.1834835379464,3492.358154296875,3492.358154296875,60042,0.0,0.0
2025-06-24 00:00:00+09:00,3522.292559831267,3871.528366046832,3517.303476885331,3622.07421875,771898,0.0,0.0
2025-06-25 00:00:00+09:00,3647.0197418420494,3681.9433235012757,3577.172578523597,3666.97607421875,86524,0.0,0.0
2025-06-26 00:00:00+09:00,3666.976035492996,3666.976035492996,3582.1616237877156,3617.085205078125,68485,0.0,0.0
2025-06-27 00:00:00+09:00,3691.9214873261503,3691.9214873261503,3577.172576233581,3632.052490234375,35763,0.0,0.0
2025-06-30 00:00:00+09:00,3632.0526284335883,3691.9216278033728,3567.1945457829884,3587.15087890625,40407,0.0,0.0
2025-07-01 00:00:00+09:00,3587.150811070753,3642.030726121905,3587.150811070753,3627.0634765625,16656,0.0,0.0
2025-07-02 00:00:00+09:00,3627.0635120130564,3647.019844953981,3552.227263484589,3642.03076171875,22547,0.0,0.0
2025-07-03 00:00:00+09:00,3642.0307277918514,3666.976143735631,3587.1508127155357,3661.987060546875,34094,0.0,0.0
2025-07-04 00:00:00+09:00,3656.997977358119,3661.987060546875,3567.1944799605117,3661.987060546875,24857,0.0,0.0
2025-07-07 00:00:00+09:00,3617.085202357895,3617.085202357895,3582.16162109375,3582.16162109375,16124,0.0,0.0
2025-07-08 00:00:00+09:00,3577.1725380560147,3627.063368433365,3567.194371980545,3582.16162109375,14146,0.0,0.0
2025-07-09 00:00:00+09:00,3572.1836280394136,3587.1508778775674,3552.227294921875,3552.227294921875,17558,0.0,0.0
2025-07-10 00:00:00+09:00,3552.227156096814,3706.8887317133886,3522.29265759038,3562.205322265625,27384,0.0,0.0
2025-07-11 00:00:00+09:00,3592.1397508741256,3592.1397508741256,3537.2598380135487,3567.1943359375,13359,0.0,0.0
2025-07-14 00:00:00+09:00,3587.1506678868004,3607.1069998361013,3552.2270869755243,3567.1943359375,17112,0.0,0.0
2025-07-15 00:00:00+09:00,3567.194441152916,3592.139856825314,3542.249025480518,3577.172607421875,11394,0.0,0.0
2025-07-16 00:00:00+09:00,3562.2054614806443,3592.1399611569523,3527.2818785249515,3552.227294921875,12067,0.0,0.0
2025-07-17 00:00:00+09:00,3562.205393473307,3592.139892578125,3522.2927280002173,3592.139892578125,13722,0.0,0.0
2025-07-18 00:00:00+09:00,3592.1397871692197,3617.085202357895,3557.2162059050747,3582.16162109375,17240,0.0,0.0
2025-07-21 00:00:00+09:00,3587.1507736908343,3632.0525219011506,3572.1835242873954,3577.172607421875,28909,0.0,0.0
2025-07-22 00:00:00+09:00,3547.238140506042,3582.1617227613756,3517.3036414300414,3522.292724609375,46105,0.0,0.0
2025-07-23 00:00:00+09:00,3522.292688839127,3532.2708550964617,3467.4127744237867,3507.325439453125,20308,0.0,0.0
2025-07-24 00:00:00+09:00,3512.3144200211864,3552.2270838850636,3472.4017561573096,3532.270751953125,15806,0.0,0.0
2025-07-25 00:00:00+09:00,3552.227187611131,3552.227187611131,3502.336356324458,3507.325439453125,12009,0.0,0.0
2025-07-28 00:00:00+09:00,3517.303639686159,3517.303639686159,3457.4346415638415,3487.369140625,21852,0.0,0.0
2025-07-29 00:00:00+09:00,3477.390905064174,3507.325403529576,3442.4673235212053,3492.358154296875,24038,0.0,0.0
2025-07-30 00:00:00+09:00,3517.30349988298,3517.30349988298,3462.423587118848,3497.34716796875,17214,0.0,0.0
2025-07-31 00:00:00+09:00,3502.3363935944076,3572.1835581390255,3477.3909776856153,3557.21630859375,18855,0.0,0.0
2025-08-01 00:00:00+09:00,3557.2163369154964,3557.2163369154964,3377.6093409422037,3397.565673828125,49275,0.0,0.0
2025-08-04 00:00:00+09:00,3482.3799856827204,3482.3799856827204,3392.576490349928,3457.4345703125,14899,0.0,0.0
2025-08-05 00:00:00+09:00,3457.434539794922,3512.314453125,3452.4454567649145,3512.314453125,23786,0.0,0.0
2025-08-06 00:00:00+09:00,3512.314453125,3517.303536155007,3462.4236228249288,3512.314453125,12184,0.0,0.0
2025-08-07 00:00:00+09:00,3542.2489179190943,3552.2270838850636,3492.358088089248,3532.270751953125,12219,0.0,0.0
2025-08-08 00:00:00+09:00,3567.1944749572667,3617.0853067748512,3542.249059048475,3557.21630859375,62959,0.0,0.0
2025-08-11 00:00:00+09:00,3582.161564879309,4120.982524499038,3567.1943160009832,3726.844970703125,5334785,0.0,0.0
2025-08-12 00:00:00+09:00,3756.779642823254,3761.7687260142543,3652.008895812247,3696.91064453125,346555,0.0,0.0
2025-08-13 00:00:00+09:00,3671.965226924387,3751.7905579444823,3642.0307277918514,3661.987060546875,166466,0.0,0.0
2025-08-14 00:00:00+09:00,3642.0305505337465,3716.8667947227964,3622.07421875,3622.07421875,125007,0.0,0.0
2025-08-18 00:00:00+09:00,3622.074321688627,3676.9542356536062,3597.12890625,3597.12890625,100413,0.0,0.0
2025-08-19 00:00:00+09:00,3632.0525219011506,3741.812350859702,3577.172607421875,3577.172607421875,106926,0.0,0.0
2025-08-20 00:00:00+09:00,3587.150737687653,3607.107070025276,3442.46732823989,3562.205322265625,97109,0.0,0.0
2025-08-21 00:00:00+09:00,3562.2053198483914,3582.161652172472,3517.30357211921,3527.28173828125,41797,0.0,0.0
2025-08-22 00:00:00+09:00,3512.3144890381895,3562.2053198483914,3497.347239795129,3527.28173828125,25750,0.0,0.0
2025-08-25 00:00:00+09:00,3537.259977552626,3756.7796376546225,3522.2927280002173,3592.139892578125,290141,0.0,0.0
2025-08-26 00:00:00+09:00,3587.1508076843006,3652.0088890471598,3547.2381422302333,3557.21630859375,60703,0.0,0.0
2025-08-27 00:00:00+09:00,3592.139724377558,3761.768544695387,3562.2052266744117,3656.997802734375,214505,0.0,0.0
2025-08-28 00:00:00+09:00,3652.008892494842,3716.8669739189304,3592.1398942572214,3627.0634765625,95067,0.0,0.0
2025-08-29 00:00:00+09:00,3821.637647691664,3821.637647691664,3612.09615787045,3632.052490234375,188246,0.0,0.0
2025-09-01 00:00:00+09:00,3661.98694969751,3661.98694969751,3527.2817076786646,3582.16162109375,51062,0.0,0.0
2025-09-02 00:00:00+09:00,3547.238075372746,3627.0634047763524,3542.248992285021,3597.12890625,65486,0.0,0.0
2025-09-03 00:00:00+09:00,3567.1944749572667,3642.030722683643,3557.21630859375,3557.21630859375,25790,0.0,0.0
2025-09-04 00:00:00+09:00,3572.18355984158,3617.0853084988066,3557.216310289171,3592.139892578125,31502,0.0,0.0
2025-09-05 00:00:00+09:00,3597.128908597506,3691.9214873261503,3592.1398255065246,3632.052490234375,43346,0.0,0.0
2025-09-08 00:00:00+09:00,3632.0524238918138,3686.932336890179,3632.0524238918138,3671.965087890625,32062,0.0,0.0
2025-09-09 00:00:00+09:00,3671.9650548986488,3756.7794651340796,3592.1397276182433,3691.92138671875,94389,0.0,0.0
2025-09-10 00:00:00+09:00,3696.9104696737754,3711.8777185388512,3647.019640123522,3691.92138671875,37392,0.0,0.0
2025-09-11 00:00:00+09:00,3666.9762887238076,4485.1859640308885,3656.9981219517704,4315.55712890625,9766237,0.0,0.0
2025-09-12 00:00:00+09:00,4340.5020751953125,4350.480240885417,4091.0479329427085,4190.82958984375,951961,0.0,0.0
2025-09-15 00:00:00+09:00,4190.829788415483,4195.818871496929,4036.168212890625,4036.168212890625,377704,0.0,0.0
2025-09-16 00:00:00+09:00,4066.102783203125,4106.01544855972,3991.2665356595094,4066.102783203125,287636,0.0,0.0
2025-09-17 00:00:00+09:00,4066.102669455788,4066.102669455788,3896.473846435547,3951.353759765625,238782,0.0,0.0
2025-09-18 00:00:00+09:00,3991.2664627493764,4036.168210455307,3946.3647150434463,4001.24462890625,150278,0.0,0.0
2025-09-22 00:00:00+09:00,3916.4303503449028,3951.353933086832,3901.463100598362,3921.41943359375,102673,0.0,0.0
2025-09-23 00:00:00+09:00,3941.375694861779,3941.375694861779,3851.572198016827,3891.48486328125,89131,0.0,0.0
2025-09-24 00:00:00+09:00,3861.55029296875,3891.4847913638564,3766.7577147175793,3861.55029296875,134968,0.0,0.0
2025-09-25 00:00:00+09:00,3861.550290422303,4245.709686239509,3821.637625921814,3826.626708984375,4143070,0.0,0.0
2025-09-26 00:00:00+09:00,3826.6267037967923,3871.528451298971,3696.9105443460535,3756.779541015625,236258,0.0,0.0
2025-09-29 00:00:00+09:00,3756.779616184407,3891.4848613862387,3751.790533028784,3856.561279296875,119266,0.0,0.0
2025-09-30 00:00:00+09:00,3831.6157894736843,3861.550287828947,3766.757709703947,3791.703125,77577,0.0,0.0
2025-10-01 00:00:00+09:00,3841.593885384157,3846.582968352189,3781.724889767781,3796.692138671875,96825,0.0,0.0
2025-10-02 00:00:00+09:00,3796.6921418507895,3906.45196723938,3796.6921418507895,3831.61572265625,110925,0.0,0.0
2025-10-10 00:00:00+09:00,3831.615897269181,3836.60498046875,3756.779649275642,3836.60498046875,93008,0.0,0.0
2025-10-13 00:00:00+09:00,3741.812304191783,4011.2227900935914,3721.8559719027603,3931.3974609375,323518,0.0,0.0
2025-10-14 00:00:00+09:00,3931.3975660106803,4021.2010637114317,3836.6049851043313,3941.375732421875,233855,0.0,0.0
2025-10-15 00:00:00+09:00,3981.2882013169915,4160.8951878425705,3941.3755376446406,4096.037109375,425310,0.0,0.0
2025-10-16 00:00:00+09:00,4155.906204337788,4155.906204337788,3991.2664627493764,4001.24462890625,217692,0.0,0.0
2025-10-17 00:00:00+09:00,4061.1135492167696,4071.091715185361,3911.441059687896,3936.386474609375,187704,0.0,0.0
2025-10-20 00:00:00+09:00,3921.419228711919,4016.2118054873977,3891.4847307828204,3971.31005859375,90249,0.0,0.0
2025-10-21 00:00:00+09:00,3971.310165954969,4041.1573296777947,3891.484835986025,4016.2119140625,171775,0.0,0.0
2025-10-22 00:00:00+09:00,3991.2666003310214,4021.201099833504,3896.4740185731594,3956.343017578125,120679,0.0,0.0
2025-10-23 00:00:00+09:00,3946.3647799073815,4001.2446946722125,3911.4411977843074,3926.408447265625,75791,0.0,0.0
2025-10-24 00:00:00+09:00,3931.397388507033,3971.310052349744,3886.4956416839836,3901.462890625,63419,0.0,0.0
2025-10-27 00:00:00+09:00,4001.244696552267,4076.0809439940176,3911.441199622166,3961.33203125,86185,0.0,0.0
2025-10-28 00:00:00+09:00,3991.2664211783435,3991.2664211783435,3911.441092754777,3916.43017578125,60151,0.0,0.0
2025-10-29 00:00:00+09:00,3981.2882493312254,3981.2882493312254,3801.6812606395915,3846.5830078125,86673,0.0,0.0
2025-10-30 00:00:00+09:00,3851.5721534963286,3876.517568998248,3726.8450759867324,3736.8232421875,82668,0.0,0.0
2025-10-31 00:00:00+09:00,3736.823345881636,3756.7796788369455,3701.8997632098453,3711.8779296875,60204,0.0,0.0
2025-11-03 00:00:00+09:00,3711.877751889436,3796.6921628869095,3671.965087890625,3671.965087890625,97046,0.0,0.0
2025-11-04 00:00:00+09:00,3726.8450689630195,3726.8450689630195,3622.0743240524125,3632.052490234375,67426,0.0,0.0
2025-11-05 00:00:00+09:00,3602.11795324469,3602.11795324469,3482.3799603390494,3582.16162109375,111597,0.0,0.0
2025-11-06 00:00:00+09:00,3582.161794598183,3637.041710671414,3492.358295569259,3552.227294921875,58129,0.0,0.0
2025-11-07 00:00:00+09:00,3507.325330750743,3532.2707456209473,3462.423583984375,3462.423583984375,98192,0.0,0.0
2025-11-10 00:00:00+09:00,3472.4018575524537,3567.194436997133,3462.423691295119,3507.325439453125,24789,0.0,0.0
2025-11-11 00:00:00+09:00,3537.2598317972092,3607.1069934970133,3447.456338183176,3497.34716796875,43539,0.0,0.0
2025-11-12 00:00:00+09:00,3487.369212289874,3632.0526273920295,3462.423795892951,3552.227294921875,76874,0.0,0.0
2025-11-13 00:00:00+09:00,3517.30357211921,3572.183486010432,3517.30357211921,3527.28173828125,27881,0.0,0.0
2025-11-14 00:00:00+09:00,3467.412841796875,3527.2818405041594,3462.423758571268,3467.412841796875,44156,0.0,0.0
2025-11-17 00:00:00+09:00,3562.205384637318,3562.205384637318,3402.5547231409673,3417.52197265625,73311,0.0,0.0
2025-11-18 00:00:00+09:00,3417.5219346788194,3437.478267144097,3307.7621061197915,3367.631103515625,79663,0.0,0.0
2025-11-19 00:00:00+09:00,3347.6748046875,3422.5110521842403,3307.7621393559057,3347.6748046875,42763,0.0,0.0
2025-11-20 00:00:00+09:00,3362.642026703933,3671.9651804956898,3362.642026703933,3472.40185546875,61473,0.0,0.0
2025-11-21 00:00:00+09:00,3532.2708508141327,3532.2708508141327,3412.532855871281,3437.478271484375,24229,0.0,0.0
2025-11-24 00:00:00+09:00,3492.3580998959746,3801.681245886761,3422.510937898055,3671.965087890625,400808,0.0,0.0
2025-11-25 00:00:00+09:00,3661.9870905048924,3661.9870905048924,3392.5765961080747,3537.260009765625,126392,0.0,0.0
2025-11-26 00:00:00+09:00,3592.139890866059,3597.1289740478173,3497.347310412649,3557.21630859375,55352,0.0,0.0
2025-11-27 00:00:00+09:00,3557.2161668680483,3617.085162663864,3502.3362540552175,3532.270751953125,29250,0.0,0.0
2025-11-28 00:00:00+09:00,3532.2709305436642,3671.9652611301367,3517.3036808379707,3642.03076171875,84851,0.0,0.0
2025-12-01 00:00:00+09:00,3652.0087890625,3741.812283875512,3607.1070416559937,3652.0087890625,85904,0.0,0.0
2025-12-02 00:00:00+09:00,3617.0851748922596,3731.8340838888416,3617.0851748922596,3671.965087890625,42249,0.0,0.0
2025-12-03 00:00:00+09:00,3661.987060546875,3691.9215596794106,3627.0634782255834,3661.987060546875,35393,0.0,0.0
2025-12-04 00:00:00+09:00,3652.008829480975,3851.5721534963286,3642.030663280207,3736.8232421875,143457,0.0,0.0
2025-12-05 00:00:00+09:00,3736.8232421875,3861.5503196970963,3696.9105773844294,3736.8232421875,53259,0.0,0.0
2025-12-08 00:00:00+09:00,3746.801412879874,4086.059064112672,3726.8450804544154,3806.67041015625,714478,0.0,0.0
2025-12-09 00:00:00+09:00,4086.058893813856,4944.18115234375,4011.222650337412,4944.18115234375,9617220,0.0,0.0
2025-12-10 00:00:00+09:00,4944.181468948425,5777.35836633933,4754.59630666786,5009.03955078125,10222212,0.0,0.0
2025-12-11 00:00:00+09:00,5088.86474124006,5208.60273515159,4899.279584213469,5019.017578125,1321496,0.0,0.0
2025-12-12 00:00:00+09:00,4934.203107984919,4934.203107984919,4644.836292754257,4724.66162109375,568662,0.0,0.0
2025-12-15 00:00:00+09:00,4659.803678902116,4719.6726769179895,4629.86917989418,4714.68359375,283230,0.0,0.0
2025-12-16 00:00:00+09:00,4709.694503135223,4709.694503135223,4530.087509371592,4574.9892578125,347886,0.0,0.0
2025-12-17 00:00:00+09:00,4624.879817534258,4839.410380807152,4535.076325931651,4664.79248046875,1165300,0.0,0.0
2025-12-18 00:00:00+09:00,4589.956607041855,4609.912940115951,4260.677111319287,4410.349609375,469638,0.0,0.0
2025-12-19 00:00:00+09:00,4420.327564586292,4430.305730646307,4260.676907626065,4390.39306640625,343763,0.0,0.0
2025-12-22 00:00:00+09:00,4355.4694851962,4510.13105912642,4315.556820956143,4390.39306640625,429618,0.0,0.0
2025-12-23 00:00:00+09:00,4420.327641059028,4754.596209852431,4405.360391710069,4490.1748046875,898801,0.0,0.0
2025-12-24 00:00:00+09:00,4540.065568428207,4644.836312315012,4475.207488879233,4530.08740234375,500594,0.0,0.0
2025-12-26 00:00:00+09:00,4530.087336244542,4699.71615720524,4440.28384279476,4570.0,692923,0.0,0.0
2025-12-29 00:00:00+09:00,4660.0,4740.0,4575.0,4655.0,492615,10.0,0.0
2025-12-30 00:00:00+09:00,4695.0,4695.0,4445.0,4490.0,284483,0.0,0.0
2026-01-02 00:00:00+09:00,4550.0,4760.0,4505.0,4650.0,404527,0.0,0.0
2026-01-05 00:00:00+09:00,4690.0,4700.0,4540.0,4630.0,312243,0.0,0.0
2026-01-06 00:00:00+09:00,4630.0,5080.0,4605.0,4750.0,1280634,0.0,0.0
2026-01-07 00:00:00+09:00,4730.0,4785.0,4585.0,4630.0,369363,0.0,0.0
2026-01-08 00:00:00+09:00,5070.0,5950.0,4850.0,4880.0,5810832,0.0,0.0
2026-01-09 00:00:00+09:00,4870.0,5550.0,4770.0,5220.0,2526042,0.0,0.0
2026-01-12 00:00:00+09:00,5200.0,5370.0,4920.0,5070.0,875095,0.0,0.0
2026-01-13 00:00:00+09:00,5070.0,5300.0,4995.0,5200.0,582041,0.0,0.0
2026-01-14 00:00:00+09:00,5330.0,5330.0,4900.0,4960.0,514832,0.0,0.0
2026-01-15 00:00:00+09:00,5020.0,5230.0,4900.0,5220.0,521388,0.0,0.0
2026-01-16 00:00:00+09:00,5220.0,5220.0,5070.0,5140.0,484186,0.0,0.0
2026-01-19 00:00:00+09:00,5160.0,6180.0,5050.0,5670.0,5177912,0.0,0.0
2026-01-20 00:00:00+09:00,5810.0,5920.0,5430.0,5450.0,957550,0.0,0.0
2026-01-21 00:00:00+09:00,5290.0,5710.0,5230.0,5520.0,792180,0.0,0.0
2026-01-22 00:00:00+09:00,5630.0,5630.0,5170.0,5190.0,710855,0.0,0.0
2026-01-23 00:00:00+09:00,5220.0,5250.0,5030.0,5190.0,308503,0.0,0.0
2026-01-26 00:00:00+09:00,5190.0,5250.0,5020.0,5090.0,340229,0.0,0.0
2026-01-27 00:00:00+09:00,5090.0,5140.0,4860.0,4920.0,341232,0.0,0.0
2026-01-28 00:00:00+09:00,4920.0,5090.0,4860.0,5040.0,291513,0.0,0.0
2026-01-29 00:00:00+09:00,5100.0,5130.0,4885.0,5100.0,219600,0.0,0.0
2026-01-30 00:00:00+09:00,5110.0,5150.0,4900.0,4900.0,226397,0.0,0.0
2026-02-02 00:00:00+09:00,4900.0,5020.0,4800.0,4805.0,188511,0.0,0.0
2026-02-03 00:00:00+09:00,4830.0,5500.0,4830.0,5050.0,756433,0.0,0.0
2026-02-04 00:00:00+09:00,5050.0,5180.0,4985.0,5050.0,179372,0.0,0.0
2026-02-05 00:00:00+09:00,5050.0,5130.0,4935.0,4975.0,173130,0.0,0.0
2026-02-06 00:00:00+09:00,4970.0,4970.0,4665.0,4860.0,158422,0.0,0.0
2026-02-09 00:00:00+09:00,4940.0,4970.0,4740.0,4800.0,164619,0.0,0.0
2026-02-10 00:00:00+09:00,4830.0,4900.0,4777.0,4860.0,85307,0.0,0.0
2026-02-11 00:00:00+09:00,4865.0,4910.0,4785.0,4870.0,91529,0.0,0.0
2026-02-12 00:00:00+09:00,4910.0,4920.0,4825.0,4865.0,60697,0.0,0.0
2026-02-13 00:00:00+09:00,4830.0,4865.0,4730.0,4775.0,80405,0.0,0.0
2026-02-19 00:00:00+09:00,4790.0,4970.0,4750.0,4930.0,134956,0.0,0.0
2026-02-20 00:00:00+09:00,4935.0,5000.0,4820.0,4880.0,72048,0.0,0.0
2026-02-23 00:00:00+09:00,4880.0,4940.0,4795.0,4880.0,90363,0.0,0.0
2026-02-24 00:00:00+09:00,4880.0,4900.0,4775.0,4865.0,83127,0.0,0.0
2026-02-25 00:00:00+09:00,4885.0,4950.0,4840.0,4880.0,88531,0.0,0.0
2026-02-26 00:00:00+09:00,4915.0,4940.0,4625.0,4625.0,203929,0.0,0.0
2026-02-27 00:00:00+09:00,4580.0,4640.0,4495.0,4590.0,110458,0.0,0.0
2026-03-03 00:00:00+09:00,4455.0,4620.0,4410.0,4445.0,86668,0.0,0.0
2026-03-04 00:00:00+09:00,4400.0,4400.0,3810.0,3905.0,206592,0.0,0.0
2026-03-05 00:00:00+09:00,4335.0,4350.0,4117.0,4310.0,60682,0.0,0.0
2026-03-06 00:00:00+09:00,4235.0,4390.0,4200.0,4370.0,84015,0.0,0.0
2026-03-09 00:00:00+09:00,4250.0,4345.0,4055.0,4190.0,99417,0.0,0.0
2026-03-10 00:00:00+09:00,4240.0,4390.0,4230.0,4335.0,35955,0.0,0.0
2026-03-11 00:00:00+09:00,4315.0,4465.0,4310.0,4375.0,44707,0.0,0.0
2026-03-12 00:00:00+09:00,4400.0,4455.0,4345.0,4455.0,34364,0.0,0.0
2026-03-13 00:00:00+09:00,4420.0,4485.0,4235.0,4460.0,46340,0.0,0.0
2026-03-16 00:00:00+09:00,4450.0,4455.0,4325.0,4370.0,14700,0.0,0.0
2026-03-17 00:00:00+09:00,4385.0,4425.0,4340.0,4380.0,29416,0.0,0.0
2026-03-18 00:00:00+09:00,4385.0,4445.0,4335.0,4375.0,36607,0.0,0.0
2026-03-19 00:00:00+09:00,4320.0,4320.0,4250.0,4285.0,31279,0.0,0.0
2026-03-20 00:00:00+09:00,4310.0,4555.0,4285.0,4450.0,52134,0.0,0.0
2026-03-23 00:00:00+09:00,4395.0,4430.0,4250.0,4255.0,38479,0.0,0.0
2026-03-24 00:00:00+09:00,4325.0,4455.0,4255.0,4365.0,16286,0.0,0.0
2026-03-25 00:00:00+09:00,4370.0,4445.0,4330.0,4445.0,31384,0.0,0.0
2026-03-26 00:00:00+09:00,4445.0,4450.0,4255.0,4330.0,36424,0.0,0.0
2026-03-27 00:00:00+09:00,4255.0,4335.0,4185.0,4335.0,43039,0.0,0.0
2026-03-30 00:00:00+09:00,4320.0,4320.0,4150.0,4290.0,11605,0.0,0.0
2026-03-31 00:00:00+09:00,4255.0,4300.0,4070.0,4100.0,37831,0.0,0.0
2026-04-01 00:00:00+09:00,4170.0,4370.0,4170.0,4340.0,35315,0.0,0.0
2026-04-02 00:00:00+09:00,4360.0,4420.0,4125.0,4140.0,33085,0.0,0.0
2026-04-03 00:00:00+09:00,4155.0,4300.0,4155.0,4170.0,26016,0.0,0.0
2026-04-06 00:00:00+09:00,4270.0,4270.0,4130.0,4170.0,19668,0.0,0.0
2026-04-07 00:00:00+09:00,4175.0,4245.0,4110.0,4115.0,21878,0.0,0.0
2026-04-08 00:00:00+09:00,4185.0,4590.0,4185.0,4460.0,228832,0.0,0.0
2026-04-09 00:00:00+09:00,4450.0,4540.0,4330.0,4370.0,79884,0.0,0.0
2026-04-10 00:00:00+09:00,4485.0,4485.0,4350.0,4445.0,56862,0.0,0.0
2026-04-13 00:00:00+09:00,4370.0,4435.0,4300.0,4335.0,32588,0.0,0.0
2026-04-14 00:00:00+09:00,4405.0,4440.0,4310.0,4425.0,51596,0.0,0.0
2026-04-15 00:00:00+09:00,4425.0,4495.0,4420.0,4480.0,48592,0.0,0.0
2026-04-16 00:00:00+09:00,4600.0,4770.0,4505.0,4545.0,126558,0.0,0.0
2026-04-17 00:00:00+09:00,4590.0,4590.0,4410.0,4555.0,40956,0.0,0.0
2026-04-20 00:00:00+09:00,4555.0,4555.0,4475.0,4510.0,29892,0.0,0.0
2026-04-21 00:00:00+09:00,4550.0,4550.0,4455.0,4500.0,32762,0.0,0.0
2026-04-22 00:00:00+09:00,4490.0,4505.0,4425.0,4435.0,17978,0.0,0.0
2026-04-23 00:00:00+09:00,4440.0,4485.0,4390.0,4455.0,36937,0.0,0.0
2026-04-24 00:00:00+09:00,4510.0,4515.0,4450.0,4500.0,29761,0.0,0.0
2026-04-27 00:00:00+09:00,4575.0,4615.0,4500.0,4565.0,69046,0.0,0.0
2026-04-28 00:00:00+09:00,4635.0,4655.0,4530.0,4570.0,64560,0.0,0.0
2026-04-29 00:00:00+09:00,4555.0,4615.0,4500.0,4585.0,37293,0.0,0.0
2026-04-30 00:00:00+09:00,4620.0,4685.0,4475.0,4545.0,56321,0.0,0.0
2026-05-04 00:00:00+09:00,4545.0,4620.0,4500.0,4520.0,49520,0.0,0.0
2026-05-06 00:00:00+09:00,4520.0,4525.0,4410.0,4430.0,49006,0.0,0.0
2026-05-07 00:00:00+09:00,4430.0,4610.0,4370.0,4545.0,82629,0.0,0.0
2026-05-08 00:00:00+09:00,4545.0,4590.0,4445.0,4540.0,68168,0.0,0.0
2026-05-11 00:00:00+09:00,4540.0,4550.0,4255.0,4260.0,79332,0.0,0.0
2026-05-12 00:00:00+09:00,4240.0,4415.0,4150.0,4295.0,62005,0.0,0.0
2026-05-13 00:00:00+09:00,4295.0,4340.0,4190.0,4285.0,31986,0.0,0.0
2026-05-14 00:00:00+09:00,4275.0,4295.0,4190.0,4210.0,46775,0.0,0.0
2026-05-15 00:00:00+09:00,4210.0,4350.0,4145.0,4175.0,77815,0.0,0.0
2026-05-18 00:00:00+09:00,4170.0,4410.0,4010.0,4105.0,38263,0.0,0.0
2026-05-19 00:00:00+09:00,4075.0,4140.0,3920.0,3950.0,25907,0.0,0.0
2026-05-20 00:00:00+09:00,3950.0,4040.0,3830.0,3885.0,49561,0.0,0.0
2026-05-21 00:00:00+09:00,3900.0,4250.0,3900.0,4100.0,36693,0.0,0.0
2026-05-22 00:00:00+09:00,4070.0,4140.0,4065.0,4105.0,30238,0.0,0.0
2026-05-26 00:00:00+09:00,4100.0,4210.0,4000.0,4125.0,60741,0.0,0.0
2026-05-27 00:00:00+09:00,4150.0,4195.0,3905.0,3905.0,124222,0.0,0.0
2026-05-28 00:00:00+09:00,4000.0,4070.0,3705.0,3790.0,85640,0.0,0.0
2026-05-29 00:00:00+09:00,3800.0,3885.0,3600.0,3705.0,84206,0.0,0.0
2026-06-01 00:00:00+09:00,3705.0,3710.0,3425.0,3465.0,49414,0.0,0.0
2026-06-02 00:00:00+09:00,3510.0,3565.0,3320.0,3500.0,36222,0.0,0.0
2026-06-04 00:00:00+09:00,3500.0,3585.0,3350.0,3380.0,18069,0.0,0.0
2026-06-05 00:00:00+09:00,3500.0,3500.0,3260.0,3390.0,32455,0.0,0.0
2026-06-08 00:00:00+09:00,3165.0,3315.0,3165.0,3230.0,40167,0.0,0.0
2026-06-09 00:00:00+09:00,3175.0,3485.0,3175.0,3320.0,27104,0.0,0.0
2026-06-10 00:00:00+09:00,3280.0,3520.0,3215.0,3240.0,50308,0.0,0.0
2026-06-11 00:00:00+09:00,3235.0,3290.0,3110.0,3285.0,23502,0.0,0.0
2026-06-12 00:00:00+09:00,3350.0,3490.0,3350.0,3410.0,29631,0.0,0.0
