Date,Open,High,Low,Close,Volume,Dividends,Stock Splits
2018-10-01 00:00:00+09:00,10334.508082580844,11482.78744201494,9186.2294921875,9186.2294921875,5689212,0.0,0.0
2018-10-02 00:00:00+09:00,9301.05899981285,10219.682196354466,8994.851523979278,9836.9228515625,2284270,0.0,0.0
2018-10-04 00:00:00+09:00,9530.71360763403,9932.611229627815,8937.43634874815,9186.2294921875,1060759,0.0,0.0
2018-10-05 00:00:00+09:00,9109.678824985505,9683.818579548491,9052.265310953719,9377.6103515625,583217,0.0,0.0
2018-10-08 00:00:00+09:00,9186.230902682024,9645.542870788604,9147.954969426548,9224.5068359375,269100,0.0,0.0
2018-10-10 00:00:00+09:00,9301.058697856672,9454.163199843862,8746.057281405832,9128.8173828125,243314,0.0,0.0
2018-10-11 00:00:00+09:00,8650.36773201137,8841.74739596366,8286.745985981583,8363.2978515625,274859,0.0,0.0
2018-10-12 00:00:00+09:00,8497.262799375947,9339.333201701178,8344.158320821514,9186.2294921875,398701,0.0,0.0
2018-10-15 00:00:00+09:00,9186.231103394826,9722.094949720613,8880.023630660598,9664.6806640625,354329,0.0,0.0
2018-10-16 00:00:00+09:00,9894.335047637729,10028.30118494778,9549.851683321476,9722.09375,252692,0.0,0.0
2018-10-17 00:00:00+09:00,10047.43920002628,10066.576779553701,9396.747653360102,9702.955078125,326677,0.0,0.0
2018-10-18 00:00:00+09:00,9856.061665542917,10334.511290823291,9645.544384129067,10296.2353515625,361865,0.0,0.0
2018-10-19 00:00:00+09:00,10334.508893632064,10640.717105731364,10066.577380955889,10411.0615234375,382213,0.0,0.0
2018-10-22 00:00:00+09:00,10583.303492088093,10602.441843004834,10334.50954441564,10391.923828125,119122,0.0,0.0
2018-10-23 00:00:00+09:00,10353.647670100081,10372.785251559642,9875.198136080066,9951.75,257838,0.0,0.0
2018-10-24 00:00:00+09:00,10219.6830440862,10219.6830440862,9243.646249383122,9396.75,275379,0.0,0.0
2018-10-25 00:00:00+09:00,8860.883724950556,9435.023404667605,8612.090581511206,9186.2294921875,203394,0.0,0.0
2018-10-26 00:00:00+09:00,9262.782539268104,9358.472754551965,8420.712028549884,8688.6435546875,244824,0.0,0.0
2018-10-29 00:00:00+09:00,8516.401046645678,8918.298700167825,8516.401046645678,8650.3671875,97904,0.0,0.0
2018-10-30 00:00:00+09:00,8612.089873127763,8822.607071872699,7923.1224679461475,7999.67431640625,258895,0.0,0.0
2018-10-31 00:00:00+09:00,8191.056096929428,8363.298185892447,7903.986205004696,8229.33203125,195592,0.0,0.0
2018-11-01 00:00:00+09:00,8305.882119187418,8688.642149373842,8037.950636385431,8076.2265625,181483,0.0,0.0
2018-11-02 00:00:00+09:00,8248.470164815903,8516.401697974972,8114.504013715931,8382.435546875,180904,0.0,0.0
2018-11-05 00:00:00+09:00,8382.434905791359,8688.643117881118,8248.469533977854,8650.3671875,141591,0.0,0.0
2018-11-06 00:00:00+09:00,8612.091690076753,8765.195419298247,8458.987960855258,8688.6435546875,144926,0.0,0.0
2018-11-07 00:00:00+09:00,8688.6435546875,8918.299148519742,8535.539825466005,8688.6435546875,152125,0.0,0.0
2018-11-08 00:00:00+09:00,8860.88432842271,8975.712887419142,8765.19488798009,8822.6083984375,72684,0.0,0.0
2018-11-09 00:00:00+09:00,8746.05793391096,8860.8857421875,8650.368478200977,8860.8857421875,142116,0.0,0.0
2018-11-12 00:00:00+09:00,8860.884757577094,8860.884757577094,8650.367516982982,8765.1953125,52190,0.0,0.0
2018-11-13 00:00:00+09:00,8669.505859375,8765.196081892445,8458.988600302078,8669.505859375,193856,0.0,0.0
2018-11-14 00:00:00+09:00,8669.504681593155,8994.850471104037,8669.504681593155,8975.712890625,295600,0.0,0.0
2018-11-15 00:00:00+09:00,8535.540582532529,8707.781908663364,8191.056392189015,8592.9541015625,337258,0.0,0.0
2018-11-16 00:00:00+09:00,8592.953115626064,8592.953115626064,8133.641939922956,8497.263671875,222361,0.0,0.0
2018-11-19 00:00:00+09:00,8401.573888120847,8650.367838852115,8382.43553696881,8535.5400390625,129018,0.0,0.0
2018-11-20 00:00:00+09:00,8382.434496560969,8746.056201949987,8229.330782511019,8707.7802734375,103965,0.0,0.0
2018-11-21 00:00:00+09:00,8554.676977026797,8650.3671875,8325.02139474009,8650.3671875,82068,0.0,0.0
2018-11-22 00:00:00+09:00,8497.263785797044,8669.505094474518,8401.573571722238,8516.4013671875,61545,0.0,0.0
2018-11-23 00:00:00+09:00,8439.849276754698,8612.091349844653,8267.60720366474,8325.021484375,48032,0.0,0.0
2018-11-26 00:00:00+09:00,8248.469520905668,8401.5732421875,8248.469520905668,8401.5732421875,53776,0.0,0.0
2018-11-27 00:00:00+09:00,8325.021381546583,8535.539382829511,8191.055240904573,8401.5732421875,75194,0.0,0.0
2018-11-28 00:00:00+09:00,8305.883567856381,8420.712135268619,8286.745985981583,8363.2978515625,22884,0.0,0.0
2018-11-29 00:00:00+09:00,8325.022027038234,8478.125760191168,8286.74609375,8286.74609375,15842,0.0,0.0
2018-11-30 00:00:00+09:00,8420.712359532907,8420.712359532907,8114.504120013297,8305.8837890625,57848,0.0,0.0
2018-12-03 00:00:00+09:00,8305.883567856381,8382.435433437298,8248.470053191124,8363.2978515625,33365,0.0,0.0
2018-12-04 00:00:00+09:00,8344.15829987719,8344.15829987719,8229.330518030156,8267.6064453125,11990,0.0,0.0
2018-12-05 00:00:00+09:00,8191.05459074781,8286.744793474048,8057.089229779979,8267.6064453125,27974,0.0,0.0
2018-12-06 00:00:00+09:00,8325.020720756393,8401.572575321083,8171.917011627014,8267.6064453125,44615,0.0,0.0
2018-12-07 00:00:00+09:00,8191.055342078276,8382.434996044438,8191.055342078276,8325.021484375,32852,0.0,0.0
2018-12-10 00:00:00+09:00,8171.9184052485,8344.15972287234,8171.9184052485,8305.8837890625,24226,0.0,0.0
2018-12-11 00:00:00+09:00,8248.470053191124,8420.712135268619,8248.470053191124,8363.2978515625,15529,0.0,0.0
2018-12-12 00:00:00+09:00,8191.055672093985,8803.471358500607,8191.055672093985,8784.3330078125,69250,0.0,0.0
2018-12-13 00:00:00+09:00,8669.504892557701,8918.298828125,8650.36731161297,8918.298828125,55865,0.0,0.0
2018-12-14 00:00:00+09:00,8956.575757886425,8994.85169308522,8592.95398897741,8669.505859375,16300,0.0,0.0
2018-12-17 00:00:00+09:00,8726.919709915697,8746.057292036814,8516.401692338186,8631.2294921875,13677,0.0,0.0
2018-12-18 00:00:00+09:00,8554.677302865044,8937.437390295949,8516.401371026039,8765.1953125,26592,0.0,0.0
2018-12-19 00:00:00+09:00,8765.195426165246,8975.713438530156,8669.505210806417,8784.3330078125,18148,0.0,0.0
2018-12-20 00:00:00+09:00,8784.333220752895,8918.299371694548,8478.125754647257,8535.5400390625,24359,0.0,0.0
2018-12-21 00:00:00+09:00,8612.0908203125,8803.470462511288,8401.572829373443,8612.0908203125,51320,0.0,0.0
2018-12-24 00:00:00+09:00,8707.780256891507,8726.918605631772,8478.124686252959,8612.0908203125,30888,0.0,0.0
2018-12-26 00:00:00+09:00,8305.883469100067,9492.43890957795,8305.883469100067,8784.3330078125,123848,0.0,0.0
2018-12-27 00:00:00+09:00,8892.828771108101,9241.567673315023,8892.828771108101,9164.0703125,48046,136.09268,0.0
2018-12-28 00:00:00+09:00,9202.819240924879,10113.413644311717,8970.326373674774,9745.30078125,148663,0.0,0.0
2019-01-02 00:00:00+09:00,9784.050030923245,9784.050030923245,9105.947676865497,9687.1787109375,71458,0.0,0.0
2019-01-03 00:00:00+09:00,9435.31189147088,9551.557942748252,9202.819788916135,9377.1884765625,17617,0.0,0.0
2019-01-04 00:00:00+09:00,9338.43844775809,9648.428651721582,9067.197700511897,9532.1826171875,24162,0.0,0.0
2019-01-07 00:00:00+09:00,9338.439333149292,9415.936696852987,9144.695923890056,9202.8193359375,45913,0.0,0.0
2019-01-08 00:00:00+09:00,9280.316374167993,9299.690325144773,9067.1982421875,9067.1982421875,6861,0.0,0.0
2019-01-09 00:00:00+09:00,9222.194634134254,9764.67703780778,9047.825929610892,9357.8154296875,15547,0.0,0.0
2019-01-10 00:00:00+09:00,9357.814481035726,9551.5578989428,9241.568430291483,9260.9423828125,7670,0.0,0.0
2019-01-11 00:00:00+09:00,9493.434527839872,9493.434527839872,9299.691109044252,9377.1884765625,21763,0.0,0.0
2019-01-14 00:00:00+09:00,9338.438192636138,9415.935546875,9164.069534868324,9415.935546875,37074,0.0,0.0
2019-01-15 00:00:00+09:00,9299.691066393914,9396.563164617142,9202.819746710069,9260.9423828125,21463,0.0,0.0
2019-01-16 00:00:00+09:00,9183.443820541135,9590.305334467823,9105.946463463604,9454.6845703125,39860,0.0,0.0
2019-01-17 00:00:00+09:00,9493.434109652902,9667.803568157657,9260.942017339465,9319.0654296875,55352,0.0,0.0
2019-01-18 00:00:00+09:00,9377.18686975557,9687.17706525027,9260.940838397275,9415.935546875,46756,0.0,0.0
2019-01-21 00:00:00+09:00,9609.682287769476,9609.682287769476,9319.066742177925,9357.8154296875,14689,0.0,0.0
2019-01-22 00:00:00+09:00,9357.8154296875,9454.68675919171,9299.692009153407,9357.8154296875,18236,0.0,0.0
2019-01-23 00:00:00+09:00,9415.93780249109,9493.435175294679,9280.317789354527,9338.4404296875,32984,0.0,0.0
2019-01-24 00:00:00+09:00,9377.189116089294,9493.435175294679,9319.06647575632,9338.4404296875,26915,0.0,0.0
2019-01-25 00:00:00+09:00,9338.439110615973,9415.93647247292,9241.567797564456,9299.6904296875,40337,0.0,0.0
2019-01-28 00:00:00+09:00,9260.941969445597,9299.690651297446,9144.695923890056,9202.8193359375,51281,0.0,0.0
2019-01-29 00:00:00+09:00,9202.819013182236,9202.819013182236,9009.074832178521,9067.1982421875,53472,0.0,0.0
2019-01-30 00:00:00+09:00,9067.1982421875,9260.941644651894,8970.326151685644,9067.1982421875,13116,0.0,0.0
2019-01-31 00:00:00+09:00,9435.311451488515,9435.311451488515,8912.203855863918,9105.947265625,19004,0.0,0.0
2019-02-01 00:00:00+09:00,9009.075437792622,9144.69621790415,8892.829388499616,9125.322265625,22897,0.0,0.0
2019-02-07 00:00:00+09:00,9144.695583026585,9164.0703125,9047.824271277466,9164.0703125,5614,0.0,0.0
2019-02-08 00:00:00+09:00,9144.695922840267,9144.695922840267,8892.8291015625,8892.8291015625,30692,0.0,0.0
2019-02-11 00:00:00+09:00,8892.8291015625,8912.203831755873,8815.331737867702,8892.8291015625,39117,0.0,0.0
2019-02-12 00:00:00+09:00,8873.45541854203,9009.07541984399,8873.45541854203,8912.2041015625,9141,0.0,0.0
2019-02-13 00:00:00+09:00,8912.2041015625,9086.573564424301,8757.209369480619,8912.2041015625,22775,0.0,0.0
2019-02-14 00:00:00+09:00,8912.203468170905,9086.572918640244,8892.828738767948,8950.9521484375,9206,0.0,0.0
2019-02-15 00:00:00+09:00,8950.952441192869,8989.701122726803,8815.331666554428,8873.455078125,12235,0.0,0.0
2019-02-18 00:00:00+09:00,8834.706419534014,8873.455101168574,8776.5830078125,8776.5830078125,20971,0.0,0.0
2019-02-19 00:00:00+09:00,8776.5830078125,8950.952464437696,8776.5830078125,8776.5830078125,13624,0.0,0.0
2019-02-20 00:00:00+09:00,8776.582610140342,8834.706019228248,8621.587890625,8621.587890625,26596,0.0,0.0
2019-02-21 00:00:00+09:00,8621.588109764667,8795.957562921125,8524.716796875,8524.716796875,66835,0.0,0.0
2019-02-22 00:00:00+09:00,8524.717163062007,8640.963210646658,8466.59375,8466.59375,9108,0.0,0.0
2019-02-25 00:00:00+09:00,8408.470073987482,8757.208984375,8408.470073987482,8757.208984375,11073,0.0,0.0
2019-02-26 00:00:00+09:00,8679.712323533015,8737.8349609375,8563.466270184643,8737.8349609375,20220,0.0,0.0
2019-02-27 00:00:00+09:00,8582.839529181241,8892.828979712956,8582.839529181241,8757.208984375,12095,0.0,0.0
2019-02-28 00:00:00+09:00,8776.582935763563,9028.44975359025,8699.085573130635,8757.208984375,12338,0.0,0.0
2019-03-04 00:00:00+09:00,8718.460374630331,8776.5830078125,8602.214329726647,8776.5830078125,20374,0.0,0.0
2019-03-05 00:00:00+09:00,8757.210264587231,8795.958951568347,8640.964203643884,8679.712890625,8976,0.0,0.0
2019-03-06 00:00:00+09:00,8699.086164355254,8757.209579549919,8505.342744605356,8602.21484375,13247,0.0,0.0
2019-03-07 00:00:00+09:00,8544.09020373752,8737.833595713793,8408.469440084491,8485.966796875,21709,0.0,0.0
2019-03-08 00:00:00+09:00,8330.973264583376,8737.834834694078,8330.973264583376,8389.0966796875,20428,0.0,0.0
2019-03-11 00:00:00+09:00,8330.972367131642,8427.844455689867,8059.73160912364,8408.4697265625,45244,0.0,0.0
2019-03-12 00:00:00+09:00,8621.588205084272,8621.588205084272,8427.8447986236,8447.21875,18485,0.0,0.0
2019-03-13 00:00:00+09:00,8640.963276518081,8815.331959954618,8427.845131718574,8795.9580078125,34967,0.0,0.0
2019-03-14 00:00:00+09:00,8795.957562921125,9028.449648103517,8330.972614017013,8524.716796875,89392,0.0,0.0
2019-03-15 00:00:00+09:00,8524.716966457525,8776.5830078125,8447.21882464906,8776.5830078125,65734,0.0,0.0
2019-03-18 00:00:00+09:00,8873.45512663766,9067.198535366559,8718.460399654541,8989.701171875,941819,0.0,0.0
2019-03-19 00:00:00+09:00,9067.198993163322,9919.670813150547,9067.198993163322,9687.1787109375,289462,0.0,0.0
2019-03-20 00:00:00+09:00,9687.1787109375,9900.296082029769,9493.434513887243,9687.1787109375,102506,0.0,0.0
2019-03-21 00:00:00+09:00,9551.557998434868,9939.044838285197,9454.68589920259,9706.552734375,52355,0.0,0.0
2019-03-22 00:00:00+09:00,9706.550835810222,9939.04289424585,9706.550835810222,9919.6689453125,69267,0.0,0.0
2019-03-25 00:00:00+09:00,10016.540247057726,10016.540247057726,9512.807453780533,9919.6689453125,46909,0.0,0.0
2019-03-26 00:00:00+09:00,9919.66999433033,10152.162077352294,9803.423952819347,9939.0439453125,56000,0.0,0.0
2019-03-27 00:00:00+09:00,9861.548221011119,10345.907196964848,9861.548221011119,10016.54296875,58490,0.0,0.0
2019-03-28 00:00:00+09:00,10016.54296875,10132.78980809361,9706.553473272237,10016.54296875,24125,0.0,0.0
2019-03-29 00:00:00+09:00,9900.296472722865,10229.660686458665,9900.296472722865,10055.2919921875,27055,0.0,0.0
2019-04-01 00:00:00+09:00,10055.29111096023,10229.659789950045,9977.79296875,9977.79296875,22547,0.0,0.0
2019-04-02 00:00:00+09:00,10074.664939739723,10094.039669690828,9784.049440248526,9842.1728515625,23203,0.0,0.0
2019-04-03 00:00:00+09:00,9842.172177841569,9900.294806637568,9609.680105579,9667.802734375,45236,0.0,0.0
2019-04-04 00:00:00+09:00,9667.803756268922,9822.798487493692,9590.306390656538,9784.0498046875,25293,0.0,0.0
2019-04-05 00:00:00+09:00,9784.04917126491,9842.172580980952,9570.931818897825,9822.7978515625,55005,0.0,0.0
2019-04-08 00:00:00+09:00,10655.895680974007,10655.895680974007,9648.429211368946,10035.916015625,102015,0.0,0.0
2019-04-09 00:00:00+09:00,10074.664989980816,10074.664989980816,9687.178174419763,9958.4189453125,80525,0.0,0.0
2019-04-10 00:00:00+09:00,9822.798170596461,10035.916308424712,9725.926855975868,9958.4189453125,21166,0.0,0.0
2019-04-11 00:00:00+09:00,9919.670511342958,9939.044463334898,9725.927098726761,9764.67578125,20310,0.0,0.0
2019-04-12 00:00:00+09:00,9764.674239688748,9939.04289424585,9648.428210470935,9919.6689453125,60817,0.0,0.0
2019-04-15 00:00:00+09:00,9880.921828819719,9919.670511342958,9667.803685672221,9764.67578125,28785,0.0,0.0
2019-04-16 00:00:00+09:00,9764.67607834185,9784.050030923245,9609.681343533151,9687.1787109375,15430,0.0,0.0
2019-04-17 00:00:00+09:00,9687.17872517488,9784.050045302996,9319.065840193507,9377.1884765625,33533,0.0,0.0
2019-04-18 00:00:00+09:00,9260.942425285128,9648.430041415755,9260.942425285128,9377.1884765625,30840,0.0,0.0
2019-04-19 00:00:00+09:00,9377.187213234967,9570.93138446808,9260.941177618668,9454.6845703125,21697,0.0,0.0
2019-04-22 00:00:00+09:00,9377.187553910455,9725.9264519684,9299.690194017425,9493.43359375,22862,0.0,0.0
2019-04-23 00:00:00+09:00,9629.054934675973,9629.054934675973,9105.94733506242,9435.3115234375,38451,0.0,0.0
2019-04-24 00:00:00+09:00,9377.187095013493,9377.187095013493,9067.197670611507,9222.1923828125,251388,0.0,0.0
2019-04-25 00:00:00+09:00,9222.193067830554,9338.439110615973,8931.577571597341,9299.6904296875,40808,0.0,0.0
2019-04-26 00:00:00+09:00,9125.321972233807,9415.936696852987,9067.198560186362,9202.8193359375,64389,0.0,0.0
2019-04-29 00:00:00+09:00,9415.935804114144,9570.931295365528,9125.321107048576,9532.1826171875,68843,0.0,0.0
2019-04-30 00:00:00+09:00,9570.931010475373,9648.428364524627,9377.186846812987,9609.6796875,26211,0.0,0.0
2019-05-02 00:00:00+09:00,9609.680736143155,9687.178098649201,9435.311281234883,9629.0546875,14755,0.0,0.0
2019-05-03 00:00:00+09:00,9687.1787109375,9803.424762044024,9474.060561305847,9687.1787109375,39955,0.0,0.0
2019-05-07 00:00:00+09:00,9687.177559418677,10035.915671283603,9396.562076928258,9997.1669921875,60889,0.0,0.0
2019-05-08 00:00:00+09:00,9977.792945430625,10074.6650390625,9803.424266848333,10074.6650390625,34702,0.0,0.0
2019-05-09 00:00:00+09:00,9900.295605079118,9977.79296875,9532.183516912097,9977.79296875,44372,0.0,0.0
2019-05-10 00:00:00+09:00,9958.419312182607,9958.419312182607,9570.932482346463,9900.2958984375,20751,0.0,0.0
2019-05-13 00:00:00+09:00,9706.551998996973,9745.300680046368,9512.80859375,9512.80859375,9877,0.0,0.0
2019-05-14 00:00:00+09:00,9415.937117138157,9454.685800719571,9222.193699231086,9260.9423828125,144406,0.0,0.0
2019-05-15 00:00:00+09:00,9202.818703623028,9357.813420380919,9164.070024433555,9241.5673828125,13840,0.0,0.0
2019-05-16 00:00:00+09:00,9241.568041727433,9435.311451488515,8989.70121976835,9105.947265625,18915,0.0,0.0
2019-05-17 00:00:00+09:00,9105.945660814261,9260.940361307219,9086.571712522247,9144.6943359375,12568,0.0,0.0
2019-05-20 00:00:00+09:00,9125.322552901127,9202.819921536175,8795.958346932477,8834.70703125,14046,0.0,0.0
2019-05-21 00:00:00+09:00,8834.706468061075,8931.577783409899,8699.085692325505,8892.8291015625,36210,0.0,0.0
2019-05-22 00:00:00+09:00,8795.957786213678,8950.952513603272,8718.46042251888,8892.8291015625,29318,0.0,0.0
2019-05-23 00:00:00+09:00,8795.957786213678,8931.577783409899,8621.588328630707,8892.8291015625,31540,0.0,0.0
2019-05-24 00:00:00+09:00,8699.085738312311,9551.557522000938,8699.085738312311,9319.0654296875,73731,0.0,0.0
2019-05-27 00:00:00+09:00,9280.315918320006,9357.813275499104,8699.0849609375,8699.0849609375,31235,0.0,0.0
2019-05-28 00:00:00+09:00,8815.331133189009,9687.177582761082,8563.465107727083,9241.5673828125,66148,0.0,0.0
2019-05-29 00:00:00+09:00,9164.07199213962,9357.8154296875,8873.456446548069,9357.8154296875,462864,0.0,0.0
2019-05-30 00:00:00+09:00,9299.69137512333,9396.5634765625,8912.20452644547,9396.5634765625,17181,0.0,0.0
2019-05-31 00:00:00+09:00,9202.818703623028,9396.56209957039,9028.449258000754,9241.5673828125,16280,0.0,0.0
2019-06-03 00:00:00+09:00,9338.439614787672,9357.814345567593,8912.2041015625,8912.2041015625,17294,0.0,0.0
2019-06-04 00:00:00+09:00,8970.328125,9105.948925828925,8815.333368932366,8970.328125,14375,0.0,0.0
2019-06-05 00:00:00+09:00,8912.203468170905,9067.198189237288,8892.828738767948,8950.9521484375,8042,0.0,0.0
2019-06-07 00:00:00+09:00,8950.952490129219,9047.824583763342,8854.080396495097,8989.701171875,7912,0.0,0.0
2019-06-10 00:00:00+09:00,9202.818979836602,9202.818979836602,8815.331397772523,8854.080078125,19837,0.0,0.0
2019-06-11 00:00:00+09:00,8873.454787904308,9028.449508970692,8834.706107637712,8950.9521484375,21156,0.0,0.0
2019-06-12 00:00:00+09:00,8970.327037091634,8970.327037091634,8815.332299821539,8834.70703125,10636,0.0,0.0
2019-06-13 00:00:00+09:00,8931.577091220734,9028.449177601406,8699.085018154266,8815.3310546875,15008,0.0,0.0
2019-06-14 00:00:00+09:00,8718.460686460148,8931.57805380305,8718.460686460148,8912.2041015625,9721,0.0,0.0
2019-06-17 00:00:00+09:00,8815.33156627448,8854.080247367623,8582.83947971562,8640.962890625,21773,0.0,0.0
2019-06-18 00:00:00+09:00,8640.964203643884,8737.83553182695,8602.215516662769,8679.712890625,4804,0.0,0.0
2019-06-19 00:00:00+09:00,8640.962601345645,8989.700719508995,8640.962601345645,8718.4599609375,12426,0.0,0.0
2019-06-20 00:00:00+09:00,8892.82969873533,8892.82969873533,8602.214954634099,8737.8349609375,10787,0.0,0.0
2019-06-21 00:00:00+09:00,8795.956911720043,8795.956911720043,8563.46484375,8563.46484375,9272,0.0,0.0
2019-06-24 00:00:00+09:00,8640.962940425607,8912.203709640857,8640.962940425607,8757.208984375,22053,0.0,0.0
2019-06-25 00:00:00+09:00,8660.33689181417,8757.208984375,8563.465577792676,8757.208984375,14566,0.0,0.0
2019-06-26 00:00:00+09:00,8718.46089559994,8718.46089559994,8563.46615980002,8602.21484375,8925,0.0,0.0
2019-06-27 00:00:00+09:00,8602.215553154974,8640.96424030047,8524.718178863985,8582.8408203125,4151,0.0,0.0
2019-06-28 00:00:00+09:00,8563.46686600948,8602.215553154974,8447.220026033541,8582.8408203125,11404,0.0,0.0
2019-07-01 00:00:00+09:00,8505.341437487856,8795.956911720043,8485.966709220716,8563.46484375,11538,0.0,0.0
2019-07-02 00:00:00+09:00,8466.594089356167,8582.840141600167,8466.594089356167,8505.3427734375,3744,0.0,0.0
2019-07-03 00:00:00+09:00,8563.464932204786,8563.464932204786,8466.592846947011,8485.966796875,1617,0.0,0.0
2019-07-04 00:00:00+09:00,8485.967358734064,8485.967358734064,8427.8447265625,8427.8447265625,3946,0.0,0.0
2019-07-05 00:00:00+09:00,8427.844048948737,8427.844048948737,8234.100659721957,8253.474609375,7929,0.0,0.0
2019-07-08 00:00:00+09:00,8253.475234685684,8253.475234685684,7827.23974609375,7827.23974609375,17706,0.0,0.0
2019-07-09 00:00:00+09:00,7749.74267578125,7846.6139921049025,7555.99926459459,7749.74267578125,18741,0.0,0.0
2019-07-10 00:00:00+09:00,7749.742804560154,7749.742804560154,7207.260465683621,7497.8759765625,76715,0.0,0.0
2019-07-11 00:00:00+09:00,7478.501660507561,7807.865872529698,7459.127707262418,7769.1171875,23876,0.0,0.0
2019-07-12 00:00:00+09:00,7769.11798346797,7807.8666724675795,7672.246650238691,7691.62060546875,8604,0.0,0.0
2019-07-15 00:00:00+09:00,7594.747754673633,7730.367749803232,7594.747754673633,7672.2451171875,6853,0.0,0.0
2019-07-16 00:00:00+09:00,7710.993193050552,7710.993193050552,7420.377717170248,7517.2490234375,8060,0.0,0.0
2019-07-17 00:00:00+09:00,7594.748195223385,7594.748195223385,7207.26058163766,7555.99951171875,33217,0.0,0.0
2019-07-18 00:00:00+09:00,7381.630046678205,7807.865565229184,7362.255315656198,7555.99951171875,26555,0.0,0.0
2019-07-19 00:00:00+09:00,7652.870708087405,7652.870708087405,7420.378610800049,7497.8759765625,3944,0.0,0.0
2019-07-22 00:00:00+09:00,7362.254310578478,7672.2445148357965,7265.383004311226,7517.2490234375,12459,0.0,0.0
2019-07-23 00:00:00+09:00,7517.249928733429,7614.1220252061785,7497.8759765625,7497.8759765625,2390,0.0,0.0
2019-07-24 00:00:00+09:00,7594.748073035249,7730.368073849857,7265.383879275144,7497.8759765625,22218,0.0,0.0
2019-07-25 00:00:00+09:00,7594.747849871985,7594.747849871985,7207.26025390625,7207.26025390625,13924,0.0,0.0
2019-07-26 00:00:00+09:00,7071.639737897434,7284.7570825658195,6994.1416015625,6994.1416015625,11951,0.0,0.0
2019-07-29 00:00:00+09:00,6936.020309345588,7362.255859375,6684.153458694853,7362.255859375,27269,0.0,0.0
2019-07-30 00:00:00+09:00,7362.254212571624,7420.377618389651,6994.141385162153,7013.51611328125,18438,0.0,0.0
2019-07-31 00:00:00+09:00,7091.0146600791095,7304.1328125,6897.27123903257,7304.1328125,13134,0.0,0.0
2019-08-01 00:00:00+09:00,7284.75732421875,7284.75732421875,6994.141833575015,7284.75732421875,18864,0.0,0.0
2019-08-02 00:00:00+09:00,7052.265243119487,7284.75732421875,6936.019202569857,7284.75732421875,21882,0.0,0.0
2019-08-05 00:00:00+09:00,7284.7579654455,7284.7579654455,6587.281660753708,6645.404296875,11476,0.0,0.0
2019-08-06 00:00:00+09:00,6451.660769847471,6626.030232342603,6180.419600004868,6354.7890625,12626,0.0,0.0
2019-08-07 00:00:00+09:00,6219.167778482242,6664.778374674717,5386.070773600142,5812.306640625,240047,0.0,0.0
2019-08-08 00:00:00+09:00,5967.301905998865,5967.301905998865,5773.558489285793,5928.55322265625,33531,0.0,0.0
2019-08-09 00:00:00+09:00,5928.553164571663,6238.542628275477,5928.553164571663,6199.7939453125,22397,0.0,0.0
2019-08-12 00:00:00+09:00,6199.793885012827,7885.362745317398,6199.793885012827,6781.02490234375,60794,0.0,0.0
2019-08-13 00:00:00+09:00,6781.024153246509,7342.880377946649,6548.532083413198,6587.28076171875,41378,0.0,0.0
2019-08-14 00:00:00+09:00,6567.906033296335,6645.403389907439,6529.1573549907835,6587.28076171875,4583,0.0,0.0
2019-08-16 00:00:00+09:00,6664.778638063506,6877.89599609375,6587.281275408993,6877.89599609375,16453,0.0,0.0
2019-08-19 00:00:00+09:00,6936.019870771323,6974.7685546875,6877.896455627364,6974.7685546875,15070,0.0,0.0
2019-08-20 00:00:00+09:00,6974.76734429215,7381.62884407529,6974.76734429215,7265.3828125,23563,0.0,0.0
2019-08-21 00:00:00+09:00,7284.7577124139425,7439.75244140625,7284.7577124139425,7439.75244140625,7367,0.0,0.0
2019-08-22 00:00:00+09:00,7691.61897409029,7982.2344692180895,7459.126889403781,7827.23974609375,53698,0.0,0.0
2019-08-23 00:00:00+09:00,7672.24497182099,7827.239693912029,7672.24497182099,7710.99365234375,3701,0.0,0.0
2019-08-26 00:00:00+09:00,7710.993946028371,7885.362625752219,7226.635031776688,7633.49658203125,19313,0.0,0.0
2019-08-27 00:00:00+09:00,7633.497214212869,7633.497214212869,7304.1330006785465,7381.63037109375,10688,0.0,0.0
2019-08-28 00:00:00+09:00,7342.88088112023,8485.967358734064,7284.757470409336,8427.8447265625,2332142,0.0,0.0
2019-08-29 00:00:00+09:00,8427.84609544708,8427.84609544708,8079.10791015625,8079.10791015625,42378,0.0,0.0
2019-08-30 00:00:00+09:00,8040.358883810289,8699.086539356449,8001.609419650504,8544.091796875,69867,0.0,0.0
2019-09-02 00:00:00+09:00,8563.465599792145,8660.3369140625,8447.218777004779,8660.3369140625,20078,0.0,0.0
2019-09-03 00:00:00+09:00,8524.716796875,8776.582833219594,8292.22393315328,8524.716796875,41736,0.0,0.0
2019-09-04 00:00:00+09:00,8447.219960656781,8757.210233961043,8272.851259121297,8350.3486328125,59605,0.0,0.0
2019-09-05 00:00:00+09:00,8389.09619146689,8873.455101168574,8389.09619146689,8776.5830078125,78210,0.0,0.0
2019-09-06 00:00:00+09:00,8892.82937078258,9105.947516664852,8737.834638700699,8912.2041015625,132732,0.0,0.0
2019-09-09 00:00:00+09:00,8970.326202743958,9396.562469131042,8970.326202743958,9183.4443359375,155977,0.0,0.0
2019-09-10 00:00:00+09:00,9183.443484158413,9687.17706525027,9183.443484158413,9415.935546875,102556,0.0,0.0
2019-09-11 00:00:00+09:00,9377.188015001138,9396.562745196736,9086.573290381959,9202.8193359375,57313,0.0,0.0
2019-09-16 00:00:00+09:00,9144.695026712005,9474.059179408749,8912.202958410515,9222.1923828125,85010,0.0,0.0
2019-09-17 00:00:00+09:00,9396.564117197076,9919.671787846084,8970.32777605228,9357.8154296875,177187,0.0,0.0
2019-09-18 00:00:00+09:00,9454.685403194948,9725.926955399811,8912.203855863918,9105.947265625,193591,0.0,0.0
2019-09-19 00:00:00+09:00,9241.568472675259,9648.430041415755,8989.701638971259,9377.1884765625,171434,0.0,0.0
2019-09-20 00:00:00+09:00,9338.437711553699,9551.555814001125,9144.6943359375,9144.6943359375,152617,0.0,0.0
2019-09-23 00:00:00+09:00,9144.6965369265,9183.445221375958,8699.086276488042,8737.8349609375,54690,0.0,0.0
2019-09-24 00:00:00+09:00,8737.833911565811,8757.208640733428,8640.962601345645,8718.4599609375,24596,0.0,0.0
2019-09-25 00:00:00+09:00,8582.839797584651,8757.209258231309,8427.845067471784,8466.59375,16957,0.0,0.0
2019-09-26 00:00:00+09:00,8408.470068707866,8602.214253707873,8272.850073455062,8447.21875,8019,0.0,0.0
2019-09-27 00:00:00+09:00,8292.224221023169,8447.21894985884,8137.229492187499,8137.2294921875,31752,0.0,0.0
2019-09-30 00:00:00+09:00,8137.2298177486255,8292.224552785456,7769.116932766463,7962.8603515625,57231,0.0,0.0
2019-10-01 00:00:00+09:00,8059.7314453125,8059.7314453125,7904.736729600996,8059.7314453125,9647,0.0,0.0
2019-10-02 00:00:00+09:00,8059.733177259254,8079.10791015625,7865.989740986571,8079.10791015625,7270,0.0,0.0
2019-10-04 00:00:00+09:00,8137.230245384076,8137.230245384076,7846.614712647624,7943.48681640625,20539,0.0,0.0
2019-10-07 00:00:00+09:00,7962.860770034319,7982.235502201815,7865.98944481512,7943.48681640625,6608,0.0,0.0
2019-10-08 00:00:00+09:00,7943.486398952588,7982.235082711796,7846.614300284878,7962.8603515625,6141,0.0,0.0
2019-10-10 00:00:00+09:00,7885.363617813947,8059.733098014661,7885.363617813947,7924.1123046875,1160,0.0,0.0
2019-10-11 00:00:00+09:00,8059.732228669272,8505.342468920086,7827.240132505205,7982.23486328125,4386,0.0,0.0
2019-10-14 00:00:00+09:00,7982.23486328125,8117.855641979972,7885.36276727654,7982.23486328125,4102,0.0,0.0
2019-10-15 00:00:00+09:00,7904.737523648565,7943.486206468828,7827.2401580080395,7885.36279296875,5896,0.0,0.0
2019-10-16 00:00:00+09:00,7943.486355955859,7943.486355955859,7788.491621757989,7846.6142578125,1915,0.0,0.0
2019-10-17 00:00:00+09:00,7943.484655193645,7943.484655193645,7749.741278928282,7865.9873046875,6205,0.0,0.0
2019-10-18 00:00:00+09:00,7846.614930940394,7982.235724267554,7769.117557193287,7924.1123046875,12371,0.0,0.0
2019-10-21 00:00:00+09:00,7904.737628332576,7904.737628332576,7672.24552833206,7730.3681640625,6353,0.0,0.0
2019-10-22 00:00:00+09:00,7788.491310025493,7788.491310025493,7555.999218034129,7633.49658203125,14013,0.0,0.0
2019-10-23 00:00:00+09:00,7769.117455490976,7769.117455490976,7342.881905461564,7362.255859375,13969,0.0,0.0
2019-10-24 00:00:00+09:00,7362.254684585171,7478.500725134802,7032.89129229754,7284.75732421875,12091,0.0,0.0
2019-10-25 00:00:00+09:00,7284.757470021254,7284.757470021254,7052.265384268724,7246.0087890625,6044,0.0,0.0
2019-10-28 00:00:00+09:00,7226.634693213591,7381.6294139464335,7168.511283669119,7284.75732421875,6330,0.0,0.0
2019-10-29 00:00:00+09:00,7187.887159996323,7865.98956067647,7187.887159996323,7362.255859375,16097,0.0,0.0
2019-10-30 00:00:00+09:00,7517.2502280404115,7672.245744275989,7362.255490344234,7420.37890625,3481,0.0,0.0
2019-10-31 00:00:00+09:00,7420.378610800049,7555.999390154024,7420.378610800049,7497.8759765625,4121,0.0,0.0
2019-11-01 00:00:00+09:00,7730.368047222461,7730.368047222461,7478.501220092368,7594.748046875,2320,0.0,0.0
2019-11-04 00:00:00+09:00,7575.373464201377,7749.742929241922,7459.127413687474,7555.99951171875,7009,0.0,0.0
2019-11-05 00:00:00+09:00,7497.8761674211,7633.496950227305,7478.501436217619,7575.37353515625,596,0.0,0.0
2019-11-06 00:00:00+09:00,7575.373193840464,7633.496606292714,7497.875829597035,7536.62451171875,732,0.0,0.0
2019-11-07 00:00:00+09:00,7536.624780696743,7555.99951171875,7439.752682665467,7555.99951171875,2880,0.0,0.0
2019-11-08 00:00:00+09:00,7555.999919469964,7672.245976256958,7497.876501806756,7614.12255859375,6271,0.0,0.0
2019-11-11 00:00:00+09:00,7614.122408916053,7672.245825436677,7401.004253059644,7652.87109375,6316,0.0,0.0
2019-11-12 00:00:00+09:00,7459.126981004698,7730.367749803232,7459.126981004698,7672.2451171875,1855,0.0,0.0
2019-11-13 00:00:00+09:00,7672.245412370511,7672.245412370511,7536.624633483684,7594.748046875,775,0.0,0.0
2019-11-14 00:00:00+09:00,7594.747754673633,7672.245117187499,7517.249613620431,7672.2451171875,860,0.0,0.0
2019-11-15 00:00:00+09:00,7633.496629069254,7769.116627630238,7555.99926459459,7749.74267578125,5769,0.0,0.0
2019-11-18 00:00:00+09:00,7749.742479701366,7749.742479701366,7594.747754673633,7672.2451171875,3437,0.0,0.0
2019-11-19 00:00:00+09:00,7672.24497182099,7730.3676033354695,7633.49629129823,7710.99365234375,1240,0.0,0.0
2019-11-20 00:00:00+09:00,7710.994510270623,7749.74319510457,7478.501622727536,7652.87109375,7521,0.0,0.0
2019-11-21 00:00:00+09:00,7652.871244189414,7652.871244189414,7575.373872998085,7614.12255859375,11284,0.0,0.0
2019-11-22 00:00:00+09:00,7497.875805766613,7633.49658203125,7497.875805766613,7633.49658203125,2271,0.0,0.0
2019-11-25 00:00:00+09:00,7807.865439612308,7807.865439612308,7362.255197208525,7497.8759765625,9048,0.0,0.0
2019-11-26 00:00:00+09:00,7497.875073599759,7614.121108244026,7497.875073599759,7517.2490234375,1551,0.0,0.0
2019-11-27 00:00:00+09:00,7536.623175766774,7904.735979940572,7536.623175766774,7865.9873046875,6487,0.0,0.0
2019-11-28 00:00:00+09:00,7962.859212176826,7962.859212176826,7517.2490234375,7517.2490234375,7655,0.0,0.0
2019-11-29 00:00:00+09:00,7517.249928733429,7555.999390154024,7459.127293681274,7497.8759765625,2419,0.0,0.0
2019-12-02 00:00:00+09:00,7459.127512105497,7652.870932184979,7459.127512105497,7478.50146484375,2203,0.0,0.0
2019-12-03 00:00:00+09:00,7478.5010992665,7614.12187596218,7478.5010992665,7536.62451171875,913,0.0,0.0
2019-12-04 00:00:00+09:00,7652.87085964939,7652.87085964939,7439.752710312245,7459.12744140625,1468,0.0,0.0
2019-12-05 00:00:00+09:00,7459.12744140625,7517.2500776095,7459.12744140625,7459.12744140625,8507,0.0,0.0
2019-12-06 00:00:00+09:00,7459.126395385004,8447.218079130907,7304.131682525981,7517.2490234375,80897,0.0,0.0
2019-12-09 00:00:00+09:00,7517.2502280404115,7633.497059851944,7381.630221825956,7420.37890625,9124,0.0,0.0
2019-12-10 00:00:00+09:00,7323.5066593663605,7555.999539797512,7323.5066593663605,7459.12744140625,4777,0.0,0.0
2019-12-11 00:00:00+09:00,7459.127171799966,7517.249805902404,7342.8811250557355,7439.75244140625,4151,0.0,0.0
2019-12-12 00:00:00+09:00,7381.630144073704,7478.50146484375,7362.25541279606,7478.50146484375,2205,0.0,0.0
2019-12-13 00:00:00+09:00,7401.0039835206835,7478.501350366181,7323.506616675186,7342.88134765625,4695,0.0,0.0
2019-12-16 00:00:00+09:00,7342.881496709308,7381.630180918616,7207.260712707033,7304.1328125,6775,0.0,0.0
2019-12-17 00:00:00+09:00,7304.1330006785465,7420.379056301352,7304.1330006785465,7381.63037109375,2464,0.0,0.0
2019-12-18 00:00:00+09:00,7187.886759872076,7362.255449544265,7187.886759872076,7304.1328125,9591,0.0,0.0
2019-12-19 00:00:00+09:00,7284.75741804157,7284.75741804157,7091.014014630233,7129.7626953125,27170,0.0,0.0
2019-12-20 00:00:00+09:00,7168.51167184436,7168.51167184436,6994.142212308142,7052.265625,22909,0.0,0.0
2019-12-23 00:00:00+09:00,6974.768115723777,7149.137571642156,6974.768115723777,7091.01416015625,3771,0.0,0.0
2019-12-24 00:00:00+09:00,7091.01416015625,7110.388890164665,6994.142067192852,7091.01416015625,18214,0.0,0.0
2019-12-26 00:00:00+09:00,7091.0140652274795,7265.383518811542,7071.640114017767,7246.0087890625,17230,0.0,0.0
2019-12-27 00:00:00+09:00,7344.9991689105045,7523.179199218749,7246.009644417409,7523.17919921875,18253,194.41812,0.0
2019-12-30 00:00:00+09:00,7404.391828756811,7562.7744225506185,7404.391828756811,7503.38134765625,1310,0.0,0.0
2020-01-02 00:00:00+09:00,7523.179211157279,7542.977434309981,7384.59483131502,7463.7861328125,3191,0.0,0.0
2020-01-03 00:00:00+09:00,7404.391664287418,7622.168123694872,7364.796016718481,7384.59423828125,3193,0.0,0.0
2020-01-06 00:00:00+09:00,7384.594510169629,7443.987585931487,7226.2119140625,7226.2119140625,24415,0.0,0.0
2020-01-07 00:00:00+09:00,7285.6046598619705,7424.189822957552,7206.41336539495,7404.3916015625,13782,0.0,0.0
2020-01-08 00:00:00+09:00,7325.199964335519,7364.795609716274,7166.8173828125,7166.8173828125,2565,0.0,0.0
2020-01-09 00:00:00+09:00,7226.211621655707,7305.402916504816,7127.222105316021,7147.01953125,1499,0.0,0.0
2020-01-10 00:00:00+09:00,7147.019442527606,7542.976707414376,7147.019442527606,7364.7958984375,7071,0.0,0.0
2020-01-13 00:00:00+09:00,7364.7959610126745,7523.17855009045,7265.807240617363,7344.99853515625,7968,0.0,0.0
2020-01-14 00:00:00+09:00,7265.80706680467,7344.998359449142,7226.211420482434,7285.6044921875,2067,0.0,0.0
2020-01-15 00:00:00+09:00,7285.60469501424,7325.200342438795,7127.222105316021,7147.01953125,32799,0.0,0.0
2020-01-16 00:00:00+09:00,7147.019162343844,7206.413028193255,7107.42351696309,7166.8173828125,10521,0.0,0.0
2020-01-17 00:00:00+09:00,7147.019703869103,7206.41357421875,7147.019703869103,7206.41357421875,2629,0.0,0.0
2020-01-20 00:00:00+09:00,7206.413234556456,7206.413234556456,6949.041134433152,6968.83935546875,16130,0.0,0.0
2020-01-21 00:00:00+09:00,6850.052726098269,7008.435319328372,6850.052726098269,6909.44580078125,1944,0.0,0.0
2020-01-22 00:00:00+09:00,7087.626736550225,7087.626736550225,6751.063322430808,6929.244140625,8523,0.0,0.0
2020-01-23 00:00:00+09:00,6929.244247688802,7048.031196468099,6830.2547259277335,7008.435546875,1252,0.0,0.0
2020-01-28 00:00:00+09:00,6711.46722838682,6790.658521097959,6671.87158203125,6671.87158203125,6832,0.0,0.0
2020-01-29 00:00:00+09:00,6671.87158203125,6830.25416745353,6513.488996608971,6671.87158203125,8536,0.0,0.0
2020-01-30 00:00:00+09:00,6671.871910936095,7008.435319328372,6652.074086782332,6909.44580078125,19893,0.0,0.0
2020-01-31 00:00:00+09:00,6889.647714785173,6889.647714785173,6572.882160874057,6731.26513671875,13270,0.0,0.0
2020-02-03 00:00:00+09:00,6652.074351849241,6790.659126447804,6473.893927365373,6751.0634765625,1685,0.0,0.0
2020-02-04 00:00:00+09:00,6632.276201642796,6691.670071336248,6374.904092232185,6513.4892578125,32359,0.0,0.0
2020-02-05 00:00:00+09:00,6513.489312660645,6711.46755404492,6513.489312660645,6553.0849609375,17434,0.0,0.0
2020-02-06 00:00:00+09:00,6454.0958402453625,6671.871905768065,6434.2980161069345,6553.0849609375,10455,0.0,0.0
2020-02-07 00:00:00+09:00,6513.488884433939,6731.265333417324,6513.488884433939,6592.68017578125,1950,0.0,0.0
2020-02-10 00:00:00+09:00,6612.47802734375,6711.467141957913,6533.28673565242,6612.47802734375,15152,0.0,0.0
2020-02-11 00:00:00+09:00,6810.456654350359,6810.456654350359,6533.28673565242,6612.47802734375,6367,0.0,0.0
2020-02-12 00:00:00+09:00,6869.849725340573,6869.849725340573,6513.488912729587,6612.47802734375,6554,0.0,0.0
2020-02-13 00:00:00+09:00,6770.860836766252,6830.25390625,6612.477859622589,6830.25390625,4104,0.0,0.0
2020-02-14 00:00:00+09:00,6632.2762851630905,6731.265804046549,6553.08498827897,6572.8828125,2707,0.0,0.0
2020-02-17 00:00:00+09:00,6533.287081784217,6612.47837767108,6493.691433840784,6513.4892578125,6371,0.0,0.0
2020-02-18 00:00:00+09:00,6355.106013408404,6711.46722838682,6355.106013408404,6671.87158203125,14229,0.0,0.0
2020-02-19 00:00:00+09:00,6671.87146712856,6671.87146712856,6592.68017578125,6592.68017578125,3512,0.0,0.0
2020-02-20 00:00:00+09:00,6652.073556547862,6671.871379123548,6533.28662109375,6533.28662109375,10011,0.0,0.0
2020-02-21 00:00:00+09:00,6652.074210940008,6652.074210940008,6315.510796265941,6355.1064453125,8587,0.0,0.0
2020-02-24 00:00:00+09:00,6216.521400649056,6493.691329581279,6117.532282379797,6157.1279296875,9711,0.0,0.0
2020-02-25 00:00:00+09:00,6176.925719670514,6414.5,6137.3300725786485,6414.5,6559,0.0,0.0
2020-02-26 00:00:00+09:00,6454.095415923456,6632.275821454905,6414.499770249801,6592.68017578125,24283,0.0,0.0
2020-02-27 00:00:00+09:00,6493.691173829535,6671.871582440529,6295.712544261253,6394.70166015625,45800,0.0,0.0
2020-02-28 00:00:00+09:00,6394.70209435906,6929.244152044236,6295.712971742662,6355.1064453125,92890,0.0,0.0
2020-03-02 00:00:00+09:00,6275.914529831564,6592.680088820806,6275.914529831564,6533.28662109375,12363,0.0,0.0
2020-03-03 00:00:00+09:00,6513.488968815604,6810.456712993489,6493.691145722297,6652.07373046875,36074,0.0,0.0
2020-03-04 00:00:00+09:00,6671.87158203125,6691.669802987323,6553.084642964541,6671.87158203125,1518,0.0,0.0
2020-03-05 00:00:00+09:00,6671.871933605151,6810.45710093067,6572.8828125,6572.8828125,16121,0.0,0.0
2020-03-06 00:00:00+09:00,6533.28662109375,6691.669599477508,6493.690975942379,6533.28662109375,6933,0.0,0.0
2020-03-09 00:00:00+09:00,6513.489051703788,6850.052446351265,6513.489051703788,6711.46728515625,42292,0.0,0.0
2020-03-10 00:00:00+09:00,6711.46722838682,6711.46722838682,6553.084642964541,6671.87158203125,2903,0.0,0.0
2020-03-11 00:00:00+09:00,6533.28679190891,6770.861066806876,6533.28679190891,6652.07373046875,35214,0.0,0.0
2020-03-12 00:00:00+09:00,6533.287081784217,6751.063145473092,6493.691433840784,6513.4892578125,33560,0.0,0.0
2020-03-13 00:00:00+09:00,6434.297421786748,6592.680000264759,6097.734044742701,6473.89306640625,32151,0.0,0.0
2020-03-16 00:00:00+09:00,6295.712660946109,6830.254294464585,6295.712660946109,6414.5,10385,0.0,0.0
2020-03-17 00:00:00+09:00,6216.521251545256,6473.8933506505355,6216.521251545256,6394.70166015625,9334,0.0,0.0
2020-03-18 00:00:00+09:00,6275.91455078125,6394.701486631886,6256.116728139477,6275.91455078125,28949,0.0,0.0
2020-03-19 00:00:00+09:00,6157.127937077387,6256.117055465455,5721.5754183915915,5879.9580078125,58412,0.0,0.0
2020-03-20 00:00:00+09:00,5879.95799430606,6454.095675194638,5761.171052513236,6434.2978515625,41376,0.0,0.0
2020-03-23 00:00:00+09:00,6335.308162412047,6454.095498735444,6275.914693139491,6374.90380859375,18179,0.0,0.0
2020-03-24 00:00:00+09:00,6374.903836977251,6553.084643366533,6374.903836977251,6394.70166015625,5966,0.0,0.0
2020-03-25 00:00:00+09:00,6493.691294183731,6493.691294183731,6374.903955129839,6414.5,11200,0.0,0.0
2020-03-26 00:00:00+09:00,6414.500027930363,6533.286969723187,6414.500027930363,6434.2978515625,3594,0.0,0.0
2020-03-27 00:00:00+09:00,6572.88264543188,6572.88264543188,6414.500055689374,6454.095703125,7036,0.0,0.0
2020-03-30 00:00:00+09:00,6454.095244096499,6513.488711025753,6216.52097860121,6473.89306640625,6052,0.0,0.0
2020-03-31 00:00:00+09:00,6671.87182123838,6671.87182123838,6473.893582362402,6493.69140625,5929,0.0,0.0
2020-04-01 00:00:00+09:00,6493.691061597112,6612.477998618077,6493.691061597112,6592.68017578125,6052,0.0,0.0
2020-04-02 00:00:00+09:00,6414.499853349071,6691.66977443365,6414.499853349071,6652.07373046875,28301,0.0,0.0
2020-04-03 00:00:00+09:00,6671.871524922898,6691.669745709507,6592.680232889602,6632.27587890625,4493,0.0,0.0
2020-04-06 00:00:00+09:00,6731.265568934046,6731.265568934046,6592.680406449089,6691.669921875,3343,0.0,0.0
2020-04-07 00:00:00+09:00,6691.669802987323,6711.46722838682,6671.87158203125,6671.87158203125,5291,0.0,0.0
2020-04-08 00:00:00+09:00,6592.680260371408,6968.83929687588,6374.90380859375,6374.90380859375,47808,0.0,0.0
2020-04-09 00:00:00+09:00,6434.297676442377,6671.871553562057,6414.499853349071,6652.07373046875,30137,0.0,0.0
2020-04-10 00:00:00+09:00,6691.669802987323,6790.658521097959,6572.882466142326,6671.87158203125,8680,0.0,0.0
2020-04-13 00:00:00+09:00,6652.073877037658,6711.467347626228,6572.882582919565,6691.669921875,17029,0.0,0.0
2020-04-14 00:00:00+09:00,6711.46728515625,6731.265506279788,6612.478168430019,6711.46728515625,849,0.0,0.0
2020-04-16 00:00:00+09:00,6592.67998313236,6770.860781235356,6592.67998313236,6731.26513671875,8351,0.0,0.0
2020-04-17 00:00:00+09:00,6731.26541647384,7483.582693556068,6691.669770311617,6988.63671875,42440,0.0,0.0
2020-04-20 00:00:00+09:00,6988.637110345533,7246.009222599643,6988.637110345533,7206.41357421875,12042,0.0,0.0
2020-04-21 00:00:00+09:00,7206.413111347999,7226.211332045106,6889.64794464681,6949.041015625,9447,0.0,0.0
2020-04-22 00:00:00+09:00,6949.040986844147,7028.232278191457,6592.68017578125,6592.68017578125,9003,0.0,0.0
2020-04-23 00:00:00+09:00,6671.871272165572,6909.445139265206,6671.871272165572,6731.26513671875,6569,0.0,0.0
2020-04-24 00:00:00+09:00,6949.040783781812,6949.040783781812,6731.26513671875,6731.26513671875,1584,0.0,0.0
2020-04-27 00:00:00+09:00,6889.648207556099,6889.648207556099,6711.467396709009,6790.65869140625,6851,0.0,0.0
2020-04-28 00:00:00+09:00,6731.266049398172,6850.052999054083,6731.266049398172,6751.0634765625,7163,0.0,0.0
2020-04-29 00:00:00+09:00,6830.254504166198,6909.44580078125,6751.063207551147,6909.44580078125,9422,0.0,0.0
2020-05-04 00:00:00+09:00,7048.030911396642,7048.030911396642,6830.254449664675,6869.85009765625,7264,0.0,0.0
2020-05-06 00:00:00+09:00,6810.456657490901,6929.243595082674,6810.456657490901,6889.64794921875,3044,0.0,0.0
2020-05-07 00:00:00+09:00,7087.626736550225,7087.626736550225,6889.648491643694,6929.244140625,8130,0.0,0.0
2020-05-08 00:00:00+09:00,6929.243537159621,6929.243537159621,6790.658380016067,6850.05224609375,4151,0.0,0.0
2020-05-11 00:00:00+09:00,6869.850269374727,6968.839789606307,6731.265895718469,6929.244140625,9346,0.0,0.0
2020-05-12 00:00:00+09:00,7048.030414157339,7048.030414157339,6731.265252572553,6810.45654296875,6104,0.0,0.0
2020-05-13 00:00:00+09:00,6790.658855858673,6909.44580078125,6671.871910936095,6909.44580078125,9023,0.0,0.0
2020-05-14 00:00:00+09:00,6790.65869140625,6869.849986103491,6731.265618161618,6790.65869140625,9990,0.0,0.0
2020-05-15 00:00:00+09:00,6790.65869140625,7127.22209164782,6751.06304405763,6790.65869140625,16537,0.0,0.0
2020-05-18 00:00:00+09:00,6889.647695807349,7127.221562252576,6770.860762584735,7048.0302734375,14811,0.0,0.0
2020-05-19 00:00:00+09:00,7067.828782743725,7147.020083714318,7048.031355279407,7127.22265625,11949,0.0,0.0
2020-05-20 00:00:00+09:00,6949.041134433152,7087.626295012603,6929.243708954133,6968.83935546875,11959,0.0,0.0
2020-05-21 00:00:00+09:00,7285.605045630861,8354.68837309961,6968.8398509902345,7919.13623046875,113281,0.0,0.0
2020-05-22 00:00:00+09:00,7859.741574753986,7938.932865515496,7166.8173828125,7166.8173828125,52398,0.0,0.0
2020-05-25 00:00:00+09:00,7325.200637501278,7820.146648023165,7147.0198191352765,7582.57275390625,51283,0.0,0.0
2020-05-26 00:00:00+09:00,7602.37007099907,7820.1465352438645,7463.785699207799,7503.38134765625,40543,0.0,0.0
2020-05-27 00:00:00+09:00,7463.785581678327,7701.3594686280485,7384.5942860284185,7483.5830078125,36681,0.0,0.0
2020-05-28 00:00:00+09:00,7562.774204807229,9700.940750575903,7562.774204807229,8671.453125,626303,0.0,0.0
2020-05-29 00:00:00+09:00,8513.0703125,8928.82499611316,8235.900788610084,8513.0703125,123295,0.0,0.0
2020-06-01 00:00:00+09:00,8513.07025537931,8770.442352185613,8255.698954129577,8473.474609375,99280,0.0,0.0
2020-06-02 00:00:00+09:00,8849.633975487346,9285.186893396602,8711.049607062527,9265.388671875,374769,0.0,0.0
2020-06-03 00:00:00+09:00,9720.73856827953,10176.088891192885,9107.0056627105,9245.5908203125,405034,0.0,0.0
2020-06-04 00:00:00+09:00,9126.803940264786,9245.591683908626,8711.050019737897,8869.4326171875,106197,0.0,0.0
2020-06-05 00:00:00+09:00,8948.623910232367,8948.623910232367,8572.46484375,8572.46484375,80906,0.0,0.0
2020-06-08 00:00:00+09:00,8711.050175939528,8770.443253269816,8433.879829876025,8691.251953125,62134,0.0,0.0
2020-06-09 00:00:00+09:00,8810.038057303196,8810.038057303196,8374.48594833333,8513.0703125,80550,0.0,0.0
2020-06-10 00:00:00+09:00,8453.677778978308,8473.475205595189,8117.114366481732,8196.3056640625,67129,0.0,0.0
2020-06-11 00:00:00+09:00,8235.901216010117,8473.475105958883,8057.720400770236,8414.08203125,51676,0.0,0.0
2020-06-12 00:00:00+09:00,8077.51897899269,8136.912056321272,7919.136378707602,8097.31640625,53626,0.0,0.0
2020-06-15 00:00:00+09:00,8097.316248637888,8097.316248637888,7622.16845703125,7622.16845703125,63337,0.0,0.0
2020-06-16 00:00:00+09:00,7681.560949948009,8077.518208445408,7681.560949948009,7899.33740234375,22827,0.0,0.0
2020-06-17 00:00:00+09:00,7899.338008025393,8136.911904005862,7800.349282478515,7919.13623046875,22964,0.0,0.0
2020-06-18 00:00:00+09:00,7938.934470837182,8156.710962245914,7820.1475106751595,7859.7431640625,18288,0.0,0.0
2020-06-19 00:00:00+09:00,7859.7421992095105,8156.7099609375,7721.157827144636,8156.7099609375,23158,0.0,0.0
2020-06-22 00:00:00+09:00,8136.912109375001,8176.507759704441,7958.732080670845,8136.912109375,16798,0.0,0.0
2020-06-23 00:00:00+09:00,8235.900564423495,8552.665725960844,8117.113628846989,8354.6875,80150,0.0,0.0
2020-06-24 00:00:00+09:00,8493.27305496991,8691.251290231889,8315.092245455833,8631.857421875,47865,0.0,0.0
2020-06-25 00:00:00+09:00,8572.46484375,8790.241312883294,8453.677895738196,8572.46484375,41259,0.0,0.0
2020-06-26 00:00:00+09:00,8770.443090436342,8770.443090436342,8394.284023953975,8572.46484375,30953,0.0,0.0
2020-06-29 00:00:00+09:00,8394.283373690036,8829.836278216477,8394.283373690036,8513.0703125,31418,0.0,0.0
2020-06-30 00:00:00+09:00,8691.251176269509,8691.251176269509,8414.081650537071,8552.666015625,23837,0.0,0.0
2020-07-01 00:00:00+09:00,8651.655921198764,8651.655921198764,8414.08203125,8414.08203125,14829,0.0,0.0
2020-07-02 00:00:00+09:00,8315.0916060083,8532.86804582732,8117.113385971251,8453.6767578125,8254,0.0,0.0
2020-07-03 00:00:00+09:00,8513.070197722276,8592.261489194554,8216.103252479521,8433.87890625,5769,0.0,0.0
2020-07-06 00:00:00+09:00,8433.879673291243,8691.251791761806,8433.879673291243,8572.46484375,15144,0.0,0.0
2020-07-07 00:00:00+09:00,8810.038115869125,8810.038115869125,8532.868590136686,8552.666015625,14124,0.0,0.0
2020-07-08 00:00:00+09:00,8552.666127770208,8790.240805641173,8433.879186613021,8631.857421875,15167,0.0,0.0
2020-07-09 00:00:00+09:00,8909.028534083362,9008.017262683625,8750.645931877612,8770.443359375,51593,0.0,0.0
2020-07-10 00:00:00+09:00,8909.028212305126,8968.42128820878,8592.26222377799,8829.8369140625,36809,0.0,0.0
2020-07-13 00:00:00+09:00,8968.42128820878,8968.42128820878,8750.645615819874,8829.8369140625,12437,0.0,0.0
2020-07-14 00:00:00+09:00,8829.836859815554,8829.836859815554,8651.656042086,8790.2412109375,13148,0.0,0.0
2020-07-15 00:00:00+09:00,9641.548459904257,9661.345887386948,9107.006780078429,9364.37890625,89148,0.0,0.0
2020-07-16 00:00:00+09:00,9542.558030140292,9542.558030140292,9027.814622207912,9146.6015625,16331,0.0,0.0
2020-07-17 00:00:00+09:00,9146.60147810458,9146.60147810458,8612.059853944094,8810.0380859375,37549,0.0,0.0
2020-07-20 00:00:00+09:00,8730.84703302753,9285.186893396602,8651.65573805432,9265.388671875,41134,0.0,0.0
2020-07-21 00:00:00+09:00,9166.399155380188,9304.984319361605,9047.612212920372,9265.388671875,19325,0.0,0.0
2020-07-22 00:00:00+09:00,9126.803507893583,9304.984319361605,8968.420917947162,9265.388671875,24964,0.0,0.0
2020-07-23 00:00:00+09:00,9384.175385007871,9384.175385007871,8948.623273299072,9107.005859375,17379,0.0,0.0
2020-07-24 00:00:00+09:00,8829.836967825098,9107.006513361905,8711.050019737897,8869.4326171875,19769,0.0,0.0
2020-07-27 00:00:00+09:00,8869.43127104334,9166.398198411334,8711.048697632008,9008.015625,14554,0.0,0.0
2020-07-28 00:00:00+09:00,9008.017526712001,9265.389660618348,8909.02879521034,8968.421875,7628,0.0,0.0
2020-07-29 00:00:00+09:00,8968.421823359005,9008.01747484301,8750.646137975315,8928.826171875,10128,0.0,0.0
2020-07-30 00:00:00+09:00,9146.602652815369,9146.602652815369,8889.230520390995,8928.826171875,11976,0.0,0.0
2020-07-31 00:00:00+09:00,9027.81473251093,9245.591190152203,8968.420863860913,9225.79296875,20399,0.0,0.0
2020-08-03 00:00:00+09:00,9364.378909612748,9364.378909612748,8711.050277986198,9067.4111328125,32953,0.0,0.0
2020-08-04 00:00:00+09:00,9027.814566337036,9146.601505893981,8928.825052261293,9107.005859375,19022,0.0,0.0
2020-08-05 00:00:00+09:00,9146.601215316427,9265.38815109964,8869.431698488928,8909.02734375,26518,0.0,0.0
2020-08-06 00:00:00+09:00,9008.015731313022,9423.770389202788,8909.027019540927,9344.5791015625,38856,0.0,0.0
2020-08-07 00:00:00+09:00,9364.378340271373,9364.378340271373,9027.814933397463,9087.2080078125,25053,0.0,0.0
2020-08-10 00:00:00+09:00,9126.803452852168,9285.186837400017,9107.006027006557,9225.79296875,16251,0.0,0.0
2020-08-11 00:00:00+09:00,9344.579796320146,9344.579796320146,9067.410268971942,9146.6015625,10828,0.0,0.0
2020-08-12 00:00:00+09:00,9087.208716368457,9364.379070439107,9087.208716368457,9186.1982421875,21226,0.0,0.0
2020-08-13 00:00:00+09:00,9364.377815255411,10294.875891894155,9067.410073159961,9285.1865234375,167955,0.0,0.0
2020-08-14 00:00:00+09:00,9285.187499767764,9304.984927025644,8671.45373031047,8691.251953125,76206,0.0,0.0
2020-08-18 00:00:00+09:00,8730.847603076634,8730.847603076634,8394.2841796875,8394.2841796875,32996,0.0,0.0
2020-08-19 00:00:00+09:00,8394.283429492178,8968.420702001946,8394.283429492178,8552.666015625,31287,0.0,0.0
2020-08-20 00:00:00+09:00,8711.048980322208,8730.846404862832,8117.113515198848,8275.49609375,28898,0.0,0.0
2020-08-21 00:00:00+09:00,8275.497229471921,8453.678052573616,8156.710279256341,8394.2841796875,23115,0.0,0.0
2020-08-24 00:00:00+09:00,8770.442331064509,9403.973461164367,8612.059747428686,9285.1865234375,186678,0.0,0.0
2020-08-25 00:00:00+09:00,9502.961781199409,10611.640615894847,9423.770492689488,9681.142578125,369564,0.0,0.0
2020-08-26 00:00:00+09:00,9997.90896371707,10631.440145391978,9423.771653519065,9839.5263671875,445555,0.0,0.0
2020-08-27 00:00:00+09:00,9760.333759452265,9799.929403272408,9265.387813922214,9344.5791015625,48139,0.0,0.0
2020-08-28 00:00:00+09:00,9344.579160617126,9879.120753345444,9205.99400859255,9384.1748046875,29665,0.0,0.0
2020-08-31 00:00:00+09:00,9681.14321714882,9681.14321714882,9384.175467856378,9443.5693359375,12998,0.0,0.0
2020-09-01 00:00:00+09:00,9483.164661865987,9740.536755579597,9483.164661865987,9621.7490234375,10103,0.0,0.0
2020-09-02 00:00:00+09:00,9621.750553133434,9700.941856780539,9324.783562235132,9601.953125,12239,0.0,0.0
2020-09-03 00:00:00+09:00,9601.953125,9661.346204956986,9443.57051770579,9601.953125,10857,0.0,0.0
2020-09-04 00:00:00+09:00,9621.750055684448,10908.609866753677,9502.963106355131,9958.3134765625,152549,0.0,0.0
2020-09-07 00:00:00+09:00,10096.899245812901,10334.473158524572,10057.30359369429,10275.080078125,36352,0.0,0.0
2020-09-08 00:00:00+09:00,10116.695643605966,10195.886939776754,9938.515625,9938.515625,10474,0.0,0.0
2020-09-09 00:00:00+09:00,9938.515101236193,10176.088977228317,9621.749137690125,9700.9404296875,10830,0.0,0.0
2020-09-10 00:00:00+09:00,10116.69654443074,10116.69654443074,9463.367895068848,9562.357421875,14486,0.0,0.0
2020-09-11 00:00:00+09:00,9562.356816079644,9720.739412490271,9423.771646442028,9542.55859375,5754,0.0,0.0
2020-09-14 00:00:00+09:00,9582.153981748623,9879.121739704793,9582.153981748623,9641.5478515625,1506,0.0,0.0
2020-09-15 00:00:00+09:00,9839.525829013464,9997.90841688028,9661.345019885004,9740.537109375,9811,0.0,0.0
2020-09-16 00:00:00+09:00,9859.324142325044,10017.70673167057,9483.165094851118,9522.7607421875,13640,0.0,0.0
2020-09-17 00:00:00+09:00,9542.557320663216,9661.344252123645,9344.5791015625,9344.5791015625,8079,0.0,0.0
2020-09-18 00:00:00+09:00,9304.984118454999,9839.525745761024,9304.984118454999,9403.9736328125,14733,0.0,0.0
2020-09-21 00:00:00+09:00,9403.974839388693,9502.963570890353,8968.421875,8968.421875,26470,0.0,0.0
2020-09-22 00:00:00+09:00,8849.63455341463,9027.815376518789,8572.465002907777,8691.251953125,113503,0.0,0.0
2020-09-23 00:00:00+09:00,8612.06075716925,8790.24158242905,8572.465106617812,8770.443359375,22327,0.0,0.0
2020-09-24 00:00:00+09:00,8770.441909871779,8770.441909871779,8453.6767578125,8453.6767578125,22034,0.0,0.0
2020-09-25 00:00:00+09:00,8473.474722558589,8552.666015625,8433.879076025383,8552.666015625,13332,0.0,0.0
2020-09-28 00:00:00+09:00,8552.666415591284,9008.016769795939,8453.677692407344,8711.0498046875,38844,0.0,0.0
2020-09-29 00:00:00+09:00,8988.219085263116,9245.591190152203,8711.049554528418,9225.79296875,40372,0.0,0.0
2020-10-05 00:00:00+09:00,9760.33511661982,10057.30288434231,9265.389102267884,9582.154296875,89993,0.0,0.0
2020-10-06 00:00:00+09:00,10176.089569644024,10176.089569644024,9780.133086605974,9978.111328125,55764,0.0,0.0
2020-10-07 00:00:00+09:00,10057.303052447405,10235.483079613821,9641.548329798019,9997.9091796875,139096,0.0,0.0
2020-10-08 00:00:00+09:00,10037.504121483127,10057.302342858457,9542.558133779017,9780.1328125,13591,0.0,0.0
2020-10-12 00:00:00+09:00,9859.32375094188,9859.32375094188,9562.356009929374,9661.3447265625,6672,0.0,0.0
2020-10-13 00:00:00+09:00,9720.738650465128,9898.919455237507,9601.951712469066,9700.9404296875,11677,0.0,0.0
2020-10-14 00:00:00+09:00,9740.53743830217,10037.504402802399,9542.55840122653,9978.111328125,54087,0.0,0.0
2020-10-15 00:00:00+09:00,10077.099745614163,10077.099745614163,9483.1650390625,9483.1650390625,24180,0.0,0.0
2020-10-16 00:00:00+09:00,9483.165221511721,10215.685104796885,9483.165221511721,9898.919921875,27110,0.0,0.0
2020-10-19 00:00:00+09:00,9819.72968098262,10294.877506405961,9700.941929070093,10275.080078125,64831,0.0,0.0
2020-10-20 00:00:00+09:00,9978.110695550944,10433.46101995554,9780.132466582983,10215.6845703125,405089,0.0,0.0
2020-10-21 00:00:00+09:00,10096.899016942058,10314.675496436334,9720.739932563465,10235.4833984375,87565,0.0,0.0
2020-10-22 00:00:00+09:00,10235.483079613821,10413.663902336886,9879.12222972434,9997.9091796875,25382,0.0,0.0
2020-10-23 00:00:00+09:00,9978.111217605472,10077.099939490257,9700.940886992215,9898.919921875,27256,0.0,0.0
2020-10-26 00:00:00+09:00,9898.919754082195,10195.886710259387,9522.76070796028,9780.1328125,17360,0.0,0.0
2020-10-27 00:00:00+09:00,9661.344668966012,9760.334180565573,9403.973370808962,9621.7490234375,17465,0.0,0.0
2020-10-28 00:00:00+09:00,9601.952203538785,9720.739147609931,9483.165259467638,9641.5478515625,37675,0.0,0.0
2020-10-29 00:00:00+09:00,9423.771984254725,9700.941537908984,9324.783255727963,9364.37890625,20461,0.0,0.0
2020-10-30 00:00:00+09:00,9265.389382166577,9423.771984254725,9265.389382166577,9364.37890625,6233,0.0,0.0
2020-11-02 00:00:00+09:00,9364.377424085313,9760.333866634921,9245.59049132043,9681.142578125,4919,0.0,0.0
2020-11-03 00:00:00+09:00,9740.536578470384,9740.536578470384,9443.568844627936,9502.9619140625,18208,0.0,0.0
2020-11-04 00:00:00+09:00,9661.344252123645,9700.93989594379,9344.5791015625,9344.5791015625,218411,0.0,0.0
2020-11-05 00:00:00+09:00,9384.175206210557,9839.525530281317,9364.377781106557,9661.3447265625,49480,0.0,0.0
2020-11-06 00:00:00+09:00,9641.546949342533,9661.344373723517,9384.174863493998,9423.7705078125,15615,0.0,0.0
2020-11-09 00:00:00+09:00,9384.175670446728,9601.952130703532,9107.00613638318,9304.984375,43055,0.0,0.0
2020-11-10 00:00:00+09:00,9483.16580431968,9483.16580431968,9146.602379002657,9324.783203125,29042,0.0,0.0
2020-11-11 00:00:00+09:00,9245.590877528544,9364.377815255411,9245.590877528544,9285.1865234375,24995,0.0,0.0
2020-11-12 00:00:00+09:00,9285.1865234375,9502.962178158474,9285.1865234375,9285.1865234375,27415,0.0,0.0
2020-11-13 00:00:00+09:00,9304.984149556116,9621.74932366835,9107.00591573597,9146.6015625,40520,0.0,0.0
2020-11-16 00:00:00+09:00,9146.602705482346,9285.187884252691,8849.634919863998,8968.421875,21454,0.0,0.0
2020-11-17 00:00:00+09:00,8948.62386142644,8988.219510547753,8730.847393480903,8829.8369140625,29758,0.0,0.0
2020-11-18 00:00:00+09:00,8829.83663908064,9107.006174298122,8829.83663908064,9047.6123046875,18463,0.0,0.0
2020-11-19 00:00:00+09:00,9027.814987797085,9166.399359304989,8671.453356933065,9126.8037109375,370056,0.0,0.0
2020-11-20 00:00:00+09:00,9107.005131160342,9107.005131160342,8909.026914396174,9008.015625,6476,0.0,0.0
2020-11-23 00:00:00+09:00,9008.015625,9067.409487807508,8869.43127104334,9008.015625,21094,0.0,0.0
2020-11-24 00:00:00+09:00,9008.015625,9107.005131160342,8909.026914396174,9008.015625,14434,0.0,0.0
2020-11-25 00:00:00+09:00,9027.814337909213,9146.60127446053,8849.633535303956,8948.623046875,24304,0.0,0.0
2020-11-26 00:00:00+09:00,8928.825584232374,8928.825584232374,8631.85781986866,8790.2412109375,32811,0.0,0.0
2020-11-27 00:00:00+09:00,8790.241318462698,8869.4326171875,8730.847446640779,8869.4326171875,8974,0.0,0.0
2020-11-30 00:00:00+09:00,8869.431463891284,8909.027108105045,8651.655022937332,8750.64453125,24530,0.0,0.0
2020-12-01 00:00:00+09:00,8671.452925763828,8849.633732336182,8671.452925763828,8810.0380859375,9400,0.0,0.0
2020-12-02 00:00:00+09:00,8810.038637598213,8869.432508693608,8691.251690964053,8790.2412109375,5875,0.0,0.0
2020-12-03 00:00:00+09:00,8790.241840074339,8968.421875,8671.454089381652,8968.421875,14585,0.0,0.0
2020-12-04 00:00:00+09:00,8988.219343381797,8988.219343381797,8671.453360745983,8711.0498046875,21761,0.0,0.0
2020-12-07 00:00:00+09:00,8790.24147596275,8849.634553292213,8315.09287954378,8394.2841796875,61070,0.0,0.0
2020-12-08 00:00:00+09:00,9067.411026591197,9067.411026591197,8473.475479948433,8691.251953125,96711,0.0,0.0
2020-12-09 00:00:00+09:00,8770.443042602215,8988.219510547753,8592.26222377799,8829.8369140625,76754,0.0,0.0
2020-12-10 00:00:00+09:00,8849.633051588666,9047.611268352834,8790.239984337675,9008.015625,37385,0.0,0.0
2020-12-11 00:00:00+09:00,9126.8037109375,9186.197581267043,9008.016765835033,9126.8037109375,16988,0.0,0.0
2020-12-14 00:00:00+09:00,9107.005131160342,9126.8025550585,8829.835627690507,9008.015625,20111,0.0,0.0
2020-12-15 00:00:00+09:00,8968.421342815183,8988.219565274701,8770.443096003179,8869.4326171875,15556,0.0,0.0
2020-12-16 00:00:00+09:00,8889.229294268182,9047.611878357935,8810.038002223306,9027.814453125,12134,0.0,0.0
2020-12-17 00:00:00+09:00,8948.623691062106,9166.399359304989,8948.623691062106,9126.8037109375,36011,0.0,0.0
2020-12-18 00:00:00+09:00,9186.197581267043,9186.197581267043,8889.229820732566,9126.8037109375,17021,0.0,0.0
2020-12-21 00:00:00+09:00,9126.802994907614,9126.802994907614,8770.442187557974,8909.02734375,24106,0.0,0.0
2020-12-22 00:00:00+09:00,8889.229989966154,8988.219510547753,8810.038691723528,8829.8369140625,22829,0.0,0.0
2020-12-23 00:00:00+09:00,8829.837491786338,9008.017526712001,8750.646188362338,8968.421875,13708,0.0,0.0
2020-12-24 00:00:00+09:00,8968.421117467544,9245.591451596585,8968.421117467544,9126.8037109375,17778,0.0,0.0
2020-12-28 00:00:00+09:00,9146.60133308354,9225.79262462531,8909.02745845823,8988.21875,36039,0.0,0.0
2020-12-29 00:00:00+09:00,9209.24104147484,10989.694112125713,9147.84573935775,10334.814453125,175220,359.67352,0.0
2020-12-30 00:00:00+09:00,11153.414271560048,11153.414271560048,10314.350317064102,10621.3251953125,71501,0.0,0.0
2021-01-04 00:00:00+09:00,10621.325282894639,10621.325282894639,9577.610852716747,10580.39453125,42432,0.0,0.0
2021-01-05 00:00:00+09:00,10252.954823627288,10580.394249133391,10048.305182685974,10130.1650390625,42557,0.0,0.0
2021-01-06 00:00:00+09:00,10130.1650390625,10212.024895439026,9905.050022844556,10130.1650390625,11589,0.0,0.0
2021-01-07 00:00:00+09:00,10293.88475181555,10293.88475181555,9782.260238279769,10130.1650390625,88740,0.0,0.0
2021-01-08 00:00:00+09:00,10048.30418013363,10048.30418013363,9598.075014983582,9700.3994140625,69483,0.0,0.0
2021-01-11 00:00:00+09:00,9823.189453125,9905.049303557005,9536.679976612983,9823.189453125,20277,0.0,0.0
2021-01-12 00:00:00+09:00,9864.120893263886,9864.120893263886,9393.42626980853,9475.2861328125,24975,0.0,0.0
2021-01-13 00:00:00+09:00,9618.5400390625,9802.725117776894,9413.890408471481,9618.5400390625,21111,0.0,0.0
2021-01-14 00:00:00+09:00,9598.07427972872,9843.653805543541,9495.749066123451,9659.46875,24652,0.0,0.0
2021-01-15 00:00:00+09:00,9659.470205838377,9679.935580589834,9557.145799176018,9577.6103515625,6762,0.0,0.0
2021-01-18 00:00:00+09:00,9659.470205838377,9700.400132976318,9536.680424424561,9577.6103515625,11056,0.0,0.0
2021-01-19 00:00:00+09:00,9577.610112944296,9659.469965180704,9536.680186826092,9618.5400390625,19592,0.0,0.0
2021-01-20 00:00:00+09:00,9720.865051267461,9823.189453125,9557.145350403453,9823.189453125,15893,0.0,0.0
2021-01-21 00:00:00+09:00,10007.374316194648,10252.9538622984,9700.399472382496,10027.8388671875,28388,0.0,0.0
2021-01-22 00:00:00+09:00,10027.839076013071,10191.559599189903,9720.865048173233,10089.234375,15515,0.0,0.0
2021-01-25 00:00:00+09:00,10109.700512850937,10539.46434878022,9945.9799773005,10457.6044921875,68816,0.0,0.0
2021-01-26 00:00:00+09:00,10559.92844185413,10559.92844185413,10027.838616246338,10437.138671875,51170,0.0,0.0
2021-01-27 00:00:00+09:00,10334.81371099965,10478.068857409298,9945.979018486249,10027.8388671875,23921,0.0,0.0
2021-01-28 00:00:00+09:00,10007.374316194648,10314.349160006797,9679.934921389644,10027.8388671875,18121,0.0,0.0
2021-01-29 00:00:00+09:00,10068.769613903045,10109.69953825367,9639.004997039017,10027.8388671875,28297,0.0,0.0
2021-02-01 00:00:00+09:00,10027.839807409346,10130.1650390625,9720.865757179872,10130.1650390625,13737,0.0,0.0
2021-02-02 00:00:00+09:00,10130.164815947322,10150.630190773205,9823.189950113925,9905.0498046875,25608,0.0,0.0
2021-02-03 00:00:00+09:00,9905.049329044852,10007.37455353063,9741.329627759555,9986.9091796875,14729,0.0,0.0
2021-02-04 00:00:00+09:00,9986.9093421079,10027.83926809488,9720.865234375,9720.865234375,16660,0.0,0.0
2021-02-05 00:00:00+09:00,9659.470475778735,9925.515420792628,9659.470475778735,9864.1201171875,13397,0.0,0.0
2021-02-08 00:00:00+09:00,9761.796147126928,9986.910351628374,9700.400840757877,9884.5859375,33803,0.0,0.0
2021-02-09 00:00:00+09:00,10171.095238453778,11051.089129148164,9782.260499114858,10580.39453125,176619,0.0,0.0
2021-02-10 00:00:00+09:00,10641.788467454928,10723.648315484204,10068.76953125,10068.76953125,46263,0.0,0.0
2021-02-15 00:00:00+09:00,10109.69977801641,10252.954105458575,9802.724926924011,9986.9091796875,64183,0.0,0.0
2021-02-16 00:00:00+09:00,9986.909879221083,10416.67453638034,9802.725613556397,10130.1650390625,61876,0.0,0.0
2021-02-17 00:00:00+09:00,10027.838360187478,10150.628949396072,9905.048593343761,9945.978515625,55593,0.0,0.0
2021-02-18 00:00:00+09:00,9945.980178379416,10130.165270619224,9864.120320131726,9925.515625,39504,0.0,0.0
2021-02-19 00:00:00+09:00,9843.654795890528,10232.4894953995,9802.724870803528,10191.5595703125,30112,0.0,0.0
2021-02-22 00:00:00+09:00,10150.630601295627,10744.114982138857,10150.630601295627,10621.3251953125,71530,0.0,0.0
2021-02-23 00:00:00+09:00,10498.534355471355,10621.324961965049,10150.6303782892,10232.490234375,68359,0.0,0.0
2021-02-24 00:00:00+09:00,10232.489227308552,10334.81362616269,9905.049012826537,10068.76953125,18284,0.0,0.0
2021-02-25 00:00:00+09:00,10068.770557962604,10212.024895439026,9864.120094656293,10130.1650390625,30593,0.0,0.0
2021-02-26 00:00:00+09:00,9925.515411436461,10293.884765625,9823.190179646035,10293.884765625,20397,0.0,0.0
2021-03-02 00:00:00+09:00,10355.279270660503,10478.069045921506,10150.6296452255,10191.5595703125,25252,0.0,0.0
2021-03-03 00:00:00+09:00,10191.559649578121,10457.603753530337,10171.094275692984,10416.673828125,23203,0.0,0.0
2021-03-04 00:00:00+09:00,10416.674066968819,10437.139441323206,10191.559883260297,10375.744140625,11719,0.0,0.0
2021-03-05 00:00:00+09:00,10212.023914045823,10457.60345957478,9966.444368516868,10396.208984375,31272,0.0,0.0
2021-03-08 00:00:00+09:00,10457.603939660932,10498.533865794763,10232.489757107338,10314.349609375,17253,0.0,0.0
2021-03-09 00:00:00+09:00,10457.603971615898,10457.603971615898,10027.839334714974,10212.0244140625,31908,0.0,0.0
2021-03-10 00:00:00+09:00,10355.28031231806,10355.28031231806,10109.700737092735,10252.955078125,10626,0.0,0.0
2021-03-11 00:00:00+09:00,10314.350383113839,10314.350383113839,10130.165290512337,10252.955078125,10126,0.0,0.0
2021-03-12 00:00:00+09:00,10334.812948464727,10355.2783203125,10130.16334181129,10355.2783203125,22508,0.0,0.0
2021-03-15 00:00:00+09:00,10478.069557297815,10478.069557297815,10089.23483881198,10273.419921875,29904,0.0,0.0
2021-03-16 00:00:00+09:00,10273.41921161052,10416.673535319955,10130.164065536172,10396.208984375,28330,0.0,0.0
2021-03-17 00:00:00+09:00,10457.603993312638,10580.39377234409,10191.559883260297,10375.744140625,32038,0.0,0.0
2021-03-18 00:00:00+09:00,10416.673795454864,10846.438422045481,10355.279318721883,10785.0439453125,75694,0.0,0.0
2021-03-19 00:00:00+09:00,10866.904088782645,12483.637414349096,10785.04423602219,12197.1279296875,607848,0.0,0.0
2021-03-22 00:00:00+09:00,12135.73194450587,12319.91701401174,11931.08232414652,11951.546875,128339,0.0,0.0
2021-03-23 00:00:00+09:00,12033.406357433789,13916.185274614578,12033.406357433789,13158.98046875,420257,0.0,0.0
2021-03-24 00:00:00+09:00,13036.191460858465,13322.70093737048,12606.42683490797,13097.5859375,141727,0.0,0.0
2021-03-25 00:00:00+09:00,12933.866395300289,12995.261695059919,12565.49706383735,12831.5419921875,109674,0.0,0.0
2021-03-26 00:00:00+09:00,12688.287861786906,12729.217790797897,12217.59326697802,12299.453125,117052,0.0,0.0
2021-03-29 00:00:00+09:00,12299.453082182928,13425.02735961429,12135.733366708915,12995.2626953125,102214,0.0,0.0
2021-03-30 00:00:00+09:00,12872.472715721393,13056.656981685843,11972.013471749093,12504.1025390625,58786,0.0,0.0
2021-03-31 00:00:00+09:00,12504.10223016441,12647.357386700041,12319.91796875,12319.91796875,22240,0.0,0.0
2021-04-01 00:00:00+09:00,12278.988582040107,12688.287872495439,11542.249036855497,12463.1728515625,165159,0.0,0.0
2021-04-02 00:00:00+09:00,12278.988058204272,12504.102247168566,12012.943119575584,12053.873046875,56459,0.0,0.0
2021-04-05 00:00:00+09:00,12115.266839038935,12217.592062662487,11828.757364203891,12074.3369140625,35920,0.0,0.0
2021-04-06 00:00:00+09:00,12074.336858813764,12156.196708392066,11931.082533234197,12012.9423828125,31690,0.0,0.0
2021-04-07 00:00:00+09:00,12053.872307172716,12278.9873046875,11685.502984083465,12278.9873046875,70818,0.0,0.0
2021-04-08 00:00:00+09:00,12278.988317529578,12278.988317529578,11890.153588790676,12176.6630859375,39099,0.0,0.0
2021-04-09 00:00:00+09:00,12319.918037856707,12360.847965330053,12094.803025570818,12115.267578125,27968,0.0,0.0
2021-04-12 00:00:00+09:00,12115.267543861353,12688.287349232589,12115.267543861353,12647.357421875,59842,0.0,0.0
2021-04-13 00:00:00+09:00,12504.101269617333,12872.47140887844,12401.776870550846,12483.63671875,46580,0.0,0.0
2021-04-14 00:00:00+09:00,12606.427283117282,13281.771484375,12401.77764976115,13281.771484375,103405,0.0,0.0
2021-04-15 00:00:00+09:00,13506.88595544476,13506.88595544476,12892.936257411618,13036.19140625,69026,0.0,0.0
2021-04-16 00:00:00+09:00,13056.656464289672,14325.485834640958,13036.19191215568,13547.81640625,168601,0.0,0.0
2021-04-19 00:00:00+09:00,13568.279962483486,14059.439868393083,13343.165793707953,13916.185546875,61759,0.0,0.0
2021-04-20 00:00:00+09:00,13793.395723313339,13834.326471590955,13445.49094187319,13588.74609375,59726,0.0,0.0
2021-04-21 00:00:00+09:00,13363.631350726582,13568.280984281935,12995.262010326947,13015.7265625,44318,0.0,0.0
2021-04-22 00:00:00+09:00,13036.191704465016,13936.650076043883,13036.191704465016,13752.4658203125,61907,0.0,0.0
2021-04-23 00:00:00+09:00,13752.465288577381,13752.465288577381,13322.700671212628,13506.8857421875,36362,0.0,0.0
2021-04-26 00:00:00+09:00,13506.885999773058,14182.229354042036,13199.911149749025,14161.765625,115289,0.0,0.0
2021-04-27 00:00:00+09:00,14161.76573338853,14775.713793405643,13936.649909634367,14284.5546875,248155,0.0,0.0
2021-04-28 00:00:00+09:00,14141.300545819275,14141.300545819275,13097.58619846792,13220.3759765625,145467,0.0,0.0
2021-04-29 00:00:00+09:00,13261.30718850224,13711.5363905866,13199.911886126429,13404.5615234375,60154,0.0,0.0
2021-04-30 00:00:00+09:00,13404.560304249739,13568.279999207765,12995.261066854673,13179.4453125,32795,0.0,0.0
2021-05-03 00:00:00+09:00,13179.446494576687,13506.886736226063,13056.656712345039,13240.841796875,36642,0.0,0.0
2021-05-04 00:00:00+09:00,13240.841762742413,13650.141035792807,12811.077114857013,13343.1669921875,43730,0.0,0.0
2021-05-06 00:00:00+09:00,13302.236664559618,13834.326525877179,13281.7712903405,13650.140625,27666,0.0,0.0
2021-05-07 00:00:00+09:00,13670.606193590806,14284.55509341923,13670.606193590806,13977.5810546875,49734,0.0,0.0
2021-05-10 00:00:00+09:00,14141.29978504393,14837.109312511588,13916.18561516373,14509.669921875,330514,0.0,0.0
2021-05-11 00:00:00+09:00,14591.531376287487,15225.944854322162,14489.206144263508,15041.759765625,369475,0.0,0.0
2021-05-12 00:00:00+09:00,14939.435708895542,16412.913082712403,14939.435708895542,15983.1484375,381972,0.0,0.0
2021-05-13 00:00:00+09:00,15901.286218237177,16719.88628221768,14775.712158220049,16228.7255859375,230155,0.0,0.0
2021-05-14 00:00:00+09:00,15962.683654487026,17313.371980414497,15962.683654487026,16556.16796875,132796,0.0,0.0
2021-05-17 00:00:00+09:00,16719.88863910628,16740.35236892491,15062.224550541685,15696.6396484375,154547,0.0,0.0
2021-05-18 00:00:00+09:00,15614.779747065999,15614.779747065999,14816.644944690306,14939.435546875,115616,0.0,0.0
2021-05-20 00:00:00+09:00,14857.574324422645,15758.032626783212,14857.574324422645,15348.7333984375,114423,0.0,0.0
2021-05-21 00:00:00+09:00,15287.3388671875,15307.804241911166,14550.600179705074,15287.3388671875,99429,0.0,0.0
2021-05-24 00:00:00+09:00,15062.22348239179,15062.22348239179,14448.273802583277,14509.669921875,2881328,0.0,0.0
2021-05-25 00:00:00+09:00,14673.390208174103,15225.943790945366,14345.95080434967,14550.599609375,150654,0.0,0.0
2021-05-26 00:00:00+09:00,14550.599132294716,14652.924353817316,14182.228992705284,14366.4140625,68403,0.0,0.0
2021-05-27 00:00:00+09:00,14366.414425571924,14550.599500021415,14182.229351122434,14427.810546875,87179,0.0,0.0
2021-05-28 00:00:00+09:00,14325.484835279363,14407.344682834624,13650.1398594011,13711.53515625,215041,0.0,0.0
2021-05-31 00:00:00+09:00,13711.535605397714,14038.975006344665,13384.096204450761,13465.9560546875,132592,0.0,0.0
2021-06-01 00:00:00+09:00,13465.955550295526,13588.74532105132,13097.58541566325,13384.095703125,169636,0.0,0.0
2021-06-02 00:00:00+09:00,13731.999915195765,13977.580283950567,13425.025893390872,13506.8857421875,203962,0.0,0.0
2021-06-03 00:00:00+09:00,13670.605976645591,13670.605976645591,13322.701194414733,13486.4208984375,141548,0.0,0.0
2021-06-04 00:00:00+09:00,13486.420100905707,13588.74532105132,13322.700406564652,13384.095703125,77692,0.0,0.0
2021-06-07 00:00:00+09:00,13322.701118099381,13506.886195252418,13261.306640625,13261.306640625,121626,0.0,0.0
2021-06-08 00:00:00+09:00,13261.307171762764,13445.491433927747,13220.376421987236,13240.841796875,78441,0.0,0.0
2021-06-09 00:00:00+09:00,13240.841266556907,13404.560969641854,13118.051489243197,13261.306640625,85352,0.0,0.0
2021-06-10 00:00:00+09:00,13384.095766028957,13793.39500380526,13281.770545402427,13711.53515625,238699,0.0,0.0
2021-06-11 00:00:00+09:00,14038.976016729335,14079.906767158423,13793.396448344767,13895.7216796875,193862,0.0,0.0
2021-06-14 00:00:00+09:00,13895.720709420099,14038.975036459213,13302.236382748219,13363.630859375,148338,0.0,0.0
2021-06-15 00:00:00+09:00,13425.02639789859,13506.886249771482,13179.446019914965,13322.701171875,150125,0.0,0.0
2021-06-16 00:00:00+09:00,13261.30718850224,13547.816680737742,13179.446511212831,13404.5615234375,141322,0.0,0.0
2021-06-17 00:00:00+09:00,13425.026898351098,13465.956825813313,13220.376438675044,13404.5615234375,66141,0.0,0.0
2021-06-18 00:00:00+09:00,13404.560729537772,13445.490654575866,13240.841029385392,13302.236328125,57910,0.0,0.0
2021-06-21 00:00:00+09:00,13302.236115882759,13322.70066689282,12954.331347427438,12974.7958984375,102216,0.0,0.0
2021-06-22 00:00:00+09:00,12974.797319695743,13077.122553049507,12770.147675353224,12995.2626953125,119719,0.0,0.0
2021-06-23 00:00:00+09:00,12995.26226643303,13261.307206480591,12974.796891491687,13138.5166015625,96449,0.0,0.0
2021-06-24 00:00:00+09:00,12892.937461958736,13138.517035169758,12872.472908706988,12995.2626953125,163233,0.0,0.0
2021-06-25 00:00:00+09:00,13015.726768093626,13097.586622808807,12933.866913378444,13077.1220703125,361558,0.0,0.0
2021-06-28 00:00:00+09:00,13118.051404476413,14243.62558945956,13056.656105033811,14018.509765625,610617,0.0,0.0
2021-06-29 00:00:00+09:00,14264.089201463334,15103.154723369886,13977.580547635122,14427.810546875,734032,0.0,0.0
2021-06-30 00:00:00+09:00,14407.3447265625,14571.06442216993,13916.185639740213,14407.3447265625,1896557,0.0,0.0
2021-07-01 00:00:00+09:00,14182.229433407932,14816.644510778187,14120.834956478515,14386.8798828125,345037,0.0,0.0
2021-07-02 00:00:00+09:00,14448.274438105327,15144.083996178877,14407.345334840353,14611.994140625,437722,0.0,0.0
2021-07-05 00:00:00+09:00,14611.995544918824,14611.995544918824,14100.37101419242,14305.021484375,203182,0.0,0.0
2021-07-06 00:00:00+09:00,14243.626095093994,14305.020574351096,13875.255930091496,14100.3701171875,185143,0.0,0.0
2021-07-07 00:00:00+09:00,14018.510178746195,14345.951237179697,13936.650325320303,14141.30078125,94949,0.0,0.0
2021-07-08 00:00:00+09:00,14038.975302178502,14141.300528313122,13588.74611638907,13752.4658203125,177032,0.0,0.0
2021-07-09 00:00:00+09:00,13506.8857421875,13731.999915195765,13261.306195797617,13506.8857421875,224606,0.0,0.0
2021-07-12 00:00:00+09:00,13506.886467471453,13936.650285548463,13465.95654087531,13813.861328125,142194,0.0,0.0
2021-07-13 00:00:00+09:00,14018.510641514791,14038.976016729335,13752.466520280674,13895.7216796875,55128,0.0,0.0
2021-07-14 00:00:00+09:00,13650.140594177881,13916.186346600882,13588.74611638907,13752.4658203125,88199,0.0,0.0
2021-07-15 00:00:00+09:00,13772.93117153948,13916.186323416292,13568.280719611192,13588.74609375,90497,0.0,0.0
2021-07-16 00:00:00+09:00,13588.745825039572,14120.834851382466,13384.096199523074,13998.0458984375,226308,0.0,0.0
2021-07-19 00:00:00+09:00,14243.625584372805,14550.59961438136,14038.97513454718,14284.5546875,385756,0.0,0.0
2021-07-20 00:00:00+09:00,14223.160634675893,14243.62600921485,13650.140838329678,14141.30078125,163844,0.0,0.0
2021-07-21 00:00:00+09:00,14345.9521484375,14427.812007063148,13957.116586418148,14345.9521484375,144612,0.0,0.0
2021-07-22 00:00:00+09:00,14448.27434701398,15491.98867754405,14264.0892716581,15185.0146484375,531717,0.0,0.0
2021-07-23 00:00:00+09:00,15348.734458965087,15655.708490252433,14939.435202338662,15307.8037109375,213562,0.0,0.0
2021-07-26 00:00:00+09:00,15430.594309780243,16535.703125,15410.128935767127,16535.703125,591282,0.0,0.0
2021-07-27 00:00:00+09:00,16228.7280209355,17026.862833006406,15737.568895690303,16576.6328125,411416,0.0,0.0
2021-07-28 00:00:00+09:00,16331.053631518487,17251.977424056826,16105.939438369556,16965.46875,307689,0.0,0.0
2021-07-29 00:00:00+09:00,16985.931830768564,17845.459381564833,16781.281395746268,17436.16015625,371765,0.0,0.0
2021-07-30 00:00:00+09:00,17374.766629578597,17374.766629578597,16371.983061779752,17006.396484375,217397,0.0,0.0
2021-08-02 00:00:00+09:00,16924.53809929432,17354.302757641723,16597.098672882967,17088.2578125,119939,0.0,0.0
2021-08-03 00:00:00+09:00,16781.28373467559,17026.863304092698,16085.474132295458,16760.818359375,204289,0.0,0.0
2021-08-04 00:00:00+09:00,16535.703070858443,16699.422772967544,16187.798292694128,16474.30859375,102251,0.0,0.0
2021-08-05 00:00:00+09:00,16515.237842897815,17354.301734806293,16453.84336524668,17190.58203125,226273,0.0,0.0
2021-08-06 00:00:00+09:00,17067.79297475917,17374.767005924812,16801.748046875,16801.748046875,80233,0.0,0.0
2021-08-09 00:00:00+09:00,16801.74716013299,17477.091308838826,16290.122705372216,17026.861328125,152928,0.0,0.0
2021-08-10 00:00:00+09:00,16863.141110721746,17149.65138859678,16556.167105286153,17047.326171875,131421,0.0,0.0
2021-08-11 00:00:00+09:00,16822.21321889113,17149.654296875,16576.633643950754,17149.654296875,110773,0.0,0.0
2021-08-12 00:00:00+09:00,17415.69675042028,17415.69675042028,16801.748665484556,17170.1171875,120624,0.0,0.0
2021-08-13 00:00:00+09:00,17395.23238625202,17947.785971496953,16269.658197019147,16535.703125,526360,0.0,0.0
2021-08-17 00:00:00+09:00,16392.447097965563,16965.467700077308,15225.943809255736,16474.30859375,233842,0.0,0.0
2021-08-18 00:00:00+09:00,16310.587875143032,16699.423416176272,15901.288604105368,16576.6328125,148829,0.0,0.0
2021-08-19 00:00:00+09:00,16331.05415854792,16556.170003691688,15594.3154296875,15594.3154296875,182505,0.0,0.0
2021-08-20 00:00:00+09:00,15880.821596833639,15942.21771472527,15164.548357332602,15246.408203125,158300,0.0,0.0
2021-08-23 00:00:00+09:00,15266.87456717397,16085.473078257071,14980.364265929942,15942.21875,132633,0.0,0.0
2021-08-24 00:00:00+09:00,16228.728451675672,16228.728451675672,15717.103938116652,16003.6142578125,57624,0.0,0.0
2021-08-25 00:00:00+09:00,16044.545022064807,16228.728465530097,15614.780364519143,16167.333984375,80282,0.0,0.0
2021-08-26 00:00:00+09:00,16331.053660705118,16576.633229505573,15901.289004121825,16269.6591796875,98690,0.0,0.0
2021-08-27 00:00:00+09:00,16331.052674328608,16617.562976322577,15983.147895025177,16535.703125,72958,0.0,0.0
2021-08-30 00:00:00+09:00,16535.70323208589,16699.422935791303,16269.658302382119,16658.4921875,47802,0.0,0.0
2021-08-31 00:00:00+09:00,16740.353515625,16760.818891575418,16371.984972167658,16740.353515625,35128,0.0,0.0
2021-09-01 00:00:00+09:00,16678.95790935534,16985.93359375,16392.447599532978,16985.93359375,66962,0.0,0.0
2021-09-02 00:00:00+09:00,16985.933177822124,16985.933177822124,16699.42287501543,16863.142578125,29960,0.0,0.0
2021-09-03 00:00:00+09:00,16638.028884541312,16842.67769705358,16453.843801969317,16515.23828125,40858,0.0,0.0
2021-09-06 00:00:00+09:00,16515.237811710493,16556.16855988722,15942.21885034555,16331.052734375,68390,0.0,0.0
2021-09-07 00:00:00+09:00,16331.051271777507,16351.516644033007,15921.752050316243,16146.8662109375,58109,0.0,0.0
2021-09-08 00:00:00+09:00,16024.079068820463,16269.65862931339,15758.034133770641,16126.404296875,42300,0.0,0.0
2021-09-09 00:00:00+09:00,15962.68661134072,16290.126066797122,15737.570752166837,16249.1953125,84387,0.0,0.0
2021-09-10 00:00:00+09:00,16371.983513468533,17251.976508901134,16044.544106355946,17190.58203125,188488,0.0,0.0
2021-09-13 00:00:00+09:00,17190.582525619702,17702.20702512898,16494.772943130298,16842.677734375,155253,0.0,0.0
2021-09-14 00:00:00+09:00,16945.001570725653,18418.48046875,16822.210977252867,18418.48046875,323825,0.0,0.0
2021-09-15 00:00:00+09:00,18234.295925479524,19994.283517689593,18009.181749821328,18398.015625,569599,0.0,0.0
2021-09-16 00:00:00+09:00,18398.01658304591,18807.31585316068,18050.111792265867,18234.296875,101595,0.0,0.0
2021-09-17 00:00:00+09:00,18234.296033998966,18684.526032724705,17988.71648325671,18520.8046875,94258,0.0,0.0
2021-09-23 00:00:00+09:00,18111.506338701234,18541.270985096446,18009.1827543409,18029.646484375,71143,0.0,0.0
2021-09-24 00:00:00+09:00,18152.43703601168,18336.622118898365,17784.066870238315,17968.251953125,106197,0.0,0.0
2021-09-27 00:00:00+09:00,18009.181281412137,18377.549773387214,17804.53083996946,18213.830078125,54365,0.0,0.0
2021-09-28 00:00:00+09:00,18418.480885066703,18418.480885066703,17211.046875,17211.046875,122696,0.0,0.0
2021-09-29 00:00:00+09:00,16658.49262217636,17497.558181473032,16597.098142867315,17374.767578125,75826,0.0,0.0
2021-09-30 00:00:00+09:00,17149.653390838543,17558.952660782074,17149.653390838543,17374.767578125,32062,0.0,0.0
2021-10-01 00:00:00+09:00,17190.58144438079,17354.301142347857,16822.211301589967,16883.607421875,80000,0.0,0.0
2021-10-05 00:00:00+09:00,16842.677682352096,17374.767554933434,16065.008248132433,16781.283203125,105438,0.0,0.0
2021-10-06 00:00:00+09:00,16781.283198621724,17211.04784255595,16290.124075476879,16351.5185546875,83239,0.0,0.0
2021-10-07 00:00:00+09:00,16351.518094725116,16863.142578125,16351.518094725116,16863.142578125,62298,0.0,0.0
2021-10-08 00:00:00+09:00,16740.352039352707,16924.53711720377,16371.983528380477,16658.4921875,63666,0.0,0.0
2021-10-12 00:00:00+09:00,16638.027007200264,17292.905764914594,16269.656883621072,17108.720703125,77373,0.0,0.0
2021-10-13 00:00:00+09:00,17149.652927725878,17231.512779504024,16760.817398232255,17190.58203125,29968,0.0,0.0
2021-10-14 00:00:00+09:00,17333.836776763328,17354.302151381595,16945.002882665976,17313.373046875,44999,0.0,0.0
2021-10-15 00:00:00+09:00,17313.371137275608,17333.834864906865,16883.60654134314,17108.720703125,45497,0.0,0.0
2021-10-18 00:00:00+09:00,17395.233871815377,17395.233871815377,16678.958878025085,17149.654296875,51725,0.0,0.0
2021-10-19 00:00:00+09:00,16904.07218414248,17477.092806793367,16904.07218414248,17374.767578125,40228,0.0,0.0
2021-10-20 00:00:00+09:00,17272.441928395525,17558.95223273653,17149.652972770742,17518.021484375,45347,0.0,0.0
2021-10-21 00:00:00+09:00,17518.022345571033,17518.022345571033,17190.582921501293,17231.513671875,27976,0.0,0.0
2021-10-22 00:00:00+09:00,17456.627432113706,17947.786556045947,17272.44234945663,17374.767578125,72740,0.0,0.0
2021-10-25 00:00:00+09:00,17722.67192846621,18091.042084628756,17415.696250087454,17784.06640625,131100,0.0,0.0
2021-10-26 00:00:00+09:00,18131.970758047835,18418.48105545771,17906.856581694992,18193.365234375,197395,0.0,0.0
2021-10-27 00:00:00+09:00,18950.570147326674,18950.570147326674,17804.532193375442,17906.857421875,133427,0.0,0.0
2021-10-28 00:00:00+09:00,17906.857383462233,17988.717237140292,17477.092740469943,17579.41796875,57632,0.0,0.0
2021-10-29 00:00:00+09:00,17395.232002652006,17865.925726194615,17374.766629090194,17538.486328125,65409,0.0,0.0
2021-11-01 00:00:00+09:00,17702.205476830837,17702.205476830837,16576.631347411174,17026.861328125,126944,0.0,0.0
2021-11-02 00:00:00+09:00,17026.860799584694,17292.905705169425,16801.74663858058,17047.326171875,54976,0.0,0.0
2021-11-03 00:00:00+09:00,17170.116657122988,17518.021438362586,16822.21187588339,17190.58203125,52781,0.0,0.0
2021-11-04 00:00:00+09:00,17251.97740233187,17415.697114366743,17067.79395984013,17231.513671875,41251,0.0,0.0
2021-11-05 00:00:00+09:00,17354.299701709784,17354.299701709784,16699.420964205176,17129.185546875,64703,0.0,0.0
2021-11-08 00:00:00+09:00,17129.186016306474,17129.186016306474,16515.23636070554,17047.326171875,67586,0.0,0.0
2021-11-09 00:00:00+09:00,17047.32870300119,17047.32870300119,16412.913580914268,16494.7734375,82494,0.0,0.0
2021-11-10 00:00:00+09:00,16392.447729350566,16781.283270383807,16105.939061989175,16576.6328125,70118,0.0,0.0
2021-11-11 00:00:00+09:00,16576.63217937451,16699.422778360935,16126.40382079401,16208.263671875,84545,0.0,0.0
2021-11-12 00:00:00+09:00,15983.147158044521,17804.530821900516,15962.683429704874,17415.6953125,190402,0.0,0.0
2021-11-15 00:00:00+09:00,17497.556804777847,17538.485906186957,17047.32682089876,17415.6953125,88777,0.0,0.0
2021-11-16 00:00:00+09:00,17292.906363542857,17558.951279256416,17067.79219396822,17415.6953125,41140,0.0,0.0
2021-11-17 00:00:00+09:00,17190.58144438079,17354.301142347857,16699.42235047959,16883.607421875,57702,0.0,0.0
2021-11-18 00:00:00+09:00,17251.97649413121,17845.460830197146,16985.933209627423,17722.671875,162754,0.0,0.0
2021-11-19 00:00:00+09:00,17886.39163651482,19441.73046875,17456.62700246905,19441.73046875,520733,0.0,0.0
2021-11-22 00:00:00+09:00,19380.335349456513,19380.335349456513,18418.482450154057,18745.921875,185671,0.0,0.0
2021-11-23 00:00:00+09:00,18745.919722156366,20444.512777020114,18623.129129575827,20403.58203125,647044,0.0,0.0
2021-11-24 00:00:00+09:00,20464.980513075152,20833.34904389411,19769.170912473797,19932.890625,331053,0.0,0.0
2021-11-25 00:00:00+09:00,20076.144474911114,20239.864183462872,19032.43009934621,19155.220703125,174333,0.0,0.0
2021-11-26 00:00:00+09:00,19605.44826305809,20362.652231245374,19032.42771032468,19503.123046875,340186,0.0,0.0
2021-11-29 00:00:00+09:00,19032.42916008312,20014.749007645467,18418.481105677754,18786.849609375,195644,0.0,0.0
2021-11-30 00:00:00+09:00,18991.500549459102,19196.151002717266,18316.15635632903,18438.9453125,108212,0.0,0.0
2021-12-01 00:00:00+09:00,18438.945303166023,18827.780835213725,17845.460962693665,18704.990234375,134968,0.0,0.0
2021-12-02 00:00:00+09:00,18234.296942555557,18418.48202597207,17927.32125528472,18029.646484375,148119,0.0,0.0
2021-12-03 00:00:00+09:00,18029.645893186895,18438.94515139723,18029.645893186895,18254.76171875,59776,0.0,0.0
2021-12-06 00:00:00+09:00,18111.50521865748,18193.36506792137,17599.88074957569,18009.181640625,86773,0.0,0.0
2021-12-07 00:00:00+09:00,17906.856526438565,18561.73532452048,17763.600555810754,18398.015625,75427,0.0,0.0
2021-12-08 00:00:00+09:00,18520.806494352863,18561.73724583463,18131.972578926227,18336.623046875,72295,0.0,0.0
2021-12-09 00:00:00+09:00,18520.803122910558,18520.803122910558,17886.389748269125,18111.50390625,127389,0.0,0.0
2021-12-10 00:00:00+09:00,18131.971242565927,18131.971242565927,17579.417651396525,17845.4609375,95482,0.0,0.0
2021-12-13 00:00:00+09:00,18377.551276443977,18398.016651208025,17722.67244183411,18029.646484375,92927,0.0,0.0
2021-12-14 00:00:00+09:00,17681.741073067427,17947.786001492917,17374.767041277188,17661.27734375,98190,0.0,0.0
2021-12-15 00:00:00+09:00,17784.066352598573,17968.251430124194,17374.767094058254,17722.671875,50036,0.0,0.0
2021-12-16 00:00:00+09:00,17681.743562251628,17722.674316108383,17477.094727158234,17640.814453125,46880,0.0,0.0
2021-12-17 00:00:00+09:00,17599.881698622063,17845.461259656237,17436.161991265944,17579.41796875,46808,0.0,0.0
2021-12-20 00:00:00+09:00,17395.230921891205,17497.556138612985,16965.466327443526,17047.326171875,101607,0.0,0.0
2021-12-21 00:00:00+09:00,16985.934103822696,17333.837258349307,16904.072603075278,17231.513671875,43010,0.0,0.0
2021-12-22 00:00:00+09:00,17436.16163238184,17518.021484375,17088.256850228445,17518.021484375,48569,0.0,0.0
2021-12-23 00:00:00+09:00,17599.88171261096,17599.88171261096,17026.8627364091,17313.373046875,69038,0.0,0.0
2021-12-24 00:00:00+09:00,17292.907196329757,17436.161525255164,17026.86226780408,17395.232421875,47462,0.0,0.0
2021-12-27 00:00:00+09:00,17374.768065171334,17927.3216839017,17170.11760209787,17886.392578125,58755,0.0,0.0
2021-12-28 00:00:00+09:00,17968.253420474288,18070.578657626447,17702.208461770708,18050.11328125,47201,0.0,0.0
2021-12-29 00:00:00+09:00,18322.32758951486,18720.183105272492,18050.109949095204,18531.724609375,54817,486.0453,0.0
2021-12-30 00:00:00+09:00,18636.42436818807,18636.42436818807,18050.110343714685,18427.02734375,72686,0.0,0.0
2022-01-04 00:00:00+09:00,18238.570454373945,19453.07902519548,18175.74982689335,19327.439453125,158256,0.0,0.0
2022-01-05 00:00:00+09:00,19327.44185892077,19934.696219919915,18783.006450330937,19662.478515625,179915,0.0,0.0
2022-01-06 00:00:00+09:00,19474.018314060115,19976.574939131242,18908.64442482992,19306.5,114020,0.0,0.0
2022-01-07 00:00:00+09:00,19306.499100736597,19955.63379965206,19159.921003484047,19432.138671875,73449,0.0,0.0
2022-01-10 00:00:00+09:00,19913.753160136228,20479.128699634162,18636.425668408923,18887.703125,222909,0.0,0.0
2022-01-11 00:00:00+09:00,18887.703239362527,19243.68005907795,18636.42578125,18636.42578125,67518,0.0,0.0
2022-01-12 00:00:00+09:00,18741.12532437557,19264.62045456981,18678.30637996166,19034.283203125,46802,0.0,0.0
2022-01-13 00:00:00+09:00,19034.28349405959,19118.04264885528,18783.00434678179,18824.884765625,21084,0.0,0.0
2022-01-14 00:00:00+09:00,18636.425198782897,19055.22094921464,18343.26733203536,18699.244140625,36525,0.0,0.0
2022-01-17 00:00:00+09:00,18552.66481622817,18573.605023081345,18091.98867991102,18531.724609375,43691,0.0,0.0
2022-01-18 00:00:00+09:00,18301.389170433296,18783.003877759635,18259.508752635862,18636.42578125,35381,0.0,0.0
2022-01-19 00:00:00+09:00,18594.546875,18741.12497015896,18280.44879308564,18594.546875,30651,0.0,0.0
2022-01-20 00:00:00+09:00,18447.967017100837,19055.2212867047,18447.967017100837,18992.40234375,28717,0.0,0.0
2022-01-21 00:00:00+09:00,18908.64382617932,19243.68044369224,18552.66699934916,19222.740234375,54834,0.0,0.0
2022-01-24 00:00:00+09:00,18950.5234375,19159.922174565854,18636.427014792025,18950.5234375,53328,0.0,0.0
2022-01-25 00:00:00+09:00,18720.1840724904,19222.738965588927,18091.98961467193,18908.642578125,97163,0.0,0.0
2022-01-26 00:00:00+09:00,18908.642578125,18908.642578125,18908.642578125,18908.642578125,0,0.0,0.0
2022-01-27 00:00:00+09:00,18762.065368682324,18762.065368682324,17589.435546875,17589.435546875,69878,0.0,0.0
2022-01-28 00:00:00+09:00,17589.43591816535,18217.63041871927,17107.82120023814,18175.75,42146,0.0,0.0
2022-02-03 00:00:00+09:00,18762.065208739103,18845.824360804832,18238.570087605636,18741.125,37831,0.0,0.0
2022-02-04 00:00:00+09:00,18824.882366631082,18845.82257338412,18447.965376638433,18783.001953125,21411,0.0,0.0
2022-02-07 00:00:00+09:00,18845.824279234166,19578.716435914423,18741.124918882506,19138.98046875,121877,0.0,0.0
2022-02-08 00:00:00+09:00,19138.98046875,19138.98046875,19138.98046875,19138.98046875,0,0.0,0.0
2022-02-09 00:00:00+09:00,19138.98046875,19138.98046875,19138.98046875,19138.98046875,0,0.0,0.0
2022-02-10 00:00:00+09:00,18992.401144793206,19390.256668911265,18636.424352370992,18971.4609375,44043,0.0,0.0
2022-02-11 00:00:00+09:00,18908.64151075272,18992.400654874364,18636.423871634757,18783.001953125,24623,0.0,0.0
2022-02-14 00:00:00+09:00,18447.966080366456,18636.424582551837,18029.170343782593,18615.484375,60447,0.0,0.0
2022-02-15 00:00:00+09:00,18301.390165175424,19327.440262293527,18071.05290344201,18112.931640625,115304,0.0,0.0
2022-02-16 00:00:00+09:00,18510.786085412354,18887.701394316817,18154.809300470537,18531.724609375,78986,0.0,0.0
2022-02-17 00:00:00+09:00,18699.24543822357,18887.703959718234,17275.33978794643,18322.330078125,115205,0.0,0.0
2022-02-18 00:00:00+09:00,18071.050551025663,18427.02734375,17882.592051008007,18427.02734375,80967,0.0,0.0
2022-02-21 00:00:00+09:00,18343.26873074464,18364.208940585617,17882.594211587733,18071.052734375,54964,0.0,0.0
2022-02-22 00:00:00+09:00,18071.052734375,18071.052734375,18071.052734375,18071.052734375,0,0.0,0.0
2022-02-23 00:00:00+09:00,18071.052734375,18071.052734375,18071.052734375,18071.052734375,0,0.0,0.0
2022-02-24 00:00:00+09:00,17547.554268452695,17547.554268452695,16542.44289789348,17107.818359375,79611,0.0,0.0
2022-02-25 00:00:00+09:00,17380.03738171969,17421.916113954274,16814.661874873385,17170.638671875,63843,0.0,0.0
2022-02-28 00:00:00+09:00,17170.638671875,17170.638671875,17170.638671875,17170.638671875,0,0.0,0.0
2022-03-02 00:00:00+09:00,17107.82051572595,17463.797329033594,16919.36200481124,17296.27734375,22584,0.0,0.0
2022-03-03 00:00:00+09:00,17317.21737954812,17380.038004486887,17044.999720152067,17254.3984375,24571,0.0,0.0
2022-03-04 00:00:00+09:00,17254.3984375,17254.3984375,17254.3984375,17254.3984375,0,0.0,0.0
2022-03-07 00:00:00+09:00,17212.518387507047,17212.518387507047,16626.204322491045,16647.14453125,41911,0.0,0.0
2022-03-08 00:00:00+09:00,16437.7456699531,17086.880355737492,16165.528007068719,16751.84375,24938,0.0,0.0
2022-03-10 00:00:00+09:00,16751.84375,16751.84375,16751.84375,16751.84375,0,0.0,0.0
2022-03-11 00:00:00+09:00,16772.78216663512,17003.12109375,16668.08449019089,17003.12109375,13179,0.0,0.0
2022-03-14 00:00:00+09:00,17149.700509214545,17149.700509214545,16249.288305565538,16270.228515625,63981,0.0,0.0
2022-03-15 00:00:00+09:00,16270.228515625,16270.228515625,16270.228515625,16270.228515625,0,0.0,0.0
2022-03-16 00:00:00+09:00,16270.228515625,16270.228515625,16270.228515625,16270.228515625,0,0.0,0.0
2022-03-17 00:00:00+09:00,16647.144389984365,16856.543110015635,16228.3486328125,16751.84375,56375,0.0,0.0
2022-03-18 00:00:00+09:00,16751.84316870174,16856.54252508425,16479.625515263462,16814.662109375,19710,0.0,0.0
2022-03-21 00:00:00+09:00,16814.662109375,16814.662109375,16814.662109375,16814.662109375,0,0.0,0.0
2022-03-22 00:00:00+09:00,17945.410990050368,18720.18351454141,17589.43419732603,18427.02734375,135526,0.0,0.0
2022-03-23 00:00:00+09:00,18427.028165012347,18741.124557113493,17966.351998092116,18699.244140625,67499,0.0,0.0
2022-03-24 00:00:00+09:00,18322.327415670115,18845.822484689263,18322.327415670115,18489.845703125,46682,0.0,0.0
2022-03-25 00:00:00+09:00,18657.364575499047,18657.364575499047,18280.44757546373,18427.02734375,33891,0.0,0.0
2022-03-28 00:00:00+09:00,18427.02900021278,18699.24498816355,18050.111966295226,18280.44921875,45966,0.0,0.0
2022-03-29 00:00:00+09:00,18280.44863544013,18615.485240280308,18175.74927570491,18343.267578125,43629,0.0,0.0
2022-03-30 00:00:00+09:00,18364.206895346346,18720.18369143442,18217.628808565576,18468.90625,82389,0.0,0.0
2022-03-31 00:00:00+09:00,18489.84889010586,19076.162997257296,18343.2691011499,18803.9453125,142632,0.0,0.0
2022-04-01 00:00:00+09:00,18803.9453125,18887.704470664492,18552.667838006528,18803.9453125,64950,0.0,0.0
2022-04-04 00:00:00+09:00,19034.28075754373,19055.219281064314,18657.36377370627,18845.822265625,86208,0.0,0.0
2022-04-05 00:00:00+09:00,18908.642232053997,18908.642232053997,18343.266725497844,18615.484375,68522,0.0,0.0
2022-04-06 00:00:00+09:00,18573.60727654689,18845.824949993683,18259.509184312552,18678.306640625,157985,0.0,0.0
2022-04-07 00:00:00+09:00,18406.08969428588,18636.426958044303,18217.631168078628,18510.7890625,35319,0.0,0.0
2022-04-08 00:00:00+09:00,18510.787152026827,18720.184183952682,17715.07439177108,17756.953125,59924,0.0,0.0
2022-04-11 00:00:00+09:00,17882.594526398898,18050.112842294235,17673.19579008433,18008.232421875,63444,0.0,0.0
2022-04-12 00:00:00+09:00,17819.772978586123,18008.231494991112,17547.55699143526,17987.29296875,30764,0.0,0.0
2022-04-13 00:00:00+09:00,17882.59509812554,18008.23299761843,17652.256144237163,17798.8359375,24612,0.0,0.0
2022-04-14 00:00:00+09:00,17673.195644304273,18175.75058784488,17631.316907121283,18112.931640625,36838,0.0,0.0
2022-04-15 00:00:00+09:00,18112.93269606377,18112.93269606377,17673.196674119667,17736.015625,33173,0.0,0.0
2022-04-18 00:00:00+09:00,17736.01533354309,18406.090302521843,17505.678062173094,18091.9921875,57963,0.0,0.0
2022-04-19 00:00:00+09:00,18385.149767307004,18385.149767307004,18008.232709085703,18154.8125,19759,0.0,0.0
2022-04-20 00:00:00+09:00,18280.44933829131,18385.148702052036,17777.89441170869,18029.171875,27830,0.0,0.0
2022-04-21 00:00:00+09:00,18091.990203913345,18154.81082976464,17756.953597602456,17945.412109375,47501,0.0,0.0
2022-04-22 00:00:00+09:00,17882.59278374387,18594.54639836471,17505.67576826445,18406.087890625,100330,0.0,0.0
2022-04-25 00:00:00+09:00,18259.51001058012,18259.51001058012,17610.376953125,17610.376953125,90115,0.0,0.0
2022-04-26 00:00:00+09:00,17610.375472924992,17694.134624359365,16584.325447131254,16751.84375,180631,0.0,0.0
2022-04-27 00:00:00+09:00,16333.048448800317,16940.302734375,16333.048448800317,16940.302734375,85646,0.0,0.0
2022-04-28 00:00:00+09:00,17045.000881061387,17045.000881061387,16437.74657886199,16772.783203125,85041,0.0,0.0
2022-04-29 00:00:00+09:00,16772.781693665755,16982.18040643077,16709.962752992495,16814.662109375,42804,0.0,0.0
2022-05-02 00:00:00+09:00,16814.661911618226,17338.157004483346,16605.263201315945,17317.216796875,44475,0.0,0.0
2022-05-03 00:00:00+09:00,17380.03738171969,17380.03738171969,17107.819732077827,17170.638671875,22022,0.0,0.0
2022-05-04 00:00:00+09:00,17128.757505069072,17359.096412368122,16877.480074016894,17191.578125,54184,0.0,0.0
2022-05-06 00:00:00+09:00,16919.36200481124,17296.27734375,16772.78222804943,17296.27734375,55976,0.0,0.0
2022-05-10 00:00:00+09:00,17170.641391363006,18343.269640120598,16333.049785107582,17798.8359375,66872,0.0,0.0
2022-05-11 00:00:00+09:00,17484.736185177626,17798.834270269745,17024.0616863343,17589.435546875,34620,0.0,0.0
2022-05-12 00:00:00+09:00,17359.0971741571,17568.494201111203,16730.902727513625,17170.638671875,42596,0.0,0.0
2022-05-13 00:00:00+09:00,17170.639458400634,17568.49500586118,16668.084551221844,17296.27734375,91919,0.0,0.0
2022-05-16 00:00:00+09:00,17254.399511165047,17589.436133457068,16668.08542215401,17526.6171875,85107,0.0,0.0
2022-05-17 00:00:00+09:00,17338.157310026418,17568.494549105595,17086.879862969876,17463.796875,45236,0.0,0.0
2022-05-18 00:00:00+09:00,17463.798698579918,17756.954909312117,17212.519542394042,17715.076171875,70799,0.0,0.0
2022-05-19 00:00:00+09:00,17505.677147185397,17736.01440651612,17065.94115545165,17568.49609375,68822,0.0,0.0
2022-05-20 00:00:00+09:00,17568.493210991954,17568.493210991954,17254.396846817246,17547.5546875,16418,0.0,0.0
2022-05-23 00:00:00+09:00,17484.73593712215,17484.73593712215,15830.491431022607,16374.9267578125,304761,0.0,0.0
2022-05-24 00:00:00+09:00,16123.650076251733,16123.650076251733,14343.765915964861,15160.4189453125,479648,0.0,0.0
2022-05-25 00:00:00+09:00,15181.358215850914,15914.2503613645,15160.418007521503,15830.4912109375,172212,0.0,0.0
2022-05-26 00:00:00+09:00,15830.492260521596,16123.650147898203,15767.673314259022,15956.1318359375,55706,0.0,0.0
2022-05-27 00:00:00+09:00,15956.131835937502,16312.10866957668,15683.91415827867,15956.1318359375,97418,0.0,0.0
2022-05-30 00:00:00+09:00,16018.9501953125,16081.76913927357,15788.61294552811,16018.9501953125,19526,0.0,0.0
2022-05-31 00:00:00+09:00,15830.492139749333,15872.37255886538,15202.299316134622,15537.3359375,105377,0.0,0.0
2022-06-02 00:00:00+09:00,15537.334114175505,15830.490282022616,15286.056677639175,15809.5517578125,53196,0.0,0.0
2022-06-03 00:00:00+09:00,15893.313710636223,16060.83203125,15642.03454682471,16060.83203125,38726,0.0,0.0
2022-06-07 00:00:00+09:00,16060.831201635629,16228.349513596331,15914.251416501946,15956.1318359375,30124,0.0,0.0
2022-06-08 00:00:00+09:00,15935.193210206515,16207.410914924272,15704.8559290873,16186.470703125,41930,0.0,0.0
2022-06-09 00:00:00+09:00,15851.430986665455,16228.347994745835,15495.454186343008,15621.09375,186501,0.0,0.0
2022-06-10 00:00:00+09:00,15642.032812324742,16144.589401329868,14762.562568069754,16102.708984375,313441,0.0,0.0
2022-06-13 00:00:00+09:00,15788.614538486669,15830.493277722417,15244.179148185885,15286.0595703125,74690,0.0,0.0
2022-06-14 00:00:00+09:00,15725.795207265,15725.795207265,14322.828026261071,15369.818359375,143311,0.0,0.0
2022-06-15 00:00:00+09:00,15076.658425083117,15369.8162846227,14888.199921299854,15097.5986328125,47082,0.0,0.0
2022-06-16 00:00:00+09:00,15118.537157651286,15453.575432649639,14783.500565543533,15097.5986328125,52270,0.0,0.0
2022-06-17 00:00:00+09:00,15097.600791466557,15139.479530022545,14469.40625,14469.40625,43853,0.0,0.0
2022-06-20 00:00:00+09:00,14469.405662645597,14657.864185724578,13715.572411775052,14532.224609375,52299,0.0,0.0
2022-06-21 00:00:00+09:00,14678.804224000878,14825.38232561956,14280.946972620523,14490.345703125,40778,0.0,0.0
2022-06-22 00:00:00+09:00,14406.586353641494,15202.29916280407,13673.692489628645,14615.9833984375,86035,0.0,0.0
2022-06-23 00:00:00+09:00,14574.103985226098,14867.260170892672,13820.270788350175,14239.0673828125,68880,0.0,0.0
2022-06-24 00:00:00+09:00,14364.705934947855,14825.382126124237,14155.308890151848,14615.9833984375,61531,0.0,0.0
2022-06-27 00:00:00+09:00,14239.068598552883,14595.04375684272,14176.247968068683,14406.5869140625,54926,0.0,0.0
2022-06-28 00:00:00+09:00,14427.525024353472,14657.863963690108,14239.06818701997,14511.2841796875,30758,0.0,0.0
2022-06-29 00:00:00+09:00,14155.30837264376,14574.104129815627,14029.668804046867,14134.3681640625,40236,0.0,0.0
2022-06-30 00:00:00+09:00,14176.246898334353,14176.246898334353,13631.812414010927,14134.3681640625,52628,0.0,0.0
2022-07-01 00:00:00+09:00,13987.790187507631,14239.068500486872,13506.174613011728,13883.0908203125,44825,0.0,0.0
2022-07-04 00:00:00+09:00,14197.187706266179,14343.765806741629,13589.93341200837,13966.849609375,42681,0.0,0.0
2022-07-05 00:00:00+09:00,13966.849646789806,14427.525000360867,13778.39196832433,14364.7060546875,44641,0.0,0.0
2022-07-06 00:00:00+09:00,13945.909652612492,14239.067524078133,13945.909652612492,14134.3681640625,62695,0.0,0.0
2022-07-07 00:00:00+09:00,14239.067738560649,14909.14096012892,14176.247111870602,14678.8037109375,63382,0.0,0.0
2022-07-08 00:00:00+09:00,14699.741468984594,14909.140181230405,14574.103587949592,14867.259765625,67386,0.0,0.0
2022-07-11 00:00:00+09:00,14678.80366156444,14992.90006239541,14657.863452738191,14699.7421875,75698,0.0,0.0
2022-07-12 00:00:00+09:00,15160.418895694276,15181.359105250469,14280.94692324161,14511.2841796875,85461,0.0,0.0
2022-07-13 00:00:00+09:00,14615.983112349459,14825.3818359375,14280.94650092115,14825.3818359375,54770,0.0,0.0
2022-07-14 00:00:00+09:00,14553.164890821397,14930.081938833055,14490.345943783048,14657.8642578125,45026,0.0,0.0
2022-07-15 00:00:00+09:00,14846.322483914359,14846.322483914359,14385.646288131831,14511.2841796875,45359,0.0,0.0
2022-07-18 00:00:00+09:00,14783.502230554488,14930.082018278317,14427.525390625,14427.525390625,71832,0.0,0.0
2022-07-19 00:00:00+09:00,14239.067308981923,14762.562418261476,14071.548167198398,14636.9228515625,59033,0.0,0.0
2022-07-20 00:00:00+09:00,14930.081639248387,15139.478686138082,14406.586497688026,14511.2841796875,111244,0.0,0.0
2022-07-21 00:00:00+09:00,14406.5859667897,14720.682366994824,14260.006188188716,14553.1640625,35037,0.0,0.0
2022-07-22 00:00:00+09:00,14553.164890821397,14804.442361865576,14448.465523830297,14657.8642578125,49114,0.0,0.0
2022-07-25 00:00:00+09:00,14574.103771561611,14783.500803554907,14511.283147362059,14741.6220703125,37856,0.0,0.0
2022-07-26 00:00:00+09:00,14574.10466263459,14804.441916777418,14574.10466263459,14615.9833984375,27709,0.0,0.0
2022-07-27 00:00:00+09:00,14615.983035085694,14720.682396326249,14532.22388267139,14699.7421875,17928,0.0,0.0
2022-07-28 00:00:00+09:00,14720.682254641864,15055.718861074407,14699.742046017163,14804.44140625,25760,0.0,0.0
2022-07-29 00:00:00+09:00,14971.959121747905,15034.778062265406,14741.621884589998,14867.259765625,34293,0.0,0.0
2022-08-01 00:00:00+09:00,14783.500943635769,14909.140510334744,14636.9228515625,14636.9228515625,19516,0.0,0.0
2022-08-02 00:00:00+09:00,14448.46459229151,14636.923104146814,14197.187137447994,14280.9462890625,37443,0.0,0.0
2022-08-03 00:00:00+09:00,14343.76523205071,14490.345009544099,14176.2469288217,14280.9462890625,35634,0.0,0.0
2022-08-04 00:00:00+09:00,14260.006404330836,14595.04301839871,14260.006404330836,14574.1044921875,69234,0.0,0.0
2022-08-05 00:00:00+09:00,14448.464342959358,14720.682001731602,14406.58560932013,14636.9228515625,46654,0.0,0.0
2022-08-08 00:00:00+09:00,14490.345943783048,14762.563624803603,14427.52531385392,14657.8642578125,44267,0.0,0.0
2022-08-09 00:00:00+09:00,14615.983005962888,14783.501310457712,14301.886605757763,14553.1640625,71647,0.0,0.0
2022-08-10 00:00:00+09:00,14364.70564211928,14553.164156617417,13966.849245648405,14050.6083984375,79480,0.0,0.0
2022-08-11 00:00:00+09:00,14197.18697106016,14783.501025490228,14176.24676267928,14762.5625,81091,0.0,0.0
2022-08-12 00:00:00+09:00,14615.982675851188,14867.260126918156,14448.464375139874,14783.5009765625,42205,0.0,0.0
2022-08-16 00:00:00+09:00,14909.140909981106,14909.140909981106,14532.22388267139,14699.7421875,42600,0.0,0.0
2022-08-17 00:00:00+09:00,14532.223568479072,14678.80334420301,14050.608031786862,14239.0673828125,73377,0.0,0.0
2022-08-18 00:00:00+09:00,14343.765719208617,14343.765719208617,13841.210792453292,13945.91015625,66275,0.0,0.0
2022-08-19 00:00:00+09:00,13883.09141077,14176.248473360996,13736.513300197215,13820.2724609375,50816,0.0,0.0
2022-08-22 00:00:00+09:00,13778.391967690888,13778.391967690888,13317.715772695632,13694.6328125,49878,0.0,0.0
2022-08-23 00:00:00+09:00,13568.994079713668,13757.45175817048,13443.354505481964,13694.6328125,29073,0.0,0.0
2022-08-24 00:00:00+09:00,13589.933198289278,13715.571928768992,12626.702089832786,12752.3408203125,157094,0.0,0.0
2022-08-25 00:00:00+09:00,12794.220145641699,12857.03993036938,12584.822265625,12584.822265625,86487,0.0,0.0
2022-08-26 00:00:00+09:00,12626.70184162834,12731.40120235936,12438.243328890641,12584.822265625,59422,0.0,0.0
2022-08-29 00:00:00+09:00,12333.544204209325,12584.821647895336,11830.988475392005,12501.0625,78906,0.0,0.0
2022-08-30 00:00:00+09:00,12522.00362660781,12731.40151171255,12270.72532303676,12626.7021484375,52776,0.0,0.0
2022-08-31 00:00:00+09:00,12417.304263332759,12773.281088733498,12375.424686311811,12626.7021484375,50857,0.0,0.0
2022-09-01 00:00:00+09:00,12501.063297620538,12626.702027479823,11684.4111328125,11684.4111328125,86175,0.0,0.0
2022-09-02 00:00:00+09:00,11830.988329670523,11830.988329670523,11558.771523086201,11705.349609375,31501,0.0,0.0
2022-09-05 00:00:00+09:00,11579.712281938604,12145.087011996877,11433.134178018741,11495.953125,97945,0.0,0.0
2022-09-06 00:00:00+09:00,11684.411277632253,11935.688740465226,11475.01339193811,11579.7119140625,50028,0.0,0.0
2022-09-07 00:00:00+09:00,11307.49426011185,11433.133833175636,10972.457642462716,11056.216796875,54733,0.0,0.0
2022-09-08 00:00:00+09:00,11181.855218239065,11286.554579072088,10972.45733801836,11014.3369140625,193623,0.0,0.0
2022-09-13 00:00:00+09:00,11516.894167431363,11537.833537456876,11223.736255510566,11349.375,150154,0.0,0.0
2022-09-14 00:00:00+09:00,11244.67614083833,11286.555721120123,10763.060546875,10763.060546875,67331,0.0,0.0
2022-09-15 00:00:00+09:00,10825.878883208828,10846.819092886019,10574.6014157548,10679.30078125,79190,0.0,0.0
2022-09-16 00:00:00+09:00,10532.721594310156,10742.119479013521,10155.8054018441,10511.7822265625,113907,0.0,0.0
2022-09-19 00:00:00+09:00,10637.421394931376,10637.421394931376,10176.745188189716,10302.384765625,57766,0.0,0.0
2022-09-20 00:00:00+09:00,10407.08225297291,10595.540758872994,10239.563955037416,10428.0224609375,54723,0.0,0.0
2022-09-21 00:00:00+09:00,10239.56482010647,10428.023341928094,10009.226720262863,10155.8056640625,39210,0.0,0.0
2022-09-22 00:00:00+09:00,9925.466306742055,10155.80437740368,9548.550152296437,10113.9248046875,86317,0.0,0.0
2022-09-23 00:00:00+09:00,10113.925268984876,10323.32314217855,9674.189314555508,9778.888671875,47429,0.0,0.0
2022-09-26 00:00:00+09:00,9674.18993904987,9883.587825760726,9213.514588285985,9339.1533203125,87557,0.0,0.0
2022-09-27 00:00:00+09:00,9674.190125022245,9757.949281316738,9255.394343549788,9632.310546875,46847,0.0,0.0
2022-09-28 00:00:00+09:00,9590.431031845741,9883.588080805832,9025.056302414301,9506.671875,82360,0.0,0.0
2022-09-29 00:00:00+09:00,9737.00822407409,9967.346304559494,9401.971628055546,9527.6103515625,49806,0.0,0.0
2022-09-30 00:00:00+09:00,9443.85080852489,9716.06845215467,9192.573371995222,9464.791015625,42271,0.0,0.0
2022-10-04 00:00:00+09:00,9632.309932199492,9778.888867083766,9464.79163030051,9548.55078125,41854,0.0,0.0
2022-10-05 00:00:00+09:00,9548.551053007819,9611.369997285141,8669.0791015625,8669.0791015625,94832,0.0,0.0
2022-10-06 00:00:00+09:00,8669.07859009604,9192.573688266373,8627.199015900225,9129.75390625,61969,0.0,0.0
2022-10-07 00:00:00+09:00,8920.35735260852,9255.394837097894,8899.417983140987,9045.99609375,31780,0.0,0.0
2022-10-11 00:00:00+09:00,8920.357888334474,8920.357888334474,8124.644971871895,8313.103515625,94614,0.0,0.0
2022-10-12 00:00:00+09:00,8292.162698495104,8375.921849676239,8103.704187614882,8124.6435546875,51217,0.0,0.0
2022-10-13 00:00:00+09:00,8229.344199721025,8229.344199721025,7789.6081666153905,8019.9462890625,52277,0.0,0.0
2022-10-14 00:00:00+09:00,8166.524294342363,8459.681335057523,8103.704507752146,8417.8017578125,50929,0.0,0.0
2022-10-17 00:00:00+09:00,8208.40330461998,8501.56032508632,8061.824373664156,8480.6201171875,43868,0.0,0.0
2022-10-18 00:00:00+09:00,8480.620801154882,8710.958899392286,8417.801855282647,8690.01953125,36430,0.0,0.0
2022-10-19 00:00:00+09:00,8648.138785001358,8836.597298381297,8396.861328125,8396.861328125,36035,0.0,0.0
2022-10-20 00:00:00+09:00,8229.343239487214,8480.620702957352,8103.704507752146,8417.8017578125,42096,0.0,0.0
2022-10-21 00:00:00+09:00,8229.3427734375,8375.921706216604,8145.583623690959,8229.3427734375,24898,0.0,0.0
2022-10-24 00:00:00+09:00,8417.801176381652,8648.138414596837,8313.101819778161,8480.6201171875,72982,0.0,0.0
2022-10-25 00:00:00+09:00,8375.921960774642,8690.019202592759,8313.10217583288,8396.861328125,45154,0.0,0.0
2022-10-26 00:00:00+09:00,8396.861242135927,8501.56060215156,8187.463363549993,8375.921875,22508,0.0,0.0
2022-10-27 00:00:00+09:00,8501.560937481598,8564.3798828125,8334.042628005367,8564.3798828125,40381,0.0,0.0
2022-10-28 00:00:00+09:00,8396.86160908318,8522.50034172522,8271.222876441141,8292.1630859375,23388,0.0,0.0
2022-10-31 00:00:00+09:00,8417.802126912682,8543.440864156702,8229.343600323948,8334.04296875,38231,0.0,0.0
2022-11-01 00:00:00+09:00,8354.981612095226,8585.319697764777,8313.102036650336,8501.560546875,24670,0.0,0.0
2022-11-02 00:00:00+09:00,8375.921890709726,8375.921890709726,8082.7640186942435,8187.46337890625,112477,0.0,0.0
2022-11-03 00:00:00+09:00,8061.823995980304,8292.162064849817,7663.967637549423,8040.8837890625,80694,0.0,0.0
2022-11-04 00:00:00+09:00,8082.764003534359,8082.764003534359,7789.606973514053,7852.4267578125,44405,0.0,0.0
2022-11-07 00:00:00+09:00,7873.366101144093,8145.58376320545,7810.547158480907,8124.6435546875,78013,0.0,0.0
2022-11-08 00:00:00+09:00,8103.704159425894,8543.440122319887,8103.704159425894,8501.560546875,60146,0.0,0.0
2022-11-09 00:00:00+09:00,8522.500739890727,8585.32052986933,8292.163473341807,8354.982421875,28781,0.0,0.0
2022-11-10 00:00:00+09:00,8292.162556470064,8334.042131343334,8145.583623690959,8229.3427734375,35523,0.0,0.0
2022-11-11 00:00:00+09:00,8522.499757046358,9004.1152865227,8459.680815757665,8878.4765625,78924,0.0,0.0
2022-11-14 00:00:00+09:00,8836.597632582132,8899.417419899743,8627.19974393239,8690.01953125,50698,0.0,0.0
2022-11-15 00:00:00+09:00,8627.1991144546,8878.4765625,8543.439965106132,8878.4765625,30824,0.0,0.0
2022-11-16 00:00:00+09:00,8983.1767578125,9025.056336393045,8773.77886490978,8983.1767578125,36438,0.0,0.0
2022-11-17 00:00:00+09:00,8899.417834416321,9171.6346816176,8878.477623853307,9150.6953125,48516,0.0,0.0
2022-11-18 00:00:00+09:00,9045.995422726097,9297.273727814883,8941.29690026402,9087.875,42327,0.0,0.0
2022-11-21 00:00:00+09:00,9108.815203078058,9171.63414822291,8313.10239397726,8417.8017578125,82599,0.0,0.0
2022-11-22 00:00:00+09:00,8417.801176381652,8543.439899438654,8250.282878972313,8480.6201171875,56552,0.0,0.0
2022-11-23 00:00:00+09:00,8585.32018919729,8920.356811934236,8459.681455670934,8836.59765625,71112,0.0,0.0
2022-11-24 00:00:00+09:00,8815.658808124457,9045.996079121986,8815.658808124457,8899.41796875,38333,0.0,0.0
2022-11-25 00:00:00+09:00,8920.356137174233,8983.175919908239,8752.837838477299,8878.4765625,19432,0.0,0.0
2022-11-28 00:00:00+09:00,8648.13919644453,9004.116031344633,8585.320249959443,8710.958984375,37961,0.0,0.0
2022-11-29 00:00:00+09:00,8773.77734375,8962.234993965774,8543.439280769335,8773.77734375,52645,0.0,0.0
2022-11-30 00:00:00+09:00,8794.718078407881,8857.537865893748,8710.958922723645,8836.59765625,29838,0.0,0.0
2022-12-01 00:00:00+09:00,9045.995789911334,9171.634526832837,8878.477474016,9004.1162109375,90219,0.0,0.0
2022-12-02 00:00:00+09:00,8920.356725998983,9025.056090318334,8773.778625686333,8815.658203125,59348,0.0,0.0
2022-12-05 00:00:00+09:00,8983.177516468932,9025.057098586332,8878.478140452698,8962.2373046875,77062,0.0,0.0
2022-12-06 00:00:00+09:00,9045.996256213723,9757.949976914042,8941.297724104845,9737.009765625,280132,0.0,0.0
2022-12-07 00:00:00+09:00,9799.82836733707,11516.892668037533,9737.008582548187,11014.3369140625,793331,0.0,0.0
2022-12-08 00:00:00+09:00,10721.179173072363,10930.57703945165,9716.068573006498,10009.2255859375,367426,0.0,0.0
2022-12-09 00:00:00+09:00,10134.865454328818,10825.878912414262,9737.009042397269,10155.8056640625,224849,0.0,0.0
2022-12-12 00:00:00+09:00,10218.6240234375,10763.059347897519,10218.6240234375,10218.6240234375,120509,0.0,0.0
2022-12-13 00:00:00+09:00,10239.5649486958,10281.444527243711,9820.769163216675,9904.5283203125,70365,0.0,0.0
2022-12-14 00:00:00+09:00,10009.226461829066,10616.480748191503,9799.828577125701,10511.7822265625,113600,0.0,0.0
2022-12-15 00:00:00+09:00,10511.782195478138,10511.782195478138,9506.671510428838,9590.4306640625,286411,0.0,0.0
2022-12-16 00:00:00+09:00,9464.79134126182,9485.730707637076,9108.814539874744,9129.75390625,99042,0.0,0.0
2022-12-19 00:00:00+09:00,9087.874332054185,9234.453262462188,9004.115183662556,9129.75390625,54192,0.0,0.0
2022-12-20 00:00:00+09:00,9045.996468922302,9150.695844938535,8878.478140452698,8962.2373046875,46676,0.0,0.0
2022-12-21 00:00:00+09:00,8962.236484960642,9108.8154296875,8920.356906673738,9108.8154296875,26851,0.0,0.0
2022-12-22 00:00:00+09:00,9129.754889444344,9422.912781830877,9087.875310738467,9381.033203125,58122,0.0,0.0
2022-12-23 00:00:00+09:00,9234.454164548213,9234.454164548213,8920.356906673738,9108.8154296875,49565,0.0,0.0
2022-12-26 00:00:00+09:00,9004.114964546367,9213.513671875,8857.536879150663,9213.513671875,67273,0.0,0.0
2022-12-27 00:00:00+09:00,9234.453029903243,9548.55024918433,9171.633249468912,9485.73046875,73954,0.0,0.0
2022-12-28 00:00:00+09:00,9421.494633713739,9507.144514529713,9143.132090842013,9185.95703125,85337,243.02264,0.0
2022-12-29 00:00:00+09:00,9100.306870238535,9228.781687506798,8693.469518669237,8821.9443359375,53408,0.0,0.0
2023-01-02 00:00:00+09:00,8821.944235372432,8971.831950696569,8372.281949839604,8479.3447265625,37560,0.0,0.0
2023-01-03 00:00:00+09:00,8436.520253464198,8522.170135392596,8222.394688203573,8393.6953125,35031,0.0,0.0
2023-01-04 00:00:00+09:00,8286.632322253337,8522.169921875,8222.394482196662,8522.169921875,21049,0.0,0.0
2023-01-05 00:00:00+09:00,8522.168960550327,8564.993895610802,8200.98151737702,8222.3935546875,48022,0.0,0.0
2023-01-06 00:00:00+09:00,8158.157276433484,8436.519808230116,8158.157276433484,8329.45703125,44014,0.0,0.0
2023-01-09 00:00:00+09:00,8500.756614448119,8843.356117164545,8479.344575748128,8779.119140625,78097,0.0,0.0
2023-01-10 00:00:00+09:00,8650.644013196086,8736.293885767174,8543.581242262459,8564.994140625,70631,0.0,0.0
2023-01-11 00:00:00+09:00,8629.231479382333,8950.4189453125,8629.231479382333,8950.4189453125,78128,0.0,0.0
2023-01-12 00:00:00+09:00,8864.768564392183,8907.593500048588,8672.055923718595,8714.880859375,27398,0.0,0.0
2023-01-13 00:00:00+09:00,8714.88208954852,8779.119932320564,8629.23220614556,8757.70703125,30857,0.0,0.0
2023-01-16 00:00:00+09:00,8907.594284675271,8950.419224103916,8757.706566455206,8843.3564453125,33381,0.0,0.0
2023-01-17 00:00:00+09:00,8757.705996567649,8886.181666932933,8586.40625,8586.40625,39448,0.0,0.0
2023-01-18 00:00:00+09:00,8586.406507386864,8672.056383238138,8522.169530718196,8629.2314453125,21397,0.0,0.0
2023-01-19 00:00:00+09:00,8564.994722853095,8693.469540443139,8522.169783656413,8672.056640625,23421,0.0,0.0
2023-01-20 00:00:00+09:00,8629.23220614556,8993.244640827963,8629.23220614556,8757.70703125,39827,0.0,0.0
2023-01-25 00:00:00+09:00,8886.182405952157,9036.069266444416,8800.531665105644,9014.6572265625,440,0.0,0.0
2023-01-26 00:00:00+09:00,8971.8310546875,9078.89296027863,8843.355391274945,8971.8310546875,209,0.0,0.0
2023-01-27 00:00:00+09:00,9100.306870238535,9100.306870238535,8779.119396848078,8821.9443359375,94,0.0,0.0
2023-01-30 00:00:00+09:00,8843.355666344218,9057.481205065771,8693.46882176656,8714.880859375,28,0.0,0.0
2023-01-31 00:00:00+09:00,8714.881766399454,8821.944546903074,8586.40694605888,8693.4697265625,218,0.0,0.0
2023-02-01 00:00:00+09:00,8821.94536903921,9464.320391046014,8650.645592621313,9164.544921875,3828,0.0,0.0
2023-02-02 00:00:00+09:00,9357.256792881948,9400.081733289935,9014.657269618052,9185.95703125,170,0.0,0.0
2023-02-03 00:00:00+09:00,9228.782295202649,9314.432179021356,9078.894568300087,9250.1943359375,236,0.0,0.0
2023-02-06 00:00:00+09:00,9421.494124793966,9421.494124793966,8886.181968390212,8950.4189453125,123,0.0,0.0
2023-02-07 00:00:00+09:00,8929.0068359375,9036.068750108618,8800.53116222885,8929.0068359375,30511,0.0,0.0
2023-02-08 00:00:00+09:00,8971.832079081276,9143.1318359375,8907.594240040395,9143.1318359375,48003,0.0,0.0
2023-02-09 00:00:00+09:00,9143.132411383944,9228.782295202649,8886.182759927824,9250.1943359375,61901,0.0,0.0
2023-02-10 00:00:00+09:00,9057.482236423712,9185.957058022106,8929.007414825315,9036.0693359375,59,0.0,0.0
2023-02-13 00:00:00+09:00,8950.419411904426,8971.832312287843,8736.294710268363,8864.76953125,4,0.0,0.0
2023-02-14 00:00:00+09:00,8864.768999083175,8929.0068359375,8800.53116222885,8929.0068359375,25191,0.0,0.0
2023-02-15 00:00:00+09:00,8864.768694623805,8907.593630909347,8560.7117330404,8564.994140625,294,0.0,0.0
2023-02-16 00:00:00+09:00,8607.819686748935,9078.894019264126,8607.819686748935,8993.244140625,6,0.0,0.0
2023-02-17 00:00:00+09:00,8929.00690648493,8993.243883407218,8800.531231761202,8950.4189453125,28,0.0,0.0
2023-02-20 00:00:00+09:00,8821.94536903921,9228.78276825156,8693.470536725787,9164.544921875,123,0.0,0.0
2023-02-21 00:00:00+09:00,9078.894019264126,9164.543897903251,8929.007161865457,8993.244140625,646,0.0,0.0
2023-02-22 00:00:00+09:00,8864.76953125,8971.832312287843,8779.119650595574,8864.76953125,30855,0.0,0.0
2023-02-23 00:00:00+09:00,8864.769755311816,9057.482421875,8864.769755311816,9057.482421875,44049,0.0,0.0
2023-02-24 00:00:00+09:00,9078.8944224642,9078.8944224642,8714.881991862068,8886.1826171875,39743,0.0,0.0
2023-02-27 00:00:00+09:00,8757.70649708357,8886.18217479143,8556.429885671008,8821.9443359375,53003,0.0,0.0
2023-02-28 00:00:00+09:00,8821.944633273506,9078.894276470299,8779.119692740707,9036.0693359375,46767,0.0,0.0
2023-03-02 00:00:00+09:00,9078.893723751467,9078.893723751467,8629.2314453125,8629.2314453125,88545,0.0,0.0
2023-03-03 00:00:00+09:00,8693.469021824554,8714.881059925738,8487.909153855466,8586.40625,175981,0.0,0.0
2023-03-06 00:00:00+09:00,8607.819592399836,8693.469470100164,8457.931876204464,8650.64453125,108004,0.0,0.0
2023-03-07 00:00:00+09:00,8693.469540443139,8800.531458215044,8535.017007283537,8672.056640625,48954,0.0,0.0
2023-03-08 00:00:00+09:00,8736.294321903608,8736.294321903608,8535.016853181447,8552.146484375,66388,0.0,0.0
2023-03-09 00:00:00+09:00,8552.147071699905,8736.294921875,8513.604538427891,8736.294921875,52869,0.0,0.0
2023-03-10 00:00:00+09:00,8564.994321737655,8629.231297304535,8457.931548540111,8560.7119140625,76095,0.0,0.0
2023-03-13 00:00:00+09:00,8693.469383480144,8693.469383480144,8286.63203823743,8552.146484375,77171,0.0,0.0
2023-03-14 00:00:00+09:00,8432.23716763197,8432.23716763197,8136.744152247012,8188.134765625,73612,0.0,0.0
2023-03-15 00:00:00+09:00,8230.959935388235,8436.519813381487,8226.677527559166,8355.15234375,82700,0.0,0.0
2023-03-16 00:00:00+09:00,8235.242077292785,8346.586398132333,8055.376652081989,8260.9365234375,44847,0.0,0.0
2023-03-17 00:00:00+09:00,8436.520826907234,8543.582756375074,8265.220190967244,8500.7578125,45491,0.0,0.0
2023-03-20 00:00:00+09:00,8423.6716050019,8736.2942554219,8419.3891972361,8556.4296875,43709,0.0,0.0
2023-03-21 00:00:00+09:00,8483.627389928917,8693.469681439987,8470.779305653816,8522.169921875,51700,0.0,0.0
2023-03-22 00:00:00+09:00,8543.581801636466,8886.18217479143,8543.581801636466,8821.9443359375,55665,0.0,0.0
2023-03-23 00:00:00+09:00,8757.707104753808,8757.707104753808,8500.75745238834,8535.017578125,51577,0.0,0.0
2023-03-24 00:00:00+09:00,8535.016723475874,8535.016723475874,8248.089382267179,8333.7392578125,51390,0.0,0.0
2023-03-27 00:00:00+09:00,8312.327903390538,8389.412109375,8145.310546284864,8389.412109375,33058,0.0,0.0
2023-03-28 00:00:00+09:00,8333.739878886341,8479.345194428397,8252.372405010401,8393.6953125,42310,0.0,0.0
2023-03-29 00:00:00+09:00,8410.82512022778,8457.932470227477,8252.372577221753,8338.0224609375,32342,0.0,0.0
2023-03-30 00:00:00+09:00,8342.303853009236,8672.056123283824,8183.851329302298,8586.40625,56646,0.0,0.0
2023-03-31 00:00:00+09:00,8672.056640625,8757.706519018362,8564.994722853095,8672.056640625,34544,0.0,0.0
2023-04-03 00:00:00+09:00,8586.40625,8672.056123283824,8500.756376716176,8586.40625,60827,0.0,0.0
2023-04-04 00:00:00+09:00,8586.406473447047,9057.481649206582,8222.394072298199,8929.0068359375,124451,0.0,0.0
2023-04-05 00:00:00+09:00,8843.35609998521,9014.656711450221,8672.056348959768,8929.0068359375,47388,0.0,0.0
2023-04-06 00:00:00+09:00,8757.706288639854,8843.356164780129,8517.887151710831,8530.734375,89899,0.0,0.0
2023-04-07 00:00:00+09:00,8586.406762231636,8736.29447963982,8505.039291713982,8672.056640625,58897,0.0,0.0
2023-04-10 00:00:00+09:00,8672.056234495642,8672.056234495642,8393.69457297323,8560.7119140625,43611,0.0,0.0
2023-04-11 00:00:00+09:00,8457.931727567875,8650.64437922675,8436.519688738876,8556.4296875,34959,0.0,0.0
2023-04-12 00:00:00+09:00,8650.64525493275,8672.057295929293,8517.888019435191,8607.8203125,41738,0.0,0.0
2023-04-13 00:00:00+09:00,8736.294202785448,8929.006853283223,8457.931676608565,8779.119140625,151438,0.0,0.0
2023-04-14 00:00:00+09:00,8757.707180794792,8864.7699670965,8586.407411063794,8607.8203125,101319,0.0,0.0
2023-04-17 00:00:00+09:00,8607.820054703645,8736.29487815419,8483.627639324153,8539.2998046875,62813,0.0,0.0
2023-04-18 00:00:00+09:00,8509.321121146117,8629.231114833545,8410.824025821228,8564.994140625,100988,0.0,0.0
2023-04-19 00:00:00+09:00,8492.193110167318,8564.9957738672,8475.0634765625,8475.0634765625,75628,0.0,0.0
2023-04-20 00:00:00+09:00,8453.650544977983,8453.650544977983,8171.005568394812,8278.068359375,134680,0.0,0.0
2023-04-21 00:00:00+09:00,8269.50182855284,8342.303616472193,8046.811475977406,8085.35400390625,129444,0.0,0.0
2023-04-24 00:00:00+09:00,8055.376806682166,8175.286805644178,7948.314891478654,7986.857421875,80167,0.0,0.0
2023-04-25 00:00:00+09:00,7986.858366691423,8115.33319639749,7785.580875353347,7815.55859375,76966,0.0,0.0
2023-04-26 00:00:00+09:00,7725.623829858654,8008.268740532915,7687.08130292855,7854.0986328125,96756,0.0,0.0
2023-04-27 00:00:00+09:00,7849.816746474401,7896.92495174661,7704.212304304343,7781.29736328125,52011,0.0,0.0
2023-04-28 00:00:00+09:00,7836.969940161951,7892.642103298977,7691.365490249878,7734.1904296875,111364,0.0,0.0
2023-05-02 00:00:00+09:00,7742.755929749487,7811.275322641289,7665.670859861491,7789.86328125,71952,0.0,0.0
2023-05-03 00:00:00+09:00,7734.1904949380405,7811.274698224408,7717.060002754706,7729.9072265625,28388,0.0,0.0
2023-05-04 00:00:00+09:00,7729.906869841483,7815.5576059263085,7708.494831149955,7764.1669921875,31056,0.0,0.0
2023-05-08 00:00:00+09:00,7768.449653102153,8038.2473724852025,7768.449653102153,8016.83447265625,53455,0.0,0.0
2023-05-09 00:00:00+09:00,7922.61991111935,8093.919670860801,7854.099663046925,8076.7900390625,33649,0.0,0.0
2023-05-10 00:00:00+09:00,8038.248255683776,8350.870948634398,7982.576086714905,8179.5703125,63004,0.0,0.0
2023-05-11 00:00:00+09:00,8299.478871215051,8303.76127881199,8128.179125579337,8265.21875,57659,0.0,0.0
2023-05-12 00:00:00+09:00,8265.218937028725,8355.152079918107,8128.179309507074,8286.6318359375,47709,0.0,0.0
2023-05-15 00:00:00+09:00,8239.52456118667,8350.86974349555,8183.8515398124455,8308.0439453125,35819,0.0,0.0
2023-05-16 00:00:00+09:00,8308.043839528384,8308.043839528384,7991.1396484375,7991.1396484375,48806,0.0,0.0
2023-05-17 00:00:00+09:00,7991.140554621035,8265.219839593901,7978.29246969693,8239.525390625,31188,0.0,0.0
2023-05-18 00:00:00+09:00,8239.52448498357,8282.349422330988,8158.157017979524,8260.9365234375,19627,0.0,0.0
2023-05-19 00:00:00+09:00,8256.654456373135,8419.389397094823,8235.242417035857,8402.259765625,56690,0.0,0.0
2023-05-22 00:00:00+09:00,8397.977357757545,8449.367112606606,8286.632171884918,8402.259765625,35920,0.0,0.0
2023-05-23 00:00:00+09:00,8432.23692418377,8607.819076910544,8363.716681951084,8564.994140625,64483,0.0,0.0
2023-05-24 00:00:00+09:00,8564.994211898817,8864.768768392203,8462.2138476945,8586.40625,39362,0.0,0.0
2023-05-25 00:00:00+09:00,8714.881171686748,8714.881171686748,8479.344447355443,8560.7119140625,49355,0.0,0.0
2023-05-26 00:00:00+09:00,8543.581603763025,8629.231479958175,8200.982098982426,8556.4296875,57642,0.0,0.0
2023-05-30 00:00:00+09:00,8607.819352645536,8607.819352645536,8445.084417459662,8457.931640625,61243,0.0,0.0
2023-05-31 00:00:00+09:00,8355.15162777053,8607.818830671275,8179.568619627026,8222.3935546875,108882,0.0,0.0
2023-06-01 00:00:00+09:00,8171.004962780619,8299.479786170796,8145.310514366366,8269.5029296875,38387,0.0,0.0
2023-06-02 00:00:00+09:00,8230.960372684978,8338.022294978895,8098.202281172279,8158.15771484375,64946,0.0,0.0
2023-06-05 00:00:00+09:00,8136.744935629463,8282.350253486286,8059.659868580516,8141.02734375,73639,0.0,0.0
2023-06-07 00:00:00+09:00,8260.937431432418,8393.695526197022,8179.569955484923,8239.525390625,61095,0.0,0.0
2023-06-08 00:00:00+09:00,8286.63207263712,8479.3447265625,8098.201826527907,8479.3447265625,295402,0.0,0.0
2023-06-09 00:00:00+09:00,8586.40625,8693.469021824554,8479.344338614992,8586.40625,58008,0.0,0.0
2023-06-12 00:00:00+09:00,8693.46967694881,8693.46967694881,8440.802445677024,8496.474609375,24164,0.0,0.0
2023-06-13 00:00:00+09:00,8496.475079792857,8564.995331553007,8342.304943552352,8410.8251953125,34692,0.0,0.0
2023-06-14 00:00:00+09:00,8410.823815644992,8492.191278598204,8145.309389397412,8149.591796875,41364,0.0,0.0
2023-06-15 00:00:00+09:00,8149.591837267496,8243.806523120438,7969.726420119719,8085.35400390625,35772,0.0,0.0
2023-06-16 00:00:00+09:00,8085.35433208998,8166.721798749178,7965.4443359375,7965.4443359375,29867,0.0,0.0
2023-06-19 00:00:00+09:00,8046.8126400081155,8218.112406498518,7768.45008924139,7845.53515625,51544,0.0,0.0
2023-06-20 00:00:00+09:00,7751.320748677128,7914.055705059415,7751.320748677128,7815.55859375,17652,0.0,0.0
2023-06-21 00:00:00+09:00,7751.319600546821,7896.924902243689,7751.319600546821,7819.83984375,22129,0.0,0.0
2023-06-22 00:00:00+09:00,7866.947237602356,7866.947237602356,7768.449279825394,7781.29736328125,23117,0.0,0.0
2023-06-23 00:00:00+09:00,7751.319649136995,7836.969523458102,7665.6697748158895,7781.29736328125,49102,0.0,0.0
2023-06-26 00:00:00+09:00,7691.365922885181,7789.863031000241,7687.082654304845,7772.7333984375,11562,0.0,0.0
2023-06-27 00:00:00+09:00,7772.732668103681,7875.512174702159,7742.754953495971,7764.1669921875,13578,0.0,0.0
2023-06-28 00:00:00+09:00,7764.167103046709,7836.969756516545,7712.777349013711,7738.47265625,34254,0.0,0.0
2023-06-29 00:00:00+09:00,7717.060080477038,7806.992368916562,7717.060080477038,7802.7099609375,10568,0.0,0.0
2023-06-30 00:00:00+09:00,7802.7097796204525,7806.992187500001,7725.624716909393,7806.9921875,32484,0.0,0.0
2023-07-03 00:00:00+09:00,7802.7100937372325,7862.66552734375,7729.907435974876,7862.66552734375,26114,0.0,0.0
2023-07-04 00:00:00+09:00,7824.123410309136,7858.383536985356,7747.03834039756,7815.55859375,30573,0.0,0.0
2023-07-05 00:00:00+09:00,7759.88441583733,7862.664780642099,7751.319600546821,7819.83984375,30038,0.0,0.0
2023-07-06 00:00:00+09:00,7819.84072273654,7819.84072273654,7430.132978817874,7635.69287109375,126494,0.0,0.0
2023-07-07 00:00:00+09:00,7631.410100449185,7751.320103617283,7494.370465588332,7644.25732421875,48602,0.0,0.0
2023-07-10 00:00:00+09:00,7708.494606087879,7708.494606087879,7601.431834437398,7648.5400390625,14875,0.0,0.0
2023-07-11 00:00:00+09:00,7648.540619723647,7772.733031255651,7580.020371830262,7755.6025390625,38574,0.0,0.0
2023-07-12 00:00:00+09:00,7755.602100015674,7794.144629718849,7665.669817521454,7717.0595703125,29398,0.0,0.0
2023-07-13 00:00:00+09:00,7717.059015082964,7875.511530191225,7717.059015082964,7854.0986328125,29904,0.0,0.0
2023-07-14 00:00:00+09:00,7888.360205580972,7918.3379232580055,7708.495620398093,7768.4501953125,25758,0.0,0.0
2023-07-17 00:00:00+09:00,7785.580872971743,7832.688224472256,7674.235676418007,7789.86328125,24071,0.0,0.0
2023-07-18 00:00:00+09:00,7789.862555981808,7858.382802933772,7734.190393108087,7806.9921875,19578,0.0,0.0
2023-07-19 00:00:00+09:00,7879.79469495064,7879.79469495064,7601.432164909229,7738.47265625,47487,0.0,0.0
2023-07-20 00:00:00+09:00,7751.320027829582,7751.320027829582,7597.14990234375,7597.14990234375,30632,0.0,0.0
2023-07-21 00:00:00+09:00,7639.975024040274,7815.558053565242,7481.522486889254,7592.86767578125,48810,0.0,0.0
2023-07-24 00:00:00+09:00,7592.867737872935,7665.670395068425,7280.24592943759,7344.48291015625,53165,0.0,0.0
2023-07-25 00:00:00+09:00,7383.025187980394,7383.025187980394,7091.8154296875,7091.8154296875,46643,0.0,0.0
2023-07-26 00:00:00+09:00,7091.815459330707,7190.312991870256,6487.9834706470565,6980.470703125,94557,0.0,0.0
2023-07-27 00:00:00+09:00,7044.708233637953,7494.370534545875,6873.408043156007,7211.7255859375,123356,0.0,0.0
2023-07-28 00:00:00+09:00,7211.725700733149,7438.697628561518,7190.313230359539,7430.1328125,46658,0.0,0.0
2023-07-31 00:00:00+09:00,7430.133173223989,7472.958116050307,7280.246303551711,7395.873046875,40407,0.0,0.0
2023-08-01 00:00:00+09:00,7451.545713093424,7472.9577532472185,7327.353298882527,7430.1328125,34313,0.0,0.0
2023-08-02 00:00:00+09:00,7323.070518949817,7451.545334666882,7305.940027257124,7404.43798828125,36078,0.0,0.0
2023-08-03 00:00:00+09:00,7391.589640493223,7460.109883938384,7263.1148293632095,7335.91748046875,41823,0.0,0.0
2023-08-04 00:00:00+09:00,7284.527729559383,7558.6069825156565,7284.527729559383,7520.064453125,38656,0.0,0.0
2023-08-07 00:00:00+09:00,7520.0646164720765,7806.991959084096,7395.872210279996,7665.669921875,53616,0.0,0.0
2023-08-08 00:00:00+09:00,7674.235174199324,7802.709995458419,7558.607576934253,7704.212890625,63008,0.0,0.0
2023-08-09 00:00:00+09:00,7644.257181195608,8021.11767578125,7644.257181195608,8021.11767578125,113339,0.0,0.0
2023-08-10 00:00:00+09:00,8093.920068329631,8265.219836483113,8033.965493651774,8213.830078125,71970,0.0,0.0
2023-08-11 00:00:00+09:00,8222.394284813186,8607.819595021654,8106.7675521902365,8230.9599609375,119445,0.0,0.0
2023-08-14 00:00:00+09:00,8308.043979657177,8367.999409009642,8115.332189234639,8235.2421875,47773,0.0,0.0
2023-08-16 00:00:00+09:00,8235.2421875,8333.739286585316,8093.919290054595,8235.2421875,43391,0.0,0.0
2023-08-17 00:00:00+09:00,8235.241637513302,8290.913794960063,8029.681777135126,8222.3935546875,42103,0.0,0.0
2023-08-18 00:00:00+09:00,8226.677984918908,8350.870400185113,8093.919893078769,8243.8076171875,35628,0.0,0.0
2023-08-21 00:00:00+09:00,8286.632346529095,8440.80247476507,8209.547282411108,8372.2822265625,33667,0.0,0.0
2023-08-22 00:00:00+09:00,8299.480318155242,8526.453123000922,8299.480318155242,8500.7578125,35163,0.0,0.0
2023-08-23 00:00:00+09:00,8505.039899157195,8560.712926396853,8432.238099630935,8436.5205078125,26166,0.0,0.0
2023-08-24 00:00:00+09:00,8556.430518215288,8556.430518215288,8402.260381920323,8436.5205078125,20829,0.0,0.0
2023-08-25 00:00:00+09:00,8359.43561971601,8475.063224427697,8320.893084812116,8432.23828125,33435,0.0,0.0
2023-08-28 00:00:00+09:00,8432.237806052759,8513.604419109273,8415.107313483259,8466.4970703125,32608,0.0,0.0
2023-08-29 00:00:00+09:00,8466.496897708652,8543.581961600818,8436.520042092507,8522.169921875,37539,0.0,0.0
2023-08-30 00:00:00+09:00,8453.649846215096,8564.995036378143,8440.802622117693,8466.4970703125,53377,0.0,0.0
2023-08-31 00:00:00+09:00,8436.519905263049,8693.469540443139,8406.542189693493,8672.056640625,83072,0.0,0.0
2023-09-01 00:00:00+09:00,8629.231886172405,8736.294666676025,8560.712498254534,8693.4697265625,58574,0.0,0.0
2023-09-04 00:00:00+09:00,8672.056640625,8693.469540443139,8564.994722853095,8672.056640625,26240,0.0,0.0
2023-09-05 00:00:00+09:00,8586.406789254774,8650.644628471764,8410.824624039748,8547.8642578125,35251,0.0,0.0
2023-09-06 00:00:00+09:00,8492.192418585766,8564.995076356794,8355.152779588258,8393.6953125,29421,0.0,0.0
2023-09-07 00:00:00+09:00,8372.282544896843,8479.34532922919,8141.02734375,8141.02734375,32912,0.0,0.0
2023-09-08 00:00:00+09:00,8093.919675219125,8265.219435052815,8068.225227507839,8102.4853515625,32262,0.0,0.0
2023-09-11 00:00:00+09:00,8051.09512629126,8308.044778521484,7986.858143453532,8213.830078125,15883,0.0,0.0
2023-09-12 00:00:00+09:00,8132.461969573963,8308.044132228566,8115.332338267011,8119.61474609375,15078,0.0,0.0
2023-09-13 00:00:00+09:00,8175.28661409445,8179.569021767086,7884.076869278301,7965.4443359375,29198,0.0,0.0
2023-09-14 00:00:00+09:00,7922.619140625,8089.636476174025,7918.3367330919,7922.619140625,14687,0.0,0.0
2023-09-15 00:00:00+09:00,7922.619756955223,8222.394330669527,7909.772533356489,8166.72216796875,17909,0.0,0.0
2023-09-18 00:00:00+09:00,8093.920426595832,8205.265625,8063.943568149847,8205.265625,10303,0.0,0.0
2023-09-19 00:00:00+09:00,8226.678527186825,8278.068287819635,8089.638018246406,8205.265625,6213,0.0,0.0
2023-09-20 00:00:00+09:00,8205.265412566336,8260.937580107226,8063.943359375,8063.943359375,12373,0.0,0.0
2023-09-21 00:00:00+09:00,8051.094552114648,8179.569369067373,7858.382756905355,7871.22998046875,8077,0.0,0.0
2023-09-22 00:00:00+09:00,7965.4443359375,7965.4443359375,7819.839893749204,7965.4443359375,7762,0.0,0.0
2023-09-25 00:00:00+09:00,7836.969524439748,7986.857234740237,7836.969524439748,7965.4443359375,7851,0.0,0.0
2023-09-26 00:00:00+09:00,7982.5753499601915,7999.704981772799,7849.817261654029,7866.94775390625,5643,0.0,0.0
2023-09-27 00:00:00+09:00,7866.947940319098,8145.310486947263,7841.252631551705,8132.46240234375,9577,0.0,0.0
2023-10-04 00:00:00+09:00,8132.462228167691,8132.462228167691,7836.970055649689,7926.90234375,11957,0.0,0.0
2023-10-05 00:00:00+09:00,7926.902091692607,8200.982215680944,7926.902091692607,8119.61474609375,21098,0.0,0.0
2023-10-06 00:00:00+09:00,8119.61474609375,8119.61474609375,8119.61474609375,8119.61474609375,0,0.0,0.0
2023-10-10 00:00:00+09:00,8119.61474609375,8119.61474609375,8119.61474609375,8119.61474609375,0,0.0,0.0
2023-10-11 00:00:00+09:00,8119.61474609375,8119.61474609375,8119.61474609375,8119.61474609375,0,0.0,0.0
2023-10-12 00:00:00+09:00,8119.61474609375,8119.61474609375,8119.61474609375,8119.61474609375,0,0.0,0.0
2023-10-13 00:00:00+09:00,8119.61474609375,8119.61474609375,8119.61474609375,8119.61474609375,0,0.0,0.0
2023-10-16 00:00:00+09:00,8119.61474609375,8119.61474609375,8119.61474609375,8119.61474609375,0,0.0,0.0
2023-10-17 00:00:00+09:00,8119.61474609375,8119.61474609375,8119.61474609375,8119.61474609375,0,0.0,0.0
2023-10-18 00:00:00+09:00,8119.61474609375,8119.61474609375,8119.61474609375,8119.61474609375,0,0.0,0.0
2023-10-19 00:00:00+09:00,8119.61474609375,8119.61474609375,8119.61474609375,8119.61474609375,0,0.0,0.0
2023-10-20 00:00:00+09:00,7631.409923762025,8111.049925329495,6937.645659014436,8093.91943359375,65994,0.0,2.0
2023-10-23 00:00:00+09:00,7725.625007632349,8051.094902242535,7597.150185092479,7777.015625,34627,0.0,0.0
2023-10-24 00:00:00+09:00,7648.540002956891,7725.624200071483,7305.939651556352,7537.19482421875,25049,0.0,0.0
2023-10-25 00:00:00+09:00,7545.759820715974,7794.144629718849,7502.934883316842,7717.0595703125,11733,0.0,0.0
2023-10-26 00:00:00+09:00,7622.845473309771,7725.624986889861,7451.5457103832005,7691.36572265625,12703,0.0,0.0
2023-10-27 00:00:00+09:00,7691.365480916312,7759.884867669596,7408.720536795162,7682.7998046875,26998,0.0,0.0
2023-10-30 00:00:00+09:00,7580.020793776085,7777.015872105693,7528.631035215213,7768.4501953125,10440,0.0,0.0
2023-10-31 00:00:00+09:00,7742.755454148975,7802.710026801538,7468.675318098168,7580.0205078125,14772,0.0,0.0
2023-11-01 00:00:00+09:00,7580.019852978424,8993.243630857249,7580.019852978424,7819.83984375,368891,0.0,0.0
2023-11-02 00:00:00+09:00,7802.709679335246,7888.359556704577,7537.195231578237,7674.23486328125,42765,0.0,0.0
2023-11-03 00:00:00+09:00,7691.365714833657,7751.320287621127,7520.065091641682,7639.97509765625,22845,0.0,0.0
2023-11-06 00:00:00+09:00,7639.974972159003,7751.32016029488,7580.0204003563695,7631.41015625,19340,0.0,0.0
2023-11-07 00:00:00+09:00,7648.541120760463,7691.366063389281,7502.9357995586815,7545.7607421875,20746,0.0,0.0
2023-11-08 00:00:00+09:00,7614.280474162146,7622.845290014604,7391.590099360605,7434.4150390625,14842,0.0,0.0
2023-11-09 00:00:00+09:00,7477.239852341721,7537.195283174433,7374.460342970778,7425.85009765625,5759,0.0,0.0
2023-11-10 00:00:00+09:00,7425.850308868922,7425.850308868922,7237.420916182849,7297.37548828125,3670,0.0,0.0
2023-11-13 00:00:00+09:00,7297.375099395068,7297.375099395068,7160.335039939368,7220.2900390625,9840,0.0,0.0
2023-11-14 00:00:00+09:00,7323.070774283736,7323.070774283736,7151.77058380179,7211.7255859375,6407,0.0,0.0
2023-11-15 00:00:00+09:00,7383.025397230634,7442.980830000559,7160.33544921875,7160.33544921875,13068,0.0,0.0
2023-11-16 00:00:00+09:00,7168.900650116232,7254.550530298009,7151.770588035915,7237.4208984375,9375,0.0,0.0
2023-11-17 00:00:00+09:00,7288.810283900243,7288.810283900243,7168.900285653978,7220.2900390625,3213,0.0,0.0
2023-11-20 00:00:00+09:00,7168.900894752672,7451.545853173552,7168.900894752672,7228.85546875,3761,0.0,0.0
2023-11-21 00:00:00+09:00,7228.855186905957,7597.1500140720345,7228.855186905957,7571.45556640625,17871,0.0,0.0
2023-11-22 00:00:00+09:00,7571.455198415468,7571.455198415468,7494.370138285411,7554.32470703125,5346,0.0,0.0
2023-11-23 00:00:00+09:00,7545.759639404867,7597.149390961109,7460.109766664617,7537.19482421875,3799,0.0,0.0
2023-11-24 00:00:00+09:00,7537.1955459395585,7545.760361945795,7434.415172545845,7494.37060546875,4531,0.0,0.0
2023-11-27 00:00:00+09:00,7417.2854472195795,7494.370511185183,6903.3857378152325,7126.07568359375,53264,0.0,0.0
2023-11-28 00:00:00+09:00,7203.16026325719,7203.16026325719,7014.730442926989,7151.7705078125,8652,0.0,0.0
2023-11-29 00:00:00+09:00,7074.685730162578,7143.205550262855,7023.295972642325,7083.2509765625,6982,0.0,0.0
2023-11-30 00:00:00+09:00,7031.860298811655,7091.815298553903,7023.295483228387,7057.55517578125,4208,0.0,0.0
2023-12-01 00:00:00+09:00,7083.250847190555,7083.250847190555,7006.1657820982755,7048.99072265625,7322,0.0,0.0
2023-12-04 00:00:00+09:00,7074.685397556029,7168.900522206858,6963.340641350322,6980.470703125,4294,0.0,0.0
2023-12-05 00:00:00+09:00,6997.600281411713,7186.030529278974,6920.515649342156,7006.16552734375,9227,0.0,0.0
2023-12-06 00:00:00+09:00,6946.210422099812,7057.55517578125,6920.515545130217,7057.55517578125,6602,0.0,0.0
2023-12-07 00:00:00+09:00,7057.555102352666,7057.555102352666,6920.515473127429,7023.29541015625,3794,0.0,0.0
2023-12-08 00:00:00+09:00,7134.640571045789,7177.4655114073275,7031.860628134136,7160.33544921875,21591,0.0,0.0
2023-12-11 00:00:00+09:00,7074.685910147998,7177.465858023123,6971.905962272872,7066.12109375,8769,0.0,0.0
2023-12-12 00:00:00+09:00,7048.990514157423,7194.59539379172,6997.600328876012,7177.46533203125,28491,0.0,0.0
2023-12-13 00:00:00+09:00,7160.335482063022,7237.420977375114,7048.99072265625,7048.99072265625,35860,0.0,0.0
2023-12-14 00:00:00+09:00,7074.685444425662,7254.550448921684,7074.685444425662,7151.7705078125,37551,0.0,0.0
2023-12-15 00:00:00+09:00,7151.770601434008,7340.200424230884,7091.815599150484,7271.68017578125,17656,0.0,0.0
2023-12-18 00:00:00+09:00,7263.115406732186,7520.065049417986,7194.595588059935,7468.67529296875,24544,0.0,0.0
2023-12-19 00:00:00+09:00,7408.720591505127,7537.195410610813,7400.154915213063,7434.4150390625,19282,0.0,0.0
2023-12-20 00:00:00+09:00,7528.630839216128,7528.630839216128,7400.155155499176,7442.98095703125,19147,0.0,0.0
2023-12-21 00:00:00+09:00,7348.765398276177,7468.675405422932,7348.765398276177,7442.98095703125,14879,0.0,0.0
2023-12-22 00:00:00+09:00,7442.980848991705,7502.935421474987,7391.590232075037,7494.37060546875,13671,0.0,0.0
2023-12-26 00:00:00+09:00,7408.7205494475265,7477.2399363178265,7288.810546875,7288.810546875,11230,0.0,0.0
2023-12-27 00:00:00+09:00,7564.027301292453,7617.294879359115,7395.345894180727,7457.49169921875,6451,291.62717,0.0
2023-12-28 00:00:00+09:00,7493.003311582038,7510.759765625,7368.712146744728,7510.759765625,2428,0.0,0.0
2024-01-02 00:00:00+09:00,7519.637887184898,7519.637887184898,7386.468489296381,7501.88232421875,4922,0.0,0.0
2024-01-03 00:00:00+09:00,7501.88174765656,7501.88174765656,7359.8336873213675,7368.7119140625,5959,0.0,0.0
2024-01-04 00:00:00+09:00,7164.518598388799,7350.956011326307,7164.518598388799,7271.05419921875,13815,0.0,0.0
2024-01-05 00:00:00+09:00,7262.17641795047,7342.078230054276,7191.15283271396,7244.42041015625,7598,0.0,0.0
2024-01-08 00:00:00+09:00,7244.420639308824,7679.441283236319,7164.518824677597,7466.36962890625,28637,0.0,0.0
2024-01-09 00:00:00+09:00,7466.369589078679,7466.369589078679,7217.786811243646,7279.9326171875,19478,0.0,0.0
2024-01-10 00:00:00+09:00,7279.932425053552,7288.810205979633,7173.396824238715,7191.15283203125,6158,0.0,0.0
2024-01-11 00:00:00+09:00,7208.908394906247,7306.566214808859,7164.518598388799,7271.05419921875,6095,0.0,0.0
2024-01-12 00:00:00+09:00,7271.054198187098,7279.932425053552,7146.762589579727,7191.15283203125,6929,0.0,0.0
2024-01-15 00:00:00+09:00,7262.1764811193525,7262.1764811193525,7164.518660371866,7013.59326171875,221,0.0,0.0
2024-01-16 00:00:00+09:00,7031.349226117987,7031.349226117987,6880.423828399645,6907.0576171875,6453,0.0,0.0
2024-01-17 00:00:00+09:00,6978.08173378736,7084.617336180604,6756.132302002878,7066.861328125,10693,0.0,0.0
2024-01-18 00:00:00+09:00,6969.20350673954,7093.4951171875,6871.546131344984,7093.4951171875,11819,0.0,0.0
2024-01-19 00:00:00+09:00,7093.4951171875,7093.4951171875,6995.837295852566,7093.4951171875,5617,0.0,0.0
2024-01-22 00:00:00+09:00,7129.007473747172,7146.763036710195,6862.668232076633,7111.25146484375,36861,0.0,0.0
2024-01-23 00:00:00+09:00,6986.959369208823,7137.884765625,6986.959369208823,7137.884765625,2944,0.0,0.0
2024-01-24 00:00:00+09:00,7191.152938471404,7191.152938471404,7022.471530856137,7120.12890625,1537,0.0,0.0
2024-01-25 00:00:00+09:00,7120.129208663673,7173.397235092182,7004.7158203125,7004.7158203125,4025,0.0,0.0
2024-01-26 00:00:00+09:00,7120.128863470383,7120.128863470383,6995.837253770082,7013.59326171875,2525,0.0,0.0
2024-01-29 00:00:00+09:00,6960.325831632615,6995.83740234375,6880.4240171368865,6995.83740234375,11597,0.0,0.0
2024-01-30 00:00:00+09:00,6995.8372536602565,7031.349269557036,6933.6914488110815,6986.95947265625,1849,0.0,0.0
2024-01-31 00:00:00+09:00,7031.349572215776,7031.349572215776,6898.18017578125,6898.18017578125,3536,0.0,0.0
2024-02-01 00:00:00+09:00,6942.569783391995,6942.569783391995,6614.0851920453315,6809.400390625,14435,0.0,0.0
2024-02-02 00:00:00+09:00,6747.254249625483,6853.789847734731,6747.254249625483,6844.91162109375,11831,0.0,0.0
2024-02-05 00:00:00+09:00,6711.742379970246,6853.789995832075,6711.742379970246,6800.52197265625,18346,0.0,0.0
2024-02-06 00:00:00+09:00,6800.521822633024,6836.0338373001605,6738.3760199357175,6765.01025390625,6756,0.0,0.0
2024-02-07 00:00:00+09:00,6756.131981348672,6782.765769197817,6685.1083984375,6685.1083984375,11536,0.0,0.0
2024-02-08 00:00:00+09:00,6800.521776410699,6836.033790836464,6676.23017186088,6685.1083984375,5581,0.0,0.0
2024-02-13 00:00:00+09:00,6676.230320516755,6747.254350949736,6658.474758848876,6693.986328125,10719,0.0,0.0
2024-02-14 00:00:00+09:00,6525.305069639448,6711.742484754969,6525.305069639448,6676.23046875,21819,0.0,0.0
2024-02-15 00:00:00+09:00,6702.864745954907,6738.376316243238,6640.718940524855,6729.49853515625,6330,0.0,0.0
2024-02-16 00:00:00+09:00,6782.765964930975,6809.400199489073,6676.230364519695,6800.52197265625,9421,0.0,0.0
2024-02-19 00:00:00+09:00,6800.522163542971,6836.034179990323,6720.620349506621,6809.400390625,4692,0.0,0.0
2024-02-20 00:00:00+09:00,6853.789995832075,6853.789995832075,6729.49838769552,6800.52197265625,5906,0.0,0.0
2024-02-21 00:00:00+09:00,6800.522459475677,6836.034477468376,6729.498869430681,6827.15625,2325,0.0,0.0
2024-02-22 00:00:00+09:00,6827.155464958764,6844.911471913385,6747.254102573496,6836.03369140625,3747,0.0,0.0
2024-02-23 00:00:00+09:00,6853.790187609137,6862.66796875,6747.2545842168665,6862.66796875,10352,0.0,0.0
2024-02-26 00:00:00+09:00,6871.545851967296,6871.545851967296,6702.864451208943,6765.01025390625,10226,0.0,0.0
2024-02-27 00:00:00+09:00,6765.010701304791,6844.912070679518,6711.74267578125,6711.74267578125,3894,0.0,0.0
2024-02-28 00:00:00+09:00,6773.888138761693,6791.644146368287,6658.474758229387,6667.3525390625,5996,0.0,0.0
2024-02-29 00:00:00+09:00,6605.206735409607,6676.230319895613,6596.328954576494,6667.3525390625,3156,0.0,0.0
2024-03-04 00:00:00+09:00,6676.230510813185,6738.376316243238,6676.230510813185,6729.49853515625,2997,0.0,0.0
2024-03-05 00:00:00+09:00,6578.57275390625,6658.474562820831,6569.6945273933225,6578.57275390625,31214,0.0,0.0
2024-03-06 00:00:00+09:00,6578.573241617394,6622.963039651867,6454.281628744714,6605.20703125,13565,0.0,0.0
2024-03-07 00:00:00+09:00,6534.1830048478305,6667.352390009644,6516.426997638184,6658.474609375,9634,0.0,0.0
2024-03-08 00:00:00+09:00,6658.47486365743,6667.352644631112,6516.427246495917,6569.69482421875,6243,0.0,0.0
2024-03-11 00:00:00+09:00,6365.501994238026,6622.96299965946,6365.501994238026,6445.40380859375,27092,0.0,0.0
2024-03-12 00:00:00+09:00,6516.42705076816,6516.42705076816,6374.3794378731955,6401.013671875,5818,0.0,0.0
2024-03-13 00:00:00+09:00,6392.1352521005,6409.891258918449,6294.477883512301,6365.50146484375,17101,0.0,0.0
2024-03-14 00:00:00+09:00,6365.50195288873,6436.525539665578,6347.745944709422,6392.1357421875,4399,0.0,0.0
2024-03-15 00:00:00+09:00,6445.403616710965,6445.403616710965,6321.112008289035,6383.2578125,3006,0.0,0.0
2024-03-18 00:00:00+09:00,6383.257471661699,6383.257471661699,6214.576075801703,6365.50146484375,33819,0.0,0.0
2024-03-19 00:00:00+09:00,6383.257667478502,6534.18306115043,6303.355857316787,6480.9150390625,36468,0.0,0.0
2024-03-20 00:00:00+09:00,6409.891644912884,6551.939262070032,6356.623621251312,6543.06103515625,19533,0.0,0.0
2024-03-21 00:00:00+09:00,6534.183150310798,6640.71875,6445.403558226524,6640.71875,33738,0.0,0.0
2024-03-22 00:00:00+09:00,6640.718940524855,6738.376316243238,6605.206924296144,6729.49853515625,13897,0.0,0.0
2024-03-25 00:00:00+09:00,6667.352769896776,7093.495183447271,6658.4749887563,6889.3017578125,52298,0.0,0.0
2024-03-26 00:00:00+09:00,6942.569717626514,7164.51870346903,6942.569717626514,7093.4951171875,45362,0.0,0.0
2024-03-27 00:00:00+09:00,7173.396677436864,7235.54248046875,7102.372647720214,7235.54248046875,28464,0.0,0.0
2024-03-28 00:00:00+09:00,7333.199754352578,7448.613578128536,7244.420164334369,7439.7353515625,48934,0.0,0.0
2024-03-29 00:00:00+09:00,7439.735691245399,7484.12548828125,7342.078316142679,7484.12548828125,16734,0.0,0.0
2024-04-01 00:00:00+09:00,7501.881688838471,7617.2946221050115,7448.613666630419,7546.271484375,20735,0.0,0.0
2024-04-02 00:00:00+09:00,7555.149700973505,7581.783044703503,6889.301837631134,7102.373046875,107118,0.0,0.0
2024-04-03 00:00:00+09:00,7102.372898295829,7182.2747115758575,6969.203506789368,7066.861328125,52834,0.0,0.0
2024-04-04 00:00:00+09:00,7146.762736833822,7271.054348002135,7120.128947566434,7253.29833984375,19759,0.0,0.0
2024-04-05 00:00:00+09:00,7288.810436740852,7510.75987226382,7200.03084090782,7493.00341796875,16380,0.0,0.0
2024-04-08 00:00:00+09:00,7457.491741317255,7564.027343992364,7368.712146744728,7510.759765625,35644,0.0,0.0
2024-04-09 00:00:00+09:00,7519.637806477688,7564.027605297431,7315.444375154554,7395.34619140625,20965,0.0,0.0
2024-04-11 00:00:00+09:00,7333.199898978703,7413.1017099470655,7279.932322293371,7368.7119140625,3784,0.0,0.0
2024-04-12 00:00:00+09:00,7368.712401302483,7448.614217554178,7297.688812378973,7395.34619140625,20668,0.0,0.0
2024-04-15 00:00:00+09:00,7324.322117459842,7377.589694139951,7288.810102379525,7342.078125,9267,0.0,0.0
2024-04-16 00:00:00+09:00,7297.688237599481,7306.566018288041,7040.22680040656,7155.640625,12111,0.0,0.0
2024-04-17 00:00:00+09:00,7146.76269546465,7191.1529385738495,6986.959514844972,7066.861328125,7241,0.0,0.0
2024-04-18 00:00:00+09:00,7066.861285453815,7093.495074406211,6969.203464707861,6986.95947265625,5077,0.0,0.0
2024-04-19 00:00:00+09:00,6986.959384861082,6986.959384861082,6685.1085913525185,6800.52197265625,14663,0.0,0.0
2024-04-22 00:00:00+09:00,6836.03415485342,7732.708776358618,6836.03415485342,7253.29833984375,155360,0.0,0.0
2024-04-23 00:00:00+09:00,7217.786811243646,7279.9326171875,6978.081814568999,7279.9326171875,17299,0.0,0.0
2024-04-24 00:00:00+09:00,7235.542819504802,7324.322414870198,7200.03080298249,7279.9326171875,19113,0.0,0.0
2024-04-25 00:00:00+09:00,7271.054095552238,7475.247513373529,7191.152730524242,7368.7119140625,43671,0.0,0.0
2024-04-26 00:00:00+09:00,7377.589992633557,7439.735798568317,7262.176607863509,7359.833984375,5739,0.0,0.0
2024-04-29 00:00:00+09:00,7324.322413798269,7404.223782051202,7297.688624380625,7359.833984375,20660,0.0,0.0
2024-04-30 00:00:00+09:00,7359.8337312913545,7448.61376953125,7253.298131343849,7448.61376953125,12341,0.0,0.0
2024-05-02 00:00:00+09:00,7448.613578128536,7493.002927197283,7377.589549361683,7439.7353515625,6052,0.0,0.0
2024-05-03 00:00:00+09:00,7439.735499732844,7466.369288080676,7359.833688748982,7421.9794921875,32348,0.0,0.0
2024-05-07 00:00:00+09:00,7457.491459395216,7457.491459395216,7191.15268574627,7262.17626953125,10540,0.0,0.0
2024-05-08 00:00:00+09:00,7271.054390086731,7306.566406609042,7173.397013560948,7279.9326171875,4933,0.0,0.0
2024-05-09 00:00:00+09:00,7253.297995260722,7253.297995260722,7013.593011361163,7129.0068359375,14824,0.0,0.0
2024-05-10 00:00:00+09:00,7182.274940192174,7368.712361799867,7173.397158851975,7315.4443359375,19611,0.0,0.0
2024-05-13 00:00:00+09:00,7306.566708407446,7306.566708407446,7022.4719023155385,7217.787109375,15228,0.0,0.0
2024-05-14 00:00:00+09:00,7191.152980816157,7288.81035678507,7129.007175226675,7173.39697265625,23789,0.0,0.0
2024-05-16 00:00:00+09:00,7146.76239837108,7208.90820101208,7129.00683699396,7155.640625,16313,0.0,0.0
2024-05-17 00:00:00+09:00,7075.738917057268,7111.250932204229,7031.34912109375,7031.34912109375,1854,0.0,0.0
2024-05-20 00:00:00+09:00,6969.203123586252,7057.982713042329,6933.69110942768,6942.5693359375,4505,0.0,0.0
2024-05-21 00:00:00+09:00,6995.8374028014405,7155.641031803353,6969.20361328125,6969.20361328125,27851,0.0,0.0
2024-05-22 00:00:00+09:00,6978.081648818681,7040.227007346014,6880.42382867218,6933.69140625,9541,0.0,0.0
2024-05-23 00:00:00+09:00,6933.691387950055,7191.15283203125,6933.691387950055,7191.15283203125,17736,0.0,0.0
2024-05-24 00:00:00+09:00,7271.05449903946,7271.05449903946,7031.3494987729655,7182.27490234375,4280,0.0,0.0
2024-05-27 00:00:00+09:00,7182.27505451704,7200.0310634204625,7111.25146484375,7111.25146484375,24119,0.0,0.0
2024-05-28 00:00:00+09:00,7120.128948176532,7191.152980816157,7057.98314258705,7173.39697265625,16781,0.0,0.0
2024-05-29 00:00:00+09:00,7217.786727584241,7217.786727584241,7057.983101026461,7120.12890625,17168,0.0,0.0
2024-05-30 00:00:00+09:00,7120.128711648485,7129.006938403697,6924.813520258575,6978.08154296875,7247,0.0,0.0
2024-05-31 00:00:00+09:00,6978.0818803658985,7191.153089628069,6978.0818803658985,7075.7392578125,15107,0.0,0.0
2024-06-03 00:00:00+09:00,7084.617523609562,7244.420708456955,7084.617523609562,7208.90869140625,22061,0.0,0.0
2024-06-04 00:00:00+09:00,7191.152542294892,7439.735303553695,7164.5183087090145,7333.19970703125,28823,0.0,0.0
2024-06-05 00:00:00+09:00,7324.322222260055,7368.712018775421,7173.3968249197405,7244.42041015625,27639,0.0,0.0
2024-06-07 00:00:00+09:00,7244.42041015625,7306.566214465835,7200.030613640884,7244.42041015625,14236,0.0,0.0
2024-06-10 00:00:00+09:00,7120.128906351433,7200.030719631462,7066.861328125,7066.861328125,7748,0.0,0.0
2024-06-11 00:00:00+09:00,7146.762844972439,7226.664659923986,7075.739257204614,7102.373046875,19459,0.0,0.0
2024-06-12 00:00:00+09:00,7111.2510387036045,7146.762608442027,6933.69140625,6933.69140625,11766,0.0,0.0
2024-06-13 00:00:00+09:00,7022.4714454469895,7084.617249914694,6871.546047722668,6933.69140625,28086,0.0,0.0
2024-06-14 00:00:00+09:00,7013.593326877656,7022.47155390466,6747.254542994374,6782.76611328125,34704,0.0,0.0
2024-06-17 00:00:00+09:00,6836.033840393129,7013.593021928423,6756.132030326103,6844.91162109375,21217,0.0,0.0
2024-06-18 00:00:00+09:00,6924.813732249895,7084.617359332168,6782.76611328125,6782.76611328125,10041,0.0,0.0
2024-06-19 00:00:00+09:00,6924.813775168319,7013.593370346316,6782.766155319295,6809.400390625,21268,0.0,0.0
2024-06-20 00:00:00+09:00,6809.400686944053,6889.302058517022,6800.522459475677,6827.15625,17445,0.0,0.0
2024-06-21 00:00:00+09:00,6836.034219739913,7102.373006822587,6818.278211412991,6969.20361328125,17018,0.0,0.0
2024-06-24 00:00:00+09:00,7040.226988764892,7910.267803076115,6986.95941132766,7191.15283203125,325360,0.0,0.0
2024-06-25 00:00:00+09:00,7146.762545479838,7191.152787657446,7040.226945322392,7084.6171875,29164,0.0,0.0
2024-06-26 00:00:00+09:00,7084.6173777971,7182.2747537660125,7049.105361477287,7173.39697265625,20680,0.0,0.0
2024-06-27 00:00:00+09:00,7173.397121050335,7226.664700691605,7057.9832885936,7182.27490234375,14428,0.0,0.0
2024-06-28 00:00:00+09:00,7182.274863691705,7182.274863691705,7022.4716796875,7022.4716796875,10660,0.0,0.0
2024-07-01 00:00:00+09:00,7066.861408900145,7404.223782051202,7066.861408900145,7359.833984375,51660,0.0,0.0
2024-07-02 00:00:00+09:00,7279.932880515665,7359.834251670466,7111.25146484375,7111.25146484375,8159,0.0,0.0
2024-07-03 00:00:00+09:00,7200.0308702535995,7342.07849172964,7022.471677863841,7102.373046875,41373,0.0,0.0
2024-07-04 00:00:00+09:00,7093.494969880877,7404.2235436076735,7075.738962194129,7164.5185546875,40208,0.0,0.0
2024-07-05 00:00:00+09:00,7164.518640290929,7297.6884765625,7137.884851412765,7297.6884765625,17917,0.0,0.0
2024-07-08 00:00:00+09:00,7226.664487040633,7457.491699189477,7226.664487040633,7430.85791015625,36537,0.0,0.0
2024-07-09 00:00:00+09:00,7413.101663787059,7413.101663787059,7262.17626953125,7262.17626953125,9785,0.0,0.0
2024-07-10 00:00:00+09:00,7262.176460764698,7324.3222654406645,7155.640859311667,7297.6884765625,33751,0.0,0.0
2024-07-11 00:00:00+09:00,7439.735840348464,7475.247857065008,7217.786850721032,7413.10205078125,29303,0.0,0.0
2024-07-12 00:00:00+09:00,7386.46837133118,7448.614178541405,7244.420748287752,7288.810546875,28041,0.0,0.0
2024-07-15 00:00:00+09:00,7297.6889268803625,7324.322717402016,7191.153318853347,7217.787109375,17661,0.0,0.0
2024-07-16 00:00:00+09:00,7191.153318853347,7262.176908891223,7129.007510342554,7217.787109375,32320,0.0,0.0
2024-07-17 00:00:00+09:00,7182.274711422951,7226.664508590827,7084.617336029777,7146.7626953125,25229,0.0,0.0
2024-07-18 00:00:00+09:00,7288.810466448479,7288.810466448479,6978.0818797664015,7102.373046875,8489,0.0,0.0
2024-07-19 00:00:00+09:00,7102.372940016625,7173.39697265625,7013.593345157474,7173.39697265625,13068,0.0,0.0
2024-07-22 00:00:00+09:00,7102.373048719409,7155.641074014402,6907.0578478518755,7022.4716796875,23390,0.0,0.0
2024-07-23 00:00:00+09:00,7022.4714454469895,7191.152851010708,6933.69140625,6933.69140625,5486,0.0,0.0
2024-07-24 00:00:00+09:00,6933.69110942768,7066.860939552149,6871.54575356071,6942.5693359375,11221,0.0,0.0
2024-07-25 00:00:00+09:00,6880.423679194141,6933.691255614716,6756.132072958981,6871.5458984375,9757,0.0,0.0
2024-07-26 00:00:00+09:00,6862.668008811126,7013.59341066951,6747.254623604262,6995.83740234375,7337,0.0,0.0
2024-07-29 00:00:00+09:00,6836.033840393129,6969.2032265446,6809.400052350908,6844.91162109375,3398,0.0,0.0
2024-07-30 00:00:00+09:00,6844.911918848321,6924.813732391087,6702.86474581716,6756.13232421875,38668,0.0,0.0
2024-07-31 00:00:00+09:00,6747.254246572682,6800.521822633024,6720.62001260215,6765.01025390625,3364,0.0,0.0
2024-08-01 00:00:00+09:00,6729.498684289098,6791.644491096367,6685.1088859896745,6711.74267578125,4414,0.0,0.0
2024-08-02 00:00:00+09:00,6738.376424774155,6773.888441574835,6578.573241051867,6631.8408203125,33521,0.0,0.0
2024-08-05 00:00:00+09:00,6631.840852881703,6631.840852881703,5894.969845201686,6214.57666015625,53496,0.0,0.0
2024-08-06 00:00:00+09:00,5930.48156682478,6658.474756975441,5930.48156682478,6614.0849609375,29608,0.0,0.0
2024-08-07 00:00:00+09:00,6551.939113758802,6622.962697759483,6507.549318015831,6560.81689453125,18460,0.0,0.0
2024-08-08 00:00:00+09:00,6480.915529396445,6480.915529396445,6294.478552834118,6427.64794921875,19605,0.0,0.0
2024-08-09 00:00:00+09:00,6232.332221240609,6862.6675786856085,6232.332221240609,6685.1083984375,24569,0.0,0.0
2024-08-12 00:00:00+09:00,6658.47480185695,6889.301564433982,6649.596575025298,6747.25439453125,13023,0.0,0.0
2024-08-13 00:00:00+09:00,6756.132324497538,6773.888332612261,6578.57313523107,6702.86474609375,20748,0.0,0.0
2024-08-14 00:00:00+09:00,6702.864659992911,6702.864659992911,6516.42724609375,6516.42724609375,22555,0.0,0.0
2024-08-16 00:00:00+09:00,6560.816698460503,6844.911471913385,6560.816698460503,6836.03369140625,51072,0.0,0.0
2024-08-19 00:00:00+09:00,6765.0104031460705,6871.546003557351,6578.5729909412385,6800.52197265625,5131,0.0,0.0
2024-08-20 00:00:00+09:00,6809.400198591335,6809.400198591335,6693.986371362448,6747.25439453125,2139,0.0,0.0
2024-08-21 00:00:00+09:00,6738.375925795057,6765.010159393487,6578.57275390625,6578.57275390625,2983,0.0,0.0
2024-08-22 00:00:00+09:00,6578.57320106441,6578.57320106441,6489.793605542737,6498.67138671875,1955,0.0,0.0
2024-08-23 00:00:00+09:00,6489.793414311493,6525.304983909531,6294.478220730984,6463.1591796875,5301,0.0,0.0
2024-08-26 00:00:00+09:00,6401.01386374115,6516.42724609375,6356.623621054363,6516.42724609375,4707,0.0,0.0
2024-08-27 00:00:00+09:00,6507.549465120617,6569.694823813296,6356.623621054363,6516.42724609375,3080,0.0,0.0
2024-08-28 00:00:00+09:00,6480.915142742784,6560.816954182751,6356.62353515625,6356.62353515625,3923,0.0,0.0
2024-08-29 00:00:00+09:00,6347.745903028341,6392.135700214943,6196.820503405816,6232.33251953125,6778,0.0,0.0
2024-08-30 00:00:00+09:00,6187.942722344647,6303.356105841738,6187.942722344647,6232.33251953125,758,0.0,0.0
2024-09-02 00:00:00+09:00,6187.942575699491,6312.233737312233,6187.942575699491,6276.72216796875,351,0.0,0.0
2024-09-03 00:00:00+09:00,6223.454145042973,6285.599948819528,6214.576364192195,6276.72216796875,1468,0.0,0.0
2024-09-04 00:00:00+09:00,6116.9183110329495,6223.453906866941,6099.162304070559,6161.30810546875,1640,0.0,0.0
2024-09-05 00:00:00+09:00,6125.796635468369,6161.308204020817,5983.7490234375,5983.7490234375,7086,0.0,0.0
2024-09-06 00:00:00+09:00,5948.237008944693,6223.45400641305,5752.921821114974,5983.7490234375,26945,0.0,0.0
2024-09-09 00:00:00+09:00,5930.481700139135,5957.11548917254,5815.06787109375,5815.06787109375,6699,0.0,0.0
2024-09-10 00:00:00+09:00,5735.166058053156,5886.091457162956,5735.166058053156,5815.06787109375,5027,0.0,0.0
2024-09-11 00:00:00+09:00,5823.946054516631,7040.227019331311,5335.6578448336095,5681.8984375,502189,0.0,0.0
2024-09-12 00:00:00+09:00,5637.5084948284475,5744.044093347383,5522.09466963439,5726.2880859375,19395,0.0,0.0
2024-09-13 00:00:00+09:00,5735.166206392729,5877.213828145569,5690.77640820879,5744.04443359375,10368,0.0,0.0
2024-09-19 00:00:00+09:00,5726.2880859375,5770.677881492026,5522.09466963439,5726.2880859375,7847,0.0,0.0
2024-09-20 00:00:00+09:00,5726.287939952143,5815.067528797857,5690.775926037716,5770.677734375,6450,0.0,0.0
2024-09-23 00:00:00+09:00,5770.678031367078,5770.678031367078,5646.386422210179,5735.166015625,2679,0.0,0.0
2024-09-24 00:00:00+09:00,5726.288384805156,5726.288384805156,5637.5087890625,5637.5087890625,7243,0.0,0.0
2024-09-25 00:00:00+09:00,5637.508641021532,5752.922023268152,5628.630414116176,5708.5322265625,4179,0.0,0.0
2024-09-26 00:00:00+09:00,5699.654445823297,5761.800250401746,5681.898437952257,5735.166015625,3021,0.0,0.0
2024-09-27 00:00:00+09:00,5735.166015625,5761.800250401746,5681.898437952257,5735.166015625,2820,0.0,0.0
2024-09-30 00:00:00+09:00,5735.166165525126,5770.678182195383,5664.142578125,5664.142578125,11625,0.0,0.0
2024-10-02 00:00:00+09:00,5513.217031869556,5744.044242303171,5486.583243034241,5708.5322265625,13795,0.0,0.0
2024-10-04 00:00:00+09:00,5788.434039008823,5788.434039008823,5699.654445597519,5708.5322265625,2505,0.0,0.0
2024-10-07 00:00:00+09:00,5699.6544879311805,5770.678073999669,5664.142471926747,5761.80029296875,6569,0.0,0.0
2024-10-08 00:00:00+09:00,5752.9220660266365,5788.43408203125,5699.654487960093,5788.43408203125,3820,0.0,0.0
2024-10-10 00:00:00+09:00,5788.434271057688,5859.457859445876,5770.678262475544,5850.580078125,3787,0.0,0.0
2024-10-11 00:00:00+09:00,5868.33544921875,5877.213229575216,5726.287841932883,5868.33544921875,8896,0.0,0.0
2024-10-14 00:00:00+09:00,5823.945655555731,5877.213229575216,5815.067429258921,5868.33544921875,1491,0.0,0.0
2024-10-15 00:00:00+09:00,5877.214016844243,5877.214016844243,5815.0682082033445,5859.4580078125,2379,0.0,0.0
2024-10-16 00:00:00+09:00,5903.847166592716,5903.847166592716,5815.067577010925,5877.21337890625,2693,0.0,0.0
2024-10-17 00:00:00+09:00,5877.213527786822,5886.09130859375,5859.4575202326005,5886.09130859375,1974,0.0,0.0
2024-10-18 00:00:00+09:00,5877.214016844243,5886.091798389913,5823.946435689418,5859.4580078125,1528,0.0,0.0
2024-10-21 00:00:00+09:00,5859.45722292194,5886.0910099316825,5690.775828626331,5868.33544921875,4205,0.0,0.0
2024-10-22 00:00:00+09:00,5815.067767637815,5992.626952622063,5681.898378899629,5965.9931640625,15346,0.0,0.0
2024-10-23 00:00:00+09:00,5921.603367315004,5965.9931635573075,5903.847359630009,5939.359375,1206,0.0,0.0
2024-10-24 00:00:00+09:00,5939.359481140292,5939.359481140292,5788.43408203125,5788.43408203125,2282,0.0,0.0
2024-10-25 00:00:00+09:00,5841.70161621011,5877.213631947928,5655.2646484375,5655.2646484375,3872,0.0,0.0
2024-10-28 00:00:00+09:00,5601.996772389283,5681.898586933828,5566.4847557160665,5637.5087890625,3378,0.0,0.0
2024-10-29 00:00:00+09:00,5637.5084948284475,5735.165866672261,5593.118699273921,5726.2880859375,3630,0.0,0.0
2024-10-30 00:00:00+09:00,5735.165911215102,5859.457518109246,5735.165911215102,5806.18994140625,1706,0.0,0.0
2024-10-31 00:00:00+09:00,5832.823879096146,5859.457668129551,5690.776261017355,5815.06787109375,1105,0.0,0.0
2024-11-01 00:00:00+09:00,5823.946435689418,5886.091798389913,5779.55619013986,5859.4580078125,780,0.0,0.0
2024-11-04 00:00:00+09:00,5912.725540752607,5912.725540752607,5637.508538612822,5806.18994140625,1529,0.0,0.0
2024-11-05 00:00:00+09:00,5752.921875909397,5912.725496708738,5752.921875909397,5779.5556640625,5297,0.0,0.0
2024-11-06 00:00:00+09:00,5823.94589411897,6063.65087890625,5539.850667909992,6063.65087890625,24736,0.0,0.0
2024-11-07 00:00:00+09:00,6019.26123046875,6063.651027034478,5903.847402645559,6019.26123046875,1560,0.0,0.0
2024-11-08 00:00:00+09:00,6001.505329075164,6108.040931910113,5921.603515463858,5948.2373046875,5316,0.0,0.0
2024-11-11 00:00:00+09:00,5939.359713957923,5983.749512733542,5859.457897785651,5957.11572265625,106159,0.0,0.0
2024-11-12 00:00:00+09:00,5957.115383189435,5992.626952622063,5699.654386586128,5965.9931640625,64894,0.0,0.0
2024-11-13 00:00:00+09:00,5912.725734692692,6019.261337533465,5797.311904816633,5894.9697265625,4458,0.0,0.0
2024-11-14 00:00:00+09:00,5886.091609406201,5886.091609406201,5726.288425132097,5744.04443359375,5672,0.0,0.0
2024-11-15 00:00:00+09:00,5744.044392662883,5770.678182195383,5601.996771922245,5664.142578125,4886,0.0,0.0
2024-11-18 00:00:00+09:00,5610.87499952778,5699.654595270436,5593.118991191172,5637.5087890625,3324,0.0,0.0
2024-11-19 00:00:00+09:00,5646.386570260612,5735.166166003267,5548.729193319844,5637.5087890625,6422,0.0,0.0
2024-11-20 00:00:00+09:00,5637.5085979312435,5770.67798703032,5593.118801564885,5628.63037109375,4634,0.0,0.0
2024-11-21 00:00:00+09:00,5619.752590196626,5646.386378828367,5575.362793830268,5628.63037109375,841,0.0,0.0
2024-11-22 00:00:00+09:00,5628.630709946442,5681.898736357117,5628.630709946442,5646.38671875,2145,0.0,0.0
2024-11-25 00:00:00+09:00,5717.410305202739,5726.2880859375,5619.752487418565,5726.2880859375,2551,0.0,0.0
2024-11-26 00:00:00+09:00,5557.606641176294,5717.410260680465,5557.606641176294,5673.02001953125,6117,0.0,0.0
2024-11-27 00:00:00+09:00,5673.020210821829,5708.5322265625,5673.020210821829,5708.5322265625,3166,0.0,0.0
2024-11-28 00:00:00+09:00,5735.16605802433,5788.43408203125,5690.776260988751,5788.43408203125,3502,0.0,0.0
2024-11-29 00:00:00+09:00,5788.433933858463,5806.18994140625,5681.898334512107,5806.18994140625,2909,0.0,0.0
2024-12-02 00:00:00+09:00,5806.189847593804,5806.189847593804,5593.11865234375,5593.11865234375,4935,0.0,0.0
2024-12-03 00:00:00+09:00,5593.118950566571,5681.898545664392,5504.33935546875,5504.33935546875,3649,0.0,0.0
2024-12-04 00:00:00+09:00,5433.3153223643385,5539.850925664431,5424.437541231157,5530.97314453125,2168,0.0,0.0
2024-12-05 00:00:00+09:00,5513.217136602379,5539.850925943649,5459.949557919839,5504.33935546875,1399,0.0,0.0
2024-12-06 00:00:00+09:00,5415.559081162806,5548.728914013814,5388.92529296875,5388.92529296875,1082,0.0,0.0
2024-12-09 00:00:00+09:00,5380.047925743026,5495.461314081841,5078.197113834991,5149.220703125,10688,0.0,0.0
2024-12-10 00:00:00+09:00,5078.196967373456,5238.000150152152,5069.318740255515,5140.3427734375,9239,0.0,0.0
2024-12-11 00:00:00+09:00,5140.342436913574,5255.75581436793,5131.4642103768665,5202.48779296875,6846,0.0,0.0
2024-12-12 00:00:00+09:00,5149.220448898974,5371.169433184991,5149.220448898974,5291.26806640625,3255,0.0,0.0
2024-12-13 00:00:00+09:00,5246.878269549047,5300.145847401541,5220.244034682424,5291.26806640625,13536,0.0,0.0
2024-12-16 00:00:00+09:00,5273.512356590967,5397.803973193587,5202.488320852099,5255.75634765625,13999,0.0,0.0
2024-12-17 00:00:00+09:00,5335.657657556108,6658.474623158677,5246.878067264449,5983.7490234375,564452,0.0,0.0
2024-12-18 00:00:00+09:00,6569.695166899762,7217.787035935103,5841.701927112444,6037.017578125,763043,0.0,0.0
2024-12-19 00:00:00+09:00,5868.335978102796,6179.064561748356,5681.898560351229,6001.50537109375,145072,0.0,0.0
2024-12-20 00:00:00+09:00,5761.80011144699,5770.677892198221,5282.3896942521615,5388.92529296875,108142,0.0,0.0
2024-12-23 00:00:00+09:00,5291.268401900777,5575.363208988074,5282.390174402184,5362.2919921875,50004,0.0,0.0
2024-12-24 00:00:00+09:00,5326.7797187983415,5575.362941799609,5309.023710592482,5557.60693359375,47615,0.0,0.0
2024-12-26 00:00:00+09:00,5557.606891705003,5557.606891705003,5326.779678649384,5397.8037109375,41516,0.0,0.0
2024-12-27 00:00:00+09:00,5309.0235267065855,5504.339164265611,5220.243934692683,5495.4609375,57846,0.0,0.0
2024-12-30 00:00:00+09:00,5495.461043041512,5495.461043041512,5291.268066676041,5344.53564453125,11954,0.0,0.0
2025-01-02 00:00:00+09:00,5344.535498188923,5522.0946807649225,5255.755906900923,5415.55908203125,19073,0.0,0.0
2025-01-03 00:00:00+09:00,5371.169329028457,5477.704928607905,5326.7795330320505,5442.193359375,32396,0.0,0.0
2025-01-06 00:00:00+09:00,5442.193575355759,5548.729179163216,5220.244140625,5220.244140625,59178,0.0,0.0
2025-01-07 00:00:00+09:00,5238.000374730431,5371.169773745689,5202.488356616867,5362.2919921875,20406,0.0,0.0
2025-01-08 00:00:00+09:00,5353.413993497925,5655.264797399109,5300.145968488099,5637.5087890625,40431,0.0,0.0
2025-01-09 00:00:00+09:00,5628.630561924003,5655.264797399109,5468.8273787753,5637.5087890625,260677,0.0,0.0
2025-01-10 00:00:00+09:00,5593.118800700624,5673.0201665835,5477.704973413629,5575.36279296875,12220,0.0,0.0
2025-01-13 00:00:00+09:00,5575.363013192052,5637.508819738146,5238.000190781943,5246.87841796875,60386,0.0,0.0
2025-01-14 00:00:00+09:00,5246.87841796875,5326.779787007679,5238.000190781943,5246.87841796875,7565,0.0,0.0
2025-01-15 00:00:00+09:00,5246.878311019285,5477.705078125,5149.2204895973455,5477.705078125,23267,0.0,0.0
2025-01-16 00:00:00+09:00,5388.92529296875,5459.949322740051,5326.779489889043,5388.92529296875,25251,0.0,0.0
2025-01-17 00:00:00+09:00,5380.047571084531,5451.071155692589,5149.220363682881,5158.09814453125,31123,0.0,0.0
2025-01-20 00:00:00+09:00,5166.976176305301,5237.9997582327505,5069.318360957251,5095.9521484375,15697,0.0,0.0
2025-01-21 00:00:00+09:00,5095.952192132277,5184.732227728264,5042.684616715039,5122.58642578125,15518,0.0,0.0
2025-01-22 00:00:00+09:00,5078.197074962288,5193.610462417633,5051.562838984567,5069.31884765625,9952,0.0,0.0
2025-01-23 00:00:00+09:00,5149.220269589939,5149.220269589939,4918.39306640625,4918.39306640625,20461,0.0,0.0
2025-01-24 00:00:00+09:00,4918.3929171354575,5016.050731420968,4891.75912994499,4909.51513671875,8353,0.0,0.0
2025-01-31 00:00:00+09:00,5016.050929349395,5042.684717590806,4918.393111210403,4998.294921875,4129,0.0,0.0
2025-02-03 00:00:00+09:00,4865.125974973494,5024.929164822936,4838.491738381583,4891.759765625,16522,0.0,0.0
2025-02-04 00:00:00+09:00,4856.247749048828,5042.685175551074,4856.247749048828,4865.1259765625,17003,0.0,0.0
2025-02-05 00:00:00+09:00,4909.515776309643,4909.515776309643,4838.49173996189,4865.1259765625,9591,0.0,0.0
2025-02-06 00:00:00+09:00,4865.125443297118,4891.759231038,4794.101414734294,4811.857421875,10851,0.0,0.0
2025-02-07 00:00:00+09:00,4811.857568654767,4838.4913572080795,4376.837387169315,4714.2001953125,103355,0.0,0.0
2025-02-10 00:00:00+09:00,4643.176226417891,4687.566023244688,4483.373047029497,4510.0068359375,56364,0.0,0.0
2025-02-11 00:00:00+09:00,4598.786429272252,4598.786429272252,4438.983249894937,4456.7392578125,30100,0.0,0.0
2025-02-12 00:00:00+09:00,4438.983085647325,4518.88444940935,4305.813254163233,4319.13037109375,60313,0.0,0.0
2025-02-13 00:00:00+09:00,4363.520166274994,4363.520166274994,4301.374363833181,4319.13037109375,9842,0.0,0.0
2025-02-14 00:00:00+09:00,4336.8866440185375,4399.03245026721,4314.691745068324,4359.08154296875,18807,0.0,0.0
2025-02-17 00:00:00+09:00,4403.470845081038,4438.982857779224,4332.447265625,4332.447265625,10287,0.0,0.0
2025-02-18 00:00:00+09:00,4372.398317365177,4372.398317365177,4314.69140625,4314.69140625,9148,0.0,0.0
2025-02-19 00:00:00+09:00,4372.398512306777,4438.983206897394,4319.130489070062,4403.47119140625,13208,0.0,0.0
2025-02-20 00:00:00+09:00,4438.983057930954,4438.983057930954,4381.276146179505,4421.22705078125,7489,0.0,0.0
2025-02-21 00:00:00+09:00,4434.54439128805,4434.54439128805,4390.15414820476,4407.91015625,2477,0.0,0.0
2025-02-24 00:00:00+09:00,4407.91008185755,4434.544316446093,4381.276293209377,4403.47119140625,2625,0.0,0.0
2025-02-25 00:00:00+09:00,4412.349237560205,4421.227464936897,4372.398775156483,4416.78857421875,4489,0.0,0.0
2025-02-26 00:00:00+09:00,4416.788457635116,4416.788457635116,4363.520432602197,4412.34912109375,5787,0.0,0.0
2025-02-27 00:00:00+09:00,4430.105054893019,4430.105054893019,4345.7643511320475,4354.642578125,8920,0.0,0.0
2025-02-28 00:00:00+09:00,4354.642460664109,4430.1049353966255,4292.496657151256,4323.5693359375,8584,0.0,0.0
2025-03-04 00:00:00+09:00,4323.569600774243,4363.520508761121,4265.863130073546,4336.88671875,8757,0.0,0.0
2025-03-05 00:00:00+09:00,4270.301906147514,4323.569484740184,4270.301906147514,4305.8134765625,14074,0.0,0.0
2025-03-06 00:00:00+09:00,4305.813476797791,4319.130594416876,4265.863015821295,4279.1796875,6128,0.0,0.0
2025-03-07 00:00:00+09:00,4279.179463951779,4305.813251858197,4261.423456700715,4265.86279296875,5205,0.0,0.0
2025-03-10 00:00:00+09:00,4270.301981133455,4305.81355217202,4256.98486328125,4256.98486328125,2603,0.0,0.0
2025-03-11 00:00:00+09:00,4252.546198552967,4296.935999164595,4203.71750706826,4217.0341796875,8315,0.0,0.0
2025-03-12 00:00:00+09:00,4256.984297364289,4261.423187411461,4212.594505011902,4225.91162109375,7244,0.0,0.0
2025-03-13 00:00:00+09:00,4243.668267617011,4243.668267617011,4190.4002411914935,4208.15625,14236,0.0,0.0
2025-03-14 00:00:00+09:00,4248.106740688205,4248.106740688205,4185.960938938399,4212.5947265625,5038,0.0,0.0
2025-03-17 00:00:00+09:00,4256.984521249455,4256.984521249455,4177.082712436795,4212.5947265625,6142,0.0,0.0
2025-03-18 00:00:00+09:00,4261.423485894205,4261.423485894205,4154.887887598342,4190.39990234375,10080,0.0,0.0
2025-03-19 00:00:00+09:00,4194.838983338776,4279.179687736764,4154.88807641969,4252.5458984375,7277,0.0,0.0
2025-03-20 00:00:00+09:00,4372.988263228759,4372.988263228759,4317.399658115995,4368.35595703125,12167,194.41812,0.0
2025-03-21 00:00:00+09:00,4335.928656147,4405.415106960966,4308.134355044196,4322.03173828125,7417,0.0,0.0
2025-03-24 00:00:00+09:00,4368.355747015845,4368.355747015845,4234.016081518703,4326.6640625,12975,0.0,0.0
2025-03-25 00:00:00+09:00,4326.6640625,4326.6640625,4252.545770789223,4326.6640625,5394,0.0,0.0
2025-03-26 00:00:00+09:00,4359.090702395758,4493.430368900684,4224.751035890832,4234.01611328125,18903,0.0,0.0
2025-03-27 00:00:00+09:00,4210.854058728993,4275.707738065936,4206.22175278449,4224.7509765625,4251,0.0,0.0
2025-03-28 00:00:00+09:00,4229.384032470307,4284.972638287457,4187.692345421778,4280.34033203125,4099,0.0,0.0
2025-03-31 00:00:00+09:00,4173.794868478737,4280.34023685916,4118.206263897582,4261.810546875,16786,0.0,0.0
2025-04-01 00:00:00+09:00,4127.470780553609,4201.589073401298,4122.838474507749,4141.3681640625,12205,0.0,0.0
2025-04-02 00:00:00+09:00,4118.206316582689,4196.956918308685,4118.206316582689,4173.794921875,1510,0.0,0.0
2025-04-03 00:00:00+09:00,4127.471079308372,4178.427380243772,4104.30908203125,4104.30908203125,6241,0.0,0.0
2025-04-04 00:00:00+09:00,4030.1906148545972,4099.676603772792,3993.1312346163622,4020.925537109375,14348,0.0,0.0
2025-04-07 00:00:00+09:00,3979.233723435765,4007.02849041128,3854.1591335311955,3895.8505859375,14256,0.0,0.0
2025-04-08 00:00:00+09:00,3868.056462527864,3909.7479168548207,3830.997314453125,3830.997314453125,11027,0.0,0.0
2025-04-09 00:00:00+09:00,3780.0407822504003,3844.894465895444,3775.408475998183,3830.997314453125,6149,0.0,0.0
2025-04-10 00:00:00+09:00,3900.4833411596114,4039.455322265625,3854.1593474576066,4039.455322265625,14041,0.0,0.0
2025-04-11 00:00:00+09:00,4030.190728943583,4030.190728943583,3886.5862081693417,3993.13134765625,5276,0.0,0.0
2025-04-14 00:00:00+09:00,4030.190730388594,4030.190730388594,3942.175048828125,3942.175048828125,4768,0.0,0.0
2025-04-15 00:00:00+09:00,4011.6609246760117,4011.6609246760117,3895.85071046174,3919.012939453125,15185,0.0,0.0
2025-04-16 00:00:00+09:00,4030.1905342410732,4030.1905342410732,3854.1591796875,3854.1591796875,6327,0.0,0.0
2025-04-17 00:00:00+09:00,3895.85071046174,3923.645245640004,3872.6887141560182,3919.012939453125,4416,0.0,0.0
2025-04-18 00:00:00+09:00,3979.2338687079296,3983.866640287188,3919.012957262189,3974.6015625,5411,0.0,0.0
2025-04-21 00:00:00+09:00,3997.7636539743316,4062.617338541495,3960.7047380583385,3993.13134765625,4690,0.0,0.0
2025-04-22 00:00:00+09:00,3960.704513915606,4020.9254233853485,3960.704513915606,3997.763427734375,1802,0.0,0.0
2025-04-23 00:00:00+09:00,4030.190380762544,4187.692039569629,4002.395614512653,4118.2060546875,18686,0.0,0.0
2025-04-24 00:00:00+09:00,4113.57373046875,4132.103421525417,4062.6174290914287,4113.57373046875,6877,0.0,0.0
2025-04-25 00:00:00+09:00,4113.573338054722,4136.735798694486,4076.51442484797,4132.10302734375,2395,0.0,0.0
2025-04-28 00:00:00+09:00,4136.735876148922,4159.897871851057,4118.206186512952,4146.00048828125,10147,0.0,0.0
2025-04-29 00:00:00+09:00,4146.000637095386,4178.42724609375,4146.000637095386,4178.42724609375,5152,0.0,0.0
2025-04-30 00:00:00+09:00,4178.42719195474,4178.42719195474,4104.30889708215,4164.5302734375,2075,0.0,0.0
2025-05-02 00:00:00+09:00,4118.206298796486,4206.2219779386205,4090.4115308990445,4169.16259765625,2633,0.0,0.0
2025-05-07 00:00:00+09:00,4169.16259765625,4919.612023460626,4127.4709111814145,4169.16259765625,396025,0.0,0.0
2025-05-08 00:00:00+09:00,4261.810582990849,4261.810582990849,4150.632907515064,4169.16259765625,9557,0.0,0.0
2025-05-09 00:00:00+09:00,4169.162537143357,4169.162537143357,4030.1905611585535,4057.98486328125,26055,0.0,0.0
2025-05-12 00:00:00+09:00,4011.661003347364,4238.648664669081,4011.661003347364,4183.06005859375,21149,0.0,0.0
2025-05-13 00:00:00+09:00,4220.118799910297,4275.707869061324,4141.368200327154,4150.6328125,9261,0.0,0.0
2025-05-14 00:00:00+09:00,4164.530099942376,4261.810386995644,4132.10302734375,4132.10302734375,13179,0.0,0.0
2025-05-15 00:00:00+09:00,4132.103328791427,4210.8543976720675,4127.471022474058,4192.32470703125,9229,0.0,0.0
2025-05-16 00:00:00+09:00,4215.4865903235495,4215.4865903235495,4118.206298796486,4169.16259765625,6685,0.0,0.0
2025-05-19 00:00:00+09:00,4169.16252040998,4183.05990410121,4104.308838803105,4155.26513671875,1987,0.0,0.0
2025-05-20 00:00:00+09:00,4132.10306844693,4210.854132365834,4062.6170819503554,4136.73583984375,8874,0.0,0.0
2025-05-21 00:00:00+09:00,4099.676608655301,4224.751202708479,4099.676608655301,4169.16259765625,20651,0.0,0.0
2025-05-22 00:00:00+09:00,4169.162821254527,4266.443117998875,4169.162821254527,4215.48681640625,15356,0.0,0.0
2025-05-23 00:00:00+09:00,4215.486780772239,4266.443081934124,4104.309100273632,4206.22216796875,19438,0.0,0.0
2025-05-26 00:00:00+09:00,4261.810354861125,4261.810354861125,4132.102996187239,4224.7509765625,14584,0.0,0.0
2025-05-27 00:00:00+09:00,4201.589431712192,4275.708196252031,4141.368517237764,4215.48681640625,19746,0.0,0.0
2025-05-28 00:00:00+09:00,4169.162561523385,4257.178239902715,4155.265177695109,4159.89794921875,3340,0.0,0.0
2025-05-29 00:00:00+09:00,4243.280777155952,4243.280777155952,4132.103104711444,4146.00048828125,5326,0.0,0.0
2025-05-30 00:00:00+09:00,4150.632794347414,4224.751087519981,4146.00048828125,4146.00048828125,6631,0.0,0.0
2025-06-02 00:00:00+09:00,4215.486456910189,4215.486456910189,4118.20616846189,4141.3681640625,4359,0.0,0.0
2025-06-04 00:00:00+09:00,4771.375076455098,5382.8520728234735,4549.019720435445,4586.0791015625,3929020,0.0,0.0
2025-06-05 00:00:00+09:00,4516.593110977776,4623.138017318217,4386.885742404422,4586.0791015625,336739,0.0,0.0
2025-06-09 00:00:00+09:00,4586.078935252681,4762.110291165573,4326.664207513403,4650.9326171875,129745,0.0,0.0
2025-06-10 00:00:00+09:00,4697.256452404171,4697.256452404171,4484.165723822575,4623.1376953125,113874,0.0,0.0
2025-06-11 00:00:00+09:00,4623.137790813063,4697.256549435811,4581.446105430595,4641.66748046875,57309,0.0,0.0
2025-06-12 00:00:00+09:00,4706.521106208573,4706.521106208573,4576.813745516008,4627.7705078125,65448,0.0,0.0
2025-06-13 00:00:00+09:00,4590.711350036649,4641.667649416007,4447.106599006638,4474.9013671875,78005,0.0,0.0
2025-06-16 00:00:00+09:00,4474.9013671875,4498.063363757329,4405.415377478011,4474.9013671875,38723,0.0,0.0
2025-06-17 00:00:00+09:00,4498.0634765625,4558.284389931515,4433.20979146627,4498.0634765625,36495,0.0,0.0
2025-06-18 00:00:00+09:00,4447.106504377668,4493.43049653161,4442.4741982365385,4456.37158203125,22136,0.0,0.0
2025-06-19 00:00:00+09:00,4456.371785072883,4632.403149426748,4447.106706997165,4599.97607421875,28118,0.0,0.0
2025-06-20 00:00:00+09:00,4627.770901953345,4632.403208364468,4428.577537932877,4609.2412109375,58209,0.0,0.0
2025-06-23 00:00:00+09:00,4595.34375,4697.256816208603,4511.9603744994465,4595.34375,28749,0.0,0.0
2025-06-24 00:00:00+09:00,4595.343547512803,4789.904593317261,4590.711241382742,4650.9326171875,56989,0.0,0.0
2025-06-25 00:00:00+09:00,4627.770621165873,4715.785833750998,4544.387249339488,4650.9326171875,42624,0.0,0.0
2025-06-26 00:00:00+09:00,4613.873440708049,4632.403131416099,4511.9603744994465,4595.34375,30811,0.0,0.0
2025-06-27 00:00:00+09:00,4595.343655169417,4627.7707295821665,4484.165978586749,4576.81396484375,22879,0.0,0.0
2025-06-30 00:00:00+09:00,4576.8136686222315,4641.667347878925,4562.916750805919,4613.873046875,10471,0.0,0.0
2025-07-01 00:00:00+09:00,4641.667633505039,4771.375,4558.284259990945,4771.375,67730,0.0,0.0
2025-07-02 00:00:00+09:00,4808.434090271582,4817.698702159964,4641.667353310287,4715.78564453125,133941,0.0,0.0
2025-07-03 00:00:00+09:00,4669.461877957044,4771.374940466152,4609.240967056108,4660.197265625,44318,0.0,0.0
2025-07-04 00:00:00+09:00,4627.77080476319,4660.197414331399,4493.4306640625,4493.4306640625,63846,0.0,0.0
2025-07-07 00:00:00+09:00,4493.43049653161,4493.43049653161,4423.944508300697,4456.37158203125,21994,0.0,0.0
2025-07-08 00:00:00+09:00,4456.37158203125,4516.592957979903,4437.841892095408,4456.37158203125,20520,0.0,0.0
2025-07-09 00:00:00+09:00,4516.592861069775,4516.592861069775,4428.577184791527,4437.841796875,19464,0.0,0.0
2025-07-10 00:00:00+09:00,4484.165884249351,4484.165884249351,4405.415283736178,4456.37158203125,22822,0.0,0.0
2025-07-11 00:00:00+09:00,4456.37158203125,4535.122182544422,4437.841892095408,4456.37158203125,6593,0.0,0.0
2025-07-14 00:00:00+09:00,4456.371712592591,4539.755087061154,4456.371712592591,4484.166015625,8951,0.0,0.0
2025-07-15 00:00:00+09:00,4539.755087061154,4539.755087061154,4447.106634667564,4484.166015625,17923,0.0,0.0
2025-07-16 00:00:00+09:00,4484.165737229114,4613.873097156025,4456.371435922291,4525.857421875,9483,0.0,0.0
2025-07-17 00:00:00+09:00,4544.387414137398,4590.711407860547,4456.371732989146,4586.0791015625,7367,0.0,0.0
2025-07-18 00:00:00+09:00,4613.87321283953,4632.4029026324415,4484.16584966047,4549.01953125,21646,0.0,0.0
2025-07-21 00:00:00+09:00,4549.01941719257,4572.181412510139,4493.430349207619,4525.857421875,6828,0.0,0.0
2025-07-22 00:00:00+09:00,4525.857393928287,4562.916772356083,4405.415112094906,4423.9443359375,15735,0.0,0.0
2025-07-23 00:00:00+09:00,4470.268448155032,4553.651819205119,4433.209534088241,4544.38720703125,22746,0.0,0.0
2025-07-24 00:00:00+09:00,4553.651686423679,4590.7110647811605,4484.165701031878,4516.5927734375,11808,0.0,0.0
2025-07-25 00:00:00+09:00,4516.593221000989,4558.284444070342,4451.73953513449,4511.96044921875,9636,0.0,0.0
2025-07-28 00:00:00+09:00,4558.284099467584,4558.284099467584,4372.988134069449,4442.47412109375,11712,0.0,0.0
2025-07-29 00:00:00+09:00,4456.371636095514,4511.960241206111,4363.7236506636345,4470.2685546875,13214,0.0,0.0
2025-07-30 00:00:00+09:00,4447.1067281762325,4530.490104398086,4372.9884300742215,4502.69580078125,6143,0.0,0.0
2025-07-31 00:00:00+09:00,4502.695557364041,4609.240925068604,4410.047573402271,4553.65185546875,22499,0.0,0.0
2025-08-01 00:00:00+09:00,4530.489851458014,4549.019541291828,4345.193883862503,4354.45849609375,23088,0.0,0.0
2025-08-04 00:00:00+09:00,4354.458760334953,4808.4345600123725,4271.075849079847,4308.134765625,208825,0.0,0.0
2025-08-05 00:00:00+09:00,4271.07566539825,4391.517953390123,4271.07566539825,4368.35595703125,15927,0.0,0.0
2025-08-06 00:00:00+09:00,4331.29638671875,4391.517760758775,4312.76669737018,4331.29638671875,7359,0.0,0.0
2025-08-07 00:00:00+09:00,4331.296404923714,4377.620395804191,4294.237491442119,4335.9287109375,2217,0.0,0.0
2025-08-08 00:00:00+09:00,4335.928900774549,4391.517971487726,4303.502291887027,4372.98828125,8810,0.0,0.0
2025-08-11 00:00:00+09:00,4372.988192247798,4511.960168145286,4331.296506404287,4451.7392578125,16796,0.0,0.0
2025-08-12 00:00:00+09:00,4451.739522059283,4502.695823172101,4345.1941480650175,4405.41552734375,10217,0.0,0.0
2025-08-13 00:00:00+09:00,4405.41515304764,4447.106372452342,4372.98808027905,4428.5771484375,3155,0.0,0.0
2025-08-14 00:00:00+09:00,4428.577409560182,4493.430628178691,4386.8857223259,4484.166015625,6425,0.0,0.0
2025-08-18 00:00:00+09:00,4493.430381694536,4493.430381694536,4289.60472835203,4433.20947265625,20082,0.0,0.0
2025-08-19 00:00:00+09:00,4391.518087574177,4433.209775368315,4294.23779296875,4294.23779296875,33092,0.0,0.0
2025-08-20 00:00:00+09:00,4294.237427215248,4294.237427215248,4169.162374485864,4224.7509765625,17822,0.0,0.0
2025-08-21 00:00:00+09:00,4229.384165348821,4261.81077553238,4161.750816546498,4206.22216796875,4440,0.0,0.0
2025-08-22 00:00:00+09:00,4201.588981468685,4289.604655899443,4183.059757690675,4224.7509765625,6471,0.0,0.0
2025-08-25 00:00:00+09:00,4261.810697905811,4261.810697905811,4127.471022474058,4192.32470703125,15494,0.0,0.0
2025-08-26 00:00:00+09:00,4192.32470703125,4210.8543976720675,4150.633019432245,4192.32470703125,5373,0.0,0.0
2025-08-27 00:00:00+09:00,4192.324498020442,4192.324498020442,4127.470816696568,4150.6328125,10249,0.0,0.0
2025-08-28 00:00:00+09:00,4150.633112595969,4243.281102508263,4122.838808696551,4210.8544921875,6194,0.0,0.0
2025-08-29 00:00:00+09:00,4215.486405722362,4266.44270235069,4173.794721073256,4229.3837890625,1902,0.0,0.0
2025-09-01 00:00:00+09:00,4229.384124352493,4354.458722843959,4132.103364002081,4201.58935546875,7883,0.0,0.0
2025-09-02 00:00:00+09:00,4210.854492173414,4210.854492173414,4076.5148137267665,4113.57373046875,9554,0.0,0.0
2025-09-03 00:00:00+09:00,4113.57371307712,4206.22216796875,4076.514796491817,4206.22216796875,4019,0.0,0.0
2025-09-04 00:00:00+09:00,4243.280820838479,4252.5458984375,4159.897914675196,4252.5458984375,3637,0.0,0.0
2025-09-05 00:00:00+09:00,4252.54604993224,4396.1503368053745,4173.7949817060235,4382.25341796875,28630,0.0,0.0
2025-09-08 00:00:00+09:00,4382.253175663452,4474.901157603562,4294.237499746084,4433.20947265625,21193,0.0,0.0
2025-09-09 00:00:00+09:00,4386.885683311379,4442.474288881823,4322.031999898306,4377.62060546875,4920,0.0,0.0
2025-09-10 00:00:00+09:00,4335.929033425379,4377.62072139292,4294.237810829183,4298.8701171875,12280,0.0,0.0
2025-09-11 00:00:00+09:00,4298.8700404482115,4326.6643434733005,4224.751278552862,4284.97265625,8430,0.0,0.0
2025-09-12 00:00:00+09:00,4280.3401408558675,4308.134442523049,4215.486460051568,4243.28076171875,9444,0.0,0.0
2025-09-15 00:00:00+09:00,4215.486626695879,4257.17831353044,4178.42724609375,4178.42724609375,9417,0.0,0.0
2025-09-16 00:00:00+09:00,4173.794711901238,4178.427017880668,4104.30872609586,4132.10302734375,7771,0.0,0.0
2025-09-17 00:00:00+09:00,4169.1624059218075,4169.1624059218075,4090.411342786262,4132.10302734375,11540,0.0,0.0
2025-09-18 00:00:00+09:00,4136.735979714848,4141.368285896985,4016.293226751334,4087.63232421875,53439,0.0,0.0
2025-09-22 00:00:00+09:00,4122.838772927217,4146.0007702043395,4053.35278109585,4104.30908203125,10316,0.0,0.0
2025-09-23 00:00:00+09:00,4122.838491212208,4122.838491212208,4053.3525041288426,4095.044189453125,3356,0.0,0.0
2025-09-24 00:00:00+09:00,4099.676495517753,4122.838491212208,4053.3525041288426,4095.044189453125,6447,0.0,0.0
2025-09-25 00:00:00+09:00,4136.735874777407,4136.735874777407,4039.455120563644,4095.044189453125,8315,0.0,0.0
2025-09-26 00:00:00+09:00,4099.676681069194,4132.103290360535,3983.8666973553572,4085.779296875,6077,0.0,0.0
2025-09-29 00:00:00+09:00,4044.087426628272,4118.20618514758,4044.087426628272,4095.044189453125,5068,0.0,0.0
2025-09-30 00:00:00+09:00,4122.8386233048905,4122.8386233048905,4057.9849402082896,4071.88232421875,4006,0.0,0.0
2025-10-01 00:00:00+09:00,4057.984810193471,4118.20618514758,3965.3368274156505,4095.044189453125,8583,0.0,0.0
2025-10-02 00:00:00+09:00,4062.617301070347,4127.470985039338,4002.3959233767114,4034.822998046875,12247,0.0,0.0
2025-10-10 00:00:00+09:00,4076.5146484375,4132.103253982215,3993.1312747490956,4076.5146484375,49500,0.0,0.0
2025-10-13 00:00:00+09:00,4076.514612321651,4169.16259765625,4076.514612321651,4169.16259765625,24567,0.0,0.0
2025-10-14 00:00:00+09:00,4169.1624059218075,4261.810386995644,4132.10302734375,4132.10302734375,15969,0.0,0.0
2025-10-15 00:00:00+09:00,4224.7511413887505,4224.7511413887505,4016.293177411545,4057.98486328125,25308,0.0,0.0
2025-10-16 00:00:00+09:00,4025.558366866561,4159.898040458199,4007.0286764795533,4081.14697265625,14692,0.0,0.0
2025-10-17 00:00:00+09:00,3997.7636539743316,4118.206410472495,3969.969350694502,3993.13134765625,18292,0.0,0.0
2025-10-20 00:00:00+09:00,3997.7635774457094,4016.293267734665,3891.21843999838,3928.277587890625,30115,0.0,0.0
2025-10-21 00:00:00+09:00,3946.8071824130657,4034.822860121467,3900.483190500362,3909.747802734375,32149,0.0,0.0
2025-10-22 00:00:00+09:00,3914.3807354554356,3914.3807354554356,3844.8945120385933,3891.218505859375,21170,0.0,0.0
2025-10-23 00:00:00+09:00,3895.850746667883,3895.850746667883,3835.6296022504735,3877.3212890625,30875,0.0,0.0
2025-10-24 00:00:00+09:00,3881.9536605580847,3919.013041763246,3821.7325151282025,3891.218505859375,23895,0.0,0.0
2025-10-27 00:00:00+09:00,3895.8506325930894,3923.6451672158078,3849.526640907551,3854.1591796875,19950,0.0,0.0
2025-10-28 00:00:00+09:00,3844.894376683104,4011.660888178479,3798.57038449311,3960.70458984375,12431,0.0,0.0
2025-10-29 00:00:00+09:00,3946.8072000898483,4067.2494865280455,3844.8943708883257,3863.423828125,31492,0.0,0.0
2025-10-30 00:00:00+09:00,3868.056425745541,3928.277569880043,3854.159274435374,3923.645263671875,9504,0.0,0.0
2025-10-31 00:00:00+09:00,3928.277533730995,4007.0286000304723,3914.380615234375,3914.380615234375,7360,0.0,0.0
2025-11-03 00:00:00+09:00,3914.3805786470193,3983.866566594613,3742.981529153496,3761.510986328125,46282,0.0,0.0
2025-11-04 00:00:00+09:00,3761.511145992159,3798.5705272857886,3738.349149026476,3793.93798828125,8839,0.0,0.0
2025-11-05 00:00:00+09:00,3793.9378444438044,4586.0789483065855,3664.230712890625,3664.230712890625,979945,0.0,0.0
2025-11-06 00:00:00+09:00,3673.4954651415696,3701.2900011170373,3571.5826319361954,3594.74462890625,78532,0.0,0.0
2025-11-07 00:00:00+09:00,3594.74462890625,3627.1714712014605,3543.7883286463975,3594.74462890625,30393,0.0,0.0
2025-11-10 00:00:00+09:00,3557.6854725958788,3692.0251478058817,3557.6854725958788,3641.06884765625,14914,0.0,0.0
2025-11-11 00:00:00+09:00,3631.803825676634,3738.348959788243,3631.803825676634,3705.922119140625,25687,0.0,0.0
2025-11-12 00:00:00+09:00,3705.9222719265604,4113.573600841935,3705.9222719265604,4034.822998046875,162914,0.0,0.0
2025-11-13 00:00:00+09:00,3993.1312346163622,4146.000596384922,3868.0564080264785,4020.925537109375,59795,0.0,0.0
2025-11-14 00:00:00+09:00,4020.925537109375,4104.30890995974,3900.483249392102,4020.925537109375,16731,0.0,0.0
2025-11-17 00:00:00+09:00,3983.866658318977,4377.620599087781,3872.688749283148,3979.23388671875,193665,0.0,0.0
2025-11-18 00:00:00+09:00,3974.6015444383265,3974.6015444383265,3817.099876485154,3919.012939453125,19288,0.0,0.0
2025-11-19 00:00:00+09:00,3868.056508948984,3900.4833511606653,3784.6731339230414,3891.218505859375,13164,0.0,0.0
2025-11-20 00:00:00+09:00,3858.7915694333306,3891.218410853294,3826.3647280133673,3872.688720703125,7788,0.0,0.0
2025-11-21 00:00:00+09:00,3826.364832024132,3863.4239806461715,3724.45199879927,3742.981689453125,31372,0.0,0.0
2025-11-24 00:00:00+09:00,3780.040771484375,3784.673077723399,3617.9065628335443,3780.040771484375,25929,0.0,0.0
2025-11-25 00:00:00+09:00,3780.0408276152307,3951.4396512892577,3719.8196821853485,3891.218505859375,31897,0.0,0.0
2025-11-26 00:00:00+09:00,3895.8508044928617,3974.601640370196,3826.3648138985677,3937.542724609375,18249,0.0,0.0
2025-11-27 00:00:00+09:00,3937.542724609375,3951.439643505431,3840.2619654802925,3937.542724609375,6709,0.0,0.0
2025-11-28 00:00:00+09:00,3937.5425701790527,3974.601484486424,3826.3646638286405,3909.747802734375,22302,0.0,0.0
2025-12-01 00:00:00+09:00,3909.7478261376987,4039.4551904182113,3868.056372778101,3960.70458984375,17638,0.0,0.0
2025-12-02 00:00:00+09:00,3956.071890202938,4044.08757003729,3854.1592916818977,3979.23388671875,22634,0.0,0.0
2025-12-03 00:00:00+09:00,3951.4396024830858,3979.2339053579863,3914.380687106997,3932.909912109375,7135,0.0,0.0
2025-12-04 00:00:00+09:00,3932.9097804601456,3974.6014660625856,3863.423792913185,3905.115478515625,11215,0.0,0.0
2025-12-05 00:00:00+09:00,3905.1154451304824,4030.1905008685258,3868.056298626057,3997.763427734375,7991,0.0,0.0
2025-12-08 00:00:00+09:00,3983.866677668613,4002.3959026741945,3868.056461841398,3881.95361328125,20399,0.0,0.0
2025-12-09 00:00:00+09:00,3835.6295552155116,3891.2183927213255,3761.5110276458718,3868.056396484375,46692,0.0,0.0
2025-12-10 00:00:00+09:00,3868.056348824006,3909.747801925417,3798.570360969328,3858.79150390625,11959,0.0,0.0
2025-12-11 00:00:00+09:00,3844.894352055615,3854.1591969714023,3793.9378213616137,3807.835205078125,23742,0.0,0.0
2025-12-12 00:00:00+09:00,3817.0998022134836,3965.3368549085585,3793.937806358439,3956.07177734375,20120,0.0,0.0
2025-12-15 00:00:00+09:00,3900.483255928378,4039.455233997652,3830.997266893741,3872.688720703125,45000,0.0,0.0
2025-12-16 00:00:00+09:00,3844.8943348132607,3923.6451672158078,3807.835188001962,3854.1591796875,26014,0.0,0.0
2025-12-17 00:00:00+09:00,3821.732421818657,3919.012946078547,3812.467576743573,3872.688720703125,17349,0.0,0.0
2025-12-18 00:00:00+09:00,3872.6886367503203,3895.8506325930894,3770.7758085050036,3854.1591796875,20049,0.0,0.0
2025-12-19 00:00:00+09:00,3840.2618140707386,3863.4238100222983,3812.467512003131,3858.79150390625,9284,0.0,0.0
2025-12-22 00:00:00+09:00,3872.688621041883,3979.23375494932,3789.3054828832646,3951.439453125,33585,0.0,0.0
2025-12-23 00:00:00+09:00,3909.7477664448957,3969.969141520976,3835.629473146784,3900.483154296875,21683,0.0,0.0
2025-12-24 00:00:00+09:00,3900.4832851428578,3928.277587890625,3807.8352990694116,3928.277587890625,15656,0.0,0.0
2025-12-26 00:00:00+09:00,3928.2775584679675,3928.2775584679675,3821.732421818657,3872.688720703125,28292,0.0,0.0
2025-12-29 00:00:00+09:00,3821.7322915539785,3844.894287109375,3729.084076646736,3844.894287109375,27856,0.0,0.0
2025-12-30 00:00:00+09:00,3821.732325167978,3821.732325167978,3724.451803368289,3752.246337890625,23957,0.0,0.0
2026-01-02 00:00:00+09:00,3752.246356009446,3840.261800707707,3729.0841274528248,3756.878662109375,24800,0.0,0.0
2026-01-05 00:00:00+09:00,3747.613911611915,3844.8944363314754,3733.716760276453,3826.36474609375,29545,0.0,0.0
2026-01-06 00:00:00+09:00,3798.570443422827,3886.586123023525,3668.863077130079,3826.36474609375,15567,0.0,0.0
2026-01-07 00:00:00+09:00,3826.36466222404,3854.1591969714023,3705.9221436901225,3807.835205078125,21687,0.0,0.0
2026-01-08 00:00:00+09:00,3807.8352589958913,3826.3647164041777,3659.5982036156206,3719.819580078125,19850,0.0,0.0
2026-01-09 00:00:00+09:00,3692.0249682018343,3719.8195027650745,3645.700976615425,3705.922119140625,23072,0.0,0.0
2026-01-12 00:00:00+09:00,3678.1277862822526,3710.5546266567403,3631.8037950860294,3650.333251953125,10849,0.0,0.0
2026-01-13 00:00:00+09:00,3631.803825676634,3715.1869639950387,3631.803825676634,3705.922119140625,12813,0.0,0.0
2026-01-14 00:00:00+09:00,3678.12789370957,3719.819580078125,3654.9658974349645,3719.819580078125,8322,0.0,0.0
2026-01-15 00:00:00+09:00,3692.0250628182466,3752.246439572413,3645.7010700446817,3724.451904296875,6865,0.0,0.0
2026-01-16 00:00:00+09:00,3724.451843848261,3724.451843848261,3599.377018852492,3613.274169921875,51542,0.0,0.0
2026-01-19 00:00:00+09:00,3613.274254331112,3617.906560567234,3515.9937292015516,3529.89111328125,28523,0.0,0.0
2026-01-20 00:00:00+09:00,3534.523273962567,3659.598096729501,3511.3612783644558,3650.333251953125,11696,0.0,0.0
2026-01-21 00:00:00+09:00,3650.333430799495,3650.333430799495,3553.053137595487,3636.436279296875,3432,0.0,0.0
2026-01-22 00:00:00+09:00,3641.0686382574863,3641.0686382574863,3543.7881171769036,3599.376953125,12395,0.0,0.0
2026-01-23 00:00:00+09:00,3571.582548748239,3641.068770725626,3571.582548748239,3627.17138671875,15780,0.0,0.0
2026-01-26 00:00:00+09:00,3627.1714811737443,3659.5983235581066,3539.1557993712845,3645.701171875,32840,0.0,0.0
2026-01-27 00:00:00+09:00,3645.701058823798,3678.1279002026217,3608.6419112561407,3673.495361328125,7582,0.0,0.0
2026-01-28 00:00:00+09:00,3678.1277992421524,3705.922100983557,3576.2149717142397,3701.289794921875,20286,0.0,0.0
2026-01-29 00:00:00+09:00,3701.2898899841757,3756.878727580361,3599.3770598387787,3719.819580078125,36575,0.0,0.0
2026-01-30 00:00:00+09:00,3692.0251179930233,3756.8788019194735,3613.2742825639525,3636.436279296875,7929,0.0,0.0
2026-02-02 00:00:00+09:00,3636.436116483723,3738.348944082801,3553.052978515625,3553.052978515625,16917,0.0,0.0
2026-02-03 00:00:00+09:00,3585.479988799603,3752.2465053178557,3557.6854530370597,3738.34912109375,21995,0.0,0.0
2026-02-04 00:00:00+09:00,3710.5546359328805,3817.099769413418,3673.495256734731,3798.5703125,18736,0.0,0.0
2026-02-05 00:00:00+09:00,3789.3056346498224,3789.3056346498224,3641.068809383172,3784.673095703125,7385,0.0,0.0
2026-02-06 00:00:00+09:00,3780.0406267700646,3780.0406267700646,3604.0092734556447,3701.289794921875,14540,0.0,0.0
2026-02-09 00:00:00+09:00,3701.2898557043786,4030.1905720546965,3664.230708545369,3863.423828125,108831,0.0,0.0
2026-02-10 00:00:00+09:00,3942.17482667296,3942.17482667296,3766.143473471996,3849.526611328125,22109,0.0,0.0
2026-02-11 00:00:00+09:00,3849.5267425480743,3849.5267425480743,3761.511062947376,3826.36474609375,12056,0.0,0.0
2026-02-12 00:00:00+09:00,3793.937773757403,3868.0562994680454,3770.775778101388,3798.5703125,10899,0.0,0.0
2026-02-13 00:00:00+09:00,3807.835306975517,3891.2184480776114,3770.775926320661,3780.040771484375,17372,0.0,0.0
2026-02-19 00:00:00+09:00,3770.77587890625,3844.8944065983164,3627.171362388556,3770.77587890625,15859,0.0,0.0
2026-02-20 00:00:00+09:00,3821.732343622333,3863.423796578669,3710.5546703674504,3756.878662109375,22628,0.0,0.0
2026-02-23 00:00:00+09:00,3756.8788396732907,3914.3807447998756,3724.4519973842,3793.93798828125,6336,0.0,0.0
2026-02-24 00:00:00+09:00,3803.2026849059016,3886.58605687075,3747.613847824556,3863.423828125,23554,0.0,0.0
2026-02-25 00:00:00+09:00,3863.423875628041,3937.5426362287158,3793.937886593404,3872.688720703125,20969,0.0,0.0
2026-02-26 00:00:00+09:00,3872.6885887015887,3932.909730608489,3756.8786109246053,3844.894287109375,8734,0.0,0.0
2026-02-27 00:00:00+09:00,3858.7916458648424,3965.3370173101725,3807.835345971077,3886.586181640625,42420,0.0,0.0
2026-03-03 00:00:00+09:00,3807.8351890241433,4067.249449458533,3807.8351890241433,3905.115478515625,36065,0.0,0.0
2026-03-04 00:00:00+09:00,3830.997370297879,3937.5427425086664,3525.2586379960862,3594.74462890625,35442,0.0,0.0
2026-03-05 00:00:00+09:00,3622.53894688264,3798.570299410283,3622.53894688264,3747.61376953125,24103,0.0,0.0
2026-03-06 00:00:00+09:00,3701.2899261886664,3817.0999086944994,3594.744556134768,3678.1279296875,42514,0.0,0.0
2026-03-09 00:00:00+09:00,3673.4952955345107,3673.4952955345107,3566.950160928634,3659.59814453125,32796,0.0,0.0
2026-03-10 00:00:00+09:00,3682.760105303834,3742.9814802196393,3594.744428646624,3701.289794921875,21578,0.0,0.0
2026-03-11 00:00:00+09:00,3747.6139766469446,3803.202815639129,3701.2899829344024,3789.3056640625,18185,0.0,0.0
2026-03-12 00:00:00+09:00,3789.305467700463,3798.5703125,3733.7166315888953,3798.5703125,16596,0.0,0.0
2026-03-13 00:00:00+09:00,3761.510951264566,3803.20263671875,3729.084110654162,3803.20263671875,31006,0.0,0.0
2026-03-16 00:00:00+09:00,3817.09996746701,4011.6610202952957,3761.511128471167,3988.4990234375,57761,0.0,0.0
2026-03-17 00:00:00+09:00,4016.293212629488,4020.9255187953368,3914.3806154955123,3965.3369140625,14623,0.0,0.0
2026-03-18 00:00:00+09:00,3974.601509243368,4062.6171875,3965.3368969516478,4062.6171875,24494,0.0,0.0
2026-03-19 00:00:00+09:00,4245.0,4250.0,4055.0,4055.0,44705,200.0,1.028711
2026-03-20 00:00:00+09:00,4050.0,4115.0,4035.0,4050.0,21382,0.0,0.0
2026-03-23 00:00:00+09:00,4050.0,4100.0,3960.0,3960.0,6604,0.0,0.0
2026-03-24 00:00:00+09:00,4010.0,4030.0,3925.0,4000.0,10081,0.0,0.0
2026-03-25 00:00:00+09:00,4010.0,4050.0,3965.0,4005.0,3350,0.0,0.0
2026-03-26 00:00:00+09:00,4050.0,4050.0,3935.0,3975.0,8979,0.0,0.0
2026-03-27 00:00:00+09:00,4045.0,4045.0,3900.0,3955.0,4614,0.0,0.0
2026-03-30 00:00:00+09:00,3900.0,3935.0,3825.0,3845.0,26572,0.0,0.0
2026-03-31 00:00:00+09:00,3820.0,3900.0,3815.0,3835.0,6821,0.0,0.0
2026-04-01 00:00:00+09:00,3875.0,3920.0,3835.0,3880.0,7379,0.0,0.0
2026-04-02 00:00:00+09:00,3880.0,3895.0,3810.0,3810.0,6760,0.0,0.0
2026-04-03 00:00:00+09:00,3890.0,3890.0,3835.0,3850.0,1946,0.0,0.0
2026-04-06 00:00:00+09:00,3850.0,3900.0,3800.0,3900.0,5164,0.0,0.0
2026-04-07 00:00:00+09:00,3915.0,3915.0,3815.0,3890.0,20936,0.0,0.0
2026-04-08 00:00:00+09:00,3905.0,4080.0,3845.0,3990.0,14073,0.0,0.0
2026-04-09 00:00:00+09:00,3980.0,3980.0,3895.0,3935.0,10581,0.0,0.0
2026-04-10 00:00:00+09:00,3955.0,3955.0,3910.0,3930.0,1706,0.0,0.0
2026-04-13 00:00:00+09:00,3925.0,3945.0,3890.0,3930.0,3202,0.0,0.0
2026-04-14 00:00:00+09:00,3955.0,3955.0,3870.0,3905.0,26435,0.0,0.0
2026-04-15 00:00:00+09:00,3955.0,3955.0,3900.0,3945.0,4255,0.0,0.0
2026-04-16 00:00:00+09:00,3945.0,4050.0,3920.0,4030.0,10214,0.0,0.0
2026-04-17 00:00:00+09:00,4015.0,4020.0,3930.0,4020.0,17892,0.0,0.0
2026-04-20 00:00:00+09:00,4015.0,4015.0,3945.0,3955.0,14335,0.0,0.0
2026-04-21 00:00:00+09:00,3955.0,3995.0,3925.0,3935.0,11755,0.0,0.0
2026-04-22 00:00:00+09:00,3935.0,3955.0,3835.0,3880.0,19865,0.0,0.0
2026-04-23 00:00:00+09:00,3890.0,3900.0,3855.0,3900.0,2221,0.0,0.0
2026-04-24 00:00:00+09:00,3865.0,4090.0,3835.0,3940.0,25554,0.0,0.0
2026-04-27 00:00:00+09:00,3930.0,4010.0,3900.0,3965.0,19729,0.0,0.0
2026-04-28 00:00:00+09:00,3965.0,3965.0,3900.0,3950.0,12516,0.0,0.0
2026-04-29 00:00:00+09:00,3950.0,3950.0,3900.0,3940.0,7989,0.0,0.0
2026-04-30 00:00:00+09:00,3940.0,3990.0,3905.0,3970.0,12383,0.0,0.0
2026-05-04 00:00:00+09:00,3995.0,4055.0,3935.0,3985.0,41824,0.0,0.0
2026-05-06 00:00:00+09:00,3985.0,4020.0,3875.0,3900.0,19919,0.0,0.0
2026-05-07 00:00:00+09:00,3900.0,3925.0,3875.0,3905.0,11728,0.0,0.0
2026-05-08 00:00:00+09:00,3920.0,3920.0,3895.0,3900.0,4669,0.0,0.0
2026-05-11 00:00:00+09:00,3895.0,3900.0,3765.0,3840.0,27644,0.0,0.0
2026-05-12 00:00:00+09:00,3835.0,3835.0,3740.0,3770.0,8295,0.0,0.0
2026-05-13 00:00:00+09:00,3780.0,3780.0,3735.0,3755.0,8633,0.0,0.0
2026-05-14 00:00:00+09:00,3760.0,3780.0,3705.0,3755.0,7557,0.0,0.0
2026-05-15 00:00:00+09:00,3755.0,3755.0,3555.0,3685.0,59487,0.0,0.0
2026-05-18 00:00:00+09:00,3720.0,3720.0,3515.0,3650.0,11482,0.0,0.0
2026-05-19 00:00:00+09:00,3620.0,3625.0,3520.0,3555.0,2572,0.0,0.0
2026-05-20 00:00:00+09:00,3555.0,3555.0,3495.0,3540.0,8817,0.0,0.0
2026-05-21 00:00:00+09:00,3530.0,3535.0,3420.0,3480.0,12004,0.0,0.0
2026-05-22 00:00:00+09:00,3515.0,3515.0,3455.0,3500.0,8235,0.0,0.0
2026-05-26 00:00:00+09:00,3520.0,3520.0,3350.0,3485.0,14642,0.0,0.0
2026-05-27 00:00:00+09:00,3420.0,3485.0,3325.0,3485.0,37747,0.0,0.0
2026-05-28 00:00:00+09:00,3480.0,3490.0,3310.0,3485.0,34820,0.0,0.0
2026-05-29 00:00:00+09:00,3485.0,3495.0,3345.0,3455.0,9376,0.0,0.0
2026-06-01 00:00:00+09:00,3455.0,3455.0,3230.0,3435.0,24838,0.0,0.0
2026-06-02 00:00:00+09:00,3435.0,3435.0,3265.0,3385.0,30022,0.0,0.0
2026-06-04 00:00:00+09:00,3380.0,3380.0,3295.0,3345.0,15619,0.0,0.0
2026-06-05 00:00:00+09:00,3320.0,3350.0,3245.0,3350.0,32994,0.0,0.0
2026-06-08 00:00:00+09:00,3315.0,3410.0,3205.0,3205.0,46652,0.0,0.0
2026-06-09 00:00:00+09:00,3205.0,3410.0,3185.0,3305.0,32867,0.0,0.0
2026-06-10 00:00:00+09:00,3350.0,3405.0,3195.0,3230.0,17350,0.0,0.0
2026-06-11 00:00:00+09:00,3205.0,3300.0,3205.0,3285.0,7392,0.0,0.0
2026-06-12 00:00:00+09:00,3240.0,3400.0,3240.0,3280.0,13554,0.0,0.0
